gbifID	datasetKey	occurrenceID	kingdom	phylum	class	order	family	genus	species	infraspecificEpithet	taxonRank	scientificName	verbatimScientificName	verbatimScientificNameAuthorship	countryCode	locality	stateProvince	occurrenceStatus	individualCount	publishingOrgKey	decimalLatitude	decimalLongitude	coordinateUncertaintyInMeters	coordinatePrecision	elevation	elevationAccuracy	depth	depthAccuracy	eventDate	day	month	year	taxonKey	speciesKey	basisOfRecord	institutionCode	collectionCode	catalogNumber	recordNumber	identifiedBy	dateIdentified	license	rightsHolder	recordedBy	typeStatus	establishmentMeans	lastInterpreted	mediaType	issue
694158199	d7cfd2ed-8af4-427f-a16e-eb66b7e2c419	22547	Fungi	Basidiomycota	Agaricomycetes	Polyporales	Polyporaceae	Neofavolus	Neofavolus alveolaris		SPECIES	Polyporus alveolaris (DC.) Bondartsev & Singer	Polyporus alveolaris (DC.) Bondartsev & Singer	(DC.) Bondartsev & Singer	CA	Forest Ranger School	Ontario	PRESENT		ff418020-1d67-11d9-8435-b8a03c50a862	45.159467	-78.8451	450.0						1961-09-10	10	9	1961	5246821	7865386	PRESERVED_SPECIMEN	Royal Ontario Museum	TRTC	TRTC041537		Cain, R.F.		CC0_1_0	Royal Ontario Museum	Cain, R.F.;			2024-01-25T00:59:39.904Z		COORDINATE_ROUNDED;AMBIGUOUS_INSTITUTION
694157257	d7cfd2ed-8af4-427f-a16e-eb66b7e2c419	15459	Fungi	Basidiomycota	Agaricomycetes	Polyporales	Polyporaceae	Neofavolus	Neofavolus alveolaris		SPECIES	Polyporus alveolaris (DC.) Bondartsev & Singer	Polyporus alveolaris (DC.) Bondartsev & Singer	(DC.) Bondartsev & Singer	CA	Bigwin Island, Lake of Bays	Ontario	PRESENT		ff418020-1d67-11d9-8435-b8a03c50a862	45.242866	-79.027061	1660.0						1971-07-24	24	7	1971	5246821	7865386	PRESERVED_SPECIMEN	Royal Ontario Museum	TRTC	TRTC048988		Cain, R.F.		CC0_1_0	Royal Ontario Museum	Tekauz, A.; R. Tekauz			2024-01-25T00:59:40.292Z		COORDINATE_ROUNDED;AMBIGUOUS_INSTITUTION
694157163	d7cfd2ed-8af4-427f-a16e-eb66b7e2c419	14807	Fungi	Basidiomycota	Agaricomycetes	Polyporales	Polyporaceae	Neofavolus	Neofavolus alveolaris		SPECIES	Polyporus alveolaris (DC.) Bondartsev & Singer	Polyporus alveolaris (DC.) Bondartsev & Singer	(DC.) Bondartsev & Singer	CA	S of Dorset	Ontario	PRESENT		ff418020-1d67-11d9-8435-b8a03c50a862	45.23936	-78.888359	1499.0						1963-09-12	12	9	1963	5246821	7865386	PRESERVED_SPECIMEN	Royal Ontario Museum	TRTC	TRTC042675		Luck-Allen, E.R.		CC0_1_0	Royal Ontario Museum	Luck-Allen, E.R.			2024-01-25T00:59:41.123Z		COORDINATE_ROUNDED;AMBIGUOUS_INSTITUTION
694156734	d7cfd2ed-8af4-427f-a16e-eb66b7e2c419	12216	Fungi	Basidiomycota	Agaricomycetes	Polyporales	Polyporaceae	Neofavolus	Neofavolus alveolaris		SPECIES	Polyporus alveolaris (DC.) Bondartsev & Singer	Polyporus alveolaris (DC.) Bondartsev & Singer	(DC.) Bondartsev & Singer	CA	Algonquin Provincial Park, Costello Lake	Ontario	PRESENT		ff418020-1d67-11d9-8435-b8a03c50a862	45.597645	-78.32149	648.0						1939-08-29	29	8	1939	5246821	7865386	PRESERVED_SPECIMEN	Royal Ontario Museum	TRTC	TRTC015649		Cain, R.F.		CC0_1_0	Royal Ontario Museum	Cain, R.F.			2024-01-25T00:59:41.573Z		COORDINATE_ROUNDED;AMBIGUOUS_INSTITUTION
617554701	21705170-d2b6-42de-8904-c3bca4b83591	CMMF000475	Fungi	Basidiomycota	Agaricomycetes	Polyporales	Polyporaceae	Neofavolus	Neofavolus alveolaris		SPECIES	Polyporus mori (Pollini) Fr.	Polyporus mori (Pollini) Fr.	(Pollini) Fr.	CA	Mirabel	Québec	PRESENT		ff7bd5db-b724-4932-b496-10ea298851f9	45.659599	-74.064294	18500.0						1989-06-02	2	6	1989	5246825	7865386	PRESERVED_SPECIMEN	Université de Montréal Biodiversity Centre	CMMF	CMMF000475		Lamoureux, Yves		CC0_1_0	Université de Montréal Biodiversity Centre	Alary, Antoine			2024-01-24T16:38:19.985Z	StillImage	INSTITUTION_MATCH_FUZZY;COLLECTION_MATCH_FUZZY;DIFFERENT_OWNER_INSTITUTION
617551542	21705170-d2b6-42de-8904-c3bca4b83591	CMMF000275	Fungi	Basidiomycota	Agaricomycetes	Polyporales	Polyporaceae	Neofavolus	Neofavolus alveolaris		SPECIES	Polyporus mori (Pollini) Fr.	Polyporus mori (Pollini) Fr.	(Pollini) Fr.	CA	Montréal	Québec	PRESENT		ff7bd5db-b724-4932-b496-10ea298851f9	45.509625	-73.662984	25000.0						1988-08-31	31	8	1988	5246825	7865386	PRESERVED_SPECIMEN	Université de Montréal Biodiversity Centre	CMMF	CMMF000275		Lamoureux, Yves		CC0_1_0	Université de Montréal Biodiversity Centre	Lamoureux, Yves			2024-01-24T16:38:20.692Z	StillImage	INSTITUTION_MATCH_FUZZY;COLLECTION_MATCH_FUZZY;DIFFERENT_OWNER_INSTITUTION
617550605	21705170-d2b6-42de-8904-c3bca4b83591	CMMF002350	Fungi	Basidiomycota	Agaricomycetes	Polyporales	Polyporaceae	Neofavolus	Neofavolus alveolaris		SPECIES	Polyporus mori (Pollini) Fr.	Polyporus mori (Pollini) Fr.	(Pollini) Fr.	CA	Oka	Québec	PRESENT		ff7bd5db-b724-4932-b496-10ea298851f9	45.485445	-74.079213	8500.0						1995-05-30	30	5	1995	5246825	7865386	PRESERVED_SPECIMEN	Université de Montréal Biodiversity Centre	CMMF	CMMF002350		Lamoureux, Yves		CC0_1_0	Université de Montréal Biodiversity Centre	Lamoureux, Yves			2024-01-24T16:38:19.462Z	StillImage	INSTITUTION_MATCH_FUZZY;COLLECTION_MATCH_FUZZY;DIFFERENT_OWNER_INSTITUTION
4954782504	50c9509d-22c7-4a22-a47d-8c48425ef4a7	https://www.inaturalist.org/observations/247168504	Fungi	Basidiomycota	Agaricomycetes	Polyporales	Polyporaceae	Neofavolus	Neofavolus alveolaris		SPECIES	Neofavolus alveolaris (DC.) Sotome & T.Hatt.	Neofavolus alveolaris		CA		Ontario	PRESENT		28eb1a3f-1c15-4a95-931a-4af90ecb574d	45.085967	-77.851508	4.0						2024-10-13T14:23:42	13	10	2024	7865386	7865386	HUMAN_OBSERVATION	iNaturalist	Observations	247168504		Curtis Hackney	2024-10-13T19:39:39	CC_BY_NC_4_0	acudave	acudave			2025-01-14T12:54:24.911Z	StillImage	COORDINATE_ROUNDED;CONTINENT_DERIVED_FROM_COORDINATES;TAXON_MATCH_TAXON_ID_IGNORED
4950438554	50c9509d-22c7-4a22-a47d-8c48425ef4a7	https://www.inaturalist.org/observations/242276403	Fungi	Basidiomycota	Agaricomycetes	Polyporales	Polyporaceae	Neofavolus	Neofavolus alveolaris		SPECIES	Neofavolus alveolaris (DC.) Sotome & T.Hatt.	Neofavolus alveolaris		CA		Québec	PRESENT		28eb1a3f-1c15-4a95-931a-4af90ecb574d	45.379733	-71.919533	4.0						2024-09-12T08:53:02	12	9	2024	7865386	7865386	HUMAN_OBSERVATION	iNaturalist	Observations	242276403		Jacob Beauregard	2024-09-17T12:38:23	CC_BY_NC_4_0	Jacob Beauregard	Jacob Beauregard			2025-01-14T12:54:09.291Z	StillImage	COORDINATE_ROUNDED;CONTINENT_DERIVED_FROM_COORDINATES;TAXON_MATCH_TAXON_ID_IGNORED
4936587323	50c9509d-22c7-4a22-a47d-8c48425ef4a7	https://www.inaturalist.org/observations/237367533	Fungi	Basidiomycota	Agaricomycetes	Polyporales	Polyporaceae	Neofavolus	Neofavolus alveolaris		SPECIES	Neofavolus alveolaris (DC.) Sotome & T.Hatt.	Neofavolus alveolaris		CA		Québec	PRESENT		28eb1a3f-1c15-4a95-931a-4af90ecb574d	45.872811	-76.4339	501.0						2024-08-19T14:55	19	8	2024	7865386	7865386	HUMAN_OBSERVATION	iNaturalist	Observations	237367533		L Joan Heyding	2024-08-22T22:40:31	CC_BY_NC_4_0	L Joan Heyding	L Joan Heyding			2025-01-14T13:43:41.098Z	StillImage	COORDINATE_ROUNDED;CONTINENT_DERIVED_FROM_COORDINATES;TAXON_MATCH_TAXON_ID_IGNORED
4900851360	50c9509d-22c7-4a22-a47d-8c48425ef4a7	https://www.inaturalist.org/observations/222496073	Fungi	Basidiomycota	Agaricomycetes	Polyporales	Polyporaceae	Neofavolus	Neofavolus alveolaris		SPECIES	Neofavolus alveolaris (DC.) Sotome & T.Hatt.	Neofavolus alveolaris		CA		Ontario	PRESENT		28eb1a3f-1c15-4a95-931a-4af90ecb574d	45.324347	-75.812219	193.0						2024-06-13T09:11	13	6	2024	7865386	7865386	HUMAN_OBSERVATION	iNaturalist	Observations	222496073		L Joan Heyding	2024-06-13T18:47:47	CC_BY_NC_4_0	L Joan Heyding	L Joan Heyding			2025-01-14T13:34:58.196Z	StillImage	COORDINATE_ROUNDED;CONTINENT_DERIVED_FROM_COORDINATES;TAXON_MATCH_TAXON_ID_IGNORED
4891845262	50c9509d-22c7-4a22-a47d-8c48425ef4a7	https://www.inaturalist.org/observations/221559216	Fungi	Basidiomycota	Agaricomycetes	Polyporales	Polyporaceae	Neofavolus	Neofavolus alveolaris		SPECIES	Neofavolus alveolaris (DC.) Sotome & T.Hatt.	Neofavolus alveolaris		CA		Québec	PRESENT		28eb1a3f-1c15-4a95-931a-4af90ecb574d	45.53537	-73.32843	5.0						2024-06-07T10:11	7	6	2024	7865386	7865386	HUMAN_OBSERVATION	iNaturalist	Observations	221559216		John D Reynolds	2024-06-09T13:37:33	CC_BY_4_0	John D Reynolds	John D Reynolds			2025-01-14T13:41:08.591Z	StillImage	CONTINENT_DERIVED_FROM_COORDINATES;TAXON_MATCH_TAXON_ID_IGNORED
4891794861	50c9509d-22c7-4a22-a47d-8c48425ef4a7	https://www.inaturalist.org/observations/222097668	Fungi	Basidiomycota	Agaricomycetes	Polyporales	Polyporaceae	Neofavolus	Neofavolus alveolaris		SPECIES	Neofavolus alveolaris (DC.) Sotome & T.Hatt.	Neofavolus alveolaris		CA		Québec	PRESENT		28eb1a3f-1c15-4a95-931a-4af90ecb574d	45.470295	-75.80915	20.0						2024-05-19T15:33:18	19	5	2024	7865386	7865386	HUMAN_OBSERVATION	iNaturalist	Observations	222097668		noppoly	2024-06-11T19:47:58	CC_BY_NC_4_0	noppoly	noppoly			2025-01-14T13:36:28.171Z	StillImage	COORDINATE_ROUNDED;CONTINENT_DERIVED_FROM_COORDINATES;TAXON_MATCH_TAXON_ID_IGNORED
4891708453	50c9509d-22c7-4a22-a47d-8c48425ef4a7	https://www.inaturalist.org/observations/221421687	Fungi	Basidiomycota	Agaricomycetes	Polyporales	Polyporaceae	Neofavolus	Neofavolus alveolaris		SPECIES	Neofavolus alveolaris (DC.) Sotome & T.Hatt.	Neofavolus alveolaris		CA		Québec	PRESENT		28eb1a3f-1c15-4a95-931a-4af90ecb574d	45.506363	-73.763548	2813.0						2024-06-08T08:14:49	8	6	2024	7865386	7865386	HUMAN_OBSERVATION	iNaturalist	Observations	221421687		Antoine Fortin	2024-06-09T00:10:23	CC0_1_0	sanguinaria-canadensis	sanguinaria-canadensis			2025-01-14T13:41:06.592Z	StillImage	COORDINATE_ROUNDED;CONTINENT_DERIVED_FROM_COORDINATES;TAXON_MATCH_TAXON_ID_IGNORED
4891647296	50c9509d-22c7-4a22-a47d-8c48425ef4a7	https://www.inaturalist.org/observations/221714526	Fungi	Basidiomycota	Agaricomycetes	Polyporales	Polyporaceae	Neofavolus	Neofavolus alveolaris		SPECIES	Neofavolus alveolaris (DC.) Sotome & T.Hatt.	Neofavolus alveolaris		CA		Québec	PRESENT		28eb1a3f-1c15-4a95-931a-4af90ecb574d	45.552523	-73.478797	31.0						2024-06-09T09:29	9	6	2024	7865386	7865386	HUMAN_OBSERVATION	iNaturalist	Observations	221714526		Antoine Fortin	2024-06-10T00:54:08	CC_BY_NC_4_0	Antoine Fortin	Antoine Fortin			2025-01-14T13:41:16.731Z	StillImage	COORDINATE_ROUNDED;CONTINENT_DERIVED_FROM_COORDINATES;TAXON_MATCH_TAXON_ID_IGNORED
4607503018	50c9509d-22c7-4a22-a47d-8c48425ef4a7	https://www.inaturalist.org/observations/205358941	Fungi	Basidiomycota	Agaricomycetes	Polyporales	Polyporaceae	Neofavolus	Neofavolus alveolaris		SPECIES	Neofavolus alveolaris (DC.) Sotome & T.Hatt.	Neofavolus alveolaris		CA		Québec	PRESENT		28eb1a3f-1c15-4a95-931a-4af90ecb574d	46.909251	-71.225293	31.0						2023-06-12	12	6	2023	7865386	7865386	HUMAN_OBSERVATION	iNaturalist	Observations	205358941		Christian Grenier	2024-04-04T11:14:52	CC_BY_NC_4_0	Christian Grenier	Christian Grenier			2025-01-14T12:43:36.872Z	StillImage	COORDINATE_ROUNDED;CONTINENT_DERIVED_FROM_COORDINATES;TAXON_MATCH_TAXON_ID_IGNORED
4607353242	50c9509d-22c7-4a22-a47d-8c48425ef4a7	https://www.inaturalist.org/observations/130577445	Fungi	Basidiomycota	Agaricomycetes	Polyporales	Polyporaceae	Neofavolus	Neofavolus alveolaris		SPECIES	Neofavolus alveolaris (DC.) Sotome & T.Hatt.	Neofavolus alveolaris		CA		Québec	PRESENT		28eb1a3f-1c15-4a95-931a-4af90ecb574d	45.489872	-75.628623	116.0						2022-08-12T10:56	12	8	2022	7865386	7865386	HUMAN_OBSERVATION	iNaturalist	Observations	130577445		jonathan_mack	2022-08-13T01:53:25	CC_BY_NC_4_0	jonathan_mack	jonathan_mack			2025-01-14T13:15:54.305Z	StillImage	COORDINATE_ROUNDED;CONTINENT_DERIVED_FROM_COORDINATES;TAXON_MATCH_TAXON_ID_IGNORED
4607334241	50c9509d-22c7-4a22-a47d-8c48425ef4a7	https://www.inaturalist.org/observations/124315632	Fungi	Basidiomycota	Agaricomycetes	Polyporales	Polyporaceae	Neofavolus	Neofavolus alveolaris		SPECIES	Neofavolus alveolaris (DC.) Sotome & T.Hatt.	Neofavolus alveolaris		CA		Québec	PRESENT		28eb1a3f-1c15-4a95-931a-4af90ecb574d	45.884563	-74.254037	4.0						2022-07-01T10:46:46	1	7	2022	7865386	7865386	HUMAN_OBSERVATION	iNaturalist	Observations	124315632		cinna_latifolia	2022-07-02T04:53:54	CC_BY_NC_4_0	vincent_dumontier	vincent_dumontier			2025-01-14T13:29:39.237Z	StillImage	COORDINATE_ROUNDED;CONTINENT_DERIVED_FROM_COORDINATES;TAXON_MATCH_TAXON_ID_IGNORED
4607139602	50c9509d-22c7-4a22-a47d-8c48425ef4a7	https://www.inaturalist.org/observations/181268002	Fungi	Basidiomycota	Agaricomycetes	Polyporales	Polyporaceae	Neofavolus	Neofavolus alveolaris		SPECIES	Neofavolus alveolaris (DC.) Sotome & T.Hatt.	Neofavolus alveolaris		CA		Québec	PRESENT		28eb1a3f-1c15-4a95-931a-4af90ecb574d	46.849353	-71.124847	22.0						2023-09-01T14:25:57	1	9	2023	7865386	7865386	HUMAN_OBSERVATION	iNaturalist	Observations	181268002		Mariana Kamper	2023-09-01T22:11:29	CC_BY_NC_4_0	Mariana Kamper	Mariana Kamper			2025-01-14T12:39:15.784Z	StillImage	COORDINATE_ROUNDED;CONTINENT_DERIVED_FROM_COORDINATES;TAXON_MATCH_TAXON_ID_IGNORED
4607118328	50c9509d-22c7-4a22-a47d-8c48425ef4a7	https://www.inaturalist.org/observations/200751508	Fungi	Basidiomycota	Agaricomycetes	Polyporales	Polyporaceae	Neofavolus	Neofavolus alveolaris		SPECIES	Neofavolus alveolaris (DC.) Sotome & T.Hatt.	Neofavolus alveolaris		CA		Québec	PRESENT		28eb1a3f-1c15-4a95-931a-4af90ecb574d	45.564042	-73.179013	8232.0						2021-06-06T13:30	6	6	2021	7865386	7865386	HUMAN_OBSERVATION	iNaturalist	Observations	200751508		shkenaz	2024-02-28T20:33:07	CC_BY_NC_4_0	shkenaz	shkenaz			2025-01-14T13:38:22.978Z	StillImage	COORDINATE_ROUNDED;CONTINENT_DERIVED_FROM_COORDINATES;TAXON_MATCH_TAXON_ID_IGNORED
4606800710	50c9509d-22c7-4a22-a47d-8c48425ef4a7	https://www.inaturalist.org/observations/205359270	Fungi	Basidiomycota	Agaricomycetes	Polyporales	Polyporaceae	Neofavolus	Neofavolus alveolaris		SPECIES	Neofavolus alveolaris (DC.) Sotome & T.Hatt.	Neofavolus alveolaris		CA		Québec	PRESENT		28eb1a3f-1c15-4a95-931a-4af90ecb574d	46.909214	-71.225595	31.0						2023-06-12	12	6	2023	7865386	7865386	HUMAN_OBSERVATION	iNaturalist	Observations	205359270		Christian Grenier	2024-04-04T11:19:07	CC_BY_NC_4_0	Christian Grenier	Christian Grenier			2025-01-14T13:38:40.495Z	StillImage	COORDINATE_ROUNDED;CONTINENT_DERIVED_FROM_COORDINATES;TAXON_MATCH_TAXON_ID_IGNORED
4606546192	50c9509d-22c7-4a22-a47d-8c48425ef4a7	https://www.inaturalist.org/observations/194457591	Fungi	Basidiomycota	Agaricomycetes	Polyporales	Polyporaceae	Neofavolus	Neofavolus alveolaris		SPECIES	Neofavolus alveolaris (DC.) Sotome & T.Hatt.	Neofavolus alveolaris		CA		Québec	PRESENT		28eb1a3f-1c15-4a95-931a-4af90ecb574d	46.360752	-73.39015							2023-06-20T16:27	20	6	2023	7865386	7865386	HUMAN_OBSERVATION	iNaturalist	Observations	194457591		Antoine Fortin	2024-02-25T18:19:53	CC_BY_NC_4_0	mmacnair13	mmacnair13			2025-01-14T13:36:24.879Z	StillImage	COORDINATE_ROUNDED;CONTINENT_DERIVED_FROM_COORDINATES;TAXON_MATCH_TAXON_ID_IGNORED
4596860579	50c9509d-22c7-4a22-a47d-8c48425ef4a7	https://www.inaturalist.org/observations/193294864	Fungi	Basidiomycota	Agaricomycetes	Polyporales	Polyporaceae	Neofavolus	Neofavolus alveolaris		SPECIES	Neofavolus alveolaris (DC.) Sotome & T.Hatt.	Neofavolus alveolaris		CA		Québec	PRESENT		28eb1a3f-1c15-4a95-931a-4af90ecb574d	46.913619	-71.217843	31.0						2023-10-02	2	10	2023	7865386	7865386	HUMAN_OBSERVATION	iNaturalist	Observations	193294864		Christian Grenier	2023-12-07T13:21:17	CC_BY_NC_4_0	Christian Grenier	Christian Grenier			2025-01-14T12:43:20.980Z	StillImage	COORDINATE_ROUNDED;CONTINENT_DERIVED_FROM_COORDINATES;TAXON_MATCH_TAXON_ID_IGNORED
4512366097	50c9509d-22c7-4a22-a47d-8c48425ef4a7	https://www.inaturalist.org/observations/196706946	Fungi	Basidiomycota	Agaricomycetes	Polyporales	Polyporaceae	Neofavolus	Neofavolus alveolaris		SPECIES	Neofavolus alveolaris (DC.) Sotome & T.Hatt.	Neofavolus alveolaris		CA		Ontario	PRESENT		28eb1a3f-1c15-4a95-931a-4af90ecb574d	45.373103	-75.789418	141.0						2024-01-14T11:18:38	14	1	2024	7865386	7865386	HUMAN_OBSERVATION	iNaturalist	Observations	196706946		Nina	2024-01-14T23:04:08	CC_BY_NC_4_0	Nina	Nina			2025-01-14T12:46:15.760Z	StillImage	COORDINATE_ROUNDED;CONTINENT_DERIVED_FROM_COORDINATES;TAXON_MATCH_TAXON_ID_IGNORED
4431239626	50c9509d-22c7-4a22-a47d-8c48425ef4a7	https://www.inaturalist.org/observations/188447321	Fungi	Basidiomycota	Agaricomycetes	Polyporales	Polyporaceae	Neofavolus	Neofavolus alveolaris		SPECIES	Neofavolus alveolaris (DC.) Sotome & T.Hatt.	Neofavolus alveolaris		CA		Québec	PRESENT		28eb1a3f-1c15-4a95-931a-4af90ecb574d	45.469697	-75.806013							2023-10-21T14:22:11	21	10	2023	7865386	7865386	HUMAN_OBSERVATION	iNaturalist	Observations	188447321		jfcroteau	2023-10-21T23:31:51	CC_BY_NC_4_0	jfcroteau	jfcroteau			2025-01-14T13:28:22.146Z	StillImage	COORDINATE_ROUNDED;CONTINENT_DERIVED_FROM_COORDINATES;TAXON_MATCH_TAXON_ID_IGNORED
4431141023	50c9509d-22c7-4a22-a47d-8c48425ef4a7	https://www.inaturalist.org/observations/187848828	Fungi	Basidiomycota	Agaricomycetes	Polyporales	Polyporaceae	Neofavolus	Neofavolus alveolaris		SPECIES	Neofavolus alveolaris (DC.) Sotome & T.Hatt.	Neofavolus alveolaris		CA		Québec	PRESENT		28eb1a3f-1c15-4a95-931a-4af90ecb574d	46.756805	-71.320043	120.0						2023-10-15T14:07:55	15	10	2023	7865386	7865386	HUMAN_OBSERVATION	iNaturalist	Observations	187848828		Antoine Fortin	2023-10-18T18:23:00	CC_BY_NC_4_0	Camille Boucher	Camille Boucher			2025-01-14T13:30:01.641Z	StillImage	COORDINATE_ROUNDED;CONTINENT_DERIVED_FROM_COORDINATES;TAXON_MATCH_TAXON_ID_IGNORED
4430970123	50c9509d-22c7-4a22-a47d-8c48425ef4a7	https://www.inaturalist.org/observations/187160793	Fungi	Basidiomycota	Agaricomycetes	Polyporales	Polyporaceae	Neofavolus	Neofavolus alveolaris		SPECIES	Neofavolus alveolaris (DC.) Sotome & T.Hatt.	Neofavolus alveolaris		CA		Québec	PRESENT		28eb1a3f-1c15-4a95-931a-4af90ecb574d	45.491383	-75.627712	416.0						2023-10-11T10:15	11	10	2023	7865386	7865386	HUMAN_OBSERVATION	iNaturalist	Observations	187160793		L Joan Heyding	2023-10-11T20:18:51	CC_BY_NC_4_0	L Joan Heyding	L Joan Heyding			2025-01-14T13:33:28.630Z	StillImage	COORDINATE_ROUNDED;CONTINENT_DERIVED_FROM_COORDINATES;TAXON_MATCH_TAXON_ID_IGNORED
4424448324	50c9509d-22c7-4a22-a47d-8c48425ef4a7	https://www.inaturalist.org/observations/186894789	Fungi	Basidiomycota	Agaricomycetes	Polyporales	Polyporaceae	Neofavolus	Neofavolus alveolaris		SPECIES	Neofavolus alveolaris (DC.) Sotome & T.Hatt.	Neofavolus alveolaris		CA		Québec	PRESENT		28eb1a3f-1c15-4a95-931a-4af90ecb574d	45.420627	-75.834899	391.0						2023-10-09T10:29	9	10	2023	7865386	7865386	HUMAN_OBSERVATION	iNaturalist	Observations	186894789		L Joan Heyding	2023-10-09T20:12:59	CC_BY_NC_4_0	L Joan Heyding	L Joan Heyding			2025-01-14T12:40:14.305Z	StillImage	COORDINATE_ROUNDED;CONTINENT_DERIVED_FROM_COORDINATES;TAXON_MATCH_TAXON_ID_IGNORED
4424343107	50c9509d-22c7-4a22-a47d-8c48425ef4a7	https://www.inaturalist.org/observations/186731778	Fungi	Basidiomycota	Agaricomycetes	Polyporales	Polyporaceae	Neofavolus	Neofavolus alveolaris		SPECIES	Neofavolus alveolaris (DC.) Sotome & T.Hatt.	Neofavolus alveolaris		CA		Ontario	PRESENT		28eb1a3f-1c15-4a95-931a-4af90ecb574d	45.324347	-75.812219	193.0						2023-10-08T09:26	8	10	2023	7865386	7865386	HUMAN_OBSERVATION	iNaturalist	Observations	186731778		L Joan Heyding	2023-10-08T18:31:23	CC_BY_NC_4_0	L Joan Heyding	L Joan Heyding			2025-01-14T12:42:20.908Z	StillImage	COORDINATE_ROUNDED;CONTINENT_DERIVED_FROM_COORDINATES;TAXON_MATCH_TAXON_ID_IGNORED
4177578869	50c9509d-22c7-4a22-a47d-8c48425ef4a7	https://www.inaturalist.org/observations/178424338	Fungi	Basidiomycota	Agaricomycetes	Polyporales	Polyporaceae	Neofavolus	Neofavolus alveolaris		SPECIES	Neofavolus alveolaris (DC.) Sotome & T.Hatt.	Neofavolus alveolaris		CA		Québec	PRESENT		28eb1a3f-1c15-4a95-931a-4af90ecb574d	45.413473	-75.832556	183.0						2023-08-12T09:56	12	8	2023	7865386	7865386	HUMAN_OBSERVATION	iNaturalist	Observations	178424338		L Joan Heyding	2023-08-14T20:19:36	CC_BY_NC_4_0	L Joan Heyding	L Joan Heyding			2025-01-14T13:40:34.793Z	StillImage	COORDINATE_ROUNDED;CONTINENT_DERIVED_FROM_COORDINATES;TAXON_MATCH_TAXON_ID_IGNORED
4177494475	50c9509d-22c7-4a22-a47d-8c48425ef4a7	https://www.inaturalist.org/observations/178102044	Fungi	Basidiomycota	Agaricomycetes	Polyporales	Polyporaceae	Neofavolus	Neofavolus alveolaris		SPECIES	Neofavolus alveolaris (DC.) Sotome & T.Hatt.	Neofavolus alveolaris		CA		Québec	PRESENT		28eb1a3f-1c15-4a95-931a-4af90ecb574d	45.419525	-75.8367	35.0						2023-08-12T10:48	12	8	2023	7865386	7865386	HUMAN_OBSERVATION	iNaturalist	Observations	178102044		jonathan_mack	2023-08-13T01:42:12	CC_BY_NC_4_0	jonathan_mack	jonathan_mack			2025-01-14T12:39:13.804Z	StillImage	COORDINATE_ROUNDED;CONTINENT_DERIVED_FROM_COORDINATES;TAXON_MATCH_TAXON_ID_IGNORED
4172288614	50c9509d-22c7-4a22-a47d-8c48425ef4a7	https://www.inaturalist.org/observations/176637329	Fungi	Basidiomycota	Agaricomycetes	Polyporales	Polyporaceae	Neofavolus	Neofavolus alveolaris		SPECIES	Neofavolus alveolaris (DC.) Sotome & T.Hatt.	Neofavolus alveolaris		CA		Québec	PRESENT		28eb1a3f-1c15-4a95-931a-4af90ecb574d	45.751134	-75.970494	182.0						2023-08-04T14:11:01	4	8	2023	7865386	7865386	HUMAN_OBSERVATION	iNaturalist	Observations	176637329		janebarton	2023-08-04T18:14:30	CC_BY_NC_4_0	janebarton	janebarton			2025-01-14T12:38:25.163Z	StillImage	COORDINATE_ROUNDED;CONTINENT_DERIVED_FROM_COORDINATES;TAXON_MATCH_TAXON_ID_IGNORED
4145477298	50c9509d-22c7-4a22-a47d-8c48425ef4a7	https://www.inaturalist.org/observations/170101226	Fungi	Basidiomycota	Agaricomycetes	Polyporales	Polyporaceae	Neofavolus	Neofavolus alveolaris		SPECIES	Neofavolus alveolaris (DC.) Sotome & T.Hatt.	Neofavolus alveolaris		CA		Québec	PRESENT		28eb1a3f-1c15-4a95-931a-4af90ecb574d	45.396304	-73.753553	61.0						2023-06-28T07:41	28	6	2023	7865386	7865386	HUMAN_OBSERVATION	iNaturalist	Observations	170101226		tom1989	2023-06-29T12:59:25	CC_BY_NC_4_0	tom1989	tom1989			2025-01-14T12:38:13.037Z	StillImage	COORDINATE_ROUNDED;CONTINENT_DERIVED_FROM_COORDINATES;TAXON_MATCH_TAXON_ID_IGNORED
4145205236	50c9509d-22c7-4a22-a47d-8c48425ef4a7	https://www.inaturalist.org/observations/170101225	Fungi	Basidiomycota	Agaricomycetes	Polyporales	Polyporaceae	Neofavolus	Neofavolus alveolaris		SPECIES	Neofavolus alveolaris (DC.) Sotome & T.Hatt.	Neofavolus alveolaris		CA		Québec	PRESENT		28eb1a3f-1c15-4a95-931a-4af90ecb574d	45.39713	-73.753725	15.0						2023-06-28T07:17	28	6	2023	7865386	7865386	HUMAN_OBSERVATION	iNaturalist	Observations	170101225		tom1989	2023-06-29T12:59:24	CC_BY_NC_4_0	tom1989	tom1989			2025-01-14T12:36:26.446Z	StillImage	COORDINATE_ROUNDED;CONTINENT_DERIVED_FROM_COORDINATES;TAXON_MATCH_TAXON_ID_IGNORED
4137602510	50c9509d-22c7-4a22-a47d-8c48425ef4a7	https://www.inaturalist.org/observations/118516997	Fungi	Basidiomycota	Agaricomycetes	Polyporales	Polyporaceae	Neofavolus	Neofavolus alveolaris		SPECIES	Neofavolus alveolaris (DC.) Sotome & T.Hatt.	Neofavolus alveolaris		CA		Québec	PRESENT		28eb1a3f-1c15-4a95-931a-4af90ecb574d	45.546367	-73.458367	4.0						2022-05-20T13:51:49	20	5	2022	7865386	7865386	HUMAN_OBSERVATION	iNaturalist	Observations	118516997		wiy_alxn	2022-05-24T14:32:32	CC_BY_NC_4_0	wiy_alxn	wiy_alxn			2025-01-14T12:29:20.737Z	StillImage	COORDINATE_ROUNDED;CONTINENT_DERIVED_FROM_COORDINATES;TAXON_MATCH_TAXON_ID_IGNORED
4099911728	d1a3b128-b406-46bb-a6d1-f3591dcc8a7b	c1f46b86-efbf-4242-ba1d-b789ec64539f	Fungi	Basidiomycota	Agaricomycetes	Polyporales	Polyporaceae	Neofavolus	Neofavolus alveolaris		SPECIES	Favolus canadensis Klotzsch	Favolus canadensis	Klotzsch	CA	Huntsville	Ontario	PRESENT		e43cf4b8-849e-4fac-b075-e652d019d2cf	45.333333	-79.216667	23996.0						1932-07-20	20	7	1932	5246835	7865386	PRESERVED_SPECIMEN	BPI		BPI 255732				CC0_1_0		MACRAE Ruth			2025-01-15T04:59:25.218Z		GEODETIC_DATUM_ASSUMED_WGS84;CONTINENT_DERIVED_FROM_COORDINATES;TAXON_MATCH_TAXON_ID_IGNORED;INSTITUTION_MATCH_FUZZY
4091792765	50c9509d-22c7-4a22-a47d-8c48425ef4a7	https://www.inaturalist.org/observations/154599380	Fungi	Basidiomycota	Agaricomycetes	Polyporales	Polyporaceae	Neofavolus	Neofavolus alveolaris		SPECIES	Neofavolus alveolaris (DC.) Sotome & T.Hatt.	Neofavolus alveolaris		CA		Ontario	PRESENT		28eb1a3f-1c15-4a95-931a-4af90ecb574d	45.373059	-75.790013	80.0						2023-04-12T08:37:04	12	4	2023	7865386	7865386	HUMAN_OBSERVATION	iNaturalist	Observations	154599380		Nina	2023-04-12T18:57:20	CC_BY_NC_4_0	Nina	Nina			2025-01-14T13:28:54.150Z	StillImage	COORDINATE_ROUNDED;CONTINENT_DERIVED_FROM_COORDINATES;TAXON_MATCH_TAXON_ID_IGNORED
4063099313	50c9509d-22c7-4a22-a47d-8c48425ef4a7	https://www.inaturalist.org/observations/19449473	Fungi	Basidiomycota	Agaricomycetes	Polyporales	Polyporaceae	Neofavolus	Neofavolus alveolaris		SPECIES	Neofavolus alveolaris (DC.) Sotome & T.Hatt.	Neofavolus alveolaris		CA		Ontario	PRESENT		28eb1a3f-1c15-4a95-931a-4af90ecb574d	45.210057	-75.228553	100.0						2018-06-17T15:30:12	17	6	2018	7865386	7865386	HUMAN_OBSERVATION	iNaturalist	Observations	19449473		jonathan_mack	2019-02-01T03:52:50	CC_BY_NC_4_0	Owen Clarkin	Owen Clarkin			2025-01-14T12:58:50.923Z	StillImage	CONTINENT_DERIVED_FROM_COORDINATES;TAXON_MATCH_TAXON_ID_IGNORED
4023419021	0f83123f-0c04-4556-8f4d-5a4e2a9bac66	http://id.luomus.fi/MY.3698301	Fungi	Basidiomycota	Agaricomycetes	Polyporales	Polyporaceae	Neofavolus	Neofavolus alveolaris		SPECIES	Neofavolus alveolaris (DC.) Sotome & T.Hatt.	Neofavolus alveolaris (DC.:Fr.) Sotome & T. Hatt.		CA		Quebec	PRESENT		04fd2e13-6881-4e5c-9dd1-8fdd9ab993c1	45.566666	-75.783333							1969-08-04T00:00Z	4	8	1969	7865386	7865386	PRESERVED_SPECIMEN	H		http://id.luomus.fi/HA.H7035682	1329			CC_BY_4_0		Ginns, J. H.			2025-01-12T05:29:48.052Z		CONTINENT_DERIVED_FROM_COORDINATES;COLLECTION_MATCH_NONE;INSTITUTION_MATCH_FUZZY
4009905656	50c9509d-22c7-4a22-a47d-8c48425ef4a7	https://www.inaturalist.org/observations/144737570	Fungi	Basidiomycota	Agaricomycetes	Polyporales	Polyporaceae	Neofavolus	Neofavolus alveolaris		SPECIES	Neofavolus alveolaris (DC.) Sotome & T.Hatt.	Neofavolus alveolaris		CA		Québec	PRESENT		28eb1a3f-1c15-4a95-931a-4af90ecb574d	46.922354	-71.236908	122.0						2022-08-29	29	8	2022	7865386	7865386	HUMAN_OBSERVATION	iNaturalist	Observations	144737570		Christian Grenier	2022-12-20T16:30:31	CC_BY_NC_4_0	Christian Grenier	Christian Grenier			2025-01-14T13:26:58.141Z	StillImage	COORDINATE_ROUNDED;CONTINENT_DERIVED_FROM_COORDINATES;TAXON_MATCH_TAXON_ID_IGNORED
3947739647	50c9509d-22c7-4a22-a47d-8c48425ef4a7	https://www.inaturalist.org/observations/139927240	Fungi	Basidiomycota	Agaricomycetes	Polyporales	Polyporaceae	Neofavolus	Neofavolus alveolaris		SPECIES	Neofavolus alveolaris (DC.) Sotome & T.Hatt.	Neofavolus alveolaris		CA		Ontario	PRESENT		28eb1a3f-1c15-4a95-931a-4af90ecb574d	45.459583	-76.270117	15.0						2022-10-23	23	10	2022	7865386	7865386	HUMAN_OBSERVATION	iNaturalist	Observations	139927240		jonathan_mack	2022-10-25T01:49:33	CC_BY_NC_4_0	jonathan_mack	jonathan_mack			2025-01-14T12:32:54.273Z	StillImage	COORDINATE_ROUNDED;CONTINENT_DERIVED_FROM_COORDINATES;TAXON_MATCH_TAXON_ID_IGNORED
3947254844	50c9509d-22c7-4a22-a47d-8c48425ef4a7	https://www.inaturalist.org/observations/136091560	Fungi	Basidiomycota	Agaricomycetes	Polyporales	Polyporaceae	Neofavolus	Neofavolus alveolaris		SPECIES	Neofavolus alveolaris (DC.) Sotome & T.Hatt.	Neofavolus alveolaris		CA		Québec	PRESENT		28eb1a3f-1c15-4a95-931a-4af90ecb574d	45.677637	-75.849122	31.0						2022-09-21T14:25:23	21	9	2022	7865386	7865386	HUMAN_OBSERVATION	iNaturalist	Observations	136091560		Celine Perrier	2022-10-15T22:59:22	CC_BY_NC_4_0	Celine Perrier	Celine Perrier			2025-01-14T12:31:52.747Z	StillImage	COORDINATE_ROUNDED;CONTINENT_DERIVED_FROM_COORDINATES;TAXON_MATCH_TAXON_ID_IGNORED
3903039615	50c9509d-22c7-4a22-a47d-8c48425ef4a7	https://www.inaturalist.org/observations/132733599	Fungi	Basidiomycota	Agaricomycetes	Polyporales	Polyporaceae	Neofavolus	Neofavolus alveolaris		SPECIES	Neofavolus alveolaris (DC.) Sotome & T.Hatt.	Neofavolus alveolaris		CA		Québec	PRESENT		28eb1a3f-1c15-4a95-931a-4af90ecb574d	45.490119	-75.623935	416.0						2022-08-28T14:08	28	8	2022	7865386	7865386	HUMAN_OBSERVATION	iNaturalist	Observations	132733599		L Joan Heyding	2022-08-29T01:49:22	CC_BY_NC_4_0	L Joan Heyding	L Joan Heyding			2025-01-14T12:32:58.612Z	StillImage	COORDINATE_ROUNDED;CONTINENT_DERIVED_FROM_COORDINATES;TAXON_MATCH_TAXON_ID_IGNORED
3902531309	50c9509d-22c7-4a22-a47d-8c48425ef4a7	https://www.inaturalist.org/observations/132590426	Fungi	Basidiomycota	Agaricomycetes	Polyporales	Polyporaceae	Neofavolus	Neofavolus alveolaris		SPECIES	Neofavolus alveolaris (DC.) Sotome & T.Hatt.	Neofavolus alveolaris		CA		Québec	PRESENT		28eb1a3f-1c15-4a95-931a-4af90ecb574d	45.424573	-75.824793	391.0						2022-08-27T15:31	27	8	2022	7865386	7865386	HUMAN_OBSERVATION	iNaturalist	Observations	132590426		L Joan Heyding	2022-08-28T14:52:13	CC_BY_NC_4_0	L Joan Heyding	L Joan Heyding			2025-01-14T13:19:41.269Z	StillImage	COORDINATE_ROUNDED;CONTINENT_DERIVED_FROM_COORDINATES;TAXON_MATCH_TAXON_ID_IGNORED
3902422456	50c9509d-22c7-4a22-a47d-8c48425ef4a7	https://www.inaturalist.org/observations/134480603	Fungi	Basidiomycota	Agaricomycetes	Polyporales	Polyporaceae	Neofavolus	Neofavolus alveolaris		SPECIES	Neofavolus alveolaris (DC.) Sotome & T.Hatt.	Neofavolus alveolaris		CA		Ontario	PRESENT		28eb1a3f-1c15-4a95-931a-4af90ecb574d	45.45905	-76.269203	50.0						2022-09-10T09:43:58	10	9	2022	7865386	7865386	HUMAN_OBSERVATION	iNaturalist	Observations	134480603		Lynn Ovenden	2022-09-10T20:39:58	CC_BY_NC_4_0	Lynn Ovenden	Lynn Ovenden			2025-01-14T13:25:38.919Z	StillImage	COORDINATE_ROUNDED;CONTINENT_DERIVED_FROM_COORDINATES;TAXON_MATCH_TAXON_ID_IGNORED
3902414694	50c9509d-22c7-4a22-a47d-8c48425ef4a7	https://www.inaturalist.org/observations/133030139	Fungi	Basidiomycota	Agaricomycetes	Polyporales	Polyporaceae	Neofavolus	Neofavolus alveolaris		SPECIES	Neofavolus alveolaris (DC.) Sotome & T.Hatt.	Neofavolus alveolaris		CA		Québec	PRESENT		28eb1a3f-1c15-4a95-931a-4af90ecb574d	45.295965	-73.889082							2022-08-28T15:48	28	8	2022	7865386	7865386	HUMAN_OBSERVATION	iNaturalist	Observations	133030139		jonathan_mack	2022-08-31T01:52:41	CC_BY_NC_4_0	jonathan_mack	jonathan_mack			2025-01-14T12:32:25.740Z	StillImage	COORDINATE_ROUNDED;CONTINENT_DERIVED_FROM_COORDINATES;TAXON_MATCH_TAXON_ID_IGNORED
3859610464	50c9509d-22c7-4a22-a47d-8c48425ef4a7	https://www.inaturalist.org/observations/119095457	Fungi	Basidiomycota	Agaricomycetes	Polyporales	Polyporaceae	Neofavolus	Neofavolus alveolaris		SPECIES	Neofavolus alveolaris (DC.) Sotome & T.Hatt.	Neofavolus alveolaris		CA		Ontario	PRESENT		28eb1a3f-1c15-4a95-931a-4af90ecb574d	45.363863	-75.52803							2022-05-28T10:46	28	5	2022	7865386	7865386	HUMAN_OBSERVATION	iNaturalist	Observations	119095457		Igor Khomenko	2022-05-28T17:39:36	CC_BY_NC_4_0	Igor Khomenko	Igor Khomenko			2025-01-14T12:28:14.431Z	StillImage	COORDINATE_ROUNDED;CONTINENT_DERIVED_FROM_COORDINATES;TAXON_MATCH_TAXON_ID_IGNORED
3859408645	50c9509d-22c7-4a22-a47d-8c48425ef4a7	https://www.inaturalist.org/observations/119354442	Fungi	Basidiomycota	Agaricomycetes	Polyporales	Polyporaceae	Neofavolus	Neofavolus alveolaris		SPECIES	Neofavolus alveolaris (DC.) Sotome & T.Hatt.	Neofavolus alveolaris		CA		Ontario	PRESENT		28eb1a3f-1c15-4a95-931a-4af90ecb574d	45.370612	-75.796761	61.0						2022-05-29T13:43	29	5	2022	7865386	7865386	HUMAN_OBSERVATION	iNaturalist	Observations	119354442		imaginaryconstruct	2022-05-30T01:53:20	CC_BY_NC_4_0	Mike Leveille	Mike Leveille			2025-01-14T13:20:32.052Z	StillImage	COORDINATE_ROUNDED;CONTINENT_DERIVED_FROM_COORDINATES;TAXON_MATCH_TAXON_ID_IGNORED
3858741089	50c9509d-22c7-4a22-a47d-8c48425ef4a7	https://www.inaturalist.org/observations/121021664	Fungi	Basidiomycota	Agaricomycetes	Polyporales	Polyporaceae	Neofavolus	Neofavolus alveolaris		SPECIES	Neofavolus alveolaris (DC.) Sotome & T.Hatt.	Neofavolus alveolaris		CA		Ontario	PRESENT		28eb1a3f-1c15-4a95-931a-4af90ecb574d	45.394244	-75.43211	27190.0						2022-06-09T16:05	9	6	2022	7865386	7865386	HUMAN_OBSERVATION	iNaturalist	Observations	121021664		L Joan Heyding	2022-06-09T22:56:28	CC_BY_NC_4_0	L Joan Heyding	L Joan Heyding			2025-01-14T13:22:45.709Z	StillImage	COORDINATE_ROUNDED;CONTINENT_DERIVED_FROM_COORDINATES;TAXON_MATCH_TAXON_ID_IGNORED
3784969165	50c9509d-22c7-4a22-a47d-8c48425ef4a7	https://www.inaturalist.org/observations/117298204	Fungi	Basidiomycota	Agaricomycetes	Polyporales	Polyporaceae	Neofavolus	Neofavolus alveolaris		SPECIES	Neofavolus alveolaris (DC.) Sotome & T.Hatt.	Neofavolus alveolaris		CA		Québec	PRESENT		28eb1a3f-1c15-4a95-931a-4af90ecb574d	47.083071	-70.777806	990.0						2022-05-14T12:22	14	5	2022	7865386	7865386	HUMAN_OBSERVATION	iNaturalist	Observations	117298204		cinna_latifolia	2022-05-16T23:54:28	CC_BY_NC_4_0	Louis-Philippe Bateman	Louis-Philippe Bateman			2025-01-14T13:22:05.487Z	StillImage	COORDINATE_ROUNDED;CONTINENT_DERIVED_FROM_COORDINATES;TAXON_MATCH_TAXON_ID_IGNORED
3455308755	50c9509d-22c7-4a22-a47d-8c48425ef4a7	https://www.inaturalist.org/observations/70941713	Fungi	Basidiomycota	Agaricomycetes	Polyporales	Polyporaceae	Neofavolus	Neofavolus alveolaris		SPECIES	Neofavolus alveolaris (DC.) Sotome & T.Hatt.	Neofavolus alveolaris		CA		Québec	PRESENT		28eb1a3f-1c15-4a95-931a-4af90ecb574d	46.831984	-71.308042	15.0						2015-08-23	23	8	2015	7865386	7865386	HUMAN_OBSERVATION	iNaturalist	Observations	70941713		Christian Grenier	2021-03-10T15:06:52	CC_BY_NC_4_0	Christian Grenier	Christian Grenier			2025-01-14T13:11:56.512Z	StillImage	COORDINATE_ROUNDED;CONTINENT_DERIVED_FROM_COORDINATES;TAXON_MATCH_TAXON_ID_IGNORED
3415731754	50c9509d-22c7-4a22-a47d-8c48425ef4a7	https://www.inaturalist.org/observations/89269442	Fungi	Basidiomycota	Agaricomycetes	Polyporales	Polyporaceae	Neofavolus	Neofavolus alveolaris		SPECIES	Neofavolus alveolaris (DC.) Sotome & T.Hatt.	Neofavolus alveolaris		CA		Québec	PRESENT		28eb1a3f-1c15-4a95-931a-4af90ecb574d	45.514061	-73.593858	188.0						2021-07-30T15:56Z	30	7	2021	7865386	7865386	HUMAN_OBSERVATION	iNaturalist	Observations	89269442		fmenage	2021-07-31T01:44:58	CC_BY_NC_4_0	fmenage	fmenage			2025-01-14T12:21:35.459Z	StillImage	COORDINATE_ROUNDED;CONTINENT_DERIVED_FROM_COORDINATES;TAXON_MATCH_TAXON_ID_IGNORED
3355154446	50c9509d-22c7-4a22-a47d-8c48425ef4a7	https://www.inaturalist.org/observations/94128608	Fungi	Basidiomycota	Agaricomycetes	Polyporales	Polyporaceae	Neofavolus	Neofavolus alveolaris		SPECIES	Neofavolus alveolaris (DC.) Sotome & T.Hatt.	Neofavolus alveolaris		CA		Québec	PRESENT		28eb1a3f-1c15-4a95-931a-4af90ecb574d	45.864652	-73.147397	37.0						2021-09-06T15:47:19	6	9	2021	7865386	7865386	HUMAN_OBSERVATION	iNaturalist	Observations	94128608		edesmarchais	2021-09-08T18:03:55	CC_BY_NC_4_0	edesmarchais	edesmarchais			2025-01-14T13:10:29.494Z	StillImage	COORDINATE_ROUNDED;CONTINENT_DERIVED_FROM_COORDINATES;TAXON_MATCH_TAXON_ID_IGNORED
3112288098	50c9509d-22c7-4a22-a47d-8c48425ef4a7	https://www.inaturalist.org/observations/76221672	Fungi	Basidiomycota	Agaricomycetes	Polyporales	Polyporaceae	Neofavolus	Neofavolus alveolaris		SPECIES	Neofavolus alveolaris (DC.) Sotome & T.Hatt.	Neofavolus alveolaris		CA		Ontario	PRESENT		28eb1a3f-1c15-4a95-931a-4af90ecb574d	45.290029	-75.985897	27190.0						2021-05-01T09:08	1	5	2021	7865386	7865386	HUMAN_OBSERVATION	iNaturalist	Observations	76221672		L Joan Heyding	2021-05-01T18:00:30	CC_BY_NC_4_0	L Joan Heyding	L Joan Heyding			2025-01-14T13:11:48.476Z	StillImage	COORDINATE_ROUNDED;CONTINENT_DERIVED_FROM_COORDINATES;TAXON_MATCH_TAXON_ID_IGNORED
3079669611	50c9509d-22c7-4a22-a47d-8c48425ef4a7	https://www.inaturalist.org/observations/25631803	Fungi	Basidiomycota	Agaricomycetes	Polyporales	Polyporaceae	Neofavolus	Neofavolus alveolaris		SPECIES	Neofavolus alveolaris (DC.) Sotome & T.Hatt.	Neofavolus alveolaris		CA		Ontario	PRESENT		28eb1a3f-1c15-4a95-931a-4af90ecb574d	45.402747	-75.586883	564.0						2019-05-23T11:23	23	5	2019	7865386	7865386	HUMAN_OBSERVATION	iNaturalist	Observations	25631803		Igor Khomenko	2019-05-23T19:02:01	CC_BY_NC_4_0	Igor Khomenko	Igor Khomenko			2025-01-14T12:59:49.187Z	StillImage	COORDINATE_ROUNDED;CONTINENT_DERIVED_FROM_COORDINATES;TAXON_MATCH_TAXON_ID_IGNORED
3079660609	50c9509d-22c7-4a22-a47d-8c48425ef4a7	https://www.inaturalist.org/observations/26076365	Fungi	Basidiomycota	Agaricomycetes	Polyporales	Polyporaceae	Neofavolus	Neofavolus alveolaris		SPECIES	Neofavolus alveolaris (DC.) Sotome & T.Hatt.	Neofavolus alveolaris		CA		Ontario	PRESENT		28eb1a3f-1c15-4a95-931a-4af90ecb574d	45.4025	-75.562338	186.0						2019-05-30T10:14	30	5	2019	7865386	7865386	HUMAN_OBSERVATION	iNaturalist	Observations	26076365		Igor Khomenko	2019-05-30T19:48:59	CC_BY_NC_4_0	Igor Khomenko	Igor Khomenko			2025-01-14T12:07:55.674Z	StillImage	CONTINENT_DERIVED_FROM_COORDINATES;TAXON_MATCH_TAXON_ID_IGNORED
3022706747	1f917113-dd55-4000-9f80-6266fab1af03	1248026	Fungi	Basidiomycota	Agaricomycetes	Polyporales	Polyporaceae	Neofavolus	Neofavolus alveolaris		SPECIES	Polyporus alveolaris (DC.) Bondartsev & Singer	Polyporus alveolaris (DC.) Bondartsev & Singer		CA	Cantley, Range 12, Lot 4C		PRESENT		32859580-c30c-4367-8a8a-71f00fc9f833	45.455737	-75.783881	2000.0						1969-08-04	4	8	1969	5246821	7865386	PRESERVED_SPECIMEN	TAAM	TAAM	TAAM098690		J.H. Ginns		CC_BY_NC_4_0	Anu Kollom	J.H. Ginns			2025-01-12T09:58:19.100Z		COORDINATE_ROUNDED;CONTINENT_DERIVED_FROM_COORDINATES
2873786404	50c9509d-22c7-4a22-a47d-8c48425ef4a7	https://www.inaturalist.org/observations/49425207	Fungi	Basidiomycota	Agaricomycetes	Polyporales	Polyporaceae	Neofavolus	Neofavolus alveolaris		SPECIES	Neofavolus alveolaris (DC.) Sotome & T.Hatt.	Neofavolus alveolaris		CA		Ontario	PRESENT		28eb1a3f-1c15-4a95-931a-4af90ecb574d	45.371887	-75.787299	15.0						2020-06-09T14:48	9	6	2020	7865386	7865386	HUMAN_OBSERVATION	iNaturalist	Observations	49425207		Ian Whyte	2020-06-13T11:35:37	CC0_1_0	Ian Whyte	Ian Whyte			2025-01-14T12:13:16.113Z	StillImage	COORDINATE_ROUNDED;CONTINENT_DERIVED_FROM_COORDINATES;TAXON_MATCH_TAXON_ID_IGNORED
2802593446	50c9509d-22c7-4a22-a47d-8c48425ef4a7	https://www.inaturalist.org/observations/28400381	Fungi	Basidiomycota	Agaricomycetes	Polyporales	Polyporaceae	Neofavolus	Neofavolus alveolaris		SPECIES	Neofavolus alveolaris (DC.) Sotome & T.Hatt.	Neofavolus alveolaris		CA		Ontario	PRESENT		28eb1a3f-1c15-4a95-931a-4af90ecb574d	45.45546	-75.546962	8.0						2019-07-07T14:15	7	7	2019	7865386	7865386	HUMAN_OBSERVATION	iNaturalist	Observations	28400381		jonathan_mack	2019-07-07T23:36:34	CC_BY_NC_4_0	jonathan_mack	jonathan_mack			2025-01-14T13:02:45.656Z	StillImage	COORDINATE_ROUNDED;CONTINENT_DERIVED_FROM_COORDINATES;TAXON_MATCH_TAXON_ID_IGNORED
2423612545	21705170-d2b6-42de-8904-c3bca4b83591	CMMF019966	Fungi	Basidiomycota	Agaricomycetes	Polyporales	Polyporaceae	Neofavolus	Neofavolus alveolaris		SPECIES	Favolus canadensis Klotzsch	Favolus canadensis Klotzsch	Klotzsch	CA	Sainte-Geneviève, comté de Jacques-Cartier, île de Montréal : Cap St-Jacques,	Quebec	PRESENT		ff7bd5db-b724-4932-b496-10ea298851f9	45.46194	-73.91861	2200.0						1932-06-27	27	6	1932	5246835	7865386	PRESERVED_SPECIMEN	Université de Montréal Biodiversity Centre	CMMF	CMMF019966	107	Brunel, Jules		CC0_1_0	Université de Montréal Biodiversity Centre	Brunel, Jules			2024-01-24T16:38:15.635Z		GEODETIC_DATUM_INVALID;GEODETIC_DATUM_ASSUMED_WGS84;INSTITUTION_MATCH_FUZZY;COLLECTION_MATCH_FUZZY;DIFFERENT_OWNER_INSTITUTION
2366139006	50c9509d-22c7-4a22-a47d-8c48425ef4a7	https://www.inaturalist.org/observations/31253228	Fungi	Basidiomycota	Agaricomycetes	Polyporales	Polyporaceae	Neofavolus	Neofavolus alveolaris		SPECIES	Neofavolus alveolaris (DC.) Sotome & T.Hatt.	Neofavolus alveolaris		CA		New Brunswick	PRESENT		28eb1a3f-1c15-4a95-931a-4af90ecb574d	45.951483	-66.670997	7.0						2019-08-20T14:53	20	8	2019	7865386	7865386	HUMAN_OBSERVATION	iNaturalist	Observations	31253228		John D Reynolds	2019-08-21T20:33:49	CC_BY_4_0	John D Reynolds	John D Reynolds			2025-01-14T12:08:53.010Z	StillImage	COORDINATE_ROUNDED;CONTINENT_DERIVED_FROM_COORDINATES;TAXON_MATCH_TAXON_ID_IGNORED
2252058518	50c9509d-22c7-4a22-a47d-8c48425ef4a7	https://www.inaturalist.org/observations/26420127	Fungi	Basidiomycota	Agaricomycetes	Polyporales	Polyporaceae	Neofavolus	Neofavolus alveolaris		SPECIES	Neofavolus alveolaris (DC.) Sotome & T.Hatt.	Neofavolus alveolaris		CA		Ontario	PRESENT		28eb1a3f-1c15-4a95-931a-4af90ecb574d	45.019684	-75.485239	81.0						2019-06-04T13:19	4	6	2019	7865386	7865386	HUMAN_OBSERVATION	iNaturalist	Observations	26420127		jonathan_mack	2019-06-05T02:08:09	CC_BY_NC_4_0	jonathan_mack	jonathan_mack			2025-01-14T13:03:37.850Z	StillImage	COORDINATE_ROUNDED;CONTINENT_DERIVED_FROM_COORDINATES;TAXON_MATCH_TAXON_ID_IGNORED
1990279991	032f1fbe-d21f-407d-be46-5cd1bb1ea397	9c491f26-67dc-4a8c-b7eb-ce06f862356d	Fungi	Basidiomycota	Agaricomycetes	Polyporales	Polyporaceae	Neofavolus	Neofavolus alveolaris		SPECIES	Favolus canadensis Klotzsch	Favolus canadensis	Klotzsch	CA	North Gower	Ontario	PRESENT		61c539d8-47e0-4b82-875f-b95aad66dcd4	45.083333	-75.716667							1930-08-06	6	8	1930	5246835	7865386	PRESERVED_SPECIMEN	TENN-F		TENN-F-006222	LRH6222			CC0_1_0		M.K. Nobles			2025-01-12T10:33:47.906Z		COORDINATE_ROUNDED;GEODETIC_DATUM_ASSUMED_WGS84;CONTINENT_DERIVED_FROM_COORDINATES;TAXON_MATCH_TAXON_ID_IGNORED;INSTITUTION_MATCH_NONE
1847635577	50c9509d-22c7-4a22-a47d-8c48425ef4a7	https://www.inaturalist.org/observations/6690379	Fungi	Basidiomycota	Agaricomycetes	Polyporales	Polyporaceae	Neofavolus	Neofavolus alveolaris		SPECIES	Neofavolus alveolaris (DC.) Sotome & T.Hatt.	Neofavolus alveolaris		CA		Québec	PRESENT		28eb1a3f-1c15-4a95-931a-4af90ecb574d	45.986795	-73.966042							2017-06-03T15:46	3	6	2017	7865386	7865386	HUMAN_OBSERVATION	iNaturalist	Observations	6690379		suzanne béland	2017-06-17T14:17:19	CC_BY_NC_4_0	suzanne béland	suzanne béland			2025-01-14T12:03:38.932Z		CONTINENT_DERIVED_FROM_COORDINATES;TAXON_MATCH_TAXON_ID_IGNORED
1807258355	e8a25a42-f125-476c-8554-3ec21cd51a84	ACAD:114932	Fungi	Basidiomycota	Agaricomycetes	Polyporales	Polyporaceae	Neofavolus	Neofavolus alveolaris		SPECIES	Favolus canadensis Klotzsch	Favolus canadensis	Klotzsch, 1832	CA	Kentville	Nova Scotia	PRESENT		6491ad8c-8e49-4bd4-a089-0ddb3bbe0890	45.07662	-64.49592							1931-08-17	17	8	1931	5246835	7865386	PRESERVED_SPECIMEN	Acadia University	ACAD	6578F				CC0_1_0	Acadia University	Harrison, KA			2024-01-25T01:37:14.747Z	StillImage	GEODETIC_DATUM_INVALID;GEODETIC_DATUM_ASSUMED_WGS84;TAXON_MATCH_TAXON_ID_IGNORED;INSTITUTION_MATCH_FUZZY;COLLECTION_MATCH_FUZZY
1701558022	39bd4817-9530-4341-a918-4f16b8db1419	UdeM:CMMF:Blitz2017:22	Fungi	Basidiomycota	Agaricomycetes	Polyporales	Polyporaceae	Neofavolus	Neofavolus alveolaris		SPECIES	Polyporus alveolaris (DC.) Bondartsev & Singer	Polyporus alveolaris (DC. : Fr.) Bondartsev & Singer	(DC. : Fr.) Bondartsev & Singer	CA	Parc des Chutes de Sainte-Ursule	Québec	PRESENT		ff7bd5db-b724-4932-b496-10ea298851f9	46.300422	-73.094321	500.0						2017-08-09	9	8	2017	5246821	7865386	HUMAN_OBSERVATION	Université de Montréal Biodiversity Centre	CMMF			Raymond Archambault et Joseph Nuzzolese	2017-08-09T00:00:00	CC0_1_0		IRBV's graduate students			2024-01-24T17:29:10.076Z		
1412709136	21705170-d2b6-42de-8904-c3bca4b83591	CMMF017555	Fungi	Basidiomycota	Agaricomycetes	Polyporales	Polyporaceae	Neofavolus	Neofavolus alveolaris		SPECIES	Neofavolus alveolaris (DC.) Sotome & T.Hatt.	Neofavolus alveolaris (DC.) Sotome & T. Hatt.	(DC.) Sotome & T. Hatt.	CA	Arboretum Morgan A, Québec.	Québec	PRESENT		ff7bd5db-b724-4932-b496-10ea298851f9	45.43	-73.946667	2500.0						1980-06-16	16	6	1980	7865386	7865386	PRESERVED_SPECIMEN	Université de Montréal Biodiversity Centre	CMMF	CMMF017555	1980-75	McNeil, Raymond		CC0_1_0	Université de Montréal Biodiversity Centre	Haméon, G.			2024-01-24T16:38:15.798Z		COORDINATE_ROUNDED;INSTITUTION_MATCH_FUZZY;COLLECTION_MATCH_FUZZY;DIFFERENT_OWNER_INSTITUTION
1412709044	21705170-d2b6-42de-8904-c3bca4b83591	CMMF017469	Fungi	Basidiomycota	Agaricomycetes	Polyporales	Polyporaceae	Neofavolus	Neofavolus alveolaris		SPECIES	Neofavolus alveolaris (DC.) Sotome & T.Hatt.	Neofavolus alveolaris (DC.) Sotome & T. Hatt.	(DC.) Sotome & T. Hatt.	CA	Héritage, Québec.	Québec	PRESENT		ff7bd5db-b724-4932-b496-10ea298851f9	45.680872	-73.495831	750.0						1981-06-23	23	6	1981	7865386	7865386	PRESERVED_SPECIMEN	Université de Montréal Biodiversity Centre	CMMF	CMMF017469	1981-36	Cyr, A.		CC0_1_0	Université de Montréal Biodiversity Centre	Cyr, A.			2024-01-24T16:38:15.747Z		INSTITUTION_MATCH_FUZZY;COLLECTION_MATCH_FUZZY;DIFFERENT_OWNER_INSTITUTION
1412708993	21705170-d2b6-42de-8904-c3bca4b83591	CMMF017487	Fungi	Basidiomycota	Agaricomycetes	Polyporales	Polyporaceae	Neofavolus	Neofavolus alveolaris		SPECIES	Neofavolus alveolaris (DC.) Sotome & T.Hatt.	Neofavolus alveolaris (DC.) Sotome & T. Hatt.	(DC.) Sotome & T. Hatt.	CA	Cap Saint-Jacques, Québec.	Québec	PRESENT		ff7bd5db-b724-4932-b496-10ea298851f9	45.465391	-73.920995	4000.0						1981-06-17	17	6	1981	7865386	7865386	PRESERVED_SPECIMEN	Université de Montréal Biodiversity Centre	CMMF	CMMF017487	1981-18	McNeil, Raymond		CC0_1_0	Université de Montréal Biodiversity Centre	Cyr, A.			2024-01-24T16:38:15.757Z		INSTITUTION_MATCH_FUZZY;COLLECTION_MATCH_FUZZY;DIFFERENT_OWNER_INSTITUTION
1412708950	21705170-d2b6-42de-8904-c3bca4b83591	CMMF017444	Fungi	Basidiomycota	Agaricomycetes	Polyporales	Polyporaceae	Neofavolus	Neofavolus alveolaris		SPECIES	Neofavolus alveolaris (DC.) Sotome & T.Hatt.	Neofavolus alveolaris (DC.) Sotome & T. Hatt.	(DC.) Sotome & T. Hatt.	CA	Pointe du Buisson, Québec.	Québec	PRESENT		ff7bd5db-b724-4932-b496-10ea298851f9	45.316964	-73.965109	1000.0						1981-06-25	25	6	1981	7865386	7865386	PRESERVED_SPECIMEN	Université de Montréal Biodiversity Centre	CMMF	CMMF017444	1981-45	McNeil, Raymond		CC0_1_0	Université de Montréal Biodiversity Centre	Cyr, A.			2024-01-24T16:38:15.740Z		INSTITUTION_MATCH_FUZZY;COLLECTION_MATCH_FUZZY;DIFFERENT_OWNER_INSTITUTION
1412707722	21705170-d2b6-42de-8904-c3bca4b83591	CMMF016110	Fungi	Basidiomycota	Agaricomycetes	Polyporales	Polyporaceae	Neofavolus	Neofavolus alveolaris		SPECIES	Polyporus alveolaris (DC.) Bondartsev & Singer	Polyporus alveolaris (DC.) Bondartsev & Singer	(DC.) Bondartsev & Singer	CA	Université, Sainte-Foy, Québec.	Québec	PRESENT		ff7bd5db-b724-4932-b496-10ea298851f9	46.781692	-71.274964	1000.0						1973-12-07	7	12	1973	5246821	7865386	PRESERVED_SPECIMEN	Université de Montréal Biodiversity Centre	CMMF	CMMF016110		Sirard, Léas		CC0_1_0	Université de Montréal Biodiversity Centre	Sirard, Léas			2024-01-24T16:38:18.593Z		INSTITUTION_MATCH_FUZZY;COLLECTION_MATCH_FUZZY;DIFFERENT_OWNER_INSTITUTION
1412707698	21705170-d2b6-42de-8904-c3bca4b83591	CMMF016112	Fungi	Basidiomycota	Agaricomycetes	Polyporales	Polyporaceae	Neofavolus	Neofavolus alveolaris		SPECIES	Polyporus alveolaris (DC.) Bondartsev & Singer	Polyporus alveolaris (DC.) Bondartsev & Singer	(DC.) Bondartsev & Singer	CA	Saint-Valérien, Shefford, Québec.	Québec	PRESENT		ff7bd5db-b724-4932-b496-10ea298851f9	45.559948	-72.71275	7000.0						1977-06-14	14	6	1977	5246821	7865386	PRESERVED_SPECIMEN	Université de Montréal Biodiversity Centre	CMMF	CMMF016112		Sirard, Léas; Boulet, Bruno		CC0_1_0	Université de Montréal Biodiversity Centre	Sirard, Léas; Boulet, Bruno			2024-01-24T16:38:18.584Z		INSTITUTION_MATCH_FUZZY;COLLECTION_MATCH_FUZZY;DIFFERENT_OWNER_INSTITUTION
1412707697	21705170-d2b6-42de-8904-c3bca4b83591	CMMF016113	Fungi	Basidiomycota	Agaricomycetes	Polyporales	Polyporaceae	Neofavolus	Neofavolus alveolaris		SPECIES	Favolus canadensis Klotzsch	Favolus canadensis Klotzsch	Klotzsch	CA	Montmagny, Québec.	Québec	PRESENT		ff7bd5db-b724-4932-b496-10ea298851f9	46.980077	-70.556636	20000.0						1989-06-12	12	6	1989	5246835	7865386	PRESERVED_SPECIMEN	Université de Montréal Biodiversity Centre	CMMF	CMMF016113		Sirard, Léas; Boulet, Bruno		CC0_1_0	Université de Montréal Biodiversity Centre	Sirard, Léas; Boulet, Bruno			2024-01-24T16:38:18.585Z		INSTITUTION_MATCH_FUZZY;COLLECTION_MATCH_FUZZY;DIFFERENT_OWNER_INSTITUTION
1412707646	21705170-d2b6-42de-8904-c3bca4b83591	CMMF016114	Fungi	Basidiomycota	Agaricomycetes	Polyporales	Polyporaceae	Neofavolus	Neofavolus alveolaris		SPECIES	Favolus canadensis Klotzsch	Favolus canadensis Klotzsch	Klotzsch	CA	Gifford, Ontario.	Ontario	PRESENT		ff7bd5db-b724-4932-b496-10ea298851f9	45.347112	-75.707149	15000.0						1987-10-06	6	10	1987	5246835	7865386	PRESERVED_SPECIMEN	Université de Montréal Biodiversity Centre	CMMF	CMMF016114		Sirard, Léas; Boulet, Bruno		CC0_1_0	Université de Montréal Biodiversity Centre	Labrecque, Louise			2024-01-24T16:38:18.585Z		INSTITUTION_MATCH_FUZZY;COLLECTION_MATCH_FUZZY;DIFFERENT_OWNER_INSTITUTION
1412707611	21705170-d2b6-42de-8904-c3bca4b83591	CMMF016111	Fungi	Basidiomycota	Agaricomycetes	Polyporales	Polyporaceae	Neofavolus	Neofavolus alveolaris		SPECIES	Favolus canadensis Klotzsch	Favolus canadensis Klotzsch	Klotzsch	CA	Chutes Sainte-Anne, Montmorency, Québec.	Québec	PRESENT		ff7bd5db-b724-4932-b496-10ea298851f9	47.063859	-70.86651	500.0						1984-06-09	9	6	1984	5246835	7865386	PRESERVED_SPECIMEN	Université de Montréal Biodiversity Centre	CMMF	CMMF016111		Cauchon, René	1984-06-09T00:00:00	CC0_1_0	Université de Montréal Biodiversity Centre	Cauchon, Rose L.			2024-01-24T16:38:18.592Z		INSTITUTION_MATCH_FUZZY;COLLECTION_MATCH_FUZZY;DIFFERENT_OWNER_INSTITUTION
1412707610	21705170-d2b6-42de-8904-c3bca4b83591	CMMF016109	Fungi	Basidiomycota	Agaricomycetes	Polyporales	Polyporaceae	Neofavolus	Neofavolus alveolaris		SPECIES	Polyporus alveolaris (DC.) Bondartsev & Singer	Polyporus alveolaris (DC.) Bondartsev & Singer	(DC.) Bondartsev & Singer	CA	Saint-Donat, Québec.	Québec	PRESENT		ff7bd5db-b724-4932-b496-10ea298851f9	46.316667	-74.216667	6000.0						1973-07-20/1973-07-30		7	1973	5246821	7865386	PRESERVED_SPECIMEN	Université de Montréal Biodiversity Centre	CMMF	CMMF016109		Sirard, Léas; Boulet, Bruno		CC0_1_0	Université de Montréal Biodiversity Centre	Sirard, Léas; Boulet, Bruno			2024-01-24T16:38:18.596Z		INSTITUTION_MATCH_FUZZY;COLLECTION_MATCH_FUZZY;DIFFERENT_OWNER_INSTITUTION
1412707273	21705170-d2b6-42de-8904-c3bca4b83591	CMMF015693	Fungi	Basidiomycota	Agaricomycetes	Polyporales	Polyporaceae	Neofavolus	Neofavolus alveolaris		SPECIES	Polyporus alveolaris (DC.) Bondartsev & Singer	Polyporus alveolaris (DC.) Bondartsev & Singer	(DC.) Bondartsev & Singer	CA	Desbiens, Québec.	Québec	PRESENT		ff7bd5db-b724-4932-b496-10ea298851f9	48.411989	-71.949747	5000.0						2000-05-28	28	5	2000	5246821	7865386	PRESERVED_SPECIMEN	Université de Montréal Biodiversity Centre	CMMF	CMMF015693	NA	Guérin, Gérard		CC0_1_0	Université de Montréal Biodiversity Centre	Guérin, Gérard			2024-01-24T16:38:16.476Z		INSTITUTION_MATCH_FUZZY;COLLECTION_MATCH_FUZZY;DIFFERENT_OWNER_INSTITUTION
1412706905	21705170-d2b6-42de-8904-c3bca4b83591	CMMF015327	Fungi	Basidiomycota	Agaricomycetes	Polyporales	Polyporaceae	Neofavolus	Neofavolus alveolaris		SPECIES	Polyporus alveolaris (DC.) Bondartsev & Singer	Polyporus alveolaris (DC.) Bondartsev & Singer	(DC.) Bondartsev & Singer	CA	Laterrière, Québec.	Québec	PRESENT		ff7bd5db-b724-4932-b496-10ea298851f9	48.30504	-71.110222	5000.0						1985-07-13	13	7	1985	5246821	7865386	PRESERVED_SPECIMEN	Université de Montréal Biodiversity Centre	CMMF	CMMF015327	760	Guérin, Gérard		CC0_1_0	Université de Montréal Biodiversity Centre	Guérin, Gérard			2024-01-24T16:38:17.064Z	StillImage	INSTITUTION_MATCH_FUZZY;COLLECTION_MATCH_FUZZY;DIFFERENT_OWNER_INSTITUTION
1412706843	21705170-d2b6-42de-8904-c3bca4b83591	CMMF015328	Fungi	Basidiomycota	Agaricomycetes	Polyporales	Polyporaceae	Neofavolus	Neofavolus alveolaris		SPECIES	Polyporus alveolaris (DC.) Bondartsev & Singer	Polyporus alveolaris (DC.) Bondartsev & Singer	(DC.) Bondartsev & Singer	CA	Chicoutimi, Québec.	Québec	PRESENT		ff7bd5db-b724-4932-b496-10ea298851f9	48.368277	-71.119642	15000.0						1989-06-13	13	6	1989	5246821	7865386	PRESERVED_SPECIMEN	Université de Montréal Biodiversity Centre	CMMF	CMMF015328	761	Guérin, Gérard		CC0_1_0	Université de Montréal Biodiversity Centre	Guérin, Gérard			2024-01-24T16:38:17.065Z	StillImage	INSTITUTION_MATCH_FUZZY;COLLECTION_MATCH_FUZZY;DIFFERENT_OWNER_INSTITUTION
1412706825	21705170-d2b6-42de-8904-c3bca4b83591	CMMF015329	Fungi	Basidiomycota	Agaricomycetes	Polyporales	Polyporaceae	Neofavolus	Neofavolus alveolaris		SPECIES	Polyporus alveolaris (DC.) Bondartsev & Singer	Polyporus alveolaris (DC.) Bondartsev & Singer	(DC.) Bondartsev & Singer	CA	Parc Urbain, Chicoutimi, Québec.	Québec	PRESENT		ff7bd5db-b724-4932-b496-10ea298851f9	48.400335	-71.03723	3500.0						1994-06-25	25	6	1994	5246821	7865386	PRESERVED_SPECIMEN	Université de Montréal Biodiversity Centre	CMMF	CMMF015329	762	Guérin, Gérard		CC0_1_0	Université de Montréal Biodiversity Centre	Guérin, Gérard			2024-01-24T16:38:17.065Z	StillImage	INSTITUTION_MATCH_FUZZY;COLLECTION_MATCH_FUZZY;DIFFERENT_OWNER_INSTITUTION
1412704344	21705170-d2b6-42de-8904-c3bca4b83591	CMMF012361	Fungi	Basidiomycota	Agaricomycetes	Polyporales	Polyporaceae	Neofavolus	Neofavolus alveolaris		SPECIES	Favolus canadensis Klotzsch	Favolus canadensis Klotzsch	Klotzsch	CA	Granby, Québec.	Québec	PRESENT		ff7bd5db-b724-4932-b496-10ea298851f9	45.4	-72.733333	5000.0						1946-05-29	29	5	1946	5246835	7865386	PRESERVED_SPECIMEN	Université de Montréal Biodiversity Centre	CMMF	CMMF012361	110	Macrae, R.		CC0_1_0	Université de Montréal Biodiversity Centre	Fabius, Fr.			2024-01-24T16:38:20.843Z		INSTITUTION_MATCH_FUZZY;COLLECTION_MATCH_FUZZY;DIFFERENT_OWNER_INSTITUTION
1135070929	21705170-d2b6-42de-8904-c3bca4b83591	CMMF009425	Fungi	Basidiomycota	Agaricomycetes	Polyporales	Polyporaceae	Neofavolus	Neofavolus alveolaris		SPECIES	Polyporus alveolaris (DC.) Bondartsev & Singer	Polyporus alveolaris (DC.) Bondartsev & Singer	(DC.) Bondartsev & Singer	CA	Château Bigot, Québec.	Québec	PRESENT		ff7bd5db-b724-4932-b496-10ea298851f9	46.898375	-71.266801	2000.0						2007-06-03	3	6	2007	5246821	7865386	PRESERVED_SPECIMEN	Université de Montréal Biodiversity Centre	CMMF	CMMF009425	1009	Labrecque, Jacqueline		CC0_1_0	Université de Montréal Biodiversity Centre	Labrecque, Jacqueline			2024-01-24T16:38:21.692Z		INSTITUTION_MATCH_FUZZY;COLLECTION_MATCH_FUZZY;DIFFERENT_OWNER_INSTITUTION
1135070407	21705170-d2b6-42de-8904-c3bca4b83591	CMMF008969	Fungi	Basidiomycota	Agaricomycetes	Polyporales	Polyporaceae	Neofavolus	Neofavolus alveolaris		SPECIES	Polyporus alveolaris (DC.) Bondartsev & Singer	Polyporus alveolaris (DC.) Bondartsev & Singer	(DC.) Bondartsev & Singer	CA	Chemin Chapelle, Lac-Beauport.	Québec	PRESENT		ff7bd5db-b724-4932-b496-10ea298851f9	46.949281	-71.284722	250.0						2006-08-16	16	8	2006	5246821	7865386	PRESERVED_SPECIMEN	Université de Montréal Biodiversity Centre	CMMF	CMMF008969	552	Labrecque, Jacqueline		CC0_1_0	Université de Montréal Biodiversity Centre	Labrecque, Jacqueline			2024-01-24T16:38:18.954Z		INSTITUTION_MATCH_FUZZY;COLLECTION_MATCH_FUZZY;DIFFERENT_OWNER_INSTITUTION
1135070292	21705170-d2b6-42de-8904-c3bca4b83591	CMMF008794	Fungi	Basidiomycota	Agaricomycetes	Polyporales	Polyporaceae	Neofavolus	Neofavolus alveolaris		SPECIES	Polyporus alveolaris (DC.) Bondartsev & Singer	Polyporus alveolaris (DC.) Bondartsev & Singer	(DC.) Bondartsev & Singer	CA	Chemin Chapelle, Lac-Beauport.	Québec	PRESENT		ff7bd5db-b724-4932-b496-10ea298851f9	46.949281	-71.284722	250.0						2006-07-23	23	7	2006	5246821	7865386	PRESERVED_SPECIMEN	Université de Montréal Biodiversity Centre	CMMF	CMMF008794	376	Labrecque, Jacqueline		CC0_1_0	Université de Montréal Biodiversity Centre	Labrecque, Jacqueline			2024-01-24T16:38:18.834Z		INSTITUTION_MATCH_FUZZY;COLLECTION_MATCH_FUZZY;DIFFERENT_OWNER_INSTITUTION
1135070180	21705170-d2b6-42de-8904-c3bca4b83591	CMMF008694	Fungi	Basidiomycota	Agaricomycetes	Polyporales	Polyporaceae	Neofavolus	Neofavolus alveolaris		SPECIES	Polyporus alveolaris (DC.) Bondartsev & Singer	Polyporus alveolaris (DC.) Bondartsev & Singer	(DC.) Bondartsev & Singer	CA	Chemin de la Chapelle, Lac-Beauport.	Québec	PRESENT		ff7bd5db-b724-4932-b496-10ea298851f9	46.949281	-71.284722	250.0						2006-07-03	3	7	2006	5246821	7865386	PRESERVED_SPECIMEN	Université de Montréal Biodiversity Centre	CMMF	CMMF008694	275	Labrecque, Jacqueline		CC0_1_0	Université de Montréal Biodiversity Centre	Labrecque, Jacqueline			2024-01-24T16:38:18.027Z		INSTITUTION_MATCH_FUZZY;COLLECTION_MATCH_FUZZY;DIFFERENT_OWNER_INSTITUTION
1135070000	21705170-d2b6-42de-8904-c3bca4b83591	CMMF008596	Fungi	Basidiomycota	Agaricomycetes	Polyporales	Polyporaceae	Neofavolus	Neofavolus alveolaris		SPECIES	Polyporus alveolaris (DC.) Bondartsev & Singer	Polyporus alveolaris (DC.) Bondartsev & Singer	(DC.) Bondartsev & Singer	CA	Sainte-Brigitte-de-Laval (pont). Bord rivière aux Pins.	Québec	PRESENT		ff7bd5db-b724-4932-b496-10ea298851f9	47.002354	-71.193781	2000.0						2006-05-31	31	5	2006	5246821	7865386	PRESERVED_SPECIMEN	Université de Montréal Biodiversity Centre	CMMF	CMMF008596	170	Labbé, Roland		CC0_1_0	Université de Montréal Biodiversity Centre	Labrecque, Jacqueline			2024-01-24T16:38:17.895Z	StillImage	INSTITUTION_MATCH_FUZZY;COLLECTION_MATCH_FUZZY;DIFFERENT_OWNER_INSTITUTION
1135069299	21705170-d2b6-42de-8904-c3bca4b83591	CMMF007817	Fungi	Basidiomycota	Agaricomycetes	Polyporales	Polyporaceae	Neofavolus	Neofavolus alveolaris		SPECIES	Polyporus alveolaris (DC.) Bondartsev & Singer	Polyporus alveolaris (DC.) Bondartsev & Singer	(DC.) Bondartsev & Singer	CA	St-Fabien-de-Panet	Québec	PRESENT		ff7bd5db-b724-4932-b496-10ea298851f9	46.6275	-70.11105	100.0						1980-06-22	22	6	1980	5246821	7865386	PRESERVED_SPECIMEN	Université de Montréal Biodiversity Centre	CMMF	CMMF007817	586	McNeil, Raymond		CC0_1_0	Université de Montréal Biodiversity Centre	McNeil, Raymond			2024-01-24T16:38:14.744Z	StillImage	INSTITUTION_MATCH_FUZZY;COLLECTION_MATCH_FUZZY;DIFFERENT_OWNER_INSTITUTION
1135067899	21705170-d2b6-42de-8904-c3bca4b83591	CMMF006428	Fungi	Basidiomycota	Agaricomycetes	Polyporales	Polyporaceae	Neofavolus	Neofavolus alveolaris		SPECIES	Polyporus alveolaris (DC.) Bondartsev & Singer	Polyporus alveolaris (DC.) Bondartsev & Singer	(DC.) Bondartsev & Singer	CA	Châteauguay (île St-Bernard)	Québec	PRESENT		ff7bd5db-b724-4932-b496-10ea298851f9	45.389517	-73.766367	100.0						2008-06-05	5	6	2008	5246821	7865386	PRESERVED_SPECIMEN	Université de Montréal Biodiversity Centre	CMMF	CMMF006428	C3229	McNeil, Raymond		CC0_1_0	Université de Montréal Biodiversity Centre	McNeil, Raymond			2024-01-24T16:38:19.114Z	StillImage	COORDINATE_ROUNDED;INSTITUTION_MATCH_FUZZY;COLLECTION_MATCH_FUZZY;DIFFERENT_OWNER_INSTITUTION
1135067465	21705170-d2b6-42de-8904-c3bca4b83591	CMMF006058	Fungi	Basidiomycota	Agaricomycetes	Polyporales	Polyporaceae	Neofavolus	Neofavolus alveolaris		SPECIES	Polyporus alveolaris (DC.) Bondartsev & Singer	Polyporus alveolaris (DC.) Bondartsev & Singer	(DC.) Bondartsev & Singer	CA	Châteauguay	Québec	PRESENT		ff7bd5db-b724-4932-b496-10ea298851f9	45.349833	-73.771	100.0						2005-07-08	8	7	2005	5246821	7865386	PRESERVED_SPECIMEN	Université de Montréal Biodiversity Centre	CMMF	CMMF006058	C2193	McNeil, Raymond		CC0_1_0	Université de Montréal Biodiversity Centre	McNeil, Raymond			2024-01-24T16:38:17.923Z	StillImage	COORDINATE_ROUNDED;INSTITUTION_MATCH_FUZZY;COLLECTION_MATCH_FUZZY;DIFFERENT_OWNER_INSTITUTION
1024559679	21705170-d2b6-42de-8904-c3bca4b83591	CMMF005250	Fungi	Basidiomycota	Agaricomycetes	Polyporales	Polyporaceae	Neofavolus	Neofavolus alveolaris		SPECIES	Polyporus alveolaris (DC.) Bondartsev & Singer	Polyporus alveolaris (DC.) Bondartsev & Singer	(DC.) Bondartsev & Singer	CA	Réserve écologique du Boisé-des-Muir, Hinchinbrooke.	Québec	PRESENT		ff7bd5db-b724-4932-b496-10ea298851f9	45.086237	-74.116721	30.0						2013-05-26	26	5	2013	5246821	7865386	PRESERVED_SPECIMEN	Université de Montréal Biodiversity Centre	CMMF	CMMF005250	2013-9	Langlois, Annabelle		CC0_1_0	Université de Montréal Biodiversity Centre	Langlois, Annabelle; Turgon, Jean-Pierre			2024-01-24T16:38:14.848Z		INSTITUTION_MATCH_FUZZY;COLLECTION_MATCH_FUZZY;DIFFERENT_OWNER_INSTITUTION
1024559174	21705170-d2b6-42de-8904-c3bca4b83591	CMMF004439	Fungi	Basidiomycota	Agaricomycetes	Polyporales	Polyporaceae	Neofavolus	Neofavolus alveolaris		SPECIES	Polyporus alveolaris (DC.) Bondartsev & Singer	Polyporus alveolaris (DC.) Bondartsev & Singer	(DC.) Bondartsev & Singer	CA	Réserve écologique du Boisé-des-Muir, Hinchinbrooke.	Québec	PRESENT		ff7bd5db-b724-4932-b496-10ea298851f9	45.086318	-74.113369	10.0						2012-09-05	5	9	2012	5246821	7865386	PRESERVED_SPECIMEN	Université de Montréal Biodiversity Centre	CMMF	CMMF004439	464	Turgon, Jean-Pierre		CC0_1_0	Université de Montréal Biodiversity Centre	Langlois, Annabelle; McNeil, Raymond; Turgon, Jean-Pierre			2024-01-24T16:38:19.718Z	StillImage	INSTITUTION_MATCH_FUZZY;COLLECTION_MATCH_FUZZY;DIFFERENT_OWNER_INSTITUTION
1024559065	21705170-d2b6-42de-8904-c3bca4b83591	CMMF004388	Fungi	Basidiomycota	Agaricomycetes	Polyporales	Polyporaceae	Neofavolus	Neofavolus alveolaris		SPECIES	Polyporus alveolaris (DC.) Bondartsev & Singer	Polyporus alveolaris (DC.) Bondartsev & Singer	(DC.) Bondartsev & Singer	CA	Réserve écologique du Boisé-des-Muir, Hinchinbrooke.	Québec	PRESENT		ff7bd5db-b724-4932-b496-10ea298851f9	45.086648	-74.114405	10.0						2012-08-13	13	8	2012	5246821	7865386	PRESERVED_SPECIMEN	Université de Montréal Biodiversity Centre	CMMF	CMMF004388	398	Archambault, Raymond		CC0_1_0	Université de Montréal Biodiversity Centre	Archambault, Raymond; Langlois, Annabelle; Turgon, Jean-Pierre			2024-01-24T16:38:19.641Z	StillImage	INSTITUTION_MATCH_FUZZY;COLLECTION_MATCH_FUZZY;DIFFERENT_OWNER_INSTITUTION
1024558802	21705170-d2b6-42de-8904-c3bca4b83591	CMMF004191	Fungi	Basidiomycota	Agaricomycetes	Polyporales	Polyporaceae	Neofavolus	Neofavolus alveolaris		SPECIES	Polyporus alveolaris (DC.) Bondartsev & Singer	Polyporus alveolaris (DC.) Bondartsev & Singer	(DC.) Bondartsev & Singer	CA	Réserve écologique du Boisé-des-Muir, Hinchinbrooke.	Québec	PRESENT		ff7bd5db-b724-4932-b496-10ea298851f9	45.086212	-74.116363	30.0						2012-06-05	5	6	2012	5246821	7865386	PRESERVED_SPECIMEN	Université de Montréal Biodiversity Centre	CMMF	CMMF004191	192	Archambault, Raymond		CC0_1_0	Université de Montréal Biodiversity Centre	Archambault, Raymond; Langlois, Annabelle; Turgon, Jean-Pierre			2024-01-24T16:38:18.628Z		INSTITUTION_MATCH_FUZZY;COLLECTION_MATCH_FUZZY;DIFFERENT_OWNER_INSTITUTION
