gbifID	datasetKey	occurrenceID	kingdom	phylum	class	order	family	genus	species	infraspecificEpithet	taxonRank	scientificName	verbatimScientificName	verbatimScientificNameAuthorship	countryCode	locality	stateProvince	occurrenceStatus	individualCount	publishingOrgKey	decimalLatitude	decimalLongitude	coordinateUncertaintyInMeters	coordinatePrecision	elevation	elevationAccuracy	depth	depthAccuracy	eventDate	day	month	year	taxonKey	speciesKey	basisOfRecord	institutionCode	collectionCode	catalogNumber	recordNumber	identifiedBy	dateIdentified	license	rightsHolder	recordedBy	typeStatus	establishmentMeans	lastInterpreted	mediaType	issue
617548044	21705170-d2b6-42de-8904-c3bca4b83591	CMMF001234	Fungi	Basidiomycota	Agaricomycetes	Agaricales	Hygrophoraceae	Hygrocybe	Hygrocybe coccinea		SPECIES	Hygrocybe coccinea (Schaeff.) P.Kumm.	Hygrocybe coccinea (Schaeff.) P. Kumm.	(Schaeff.) P. Kumm.	CA	Knowlton	Québec	PRESENT		ff7bd5db-b724-4932-b496-10ea298851f9	45.21836	-72.508084	2000.0						1990-09-19	19	9	1990	2538445	2538445	PRESERVED_SPECIMEN	Université de Montréal Biodiversity Centre	CMMF	CMMF001234		Lamoureux, Yves		CC0_1_0	Université de Montréal Biodiversity Centre	Lamoureux, Yves			2024-01-24T16:38:16.570Z	StillImage	INSTITUTION_MATCH_FUZZY;COLLECTION_MATCH_FUZZY;DIFFERENT_OWNER_INSTITUTION
4946377258	50c9509d-22c7-4a22-a47d-8c48425ef4a7	https://www.inaturalist.org/observations/239707112	Fungi	Basidiomycota	Agaricomycetes	Agaricales	Hygrophoraceae	Hygrocybe	Hygrocybe coccinea		SPECIES	Hygrocybe coccinea (Schaeff.) P.Kumm.	Hygrocybe coccinea		CA		Québec	PRESENT		28eb1a3f-1c15-4a95-931a-4af90ecb574d	46.770725	-71.17588	5.0						2024-09-01T14:21:53	1	9	2024	2538445	2538445	HUMAN_OBSERVATION	iNaturalist	Observations	239707112		shatov	2024-09-03T23:44:06	CC_BY_NC_4_0	shatov	shatov			2025-01-14T12:50:11.177Z	StillImage	CONTINENT_DERIVED_FROM_COORDINATES;TAXON_MATCH_TAXON_ID_IGNORED
4946074486	50c9509d-22c7-4a22-a47d-8c48425ef4a7	https://www.inaturalist.org/observations/241184210	Fungi	Basidiomycota	Agaricomycetes	Agaricales	Hygrophoraceae	Hygrocybe	Hygrocybe coccinea		SPECIES	Hygrocybe coccinea (Schaeff.) P.Kumm.	Hygrocybe coccinea		CA		Nova Scotia	PRESENT		28eb1a3f-1c15-4a95-931a-4af90ecb574d	45.139245	-64.66743	15.0						2024-09-11T11:08	11	9	2024	2538445	2538445	HUMAN_OBSERVATION	iNaturalist	Observations	241184210		Kim and Jamie	2024-09-11T21:57:12	CC_BY_NC_4_0	Kim and Jamie	Kim and Jamie			2025-01-14T12:53:59.048Z	StillImage	COORDINATE_ROUNDED;CONTINENT_DERIVED_FROM_COORDINATES;TAXON_MATCH_TAXON_ID_IGNORED
4945806273	50c9509d-22c7-4a22-a47d-8c48425ef4a7	https://www.inaturalist.org/observations/241713790	Fungi	Basidiomycota	Agaricomycetes	Agaricales	Hygrophoraceae	Hygrocybe	Hygrocybe coccinea		SPECIES	Hygrocybe coccinea (Schaeff.) P.Kumm.	Hygrocybe coccinea		CA		Ontario	PRESENT		28eb1a3f-1c15-4a95-931a-4af90ecb574d	45.096992	-75.632417	4.0						2024-09-14T15:33:44	14	9	2024	2538445	2538445	HUMAN_OBSERVATION	iNaturalist	Observations	241713790		breana_kirby	2024-09-14T19:47:33	CC_BY_NC_4_0	breana_kirby	breana_kirby			2025-01-14T12:54:20.577Z	StillImage	COORDINATE_ROUNDED;CONTINENT_DERIVED_FROM_COORDINATES;TAXON_MATCH_TAXON_ID_IGNORED
4908211302	50c9509d-22c7-4a22-a47d-8c48425ef4a7	https://www.inaturalist.org/observations/229363826	Fungi	Basidiomycota	Agaricomycetes	Agaricales	Hygrophoraceae	Hygrocybe	Hygrocybe coccinea		SPECIES	Hygrocybe coccinea (Schaeff.) P.Kumm.	Hygrocybe coccinea		CA		Ontario	PRESENT		28eb1a3f-1c15-4a95-931a-4af90ecb574d	45.599237	-78.688478	8.0						2021-10-05T14:12:54	5	10	2021	2538445	2538445	HUMAN_OBSERVATION	iNaturalist	Observations	229363826		Iceburner -	2024-07-14T21:41:42	CC_BY_NC_4_0	Iceburner -	Iceburner -			2025-01-14T13:42:00.572Z	StillImage	COORDINATE_ROUNDED;CONTINENT_DERIVED_FROM_COORDINATES;TAXON_MATCH_TAXON_ID_IGNORED
4512079087	50c9509d-22c7-4a22-a47d-8c48425ef4a7	https://www.inaturalist.org/observations/178800731	Fungi	Basidiomycota	Agaricomycetes	Agaricales	Hygrophoraceae	Hygrocybe	Hygrocybe coccinea		SPECIES	Hygrocybe coccinea (Schaeff.) P.Kumm.	Hygrocybe coccinea		CA		Ontario	PRESENT		28eb1a3f-1c15-4a95-931a-4af90ecb574d	45.331287	-76.75983	3251.0						2022-09-21T13:19:07	21	9	2022	2538445	2538445	HUMAN_OBSERVATION	iNaturalist	Observations	178800731		jennethbee	2023-08-17T05:59:59	CC_BY_NC_4_0	jennethbee	jennethbee			2025-01-14T12:40:52.561Z	StillImage	COORDINATE_ROUNDED;CONTINENT_DERIVED_FROM_COORDINATES;TAXON_MATCH_TAXON_ID_IGNORED
4414221590	50c9509d-22c7-4a22-a47d-8c48425ef4a7	https://www.inaturalist.org/observations/183310699	Fungi	Basidiomycota	Agaricomycetes	Agaricales	Hygrophoraceae	Hygrocybe	Hygrocybe coccinea		SPECIES	Hygrocybe coccinea (Schaeff.) P.Kumm.	Hygrocybe coccinea		CA		Québec	PRESENT		28eb1a3f-1c15-4a95-931a-4af90ecb574d	45.898306	-74.252186	111.0						2023-09-14T10:42:55	14	9	2023	2538445	2538445	HUMAN_OBSERVATION	iNaturalist	Observations	183310699		sarah macdonald	2023-09-15T03:16:41	CC_BY_4_0	sarah macdonald	sarah macdonald			2025-01-14T13:29:01.958Z	StillImage	COORDINATE_ROUNDED;CONTINENT_DERIVED_FROM_COORDINATES;TAXON_MATCH_TAXON_ID_IGNORED
4404995530	50c9509d-22c7-4a22-a47d-8c48425ef4a7	https://www.inaturalist.org/observations/180019782	Fungi	Basidiomycota	Agaricomycetes	Agaricales	Hygrophoraceae	Hygrocybe	Hygrocybe coccinea		SPECIES	Hygrocybe coccinea (Schaeff.) P.Kumm.	Hygrocybe coccinea		CA		Ontario	PRESENT		28eb1a3f-1c15-4a95-931a-4af90ecb574d	45.229559	-79.288304	3.0						2023-08-24T15:53:54	24	8	2023	2538445	2538445	HUMAN_OBSERVATION	iNaturalist	Observations	180019782		ajwc95	2023-08-24T19:55:33	CC_BY_NC_4_0	ajwc95	ajwc95			2025-01-14T12:38:35.083Z	StillImage	COORDINATE_ROUNDED;CONTINENT_DERIVED_FROM_COORDINATES;TAXON_MATCH_TAXON_ID_IGNORED
4166285692	695cef75-b65f-4776-b2ed-74565eebb16e	02-01000956681	Fungi	Basidiomycota	Agaricomycetes	Agaricales	Hygrophoraceae	Hygrocybe	Hygrocybe coccinea		SPECIES	Hygrocybe coccinea (Schaeff.) P.Kumm.	Hygrocybe coccinea	(Schaeff.) P. Kumm.	CA	Algonquin Park, South Lookout Trail	Ontario	PRESENT		055bd978-2daa-4543-b3f0-44e0e87e86ca	45.575	-78.408333							1974-08-13	13	8	1974	2538445	2538445	PRESERVED_SPECIMEN	AAFC	DAOM	186578		D. Malloch		CC_BY_4_0	©His Majesty the King in Right of Canada, as represented by the Minister of Agriculture and Agri-Food	P. Johnson			2025-01-12T05:11:16.297Z		GEODETIC_DATUM_ASSUMED_WGS84;CONTINENT_DERIVED_FROM_COORDINATES;TAXON_MATCH_TAXON_ID_IGNORED;INSTITUTION_MATCH_FUZZY
4166284699	695cef75-b65f-4776-b2ed-74565eebb16e	02-01000956710	Fungi	Basidiomycota	Agaricomycetes	Agaricales	Hygrophoraceae	Hygrocybe	Hygrocybe coccinea		SPECIES	Hygrocybe miniata (Scop.) Murrill	Hygrocybe miniata	(Scop.) Murrill	CA	Parc Laurentide, Rte. Principal, near Lake Granpre & Lake Nadrea	Quebec	PRESENT		055bd978-2daa-4543-b3f0-44e0e87e86ca	47.455556	-71.245833							1981-08-15	15	8	1981	8133617	2538445	PRESERVED_SPECIMEN	AAFC	DAOM	180814		S.A. Redhead		CC_BY_4_0	©His Majesty the King in Right of Canada, as represented by the Minister of Agriculture and Agri-Food	M.E. Elliott Foray Group			2025-01-12T05:11:16.100Z		GEODETIC_DATUM_ASSUMED_WGS84;CONTINENT_DERIVED_FROM_COORDINATES;TAXON_MATCH_TAXON_ID_IGNORED;INSTITUTION_MATCH_FUZZY
4152722216	d8cd16ba-bb74-4420-821e-083f2bac17c2	ON943340	Fungi	Basidiomycota	Agaricomycetes	Agaricales	Hygrophoraceae	Hygrocybe	Hygrocybe coccinea		SPECIES	Hygrocybe coccinea (Schaeff.) P.Kumm.	Hygrocybe aff. coccinea		CA	Quebec		PRESENT		ada9d123-ddb4-467d-8891-806ea8d94230	46.56	-72.41							2020-09-23	23	9	2020	2538445	2538445	PRESERVED_SPECIMEN			iNat66901477		Bitty A Roy		CC_BY_4_0		Renee Lebeuf and Andre Paul			2025-01-18T13:04:58.981Z		GEODETIC_DATUM_ASSUMED_WGS84;CONTINENT_DERIVED_FROM_COORDINATES;TAXON_MATCH_TAXON_CONCEPT_ID_IGNORED;TAXON_MATCH_TAXON_ID_IGNORED
4137665635	50c9509d-22c7-4a22-a47d-8c48425ef4a7	https://www.inaturalist.org/observations/135576447	Fungi	Basidiomycota	Agaricomycetes	Agaricales	Hygrophoraceae	Hygrocybe	Hygrocybe coccinea		SPECIES	Hygrocybe coccinea (Schaeff.) P.Kumm.	Hygrocybe coccinea		CA		Ontario	PRESENT		28eb1a3f-1c15-4a95-931a-4af90ecb574d	45.407785	-75.544427							2022-09-18T13:03	18	9	2022	2538445	2538445	HUMAN_OBSERVATION	iNaturalist	Observations	135576447		Igor Khomenko	2022-09-18T21:01:36	CC_BY_NC_4_0	Igor Khomenko	Igor Khomenko			2025-01-14T12:33:55.634Z	StillImage	COORDINATE_ROUNDED;CONTINENT_DERIVED_FROM_COORDINATES;TAXON_MATCH_TAXON_ID_IGNORED
4028665828	50c9509d-22c7-4a22-a47d-8c48425ef4a7	https://www.inaturalist.org/observations/135042895	Fungi	Basidiomycota	Agaricomycetes	Agaricales	Hygrophoraceae	Hygrocybe	Hygrocybe coccinea		SPECIES	Hygrocybe coccinea (Schaeff.) P.Kumm.	Hygrocybe coccinea		CA		Ontario	PRESENT		28eb1a3f-1c15-4a95-931a-4af90ecb574d	45.819195	-77.182337	5.0						2022-09-14T17:25:43	14	9	2022	2538445	2538445	HUMAN_OBSERVATION	iNaturalist	Observations	135042895		chloe_emess	2022-09-14T21:40:21	CC_BY_NC_4_0	chloe_emess	chloe_emess			2025-01-14T13:25:41.552Z	StillImage	COORDINATE_ROUNDED;CONTINENT_DERIVED_FROM_COORDINATES;TAXON_MATCH_TAXON_ID_IGNORED
4011591630	50c9509d-22c7-4a22-a47d-8c48425ef4a7	https://www.inaturalist.org/observations/143187759	Fungi	Basidiomycota	Agaricomycetes	Agaricales	Hygrophoraceae	Hygrocybe	Hygrocybe coccinea		SPECIES	Hygrocybe coccinea (Schaeff.) P.Kumm.	Hygrocybe coccinea		CA		Québec	PRESENT		28eb1a3f-1c15-4a95-931a-4af90ecb574d	46.916951	-71.237859	31.0						2022-09-11	11	9	2022	2538445	2538445	HUMAN_OBSERVATION	iNaturalist	Observations	143187759		cinna_latifolia	2022-12-28T05:36:05	CC_BY_NC_4_0	Christian Grenier	Christian Grenier			2025-01-14T12:32:29.205Z	StillImage	COORDINATE_ROUNDED;CONTINENT_DERIVED_FROM_COORDINATES;TAXON_MATCH_TAXON_ID_IGNORED
4009914643	50c9509d-22c7-4a22-a47d-8c48425ef4a7	https://www.inaturalist.org/observations/144354595	Fungi	Basidiomycota	Agaricomycetes	Agaricales	Hygrophoraceae	Hygrocybe	Hygrocybe coccinea		SPECIES	Hygrocybe coccinea (Schaeff.) P.Kumm.	Hygrocybe coccinea		CA		Ontario	PRESENT		28eb1a3f-1c15-4a95-931a-4af90ecb574d	45.029823	-75.658242	32.0						2022-09-11T13:03:18	11	9	2022	2538445	2538445	HUMAN_OBSERVATION	iNaturalist	Observations	144354595		Seabrooke Leckie	2022-12-14T11:59:36	CC_BY_NC_4_0	Seabrooke Leckie	Seabrooke Leckie			2025-01-14T13:26:16.589Z	StillImage	COORDINATE_ROUNDED;CONTINENT_DERIVED_FROM_COORDINATES;TAXON_MATCH_TAXON_ID_IGNORED
4009781581	50c9509d-22c7-4a22-a47d-8c48425ef4a7	https://www.inaturalist.org/observations/141087989	Fungi	Basidiomycota	Agaricomycetes	Agaricales	Hygrophoraceae	Hygrocybe	Hygrocybe coccinea		SPECIES	Hygrocybe coccinea (Schaeff.) P.Kumm.	Hygrocybe coccinea		CA		New Brunswick	PRESENT		28eb1a3f-1c15-4a95-931a-4af90ecb574d	45.53183	-65.82919							2021-08-12	12	8	2021	2538445	2538445	HUMAN_OBSERVATION	iNaturalist	Observations	141087989		Alex Hood	2022-11-04T18:26:22	CC_BY_NC_4_0	Alex Hood	Alex Hood			2025-01-14T12:33:03.075Z	StillImage	CONTINENT_DERIVED_FROM_COORDINATES;TAXON_MATCH_TAXON_ID_IGNORED
3968820207	d8cd16ba-bb74-4420-821e-083f2bac17c2	JN029441	Fungi	Basidiomycota	Agaricomycetes	Agaricales	Hygrophoraceae	Hygrocybe	Hygrocybe coccinea		SPECIES	Hygrocybe coccinea (Schaeff.) P.Kumm.	Hygrocybe coccinea		CA	Wildlife Research Station, Algonquin Provincial Park		PRESENT		ada9d123-ddb4-467d-8891-806ea8d94230	45.56	-78.58							2006-09-30	30	9	2006	2538445	2538445	PRESERVED_SPECIMEN			TRTC150937		Maryna Ya Didukh		CC_BY_4_0		Maryna Didukh			2025-01-18T13:03:52.494Z		GEODETIC_DATUM_ASSUMED_WGS84;CONTINENT_DERIVED_FROM_COORDINATES;TAXON_MATCH_TAXON_CONCEPT_ID_IGNORED;TAXON_MATCH_TAXON_ID_IGNORED
3912131525	50c9509d-22c7-4a22-a47d-8c48425ef4a7	https://www.inaturalist.org/observations/134854080	Fungi	Basidiomycota	Agaricomycetes	Agaricales	Hygrophoraceae	Hygrocybe	Hygrocybe coccinea		SPECIES	Hygrocybe coccinea (Schaeff.) P.Kumm.	Hygrocybe coccinea		CA		New Brunswick	PRESENT		28eb1a3f-1c15-4a95-931a-4af90ecb574d	46.180776	-67.628439	8.0						2022-09-13T10:24:37	13	9	2022	2538445	2538445	HUMAN_OBSERVATION	iNaturalist	Observations	134854080		jackievandijk	2022-09-13T13:29:23	CC_BY_NC_4_0	jackievandijk	jackievandijk			2025-01-14T13:25:39.897Z	StillImage	COORDINATE_ROUNDED;CONTINENT_DERIVED_FROM_COORDINATES;TAXON_MATCH_TAXON_ID_IGNORED
3902858322	50c9509d-22c7-4a22-a47d-8c48425ef4a7	https://www.inaturalist.org/observations/134085137	Fungi	Basidiomycota	Agaricomycetes	Agaricales	Hygrophoraceae	Hygrocybe	Hygrocybe coccinea		SPECIES	Hygrocybe coccinea (Schaeff.) P.Kumm.	Hygrocybe coccinea		CA		Ontario	PRESENT		28eb1a3f-1c15-4a95-931a-4af90ecb574d	45.394413	-75.508552							2022-09-07T14:14	7	9	2022	2538445	2538445	HUMAN_OBSERVATION	iNaturalist	Observations	134085137		Igor Khomenko	2022-09-07T20:17:10	CC_BY_NC_4_0	Igor Khomenko	Igor Khomenko			2025-01-14T12:31:25.572Z	StillImage	COORDINATE_ROUNDED;CONTINENT_DERIVED_FROM_COORDINATES;TAXON_MATCH_TAXON_ID_IGNORED
3892455717	50c9509d-22c7-4a22-a47d-8c48425ef4a7	https://www.inaturalist.org/observations/130365979	Fungi	Basidiomycota	Agaricomycetes	Agaricales	Hygrophoraceae	Hygrocybe	Hygrocybe coccinea		SPECIES	Hygrocybe coccinea (Schaeff.) P.Kumm.	Hygrocybe coccinea		CA		Québec	PRESENT		28eb1a3f-1c15-4a95-931a-4af90ecb574d	46.965478	-71.794342	7.0						2022-08-11T08:46:19	11	8	2022	2538445	2538445	HUMAN_OBSERVATION	iNaturalist	Observations	130365979		sylver73	2022-08-11T12:47:43	CC_BY_NC_4_0	sylver73	sylver73			2025-01-14T13:19:01.653Z	StillImage	COORDINATE_ROUNDED;CONTINENT_DERIVED_FROM_COORDINATES;TAXON_MATCH_TAXON_ID_IGNORED
3785060305	50c9509d-22c7-4a22-a47d-8c48425ef4a7	https://www.inaturalist.org/observations/16811566	Fungi	Basidiomycota	Agaricomycetes	Agaricales	Hygrophoraceae	Hygrocybe	Hygrocybe coccinea		SPECIES	Hygrocybe coccinea (Schaeff.) P.Kumm.	Hygrocybe coccinea		CA		Ontario	PRESENT		28eb1a3f-1c15-4a95-931a-4af90ecb574d	45.509526	-75.336483	61.0						2018-09-22T10:14	22	9	2018	2538445	2538445	HUMAN_OBSERVATION	iNaturalist	Observations	16811566		Mike Leveille	2018-09-22T22:51:55	CC_BY_NC_4_0	Mike Leveille	Mike Leveille			2025-01-14T12:58:19.025Z	StillImage	COORDINATE_ROUNDED;CONTINENT_DERIVED_FROM_COORDINATES;TAXON_MATCH_TAXON_ID_IGNORED
3773051373	50c9509d-22c7-4a22-a47d-8c48425ef4a7	https://www.inaturalist.org/observations/60262359	Fungi	Basidiomycota	Agaricomycetes	Agaricales	Hygrophoraceae	Hygrocybe	Hygrocybe coccinea		SPECIES	Hygrocybe coccinea (Schaeff.) P.Kumm.	Hygrocybe coccinea		CA		Ontario	PRESENT		28eb1a3f-1c15-4a95-931a-4af90ecb574d	45.225566	-76.19406	2813.0						2020-09-20T13:29:17	20	9	2020	2538445	2538445	HUMAN_OBSERVATION	iNaturalist	Observations	60262359		macjoy	2020-09-24T14:02:32	CC_BY_NC_4_0	macjoy	macjoy			2025-01-14T13:10:03.040Z	StillImage	COORDINATE_ROUNDED;CONTINENT_DERIVED_FROM_COORDINATES;TAXON_MATCH_TAXON_ID_IGNORED
3772790374	50c9509d-22c7-4a22-a47d-8c48425ef4a7	https://www.inaturalist.org/observations/59393656	Fungi	Basidiomycota	Agaricomycetes	Agaricales	Hygrophoraceae	Hygrocybe	Hygrocybe coccinea		SPECIES	Hygrocybe coccinea (Schaeff.) P.Kumm.	Hygrocybe coccinea		CA		Ontario	PRESENT		28eb1a3f-1c15-4a95-931a-4af90ecb574d	45.507923	-75.337025	181.0						2020-09-12T10:19	12	9	2020	2538445	2538445	HUMAN_OBSERVATION	iNaturalist	Observations	59393656		Mike Leveille	2020-09-13T00:48:42	CC_BY_NC_4_0	Mike Leveille	Mike Leveille			2025-01-14T13:10:53.489Z	StillImage	COORDINATE_ROUNDED;CONTINENT_DERIVED_FROM_COORDINATES;TAXON_MATCH_TAXON_ID_IGNORED
3772772358	50c9509d-22c7-4a22-a47d-8c48425ef4a7	https://www.inaturalist.org/observations/61213920	Fungi	Basidiomycota	Agaricomycetes	Agaricales	Hygrophoraceae	Hygrocybe	Hygrocybe coccinea		SPECIES	Hygrocybe coccinea (Schaeff.) P.Kumm.	Hygrocybe coccinea		CA		Ontario	PRESENT		28eb1a3f-1c15-4a95-931a-4af90ecb574d	45.204538	-76.22431	370.0						2020-09-18T22:30	18	9	2020	2538445	2538445	HUMAN_OBSERVATION	iNaturalist	Observations	61213920		Ken Allison	2020-09-29T14:51:29	CC_BY_NC_4_0	Ken Allison	Ken Allison			2025-01-14T12:15:59.663Z	StillImage	COORDINATE_ROUNDED;CONTINENT_DERIVED_FROM_COORDINATES;TAXON_MATCH_TAXON_ID_IGNORED
3772637451	50c9509d-22c7-4a22-a47d-8c48425ef4a7	https://www.inaturalist.org/observations/97690414	Fungi	Basidiomycota	Agaricomycetes	Agaricales	Hygrophoraceae	Hygrocybe	Hygrocybe coccinea		SPECIES	Hygrocybe coccinea (Schaeff.) P.Kumm.	Hygrocybe coccinea		CA		Québec	PRESENT		28eb1a3f-1c15-4a95-931a-4af90ecb574d	45.685262	-75.843842	36.0						2021-10-09T12:29:49	9	10	2021	2538445	2538445	HUMAN_OBSERVATION	iNaturalist	Observations	97690414		bowser181	2021-10-09T20:20:58	CC_BY_NC_4_0	bowser181	bowser181			2025-01-14T12:24:48.040Z	StillImage	COORDINATE_ROUNDED;CONTINENT_DERIVED_FROM_COORDINATES;TAXON_MATCH_TAXON_ID_IGNORED
3772553468	50c9509d-22c7-4a22-a47d-8c48425ef4a7	https://www.inaturalist.org/observations/102133151	Fungi	Basidiomycota	Agaricomycetes	Agaricales	Hygrophoraceae	Hygrocybe	Hygrocybe coccinea		SPECIES	Hygrocybe coccinea (Schaeff.) P.Kumm.	Hygrocybe coccinea		CA		Ontario	PRESENT		28eb1a3f-1c15-4a95-931a-4af90ecb574d	45.528825	-78.706495	100.0						2016-09-23T15:25	23	9	2016	2538445	2538445	HUMAN_OBSERVATION	iNaturalist	Observations	102133151		Stephen Luk	2021-11-29T00:59:09	CC_BY_NC_4_0	Stephen Luk	Stephen Luk			2025-01-14T13:16:58.108Z	StillImage	COORDINATE_ROUNDED;CONTINENT_DERIVED_FROM_COORDINATES;TAXON_MATCH_TAXON_ID_IGNORED
3465944289	50c9509d-22c7-4a22-a47d-8c48425ef4a7	https://www.inaturalist.org/observations/105573003	Fungi	Basidiomycota	Agaricomycetes	Agaricales	Hygrophoraceae	Hygrocybe	Hygrocybe coccinea		SPECIES	Hygrocybe coccinea (Schaeff.) P.Kumm.	Hygrocybe coccinea		CA		Québec	PRESENT		28eb1a3f-1c15-4a95-931a-4af90ecb574d	45.692378	-72.266818	91.0						2011-09-10T16:05	10	9	2011	2538445	2538445	HUMAN_OBSERVATION	iNaturalist	Observations	105573003		René Faucher	2022-01-25T21:02:22	CC_BY_NC_4_0	René Faucher	René Faucher			2025-01-14T12:25:02.975Z	StillImage	COORDINATE_ROUNDED;CONTINENT_DERIVED_FROM_COORDINATES;TAXON_MATCH_TAXON_ID_IGNORED
3457025777	50c9509d-22c7-4a22-a47d-8c48425ef4a7	https://www.inaturalist.org/observations/104876356	Fungi	Basidiomycota	Agaricomycetes	Agaricales	Hygrophoraceae	Hygrocybe	Hygrocybe coccinea		SPECIES	Hygrocybe coccinea (Schaeff.) P.Kumm.	Hygrocybe coccinea		CA		Ontario	PRESENT		28eb1a3f-1c15-4a95-931a-4af90ecb574d	45.023005	-77.588812	15.0						2020-08-12T13:40	12	8	2020	2538445	2538445	HUMAN_OBSERVATION	iNaturalist	Observations	104876356		Jim Thompson	2022-01-13T19:12:54	CC_BY_NC_4_0	Jim Thompson	Jim Thompson			2025-01-14T12:24:52.807Z	StillImage	COORDINATE_ROUNDED;CONTINENT_DERIVED_FROM_COORDINATES;TAXON_MATCH_TAXON_ID_IGNORED
3456099128	50c9509d-22c7-4a22-a47d-8c48425ef4a7	https://www.inaturalist.org/observations/97711392	Fungi	Basidiomycota	Agaricomycetes	Agaricales	Hygrophoraceae	Hygrocybe	Hygrocybe coccinea		SPECIES	Hygrocybe coccinea (Schaeff.) P.Kumm.	Hygrocybe coccinea		CA		Ontario	PRESENT		28eb1a3f-1c15-4a95-931a-4af90ecb574d	45.291203	-75.83203	5.0						2021-10-09T16:54:36	9	10	2021	2538445	2538445	HUMAN_OBSERVATION	iNaturalist	Observations	97711392		cinna_latifolia	2021-12-29T05:26:05	CC_BY_NC_4_0	Sophie Roy	Sophie Roy			2025-01-14T13:15:47.380Z	StillImage	COORDINATE_ROUNDED;CONTINENT_DERIVED_FROM_COORDINATES;TAXON_MATCH_TAXON_ID_IGNORED
3416066639	50c9509d-22c7-4a22-a47d-8c48425ef4a7	https://www.inaturalist.org/observations/101802512	Fungi	Basidiomycota	Agaricomycetes	Agaricales	Hygrophoraceae	Hygrocybe	Hygrocybe coccinea		SPECIES	Hygrocybe coccinea (Schaeff.) P.Kumm.	Hygrocybe coccinea		CA		New Brunswick	PRESENT		28eb1a3f-1c15-4a95-931a-4af90ecb574d	46.424846	-64.650043	1090.0						2021-09-22T14:19	22	9	2021	2538445	2538445	HUMAN_OBSERVATION	iNaturalist	Observations	101802512		Stuart Tingley	2021-11-24T04:02:17	CC_BY_NC_4_0	Stuart Tingley	Stuart Tingley			2025-01-14T13:17:09.221Z	StillImage	COORDINATE_ROUNDED;CONTINENT_DERIVED_FROM_COORDINATES;TAXON_MATCH_TAXON_ID_IGNORED
3384281551	50c9509d-22c7-4a22-a47d-8c48425ef4a7	https://www.inaturalist.org/observations/61421984	Fungi	Basidiomycota	Agaricomycetes	Agaricales	Hygrophoraceae	Hygrocybe	Hygrocybe coccinea		SPECIES	Hygrocybe coccinea (Schaeff.) P.Kumm.	Hygrocybe coccinea		CA		Ontario	PRESENT		28eb1a3f-1c15-4a95-931a-4af90ecb574d	45.405651	-75.574092							2020-09-15T16:27:05	15	9	2020	2538445	2538445	HUMAN_OBSERVATION	iNaturalist	Observations	61421984		Lindsay Boudreau	2020-10-01T20:16:56	CC_BY_NC_4_0	Lindsay Boudreau	Lindsay Boudreau			2025-01-14T12:15:58.205Z	StillImage	COORDINATE_ROUNDED;CONTINENT_DERIVED_FROM_COORDINATES;TAXON_MATCH_TAXON_ID_IGNORED
3383866545	50c9509d-22c7-4a22-a47d-8c48425ef4a7	https://www.inaturalist.org/observations/61422368	Fungi	Basidiomycota	Agaricomycetes	Agaricales	Hygrophoraceae	Hygrocybe	Hygrocybe coccinea		SPECIES	Hygrocybe coccinea (Schaeff.) P.Kumm.	Hygrocybe coccinea		CA		Ontario	PRESENT		28eb1a3f-1c15-4a95-931a-4af90ecb574d	45.403414	-75.566565							2020-09-15T15:47:55	15	9	2020	2538445	2538445	HUMAN_OBSERVATION	iNaturalist	Observations	61422368		Lindsay Boudreau	2020-10-01T20:21:49	CC_BY_NC_4_0	Lindsay Boudreau	Lindsay Boudreau			2025-01-14T12:16:01.100Z	StillImage	COORDINATE_ROUNDED;CONTINENT_DERIVED_FROM_COORDINATES;TAXON_MATCH_TAXON_ID_IGNORED
3013879508	50c9509d-22c7-4a22-a47d-8c48425ef4a7	https://www.inaturalist.org/observations/57724164	Fungi	Basidiomycota	Agaricomycetes	Agaricales	Hygrophoraceae	Hygrocybe	Hygrocybe coccinea		SPECIES	Hygrocybe coccinea (Schaeff.) P.Kumm.	Hygrocybe coccinea		CA		Québec	PRESENT		28eb1a3f-1c15-4a95-931a-4af90ecb574d	46.839295	-72.962221	91640.0						2020-08-23T12:55:22	23	8	2020	2538445	2538445	HUMAN_OBSERVATION	iNaturalist	Observations	57724164		cinna_latifolia	2020-12-28T23:37:53	CC_BY_NC_4_0	a_leneyg	a_leneyg			2025-01-14T12:14:27.083Z	StillImage	COORDINATE_ROUNDED;CONTINENT_DERIVED_FROM_COORDINATES;TAXON_MATCH_TAXON_ID_IGNORED
2873714586	50c9509d-22c7-4a22-a47d-8c48425ef4a7	https://www.inaturalist.org/observations/60671221	Fungi	Basidiomycota	Agaricomycetes	Agaricales	Hygrophoraceae	Hygrocybe	Hygrocybe coccinea		SPECIES	Hygrocybe coccinea (Schaeff.) P.Kumm.	Hygrocybe coccinea		CA		Ontario	PRESENT		28eb1a3f-1c15-4a95-931a-4af90ecb574d	45.581417	-78.408112	33.0						2020-09-24T15:37:44	24	9	2020	2538445	2538445	HUMAN_OBSERVATION	iNaturalist	Observations	60671221		localsloth	2020-09-25T01:17:42	CC_BY_NC_4_0	localsloth	localsloth			2025-01-14T12:15:01.445Z	StillImage	COORDINATE_ROUNDED;CONTINENT_DERIVED_FROM_COORDINATES;TAXON_MATCH_TAXON_ID_IGNORED
2868356495	50c9509d-22c7-4a22-a47d-8c48425ef4a7	https://www.inaturalist.org/observations/58355594	Fungi	Basidiomycota	Agaricomycetes	Agaricales	Hygrophoraceae	Hygrocybe	Hygrocybe coccinea		SPECIES	Hygrocybe coccinea (Schaeff.) P.Kumm.	Hygrocybe coccinea		CA		Québec	PRESENT		28eb1a3f-1c15-4a95-931a-4af90ecb574d	45.737589	-76.032444	13.0						2020-09-02T15:11:10	2	9	2020	2538445	2538445	HUMAN_OBSERVATION	iNaturalist	Observations	58355594		bharkness	2020-09-02T20:28:03	CC_BY_NC_4_0	Kyle Cummings-Bentley	Kyle Cummings-Bentley			2025-01-14T13:05:35.381Z	StillImage	COORDINATE_ROUNDED;CONTINENT_DERIVED_FROM_COORDINATES;TAXON_MATCH_TAXON_ID_IGNORED
2864775629	50c9509d-22c7-4a22-a47d-8c48425ef4a7	https://www.inaturalist.org/observations/59332130	Fungi	Basidiomycota	Agaricomycetes	Agaricales	Hygrophoraceae	Hygrocybe	Hygrocybe coccinea		SPECIES	Hygrocybe coccinea (Schaeff.) P.Kumm.	Hygrocybe coccinea		CA		Ontario	PRESENT		28eb1a3f-1c15-4a95-931a-4af90ecb574d	45.810802	-77.55668	244.0						2020-09-04T16:53	4	9	2020	2538445	2538445	HUMAN_OBSERVATION	iNaturalist	Observations	59332130		oleq	2020-09-12T16:20:22	CC_BY_NC_4_0	oleq	oleq			2025-01-14T12:15:39.955Z	StillImage	COORDINATE_ROUNDED;CONTINENT_DERIVED_FROM_COORDINATES;TAXON_MATCH_TAXON_ID_IGNORED
2862376719	50c9509d-22c7-4a22-a47d-8c48425ef4a7	https://www.inaturalist.org/observations/58595825	Fungi	Basidiomycota	Agaricomycetes	Agaricales	Hygrophoraceae	Hygrocybe	Hygrocybe coccinea		SPECIES	Hygrocybe coccinea (Schaeff.) P.Kumm.	Hygrocybe coccinea		CA		Ontario	PRESENT		28eb1a3f-1c15-4a95-931a-4af90ecb574d	45.478523	-78.375882	339.0						2020-09-02T16:19	2	9	2020	2538445	2538445	HUMAN_OBSERVATION	iNaturalist	Observations	58595825		Adrienne Ockenden	2020-09-05T13:30:45	CC_BY_NC_4_0	Adrienne Ockenden	Adrienne Ockenden			2025-01-14T12:14:45.984Z	StillImage	COORDINATE_ROUNDED;CONTINENT_DERIVED_FROM_COORDINATES;TAXON_MATCH_TAXON_ID_IGNORED
2860156362	50c9509d-22c7-4a22-a47d-8c48425ef4a7	https://www.inaturalist.org/observations/58368076	Fungi	Basidiomycota	Agaricomycetes	Agaricales	Hygrophoraceae	Hygrocybe	Hygrocybe coccinea		SPECIES	Hygrocybe coccinea (Schaeff.) P.Kumm.	Hygrocybe coccinea		CA		Ontario	PRESENT		28eb1a3f-1c15-4a95-931a-4af90ecb574d	45.601649	-78.343957	1821.0						2020-09-02T16:52:12	2	9	2020	2538445	2538445	HUMAN_OBSERVATION	iNaturalist	Observations	58368076		melissahalton	2020-09-02T22:04:59	CC_BY_NC_4_0	melissahalton	melissahalton			2025-01-14T12:14:40.530Z	StillImage	COORDINATE_ROUNDED;CONTINENT_DERIVED_FROM_COORDINATES;TAXON_MATCH_TAXON_ID_IGNORED
2860132696	50c9509d-22c7-4a22-a47d-8c48425ef4a7	https://www.inaturalist.org/observations/57869912	Fungi	Basidiomycota	Agaricomycetes	Agaricales	Hygrophoraceae	Hygrocybe	Hygrocybe coccinea		SPECIES	Hygrocybe coccinea (Schaeff.) P.Kumm.	Hygrocybe coccinea		CA		Ontario	PRESENT		28eb1a3f-1c15-4a95-931a-4af90ecb574d	45.582505	-78.50785	15.0						2020-08-28T12:18:16	28	8	2020	2538445	2538445	HUMAN_OBSERVATION	iNaturalist	Observations	57869912		terrymcbride	2020-08-28T22:13:49	CC_BY_NC_4_0	sandia712	sandia712			2025-01-14T12:15:26.134Z	StillImage	CONTINENT_DERIVED_FROM_COORDINATES;TAXON_MATCH_TAXON_ID_IGNORED
2860000446	50c9509d-22c7-4a22-a47d-8c48425ef4a7	https://www.inaturalist.org/observations/58451437	Fungi	Basidiomycota	Agaricomycetes	Agaricales	Hygrophoraceae	Hygrocybe	Hygrocybe coccinea		SPECIES	Hygrocybe coccinea (Schaeff.) P.Kumm.	Hygrocybe coccinea		CA		Ontario	PRESENT		28eb1a3f-1c15-4a95-931a-4af90ecb574d	46.068048	-78.474482	488.0						2020-08-31T16:10	31	8	2020	2538445	2538445	HUMAN_OBSERVATION	iNaturalist	Observations	58451437		Michael John Oldham	2020-09-03T21:08:08	CC_BY_NC_4_0	Michael John Oldham	Michael John Oldham			2025-01-14T13:03:59.231Z	StillImage	COORDINATE_ROUNDED;CONTINENT_DERIVED_FROM_COORDINATES;TAXON_MATCH_TAXON_ID_IGNORED
2859932993	50c9509d-22c7-4a22-a47d-8c48425ef4a7	https://www.inaturalist.org/observations/58112878	Fungi	Basidiomycota	Agaricomycetes	Agaricales	Hygrophoraceae	Hygrocybe	Hygrocybe coccinea		SPECIES	Hygrocybe coccinea (Schaeff.) P.Kumm.	Hygrocybe coccinea		CA		Ontario	PRESENT		28eb1a3f-1c15-4a95-931a-4af90ecb574d	45.476853	-78.807633	16.0						2020-08-30T10:58:09	30	8	2020	2538445	2538445	HUMAN_OBSERVATION	iNaturalist	Observations	58112878		Brooke Michell	2020-08-31T02:15:45	CC_BY_NC_4_0	Brooke Michell	Brooke Michell			2025-01-14T13:12:46.701Z	StillImage	COORDINATE_ROUNDED;CONTINENT_DERIVED_FROM_COORDINATES;TAXON_MATCH_TAXON_ID_IGNORED
2851173613	50c9509d-22c7-4a22-a47d-8c48425ef4a7	https://www.inaturalist.org/observations/56354795	Fungi	Basidiomycota	Agaricomycetes	Agaricales	Hygrophoraceae	Hygrocybe	Hygrocybe coccinea		SPECIES	Hygrocybe coccinea (Schaeff.) P.Kumm.	Hygrocybe coccinea		CA		Ontario	PRESENT		28eb1a3f-1c15-4a95-931a-4af90ecb574d	45.574468	-78.533247							2020-08-10	10	8	2020	2538445	2538445	HUMAN_OBSERVATION	iNaturalist	Observations	56354795		Brad Demers	2020-08-13T20:40:38	CC_BY_NC_4_0	Brad Demers	Brad Demers			2025-01-14T12:15:02.626Z	StillImage	COORDINATE_ROUNDED;CONTINENT_DERIVED_FROM_COORDINATES;TAXON_MATCH_TAXON_ID_IGNORED
2573926294	50c9509d-22c7-4a22-a47d-8c48425ef4a7	https://www.inaturalist.org/observations/34320660	Fungi	Basidiomycota	Agaricomycetes	Agaricales	Hygrophoraceae	Hygrocybe	Hygrocybe coccinea		SPECIES	Hygrocybe coccinea (Schaeff.) P.Kumm.	Hygrocybe coccinea		CA		Québec	PRESENT		28eb1a3f-1c15-4a95-931a-4af90ecb574d	46.775498	-71.28789	58.0						2019-10-13T13:30:23	13	10	2019	2538445	2538445	HUMAN_OBSERVATION	iNaturalist	Observations	34320660		cinna_latifolia	2020-02-14T02:55:12	CC_BY_NC_4_0	Ludo Leclerc	Ludo Leclerc			2025-01-14T12:59:47.782Z	StillImage	COORDINATE_ROUNDED;CONTINENT_DERIVED_FROM_COORDINATES;TAXON_MATCH_TAXON_ID_IGNORED
2423613219	21705170-d2b6-42de-8904-c3bca4b83591	CMMF018879	Fungi	Basidiomycota	Agaricomycetes	Agaricales	Hygrophoraceae	Hygrocybe	Hygrocybe coccinea		SPECIES	Hygrophorus coccineus (Schaeff.) Fr.	Hygrophorus coccineus (Schaeff.) Fr.	(Schaeff.) Fr.	CA	Station de biologie des Laurentides, Université de Montréal	Québec	PRESENT		ff7bd5db-b724-4932-b496-10ea298851f9	45.988108	-74.005679	25000.0						1986-08-09	9	8	1986	2538446	2538445	PRESERVED_SPECIMEN	Université de Montréal Biodiversity Centre	CMMF	CMMF018879	s.n.	Nantel, Patrick		CC0_1_0	Université de Montréal Biodiversity Centre	Nantel, Patrick			2024-01-24T16:38:18.686Z		INSTITUTION_MATCH_FUZZY;COLLECTION_MATCH_FUZZY;DIFFERENT_OWNER_INSTITUTION
2251823446	50c9509d-22c7-4a22-a47d-8c48425ef4a7	https://www.inaturalist.org/observations/17099306	Fungi	Basidiomycota	Agaricomycetes	Agaricales	Hygrophoraceae	Hygrocybe	Hygrocybe coccinea		SPECIES	Hygrocybe coccinea (Schaeff.) P.Kumm.	Hygrocybe coccinea		CA		Ontario	PRESENT		28eb1a3f-1c15-4a95-931a-4af90ecb574d	46.166573	-77.630219							2018-10-01T11:18:08	1	10	2018	2538445	2538445	HUMAN_OBSERVATION	iNaturalist	Observations	17099306		Martin John Smith	2018-10-01T15:19:20	CC_BY_NC_4_0	Martin John Smith	Martin John Smith			2025-01-14T12:06:10.325Z	StillImage	COORDINATE_ROUNDED;CONTINENT_DERIVED_FROM_COORDINATES;TAXON_MATCH_TAXON_ID_IGNORED
1990340904	032f1fbe-d21f-407d-be46-5cd1bb1ea397	fa8a33fa-11d0-4838-8186-60d0321cc598	Fungi	Basidiomycota	Agaricomycetes	Agaricales	Hygrophoraceae	Hygrocybe	Hygrocybe coccinea		SPECIES	Hygrocybe miniata (Scop.) Murrill	Hygrocybe miniata	(Scop.) Murrill	CA	Alma, Vic. Alma, Fundy Prov. Pk., Mixed Deciduous Woods, Hardwood Humus	New Brunswick	PRESENT		61c539d8-47e0-4b82-875f-b95aad66dcd4	45.589444	-64.983611							2013-09-24	24	9	2013	8133617	2538445	PRESERVED_SPECIMEN	TENN-F		TENN-F-069043	14378			CC0_1_0		K.W. Hughes			2025-01-12T10:33:36.243Z	StillImage	COORDINATE_ROUNDED;GEODETIC_DATUM_ASSUMED_WGS84;CONTINENT_DERIVED_FROM_COORDINATES;TAXON_MATCH_TAXON_ID_IGNORED;INSTITUTION_MATCH_NONE
1931479978	50c9509d-22c7-4a22-a47d-8c48425ef4a7	https://www.inaturalist.org/observations/16921996	Fungi	Basidiomycota	Agaricomycetes	Agaricales	Hygrophoraceae	Hygrocybe	Hygrocybe coccinea		SPECIES	Hygrocybe coccinea (Schaeff.) P.Kumm.	Hygrocybe coccinea		CA		Ontario	PRESENT		28eb1a3f-1c15-4a95-931a-4af90ecb574d	45.555203	-78.696213	5.0						2018-08-31T13:58:06	31	8	2018	2538445	2538445	HUMAN_OBSERVATION	iNaturalist	Observations	16921996		Jamie Spence	2018-09-26T02:57:39	CC_BY_NC_4_0	Jamie Spence	Jamie Spence			2025-01-14T12:05:52.790Z	StillImage	COORDINATE_ROUNDED;CONTINENT_DERIVED_FROM_COORDINATES;TAXON_MATCH_TAXON_ID_IGNORED
1891336750	50c9509d-22c7-4a22-a47d-8c48425ef4a7	https://www.inaturalist.org/observations/15437458	Fungi	Basidiomycota	Agaricomycetes	Agaricales	Hygrophoraceae	Hygrocybe	Hygrocybe coccinea		SPECIES	Hygrocybe coccinea (Schaeff.) P.Kumm.	Hygrocybe coccinea		CA		Québec	PRESENT		28eb1a3f-1c15-4a95-931a-4af90ecb574d	45.178136	-71.928561	15.0						2018-08-14T17:07	14	8	2018	2538445	2538445	HUMAN_OBSERVATION	iNaturalist	Observations	15437458		Birddogger	2018-08-15T02:02:53	CC_BY_NC_4_0	Birddogger	Birddogger			2025-01-14T13:00:47.610Z	StillImage	COORDINATE_ROUNDED;CONTINENT_DERIVED_FROM_COORDINATES;TAXON_MATCH_TAXON_ID_IGNORED
1891331904	50c9509d-22c7-4a22-a47d-8c48425ef4a7	https://www.inaturalist.org/observations/15417299	Fungi	Basidiomycota	Agaricomycetes	Agaricales	Hygrophoraceae	Hygrocybe	Hygrocybe coccinea		SPECIES	Hygrocybe coccinea (Schaeff.) P.Kumm.	Hygrocybe coccinea		CA		Ontario	PRESENT		28eb1a3f-1c15-4a95-931a-4af90ecb574d	45.074752	-79.023055	69.0						2018-08-11T11:45	11	8	2018	2538445	2538445	HUMAN_OBSERVATION	iNaturalist	Observations	15417299		David LeGros	2018-08-14T13:09:44	CC_BY_NC_4_0	David LeGros	David LeGros			2025-01-14T12:05:50.279Z	StillImage	COORDINATE_ROUNDED;CONTINENT_DERIVED_FROM_COORDINATES;TAXON_MATCH_TAXON_ID_IGNORED
1847647208	50c9509d-22c7-4a22-a47d-8c48425ef4a7	https://www.inaturalist.org/observations/9593325	Fungi	Basidiomycota	Agaricomycetes	Agaricales	Hygrophoraceae	Hygrocybe	Hygrocybe coccinea		SPECIES	Hygrocybe coccinea (Schaeff.) P.Kumm.	Hygrocybe coccinea		CA		Ontario	PRESENT		28eb1a3f-1c15-4a95-931a-4af90ecb574d	45.39615	-79.19605	427.0						2016-09-20	20	9	2016	2538445	2538445	HUMAN_OBSERVATION	iNaturalist	Observations	9593325		mycowalt	2018-01-24T02:00:12	CC_BY_NC_4_0	mycowalt	mycowalt			2025-01-14T12:04:23.091Z	StillImage	CONTINENT_DERIVED_FROM_COORDINATES;TAXON_MATCH_TAXON_ID_IGNORED
1806332190	50c9509d-22c7-4a22-a47d-8c48425ef4a7	https://www.inaturalist.org/observations/9372543	Fungi	Basidiomycota	Agaricomycetes	Agaricales	Hygrophoraceae	Hygrocybe	Hygrocybe coccinea		SPECIES	Hygrocybe coccinea (Schaeff.) P.Kumm.	Hygrocybe coccinea		CA		Ontario	PRESENT		28eb1a3f-1c15-4a95-931a-4af90ecb574d	45.297985	-74.69789	61.0						2015-08-27T14:02	27	8	2015	2538445	2538445	HUMAN_OBSERVATION	iNaturalist	Observations	9372543		St.LawrenceRiverInstitute ofEnvirironmentalSciences	2018-01-05T15:55:51	CC_BY_NC_4_0	St.LawrenceRiverInstitute ofEnvirironmentalSciences	St.LawrenceRiverInstitute ofEnvirironmentalSciences			2025-01-14T13:00:11.608Z	StillImage	COORDINATE_ROUNDED;CONTINENT_DERIVED_FROM_COORDINATES;TAXON_MATCH_TAXON_ID_IGNORED
1453425671	50c9509d-22c7-4a22-a47d-8c48425ef4a7	http://inaturalist.ca/observations/5109423	Fungi	Basidiomycota	Agaricomycetes	Agaricales	Hygrophoraceae	Hygrocybe	Hygrocybe coccinea		SPECIES	Hygrocybe coccinea (Schaeff.) P.Kumm.	Hygrocybe coccinea		CA		Québec	PRESENT		28eb1a3f-1c15-4a95-931a-4af90ecb574d	48.844412	-64.266736							2012-09-16T15:14:56	16	9	2012	2538445	2538445	HUMAN_OBSERVATION	iNaturalist	Observations	5109423		Greg Shchepanek	2017-02-14T21:26:27	CC_BY_NC_4_0	Greg Shchepanek	Greg Shchepanek			2025-01-14T12:03:09.245Z		CONTINENT_DERIVED_FROM_COORDINATES;TAXON_MATCH_TAXON_ID_IGNORED
1412709581	21705170-d2b6-42de-8904-c3bca4b83591	CMMF018060	Fungi	Basidiomycota	Agaricomycetes	Agaricales	Hygrophoraceae	Hygrocybe	Hygrocybe coccinea		SPECIES	Hygrophorus coccineus (Schaeff.) Fr.	Hygrophorus coccineus (Schaeff.) Fr.	(Schaeff.) Fr.	CA	Lac Triton (tête du côté gauche), Station de biologie des Laurentides, Saint-Hippolyte, Québec.	Québec	PRESENT		ff7bd5db-b724-4932-b496-10ea298851f9	45.987784	-74.007871	250.0						1977-08-08	8	8	1977	2538446	2538445	PRESERVED_SPECIMEN	Université de Montréal Biodiversity Centre	CMMF	CMMF018060	58	B., A.M.; T., A.; Neumann, Peterjurgen; R., S.		CC0_1_0	Université de Montréal Biodiversity Centre	B., A.M.; T., A.; Neumann, Peterjurgen; R., S.			2024-01-24T16:38:17.935Z		INSTITUTION_MATCH_FUZZY;COLLECTION_MATCH_FUZZY;DIFFERENT_OWNER_INSTITUTION
1412705857	21705170-d2b6-42de-8904-c3bca4b83591	CMMF014281	Fungi	Basidiomycota	Agaricomycetes	Agaricales	Hygrophoraceae	Hygrocybe	Hygrocybe coccinea		SPECIES	Hygrocybe coccinea (Schaeff.) P.Kumm.	Hygrocybe coccinea (Schaeff.) P. Kumm.	(Schaeff.) P. Kumm.	CA	Parc urbain, Chicoutimi, Québec.	Québec	PRESENT		ff7bd5db-b724-4932-b496-10ea298851f9	48.400335	-71.03723	3500.0						1984-08-08	8	8	1984	2538445	2538445	PRESERVED_SPECIMEN	Université de Montréal Biodiversity Centre	CMMF	CMMF014281	1372	Guérin, Gérard		CC0_1_0	Université de Montréal Biodiversity Centre	Guérin, Gérard			2024-01-24T16:38:19.480Z	StillImage	INSTITUTION_MATCH_FUZZY;COLLECTION_MATCH_FUZZY;DIFFERENT_OWNER_INSTITUTION
1135069422	21705170-d2b6-42de-8904-c3bca4b83591	CMMF007986	Fungi	Basidiomycota	Agaricomycetes	Agaricales	Hygrophoraceae	Hygrocybe	Hygrocybe coccinea		SPECIES	Hygrocybe coccinea (Schaeff.) P.Kumm.	Hygrocybe coccinea (Schaeff.) P. Kumm.	(Schaeff.) P. Kumm.	CA	L'Ancienne Lorette	Québec	PRESENT		ff7bd5db-b724-4932-b496-10ea298851f9	46.810667	-71.357983	100.0						2011-09-03	3	9	2011	2538445	2538445	PRESERVED_SPECIMEN	Université de Montréal Biodiversity Centre	CMMF	CMMF007986	C3901	McNeil, Raymond		CC0_1_0	Université de Montréal Biodiversity Centre	McNeil, Raymond			2024-01-24T16:38:15.626Z	StillImage	COORDINATE_ROUNDED;INSTITUTION_MATCH_FUZZY;COLLECTION_MATCH_FUZZY;DIFFERENT_OWNER_INSTITUTION
1135069324	21705170-d2b6-42de-8904-c3bca4b83591	CMMF007820	Fungi	Basidiomycota	Agaricomycetes	Agaricales	Hygrophoraceae	Hygrocybe	Hygrocybe coccinea		SPECIES	Hygrocybe coccinea (Schaeff.) P.Kumm.	Hygrocybe coccinea (Schaeff.) P. Kumm.	(Schaeff.) P. Kumm.	CA	St-Fabien-de-Panet	Québec	PRESENT		ff7bd5db-b724-4932-b496-10ea298851f9	46.6275	-70.11105	100.0						1980-07-26	26	7	1980	2538445	2538445	PRESERVED_SPECIMEN	Université de Montréal Biodiversity Centre	CMMF	CMMF007820	668	McNeil, Raymond		CC0_1_0	Université de Montréal Biodiversity Centre	McNeil, Raymond			2024-01-24T16:38:14.739Z	StillImage	INSTITUTION_MATCH_FUZZY;COLLECTION_MATCH_FUZZY;DIFFERENT_OWNER_INSTITUTION
1135069281	21705170-d2b6-42de-8904-c3bca4b83591	CMMF007830	Fungi	Basidiomycota	Agaricomycetes	Agaricales	Hygrophoraceae	Hygrocybe	Hygrocybe coccinea		SPECIES	Hygrocybe coccinea (Schaeff.) P.Kumm.	Hygrocybe coccinea (Schaeff.) P. Kumm.	(Schaeff.) P. Kumm.	CA	St-Fabien-de-Panet	Québec	PRESENT		ff7bd5db-b724-4932-b496-10ea298851f9	46.6275	-70.11105	100.0						1979-08-11	11	8	1979	2538445	2538445	PRESERVED_SPECIMEN	Université de Montréal Biodiversity Centre	CMMF	CMMF007830	Inexistant	McNeil, Raymond		CC0_1_0	Université de Montréal Biodiversity Centre	McNeil, Raymond			2024-01-24T16:38:14.759Z	StillImage	INSTITUTION_MATCH_FUZZY;COLLECTION_MATCH_FUZZY;DIFFERENT_OWNER_INSTITUTION
1135069278	21705170-d2b6-42de-8904-c3bca4b83591	CMMF007829	Fungi	Basidiomycota	Agaricomycetes	Agaricales	Hygrophoraceae	Hygrocybe	Hygrocybe coccinea		SPECIES	Hygrocybe coccinea (Schaeff.) P.Kumm.	Hygrocybe coccinea (Schaeff.) P. Kumm.	(Schaeff.) P. Kumm.	CA	St-Fabien-de-Panet	Québec	PRESENT		ff7bd5db-b724-4932-b496-10ea298851f9	46.6275	-70.11105	100.0						1976-07-20	20	7	1976	2538445	2538445	PRESERVED_SPECIMEN	Université de Montréal Biodiversity Centre	CMMF	CMMF007829	Inexistant	McNeil, Raymond		CC0_1_0	Université de Montréal Biodiversity Centre	McNeil, Raymond			2024-01-24T16:38:14.738Z	StillImage	INSTITUTION_MATCH_FUZZY;COLLECTION_MATCH_FUZZY;DIFFERENT_OWNER_INSTITUTION
1135067701	21705170-d2b6-42de-8904-c3bca4b83591	CMMF006227	Fungi	Basidiomycota	Agaricomycetes	Agaricales	Hygrophoraceae	Hygrocybe	Hygrocybe coccinea		SPECIES	Hygrocybe coccinea (Schaeff.) P.Kumm.	Hygrocybe coccinea (Schaeff.) P. Kumm.	(Schaeff.) P. Kumm.	CA	Châteauguay	Québec	PRESENT		ff7bd5db-b724-4932-b496-10ea298851f9	45.35433	-73.774083	100.0						2005-09-26	26	9	2005	2538445	2538445	PRESERVED_SPECIMEN	Université de Montréal Biodiversity Centre	CMMF	CMMF006227	C2566	McNeil, Raymond		CC0_1_0	Université de Montréal Biodiversity Centre	McNeil, Raymond			2024-01-24T16:38:18.891Z	StillImage	COORDINATE_ROUNDED;INSTITUTION_MATCH_FUZZY;COLLECTION_MATCH_FUZZY;DIFFERENT_OWNER_INSTITUTION
1135066618	21705170-d2b6-42de-8904-c3bca4b83591	CMMF010044	Fungi	Basidiomycota	Agaricomycetes	Agaricales	Hygrophoraceae	Hygrocybe	Hygrocybe coccinea		SPECIES	Hygrocybe coccinea (Schaeff.) P.Kumm.	Hygrocybe coccinea (Schaeff.) P. Kumm.	(Schaeff.) P. Kumm.	CA	Côte Bédard, rue Hector, Québec.	Québec	PRESENT		ff7bd5db-b724-4932-b496-10ea298851f9	46.907478	-71.312257	400.0						2007-09-19	19	9	2007	2538445	2538445	PRESERVED_SPECIMEN	Université de Montréal Biodiversity Centre	CMMF	CMMF010044	1629	Labbé, Roland		CC0_1_0	Université de Montréal Biodiversity Centre	Labrecque, Jacqueline			2024-01-24T16:38:20.183Z		INSTITUTION_MATCH_FUZZY;COLLECTION_MATCH_FUZZY;DIFFERENT_OWNER_INSTITUTION
