gbifID	datasetKey	occurrenceID	kingdom	phylum	class	order	family	genus	species	infraspecificEpithet	taxonRank	scientificName	verbatimScientificName	verbatimScientificNameAuthorship	countryCode	locality	stateProvince	occurrenceStatus	individualCount	publishingOrgKey	decimalLatitude	decimalLongitude	coordinateUncertaintyInMeters	coordinatePrecision	elevation	elevationAccuracy	depth	depthAccuracy	eventDate	day	month	year	taxonKey	speciesKey	basisOfRecord	institutionCode	collectionCode	catalogNumber	recordNumber	identifiedBy	dateIdentified	license	rightsHolder	recordedBy	typeStatus	establishmentMeans	lastInterpreted	mediaType	issue
694158992	d7cfd2ed-8af4-427f-a16e-eb66b7e2c419	30091	Fungi	Basidiomycota	Agaricomycetes	Hymenochaetales	Hymenochaetaceae	Coltricia	Coltricia perennis		SPECIES	Coltricia perennis (L.) Murrill	Coltricia perennis (L.) Murrill	(L.) Murrill	CA	S of Denbigh	Ontario	PRESENT		ff418020-1d67-11d9-8435-b8a03c50a862	45.102123	-77.274399	8104.0						1958-09-17	17	9	1958	2519915	2519915	PRESERVED_SPECIMEN	Royal Ontario Museum	TRTC	TRTC034004		Cain, R.F.		CC0_1_0	Royal Ontario Museum	Cain, R.F.;			2024-01-25T00:59:41.096Z		COORDINATE_ROUNDED;AMBIGUOUS_INSTITUTION
694158404	d7cfd2ed-8af4-427f-a16e-eb66b7e2c419	26183	Fungi	Basidiomycota	Agaricomycetes	Hymenochaetales	Hymenochaetaceae	Coltricia	Coltricia perennis		SPECIES	Coltricia perennis (L.) Murrill	Coltricia perennis (L.) Murrill	(L.) Murrill	CA	Macaulay Road	Ontario	PRESENT		ff418020-1d67-11d9-8435-b8a03c50a862	45.593651	-78.280592	786.0						1939-08-24	24	8	1939	2519915	2519915	PRESERVED_SPECIMEN	Royal Ontario Museum	TRTC	TRTC015675		Cain, R.F.		CC0_1_0	Royal Ontario Museum	Cain, R.F.;			2024-01-25T00:59:40.084Z		COORDINATE_ROUNDED;AMBIGUOUS_INSTITUTION
694158184	d7cfd2ed-8af4-427f-a16e-eb66b7e2c419	22386	Fungi	Basidiomycota	Agaricomycetes	Hymenochaetales	Hymenochaetaceae	Coltricia	Coltricia perennis		SPECIES	Coltricia perennis (L.) Murrill	Coltricia perennis (L.) Murrill	(L.) Murrill	CA	S of Dorset	Ontario	PRESENT		ff418020-1d67-11d9-8435-b8a03c50a862	45.23936	-78.888359	1499.0						1961-10-12	12	10	1961	2519915	2519915	PRESERVED_SPECIMEN	Royal Ontario Museum	TRTC	TRTC041530		Cain, R.F.		CC0_1_0	Royal Ontario Museum	Cain, R.F.;			2024-01-25T00:59:39.564Z		COORDINATE_ROUNDED;AMBIGUOUS_INSTITUTION
694157291	d7cfd2ed-8af4-427f-a16e-eb66b7e2c419	15770	Fungi	Basidiomycota	Agaricomycetes	Hymenochaetales	Hymenochaetaceae	Coltricia	Coltricia perennis		SPECIES	Coltricia perennis (L.) Murrill	Coltricia perennis (L.) Murrill	(L.) Murrill	CA	NW of Griffith	Ontario	PRESENT		ff418020-1d67-11d9-8435-b8a03c50a862	45.245524	-77.168353	518.0						1958-09-17	17	9	1958	2519915	2519915	PRESERVED_SPECIMEN	Royal Ontario Museum	TRTC	TRTC034017		Cain, R.F.		CC0_1_0	Royal Ontario Museum	Cain, R.F.			2024-01-25T00:59:40.711Z		COORDINATE_ROUNDED;AMBIGUOUS_INSTITUTION
694157236	d7cfd2ed-8af4-427f-a16e-eb66b7e2c419	15379	Fungi	Basidiomycota	Agaricomycetes	Hymenochaetales	Hymenochaetaceae	Coltricia	Coltricia perennis		SPECIES	Coltricia perennis (L.) Murrill	Coltricia perennis (L.) Murrill	(L.) Murrill	CA	Forest Ranger School	Ontario	PRESENT		ff418020-1d67-11d9-8435-b8a03c50a862	45.159467	-78.8451	450.0						1961-09-09	9	9	1961	2519915	2519915	PRESERVED_SPECIMEN	Royal Ontario Museum	TRTC	TRTC038611				CC0_1_0	Royal Ontario Museum	Trcka, Mirjana			2024-01-25T00:59:40.036Z		COORDINATE_ROUNDED;AMBIGUOUS_INSTITUTION
694157234	d7cfd2ed-8af4-427f-a16e-eb66b7e2c419	15377	Fungi	Basidiomycota	Agaricomycetes	Hymenochaetales	Hymenochaetaceae	Coltricia	Coltricia perennis		SPECIES	Coltricia perennis (L.) Murrill	Coltricia perennis (L.) Murrill	(L.) Murrill	CA	Pine Lake	Ontario	PRESENT		ff418020-1d67-11d9-8435-b8a03c50a862	45.115753	-78.590054	953.0						1961-09-09	9	9	1961	2519915	2519915	PRESERVED_SPECIMEN	Royal Ontario Museum	TRTC	TRTC038602				CC0_1_0	Royal Ontario Museum	Stevens, L.			2024-01-25T00:59:40.030Z		COORDINATE_ROUNDED;AMBIGUOUS_INSTITUTION
694157233	d7cfd2ed-8af4-427f-a16e-eb66b7e2c419	15376	Fungi	Basidiomycota	Agaricomycetes	Hymenochaetales	Hymenochaetaceae	Coltricia	Coltricia perennis		SPECIES	Coltricia perennis (L.) Murrill	Coltricia perennis (L.) Murrill	(L.) Murrill	CA	Forest Ranger School	Ontario	PRESENT		ff418020-1d67-11d9-8435-b8a03c50a862	45.159467	-78.8451	450.0						1961-09-08	8	9	1961	2519915	2519915	PRESERVED_SPECIMEN	Royal Ontario Museum	TRTC	TRTC038601				CC0_1_0	Royal Ontario Museum	Cook, C.			2024-01-25T00:59:40.030Z		COORDINATE_ROUNDED;AMBIGUOUS_INSTITUTION
694157227	d7cfd2ed-8af4-427f-a16e-eb66b7e2c419	15349	Fungi	Basidiomycota	Agaricomycetes	Hymenochaetales	Hymenochaetaceae	Coltricia	Coltricia perennis		SPECIES	Coltricia perennis (L.) Murrill	Coltricia perennis (L.) Murrill	(L.) Murrill	CA	Pine Lake	Ontario	PRESENT		ff418020-1d67-11d9-8435-b8a03c50a862	45.115753	-78.590054	953.0						1961-09-10	10	9	1961	2519915	2519915	PRESERVED_SPECIMEN	Royal Ontario Museum	TRTC	TRTC038606				CC0_1_0	Royal Ontario Museum	Boyd, H.A.			2024-01-25T00:59:40.044Z		COORDINATE_ROUNDED;AMBIGUOUS_INSTITUTION
694156905	d7cfd2ed-8af4-427f-a16e-eb66b7e2c419	13604	Fungi	Basidiomycota	Agaricomycetes	Hymenochaetales	Hymenochaetaceae	Coltricia	Coltricia perennis		SPECIES	Coltricia perennis (L.) Murrill	Coltricia perennis (L.) Murrill	(L.) Murrill	CA	Algonquin Provincial Park, Opeongo Lake	Ontario	PRESENT		ff418020-1d67-11d9-8435-b8a03c50a862	45.698027	-78.369598	8499.0						1939-08-23	23	8	1939	2519915	2519915	PRESERVED_SPECIMEN	Royal Ontario Museum	TRTC	TRTC015674a		Cain, R.F.		CC0_1_0	Royal Ontario Museum	Cain, R.F.			2024-01-25T00:59:41.517Z		COORDINATE_ROUNDED;AMBIGUOUS_INSTITUTION
694156904	d7cfd2ed-8af4-427f-a16e-eb66b7e2c419	13603	Fungi	Basidiomycota	Agaricomycetes	Hymenochaetales	Hymenochaetaceae	Coltricia	Coltricia perennis		SPECIES	Coltricia perennis (L.) Murrill	Coltricia perennis (L.) Murrill	(L.) Murrill	CA	Algonquin Provincial Park, Sproule Lake Portage	Ontario	PRESENT		ff418020-1d67-11d9-8435-b8a03c50a862	45.634026	-78.369083	1347.0						1951-09-14	14	9	1951	2519915	2519915	PRESERVED_SPECIMEN	Royal Ontario Museum	TRTC	TRTC025151		Cain, R.F.		CC0_1_0	Royal Ontario Museum	Cain, R.F.			2024-01-25T00:59:41.519Z		COORDINATE_ROUNDED;AMBIGUOUS_INSTITUTION
694156820	d7cfd2ed-8af4-427f-a16e-eb66b7e2c419	13035	Fungi	Basidiomycota	Agaricomycetes	Hymenochaetales	Hymenochaetaceae	Coltricia	Coltricia perennis		SPECIES	Coltricia perennis (L.) Murrill	Coltricia perennis (L.) Murrill	(L.) Murrill	CA	Algonquin Provincial Park, Sproule Creek	Ontario	PRESENT		ff418020-1d67-11d9-8435-b8a03c50a862	45.625098	-78.36594	35.0						1950-09-25	25	9	1950	2519915	2519915	PRESERVED_SPECIMEN	Royal Ontario Museum	TRTC	TRTC023360		Cain, R.F.		CC0_1_0	Royal Ontario Museum	Cain, R.F.			2024-01-25T00:59:40.617Z		COORDINATE_ROUNDED;AMBIGUOUS_INSTITUTION
694156770	d7cfd2ed-8af4-427f-a16e-eb66b7e2c419	12465	Fungi	Basidiomycota	Agaricomycetes	Hymenochaetales	Hymenochaetaceae	Coltricia	Coltricia perennis		SPECIES	Coltricia perennis (L.) Murrill	Coltricia perennis (L.) Murrill	(L.) Murrill	CA	Algonquin Provincial Park, Achray	Ontario	PRESENT		ff418020-1d67-11d9-8435-b8a03c50a862	45.868094	-77.756596	150.0						1932-07-11	11	7	1932	2519915	2519915	PRESERVED_SPECIMEN	Royal Ontario Museum	TRTC	TRTC017564		Haddow, W.R.		CC0_1_0	Royal Ontario Museum	Haddow, W.R.			2024-01-25T00:59:38.719Z		COORDINATE_ROUNDED;AMBIGUOUS_INSTITUTION
694156756	d7cfd2ed-8af4-427f-a16e-eb66b7e2c419	12363	Fungi	Basidiomycota	Agaricomycetes	Hymenochaetales	Hymenochaetaceae	Coltricia	Coltricia perennis		SPECIES	Coltricia perennis (L.) Murrill	Coltricia perennis (L.) Murrill	(L.) Murrill	CA	Algonquin Provincial Park, Costello Lake	Ontario	PRESENT		ff418020-1d67-11d9-8435-b8a03c50a862	45.597645	-78.32149	648.0						1939-09-05	5	9	1939	2519915	2519915	PRESERVED_SPECIMEN	Royal Ontario Museum	TRTC	TRTC015726		Jackson, H.S.		CC0_1_0	Royal Ontario Museum	Cain, R.F.			2024-01-25T00:59:38.172Z		COORDINATE_ROUNDED;AMBIGUOUS_INSTITUTION
694156743	d7cfd2ed-8af4-427f-a16e-eb66b7e2c419	12259	Fungi	Basidiomycota	Agaricomycetes	Hymenochaetales	Hymenochaetaceae	Coltricia	Coltricia perennis		SPECIES	Coltricia perennis (L.) Murrill	Coltricia perennis (L.) Murrill	(L.) Murrill	CA	Algonquin Provincial Park, Opeongo Lake	Ontario	PRESENT		ff418020-1d67-11d9-8435-b8a03c50a862	45.698027	-78.369598	8499.0						1939-08-23	23	8	1939	2519915	2519915	PRESERVED_SPECIMEN	Royal Ontario Museum	TRTC	TRTC015673		Cain, R.F.		CC0_1_0	Royal Ontario Museum	Cain, R.F.			2024-01-25T00:59:41.555Z		COORDINATE_ROUNDED;AMBIGUOUS_INSTITUTION
694156742	d7cfd2ed-8af4-427f-a16e-eb66b7e2c419	12258	Fungi	Basidiomycota	Agaricomycetes	Hymenochaetales	Hymenochaetaceae	Coltricia	Coltricia perennis		SPECIES	Coltricia perennis (L.) Murrill	Coltricia perennis (L.) Murrill	(L.) Murrill	CA	Algonquin Provincial Park, Cache Lake	Ontario	PRESENT		ff418020-1d67-11d9-8435-b8a03c50a862	45.540804	-78.58469	1590.0						1939-09-01	1	9	1939	2519915	2519915	PRESERVED_SPECIMEN	Royal Ontario Museum	TRTC	TRTC015672		Cain, R.F.		CC0_1_0	Royal Ontario Museum	Cain, R.F.			2024-01-25T00:59:41.554Z		COORDINATE_ROUNDED;AMBIGUOUS_INSTITUTION
694156739	d7cfd2ed-8af4-427f-a16e-eb66b7e2c419	12234	Fungi	Basidiomycota	Agaricomycetes	Hymenochaetales	Hymenochaetaceae	Coltricia	Coltricia perennis		SPECIES	Coltricia perennis (L.) Murrill	Coltricia perennis (L.) Murrill	(L.) Murrill	CA	Algonquin Provincial Park, Norway Lake	Ontario	PRESENT		ff418020-1d67-11d9-8435-b8a03c50a862	45.574098	-78.370027	856.0						1939-08-25	25	8	1939	2519915	2519915	PRESERVED_SPECIMEN	Royal Ontario Museum	TRTC	TRTC015679		Cain, R.F.		CC0_1_0	Royal Ontario Museum	Cain, R.F.			2024-01-25T00:59:41.570Z		COORDINATE_ROUNDED;AMBIGUOUS_INSTITUTION
694156732	d7cfd2ed-8af4-427f-a16e-eb66b7e2c419	12214	Fungi	Basidiomycota	Agaricomycetes	Hymenochaetales	Hymenochaetaceae	Coltricia	Coltricia perennis		SPECIES	Coltricia perennis (L.) Murrill	Coltricia perennis (L.) Murrill	(L.) Murrill	CA	Algonquin Provincial Park, Norway Lake	Ontario	PRESENT		ff418020-1d67-11d9-8435-b8a03c50a862	45.574098	-78.370027	856.0						1939-08-30	30	8	1939	2519915	2519915	PRESERVED_SPECIMEN	Royal Ontario Museum	TRTC	TRTC015678		Cain, R.F.		CC0_1_0	Royal Ontario Museum	Cain, R.F.			2024-01-25T00:59:41.572Z		COORDINATE_ROUNDED;AMBIGUOUS_INSTITUTION
694156731	d7cfd2ed-8af4-427f-a16e-eb66b7e2c419	12092	Fungi	Basidiomycota	Agaricomycetes	Hymenochaetales	Hymenochaetaceae	Coltricia	Coltricia perennis		SPECIES	Coltricia perennis (L.) Murrill	Coltricia perennis (L.) Murrill	(L.) Murrill	CA	Algonquin Provincial Park, Costello Lake	Ontario	PRESENT		ff418020-1d67-11d9-8435-b8a03c50a862	45.597645	-78.32149	648.0						1939-09-03	3	9	1939	2519915	2519915	PRESERVED_SPECIMEN	Royal Ontario Museum	TRTC	TRTC015677		Cain, R.F.		CC0_1_0	Royal Ontario Museum	Cain, R.F.			2024-01-25T00:59:41.022Z		COORDINATE_ROUNDED;AMBIGUOUS_INSTITUTION
694156730	d7cfd2ed-8af4-427f-a16e-eb66b7e2c419	12091	Fungi	Basidiomycota	Agaricomycetes	Hymenochaetales	Hymenochaetaceae	Coltricia	Coltricia perennis		SPECIES	Coltricia perennis (L.) Murrill	Coltricia perennis (L.) Murrill	(L.) Murrill	CA	Algonquin Provincial Park, Costello Lake	Ontario	PRESENT		ff418020-1d67-11d9-8435-b8a03c50a862	45.597645	-78.32149	648.0						1939-08-29	29	8	1939	2519915	2519915	PRESERVED_SPECIMEN	Royal Ontario Museum	TRTC	TRTC015676		Cain, R.F.		CC0_1_0	Royal Ontario Museum	Cain, R.F.			2024-01-25T00:59:41.031Z		COORDINATE_ROUNDED;AMBIGUOUS_INSTITUTION
694156729	d7cfd2ed-8af4-427f-a16e-eb66b7e2c419	12090	Fungi	Basidiomycota	Agaricomycetes	Hymenochaetales	Hymenochaetaceae	Coltricia	Coltricia perennis		SPECIES	Coltricia perennis (L.) Murrill	Coltricia perennis (L.) Murrill	(L.) Murrill	CA	Algonquin Provincial Park, Opeongo Lake	Ontario	PRESENT		ff418020-1d67-11d9-8435-b8a03c50a862	45.698027	-78.369598	8499.0						1956-09-21	21	9	1956	2519915	2519915	PRESERVED_SPECIMEN	Royal Ontario Museum	TRTC	TRTC015674	80			CC0_1_0	Royal Ontario Museum	Fisher, O.			2024-01-25T00:59:41.021Z		COORDINATE_ROUNDED;AMBIGUOUS_INSTITUTION
694156724	d7cfd2ed-8af4-427f-a16e-eb66b7e2c419	12069	Fungi	Basidiomycota	Agaricomycetes	Hymenochaetales	Hymenochaetaceae	Coltricia	Coltricia perennis		SPECIES	Coltricia perennis (L.) Murrill	Coltricia perennis (L.) Murrill	(L.) Murrill	CA	Algonquin Provincial Park	Ontario	PRESENT		ff418020-1d67-11d9-8435-b8a03c50a862	45.759859	-78.376465	67511.0						1938-08-20	20	8	1938	2519915	2519915	PRESERVED_SPECIMEN	Royal Ontario Museum	TRTC	TRTC015629		Cain, R.F.		CC0_1_0	Royal Ontario Museum	Sprules, W.M.			2024-01-25T00:59:41.031Z		COORDINATE_ROUNDED;AMBIGUOUS_INSTITUTION
694156705	d7cfd2ed-8af4-427f-a16e-eb66b7e2c419	11474	Fungi	Basidiomycota	Agaricomycetes	Hymenochaetales	Hymenochaetaceae	Coltricia	Coltricia perennis		SPECIES	Coltricia perennis (L.) Murrill	Coltricia perennis (L.) Murrill	(L.) Murrill	CA	Algonquin Provincial Park, Opeongo Lake	Ontario	PRESENT		ff418020-1d67-11d9-8435-b8a03c50a862	45.698027	-78.369598	8499.0						1938-09-16	16	9	1938	2519915	2519915	PRESERVED_SPECIMEN	Royal Ontario Museum	TRTC	TRTC015621		Jackson, H.S.		CC0_1_0	Royal Ontario Museum	Jackson, H.S.			2024-01-25T00:59:39.036Z		COORDINATE_ROUNDED;AMBIGUOUS_INSTITUTION
694156689	d7cfd2ed-8af4-427f-a16e-eb66b7e2c419	11344	Fungi	Basidiomycota	Agaricomycetes	Hymenochaetales	Hymenochaetaceae	Coltricia	Coltricia perennis		SPECIES	Coltricia perennis (L.) Murrill	Coltricia perennis (L.) Murrill	(L.) Murrill	CA	Algonquin Provincial Park, Costello Lake	Ontario	PRESENT		ff418020-1d67-11d9-8435-b8a03c50a862	45.597645	-78.32149	648.0						1939-08-25	25	8	1939	2519915	2519915	PRESERVED_SPECIMEN	Royal Ontario Museum	TRTC	TRTC015681		Cain, R.F.		CC0_1_0	Royal Ontario Museum	Cain, R.F.			2024-01-25T00:59:38.876Z		COORDINATE_ROUNDED;AMBIGUOUS_INSTITUTION
694156688	d7cfd2ed-8af4-427f-a16e-eb66b7e2c419	11342	Fungi	Basidiomycota	Agaricomycetes	Hymenochaetales	Hymenochaetaceae	Coltricia	Coltricia perennis		SPECIES	Coltricia perennis (L.) Murrill	Coltricia perennis (L.) Murrill	(L.) Murrill	CA	Algonquin Provincial Park, Costello Lake	Ontario	PRESENT		ff418020-1d67-11d9-8435-b8a03c50a862	45.597645	-78.32149	648.0						1939-09-06	6	9	1939	2519915	2519915	PRESERVED_SPECIMEN	Royal Ontario Museum	TRTC	TRTC015680		Cain, R.F.		CC0_1_0	Royal Ontario Museum	Cain, R.F.			2024-01-25T00:59:38.876Z		COORDINATE_ROUNDED;AMBIGUOUS_INSTITUTION
694156118	d7cfd2ed-8af4-427f-a16e-eb66b7e2c419	84	Fungi	Basidiomycota	Agaricomycetes	Hymenochaetales	Hymenochaetaceae	Coltricia	Coltricia perennis		SPECIES	Coltricia perennis (L.) Murrill	Coltricia perennis (L.) Murrill	(L.) Murrill	CA	Round Lake	Ontario	PRESENT		ff418020-1d67-11d9-8435-b8a03c50a862	45.641168	-77.522964	3980.0						1932-09-02	2	9	1932	2519915	2519915	PRESERVED_SPECIMEN	Royal Ontario Museum	TRTC	TRTC005895				CC0_1_0	Royal Ontario Museum	Jackson, H.S.			2024-01-25T00:59:38.720Z		COORDINATE_ROUNDED;AMBIGUOUS_INSTITUTION
617554858	21705170-d2b6-42de-8904-c3bca4b83591	CMMF000549	Fungi	Basidiomycota	Agaricomycetes	Hymenochaetales	Hymenochaetaceae	Coltricia	Coltricia perennis		SPECIES	Coltricia perennis (L.) Murrill	Coltricia perennis (L.) Murrill	(L.) Murrill	CA	Mirabel	Québec	PRESENT		ff7bd5db-b724-4932-b496-10ea298851f9	45.659599	-74.064294	18500.0						1989-07-05	5	7	1989	2519915	2519915	PRESERVED_SPECIMEN	Université de Montréal Biodiversity Centre	CMMF	CMMF000549		Lamoureux, Yves		CC0_1_0	Université de Montréal Biodiversity Centre	Lamoureux, Yves			2024-01-24T16:38:20.063Z	StillImage	INSTITUTION_MATCH_FUZZY;COLLECTION_MATCH_FUZZY;DIFFERENT_OWNER_INSTITUTION
617553745	21705170-d2b6-42de-8904-c3bca4b83591	CMMF003740	Fungi	Basidiomycota	Agaricomycetes	Hymenochaetales	Hymenochaetaceae	Coltricia	Coltricia perennis		SPECIES	Coltricia perennis (L.) Murrill	Coltricia perennis (L.) Murrill	(L.) Murrill	CA	Chertsey	Québec	PRESENT		ff7bd5db-b724-4932-b496-10ea298851f9	46.073928	-73.890706	5000.0						2003-07-20	20	7	2003	2519915	2519915	PRESERVED_SPECIMEN	Université de Montréal Biodiversity Centre	CMMF	CMMF003740		Lamoureux, Yves		CC0_1_0	Université de Montréal Biodiversity Centre	Lamoureux, Yves			2024-01-24T16:38:16.431Z	StillImage	INSTITUTION_MATCH_FUZZY;COLLECTION_MATCH_FUZZY;DIFFERENT_OWNER_INSTITUTION
617550980	21705170-d2b6-42de-8904-c3bca4b83591	CMMF002517	Fungi	Basidiomycota	Agaricomycetes	Hymenochaetales	Hymenochaetaceae	Coltricia	Coltricia perennis		SPECIES	Coltricia perennis (L.) Murrill	Coltricia perennis (L.) Murrill	(L.) Murrill	CA	Rawdon	Québec	PRESENT		ff7bd5db-b724-4932-b496-10ea298851f9	46.052398	-73.748752	11000.0						1995-08-20	20	8	1995	2519915	2519915	PRESERVED_SPECIMEN	Université de Montréal Biodiversity Centre	CMMF	CMMF002517		Lamoureux, Yves		CC0_1_0	Université de Montréal Biodiversity Centre	Lamoureux, Yves			2024-01-24T16:38:19.538Z	StillImage	INSTITUTION_MATCH_FUZZY;COLLECTION_MATCH_FUZZY;DIFFERENT_OWNER_INSTITUTION
4976279154	50c9509d-22c7-4a22-a47d-8c48425ef4a7	https://www.inaturalist.org/observations/246250772	Fungi	Basidiomycota	Agaricomycetes	Hymenochaetales	Hymenochaetaceae	Coltricia	Coltricia perennis		SPECIES	Coltricia perennis (L.) Murrill	Coltricia perennis		CA		Prince Edward Island	PRESENT		28eb1a3f-1c15-4a95-931a-4af90ecb574d	46.63155	-64.10268							2024-10-07T11:23:37	7	10	2024	2519915	2519915	HUMAN_OBSERVATION	iNaturalist	Observations	246250772		Julie-Lynn Zahavich	2024-10-08T00:49:34	CC_BY_NC_4_0	Julie-Lynn Zahavich	Julie-Lynn Zahavich			2025-01-14T13:44:24.345Z	StillImage	COORDINATE_ROUNDED;CONTINENT_DERIVED_FROM_COORDINATES;TAXON_MATCH_TAXON_ID_IGNORED
4954608756	50c9509d-22c7-4a22-a47d-8c48425ef4a7	https://www.inaturalist.org/observations/246860549	Fungi	Basidiomycota	Agaricomycetes	Hymenochaetales	Hymenochaetaceae	Coltricia	Coltricia perennis		SPECIES	Coltricia perennis (L.) Murrill	Coltricia perennis		CA		Ontario	PRESENT		28eb1a3f-1c15-4a95-931a-4af90ecb574d	45.548042	-78.635972	10.0						2024-10-11T17:28:16	11	10	2024	2519915	2519915	HUMAN_OBSERVATION	iNaturalist	Observations	246860549		Sarah Lamond	2024-10-12T01:27:07	CC_BY_NC_4_0	Sarah Lamond	Sarah Lamond			2025-01-14T13:43:51.129Z	StillImage	COORDINATE_ROUNDED;CONTINENT_DERIVED_FROM_COORDINATES;TAXON_MATCH_TAXON_ID_IGNORED
4953104524	50c9509d-22c7-4a22-a47d-8c48425ef4a7	https://www.inaturalist.org/observations/87842116	Fungi	Basidiomycota	Agaricomycetes	Hymenochaetales	Hymenochaetaceae	Coltricia	Coltricia perennis		SPECIES	Coltricia perennis (L.) Murrill	Coltricia perennis		CA		New Brunswick	PRESENT		28eb1a3f-1c15-4a95-931a-4af90ecb574d	45.951155	-66.671882	20.0						2021-07-20T09:10:38	20	7	2021	2519915	2519915	HUMAN_OBSERVATION	iNaturalist	Observations	87842116		hbincik	2021-07-20T12:27:13	CC_BY_NC_4_0	hbincik	hbincik			2025-01-14T12:21:14.950Z	StillImage	COORDINATE_ROUNDED;CONTINENT_DERIVED_FROM_COORDINATES;TAXON_MATCH_TAXON_ID_IGNORED
4946137818	50c9509d-22c7-4a22-a47d-8c48425ef4a7	https://www.inaturalist.org/observations/239883807	Fungi	Basidiomycota	Agaricomycetes	Hymenochaetales	Hymenochaetaceae	Coltricia	Coltricia perennis		SPECIES	Coltricia perennis (L.) Murrill	Coltricia perennis		CA		Québec	PRESENT		28eb1a3f-1c15-4a95-931a-4af90ecb574d	45.491182	-75.626167	15.0						2024-09-04T14:12	4	9	2024	2519915	2519915	HUMAN_OBSERVATION	iNaturalist	Observations	239883807		jonathan_mack	2024-09-04T23:58:07	CC_BY_NC_4_0	jonathan_mack	jonathan_mack			2025-01-14T13:43:38.045Z	StillImage	COORDINATE_ROUNDED;CONTINENT_DERIVED_FROM_COORDINATES;TAXON_MATCH_TAXON_ID_IGNORED
4945611114	50c9509d-22c7-4a22-a47d-8c48425ef4a7	https://www.inaturalist.org/observations/240185504	Fungi	Basidiomycota	Agaricomycetes	Hymenochaetales	Hymenochaetaceae	Coltricia	Coltricia perennis		SPECIES	Coltricia perennis (L.) Murrill	Coltricia perennis		CA		New Brunswick	PRESENT		28eb1a3f-1c15-4a95-931a-4af90ecb574d	45.329188	-66.395088	4.0						2024-09-02T15:08:38	2	9	2024	2519915	2519915	HUMAN_OBSERVATION	iNaturalist	Observations	240185504		Laura O'Connor	2024-09-06T18:39:49	CC_BY_NC_4_0	Laura O'Connor	Laura O'Connor			2025-01-14T14:17:00.130Z	StillImage	COORDINATE_ROUNDED;CONTINENT_DERIVED_FROM_COORDINATES;TAXON_MATCH_TAXON_ID_IGNORED
4936600103	50c9509d-22c7-4a22-a47d-8c48425ef4a7	https://www.inaturalist.org/observations/239412204	Fungi	Basidiomycota	Agaricomycetes	Hymenochaetales	Hymenochaetaceae	Coltricia	Coltricia perennis		SPECIES	Coltricia perennis (L.) Murrill	Coltricia perennis		CA		New Brunswick	PRESENT		28eb1a3f-1c15-4a95-931a-4af90ecb574d	46.645127	-67.625893	2.0						2024-08-17T12:14	17	8	2024	2519915	2519915	HUMAN_OBSERVATION	iNaturalist	Observations	239412204		Gary Burns	2024-09-02T15:55:13	CC_BY_NC_4_0	Gary Burns	Gary Burns			2025-01-14T12:57:42.950Z	StillImage	COORDINATE_ROUNDED;CONTINENT_DERIVED_FROM_COORDINATES;TAXON_MATCH_TAXON_ID_IGNORED
4910756759	50c9509d-22c7-4a22-a47d-8c48425ef4a7	https://www.inaturalist.org/observations/230646523	Fungi	Basidiomycota	Agaricomycetes	Hymenochaetales	Hymenochaetaceae	Coltricia	Coltricia perennis		SPECIES	Coltricia perennis (L.) Murrill	Coltricia perennis		CA		New Brunswick	PRESENT		28eb1a3f-1c15-4a95-931a-4af90ecb574d	46.805317	-64.921986	9.0						2024-07-19T14:57:35	19	7	2024	2519915	2519915	HUMAN_OBSERVATION	iNaturalist	Observations	230646523		David Mazerolle	2024-07-21T02:14:31	CC_BY_NC_4_0	David Mazerolle	David Mazerolle			2025-01-14T13:37:33.837Z	StillImage	COORDINATE_ROUNDED;CONTINENT_DERIVED_FROM_COORDINATES;TAXON_MATCH_TAXON_ID_IGNORED
4909279829	50c9509d-22c7-4a22-a47d-8c48425ef4a7	https://www.inaturalist.org/observations/227176662	Fungi	Basidiomycota	Agaricomycetes	Hymenochaetales	Hymenochaetaceae	Coltricia	Coltricia perennis		SPECIES	Coltricia perennis (L.) Murrill	Coltricia perennis		CA		Ontario	PRESENT		28eb1a3f-1c15-4a95-931a-4af90ecb574d	45.582	-78.530122	12.0						2024-07-04T12:00:59	4	7	2024	2519915	2519915	HUMAN_OBSERVATION	iNaturalist	Observations	227176662		mushana	2024-07-04T20:54:11	CC_BY_NC_4_0	mushana	mushana			2025-01-14T12:46:38.930Z	StillImage	COORDINATE_ROUNDED;CONTINENT_DERIVED_FROM_COORDINATES;TAXON_MATCH_TAXON_ID_IGNORED
4909272706	50c9509d-22c7-4a22-a47d-8c48425ef4a7	https://www.inaturalist.org/observations/227203865	Fungi	Basidiomycota	Agaricomycetes	Hymenochaetales	Hymenochaetaceae	Coltricia	Coltricia perennis		SPECIES	Coltricia perennis (L.) Murrill	Coltricia perennis		CA		Ontario	PRESENT		28eb1a3f-1c15-4a95-931a-4af90ecb574d	45.586185	-78.529948	398.0						2024-07-04T12:00:55	4	7	2024	2519915	2519915	HUMAN_OBSERVATION	iNaturalist	Observations	227203865		algonquinambassador	2024-07-05T13:26:05	CC_BY_NC_4_0	Darian Carpenter	Darian Carpenter			2025-01-14T12:47:09.944Z	StillImage	COORDINATE_ROUNDED;CONTINENT_DERIVED_FROM_COORDINATES;TAXON_MATCH_TAXON_ID_IGNORED
4908894679	50c9509d-22c7-4a22-a47d-8c48425ef4a7	https://www.inaturalist.org/observations/228549160	Fungi	Basidiomycota	Agaricomycetes	Hymenochaetales	Hymenochaetaceae	Coltricia	Coltricia perennis		SPECIES	Coltricia perennis (L.) Murrill	Coltricia perennis		CA		Québec	PRESENT		28eb1a3f-1c15-4a95-931a-4af90ecb574d	45.872811	-76.4339	501.0						2024-07-10T08:26	10	7	2024	2519915	2519915	HUMAN_OBSERVATION	iNaturalist	Observations	228549160		L Joan Heyding	2024-07-11T00:40:47	CC_BY_NC_4_0	L Joan Heyding	L Joan Heyding			2025-01-14T13:42:04.023Z	StillImage	COORDINATE_ROUNDED;CONTINENT_DERIVED_FROM_COORDINATES;TAXON_MATCH_TAXON_ID_IGNORED
4908816444	50c9509d-22c7-4a22-a47d-8c48425ef4a7	https://www.inaturalist.org/observations/227633174	Fungi	Basidiomycota	Agaricomycetes	Hymenochaetales	Hymenochaetaceae	Coltricia	Coltricia perennis		SPECIES	Coltricia perennis (L.) Murrill	Coltricia perennis		CA		Québec	PRESENT		28eb1a3f-1c15-4a95-931a-4af90ecb574d	48.485278	-71.203322	4.0						2024-07-06T14:19:22	6	7	2024	2519915	2519915	HUMAN_OBSERVATION	iNaturalist	Observations	227633174		eric_wilmot	2024-07-06T22:24:22	CC_BY_NC_4_0	eric_wilmot	eric_wilmot			2025-01-14T13:33:24.296Z	StillImage	COORDINATE_ROUNDED;CONTINENT_DERIVED_FROM_COORDINATES;TAXON_MATCH_TAXON_ID_IGNORED
4908755429	50c9509d-22c7-4a22-a47d-8c48425ef4a7	https://www.inaturalist.org/observations/227187187	Fungi	Basidiomycota	Agaricomycetes	Hymenochaetales	Hymenochaetaceae	Coltricia	Coltricia perennis		SPECIES	Coltricia perennis (L.) Murrill	Coltricia perennis		CA		Ontario	PRESENT		28eb1a3f-1c15-4a95-931a-4af90ecb574d	45.507708	-78.471563	15.0						2024-07-04T10:12:17	4	7	2024	2519915	2519915	HUMAN_OBSERVATION	iNaturalist	Observations	227187187		mattgibson55	2024-07-04T21:56:19	CC_BY_NC_4_0	mattgibson55	mattgibson55			2025-01-14T12:49:55.407Z	StillImage	COORDINATE_ROUNDED;CONTINENT_DERIVED_FROM_COORDINATES;TAXON_MATCH_TAXON_ID_IGNORED
4908395042	50c9509d-22c7-4a22-a47d-8c48425ef4a7	https://www.inaturalist.org/observations/229411941	Fungi	Basidiomycota	Agaricomycetes	Hymenochaetales	Hymenochaetaceae	Coltricia	Coltricia perennis		SPECIES	Coltricia perennis (L.) Murrill	Coltricia perennis		CA		Ontario	PRESENT		28eb1a3f-1c15-4a95-931a-4af90ecb574d	45.584759	-78.519679	54.0						2024-07-12T11:36	12	7	2024	2519915	2519915	HUMAN_OBSERVATION	iNaturalist	Observations	229411941		Jon Pleizier	2024-07-15T02:21:51	CC_BY_NC_4_0	Jon Pleizier	Jon Pleizier			2025-01-14T12:50:13.027Z	StillImage	COORDINATE_ROUNDED;CONTINENT_DERIVED_FROM_COORDINATES;TAXON_MATCH_TAXON_ID_IGNORED
4908232263	50c9509d-22c7-4a22-a47d-8c48425ef4a7	https://www.inaturalist.org/observations/226867876	Fungi	Basidiomycota	Agaricomycetes	Hymenochaetales	Hymenochaetaceae	Coltricia	Coltricia perennis		SPECIES	Coltricia perennis (L.) Murrill	Coltricia perennis		CA		Québec	PRESENT		28eb1a3f-1c15-4a95-931a-4af90ecb574d	47.692582	-70.363733	483.0						2024-07-02T11:51:48	2	7	2024	2519915	2519915	HUMAN_OBSERVATION	iNaturalist	Observations	226867876		Laurent Dufour	2024-07-03T11:14:28	CC_BY_NC_4_0	Laurent Dufour	Laurent Dufour			2025-01-14T12:47:13.653Z	StillImage	COORDINATE_ROUNDED;CONTINENT_DERIVED_FROM_COORDINATES;TAXON_MATCH_TAXON_ID_IGNORED
4903959570	50c9509d-22c7-4a22-a47d-8c48425ef4a7	https://www.inaturalist.org/observations/225406156	Fungi	Basidiomycota	Agaricomycetes	Hymenochaetales	Hymenochaetaceae	Coltricia	Coltricia perennis		SPECIES	Coltricia perennis (L.) Murrill	Coltricia perennis		CA		Québec	PRESENT		28eb1a3f-1c15-4a95-931a-4af90ecb574d	46.13487	-74.596563	16.0						2024-06-25T16:16:35	25	6	2024	2519915	2519915	HUMAN_OBSERVATION	iNaturalist	Observations	225406156		jmasis	2024-06-26T23:13:29	CC_BY_NC_4_0	jmasis	jmasis			2025-01-14T12:54:31.039Z	StillImage	COORDINATE_ROUNDED;CONTINENT_DERIVED_FROM_COORDINATES;TAXON_MATCH_TAXON_ID_IGNORED
4852918932	50c9509d-22c7-4a22-a47d-8c48425ef4a7	https://www.inaturalist.org/observations/190082144	Fungi	Basidiomycota	Agaricomycetes	Hymenochaetales	Hymenochaetaceae	Coltricia	Coltricia perennis		SPECIES	Coltricia perennis (L.) Murrill	Coltricia perennis		CA		Québec	PRESENT		28eb1a3f-1c15-4a95-931a-4af90ecb574d	48.61617	-71.268997	16.0						2023-09-30T14:15:29	30	9	2023	2519915	2519915	HUMAN_OBSERVATION	iNaturalist	Observations	190082144		lavoiedom	2023-11-05T16:04:03	CC_BY_NC_4_0	lavoiedom	lavoiedom			2025-01-14T12:41:22.756Z	StillImage	COORDINATE_ROUNDED;CONTINENT_DERIVED_FROM_COORDINATES;TAXON_MATCH_TAXON_ID_IGNORED
4597143345	50c9509d-22c7-4a22-a47d-8c48425ef4a7	https://www.inaturalist.org/observations/16295158	Fungi	Basidiomycota	Agaricomycetes	Hymenochaetales	Hymenochaetaceae	Coltricia	Coltricia perennis		SPECIES	Coltricia perennis (L.) Murrill	Coltricia perennis		CA		New Brunswick	PRESENT		28eb1a3f-1c15-4a95-931a-4af90ecb574d	46.76825	-65.503183	21.0						2018-09-06T10:51	6	9	2018	2519915	2519915	HUMAN_OBSERVATION	iNaturalist	Observations	16295158		Leonel Richard	2018-09-07T19:19:54	CC0_1_0	Leonel Richard	Leonel Richard			2025-01-14T12:58:11.279Z	StillImage	COORDINATE_ROUNDED;CONTINENT_DERIVED_FROM_COORDINATES;TAXON_MATCH_TAXON_ID_IGNORED
4525085574	50c9509d-22c7-4a22-a47d-8c48425ef4a7	https://www.inaturalist.org/observations/199272505	Fungi	Basidiomycota	Agaricomycetes	Hymenochaetales	Hymenochaetaceae	Coltricia	Coltricia perennis		SPECIES	Coltricia perennis (L.) Murrill	Coltricia perennis		CA		Québec	PRESENT		28eb1a3f-1c15-4a95-931a-4af90ecb574d	46.906084	-71.230421	15.0						2023-08-21	21	8	2023	2519915	2519915	HUMAN_OBSERVATION	iNaturalist	Observations	199272505		Christian Grenier	2024-02-14T12:45:27	CC_BY_NC_4_0	Christian Grenier	Christian Grenier			2025-01-14T13:37:29.619Z	StillImage	COORDINATE_ROUNDED;CONTINENT_DERIVED_FROM_COORDINATES;TAXON_MATCH_TAXON_ID_IGNORED
4516205665	50c9509d-22c7-4a22-a47d-8c48425ef4a7	https://www.inaturalist.org/observations/176215683	Fungi	Basidiomycota	Agaricomycetes	Hymenochaetales	Hymenochaetaceae	Coltricia	Coltricia perennis		SPECIES	Coltricia perennis (L.) Murrill	Coltricia perennis		CA		Ontario	PRESENT		28eb1a3f-1c15-4a95-931a-4af90ecb574d	45.575655	-78.507195	4.0						2023-07-13T14:10:11	13	7	2023	2519915	2519915	HUMAN_OBSERVATION	iNaturalist	Observations	176215683		terrymcbride	2023-08-02T02:46:10	CC_BY_NC_4_0	terrymcbride	terrymcbride			2025-01-14T13:31:49.068Z	StillImage	CONTINENT_DERIVED_FROM_COORDINATES;TAXON_MATCH_TAXON_ID_IGNORED
4500828478	50c9509d-22c7-4a22-a47d-8c48425ef4a7	https://www.inaturalist.org/observations/185839410	Fungi	Basidiomycota	Agaricomycetes	Hymenochaetales	Hymenochaetaceae	Coltricia	Coltricia perennis		SPECIES	Coltricia perennis (L.) Murrill	Coltricia perennis		CA		Ontario	PRESENT		28eb1a3f-1c15-4a95-931a-4af90ecb574d	45.864921	-77.754484	13830.0						2023-07-27T15:29:58	27	7	2023	2519915	2519915	HUMAN_OBSERVATION	iNaturalist	Observations	185839410		janesly	2023-10-02T01:13:18	CC_BY_NC_4_0	janesly	janesly			2025-01-14T12:42:19.941Z	StillImage	COORDINATE_ROUNDED;CONTINENT_DERIVED_FROM_COORDINATES;TAXON_MATCH_TAXON_ID_IGNORED
4465811574	50c9509d-22c7-4a22-a47d-8c48425ef4a7	https://www.inaturalist.org/observations/193175288	Fungi	Basidiomycota	Agaricomycetes	Hymenochaetales	Hymenochaetaceae	Coltricia	Coltricia perennis		SPECIES	Coltricia perennis (L.) Murrill	Coltricia perennis		CA		Québec	PRESENT		28eb1a3f-1c15-4a95-931a-4af90ecb574d	45.489175	-73.198402	27158.0						2023-09-06T09:59:30	6	9	2023	2519915	2519915	HUMAN_OBSERVATION	iNaturalist	Observations	193175288		Dexter Chiclo	2023-12-06T01:53:45	CC_BY_NC_4_0	Alex Wittemeier	Alex Wittemeier			2025-01-14T12:43:29.800Z	StillImage	COORDINATE_ROUNDED;CONTINENT_DERIVED_FROM_COORDINATES;TAXON_MATCH_TAXON_ID_IGNORED
4436062379	50c9509d-22c7-4a22-a47d-8c48425ef4a7	https://www.inaturalist.org/observations/55842296	Fungi	Basidiomycota	Agaricomycetes	Hymenochaetales	Hymenochaetaceae	Coltricia	Coltricia perennis		SPECIES	Coltricia perennis (L.) Murrill	Coltricia perennis		CA		Ontario	PRESENT		28eb1a3f-1c15-4a95-931a-4af90ecb574d	45.565274	-78.592933	6.0						2020-08-08T17:28:01	8	8	2020	2519915	2519915	HUMAN_OBSERVATION	iNaturalist	Observations	55842296		Dan MacNeal	2020-08-08T21:32:09	CC_BY_4_0	Dan MacNeal	Dan MacNeal			2025-01-14T12:14:16.269Z	StillImage	COORDINATE_ROUNDED;CONTINENT_DERIVED_FROM_COORDINATES;TAXON_MATCH_TAXON_ID_IGNORED
4421174461	50c9509d-22c7-4a22-a47d-8c48425ef4a7	https://www.inaturalist.org/observations/183417151	Fungi	Basidiomycota	Agaricomycetes	Hymenochaetales	Hymenochaetaceae	Coltricia	Coltricia perennis		SPECIES	Coltricia perennis (L.) Murrill	Coltricia perennis		CA		Québec	PRESENT		28eb1a3f-1c15-4a95-931a-4af90ecb574d	47.66378	-70.623528	7.0						2023-09-15T10:09:19	15	9	2023	2519915	2519915	HUMAN_OBSERVATION	iNaturalist	Observations	183417151		marilouu	2023-09-15T21:42:07	CC_BY_NC_4_0	marilouu	marilouu			2025-01-14T12:44:35.874Z	StillImage	COORDINATE_ROUNDED;CONTINENT_DERIVED_FROM_COORDINATES;TAXON_MATCH_TAXON_ID_IGNORED
4417146727	50c9509d-22c7-4a22-a47d-8c48425ef4a7	https://www.inaturalist.org/observations/184789596	Fungi	Basidiomycota	Agaricomycetes	Hymenochaetales	Hymenochaetaceae	Coltricia	Coltricia perennis		SPECIES	Coltricia perennis (L.) Murrill	Coltricia perennis		CA		Québec	PRESENT		28eb1a3f-1c15-4a95-931a-4af90ecb574d	47.833492	-70.76638	7.0						2023-09-20T16:15:59	20	9	2023	2519915	2519915	HUMAN_OBSERVATION	iNaturalist	Observations	184789596		Christian Langlois	2023-09-25T00:17:04	CC_BY_4_0	Christian Langlois	Christian Langlois			2025-01-14T13:32:54.671Z	StillImage	COORDINATE_ROUNDED;CONTINENT_DERIVED_FROM_COORDINATES;TAXON_MATCH_TAXON_ID_IGNORED
4416903480	50c9509d-22c7-4a22-a47d-8c48425ef4a7	https://www.inaturalist.org/observations/181800331	Fungi	Basidiomycota	Agaricomycetes	Hymenochaetales	Hymenochaetaceae	Coltricia	Coltricia perennis		SPECIES	Coltricia perennis (L.) Murrill	Coltricia perennis		CA		Québec	PRESENT		28eb1a3f-1c15-4a95-931a-4af90ecb574d	46.734772	-75.04718	16.0						2023-09-01T13:39:12	1	9	2023	2519915	2519915	HUMAN_OBSERVATION	iNaturalist	Observations	181800331		Antoine Fortin	2023-09-24T15:42:02	CC_BY_4_0	Marilyne Busque-Dubois	Marilyne Busque-Dubois			2025-01-14T13:27:11.447Z	StillImage	COORDINATE_ROUNDED;CONTINENT_DERIVED_FROM_COORDINATES;TAXON_MATCH_TAXON_ID_IGNORED
4416685733	50c9509d-22c7-4a22-a47d-8c48425ef4a7	https://www.inaturalist.org/observations/182670215	Fungi	Basidiomycota	Agaricomycetes	Hymenochaetales	Hymenochaetaceae	Coltricia	Coltricia perennis		SPECIES	Coltricia perennis (L.) Murrill	Coltricia perennis		CA		Prince Edward Island	PRESENT		28eb1a3f-1c15-4a95-931a-4af90ecb574d	46.691994	-64.019897	7.0						2023-09-10T13:23	10	9	2023	2519915	2519915	HUMAN_OBSERVATION	iNaturalist	Observations	182670215		Thelma Phillips	2023-09-10T17:41:21	CC_BY_NC_4_0	Thelma Phillips	Thelma Phillips			2025-01-14T13:32:50.070Z	StillImage	COORDINATE_ROUNDED;CONTINENT_DERIVED_FROM_COORDINATES;TAXON_MATCH_TAXON_ID_IGNORED
4414331656	50c9509d-22c7-4a22-a47d-8c48425ef4a7	https://www.inaturalist.org/observations/183769778	Fungi	Basidiomycota	Agaricomycetes	Hymenochaetales	Hymenochaetaceae	Coltricia	Coltricia perennis		SPECIES	Coltricia perennis (L.) Murrill	Coltricia perennis		CA		Québec	PRESENT		28eb1a3f-1c15-4a95-931a-4af90ecb574d	47.66377	-70.62352	10.0						2023-09-15T10:09:28	15	9	2023	2519915	2519915	HUMAN_OBSERVATION	iNaturalist	Observations	183769778		jasminepouliot	2023-09-18T00:17:09	CC_BY_NC_4_0	jasminepouliot	jasminepouliot			2025-01-14T12:42:24.996Z	StillImage	CONTINENT_DERIVED_FROM_COORDINATES;TAXON_MATCH_TAXON_ID_IGNORED
4414027568	50c9509d-22c7-4a22-a47d-8c48425ef4a7	https://www.inaturalist.org/observations/182893317	Fungi	Basidiomycota	Agaricomycetes	Hymenochaetales	Hymenochaetaceae	Coltricia	Coltricia perennis		SPECIES	Coltricia perennis (L.) Murrill	Coltricia perennis		CA		Ontario	PRESENT		28eb1a3f-1c15-4a95-931a-4af90ecb574d	45.457569	-75.54899	71.0						2023-09-10T15:19	10	9	2023	2519915	2519915	HUMAN_OBSERVATION	iNaturalist	Observations	182893317		jonathan_mack	2023-09-12T01:50:35	CC_BY_NC_4_0	jonathan_mack	jonathan_mack			2025-01-14T12:39:46.349Z	StillImage	COORDINATE_ROUNDED;CONTINENT_DERIVED_FROM_COORDINATES;TAXON_MATCH_TAXON_ID_IGNORED
4413665636	50c9509d-22c7-4a22-a47d-8c48425ef4a7	https://www.inaturalist.org/observations/182097148	Fungi	Basidiomycota	Agaricomycetes	Hymenochaetales	Hymenochaetaceae	Coltricia	Coltricia perennis		SPECIES	Coltricia perennis (L.) Murrill	Coltricia perennis		CA		Québec	PRESENT		28eb1a3f-1c15-4a95-931a-4af90ecb574d	48.589018	-78.23411							2023-09-04T10:14	4	9	2023	2519915	2519915	HUMAN_OBSERVATION	iNaturalist	Observations	182097148		jonathan_mack	2023-09-06T20:21:27	CC_BY_NC_4_0	jonathan_mack	jonathan_mack			2025-01-14T12:39:55.459Z	StillImage	COORDINATE_ROUNDED;CONTINENT_DERIVED_FROM_COORDINATES;TAXON_MATCH_TAXON_ID_IGNORED
4405424236	50c9509d-22c7-4a22-a47d-8c48425ef4a7	https://www.inaturalist.org/observations/180561515	Fungi	Basidiomycota	Agaricomycetes	Hymenochaetales	Hymenochaetaceae	Coltricia	Coltricia perennis		SPECIES	Coltricia perennis (L.) Murrill	Coltricia perennis		CA		Québec	PRESENT		28eb1a3f-1c15-4a95-931a-4af90ecb574d	47.678233	-70.627883	24.0						2023-08-27T16:02:04	27	8	2023	2519915	2519915	HUMAN_OBSERVATION	iNaturalist	Observations	180561515		plgrondin	2023-08-28T02:34:39	CC_BY_NC_4_0	plgrondin	plgrondin			2025-01-14T12:41:43.623Z	StillImage	COORDINATE_ROUNDED;CONTINENT_DERIVED_FROM_COORDINATES;TAXON_MATCH_TAXON_ID_IGNORED
4400045863	50c9509d-22c7-4a22-a47d-8c48425ef4a7	https://www.inaturalist.org/observations/179699621	Fungi	Basidiomycota	Agaricomycetes	Hymenochaetales	Hymenochaetaceae	Coltricia	Coltricia perennis		SPECIES	Coltricia perennis (L.) Murrill	Coltricia perennis		CA		Québec	PRESENT		28eb1a3f-1c15-4a95-931a-4af90ecb574d	46.775187	-71.274629	72.0						2023-08-21T08:45	21	8	2023	2519915	2519915	HUMAN_OBSERVATION	iNaturalist	Observations	179699621		Camille Boucher	2023-08-22T16:39:15	CC_BY_NC_4_0	Camille Boucher	Camille Boucher			2025-01-14T13:31:13.682Z	StillImage	COORDINATE_ROUNDED;CONTINENT_DERIVED_FROM_COORDINATES;TAXON_MATCH_TAXON_ID_IGNORED
4171492831	50c9509d-22c7-4a22-a47d-8c48425ef4a7	https://www.inaturalist.org/observations/175135684	Fungi	Basidiomycota	Agaricomycetes	Hymenochaetales	Hymenochaetaceae	Coltricia	Coltricia perennis		SPECIES	Coltricia perennis (L.) Murrill	Coltricia perennis		CA		Ontario	PRESENT		28eb1a3f-1c15-4a95-931a-4af90ecb574d	45.521839	-75.347522	183.0						2023-07-26T10:14	26	7	2023	2519915	2519915	HUMAN_OBSERVATION	iNaturalist	Observations	175135684		L Joan Heyding	2023-07-27T01:22:37	CC_BY_NC_4_0	L Joan Heyding	L Joan Heyding			2025-01-14T12:39:00.599Z	StillImage	COORDINATE_ROUNDED;CONTINENT_DERIVED_FROM_COORDINATES;TAXON_MATCH_TAXON_ID_IGNORED
4166402012	695cef75-b65f-4776-b2ed-74565eebb16e	02-01000632313	Fungi	Basidiomycota	Agaricomycetes	Hymenochaetales	Hymenochaetaceae	Coltricia	Coltricia perennis		SPECIES	Coltricia perennis (L.) Murrill	Coltricia perennis	(L.) Murrill	CA	Wildlife Research Station	Ontario	PRESENT		055bd978-2daa-4543-b3f0-44e0e87e86ca	45.5917	-78.525							1975-07-02	2	7	1975	2519915	2519915	PRESERVED_SPECIMEN	AAFC	DAOM	186493		J.F. Ammirati 6740		CC_BY_4_0	©His Majesty the King in Right of Canada, as represented by the Minister of Agriculture and Agri-Food	H. Kirsh			2025-01-12T05:11:16.338Z		GEODETIC_DATUM_ASSUMED_WGS84;CONTINENT_DERIVED_FROM_COORDINATES;TAXON_MATCH_TAXON_ID_IGNORED;INSTITUTION_MATCH_FUZZY
4166275028	695cef75-b65f-4776-b2ed-74565eebb16e	02-01000632321	Fungi	Basidiomycota	Agaricomycetes	Hymenochaetales	Hymenochaetaceae	Coltricia	Coltricia perennis		SPECIES	Coltricia perennis (L.) Murrill	Coltricia perennis	(L.) Murrill	CA	Route Principale, Grand Jardin	Quebec	PRESENT		055bd978-2daa-4543-b3f0-44e0e87e86ca	47.6333	-70.8667							1987-08-15	15	8	1987	2519915	2519915	PRESERVED_SPECIMEN	AAFC	DAOM	182848		J. Ginns		CC_BY_4_0	©His Majesty the King in Right of Canada, as represented by the Minister of Agriculture and Agri-Food	R.A. Shoemaker			2025-01-12T05:11:16.122Z		GEODETIC_DATUM_ASSUMED_WGS84;CONTINENT_DERIVED_FROM_COORDINATES;TAXON_MATCH_TAXON_ID_IGNORED;INSTITUTION_MATCH_FUZZY
4166275019	695cef75-b65f-4776-b2ed-74565eebb16e	02-01000632314	Fungi	Basidiomycota	Agaricomycetes	Hymenochaetales	Hymenochaetaceae	Coltricia	Coltricia perennis		SPECIES	Coltricia perennis (L.) Murrill	Coltricia perennis	(L.) Murrill	CA	Sproule Bay	Ontario	PRESENT		055bd978-2daa-4543-b3f0-44e0e87e86ca	45.6375	-78.3833							1950-09-26	26	9	1950	2519915	2519915	PRESERVED_SPECIMEN	AAFC	DAOM	186516		Conf. J. Ginns		CC_BY_4_0	©His Majesty the King in Right of Canada, as represented by the Minister of Agriculture and Agri-Food	J.D. Roseborough			2025-01-12T05:11:16.268Z		GEODETIC_DATUM_ASSUMED_WGS84;CONTINENT_DERIVED_FROM_COORDINATES;TAXON_MATCH_TAXON_ID_IGNORED;INSTITUTION_MATCH_FUZZY
4165580995	50c9509d-22c7-4a22-a47d-8c48425ef4a7	https://www.inaturalist.org/observations/173868862	Fungi	Basidiomycota	Agaricomycetes	Hymenochaetales	Hymenochaetaceae	Coltricia	Coltricia perennis		SPECIES	Coltricia perennis (L.) Murrill	Coltricia perennis		CA		Québec	PRESENT		28eb1a3f-1c15-4a95-931a-4af90ecb574d	48.677078	-72.47708							2023-07-19T17:49	19	7	2023	2519915	2519915	HUMAN_OBSERVATION	iNaturalist	Observations	173868862		Paul Vézina	2023-07-20T01:27:04	CC_BY_NC_4_0	Paul Vézina	Paul Vézina			2025-01-14T12:42:51.917Z	StillImage	COORDINATE_ROUNDED;CONTINENT_DERIVED_FROM_COORDINATES;TAXON_MATCH_TAXON_ID_IGNORED
4165561000	50c9509d-22c7-4a22-a47d-8c48425ef4a7	https://www.inaturalist.org/observations/173779655	Fungi	Basidiomycota	Agaricomycetes	Hymenochaetales	Hymenochaetaceae	Coltricia	Coltricia perennis		SPECIES	Coltricia perennis (L.) Murrill	Coltricia perennis		CA		Québec	PRESENT		28eb1a3f-1c15-4a95-931a-4af90ecb574d	46.002522	-75.08413	24.0						2023-07-19T11:08:43	19	7	2023	2519915	2519915	HUMAN_OBSERVATION	iNaturalist	Observations	173779655		gabboilard	2023-07-19T15:33:54	CC_BY_NC_4_0	gabboilard	gabboilard			2025-01-14T12:37:17.946Z	StillImage	COORDINATE_ROUNDED;CONTINENT_DERIVED_FROM_COORDINATES;TAXON_MATCH_TAXON_ID_IGNORED
4162195944	50c9509d-22c7-4a22-a47d-8c48425ef4a7	https://www.inaturalist.org/observations/172413459	Fungi	Basidiomycota	Agaricomycetes	Hymenochaetales	Hymenochaetaceae	Coltricia	Coltricia perennis		SPECIES	Coltricia perennis (L.) Murrill	Coltricia perennis		CA		Québec	PRESENT		28eb1a3f-1c15-4a95-931a-4af90ecb574d	46.091739	-73.809608	44.0						2023-07-11T16:36:41	11	7	2023	2519915	2519915	HUMAN_OBSERVATION	iNaturalist	Observations	172413459		Bradley Squarek	2023-07-11T22:17:01	CC_BY_NC_4_0	Bradley Squarek	Bradley Squarek			2025-01-14T13:31:46.316Z	StillImage	COORDINATE_ROUNDED;CONTINENT_DERIVED_FROM_COORDINATES;TAXON_MATCH_TAXON_ID_IGNORED
4162067663	50c9509d-22c7-4a22-a47d-8c48425ef4a7	https://www.inaturalist.org/observations/172441619	Fungi	Basidiomycota	Agaricomycetes	Hymenochaetales	Hymenochaetaceae	Coltricia	Coltricia perennis		SPECIES	Coltricia perennis (L.) Murrill	Coltricia perennis		CA		Ontario	PRESENT		28eb1a3f-1c15-4a95-931a-4af90ecb574d	45.588572	-78.374458	4.0						2023-07-05T09:39:29	5	7	2023	2519915	2519915	HUMAN_OBSERVATION	iNaturalist	Observations	172441619		Chris G Earley	2023-07-12T01:49:39	CC_BY_NC_4_0	Chris G Earley	Chris G Earley			2025-01-14T12:39:27.080Z	StillImage	COORDINATE_ROUNDED;CONTINENT_DERIVED_FROM_COORDINATES;TAXON_MATCH_TAXON_ID_IGNORED
4153856552	50c9509d-22c7-4a22-a47d-8c48425ef4a7	https://www.inaturalist.org/observations/171990144	Fungi	Basidiomycota	Agaricomycetes	Hymenochaetales	Hymenochaetaceae	Coltricia	Coltricia perennis		SPECIES	Coltricia perennis (L.) Murrill	Coltricia perennis		CA		Québec	PRESENT		28eb1a3f-1c15-4a95-931a-4af90ecb574d	45.448478	-74.312645	14.0						2023-07-08T12:37:07	8	7	2023	2519915	2519915	HUMAN_OBSERVATION	iNaturalist	Observations	171990144		piskomantis	2023-07-09T17:18:37	CC_BY_NC_4_0	piskomantis	piskomantis			2025-01-14T13:31:09.076Z	StillImage	COORDINATE_ROUNDED;CONTINENT_DERIVED_FROM_COORDINATES;TAXON_MATCH_TAXON_ID_IGNORED
4153606044	50c9509d-22c7-4a22-a47d-8c48425ef4a7	https://www.inaturalist.org/observations/172181402	Fungi	Basidiomycota	Agaricomycetes	Hymenochaetales	Hymenochaetaceae	Coltricia	Coltricia perennis		SPECIES	Coltricia perennis (L.) Murrill	Coltricia perennis		CA		New Brunswick	PRESENT		28eb1a3f-1c15-4a95-931a-4af90ecb574d	45.94502	-64.405625	10.0						2023-07-09T16:39:23	9	7	2023	2519915	2519915	HUMAN_OBSERVATION	iNaturalist	Observations	172181402		Laura O'Connor	2023-07-10T16:40:53	CC_BY_NC_4_0	Laura O'Connor	Laura O'Connor			2025-01-14T13:31:28.833Z	StillImage	CONTINENT_DERIVED_FROM_COORDINATES;TAXON_MATCH_TAXON_ID_IGNORED
4099978898	d1a3b128-b406-46bb-a6d1-f3591dcc8a7b	16e68609-71aa-47f0-acbf-e9f0d17c123f	Fungi	Basidiomycota	Agaricomycetes	Hymenochaetales	Hymenochaetaceae	Coltricia	Coltricia perennis		SPECIES	Polystictus perennis (L.) Fr.	Polystictus perennis	(L.) Fr.	CA	Youghall	New Brunswick	PRESENT		e43cf4b8-849e-4fac-b075-e652d019d2cf	47.65909	-65.645399	301.0						1925-08		8	1925	5237903	2519915	PRESERVED_SPECIMEN	BPI		BPI 314965		Lloyd C. G.		CC0_1_0		Fletcher James			2025-01-15T04:59:27.247Z		GEODETIC_DATUM_ASSUMED_WGS84;CONTINENT_DERIVED_FROM_COORDINATES;TAXON_MATCH_TAXON_ID_IGNORED;INSTITUTION_MATCH_FUZZY
4099759906	d1a3b128-b406-46bb-a6d1-f3591dcc8a7b	7c15e669-1aad-40f4-960b-3ae573484472	Fungi	Basidiomycota	Agaricomycetes	Hymenochaetales	Hymenochaetaceae	Coltricia	Coltricia perennis		SPECIES	Polystictus perennis (L.) Fr.	Polystictus perennis	(L.) Fr.	CA	Quebec	Quebec	PRESENT		e43cf4b8-849e-4fac-b075-e652d019d2cf	47.5	-72.0	301.0										5237903	2519915	PRESERVED_SPECIMEN	BPI		BPI 314918		Lloyd C. G.		CC0_1_0		Mignault J. B.			2025-01-15T04:59:27.073Z		GEODETIC_DATUM_ASSUMED_WGS84;CONTINENT_DERIVED_FROM_COORDINATES;TAXON_MATCH_TAXON_ID_IGNORED;INSTITUTION_MATCH_FUZZY
4099517908	d1a3b128-b406-46bb-a6d1-f3591dcc8a7b	584ee272-6584-4b2f-8328-9471d342b0bf	Fungi	Basidiomycota	Agaricomycetes	Hymenochaetales	Hymenochaetaceae	Coltricia	Coltricia perennis		SPECIES	Polystictus perennis (L.) Fr.	Polystictus perennis	(L.) Fr.	CA	Quebec	Quebec	PRESENT		e43cf4b8-849e-4fac-b075-e652d019d2cf	47.5	-72.0	301.0										5237903	2519915	PRESERVED_SPECIMEN	BPI		BPI 314964		Lloyd C. G.		CC0_1_0		Mignault Jos.			2025-01-15T04:59:27.074Z		GEODETIC_DATUM_ASSUMED_WGS84;CONTINENT_DERIVED_FROM_COORDINATES;TAXON_MATCH_TAXON_ID_IGNORED;INSTITUTION_MATCH_FUZZY
4099517905	d1a3b128-b406-46bb-a6d1-f3591dcc8a7b	79b3a8e8-41df-4b45-99be-05ebd328773f	Fungi	Basidiomycota	Agaricomycetes	Hymenochaetales	Hymenochaetaceae	Coltricia	Coltricia perennis		SPECIES	Polystictus perennis (L.) Fr.	Polystictus perennis	(L.) Fr.	CA	Montreal	Quebec	PRESENT		e43cf4b8-849e-4fac-b075-e652d019d2cf	45.5	-73.583333	3036.0						1907-07-18	18	7	1907	5237903	2519915	PRESERVED_SPECIMEN	BPI		BPI 314931		Lloyd C. G.		CC0_1_0		Dupret H.			2025-01-15T04:59:27.165Z		GEODETIC_DATUM_ASSUMED_WGS84;CONTINENT_DERIVED_FROM_COORDINATES;TAXON_MATCH_TAXON_ID_IGNORED;INSTITUTION_MATCH_FUZZY
4099397880	d1a3b128-b406-46bb-a6d1-f3591dcc8a7b	5fece6be-2fab-4ac6-8524-b0a26cb65c84	Fungi	Basidiomycota	Agaricomycetes	Hymenochaetales	Hymenochaetaceae	Coltricia	Coltricia perennis		SPECIES	Polyporus perennis (L.) Fr.	Polyporus perennis	(L.) Fr.	CA	Tadoussac	Quebec	PRESENT		e43cf4b8-849e-4fac-b075-e652d019d2cf	48.15	-69.716667	8574.0						1919-08		8	1919	5237902	2519915	PRESERVED_SPECIMEN	BPI		BPI 217052		Cash Edith K.		CC0_1_0		Cash Edith K.			2025-01-15T04:59:23.310Z		GEODETIC_DATUM_ASSUMED_WGS84;CONTINENT_DERIVED_FROM_COORDINATES;TAXON_MATCH_TAXON_ID_IGNORED;INSTITUTION_MATCH_FUZZY
4099390878	d1a3b128-b406-46bb-a6d1-f3591dcc8a7b	3289e989-7b5a-45c2-b0b0-a8453808db5a	Fungi	Basidiomycota	Agaricomycetes	Hymenochaetales	Hymenochaetaceae	Coltricia	Coltricia perennis		SPECIES	Polyporus perennis (L.) Fr.	Polyporus perennis	(L.) Fr.	CA	East Angus	Quebec	PRESENT		e43cf4b8-849e-4fac-b075-e652d019d2cf	45.483333	-71.666667	2513.0						1918-10		10	1918	5237902	2519915	PRESERVED_SPECIMEN	BPI		BPI 217068				CC0_1_0		Fritz C. Miss			2025-01-15T04:59:23.225Z		GEODETIC_DATUM_ASSUMED_WGS84;CONTINENT_DERIVED_FROM_COORDINATES;TAXON_MATCH_TAXON_ID_IGNORED;INSTITUTION_MATCH_FUZZY
4067344651	50c9509d-22c7-4a22-a47d-8c48425ef4a7	https://www.inaturalist.org/observations/133019465	Fungi	Basidiomycota	Agaricomycetes	Hymenochaetales	Hymenochaetaceae	Coltricia	Coltricia perennis		SPECIES	Coltricia perennis (L.) Murrill	Coltricia perennis		CA		Québec	PRESENT		28eb1a3f-1c15-4a95-931a-4af90ecb574d	45.38575	-71.935713	3000.0						2022-08-23T14:30:59	23	8	2022	2519915	2519915	HUMAN_OBSERVATION	iNaturalist	Observations	133019465		cinna_latifolia	2023-03-08T06:29:11	CC_BY_NC_4_0	Ming_Ni	Ming_Ni			2025-01-14T12:31:45.265Z	StillImage	COORDINATE_ROUNDED;CONTINENT_DERIVED_FROM_COORDINATES;TAXON_MATCH_TAXON_ID_IGNORED
4062994492	50c9509d-22c7-4a22-a47d-8c48425ef4a7	https://www.inaturalist.org/observations/136604432	Fungi	Basidiomycota	Agaricomycetes	Hymenochaetales	Hymenochaetaceae	Coltricia	Coltricia perennis		SPECIES	Coltricia perennis (L.) Murrill	Coltricia perennis		CA		Québec	PRESENT		28eb1a3f-1c15-4a95-931a-4af90ecb574d	46.10696	-73.476533							2022-09-26T13:11:22	26	9	2022	2519915	2519915	HUMAN_OBSERVATION	iNaturalist	Observations	136604432		cinna_latifolia	2023-03-08T06:31:13	CC_BY_NC_4_0	Alexis Desmarais	Alexis Desmarais			2025-01-14T12:32:26.451Z	StillImage	COORDINATE_ROUNDED;CONTINENT_DERIVED_FROM_COORDINATES;TAXON_MATCH_TAXON_ID_IGNORED
4009706748	50c9509d-22c7-4a22-a47d-8c48425ef4a7	https://www.inaturalist.org/observations/144826015	Fungi	Basidiomycota	Agaricomycetes	Hymenochaetales	Hymenochaetaceae	Coltricia	Coltricia perennis		SPECIES	Coltricia perennis (L.) Murrill	Coltricia perennis		CA		New Brunswick	PRESENT		28eb1a3f-1c15-4a95-931a-4af90ecb574d	47.356632	-66.906608							2022-08-13T11:54:27	13	8	2022	2519915	2519915	HUMAN_OBSERVATION	iNaturalist	Observations	144826015		Lewnanny Richardson	2022-12-22T01:18:43	CC_BY_NC_4_0	Lewnanny Richardson	Lewnanny Richardson			2025-01-14T13:20:02.640Z	StillImage	COORDINATE_ROUNDED;CONTINENT_DERIVED_FROM_COORDINATES;TAXON_MATCH_TAXON_ID_IGNORED
4009678608	50c9509d-22c7-4a22-a47d-8c48425ef4a7	https://www.inaturalist.org/observations/144137959	Fungi	Basidiomycota	Agaricomycetes	Hymenochaetales	Hymenochaetaceae	Coltricia	Coltricia perennis		SPECIES	Coltricia perennis (L.) Murrill	Coltricia perennis		CA		Québec	PRESENT		28eb1a3f-1c15-4a95-931a-4af90ecb574d	47.68063	-70.833382							2013-07-31T21:16	31	7	2013	2519915	2519915	HUMAN_OBSERVATION	iNaturalist	Observations	144137959		Manuel Ruedi	2022-12-11T09:14:28	CC_BY_NC_4_0	Manuel Ruedi	Manuel Ruedi			2025-01-14T12:32:58.956Z	StillImage	COORDINATE_ROUNDED;CONTINENT_DERIVED_FROM_COORDINATES;TAXON_MATCH_TAXON_ID_IGNORED
3985742873	50c9509d-22c7-4a22-a47d-8c48425ef4a7	https://www.inaturalist.org/observations/137982897	Fungi	Basidiomycota	Agaricomycetes	Hymenochaetales	Hymenochaetaceae	Coltricia	Coltricia perennis		SPECIES	Coltricia perennis (L.) Murrill	Coltricia perennis		CA		Ontario	PRESENT		28eb1a3f-1c15-4a95-931a-4af90ecb574d	45.554858	-78.686852	31.0						2014-08-01T13:40	1	8	2014	2519915	2519915	HUMAN_OBSERVATION	iNaturalist	Observations	137982897		jeanh	2022-10-08T15:06:53	CC_BY_NC_4_0	jeanh	jeanh			2025-01-14T12:32:05.488Z	StillImage	COORDINATE_ROUNDED;CONTINENT_DERIVED_FROM_COORDINATES;TAXON_MATCH_TAXON_ID_IGNORED
3966528738	50c9509d-22c7-4a22-a47d-8c48425ef4a7	https://www.inaturalist.org/observations/141538436	Fungi	Basidiomycota	Agaricomycetes	Hymenochaetales	Hymenochaetaceae	Coltricia	Coltricia perennis		SPECIES	Coltricia perennis (L.) Murrill	Coltricia perennis		CA		Québec	PRESENT		28eb1a3f-1c15-4a95-931a-4af90ecb574d	46.911397	-71.218065	15.0						2022-09-29	29	9	2022	2519915	2519915	HUMAN_OBSERVATION	iNaturalist	Observations	141538436		Christian Grenier	2022-11-09T15:01:36	CC_BY_NC_4_0	Christian Grenier	Christian Grenier			2025-01-14T12:33:06.136Z	StillImage	COORDINATE_ROUNDED;CONTINENT_DERIVED_FROM_COORDINATES;TAXON_MATCH_TAXON_ID_IGNORED
3902656206	50c9509d-22c7-4a22-a47d-8c48425ef4a7	https://www.inaturalist.org/observations/124729576	Fungi	Basidiomycota	Agaricomycetes	Hymenochaetales	Hymenochaetaceae	Coltricia	Coltricia perennis		SPECIES	Coltricia perennis (L.) Murrill	Coltricia perennis		CA		New Brunswick	PRESENT		28eb1a3f-1c15-4a95-931a-4af90ecb574d	45.379801	-65.98447							2022-07-04T11:01:42	4	7	2022	2519915	2519915	HUMAN_OBSERVATION	iNaturalist	Observations	124729576		robichandre	2022-07-04T14:53:05	CC_BY_NC_4_0	robichandre	robichandre			2025-01-14T12:31:41.707Z	StillImage	CONTINENT_DERIVED_FROM_COORDINATES;TAXON_MATCH_TAXON_ID_IGNORED
3893631564	8fe64528-38fe-47c8-938a-b2ab603a653a	MSC0231094	Fungi	Basidiomycota	Agaricomycetes	Hymenochaetales	Hymenochaetaceae	Coltricia	Coltricia perennis		SPECIES	Coltricia perennis (L.) Murrill	Coltricia perennis	(L.) Murrill	CA	Noway Lake, Algonquin Park	Ontario	PRESENT		41d6acb0-48b5-11db-a1c2-b8a03c50a862	45.574951	-78.367391	3036.0						1939-08-25	25	8	1939	2519915	2519915	PRESERVED_SPECIMEN	MSC		MSC0231094	15679	R. F. Cain		CC_BY_4_0		R. F. Cain			2025-01-15T11:18:56.540Z	StillImage	CONTINENT_DERIVED_FROM_COORDINATES;TAXON_MATCH_TAXON_ID_IGNORED;COLLECTION_MATCH_NONE;INSTITUTION_MATCH_FUZZY
3892527520	50c9509d-22c7-4a22-a47d-8c48425ef4a7	https://www.inaturalist.org/observations/129859088	Fungi	Basidiomycota	Agaricomycetes	Hymenochaetales	Hymenochaetaceae	Coltricia	Coltricia perennis		SPECIES	Coltricia perennis (L.) Murrill	Coltricia perennis		CA		Ontario	PRESENT		28eb1a3f-1c15-4a95-931a-4af90ecb574d	45.678545	-78.921883	21.0						2022-07-25T12:04:02	25	7	2022	2519915	2519915	HUMAN_OBSERVATION	iNaturalist	Observations	129859088		Heather Schibli	2022-08-07T17:59:45	CC_BY_NC_4_0	Heather Schibli	Heather Schibli			2025-01-14T13:24:22.878Z		COORDINATE_ROUNDED;CONTINENT_DERIVED_FROM_COORDINATES;TAXON_MATCH_TAXON_ID_IGNORED
3874124785	50c9509d-22c7-4a22-a47d-8c48425ef4a7	https://www.inaturalist.org/observations/125650935	Fungi	Basidiomycota	Agaricomycetes	Hymenochaetales	Hymenochaetaceae	Coltricia	Coltricia perennis		SPECIES	Coltricia perennis (L.) Murrill	Coltricia perennis		CA		New Brunswick	PRESENT		28eb1a3f-1c15-4a95-931a-4af90ecb574d	47.733089	-65.884875	199.0						2022-07-10T12:04:22	10	7	2022	2519915	2519915	HUMAN_OBSERVATION	iNaturalist	Observations	125650935		cinna_latifolia	2022-07-11T01:21:49	CC_BY_NC_4_0	roachiecanada	roachiecanada			2025-01-14T12:29:53.941Z	StillImage	COORDINATE_ROUNDED;CONTINENT_DERIVED_FROM_COORDINATES;TAXON_MATCH_TAXON_ID_IGNORED
3873713133	50c9509d-22c7-4a22-a47d-8c48425ef4a7	https://www.inaturalist.org/observations/125233535	Fungi	Basidiomycota	Agaricomycetes	Hymenochaetales	Hymenochaetaceae	Coltricia	Coltricia perennis		SPECIES	Coltricia perennis (L.) Murrill	Coltricia perennis		CA		Québec	PRESENT		28eb1a3f-1c15-4a95-931a-4af90ecb574d	47.085842	-70.777167							2022-07-07T14:39:27	7	7	2022	2519915	2519915	HUMAN_OBSERVATION	iNaturalist	Observations	125233535		Joeb	2022-07-07T23:15:47	CC_BY_4_0	Joeb	Joeb			2025-01-14T13:23:26.461Z	StillImage	COORDINATE_ROUNDED;CONTINENT_DERIVED_FROM_COORDINATES;TAXON_MATCH_TAXON_ID_IGNORED
3872892184	50c9509d-22c7-4a22-a47d-8c48425ef4a7	https://www.inaturalist.org/observations/125224726	Fungi	Basidiomycota	Agaricomycetes	Hymenochaetales	Hymenochaetaceae	Coltricia	Coltricia perennis		SPECIES	Coltricia perennis (L.) Murrill	Coltricia perennis		CA		Québec	PRESENT		28eb1a3f-1c15-4a95-931a-4af90ecb574d	45.468171	-71.207933	5.0						2022-07-07T13:42:27	7	7	2022	2519915	2519915	HUMAN_OBSERVATION	iNaturalist	Observations	125224726		a_leneyg	2022-07-07T22:00:27	CC_BY_NC_4_0	a_leneyg	a_leneyg			2025-01-14T12:30:23.753Z	StillImage	COORDINATE_ROUNDED;CONTINENT_DERIVED_FROM_COORDINATES;TAXON_MATCH_TAXON_ID_IGNORED
3860350727	50c9509d-22c7-4a22-a47d-8c48425ef4a7	https://www.inaturalist.org/observations/124189890	Fungi	Basidiomycota	Agaricomycetes	Hymenochaetales	Hymenochaetaceae	Coltricia	Coltricia perennis		SPECIES	Coltricia perennis (L.) Murrill	Coltricia perennis		CA		Ontario	PRESENT		28eb1a3f-1c15-4a95-931a-4af90ecb574d	45.554031	-78.59676	1519.0						2022-06-30	30	6	2022	2519915	2519915	HUMAN_OBSERVATION	iNaturalist	Observations	124189890		Shawn	2022-07-01T01:36:59	CC_BY_NC_4_0	Shawn	Shawn			2025-01-14T13:17:08.063Z		COORDINATE_ROUNDED;CONTINENT_DERIVED_FROM_COORDINATES;TAXON_MATCH_TAXON_ID_IGNORED
3860196923	50c9509d-22c7-4a22-a47d-8c48425ef4a7	https://www.inaturalist.org/observations/124299324	Fungi	Basidiomycota	Agaricomycetes	Hymenochaetales	Hymenochaetaceae	Coltricia	Coltricia perennis		SPECIES	Coltricia perennis (L.) Murrill	Coltricia perennis		CA		Québec	PRESENT		28eb1a3f-1c15-4a95-931a-4af90ecb574d	45.813549	-73.716278	8.0						2022-07-01T17:09:12	1	7	2022	2519915	2519915	HUMAN_OBSERVATION	iNaturalist	Observations	124299324		Vert de chez Vert	2022-07-01T21:09:29	CC_BY_NC_4_0	Vert de chez Vert	Vert de chez Vert			2025-01-14T12:29:47.667Z	StillImage	COORDINATE_ROUNDED;CONTINENT_DERIVED_FROM_COORDINATES;TAXON_MATCH_TAXON_ID_IGNORED
3747308453	50c9509d-22c7-4a22-a47d-8c48425ef4a7	https://www.inaturalist.org/observations/97801371	Fungi	Basidiomycota	Agaricomycetes	Hymenochaetales	Hymenochaetaceae	Coltricia	Coltricia perennis		SPECIES	Coltricia perennis (L.) Murrill	Coltricia perennis		CA		New Brunswick	PRESENT		28eb1a3f-1c15-4a95-931a-4af90ecb574d	47.750662	-64.953063	6.0						2021-10-09T16:05:57	9	10	2021	2519915	2519915	HUMAN_OBSERVATION	iNaturalist	Observations	97801371		Lisa Martin	2022-03-21T18:27:41	CC_BY_NC_4_0	ahebert	ahebert			2025-01-14T13:17:12.561Z	StillImage	COORDINATE_ROUNDED;CONTINENT_DERIVED_FROM_COORDINATES;TAXON_MATCH_TAXON_ID_IGNORED
3747070408	50c9509d-22c7-4a22-a47d-8c48425ef4a7	https://www.inaturalist.org/observations/94479103	Fungi	Basidiomycota	Agaricomycetes	Hymenochaetales	Hymenochaetaceae	Coltricia	Coltricia perennis		SPECIES	Coltricia perennis (L.) Murrill	Coltricia perennis		CA		New Brunswick	PRESENT		28eb1a3f-1c15-4a95-931a-4af90ecb574d	47.778887	-64.969637	32.0						2021-09-11T14:22:52	11	9	2021	2519915	2519915	HUMAN_OBSERVATION	iNaturalist	Observations	94479103		Lisa Martin	2022-03-21T18:57:59	CC_BY_NC_4_0	ahebert	ahebert			2025-01-14T13:14:54.440Z	StillImage	COORDINATE_ROUNDED;CONTINENT_DERIVED_FROM_COORDINATES;TAXON_MATCH_TAXON_ID_IGNORED
3499446570	50c9509d-22c7-4a22-a47d-8c48425ef4a7	https://www.inaturalist.org/observations/100966318	Fungi	Basidiomycota	Agaricomycetes	Hymenochaetales	Hymenochaetaceae	Coltricia	Coltricia perennis		SPECIES	Coltricia perennis (L.) Murrill	Coltricia perennis		CA		Québec	PRESENT		28eb1a3f-1c15-4a95-931a-4af90ecb574d	48.38165	-79.008847	2.0						2021-07-26T00:20	26	7	2021	2519915	2519915	HUMAN_OBSERVATION	iNaturalist	Observations	100966318		Jonathan Gagnon	2021-11-13T00:41:39	CC_BY_NC_4_0	Jonathan Gagnon	Jonathan Gagnon			2025-01-14T13:17:11.369Z	StillImage	COORDINATE_ROUNDED;CONTINENT_DERIVED_FROM_COORDINATES;TAXON_MATCH_TAXON_ID_IGNORED
3455246625	50c9509d-22c7-4a22-a47d-8c48425ef4a7	https://www.inaturalist.org/observations/55434105	Fungi	Basidiomycota	Agaricomycetes	Hymenochaetales	Hymenochaetaceae	Coltricia	Coltricia perennis		SPECIES	Coltricia perennis (L.) Murrill	Coltricia perennis		CA		Québec	PRESENT		28eb1a3f-1c15-4a95-931a-4af90ecb574d	47.649216	-70.896662	5.0						2020-08-04T12:48:06	4	8	2020	2519915	2519915	HUMAN_OBSERVATION	iNaturalist	Observations	55434105		meyerhansmonica	2021-09-09T02:26:34	CC_BY_NC_4_0	pngj	pngj			2025-01-14T13:05:10.913Z	StillImage	COORDINATE_ROUNDED;CONTINENT_DERIVED_FROM_COORDINATES;TAXON_MATCH_TAXON_ID_IGNORED
3415846969	50c9509d-22c7-4a22-a47d-8c48425ef4a7	https://www.inaturalist.org/observations/95053104	Fungi	Basidiomycota	Agaricomycetes	Hymenochaetales	Hymenochaetaceae	Coltricia	Coltricia perennis		SPECIES	Coltricia perennis (L.) Murrill	Coltricia perennis		CA		Québec	PRESENT		28eb1a3f-1c15-4a95-931a-4af90ecb574d	48.226633	-79.013804	31.0						2021-09-16T13:11:54Z	16	9	2021	2519915	2519915	HUMAN_OBSERVATION	iNaturalist	Observations	95053104		Jean Descoteaux	2021-09-16T17:15:51	CC_BY_NC_4_0	Jean Descoteaux	Jean Descoteaux			2025-01-14T12:25:21.002Z	StillImage	COORDINATE_ROUNDED;CONTINENT_DERIVED_FROM_COORDINATES;TAXON_MATCH_TAXON_ID_IGNORED
3399173909	50c9509d-22c7-4a22-a47d-8c48425ef4a7	https://www.inaturalist.org/observations/97282532	Fungi	Basidiomycota	Agaricomycetes	Hymenochaetales	Hymenochaetaceae	Coltricia	Coltricia perennis		SPECIES	Coltricia perennis (L.) Murrill	Coltricia perennis		CA		Québec	PRESENT		28eb1a3f-1c15-4a95-931a-4af90ecb574d	45.511418	-73.584692	48.0						2021-10-05T15:13:33	5	10	2021	2519915	2519915	HUMAN_OBSERVATION	iNaturalist	Observations	97282532		isidore_	2021-10-05T20:56:55	CC_BY_NC_4_0	isidore_	isidore_			2025-01-14T13:14:30.741Z	StillImage	COORDINATE_ROUNDED;CONTINENT_DERIVED_FROM_COORDINATES;TAXON_MATCH_TAXON_ID_IGNORED
3384977721	50c9509d-22c7-4a22-a47d-8c48425ef4a7	https://www.inaturalist.org/observations/96521420	Fungi	Basidiomycota	Agaricomycetes	Hymenochaetales	Hymenochaetaceae	Coltricia	Coltricia perennis		SPECIES	Coltricia perennis (L.) Murrill	Coltricia perennis		CA		New Brunswick	PRESENT		28eb1a3f-1c15-4a95-931a-4af90ecb574d	47.601834	-65.64551	3.0						2021-09-28T19:05:12	28	9	2021	2519915	2519915	HUMAN_OBSERVATION	iNaturalist	Observations	96521420		Marie-Josée Garand	2021-09-28T22:08:44	CC_BY_NC_4_0	Marie-Josée Garand	Marie-Josée Garand			2025-01-14T13:15:48.689Z	StillImage	COORDINATE_ROUNDED;CONTINENT_DERIVED_FROM_COORDINATES;TAXON_MATCH_TAXON_ID_IGNORED
3384129211	50c9509d-22c7-4a22-a47d-8c48425ef4a7	https://www.inaturalist.org/observations/97093242	Fungi	Basidiomycota	Agaricomycetes	Hymenochaetales	Hymenochaetaceae	Coltricia	Coltricia perennis		SPECIES	Coltricia perennis (L.) Murrill	Coltricia perennis		CA		New Brunswick	PRESENT		28eb1a3f-1c15-4a95-931a-4af90ecb574d	46.3107	-66.835778	18.0						2021-10-02T17:15:48	2	10	2021	2519915	2519915	HUMAN_OBSERVATION	iNaturalist	Observations	97093242		rachharvey81	2021-10-04T00:28:20	CC_BY_NC_4_0	rachharvey81	rachharvey81			2025-01-14T12:25:50.378Z	StillImage	COORDINATE_ROUNDED;CONTINENT_DERIVED_FROM_COORDINATES;TAXON_MATCH_TAXON_ID_IGNORED
3355734751	50c9509d-22c7-4a22-a47d-8c48425ef4a7	https://www.inaturalist.org/observations/93460935	Fungi	Basidiomycota	Agaricomycetes	Hymenochaetales	Hymenochaetaceae	Coltricia	Coltricia perennis		SPECIES	Coltricia perennis (L.) Murrill	Coltricia perennis		CA		New Brunswick	PRESENT		28eb1a3f-1c15-4a95-931a-4af90ecb574d	45.974637	-66.643771	27095.0						2021-08-27T17:48	27	8	2021	2519915	2519915	HUMAN_OBSERVATION	iNaturalist	Observations	93460935		Eric Knopf	2021-09-03T11:58:41	CC_BY_NC_4_0	Eric Knopf	Eric Knopf			2025-01-14T13:14:29.485Z	StillImage	COORDINATE_ROUNDED;CONTINENT_DERIVED_FROM_COORDINATES;TAXON_MATCH_TAXON_ID_IGNORED
3338111111	50c9509d-22c7-4a22-a47d-8c48425ef4a7	https://www.inaturalist.org/observations/91785105	Fungi	Basidiomycota	Agaricomycetes	Hymenochaetales	Hymenochaetaceae	Coltricia	Coltricia perennis		SPECIES	Coltricia perennis (L.) Murrill	Coltricia perennis		CA		Nova Scotia	PRESENT		28eb1a3f-1c15-4a95-931a-4af90ecb574d	45.084411	-64.340513	4.0						2021-08-19T18:23:29	19	8	2021	2519915	2519915	HUMAN_OBSERVATION	iNaturalist	Observations	91785105		carol_fellowes	2021-08-19T21:26:12	CC_BY_NC_4_0	carol_fellowes	carol_fellowes			2025-01-14T12:20:29.221Z	StillImage	COORDINATE_ROUNDED;CONTINENT_DERIVED_FROM_COORDINATES;TAXON_MATCH_TAXON_ID_IGNORED
3337848741	50c9509d-22c7-4a22-a47d-8c48425ef4a7	https://www.inaturalist.org/observations/91570086	Fungi	Basidiomycota	Agaricomycetes	Hymenochaetales	Hymenochaetaceae	Coltricia	Coltricia perennis		SPECIES	Coltricia perennis (L.) Murrill	Coltricia perennis		CA		Québec	PRESENT		28eb1a3f-1c15-4a95-931a-4af90ecb574d	46.94519	-71.302967	6.0						2021-08-17T15:50:50	17	8	2021	2519915	2519915	HUMAN_OBSERVATION	iNaturalist	Observations	91570086		zwhnz	2021-08-17T20:41:28	CC_BY_NC_4_0	zwhnz	zwhnz			2025-01-14T13:14:39.610Z	StillImage	COORDINATE_ROUNDED;CONTINENT_DERIVED_FROM_COORDINATES;TAXON_MATCH_TAXON_ID_IGNORED
3337451651	50c9509d-22c7-4a22-a47d-8c48425ef4a7	https://www.inaturalist.org/observations/85786886	Fungi	Basidiomycota	Agaricomycetes	Hymenochaetales	Hymenochaetaceae	Coltricia	Coltricia perennis		SPECIES	Coltricia perennis (L.) Murrill	Coltricia perennis		CA		Québec	PRESENT		28eb1a3f-1c15-4a95-931a-4af90ecb574d	46.84555	-79.183288	4.0						2021-07-03T13:06:09	3	7	2021	2519915	2519915	HUMAN_OBSERVATION	iNaturalist	Observations	85786886		Jonathan Fréchette	2021-07-05T16:52:09	CC_BY_NC_4_0	Jonathan Fréchette	Jonathan Fréchette			2025-01-14T12:19:15.324Z	StillImage	COORDINATE_ROUNDED;CONTINENT_DERIVED_FROM_COORDINATES;TAXON_MATCH_TAXON_ID_IGNORED
3333247897	50c9509d-22c7-4a22-a47d-8c48425ef4a7	https://www.inaturalist.org/observations/88470456	Fungi	Basidiomycota	Agaricomycetes	Hymenochaetales	Hymenochaetaceae	Coltricia	Coltricia perennis		SPECIES	Coltricia perennis (L.) Murrill	Coltricia perennis		CA		Québec	PRESENT		28eb1a3f-1c15-4a95-931a-4af90ecb574d	45.387592	-74.193375	61.0						2021-07-24T19:21	24	7	2021	2519915	2519915	HUMAN_OBSERVATION	iNaturalist	Observations	88470456		cinna_latifolia	2021-07-25T04:11:45	CC_BY_NC_4_0	Bink June	Bink June			2025-01-14T12:21:37.890Z	StillImage	COORDINATE_ROUNDED;CONTINENT_DERIVED_FROM_COORDINATES;TAXON_MATCH_TAXON_ID_IGNORED
3325492354	50c9509d-22c7-4a22-a47d-8c48425ef4a7	https://www.inaturalist.org/observations/58179455	Fungi	Basidiomycota	Agaricomycetes	Hymenochaetales	Hymenochaetaceae	Coltricia	Coltricia perennis		SPECIES	Coltricia perennis (L.) Murrill	Coltricia perennis		CA		Ontario	PRESENT		28eb1a3f-1c15-4a95-931a-4af90ecb574d	45.55397	-78.59676	1519.0						2020-08-25T17:02	25	8	2020	2519915	2519915	HUMAN_OBSERVATION	iNaturalist	Observations	58179455		cinna_latifolia	2021-06-24T18:55:47	CC_BY_NC_4_0	kboiv6	kboiv6			2025-01-14T12:15:27.345Z	StillImage	CONTINENT_DERIVED_FROM_COORDINATES;TAXON_MATCH_TAXON_ID_IGNORED
3325478929	50c9509d-22c7-4a22-a47d-8c48425ef4a7	https://www.inaturalist.org/observations/85650818	Fungi	Basidiomycota	Agaricomycetes	Hymenochaetales	Hymenochaetaceae	Coltricia	Coltricia perennis		SPECIES	Coltricia perennis (L.) Murrill	Coltricia perennis		CA		New Brunswick	PRESENT		28eb1a3f-1c15-4a95-931a-4af90ecb574d	47.851847	-64.515403	16.0						2021-07-04T14:54:01	4	7	2021	2519915	2519915	HUMAN_OBSERVATION	iNaturalist	Observations	85650818		Raymonde G Chartier	2021-07-05T02:12:29	CC_BY_NC_4_0	ahebert	ahebert			2025-01-14T13:19:35.258Z	StillImage	COORDINATE_ROUNDED;CONTINENT_DERIVED_FROM_COORDINATES;TAXON_MATCH_TAXON_ID_IGNORED
3314613304	50c9509d-22c7-4a22-a47d-8c48425ef4a7	https://www.inaturalist.org/observations/84122930	Fungi	Basidiomycota	Agaricomycetes	Hymenochaetales	Hymenochaetaceae	Coltricia	Coltricia perennis		SPECIES	Coltricia perennis (L.) Murrill	Coltricia perennis		CA		Québec	PRESENT		28eb1a3f-1c15-4a95-931a-4af90ecb574d	45.399813	-74.137765	1523.0						2020-10-29T20:22	29	10	2020	2519915	2519915	HUMAN_OBSERVATION	iNaturalist	Observations	84122930		Benjamin Leo	2021-06-23T00:23:24	CC_BY_NC_4_0	Benjamin Leo	Benjamin Leo			2025-01-14T12:18:52.209Z	StillImage	CONTINENT_DERIVED_FROM_COORDINATES;TAXON_MATCH_TAXON_ID_IGNORED
3302235429	50c9509d-22c7-4a22-a47d-8c48425ef4a7	https://www.inaturalist.org/observations/60000791	Fungi	Basidiomycota	Agaricomycetes	Hymenochaetales	Hymenochaetaceae	Coltricia	Coltricia perennis		SPECIES	Coltricia perennis (L.) Murrill	Coltricia perennis		CA		Ontario	PRESENT		28eb1a3f-1c15-4a95-931a-4af90ecb574d	45.420045	-77.557053	65.0						2020-09-18T15:43:06	18	9	2020	2519915	2519915	HUMAN_OBSERVATION	iNaturalist	Observations	60000791		cinna_latifolia	2021-06-01T01:13:35	CC_BY_NC_4_0	sklad	sklad			2025-01-14T13:10:13.880Z	StillImage	COORDINATE_ROUNDED;CONTINENT_DERIVED_FROM_COORDINATES;TAXON_MATCH_TAXON_ID_IGNORED
3109176421	50c9509d-22c7-4a22-a47d-8c48425ef4a7	https://www.inaturalist.org/observations/61399713	Fungi	Basidiomycota	Agaricomycetes	Hymenochaetales	Hymenochaetaceae	Coltricia	Coltricia perennis		SPECIES	Coltricia perennis (L.) Murrill	Coltricia perennis		CA		Québec	PRESENT		28eb1a3f-1c15-4a95-931a-4af90ecb574d	45.814033	-71.167063	310.0						2008-07-12T12:06	12	7	2008	2519915	2519915	HUMAN_OBSERVATION	iNaturalist	Observations	61399713		Michael John Oldham	2020-10-01T16:09:48	CC_BY_NC_4_0	Michael John Oldham	Michael John Oldham			2025-01-14T12:14:54.795Z	StillImage	COORDINATE_ROUNDED;CONTINENT_DERIVED_FROM_COORDINATES;TAXON_MATCH_TAXON_ID_IGNORED
3044778754	50c9509d-22c7-4a22-a47d-8c48425ef4a7	https://www.inaturalist.org/observations/64366647	Fungi	Basidiomycota	Agaricomycetes	Hymenochaetales	Hymenochaetaceae	Coltricia	Coltricia perennis		SPECIES	Coltricia perennis (L.) Murrill	Coltricia perennis		CA		Ontario	PRESENT		28eb1a3f-1c15-4a95-931a-4af90ecb574d	45.223674	-77.962698	11859.0						2020-08-26T10:16:43	26	8	2020	2519915	2519915	HUMAN_OBSERVATION	iNaturalist	Observations	64366647		Garrett Taylor	2021-01-18T04:58:49	CC_BY_NC_4_0	ryanjcarter	ryanjcarter			2025-01-14T13:10:36.548Z	StillImage	COORDINATE_ROUNDED;CONTINENT_DERIVED_FROM_COORDINATES;TAXON_MATCH_TAXON_ID_IGNORED
3014031503	50c9509d-22c7-4a22-a47d-8c48425ef4a7	https://www.inaturalist.org/observations/57724376	Fungi	Basidiomycota	Agaricomycetes	Hymenochaetales	Hymenochaetaceae	Coltricia	Coltricia perennis		SPECIES	Coltricia perennis (L.) Murrill	Coltricia perennis		CA		Québec	PRESENT		28eb1a3f-1c15-4a95-931a-4af90ecb574d	46.790581	-72.995211	51947.0						2020-08-23T13:02:43	23	8	2020	2519915	2519915	HUMAN_OBSERVATION	iNaturalist	Observations	57724376		cinna_latifolia	2020-12-28T23:38:19	CC_BY_NC_4_0	a_leneyg	a_leneyg			2025-01-14T13:10:00.569Z	StillImage	COORDINATE_ROUNDED;CONTINENT_DERIVED_FROM_COORDINATES;TAXON_MATCH_TAXON_ID_IGNORED
3013930840	50c9509d-22c7-4a22-a47d-8c48425ef4a7	https://www.inaturalist.org/observations/67144342	Fungi	Basidiomycota	Agaricomycetes	Hymenochaetales	Hymenochaetaceae	Coltricia	Coltricia perennis		SPECIES	Coltricia perennis (L.) Murrill	Coltricia perennis		CA		Québec	PRESENT		28eb1a3f-1c15-4a95-931a-4af90ecb574d	46.2821	-71.7882							2020-07-31T12:23	31	7	2020	2519915	2519915	HUMAN_OBSERVATION	iNaturalist	Observations	67144342		Isabelle Pothier	2020-12-27T17:12:14	CC_BY_NC_4_0	Isabelle Pothier	Isabelle Pothier			2025-01-14T13:10:42.965Z	StillImage	CONTINENT_DERIVED_FROM_COORDINATES;TAXON_MATCH_TAXON_ID_IGNORED
3013869219	50c9509d-22c7-4a22-a47d-8c48425ef4a7	https://www.inaturalist.org/observations/67321369	Fungi	Basidiomycota	Agaricomycetes	Hymenochaetales	Hymenochaetaceae	Coltricia	Coltricia perennis		SPECIES	Coltricia perennis (L.) Murrill	Coltricia perennis		CA		Québec	PRESENT		28eb1a3f-1c15-4a95-931a-4af90ecb574d	46.61252	-75.064072	8.0						2020-07-03T14:13:10	3	7	2020	2519915	2519915	HUMAN_OBSERVATION	iNaturalist	Observations	67321369		eric_wilmot	2020-12-30T21:49:45	CC_BY_NC_4_0	eric_wilmot	eric_wilmot			2025-01-14T12:16:52.708Z	StillImage	COORDINATE_ROUNDED;CONTINENT_DERIVED_FROM_COORDINATES;TAXON_MATCH_TAXON_ID_IGNORED
2856654029	50c9509d-22c7-4a22-a47d-8c48425ef4a7	https://www.inaturalist.org/observations/57408893	Fungi	Basidiomycota	Agaricomycetes	Hymenochaetales	Hymenochaetaceae	Coltricia	Coltricia perennis		SPECIES	Coltricia perennis (L.) Murrill	Coltricia perennis		CA		Ontario	PRESENT		28eb1a3f-1c15-4a95-931a-4af90ecb574d	45.575325	-78.50512	4.0						2020-08-23T13:45:52	23	8	2020	2519915	2519915	HUMAN_OBSERVATION	iNaturalist	Observations	57408893		Jeffrey H. Skevington	2020-08-24T02:22:43	CC_BY_NC_4_0	Jeffrey H. Skevington	Jeffrey H. Skevington			2025-01-14T12:14:20.964Z	StillImage	CONTINENT_DERIVED_FROM_COORDINATES;TAXON_MATCH_TAXON_ID_IGNORED
2856531862	50c9509d-22c7-4a22-a47d-8c48425ef4a7	https://www.inaturalist.org/observations/57287749	Fungi	Basidiomycota	Agaricomycetes	Hymenochaetales	Hymenochaetaceae	Coltricia	Coltricia perennis		SPECIES	Coltricia perennis (L.) Murrill	Coltricia perennis		CA		New Brunswick	PRESENT		28eb1a3f-1c15-4a95-931a-4af90ecb574d	46.008905	-66.696897	1221.0						2020-08-04T17:26:13	4	8	2020	2519915	2519915	HUMAN_OBSERVATION	iNaturalist	Observations	57287749		Raymonde G Chartier	2020-08-24T12:44:51	CC_BY_NC_4_0	wildfire181	wildfire181			2025-01-14T12:15:04.627Z	StillImage	COORDINATE_ROUNDED;CONTINENT_DERIVED_FROM_COORDINATES;TAXON_MATCH_TAXON_ID_IGNORED
2856503412	50c9509d-22c7-4a22-a47d-8c48425ef4a7	https://www.inaturalist.org/observations/50440779	Fungi	Basidiomycota	Agaricomycetes	Hymenochaetales	Hymenochaetaceae	Coltricia	Coltricia perennis		SPECIES	Coltricia perennis (L.) Murrill	Coltricia perennis		CA		Ontario	PRESENT		28eb1a3f-1c15-4a95-931a-4af90ecb574d	45.406315	-75.110981	164.0						2020-06-21T08:35:11	21	6	2020	2519915	2519915	HUMAN_OBSERVATION	iNaturalist	Observations	50440779		Lynn Ovenden	2020-06-21T17:44:40	CC_BY_NC_4_0	Lynn Ovenden	Lynn Ovenden			2025-01-14T13:07:34.158Z	StillImage	COORDINATE_ROUNDED;CONTINENT_DERIVED_FROM_COORDINATES;TAXON_MATCH_TAXON_ID_IGNORED
2813992071	50c9509d-22c7-4a22-a47d-8c48425ef4a7	https://www.inaturalist.org/observations/52285084	Fungi	Basidiomycota	Agaricomycetes	Hymenochaetales	Hymenochaetaceae	Coltricia	Coltricia perennis		SPECIES	Coltricia perennis (L.) Murrill	Coltricia perennis		CA		Ontario	PRESENT		28eb1a3f-1c15-4a95-931a-4af90ecb574d	45.548847	-78.64653	3543.0						2020-07-04T11:21:51	4	7	2020	2519915	2519915	HUMAN_OBSERVATION	iNaturalist	Observations	52285084		Carl-Adam Wegenschimmel	2020-07-07T18:27:39	CC_BY_NC_4_0	Carl-Adam Wegenschimmel	Carl-Adam Wegenschimmel			2025-01-14T12:13:46.836Z	StillImage	COORDINATE_ROUNDED;CONTINENT_DERIVED_FROM_COORDINATES;TAXON_MATCH_TAXON_ID_IGNORED
2609220386	50c9509d-22c7-4a22-a47d-8c48425ef4a7	https://www.inaturalist.org/observations/42700091	Fungi	Basidiomycota	Agaricomycetes	Hymenochaetales	Hymenochaetaceae	Coltricia	Coltricia perennis		SPECIES	Coltricia perennis (L.) Murrill	Coltricia perennis		CA		Québec	PRESENT		28eb1a3f-1c15-4a95-931a-4af90ecb574d	45.607933	-75.63496	152.0						2020-04-20T14:53:46	20	4	2020	2519915	2519915	HUMAN_OBSERVATION	iNaturalist	Observations	42700091		blue_wing	2020-04-20T20:41:11	CC_BY_NC_4_0	blue_wing	blue_wing			2025-01-14T13:01:56.753Z	StillImage	COORDINATE_ROUNDED;CONTINENT_DERIVED_FROM_COORDINATES;TAXON_MATCH_TAXON_ID_IGNORED
2603276689	50c9509d-22c7-4a22-a47d-8c48425ef4a7	https://www.inaturalist.org/observations/15853745	Fungi	Basidiomycota	Agaricomycetes	Hymenochaetales	Hymenochaetaceae	Coltricia	Coltricia perennis		SPECIES	Coltricia perennis (L.) Murrill	Coltricia perennis		CA		New Brunswick	PRESENT		28eb1a3f-1c15-4a95-931a-4af90ecb574d	47.929462	-66.440697							2018-08-22T15:10:35	22	8	2018	2519915	2519915	HUMAN_OBSERVATION	iNaturalist	Observations	15853745		agbelliveau	2018-08-24T20:15:15	CC0_1_0	agbelliveau	agbelliveau			2025-01-14T12:05:46.128Z	StillImage	COORDINATE_ROUNDED;CONTINENT_DERIVED_FROM_COORDINATES;TAXON_MATCH_TAXON_ID_IGNORED
2597816816	50c9509d-22c7-4a22-a47d-8c48425ef4a7	https://www.inaturalist.org/observations/36018975	Fungi	Basidiomycota	Agaricomycetes	Hymenochaetales	Hymenochaetaceae	Coltricia	Coltricia perennis		SPECIES	Coltricia perennis (L.) Murrill	Coltricia perennis		CA		New Brunswick	PRESENT		28eb1a3f-1c15-4a95-931a-4af90ecb574d	46.424648	-64.64264	61.0						2019-11-23T15:50	23	11	2019	2519915	2519915	HUMAN_OBSERVATION	iNaturalist	Observations	36018975		Stuart Tingley	2019-11-24T15:00:05	CC_BY_NC_4_0	Stuart Tingley	Stuart Tingley			2025-01-14T12:09:58.831Z	StillImage	COORDINATE_ROUNDED;CONTINENT_DERIVED_FROM_COORDINATES;TAXON_MATCH_TAXON_ID_IGNORED
2596093716	50c9509d-22c7-4a22-a47d-8c48425ef4a7	https://www.inaturalist.org/observations/4923597	Fungi	Basidiomycota	Agaricomycetes	Hymenochaetales	Hymenochaetaceae	Coltricia	Coltricia perennis		SPECIES	Coltricia perennis (L.) Murrill	Coltricia perennis		CA		New Brunswick	PRESENT		28eb1a3f-1c15-4a95-931a-4af90ecb574d	46.810744	-66.456685	4.0						2016-10-06T14:00	6	10	2016	2519915	2519915	HUMAN_OBSERVATION	iNaturalist	Observations	4923597		Raymonde G Chartier	2020-03-23T18:30:12	CC_BY_NC_4_0	Lewnanny Richardson	Lewnanny Richardson			2025-01-14T12:03:00.919Z	StillImage	COORDINATE_ROUNDED;CONTINENT_DERIVED_FROM_COORDINATES;TAXON_MATCH_TAXON_ID_IGNORED
2596088185	50c9509d-22c7-4a22-a47d-8c48425ef4a7	https://www.inaturalist.org/observations/40289547	Fungi	Basidiomycota	Agaricomycetes	Hymenochaetales	Hymenochaetaceae	Coltricia	Coltricia perennis		SPECIES	Coltricia perennis (L.) Murrill	Coltricia perennis		CA		Québec	PRESENT		28eb1a3f-1c15-4a95-931a-4af90ecb574d	46.955494	-71.401897	15.0						2016-07-23	23	7	2016	2519915	2519915	HUMAN_OBSERVATION	iNaturalist	Observations	40289547		Christian Grenier	2020-03-20T13:09:49	CC_BY_NC_4_0	Christian Grenier	Christian Grenier			2025-01-14T12:10:58.568Z	StillImage	COORDINATE_ROUNDED;CONTINENT_DERIVED_FROM_COORDINATES;TAXON_MATCH_TAXON_ID_IGNORED
2580121936	50c9509d-22c7-4a22-a47d-8c48425ef4a7	https://www.inaturalist.org/observations/26526665	Fungi	Basidiomycota	Agaricomycetes	Hymenochaetales	Hymenochaetaceae	Coltricia	Coltricia perennis		SPECIES	Coltricia perennis (L.) Murrill	Coltricia perennis		CA		Québec	PRESENT		28eb1a3f-1c15-4a95-931a-4af90ecb574d	48.253331	-79.057423	272.0						2018-08-01T09:08	1	8	2018	2519915	2519915	HUMAN_OBSERVATION	iNaturalist	Observations	26526665		birderbb	2019-06-07T01:03:56	CC_BY_NC_4_0	birderbb	birderbb			2025-01-14T12:07:38.323Z	StillImage	COORDINATE_ROUNDED;CONTINENT_DERIVED_FROM_COORDINATES;TAXON_MATCH_TAXON_ID_IGNORED
2574045018	50c9509d-22c7-4a22-a47d-8c48425ef4a7	https://www.inaturalist.org/observations/29807882	Fungi	Basidiomycota	Agaricomycetes	Hymenochaetales	Hymenochaetaceae	Coltricia	Coltricia perennis		SPECIES	Coltricia perennis (L.) Murrill	Coltricia perennis		CA		Ontario	PRESENT		28eb1a3f-1c15-4a95-931a-4af90ecb574d	45.592358	-78.746933	5.0						2019-07-28T18:43	28	7	2019	2519915	2519915	HUMAN_OBSERVATION	iNaturalist	Observations	29807882		cinna_latifolia	2020-02-02T17:37:46	CC_BY_NC_4_0	Basil Conlin	Basil Conlin			2025-01-14T13:02:38.501Z	StillImage	COORDINATE_ROUNDED;CONTINENT_DERIVED_FROM_COORDINATES;TAXON_MATCH_TAXON_ID_IGNORED
2013685283	50c9509d-22c7-4a22-a47d-8c48425ef4a7	https://www.inaturalist.org/observations/16781628	Fungi	Basidiomycota	Agaricomycetes	Hymenochaetales	Hymenochaetaceae	Coltricia	Coltricia perennis		SPECIES	Coltricia perennis (L.) Murrill	Coltricia perennis		CA		Québec	PRESENT		28eb1a3f-1c15-4a95-931a-4af90ecb574d	45.489894	-75.627153							2016-09-25T16:04	25	9	2016	2519915	2519915	HUMAN_OBSERVATION	iNaturalist	Observations	16781628		jonathan_mack	2018-09-22T02:16:50	CC_BY_NC_4_0	jonathan_mack	jonathan_mack			2025-01-14T13:05:50.608Z	StillImage	COORDINATE_ROUNDED;CONTINENT_DERIVED_FROM_COORDINATES;TAXON_MATCH_TAXON_ID_IGNORED
2013684475	50c9509d-22c7-4a22-a47d-8c48425ef4a7	https://www.inaturalist.org/observations/15964070	Fungi	Basidiomycota	Agaricomycetes	Hymenochaetales	Hymenochaetaceae	Coltricia	Coltricia perennis		SPECIES	Coltricia perennis (L.) Murrill	Coltricia perennis		CA		Ontario	PRESENT		28eb1a3f-1c15-4a95-931a-4af90ecb574d	45.322511	-75.731536	31.0						2013-07-12T15:06	12	7	2013	2519915	2519915	HUMAN_OBSERVATION	iNaturalist	Observations	15964070		jonathan_mack	2018-08-28T02:09:14	CC_BY_NC_4_0	jonathan_mack	jonathan_mack			2025-01-14T12:06:02.917Z	StillImage	COORDINATE_ROUNDED;CONTINENT_DERIVED_FROM_COORDINATES;TAXON_MATCH_TAXON_ID_IGNORED
2013683719	50c9509d-22c7-4a22-a47d-8c48425ef4a7	https://www.inaturalist.org/observations/15092278	Fungi	Basidiomycota	Agaricomycetes	Hymenochaetales	Hymenochaetaceae	Coltricia	Coltricia perennis		SPECIES	Coltricia perennis (L.) Murrill	Coltricia perennis		CA		Ontario	PRESENT		28eb1a3f-1c15-4a95-931a-4af90ecb574d	45.320434	-75.737599	10.0						2018-07-31T11:14	31	7	2018	2519915	2519915	HUMAN_OBSERVATION	iNaturalist	Observations	15092278		jonathan_mack	2018-08-04T01:56:28	CC_BY_NC_4_0	jonathan_mack	jonathan_mack			2025-01-14T12:05:40.650Z	StillImage	COORDINATE_ROUNDED;CONTINENT_DERIVED_FROM_COORDINATES;TAXON_MATCH_TAXON_ID_IGNORED
1990288282	032f1fbe-d21f-407d-be46-5cd1bb1ea397	0213a6db-8c26-4aa4-b2b7-cc6e169617af	Fungi	Basidiomycota	Agaricomycetes	Hymenochaetales	Hymenochaetaceae	Coltricia	Coltricia perennis		SPECIES	Polyporus perennis (L.) Fr.	Polyporus perennis	(L.) Fr.	CA	Whitney, Norway Lake, Algonquin Park	Ontario	PRESENT		61c539d8-47e0-4b82-875f-b95aad66dcd4	45.573611	-78.380556							1939-08-30	30	8	1939	5237902	2519915	PRESERVED_SPECIMEN	TENN-F		TENN-F-014797	RFC15678			CC0_1_0		R.F. Cain			2025-01-12T10:33:43.311Z		COORDINATE_ROUNDED;GEODETIC_DATUM_ASSUMED_WGS84;CONTINENT_DERIVED_FROM_COORDINATES;TAXON_MATCH_TAXON_ID_IGNORED;INSTITUTION_MATCH_NONE
1930646789	d415c253-4d61-4459-9d25-4015b9084fb0	cbb2f299-4002-4b2f-a700-17944c3e9516	Fungi	Basidiomycota	Agaricomycetes	Hymenochaetales	Hymenochaetaceae	Coltricia	Coltricia perennis		SPECIES	Coltricia perennis (L.) Murrill	Coltricia perennis (L.:Fr.) Murrill	(L.:Fr.) Murrill	CA	Gaspé	Quebec	PRESENT		ae447c50-b8a8-11d8-92a4-b8a03c50a862	48.83166	-64.486916							1882			1882	2519915	2519915	PRESERVED_SPECIMEN	NY	NY	2998311	s.n.			CC0_1_0	The New York Botanical Garden	Collector unspecified			2024-12-25T06:20:52.010Z	StillImage	MODIFIED_DATE_INVALID
1914313304	50c9509d-22c7-4a22-a47d-8c48425ef4a7	https://www.inaturalist.org/observations/15422915	Fungi	Basidiomycota	Agaricomycetes	Hymenochaetales	Hymenochaetaceae	Coltricia	Coltricia perennis		SPECIES	Coltricia perennis (L.) Murrill	Coltricia perennis		CA		Québec	PRESENT		28eb1a3f-1c15-4a95-931a-4af90ecb574d	47.540133	-77.14	181.0						2018-08-04T14:13	4	8	2018	2519915	2519915	HUMAN_OBSERVATION	iNaturalist	Observations	15422915		birderbb	2018-08-14T16:53:18	CC_BY_NC_4_0	birderbb	birderbb			2025-01-14T13:00:43.275Z	StillImage	COORDINATE_ROUNDED;CONTINENT_DERIVED_FROM_COORDINATES;TAXON_MATCH_TAXON_ID_IGNORED
1880616237	50c9509d-22c7-4a22-a47d-8c48425ef4a7	https://www.inaturalist.org/observations/13963676	Fungi	Basidiomycota	Agaricomycetes	Hymenochaetales	Hymenochaetaceae	Coltricia	Coltricia perennis		SPECIES	Coltricia perennis (L.) Murrill	Coltricia perennis		CA		Ontario	PRESENT		28eb1a3f-1c15-4a95-931a-4af90ecb574d	45.401038	-78.269592	96.0						2018-07-01T15:15:28	1	7	2018	2519915	2519915	HUMAN_OBSERVATION	iNaturalist	Observations	13963676		charm	2018-07-02T00:02:25	CC_BY_NC_4_0	charm	charm			2025-01-14T12:05:47.389Z	StillImage	COORDINATE_ROUNDED;CONTINENT_DERIVED_FROM_COORDINATES;TAXON_MATCH_TAXON_ID_IGNORED
1847647521	50c9509d-22c7-4a22-a47d-8c48425ef4a7	https://www.inaturalist.org/observations/9595188	Fungi	Basidiomycota	Agaricomycetes	Hymenochaetales	Hymenochaetaceae	Coltricia	Coltricia perennis		SPECIES	Coltricia perennis (L.) Murrill	Coltricia perennis		CA		Ontario	PRESENT		28eb1a3f-1c15-4a95-931a-4af90ecb574d	45.69085	-78.32155	84661.0						2017-09-25	25	9	2017	2519915	2519915	HUMAN_OBSERVATION	iNaturalist	Observations	9595188		mycowalt	2018-01-24T03:39:10	CC_BY_NC_4_0	mycowalt	mycowalt			2025-01-14T12:04:25.275Z	StillImage	CONTINENT_DERIVED_FROM_COORDINATES;TAXON_MATCH_TAXON_ID_IGNORED
1847646966	50c9509d-22c7-4a22-a47d-8c48425ef4a7	https://www.inaturalist.org/observations/9592477	Fungi	Basidiomycota	Agaricomycetes	Hymenochaetales	Hymenochaetaceae	Coltricia	Coltricia perennis		SPECIES	Coltricia perennis (L.) Murrill	Coltricia perennis		CA		Ontario	PRESENT		28eb1a3f-1c15-4a95-931a-4af90ecb574d	45.5794	-78.51955	385.0						2016-09-16	16	9	2016	2519915	2519915	HUMAN_OBSERVATION	iNaturalist	Observations	9592477		mycowalt	2018-01-24T01:01:13	CC_BY_NC_4_0	mycowalt	mycowalt			2025-01-14T12:57:43.224Z	StillImage	CONTINENT_DERIVED_FROM_COORDINATES;TAXON_MATCH_TAXON_ID_IGNORED
1847646566	50c9509d-22c7-4a22-a47d-8c48425ef4a7	https://www.inaturalist.org/observations/9590780	Fungi	Basidiomycota	Agaricomycetes	Hymenochaetales	Hymenochaetaceae	Coltricia	Coltricia perennis		SPECIES	Coltricia perennis (L.) Murrill	Coltricia perennis		CA		Ontario	PRESENT		28eb1a3f-1c15-4a95-931a-4af90ecb574d	45.69085	-78.32155	84661.0						2015-09-14	14	9	2015	2519915	2519915	HUMAN_OBSERVATION	iNaturalist	Observations	9590780		mycowalt	2018-01-23T22:44:23	CC_BY_NC_4_0	mycowalt	mycowalt			2025-01-14T13:00:13.695Z	StillImage	CONTINENT_DERIVED_FROM_COORDINATES;TAXON_MATCH_TAXON_ID_IGNORED
1839220144	50c9509d-22c7-4a22-a47d-8c48425ef4a7	https://www.inaturalist.org/observations/11245691	Fungi	Basidiomycota	Agaricomycetes	Hymenochaetales	Hymenochaetaceae	Coltricia	Coltricia perennis		SPECIES	Coltricia perennis (L.) Murrill	Coltricia perennis		CA		Ontario	PRESENT		28eb1a3f-1c15-4a95-931a-4af90ecb574d	46.379488	-79.159412	332.0						2010-10-17T14:34	17	10	2010	2519915	2519915	HUMAN_OBSERVATION	iNaturalist	Observations	11245691		Brent Turcotte	2018-04-21T02:12:06	CC_BY_NC_4_0	Brent Turcotte	Brent Turcotte			2025-01-14T12:59:59.949Z	StillImage	COORDINATE_ROUNDED;CONTINENT_DERIVED_FROM_COORDINATES;TAXON_MATCH_TAXON_ID_IGNORED
1807261156	e8a25a42-f125-476c-8554-3ec21cd51a84	ACAD:117972	Fungi	Basidiomycota	Agaricomycetes	Hymenochaetales	Hymenochaetaceae	Coltricia	Coltricia perennis		SPECIES	Coltricia perennis (L.) Murrill	Coltricia perennis (L.) Murrill	(L.) Murrill	CA	Kentville	Nova Scotia	PRESENT		6491ad8c-8e49-4bd4-a089-0ddb3bbe0890	45.07662	-64.49592							1968-07-06	6	7	1968	2519915	2519915	PRESERVED_SPECIMEN	Acadia University	ACAD	10750F	10750			CC0_1_0	Acadia University				2024-01-25T01:37:08.968Z	StillImage	GEODETIC_DATUM_INVALID;GEODETIC_DATUM_ASSUMED_WGS84;TAXON_MATCH_TAXON_ID_IGNORED;INSTITUTION_MATCH_FUZZY;COLLECTION_MATCH_FUZZY
1807258538	e8a25a42-f125-476c-8554-3ec21cd51a84	ACAD:115168	Fungi	Basidiomycota	Agaricomycetes	Hymenochaetales	Hymenochaetaceae	Coltricia	Coltricia perennis		SPECIES	Coltricia perennis (L.) Murrill	Coltricia perennis (L.) Murrill	(L.) Murrill	CA	Kentville	Nova Scotia	PRESENT		6491ad8c-8e49-4bd4-a089-0ddb3bbe0890	45.07662	-64.49592											2519915	2519915	PRESERVED_SPECIMEN	Acadia University	ACAD	812F	812			CC0_1_0	Acadia University	H, KA			2024-01-25T01:36:59.563Z	StillImage	GEODETIC_DATUM_INVALID;GEODETIC_DATUM_ASSUMED_WGS84;TAXON_MATCH_TAXON_ID_IGNORED;INSTITUTION_MATCH_FUZZY;COLLECTION_MATCH_FUZZY
1807258286	e8a25a42-f125-476c-8554-3ec21cd51a84	ACAD:115145	Fungi	Basidiomycota	Agaricomycetes	Hymenochaetales	Hymenochaetaceae	Coltricia	Coltricia perennis		SPECIES	Coltricia perennis (L.) Murrill	Coltricia perennis (L.) Murrill	(L.) Murrill	CA	Parrsboro	Nova Scotia	PRESENT		6491ad8c-8e49-4bd4-a089-0ddb3bbe0890	45.40657	-64.32954							1938-08-06	6	8	1938	2519915	2519915	PRESERVED_SPECIMEN	Acadia University	ACAD	785F	785			CC0_1_0	Acadia University	H, KA			2024-01-25T01:36:59.539Z	StillImage	GEODETIC_DATUM_INVALID;GEODETIC_DATUM_ASSUMED_WGS84;TAXON_MATCH_TAXON_ID_IGNORED;INSTITUTION_MATCH_FUZZY;COLLECTION_MATCH_FUZZY
1807256704	e8a25a42-f125-476c-8554-3ec21cd51a84	ACAD:113079	Fungi	Basidiomycota	Agaricomycetes	Hymenochaetales	Hymenochaetaceae	Coltricia	Coltricia perennis		SPECIES	Coltricia perennis (L.) Murrill	Coltricia perennis (L.) Murrill	(L.) Murrill	CA	Aldershot	Nova Scotia	PRESENT		6491ad8c-8e49-4bd4-a089-0ddb3bbe0890	45.10302	-64.50773							1953-08-28	28	8	1953	2519915	2519915	PRESERVED_SPECIMEN	Acadia University	ACAD	5532F	5532			CC0_1_0	Acadia University	H, KA			2024-01-25T01:37:09.601Z	StillImage	GEODETIC_DATUM_INVALID;GEODETIC_DATUM_ASSUMED_WGS84;TAXON_MATCH_TAXON_ID_IGNORED;INSTITUTION_MATCH_FUZZY;COLLECTION_MATCH_FUZZY
1807256195	e8a25a42-f125-476c-8554-3ec21cd51a84	ACAD:112811	Fungi	Basidiomycota	Agaricomycetes	Hymenochaetales	Hymenochaetaceae	Coltricia	Coltricia perennis		SPECIES	Coltricia perennis (L.) Murrill	Coltricia perennis (L.) Murrill	(L.) Murrill	CA	Glenmont	Nova Scotia	PRESENT		6491ad8c-8e49-4bd4-a089-0ddb3bbe0890	45.18614	-64.50197							1932-08-28	28	8	1932	2519915	2519915	PRESERVED_SPECIMEN	Acadia University	ACAD	2AF	2A			CC0_1_0	Acadia University	H, AK			2024-01-25T01:37:10.696Z	StillImage	GEODETIC_DATUM_INVALID;GEODETIC_DATUM_ASSUMED_WGS84;TAXON_MATCH_TAXON_ID_IGNORED;INSTITUTION_MATCH_FUZZY;COLLECTION_MATCH_FUZZY
1807256037	e8a25a42-f125-476c-8554-3ec21cd51a84	ACAD:112594	Fungi	Basidiomycota	Agaricomycetes	Hymenochaetales	Hymenochaetaceae	Coltricia	Coltricia perennis		SPECIES	Coltricia perennis (L.) Murrill	Coltricia perennis (L.) Murrill	(L.) Murrill	CA	Moose River	Nova Scotia	PRESENT		6491ad8c-8e49-4bd4-a089-0ddb3bbe0890	45.41814	-64.1774							1953-08-08	8	8	1953	2519915	2519915	PRESERVED_SPECIMEN	Acadia University	ACAD	2501F	2501			CC0_1_0	Acadia University	Harrison, KA			2024-01-25T01:37:10.856Z	StillImage	GEODETIC_DATUM_INVALID;GEODETIC_DATUM_ASSUMED_WGS84;TAXON_MATCH_TAXON_ID_IGNORED;INSTITUTION_MATCH_FUZZY;COLLECTION_MATCH_FUZZY
1807255760	e8a25a42-f125-476c-8554-3ec21cd51a84	ACAD:112545	Fungi	Basidiomycota	Agaricomycetes	Hymenochaetales	Hymenochaetaceae	Coltricia	Coltricia perennis		SPECIES	Boletus pictus Schultz	Boletus pictus Schultz	Schultz	CA	Kentville	Nova Scotia	PRESENT		6491ad8c-8e49-4bd4-a089-0ddb3bbe0890	45.07662	-64.49592							1953-08-12	12	8	1953	7451755	2519915	PRESERVED_SPECIMEN	Acadia University	ACAD	2431F	2431			CC0_1_0	Acadia University	Harrison, KA			2024-01-25T01:37:10.963Z	StillImage	GEODETIC_DATUM_INVALID;GEODETIC_DATUM_ASSUMED_WGS84;TAXON_MATCH_TAXON_ID_IGNORED;INSTITUTION_MATCH_FUZZY;COLLECTION_MATCH_FUZZY
1412709097	21705170-d2b6-42de-8904-c3bca4b83591	CMMF017526	Fungi	Basidiomycota	Agaricomycetes	Hymenochaetales	Hymenochaetaceae	Coltricia	Coltricia perennis		SPECIES	Pelloporus perennis (L.) Quél.	Pelloporus perennis (L.) Quél.	(L.) Quél.	CA	Arboretum Morgan A, Québec.	Québec	PRESENT		ff7bd5db-b724-4932-b496-10ea298851f9	45.43	-73.946667	2500.0						1980-07-31	31	7	1980	2519936	2519915	PRESERVED_SPECIMEN	Université de Montréal Biodiversity Centre	CMMF	CMMF017526	1980-310	McNeil, Raymond		CC0_1_0	Université de Montréal Biodiversity Centre	Haméon, G.			2024-01-24T16:38:15.782Z		COORDINATE_ROUNDED;INSTITUTION_MATCH_FUZZY;COLLECTION_MATCH_FUZZY;DIFFERENT_OWNER_INSTITUTION
1412708131	21705170-d2b6-42de-8904-c3bca4b83591	CMMF016738	Fungi	Basidiomycota	Agaricomycetes	Hymenochaetales	Hymenochaetaceae	Coltricia	Coltricia perennis		SPECIES	Coltricia perennis (L.) Murrill	Coltricia perennis (L.) Murrill	(L.) Murrill	CA	Saint-Donat de Montcalm, Québec.	Québec	PRESENT		ff7bd5db-b724-4932-b496-10ea298851f9	46.316667	-74.216667	6000.0						2003-08-15	15	8	2003	2519915	2519915	PRESERVED_SPECIMEN	Université de Montréal Biodiversity Centre	CMMF	CMMF016738		Sirard, Léas		CC0_1_0	Université de Montréal Biodiversity Centre	Sirard, Léas			2024-01-24T16:38:19.880Z		INSTITUTION_MATCH_FUZZY;COLLECTION_MATCH_FUZZY;DIFFERENT_OWNER_INSTITUTION
1412706823	21705170-d2b6-42de-8904-c3bca4b83591	CMMF015295	Fungi	Basidiomycota	Agaricomycetes	Hymenochaetales	Hymenochaetaceae	Coltricia	Coltricia perennis		SPECIES	Coltricia perennis (L.) Murrill	Coltricia perennis (L.) Murrill	(L.) Murrill	CA	Lac Kenogami, Québec.	Québec	PRESENT		ff7bd5db-b724-4932-b496-10ea298851f9	48.323075	-71.334535	20000.0						1997-10-11	11	10	1997	2519915	2519915	PRESERVED_SPECIMEN	Université de Montréal Biodiversity Centre	CMMF	CMMF015295	883	Guérin, Gérard		CC0_1_0	Université de Montréal Biodiversity Centre	Guérin, Gérard			2024-01-24T16:38:17.040Z	StillImage	INSTITUTION_MATCH_FUZZY;COLLECTION_MATCH_FUZZY;DIFFERENT_OWNER_INSTITUTION
1412706728	21705170-d2b6-42de-8904-c3bca4b83591	CMMF015296	Fungi	Basidiomycota	Agaricomycetes	Hymenochaetales	Hymenochaetaceae	Coltricia	Coltricia perennis		SPECIES	Coltricia perennis (L.) Murrill	Coltricia perennis (L.) Murrill	(L.) Murrill	CA	Parc Urbain, Chicoutimi, Québec.	Québec	PRESENT		ff7bd5db-b724-4932-b496-10ea298851f9	48.400335	-71.03723	3500.0						1995-07-07	7	7	1995	2519915	2519915	PRESERVED_SPECIMEN	Université de Montréal Biodiversity Centre	CMMF	CMMF015296	882	Guérin, Gérard		CC0_1_0	Université de Montréal Biodiversity Centre	Guérin, Gérard			2024-01-24T16:38:17.041Z		INSTITUTION_MATCH_FUZZY;COLLECTION_MATCH_FUZZY;DIFFERENT_OWNER_INSTITUTION
1135071280	21705170-d2b6-42de-8904-c3bca4b83591	CMMF009835	Fungi	Basidiomycota	Agaricomycetes	Hymenochaetales	Hymenochaetaceae	Coltricia	Coltricia perennis		SPECIES	Coltricia perennis (L.) Murrill	Coltricia perennis (L.) Murrill	(L.) Murrill	CA	Chemin Chapelle sud, Lac-Beauport.	Québec	PRESENT		ff7bd5db-b724-4932-b496-10ea298851f9	46.948621	-71.283499	150.0						2007-08-23	23	8	2007	2519915	2519915	PRESERVED_SPECIMEN	Université de Montréal Biodiversity Centre	CMMF	CMMF009835	1419	Labrecque, Jacqueline		CC0_1_0	Université de Montréal Biodiversity Centre	Labrecque, Jacqueline			2024-01-24T16:38:21.285Z		INSTITUTION_MATCH_FUZZY;COLLECTION_MATCH_FUZZY;DIFFERENT_OWNER_INSTITUTION
1135071265	21705170-d2b6-42de-8904-c3bca4b83591	CMMF009798	Fungi	Basidiomycota	Agaricomycetes	Hymenochaetales	Hymenochaetaceae	Coltricia	Coltricia perennis		SPECIES	Coltricia perennis (L.) Murrill	Coltricia perennis (L.) Murrill	(L.) Murrill	CA	Château Bigot (rue Rouleau), Québec.	Québec	PRESENT		ff7bd5db-b724-4932-b496-10ea298851f9	46.898375	-71.266801	2000.0						2007-08-19	19	8	2007	2519915	2519915	PRESERVED_SPECIMEN	Université de Montréal Biodiversity Centre	CMMF	CMMF009798	1383	Labrecque, Jacqueline		CC0_1_0	Université de Montréal Biodiversity Centre	Labrecque, Jacqueline			2024-01-24T16:38:21.028Z	StillImage	INSTITUTION_MATCH_FUZZY;COLLECTION_MATCH_FUZZY;DIFFERENT_OWNER_INSTITUTION
1135070989	21705170-d2b6-42de-8904-c3bca4b83591	CMMF009559	Fungi	Basidiomycota	Agaricomycetes	Hymenochaetales	Hymenochaetaceae	Coltricia	Coltricia perennis		SPECIES	Coltricia perennis (L.) Murrill	Coltricia perennis (L.) Murrill	(L.) Murrill	CA	Château Bigot, Québec.	Québec	PRESENT		ff7bd5db-b724-4932-b496-10ea298851f9	46.898375	-71.266801	2000.0						2007-07-17	17	7	2007	2519915	2519915	PRESERVED_SPECIMEN	Université de Montréal Biodiversity Centre	CMMF	CMMF009559	1143	Labrecque, Jacqueline		CC0_1_0	Université de Montréal Biodiversity Centre	Labrecque, Jacqueline			2024-01-24T16:38:21.702Z	StillImage	INSTITUTION_MATCH_FUZZY;COLLECTION_MATCH_FUZZY;DIFFERENT_OWNER_INSTITUTION
1135070209	21705170-d2b6-42de-8904-c3bca4b83591	CMMF008832	Fungi	Basidiomycota	Agaricomycetes	Hymenochaetales	Hymenochaetaceae	Coltricia	Coltricia perennis		SPECIES	Coltricia perennis (L.) Murrill	Coltricia perennis (L.) Murrill	(L.) Murrill	CA	Chemin Chapelle, Lac-Beauport.	Québec	PRESENT		ff7bd5db-b724-4932-b496-10ea298851f9	46.949281	-71.284722	250.0						2006-07-29	29	7	2006	2519915	2519915	PRESERVED_SPECIMEN	Université de Montréal Biodiversity Centre	CMMF	CMMF008832	415	Labrecque, Jacqueline		CC0_1_0	Université de Montréal Biodiversity Centre	Labrecque, Jacqueline			2024-01-24T16:38:18.862Z	StillImage	INSTITUTION_MATCH_FUZZY;COLLECTION_MATCH_FUZZY;DIFFERENT_OWNER_INSTITUTION
1135070204	21705170-d2b6-42de-8904-c3bca4b83591	CMMF008725	Fungi	Basidiomycota	Agaricomycetes	Hymenochaetales	Hymenochaetaceae	Coltricia	Coltricia perennis		SPECIES	Coltricia perennis (L.) Murrill	Coltricia perennis (L.) Murrill	(L.) Murrill	CA	Stoneham.	Québec	PRESENT		ff7bd5db-b724-4932-b496-10ea298851f9	46.993169	-71.366667	6000.0						2006-07-07	7	7	2006	2519915	2519915	PRESERVED_SPECIMEN	Université de Montréal Biodiversity Centre	CMMF	CMMF008725	306	Labrecque, Jacqueline		CC0_1_0	Université de Montréal Biodiversity Centre	Labrecque, Jacqueline			2024-01-24T16:38:18.799Z		INSTITUTION_MATCH_FUZZY;COLLECTION_MATCH_FUZZY;DIFFERENT_OWNER_INSTITUTION
1135070014	21705170-d2b6-42de-8904-c3bca4b83591	CMMF008631	Fungi	Basidiomycota	Agaricomycetes	Hymenochaetales	Hymenochaetaceae	Coltricia	Coltricia perennis		SPECIES	Coltricia perennis (L.) Murrill	Coltricia perennis (L.) Murrill	(L.) Murrill	CA	Rue des Acadiens, Québec.	Québec	PRESENT		ff7bd5db-b724-4932-b496-10ea298851f9	46.918501	-71.254455	4000.0						2006-06-11	11	6	2006	2519915	2519915	PRESERVED_SPECIMEN	Université de Montréal Biodiversity Centre	CMMF	CMMF008631	206	Labrecque, Jacqueline		CC0_1_0	Université de Montréal Biodiversity Centre	Labrecque, Jacqueline			2024-01-24T16:38:18.016Z	StillImage	INSTITUTION_MATCH_FUZZY;COLLECTION_MATCH_FUZZY;DIFFERENT_OWNER_INSTITUTION
1135069622	21705170-d2b6-42de-8904-c3bca4b83591	CMMF008112	Fungi	Basidiomycota	Agaricomycetes	Hymenochaetales	Hymenochaetaceae	Coltricia	Coltricia perennis		SPECIES	Coltricia perennis (L.) Murrill	Coltricia perennis (L.) Murrill	(L.) Murrill	CA	Sacré-coeur, Saguenay	Québec	PRESENT		ff7bd5db-b724-4932-b496-10ea298851f9	48.220517	-69.805233	100.0						1978-07-27	27	7	1978	2519915	2519915	PRESERVED_SPECIMEN	Université de Montréal Biodiversity Centre	CMMF	CMMF008112	254	McNeil, Raymond		CC0_1_0	Université de Montréal Biodiversity Centre	McNeil, Raymond			2024-01-24T16:38:18.166Z	StillImage	COORDINATE_ROUNDED;INSTITUTION_MATCH_FUZZY;COLLECTION_MATCH_FUZZY;DIFFERENT_OWNER_INSTITUTION
1135067963	21705170-d2b6-42de-8904-c3bca4b83591	CMMF006472	Fungi	Basidiomycota	Agaricomycetes	Hymenochaetales	Hymenochaetaceae	Coltricia	Coltricia perennis		SPECIES	Coltricia perennis (L.) Murrill	Coltricia perennis (L.) Murrill	(L.) Murrill	CA	Saint-Lazare	Québec	PRESENT		ff7bd5db-b724-4932-b496-10ea298851f9	45.393333	-74.215833	100.0						2005-10-04	4	10	2005	2519915	2519915	PRESERVED_SPECIMEN	Université de Montréal Biodiversity Centre	CMMF	CMMF006472	C2610	McNeil, Raymond		CC0_1_0	Université de Montréal Biodiversity Centre	McNeil, Raymond			2024-01-24T16:38:19.183Z	StillImage	COORDINATE_ROUNDED;INSTITUTION_MATCH_FUZZY;COLLECTION_MATCH_FUZZY;DIFFERENT_OWNER_INSTITUTION
