gbifID	datasetKey	occurrenceID	kingdom	phylum	class	order	family	genus	species	infraspecificEpithet	taxonRank	scientificName	verbatimScientificName	verbatimScientificNameAuthorship	countryCode	locality	stateProvince	occurrenceStatus	individualCount	publishingOrgKey	decimalLatitude	decimalLongitude	coordinateUncertaintyInMeters	coordinatePrecision	elevation	elevationAccuracy	depth	depthAccuracy	eventDate	day	month	year	taxonKey	speciesKey	basisOfRecord	institutionCode	collectionCode	catalogNumber	recordNumber	identifiedBy	dateIdentified	license	rightsHolder	recordedBy	typeStatus	establishmentMeans	lastInterpreted	mediaType	issue
617553863	21705170-d2b6-42de-8904-c3bca4b83591	CMMF003792	Fungi	Basidiomycota	Agaricomycetes	Cantharellales	Hydnaceae	Craterellus	Craterellus ignicolor		SPECIES	Craterellus ignicolor (R.H.Petersen) Dahlman, Danell & Spatafora	Craterellus ignicolor (R.H. Petersen) Dahlman, Danell & Spatafora	(R.H. Petersen) Dahlman, Danell & Spatafora	CA	Rawdon	Québec	PRESENT		ff7bd5db-b724-4932-b496-10ea298851f9	46.052398	-73.748752	11000.0						2003-08-11	11	8	2003	2554581	2554581	PRESERVED_SPECIMEN	Université de Montréal Biodiversity Centre	CMMF	CMMF003792		Lamoureux, Yves		CC0_1_0	Université de Montréal Biodiversity Centre	Lamoureux, Yves			2024-01-24T16:38:16.465Z	StillImage	INSTITUTION_MATCH_FUZZY;COLLECTION_MATCH_FUZZY;DIFFERENT_OWNER_INSTITUTION
617553111	21705170-d2b6-42de-8904-c3bca4b83591	CMMF003451	Fungi	Basidiomycota	Agaricomycetes	Cantharellales	Hydnaceae	Craterellus	Craterellus ignicolor		SPECIES	Craterellus ignicolor (R.H.Petersen) Dahlman, Danell & Spatafora	Craterellus ignicolor (R.H. Petersen) Dahlman, Danell & Spatafora	(R.H. Petersen) Dahlman, Danell & Spatafora	CA	Rawdon	Québec	PRESENT		ff7bd5db-b724-4932-b496-10ea298851f9	46.052398	-73.748752	11000.0						2000-08-11	11	8	2000	2554581	2554581	PRESERVED_SPECIMEN	Université de Montréal Biodiversity Centre	CMMF	CMMF003451		Lamoureux, Yves		CC0_1_0	Université de Montréal Biodiversity Centre	Lamoureux, Yves			2024-01-24T16:38:16.258Z	StillImage	INSTITUTION_MATCH_FUZZY;COLLECTION_MATCH_FUZZY;DIFFERENT_OWNER_INSTITUTION
617552415	21705170-d2b6-42de-8904-c3bca4b83591	CMMF000315	Fungi	Basidiomycota	Agaricomycetes	Cantharellales	Hydnaceae	Craterellus	Craterellus ignicolor		SPECIES	Craterellus ignicolor (R.H.Petersen) Dahlman, Danell & Spatafora	Craterellus ignicolor (R.H. Petersen) Dahlman, Danell & Spatafora	(R.H. Petersen) Dahlman, Danell & Spatafora	CA	Knowlton	Québec	PRESENT		ff7bd5db-b724-4932-b496-10ea298851f9	45.21836	-72.508084	2000.0						1988-09-05	5	9	1988	2554581	2554581	PRESERVED_SPECIMEN	Université de Montréal Biodiversity Centre	CMMF	CMMF000315		Lamoureux, Yves		CC0_1_0	Université de Montréal Biodiversity Centre	Audet, Gisèle			2024-01-24T16:38:20.768Z	StillImage	INSTITUTION_MATCH_FUZZY;COLLECTION_MATCH_FUZZY;DIFFERENT_OWNER_INSTITUTION
617552392	21705170-d2b6-42de-8904-c3bca4b83591	CMMF000314	Fungi	Basidiomycota	Agaricomycetes	Cantharellales	Hydnaceae	Craterellus	Craterellus ignicolor		SPECIES	Craterellus ignicolor (R.H.Petersen) Dahlman, Danell & Spatafora	Craterellus ignicolor (R.H. Petersen) Dahlman, Danell & Spatafora	(R.H. Petersen) Dahlman, Danell & Spatafora	CA	Knowlton	Québec	PRESENT		ff7bd5db-b724-4932-b496-10ea298851f9	45.21836	-72.508084	2000.0						1988-09-05	5	9	1988	2554581	2554581	PRESERVED_SPECIMEN	Université de Montréal Biodiversity Centre	CMMF	CMMF000314		Lamoureux, Yves		CC0_1_0	Université de Montréal Biodiversity Centre	Audet, Gisèle			2024-01-24T16:38:20.764Z	StillImage	INSTITUTION_MATCH_FUZZY;COLLECTION_MATCH_FUZZY;DIFFERENT_OWNER_INSTITUTION
617547767	21705170-d2b6-42de-8904-c3bca4b83591	CMMF001110	Fungi	Basidiomycota	Agaricomycetes	Cantharellales	Hydnaceae	Craterellus	Craterellus ignicolor		SPECIES	Craterellus ignicolor (R.H.Petersen) Dahlman, Danell & Spatafora	Craterellus ignicolor (R.H. Petersen) Dahlman, Danell & Spatafora	(R.H. Petersen) Dahlman, Danell & Spatafora	CA	Knowlton	Québec	PRESENT		ff7bd5db-b724-4932-b496-10ea298851f9	45.21836	-72.508084	2000.0						1990-08-14	14	8	1990	2554581	2554581	PRESERVED_SPECIMEN	Université de Montréal Biodiversity Centre	CMMF	CMMF001110		Lamoureux, Yves		CC0_1_0	Université de Montréal Biodiversity Centre	Lamoureux, Yves			2024-01-24T16:38:16.451Z	StillImage	INSTITUTION_MATCH_FUZZY;COLLECTION_MATCH_FUZZY;DIFFERENT_OWNER_INSTITUTION
617547763	21705170-d2b6-42de-8904-c3bca4b83591	CMMF001109	Fungi	Basidiomycota	Agaricomycetes	Cantharellales	Hydnaceae	Craterellus	Craterellus ignicolor		SPECIES	Craterellus ignicolor (R.H.Petersen) Dahlman, Danell & Spatafora	Craterellus ignicolor (R.H. Petersen) Dahlman, Danell & Spatafora	(R.H. Petersen) Dahlman, Danell & Spatafora	CA	Knowlton	Québec	PRESENT		ff7bd5db-b724-4932-b496-10ea298851f9	45.21836	-72.508084	2000.0						1990-08-14	14	8	1990	2554581	2554581	PRESERVED_SPECIMEN	Université de Montréal Biodiversity Centre	CMMF	CMMF001109		Lamoureux, Yves		CC0_1_0	Université de Montréal Biodiversity Centre	Lamoureux, Yves			2024-01-24T16:38:16.433Z	StillImage	INSTITUTION_MATCH_FUZZY;COLLECTION_MATCH_FUZZY;DIFFERENT_OWNER_INSTITUTION
4974246397	50c9509d-22c7-4a22-a47d-8c48425ef4a7	https://www.inaturalist.org/observations/247789245	Fungi	Basidiomycota	Agaricomycetes	Cantharellales	Hydnaceae	Craterellus	Craterellus ignicolor		SPECIES	Craterellus ignicolor (R.H.Petersen) Dahlman, Danell & Spatafora	Craterellus ignicolor		CA		New Brunswick	PRESENT		28eb1a3f-1c15-4a95-931a-4af90ecb574d	45.833659	-66.632885	27095.0						2024-09-04T12:46	4	9	2024	2554581	2554581	HUMAN_OBSERVATION	iNaturalist	Observations	247789245		Dwayne Sabine	2024-10-17T17:07:59	CC_BY_NC_4_0	Dwayne Sabine	Dwayne Sabine			2025-01-14T13:43:56.284Z	StillImage	COORDINATE_ROUNDED;CONTINENT_DERIVED_FROM_COORDINATES;TAXON_MATCH_TAXON_ID_IGNORED
4974092392	50c9509d-22c7-4a22-a47d-8c48425ef4a7	https://www.inaturalist.org/observations/247789882	Fungi	Basidiomycota	Agaricomycetes	Cantharellales	Hydnaceae	Craterellus	Craterellus ignicolor		SPECIES	Craterellus ignicolor (R.H.Petersen) Dahlman, Danell & Spatafora	Craterellus ignicolor		CA		New Brunswick	PRESENT		28eb1a3f-1c15-4a95-931a-4af90ecb574d	45.886283	-66.684855	27095.0						2024-09-04T12:59	4	9	2024	2554581	2554581	HUMAN_OBSERVATION	iNaturalist	Observations	247789882		Dwayne Sabine	2024-10-17T17:12:35	CC_BY_NC_4_0	Dwayne Sabine	Dwayne Sabine			2025-01-14T13:48:38.193Z	StillImage	COORDINATE_ROUNDED;CONTINENT_DERIVED_FROM_COORDINATES;TAXON_MATCH_TAXON_ID_IGNORED
4954599773	50c9509d-22c7-4a22-a47d-8c48425ef4a7	https://www.inaturalist.org/observations/247404408	Fungi	Basidiomycota	Agaricomycetes	Cantharellales	Hydnaceae	Craterellus	Craterellus ignicolor		SPECIES	Craterellus ignicolor (R.H.Petersen) Dahlman, Danell & Spatafora	Craterellus ignicolor		CA		New Brunswick	PRESENT		28eb1a3f-1c15-4a95-931a-4af90ecb574d	45.98311	-66.756902	15.0						2024-08-11T10:12	11	8	2024	2554581	2554581	HUMAN_OBSERVATION	iNaturalist	Observations	247404408		Dwayne Sabine	2024-10-15T01:01:58	CC_BY_NC_4_0	Dwayne Sabine	Dwayne Sabine			2025-01-14T13:43:57.548Z	StillImage	COORDINATE_ROUNDED;CONTINENT_DERIVED_FROM_COORDINATES;TAXON_MATCH_TAXON_ID_IGNORED
4946094639	50c9509d-22c7-4a22-a47d-8c48425ef4a7	https://www.inaturalist.org/observations/239709019	Fungi	Basidiomycota	Agaricomycetes	Cantharellales	Hydnaceae	Craterellus	Craterellus ignicolor		SPECIES	Craterellus ignicolor (R.H.Petersen) Dahlman, Danell & Spatafora	Craterellus ignicolor		CA		Québec	PRESENT		28eb1a3f-1c15-4a95-931a-4af90ecb574d	46.769853	-71.182092	7.0						2024-09-01T14:59:30	1	9	2024	2554581	2554581	HUMAN_OBSERVATION	iNaturalist	Observations	239709019		shatov	2024-09-04T00:01:56	CC_BY_NC_4_0	shatov	shatov			2025-01-14T13:43:17.671Z	StillImage	COORDINATE_ROUNDED;CONTINENT_DERIVED_FROM_COORDINATES;TAXON_MATCH_TAXON_ID_IGNORED
4945836791	50c9509d-22c7-4a22-a47d-8c48425ef4a7	https://www.inaturalist.org/observations/240672381	Fungi	Basidiomycota	Agaricomycetes	Cantharellales	Hydnaceae	Craterellus	Craterellus ignicolor		SPECIES	Craterellus ignicolor (R.H.Petersen) Dahlman, Danell & Spatafora	Craterellus ignicolor		CA		Québec	PRESENT		28eb1a3f-1c15-4a95-931a-4af90ecb574d	45.377344	-74.09396	7683.0						2024-09-08T16:21	8	9	2024	2554581	2554581	HUMAN_OBSERVATION	iNaturalist	Observations	240672381		Madz	2024-09-09T00:57:12	CC_BY_NC_4_0	Madz	Madz			2025-01-14T12:51:03.226Z	StillImage	COORDINATE_ROUNDED;CONTINENT_DERIVED_FROM_COORDINATES;TAXON_MATCH_TAXON_ID_IGNORED
4936594995	50c9509d-22c7-4a22-a47d-8c48425ef4a7	https://www.inaturalist.org/observations/237371586	Fungi	Basidiomycota	Agaricomycetes	Cantharellales	Hydnaceae	Craterellus	Craterellus ignicolor		SPECIES	Craterellus ignicolor (R.H.Petersen) Dahlman, Danell & Spatafora	Craterellus ignicolor		CA		New Brunswick	PRESENT		28eb1a3f-1c15-4a95-931a-4af90ecb574d	45.955439	-66.673044							2024-08-22T19:32:10	22	8	2024	2554581	2554581	HUMAN_OBSERVATION	iNaturalist	Observations	237371586		Sean Rhindress	2024-08-22T23:07:35	CC_BY_NC_4_0	Sean Rhindress	Sean Rhindress			2025-01-14T13:43:03.780Z	StillImage	COORDINATE_ROUNDED;CONTINENT_DERIVED_FROM_COORDINATES;TAXON_MATCH_TAXON_ID_IGNORED
4926305672	50c9509d-22c7-4a22-a47d-8c48425ef4a7	https://www.inaturalist.org/observations/234392174	Fungi	Basidiomycota	Agaricomycetes	Cantharellales	Hydnaceae	Craterellus	Craterellus ignicolor		SPECIES	Craterellus ignicolor (R.H.Petersen) Dahlman, Danell & Spatafora	Craterellus ignicolor		CA		New Brunswick	PRESENT		28eb1a3f-1c15-4a95-931a-4af90ecb574d	46.012745	-66.627736	230.0						2024-07-30T12:38:25	30	7	2024	2554581	2554581	HUMAN_OBSERVATION	iNaturalist	Observations	234392174		flightmom	2024-08-07T19:51:41	CC_BY_NC_4_0	flightmom	flightmom			2025-01-14T13:43:06.740Z	StillImage	COORDINATE_ROUNDED;CONTINENT_DERIVED_FROM_COORDINATES;TAXON_MATCH_TAXON_ID_IGNORED
4923869710	50c9509d-22c7-4a22-a47d-8c48425ef4a7	https://www.inaturalist.org/observations/230423091	Fungi	Basidiomycota	Agaricomycetes	Cantharellales	Hydnaceae	Craterellus	Craterellus ignicolor		SPECIES	Craterellus ignicolor (R.H.Petersen) Dahlman, Danell & Spatafora	Craterellus ignicolor		CA		Ontario	PRESENT		28eb1a3f-1c15-4a95-931a-4af90ecb574d	46.198064	-77.844489	19.0						2024-07-19T15:51	19	7	2024	2554581	2554581	HUMAN_OBSERVATION	iNaturalist	Observations	230423091		Janet Elliott	2024-07-20T02:57:44	CC_BY_NC_4_0	Janet Elliott	Janet Elliott			2025-01-14T12:49:14.669Z	StillImage	COORDINATE_ROUNDED;CONTINENT_DERIVED_FROM_COORDINATES;TAXON_MATCH_TAXON_ID_IGNORED
4923731579	50c9509d-22c7-4a22-a47d-8c48425ef4a7	https://www.inaturalist.org/observations/224419857	Fungi	Basidiomycota	Agaricomycetes	Cantharellales	Hydnaceae	Craterellus	Craterellus ignicolor		SPECIES	Craterellus ignicolor (R.H.Petersen) Dahlman, Danell & Spatafora	Craterellus ignicolor		CA		Ontario	PRESENT		28eb1a3f-1c15-4a95-931a-4af90ecb574d	45.199372	-76.237558	52.0						2024-06-22T11:36	22	6	2024	2554581	2554581	HUMAN_OBSERVATION	iNaturalist	Observations	224419857		almonteallisons	2024-06-22T16:07:30	CC_BY_NC_4_0	almonteallisons	almonteallisons			2025-01-14T13:35:22.357Z	StillImage	COORDINATE_ROUNDED;CONTINENT_DERIVED_FROM_COORDINATES;TAXON_MATCH_TAXON_ID_IGNORED
4921868859	50c9509d-22c7-4a22-a47d-8c48425ef4a7	https://www.inaturalist.org/observations/132679616	Fungi	Basidiomycota	Agaricomycetes	Cantharellales	Hydnaceae	Craterellus	Craterellus ignicolor		SPECIES	Craterellus ignicolor (R.H.Petersen) Dahlman, Danell & Spatafora	Craterellus ignicolor		CA		Québec	PRESENT		28eb1a3f-1c15-4a95-931a-4af90ecb574d	46.838845	-79.191685	8.0						2022-08-28T13:04:24	28	8	2022	2554581	2554581	HUMAN_OBSERVATION	iNaturalist	Observations	132679616		Lucie Roy	2022-08-28T20:18:05	CC_BY_NC_4_0	Lucie Roy	Lucie Roy			2025-01-14T12:31:53.514Z	StillImage	COORDINATE_ROUNDED;CONTINENT_DERIVED_FROM_COORDINATES;TAXON_MATCH_TAXON_ID_IGNORED
4908627291	50c9509d-22c7-4a22-a47d-8c48425ef4a7	https://www.inaturalist.org/observations/227132366	Fungi	Basidiomycota	Agaricomycetes	Cantharellales	Hydnaceae	Craterellus	Craterellus ignicolor		SPECIES	Craterellus ignicolor (R.H.Petersen) Dahlman, Danell & Spatafora	Craterellus ignicolor		CA		Québec	PRESENT		28eb1a3f-1c15-4a95-931a-4af90ecb574d	48.324699	-71.349665	379.0						2024-03-04T15:39:32	4	3	2024	2554581	2554581	HUMAN_OBSERVATION	iNaturalist	Observations	227132366		maxcorneau	2024-07-04T17:23:43	CC_BY_NC_4_0	maxcorneau	maxcorneau			2025-01-14T12:49:35.451Z	StillImage	COORDINATE_ROUNDED;CONTINENT_DERIVED_FROM_COORDINATES;TAXON_MATCH_TAXON_ID_IGNORED
4908211334	50c9509d-22c7-4a22-a47d-8c48425ef4a7	https://www.inaturalist.org/observations/229377296	Fungi	Basidiomycota	Agaricomycetes	Cantharellales	Hydnaceae	Craterellus	Craterellus ignicolor		SPECIES	Craterellus ignicolor (R.H.Petersen) Dahlman, Danell & Spatafora	Craterellus ignicolor		CA		Québec	PRESENT		28eb1a3f-1c15-4a95-931a-4af90ecb574d	45.509892	-75.79596							2024-07-13T16:24	13	7	2024	2554581	2554581	HUMAN_OBSERVATION	iNaturalist	Observations	229377296		jonathan_mack	2024-07-14T22:53:28	CC_BY_NC_4_0	jonathan_mack	jonathan_mack			2025-01-14T12:50:42.201Z	StillImage	COORDINATE_ROUNDED;CONTINENT_DERIVED_FROM_COORDINATES;TAXON_MATCH_TAXON_ID_IGNORED
4892185712	50c9509d-22c7-4a22-a47d-8c48425ef4a7	https://www.inaturalist.org/observations/206175112	Fungi	Basidiomycota	Agaricomycetes	Cantharellales	Hydnaceae	Craterellus	Craterellus ignicolor		SPECIES	Craterellus ignicolor (R.H.Petersen) Dahlman, Danell & Spatafora	Craterellus ignicolor		CA		Ontario	PRESENT		28eb1a3f-1c15-4a95-931a-4af90ecb574d	45.520868	-77.853356	31.0						2023-07-01T14:35	1	7	2023	2554581	2554581	HUMAN_OBSERVATION	iNaturalist	Observations	206175112		bogend	2024-04-09T01:04:21	CC_BY_NC_4_0	bogend	bogend			2025-01-14T12:44:07.656Z	StillImage	COORDINATE_ROUNDED;CONTINENT_DERIVED_FROM_COORDINATES;TAXON_MATCH_TAXON_ID_IGNORED
4875357763	50c9509d-22c7-4a22-a47d-8c48425ef4a7	https://www.inaturalist.org/observations/207229386	Fungi	Basidiomycota	Agaricomycetes	Cantharellales	Hydnaceae	Craterellus	Craterellus ignicolor		SPECIES	Craterellus ignicolor (R.H.Petersen) Dahlman, Danell & Spatafora	Craterellus ignicolor		CA		New Brunswick	PRESENT		28eb1a3f-1c15-4a95-931a-4af90ecb574d	46.011934	-66.621945	3.0						2023-09-15T15:38:39	15	9	2023	2554581	2554581	HUMAN_OBSERVATION	iNaturalist	Observations	207229386		Tristan Hallett	2024-04-15T12:03:46	CC_BY_NC_4_0	flatbobthefatblob	flatbobthefatblob			2025-01-14T13:40:14.071Z	StillImage	COORDINATE_ROUNDED;CONTINENT_DERIVED_FROM_COORDINATES;TAXON_MATCH_TAXON_ID_IGNORED
4512190163	50c9509d-22c7-4a22-a47d-8c48425ef4a7	https://www.inaturalist.org/observations/185460443	Fungi	Basidiomycota	Agaricomycetes	Cantharellales	Hydnaceae	Craterellus	Craterellus ignicolor		SPECIES	Craterellus ignicolor (R.H.Petersen) Dahlman, Danell & Spatafora	Craterellus ignicolor		CA		New Brunswick	PRESENT		28eb1a3f-1c15-4a95-931a-4af90ecb574d	45.726727	-65.950001	27126.0						2023-09-29T15:20:51	29	9	2023	2554581	2554581	HUMAN_OBSERVATION	iNaturalist	Observations	185460443		Shane Mercer	2023-09-29T18:26:30	CC_BY_NC_4_0	Shane Mercer	Shane Mercer			2025-01-14T12:40:27.296Z	StillImage	COORDINATE_ROUNDED;CONTINENT_DERIVED_FROM_COORDINATES;TAXON_MATCH_TAXON_ID_IGNORED
4512189045	50c9509d-22c7-4a22-a47d-8c48425ef4a7	https://www.inaturalist.org/observations/183292854	Fungi	Basidiomycota	Agaricomycetes	Cantharellales	Hydnaceae	Craterellus	Craterellus ignicolor		SPECIES	Craterellus ignicolor (R.H.Petersen) Dahlman, Danell & Spatafora	Craterellus ignicolor		CA		New Brunswick	PRESENT		28eb1a3f-1c15-4a95-931a-4af90ecb574d	45.95525	-66.669319	183.0						2023-09-14T18:39:53	14	9	2023	2554581	2554581	HUMAN_OBSERVATION	iNaturalist	Observations	183292854		anthony brooks	2023-09-15T15:04:21	CC_BY_NC_4_0	Anika Smithson	Anika Smithson			2025-01-14T12:39:54.298Z	StillImage	COORDINATE_ROUNDED;CONTINENT_DERIVED_FROM_COORDINATES;TAXON_MATCH_TAXON_ID_IGNORED
4512077799	50c9509d-22c7-4a22-a47d-8c48425ef4a7	https://www.inaturalist.org/observations/180816749	Fungi	Basidiomycota	Agaricomycetes	Cantharellales	Hydnaceae	Craterellus	Craterellus ignicolor		SPECIES	Craterellus ignicolor (R.H.Petersen) Dahlman, Danell & Spatafora	Craterellus ignicolor		CA		Nova Scotia	PRESENT		28eb1a3f-1c15-4a95-931a-4af90ecb574d	45.057361	-64.387748	6.0						2023-08-29T16:29:50	29	8	2023	2554581	2554581	HUMAN_OBSERVATION	iNaturalist	Observations	180816749		carol_fellowes	2023-08-29T19:50:22	CC_BY_NC_4_0	carol_fellowes	carol_fellowes			2025-01-14T13:32:32.979Z	StillImage	COORDINATE_ROUNDED;CONTINENT_DERIVED_FROM_COORDINATES;TAXON_MATCH_TAXON_ID_IGNORED
4413530056	50c9509d-22c7-4a22-a47d-8c48425ef4a7	https://www.inaturalist.org/observations/175650478	Fungi	Basidiomycota	Agaricomycetes	Cantharellales	Hydnaceae	Craterellus	Craterellus ignicolor		SPECIES	Craterellus ignicolor (R.H.Petersen) Dahlman, Danell & Spatafora	Craterellus ignicolor		CA		Québec	PRESENT		28eb1a3f-1c15-4a95-931a-4af90ecb574d	45.549521	-73.15708	3225.0						2023-07-29T13:04	29	7	2023	2554581	2554581	HUMAN_OBSERVATION	iNaturalist	Observations	175650478		Antoine Fortin	2023-07-30T01:39:03	CC_BY_NC_4_0	Antoine Fortin	Antoine Fortin			2025-01-14T13:41:01.517Z	StillImage	COORDINATE_ROUNDED;CONTINENT_DERIVED_FROM_COORDINATES;TAXON_MATCH_TAXON_ID_IGNORED
4407339134	50c9509d-22c7-4a22-a47d-8c48425ef4a7	https://www.inaturalist.org/observations/181000288	Fungi	Basidiomycota	Agaricomycetes	Cantharellales	Hydnaceae	Craterellus	Craterellus ignicolor		SPECIES	Craterellus ignicolor (R.H.Petersen) Dahlman, Danell & Spatafora	Craterellus ignicolor		CA		Ontario	PRESENT		28eb1a3f-1c15-4a95-931a-4af90ecb574d	45.059233	-76.114753	48.0						2023-08-30T09:06:04	30	8	2023	2554581	2554581	HUMAN_OBSERVATION	iNaturalist	Observations	181000288		Windstone Farm	2023-08-31T01:48:05	CC_BY_NC_4_0	Windstone Farm	Windstone Farm			2025-01-14T13:32:08.286Z	StillImage	COORDINATE_ROUNDED;CONTINENT_DERIVED_FROM_COORDINATES;TAXON_MATCH_TAXON_ID_IGNORED
4405289490	50c9509d-22c7-4a22-a47d-8c48425ef4a7	https://www.inaturalist.org/observations/179144904	Fungi	Basidiomycota	Agaricomycetes	Cantharellales	Hydnaceae	Craterellus	Craterellus ignicolor		SPECIES	Craterellus ignicolor (R.H.Petersen) Dahlman, Danell & Spatafora	Craterellus ignicolor		CA		New Brunswick	PRESENT		28eb1a3f-1c15-4a95-931a-4af90ecb574d	45.950381	-66.67184							2023-08-18T14:40:25	18	8	2023	2554581	2554581	HUMAN_OBSERVATION	iNaturalist	Observations	179144904		Kaushalya Rathnayake	2023-08-19T15:06:15	CC0_1_0	Andrew MacPherson	Andrew MacPherson			2025-01-14T13:28:33.459Z	StillImage	COORDINATE_ROUNDED;CONTINENT_DERIVED_FROM_COORDINATES;TAXON_MATCH_TAXON_ID_IGNORED
4400112113	50c9509d-22c7-4a22-a47d-8c48425ef4a7	https://www.inaturalist.org/observations/179726124	Fungi	Basidiomycota	Agaricomycetes	Cantharellales	Hydnaceae	Craterellus	Craterellus ignicolor		SPECIES	Craterellus ignicolor (R.H.Petersen) Dahlman, Danell & Spatafora	Craterellus ignicolor		CA		Québec	PRESENT		28eb1a3f-1c15-4a95-931a-4af90ecb574d	45.656221	-75.673205	8.0						2023-08-22T15:47:01	22	8	2023	2554581	2554581	HUMAN_OBSERVATION	iNaturalist	Observations	179726124		Anthony Gaston	2023-08-22T19:48:25	CC_BY_NC_4_0	Anthony Gaston	Anthony Gaston			2025-01-14T12:38:41.651Z	StillImage	COORDINATE_ROUNDED;CONTINENT_DERIVED_FROM_COORDINATES;TAXON_MATCH_TAXON_ID_IGNORED
4400075072	50c9509d-22c7-4a22-a47d-8c48425ef4a7	https://www.inaturalist.org/observations/178660092	Fungi	Basidiomycota	Agaricomycetes	Cantharellales	Hydnaceae	Craterellus	Craterellus ignicolor		SPECIES	Craterellus ignicolor (R.H.Petersen) Dahlman, Danell & Spatafora	Craterellus ignicolor		CA		Québec	PRESENT		28eb1a3f-1c15-4a95-931a-4af90ecb574d	46.885151	-71.102609	55.0						2023-08-15T10:23:19	15	8	2023	2554581	2554581	HUMAN_OBSERVATION	iNaturalist	Observations	178660092		Camille Boucher	2023-08-16T09:40:12	CC_BY_NC_4_0	Camille Boucher	Camille Boucher			2025-01-14T12:38:18.425Z	StillImage	COORDINATE_ROUNDED;CONTINENT_DERIVED_FROM_COORDINATES;TAXON_MATCH_TAXON_ID_IGNORED
4172166706	50c9509d-22c7-4a22-a47d-8c48425ef4a7	https://www.inaturalist.org/observations/176824953	Fungi	Basidiomycota	Agaricomycetes	Cantharellales	Hydnaceae	Craterellus	Craterellus ignicolor		SPECIES	Craterellus ignicolor (R.H.Petersen) Dahlman, Danell & Spatafora	Craterellus ignicolor		CA		Québec	PRESENT		28eb1a3f-1c15-4a95-931a-4af90ecb574d	46.6401	-71.343414	26967.0						2023-08-05T12:17:03	5	8	2023	2554581	2554581	HUMAN_OBSERVATION	iNaturalist	Observations	176824953		Camille Boucher	2023-08-05T19:06:24	CC_BY_NC_4_0	Camille Boucher	Camille Boucher			2025-01-14T13:31:54.015Z	StillImage	COORDINATE_ROUNDED;CONTINENT_DERIVED_FROM_COORDINATES;TAXON_MATCH_TAXON_ID_IGNORED
4171828441	50c9509d-22c7-4a22-a47d-8c48425ef4a7	https://www.inaturalist.org/observations/175744650	Fungi	Basidiomycota	Agaricomycetes	Cantharellales	Hydnaceae	Craterellus	Craterellus ignicolor		SPECIES	Craterellus ignicolor (R.H.Petersen) Dahlman, Danell & Spatafora	Craterellus ignicolor		CA		Québec	PRESENT		28eb1a3f-1c15-4a95-931a-4af90ecb574d	45.637535	-75.656349	2.0						2023-07-30T11:06	30	7	2023	2554581	2554581	HUMAN_OBSERVATION	iNaturalist	Observations	175744650		thejasperpatch	2023-07-30T15:29:56	CC_BY_NC_4_0	thejasperpatch	thejasperpatch			2025-01-14T12:43:46.860Z	StillImage	COORDINATE_ROUNDED;CONTINENT_DERIVED_FROM_COORDINATES;TAXON_MATCH_TAXON_ID_IGNORED
4171610397	50c9509d-22c7-4a22-a47d-8c48425ef4a7	https://www.inaturalist.org/observations/174755418	Fungi	Basidiomycota	Agaricomycetes	Cantharellales	Hydnaceae	Craterellus	Craterellus ignicolor		SPECIES	Craterellus ignicolor (R.H.Petersen) Dahlman, Danell & Spatafora	Craterellus ignicolor		CA		Ontario	PRESENT		28eb1a3f-1c15-4a95-931a-4af90ecb574d	45.136813	-78.726321	3309.0						2023-07-22T10:46:14	22	7	2023	2554581	2554581	HUMAN_OBSERVATION	iNaturalist	Observations	174755418		sheananestellita	2023-07-26T03:35:01	CC_BY_NC_4_0	Mme Daley	Mme Daley			2025-01-14T13:32:02.195Z	StillImage	COORDINATE_ROUNDED;CONTINENT_DERIVED_FROM_COORDINATES;TAXON_MATCH_TAXON_ID_IGNORED
4171340465	50c9509d-22c7-4a22-a47d-8c48425ef4a7	https://www.inaturalist.org/observations/91165946	Fungi	Basidiomycota	Agaricomycetes	Cantharellales	Hydnaceae	Craterellus	Craterellus ignicolor		SPECIES	Craterellus ignicolor (R.H.Petersen) Dahlman, Danell & Spatafora	Craterellus ignicolor		CA		Ontario	PRESENT		28eb1a3f-1c15-4a95-931a-4af90ecb574d	46.235556	-78.95187	27031.0						2021-08-14T12:45:36	14	8	2021	2554581	2554581	HUMAN_OBSERVATION	iNaturalist	Observations	91165946		April McClellan	2021-08-14T20:04:40	CC_BY_NC_4_0	April McClellan	April McClellan			2025-01-14T12:20:16.896Z	StillImage	COORDINATE_ROUNDED;CONTINENT_DERIVED_FROM_COORDINATES;TAXON_MATCH_TAXON_ID_IGNORED
4112083388	50c9509d-22c7-4a22-a47d-8c48425ef4a7	https://www.inaturalist.org/observations/135582283	Fungi	Basidiomycota	Agaricomycetes	Cantharellales	Hydnaceae	Craterellus	Craterellus ignicolor		SPECIES	Craterellus ignicolor (R.H.Petersen) Dahlman, Danell & Spatafora	Craterellus ignicolor		CA		Québec	PRESENT		28eb1a3f-1c15-4a95-931a-4af90ecb574d	46.023117	-73.664889	136.0						2022-09-18T11:13:06	18	9	2022	2554581	2554581	HUMAN_OBSERVATION	iNaturalist	Observations	135582283		Bethany Beech	2022-09-18T21:36:17	CC_BY_NC_4_0	Bethany Beech	Bethany Beech			2025-01-14T12:32:15.423Z	StillImage	COORDINATE_ROUNDED;CONTINENT_DERIVED_FROM_COORDINATES;TAXON_MATCH_TAXON_ID_IGNORED
4039186747	50c9509d-22c7-4a22-a47d-8c48425ef4a7	https://www.inaturalist.org/observations/144513514	Fungi	Basidiomycota	Agaricomycetes	Cantharellales	Hydnaceae	Craterellus	Craterellus ignicolor		SPECIES	Craterellus ignicolor (R.H.Petersen) Dahlman, Danell & Spatafora	Craterellus ignicolor		CA		New Brunswick	PRESENT		28eb1a3f-1c15-4a95-931a-4af90ecb574d	47.357661	-66.907049							2022-08-13T11:59:11	13	8	2022	2554581	2554581	HUMAN_OBSERVATION	iNaturalist	Observations	144513514		Lewnanny Richardson	2022-12-17T03:22:17	CC_BY_NC_4_0	Lewnanny Richardson	Lewnanny Richardson			2025-01-14T13:26:50.052Z	StillImage	COORDINATE_ROUNDED;CONTINENT_DERIVED_FROM_COORDINATES;TAXON_MATCH_TAXON_ID_IGNORED
3985711831	50c9509d-22c7-4a22-a47d-8c48425ef4a7	https://www.inaturalist.org/observations/138294748	Fungi	Basidiomycota	Agaricomycetes	Cantharellales	Hydnaceae	Craterellus	Craterellus ignicolor		SPECIES	Craterellus ignicolor (R.H.Petersen) Dahlman, Danell & Spatafora	Craterellus ignicolor		CA		Québec	PRESENT		28eb1a3f-1c15-4a95-931a-4af90ecb574d	46.262898	-75.822901							2022-09-05T12:05:57	5	9	2022	2554581	2554581	HUMAN_OBSERVATION	iNaturalist	Observations	138294748		cinna_latifolia	2022-11-27T10:27:08	CC_BY_4_0	Marilyne Busque-Dubois	Marilyne Busque-Dubois			2025-01-14T13:18:09.873Z	StillImage	COORDINATE_ROUNDED;CONTINENT_DERIVED_FROM_COORDINATES;TAXON_MATCH_TAXON_ID_IGNORED
3903673303	50c9509d-22c7-4a22-a47d-8c48425ef4a7	https://www.inaturalist.org/observations/134474782	Fungi	Basidiomycota	Agaricomycetes	Cantharellales	Hydnaceae	Craterellus	Craterellus ignicolor		SPECIES	Craterellus ignicolor (R.H.Petersen) Dahlman, Danell & Spatafora	Craterellus ignicolor		CA		New Brunswick	PRESENT		28eb1a3f-1c15-4a95-931a-4af90ecb574d	47.731454	-65.88556	144.0						2022-09-10T12:22:42	10	9	2022	2554581	2554581	HUMAN_OBSERVATION	iNaturalist	Observations	134474782		roachiecanada	2022-09-10T20:02:40	CC_BY_NC_4_0	roachiecanada	roachiecanada			2025-01-14T13:25:23.535Z	StillImage	COORDINATE_ROUNDED;CONTINENT_DERIVED_FROM_COORDINATES;TAXON_MATCH_TAXON_ID_IGNORED
3903186706	50c9509d-22c7-4a22-a47d-8c48425ef4a7	https://www.inaturalist.org/observations/132687136	Fungi	Basidiomycota	Agaricomycetes	Cantharellales	Hydnaceae	Craterellus	Craterellus ignicolor		SPECIES	Craterellus ignicolor (R.H.Petersen) Dahlman, Danell & Spatafora	Craterellus ignicolor		CA		New Brunswick	PRESENT		28eb1a3f-1c15-4a95-931a-4af90ecb574d	47.731627	-65.885732	166.0						2022-08-28T15:12:01	28	8	2022	2554581	2554581	HUMAN_OBSERVATION	iNaturalist	Observations	132687136		roachiecanada	2022-08-28T20:53:46	CC_BY_NC_4_0	roachiecanada	roachiecanada			2025-01-14T12:31:43.822Z	StillImage	COORDINATE_ROUNDED;CONTINENT_DERIVED_FROM_COORDINATES;TAXON_MATCH_TAXON_ID_IGNORED
3902214983	50c9509d-22c7-4a22-a47d-8c48425ef4a7	https://www.inaturalist.org/observations/130952312	Fungi	Basidiomycota	Agaricomycetes	Cantharellales	Hydnaceae	Craterellus	Craterellus ignicolor		SPECIES	Craterellus ignicolor (R.H.Petersen) Dahlman, Danell & Spatafora	Craterellus ignicolor		CA		New Brunswick	PRESENT		28eb1a3f-1c15-4a95-931a-4af90ecb574d	47.368786	-66.8935							2022-08-13T13:09:14	13	8	2022	2554581	2554581	HUMAN_OBSERVATION	iNaturalist	Observations	130952312		Lewnanny Richardson	2022-08-15T16:28:02	CC_BY_NC_4_0	Lewnanny Richardson	Lewnanny Richardson			2025-01-14T13:15:51.790Z	StillImage	COORDINATE_ROUNDED;CONTINENT_DERIVED_FROM_COORDINATES;TAXON_MATCH_TAXON_ID_IGNORED
3892498373	50c9509d-22c7-4a22-a47d-8c48425ef4a7	https://www.inaturalist.org/observations/112140919	Fungi	Basidiomycota	Agaricomycetes	Cantharellales	Hydnaceae	Craterellus	Craterellus ignicolor		SPECIES	Craterellus ignicolor (R.H.Petersen) Dahlman, Danell & Spatafora	Craterellus ignicolor		CA		Québec	PRESENT		28eb1a3f-1c15-4a95-931a-4af90ecb574d	46.118462	-74.596185	22910.0						2018-08-18T17:54	18	8	2018	2554581	2554581	HUMAN_OBSERVATION	iNaturalist	Observations	112140919		rudyclaeys	2022-04-20T11:59:09	CC_BY_NC_4_0	rudyclaeys	rudyclaeys			2025-01-14T13:14:37.936Z	StillImage	COORDINATE_ROUNDED;CONTINENT_DERIVED_FROM_COORDINATES;TAXON_MATCH_TAXON_ID_IGNORED
3712711422	50c9509d-22c7-4a22-a47d-8c48425ef4a7	https://www.inaturalist.org/observations/96548036	Fungi	Basidiomycota	Agaricomycetes	Cantharellales	Hydnaceae	Craterellus	Craterellus ignicolor		SPECIES	Craterellus ignicolor (R.H.Petersen) Dahlman, Danell & Spatafora	Craterellus ignicolor		CA		Québec	PRESENT		28eb1a3f-1c15-4a95-931a-4af90ecb574d	45.531399	-75.817276							2021-09-28T18:00:44	28	9	2021	2554581	2554581	HUMAN_OBSERVATION	iNaturalist	Observations	96548036		Alexis Williams	2021-09-29T03:45:49	CC_BY_4_0	Alexis Williams	Alexis Williams			2025-01-14T13:22:57.358Z	StillImage	COORDINATE_ROUNDED;CONTINENT_DERIVED_FROM_COORDINATES;TAXON_MATCH_TAXON_ID_IGNORED
3712662414	50c9509d-22c7-4a22-a47d-8c48425ef4a7	https://www.inaturalist.org/observations/89268577	Fungi	Basidiomycota	Agaricomycetes	Cantharellales	Hydnaceae	Craterellus	Craterellus ignicolor		SPECIES	Craterellus ignicolor (R.H.Petersen) Dahlman, Danell & Spatafora	Craterellus ignicolor		CA		Québec	PRESENT		28eb1a3f-1c15-4a95-931a-4af90ecb574d	45.457592	-75.823486							2021-07-30T17:19:18	30	7	2021	2554581	2554581	HUMAN_OBSERVATION	iNaturalist	Observations	89268577		Alexis Williams	2021-07-31T01:29:20	CC_BY_4_0	Alexis Williams	Alexis Williams			2025-01-14T12:19:58.029Z	StillImage	COORDINATE_ROUNDED;CONTINENT_DERIVED_FROM_COORDINATES;TAXON_MATCH_TAXON_ID_IGNORED
3456297572	50c9509d-22c7-4a22-a47d-8c48425ef4a7	https://www.inaturalist.org/observations/102795820	Fungi	Basidiomycota	Agaricomycetes	Cantharellales	Hydnaceae	Craterellus	Craterellus ignicolor		SPECIES	Craterellus ignicolor (R.H.Petersen) Dahlman, Danell & Spatafora	Craterellus ignicolor		CA		New Brunswick	PRESENT		28eb1a3f-1c15-4a95-931a-4af90ecb574d	46.243309	-64.936415	426.0						2021-09-28T12:28	28	9	2021	2554581	2554581	HUMAN_OBSERVATION	iNaturalist	Observations	102795820		Stuart Tingley	2021-12-11T20:36:37	CC_BY_NC_4_0	Stuart Tingley	Stuart Tingley			2025-01-14T12:23:27.040Z	StillImage	COORDINATE_ROUNDED;CONTINENT_DERIVED_FROM_COORDINATES;TAXON_MATCH_TAXON_ID_IGNORED
3456129325	50c9509d-22c7-4a22-a47d-8c48425ef4a7	https://www.inaturalist.org/observations/96973013	Fungi	Basidiomycota	Agaricomycetes	Cantharellales	Hydnaceae	Craterellus	Craterellus ignicolor		SPECIES	Craterellus ignicolor (R.H.Petersen) Dahlman, Danell & Spatafora	Craterellus ignicolor		CA		Nova Scotia	PRESENT		28eb1a3f-1c15-4a95-931a-4af90ecb574d	45.088111	-64.385804	2241.0						2021-09-30T15:01:41	30	9	2021	2554581	2554581	HUMAN_OBSERVATION	iNaturalist	Observations	96973013		Dr. Allison Walker	2021-10-20T18:29:35	CC_BY_NC_4_0	Dr. Allison Walker	Dr. Allison Walker			2025-01-14T14:02:37.127Z	StillImage	COORDINATE_ROUNDED;CONTINENT_DERIVED_FROM_COORDINATES;TAXON_MATCH_TAXON_ID_IGNORED
3408228538	50c9509d-22c7-4a22-a47d-8c48425ef4a7	https://www.inaturalist.org/observations/94383052	Fungi	Basidiomycota	Agaricomycetes	Cantharellales	Hydnaceae	Craterellus	Craterellus ignicolor		SPECIES	Craterellus ignicolor (R.H.Petersen) Dahlman, Danell & Spatafora	Craterellus ignicolor		CA		New Brunswick	PRESENT		28eb1a3f-1c15-4a95-931a-4af90ecb574d	46.2504	-64.90549	27031.0						2021-09-09T15:43	9	9	2021	2554581	2554581	HUMAN_OBSERVATION	iNaturalist	Observations	94383052		Stuart Tingley	2021-09-10T23:44:40	CC_BY_NC_4_0	Stuart Tingley	Stuart Tingley			2025-01-14T12:21:43.923Z	StillImage	COORDINATE_ROUNDED;CONTINENT_DERIVED_FROM_COORDINATES;TAXON_MATCH_TAXON_ID_IGNORED
3337849411	50c9509d-22c7-4a22-a47d-8c48425ef4a7	https://www.inaturalist.org/observations/59509443	Fungi	Basidiomycota	Agaricomycetes	Cantharellales	Hydnaceae	Craterellus	Craterellus ignicolor		SPECIES	Craterellus ignicolor (R.H.Petersen) Dahlman, Danell & Spatafora	Craterellus ignicolor		CA		Québec	PRESENT		28eb1a3f-1c15-4a95-931a-4af90ecb574d	46.835667	-79.195647	4.0						2020-09-12T11:43:19	12	9	2020	2554581	2554581	HUMAN_OBSERVATION	iNaturalist	Observations	59509443		Jonathan Fréchette	2020-09-13T22:14:44	CC_BY_NC_4_0	Jonathan Fréchette	Jonathan Fréchette			2025-01-14T12:15:48.297Z	StillImage	COORDINATE_ROUNDED;CONTINENT_DERIVED_FROM_COORDINATES;TAXON_MATCH_TAXON_ID_IGNORED
3335392326	50c9509d-22c7-4a22-a47d-8c48425ef4a7	https://www.inaturalist.org/observations/32086443	Fungi	Basidiomycota	Agaricomycetes	Cantharellales	Hydnaceae	Craterellus	Craterellus ignicolor		SPECIES	Craterellus ignicolor (R.H.Petersen) Dahlman, Danell & Spatafora	Craterellus ignicolor		CA		Québec	PRESENT		28eb1a3f-1c15-4a95-931a-4af90ecb574d	46.757803	-71.320632							2019-08-31T15:02	31	8	2019	2554581	2554581	HUMAN_OBSERVATION	iNaturalist	Observations	32086443		jonathan_mack	2019-09-04T02:05:12	CC_BY_NC_4_0	jonathan_mack	jonathan_mack			2025-01-14T13:03:26.585Z	StillImage	COORDINATE_ROUNDED;CONTINENT_DERIVED_FROM_COORDINATES;TAXON_MATCH_TAXON_ID_IGNORED
2862562619	50c9509d-22c7-4a22-a47d-8c48425ef4a7	https://www.inaturalist.org/observations/58547316	Fungi	Basidiomycota	Agaricomycetes	Cantharellales	Hydnaceae	Craterellus	Craterellus ignicolor		SPECIES	Craterellus ignicolor (R.H.Petersen) Dahlman, Danell & Spatafora	Craterellus ignicolor		CA		Ontario	PRESENT		28eb1a3f-1c15-4a95-931a-4af90ecb574d	45.433492	-76.327338	8.0						2020-09-04T13:14:09	4	9	2020	2554581	2554581	HUMAN_OBSERVATION	iNaturalist	Observations	58547316		Keith Seifert	2020-09-04T21:46:58	CC0_1_0	Keith Seifert	Keith Seifert			2025-01-14T13:09:52.762Z	StillImage	COORDINATE_ROUNDED;CONTINENT_DERIVED_FROM_COORDINATES;TAXON_MATCH_TAXON_ID_IGNORED
2856717317	50c9509d-22c7-4a22-a47d-8c48425ef4a7	https://www.inaturalist.org/observations/17267657	Fungi	Basidiomycota	Agaricomycetes	Cantharellales	Hydnaceae	Craterellus	Craterellus ignicolor		SPECIES	Craterellus ignicolor (R.H.Petersen) Dahlman, Danell & Spatafora	Craterellus ignicolor		CA		Ontario	PRESENT		28eb1a3f-1c15-4a95-931a-4af90ecb574d	46.166241	-77.6306							2018-10-01T14:06:28	1	10	2018	2554581	2554581	HUMAN_OBSERVATION	iNaturalist	Observations	17267657		mycowalt	2021-01-07T02:15:16	CC_BY_NC_4_0	Martin John Smith	Martin John Smith			2025-01-14T12:58:53.167Z	StillImage	COORDINATE_ROUNDED;CONTINENT_DERIVED_FROM_COORDINATES;TAXON_MATCH_TAXON_ID_IGNORED
2423611854	21705170-d2b6-42de-8904-c3bca4b83591	CMMF018766	Fungi	Basidiomycota	Agaricomycetes	Cantharellales	Hydnaceae	Craterellus	Craterellus ignicolor		SPECIES	Cantharellus ignicolor R.H.Petersen	Cantharellus ignicolor R.H. Petersen	R.H. Petersen	CA	St-Côme	Québec	PRESENT		ff7bd5db-b724-4932-b496-10ea298851f9	46.270036	-73.771832	10000.0						1988-08-27	27	8	1988	5249583	2554581	PRESERVED_SPECIMEN	Université de Montréal Biodiversity Centre	CMMF	CMMF018766	s.n.	Nantel, Patrick		CC0_1_0	Université de Montréal Biodiversity Centre	Nantel, Patrick			2024-01-24T16:38:18.593Z		INSTITUTION_MATCH_FUZZY;COLLECTION_MATCH_FUZZY;DIFFERENT_OWNER_INSTITUTION
2013684440	50c9509d-22c7-4a22-a47d-8c48425ef4a7	https://www.inaturalist.org/observations/15928015	Fungi	Basidiomycota	Agaricomycetes	Cantharellales	Hydnaceae	Craterellus	Craterellus ignicolor		SPECIES	Craterellus ignicolor (R.H.Petersen) Dahlman, Danell & Spatafora	Craterellus ignicolor		CA		Ontario	PRESENT		28eb1a3f-1c15-4a95-931a-4af90ecb574d	45.39108	-76.073804	103.0						2018-08-23T09:58	23	8	2018	2554581	2554581	HUMAN_OBSERVATION	iNaturalist	Observations	15928015		jonathan_mack	2018-09-30T20:05:57	CC_BY_NC_4_0	jonathan_mack	jonathan_mack			2025-01-14T12:06:26.905Z	StillImage	COORDINATE_ROUNDED;CONTINENT_DERIVED_FROM_COORDINATES;TAXON_MATCH_TAXON_ID_IGNORED
1701558051	39bd4817-9530-4341-a918-4f16b8db1419	UdeM:CMMF:Blitz2017:45	Fungi	Basidiomycota	Agaricomycetes	Cantharellales	Hydnaceae	Craterellus	Craterellus ignicolor		SPECIES	Craterellus ignicolor (R.H.Petersen) Dahlman, Danell & Spatafora	Craterellus ignicolor (R.H. Petersen) Dahlman, Danell & Spatafora, 2000	(Petersen) Dahlman, Danell & Spatafora	CA	Parc des Chutes de Sainte-Ursule	Québec	PRESENT		ff7bd5db-b724-4932-b496-10ea298851f9	46.300422	-73.094321	500.0						2017-08-09	9	8	2017	2554581	2554581	HUMAN_OBSERVATION	Université de Montréal Biodiversity Centre	CMMF			Raymond Archambault et Joseph Nuzzolese	2017-08-09T00:00:00	CC0_1_0		IRBV's graduate students			2024-01-24T17:29:10.688Z		
1135071259	21705170-d2b6-42de-8904-c3bca4b83591	CMMF009879	Fungi	Basidiomycota	Agaricomycetes	Cantharellales	Hydnaceae	Craterellus	Craterellus ignicolor		SPECIES	Craterellus ignicolor (R.H.Petersen) Dahlman, Danell & Spatafora	Craterellus ignicolor (R.H. Petersen) Dahlman, Danell & Spatafora	(R.H. Petersen) Dahlman, Danell & Spatafora	CA	Chemin du Caillou, Lac-Beauport.	Québec	PRESENT		ff7bd5db-b724-4932-b496-10ea298851f9	46.988318	-71.326007	1000.0						2007-08-28	28	8	2007	2554581	2554581	PRESERVED_SPECIMEN	Université de Montréal Biodiversity Centre	CMMF	CMMF009879	1463	Labrecque, Jacqueline		CC0_1_0	Université de Montréal Biodiversity Centre	Labrecque, Jacqueline			2024-01-24T16:38:21.313Z		INSTITUTION_MATCH_FUZZY;COLLECTION_MATCH_FUZZY;DIFFERENT_OWNER_INSTITUTION
1135071221	21705170-d2b6-42de-8904-c3bca4b83591	CMMF009767	Fungi	Basidiomycota	Agaricomycetes	Cantharellales	Hydnaceae	Craterellus	Craterellus ignicolor		SPECIES	Craterellus ignicolor (R.H.Petersen) Dahlman, Danell & Spatafora	Craterellus ignicolor (R.H. Petersen) Dahlman, Danell & Spatafora	(R.H. Petersen) Dahlman, Danell & Spatafora	CA	Château Bigot, Québec.	Québec	PRESENT		ff7bd5db-b724-4932-b496-10ea298851f9	46.898375	-71.266801	2000.0						2007-08-16	16	8	2007	2554581	2554581	PRESERVED_SPECIMEN	Université de Montréal Biodiversity Centre	CMMF	CMMF009767	1351	Labrecque, Jacqueline		CC0_1_0	Université de Montréal Biodiversity Centre	Labrecque, Jacqueline			2024-01-24T16:38:21.138Z	StillImage	INSTITUTION_MATCH_FUZZY;COLLECTION_MATCH_FUZZY;DIFFERENT_OWNER_INSTITUTION
1135070274	21705170-d2b6-42de-8904-c3bca4b83591	CMMF008883	Fungi	Basidiomycota	Agaricomycetes	Cantharellales	Hydnaceae	Craterellus	Craterellus ignicolor		SPECIES	Craterellus ignicolor (R.H.Petersen) Dahlman, Danell & Spatafora	Craterellus ignicolor (R.H. Petersen) Dahlman, Danell & Spatafora	(R.H. Petersen) Dahlman, Danell & Spatafora	CA	Forêt Sherwood, Québec.	Québec	PRESENT		ff7bd5db-b724-4932-b496-10ea298851f9	46.86201	-71.307678	15000.0						2006-08-05	5	8	2006	2554581	2554581	PRESERVED_SPECIMEN	Université de Montréal Biodiversity Centre	CMMF	CMMF008883	466	Labrecque, Jacqueline		CC0_1_0	Université de Montréal Biodiversity Centre	Labrecque, Jacqueline			2024-01-24T16:38:18.879Z		INSTITUTION_MATCH_FUZZY;COLLECTION_MATCH_FUZZY;DIFFERENT_OWNER_INSTITUTION
1135069390	21705170-d2b6-42de-8904-c3bca4b83591	CMMF007909	Fungi	Basidiomycota	Agaricomycetes	Cantharellales	Hydnaceae	Craterellus	Craterellus ignicolor		SPECIES	Craterellus ignicolor (R.H.Petersen) Dahlman, Danell & Spatafora	Craterellus ignicolor (R.H. Petersen) Dahlman, Danell & Spatafora	(R.H. Petersen) Dahlman, Danell & Spatafora	CA	Cap-Rouge	Québec	PRESENT		ff7bd5db-b724-4932-b496-10ea298851f9	46.754317	-71.33515	100.0						1980-08-09	9	8	1980	2554581	2554581	PRESERVED_SPECIMEN	Université de Montréal Biodiversity Centre	CMMF	CMMF007909	761	McNeil, Raymond		CC0_1_0	Université de Montréal Biodiversity Centre	McNeil, Raymond			2024-01-24T16:38:14.722Z	StillImage	COORDINATE_ROUNDED;INSTITUTION_MATCH_FUZZY;COLLECTION_MATCH_FUZZY;DIFFERENT_OWNER_INSTITUTION
1135069188	21705170-d2b6-42de-8904-c3bca4b83591	CMMF007738	Fungi	Basidiomycota	Agaricomycetes	Cantharellales	Hydnaceae	Craterellus	Craterellus ignicolor		SPECIES	Craterellus ignicolor (R.H.Petersen) Dahlman, Danell & Spatafora	Craterellus ignicolor (R.H. Petersen) Dahlman, Danell & Spatafora	(R.H. Petersen) Dahlman, Danell & Spatafora	CA	Ste-Ursule (Parc)	Québec	PRESENT		ff7bd5db-b724-4932-b496-10ea298851f9	46.300683	-73.096083	100.0						2011-08-27	27	8	2011	2554581	2554581	PRESERVED_SPECIMEN	Université de Montréal Biodiversity Centre	CMMF	CMMF007738	C3877	McNeil, Raymond		CC0_1_0	Université de Montréal Biodiversity Centre	McNeil, Raymond			2024-01-24T16:38:16.136Z	StillImage	COORDINATE_ROUNDED;INSTITUTION_MATCH_FUZZY;COLLECTION_MATCH_FUZZY;DIFFERENT_OWNER_INSTITUTION
1135068045	21705170-d2b6-42de-8904-c3bca4b83591	CMMF006569	Fungi	Basidiomycota	Agaricomycetes	Cantharellales	Hydnaceae	Craterellus	Craterellus ignicolor		SPECIES	Craterellus ignicolor (R.H.Petersen) Dahlman, Danell & Spatafora	Craterellus ignicolor (R.H. Petersen) Dahlman, Danell & Spatafora	(R.H. Petersen) Dahlman, Danell & Spatafora	CA	Ste-Anne-de-Bellevue (Arboretum Morgan)	Québec	PRESENT		ff7bd5db-b724-4932-b496-10ea298851f9	45.43	-73.946667	1000.0						1981-07-24	24	7	1981	2554581	2554581	PRESERVED_SPECIMEN	Université de Montréal Biodiversity Centre	CMMF	CMMF006569	1179	McNeil, Raymond		CC0_1_0	Université de Montréal Biodiversity Centre	McNeil, Raymond			2024-01-24T16:38:18.387Z	StillImage	COORDINATE_ROUNDED;INSTITUTION_MATCH_FUZZY;COLLECTION_MATCH_FUZZY;DIFFERENT_OWNER_INSTITUTION
