gbifID	datasetKey	occurrenceID	kingdom	phylum	class	order	family	genus	species	infraspecificEpithet	taxonRank	scientificName	verbatimScientificName	verbatimScientificNameAuthorship	countryCode	locality	stateProvince	occurrenceStatus	individualCount	publishingOrgKey	decimalLatitude	decimalLongitude	coordinateUncertaintyInMeters	coordinatePrecision	elevation	elevationAccuracy	depth	depthAccuracy	eventDate	day	month	year	taxonKey	speciesKey	basisOfRecord	institutionCode	collectionCode	catalogNumber	recordNumber	identifiedBy	dateIdentified	license	rightsHolder	recordedBy	typeStatus	establishmentMeans	lastInterpreted	mediaType	issue
617555762	21705170-d2b6-42de-8904-c3bca4b83591	CMMF000953	Fungi	Basidiomycota	Agaricomycetes	Agaricales	Physalacriaceae	Physalacria	Physalacria inflata		SPECIES	Physalacria inflata (Fr.) Peck	Physalacria inflata (Schwein.) Peck	(Schwein.) Peck	CA	Montréal	Québec	PRESENT		ff7bd5db-b724-4932-b496-10ea298851f9	45.509625	-73.662984	25000.0						1990-07-03	3	7	1990	2536938	2536938	PRESERVED_SPECIMEN	Université de Montréal Biodiversity Centre	CMMF	CMMF000953		Lamoureux, Yves		CC0_1_0	Université de Montréal Biodiversity Centre	Lamoureux, Yves			2024-01-24T16:38:21.637Z	StillImage	INSTITUTION_MATCH_FUZZY;COLLECTION_MATCH_FUZZY;DIFFERENT_OWNER_INSTITUTION
617554906	21705170-d2b6-42de-8904-c3bca4b83591	CMMF000057	Fungi	Basidiomycota	Agaricomycetes	Agaricales	Physalacriaceae	Physalacria	Physalacria inflata		SPECIES	Physalacria inflata (Fr.) Peck	Physalacria inflata (Schwein.) Peck	(Schwein.) Peck	CA	Montréal	Québec	PRESENT		ff7bd5db-b724-4932-b496-10ea298851f9	45.509625	-73.662984	25000.0						1988-07-18	18	7	1988	2536938	2536938	PRESERVED_SPECIMEN	Université de Montréal Biodiversity Centre	CMMF	CMMF000057		Lamoureux, Yves		CC0_1_0	Université de Montréal Biodiversity Centre	Lamoureux, Yves			2024-01-24T16:38:20.360Z	StillImage	INSTITUTION_MATCH_FUZZY;COLLECTION_MATCH_FUZZY;DIFFERENT_OWNER_INSTITUTION
617554829	21705170-d2b6-42de-8904-c3bca4b83591	CMMF000537	Fungi	Basidiomycota	Agaricomycetes	Agaricales	Physalacriaceae	Physalacria	Physalacria inflata		SPECIES	Physalacria inflata (Fr.) Peck	Physalacria inflata (Schwein.) Peck	(Schwein.) Peck	CA	Laval	Québec	PRESENT		ff7bd5db-b724-4932-b496-10ea298851f9	45.609608	-73.705867	17500.0						1989-07-03	3	7	1989	2536938	2536938	PRESERVED_SPECIMEN	Université de Montréal Biodiversity Centre	CMMF	CMMF000537		Lamoureux, Yves		CC0_1_0	Université de Montréal Biodiversity Centre	Lamoureux, Yves			2024-01-24T16:38:20.056Z	StillImage	INSTITUTION_MATCH_FUZZY;COLLECTION_MATCH_FUZZY;DIFFERENT_OWNER_INSTITUTION
617552832	21705170-d2b6-42de-8904-c3bca4b83591	CMMF003331	Fungi	Basidiomycota	Agaricomycetes	Agaricales	Physalacriaceae	Physalacria	Physalacria inflata		SPECIES	Physalacria inflata (Fr.) Peck	Physalacria inflata (Schwein.) Peck	(Schwein.) Peck	CA	Québec	Québec	PRESENT		ff7bd5db-b724-4932-b496-10ea298851f9	46.86201	-71.307678	15000.0						1999-07-21	21	7	1999	2536938	2536938	PRESERVED_SPECIMEN	Université de Montréal Biodiversity Centre	CMMF	CMMF003331		Lamoureux, Yves		CC0_1_0	Université de Montréal Biodiversity Centre	Lamoureux, Yves			2024-01-24T16:38:17.064Z	StillImage	INSTITUTION_MATCH_FUZZY;COLLECTION_MATCH_FUZZY;DIFFERENT_OWNER_INSTITUTION
4950503526	50c9509d-22c7-4a22-a47d-8c48425ef4a7	https://www.inaturalist.org/observations/243482329	Fungi	Basidiomycota	Agaricomycetes	Agaricales	Physalacriaceae	Physalacria	Physalacria inflata		SPECIES	Physalacria inflata (Fr.) Peck	Physalacria inflata		CA		Ontario	PRESENT		28eb1a3f-1c15-4a95-931a-4af90ecb574d	45.354978	-75.673947	4.0						2024-09-22T11:30:59	22	9	2024	2536938	2536938	HUMAN_OBSERVATION	iNaturalist	Observations	243482329		William Van Hemessen	2024-09-23T00:28:51	CC_BY_NC_4_0	William Van Hemessen	William Van Hemessen			2025-01-14T12:53:52.056Z	StillImage	COORDINATE_ROUNDED;CONTINENT_DERIVED_FROM_COORDINATES;TAXON_MATCH_TAXON_ID_IGNORED
4936244000	50c9509d-22c7-4a22-a47d-8c48425ef4a7	https://www.inaturalist.org/observations/237922705	Fungi	Basidiomycota	Agaricomycetes	Agaricales	Physalacriaceae	Physalacria	Physalacria inflata		SPECIES	Physalacria inflata (Fr.) Peck	Physalacria inflata		CA		Ontario	PRESENT		28eb1a3f-1c15-4a95-931a-4af90ecb574d	45.173173	-76.260385							2024-08-25T13:08	25	8	2024	2536938	2536938	HUMAN_OBSERVATION	iNaturalist	Observations	237922705		Igor Khomenko	2024-08-25T19:18:09	CC_BY_NC_4_0	Igor Khomenko	Igor Khomenko			2025-01-14T13:42:35.101Z	StillImage	COORDINATE_ROUNDED;CONTINENT_DERIVED_FROM_COORDINATES;TAXON_MATCH_TAXON_ID_IGNORED
4936039010	50c9509d-22c7-4a22-a47d-8c48425ef4a7	https://www.inaturalist.org/observations/238331511	Fungi	Basidiomycota	Agaricomycetes	Agaricales	Physalacriaceae	Physalacria	Physalacria inflata		SPECIES	Physalacria inflata (Fr.) Peck	Physalacria inflata		CA		Ontario	PRESENT		28eb1a3f-1c15-4a95-931a-4af90ecb574d	45.56313	-75.274568	15.0						2024-08-27T14:44	27	8	2024	2536938	2536938	HUMAN_OBSERVATION	iNaturalist	Observations	238331511		jonathan_mack	2024-08-27T23:24:52	CC_BY_NC_4_0	jonathan_mack	jonathan_mack			2025-01-14T13:40:19.141Z	StillImage	COORDINATE_ROUNDED;CONTINENT_DERIVED_FROM_COORDINATES;TAXON_MATCH_TAXON_ID_IGNORED
4936013928	50c9509d-22c7-4a22-a47d-8c48425ef4a7	https://www.inaturalist.org/observations/238886465	Fungi	Basidiomycota	Agaricomycetes	Agaricales	Physalacriaceae	Physalacria	Physalacria inflata		SPECIES	Physalacria inflata (Fr.) Peck	Physalacria inflata		CA		Québec	PRESENT		28eb1a3f-1c15-4a95-931a-4af90ecb574d	47.010171	-71.346754							2024-08-30T10:44:10	30	8	2024	2536938	2536938	HUMAN_OBSERVATION	iNaturalist	Observations	238886465		egrenier	2024-08-31T02:06:34	CC_BY_NC_4_0	egrenier	egrenier			2025-01-14T12:53:46.977Z	StillImage	COORDINATE_ROUNDED;CONTINENT_DERIVED_FROM_COORDINATES;TAXON_MATCH_TAXON_ID_IGNORED
4926140730	50c9509d-22c7-4a22-a47d-8c48425ef4a7	https://www.inaturalist.org/observations/236614684	Fungi	Basidiomycota	Agaricomycetes	Agaricales	Physalacriaceae	Physalacria	Physalacria inflata		SPECIES	Physalacria inflata (Fr.) Peck	Physalacria inflata		CA		Ontario	PRESENT		28eb1a3f-1c15-4a95-931a-4af90ecb574d	45.440899	-75.574707	15.0						2024-08-18T14:17	18	8	2024	2536938	2536938	HUMAN_OBSERVATION	iNaturalist	Observations	236614684		jonathan_mack	2024-08-18T22:38:36	CC_BY_NC_4_0	jonathan_mack	jonathan_mack			2025-01-14T13:42:52.706Z	StillImage	COORDINATE_ROUNDED;CONTINENT_DERIVED_FROM_COORDINATES;TAXON_MATCH_TAXON_ID_IGNORED
4924081407	50c9509d-22c7-4a22-a47d-8c48425ef4a7	https://www.inaturalist.org/observations/234782521	Fungi	Basidiomycota	Agaricomycetes	Agaricales	Physalacriaceae	Physalacria	Physalacria inflata		SPECIES	Physalacria inflata (Fr.) Peck	Physalacria inflata		CA		Québec	PRESENT		28eb1a3f-1c15-4a95-931a-4af90ecb574d	45.872811	-76.4339	501.0						2024-08-06T10:28	6	8	2024	2536938	2536938	HUMAN_OBSERVATION	iNaturalist	Observations	234782521		L Joan Heyding	2024-08-09T23:45:53	CC_BY_NC_4_0	L Joan Heyding	L Joan Heyding			2025-01-14T13:42:18.929Z	StillImage	COORDINATE_ROUNDED;CONTINENT_DERIVED_FROM_COORDINATES;TAXON_MATCH_TAXON_ID_IGNORED
4923946646	50c9509d-22c7-4a22-a47d-8c48425ef4a7	https://www.inaturalist.org/observations/234926839	Fungi	Basidiomycota	Agaricomycetes	Agaricales	Physalacriaceae	Physalacria	Physalacria inflata		SPECIES	Physalacria inflata (Fr.) Peck	Physalacria inflata		CA		Québec	PRESENT		28eb1a3f-1c15-4a95-931a-4af90ecb574d	45.420707	-75.837122							2024-08-10T11:50	10	8	2024	2536938	2536938	HUMAN_OBSERVATION	iNaturalist	Observations	234926839		Igor Khomenko	2024-08-10T17:58:49	CC_BY_NC_4_0	Igor Khomenko	Igor Khomenko			2025-01-14T12:52:18.358Z	StillImage	COORDINATE_ROUNDED;CONTINENT_DERIVED_FROM_COORDINATES;TAXON_MATCH_TAXON_ID_IGNORED
4923590534	50c9509d-22c7-4a22-a47d-8c48425ef4a7	https://www.inaturalist.org/observations/235007296	Fungi	Basidiomycota	Agaricomycetes	Agaricales	Physalacriaceae	Physalacria	Physalacria inflata		SPECIES	Physalacria inflata (Fr.) Peck	Physalacria inflata		CA		Québec	PRESENT		28eb1a3f-1c15-4a95-931a-4af90ecb574d	45.424904	-75.830372	391.0						2024-08-10T10:57	10	8	2024	2536938	2536938	HUMAN_OBSERVATION	iNaturalist	Observations	235007296		L Joan Heyding	2024-08-11T01:01:02	CC_BY_NC_4_0	L Joan Heyding	L Joan Heyding			2025-01-14T13:42:43.217Z	StillImage	COORDINATE_ROUNDED;CONTINENT_DERIVED_FROM_COORDINATES;TAXON_MATCH_TAXON_ID_IGNORED
4910791258	50c9509d-22c7-4a22-a47d-8c48425ef4a7	https://www.inaturalist.org/observations/230207839	Fungi	Basidiomycota	Agaricomycetes	Agaricales	Physalacriaceae	Physalacria	Physalacria inflata		SPECIES	Physalacria inflata (Fr.) Peck	Physalacria inflata		CA		Ontario	PRESENT		28eb1a3f-1c15-4a95-931a-4af90ecb574d	45.452575	-78.380066	3318.0						2024-07-14T12:03	14	7	2024	2536938	2536938	HUMAN_OBSERVATION	iNaturalist	Observations	230207839		L Joan Heyding	2024-07-19T01:02:39	CC_BY_NC_4_0	L Joan Heyding	L Joan Heyding			2025-01-14T13:42:51.460Z	StillImage	COORDINATE_ROUNDED;CONTINENT_DERIVED_FROM_COORDINATES;TAXON_MATCH_TAXON_ID_IGNORED
4909025489	50c9509d-22c7-4a22-a47d-8c48425ef4a7	https://www.inaturalist.org/observations/229377277	Fungi	Basidiomycota	Agaricomycetes	Agaricales	Physalacriaceae	Physalacria	Physalacria inflata		SPECIES	Physalacria inflata (Fr.) Peck	Physalacria inflata		CA		Québec	PRESENT		28eb1a3f-1c15-4a95-931a-4af90ecb574d	45.508332	-75.796817	72.0						2024-07-13T15:57	13	7	2024	2536938	2536938	HUMAN_OBSERVATION	iNaturalist	Observations	229377277		jonathan_mack	2024-07-14T22:53:26	CC_BY_NC_4_0	jonathan_mack	jonathan_mack			2025-01-14T13:45:50.534Z	StillImage	COORDINATE_ROUNDED;CONTINENT_DERIVED_FROM_COORDINATES;TAXON_MATCH_TAXON_ID_IGNORED
4908591197	50c9509d-22c7-4a22-a47d-8c48425ef4a7	https://www.inaturalist.org/observations/229975464	Fungi	Basidiomycota	Agaricomycetes	Agaricales	Physalacriaceae	Physalacria	Physalacria inflata		SPECIES	Physalacria inflata (Fr.) Peck	Physalacria inflata		CA		Ontario	PRESENT		28eb1a3f-1c15-4a95-931a-4af90ecb574d	45.36814	-75.795168	8.0						2024-07-16T09:47	16	7	2024	2536938	2536938	HUMAN_OBSERVATION	iNaturalist	Observations	229975464		Deborah Mosher	2024-07-17T21:11:49	CC_BY_NC_4_0	Deborah Mosher	Deborah Mosher			2025-01-14T12:49:39.432Z	StillImage	COORDINATE_ROUNDED;CONTINENT_DERIVED_FROM_COORDINATES;TAXON_MATCH_TAXON_ID_IGNORED
4510315042	50c9509d-22c7-4a22-a47d-8c48425ef4a7	https://www.inaturalist.org/observations/174385734	Fungi	Basidiomycota	Agaricomycetes	Agaricales	Physalacriaceae	Physalacria	Physalacria inflata		SPECIES	Physalacria inflata (Fr.) Peck	Physalacria inflata		CA		Ontario	PRESENT		28eb1a3f-1c15-4a95-931a-4af90ecb574d	45.234791	-76.208254	463.0						2023-07-22	22	7	2023	2536938	2536938	HUMAN_OBSERVATION	iNaturalist	Observations	174385734		Igor Khomenko	2023-07-23T00:41:39	CC_BY_NC_4_0	Igor Khomenko	Igor Khomenko			2025-01-14T13:41:03.426Z	StillImage	CONTINENT_DERIVED_FROM_COORDINATES;TAXON_MATCH_TAXON_ID_IGNORED
4510297164	50c9509d-22c7-4a22-a47d-8c48425ef4a7	https://www.inaturalist.org/observations/179977277	Fungi	Basidiomycota	Agaricomycetes	Agaricales	Physalacriaceae	Physalacria	Physalacria inflata		SPECIES	Physalacria inflata (Fr.) Peck	Physalacria inflata		CA		New Brunswick	PRESENT		28eb1a3f-1c15-4a95-931a-4af90ecb574d	45.956658	-66.663562	24.0						2023-08-24T11:11:24	24	8	2023	2536938	2536938	HUMAN_OBSERVATION	iNaturalist	Observations	179977277		noppoly	2023-08-24T14:59:23	CC_BY_NC_4_0	noppoly	noppoly			2025-01-14T12:43:12.860Z	StillImage	COORDINATE_ROUNDED;CONTINENT_DERIVED_FROM_COORDINATES;TAXON_MATCH_TAXON_ID_IGNORED
4510289042	50c9509d-22c7-4a22-a47d-8c48425ef4a7	https://www.inaturalist.org/observations/175661259	Fungi	Basidiomycota	Agaricomycetes	Agaricales	Physalacriaceae	Physalacria	Physalacria inflata		SPECIES	Physalacria inflata (Fr.) Peck	Physalacria inflata		CA		Québec	PRESENT		28eb1a3f-1c15-4a95-931a-4af90ecb574d	45.490119	-75.623935	416.0						2023-07-29T11:03	29	7	2023	2536938	2536938	HUMAN_OBSERVATION	iNaturalist	Observations	175661259		L Joan Heyding	2023-07-30T03:05:11	CC_BY_NC_4_0	L Joan Heyding	L Joan Heyding			2025-01-14T12:38:29.695Z	StillImage	COORDINATE_ROUNDED;CONTINENT_DERIVED_FROM_COORDINATES;TAXON_MATCH_TAXON_ID_IGNORED
4510281046	50c9509d-22c7-4a22-a47d-8c48425ef4a7	https://www.inaturalist.org/observations/175874865	Fungi	Basidiomycota	Agaricomycetes	Agaricales	Physalacriaceae	Physalacria	Physalacria inflata		SPECIES	Physalacria inflata (Fr.) Peck	Physalacria inflata		CA		Ontario	PRESENT		28eb1a3f-1c15-4a95-931a-4af90ecb574d	45.434525	-76.369072	4.0						2023-07-30T19:22:01	30	7	2023	2536938	2536938	HUMAN_OBSERVATION	iNaturalist	Observations	175874865		Cerys_just_Cerys	2023-07-31T03:34:57	CC_BY_NC_4_0	Cerys_just_Cerys	Cerys_just_Cerys			2025-01-14T12:37:10.127Z	StillImage	COORDINATE_ROUNDED;CONTINENT_DERIVED_FROM_COORDINATES;TAXON_MATCH_TAXON_ID_IGNORED
4510054050	50c9509d-22c7-4a22-a47d-8c48425ef4a7	https://www.inaturalist.org/observations/176360931	Fungi	Basidiomycota	Agaricomycetes	Agaricales	Physalacriaceae	Physalacria	Physalacria inflata		SPECIES	Physalacria inflata (Fr.) Peck	Physalacria inflata		CA		Ontario	PRESENT		28eb1a3f-1c15-4a95-931a-4af90ecb574d	45.10579	-74.621891	27222.0						2023-08-02T19:57:09	2	8	2023	2536938	2536938	HUMAN_OBSERVATION	iNaturalist	Observations	176360931		Lissa Deslandes	2023-08-03T00:28:06	CC_BY_NC_4_0	Lissa Deslandes	Lissa Deslandes			2025-01-14T13:31:51.436Z	StillImage	COORDINATE_ROUNDED;CONTINENT_DERIVED_FROM_COORDINATES;TAXON_MATCH_TAXON_ID_IGNORED
4510015114	50c9509d-22c7-4a22-a47d-8c48425ef4a7	https://www.inaturalist.org/observations/177264924	Fungi	Basidiomycota	Agaricomycetes	Agaricales	Physalacriaceae	Physalacria	Physalacria inflata		SPECIES	Physalacria inflata (Fr.) Peck	Physalacria inflata		CA		Québec	PRESENT		28eb1a3f-1c15-4a95-931a-4af90ecb574d	45.819707	-75.36706	977.0						2023-08-05T10:42	5	8	2023	2536938	2536938	HUMAN_OBSERVATION	iNaturalist	Observations	177264924		louiseag	2023-08-08T00:02:24	CC_BY_NC_4_0	louiseag	louiseag			2025-01-14T13:31:55.456Z	StillImage	COORDINATE_ROUNDED;CONTINENT_DERIVED_FROM_COORDINATES;TAXON_MATCH_TAXON_ID_IGNORED
4440647030	50c9509d-22c7-4a22-a47d-8c48425ef4a7	https://www.inaturalist.org/observations/182278162	Fungi	Basidiomycota	Agaricomycetes	Agaricales	Physalacriaceae	Physalacria	Physalacria inflata		SPECIES	Physalacria inflata (Fr.) Peck	Physalacria inflata		CA		Ontario	PRESENT		28eb1a3f-1c15-4a95-931a-4af90ecb574d	45.469362	-78.801928	4.0						2023-09-07T16:45:41	7	9	2023	2536938	2536938	HUMAN_OBSERVATION	iNaturalist	Observations	182278162		Dawn Sherman	2023-09-08T03:37:56	CC_BY_NC_4_0	Dawn Sherman	Dawn Sherman			2025-01-14T12:41:57.543Z	StillImage	COORDINATE_ROUNDED;CONTINENT_DERIVED_FROM_COORDINATES;TAXON_MATCH_TAXON_ID_IGNORED
4407074640	50c9509d-22c7-4a22-a47d-8c48425ef4a7	https://www.inaturalist.org/observations/180849689	Fungi	Basidiomycota	Agaricomycetes	Agaricales	Physalacriaceae	Physalacria	Physalacria inflata		SPECIES	Physalacria inflata (Fr.) Peck	Physalacria inflata		CA		Ontario	PRESENT		28eb1a3f-1c15-4a95-931a-4af90ecb574d	45.437434	-76.028151	154.0						2023-08-23T10:22	23	8	2023	2536938	2536938	HUMAN_OBSERVATION	iNaturalist	Observations	180849689		L Joan Heyding	2023-08-30T00:22:38	CC_BY_NC_4_0	L Joan Heyding	L Joan Heyding			2025-01-14T13:29:20.739Z	StillImage	COORDINATE_ROUNDED;CONTINENT_DERIVED_FROM_COORDINATES;TAXON_MATCH_TAXON_ID_IGNORED
4405300485	50c9509d-22c7-4a22-a47d-8c48425ef4a7	https://www.inaturalist.org/observations/179460639	Fungi	Basidiomycota	Agaricomycetes	Agaricales	Physalacriaceae	Physalacria	Physalacria inflata		SPECIES	Physalacria inflata (Fr.) Peck	Physalacria inflata		CA		Québec	PRESENT		28eb1a3f-1c15-4a95-931a-4af90ecb574d	45.423012	-75.817203	61.0						2023-08-20T14:31	20	8	2023	2536938	2536938	HUMAN_OBSERVATION	iNaturalist	Observations	179460639		jonathan_mack	2023-08-21T02:02:27	CC_BY_NC_4_0	jonathan_mack	jonathan_mack			2025-01-14T13:32:29.960Z	StillImage	COORDINATE_ROUNDED;CONTINENT_DERIVED_FROM_COORDINATES;TAXON_MATCH_TAXON_ID_IGNORED
4405143958	50c9509d-22c7-4a22-a47d-8c48425ef4a7	https://www.inaturalist.org/observations/179869034	Fungi	Basidiomycota	Agaricomycetes	Agaricales	Physalacriaceae	Physalacria	Physalacria inflata		SPECIES	Physalacria inflata (Fr.) Peck	Physalacria inflata		CA		Ontario	PRESENT		28eb1a3f-1c15-4a95-931a-4af90ecb574d	45.438255	-76.026332							2023-08-23T10:02	23	8	2023	2536938	2536938	HUMAN_OBSERVATION	iNaturalist	Observations	179869034		Igor Khomenko	2023-08-23T19:18:45	CC_BY_NC_4_0	Igor Khomenko	Igor Khomenko			2025-01-14T13:26:46.256Z	StillImage	COORDINATE_ROUNDED;CONTINENT_DERIVED_FROM_COORDINATES;TAXON_MATCH_TAXON_ID_IGNORED
4405125990	50c9509d-22c7-4a22-a47d-8c48425ef4a7	https://www.inaturalist.org/observations/179768354	Fungi	Basidiomycota	Agaricomycetes	Agaricales	Physalacriaceae	Physalacria	Physalacria inflata		SPECIES	Physalacria inflata (Fr.) Peck	Physalacria inflata		CA		Ontario	PRESENT		28eb1a3f-1c15-4a95-931a-4af90ecb574d	45.457553	-75.46747	12.0						2023-08-22T18:30	22	8	2023	2536938	2536938	HUMAN_OBSERVATION	iNaturalist	Observations	179768354		jonathan_mack	2023-08-23T01:36:50	CC_BY_NC_4_0	jonathan_mack	jonathan_mack			2025-01-14T12:38:51.639Z	StillImage	COORDINATE_ROUNDED;CONTINENT_DERIVED_FROM_COORDINATES;TAXON_MATCH_TAXON_ID_IGNORED
4400299173	50c9509d-22c7-4a22-a47d-8c48425ef4a7	https://www.inaturalist.org/observations/179415324	Fungi	Basidiomycota	Agaricomycetes	Agaricales	Physalacriaceae	Physalacria	Physalacria inflata		SPECIES	Physalacria inflata (Fr.) Peck	Physalacria inflata		CA		Ontario	PRESENT		28eb1a3f-1c15-4a95-931a-4af90ecb574d	45.148359	-76.244316	244.0						2023-08-20T11:11	20	8	2023	2536938	2536938	HUMAN_OBSERVATION	iNaturalist	Observations	179415324		Igor Khomenko	2023-08-20T20:52:20	CC_BY_NC_4_0	Igor Khomenko	Igor Khomenko			2025-01-14T13:32:27.316Z	StillImage	COORDINATE_ROUNDED;CONTINENT_DERIVED_FROM_COORDINATES;TAXON_MATCH_TAXON_ID_IGNORED
4177327803	50c9509d-22c7-4a22-a47d-8c48425ef4a7	https://www.inaturalist.org/observations/178051373	Fungi	Basidiomycota	Agaricomycetes	Agaricales	Physalacriaceae	Physalacria	Physalacria inflata		SPECIES	Physalacria inflata (Fr.) Peck	Physalacria inflata		CA		Québec	PRESENT		28eb1a3f-1c15-4a95-931a-4af90ecb574d	45.421667	-75.833329	324.0						2023-08-12T09:49	12	8	2023	2536938	2536938	HUMAN_OBSERVATION	iNaturalist	Observations	178051373		Igor Khomenko	2023-08-12T19:57:34	CC_BY_NC_4_0	Igor Khomenko	Igor Khomenko			2025-01-14T13:32:21.489Z	StillImage	COORDINATE_ROUNDED;CONTINENT_DERIVED_FROM_COORDINATES;TAXON_MATCH_TAXON_ID_IGNORED
4171902668	50c9509d-22c7-4a22-a47d-8c48425ef4a7	https://www.inaturalist.org/observations/175634450	Fungi	Basidiomycota	Agaricomycetes	Agaricales	Physalacriaceae	Physalacria	Physalacria inflata		SPECIES	Physalacria inflata (Fr.) Peck	Physalacria inflata		CA		Québec	PRESENT		28eb1a3f-1c15-4a95-931a-4af90ecb574d	45.490155	-75.626708							2023-07-29T11:58	29	7	2023	2536938	2536938	HUMAN_OBSERVATION	iNaturalist	Observations	175634450		jonathan_mack	2023-07-29T23:29:20	CC_BY_NC_4_0	jonathan_mack	jonathan_mack			2025-01-14T13:32:13.305Z	StillImage	COORDINATE_ROUNDED;CONTINENT_DERIVED_FROM_COORDINATES;TAXON_MATCH_TAXON_ID_IGNORED
4166358320	695cef75-b65f-4776-b2ed-74565eebb16e	02-01000929078	Fungi	Basidiomycota	Agaricomycetes	Agaricales	Physalacriaceae	Physalacria	Physalacria inflata		SPECIES	Physalacria inflata (Fr.) Peck	Physalacria inflata	(Fr.) Peck	CA	Forêt Larose	Ontario	PRESENT		055bd978-2daa-4543-b3f0-44e0e87e86ca	45.541542	-75.244189							2008-08-10	10	8	2008	2536938	2536938	PRESERVED_SPECIMEN	AAFC	DAOM	240104		Y. Dalpé		CC_BY_4_0	©His Majesty the King in Right of Canada, as represented by the Minister of Agriculture and Agri-Food	Y. Dalpé (YD 4761)			2025-01-12T05:11:15.814Z		GEODETIC_DATUM_ASSUMED_WGS84;CONTINENT_DERIVED_FROM_COORDINATES;TAXON_MATCH_TAXON_ID_IGNORED;INSTITUTION_MATCH_FUZZY
4166356326	695cef75-b65f-4776-b2ed-74565eebb16e	02-01000929079	Fungi	Basidiomycota	Agaricomycetes	Agaricales	Physalacriaceae	Physalacria	Physalacria inflata		SPECIES	Physalacria inflata (Fr.) Peck	Physalacria inflata	(Fr.) Peck	CA	Parc de la Gatineau, Ch. Notch	Quebec	PRESENT		055bd978-2daa-4543-b3f0-44e0e87e86ca	45.473819	-76.822106							2008-08-10	10	8	2008	2536938	2536938	PRESERVED_SPECIMEN	AAFC	DAOM	240099		Y. Dalpé		CC_BY_4_0	©His Majesty the King in Right of Canada, as represented by the Minister of Agriculture and Agri-Food	Y. Dalpé (YD 4767)			2025-01-12T05:11:15.667Z		GEODETIC_DATUM_ASSUMED_WGS84;CONTINENT_DERIVED_FROM_COORDINATES;TAXON_MATCH_TAXON_ID_IGNORED;INSTITUTION_MATCH_FUZZY
4166314756	695cef75-b65f-4776-b2ed-74565eebb16e	02-01000711174	Fungi	Basidiomycota	Agaricomycetes	Agaricales	Physalacriaceae	Physalacria	Physalacria inflata		SPECIES	Physalacria inflata (Fr.) Peck	Physalacria inflata	(Fr.) Peck	CA	Ch. Notch et Montagne	Quebec	PRESENT		055bd978-2daa-4543-b3f0-44e0e87e86ca	45.467417	-75.818903							2013-08-11	11	8	2013	2536938	2536938	PRESERVED_SPECIMEN	AAFC	DAOM	242715		Y. Dalpé		CC_BY_4_0	©His Majesty the King in Right of Canada, as represented by the Minister of Agriculture and Agri-Food	Y. Dalpé 4965			2025-01-12T05:11:16.440Z		GEODETIC_DATUM_ASSUMED_WGS84;CONTINENT_DERIVED_FROM_COORDINATES;TAXON_MATCH_TAXON_ID_IGNORED;INSTITUTION_MATCH_FUZZY
4165414923	50c9509d-22c7-4a22-a47d-8c48425ef4a7	https://www.inaturalist.org/observations/173842196	Fungi	Basidiomycota	Agaricomycetes	Agaricales	Physalacriaceae	Physalacria	Physalacria inflata		SPECIES	Physalacria inflata (Fr.) Peck	Physalacria inflata		CA		Québec	PRESENT		28eb1a3f-1c15-4a95-931a-4af90ecb574d	45.832151	-76.470868	27095.0						2023-07-08T10:43	8	7	2023	2536938	2536938	HUMAN_OBSERVATION	iNaturalist	Observations	173842196		L Joan Heyding	2023-07-19T22:02:55	CC_BY_NC_4_0	L Joan Heyding	L Joan Heyding			2025-01-14T13:32:07.112Z	StillImage	COORDINATE_ROUNDED;CONTINENT_DERIVED_FROM_COORDINATES;TAXON_MATCH_TAXON_ID_IGNORED
4165390205	50c9509d-22c7-4a22-a47d-8c48425ef4a7	https://www.inaturalist.org/observations/174396438	Fungi	Basidiomycota	Agaricomycetes	Agaricales	Physalacriaceae	Physalacria	Physalacria inflata		SPECIES	Physalacria inflata (Fr.) Peck	Physalacria inflata		CA		Ontario	PRESENT		28eb1a3f-1c15-4a95-931a-4af90ecb574d	45.563323	-75.272633	32.0						2023-07-22T14:06	22	7	2023	2536938	2536938	HUMAN_OBSERVATION	iNaturalist	Observations	174396438		jonathan_mack	2023-07-23T01:53:39	CC_BY_NC_4_0	jonathan_mack	jonathan_mack			2025-01-14T13:28:04.547Z	StillImage	COORDINATE_ROUNDED;CONTINENT_DERIVED_FROM_COORDINATES;TAXON_MATCH_TAXON_ID_IGNORED
4133792371	50c9509d-22c7-4a22-a47d-8c48425ef4a7	https://www.inaturalist.org/observations/96166825	Fungi	Basidiomycota	Agaricomycetes	Agaricales	Physalacriaceae	Physalacria	Physalacria inflata		SPECIES	Physalacria inflata (Fr.) Peck	Physalacria inflata		CA		Ontario	PRESENT		28eb1a3f-1c15-4a95-931a-4af90ecb574d	45.429045	-75.629354	2.0						2021-09-25T14:55	25	9	2021	2536938	2536938	HUMAN_OBSERVATION	iNaturalist	Observations	96166825		amanitamozart	2023-06-01T20:11:55	CC_BY_NC_4_0	David Thomas Glover	David Thomas Glover			2025-01-14T12:22:39.578Z	StillImage	COORDINATE_ROUNDED;CONTINENT_DERIVED_FROM_COORDINATES;TAXON_MATCH_TAXON_ID_IGNORED
4129839426	50c9509d-22c7-4a22-a47d-8c48425ef4a7	https://www.inaturalist.org/observations/134654424	Fungi	Basidiomycota	Agaricomycetes	Agaricales	Physalacriaceae	Physalacria	Physalacria inflata		SPECIES	Physalacria inflata (Fr.) Peck	Physalacria inflata		CA		Ontario	PRESENT		28eb1a3f-1c15-4a95-931a-4af90ecb574d	45.266888	-75.797943							2022-09-11T15:52:10	11	9	2022	2536938	2536938	HUMAN_OBSERVATION	iNaturalist	Observations	134654424		Alexis Williams	2022-09-11T22:39:53	CC_BY_4_0	Alexis Williams	Alexis Williams			2025-01-14T13:19:52.708Z	StillImage	COORDINATE_ROUNDED;CONTINENT_DERIVED_FROM_COORDINATES;TAXON_MATCH_TAXON_ID_IGNORED
4129805352	50c9509d-22c7-4a22-a47d-8c48425ef4a7	https://www.inaturalist.org/observations/141807302	Fungi	Basidiomycota	Agaricomycetes	Agaricales	Physalacriaceae	Physalacria	Physalacria inflata		SPECIES	Physalacria inflata (Fr.) Peck	Physalacria inflata		CA		Québec	PRESENT		28eb1a3f-1c15-4a95-931a-4af90ecb574d	45.569542	-75.960536	9186.0						2022-10-10T13:37:37	10	10	2022	2536938	2536938	HUMAN_OBSERVATION	iNaturalist	Observations	141807302		mackenziemihorean	2022-11-15T17:36:52	CC_BY_NC_4_0	mackenziemihorean	mackenziemihorean			2025-01-14T13:26:25.475Z	StillImage	COORDINATE_ROUNDED;CONTINENT_DERIVED_FROM_COORDINATES;TAXON_MATCH_TAXON_ID_IGNORED
4129794319	50c9509d-22c7-4a22-a47d-8c48425ef4a7	https://www.inaturalist.org/observations/31133119	Fungi	Basidiomycota	Agaricomycetes	Agaricales	Physalacriaceae	Physalacria	Physalacria inflata		SPECIES	Physalacria inflata (Fr.) Peck	Physalacria inflata		CA		Ontario	PRESENT		28eb1a3f-1c15-4a95-931a-4af90ecb574d	45.388431	-75.535417	16.0						2019-08-19T11:54	19	8	2019	2536938	2536938	HUMAN_OBSERVATION	iNaturalist	Observations	31133119		Igor Khomenko	2019-08-19T18:56:26	CC_BY_NC_4_0	Igor Khomenko	Igor Khomenko			2025-01-14T12:08:52.985Z	StillImage	COORDINATE_ROUNDED;CONTINENT_DERIVED_FROM_COORDINATES;TAXON_MATCH_TAXON_ID_IGNORED
4129784444	50c9509d-22c7-4a22-a47d-8c48425ef4a7	https://www.inaturalist.org/observations/144354824	Fungi	Basidiomycota	Agaricomycetes	Agaricales	Physalacriaceae	Physalacria	Physalacria inflata		SPECIES	Physalacria inflata (Fr.) Peck	Physalacria inflata		CA		Ontario	PRESENT		28eb1a3f-1c15-4a95-931a-4af90ecb574d	45.030803	-75.656884	283.0						2022-09-11T13:17:57	11	9	2022	2536938	2536938	HUMAN_OBSERVATION	iNaturalist	Observations	144354824		Seabrooke Leckie	2022-12-14T12:07:35	CC_BY_NC_4_0	Seabrooke Leckie	Seabrooke Leckie			2025-01-14T13:22:36.280Z	StillImage	COORDINATE_ROUNDED;CONTINENT_DERIVED_FROM_COORDINATES;TAXON_MATCH_TAXON_ID_IGNORED
4129714313	50c9509d-22c7-4a22-a47d-8c48425ef4a7	https://www.inaturalist.org/observations/31784812	Fungi	Basidiomycota	Agaricomycetes	Agaricales	Physalacriaceae	Physalacria	Physalacria inflata		SPECIES	Physalacria inflata (Fr.) Peck	Physalacria inflata		CA		Ontario	PRESENT		28eb1a3f-1c15-4a95-931a-4af90ecb574d	45.403265	-75.558954	104.0						2019-08-29T12:32	29	8	2019	2536938	2536938	HUMAN_OBSERVATION	iNaturalist	Observations	31784812		Igor Khomenko	2019-08-30T13:08:36	CC_BY_NC_4_0	Igor Khomenko	Igor Khomenko			2025-01-14T12:09:35.938Z	StillImage	COORDINATE_ROUNDED;CONTINENT_DERIVED_FROM_COORDINATES;TAXON_MATCH_TAXON_ID_IGNORED
4104538701	5a6538b8-e35c-46c4-8978-6858a657a75f	7f9b3f11-0dbc-4481-8d7b-329a42c5138d	Fungi	Basidiomycota	Agaricomycetes	Agaricales	Physalacriaceae	Physalacria	Physalacria inflata		SPECIES	Physalacria inflata (Fr.) Peck	Physalacria inflata	(Fr.) Peck	CA	Duchesnay Forest Ranger School	Quebec	PRESENT		a26dde42-dd82-4d07-a763-353ab27fc02c	49.166667	-65.916667							1938-08-26	26	8	1938	2536938	2536938	PRESERVED_SPECIMEN	CUP		CUP-027833		H. H. Whetzel		CC0_1_0		H. H. Whetzel			2025-01-15T04:26:04.059Z	StillImage	GEODETIC_DATUM_ASSUMED_WGS84;CONTINENT_DERIVED_FROM_COORDINATES;TAXON_MATCH_TAXON_ID_IGNORED;COLLECTION_MATCH_NONE;INSTITUTION_MATCH_FUZZY
4099496810	d1a3b128-b406-46bb-a6d1-f3591dcc8a7b	0a7760ba-559b-4215-8e00-aec093b5e6ef	Fungi	Basidiomycota	Agaricomycetes	Agaricales	Physalacriaceae	Physalacria	Physalacria inflata		SPECIES	Physalacria inflata (Fr.) Peck	Physalacria inflata	(Fr.) Peck	CA	Duchesnay	Quebec	PRESENT		e43cf4b8-849e-4fac-b075-e652d019d2cf	49.166667	-65.916667	301.0						1938-08-25	25	8	1938	2536938	2536938	PRESERVED_SPECIMEN	BPI		BPI 296337		Shear C. L.		CC0_1_0		Shear C. L.			2025-01-15T04:59:26.739Z		GEODETIC_DATUM_ASSUMED_WGS84;CONTINENT_DERIVED_FROM_COORDINATES;TAXON_MATCH_TAXON_ID_IGNORED;INSTITUTION_MATCH_FUZZY
3965614361	0ec61c42-6eda-441e-b327-7ec241c8ec95	2bc745b1-c49c-4d37-ad4e-f4386392eb54	Fungi	Basidiomycota	Agaricomycetes	Agaricales	Physalacriaceae	Physalacria	Physalacria inflata		SPECIES	Physalacria inflata (Fr.) Peck	Physalacria inflata	(Fr.) Peck	CA	McCloskey Road above Meach Lake, Gatineau Park	Quebec	PRESENT		00ff478a-9da6-4c8d-b60d-43ee8c88cd1f	45.566667	-75.95							1959-09-01	1	9	1959	2536938	2536938	PRESERVED_SPECIMEN	WSP	WSP	WSP48979				CC_BY_4_0		W.B. Cooke; V.G. Cooke			2025-01-15T08:28:23.908Z		COORDINATE_ROUNDED;GEODETIC_DATUM_ASSUMED_WGS84;CONTINENT_DERIVED_FROM_COORDINATES;TAXON_MATCH_TAXON_ID_IGNORED;AMBIGUOUS_COLLECTION;INSTITUTION_MATCH_FUZZY
3925175601	50c9509d-22c7-4a22-a47d-8c48425ef4a7	https://www.inaturalist.org/observations/131596383	Fungi	Basidiomycota	Agaricomycetes	Agaricales	Physalacriaceae	Physalacria	Physalacria inflata		SPECIES	Physalacria inflata (Fr.) Peck	Physalacria inflata		CA		Québec	PRESENT		28eb1a3f-1c15-4a95-931a-4af90ecb574d	46.529301	-72.761277	86.0						2022-08-20T12:01:53	20	8	2022	2536938	2536938	HUMAN_OBSERVATION	iNaturalist	Observations	131596383		willoughbyarevalo	2022-08-20T16:02:31	CC_BY_NC_4_0	willoughbyarevalo	willoughbyarevalo			2025-01-14T12:32:52.561Z	StillImage	COORDINATE_ROUNDED;CONTINENT_DERIVED_FROM_COORDINATES;TAXON_MATCH_TAXON_ID_IGNORED
3923254691	50c9509d-22c7-4a22-a47d-8c48425ef4a7	https://www.inaturalist.org/observations/136466723	Fungi	Basidiomycota	Agaricomycetes	Agaricales	Physalacriaceae	Physalacria	Physalacria inflata		SPECIES	Physalacria inflata (Fr.) Peck	Physalacria inflata		CA		Ontario	PRESENT		28eb1a3f-1c15-4a95-931a-4af90ecb574d	45.515165	-75.341909	31.0						2022-09-24T12:07	24	9	2022	2536938	2536938	HUMAN_OBSERVATION	iNaturalist	Observations	136466723		jonathan_mack	2022-09-25T18:39:49	CC_BY_NC_4_0	jonathan_mack	jonathan_mack			2025-01-14T12:34:03.232Z	StillImage	COORDINATE_ROUNDED;CONTINENT_DERIVED_FROM_COORDINATES;TAXON_MATCH_TAXON_ID_IGNORED
3912134054	50c9509d-22c7-4a22-a47d-8c48425ef4a7	https://www.inaturalist.org/observations/135063992	Fungi	Basidiomycota	Agaricomycetes	Agaricales	Physalacriaceae	Physalacria	Physalacria inflata		SPECIES	Physalacria inflata (Fr.) Peck	Physalacria inflata		CA		Ontario	PRESENT		28eb1a3f-1c15-4a95-931a-4af90ecb574d	45.462183	-76.263197	183.0						2022-09-14T13:35	14	9	2022	2536938	2536938	HUMAN_OBSERVATION	iNaturalist	Observations	135063992		M. Squire	2022-09-15T01:00:51	CC0_1_0	M. Squire	M. Squire			2025-01-14T12:33:16.314Z	StillImage	COORDINATE_ROUNDED;CONTINENT_DERIVED_FROM_COORDINATES;TAXON_MATCH_TAXON_ID_IGNORED
3903254294	50c9509d-22c7-4a22-a47d-8c48425ef4a7	https://www.inaturalist.org/observations/132689847	Fungi	Basidiomycota	Agaricomycetes	Agaricales	Physalacriaceae	Physalacria	Physalacria inflata		SPECIES	Physalacria inflata (Fr.) Peck	Physalacria inflata		CA		Québec	PRESENT		28eb1a3f-1c15-4a95-931a-4af90ecb574d	45.418036	-75.836852	391.0						2022-08-27T13:35	27	8	2022	2536938	2536938	HUMAN_OBSERVATION	iNaturalist	Observations	132689847		L Joan Heyding	2022-08-28T21:09:27	CC_BY_NC_4_0	L Joan Heyding	L Joan Heyding			2025-01-14T13:25:10.010Z	StillImage	COORDINATE_ROUNDED;CONTINENT_DERIVED_FROM_COORDINATES;TAXON_MATCH_TAXON_ID_IGNORED
3902815619	50c9509d-22c7-4a22-a47d-8c48425ef4a7	https://www.inaturalist.org/observations/132567571	Fungi	Basidiomycota	Agaricomycetes	Agaricales	Physalacriaceae	Physalacria	Physalacria inflata		SPECIES	Physalacria inflata (Fr.) Peck	Physalacria inflata		CA		Québec	PRESENT		28eb1a3f-1c15-4a95-931a-4af90ecb574d	45.41932	-75.836817							2022-08-27T10:42	27	8	2022	2536938	2536938	HUMAN_OBSERVATION	iNaturalist	Observations	132567571		Igor Khomenko	2022-08-28T13:03:26	CC_BY_NC_4_0	Igor Khomenko	Igor Khomenko			2025-01-14T12:31:52.791Z	StillImage	COORDINATE_ROUNDED;CONTINENT_DERIVED_FROM_COORDINATES;TAXON_MATCH_TAXON_ID_IGNORED
3902474168	50c9509d-22c7-4a22-a47d-8c48425ef4a7	https://www.inaturalist.org/observations/132486308	Fungi	Basidiomycota	Agaricomycetes	Agaricales	Physalacriaceae	Physalacria	Physalacria inflata		SPECIES	Physalacria inflata (Fr.) Peck	Physalacria inflata		CA		Ontario	PRESENT		28eb1a3f-1c15-4a95-931a-4af90ecb574d	45.455779	-75.504733	7914.0						2022-08-26T19:20:20	26	8	2022	2536938	2536938	HUMAN_OBSERVATION	iNaturalist	Observations	132486308		a-tara-xy	2022-08-27T00:41:05	CC_BY_NC_4_0	a-tara-xy	a-tara-xy			2025-01-14T13:25:07.220Z	StillImage	COORDINATE_ROUNDED;CONTINENT_DERIVED_FROM_COORDINATES;TAXON_MATCH_TAXON_ID_IGNORED
3889037961	50c9509d-22c7-4a22-a47d-8c48425ef4a7	https://www.inaturalist.org/observations/129492671	Fungi	Basidiomycota	Agaricomycetes	Agaricales	Physalacriaceae	Physalacria	Physalacria inflata		SPECIES	Physalacria inflata (Fr.) Peck	Physalacria inflata		CA		Québec	PRESENT		28eb1a3f-1c15-4a95-931a-4af90ecb574d	45.924289	-76.446399	27095.0						2022-08-02T13:03	2	8	2022	2536938	2536938	HUMAN_OBSERVATION	iNaturalist	Observations	129492671		L Joan Heyding	2022-08-05T02:10:05	CC_BY_NC_4_0	L Joan Heyding	L Joan Heyding			2025-01-14T12:31:18.897Z	StillImage	COORDINATE_ROUNDED;CONTINENT_DERIVED_FROM_COORDINATES;TAXON_MATCH_TAXON_ID_IGNORED
3881453792	50c9509d-22c7-4a22-a47d-8c48425ef4a7	https://www.inaturalist.org/observations/128531140	Fungi	Basidiomycota	Agaricomycetes	Agaricales	Physalacriaceae	Physalacria	Physalacria inflata		SPECIES	Physalacria inflata (Fr.) Peck	Physalacria inflata		CA		Québec	PRESENT		28eb1a3f-1c15-4a95-931a-4af90ecb574d	45.419367	-75.835712							2022-07-29T12:15	29	7	2022	2536938	2536938	HUMAN_OBSERVATION	iNaturalist	Observations	128531140		jonathan_mack	2022-07-29T23:49:59	CC_BY_NC_4_0	jonathan_mack	jonathan_mack			2025-01-14T12:31:27.750Z	StillImage	COORDINATE_ROUNDED;CONTINENT_DERIVED_FROM_COORDINATES;TAXON_MATCH_TAXON_ID_IGNORED
3859782389	50c9509d-22c7-4a22-a47d-8c48425ef4a7	https://www.inaturalist.org/observations/122557157	Fungi	Basidiomycota	Agaricomycetes	Agaricales	Physalacriaceae	Physalacria	Physalacria inflata		SPECIES	Physalacria inflata (Fr.) Peck	Physalacria inflata		CA		Québec	PRESENT		28eb1a3f-1c15-4a95-931a-4af90ecb574d	45.562873	-75.888442							2022-06-19T15:03	19	6	2022	2536938	2536938	HUMAN_OBSERVATION	iNaturalist	Observations	122557157		Igor Khomenko	2022-06-19T22:02:42	CC_BY_NC_4_0	Igor Khomenko	Igor Khomenko			2025-01-14T12:30:23.263Z	StillImage	COORDINATE_ROUNDED;CONTINENT_DERIVED_FROM_COORDINATES;TAXON_MATCH_TAXON_ID_IGNORED
3399355602	50c9509d-22c7-4a22-a47d-8c48425ef4a7	https://www.inaturalist.org/observations/98842570	Fungi	Basidiomycota	Agaricomycetes	Agaricales	Physalacriaceae	Physalacria	Physalacria inflata		SPECIES	Physalacria inflata (Fr.) Peck	Physalacria inflata		CA		Québec	PRESENT		28eb1a3f-1c15-4a95-931a-4af90ecb574d	45.515715	-75.638161	27158.0						2021-10-20T12:35	20	10	2021	2536938	2536938	HUMAN_OBSERVATION	iNaturalist	Observations	98842570		L Joan Heyding	2021-10-21T00:45:26	CC_BY_NC_4_0	L Joan Heyding	L Joan Heyding			2025-01-14T12:22:50.545Z	StillImage	COORDINATE_ROUNDED;CONTINENT_DERIVED_FROM_COORDINATES;TAXON_MATCH_TAXON_ID_IGNORED
3384489552	50c9509d-22c7-4a22-a47d-8c48425ef4a7	https://www.inaturalist.org/observations/96422422	Fungi	Basidiomycota	Agaricomycetes	Agaricales	Physalacriaceae	Physalacria	Physalacria inflata		SPECIES	Physalacria inflata (Fr.) Peck	Physalacria inflata		CA		Ontario	PRESENT		28eb1a3f-1c15-4a95-931a-4af90ecb574d	45.371537	-75.79725	13.0						2021-09-27T08:33	27	9	2021	2536938	2536938	HUMAN_OBSERVATION	iNaturalist	Observations	96422422		Igor Khomenko	2021-09-28T12:48:03	CC_BY_NC_4_0	Nina	Nina			2025-01-14T13:15:21.452Z	StillImage	COORDINATE_ROUNDED;CONTINENT_DERIVED_FROM_COORDINATES;TAXON_MATCH_TAXON_ID_IGNORED
3384198360	50c9509d-22c7-4a22-a47d-8c48425ef4a7	https://www.inaturalist.org/observations/96231593	Fungi	Basidiomycota	Agaricomycetes	Agaricales	Physalacriaceae	Physalacria	Physalacria inflata		SPECIES	Physalacria inflata (Fr.) Peck	Physalacria inflata		CA		Québec	PRESENT		28eb1a3f-1c15-4a95-931a-4af90ecb574d	45.505728	-75.796081	66.0						2021-09-25T09:53	25	9	2021	2536938	2536938	HUMAN_OBSERVATION	iNaturalist	Observations	96231593		jonathan_mack	2021-09-26T15:00:38	CC_BY_NC_4_0	jonathan_mack	jonathan_mack			2025-01-14T12:22:01.365Z	StillImage	COORDINATE_ROUNDED;CONTINENT_DERIVED_FROM_COORDINATES;TAXON_MATCH_TAXON_ID_IGNORED
3355632440	50c9509d-22c7-4a22-a47d-8c48425ef4a7	https://www.inaturalist.org/observations/93199895	Fungi	Basidiomycota	Agaricomycetes	Agaricales	Physalacriaceae	Physalacria	Physalacria inflata		SPECIES	Physalacria inflata (Fr.) Peck	Physalacria inflata		CA		Ontario	PRESENT		28eb1a3f-1c15-4a95-931a-4af90ecb574d	45.371444	-75.797357	47.0						2021-08-31T13:52	31	8	2021	2536938	2536938	HUMAN_OBSERVATION	iNaturalist	Observations	93199895		Igor Khomenko	2021-08-31T22:05:29	CC_BY_NC_4_0	Igor Khomenko	Igor Khomenko			2025-01-14T12:20:54.806Z	StillImage	COORDINATE_ROUNDED;CONTINENT_DERIVED_FROM_COORDINATES;TAXON_MATCH_TAXON_ID_IGNORED
3355123997	50c9509d-22c7-4a22-a47d-8c48425ef4a7	https://www.inaturalist.org/observations/92728850	Fungi	Basidiomycota	Agaricomycetes	Agaricales	Physalacriaceae	Physalacria	Physalacria inflata		SPECIES	Physalacria inflata (Fr.) Peck	Physalacria inflata		CA		Québec	PRESENT		28eb1a3f-1c15-4a95-931a-4af90ecb574d	45.872975	-76.417727	27095.0						2021-08-23T10:33	23	8	2021	2536938	2536938	HUMAN_OBSERVATION	iNaturalist	Observations	92728850		L Joan Heyding	2021-08-28T00:34:09	CC_BY_NC_4_0	L Joan Heyding	L Joan Heyding			2025-01-14T12:20:48.076Z	StillImage	COORDINATE_ROUNDED;CONTINENT_DERIVED_FROM_COORDINATES;TAXON_MATCH_TAXON_ID_IGNORED
3337399771	50c9509d-22c7-4a22-a47d-8c48425ef4a7	https://www.inaturalist.org/observations/89266005	Fungi	Basidiomycota	Agaricomycetes	Agaricales	Physalacriaceae	Physalacria	Physalacria inflata		SPECIES	Physalacria inflata (Fr.) Peck	Physalacria inflata		CA		Québec	PRESENT		28eb1a3f-1c15-4a95-931a-4af90ecb574d	45.444214	-75.784142							2021-07-30T17:55:12	30	7	2021	2536938	2536938	HUMAN_OBSERVATION	iNaturalist	Observations	89266005		Igor Khomenko	2021-08-08T14:24:52	CC_BY_4_0	Alexis Williams	Alexis Williams			2025-01-14T13:09:57.768Z	StillImage	COORDINATE_ROUNDED;CONTINENT_DERIVED_FROM_COORDINATES;TAXON_MATCH_TAXON_ID_IGNORED
3333307223	50c9509d-22c7-4a22-a47d-8c48425ef4a7	https://www.inaturalist.org/observations/88769845	Fungi	Basidiomycota	Agaricomycetes	Agaricales	Physalacriaceae	Physalacria	Physalacria inflata		SPECIES	Physalacria inflata (Fr.) Peck	Physalacria inflata		CA		Ontario	PRESENT		28eb1a3f-1c15-4a95-931a-4af90ecb574d	45.467317	-75.509913	61.0						2021-07-25T13:49	25	7	2021	2536938	2536938	HUMAN_OBSERVATION	iNaturalist	Observations	88769845		jonathan_mack	2021-07-27T01:54:10	CC_BY_NC_4_0	jonathan_mack	jonathan_mack			2025-01-14T13:12:20.335Z	StillImage	COORDINATE_ROUNDED;CONTINENT_DERIVED_FROM_COORDINATES;TAXON_MATCH_TAXON_ID_IGNORED
3333270912	50c9509d-22c7-4a22-a47d-8c48425ef4a7	https://www.inaturalist.org/observations/88452586	Fungi	Basidiomycota	Agaricomycetes	Agaricales	Physalacriaceae	Physalacria	Physalacria inflata		SPECIES	Physalacria inflata (Fr.) Peck	Physalacria inflata		CA		Ontario	PRESENT		28eb1a3f-1c15-4a95-931a-4af90ecb574d	45.40758	-75.58902	24.0						2021-07-24T14:20:30	24	7	2021	2536938	2536938	HUMAN_OBSERVATION	iNaturalist	Observations	88452586		Igor Khomenko	2021-07-24T21:33:46	CC_BY_NC_4_0	Igor Khomenko	Igor Khomenko			2025-01-14T13:13:49.097Z	StillImage	CONTINENT_DERIVED_FROM_COORDINATES;TAXON_MATCH_TAXON_ID_IGNORED
3321132366	50c9509d-22c7-4a22-a47d-8c48425ef4a7	https://www.inaturalist.org/observations/85024180	Fungi	Basidiomycota	Agaricomycetes	Agaricales	Physalacriaceae	Physalacria	Physalacria inflata		SPECIES	Physalacria inflata (Fr.) Peck	Physalacria inflata		CA		Ontario	PRESENT		28eb1a3f-1c15-4a95-931a-4af90ecb574d	45.407212	-75.588828	64.0						2021-06-29T14:35:33	29	6	2021	2536938	2536938	HUMAN_OBSERVATION	iNaturalist	Observations	85024180		Igor Khomenko	2021-06-29T21:52:00	CC_BY_NC_4_0	Igor Khomenko	Igor Khomenko			2025-01-14T13:13:03.499Z	StillImage	COORDINATE_ROUNDED;CONTINENT_DERIVED_FROM_COORDINATES;TAXON_MATCH_TAXON_ID_IGNORED
3079781883	50c9509d-22c7-4a22-a47d-8c48425ef4a7	https://www.inaturalist.org/observations/55535890	Fungi	Basidiomycota	Agaricomycetes	Agaricales	Physalacriaceae	Physalacria	Physalacria inflata		SPECIES	Physalacria inflata (Fr.) Peck	Physalacria inflata		CA		Ontario	PRESENT		28eb1a3f-1c15-4a95-931a-4af90ecb574d	45.409078	-75.572875	12.0						2020-08-05T16:23:06	5	8	2020	2536938	2536938	HUMAN_OBSERVATION	iNaturalist	Observations	55535890		Igor Khomenko	2020-08-05T21:31:30	CC_BY_NC_4_0	Igor Khomenko	Igor Khomenko			2025-01-14T13:12:26.018Z	StillImage	COORDINATE_ROUNDED;CONTINENT_DERIVED_FROM_COORDINATES;TAXON_MATCH_TAXON_ID_IGNORED
3079771910	50c9509d-22c7-4a22-a47d-8c48425ef4a7	https://www.inaturalist.org/observations/58764862	Fungi	Basidiomycota	Agaricomycetes	Agaricales	Physalacriaceae	Physalacria	Physalacria inflata		SPECIES	Physalacria inflata (Fr.) Peck	Physalacria inflata		CA		Québec	PRESENT		28eb1a3f-1c15-4a95-931a-4af90ecb574d	45.459592	-75.783508	8.0						2020-09-06T14:40	6	9	2020	2536938	2536938	HUMAN_OBSERVATION	iNaturalist	Observations	58764862		Igor Khomenko	2020-09-06T20:50:38	CC_BY_NC_4_0	Igor Khomenko	Igor Khomenko			2025-01-14T13:09:44.188Z	StillImage	COORDINATE_ROUNDED;CONTINENT_DERIVED_FROM_COORDINATES;TAXON_MATCH_TAXON_ID_IGNORED
3079715936	50c9509d-22c7-4a22-a47d-8c48425ef4a7	https://www.inaturalist.org/observations/58990492	Fungi	Basidiomycota	Agaricomycetes	Agaricales	Physalacriaceae	Physalacria	Physalacria inflata		SPECIES	Physalacria inflata (Fr.) Peck	Physalacria inflata		CA		Ontario	PRESENT		28eb1a3f-1c15-4a95-931a-4af90ecb574d	45.434033	-76.327583	24.0						2020-09-08T14:36:40	8	9	2020	2536938	2536938	HUMAN_OBSERVATION	iNaturalist	Observations	58990492		Igor Khomenko	2020-09-08T21:28:32	CC_BY_NC_4_0	Igor Khomenko	Igor Khomenko			2025-01-14T12:15:36.050Z	StillImage	COORDINATE_ROUNDED;CONTINENT_DERIVED_FROM_COORDINATES;TAXON_MATCH_TAXON_ID_IGNORED
3079570873	50c9509d-22c7-4a22-a47d-8c48425ef4a7	https://www.inaturalist.org/observations/53792160	Fungi	Basidiomycota	Agaricomycetes	Agaricales	Physalacriaceae	Physalacria	Physalacria inflata		SPECIES	Physalacria inflata (Fr.) Peck	Physalacria inflata		CA		Ontario	PRESENT		28eb1a3f-1c15-4a95-931a-4af90ecb574d	45.40408	-75.590912	16.0						2020-07-20T16:31	20	7	2020	2536938	2536938	HUMAN_OBSERVATION	iNaturalist	Observations	53792160		Igor Khomenko	2020-07-21T01:30:47	CC_BY_NC_4_0	Igor Khomenko	Igor Khomenko			2025-01-14T12:14:31.479Z	StillImage	COORDINATE_ROUNDED;CONTINENT_DERIVED_FROM_COORDINATES;TAXON_MATCH_TAXON_ID_IGNORED
3044795656	50c9509d-22c7-4a22-a47d-8c48425ef4a7	https://www.inaturalist.org/observations/59744414	Fungi	Basidiomycota	Agaricomycetes	Agaricales	Physalacriaceae	Physalacria	Physalacria inflata		SPECIES	Physalacria inflata (Fr.) Peck	Physalacria inflata		CA		Ontario	PRESENT		28eb1a3f-1c15-4a95-931a-4af90ecb574d	45.199213	-75.98085	6.0						2020-09-15T15:03:43	15	9	2020	2536938	2536938	HUMAN_OBSERVATION	iNaturalist	Observations	59744414		Keith Seifert	2020-09-16T02:08:49	CC0_1_0	Keith Seifert	Keith Seifert			2025-01-14T13:10:07.677Z	StillImage	COORDINATE_ROUNDED;CONTINENT_DERIVED_FROM_COORDINATES;TAXON_MATCH_TAXON_ID_IGNORED
3044626466	50c9509d-22c7-4a22-a47d-8c48425ef4a7	https://www.inaturalist.org/observations/40194727	Fungi	Basidiomycota	Agaricomycetes	Agaricales	Physalacriaceae	Physalacria	Physalacria inflata		SPECIES	Physalacria inflata (Fr.) Peck	Physalacria inflata		CA		Québec	PRESENT		28eb1a3f-1c15-4a95-931a-4af90ecb574d	46.833086	-71.340552	15.0						2015-08-22	22	8	2015	2536938	2536938	HUMAN_OBSERVATION	iNaturalist	Observations	40194727		Christian Grenier	2020-03-18T19:31:58	CC_BY_NC_4_0	Christian Grenier	Christian Grenier			2025-01-14T13:10:31.043Z	StillImage	COORDINATE_ROUNDED;CONTINENT_DERIVED_FROM_COORDINATES;TAXON_MATCH_TAXON_ID_IGNORED
2864799643	50c9509d-22c7-4a22-a47d-8c48425ef4a7	https://www.inaturalist.org/observations/59400424	Fungi	Basidiomycota	Agaricomycetes	Agaricales	Physalacriaceae	Physalacria	Physalacria inflata		SPECIES	Physalacria inflata (Fr.) Peck	Physalacria inflata		CA		Ontario	PRESENT		28eb1a3f-1c15-4a95-931a-4af90ecb574d	45.457834	-75.548441	66.0						2020-09-12T15:41	12	9	2020	2536938	2536938	HUMAN_OBSERVATION	iNaturalist	Observations	59400424		jonathan_mack	2020-09-13T01:58:36	CC_BY_NC_4_0	jonathan_mack	jonathan_mack			2025-01-14T12:14:53.587Z	StillImage	COORDINATE_ROUNDED;CONTINENT_DERIVED_FROM_COORDINATES;TAXON_MATCH_TAXON_ID_IGNORED
2864748307	50c9509d-22c7-4a22-a47d-8c48425ef4a7	https://www.inaturalist.org/observations/59540446	Fungi	Basidiomycota	Agaricomycetes	Agaricales	Physalacriaceae	Physalacria	Physalacria inflata		SPECIES	Physalacria inflata (Fr.) Peck	Physalacria inflata		CA		Ontario	PRESENT		28eb1a3f-1c15-4a95-931a-4af90ecb574d	45.165771	-75.928871							2020-09-13T17:59:58	13	9	2020	2536938	2536938	HUMAN_OBSERVATION	iNaturalist	Observations	59540446		Igor Khomenko	2020-09-14T13:29:42	CC_BY_4_0	Alexis Williams	Alexis Williams			2025-01-14T13:04:18.224Z	StillImage	COORDINATE_ROUNDED;CONTINENT_DERIVED_FROM_COORDINATES;TAXON_MATCH_TAXON_ID_IGNORED
2862322647	50c9509d-22c7-4a22-a47d-8c48425ef4a7	https://www.inaturalist.org/observations/58546236	Fungi	Basidiomycota	Agaricomycetes	Agaricales	Physalacriaceae	Physalacria	Physalacria inflata		SPECIES	Physalacria inflata (Fr.) Peck	Physalacria inflata		CA		Ontario	PRESENT		28eb1a3f-1c15-4a95-931a-4af90ecb574d	45.43338	-76.32598	8.0						2020-09-04T13:28:59	4	9	2020	2536938	2536938	HUMAN_OBSERVATION	iNaturalist	Observations	58546236		Keith Seifert	2020-09-04T21:35:21	CC0_1_0	Keith Seifert	Keith Seifert			2025-01-14T12:14:44.812Z	StillImage	CONTINENT_DERIVED_FROM_COORDINATES;TAXON_MATCH_TAXON_ID_IGNORED
2802869362	50c9509d-22c7-4a22-a47d-8c48425ef4a7	https://www.inaturalist.org/observations/17016264	Fungi	Basidiomycota	Agaricomycetes	Agaricales	Physalacriaceae	Physalacria	Physalacria inflata		SPECIES	Physalacria inflata (Fr.) Peck	Physalacria inflata		CA		Ontario	PRESENT		28eb1a3f-1c15-4a95-931a-4af90ecb574d	45.370935	-75.789047	72.0						2018-09-28T12:10	28	9	2018	2536938	2536938	HUMAN_OBSERVATION	iNaturalist	Observations	17016264		jonathan_mack	2018-09-29T03:21:33	CC_BY_NC_4_0	jonathan_mack	jonathan_mack			2025-01-14T12:05:53.167Z	StillImage	COORDINATE_ROUNDED;CONTINENT_DERIVED_FROM_COORDINATES;TAXON_MATCH_TAXON_ID_IGNORED
2802587464	50c9509d-22c7-4a22-a47d-8c48425ef4a7	https://www.inaturalist.org/observations/31211804	Fungi	Basidiomycota	Agaricomycetes	Agaricales	Physalacriaceae	Physalacria	Physalacria inflata		SPECIES	Physalacria inflata (Fr.) Peck	Physalacria inflata		CA		Ontario	PRESENT		28eb1a3f-1c15-4a95-931a-4af90ecb574d	45.384179	-75.69057	14.0						2019-08-19T11:46	19	8	2019	2536938	2536938	HUMAN_OBSERVATION	iNaturalist	Observations	31211804		jonathan_mack	2019-08-21T02:00:51	CC_BY_NC_4_0	jonathan_mack	jonathan_mack			2025-01-14T12:08:52.340Z	StillImage	COORDINATE_ROUNDED;CONTINENT_DERIVED_FROM_COORDINATES;TAXON_MATCH_TAXON_ID_IGNORED
2573273147	40660363-6d19-4989-99e8-395f5b12ded8	4dcaf87f-c89b-41a5-bac2-9c9135724b43	Fungi	Basidiomycota	Agaricomycetes	Agaricales	Physalacriaceae	Physalacria	Physalacria inflata		SPECIES	Physalacria inflata (Fr.) Peck	Physalacria inflata	(Fr.) Peck	CA	Duchesnay	Quebec	PRESENT		fee1eb85-53bb-4edb-91cc-de55f11b3cee	47.010226	-72.064819	51069.0						1938-08-26	26	8	1938	2536938	2536938	PRESERVED_SPECIMEN	VT		UVMVT300932	424			CC0_1_0	University of Vermont	H. H. Whetzel			2025-01-16T11:55:12.930Z	StillImage	COORDINATE_ROUNDED;CONTINENT_DERIVED_FROM_COORDINATES;TAXON_MATCH_TAXON_ID_IGNORED;COLLECTION_MATCH_NONE;INSTITUTION_MATCH_FUZZY
2423613213	21705170-d2b6-42de-8904-c3bca4b83591	CMMF020271	Fungi	Basidiomycota	Agaricomycetes	Agaricales	Physalacriaceae	Physalacria	Physalacria inflata		SPECIES	Physalacria inflata (Fr.) Peck	Physalacria inflata (Schwein.) Peck	(Schwein.) Peck	CA	Val Cartier	Québec	PRESENT		ff7bd5db-b724-4932-b496-10ea298851f9	46.935907	-71.467809	3000.0						1972-07-30	30	7	1972	2536938	2536938	PRESERVED_SPECIMEN	Université de Montréal Biodiversity Centre	CMMF	CMMF020271	X-3.62	Neumann, Peterjurgen		CC0_1_0	Université de Montréal Biodiversity Centre	Neumann, Peterjurgen			2024-01-24T16:38:21.272Z		INSTITUTION_MATCH_FUZZY;COLLECTION_MATCH_FUZZY;DIFFERENT_OWNER_INSTITUTION
2423611889	21705170-d2b6-42de-8904-c3bca4b83591	CMMF018663	Fungi	Basidiomycota	Agaricomycetes	Agaricales	Physalacriaceae	Physalacria	Physalacria inflata		SPECIES	Physalacria inflata (Fr.) Peck	Physalacria inflata (Schwein.) Peck	(Schwein.) Peck	CA	À l'entrée du sentier du lac Geai	Québec	PRESENT		ff7bd5db-b724-4932-b496-10ea298851f9	45.989236	-74.003525	150.0						1986-08-09	9	8	1986	2536938	2536938	PRESERVED_SPECIMEN	Université de Montréal Biodiversity Centre	CMMF	CMMF018663	s.n.	Nantel, Patrick		CC0_1_0	Université de Montréal Biodiversity Centre	Nantel, Patrick			2024-01-24T16:38:18.456Z		INSTITUTION_MATCH_FUZZY;COLLECTION_MATCH_FUZZY;DIFFERENT_OWNER_INSTITUTION
2423611175	21705170-d2b6-42de-8904-c3bca4b83591	CMMF020558	Fungi	Basidiomycota	Agaricomycetes	Agaricales	Physalacriaceae	Physalacria	Physalacria inflata		SPECIES	Physalacria inflata (Fr.) Peck	Physalacria inflata (Schwein.) Peck	(Schwein.) Peck	CA	Héritage	Quebec	PRESENT		ff7bd5db-b724-4932-b496-10ea298851f9	45.677616	-73.512099	400.0						1980-07-14	14	7	1980	2536938	2536938	PRESERVED_SPECIMEN	Université de Montréal Biodiversity Centre	CMMF	CMMF020558	1980-152b	McNeil, Raymond		CC0_1_0	Université de Montréal Biodiversity Centre	Haméon, G.			2024-01-24T16:38:15.995Z		INSTITUTION_MATCH_FUZZY;COLLECTION_MATCH_FUZZY;DIFFERENT_OWNER_INSTITUTION
2423610819	21705170-d2b6-42de-8904-c3bca4b83591	CMMF020557	Fungi	Basidiomycota	Agaricomycetes	Agaricales	Physalacriaceae	Physalacria	Physalacria inflata		SPECIES	Physalacria inflata (Fr.) Peck	Physalacria inflata (Schwein.) Peck	(Schwein.) Peck	CA	Arboretum Morgan	Quebec	PRESENT		ff7bd5db-b724-4932-b496-10ea298851f9	45.42991	-73.94876	750.0						1980-07-07	7	7	1980	2536938	2536938	PRESERVED_SPECIMEN	Université de Montréal Biodiversity Centre	CMMF	CMMF020557	1980-152	McNeil, Raymond		CC0_1_0	Université de Montréal Biodiversity Centre	Haméon, G.			2024-01-24T16:38:15.995Z		INSTITUTION_MATCH_FUZZY;COLLECTION_MATCH_FUZZY;DIFFERENT_OWNER_INSTITUTION
2283215153	50c9509d-22c7-4a22-a47d-8c48425ef4a7	https://www.inaturalist.org/observations/28400389	Fungi	Basidiomycota	Agaricomycetes	Agaricales	Physalacriaceae	Physalacria	Physalacria inflata		SPECIES	Physalacria inflata (Fr.) Peck	Physalacria inflata		CA		Ontario	PRESENT		28eb1a3f-1c15-4a95-931a-4af90ecb574d	45.45553	-75.548064	38.0						2019-07-07T14:48	7	7	2019	2536938	2536938	HUMAN_OBSERVATION	iNaturalist	Observations	28400389		jonathan_mack	2019-07-07T23:36:46	CC_BY_NC_4_0	jonathan_mack	jonathan_mack			2025-01-14T12:59:50.424Z	StillImage	COORDINATE_ROUNDED;CONTINENT_DERIVED_FROM_COORDINATES;TAXON_MATCH_TAXON_ID_IGNORED
1990288552	032f1fbe-d21f-407d-be46-5cd1bb1ea397	4fcf4254-f26e-4926-869b-a34057b6da2c	Fungi	Basidiomycota	Agaricomycetes	Agaricales	Physalacriaceae	Physalacria	Physalacria inflata		SPECIES	Physalacria inflata (Fr.) Peck	Physalacria inflata	(Fr.) Peck	CA	Whitney, Algonquin Park, Costello Lake	Ontario	PRESENT		61c539d8-47e0-4b82-875f-b95aad66dcd4	45.595833	-78.323611							1939-08-29	29	8	1939	2536938	2536938	PRESERVED_SPECIMEN	TENN-F		TENN-F-015017	LRH15017			CC0_1_0		R.F. Cain			2025-01-12T10:33:40.906Z		COORDINATE_ROUNDED;GEODETIC_DATUM_ASSUMED_WGS84;CONTINENT_DERIVED_FROM_COORDINATES;TAXON_MATCH_TAXON_ID_IGNORED;INSTITUTION_MATCH_NONE
1807256439	e8a25a42-f125-476c-8554-3ec21cd51a84	ACAD:112941	Fungi	Basidiomycota	Agaricomycetes	Agaricales	Physalacriaceae	Physalacria	Physalacria inflata		SPECIES	Physalacria inflata (Fr.) Peck	Physalacria inflata (Schwein.) Peck	(Schwein.) Peck	CA	(Kentville)	Nova Scotia	PRESENT		6491ad8c-8e49-4bd4-a089-0ddb3bbe0890	45.07662	-64.49592							1933-08-26	26	8	1933	2536938	2536938	PRESERVED_SPECIMEN	Acadia University	ACAD	451F	451			CC0_1_0	Acadia University	H, KA			2024-01-25T01:37:11.644Z	StillImage	GEODETIC_DATUM_INVALID;GEODETIC_DATUM_ASSUMED_WGS84;TAXON_MATCH_TAXON_ID_IGNORED;INSTITUTION_MATCH_FUZZY;COLLECTION_MATCH_FUZZY
1412708827	21705170-d2b6-42de-8904-c3bca4b83591	CMMF017334	Fungi	Basidiomycota	Agaricomycetes	Agaricales	Physalacriaceae	Physalacria	Physalacria inflata		SPECIES	Physalacria inflata (Fr.) Peck	Physalacria inflata (Schwein.) Peck	(Schwein.) Peck	CA	Île des Soeurs, Québec.	Québec	PRESENT		ff7bd5db-b724-4932-b496-10ea298851f9	45.461124	-73.547316	2000.0						1981-07-20	20	7	1981	2536938	2536938	PRESERVED_SPECIMEN	Université de Montréal Biodiversity Centre	CMMF	CMMF017334	1981-116	McNeil, Raymond		CC0_1_0	Université de Montréal Biodiversity Centre	Cyr, A.			2024-01-24T16:38:15.688Z		INSTITUTION_MATCH_FUZZY;COLLECTION_MATCH_FUZZY;DIFFERENT_OWNER_INSTITUTION
1412706111	21705170-d2b6-42de-8904-c3bca4b83591	CMMF014498	Fungi	Basidiomycota	Agaricomycetes	Agaricales	Physalacriaceae	Physalacria	Physalacria inflata		SPECIES	Physalacria inflata (Fr.) Peck	Physalacria inflata (Schwein.) Peck	(Schwein.) Peck	CA	Lac Émeraude, Saint-Ubalde, Québec.	Québec	PRESENT		ff7bd5db-b724-4932-b496-10ea298851f9	46.820449	-72.234717	2000.0						1979-07-26	26	7	1979	2536938	2536938	PRESERVED_SPECIMEN	Université de Montréal Biodiversity Centre	CMMF	CMMF014498	602	Ginns, Jim H.		CC0_1_0	Université de Montréal Biodiversity Centre	Guérin, Gérard			2024-01-24T16:38:19.578Z	StillImage	INSTITUTION_MATCH_FUZZY;COLLECTION_MATCH_FUZZY;DIFFERENT_OWNER_INSTITUTION
1412706032	21705170-d2b6-42de-8904-c3bca4b83591	CMMF014500	Fungi	Basidiomycota	Agaricomycetes	Agaricales	Physalacriaceae	Physalacria	Physalacria inflata		SPECIES	Physalacria inflata (Fr.) Peck	Physalacria inflata (Schwein.) Peck	(Schwein.) Peck	CA	Lac Émeraude, Saint-Ubalde, Québec.	Québec	PRESENT		ff7bd5db-b724-4932-b496-10ea298851f9	46.820449	-72.234717	2000.0						1994-07-20	20	7	1994	2536938	2536938	PRESERVED_SPECIMEN	Université de Montréal Biodiversity Centre	CMMF	CMMF014500	604	Guérin, Gérard		CC0_1_0	Université de Montréal Biodiversity Centre	Guérin, Gérard			2024-01-24T16:38:19.546Z	StillImage	INSTITUTION_MATCH_FUZZY;COLLECTION_MATCH_FUZZY;DIFFERENT_OWNER_INSTITUTION
1412705959	21705170-d2b6-42de-8904-c3bca4b83591	CMMF014499	Fungi	Basidiomycota	Agaricomycetes	Agaricales	Physalacriaceae	Physalacria	Physalacria inflata		SPECIES	Physalacria inflata (Fr.) Peck	Physalacria inflata (Schwein.) Peck	(Schwein.) Peck	CA	Chicoutimi, Québec.	Québec	PRESENT		ff7bd5db-b724-4932-b496-10ea298851f9	48.368277	-71.119642	15000.0						1994-07-11	11	7	1994	2536938	2536938	PRESERVED_SPECIMEN	Université de Montréal Biodiversity Centre	CMMF	CMMF014499	603	Guérin, Gérard		CC0_1_0	Université de Montréal Biodiversity Centre	Guérin, Gérard			2024-01-24T16:38:19.578Z	StillImage	INSTITUTION_MATCH_FUZZY;COLLECTION_MATCH_FUZZY;DIFFERENT_OWNER_INSTITUTION
1135070319	21705170-d2b6-42de-8904-c3bca4b83591	CMMF008850	Fungi	Basidiomycota	Agaricomycetes	Agaricales	Physalacriaceae	Physalacria	Physalacria inflata		SPECIES	Physalacria inflata (Fr.) Peck	Physalacria inflata (Schwein.) Peck	(Schwein.) Peck	CA	Chemin de la Chapelle, Lac-Beauport.	Québec	PRESENT		ff7bd5db-b724-4932-b496-10ea298851f9	46.949281	-71.284722	250.0						2006-07-31	31	7	2006	2536938	2536938	PRESERVED_SPECIMEN	Université de Montréal Biodiversity Centre	CMMF	CMMF008850	433	Labbé, Roland		CC0_1_0	Université de Montréal Biodiversity Centre	Labrecque, Jacqueline			2024-01-24T16:38:18.872Z		INSTITUTION_MATCH_FUZZY;COLLECTION_MATCH_FUZZY;DIFFERENT_OWNER_INSTITUTION
1135068529	21705170-d2b6-42de-8904-c3bca4b83591	CMMF007071	Fungi	Basidiomycota	Agaricomycetes	Agaricales	Physalacriaceae	Physalacria	Physalacria inflata		SPECIES	Physalacria inflata (Fr.) Peck	Physalacria inflata (Schwein.) Peck	(Schwein.) Peck	CA	Bois de l'Héritage, Montréal	Québec	PRESENT		ff7bd5db-b724-4932-b496-10ea298851f9	45.68	-73.498833	100.0						1980-07-14	14	7	1980	2536938	2536938	PRESERVED_SPECIMEN	Université de Montréal Biodiversity Centre	CMMF	CMMF007071	618	McNeil, Raymond		CC0_1_0	Université de Montréal Biodiversity Centre	McNeil, Raymond			2024-01-24T16:38:20.908Z	StillImage	COORDINATE_ROUNDED;INSTITUTION_MATCH_FUZZY;COLLECTION_MATCH_FUZZY;DIFFERENT_OWNER_INSTITUTION
1135067577	21705170-d2b6-42de-8904-c3bca4b83591	CMMF006084	Fungi	Basidiomycota	Agaricomycetes	Agaricales	Physalacriaceae	Physalacria	Physalacria inflata		SPECIES	Physalacria inflata (Fr.) Peck	Physalacria inflata (Schwein.) Peck	(Schwein.) Peck	CA	Châteauguay	Québec	PRESENT		ff7bd5db-b724-4932-b496-10ea298851f9	45.349833	-73.771	100.0						2005-07-22	22	7	2005	2536938	2536938	PRESERVED_SPECIMEN	Université de Montréal Biodiversity Centre	CMMF	CMMF006084	C2222	McNeil, Raymond		CC0_1_0	Université de Montréal Biodiversity Centre	McNeil, Raymond			2024-01-24T16:38:17.939Z	StillImage	COORDINATE_ROUNDED;INSTITUTION_MATCH_FUZZY;COLLECTION_MATCH_FUZZY;DIFFERENT_OWNER_INSTITUTION
1135067376	21705170-d2b6-42de-8904-c3bca4b83591	CMMF005923	Fungi	Basidiomycota	Agaricomycetes	Agaricales	Physalacriaceae	Physalacria	Physalacria inflata		SPECIES	Physalacria inflata (Fr.) Peck	Physalacria inflata (Schwein.) Peck	(Schwein.) Peck	CA	Châteauguay (Centre écologique Fernand-Seguin)	Québec	PRESENT		ff7bd5db-b724-4932-b496-10ea298851f9	45.33983	-73.773917	100.0						2008-08-20	20	8	2008	2536938	2536938	PRESERVED_SPECIMEN	Université de Montréal Biodiversity Centre	CMMF	CMMF005923	C3295	McNeil, Raymond		CC0_1_0	Université de Montréal Biodiversity Centre	McNeil, Raymond			2024-01-24T16:38:16.900Z	StillImage	COORDINATE_ROUNDED;INSTITUTION_MATCH_FUZZY;COLLECTION_MATCH_FUZZY;DIFFERENT_OWNER_INSTITUTION
1135066982	21705170-d2b6-42de-8904-c3bca4b83591	CMMF010435	Fungi	Basidiomycota	Agaricomycetes	Agaricales	Physalacriaceae	Physalacria	Physalacria inflata		SPECIES	Physalacria inflata (Fr.) Peck	Physalacria inflata (Schwein.) Peck	(Schwein.) Peck	CA	Château Bigot, usine de filtration, Québec.	Québec	PRESENT		ff7bd5db-b724-4932-b496-10ea298851f9	46.898375	-71.266801	2000.0						2008-07-26	26	7	2008	2536938	2536938	PRESERVED_SPECIMEN	Université de Montréal Biodiversity Centre	CMMF	CMMF010435	2021	Labrecque, Jacqueline		CC0_1_0	Université de Montréal Biodiversity Centre	Labrecque, Jacqueline			2024-01-24T16:38:21.652Z		INSTITUTION_MATCH_FUZZY;COLLECTION_MATCH_FUZZY;DIFFERENT_OWNER_INSTITUTION
1024559235	21705170-d2b6-42de-8904-c3bca4b83591	CMMF004444	Fungi	Basidiomycota	Agaricomycetes	Agaricales	Physalacriaceae	Physalacria	Physalacria inflata		SPECIES	Physalacria inflata (Fr.) Peck	Physalacria inflata (Schwein.) Peck	(Schwein.) Peck	CA	Réserve écologique du Boisé-des-Muir, Hinchinbrooke.	Québec	PRESENT		ff7bd5db-b724-4932-b496-10ea298851f9	45.084622	-74.114693	10.0						2012-09-05	5	9	2012	2536938	2536938	PRESERVED_SPECIMEN	Université de Montréal Biodiversity Centre	CMMF	CMMF004444	469	McNeil, Raymond		CC0_1_0	Université de Montréal Biodiversity Centre	Langlois, Annabelle; McNeil, Raymond; Turgon, Jean-Pierre			2024-01-24T16:38:19.733Z	StillImage	INSTITUTION_MATCH_FUZZY;COLLECTION_MATCH_FUZZY;DIFFERENT_OWNER_INSTITUTION
