gbifID	datasetKey	occurrenceID	kingdom	phylum	class	order	family	genus	species	infraspecificEpithet	taxonRank	scientificName	verbatimScientificName	verbatimScientificNameAuthorship	countryCode	locality	stateProvince	occurrenceStatus	individualCount	publishingOrgKey	decimalLatitude	decimalLongitude	coordinateUncertaintyInMeters	coordinatePrecision	elevation	elevationAccuracy	depth	depthAccuracy	eventDate	day	month	year	taxonKey	speciesKey	basisOfRecord	institutionCode	collectionCode	catalogNumber	recordNumber	identifiedBy	dateIdentified	license	rightsHolder	recordedBy	typeStatus	establishmentMeans	lastInterpreted	mediaType	issue
617555202	21705170-d2b6-42de-8904-c3bca4b83591	CMMF000700	Fungi	Basidiomycota	Agaricomycetes	Agaricales	Tricholomataceae	Tricholomopsis	Tricholomopsis decora		SPECIES	Tricholomopsis decora (Fr.) Singer	Tricholomopsis decora (Fr.) Singer	(Fr.) Singer	CA	Lachute	Québec	PRESENT		ff7bd5db-b724-4932-b496-10ea298851f9	45.664878	-74.292134	8500.0						1989-08-27	27	8	1989	9056826	9056826	PRESERVED_SPECIMEN	Université de Montréal Biodiversity Centre	CMMF	CMMF000700		Sicard, Matthieu		CC0_1_0	Université de Montréal Biodiversity Centre	Sicard, Matthieu			2024-01-24T16:38:20.293Z	StillImage	INSTITUTION_MATCH_FUZZY;COLLECTION_MATCH_FUZZY;DIFFERENT_OWNER_INSTITUTION
617549836	21705170-d2b6-42de-8904-c3bca4b83591	CMMF002012	Fungi	Basidiomycota	Agaricomycetes	Agaricales	Tricholomataceae	Tricholomopsis	Tricholomopsis decora		SPECIES	Tricholomopsis decora (Fr.) Singer	Tricholomopsis decora (Fr.) Singer	(Fr.) Singer	CA	Lachute	Québec	PRESENT		ff7bd5db-b724-4932-b496-10ea298851f9	45.664878	-74.292134	8500.0						1993-09-08	8	9	1993	9056826	9056826	PRESERVED_SPECIMEN	Université de Montréal Biodiversity Centre	CMMF	CMMF002012		Lamoureux, Yves		CC0_1_0	Université de Montréal Biodiversity Centre	Lamoureux, Yves			2024-01-24T16:38:19.900Z	StillImage	INSTITUTION_MATCH_FUZZY;COLLECTION_MATCH_FUZZY;DIFFERENT_OWNER_INSTITUTION
4994256394	50c9509d-22c7-4a22-a47d-8c48425ef4a7	https://www.inaturalist.org/observations/231923947	Fungi	Basidiomycota	Agaricomycetes	Agaricales	Tricholomataceae	Tricholomopsis	Tricholomopsis decora		SPECIES	Tricholomopsis decora (Fr.) Singer	Tricholomopsis decora		CA		Québec	PRESENT		28eb1a3f-1c15-4a95-931a-4af90ecb574d	48.690941	-72.50328							2024-07-26T17:32	26	7	2024	9056826	9056826	HUMAN_OBSERVATION	iNaturalist	Observations	231923947		Paul Vézina	2024-07-26T23:11:31	CC_BY_NC_4_0	Paul Vézina	Paul Vézina			2025-01-14T12:48:29.378Z	StillImage	COORDINATE_ROUNDED;CONTINENT_DERIVED_FROM_COORDINATES;TAXON_MATCH_TAXON_ID_IGNORED
4993931539	50c9509d-22c7-4a22-a47d-8c48425ef4a7	https://www.inaturalist.org/observations/237650892	Fungi	Basidiomycota	Agaricomycetes	Agaricales	Tricholomataceae	Tricholomopsis	Tricholomopsis decora		SPECIES	Tricholomopsis decora (Fr.) Singer	Tricholomopsis decora		CA		Québec	PRESENT		28eb1a3f-1c15-4a95-931a-4af90ecb574d	47.04453	-71.194135	44.0						2024-08-23T15:04	23	8	2024	9056826	9056826	HUMAN_OBSERVATION	iNaturalist	Observations	237650892		Keith Wauthy	2024-08-24T15:08:54	CC_BY_NC_4_0	Keith Wauthy	Keith Wauthy			2025-01-14T12:53:48.970Z	StillImage	COORDINATE_ROUNDED;CONTINENT_DERIVED_FROM_COORDINATES;TAXON_MATCH_TAXON_ID_IGNORED
4987718030	50c9509d-22c7-4a22-a47d-8c48425ef4a7	https://www.inaturalist.org/observations/182742947	Fungi	Basidiomycota	Agaricomycetes	Agaricales	Tricholomataceae	Tricholomopsis	Tricholomopsis decora		SPECIES	Tricholomopsis decora (Fr.) Singer	Tricholomopsis decora		CA		New Brunswick	PRESENT		28eb1a3f-1c15-4a95-931a-4af90ecb574d	45.791894	-66.861146							2023-09-08T11:22:47	8	9	2023	9056826	9056826	HUMAN_OBSERVATION	iNaturalist	Observations	182742947		Andrew MacPherson	2023-09-11T01:28:47	CC0_1_0	Andrew MacPherson	Andrew MacPherson			2025-01-14T12:39:48.950Z	StillImage	COORDINATE_ROUNDED;CONTINENT_DERIVED_FROM_COORDINATES;TAXON_MATCH_TAXON_ID_IGNORED
4987683016	50c9509d-22c7-4a22-a47d-8c48425ef4a7	https://www.inaturalist.org/observations/230557369	Fungi	Basidiomycota	Agaricomycetes	Agaricales	Tricholomataceae	Tricholomopsis	Tricholomopsis decora		SPECIES	Tricholomopsis decora (Fr.) Singer	Tricholomopsis decora		CA		New Brunswick	PRESENT		28eb1a3f-1c15-4a95-931a-4af90ecb574d	45.791873	-66.857913							2024-07-20T14:48:21	20	7	2024	9056826	9056826	HUMAN_OBSERVATION	iNaturalist	Observations	230557369		Andrew MacPherson	2024-07-20T18:32:42	CC0_1_0	Andrew MacPherson	Andrew MacPherson			2025-01-14T13:47:09.154Z	StillImage	COORDINATE_ROUNDED;CONTINENT_DERIVED_FROM_COORDINATES;TAXON_MATCH_TAXON_ID_IGNORED
4987680537	50c9509d-22c7-4a22-a47d-8c48425ef4a7	https://www.inaturalist.org/observations/185589407	Fungi	Basidiomycota	Agaricomycetes	Agaricales	Tricholomataceae	Tricholomopsis	Tricholomopsis decora		SPECIES	Tricholomopsis decora (Fr.) Singer	Tricholomopsis decora		CA		New Brunswick	PRESENT		28eb1a3f-1c15-4a95-931a-4af90ecb574d	45.649666	-65.816873	27126.0						2023-09-30T11:30:17	30	9	2023	9056826	9056826	HUMAN_OBSERVATION	iNaturalist	Observations	185589407		Shane Mercer	2023-09-30T16:25:17	CC_BY_NC_4_0	Shane Mercer	Shane Mercer			2025-01-14T12:40:05.137Z	StillImage	COORDINATE_ROUNDED;CONTINENT_DERIVED_FROM_COORDINATES;TAXON_MATCH_TAXON_ID_IGNORED
4987591355	50c9509d-22c7-4a22-a47d-8c48425ef4a7	https://www.inaturalist.org/observations/249814546	Fungi	Basidiomycota	Agaricomycetes	Agaricales	Tricholomataceae	Tricholomopsis	Tricholomopsis decora		SPECIES	Tricholomopsis decora (Fr.) Singer	Tricholomopsis decora		CA		Québec	PRESENT		28eb1a3f-1c15-4a95-931a-4af90ecb574d	46.278953	-74.501219	48.0						2024-09-01T11:47	1	9	2024	9056826	9056826	HUMAN_OBSERVATION	iNaturalist	Observations	249814546		gabboilard	2024-10-30T22:27:58	CC_BY_NC_4_0	gabboilard	gabboilard			2025-01-14T12:53:49.022Z	StillImage	COORDINATE_ROUNDED;CONTINENT_DERIVED_FROM_COORDINATES;TAXON_MATCH_TAXON_ID_IGNORED
4987576999	50c9509d-22c7-4a22-a47d-8c48425ef4a7	https://www.inaturalist.org/observations/238714173	Fungi	Basidiomycota	Agaricomycetes	Agaricales	Tricholomataceae	Tricholomopsis	Tricholomopsis decora		SPECIES	Tricholomopsis decora (Fr.) Singer	Tricholomopsis decora		CA		Ontario	PRESENT		28eb1a3f-1c15-4a95-931a-4af90ecb574d	46.296839	-78.889139	357.0						2024-08-29T10:09:40	29	8	2024	9056826	9056826	HUMAN_OBSERVATION	iNaturalist	Observations	238714173		eloravdl	2024-08-30T03:44:49	CC_BY_NC_4_0	eloravdl	eloravdl			2025-01-14T13:43:27.308Z	StillImage	COORDINATE_ROUNDED;CONTINENT_DERIVED_FROM_COORDINATES;TAXON_MATCH_TAXON_ID_IGNORED
4987420691	50c9509d-22c7-4a22-a47d-8c48425ef4a7	https://www.inaturalist.org/observations/238453188	Fungi	Basidiomycota	Agaricomycetes	Agaricales	Tricholomataceae	Tricholomopsis	Tricholomopsis decora		SPECIES	Tricholomopsis decora (Fr.) Singer	Tricholomopsis decora		CA		Ontario	PRESENT		28eb1a3f-1c15-4a95-931a-4af90ecb574d	45.370203	-75.796508	5.0						2024-08-28T10:36	28	8	2024	9056826	9056826	HUMAN_OBSERVATION	iNaturalist	Observations	238453188		Deborah Mosher	2024-08-28T17:49:19	CC_BY_NC_4_0	Deborah Mosher	Deborah Mosher			2025-01-14T12:52:20.579Z	StillImage	COORDINATE_ROUNDED;CONTINENT_DERIVED_FROM_COORDINATES;TAXON_MATCH_TAXON_ID_IGNORED
4976199050	50c9509d-22c7-4a22-a47d-8c48425ef4a7	https://www.inaturalist.org/observations/222739352	Fungi	Basidiomycota	Agaricomycetes	Agaricales	Tricholomataceae	Tricholomopsis	Tricholomopsis decora		SPECIES	Tricholomopsis decora (Fr.) Singer	Tricholomopsis decora		CA		Ontario	PRESENT		28eb1a3f-1c15-4a95-931a-4af90ecb574d	45.370278	-75.796713							2024-06-14T12:21:33	14	6	2024	9056826	9056826	HUMAN_OBSERVATION	iNaturalist	Observations	222739352		Nina	2024-06-14T22:45:09	CC_BY_NC_4_0	Nina	Nina			2025-01-14T13:41:47.702Z	StillImage	COORDINATE_ROUNDED;CONTINENT_DERIVED_FROM_COORDINATES;TAXON_MATCH_TAXON_ID_IGNORED
4974219739	50c9509d-22c7-4a22-a47d-8c48425ef4a7	https://www.inaturalist.org/observations/247841259	Fungi	Basidiomycota	Agaricomycetes	Agaricales	Tricholomataceae	Tricholomopsis	Tricholomopsis decora		SPECIES	Tricholomopsis decora (Fr.) Singer	Tricholomopsis decora		CA		New Brunswick	PRESENT		28eb1a3f-1c15-4a95-931a-4af90ecb574d	47.614358	-65.82911							2024-10-17T11:06:45	17	10	2024	9056826	9056826	HUMAN_OBSERVATION	iNaturalist	Observations	247841259		Lisa Martin	2024-10-18T00:20:56	CC_BY_NC_4_0	Lisa Martin	Lisa Martin			2025-01-14T13:44:01.902Z	StillImage	COORDINATE_ROUNDED;CONTINENT_DERIVED_FROM_COORDINATES;TAXON_MATCH_TAXON_ID_IGNORED
4954253236	50c9509d-22c7-4a22-a47d-8c48425ef4a7	https://www.inaturalist.org/observations/242987457	Fungi	Basidiomycota	Agaricomycetes	Agaricales	Tricholomataceae	Tricholomopsis	Tricholomopsis decora		SPECIES	Tricholomopsis decora (Fr.) Singer	Tricholomopsis decora		CA		Québec	PRESENT		28eb1a3f-1c15-4a95-931a-4af90ecb574d	45.662605	-74.24402	6.0						2024-09-19T17:36:08	19	9	2024	9056826	9056826	HUMAN_OBSERVATION	iNaturalist	Observations	242987457		Mical	2024-09-21T01:05:18	CC_BY_4_0	Mical	Mical			2025-01-14T13:43:33.960Z	StillImage	CONTINENT_DERIVED_FROM_COORDINATES;TAXON_MATCH_TAXON_ID_IGNORED
4926124604	50c9509d-22c7-4a22-a47d-8c48425ef4a7	https://www.inaturalist.org/observations/236820252	Fungi	Basidiomycota	Agaricomycetes	Agaricales	Tricholomataceae	Tricholomopsis	Tricholomopsis decora		SPECIES	Tricholomopsis decora (Fr.) Singer	Tricholomopsis decora		CA		New Brunswick	PRESENT		28eb1a3f-1c15-4a95-931a-4af90ecb574d	45.273934	-66.322581	8.0						2024-08-18T10:52	18	8	2024	9056826	9056826	HUMAN_OBSERVATION	iNaturalist	Observations	236820252		Alfredo Justo	2024-08-20T00:00:44	CC_BY_NC_4_0	Alfredo Justo	Alfredo Justo			2025-01-14T12:49:39.753Z	StillImage	COORDINATE_ROUNDED;CONTINENT_DERIVED_FROM_COORDINATES;TAXON_MATCH_TAXON_ID_IGNORED
4506421096	50c9509d-22c7-4a22-a47d-8c48425ef4a7	https://www.inaturalist.org/observations/184918128	Fungi	Basidiomycota	Agaricomycetes	Agaricales	Tricholomataceae	Tricholomopsis	Tricholomopsis decora		SPECIES	Tricholomopsis decora (Fr.) Singer	Tricholomopsis decora		CA		Prince Edward Island	PRESENT		28eb1a3f-1c15-4a95-931a-4af90ecb574d	46.506871	-64.082485	200.0						2023-09-25T10:38	25	9	2023	9056826	9056826	HUMAN_OBSERVATION	iNaturalist	Observations	184918128		Rosemary Curley	2023-09-28T16:08:40	CC_BY_NC_4_0	Denis Gallant	Denis Gallant			2025-01-14T13:32:56.117Z	StillImage	COORDINATE_ROUNDED;CONTINENT_DERIVED_FROM_COORDINATES;TAXON_MATCH_TAXON_ID_IGNORED
4431230481	50c9509d-22c7-4a22-a47d-8c48425ef4a7	https://www.inaturalist.org/observations/188384984	Fungi	Basidiomycota	Agaricomycetes	Agaricales	Tricholomataceae	Tricholomopsis	Tricholomopsis decora		SPECIES	Tricholomopsis decora (Fr.) Singer	Tricholomopsis decora		CA		Québec	PRESENT		28eb1a3f-1c15-4a95-931a-4af90ecb574d	45.660204	-74.246258	404.0						2023-10-14T09:24	14	10	2023	9056826	9056826	HUMAN_OBSERVATION	iNaturalist	Observations	188384984		Antoine Fortin	2023-10-21T15:00:46	CC_BY_NC_4_0	Antoine Fortin	Antoine Fortin			2025-01-14T12:42:52.508Z	StillImage	COORDINATE_ROUNDED;CONTINENT_DERIVED_FROM_COORDINATES;TAXON_MATCH_TAXON_ID_IGNORED
4430950120	50c9509d-22c7-4a22-a47d-8c48425ef4a7	https://www.inaturalist.org/observations/182455494	Fungi	Basidiomycota	Agaricomycetes	Agaricales	Tricholomataceae	Tricholomopsis	Tricholomopsis decora		SPECIES	Tricholomopsis decora (Fr.) Singer	Tricholomopsis decora		CA		Ontario	PRESENT		28eb1a3f-1c15-4a95-931a-4af90ecb574d	45.576213	-78.509347	5.0						2023-09-09T08:55:13	9	9	2023	9056826	9056826	HUMAN_OBSERVATION	iNaturalist	Observations	182455494		Jeffrey H. Skevington	2023-09-09T12:56:07	CC_BY_NC_4_0	Jeffrey H. Skevington	Jeffrey H. Skevington			2025-01-14T13:32:28.350Z	StillImage	COORDINATE_ROUNDED;CONTINENT_DERIVED_FROM_COORDINATES;TAXON_MATCH_TAXON_ID_IGNORED
4430891032	50c9509d-22c7-4a22-a47d-8c48425ef4a7	https://www.inaturalist.org/observations/141389451	Fungi	Basidiomycota	Agaricomycetes	Agaricales	Tricholomataceae	Tricholomopsis	Tricholomopsis decora		SPECIES	Tricholomopsis decora (Fr.) Singer	Tricholomopsis decora		CA		New Brunswick	PRESENT		28eb1a3f-1c15-4a95-931a-4af90ecb574d	46.79616	-66.56517							2022-08-15	15	8	2022	9056826	9056826	HUMAN_OBSERVATION	iNaturalist	Observations	141389451		Alex Hood	2022-11-07T18:25:57	CC_BY_NC_4_0	Alex Hood	Alex Hood			2025-01-14T13:26:15.902Z	StillImage	CONTINENT_DERIVED_FROM_COORDINATES;TAXON_MATCH_TAXON_ID_IGNORED
4430883695	50c9509d-22c7-4a22-a47d-8c48425ef4a7	https://www.inaturalist.org/observations/94952505	Fungi	Basidiomycota	Agaricomycetes	Agaricales	Tricholomataceae	Tricholomopsis	Tricholomopsis decora		SPECIES	Tricholomopsis decora (Fr.) Singer	Tricholomopsis decora		CA		Ontario	PRESENT		28eb1a3f-1c15-4a95-931a-4af90ecb574d	45.21823	-78.64892	4.0						2021-09-15T11:22:45	15	9	2021	9056826	9056826	HUMAN_OBSERVATION	iNaturalist	Observations	94952505		phenry64	2021-09-15T18:33:56	CC_BY_NC_4_0	phenry64	phenry64			2025-01-14T12:21:17.820Z	StillImage	CONTINENT_DERIVED_FROM_COORDINATES;TAXON_MATCH_TAXON_ID_IGNORED
4430869005	50c9509d-22c7-4a22-a47d-8c48425ef4a7	https://www.inaturalist.org/observations/135321907	Fungi	Basidiomycota	Agaricomycetes	Agaricales	Tricholomataceae	Tricholomopsis	Tricholomopsis decora		SPECIES	Tricholomopsis decora (Fr.) Singer	Tricholomopsis decora		CA		Ontario	PRESENT		28eb1a3f-1c15-4a95-931a-4af90ecb574d	46.295833	-78.888056							2022-09-09T12:02:53	9	9	2022	9056826	9056826	HUMAN_OBSERVATION	iNaturalist	Observations	135321907		Nikolett Tóth	2022-09-17T01:25:26	CC_BY_NC_4_0	Nikolett Tóth	Nikolett Tóth			2025-01-14T13:25:24.034Z	StillImage	COORDINATE_ROUNDED;CONTINENT_DERIVED_FROM_COORDINATES;TAXON_MATCH_TAXON_ID_IGNORED
4430860967	50c9509d-22c7-4a22-a47d-8c48425ef4a7	https://www.inaturalist.org/observations/133660376	Fungi	Basidiomycota	Agaricomycetes	Agaricales	Tricholomataceae	Tricholomopsis	Tricholomopsis decora		SPECIES	Tricholomopsis decora (Fr.) Singer	Tricholomopsis decora		CA		Ontario	PRESENT		28eb1a3f-1c15-4a95-931a-4af90ecb574d	45.071753	-79.117632	229.0						2022-09-04T11:56	4	9	2022	9056826	9056826	HUMAN_OBSERVATION	iNaturalist	Observations	133660376		Peter Jessen	2022-09-04T19:33:08	CC_BY_NC_4_0	Peter Jessen	Peter Jessen			2025-01-14T12:32:09.510Z	StillImage	COORDINATE_ROUNDED;CONTINENT_DERIVED_FROM_COORDINATES;TAXON_MATCH_TAXON_ID_IGNORED
4430585214	50c9509d-22c7-4a22-a47d-8c48425ef4a7	https://www.inaturalist.org/observations/187566824	Fungi	Basidiomycota	Agaricomycetes	Agaricales	Tricholomataceae	Tricholomopsis	Tricholomopsis decora		SPECIES	Tricholomopsis decora (Fr.) Singer	Tricholomopsis decora		CA		Québec	PRESENT		28eb1a3f-1c15-4a95-931a-4af90ecb574d	45.665112	-74.243125	4.0						2023-10-14T09:48:38	14	10	2023	9056826	9056826	HUMAN_OBSERVATION	iNaturalist	Observations	187566824		Mical	2023-10-15T00:16:29	CC_BY_4_0	Mical	Mical			2025-01-14T12:40:22.947Z	StillImage	COORDINATE_ROUNDED;CONTINENT_DERIVED_FROM_COORDINATES;TAXON_MATCH_TAXON_ID_IGNORED
4430547352	50c9509d-22c7-4a22-a47d-8c48425ef4a7	https://www.inaturalist.org/observations/184793095	Fungi	Basidiomycota	Agaricomycetes	Agaricales	Tricholomataceae	Tricholomopsis	Tricholomopsis decora		SPECIES	Tricholomopsis decora (Fr.) Singer	Tricholomopsis decora		CA		Québec	PRESENT		28eb1a3f-1c15-4a95-931a-4af90ecb574d	45.740369	-74.095396	27126.0						2023-09-24T09:20:38	24	9	2023	9056826	9056826	HUMAN_OBSERVATION	iNaturalist	Observations	184793095		Lori Pearson	2023-09-25T00:46:49	CC_BY_NC_4_0	Lori Pearson	Lori Pearson			2025-01-14T12:40:08.838Z	StillImage	COORDINATE_ROUNDED;CONTINENT_DERIVED_FROM_COORDINATES;TAXON_MATCH_TAXON_ID_IGNORED
4430533326	50c9509d-22c7-4a22-a47d-8c48425ef4a7	https://www.inaturalist.org/observations/184627742	Fungi	Basidiomycota	Agaricomycetes	Agaricales	Tricholomataceae	Tricholomopsis	Tricholomopsis decora		SPECIES	Tricholomopsis decora (Fr.) Singer	Tricholomopsis decora		CA		New Brunswick	PRESENT		28eb1a3f-1c15-4a95-931a-4af90ecb574d	45.793763	-66.863411							2023-09-22T14:28:12	22	9	2023	9056826	9056826	HUMAN_OBSERVATION	iNaturalist	Observations	184627742		Andrew MacPherson	2023-09-24T01:59:59	CC0_1_0	Andrew MacPherson	Andrew MacPherson			2025-01-14T13:33:42.360Z	StillImage	COORDINATE_ROUNDED;CONTINENT_DERIVED_FROM_COORDINATES;TAXON_MATCH_TAXON_ID_IGNORED
4430458906	50c9509d-22c7-4a22-a47d-8c48425ef4a7	https://www.inaturalist.org/observations/178023930	Fungi	Basidiomycota	Agaricomycetes	Agaricales	Tricholomataceae	Tricholomopsis	Tricholomopsis decora		SPECIES	Tricholomopsis decora (Fr.) Singer	Tricholomopsis decora		CA		Ontario	PRESENT		28eb1a3f-1c15-4a95-931a-4af90ecb574d	45.370305	-75.796526	4.0						2023-08-12T13:18:18	12	8	2023	9056826	9056826	HUMAN_OBSERVATION	iNaturalist	Observations	178023930		jfcroteau	2023-08-12T17:19:00	CC_BY_NC_4_0	jfcroteau	jfcroteau			2025-01-14T12:38:20.793Z	StillImage	COORDINATE_ROUNDED;CONTINENT_DERIVED_FROM_COORDINATES;TAXON_MATCH_TAXON_ID_IGNORED
4430457250	50c9509d-22c7-4a22-a47d-8c48425ef4a7	https://www.inaturalist.org/observations/184289528	Fungi	Basidiomycota	Agaricomycetes	Agaricales	Tricholomataceae	Tricholomopsis	Tricholomopsis decora		SPECIES	Tricholomopsis decora (Fr.) Singer	Tricholomopsis decora		CA		New Brunswick	PRESENT		28eb1a3f-1c15-4a95-931a-4af90ecb574d	45.714333	-65.883313	27126.0						2023-09-21T10:03:09	21	9	2023	9056826	9056826	HUMAN_OBSERVATION	iNaturalist	Observations	184289528		Shane Mercer	2023-09-21T18:02:13	CC_BY_NC_4_0	Shane Mercer	Shane Mercer			2025-01-14T13:27:45.238Z	StillImage	COORDINATE_ROUNDED;CONTINENT_DERIVED_FROM_COORDINATES;TAXON_MATCH_TAXON_ID_IGNORED
4430453200	50c9509d-22c7-4a22-a47d-8c48425ef4a7	https://www.inaturalist.org/observations/182527614	Fungi	Basidiomycota	Agaricomycetes	Agaricales	Tricholomataceae	Tricholomopsis	Tricholomopsis decora		SPECIES	Tricholomopsis decora (Fr.) Singer	Tricholomopsis decora		CA		Ontario	PRESENT		28eb1a3f-1c15-4a95-931a-4af90ecb574d	46.083506	-78.376708	6.0						2023-09-07T09:09:42	7	9	2023	9056826	9056826	HUMAN_OBSERVATION	iNaturalist	Observations	182527614		carolynseburn	2023-09-09T20:21:34	CC_BY_NC_4_0	carolynseburn	carolynseburn			2025-01-14T13:33:13.589Z	StillImage	COORDINATE_ROUNDED;CONTINENT_DERIVED_FROM_COORDINATES;TAXON_MATCH_TAXON_ID_IGNORED
4430428675	50c9509d-22c7-4a22-a47d-8c48425ef4a7	https://www.inaturalist.org/observations/96142121	Fungi	Basidiomycota	Agaricomycetes	Agaricales	Tricholomataceae	Tricholomopsis	Tricholomopsis decora		SPECIES	Tricholomopsis decora (Fr.) Singer	Tricholomopsis decora		CA		Ontario	PRESENT		28eb1a3f-1c15-4a95-931a-4af90ecb574d	45.315072	-75.844674	31.0						2021-09-25T15:10	25	9	2021	9056826	9056826	HUMAN_OBSERVATION	iNaturalist	Observations	96142121		Stewart Zeyl	2021-09-25T21:09:56	CC_BY_NC_4_0	Stewart Zeyl	Stewart Zeyl			2025-01-14T13:14:42.464Z	StillImage	COORDINATE_ROUNDED;CONTINENT_DERIVED_FROM_COORDINATES;TAXON_MATCH_TAXON_ID_IGNORED
4430402979	50c9509d-22c7-4a22-a47d-8c48425ef4a7	https://www.inaturalist.org/observations/134233089	Fungi	Basidiomycota	Agaricomycetes	Agaricales	Tricholomataceae	Tricholomopsis	Tricholomopsis decora		SPECIES	Tricholomopsis decora (Fr.) Singer	Tricholomopsis decora		CA		Québec	PRESENT		28eb1a3f-1c15-4a95-931a-4af90ecb574d	45.845575	-76.456673	27095.0						2022-09-05T11:20	5	9	2022	9056826	9056826	HUMAN_OBSERVATION	iNaturalist	Observations	134233089		Adam Gordon	2022-10-17T19:35:36	CC_BY_NC_4_0	L Joan Heyding	L Joan Heyding			2025-01-14T12:32:09.643Z	StillImage	COORDINATE_ROUNDED;CONTINENT_DERIVED_FROM_COORDINATES;TAXON_MATCH_TAXON_ID_IGNORED
4430402636	50c9509d-22c7-4a22-a47d-8c48425ef4a7	https://www.inaturalist.org/observations/91994318	Fungi	Basidiomycota	Agaricomycetes	Agaricales	Tricholomataceae	Tricholomopsis	Tricholomopsis decora		SPECIES	Tricholomopsis decora (Fr.) Singer	Tricholomopsis decora		CA		Ontario	PRESENT		28eb1a3f-1c15-4a95-931a-4af90ecb574d	46.30118	-78.86506	395.0						2021-08-02T14:44:14	2	8	2021	9056826	9056826	HUMAN_OBSERVATION	iNaturalist	Observations	91994318		taylorbc	2021-08-21T18:11:41	CC_BY_NC_4_0	taylorbc	taylorbc			2025-01-14T12:21:17.471Z	StillImage	COORDINATE_ROUNDED;CONTINENT_DERIVED_FROM_COORDINATES;TAXON_MATCH_TAXON_ID_IGNORED
4177477217	50c9509d-22c7-4a22-a47d-8c48425ef4a7	https://www.inaturalist.org/observations/178185155	Fungi	Basidiomycota	Agaricomycetes	Agaricales	Tricholomataceae	Tricholomopsis	Tricholomopsis decora		SPECIES	Tricholomopsis decora (Fr.) Singer	Tricholomopsis decora		CA		Ontario	PRESENT		28eb1a3f-1c15-4a95-931a-4af90ecb574d	45.108009	-76.341555	32.0						2023-08-13T10:43:40	13	8	2023	9056826	9056826	HUMAN_OBSERVATION	iNaturalist	Observations	178185155		Igor Khomenko	2023-08-13T18:22:05	CC_BY_NC_4_0	Igor Khomenko	Igor Khomenko			2025-01-14T13:32:19.406Z	StillImage	COORDINATE_ROUNDED;CONTINENT_DERIVED_FROM_COORDINATES;TAXON_MATCH_TAXON_ID_IGNORED
4018202310	50c9509d-22c7-4a22-a47d-8c48425ef4a7	https://www.inaturalist.org/observations/9572042	Fungi	Basidiomycota	Agaricomycetes	Agaricales	Tricholomataceae	Tricholomopsis	Tricholomopsis decora		SPECIES	Tricholomopsis decora (Fr.) Singer	Tricholomopsis decora		CA		Ontario	PRESENT		28eb1a3f-1c15-4a95-931a-4af90ecb574d	45.38425	-78.9228	1300.0						2012-09-23	23	9	2012	9056826	9056826	HUMAN_OBSERVATION	iNaturalist	Observations	9572042		mycowalt	2018-01-23T07:49:02	CC_BY_NC_4_0	mycowalt	mycowalt			2025-01-14T12:58:24.342Z	StillImage	CONTINENT_DERIVED_FROM_COORDINATES;TAXON_MATCH_TAXON_ID_IGNORED
3966381894	50c9509d-22c7-4a22-a47d-8c48425ef4a7	https://www.inaturalist.org/observations/141656730	Fungi	Basidiomycota	Agaricomycetes	Agaricales	Tricholomataceae	Tricholomopsis	Tricholomopsis decora		SPECIES	Tricholomopsis decora (Fr.) Singer	Tricholomopsis decora		CA		New Brunswick	PRESENT		28eb1a3f-1c15-4a95-931a-4af90ecb574d	45.549703	-65.02181	122.0						2021-09-29T11:01	29	9	2021	9056826	9056826	HUMAN_OBSERVATION	iNaturalist	Observations	141656730		Alfredo Justo	2022-11-11T01:02:51	CC_BY_NC_4_0	Alfredo Justo	Alfredo Justo			2025-01-14T13:18:57.610Z	StillImage	COORDINATE_ROUNDED;CONTINENT_DERIVED_FROM_COORDINATES;TAXON_MATCH_TAXON_ID_IGNORED
3911419736	55585622-7aeb-4921-a07c-5ddc97de9c5b	MGYA00523315_Eukaryota:Fungi:Basidiomycota:Agaricomycetes:Agaricales:Tricholomataceae:Tricholomopsis:Tricholomopsis_decora	Fungi	Basidiomycota	Agaricomycetes	Agaricales	Tricholomataceae	Tricholomopsis	Tricholomopsis decora		SPECIES	Tricholomopsis decora (Fr.) Singer	Tricholomopsis decora		CA	Varennes		PRESENT		ab733144-7043-4e88-bd4f-fca7bf858880	45.72	-73.37					0.15	0.0					9056826	9056826	MATERIAL_SAMPLE							CC_BY_4_0					2025-01-15T11:18:44.429Z		GEODETIC_DATUM_ASSUMED_WGS84;CONTINENT_DERIVED_FROM_COORDINATES
3911208611	55585622-7aeb-4921-a07c-5ddc97de9c5b	MGYA00523564_Eukaryota:Fungi:Basidiomycota:Agaricomycetes:Agaricales:Tricholomataceae:Tricholomopsis:Tricholomopsis_decora	Fungi	Basidiomycota	Agaricomycetes	Agaricales	Tricholomataceae	Tricholomopsis	Tricholomopsis decora		SPECIES	Tricholomopsis decora (Fr.) Singer	Tricholomopsis decora		CA	Varennes		PRESENT		ab733144-7043-4e88-bd4f-fca7bf858880	45.72	-73.37					0.15	0.0					9056826	9056826	MATERIAL_SAMPLE							CC_BY_4_0					2025-01-15T11:18:35.345Z		GEODETIC_DATUM_ASSUMED_WGS84;CONTINENT_DERIVED_FROM_COORDINATES
3911133822	55585622-7aeb-4921-a07c-5ddc97de9c5b	MGYA00524963_Eukaryota:Fungi:Basidiomycota:Agaricomycetes:Agaricales:Tricholomataceae:Tricholomopsis:Tricholomopsis_decora	Fungi	Basidiomycota	Agaricomycetes	Agaricales	Tricholomataceae	Tricholomopsis	Tricholomopsis decora		SPECIES	Tricholomopsis decora (Fr.) Singer	Tricholomopsis decora		CA	Varennes		PRESENT		ab733144-7043-4e88-bd4f-fca7bf858880	45.72	-73.37					0.15	0.0					9056826	9056826	MATERIAL_SAMPLE							CC_BY_4_0					2025-01-15T11:18:33.073Z		GEODETIC_DATUM_ASSUMED_WGS84;CONTINENT_DERIVED_FROM_COORDINATES
3911133322	55585622-7aeb-4921-a07c-5ddc97de9c5b	MGYA00578582_Eukaryota:Fungi:Basidiomycota:Agaricomycetes:Agaricales:Tricholomataceae:Tricholomopsis:Tricholomopsis_decora	Fungi	Basidiomycota	Agaricomycetes	Agaricales	Tricholomataceae	Tricholomopsis	Tricholomopsis decora		SPECIES	Tricholomopsis decora (Fr.) Singer	Tricholomopsis decora		CA	Varennes		PRESENT		ab733144-7043-4e88-bd4f-fca7bf858880	45.72	-73.37					0.15	0.0					9056826	9056826	MATERIAL_SAMPLE							CC_BY_4_0					2025-01-15T11:18:32.967Z		GEODETIC_DATUM_ASSUMED_WGS84;CONTINENT_DERIVED_FROM_COORDINATES
3903566798	50c9509d-22c7-4a22-a47d-8c48425ef4a7	https://www.inaturalist.org/observations/133752987	Fungi	Basidiomycota	Agaricomycetes	Agaricales	Tricholomataceae	Tricholomopsis	Tricholomopsis decora		SPECIES	Tricholomopsis decora (Fr.) Singer	Tricholomopsis decora		CA		Québec	PRESENT		28eb1a3f-1c15-4a95-931a-4af90ecb574d	46.186578	-74.595642	4.0						2022-09-05T06:53:12	5	9	2022	9056826	9056826	HUMAN_OBSERVATION	iNaturalist	Observations	133752987		Ben	2022-09-07T00:40:31	CC_BY_NC_4_0	Danielle-Claude Bélanger	Danielle-Claude Bélanger			2025-01-14T13:25:33.900Z	StillImage	COORDINATE_ROUNDED;CONTINENT_DERIVED_FROM_COORDINATES;TAXON_MATCH_TAXON_ID_IGNORED
3902491375	50c9509d-22c7-4a22-a47d-8c48425ef4a7	https://www.inaturalist.org/observations/134362917	Fungi	Basidiomycota	Agaricomycetes	Agaricales	Tricholomataceae	Tricholomopsis	Tricholomopsis decora		SPECIES	Tricholomopsis decora (Fr.) Singer	Tricholomopsis decora		CA		New Brunswick	PRESENT		28eb1a3f-1c15-4a95-931a-4af90ecb574d	45.945011	-66.110292	18.0						2022-09-08T11:10	8	9	2022	9056826	9056826	HUMAN_OBSERVATION	iNaturalist	Observations	134362917		Alfredo Justo	2022-09-10T00:00:56	CC_BY_NC_4_0	Alfredo Justo	Alfredo Justo			2025-01-14T13:25:21.210Z	StillImage	COORDINATE_ROUNDED;CONTINENT_DERIVED_FROM_COORDINATES;TAXON_MATCH_TAXON_ID_IGNORED
3892678457	50c9509d-22c7-4a22-a47d-8c48425ef4a7	https://www.inaturalist.org/observations/126394874	Fungi	Basidiomycota	Agaricomycetes	Agaricales	Tricholomataceae	Tricholomopsis	Tricholomopsis decora		SPECIES	Tricholomopsis decora (Fr.) Singer	Tricholomopsis decora		CA		Ontario	PRESENT		28eb1a3f-1c15-4a95-931a-4af90ecb574d	45.443951	-76.359834	45.0						2022-07-13T12:35:21	13	7	2022	9056826	9056826	HUMAN_OBSERVATION	iNaturalist	Observations	126394874		cinna_latifolia	2022-08-09T20:43:03	CC_BY_NC_4_0	Cerys_just_Cerys	Cerys_just_Cerys			2025-01-14T12:31:07.843Z	StillImage	COORDINATE_ROUNDED;CONTINENT_DERIVED_FROM_COORDINATES;TAXON_MATCH_TAXON_ID_IGNORED
3892463677	50c9509d-22c7-4a22-a47d-8c48425ef4a7	https://www.inaturalist.org/observations/130323626	Fungi	Basidiomycota	Agaricomycetes	Agaricales	Tricholomataceae	Tricholomopsis	Tricholomopsis decora		SPECIES	Tricholomopsis decora (Fr.) Singer	Tricholomopsis decora		CA		Québec	PRESENT		28eb1a3f-1c15-4a95-931a-4af90ecb574d	45.878987	-76.579749	27095.0						2022-08-09T14:45	9	8	2022	9056826	9056826	HUMAN_OBSERVATION	iNaturalist	Observations	130323626		L Joan Heyding	2022-08-11T01:56:42	CC_BY_NC_4_0	L Joan Heyding	L Joan Heyding			2025-01-14T12:31:37.048Z	StillImage	COORDINATE_ROUNDED;CONTINENT_DERIVED_FROM_COORDINATES;TAXON_MATCH_TAXON_ID_IGNORED
3888862018	50c9509d-22c7-4a22-a47d-8c48425ef4a7	https://www.inaturalist.org/observations/129484242	Fungi	Basidiomycota	Agaricomycetes	Agaricales	Tricholomataceae	Tricholomopsis	Tricholomopsis decora		SPECIES	Tricholomopsis decora (Fr.) Singer	Tricholomopsis decora		CA		Québec	PRESENT		28eb1a3f-1c15-4a95-931a-4af90ecb574d	45.832908	-76.493256	27095.0						2022-07-30T10:32	30	7	2022	9056826	9056826	HUMAN_OBSERVATION	iNaturalist	Observations	129484242		L Joan Heyding	2022-08-05T00:42:14	CC_BY_NC_4_0	L Joan Heyding	L Joan Heyding			2025-01-14T13:24:49.785Z	StillImage	COORDINATE_ROUNDED;CONTINENT_DERIVED_FROM_COORDINATES;TAXON_MATCH_TAXON_ID_IGNORED
3456182721	50c9509d-22c7-4a22-a47d-8c48425ef4a7	https://www.inaturalist.org/observations/103222369	Fungi	Basidiomycota	Agaricomycetes	Agaricales	Tricholomataceae	Tricholomopsis	Tricholomopsis decora		SPECIES	Tricholomopsis decora (Fr.) Singer	Tricholomopsis decora		CA		New Brunswick	PRESENT		28eb1a3f-1c15-4a95-931a-4af90ecb574d	46.385178	-64.649755	298.0						2021-10-01T14:20	1	10	2021	9056826	9056826	HUMAN_OBSERVATION	iNaturalist	Observations	103222369		Stuart Tingley	2021-12-18T00:04:43	CC_BY_NC_4_0	Stuart Tingley	Stuart Tingley			2025-01-14T13:17:11.324Z	StillImage	COORDINATE_ROUNDED;CONTINENT_DERIVED_FROM_COORDINATES;TAXON_MATCH_TAXON_ID_IGNORED
3455743309	50c9509d-22c7-4a22-a47d-8c48425ef4a7	https://www.inaturalist.org/observations/97790218	Fungi	Basidiomycota	Agaricomycetes	Agaricales	Tricholomataceae	Tricholomopsis	Tricholomopsis decora		SPECIES	Tricholomopsis decora (Fr.) Singer	Tricholomopsis decora		CA		New Brunswick	PRESENT		28eb1a3f-1c15-4a95-931a-4af90ecb574d	47.749383	-64.957962	8.0						2021-10-09T16:38:57	9	10	2021	9056826	9056826	HUMAN_OBSERVATION	iNaturalist	Observations	97790218		Ben	2021-10-29T20:04:34	CC_BY_NC_4_0	ahebert	ahebert			2025-01-14T12:22:37.124Z	StillImage	COORDINATE_ROUNDED;CONTINENT_DERIVED_FROM_COORDINATES;TAXON_MATCH_TAXON_ID_IGNORED
3398677848	50c9509d-22c7-4a22-a47d-8c48425ef4a7	https://www.inaturalist.org/observations/96034752	Fungi	Basidiomycota	Agaricomycetes	Agaricales	Tricholomataceae	Tricholomopsis	Tricholomopsis decora		SPECIES	Tricholomopsis decora (Fr.) Singer	Tricholomopsis decora		CA		Ontario	PRESENT		28eb1a3f-1c15-4a95-931a-4af90ecb574d	45.358174	-75.617904	8.0						2021-09-24T11:05	24	9	2021	9056826	9056826	HUMAN_OBSERVATION	iNaturalist	Observations	96034752		Igor Khomenko	2021-10-27T00:20:44	CC_BY_4_0	christine123	christine123			2025-01-14T12:22:31.734Z	StillImage	COORDINATE_ROUNDED;CONTINENT_DERIVED_FROM_COORDINATES;TAXON_MATCH_TAXON_ID_IGNORED
3384121902	50c9509d-22c7-4a22-a47d-8c48425ef4a7	https://www.inaturalist.org/observations/96712059	Fungi	Basidiomycota	Agaricomycetes	Agaricales	Tricholomataceae	Tricholomopsis	Tricholomopsis decora		SPECIES	Tricholomopsis decora (Fr.) Singer	Tricholomopsis decora		CA		Nova Scotia	PRESENT		28eb1a3f-1c15-4a95-931a-4af90ecb574d	45.217138	-64.438402	4.0						2021-09-30T15:43:05	30	9	2021	9056826	9056826	HUMAN_OBSERVATION	iNaturalist	Observations	96712059		carol_fellowes	2021-09-30T18:59:34	CC_BY_NC_4_0	carol_fellowes	carol_fellowes			2025-01-14T13:15:13.146Z	StillImage	COORDINATE_ROUNDED;CONTINENT_DERIVED_FROM_COORDINATES;TAXON_MATCH_TAXON_ID_IGNORED
3349387554	d8cd16ba-bb74-4420-821e-083f2bac17c2	MN992542	Fungi	Basidiomycota	Agaricomycetes	Agaricales	Tricholomataceae	Tricholomopsis	Tricholomopsis decora		SPECIES	Tricholomopsis decora (Fr.) Singer	Tricholomopsis decora		CA	Quebec, Anticosti		PRESENT		ada9d123-ddb4-467d-8891-806ea8d94230	49.9	-64.4							2015-09-09	9	9	2015	9056826	9056826	PRESERVED_SPECIMEN			ANT238-QFB28736		Renee Lebeuf		CC_BY_4_0		Bouchard, H.			2025-01-18T13:05:50.794Z		GEODETIC_DATUM_ASSUMED_WGS84;CONTINENT_DERIVED_FROM_COORDINATES;TAXON_MATCH_TAXON_CONCEPT_ID_IGNORED;TAXON_MATCH_TAXON_ID_IGNORED
3346923468	d8cd16ba-bb74-4420-821e-083f2bac17c2	JN021111	Fungi	Basidiomycota	Agaricomycetes	Agaricales	Tricholomataceae	Tricholomopsis	Tricholomopsis decora		SPECIES	Tricholomopsis decora (Fr.) Singer	Tricholomopsis decora		CA	Wildlife Research Station, Algonquin Provincial Park		PRESENT		ada9d123-ddb4-467d-8891-806ea8d94230	45.56	-78.58							2006-01-10	10	1	2006	9056826	9056826	PRESERVED_SPECIMEN			TRTC150967		Maryna Ya Didukh		CC_BY_4_0		Maryna Didukh			2025-01-18T13:03:52.162Z		GEODETIC_DATUM_ASSUMED_WGS84;CONTINENT_DERIVED_FROM_COORDINATES;TAXON_MATCH_TAXON_CONCEPT_ID_IGNORED;TAXON_MATCH_TAXON_ID_IGNORED
2901551551	50c9509d-22c7-4a22-a47d-8c48425ef4a7	https://www.inaturalist.org/observations/61249058	Fungi	Basidiomycota	Agaricomycetes	Agaricales	Tricholomataceae	Tricholomopsis	Tricholomopsis decora		SPECIES	Tricholomopsis decora (Fr.) Singer	Tricholomopsis decora		CA		Ontario	PRESENT		28eb1a3f-1c15-4a95-931a-4af90ecb574d	45.5622	-78.281391	516.0						2020-09-17T12:23	17	9	2020	9056826	9056826	HUMAN_OBSERVATION	iNaturalist	Observations	61249058		Tim Thorington	2020-09-29T21:27:28	CC_BY_NC_4_0	Tim Thorington	Tim Thorington			2025-01-14T13:10:13.115Z	StillImage	COORDINATE_ROUNDED;CONTINENT_DERIVED_FROM_COORDINATES;TAXON_MATCH_TAXON_ID_IGNORED
2851224851	50c9509d-22c7-4a22-a47d-8c48425ef4a7	https://www.inaturalist.org/observations/55848075	Fungi	Basidiomycota	Agaricomycetes	Agaricales	Tricholomataceae	Tricholomopsis	Tricholomopsis decora		SPECIES	Tricholomopsis decora (Fr.) Singer	Tricholomopsis decora		CA		Ontario	PRESENT		28eb1a3f-1c15-4a95-931a-4af90ecb574d	45.360293	-75.297786	855.0						2020-08-07T15:46:50	7	8	2020	9056826	9056826	HUMAN_OBSERVATION	iNaturalist	Observations	55848075		Lynn Ovenden	2020-08-08T22:27:20	CC_BY_NC_4_0	Lynn Ovenden	Lynn Ovenden			2025-01-14T13:09:34.293Z	StillImage	COORDINATE_ROUNDED;CONTINENT_DERIVED_FROM_COORDINATES;TAXON_MATCH_TAXON_ID_IGNORED
2851019969	50c9509d-22c7-4a22-a47d-8c48425ef4a7	https://www.inaturalist.org/observations/55220537	Fungi	Basidiomycota	Agaricomycetes	Agaricales	Tricholomataceae	Tricholomopsis	Tricholomopsis decora		SPECIES	Tricholomopsis decora (Fr.) Singer	Tricholomopsis decora		CA		Québec	PRESENT		28eb1a3f-1c15-4a95-931a-4af90ecb574d	45.751	-74.349	10.0						2020-08-02T19:20:44	2	8	2020	9056826	9056826	HUMAN_OBSERVATION	iNaturalist	Observations	55220537		Mical	2020-08-02T23:42:29	CC_BY_4_0	Mical	Mical			2025-01-14T13:09:30.035Z	StillImage	CONTINENT_DERIVED_FROM_COORDINATES;TAXON_MATCH_TAXON_ID_IGNORED
2580088985	50c9509d-22c7-4a22-a47d-8c48425ef4a7	https://www.inaturalist.org/observations/34532491	Fungi	Basidiomycota	Agaricomycetes	Agaricales	Tricholomataceae	Tricholomopsis	Tricholomopsis decora		SPECIES	Tricholomopsis decora (Fr.) Singer	Tricholomopsis decora		CA		New Brunswick	PRESENT		28eb1a3f-1c15-4a95-931a-4af90ecb574d	46.212056	-64.288026	488.0						2014-09-27T11:14	27	9	2014	9056826	9056826	HUMAN_OBSERVATION	iNaturalist	Observations	34532491		Raymonde G Chartier	2019-10-18T12:04:23	CC_BY_NC_4_0	Raymonde G Chartier	Raymonde G Chartier			2025-01-14T12:09:35.839Z	StillImage	COORDINATE_ROUNDED;CONTINENT_DERIVED_FROM_COORDINATES;TAXON_MATCH_TAXON_ID_IGNORED
2580087999	50c9509d-22c7-4a22-a47d-8c48425ef4a7	https://www.inaturalist.org/observations/38117398	Fungi	Basidiomycota	Agaricomycetes	Agaricales	Tricholomataceae	Tricholomopsis	Tricholomopsis decora		SPECIES	Tricholomopsis decora (Fr.) Singer	Tricholomopsis decora		CA		Québec	PRESENT		28eb1a3f-1c15-4a95-931a-4af90ecb574d	45.543454	-75.41917	8299.0						2018-09-02	2	9	2018	9056826	9056826	HUMAN_OBSERVATION	iNaturalist	Observations	38117398		Ben	2020-03-15T19:40:53	CC_BY_NC_4_0	Christian Grenier	Christian Grenier			2025-01-14T13:06:01.403Z	StillImage	COORDINATE_ROUNDED;CONTINENT_DERIVED_FROM_COORDINATES;TAXON_MATCH_TAXON_ID_IGNORED
1990340902	032f1fbe-d21f-407d-be46-5cd1bb1ea397	23924037-790d-4445-aafc-e52947f5bc28	Fungi	Basidiomycota	Agaricomycetes	Agaricales	Tricholomataceae	Tricholomopsis	Tricholomopsis decora		SPECIES	Tricholomopsis decora (Fr.) Singer	Tricholomopsis decora	(Fr.) Singer	CA	Alma, Vic. Alma, Fundy Prov. Pk., East Branch Trail.	New Brunswick	PRESENT		61c539d8-47e0-4b82-875f-b95aad66dcd4	45.649722	-65.126111							2013-09-25	25	9	2013	9056826	9056826	PRESERVED_SPECIMEN	TENN-F		TENN-F-069057	TFB 14393			CC0_1_0		K.W. Hughes			2025-01-12T10:33:36.236Z	StillImage	COORDINATE_ROUNDED;GEODETIC_DATUM_ASSUMED_WGS84;CONTINENT_DERIVED_FROM_COORDINATES;TAXON_MATCH_TAXON_ID_IGNORED;INSTITUTION_MATCH_NONE
1987935813	ca1bcd7e-7387-42f9-81ba-1470db55e3e8	F3184ECF-8B20-894B-9A4B-55554EFB9B35	Fungi	Basidiomycota	Agaricomycetes	Agaricales	Tricholomataceae	Tricholomopsis	Tricholomopsis decora		SPECIES	Tricholomopsis decora (Fr.) Singer	Tricholomopsis decora	(Fr.) Singer	CA	Sackville, Mountview Road Area	New Brunswick	PRESENT		b542788f-0dc2-4a2b-b652-fceced449591	45.95	-64.383333							2003-09		9	2003	9056826	9056826	PRESERVED_SPECIMEN	BBM	UBC	F023851	Sackville B-20	T. Goward		CC0_1_0	The University of British Columbia	T. Goward			2024-11-19T11:27:40.095Z		GEODETIC_DATUM_ASSUMED_WGS84;CONTINENT_DERIVED_FROM_COORDINATES;INSTITUTION_MATCH_FUZZY
1847647219	50c9509d-22c7-4a22-a47d-8c48425ef4a7	https://www.inaturalist.org/observations/9593227	Fungi	Basidiomycota	Agaricomycetes	Agaricales	Tricholomataceae	Tricholomopsis	Tricholomopsis decora		SPECIES	Tricholomopsis decora (Fr.) Singer	Tricholomopsis decora		CA		Ontario	PRESENT		28eb1a3f-1c15-4a95-931a-4af90ecb574d	45.39615	-79.19605	427.0						2016-09-19	19	9	2016	9056826	9056826	HUMAN_OBSERVATION	iNaturalist	Observations	9593227		mycowalt	2018-01-24T01:52:36	CC_BY_NC_4_0	mycowalt	mycowalt			2025-01-14T12:59:42.700Z	StillImage	CONTINENT_DERIVED_FROM_COORDINATES;TAXON_MATCH_TAXON_ID_IGNORED
1847646869	50c9509d-22c7-4a22-a47d-8c48425ef4a7	https://www.inaturalist.org/observations/9592502	Fungi	Basidiomycota	Agaricomycetes	Agaricales	Tricholomataceae	Tricholomopsis	Tricholomopsis decora		SPECIES	Tricholomopsis decora (Fr.) Singer	Tricholomopsis decora		CA		Ontario	PRESENT		28eb1a3f-1c15-4a95-931a-4af90ecb574d	45.5794	-78.51955	385.0						2016-09-16	16	9	2016	9056826	9056826	HUMAN_OBSERVATION	iNaturalist	Observations	9592502		mycowalt	2018-01-24T01:03:12	CC_BY_NC_4_0	mycowalt	mycowalt			2025-01-14T13:00:31.492Z	StillImage	CONTINENT_DERIVED_FROM_COORDINATES;TAXON_MATCH_TAXON_ID_IGNORED
1847646508	50c9509d-22c7-4a22-a47d-8c48425ef4a7	https://www.inaturalist.org/observations/9590006	Fungi	Basidiomycota	Agaricomycetes	Agaricales	Tricholomataceae	Tricholomopsis	Tricholomopsis decora		SPECIES	Tricholomopsis decora (Fr.) Singer	Tricholomopsis decora		CA		Ontario	PRESENT		28eb1a3f-1c15-4a95-931a-4af90ecb574d	45.5794	-78.51955	385.0						2015-09-11	11	9	2015	9056826	9056826	HUMAN_OBSERVATION	iNaturalist	Observations	9590006		mycowalt	2018-01-23T21:49:48	CC_BY_NC_4_0	mycowalt	mycowalt			2025-01-14T13:03:26.831Z	StillImage	CONTINENT_DERIVED_FROM_COORDINATES;TAXON_MATCH_TAXON_ID_IGNORED
1847646507	50c9509d-22c7-4a22-a47d-8c48425ef4a7	https://www.inaturalist.org/observations/9589973	Fungi	Basidiomycota	Agaricomycetes	Agaricales	Tricholomataceae	Tricholomopsis	Tricholomopsis decora		SPECIES	Tricholomopsis decora (Fr.) Singer	Tricholomopsis decora		CA		Ontario	PRESENT		28eb1a3f-1c15-4a95-931a-4af90ecb574d	45.5794	-78.51955	385.0						2015-09-11	11	9	2015	9056826	9056826	HUMAN_OBSERVATION	iNaturalist	Observations	9589973		mycowalt	2018-01-23T21:48:51	CC_BY_NC_4_0	mycowalt	mycowalt			2025-01-14T12:59:45.654Z	StillImage	CONTINENT_DERIVED_FROM_COORDINATES;TAXON_MATCH_TAXON_ID_IGNORED
1847644747	50c9509d-22c7-4a22-a47d-8c48425ef4a7	https://www.inaturalist.org/observations/9572007	Fungi	Basidiomycota	Agaricomycetes	Agaricales	Tricholomataceae	Tricholomopsis	Tricholomopsis decora		SPECIES	Tricholomopsis decora (Fr.) Singer	Tricholomopsis decora		CA		Ontario	PRESENT		28eb1a3f-1c15-4a95-931a-4af90ecb574d	45.5794	-78.51955	385.0						2012-09-21	21	9	2012	9056826	9056826	HUMAN_OBSERVATION	iNaturalist	Observations	9572007		mycowalt	2018-01-23T07:44:38	CC_BY_NC_4_0	mycowalt	mycowalt			2025-01-14T12:04:21.648Z	StillImage	CONTINENT_DERIVED_FROM_COORDINATES;TAXON_MATCH_TAXON_ID_IGNORED
1807255829	e8a25a42-f125-476c-8554-3ec21cd51a84	ACAD:112280	Fungi	Basidiomycota	Agaricomycetes	Agaricales	Tricholomataceae	Tricholomopsis	Tricholomopsis decora		SPECIES	Tricholomopsis decora (Fr.) Singer	Tricholomopsis decora (Fr.) Singer	(Fr.) Singer	CA	(Kentville)	Nova Scotia	PRESENT		6491ad8c-8e49-4bd4-a089-0ddb3bbe0890	45.07662	-64.49592							1952-08-23	23	8	1952	9056826	9056826	PRESERVED_SPECIMEN	Acadia University	ACAD	2000F	2000	Bigelow,HE		CC0_1_0	Acadia University	H, KA			2024-01-25T01:37:05.758Z	StillImage	GEODETIC_DATUM_INVALID;GEODETIC_DATUM_ASSUMED_WGS84;INSTITUTION_MATCH_FUZZY;COLLECTION_MATCH_FUZZY
1807255808	e8a25a42-f125-476c-8554-3ec21cd51a84	ACAD:112105	Fungi	Basidiomycota	Agaricomycetes	Agaricales	Tricholomataceae	Tricholomopsis	Tricholomopsis decora		SPECIES	Tricholomopsis decora (Fr.) Singer	Tricholomopsis decora (Fr.) Singer	(Fr.) Singer	CA	(Kentville)	Nova Scotia	PRESENT		6491ad8c-8e49-4bd4-a089-0ddb3bbe0890	45.07662	-64.49592							1952-10-05	5	10	1952	9056826	9056826	PRESERVED_SPECIMEN	Acadia University	ACAD	1790F	1790	Bigalow		CC0_1_0	Acadia University	H, KA			2024-01-25T01:37:06.144Z	StillImage	GEODETIC_DATUM_INVALID;GEODETIC_DATUM_ASSUMED_WGS84;INSTITUTION_MATCH_FUZZY;COLLECTION_MATCH_FUZZY
1807255640	e8a25a42-f125-476c-8554-3ec21cd51a84	ACAD:112245	Fungi	Basidiomycota	Agaricomycetes	Agaricales	Tricholomataceae	Tricholomopsis	Tricholomopsis decora		SPECIES	Tricholomopsis decora (Fr.) Singer	Tricholomopsis decora (Fr.) Singer	(Fr.) Singer	CA	(Kentville)	Nova Scotia	PRESENT		6491ad8c-8e49-4bd4-a089-0ddb3bbe0890	45.07662	-64.49592							1930-08-30	30	8	1930	9056826	9056826	PRESERVED_SPECIMEN	Acadia University	ACAD	195F	195	Bigeglow,HE		CC0_1_0	Acadia University	H, KA			2024-01-25T01:37:05.751Z	StillImage	GEODETIC_DATUM_INVALID;GEODETIC_DATUM_ASSUMED_WGS84;INSTITUTION_MATCH_FUZZY;COLLECTION_MATCH_FUZZY
1807255247	e8a25a42-f125-476c-8554-3ec21cd51a84	ACAD:111754	Fungi	Basidiomycota	Agaricomycetes	Agaricales	Tricholomataceae	Tricholomopsis	Tricholomopsis decora		SPECIES	Tricholomopsis decora (Fr.) Singer	Tricholomopsis decora (Fr.) Singer	(Fr.) Singer	CA	Kentville	Nova Scotia	PRESENT		6491ad8c-8e49-4bd4-a089-0ddb3bbe0890	45.07662	-64.49592							1951-10-09	9	10	1951	9056826	9056826	PRESERVED_SPECIMEN	Acadia University	ACAD	1398F	1398	Bigelow,HE		CC0_1_0	Acadia University	H, KA			2024-01-25T01:37:07.129Z	StillImage	GEODETIC_DATUM_INVALID;GEODETIC_DATUM_ASSUMED_WGS84;INSTITUTION_MATCH_FUZZY;COLLECTION_MATCH_FUZZY
1453425663	50c9509d-22c7-4a22-a47d-8c48425ef4a7	http://inaturalist.ca/observations/5109418	Fungi	Basidiomycota	Agaricomycetes	Agaricales	Tricholomataceae	Tricholomopsis	Tricholomopsis decora		SPECIES	Tricholomopsis decora (Fr.) Singer	Tricholomopsis decora		CA		New Brunswick	PRESENT		28eb1a3f-1c15-4a95-931a-4af90ecb574d	45.624362	-65.042581							2012-09-20T11:59:35	20	9	2012	9056826	9056826	HUMAN_OBSERVATION	iNaturalist	Observations	5109418		Garrett Taylor	2017-02-15T23:11:23	CC_BY_NC_4_0	Greg Shchepanek	Greg Shchepanek			2025-01-14T12:03:04.693Z		CONTINENT_DERIVED_FROM_COORDINATES;TAXON_MATCH_TAXON_ID_IGNORED
1412706306	21705170-d2b6-42de-8904-c3bca4b83591	CMMF014801	Fungi	Basidiomycota	Agaricomycetes	Agaricales	Tricholomataceae	Tricholomopsis	Tricholomopsis decora		SPECIES	Tricholomopsis decora (Fr.) Singer	Tricholomopsis decora (Fr.) Singer	(Fr.) Singer	CA	Chicoutimi, Québec.	Québec	PRESENT		ff7bd5db-b724-4932-b496-10ea298851f9	48.368277	-71.119642	15000.0						1989-09-09	9	9	1989	9056826	9056826	PRESERVED_SPECIMEN	Université de Montréal Biodiversity Centre	CMMF	CMMF014801	1547	Guérin, Gérard		CC0_1_0	Université de Montréal Biodiversity Centre	Potvin, Annie			2024-01-24T16:38:20.638Z	StillImage	INSTITUTION_MATCH_FUZZY;COLLECTION_MATCH_FUZZY;DIFFERENT_OWNER_INSTITUTION
1412706293	21705170-d2b6-42de-8904-c3bca4b83591	CMMF014800	Fungi	Basidiomycota	Agaricomycetes	Agaricales	Tricholomataceae	Tricholomopsis	Tricholomopsis decora		SPECIES	Tricholomopsis decora (Fr.) Singer	Tricholomopsis decora (Fr.) Singer	(Fr.) Singer	CA	Valinois, Québec.	Québec	PRESENT		ff7bd5db-b724-4932-b496-10ea298851f9	48.645431	-70.897148	4000.0						1986-08-30	30	8	1986	9056826	9056826	PRESERVED_SPECIMEN	Université de Montréal Biodiversity Centre	CMMF	CMMF014800	1546	Guérin, Gérard		CC0_1_0	Université de Montréal Biodiversity Centre	unknown			2024-01-24T16:38:20.638Z	StillImage	INSTITUTION_MATCH_FUZZY;COLLECTION_MATCH_FUZZY;DIFFERENT_OWNER_INSTITUTION
1412706280	21705170-d2b6-42de-8904-c3bca4b83591	CMMF014799	Fungi	Basidiomycota	Agaricomycetes	Agaricales	Tricholomataceae	Tricholomopsis	Tricholomopsis decora		SPECIES	Tricholomopsis decora (Fr.) Singer	Tricholomopsis decora (Fr.) Singer	(Fr.) Singer	CA	Route de Laprairie, Québec.	Québec	PRESENT		ff7bd5db-b724-4932-b496-10ea298851f9	45.385356	-73.389519	10000.0						1978-09-25	25	9	1978	9056826	9056826	PRESERVED_SPECIMEN	Université de Montréal Biodiversity Centre	CMMF	CMMF014799	1543	Guérin, Gérard		CC0_1_0	Université de Montréal Biodiversity Centre	Guérin, Gérard			2024-01-24T16:38:20.539Z	StillImage	INSTITUTION_MATCH_FUZZY;COLLECTION_MATCH_FUZZY;DIFFERENT_OWNER_INSTITUTION
1135071223	21705170-d2b6-42de-8904-c3bca4b83591	CMMF009704	Fungi	Basidiomycota	Agaricomycetes	Agaricales	Tricholomataceae	Tricholomopsis	Tricholomopsis decora		SPECIES	Tricholomopsis decora (Fr.) Singer	Tricholomopsis decora (Fr.) Singer	(Fr.) Singer	CA	Pinède Rourke, Lac-Beauport.	Québec	PRESENT		ff7bd5db-b724-4932-b496-10ea298851f9	46.953091	-71.275238	5000.0						2007-08-08	8	8	2007	9056826	9056826	PRESERVED_SPECIMEN	Université de Montréal Biodiversity Centre	CMMF	CMMF009704	1288	Labrecque, Jacqueline		CC0_1_0	Université de Montréal Biodiversity Centre	Labrecque, Jacqueline			2024-01-24T16:38:21.075Z		INSTITUTION_MATCH_FUZZY;COLLECTION_MATCH_FUZZY;DIFFERENT_OWNER_INSTITUTION
1135071181	21705170-d2b6-42de-8904-c3bca4b83591	CMMF009757	Fungi	Basidiomycota	Agaricomycetes	Agaricales	Tricholomataceae	Tricholomopsis	Tricholomopsis decora		SPECIES	Tricholomopsis decora (Fr.) Singer	Tricholomopsis decora (Fr.) Singer	(Fr.) Singer	CA	Terrain Ulrich, Lac-Beauport.	Québec	PRESENT		ff7bd5db-b724-4932-b496-10ea298851f9	46.953091	-71.275238	5000.0						2007-08-14	14	8	2007	9056826	9056826	PRESERVED_SPECIMEN	Université de Montréal Biodiversity Centre	CMMF	CMMF009757	1341	Labrecque, Jacqueline		CC0_1_0	Université de Montréal Biodiversity Centre	Labrecque, Jacqueline			2024-01-24T16:38:21.154Z	StillImage	INSTITUTION_MATCH_FUZZY;COLLECTION_MATCH_FUZZY;DIFFERENT_OWNER_INSTITUTION
1135070517	21705170-d2b6-42de-8904-c3bca4b83591	CMMF009098	Fungi	Basidiomycota	Agaricomycetes	Agaricales	Tricholomataceae	Tricholomopsis	Tricholomopsis decora		SPECIES	Tricholomopsis decora (Fr.) Singer	Tricholomopsis decora (Fr.) Singer	(Fr.) Singer	CA	Chemin Chapelle, Lac-Beauport.	Québec	PRESENT		ff7bd5db-b724-4932-b496-10ea298851f9	46.949281	-71.284722	250.0						2006-09-01	1	9	2006	9056826	9056826	PRESERVED_SPECIMEN	Université de Montréal Biodiversity Centre	CMMF	CMMF009098	681	Labrecque, Jacqueline		CC0_1_0	Université de Montréal Biodiversity Centre	Labrecque, Jacqueline			2024-01-24T16:38:20.191Z		INSTITUTION_MATCH_FUZZY;COLLECTION_MATCH_FUZZY;DIFFERENT_OWNER_INSTITUTION
1135068993	21705170-d2b6-42de-8904-c3bca4b83591	CMMF007519	Fungi	Basidiomycota	Agaricomycetes	Agaricales	Tricholomataceae	Tricholomopsis	Tricholomopsis decora		SPECIES	Tricholomopsis decora (Fr.) Singer	Tricholomopsis decora (Fr.) Singer	(Fr.) Singer	CA	Drummondville	Québec	PRESENT		ff7bd5db-b724-4932-b496-10ea298851f9	45.95	-72.538333	100.0						2006-08-13	13	8	2006	9056826	9056826	PRESERVED_SPECIMEN	Université de Montréal Biodiversity Centre	CMMF	CMMF007519	C2876	McNeil, Raymond		CC0_1_0	Université de Montréal Biodiversity Centre	McNeil, Raymond			2024-01-24T16:38:15.982Z	StillImage	COORDINATE_ROUNDED;INSTITUTION_MATCH_FUZZY;COLLECTION_MATCH_FUZZY;DIFFERENT_OWNER_INSTITUTION
1135068678	21705170-d2b6-42de-8904-c3bca4b83591	CMMF007214	Fungi	Basidiomycota	Agaricomycetes	Agaricales	Tricholomataceae	Tricholomopsis	Tricholomopsis decora		SPECIES	Tricholomopsis decora (Fr.) Singer	Tricholomopsis decora (Fr.) Singer	(Fr.) Singer	CA	Mirabel (Chemin de la Rivière du Nord)	Québec	PRESENT		ff7bd5db-b724-4932-b496-10ea298851f9	45.683917	-74.2185	100.0						2008-08-15	15	8	2008	9056826	9056826	PRESERVED_SPECIMEN	Université de Montréal Biodiversity Centre	CMMF	CMMF007214	Inexistant	McNeil, Raymond		CC0_1_0	Université de Montréal Biodiversity Centre	McNeil, Raymond			2024-01-24T16:38:21.312Z	StillImage	COORDINATE_ROUNDED;INSTITUTION_MATCH_FUZZY;COLLECTION_MATCH_FUZZY;DIFFERENT_OWNER_INSTITUTION
1135068636	21705170-d2b6-42de-8904-c3bca4b83591	CMMF007138	Fungi	Basidiomycota	Agaricomycetes	Agaricales	Tricholomataceae	Tricholomopsis	Tricholomopsis decora		SPECIES	Tricholomopsis decora (Fr.) Singer	Tricholomopsis decora (Fr.) Singer	(Fr.) Singer	CA	Mirabel (Chemin de la Rivière du Nord)	Québec	PRESENT		ff7bd5db-b724-4932-b496-10ea298851f9	45.683917	-74.2185	100.0						2005-10-12	12	10	2005	9056826	9056826	PRESERVED_SPECIMEN	Université de Montréal Biodiversity Centre	CMMF	CMMF007138	C2649	McNeil, Raymond		CC0_1_0	Université de Montréal Biodiversity Centre	McNeil, Raymond			2024-01-24T16:38:21.027Z	StillImage	COORDINATE_ROUNDED;INSTITUTION_MATCH_FUZZY;COLLECTION_MATCH_FUZZY;DIFFERENT_OWNER_INSTITUTION
1135068300	21705170-d2b6-42de-8904-c3bca4b83591	CMMF006833	Fungi	Basidiomycota	Agaricomycetes	Agaricales	Tricholomataceae	Tricholomopsis	Tricholomopsis decora		SPECIES	Tricholomopsis decora (Fr.) Singer	Tricholomopsis decora (Fr.) Singer	(Fr.) Singer	CA	Lachute	Québec	PRESENT		ff7bd5db-b724-4932-b496-10ea298851f9	45.66275	-74.241983	100.0						1980-09-20	20	9	1980	9056826	9056826	PRESERVED_SPECIMEN	Université de Montréal Biodiversity Centre	CMMF	CMMF006833	922	McNeil, Raymond		CC0_1_0	Université de Montréal Biodiversity Centre	McNeil, Raymond			2024-01-24T16:38:18.538Z	StillImage	COORDINATE_ROUNDED;INSTITUTION_MATCH_FUZZY;COLLECTION_MATCH_FUZZY;DIFFERENT_OWNER_INSTITUTION
1135066704	21705170-d2b6-42de-8904-c3bca4b83591	CMMF010120	Fungi	Basidiomycota	Agaricomycetes	Agaricales	Tricholomataceae	Tricholomopsis	Tricholomopsis decora		SPECIES	Tricholomopsis decora (Fr.) Singer	Tricholomopsis decora (Fr.) Singer	(Fr.) Singer	CA	Wendake.	Québec	PRESENT		ff7bd5db-b724-4932-b496-10ea298851f9	46.867669	-71.36009	1300.0						2007-09-30	30	9	2007	9056826	9056826	PRESERVED_SPECIMEN	Université de Montréal Biodiversity Centre	CMMF	CMMF010120	1706	Labbé, Roland		CC0_1_0	Université de Montréal Biodiversity Centre	Labrecque, Jacqueline			2024-01-24T16:38:20.254Z		INSTITUTION_MATCH_FUZZY;COLLECTION_MATCH_FUZZY;DIFFERENT_OWNER_INSTITUTION
1024558899	21705170-d2b6-42de-8904-c3bca4b83591	CMMF004278	Fungi	Basidiomycota	Agaricomycetes	Agaricales	Tricholomataceae	Tricholomopsis	Tricholomopsis decora		SPECIES	Tricholomopsis decora (Fr.) Singer	Tricholomopsis decora (Fr.) Singer	(Fr.) Singer	CA	Réserve écologique du Boisé-des-Muir, Hinchinbrooke.	Québec	PRESENT		ff7bd5db-b724-4932-b496-10ea298851f9	45.084539	-74.114434	10.0						2012-07-09	9	7	2012	9056826	9056826	PRESERVED_SPECIMEN	Université de Montréal Biodiversity Centre	CMMF	CMMF004278	285	McNeil, Raymond		CC0_1_0	Université de Montréal Biodiversity Centre	Archambault, Raymond; Langlois, Annabelle; McNeil, Raymond; Nuzzolese, Joseph; Turgon, Jean-Pierre			2024-01-24T16:38:18.709Z	StillImage	INSTITUTION_MATCH_FUZZY;COLLECTION_MATCH_FUZZY;DIFFERENT_OWNER_INSTITUTION
