gbifID	datasetKey	occurrenceID	kingdom	phylum	class	order	family	genus	species	infraspecificEpithet	taxonRank	scientificName	verbatimScientificName	verbatimScientificNameAuthorship	countryCode	locality	stateProvince	occurrenceStatus	individualCount	publishingOrgKey	decimalLatitude	decimalLongitude	coordinateUncertaintyInMeters	coordinatePrecision	elevation	elevationAccuracy	depth	depthAccuracy	eventDate	day	month	year	taxonKey	speciesKey	basisOfRecord	institutionCode	collectionCode	catalogNumber	recordNumber	identifiedBy	dateIdentified	license	rightsHolder	recordedBy	typeStatus	establishmentMeans	lastInterpreted	mediaType	issue
694156982	d7cfd2ed-8af4-427f-a16e-eb66b7e2c419	13950	Fungi	Basidiomycota	Agaricomycetes	Agaricales	Marasmiaceae	Clitocybula	Clitocybula oculus		SPECIES	Clitocybula oculus (Peck) Singer	Clitocybula oculus (Peck) Singer	(Peck) Singer	CA	Algonquin Provincial Park	Ontario	PRESENT		ff418020-1d67-11d9-8435-b8a03c50a862	45.759859	-78.376465	67511.0						2006-09-30	30	9	2006	3320431	3320431	PRESERVED_SPECIMEN	Royal Ontario Museum	TRTC	TRTC151200	NF06-09			CC0_1_0	Royal Ontario Museum	Nicole Fergus			2024-01-25T00:59:38.925Z		COORDINATE_ROUNDED;AMBIGUOUS_INSTITUTION
617555133	21705170-d2b6-42de-8904-c3bca4b83591	CMMF000671	Fungi	Basidiomycota	Agaricomycetes	Agaricales	Marasmiaceae	Clitocybula	Clitocybula oculus		SPECIES	Clitocybula oculus (Peck) Singer	Clitocybula oculus (Peck) Singer	(Peck) Singer	CA	Montréal	Québec	PRESENT		ff7bd5db-b724-4932-b496-10ea298851f9	45.509625	-73.662984	25000.0						1989-08-24	24	8	1989	3320431	3320431	PRESERVED_SPECIMEN	Université de Montréal Biodiversity Centre	CMMF	CMMF000671		Lamoureux, Yves		CC0_1_0	Université de Montréal Biodiversity Centre	Lamoureux, Yves			2024-01-24T16:38:20.120Z	StillImage	INSTITUTION_MATCH_FUZZY;COLLECTION_MATCH_FUZZY;DIFFERENT_OWNER_INSTITUTION
617554711	21705170-d2b6-42de-8904-c3bca4b83591	CMMF000048	Fungi	Basidiomycota	Agaricomycetes	Agaricales	Marasmiaceae	Clitocybula	Clitocybula oculus		SPECIES	Clitocybula oculus (Peck) Singer	Clitocybula oculus (Peck) Singer	(Peck) Singer	CA	Montréal	Québec	PRESENT		ff7bd5db-b724-4932-b496-10ea298851f9	45.509625	-73.662984	25000.0						1988-07-15	15	7	1988	3320431	3320431	PRESERVED_SPECIMEN	Université de Montréal Biodiversity Centre	CMMF	CMMF000048		Lamoureux, Yves		CC0_1_0	Université de Montréal Biodiversity Centre	Lamoureux, Yves			2024-01-24T16:38:20.380Z	StillImage	INSTITUTION_MATCH_FUZZY;COLLECTION_MATCH_FUZZY;DIFFERENT_OWNER_INSTITUTION
617550920	21705170-d2b6-42de-8904-c3bca4b83591	CMMF002490	Fungi	Basidiomycota	Agaricomycetes	Agaricales	Marasmiaceae	Clitocybula	Clitocybula oculus		SPECIES	Clitocybula oculus (Peck) Singer	Clitocybula oculus (Peck) Singer	(Peck) Singer	CA	Melocheville	Québec	PRESENT		ff7bd5db-b724-4932-b496-10ea298851f9	45.307492	-73.928526	4000.0						1995-08-16	16	8	1995	3320431	3320431	PRESERVED_SPECIMEN	Université de Montréal Biodiversity Centre	CMMF	CMMF002490		Lamoureux, Yves		CC0_1_0	Université de Montréal Biodiversity Centre	Lamoureux, Yves			2024-01-24T16:38:19.577Z	StillImage	INSTITUTION_MATCH_FUZZY;COLLECTION_MATCH_FUZZY;DIFFERENT_OWNER_INSTITUTION
4946602543	50c9509d-22c7-4a22-a47d-8c48425ef4a7	https://www.inaturalist.org/observations/240825634	Fungi	Basidiomycota	Agaricomycetes	Agaricales	Marasmiaceae	Clitocybula	Clitocybula oculus		SPECIES	Clitocybula oculus (Peck) Singer	Clitocybula oculus		CA		Québec	PRESENT		28eb1a3f-1c15-4a95-931a-4af90ecb574d	45.547459	-73.461056	111.0						2024-08-25T11:30	25	8	2024	3320431	3320431	HUMAN_OBSERVATION	iNaturalist	Observations	240825634		Antoine Fortin	2024-09-09T21:09:32	CC_BY_NC_4_0	Antoine Fortin	Antoine Fortin			2025-01-14T13:44:00.776Z	StillImage	COORDINATE_ROUNDED;CONTINENT_DERIVED_FROM_COORDINATES;TAXON_MATCH_TAXON_ID_IGNORED
4936142270	50c9509d-22c7-4a22-a47d-8c48425ef4a7	https://www.inaturalist.org/observations/238888453	Fungi	Basidiomycota	Agaricomycetes	Agaricales	Marasmiaceae	Clitocybula	Clitocybula oculus		SPECIES	Clitocybula oculus (Peck) Singer	Clitocybula oculus		CA		Ontario	PRESENT		28eb1a3f-1c15-4a95-931a-4af90ecb574d	45.388247	-78.194817	22.0						2024-08-30T17:10:37	30	8	2024	3320431	3320431	HUMAN_OBSERVATION	iNaturalist	Observations	238888453		ilovefrogsmorethanyoudo	2024-08-31T02:23:53	CC_BY_NC_4_0	ilovefrogsmorethanyoudo	ilovefrogsmorethanyoudo			2025-01-14T13:43:08.453Z	StillImage	COORDINATE_ROUNDED;CONTINENT_DERIVED_FROM_COORDINATES;TAXON_MATCH_TAXON_ID_IGNORED
4936051700	50c9509d-22c7-4a22-a47d-8c48425ef4a7	https://www.inaturalist.org/observations/238238250	Fungi	Basidiomycota	Agaricomycetes	Agaricales	Marasmiaceae	Clitocybula	Clitocybula oculus		SPECIES	Clitocybula oculus (Peck) Singer	Clitocybula oculus		CA		Ontario	PRESENT		28eb1a3f-1c15-4a95-931a-4af90ecb574d	45.455478	-75.54927	5.0						2024-08-26T14:26:26	26	8	2024	3320431	3320431	HUMAN_OBSERVATION	iNaturalist	Observations	238238250		Lynn Ovenden	2024-08-27T13:29:55	CC_BY_NC_4_0	Lynn Ovenden	Lynn Ovenden			2025-01-14T12:52:05.452Z	StillImage	COORDINATE_ROUNDED;CONTINENT_DERIVED_FROM_COORDINATES;TAXON_MATCH_TAXON_ID_IGNORED
4926385379	50c9509d-22c7-4a22-a47d-8c48425ef4a7	https://www.inaturalist.org/observations/236808666	Fungi	Basidiomycota	Agaricomycetes	Agaricales	Marasmiaceae	Clitocybula	Clitocybula oculus		SPECIES	Clitocybula oculus (Peck) Singer	Clitocybula oculus		CA		Ontario	PRESENT		28eb1a3f-1c15-4a95-931a-4af90ecb574d	45.339434	-75.666353	35.0						2024-08-19T18:38:35	19	8	2024	3320431	3320431	HUMAN_OBSERVATION	iNaturalist	Observations	236808666		David Thomas Glover	2024-08-19T22:39:34	CC_BY_NC_4_0	David Thomas Glover	David Thomas Glover			2025-01-14T12:48:30.019Z	StillImage	COORDINATE_ROUNDED;CONTINENT_DERIVED_FROM_COORDINATES;TAXON_MATCH_TAXON_ID_IGNORED
4921710462	50c9509d-22c7-4a22-a47d-8c48425ef4a7	https://www.inaturalist.org/observations/233132508	Fungi	Basidiomycota	Agaricomycetes	Agaricales	Marasmiaceae	Clitocybula	Clitocybula oculus		SPECIES	Clitocybula oculus (Peck) Singer	Clitocybula oculus		CA		Ontario	PRESENT		28eb1a3f-1c15-4a95-931a-4af90ecb574d	45.40319	-75.558497							2024-08-01T12:38	1	8	2024	3320431	3320431	HUMAN_OBSERVATION	iNaturalist	Observations	233132508		Igor Khomenko	2024-08-01T18:05:24	CC_BY_NC_4_0	Igor Khomenko	Igor Khomenko			2025-01-14T12:52:18.337Z	StillImage	COORDINATE_ROUNDED;CONTINENT_DERIVED_FROM_COORDINATES;TAXON_MATCH_TAXON_ID_IGNORED
4921484690	50c9509d-22c7-4a22-a47d-8c48425ef4a7	https://www.inaturalist.org/observations/233713833	Fungi	Basidiomycota	Agaricomycetes	Agaricales	Marasmiaceae	Clitocybula	Clitocybula oculus		SPECIES	Clitocybula oculus (Peck) Singer	Clitocybula oculus		CA		Ontario	PRESENT		28eb1a3f-1c15-4a95-931a-4af90ecb574d	45.105633	-76.339103	24.0						2024-08-03T16:31	3	8	2024	3320431	3320431	HUMAN_OBSERVATION	iNaturalist	Observations	233713833		Igor Khomenko	2024-08-04T14:21:41	CC_BY_NC_4_0	Igor Khomenko	Igor Khomenko			2025-01-14T13:48:03.610Z	StillImage	COORDINATE_ROUNDED;CONTINENT_DERIVED_FROM_COORDINATES;TAXON_MATCH_TAXON_ID_IGNORED
4606644647	50c9509d-22c7-4a22-a47d-8c48425ef4a7	https://www.inaturalist.org/observations/192084354	Fungi	Basidiomycota	Agaricomycetes	Agaricales	Marasmiaceae	Clitocybula	Clitocybula oculus		SPECIES	Clitocybula oculus (Peck) Singer	Clitocybula oculus		CA		Québec	PRESENT		28eb1a3f-1c15-4a95-931a-4af90ecb574d	45.44661	-73.248599	90.0						2013-08-06T08:56	6	8	2013	3320431	3320431	HUMAN_OBSERVATION	iNaturalist	Observations	192084354		Jacques Ranger	2023-11-25T16:47:07	CC_BY_NC_4_0	Jacques Ranger	Jacques Ranger			2025-01-14T12:45:25.265Z	StillImage	COORDINATE_ROUNDED;CONTINENT_DERIVED_FROM_COORDINATES;TAXON_MATCH_TAXON_ID_IGNORED
4525139360	50c9509d-22c7-4a22-a47d-8c48425ef4a7	https://www.inaturalist.org/observations/199378888	Fungi	Basidiomycota	Agaricomycetes	Agaricales	Marasmiaceae	Clitocybula	Clitocybula oculus		SPECIES	Clitocybula oculus (Peck) Singer	Clitocybula oculus		CA		Québec	PRESENT		28eb1a3f-1c15-4a95-931a-4af90ecb574d	45.539036	-73.824814	6.0						2023-08-12T12:10	12	8	2023	3320431	3320431	HUMAN_OBSERVATION	iNaturalist	Observations	199378888		michelcournoyer	2024-02-15T17:59:45	CC_BY_NC_4_0	michelcournoyer	michelcournoyer			2025-01-14T13:38:33.889Z	StillImage	COORDINATE_ROUNDED;CONTINENT_DERIVED_FROM_COORDINATES;TAXON_MATCH_TAXON_ID_IGNORED
4519310141	50c9509d-22c7-4a22-a47d-8c48425ef4a7	https://www.inaturalist.org/observations/198564574	Fungi	Basidiomycota	Agaricomycetes	Agaricales	Marasmiaceae	Clitocybula	Clitocybula oculus		SPECIES	Clitocybula oculus (Peck) Singer	Clitocybula oculus		CA		Québec	PRESENT		28eb1a3f-1c15-4a95-931a-4af90ecb574d	46.909708	-71.224643	8.0						2023-08-21	21	8	2023	3320431	3320431	HUMAN_OBSERVATION	iNaturalist	Observations	198564574		Antoine Fortin	2024-02-07T01:58:19	CC_BY_NC_4_0	Christian Grenier	Christian Grenier			2025-01-14T13:37:56.126Z	StillImage	COORDINATE_ROUNDED;CONTINENT_DERIVED_FROM_COORDINATES;TAXON_MATCH_TAXON_ID_IGNORED
4436382580	50c9509d-22c7-4a22-a47d-8c48425ef4a7	https://www.inaturalist.org/observations/189067277	Fungi	Basidiomycota	Agaricomycetes	Agaricales	Marasmiaceae	Clitocybula	Clitocybula oculus		SPECIES	Clitocybula oculus (Peck) Singer	Clitocybula oculus		CA		Québec	PRESENT		28eb1a3f-1c15-4a95-931a-4af90ecb574d	46.248773	-74.816304	4.0						2023-08-19T16:21	19	8	2023	3320431	3320431	HUMAN_OBSERVATION	iNaturalist	Observations	189067277		Sylvain Miller	2023-10-27T00:20:31	CC_BY_NC_4_0	Sylvain Miller	Sylvain Miller			2025-01-14T12:40:51.977Z	StillImage	COORDINATE_ROUNDED;CONTINENT_DERIVED_FROM_COORDINATES;TAXON_MATCH_TAXON_ID_IGNORED
4400314061	50c9509d-22c7-4a22-a47d-8c48425ef4a7	https://www.inaturalist.org/observations/178909216	Fungi	Basidiomycota	Agaricomycetes	Agaricales	Marasmiaceae	Clitocybula	Clitocybula oculus		SPECIES	Clitocybula oculus (Peck) Singer	Clitocybula oculus		CA		Québec	PRESENT		28eb1a3f-1c15-4a95-931a-4af90ecb574d	48.691158	-72.507124							2023-08-17T16:58	17	8	2023	3320431	3320431	HUMAN_OBSERVATION	iNaturalist	Observations	178909216				CC_BY_NC_4_0	Paul Vézina	Paul Vézina			2025-01-14T13:31:49.214Z	StillImage	COORDINATE_ROUNDED;CONTINENT_DERIVED_FROM_COORDINATES;TAXON_MATCH_TAXON_ID_IGNORED
4400064893	50c9509d-22c7-4a22-a47d-8c48425ef4a7	https://www.inaturalist.org/observations/179667711	Fungi	Basidiomycota	Agaricomycetes	Agaricales	Marasmiaceae	Clitocybula	Clitocybula oculus		SPECIES	Clitocybula oculus (Peck) Singer	Clitocybula oculus		CA		Ontario	PRESENT		28eb1a3f-1c15-4a95-931a-4af90ecb574d	45.486445	-76.220398	172.0						2023-08-21T16:36:56	21	8	2023	3320431	3320431	HUMAN_OBSERVATION	iNaturalist	Observations	179667711		tjbonell	2023-08-22T12:34:28	CC_BY_NC_4_0	tjbonell	tjbonell			2025-01-14T12:38:25.788Z	StillImage	COORDINATE_ROUNDED;CONTINENT_DERIVED_FROM_COORDINATES;TAXON_MATCH_TAXON_ID_IGNORED
4177466541	50c9509d-22c7-4a22-a47d-8c48425ef4a7	https://www.inaturalist.org/observations/178102033	Fungi	Basidiomycota	Agaricomycetes	Agaricales	Marasmiaceae	Clitocybula	Clitocybula oculus		SPECIES	Clitocybula oculus (Peck) Singer	Clitocybula oculus		CA		Québec	PRESENT		28eb1a3f-1c15-4a95-931a-4af90ecb574d	45.419103	-75.836657	39.0						2023-08-12T10:34	12	8	2023	3320431	3320431	HUMAN_OBSERVATION	iNaturalist	Observations	178102033		jonathan_mack	2023-08-13T01:42:08	CC_BY_NC_4_0	jonathan_mack	jonathan_mack			2025-01-14T13:26:21.207Z	StillImage	COORDINATE_ROUNDED;CONTINENT_DERIVED_FROM_COORDINATES;TAXON_MATCH_TAXON_ID_IGNORED
4177319257	50c9509d-22c7-4a22-a47d-8c48425ef4a7	https://www.inaturalist.org/observations/178227322	Fungi	Basidiomycota	Agaricomycetes	Agaricales	Marasmiaceae	Clitocybula	Clitocybula oculus		SPECIES	Clitocybula oculus (Peck) Singer	Clitocybula oculus		CA		Ontario	PRESENT		28eb1a3f-1c15-4a95-931a-4af90ecb574d	45.108249	-76.341763	111.0						2023-08-13T10:13	13	8	2023	3320431	3320431	HUMAN_OBSERVATION	iNaturalist	Observations	178227322		Igor Khomenko	2023-08-13T18:31:36	CC_BY_NC_4_0	Igor Khomenko	Igor Khomenko			2025-01-14T13:32:09.118Z	StillImage	COORDINATE_ROUNDED;CONTINENT_DERIVED_FROM_COORDINATES;TAXON_MATCH_TAXON_ID_IGNORED
4177067748	50c9509d-22c7-4a22-a47d-8c48425ef4a7	https://www.inaturalist.org/observations/178140737	Fungi	Basidiomycota	Agaricomycetes	Agaricales	Marasmiaceae	Clitocybula	Clitocybula oculus		SPECIES	Clitocybula oculus (Peck) Singer	Clitocybula oculus		CA		Québec	PRESENT		28eb1a3f-1c15-4a95-931a-4af90ecb574d	45.946061	-76.540229	27095.0						2023-08-08T13:20	8	8	2023	3320431	3320431	HUMAN_OBSERVATION	iNaturalist	Observations	178140737		L Joan Heyding	2023-08-13T09:07:33	CC_BY_NC_4_0	L Joan Heyding	L Joan Heyding			2025-01-14T13:26:21.399Z	StillImage	COORDINATE_ROUNDED;CONTINENT_DERIVED_FROM_COORDINATES;TAXON_MATCH_TAXON_ID_IGNORED
3903524829	50c9509d-22c7-4a22-a47d-8c48425ef4a7	https://www.inaturalist.org/observations/132723447	Fungi	Basidiomycota	Agaricomycetes	Agaricales	Marasmiaceae	Clitocybula	Clitocybula oculus		SPECIES	Clitocybula oculus (Peck) Singer	Clitocybula oculus		CA		Québec	PRESENT		28eb1a3f-1c15-4a95-931a-4af90ecb574d	45.418036	-75.836852	391.0						2022-08-27T09:09	27	8	2022	3320431	3320431	HUMAN_OBSERVATION	iNaturalist	Observations	132723447		L Joan Heyding	2022-08-29T00:38:11	CC_BY_NC_4_0	L Joan Heyding	L Joan Heyding			2025-01-14T12:31:22.814Z	StillImage	COORDINATE_ROUNDED;CONTINENT_DERIVED_FROM_COORDINATES;TAXON_MATCH_TAXON_ID_IGNORED
3903459119	50c9509d-22c7-4a22-a47d-8c48425ef4a7	https://www.inaturalist.org/observations/133078674	Fungi	Basidiomycota	Agaricomycetes	Agaricales	Marasmiaceae	Clitocybula	Clitocybula oculus		SPECIES	Clitocybula oculus (Peck) Singer	Clitocybula oculus		CA		Québec	PRESENT		28eb1a3f-1c15-4a95-931a-4af90ecb574d	45.608307	-75.644903	2.0						2022-08-31T09:49	31	8	2022	3320431	3320431	HUMAN_OBSERVATION	iNaturalist	Observations	133078674		Guy Laflamme	2022-08-31T14:18:42	CC_BY_NC_4_0	Guy Laflamme	Guy Laflamme			2025-01-14T12:32:05.231Z	StillImage	COORDINATE_ROUNDED;CONTINENT_DERIVED_FROM_COORDINATES;TAXON_MATCH_TAXON_ID_IGNORED
3903362069	50c9509d-22c7-4a22-a47d-8c48425ef4a7	https://www.inaturalist.org/observations/132356004	Fungi	Basidiomycota	Agaricomycetes	Agaricales	Marasmiaceae	Clitocybula	Clitocybula oculus		SPECIES	Clitocybula oculus (Peck) Singer	Clitocybula oculus		CA		Ontario	PRESENT		28eb1a3f-1c15-4a95-931a-4af90ecb574d	45.277662	-74.950378	5.0						2022-08-25T10:23:16	25	8	2022	3320431	3320431	HUMAN_OBSERVATION	iNaturalist	Observations	132356004		Lynn Ovenden	2022-08-26T01:45:12	CC_BY_NC_4_0	Lynn Ovenden	Lynn Ovenden			2025-01-14T12:31:33.012Z	StillImage	COORDINATE_ROUNDED;CONTINENT_DERIVED_FROM_COORDINATES;TAXON_MATCH_TAXON_ID_IGNORED
3902599472	50c9509d-22c7-4a22-a47d-8c48425ef4a7	https://www.inaturalist.org/observations/132401819	Fungi	Basidiomycota	Agaricomycetes	Agaricales	Marasmiaceae	Clitocybula	Clitocybula oculus		SPECIES	Clitocybula oculus (Peck) Singer	Clitocybula oculus		CA		Ontario	PRESENT		28eb1a3f-1c15-4a95-931a-4af90ecb574d	45.403469	-75.568022	385.0						2022-08-25T11:41	25	8	2022	3320431	3320431	HUMAN_OBSERVATION	iNaturalist	Observations	132401819		Igor Khomenko	2022-08-26T13:33:55	CC_BY_NC_4_0	Igor Khomenko	Igor Khomenko			2025-01-14T13:25:06.849Z	StillImage	COORDINATE_ROUNDED;CONTINENT_DERIVED_FROM_COORDINATES;TAXON_MATCH_TAXON_ID_IGNORED
3902483238	50c9509d-22c7-4a22-a47d-8c48425ef4a7	https://www.inaturalist.org/observations/131935457	Fungi	Basidiomycota	Agaricomycetes	Agaricales	Marasmiaceae	Clitocybula	Clitocybula oculus		SPECIES	Clitocybula oculus (Peck) Singer	Clitocybula oculus		CA		Ontario	PRESENT		28eb1a3f-1c15-4a95-931a-4af90ecb574d	45.389047	-75.54809							2022-08-22T12:18	22	8	2022	3320431	3320431	HUMAN_OBSERVATION	iNaturalist	Observations	131935457		Igor Khomenko	2022-08-22T21:17:00	CC_BY_NC_4_0	Igor Khomenko	Igor Khomenko			2025-01-14T13:19:03.055Z	StillImage	COORDINATE_ROUNDED;CONTINENT_DERIVED_FROM_COORDINATES;TAXON_MATCH_TAXON_ID_IGNORED
3338154782	50c9509d-22c7-4a22-a47d-8c48425ef4a7	https://www.inaturalist.org/observations/91425488	Fungi	Basidiomycota	Agaricomycetes	Agaricales	Marasmiaceae	Clitocybula	Clitocybula oculus		SPECIES	Clitocybula oculus (Peck) Singer	Clitocybula oculus		CA		Québec	PRESENT		28eb1a3f-1c15-4a95-931a-4af90ecb574d	45.803825	-71.14965	24.0						2021-08-14T19:22:41	14	8	2021	3320431	3320431	HUMAN_OBSERVATION	iNaturalist	Observations	91425488		Jonathan Jensen-Lynch	2021-08-16T21:24:17	CC_BY_4_0	Marilyne Busque-Dubois	Marilyne Busque-Dubois			2025-01-14T13:13:55.843Z	StillImage	CONTINENT_DERIVED_FROM_COORDINATES;TAXON_MATCH_TAXON_ID_IGNORED
3079564666	50c9509d-22c7-4a22-a47d-8c48425ef4a7	https://www.inaturalist.org/observations/31552749	Fungi	Basidiomycota	Agaricomycetes	Agaricales	Marasmiaceae	Clitocybula	Clitocybula oculus		SPECIES	Clitocybula oculus (Peck) Singer	Clitocybula oculus		CA		Ontario	PRESENT		28eb1a3f-1c15-4a95-931a-4af90ecb574d	45.076688	-76.320275	27222.0						2019-08-24T11:48	24	8	2019	3320431	3320431	HUMAN_OBSERVATION	iNaturalist	Observations	31552749		Igor Khomenko	2019-08-26T15:44:08	CC_BY_NC_4_0	Igor Khomenko	Igor Khomenko			2025-01-14T13:00:25.947Z	StillImage	COORDINATE_ROUNDED;CONTINENT_DERIVED_FROM_COORDINATES;TAXON_MATCH_TAXON_ID_IGNORED
3079552925	50c9509d-22c7-4a22-a47d-8c48425ef4a7	https://www.inaturalist.org/observations/57229276	Fungi	Basidiomycota	Agaricomycetes	Agaricales	Marasmiaceae	Clitocybula	Clitocybula oculus		SPECIES	Clitocybula oculus (Peck) Singer	Clitocybula oculus		CA		Ontario	PRESENT		28eb1a3f-1c15-4a95-931a-4af90ecb574d	45.404837	-75.56202	12.0						2020-08-22T11:58:22	22	8	2020	3320431	3320431	HUMAN_OBSERVATION	iNaturalist	Observations	57229276		Igor Khomenko	2020-08-22T18:49:55	CC_BY_NC_4_0	Igor Khomenko	Igor Khomenko			2025-01-14T13:12:32.540Z	StillImage	COORDINATE_ROUNDED;CONTINENT_DERIVED_FROM_COORDINATES;TAXON_MATCH_TAXON_ID_IGNORED
1701558056	39bd4817-9530-4341-a918-4f16b8db1419	UdeM:CMMF:Blitz2017:56	Fungi	Basidiomycota	Agaricomycetes	Agaricales	Marasmiaceae	Clitocybula	Clitocybula oculus		SPECIES	Clitocybula oculus (Peck) Singer	Clitocybula oculus (Peck) Singer, 1962	(Peck) Singer 1962	CA	Parc des Chutes de Sainte-Ursule	Québec	PRESENT		ff7bd5db-b724-4932-b496-10ea298851f9	46.300422	-73.094321	500.0						2017-08-09	9	8	2017	3320431	3320431	HUMAN_OBSERVATION	Université de Montréal Biodiversity Centre	CMMF			Raymond Archambault et Joseph Nuzzolese	2017-08-09T00:00:00	CC0_1_0		IRBV's graduate students			2024-01-24T17:29:10.774Z		
1412706270	21705170-d2b6-42de-8904-c3bca4b83591	CMMF014721	Fungi	Basidiomycota	Agaricomycetes	Agaricales	Marasmiaceae	Clitocybula	Clitocybula oculus		SPECIES	Clitocybula oculus (Peck) Singer	Clitocybula oculus (Peck) Singer	(Peck) Singer	CA	Shipshaw, Québec.	Québec	PRESENT		ff7bd5db-b724-4932-b496-10ea298851f9	48.466834	-71.263421	2500.0						1985-08-17	17	8	1985	3320431	3320431	PRESERVED_SPECIMEN	Université de Montréal Biodiversity Centre	CMMF	CMMF014721	1667	Guérin, Gérard		CC0_1_0	Université de Montréal Biodiversity Centre	Guérin, Gérard			2024-01-24T16:38:20.498Z	StillImage	INSTITUTION_MATCH_FUZZY;COLLECTION_MATCH_FUZZY;DIFFERENT_OWNER_INSTITUTION
1412706254	21705170-d2b6-42de-8904-c3bca4b83591	CMMF014720	Fungi	Basidiomycota	Agaricomycetes	Agaricales	Marasmiaceae	Clitocybula	Clitocybula oculus		SPECIES	Clitocybula oculus (Peck) Singer	Clitocybula oculus (Peck) Singer	(Peck) Singer	CA	Rivière Éternité, Québec.	Québec	PRESENT		ff7bd5db-b724-4932-b496-10ea298851f9	48.255057	-70.413487	3000.0						1983-08-27	27	8	1983	3320431	3320431	PRESERVED_SPECIMEN	Université de Montréal Biodiversity Centre	CMMF	CMMF014720	1666	Guérin, Gérard		CC0_1_0	Université de Montréal Biodiversity Centre	Guérin, Gérard			2024-01-24T16:38:20.499Z	StillImage	INSTITUTION_MATCH_FUZZY;COLLECTION_MATCH_FUZZY;DIFFERENT_OWNER_INSTITUTION
1412706181	21705170-d2b6-42de-8904-c3bca4b83591	CMMF014719	Fungi	Basidiomycota	Agaricomycetes	Agaricales	Marasmiaceae	Clitocybula	Clitocybula oculus		SPECIES	Clitocybula oculus (Peck) Singer	Clitocybula oculus (Peck) Singer	(Peck) Singer	CA	Poste de péage, Route 10, Brossard, Québec.	Québec	PRESENT		ff7bd5db-b724-4932-b496-10ea298851f9	45.459256	-73.449557	4000.0						1980-06-23	23	6	1980	3320431	3320431	PRESERVED_SPECIMEN	Université de Montréal Biodiversity Centre	CMMF	CMMF014719	1665	Guérin, Gérard		CC0_1_0	Université de Montréal Biodiversity Centre	Guérin, Gérard			2024-01-24T16:38:20.489Z		INSTITUTION_MATCH_FUZZY;COLLECTION_MATCH_FUZZY;DIFFERENT_OWNER_INSTITUTION
1412706150	21705170-d2b6-42de-8904-c3bca4b83591	CMMF014722	Fungi	Basidiomycota	Agaricomycetes	Agaricales	Marasmiaceae	Clitocybula	Clitocybula oculus		SPECIES	Clitocybula oculus (Peck) Singer	Clitocybula oculus (Peck) Singer	(Peck) Singer	CA	Cap-à-l'Ouest, Québec.	Québec	PRESENT		ff7bd5db-b724-4932-b496-10ea298851f9	48.378331	-70.82036	6000.0						1993-08-03	3	8	1993	3320431	3320431	PRESERVED_SPECIMEN	Université de Montréal Biodiversity Centre	CMMF	CMMF014722	1668	Guérin, Gérard		CC0_1_0	Université de Montréal Biodiversity Centre	Guérin, Gérard			2024-01-24T16:38:20.497Z	StillImage	INSTITUTION_MATCH_FUZZY;COLLECTION_MATCH_FUZZY;DIFFERENT_OWNER_INSTITUTION
1135071129	21705170-d2b6-42de-8904-c3bca4b83591	CMMF009649	Fungi	Basidiomycota	Agaricomycetes	Agaricales	Marasmiaceae	Clitocybula	Clitocybula oculus		SPECIES	Clitocybula oculus (Peck) Singer	Clitocybula oculus (Peck) Singer	(Peck) Singer	CA	Lac Neigette nord, Lac-Beauport.	Québec	PRESENT		ff7bd5db-b724-4932-b496-10ea298851f9	46.954381	-71.301586	450.0						2007-08-01	1	8	2007	3320431	3320431	PRESERVED_SPECIMEN	Université de Montréal Biodiversity Centre	CMMF	CMMF009649	1233	Labbé, Roland		CC0_1_0	Université de Montréal Biodiversity Centre	Labrecque, Jacqueline			2024-01-24T16:38:20.995Z		INSTITUTION_MATCH_FUZZY;COLLECTION_MATCH_FUZZY;DIFFERENT_OWNER_INSTITUTION
1135067658	21705170-d2b6-42de-8904-c3bca4b83591	CMMF006147	Fungi	Basidiomycota	Agaricomycetes	Agaricales	Marasmiaceae	Clitocybula	Clitocybula oculus		SPECIES	Clitocybula oculus (Peck) Singer	Clitocybula oculus (Peck) Singer	(Peck) Singer	CA	Châteauguay	Québec	PRESENT		ff7bd5db-b724-4932-b496-10ea298851f9	45.35433	-73.774083	100.0						2006-08-24	24	8	2006	3320431	3320431	PRESERVED_SPECIMEN	Université de Montréal Biodiversity Centre	CMMF	CMMF006147	Inexistant	McNeil, Raymond		CC0_1_0	Université de Montréal Biodiversity Centre	McNeil, Raymond			2024-01-24T16:38:18.853Z	StillImage	COORDINATE_ROUNDED;INSTITUTION_MATCH_FUZZY;COLLECTION_MATCH_FUZZY;DIFFERENT_OWNER_INSTITUTION
1135067626	21705170-d2b6-42de-8904-c3bca4b83591	CMMF006144	Fungi	Basidiomycota	Agaricomycetes	Agaricales	Marasmiaceae	Clitocybula	Clitocybula oculus		SPECIES	Clitocybula oculus (Peck) Singer	Clitocybula oculus (Peck) Singer	(Peck) Singer	CA	Châteauguay	Québec	PRESENT		ff7bd5db-b724-4932-b496-10ea298851f9	45.35433	-73.774083	100.0						2004-08-21	21	8	2004	3320431	3320431	PRESERVED_SPECIMEN	Université de Montréal Biodiversity Centre	CMMF	CMMF006144	C1927	McNeil, Raymond		CC0_1_0	Université de Montréal Biodiversity Centre	McNeil, Raymond			2024-01-24T16:38:18.827Z	StillImage	COORDINATE_ROUNDED;INSTITUTION_MATCH_FUZZY;COLLECTION_MATCH_FUZZY;DIFFERENT_OWNER_INSTITUTION
1135067613	21705170-d2b6-42de-8904-c3bca4b83591	CMMF006146	Fungi	Basidiomycota	Agaricomycetes	Agaricales	Marasmiaceae	Clitocybula	Clitocybula oculus		SPECIES	Clitocybula oculus (Peck) Singer	Clitocybula oculus (Peck) Singer	(Peck) Singer	CA	Châteauguay	Québec	PRESENT		ff7bd5db-b724-4932-b496-10ea298851f9	45.35433	-73.774083	100.0						2005-08-09	9	8	2005	3320431	3320431	PRESERVED_SPECIMEN	Université de Montréal Biodiversity Centre	CMMF	CMMF006146	C2356	McNeil, Raymond		CC0_1_0	Université de Montréal Biodiversity Centre	McNeil, Raymond			2024-01-24T16:38:18.843Z	StillImage	COORDINATE_ROUNDED;INSTITUTION_MATCH_FUZZY;COLLECTION_MATCH_FUZZY;DIFFERENT_OWNER_INSTITUTION
1024558982	21705170-d2b6-42de-8904-c3bca4b83591	CMMF004361	Fungi	Basidiomycota	Agaricomycetes	Agaricales	Marasmiaceae	Clitocybula	Clitocybula oculus		SPECIES	Clitocybula oculus (Peck) Singer	Clitocybula oculus (Peck) Singer	(Peck) Singer	CA	Réserve écologique du Boisé-des-Muir, Hinchinbrooke.	Québec	PRESENT		ff7bd5db-b724-4932-b496-10ea298851f9	45.084103	-74.116391	10.0						2012-08-05	5	8	2012	3320431	3320431	PRESERVED_SPECIMEN	Université de Montréal Biodiversity Centre	CMMF	CMMF004361	370	Langlois, Annabelle		CC0_1_0	Université de Montréal Biodiversity Centre	Langlois, Annabelle; Turgon, Jean-Pierre			2024-01-24T16:38:19.620Z	StillImage	INSTITUTION_MATCH_FUZZY;COLLECTION_MATCH_FUZZY;DIFFERENT_OWNER_INSTITUTION
1024558934	21705170-d2b6-42de-8904-c3bca4b83591	CMMF004341	Fungi	Basidiomycota	Agaricomycetes	Agaricales	Marasmiaceae	Clitocybula	Clitocybula oculus		SPECIES	Clitocybula oculus (Peck) Singer	Clitocybula oculus (Peck) Singer	(Peck) Singer	CA	Réserve écologique du Boisé-des-Muir, Hinchinbrooke.	Québec	PRESENT		ff7bd5db-b724-4932-b496-10ea298851f9	45.084078	-74.116034	10.0						2012-07-30	30	7	2012	3320431	3320431	PRESERVED_SPECIMEN	Université de Montréal Biodiversity Centre	CMMF	CMMF004341	350	Langlois, Annabelle		CC0_1_0	Université de Montréal Biodiversity Centre	Langlois, Annabelle; Turgon, Jean-Pierre			2024-01-24T16:38:19.607Z	StillImage	INSTITUTION_MATCH_FUZZY;COLLECTION_MATCH_FUZZY;DIFFERENT_OWNER_INSTITUTION
