gbifID	datasetKey	occurrenceID	kingdom	phylum	class	order	family	genus	species	infraspecificEpithet	taxonRank	scientificName	verbatimScientificName	verbatimScientificNameAuthorship	countryCode	locality	stateProvince	occurrenceStatus	individualCount	publishingOrgKey	decimalLatitude	decimalLongitude	coordinateUncertaintyInMeters	coordinatePrecision	elevation	elevationAccuracy	depth	depthAccuracy	eventDate	day	month	year	taxonKey	speciesKey	basisOfRecord	institutionCode	collectionCode	catalogNumber	recordNumber	identifiedBy	dateIdentified	license	rightsHolder	recordedBy	typeStatus	establishmentMeans	lastInterpreted	mediaType	issue
617548696	21705170-d2b6-42de-8904-c3bca4b83591	CMMF001516	Fungi	Basidiomycota	Agaricomycetes	Agaricales	Mycenaceae	Tectella	Tectella patellaris		SPECIES	Tectella patellaris (Fr.) Murrill	Tectella patellaris (Fr.) Murrill	(Fr.) Murrill	CA	Rawdon	Québec	PRESENT		ff7bd5db-b724-4932-b496-10ea298851f9	46.052398	-73.748752	11000.0						1991-09-20	20	9	1991	2526823	2526823	PRESERVED_SPECIMEN	Université de Montréal Biodiversity Centre	CMMF	CMMF001516		Lamoureux, Yves		CC0_1_0	Université de Montréal Biodiversity Centre	Lamoureux, Yves			2024-01-24T16:38:17.634Z	StillImage	INSTITUTION_MATCH_FUZZY;COLLECTION_MATCH_FUZZY;DIFFERENT_OWNER_INSTITUTION
4994382906	50c9509d-22c7-4a22-a47d-8c48425ef4a7	https://www.inaturalist.org/observations/244373562	Fungi	Basidiomycota	Agaricomycetes	Agaricales	Mycenaceae	Tectella	Tectella patellaris		SPECIES	Tectella patellaris (Fr.) Murrill	Tectella patellaris		CA		Québec	PRESENT		28eb1a3f-1c15-4a95-931a-4af90ecb574d	45.872811	-76.4339	501.0						2024-09-24T13:05	24	9	2024	2526823	2526823	HUMAN_OBSERVATION	iNaturalist	Observations	244373562		L Joan Heyding	2024-09-27T20:22:43	CC_BY_NC_4_0	L Joan Heyding	L Joan Heyding			2025-01-14T13:37:53.782Z	StillImage	COORDINATE_ROUNDED;CONTINENT_DERIVED_FROM_COORDINATES;TAXON_MATCH_TAXON_ID_IGNORED
4993814945	50c9509d-22c7-4a22-a47d-8c48425ef4a7	https://www.inaturalist.org/observations/251962533	Fungi	Basidiomycota	Agaricomycetes	Agaricales	Mycenaceae	Tectella	Tectella patellaris		SPECIES	Tectella patellaris (Fr.) Murrill	Tectella patellaris		CA		New Brunswick	PRESENT		28eb1a3f-1c15-4a95-931a-4af90ecb574d	45.905863	-64.370025	6.0						2024-11-16T13:18:52	16	11	2024	2526823	2526823	HUMAN_OBSERVATION	iNaturalist	Observations	251962533		Laura O'Connor	2024-11-17T02:01:27	CC_BY_NC_4_0	Laura O'Connor	Laura O'Connor			2025-01-14T12:58:31.678Z	StillImage	COORDINATE_ROUNDED;CONTINENT_DERIVED_FROM_COORDINATES;TAXON_MATCH_TAXON_ID_IGNORED
4987727339	50c9509d-22c7-4a22-a47d-8c48425ef4a7	https://www.inaturalist.org/observations/252375859	Fungi	Basidiomycota	Agaricomycetes	Agaricales	Mycenaceae	Tectella	Tectella patellaris		SPECIES	Tectella patellaris (Fr.) Murrill	Tectella patellaris		CA		Québec	PRESENT		28eb1a3f-1c15-4a95-931a-4af90ecb574d	45.461743	-75.790218	27158.0						2024-10-31T09:38	31	10	2024	2526823	2526823	HUMAN_OBSERVATION	iNaturalist	Observations	252375859		L Joan Heyding	2024-11-20T10:33:01	CC_BY_NC_4_0	L Joan Heyding	L Joan Heyding			2025-01-14T12:54:04.834Z	StillImage	COORDINATE_ROUNDED;CONTINENT_DERIVED_FROM_COORDINATES;TAXON_MATCH_TAXON_ID_IGNORED
4980553351	50c9509d-22c7-4a22-a47d-8c48425ef4a7	https://www.inaturalist.org/observations/251351233	Fungi	Basidiomycota	Agaricomycetes	Agaricales	Mycenaceae	Tectella	Tectella patellaris		SPECIES	Tectella patellaris (Fr.) Murrill	Tectella patellaris		CA		Ontario	PRESENT		28eb1a3f-1c15-4a95-931a-4af90ecb574d	45.114768	-76.349936	16.0						2024-11-11T13:15:19	11	11	2024	2526823	2526823	HUMAN_OBSERVATION	iNaturalist	Observations	251351233		Igor Khomenko	2024-11-11T19:52:17	CC_BY_NC_4_0	Igor Khomenko	Igor Khomenko			2025-01-14T13:44:52.391Z	StillImage	COORDINATE_ROUNDED;CONTINENT_DERIVED_FROM_COORDINATES;TAXON_MATCH_TAXON_ID_IGNORED
4980268788	50c9509d-22c7-4a22-a47d-8c48425ef4a7	https://www.inaturalist.org/observations/250702851	Fungi	Basidiomycota	Agaricomycetes	Agaricales	Mycenaceae	Tectella	Tectella patellaris		SPECIES	Tectella patellaris (Fr.) Murrill	Tectella patellaris		CA		Ontario	PRESENT		28eb1a3f-1c15-4a95-931a-4af90ecb574d	45.266504	-75.8119	184.0						2024-11-06T11:23	6	11	2024	2526823	2526823	HUMAN_OBSERVATION	iNaturalist	Observations	250702851		L Joan Heyding	2024-11-06T18:23:49	CC_BY_NC_4_0	L Joan Heyding	L Joan Heyding			2025-01-14T12:55:10.954Z	StillImage	COORDINATE_ROUNDED;CONTINENT_DERIVED_FROM_COORDINATES;TAXON_MATCH_TAXON_ID_IGNORED
4978432589	50c9509d-22c7-4a22-a47d-8c48425ef4a7	https://www.inaturalist.org/observations/250370529	Fungi	Basidiomycota	Agaricomycetes	Agaricales	Mycenaceae	Tectella	Tectella patellaris		SPECIES	Tectella patellaris (Fr.) Murrill	Tectella patellaris		CA		Ontario	PRESENT		28eb1a3f-1c15-4a95-931a-4af90ecb574d	45.324347	-75.812219	193.0						2024-11-03T11:54	3	11	2024	2526823	2526823	HUMAN_OBSERVATION	iNaturalist	Observations	250370529		L Joan Heyding	2024-11-04T00:08:13	CC_BY_NC_4_0	L Joan Heyding	L Joan Heyding			2025-01-14T13:44:03Z	StillImage	COORDINATE_ROUNDED;CONTINENT_DERIVED_FROM_COORDINATES;TAXON_MATCH_TAXON_ID_IGNORED
4952987130	50c9509d-22c7-4a22-a47d-8c48425ef4a7	https://www.inaturalist.org/observations/244367843	Fungi	Basidiomycota	Agaricomycetes	Agaricales	Mycenaceae	Tectella	Tectella patellaris		SPECIES	Tectella patellaris (Fr.) Murrill	Tectella patellaris		CA		Québec	PRESENT		28eb1a3f-1c15-4a95-931a-4af90ecb574d	45.872811	-76.4339	501.0						2024-09-24T11:07	24	9	2024	2526823	2526823	HUMAN_OBSERVATION	iNaturalist	Observations	244367843		L Joan Heyding	2024-09-27T19:47:48	CC_BY_NC_4_0	L Joan Heyding	L Joan Heyding			2025-01-14T13:48:19.422Z	StillImage	COORDINATE_ROUNDED;CONTINENT_DERIVED_FROM_COORDINATES;TAXON_MATCH_TAXON_ID_IGNORED
4952405260	50c9509d-22c7-4a22-a47d-8c48425ef4a7	https://www.inaturalist.org/observations/245052162	Fungi	Basidiomycota	Agaricomycetes	Agaricales	Mycenaceae	Tectella	Tectella patellaris		SPECIES	Tectella patellaris (Fr.) Murrill	Tectella patellaris		CA		Québec	PRESENT		28eb1a3f-1c15-4a95-931a-4af90ecb574d	45.872811	-76.4339	501.0						2024-09-29T14:47	29	9	2024	2526823	2526823	HUMAN_OBSERVATION	iNaturalist	Observations	245052162		L Joan Heyding	2024-10-01T11:18:26	CC_BY_NC_4_0	L Joan Heyding	L Joan Heyding			2025-01-14T12:54:30.657Z	StillImage	COORDINATE_ROUNDED;CONTINENT_DERIVED_FROM_COORDINATES;TAXON_MATCH_TAXON_ID_IGNORED
4952327178	50c9509d-22c7-4a22-a47d-8c48425ef4a7	https://www.inaturalist.org/observations/244228020	Fungi	Basidiomycota	Agaricomycetes	Agaricales	Mycenaceae	Tectella	Tectella patellaris		SPECIES	Tectella patellaris (Fr.) Murrill	Tectella patellaris		CA		Québec	PRESENT		28eb1a3f-1c15-4a95-931a-4af90ecb574d	45.872811	-76.4339	501.0						2024-09-26T13:24	26	9	2024	2526823	2526823	HUMAN_OBSERVATION	iNaturalist	Observations	244228020		L Joan Heyding	2024-09-27T00:39:48	CC_BY_NC_4_0	L Joan Heyding	L Joan Heyding			2025-01-14T13:43:37.906Z	StillImage	COORDINATE_ROUNDED;CONTINENT_DERIVED_FROM_COORDINATES;TAXON_MATCH_TAXON_ID_IGNORED
4852851901	50c9509d-22c7-4a22-a47d-8c48425ef4a7	https://www.inaturalist.org/observations/208320970	Fungi	Basidiomycota	Agaricomycetes	Agaricales	Mycenaceae	Tectella	Tectella patellaris		SPECIES	Tectella patellaris (Fr.) Murrill	Tectella patellaris		CA		Ontario	PRESENT		28eb1a3f-1c15-4a95-931a-4af90ecb574d	45.266504	-75.8119	184.0						2024-04-20T09:49	20	4	2024	2526823	2526823	HUMAN_OBSERVATION	iNaturalist	Observations	208320970		L Joan Heyding	2024-04-20T18:26:24	CC_BY_NC_4_0	L Joan Heyding	L Joan Heyding			2025-01-14T13:40:20.914Z	StillImage	COORDINATE_ROUNDED;CONTINENT_DERIVED_FROM_COORDINATES;TAXON_MATCH_TAXON_ID_IGNORED
4607068843	50c9509d-22c7-4a22-a47d-8c48425ef4a7	https://www.inaturalist.org/observations/205314148	Fungi	Basidiomycota	Agaricomycetes	Agaricales	Mycenaceae	Tectella	Tectella patellaris		SPECIES	Tectella patellaris (Fr.) Murrill	Tectella patellaris		CA		Québec	PRESENT		28eb1a3f-1c15-4a95-931a-4af90ecb574d	45.872811	-76.4339	501.0						2023-10-01T11:50	1	10	2023	2526823	2526823	HUMAN_OBSERVATION	iNaturalist	Observations	205314148		L Joan Heyding	2024-04-04T01:14:48	CC_BY_NC_4_0	L Joan Heyding	L Joan Heyding			2025-01-14T13:40:09.459Z	StillImage	COORDINATE_ROUNDED;CONTINENT_DERIVED_FROM_COORDINATES;TAXON_MATCH_TAXON_ID_IGNORED
4606801775	50c9509d-22c7-4a22-a47d-8c48425ef4a7	https://www.inaturalist.org/observations/206485749	Fungi	Basidiomycota	Agaricomycetes	Agaricales	Mycenaceae	Tectella	Tectella patellaris		SPECIES	Tectella patellaris (Fr.) Murrill	Tectella patellaris		CA		Québec	PRESENT		28eb1a3f-1c15-4a95-931a-4af90ecb574d	45.872811	-76.4339	501.0						2024-04-09T13:44	9	4	2024	2526823	2526823	HUMAN_OBSERVATION	iNaturalist	Observations	206485749		L Joan Heyding	2024-04-10T21:05:00	CC_BY_NC_4_0	L Joan Heyding	L Joan Heyding			2025-01-14T13:44:41.229Z	StillImage	COORDINATE_ROUNDED;CONTINENT_DERIVED_FROM_COORDINATES;TAXON_MATCH_TAXON_ID_IGNORED
4535975354	50c9509d-22c7-4a22-a47d-8c48425ef4a7	https://www.inaturalist.org/observations/201402819	Fungi	Basidiomycota	Agaricomycetes	Agaricales	Mycenaceae	Tectella	Tectella patellaris		SPECIES	Tectella patellaris (Fr.) Murrill	Tectella patellaris		CA		Ontario	PRESENT		28eb1a3f-1c15-4a95-931a-4af90ecb574d	45.403177	-75.588028	183.0						2024-03-05T11:24	5	3	2024	2526823	2526823	HUMAN_OBSERVATION	iNaturalist	Observations	201402819		L Joan Heyding	2024-03-05T20:37:34	CC_BY_NC_4_0	L Joan Heyding	L Joan Heyding			2025-01-14T12:44:19.157Z	StillImage	COORDINATE_ROUNDED;CONTINENT_DERIVED_FROM_COORDINATES;TAXON_MATCH_TAXON_ID_IGNORED
4535791410	50c9509d-22c7-4a22-a47d-8c48425ef4a7	https://www.inaturalist.org/observations/201382593	Fungi	Basidiomycota	Agaricomycetes	Agaricales	Mycenaceae	Tectella	Tectella patellaris		SPECIES	Tectella patellaris (Fr.) Murrill	Tectella patellaris		CA		Québec	PRESENT		28eb1a3f-1c15-4a95-931a-4af90ecb574d	46.170126	-74.351309	340.0						2024-03-04T17:50	4	3	2024	2526823	2526823	HUMAN_OBSERVATION	iNaturalist	Observations	201382593		gabboilard	2024-03-05T17:39:10	CC_BY_NC_4_0	michelcournoyer	michelcournoyer			2025-01-14T12:44:24.636Z	StillImage	COORDINATE_ROUNDED;CONTINENT_DERIVED_FROM_COORDINATES;TAXON_MATCH_TAXON_ID_IGNORED
4535790403	50c9509d-22c7-4a22-a47d-8c48425ef4a7	https://www.inaturalist.org/observations/201404259	Fungi	Basidiomycota	Agaricomycetes	Agaricales	Mycenaceae	Tectella	Tectella patellaris		SPECIES	Tectella patellaris (Fr.) Murrill	Tectella patellaris		CA		Ontario	PRESENT		28eb1a3f-1c15-4a95-931a-4af90ecb574d	45.403727	-75.588876	183.0						2024-03-05T12:02	5	3	2024	2526823	2526823	HUMAN_OBSERVATION	iNaturalist	Observations	201404259		L Joan Heyding	2024-03-05T20:51:46	CC_BY_NC_4_0	L Joan Heyding	L Joan Heyding			2025-01-14T13:31:36.650Z	StillImage	COORDINATE_ROUNDED;CONTINENT_DERIVED_FROM_COORDINATES;TAXON_MATCH_TAXON_ID_IGNORED
4518980722	50c9509d-22c7-4a22-a47d-8c48425ef4a7	https://www.inaturalist.org/observations/137321636	Fungi	Basidiomycota	Agaricomycetes	Agaricales	Mycenaceae	Tectella	Tectella patellaris		SPECIES	Tectella patellaris (Fr.) Murrill	Tectella patellaris		CA		Québec	PRESENT		28eb1a3f-1c15-4a95-931a-4af90ecb574d	45.817315	-76.437885	27095.0						2020-10-20T13:54	20	10	2020	2526823	2526823	HUMAN_OBSERVATION	iNaturalist	Observations	137321636		L Joan Heyding	2022-10-02T19:32:55	CC_BY_NC_4_0	L Joan Heyding	L Joan Heyding			2025-01-14T12:32:29.293Z	StillImage	COORDINATE_ROUNDED;CONTINENT_DERIVED_FROM_COORDINATES;TAXON_MATCH_TAXON_ID_IGNORED
4507699650	50c9509d-22c7-4a22-a47d-8c48425ef4a7	https://www.inaturalist.org/observations/195296521	Fungi	Basidiomycota	Agaricomycetes	Agaricales	Mycenaceae	Tectella	Tectella patellaris		SPECIES	Tectella patellaris (Fr.) Murrill	Tectella patellaris		CA		Québec	PRESENT		28eb1a3f-1c15-4a95-931a-4af90ecb574d	45.420416	-75.832453	391.0						2023-12-29T10:56	29	12	2023	2526823	2526823	HUMAN_OBSERVATION	iNaturalist	Observations	195296521		L Joan Heyding	2023-12-30T20:20:31	CC_BY_NC_4_0	L Joan Heyding	L Joan Heyding			2025-01-14T12:42:26.950Z	StillImage	COORDINATE_ROUNDED;CONTINENT_DERIVED_FROM_COORDINATES;TAXON_MATCH_TAXON_ID_IGNORED
4439023529	50c9509d-22c7-4a22-a47d-8c48425ef4a7	https://www.inaturalist.org/observations/190016795	Fungi	Basidiomycota	Agaricomycetes	Agaricales	Mycenaceae	Tectella	Tectella patellaris		SPECIES	Tectella patellaris (Fr.) Murrill	Tectella patellaris		CA		Québec	PRESENT		28eb1a3f-1c15-4a95-931a-4af90ecb574d	45.616056	-75.998421	174.0						2023-11-04T12:10	4	11	2023	2526823	2526823	HUMAN_OBSERVATION	iNaturalist	Observations	190016795		L Joan Heyding	2023-11-05T00:25:59	CC_BY_NC_4_0	L Joan Heyding	L Joan Heyding			2025-01-14T12:42:58.364Z	StillImage	COORDINATE_ROUNDED;CONTINENT_DERIVED_FROM_COORDINATES;TAXON_MATCH_TAXON_ID_IGNORED
4430588526	50c9509d-22c7-4a22-a47d-8c48425ef4a7	https://www.inaturalist.org/observations/187321267	Fungi	Basidiomycota	Agaricomycetes	Agaricales	Mycenaceae	Tectella	Tectella patellaris		SPECIES	Tectella patellaris (Fr.) Murrill	Tectella patellaris		CA		Québec	PRESENT		28eb1a3f-1c15-4a95-931a-4af90ecb574d	45.80857	-76.481226	27095.0						2023-10-12T15:43:23	12	10	2023	2526823	2526823	HUMAN_OBSERVATION	iNaturalist	Observations	187321267		Lynn Ovenden	2023-10-13T02:18:38	CC_BY_NC_4_0	Lynn Ovenden	Lynn Ovenden			2025-01-14T12:42:41.588Z	StillImage	COORDINATE_ROUNDED;CONTINENT_DERIVED_FROM_COORDINATES;TAXON_MATCH_TAXON_ID_IGNORED
4430552497	50c9509d-22c7-4a22-a47d-8c48425ef4a7	https://www.inaturalist.org/observations/187326089	Fungi	Basidiomycota	Agaricomycetes	Agaricales	Mycenaceae	Tectella	Tectella patellaris		SPECIES	Tectella patellaris (Fr.) Murrill	Tectella patellaris		CA		Ontario	PRESENT		28eb1a3f-1c15-4a95-931a-4af90ecb574d	45.354583	-75.234178	5.0						2023-10-11T14:32:49	11	10	2023	2526823	2526823	HUMAN_OBSERVATION	iNaturalist	Observations	187326089		Lynn Ovenden	2023-10-13T03:14:02	CC_BY_NC_4_0	Lynn Ovenden	Lynn Ovenden			2025-01-14T12:40:37.186Z	StillImage	COORDINATE_ROUNDED;CONTINENT_DERIVED_FROM_COORDINATES;TAXON_MATCH_TAXON_ID_IGNORED
4424434562	50c9509d-22c7-4a22-a47d-8c48425ef4a7	https://www.inaturalist.org/observations/186766461	Fungi	Basidiomycota	Agaricomycetes	Agaricales	Mycenaceae	Tectella	Tectella patellaris		SPECIES	Tectella patellaris (Fr.) Murrill	Tectella patellaris		CA		Ontario	PRESENT		28eb1a3f-1c15-4a95-931a-4af90ecb574d	45.324347	-75.812219	193.0						2023-10-08T11:21	8	10	2023	2526823	2526823	HUMAN_OBSERVATION	iNaturalist	Observations	186766461		L Joan Heyding	2023-10-08T22:08:04	CC_BY_NC_4_0	L Joan Heyding	L Joan Heyding			2025-01-14T13:33:29.252Z	StillImage	COORDINATE_ROUNDED;CONTINENT_DERIVED_FROM_COORDINATES;TAXON_MATCH_TAXON_ID_IGNORED
4424202177	50c9509d-22c7-4a22-a47d-8c48425ef4a7	https://www.inaturalist.org/observations/186728542	Fungi	Basidiomycota	Agaricomycetes	Agaricales	Mycenaceae	Tectella	Tectella patellaris		SPECIES	Tectella patellaris (Fr.) Murrill	Tectella patellaris		CA		Ontario	PRESENT		28eb1a3f-1c15-4a95-931a-4af90ecb574d	45.324347	-75.812219	193.0						2023-10-08T09:12	8	10	2023	2526823	2526823	HUMAN_OBSERVATION	iNaturalist	Observations	186728542		L Joan Heyding	2023-10-08T18:09:12	CC_BY_NC_4_0	L Joan Heyding	L Joan Heyding			2025-01-14T12:42:57.675Z	StillImage	COORDINATE_ROUNDED;CONTINENT_DERIVED_FROM_COORDINATES;TAXON_MATCH_TAXON_ID_IGNORED
4420951351	50c9509d-22c7-4a22-a47d-8c48425ef4a7	https://www.inaturalist.org/observations/185949649	Fungi	Basidiomycota	Agaricomycetes	Agaricales	Mycenaceae	Tectella	Tectella patellaris		SPECIES	Tectella patellaris (Fr.) Murrill	Tectella patellaris		CA		Québec	PRESENT		28eb1a3f-1c15-4a95-931a-4af90ecb574d	45.872811	-76.4339	501.0						2023-09-29T13:57	29	9	2023	2526823	2526823	HUMAN_OBSERVATION	iNaturalist	Observations	185949649		L Joan Heyding	2023-10-02T20:08:01	CC_BY_NC_4_0	L Joan Heyding	L Joan Heyding			2025-01-14T13:32:45.912Z	StillImage	COORDINATE_ROUNDED;CONTINENT_DERIVED_FROM_COORDINATES;TAXON_MATCH_TAXON_ID_IGNORED
4400318979	50c9509d-22c7-4a22-a47d-8c48425ef4a7	https://www.inaturalist.org/observations/179596733	Fungi	Basidiomycota	Agaricomycetes	Agaricales	Mycenaceae	Tectella	Tectella patellaris		SPECIES	Tectella patellaris (Fr.) Murrill	Tectella patellaris		CA		Québec	PRESENT		28eb1a3f-1c15-4a95-931a-4af90ecb574d	45.872811	-76.4339	501.0						2023-08-20T15:37	20	8	2023	2526823	2526823	HUMAN_OBSERVATION	iNaturalist	Observations	179596733		L Joan Heyding	2023-08-21T22:42:21	CC_BY_NC_4_0	L Joan Heyding	L Joan Heyding			2025-01-14T12:40:37.932Z	StillImage	COORDINATE_ROUNDED;CONTINENT_DERIVED_FROM_COORDINATES;TAXON_MATCH_TAXON_ID_IGNORED
4129787388	50c9509d-22c7-4a22-a47d-8c48425ef4a7	https://www.inaturalist.org/observations/112539771	Fungi	Basidiomycota	Agaricomycetes	Agaricales	Mycenaceae	Tectella	Tectella patellaris		SPECIES	Tectella patellaris (Fr.) Murrill	Tectella patellaris		CA		Québec	PRESENT		28eb1a3f-1c15-4a95-931a-4af90ecb574d	45.390921	-74.18491	638.0						2022-04-22T09:55	22	4	2022	2526823	2526823	HUMAN_OBSERVATION	iNaturalist	Observations	112539771		Ariel Bonkoski	2023-06-06T06:09:57	CC_BY_NC_4_0	Benjamin Leo	Benjamin Leo			2025-01-14T12:27:31.517Z	StillImage	COORDINATE_ROUNDED;CONTINENT_DERIVED_FROM_COORDINATES;TAXON_MATCH_TAXON_ID_IGNORED
4102734446	50c9509d-22c7-4a22-a47d-8c48425ef4a7	https://www.inaturalist.org/observations/139633965	Fungi	Basidiomycota	Agaricomycetes	Agaricales	Mycenaceae	Tectella	Tectella patellaris		SPECIES	Tectella patellaris (Fr.) Murrill	Tectella patellaris		CA		Ontario	PRESENT		28eb1a3f-1c15-4a95-931a-4af90ecb574d	45.434784	-76.167334	39.0						2022-10-21	21	10	2022	2526823	2526823	HUMAN_OBSERVATION	iNaturalist	Observations	139633965		jonathan_mack	2022-10-22T15:21:49	CC_BY_NC_4_0	jonathan_mack	jonathan_mack			2025-01-14T12:32:15.636Z	StillImage	COORDINATE_ROUNDED;CONTINENT_DERIVED_FROM_COORDINATES;TAXON_MATCH_TAXON_ID_IGNORED
4006756600	50c9509d-22c7-4a22-a47d-8c48425ef4a7	https://www.inaturalist.org/observations/140315258	Fungi	Basidiomycota	Agaricomycetes	Agaricales	Mycenaceae	Tectella	Tectella patellaris		SPECIES	Tectella patellaris (Fr.) Murrill	Tectella patellaris		CA		New Brunswick	PRESENT		28eb1a3f-1c15-4a95-931a-4af90ecb574d	45.957539	-66.669372	100.0						2022-10-27T10:48	27	10	2022	2526823	2526823	HUMAN_OBSERVATION	iNaturalist	Observations	140315258		Alfredo Justo	2022-10-29T00:16:05	CC_BY_NC_4_0	Alfredo Justo	Alfredo Justo			2025-01-14T13:18:39.661Z	StillImage	COORDINATE_ROUNDED;CONTINENT_DERIVED_FROM_COORDINATES;TAXON_MATCH_TAXON_ID_IGNORED
3947279014	50c9509d-22c7-4a22-a47d-8c48425ef4a7	https://www.inaturalist.org/observations/139290358	Fungi	Basidiomycota	Agaricomycetes	Agaricales	Mycenaceae	Tectella	Tectella patellaris		SPECIES	Tectella patellaris (Fr.) Murrill	Tectella patellaris		CA		Ontario	PRESENT		28eb1a3f-1c15-4a95-931a-4af90ecb574d	45.324347	-75.812219	193.0						2022-10-18T12:24	18	10	2022	2526823	2526823	HUMAN_OBSERVATION	iNaturalist	Observations	139290358		L Joan Heyding	2022-10-19T01:30:37	CC_BY_NC_4_0	L Joan Heyding	L Joan Heyding			2025-01-14T13:21:08.508Z	StillImage	COORDINATE_ROUNDED;CONTINENT_DERIVED_FROM_COORDINATES;TAXON_MATCH_TAXON_ID_IGNORED
3947278984	50c9509d-22c7-4a22-a47d-8c48425ef4a7	https://www.inaturalist.org/observations/139264852	Fungi	Basidiomycota	Agaricomycetes	Agaricales	Mycenaceae	Tectella	Tectella patellaris		SPECIES	Tectella patellaris (Fr.) Murrill	Tectella patellaris		CA		Ontario	PRESENT		28eb1a3f-1c15-4a95-931a-4af90ecb574d	45.322317	-75.812756	224.0						2022-10-18T13:02	18	10	2022	2526823	2526823	HUMAN_OBSERVATION	iNaturalist	Observations	139264852		Igor Khomenko	2022-10-18T20:34:07	CC_BY_NC_4_0	Igor Khomenko	Igor Khomenko			2025-01-14T12:33:03.333Z	StillImage	COORDINATE_ROUNDED;CONTINENT_DERIVED_FROM_COORDINATES;TAXON_MATCH_TAXON_ID_IGNORED
3947150326	50c9509d-22c7-4a22-a47d-8c48425ef4a7	https://www.inaturalist.org/observations/139584172	Fungi	Basidiomycota	Agaricomycetes	Agaricales	Mycenaceae	Tectella	Tectella patellaris		SPECIES	Tectella patellaris (Fr.) Murrill	Tectella patellaris		CA		Ontario	PRESENT		28eb1a3f-1c15-4a95-931a-4af90ecb574d	45.4445	-76.015761	27158.0						2022-10-21T12:37	21	10	2022	2526823	2526823	HUMAN_OBSERVATION	iNaturalist	Observations	139584172		L Joan Heyding	2022-10-22T01:34:07	CC_BY_NC_4_0	L Joan Heyding	L Joan Heyding			2025-01-14T12:32:21.418Z	StillImage	COORDINATE_ROUNDED;CONTINENT_DERIVED_FROM_COORDINATES;TAXON_MATCH_TAXON_ID_IGNORED
3923587127	50c9509d-22c7-4a22-a47d-8c48425ef4a7	https://www.inaturalist.org/observations/137097395	Fungi	Basidiomycota	Agaricomycetes	Agaricales	Mycenaceae	Tectella	Tectella patellaris		SPECIES	Tectella patellaris (Fr.) Murrill	Tectella patellaris		CA		Ontario	PRESENT		28eb1a3f-1c15-4a95-931a-4af90ecb574d	45.413919	-75.586907	27158.0						2022-09-18T12:03	18	9	2022	2526823	2526823	HUMAN_OBSERVATION	iNaturalist	Observations	137097395		L Joan Heyding	2022-10-01T01:27:20	CC_BY_NC_4_0	L Joan Heyding	L Joan Heyding			2025-01-14T12:32:07.089Z	StillImage	COORDINATE_ROUNDED;CONTINENT_DERIVED_FROM_COORDINATES;TAXON_MATCH_TAXON_ID_IGNORED
3923425891	50c9509d-22c7-4a22-a47d-8c48425ef4a7	https://www.inaturalist.org/observations/136871962	Fungi	Basidiomycota	Agaricomycetes	Agaricales	Mycenaceae	Tectella	Tectella patellaris		SPECIES	Tectella patellaris (Fr.) Murrill	Tectella patellaris		CA		Québec	PRESENT		28eb1a3f-1c15-4a95-931a-4af90ecb574d	45.418036	-75.836852	391.0						2022-09-28T13:03	28	9	2022	2526823	2526823	HUMAN_OBSERVATION	iNaturalist	Observations	136871962		L Joan Heyding	2022-09-29T01:43:28	CC_BY_NC_4_0	L Joan Heyding	L Joan Heyding			2025-01-14T12:31:48.052Z	StillImage	COORDINATE_ROUNDED;CONTINENT_DERIVED_FROM_COORDINATES;TAXON_MATCH_TAXON_ID_IGNORED
3903192390	50c9509d-22c7-4a22-a47d-8c48425ef4a7	https://www.inaturalist.org/observations/134233518	Fungi	Basidiomycota	Agaricomycetes	Agaricales	Mycenaceae	Tectella	Tectella patellaris		SPECIES	Tectella patellaris (Fr.) Murrill	Tectella patellaris		CA		Québec	PRESENT		28eb1a3f-1c15-4a95-931a-4af90ecb574d	45.944674	-76.424177	27095.0						2022-09-05T11:44	5	9	2022	2526823	2526823	HUMAN_OBSERVATION	iNaturalist	Observations	134233518		L Joan Heyding	2022-09-08T22:55:40	CC_BY_NC_4_0	L Joan Heyding	L Joan Heyding			2025-01-14T13:25:35.007Z	StillImage	COORDINATE_ROUNDED;CONTINENT_DERIVED_FROM_COORDINATES;TAXON_MATCH_TAXON_ID_IGNORED
3455408580	50c9509d-22c7-4a22-a47d-8c48425ef4a7	https://www.inaturalist.org/observations/41436660	Fungi	Basidiomycota	Agaricomycetes	Agaricales	Mycenaceae	Tectella	Tectella patellaris		SPECIES	Tectella patellaris (Fr.) Murrill	Tectella patellaris		CA		Québec	PRESENT		28eb1a3f-1c15-4a95-931a-4af90ecb574d	46.961575	-71.392833	159.0						2012-09-10	10	9	2012	2526823	2526823	HUMAN_OBSERVATION	iNaturalist	Observations	41436660		Christian Grenier	2020-04-05T12:42:47	CC_BY_NC_4_0	Christian Grenier	Christian Grenier			2025-01-14T13:06:39.792Z	StillImage	COORDINATE_ROUNDED;CONTINENT_DERIVED_FROM_COORDINATES;TAXON_MATCH_TAXON_ID_IGNORED
1412707734	21705170-d2b6-42de-8904-c3bca4b83591	CMMF016173	Fungi	Basidiomycota	Agaricomycetes	Agaricales	Mycenaceae	Tectella	Tectella patellaris		SPECIES	Tectella patellaris (Fr.) Murrill	Tectella patellaris (Fr.) Murrill	(Fr.) Murrill	CA	Rang Saint-Martin, Chicoutimi, Québec.	Québec	PRESENT		ff7bd5db-b724-4932-b496-10ea298851f9	48.42951	-70.956161	6000.0						1993-10-01	1	10	1993	2526823	2526823	PRESERVED_SPECIMEN	Université de Montréal Biodiversity Centre	CMMF	CMMF016173	1920	Guérin, Gérard		CC0_1_0	Université de Montréal Biodiversity Centre	Guérin, Gérard			2024-01-24T16:38:18.622Z	StillImage	INSTITUTION_MATCH_FUZZY;COLLECTION_MATCH_FUZZY;DIFFERENT_OWNER_INSTITUTION
1412707714	21705170-d2b6-42de-8904-c3bca4b83591	CMMF016172	Fungi	Basidiomycota	Agaricomycetes	Agaricales	Mycenaceae	Tectella	Tectella patellaris		SPECIES	Tectella patellaris (Fr.) Murrill	Tectella patellaris (Fr.) Murrill	(Fr.) Murrill	CA	Shipshaw, Québec.	Québec	PRESENT		ff7bd5db-b724-4932-b496-10ea298851f9	48.466834	-71.263421	2500.0						1989-10-08	8	10	1989	2526823	2526823	PRESERVED_SPECIMEN	Université de Montréal Biodiversity Centre	CMMF	CMMF016172	1919	Guérin, Gérard; Larouche, Benoît		CC0_1_0	Université de Montréal Biodiversity Centre	Larouche, Benoît			2024-01-24T16:38:18.622Z	StillImage	INSTITUTION_MATCH_FUZZY;COLLECTION_MATCH_FUZZY;DIFFERENT_OWNER_INSTITUTION
1135069479	21705170-d2b6-42de-8904-c3bca4b83591	CMMF007985	Fungi	Basidiomycota	Agaricomycetes	Agaricales	Mycenaceae	Tectella	Tectella patellaris		SPECIES	Tectella operculata (Berk. & M.A.Curtis) Murrill	Tectella operculata (Berk. & M.A. Curtis) Murrill	(Berk. & M.A. Curtis) Murrill	CA	L'Ancienne Lorette	Québec	PRESENT		ff7bd5db-b724-4932-b496-10ea298851f9	46.810667	-71.357983	100.0						2011-09-03	3	9	2011	8106294	2526823	PRESERVED_SPECIMEN	Université de Montréal Biodiversity Centre	CMMF	CMMF007985	C3905	McNeil, Raymond		CC0_1_0	Université de Montréal Biodiversity Centre	McNeil, Raymond			2024-01-24T16:38:15.627Z	StillImage	COORDINATE_ROUNDED;INSTITUTION_MATCH_FUZZY;COLLECTION_MATCH_FUZZY;DIFFERENT_OWNER_INSTITUTION
