gbifID	datasetKey	occurrenceID	kingdom	phylum	class	order	family	genus	species	infraspecificEpithet	taxonRank	scientificName	verbatimScientificName	verbatimScientificNameAuthorship	countryCode	locality	stateProvince	occurrenceStatus	individualCount	publishingOrgKey	decimalLatitude	decimalLongitude	coordinateUncertaintyInMeters	coordinatePrecision	elevation	elevationAccuracy	depth	depthAccuracy	eventDate	day	month	year	taxonKey	speciesKey	basisOfRecord	institutionCode	collectionCode	catalogNumber	recordNumber	identifiedBy	dateIdentified	license	rightsHolder	recordedBy	typeStatus	establishmentMeans	lastInterpreted	mediaType	issue
694158794	d7cfd2ed-8af4-427f-a16e-eb66b7e2c419	28305	Fungi	Basidiomycota	Agaricomycetes	Boletales	Boletaceae	Leccinum	Leccinum aurantiacum		SPECIES	Leccinum aurantiacum (Bull.) Gray	Leccinum aurantiacum (Bull.) Gray	(Bull.) Gray	CA	Oxbow Lake	Ontario	PRESENT		ff418020-1d67-11d9-8435-b8a03c50a862	45.436105	-78.96698	1427.0						1941-08-13	13	8	1941	2524513	2524513	PRESERVED_SPECIMEN	Royal Ontario Museum	TRTC	TRTC017535		Cains, R.F.		CC0_1_0	Royal Ontario Museum	Cain, R.F.;			2024-01-25T00:59:39.275Z		COORDINATE_ROUNDED;AMBIGUOUS_INSTITUTION
694158781	d7cfd2ed-8af4-427f-a16e-eb66b7e2c419	28230	Fungi	Basidiomycota	Agaricomycetes	Boletales	Boletaceae	Leccinum	Leccinum aurantiacum		SPECIES	Leccinum aurantiacum (Bull.) Gray	Leccinum aurantiacum (Bull.) Gray	(Bull.) Gray	CA	Oxbow Lake	Ontario	PRESENT		ff418020-1d67-11d9-8435-b8a03c50a862	45.436105	-78.96698	1427.0						1941-08-17	17	8	1941	2524513	2524513	PRESERVED_SPECIMEN	Royal Ontario Museum	TRTC	TRTC017537		Snell, W.H.		CC0_1_0	Royal Ontario Museum	Cain, R.F.;			2024-01-25T00:59:39.021Z		COORDINATE_ROUNDED;AMBIGUOUS_INSTITUTION
694158206	d7cfd2ed-8af4-427f-a16e-eb66b7e2c419	22675	Fungi	Basidiomycota	Agaricomycetes	Boletales	Boletaceae	Leccinum	Leccinum aurantiacum		SPECIES	Leccinum aurantiacum (Bull.) Gray	Leccinum aurantiacum (Bull.) Gray	(Bull.) Gray	CA	Dorset	Ontario	PRESENT		ff418020-1d67-11d9-8435-b8a03c50a862	45.249936	-78.885784	1421.0						1961-09-10	10	9	1961	2524513	2524513	PRESERVED_SPECIMEN	Royal Ontario Museum	TRTC	TRTC041506		Cain, R.F.		CC0_1_0	Royal Ontario Museum	Cain, R.F.;			2024-01-25T00:59:40.208Z		COORDINATE_ROUNDED;AMBIGUOUS_INSTITUTION
694157569	d7cfd2ed-8af4-427f-a16e-eb66b7e2c419	16611	Fungi	Basidiomycota	Agaricomycetes	Boletales	Boletaceae	Leccinum	Leccinum aurantiacum		SPECIES	Leccinum aurantiacum (Bull.) Gray	Leccinum aurantiacum (Bull.) Gray	(Bull.) Gray	CA	Ottawa, Conroy Road	Ontario	PRESENT		ff418020-1d67-11d9-8435-b8a03c50a862	45.359986	-75.617008	2893.0						1965-08-24	24	8	1965	2524513	2524513	PRESERVED_SPECIMEN	Royal Ontario Museum	TRTC	TRTC158049	DAOM110532	Groves J.W.		CC0_1_0	Royal Ontario Museum	Groves J.W.; Elliott M.E.			2024-01-25T00:59:39.923Z		COORDINATE_ROUNDED;AMBIGUOUS_INSTITUTION
694157293	d7cfd2ed-8af4-427f-a16e-eb66b7e2c419	15773	Fungi	Basidiomycota	Agaricomycetes	Boletales	Boletaceae	Leccinum	Leccinum aurantiacum		SPECIES	Leccinum aurantiacum (Bull.) Gray	Leccinum aurantiacum (Bull.) Gray	(Bull.) Gray	CA	Griffith	Ontario	PRESENT		ff418020-1d67-11d9-8435-b8a03c50a862	45.242231	-77.163677	734.0						1958-09-16	16	9	1958	2524513	2524513	PRESERVED_SPECIMEN	Royal Ontario Museum	TRTC	TRTC034492		Cain, R.F.		CC0_1_0	Royal Ontario Museum	Cain, R.F.			2024-01-25T00:59:40.711Z		COORDINATE_ROUNDED;AMBIGUOUS_INSTITUTION
694157173	d7cfd2ed-8af4-427f-a16e-eb66b7e2c419	14891	Fungi	Basidiomycota	Agaricomycetes	Boletales	Boletaceae	Leccinum	Leccinum aurantiacum		SPECIES	Leccinum aurantiacum (Bull.) Gray	Leccinum aurantiacum (Bull.) Gray	(Bull.) Gray	CA	University of Toronto Forest	Ontario	PRESENT		ff418020-1d67-11d9-8435-b8a03c50a862	45.183005	-78.85025	7575.0						1961-09-10	10	9	1961	2524513	2524513	PRESERVED_SPECIMEN	Royal Ontario Museum	TRTC	TRTC044042		Cain, R.F.		CC0_1_0	Royal Ontario Museum	Cain, R.F.			2024-01-25T00:59:41.561Z		COORDINATE_ROUNDED;AMBIGUOUS_INSTITUTION
694156858	d7cfd2ed-8af4-427f-a16e-eb66b7e2c419	13396	Fungi	Basidiomycota	Agaricomycetes	Boletales	Boletaceae	Leccinum	Leccinum aurantiacum		SPECIES	Leccinum aurantiacum (Bull.) Gray	Leccinum aurantiacum (Bull.) Gray	(Bull.) Gray	CA	Algonquin Provincial Park, Sasajewun Lake	Ontario	PRESENT		ff418020-1d67-11d9-8435-b8a03c50a862	45.594732	-78.523579	737.0						1959-09-10	10	9	1959	2524513	2524513	PRESERVED_SPECIMEN	Royal Ontario Museum	TRTC	TRTC035419		Cain, R.F.		CC0_1_0	Royal Ontario Museum	Cain, R.F.			2024-01-25T00:59:41.028Z		COORDINATE_ROUNDED;AMBIGUOUS_INSTITUTION
617555674	21705170-d2b6-42de-8904-c3bca4b83591	CMMF000916	Fungi	Basidiomycota	Agaricomycetes	Boletales	Boletaceae	Leccinum	Leccinum aurantiacum		SPECIES	Leccinum aurantiacum (Bull.) Gray	Leccinum aurantiacum (Bull.) Gray	(Bull.) Gray	CA	Laval	Québec	PRESENT		ff7bd5db-b724-4932-b496-10ea298851f9	45.609608	-73.705867	17500.0						1990-06-20	20	6	1990	2524513	2524513	PRESERVED_SPECIMEN	Université de Montréal Biodiversity Centre	CMMF	CMMF000916		Lamoureux, Yves		CC0_1_0	Université de Montréal Biodiversity Centre	Lamoureux, Yves			2024-01-24T16:38:21.626Z	StillImage	INSTITUTION_MATCH_FUZZY;COLLECTION_MATCH_FUZZY;DIFFERENT_OWNER_INSTITUTION
617552336	21705170-d2b6-42de-8904-c3bca4b83591	CMMF003113	Fungi	Basidiomycota	Agaricomycetes	Boletales	Boletaceae	Leccinum	Leccinum aurantiacum		SPECIES	Leccinum aurantiacum (Bull.) Gray	Leccinum aurantiacum (Bull.) Gray	(Bull.) Gray	CA	Mirabel	Québec	PRESENT		ff7bd5db-b724-4932-b496-10ea298851f9	45.659599	-74.064294	18500.0						1997-09-04	4	9	1997	2524513	2524513	PRESERVED_SPECIMEN	Université de Montréal Biodiversity Centre	CMMF	CMMF003113		Lamoureux, Yves		CC0_1_0	Université de Montréal Biodiversity Centre	Lamoureux, Yves			2024-01-24T16:38:16.722Z	StillImage	INSTITUTION_MATCH_FUZZY;COLLECTION_MATCH_FUZZY;DIFFERENT_OWNER_INSTITUTION
617550225	21705170-d2b6-42de-8904-c3bca4b83591	CMMF000218	Fungi	Basidiomycota	Agaricomycetes	Boletales	Boletaceae	Leccinum	Leccinum aurantiacum		SPECIES	Leccinum aurantiacum (Bull.) Gray	Leccinum aurantiacum (Bull.) Gray	(Bull.) Gray	CA	Saint-Herménégilde	Québec	PRESENT		ff7bd5db-b724-4932-b496-10ea298851f9	45.105574	-71.672847	3000.0						1988-08-21	21	8	1988	2524513	2524513	PRESERVED_SPECIMEN	Université de Montréal Biodiversity Centre	CMMF	CMMF000218		Lamoureux, Yves		CC0_1_0	Université de Montréal Biodiversity Centre	Lamoureux, Yves			2024-01-24T16:38:20.657Z	StillImage	INSTITUTION_MATCH_FUZZY;COLLECTION_MATCH_FUZZY;DIFFERENT_OWNER_INSTITUTION
5007847201	50c9509d-22c7-4a22-a47d-8c48425ef4a7	https://www.inaturalist.org/observations/242506523	Fungi	Basidiomycota	Agaricomycetes	Boletales	Boletaceae	Leccinum	Leccinum aurantiacum		SPECIES	Leccinum aurantiacum (Bull.) Gray	Leccinum aurantiacum		CA		Québec	PRESENT		28eb1a3f-1c15-4a95-931a-4af90ecb574d	46.551056	-74.830826	4620.0						2024-09-17T14:38:49	17	9	2024	2524513	2524513	HUMAN_OBSERVATION	iNaturalist	Observations	242506523		coletta514	2024-09-18T15:42:46	CC_BY_NC_4_0	coletta514	coletta514			2025-01-14T12:54:26.866Z	StillImage	COORDINATE_ROUNDED;CONTINENT_DERIVED_FROM_COORDINATES;TAXON_MATCH_TAXON_ID_IGNORED
4950391242	50c9509d-22c7-4a22-a47d-8c48425ef4a7	https://www.inaturalist.org/observations/240550819	Fungi	Basidiomycota	Agaricomycetes	Boletales	Boletaceae	Leccinum	Leccinum aurantiacum		SPECIES	Leccinum aurantiacum (Bull.) Gray	Leccinum aurantiacum		CA		Québec	PRESENT		28eb1a3f-1c15-4a95-931a-4af90ecb574d	45.377822	-71.952422	4306.0						2024-08-19T10:37	19	8	2024	2524513	2524513	HUMAN_OBSERVATION	iNaturalist	Observations	240550819		gabboilard	2024-09-08T14:58:58	CC_BY_NC_4_0	gabboilard	gabboilard			2025-01-14T12:50:54.341Z	StillImage	COORDINATE_ROUNDED;CONTINENT_DERIVED_FROM_COORDINATES;TAXON_MATCH_TAXON_ID_IGNORED
4946239949	50c9509d-22c7-4a22-a47d-8c48425ef4a7	https://www.inaturalist.org/observations/240887619	Fungi	Basidiomycota	Agaricomycetes	Boletales	Boletaceae	Leccinum	Leccinum aurantiacum		SPECIES	Leccinum aurantiacum (Bull.) Gray	Leccinum aurantiacum		CA		New Brunswick	PRESENT		28eb1a3f-1c15-4a95-931a-4af90ecb574d	46.011258	-66.627293	230.0						2024-09-09T11:35:50	9	9	2024	2524513	2524513	HUMAN_OBSERVATION	iNaturalist	Observations	240887619		flightmom	2024-09-10T05:38:35	CC_BY_NC_4_0	flightmom	flightmom			2025-01-14T12:52:51.673Z	StillImage	COORDINATE_ROUNDED;CONTINENT_DERIVED_FROM_COORDINATES;TAXON_MATCH_TAXON_ID_IGNORED
4946070804	50c9509d-22c7-4a22-a47d-8c48425ef4a7	https://www.inaturalist.org/observations/237499949	Fungi	Basidiomycota	Agaricomycetes	Boletales	Boletaceae	Leccinum	Leccinum aurantiacum		SPECIES	Leccinum aurantiacum (Bull.) Gray	Leccinum aurantiacum		CA		Ontario	PRESENT		28eb1a3f-1c15-4a95-931a-4af90ecb574d	45.862667	-77.752213	4.0						2024-08-20T18:24:34	20	8	2024	2524513	2524513	HUMAN_OBSERVATION	iNaturalist	Observations	237499949		Sarah Lamond	2024-08-23T18:02:45	CC_BY_NC_4_0	Sarah Lamond	Sarah Lamond			2025-01-14T12:49:57.217Z	StillImage	COORDINATE_ROUNDED;CONTINENT_DERIVED_FROM_COORDINATES;TAXON_MATCH_TAXON_ID_IGNORED
4946051828	50c9509d-22c7-4a22-a47d-8c48425ef4a7	https://www.inaturalist.org/observations/239880605	Fungi	Basidiomycota	Agaricomycetes	Boletales	Boletaceae	Leccinum	Leccinum aurantiacum		SPECIES	Leccinum aurantiacum (Bull.) Gray	Leccinum aurantiacum		CA		Québec	PRESENT		28eb1a3f-1c15-4a95-931a-4af90ecb574d	45.470872	-74.299933	1414.0						2024-09-04T10:51:11	4	9	2024	2524513	2524513	HUMAN_OBSERVATION	iNaturalist	Observations	239880605		timfoster	2024-09-04T23:31:32	CC_BY_NC_4_0	timfoster	timfoster			2025-01-14T12:50:47.349Z	StillImage	COORDINATE_ROUNDED;CONTINENT_DERIVED_FROM_COORDINATES;TAXON_MATCH_TAXON_ID_IGNORED
4936871250	50c9509d-22c7-4a22-a47d-8c48425ef4a7	https://www.inaturalist.org/observations/59242773	Fungi	Basidiomycota	Agaricomycetes	Boletales	Boletaceae	Leccinum	Leccinum aurantiacum		SPECIES	Leccinum aurantiacum (Bull.) Gray	Leccinum aurantiacum		CA		New Brunswick	PRESENT		28eb1a3f-1c15-4a95-931a-4af90ecb574d	45.858833	-66.435639							2020-09-11T13:28:51	11	9	2020	2524513	2524513	HUMAN_OBSERVATION	iNaturalist	Observations	59242773		Richard Reeleder	2020-09-11T18:51:06	CC_BY_NC_4_0	Richard Reeleder	Richard Reeleder			2025-01-14T12:14:51.164Z	StillImage	COORDINATE_ROUNDED;CONTINENT_DERIVED_FROM_COORDINATES;TAXON_MATCH_TAXON_ID_IGNORED
4908827138	50c9509d-22c7-4a22-a47d-8c48425ef4a7	https://www.inaturalist.org/observations/227899595	Fungi	Basidiomycota	Agaricomycetes	Boletales	Boletaceae	Leccinum	Leccinum aurantiacum		SPECIES	Leccinum aurantiacum (Bull.) Gray	Leccinum aurantiacum		CA		Ontario	PRESENT		28eb1a3f-1c15-4a95-931a-4af90ecb574d	46.012043	-77.512872	1089.0						2024-07-05T09:21:33	5	7	2024	2524513	2524513	HUMAN_OBSERVATION	iNaturalist	Observations	227899595		player0685	2024-07-07T23:27:53	CC_BY_NC_4_0	player0685	player0685			2025-01-14T12:49:39.393Z	StillImage	COORDINATE_ROUNDED;CONTINENT_DERIVED_FROM_COORDINATES;TAXON_MATCH_TAXON_ID_IGNORED
4876208474	d1a3b128-b406-46bb-a6d1-f3591dcc8a7b	0920788b-7573-4a0b-a6ad-c7b2486dd15d	Fungi	Basidiomycota	Agaricomycetes	Boletales	Boletaceae	Leccinum	Leccinum aurantiacum		SPECIES	Leccinum aurantiacum (Bull.) Gray	Leccinum aurantiacum	(Bull.) Gray	CA	St. John & Sussex, Rt. 1	New Brunswick	PRESENT		e43cf4b8-849e-4fac-b075-e652d019d2cf	45.521031	-65.830476	34897.0						1967-09-02	2	9	1967	2524513	2524513	PRESERVED_SPECIMEN	BPI		BPI 936088	63548	W. H. Snell & E.A. Dick		CC0_1_0		E.A. Dick			2025-01-15T04:59:55.457Z		CONTINENT_DERIVED_FROM_COORDINATES;TAXON_MATCH_TAXON_ID_IGNORED;INSTITUTION_MATCH_FUZZY
4876208276	d1a3b128-b406-46bb-a6d1-f3591dcc8a7b	1354a219-2439-4b4d-a0cd-5f7d099ea9e9	Fungi	Basidiomycota	Agaricomycetes	Boletales	Boletaceae	Leccinum	Leccinum aurantiacum		SPECIES	Leccinum aurantiacum (Bull.) Gray	Leccinum aurantiacum	(Bull.) Gray	CA	Between St. John & Sussex, rt. 1	New Brunswick	PRESENT		e43cf4b8-849e-4fac-b075-e652d019d2cf	45.521031	-65.830476	34897.0						1967-09-02	2	9	1967	2524513	2524513	PRESERVED_SPECIMEN	BPI		BPI 936092	63552	W. H. Snell & E.A. Dick		CC0_1_0		E.A. Dick			2025-01-15T04:59:56.154Z		CONTINENT_DERIVED_FROM_COORDINATES;TAXON_MATCH_TAXON_ID_IGNORED;INSTITUTION_MATCH_FUZZY
4876205646	d1a3b128-b406-46bb-a6d1-f3591dcc8a7b	9405fa3c-0a8b-4bce-bcf3-91379f5ae9da	Fungi	Basidiomycota	Agaricomycetes	Boletales	Boletaceae	Leccinum	Leccinum aurantiacum		SPECIES	Leccinum aurantiacum (Bull.) Gray	Leccinum aurantiacum	(Bull.) Gray	CA	Between St. John & Sussex, rt. 1	New Brunswick	PRESENT		e43cf4b8-849e-4fac-b075-e652d019d2cf	45.521031	-65.830476	34897.0						1967-09-02	2	9	1967	2524513	2524513	PRESERVED_SPECIMEN	BPI		BPI 936090	63550	W. H. Snell & E.A. Dick		CC0_1_0		E.A. Dick			2025-01-15T04:59:55.581Z		CONTINENT_DERIVED_FROM_COORDINATES;TAXON_MATCH_TAXON_ID_IGNORED;INSTITUTION_MATCH_FUZZY
4876203838	d1a3b128-b406-46bb-a6d1-f3591dcc8a7b	3bd2aafb-f3c6-4471-9133-0bf3326c2a4d	Fungi	Basidiomycota	Agaricomycetes	Boletales	Boletaceae	Leccinum	Leccinum aurantiacum		SPECIES	Leccinum aurantiacum (Bull.) Gray	Leccinum aurantiacum	(Bull.) Gray	CA	St. John & Sussex, Rt. 1	New Brunswick	PRESENT		e43cf4b8-849e-4fac-b075-e652d019d2cf	45.521031	-65.830476	34897.0						1967-09-02	2	9	1967	2524513	2524513	PRESERVED_SPECIMEN	BPI		BPI 936089	63548	W. H. Snell & E.A. Dick		CC0_1_0		E.A. Dick			2025-01-15T04:59:55.346Z		CONTINENT_DERIVED_FROM_COORDINATES;TAXON_MATCH_TAXON_ID_IGNORED;INSTITUTION_MATCH_FUZZY
4876202997	d1a3b128-b406-46bb-a6d1-f3591dcc8a7b	d38e9418-47ff-4eda-9955-fa418676b517	Fungi	Basidiomycota	Agaricomycetes	Boletales	Boletaceae	Leccinum	Leccinum aurantiacum		SPECIES	Leccinum aurantiacum (Bull.) Gray	Leccinum aurantiacum	(Bull.) Gray	CA	Between St. John & Sussex, rt. 1	New Brunswick	PRESENT		e43cf4b8-849e-4fac-b075-e652d019d2cf	45.521031	-65.830476	34897.0						1967-09-02	2	9	1967	2524513	2524513	PRESERVED_SPECIMEN	BPI		BPI 936093	63553	W. H. Snell & E.A. Dick		CC0_1_0		E.A. Dick			2025-01-15T04:59:55.338Z		CONTINENT_DERIVED_FROM_COORDINATES;TAXON_MATCH_TAXON_ID_IGNORED;INSTITUTION_MATCH_FUZZY
4421176276	50c9509d-22c7-4a22-a47d-8c48425ef4a7	https://www.inaturalist.org/observations/185203569	Fungi	Basidiomycota	Agaricomycetes	Boletales	Boletaceae	Leccinum	Leccinum aurantiacum		SPECIES	Leccinum aurantiacum (Bull.) Gray	Leccinum aurantiacum		CA		Québec	PRESENT		28eb1a3f-1c15-4a95-931a-4af90ecb574d	47.469361	-69.639134	8.0						2023-09-27T10:44	27	9	2023	2524513	2524513	HUMAN_OBSERVATION	iNaturalist	Observations	185203569		Julien Savoie	2023-09-27T22:23:01	CC_BY_4_0	Julien Savoie	Julien Savoie			2025-01-14T13:33:08.735Z	StillImage	COORDINATE_ROUNDED;CONTINENT_DERIVED_FROM_COORDINATES;TAXON_MATCH_TAXON_ID_IGNORED
4407647695	50c9509d-22c7-4a22-a47d-8c48425ef4a7	https://www.inaturalist.org/observations/181962401	Fungi	Basidiomycota	Agaricomycetes	Boletales	Boletaceae	Leccinum	Leccinum aurantiacum		SPECIES	Leccinum aurantiacum (Bull.) Gray	Leccinum aurantiacum		CA		Québec	PRESENT		28eb1a3f-1c15-4a95-931a-4af90ecb574d	48.349727	-77.276595							2023-09-02T15:11	2	9	2023	2524513	2524513	HUMAN_OBSERVATION	iNaturalist	Observations	181962401		jonathan_mack	2023-09-05T20:45:25	CC_BY_NC_4_0	jonathan_mack	jonathan_mack			2025-01-14T13:32:40.705Z	StillImage	COORDINATE_ROUNDED;CONTINENT_DERIVED_FROM_COORDINATES;TAXON_MATCH_TAXON_ID_IGNORED
4407160370	50c9509d-22c7-4a22-a47d-8c48425ef4a7	https://www.inaturalist.org/observations/125384678	Fungi	Basidiomycota	Agaricomycetes	Boletales	Boletaceae	Leccinum	Leccinum aurantiacum		SPECIES	Leccinum aurantiacum (Bull.) Gray	Leccinum aurantiacum		CA		Québec	PRESENT		28eb1a3f-1c15-4a95-931a-4af90ecb574d	48.551803	-78.229064	8.0						2022-07-08T16:12	8	7	2022	2524513	2524513	HUMAN_OBSERVATION	iNaturalist	Observations	125384678		Pierre Cartier	2022-07-09T01:05:59	CC_BY_NC_4_0	Pierre Cartier	Pierre Cartier			2025-01-14T13:23:00.374Z	StillImage	COORDINATE_ROUNDED;CONTINENT_DERIVED_FROM_COORDINATES;TAXON_MATCH_TAXON_ID_IGNORED
4400363976	50c9509d-22c7-4a22-a47d-8c48425ef4a7	https://www.inaturalist.org/observations/178773866	Fungi	Basidiomycota	Agaricomycetes	Boletales	Boletaceae	Leccinum	Leccinum aurantiacum		SPECIES	Leccinum aurantiacum (Bull.) Gray	Leccinum aurantiacum		CA		Québec	PRESENT		28eb1a3f-1c15-4a95-931a-4af90ecb574d	46.739335	-71.386265	45.0						2023-08-14T06:42:37	14	8	2023	2524513	2524513	HUMAN_OBSERVATION	iNaturalist	Observations	178773866		Camille Boucher	2023-08-17T00:59:22	CC_BY_NC_4_0	Camille Boucher	Camille Boucher			2025-01-14T12:39:29.023Z	StillImage	COORDINATE_ROUNDED;CONTINENT_DERIVED_FROM_COORDINATES;TAXON_MATCH_TAXON_ID_IGNORED
4177491967	50c9509d-22c7-4a22-a47d-8c48425ef4a7	https://www.inaturalist.org/observations/178419716	Fungi	Basidiomycota	Agaricomycetes	Boletales	Boletaceae	Leccinum	Leccinum aurantiacum		SPECIES	Leccinum aurantiacum (Bull.) Gray	Leccinum aurantiacum		CA		Québec	PRESENT		28eb1a3f-1c15-4a95-931a-4af90ecb574d	45.844269	-75.690865	77.0						2023-08-14T15:45:47	14	8	2023	2524513	2524513	HUMAN_OBSERVATION	iNaturalist	Observations	178419716		m_dupuis	2023-08-14T19:46:03	CC_BY_NC_4_0	m_dupuis	m_dupuis			2025-01-14T13:32:39.691Z	StillImage	COORDINATE_ROUNDED;CONTINENT_DERIVED_FROM_COORDINATES;TAXON_MATCH_TAXON_ID_IGNORED
4177274259	50c9509d-22c7-4a22-a47d-8c48425ef4a7	https://www.inaturalist.org/observations/178272573	Fungi	Basidiomycota	Agaricomycetes	Boletales	Boletaceae	Leccinum	Leccinum aurantiacum		SPECIES	Leccinum aurantiacum (Bull.) Gray	Leccinum aurantiacum		CA		Québec	PRESENT		28eb1a3f-1c15-4a95-931a-4af90ecb574d	47.827958	-70.612213	10.0						2022-09-21T13:49:41	21	9	2022	2524513	2524513	HUMAN_OBSERVATION	iNaturalist	Observations	178272573		Christian Langlois	2023-08-13T22:47:19	CC_BY_4_0	Christian Langlois	Christian Langlois			2025-01-14T12:39:59.733Z	StillImage	COORDINATE_ROUNDED;CONTINENT_DERIVED_FROM_COORDINATES;TAXON_MATCH_TAXON_ID_IGNORED
4177031986	50c9509d-22c7-4a22-a47d-8c48425ef4a7	https://www.inaturalist.org/observations/177840707	Fungi	Basidiomycota	Agaricomycetes	Boletales	Boletaceae	Leccinum	Leccinum aurantiacum		SPECIES	Leccinum aurantiacum (Bull.) Gray	Leccinum aurantiacum		CA		Ontario	PRESENT		28eb1a3f-1c15-4a95-931a-4af90ecb574d	45.198272	-76.23837							2023-08-11T11:06	11	8	2023	2524513	2524513	HUMAN_OBSERVATION	iNaturalist	Observations	177840707		almonteallisons	2023-08-11T15:52:49	CC_BY_NC_4_0	almonteallisons	almonteallisons			2025-01-14T12:37:48.193Z	StillImage	COORDINATE_ROUNDED;CONTINENT_DERIVED_FROM_COORDINATES;TAXON_MATCH_TAXON_ID_IGNORED
4172267392	50c9509d-22c7-4a22-a47d-8c48425ef4a7	https://www.inaturalist.org/observations/177174094	Fungi	Basidiomycota	Agaricomycetes	Boletales	Boletaceae	Leccinum	Leccinum aurantiacum		SPECIES	Leccinum aurantiacum (Bull.) Gray	Leccinum aurantiacum		CA		Québec	PRESENT		28eb1a3f-1c15-4a95-931a-4af90ecb574d	47.663612	-70.799264	136799.0						2023-08-07T08:25:48	7	8	2023	2524513	2524513	HUMAN_OBSERVATION	iNaturalist	Observations	177174094		Lucie Roy	2023-08-07T14:52:01	CC_BY_NC_4_0	Lucie Roy	Lucie Roy			2025-01-14T12:41:15.156Z	StillImage	COORDINATE_ROUNDED;CONTINENT_DERIVED_FROM_COORDINATES;TAXON_MATCH_TAXON_ID_IGNORED
4171229965	50c9509d-22c7-4a22-a47d-8c48425ef4a7	https://www.inaturalist.org/observations/175656390	Fungi	Basidiomycota	Agaricomycetes	Boletales	Boletaceae	Leccinum	Leccinum aurantiacum		SPECIES	Leccinum aurantiacum (Bull.) Gray	Leccinum aurantiacum		CA		Québec	PRESENT		28eb1a3f-1c15-4a95-931a-4af90ecb574d	45.678955	-75.847962	28.0						2023-07-29T22:03:06	29	7	2023	2524513	2524513	HUMAN_OBSERVATION	iNaturalist	Observations	175656390		Celine Perrier	2023-07-30T02:27:31	CC_BY_NC_4_0	Celine Perrier	Celine Perrier			2025-01-14T12:38:20.064Z	StillImage	COORDINATE_ROUNDED;CONTINENT_DERIVED_FROM_COORDINATES;TAXON_MATCH_TAXON_ID_IGNORED
4166371033	695cef75-b65f-4776-b2ed-74565eebb16e	02-01000935102	Fungi	Basidiomycota	Agaricomycetes	Boletales	Boletaceae	Leccinum	Leccinum aurantiacum		SPECIES	Leccinum aurantiacum (Bull.) Gray	Leccinum aurantiacum	(Bull.) Gray	CA	Canisbay, Lake of 2 Rivers, Airfield	Ontario	PRESENT		055bd978-2daa-4543-b3f0-44e0e87e86ca	45.566667	-78.516667							1977-09-03	3	9	1977	2524513	2524513	PRESERVED_SPECIMEN	AAFC	DAOM	186674		S.A. Redhead		CC_BY_4_0	©His Majesty the King in Right of Canada, as represented by the Minister of Agriculture and Agri-Food	G. Thorn			2025-01-12T05:11:13.811Z		GEODETIC_DATUM_ASSUMED_WGS84;CONTINENT_DERIVED_FROM_COORDINATES;TAXON_MATCH_TAXON_ID_IGNORED;INSTITUTION_MATCH_FUZZY
4166235029	695cef75-b65f-4776-b2ed-74565eebb16e	02-01000935105	Fungi	Basidiomycota	Agaricomycetes	Boletales	Boletaceae	Leccinum	Leccinum aurantiacum		SPECIES	Leccinum aurantiacum (Bull.) Gray	Leccinum aurantiacum	(Bull.) Gray	CA	Tadoussac, Moulin a Baude	Quebec	PRESENT		055bd978-2daa-4543-b3f0-44e0e87e86ca	48.166667	-69.666667							1984-08-06	6	8	1984	2524513	2524513	PRESERVED_SPECIMEN	AAFC	DAOM	190618		Y. Dalpé		CC_BY_4_0	©His Majesty the King in Right of Canada, as represented by the Minister of Agriculture and Agri-Food	Y. Dalpé 837			2025-01-12T05:11:13.791Z		GEODETIC_DATUM_ASSUMED_WGS84;CONTINENT_DERIVED_FROM_COORDINATES;TAXON_MATCH_TAXON_ID_IGNORED;INSTITUTION_MATCH_FUZZY
4162154832	50c9509d-22c7-4a22-a47d-8c48425ef4a7	https://www.inaturalist.org/observations/173081529	Fungi	Basidiomycota	Agaricomycetes	Boletales	Boletaceae	Leccinum	Leccinum aurantiacum		SPECIES	Leccinum aurantiacum (Bull.) Gray	Leccinum aurantiacum		CA		Québec	PRESENT		28eb1a3f-1c15-4a95-931a-4af90ecb574d	47.669638	-70.794258	4.0						2023-07-15T09:39:23	15	7	2023	2524513	2524513	HUMAN_OBSERVATION	iNaturalist	Observations	173081529		Jean-Daniel Fiset	2023-07-15T20:07:58	CC_BY_NC_4_0	Jean-Daniel Fiset	Jean-Daniel Fiset			2025-01-14T13:31:12.947Z	StillImage	COORDINATE_ROUNDED;CONTINENT_DERIVED_FROM_COORDINATES;TAXON_MATCH_TAXON_ID_IGNORED
4153724419	50c9509d-22c7-4a22-a47d-8c48425ef4a7	https://www.inaturalist.org/observations/136027536	Fungi	Basidiomycota	Agaricomycetes	Boletales	Boletaceae	Leccinum	Leccinum aurantiacum		SPECIES	Leccinum aurantiacum (Bull.) Gray	Leccinum aurantiacum		CA		Québec	PRESENT		28eb1a3f-1c15-4a95-931a-4af90ecb574d	48.674787	-72.471542	4.0						2022-09-21T16:14:35	21	9	2022	2524513	2524513	HUMAN_OBSERVATION	iNaturalist	Observations	136027536		ricomycologie	2022-09-22T12:29:33	CC_BY_NC_4_0	ricomycologie	ricomycologie			2025-01-14T12:32:26.203Z	StillImage	COORDINATE_ROUNDED;CONTINENT_DERIVED_FROM_COORDINATES;TAXON_MATCH_TAXON_ID_IGNORED
4099941447	d1a3b128-b406-46bb-a6d1-f3591dcc8a7b	e303de4e-21ac-4e1d-a394-5787498a9aa1	Fungi	Basidiomycota	Agaricomycetes	Boletales	Boletaceae	Leccinum	Leccinum aurantiacum		SPECIES	Leccinum aurantiacum (Bull.) Gray	Leccinum aurantiacum	(Bull.) Gray	CA	North Gower	Ontario	PRESENT		e43cf4b8-849e-4fac-b075-e652d019d2cf	45.153056	-75.682778	301.0						1958-10-09	9	10	1958	2524513	2524513	PRESERVED_SPECIMEN	BPI		BPI 783402		Pantidou, M.		CC0_1_0		Elliott, M. E.; Pantidou, M.			2025-01-15T04:59:42.539Z		GEODETIC_DATUM_ASSUMED_WGS84;CONTINENT_DERIVED_FROM_COORDINATES;TAXON_MATCH_TAXON_ID_IGNORED;INSTITUTION_MATCH_FUZZY
4099484466	d1a3b128-b406-46bb-a6d1-f3591dcc8a7b	93938016-801c-438a-9b94-6be0f059a54f	Fungi	Basidiomycota	Agaricomycetes	Boletales	Boletaceae	Leccinum	Leccinum aurantiacum		SPECIES	Leccinum aurantiacum (Bull.) Gray	Leccinum aurantiacum	(Bull.) Gray	CA	Cape Split under pure Picea glauca	Nova Scotia	PRESENT		e43cf4b8-849e-4fac-b075-e652d019d2cf	45.333333	-64.5	925.0						1962			1962	2524513	2524513	PRESERVED_SPECIMEN	BPI		BPI 783373		Snell, W. H.		CC0_1_0		Dick, E. A.; McLaughlin, D.			2025-01-15T04:59:42.667Z		CONTINENT_DERIVED_FROM_COORDINATES;TAXON_MATCH_TAXON_ID_IGNORED;INSTITUTION_MATCH_FUZZY
4046336581	50c9509d-22c7-4a22-a47d-8c48425ef4a7	https://www.inaturalist.org/observations/130870104	Fungi	Basidiomycota	Agaricomycetes	Boletales	Boletaceae	Leccinum	Leccinum aurantiacum		SPECIES	Leccinum aurantiacum (Bull.) Gray	Leccinum aurantiacum		CA		Québec	PRESENT		28eb1a3f-1c15-4a95-931a-4af90ecb574d	48.719897	-70.664513	6.0						2022-08-11T09:16:09	11	8	2022	2524513	2524513	HUMAN_OBSERVATION	iNaturalist	Observations	130870104		David Larouche	2022-08-15T00:16:01	CC_BY_NC_4_0	David Larouche	David Larouche			2025-01-14T12:31:23.899Z	StillImage	COORDINATE_ROUNDED;CONTINENT_DERIVED_FROM_COORDINATES;TAXON_MATCH_TAXON_ID_IGNORED
4023678903	fb9d7c38-5759-4c30-9e09-5b6bd43f78a6	http://id.luomus.fi/MY.13850875	Fungi	Basidiomycota	Agaricomycetes	Boletales	Boletaceae	Leccinum	Leccinum aurantiacum		SPECIES	Leccinum populinum M.Korhonen	Leccinum populinum M. Korhonen		CA	Conroy Rd.	Ontario	PRESENT		04fd2e13-6881-4e5c-9dd1-8fdd9ab993c1	45.3	-75.6							1965-08-24T00:00Z	24	8	1965	2524523	2524513	PRESERVED_SPECIMEN	H		http://id.luomus.fi/HA.H7077109		Groves, J.W.		CC_BY_4_0		Groves, J. W.;Elliott, M. E.			2025-01-17T02:41:21.548Z		CONTINENT_DERIVED_FROM_COORDINATES;TAXON_MATCH_TAXON_ID_IGNORED;COLLECTION_MATCH_NONE;INSTITUTION_MATCH_FUZZY
4023678888	fb9d7c38-5759-4c30-9e09-5b6bd43f78a6	http://id.luomus.fi/MY.13850867	Fungi	Basidiomycota	Agaricomycetes	Boletales	Boletaceae	Leccinum	Leccinum aurantiacum		SPECIES	Leccinum populinum M.Korhonen	Leccinum populinum M. Korhonen		CA	La Verendrye Park	Quebec	PRESENT		04fd2e13-6881-4e5c-9dd1-8fdd9ab993c1	47.03	-76.53							1965-09-14T00:00Z	14	9	1965	2524523	2524513	PRESERVED_SPECIMEN	H		http://id.luomus.fi/HA.H7077107	M.E. Eklliott 65-44	Groves, J.W.		CC_BY_4_0		Elliott, M. E.			2025-01-17T02:41:21.545Z		CONTINENT_DERIVED_FROM_COORDINATES;TAXON_MATCH_TAXON_ID_IGNORED;COLLECTION_MATCH_NONE;INSTITUTION_MATCH_FUZZY
4018182369	50c9509d-22c7-4a22-a47d-8c48425ef4a7	https://www.inaturalist.org/observations/58616525	Fungi	Basidiomycota	Agaricomycetes	Boletales	Boletaceae	Leccinum	Leccinum aurantiacum		SPECIES	Leccinum aurantiacum (Bull.) Gray	Leccinum aurantiacum		CA		Québec	PRESENT		28eb1a3f-1c15-4a95-931a-4af90ecb574d	46.794374	-71.302861	206.0						2020-09-04T18:32:40	4	9	2020	2524513	2524513	HUMAN_OBSERVATION	iNaturalist	Observations	58616525		Pierrick Bloin	2020-09-05T16:50:10	CC_BY_NC_4_0	Pierrick Bloin	Pierrick Bloin			2025-01-14T13:09:33.791Z	StillImage	COORDINATE_ROUNDED;CONTINENT_DERIVED_FROM_COORDINATES;TAXON_MATCH_TAXON_ID_IGNORED
3915523366	50c9509d-22c7-4a22-a47d-8c48425ef4a7	https://www.inaturalist.org/observations/136025035	Fungi	Basidiomycota	Agaricomycetes	Boletales	Boletaceae	Leccinum	Leccinum aurantiacum		SPECIES	Leccinum aurantiacum (Bull.) Gray	Leccinum aurantiacum		CA		New Brunswick	PRESENT		28eb1a3f-1c15-4a95-931a-4af90ecb574d	47.621117	-65.679253	10.0						2022-09-16T13:09:12	16	9	2022	2524513	2524513	HUMAN_OBSERVATION	iNaturalist	Observations	136025035		naxellearmande	2022-09-22T11:53:25	CC_BY_NC_4_0	naxellearmande	naxellearmande			2025-01-14T12:31:44.945Z	StillImage	COORDINATE_ROUNDED;CONTINENT_DERIVED_FROM_COORDINATES;TAXON_MATCH_TAXON_ID_IGNORED
3915432897	50c9509d-22c7-4a22-a47d-8c48425ef4a7	https://www.inaturalist.org/observations/136025702	Fungi	Basidiomycota	Agaricomycetes	Boletales	Boletaceae	Leccinum	Leccinum aurantiacum		SPECIES	Leccinum aurantiacum (Bull.) Gray	Leccinum aurantiacum		CA		New Brunswick	PRESENT		28eb1a3f-1c15-4a95-931a-4af90ecb574d	47.621272	-65.673872	189.0						2022-09-16T13:45	16	9	2022	2524513	2524513	HUMAN_OBSERVATION	iNaturalist	Observations	136025702		priscadjandjio	2022-09-22T12:04:04	CC_BY_NC_4_0	priscadjandjio	priscadjandjio			2025-01-14T13:25:35.666Z	StillImage	COORDINATE_ROUNDED;CONTINENT_DERIVED_FROM_COORDINATES;TAXON_MATCH_TAXON_ID_IGNORED
3903128847	50c9509d-22c7-4a22-a47d-8c48425ef4a7	https://www.inaturalist.org/observations/132701922	Fungi	Basidiomycota	Agaricomycetes	Boletales	Boletaceae	Leccinum	Leccinum aurantiacum		SPECIES	Leccinum aurantiacum (Bull.) Gray	Leccinum aurantiacum		CA		New Brunswick	PRESENT		28eb1a3f-1c15-4a95-931a-4af90ecb574d	47.01685	-65.465508	35.0						2022-08-28T17:02:23	28	8	2022	2524513	2524513	HUMAN_OBSERVATION	iNaturalist	Observations	132701922		scottmanuel	2022-08-28T22:22:02	CC_BY_NC_4_0	scottmanuel	scottmanuel			2025-01-14T13:25:23.492Z	StillImage	COORDINATE_ROUNDED;CONTINENT_DERIVED_FROM_COORDINATES;TAXON_MATCH_TAXON_ID_IGNORED
3902569732	50c9509d-22c7-4a22-a47d-8c48425ef4a7	https://www.inaturalist.org/observations/96152404	Fungi	Basidiomycota	Agaricomycetes	Boletales	Boletaceae	Leccinum	Leccinum aurantiacum		SPECIES	Leccinum aurantiacum (Bull.) Gray	Leccinum aurantiacum		CA		New Brunswick	PRESENT		28eb1a3f-1c15-4a95-931a-4af90ecb574d	46.808294	-64.929522	41.0						2021-09-19T14:06:44	19	9	2021	2524513	2524513	HUMAN_OBSERVATION	iNaturalist	Observations	96152404		michaellynch	2021-09-25T22:26:46	CC_BY_NC_4_0	michaellynch	michaellynch			2025-01-14T12:22:43.539Z	StillImage	COORDINATE_ROUNDED;CONTINENT_DERIVED_FROM_COORDINATES;TAXON_MATCH_TAXON_ID_IGNORED
3902337905	50c9509d-22c7-4a22-a47d-8c48425ef4a7	https://www.inaturalist.org/observations/132074504	Fungi	Basidiomycota	Agaricomycetes	Boletales	Boletaceae	Leccinum	Leccinum aurantiacum		SPECIES	Leccinum aurantiacum (Bull.) Gray	Leccinum aurantiacum		CA		Québec	PRESENT		28eb1a3f-1c15-4a95-931a-4af90ecb574d	45.991315	-76.527707	27095.0						2022-08-22T09:54	22	8	2022	2524513	2524513	HUMAN_OBSERVATION	iNaturalist	Observations	132074504		L Joan Heyding	2022-08-23T23:21:29	CC_BY_NC_4_0	L Joan Heyding	L Joan Heyding			2025-01-14T13:19:28.324Z	StillImage	COORDINATE_ROUNDED;CONTINENT_DERIVED_FROM_COORDINATES;TAXON_MATCH_TAXON_ID_IGNORED
3873140315	50c9509d-22c7-4a22-a47d-8c48425ef4a7	https://www.inaturalist.org/observations/125508132	Fungi	Basidiomycota	Agaricomycetes	Boletales	Boletaceae	Leccinum	Leccinum aurantiacum		SPECIES	Leccinum aurantiacum (Bull.) Gray	Leccinum aurantiacum		CA		Québec	PRESENT		28eb1a3f-1c15-4a95-931a-4af90ecb574d	47.429942	-70.491212	2337.0						2022-07-09T13:46:09	9	7	2022	2524513	2524513	HUMAN_OBSERVATION	iNaturalist	Observations	125508132		Vincent Auclair	2022-07-09T20:49:40	CC_BY_NC_4_0	Vincent Auclair	Vincent Auclair			2025-01-14T12:30:01.734Z	StillImage	COORDINATE_ROUNDED;CONTINENT_DERIVED_FROM_COORDINATES;TAXON_MATCH_TAXON_ID_IGNORED
3764190377	50c9509d-22c7-4a22-a47d-8c48425ef4a7	https://www.inaturalist.org/observations/97185450	Fungi	Basidiomycota	Agaricomycetes	Boletales	Boletaceae	Leccinum	Leccinum aurantiacum		SPECIES	Leccinum aurantiacum (Bull.) Gray	Leccinum aurantiacum		CA		Ontario	PRESENT		28eb1a3f-1c15-4a95-931a-4af90ecb574d	45.204538	-76.22431	370.0						2021-09-25T12:07	25	9	2021	2524513	2524513	HUMAN_OBSERVATION	iNaturalist	Observations	97185450		Ken Allison	2021-10-04T21:43:11	CC_BY_NC_4_0	Ken Allison	Ken Allison			2025-01-14T12:24:51.534Z	StillImage	COORDINATE_ROUNDED;CONTINENT_DERIVED_FROM_COORDINATES;TAXON_MATCH_TAXON_ID_IGNORED
3759636787	50c9509d-22c7-4a22-a47d-8c48425ef4a7	https://www.inaturalist.org/observations/104063194	Fungi	Basidiomycota	Agaricomycetes	Boletales	Boletaceae	Leccinum	Leccinum aurantiacum		SPECIES	Leccinum aurantiacum (Bull.) Gray	Leccinum aurantiacum		CA		New Brunswick	PRESENT		28eb1a3f-1c15-4a95-931a-4af90ecb574d	46.804816	-64.942619	3766.0						2021-09-15T09:30	15	9	2021	2524513	2524513	HUMAN_OBSERVATION	iNaturalist	Observations	104063194		Peter Jessen	2021-12-31T22:48:08	CC_BY_NC_4_0	Peter Jessen	Peter Jessen			2025-01-14T12:23:48.162Z	StillImage	COORDINATE_ROUNDED;CONTINENT_DERIVED_FROM_COORDINATES;TAXON_MATCH_TAXON_ID_IGNORED
3747075465	50c9509d-22c7-4a22-a47d-8c48425ef4a7	https://www.inaturalist.org/observations/106389951	Fungi	Basidiomycota	Agaricomycetes	Boletales	Boletaceae	Leccinum	Leccinum aurantiacum		SPECIES	Leccinum aurantiacum (Bull.) Gray	Leccinum aurantiacum		CA		New Brunswick	PRESENT		28eb1a3f-1c15-4a95-931a-4af90ecb574d	45.490136	-65.305806							2021-09-09T11:59:34	9	9	2021	2524513	2524513	HUMAN_OBSERVATION	iNaturalist	Observations	106389951		Asia Ruby Fuoco	2022-02-09T23:36:04	CC_BY_NC_4_0	t	t			2025-01-14T12:25:32.892Z	StillImage	COORDINATE_ROUNDED;CONTINENT_DERIVED_FROM_COORDINATES;TAXON_MATCH_TAXON_ID_IGNORED
3468803620	50c9509d-22c7-4a22-a47d-8c48425ef4a7	https://www.inaturalist.org/observations/104808600	Fungi	Basidiomycota	Agaricomycetes	Boletales	Boletaceae	Leccinum	Leccinum aurantiacum		SPECIES	Leccinum aurantiacum (Bull.) Gray	Leccinum aurantiacum		CA		Québec	PRESENT		28eb1a3f-1c15-4a95-931a-4af90ecb574d	46.850646	-71.252737	2.0						2021-10-02	2	10	2021	2524513	2524513	HUMAN_OBSERVATION	iNaturalist	Observations	104808600		Grace	2022-02-10T16:32:08	CC_BY_NC_4_0	Christian Grenier	Christian Grenier			2025-01-14T12:27:29.338Z	StillImage	COORDINATE_ROUNDED;CONTINENT_DERIVED_FROM_COORDINATES;TAXON_MATCH_TAXON_ID_IGNORED
3391397342	50c9509d-22c7-4a22-a47d-8c48425ef4a7	https://www.inaturalist.org/observations/41305423	Fungi	Basidiomycota	Agaricomycetes	Boletales	Boletaceae	Leccinum	Leccinum aurantiacum		SPECIES	Leccinum aurantiacum (Bull.) Gray	Leccinum aurantiacum		CA		Québec	PRESENT		28eb1a3f-1c15-4a95-931a-4af90ecb574d	47.667745	-70.605163	8.0						2018-07-29	29	7	2018	2524513	2524513	HUMAN_OBSERVATION	iNaturalist	Observations	41305423		Matt Welter	2021-10-12T02:44:50	CC_BY_NC_4_0	Ludo Leclerc	Ludo Leclerc			2025-01-14T12:11:16.407Z	StillImage	COORDINATE_ROUNDED;CONTINENT_DERIVED_FROM_COORDINATES;TAXON_MATCH_TAXON_ID_IGNORED
3385152986	50c9509d-22c7-4a22-a47d-8c48425ef4a7	https://www.inaturalist.org/observations/95870429	Fungi	Basidiomycota	Agaricomycetes	Boletales	Boletaceae	Leccinum	Leccinum aurantiacum		SPECIES	Leccinum aurantiacum (Bull.) Gray	Leccinum aurantiacum		CA		New Brunswick	PRESENT		28eb1a3f-1c15-4a95-931a-4af90ecb574d	47.619791	-65.679588	5.0						2021-09-23T14:10:29	23	9	2021	2524513	2524513	HUMAN_OBSERVATION	iNaturalist	Observations	95870429		Lisa Martin	2021-09-24T12:02:32	CC_BY_NC_4_0	monaccnb	monaccnb			2025-01-14T13:26:00.852Z	StillImage	COORDINATE_ROUNDED;CONTINENT_DERIVED_FROM_COORDINATES;TAXON_MATCH_TAXON_ID_IGNORED
3385107316	50c9509d-22c7-4a22-a47d-8c48425ef4a7	https://www.inaturalist.org/observations/96240541	Fungi	Basidiomycota	Agaricomycetes	Boletales	Boletaceae	Leccinum	Leccinum aurantiacum		SPECIES	Leccinum aurantiacum (Bull.) Gray	Leccinum aurantiacum		CA		Québec	PRESENT		28eb1a3f-1c15-4a95-931a-4af90ecb574d	45.850914	-72.422157	14.0						2021-09-26T12:01:46	26	9	2021	2524513	2524513	HUMAN_OBSERVATION	iNaturalist	Observations	96240541		sophiemontminy	2021-09-26T16:02:02	CC_BY_NC_4_0	sophiemontminy	sophiemontminy			2025-01-14T12:21:18.976Z	StillImage	COORDINATE_ROUNDED;CONTINENT_DERIVED_FROM_COORDINATES;TAXON_MATCH_TAXON_ID_IGNORED
3385082209	50c9509d-22c7-4a22-a47d-8c48425ef4a7	https://www.inaturalist.org/observations/96158242	Fungi	Basidiomycota	Agaricomycetes	Boletales	Boletaceae	Leccinum	Leccinum aurantiacum		SPECIES	Leccinum aurantiacum (Bull.) Gray	Leccinum aurantiacum		CA		Québec	PRESENT		28eb1a3f-1c15-4a95-931a-4af90ecb574d	46.749053	-71.708267	6.0						2021-09-25T13:44:54	25	9	2021	2524513	2524513	HUMAN_OBSERVATION	iNaturalist	Observations	96158242		Hilde Marie Johansen	2021-09-25T23:18:23	CC_BY_NC_4_0	Hilde Marie Johansen	Hilde Marie Johansen			2025-01-14T12:25:50.769Z	StillImage	COORDINATE_ROUNDED;CONTINENT_DERIVED_FROM_COORDINATES;TAXON_MATCH_TAXON_ID_IGNORED
3355486638	50c9509d-22c7-4a22-a47d-8c48425ef4a7	https://www.inaturalist.org/observations/87738543	Fungi	Basidiomycota	Agaricomycetes	Boletales	Boletaceae	Leccinum	Leccinum aurantiacum		SPECIES	Leccinum aurantiacum (Bull.) Gray	Leccinum aurantiacum		CA		Québec	PRESENT		28eb1a3f-1c15-4a95-931a-4af90ecb574d	46.416344	-72.561607	2599.0						2021-07-19T13:21:48	19	7	2021	2524513	2524513	HUMAN_OBSERVATION	iNaturalist	Observations	87738543		Cindy	2021-07-19T17:21:54	CC_BY_NC_4_0	Cindy	Cindy			2025-01-14T12:20:23.207Z	StillImage	COORDINATE_ROUNDED;CONTINENT_DERIVED_FROM_COORDINATES;TAXON_MATCH_TAXON_ID_IGNORED
3337834777	50c9509d-22c7-4a22-a47d-8c48425ef4a7	https://www.inaturalist.org/observations/88465080	Fungi	Basidiomycota	Agaricomycetes	Boletales	Boletaceae	Leccinum	Leccinum aurantiacum		SPECIES	Leccinum aurantiacum (Bull.) Gray	Leccinum aurantiacum		CA		Québec	PRESENT		28eb1a3f-1c15-4a95-931a-4af90ecb574d	45.739881	-74.059742							2021-07-24T16:15:11	24	7	2021	2524513	2524513	HUMAN_OBSERVATION	iNaturalist	Observations	88465080		Benoit Renaud	2021-07-24T23:14:14	CC_BY_4_0	Benoit Renaud	Benoit Renaud			2025-01-14T12:20:05.414Z	StillImage	COORDINATE_ROUNDED;CONTINENT_DERIVED_FROM_COORDINATES;TAXON_MATCH_TAXON_ID_IGNORED
3337776648	50c9509d-22c7-4a22-a47d-8c48425ef4a7	https://www.inaturalist.org/observations/88144126	Fungi	Basidiomycota	Agaricomycetes	Boletales	Boletaceae	Leccinum	Leccinum aurantiacum		SPECIES	Leccinum aurantiacum (Bull.) Gray	Leccinum aurantiacum		CA		Québec	PRESENT		28eb1a3f-1c15-4a95-931a-4af90ecb574d	45.750969	-75.970515	64.0						2021-07-22T07:56:53	22	7	2021	2524513	2524513	HUMAN_OBSERVATION	iNaturalist	Observations	88144126		janebarton	2021-07-22T16:56:37	CC_BY_NC_4_0	janebarton	janebarton			2025-01-14T12:21:13.059Z	StillImage	COORDINATE_ROUNDED;CONTINENT_DERIVED_FROM_COORDINATES;TAXON_MATCH_TAXON_ID_IGNORED
3337713588	50c9509d-22c7-4a22-a47d-8c48425ef4a7	https://www.inaturalist.org/observations/86368900	Fungi	Basidiomycota	Agaricomycetes	Boletales	Boletaceae	Leccinum	Leccinum aurantiacum		SPECIES	Leccinum aurantiacum (Bull.) Gray	Leccinum aurantiacum		CA		Québec	PRESENT		28eb1a3f-1c15-4a95-931a-4af90ecb574d	46.919075	-71.238075	63.0						2021-07-09T20:34:58	9	7	2021	2524513	2524513	HUMAN_OBSERVATION	iNaturalist	Observations	86368900		shatov	2021-07-10T04:54:15	CC_BY_NC_4_0	shatov	shatov			2025-01-14T12:19:23.822Z	StillImage	CONTINENT_DERIVED_FROM_COORDINATES;TAXON_MATCH_TAXON_ID_IGNORED
3337653880	50c9509d-22c7-4a22-a47d-8c48425ef4a7	https://www.inaturalist.org/observations/89546826	Fungi	Basidiomycota	Agaricomycetes	Boletales	Boletaceae	Leccinum	Leccinum aurantiacum		SPECIES	Leccinum aurantiacum (Bull.) Gray	Leccinum aurantiacum		CA		Québec	PRESENT		28eb1a3f-1c15-4a95-931a-4af90ecb574d	46.833892	-79.187912	17.0						2021-08-01T12:54:11	1	8	2021	2524513	2524513	HUMAN_OBSERVATION	iNaturalist	Observations	89546826		rhiannondon	2021-08-01T21:11:24	CC_BY_NC_4_0	rhiannondon	rhiannondon			2025-01-14T12:20:24.892Z	StillImage	COORDINATE_ROUNDED;CONTINENT_DERIVED_FROM_COORDINATES;TAXON_MATCH_TAXON_ID_IGNORED
3337538626	50c9509d-22c7-4a22-a47d-8c48425ef4a7	https://www.inaturalist.org/observations/86575623	Fungi	Basidiomycota	Agaricomycetes	Boletales	Boletaceae	Leccinum	Leccinum aurantiacum		SPECIES	Leccinum aurantiacum (Bull.) Gray	Leccinum aurantiacum		CA		Ontario	PRESENT		28eb1a3f-1c15-4a95-931a-4af90ecb574d	45.199214	-78.405951	31.0						2004-09-18T11:01	18	9	2004	2524513	2524513	HUMAN_OBSERVATION	iNaturalist	Observations	86575623		Bonnie Kinder	2021-07-11T15:54:49	CC_BY_NC_4_0	Bonnie Kinder	Bonnie Kinder			2025-01-14T12:21:35.400Z	StillImage	COORDINATE_ROUNDED;CONTINENT_DERIVED_FROM_COORDINATES;TAXON_MATCH_TAXON_ID_IGNORED
3337492838	50c9509d-22c7-4a22-a47d-8c48425ef4a7	https://www.inaturalist.org/observations/90306103	Fungi	Basidiomycota	Agaricomycetes	Boletales	Boletaceae	Leccinum	Leccinum aurantiacum		SPECIES	Leccinum aurantiacum (Bull.) Gray	Leccinum aurantiacum		CA		Québec	PRESENT		28eb1a3f-1c15-4a95-931a-4af90ecb574d	45.896278	-74.264878	24.0						2021-08-07T11:20:03	7	8	2021	2524513	2524513	HUMAN_OBSERVATION	iNaturalist	Observations	90306103		vincent_dumontier	2021-08-07T20:19:14	CC_BY_NC_4_0	vincent_dumontier	vincent_dumontier			2025-01-14T13:10:05.345Z	StillImage	COORDINATE_ROUNDED;CONTINENT_DERIVED_FROM_COORDINATES;TAXON_MATCH_TAXON_ID_IGNORED
3337488798	50c9509d-22c7-4a22-a47d-8c48425ef4a7	https://www.inaturalist.org/observations/88867513	Fungi	Basidiomycota	Agaricomycetes	Boletales	Boletaceae	Leccinum	Leccinum aurantiacum		SPECIES	Leccinum aurantiacum (Bull.) Gray	Leccinum aurantiacum		CA		Ontario	PRESENT		28eb1a3f-1c15-4a95-931a-4af90ecb574d	45.572678	-78.451088	8.0						2021-07-27T15:51:21	27	7	2021	2524513	2524513	HUMAN_OBSERVATION	iNaturalist	Observations	88867513		karenobserver1	2021-07-27T21:12:50	CC_BY_NC_4_0	karenobserver1	karenobserver1			2025-01-14T12:20:48.508Z	StillImage	COORDINATE_ROUNDED;CONTINENT_DERIVED_FROM_COORDINATES;TAXON_MATCH_TAXON_ID_IGNORED
3337472225	50c9509d-22c7-4a22-a47d-8c48425ef4a7	https://www.inaturalist.org/observations/90266502	Fungi	Basidiomycota	Agaricomycetes	Boletales	Boletaceae	Leccinum	Leccinum aurantiacum		SPECIES	Leccinum aurantiacum (Bull.) Gray	Leccinum aurantiacum		CA		Québec	PRESENT		28eb1a3f-1c15-4a95-931a-4af90ecb574d	45.832073	-73.673637	3647.0						2021-08-07T11:09:59	7	8	2021	2524513	2524513	HUMAN_OBSERVATION	iNaturalist	Observations	90266502		Vert de chez Vert	2021-08-07T15:10:39	CC_BY_NC_4_0	Vert de chez Vert	Vert de chez Vert			2025-01-14T13:25:00.918Z	StillImage	COORDINATE_ROUNDED;CONTINENT_DERIVED_FROM_COORDINATES;TAXON_MATCH_TAXON_ID_IGNORED
3337446678	50c9509d-22c7-4a22-a47d-8c48425ef4a7	https://www.inaturalist.org/observations/87211899	Fungi	Basidiomycota	Agaricomycetes	Boletales	Boletaceae	Leccinum	Leccinum aurantiacum		SPECIES	Leccinum aurantiacum (Bull.) Gray	Leccinum aurantiacum		CA		Ontario	PRESENT		28eb1a3f-1c15-4a95-931a-4af90ecb574d	45.566161	-78.450803	9.0						2021-07-15T20:16:57	15	7	2021	2524513	2524513	HUMAN_OBSERVATION	iNaturalist	Observations	87211899		Jon McGuire	2021-07-16T00:18:42	CC_BY_NC_4_0	Jon McGuire	Jon McGuire			2025-01-14T12:20:51.174Z	StillImage	COORDINATE_ROUNDED;CONTINENT_DERIVED_FROM_COORDINATES;TAXON_MATCH_TAXON_ID_IGNORED
3337440024	50c9509d-22c7-4a22-a47d-8c48425ef4a7	https://www.inaturalist.org/observations/90197455	Fungi	Basidiomycota	Agaricomycetes	Boletales	Boletaceae	Leccinum	Leccinum aurantiacum		SPECIES	Leccinum aurantiacum (Bull.) Gray	Leccinum aurantiacum		CA		Québec	PRESENT		28eb1a3f-1c15-4a95-931a-4af90ecb574d	45.78647	-75.774575	5005.0						2021-08-06T16:15:21	6	8	2021	2524513	2524513	HUMAN_OBSERVATION	iNaturalist	Observations	90197455		itschana	2021-08-06T22:32:10	CC_BY_NC_4_0	itschana	itschana			2025-01-14T13:10:05.091Z	StillImage	CONTINENT_DERIVED_FROM_COORDINATES;TAXON_MATCH_TAXON_ID_IGNORED
3337435932	50c9509d-22c7-4a22-a47d-8c48425ef4a7	https://www.inaturalist.org/observations/90702013	Fungi	Basidiomycota	Agaricomycetes	Boletales	Boletaceae	Leccinum	Leccinum aurantiacum		SPECIES	Leccinum aurantiacum (Bull.) Gray	Leccinum aurantiacum		CA		Québec	PRESENT		28eb1a3f-1c15-4a95-931a-4af90ecb574d	46.911995	-70.124955	8.0						2021-08-10T13:56:55	10	8	2021	2524513	2524513	HUMAN_OBSERVATION	iNaturalist	Observations	90702013		stef_spike	2021-08-10T20:45:36	CC_BY_NC_4_0	stef_spike	stef_spike			2025-01-14T13:14:22.587Z	StillImage	COORDINATE_ROUNDED;CONTINENT_DERIVED_FROM_COORDINATES;TAXON_MATCH_TAXON_ID_IGNORED
3337415853	50c9509d-22c7-4a22-a47d-8c48425ef4a7	https://www.inaturalist.org/observations/90440013	Fungi	Basidiomycota	Agaricomycetes	Boletales	Boletaceae	Leccinum	Leccinum aurantiacum		SPECIES	Leccinum aurantiacum (Bull.) Gray	Leccinum aurantiacum		CA		Québec	PRESENT		28eb1a3f-1c15-4a95-931a-4af90ecb574d	46.166599	-74.363327	4997.0						2021-08-08T15:47	8	8	2021	2524513	2524513	HUMAN_OBSERVATION	iNaturalist	Observations	90440013		zactodactyl	2021-08-08T19:48:06	CC_BY_NC_4_0	zactodactyl	zactodactyl			2025-01-14T12:20:31.634Z	StillImage	COORDINATE_ROUNDED;CONTINENT_DERIVED_FROM_COORDINATES;TAXON_MATCH_TAXON_ID_IGNORED
3337408754	50c9509d-22c7-4a22-a47d-8c48425ef4a7	https://www.inaturalist.org/observations/88611496	Fungi	Basidiomycota	Agaricomycetes	Boletales	Boletaceae	Leccinum	Leccinum aurantiacum		SPECIES	Leccinum aurantiacum (Bull.) Gray	Leccinum aurantiacum		CA		Québec	PRESENT		28eb1a3f-1c15-4a95-931a-4af90ecb574d	45.969555	-73.16707	95.0						2021-07-24T13:55:20	24	7	2021	2524513	2524513	HUMAN_OBSERVATION	iNaturalist	Observations	88611496		vincent_dumontier	2021-07-25T22:00:26	CC_BY_NC_4_0	vincent_dumontier	vincent_dumontier			2025-01-14T12:22:53.635Z	StillImage	COORDINATE_ROUNDED;CONTINENT_DERIVED_FROM_COORDINATES;TAXON_MATCH_TAXON_ID_IGNORED
3337402014	50c9509d-22c7-4a22-a47d-8c48425ef4a7	https://www.inaturalist.org/observations/90774569	Fungi	Basidiomycota	Agaricomycetes	Boletales	Boletaceae	Leccinum	Leccinum aurantiacum		SPECIES	Leccinum aurantiacum (Bull.) Gray	Leccinum aurantiacum		CA		New Brunswick	PRESENT		28eb1a3f-1c15-4a95-931a-4af90ecb574d	46.947434	-65.837941	1481.0						2021-08-11T10:57:09	11	8	2021	2524513	2524513	HUMAN_OBSERVATION	iNaturalist	Observations	90774569		krissyward	2021-08-11T13:58:57	CC_BY_NC_4_0	krissyward	krissyward			2025-01-14T12:21:18.487Z	StillImage	COORDINATE_ROUNDED;CONTINENT_DERIVED_FROM_COORDINATES;TAXON_MATCH_TAXON_ID_IGNORED
3307512013	50c9509d-22c7-4a22-a47d-8c48425ef4a7	https://www.inaturalist.org/observations/83257650	Fungi	Basidiomycota	Agaricomycetes	Boletales	Boletaceae	Leccinum	Leccinum aurantiacum		SPECIES	Leccinum aurantiacum (Bull.) Gray	Leccinum aurantiacum		CA		New Brunswick	PRESENT		28eb1a3f-1c15-4a95-931a-4af90ecb574d	45.179466	-67.080546	8.0						2021-06-16T10:27:46	16	6	2021	2524513	2524513	HUMAN_OBSERVATION	iNaturalist	Observations	83257650		hopealexisperry	2021-06-16T13:33:41	CC_BY_NC_4_0	hopealexisperry	hopealexisperry			2025-01-14T12:19:03.165Z	StillImage	COORDINATE_ROUNDED;CONTINENT_DERIVED_FROM_COORDINATES;TAXON_MATCH_TAXON_ID_IGNORED
3307305069	50c9509d-22c7-4a22-a47d-8c48425ef4a7	https://www.inaturalist.org/observations/83318407	Fungi	Basidiomycota	Agaricomycetes	Boletales	Boletaceae	Leccinum	Leccinum aurantiacum		SPECIES	Leccinum aurantiacum (Bull.) Gray	Leccinum aurantiacum		CA		New Brunswick	PRESENT		28eb1a3f-1c15-4a95-931a-4af90ecb574d	45.179475	-67.080555	12.0						2021-06-16T10:28:09	16	6	2021	2524513	2524513	HUMAN_OBSERVATION	iNaturalist	Observations	83318407		hopealexisperry	2021-06-16T22:11:22	CC_BY_NC_4_0	hopealexisperry	hopealexisperry			2025-01-14T12:19:03.705Z	StillImage	COORDINATE_ROUNDED;CONTINENT_DERIVED_FROM_COORDINATES;TAXON_MATCH_TAXON_ID_IGNORED
3307301325	50c9509d-22c7-4a22-a47d-8c48425ef4a7	https://www.inaturalist.org/observations/32886039	Fungi	Basidiomycota	Agaricomycetes	Boletales	Boletaceae	Leccinum	Leccinum aurantiacum		SPECIES	Leccinum aurantiacum (Bull.) Gray	Leccinum aurantiacum		CA		New Brunswick	PRESENT		28eb1a3f-1c15-4a95-931a-4af90ecb574d	45.919291	-66.608271	66.0						2018-09-12T15:28:59	12	9	2018	2524513	2524513	HUMAN_OBSERVATION	iNaturalist	Observations	32886039		Tristan Hallett	2021-03-04T13:14:26	CC_BY_NC_4_0	Claire Ferguson	Claire Ferguson			2025-01-14T12:59:35.521Z	StillImage	COORDINATE_ROUNDED;CONTINENT_DERIVED_FROM_COORDINATES;TAXON_MATCH_TAXON_ID_IGNORED
3307225415	50c9509d-22c7-4a22-a47d-8c48425ef4a7	https://www.inaturalist.org/observations/71801288	Fungi	Basidiomycota	Agaricomycetes	Boletales	Boletaceae	Leccinum	Leccinum aurantiacum		SPECIES	Leccinum aurantiacum (Bull.) Gray	Leccinum aurantiacum		CA		Québec	PRESENT		28eb1a3f-1c15-4a95-931a-4af90ecb574d	46.834535	-71.311715	15.0						2020-09-25	25	9	2020	2524513	2524513	HUMAN_OBSERVATION	iNaturalist	Observations	71801288		Christian Grenier	2021-03-22T15:14:52	CC_BY_NC_4_0	Christian Grenier	Christian Grenier			2025-01-14T13:11:36.489Z	StillImage	COORDINATE_ROUNDED;CONTINENT_DERIVED_FROM_COORDINATES;TAXON_MATCH_TAXON_ID_IGNORED
3067783086	50c9509d-22c7-4a22-a47d-8c48425ef4a7	https://www.inaturalist.org/observations/55857295	Fungi	Basidiomycota	Agaricomycetes	Boletales	Boletaceae	Leccinum	Leccinum aurantiacum		SPECIES	Leccinum aurantiacum (Bull.) Gray	Leccinum aurantiacum		CA		Québec	PRESENT		28eb1a3f-1c15-4a95-931a-4af90ecb574d	45.884804	-74.990633	122.0						2020-08-05T13:45	5	8	2020	2524513	2524513	HUMAN_OBSERVATION	iNaturalist	Observations	55857295		M. Squire	2020-08-09T00:00:56	CC0_1_0	M. Squire	M. Squire			2025-01-14T13:10:23.927Z	StillImage	COORDINATE_ROUNDED;CONTINENT_DERIVED_FROM_COORDINATES;TAXON_MATCH_TAXON_ID_IGNORED
3044785648	50c9509d-22c7-4a22-a47d-8c48425ef4a7	https://www.inaturalist.org/observations/58520476	Fungi	Basidiomycota	Agaricomycetes	Boletales	Boletaceae	Leccinum	Leccinum aurantiacum		SPECIES	Leccinum aurantiacum (Bull.) Gray	Leccinum aurantiacum		CA		New Brunswick	PRESENT		28eb1a3f-1c15-4a95-931a-4af90ecb574d	45.894467	-66.689729	5.0						2020-09-04T14:07:18	4	9	2020	2524513	2524513	HUMAN_OBSERVATION	iNaturalist	Observations	58520476		ajsavoie	2020-09-04T17:08:05	CC_BY_NC_4_0	ajsavoie	ajsavoie			2025-01-14T12:14:32.877Z	StillImage	COORDINATE_ROUNDED;CONTINENT_DERIVED_FROM_COORDINATES;TAXON_MATCH_TAXON_ID_IGNORED
2851061201	50c9509d-22c7-4a22-a47d-8c48425ef4a7	https://www.inaturalist.org/observations/56081570	Fungi	Basidiomycota	Agaricomycetes	Boletales	Boletaceae	Leccinum	Leccinum aurantiacum		SPECIES	Leccinum aurantiacum (Bull.) Gray	Leccinum aurantiacum		CA		Québec	PRESENT		28eb1a3f-1c15-4a95-931a-4af90ecb574d	45.155844	-72.681417	27222.0						2020-08-10T20:11:38	10	8	2020	2524513	2524513	HUMAN_OBSERVATION	iNaturalist	Observations	56081570		Kamil Chatila	2020-08-11T00:12:57	CC_BY_NC_4_0	Kamil Chatila	Kamil Chatila			2025-01-14T13:09:35.883Z	StillImage	COORDINATE_ROUNDED;CONTINENT_DERIVED_FROM_COORDINATES;TAXON_MATCH_TAXON_ID_IGNORED
2850865706	50c9509d-22c7-4a22-a47d-8c48425ef4a7	https://www.inaturalist.org/observations/56422631	Fungi	Basidiomycota	Agaricomycetes	Boletales	Boletaceae	Leccinum	Leccinum aurantiacum		SPECIES	Leccinum aurantiacum (Bull.) Gray	Leccinum aurantiacum		CA		Québec	PRESENT		28eb1a3f-1c15-4a95-931a-4af90ecb574d	45.952647	-75.608129	12111.0						2020-08-14T11:29:35	14	8	2020	2524513	2524513	HUMAN_OBSERVATION	iNaturalist	Observations	56422631		bobtyler	2020-08-14T15:32:02	CC_BY_NC_4_0	bobtyler	bobtyler			2025-01-14T13:09:58.863Z	StillImage	COORDINATE_ROUNDED;CONTINENT_DERIVED_FROM_COORDINATES;TAXON_MATCH_TAXON_ID_IGNORED
2850711253	50c9509d-22c7-4a22-a47d-8c48425ef4a7	https://www.inaturalist.org/observations/56753140	Fungi	Basidiomycota	Agaricomycetes	Boletales	Boletaceae	Leccinum	Leccinum aurantiacum		SPECIES	Leccinum aurantiacum (Bull.) Gray	Leccinum aurantiacum		CA		Québec	PRESENT		28eb1a3f-1c15-4a95-931a-4af90ecb574d	46.146968	-74.509186	27063.0						2020-08-15T12:49	15	8	2020	2524513	2524513	HUMAN_OBSERVATION	iNaturalist	Observations	56753140		Steven L.	2020-08-17T16:25:41	CC_BY_NC_4_0	Steven L.	Steven L.			2025-01-14T12:14:46.719Z	StillImage	COORDINATE_ROUNDED;CONTINENT_DERIVED_FROM_COORDINATES;TAXON_MATCH_TAXON_ID_IGNORED
2850656747	50c9509d-22c7-4a22-a47d-8c48425ef4a7	https://www.inaturalist.org/observations/55705805	Fungi	Basidiomycota	Agaricomycetes	Boletales	Boletaceae	Leccinum	Leccinum aurantiacum		SPECIES	Leccinum aurantiacum (Bull.) Gray	Leccinum aurantiacum		CA		Québec	PRESENT		28eb1a3f-1c15-4a95-931a-4af90ecb574d	45.782475	-73.607442	1325.0						2020-08-07T15:39:09Z	7	8	2020	2524513	2524513	HUMAN_OBSERVATION	iNaturalist	Observations	55705805		myri04	2020-08-07T15:39:19	CC_BY_NC_4_0	myri04	myri04			2025-01-14T13:09:38.702Z	StillImage	COORDINATE_ROUNDED;CONTINENT_DERIVED_FROM_COORDINATES;TAXON_MATCH_TAXON_ID_IGNORED
2826327773	50c9509d-22c7-4a22-a47d-8c48425ef4a7	https://www.inaturalist.org/observations/54839431	Fungi	Basidiomycota	Agaricomycetes	Boletales	Boletaceae	Leccinum	Leccinum aurantiacum		SPECIES	Leccinum aurantiacum (Bull.) Gray	Leccinum aurantiacum		CA		Québec	PRESENT		28eb1a3f-1c15-4a95-931a-4af90ecb574d	46.484543	-72.792861							2020-07-29T14:02:12	29	7	2020	2524513	2524513	HUMAN_OBSERVATION	iNaturalist	Observations	54839431		nbourre	2020-07-30T14:39:41	CC_BY_NC_4_0	nbourre	nbourre			2025-01-14T12:14:52.280Z	StillImage	CONTINENT_DERIVED_FROM_COORDINATES;TAXON_MATCH_TAXON_ID_IGNORED
2802686835	50c9509d-22c7-4a22-a47d-8c48425ef4a7	https://www.inaturalist.org/observations/50494587	Fungi	Basidiomycota	Agaricomycetes	Boletales	Boletaceae	Leccinum	Leccinum aurantiacum		SPECIES	Leccinum aurantiacum (Bull.) Gray	Leccinum aurantiacum		CA		Ontario	PRESENT		28eb1a3f-1c15-4a95-931a-4af90ecb574d	45.533113	-78.602541	2541.0						2020-06-21T20:31:56	21	6	2020	2524513	2524513	HUMAN_OBSERVATION	iNaturalist	Observations	50494587		mark7anderson	2020-06-22T00:32:55	CC_BY_NC_4_0	mark7anderson	mark7anderson			2025-01-14T12:13:23.218Z	StillImage	COORDINATE_ROUNDED;CONTINENT_DERIVED_FROM_COORDINATES;TAXON_MATCH_TAXON_ID_IGNORED
2619942579	50c9509d-22c7-4a22-a47d-8c48425ef4a7	https://www.inaturalist.org/observations/41164494	Fungi	Basidiomycota	Agaricomycetes	Boletales	Boletaceae	Leccinum	Leccinum aurantiacum		SPECIES	Leccinum aurantiacum (Bull.) Gray	Leccinum aurantiacum		CA		Québec	PRESENT		28eb1a3f-1c15-4a95-931a-4af90ecb574d	46.837267	-71.313696	15.0						2012-08-21	21	8	2012	2524513	2524513	HUMAN_OBSERVATION	iNaturalist	Observations	41164494		Christian Grenier	2020-04-01T14:03:34	CC_BY_NC_4_0	Christian Grenier	Christian Grenier			2025-01-14T12:11:15.198Z	StillImage	COORDINATE_ROUNDED;CONTINENT_DERIVED_FROM_COORDINATES;TAXON_MATCH_TAXON_ID_IGNORED
2423614457	21705170-d2b6-42de-8904-c3bca4b83591	CMMF020563	Fungi	Basidiomycota	Agaricomycetes	Boletales	Boletaceae	Leccinum	Leccinum aurantiacum		SPECIES	Leccinum aurantiacum (Bull.) Gray	Leccinum aurantiacum (Bull.) Gray	(Bull.) Gray	CA	Arboretum Morgan B	Quebec	PRESENT		ff7bd5db-b724-4932-b496-10ea298851f9	45.427144	-73.946364	400.0						1980-07-09	9	7	1980	2524513	2524513	PRESERVED_SPECIMEN	Université de Montréal Biodiversity Centre	CMMF	CMMF020563	1980-167	McNeil, Raymond		CC0_1_0	Université de Montréal Biodiversity Centre	Haméon, G.			2024-01-24T16:38:16.011Z		INSTITUTION_MATCH_FUZZY;COLLECTION_MATCH_FUZZY;DIFFERENT_OWNER_INSTITUTION
2423613326	21705170-d2b6-42de-8904-c3bca4b83591	CMMF018811	Fungi	Basidiomycota	Agaricomycetes	Boletales	Boletaceae	Leccinum	Leccinum aurantiacum		SPECIES	Leccinum aurantiacum (Bull.) Gray	Leccinum aurantiacum (Bull.) Gray	(Bull.) Gray	CA	Sentier du lac Cromwell, SBUM.	Québec	PRESENT		ff7bd5db-b724-4932-b496-10ea298851f9	45.989105	-74.002423	100.0						1986-07-10	10	7	1986	2524513	2524513	PRESERVED_SPECIMEN	Université de Montréal Biodiversity Centre	CMMF	CMMF018811	s.n.	Nantel, Patrick		CC0_1_0	Université de Montréal Biodiversity Centre	Nantel, Patrick			2024-01-24T16:38:18.538Z		INSTITUTION_MATCH_FUZZY;COLLECTION_MATCH_FUZZY;DIFFERENT_OWNER_INSTITUTION
1990311060	032f1fbe-d21f-407d-be46-5cd1bb1ea397	452d4708-5a5a-41d0-ae4f-b2cc80cb23a4	Fungi	Basidiomycota	Agaricomycetes	Boletales	Boletaceae	Leccinum	Leccinum aurantiacum		SPECIES	Leccinum aurantiacum (Bull.) Gray	Leccinum aurantiacum	(Bull.) Gray	CA	Kentville	Nova Scotia	PRESENT		61c539d8-47e0-4b82-875f-b95aad66dcd4	45.080556	-64.494444							1973-08-31	31	8	1973	2524513	2524513	PRESERVED_SPECIMEN	TENN-F		TENN-F-038055	RHP38055			CC0_1_0		R.H. Petersen			2025-01-12T10:33:51.536Z	StillImage	COORDINATE_ROUNDED;GEODETIC_DATUM_ASSUMED_WGS84;CONTINENT_DERIVED_FROM_COORDINATES;TAXON_MATCH_TAXON_ID_IGNORED;INSTITUTION_MATCH_NONE
1990310889	032f1fbe-d21f-407d-be46-5cd1bb1ea397	8772b9bc-f281-4608-9b73-6f8238279c71	Fungi	Basidiomycota	Agaricomycetes	Boletales	Boletaceae	Leccinum	Leccinum aurantiacum		SPECIES	Leccinum aurantiacum (Bull.) Gray	Leccinum aurantiacum	(Bull.) Gray	CA	Scots Bay, Cape Split	Nova Scotia	PRESENT		61c539d8-47e0-4b82-875f-b95aad66dcd4	45.326389	-64.438889							1973-08-29	29	8	1973	2524513	2524513	PRESERVED_SPECIMEN	TENN-F		TENN-F-037935	RHP37935			CC0_1_0		R.H. Petersen			2025-01-12T10:33:51.304Z		COORDINATE_ROUNDED;GEODETIC_DATUM_ASSUMED_WGS84;CONTINENT_DERIVED_FROM_COORDINATES;TAXON_MATCH_TAXON_ID_IGNORED;INSTITUTION_MATCH_NONE
1990302968	032f1fbe-d21f-407d-be46-5cd1bb1ea397	332329e7-4a9d-4a16-b706-84a0ff92f6bb	Fungi	Basidiomycota	Agaricomycetes	Boletales	Boletaceae	Leccinum	Leccinum aurantiacum		SPECIES	Leccinum aurantiacum (Bull.) Gray	Leccinum aurantiacum	(Bull.) Gray	CA	Ottawa, Conroy Road	Ontario	PRESENT		61c539d8-47e0-4b82-875f-b95aad66dcd4	45.358333	-75.615278							1965-08-24	24	8	1965	2524513	2524513	PRESERVED_SPECIMEN	TENN-F		TENN-F-029765	RHP29765			CC0_1_0		J.W. Groves & M.E. Elliot			2025-01-12T10:33:43.651Z		COORDINATE_ROUNDED;GEODETIC_DATUM_ASSUMED_WGS84;CONTINENT_DERIVED_FROM_COORDINATES;TAXON_MATCH_TAXON_ID_IGNORED;INSTITUTION_MATCH_NONE
1987963899	ca1bcd7e-7387-42f9-81ba-1470db55e3e8	156F2825-8D34-FE4B-9437-C1D003CDEBCA	Fungi	Basidiomycota	Agaricomycetes	Boletales	Boletaceae	Leccinum	Leccinum aurantiacum		SPECIES	Leccinum aurantiacum (Bull.) Gray	Leccinum aurantiacum	(Bull.) Gray	CA	Sackville, Mountview Road Area	New Brunswick	PRESENT		b542788f-0dc2-4a2b-b652-fceced449591	45.95	-64.383333							2003-09		9	2003	2524513	2524513	PRESERVED_SPECIMEN	BBM	UBC	F023844	Sackville B-8	T. Goward		CC0_1_0	The University of British Columbia	T. Goward			2024-11-19T11:24:50.884Z		GEODETIC_DATUM_ASSUMED_WGS84;CONTINENT_DERIVED_FROM_COORDINATES;INSTITUTION_MATCH_FUZZY
1807262674	e8a25a42-f125-476c-8554-3ec21cd51a84	ACAD:119271	Fungi	Basidiomycota	Agaricomycetes	Boletales	Boletaceae	Leccinum	Leccinum aurantiacum		SPECIES	Boletus aurantiacus Bull.	Boletus aurantiacus	Jacobashch	CA	Glenmont	Nova Scotia	PRESENT		6491ad8c-8e49-4bd4-a089-0ddb3bbe0890	45.186393	-64.53464							1963-09-26	26	9	1963	5954865	2524513	PRESERVED_SPECIMEN	Acadia University	ACAD	7977F	7977			CC0_1_0	Acadia University	Harrison, KA			2024-01-25T01:37:02.901Z	StillImage	GEODETIC_DATUM_INVALID;GEODETIC_DATUM_ASSUMED_WGS84;TAXON_MATCH_TAXON_ID_IGNORED;INSTITUTION_MATCH_FUZZY;COLLECTION_MATCH_FUZZY
1807261945	e8a25a42-f125-476c-8554-3ec21cd51a84	ACAD:118328	Fungi	Basidiomycota	Agaricomycetes	Boletales	Boletaceae	Leccinum	Leccinum aurantiacum		SPECIES	Leccinum aurantiacum (Bull.) Gray	Leccinum aurantiacum (Bull.) Gray	(Bull.) Gray	CA	Auburn	Nova Scotia	PRESENT		6491ad8c-8e49-4bd4-a089-0ddb3bbe0890	45.01822	-64.87038							1975-09-25	25	9	1975	2524513	2524513	PRESERVED_SPECIMEN	Acadia University	ACAD	11480F	11480			CC0_1_0	Acadia University	Harrison, KA; Harrison, KJ			2024-01-25T01:37:17.365Z	StillImage	GEODETIC_DATUM_INVALID;GEODETIC_DATUM_ASSUMED_WGS84;TAXON_MATCH_TAXON_ID_IGNORED;INSTITUTION_MATCH_FUZZY;COLLECTION_MATCH_FUZZY
1807261735	e8a25a42-f125-476c-8554-3ec21cd51a84	ACAD:118326	Fungi	Basidiomycota	Agaricomycetes	Boletales	Boletaceae	Leccinum	Leccinum aurantiacum		SPECIES	Leccinum aurantiacum (Bull.) Gray	Leccinum aurantiacum (Bull.) Gray	(Bull.) Gray	CA	Auburn	Nova Scotia	PRESENT		6491ad8c-8e49-4bd4-a089-0ddb3bbe0890	45.01822	-64.87038							1975-09-25	25	9	1975	2524513	2524513	PRESERVED_SPECIMEN	Acadia University	ACAD	11478F	11478			CC0_1_0	Acadia University	Harrison, KA; Harrison, KJ			2024-01-25T01:37:17.378Z	StillImage	GEODETIC_DATUM_INVALID;GEODETIC_DATUM_ASSUMED_WGS84;TAXON_MATCH_TAXON_ID_IGNORED;INSTITUTION_MATCH_FUZZY;COLLECTION_MATCH_FUZZY
1807261310	e8a25a42-f125-476c-8554-3ec21cd51a84	ACAD:118327	Fungi	Basidiomycota	Agaricomycetes	Boletales	Boletaceae	Leccinum	Leccinum aurantiacum		SPECIES	Leccinum aurantiacum (Bull.) Gray	Leccinum aurantiacum (Bull.) Gray	(Bull.) Gray	CA	Auburn	Nova Scotia	PRESENT		6491ad8c-8e49-4bd4-a089-0ddb3bbe0890	45.01822	-64.87038							1975-09-25	25	9	1975	2524513	2524513	PRESERVED_SPECIMEN	Acadia University	ACAD	11479F	11479			CC0_1_0	Acadia University	Harrison, KA; Harrison, KJ			2024-01-25T01:37:17.368Z	StillImage	GEODETIC_DATUM_INVALID;GEODETIC_DATUM_ASSUMED_WGS84;TAXON_MATCH_TAXON_ID_IGNORED;INSTITUTION_MATCH_FUZZY;COLLECTION_MATCH_FUZZY
1807259014	e8a25a42-f125-476c-8554-3ec21cd51a84	ACAD:115554	Fungi	Basidiomycota	Agaricomycetes	Boletales	Boletaceae	Leccinum	Leccinum aurantiacum		SPECIES	Boletus aurantiacus Bull.	Boletus aurantiacus	Jacobashch	CA	Kentville	Nova Scotia	PRESENT		6491ad8c-8e49-4bd4-a089-0ddb3bbe0890	45.07662	-64.49592							1954-08-12	12	8	1954	5954865	2524513	PRESERVED_SPECIMEN	Acadia University	ACAD	2972F	2972			CC0_1_0	Acadia University	Harrison, KA			2024-01-25T01:37:00.556Z	StillImage	GEODETIC_DATUM_INVALID;GEODETIC_DATUM_ASSUMED_WGS84;TAXON_MATCH_TAXON_ID_IGNORED;INSTITUTION_MATCH_FUZZY;COLLECTION_MATCH_FUZZY
1807258851	e8a25a42-f125-476c-8554-3ec21cd51a84	ACAD:115555	Fungi	Basidiomycota	Agaricomycetes	Boletales	Boletaceae	Leccinum	Leccinum aurantiacum		SPECIES	Boletus aurantiacus Bull.	Boletus aurantiacus	Jacobashch	CA	Kentville	Nova Scotia	PRESENT		6491ad8c-8e49-4bd4-a089-0ddb3bbe0890	45.07662	-64.49592							1954-08-12	12	8	1954	5954865	2524513	PRESERVED_SPECIMEN	Acadia University	ACAD	2973F	2973			CC0_1_0	Acadia University	Harrison, KA			2024-01-25T01:37:00.556Z	StillImage	GEODETIC_DATUM_INVALID;GEODETIC_DATUM_ASSUMED_WGS84;TAXON_MATCH_TAXON_ID_IGNORED;INSTITUTION_MATCH_FUZZY;COLLECTION_MATCH_FUZZY
1807256027	e8a25a42-f125-476c-8554-3ec21cd51a84	ACAD:112532	Fungi	Basidiomycota	Agaricomycetes	Boletales	Boletaceae	Leccinum	Leccinum aurantiacum		SPECIES	Leccinum aurantiacum (Bull.) Gray	Leccinum aurantiacum (Bull.) Gray	(Bull.) Gray	CA	Glenmont	Nova Scotia	PRESENT		6491ad8c-8e49-4bd4-a089-0ddb3bbe0890	45.18614	-64.50197							1953-10-14	14	10	1953	2524513	2524513	PRESERVED_SPECIMEN	Acadia University	ACAD	2400F	2400			CC0_1_0	Acadia University	Harrison, KA			2024-01-25T01:37:10.960Z	StillImage	GEODETIC_DATUM_INVALID;GEODETIC_DATUM_ASSUMED_WGS84;TAXON_MATCH_TAXON_ID_IGNORED;INSTITUTION_MATCH_FUZZY;COLLECTION_MATCH_FUZZY
1807255896	e8a25a42-f125-476c-8554-3ec21cd51a84	ACAD:112531	Fungi	Basidiomycota	Agaricomycetes	Boletales	Boletaceae	Leccinum	Leccinum aurantiacum		SPECIES	Leccinum aurantiacum (Bull.) Gray	Leccinum aurantiacum (Bull.) Gray	(Bull.) Gray	CA	Glenmont	Nova Scotia	PRESENT		6491ad8c-8e49-4bd4-a089-0ddb3bbe0890	45.18614	-64.50197							1953-10-14	14	10	1953	2524513	2524513	PRESERVED_SPECIMEN	Acadia University	ACAD	2400CF	2400C			CC0_1_0	Acadia University	Harrison, KA			2024-01-25T01:37:10.960Z	StillImage	GEODETIC_DATUM_INVALID;GEODETIC_DATUM_ASSUMED_WGS84;TAXON_MATCH_TAXON_ID_IGNORED;INSTITUTION_MATCH_FUZZY;COLLECTION_MATCH_FUZZY
1807255777	e8a25a42-f125-476c-8554-3ec21cd51a84	ACAD:112530	Fungi	Basidiomycota	Agaricomycetes	Boletales	Boletaceae	Leccinum	Leccinum aurantiacum		SPECIES	Leccinum aurantiacum (Bull.) Gray	Leccinum aurantiacum (Bull.) Gray	(Bull.) Gray	CA	Glenmont	Nova Scotia	PRESENT		6491ad8c-8e49-4bd4-a089-0ddb3bbe0890	45.18614	-64.50197							1953-10-14	14	10	1953	2524513	2524513	PRESERVED_SPECIMEN	Acadia University	ACAD	2400BF	2400B			CC0_1_0	Acadia University	Harrison, KA			2024-01-25T01:37:10.962Z	StillImage	GEODETIC_DATUM_INVALID;GEODETIC_DATUM_ASSUMED_WGS84;TAXON_MATCH_TAXON_ID_IGNORED;INSTITUTION_MATCH_FUZZY;COLLECTION_MATCH_FUZZY
1701558146	39bd4817-9530-4341-a918-4f16b8db1419	UdeM:CMMF:Blitz2017:114	Fungi	Basidiomycota	Agaricomycetes	Boletales	Boletaceae	Leccinum	Leccinum aurantiacum		SPECIES	Leccinum aurantiacum (Bull.) Gray	Leccinum aurantiacum (Bull.) Gray, 1821	(Bull.) Gray, 1821	CA	Parc des Chutes de Sainte-Ursule	Québec	PRESENT		ff7bd5db-b724-4932-b496-10ea298851f9	46.300422	-73.094321	500.0						2017-08-09	9	8	2017	2524513	2524513	HUMAN_OBSERVATION	Université de Montréal Biodiversity Centre	CMMF			Raymond Archambault et Joseph Nuzzolese	2017-08-09T00:00:00	CC0_1_0		IRBV's graduate students			2024-01-24T17:29:10.471Z		
1572327970	50c9509d-22c7-4a22-a47d-8c48425ef4a7	http://inaturalist.ca/observations/1712648	Fungi	Basidiomycota	Agaricomycetes	Boletales	Boletaceae	Leccinum	Leccinum aurantiacum		SPECIES	Leccinum aurantiacum (Bull.) Gray	Leccinum aurantiacum		CA		Ontario	PRESENT		28eb1a3f-1c15-4a95-931a-4af90ecb574d	45.55397	-78.59676	1519.0						2015-06-30	30	6	2015	2524513	2524513	HUMAN_OBSERVATION	iNaturalist	Observations	1712648		Leanne Wallis	2015-07-17T02:05:01	CC_BY_NC_4_0	jaliya	jaliya			2025-01-14T12:02:01.586Z	StillImage	CONTINENT_DERIVED_FROM_COORDINATES;TAXON_MATCH_TAXON_ID_IGNORED
1412709502	21705170-d2b6-42de-8904-c3bca4b83591	CMMF018058	Fungi	Basidiomycota	Agaricomycetes	Boletales	Boletaceae	Leccinum	Leccinum aurantiacum		SPECIES	Leccinum aurantiacum (Bull.) Gray	Leccinum aurantiacum (Bull.) Gray	(Bull.) Gray	CA	Transect C, stand 13, Station de biologie des Laurentides, Saint-Hippolyte, Québec.	Québec	PRESENT		ff7bd5db-b724-4932-b496-10ea298851f9	45.98815	-74.00581	3000.0						1977-08-08	8	8	1977	2524513	2524513	PRESERVED_SPECIMEN	Université de Montréal Biodiversity Centre	CMMF	CMMF018058	51	B., A.M.; T., A.; Neumann, Peterjurgen; R., S.		CC0_1_0	Université de Montréal Biodiversity Centre	B., A.M.; T., A.; Neumann, Peterjurgen; R., S.			2024-01-24T16:38:17.941Z		INSTITUTION_MATCH_FUZZY;COLLECTION_MATCH_FUZZY;DIFFERENT_OWNER_INSTITUTION
1412706733	21705170-d2b6-42de-8904-c3bca4b83591	CMMF015104	Fungi	Basidiomycota	Agaricomycetes	Boletales	Boletaceae	Leccinum	Leccinum aurantiacum		SPECIES	Leccinum aurantiacum (Bull.) Gray	Leccinum aurantiacum (Bull.) Gray	(Bull.) Gray	CA	Shipshaw, Québec.	Québec	PRESENT		ff7bd5db-b724-4932-b496-10ea298851f9	48.466834	-71.263421	2500.0						1992-09-14	14	9	1992	2524513	2524513	PRESERVED_SPECIMEN	Université de Montréal Biodiversity Centre	CMMF	CMMF015104	974	Guérin, Gérard		CC0_1_0	Université de Montréal Biodiversity Centre	Guérin, Gérard			2024-01-24T16:38:16.719Z	StillImage	INSTITUTION_MATCH_FUZZY;COLLECTION_MATCH_FUZZY;DIFFERENT_OWNER_INSTITUTION
1412706661	21705170-d2b6-42de-8904-c3bca4b83591	CMMF015107	Fungi	Basidiomycota	Agaricomycetes	Boletales	Boletaceae	Leccinum	Leccinum aurantiacum		SPECIES	Leccinum aurantiacum (Bull.) Gray	Leccinum aurantiacum (Bull.) Gray	(Bull.) Gray	CA	Rang Saint-Paul, Chicoutimi, Québec.	Québec	PRESENT		ff7bd5db-b724-4932-b496-10ea298851f9	48.361148	-71.135546	4000.0						1993-08-29	29	8	1993	2524513	2524513	PRESERVED_SPECIMEN	Université de Montréal Biodiversity Centre	CMMF	CMMF015107	977	Guérin, Gérard		CC0_1_0	Université de Montréal Biodiversity Centre	Guérin, Gérard			2024-01-24T16:38:16.720Z	StillImage	INSTITUTION_MATCH_FUZZY;COLLECTION_MATCH_FUZZY;DIFFERENT_OWNER_INSTITUTION
1412706658	21705170-d2b6-42de-8904-c3bca4b83591	CMMF015106	Fungi	Basidiomycota	Agaricomycetes	Boletales	Boletaceae	Leccinum	Leccinum aurantiacum		SPECIES	Leccinum aurantiacum (Bull.) Gray	Leccinum aurantiacum (Bull.) Gray	(Bull.) Gray	CA	Shipshaw, Québec.	Québec	PRESENT		ff7bd5db-b724-4932-b496-10ea298851f9	48.466834	-71.263421	2500.0						1993-08-15	15	8	1993	2524513	2524513	PRESERVED_SPECIMEN	Université de Montréal Biodiversity Centre	CMMF	CMMF015106	976	Guérin, Gérard		CC0_1_0	Université de Montréal Biodiversity Centre	Guérin, Gérard			2024-01-24T16:38:16.720Z	StillImage	INSTITUTION_MATCH_FUZZY;COLLECTION_MATCH_FUZZY;DIFFERENT_OWNER_INSTITUTION
1412706651	21705170-d2b6-42de-8904-c3bca4b83591	CMMF015103	Fungi	Basidiomycota	Agaricomycetes	Boletales	Boletaceae	Leccinum	Leccinum aurantiacum		SPECIES	Leccinum aurantiacum (Bull.) Gray	Leccinum aurantiacum (Bull.) Gray	(Bull.) Gray	CA	Jonquière, Québec.	Québec	PRESENT		ff7bd5db-b724-4932-b496-10ea298851f9	48.415418	-71.2432	7000.0						1982-07-03	3	7	1982	2524513	2524513	PRESERVED_SPECIMEN	Université de Montréal Biodiversity Centre	CMMF	CMMF015103	973	Guérin, Gérard		CC0_1_0	Université de Montréal Biodiversity Centre	Guérin, Gérard			2024-01-24T16:38:16.719Z	StillImage	INSTITUTION_MATCH_FUZZY;COLLECTION_MATCH_FUZZY;DIFFERENT_OWNER_INSTITUTION
1412706620	21705170-d2b6-42de-8904-c3bca4b83591	CMMF015105	Fungi	Basidiomycota	Agaricomycetes	Boletales	Boletaceae	Leccinum	Leccinum aurantiacum		SPECIES	Leccinum aurantiacum (Bull.) Gray	Leccinum aurantiacum (Bull.) Gray	(Bull.) Gray	CA	Shipshaw, Québec.	Québec	PRESENT		ff7bd5db-b724-4932-b496-10ea298851f9	48.466834	-71.263421	2500.0						1993-07-27	27	7	1993	2524513	2524513	PRESERVED_SPECIMEN	Université de Montréal Biodiversity Centre	CMMF	CMMF015105	975	Guérin, Gérard		CC0_1_0	Université de Montréal Biodiversity Centre	Guérin, Gérard			2024-01-24T16:38:16.719Z	StillImage	INSTITUTION_MATCH_FUZZY;COLLECTION_MATCH_FUZZY;DIFFERENT_OWNER_INSTITUTION
1135069857	21705170-d2b6-42de-8904-c3bca4b83591	CMMF008362	Fungi	Basidiomycota	Agaricomycetes	Boletales	Boletaceae	Leccinum	Leccinum aurantiacum		SPECIES	Leccinum aurantiacum (Bull.) Gray	Leccinum aurantiacum (Bull.) Gray	(Bull.) Gray	CA	Sainte-Anne-des-Monts	Québec	PRESENT		ff7bd5db-b724-4932-b496-10ea298851f9	49.108333	-66.497883	100.0						2004-09-06	6	9	2004	2524513	2524513	PRESERVED_SPECIMEN	Université de Montréal Biodiversity Centre	CMMF	CMMF008362	Inexistant	McNeil, Raymond		CC0_1_0	Université de Montréal Biodiversity Centre	McNeil, Raymond			2024-01-24T16:38:17.744Z	StillImage	COORDINATE_ROUNDED;INSTITUTION_MATCH_FUZZY;COLLECTION_MATCH_FUZZY;DIFFERENT_OWNER_INSTITUTION
