gbifID	datasetKey	occurrenceID	kingdom	phylum	class	order	family	genus	species	infraspecificEpithet	taxonRank	scientificName	verbatimScientificName	verbatimScientificNameAuthorship	countryCode	locality	stateProvince	occurrenceStatus	individualCount	publishingOrgKey	decimalLatitude	decimalLongitude	coordinateUncertaintyInMeters	coordinatePrecision	elevation	elevationAccuracy	depth	depthAccuracy	eventDate	day	month	year	taxonKey	speciesKey	basisOfRecord	institutionCode	collectionCode	catalogNumber	recordNumber	identifiedBy	dateIdentified	license	rightsHolder	recordedBy	typeStatus	establishmentMeans	lastInterpreted	mediaType	issue
694157116	d7cfd2ed-8af4-427f-a16e-eb66b7e2c419	14394	Fungi	Basidiomycota	Agaricomycetes	Agaricales	Marasmiaceae	Baeospora	Baeospora myriadophylla		SPECIES	Collybia myriadophylla (Peck) Sacc.	Collybia myriadophylla Peck	Peck	CA	University of Toronto Forest	Ontario	PRESENT		ff418020-1d67-11d9-8435-b8a03c50a862	45.183005	-78.85025	7575.0						1966-09-16	16	9	1966	8007633	2537965	PRESERVED_SPECIMEN	Royal Ontario Museum	TRTC	TRTC044514				CC0_1_0	Royal Ontario Museum	Cain, R.F.			2024-01-25T00:59:40.596Z		COORDINATE_ROUNDED;AMBIGUOUS_INSTITUTION
617554972	21705170-d2b6-42de-8904-c3bca4b83591	CMMF000006	Fungi	Basidiomycota	Agaricomycetes	Agaricales	Marasmiaceae	Baeospora	Baeospora myriadophylla		SPECIES	Baeospora myriadophylla (Peck) Singer	Baeospora myriadophylla (Peck) Singer	(Peck) Singer	CA	Montréal	Québec	PRESENT		ff7bd5db-b724-4932-b496-10ea298851f9	45.509625	-73.662984	25000.0						1988-07-01	1	7	1988	2537965	2537965	PRESERVED_SPECIMEN	Université de Montréal Biodiversity Centre	CMMF	CMMF000006		Lamoureux, Yves		CC0_1_0	Université de Montréal Biodiversity Centre	Lamoureux, Yves			2024-01-24T16:38:20.337Z	StillImage	INSTITUTION_MATCH_FUZZY;COLLECTION_MATCH_FUZZY;DIFFERENT_OWNER_INSTITUTION
617554875	21705170-d2b6-42de-8904-c3bca4b83591	CMMF000557	Fungi	Basidiomycota	Agaricomycetes	Agaricales	Marasmiaceae	Baeospora	Baeospora myriadophylla		SPECIES	Baeospora myriadophylla (Peck) Singer	Baeospora myriadophylla (Peck) Singer	(Peck) Singer	CA	Montréal	Québec	PRESENT		ff7bd5db-b724-4932-b496-10ea298851f9	45.509625	-73.662984	25000.0						1989-07-11	11	7	1989	2537965	2537965	PRESERVED_SPECIMEN	Université de Montréal Biodiversity Centre	CMMF	CMMF000557		Lamoureux, Yves		CC0_1_0	Université de Montréal Biodiversity Centre	Lamoureux, Yves			2024-01-24T16:38:20.079Z	StillImage	INSTITUTION_MATCH_FUZZY;COLLECTION_MATCH_FUZZY;DIFFERENT_OWNER_INSTITUTION
617550675	21705170-d2b6-42de-8904-c3bca4b83591	CMMF002378	Fungi	Basidiomycota	Agaricomycetes	Agaricales	Marasmiaceae	Baeospora	Baeospora myriadophylla		SPECIES	Baeospora myriadophylla (Peck) Singer	Baeospora myriadophylla (Peck) Singer	(Peck) Singer	CA	Mt Orford	Québec	PRESENT		ff7bd5db-b724-4932-b496-10ea298851f9	45.340394	-72.208677	6500.0						1995-07-22	22	7	1995	2537965	2537965	PRESERVED_SPECIMEN	Université de Montréal Biodiversity Centre	CMMF	CMMF002378		Lamoureux, Yves		CC0_1_0	Université de Montréal Biodiversity Centre	Lamoureux, Yves			2024-01-24T16:38:19.522Z	StillImage	INSTITUTION_MATCH_FUZZY;COLLECTION_MATCH_FUZZY;DIFFERENT_OWNER_INSTITUTION
4952639556	50c9509d-22c7-4a22-a47d-8c48425ef4a7	https://www.inaturalist.org/observations/233088298	Fungi	Basidiomycota	Agaricomycetes	Agaricales	Marasmiaceae	Baeospora	Baeospora myriadophylla		SPECIES	Baeospora myriadophylla (Peck) Singer	Baeospora myriadophylla		CA		Ontario	PRESENT		28eb1a3f-1c15-4a95-931a-4af90ecb574d	45.052785	-75.680074	4.0						2024-08-01T09:52:36	1	8	2024	2537965	2537965	HUMAN_OBSERVATION	iNaturalist	Observations	233088298		Emma Posadovsky	2024-08-01T19:35:06	CC_BY_NC_4_0	Emma Posadovsky	Emma Posadovsky			2025-01-14T13:34:58.035Z	StillImage	COORDINATE_ROUNDED;CONTINENT_DERIVED_FROM_COORDINATES;TAXON_MATCH_TAXON_ID_IGNORED
4952451564	50c9509d-22c7-4a22-a47d-8c48425ef4a7	https://www.inaturalist.org/observations/174009140	Fungi	Basidiomycota	Agaricomycetes	Agaricales	Marasmiaceae	Baeospora	Baeospora myriadophylla		SPECIES	Baeospora myriadophylla (Peck) Singer	Baeospora myriadophylla		CA		Ontario	PRESENT		28eb1a3f-1c15-4a95-931a-4af90ecb574d	45.172617	-78.829851	122.0						2023-07-12T14:16	12	7	2023	2537965	2537965	HUMAN_OBSERVATION	iNaturalist	Observations	174009140		Jan Thornhill	2023-07-20T22:10:23	CC_BY_NC_4_0	Jan Thornhill	Jan Thornhill			2025-01-14T13:31:47.919Z	StillImage	COORDINATE_ROUNDED;CONTINENT_DERIVED_FROM_COORDINATES;TAXON_MATCH_TAXON_ID_IGNORED
4952384648	50c9509d-22c7-4a22-a47d-8c48425ef4a7	https://www.inaturalist.org/observations/242011896	Fungi	Basidiomycota	Agaricomycetes	Agaricales	Marasmiaceae	Baeospora	Baeospora myriadophylla		SPECIES	Baeospora myriadophylla (Peck) Singer	Baeospora myriadophylla		CA		Ontario	PRESENT		28eb1a3f-1c15-4a95-931a-4af90ecb574d	45.454256	-75.548865	31.0						2024-09-15T13:49	15	9	2024	2537965	2537965	HUMAN_OBSERVATION	iNaturalist	Observations	242011896		jonathan_mack	2024-09-16T02:09:14	CC_BY_NC_4_0	jonathan_mack	jonathan_mack			2025-01-14T12:58:07.371Z	StillImage	COORDINATE_ROUNDED;CONTINENT_DERIVED_FROM_COORDINATES;TAXON_MATCH_TAXON_ID_IGNORED
4950325027	50c9509d-22c7-4a22-a47d-8c48425ef4a7	https://www.inaturalist.org/observations/243485157	Fungi	Basidiomycota	Agaricomycetes	Agaricales	Marasmiaceae	Baeospora	Baeospora myriadophylla		SPECIES	Baeospora myriadophylla (Peck) Singer	Baeospora myriadophylla		CA		Ontario	PRESENT		28eb1a3f-1c15-4a95-931a-4af90ecb574d	45.242014	-77.298528							2024-09-22T10:39:14	22	9	2024	2537965	2537965	HUMAN_OBSERVATION	iNaturalist	Observations	243485157		Lee Cumming	2024-09-23T00:44:56	CC_BY_NC_4_0	Lee Cumming	Lee Cumming			2025-01-14T13:43:27.459Z	StillImage	COORDINATE_ROUNDED;CONTINENT_DERIVED_FROM_COORDINATES;TAXON_MATCH_TAXON_ID_IGNORED
4950290947	50c9509d-22c7-4a22-a47d-8c48425ef4a7	https://www.inaturalist.org/observations/240768982	Fungi	Basidiomycota	Agaricomycetes	Agaricales	Marasmiaceae	Baeospora	Baeospora myriadophylla		SPECIES	Baeospora myriadophylla (Peck) Singer	Baeospora myriadophylla		CA		Ontario	PRESENT		28eb1a3f-1c15-4a95-931a-4af90ecb574d	45.246238	-76.257453	4.0						2024-09-02T11:00:45	2	9	2024	2537965	2537965	HUMAN_OBSERVATION	iNaturalist	Observations	240768982		sylviamiller	2024-09-09T15:41:15	CC_BY_NC_4_0	sylviamiller	sylviamiller			2025-01-14T12:57:51.761Z	StillImage	COORDINATE_ROUNDED;CONTINENT_DERIVED_FROM_COORDINATES;TAXON_MATCH_TAXON_ID_IGNORED
4937118158	50c9509d-22c7-4a22-a47d-8c48425ef4a7	https://www.inaturalist.org/observations/185030447	Fungi	Basidiomycota	Agaricomycetes	Agaricales	Marasmiaceae	Baeospora	Baeospora myriadophylla		SPECIES	Baeospora myriadophylla (Peck) Singer	Baeospora myriadophylla		CA		New Brunswick	PRESENT		28eb1a3f-1c15-4a95-931a-4af90ecb574d	46.322933	-65.651663	4.0						2023-09-26T14:16:51	26	9	2023	2537965	2537965	HUMAN_OBSERVATION	iNaturalist	Observations	185030447		Sheila Furlong	2023-09-26T17:21:47	CC0_1_0	Sheila Furlong	Sheila Furlong			2025-01-14T13:29:13.105Z	StillImage	COORDINATE_ROUNDED;CONTINENT_DERIVED_FROM_COORDINATES;TAXON_MATCH_TAXON_ID_IGNORED
4924092319	50c9509d-22c7-4a22-a47d-8c48425ef4a7	https://www.inaturalist.org/observations/234748437	Fungi	Basidiomycota	Agaricomycetes	Agaricales	Marasmiaceae	Baeospora	Baeospora myriadophylla		SPECIES	Baeospora myriadophylla (Peck) Singer	Baeospora myriadophylla		CA		Québec	PRESENT		28eb1a3f-1c15-4a95-931a-4af90ecb574d	45.872811	-76.4339	501.0						2024-08-01T10:54	1	8	2024	2537965	2537965	HUMAN_OBSERVATION	iNaturalist	Observations	234748437		L Joan Heyding	2024-08-09T19:53:10	CC_BY_NC_4_0	L Joan Heyding	L Joan Heyding			2025-01-14T13:42:53.406Z	StillImage	COORDINATE_ROUNDED;CONTINENT_DERIVED_FROM_COORDINATES;TAXON_MATCH_TAXON_ID_IGNORED
4872599790	50c9509d-22c7-4a22-a47d-8c48425ef4a7	https://www.inaturalist.org/observations/217546562	Fungi	Basidiomycota	Agaricomycetes	Agaricales	Marasmiaceae	Baeospora	Baeospora myriadophylla		SPECIES	Baeospora myriadophylla (Peck) Singer	Baeospora myriadophylla		CA		Québec	PRESENT		28eb1a3f-1c15-4a95-931a-4af90ecb574d	45.872811	-76.4339	501.0						2024-05-17T15:24	17	5	2024	2537965	2537965	HUMAN_OBSERVATION	iNaturalist	Observations	217546562		L Joan Heyding	2024-05-22T18:59:13	CC_BY_NC_4_0	L Joan Heyding	L Joan Heyding			2025-01-14T12:47:03.175Z	StillImage	COORDINATE_ROUNDED;CONTINENT_DERIVED_FROM_COORDINATES;TAXON_MATCH_TAXON_ID_IGNORED
4528225640	50c9509d-22c7-4a22-a47d-8c48425ef4a7	https://www.inaturalist.org/observations/122029667	Fungi	Basidiomycota	Agaricomycetes	Agaricales	Marasmiaceae	Baeospora	Baeospora myriadophylla		SPECIES	Baeospora myriadophylla (Peck) Singer	Baeospora myriadophylla		CA		Québec	PRESENT		28eb1a3f-1c15-4a95-931a-4af90ecb574d	45.921867	-76.543053	27095.0						2022-06-10T12:57	10	6	2022	2537965	2537965	HUMAN_OBSERVATION	iNaturalist	Observations	122029667		L Joan Heyding	2022-06-16T15:38:36	CC_BY_NC_4_0	L Joan Heyding	L Joan Heyding			2025-01-14T12:30:19.422Z	StillImage	COORDINATE_ROUNDED;CONTINENT_DERIVED_FROM_COORDINATES;TAXON_MATCH_TAXON_ID_IGNORED
4528210641	50c9509d-22c7-4a22-a47d-8c48425ef4a7	https://www.inaturalist.org/observations/123104935	Fungi	Basidiomycota	Agaricomycetes	Agaricales	Marasmiaceae	Baeospora	Baeospora myriadophylla		SPECIES	Baeospora myriadophylla (Peck) Singer	Baeospora myriadophylla		CA		Québec	PRESENT		28eb1a3f-1c15-4a95-931a-4af90ecb574d	45.860315	-76.570127	27095.0						2022-06-19T10:02	19	6	2022	2537965	2537965	HUMAN_OBSERVATION	iNaturalist	Observations	123104935		L Joan Heyding	2022-06-23T16:58:08	CC_BY_NC_4_0	L Joan Heyding	L Joan Heyding			2025-01-14T13:22:42.528Z	StillImage	COORDINATE_ROUNDED;CONTINENT_DERIVED_FROM_COORDINATES;TAXON_MATCH_TAXON_ID_IGNORED
4528193627	50c9509d-22c7-4a22-a47d-8c48425ef4a7	https://www.inaturalist.org/observations/123434168	Fungi	Basidiomycota	Agaricomycetes	Agaricales	Marasmiaceae	Baeospora	Baeospora myriadophylla		SPECIES	Baeospora myriadophylla (Peck) Singer	Baeospora myriadophylla		CA		Ontario	PRESENT		28eb1a3f-1c15-4a95-931a-4af90ecb574d	45.444836	-75.552151	27158.0						2022-06-25T07:13	25	6	2022	2537965	2537965	HUMAN_OBSERVATION	iNaturalist	Observations	123434168		L Joan Heyding	2022-06-25T22:06:18	CC_BY_NC_4_0	L Joan Heyding	L Joan Heyding			2025-01-14T12:32:05.745Z	StillImage	COORDINATE_ROUNDED;CONTINENT_DERIVED_FROM_COORDINATES;TAXON_MATCH_TAXON_ID_IGNORED
4528158146	50c9509d-22c7-4a22-a47d-8c48425ef4a7	https://www.inaturalist.org/observations/187574181	Fungi	Basidiomycota	Agaricomycetes	Agaricales	Marasmiaceae	Baeospora	Baeospora myriadophylla		SPECIES	Baeospora myriadophylla (Peck) Singer	Baeospora myriadophylla		CA		Québec	PRESENT		28eb1a3f-1c15-4a95-931a-4af90ecb574d	45.872811	-76.4339	501.0						2023-10-14T08:40	14	10	2023	2537965	2537965	HUMAN_OBSERVATION	iNaturalist	Observations	187574181		L Joan Heyding	2023-10-15T01:27:44	CC_BY_NC_4_0	L Joan Heyding	L Joan Heyding			2025-01-14T12:41:23.465Z	StillImage	COORDINATE_ROUNDED;CONTINENT_DERIVED_FROM_COORDINATES;TAXON_MATCH_TAXON_ID_IGNORED
4527966926	50c9509d-22c7-4a22-a47d-8c48425ef4a7	https://www.inaturalist.org/observations/173818597	Fungi	Basidiomycota	Agaricomycetes	Agaricales	Marasmiaceae	Baeospora	Baeospora myriadophylla		SPECIES	Baeospora myriadophylla (Peck) Singer	Baeospora myriadophylla		CA		Québec	PRESENT		28eb1a3f-1c15-4a95-931a-4af90ecb574d	45.892343	-76.489624	27095.0						2023-07-07T09:33	7	7	2023	2537965	2537965	HUMAN_OBSERVATION	iNaturalist	Observations	173818597		L Joan Heyding	2023-07-19T19:32:03	CC_BY_NC_4_0	L Joan Heyding	L Joan Heyding			2025-01-14T13:31:44.438Z	StillImage	COORDINATE_ROUNDED;CONTINENT_DERIVED_FROM_COORDINATES;TAXON_MATCH_TAXON_ID_IGNORED
4527964070	50c9509d-22c7-4a22-a47d-8c48425ef4a7	https://www.inaturalist.org/observations/185023170	Fungi	Basidiomycota	Agaricomycetes	Agaricales	Marasmiaceae	Baeospora	Baeospora myriadophylla		SPECIES	Baeospora myriadophylla (Peck) Singer	Baeospora myriadophylla		CA		Ontario	PRESENT		28eb1a3f-1c15-4a95-931a-4af90ecb574d	45.433555	-76.322137	5.0						2023-09-26T12:25:41	26	9	2023	2537965	2537965	HUMAN_OBSERVATION	iNaturalist	Observations	185023170		gordv	2023-09-26T16:29:57	CC_BY_NC_4_0	gordv	gordv			2025-01-14T12:42:33.826Z	StillImage	COORDINATE_ROUNDED;CONTINENT_DERIVED_FROM_COORDINATES;TAXON_MATCH_TAXON_ID_IGNORED
4430733489	50c9509d-22c7-4a22-a47d-8c48425ef4a7	https://www.inaturalist.org/observations/188364734	Fungi	Basidiomycota	Agaricomycetes	Agaricales	Marasmiaceae	Baeospora	Baeospora myriadophylla		SPECIES	Baeospora myriadophylla (Peck) Singer	Baeospora myriadophylla		CA		Québec	PRESENT		28eb1a3f-1c15-4a95-931a-4af90ecb574d	46.774609	-71.275464	22.0						2023-10-18T09:19:12	18	10	2023	2537965	2537965	HUMAN_OBSERVATION	iNaturalist	Observations	188364734		Camille Boucher	2023-10-21T11:14:28	CC_BY_NC_4_0	Camille Boucher	Camille Boucher			2025-01-14T12:42:52.540Z	StillImage	COORDINATE_ROUNDED;CONTINENT_DERIVED_FROM_COORDINATES;TAXON_MATCH_TAXON_ID_IGNORED
4424621548	50c9509d-22c7-4a22-a47d-8c48425ef4a7	https://www.inaturalist.org/observations/186444307	Fungi	Basidiomycota	Agaricomycetes	Agaricales	Marasmiaceae	Baeospora	Baeospora myriadophylla		SPECIES	Baeospora myriadophylla (Peck) Singer	Baeospora myriadophylla		CA		Québec	PRESENT		28eb1a3f-1c15-4a95-931a-4af90ecb574d	45.872811	-76.4339	501.0						2023-10-05T10:57	5	10	2023	2537965	2537965	HUMAN_OBSERVATION	iNaturalist	Observations	186444307		L Joan Heyding	2023-10-06T19:27:41	CC_BY_NC_4_0	L Joan Heyding	L Joan Heyding			2025-01-14T13:33:06.404Z	StillImage	COORDINATE_ROUNDED;CONTINENT_DERIVED_FROM_COORDINATES;TAXON_MATCH_TAXON_ID_IGNORED
4424595873	50c9509d-22c7-4a22-a47d-8c48425ef4a7	https://www.inaturalist.org/observations/186482276	Fungi	Basidiomycota	Agaricomycetes	Agaricales	Marasmiaceae	Baeospora	Baeospora myriadophylla		SPECIES	Baeospora myriadophylla (Peck) Singer	Baeospora myriadophylla		CA		Québec	PRESENT		28eb1a3f-1c15-4a95-931a-4af90ecb574d	45.747567	-74.344003	10.0						2023-10-06T14:33:27	6	10	2023	2537965	2537965	HUMAN_OBSERVATION	iNaturalist	Observations	186482276		Lynn Ovenden	2023-10-07T01:04:44	CC_BY_NC_4_0	Lynn Ovenden	Lynn Ovenden			2025-01-14T12:45:21.809Z	StillImage	COORDINATE_ROUNDED;CONTINENT_DERIVED_FROM_COORDINATES;TAXON_MATCH_TAXON_ID_IGNORED
4424523557	50c9509d-22c7-4a22-a47d-8c48425ef4a7	https://www.inaturalist.org/observations/186860430	Fungi	Basidiomycota	Agaricomycetes	Agaricales	Marasmiaceae	Baeospora	Baeospora myriadophylla		SPECIES	Baeospora myriadophylla (Peck) Singer	Baeospora myriadophylla		CA		Ontario	PRESENT		28eb1a3f-1c15-4a95-931a-4af90ecb574d	45.453148	-75.548263	28.0						2023-10-08T10:13	8	10	2023	2537965	2537965	HUMAN_OBSERVATION	iNaturalist	Observations	186860430		jonathan_mack	2023-10-09T15:49:53	CC_BY_NC_4_0	jonathan_mack	jonathan_mack			2025-01-14T13:41:36.148Z	StillImage	COORDINATE_ROUNDED;CONTINENT_DERIVED_FROM_COORDINATES;TAXON_MATCH_TAXON_ID_IGNORED
4421202902	50c9509d-22c7-4a22-a47d-8c48425ef4a7	https://www.inaturalist.org/observations/185947495	Fungi	Basidiomycota	Agaricomycetes	Agaricales	Marasmiaceae	Baeospora	Baeospora myriadophylla		SPECIES	Baeospora myriadophylla (Peck) Singer	Baeospora myriadophylla		CA		Québec	PRESENT		28eb1a3f-1c15-4a95-931a-4af90ecb574d	45.872811	-76.4339	501.0						2023-09-28T14:01	28	9	2023	2537965	2537965	HUMAN_OBSERVATION	iNaturalist	Observations	185947495		L Joan Heyding	2023-10-02T19:50:38	CC_BY_NC_4_0	L Joan Heyding	L Joan Heyding			2025-01-14T12:44:18.478Z	StillImage	COORDINATE_ROUNDED;CONTINENT_DERIVED_FROM_COORDINATES;TAXON_MATCH_TAXON_ID_IGNORED
4413619352	50c9509d-22c7-4a22-a47d-8c48425ef4a7	https://www.inaturalist.org/observations/91214251	Fungi	Basidiomycota	Agaricomycetes	Agaricales	Marasmiaceae	Baeospora	Baeospora myriadophylla		SPECIES	Baeospora myriadophylla (Peck) Singer	Baeospora myriadophylla		CA		Ontario	PRESENT		28eb1a3f-1c15-4a95-931a-4af90ecb574d	45.433828	-76.320533							2021-08-14T11:39	14	8	2021	2537965	2537965	HUMAN_OBSERVATION	iNaturalist	Observations	91214251		Igor Khomenko	2021-08-16T16:45:54	CC_BY_NC_4_0	Igor Khomenko	Igor Khomenko			2025-01-14T12:21:28.127Z	StillImage	COORDINATE_ROUNDED;CONTINENT_DERIVED_FROM_COORDINATES;TAXON_MATCH_TAXON_ID_IGNORED
4413496334	50c9509d-22c7-4a22-a47d-8c48425ef4a7	https://www.inaturalist.org/observations/70105441	Fungi	Basidiomycota	Agaricomycetes	Agaricales	Marasmiaceae	Baeospora	Baeospora myriadophylla		SPECIES	Baeospora myriadophylla (Peck) Singer	Baeospora myriadophylla		CA		Québec	PRESENT		28eb1a3f-1c15-4a95-931a-4af90ecb574d	45.879979	-76.476594	27095.0						2020-06-27T09:25	27	6	2020	2537965	2537965	HUMAN_OBSERVATION	iNaturalist	Observations	70105441		L Joan Heyding	2021-02-24T20:13:21	CC_BY_NC_4_0	L Joan Heyding	L Joan Heyding			2025-01-14T12:16:45.017Z	StillImage	COORDINATE_ROUNDED;CONTINENT_DERIVED_FROM_COORDINATES;TAXON_MATCH_TAXON_ID_IGNORED
4413403406	50c9509d-22c7-4a22-a47d-8c48425ef4a7	https://www.inaturalist.org/observations/96812980	Fungi	Basidiomycota	Agaricomycetes	Agaricales	Marasmiaceae	Baeospora	Baeospora myriadophylla		SPECIES	Baeospora myriadophylla (Peck) Singer	Baeospora myriadophylla		CA		Québec	PRESENT		28eb1a3f-1c15-4a95-931a-4af90ecb574d	46.836709	-71.213177							2021-10-01T14:57:58	1	10	2021	2537965	2537965	HUMAN_OBSERVATION	iNaturalist	Observations	96812980		Jonathan Jensen-Lynch	2021-10-01T19:04:30	CC_BY_NC_4_0	Jonathan Jensen-Lynch	Jonathan Jensen-Lynch			2025-01-14T13:15:25.509Z	StillImage	COORDINATE_ROUNDED;CONTINENT_DERIVED_FROM_COORDINATES;TAXON_MATCH_TAXON_ID_IGNORED
4413398218	50c9509d-22c7-4a22-a47d-8c48425ef4a7	https://www.inaturalist.org/observations/178977554	Fungi	Basidiomycota	Agaricomycetes	Agaricales	Marasmiaceae	Baeospora	Baeospora myriadophylla		SPECIES	Baeospora myriadophylla (Peck) Singer	Baeospora myriadophylla		CA		Ontario	PRESENT		28eb1a3f-1c15-4a95-931a-4af90ecb574d	45.054383	-75.678387	97.0						2023-08-17T11:13:39	17	8	2023	2537965	2537965	HUMAN_OBSERVATION	iNaturalist	Observations	178977554		Emma Posadovsky	2023-08-26T12:49:37	CC_BY_NC_4_0	Emma Posadovsky	Emma Posadovsky			2025-01-14T12:41:02.015Z	StillImage	COORDINATE_ROUNDED;CONTINENT_DERIVED_FROM_COORDINATES;TAXON_MATCH_TAXON_ID_IGNORED
4405142881	50c9509d-22c7-4a22-a47d-8c48425ef4a7	https://www.inaturalist.org/observations/179415320	Fungi	Basidiomycota	Agaricomycetes	Agaricales	Marasmiaceae	Baeospora	Baeospora myriadophylla		SPECIES	Baeospora myriadophylla (Peck) Singer	Baeospora myriadophylla		CA		Ontario	PRESENT		28eb1a3f-1c15-4a95-931a-4af90ecb574d	45.145607	-76.24638							2023-08-20T11:56	20	8	2023	2537965	2537965	HUMAN_OBSERVATION	iNaturalist	Observations	179415320		Igor Khomenko	2023-08-20T21:15:16	CC_BY_NC_4_0	Igor Khomenko	Igor Khomenko			2025-01-14T13:32:03.138Z	StillImage	COORDINATE_ROUNDED;CONTINENT_DERIVED_FROM_COORDINATES;TAXON_MATCH_TAXON_ID_IGNORED
4177317523	50c9509d-22c7-4a22-a47d-8c48425ef4a7	https://www.inaturalist.org/observations/177980612	Fungi	Basidiomycota	Agaricomycetes	Agaricales	Marasmiaceae	Baeospora	Baeospora myriadophylla		SPECIES	Baeospora myriadophylla (Peck) Singer	Baeospora myriadophylla		CA		Québec	PRESENT		28eb1a3f-1c15-4a95-931a-4af90ecb574d	45.89836	-76.574089	27095.0						2023-08-03T09:48	3	8	2023	2537965	2537965	HUMAN_OBSERVATION	iNaturalist	Observations	177980612		L Joan Heyding	2023-08-12T12:32:59	CC_BY_NC_4_0	L Joan Heyding	L Joan Heyding			2025-01-14T13:26:24.147Z	StillImage	COORDINATE_ROUNDED;CONTINENT_DERIVED_FROM_COORDINATES;TAXON_MATCH_TAXON_ID_IGNORED
4165570095	50c9509d-22c7-4a22-a47d-8c48425ef4a7	https://www.inaturalist.org/observations/173817515	Fungi	Basidiomycota	Agaricomycetes	Agaricales	Marasmiaceae	Baeospora	Baeospora myriadophylla		SPECIES	Baeospora myriadophylla (Peck) Singer	Baeospora myriadophylla		CA		Québec	PRESENT		28eb1a3f-1c15-4a95-931a-4af90ecb574d	45.992855	-76.595137	27095.0						2023-07-07T09:29	7	7	2023	2537965	2537965	HUMAN_OBSERVATION	iNaturalist	Observations	173817515		L Joan Heyding	2023-07-19T19:24:19	CC_BY_NC_4_0	L Joan Heyding	L Joan Heyding			2025-01-14T12:39:49.582Z	StillImage	COORDINATE_ROUNDED;CONTINENT_DERIVED_FROM_COORDINATES;TAXON_MATCH_TAXON_ID_IGNORED
4076280828	50c9509d-22c7-4a22-a47d-8c48425ef4a7	https://www.inaturalist.org/observations/142679749	Fungi	Basidiomycota	Agaricomycetes	Agaricales	Marasmiaceae	Baeospora	Baeospora myriadophylla		SPECIES	Baeospora myriadophylla (Peck) Singer	Baeospora myriadophylla		CA		Québec	PRESENT		28eb1a3f-1c15-4a95-931a-4af90ecb574d	46.837525	-71.343112	15.0						2022-09-17	17	9	2022	2537965	2537965	HUMAN_OBSERVATION	iNaturalist	Observations	142679749		Renée Lebeuf	2023-04-04T22:50:01	CC_BY_NC_4_0	Christian Grenier	Christian Grenier			2025-01-14T13:26:13.840Z	StillImage	COORDINATE_ROUNDED;CONTINENT_DERIVED_FROM_COORDINATES;TAXON_MATCH_TAXON_ID_IGNORED
3986110771	50c9509d-22c7-4a22-a47d-8c48425ef4a7	https://www.inaturalist.org/observations/133990749	Fungi	Basidiomycota	Agaricomycetes	Agaricales	Marasmiaceae	Baeospora	Baeospora myriadophylla		SPECIES	Baeospora myriadophylla (Peck) Singer	Baeospora myriadophylla		CA		Ontario	PRESENT		28eb1a3f-1c15-4a95-931a-4af90ecb574d	45.453637	-75.548507	37.0						2022-09-05T13:27	5	9	2022	2537965	2537965	HUMAN_OBSERVATION	iNaturalist	Observations	133990749		jonathan_mack	2022-09-07T01:51:48	CC_BY_NC_4_0	jonathan_mack	jonathan_mack			2025-01-14T13:25:35.599Z	StillImage	COORDINATE_ROUNDED;CONTINENT_DERIVED_FROM_COORDINATES;TAXON_MATCH_TAXON_ID_IGNORED
3985711495	50c9509d-22c7-4a22-a47d-8c48425ef4a7	https://www.inaturalist.org/observations/89729442	Fungi	Basidiomycota	Agaricomycetes	Agaricales	Marasmiaceae	Baeospora	Baeospora myriadophylla		SPECIES	Baeospora myriadophylla (Peck) Singer	Baeospora myriadophylla		CA		Ontario	PRESENT		28eb1a3f-1c15-4a95-931a-4af90ecb574d	45.454668	-75.548955							2021-08-02T15:31	2	8	2021	2537965	2537965	HUMAN_OBSERVATION	iNaturalist	Observations	89729442		jonathan_mack	2021-08-03T02:05:16	CC_BY_NC_4_0	jonathan_mack	jonathan_mack			2025-01-14T13:13:20.591Z	StillImage	COORDINATE_ROUNDED;CONTINENT_DERIVED_FROM_COORDINATES;TAXON_MATCH_TAXON_ID_IGNORED
3947442300	50c9509d-22c7-4a22-a47d-8c48425ef4a7	https://www.inaturalist.org/observations/138663937	Fungi	Basidiomycota	Agaricomycetes	Agaricales	Marasmiaceae	Baeospora	Baeospora myriadophylla		SPECIES	Baeospora myriadophylla (Peck) Singer	Baeospora myriadophylla		CA		Québec	PRESENT		28eb1a3f-1c15-4a95-931a-4af90ecb574d	45.969148	-76.495254	27095.0						2022-10-11T10:12	11	10	2022	2537965	2537965	HUMAN_OBSERVATION	iNaturalist	Observations	138663937		L Joan Heyding	2022-10-13T23:17:24	CC_BY_NC_4_0	L Joan Heyding	L Joan Heyding			2025-01-14T13:24:59.874Z	StillImage	COORDINATE_ROUNDED;CONTINENT_DERIVED_FROM_COORDINATES;TAXON_MATCH_TAXON_ID_IGNORED
3903275668	50c9509d-22c7-4a22-a47d-8c48425ef4a7	https://www.inaturalist.org/observations/133245583	Fungi	Basidiomycota	Agaricomycetes	Agaricales	Marasmiaceae	Baeospora	Baeospora myriadophylla		SPECIES	Baeospora myriadophylla (Peck) Singer	Baeospora myriadophylla		CA		Québec	PRESENT		28eb1a3f-1c15-4a95-931a-4af90ecb574d	45.977953	-76.447762	27095.0						2022-08-29T15:40	29	8	2022	2537965	2537965	HUMAN_OBSERVATION	iNaturalist	Observations	133245583		L Joan Heyding	2022-09-01T19:20:22	CC_BY_NC_4_0	L Joan Heyding	L Joan Heyding			2025-01-14T13:25:13.712Z	StillImage	COORDINATE_ROUNDED;CONTINENT_DERIVED_FROM_COORDINATES;TAXON_MATCH_TAXON_ID_IGNORED
3902879626	50c9509d-22c7-4a22-a47d-8c48425ef4a7	https://www.inaturalist.org/observations/133775491	Fungi	Basidiomycota	Agaricomycetes	Agaricales	Marasmiaceae	Baeospora	Baeospora myriadophylla		SPECIES	Baeospora myriadophylla (Peck) Singer	Baeospora myriadophylla		CA		Ontario	PRESENT		28eb1a3f-1c15-4a95-931a-4af90ecb574d	45.559922	-75.255575	69.0						2022-09-04T15:31	4	9	2022	2537965	2537965	HUMAN_OBSERVATION	iNaturalist	Observations	133775491		jonathan_mack	2022-09-05T15:58:47	CC_BY_NC_4_0	jonathan_mack	jonathan_mack			2025-01-14T12:31:37.836Z	StillImage	COORDINATE_ROUNDED;CONTINENT_DERIVED_FROM_COORDINATES;TAXON_MATCH_TAXON_ID_IGNORED
3873201219	50c9509d-22c7-4a22-a47d-8c48425ef4a7	https://www.inaturalist.org/observations/126149709	Fungi	Basidiomycota	Agaricomycetes	Agaricales	Marasmiaceae	Baeospora	Baeospora myriadophylla		SPECIES	Baeospora myriadophylla (Peck) Singer	Baeospora myriadophylla		CA		Québec	PRESENT		28eb1a3f-1c15-4a95-931a-4af90ecb574d	45.920288	-76.551427	27095.0						2022-07-12T09:03	12	7	2022	2537965	2537965	HUMAN_OBSERVATION	iNaturalist	Observations	126149709		L Joan Heyding	2022-07-14T01:50:41	CC_BY_NC_4_0	L Joan Heyding	L Joan Heyding			2025-01-14T12:31:45.815Z	StillImage	COORDINATE_ROUNDED;CONTINENT_DERIVED_FROM_COORDINATES;TAXON_MATCH_TAXON_ID_IGNORED
3457199092	50c9509d-22c7-4a22-a47d-8c48425ef4a7	https://www.inaturalist.org/observations/104616909	Fungi	Basidiomycota	Agaricomycetes	Agaricales	Marasmiaceae	Baeospora	Baeospora myriadophylla		SPECIES	Baeospora myriadophylla (Peck) Singer	Baeospora myriadophylla		CA		Québec	PRESENT		28eb1a3f-1c15-4a95-931a-4af90ecb574d	45.82094	-76.53642	27095.0						2021-08-05T09:52	5	8	2021	2537965	2537965	HUMAN_OBSERVATION	iNaturalist	Observations	104616909		L Joan Heyding	2022-01-09T02:44:26	CC_BY_NC_4_0	L Joan Heyding	L Joan Heyding			2025-01-14T12:28:06.556Z	StillImage	COORDINATE_ROUNDED;CONTINENT_DERIVED_FROM_COORDINATES;TAXON_MATCH_TAXON_ID_IGNORED
3321260538	50c9509d-22c7-4a22-a47d-8c48425ef4a7	https://www.inaturalist.org/observations/85200940	Fungi	Basidiomycota	Agaricomycetes	Agaricales	Marasmiaceae	Baeospora	Baeospora myriadophylla		SPECIES	Baeospora myriadophylla (Peck) Singer	Baeospora myriadophylla		CA		Québec	PRESENT		28eb1a3f-1c15-4a95-931a-4af90ecb574d	45.892558	-76.426888	27095.0						2021-06-30T08:29	30	6	2021	2537965	2537965	HUMAN_OBSERVATION	iNaturalist	Observations	85200940		L Joan Heyding	2021-07-01T12:55:57	CC_BY_NC_4_0	L Joan Heyding	L Joan Heyding			2025-01-14T12:18:58.357Z	StillImage	COORDINATE_ROUNDED;CONTINENT_DERIVED_FROM_COORDINATES;TAXON_MATCH_TAXON_ID_IGNORED
3079510652	50c9509d-22c7-4a22-a47d-8c48425ef4a7	https://www.inaturalist.org/observations/33677805	Fungi	Basidiomycota	Agaricomycetes	Agaricales	Marasmiaceae	Baeospora	Baeospora myriadophylla		SPECIES	Baeospora myriadophylla (Peck) Singer	Baeospora myriadophylla		CA		Ontario	PRESENT		28eb1a3f-1c15-4a95-931a-4af90ecb574d	45.40285	-75.543128	32.0						2019-09-30T16:03	30	9	2019	2537965	2537965	HUMAN_OBSERVATION	iNaturalist	Observations	33677805		Garrett Taylor	2019-10-01T00:59:18	CC_BY_NC_4_0	Igor Khomenko	Igor Khomenko			2025-01-14T13:02:37.599Z	StillImage	COORDINATE_ROUNDED;CONTINENT_DERIVED_FROM_COORDINATES;TAXON_MATCH_TAXON_ID_IGNORED
2981024423	50c9509d-22c7-4a22-a47d-8c48425ef4a7	https://www.inaturalist.org/observations/51849267	Fungi	Basidiomycota	Agaricomycetes	Agaricales	Marasmiaceae	Baeospora	Baeospora myriadophylla		SPECIES	Baeospora myriadophylla (Peck) Singer	Baeospora myriadophylla		CA		Ontario	PRESENT		28eb1a3f-1c15-4a95-931a-4af90ecb574d	45.453396	-75.548525	66.0						2020-07-03T13:52	3	7	2020	2537965	2537965	HUMAN_OBSERVATION	iNaturalist	Observations	51849267		jonathan_mack	2020-07-03T23:13:59	CC_BY_NC_4_0	jonathan_mack	jonathan_mack			2025-01-14T12:14:16.875Z	StillImage	COORDINATE_ROUNDED;CONTINENT_DERIVED_FROM_COORDINATES;TAXON_MATCH_TAXON_ID_IGNORED
2460083527	50c9509d-22c7-4a22-a47d-8c48425ef4a7	https://www.inaturalist.org/observations/32986510	Fungi	Basidiomycota	Agaricomycetes	Agaricales	Marasmiaceae	Baeospora	Baeospora myriadophylla		SPECIES	Baeospora myriadophylla (Peck) Singer	Baeospora myriadophylla		CA		Ontario	PRESENT		28eb1a3f-1c15-4a95-931a-4af90ecb574d	45.279131	-76.688733							2019-09-15T10:58	15	9	2019	2537965	2537965	HUMAN_OBSERVATION	iNaturalist	Observations	32986510		Serguei Ponomarenko	2019-09-19T01:06:53	CC_BY_NC_4_0	Serguei Ponomarenko	Serguei Ponomarenko			2025-01-14T13:03:20.053Z	StillImage	COORDINATE_ROUNDED;CONTINENT_DERIVED_FROM_COORDINATES;TAXON_MATCH_TAXON_ID_IGNORED
1946198881	50c9509d-22c7-4a22-a47d-8c48425ef4a7	https://www.inaturalist.org/observations/16057752	Fungi	Basidiomycota	Agaricomycetes	Agaricales	Marasmiaceae	Baeospora	Baeospora myriadophylla		SPECIES	Baeospora myriadophylla (Peck) Singer	Baeospora myriadophylla		CA		Ontario	PRESENT		28eb1a3f-1c15-4a95-931a-4af90ecb574d	45.465789	-75.507492							2018-08-30T10:05	30	8	2018	2537965	2537965	HUMAN_OBSERVATION	iNaturalist	Observations	16057752		jonathan_mack	2018-08-31T01:51:06	CC_BY_NC_4_0	jonathan_mack	jonathan_mack			2025-01-14T12:05:46.590Z	StillImage	COORDINATE_ROUNDED;CONTINENT_DERIVED_FROM_COORDINATES;TAXON_MATCH_TAXON_ID_IGNORED
1847646509	50c9509d-22c7-4a22-a47d-8c48425ef4a7	https://www.inaturalist.org/observations/9590081	Fungi	Basidiomycota	Agaricomycetes	Agaricales	Marasmiaceae	Baeospora	Baeospora myriadophylla		SPECIES	Baeospora myriadophylla (Peck) Singer	Baeospora myriadophylla		CA		Ontario	PRESENT		28eb1a3f-1c15-4a95-931a-4af90ecb574d	45.35695	-79.0971	33539.0						2015-09-12	12	9	2015	2537965	2537965	HUMAN_OBSERVATION	iNaturalist	Observations	9590081		mycowalt	2018-01-23T21:53:34	CC_BY_NC_4_0	mycowalt	mycowalt			2025-01-14T12:59:47.673Z	StillImage	CONTINENT_DERIVED_FROM_COORDINATES;TAXON_MATCH_TAXON_ID_IGNORED
1807261670	e8a25a42-f125-476c-8554-3ec21cd51a84	ACAD:118616	Fungi	Basidiomycota	Agaricomycetes	Agaricales	Marasmiaceae	Baeospora	Baeospora myriadophylla		SPECIES	Baeospora myriadophylla (Peck) Singer	Baeospora myriadophylla (Peck) Singer	(Peck) Singer	CA	Kentville	Nova Scotia	PRESENT		6491ad8c-8e49-4bd4-a089-0ddb3bbe0890	45.064224	-64.478193							1955-10-03	3	10	1955	2537965	2537965	PRESERVED_SPECIMEN	Acadia University	ACAD	6433F	6433			CC0_1_0	Acadia University				2024-01-25T01:37:13.150Z	StillImage	GEODETIC_DATUM_INVALID;GEODETIC_DATUM_ASSUMED_WGS84;TAXON_MATCH_TAXON_ID_IGNORED;INSTITUTION_MATCH_FUZZY;COLLECTION_MATCH_FUZZY
1412707850	21705170-d2b6-42de-8904-c3bca4b83591	CMMF016230	Fungi	Basidiomycota	Agaricomycetes	Agaricales	Marasmiaceae	Baeospora	Baeospora myriadophylla		SPECIES	Baeospora myriadophylla (Peck) Singer	Baeospora myriadophylla (Peck) Singer	(Peck) Singer	CA	Chicoutimi, Québec.	Québec	PRESENT		ff7bd5db-b724-4932-b496-10ea298851f9	48.368277	-71.119642	15000.0						1983-07-02	2	7	1983	2537965	2537965	PRESERVED_SPECIMEN	Université de Montréal Biodiversity Centre	CMMF	CMMF016230	1878	Guérin, Gérard		CC0_1_0	Université de Montréal Biodiversity Centre	Guérin, Gérard			2024-01-24T16:38:18.705Z	StillImage	INSTITUTION_MATCH_FUZZY;COLLECTION_MATCH_FUZZY;DIFFERENT_OWNER_INSTITUTION
1412707737	21705170-d2b6-42de-8904-c3bca4b83591	CMMF016229	Fungi	Basidiomycota	Agaricomycetes	Agaricales	Marasmiaceae	Baeospora	Baeospora myriadophylla		SPECIES	Baeospora myriadophylla (Peck) Singer	Baeospora myriadophylla (Peck) Singer	(Peck) Singer	CA	Jonquière, Québec.	Québec	PRESENT		ff7bd5db-b724-4932-b496-10ea298851f9	48.415418	-71.2432	7000.0						1982-07-11	11	7	1982	2537965	2537965	PRESERVED_SPECIMEN	Université de Montréal Biodiversity Centre	CMMF	CMMF016229	1877	Guérin, Gérard		CC0_1_0	Université de Montréal Biodiversity Centre	Guérin, Gérard			2024-01-24T16:38:18.710Z	StillImage	INSTITUTION_MATCH_FUZZY;COLLECTION_MATCH_FUZZY;DIFFERENT_OWNER_INSTITUTION
1412707716	21705170-d2b6-42de-8904-c3bca4b83591	CMMF016228	Fungi	Basidiomycota	Agaricomycetes	Agaricales	Marasmiaceae	Baeospora	Baeospora myriadophylla		SPECIES	Baeospora myriadophylla (Peck) Singer	Baeospora myriadophylla (Peck) Singer	(Peck) Singer	CA	Arvida, Québec.	Québec	PRESENT		ff7bd5db-b724-4932-b496-10ea298851f9	48.421283	-71.184148	4000.0						1996-07-29	29	7	1996	2537965	2537965	PRESERVED_SPECIMEN	Université de Montréal Biodiversity Centre	CMMF	CMMF016228	1879	Guérin, Gérard		CC0_1_0	Université de Montréal Biodiversity Centre	Guérin, Gérard			2024-01-24T16:38:18.710Z	StillImage	INSTITUTION_MATCH_FUZZY;COLLECTION_MATCH_FUZZY;DIFFERENT_OWNER_INSTITUTION
1135067041	21705170-d2b6-42de-8904-c3bca4b83591	CMMF010514	Fungi	Basidiomycota	Agaricomycetes	Agaricales	Marasmiaceae	Baeospora	Baeospora myriadophylla		SPECIES	Baeospora myriadophylla (Peck) Singer	Baeospora myriadophylla (Peck) Singer	(Peck) Singer	CA	Zoo du Québec, Québec.	Québec	PRESENT		ff7bd5db-b724-4932-b496-10ea298851f9	46.887441	-71.30267	600.0						2008-08-26	26	8	2008	2537965	2537965	PRESERVED_SPECIMEN	Université de Montréal Biodiversity Centre	CMMF	CMMF010514	2100	Labrecque, Jacqueline		CC0_1_0	Université de Montréal Biodiversity Centre	Labrecque, Jacqueline			2024-01-24T16:38:21.729Z		INSTITUTION_MATCH_FUZZY;COLLECTION_MATCH_FUZZY;DIFFERENT_OWNER_INSTITUTION
1024560134	21705170-d2b6-42de-8904-c3bca4b83591	CMMF005614	Fungi	Basidiomycota	Agaricomycetes	Agaricales	Marasmiaceae	Baeospora	Baeospora myriadophylla		SPECIES	Baeospora myriadophylla (Peck) Singer	Baeospora myriadophylla (Peck) Singer	(Peck) Singer	CA	Rimouski	Québec	PRESENT		ff7bd5db-b724-4932-b496-10ea298851f9	48.425	-68.551667	100.0						2007-07-21	21	7	2007	2537965	2537965	PRESERVED_SPECIMEN	Université de Montréal Biodiversity Centre	CMMF	CMMF005614	C3097	McNeil, Raymond		CC0_1_0	Université de Montréal Biodiversity Centre	McNeil, Raymond			2024-01-24T16:38:15.767Z	StillImage	COORDINATE_ROUNDED;INSTITUTION_MATCH_FUZZY;COLLECTION_MATCH_FUZZY;DIFFERENT_OWNER_INSTITUTION
1024560102	21705170-d2b6-42de-8904-c3bca4b83591	CMMF005615	Fungi	Basidiomycota	Agaricomycetes	Agaricales	Marasmiaceae	Baeospora	Baeospora myriadophylla		SPECIES	Baeospora myriadophylla (Peck) Singer	Baeospora myriadophylla (Peck) Singer	(Peck) Singer	CA	Port-au-saumon	Québec	PRESENT		ff7bd5db-b724-4932-b496-10ea298851f9	47.773333	-69.949333	100.0						1981-08-19	19	8	1981	2537965	2537965	PRESERVED_SPECIMEN	Université de Montréal Biodiversity Centre	CMMF	CMMF005615	1249	McNeil, Raymond		CC0_1_0	Université de Montréal Biodiversity Centre	McNeil, Raymond			2024-01-24T16:38:15.768Z	StillImage	COORDINATE_ROUNDED;INSTITUTION_MATCH_FUZZY;COLLECTION_MATCH_FUZZY;DIFFERENT_OWNER_INSTITUTION
