gbifID	datasetKey	occurrenceID	kingdom	phylum	class	order	family	genus	species	infraspecificEpithet	taxonRank	scientificName	verbatimScientificName	verbatimScientificNameAuthorship	countryCode	locality	stateProvince	occurrenceStatus	individualCount	publishingOrgKey	decimalLatitude	decimalLongitude	coordinateUncertaintyInMeters	coordinatePrecision	elevation	elevationAccuracy	depth	depthAccuracy	eventDate	day	month	year	taxonKey	speciesKey	basisOfRecord	institutionCode	collectionCode	catalogNumber	recordNumber	identifiedBy	dateIdentified	license	rightsHolder	recordedBy	typeStatus	establishmentMeans	lastInterpreted	mediaType	issue
617551891	21705170-d2b6-42de-8904-c3bca4b83591	CMMF002907	Fungi	Basidiomycota	Agaricomycetes	Sebacinales	Sebacinaceae	Sebacina	Sebacina sparassoidea		SPECIES	Tremella reticulata (Berk.) Farl.	Tremella reticulata (Berk.) Farl.	(Berk.) Farl.	CA	Valcourt	Québec	PRESENT		ff7bd5db-b724-4932-b496-10ea298851f9	45.490554	-72.341386	7000.0						1996-08-25	25	8	1996	5468081	2522103	PRESERVED_SPECIMEN	Université de Montréal Biodiversity Centre	CMMF	CMMF002907		Lamoureux, Yves		CC0_1_0	Université de Montréal Biodiversity Centre	Gagné, Ginette			2024-01-24T16:38:20.863Z	StillImage	INSTITUTION_MATCH_FUZZY;COLLECTION_MATCH_FUZZY;DIFFERENT_OWNER_INSTITUTION
617550770	21705170-d2b6-42de-8904-c3bca4b83591	CMMF000242	Fungi	Basidiomycota	Agaricomycetes	Sebacinales	Sebacinaceae	Sebacina	Sebacina sparassoidea		SPECIES	Tremella reticulata (Berk.) Farl.	Tremella reticulata (Berk.) Farl.	(Berk.) Farl.	CA	Montréal	Québec	PRESENT		ff7bd5db-b724-4932-b496-10ea298851f9	45.509625	-73.662984	25000.0						1988-08-26	26	8	1988	5468081	2522103	PRESERVED_SPECIMEN	Université de Montréal Biodiversity Centre	CMMF	CMMF000242		Lamoureux, Yves		CC0_1_0	Université de Montréal Biodiversity Centre	Lamoureux, Yves			2024-01-24T16:38:20.685Z	StillImage	INSTITUTION_MATCH_FUZZY;COLLECTION_MATCH_FUZZY;DIFFERENT_OWNER_INSTITUTION
4994417940	50c9509d-22c7-4a22-a47d-8c48425ef4a7	https://www.inaturalist.org/observations/56905263	Fungi	Basidiomycota	Agaricomycetes	Sebacinales	Sebacinaceae	Sebacina	Sebacina sparassoidea		SPECIES	Sebacina sparassoidea (Lloyd) P.Roberts	Sebacina sparassoidea		CA		Québec	PRESENT		28eb1a3f-1c15-4a95-931a-4af90ecb574d	45.595195	-75.868545	24.0						2020-08-18T15:16:34	18	8	2020	2522103	2522103	HUMAN_OBSERVATION	iNaturalist	Observations	56905263		cinna_latifolia	2021-09-03T04:54:07	CC_BY_NC_4_0	bobtyler	bobtyler			2025-01-14T13:09:32.141Z	StillImage	CONTINENT_DERIVED_FROM_COORDINATES;TAXON_MATCH_TAXON_ID_IGNORED
4980263905	50c9509d-22c7-4a22-a47d-8c48425ef4a7	https://www.inaturalist.org/observations/236648789	Fungi	Basidiomycota	Agaricomycetes	Sebacinales	Sebacinaceae	Sebacina	Sebacina sparassoidea		SPECIES	Sebacina sparassoidea (Lloyd) P.Roberts	Sebacina sparassoidea		CA		Québec	PRESENT		28eb1a3f-1c15-4a95-931a-4af90ecb574d	45.650172	-75.873283	20.0						2024-08-18T14:10:42	18	8	2024	2522103	2522103	HUMAN_OBSERVATION	iNaturalist	Observations	236648789				CC_BY_NC_4_0	Celine Perrier	Celine Perrier			2025-01-14T12:48:34.057Z	StillImage	COORDINATE_ROUNDED;CONTINENT_DERIVED_FROM_COORDINATES;TAXON_MATCH_TAXON_ID_IGNORED
4936391034	50c9509d-22c7-4a22-a47d-8c48425ef4a7	https://www.inaturalist.org/observations/237864303	Fungi	Basidiomycota	Agaricomycetes	Sebacinales	Sebacinaceae	Sebacina	Sebacina sparassoidea		SPECIES	Sebacina sparassoidea (Lloyd) P.Roberts	Sebacina sparassoidea		CA		Ontario	PRESENT		28eb1a3f-1c15-4a95-931a-4af90ecb574d	45.144299	-76.157663	169.0						2024-08-24T15:47	24	8	2024	2522103	2522103	HUMAN_OBSERVATION	iNaturalist	Observations	237864303		jonathan_mack	2024-08-25T14:46:54	CC_BY_NC_4_0	jonathan_mack	jonathan_mack			2025-01-14T12:52:55.553Z	StillImage	COORDINATE_ROUNDED;CONTINENT_DERIVED_FROM_COORDINATES;TAXON_MATCH_TAXON_ID_IGNORED
4926264563	50c9509d-22c7-4a22-a47d-8c48425ef4a7	https://www.inaturalist.org/observations/236003063	Fungi	Basidiomycota	Agaricomycetes	Sebacinales	Sebacinaceae	Sebacina	Sebacina sparassoidea		SPECIES	Sebacina sparassoidea (Lloyd) P.Roberts	Sebacina sparassoidea		CA		Québec	PRESENT		28eb1a3f-1c15-4a95-931a-4af90ecb574d	45.417584	-75.828998	391.0						2024-08-14T12:35	14	8	2024	2522103	2522103	HUMAN_OBSERVATION	iNaturalist	Observations	236003063		L Joan Heyding	2024-08-16T00:13:47	CC_BY_NC_4_0	L Joan Heyding	L Joan Heyding			2025-01-14T14:16:40.530Z	StillImage	COORDINATE_ROUNDED;CONTINENT_DERIVED_FROM_COORDINATES;TAXON_MATCH_TAXON_ID_IGNORED
4926138677	50c9509d-22c7-4a22-a47d-8c48425ef4a7	https://www.inaturalist.org/observations/236015981	Fungi	Basidiomycota	Agaricomycetes	Sebacinales	Sebacinaceae	Sebacina	Sebacina sparassoidea		SPECIES	Sebacina sparassoidea (Lloyd) P.Roberts	Sebacina sparassoidea		CA		Québec	PRESENT		28eb1a3f-1c15-4a95-931a-4af90ecb574d	45.566176	-75.782459	11170.0						2024-08-15T10:24	15	8	2024	2522103	2522103	HUMAN_OBSERVATION	iNaturalist	Observations	236015981		L Joan Heyding	2024-08-16T02:07:17	CC_BY_NC_4_0	L Joan Heyding	L Joan Heyding			2025-01-14T12:51:20.817Z	StillImage	COORDINATE_ROUNDED;CONTINENT_DERIVED_FROM_COORDINATES;TAXON_MATCH_TAXON_ID_IGNORED
4926005303	50c9509d-22c7-4a22-a47d-8c48425ef4a7	https://www.inaturalist.org/observations/235786276	Fungi	Basidiomycota	Agaricomycetes	Sebacinales	Sebacinaceae	Sebacina	Sebacina sparassoidea		SPECIES	Sebacina sparassoidea (Lloyd) P.Roberts	Sebacina sparassoidea		CA		Québec	PRESENT		28eb1a3f-1c15-4a95-931a-4af90ecb574d	45.41638	-75.828602							2024-08-14T12:33	14	8	2024	2522103	2522103	HUMAN_OBSERVATION	iNaturalist	Observations	235786276		Igor Khomenko	2024-08-14T20:28:35	CC_BY_NC_4_0	Igor Khomenko	Igor Khomenko			2025-01-14T13:42:40.616Z	StillImage	COORDINATE_ROUNDED;CONTINENT_DERIVED_FROM_COORDINATES;TAXON_MATCH_TAXON_ID_IGNORED
4923971707	50c9509d-22c7-4a22-a47d-8c48425ef4a7	https://www.inaturalist.org/observations/230438953	Fungi	Basidiomycota	Agaricomycetes	Sebacinales	Sebacinaceae	Sebacina	Sebacina sparassoidea		SPECIES	Sebacina sparassoidea (Lloyd) P.Roberts	Sebacina sparassoidea		CA		Québec	PRESENT		28eb1a3f-1c15-4a95-931a-4af90ecb574d	45.037455	-74.071997	1953.0						2024-07-17T01:19	17	7	2024	2522103	2522103	HUMAN_OBSERVATION	iNaturalist	Observations	230438953		Annabelle Langlois	2024-07-20T05:27:10	CC_BY_NC_4_0	Annabelle Langlois	Annabelle Langlois			2025-01-14T12:49:23.848Z	StillImage	COORDINATE_ROUNDED;CONTINENT_DERIVED_FROM_COORDINATES;TAXON_MATCH_TAXON_ID_IGNORED
4872298809	50c9509d-22c7-4a22-a47d-8c48425ef4a7	https://www.inaturalist.org/observations/212872836	Fungi	Basidiomycota	Agaricomycetes	Sebacinales	Sebacinaceae	Sebacina	Sebacina sparassoidea		SPECIES	Sebacina sparassoidea (Lloyd) P.Roberts	Sebacina sparassoidea		CA		Ontario	PRESENT		28eb1a3f-1c15-4a95-931a-4af90ecb574d	45.155376	-76.057215	27222.0						2023-08-19T16:44:21	19	8	2023	2522103	2522103	HUMAN_OBSERVATION	iNaturalist	Observations	212872836		Jan Thornhill	2024-05-11T11:46:57	CC_BY_NC_4_0	ruginsect	ruginsect			2025-01-14T13:40:22.128Z	StillImage	COORDINATE_ROUNDED;CONTINENT_DERIVED_FROM_COORDINATES;TAXON_MATCH_TAXON_ID_IGNORED
4527879319	861e6afe-f762-11e1-a439-00145eb45e9a	a3572fb3-59d7-4f68-92c2-b92756f29cc2	Fungi	Basidiomycota	Agaricomycetes	Sebacinales	Sebacinaceae	Sebacina	Sebacina sparassoidea		SPECIES	Tremella reticulata (Berk.) Farl.	Tremella reticulata (Berkeley) Farlow	(Berkeley) Farlow	CA	Fundy National Park, Coppermine Trail from trailhead to Hastie Brook, and trail from parking area to Point Wolfe Beach	New Brunswick	PRESENT		485ff490-e3b7-11db-9acc-b8a03c50a862	45.54916	-65.01929							2013-09-26	26	9	2013	5468081	2522103	PRESERVED_SPECIMEN	FH	FH	barcode-01131623	13092605	Karakehian, Jason Michael		CC_BY_4_0	President and Fellows of Harvard College	J. M. Karakehian			2025-01-19T00:20:34.964Z		GEODETIC_DATUM_INVALID;GEODETIC_DATUM_ASSUMED_WGS84
4525083423	50c9509d-22c7-4a22-a47d-8c48425ef4a7	https://www.inaturalist.org/observations/179071295	Fungi	Basidiomycota	Agaricomycetes	Sebacinales	Sebacinaceae	Sebacina	Sebacina sparassoidea		SPECIES	Sebacina sparassoidea (Lloyd) P.Roberts	Sebacina sparassoidea		CA		Ontario	PRESENT		28eb1a3f-1c15-4a95-931a-4af90ecb574d	45.336514	-75.925472	1132.0						2023-08-18T11:58:57	18	8	2023	2522103	2522103	HUMAN_OBSERVATION	iNaturalist	Observations	179071295		Heather Pickard	2023-08-19T00:21:46	CC_BY_NC_4_0	Heather Pickard	Heather Pickard			2025-01-14T13:32:05.096Z	StillImage	COORDINATE_ROUNDED;CONTINENT_DERIVED_FROM_COORDINATES;TAXON_MATCH_TAXON_ID_IGNORED
4525065353	50c9509d-22c7-4a22-a47d-8c48425ef4a7	https://www.inaturalist.org/observations/176361414	Fungi	Basidiomycota	Agaricomycetes	Sebacinales	Sebacinaceae	Sebacina	Sebacina sparassoidea		SPECIES	Sebacina sparassoidea (Lloyd) P.Roberts	Sebacina sparassoidea		CA		Ontario	PRESENT		28eb1a3f-1c15-4a95-931a-4af90ecb574d	45.022491	-74.798296	27222.0						2023-08-02T20:01:56	2	8	2023	2522103	2522103	HUMAN_OBSERVATION	iNaturalist	Observations	176361414		Lissa Deslandes	2023-08-03T00:32:44	CC_BY_NC_4_0	Lissa Deslandes	Lissa Deslandes			2025-01-14T12:40:19.009Z	StillImage	COORDINATE_ROUNDED;CONTINENT_DERIVED_FROM_COORDINATES;TAXON_MATCH_TAXON_ID_IGNORED
4524996312	50c9509d-22c7-4a22-a47d-8c48425ef4a7	https://www.inaturalist.org/observations/178626474	Fungi	Basidiomycota	Agaricomycetes	Sebacinales	Sebacinaceae	Sebacina	Sebacina sparassoidea		SPECIES	Sebacina sparassoidea (Lloyd) P.Roberts	Sebacina sparassoidea		CA		Ontario	PRESENT		28eb1a3f-1c15-4a95-931a-4af90ecb574d	45.303911	-74.766702	244.0						2023-08-12T15:52	12	8	2023	2522103	2522103	HUMAN_OBSERVATION	iNaturalist	Observations	178626474		David Thomas Glover	2023-08-16T02:06:09	CC_BY_NC_4_0	David Thomas Glover	David Thomas Glover			2025-01-14T13:31:57.654Z	StillImage	COORDINATE_ROUNDED;CONTINENT_DERIVED_FROM_COORDINATES;TAXON_MATCH_TAXON_ID_IGNORED
4524942246	50c9509d-22c7-4a22-a47d-8c48425ef4a7	https://www.inaturalist.org/observations/175617375	Fungi	Basidiomycota	Agaricomycetes	Sebacinales	Sebacinaceae	Sebacina	Sebacina sparassoidea		SPECIES	Sebacina sparassoidea (Lloyd) P.Roberts	Sebacina sparassoidea		CA		Ontario	PRESENT		28eb1a3f-1c15-4a95-931a-4af90ecb574d	45.298417	-74.754285	122.0						2023-07-29T15:13	29	7	2023	2522103	2522103	HUMAN_OBSERVATION	iNaturalist	Observations	175617375		David Thomas Glover	2023-07-29T21:36:31	CC_BY_NC_4_0	David Thomas Glover	David Thomas Glover			2025-01-14T13:31:40.361Z	StillImage	COORDINATE_ROUNDED;CONTINENT_DERIVED_FROM_COORDINATES;TAXON_MATCH_TAXON_ID_IGNORED
4524909128	50c9509d-22c7-4a22-a47d-8c48425ef4a7	https://www.inaturalist.org/observations/177098287	Fungi	Basidiomycota	Agaricomycetes	Sebacinales	Sebacinaceae	Sebacina	Sebacina sparassoidea		SPECIES	Sebacina sparassoidea (Lloyd) P.Roberts	Sebacina sparassoidea		CA		Ontario	PRESENT		28eb1a3f-1c15-4a95-931a-4af90ecb574d	45.455779	-75.504733	7914.0						2023-08-06T09:02:41	6	8	2023	2522103	2522103	HUMAN_OBSERVATION	iNaturalist	Observations	177098287		a-tara-xy	2023-08-07T01:56:40	CC_BY_NC_4_0	a-tara-xy	a-tara-xy			2025-01-14T12:37:32.109Z	StillImage	COORDINATE_ROUNDED;CONTINENT_DERIVED_FROM_COORDINATES;TAXON_MATCH_TAXON_ID_IGNORED
4524888957	50c9509d-22c7-4a22-a47d-8c48425ef4a7	https://www.inaturalist.org/observations/133854232	Fungi	Basidiomycota	Agaricomycetes	Sebacinales	Sebacinaceae	Sebacina	Sebacina sparassoidea		SPECIES	Sebacina sparassoidea (Lloyd) P.Roberts	Sebacina sparassoidea		CA		Ontario	PRESENT		28eb1a3f-1c15-4a95-931a-4af90ecb574d	45.334905	-75.724101	3934.0						2022-09-05T13:52	5	9	2022	2522103	2522103	HUMAN_OBSERVATION	iNaturalist	Observations	133854232		Ariel Bonkoski	2024-02-20T03:20:49	CC_BY_NC_4_0	clearbrookmlb	clearbrookmlb			2025-01-14T13:25:34.589Z	StillImage	COORDINATE_ROUNDED;CONTINENT_DERIVED_FROM_COORDINATES;TAXON_MATCH_TAXON_ID_IGNORED
4442386894	50c9509d-22c7-4a22-a47d-8c48425ef4a7	https://www.inaturalist.org/observations/180441024	Fungi	Basidiomycota	Agaricomycetes	Sebacinales	Sebacinaceae	Sebacina	Sebacina sparassoidea		SPECIES	Sebacina sparassoidea (Lloyd) P.Roberts	Sebacina sparassoidea		CA		Québec	PRESENT		28eb1a3f-1c15-4a95-931a-4af90ecb574d	45.438723	-75.758662							2023-08-27T10:07:14	27	8	2023	2522103	2522103	HUMAN_OBSERVATION	iNaturalist	Observations	180441024		chemiste	2023-08-27T14:12:00	CC_BY_NC_4_0	chemiste	chemiste			2025-01-14T12:44:22.385Z	StillImage	COORDINATE_ROUNDED;CONTINENT_DERIVED_FROM_COORDINATES;TAXON_MATCH_TAXON_ID_IGNORED
4442384840	50c9509d-22c7-4a22-a47d-8c48425ef4a7	https://www.inaturalist.org/observations/179557352	Fungi	Basidiomycota	Agaricomycetes	Sebacinales	Sebacinaceae	Sebacina	Sebacina sparassoidea		SPECIES	Sebacina sparassoidea (Lloyd) P.Roberts	Sebacina sparassoidea		CA		Québec	PRESENT		28eb1a3f-1c15-4a95-931a-4af90ecb574d	45.413473	-75.832556	183.0						2023-08-16T12:02	16	8	2023	2522103	2522103	HUMAN_OBSERVATION	iNaturalist	Observations	179557352		L Joan Heyding	2023-08-21T17:58:05	CC_BY_NC_4_0	L Joan Heyding	L Joan Heyding			2025-01-14T12:43:23.817Z	StillImage	COORDINATE_ROUNDED;CONTINENT_DERIVED_FROM_COORDINATES;TAXON_MATCH_TAXON_ID_IGNORED
4405074535	50c9509d-22c7-4a22-a47d-8c48425ef4a7	https://www.inaturalist.org/observations/179461889	Fungi	Basidiomycota	Agaricomycetes	Sebacinales	Sebacinaceae	Sebacina	Sebacina sparassoidea		SPECIES	Sebacina sparassoidea (Lloyd) P.Roberts	Sebacina sparassoidea		CA		Québec	PRESENT		28eb1a3f-1c15-4a95-931a-4af90ecb574d	45.421312	-75.822171	61.0						2023-08-20T15:38	20	8	2023	2522103	2522103	HUMAN_OBSERVATION	iNaturalist	Observations	179461889		jonathan_mack	2023-08-21T02:10:57	CC_BY_NC_4_0	jonathan_mack	jonathan_mack			2025-01-14T12:39:26.869Z	StillImage	COORDINATE_ROUNDED;CONTINENT_DERIVED_FROM_COORDINATES;TAXON_MATCH_TAXON_ID_IGNORED
4400432879	50c9509d-22c7-4a22-a47d-8c48425ef4a7	https://www.inaturalist.org/observations/178411799	Fungi	Basidiomycota	Agaricomycetes	Sebacinales	Sebacinaceae	Sebacina	Sebacina sparassoidea		SPECIES	Sebacina sparassoidea (Lloyd) P.Roberts	Sebacina sparassoidea		CA		Québec	PRESENT		28eb1a3f-1c15-4a95-931a-4af90ecb574d	45.426095	-75.827235	53.0						2023-08-14T10:48	14	8	2023	2522103	2522103	HUMAN_OBSERVATION	iNaturalist	Observations	178411799		jonathan_mack	2023-08-20T01:59:26	CC_BY_NC_4_0	Jean-Serge	Jean-Serge			2025-01-14T13:32:20.954Z	StillImage	COORDINATE_ROUNDED;CONTINENT_DERIVED_FROM_COORDINATES;TAXON_MATCH_TAXON_ID_IGNORED
4400323932	50c9509d-22c7-4a22-a47d-8c48425ef4a7	https://www.inaturalist.org/observations/179066986	Fungi	Basidiomycota	Agaricomycetes	Sebacinales	Sebacinaceae	Sebacina	Sebacina sparassoidea		SPECIES	Sebacina sparassoidea (Lloyd) P.Roberts	Sebacina sparassoidea		CA		Ontario	PRESENT		28eb1a3f-1c15-4a95-931a-4af90ecb574d	45.337084	-75.926772	432.0						2023-08-18T11:00:29	18	8	2023	2522103	2522103	HUMAN_OBSERVATION	iNaturalist	Observations	179066986		Heather Pickard	2023-08-18T23:41:27	CC_BY_NC_4_0	Heather Pickard	Heather Pickard			2025-01-14T13:31:09.542Z	StillImage	COORDINATE_ROUNDED;CONTINENT_DERIVED_FROM_COORDINATES;TAXON_MATCH_TAXON_ID_IGNORED
4400181931	50c9509d-22c7-4a22-a47d-8c48425ef4a7	https://www.inaturalist.org/observations/179412284	Fungi	Basidiomycota	Agaricomycetes	Sebacinales	Sebacinaceae	Sebacina	Sebacina sparassoidea		SPECIES	Sebacina sparassoidea (Lloyd) P.Roberts	Sebacina sparassoidea		CA		Ontario	PRESENT		28eb1a3f-1c15-4a95-931a-4af90ecb574d	45.1501	-76.241613	56.0						2023-08-20T10:57	20	8	2023	2522103	2522103	HUMAN_OBSERVATION	iNaturalist	Observations	179412284		Igor Khomenko	2023-08-20T20:36:04	CC_BY_NC_4_0	Igor Khomenko	Igor Khomenko			2025-01-14T12:40:33.182Z	StillImage	COORDINATE_ROUNDED;CONTINENT_DERIVED_FROM_COORDINATES;TAXON_MATCH_TAXON_ID_IGNORED
4177369803	50c9509d-22c7-4a22-a47d-8c48425ef4a7	https://www.inaturalist.org/observations/178457282	Fungi	Basidiomycota	Agaricomycetes	Sebacinales	Sebacinaceae	Sebacina	Sebacina sparassoidea		SPECIES	Sebacina sparassoidea (Lloyd) P.Roberts	Sebacina sparassoidea		CA		Ontario	PRESENT		28eb1a3f-1c15-4a95-931a-4af90ecb574d	45.110002	-74.730951	27222.0						2023-08-14T19:47:12	14	8	2023	2522103	2522103	HUMAN_OBSERVATION	iNaturalist	Observations	178457282		Lissa Deslandes	2023-08-15T00:33:32	CC_BY_NC_4_0	Lissa Deslandes	Lissa Deslandes			2025-01-14T13:26:25.233Z	StillImage	COORDINATE_ROUNDED;CONTINENT_DERIVED_FROM_COORDINATES;TAXON_MATCH_TAXON_ID_IGNORED
4177267112	50c9509d-22c7-4a22-a47d-8c48425ef4a7	https://www.inaturalist.org/observations/177997942	Fungi	Basidiomycota	Agaricomycetes	Sebacinales	Sebacinaceae	Sebacina	Sebacina sparassoidea		SPECIES	Sebacina sparassoidea (Lloyd) P.Roberts	Sebacina sparassoidea		CA		Ontario	PRESENT		28eb1a3f-1c15-4a95-931a-4af90ecb574d	45.340371	-75.921737	85.0						2023-08-12T10:46:39	12	8	2023	2522103	2522103	HUMAN_OBSERVATION	iNaturalist	Observations	177997942		tetwellcwf	2023-08-12T14:47:23	CC_BY_NC_4_0	tetwellcwf	tetwellcwf			2025-01-14T12:38:03.004Z	StillImage	COORDINATE_ROUNDED;CONTINENT_DERIVED_FROM_COORDINATES;TAXON_MATCH_TAXON_ID_IGNORED
4177256241	50c9509d-22c7-4a22-a47d-8c48425ef4a7	https://www.inaturalist.org/observations/178003312	Fungi	Basidiomycota	Agaricomycetes	Sebacinales	Sebacinaceae	Sebacina	Sebacina sparassoidea		SPECIES	Sebacina sparassoidea (Lloyd) P.Roberts	Sebacina sparassoidea		CA		Ontario	PRESENT		28eb1a3f-1c15-4a95-931a-4af90ecb574d	45.066149	-76.392004	1227.0						2023-08-12T11:18:56	12	8	2023	2522103	2522103	HUMAN_OBSERVATION	iNaturalist	Observations	178003312		jesspaquette	2023-08-12T15:20:04	CC_BY_NC_4_0	jesspaquette	jesspaquette			2025-01-14T12:40:03.871Z	StillImage	COORDINATE_ROUNDED;CONTINENT_DERIVED_FROM_COORDINATES;TAXON_MATCH_TAXON_ID_IGNORED
4165346362	50c9509d-22c7-4a22-a47d-8c48425ef4a7	https://www.inaturalist.org/observations/136084459	Fungi	Basidiomycota	Agaricomycetes	Sebacinales	Sebacinaceae	Sebacina	Sebacina sparassoidea		SPECIES	Sebacina sparassoidea (Lloyd) P.Roberts	Sebacina sparassoidea		CA		Ontario	PRESENT		28eb1a3f-1c15-4a95-931a-4af90ecb574d	45.149636	-75.397613	5.0						2022-09-20T11:15:14	20	9	2022	2522103	2522103	HUMAN_OBSERVATION	iNaturalist	Observations	136084459		Ariel Bonkoski	2022-09-22T21:54:15	CC_BY_NC_4_0	Randy	Randy			2025-01-14T13:17:33.787Z	StillImage	COORDINATE_ROUNDED;CONTINENT_DERIVED_FROM_COORDINATES;TAXON_MATCH_TAXON_ID_IGNORED
4162543800	50c9509d-22c7-4a22-a47d-8c48425ef4a7	https://www.inaturalist.org/observations/173461265	Fungi	Basidiomycota	Agaricomycetes	Sebacinales	Sebacinaceae	Sebacina	Sebacina sparassoidea		SPECIES	Sebacina sparassoidea (Lloyd) P.Roberts	Sebacina sparassoidea		CA		Ontario	PRESENT		28eb1a3f-1c15-4a95-931a-4af90ecb574d	45.240147	-76.215442	343.0						2023-07-17T11:43	17	7	2023	2522103	2522103	HUMAN_OBSERVATION	iNaturalist	Observations	173461265		Igor Khomenko	2023-07-17T18:50:22	CC_BY_NC_4_0	Igor Khomenko	Igor Khomenko			2025-01-14T13:30:51.334Z	StillImage	COORDINATE_ROUNDED;CONTINENT_DERIVED_FROM_COORDINATES;TAXON_MATCH_TAXON_ID_IGNORED
4129914346	50c9509d-22c7-4a22-a47d-8c48425ef4a7	https://www.inaturalist.org/observations/57368964	Fungi	Basidiomycota	Agaricomycetes	Sebacinales	Sebacinaceae	Sebacina	Sebacina sparassoidea		SPECIES	Sebacina sparassoidea (Lloyd) P.Roberts	Sebacina sparassoidea		CA		Ontario	PRESENT		28eb1a3f-1c15-4a95-931a-4af90ecb574d	45.422815	-75.697193	67314.0						2020-08-23T08:51:35	23	8	2020	2522103	2522103	HUMAN_OBSERVATION	iNaturalist	Observations	57368964		James Kameron Mitchell	2020-08-23T22:38:08	CC_BY_NC_4_0	sacics	sacics			2025-01-14T13:05:21.967Z	StillImage	COORDINATE_ROUNDED;CONTINENT_DERIVED_FROM_COORDINATES;TAXON_MATCH_TAXON_ID_IGNORED
4121126455	50c9509d-22c7-4a22-a47d-8c48425ef4a7	https://www.inaturalist.org/observations/130513524	Fungi	Basidiomycota	Agaricomycetes	Sebacinales	Sebacinaceae	Sebacina	Sebacina sparassoidea		SPECIES	Sebacina sparassoidea (Lloyd) P.Roberts	Sebacina sparassoidea		CA		Québec	PRESENT		28eb1a3f-1c15-4a95-931a-4af90ecb574d	45.62484	-73.470427	5.0						2022-08-12T12:22:31	12	8	2022	2522103	2522103	HUMAN_OBSERVATION	iNaturalist	Observations	130513524		Ariel Bonkoski	2022-08-15T06:46:46	CC_BY_NC_4_0	LauraJBS	LauraJBS			2025-01-14T13:24:48.296Z	StillImage	COORDINATE_ROUNDED;CONTINENT_DERIVED_FROM_COORDINATES;TAXON_MATCH_TAXON_ID_IGNORED
4080543459	50c9509d-22c7-4a22-a47d-8c48425ef4a7	https://www.inaturalist.org/observations/133854202	Fungi	Basidiomycota	Agaricomycetes	Sebacinales	Sebacinaceae	Sebacina	Sebacina sparassoidea		SPECIES	Sebacina sparassoidea (Lloyd) P.Roberts	Sebacina sparassoidea		CA		Ontario	PRESENT		28eb1a3f-1c15-4a95-931a-4af90ecb574d	45.334905	-75.724101	3934.0						2022-09-05T12:56	5	9	2022	2522103	2522103	HUMAN_OBSERVATION	iNaturalist	Observations	133854202		Ariel Bonkoski	2023-04-08T02:58:37	CC_BY_NC_4_0	clearbrookmlb	clearbrookmlb			2025-01-14T12:31:38.417Z	StillImage	COORDINATE_ROUNDED;CONTINENT_DERIVED_FROM_COORDINATES;TAXON_MATCH_TAXON_ID_IGNORED
3947393328	50c9509d-22c7-4a22-a47d-8c48425ef4a7	https://www.inaturalist.org/observations/27673090	Fungi	Basidiomycota	Agaricomycetes	Sebacinales	Sebacinaceae	Sebacina	Sebacina sparassoidea		SPECIES	Sebacina sparassoidea (Lloyd) P.Roberts	Sebacina sparassoidea		CA		Québec	PRESENT		28eb1a3f-1c15-4a95-931a-4af90ecb574d	45.4833	-75.811046	61.0						2018-08-23T10:56	23	8	2018	2522103	2522103	HUMAN_OBSERVATION	iNaturalist	Observations	27673090		Alexis Williams	2020-01-03T01:04:14	CC_BY_4_0	Alexis Williams	Alexis Williams			2025-01-14T13:03:23.730Z	StillImage	COORDINATE_ROUNDED;CONTINENT_DERIVED_FROM_COORDINATES;TAXON_MATCH_TAXON_ID_IGNORED
3925457414	50c9509d-22c7-4a22-a47d-8c48425ef4a7	https://www.inaturalist.org/observations/88843058	Fungi	Basidiomycota	Agaricomycetes	Sebacinales	Sebacinaceae	Sebacina	Sebacina sparassoidea		SPECIES	Sebacina sparassoidea (Lloyd) P.Roberts	Sebacina sparassoidea		CA		Québec	PRESENT		28eb1a3f-1c15-4a95-931a-4af90ecb574d	45.324556	-72.018925	7.0						2021-07-27T13:35:42	27	7	2021	2522103	2522103	HUMAN_OBSERVATION	iNaturalist	Observations	88843058		Gaby Beland	2021-07-28T02:22:05	CC_BY_NC_4_0	Terry Newman	Terry Newman			2025-01-14T13:22:29.632Z	StillImage	COORDINATE_ROUNDED;CONTINENT_DERIVED_FROM_COORDINATES;TAXON_MATCH_TAXON_ID_IGNORED
3925433549	50c9509d-22c7-4a22-a47d-8c48425ef4a7	https://www.inaturalist.org/observations/129061963	Fungi	Basidiomycota	Agaricomycetes	Sebacinales	Sebacinaceae	Sebacina	Sebacina sparassoidea		SPECIES	Sebacina sparassoidea (Lloyd) P.Roberts	Sebacina sparassoidea		CA		Ontario	PRESENT		28eb1a3f-1c15-4a95-931a-4af90ecb574d	45.508245	-75.455096	400.0						2022-08-01T14:57	1	8	2022	2522103	2522103	HUMAN_OBSERVATION	iNaturalist	Observations	129061963		jonathan_mack	2022-08-01T23:42:10	CC_BY_NC_4_0	jonathan_mack	jonathan_mack			2025-01-14T13:15:19.301Z	StillImage	COORDINATE_ROUNDED;CONTINENT_DERIVED_FROM_COORDINATES;TAXON_MATCH_TAXON_ID_IGNORED
3925188606	50c9509d-22c7-4a22-a47d-8c48425ef4a7	https://www.inaturalist.org/observations/133662656	Fungi	Basidiomycota	Agaricomycetes	Sebacinales	Sebacinaceae	Sebacina	Sebacina sparassoidea		SPECIES	Sebacina sparassoidea (Lloyd) P.Roberts	Sebacina sparassoidea		CA		Québec	PRESENT		28eb1a3f-1c15-4a95-931a-4af90ecb574d	45.190617	-72.61798	13.0						2022-09-04T14:09:28	4	9	2022	2522103	2522103	HUMAN_OBSERVATION	iNaturalist	Observations	133662656		piskomantis	2022-09-04T19:48:00	CC_BY_NC_4_0	piskomantis	piskomantis			2025-01-14T13:25:37.076Z	StillImage	COORDINATE_ROUNDED;CONTINENT_DERIVED_FROM_COORDINATES;TAXON_MATCH_TAXON_ID_IGNORED
3925116649	50c9509d-22c7-4a22-a47d-8c48425ef4a7	https://www.inaturalist.org/observations/134212146	Fungi	Basidiomycota	Agaricomycetes	Sebacinales	Sebacinaceae	Sebacina	Sebacina sparassoidea		SPECIES	Sebacina sparassoidea (Lloyd) P.Roberts	Sebacina sparassoidea		CA		New Brunswick	PRESENT		28eb1a3f-1c15-4a95-931a-4af90ecb574d	45.478232	-66.337649	27158.0						2022-09-08T10:19:44	8	9	2022	2522103	2522103	HUMAN_OBSERVATION	iNaturalist	Observations	134212146		Damien Mullin	2022-09-08T19:51:25	CC_BY_4_0	Damien Mullin	Damien Mullin			2025-01-14T12:32:07.584Z	StillImage	COORDINATE_ROUNDED;CONTINENT_DERIVED_FROM_COORDINATES;TAXON_MATCH_TAXON_ID_IGNORED
3925088431	50c9509d-22c7-4a22-a47d-8c48425ef4a7	https://www.inaturalist.org/observations/94346172	Fungi	Basidiomycota	Agaricomycetes	Sebacinales	Sebacinaceae	Sebacina	Sebacina sparassoidea		SPECIES	Sebacina sparassoidea (Lloyd) P.Roberts	Sebacina sparassoidea		CA		Québec	PRESENT		28eb1a3f-1c15-4a95-931a-4af90ecb574d	45.59439	-75.092544	54.0						2021-09-10T13:20:06	10	9	2021	2522103	2522103	HUMAN_OBSERVATION	iNaturalist	Observations	94346172		Myca	2021-09-10T17:39:49	CC_BY_NC_4_0	Myca	Myca			2025-01-14T12:24:24.975Z	StillImage	COORDINATE_ROUNDED;CONTINENT_DERIVED_FROM_COORDINATES;TAXON_MATCH_TAXON_ID_IGNORED
3925087640	50c9509d-22c7-4a22-a47d-8c48425ef4a7	https://www.inaturalist.org/observations/133746953	Fungi	Basidiomycota	Agaricomycetes	Sebacinales	Sebacinaceae	Sebacina	Sebacina sparassoidea		SPECIES	Sebacina sparassoidea (Lloyd) P.Roberts	Sebacina sparassoidea		CA		New Brunswick	PRESENT		28eb1a3f-1c15-4a95-931a-4af90ecb574d	45.487167	-65.908263	9.0						2022-09-01T18:46:42	1	9	2022	2522103	2522103	HUMAN_OBSERVATION	iNaturalist	Observations	133746953		Todd Ross	2022-09-05T11:34:16	CC_BY_NC_4_0	Todd Ross	Todd Ross			2025-01-14T13:25:29.956Z	StillImage	COORDINATE_ROUNDED;CONTINENT_DERIVED_FROM_COORDINATES;TAXON_MATCH_TAXON_ID_IGNORED
3925079615	50c9509d-22c7-4a22-a47d-8c48425ef4a7	https://www.inaturalist.org/observations/133193701	Fungi	Basidiomycota	Agaricomycetes	Sebacinales	Sebacinaceae	Sebacina	Sebacina sparassoidea		SPECIES	Sebacina sparassoidea (Lloyd) P.Roberts	Sebacina sparassoidea		CA		Ontario	PRESENT		28eb1a3f-1c15-4a95-931a-4af90ecb574d	45.340241	-75.933242	5.0						2022-09-01T07:50:57	1	9	2022	2522103	2522103	HUMAN_OBSERVATION	iNaturalist	Observations	133193701		tetwellcwf	2022-09-01T11:52:51	CC_BY_NC_4_0	tetwellcwf	tetwellcwf			2025-01-14T12:33:01.872Z	StillImage	COORDINATE_ROUNDED;CONTINENT_DERIVED_FROM_COORDINATES;TAXON_MATCH_TAXON_ID_IGNORED
3915284733	50c9509d-22c7-4a22-a47d-8c48425ef4a7	https://www.inaturalist.org/observations/135959243	Fungi	Basidiomycota	Agaricomycetes	Sebacinales	Sebacinaceae	Sebacina	Sebacina sparassoidea		SPECIES	Sebacina sparassoidea (Lloyd) P.Roberts	Sebacina sparassoidea		CA		Ontario	PRESENT		28eb1a3f-1c15-4a95-931a-4af90ecb574d	45.421807	-75.697193	37425.0						2022-09-19T17:37:35	19	9	2022	2522103	2522103	HUMAN_OBSERVATION	iNaturalist	Observations	135959243		sacics	2022-09-21T20:23:03	CC_BY_NC_4_0	sacics	sacics			2025-01-14T13:25:25.931Z	StillImage	COORDINATE_ROUNDED;CONTINENT_DERIVED_FROM_COORDINATES;TAXON_MATCH_TAXON_ID_IGNORED
3912296214	50c9509d-22c7-4a22-a47d-8c48425ef4a7	https://www.inaturalist.org/observations/135717008	Fungi	Basidiomycota	Agaricomycetes	Sebacinales	Sebacinaceae	Sebacina	Sebacina sparassoidea		SPECIES	Sebacina sparassoidea (Lloyd) P.Roberts	Sebacina sparassoidea		CA		Ontario	PRESENT		28eb1a3f-1c15-4a95-931a-4af90ecb574d	45.31653	-75.713063	40.0						2022-09-19T17:11:12	19	9	2022	2522103	2522103	HUMAN_OBSERVATION	iNaturalist	Observations	135717008		Ariel Bonkoski	2022-09-20T03:44:35	CC_BY_NC_4_0	Maria Bastas	Maria Bastas			2025-01-14T12:32:17.935Z	StillImage	COORDINATE_ROUNDED;CONTINENT_DERIVED_FROM_COORDINATES;TAXON_MATCH_TAXON_ID_IGNORED
3912221016	50c9509d-22c7-4a22-a47d-8c48425ef4a7	https://www.inaturalist.org/observations/135422488	Fungi	Basidiomycota	Agaricomycetes	Sebacinales	Sebacinaceae	Sebacina	Sebacina sparassoidea		SPECIES	Sebacina sparassoidea (Lloyd) P.Roberts	Sebacina sparassoidea		CA		Ontario	PRESENT		28eb1a3f-1c15-4a95-931a-4af90ecb574d	45.234408	-76.207878	8.0						2022-09-17T13:04:07	17	9	2022	2522103	2522103	HUMAN_OBSERVATION	iNaturalist	Observations	135422488		botany_bugs_and_beasts_oh_my	2022-09-17T20:00:23	CC_BY_NC_4_0	botany_bugs_and_beasts_oh_my	botany_bugs_and_beasts_oh_my			2025-01-14T13:25:32.496Z	StillImage	COORDINATE_ROUNDED;CONTINENT_DERIVED_FROM_COORDINATES;TAXON_MATCH_TAXON_ID_IGNORED
3903521504	50c9509d-22c7-4a22-a47d-8c48425ef4a7	https://www.inaturalist.org/observations/133990792	Fungi	Basidiomycota	Agaricomycetes	Sebacinales	Sebacinaceae	Sebacina	Sebacina sparassoidea		SPECIES	Sebacina sparassoidea (Lloyd) P.Roberts	Sebacina sparassoidea		CA		Ontario	PRESENT		28eb1a3f-1c15-4a95-931a-4af90ecb574d	45.455358	-75.545937	31.0						2022-09-05T14:09	5	9	2022	2522103	2522103	HUMAN_OBSERVATION	iNaturalist	Observations	133990792		jonathan_mack	2022-09-07T01:51:56	CC_BY_NC_4_0	jonathan_mack	jonathan_mack			2025-01-14T13:25:19.577Z	StillImage	COORDINATE_ROUNDED;CONTINENT_DERIVED_FROM_COORDINATES;TAXON_MATCH_TAXON_ID_IGNORED
3903133141	50c9509d-22c7-4a22-a47d-8c48425ef4a7	https://www.inaturalist.org/observations/133341202	Fungi	Basidiomycota	Agaricomycetes	Sebacinales	Sebacinaceae	Sebacina	Sebacina sparassoidea		SPECIES	Sebacina sparassoidea (Lloyd) P.Roberts	Sebacina sparassoidea		CA		Ontario	PRESENT		28eb1a3f-1c15-4a95-931a-4af90ecb574d	45.340395	-75.921683	5.0						2022-09-02T10:22:09	2	9	2022	2522103	2522103	HUMAN_OBSERVATION	iNaturalist	Observations	133341202		meswift	2022-09-02T15:15:17	CC_BY_NC_4_0	meswift	meswift			2025-01-14T12:31:34.846Z	StillImage	COORDINATE_ROUNDED;CONTINENT_DERIVED_FROM_COORDINATES;TAXON_MATCH_TAXON_ID_IGNORED
3902868200	50c9509d-22c7-4a22-a47d-8c48425ef4a7	https://www.inaturalist.org/observations/133150701	Fungi	Basidiomycota	Agaricomycetes	Sebacinales	Sebacinaceae	Sebacina	Sebacina sparassoidea		SPECIES	Sebacina sparassoidea (Lloyd) P.Roberts	Sebacina sparassoidea		CA		New Brunswick	PRESENT		28eb1a3f-1c15-4a95-931a-4af90ecb574d	45.549359	-65.019879	122.0						2022-08-30T10:24	30	8	2022	2522103	2522103	HUMAN_OBSERVATION	iNaturalist	Observations	133150701		Alfredo Justo	2022-09-01T00:34:53	CC_BY_NC_4_0	Alfredo Justo	Alfredo Justo			2025-01-14T12:31:37.523Z	StillImage	COORDINATE_ROUNDED;CONTINENT_DERIVED_FROM_COORDINATES;TAXON_MATCH_TAXON_ID_IGNORED
3892336681	50c9509d-22c7-4a22-a47d-8c48425ef4a7	https://www.inaturalist.org/observations/130307566	Fungi	Basidiomycota	Agaricomycetes	Sebacinales	Sebacinaceae	Sebacina	Sebacina sparassoidea		SPECIES	Sebacina sparassoidea (Lloyd) P.Roberts	Sebacina sparassoidea		CA		Ontario	PRESENT		28eb1a3f-1c15-4a95-931a-4af90ecb574d	45.204538	-76.22431	370.0						2022-08-09T08:17	9	8	2022	2522103	2522103	HUMAN_OBSERVATION	iNaturalist	Observations	130307566		Ken Allison	2022-08-10T23:06:54	CC_BY_NC_4_0	Ken Allison	Ken Allison			2025-01-14T12:32:59.767Z	StillImage	COORDINATE_ROUNDED;CONTINENT_DERIVED_FROM_COORDINATES;TAXON_MATCH_TAXON_ID_IGNORED
3892276043	50c9509d-22c7-4a22-a47d-8c48425ef4a7	https://www.inaturalist.org/observations/130840241	Fungi	Basidiomycota	Agaricomycetes	Sebacinales	Sebacinaceae	Sebacina	Sebacina sparassoidea		SPECIES	Sebacina sparassoidea (Lloyd) P.Roberts	Sebacina sparassoidea		CA		New Brunswick	PRESENT		28eb1a3f-1c15-4a95-931a-4af90ecb574d	45.95678	-66.665121	289.0						2022-08-14T14:29:42	14	8	2022	2522103	2522103	HUMAN_OBSERVATION	iNaturalist	Observations	130840241		davidenrique	2022-08-14T21:33:01	CC_BY_NC_4_0	lichennoel	lichennoel			2025-01-14T12:31:26.276Z	StillImage	COORDINATE_ROUNDED;CONTINENT_DERIVED_FROM_COORDINATES;TAXON_MATCH_TAXON_ID_IGNORED
3772747332	50c9509d-22c7-4a22-a47d-8c48425ef4a7	https://www.inaturalist.org/observations/32388457	Fungi	Basidiomycota	Agaricomycetes	Sebacinales	Sebacinaceae	Sebacina	Sebacina sparassoidea		SPECIES	Sebacina sparassoidea (Lloyd) P.Roberts	Sebacina sparassoidea		CA		Québec	PRESENT		28eb1a3f-1c15-4a95-931a-4af90ecb574d	45.488893	-75.629412	65.0						2019-09-08T14:34	8	9	2019	2522103	2522103	HUMAN_OBSERVATION	iNaturalist	Observations	32388457		jonathan_mack	2020-01-03T01:04:23	CC_BY_NC_4_0	jonathan_mack	jonathan_mack			2025-01-14T12:10:31.835Z	StillImage	COORDINATE_ROUNDED;CONTINENT_DERIVED_FROM_COORDINATES;TAXON_MATCH_TAXON_ID_IGNORED
3772617350	50c9509d-22c7-4a22-a47d-8c48425ef4a7	https://www.inaturalist.org/observations/55323463	Fungi	Basidiomycota	Agaricomycetes	Sebacinales	Sebacinaceae	Sebacina	Sebacina sparassoidea		SPECIES	Sebacina sparassoidea (Lloyd) P.Roberts	Sebacina sparassoidea		CA		Québec	PRESENT		28eb1a3f-1c15-4a95-931a-4af90ecb574d	45.595692	-75.87072	48.0						2020-08-03T14:34:06	3	8	2020	2522103	2522103	HUMAN_OBSERVATION	iNaturalist	Observations	55323463		James Kameron Mitchell	2020-08-07T02:26:28	CC_BY_NC_4_0	bobtyler	bobtyler			2025-01-14T12:14:05.752Z	StillImage	COORDINATE_ROUNDED;CONTINENT_DERIVED_FROM_COORDINATES;TAXON_MATCH_TAXON_ID_IGNORED
3759176487	50c9509d-22c7-4a22-a47d-8c48425ef4a7	https://www.inaturalist.org/observations/59399091	Fungi	Basidiomycota	Agaricomycetes	Sebacinales	Sebacinaceae	Sebacina	Sebacina sparassoidea		SPECIES	Sebacina sparassoidea (Lloyd) P.Roberts	Sebacina sparassoidea		CA		Ontario	PRESENT		28eb1a3f-1c15-4a95-931a-4af90ecb574d	45.455317	-75.545953	40.0						2020-09-12T14:18	12	9	2020	2522103	2522103	HUMAN_OBSERVATION	iNaturalist	Observations	59399091		jonathan_mack	2020-09-13T01:44:07	CC_BY_NC_4_0	jonathan_mack	jonathan_mack			2025-01-14T12:14:40.860Z	StillImage	COORDINATE_ROUNDED;CONTINENT_DERIVED_FROM_COORDINATES;TAXON_MATCH_TAXON_ID_IGNORED
3018072500	50c9509d-22c7-4a22-a47d-8c48425ef4a7	https://www.inaturalist.org/observations/57819402	Fungi	Basidiomycota	Agaricomycetes	Sebacinales	Sebacinaceae	Sebacina	Sebacina sparassoidea		SPECIES	Sebacina sparassoidea (Lloyd) P.Roberts	Sebacina sparassoidea		CA		Québec	PRESENT		28eb1a3f-1c15-4a95-931a-4af90ecb574d	45.633614	-75.909443							2020-08-12T10:42	12	8	2020	2522103	2522103	HUMAN_OBSERVATION	iNaturalist	Observations	57819402		Bruce Taylor	2020-08-28T11:56:56	CC_BY_4_0	Bruce Taylor	Bruce Taylor			2025-01-14T13:10:00.959Z	StillImage	COORDINATE_ROUNDED;CONTINENT_DERIVED_FROM_COORDINATES;TAXON_MATCH_TAXON_ID_IGNORED
2850693897	50c9509d-22c7-4a22-a47d-8c48425ef4a7	https://www.inaturalist.org/observations/55810735	Fungi	Basidiomycota	Agaricomycetes	Sebacinales	Sebacinaceae	Sebacina	Sebacina sparassoidea		SPECIES	Sebacina sparassoidea (Lloyd) P.Roberts	Sebacina sparassoidea		CA		Québec	PRESENT		28eb1a3f-1c15-4a95-931a-4af90ecb574d	48.612194	-68.106079	4277.0						2020-08-08T12:27	8	8	2020	2522103	2522103	HUMAN_OBSERVATION	iNaturalist	Observations	55810735		James Kameron Mitchell	2020-08-11T07:27:37	CC_BY_NC_4_0	stumple	stumple			2025-01-14T12:14:20.945Z	StillImage	COORDINATE_ROUNDED;CONTINENT_DERIVED_FROM_COORDINATES;TAXON_MATCH_TAXON_ID_IGNORED
2802799372	50c9509d-22c7-4a22-a47d-8c48425ef4a7	https://www.inaturalist.org/observations/16377479	Fungi	Basidiomycota	Agaricomycetes	Sebacinales	Sebacinaceae	Sebacina	Sebacina sparassoidea		SPECIES	Sebacina sparassoidea (Lloyd) P.Roberts	Sebacina sparassoidea		CA		Ontario	PRESENT		28eb1a3f-1c15-4a95-931a-4af90ecb574d	45.507285	-75.455436	500.0						2015-08-29T14:52	29	8	2015	2522103	2522103	HUMAN_OBSERVATION	iNaturalist	Observations	16377479		jonathan_mack	2020-01-03T01:03:49	CC_BY_NC_4_0	jonathan_mack	jonathan_mack			2025-01-14T12:05:51.579Z	StillImage	COORDINATE_ROUNDED;CONTINENT_DERIVED_FROM_COORDINATES;TAXON_MATCH_TAXON_ID_IGNORED
1847644460	50c9509d-22c7-4a22-a47d-8c48425ef4a7	https://www.inaturalist.org/observations/9570580	Fungi	Basidiomycota	Agaricomycetes	Sebacinales	Sebacinaceae	Sebacina	Sebacina sparassoidea		SPECIES	Sebacina sparassoidea (Lloyd) P.Roberts	Sebacina sparassoidea		CA		Québec	PRESENT		28eb1a3f-1c15-4a95-931a-4af90ecb574d	46.8691	-71.64065	1281.0						1998-09-06	6	9	1998	2522103	2522103	HUMAN_OBSERVATION	iNaturalist	Observations	9570580		mycowalt	2018-01-23T05:49:27	CC_BY_NC_4_0	mycowalt	mycowalt			2025-01-14T12:04:22.963Z	StillImage	CONTINENT_DERIVED_FROM_COORDINATES;TAXON_MATCH_TAXON_ID_IGNORED
1668849611	50c9509d-22c7-4a22-a47d-8c48425ef4a7	https://www.inaturalist.org/observations/8062862	Fungi	Basidiomycota	Agaricomycetes	Sebacinales	Sebacinaceae	Sebacina	Sebacina sparassoidea		SPECIES	Sebacina sparassoidea (Lloyd) P.Roberts	Sebacina sparassoidea		CA		Ontario	PRESENT		28eb1a3f-1c15-4a95-931a-4af90ecb574d	45.034826	-75.176007							2017-09-06T12:13	6	9	2017	2522103	2522103	HUMAN_OBSERVATION	iNaturalist	Observations	8062862		Joan Knapp	2017-09-24T01:09:00	CC_BY_NC_4_0	brianbarkley	brianbarkley			2025-01-14T12:04:47.589Z	StillImage	COORDINATE_ROUNDED;CONTINENT_DERIVED_FROM_COORDINATES;TAXON_MATCH_TAXON_ID_IGNORED
1640120339	50c9509d-22c7-4a22-a47d-8c48425ef4a7	https://www.inaturalist.org/observations/7876405	Fungi	Basidiomycota	Agaricomycetes	Sebacinales	Sebacinaceae	Sebacina	Sebacina sparassoidea		SPECIES	Sebacina sparassoidea (Lloyd) P.Roberts	Sebacina sparassoidea		CA		Québec	PRESENT		28eb1a3f-1c15-4a95-931a-4af90ecb574d	45.474669	-75.82405							2017-09-10T19:37	10	9	2017	2522103	2522103	HUMAN_OBSERVATION	iNaturalist	Observations	7876405		phroxian	2020-01-03T01:02:59	CC_BY_NC_4_0	serguei	serguei			2025-01-14T12:03:52.734Z	StillImage	CONTINENT_DERIVED_FROM_COORDINATES;TAXON_MATCH_TAXON_ID_IGNORED
1412709029	21705170-d2b6-42de-8904-c3bca4b83591	CMMF017563	Fungi	Basidiomycota	Agaricomycetes	Sebacinales	Sebacinaceae	Sebacina	Sebacina sparassoidea		SPECIES	Tremella reticulata (Berk.) Farl.	Tremella reticulata (Berk.) Farl.	(Berk.) Farl.	CA	Île des Soeurs, Québec.	Québec	PRESENT		ff7bd5db-b724-4932-b496-10ea298851f9	45.461124	-73.547316	2000.0						1981-08-13	13	8	1981	5468081	2522103	PRESERVED_SPECIMEN	Université de Montréal Biodiversity Centre	CMMF	CMMF017563	1981-222	Cyr, A.		CC0_1_0	Université de Montréal Biodiversity Centre	Cyr, A.			2024-01-24T16:38:15.798Z		INSTITUTION_MATCH_FUZZY;COLLECTION_MATCH_FUZZY;DIFFERENT_OWNER_INSTITUTION
1412707278	21705170-d2b6-42de-8904-c3bca4b83591	CMMF015656	Fungi	Basidiomycota	Agaricomycetes	Sebacinales	Sebacinaceae	Sebacina	Sebacina sparassoidea		SPECIES	Tremella reticulata (Berk.) Farl.	Tremella reticulata (Berk.) Farl.	(Berk.) Farl.	CA	Rang Saint-Martin, Chicoutimi, Québec.	Québec	PRESENT		ff7bd5db-b724-4932-b496-10ea298851f9	48.42951	-70.956161	6000.0						1992-08-06	6	8	1992	5468081	2522103	PRESERVED_SPECIMEN	Université de Montréal Biodiversity Centre	CMMF	CMMF015656	421	Guérin, Gérard		CC0_1_0	Université de Montréal Biodiversity Centre	Guérin, Gérard			2024-01-24T16:38:16.341Z	StillImage	INSTITUTION_MATCH_FUZZY;COLLECTION_MATCH_FUZZY;DIFFERENT_OWNER_INSTITUTION
1412707050	21705170-d2b6-42de-8904-c3bca4b83591	CMMF015655	Fungi	Basidiomycota	Agaricomycetes	Sebacinales	Sebacinaceae	Sebacina	Sebacina sparassoidea		SPECIES	Tremella reticulata (Berk.) Farl.	Tremella reticulata (Berk.) Farl.	(Berk.) Farl.	CA	Rang Saint-Martin, Chicoutimi, Québec.	Québec	PRESENT		ff7bd5db-b724-4932-b496-10ea298851f9	48.42951	-70.956161	6000.0						1984-08-24	24	8	1984	5468081	2522103	PRESERVED_SPECIMEN	Université de Montréal Biodiversity Centre	CMMF	CMMF015655	420	Guérin, Gérard		CC0_1_0	Université de Montréal Biodiversity Centre	Guérin, Gérard			2024-01-24T16:38:16.339Z	StillImage	INSTITUTION_MATCH_FUZZY;COLLECTION_MATCH_FUZZY;DIFFERENT_OWNER_INSTITUTION
1135070913	21705170-d2b6-42de-8904-c3bca4b83591	CMMF009489	Fungi	Basidiomycota	Agaricomycetes	Sebacinales	Sebacinaceae	Sebacina	Sebacina sparassoidea		SPECIES	Tremella reticulata (Berk.) Farl.	Tremella reticulata (Berk.) Farl.	(Berk.) Farl.	CA	Chemin Chapelle, Lac-Beauport.	Québec	PRESENT		ff7bd5db-b724-4932-b496-10ea298851f9	46.949281	-71.284722	250.0						2007-07-08	8	7	2007	5468081	2522103	PRESERVED_SPECIMEN	Université de Montréal Biodiversity Centre	CMMF	CMMF009489	1073	Labrecque, Jacqueline		CC0_1_0	Université de Montréal Biodiversity Centre	Labrecque, Jacqueline			2024-01-24T16:38:21.680Z		INSTITUTION_MATCH_FUZZY;COLLECTION_MATCH_FUZZY;DIFFERENT_OWNER_INSTITUTION
1135069219	21705170-d2b6-42de-8904-c3bca4b83591	CMMF007731	Fungi	Basidiomycota	Agaricomycetes	Sebacinales	Sebacinaceae	Sebacina	Sebacina sparassoidea		SPECIES	Tremella reticulata (Berk.) Farl.	Tremella reticulata (Berk.) Farl.	(Berk.) Farl.	CA	Ste-Ursule (Parc)	Québec	PRESENT		ff7bd5db-b724-4932-b496-10ea298851f9	46.300683	-73.096083	100.0						1984-08-07	7	8	1984	5468081	2522103	PRESERVED_SPECIMEN	Université de Montréal Biodiversity Centre	CMMF	CMMF007731	1646	McNeil, Raymond		CC0_1_0	Université de Montréal Biodiversity Centre	McNeil, Raymond			2024-01-24T16:38:16.133Z	StillImage	COORDINATE_ROUNDED;INSTITUTION_MATCH_FUZZY;COLLECTION_MATCH_FUZZY;DIFFERENT_OWNER_INSTITUTION
1135067295	21705170-d2b6-42de-8904-c3bca4b83591	CMMF005811	Fungi	Basidiomycota	Agaricomycetes	Sebacinales	Sebacinaceae	Sebacina	Sebacina sparassoidea		SPECIES	Tremella reticulata (Berk.) Farl.	Tremella reticulata (Berk.) Farl.	(Berk.) Farl.	CA	Châteauguay (Centre écologique Fernand-Seguin)	Québec	PRESENT		ff7bd5db-b724-4932-b496-10ea298851f9	45.33983	-73.773917	100.0						2010-08-06	6	8	2010	5468081	2522103	PRESERVED_SPECIMEN	Université de Montréal Biodiversity Centre	CMMF	CMMF005811	C3687	McNeil, Raymond		CC0_1_0	Université de Montréal Biodiversity Centre	McNeil, Raymond			2024-01-24T16:38:16.686Z	StillImage	COORDINATE_ROUNDED;INSTITUTION_MATCH_FUZZY;COLLECTION_MATCH_FUZZY;DIFFERENT_OWNER_INSTITUTION
1135067289	21705170-d2b6-42de-8904-c3bca4b83591	CMMF005812	Fungi	Basidiomycota	Agaricomycetes	Sebacinales	Sebacinaceae	Sebacina	Sebacina sparassoidea		SPECIES	Tremella reticulata (Berk.) Farl.	Tremella reticulata (Berk.) Farl.	(Berk.) Farl.	CA	Châteauguay (Centre écologique Fernand-Seguin)	Québec	PRESENT		ff7bd5db-b724-4932-b496-10ea298851f9	45.33983	-73.773917	100.0						2008-07-19	19	7	2008	5468081	2522103	PRESERVED_SPECIMEN	Université de Montréal Biodiversity Centre	CMMF	CMMF005812	C3283	McNeil, Raymond		CC0_1_0	Université de Montréal Biodiversity Centre	McNeil, Raymond			2024-01-24T16:38:16.685Z	StillImage	COORDINATE_ROUNDED;INSTITUTION_MATCH_FUZZY;COLLECTION_MATCH_FUZZY;DIFFERENT_OWNER_INSTITUTION
1135067214	21705170-d2b6-42de-8904-c3bca4b83591	CMMF005749	Fungi	Basidiomycota	Agaricomycetes	Sebacinales	Sebacinaceae	Sebacina	Sebacina sparassoidea		SPECIES	Tremella reticulata (Berk.) Farl.	Tremella reticulata (Berk.) Farl.	(Berk.) Farl.	CA	Châteauguay (Centre écologique Fernand-Seguin)	Québec	PRESENT		ff7bd5db-b724-4932-b496-10ea298851f9	45.33983	-73.773917	100.0						2006-07-26	26	7	2006	5468081	2522103	PRESERVED_SPECIMEN	Université de Montréal Biodiversity Centre	CMMF	CMMF005749	C2829	McNeil, Raymond		CC0_1_0	Université de Montréal Biodiversity Centre	McNeil, Raymond			2024-01-24T16:38:16.608Z	StillImage	COORDINATE_ROUNDED;INSTITUTION_MATCH_FUZZY;COLLECTION_MATCH_FUZZY;DIFFERENT_OWNER_INSTITUTION
1024558932	21705170-d2b6-42de-8904-c3bca4b83591	CMMF004348	Fungi	Basidiomycota	Agaricomycetes	Sebacinales	Sebacinaceae	Sebacina	Sebacina sparassoidea		SPECIES	Tremella reticulata (Berk.) Farl.	Tremella reticulata (Berk.) Farl.	(Berk.) Farl.	CA	Réserve écologique du Boisé-des-Muir, Hinchinbrooke.	Québec	PRESENT		ff7bd5db-b724-4932-b496-10ea298851f9	45.084496	-74.116516	10.0						2012-07-30	30	7	2012	5468081	2522103	PRESERVED_SPECIMEN	Université de Montréal Biodiversity Centre	CMMF	CMMF004348	357	Langlois, Annabelle		CC0_1_0	Université de Montréal Biodiversity Centre	Langlois, Annabelle; Turgon, Jean-Pierre			2024-01-24T16:38:19.620Z	StillImage	INSTITUTION_MATCH_FUZZY;COLLECTION_MATCH_FUZZY;DIFFERENT_OWNER_INSTITUTION
