gbifID	datasetKey	occurrenceID	kingdom	phylum	class	order	family	genus	species	infraspecificEpithet	taxonRank	scientificName	verbatimScientificName	verbatimScientificNameAuthorship	countryCode	locality	stateProvince	occurrenceStatus	individualCount	publishingOrgKey	decimalLatitude	decimalLongitude	coordinateUncertaintyInMeters	coordinatePrecision	elevation	elevationAccuracy	depth	depthAccuracy	eventDate	day	month	year	taxonKey	speciesKey	basisOfRecord	institutionCode	collectionCode	catalogNumber	recordNumber	identifiedBy	dateIdentified	license	rightsHolder	recordedBy	typeStatus	establishmentMeans	lastInterpreted	mediaType	issue
617555704	21705170-d2b6-42de-8904-c3bca4b83591	CMMF000928	Fungi	Basidiomycota	Agaricomycetes	Agaricales	Tubariaceae	Hemistropharia	Hemistropharia albocrenulata		SPECIES	Pholiota albocrenulata (Peck) Sacc.	Pholiota albocrenulata (Peck) Sacc.	(Peck) Sacc.	CA	Saint-Joseph-du-Lac	Québec	PRESENT		ff7bd5db-b724-4932-b496-10ea298851f9	45.534465	-74.013251	5000.0						1990-06-22	22	6	1990	2529544	2529541	PRESERVED_SPECIMEN	Université de Montréal Biodiversity Centre	CMMF	CMMF000928		Lamoureux, Yves		CC0_1_0	Université de Montréal Biodiversity Centre	Lamoureux, Yves			2024-01-24T16:38:21.634Z	StillImage	INSTITUTION_MATCH_FUZZY;COLLECTION_MATCH_FUZZY;DIFFERENT_OWNER_INSTITUTION
617551737	21705170-d2b6-42de-8904-c3bca4b83591	CMMF002839	Fungi	Basidiomycota	Agaricomycetes	Agaricales	Tubariaceae	Hemistropharia	Hemistropharia albocrenulata		SPECIES	Pholiota albocrenulata (Peck) Sacc.	Pholiota albocrenulata (Peck) Sacc.	(Peck) Sacc.	CA	Saint-Bruno-de-Montarville	Québec	PRESENT		ff7bd5db-b724-4932-b496-10ea298851f9	45.526599	-73.344507	5500.0						1996-07-24	24	7	1996	2529544	2529541	PRESERVED_SPECIMEN	Université de Montréal Biodiversity Centre	CMMF	CMMF002839		Lamoureux, Yves		CC0_1_0	Université de Montréal Biodiversity Centre	Lamoureux, Yves			2024-01-24T16:38:20.635Z	StillImage	INSTITUTION_MATCH_FUZZY;COLLECTION_MATCH_FUZZY;DIFFERENT_OWNER_INSTITUTION
617548489	21705170-d2b6-42de-8904-c3bca4b83591	CMMF001424	Fungi	Basidiomycota	Agaricomycetes	Agaricales	Tubariaceae	Hemistropharia	Hemistropharia albocrenulata		SPECIES	Pholiota albocrenulata (Peck) Sacc.	Pholiota albocrenulata (Peck) Sacc.	(Peck) Sacc.	CA	L'Assomption	Québec	PRESENT		ff7bd5db-b724-4932-b496-10ea298851f9	45.864396	-73.439575	9000.0						1991-08-20	20	8	1991	2529544	2529541	PRESERVED_SPECIMEN	Université de Montréal Biodiversity Centre	CMMF	CMMF001424		Lamoureux, Yves		CC0_1_0	Université de Montréal Biodiversity Centre	Lamoureux, Yves			2024-01-24T16:38:17.555Z	StillImage	INSTITUTION_MATCH_FUZZY;COLLECTION_MATCH_FUZZY;DIFFERENT_OWNER_INSTITUTION
5006921759	50c9509d-22c7-4a22-a47d-8c48425ef4a7	https://www.inaturalist.org/observations/255125727	Fungi	Basidiomycota	Agaricomycetes	Agaricales	Tubariaceae	Hemistropharia	Hemistropharia albocrenulata		SPECIES	Hemistropharia albocrenulata (Peck) Jacobsson & E.Larss.	Hemistropharia albocrenulata		CA		Ontario	PRESENT		28eb1a3f-1c15-4a95-931a-4af90ecb574d	45.442925	-75.188447	5.0						2021-10-10T12:58:45	10	10	2021	2529541	2529541	HUMAN_OBSERVATION	iNaturalist	Observations	255125727		Lynn Ovenden	2024-12-15T00:23:19	CC_BY_NC_4_0	Lynn Ovenden	Lynn Ovenden			2025-01-14T12:54:33.118Z	StillImage	COORDINATE_ROUNDED;CONTINENT_DERIVED_FROM_COORDINATES;TAXON_MATCH_TAXON_ID_IGNORED
4982007860	50c9509d-22c7-4a22-a47d-8c48425ef4a7	https://www.inaturalist.org/observations/59470753	Fungi	Basidiomycota	Agaricomycetes	Agaricales	Tubariaceae	Hemistropharia	Hemistropharia albocrenulata		SPECIES	Hemistropharia albocrenulata (Peck) Jacobsson & E.Larss.	Hemistropharia albocrenulata		CA		Ontario	PRESENT		28eb1a3f-1c15-4a95-931a-4af90ecb574d	45.511381	-75.340801	93.0						2020-09-03	3	9	2020	2529541	2529541	HUMAN_OBSERVATION	iNaturalist	Observations	59470753		jonathan_mack	2020-10-10T18:12:25	CC_BY_NC_4_0	kevinwallace	kevinwallace			2025-01-14T12:15:43.186Z	StillImage	CONTINENT_DERIVED_FROM_COORDINATES;TAXON_MATCH_TAXON_ID_IGNORED
4980303725	50c9509d-22c7-4a22-a47d-8c48425ef4a7	https://www.inaturalist.org/observations/29610328	Fungi	Basidiomycota	Agaricomycetes	Agaricales	Tubariaceae	Hemistropharia	Hemistropharia albocrenulata		SPECIES	Hemistropharia albocrenulata (Peck) Jacobsson & E.Larss.	Hemistropharia albocrenulata		CA		Ontario	PRESENT		28eb1a3f-1c15-4a95-931a-4af90ecb574d	45.0189	-76.117711	5.0						2018-09-20T15:29:26	20	9	2018	2529541	2529541	HUMAN_OBSERVATION	iNaturalist	Observations	29610328		mycowalt	2020-03-04T06:24:41	CC_BY_NC_4_0	littlec7	littlec7			2025-01-14T12:08:31.703Z	StillImage	COORDINATE_ROUNDED;CONTINENT_DERIVED_FROM_COORDINATES;TAXON_MATCH_TAXON_ID_IGNORED
4950605369	50c9509d-22c7-4a22-a47d-8c48425ef4a7	https://www.inaturalist.org/observations/178625877	Fungi	Basidiomycota	Agaricomycetes	Agaricales	Tubariaceae	Hemistropharia	Hemistropharia albocrenulata		SPECIES	Hemistropharia albocrenulata (Peck) Jacobsson & E.Larss.	Hemistropharia albocrenulata		CA		Québec	PRESENT		28eb1a3f-1c15-4a95-931a-4af90ecb574d	46.883644	-71.104709	143.0						2023-08-15T12:19:51	15	8	2023	2529541	2529541	HUMAN_OBSERVATION	iNaturalist	Observations	178625877		Camille Boucher	2023-08-16T02:00:55	CC_BY_NC_4_0	Camille Boucher	Camille Boucher			2025-01-14T13:28:57.292Z	StillImage	COORDINATE_ROUNDED;CONTINENT_DERIVED_FROM_COORDINATES;TAXON_MATCH_TAXON_ID_IGNORED
4950580893	50c9509d-22c7-4a22-a47d-8c48425ef4a7	https://www.inaturalist.org/observations/186454419	Fungi	Basidiomycota	Agaricomycetes	Agaricales	Tubariaceae	Hemistropharia	Hemistropharia albocrenulata		SPECIES	Hemistropharia albocrenulata (Peck) Jacobsson & E.Larss.	Hemistropharia albocrenulata		CA		Québec	PRESENT		28eb1a3f-1c15-4a95-931a-4af90ecb574d	46.77553	-71.28827	44.0						2023-10-05T14:07:47	5	10	2023	2529541	2529541	HUMAN_OBSERVATION	iNaturalist	Observations	186454419		Camille Boucher	2023-10-06T20:44:38	CC_BY_NC_4_0	Camille Boucher	Camille Boucher			2025-01-14T13:28:12.255Z	StillImage	COORDINATE_ROUNDED;CONTINENT_DERIVED_FROM_COORDINATES;TAXON_MATCH_TAXON_ID_IGNORED
4946470166	50c9509d-22c7-4a22-a47d-8c48425ef4a7	https://www.inaturalist.org/observations/239657265	Fungi	Basidiomycota	Agaricomycetes	Agaricales	Tubariaceae	Hemistropharia	Hemistropharia albocrenulata		SPECIES	Hemistropharia albocrenulata (Peck) Jacobsson & E.Larss.	Hemistropharia albocrenulata		CA		Québec	PRESENT		28eb1a3f-1c15-4a95-931a-4af90ecb574d	45.542162	-73.151292	5.0						2024-08-26T14:16:16	26	8	2024	2529541	2529541	HUMAN_OBSERVATION	iNaturalist	Observations	239657265		sophiedlf	2024-09-03T18:33:20	CC_BY_NC_4_0	sophiedlf	sophiedlf			2025-01-14T12:50:43.089Z	StillImage	COORDINATE_ROUNDED;CONTINENT_DERIVED_FROM_COORDINATES;TAXON_MATCH_TAXON_ID_IGNORED
4945475456	50c9509d-22c7-4a22-a47d-8c48425ef4a7	https://www.inaturalist.org/observations/240632465	Fungi	Basidiomycota	Agaricomycetes	Agaricales	Tubariaceae	Hemistropharia	Hemistropharia albocrenulata		SPECIES	Hemistropharia albocrenulata (Peck) Jacobsson & E.Larss.	Hemistropharia albocrenulata		CA		Ontario	PRESENT		28eb1a3f-1c15-4a95-931a-4af90ecb574d	45.103764	-76.341957	361.0						2024-09-08T15:39	8	9	2024	2529541	2529541	HUMAN_OBSERVATION	iNaturalist	Observations	240632465		Igor Khomenko	2024-09-08T21:16:37	CC_BY_NC_4_0	Igor Khomenko	Igor Khomenko			2025-01-14T12:53:00.672Z	StillImage	COORDINATE_ROUNDED;CONTINENT_DERIVED_FROM_COORDINATES;TAXON_MATCH_TAXON_ID_IGNORED
4936592089	50c9509d-22c7-4a22-a47d-8c48425ef4a7	https://www.inaturalist.org/observations/237970289	Fungi	Basidiomycota	Agaricomycetes	Agaricales	Tubariaceae	Hemistropharia	Hemistropharia albocrenulata		SPECIES	Hemistropharia albocrenulata (Peck) Jacobsson & E.Larss.	Hemistropharia albocrenulata		CA		Ontario	PRESENT		28eb1a3f-1c15-4a95-931a-4af90ecb574d	45.464821	-75.508122	24.0						2024-08-25T15:20	25	8	2024	2529541	2529541	HUMAN_OBSERVATION	iNaturalist	Observations	237970289		jonathan_mack	2024-08-25T23:35:24	CC_BY_NC_4_0	jonathan_mack	jonathan_mack			2025-01-14T13:43:29.934Z	StillImage	COORDINATE_ROUNDED;CONTINENT_DERIVED_FROM_COORDINATES;TAXON_MATCH_TAXON_ID_IGNORED
4923955606	50c9509d-22c7-4a22-a47d-8c48425ef4a7	https://www.inaturalist.org/observations/234783409	Fungi	Basidiomycota	Agaricomycetes	Agaricales	Tubariaceae	Hemistropharia	Hemistropharia albocrenulata		SPECIES	Hemistropharia albocrenulata (Peck) Jacobsson & E.Larss.	Hemistropharia albocrenulata		CA		Québec	PRESENT		28eb1a3f-1c15-4a95-931a-4af90ecb574d	45.872811	-76.4339	501.0						2024-08-06T11:12	6	8	2024	2529541	2529541	HUMAN_OBSERVATION	iNaturalist	Observations	234783409		L Joan Heyding	2024-08-09T23:53:23	CC_BY_NC_4_0	L Joan Heyding	L Joan Heyding			2025-01-14T13:38:25.680Z	StillImage	COORDINATE_ROUNDED;CONTINENT_DERIVED_FROM_COORDINATES;TAXON_MATCH_TAXON_ID_IGNORED
4923652127	50c9509d-22c7-4a22-a47d-8c48425ef4a7	https://www.inaturalist.org/observations/234784778	Fungi	Basidiomycota	Agaricomycetes	Agaricales	Tubariaceae	Hemistropharia	Hemistropharia albocrenulata		SPECIES	Hemistropharia albocrenulata (Peck) Jacobsson & E.Larss.	Hemistropharia albocrenulata		CA		Québec	PRESENT		28eb1a3f-1c15-4a95-931a-4af90ecb574d	45.872811	-76.4339	501.0						2024-08-06T11:28	6	8	2024	2529541	2529541	HUMAN_OBSERVATION	iNaturalist	Observations	234784778		L Joan Heyding	2024-08-10T00:00:10	CC_BY_NC_4_0	L Joan Heyding	L Joan Heyding			2025-01-14T12:52:47.344Z	StillImage	COORDINATE_ROUNDED;CONTINENT_DERIVED_FROM_COORDINATES;TAXON_MATCH_TAXON_ID_IGNORED
4911052708	50c9509d-22c7-4a22-a47d-8c48425ef4a7	https://www.inaturalist.org/observations/230259510	Fungi	Basidiomycota	Agaricomycetes	Agaricales	Tubariaceae	Hemistropharia	Hemistropharia albocrenulata		SPECIES	Hemistropharia albocrenulata (Peck) Jacobsson & E.Larss.	Hemistropharia albocrenulata		CA		Ontario	PRESENT		28eb1a3f-1c15-4a95-931a-4af90ecb574d	45.452575	-78.380066	3318.0						2024-07-14T12:32	14	7	2024	2529541	2529541	HUMAN_OBSERVATION	iNaturalist	Observations	230259510		L Joan Heyding	2024-07-19T09:37:27	CC_BY_NC_4_0	L Joan Heyding	L Joan Heyding			2025-01-14T13:42:17.791Z	StillImage	COORDINATE_ROUNDED;CONTINENT_DERIVED_FROM_COORDINATES;TAXON_MATCH_TAXON_ID_IGNORED
4908091753	50c9509d-22c7-4a22-a47d-8c48425ef4a7	https://www.inaturalist.org/observations/230020335	Fungi	Basidiomycota	Agaricomycetes	Agaricales	Tubariaceae	Hemistropharia	Hemistropharia albocrenulata		SPECIES	Hemistropharia albocrenulata (Peck) Jacobsson & E.Larss.	Hemistropharia albocrenulata		CA		Québec	PRESENT		28eb1a3f-1c15-4a95-931a-4af90ecb574d	45.872811	-76.4339	501.0						2024-07-16T14:13	16	7	2024	2529541	2529541	HUMAN_OBSERVATION	iNaturalist	Observations	230020335		L Joan Heyding	2024-07-18T02:18:45	CC_BY_NC_4_0	L Joan Heyding	L Joan Heyding			2025-01-14T12:50:02.809Z	StillImage	COORDINATE_ROUNDED;CONTINENT_DERIVED_FROM_COORDINATES;TAXON_MATCH_TAXON_ID_IGNORED
4535903555	50c9509d-22c7-4a22-a47d-8c48425ef4a7	https://www.inaturalist.org/observations/200759723	Fungi	Basidiomycota	Agaricomycetes	Agaricales	Tubariaceae	Hemistropharia	Hemistropharia albocrenulata		SPECIES	Hemistropharia albocrenulata (Peck) Jacobsson & E.Larss.	Hemistropharia albocrenulata		CA		Québec	PRESENT		28eb1a3f-1c15-4a95-931a-4af90ecb574d	45.564042	-73.179013	8232.0						2022-07-03T19:32	3	7	2022	2529541	2529541	HUMAN_OBSERVATION	iNaturalist	Observations	200759723		Ariel Bonkoski	2024-02-29T08:40:19	CC_BY_NC_4_0	shkenaz	shkenaz			2025-01-14T13:37:24.176Z	StillImage	COORDINATE_ROUNDED;CONTINENT_DERIVED_FROM_COORDINATES;TAXON_MATCH_TAXON_ID_IGNORED
4535578991	50c9509d-22c7-4a22-a47d-8c48425ef4a7	https://www.inaturalist.org/observations/193174183	Fungi	Basidiomycota	Agaricomycetes	Agaricales	Tubariaceae	Hemistropharia	Hemistropharia albocrenulata		SPECIES	Hemistropharia albocrenulata (Peck) Jacobsson & E.Larss.	Hemistropharia albocrenulata		CA		Québec	PRESENT		28eb1a3f-1c15-4a95-931a-4af90ecb574d	45.558985	-73.159936	27158.0						2023-09-06T10:16:13	6	9	2023	2529541	2529541	HUMAN_OBSERVATION	iNaturalist	Observations	193174183		rdegeer	2023-12-06T01:37:45	CC_BY_NC_4_0	Alex Wittemeier	Alex Wittemeier			2025-01-14T12:43:30.453Z	StillImage	COORDINATE_ROUNDED;CONTINENT_DERIVED_FROM_COORDINATES;TAXON_MATCH_TAXON_ID_IGNORED
4453981975	50c9509d-22c7-4a22-a47d-8c48425ef4a7	https://www.inaturalist.org/observations/182724732	Fungi	Basidiomycota	Agaricomycetes	Agaricales	Tubariaceae	Hemistropharia	Hemistropharia albocrenulata		SPECIES	Hemistropharia albocrenulata (Peck) Jacobsson & E.Larss.	Hemistropharia albocrenulata		CA		Ontario	PRESENT		28eb1a3f-1c15-4a95-931a-4af90ecb574d	45.483647	-78.760605	32.0						2023-08-22T14:08:06	22	8	2023	2529541	2529541	HUMAN_OBSERVATION	iNaturalist	Observations	182724732		amkirb	2023-09-10T23:11:47	CC_BY_NC_4_0	amkirb	amkirb			2025-01-14T13:33:18Z	StillImage	COORDINATE_ROUNDED;CONTINENT_DERIVED_FROM_COORDINATES;TAXON_MATCH_TAXON_ID_IGNORED
4438936108	50c9509d-22c7-4a22-a47d-8c48425ef4a7	https://www.inaturalist.org/observations/187170311	Fungi	Basidiomycota	Agaricomycetes	Agaricales	Tubariaceae	Hemistropharia	Hemistropharia albocrenulata		SPECIES	Hemistropharia albocrenulata (Peck) Jacobsson & E.Larss.	Hemistropharia albocrenulata		CA		Ontario	PRESENT		28eb1a3f-1c15-4a95-931a-4af90ecb574d	45.318153	-75.735162	23.0						2023-10-11T16:36:59	11	10	2023	2529541	2529541	HUMAN_OBSERVATION	iNaturalist	Observations	187170311		kokoottawa	2023-10-11T21:44:51	CC_BY_NC_4_0	kokoottawa	kokoottawa			2025-01-14T12:40:21.354Z	StillImage	COORDINATE_ROUNDED;CONTINENT_DERIVED_FROM_COORDINATES;TAXON_MATCH_TAXON_ID_IGNORED
4438885454	50c9509d-22c7-4a22-a47d-8c48425ef4a7	https://www.inaturalist.org/observations/87797938	Fungi	Basidiomycota	Agaricomycetes	Agaricales	Tubariaceae	Hemistropharia	Hemistropharia albocrenulata		SPECIES	Hemistropharia albocrenulata (Peck) Jacobsson & E.Larss.	Hemistropharia albocrenulata		CA		Ontario	PRESENT		28eb1a3f-1c15-4a95-931a-4af90ecb574d	45.212288	-78.117622	9.0						2021-07-19T11:17:52	19	7	2021	2529541	2529541	HUMAN_OBSERVATION	iNaturalist	Observations	87797938		Alexandra Gillespie	2021-07-20T01:23:58	CC0_1_0	Alexandra Gillespie	Alexandra Gillespie			2025-01-14T13:09:48.848Z	StillImage	COORDINATE_ROUNDED;CONTINENT_DERIVED_FROM_COORDINATES;TAXON_MATCH_TAXON_ID_IGNORED
4438872140	50c9509d-22c7-4a22-a47d-8c48425ef4a7	https://www.inaturalist.org/observations/187417626	Fungi	Basidiomycota	Agaricomycetes	Agaricales	Tubariaceae	Hemistropharia	Hemistropharia albocrenulata		SPECIES	Hemistropharia albocrenulata (Peck) Jacobsson & E.Larss.	Hemistropharia albocrenulata		CA		Québec	PRESENT		28eb1a3f-1c15-4a95-931a-4af90ecb574d	45.433095	-73.891304	4.0						2023-10-13T16:58:24	13	10	2023	2529541	2529541	HUMAN_OBSERVATION	iNaturalist	Observations	187417626		photojoco	2023-10-13T21:48:42	CC_BY_NC_4_0	photojoco	photojoco			2025-01-14T13:30:05.061Z	StillImage	COORDINATE_ROUNDED;CONTINENT_DERIVED_FROM_COORDINATES;TAXON_MATCH_TAXON_ID_IGNORED
4438783548	50c9509d-22c7-4a22-a47d-8c48425ef4a7	https://www.inaturalist.org/observations/132047468	Fungi	Basidiomycota	Agaricomycetes	Agaricales	Tubariaceae	Hemistropharia	Hemistropharia albocrenulata		SPECIES	Hemistropharia albocrenulata (Peck) Jacobsson & E.Larss.	Hemistropharia albocrenulata		CA		Ontario	PRESENT		28eb1a3f-1c15-4a95-931a-4af90ecb574d	46.189717	-77.870353	38.0						2022-08-23T09:45:21	23	8	2022	2529541	2529541	HUMAN_OBSERVATION	iNaturalist	Observations	132047468		driftwoodpark	2022-08-28T12:05:39	CC_BY_NC_4_0	driftwoodpark	driftwoodpark			2025-01-14T12:31:39.181Z	StillImage	COORDINATE_ROUNDED;CONTINENT_DERIVED_FROM_COORDINATES;TAXON_MATCH_TAXON_ID_IGNORED
4438674576	50c9509d-22c7-4a22-a47d-8c48425ef4a7	https://www.inaturalist.org/observations/131566594	Fungi	Basidiomycota	Agaricomycetes	Agaricales	Tubariaceae	Hemistropharia	Hemistropharia albocrenulata		SPECIES	Hemistropharia albocrenulata (Peck) Jacobsson & E.Larss.	Hemistropharia albocrenulata		CA		Québec	PRESENT		28eb1a3f-1c15-4a95-931a-4af90ecb574d	45.905995	-74.061792	4.0						2022-08-20T07:40:03	20	8	2022	2529541	2529541	HUMAN_OBSERVATION	iNaturalist	Observations	131566594		timfoster	2022-08-20T11:42:52	CC_BY_NC_4_0	timfoster	timfoster			2025-01-14T12:31:08.907Z	StillImage	COORDINATE_ROUNDED;CONTINENT_DERIVED_FROM_COORDINATES;TAXON_MATCH_TAXON_ID_IGNORED
4438668466	50c9509d-22c7-4a22-a47d-8c48425ef4a7	https://www.inaturalist.org/observations/87626595	Fungi	Basidiomycota	Agaricomycetes	Agaricales	Tubariaceae	Hemistropharia	Hemistropharia albocrenulata		SPECIES	Hemistropharia albocrenulata (Peck) Jacobsson & E.Larss.	Hemistropharia albocrenulata		CA		Ontario	PRESENT		28eb1a3f-1c15-4a95-931a-4af90ecb574d	45.35203	-75.589988	8.0						2021-07-18T16:33:29	18	7	2021	2529541	2529541	HUMAN_OBSERVATION	iNaturalist	Observations	87626595		staingen	2021-07-18T21:57:41	CC_BY_NC_4_0	staingen	staingen			2025-01-14T12:19:35.088Z	StillImage	COORDINATE_ROUNDED;CONTINENT_DERIVED_FROM_COORDINATES;TAXON_MATCH_TAXON_ID_IGNORED
4438656550	50c9509d-22c7-4a22-a47d-8c48425ef4a7	https://www.inaturalist.org/observations/131592493	Fungi	Basidiomycota	Agaricomycetes	Agaricales	Tubariaceae	Hemistropharia	Hemistropharia albocrenulata		SPECIES	Hemistropharia albocrenulata (Peck) Jacobsson & E.Larss.	Hemistropharia albocrenulata		CA		Ontario	PRESENT		28eb1a3f-1c15-4a95-931a-4af90ecb574d	45.723786	-79.201497							2022-08-20T10:38:59	20	8	2022	2529541	2529541	HUMAN_OBSERVATION	iNaturalist	Observations	131592493		nicholaswebster	2022-08-20T15:36:19	CC_BY_NC_4_0	nicholaswebster	nicholaswebster			2025-01-14T12:31:27.263Z	StillImage	COORDINATE_ROUNDED;CONTINENT_DERIVED_FROM_COORDINATES;TAXON_MATCH_TAXON_ID_IGNORED
4414061061	50c9509d-22c7-4a22-a47d-8c48425ef4a7	https://www.inaturalist.org/observations/183717766	Fungi	Basidiomycota	Agaricomycetes	Agaricales	Tubariaceae	Hemistropharia	Hemistropharia albocrenulata		SPECIES	Hemistropharia albocrenulata (Peck) Jacobsson & E.Larss.	Hemistropharia albocrenulata		CA		Ontario	PRESENT		28eb1a3f-1c15-4a95-931a-4af90ecb574d	45.376272	-79.131212	27190.0						2023-09-17T09:11:08	17	9	2023	2529541	2529541	HUMAN_OBSERVATION	iNaturalist	Observations	183717766		Lee Cumming	2023-09-17T19:09:21	CC_BY_NC_4_0	Lee Cumming	Lee Cumming			2025-01-14T12:44:53.124Z	StillImage	COORDINATE_ROUNDED;CONTINENT_DERIVED_FROM_COORDINATES;TAXON_MATCH_TAXON_ID_IGNORED
4413409335	50c9509d-22c7-4a22-a47d-8c48425ef4a7	https://www.inaturalist.org/observations/57549094	Fungi	Basidiomycota	Agaricomycetes	Agaricales	Tubariaceae	Hemistropharia	Hemistropharia albocrenulata		SPECIES	Hemistropharia albocrenulata (Peck) Jacobsson & E.Larss.	Hemistropharia albocrenulata		CA		Québec	PRESENT		28eb1a3f-1c15-4a95-931a-4af90ecb574d	45.306339	-73.306667							2020-08-14T10:18:47	14	8	2020	2529541	2529541	HUMAN_OBSERVATION	iNaturalist	Observations	57549094		gabboilard	2023-09-03T15:59:15	CC_BY_NC_4_0	insectman	insectman			2025-01-14T12:14:58.177Z	StillImage	COORDINATE_ROUNDED;CONTINENT_DERIVED_FROM_COORDINATES;TAXON_MATCH_TAXON_ID_IGNORED
4407092926	50c9509d-22c7-4a22-a47d-8c48425ef4a7	https://www.inaturalist.org/observations/180178337	Fungi	Basidiomycota	Agaricomycetes	Agaricales	Tubariaceae	Hemistropharia	Hemistropharia albocrenulata		SPECIES	Hemistropharia albocrenulata (Peck) Jacobsson & E.Larss.	Hemistropharia albocrenulata		CA		Nova Scotia	PRESENT		28eb1a3f-1c15-4a95-931a-4af90ecb574d	45.535689	-64.109994	16.0						2023-08-25T14:41	25	8	2023	2529541	2529541	HUMAN_OBSERVATION	iNaturalist	Observations	180178337		Ben	2023-08-25T21:18:30	CC_BY_NC_4_0	Ben	Ben			2025-01-14T12:39:58.418Z	StillImage	COORDINATE_ROUNDED;CONTINENT_DERIVED_FROM_COORDINATES;TAXON_MATCH_TAXON_ID_IGNORED
4405295658	50c9509d-22c7-4a22-a47d-8c48425ef4a7	https://www.inaturalist.org/observations/179879172	Fungi	Basidiomycota	Agaricomycetes	Agaricales	Tubariaceae	Hemistropharia	Hemistropharia albocrenulata		SPECIES	Hemistropharia albocrenulata (Peck) Jacobsson & E.Larss.	Hemistropharia albocrenulata		CA		Ontario	PRESENT		28eb1a3f-1c15-4a95-931a-4af90ecb574d	45.439263	-76.026195	466.0						2023-08-23T10:55	23	8	2023	2529541	2529541	HUMAN_OBSERVATION	iNaturalist	Observations	179879172		amanitamozart	2023-08-23T20:38:50	CC_BY_NC_4_0	amanitamozart	amanitamozart			2025-01-14T13:29:05.583Z	StillImage	COORDINATE_ROUNDED;CONTINENT_DERIVED_FROM_COORDINATES;TAXON_MATCH_TAXON_ID_IGNORED
4400182175	50c9509d-22c7-4a22-a47d-8c48425ef4a7	https://www.inaturalist.org/observations/179626520	Fungi	Basidiomycota	Agaricomycetes	Agaricales	Tubariaceae	Hemistropharia	Hemistropharia albocrenulata		SPECIES	Hemistropharia albocrenulata (Peck) Jacobsson & E.Larss.	Hemistropharia albocrenulata		CA		Québec	PRESENT		28eb1a3f-1c15-4a95-931a-4af90ecb574d	46.162933	-76.096558	71.0						2023-08-21T13:31:37	21	8	2023	2529541	2529541	HUMAN_OBSERVATION	iNaturalist	Observations	179626520		andreaga	2023-08-22T02:54:43	CC_BY_NC_4_0	andreaga	andreaga			2025-01-14T12:39:26.330Z	StillImage	COORDINATE_ROUNDED;CONTINENT_DERIVED_FROM_COORDINATES;TAXON_MATCH_TAXON_ID_IGNORED
4400137557	50c9509d-22c7-4a22-a47d-8c48425ef4a7	https://www.inaturalist.org/observations/178852841	Fungi	Basidiomycota	Agaricomycetes	Agaricales	Tubariaceae	Hemistropharia	Hemistropharia albocrenulata		SPECIES	Hemistropharia albocrenulata (Peck) Jacobsson & E.Larss.	Hemistropharia albocrenulata		CA		Québec	PRESENT		28eb1a3f-1c15-4a95-931a-4af90ecb574d	46.342908	-74.492253							2023-08-15T13:01:05	15	8	2023	2529541	2529541	HUMAN_OBSERVATION	iNaturalist	Observations	178852841		Jean C.	2023-08-17T15:53:53	CC_BY_NC_4_0	Jean C.	Jean C.			2025-01-14T13:32:13.485Z	StillImage	COORDINATE_ROUNDED;CONTINENT_DERIVED_FROM_COORDINATES;TAXON_MATCH_TAXON_ID_IGNORED
4166295589	695cef75-b65f-4776-b2ed-74565eebb16e	02-01000959619	Fungi	Basidiomycota	Agaricomycetes	Agaricales	Tubariaceae	Hemistropharia	Hemistropharia albocrenulata		SPECIES	Pholiota albocrenulata (Peck) Sacc.	Pholiota albocrenulata	(Peck) Sacc.	CA	Found Lake	Ontario	PRESENT		055bd978-2daa-4543-b3f0-44e0e87e86ca	45.55	-78.633333							1975-07-30	30	7	1975	2529544	2529541	PRESERVED_SPECIMEN	AAFC	DAOM	186471				CC_BY_4_0	©His Majesty the King in Right of Canada, as represented by the Minister of Agriculture and Agri-Food	J.F. Ammirati 7103			2025-01-12T05:11:16.183Z		GEODETIC_DATUM_ASSUMED_WGS84;CONTINENT_DERIVED_FROM_COORDINATES;TAXON_MATCH_TAXON_ID_IGNORED;INSTITUTION_MATCH_FUZZY
4162080305	50c9509d-22c7-4a22-a47d-8c48425ef4a7	https://www.inaturalist.org/observations/10060209	Fungi	Basidiomycota	Agaricomycetes	Agaricales	Tubariaceae	Hemistropharia	Hemistropharia albocrenulata		SPECIES	Hemistropharia albocrenulata (Peck) Jacobsson & E.Larss.	Hemistropharia albocrenulata		CA		Québec	PRESENT		28eb1a3f-1c15-4a95-931a-4af90ecb574d	45.534736	-71.189479	27158.0						2017-08-08T15:22:49Z	8	8	2017	2529541	2529541	HUMAN_OBSERVATION	iNaturalist	Observations	10060209		jonathan_mack	2020-04-11T02:05:38	CC_BY_NC_4_0	Danavan Rouillard	Danavan Rouillard			2025-01-14T12:58:21.919Z		COORDINATE_ROUNDED;CONTINENT_DERIVED_FROM_COORDINATES;TAXON_MATCH_TAXON_ID_IGNORED
4138300321	50c9509d-22c7-4a22-a47d-8c48425ef4a7	https://www.inaturalist.org/observations/31422760	Fungi	Basidiomycota	Agaricomycetes	Agaricales	Tubariaceae	Hemistropharia	Hemistropharia albocrenulata		SPECIES	Hemistropharia albocrenulata (Peck) Jacobsson & E.Larss.	Hemistropharia albocrenulata		CA		Ontario	PRESENT		28eb1a3f-1c15-4a95-931a-4af90ecb574d	45.296505	-75.824722	6.0						2019-08-24T09:34:31	24	8	2019	2529541	2529541	HUMAN_OBSERVATION	iNaturalist	Observations	31422760		amanitamozart	2023-06-12T03:39:24	CC_BY_NC_4_0	Karine Scott	Karine Scott			2025-01-14T13:04:28.426Z	StillImage	COORDINATE_ROUNDED;CONTINENT_DERIVED_FROM_COORDINATES;TAXON_MATCH_TAXON_ID_IGNORED
4137608321	50c9509d-22c7-4a22-a47d-8c48425ef4a7	https://www.inaturalist.org/observations/56843180	Fungi	Basidiomycota	Agaricomycetes	Agaricales	Tubariaceae	Hemistropharia	Hemistropharia albocrenulata		SPECIES	Hemistropharia albocrenulata (Peck) Jacobsson & E.Larss.	Hemistropharia albocrenulata		CA		Québec	PRESENT		28eb1a3f-1c15-4a95-931a-4af90ecb574d	45.591728	-75.85865	32.0						2020-08-17T16:33:38	17	8	2020	2529541	2529541	HUMAN_OBSERVATION	iNaturalist	Observations	56843180		cinna_latifolia	2021-06-28T03:31:11	CC_BY_NC_4_0	bobtyler	bobtyler			2025-01-14T12:14:14.787Z	StillImage	COORDINATE_ROUNDED;CONTINENT_DERIVED_FROM_COORDINATES;TAXON_MATCH_TAXON_ID_IGNORED
4011703567	50c9509d-22c7-4a22-a47d-8c48425ef4a7	https://www.inaturalist.org/observations/137222713	Fungi	Basidiomycota	Agaricomycetes	Agaricales	Tubariaceae	Hemistropharia	Hemistropharia albocrenulata		SPECIES	Hemistropharia albocrenulata (Peck) Jacobsson & E.Larss.	Hemistropharia albocrenulata		CA		Ontario	PRESENT		28eb1a3f-1c15-4a95-931a-4af90ecb574d	45.056968	-76.293204	30734.0						2022-10-01T12:52:13	1	10	2022	2529541	2529541	HUMAN_OBSERVATION	iNaturalist	Observations	137222713		Ben	2022-12-24T18:16:48	CC_BY_NC_4_0	Maria Bastas	Maria Bastas			2025-01-14T12:32:45.572Z	StillImage	COORDINATE_ROUNDED;CONTINENT_DERIVED_FROM_COORDINATES;TAXON_MATCH_TAXON_ID_IGNORED
4009831358	50c9509d-22c7-4a22-a47d-8c48425ef4a7	https://www.inaturalist.org/observations/57779089	Fungi	Basidiomycota	Agaricomycetes	Agaricales	Tubariaceae	Hemistropharia	Hemistropharia albocrenulata		SPECIES	Hemistropharia albocrenulata (Peck) Jacobsson & E.Larss.	Hemistropharia albocrenulata		CA		Québec	PRESENT		28eb1a3f-1c15-4a95-931a-4af90ecb574d	45.779892	-71.221799	48.0						2020-08-27T10:42:28	27	8	2020	2529541	2529541	HUMAN_OBSERVATION	iNaturalist	Observations	57779089		Ben	2022-12-26T18:06:53	CC_BY_NC_4_0	sajala	sajala			2025-01-14T13:03:46.109Z	StillImage	COORDINATE_ROUNDED;CONTINENT_DERIVED_FROM_COORDINATES;TAXON_MATCH_TAXON_ID_IGNORED
4006651597	50c9509d-22c7-4a22-a47d-8c48425ef4a7	https://www.inaturalist.org/observations/139194757	Fungi	Basidiomycota	Agaricomycetes	Agaricales	Tubariaceae	Hemistropharia	Hemistropharia albocrenulata		SPECIES	Hemistropharia albocrenulata (Peck) Jacobsson & E.Larss.	Hemistropharia albocrenulata		CA		New Brunswick	PRESENT		28eb1a3f-1c15-4a95-931a-4af90ecb574d	46.087762	-64.778231	12265.0						2022-09-28T16:10:58	28	9	2022	2529541	2529541	HUMAN_OBSERVATION	iNaturalist	Observations	139194757		Jan Thornhill	2022-11-28T20:04:29	CC_BY_NC_4_0	peoplemcnuggett	peoplemcnuggett			2025-01-14T12:33:09.705Z	StillImage	COORDINATE_ROUNDED;CONTINENT_DERIVED_FROM_COORDINATES;TAXON_MATCH_TAXON_ID_IGNORED
3988591840	50c9509d-22c7-4a22-a47d-8c48425ef4a7	https://www.inaturalist.org/observations/143432699	Fungi	Basidiomycota	Agaricomycetes	Agaricales	Tubariaceae	Hemistropharia	Hemistropharia albocrenulata		SPECIES	Hemistropharia albocrenulata (Peck) Jacobsson & E.Larss.	Hemistropharia albocrenulata		CA		Québec	PRESENT		28eb1a3f-1c15-4a95-931a-4af90ecb574d	46.918959	-71.238007	61.0						2022-09-11	11	9	2022	2529541	2529541	HUMAN_OBSERVATION	iNaturalist	Observations	143432699		Christian Grenier	2022-12-01T15:36:37	CC_BY_NC_4_0	Christian Grenier	Christian Grenier			2025-01-14T13:22:13.046Z	StillImage	COORDINATE_ROUNDED;CONTINENT_DERIVED_FROM_COORDINATES;TAXON_MATCH_TAXON_ID_IGNORED
3988471575	50c9509d-22c7-4a22-a47d-8c48425ef4a7	https://www.inaturalist.org/observations/137083597	Fungi	Basidiomycota	Agaricomycetes	Agaricales	Tubariaceae	Hemistropharia	Hemistropharia albocrenulata		SPECIES	Hemistropharia albocrenulata (Peck) Jacobsson & E.Larss.	Hemistropharia albocrenulata		CA		Ontario	PRESENT		28eb1a3f-1c15-4a95-931a-4af90ecb574d	45.318	-75.856							2022-09-25T13:30:42	25	9	2022	2529541	2529541	HUMAN_OBSERVATION	iNaturalist	Observations	137083597		Jan Thornhill	2022-11-28T20:31:04	CC_BY_NC_4_0	trailtime55	trailtime55			2025-01-14T13:25:33.728Z	StillImage	CONTINENT_DERIVED_FROM_COORDINATES;TAXON_MATCH_TAXON_ID_IGNORED
3925099299	50c9509d-22c7-4a22-a47d-8c48425ef4a7	https://www.inaturalist.org/observations/138010486	Fungi	Basidiomycota	Agaricomycetes	Agaricales	Tubariaceae	Hemistropharia	Hemistropharia albocrenulata		SPECIES	Hemistropharia albocrenulata (Peck) Jacobsson & E.Larss.	Hemistropharia albocrenulata		CA		Ontario	PRESENT		28eb1a3f-1c15-4a95-931a-4af90ecb574d	45.118603	-78.034347	4.0						2022-10-08T11:21:05	8	10	2022	2529541	2529541	HUMAN_OBSERVATION	iNaturalist	Observations	138010486		cinna_latifolia	2022-10-09T03:43:21	CC_BY_NC_4_0	Maria Bastas	Maria Bastas			2025-01-14T13:25:46.482Z	StillImage	COORDINATE_ROUNDED;CONTINENT_DERIVED_FROM_COORDINATES;TAXON_MATCH_TAXON_ID_IGNORED
3912372498	50c9509d-22c7-4a22-a47d-8c48425ef4a7	https://www.inaturalist.org/observations/135710504	Fungi	Basidiomycota	Agaricomycetes	Agaricales	Tubariaceae	Hemistropharia	Hemistropharia albocrenulata		SPECIES	Hemistropharia albocrenulata (Peck) Jacobsson & E.Larss.	Hemistropharia albocrenulata		CA		Ontario	PRESENT		28eb1a3f-1c15-4a95-931a-4af90ecb574d	45.070572	-78.200462	609.0						2022-09-19T13:17:16	19	9	2022	2529541	2529541	HUMAN_OBSERVATION	iNaturalist	Observations	135710504		meganfrank120	2022-09-19T21:08:36	CC_BY_NC_4_0	meganfrank120	meganfrank120			2025-01-14T12:31:51.078Z	StillImage	COORDINATE_ROUNDED;CONTINENT_DERIVED_FROM_COORDINATES;TAXON_MATCH_TAXON_ID_IGNORED
3903629490	50c9509d-22c7-4a22-a47d-8c48425ef4a7	https://www.inaturalist.org/observations/134536005	Fungi	Basidiomycota	Agaricomycetes	Agaricales	Tubariaceae	Hemistropharia	Hemistropharia albocrenulata		SPECIES	Hemistropharia albocrenulata (Peck) Jacobsson & E.Larss.	Hemistropharia albocrenulata		CA		Québec	PRESENT		28eb1a3f-1c15-4a95-931a-4af90ecb574d	47.084252	-70.780055	8.0						2022-09-10T10:58	10	9	2022	2529541	2529541	HUMAN_OBSERVATION	iNaturalist	Observations	134536005		Philippe Hénault	2022-09-11T04:42:16	CC_BY_NC_4_0	Philippe Hénault	Philippe Hénault			2025-01-14T12:31:55.334Z	StillImage	COORDINATE_ROUNDED;CONTINENT_DERIVED_FROM_COORDINATES;TAXON_MATCH_TAXON_ID_IGNORED
3903509005	50c9509d-22c7-4a22-a47d-8c48425ef4a7	https://www.inaturalist.org/observations/134241075	Fungi	Basidiomycota	Agaricomycetes	Agaricales	Tubariaceae	Hemistropharia	Hemistropharia albocrenulata		SPECIES	Hemistropharia albocrenulata (Peck) Jacobsson & E.Larss.	Hemistropharia albocrenulata		CA		Québec	PRESENT		28eb1a3f-1c15-4a95-931a-4af90ecb574d	45.999941	-76.527416	27095.0						2022-09-05T12:22	5	9	2022	2529541	2529541	HUMAN_OBSERVATION	iNaturalist	Observations	134241075		L Joan Heyding	2022-09-09T00:08:34	CC_BY_NC_4_0	L Joan Heyding	L Joan Heyding			2025-01-14T13:25:21.330Z	StillImage	COORDINATE_ROUNDED;CONTINENT_DERIVED_FROM_COORDINATES;TAXON_MATCH_TAXON_ID_IGNORED
3903383259	50c9509d-22c7-4a22-a47d-8c48425ef4a7	https://www.inaturalist.org/observations/133775481	Fungi	Basidiomycota	Agaricomycetes	Agaricales	Tubariaceae	Hemistropharia	Hemistropharia albocrenulata		SPECIES	Hemistropharia albocrenulata (Peck) Jacobsson & E.Larss.	Hemistropharia albocrenulata		CA		Ontario	PRESENT		28eb1a3f-1c15-4a95-931a-4af90ecb574d	45.562296	-75.255206	61.0						2022-09-04T15:15	4	9	2022	2529541	2529541	HUMAN_OBSERVATION	iNaturalist	Observations	133775481		jonathan_mack	2022-09-05T15:58:45	CC_BY_NC_4_0	jonathan_mack	jonathan_mack			2025-01-14T13:16:46.467Z	StillImage	COORDINATE_ROUNDED;CONTINENT_DERIVED_FROM_COORDINATES;TAXON_MATCH_TAXON_ID_IGNORED
3903113420	50c9509d-22c7-4a22-a47d-8c48425ef4a7	https://www.inaturalist.org/observations/133990865	Fungi	Basidiomycota	Agaricomycetes	Agaricales	Tubariaceae	Hemistropharia	Hemistropharia albocrenulata		SPECIES	Hemistropharia albocrenulata (Peck) Jacobsson & E.Larss.	Hemistropharia albocrenulata		CA		Ontario	PRESENT		28eb1a3f-1c15-4a95-931a-4af90ecb574d	45.45682	-75.548828	47.0						2022-09-05T15:10	5	9	2022	2529541	2529541	HUMAN_OBSERVATION	iNaturalist	Observations	133990865		jonathan_mack	2022-09-07T01:52:07	CC_BY_NC_4_0	jonathan_mack	jonathan_mack			2025-01-14T13:25:20.255Z	StillImage	COORDINATE_ROUNDED;CONTINENT_DERIVED_FROM_COORDINATES;TAXON_MATCH_TAXON_ID_IGNORED
3903015591	50c9509d-22c7-4a22-a47d-8c48425ef4a7	https://www.inaturalist.org/observations/132667057	Fungi	Basidiomycota	Agaricomycetes	Agaricales	Tubariaceae	Hemistropharia	Hemistropharia albocrenulata		SPECIES	Hemistropharia albocrenulata (Peck) Jacobsson & E.Larss.	Hemistropharia albocrenulata		CA		Ontario	PRESENT		28eb1a3f-1c15-4a95-931a-4af90ecb574d	45.337112	-75.92688	4.0						2022-08-27T13:44:06	27	8	2022	2529541	2529541	HUMAN_OBSERVATION	iNaturalist	Observations	132667057		meswift	2022-08-28T19:07:17	CC_BY_NC_4_0	meswift	meswift			2025-01-14T12:31:57.114Z	StillImage	COORDINATE_ROUNDED;CONTINENT_DERIVED_FROM_COORDINATES;TAXON_MATCH_TAXON_ID_IGNORED
3860805042	50c9509d-22c7-4a22-a47d-8c48425ef4a7	https://www.inaturalist.org/observations/124392886	Fungi	Basidiomycota	Agaricomycetes	Agaricales	Tubariaceae	Hemistropharia	Hemistropharia albocrenulata		SPECIES	Hemistropharia albocrenulata (Peck) Jacobsson & E.Larss.	Hemistropharia albocrenulata		CA		Ontario	PRESENT		28eb1a3f-1c15-4a95-931a-4af90ecb574d	45.405581	-75.589816	76.0						2022-07-01T15:04	1	7	2022	2529541	2529541	HUMAN_OBSERVATION	iNaturalist	Observations	124392886		jonathan_mack	2022-07-02T14:53:33	CC_BY_NC_4_0	jonathan_mack	jonathan_mack			2025-01-14T13:29:40.940Z	StillImage	COORDINATE_ROUNDED;CONTINENT_DERIVED_FROM_COORDINATES;TAXON_MATCH_TAXON_ID_IGNORED
3772635627	50c9509d-22c7-4a22-a47d-8c48425ef4a7	https://www.inaturalist.org/observations/113297426	Fungi	Basidiomycota	Agaricomycetes	Agaricales	Tubariaceae	Hemistropharia	Hemistropharia albocrenulata		SPECIES	Hemistropharia albocrenulata (Peck) Jacobsson & E.Larss.	Hemistropharia albocrenulata		CA		Ontario	PRESENT		28eb1a3f-1c15-4a95-931a-4af90ecb574d	45.433575	-76.322712	10.0						2021-10-02T15:47:57	2	10	2021	2529541	2529541	HUMAN_OBSERVATION	iNaturalist	Observations	113297426		gordv	2022-04-29T01:35:16	CC_BY_NC_4_0	gordv	gordv			2025-01-14T12:27:33.172Z	StillImage	COORDINATE_ROUNDED;CONTINENT_DERIVED_FROM_COORDINATES;TAXON_MATCH_TAXON_ID_IGNORED
3772591155	50c9509d-22c7-4a22-a47d-8c48425ef4a7	https://www.inaturalist.org/observations/113906397	Fungi	Basidiomycota	Agaricomycetes	Agaricales	Tubariaceae	Hemistropharia	Hemistropharia albocrenulata		SPECIES	Hemistropharia albocrenulata (Peck) Jacobsson & E.Larss.	Hemistropharia albocrenulata		CA		Québec	PRESENT		28eb1a3f-1c15-4a95-931a-4af90ecb574d	45.706289	-75.847509	30213.0						2021-09-19T12:22:53	19	9	2021	2529541	2529541	HUMAN_OBSERVATION	iNaturalist	Observations	113906397		Jan Thornhill	2022-04-30T19:13:38	CC_BY_NC_4_0	sammistritt	sammistritt			2025-01-14T12:26:33.981Z	StillImage	COORDINATE_ROUNDED;CONTINENT_DERIVED_FROM_COORDINATES;TAXON_MATCH_TAXON_ID_IGNORED
3408123837	50c9509d-22c7-4a22-a47d-8c48425ef4a7	https://www.inaturalist.org/observations/99840861	Fungi	Basidiomycota	Agaricomycetes	Agaricales	Tubariaceae	Hemistropharia	Hemistropharia albocrenulata		SPECIES	Hemistropharia albocrenulata (Peck) Jacobsson & E.Larss.	Hemistropharia albocrenulata		CA		Ontario	PRESENT		28eb1a3f-1c15-4a95-931a-4af90ecb574d	45.454892	-75.546835							2021-10-29T14:18	29	10	2021	2529541	2529541	HUMAN_OBSERVATION	iNaturalist	Observations	99840861		jonathan_mack	2021-10-31T02:09:53	CC_BY_NC_4_0	jonathan_mack	jonathan_mack			2025-01-14T13:11:00.813Z	StillImage	COORDINATE_ROUNDED;CONTINENT_DERIVED_FROM_COORDINATES;TAXON_MATCH_TAXON_ID_IGNORED
3398638761	50c9509d-22c7-4a22-a47d-8c48425ef4a7	https://www.inaturalist.org/observations/91175561	Fungi	Basidiomycota	Agaricomycetes	Agaricales	Tubariaceae	Hemistropharia	Hemistropharia albocrenulata		SPECIES	Hemistropharia albocrenulata (Peck) Jacobsson & E.Larss.	Hemistropharia albocrenulata		CA		Québec	PRESENT		28eb1a3f-1c15-4a95-931a-4af90ecb574d	45.438678	-74.256067	8.0						2021-08-13T12:01:59	13	8	2021	2529541	2529541	HUMAN_OBSERVATION	iNaturalist	Observations	91175561		Jonathan Jensen-Lynch	2021-08-15T06:41:11	CC_BY_NC_4_0	bugsnplants	bugsnplants			2025-01-14T13:22:54.321Z	StillImage	COORDINATE_ROUNDED;CONTINENT_DERIVED_FROM_COORDINATES;TAXON_MATCH_TAXON_ID_IGNORED
3384562394	50c9509d-22c7-4a22-a47d-8c48425ef4a7	https://www.inaturalist.org/observations/97272734	Fungi	Basidiomycota	Agaricomycetes	Agaricales	Tubariaceae	Hemistropharia	Hemistropharia albocrenulata		SPECIES	Hemistropharia albocrenulata (Peck) Jacobsson & E.Larss.	Hemistropharia albocrenulata		CA		Québec	PRESENT		28eb1a3f-1c15-4a95-931a-4af90ecb574d	45.511659	-73.58198	5.0						2021-10-05T15:20:46	5	10	2021	2529541	2529541	HUMAN_OBSERVATION	iNaturalist	Observations	97272734		zoe_y	2021-10-05T19:21:16	CC_BY_NC_4_0	zoe_y	zoe_y			2025-01-14T12:24:36.532Z	StillImage	COORDINATE_ROUNDED;CONTINENT_DERIVED_FROM_COORDINATES;TAXON_MATCH_TAXON_ID_IGNORED
3384020518	50c9509d-22c7-4a22-a47d-8c48425ef4a7	https://www.inaturalist.org/observations/94518229	Fungi	Basidiomycota	Agaricomycetes	Agaricales	Tubariaceae	Hemistropharia	Hemistropharia albocrenulata		SPECIES	Hemistropharia albocrenulata (Peck) Jacobsson & E.Larss.	Hemistropharia albocrenulata		CA		Québec	PRESENT		28eb1a3f-1c15-4a95-931a-4af90ecb574d	45.590447	-76.009728	671.0						2021-09-11T14:42:29	11	9	2021	2529541	2529541	HUMAN_OBSERVATION	iNaturalist	Observations	94518229		cinna_latifolia	2021-10-03T04:06:48	CC_BY_NC_4_0	swiftfox	swiftfox			2025-01-14T13:16:08.696Z	StillImage	COORDINATE_ROUNDED;CONTINENT_DERIVED_FROM_COORDINATES;TAXON_MATCH_TAXON_ID_IGNORED
3337698893	50c9509d-22c7-4a22-a47d-8c48425ef4a7	https://www.inaturalist.org/observations/91158443	Fungi	Basidiomycota	Agaricomycetes	Agaricales	Tubariaceae	Hemistropharia	Hemistropharia albocrenulata		SPECIES	Hemistropharia albocrenulata (Peck) Jacobsson & E.Larss.	Hemistropharia albocrenulata		CA		Québec	PRESENT		28eb1a3f-1c15-4a95-931a-4af90ecb574d	45.408588	-75.689186	27158.0						2021-08-11T16:31:47	11	8	2021	2529541	2529541	HUMAN_OBSERVATION	iNaturalist	Observations	91158443		Jonathan Jensen-Lynch	2021-08-15T06:46:07	CC_BY_NC_4_0	Josepha	Josepha			2025-01-14T12:20:35.549Z	StillImage	COORDINATE_ROUNDED;CONTINENT_DERIVED_FROM_COORDINATES;TAXON_MATCH_TAXON_ID_IGNORED
3097277359	50c9509d-22c7-4a22-a47d-8c48425ef4a7	https://www.inaturalist.org/observations/33252960	Fungi	Basidiomycota	Agaricomycetes	Agaricales	Tubariaceae	Hemistropharia	Hemistropharia albocrenulata		SPECIES	Hemistropharia albocrenulata (Peck) Jacobsson & E.Larss.	Hemistropharia albocrenulata		CA		Québec	PRESENT		28eb1a3f-1c15-4a95-931a-4af90ecb574d	45.190278	-71.937303	1577.0						2019-08-25T16:50:57	25	8	2019	2529541	2529541	HUMAN_OBSERVATION	iNaturalist	Observations	33252960		Ryan Patrick	2019-09-23T14:16:25	CC_BY_NC_4_0	natanyanerenberg	natanyanerenberg			2025-01-14T12:59:47.030Z	StillImage	COORDINATE_ROUNDED;CONTINENT_DERIVED_FROM_COORDINATES;TAXON_MATCH_TAXON_ID_IGNORED
3059021635	50c9509d-22c7-4a22-a47d-8c48425ef4a7	https://www.inaturalist.org/observations/61634493	Fungi	Basidiomycota	Agaricomycetes	Agaricales	Tubariaceae	Hemistropharia	Hemistropharia albocrenulata		SPECIES	Hemistropharia albocrenulata (Peck) Jacobsson & E.Larss.	Hemistropharia albocrenulata		CA		Ontario	PRESENT		28eb1a3f-1c15-4a95-931a-4af90ecb574d	45.436987	-76.330143	35.0						2020-10-03T10:53	3	10	2020	2529541	2529541	HUMAN_OBSERVATION	iNaturalist	Observations	61634493		jonathan_mack	2020-10-04T02:05:56	CC_BY_NC_4_0	jonathan_mack	jonathan_mack			2025-01-14T12:14:52.959Z	StillImage	COORDINATE_ROUNDED;CONTINENT_DERIVED_FROM_COORDINATES;TAXON_MATCH_TAXON_ID_IGNORED
3058783612	50c9509d-22c7-4a22-a47d-8c48425ef4a7	https://www.inaturalist.org/observations/59399083	Fungi	Basidiomycota	Agaricomycetes	Agaricales	Tubariaceae	Hemistropharia	Hemistropharia albocrenulata		SPECIES	Hemistropharia albocrenulata (Peck) Jacobsson & E.Larss.	Hemistropharia albocrenulata		CA		Ontario	PRESENT		28eb1a3f-1c15-4a95-931a-4af90ecb574d	45.455224	-75.546678	18.0						2020-09-12T14:07	12	9	2020	2529541	2529541	HUMAN_OBSERVATION	iNaturalist	Observations	59399083		jonathan_mack	2020-09-13T01:44:06	CC_BY_NC_4_0	jonathan_mack	jonathan_mack			2025-01-14T12:14:39.716Z	StillImage	COORDINATE_ROUNDED;CONTINENT_DERIVED_FROM_COORDINATES;TAXON_MATCH_TAXON_ID_IGNORED
3058764412	50c9509d-22c7-4a22-a47d-8c48425ef4a7	https://www.inaturalist.org/observations/35046939	Fungi	Basidiomycota	Agaricomycetes	Agaricales	Tubariaceae	Hemistropharia	Hemistropharia albocrenulata		SPECIES	Hemistropharia albocrenulata (Peck) Jacobsson & E.Larss.	Hemistropharia albocrenulata		CA		New Brunswick	PRESENT		28eb1a3f-1c15-4a95-931a-4af90ecb574d	46.115994	-64.804053	61.0						2013-08-30T19:15	30	8	2013	2529541	2529541	HUMAN_OBSERVATION	iNaturalist	Observations	35046939		Raymonde G Chartier	2019-10-29T14:12:34	CC_BY_NC_4_0	Raymonde G Chartier	Raymonde G Chartier			2025-01-14T12:09:43.072Z	StillImage	COORDINATE_ROUNDED;CONTINENT_DERIVED_FROM_COORDINATES;TAXON_MATCH_TAXON_ID_IGNORED
3031973922	50c9509d-22c7-4a22-a47d-8c48425ef4a7	https://www.inaturalist.org/observations/59279827	Fungi	Basidiomycota	Agaricomycetes	Agaricales	Tubariaceae	Hemistropharia	Hemistropharia albocrenulata		SPECIES	Hemistropharia albocrenulata (Peck) Jacobsson & E.Larss.	Hemistropharia albocrenulata		CA		Ontario	PRESENT		28eb1a3f-1c15-4a95-931a-4af90ecb574d	45.389099	-75.534519	99.0						2020-09-11T16:21	11	9	2020	2529541	2529541	HUMAN_OBSERVATION	iNaturalist	Observations	59279827		jonathan_mack	2020-09-12T01:59:46	CC_BY_NC_4_0	jonathan_mack	jonathan_mack			2025-01-14T12:14:52.394Z	StillImage	COORDINATE_ROUNDED;CONTINENT_DERIVED_FROM_COORDINATES;TAXON_MATCH_TAXON_ID_IGNORED
2859967886	50c9509d-22c7-4a22-a47d-8c48425ef4a7	https://www.inaturalist.org/observations/58024930	Fungi	Basidiomycota	Agaricomycetes	Agaricales	Tubariaceae	Hemistropharia	Hemistropharia albocrenulata		SPECIES	Hemistropharia albocrenulata (Peck) Jacobsson & E.Larss.	Hemistropharia albocrenulata		CA		Québec	PRESENT		28eb1a3f-1c15-4a95-931a-4af90ecb574d	45.108019	-72.565589	2759.0						2020-08-29T15:03:33	29	8	2020	2529541	2529541	HUMAN_OBSERVATION	iNaturalist	Observations	58024930		ethancrenson	2020-08-31T14:39:34	CC_BY_NC_4_0	timfoster	timfoster			2025-01-14T12:14:43.737Z	StillImage	COORDINATE_ROUNDED;CONTINENT_DERIVED_FROM_COORDINATES;TAXON_MATCH_TAXON_ID_IGNORED
2802773479	50c9509d-22c7-4a22-a47d-8c48425ef4a7	https://www.inaturalist.org/observations/32085834	Fungi	Basidiomycota	Agaricomycetes	Agaricales	Tubariaceae	Hemistropharia	Hemistropharia albocrenulata		SPECIES	Hemistropharia albocrenulata (Peck) Jacobsson & E.Larss.	Hemistropharia albocrenulata		CA		Québec	PRESENT		28eb1a3f-1c15-4a95-931a-4af90ecb574d	46.870108	-71.644533							2019-08-31T10:40	31	8	2019	2529541	2529541	HUMAN_OBSERVATION	iNaturalist	Observations	32085834		jonathan_mack	2019-09-04T01:52:40	CC_BY_NC_4_0	jonathan_mack	jonathan_mack			2025-01-14T13:03:38.697Z	StillImage	COORDINATE_ROUNDED;CONTINENT_DERIVED_FROM_COORDINATES;TAXON_MATCH_TAXON_ID_IGNORED
2802571361	50c9509d-22c7-4a22-a47d-8c48425ef4a7	https://www.inaturalist.org/observations/16737509	Fungi	Basidiomycota	Agaricomycetes	Agaricales	Tubariaceae	Hemistropharia	Hemistropharia albocrenulata		SPECIES	Hemistropharia albocrenulata (Peck) Jacobsson & E.Larss.	Hemistropharia albocrenulata		CA		Ontario	PRESENT		28eb1a3f-1c15-4a95-931a-4af90ecb574d	45.392131	-75.520358							2018-09-20T13:34	20	9	2018	2529541	2529541	HUMAN_OBSERVATION	iNaturalist	Observations	16737509		jonathan_mack	2018-09-21T02:23:19	CC_BY_NC_4_0	jonathan_mack	jonathan_mack			2025-01-14T13:00:33.908Z	StillImage	COORDINATE_ROUNDED;CONTINENT_DERIVED_FROM_COORDINATES;TAXON_MATCH_TAXON_ID_IGNORED
2634255330	50c9509d-22c7-4a22-a47d-8c48425ef4a7	https://www.inaturalist.org/observations/9572115	Fungi	Basidiomycota	Agaricomycetes	Agaricales	Tubariaceae	Hemistropharia	Hemistropharia albocrenulata		SPECIES	Hemistropharia albocrenulata (Peck) Jacobsson & E.Larss.	Hemistropharia albocrenulata		CA		Ontario	PRESENT		28eb1a3f-1c15-4a95-931a-4af90ecb574d	45.39615	-79.19605	427.0						2012-09-24	24	9	2012	2529541	2529541	HUMAN_OBSERVATION	iNaturalist	Observations	9572115		mycowalt	2018-01-23T07:57:38	CC_BY_NC_4_0	mycowalt	mycowalt			2025-01-14T12:58:17.971Z	StillImage	CONTINENT_DERIVED_FROM_COORDINATES;TAXON_MATCH_TAXON_ID_IGNORED
2610995410	50c9509d-22c7-4a22-a47d-8c48425ef4a7	https://www.inaturalist.org/observations/31421662	Fungi	Basidiomycota	Agaricomycetes	Agaricales	Tubariaceae	Hemistropharia	Hemistropharia albocrenulata		SPECIES	Hemistropharia albocrenulata (Peck) Jacobsson & E.Larss.	Hemistropharia albocrenulata		CA		Ontario	PRESENT		28eb1a3f-1c15-4a95-931a-4af90ecb574d	45.312942	-75.825163	1447.0						2019-08-24T09:27:10	24	8	2019	2529541	2529541	HUMAN_OBSERVATION	iNaturalist	Observations	31421662		Garrett Taylor	2019-08-25T22:24:55	CC_BY_NC_4_0	Derek Dunnett	Derek Dunnett			2025-01-14T12:08:58.829Z	StillImage	COORDINATE_ROUNDED;CONTINENT_DERIVED_FROM_COORDINATES;TAXON_MATCH_TAXON_ID_IGNORED
2273197630	50c9509d-22c7-4a22-a47d-8c48425ef4a7	https://www.inaturalist.org/observations/17319535	Fungi	Basidiomycota	Agaricomycetes	Agaricales	Tubariaceae	Hemistropharia	Hemistropharia albocrenulata		SPECIES	Hemistropharia albocrenulata (Peck) Jacobsson & E.Larss.	Hemistropharia albocrenulata		CA		Ontario	PRESENT		28eb1a3f-1c15-4a95-931a-4af90ecb574d	45.178692	-78.217567	30.0						2018-08-30T14:34:39	30	8	2018	2529541	2529541	HUMAN_OBSERVATION	iNaturalist	Observations	17319535		Basil Conlin	2018-10-08T22:08:06	CC_BY_NC_4_0	Sofia Becerra	Sofia Becerra			2025-01-14T13:02:48.763Z	StillImage	COORDINATE_ROUNDED;CONTINENT_DERIVED_FROM_COORDINATES;TAXON_MATCH_TAXON_ID_IGNORED
2013684745	50c9509d-22c7-4a22-a47d-8c48425ef4a7	https://www.inaturalist.org/observations/16170201	Fungi	Basidiomycota	Agaricomycetes	Agaricales	Tubariaceae	Hemistropharia	Hemistropharia albocrenulata		SPECIES	Hemistropharia albocrenulata (Peck) Jacobsson & E.Larss.	Hemistropharia albocrenulata		CA		Québec	PRESENT		28eb1a3f-1c15-4a95-931a-4af90ecb574d	45.736943	-75.756414	557.0						2018-08-30T10:53	30	8	2018	2529541	2529541	HUMAN_OBSERVATION	iNaturalist	Observations	16170201		jonathan_mack	2018-09-03T15:34:28	CC_BY_NC_4_0	jonathan_mack	jonathan_mack			2025-01-14T12:05:48.791Z	StillImage	COORDINATE_ROUNDED;CONTINENT_DERIVED_FROM_COORDINATES;TAXON_MATCH_TAXON_ID_IGNORED
1807261823	e8a25a42-f125-476c-8554-3ec21cd51a84	ACAD:118791	Fungi	Basidiomycota	Agaricomycetes	Agaricales	Tubariaceae	Hemistropharia	Hemistropharia albocrenulata		SPECIES	Hemistropharia albocrenulata (Peck) Jacobsson & E.Larss.	Hemistropharia albocrenulata (Peck) Jacobsson & E. Larss.	(Peck) Jacobsson & E. Larss.	CA	Kentville	Nova Scotia	PRESENT		6491ad8c-8e49-4bd4-a089-0ddb3bbe0890	45.07662	-64.49592							1949-09		9	1949	2529541	2529541	PRESERVED_SPECIMEN	Acadia University	ACAD	7493F	7493			CC0_1_0	Acadia University	Harrison, KA			2024-01-25T01:37:13.081Z	StillImage	GEODETIC_DATUM_INVALID;GEODETIC_DATUM_ASSUMED_WGS84;TAXON_MATCH_TAXON_ID_IGNORED;INSTITUTION_MATCH_FUZZY;COLLECTION_MATCH_FUZZY
1807260392	e8a25a42-f125-476c-8554-3ec21cd51a84	ACAD:117028	Fungi	Basidiomycota	Agaricomycetes	Agaricales	Tubariaceae	Hemistropharia	Hemistropharia albocrenulata		SPECIES	Hemistropharia albocrenulata (Peck) Jacobsson & E.Larss.	Hemistropharia albocrenulata (Peck) Jacobsson & E. Larss.	(Peck) Jacobsson & E. Larss.	CA	Fredericton	New Brunswick	PRESENT		6491ad8c-8e49-4bd4-a089-0ddb3bbe0890	45.945278	-66.666667							1959-09-08	8	9	1959	2529541	2529541	PRESERVED_SPECIMEN	Acadia University	ACAD	5288F	5288			CC0_1_0	Acadia University	H, KA; Congress Party			2024-01-25T01:37:12.508Z	StillImage	COORDINATE_ROUNDED;GEODETIC_DATUM_INVALID;GEODETIC_DATUM_ASSUMED_WGS84;TAXON_MATCH_TAXON_ID_IGNORED;INSTITUTION_MATCH_FUZZY;COLLECTION_MATCH_FUZZY
1412705797	21705170-d2b6-42de-8904-c3bca4b83591	CMMF014208	Fungi	Basidiomycota	Agaricomycetes	Agaricales	Tubariaceae	Hemistropharia	Hemistropharia albocrenulata		SPECIES	Stropharia albocrenulata (Peck) Kreisel	Stropharia albocrenulata (Peck) Kreisel	(Peck) Kreisel	CA	Shipshaw, Québec.	Québec	PRESENT		ff7bd5db-b724-4932-b496-10ea298851f9	48.466834	-71.263421	2500.0						1985-08-17	17	8	1985	2529548	2529541	PRESERVED_SPECIMEN	Université de Montréal Biodiversity Centre	CMMF	CMMF014208	2046	Guérin, Gérard		CC0_1_0	Université de Montréal Biodiversity Centre	Guérin, Gérard			2024-01-24T16:38:19.356Z	StillImage	INSTITUTION_MATCH_FUZZY;COLLECTION_MATCH_FUZZY;DIFFERENT_OWNER_INSTITUTION
1135068839	21705170-d2b6-42de-8904-c3bca4b83591	CMMF007352	Fungi	Basidiomycota	Agaricomycetes	Agaricales	Tubariaceae	Hemistropharia	Hemistropharia albocrenulata		SPECIES	Hemistropharia albocrenulata (Peck) Jacobsson & E.Larss.	Hemistropharia albocrenulata (Peck) Jacobsson & E. Larss.	(Peck) Jacobsson & E. Larss.	CA	Huntingdon, Boisé-des-Muir	Québec	PRESENT		ff7bd5db-b724-4932-b496-10ea298851f9	45.084583	-74.114033	100.0						2012-07-19	19	7	2012	2529541	2529541	PRESERVED_SPECIMEN	Université de Montréal Biodiversity Centre	CMMF	CMMF007352	C4015	McNeil, Raymond		CC0_1_0	Université de Montréal Biodiversity Centre	McNeil, Raymond			2024-01-24T16:38:21.452Z	StillImage	COORDINATE_ROUNDED;INSTITUTION_MATCH_FUZZY;COLLECTION_MATCH_FUZZY;DIFFERENT_OWNER_INSTITUTION
1135068637	21705170-d2b6-42de-8904-c3bca4b83591	CMMF007206	Fungi	Basidiomycota	Agaricomycetes	Agaricales	Tubariaceae	Hemistropharia	Hemistropharia albocrenulata		SPECIES	Hemistropharia albocrenulata (Peck) Jacobsson & E.Larss.	Hemistropharia albocrenulata (Peck) Jacobsson & E. Larss.	(Peck) Jacobsson & E. Larss.	CA	Mirabel (Chemin de la Rivière du Nord)	Québec	PRESENT		ff7bd5db-b724-4932-b496-10ea298851f9	45.683917	-74.2185	100.0						2005-09-24	24	9	2005	2529541	2529541	PRESERVED_SPECIMEN	Université de Montréal Biodiversity Centre	CMMF	CMMF007206	Inexistant	McNeil, Raymond		CC0_1_0	Université de Montréal Biodiversity Centre	McNeil, Raymond			2024-01-24T16:38:21.294Z	StillImage	COORDINATE_ROUNDED;INSTITUTION_MATCH_FUZZY;COLLECTION_MATCH_FUZZY;DIFFERENT_OWNER_INSTITUTION
1135067741	21705170-d2b6-42de-8904-c3bca4b83591	CMMF006325	Fungi	Basidiomycota	Agaricomycetes	Agaricales	Tubariaceae	Hemistropharia	Hemistropharia albocrenulata		SPECIES	Hemistropharia albocrenulata (Peck) Jacobsson & E.Larss.	Hemistropharia albocrenulata (Peck) Jacobsson & E. Larss.	(Peck) Jacobsson & E. Larss.	CA	Mont Saint-Grégoire	Québec	PRESENT		ff7bd5db-b724-4932-b496-10ea298851f9	45.365	-73.1545	100.0						1980-09-05	5	9	1980	2529541	2529541	PRESERVED_SPECIMEN	Université de Montréal Biodiversity Centre	CMMF	CMMF006325	870	McNeil, Raymond		CC0_1_0	Université de Montréal Biodiversity Centre	McNeil, Raymond			2024-01-24T16:38:18.979Z	StillImage	INSTITUTION_MATCH_FUZZY;COLLECTION_MATCH_FUZZY;DIFFERENT_OWNER_INSTITUTION
1135067641	21705170-d2b6-42de-8904-c3bca4b83591	CMMF006219	Fungi	Basidiomycota	Agaricomycetes	Agaricales	Tubariaceae	Hemistropharia	Hemistropharia albocrenulata		SPECIES	Hemistropharia albocrenulata (Peck) Jacobsson & E.Larss.	Hemistropharia albocrenulata (Peck) Jacobsson & E. Larss.	(Peck) Jacobsson & E. Larss.	CA	Châteauguay	Québec	PRESENT		ff7bd5db-b724-4932-b496-10ea298851f9	45.35433	-73.774083	100.0						2005-09-22	22	9	2005	2529541	2529541	PRESERVED_SPECIMEN	Université de Montréal Biodiversity Centre	CMMF	CMMF006219	C2553	McNeil, Raymond		CC0_1_0	Université de Montréal Biodiversity Centre	McNeil, Raymond			2024-01-24T16:38:18.874Z	StillImage	COORDINATE_ROUNDED;INSTITUTION_MATCH_FUZZY;COLLECTION_MATCH_FUZZY;DIFFERENT_OWNER_INSTITUTION
1024558871	21705170-d2b6-42de-8904-c3bca4b83591	CMMF004314	Fungi	Basidiomycota	Agaricomycetes	Agaricales	Tubariaceae	Hemistropharia	Hemistropharia albocrenulata		SPECIES	Hemistropharia albocrenulata (Peck) Jacobsson & E.Larss.	Hemistropharia albocrenulata (Peck) Jacobsson & E. Larss.	(Peck) Jacobsson & E. Larss.	CA	Réserve écologique du Boisé-des-Muir, Hinchinbrooke.	Québec	PRESENT		ff7bd5db-b724-4932-b496-10ea298851f9	45.086206	-74.117176	30.0						2012-07-23	23	7	2012	2529541	2529541	PRESERVED_SPECIMEN	Université de Montréal Biodiversity Centre	CMMF	CMMF004314	322	McNeil, Raymond		CC0_1_0	Université de Montréal Biodiversity Centre	Langlois, Annabelle; McNeil, Raymond			2024-01-24T16:38:19.591Z	StillImage	INSTITUTION_MATCH_FUZZY;COLLECTION_MATCH_FUZZY;DIFFERENT_OWNER_INSTITUTION
