gbifID	datasetKey	occurrenceID	kingdom	phylum	class	order	family	genus	species	infraspecificEpithet	taxonRank	scientificName	verbatimScientificName	verbatimScientificNameAuthorship	countryCode	locality	stateProvince	occurrenceStatus	individualCount	publishingOrgKey	decimalLatitude	decimalLongitude	coordinateUncertaintyInMeters	coordinatePrecision	elevation	elevationAccuracy	depth	depthAccuracy	eventDate	day	month	year	taxonKey	speciesKey	basisOfRecord	institutionCode	collectionCode	catalogNumber	recordNumber	identifiedBy	dateIdentified	license	rightsHolder	recordedBy	typeStatus	establishmentMeans	lastInterpreted	mediaType	issue
617555827	21705170-d2b6-42de-8904-c3bca4b83591	CMMF000983	Fungi	Basidiomycota	Agaricomycetes	Agaricales	Amanitaceae	Amanita	Amanita velatipes		SPECIES	Amanita velatipes G.F.Atk.	Amanita velatipes G.F. Atk.	G.F. Atk.	CA	Longueuil	Québec	PRESENT		ff7bd5db-b724-4932-b496-10ea298851f9	45.544154	-73.477185	5000.0						1990-07-10	10	7	1990	5451757	5451757	PRESERVED_SPECIMEN	Université de Montréal Biodiversity Centre	CMMF	CMMF000983		Lamoureux, Yves		CC0_1_0	Université de Montréal Biodiversity Centre	Lamoureux, Yves			2024-01-24T16:38:21.580Z	StillImage	INSTITUTION_MATCH_FUZZY;COLLECTION_MATCH_FUZZY;DIFFERENT_OWNER_INSTITUTION
617548951	21705170-d2b6-42de-8904-c3bca4b83591	CMMF001632	Fungi	Basidiomycota	Agaricomycetes	Agaricales	Amanitaceae	Amanita	Amanita velatipes		SPECIES	Amanita velatipes G.F.Atk.	Amanita velatipes G.F. Atk.	G.F. Atk.	CA	Longueuil	Québec	PRESENT		ff7bd5db-b724-4932-b496-10ea298851f9	45.544154	-73.477185	5000.0						1992-07-06	6	7	1992	5451757	5451757	PRESERVED_SPECIMEN	Université de Montréal Biodiversity Centre	CMMF	CMMF001632		Lamoureux, Yves		CC0_1_0	Université de Montréal Biodiversity Centre	Lamoureux, Yves			2024-01-24T16:38:17.685Z	StillImage	INSTITUTION_MATCH_FUZZY;COLLECTION_MATCH_FUZZY;DIFFERENT_OWNER_INSTITUTION
4993908241	50c9509d-22c7-4a22-a47d-8c48425ef4a7	https://www.inaturalist.org/observations/252675230	Fungi	Basidiomycota	Agaricomycetes	Agaricales	Amanitaceae	Amanita	Amanita velatipes		SPECIES	Amanita velatipes G.F.Atk.	Amanita velatipes		CA		Québec	PRESENT		28eb1a3f-1c15-4a95-931a-4af90ecb574d	45.037455	-74.071997	1953.0						2024-08-20T14:55	20	8	2024	5451757	5451757	HUMAN_OBSERVATION	iNaturalist	Observations	252675230		Annabelle Langlois	2024-11-23T03:43:02	CC_BY_NC_4_0	Annabelle Langlois	Annabelle Langlois			2025-01-14T12:56:47.347Z	StillImage	COORDINATE_ROUNDED;CONTINENT_DERIVED_FROM_COORDINATES;TAXON_MATCH_TAXON_ID_IGNORED
4982297123	50c9509d-22c7-4a22-a47d-8c48425ef4a7	https://www.inaturalist.org/observations/252046647	Fungi	Basidiomycota	Agaricomycetes	Agaricales	Amanitaceae	Amanita	Amanita velatipes		SPECIES	Amanita velatipes G.F.Atk.	Amanita velatipes		CA		Québec	PRESENT		28eb1a3f-1c15-4a95-931a-4af90ecb574d	45.492805	-74.012117	500.0						2023-07-12T17:13:47	12	7	2023	5451757	5451757	HUMAN_OBSERVATION	iNaturalist	Observations	252046647		Chantal Gauthier	2024-11-17T18:11:10	CC_BY_NC_4_0	Chantal Gauthier	Chantal Gauthier			2025-01-14T12:53:55.001Z		CONTINENT_DERIVED_FROM_COORDINATES;TAXON_MATCH_TAXON_ID_IGNORED
4946357215	50c9509d-22c7-4a22-a47d-8c48425ef4a7	https://www.inaturalist.org/observations/239589197	Fungi	Basidiomycota	Agaricomycetes	Agaricales	Amanitaceae	Amanita	Amanita velatipes		SPECIES	Amanita velatipes G.F.Atk.	Amanita velatipes		CA		Québec	PRESENT		28eb1a3f-1c15-4a95-931a-4af90ecb574d	45.507102	-73.587407	408.0						2024-09-02T16:46:21	2	9	2024	5451757	5451757	HUMAN_OBSERVATION	iNaturalist	Observations	239589197		pamrutkar	2024-09-03T11:44:07	CC_BY_NC_4_0	pamrutkar	pamrutkar			2025-01-14T13:43:45.652Z	StillImage	COORDINATE_ROUNDED;CONTINENT_DERIVED_FROM_COORDINATES;TAXON_MATCH_TAXON_ID_IGNORED
4923922041	50c9509d-22c7-4a22-a47d-8c48425ef4a7	https://www.inaturalist.org/observations/227598233	Fungi	Basidiomycota	Agaricomycetes	Agaricales	Amanitaceae	Amanita	Amanita velatipes		SPECIES	Amanita velatipes G.F.Atk.	Amanita velatipes		CA		Québec	PRESENT		28eb1a3f-1c15-4a95-931a-4af90ecb574d	45.039239	-72.819717	4.0						2024-07-06T15:43:17	6	7	2024	5451757	5451757	HUMAN_OBSERVATION	iNaturalist	Observations	227598233		l_bienvenue	2024-07-06T19:45:13	CC_BY_NC_4_0	l_bienvenue	l_bienvenue			2025-01-14T13:41:57.800Z	StillImage	COORDINATE_ROUNDED;CONTINENT_DERIVED_FROM_COORDINATES;TAXON_MATCH_TAXON_ID_IGNORED
4921716748	50c9509d-22c7-4a22-a47d-8c48425ef4a7	https://www.inaturalist.org/observations/177316881	Fungi	Basidiomycota	Agaricomycetes	Agaricales	Amanitaceae	Amanita	Amanita velatipes		SPECIES	Amanita velatipes G.F.Atk.	Amanita velatipes		CA		Québec	PRESENT		28eb1a3f-1c15-4a95-931a-4af90ecb574d	45.542446	-73.32889							2023-07-26T13:02:35	26	7	2023	5451757	5451757	HUMAN_OBSERVATION	iNaturalist	Observations	177316881		egrenier	2023-08-08T09:14:26	CC_BY_NC_4_0	egrenier	egrenier			2025-01-14T12:38:39.048Z	StillImage	COORDINATE_ROUNDED;CONTINENT_DERIVED_FROM_COORDINATES;TAXON_MATCH_TAXON_ID_IGNORED
4919415476	50c9509d-22c7-4a22-a47d-8c48425ef4a7	https://www.inaturalist.org/observations/130176569	Fungi	Basidiomycota	Agaricomycetes	Agaricales	Amanitaceae	Amanita	Amanita velatipes		SPECIES	Amanita velatipes G.F.Atk.	Amanita velatipes		CA		Québec	PRESENT		28eb1a3f-1c15-4a95-931a-4af90ecb574d	45.156795	-72.246772	499.0						2022-08-09T13:41:29	9	8	2022	5451757	5451757	HUMAN_OBSERVATION	iNaturalist	Observations	130176569		Laura Baxley	2022-08-09T23:18:22	CC_BY_NC_4_0	Laura Baxley	Laura Baxley			2025-01-14T13:24:36.312Z	StillImage	COORDINATE_ROUNDED;CONTINENT_DERIVED_FROM_COORDINATES;TAXON_MATCH_TAXON_ID_IGNORED
4919382298	50c9509d-22c7-4a22-a47d-8c48425ef4a7	https://www.inaturalist.org/observations/232293633	Fungi	Basidiomycota	Agaricomycetes	Agaricales	Amanitaceae	Amanita	Amanita velatipes		SPECIES	Amanita velatipes G.F.Atk.	Amanita velatipes		CA		Québec	PRESENT		28eb1a3f-1c15-4a95-931a-4af90ecb574d	46.337406	-75.974047	647180.0						2024-07-18T11:21:48	18	7	2024	5451757	5451757	HUMAN_OBSERVATION	iNaturalist	Observations	232293633		Antoine Fortin	2024-07-29T13:50:40	CC_BY_NC_4_0	sarah_elle_r	sarah_elle_r			2025-01-14T12:48:29.331Z	StillImage	COORDINATE_ROUNDED;CONTINENT_DERIVED_FROM_COORDINATES;TAXON_MATCH_TAXON_ID_IGNORED
4919348088	50c9509d-22c7-4a22-a47d-8c48425ef4a7	https://www.inaturalist.org/observations/173131434	Fungi	Basidiomycota	Agaricomycetes	Agaricales	Amanitaceae	Amanita	Amanita velatipes		SPECIES	Amanita velatipes G.F.Atk.	Amanita velatipes		CA		Québec	PRESENT		28eb1a3f-1c15-4a95-931a-4af90ecb574d	45.553247	-73.471443	233.0						2023-07-14T10:43	14	7	2023	5451757	5451757	HUMAN_OBSERVATION	iNaturalist	Observations	173131434		Antoine Fortin	2023-07-16T01:54:12	CC_BY_NC_4_0	Antoine Fortin	Antoine Fortin			2025-01-14T12:38:47.065Z	StillImage	COORDINATE_ROUNDED;CONTINENT_DERIVED_FROM_COORDINATES;TAXON_MATCH_TAXON_ID_IGNORED
4919207363	50c9509d-22c7-4a22-a47d-8c48425ef4a7	https://www.inaturalist.org/observations/103629183	Fungi	Basidiomycota	Agaricomycetes	Agaricales	Amanitaceae	Amanita	Amanita velatipes		SPECIES	Amanita velatipes G.F.Atk.	Amanita velatipes		CA		Québec	PRESENT		28eb1a3f-1c15-4a95-931a-4af90ecb574d	45.545778	-75.429835	31.0						2021-10-11	11	10	2021	5451757	5451757	HUMAN_OBSERVATION	iNaturalist	Observations	103629183		Christian Grenier	2021-12-25T13:07:38	CC_BY_NC_4_0	Christian Grenier	Christian Grenier			2025-01-14T13:19:16.104Z	StillImage	COORDINATE_ROUNDED;CONTINENT_DERIVED_FROM_COORDINATES;TAXON_MATCH_TAXON_ID_IGNORED
4911084455	50c9509d-22c7-4a22-a47d-8c48425ef4a7	https://www.inaturalist.org/observations/230660699	Fungi	Basidiomycota	Agaricomycetes	Agaricales	Amanitaceae	Amanita	Amanita velatipes		SPECIES	Amanita velatipes G.F.Atk.	Amanita velatipes		CA		Québec	PRESENT		28eb1a3f-1c15-4a95-931a-4af90ecb574d	45.037455	-74.071997	1953.0						2024-07-17T11:39	17	7	2024	5451757	5451757	HUMAN_OBSERVATION	iNaturalist	Observations	230660699		Annabelle Langlois	2024-07-21T03:38:10	CC_BY_NC_4_0	Annabelle Langlois	Annabelle Langlois			2025-01-14T13:42:44.702Z	StillImage	COORDINATE_ROUNDED;CONTINENT_DERIVED_FROM_COORDINATES;TAXON_MATCH_TAXON_ID_IGNORED
4908937785	50c9509d-22c7-4a22-a47d-8c48425ef4a7	https://www.inaturalist.org/observations/229268099	Fungi	Basidiomycota	Agaricomycetes	Agaricales	Amanitaceae	Amanita	Amanita velatipes		SPECIES	Amanita velatipes G.F.Atk.	Amanita velatipes		CA		Québec	PRESENT		28eb1a3f-1c15-4a95-931a-4af90ecb574d	45.553606	-75.966076	63963.0						2024-07-14T09:42:46	14	7	2024	5451757	5451757	HUMAN_OBSERVATION	iNaturalist	Observations	229268099		CJ C.	2024-07-14T18:23:08	CC_BY_NC_4_0	mfstewart	mfstewart			2025-01-14T13:42:33.142Z	StillImage	COORDINATE_ROUNDED;CONTINENT_DERIVED_FROM_COORDINATES;TAXON_MATCH_TAXON_ID_IGNORED
4600038170	50c9509d-22c7-4a22-a47d-8c48425ef4a7	https://www.inaturalist.org/observations/177682539	Fungi	Basidiomycota	Agaricomycetes	Agaricales	Amanitaceae	Amanita	Amanita velatipes		SPECIES	Amanita velatipes G.F.Atk.	Amanita velatipes		CA		Québec	PRESENT		28eb1a3f-1c15-4a95-931a-4af90ecb574d	45.502718	-73.590498	78.0						2023-08-10T11:32	10	8	2023	5451757	5451757	HUMAN_OBSERVATION	iNaturalist	Observations	177682539		Antoine Fortin	2023-08-11T12:50:04	CC_BY_NC_4_0	Ben	Ben			2025-01-14T13:32:24.769Z	StillImage	COORDINATE_ROUNDED;CONTINENT_DERIVED_FROM_COORDINATES;TAXON_MATCH_TAXON_ID_IGNORED
4430994800	50c9509d-22c7-4a22-a47d-8c48425ef4a7	https://www.inaturalist.org/observations/187070175	Fungi	Basidiomycota	Agaricomycetes	Agaricales	Amanitaceae	Amanita	Amanita velatipes		SPECIES	Amanita velatipes G.F.Atk.	Amanita velatipes		CA		New Brunswick	PRESENT		28eb1a3f-1c15-4a95-931a-4af90ecb574d	45.963555	-66.643115	9775.0						2023-07-20T10:59:43	20	7	2023	5451757	5451757	HUMAN_OBSERVATION	iNaturalist	Observations	187070175		Jessika Gauvin	2023-10-11T01:37:06	CC_BY_NC_4_0	Jessika Gauvin	Jessika Gauvin			2025-01-14T12:42:13.243Z	StillImage	COORDINATE_ROUNDED;CONTINENT_DERIVED_FROM_COORDINATES;TAXON_MATCH_TAXON_ID_IGNORED
4414074613	50c9509d-22c7-4a22-a47d-8c48425ef4a7	https://www.inaturalist.org/observations/182592250	Fungi	Basidiomycota	Agaricomycetes	Agaricales	Amanitaceae	Amanita	Amanita velatipes		SPECIES	Amanita velatipes G.F.Atk.	Amanita velatipes		CA		Québec	PRESENT		28eb1a3f-1c15-4a95-931a-4af90ecb574d	45.557963	-73.31464	1079.0						2023-09-09T13:05:46	9	9	2023	5451757	5451757	HUMAN_OBSERVATION	iNaturalist	Observations	182592250		Antoine Fortin	2023-09-12T14:34:37	CC_BY_NC_4_0	andrewbtmn	andrewbtmn			2025-01-14T12:44:41.416Z	StillImage	COORDINATE_ROUNDED;CONTINENT_DERIVED_FROM_COORDINATES;TAXON_MATCH_TAXON_ID_IGNORED
4399905226	50c9509d-22c7-4a22-a47d-8c48425ef4a7	https://www.inaturalist.org/observations/179461866	Fungi	Basidiomycota	Agaricomycetes	Agaricales	Amanitaceae	Amanita	Amanita velatipes		SPECIES	Amanita velatipes G.F.Atk.	Amanita velatipes		CA		Québec	PRESENT		28eb1a3f-1c15-4a95-931a-4af90ecb574d	45.420995	-75.822385	52.0						2023-08-20T15:36	20	8	2023	5451757	5451757	HUMAN_OBSERVATION	iNaturalist	Observations	179461866		jonathan_mack	2023-08-21T02:10:44	CC_BY_NC_4_0	jonathan_mack	jonathan_mack			2025-01-14T13:32:16.103Z	StillImage	COORDINATE_ROUNDED;CONTINENT_DERIVED_FROM_COORDINATES;TAXON_MATCH_TAXON_ID_IGNORED
4177123599	50c9509d-22c7-4a22-a47d-8c48425ef4a7	https://www.inaturalist.org/observations/175814880	Fungi	Basidiomycota	Agaricomycetes	Agaricales	Amanitaceae	Amanita	Amanita velatipes		SPECIES	Amanita velatipes G.F.Atk.	Amanita velatipes		CA		Québec	PRESENT		28eb1a3f-1c15-4a95-931a-4af90ecb574d	45.50732	-73.613153	16.0						2023-07-22T16:55:42	22	7	2023	5451757	5451757	HUMAN_OBSERVATION	iNaturalist	Observations	175814880		Antoine Fortin	2023-07-31T02:13:14	CC_BY_NC_4_0	nikapshe	nikapshe			2025-01-14T13:26:05.147Z	StillImage	COORDINATE_ROUNDED;CONTINENT_DERIVED_FROM_COORDINATES;TAXON_MATCH_TAXON_ID_IGNORED
4172215942	50c9509d-22c7-4a22-a47d-8c48425ef4a7	https://www.inaturalist.org/observations/177317539	Fungi	Basidiomycota	Agaricomycetes	Agaricales	Amanitaceae	Amanita	Amanita velatipes		SPECIES	Amanita velatipes G.F.Atk.	Amanita velatipes		CA		Québec	PRESENT		28eb1a3f-1c15-4a95-931a-4af90ecb574d	45.539322	-73.324711							2023-07-26T11:12:21	26	7	2023	5451757	5451757	HUMAN_OBSERVATION	iNaturalist	Observations	177317539		egrenier	2023-08-08T09:24:01	CC_BY_NC_4_0	egrenier	egrenier			2025-01-14T12:40:17.905Z	StillImage	COORDINATE_ROUNDED;CONTINENT_DERIVED_FROM_COORDINATES;TAXON_MATCH_TAXON_ID_IGNORED
4172022439	50c9509d-22c7-4a22-a47d-8c48425ef4a7	https://www.inaturalist.org/observations/175945503	Fungi	Basidiomycota	Agaricomycetes	Agaricales	Amanitaceae	Amanita	Amanita velatipes		SPECIES	Amanita velatipes G.F.Atk.	Amanita velatipes		CA		Québec	PRESENT		28eb1a3f-1c15-4a95-931a-4af90ecb574d	45.548991	-73.468504	771.0						2023-07-28T16:27	28	7	2023	5451757	5451757	HUMAN_OBSERVATION	iNaturalist	Observations	175945503		Antoine Fortin	2023-07-31T15:30:36	CC_BY_NC_4_0	Antoine Fortin	Antoine Fortin			2025-01-14T13:41:59.358Z	StillImage	COORDINATE_ROUNDED;CONTINENT_DERIVED_FROM_COORDINATES;TAXON_MATCH_TAXON_ID_IGNORED
4162058838	50c9509d-22c7-4a22-a47d-8c48425ef4a7	https://www.inaturalist.org/observations/173252518	Fungi	Basidiomycota	Agaricomycetes	Agaricales	Amanitaceae	Amanita	Amanita velatipes		SPECIES	Amanita velatipes G.F.Atk.	Amanita velatipes		CA		Québec	PRESENT		28eb1a3f-1c15-4a95-931a-4af90ecb574d	45.357048	-71.829093	84.0						2023-07-16T13:40:31	16	7	2023	5451757	5451757	HUMAN_OBSERVATION	iNaturalist	Observations	173252518		loudbass	2023-07-16T17:42:09	CC_BY_NC_4_0	loudbass	loudbass			2025-01-14T12:43:14.611Z	StillImage	COORDINATE_ROUNDED;CONTINENT_DERIVED_FROM_COORDINATES;TAXON_MATCH_TAXON_ID_IGNORED
4099908449	d1a3b128-b406-46bb-a6d1-f3591dcc8a7b	3a29e781-10e0-42d6-9805-32ce07cfbb74	Fungi	Basidiomycota	Agaricomycetes	Agaricales	Amanitaceae	Amanita	Amanita velatipes		SPECIES	Amanita velatipes G.F.Atk.	Amanita velatipis	G.F. Atk.	CA	near Kingsmere Mountain Road	Quebec	PRESENT		e43cf4b8-849e-4fac-b075-e652d019d2cf	45.490885	-75.841622	301.0						1954-07-17	17	7	1954	5451757	5451757	PRESERVED_SPECIMEN	BPI		BPI 751147		Hoare, S. C.		CC0_1_0		Payette, A.			2025-01-15T04:59:41.331Z		GEODETIC_DATUM_ASSUMED_WGS84;CONTINENT_DERIVED_FROM_COORDINATES;TAXON_MATCH_FUZZY;TAXON_MATCH_TAXON_ID_IGNORED;INSTITUTION_MATCH_FUZZY
3903094892	50c9509d-22c7-4a22-a47d-8c48425ef4a7	https://www.inaturalist.org/observations/132720721	Fungi	Basidiomycota	Agaricomycetes	Agaricales	Amanitaceae	Amanita	Amanita velatipes		SPECIES	Amanita velatipes G.F.Atk.	Amanita velatipes		CA		Québec	PRESENT		28eb1a3f-1c15-4a95-931a-4af90ecb574d	45.418036	-75.836852	391.0						2022-08-27T10:17	27	8	2022	5451757	5451757	HUMAN_OBSERVATION	iNaturalist	Observations	132720721		L Joan Heyding	2022-08-29T00:19:34	CC_BY_NC_4_0	L Joan Heyding	L Joan Heyding			2025-01-14T12:31:24.350Z	StillImage	COORDINATE_ROUNDED;CONTINENT_DERIVED_FROM_COORDINATES;TAXON_MATCH_TAXON_ID_IGNORED
3902314622	50c9509d-22c7-4a22-a47d-8c48425ef4a7	https://www.inaturalist.org/observations/132592917	Fungi	Basidiomycota	Agaricomycetes	Agaricales	Amanitaceae	Amanita	Amanita velatipes		SPECIES	Amanita velatipes G.F.Atk.	Amanita velatipes		CA		Québec	PRESENT		28eb1a3f-1c15-4a95-931a-4af90ecb574d	45.424226	-75.825672	391.0						2022-08-27T14:10	27	8	2022	5451757	5451757	HUMAN_OBSERVATION	iNaturalist	Observations	132592917		L Joan Heyding	2022-08-28T15:03:43	CC_BY_NC_4_0	L Joan Heyding	L Joan Heyding			2025-01-14T13:25:07.185Z	StillImage	COORDINATE_ROUNDED;CONTINENT_DERIVED_FROM_COORDINATES;TAXON_MATCH_TAXON_ID_IGNORED
2856535559	50c9509d-22c7-4a22-a47d-8c48425ef4a7	https://www.inaturalist.org/observations/57031698	Fungi	Basidiomycota	Agaricomycetes	Agaricales	Amanitaceae	Amanita	Amanita velatipes		SPECIES	Amanita velatipes G.F.Atk.	Amanita velatipes		CA		Ontario	PRESENT		28eb1a3f-1c15-4a95-931a-4af90ecb574d	45.349995	-75.949692	54.0						2020-08-20T11:00:46	20	8	2020	5451757	5451757	HUMAN_OBSERVATION	iNaturalist	Observations	57031698		Max Stevens	2020-08-26T01:07:07	CC_BY_NC_4_0	christinebull	christinebull			2025-01-14T13:09:54.026Z	StillImage	COORDINATE_ROUNDED;CONTINENT_DERIVED_FROM_COORDINATES;TAXON_MATCH_TAXON_ID_IGNORED
1701558111	39bd4817-9530-4341-a918-4f16b8db1419	UdeM:CMMF:Blitz2017:88	Fungi	Basidiomycota	Agaricomycetes	Agaricales	Amanitaceae	Amanita	Amanita velatipes		SPECIES	Amanita velatipes G.F.Atk.	Amanita velatipes G.F. Atk., 1900	G.F. Atk., 1900	CA	Parc des Chutes de Sainte-Ursule	Québec	PRESENT		ff7bd5db-b724-4932-b496-10ea298851f9	46.300422	-73.094321	500.0						2017-08-09	9	8	2017	5451757	5451757	HUMAN_OBSERVATION	Université de Montréal Biodiversity Centre	CMMF			Raymond Archambault et Joseph Nuzzolese	2017-08-09T00:00:00	CC0_1_0		IRBV's graduate students			2024-01-24T17:29:10.214Z		
1024560138	21705170-d2b6-42de-8904-c3bca4b83591	CMMF005535	Fungi	Basidiomycota	Agaricomycetes	Agaricales	Amanitaceae	Amanita	Amanita velatipes		SPECIES	Amanita velatipes G.F.Atk.	Amanita velatipes G.F. Atk.	G.F. Atk.	CA	Châteauguay (Centre écologique Fernand-Seguin)	Québec	PRESENT		ff7bd5db-b724-4932-b496-10ea298851f9	45.33983	-73.773917	100.0						2008-07-11	11	7	2008	5451757	5451757	PRESERVED_SPECIMEN	Université de Montréal Biodiversity Centre	CMMF	CMMF005535	C3265	McNeil, Raymond		CC0_1_0	Université de Montréal Biodiversity Centre	McNeil, Raymond			2024-01-24T16:38:15.779Z	StillImage	COORDINATE_ROUNDED;INSTITUTION_MATCH_FUZZY;COLLECTION_MATCH_FUZZY;DIFFERENT_OWNER_INSTITUTION
1024560091	21705170-d2b6-42de-8904-c3bca4b83591	CMMF005532	Fungi	Basidiomycota	Agaricomycetes	Agaricales	Amanitaceae	Amanita	Amanita velatipes		SPECIES	Amanita velatipes G.F.Atk.	Amanita velatipes G.F. Atk.	G.F. Atk.	CA	Châteauguay (Centre écologique Fernand-Seguin)	Québec	PRESENT		ff7bd5db-b724-4932-b496-10ea298851f9	45.33983	-73.773917	100.0						2006-07-19	19	7	2006	5451757	5451757	PRESERVED_SPECIMEN	Université de Montréal Biodiversity Centre	CMMF	CMMF005532	C2813	McNeil, Raymond		CC0_1_0	Université de Montréal Biodiversity Centre	McNeil, Raymond			2024-01-24T16:38:15.780Z	StillImage	COORDINATE_ROUNDED;INSTITUTION_MATCH_FUZZY;COLLECTION_MATCH_FUZZY;DIFFERENT_OWNER_INSTITUTION
1024560087	21705170-d2b6-42de-8904-c3bca4b83591	CMMF005534	Fungi	Basidiomycota	Agaricomycetes	Agaricales	Amanitaceae	Amanita	Amanita velatipes		SPECIES	Amanita velatipes G.F.Atk.	Amanita velatipes G.F. Atk.	G.F. Atk.	CA	Châteauguay (Centre écologique Fernand-Seguin)	Québec	PRESENT		ff7bd5db-b724-4932-b496-10ea298851f9	45.33983	-73.773917	100.0						2008-07-19	19	7	2008	5451757	5451757	PRESERVED_SPECIMEN	Université de Montréal Biodiversity Centre	CMMF	CMMF005534	C3285	McNeil, Raymond		CC0_1_0	Université de Montréal Biodiversity Centre	McNeil, Raymond			2024-01-24T16:38:15.778Z	StillImage	COORDINATE_ROUNDED;INSTITUTION_MATCH_FUZZY;COLLECTION_MATCH_FUZZY;DIFFERENT_OWNER_INSTITUTION
1024560067	21705170-d2b6-42de-8904-c3bca4b83591	CMMF005533	Fungi	Basidiomycota	Agaricomycetes	Agaricales	Amanitaceae	Amanita	Amanita velatipes		SPECIES	Amanita velatipes G.F.Atk.	Amanita velatipes G.F. Atk.	G.F. Atk.	CA	Montréal (Complexe funéraire des Trembles, Parc nature de la Pointe-aux-Prairies)	Québec	PRESENT		ff7bd5db-b724-4932-b496-10ea298851f9	45.682833	-73.503067	100.0						2008-07-15	15	7	2008	5451757	5451757	PRESERVED_SPECIMEN	Université de Montréal Biodiversity Centre	CMMF	CMMF005533	C3278	McNeil, Raymond		CC0_1_0	Université de Montréal Biodiversity Centre	McNeil, Raymond			2024-01-24T16:38:15.778Z	StillImage	COORDINATE_ROUNDED;INSTITUTION_MATCH_FUZZY;COLLECTION_MATCH_FUZZY;DIFFERENT_OWNER_INSTITUTION
1024560057	21705170-d2b6-42de-8904-c3bca4b83591	CMMF005537	Fungi	Basidiomycota	Agaricomycetes	Agaricales	Amanitaceae	Amanita	Amanita velatipes		SPECIES	Amanita velatipes G.F.Atk.	Amanita velatipes G.F. Atk.	G.F. Atk.	CA	Montréal (Complexe funéraire des Trembles, Parc nature de la Pointe-aux-Prairies)	Québec	PRESENT		ff7bd5db-b724-4932-b496-10ea298851f9	45.682833	-73.503067	100.0						2009-07-15	15	7	2009	5451757	5451757	PRESERVED_SPECIMEN	Université de Montréal Biodiversity Centre	CMMF	CMMF005537	C3488	McNeil, Raymond		CC0_1_0	Université de Montréal Biodiversity Centre	McNeil, Raymond			2024-01-24T16:38:15.778Z	StillImage	COORDINATE_ROUNDED;INSTITUTION_MATCH_FUZZY;COLLECTION_MATCH_FUZZY;DIFFERENT_OWNER_INSTITUTION
1024560052	21705170-d2b6-42de-8904-c3bca4b83591	CMMF005536	Fungi	Basidiomycota	Agaricomycetes	Agaricales	Amanitaceae	Amanita	Amanita velatipes		SPECIES	Amanita velatipes G.F.Atk.	Amanita velatipes G.F. Atk.	G.F. Atk.	CA	Châteauguay (Centre écologique Fernand-Seguin)	Québec	PRESENT		ff7bd5db-b724-4932-b496-10ea298851f9	45.33983	-73.773917	100.0						2006-08-11	11	8	2006	5451757	5451757	PRESERVED_SPECIMEN	Université de Montréal Biodiversity Centre	CMMF	CMMF005536	C2870	McNeil, Raymond		CC0_1_0	Université de Montréal Biodiversity Centre	McNeil, Raymond			2024-01-24T16:38:15.778Z	StillImage	COORDINATE_ROUNDED;INSTITUTION_MATCH_FUZZY;COLLECTION_MATCH_FUZZY;DIFFERENT_OWNER_INSTITUTION
1024560011	21705170-d2b6-42de-8904-c3bca4b83591	CMMF005538	Fungi	Basidiomycota	Agaricomycetes	Agaricales	Amanitaceae	Amanita	Amanita velatipes		SPECIES	Amanita velatipes G.F.Atk.	Amanita velatipes G.F. Atk.	G.F. Atk.	CA	Châteauguay (Centre écologique Fernand-Seguin)	Québec	PRESENT		ff7bd5db-b724-4932-b496-10ea298851f9	45.33983	-73.773917	100.0						2009-07-27	27	7	2009	5451757	5451757	PRESERVED_SPECIMEN	Université de Montréal Biodiversity Centre	CMMF	CMMF005538	C3500	McNeil, Raymond		CC0_1_0	Université de Montréal Biodiversity Centre	McNeil, Raymond			2024-01-24T16:38:15.778Z	StillImage	COORDINATE_ROUNDED;INSTITUTION_MATCH_FUZZY;COLLECTION_MATCH_FUZZY;DIFFERENT_OWNER_INSTITUTION
1024558656	21705170-d2b6-42de-8904-c3bca4b83591	CMMF004137	Fungi	Basidiomycota	Agaricomycetes	Agaricales	Amanitaceae	Amanita	Amanita velatipes		SPECIES	Amanita velatipes G.F.Atk.	Amanita velatipes G.F. Atk.	G.F. Atk.	CA	Réserve écologique du Boisé-des-Muir, Hinchinbrooke.	Québec	PRESENT		ff7bd5db-b724-4932-b496-10ea298851f9	45.08561	-74.115997	10.0						2011-08-30	30	8	2011	5451757	5451757	PRESERVED_SPECIMEN	Université de Montréal Biodiversity Centre	CMMF	CMMF004137	117	Lebeuf, Renée		CC0_1_0	Université de Montréal Biodiversity Centre	Archambault, Raymond; Lebeuf, Renée			2024-01-24T16:38:18.579Z		INSTITUTION_MATCH_FUZZY;COLLECTION_MATCH_FUZZY;DIFFERENT_OWNER_INSTITUTION
