gbifID	datasetKey	occurrenceID	kingdom	phylum	class	order	family	genus	species	infraspecificEpithet	taxonRank	scientificName	verbatimScientificName	verbatimScientificNameAuthorship	countryCode	locality	stateProvince	occurrenceStatus	individualCount	publishingOrgKey	decimalLatitude	decimalLongitude	coordinateUncertaintyInMeters	coordinatePrecision	elevation	elevationAccuracy	depth	depthAccuracy	eventDate	day	month	year	taxonKey	speciesKey	basisOfRecord	institutionCode	collectionCode	catalogNumber	recordNumber	identifiedBy	dateIdentified	license	rightsHolder	recordedBy	typeStatus	establishmentMeans	lastInterpreted	mediaType	issue
694156991	d7cfd2ed-8af4-427f-a16e-eb66b7e2c419	13984	Fungi	Basidiomycota	Agaricomycetes	Auriculariales	Auriculariaceae	Exidia	Exidia glandulosa		SPECIES	Exidia glandulosa (Bull.) Fr.	Exidia glandulosa (Bull.) Fr.	(Bull.) Fr.	CA	Algonquin Provincial Park	Ontario	PRESENT		ff418020-1d67-11d9-8435-b8a03c50a862	45.759859	-78.376465	67511.0						2006-09-30	30	9	2006	2553607	2553607	PRESERVED_SPECIMEN	Royal Ontario Museum	TRTC	TRTC151187	ELS06-03			CC0_1_0	Royal Ontario Museum	Erin Somerville			2024-01-25T00:59:38.892Z		COORDINATE_ROUNDED;AMBIGUOUS_INSTITUTION
617554571	21705170-d2b6-42de-8904-c3bca4b83591	CMMF000417	Fungi	Basidiomycota	Agaricomycetes	Auriculariales	Auriculariaceae	Exidia	Exidia glandulosa		SPECIES	Exidia glandulosa (Bull.) Fr.	Exidia glandulosa (Bull.) Fr.	(Bull.) Fr.	CA	Terrebonne	Québec	PRESENT		ff7bd5db-b724-4932-b496-10ea298851f9	45.70036	-73.637796	5000.0						1989-06-06	6	6	1989	2553607	2553607	PRESERVED_SPECIMEN	Université de Montréal Biodiversity Centre	CMMF	CMMF000417		Lamoureux, Yves		CC0_1_0	Université de Montréal Biodiversity Centre	Lamoureux, Yves			2024-01-24T16:38:19.965Z	StillImage	INSTITUTION_MATCH_FUZZY;COLLECTION_MATCH_FUZZY;DIFFERENT_OWNER_INSTITUTION
617553404	21705170-d2b6-42de-8904-c3bca4b83591	CMMF003585	Fungi	Basidiomycota	Agaricomycetes	Auriculariales	Auriculariaceae	Exidia	Exidia glandulosa		SPECIES	Exidia glandulosa (Bull.) Fr.	Exidia glandulosa (Bull.) Fr.	(Bull.) Fr.	CA	Rawdon	Québec	PRESENT		ff7bd5db-b724-4932-b496-10ea298851f9	46.052398	-73.748752	11000.0						2001-10-06	6	10	2001	2553607	2553607	PRESERVED_SPECIMEN	Université de Montréal Biodiversity Centre	CMMF	CMMF003585		Lamoureux, Yves		CC0_1_0	Université de Montréal Biodiversity Centre	Lamoureux, Yves			2024-01-24T16:38:16.368Z	StillImage	INSTITUTION_MATCH_FUZZY;COLLECTION_MATCH_FUZZY;DIFFERENT_OWNER_INSTITUTION
617548176	21705170-d2b6-42de-8904-c3bca4b83591	CMMF001292	Fungi	Basidiomycota	Agaricomycetes	Auriculariales	Auriculariaceae	Exidia	Exidia glandulosa		SPECIES	Exidia glandulosa (Bull.) Fr.	Exidia glandulosa (Bull.) Fr.	(Bull.) Fr.	CA	Forêt Larose	Ontario	PRESENT		ff7bd5db-b724-4932-b496-10ea298851f9	45.371919	-75.171224	7000.0						1991-05-06	6	5	1991	2553607	2553607	PRESERVED_SPECIMEN	Université de Montréal Biodiversity Centre	CMMF	CMMF001292		Lamoureux, Yves		CC0_1_0	Université de Montréal Biodiversity Centre	Rocheleau, Louise			2024-01-24T16:38:17.559Z	StillImage	INSTITUTION_MATCH_FUZZY;COLLECTION_MATCH_FUZZY;DIFFERENT_OWNER_INSTITUTION
617548171	21705170-d2b6-42de-8904-c3bca4b83591	CMMF001290	Fungi	Basidiomycota	Agaricomycetes	Auriculariales	Auriculariaceae	Exidia	Exidia glandulosa		SPECIES	Exidia glandulosa (Bull.) Fr.	Exidia glandulosa (Bull.) Fr.	(Bull.) Fr.	CA	Forêt Larose	Ontario	PRESENT		ff7bd5db-b724-4932-b496-10ea298851f9	45.371919	-75.171224	7000.0						1991-05-06	6	5	1991	2553607	2553607	PRESERVED_SPECIMEN	Université de Montréal Biodiversity Centre	CMMF	CMMF001290		Lamoureux, Yves		CC0_1_0	Université de Montréal Biodiversity Centre	Lamoureux, Yves			2024-01-24T16:38:17.541Z	StillImage	INSTITUTION_MATCH_FUZZY;COLLECTION_MATCH_FUZZY;DIFFERENT_OWNER_INSTITUTION
5008056024	50c9509d-22c7-4a22-a47d-8c48425ef4a7	https://www.inaturalist.org/observations/250690298	Fungi	Basidiomycota	Agaricomycetes	Auriculariales	Auriculariaceae	Exidia	Exidia glandulosa		SPECIES	Exidia glandulosa (Bull.) Fr.	Exidia glandulosa		CA		New Brunswick	PRESENT		28eb1a3f-1c15-4a95-931a-4af90ecb574d	46.93297	-64.889392	5.0						2024-11-06T11:41:47	6	11	2024	2553607	2553607	HUMAN_OBSERVATION	iNaturalist	Observations	250690298		Ken Sanderson	2024-11-13T11:06:50	CC_BY_NC_4_0	remidonelle	remidonelle			2025-01-14T13:44:41.293Z	StillImage	COORDINATE_ROUNDED;CONTINENT_DERIVED_FROM_COORDINATES;TAXON_MATCH_TAXON_ID_IGNORED
4987669324	50c9509d-22c7-4a22-a47d-8c48425ef4a7	https://www.inaturalist.org/observations/252673707	Fungi	Basidiomycota	Agaricomycetes	Auriculariales	Auriculariaceae	Exidia	Exidia glandulosa		SPECIES	Exidia glandulosa (Bull.) Fr.	Exidia glandulosa		CA		Prince Edward Island	PRESENT		28eb1a3f-1c15-4a95-931a-4af90ecb574d	46.527997	-64.011017	4.0						2024-11-22T14:27:19	22	11	2024	2553607	2553607	HUMAN_OBSERVATION	iNaturalist	Observations	252673707		Rosemary Curley	2024-11-23T03:22:54	CC_BY_NC_4_0	Rosemary Curley	Rosemary Curley			2025-01-14T12:54:16.263Z	StillImage	COORDINATE_ROUNDED;CONTINENT_DERIVED_FROM_COORDINATES;TAXON_MATCH_TAXON_ID_IGNORED
4978246960	50c9509d-22c7-4a22-a47d-8c48425ef4a7	https://www.inaturalist.org/observations/250197520	Fungi	Basidiomycota	Agaricomycetes	Auriculariales	Auriculariaceae	Exidia	Exidia glandulosa		SPECIES	Exidia glandulosa (Bull.) Fr.	Exidia glandulosa		CA		Prince Edward Island	PRESENT		28eb1a3f-1c15-4a95-931a-4af90ecb574d	46.666615	-64.230485	3.0						2024-11-02T14:04:58	2	11	2024	2553607	2553607	HUMAN_OBSERVATION	iNaturalist	Observations	250197520		zova	2024-11-02T21:18:01	CC_BY_NC_4_0	zova	zova			2025-01-14T13:38:52.313Z	StillImage	COORDINATE_ROUNDED;CONTINENT_DERIVED_FROM_COORDINATES;TAXON_MATCH_TAXON_ID_IGNORED
4973800454	50c9509d-22c7-4a22-a47d-8c48425ef4a7	https://www.inaturalist.org/observations/247629798	Fungi	Basidiomycota	Agaricomycetes	Auriculariales	Auriculariaceae	Exidia	Exidia glandulosa		SPECIES	Exidia glandulosa (Bull.) Fr.	Exidia glandulosa		CA		Ontario	PRESENT		28eb1a3f-1c15-4a95-931a-4af90ecb574d	46.286691	-78.872471							2024-10-16T10:05:31	16	10	2024	2553607	2553607	HUMAN_OBSERVATION	iNaturalist	Observations	247629798		Phytofern	2024-10-16T15:03:32	CC_BY_NC_4_0	Phytofern	Phytofern			2025-01-14T13:43:55.553Z	StillImage	COORDINATE_ROUNDED;CONTINENT_DERIVED_FROM_COORDINATES;TAXON_MATCH_TAXON_ID_IGNORED
4909250108	50c9509d-22c7-4a22-a47d-8c48425ef4a7	https://www.inaturalist.org/observations/229064373	Fungi	Basidiomycota	Agaricomycetes	Auriculariales	Auriculariaceae	Exidia	Exidia glandulosa		SPECIES	Exidia glandulosa (Bull.) Fr.	Exidia glandulosa		CA		Prince Edward Island	PRESENT		28eb1a3f-1c15-4a95-931a-4af90ecb574d	46.951764	-64.093261	5.0						2024-07-12T14:23	12	7	2024	2553607	2553607	HUMAN_OBSERVATION	iNaturalist	Observations	229064373		Rosemary Curley	2024-07-13T17:02:36	CC_BY_NC_4_0	Rosemary Curley	Rosemary Curley			2025-01-14T13:41:57.808Z	StillImage	COORDINATE_ROUNDED;CONTINENT_DERIVED_FROM_COORDINATES;TAXON_MATCH_TAXON_ID_IGNORED
4903737467	50c9509d-22c7-4a22-a47d-8c48425ef4a7	https://www.inaturalist.org/observations/226080211	Fungi	Basidiomycota	Agaricomycetes	Auriculariales	Auriculariaceae	Exidia	Exidia glandulosa		SPECIES	Exidia glandulosa (Bull.) Fr.	Exidia glandulosa		CA		Prince Edward Island	PRESENT		28eb1a3f-1c15-4a95-931a-4af90ecb574d	46.736972	-64.352928	4.0						2024-06-28T14:57	28	6	2024	2553607	2553607	HUMAN_OBSERVATION	iNaturalist	Observations	226080211		Rosemary Curley	2024-06-30T01:39:38	CC_BY_NC_4_0	Rosemary Curley	Rosemary Curley			2025-01-14T13:41:27.730Z	StillImage	COORDINATE_ROUNDED;CONTINENT_DERIVED_FROM_COORDINATES;TAXON_MATCH_TAXON_ID_IGNORED
4901599519	50c9509d-22c7-4a22-a47d-8c48425ef4a7	https://www.inaturalist.org/observations/222999104	Fungi	Basidiomycota	Agaricomycetes	Auriculariales	Auriculariaceae	Exidia	Exidia glandulosa		SPECIES	Exidia glandulosa (Bull.) Fr.	Exidia glandulosa		CA		Québec	PRESENT		28eb1a3f-1c15-4a95-931a-4af90ecb574d	45.501963	-75.731999	62.0						2024-06-15T10:33	15	6	2024	2553607	2553607	HUMAN_OBSERVATION	iNaturalist	Observations	222999104		jonathan_mack	2024-06-16T01:56:04	CC_BY_NC_4_0	jonathan_mack	jonathan_mack			2025-01-14T12:46:17.221Z	StillImage	COORDINATE_ROUNDED;CONTINENT_DERIVED_FROM_COORDINATES;TAXON_MATCH_TAXON_ID_IGNORED
4863682029	50c9509d-22c7-4a22-a47d-8c48425ef4a7	https://www.inaturalist.org/observations/215157951	Fungi	Basidiomycota	Agaricomycetes	Auriculariales	Auriculariaceae	Exidia	Exidia glandulosa		SPECIES	Exidia glandulosa (Bull.) Fr.	Exidia glandulosa		CA		New Brunswick	PRESENT		28eb1a3f-1c15-4a95-931a-4af90ecb574d	45.394325	-65.991188	3.0						2024-05-09T16:57:59	9	5	2024	2553607	2553607	HUMAN_OBSERVATION	iNaturalist	Observations	215157951		laura-the-explorer	2024-05-12T02:27:20	CC_BY_NC_4_0	laura-the-explorer	laura-the-explorer			2025-01-14T12:53:19.345Z	StillImage	COORDINATE_ROUNDED;CONTINENT_DERIVED_FROM_COORDINATES;TAXON_MATCH_TAXON_ID_IGNORED
4855364043	50c9509d-22c7-4a22-a47d-8c48425ef4a7	https://www.inaturalist.org/observations/213174907	Fungi	Basidiomycota	Agaricomycetes	Auriculariales	Auriculariaceae	Exidia	Exidia glandulosa		SPECIES	Exidia glandulosa (Bull.) Fr.	Exidia glandulosa		CA		Québec	PRESENT		28eb1a3f-1c15-4a95-931a-4af90ecb574d	45.358943	-73.740651	1846.0						2024-05-02T14:50:12	2	5	2024	2553607	2553607	HUMAN_OBSERVATION	iNaturalist	Observations	213174907		Antoine Fortin	2024-05-03T18:36:20	CC_BY_NC_4_0	Kody 🪳	Kody 🪳			2025-01-14T13:40:07.794Z	StillImage	COORDINATE_ROUNDED;CONTINENT_DERIVED_FROM_COORDINATES;TAXON_MATCH_TAXON_ID_IGNORED
4854965095	50c9509d-22c7-4a22-a47d-8c48425ef4a7	https://www.inaturalist.org/observations/212764523	Fungi	Basidiomycota	Agaricomycetes	Auriculariales	Auriculariaceae	Exidia	Exidia glandulosa		SPECIES	Exidia glandulosa (Bull.) Fr.	Exidia glandulosa		CA		Québec	PRESENT		28eb1a3f-1c15-4a95-931a-4af90ecb574d	45.55927	-75.665409	27158.0						2024-05-01T12:46	1	5	2024	2553607	2553607	HUMAN_OBSERVATION	iNaturalist	Observations	212764523		L Joan Heyding	2024-05-02T00:33:56	CC_BY_NC_4_0	L Joan Heyding	L Joan Heyding			2025-01-14T12:46:08.986Z	StillImage	COORDINATE_ROUNDED;CONTINENT_DERIVED_FROM_COORDINATES;TAXON_MATCH_TAXON_ID_IGNORED
4852219981	50c9509d-22c7-4a22-a47d-8c48425ef4a7	https://www.inaturalist.org/observations/207696987	Fungi	Basidiomycota	Agaricomycetes	Auriculariales	Auriculariaceae	Exidia	Exidia glandulosa		SPECIES	Exidia glandulosa (Bull.) Fr.	Exidia glandulosa		CA		Québec	PRESENT		28eb1a3f-1c15-4a95-931a-4af90ecb574d	45.463563	-74.270737	7.0						2024-04-14T11:29:20	14	4	2024	2553607	2553607	HUMAN_OBSERVATION	iNaturalist	Observations	207696987		gabboilard	2024-04-20T11:54:09	CC0_1_0	Maxim Larrivée	Maxim Larrivée			2025-01-14T13:31:04.014Z	StillImage	COORDINATE_ROUNDED;CONTINENT_DERIVED_FROM_COORDINATES;TAXON_MATCH_TAXON_ID_IGNORED
4852034917	50c9509d-22c7-4a22-a47d-8c48425ef4a7	https://www.inaturalist.org/observations/208791658	Fungi	Basidiomycota	Agaricomycetes	Auriculariales	Auriculariaceae	Exidia	Exidia glandulosa		SPECIES	Exidia glandulosa (Bull.) Fr.	Exidia glandulosa		CA		Québec	PRESENT		28eb1a3f-1c15-4a95-931a-4af90ecb574d	48.211546	-78.847738							2024-04-07T13:31:12	7	4	2024	2553607	2553607	HUMAN_OBSERVATION	iNaturalist	Observations	208791658		Jonathan Jensen-Lynch	2024-04-22T22:21:55	CC_BY_NC_4_0	Jonathan Jensen-Lynch	Jonathan Jensen-Lynch			2025-01-14T12:45:58.290Z	StillImage	COORDINATE_ROUNDED;CONTINENT_DERIVED_FROM_COORDINATES;TAXON_MATCH_TAXON_ID_IGNORED
4851873238	50c9509d-22c7-4a22-a47d-8c48425ef4a7	https://www.inaturalist.org/observations/211195211	Fungi	Basidiomycota	Agaricomycetes	Auriculariales	Auriculariaceae	Exidia	Exidia glandulosa		SPECIES	Exidia glandulosa (Bull.) Fr.	Exidia glandulosa		CA		Ontario	PRESENT		28eb1a3f-1c15-4a95-931a-4af90ecb574d	45.354985	-75.676042	183.0						2024-04-28T10:30	28	4	2024	2553607	2553607	HUMAN_OBSERVATION	iNaturalist	Observations	211195211		lstarzyn	2024-04-28T23:21:04	CC_BY_NC_4_0	lstarzyn	lstarzyn			2025-01-14T12:44:12.461Z	StillImage	CONTINENT_DERIVED_FROM_COORDINATES;TAXON_MATCH_TAXON_ID_IGNORED
4851820540	50c9509d-22c7-4a22-a47d-8c48425ef4a7	https://www.inaturalist.org/observations/207645782	Fungi	Basidiomycota	Agaricomycetes	Auriculariales	Auriculariaceae	Exidia	Exidia glandulosa		SPECIES	Exidia glandulosa (Bull.) Fr.	Exidia glandulosa		CA		Québec	PRESENT		28eb1a3f-1c15-4a95-931a-4af90ecb574d	45.572722	-75.92192	27158.0						2024-04-16T10:28	16	4	2024	2553607	2553607	HUMAN_OBSERVATION	iNaturalist	Observations	207645782		L Joan Heyding	2024-04-16T20:53:55	CC_BY_NC_4_0	L Joan Heyding	L Joan Heyding			2025-01-14T12:46:06.274Z	StillImage	COORDINATE_ROUNDED;CONTINENT_DERIVED_FROM_COORDINATES;TAXON_MATCH_TAXON_ID_IGNORED
4847240036	50c9509d-22c7-4a22-a47d-8c48425ef4a7	https://www.inaturalist.org/observations/207146750	Fungi	Basidiomycota	Agaricomycetes	Auriculariales	Auriculariaceae	Exidia	Exidia glandulosa		SPECIES	Exidia glandulosa (Bull.) Fr.	Exidia glandulosa		CA		Ontario	PRESENT		28eb1a3f-1c15-4a95-931a-4af90ecb574d	45.373751	-75.790342	500.0						2024-04-12T12:51:58	12	4	2024	2553607	2553607	HUMAN_OBSERVATION	iNaturalist	Observations	207146750		gabboilard	2024-04-14T14:05:10	CC_BY_NC_4_0	Nina	Nina			2025-01-14T12:46:26.175Z	StillImage	COORDINATE_ROUNDED;CONTINENT_DERIVED_FROM_COORDINATES;TAXON_MATCH_TAXON_ID_IGNORED
4607233201	50c9509d-22c7-4a22-a47d-8c48425ef4a7	https://www.inaturalist.org/observations/204662335	Fungi	Basidiomycota	Agaricomycetes	Auriculariales	Auriculariaceae	Exidia	Exidia glandulosa		SPECIES	Exidia glandulosa (Bull.) Fr.	Exidia glandulosa		CA		New Brunswick	PRESENT		28eb1a3f-1c15-4a95-931a-4af90ecb574d	46.114164	-64.638061	8.0						2024-03-30T14:53:54	30	3	2024	2553607	2553607	HUMAN_OBSERVATION	iNaturalist	Observations	204662335		zova	2024-03-31T01:29:48	CC_BY_NC_4_0	zova	zova			2025-01-14T13:39:35.880Z	StillImage	COORDINATE_ROUNDED;CONTINENT_DERIVED_FROM_COORDINATES;TAXON_MATCH_TAXON_ID_IGNORED
4606834896	50c9509d-22c7-4a22-a47d-8c48425ef4a7	https://www.inaturalist.org/observations/104059344	Fungi	Basidiomycota	Agaricomycetes	Auriculariales	Auriculariaceae	Exidia	Exidia glandulosa		SPECIES	Exidia glandulosa (Bull.) Fr.	Exidia glandulosa		CA		Ontario	PRESENT		28eb1a3f-1c15-4a95-931a-4af90ecb574d	45.262417	-75.367673	100.0						2021-10-23T11:57:44	23	10	2021	2553607	2553607	HUMAN_OBSERVATION	iNaturalist	Observations	104059344		Igor Khomenko	2022-01-15T16:14:01	CC_BY_NC_4_0	Owen Clarkin	Owen Clarkin			2025-01-14T12:27:41.163Z	StillImage	CONTINENT_DERIVED_FROM_COORDINATES;TAXON_MATCH_TAXON_ID_IGNORED
4596814210	50c9509d-22c7-4a22-a47d-8c48425ef4a7	https://www.inaturalist.org/observations/201529650	Fungi	Basidiomycota	Agaricomycetes	Auriculariales	Auriculariaceae	Exidia	Exidia glandulosa		SPECIES	Exidia glandulosa (Bull.) Fr.	Exidia glandulosa		CA		Ontario	PRESENT		28eb1a3f-1c15-4a95-931a-4af90ecb574d	45.354437	-75.604498	1095.0						2024-03-06T13:55	6	3	2024	2553607	2553607	HUMAN_OBSERVATION	iNaturalist	Observations	201529650		L Joan Heyding	2024-03-07T00:41:19	CC_BY_NC_4_0	L Joan Heyding	L Joan Heyding			2025-01-14T12:49:15.495Z	StillImage	COORDINATE_ROUNDED;CONTINENT_DERIVED_FROM_COORDINATES;TAXON_MATCH_TAXON_ID_IGNORED
4506503443	50c9509d-22c7-4a22-a47d-8c48425ef4a7	https://www.inaturalist.org/observations/194687088	Fungi	Basidiomycota	Agaricomycetes	Auriculariales	Auriculariaceae	Exidia	Exidia glandulosa		SPECIES	Exidia glandulosa (Bull.) Fr.	Exidia glandulosa		CA		New Brunswick	PRESENT		28eb1a3f-1c15-4a95-931a-4af90ecb574d	46.060915	-64.763404	70.0						2023-12-20T10:30:16	20	12	2023	2553607	2553607	HUMAN_OBSERVATION	iNaturalist	Observations	194687088		Robert W. Harding	2023-12-24T13:56:58	CC_BY_NC_4_0	cassandrawo	cassandrawo			2025-01-14T12:43:46.683Z	StillImage	COORDINATE_ROUNDED;CONTINENT_DERIVED_FROM_COORDINATES;TAXON_MATCH_TAXON_ID_IGNORED
4458612840	50c9509d-22c7-4a22-a47d-8c48425ef4a7	https://www.inaturalist.org/observations/161495723	Fungi	Basidiomycota	Agaricomycetes	Auriculariales	Auriculariaceae	Exidia	Exidia glandulosa		SPECIES	Exidia glandulosa (Bull.) Fr.	Exidia glandulosa		CA		Prince Edward Island	PRESENT		28eb1a3f-1c15-4a95-931a-4af90ecb574d	46.696272	-64.158264	44.0						2023-05-13T10:52:33	13	5	2023	2553607	2553607	HUMAN_OBSERVATION	iNaturalist	Observations	161495723		zova	2023-05-13T22:21:35	CC_BY_NC_4_0	zova	zova			2025-01-14T12:41:11.469Z	StillImage	COORDINATE_ROUNDED;CONTINENT_DERIVED_FROM_COORDINATES;TAXON_MATCH_TAXON_ID_IGNORED
4424607112	50c9509d-22c7-4a22-a47d-8c48425ef4a7	https://www.inaturalist.org/observations/186860426	Fungi	Basidiomycota	Agaricomycetes	Auriculariales	Auriculariaceae	Exidia	Exidia glandulosa		SPECIES	Exidia glandulosa (Bull.) Fr.	Exidia glandulosa		CA		Ontario	PRESENT		28eb1a3f-1c15-4a95-931a-4af90ecb574d	45.452916	-75.548004	44.0						2023-10-08T10:07	8	10	2023	2553607	2553607	HUMAN_OBSERVATION	iNaturalist	Observations	186860426		jonathan_mack	2023-10-09T15:49:51	CC_BY_NC_4_0	jonathan_mack	jonathan_mack			2025-01-14T13:33:52.807Z	StillImage	COORDINATE_ROUNDED;CONTINENT_DERIVED_FROM_COORDINATES;TAXON_MATCH_TAXON_ID_IGNORED
4424340524	50c9509d-22c7-4a22-a47d-8c48425ef4a7	https://www.inaturalist.org/observations/186865053	Fungi	Basidiomycota	Agaricomycetes	Auriculariales	Auriculariaceae	Exidia	Exidia glandulosa		SPECIES	Exidia glandulosa (Bull.) Fr.	Exidia glandulosa		CA		Ontario	PRESENT		28eb1a3f-1c15-4a95-931a-4af90ecb574d	45.374487	-75.697803	89.0						2023-10-08T15:23:20	8	10	2023	2553607	2553607	HUMAN_OBSERVATION	iNaturalist	Observations	186865053		David Thomas Glover	2023-10-09T16:29:04	CC_BY_NC_4_0	David Thomas Glover	David Thomas Glover			2025-01-14T12:42:11.666Z	StillImage	COORDINATE_ROUNDED;CONTINENT_DERIVED_FROM_COORDINATES;TAXON_MATCH_TAXON_ID_IGNORED
4424120371	50c9509d-22c7-4a22-a47d-8c48425ef4a7	https://www.inaturalist.org/observations/66019227	Fungi	Basidiomycota	Agaricomycetes	Auriculariales	Auriculariaceae	Exidia	Exidia glandulosa		SPECIES	Exidia glandulosa (Bull.) Fr.	Exidia glandulosa		CA		Ontario	PRESENT		28eb1a3f-1c15-4a95-931a-4af90ecb574d	45.400875	-75.561608	16.0						2020-12-02T13:10:37	2	12	2020	2553607	2553607	HUMAN_OBSERVATION	iNaturalist	Observations	66019227		Igor Khomenko	2020-12-02T22:00:58	CC_BY_NC_4_0	Igor Khomenko	Igor Khomenko			2025-01-14T12:15:55.212Z	StillImage	COORDINATE_ROUNDED;CONTINENT_DERIVED_FROM_COORDINATES;TAXON_MATCH_TAXON_ID_IGNORED
4171941427	50c9509d-22c7-4a22-a47d-8c48425ef4a7	https://www.inaturalist.org/observations/176022544	Fungi	Basidiomycota	Agaricomycetes	Auriculariales	Auriculariaceae	Exidia	Exidia glandulosa		SPECIES	Exidia glandulosa (Bull.) Fr.	Exidia glandulosa		CA		Québec	PRESENT		28eb1a3f-1c15-4a95-931a-4af90ecb574d	45.394319	-73.764356	15.0						2023-07-29T07:08	29	7	2023	2553607	2553607	HUMAN_OBSERVATION	iNaturalist	Observations	176022544		Charles Bruder	2023-08-01T01:13:18	CC_BY_NC_4_0	tom1989	tom1989			2025-01-14T12:43:36.402Z	StillImage	COORDINATE_ROUNDED;CONTINENT_DERIVED_FROM_COORDINATES;TAXON_MATCH_TAXON_ID_IGNORED
4166338438	695cef75-b65f-4776-b2ed-74565eebb16e	02-01000905638	Fungi	Basidiomycota	Agaricomycetes	Auriculariales	Auriculariaceae	Exidia	Exidia glandulosa		SPECIES	Exidia glandulosa (Bull.) Fr.	Exidia glandulosa	(Bull.) Fr.	CA	Algonquin Provincial Park, 2 miles down Rock Lake Road	Ontario	PRESENT		055bd978-2daa-4543-b3f0-44e0e87e86ca	45.55	-78.391667							1976-05-18	18	5	1976	2553607	2553607	PRESERVED_SPECIMEN	AAFC	DAOM	186684		L.K. Weresub		CC_BY_4_0	©His Majesty the King in Right of Canada, as represented by the Minister of Agriculture and Agri-Food	P. Johnson			2025-01-12T05:11:15.509Z		GEODETIC_DATUM_ASSUMED_WGS84;CONTINENT_DERIVED_FROM_COORDINATES;TAXON_MATCH_TAXON_ID_IGNORED;INSTITUTION_MATCH_FUZZY
4116045700	50c9509d-22c7-4a22-a47d-8c48425ef4a7	https://www.inaturalist.org/observations/160781592	Fungi	Basidiomycota	Agaricomycetes	Auriculariales	Auriculariaceae	Exidia	Exidia glandulosa		SPECIES	Exidia glandulosa (Bull.) Fr.	Exidia glandulosa		CA		New Brunswick	PRESENT		28eb1a3f-1c15-4a95-931a-4af90ecb574d	47.635842	-65.615641	246.0						2023-05-09T13:58:07	9	5	2023	2553607	2553607	HUMAN_OBSERVATION	iNaturalist	Observations	160781592		roachiecanada	2023-05-09T18:46:56	CC_BY_NC_4_0	roachiecanada	roachiecanada			2025-01-14T13:37:06.330Z	StillImage	COORDINATE_ROUNDED;CONTINENT_DERIVED_FROM_COORDINATES;TAXON_MATCH_TAXON_ID_IGNORED
4099877747	d1a3b128-b406-46bb-a6d1-f3591dcc8a7b	5f9c00b3-6ca6-4fa8-adb3-2712e0a68378	Fungi	Basidiomycota	Agaricomycetes	Auriculariales	Auriculariaceae	Exidia	Exidia glandulosa		SPECIES	Exidia glandulosa (Bull.) Fr.	Exidia glandulosa	(Bull.) Fr.	CA	Ottawa	Ontario	PRESENT		e43cf4b8-849e-4fac-b075-e652d019d2cf	45.416667	-75.7	52150.0						1883-09-30	30	9	1883	2553607	2553607	PRESERVED_SPECIMEN	BPI		BPI 720269	212			CC0_1_0		MACOUN			2025-01-15T04:59:39.906Z		GEODETIC_DATUM_ASSUMED_WGS84;CONTINENT_DERIVED_FROM_COORDINATES;TAXON_MATCH_TAXON_ID_IGNORED;INSTITUTION_MATCH_FUZZY
4099877737	d1a3b128-b406-46bb-a6d1-f3591dcc8a7b	845d923d-0655-419b-b351-12a101313752	Fungi	Basidiomycota	Agaricomycetes	Auriculariales	Auriculariaceae	Exidia	Exidia glandulosa		SPECIES	Exidia glandulosa (Bull.) Fr.	Exidia glandulosa	(Bull.) Fr.	CA	Chelsea	Quebec	PRESENT		e43cf4b8-849e-4fac-b075-e652d019d2cf	45.5	-75.783333	301.0						1939-05-10	10	5	1939	2553607	2553607	PRESERVED_SPECIMEN	BPI		BPI 720189		Bandoni R. J.		CC0_1_0		MACRAE Ruth			2025-01-15T04:59:39.904Z		GEODETIC_DATUM_ASSUMED_WGS84;CONTINENT_DERIVED_FROM_COORDINATES;TAXON_MATCH_TAXON_ID_IGNORED;INSTITUTION_MATCH_FUZZY
4099877736	d1a3b128-b406-46bb-a6d1-f3591dcc8a7b	33f1aca1-ac30-4d8b-b616-d9f469a291e0	Fungi	Basidiomycota	Agaricomycetes	Auriculariales	Auriculariaceae	Exidia	Exidia glandulosa		SPECIES	Exidia glandulosa (Bull.) Fr.	Exidia glandulosa	(Bull.) Fr.	CA	Chelsea	Quebec	PRESENT		e43cf4b8-849e-4fac-b075-e652d019d2cf	45.5	-75.783333	301.0						1936-11-06	6	11	1936	2553607	2553607	PRESERVED_SPECIMEN	BPI		BPI 720186		Bandoni R. J. (20)		CC0_1_0		Mounce I.; Nobles Mildred K.			2025-01-15T04:59:39.730Z		GEODETIC_DATUM_ASSUMED_WGS84;CONTINENT_DERIVED_FROM_COORDINATES;TAXON_MATCH_TAXON_ID_IGNORED;INSTITUTION_MATCH_FUZZY
4099876165	d1a3b128-b406-46bb-a6d1-f3591dcc8a7b	743e8d51-1cd5-4778-b5a3-19f6a03ee30e	Fungi	Basidiomycota	Agaricomycetes	Auriculariales	Auriculariaceae	Exidia	Exidia glandulosa		SPECIES	Exidia glandulosa (Bull.) Fr.	Exidia glandulosa	(Bull.) Fr.	CA	Ottawa	Ontario	PRESENT		e43cf4b8-849e-4fac-b075-e652d019d2cf	45.416667	-75.7	52150.0						1883-09-29	29	9	1883	2553607	2553607	PRESERVED_SPECIMEN	BPI		BPI 723466	156			CC0_1_0		MACOUN			2025-01-15T04:59:39.807Z		GEODETIC_DATUM_ASSUMED_WGS84;CONTINENT_DERIVED_FROM_COORDINATES;TAXON_MATCH_TAXON_ID_IGNORED;INSTITUTION_MATCH_FUZZY
4099635751	d1a3b128-b406-46bb-a6d1-f3591dcc8a7b	c2322ae0-6aeb-4780-a198-c2cec6a0abc6	Fungi	Basidiomycota	Agaricomycetes	Auriculariales	Auriculariaceae	Exidia	Exidia glandulosa		SPECIES	Exidia glandulosa (Bull.) Fr.	Exidia glandulosa	(Bull.) Fr.	CA	Bartibog River	New Brunswick	PRESENT		e43cf4b8-849e-4fac-b075-e652d019d2cf	47.233333	-65.6	301.0										2553607	2553607	PRESERVED_SPECIMEN	BPI		BPI 720265		Stevenson J. A.		CC0_1_0		Clinton G. P.			2025-01-15T04:59:40.111Z		GEODETIC_DATUM_ASSUMED_WGS84;CONTINENT_DERIVED_FROM_COORDINATES;TAXON_MATCH_TAXON_ID_IGNORED;INSTITUTION_MATCH_FUZZY
4099635735	d1a3b128-b406-46bb-a6d1-f3591dcc8a7b	a0c6e012-eb71-472e-b0d3-3b955bd9a946	Fungi	Basidiomycota	Agaricomycetes	Auriculariales	Auriculariaceae	Exidia	Exidia glandulosa		SPECIES	Exidia glandulosa (Bull.) Fr.	Exidia glandulosa	(Bull.) Fr.	CA	Pont Rouge	Unknown	PRESENT		e43cf4b8-849e-4fac-b075-e652d019d2cf	48.883342	-72.083044	301.0						1938-11-22	22	11	1938	2553607	2553607	PRESERVED_SPECIMEN	BPI		BPI 720130		Stevenson J. A.		CC0_1_0		Anselm			2025-01-15T04:59:40.091Z		GEODETIC_DATUM_ASSUMED_WGS84;CONTINENT_DERIVED_FROM_COORDINATES;TAXON_MATCH_TAXON_ID_IGNORED;INSTITUTION_MATCH_FUZZY
4096743387	50c9509d-22c7-4a22-a47d-8c48425ef4a7	https://www.inaturalist.org/observations/156159586	Fungi	Basidiomycota	Agaricomycetes	Auriculariales	Auriculariaceae	Exidia	Exidia glandulosa		SPECIES	Exidia glandulosa (Bull.) Fr.	Exidia glandulosa		CA		Québec	PRESENT		28eb1a3f-1c15-4a95-931a-4af90ecb574d	45.449881	-75.776396							2023-04-21T15:44	21	4	2023	2553607	2553607	HUMAN_OBSERVATION	iNaturalist	Observations	156159586		Serguei Ponomarenko	2023-04-23T01:18:02	CC_BY_NC_4_0	Serguei Ponomarenko	Serguei Ponomarenko			2025-01-14T12:34:04.617Z	StillImage	COORDINATE_ROUNDED;CONTINENT_DERIVED_FROM_COORDINATES;TAXON_MATCH_TAXON_ID_IGNORED
4067181898	50c9509d-22c7-4a22-a47d-8c48425ef4a7	https://www.inaturalist.org/observations/151264292	Fungi	Basidiomycota	Agaricomycetes	Auriculariales	Auriculariaceae	Exidia	Exidia glandulosa		SPECIES	Exidia glandulosa (Bull.) Fr.	Exidia glandulosa		CA		New Brunswick	PRESENT		28eb1a3f-1c15-4a95-931a-4af90ecb574d	45.918639	-64.309767							2023-03-15T15:22:23	15	3	2023	2553607	2553607	HUMAN_OBSERVATION	iNaturalist	Observations	151264292		Devin R. de Zwaan	2023-03-16T01:44:57	CC_BY_NC_4_0	Devin R. de Zwaan	Devin R. de Zwaan			2025-01-14T12:33:51.003Z	StillImage	COORDINATE_ROUNDED;CONTINENT_DERIVED_FROM_COORDINATES;TAXON_MATCH_TAXON_ID_IGNORED
4062546313	50c9509d-22c7-4a22-a47d-8c48425ef4a7	https://www.inaturalist.org/observations/24553704	Fungi	Basidiomycota	Agaricomycetes	Auriculariales	Auriculariaceae	Exidia	Exidia glandulosa		SPECIES	Exidia glandulosa (Bull.) Fr.	Exidia glandulosa		CA		Ontario	PRESENT		28eb1a3f-1c15-4a95-931a-4af90ecb574d	45.208453	-75.231725	66.0						2019-05-04T11:04	4	5	2019	2553607	2553607	HUMAN_OBSERVATION	iNaturalist	Observations	24553704		Igor Khomenko	2023-03-12T16:06:46	CC_BY_4_0	christine123	christine123			2025-01-14T12:58:48.302Z	StillImage	COORDINATE_ROUNDED;CONTINENT_DERIVED_FROM_COORDINATES;TAXON_MATCH_TAXON_ID_IGNORED
4029008510	50c9509d-22c7-4a22-a47d-8c48425ef4a7	https://www.inaturalist.org/observations/147789053	Fungi	Basidiomycota	Agaricomycetes	Auriculariales	Auriculariaceae	Exidia	Exidia glandulosa		SPECIES	Exidia glandulosa (Bull.) Fr.	Exidia glandulosa		CA		New Brunswick	PRESENT		28eb1a3f-1c15-4a95-931a-4af90ecb574d	47.635005	-65.616259	247.0						2023-01-31T16:06:28	31	1	2023	2553607	2553607	HUMAN_OBSERVATION	iNaturalist	Observations	147789053		roachiecanada	2023-01-31T21:54:40	CC_BY_NC_4_0	roachiecanada	roachiecanada			2025-01-14T13:22:53.189Z	StillImage	COORDINATE_ROUNDED;CONTINENT_DERIVED_FROM_COORDINATES;TAXON_MATCH_TAXON_ID_IGNORED
4023441451	0f83123f-0c04-4556-8f4d-5a4e2a9bac66	http://id.luomus.fi/MY.3699312	Fungi	Basidiomycota	Agaricomycetes	Auriculariales	Auriculariaceae	Exidia	Exidia glandulosa		SPECIES	Exidia glandulosa (Bull.) Fr.	Exidia glandulosa (Bull.) Fr.		CA	Gatineau Park, Hermit Trail	Quebec	PRESENT		04fd2e13-6881-4e5c-9dd1-8fdd9ab993c1	45.583333	-76.0							1949-05-27T00:00Z	27	5	1949	2553607	2553607	PRESERVED_SPECIMEN	H		http://id.luomus.fi/HA.H7035939				CC_BY_4_0		Macrae, Ruth			2025-01-12T05:29:53.525Z		CONTINENT_DERIVED_FROM_COORDINATES;TAXON_MATCH_TAXON_ID_IGNORED;COLLECTION_MATCH_NONE;INSTITUTION_MATCH_FUZZY
4015210811	50c9509d-22c7-4a22-a47d-8c48425ef4a7	https://www.inaturalist.org/observations/145799798	Fungi	Basidiomycota	Agaricomycetes	Auriculariales	Auriculariaceae	Exidia	Exidia glandulosa		SPECIES	Exidia glandulosa (Bull.) Fr.	Exidia glandulosa		CA		Ontario	PRESENT		28eb1a3f-1c15-4a95-931a-4af90ecb574d	45.278244	-75.938591	205.0						2023-01-01T12:15	1	1	2023	2553607	2553607	HUMAN_OBSERVATION	iNaturalist	Observations	145799798		abieticola	2023-01-04T02:46:00	CC_BY_NC_4_0	abieticola	abieticola			2025-01-14T13:27:09.585Z	StillImage	COORDINATE_ROUNDED;CONTINENT_DERIVED_FROM_COORDINATES;TAXON_MATCH_TAXON_ID_IGNORED
4011778869	50c9509d-22c7-4a22-a47d-8c48425ef4a7	https://www.inaturalist.org/observations/145353269	Fungi	Basidiomycota	Agaricomycetes	Auriculariales	Auriculariaceae	Exidia	Exidia glandulosa		SPECIES	Exidia glandulosa (Bull.) Fr.	Exidia glandulosa		CA		New Brunswick	PRESENT		28eb1a3f-1c15-4a95-931a-4af90ecb574d	47.855151	-64.66544	1455.0						2022-12-28T14:52	28	12	2022	2553607	2553607	HUMAN_OBSERVATION	iNaturalist	Observations	145353269		Ivy Austin	2022-12-29T15:16:47	CC_BY_NC_4_0	Ivy Austin	Ivy Austin			2025-01-14T12:32:42.537Z	StillImage	CONTINENT_DERIVED_FROM_COORDINATES;TAXON_MATCH_TAXON_ID_IGNORED
4009684079	50c9509d-22c7-4a22-a47d-8c48425ef4a7	https://www.inaturalist.org/observations/145051037	Fungi	Basidiomycota	Agaricomycetes	Auriculariales	Auriculariaceae	Exidia	Exidia glandulosa		SPECIES	Exidia glandulosa (Bull.) Fr.	Exidia glandulosa		CA		New Brunswick	PRESENT		28eb1a3f-1c15-4a95-931a-4af90ecb574d	47.730331	-65.883587	209.0						2022-12-25T12:16:12	25	12	2022	2553607	2553607	HUMAN_OBSERVATION	iNaturalist	Observations	145051037		roachiecanada	2022-12-25T16:40:05	CC_BY_NC_4_0	roachiecanada	roachiecanada			2025-01-14T12:32:37.177Z	StillImage	COORDINATE_ROUNDED;CONTINENT_DERIVED_FROM_COORDINATES;TAXON_MATCH_TAXON_ID_IGNORED
4006618004	50c9509d-22c7-4a22-a47d-8c48425ef4a7	https://www.inaturalist.org/observations/144555730	Fungi	Basidiomycota	Agaricomycetes	Auriculariales	Auriculariaceae	Exidia	Exidia glandulosa		SPECIES	Exidia glandulosa (Bull.) Fr.	Exidia glandulosa		CA		New Brunswick	PRESENT		28eb1a3f-1c15-4a95-931a-4af90ecb574d	47.729819	-65.883142	166.0						2022-12-17T12:22:40	17	12	2022	2553607	2553607	HUMAN_OBSERVATION	iNaturalist	Observations	144555730		Robert W. Harding	2022-12-18T04:52:14	CC_BY_NC_4_0	roachiecanada	roachiecanada			2025-01-14T13:26:58.236Z	StillImage	COORDINATE_ROUNDED;CONTINENT_DERIVED_FROM_COORDINATES;TAXON_MATCH_TAXON_ID_IGNORED
3986307183	50c9509d-22c7-4a22-a47d-8c48425ef4a7	https://www.inaturalist.org/observations/143084544	Fungi	Basidiomycota	Agaricomycetes	Auriculariales	Auriculariaceae	Exidia	Exidia glandulosa		SPECIES	Exidia glandulosa (Bull.) Fr.	Exidia glandulosa		CA		Prince Edward Island	PRESENT		28eb1a3f-1c15-4a95-931a-4af90ecb574d	46.690864	-64.020303	4.0						2022-11-27T13:46	27	11	2022	2553607	2553607	HUMAN_OBSERVATION	iNaturalist	Observations	143084544		Thelma Phillips	2022-11-27T20:46:05	CC_BY_NC_4_0	Thelma Phillips	Thelma Phillips			2025-01-14T12:33:27.325Z	StillImage	COORDINATE_ROUNDED;CONTINENT_DERIVED_FROM_COORDINATES;TAXON_MATCH_TAXON_ID_IGNORED
3966520595	50c9509d-22c7-4a22-a47d-8c48425ef4a7	https://www.inaturalist.org/observations/140679390	Fungi	Basidiomycota	Agaricomycetes	Auriculariales	Auriculariaceae	Exidia	Exidia glandulosa		SPECIES	Exidia glandulosa (Bull.) Fr.	Exidia glandulosa		CA		New Brunswick	PRESENT		28eb1a3f-1c15-4a95-931a-4af90ecb574d	46.179158	-67.625084	9.0						2022-10-31T14:57:49	31	10	2022	2553607	2553607	HUMAN_OBSERVATION	iNaturalist	Observations	140679390		jackievandijk	2022-10-31T17:59:31	CC_BY_NC_4_0	jackievandijk	jackievandijk			2025-01-14T13:25:59.276Z	StillImage	COORDINATE_ROUNDED;CONTINENT_DERIVED_FROM_COORDINATES;TAXON_MATCH_TAXON_ID_IGNORED
3966390273	50c9509d-22c7-4a22-a47d-8c48425ef4a7	https://www.inaturalist.org/observations/141959457	Fungi	Basidiomycota	Agaricomycetes	Auriculariales	Auriculariaceae	Exidia	Exidia glandulosa		SPECIES	Exidia glandulosa (Bull.) Fr.	Exidia glandulosa		CA		New Brunswick	PRESENT		28eb1a3f-1c15-4a95-931a-4af90ecb574d	46.205614	-64.298729	48.0						2022-11-13T10:37:25	13	11	2022	2553607	2553607	HUMAN_OBSERVATION	iNaturalist	Observations	141959457		jokersnightmare	2022-11-14T03:33:59	CC_BY_NC_4_0	jokersnightmare	jokersnightmare			2025-01-14T12:32:31.031Z	StillImage	COORDINATE_ROUNDED;CONTINENT_DERIVED_FROM_COORDINATES;TAXON_MATCH_TAXON_ID_IGNORED
3966365982	50c9509d-22c7-4a22-a47d-8c48425ef4a7	https://www.inaturalist.org/observations/141791092	Fungi	Basidiomycota	Agaricomycetes	Auriculariales	Auriculariaceae	Exidia	Exidia glandulosa		SPECIES	Exidia glandulosa (Bull.) Fr.	Exidia glandulosa		CA		Prince Edward Island	PRESENT		28eb1a3f-1c15-4a95-931a-4af90ecb574d	46.743687	-64.180176	20.0						2022-11-11T14:05	11	11	2022	2553607	2553607	HUMAN_OBSERVATION	iNaturalist	Observations	141791092		Rosemary Curley	2022-11-12T15:50:19	CC_BY_NC_4_0	Rosemary Curley	Rosemary Curley			2025-01-14T12:32:45.441Z	StillImage	COORDINATE_ROUNDED;CONTINENT_DERIVED_FROM_COORDINATES;TAXON_MATCH_TAXON_ID_IGNORED
3963533614	50c9509d-22c7-4a22-a47d-8c48425ef4a7	https://www.inaturalist.org/observations/140192538	Fungi	Basidiomycota	Agaricomycetes	Auriculariales	Auriculariaceae	Exidia	Exidia glandulosa		SPECIES	Exidia glandulosa (Bull.) Fr.	Exidia glandulosa		CA		New Brunswick	PRESENT		28eb1a3f-1c15-4a95-931a-4af90ecb574d	45.902095	-64.367553	4.0						2022-10-27T14:26:24	27	10	2022	2553607	2553607	HUMAN_OBSERVATION	iNaturalist	Observations	140192538		david_hudson	2022-10-27T21:43:31	CC_BY_NC_4_0	david_hudson	david_hudson			2025-01-14T13:22:19.684Z	StillImage	COORDINATE_ROUNDED;CONTINENT_DERIVED_FROM_COORDINATES;TAXON_MATCH_TAXON_ID_IGNORED
3963347305	50c9509d-22c7-4a22-a47d-8c48425ef4a7	https://www.inaturalist.org/observations/141389482	Fungi	Basidiomycota	Agaricomycetes	Auriculariales	Auriculariaceae	Exidia	Exidia glandulosa		SPECIES	Exidia glandulosa (Bull.) Fr.	Exidia glandulosa		CA		New Brunswick	PRESENT		28eb1a3f-1c15-4a95-931a-4af90ecb574d	45.713817	-65.695212	1514.0						2022-11-07T10:44:48	7	11	2022	2553607	2553607	HUMAN_OBSERVATION	iNaturalist	Observations	141389482		Tom Walker	2022-11-07T18:39:01	CC_BY_NC_4_0	earthdream	earthdream			2025-01-14T13:26:13.916Z	StillImage	COORDINATE_ROUNDED;CONTINENT_DERIVED_FROM_COORDINATES;TAXON_MATCH_TAXON_ID_IGNORED
3961477055	50c9509d-22c7-4a22-a47d-8c48425ef4a7	https://www.inaturalist.org/observations/140299669	Fungi	Basidiomycota	Agaricomycetes	Auriculariales	Auriculariaceae	Exidia	Exidia glandulosa		SPECIES	Exidia glandulosa (Bull.) Fr.	Exidia glandulosa		CA		Prince Edward Island	PRESENT		28eb1a3f-1c15-4a95-931a-4af90ecb574d	46.690826	-64.02066	20.0						2022-10-26T11:27	26	10	2022	2553607	2553607	HUMAN_OBSERVATION	iNaturalist	Observations	140299669		Rosemary Curley	2022-10-28T21:08:25	CC_BY_NC_4_0	Rosemary Curley	Rosemary Curley			2025-01-14T12:32:07.566Z	StillImage	COORDINATE_ROUNDED;CONTINENT_DERIVED_FROM_COORDINATES;TAXON_MATCH_TAXON_ID_IGNORED
3961123110	50c9509d-22c7-4a22-a47d-8c48425ef4a7	https://www.inaturalist.org/observations/140322753	Fungi	Basidiomycota	Agaricomycetes	Auriculariales	Auriculariaceae	Exidia	Exidia glandulosa		SPECIES	Exidia glandulosa (Bull.) Fr.	Exidia glandulosa		CA		Prince Edward Island	PRESENT		28eb1a3f-1c15-4a95-931a-4af90ecb574d	46.743073	-64.241417	20.0						2022-10-26T13:35	26	10	2022	2553607	2553607	HUMAN_OBSERVATION	iNaturalist	Observations	140322753		Rosemary Curley	2022-10-29T01:56:34	CC_BY_NC_4_0	Rosemary Curley	Rosemary Curley			2025-01-14T12:32:12.006Z	StillImage	COORDINATE_ROUNDED;CONTINENT_DERIVED_FROM_COORDINATES;TAXON_MATCH_TAXON_ID_IGNORED
3947556134	50c9509d-22c7-4a22-a47d-8c48425ef4a7	https://www.inaturalist.org/observations/139380143	Fungi	Basidiomycota	Agaricomycetes	Auriculariales	Auriculariaceae	Exidia	Exidia glandulosa		SPECIES	Exidia glandulosa (Bull.) Fr.	Exidia glandulosa		CA		New Brunswick	PRESENT		28eb1a3f-1c15-4a95-931a-4af90ecb574d	46.061239	-64.805218	3903.0						2022-10-17	17	10	2022	2553607	2553607	HUMAN_OBSERVATION	iNaturalist	Observations	139380143		Mrs.Ali	2022-10-19T23:32:43	CC_BY_NC_4_0	Mrs.Ali	Mrs.Ali			2025-01-14T13:26:02.174Z	StillImage	COORDINATE_ROUNDED;CONTINENT_DERIVED_FROM_COORDINATES;TAXON_MATCH_TAXON_ID_IGNORED
3915266505	50c9509d-22c7-4a22-a47d-8c48425ef4a7	https://www.inaturalist.org/observations/135856081	Fungi	Basidiomycota	Agaricomycetes	Auriculariales	Auriculariaceae	Exidia	Exidia glandulosa		SPECIES	Exidia glandulosa (Bull.) Fr.	Exidia glandulosa		CA		Québec	PRESENT		28eb1a3f-1c15-4a95-931a-4af90ecb574d	45.108042	-72.180689	122.0						2018-12-15T13:07	15	12	2018	2553607	2553607	HUMAN_OBSERVATION	iNaturalist	Observations	135856081		Chantal Rosa	2022-09-21T00:24:41	CC_BY_NC_4_0	Chantal Rosa	Chantal Rosa			2025-01-14T12:32:20.969Z	StillImage	COORDINATE_ROUNDED;CONTINENT_DERIVED_FROM_COORDINATES;TAXON_MATCH_TAXON_ID_IGNORED
3873762129	50c9509d-22c7-4a22-a47d-8c48425ef4a7	https://www.inaturalist.org/observations/126153561	Fungi	Basidiomycota	Agaricomycetes	Auriculariales	Auriculariaceae	Exidia	Exidia glandulosa		SPECIES	Exidia glandulosa (Bull.) Fr.	Exidia glandulosa		CA		Québec	PRESENT		28eb1a3f-1c15-4a95-931a-4af90ecb574d	45.972473	-76.552872	27095.0						2022-07-12T15:58	12	7	2022	2553607	2553607	HUMAN_OBSERVATION	iNaturalist	Observations	126153561		L Joan Heyding	2022-07-14T02:28:55	CC_BY_NC_4_0	L Joan Heyding	L Joan Heyding			2025-01-14T12:29:55.942Z	StillImage	COORDINATE_ROUNDED;CONTINENT_DERIVED_FROM_COORDINATES;TAXON_MATCH_TAXON_ID_IGNORED
3873374521	50c9509d-22c7-4a22-a47d-8c48425ef4a7	https://www.inaturalist.org/observations/126235303	Fungi	Basidiomycota	Agaricomycetes	Auriculariales	Auriculariaceae	Exidia	Exidia glandulosa		SPECIES	Exidia glandulosa (Bull.) Fr.	Exidia glandulosa		CA		Prince Edward Island	PRESENT		28eb1a3f-1c15-4a95-931a-4af90ecb574d	46.697552	-64.162834	33.0						2022-07-14T11:54:21	14	7	2022	2553607	2553607	HUMAN_OBSERVATION	iNaturalist	Observations	126235303		Harriet Dreise	2022-07-14T18:10:56	CC_BY_NC_4_0	Harriet Dreise	Harriet Dreise			2025-01-14T12:30:11.312Z	StillImage	COORDINATE_ROUNDED;CONTINENT_DERIVED_FROM_COORDINATES;TAXON_MATCH_TAXON_ID_IGNORED
3772590248	50c9509d-22c7-4a22-a47d-8c48425ef4a7	https://www.inaturalist.org/observations/114417528	Fungi	Basidiomycota	Agaricomycetes	Auriculariales	Auriculariaceae	Exidia	Exidia glandulosa		SPECIES	Exidia glandulosa (Bull.) Fr.	Exidia glandulosa		CA		Ontario	PRESENT		28eb1a3f-1c15-4a95-931a-4af90ecb574d	45.369976	-75.798798	68.0						2022-05-01T17:52:33	1	5	2022	2553607	2553607	HUMAN_OBSERVATION	iNaturalist	Observations	114417528		jonathan_mack	2022-05-09T02:23:42	CC_BY_NC_4_0	Nina	Nina			2025-01-14T12:27:04.945Z	StillImage	COORDINATE_ROUNDED;CONTINENT_DERIVED_FROM_COORDINATES;TAXON_MATCH_TAXON_ID_IGNORED
3764172389	50c9509d-22c7-4a22-a47d-8c48425ef4a7	https://www.inaturalist.org/observations/98743650	Fungi	Basidiomycota	Agaricomycetes	Auriculariales	Auriculariaceae	Exidia	Exidia glandulosa		SPECIES	Exidia glandulosa (Bull.) Fr.	Exidia glandulosa		CA		Ontario	PRESENT		28eb1a3f-1c15-4a95-931a-4af90ecb574d	45.204538	-76.22431	370.0						2021-10-16T11:34	16	10	2021	2553607	2553607	HUMAN_OBSERVATION	iNaturalist	Observations	98743650		Ken Allison	2021-10-19T22:47:59	CC_BY_NC_4_0	Ken Allison	Ken Allison			2025-01-14T12:22:47.946Z	StillImage	COORDINATE_ROUNDED;CONTINENT_DERIVED_FROM_COORDINATES;TAXON_MATCH_TAXON_ID_IGNORED
3760347714	50c9509d-22c7-4a22-a47d-8c48425ef4a7	https://www.inaturalist.org/observations/112224072	Fungi	Basidiomycota	Agaricomycetes	Auriculariales	Auriculariaceae	Exidia	Exidia glandulosa		SPECIES	Exidia glandulosa (Bull.) Fr.	Exidia glandulosa		CA		Ontario	PRESENT		28eb1a3f-1c15-4a95-931a-4af90ecb574d	45.224228	-75.915698	27190.0						2022-04-20T11:23	20	4	2022	2553607	2553607	HUMAN_OBSERVATION	iNaturalist	Observations	112224072		L Joan Heyding	2022-04-21T01:49:46	CC_BY_NC_4_0	L Joan Heyding	L Joan Heyding			2025-01-14T12:26:39.292Z	StillImage	COORDINATE_ROUNDED;CONTINENT_DERIVED_FROM_COORDINATES;TAXON_MATCH_TAXON_ID_IGNORED
3760205731	50c9509d-22c7-4a22-a47d-8c48425ef4a7	https://www.inaturalist.org/observations/112208904	Fungi	Basidiomycota	Agaricomycetes	Auriculariales	Auriculariaceae	Exidia	Exidia glandulosa		SPECIES	Exidia glandulosa (Bull.) Fr.	Exidia glandulosa		CA		Nova Scotia	PRESENT		28eb1a3f-1c15-4a95-931a-4af90ecb574d	45.689442	-64.10389	55.0						2022-04-20T15:07	20	4	2022	2553607	2553607	HUMAN_OBSERVATION	iNaturalist	Observations	112208904		Ben	2022-04-20T23:08:13	CC_BY_NC_4_0	Ben	Ben			2025-01-14T12:29:18.884Z	StillImage	COORDINATE_ROUNDED;CONTINENT_DERIVED_FROM_COORDINATES;TAXON_MATCH_TAXON_ID_IGNORED
3759378379	50c9509d-22c7-4a22-a47d-8c48425ef4a7	https://www.inaturalist.org/observations/111871869	Fungi	Basidiomycota	Agaricomycetes	Auriculariales	Auriculariaceae	Exidia	Exidia glandulosa		SPECIES	Exidia glandulosa (Bull.) Fr.	Exidia glandulosa		CA		New Brunswick	PRESENT		28eb1a3f-1c15-4a95-931a-4af90ecb574d	46.14742	-64.763981							2022-04-17T15:39:38	17	4	2022	2553607	2553607	HUMAN_OBSERVATION	iNaturalist	Observations	111871869		saralizj	2022-04-18T01:46:48	CC_BY_NC_4_0	saralizj	saralizj			2025-01-14T12:26:23.671Z	StillImage	COORDINATE_ROUNDED;CONTINENT_DERIVED_FROM_COORDINATES;TAXON_MATCH_TAXON_ID_IGNORED
3747414718	50c9509d-22c7-4a22-a47d-8c48425ef4a7	https://www.inaturalist.org/observations/109493134	Fungi	Basidiomycota	Agaricomycetes	Auriculariales	Auriculariaceae	Exidia	Exidia glandulosa		SPECIES	Exidia glandulosa (Bull.) Fr.	Exidia glandulosa		CA		Ontario	PRESENT		28eb1a3f-1c15-4a95-931a-4af90ecb574d	45.485787	-75.439224	27158.0						2022-03-25T13:40	25	3	2022	2553607	2553607	HUMAN_OBSERVATION	iNaturalist	Observations	109493134		L Joan Heyding	2022-03-25T22:31:39	CC_BY_NC_4_0	L Joan Heyding	L Joan Heyding			2025-01-14T12:29:40.490Z	StillImage	COORDINATE_ROUNDED;CONTINENT_DERIVED_FROM_COORDINATES;TAXON_MATCH_TAXON_ID_IGNORED
3743053177	50c9509d-22c7-4a22-a47d-8c48425ef4a7	https://www.inaturalist.org/observations/108724644	Fungi	Basidiomycota	Agaricomycetes	Auriculariales	Auriculariaceae	Exidia	Exidia glandulosa		SPECIES	Exidia glandulosa (Bull.) Fr.	Exidia glandulosa		CA		Ontario	PRESENT		28eb1a3f-1c15-4a95-931a-4af90ecb574d	45.571552	-78.490878	1.0						2022-03-16T09:55:09	16	3	2022	2553607	2553607	HUMAN_OBSERVATION	iNaturalist	Observations	108724644		Quinten Wiegersma	2022-03-16T13:56:02	CC_BY_4_0	Quinten Wiegersma	Quinten Wiegersma			2025-01-14T12:26:22.982Z	StillImage	COORDINATE_ROUNDED;CONTINENT_DERIVED_FROM_COORDINATES;TAXON_MATCH_TAXON_ID_IGNORED
3466346034	50c9509d-22c7-4a22-a47d-8c48425ef4a7	https://www.inaturalist.org/observations/106098834	Fungi	Basidiomycota	Agaricomycetes	Auriculariales	Auriculariaceae	Exidia	Exidia glandulosa		SPECIES	Exidia glandulosa (Bull.) Fr.	Exidia glandulosa		CA		Québec	PRESENT		28eb1a3f-1c15-4a95-931a-4af90ecb574d	45.607054	-73.68539	103.0						2022-02-03T17:03:03	3	2	2022	2553607	2553607	HUMAN_OBSERVATION	iNaturalist	Observations	106098834		Igor Khomenko	2022-02-04T05:39:56	CC_BY_NC_4_0	D. Marullo-Masson	D. Marullo-Masson			2025-01-14T12:24:33.040Z	StillImage	COORDINATE_ROUNDED;CONTINENT_DERIVED_FROM_COORDINATES;TAXON_MATCH_TAXON_ID_IGNORED
3456347432	50c9509d-22c7-4a22-a47d-8c48425ef4a7	https://www.inaturalist.org/observations/101633470	Fungi	Basidiomycota	Agaricomycetes	Auriculariales	Auriculariaceae	Exidia	Exidia glandulosa		SPECIES	Exidia glandulosa (Bull.) Fr.	Exidia glandulosa		CA		Ontario	PRESENT		28eb1a3f-1c15-4a95-931a-4af90ecb574d	45.393642	-75.510245							2021-11-21T12:06:12	21	11	2021	2553607	2553607	HUMAN_OBSERVATION	iNaturalist	Observations	101633470		Johann Wagner	2021-11-21T17:11:36	CC_BY_NC_4_0	Johann Wagner	Johann Wagner			2025-01-14T13:12:12.597Z	StillImage	COORDINATE_ROUNDED;CONTINENT_DERIVED_FROM_COORDINATES;TAXON_MATCH_TAXON_ID_IGNORED
3456225392	50c9509d-22c7-4a22-a47d-8c48425ef4a7	https://www.inaturalist.org/observations/104686704	Fungi	Basidiomycota	Agaricomycetes	Auriculariales	Auriculariaceae	Exidia	Exidia glandulosa		SPECIES	Exidia glandulosa (Bull.) Fr.	Exidia glandulosa		CA		New Brunswick	PRESENT		28eb1a3f-1c15-4a95-931a-4af90ecb574d	46.424846	-64.650043	1090.0						2022-01-06T13:09	6	1	2022	2553607	2553607	HUMAN_OBSERVATION	iNaturalist	Observations	104686704		Stuart Tingley	2022-01-10T03:26:55	CC_BY_NC_4_0	Stuart Tingley	Stuart Tingley			2025-01-14T13:17:40.224Z	StillImage	COORDINATE_ROUNDED;CONTINENT_DERIVED_FROM_COORDINATES;TAXON_MATCH_TAXON_ID_IGNORED
3455466947	50c9509d-22c7-4a22-a47d-8c48425ef4a7	https://www.inaturalist.org/observations/103123570	Fungi	Basidiomycota	Agaricomycetes	Auriculariales	Auriculariaceae	Exidia	Exidia glandulosa		SPECIES	Exidia glandulosa (Bull.) Fr.	Exidia glandulosa		CA		New Brunswick	PRESENT		28eb1a3f-1c15-4a95-931a-4af90ecb574d	46.157711	-64.144919	4133.0						2021-11-14T12:10	14	11	2021	2553607	2553607	HUMAN_OBSERVATION	iNaturalist	Observations	103123570		Lena Dietz Chiasson	2021-12-16T01:13:14	CC0_1_0	Lena Dietz Chiasson	Lena Dietz Chiasson			2025-01-14T12:24:45.858Z	StillImage	COORDINATE_ROUNDED;CONTINENT_DERIVED_FROM_COORDINATES;TAXON_MATCH_TAXON_ID_IGNORED
3416146444	50c9509d-22c7-4a22-a47d-8c48425ef4a7	https://www.inaturalist.org/observations/101164012	Fungi	Basidiomycota	Agaricomycetes	Auriculariales	Auriculariaceae	Exidia	Exidia glandulosa		SPECIES	Exidia glandulosa (Bull.) Fr.	Exidia glandulosa		CA		Ontario	PRESENT		28eb1a3f-1c15-4a95-931a-4af90ecb574d	45.318651	-75.71192	657.0						2021-11-14T11:59:49	14	11	2021	2553607	2553607	HUMAN_OBSERVATION	iNaturalist	Observations	101164012		allseeds	2021-11-15T02:38:12	CC_BY_NC_4_0	allseeds	allseeds			2025-01-14T13:15:42.877Z	StillImage	COORDINATE_ROUNDED;CONTINENT_DERIVED_FROM_COORDINATES;TAXON_MATCH_TAXON_ID_IGNORED
3415369041	50c9509d-22c7-4a22-a47d-8c48425ef4a7	https://www.inaturalist.org/observations/99936611	Fungi	Basidiomycota	Agaricomycetes	Auriculariales	Auriculariaceae	Exidia	Exidia glandulosa		SPECIES	Exidia glandulosa (Bull.) Fr.	Exidia glandulosa		CA		Ontario	PRESENT		28eb1a3f-1c15-4a95-931a-4af90ecb574d	45.357016	-75.597376	61.0						2021-10-28T13:41	28	10	2021	2553607	2553607	HUMAN_OBSERVATION	iNaturalist	Observations	99936611		Serguei Ponomarenko	2021-11-01T01:31:20	CC_BY_NC_4_0	Serguei Ponomarenko	Serguei Ponomarenko			2025-01-14T12:22:27.653Z	StillImage	COORDINATE_ROUNDED;CONTINENT_DERIVED_FROM_COORDINATES;TAXON_MATCH_TAXON_ID_IGNORED
3408232004	50c9509d-22c7-4a22-a47d-8c48425ef4a7	https://www.inaturalist.org/observations/100008834	Fungi	Basidiomycota	Agaricomycetes	Auriculariales	Auriculariaceae	Exidia	Exidia glandulosa		SPECIES	Exidia glandulosa (Bull.) Fr.	Exidia glandulosa		CA		Ontario	PRESENT		28eb1a3f-1c15-4a95-931a-4af90ecb574d	45.394378	-75.511428	183.0						2021-11-01T10:40	1	11	2021	2553607	2553607	HUMAN_OBSERVATION	iNaturalist	Observations	100008834		L Joan Heyding	2021-11-01T20:43:57	CC_BY_NC_4_0	L Joan Heyding	L Joan Heyding			2025-01-14T12:22:31.712Z	StillImage	COORDINATE_ROUNDED;CONTINENT_DERIVED_FROM_COORDINATES;TAXON_MATCH_TAXON_ID_IGNORED
3408103032	50c9509d-22c7-4a22-a47d-8c48425ef4a7	https://www.inaturalist.org/observations/100023783	Fungi	Basidiomycota	Agaricomycetes	Auriculariales	Auriculariaceae	Exidia	Exidia glandulosa		SPECIES	Exidia glandulosa (Bull.) Fr.	Exidia glandulosa		CA		New Brunswick	PRESENT		28eb1a3f-1c15-4a95-931a-4af90ecb574d	46.169983	-64.342777	219.0						2021-11-01T13:28	1	11	2021	2553607	2553607	HUMAN_OBSERVATION	iNaturalist	Observations	100023783		Raymonde G Chartier	2021-11-01T23:54:44	CC_BY_NC_4_0	Raymonde G Chartier	Raymonde G Chartier			2025-01-14T13:16:07.500Z	StillImage	COORDINATE_ROUNDED;CONTINENT_DERIVED_FROM_COORDINATES;TAXON_MATCH_TAXON_ID_IGNORED
3399354369	50c9509d-22c7-4a22-a47d-8c48425ef4a7	https://www.inaturalist.org/observations/99570622	Fungi	Basidiomycota	Agaricomycetes	Auriculariales	Auriculariaceae	Exidia	Exidia glandulosa		SPECIES	Exidia glandulosa (Bull.) Fr.	Exidia glandulosa		CA		Ontario	PRESENT		28eb1a3f-1c15-4a95-931a-4af90ecb574d	45.354562	-75.592187	182.0						2021-10-27T09:00	27	10	2021	2553607	2553607	HUMAN_OBSERVATION	iNaturalist	Observations	99570622		L Joan Heyding	2021-10-27T19:59:54	CC_BY_NC_4_0	L Joan Heyding	L Joan Heyding			2025-01-14T12:23:02.546Z	StillImage	COORDINATE_ROUNDED;CONTINENT_DERIVED_FROM_COORDINATES;TAXON_MATCH_TAXON_ID_IGNORED
3398826310	50c9509d-22c7-4a22-a47d-8c48425ef4a7	https://www.inaturalist.org/observations/98564906	Fungi	Basidiomycota	Agaricomycetes	Auriculariales	Auriculariaceae	Exidia	Exidia glandulosa		SPECIES	Exidia glandulosa (Bull.) Fr.	Exidia glandulosa		CA		Ontario	PRESENT		28eb1a3f-1c15-4a95-931a-4af90ecb574d	45.508245	-75.455096	400.0						2021-10-17T14:23	17	10	2021	2553607	2553607	HUMAN_OBSERVATION	iNaturalist	Observations	98564906		jonathan_mack	2021-10-18T01:38:44	CC_BY_NC_4_0	jonathan_mack	jonathan_mack			2025-01-14T13:16:15.558Z	StillImage	COORDINATE_ROUNDED;CONTINENT_DERIVED_FROM_COORDINATES;TAXON_MATCH_TAXON_ID_IGNORED
3384514265	50c9509d-22c7-4a22-a47d-8c48425ef4a7	https://www.inaturalist.org/observations/97104114	Fungi	Basidiomycota	Agaricomycetes	Auriculariales	Auriculariaceae	Exidia	Exidia glandulosa		SPECIES	Exidia glandulosa (Bull.) Fr.	Exidia glandulosa		CA		Ontario	PRESENT		28eb1a3f-1c15-4a95-931a-4af90ecb574d	45.457953	-75.468008	11.0						2021-10-03T15:13	3	10	2021	2553607	2553607	HUMAN_OBSERVATION	iNaturalist	Observations	97104114		jonathan_mack	2021-10-04T02:20:03	CC_BY_NC_4_0	jonathan_mack	jonathan_mack			2025-01-14T13:10:48.992Z	StillImage	COORDINATE_ROUNDED;CONTINENT_DERIVED_FROM_COORDINATES;TAXON_MATCH_TAXON_ID_IGNORED
3384237745	50c9509d-22c7-4a22-a47d-8c48425ef4a7	https://www.inaturalist.org/observations/94709284	Fungi	Basidiomycota	Agaricomycetes	Auriculariales	Auriculariaceae	Exidia	Exidia glandulosa		SPECIES	Exidia glandulosa (Bull.) Fr.	Exidia glandulosa		CA		New Brunswick	PRESENT		28eb1a3f-1c15-4a95-931a-4af90ecb574d	48.015343	-66.580779	32.0						2021-09-13T10:04:13	13	9	2021	2553607	2553607	HUMAN_OBSERVATION	iNaturalist	Observations	94709284		Jan Thornhill	2021-09-13T14:37:08	CC_BY_NC_4_0	Dean	Dean			2025-01-14T13:14:41.922Z	StillImage	COORDINATE_ROUNDED;CONTINENT_DERIVED_FROM_COORDINATES;TAXON_MATCH_TAXON_ID_IGNORED
3337875607	50c9509d-22c7-4a22-a47d-8c48425ef4a7	https://www.inaturalist.org/observations/85966731	Fungi	Basidiomycota	Agaricomycetes	Auriculariales	Auriculariaceae	Exidia	Exidia glandulosa		SPECIES	Exidia glandulosa (Bull.) Fr.	Exidia glandulosa		CA		Québec	PRESENT		28eb1a3f-1c15-4a95-931a-4af90ecb574d	45.381531	-71.864113	65.0						2021-07-06T18:12:57	6	7	2021	2553607	2553607	HUMAN_OBSERVATION	iNaturalist	Observations	85966731		virginievinet	2021-07-06T22:13:33	CC_BY_NC_4_0	virginievinet	virginievinet			2025-01-14T13:12:59.439Z	StillImage	COORDINATE_ROUNDED;CONTINENT_DERIVED_FROM_COORDINATES;TAXON_MATCH_TAXON_ID_IGNORED
3330422410	50c9509d-22c7-4a22-a47d-8c48425ef4a7	https://www.inaturalist.org/observations/72172390	Fungi	Basidiomycota	Agaricomycetes	Auriculariales	Auriculariaceae	Exidia	Exidia glandulosa		SPECIES	Exidia glandulosa (Bull.) Fr.	Exidia glandulosa		CA		Ontario	PRESENT		28eb1a3f-1c15-4a95-931a-4af90ecb574d	45.481346	-74.868921	27158.0						2021-03-27T11:45:33	27	3	2021	2553607	2553607	HUMAN_OBSERVATION	iNaturalist	Observations	72172390		Patrick	2021-03-27T15:46:11	CC_BY_NC_4_0	Patrick	Patrick			2025-01-14T12:17:41.928Z	StillImage	COORDINATE_ROUNDED;CONTINENT_DERIVED_FROM_COORDINATES;TAXON_MATCH_TAXON_ID_IGNORED
3314179389	50c9509d-22c7-4a22-a47d-8c48425ef4a7	https://www.inaturalist.org/observations/62907927	Fungi	Basidiomycota	Agaricomycetes	Auriculariales	Auriculariaceae	Exidia	Exidia glandulosa		SPECIES	Exidia glandulosa (Bull.) Fr.	Exidia glandulosa		CA		Nova Scotia	PRESENT		28eb1a3f-1c15-4a95-931a-4af90ecb574d	45.088223	-64.349192	357.0						2020-10-18T11:48:09	18	10	2020	2553607	2553607	HUMAN_OBSERVATION	iNaturalist	Observations	62907927		Jara de Hoog	2020-10-18T16:13:19	CC0_1_0	Jara de Hoog	Jara de Hoog			2025-01-14T12:15:34.545Z	StillImage	COORDINATE_ROUNDED;CONTINENT_DERIVED_FROM_COORDINATES;TAXON_MATCH_TAXON_ID_IGNORED
3301807255	50c9509d-22c7-4a22-a47d-8c48425ef4a7	https://www.inaturalist.org/observations/81800411	Fungi	Basidiomycota	Agaricomycetes	Auriculariales	Auriculariaceae	Exidia	Exidia glandulosa		SPECIES	Exidia glandulosa (Bull.) Fr.	Exidia glandulosa		CA		Ontario	PRESENT		28eb1a3f-1c15-4a95-931a-4af90ecb574d	45.457512	-75.467415	8.0						2021-06-05T13:45	5	6	2021	2553607	2553607	HUMAN_OBSERVATION	iNaturalist	Observations	81800411		jonathan_mack	2021-06-06T01:47:03	CC_BY_NC_4_0	jonathan_mack	jonathan_mack			2025-01-14T12:19:05.507Z	StillImage	COORDINATE_ROUNDED;CONTINENT_DERIVED_FROM_COORDINATES;TAXON_MATCH_TAXON_ID_IGNORED
3124652365	50c9509d-22c7-4a22-a47d-8c48425ef4a7	https://www.inaturalist.org/observations/80513341	Fungi	Basidiomycota	Agaricomycetes	Auriculariales	Auriculariaceae	Exidia	Exidia glandulosa		SPECIES	Exidia glandulosa (Bull.) Fr.	Exidia glandulosa		CA		New Brunswick	PRESENT		28eb1a3f-1c15-4a95-931a-4af90ecb574d	46.445431	-64.873848	90.0						2018-10-29T12:36:12	29	10	2018	2553607	2553607	HUMAN_OBSERVATION	iNaturalist	Observations	80513341		mycotopiaequilibrium	2021-05-27T19:09:36	CC_BY_NC_4_0	mycotopiaequilibrium	mycotopiaequilibrium			2025-01-14T12:19:36.630Z	StillImage	COORDINATE_ROUNDED;CONTINENT_DERIVED_FROM_COORDINATES;TAXON_MATCH_TAXON_ID_IGNORED
3112723182	50c9509d-22c7-4a22-a47d-8c48425ef4a7	https://www.inaturalist.org/observations/76329430	Fungi	Basidiomycota	Agaricomycetes	Auriculariales	Auriculariaceae	Exidia	Exidia glandulosa		SPECIES	Exidia glandulosa (Bull.) Fr.	Exidia glandulosa		CA		Ontario	PRESENT		28eb1a3f-1c15-4a95-931a-4af90ecb574d	45.390137	-75.55033	32.0						2021-04-30T12:03:14	30	4	2021	2553607	2553607	HUMAN_OBSERVATION	iNaturalist	Observations	76329430		Igor Khomenko	2021-05-01T22:57:11	CC_BY_NC_4_0	Igor Khomenko	Igor Khomenko			2025-01-14T12:17:09.826Z	StillImage	COORDINATE_ROUNDED;CONTINENT_DERIVED_FROM_COORDINATES;TAXON_MATCH_TAXON_ID_IGNORED
3097076970	50c9509d-22c7-4a22-a47d-8c48425ef4a7	https://www.inaturalist.org/observations/74375599	Fungi	Basidiomycota	Agaricomycetes	Auriculariales	Auriculariaceae	Exidia	Exidia glandulosa		SPECIES	Exidia glandulosa (Bull.) Fr.	Exidia glandulosa		CA		Ontario	PRESENT		28eb1a3f-1c15-4a95-931a-4af90ecb574d	45.513233	-75.101577							2021-04-17T15:33	17	4	2021	2553607	2553607	HUMAN_OBSERVATION	iNaturalist	Observations	74375599		jonathan_mack	2021-04-18T14:54:48	CC_BY_NC_4_0	jonathan_mack	jonathan_mack			2025-01-14T13:11:46.384Z	StillImage	COORDINATE_ROUNDED;CONTINENT_DERIVED_FROM_COORDINATES;TAXON_MATCH_TAXON_ID_IGNORED
3090858080	50c9509d-22c7-4a22-a47d-8c48425ef4a7	https://www.inaturalist.org/observations/73385261	Fungi	Basidiomycota	Agaricomycetes	Auriculariales	Auriculariaceae	Exidia	Exidia glandulosa		SPECIES	Exidia glandulosa (Bull.) Fr.	Exidia glandulosa		CA		New Brunswick	PRESENT		28eb1a3f-1c15-4a95-931a-4af90ecb574d	45.271591	-66.205572	4.0						2021-04-07T10:58	7	4	2021	2553607	2553607	HUMAN_OBSERVATION	iNaturalist	Observations	73385261		Eric Knopf	2021-04-09T13:30:40	CC_BY_NC_4_0	Eric Knopf	Eric Knopf			2025-01-14T12:16:44.637Z	StillImage	COORDINATE_ROUNDED;CONTINENT_DERIVED_FROM_COORDINATES;TAXON_MATCH_TAXON_ID_IGNORED
3079802528	50c9509d-22c7-4a22-a47d-8c48425ef4a7	https://www.inaturalist.org/observations/19476596	Fungi	Basidiomycota	Agaricomycetes	Auriculariales	Auriculariaceae	Exidia	Exidia glandulosa		SPECIES	Exidia glandulosa (Bull.) Fr.	Exidia glandulosa		CA		Ontario	PRESENT		28eb1a3f-1c15-4a95-931a-4af90ecb574d	45.390697	-75.548636	48.0						2019-01-05T13:20	5	1	2019	2553607	2553607	HUMAN_OBSERVATION	iNaturalist	Observations	19476596		Igor Khomenko	2019-01-06T22:19:33	CC_BY_NC_4_0	Igor Khomenko	Igor Khomenko			2025-01-14T12:06:13.952Z	StillImage	COORDINATE_ROUNDED;CONTINENT_DERIVED_FROM_COORDINATES;TAXON_MATCH_TAXON_ID_IGNORED
3079574154	50c9509d-22c7-4a22-a47d-8c48425ef4a7	https://www.inaturalist.org/observations/72215527	Fungi	Basidiomycota	Agaricomycetes	Auriculariales	Auriculariaceae	Exidia	Exidia glandulosa		SPECIES	Exidia glandulosa (Bull.) Fr.	Exidia glandulosa		CA		Québec	PRESENT		28eb1a3f-1c15-4a95-931a-4af90ecb574d	45.561873	-73.759722							2021-03-27T11:59:17	27	3	2021	2553607	2553607	HUMAN_OBSERVATION	iNaturalist	Observations	72215527		Étienne Léveillé-Bourret	2021-03-27T23:08:35	CC_BY_NC_4_0	Étienne Léveillé-Bourret	Étienne Léveillé-Bourret			2025-01-14T12:16:56.421Z	StillImage	COORDINATE_ROUNDED;CONTINENT_DERIVED_FROM_COORDINATES;TAXON_MATCH_TAXON_ID_IGNORED
3079555749	50c9509d-22c7-4a22-a47d-8c48425ef4a7	https://www.inaturalist.org/observations/36180390	Fungi	Basidiomycota	Agaricomycetes	Auriculariales	Auriculariaceae	Exidia	Exidia glandulosa		SPECIES	Exidia glandulosa (Bull.) Fr.	Exidia glandulosa		CA		Ontario	PRESENT		28eb1a3f-1c15-4a95-931a-4af90ecb574d	45.348328	-75.579933	800.0						2019-11-28T14:02	28	11	2019	2553607	2553607	HUMAN_OBSERVATION	iNaturalist	Observations	36180390		Igor Khomenko	2019-11-29T06:18:21	CC_BY_NC_4_0	Igor Khomenko	Igor Khomenko			2025-01-14T12:10:11.339Z	StillImage	COORDINATE_ROUNDED;CONTINENT_DERIVED_FROM_COORDINATES;TAXON_MATCH_TAXON_ID_IGNORED
3079550800	50c9509d-22c7-4a22-a47d-8c48425ef4a7	https://www.inaturalist.org/observations/44578862	Fungi	Basidiomycota	Agaricomycetes	Auriculariales	Auriculariaceae	Exidia	Exidia glandulosa		SPECIES	Exidia glandulosa (Bull.) Fr.	Exidia glandulosa		CA		Ontario	PRESENT		28eb1a3f-1c15-4a95-931a-4af90ecb574d	45.402922	-75.56443	64.0						2020-05-01T14:43:39	1	5	2020	2553607	2553607	HUMAN_OBSERVATION	iNaturalist	Observations	44578862		Igor Khomenko	2020-05-02T12:33:16	CC_BY_NC_4_0	Igor Khomenko	Igor Khomenko			2025-01-14T13:00:56.266Z	StillImage	COORDINATE_ROUNDED;CONTINENT_DERIVED_FROM_COORDINATES;TAXON_MATCH_TAXON_ID_IGNORED
3079509493	50c9509d-22c7-4a22-a47d-8c48425ef4a7	https://www.inaturalist.org/observations/18659775	Fungi	Basidiomycota	Agaricomycetes	Auriculariales	Auriculariaceae	Exidia	Exidia glandulosa		SPECIES	Exidia glandulosa (Bull.) Fr.	Exidia glandulosa		CA		Ontario	PRESENT		28eb1a3f-1c15-4a95-931a-4af90ecb574d	45.406155	-75.576662	32.0						2018-11-26T14:46:50	26	11	2018	2553607	2553607	HUMAN_OBSERVATION	iNaturalist	Observations	18659775		Igor Khomenko	2018-11-26T22:13:09	CC_BY_NC_4_0	Igor Khomenko	Igor Khomenko			2025-01-14T12:06:04.686Z	StillImage	COORDINATE_ROUNDED;CONTINENT_DERIVED_FROM_COORDINATES;TAXON_MATCH_TAXON_ID_IGNORED
3070601437	50c9509d-22c7-4a22-a47d-8c48425ef4a7	https://www.inaturalist.org/observations/8571243	Fungi	Basidiomycota	Agaricomycetes	Auriculariales	Auriculariaceae	Exidia	Exidia glandulosa		SPECIES	Exidia glandulosa (Bull.) Fr.	Exidia glandulosa		CA		Ontario	PRESENT		28eb1a3f-1c15-4a95-931a-4af90ecb574d	45.454283	-75.685007	218.0						2011-04-29T11:47	29	4	2011	2553607	2553607	HUMAN_OBSERVATION	iNaturalist	Observations	8571243		Garrett Taylor	2017-10-27T02:31:36	CC_BY_4_0	christine123	christine123			2025-01-14T12:58:23.882Z	StillImage	COORDINATE_ROUNDED;CONTINENT_DERIVED_FROM_COORDINATES;TAXON_MATCH_TAXON_ID_IGNORED
3059026121	50c9509d-22c7-4a22-a47d-8c48425ef4a7	https://www.inaturalist.org/observations/70362849	Fungi	Basidiomycota	Agaricomycetes	Auriculariales	Auriculariaceae	Exidia	Exidia glandulosa		SPECIES	Exidia glandulosa (Bull.) Fr.	Exidia glandulosa		CA		Prince Edward Island	PRESENT		28eb1a3f-1c15-4a95-931a-4af90ecb574d	46.624683	-64.014014	21.0						2021-02-28T11:52:50	28	2	2021	2553607	2553607	HUMAN_OBSERVATION	iNaturalist	Observations	70362849		Laura O'Connor	2021-03-01T01:14:44	CC_BY_NC_4_0	Laura O'Connor	Laura O'Connor			2025-01-14T13:11:07.065Z	StillImage	COORDINATE_ROUNDED;CONTINENT_DERIVED_FROM_COORDINATES;TAXON_MATCH_TAXON_ID_IGNORED
3044701613	50c9509d-22c7-4a22-a47d-8c48425ef4a7	https://www.inaturalist.org/observations/69830136	Fungi	Basidiomycota	Agaricomycetes	Auriculariales	Auriculariaceae	Exidia	Exidia glandulosa		SPECIES	Exidia glandulosa (Bull.) Fr.	Exidia glandulosa		CA		Québec	PRESENT		28eb1a3f-1c15-4a95-931a-4af90ecb574d	45.558339	-73.18055							2021-02-19T14:57:01	19	2	2021	2553607	2553607	HUMAN_OBSERVATION	iNaturalist	Observations	69830136		Erik Barr	2021-02-19T22:01:46	CC_BY_NC_4_0	Vincent Auclair	Vincent Auclair			2025-01-14T13:11:25.447Z	StillImage	COORDINATE_ROUNDED;CONTINENT_DERIVED_FROM_COORDINATES;TAXON_MATCH_TAXON_ID_IGNORED
3022704895	1f917113-dd55-4000-9f80-6266fab1af03	1371918	Fungi	Basidiomycota	Agaricomycetes	Auriculariales	Auriculariaceae	Exidia	Exidia glandulosa		SPECIES	Exidia glandulosa (Bull.) Fr.	Exidia glandulosa (Bull.) Fr.		CA	Chelsea		PRESENT		32859580-c30c-4367-8a8a-71f00fc9f833	45.539688	-75.886854	1000.0						1936-11-06	6	11	1936	2553607	2553607	PRESERVED_SPECIMEN	TAAM	TAAM	TAAM131724		Robert J. Bandoni		CC_BY_NC_4_0	Anu Kollom	I. Mounce;M. K. Nobles			2025-01-12T09:58:19.580Z		COORDINATE_ROUNDED;CONTINENT_DERIVED_FROM_COORDINATES
3014008946	50c9509d-22c7-4a22-a47d-8c48425ef4a7	https://www.inaturalist.org/observations/67206424	Fungi	Basidiomycota	Agaricomycetes	Auriculariales	Auriculariaceae	Exidia	Exidia glandulosa		SPECIES	Exidia glandulosa (Bull.) Fr.	Exidia glandulosa		CA		New Brunswick	PRESENT		28eb1a3f-1c15-4a95-931a-4af90ecb574d	46.062068	-64.913788	395.0						2020-12-28T14:43:31Z	28	12	2020	2553607	2553607	HUMAN_OBSERVATION	iNaturalist	Observations	67206424		catmin	2020-12-28T19:21:20	CC_BY_NC_4_0	catmin	catmin			2025-01-14T12:16:09.241Z	StillImage	COORDINATE_ROUNDED;CONTINENT_DERIVED_FROM_COORDINATES;TAXON_MATCH_TAXON_ID_IGNORED
3008519525	50c9509d-22c7-4a22-a47d-8c48425ef4a7	https://www.inaturalist.org/observations/66552514	Fungi	Basidiomycota	Agaricomycetes	Auriculariales	Auriculariaceae	Exidia	Exidia glandulosa		SPECIES	Exidia glandulosa (Bull.) Fr.	Exidia glandulosa		CA		Ontario	PRESENT		28eb1a3f-1c15-4a95-931a-4af90ecb574d	45.353024	-75.590926	41.0						2020-12-13T14:39	13	12	2020	2553607	2553607	HUMAN_OBSERVATION	iNaturalist	Observations	66552514		jonathan_mack	2020-12-14T02:34:09	CC_BY_NC_4_0	jonathan_mack	jonathan_mack			2025-01-14T13:11:18.464Z	StillImage	COORDINATE_ROUNDED;CONTINENT_DERIVED_FROM_COORDINATES;TAXON_MATCH_TAXON_ID_IGNORED
2999185744	50c9509d-22c7-4a22-a47d-8c48425ef4a7	https://www.inaturalist.org/observations/66145794	Fungi	Basidiomycota	Agaricomycetes	Auriculariales	Auriculariaceae	Exidia	Exidia glandulosa		SPECIES	Exidia glandulosa (Bull.) Fr.	Exidia glandulosa		CA		Ontario	PRESENT		28eb1a3f-1c15-4a95-931a-4af90ecb574d	45.451432	-75.509817	65.0						2020-12-05T13:09:40	5	12	2020	2553607	2553607	HUMAN_OBSERVATION	iNaturalist	Observations	66145794		David Thomas Glover	2020-12-05T18:09:49	CC_BY_NC_4_0	David Thomas Glover	David Thomas Glover			2025-01-14T13:11:25.193Z	StillImage	COORDINATE_ROUNDED;CONTINENT_DERIVED_FROM_COORDINATES;TAXON_MATCH_TAXON_ID_IGNORED
2999070629	50c9509d-22c7-4a22-a47d-8c48425ef4a7	https://www.inaturalist.org/observations/66090139	Fungi	Basidiomycota	Agaricomycetes	Auriculariales	Auriculariaceae	Exidia	Exidia glandulosa		SPECIES	Exidia glandulosa (Bull.) Fr.	Exidia glandulosa		CA		Ontario	PRESENT		28eb1a3f-1c15-4a95-931a-4af90ecb574d	45.084462	-75.702182	2.0						2020-12-04T09:45	4	12	2020	2553607	2553607	HUMAN_OBSERVATION	iNaturalist	Observations	66090139		wendtgower	2020-12-04T14:19:55	CC_BY_NC_4_0	wendtgower	wendtgower			2025-01-14T12:16:39.560Z	StillImage	COORDINATE_ROUNDED;CONTINENT_DERIVED_FROM_COORDINATES;TAXON_MATCH_TAXON_ID_IGNORED
2992862813	50c9509d-22c7-4a22-a47d-8c48425ef4a7	https://www.inaturalist.org/observations/65852487	Fungi	Basidiomycota	Agaricomycetes	Auriculariales	Auriculariaceae	Exidia	Exidia glandulosa		SPECIES	Exidia glandulosa (Bull.) Fr.	Exidia glandulosa		CA		Ontario	PRESENT		28eb1a3f-1c15-4a95-931a-4af90ecb574d	45.146902	-76.922523	1715.0						2020-11-21T13:15:49	21	11	2020	2553607	2553607	HUMAN_OBSERVATION	iNaturalist	Observations	65852487		David Thomas Glover	2020-11-30T00:15:37	CC_BY_NC_4_0	David Thomas Glover	David Thomas Glover			2025-01-14T12:15:42.786Z	StillImage	COORDINATE_ROUNDED;CONTINENT_DERIVED_FROM_COORDINATES;TAXON_MATCH_TAXON_ID_IGNORED
2988475534	50c9509d-22c7-4a22-a47d-8c48425ef4a7	https://www.inaturalist.org/observations/50300828	Fungi	Basidiomycota	Agaricomycetes	Auriculariales	Auriculariaceae	Exidia	Exidia glandulosa		SPECIES	Exidia glandulosa (Bull.) Fr.	Exidia glandulosa		CA		Québec	PRESENT		28eb1a3f-1c15-4a95-931a-4af90ecb574d	48.185793	-79.161929	473.0						2020-06-13T17:48	13	6	2020	2553607	2553607	HUMAN_OBSERVATION	iNaturalist	Observations	50300828		James Kameron Mitchell	2020-11-21T03:57:34	CC_BY_NC_4_0	nambec	nambec			2025-01-14T12:13:17.589Z	StillImage	COORDINATE_ROUNDED;CONTINENT_DERIVED_FROM_COORDINATES;TAXON_MATCH_TAXON_ID_IGNORED
2980968562	50c9509d-22c7-4a22-a47d-8c48425ef4a7	https://www.inaturalist.org/observations/63510270	Fungi	Basidiomycota	Agaricomycetes	Auriculariales	Auriculariaceae	Exidia	Exidia glandulosa		SPECIES	Exidia glandulosa (Bull.) Fr.	Exidia glandulosa		CA		Ontario	PRESENT		28eb1a3f-1c15-4a95-931a-4af90ecb574d	45.39856	-75.751381	6241.0						2020-10-25T15:23:25	25	10	2020	2553607	2553607	HUMAN_OBSERVATION	iNaturalist	Observations	63510270		David Thomas Glover	2020-10-25T19:44:24	CC_BY_NC_4_0	David Thomas Glover	David Thomas Glover			2025-01-14T12:15:17.477Z	StillImage	COORDINATE_ROUNDED;CONTINENT_DERIVED_FROM_COORDINATES;TAXON_MATCH_TAXON_ID_IGNORED
2980872294	50c9509d-22c7-4a22-a47d-8c48425ef4a7	https://www.inaturalist.org/observations/64265869	Fungi	Basidiomycota	Agaricomycetes	Auriculariales	Auriculariaceae	Exidia	Exidia glandulosa		SPECIES	Exidia glandulosa (Bull.) Fr.	Exidia glandulosa		CA		New Brunswick	PRESENT		28eb1a3f-1c15-4a95-931a-4af90ecb574d	45.192108	-66.300103	5.0						2020-10-22T09:49	22	10	2020	2553607	2553607	HUMAN_OBSERVATION	iNaturalist	Observations	64265869		Lena Dietz Chiasson	2020-11-05T22:46:18	CC0_1_0	Lena Dietz Chiasson	Lena Dietz Chiasson			2025-01-14T12:15:46.804Z	StillImage	COORDINATE_ROUNDED;CONTINENT_DERIVED_FROM_COORDINATES;TAXON_MATCH_TAXON_ID_IGNORED
2963777052	50c9509d-22c7-4a22-a47d-8c48425ef4a7	https://www.inaturalist.org/observations/63668697	Fungi	Basidiomycota	Agaricomycetes	Auriculariales	Auriculariaceae	Exidia	Exidia glandulosa		SPECIES	Exidia glandulosa (Bull.) Fr.	Exidia glandulosa		CA		Ontario	PRESENT		28eb1a3f-1c15-4a95-931a-4af90ecb574d	45.097839	-75.630163	5.0						2020-10-27T17:17:14	27	10	2020	2553607	2553607	HUMAN_OBSERVATION	iNaturalist	Observations	63668697		bharkness	2020-10-27T23:36:40	CC_BY_NC_4_0	bharkness	bharkness			2025-01-14T13:10:46.210Z	StillImage	COORDINATE_ROUNDED;CONTINENT_DERIVED_FROM_COORDINATES;TAXON_MATCH_TAXON_ID_IGNORED
2898346809	50c9509d-22c7-4a22-a47d-8c48425ef4a7	https://www.inaturalist.org/observations/62261008	Fungi	Basidiomycota	Agaricomycetes	Auriculariales	Auriculariaceae	Exidia	Exidia glandulosa		SPECIES	Exidia glandulosa (Bull.) Fr.	Exidia glandulosa		CA		Ontario	PRESENT		28eb1a3f-1c15-4a95-931a-4af90ecb574d	45.457605	-75.468015	16.0						2020-10-10T11:27	10	10	2020	2553607	2553607	HUMAN_OBSERVATION	iNaturalist	Observations	62261008		jonathan_mack	2020-10-11T01:59:20	CC_BY_NC_4_0	jonathan_mack	jonathan_mack			2025-01-14T13:09:29.702Z	StillImage	COORDINATE_ROUNDED;CONTINENT_DERIVED_FROM_COORDINATES;TAXON_MATCH_TAXON_ID_IGNORED
2883180876	50c9509d-22c7-4a22-a47d-8c48425ef4a7	https://www.inaturalist.org/observations/61633867	Fungi	Basidiomycota	Agaricomycetes	Auriculariales	Auriculariaceae	Exidia	Exidia glandulosa		SPECIES	Exidia glandulosa (Bull.) Fr.	Exidia glandulosa		CA		Ontario	PRESENT		28eb1a3f-1c15-4a95-931a-4af90ecb574d	45.437108	-76.333626	58.0						2020-10-03T10:09	3	10	2020	2553607	2553607	HUMAN_OBSERVATION	iNaturalist	Observations	61633867		jonathan_mack	2020-10-04T01:57:33	CC_BY_NC_4_0	jonathan_mack	jonathan_mack			2025-01-14T12:15:04.818Z	StillImage	COORDINATE_ROUNDED;CONTINENT_DERIVED_FROM_COORDINATES;TAXON_MATCH_TAXON_ID_IGNORED
2802923370	50c9509d-22c7-4a22-a47d-8c48425ef4a7	https://www.inaturalist.org/observations/15407996	Fungi	Basidiomycota	Agaricomycetes	Auriculariales	Auriculariaceae	Exidia	Exidia glandulosa		SPECIES	Exidia glandulosa (Bull.) Fr.	Exidia glandulosa		CA		Ontario	PRESENT		28eb1a3f-1c15-4a95-931a-4af90ecb574d	45.4559	-75.480756	8.0						2011-03-12T16:10	12	3	2011	2553607	2553607	HUMAN_OBSERVATION	iNaturalist	Observations	15407996		jonathan_mack	2018-08-14T01:49:14	CC_BY_NC_4_0	jonathan_mack	jonathan_mack			2025-01-14T12:06:12.510Z	StillImage	COORDINATE_ROUNDED;CONTINENT_DERIVED_FROM_COORDINATES;TAXON_MATCH_TAXON_ID_IGNORED
2802532480	50c9509d-22c7-4a22-a47d-8c48425ef4a7	https://www.inaturalist.org/observations/33923377	Fungi	Basidiomycota	Agaricomycetes	Auriculariales	Auriculariaceae	Exidia	Exidia glandulosa		SPECIES	Exidia glandulosa (Bull.) Fr.	Exidia glandulosa		CA		Ontario	PRESENT		28eb1a3f-1c15-4a95-931a-4af90ecb574d	45.458048	-75.46796	8.0						2019-10-05T14:17	5	10	2019	2553607	2553607	HUMAN_OBSERVATION	iNaturalist	Observations	33923377		jonathan_mack	2019-10-05T23:58:22	CC_BY_NC_4_0	jonathan_mack	jonathan_mack			2025-01-14T13:04:32.859Z	StillImage	COORDINATE_ROUNDED;CONTINENT_DERIVED_FROM_COORDINATES;TAXON_MATCH_TAXON_ID_IGNORED
2620006658	50c9509d-22c7-4a22-a47d-8c48425ef4a7	https://www.inaturalist.org/observations/42845829	Fungi	Basidiomycota	Agaricomycetes	Auriculariales	Auriculariaceae	Exidia	Exidia glandulosa		SPECIES	Exidia glandulosa (Bull.) Fr.	Exidia glandulosa		CA		Ontario	PRESENT		28eb1a3f-1c15-4a95-931a-4af90ecb574d	45.056966	-76.114608	169.0						2020-04-21T09:30:01	21	4	2020	2553607	2553607	HUMAN_OBSERVATION	iNaturalist	Observations	42845829		Windstone Farm	2020-04-22T14:32:14	CC_BY_NC_4_0	Windstone Farm	Windstone Farm			2025-01-14T12:11:46.184Z	StillImage	COORDINATE_ROUNDED;CONTINENT_DERIVED_FROM_COORDINATES;TAXON_MATCH_TAXON_ID_IGNORED
2597677425	50c9509d-22c7-4a22-a47d-8c48425ef4a7	https://www.inaturalist.org/observations/11614310	Fungi	Basidiomycota	Agaricomycetes	Auriculariales	Auriculariaceae	Exidia	Exidia glandulosa		SPECIES	Exidia glandulosa (Bull.) Fr.	Exidia glandulosa		CA		Québec	PRESENT		28eb1a3f-1c15-4a95-931a-4af90ecb574d	45.530556	-71.035553							2018-04-27T14:38:27	27	4	2018	2553607	2553607	HUMAN_OBSERVATION	iNaturalist	Observations	11614310		Danavan Rouillard	2018-04-28T15:34:09	CC_BY_NC_4_0	Danavan Rouillard	Danavan Rouillard			2025-01-14T12:04:53.416Z	StillImage	COORDINATE_ROUNDED;CONTINENT_DERIVED_FROM_COORDINATES;TAXON_MATCH_TAXON_ID_IGNORED
2573827439	50c9509d-22c7-4a22-a47d-8c48425ef4a7	https://www.inaturalist.org/observations/37501620	Fungi	Basidiomycota	Agaricomycetes	Auriculariales	Auriculariaceae	Exidia	Exidia glandulosa		SPECIES	Exidia glandulosa (Bull.) Fr.	Exidia glandulosa		CA		Ontario	PRESENT		28eb1a3f-1c15-4a95-931a-4af90ecb574d	45.385912	-75.701783							2020-01-11T16:21	11	1	2020	2553607	2553607	HUMAN_OBSERVATION	iNaturalist	Observations	37501620		Nicholas Soucy	2020-01-11T23:06:36	CC_BY_NC_4_0	Nicholas Soucy	Nicholas Soucy			2025-01-14T12:10:32.105Z	StillImage	COORDINATE_ROUNDED;CONTINENT_DERIVED_FROM_COORDINATES;TAXON_MATCH_TAXON_ID_IGNORED
2465236602	50c9509d-22c7-4a22-a47d-8c48425ef4a7	https://www.inaturalist.org/observations/36008388	Fungi	Basidiomycota	Agaricomycetes	Auriculariales	Auriculariaceae	Exidia	Exidia glandulosa		SPECIES	Exidia glandulosa (Bull.) Fr.	Exidia glandulosa		CA		Ontario	PRESENT		28eb1a3f-1c15-4a95-931a-4af90ecb574d	45.49244	-75.507175	238.0						2019-11-03T14:38:38	3	11	2019	2553607	2553607	HUMAN_OBSERVATION	iNaturalist	Observations	36008388		Lindsay Boudreau	2019-11-24T05:55:34	CC_BY_NC_4_0	Lindsay Boudreau	Lindsay Boudreau			2025-01-14T12:10:11.334Z	StillImage	COORDINATE_ROUNDED;CONTINENT_DERIVED_FROM_COORDINATES;TAXON_MATCH_TAXON_ID_IGNORED
2451732069	50c9509d-22c7-4a22-a47d-8c48425ef4a7	https://www.inaturalist.org/observations/35337375	Fungi	Basidiomycota	Agaricomycetes	Auriculariales	Auriculariaceae	Exidia	Exidia glandulosa		SPECIES	Exidia glandulosa (Bull.) Fr.	Exidia glandulosa		CA		Ontario	PRESENT		28eb1a3f-1c15-4a95-931a-4af90ecb574d	45.438428	-76.025878	12.0						2019-11-05T11:15:49	5	11	2019	2553607	2553607	HUMAN_OBSERVATION	iNaturalist	Observations	35337375		christinebull	2019-11-05T19:28:17	CC_BY_NC_4_0	christinebull	christinebull			2025-01-14T12:09:48.999Z	StillImage	COORDINATE_ROUNDED;CONTINENT_DERIVED_FROM_COORDINATES;TAXON_MATCH_TAXON_ID_IGNORED
2423614416	21705170-d2b6-42de-8904-c3bca4b83591	CMMF020549	Fungi	Basidiomycota	Agaricomycetes	Auriculariales	Auriculariaceae	Exidia	Exidia glandulosa		SPECIES	Exidia glandulosa (Bull.) Fr.	Exidia glandulosa (Bull.) Fr.	(Bull.) Fr.	CA	Cap St-Jacques (1)	Quebec	PRESENT		ff7bd5db-b724-4932-b496-10ea298851f9	45.469103	-73.928955	500.0						1980-06-27	27	6	1980	2553607	2553607	PRESERVED_SPECIMEN	Université de Montréal Biodiversity Centre	CMMF	CMMF020549	1980-114	McNeil, Raymond		CC0_1_0	Université de Montréal Biodiversity Centre	Haméon, G.			2024-01-24T16:38:16.002Z		INSTITUTION_MATCH_FUZZY;COLLECTION_MATCH_FUZZY;DIFFERENT_OWNER_INSTITUTION
2423613515	21705170-d2b6-42de-8904-c3bca4b83591	CMMF020166	Fungi	Basidiomycota	Agaricomycetes	Auriculariales	Auriculariaceae	Exidia	Exidia glandulosa		SPECIES	Exidia glandulosa (Bull.) Fr.	Exidia glandulosa (Bull.) Fr.	(Bull.) Fr.	CA	Mont Orford	Québec	PRESENT		ff7bd5db-b724-4932-b496-10ea298851f9	45.333394	-72.216621	10.0						1977-05		5	1977	2553607	2553607	PRESERVED_SPECIMEN	Université de Montréal Biodiversity Centre	CMMF	CMMF020166	X-21.1	Neumann, Peterjurgen		CC0_1_0	Université de Montréal Biodiversity Centre	Neumann, Peterjurgen			2024-01-24T16:38:21.068Z		INSTITUTION_MATCH_FUZZY;COLLECTION_MATCH_FUZZY;DIFFERENT_OWNER_INSTITUTION
2013689521	50c9509d-22c7-4a22-a47d-8c48425ef4a7	https://www.inaturalist.org/observations/20261423	Fungi	Basidiomycota	Agaricomycetes	Auriculariales	Auriculariaceae	Exidia	Exidia glandulosa		SPECIES	Exidia glandulosa (Bull.) Fr.	Exidia glandulosa		CA		Ontario	PRESENT		28eb1a3f-1c15-4a95-931a-4af90ecb574d	45.457286	-75.467487	8.0						2010-09-09T15:18	9	9	2010	2553607	2553607	HUMAN_OBSERVATION	iNaturalist	Observations	20261423		jonathan_mack	2019-02-10T20:43:36	CC_BY_NC_4_0	jonathan_mack	jonathan_mack			2025-01-14T13:00:44.543Z	StillImage	COORDINATE_ROUNDED;CONTINENT_DERIVED_FROM_COORDINATES;TAXON_MATCH_TAXON_ID_IGNORED
1986506272	50c9509d-22c7-4a22-a47d-8c48425ef4a7	https://www.inaturalist.org/observations/16540859	Fungi	Basidiomycota	Agaricomycetes	Auriculariales	Auriculariaceae	Exidia	Exidia glandulosa		SPECIES	Exidia glandulosa (Bull.) Fr.	Exidia glandulosa		CA		Ontario	PRESENT		28eb1a3f-1c15-4a95-931a-4af90ecb574d	45.390927	-75.704036	236.0						2016-03-17T13:07	17	3	2016	2553607	2553607	HUMAN_OBSERVATION	iNaturalist	Observations	16540859		jonathan_mack	2018-09-15T02:14:39	CC_BY_NC_4_0	jonathan_mack	jonathan_mack			2025-01-14T13:00:54.089Z	StillImage	COORDINATE_ROUNDED;CONTINENT_DERIVED_FROM_COORDINATES;TAXON_MATCH_TAXON_ID_IGNORED
1978421361	50c9509d-22c7-4a22-a47d-8c48425ef4a7	https://www.inaturalist.org/observations/18105094	Fungi	Basidiomycota	Agaricomycetes	Auriculariales	Auriculariaceae	Exidia	Exidia glandulosa		SPECIES	Exidia glandulosa (Bull.) Fr.	Exidia glandulosa		CA		Québec	PRESENT		28eb1a3f-1c15-4a95-931a-4af90ecb574d	45.316354	-72.46779	27190.0						2018-11-04T16:54	4	11	2018	2553607	2553607	HUMAN_OBSERVATION	iNaturalist	Observations	18105094		Janie Collin	2018-11-04T22:54:03	CC_BY_NC_4_0	Janie Collin	Janie Collin			2025-01-14T12:06:10.314Z	StillImage	COORDINATE_ROUNDED;CONTINENT_DERIVED_FROM_COORDINATES;TAXON_MATCH_TAXON_ID_IGNORED
1944390194	50c9509d-22c7-4a22-a47d-8c48425ef4a7	https://www.inaturalist.org/observations/18317827	Fungi	Basidiomycota	Agaricomycetes	Auriculariales	Auriculariaceae	Exidia	Exidia glandulosa		SPECIES	Exidia glandulosa (Bull.) Fr.	Exidia glandulosa		CA		Ontario	PRESENT		28eb1a3f-1c15-4a95-931a-4af90ecb574d	45.367163	-75.797012	61.0						2018-11-10T13:27	10	11	2018	2553607	2553607	HUMAN_OBSERVATION	iNaturalist	Observations	18317827		Mike Leveille	2018-11-11T01:13:44	CC_BY_NC_4_0	Mike Leveille	Mike Leveille			2025-01-14T12:06:08.715Z	StillImage	COORDINATE_ROUNDED;CONTINENT_DERIVED_FROM_COORDINATES;TAXON_MATCH_TAXON_ID_IGNORED
1807260364	e8a25a42-f125-476c-8554-3ec21cd51a84	ACAD:116898	Fungi	Basidiomycota	Agaricomycetes	Auriculariales	Auriculariaceae	Exidia	Exidia glandulosa		SPECIES	Exidia glandulosa (Bull.) Fr.	Exidia glandulosa (Bull.) Fr.	(Bull.) Fr.	CA	Kentville	Nova Scotia	PRESENT		6491ad8c-8e49-4bd4-a089-0ddb3bbe0890	45.07662	-64.49592							1953-11-09	9	11	1953	2553607	2553607	PRESERVED_SPECIMEN	Acadia University	ACAD	5158F	5158	C, DW		CC0_1_0	Acadia University	H, KA			2024-01-25T01:37:05.539Z	StillImage	GEODETIC_DATUM_INVALID;GEODETIC_DATUM_ASSUMED_WGS84;TAXON_MATCH_TAXON_ID_IGNORED;INSTITUTION_MATCH_FUZZY;COLLECTION_MATCH_FUZZY
1807258337	e8a25a42-f125-476c-8554-3ec21cd51a84	ACAD:114814	Fungi	Basidiomycota	Agaricomycetes	Auriculariales	Auriculariaceae	Exidia	Exidia glandulosa		SPECIES	Exidia glandulosa (Bull.) Fr.	Exidia glandulosa (Bull.) Fr.	(Bull.) Fr.	CA	Kentville	Nova Scotia	PRESENT		6491ad8c-8e49-4bd4-a089-0ddb3bbe0890	45.07662	-64.49592							1952-10-17	17	10	1952	2553607	2553607	PRESERVED_SPECIMEN	Acadia University	ACAD	6254F				CC0_1_0	Acadia University	Creelman, D			2024-01-25T01:37:14.981Z	StillImage	GEODETIC_DATUM_INVALID;GEODETIC_DATUM_ASSUMED_WGS84;TAXON_MATCH_TAXON_ID_IGNORED;INSTITUTION_MATCH_FUZZY;COLLECTION_MATCH_FUZZY
1807258199	e8a25a42-f125-476c-8554-3ec21cd51a84	ACAD:114802	Fungi	Basidiomycota	Agaricomycetes	Auriculariales	Auriculariaceae	Exidia	Exidia glandulosa		SPECIES	Exidia glandulosa (Bull.) Fr.	Exidia glandulosa (Bull.) Fr.	(Bull.) Fr.	CA	Kentville	Nova Scotia	PRESENT		6491ad8c-8e49-4bd4-a089-0ddb3bbe0890	45.07662	-64.49592							1942-04-06	6	4	1942	2553607	2553607	PRESERVED_SPECIMEN	Acadia University	ACAD	6243F		Macrae,R		CC0_1_0	Acadia University	Hockey, JF			2024-01-25T01:37:15.005Z	StillImage	GEODETIC_DATUM_INVALID;GEODETIC_DATUM_ASSUMED_WGS84;TAXON_MATCH_TAXON_ID_IGNORED;INSTITUTION_MATCH_FUZZY;COLLECTION_MATCH_FUZZY
1807258186	e8a25a42-f125-476c-8554-3ec21cd51a84	ACAD:114800	Fungi	Basidiomycota	Agaricomycetes	Auriculariales	Auriculariaceae	Exidia	Exidia glandulosa		SPECIES	Exidia glandulosa (Bull.) Fr.	Exidia glandulosa (Bull.) Fr.	(Bull.) Fr.	CA	Kentville	Nova Scotia	PRESENT		6491ad8c-8e49-4bd4-a089-0ddb3bbe0890	45.07662	-64.49592							1952-11-17	17	11	1952	2553607	2553607	PRESERVED_SPECIMEN	Acadia University	ACAD	6241F				CC0_1_0	Acadia University	Harrison, KA			2024-01-25T01:37:15.006Z	StillImage	GEODETIC_DATUM_INVALID;GEODETIC_DATUM_ASSUMED_WGS84;TAXON_MATCH_TAXON_ID_IGNORED;INSTITUTION_MATCH_FUZZY;COLLECTION_MATCH_FUZZY
1807258179	e8a25a42-f125-476c-8554-3ec21cd51a84	ACAD:114757	Fungi	Basidiomycota	Agaricomycetes	Auriculariales	Auriculariaceae	Exidia	Exidia glandulosa		SPECIES	Exidia glandulosa (Bull.) Fr.	Exidia glandulosa (Bull.) Fr.	(Bull.) Fr.	CA	Kentville	Nova Scotia	PRESENT		6491ad8c-8e49-4bd4-a089-0ddb3bbe0890	45.07662	-64.49592							1953-03-18	18	3	1953	2553607	2553607	PRESERVED_SPECIMEN	Acadia University	ACAD	6198F		creelman,d fide martin,gw		CC0_1_0	Acadia University	Creelman, D			2024-01-25T01:37:15.119Z	StillImage	GEODETIC_DATUM_INVALID;GEODETIC_DATUM_ASSUMED_WGS84;TAXON_MATCH_TAXON_ID_IGNORED;INSTITUTION_MATCH_FUZZY;COLLECTION_MATCH_FUZZY
1807258125	e8a25a42-f125-476c-8554-3ec21cd51a84	ACAD:114493	Fungi	Basidiomycota	Agaricomycetes	Auriculariales	Auriculariaceae	Exidia	Exidia glandulosa		SPECIES	Exidia glandulosa (Bull.) Fr.	Exidia glandulosa (Bull.) Fr.	(Bull.) Fr.	CA	Kentville	Nova Scotia	PRESENT		6491ad8c-8e49-4bd4-a089-0ddb3bbe0890	45.07662	-64.49592							1953-04-04	4	4	1953	2553607	2553607	PRESERVED_SPECIMEN	Acadia University	ACAD	5709F				CC0_1_0	Acadia University	Harrison, KA			2024-01-25T01:37:14.105Z	StillImage	GEODETIC_DATUM_INVALID;GEODETIC_DATUM_ASSUMED_WGS84;TAXON_MATCH_TAXON_ID_IGNORED;INSTITUTION_MATCH_FUZZY;COLLECTION_MATCH_FUZZY
1807255839	e8a25a42-f125-476c-8554-3ec21cd51a84	ACAD:112356	Fungi	Basidiomycota	Agaricomycetes	Auriculariales	Auriculariaceae	Exidia	Exidia glandulosa		SPECIES	Exidia glandulosa (Bull.) Fr.	Exidia glandulosa (Bull.) Fr.	(Bull.) Fr.	CA	(Kentville)	Nova Scotia	PRESENT		6491ad8c-8e49-4bd4-a089-0ddb3bbe0890	45.07662	-64.49592							1931-12		12	1931	2553607	2553607	PRESERVED_SPECIMEN	Acadia University	ACAD	2093F	2093			CC0_1_0	Acadia University	H, KA			2024-01-25T01:37:05.623Z	StillImage	GEODETIC_DATUM_INVALID;GEODETIC_DATUM_ASSUMED_WGS84;TAXON_MATCH_TAXON_ID_IGNORED;INSTITUTION_MATCH_FUZZY;COLLECTION_MATCH_FUZZY
1807255672	e8a25a42-f125-476c-8554-3ec21cd51a84	ACAD:112355	Fungi	Basidiomycota	Agaricomycetes	Auriculariales	Auriculariaceae	Exidia	Exidia glandulosa		SPECIES	Exidia glandulosa (Bull.) Fr.	Exidia glandulosa (Bull.) Fr.	(Bull.) Fr.	CA	(Kentville)	Nova Scotia	PRESENT		6491ad8c-8e49-4bd4-a089-0ddb3bbe0890	45.07662	-64.49592							1952-11-25	25	11	1952	2553607	2553607	PRESERVED_SPECIMEN	Acadia University	ACAD	2091F	2091			CC0_1_0	Acadia University	H, KA			2024-01-25T01:37:05.624Z	StillImage	GEODETIC_DATUM_INVALID;GEODETIC_DATUM_ASSUMED_WGS84;TAXON_MATCH_TAXON_ID_IGNORED;INSTITUTION_MATCH_FUZZY;COLLECTION_MATCH_FUZZY
1806330496	50c9509d-22c7-4a22-a47d-8c48425ef4a7	https://www.inaturalist.org/observations/8848305	Fungi	Basidiomycota	Agaricomycetes	Auriculariales	Auriculariaceae	Exidia	Exidia glandulosa		SPECIES	Exidia glandulosa (Bull.) Fr.	Exidia glandulosa		CA		Ontario	PRESENT		28eb1a3f-1c15-4a95-931a-4af90ecb574d	45.559669	-78.631039	300.0						2002-05-17T16:39	17	5	2002	2553607	2553607	HUMAN_OBSERVATION	iNaturalist	Observations	8848305		Jason J. Dombroskie	2017-11-18T15:49:18	CC_BY_NC_4_0	Jason J. Dombroskie	Jason J. Dombroskie			2025-01-14T12:59:50.368Z	StillImage	COORDINATE_ROUNDED;CONTINENT_DERIVED_FROM_COORDINATES;TAXON_MATCH_TAXON_ID_IGNORED
1805373174	50c9509d-22c7-4a22-a47d-8c48425ef4a7	https://www.inaturalist.org/observations/8654743	Fungi	Basidiomycota	Agaricomycetes	Auriculariales	Auriculariaceae	Exidia	Exidia glandulosa		SPECIES	Exidia glandulosa (Bull.) Fr.	Exidia glandulosa		CA		New Brunswick	PRESENT		28eb1a3f-1c15-4a95-931a-4af90ecb574d	47.398024	-65.254575	4.0						2017-10-31T12:54	31	10	2017	2553607	2553607	HUMAN_OBSERVATION	iNaturalist	Observations	8654743		Lewnanny Richardson	2017-11-02T15:28:28	CC_BY_NC_4_0	Lewnanny Richardson	Lewnanny Richardson			2025-01-14T12:04:06.462Z	StillImage	COORDINATE_ROUNDED;CONTINENT_DERIVED_FROM_COORDINATES;TAXON_MATCH_TAXON_ID_IGNORED
1571066671	50c9509d-22c7-4a22-a47d-8c48425ef4a7	https://www.inaturalist.org/observations/5223354	Fungi	Basidiomycota	Agaricomycetes	Auriculariales	Auriculariaceae	Exidia	Exidia glandulosa		SPECIES	Exidia glandulosa (Bull.) Fr.	Exidia glandulosa		CA		Ontario	PRESENT		28eb1a3f-1c15-4a95-931a-4af90ecb574d	45.375527	-76.085991	100.0						2016-10-30T09:01:01	30	10	2016	2553607	2553607	HUMAN_OBSERVATION	iNaturalist	Observations	5223354		Owen Clarkin	2017-03-04T20:11:57	CC_BY_NC_4_0	Owen Clarkin	Owen Clarkin			2025-01-14T12:03:08.089Z	StillImage	CONTINENT_DERIVED_FROM_COORDINATES;TAXON_MATCH_TAXON_ID_IGNORED
1571064166	50c9509d-22c7-4a22-a47d-8c48425ef4a7	http://inaturalist.ca/observations/4466464	Fungi	Basidiomycota	Agaricomycetes	Auriculariales	Auriculariaceae	Exidia	Exidia glandulosa		SPECIES	Exidia glandulosa (Bull.) Fr.	Exidia glandulosa		CA		Ontario	PRESENT		28eb1a3f-1c15-4a95-931a-4af90ecb574d	45.373876	-76.091086	197.0						2016-10-30T10:01	30	10	2016	2553607	2553607	HUMAN_OBSERVATION	iNaturalist	Observations	4466464		Mike Leveille	2016-10-31T01:46:43	CC_BY_NC_4_0	Mike Leveille	Mike Leveille			2025-01-14T12:57:19.533Z	StillImage	COORDINATE_ROUNDED;CONTINENT_DERIVED_FROM_COORDINATES;TAXON_MATCH_TAXON_ID_IGNORED
1412708714	21705170-d2b6-42de-8904-c3bca4b83591	CMMF017165	Fungi	Basidiomycota	Agaricomycetes	Auriculariales	Auriculariaceae	Exidia	Exidia glandulosa		SPECIES	Exidia glandulosa (Bull.) Fr.	Exidia glandulosa (Bull.) Fr.	(Bull.) Fr.	CA	Caisse populaire, Lac-Beauport, Québec.	Québec	PRESENT		ff7bd5db-b724-4932-b496-10ea298851f9	46.936168	-71.308771	1000.0						2012-06-20	20	6	2012	2553607	2553607	PRESERVED_SPECIMEN	Université de Montréal Biodiversity Centre	CMMF	CMMF017165	50040	Cimon, Jules		CC0_1_0	Université de Montréal Biodiversity Centre	Cimon, Jules			2024-01-24T16:38:16.214Z	StillImage	INSTITUTION_MATCH_FUZZY;COLLECTION_MATCH_FUZZY;DIFFERENT_OWNER_INSTITUTION
1412707102	21705170-d2b6-42de-8904-c3bca4b83591	CMMF015507	Fungi	Basidiomycota	Agaricomycetes	Auriculariales	Auriculariaceae	Exidia	Exidia glandulosa		SPECIES	Exidia glandulosa (Bull.) Fr.	Exidia glandulosa (Bull.) Fr.	(Bull.) Fr.	CA	Larouche, Québec.	Québec	PRESENT		ff7bd5db-b724-4932-b496-10ea298851f9	48.445482	-71.523984	2500.0						1984-05-21	21	5	1984	2553607	2553607	PRESERVED_SPECIMEN	Université de Montréal Biodiversity Centre	CMMF	CMMF015507	433	Guérin, Gérard		CC0_1_0	Université de Montréal Biodiversity Centre	Guérin, Gérard			2024-01-24T16:38:16.225Z	StillImage	INSTITUTION_MATCH_FUZZY;COLLECTION_MATCH_FUZZY;DIFFERENT_OWNER_INSTITUTION
1412707098	21705170-d2b6-42de-8904-c3bca4b83591	CMMF015506	Fungi	Basidiomycota	Agaricomycetes	Auriculariales	Auriculariaceae	Exidia	Exidia glandulosa		SPECIES	Exidia glandulosa (Bull.) Fr.	Exidia glandulosa (Bull.) Fr.	(Bull.) Fr.	CA	Larouche, Québec.	Québec	PRESENT		ff7bd5db-b724-4932-b496-10ea298851f9	48.445482	-71.523984	2500.0						1983-05-21	21	5	1983	2553607	2553607	PRESERVED_SPECIMEN	Université de Montréal Biodiversity Centre	CMMF	CMMF015506	432	Guérin, Gérard		CC0_1_0	Université de Montréal Biodiversity Centre	Guérin, Gérard			2024-01-24T16:38:16.227Z	StillImage	INSTITUTION_MATCH_FUZZY;COLLECTION_MATCH_FUZZY;DIFFERENT_OWNER_INSTITUTION
1412707033	21705170-d2b6-42de-8904-c3bca4b83591	CMMF015505	Fungi	Basidiomycota	Agaricomycetes	Auriculariales	Auriculariaceae	Exidia	Exidia glandulosa		SPECIES	Exidia glandulosa (Bull.) Fr.	Exidia glandulosa (Bull.) Fr.	(Bull.) Fr.	CA	Route 10, Brossard, Québec.	Québec	PRESENT		ff7bd5db-b724-4932-b496-10ea298851f9	45.459256	-73.449557	4000.0						1981-06-23	23	6	1981	2553607	2553607	PRESERVED_SPECIMEN	Université de Montréal Biodiversity Centre	CMMF	CMMF015505	431	Guérin, Gérard		CC0_1_0	Université de Montréal Biodiversity Centre	Guérin, Gérard			2024-01-24T16:38:16.225Z	StillImage	INSTITUTION_MATCH_FUZZY;COLLECTION_MATCH_FUZZY;DIFFERENT_OWNER_INSTITUTION
1412707013	21705170-d2b6-42de-8904-c3bca4b83591	CMMF015509	Fungi	Basidiomycota	Agaricomycetes	Auriculariales	Auriculariaceae	Exidia	Exidia glandulosa		SPECIES	Exidia glandulosa (Bull.) Fr.	Exidia glandulosa (Bull.) Fr.	(Bull.) Fr.	CA	Saint-Ubalde, Québec.	Québec	PRESENT		ff7bd5db-b724-4932-b496-10ea298851f9	46.799305	-72.267036	10000.0						1995-05-13	13	5	1995	2553607	2553607	PRESERVED_SPECIMEN	Université de Montréal Biodiversity Centre	CMMF	CMMF015509	437	Guérin, Gérard		CC0_1_0	Université de Montréal Biodiversity Centre	Guérin, Gérard			2024-01-24T16:38:16.229Z	StillImage	INSTITUTION_MATCH_FUZZY;COLLECTION_MATCH_FUZZY;DIFFERENT_OWNER_INSTITUTION
1412706944	21705170-d2b6-42de-8904-c3bca4b83591	CMMF015508	Fungi	Basidiomycota	Agaricomycetes	Auriculariales	Auriculariaceae	Exidia	Exidia glandulosa		SPECIES	Exidia glandulosa (Bull.) Fr.	Exidia glandulosa (Bull.) Fr.	(Bull.) Fr.	CA	Dolbeau, Québec.	Québec	PRESENT		ff7bd5db-b724-4932-b496-10ea298851f9	48.872751	-72.216576	5000.0						1994-08-27	27	8	1994	2553607	2553607	PRESERVED_SPECIMEN	Université de Montréal Biodiversity Centre	CMMF	CMMF015508	435	Guérin, Gérard		CC0_1_0	Université de Montréal Biodiversity Centre	Guérin, Gérard			2024-01-24T16:38:16.225Z		INSTITUTION_MATCH_FUZZY;COLLECTION_MATCH_FUZZY;DIFFERENT_OWNER_INSTITUTION
1412705023	21705170-d2b6-42de-8904-c3bca4b83591	CMMF013467	Fungi	Basidiomycota	Agaricomycetes	Auriculariales	Auriculariaceae	Exidia	Exidia glandulosa		SPECIES	Exidia glandulosa (Bull.) Fr.	Exidia glandulosa (Bull.) Fr.	(Bull.) Fr.	CA	Gatineau Park, Québec.	Québec	PRESENT		ff7bd5db-b724-4932-b496-10ea298851f9	45.558161	-75.971349	20000.0						1971-09		9	1971	2553607	2553607	PRESERVED_SPECIMEN	Université de Montréal Biodiversity Centre	CMMF	CMMF013467	2673	Illman, William I.		CC0_1_0	Université de Montréal Biodiversity Centre	Illman, William I.; and students			2024-01-24T16:38:17.610Z		INSTITUTION_MATCH_FUZZY;COLLECTION_MATCH_FUZZY;DIFFERENT_OWNER_INSTITUTION
1412704950	21705170-d2b6-42de-8904-c3bca4b83591	CMMF013469	Fungi	Basidiomycota	Agaricomycetes	Auriculariales	Auriculariaceae	Exidia	Exidia glandulosa		SPECIES	Exidia glandulosa (Bull.) Fr.	Exidia glandulosa (Bull.) Fr.	(Bull.) Fr.	CA	1505 Caton Street, Ottawa, Ontario K15 5B6.	Ontario	PRESENT		ff7bd5db-b724-4932-b496-10ea298851f9	45.387736	-75.659408	100.0						1975-11-09	9	11	1975	2553607	2553607	PRESERVED_SPECIMEN	Université de Montréal Biodiversity Centre	CMMF	CMMF013469	4451	Illman, William I.		CC0_1_0	Université de Montréal Biodiversity Centre	Illman, William I.			2024-01-24T16:38:17.606Z		INSTITUTION_MATCH_FUZZY;COLLECTION_MATCH_FUZZY;DIFFERENT_OWNER_INSTITUTION
1144849137	81e6cff2-b409-417e-8c72-e1bbafb7c61f	cef0e8ef-4922-44d1-a41f-15a135a583d6	Fungi	Basidiomycota	Agaricomycetes	Auriculariales	Auriculariaceae	Exidia	Exidia glandulosa		SPECIES	Exidia glandulosa (Bull.) Fr.	Exidia glandulosa (Bull.) Fr.	(Bull.) Fr.	CA	Mer Bleue Bog	Ontario	PRESENT		7b8aff00-a9f8-11d8-944b-b8a03c50a862	45.400833	-75.499722	1250.0						1987-06-21	21	6	1987	2553607	2553607	PRESERVED_SPECIMEN	F	Botany	C0200373F				CC0_1_0	The Field Museum of Natural History	W. B. Cooke & V. G. Cooke			2024-02-20T16:06:30.687Z		GEODETIC_DATUM_ASSUMED_WGS84;MODIFIED_DATE_INVALID;AMBIGUOUS_COLLECTION;INSTITUTION_MATCH_FUZZY
1135069893	21705170-d2b6-42de-8904-c3bca4b83591	CMMF008480	Fungi	Basidiomycota	Agaricomycetes	Auriculariales	Auriculariaceae	Exidia	Exidia glandulosa		SPECIES	Exidia glandulosa (Bull.) Fr.	Exidia glandulosa (Bull.) Fr.	(Bull.) Fr.	CA	Baie de Beauport, Québec	Québec	PRESENT		ff7bd5db-b724-4932-b496-10ea298851f9	46.83563	-71.198742	650.0						2006-04-16	16	4	2006	2553607	2553607	PRESERVED_SPECIMEN	Université de Montréal Biodiversity Centre	CMMF	CMMF008480	52	Labbé, Roland		CC0_1_0	Université de Montréal Biodiversity Centre	Labrecque, Jacqueline			2024-01-24T16:38:17.813Z	StillImage	INSTITUTION_MATCH_FUZZY;COLLECTION_MATCH_FUZZY;DIFFERENT_OWNER_INSTITUTION
1135069321	21705170-d2b6-42de-8904-c3bca4b83591	CMMF007849	Fungi	Basidiomycota	Agaricomycetes	Auriculariales	Auriculariaceae	Exidia	Exidia glandulosa		SPECIES	Exidia glandulosa (Bull.) Fr.	Exidia glandulosa (Bull.) Fr.	(Bull.) Fr.	CA	St-Fabien-de-Panet	Québec	PRESENT		ff7bd5db-b724-4932-b496-10ea298851f9	46.638667	-70.128333	100.0						1979			1979	2553607	2553607	PRESERVED_SPECIMEN	Université de Montréal Biodiversity Centre	CMMF	CMMF007849	Inexistant	McNeil, Raymond		CC0_1_0	Université de Montréal Biodiversity Centre	McNeil, Raymond			2024-01-24T16:38:14.750Z	StillImage	COORDINATE_ROUNDED;INSTITUTION_MATCH_FUZZY;COLLECTION_MATCH_FUZZY;DIFFERENT_OWNER_INSTITUTION
1135068279	21705170-d2b6-42de-8904-c3bca4b83591	CMMF006779	Fungi	Basidiomycota	Agaricomycetes	Auriculariales	Auriculariaceae	Exidia	Exidia glandulosa		SPECIES	Exidia glandulosa (Bull.) Fr.	Exidia glandulosa (Bull.) Fr.	(Bull.) Fr.	CA	Mirabel (Parc du Domaine Vert)	Québec	PRESENT		ff7bd5db-b724-4932-b496-10ea298851f9	45.661667	-73.908333	100.0						1979-09-16	16	9	1979	2553607	2553607	PRESERVED_SPECIMEN	Université de Montréal Biodiversity Centre	CMMF	CMMF006779	333	McNeil, Raymond		CC0_1_0	Université de Montréal Biodiversity Centre	McNeil, Raymond			2024-01-24T16:38:18.566Z	StillImage	COORDINATE_ROUNDED;INSTITUTION_MATCH_FUZZY;COLLECTION_MATCH_FUZZY;DIFFERENT_OWNER_INSTITUTION
1135067936	21705170-d2b6-42de-8904-c3bca4b83591	CMMF006424	Fungi	Basidiomycota	Agaricomycetes	Auriculariales	Auriculariaceae	Exidia	Exidia glandulosa		SPECIES	Exidia glandulosa (Bull.) Fr.	Exidia glandulosa (Bull.) Fr.	(Bull.) Fr.	CA	Châteauguay	Québec	PRESENT		ff7bd5db-b724-4932-b496-10ea298851f9	45.35433	-73.774083	100.0						2005-10-21	21	10	2005	2553607	2553607	PRESERVED_SPECIMEN	Université de Montréal Biodiversity Centre	CMMF	CMMF006424	C2670	McNeil, Raymond		CC0_1_0	Université de Montréal Biodiversity Centre	McNeil, Raymond			2024-01-24T16:38:19.114Z	StillImage	COORDINATE_ROUNDED;INSTITUTION_MATCH_FUZZY;COLLECTION_MATCH_FUZZY;DIFFERENT_OWNER_INSTITUTION
1135067608	21705170-d2b6-42de-8904-c3bca4b83591	CMMF006098	Fungi	Basidiomycota	Agaricomycetes	Auriculariales	Auriculariaceae	Exidia	Exidia glandulosa		SPECIES	Exidia glandulosa (Bull.) Fr.	Exidia glandulosa (Bull.) Fr.	(Bull.) Fr.	CA	Châteauguay	Québec	PRESENT		ff7bd5db-b724-4932-b496-10ea298851f9	45.349917	-73.773333	100.0						2006-06-12	12	6	2006	2553607	2553607	PRESERVED_SPECIMEN	Université de Montréal Biodiversity Centre	CMMF	CMMF006098	C2746	McNeil, Raymond		CC0_1_0	Université de Montréal Biodiversity Centre	McNeil, Raymond			2024-01-24T16:38:17.953Z	StillImage	COORDINATE_ROUNDED;INSTITUTION_MATCH_FUZZY;COLLECTION_MATCH_FUZZY;DIFFERENT_OWNER_INSTITUTION
