gbifID	datasetKey	occurrenceID	kingdom	phylum	class	order	family	genus	species	infraspecificEpithet	taxonRank	scientificName	verbatimScientificName	verbatimScientificNameAuthorship	countryCode	locality	stateProvince	occurrenceStatus	individualCount	publishingOrgKey	decimalLatitude	decimalLongitude	coordinateUncertaintyInMeters	coordinatePrecision	elevation	elevationAccuracy	depth	depthAccuracy	eventDate	day	month	year	taxonKey	speciesKey	basisOfRecord	institutionCode	collectionCode	catalogNumber	recordNumber	identifiedBy	dateIdentified	license	rightsHolder	recordedBy	typeStatus	establishmentMeans	lastInterpreted	mediaType	issue
694156933	d7cfd2ed-8af4-427f-a16e-eb66b7e2c419	13720	Fungi	Basidiomycota	Agaricomycetes	Agaricales	Tricholomataceae	Tricholoma	Tricholoma equestre		SPECIES	Tricholoma flavovirens (Pers.) S.Lundell	Tricholoma flavovirens (Pers.) S. Lundell	(Pers.) S. Lundell	CA	Algonquin Provincial Park	Ontario	PRESENT		ff418020-1d67-11d9-8435-b8a03c50a862	45.759859	-78.376465	67511.0						2006-09-30	30	9	2006	3324882	3324883	PRESERVED_SPECIMEN	Royal Ontario Museum	TRTC	TRTC150955	MD_ALG06_42	Maryna Didukh		CC0_1_0	Royal Ontario Museum	Maryna Didukh			2024-01-25T00:59:38.109Z	StillImage	COORDINATE_ROUNDED;AMBIGUOUS_INSTITUTION
617555510	21705170-d2b6-42de-8904-c3bca4b83591	CMMF000841	Fungi	Basidiomycota	Agaricomycetes	Agaricales	Tricholomataceae	Tricholoma	Tricholoma equestre		SPECIES	Tricholoma equestre (L.) P.Kumm.	Tricholoma equestre (L.) P. Kumm.	(L.) P. Kumm.	CA	Lachute	Québec	PRESENT		ff7bd5db-b724-4932-b496-10ea298851f9	45.664878	-74.292134	8500.0						1989-09-24	24	9	1989	3324883	3324883	PRESERVED_SPECIMEN	Université de Montréal Biodiversity Centre	CMMF	CMMF000841		Archambault, Raymond		CC0_1_0	Université de Montréal Biodiversity Centre	Archambault, Raymond			2024-01-24T16:38:21.565Z	StillImage	INSTITUTION_MATCH_FUZZY;COLLECTION_MATCH_FUZZY;DIFFERENT_OWNER_INSTITUTION
617554375	21705170-d2b6-42de-8904-c3bca4b83591	CMMF000402	Fungi	Basidiomycota	Agaricomycetes	Agaricales	Tricholomataceae	Tricholoma	Tricholoma equestre		SPECIES	Tricholoma equestre (L.) P.Kumm.	Tricholoma equestre (L.) P. Kumm.	(L.) P. Kumm.	CA	Lachute	Québec	PRESENT		ff7bd5db-b724-4932-b496-10ea298851f9	45.664878	-74.292134	8500.0						1988-10-01	1	10	1988	3324883	3324883	PRESERVED_SPECIMEN	Université de Montréal Biodiversity Centre	CMMF	CMMF000402		Lamoureux, Yves		CC0_1_0	Université de Montréal Biodiversity Centre	Lamoureux, Yves			2024-01-24T16:38:19.965Z	StillImage	INSTITUTION_MATCH_FUZZY;COLLECTION_MATCH_FUZZY;DIFFERENT_OWNER_INSTITUTION
617550022	21705170-d2b6-42de-8904-c3bca4b83591	CMMF002093	Fungi	Basidiomycota	Agaricomycetes	Agaricales	Tricholomataceae	Tricholoma	Tricholoma equestre		SPECIES	Tricholoma equestre (L.) P.Kumm.	Tricholoma equestre (L.) P. Kumm.	(L.) P. Kumm.	CA	Lachute	Québec	PRESENT		ff7bd5db-b724-4932-b496-10ea298851f9	45.664878	-74.292134	8500.0						1993-09-29	29	9	1993	3324883	3324883	PRESERVED_SPECIMEN	Université de Montréal Biodiversity Centre	CMMF	CMMF002093		Lamoureux, Yves		CC0_1_0	Université de Montréal Biodiversity Centre	Lamoureux, Yves			2024-01-24T16:38:19.958Z	StillImage	INSTITUTION_MATCH_FUZZY;COLLECTION_MATCH_FUZZY;DIFFERENT_OWNER_INSTITUTION
4893117744	eeaf050f-23d0-4557-9084-ec545cd3d9a7	b1c3b0cd-fd45-4f8c-9209-ed829abfcabd	Fungi	Basidiomycota	Agaricomycetes	Agaricales	Tricholomataceae	Tricholoma	Tricholoma flavovirens		SPECIES	Tricholoma flavovirens (Pers.) S.Lundell	Tricholoma flavovirens	(Pers.) S. Lundell	CA	St. Aubert	Quebec	PRESENT		325c883e-46a7-4be3-9d77-7dde654fd1d3	47.181815	-70.217071							1963-09-16	16	9	1963	3324882	3324883	PRESERVED_SPECIMEN	DPI	DAR	DAR00068861a		Groves, James Walton		CC_BY_4_0		Groves, James Walton			2025-01-02T23:50:28.707Z		CONTINENT_DERIVED_FROM_COORDINATES;TAXON_MATCH_TAXON_CONCEPT_ID_IGNORED;INSTITUTION_MATCH_NONE
4852890146	50c9509d-22c7-4a22-a47d-8c48425ef4a7	https://www.inaturalist.org/observations/184171998	Fungi	Basidiomycota	Agaricomycetes	Agaricales	Tricholomataceae	Tricholoma	Tricholoma equestre		SPECIES	Tricholoma equestre (L.) P.Kumm.	Tricholoma equestre		CA		New Brunswick	PRESENT		28eb1a3f-1c15-4a95-931a-4af90ecb574d	45.964691	-66.682445							2023-09-20T17:14:03	20	9	2023	3324883	3324883	HUMAN_OBSERVATION	iNaturalist	Observations	184171998		Andrew MacPherson	2023-09-20T21:00:41	CC0_1_0	Andrew MacPherson	Andrew MacPherson			2025-01-14T13:32:49.462Z	StillImage	COORDINATE_ROUNDED;CONTINENT_DERIVED_FROM_COORDINATES;TAXON_MATCH_TAXON_ID_IGNORED
4852875777	50c9509d-22c7-4a22-a47d-8c48425ef4a7	https://www.inaturalist.org/observations/187570842	Fungi	Basidiomycota	Agaricomycetes	Agaricales	Tricholomataceae	Tricholoma	Tricholoma equestre		SPECIES	Tricholoma equestre (L.) P.Kumm.	Tricholoma equestre		CA		Québec	PRESENT		28eb1a3f-1c15-4a95-931a-4af90ecb574d	46.448254	-73.141641	9.0						2023-10-14T11:17	14	10	2023	3324883	3324883	HUMAN_OBSERVATION	iNaturalist	Observations	187570842		Renée Lebeuf	2023-10-15T00:55:22	CC_BY_NC_4_0	Renée Lebeuf	Renée Lebeuf			2025-01-14T12:42:30.956Z	StillImage	CONTINENT_DERIVED_FROM_COORDINATES;TAXON_MATCH_TAXON_ID_IGNORED
4852817996	50c9509d-22c7-4a22-a47d-8c48425ef4a7	https://www.inaturalist.org/observations/33944970	Fungi	Basidiomycota	Agaricomycetes	Agaricales	Tricholomataceae	Tricholoma	Tricholoma equestre		SPECIES	Tricholoma equestre (L.) P.Kumm.	Tricholoma equestre		CA		New Brunswick	PRESENT		28eb1a3f-1c15-4a95-931a-4af90ecb574d	46.299284	-64.56258	8793.0						2019-10-03T16:29	3	10	2019	3324883	3324883	HUMAN_OBSERVATION	iNaturalist	Observations	33944970		Raymonde G Chartier	2019-10-06T12:27:10	CC_BY_NC_4_0	Raymonde G Chartier	Raymonde G Chartier			2025-01-14T12:09:29.430Z	StillImage	COORDINATE_ROUNDED;CONTINENT_DERIVED_FROM_COORDINATES;TAXON_MATCH_TAXON_ID_IGNORED
4852761507	50c9509d-22c7-4a22-a47d-8c48425ef4a7	https://www.inaturalist.org/observations/59641202	Fungi	Basidiomycota	Agaricomycetes	Agaricales	Tricholomataceae	Tricholoma	Tricholoma equestre		SPECIES	Tricholoma equestre (L.) P.Kumm.	Tricholoma equestre		CA		Ontario	PRESENT		28eb1a3f-1c15-4a95-931a-4af90ecb574d	45.405933	-75.574919	48.0						2020-09-14T12:27	14	9	2020	3324883	3324883	HUMAN_OBSERVATION	iNaturalist	Observations	59641202		Igor Khomenko	2020-09-15T01:44:59	CC_BY_NC_4_0	Igor Khomenko	Igor Khomenko			2025-01-14T12:14:46.234Z	StillImage	COORDINATE_ROUNDED;CONTINENT_DERIVED_FROM_COORDINATES;TAXON_MATCH_TAXON_ID_IGNORED
4852698261	50c9509d-22c7-4a22-a47d-8c48425ef4a7	https://www.inaturalist.org/observations/182097106	Fungi	Basidiomycota	Agaricomycetes	Agaricales	Tricholomataceae	Tricholoma	Tricholoma equestre		SPECIES	Tricholoma equestre (L.) P.Kumm.	Tricholoma equestre		CA		Québec	PRESENT		28eb1a3f-1c15-4a95-931a-4af90ecb574d	48.591335	-78.235077	45.0						2023-09-04T09:21	4	9	2023	3324883	3324883	HUMAN_OBSERVATION	iNaturalist	Observations	182097106		jonathan_mack	2023-09-06T20:21:15	CC_BY_NC_4_0	jonathan_mack	jonathan_mack			2025-01-14T13:32:35.624Z	StillImage	COORDINATE_ROUNDED;CONTINENT_DERIVED_FROM_COORDINATES;TAXON_MATCH_TAXON_ID_IGNORED
4852676283	50c9509d-22c7-4a22-a47d-8c48425ef4a7	https://www.inaturalist.org/observations/187496902	Fungi	Basidiomycota	Agaricomycetes	Agaricales	Tricholomataceae	Tricholoma	Tricholoma equestre		SPECIES	Tricholoma equestre (L.) P.Kumm.	Tricholoma equestre		CA		Québec	PRESENT		28eb1a3f-1c15-4a95-931a-4af90ecb574d	45.664817	-74.244658	4.0						2023-10-14T09:52:59	14	10	2023	3324883	3324883	HUMAN_OBSERVATION	iNaturalist	Observations	187496902		l_bienvenue	2023-10-14T14:58:06	CC_BY_NC_4_0	l_bienvenue	l_bienvenue			2025-01-14T13:42:33.283Z	StillImage	COORDINATE_ROUNDED;CONTINENT_DERIVED_FROM_COORDINATES;TAXON_MATCH_TAXON_ID_IGNORED
4852671493	50c9509d-22c7-4a22-a47d-8c48425ef4a7	https://www.inaturalist.org/observations/138523058	Fungi	Basidiomycota	Agaricomycetes	Agaricales	Tricholomataceae	Tricholoma	Tricholoma equestre		SPECIES	Tricholoma equestre (L.) P.Kumm.	Tricholoma equestre		CA		Ontario	PRESENT		28eb1a3f-1c15-4a95-931a-4af90ecb574d	45.409958	-75.546142	64.0						2022-10-12T13:25:49	12	10	2022	3324883	3324883	HUMAN_OBSERVATION	iNaturalist	Observations	138523058		Igor Khomenko	2022-10-12T17:28:22	CC_BY_NC_4_0	Igor Khomenko	Igor Khomenko			2025-01-14T13:25:45.744Z	StillImage	COORDINATE_ROUNDED;CONTINENT_DERIVED_FROM_COORDINATES;TAXON_MATCH_TAXON_ID_IGNORED
4852667915	50c9509d-22c7-4a22-a47d-8c48425ef4a7	https://www.inaturalist.org/observations/137976491	Fungi	Basidiomycota	Agaricomycetes	Agaricales	Tricholomataceae	Tricholoma	Tricholoma equestre		SPECIES	Tricholoma equestre (L.) P.Kumm.	Tricholoma equestre		CA		Québec	PRESENT		28eb1a3f-1c15-4a95-931a-4af90ecb574d	45.762406	-74.25806	87420.0						2022-10-08T09:46:49	8	10	2022	3324883	3324883	HUMAN_OBSERVATION	iNaturalist	Observations	137976491		l_bienvenue	2022-10-08T14:16:07	CC_BY_NC_4_0	l_bienvenue	l_bienvenue			2025-01-14T12:32:56.228Z	StillImage	COORDINATE_ROUNDED;CONTINENT_DERIVED_FROM_COORDINATES;TAXON_MATCH_TAXON_ID_IGNORED
4852660629	50c9509d-22c7-4a22-a47d-8c48425ef4a7	https://www.inaturalist.org/observations/96133535	Fungi	Basidiomycota	Agaricomycetes	Agaricales	Tricholomataceae	Tricholoma	Tricholoma equestre		SPECIES	Tricholoma equestre (L.) P.Kumm.	Tricholoma equestre		CA		Ontario	PRESENT		28eb1a3f-1c15-4a95-931a-4af90ecb574d	45.355187	-75.588025							2021-09-25T14:00	25	9	2021	3324883	3324883	HUMAN_OBSERVATION	iNaturalist	Observations	96133535		Igor Khomenko	2021-09-25T20:18:10	CC_BY_NC_4_0	Igor Khomenko	Igor Khomenko			2025-01-14T13:10:36.610Z	StillImage	COORDINATE_ROUNDED;CONTINENT_DERIVED_FROM_COORDINATES;TAXON_MATCH_TAXON_ID_IGNORED
4852622011	50c9509d-22c7-4a22-a47d-8c48425ef4a7	https://www.inaturalist.org/observations/135168736	Fungi	Basidiomycota	Agaricomycetes	Agaricales	Tricholomataceae	Tricholoma	Tricholoma equestre		SPECIES	Tricholoma equestre (L.) P.Kumm.	Tricholoma equestre		CA		Ontario	PRESENT		28eb1a3f-1c15-4a95-931a-4af90ecb574d	45.409277	-75.571413							2022-09-15T14:20	15	9	2022	3324883	3324883	HUMAN_OBSERVATION	iNaturalist	Observations	135168736		Igor Khomenko	2022-09-15T22:58:05	CC_BY_NC_4_0	Igor Khomenko	Igor Khomenko			2025-01-14T12:31:55.342Z	StillImage	COORDINATE_ROUNDED;CONTINENT_DERIVED_FROM_COORDINATES;TAXON_MATCH_TAXON_ID_IGNORED
4852617258	50c9509d-22c7-4a22-a47d-8c48425ef4a7	https://www.inaturalist.org/observations/140024092	Fungi	Basidiomycota	Agaricomycetes	Agaricales	Tricholomataceae	Tricholoma	Tricholoma equestre		SPECIES	Tricholoma equestre (L.) P.Kumm.	Tricholoma equestre		CA		Québec	PRESENT		28eb1a3f-1c15-4a95-931a-4af90ecb574d	45.986591	-76.558071	27095.0						2022-10-25T11:00	25	10	2022	3324883	3324883	HUMAN_OBSERVATION	iNaturalist	Observations	140024092		L Joan Heyding	2022-10-26T02:17:59	CC_BY_NC_4_0	L Joan Heyding	L Joan Heyding			2025-01-14T13:18:32.591Z	StillImage	COORDINATE_ROUNDED;CONTINENT_DERIVED_FROM_COORDINATES;TAXON_MATCH_TAXON_ID_IGNORED
4852385451	50c9509d-22c7-4a22-a47d-8c48425ef4a7	https://www.inaturalist.org/observations/96848394	Fungi	Basidiomycota	Agaricomycetes	Agaricales	Tricholomataceae	Tricholoma	Tricholoma equestre		SPECIES	Tricholoma equestre (L.) P.Kumm.	Tricholoma equestre		CA		Ontario	PRESENT		28eb1a3f-1c15-4a95-931a-4af90ecb574d	45.465748	-75.506675							2021-09-30T14:44	30	9	2021	3324883	3324883	HUMAN_OBSERVATION	iNaturalist	Observations	96848394		jonathan_mack	2021-10-02T01:44:31	CC_BY_NC_4_0	jonathan_mack	jonathan_mack			2025-01-14T12:24:33.487Z	StillImage	COORDINATE_ROUNDED;CONTINENT_DERIVED_FROM_COORDINATES;TAXON_MATCH_TAXON_ID_IGNORED
4852260794	50c9509d-22c7-4a22-a47d-8c48425ef4a7	https://www.inaturalist.org/observations/186531165	Fungi	Basidiomycota	Agaricomycetes	Agaricales	Tricholomataceae	Tricholoma	Tricholoma equestre		SPECIES	Tricholoma equestre (L.) P.Kumm.	Tricholoma equestre		CA		New Brunswick	PRESENT		28eb1a3f-1c15-4a95-931a-4af90ecb574d	46.548258	-64.720315	8.0						2023-10-07T09:22:53	7	10	2023	3324883	3324883	HUMAN_OBSERVATION	iNaturalist	Observations	186531165		bbjessz	2023-10-07T12:27:40	CC_BY_NC_4_0	bbjessz	bbjessz			2025-01-14T12:42:17.810Z	StillImage	COORDINATE_ROUNDED;CONTINENT_DERIVED_FROM_COORDINATES;TAXON_MATCH_TAXON_ID_IGNORED
4852251194	50c9509d-22c7-4a22-a47d-8c48425ef4a7	https://www.inaturalist.org/observations/135582339	Fungi	Basidiomycota	Agaricomycetes	Agaricales	Tricholomataceae	Tricholoma	Tricholoma equestre		SPECIES	Tricholoma equestre (L.) P.Kumm.	Tricholoma equestre		CA		Québec	PRESENT		28eb1a3f-1c15-4a95-931a-4af90ecb574d	46.017856	-73.684075	31.0						2022-09-18T10:13:51	18	9	2022	3324883	3324883	HUMAN_OBSERVATION	iNaturalist	Observations	135582339		Bethany Beech	2022-09-18T21:36:38	CC_BY_NC_4_0	Bethany Beech	Bethany Beech			2025-01-14T13:25:44.519Z	StillImage	COORDINATE_ROUNDED;CONTINENT_DERIVED_FROM_COORDINATES;TAXON_MATCH_TAXON_ID_IGNORED
4852149699	50c9509d-22c7-4a22-a47d-8c48425ef4a7	https://www.inaturalist.org/observations/183017866	Fungi	Basidiomycota	Agaricomycetes	Agaricales	Tricholomataceae	Tricholoma	Tricholoma equestre		SPECIES	Tricholoma equestre (L.) P.Kumm.	Tricholoma equestre		CA		Ontario	PRESENT		28eb1a3f-1c15-4a95-931a-4af90ecb574d	45.557413	-78.603203	6.0						2023-09-09T16:13:34	9	9	2023	3324883	3324883	HUMAN_OBSERVATION	iNaturalist	Observations	183017866		plalexant	2023-09-13T00:02:40	CC_BY_NC_4_0	plalexant	plalexant			2025-01-14T12:39:48.043Z	StillImage	COORDINATE_ROUNDED;CONTINENT_DERIVED_FROM_COORDINATES;TAXON_MATCH_TAXON_ID_IGNORED
4851923358	50c9509d-22c7-4a22-a47d-8c48425ef4a7	https://www.inaturalist.org/observations/105737541	Fungi	Basidiomycota	Agaricomycetes	Agaricales	Tricholomataceae	Tricholoma	Tricholoma equestre		SPECIES	Tricholoma equestre (L.) P.Kumm.	Tricholoma equestre		CA		New Brunswick	PRESENT		28eb1a3f-1c15-4a95-931a-4af90ecb574d	46.385178	-64.649755	298.0						2020-10-10T15:18	10	10	2020	3324883	3324883	HUMAN_OBSERVATION	iNaturalist	Observations	105737541		Stuart Tingley	2022-01-28T22:09:36	CC_BY_NC_4_0	Stuart Tingley	Stuart Tingley			2025-01-14T12:24:32.401Z	StillImage	COORDINATE_ROUNDED;CONTINENT_DERIVED_FROM_COORDINATES;TAXON_MATCH_TAXON_ID_IGNORED
4851889272	50c9509d-22c7-4a22-a47d-8c48425ef4a7	https://www.inaturalist.org/observations/137206284	Fungi	Basidiomycota	Agaricomycetes	Agaricales	Tricholomataceae	Tricholoma	Tricholoma equestre		SPECIES	Tricholoma equestre (L.) P.Kumm.	Tricholoma equestre		CA		New Brunswick	PRESENT		28eb1a3f-1c15-4a95-931a-4af90ecb574d	45.830112	-65.955132	411.0						2022-10-01T17:05:52	1	10	2022	3324883	3324883	HUMAN_OBSERVATION	iNaturalist	Observations	137206284		earthdream	2022-10-01T22:12:15	CC_BY_NC_4_0	earthdream	earthdream			2025-01-14T12:32:48.210Z	StillImage	COORDINATE_ROUNDED;CONTINENT_DERIVED_FROM_COORDINATES;TAXON_MATCH_TAXON_ID_IGNORED
4851852657	50c9509d-22c7-4a22-a47d-8c48425ef4a7	https://www.inaturalist.org/observations/184455161	Fungi	Basidiomycota	Agaricomycetes	Agaricales	Tricholomataceae	Tricholoma	Tricholoma equestre		SPECIES	Tricholoma equestre (L.) P.Kumm.	Tricholoma equestre		CA		New Brunswick	PRESENT		28eb1a3f-1c15-4a95-931a-4af90ecb574d	45.586208	-64.971506	4.0						2023-09-22T16:38	22	9	2023	3324883	3324883	HUMAN_OBSERVATION	iNaturalist	Observations	184455161		pogon	2023-09-22T23:27:44	CC_BY_NC_4_0	pogon	pogon			2025-01-14T13:29:17.308Z	StillImage	COORDINATE_ROUNDED;CONTINENT_DERIVED_FROM_COORDINATES;TAXON_MATCH_TAXON_ID_IGNORED
4851834983	50c9509d-22c7-4a22-a47d-8c48425ef4a7	https://www.inaturalist.org/observations/99039291	Fungi	Basidiomycota	Agaricomycetes	Agaricales	Tricholomataceae	Tricholoma	Tricholoma equestre		SPECIES	Tricholoma equestre (L.) P.Kumm.	Tricholoma equestre		CA		Ontario	PRESENT		28eb1a3f-1c15-4a95-931a-4af90ecb574d	45.340395	-75.67502	5.0						2021-10-22T14:28:24	22	10	2021	3324883	3324883	HUMAN_OBSERVATION	iNaturalist	Observations	99039291		Lynn Ovenden	2021-10-23T01:36:07	CC_BY_NC_4_0	Lynn Ovenden	Lynn Ovenden			2025-01-14T13:14:32.482Z	StillImage	CONTINENT_DERIVED_FROM_COORDINATES;TAXON_MATCH_TAXON_ID_IGNORED
4851784897	50c9509d-22c7-4a22-a47d-8c48425ef4a7	https://www.inaturalist.org/observations/34492394	Fungi	Basidiomycota	Agaricomycetes	Agaricales	Tricholomataceae	Tricholoma	Tricholoma equestre		SPECIES	Tricholoma equestre (L.) P.Kumm.	Tricholoma equestre		CA		New Brunswick	PRESENT		28eb1a3f-1c15-4a95-931a-4af90ecb574d	46.216451	-64.284765	488.0						2014-10-19T12:59	19	10	2014	3324883	3324883	HUMAN_OBSERVATION	iNaturalist	Observations	34492394		Raymonde G Chartier	2019-10-17T12:47:33	CC_BY_NC_4_0	Raymonde G Chartier	Raymonde G Chartier			2025-01-14T12:10:36.908Z	StillImage	COORDINATE_ROUNDED;CONTINENT_DERIVED_FROM_COORDINATES;TAXON_MATCH_TAXON_ID_IGNORED
4851743596	50c9509d-22c7-4a22-a47d-8c48425ef4a7	https://www.inaturalist.org/observations/98492985	Fungi	Basidiomycota	Agaricomycetes	Agaricales	Tricholomataceae	Tricholoma	Tricholoma equestre		SPECIES	Tricholoma equestre (L.) P.Kumm.	Tricholoma equestre		CA		Ontario	PRESENT		28eb1a3f-1c15-4a95-931a-4af90ecb574d	45.348561	-75.564341	12.0						2021-10-17T10:44:24	17	10	2021	3324883	3324883	HUMAN_OBSERVATION	iNaturalist	Observations	98492985		Igor Khomenko	2021-10-18T12:20:01	CC_BY_NC_4_0	Igor Khomenko	Igor Khomenko			2025-01-14T13:16:34.055Z	StillImage	COORDINATE_ROUNDED;CONTINENT_DERIVED_FROM_COORDINATES;TAXON_MATCH_TAXON_ID_IGNORED
4851730112	50c9509d-22c7-4a22-a47d-8c48425ef4a7	https://www.inaturalist.org/observations/188807288	Fungi	Basidiomycota	Agaricomycetes	Agaricales	Tricholomataceae	Tricholoma	Tricholoma equestre		SPECIES	Tricholoma equestre (L.) P.Kumm.	Tricholoma equestre		CA		New Brunswick	PRESENT		28eb1a3f-1c15-4a95-931a-4af90ecb574d	45.349925	-66.305742	4.0						2023-10-19T14:31	19	10	2023	3324883	3324883	HUMAN_OBSERVATION	iNaturalist	Observations	188807288		Alfredo Justo	2023-10-24T18:23:51	CC_BY_NC_4_0	Alfredo Justo	Alfredo Justo			2025-01-14T13:28:27.105Z	StillImage	COORDINATE_ROUNDED;CONTINENT_DERIVED_FROM_COORDINATES;TAXON_MATCH_TAXON_ID_IGNORED
4512073998	50c9509d-22c7-4a22-a47d-8c48425ef4a7	https://www.inaturalist.org/observations/182670206	Fungi	Basidiomycota	Agaricomycetes	Agaricales	Tricholomataceae	Tricholoma	Tricholoma equestre		SPECIES	Tricholoma equestre (L.) P.Kumm.	Tricholoma equestre		CA		Prince Edward Island	PRESENT		28eb1a3f-1c15-4a95-931a-4af90ecb574d	46.691883	-64.019919	3.0						2023-09-10T13:30	10	9	2023	3324883	3324883	HUMAN_OBSERVATION	iNaturalist	Observations	182670206		Thelma Phillips	2023-10-09T16:05:45	CC_BY_NC_4_0	Thelma Phillips	Thelma Phillips			2025-01-14T12:39:53.431Z	StillImage	COORDINATE_ROUNDED;CONTINENT_DERIVED_FROM_COORDINATES;TAXON_MATCH_TAXON_ID_IGNORED
4440960883	50c9509d-22c7-4a22-a47d-8c48425ef4a7	https://www.inaturalist.org/observations/190694661	Fungi	Basidiomycota	Agaricomycetes	Agaricales	Tricholomataceae	Tricholoma	Tricholoma equestre		SPECIES	Tricholoma equestre (L.) P.Kumm.	Tricholoma equestre		CA		Québec	PRESENT		28eb1a3f-1c15-4a95-931a-4af90ecb574d	46.461954	-72.370002	543.0						2023-10-29T14:40:51	29	10	2023	3324883	3324883	HUMAN_OBSERVATION	iNaturalist	Observations	190694661		Étienne Godin	2023-11-11T17:26:15	CC_BY_NC_4_0	Étienne Godin	Étienne Godin			2025-01-14T12:43:03.205Z	StillImage	COORDINATE_ROUNDED;CONTINENT_DERIVED_FROM_COORDINATES;TAXON_MATCH_TAXON_ID_IGNORED
4438933191	50c9509d-22c7-4a22-a47d-8c48425ef4a7	https://www.inaturalist.org/observations/187647793	Fungi	Basidiomycota	Agaricomycetes	Agaricales	Tricholomataceae	Tricholoma	Tricholoma equestre		SPECIES	Tricholoma equestre (L.) P.Kumm.	Tricholoma equestre		CA		Ontario	PRESENT		28eb1a3f-1c15-4a95-931a-4af90ecb574d	45.103164	-76.342353	16.0						2023-10-15T11:32:16	15	10	2023	3324883	3324883	HUMAN_OBSERVATION	iNaturalist	Observations	187647793		Igor Khomenko	2023-10-15T16:13:19	CC_BY_NC_4_0	Igor Khomenko	Igor Khomenko			2025-01-14T12:41:14.400Z	StillImage	COORDINATE_ROUNDED;CONTINENT_DERIVED_FROM_COORDINATES;TAXON_MATCH_TAXON_ID_IGNORED
4430750364	50c9509d-22c7-4a22-a47d-8c48425ef4a7	https://www.inaturalist.org/observations/188384981	Fungi	Basidiomycota	Agaricomycetes	Agaricales	Tricholomataceae	Tricholoma	Tricholoma equestre		SPECIES	Tricholoma equestre (L.) P.Kumm.	Tricholoma equestre		CA		Québec	PRESENT		28eb1a3f-1c15-4a95-931a-4af90ecb574d	45.660204	-74.246258	404.0						2023-10-14T10:04	14	10	2023	3324883	3324883	HUMAN_OBSERVATION	iNaturalist	Observations	188384981		Antoine Fortin	2023-10-21T15:00:45	CC_BY_NC_4_0	Antoine Fortin	Antoine Fortin			2025-01-14T12:40:34.072Z	StillImage	COORDINATE_ROUNDED;CONTINENT_DERIVED_FROM_COORDINATES;TAXON_MATCH_TAXON_ID_IGNORED
4417196420	50c9509d-22c7-4a22-a47d-8c48425ef4a7	https://www.inaturalist.org/observations/185006782	Fungi	Basidiomycota	Agaricomycetes	Agaricales	Tricholomataceae	Tricholoma	Tricholoma equestre		SPECIES	Tricholoma equestre (L.) P.Kumm.	Tricholoma equestre		CA		Québec	PRESENT		28eb1a3f-1c15-4a95-931a-4af90ecb574d	47.524558	-70.521562	6.0						2023-09-24T15:41:21	24	9	2023	3324883	3324883	HUMAN_OBSERVATION	iNaturalist	Observations	185006782		Antoine Fortin	2023-09-26T17:10:50	CC_BY_4_0	Marilyne Busque-Dubois	Marilyne Busque-Dubois			2025-01-14T12:40:01.743Z	StillImage	COORDINATE_ROUNDED;CONTINENT_DERIVED_FROM_COORDINATES;TAXON_MATCH_TAXON_ID_IGNORED
4407129000	50c9509d-22c7-4a22-a47d-8c48425ef4a7	https://www.inaturalist.org/observations/181605254	Fungi	Basidiomycota	Agaricomycetes	Agaricales	Tricholomataceae	Tricholoma	Tricholoma equestre		SPECIES	Tricholoma equestre (L.) P.Kumm.	Tricholoma equestre		CA		Québec	PRESENT		28eb1a3f-1c15-4a95-931a-4af90ecb574d	48.087395	-79.006447	5.0						2023-09-03T13:18:02	3	9	2023	3324883	3324883	HUMAN_OBSERVATION	iNaturalist	Observations	181605254		wasopc	2023-09-03T18:27:06	CC_BY_NC_4_0	wasopc	wasopc			2025-01-14T13:40:58.868Z	StillImage	COORDINATE_ROUNDED;CONTINENT_DERIVED_FROM_COORDINATES;TAXON_MATCH_TAXON_ID_IGNORED
4406536335	fb9d7c38-5759-4c30-9e09-5b6bd43f78a6	http://id.luomus.fi/MY.14952884	Fungi	Basidiomycota	Agaricomycetes	Agaricales	Tricholomataceae	Tricholoma	Tricholoma equestre		SPECIES	Tricholoma flavovirens (Pers.) S.Lundell	Tricholoma flavovirens (Pers.) S. Lundell		CA		Quebec	PRESENT		04fd2e13-6881-4e5c-9dd1-8fdd9ab993c1	47.18	-70.21							1963-09-16T00:00Z	16	9	1963	3324882	3324883	PRESERVED_SPECIMEN	H		http://id.luomus.fi/HA.H7080599				CC_BY_4_0		Groves, J. W.			2025-01-17T02:41:19.813Z		CONTINENT_DERIVED_FROM_COORDINATES;COLLECTION_MATCH_NONE;INSTITUTION_MATCH_FUZZY
4046664605	50c9509d-22c7-4a22-a47d-8c48425ef4a7	https://www.inaturalist.org/observations/141661059	Fungi	Basidiomycota	Agaricomycetes	Agaricales	Tricholomataceae	Tricholoma	Tricholoma equestre		SPECIES	Tricholoma equestre (L.) P.Kumm.	Tricholoma equestre		CA		New Brunswick	PRESENT		28eb1a3f-1c15-4a95-931a-4af90ecb574d	45.484361	-65.307517	89.0						2021-10-09T13:19	9	10	2021	3324883	3324883	HUMAN_OBSERVATION	iNaturalist	Observations	141661059		Alfredo Justo	2022-11-11T02:11:35	CC_BY_NC_4_0	Alfredo Justo	Alfredo Justo			2025-01-14T13:26:30.556Z	StillImage	COORDINATE_ROUNDED;CONTINENT_DERIVED_FROM_COORDINATES;TAXON_MATCH_TAXON_ID_IGNORED
4046552594	50c9509d-22c7-4a22-a47d-8c48425ef4a7	https://www.inaturalist.org/observations/141714262	Fungi	Basidiomycota	Agaricomycetes	Agaricales	Tricholomataceae	Tricholoma	Tricholoma equestre		SPECIES	Tricholoma equestre (L.) P.Kumm.	Tricholoma equestre		CA		New Brunswick	PRESENT		28eb1a3f-1c15-4a95-931a-4af90ecb574d	45.496097	-65.308181	50.0						2021-10-13T13:50	13	10	2021	3324883	3324883	HUMAN_OBSERVATION	iNaturalist	Observations	141714262		Alfredo Justo	2022-11-11T18:50:54	CC_BY_NC_4_0	Alfredo Justo	Alfredo Justo			2025-01-14T13:26:13.154Z	StillImage	COORDINATE_ROUNDED;CONTINENT_DERIVED_FROM_COORDINATES;TAXON_MATCH_TAXON_ID_IGNORED
4046505570	50c9509d-22c7-4a22-a47d-8c48425ef4a7	https://www.inaturalist.org/observations/141661130	Fungi	Basidiomycota	Agaricomycetes	Agaricales	Tricholomataceae	Tricholoma	Tricholoma equestre		SPECIES	Tricholoma equestre (L.) P.Kumm.	Tricholoma equestre		CA		New Brunswick	PRESENT		28eb1a3f-1c15-4a95-931a-4af90ecb574d	45.484036	-65.307839	115.0						2021-10-09T13:22	9	10	2021	3324883	3324883	HUMAN_OBSERVATION	iNaturalist	Observations	141661130		Alfredo Justo	2022-11-11T02:12:27	CC_BY_NC_4_0	Alfredo Justo	Alfredo Justo			2025-01-14T13:26:12.989Z	StillImage	COORDINATE_ROUNDED;CONTINENT_DERIVED_FROM_COORDINATES;TAXON_MATCH_TAXON_ID_IGNORED
4046374546	50c9509d-22c7-4a22-a47d-8c48425ef4a7	https://www.inaturalist.org/observations/138054071	Fungi	Basidiomycota	Agaricomycetes	Agaricales	Tricholomataceae	Tricholoma	Tricholoma equestre		SPECIES	Tricholoma equestre (L.) P.Kumm.	Tricholoma equestre		CA		New Brunswick	PRESENT		28eb1a3f-1c15-4a95-931a-4af90ecb574d	46.792203	-66.407783	8.0						2022-10-04T11:54	4	10	2022	3324883	3324883	HUMAN_OBSERVATION	iNaturalist	Observations	138054071		Alfredo Justo	2022-10-09T00:14:50	CC_BY_NC_4_0	Alfredo Justo	Alfredo Justo			2025-01-14T12:31:58.856Z	StillImage	COORDINATE_ROUNDED;CONTINENT_DERIVED_FROM_COORDINATES;TAXON_MATCH_TAXON_ID_IGNORED
4046306568	50c9509d-22c7-4a22-a47d-8c48425ef4a7	https://www.inaturalist.org/observations/141708763	Fungi	Basidiomycota	Agaricomycetes	Agaricales	Tricholomataceae	Tricholoma	Tricholoma equestre		SPECIES	Tricholoma equestre (L.) P.Kumm.	Tricholoma equestre		CA		New Brunswick	PRESENT		28eb1a3f-1c15-4a95-931a-4af90ecb574d	45.490075	-65.305436	9.0						2021-10-13T10:57	13	10	2021	3324883	3324883	HUMAN_OBSERVATION	iNaturalist	Observations	141708763		Alfredo Justo	2022-11-11T17:37:31	CC_BY_NC_4_0	Alfredo Justo	Alfredo Justo			2025-01-14T12:32:57.836Z	StillImage	COORDINATE_ROUNDED;CONTINENT_DERIVED_FROM_COORDINATES;TAXON_MATCH_TAXON_ID_IGNORED
4023664240	fb9d7c38-5759-4c30-9e09-5b6bd43f78a6	http://id.luomus.fi/MY.10771093	Fungi	Basidiomycota	Agaricomycetes	Agaricales	Tricholomataceae	Tricholoma	Tricholoma equestre		SPECIES	Tricholoma equestre (L.) P.Kumm.	Tricholoma equestre (L.:Fr.) P.Kumm.		CA			PRESENT		04fd2e13-6881-4e5c-9dd1-8fdd9ab993c1	47.18	-70.21							1963-09-16T00:00Z	16	9	1963	3324883	3324883	PRESERVED_SPECIMEN	H		http://id.luomus.fi/HA.H7067867				CC_BY_4_0		Groves, J. W.			2025-01-17T02:41:17.437Z		CONTINENT_DERIVED_FROM_COORDINATES;TAXON_MATCH_TAXON_ID_IGNORED;COLLECTION_MATCH_NONE;INSTITUTION_MATCH_FUZZY
4023664217	fb9d7c38-5759-4c30-9e09-5b6bd43f78a6	http://id.luomus.fi/MY.10771089	Fungi	Basidiomycota	Agaricomycetes	Agaricales	Tricholomataceae	Tricholoma	Tricholoma equestre		SPECIES	Tricholoma equestre (L.) P.Kumm.	Tricholoma equestre (L.:Fr.) P.Kumm.		CA	La Verendrye Park		PRESENT		04fd2e13-6881-4e5c-9dd1-8fdd9ab993c1	47.03	-76.53							1965-09-17T00:00Z	17	9	1965	3324883	3324883	PRESERVED_SPECIMEN	H		http://id.luomus.fi/HA.H7067866	J.W. Groves 65-162			CC_BY_4_0		Elliott, M. E.;Groves, J. W.			2025-01-17T02:41:17.422Z		CONTINENT_DERIVED_FROM_COORDINATES;TAXON_MATCH_TAXON_ID_IGNORED;COLLECTION_MATCH_NONE;INSTITUTION_MATCH_FUZZY
3986197961	50c9509d-22c7-4a22-a47d-8c48425ef4a7	https://www.inaturalist.org/observations/141714543	Fungi	Basidiomycota	Agaricomycetes	Agaricales	Tricholomataceae	Tricholoma	Tricholoma equestre		SPECIES	Tricholoma equestre (L.) P.Kumm.	Tricholoma equestre		CA		New Brunswick	PRESENT		28eb1a3f-1c15-4a95-931a-4af90ecb574d	45.490108	-65.305703	29.0						2021-10-13T10:52	13	10	2021	3324883	3324883	HUMAN_OBSERVATION	iNaturalist	Observations	141714543		Alfredo Justo	2022-11-11T18:55:32	CC_BY_NC_4_0	Alfredo Justo	Alfredo Justo			2025-01-14T12:32:30.017Z	StillImage	COORDINATE_ROUNDED;CONTINENT_DERIVED_FROM_COORDINATES;TAXON_MATCH_TAXON_ID_IGNORED
3947206400	50c9509d-22c7-4a22-a47d-8c48425ef4a7	https://www.inaturalist.org/observations/138747446	Fungi	Basidiomycota	Agaricomycetes	Agaricales	Tricholomataceae	Tricholoma	Tricholoma equestre		SPECIES	Tricholoma equestre (L.) P.Kumm.	Tricholoma equestre		CA		Ontario	PRESENT		28eb1a3f-1c15-4a95-931a-4af90ecb574d	45.031039	-78.748428	71.0						2022-10-14T14:35:03	14	10	2022	3324883	3324883	HUMAN_OBSERVATION	iNaturalist	Observations	138747446		Alexandria	2022-10-14T18:38:37	CC_BY_NC_4_0	Alexandria	Alexandria			2025-01-14T12:32:25.130Z	StillImage	COORDINATE_ROUNDED;CONTINENT_DERIVED_FROM_COORDINATES;TAXON_MATCH_TAXON_ID_IGNORED
3407924559	50c9509d-22c7-4a22-a47d-8c48425ef4a7	https://www.inaturalist.org/observations/98063678	Fungi	Basidiomycota	Agaricomycetes	Agaricales	Tricholomataceae	Tricholoma	Tricholoma equestre		SPECIES	Tricholoma equestre (L.) P.Kumm.	Tricholoma equestre		CA		Prince Edward Island	PRESENT		28eb1a3f-1c15-4a95-931a-4af90ecb574d	46.507674	-64.080396	100.0						2021-10-12T10:26	12	10	2021	3324883	3324883	HUMAN_OBSERVATION	iNaturalist	Observations	98063678		Denis Gallant	2021-10-13T01:06:43	CC_BY_NC_4_0	Denis Gallant	Denis Gallant			2025-01-14T12:22:45.513Z	StillImage	COORDINATE_ROUNDED;CONTINENT_DERIVED_FROM_COORDINATES;TAXON_MATCH_TAXON_ID_IGNORED
3391392761	50c9509d-22c7-4a22-a47d-8c48425ef4a7	https://www.inaturalist.org/observations/97686447	Fungi	Basidiomycota	Agaricomycetes	Agaricales	Tricholomataceae	Tricholoma	Tricholoma equestre		SPECIES	Tricholoma equestre (L.) P.Kumm.	Tricholoma equestre		CA		Ontario	PRESENT		28eb1a3f-1c15-4a95-931a-4af90ecb574d	45.333145	-76.378738	4.0						2021-10-09T10:54:58	9	10	2021	3324883	3324883	HUMAN_OBSERVATION	iNaturalist	Observations	97686447		jonathan_mack	2021-10-10T00:26:04	CC_BY_NC_4_0	Derek Dunnett	Derek Dunnett			2025-01-14T13:15:50.431Z	StillImage	COORDINATE_ROUNDED;CONTINENT_DERIVED_FROM_COORDINATES;TAXON_MATCH_TAXON_ID_IGNORED
3384583307	50c9509d-22c7-4a22-a47d-8c48425ef4a7	https://www.inaturalist.org/observations/97099717	Fungi	Basidiomycota	Agaricomycetes	Agaricales	Tricholomataceae	Tricholoma	Tricholoma equestre		SPECIES	Tricholoma equestre (L.) P.Kumm.	Tricholoma equestre		CA		Québec	PRESENT		28eb1a3f-1c15-4a95-931a-4af90ecb574d	45.574512	-73.479416	13.0						2021-10-03T21:32:54	3	10	2021	3324883	3324883	HUMAN_OBSERVATION	iNaturalist	Observations	97099717		tomyfaubert	2021-10-04T01:33:05	CC_BY_NC_4_0	tomyfaubert	tomyfaubert			2025-01-14T12:21:55.186Z	StillImage	COORDINATE_ROUNDED;CONTINENT_DERIVED_FROM_COORDINATES;TAXON_MATCH_TAXON_ID_IGNORED
3384231781	50c9509d-22c7-4a22-a47d-8c48425ef4a7	https://www.inaturalist.org/observations/96692420	Fungi	Basidiomycota	Agaricomycetes	Agaricales	Tricholomataceae	Tricholoma	Tricholoma equestre		SPECIES	Tricholoma equestre (L.) P.Kumm.	Tricholoma equestre		CA		New Brunswick	PRESENT		28eb1a3f-1c15-4a95-931a-4af90ecb574d	45.985557	-66.683061							2021-09-30T10:32:20	30	9	2021	3324883	3324883	HUMAN_OBSERVATION	iNaturalist	Observations	96692420		Phil H.	2021-09-30T15:55:24	CC_BY_NC_4_0	Phil H.	Phil H.			2025-01-14T12:21:53.087Z	StillImage	COORDINATE_ROUNDED;CONTINENT_DERIVED_FROM_COORDINATES;TAXON_MATCH_TAXON_ID_IGNORED
3384083716	50c9509d-22c7-4a22-a47d-8c48425ef4a7	https://www.inaturalist.org/observations/96695907	Fungi	Basidiomycota	Agaricomycetes	Agaricales	Tricholomataceae	Tricholoma	Tricholoma equestre		SPECIES	Tricholoma equestre (L.) P.Kumm.	Tricholoma equestre		CA		Ontario	PRESENT		28eb1a3f-1c15-4a95-931a-4af90ecb574d	45.402113	-75.556237	16.0						2021-09-30T12:28:24	30	9	2021	3324883	3324883	HUMAN_OBSERVATION	iNaturalist	Observations	96695907		Igor Khomenko	2021-09-30T16:29:19	CC_BY_NC_4_0	Igor Khomenko	Igor Khomenko			2025-01-14T13:15:09.203Z	StillImage	COORDINATE_ROUNDED;CONTINENT_DERIVED_FROM_COORDINATES;TAXON_MATCH_TAXON_ID_IGNORED
3351949433	d8cd16ba-bb74-4420-821e-083f2bac17c2	MW627892	Fungi	Basidiomycota	Agaricomycetes	Agaricales	Tricholomataceae	Tricholoma	Tricholoma equestre		SPECIES	Tricholoma equestre (L.) P.Kumm.	Tricholoma cf. equestre		CA	Quebec, Ixworth		PRESENT		ada9d123-ddb4-467d-8891-806ea8d94230	47.32	-69.94							1993-09-05	5	9	1993	3324883	3324883	PRESERVED_SPECIMEN			MQ20-GUE1524-CMMF014813		Jacques Landry		CC_BY_4_0		Guerin, Gerard			2025-01-18T13:05:54.105Z		GEODETIC_DATUM_ASSUMED_WGS84;CONTINENT_DERIVED_FROM_COORDINATES;TAXON_MATCH_TAXON_CONCEPT_ID_IGNORED;TAXON_MATCH_TAXON_ID_IGNORED
3351914607	d8cd16ba-bb74-4420-821e-083f2bac17c2	MW627969	Fungi	Basidiomycota	Agaricomycetes	Agaricales	Tricholomataceae	Tricholoma	Tricholoma equestre		SPECIES	Tricholoma equestre (L.) P.Kumm.	Tricholoma cf. equestre		CA	Quebec, Montebello		PRESENT		ada9d123-ddb4-467d-8891-806ea8d94230	45.65	-74.95							2011-09-23	23	9	2011	3324883	3324883	PRESERVED_SPECIMEN			MQ20-HRL0939a-QFB32616		Jacques Landry		CC_BY_4_0		Renee Lebeuf			2025-01-18T13:04:53.285Z		GEODETIC_DATUM_ASSUMED_WGS84;CONTINENT_DERIVED_FROM_COORDINATES;TAXON_MATCH_TAXON_CONCEPT_ID_IGNORED;TAXON_MATCH_TAXON_ID_IGNORED
3351901409	d8cd16ba-bb74-4420-821e-083f2bac17c2	MW627968	Fungi	Basidiomycota	Agaricomycetes	Agaricales	Tricholomataceae	Tricholoma	Tricholoma equestre		SPECIES	Tricholoma equestre (L.) P.Kumm.	Tricholoma cf. equestre		CA	Quebec, Val-d'Or, Cote de 100 pieds		PRESENT		ada9d123-ddb4-467d-8891-806ea8d94230	48.09	-77.78							2018-09-22	22	9	2018	3324883	3324883	PRESERVED_SPECIMEN			MQ20-pat0196		Jacques Landry		CC_BY_4_0		Patrick Poitras			2025-01-18T13:04:53.400Z		GEODETIC_DATUM_ASSUMED_WGS84;CONTINENT_DERIVED_FROM_COORDINATES;TAXON_MATCH_TAXON_CONCEPT_ID_IGNORED;TAXON_MATCH_TAXON_ID_IGNORED
3351829356	d8cd16ba-bb74-4420-821e-083f2bac17c2	MW627979	Fungi	Basidiomycota	Agaricomycetes	Agaricales	Tricholomataceae	Tricholoma	Tricholoma equestre		SPECIES	Tricholoma equestre (L.) P.Kumm.	Tricholoma cf. equestre		CA	Quebec, Lachute		PRESENT		ada9d123-ddb4-467d-8891-806ea8d94230	45.66	-74.29							1988-10-01	1	10	1988	3324883	3324883	PRESERVED_SPECIMEN			MQ20-YL-CMMF000402		Jacques Landry		CC_BY_4_0		Yves Lamoureux			2025-01-18T13:06:02.349Z		GEODETIC_DATUM_ASSUMED_WGS84;CONTINENT_DERIVED_FROM_COORDINATES;TAXON_MATCH_TAXON_CONCEPT_ID_IGNORED;TAXON_MATCH_TAXON_ID_IGNORED
3351768401	d8cd16ba-bb74-4420-821e-083f2bac17c2	MW628002	Fungi	Basidiomycota	Agaricomycetes	Agaricales	Tricholomataceae	Tricholoma	Tricholoma equestre		SPECIES	Tricholoma equestre (L.) P.Kumm.	Tricholoma cf. equestre		CA	Quebec, Amos, Lac Dudemaine		PRESENT		ada9d123-ddb4-467d-8891-806ea8d94230	48.56	-78.21							2011-09-16	16	9	2011	3324883	3324883	PRESERVED_SPECIMEN			MQ20-HL1122-QFB32574		Jacques Landry		CC_BY_4_0		Herman Lambert			2025-01-18T13:06:03.483Z		GEODETIC_DATUM_ASSUMED_WGS84;CONTINENT_DERIVED_FROM_COORDINATES;TAXON_MATCH_TAXON_CONCEPT_ID_IGNORED;TAXON_MATCH_TAXON_ID_IGNORED
3351755655	d8cd16ba-bb74-4420-821e-083f2bac17c2	MW628107	Fungi	Basidiomycota	Agaricomycetes	Agaricales	Tricholomataceae	Tricholoma	Tricholoma equestre		SPECIES	Tricholoma equestre (L.) P.Kumm.	Tricholoma cf. equestre		CA	Quebec, Tadoussac, dunes		PRESENT		ada9d123-ddb4-467d-8891-806ea8d94230	48.16	-69.67							2019-09-20	20	9	2019	3324883	3324883	PRESERVED_SPECIMEN			MQ20-HL1640-QFB32587		Jacques Landry		CC_BY_4_0		Herman Lambert			2025-01-18T13:04:53.284Z		GEODETIC_DATUM_ASSUMED_WGS84;CONTINENT_DERIVED_FROM_COORDINATES;TAXON_MATCH_TAXON_CONCEPT_ID_IGNORED;TAXON_MATCH_TAXON_ID_IGNORED
3350011658	d8cd16ba-bb74-4420-821e-083f2bac17c2	JN029516	Fungi	Basidiomycota	Agaricomycetes	Agaricales	Tricholomataceae	Tricholoma	Tricholoma equestre		SPECIES	Tricholoma flavovirens (Pers.) S.Lundell	Tricholoma flavovirens		CA	Ontario, Wildlife Research Station, Algonquin Provincial Park		PRESENT		ada9d123-ddb4-467d-8891-806ea8d94230	45.59	-78.52							2007-10-03	3	10	2007	3324882	3324883	PRESERVED_SPECIMEN			TRTC156996		Bryn T. M. Dentinger		CC_BY_4_0		Bryn Dentinger, Maryna Didukh			2025-01-18T13:03:52.497Z		GEODETIC_DATUM_ASSUMED_WGS84;CONTINENT_DERIVED_FROM_COORDINATES;TAXON_MATCH_TAXON_CONCEPT_ID_IGNORED;TAXON_MATCH_TAXON_ID_IGNORED
3349487651	d8cd16ba-bb74-4420-821e-083f2bac17c2	MW627996	Fungi	Basidiomycota	Agaricomycetes	Agaricales	Tricholomataceae	Tricholoma	Tricholoma equestre		SPECIES	Tricholoma equestre (L.) P.Kumm.	Tricholoma cf. equestre		CA	Quebec, Ste-Gertrude-Manneville, Pinede de pins gris		PRESENT		ada9d123-ddb4-467d-8891-806ea8d94230	48.52	-78.46							2012-10-07	7	10	2012	3324883	3324883	PRESERVED_SPECIMEN			MQ20-pat07101201		Jacques Landry		CC_BY_4_0		Patrick Poitras			2025-01-18T13:04:53.332Z		GEODETIC_DATUM_ASSUMED_WGS84;CONTINENT_DERIVED_FROM_COORDINATES;TAXON_MATCH_TAXON_CONCEPT_ID_IGNORED;TAXON_MATCH_TAXON_ID_IGNORED
3349433651	d8cd16ba-bb74-4420-821e-083f2bac17c2	MW627957	Fungi	Basidiomycota	Agaricomycetes	Agaricales	Tricholomataceae	Tricholoma	Tricholoma equestre		SPECIES	Tricholoma equestre (L.) P.Kumm.	Tricholoma cf. equestre		CA	Quebec, Lachute		PRESENT		ada9d123-ddb4-467d-8891-806ea8d94230	45.66	-74.29							1993-09-28	28	9	1993	3324883	3324883	PRESERVED_SPECIMEN			MQ19-CMMF002093		Jacques Landry		CC_BY_4_0		Lamoureux, Yves			2025-01-18T13:05:53.761Z		GEODETIC_DATUM_ASSUMED_WGS84;CONTINENT_DERIVED_FROM_COORDINATES;TAXON_MATCH_TAXON_CONCEPT_ID_IGNORED;TAXON_MATCH_TAXON_ID_IGNORED
3349398280	d8cd16ba-bb74-4420-821e-083f2bac17c2	MW627889	Fungi	Basidiomycota	Agaricomycetes	Agaricales	Tricholomataceae	Tricholoma	Tricholoma equestre		SPECIES	Tricholoma equestre (L.) P.Kumm.	Tricholoma cf. equestre		CA	Quebec, Lachute		PRESENT		ada9d123-ddb4-467d-8891-806ea8d94230	45.66	-74.29							1989-09-24	24	9	1989	3324883	3324883	PRESERVED_SPECIMEN			MQ20-YL-CMMF000841		Jacques Landry		CC_BY_4_0		Yves Lamoureux			2025-01-18T13:05:54.105Z		GEODETIC_DATUM_ASSUMED_WGS84;CONTINENT_DERIVED_FROM_COORDINATES;TAXON_MATCH_TAXON_CONCEPT_ID_IGNORED;TAXON_MATCH_TAXON_ID_IGNORED
3109282148	50c9509d-22c7-4a22-a47d-8c48425ef4a7	https://www.inaturalist.org/observations/75427289	Fungi	Basidiomycota	Agaricomycetes	Agaricales	Tricholomataceae	Tricholoma	Tricholoma equestre		SPECIES	Tricholoma equestre (L.) P.Kumm.	Tricholoma equestre		CA		Québec	PRESENT		28eb1a3f-1c15-4a95-931a-4af90ecb574d	48.27425	-72.1914	496.0						2006-09-02	2	9	2006	3324883	3324883	HUMAN_OBSERVATION	iNaturalist	Observations	75427289		John Plischke	2021-04-27T14:32:46	CC_BY_NC_4_0	John Plischke	John Plischke			2025-01-14T13:11:45.671Z	StillImage	CONTINENT_DERIVED_FROM_COORDINATES;TAXON_MATCH_TAXON_ID_IGNORED
3079579669	50c9509d-22c7-4a22-a47d-8c48425ef4a7	https://www.inaturalist.org/observations/33321004	Fungi	Basidiomycota	Agaricomycetes	Agaricales	Tricholomataceae	Tricholoma	Tricholoma equestre		SPECIES	Tricholoma equestre (L.) P.Kumm.	Tricholoma equestre		CA		Ontario	PRESENT		28eb1a3f-1c15-4a95-931a-4af90ecb574d	45.403347	-75.564789	16.0						2019-09-23T11:45	23	9	2019	3324883	3324883	HUMAN_OBSERVATION	iNaturalist	Observations	33321004		Igor Khomenko	2019-09-24T16:48:06	CC_BY_NC_4_0	Igor Khomenko	Igor Khomenko			2025-01-14T13:09:38.707Z	StillImage	COORDINATE_ROUNDED;CONTINENT_DERIVED_FROM_COORDINATES;TAXON_MATCH_TAXON_ID_IGNORED
2456528809	50c9509d-22c7-4a22-a47d-8c48425ef4a7	https://www.inaturalist.org/observations/35470195	Fungi	Basidiomycota	Agaricomycetes	Agaricales	Tricholomataceae	Tricholoma	Tricholoma equestre		SPECIES	Tricholoma equestre (L.) P.Kumm.	Tricholoma equestre		CA		New Brunswick	PRESENT		28eb1a3f-1c15-4a95-931a-4af90ecb574d	46.389245	-64.618661	8.0						2019-10-11T15:46	11	10	2019	3324883	3324883	HUMAN_OBSERVATION	iNaturalist	Observations	35470195		Stuart Tingley	2019-11-09T00:55:19	CC_BY_NC_4_0	Stuart Tingley	Stuart Tingley			2025-01-14T12:10:02.839Z	StillImage	COORDINATE_ROUNDED;CONTINENT_DERIVED_FROM_COORDINATES;TAXON_MATCH_TAXON_ID_IGNORED
1930757169	d415c253-4d61-4459-9d25-4015b9084fb0	d38726e2-0153-4e39-9995-545bd66b65c6	Fungi	Basidiomycota	Agaricomycetes	Agaricales	Tricholomataceae	Tricholoma	Tricholoma equestre		SPECIES	Tricholoma flavovirens (Pers.) S.Lundell	Tricholoma flavovirens (Pers.:Fr.) S.Lundell	(Pers.:Fr.) S.Lundell	CA		Quebec	PRESENT		ae447c50-b8a8-11d8-92a4-b8a03c50a862	45.65	-74.333333							1956-10-19	19	10	1956	3324882	3324883	PRESERVED_SPECIMEN	NY	NY	510901	4850	H. E. Bigelow		CC0_1_0	The New York Botanical Garden	H. E. Bigelow			2024-12-25T06:22:48.269Z		GEODETIC_DATUM_ASSUMED_WGS84;MODIFIED_DATE_INVALID
1847647623	50c9509d-22c7-4a22-a47d-8c48425ef4a7	https://www.inaturalist.org/observations/9595176	Fungi	Basidiomycota	Agaricomycetes	Agaricales	Tricholomataceae	Tricholoma	Tricholoma equestre		SPECIES	Tricholoma equestre (L.) P.Kumm.	Tricholoma equestre		CA		Ontario	PRESENT		28eb1a3f-1c15-4a95-931a-4af90ecb574d	45.69085	-78.32155	84661.0						2017-09-25	25	9	2017	3324883	3324883	HUMAN_OBSERVATION	iNaturalist	Observations	9595176		mycowalt	2018-02-26T04:07:20	CC_BY_NC_4_0	mycowalt	mycowalt			2025-01-14T12:04:23.092Z	StillImage	CONTINENT_DERIVED_FROM_COORDINATES;TAXON_MATCH_TAXON_ID_IGNORED
1847646062	50c9509d-22c7-4a22-a47d-8c48425ef4a7	https://www.inaturalist.org/observations/9577714	Fungi	Basidiomycota	Agaricomycetes	Agaricales	Tricholomataceae	Tricholoma	Tricholoma equestre		SPECIES	Tricholoma equestre (L.) P.Kumm.	Tricholoma equestre		CA		Ontario	PRESENT		28eb1a3f-1c15-4a95-931a-4af90ecb574d	45.69085	-78.32155	84661.0						2014-09-22	22	9	2014	3324883	3324883	HUMAN_OBSERVATION	iNaturalist	Observations	9577714		mycowalt	2018-01-23T19:32:28	CC_BY_NC_4_0	mycowalt	mycowalt			2025-01-14T12:59:52.185Z	StillImage	CONTINENT_DERIVED_FROM_COORDINATES;TAXON_MATCH_TAXON_ID_IGNORED
1847644749	50c9509d-22c7-4a22-a47d-8c48425ef4a7	https://www.inaturalist.org/observations/9572014	Fungi	Basidiomycota	Agaricomycetes	Agaricales	Tricholomataceae	Tricholoma	Tricholoma equestre		SPECIES	Tricholoma equestre (L.) P.Kumm.	Tricholoma equestre		CA		Ontario	PRESENT		28eb1a3f-1c15-4a95-931a-4af90ecb574d	45.5794	-78.51955	385.0						2012-09-21	21	9	2012	3324883	3324883	HUMAN_OBSERVATION	iNaturalist	Observations	9572014		mycowalt	2022-06-17T16:14:31	CC_BY_NC_4_0	mycowalt	mycowalt			2025-01-14T12:04:25.709Z	StillImage	CONTINENT_DERIVED_FROM_COORDINATES;TAXON_MATCH_TAXON_ID_IGNORED
1807258796	e8a25a42-f125-476c-8554-3ec21cd51a84	ACAD:115252	Fungi	Basidiomycota	Agaricomycetes	Agaricales	Tricholomataceae	Tricholoma	Tricholoma equestre		SPECIES	Tricholoma equestre (L.) P.Kumm.	Tricholoma equestre		CA	Kentville	Nova Scotia	PRESENT		6491ad8c-8e49-4bd4-a089-0ddb3bbe0890	45.07662	-64.49592							1938-10-15	15	10	1938	3324883	3324883	PRESERVED_SPECIMEN	Acadia University	ACAD	953F	953			CC0_1_0	Acadia University	H, KA			2024-01-25T01:36:59.330Z	StillImage	GEODETIC_DATUM_INVALID;GEODETIC_DATUM_ASSUMED_WGS84;INSTITUTION_MATCH_FUZZY;COLLECTION_MATCH_FUZZY
1807256560	e8a25a42-f125-476c-8554-3ec21cd51a84	ACAD:112975	Fungi	Basidiomycota	Agaricomycetes	Agaricales	Tricholomataceae	Tricholoma	Tricholoma equestre		SPECIES	Tricholoma equestre (L.) P.Kumm.	Tricholoma equestre		CA	Highbury	Nova Scotia	PRESENT		6491ad8c-8e49-4bd4-a089-0ddb3bbe0890	45.05943	-64.46785							1932-10-10	10	10	1932	3324883	3324883	PRESERVED_SPECIMEN	Acadia University	ACAD	511F	511			CC0_1_0	Acadia University	H, KA			2024-01-25T01:37:11.668Z	StillImage	GEODETIC_DATUM_INVALID;GEODETIC_DATUM_ASSUMED_WGS84;INSTITUTION_MATCH_FUZZY;COLLECTION_MATCH_FUZZY
1807256501	e8a25a42-f125-476c-8554-3ec21cd51a84	ACAD:112974	Fungi	Basidiomycota	Agaricomycetes	Agaricales	Tricholomataceae	Tricholoma	Tricholoma equestre		SPECIES	Tricholoma equestre (L.) P.Kumm.	Tricholoma equestre		CA	(Kentville)	Nova Scotia	PRESENT		6491ad8c-8e49-4bd4-a089-0ddb3bbe0890	45.07662	-64.49592							1931-09-11	11	9	1931	3324883	3324883	PRESERVED_SPECIMEN	Acadia University	ACAD	510F	510			CC0_1_0	Acadia University	H, KA			2024-01-25T01:37:11.672Z	StillImage	GEODETIC_DATUM_INVALID;GEODETIC_DATUM_ASSUMED_WGS84;INSTITUTION_MATCH_FUZZY;COLLECTION_MATCH_FUZZY
1807256057	e8a25a42-f125-476c-8554-3ec21cd51a84	ACAD:112781	Fungi	Basidiomycota	Agaricomycetes	Agaricales	Tricholomataceae	Tricholoma	Tricholoma equestre		SPECIES	Tricholoma equestre (L.) P.Kumm.	Tricholoma equestre		CA	Kentville	Nova Scotia	PRESENT		6491ad8c-8e49-4bd4-a089-0ddb3bbe0890	45.07662	-64.49592							1953-10-27	27	10	1953	3324883	3324883	PRESERVED_SPECIMEN	Acadia University	ACAD	2742F	2742			CC0_1_0	Acadia University	Harrison, KA			2024-01-25T01:37:10.782Z	StillImage	GEODETIC_DATUM_INVALID;GEODETIC_DATUM_ASSUMED_WGS84;INSTITUTION_MATCH_FUZZY;COLLECTION_MATCH_FUZZY
1412706447	21705170-d2b6-42de-8904-c3bca4b83591	CMMF014831	Fungi	Basidiomycota	Agaricomycetes	Agaricales	Tricholomataceae	Tricholoma	Tricholoma equestre		SPECIES	Tricholoma equestre (L.) P.Kumm.	Tricholoma equestre (L.) P. Kumm.	(L.) P. Kumm.	CA	Parc Urbain, Chicoutimi, Québec.	Québec	PRESENT		ff7bd5db-b724-4932-b496-10ea298851f9	48.400335	-71.03723	3500.0						1992-10-11	11	10	1992	3324883	3324883	PRESERVED_SPECIMEN	Université de Montréal Biodiversity Centre	CMMF	CMMF014831	1484	Guérin, Gérard		CC0_1_0	Université de Montréal Biodiversity Centre	Guérin, Gérard			2024-01-24T16:38:20.641Z	StillImage	INSTITUTION_MATCH_FUZZY;COLLECTION_MATCH_FUZZY;DIFFERENT_OWNER_INSTITUTION
1412706323	21705170-d2b6-42de-8904-c3bca4b83591	CMMF014830	Fungi	Basidiomycota	Agaricomycetes	Agaricales	Tricholomataceae	Tricholoma	Tricholoma equestre		SPECIES	Tricholoma equestre (L.) P.Kumm.	Tricholoma equestre (L.) P. Kumm.	(L.) P. Kumm.	CA	Université du Québec à Chicoutimi, Chicoutimi, Québec.	Québec	PRESENT		ff7bd5db-b724-4932-b496-10ea298851f9	48.419455	-71.052041	1000.0						1983-09-27	27	9	1983	3324883	3324883	PRESERVED_SPECIMEN	Université de Montréal Biodiversity Centre	CMMF	CMMF014830	1483	Guérin, Gérard		CC0_1_0	Université de Montréal Biodiversity Centre	Guérin, Gérard			2024-01-24T16:38:20.645Z	StillImage	INSTITUTION_MATCH_FUZZY;COLLECTION_MATCH_FUZZY;DIFFERENT_OWNER_INSTITUTION
1135070768	21705170-d2b6-42de-8904-c3bca4b83591	CMMF009305	Fungi	Basidiomycota	Agaricomycetes	Agaricales	Tricholomataceae	Tricholoma	Tricholoma equestre		SPECIES	Tricholoma equestre (L.) P.Kumm.	Tricholoma equestre (L.) P. Kumm.	(L.) P. Kumm.	CA	Rue des Acadiens, Québec.	Québec	PRESENT		ff7bd5db-b724-4932-b496-10ea298851f9	46.918501	-71.254455	4000.0						2006-09-30	30	9	2006	3324883	3324883	PRESERVED_SPECIMEN	Université de Montréal Biodiversity Centre	CMMF	CMMF009305	889	Labrecque, Jacqueline		CC0_1_0	Université de Montréal Biodiversity Centre	Labrecque, Jacqueline			2024-01-24T16:38:21.645Z		INSTITUTION_MATCH_FUZZY;COLLECTION_MATCH_FUZZY;DIFFERENT_OWNER_INSTITUTION
1135069096	21705170-d2b6-42de-8904-c3bca4b83591	CMMF007644	Fungi	Basidiomycota	Agaricomycetes	Agaricales	Tricholomataceae	Tricholoma	Tricholoma equestre		SPECIES	Tricholoma equestre (L.) P.Kumm.	Tricholoma equestre (L.) P. Kumm.	(L.) P. Kumm.	CA	St-Hippolyte	Québec	PRESENT		ff7bd5db-b724-4932-b496-10ea298851f9	45.989333	-74.003633	100.0						1979-09-15	15	9	1979	3324883	3324883	PRESERVED_SPECIMEN	Université de Montréal Biodiversity Centre	CMMF	CMMF007644	Inexistant	McNeil, Raymond		CC0_1_0	Université de Montréal Biodiversity Centre	McNeil, Raymond			2024-01-24T16:38:16.036Z	StillImage	INSTITUTION_MATCH_FUZZY;COLLECTION_MATCH_FUZZY;DIFFERENT_OWNER_INSTITUTION
1135068936	21705170-d2b6-42de-8904-c3bca4b83591	CMMF007467	Fungi	Basidiomycota	Agaricomycetes	Agaricales	Tricholomataceae	Tricholoma	Tricholoma equestre		SPECIES	Tricholoma equestre (L.) P.Kumm.	Tricholoma equestre (L.) P. Kumm.	(L.) P. Kumm.	CA	St-Roch-de-Richelieu	Québec	PRESENT		ff7bd5db-b724-4932-b496-10ea298851f9	45.880833	-73.163	100.0						2013-10-11	11	10	2013	3324883	3324883	PRESERVED_SPECIMEN	Université de Montréal Biodiversity Centre	CMMF	CMMF007467	C4328	McNeil, Raymond		CC0_1_0	Université de Montréal Biodiversity Centre	McNeil, Raymond			2024-01-24T16:38:15.847Z	StillImage	COORDINATE_ROUNDED;INSTITUTION_MATCH_FUZZY;COLLECTION_MATCH_FUZZY;DIFFERENT_OWNER_INSTITUTION
1135068906	21705170-d2b6-42de-8904-c3bca4b83591	CMMF007443	Fungi	Basidiomycota	Agaricomycetes	Agaricales	Tricholomataceae	Tricholoma	Tricholoma equestre		SPECIES	Tricholoma equestre (L.) P.Kumm.	Tricholoma equestre (L.) P. Kumm.	(L.) P. Kumm.	CA	St-Roch-de-Richelieu	Québec	PRESENT		ff7bd5db-b724-4932-b496-10ea298851f9	45.880833	-73.163	100.0						2008-10-06	6	10	2008	3324883	3324883	PRESERVED_SPECIMEN	Université de Montréal Biodiversity Centre	CMMF	CMMF007443	C3448	McNeil, Raymond		CC0_1_0	Université de Montréal Biodiversity Centre	McNeil, Raymond			2024-01-24T16:38:15.844Z	StillImage	COORDINATE_ROUNDED;INSTITUTION_MATCH_FUZZY;COLLECTION_MATCH_FUZZY;DIFFERENT_OWNER_INSTITUTION
1135068181	21705170-d2b6-42de-8904-c3bca4b83591	CMMF006813	Fungi	Basidiomycota	Agaricomycetes	Agaricales	Tricholomataceae	Tricholoma	Tricholoma equestre		SPECIES	Tricholoma equestre (L.) P.Kumm.	Tricholoma equestre (L.) P. Kumm.	(L.) P. Kumm.	CA	Lachute	Québec	PRESENT		ff7bd5db-b724-4932-b496-10ea298851f9	45.66275	-74.241983	100.0						2005-10-21	21	10	2005	3324883	3324883	PRESERVED_SPECIMEN	Université de Montréal Biodiversity Centre	CMMF	CMMF006813	C2681	McNeil, Raymond		CC0_1_0	Université de Montréal Biodiversity Centre	McNeil, Raymond			2024-01-24T16:38:18.532Z	StillImage	COORDINATE_ROUNDED;INSTITUTION_MATCH_FUZZY;COLLECTION_MATCH_FUZZY;DIFFERENT_OWNER_INSTITUTION
1135068089	21705170-d2b6-42de-8904-c3bca4b83591	CMMF006694	Fungi	Basidiomycota	Agaricomycetes	Agaricales	Tricholomataceae	Tricholoma	Tricholoma equestre		SPECIES	Tricholoma equestre (L.) P.Kumm.	Tricholoma equestre (L.) P. Kumm.	(L.) P. Kumm.	CA	Mirabel	Québec	PRESENT		ff7bd5db-b724-4932-b496-10ea298851f9	45.683917	-74.2185	100.0						2006-09-21	21	9	2006	3324883	3324883	PRESERVED_SPECIMEN	Université de Montréal Biodiversity Centre	CMMF	CMMF006694	Inexistant	McNeil, Raymond		CC0_1_0	Université de Montréal Biodiversity Centre	McNeil, Raymond			2024-01-24T16:38:18.499Z	StillImage	COORDINATE_ROUNDED;INSTITUTION_MATCH_FUZZY;COLLECTION_MATCH_FUZZY;DIFFERENT_OWNER_INSTITUTION
1135067847	21705170-d2b6-42de-8904-c3bca4b83591	CMMF006520	Fungi	Basidiomycota	Agaricomycetes	Agaricales	Tricholomataceae	Tricholoma	Tricholoma equestre		SPECIES	Tricholoma equestre (L.) P.Kumm.	Tricholoma equestre (L.) P. Kumm.	(L.) P. Kumm.	CA	Saint-Lazare	Québec	PRESENT		ff7bd5db-b724-4932-b496-10ea298851f9	45.393333	-74.215833	100.0						2005-10-04	4	10	2005	3324883	3324883	PRESERVED_SPECIMEN	Université de Montréal Biodiversity Centre	CMMF	CMMF006520	Inexistant	McNeil, Raymond		CC0_1_0	Université de Montréal Biodiversity Centre	McNeil, Raymond			2024-01-24T16:38:18.365Z	StillImage	COORDINATE_ROUNDED;INSTITUTION_MATCH_FUZZY;COLLECTION_MATCH_FUZZY;DIFFERENT_OWNER_INSTITUTION
1135066640	21705170-d2b6-42de-8904-c3bca4b83591	CMMF010051	Fungi	Basidiomycota	Agaricomycetes	Agaricales	Tricholomataceae	Tricholoma	Tricholoma equestre		SPECIES	Tricholoma equestre (L.) P.Kumm.	Tricholoma equestre (L.) P. Kumm.	(L.) P. Kumm.	CA	Côte Bédard, rue Hector, Québec.	Québec	PRESENT		ff7bd5db-b724-4932-b496-10ea298851f9	46.907478	-71.312257	400.0						2007-09-19	19	9	2007	3324883	3324883	PRESERVED_SPECIMEN	Université de Montréal Biodiversity Centre	CMMF	CMMF010051	1636	Labrecque, Jacqueline		CC0_1_0	Université de Montréal Biodiversity Centre	Labrecque, Jacqueline			2024-01-24T16:38:20.177Z		INSTITUTION_MATCH_FUZZY;COLLECTION_MATCH_FUZZY;DIFFERENT_OWNER_INSTITUTION
