gbifID	datasetKey	occurrenceID	kingdom	phylum	class	order	family	genus	species	infraspecificEpithet	taxonRank	scientificName	verbatimScientificName	verbatimScientificNameAuthorship	countryCode	locality	stateProvince	occurrenceStatus	individualCount	publishingOrgKey	decimalLatitude	decimalLongitude	coordinateUncertaintyInMeters	coordinatePrecision	elevation	elevationAccuracy	depth	depthAccuracy	eventDate	day	month	year	taxonKey	speciesKey	basisOfRecord	institutionCode	collectionCode	catalogNumber	recordNumber	identifiedBy	dateIdentified	license	rightsHolder	recordedBy	typeStatus	establishmentMeans	lastInterpreted	mediaType	issue
727874369	d7cfd2ed-8af4-427f-a16e-eb66b7e2c419	13188	Fungi	Basidiomycota	Agaricomycetes	Agaricales	Clavariaceae	Clavulinopsis	Clavulinopsis corniculata		SPECIES	Clavulinopsis corniculata (Schaeff.) Corner	Clavulinopsis corniculata (Schaeff.) Corner	(Schaeff.) Corner	CA	Algonquin Provincial Park, Sproule Lake Portage	Ontario	PRESENT		ff418020-1d67-11d9-8435-b8a03c50a862	45.634026	-78.369083	1347.0						1954-09-17	17	9	1954	5244431	5244431	PRESERVED_SPECIMEN	Royal Ontario Museum	TRTC	TRTC030269		Cain, R.F.		CC0_1_0	Royal Ontario Museum	Cain, R.F.			2024-01-25T00:59:40.729Z		COORDINATE_ROUNDED;AMBIGUOUS_INSTITUTION
617555214	21705170-d2b6-42de-8904-c3bca4b83591	CMMF000707	Fungi	Basidiomycota	Agaricomycetes	Agaricales	Clavariaceae	Clavulinopsis	Clavulinopsis corniculata		SPECIES	Clavulinopsis corniculata (Schaeff.) Corner	Clavulinopsis corniculata (Schaeff.) Corner	(Schaeff.) Corner	CA	Lanoraie	Québec	PRESENT		ff7bd5db-b724-4932-b496-10ea298851f9	45.975734	-73.240013	9000.0						1989-09-02	2	9	1989	5244431	5244431	PRESERVED_SPECIMEN	Université de Montréal Biodiversity Centre	CMMF	CMMF000707		Lamoureux, Yves		CC0_1_0	Université de Montréal Biodiversity Centre	Lamoureux, Yves			2024-01-24T16:38:20.299Z	StillImage	INSTITUTION_MATCH_FUZZY;COLLECTION_MATCH_FUZZY;DIFFERENT_OWNER_INSTITUTION
617552345	21705170-d2b6-42de-8904-c3bca4b83591	CMMF003118	Fungi	Basidiomycota	Agaricomycetes	Agaricales	Clavariaceae	Clavulinopsis	Clavulinopsis corniculata		SPECIES	Clavulinopsis corniculata (Schaeff.) Corner	Clavulinopsis corniculata (Schaeff.) Corner	(Schaeff.) Corner	CA	Laval	Québec	PRESENT		ff7bd5db-b724-4932-b496-10ea298851f9	45.609608	-73.705867	17500.0						1997-09-04	4	9	1997	5244431	5244431	PRESERVED_SPECIMEN	Université de Montréal Biodiversity Centre	CMMF	CMMF003118		Lamoureux, Yves		CC0_1_0	Université de Montréal Biodiversity Centre	Lamoureux, Yves			2024-01-24T16:38:16.726Z	StillImage	INSTITUTION_MATCH_FUZZY;COLLECTION_MATCH_FUZZY;DIFFERENT_OWNER_INSTITUTION
617550794	21705170-d2b6-42de-8904-c3bca4b83591	CMMF000243	Fungi	Basidiomycota	Agaricomycetes	Agaricales	Clavariaceae	Clavulinopsis	Clavulinopsis corniculata		SPECIES	Clavulinopsis corniculata (Schaeff.) Corner	Clavulinopsis corniculata (Schaeff.) Corner	(Schaeff.) Corner	CA	Montréal	Québec	PRESENT		ff7bd5db-b724-4932-b496-10ea298851f9	45.509625	-73.662984	25000.0						1988-08-26	26	8	1988	5244431	5244431	PRESERVED_SPECIMEN	Université de Montréal Biodiversity Centre	CMMF	CMMF000243		Lamoureux, Yves		CC0_1_0	Université de Montréal Biodiversity Centre	Lamoureux, Yves			2024-01-24T16:38:20.686Z	StillImage	INSTITUTION_MATCH_FUZZY;COLLECTION_MATCH_FUZZY;DIFFERENT_OWNER_INSTITUTION
4936758307	50c9509d-22c7-4a22-a47d-8c48425ef4a7	https://www.inaturalist.org/observations/237333620	Fungi	Basidiomycota	Agaricomycetes	Agaricales	Clavariaceae	Clavulinopsis	Clavulinopsis corniculata		SPECIES	Clavulinopsis corniculata (Schaeff.) Corner	Clavulinopsis corniculata		CA		Ontario	PRESENT		28eb1a3f-1c15-4a95-931a-4af90ecb574d	45.353413	-75.590868							2024-08-22T11:09	22	8	2024	5244431	5244431	HUMAN_OBSERVATION	iNaturalist	Observations	237333620		Igor Khomenko	2024-08-22T19:06:37	CC_BY_NC_4_0	Igor Khomenko	Igor Khomenko			2025-01-14T12:57:31.015Z	StillImage	COORDINATE_ROUNDED;CONTINENT_DERIVED_FROM_COORDINATES;TAXON_MATCH_TAXON_ID_IGNORED
4936446919	50c9509d-22c7-4a22-a47d-8c48425ef4a7	https://www.inaturalist.org/observations/133990822	Fungi	Basidiomycota	Agaricomycetes	Agaricales	Clavariaceae	Clavulinopsis	Clavulinopsis corniculata		SPECIES	Clavulinopsis corniculata (Schaeff.) Corner	Clavulinopsis corniculata		CA		Ontario	PRESENT		28eb1a3f-1c15-4a95-931a-4af90ecb574d	45.457257	-75.547476	39.0						2022-09-05T14:42	5	9	2022	5244431	5244431	HUMAN_OBSERVATION	iNaturalist	Observations	133990822		jonathan_mack	2022-09-07T01:52:01	CC_BY_NC_4_0	jonathan_mack	jonathan_mack			2025-01-14T13:19:59.511Z	StillImage	COORDINATE_ROUNDED;CONTINENT_DERIVED_FROM_COORDINATES;TAXON_MATCH_TAXON_ID_IGNORED
4936168608	50c9509d-22c7-4a22-a47d-8c48425ef4a7	https://www.inaturalist.org/observations/235815249	Fungi	Basidiomycota	Agaricomycetes	Agaricales	Clavariaceae	Clavulinopsis	Clavulinopsis corniculata		SPECIES	Clavulinopsis corniculata (Schaeff.) Corner	Clavulinopsis corniculata		CA		Québec	PRESENT		28eb1a3f-1c15-4a95-931a-4af90ecb574d	45.413678	-75.834105	48.0						2024-08-14T10:25:54	14	8	2024	5244431	5244431	HUMAN_OBSERVATION	iNaturalist	Observations	235815249		Igor Khomenko	2024-08-14T23:22:44	CC_BY_NC_4_0	Igor Khomenko	Igor Khomenko			2025-01-14T13:42:43.550Z	StillImage	COORDINATE_ROUNDED;CONTINENT_DERIVED_FROM_COORDINATES;TAXON_MATCH_TAXON_ID_IGNORED
4935891674	50c9509d-22c7-4a22-a47d-8c48425ef4a7	https://www.inaturalist.org/observations/89584176	Fungi	Basidiomycota	Agaricomycetes	Agaricales	Clavariaceae	Clavulinopsis	Clavulinopsis corniculata		SPECIES	Clavulinopsis corniculata (Schaeff.) Corner	Clavulinopsis corniculata		CA		Ontario	PRESENT		28eb1a3f-1c15-4a95-931a-4af90ecb574d	45.460683	-75.462177	30.0						2021-08-01T14:42	1	8	2021	5244431	5244431	HUMAN_OBSERVATION	iNaturalist	Observations	89584176		jonathan_mack	2021-08-02T01:50:17	CC_BY_NC_4_0	jonathan_mack	jonathan_mack			2025-01-14T13:24:31.111Z	StillImage	COORDINATE_ROUNDED;CONTINENT_DERIVED_FROM_COORDINATES;TAXON_MATCH_TAXON_ID_IGNORED
4935890377	50c9509d-22c7-4a22-a47d-8c48425ef4a7	https://www.inaturalist.org/observations/237402201	Fungi	Basidiomycota	Agaricomycetes	Agaricales	Clavariaceae	Clavulinopsis	Clavulinopsis corniculata		SPECIES	Clavulinopsis corniculata (Schaeff.) Corner	Clavulinopsis corniculata		CA		Québec	PRESENT		28eb1a3f-1c15-4a95-931a-4af90ecb574d	45.872811	-76.4339	501.0						2024-08-19T12:31	19	8	2024	5244431	5244431	HUMAN_OBSERVATION	iNaturalist	Observations	237402201		L Joan Heyding	2024-08-23T03:08:57	CC_BY_NC_4_0	L Joan Heyding	L Joan Heyding			2025-01-14T12:52:44.919Z	StillImage	COORDINATE_ROUNDED;CONTINENT_DERIVED_FROM_COORDINATES;TAXON_MATCH_TAXON_ID_IGNORED
4935782591	50c9509d-22c7-4a22-a47d-8c48425ef4a7	https://www.inaturalist.org/observations/180445306	Fungi	Basidiomycota	Agaricomycetes	Agaricales	Clavariaceae	Clavulinopsis	Clavulinopsis corniculata		SPECIES	Clavulinopsis corniculata (Schaeff.) Corner	Clavulinopsis corniculata		CA		Québec	PRESENT		28eb1a3f-1c15-4a95-931a-4af90ecb574d	45.382784	-75.821757	31.0						2023-08-26T09:46	26	8	2023	5244431	5244431	HUMAN_OBSERVATION	iNaturalist	Observations	180445306		jonathan_mack	2023-08-27T14:39:57	CC_BY_NC_4_0	jonathan_mack	jonathan_mack			2025-01-14T13:32:16.668Z	StillImage	COORDINATE_ROUNDED;CONTINENT_DERIVED_FROM_COORDINATES;TAXON_MATCH_TAXON_ID_IGNORED
4935699819	50c9509d-22c7-4a22-a47d-8c48425ef4a7	https://www.inaturalist.org/observations/229383164	Fungi	Basidiomycota	Agaricomycetes	Agaricales	Clavariaceae	Clavulinopsis	Clavulinopsis corniculata		SPECIES	Clavulinopsis corniculata (Schaeff.) Corner	Clavulinopsis corniculata		CA		Ontario	PRESENT		28eb1a3f-1c15-4a95-931a-4af90ecb574d	45.508245	-75.455096	400.0						2024-07-14T14:12	14	7	2024	5244431	5244431	HUMAN_OBSERVATION	iNaturalist	Observations	229383164		jonathan_mack	2024-07-14T23:30:08	CC_BY_NC_4_0	jonathan_mack	jonathan_mack			2025-01-14T12:48:02.089Z	StillImage	COORDINATE_ROUNDED;CONTINENT_DERIVED_FROM_COORDINATES;TAXON_MATCH_TAXON_ID_IGNORED
4926078033	50c9509d-22c7-4a22-a47d-8c48425ef4a7	https://www.inaturalist.org/observations/236002030	Fungi	Basidiomycota	Agaricomycetes	Agaricales	Clavariaceae	Clavulinopsis	Clavulinopsis corniculata		SPECIES	Clavulinopsis corniculata (Schaeff.) Corner	Clavulinopsis corniculata		CA		Québec	PRESENT		28eb1a3f-1c15-4a95-931a-4af90ecb574d	45.418036	-75.836852	391.0						2024-08-14T12:05	14	8	2024	5244431	5244431	HUMAN_OBSERVATION	iNaturalist	Observations	236002030		L Joan Heyding	2024-08-16T00:03:08	CC_BY_NC_4_0	L Joan Heyding	L Joan Heyding			2025-01-14T12:53:39.600Z	StillImage	COORDINATE_ROUNDED;CONTINENT_DERIVED_FROM_COORDINATES;TAXON_MATCH_TAXON_ID_IGNORED
4597308716	50c9509d-22c7-4a22-a47d-8c48425ef4a7	https://www.inaturalist.org/observations/199357684	Fungi	Basidiomycota	Agaricomycetes	Agaricales	Clavariaceae	Clavulinopsis	Clavulinopsis corniculata		SPECIES	Clavulinopsis corniculata (Schaeff.) Corner	Clavulinopsis corniculata		CA		Québec	PRESENT		28eb1a3f-1c15-4a95-931a-4af90ecb574d	46.850607	-71.252421	8.0						2023-08-20	20	8	2023	5244431	5244431	HUMAN_OBSERVATION	iNaturalist	Observations	199357684		Christian Grenier	2024-02-15T12:49:38	CC_BY_NC_4_0	Christian Grenier	Christian Grenier			2025-01-14T12:44:10.977Z	StillImage	COORDINATE_ROUNDED;CONTINENT_DERIVED_FROM_COORDINATES;TAXON_MATCH_TAXON_ID_IGNORED
4596809656	50c9509d-22c7-4a22-a47d-8c48425ef4a7	https://www.inaturalist.org/observations/199366251	Fungi	Basidiomycota	Agaricomycetes	Agaricales	Clavariaceae	Clavulinopsis	Clavulinopsis corniculata		SPECIES	Clavulinopsis corniculata (Schaeff.) Corner	Clavulinopsis corniculata		CA		Québec	PRESENT		28eb1a3f-1c15-4a95-931a-4af90ecb574d	46.85059	-71.252277	4.0						2023-08-09	9	8	2023	5244431	5244431	HUMAN_OBSERVATION	iNaturalist	Observations	199366251		Christian Grenier	2024-02-15T15:19:18	CC_BY_NC_4_0	Christian Grenier	Christian Grenier			2025-01-14T12:43:03.864Z	StillImage	COORDINATE_ROUNDED;CONTINENT_DERIVED_FROM_COORDINATES;TAXON_MATCH_TAXON_ID_IGNORED
4431260619	50c9509d-22c7-4a22-a47d-8c48425ef4a7	https://www.inaturalist.org/observations/188794600	Fungi	Basidiomycota	Agaricomycetes	Agaricales	Clavariaceae	Clavulinopsis	Clavulinopsis corniculata		SPECIES	Clavulinopsis corniculata (Schaeff.) Corner	Clavulinopsis corniculata		CA		Ontario	PRESENT		28eb1a3f-1c15-4a95-931a-4af90ecb574d	45.361962	-75.620282	1.0						2023-08-09T12:22	9	8	2023	5244431	5244431	HUMAN_OBSERVATION	iNaturalist	Observations	188794600		Ed Lickey	2023-10-24T17:32:17	CC_BY_4_0	christine123	christine123			2025-01-14T13:33:57.488Z	StillImage	COORDINATE_ROUNDED;CONTINENT_DERIVED_FROM_COORDINATES;TAXON_MATCH_TAXON_ID_IGNORED
4414072356	50c9509d-22c7-4a22-a47d-8c48425ef4a7	https://www.inaturalist.org/observations/183124381	Fungi	Basidiomycota	Agaricomycetes	Agaricales	Clavariaceae	Clavulinopsis	Clavulinopsis corniculata		SPECIES	Clavulinopsis corniculata (Schaeff.) Corner	Clavulinopsis corniculata		CA		Québec	PRESENT		28eb1a3f-1c15-4a95-931a-4af90ecb574d	48.578842	-72.492997	4.0						2023-08-09T16:36:25	9	8	2023	5244431	5244431	HUMAN_OBSERVATION	iNaturalist	Observations	183124381		ricomycologie	2023-09-13T19:58:18	CC_BY_NC_4_0	ricomycologie	ricomycologie			2025-01-14T12:42:15.852Z	StillImage	COORDINATE_ROUNDED;CONTINENT_DERIVED_FROM_COORDINATES;TAXON_MATCH_TAXON_ID_IGNORED
4405052844	50c9509d-22c7-4a22-a47d-8c48425ef4a7	https://www.inaturalist.org/observations/179991657	Fungi	Basidiomycota	Agaricomycetes	Agaricales	Clavariaceae	Clavulinopsis	Clavulinopsis corniculata		SPECIES	Clavulinopsis corniculata (Schaeff.) Corner	Clavulinopsis corniculata		CA		Québec	PRESENT		28eb1a3f-1c15-4a95-931a-4af90ecb574d	45.483486	-75.847908	263.0						2023-08-23T10:31	23	8	2023	5244431	5244431	HUMAN_OBSERVATION	iNaturalist	Observations	179991657		Joshua Birkebak	2023-08-26T04:19:49	CC_BY_NC_4_0	Mike Leveille	Mike Leveille			2025-01-14T12:39:48.466Z	StillImage	COORDINATE_ROUNDED;CONTINENT_DERIVED_FROM_COORDINATES;TAXON_MATCH_TAXON_ID_IGNORED
4404997932	50c9509d-22c7-4a22-a47d-8c48425ef4a7	https://www.inaturalist.org/observations/179765988	Fungi	Basidiomycota	Agaricomycetes	Agaricales	Clavariaceae	Clavulinopsis	Clavulinopsis corniculata		SPECIES	Clavulinopsis corniculata (Schaeff.) Corner	Clavulinopsis corniculata		CA		Québec	PRESENT		28eb1a3f-1c15-4a95-931a-4af90ecb574d	46.779672	-71.271615	25.0						2023-08-22T18:15:11	22	8	2023	5244431	5244431	HUMAN_OBSERVATION	iNaturalist	Observations	179765988		Camille Boucher	2023-08-23T01:16:19	CC_BY_NC_4_0	Camille Boucher	Camille Boucher			2025-01-14T12:39:31.731Z	StillImage	COORDINATE_ROUNDED;CONTINENT_DERIVED_FROM_COORDINATES;TAXON_MATCH_TAXON_ID_IGNORED
4400465660	50c9509d-22c7-4a22-a47d-8c48425ef4a7	https://www.inaturalist.org/observations/178270234	Fungi	Basidiomycota	Agaricomycetes	Agaricales	Clavariaceae	Clavulinopsis	Clavulinopsis corniculata		SPECIES	Clavulinopsis corniculata (Schaeff.) Corner	Clavulinopsis corniculata		CA		Québec	PRESENT		28eb1a3f-1c15-4a95-931a-4af90ecb574d	45.413473	-75.832556	183.0						2023-08-12T09:12	12	8	2023	5244431	5244431	HUMAN_OBSERVATION	iNaturalist	Observations	178270234		Joshua Birkebak	2023-08-22T03:38:50	CC_BY_NC_4_0	L Joan Heyding	L Joan Heyding			2025-01-14T12:38:56.785Z	StillImage	COORDINATE_ROUNDED;CONTINENT_DERIVED_FROM_COORDINATES;TAXON_MATCH_TAXON_ID_IGNORED
4400257554	50c9509d-22c7-4a22-a47d-8c48425ef4a7	https://www.inaturalist.org/observations/179461732	Fungi	Basidiomycota	Agaricomycetes	Agaricales	Clavariaceae	Clavulinopsis	Clavulinopsis corniculata		SPECIES	Clavulinopsis corniculata (Schaeff.) Corner	Clavulinopsis corniculata		CA		Québec	PRESENT		28eb1a3f-1c15-4a95-931a-4af90ecb574d	45.419705	-75.822448							2023-08-20T15:18	20	8	2023	5244431	5244431	HUMAN_OBSERVATION	iNaturalist	Observations	179461732		jonathan_mack	2023-08-21T02:09:41	CC_BY_NC_4_0	jonathan_mack	jonathan_mack			2025-01-14T12:38:21.118Z	StillImage	COORDINATE_ROUNDED;CONTINENT_DERIVED_FROM_COORDINATES;TAXON_MATCH_TAXON_ID_IGNORED
4400042926	50c9509d-22c7-4a22-a47d-8c48425ef4a7	https://www.inaturalist.org/observations/178915013	Fungi	Basidiomycota	Agaricomycetes	Agaricales	Clavariaceae	Clavulinopsis	Clavulinopsis corniculata		SPECIES	Clavulinopsis corniculata (Schaeff.) Corner	Clavulinopsis corniculata		CA		Ontario	PRESENT		28eb1a3f-1c15-4a95-931a-4af90ecb574d	45.222578	-76.199791							2023-08-17T18:31	17	8	2023	5244431	5244431	HUMAN_OBSERVATION	iNaturalist	Observations	178915013		Joshua Birkebak	2023-08-18T04:05:30	CC_BY_NC_4_0	almonteallisons	almonteallisons			2025-01-14T13:32:09.620Z	StillImage	COORDINATE_ROUNDED;CONTINENT_DERIVED_FROM_COORDINATES;TAXON_MATCH_TAXON_ID_IGNORED
4400033721	50c9509d-22c7-4a22-a47d-8c48425ef4a7	https://www.inaturalist.org/observations/179352202	Fungi	Basidiomycota	Agaricomycetes	Agaricales	Clavariaceae	Clavulinopsis	Clavulinopsis corniculata		SPECIES	Clavulinopsis corniculata (Schaeff.) Corner	Clavulinopsis corniculata		CA		Québec	PRESENT		28eb1a3f-1c15-4a95-931a-4af90ecb574d	46.891258	-71.147252	8.0						2023-08-20T11:03:54	20	8	2023	5244431	5244431	HUMAN_OBSERVATION	iNaturalist	Observations	179352202		Joshua Birkebak	2023-08-21T03:50:10	CC_BY_NC_4_0	lejocelyn	lejocelyn			2025-01-14T12:41:16.777Z	StillImage	COORDINATE_ROUNDED;CONTINENT_DERIVED_FROM_COORDINATES;TAXON_MATCH_TAXON_ID_IGNORED
4176912941	50c9509d-22c7-4a22-a47d-8c48425ef4a7	https://www.inaturalist.org/observations/177074882	Fungi	Basidiomycota	Agaricomycetes	Agaricales	Clavariaceae	Clavulinopsis	Clavulinopsis corniculata		SPECIES	Clavulinopsis corniculata (Schaeff.) Corner	Clavulinopsis corniculata		CA		Québec	PRESENT		28eb1a3f-1c15-4a95-931a-4af90ecb574d	45.5032	-73.59192	12.0						2023-07-30T16:50:47	30	7	2023	5244431	5244431	HUMAN_OBSERVATION	iNaturalist	Observations	177074882		Joshua Birkebak	2023-08-07T23:13:34	CC_BY_NC_4_0	nikapshe	nikapshe			2025-01-14T13:31:55.994Z	StillImage	CONTINENT_DERIVED_FROM_COORDINATES;TAXON_MATCH_TAXON_ID_IGNORED
4172256374	50c9509d-22c7-4a22-a47d-8c48425ef4a7	https://www.inaturalist.org/observations/176753567	Fungi	Basidiomycota	Agaricomycetes	Agaricales	Clavariaceae	Clavulinopsis	Clavulinopsis corniculata		SPECIES	Clavulinopsis corniculata (Schaeff.) Corner	Clavulinopsis corniculata		CA		Québec	PRESENT		28eb1a3f-1c15-4a95-931a-4af90ecb574d	46.775114	-71.286597	72.0						2023-08-04T15:11:45	4	8	2023	5244431	5244431	HUMAN_OBSERVATION	iNaturalist	Observations	176753567		amanitamozart	2023-08-05T14:55:47	CC_BY_NC_4_0	Camille Boucher	Camille Boucher			2025-01-14T13:32:08.116Z	StillImage	COORDINATE_ROUNDED;CONTINENT_DERIVED_FROM_COORDINATES;TAXON_MATCH_TAXON_ID_IGNORED
4172240310	50c9509d-22c7-4a22-a47d-8c48425ef4a7	https://www.inaturalist.org/observations/176488512	Fungi	Basidiomycota	Agaricomycetes	Agaricales	Clavariaceae	Clavulinopsis	Clavulinopsis corniculata		SPECIES	Clavulinopsis corniculata (Schaeff.) Corner	Clavulinopsis corniculata		CA		Ontario	PRESENT		28eb1a3f-1c15-4a95-931a-4af90ecb574d	45.389042	-75.533188	64.0						2023-08-03T12:02:59	3	8	2023	5244431	5244431	HUMAN_OBSERVATION	iNaturalist	Observations	176488512		Igor Khomenko	2023-08-03T20:03:48	CC_BY_NC_4_0	Igor Khomenko	Igor Khomenko			2025-01-14T12:39:17.354Z	StillImage	COORDINATE_ROUNDED;CONTINENT_DERIVED_FROM_COORDINATES;TAXON_MATCH_TAXON_ID_IGNORED
4172019298	50c9509d-22c7-4a22-a47d-8c48425ef4a7	https://www.inaturalist.org/observations/176457206	Fungi	Basidiomycota	Agaricomycetes	Agaricales	Clavariaceae	Clavulinopsis	Clavulinopsis corniculata		SPECIES	Clavulinopsis corniculata (Schaeff.) Corner	Clavulinopsis corniculata		CA		Ontario	PRESENT		28eb1a3f-1c15-4a95-931a-4af90ecb574d	45.301537	-75.805412	4.0						2023-08-03T10:31:01	3	8	2023	5244431	5244431	HUMAN_OBSERVATION	iNaturalist	Observations	176457206		Joshua Birkebak	2023-08-03T18:04:25	CC0_1_0	Keith Seifert	Keith Seifert			2025-01-14T13:28:16.547Z	StillImage	COORDINATE_ROUNDED;CONTINENT_DERIVED_FROM_COORDINATES;TAXON_MATCH_TAXON_ID_IGNORED
4172001201	50c9509d-22c7-4a22-a47d-8c48425ef4a7	https://www.inaturalist.org/observations/176963647	Fungi	Basidiomycota	Agaricomycetes	Agaricales	Clavariaceae	Clavulinopsis	Clavulinopsis corniculata		SPECIES	Clavulinopsis corniculata (Schaeff.) Corner	Clavulinopsis corniculata		CA		Québec	PRESENT		28eb1a3f-1c15-4a95-931a-4af90ecb574d	46.775292	-71.287399	47.0						2023-08-04T14:59:06	4	8	2023	5244431	5244431	HUMAN_OBSERVATION	iNaturalist	Observations	176963647		Joshua Birkebak	2023-08-07T16:17:49	CC_BY_NC_4_0	Camille Boucher	Camille Boucher			2025-01-14T13:31:54.190Z	StillImage	COORDINATE_ROUNDED;CONTINENT_DERIVED_FROM_COORDINATES;TAXON_MATCH_TAXON_ID_IGNORED
4171791264	50c9509d-22c7-4a22-a47d-8c48425ef4a7	https://www.inaturalist.org/observations/175782244	Fungi	Basidiomycota	Agaricomycetes	Agaricales	Clavariaceae	Clavulinopsis	Clavulinopsis corniculata		SPECIES	Clavulinopsis corniculata (Schaeff.) Corner	Clavulinopsis corniculata		CA		Québec	PRESENT		28eb1a3f-1c15-4a95-931a-4af90ecb574d	45.490119	-75.623935	416.0						2023-07-29T11:18	29	7	2023	5244431	5244431	HUMAN_OBSERVATION	iNaturalist	Observations	175782244		L Joan Heyding	2023-07-30T18:30:17	CC_BY_NC_4_0	L Joan Heyding	L Joan Heyding			2025-01-14T13:28:05.715Z	StillImage	COORDINATE_ROUNDED;CONTINENT_DERIVED_FROM_COORDINATES;TAXON_MATCH_TAXON_ID_IGNORED
4171535139	50c9509d-22c7-4a22-a47d-8c48425ef4a7	https://www.inaturalist.org/observations/175634420	Fungi	Basidiomycota	Agaricomycetes	Agaricales	Clavariaceae	Clavulinopsis	Clavulinopsis corniculata		SPECIES	Clavulinopsis corniculata (Schaeff.) Corner	Clavulinopsis corniculata		CA		Québec	PRESENT		28eb1a3f-1c15-4a95-931a-4af90ecb574d	45.490488	-75.625412							2023-07-29T10:33	29	7	2023	5244431	5244431	HUMAN_OBSERVATION	iNaturalist	Observations	175634420		jonathan_mack	2023-07-29T23:29:11	CC_BY_NC_4_0	jonathan_mack	jonathan_mack			2025-01-14T12:39:22.909Z	StillImage	COORDINATE_ROUNDED;CONTINENT_DERIVED_FROM_COORDINATES;TAXON_MATCH_TAXON_ID_IGNORED
4171185338	50c9509d-22c7-4a22-a47d-8c48425ef4a7	https://www.inaturalist.org/observations/32086447	Fungi	Basidiomycota	Agaricomycetes	Agaricales	Clavariaceae	Clavulinopsis	Clavulinopsis corniculata		SPECIES	Clavulinopsis corniculata (Schaeff.) Corner	Clavulinopsis corniculata		CA		Québec	PRESENT		28eb1a3f-1c15-4a95-931a-4af90ecb574d	46.756802	-71.32061	31.0						2019-08-31T15:11	31	8	2019	5244431	5244431	HUMAN_OBSERVATION	iNaturalist	Observations	32086447		jonathan_mack	2019-09-04T02:05:15	CC_BY_NC_4_0	jonathan_mack	jonathan_mack			2025-01-14T13:04:27.856Z	StillImage	COORDINATE_ROUNDED;CONTINENT_DERIVED_FROM_COORDINATES;TAXON_MATCH_TAXON_ID_IGNORED
4165601292	50c9509d-22c7-4a22-a47d-8c48425ef4a7	https://www.inaturalist.org/observations/173865016	Fungi	Basidiomycota	Agaricomycetes	Agaricales	Clavariaceae	Clavulinopsis	Clavulinopsis corniculata		SPECIES	Clavulinopsis corniculata (Schaeff.) Corner	Clavulinopsis corniculata		CA		Ontario	PRESENT		28eb1a3f-1c15-4a95-931a-4af90ecb574d	45.391464	-75.648983	11.0						2023-07-16T15:33	16	7	2023	5244431	5244431	HUMAN_OBSERVATION	iNaturalist	Observations	173865016		Allison Angelo	2023-07-20T02:17:53	CC_BY_4_0	Alec McClay	Alec McClay			2025-01-14T13:31:19.709Z	StillImage	CONTINENT_DERIVED_FROM_COORDINATES;TAXON_MATCH_TAXON_ID_IGNORED
4145546496	50c9509d-22c7-4a22-a47d-8c48425ef4a7	https://www.inaturalist.org/observations/147366104	Fungi	Basidiomycota	Agaricomycetes	Agaricales	Clavariaceae	Clavulinopsis	Clavulinopsis corniculata		SPECIES	Clavulinopsis corniculata (Schaeff.) Corner	Clavulinopsis corniculata		CA		Québec	PRESENT		28eb1a3f-1c15-4a95-931a-4af90ecb574d	46.014012	-73.417796	4971.0						2022-09-17T21:04	17	9	2022	5244431	5244431	HUMAN_OBSERVATION	iNaturalist	Observations	147366104		John Plischke	2023-01-26T02:10:54	CC_BY_NC_4_0	John Plischke	John Plischke			2025-01-14T13:27:20.931Z	StillImage	COORDINATE_ROUNDED;CONTINENT_DERIVED_FROM_COORDINATES;TAXON_MATCH_TAXON_ID_IGNORED
4138231739	50c9509d-22c7-4a22-a47d-8c48425ef4a7	https://www.inaturalist.org/observations/149874132	Fungi	Basidiomycota	Agaricomycetes	Agaricales	Clavariaceae	Clavulinopsis	Clavulinopsis corniculata		SPECIES	Clavulinopsis corniculata (Schaeff.) Corner	Clavulinopsis corniculata		CA		Ontario	PRESENT		28eb1a3f-1c15-4a95-931a-4af90ecb574d	45.300995	-75.891533	10.0						2022-08-27T10:24:07	27	8	2022	5244431	5244431	HUMAN_OBSERVATION	iNaturalist	Observations	149874132		aaromatth	2023-02-28T02:30:41	CC_BY_NC_4_0	aaromatth	aaromatth			2025-01-14T13:28:24.518Z	StillImage	COORDINATE_ROUNDED;CONTINENT_DERIVED_FROM_COORDINATES;TAXON_MATCH_TAXON_ID_IGNORED
4138025458	50c9509d-22c7-4a22-a47d-8c48425ef4a7	https://www.inaturalist.org/observations/135170932	Fungi	Basidiomycota	Agaricomycetes	Agaricales	Clavariaceae	Clavulinopsis	Clavulinopsis corniculata		SPECIES	Clavulinopsis corniculata (Schaeff.) Corner	Clavulinopsis corniculata		CA		Ontario	PRESENT		28eb1a3f-1c15-4a95-931a-4af90ecb574d	45.408939	-75.570326	228.0						2022-09-15T14:49	15	9	2022	5244431	5244431	HUMAN_OBSERVATION	iNaturalist	Observations	135170932		Igor Khomenko	2022-09-16T20:15:28	CC_BY_NC_4_0	Igor Khomenko	Igor Khomenko			2025-01-14T12:31:36.848Z	StillImage	COORDINATE_ROUNDED;CONTINENT_DERIVED_FROM_COORDINATES;TAXON_MATCH_TAXON_ID_IGNORED
4133934388	50c9509d-22c7-4a22-a47d-8c48425ef4a7	https://www.inaturalist.org/observations/166226524	Fungi	Basidiomycota	Agaricomycetes	Agaricales	Clavariaceae	Clavulinopsis	Clavulinopsis corniculata		SPECIES	Clavulinopsis corniculata (Schaeff.) Corner	Clavulinopsis corniculata		CA		Ontario	PRESENT		28eb1a3f-1c15-4a95-931a-4af90ecb574d	45.317232	-75.919115	27190.0						2022-09-14T16:52:47	14	9	2022	5244431	5244431	HUMAN_OBSERVATION	iNaturalist	Observations	166226524		amanitamozart	2023-06-08T11:52:57	CC_BY_NC_4_0	amanitamozart	amanitamozart			2025-01-14T12:36:27.888Z	StillImage	COORDINATE_ROUNDED;CONTINENT_DERIVED_FROM_COORDINATES;TAXON_MATCH_TAXON_ID_IGNORED
4129891462	50c9509d-22c7-4a22-a47d-8c48425ef4a7	https://www.inaturalist.org/observations/136228426	Fungi	Basidiomycota	Agaricomycetes	Agaricales	Clavariaceae	Clavulinopsis	Clavulinopsis corniculata		SPECIES	Clavulinopsis corniculata (Schaeff.) Corner	Clavulinopsis corniculata		CA		Ontario	PRESENT		28eb1a3f-1c15-4a95-931a-4af90ecb574d	45.456096	-75.54672	31.0						2022-09-23T14:56	23	9	2022	5244431	5244431	HUMAN_OBSERVATION	iNaturalist	Observations	136228426		jonathan_mack	2022-09-24T01:51:53	CC_BY_NC_4_0	jonathan_mack	jonathan_mack			2025-01-14T13:25:37.933Z	StillImage	COORDINATE_ROUNDED;CONTINENT_DERIVED_FROM_COORDINATES;TAXON_MATCH_TAXON_ID_IGNORED
4129775394	50c9509d-22c7-4a22-a47d-8c48425ef4a7	https://www.inaturalist.org/observations/135722518	Fungi	Basidiomycota	Agaricomycetes	Agaricales	Clavariaceae	Clavulinopsis	Clavulinopsis corniculata		SPECIES	Clavulinopsis corniculata (Schaeff.) Corner	Clavulinopsis corniculata		CA		Ontario	PRESENT		28eb1a3f-1c15-4a95-931a-4af90ecb574d	45.304	-75.867							2022-09-17T12:34:27	17	9	2022	5244431	5244431	HUMAN_OBSERVATION	iNaturalist	Observations	135722518		trailtime55	2022-09-21T21:06:27	CC_BY_NC_4_0	trailtime55	trailtime55			2025-01-14T13:17:19.341Z	StillImage	CONTINENT_DERIVED_FROM_COORDINATES;TAXON_MATCH_TAXON_ID_IGNORED
4126694695	50c9509d-22c7-4a22-a47d-8c48425ef4a7	https://www.inaturalist.org/observations/58448264	Fungi	Basidiomycota	Agaricomycetes	Agaricales	Clavariaceae	Clavulinopsis	Clavulinopsis corniculata		SPECIES	Clavulinopsis corniculata (Schaeff.) Corner	Clavulinopsis corniculata		CA		Ontario	PRESENT		28eb1a3f-1c15-4a95-931a-4af90ecb574d	46.024849	-78.489003	122.0						2020-09-01T11:21	1	9	2020	5244431	5244431	HUMAN_OBSERVATION	iNaturalist	Observations	58448264		amanitamozart	2023-05-25T23:06:15	CC_BY_NC_4_0	Michael John Oldham	Michael John Oldham			2025-01-14T12:14:29.873Z	StillImage	COORDINATE_ROUNDED;CONTINENT_DERIVED_FROM_COORDINATES;TAXON_MATCH_TAXON_ID_IGNORED
3903325340	50c9509d-22c7-4a22-a47d-8c48425ef4a7	https://www.inaturalist.org/observations/133620100	Fungi	Basidiomycota	Agaricomycetes	Agaricales	Clavariaceae	Clavulinopsis	Clavulinopsis corniculata		SPECIES	Clavulinopsis corniculata (Schaeff.) Corner	Clavulinopsis corniculata		CA		Ontario	PRESENT		28eb1a3f-1c15-4a95-931a-4af90ecb574d	45.352103	-75.142137	56.0						2022-09-03T10:04	3	9	2022	5244431	5244431	HUMAN_OBSERVATION	iNaturalist	Observations	133620100		jonathan_mack	2022-09-04T15:19:47	CC_BY_NC_4_0	jonathan_mack	jonathan_mack			2025-01-14T13:25:19.211Z	StillImage	COORDINATE_ROUNDED;CONTINENT_DERIVED_FROM_COORDINATES;TAXON_MATCH_TAXON_ID_IGNORED
3903145978	50c9509d-22c7-4a22-a47d-8c48425ef4a7	https://www.inaturalist.org/observations/132715518	Fungi	Basidiomycota	Agaricomycetes	Agaricales	Clavariaceae	Clavulinopsis	Clavulinopsis corniculata		SPECIES	Clavulinopsis corniculata (Schaeff.) Corner	Clavulinopsis corniculata		CA		Québec	PRESENT		28eb1a3f-1c15-4a95-931a-4af90ecb574d	45.418036	-75.836852	391.0						2022-08-27T12:04	27	8	2022	5244431	5244431	HUMAN_OBSERVATION	iNaturalist	Observations	132715518		L Joan Heyding	2022-08-28T23:47:23	CC_BY_NC_4_0	L Joan Heyding	L Joan Heyding			2025-01-14T13:25:23.207Z	StillImage	COORDINATE_ROUNDED;CONTINENT_DERIVED_FROM_COORDINATES;TAXON_MATCH_TAXON_ID_IGNORED
3499450414	50c9509d-22c7-4a22-a47d-8c48425ef4a7	https://www.inaturalist.org/observations/89986183	Fungi	Basidiomycota	Agaricomycetes	Agaricales	Clavariaceae	Clavulinopsis	Clavulinopsis corniculata		SPECIES	Clavulinopsis corniculata (Schaeff.) Corner	Clavulinopsis corniculata		CA		Ontario	PRESENT		28eb1a3f-1c15-4a95-931a-4af90ecb574d	45.35492	-75.677537	2841.0						2021-08-04T16:16:06	4	8	2021	5244431	5244431	HUMAN_OBSERVATION	iNaturalist	Observations	89986183		cinna_latifolia	2021-10-22T20:33:23	CC_BY_NC_4_0	chrshab	chrshab			2025-01-14T13:13:04.392Z	StillImage	COORDINATE_ROUNDED;CONTINENT_DERIVED_FROM_COORDINATES;TAXON_MATCH_TAXON_ID_IGNORED
2423611903	21705170-d2b6-42de-8904-c3bca4b83591	CMMF018791	Fungi	Basidiomycota	Agaricomycetes	Agaricales	Clavariaceae	Clavulinopsis	Clavulinopsis corniculata		SPECIES	Clavulinopsis corniculata (Schaeff.) Corner	Clavulinopsis corniculata (Schaeff.) Corner	(Schaeff.) Corner	CA	Le Gardeur	Québec	PRESENT		ff7bd5db-b724-4932-b496-10ea298851f9	45.74722	-73.475	3000.0						1988-08-27	27	8	1988	5244431	5244431	PRESERVED_SPECIMEN	Université de Montréal Biodiversity Centre	CMMF	CMMF018791	s.n.	Nantel, Patrick		CC0_1_0	Université de Montréal Biodiversity Centre	Nantel, Patrick			2024-01-24T16:38:18.605Z		GEODETIC_DATUM_INVALID;GEODETIC_DATUM_ASSUMED_WGS84;INSTITUTION_MATCH_FUZZY;COLLECTION_MATCH_FUZZY;DIFFERENT_OWNER_INSTITUTION
1847646970	50c9509d-22c7-4a22-a47d-8c48425ef4a7	https://www.inaturalist.org/observations/9592534	Fungi	Basidiomycota	Agaricomycetes	Agaricales	Clavariaceae	Clavulinopsis	Clavulinopsis corniculata		SPECIES	Clavulinopsis corniculata (Schaeff.) Corner	Clavulinopsis corniculata		CA		Ontario	PRESENT		28eb1a3f-1c15-4a95-931a-4af90ecb574d	45.39615	-79.19605	427.0						2016-09-18	18	9	2016	5244431	5244431	HUMAN_OBSERVATION	iNaturalist	Observations	9592534		mycowalt	2018-01-24T01:06:03	CC_BY_NC_4_0	mycowalt	mycowalt			2025-01-14T13:00:56.790Z	StillImage	CONTINENT_DERIVED_FROM_COORDINATES;TAXON_MATCH_TAXON_ID_IGNORED
1807260155	e8a25a42-f125-476c-8554-3ec21cd51a84	ACAD:116776	Fungi	Basidiomycota	Agaricomycetes	Agaricales	Clavariaceae	Clavulinopsis	Clavulinopsis corniculata		SPECIES	Clavulinopsis corniculata (Schaeff.) Corner	Clavulinopsis corniculata (Schaeff.) Corner	(Schaeff.) Corner	CA	Cape Split	Nova Scotia	PRESENT		6491ad8c-8e49-4bd4-a089-0ddb3bbe0890	45.334283	-64.49612							1962-09-21	21	9	1962	5244431	5244431	PRESERVED_SPECIMEN	Acadia University	ACAD	4989F	4989			CC0_1_0	Acadia University	H, KA			2024-01-25T01:37:04.587Z	StillImage	COORDINATE_ROUNDED;GEODETIC_DATUM_INVALID;GEODETIC_DATUM_ASSUMED_WGS84;TAXON_MATCH_TAXON_ID_IGNORED;INSTITUTION_MATCH_FUZZY;COLLECTION_MATCH_FUZZY
1802625724	50c9509d-22c7-4a22-a47d-8c48425ef4a7	https://www.inaturalist.org/observations/7018253	Fungi	Basidiomycota	Agaricomycetes	Agaricales	Clavariaceae	Clavulinopsis	Clavulinopsis corniculata		SPECIES	Clavulinopsis corniculata (Schaeff.) Corner	Clavulinopsis corniculata		CA		Québec	PRESENT		28eb1a3f-1c15-4a95-931a-4af90ecb574d	48.43898	-68.53497	27624.0						2013-08-07T19:00:36	7	8	2013	5244431	5244431	HUMAN_OBSERVATION	iNaturalist	Observations	7018253		John Plischke	2017-07-12T02:21:58	CC_BY_NC_4_0	John Plischke	John Plischke			2025-01-14T12:57:32.326Z		CONTINENT_DERIVED_FROM_COORDINATES;TAXON_MATCH_TAXON_ID_IGNORED
1412706076	21705170-d2b6-42de-8904-c3bca4b83591	CMMF014542	Fungi	Basidiomycota	Agaricomycetes	Agaricales	Clavariaceae	Clavulinopsis	Clavulinopsis corniculata		SPECIES	Clavulinopsis corniculata (Schaeff.) Corner	Clavulinopsis corniculata (Schaeff.) Corner	(Schaeff.) Corner	CA	Shipshaw, Québec.	Québec	PRESENT		ff7bd5db-b724-4932-b496-10ea298851f9	48.466834	-71.263421	2500.0						1984-08-12	12	8	1984	5244431	5244431	PRESERVED_SPECIMEN	Université de Montréal Biodiversity Centre	CMMF	CMMF014542	573	Guérin, Gérard		CC0_1_0	Université de Montréal Biodiversity Centre	Guérin, Gérard			2024-01-24T16:38:19.559Z	StillImage	INSTITUTION_MATCH_FUZZY;COLLECTION_MATCH_FUZZY;DIFFERENT_OWNER_INSTITUTION
1412706039	21705170-d2b6-42de-8904-c3bca4b83591	CMMF014543	Fungi	Basidiomycota	Agaricomycetes	Agaricales	Clavariaceae	Clavulinopsis	Clavulinopsis corniculata		SPECIES	Clavulinopsis corniculata (Schaeff.) Corner	Clavulinopsis corniculata (Schaeff.) Corner	(Schaeff.) Corner	CA	Shipshaw, Québec.	Québec	PRESENT		ff7bd5db-b724-4932-b496-10ea298851f9	48.466834	-71.263421	2500.0						1993-08-15	15	8	1993	5244431	5244431	PRESERVED_SPECIMEN	Université de Montréal Biodiversity Centre	CMMF	CMMF014543	574	Guérin, Gérard		CC0_1_0	Université de Montréal Biodiversity Centre	Guérin, Gérard			2024-01-24T16:38:19.560Z	StillImage	INSTITUTION_MATCH_FUZZY;COLLECTION_MATCH_FUZZY;DIFFERENT_OWNER_INSTITUTION
1412706038	21705170-d2b6-42de-8904-c3bca4b83591	CMMF014553	Fungi	Basidiomycota	Agaricomycetes	Agaricales	Clavariaceae	Clavulinopsis	Clavulinopsis corniculata		SPECIES	Clavulinopsis corniculata (Schaeff.) Corner	Clavulinopsis corniculata (Schaeff.) Corner	(Schaeff.) Corner	CA	Alma, Québec.	Québec	PRESENT		ff7bd5db-b724-4932-b496-10ea298851f9	48.544212	-71.651722	10000.0						1997-09-13	13	9	1997	5244431	5244431	PRESERVED_SPECIMEN	Université de Montréal Biodiversity Centre	CMMF	CMMF014553	575	Guérin, Gérard		CC0_1_0	Université de Montréal Biodiversity Centre	unknown			2024-01-24T16:38:19.556Z	StillImage	INSTITUTION_MATCH_FUZZY;COLLECTION_MATCH_FUZZY;DIFFERENT_OWNER_INSTITUTION
1135069181	21705170-d2b6-42de-8904-c3bca4b83591	CMMF007745	Fungi	Basidiomycota	Agaricomycetes	Agaricales	Clavariaceae	Clavulinopsis	Clavulinopsis corniculata		SPECIES	Clavulinopsis corniculata (Schaeff.) Corner	Clavulinopsis corniculata (Schaeff.) Corner	(Schaeff.) Corner	CA	Maniwaki	Québec	PRESENT		ff7bd5db-b724-4932-b496-10ea298851f9	46.3228	-75.789283	100.0						2008-08-09	9	8	2008	5244431	5244431	PRESERVED_SPECIMEN	Université de Montréal Biodiversity Centre	CMMF	CMMF007745	C3347	McNeil, Raymond		CC0_1_0	Université de Montréal Biodiversity Centre	McNeil, Raymond			2024-01-24T16:38:16.141Z	StillImage	INSTITUTION_MATCH_FUZZY;COLLECTION_MATCH_FUZZY;DIFFERENT_OWNER_INSTITUTION
1135067784	21705170-d2b6-42de-8904-c3bca4b83591	CMMF006278	Fungi	Basidiomycota	Agaricomycetes	Agaricales	Clavariaceae	Clavulinopsis	Clavulinopsis corniculata		SPECIES	Clavulinopsis corniculata (Schaeff.) Corner	Clavulinopsis corniculata (Schaeff.) Corner	(Schaeff.) Corner	CA	Châteauguay	Québec	PRESENT		ff7bd5db-b724-4932-b496-10ea298851f9	45.35433	-73.774083	100.0						2006-09-16	16	9	2006	5244431	5244431	PRESERVED_SPECIMEN	Université de Montréal Biodiversity Centre	CMMF	CMMF006278	C2953	McNeil, Raymond		CC0_1_0	Université de Montréal Biodiversity Centre	McNeil, Raymond			2024-01-24T16:38:18.914Z	StillImage	COORDINATE_ROUNDED;INSTITUTION_MATCH_FUZZY;COLLECTION_MATCH_FUZZY;DIFFERENT_OWNER_INSTITUTION
1024559891	21705170-d2b6-42de-8904-c3bca4b83591	CMMF005309	Fungi	Basidiomycota	Agaricomycetes	Agaricales	Clavariaceae	Clavulinopsis	Clavulinopsis corniculata		SPECIES	Clavulinopsis corniculata (Schaeff.) Corner	Clavulinopsis corniculata (Schaeff.) Corner	(Schaeff.) Corner	CA	Réserve écologique du Boisé-des-Muir, Hinchinbrooke.	Québec	PRESENT		ff7bd5db-b724-4932-b496-10ea298851f9	45.085209	-74.116265	250.0						2013-08-04	4	8	2013	5244431	5244431	PRESERVED_SPECIMEN	Université de Montréal Biodiversity Centre	CMMF	CMMF005309	2013-69	Langlois, Annabelle		CC0_1_0	Université de Montréal Biodiversity Centre	Langlois, Annabelle; Turgon, Jean-Pierre			2024-01-24T16:38:15.614Z	StillImage	INSTITUTION_MATCH_FUZZY;COLLECTION_MATCH_FUZZY;DIFFERENT_OWNER_INSTITUTION
