gbifID	datasetKey	occurrenceID	kingdom	phylum	class	order	family	genus	species	infraspecificEpithet	taxonRank	scientificName	verbatimScientificName	verbatimScientificNameAuthorship	countryCode	locality	stateProvince	occurrenceStatus	individualCount	publishingOrgKey	decimalLatitude	decimalLongitude	coordinateUncertaintyInMeters	coordinatePrecision	elevation	elevationAccuracy	depth	depthAccuracy	eventDate	day	month	year	taxonKey	speciesKey	basisOfRecord	institutionCode	collectionCode	catalogNumber	recordNumber	identifiedBy	dateIdentified	license	rightsHolder	recordedBy	typeStatus	establishmentMeans	lastInterpreted	mediaType	issue
617555424	21705170-d2b6-42de-8904-c3bca4b83591	CMMF000802	Fungi	Basidiomycota	Agaricomycetes	Agaricales	Agaricaceae	Leucoagaricus	Leucoagaricus leucothites		SPECIES	Leucoagaricus leucothites (Vittad.) Wasser	Leucoagaricus leucothites (Vittad.) Wasser	(Vittad.) Wasser	CA	Laval	Québec	PRESENT		ff7bd5db-b724-4932-b496-10ea298851f9	45.609608	-73.705867	17500.0						1989-09-18	18	9	1989	2535875	2535875	PRESERVED_SPECIMEN	Université de Montréal Biodiversity Centre	CMMF	CMMF000802		Lamoureux, Yves		CC0_1_0	Université de Montréal Biodiversity Centre	Lamoureux, Yves			2024-01-24T16:38:21.550Z	StillImage	INSTITUTION_MATCH_FUZZY;COLLECTION_MATCH_FUZZY;DIFFERENT_OWNER_INSTITUTION
617551302	21705170-d2b6-42de-8904-c3bca4b83591	CMMF002646	Fungi	Basidiomycota	Agaricomycetes	Agaricales	Agaricaceae	Leucoagaricus	Leucoagaricus leucothites		SPECIES	Leucoagaricus leucothites (Vittad.) Wasser	Leucoagaricus leucothites (Vittad.) Wasser	(Vittad.) Wasser	CA	Rigaud	Québec	PRESENT		ff7bd5db-b724-4932-b496-10ea298851f9	45.473408	-74.321286	9000.0						1995-09-24	24	9	1995	2535875	2535875	PRESERVED_SPECIMEN	Université de Montréal Biodiversity Centre	CMMF	CMMF002646		Dumont, Philippe		CC0_1_0	Université de Montréal Biodiversity Centre	Dumont, Philippe			2024-01-24T16:38:20.327Z	StillImage	INSTITUTION_MATCH_FUZZY;COLLECTION_MATCH_FUZZY;DIFFERENT_OWNER_INSTITUTION
617551240	21705170-d2b6-42de-8904-c3bca4b83591	CMMF000262	Fungi	Basidiomycota	Agaricomycetes	Agaricales	Agaricaceae	Leucoagaricus	Leucoagaricus leucothites		SPECIES	Leucoagaricus leucothites (Vittad.) Wasser	Leucoagaricus leucothites (Vittad.) Wasser	(Vittad.) Wasser	CA	Montréal	Québec	PRESENT		ff7bd5db-b724-4932-b496-10ea298851f9	45.509625	-73.662984	25000.0						1988-08-29	29	8	1988	2535875	2535875	PRESERVED_SPECIMEN	Université de Montréal Biodiversity Centre	CMMF	CMMF000262		Lamoureux, Yves		CC0_1_0	Université de Montréal Biodiversity Centre	Lamoureux, Yves			2024-01-24T16:38:20.698Z	StillImage	INSTITUTION_MATCH_FUZZY;COLLECTION_MATCH_FUZZY;DIFFERENT_OWNER_INSTITUTION
4994464074	50c9509d-22c7-4a22-a47d-8c48425ef4a7	https://www.inaturalist.org/observations/58439568	Fungi	Basidiomycota	Agaricomycetes	Agaricales	Agaricaceae	Leucoagaricus	Leucoagaricus leucothites		SPECIES	Leucoagaricus leucothites (Vittad.) Wasser	Leucoagaricus leucothites		CA		Québec	PRESENT		28eb1a3f-1c15-4a95-931a-4af90ecb574d	45.403515	-71.905156							2020-09-03T09:59:36	3	9	2020	2535875	2535875	HUMAN_OBSERVATION	iNaturalist	Observations	58439568		cinna_latifolia	2021-02-03T16:33:05	CC_BY_NC_4_0	Gagnon	Gagnon			2025-01-14T12:14:41.615Z	StillImage	COORDINATE_ROUNDED;CONTINENT_DERIVED_FROM_COORDINATES;TAXON_MATCH_TAXON_ID_IGNORED
4981899542	50c9509d-22c7-4a22-a47d-8c48425ef4a7	https://www.inaturalist.org/observations/246822212	Fungi	Basidiomycota	Agaricomycetes	Agaricales	Agaricaceae	Leucoagaricus	Leucoagaricus leucothites		SPECIES	Leucoagaricus leucothites (Vittad.) Wasser	Leucoagaricus leucothites		CA		Prince Edward Island	PRESENT		28eb1a3f-1c15-4a95-931a-4af90ecb574d	46.987817	-64.058892	20.0						2024-10-11T13:21:51	11	10	2024	2535875	2535875	HUMAN_OBSERVATION	iNaturalist	Observations	246822212		Rosemary Curley	2024-10-11T20:09:32	CC_BY_NC_4_0	Rosemary Curley	Rosemary Curley			2025-01-14T12:54:41.430Z	StillImage	COORDINATE_ROUNDED;CONTINENT_DERIVED_FROM_COORDINATES;TAXON_MATCH_TAXON_ID_IGNORED
4954687593	50c9509d-22c7-4a22-a47d-8c48425ef4a7	https://www.inaturalist.org/observations/246473882	Fungi	Basidiomycota	Agaricomycetes	Agaricales	Agaricaceae	Leucoagaricus	Leucoagaricus leucothites		SPECIES	Leucoagaricus leucothites (Vittad.) Wasser	Leucoagaricus leucothites		CA		New Brunswick	PRESENT		28eb1a3f-1c15-4a95-931a-4af90ecb574d	45.907427	-64.364104	9.0						2024-10-09T10:34:59	9	10	2024	2535875	2535875	HUMAN_OBSERVATION	iNaturalist	Observations	246473882		parkerestabrooks	2024-10-09T14:20:50	CC_BY_NC_4_0	parkerestabrooks	parkerestabrooks			2025-01-14T13:43:55.262Z	StillImage	COORDINATE_ROUNDED;CONTINENT_DERIVED_FROM_COORDINATES;TAXON_MATCH_TAXON_ID_IGNORED
4954410611	50c9509d-22c7-4a22-a47d-8c48425ef4a7	https://www.inaturalist.org/observations/246001894	Fungi	Basidiomycota	Agaricomycetes	Agaricales	Agaricaceae	Leucoagaricus	Leucoagaricus leucothites		SPECIES	Leucoagaricus leucothites (Vittad.) Wasser	Leucoagaricus leucothites		CA		New Brunswick	PRESENT		28eb1a3f-1c15-4a95-931a-4af90ecb574d	46.280694	-64.574709	7.0						2024-10-06T15:38:05	6	10	2024	2535875	2535875	HUMAN_OBSERVATION	iNaturalist	Observations	246001894		Guylaine Jean-Gagnon	2024-10-06T18:39:39	CC_BY_NC_4_0	Guylaine Jean-Gagnon	Guylaine Jean-Gagnon			2025-01-14T12:54:29.379Z	StillImage	COORDINATE_ROUNDED;CONTINENT_DERIVED_FROM_COORDINATES;TAXON_MATCH_TAXON_ID_IGNORED
4953158374	50c9509d-22c7-4a22-a47d-8c48425ef4a7	https://www.inaturalist.org/observations/98810541	Fungi	Basidiomycota	Agaricomycetes	Agaricales	Agaricaceae	Leucoagaricus	Leucoagaricus leucothites		SPECIES	Leucoagaricus leucothites (Vittad.) Wasser	Leucoagaricus leucothites		CA		Ontario	PRESENT		28eb1a3f-1c15-4a95-931a-4af90ecb574d	45.506522	-75.336258	11.0						2021-10-17	17	10	2021	2535875	2535875	HUMAN_OBSERVATION	iNaturalist	Observations	98810541		amanitamozart	2024-10-03T02:23:18	CC_BY_NC_4_0	kevinwallace	kevinwallace			2025-01-14T13:10:57.285Z	StillImage	CONTINENT_DERIVED_FROM_COORDINATES;TAXON_MATCH_TAXON_ID_IGNORED
4945789839	50c9509d-22c7-4a22-a47d-8c48425ef4a7	https://www.inaturalist.org/observations/238897765	Fungi	Basidiomycota	Agaricomycetes	Agaricales	Agaricaceae	Leucoagaricus	Leucoagaricus leucothites		SPECIES	Leucoagaricus leucothites (Vittad.) Wasser	Leucoagaricus leucothites		CA		New Brunswick	PRESENT		28eb1a3f-1c15-4a95-931a-4af90ecb574d	48.005136	-66.572008	26743.0						2024-08-28T19:26:58	28	8	2024	2535875	2535875	HUMAN_OBSERVATION	iNaturalist	Observations	238897765		Jason Rosamund-Clifford	2024-08-31T03:52:43	CC_BY_NC_4_0	Jason Rosamund-Clifford	Jason Rosamund-Clifford			2025-01-14T13:42:48.942Z	StillImage	COORDINATE_ROUNDED;CONTINENT_DERIVED_FROM_COORDINATES;TAXON_MATCH_TAXON_ID_IGNORED
4936672308	50c9509d-22c7-4a22-a47d-8c48425ef4a7	https://www.inaturalist.org/observations/59073002	Fungi	Basidiomycota	Agaricomycetes	Agaricales	Agaricaceae	Leucoagaricus	Leucoagaricus leucothites		SPECIES	Leucoagaricus leucothites (Vittad.) Wasser	Leucoagaricus leucothites		CA		New Brunswick	PRESENT		28eb1a3f-1c15-4a95-931a-4af90ecb574d	45.861452	-66.433393							2020-09-09T17:08:30	9	9	2020	2535875	2535875	HUMAN_OBSERVATION	iNaturalist	Observations	59073002		Alfredo Justo	2020-09-09T23:53:04	CC_BY_NC_4_0	Richard Reeleder	Richard Reeleder			2025-01-14T13:04:27.145Z	StillImage	COORDINATE_ROUNDED;CONTINENT_DERIVED_FROM_COORDINATES;TAXON_MATCH_TAXON_ID_IGNORED
4596765431	50c9509d-22c7-4a22-a47d-8c48425ef4a7	https://www.inaturalist.org/observations/38283866	Fungi	Basidiomycota	Agaricomycetes	Agaricales	Agaricaceae	Leucoagaricus	Leucoagaricus leucothites		SPECIES	Leucoagaricus leucothites (Vittad.) Wasser	Leucoagaricus leucothites		CA		Ontario	PRESENT		28eb1a3f-1c15-4a95-931a-4af90ecb574d	45.289938	-75.809417	122.0						2017-06-01T19:04	1	6	2017	2535875	2535875	HUMAN_OBSERVATION	iNaturalist	Observations	38283866		amanitamozart	2024-01-13T00:22:13	CC_BY_NC_4_0	Serguei Ponomarenko	Serguei Ponomarenko			2025-01-14T12:11:46.741Z	StillImage	COORDINATE_ROUNDED;CONTINENT_DERIVED_FROM_COORDINATES;TAXON_MATCH_TAXON_ID_IGNORED
4528243525	50c9509d-22c7-4a22-a47d-8c48425ef4a7	https://www.inaturalist.org/observations/199986495	Fungi	Basidiomycota	Agaricomycetes	Agaricales	Agaricaceae	Leucoagaricus	Leucoagaricus leucothites		SPECIES	Leucoagaricus leucothites (Vittad.) Wasser	Leucoagaricus leucothites		CA		Québec	PRESENT		28eb1a3f-1c15-4a95-931a-4af90ecb574d	46.788884	-71.331598	4.0						2023-08-15	15	8	2023	2535875	2535875	HUMAN_OBSERVATION	iNaturalist	Observations	199986495		Antoine Fortin	2024-02-24T17:51:22	CC_BY_NC_4_0	Christian Grenier	Christian Grenier			2025-01-14T12:43:06.176Z	StillImage	COORDINATE_ROUNDED;CONTINENT_DERIVED_FROM_COORDINATES;TAXON_MATCH_TAXON_ID_IGNORED
4525189362	50c9509d-22c7-4a22-a47d-8c48425ef4a7	https://www.inaturalist.org/observations/199357164	Fungi	Basidiomycota	Agaricomycetes	Agaricales	Agaricaceae	Leucoagaricus	Leucoagaricus leucothites		SPECIES	Leucoagaricus leucothites (Vittad.) Wasser	Leucoagaricus leucothites		CA		Québec	PRESENT		28eb1a3f-1c15-4a95-931a-4af90ecb574d	46.850581	-71.254617	8.0						2023-08-20	20	8	2023	2535875	2535875	HUMAN_OBSERVATION	iNaturalist	Observations	199357164		Christian Grenier	2024-02-15T12:35:57	CC_BY_NC_4_0	Christian Grenier	Christian Grenier			2025-01-14T12:44:09.338Z	StillImage	COORDINATE_ROUNDED;CONTINENT_DERIVED_FROM_COORDINATES;TAXON_MATCH_TAXON_ID_IGNORED
4440907309	50c9509d-22c7-4a22-a47d-8c48425ef4a7	https://www.inaturalist.org/observations/190718397	Fungi	Basidiomycota	Agaricomycetes	Agaricales	Agaricaceae	Leucoagaricus	Leucoagaricus leucothites		SPECIES	Leucoagaricus leucothites (Vittad.) Wasser	Leucoagaricus leucothites		CA		Québec	PRESENT		28eb1a3f-1c15-4a95-931a-4af90ecb574d	48.42868	-71.221138	35.0						2023-09-20T18:45:26	20	9	2023	2535875	2535875	HUMAN_OBSERVATION	iNaturalist	Observations	190718397		eric_wilmot	2023-11-11T21:15:57	CC_BY_NC_4_0	eric_wilmot	eric_wilmot			2025-01-14T13:30:20.504Z	StillImage	COORDINATE_ROUNDED;CONTINENT_DERIVED_FROM_COORDINATES;TAXON_MATCH_TAXON_ID_IGNORED
4438691462	50c9509d-22c7-4a22-a47d-8c48425ef4a7	https://www.inaturalist.org/observations/189946878	Fungi	Basidiomycota	Agaricomycetes	Agaricales	Agaricaceae	Leucoagaricus	Leucoagaricus leucothites		SPECIES	Leucoagaricus leucothites (Vittad.) Wasser	Leucoagaricus leucothites		CA		New Brunswick	PRESENT		28eb1a3f-1c15-4a95-931a-4af90ecb574d	45.999867	-66.764062	2.0						2023-10-28T16:27	28	10	2023	2535875	2535875	HUMAN_OBSERVATION	iNaturalist	Observations	189946878		Dwayne Sabine	2023-11-04T12:48:08	CC_BY_NC_4_0	Dwayne Sabine	Dwayne Sabine			2025-01-14T13:33:48.984Z	StillImage	COORDINATE_ROUNDED;CONTINENT_DERIVED_FROM_COORDINATES;TAXON_MATCH_TAXON_ID_IGNORED
4400191090	50c9509d-22c7-4a22-a47d-8c48425ef4a7	https://www.inaturalist.org/observations/178912066	Fungi	Basidiomycota	Agaricomycetes	Agaricales	Agaricaceae	Leucoagaricus	Leucoagaricus leucothites		SPECIES	Leucoagaricus leucothites (Vittad.) Wasser	Leucoagaricus leucothites		CA		Québec	PRESENT		28eb1a3f-1c15-4a95-931a-4af90ecb574d	46.826301	-71.138018							2023-08-17T14:25	17	8	2023	2535875	2535875	HUMAN_OBSERVATION	iNaturalist	Observations	178912066		S Boisvert	2023-08-17T23:06:35	CC_BY_4_0	S Boisvert	S Boisvert			2025-01-14T13:32:11.962Z	StillImage	COORDINATE_ROUNDED;CONTINENT_DERIVED_FROM_COORDINATES;TAXON_MATCH_TAXON_ID_IGNORED
4400156831	50c9509d-22c7-4a22-a47d-8c48425ef4a7	https://www.inaturalist.org/observations/178603708	Fungi	Basidiomycota	Agaricomycetes	Agaricales	Agaricaceae	Leucoagaricus	Leucoagaricus leucothites		SPECIES	Leucoagaricus leucothites (Vittad.) Wasser	Leucoagaricus leucothites		CA		Québec	PRESENT		28eb1a3f-1c15-4a95-931a-4af90ecb574d	45.383617	-71.926063	18.0						2023-08-15T16:48:12	15	8	2023	2535875	2535875	HUMAN_OBSERVATION	iNaturalist	Observations	178603708		Jacob Beauregard	2023-08-15T22:32:36	CC_BY_NC_4_0	Jacob Beauregard	Jacob Beauregard			2025-01-14T13:31:47.170Z	StillImage	COORDINATE_ROUNDED;CONTINENT_DERIVED_FROM_COORDINATES;TAXON_MATCH_TAXON_ID_IGNORED
4165547047	50c9509d-22c7-4a22-a47d-8c48425ef4a7	https://www.inaturalist.org/observations/173962492	Fungi	Basidiomycota	Agaricomycetes	Agaricales	Agaricaceae	Leucoagaricus	Leucoagaricus leucothites		SPECIES	Leucoagaricus leucothites (Vittad.) Wasser	Leucoagaricus leucothites		CA		Nova Scotia	PRESENT		28eb1a3f-1c15-4a95-931a-4af90ecb574d	45.061729	-64.180077	8.0						2023-07-20T13:27	20	7	2023	2535875	2535875	HUMAN_OBSERVATION	iNaturalist	Observations	173962492		anne-matthew	2023-07-20T17:00:37	CC_BY_NC_4_0	anne-matthew	anne-matthew			2025-01-14T12:39:42.187Z	StillImage	COORDINATE_ROUNDED;CONTINENT_DERIVED_FROM_COORDINATES;TAXON_MATCH_TAXON_ID_IGNORED
4138335512	50c9509d-22c7-4a22-a47d-8c48425ef4a7	https://www.inaturalist.org/observations/95107828	Fungi	Basidiomycota	Agaricomycetes	Agaricales	Agaricaceae	Leucoagaricus	Leucoagaricus leucothites		SPECIES	Leucoagaricus leucothites (Vittad.) Wasser	Leucoagaricus leucothites		CA		Ontario	PRESENT		28eb1a3f-1c15-4a95-931a-4af90ecb574d	45.118393	-75.869514							2021-09-16T18:58:52	16	9	2021	2535875	2535875	HUMAN_OBSERVATION	iNaturalist	Observations	95107828		Alexis Williams	2021-09-17T03:33:04	CC_BY_4_0	Alexis Williams	Alexis Williams			2025-01-14T13:16:43.686Z	StillImage	COORDINATE_ROUNDED;CONTINENT_DERIVED_FROM_COORDINATES;TAXON_MATCH_TAXON_ID_IGNORED
4104530554	5a6538b8-e35c-46c4-8978-6858a657a75f	d2959d41-0c85-4b41-b952-e7f5e99e96cd	Fungi	Basidiomycota	Agaricomycetes	Agaricales	Agaricaceae	Leucoagaricus	Leucoagaricus leucothites		SPECIES	Lepiota naucina (Fr.) P.Kumm.	Lepiota naucina	(Fr.) P. Kumm.	CA	Sackville	New Brunswick	PRESENT		a26dde42-dd82-4d07-a763-353ab27fc02c	45.883333	-64.35	7470.0						1902-10-10	10	10	1902	2535876	2535875	PRESERVED_SPECIMEN	CUP		CUP-A-018295		Atkinson, George		CC0_1_0		Gates, Reginald			2025-01-15T04:26:00.528Z		GEODETIC_DATUM_ASSUMED_WGS84;CONTINENT_DERIVED_FROM_COORDINATES;TAXON_MATCH_TAXON_ID_IGNORED;COLLECTION_MATCH_NONE;INSTITUTION_MATCH_FUZZY
4099423151	d1a3b128-b406-46bb-a6d1-f3591dcc8a7b	4264ad59-015a-4534-a1cf-1906526356fd	Fungi	Basidiomycota	Agaricomycetes	Agaricales	Agaricaceae	Leucoagaricus	Leucoagaricus leucothites		SPECIES	Lepiota naucina (Fr.) P.Kumm.	Lepiota naucina	(Fr.) P. Kumm.	CA	Montreal	Quebec	PRESENT		e43cf4b8-849e-4fac-b075-e652d019d2cf	45.5	-73.583333	3036.0										2535876	2535875	PRESERVED_SPECIMEN	BPI		BPI 739669		Lloyd C. G.		CC0_1_0		Dupret H.			2025-01-15T04:59:40.723Z		GEODETIC_DATUM_ASSUMED_WGS84;CONTINENT_DERIVED_FROM_COORDINATES;TAXON_MATCH_TAXON_ID_IGNORED;INSTITUTION_MATCH_FUZZY
4096751433	50c9509d-22c7-4a22-a47d-8c48425ef4a7	https://www.inaturalist.org/observations/95890652	Fungi	Basidiomycota	Agaricomycetes	Agaricales	Agaricaceae	Leucoagaricus	Leucoagaricus leucothites		SPECIES	Leucoagaricus leucothites (Vittad.) Wasser	Leucoagaricus leucothites		CA		New Brunswick	PRESENT		28eb1a3f-1c15-4a95-931a-4af90ecb574d	47.618303	-65.651336	11192.0						2021-09-23T13:39:34	23	9	2021	2535875	2535875	HUMAN_OBSERVATION	iNaturalist	Observations	95890652		Alfredo Justo	2021-09-27T01:24:49	CC_BY_NC_4_0	priscadjandjio	priscadjandjio			2025-01-14T13:16:57.062Z	StillImage	COORDINATE_ROUNDED;CONTINENT_DERIVED_FROM_COORDINATES;TAXON_MATCH_TAXON_ID_IGNORED
4067245085	50c9509d-22c7-4a22-a47d-8c48425ef4a7	https://www.inaturalist.org/observations/151400068	Fungi	Basidiomycota	Agaricomycetes	Agaricales	Agaricaceae	Leucoagaricus	Leucoagaricus leucothites		SPECIES	Leucoagaricus leucothites (Vittad.) Wasser	Leucoagaricus leucothites		CA		Ontario	PRESENT		28eb1a3f-1c15-4a95-931a-4af90ecb574d	45.561887	-74.408221	10.0						2021-09-25T16:30	25	9	2021	2535875	2535875	HUMAN_OBSERVATION	iNaturalist	Observations	151400068		Jakob Mueller	2023-03-17T16:43:42	CC_BY_NC_4_0	Jakob Mueller	Jakob Mueller			2025-01-14T13:28:23.253Z	StillImage	COORDINATE_ROUNDED;CONTINENT_DERIVED_FROM_COORDINATES;TAXON_MATCH_TAXON_ID_IGNORED
4018559987	50c9509d-22c7-4a22-a47d-8c48425ef4a7	https://www.inaturalist.org/observations/146418321	Fungi	Basidiomycota	Agaricomycetes	Agaricales	Agaricaceae	Leucoagaricus	Leucoagaricus leucothites		SPECIES	Leucoagaricus leucothites (Vittad.) Wasser	Leucoagaricus leucothites		CA		Québec	PRESENT		28eb1a3f-1c15-4a95-931a-4af90ecb574d	45.501688	-73.567392	23543.0						2022-09-28T16:54:07	28	9	2022	2535875	2535875	HUMAN_OBSERVATION	iNaturalist	Observations	146418321		cinna_latifolia	2023-01-13T18:38:23	CC_BY_NC_4_0	Marie-Keena	Marie-Keena			2025-01-14T13:20:27.977Z	StillImage	COORDINATE_ROUNDED;CONTINENT_DERIVED_FROM_COORDINATES;TAXON_MATCH_TAXON_ID_IGNORED
4018144001	50c9509d-22c7-4a22-a47d-8c48425ef4a7	https://www.inaturalist.org/observations/146418277	Fungi	Basidiomycota	Agaricomycetes	Agaricales	Agaricaceae	Leucoagaricus	Leucoagaricus leucothites		SPECIES	Leucoagaricus leucothites (Vittad.) Wasser	Leucoagaricus leucothites		CA		Québec	PRESENT		28eb1a3f-1c15-4a95-931a-4af90ecb574d	45.501688	-73.567392	23543.0						2022-09-28T16:54:18	28	9	2022	2535875	2535875	HUMAN_OBSERVATION	iNaturalist	Observations	146418277		cinna_latifolia	2023-01-13T18:38:36	CC_BY_NC_4_0	Marie-Keena	Marie-Keena			2025-01-14T12:35:31.055Z	StillImage	COORDINATE_ROUNDED;CONTINENT_DERIVED_FROM_COORDINATES;TAXON_MATCH_TAXON_ID_IGNORED
4009890982	50c9509d-22c7-4a22-a47d-8c48425ef4a7	https://www.inaturalist.org/observations/144989225	Fungi	Basidiomycota	Agaricomycetes	Agaricales	Agaricaceae	Leucoagaricus	Leucoagaricus leucothites		SPECIES	Leucoagaricus leucothites (Vittad.) Wasser	Leucoagaricus leucothites		CA		Québec	PRESENT		28eb1a3f-1c15-4a95-931a-4af90ecb574d	46.855013	-71.242949	1.0						2022-08-28	28	8	2022	2535875	2535875	HUMAN_OBSERVATION	iNaturalist	Observations	144989225		cinna_latifolia	2022-12-24T23:20:27	CC_BY_NC_4_0	Christian Grenier	Christian Grenier			2025-01-14T12:34:23.153Z	StillImage	COORDINATE_ROUNDED;CONTINENT_DERIVED_FROM_COORDINATES;TAXON_MATCH_TAXON_ID_IGNORED
3947366152	50c9509d-22c7-4a22-a47d-8c48425ef4a7	https://www.inaturalist.org/observations/139380438	Fungi	Basidiomycota	Agaricomycetes	Agaricales	Agaricaceae	Leucoagaricus	Leucoagaricus leucothites		SPECIES	Leucoagaricus leucothites (Vittad.) Wasser	Leucoagaricus leucothites		CA		New Brunswick	PRESENT		28eb1a3f-1c15-4a95-931a-4af90ecb574d	46.061239	-64.805218	6414.0						2022-10-13	13	10	2022	2535875	2535875	HUMAN_OBSERVATION	iNaturalist	Observations	139380438		Mrs.Ali	2022-10-19T23:37:46	CC_BY_NC_4_0	Mrs.Ali	Mrs.Ali			2025-01-14T13:25:39.574Z	StillImage	COORDINATE_ROUNDED;CONTINENT_DERIVED_FROM_COORDINATES;TAXON_MATCH_TAXON_ID_IGNORED
3925250654	50c9509d-22c7-4a22-a47d-8c48425ef4a7	https://www.inaturalist.org/observations/138395605	Fungi	Basidiomycota	Agaricomycetes	Agaricales	Agaricaceae	Leucoagaricus	Leucoagaricus leucothites		SPECIES	Leucoagaricus leucothites (Vittad.) Wasser	Leucoagaricus leucothites		CA		Ontario	PRESENT		28eb1a3f-1c15-4a95-931a-4af90ecb574d	45.268528	-75.67752	11.0						2022-10-10T16:40:55	10	10	2022	2535875	2535875	HUMAN_OBSERVATION	iNaturalist	Observations	138395605		noahdore	2022-10-11T15:45:53	CC_BY_NC_4_0	noahdore	noahdore			2025-01-14T12:33:28.735Z	StillImage	COORDINATE_ROUNDED;CONTINENT_DERIVED_FROM_COORDINATES;TAXON_MATCH_TAXON_ID_IGNORED
3923550338	50c9509d-22c7-4a22-a47d-8c48425ef4a7	https://www.inaturalist.org/observations/137267559	Fungi	Basidiomycota	Agaricomycetes	Agaricales	Agaricaceae	Leucoagaricus	Leucoagaricus leucothites		SPECIES	Leucoagaricus leucothites (Vittad.) Wasser	Leucoagaricus leucothites		CA		Ontario	PRESENT		28eb1a3f-1c15-4a95-931a-4af90ecb574d	45.389535	-75.706913	183.0						2022-10-01T12:40	1	10	2022	2535875	2535875	HUMAN_OBSERVATION	iNaturalist	Observations	137267559		L Joan Heyding	2022-10-02T12:22:51	CC_BY_NC_4_0	L Joan Heyding	L Joan Heyding			2025-01-14T12:32:13.558Z	StillImage	COORDINATE_ROUNDED;CONTINENT_DERIVED_FROM_COORDINATES;TAXON_MATCH_TAXON_ID_IGNORED
3915300720	50c9509d-22c7-4a22-a47d-8c48425ef4a7	https://www.inaturalist.org/observations/136072533	Fungi	Basidiomycota	Agaricomycetes	Agaricales	Agaricaceae	Leucoagaricus	Leucoagaricus leucothites		SPECIES	Leucoagaricus leucothites (Vittad.) Wasser	Leucoagaricus leucothites		CA		Québec	PRESENT		28eb1a3f-1c15-4a95-931a-4af90ecb574d	45.446869	-73.891251	47.0						2022-09-22T15:03:59	22	9	2022	2535875	2535875	HUMAN_OBSERVATION	iNaturalist	Observations	136072533		donwmtl	2022-09-22T19:04:12	CC_BY_NC_4_0	donwmtl	donwmtl			2025-01-14T12:32:19.907Z	StillImage	COORDINATE_ROUNDED;CONTINENT_DERIVED_FROM_COORDINATES;TAXON_MATCH_TAXON_ID_IGNORED
3881514459	50c9509d-22c7-4a22-a47d-8c48425ef4a7	https://www.inaturalist.org/observations/125080056	Fungi	Basidiomycota	Agaricomycetes	Agaricales	Agaricaceae	Leucoagaricus	Leucoagaricus leucothites		SPECIES	Leucoagaricus leucothites (Vittad.) Wasser	Leucoagaricus leucothites		CA		Québec	PRESENT		28eb1a3f-1c15-4a95-931a-4af90ecb574d	47.365211	-69.949464	10.0						2020-09-13T15:40	13	9	2020	2535875	2535875	HUMAN_OBSERVATION	iNaturalist	Observations	125080056		cinna_latifolia	2022-07-07T22:01:33	CC_BY_NC_4_0	birderbb	birderbb			2025-01-14T12:29:53.201Z	StillImage	CONTINENT_DERIVED_FROM_COORDINATES;TAXON_MATCH_TAXON_ID_IGNORED
3858250812	50c9509d-22c7-4a22-a47d-8c48425ef4a7	https://www.inaturalist.org/observations/95213281	Fungi	Basidiomycota	Agaricomycetes	Agaricales	Agaricaceae	Leucoagaricus	Leucoagaricus leucothites		SPECIES	Leucoagaricus leucothites (Vittad.) Wasser	Leucoagaricus leucothites		CA		Québec	PRESENT		28eb1a3f-1c15-4a95-931a-4af90ecb574d	45.60092	-73.717826	802.0						2021-09-17T18:04	17	9	2021	2535875	2535875	HUMAN_OBSERVATION	iNaturalist	Observations	95213281		else	2021-09-18T01:48:42	CC_BY_NC_4_0	softie	softie			2025-01-14T13:11:41.115Z	StillImage	COORDINATE_ROUNDED;CONTINENT_DERIVED_FROM_COORDINATES;TAXON_MATCH_TAXON_ID_IGNORED
3759209767	50c9509d-22c7-4a22-a47d-8c48425ef4a7	https://www.inaturalist.org/observations/97794731	Fungi	Basidiomycota	Agaricomycetes	Agaricales	Agaricaceae	Leucoagaricus	Leucoagaricus leucothites		SPECIES	Leucoagaricus leucothites (Vittad.) Wasser	Leucoagaricus leucothites		CA		Québec	PRESENT		28eb1a3f-1c15-4a95-931a-4af90ecb574d	45.598443	-74.073039	27158.0						2021-09-23T15:02	23	9	2021	2535875	2535875	HUMAN_OBSERVATION	iNaturalist	Observations	97794731		Kilby Gordon	2021-10-10T17:49:46	CC_BY_NC_4_0	Kilby Gordon	Kilby Gordon			2025-01-14T13:16:11.220Z	StillImage	COORDINATE_ROUNDED;CONTINENT_DERIVED_FROM_COORDINATES;TAXON_MATCH_TAXON_ID_IGNORED
3747315450	50c9509d-22c7-4a22-a47d-8c48425ef4a7	https://www.inaturalist.org/observations/98077243	Fungi	Basidiomycota	Agaricomycetes	Agaricales	Agaricaceae	Leucoagaricus	Leucoagaricus leucothites		SPECIES	Leucoagaricus leucothites (Vittad.) Wasser	Leucoagaricus leucothites		CA		Ontario	PRESENT		28eb1a3f-1c15-4a95-931a-4af90ecb574d	45.486044	-75.534868							2021-10-03T16:22:24	3	10	2021	2535875	2535875	HUMAN_OBSERVATION	iNaturalist	Observations	98077243		Lindsay Boudreau	2021-10-13T04:23:56	CC_BY_NC_4_0	Lindsay Boudreau	Lindsay Boudreau			2025-01-14T13:17:19.452Z	StillImage	COORDINATE_ROUNDED;CONTINENT_DERIVED_FROM_COORDINATES;TAXON_MATCH_TAXON_ID_IGNORED
3465992491	50c9509d-22c7-4a22-a47d-8c48425ef4a7	https://www.inaturalist.org/observations/62961920	Fungi	Basidiomycota	Agaricomycetes	Agaricales	Agaricaceae	Leucoagaricus	Leucoagaricus leucothites		SPECIES	Leucoagaricus leucothites (Vittad.) Wasser	Leucoagaricus leucothites		CA		Québec	PRESENT		28eb1a3f-1c15-4a95-931a-4af90ecb574d	46.76331	-71.263688	61.0						2020-10-18T19:42	18	10	2020	2535875	2535875	HUMAN_OBSERVATION	iNaturalist	Observations	62961920		else	2020-10-21T19:05:09	CC_BY_NC_4_0	p_tremblay	p_tremblay			2025-01-14T13:10:24.988Z	StillImage	COORDINATE_ROUNDED;CONTINENT_DERIVED_FROM_COORDINATES;TAXON_MATCH_TAXON_ID_IGNORED
3456806528	50c9509d-22c7-4a22-a47d-8c48425ef4a7	https://www.inaturalist.org/observations/94662961	Fungi	Basidiomycota	Agaricomycetes	Agaricales	Agaricaceae	Leucoagaricus	Leucoagaricus leucothites		SPECIES	Leucoagaricus leucothites (Vittad.) Wasser	Leucoagaricus leucothites		CA		Québec	PRESENT		28eb1a3f-1c15-4a95-931a-4af90ecb574d	45.354558	-71.771028	24.0						2021-09-12T11:12:55	12	9	2021	2535875	2535875	HUMAN_OBSERVATION	iNaturalist	Observations	94662961		Marilyne Busque-Dubois	2021-09-13T01:37:40	CC_BY_4_0	Marilyne Busque-Dubois	Marilyne Busque-Dubois			2025-01-14T13:11:37.403Z	StillImage	COORDINATE_ROUNDED;CONTINENT_DERIVED_FROM_COORDINATES;TAXON_MATCH_TAXON_ID_IGNORED
3398740902	50c9509d-22c7-4a22-a47d-8c48425ef4a7	https://www.inaturalist.org/observations/97367292	Fungi	Basidiomycota	Agaricomycetes	Agaricales	Agaricaceae	Leucoagaricus	Leucoagaricus leucothites		SPECIES	Leucoagaricus leucothites (Vittad.) Wasser	Leucoagaricus leucothites		CA		New Brunswick	PRESENT		28eb1a3f-1c15-4a95-931a-4af90ecb574d	47.247918	-68.713353	1805.0						2021-10-05T11:08	5	10	2021	2535875	2535875	HUMAN_OBSERVATION	iNaturalist	Observations	97367292		cinna_latifolia	2021-10-23T07:03:09	CC_BY_NC_4_0	Marie-Eve Lavoie	Marie-Eve Lavoie			2025-01-14T12:21:37.766Z	StillImage	COORDINATE_ROUNDED;CONTINENT_DERIVED_FROM_COORDINATES;TAXON_MATCH_TAXON_ID_IGNORED
3398685857	50c9509d-22c7-4a22-a47d-8c48425ef4a7	https://www.inaturalist.org/observations/94898429	Fungi	Basidiomycota	Agaricomycetes	Agaricales	Agaricaceae	Leucoagaricus	Leucoagaricus leucothites		SPECIES	Leucoagaricus leucothites (Vittad.) Wasser	Leucoagaricus leucothites		CA		Ontario	PRESENT		28eb1a3f-1c15-4a95-931a-4af90ecb574d	45.045525	-75.869942							2021-09-14T08:34:41	14	9	2021	2535875	2535875	HUMAN_OBSERVATION	iNaturalist	Observations	94898429		cinna_latifolia	2021-09-16T03:22:23	CC_BY_4_0	Alexis Williams	Alexis Williams			2025-01-14T12:21:41.142Z	StillImage	COORDINATE_ROUNDED;CONTINENT_DERIVED_FROM_COORDINATES;TAXON_MATCH_TAXON_ID_IGNORED
3391705553	50c9509d-22c7-4a22-a47d-8c48425ef4a7	https://www.inaturalist.org/observations/97275406	Fungi	Basidiomycota	Agaricomycetes	Agaricales	Agaricaceae	Leucoagaricus	Leucoagaricus leucothites		SPECIES	Leucoagaricus leucothites (Vittad.) Wasser	Leucoagaricus leucothites		CA		Québec	PRESENT		28eb1a3f-1c15-4a95-931a-4af90ecb574d	45.512159	-73.582967	32.0						2021-10-05T15:43:56	5	10	2021	2535875	2535875	HUMAN_OBSERVATION	iNaturalist	Observations	97275406		elakanti	2021-10-05T20:23:09	CC_BY_NC_4_0	elakanti	elakanti			2025-01-14T12:22:20.033Z	StillImage	COORDINATE_ROUNDED;CONTINENT_DERIVED_FROM_COORDINATES;TAXON_MATCH_TAXON_ID_IGNORED
3391699500	50c9509d-22c7-4a22-a47d-8c48425ef4a7	https://www.inaturalist.org/observations/95724687	Fungi	Basidiomycota	Agaricomycetes	Agaricales	Agaricaceae	Leucoagaricus	Leucoagaricus leucothites		SPECIES	Leucoagaricus leucothites (Vittad.) Wasser	Leucoagaricus leucothites		CA		Nova Scotia	PRESENT		28eb1a3f-1c15-4a95-931a-4af90ecb574d	45.087767	-64.364398	28.0						2021-09-16T15:30:59	16	9	2021	2535875	2535875	HUMAN_OBSERVATION	iNaturalist	Observations	95724687		Garrett Taylor	2021-09-22T03:21:02	CC_BY_NC_4_0	beccam333	beccam333			2025-01-14T12:22:10.993Z	StillImage	COORDINATE_ROUNDED;CONTINENT_DERIVED_FROM_COORDINATES;TAXON_MATCH_TAXON_ID_IGNORED
3391646598	50c9509d-22c7-4a22-a47d-8c48425ef4a7	https://www.inaturalist.org/observations/97474281	Fungi	Basidiomycota	Agaricomycetes	Agaricales	Agaricaceae	Leucoagaricus	Leucoagaricus leucothites		SPECIES	Leucoagaricus leucothites (Vittad.) Wasser	Leucoagaricus leucothites		CA		Québec	PRESENT		28eb1a3f-1c15-4a95-931a-4af90ecb574d	45.512101	-73.575225	128.0						2021-10-07T15:22:55	7	10	2021	2535875	2535875	HUMAN_OBSERVATION	iNaturalist	Observations	97474281		touficjrab	2021-10-11T13:46:01	CC_BY_NC_4_0	austinjradi	austinjradi			2025-01-14T13:15:35.525Z	StillImage	COORDINATE_ROUNDED;CONTINENT_DERIVED_FROM_COORDINATES;TAXON_MATCH_TAXON_ID_IGNORED
3391637614	50c9509d-22c7-4a22-a47d-8c48425ef4a7	https://www.inaturalist.org/observations/97473702	Fungi	Basidiomycota	Agaricomycetes	Agaricales	Agaricaceae	Leucoagaricus	Leucoagaricus leucothites		SPECIES	Leucoagaricus leucothites (Vittad.) Wasser	Leucoagaricus leucothites		CA		Québec	PRESENT		28eb1a3f-1c15-4a95-931a-4af90ecb574d	45.512274	-73.582482	6.0						2021-10-07T15:16:49	7	10	2021	2535875	2535875	HUMAN_OBSERVATION	iNaturalist	Observations	97473702		vanessaroy359	2021-10-07T19:20:28	CC_BY_NC_4_0	vanessaroy359	vanessaroy359			2025-01-14T13:10:47.048Z	StillImage	COORDINATE_ROUNDED;CONTINENT_DERIVED_FROM_COORDINATES;TAXON_MATCH_TAXON_ID_IGNORED
3391423610	50c9509d-22c7-4a22-a47d-8c48425ef4a7	https://www.inaturalist.org/observations/97274737	Fungi	Basidiomycota	Agaricomycetes	Agaricales	Agaricaceae	Leucoagaricus	Leucoagaricus leucothites		SPECIES	Leucoagaricus leucothites (Vittad.) Wasser	Leucoagaricus leucothites		CA		Québec	PRESENT		28eb1a3f-1c15-4a95-931a-4af90ecb574d	45.511759	-73.582003	10.0						2021-10-05T15:37:11	5	10	2021	2535875	2535875	HUMAN_OBSERVATION	iNaturalist	Observations	97274737		camrynwalker18	2021-10-05T19:37:25	CC_BY_NC_4_0	camrynwalker18	camrynwalker18			2025-01-14T12:24:30.001Z	StillImage	COORDINATE_ROUNDED;CONTINENT_DERIVED_FROM_COORDINATES;TAXON_MATCH_TAXON_ID_IGNORED
3391395659	50c9509d-22c7-4a22-a47d-8c48425ef4a7	https://www.inaturalist.org/observations/97561654	Fungi	Basidiomycota	Agaricomycetes	Agaricales	Agaricaceae	Leucoagaricus	Leucoagaricus leucothites		SPECIES	Leucoagaricus leucothites (Vittad.) Wasser	Leucoagaricus leucothites		CA		Québec	PRESENT		28eb1a3f-1c15-4a95-931a-4af90ecb574d	45.512086	-73.583405	8.0						2021-10-06T15:21:53	6	10	2021	2535875	2535875	HUMAN_OBSERVATION	iNaturalist	Observations	97561654		sashamalko	2021-10-08T17:20:27	CC_BY_NC_4_0	sashamalko	sashamalko			2025-01-14T13:10:45.274Z	StillImage	COORDINATE_ROUNDED;CONTINENT_DERIVED_FROM_COORDINATES;TAXON_MATCH_TAXON_ID_IGNORED
3385204087	50c9509d-22c7-4a22-a47d-8c48425ef4a7	https://www.inaturalist.org/observations/96926662	Fungi	Basidiomycota	Agaricomycetes	Agaricales	Agaricaceae	Leucoagaricus	Leucoagaricus leucothites		SPECIES	Leucoagaricus leucothites (Vittad.) Wasser	Leucoagaricus leucothites		CA		Québec	PRESENT		28eb1a3f-1c15-4a95-931a-4af90ecb574d	48.123088	-77.835448	1.0						2021-10-02T15:00	2	10	2021	2535875	2535875	HUMAN_OBSERVATION	iNaturalist	Observations	96926662		François Dubois	2021-10-02T19:13:52	CC_BY_NC_4_0	François Dubois	François Dubois			2025-01-14T12:24:43.489Z	StillImage	COORDINATE_ROUNDED;CONTINENT_DERIVED_FROM_COORDINATES;TAXON_MATCH_TAXON_ID_IGNORED
3385192362	50c9509d-22c7-4a22-a47d-8c48425ef4a7	https://www.inaturalist.org/observations/97201891	Fungi	Basidiomycota	Agaricomycetes	Agaricales	Agaricaceae	Leucoagaricus	Leucoagaricus leucothites		SPECIES	Leucoagaricus leucothites (Vittad.) Wasser	Leucoagaricus leucothites		CA		Québec	PRESENT		28eb1a3f-1c15-4a95-931a-4af90ecb574d	45.543429	-75.41917	8328.0						2021-10-04T12:45:26	4	10	2021	2535875	2535875	HUMAN_OBSERVATION	iNaturalist	Observations	97201891		Myca	2021-10-05T00:51:55	CC_BY_NC_4_0	Myca	Myca			2025-01-14T13:15:28.952Z	StillImage	COORDINATE_ROUNDED;CONTINENT_DERIVED_FROM_COORDINATES;TAXON_MATCH_TAXON_ID_IGNORED
3385135188	50c9509d-22c7-4a22-a47d-8c48425ef4a7	https://www.inaturalist.org/observations/97025652	Fungi	Basidiomycota	Agaricomycetes	Agaricales	Agaricaceae	Leucoagaricus	Leucoagaricus leucothites		SPECIES	Leucoagaricus leucothites (Vittad.) Wasser	Leucoagaricus leucothites		CA		Québec	PRESENT		28eb1a3f-1c15-4a95-931a-4af90ecb574d	45.574524	-73.479416	22.0						2021-10-03T11:38:59	3	10	2021	2535875	2535875	HUMAN_OBSERVATION	iNaturalist	Observations	97025652		tomyfaubert	2021-10-03T15:39:08	CC_BY_NC_4_0	tomyfaubert	tomyfaubert			2025-01-14T13:15:25.635Z	StillImage	COORDINATE_ROUNDED;CONTINENT_DERIVED_FROM_COORDINATES;TAXON_MATCH_TAXON_ID_IGNORED
3385029876	50c9509d-22c7-4a22-a47d-8c48425ef4a7	https://www.inaturalist.org/observations/96741674	Fungi	Basidiomycota	Agaricomycetes	Agaricales	Agaricaceae	Leucoagaricus	Leucoagaricus leucothites		SPECIES	Leucoagaricus leucothites (Vittad.) Wasser	Leucoagaricus leucothites		CA		Québec	PRESENT		28eb1a3f-1c15-4a95-931a-4af90ecb574d	45.711981	-73.675792	748.0						2021-09-30T16:44	30	9	2021	2535875	2535875	HUMAN_OBSERVATION	iNaturalist	Observations	96741674		else	2021-10-05T21:20:29	CC_BY_NC_4_0	Stephane Le Tirant	Stephane Le Tirant			2025-01-14T12:22:09.944Z	StillImage	COORDINATE_ROUNDED;CONTINENT_DERIVED_FROM_COORDINATES;TAXON_MATCH_TAXON_ID_IGNORED
3384978917	50c9509d-22c7-4a22-a47d-8c48425ef4a7	https://www.inaturalist.org/observations/94812223	Fungi	Basidiomycota	Agaricomycetes	Agaricales	Agaricaceae	Leucoagaricus	Leucoagaricus leucothites		SPECIES	Leucoagaricus leucothites (Vittad.) Wasser	Leucoagaricus leucothites		CA		Québec	PRESENT		28eb1a3f-1c15-4a95-931a-4af90ecb574d	45.047117	-73.172111							2021-09-14T08:00:15	14	9	2021	2535875	2535875	HUMAN_OBSERVATION	iNaturalist	Observations	94812223		Mélanie Labbé	2021-09-14T12:36:40	CC_BY_NC_4_0	Mélanie Labbé	Mélanie Labbé			2025-01-14T13:14:51.298Z	StillImage	COORDINATE_ROUNDED;CONTINENT_DERIVED_FROM_COORDINATES;TAXON_MATCH_TAXON_ID_IGNORED
3384929404	50c9509d-22c7-4a22-a47d-8c48425ef4a7	https://www.inaturalist.org/observations/97410686	Fungi	Basidiomycota	Agaricomycetes	Agaricales	Agaricaceae	Leucoagaricus	Leucoagaricus leucothites		SPECIES	Leucoagaricus leucothites (Vittad.) Wasser	Leucoagaricus leucothites		CA		Québec	PRESENT		28eb1a3f-1c15-4a95-931a-4af90ecb574d	45.512272	-73.583275	3.0						2021-10-05T14:52:20	5	10	2021	2535875	2535875	HUMAN_OBSERVATION	iNaturalist	Observations	97410686		carolineh04	2021-10-07T02:04:17	CC_BY_NC_4_0	carolineh04	carolineh04			2025-01-14T13:15:23.298Z	StillImage	COORDINATE_ROUNDED;CONTINENT_DERIVED_FROM_COORDINATES;TAXON_MATCH_TAXON_ID_IGNORED
3384910916	50c9509d-22c7-4a22-a47d-8c48425ef4a7	https://www.inaturalist.org/observations/95789916	Fungi	Basidiomycota	Agaricomycetes	Agaricales	Agaricaceae	Leucoagaricus	Leucoagaricus leucothites		SPECIES	Leucoagaricus leucothites (Vittad.) Wasser	Leucoagaricus leucothites		CA		Ontario	PRESENT		28eb1a3f-1c15-4a95-931a-4af90ecb574d	45.383004	-75.644475							2021-09-22T16:16:15	22	9	2021	2535875	2535875	HUMAN_OBSERVATION	iNaturalist	Observations	95789916		Johann Wagner	2021-09-22T20:23:57	CC_BY_NC_4_0	Johann Wagner	Johann Wagner			2025-01-14T13:15:18.958Z	StillImage	COORDINATE_ROUNDED;CONTINENT_DERIVED_FROM_COORDINATES;TAXON_MATCH_TAXON_ID_IGNORED
3384906559	50c9509d-22c7-4a22-a47d-8c48425ef4a7	https://www.inaturalist.org/observations/97285398	Fungi	Basidiomycota	Agaricomycetes	Agaricales	Agaricaceae	Leucoagaricus	Leucoagaricus leucothites		SPECIES	Leucoagaricus leucothites (Vittad.) Wasser	Leucoagaricus leucothites		CA		Ontario	PRESENT		28eb1a3f-1c15-4a95-931a-4af90ecb574d	45.199403	-75.979697	12.0						2021-10-05T16:26:08	5	10	2021	2535875	2535875	HUMAN_OBSERVATION	iNaturalist	Observations	97285398		Keith Seifert	2021-10-05T21:21:09	CC0_1_0	Keith Seifert	Keith Seifert			2025-01-14T13:10:50.284Z	StillImage	COORDINATE_ROUNDED;CONTINENT_DERIVED_FROM_COORDINATES;TAXON_MATCH_TAXON_ID_IGNORED
3384399036	50c9509d-22c7-4a22-a47d-8c48425ef4a7	https://www.inaturalist.org/observations/96937793	Fungi	Basidiomycota	Agaricomycetes	Agaricales	Agaricaceae	Leucoagaricus	Leucoagaricus leucothites		SPECIES	Leucoagaricus leucothites (Vittad.) Wasser	Leucoagaricus leucothites		CA		Québec	PRESENT		28eb1a3f-1c15-4a95-931a-4af90ecb574d	48.581167	-68.156319	4.0						2021-10-02T15:49:50	2	10	2021	2535875	2535875	HUMAN_OBSERVATION	iNaturalist	Observations	96937793		Claude Nozères	2021-10-03T00:07:12	CC_BY_NC_4_0	Claude Nozères	Claude Nozères			2025-01-14T12:21:51.967Z	StillImage	COORDINATE_ROUNDED;CONTINENT_DERIVED_FROM_COORDINATES;TAXON_MATCH_TAXON_ID_IGNORED
3384329536	50c9509d-22c7-4a22-a47d-8c48425ef4a7	https://www.inaturalist.org/observations/95384808	Fungi	Basidiomycota	Agaricomycetes	Agaricales	Agaricaceae	Leucoagaricus	Leucoagaricus leucothites		SPECIES	Leucoagaricus leucothites (Vittad.) Wasser	Leucoagaricus leucothites		CA		Ontario	PRESENT		28eb1a3f-1c15-4a95-931a-4af90ecb574d	45.314533	-75.136772	10.0						2021-09-18T23:30:49	18	9	2021	2535875	2535875	HUMAN_OBSERVATION	iNaturalist	Observations	95384808		Lynn Ovenden	2021-09-19T11:55:05	CC_BY_NC_4_0	Lynn Ovenden	Lynn Ovenden			2025-01-14T12:21:51.920Z	StillImage	COORDINATE_ROUNDED;CONTINENT_DERIVED_FROM_COORDINATES;TAXON_MATCH_TAXON_ID_IGNORED
3384249572	50c9509d-22c7-4a22-a47d-8c48425ef4a7	https://www.inaturalist.org/observations/97387040	Fungi	Basidiomycota	Agaricomycetes	Agaricales	Agaricaceae	Leucoagaricus	Leucoagaricus leucothites		SPECIES	Leucoagaricus leucothites (Vittad.) Wasser	Leucoagaricus leucothites		CA		Québec	PRESENT		28eb1a3f-1c15-4a95-931a-4af90ecb574d	45.5121	-73.583541	9.0						2021-10-06T17:17:52	6	10	2021	2535875	2535875	HUMAN_OBSERVATION	iNaturalist	Observations	97387040		sharikaekram	2021-10-06T21:17:59	CC_BY_NC_4_0	sharikaekram	sharikaekram			2025-01-14T12:22:03.210Z	StillImage	COORDINATE_ROUNDED;CONTINENT_DERIVED_FROM_COORDINATES;TAXON_MATCH_TAXON_ID_IGNORED
3384205615	50c9509d-22c7-4a22-a47d-8c48425ef4a7	https://www.inaturalist.org/observations/97474070	Fungi	Basidiomycota	Agaricomycetes	Agaricales	Agaricaceae	Leucoagaricus	Leucoagaricus leucothites		SPECIES	Leucoagaricus leucothites (Vittad.) Wasser	Leucoagaricus leucothites		CA		Québec	PRESENT		28eb1a3f-1c15-4a95-931a-4af90ecb574d	45.512328	-73.582624	5.0						2021-10-07T15:17:10	7	10	2021	2535875	2535875	HUMAN_OBSERVATION	iNaturalist	Observations	97474070		Zoe Mozola	2021-10-07T19:20:51	CC_BY_NC_4_0	Zoe Mozola	Zoe Mozola			2025-01-14T12:24:56.463Z	StillImage	COORDINATE_ROUNDED;CONTINENT_DERIVED_FROM_COORDINATES;TAXON_MATCH_TAXON_ID_IGNORED
3384191565	50c9509d-22c7-4a22-a47d-8c48425ef4a7	https://www.inaturalist.org/observations/97473793	Fungi	Basidiomycota	Agaricomycetes	Agaricales	Agaricaceae	Leucoagaricus	Leucoagaricus leucothites		SPECIES	Leucoagaricus leucothites (Vittad.) Wasser	Leucoagaricus leucothites		CA		Québec	PRESENT		28eb1a3f-1c15-4a95-931a-4af90ecb574d	45.512231	-73.582942	5.0						2021-10-07T15:17:14	7	10	2021	2535875	2535875	HUMAN_OBSERVATION	iNaturalist	Observations	97473793		maddieolise	2021-10-07T19:18:49	CC_BY_NC_4_0	maddieolise	maddieolise			2025-01-14T13:15:46.788Z	StillImage	COORDINATE_ROUNDED;CONTINENT_DERIVED_FROM_COORDINATES;TAXON_MATCH_TAXON_ID_IGNORED
3384160480	50c9509d-22c7-4a22-a47d-8c48425ef4a7	https://www.inaturalist.org/observations/97472242	Fungi	Basidiomycota	Agaricomycetes	Agaricales	Agaricaceae	Leucoagaricus	Leucoagaricus leucothites		SPECIES	Leucoagaricus leucothites (Vittad.) Wasser	Leucoagaricus leucothites		CA		Québec	PRESENT		28eb1a3f-1c15-4a95-931a-4af90ecb574d	45.512172	-73.583453	21.0						2021-10-07T15:01:35	7	10	2021	2535875	2535875	HUMAN_OBSERVATION	iNaturalist	Observations	97472242		sambendahanwest	2021-10-07T19:02:58	CC_BY_NC_4_0	sambendahanwest	sambendahanwest			2025-01-14T13:16:13.544Z	StillImage	COORDINATE_ROUNDED;CONTINENT_DERIVED_FROM_COORDINATES;TAXON_MATCH_TAXON_ID_IGNORED
3384087968	50c9509d-22c7-4a22-a47d-8c48425ef4a7	https://www.inaturalist.org/observations/96933872	Fungi	Basidiomycota	Agaricomycetes	Agaricales	Agaricaceae	Leucoagaricus	Leucoagaricus leucothites		SPECIES	Leucoagaricus leucothites (Vittad.) Wasser	Leucoagaricus leucothites		CA		Québec	PRESENT		28eb1a3f-1c15-4a95-931a-4af90ecb574d	48.57777	-68.18888	4.0						2021-10-02T16:10:16	2	10	2021	2535875	2535875	HUMAN_OBSERVATION	iNaturalist	Observations	96933872		Claude Nozères	2021-10-03T00:07:55	CC_BY_NC_4_0	Claude Nozères	Claude Nozères			2025-01-14T12:22:39.067Z	StillImage	CONTINENT_DERIVED_FROM_COORDINATES;TAXON_MATCH_TAXON_ID_IGNORED
3384080972	50c9509d-22c7-4a22-a47d-8c48425ef4a7	https://www.inaturalist.org/observations/95872139	Fungi	Basidiomycota	Agaricomycetes	Agaricales	Agaricaceae	Leucoagaricus	Leucoagaricus leucothites		SPECIES	Leucoagaricus leucothites (Vittad.) Wasser	Leucoagaricus leucothites		CA		New Brunswick	PRESENT		28eb1a3f-1c15-4a95-931a-4af90ecb574d	47.616834	-65.685801	4.0						2021-09-23T14:23:33	23	9	2021	2535875	2535875	HUMAN_OBSERVATION	iNaturalist	Observations	95872139		chrisxd42	2021-09-23T17:24:14	CC_BY_NC_4_0	chrisxd42	chrisxd42			2025-01-14T13:15:17.462Z	StillImage	COORDINATE_ROUNDED;CONTINENT_DERIVED_FROM_COORDINATES;TAXON_MATCH_TAXON_ID_IGNORED
3384060563	50c9509d-22c7-4a22-a47d-8c48425ef4a7	https://www.inaturalist.org/observations/95407077	Fungi	Basidiomycota	Agaricomycetes	Agaricales	Agaricaceae	Leucoagaricus	Leucoagaricus leucothites		SPECIES	Leucoagaricus leucothites (Vittad.) Wasser	Leucoagaricus leucothites		CA		Québec	PRESENT		28eb1a3f-1c15-4a95-931a-4af90ecb574d	45.047511	-73.584455	862.0						2021-09-18T14:19:05	18	9	2021	2535875	2535875	HUMAN_OBSERVATION	iNaturalist	Observations	95407077		muscariafly	2021-09-19T15:31:25	CC_BY_NC_4_0	muscariafly	muscariafly			2025-01-14T12:21:09.848Z	StillImage	COORDINATE_ROUNDED;CONTINENT_DERIVED_FROM_COORDINATES;TAXON_MATCH_TAXON_ID_IGNORED
3384056463	50c9509d-22c7-4a22-a47d-8c48425ef4a7	https://www.inaturalist.org/observations/95286197	Fungi	Basidiomycota	Agaricomycetes	Agaricales	Agaricaceae	Leucoagaricus	Leucoagaricus leucothites		SPECIES	Leucoagaricus leucothites (Vittad.) Wasser	Leucoagaricus leucothites		CA		Prince Edward Island	PRESENT		28eb1a3f-1c15-4a95-931a-4af90ecb574d	46.921073	-64.192694	416.0						2021-09-18T13:59:58	18	9	2021	2535875	2535875	HUMAN_OBSERVATION	iNaturalist	Observations	95286197		Valentina Dovzhuk Kenny	2021-09-18T17:10:50	CC_BY_NC_4_0	Valentina Dovzhuk Kenny	Valentina Dovzhuk Kenny			2025-01-14T12:21:59.084Z	StillImage	COORDINATE_ROUNDED;CONTINENT_DERIVED_FROM_COORDINATES;TAXON_MATCH_TAXON_ID_IGNORED
3384036163	50c9509d-22c7-4a22-a47d-8c48425ef4a7	https://www.inaturalist.org/observations/95150415	Fungi	Basidiomycota	Agaricomycetes	Agaricales	Agaricaceae	Leucoagaricus	Leucoagaricus leucothites		SPECIES	Leucoagaricus leucothites (Vittad.) Wasser	Leucoagaricus leucothites		CA		Ontario	PRESENT		28eb1a3f-1c15-4a95-931a-4af90ecb574d	45.147128	-76.153511	18.0						2021-09-16T21:53:26	16	9	2021	2535875	2535875	HUMAN_OBSERVATION	iNaturalist	Observations	95150415		davey59	2021-09-17T15:11:39	CC_BY_NC_4_0	davey59	davey59			2025-01-14T12:22:32.142Z	StillImage	COORDINATE_ROUNDED;CONTINENT_DERIVED_FROM_COORDINATES;TAXON_MATCH_TAXON_ID_IGNORED
3384012947	50c9509d-22c7-4a22-a47d-8c48425ef4a7	https://www.inaturalist.org/observations/94880171	Fungi	Basidiomycota	Agaricomycetes	Agaricales	Agaricaceae	Leucoagaricus	Leucoagaricus leucothites		SPECIES	Leucoagaricus leucothites (Vittad.) Wasser	Leucoagaricus leucothites		CA		Ontario	PRESENT		28eb1a3f-1c15-4a95-931a-4af90ecb574d	45.118416	-75.869667							2021-09-14T16:30:13	14	9	2021	2535875	2535875	HUMAN_OBSERVATION	iNaturalist	Observations	94880171		else	2021-09-14T23:39:03	CC_BY_4_0	Alexis Williams	Alexis Williams			2025-01-14T12:22:28.262Z	StillImage	COORDINATE_ROUNDED;CONTINENT_DERIVED_FROM_COORDINATES;TAXON_MATCH_TAXON_ID_IGNORED
3384000247	50c9509d-22c7-4a22-a47d-8c48425ef4a7	https://www.inaturalist.org/observations/95200527	Fungi	Basidiomycota	Agaricomycetes	Agaricales	Agaricaceae	Leucoagaricus	Leucoagaricus leucothites		SPECIES	Leucoagaricus leucothites (Vittad.) Wasser	Leucoagaricus leucothites		CA		Nova Scotia	PRESENT		28eb1a3f-1c15-4a95-931a-4af90ecb574d	45.092015	-64.35525	5.0						2021-09-17T19:29:27	17	9	2021	2535875	2535875	HUMAN_OBSERVATION	iNaturalist	Observations	95200527		wf_guider	2021-09-17T22:32:02	CC_BY_NC_4_0	wf_guider	wf_guider			2025-01-14T13:15:40.123Z	StillImage	COORDINATE_ROUNDED;CONTINENT_DERIVED_FROM_COORDINATES;TAXON_MATCH_TAXON_ID_IGNORED
3337761447	50c9509d-22c7-4a22-a47d-8c48425ef4a7	https://www.inaturalist.org/observations/59790261	Fungi	Basidiomycota	Agaricomycetes	Agaricales	Agaricaceae	Leucoagaricus	Leucoagaricus leucothites		SPECIES	Leucoagaricus leucothites (Vittad.) Wasser	Leucoagaricus leucothites		CA		Québec	PRESENT		28eb1a3f-1c15-4a95-931a-4af90ecb574d	48.358303	-79.020186	6.0						2020-09-14T16:22:49	14	9	2020	2535875	2535875	HUMAN_OBSERVATION	iNaturalist	Observations	59790261		Edith van de Walle	2020-09-16T16:56:01	CC_BY_NC_4_0	Edith van de Walle	Edith van de Walle			2025-01-14T13:10:15.217Z	StillImage	COORDINATE_ROUNDED;CONTINENT_DERIVED_FROM_COORDINATES;TAXON_MATCH_TAXON_ID_IGNORED
3333151625	50c9509d-22c7-4a22-a47d-8c48425ef4a7	https://www.inaturalist.org/observations/88141423	Fungi	Basidiomycota	Agaricomycetes	Agaricales	Agaricaceae	Leucoagaricus	Leucoagaricus leucothites		SPECIES	Leucoagaricus leucothites (Vittad.) Wasser	Leucoagaricus leucothites		CA		Québec	PRESENT		28eb1a3f-1c15-4a95-931a-4af90ecb574d	45.382496	-71.929062	42.0						2021-07-22T12:42:27	22	7	2021	2535875	2535875	HUMAN_OBSERVATION	iNaturalist	Observations	88141423		Alexandre Martineau	2021-07-22T16:42:45	CC_BY_NC_4_0	Alexandre Martineau	Alexandre Martineau			2025-01-14T13:09:52.256Z	StillImage	COORDINATE_ROUNDED;CONTINENT_DERIVED_FROM_COORDINATES;TAXON_MATCH_TAXON_ID_IGNORED
3330758383	50c9509d-22c7-4a22-a47d-8c48425ef4a7	https://www.inaturalist.org/observations/62855678	Fungi	Basidiomycota	Agaricomycetes	Agaricales	Agaricaceae	Leucoagaricus	Leucoagaricus leucothites		SPECIES	Leucoagaricus leucothites (Vittad.) Wasser	Leucoagaricus leucothites		CA		Québec	PRESENT		28eb1a3f-1c15-4a95-931a-4af90ecb574d	45.410001	-74.024454	40.0						2020-10-14T14:44:46	14	10	2020	2535875	2535875	HUMAN_OBSERVATION	iNaturalist	Observations	62855678		katenormand	2020-10-18T02:20:26	CC_BY_NC_4_0	katenormand	katenormand			2025-01-14T13:10:24.349Z	StillImage	COORDINATE_ROUNDED;CONTINENT_DERIVED_FROM_COORDINATES;TAXON_MATCH_TAXON_ID_IGNORED
3302068665	50c9509d-22c7-4a22-a47d-8c48425ef4a7	https://www.inaturalist.org/observations/81368188	Fungi	Basidiomycota	Agaricomycetes	Agaricales	Agaricaceae	Leucoagaricus	Leucoagaricus leucothites		SPECIES	Leucoagaricus leucothites (Vittad.) Wasser	Leucoagaricus leucothites		CA		Ontario	PRESENT		28eb1a3f-1c15-4a95-931a-4af90ecb574d	45.253538	-78.873594	101.0						2011-06-10T11:54:34	10	6	2011	2535875	2535875	HUMAN_OBSERVATION	iNaturalist	Observations	81368188		cinna_latifolia	2021-06-03T04:35:15	CC_BY_NC_4_0	Steve	Steve			2025-01-14T13:10:03.084Z	StillImage	COORDINATE_ROUNDED;CONTINENT_DERIVED_FROM_COORDINATES;TAXON_MATCH_TAXON_ID_IGNORED
3124493375	50c9509d-22c7-4a22-a47d-8c48425ef4a7	https://www.inaturalist.org/observations/63023515	Fungi	Basidiomycota	Agaricomycetes	Agaricales	Agaricaceae	Leucoagaricus	Leucoagaricus leucothites		SPECIES	Leucoagaricus leucothites (Vittad.) Wasser	Leucoagaricus leucothites		CA		Québec	PRESENT		28eb1a3f-1c15-4a95-931a-4af90ecb574d	45.695683	-73.495536	384.0						2020-10-19T07:49	19	10	2020	2535875	2535875	HUMAN_OBSERVATION	iNaturalist	Observations	63023515		Kevin Boudreau	2021-05-26T00:31:45	CC_BY_NC_4_0	canouquebec	canouquebec			2025-01-14T12:15:43.972Z	StillImage	COORDINATE_ROUNDED;CONTINENT_DERIVED_FROM_COORDINATES;TAXON_MATCH_TAXON_ID_IGNORED
2980836231	50c9509d-22c7-4a22-a47d-8c48425ef4a7	https://www.inaturalist.org/observations/64241655	Fungi	Basidiomycota	Agaricomycetes	Agaricales	Agaricaceae	Leucoagaricus	Leucoagaricus leucothites		SPECIES	Leucoagaricus leucothites (Vittad.) Wasser	Leucoagaricus leucothites		CA		Ontario	PRESENT		28eb1a3f-1c15-4a95-931a-4af90ecb574d	45.151195	-76.004654	5.0						2020-10-25T10:04:36	25	10	2020	2535875	2535875	HUMAN_OBSERVATION	iNaturalist	Observations	64241655		gaelan	2020-11-05T16:01:54	CC_BY_NC_4_0	gaelan	gaelan			2025-01-14T13:10:02.125Z	StillImage	COORDINATE_ROUNDED;CONTINENT_DERIVED_FROM_COORDINATES;TAXON_MATCH_TAXON_ID_IGNORED
2883099591	50c9509d-22c7-4a22-a47d-8c48425ef4a7	https://www.inaturalist.org/observations/61684886	Fungi	Basidiomycota	Agaricomycetes	Agaricales	Agaricaceae	Leucoagaricus	Leucoagaricus leucothites		SPECIES	Leucoagaricus leucothites (Vittad.) Wasser	Leucoagaricus leucothites		CA		Nova Scotia	PRESENT		28eb1a3f-1c15-4a95-931a-4af90ecb574d	45.091828	-64.359835	2248.0						2020-10-03T13:49:45	3	10	2020	2535875	2535875	HUMAN_OBSERVATION	iNaturalist	Observations	61684886		Dr. Allison Walker	2020-10-04T16:52:14	CC_BY_NC_4_0	Dr. Allison Walker	Dr. Allison Walker			2025-01-14T13:04:48.886Z	StillImage	COORDINATE_ROUNDED;CONTINENT_DERIVED_FROM_COORDINATES;TAXON_MATCH_TAXON_ID_IGNORED
2882997504	50c9509d-22c7-4a22-a47d-8c48425ef4a7	https://www.inaturalist.org/observations/58545378	Fungi	Basidiomycota	Agaricomycetes	Agaricales	Agaricaceae	Leucoagaricus	Leucoagaricus leucothites		SPECIES	Leucoagaricus leucothites (Vittad.) Wasser	Leucoagaricus leucothites		CA		Québec	PRESENT		28eb1a3f-1c15-4a95-931a-4af90ecb574d	45.49344	-74.328527	16.0						2020-09-04T17:23:48	4	9	2020	2535875	2535875	HUMAN_OBSERVATION	iNaturalist	Observations	58545378		Olaf de Winter	2020-09-04T21:24:57	CC_BY_NC_4_0	Olaf de Winter	Olaf de Winter			2025-01-14T13:12:28.937Z	StillImage	COORDINATE_ROUNDED;CONTINENT_DERIVED_FROM_COORDINATES;TAXON_MATCH_TAXON_ID_IGNORED
2873941609	50c9509d-22c7-4a22-a47d-8c48425ef4a7	https://www.inaturalist.org/observations/60453486	Fungi	Basidiomycota	Agaricomycetes	Agaricales	Agaricaceae	Leucoagaricus	Leucoagaricus leucothites		SPECIES	Leucoagaricus leucothites (Vittad.) Wasser	Leucoagaricus leucothites		CA		Québec	PRESENT		28eb1a3f-1c15-4a95-931a-4af90ecb574d	47.773699	-69.603967	4.0						2020-09-22T16:20:31	22	9	2020	2535875	2535875	HUMAN_OBSERVATION	iNaturalist	Observations	60453486		dominiquepl	2020-09-22T20:22:13	CC_BY_NC_4_0	dominiquepl	dominiquepl			2025-01-14T13:10:12.023Z	StillImage	COORDINATE_ROUNDED;CONTINENT_DERIVED_FROM_COORDINATES;TAXON_MATCH_TAXON_ID_IGNORED
2873926659	50c9509d-22c7-4a22-a47d-8c48425ef4a7	https://www.inaturalist.org/observations/60704910	Fungi	Basidiomycota	Agaricomycetes	Agaricales	Agaricaceae	Leucoagaricus	Leucoagaricus leucothites		SPECIES	Leucoagaricus leucothites (Vittad.) Wasser	Leucoagaricus leucothites		CA		Québec	PRESENT		28eb1a3f-1c15-4a95-931a-4af90ecb574d	45.409361	-74.025722	45.0						2020-09-09T17:02:13	9	9	2020	2535875	2535875	HUMAN_OBSERVATION	iNaturalist	Observations	60704910		katenormand	2020-09-25T12:46:27	CC_BY_NC_4_0	katenormand	katenormand			2025-01-14T13:04:31.631Z	StillImage	COORDINATE_ROUNDED;CONTINENT_DERIVED_FROM_COORDINATES;TAXON_MATCH_TAXON_ID_IGNORED
2873771777	50c9509d-22c7-4a22-a47d-8c48425ef4a7	https://www.inaturalist.org/observations/61025217	Fungi	Basidiomycota	Agaricomycetes	Agaricales	Agaricaceae	Leucoagaricus	Leucoagaricus leucothites		SPECIES	Leucoagaricus leucothites (Vittad.) Wasser	Leucoagaricus leucothites		CA		Québec	PRESENT		28eb1a3f-1c15-4a95-931a-4af90ecb574d	45.507366	-73.868652	65.0						2020-09-11T15:18:24	11	9	2020	2535875	2535875	HUMAN_OBSERVATION	iNaturalist	Observations	61025217		madisontav	2020-09-27T21:45:20	CC_BY_NC_4_0	madisontav	madisontav			2025-01-14T13:09:48.981Z	StillImage	COORDINATE_ROUNDED;CONTINENT_DERIVED_FROM_COORDINATES;TAXON_MATCH_TAXON_ID_IGNORED
2873763313	50c9509d-22c7-4a22-a47d-8c48425ef4a7	https://www.inaturalist.org/observations/17229223	Fungi	Basidiomycota	Agaricomycetes	Agaricales	Agaricaceae	Leucoagaricus	Leucoagaricus leucothites		SPECIES	Leucoagaricus leucothites (Vittad.) Wasser	Leucoagaricus leucothites		CA		Québec	PRESENT		28eb1a3f-1c15-4a95-931a-4af90ecb574d	46.784915	-71.286471	61.0						2018-10-05	5	10	2018	2535875	2535875	HUMAN_OBSERVATION	iNaturalist	Observations	17229223		Benjamin Grégoire	2020-09-29T02:34:48	CC_BY_NC_4_0	Ludo Leclerc	Ludo Leclerc			2025-01-14T13:05:50.844Z	StillImage	COORDINATE_ROUNDED;CONTINENT_DERIVED_FROM_COORDINATES;TAXON_MATCH_TAXON_ID_IGNORED
2873745638	50c9509d-22c7-4a22-a47d-8c48425ef4a7	https://www.inaturalist.org/observations/60506933	Fungi	Basidiomycota	Agaricomycetes	Agaricales	Agaricaceae	Leucoagaricus	Leucoagaricus leucothites		SPECIES	Leucoagaricus leucothites (Vittad.) Wasser	Leucoagaricus leucothites		CA		Québec	PRESENT		28eb1a3f-1c15-4a95-931a-4af90ecb574d	45.855828	-73.241538							2020-09-22T08:54:26	22	9	2020	2535875	2535875	HUMAN_OBSERVATION	iNaturalist	Observations	60506933		Denis Tétreault	2020-09-23T12:26:40	CC_BY_NC_4_0	Denis Tétreault	Denis Tétreault			2025-01-14T12:16:02.122Z	StillImage	COORDINATE_ROUNDED;CONTINENT_DERIVED_FROM_COORDINATES;TAXON_MATCH_TAXON_ID_IGNORED
2868224681	50c9509d-22c7-4a22-a47d-8c48425ef4a7	https://www.inaturalist.org/observations/60211022	Fungi	Basidiomycota	Agaricomycetes	Agaricales	Agaricaceae	Leucoagaricus	Leucoagaricus leucothites		SPECIES	Leucoagaricus leucothites (Vittad.) Wasser	Leucoagaricus leucothites		CA		Québec	PRESENT		28eb1a3f-1c15-4a95-931a-4af90ecb574d	45.526283	-73.439025	65.0						2020-09-20T13:18:12	20	9	2020	2535875	2535875	HUMAN_OBSERVATION	iNaturalist	Observations	60211022		parentv66	2020-09-20T17:19:23	CC_BY_NC_4_0	parentv66	parentv66			2025-01-14T13:05:59.815Z	StillImage	COORDINATE_ROUNDED;CONTINENT_DERIVED_FROM_COORDINATES;TAXON_MATCH_TAXON_ID_IGNORED
2864790746	50c9509d-22c7-4a22-a47d-8c48425ef4a7	https://www.inaturalist.org/observations/59236516	Fungi	Basidiomycota	Agaricomycetes	Agaricales	Agaricaceae	Leucoagaricus	Leucoagaricus leucothites		SPECIES	Leucoagaricus leucothites (Vittad.) Wasser	Leucoagaricus leucothites		CA		Québec	PRESENT		28eb1a3f-1c15-4a95-931a-4af90ecb574d	48.427805	-71.216728	65.0						2020-09-11T13:14:27	11	9	2020	2535875	2535875	HUMAN_OBSERVATION	iNaturalist	Observations	59236516		eric_wilmot	2020-09-11T17:53:05	CC_BY_NC_4_0	eric_wilmot	eric_wilmot			2025-01-14T12:15:30.557Z	StillImage	COORDINATE_ROUNDED;CONTINENT_DERIVED_FROM_COORDINATES;TAXON_MATCH_TAXON_ID_IGNORED
2864785628	50c9509d-22c7-4a22-a47d-8c48425ef4a7	https://www.inaturalist.org/observations/59191145	Fungi	Basidiomycota	Agaricomycetes	Agaricales	Agaricaceae	Leucoagaricus	Leucoagaricus leucothites		SPECIES	Leucoagaricus leucothites (Vittad.) Wasser	Leucoagaricus leucothites		CA		Ontario	PRESENT		28eb1a3f-1c15-4a95-931a-4af90ecb574d	45.118401	-75.869507							2020-09-10T21:11:34	10	9	2020	2535875	2535875	HUMAN_OBSERVATION	iNaturalist	Observations	59191145		Alexis Williams	2020-09-11T03:15:15	CC_BY_4_0	Alexis Williams	Alexis Williams			2025-01-14T12:14:36.335Z	StillImage	COORDINATE_ROUNDED;CONTINENT_DERIVED_FROM_COORDINATES;TAXON_MATCH_TAXON_ID_IGNORED
2864746814	50c9509d-22c7-4a22-a47d-8c48425ef4a7	https://www.inaturalist.org/observations/59249164	Fungi	Basidiomycota	Agaricomycetes	Agaricales	Agaricaceae	Leucoagaricus	Leucoagaricus leucothites		SPECIES	Leucoagaricus leucothites (Vittad.) Wasser	Leucoagaricus leucothites		CA		Québec	PRESENT		28eb1a3f-1c15-4a95-931a-4af90ecb574d	46.826417	-71.238576	122.0						2020-09-11T19:55:02Z	11	9	2020	2535875	2535875	HUMAN_OBSERVATION	iNaturalist	Observations	59249164		cathyduchaine	2020-09-11T19:55:53	CC_BY_NC_4_0	cathyduchaine	cathyduchaine			2025-01-14T13:05:50.589Z	StillImage	COORDINATE_ROUNDED;CONTINENT_DERIVED_FROM_COORDINATES;TAXON_MATCH_TAXON_ID_IGNORED
2864661748	50c9509d-22c7-4a22-a47d-8c48425ef4a7	https://www.inaturalist.org/observations/59250095	Fungi	Basidiomycota	Agaricomycetes	Agaricales	Agaricaceae	Leucoagaricus	Leucoagaricus leucothites		SPECIES	Leucoagaricus leucothites (Vittad.) Wasser	Leucoagaricus leucothites		CA		Québec	PRESENT		28eb1a3f-1c15-4a95-931a-4af90ecb574d	46.259158	-73.276978	37.0						2020-09-11T15:15:12	11	9	2020	2535875	2535875	HUMAN_OBSERVATION	iNaturalist	Observations	59250095		pierrequevillon	2020-09-11T20:05:08	CC_BY_NC_4_0	pierrequevillon	pierrequevillon			2025-01-14T12:15:06.251Z	StillImage	COORDINATE_ROUNDED;CONTINENT_DERIVED_FROM_COORDINATES;TAXON_MATCH_TAXON_ID_IGNORED
2864610199	50c9509d-22c7-4a22-a47d-8c48425ef4a7	https://www.inaturalist.org/observations/59608312	Fungi	Basidiomycota	Agaricomycetes	Agaricales	Agaricaceae	Leucoagaricus	Leucoagaricus leucothites		SPECIES	Leucoagaricus leucothites (Vittad.) Wasser	Leucoagaricus leucothites		CA		Ontario	PRESENT		28eb1a3f-1c15-4a95-931a-4af90ecb574d	45.150518	-76.003398	4.0						2020-09-12T16:29:02	12	9	2020	2535875	2535875	HUMAN_OBSERVATION	iNaturalist	Observations	59608312		gaelan	2020-09-14T19:56:12	CC_BY_NC_4_0	gaelan	gaelan			2025-01-14T12:14:41.645Z	StillImage	COORDINATE_ROUNDED;CONTINENT_DERIVED_FROM_COORDINATES;TAXON_MATCH_TAXON_ID_IGNORED
2864588768	50c9509d-22c7-4a22-a47d-8c48425ef4a7	https://www.inaturalist.org/observations/59249464	Fungi	Basidiomycota	Agaricomycetes	Agaricales	Agaricaceae	Leucoagaricus	Leucoagaricus leucothites		SPECIES	Leucoagaricus leucothites (Vittad.) Wasser	Leucoagaricus leucothites		CA		Québec	PRESENT		28eb1a3f-1c15-4a95-931a-4af90ecb574d	46.818629	-71.24169	135.0						2020-09-11T19:58:55Z	11	9	2020	2535875	2535875	HUMAN_OBSERVATION	iNaturalist	Observations	59249464		cathyduchaine	2020-09-11T19:59:08	CC_BY_NC_4_0	cathyduchaine	cathyduchaine			2025-01-14T13:09:37.663Z	StillImage	COORDINATE_ROUNDED;CONTINENT_DERIVED_FROM_COORDINATES;TAXON_MATCH_TAXON_ID_IGNORED
2862640387	50c9509d-22c7-4a22-a47d-8c48425ef4a7	https://www.inaturalist.org/observations/59060515	Fungi	Basidiomycota	Agaricomycetes	Agaricales	Agaricaceae	Leucoagaricus	Leucoagaricus leucothites		SPECIES	Leucoagaricus leucothites (Vittad.) Wasser	Leucoagaricus leucothites		CA		Ontario	PRESENT		28eb1a3f-1c15-4a95-931a-4af90ecb574d	45.12955	-75.721992	5.0						2020-09-09T11:28:22	9	9	2020	2535875	2535875	HUMAN_OBSERVATION	iNaturalist	Observations	59060515		bharkness	2020-09-09T17:59:03	CC_BY_NC_4_0	bharkness	bharkness			2025-01-14T12:14:32.877Z	StillImage	COORDINATE_ROUNDED;CONTINENT_DERIVED_FROM_COORDINATES;TAXON_MATCH_TAXON_ID_IGNORED
2862519102	50c9509d-22c7-4a22-a47d-8c48425ef4a7	https://www.inaturalist.org/observations/58869291	Fungi	Basidiomycota	Agaricomycetes	Agaricales	Agaricaceae	Leucoagaricus	Leucoagaricus leucothites		SPECIES	Leucoagaricus leucothites (Vittad.) Wasser	Leucoagaricus leucothites		CA		Québec	PRESENT		28eb1a3f-1c15-4a95-931a-4af90ecb574d	46.280592	-72.675276	104.0						2020-09-07T15:13:45	7	9	2020	2535875	2535875	HUMAN_OBSERVATION	iNaturalist	Observations	58869291		helenemo	2020-09-07T19:15:55	CC_BY_NC_4_0	helenemo	helenemo			2025-01-14T12:14:42.826Z	StillImage	COORDINATE_ROUNDED;CONTINENT_DERIVED_FROM_COORDINATES;TAXON_MATCH_TAXON_ID_IGNORED
2862332263	50c9509d-22c7-4a22-a47d-8c48425ef4a7	https://www.inaturalist.org/observations/59000191	Fungi	Basidiomycota	Agaricomycetes	Agaricales	Agaricaceae	Leucoagaricus	Leucoagaricus leucothites		SPECIES	Leucoagaricus leucothites (Vittad.) Wasser	Leucoagaricus leucothites		CA		Ontario	PRESENT		28eb1a3f-1c15-4a95-931a-4af90ecb574d	45.261656	-75.717174	696.0						2020-08-25T17:42:43	25	8	2020	2535875	2535875	HUMAN_OBSERVATION	iNaturalist	Observations	59000191		mistertomatohead	2020-09-08T23:34:15	CC_BY_NC_4_0	mistertomatohead	mistertomatohead			2025-01-14T13:10:17.357Z	StillImage	COORDINATE_ROUNDED;CONTINENT_DERIVED_FROM_COORDINATES;TAXON_MATCH_TAXON_ID_IGNORED
2862327254	50c9509d-22c7-4a22-a47d-8c48425ef4a7	https://www.inaturalist.org/observations/59046013	Fungi	Basidiomycota	Agaricomycetes	Agaricales	Agaricaceae	Leucoagaricus	Leucoagaricus leucothites		SPECIES	Leucoagaricus leucothites (Vittad.) Wasser	Leucoagaricus leucothites		CA		Québec	PRESENT		28eb1a3f-1c15-4a95-931a-4af90ecb574d	45.390321	-73.487584	19.0						2020-09-09T11:08:25	9	9	2020	2535875	2535875	HUMAN_OBSERVATION	iNaturalist	Observations	59046013		mathildelamothe	2020-09-09T15:11:38	CC_BY_NC_4_0	mathildelamothe	mathildelamothe			2025-01-14T13:06:12.611Z	StillImage	COORDINATE_ROUNDED;CONTINENT_DERIVED_FROM_COORDINATES;TAXON_MATCH_TAXON_ID_IGNORED
2862306026	50c9509d-22c7-4a22-a47d-8c48425ef4a7	https://www.inaturalist.org/observations/58861906	Fungi	Basidiomycota	Agaricomycetes	Agaricales	Agaricaceae	Leucoagaricus	Leucoagaricus leucothites		SPECIES	Leucoagaricus leucothites (Vittad.) Wasser	Leucoagaricus leucothites		CA		Québec	PRESENT		28eb1a3f-1c15-4a95-931a-4af90ecb574d	45.464377	-74.046873	172.0						2020-09-05T10:10:26	5	9	2020	2535875	2535875	HUMAN_OBSERVATION	iNaturalist	Observations	58861906		melodynadeau	2020-09-07T18:16:27	CC_BY_NC_4_0	melodynadeau	melodynadeau			2025-01-14T13:12:31.082Z	StillImage	COORDINATE_ROUNDED;CONTINENT_DERIVED_FROM_COORDINATES;TAXON_MATCH_TAXON_ID_IGNORED
2862302937	50c9509d-22c7-4a22-a47d-8c48425ef4a7	https://www.inaturalist.org/observations/58761005	Fungi	Basidiomycota	Agaricomycetes	Agaricales	Agaricaceae	Leucoagaricus	Leucoagaricus leucothites		SPECIES	Leucoagaricus leucothites (Vittad.) Wasser	Leucoagaricus leucothites		CA		Ontario	PRESENT		28eb1a3f-1c15-4a95-931a-4af90ecb574d	45.484395	-75.536683	23.0						2020-09-06T14:38:37	6	9	2020	2535875	2535875	HUMAN_OBSERVATION	iNaturalist	Observations	58761005		essinem	2020-09-06T20:20:39	CC_BY_NC_4_0	essinem	essinem			2025-01-14T13:10:06.876Z	StillImage	COORDINATE_ROUNDED;CONTINENT_DERIVED_FROM_COORDINATES;TAXON_MATCH_TAXON_ID_IGNORED
2860072530	50c9509d-22c7-4a22-a47d-8c48425ef4a7	https://www.inaturalist.org/observations/58460622	Fungi	Basidiomycota	Agaricomycetes	Agaricales	Agaricaceae	Leucoagaricus	Leucoagaricus leucothites		SPECIES	Leucoagaricus leucothites (Vittad.) Wasser	Leucoagaricus leucothites		CA		Ontario	PRESENT		28eb1a3f-1c15-4a95-931a-4af90ecb574d	45.454347	-75.47876							2020-09-03T15:16	3	9	2020	2535875	2535875	HUMAN_OBSERVATION	iNaturalist	Observations	58460622		jonathan_mack	2020-09-03T22:57:42	CC_BY_NC_4_0	jonathan_mack	jonathan_mack			2025-01-14T12:14:30.761Z	StillImage	COORDINATE_ROUNDED;CONTINENT_DERIVED_FROM_COORDINATES;TAXON_MATCH_TAXON_ID_IGNORED
2859973194	50c9509d-22c7-4a22-a47d-8c48425ef4a7	https://www.inaturalist.org/observations/58289555	Fungi	Basidiomycota	Agaricomycetes	Agaricales	Agaricaceae	Leucoagaricus	Leucoagaricus leucothites		SPECIES	Leucoagaricus leucothites (Vittad.) Wasser	Leucoagaricus leucothites		CA		Ontario	PRESENT		28eb1a3f-1c15-4a95-931a-4af90ecb574d	45.456713	-75.465792							2020-09-01T13:36	1	9	2020	2535875	2535875	HUMAN_OBSERVATION	iNaturalist	Observations	58289555		jonathan_mack	2020-09-01T23:20:08	CC_BY_NC_4_0	jonathan_mack	jonathan_mack			2025-01-14T13:09:24.004Z	StillImage	COORDINATE_ROUNDED;CONTINENT_DERIVED_FROM_COORDINATES;TAXON_MATCH_TAXON_ID_IGNORED
2856559533	50c9509d-22c7-4a22-a47d-8c48425ef4a7	https://www.inaturalist.org/observations/56996871	Fungi	Basidiomycota	Agaricomycetes	Agaricales	Agaricaceae	Leucoagaricus	Leucoagaricus leucothites		SPECIES	Leucoagaricus leucothites (Vittad.) Wasser	Leucoagaricus leucothites		CA		Québec	PRESENT		28eb1a3f-1c15-4a95-931a-4af90ecb574d	45.440193	-75.800977	90.0						2020-08-18T20:08:08	18	8	2020	2535875	2535875	HUMAN_OBSERVATION	iNaturalist	Observations	56996871		arrowaris	2020-08-20T03:22:40	CC_BY_NC_4_0	arrowaris	arrowaris			2025-01-14T13:09:56.315Z	StillImage	COORDINATE_ROUNDED;CONTINENT_DERIVED_FROM_COORDINATES;TAXON_MATCH_TAXON_ID_IGNORED
2574129314	50c9509d-22c7-4a22-a47d-8c48425ef4a7	https://www.inaturalist.org/observations/34320434	Fungi	Basidiomycota	Agaricomycetes	Agaricales	Agaricaceae	Leucoagaricus	Leucoagaricus leucothites		SPECIES	Leucoagaricus leucothites (Vittad.) Wasser	Leucoagaricus leucothites		CA		Québec	PRESENT		28eb1a3f-1c15-4a95-931a-4af90ecb574d	46.78185	-71.294804	19.0						2019-10-13T13:30:03	13	10	2019	2535875	2535875	HUMAN_OBSERVATION	iNaturalist	Observations	34320434		Ludo Leclerc	2019-10-13T19:59:24	CC_BY_NC_4_0	Ludo Leclerc	Ludo Leclerc			2025-01-14T12:09:45.583Z	StillImage	COORDINATE_ROUNDED;CONTINENT_DERIVED_FROM_COORDINATES;TAXON_MATCH_TAXON_ID_IGNORED
2423615045	21705170-d2b6-42de-8904-c3bca4b83591	CMMF020177	Fungi	Basidiomycota	Agaricomycetes	Agaricales	Agaricaceae	Leucoagaricus	Leucoagaricus leucothites		SPECIES	Lepiota naucina (Fr.) P.Kumm.	Lepiota naucina (Fr.) P. Kumm.	(Fr.) P. Kumm.	CA	Jardin Botanique, Montréal	Québec	PRESENT		ff7bd5db-b724-4932-b496-10ea298851f9	45.560141	-73.562869	600.0						1946-10-04	4	10	1946	2535876	2535875	PRESERVED_SPECIMEN	Université de Montréal Biodiversity Centre	CMMF	CMMF020177	X-4.24	Neumann, Peterjurgen		CC0_1_0	Université de Montréal Biodiversity Centre	unknown			2024-01-24T16:38:21.065Z		INSTITUTION_MATCH_FUZZY;COLLECTION_MATCH_FUZZY;DIFFERENT_OWNER_INSTITUTION
2423613862	21705170-d2b6-42de-8904-c3bca4b83591	CMMF020598	Fungi	Basidiomycota	Agaricomycetes	Agaricales	Agaricaceae	Leucoagaricus	Leucoagaricus leucothites		SPECIES	Lepiota naucina (Fr.) P.Kumm.	Lepiota naucina (Fr.) P. Kumm.	(Fr.) P. Kumm.	CA	Granby, P.Q.	Quebec	PRESENT		ff7bd5db-b724-4932-b496-10ea298851f9	45.403229	-72.734066	7500.0						1946-09-01	1	9	1946	2535876	2535875	PRESERVED_SPECIMEN	Université de Montréal Biodiversity Centre	CMMF	CMMF020598	579	Groves, J.W.		CC0_1_0	Université de Montréal Biodiversity Centre	Fabius, Fr.			2024-01-24T16:38:15.871Z		INSTITUTION_MATCH_FUZZY;COLLECTION_MATCH_FUZZY;DIFFERENT_OWNER_INSTITUTION
2423612277	21705170-d2b6-42de-8904-c3bca4b83591	CMMF018785	Fungi	Basidiomycota	Agaricomycetes	Agaricales	Agaricaceae	Leucoagaricus	Leucoagaricus leucothites		SPECIES	Lepiota naucina (Fr.) P.Kumm.	Lepiota naucina (Fr.) P. Kumm.	(Fr.) P. Kumm.	CA	Outremont	Québec	PRESENT		ff7bd5db-b724-4932-b496-10ea298851f9	45.51805	-73.61111	2500.0						1988-08-27	27	8	1988	2535876	2535875	PRESERVED_SPECIMEN	Université de Montréal Biodiversity Centre	CMMF	CMMF018785	s.n.	Nantel, Patrick		CC0_1_0	Université de Montréal Biodiversity Centre	Nantel, Patrick			2024-01-24T16:38:18.606Z		GEODETIC_DATUM_INVALID;GEODETIC_DATUM_ASSUMED_WGS84;INSTITUTION_MATCH_FUZZY;COLLECTION_MATCH_FUZZY;DIFFERENT_OWNER_INSTITUTION
2423040469	50c9509d-22c7-4a22-a47d-8c48425ef4a7	https://www.inaturalist.org/observations/32612307	Fungi	Basidiomycota	Agaricomycetes	Agaricales	Agaricaceae	Leucoagaricus	Leucoagaricus leucothites		SPECIES	Leucoagaricus leucothites (Vittad.) Wasser	Leucoagaricus leucothites		CA		Québec	PRESENT		28eb1a3f-1c15-4a95-931a-4af90ecb574d	46.808163	-71.289688	48.0						2019-09-12T17:14:59	12	9	2019	2535875	2535875	HUMAN_OBSERVATION	iNaturalist	Observations	32612307		else	2019-09-12T22:17:35	CC_BY_NC_4_0	Nick Bédard	Nick Bédard			2025-01-14T12:10:19.092Z	StillImage	COORDINATE_ROUNDED;CONTINENT_DERIVED_FROM_COORDINATES;TAXON_MATCH_TAXON_ID_IGNORED
2423028231	50c9509d-22c7-4a22-a47d-8c48425ef4a7	https://www.inaturalist.org/observations/32565656	Fungi	Basidiomycota	Agaricomycetes	Agaricales	Agaricaceae	Leucoagaricus	Leucoagaricus leucothites		SPECIES	Leucoagaricus leucothites (Vittad.) Wasser	Leucoagaricus leucothites		CA		Ontario	PRESENT		28eb1a3f-1c15-4a95-931a-4af90ecb574d	45.388529	-75.711379	31.0						2019-09-11T11:39	11	9	2019	2535875	2535875	HUMAN_OBSERVATION	iNaturalist	Observations	32565656		jonathan_mack	2019-09-12T01:54:05	CC_BY_NC_4_0	jonathan_mack	jonathan_mack			2025-01-14T12:10:03.783Z	StillImage	COORDINATE_ROUNDED;CONTINENT_DERIVED_FROM_COORDINATES;TAXON_MATCH_TAXON_ID_IGNORED
1931274472	d415c253-4d61-4459-9d25-4015b9084fb0	f826bd89-a893-49dd-aecd-1acce3d1dbb9	Fungi	Basidiomycota	Agaricomycetes	Agaricales	Agaricaceae	Leucoagaricus	Leucoagaricus leucothites		SPECIES	Leucoagaricus naucinus (Fr.) Singer	Leucoagaricus naucinus (Fr.) Singer	(Fr.) Singer	CA	Terrebonne [an off-island suburb of Montreal, in western Quebec]	Quebec	PRESENT		ae447c50-b8a8-11d8-92a4-b8a03c50a862	46.0	-74.083333							1935-09-01	1	9	1935	2535882	2535875	PRESERVED_SPECIMEN	NY	NY	2754961	1-D			CC0_1_0	The New York Botanical Garden	H. A. C. Jackson			2024-12-25T06:23:04.251Z	StillImage	MODIFIED_DATE_INVALID
1807261321	e8a25a42-f125-476c-8554-3ec21cd51a84	ACAD:118122	Fungi	Basidiomycota	Agaricomycetes	Agaricales	Agaricaceae	Leucoagaricus	Leucoagaricus leucothites		SPECIES	Leucoagaricus leucothites (Vittad.) Wasser	Leucoagaricus leucothites (Vittad.) Wasser	(Vittad.) Wasser	CA	Kentville	Nova Scotia	PRESENT		6491ad8c-8e49-4bd4-a089-0ddb3bbe0890	45.07662	-64.49592							1974-09-02	2	9	1974	2535875	2535875	PRESERVED_SPECIMEN	Acadia University	ACAD	11121F	11121	H, KA		CC0_1_0	Acadia University	Harrison, KA			2024-01-25T01:37:16.598Z	StillImage	GEODETIC_DATUM_INVALID;GEODETIC_DATUM_ASSUMED_WGS84;TAXON_MATCH_TAXON_ID_IGNORED;INSTITUTION_MATCH_FUZZY;COLLECTION_MATCH_FUZZY
1807256447	e8a25a42-f125-476c-8554-3ec21cd51a84	ACAD:112873	Fungi	Basidiomycota	Agaricomycetes	Agaricales	Agaricaceae	Leucoagaricus	Leucoagaricus leucothites		SPECIES	Lepiota naucina (Fr.) P.Kumm.	Lepiota naucina	(Fr.) P. Kumm., 1871	CA	Starrs Point	Nova Scotia	PRESENT		6491ad8c-8e49-4bd4-a089-0ddb3bbe0890	45.11598	-64.39111							1930-09-27	27	9	1930	2535876	2535875	PRESERVED_SPECIMEN	Acadia University	ACAD	372F	372			CC0_1_0	Acadia University	H, KA			2024-01-25T01:37:10.616Z	StillImage	GEODETIC_DATUM_INVALID;GEODETIC_DATUM_ASSUMED_WGS84;TAXON_MATCH_TAXON_ID_IGNORED;INSTITUTION_MATCH_FUZZY;COLLECTION_MATCH_FUZZY
1807255523	e8a25a42-f125-476c-8554-3ec21cd51a84	ACAD:112057	Fungi	Basidiomycota	Agaricomycetes	Agaricales	Agaricaceae	Leucoagaricus	Leucoagaricus leucothites		SPECIES	Lepiota naucina (Fr.) P.Kumm.	Lepiota naucina	(Fr.) P. Kumm., 1871	CA	Belcher Street	Nova Scotia	PRESENT		6491ad8c-8e49-4bd4-a089-0ddb3bbe0890	45.09143	-64.44706							1952-09-26	26	9	1952	2535876	2535875	PRESERVED_SPECIMEN	Acadia University	ACAD	1761F	1761			CC0_1_0	Acadia University	H, KA			2024-01-25T01:37:06.141Z	StillImage	GEODETIC_DATUM_INVALID;GEODETIC_DATUM_ASSUMED_WGS84;TAXON_MATCH_TAXON_ID_IGNORED;INSTITUTION_MATCH_FUZZY;COLLECTION_MATCH_FUZZY
1412706040	21705170-d2b6-42de-8904-c3bca4b83591	CMMF014464	Fungi	Basidiomycota	Agaricomycetes	Agaricales	Agaricaceae	Leucoagaricus	Leucoagaricus leucothites		SPECIES	Leucoagaricus leucothites (Vittad.) Wasser	Leucoagaricus leucothites (Vittad.) Wasser	(Vittad.) Wasser	CA	Saint-Félicien, Québec.	Québec	PRESENT		ff7bd5db-b724-4932-b496-10ea298851f9	48.650616	-72.448543	7500.0						1977-07-20	20	7	1977	2535875	2535875	PRESERVED_SPECIMEN	Université de Montréal Biodiversity Centre	CMMF	CMMF014464	2333	Guérin, Gérard		CC0_1_0	Université de Montréal Biodiversity Centre	Guérin, Gérard			2024-01-24T16:38:19.576Z	StillImage	INSTITUTION_MATCH_FUZZY;COLLECTION_MATCH_FUZZY;DIFFERENT_OWNER_INSTITUTION
1412706009	21705170-d2b6-42de-8904-c3bca4b83591	CMMF014465	Fungi	Basidiomycota	Agaricomycetes	Agaricales	Agaricaceae	Leucoagaricus	Leucoagaricus leucothites		SPECIES	Leucoagaricus leucothites (Vittad.) Wasser	Leucoagaricus leucothites (Vittad.) Wasser	(Vittad.) Wasser	CA	Chicoutimi, Québec.	Québec	PRESENT		ff7bd5db-b724-4932-b496-10ea298851f9	48.368277	-71.119642	15000.0						1995-10-05	5	10	1995	2535875	2535875	PRESERVED_SPECIMEN	Université de Montréal Biodiversity Centre	CMMF	CMMF014465	2335	Guérin, Gérard		CC0_1_0	Université de Montréal Biodiversity Centre	Guérin, Gérard			2024-01-24T16:38:19.577Z		INSTITUTION_MATCH_FUZZY;COLLECTION_MATCH_FUZZY;DIFFERENT_OWNER_INSTITUTION
1412704402	21705170-d2b6-42de-8904-c3bca4b83591	CMMF012399	Fungi	Basidiomycota	Agaricomycetes	Agaricales	Agaricaceae	Leucoagaricus	Leucoagaricus leucothites		SPECIES	Lepiota naucina (Fr.) P.Kumm.	Lepiota naucina (Fr.) P. Kumm.	(Fr.) P. Kumm.	CA	Granby, Québec.	Québec	PRESENT		ff7bd5db-b724-4932-b496-10ea298851f9	45.4	-72.733333	5000.0						1946-10-09	9	10	1946	2535876	2535875	PRESERVED_SPECIMEN	Université de Montréal Biodiversity Centre	CMMF	CMMF012399	663	Groves, J.W.		CC0_1_0	Université de Montréal Biodiversity Centre	Fabius, Fr.			2024-01-24T16:38:20.847Z		INSTITUTION_MATCH_FUZZY;COLLECTION_MATCH_FUZZY;DIFFERENT_OWNER_INSTITUTION
1412704397	21705170-d2b6-42de-8904-c3bca4b83591	CMMF012400	Fungi	Basidiomycota	Agaricomycetes	Agaricales	Agaricaceae	Leucoagaricus	Leucoagaricus leucothites		SPECIES	Lepiota naucina (Fr.) P.Kumm.	Lepiota naucina (Fr.) P. Kumm.	(Fr.) P. Kumm.	CA	Granby, Québec.	Québec	PRESENT		ff7bd5db-b724-4932-b496-10ea298851f9	45.4	-72.733333	5000.0						1946-09-01	1	9	1946	2535876	2535875	PRESERVED_SPECIMEN	Université de Montréal Biodiversity Centre	CMMF	CMMF012400	579	Groves, J.W.		CC0_1_0	Université de Montréal Biodiversity Centre	Fabius, Fr.			2024-01-24T16:38:19.973Z		INSTITUTION_MATCH_FUZZY;COLLECTION_MATCH_FUZZY;DIFFERENT_OWNER_INSTITUTION
1412703239	21705170-d2b6-42de-8904-c3bca4b83591	CMMF011687	Fungi	Basidiomycota	Agaricomycetes	Agaricales	Agaricaceae	Leucoagaricus	Leucoagaricus leucothites		SPECIES	Lepiota naucina (Fr.) P.Kumm.	Lepiota naucina (Fr.) P. Kumm.	(Fr.) P. Kumm.	CA	Sainte-Anne de la Pocatière, Kamouraska, Québec.	Québec	PRESENT		ff7bd5db-b724-4932-b496-10ea298851f9	47.366667	-70.033333	8000.0						1945-09-21/1945-12-21			1945	2535876	2535875	PRESERVED_SPECIMEN	Université de Montréal Biodiversity Centre	CMMF	CMMF011687	NA	Cloutier, Robert		CC0_1_0	Université de Montréal Biodiversity Centre	Beaugé, Lucien; Cloutier, Robert; Campagna, Elzéar			2024-01-24T16:38:18.074Z		INSTITUTION_MATCH_FUZZY;COLLECTION_MATCH_FUZZY;DIFFERENT_OWNER_INSTITUTION
1135070657	21705170-d2b6-42de-8904-c3bca4b83591	CMMF009244	Fungi	Basidiomycota	Agaricomycetes	Agaricales	Agaricaceae	Leucoagaricus	Leucoagaricus leucothites		SPECIES	Leucoagaricus leucothites (Vittad.) Wasser	Leucoagaricus leucothites (Vittad.) Wasser	(Vittad.) Wasser	CA	BPR Ste-Foy.	Québec	PRESENT		ff7bd5db-b724-4932-b496-10ea298851f9	46.805574	-71.325406	500.0						2006-09-21	21	9	2006	2535875	2535875	PRESERVED_SPECIMEN	Université de Montréal Biodiversity Centre	CMMF	CMMF009244	828	Labbé, Roland		CC0_1_0	Université de Montréal Biodiversity Centre	Lane, Peter			2024-01-24T16:38:21.514Z	StillImage	INSTITUTION_MATCH_FUZZY;COLLECTION_MATCH_FUZZY;DIFFERENT_OWNER_INSTITUTION
1135067874	21705170-d2b6-42de-8904-c3bca4b83591	CMMF006354	Fungi	Basidiomycota	Agaricomycetes	Agaricales	Agaricaceae	Leucoagaricus	Leucoagaricus leucothites		SPECIES	Leucoagaricus leucothites (Vittad.) Wasser	Leucoagaricus leucothites (Vittad.) Wasser	(Vittad.) Wasser	CA	Châteauguay	Québec	PRESENT		ff7bd5db-b724-4932-b496-10ea298851f9	45.3731	-73.737433	100.0						1978-09-06	6	9	1978	2535875	2535875	PRESERVED_SPECIMEN	Université de Montréal Biodiversity Centre	CMMF	CMMF006354	Inexistant	McNeil, Raymond		CC0_1_0	Université de Montréal Biodiversity Centre	McNeil, Raymond			2024-01-24T16:38:19.032Z	StillImage	COORDINATE_ROUNDED;INSTITUTION_MATCH_FUZZY;COLLECTION_MATCH_FUZZY;DIFFERENT_OWNER_INSTITUTION
1135067834	21705170-d2b6-42de-8904-c3bca4b83591	CMMF006353	Fungi	Basidiomycota	Agaricomycetes	Agaricales	Agaricaceae	Leucoagaricus	Leucoagaricus leucothites		SPECIES	Leucoagaricus leucothites (Vittad.) Wasser	Leucoagaricus leucothites (Vittad.) Wasser	(Vittad.) Wasser	CA	Châteauguay	Québec	PRESENT		ff7bd5db-b724-4932-b496-10ea298851f9	45.3731	-73.737433	100.0						1985-09-05	5	9	1985	2535875	2535875	PRESERVED_SPECIMEN	Université de Montréal Biodiversity Centre	CMMF	CMMF006353	1797	McNeil, Raymond		CC0_1_0	Université de Montréal Biodiversity Centre	McNeil, Raymond			2024-01-24T16:38:19.031Z		COORDINATE_ROUNDED;INSTITUTION_MATCH_FUZZY;COLLECTION_MATCH_FUZZY;DIFFERENT_OWNER_INSTITUTION
1135067790	21705170-d2b6-42de-8904-c3bca4b83591	CMMF006355	Fungi	Basidiomycota	Agaricomycetes	Agaricales	Agaricaceae	Leucoagaricus	Leucoagaricus leucothites		SPECIES	Leucoagaricus leucothites (Vittad.) Wasser	Leucoagaricus leucothites (Vittad.) Wasser	(Vittad.) Wasser	CA	Châteauguay	Québec	PRESENT		ff7bd5db-b724-4932-b496-10ea298851f9	45.3731	-73.737433	100.0						2005-09-11	11	9	2005	2535875	2535875	PRESERVED_SPECIMEN	Université de Montréal Biodiversity Centre	CMMF	CMMF006355	C2446	McNeil, Raymond		CC0_1_0	Université de Montréal Biodiversity Centre	McNeil, Raymond			2024-01-24T16:38:19.002Z	StillImage	COORDINATE_ROUNDED;INSTITUTION_MATCH_FUZZY;COLLECTION_MATCH_FUZZY;DIFFERENT_OWNER_INSTITUTION
1135067388	21705170-d2b6-42de-8904-c3bca4b83591	CMMF005930	Fungi	Basidiomycota	Agaricomycetes	Agaricales	Agaricaceae	Leucoagaricus	Leucoagaricus leucothites		SPECIES	Leucoagaricus leucothites (Vittad.) Wasser	Leucoagaricus leucothites (Vittad.) Wasser	(Vittad.) Wasser	CA	Châteauguay (Centre écologique Fernand-Seguin)	Québec	PRESENT		ff7bd5db-b724-4932-b496-10ea298851f9	45.33983	-73.773917	100.0						2008-09-30	30	9	2008	2535875	2535875	PRESERVED_SPECIMEN	Université de Montréal Biodiversity Centre	CMMF	CMMF005930	C3437	McNeil, Raymond		CC0_1_0	Université de Montréal Biodiversity Centre	McNeil, Raymond			2024-01-24T16:38:16.930Z	StillImage	COORDINATE_ROUNDED;INSTITUTION_MATCH_FUZZY;COLLECTION_MATCH_FUZZY;DIFFERENT_OWNER_INSTITUTION
1135066887	21705170-d2b6-42de-8904-c3bca4b83591	CMMF010291	Fungi	Basidiomycota	Agaricomycetes	Agaricales	Agaricaceae	Leucoagaricus	Leucoagaricus leucothites		SPECIES	Leucoagaricus leucothites (Vittad.) Wasser	Leucoagaricus leucothites (Vittad.) Wasser	(Vittad.) Wasser	CA	Base Plein Air Sainte-Foy, Québec.	Québec	PRESENT		ff7bd5db-b724-4932-b496-10ea298851f9	46.780042	-71.374844	9000.0						2008-06-13	13	6	2008	2535875	2535875	PRESERVED_SPECIMEN	Université de Montréal Biodiversity Centre	CMMF	CMMF010291	1877	Labrecque, Jacqueline		CC0_1_0	Université de Montréal Biodiversity Centre	Lane, Peter			2024-01-24T16:38:21.544Z		INSTITUTION_MATCH_FUZZY;COLLECTION_MATCH_FUZZY;DIFFERENT_OWNER_INSTITUTION
1135066761	21705170-d2b6-42de-8904-c3bca4b83591	CMMF010212	Fungi	Basidiomycota	Agaricomycetes	Agaricales	Agaricaceae	Leucoagaricus	Leucoagaricus leucothites		SPECIES	Leucoagaricus leucothites (Vittad.) Wasser	Leucoagaricus leucothites (Vittad.) Wasser	(Vittad.) Wasser	CA	Le Saisonnier, Lac-Beauport.	Québec	PRESENT		ff7bd5db-b724-4932-b496-10ea298851f9	46.96324	-71.303223	5000.0						2007-10-13	13	10	2007	2535875	2535875	PRESERVED_SPECIMEN	Université de Montréal Biodiversity Centre	CMMF	CMMF010212	1798	Labbé, Roland		CC0_1_0	Université de Montréal Biodiversity Centre	Labrecque, Jacqueline			2024-01-24T16:38:21.491Z		INSTITUTION_MATCH_FUZZY;COLLECTION_MATCH_FUZZY;DIFFERENT_OWNER_INSTITUTION
