gbifID	datasetKey	occurrenceID	kingdom	phylum	class	order	family	genus	species	infraspecificEpithet	taxonRank	scientificName	verbatimScientificName	verbatimScientificNameAuthorship	countryCode	locality	stateProvince	occurrenceStatus	individualCount	publishingOrgKey	decimalLatitude	decimalLongitude	coordinateUncertaintyInMeters	coordinatePrecision	elevation	elevationAccuracy	depth	depthAccuracy	eventDate	day	month	year	taxonKey	speciesKey	basisOfRecord	institutionCode	collectionCode	catalogNumber	recordNumber	identifiedBy	dateIdentified	license	rightsHolder	recordedBy	typeStatus	establishmentMeans	lastInterpreted	mediaType	issue
617554630	21705170-d2b6-42de-8904-c3bca4b83591	CMMF000444	Fungi	Basidiomycota	Agaricomycetes	Hymenochaetales	Hymenochaetaceae	Phellinus	Phellinus igniarius		SPECIES	Phellinus igniarius (L.) Quél.	Phellinus igniarius (L.) Quél.	(L.) Quél.	CA	Mirabel	Québec	PRESENT		ff7bd5db-b724-4932-b496-10ea298851f9	45.659599	-74.064294	18500.0						1989-05-14	14	5	1989	2520862	2520862	PRESERVED_SPECIMEN	Université de Montréal Biodiversity Centre	CMMF	CMMF000444		Lamoureux, Yves		CC0_1_0	Université de Montréal Biodiversity Centre	Lamoureux, Yves			2024-01-24T16:38:20.005Z	StillImage	INSTITUTION_MATCH_FUZZY;COLLECTION_MATCH_FUZZY;DIFFERENT_OWNER_INSTITUTION
617551526	21705170-d2b6-42de-8904-c3bca4b83591	CMMF002742	Fungi	Basidiomycota	Agaricomycetes	Hymenochaetales	Hymenochaetaceae	Phellinus	Phellinus igniarius		SPECIES	Phellinus igniarius (L.) Quél.	Phellinus igniarius (L.) Quél.	(L.) Quél.	CA	Saint-Charles-de-Drummond	Québec	PRESENT		ff7bd5db-b724-4932-b496-10ea298851f9	45.9	-72.466667	4000.0						1995-10-11	11	10	1995	2520862	2520862	PRESERVED_SPECIMEN	Université de Montréal Biodiversity Centre	CMMF	CMMF002742		Lamoureux, Yves		CC0_1_0	Université de Montréal Biodiversity Centre	Lamoureux, Yves			2024-01-24T16:38:20.496Z	StillImage	INSTITUTION_MATCH_FUZZY;COLLECTION_MATCH_FUZZY;DIFFERENT_OWNER_INSTITUTION
617551524	21705170-d2b6-42de-8904-c3bca4b83591	CMMF002740	Fungi	Basidiomycota	Agaricomycetes	Hymenochaetales	Hymenochaetaceae	Phellinus	Phellinus igniarius		SPECIES	Phellinus igniarius (L.) Quél.	Phellinus igniarius (L.) Quél.	(L.) Quél.	CA	Québec	Québec	PRESENT		ff7bd5db-b724-4932-b496-10ea298851f9	46.86201	-71.307678	15000.0						1995-09-24	24	9	1995	2520862	2520862	PRESERVED_SPECIMEN	Université de Montréal Biodiversity Centre	CMMF	CMMF002740		Lamoureux, Yves		CC0_1_0	Université de Montréal Biodiversity Centre	Audet, Serge			2024-01-24T16:38:20.496Z	StillImage	INSTITUTION_MATCH_FUZZY;COLLECTION_MATCH_FUZZY;DIFFERENT_OWNER_INSTITUTION
5008368789	50c9509d-22c7-4a22-a47d-8c48425ef4a7	https://www.inaturalist.org/observations/255508486	Fungi	Basidiomycota	Agaricomycetes	Hymenochaetales	Hymenochaetaceae	Phellinus	Phellinus igniarius		SPECIES	Phellinus alni (Bondartsev) Parmasto	Phellinus alni		CA		Québec	PRESENT		28eb1a3f-1c15-4a95-931a-4af90ecb574d	45.477917	-71.208542	24.0						2024-10-01T09:33	1	10	2024	2520866	2520862	HUMAN_OBSERVATION	iNaturalist	Observations	255508486		gabboilard	2024-12-18T16:26:09	CC_BY_NC_4_0	gabboilard	gabboilard			2025-01-14T12:54:42.395Z	StillImage	COORDINATE_ROUNDED;CONTINENT_DERIVED_FROM_COORDINATES;TAXON_MATCH_TAXON_ID_IGNORED
5007929279	50c9509d-22c7-4a22-a47d-8c48425ef4a7	https://www.inaturalist.org/observations/255508490	Fungi	Basidiomycota	Agaricomycetes	Hymenochaetales	Hymenochaetaceae	Phellinus	Phellinus igniarius		SPECIES	Phellinus alni (Bondartsev) Parmasto	Phellinus alni		CA		Québec	PRESENT		28eb1a3f-1c15-4a95-931a-4af90ecb574d	45.476483	-71.205497	12.0						2024-10-01T09:39	1	10	2024	2520866	2520862	HUMAN_OBSERVATION	iNaturalist	Observations	255508490		gabboilard	2024-12-18T16:26:10	CC_BY_NC_4_0	gabboilard	gabboilard			2025-01-14T12:57:07.153Z	StillImage	COORDINATE_ROUNDED;CONTINENT_DERIVED_FROM_COORDINATES;TAXON_MATCH_TAXON_ID_IGNORED
5006992403	50c9509d-22c7-4a22-a47d-8c48425ef4a7	https://www.inaturalist.org/observations/255531580	Fungi	Basidiomycota	Agaricomycetes	Hymenochaetales	Hymenochaetaceae	Phellinus	Phellinus igniarius		SPECIES	Phellinus alni (Bondartsev) Parmasto	Phellinus alni		CA		Québec	PRESENT		28eb1a3f-1c15-4a95-931a-4af90ecb574d	45.479947	-71.192917	24.0						2024-10-01T10:22	1	10	2024	2520866	2520862	HUMAN_OBSERVATION	iNaturalist	Observations	255531580		gabboilard	2024-12-18T21:37:58	CC_BY_NC_4_0	gabboilard	gabboilard			2025-01-14T13:45:01.936Z	StillImage	COORDINATE_ROUNDED;CONTINENT_DERIVED_FROM_COORDINATES;TAXON_MATCH_TAXON_ID_IGNORED
4987570743	50c9509d-22c7-4a22-a47d-8c48425ef4a7	https://www.inaturalist.org/observations/252674191	Fungi	Basidiomycota	Agaricomycetes	Hymenochaetales	Hymenochaetaceae	Phellinus	Phellinus igniarius		SPECIES	Phellinus nigricans (Fr.) P.Karst.	Phellinus nigricans		CA		Prince Edward Island	PRESENT		28eb1a3f-1c15-4a95-931a-4af90ecb574d	46.527987	-64.010283	4.0						2024-11-22T14:35:35	22	11	2024	2520863	2520862	HUMAN_OBSERVATION	iNaturalist	Observations	252674191		Rosemary Curley	2024-11-23T03:29:36	CC_BY_NC_4_0	Rosemary Curley	Rosemary Curley			2025-01-14T13:39:59.208Z	StillImage	COORDINATE_ROUNDED;CONTINENT_DERIVED_FROM_COORDINATES;TAXON_MATCH_TAXON_ID_IGNORED
4982080357	50c9509d-22c7-4a22-a47d-8c48425ef4a7	https://www.inaturalist.org/observations/249067362	Fungi	Basidiomycota	Agaricomycetes	Hymenochaetales	Hymenochaetaceae	Phellinus	Phellinus igniarius		SPECIES	Phellinus alni (Bondartsev) Parmasto	Phellinus alni		CA		Ontario	PRESENT		28eb1a3f-1c15-4a95-931a-4af90ecb574d	45.339465	-75.870594	4.0						2024-10-25T16:13:53	25	10	2024	2520866	2520862	HUMAN_OBSERVATION	iNaturalist	Observations	249067362		gabboilard	2024-11-01T03:01:56	CC_BY_NC_4_0	G Nicoll	G Nicoll			2025-01-14T13:44:47.581Z	StillImage	COORDINATE_ROUNDED;CONTINENT_DERIVED_FROM_COORDINATES;TAXON_MATCH_TAXON_ID_IGNORED
4978466812	50c9509d-22c7-4a22-a47d-8c48425ef4a7	https://www.inaturalist.org/observations/247515401	Fungi	Basidiomycota	Agaricomycetes	Hymenochaetales	Hymenochaetaceae	Phellinus	Phellinus igniarius		SPECIES	Phellinus alni (Bondartsev) Parmasto	Phellinus alni		CA		Ontario	PRESENT		28eb1a3f-1c15-4a95-931a-4af90ecb574d	45.02431	-78.271108	244.0						2024-10-12T11:45	12	10	2024	2520866	2520862	HUMAN_OBSERVATION	iNaturalist	Observations	247515401		PC Smith	2024-10-15T19:23:58	CC_BY_NC_4_0	PC Smith	PC Smith			2025-01-14T12:54:37.089Z	StillImage	COORDINATE_ROUNDED;CONTINENT_DERIVED_FROM_COORDINATES;TAXON_MATCH_TAXON_ID_IGNORED
4978456807	50c9509d-22c7-4a22-a47d-8c48425ef4a7	https://www.inaturalist.org/observations/247034054	Fungi	Basidiomycota	Agaricomycetes	Hymenochaetales	Hymenochaetaceae	Phellinus	Phellinus igniarius		SPECIES	Phellinus alni (Bondartsev) Parmasto	Phellinus alni		CA		Québec	PRESENT		28eb1a3f-1c15-4a95-931a-4af90ecb574d	45.761007	-73.517551	86.0						2024-10-12T16:55:19	12	10	2024	2520866	2520862	HUMAN_OBSERVATION	iNaturalist	Observations	247034054		Danika Belzile	2024-10-13T01:01:40	CC0_1_0	Danika Belzile	Danika Belzile			2025-01-14T12:54:39.723Z	StillImage	COORDINATE_ROUNDED;CONTINENT_DERIVED_FROM_COORDINATES;TAXON_MATCH_TAXON_ID_IGNORED
4978386390	50c9509d-22c7-4a22-a47d-8c48425ef4a7	https://www.inaturalist.org/observations/247514020	Fungi	Basidiomycota	Agaricomycetes	Hymenochaetales	Hymenochaetaceae	Phellinus	Phellinus igniarius		SPECIES	Phellinus nigricans (Fr.) P.Karst.	Phellinus nigricans		CA		Ontario	PRESENT		28eb1a3f-1c15-4a95-931a-4af90ecb574d	45.024583	-78.27128	244.0						2024-10-12T11:35	12	10	2024	2520863	2520862	HUMAN_OBSERVATION	iNaturalist	Observations	247514020		PC Smith	2024-10-15T19:14:26	CC_BY_NC_4_0	PC Smith	PC Smith			2025-01-14T12:54:38.921Z	StillImage	COORDINATE_ROUNDED;CONTINENT_DERIVED_FROM_COORDINATES;TAXON_MATCH_TAXON_ID_IGNORED
4978351859	50c9509d-22c7-4a22-a47d-8c48425ef4a7	https://www.inaturalist.org/observations/247632349	Fungi	Basidiomycota	Agaricomycetes	Hymenochaetales	Hymenochaetaceae	Phellinus	Phellinus igniarius		SPECIES	Phellinus alni (Bondartsev) Parmasto	Phellinus alni		CA		Ontario	PRESENT		28eb1a3f-1c15-4a95-931a-4af90ecb574d	45.331933	-78.023253							2024-10-05T16:23	5	10	2024	2520866	2520862	HUMAN_OBSERVATION	iNaturalist	Observations	247632349		Terry Bullen	2024-10-16T15:23:56	CC_BY_NC_4_0	Terry Bullen	Terry Bullen			2025-01-14T12:54:49.554Z	StillImage	COORDINATE_ROUNDED;CONTINENT_DERIVED_FROM_COORDINATES;TAXON_MATCH_TAXON_ID_IGNORED
4935833201	50c9509d-22c7-4a22-a47d-8c48425ef4a7	https://www.inaturalist.org/observations/121773103	Fungi	Basidiomycota	Agaricomycetes	Hymenochaetales	Hymenochaetaceae	Phellinus	Phellinus igniarius		SPECIES	Phellinus igniarius (L.) Quél.	Phellinus igniarius		CA		Ontario	PRESENT		28eb1a3f-1c15-4a95-931a-4af90ecb574d	45.277255	-75.759497	4.0						2022-06-14T15:04:45	14	6	2022	2520862	2520862	HUMAN_OBSERVATION	iNaturalist	Observations	121773103		Tyler Jean	2022-06-14T19:08:58	CC_BY_4_0	Tyler Jean	Tyler Jean			2025-01-14T13:22:30.029Z	StillImage	COORDINATE_ROUNDED;CONTINENT_DERIVED_FROM_COORDINATES;TAXON_MATCH_TAXON_ID_IGNORED
4908269970	50c9509d-22c7-4a22-a47d-8c48425ef4a7	https://www.inaturalist.org/observations/230026984	Fungi	Basidiomycota	Agaricomycetes	Hymenochaetales	Hymenochaetaceae	Phellinus	Phellinus igniarius		SPECIES	Phellinus nigricans (Fr.) P.Karst.	Phellinus nigricans		CA		Québec	PRESENT		28eb1a3f-1c15-4a95-931a-4af90ecb574d	49.885679	-74.395696							2024-07-17T13:37:14	17	7	2024	2520863	2520862	HUMAN_OBSERVATION	iNaturalist	Observations	230026984		Nali T.-Paradis	2024-07-18T03:18:47	CC_BY_NC_4_0	Nali T.-Paradis	Nali T.-Paradis			2025-01-14T13:47:05.182Z	StillImage	CONTINENT_DERIVED_FROM_COORDINATES;TAXON_MATCH_TAXON_ID_IGNORED
4903753562	50c9509d-22c7-4a22-a47d-8c48425ef4a7	https://www.inaturalist.org/observations/225358124	Fungi	Basidiomycota	Agaricomycetes	Hymenochaetales	Hymenochaetaceae	Phellinus	Phellinus igniarius		SPECIES	Phellinus alni (Bondartsev) Parmasto	Phellinus alni		CA		Québec	PRESENT		28eb1a3f-1c15-4a95-931a-4af90ecb574d	46.783538	-71.029128	13.0						2024-06-26T14:43:17	26	6	2024	2520866	2520862	HUMAN_OBSERVATION	iNaturalist	Observations	225358124		Cmarion	2024-06-26T18:44:34	CC_BY_NC_4_0	Cmarion	Cmarion			2025-01-14T12:48:23.976Z	StillImage	COORDINATE_ROUNDED;CONTINENT_DERIVED_FROM_COORDINATES;TAXON_MATCH_TAXON_ID_IGNORED
4901817014	50c9509d-22c7-4a22-a47d-8c48425ef4a7	https://www.inaturalist.org/observations/222303358	Fungi	Basidiomycota	Agaricomycetes	Hymenochaetales	Hymenochaetaceae	Phellinus	Phellinus igniarius		SPECIES	Phellinus alni (Bondartsev) Parmasto	Phellinus alni		CA		Québec	PRESENT		28eb1a3f-1c15-4a95-931a-4af90ecb574d	46.072759	-72.241217	27063.0						2024-04-13T15:30	13	4	2024	2520866	2520862	HUMAN_OBSERVATION	iNaturalist	Observations	222303358		gabboilard	2024-06-13T03:09:21	CC_BY_4_0	Hungry-Sarracenia Photo	Hungry-Sarracenia Photo			2025-01-14T13:41:27.651Z	StillImage	COORDINATE_ROUNDED;CONTINENT_DERIVED_FROM_COORDINATES;TAXON_MATCH_TAXON_ID_IGNORED
4892826374	eeaf050f-23d0-4557-9084-ec545cd3d9a7	deb3de45-c112-4a68-89e7-e8be230f4ac9	Fungi	Basidiomycota	Agaricomycetes	Hymenochaetales	Hymenochaetaceae	Phellinus	Phellinus igniarius		SPECIES	Phellinus igniarius (L.) Quél.	Phellinus igniarius	(L.) Quél.	CA	Ottawa	Ontario	PRESENT		325c883e-46a7-4be3-9d77-7dde654fd1d3	45.423949	-75.695445											2520862	2520862	PRESERVED_SPECIMEN	DPI	DAR	DAR00062459a				CC_BY_4_0					2025-01-02T23:50:29.971Z		CONTINENT_DERIVED_FROM_COORDINATES;TAXON_MATCH_TAXON_CONCEPT_ID_IGNORED;INSTITUTION_MATCH_NONE
4872188252	50c9509d-22c7-4a22-a47d-8c48425ef4a7	https://www.inaturalist.org/observations/218165675	Fungi	Basidiomycota	Agaricomycetes	Hymenochaetales	Hymenochaetaceae	Phellinus	Phellinus igniarius		SPECIES	Phellinus alni (Bondartsev) Parmasto	Phellinus alni		CA		Québec	PRESENT		28eb1a3f-1c15-4a95-931a-4af90ecb574d	45.425224	-75.827828	4.0						2024-05-25T10:57:03	25	5	2024	2520866	2520862	HUMAN_OBSERVATION	iNaturalist	Observations	218165675		janica3xox	2024-05-25T18:04:21	CC_BY_NC_4_0	janica3xox	janica3xox			2025-01-14T13:40:39.142Z	StillImage	COORDINATE_ROUNDED;CONTINENT_DERIVED_FROM_COORDINATES;TAXON_MATCH_TAXON_ID_IGNORED
4863458767	50c9509d-22c7-4a22-a47d-8c48425ef4a7	https://www.inaturalist.org/observations/215570551	Fungi	Basidiomycota	Agaricomycetes	Hymenochaetales	Hymenochaetaceae	Phellinus	Phellinus igniarius		SPECIES	Phellinus nigricans (Fr.) P.Karst.	Phellinus nigricans		CA		Ontario	PRESENT		28eb1a3f-1c15-4a95-931a-4af90ecb574d	46.298237	-78.869338	5.0						2024-05-13T15:01:06	13	5	2024	2520863	2520862	HUMAN_OBSERVATION	iNaturalist	Observations	215570551		maggiemoody	2024-05-13T20:26:26	CC_BY_NC_4_0	maggiemoody	maggiemoody			2025-01-14T13:45:55.833Z	StillImage	COORDINATE_ROUNDED;CONTINENT_DERIVED_FROM_COORDINATES;TAXON_MATCH_TAXON_ID_IGNORED
4863407922	50c9509d-22c7-4a22-a47d-8c48425ef4a7	https://www.inaturalist.org/observations/215278000	Fungi	Basidiomycota	Agaricomycetes	Hymenochaetales	Hymenochaetaceae	Phellinus	Phellinus igniarius		SPECIES	Phellinus igniarius (L.) Quél.	Phellinus igniarius		CA		Québec	PRESENT		28eb1a3f-1c15-4a95-931a-4af90ecb574d	45.540947	-75.707938	4.0						2024-05-12T10:48:15	12	5	2024	2520862	2520862	HUMAN_OBSERVATION	iNaturalist	Observations	215278000		jiazu	2024-05-12T16:09:38	CC_BY_NC_4_0	jiazu	jiazu			2025-01-14T12:46:40.784Z	StillImage	COORDINATE_ROUNDED;CONTINENT_DERIVED_FROM_COORDINATES;TAXON_MATCH_TAXON_ID_IGNORED
4855231990	50c9509d-22c7-4a22-a47d-8c48425ef4a7	https://www.inaturalist.org/observations/209771075	Fungi	Basidiomycota	Agaricomycetes	Hymenochaetales	Hymenochaetaceae	Phellinus	Phellinus igniarius		SPECIES	Phellinus alni (Bondartsev) Parmasto	Phellinus alni		CA		Québec	PRESENT		28eb1a3f-1c15-4a95-931a-4af90ecb574d	46.487587	-72.656537	1811.0						2024-04-26T14:35:52	26	4	2024	2520866	2520862	HUMAN_OBSERVATION	iNaturalist	Observations	209771075		gabboilard	2024-04-27T12:11:09	CC_BY_NC_4_0	Cindy	Cindy			2025-01-14T13:31:12.856Z	StillImage	COORDINATE_ROUNDED;CONTINENT_DERIVED_FROM_COORDINATES;TAXON_MATCH_TAXON_ID_IGNORED
4855158700	50c9509d-22c7-4a22-a47d-8c48425ef4a7	https://www.inaturalist.org/observations/213850860	Fungi	Basidiomycota	Agaricomycetes	Hymenochaetales	Hymenochaetaceae	Phellinus	Phellinus igniarius		SPECIES	Phellinus nigricans (Fr.) P.Karst.	Phellinus nigricans		CA		Québec	PRESENT		28eb1a3f-1c15-4a95-931a-4af90ecb574d	48.574111	-72.615464	14.0						2024-04-27T16:37	27	4	2024	2520863	2520862	HUMAN_OBSERVATION	iNaturalist	Observations	213850860		Taylor Routledge	2024-05-06T18:32:37	CC_BY_NC_4_0	Vincent Laurie	Vincent Laurie			2025-01-14T13:40:15.574Z	StillImage	COORDINATE_ROUNDED;CONTINENT_DERIVED_FROM_COORDINATES;TAXON_MATCH_TAXON_ID_IGNORED
4852928004	50c9509d-22c7-4a22-a47d-8c48425ef4a7	https://www.inaturalist.org/observations/208930788	Fungi	Basidiomycota	Agaricomycetes	Hymenochaetales	Hymenochaetaceae	Phellinus	Phellinus igniarius		SPECIES	Phellinus alni (Bondartsev) Parmasto	Phellinus alni		CA		Québec	PRESENT		28eb1a3f-1c15-4a95-931a-4af90ecb574d	45.377462	-71.922408	8.0						2024-04-22T10:02:21	22	4	2024	2520866	2520862	HUMAN_OBSERVATION	iNaturalist	Observations	208930788		gabboilard	2024-04-23T17:53:39	CC_BY_NC_4_0	gabboilard	gabboilard			2025-01-14T13:44:54.921Z	StillImage	COORDINATE_ROUNDED;CONTINENT_DERIVED_FROM_COORDINATES;TAXON_MATCH_TAXON_ID_IGNORED
4852775136	50c9509d-22c7-4a22-a47d-8c48425ef4a7	https://www.inaturalist.org/observations/207646246	Fungi	Basidiomycota	Agaricomycetes	Hymenochaetales	Hymenochaetaceae	Phellinus	Phellinus igniarius		SPECIES	Phellinus alni (Bondartsev) Parmasto	Phellinus alni		CA		Québec	PRESENT		28eb1a3f-1c15-4a95-931a-4af90ecb574d	45.483019	-75.886306	27158.0						2024-04-16T10:22	16	4	2024	2520866	2520862	HUMAN_OBSERVATION	iNaturalist	Observations	207646246		L Joan Heyding	2024-04-16T20:56:57	CC_BY_NC_4_0	L Joan Heyding	L Joan Heyding			2025-01-14T13:40:05.590Z	StillImage	COORDINATE_ROUNDED;CONTINENT_DERIVED_FROM_COORDINATES;TAXON_MATCH_TAXON_ID_IGNORED
4852340663	50c9509d-22c7-4a22-a47d-8c48425ef4a7	https://www.inaturalist.org/observations/208247006	Fungi	Basidiomycota	Agaricomycetes	Hymenochaetales	Hymenochaetaceae	Phellinus	Phellinus igniarius		SPECIES	Phellinus nigricans (Fr.) P.Karst.	Phellinus nigricans		CA		Québec	PRESENT		28eb1a3f-1c15-4a95-931a-4af90ecb574d	45.571469	-72.87725							2024-04-20T07:30:07	20	4	2024	2520863	2520862	HUMAN_OBSERVATION	iNaturalist	Observations	208247006		gabboilard	2024-04-20T11:58:47	CC_BY_NC_4_0	Michel Saint-Germain	Michel Saint-Germain			2025-01-14T12:46:09.723Z	StillImage	COORDINATE_ROUNDED;CONTINENT_DERIVED_FROM_COORDINATES;TAXON_MATCH_TAXON_ID_IGNORED
4847043324	50c9509d-22c7-4a22-a47d-8c48425ef4a7	https://www.inaturalist.org/observations/207237644	Fungi	Basidiomycota	Agaricomycetes	Hymenochaetales	Hymenochaetaceae	Phellinus	Phellinus igniarius		SPECIES	Phellinus nigricans (Fr.) P.Karst.	Phellinus nigricans		CA		Québec	PRESENT		28eb1a3f-1c15-4a95-931a-4af90ecb574d	45.670837	-73.51711	6.0						2024-04-14T15:23:34	14	4	2024	2520863	2520862	HUMAN_OBSERVATION	iNaturalist	Observations	207237644		Antoine Fortin	2024-04-15T13:20:52	CC_BY_NC_4_0	Renard frak	Renard frak			2025-01-14T12:44:51.204Z	StillImage	COORDINATE_ROUNDED;CONTINENT_DERIVED_FROM_COORDINATES;TAXON_MATCH_TAXON_ID_IGNORED
4606870009	50c9509d-22c7-4a22-a47d-8c48425ef4a7	https://www.inaturalist.org/observations/196840959	Fungi	Basidiomycota	Agaricomycetes	Hymenochaetales	Hymenochaetaceae	Phellinus	Phellinus igniarius		SPECIES	Phellinus nigricans (Fr.) P.Karst.	Phellinus nigricans		CA		Nova Scotia	PRESENT		28eb1a3f-1c15-4a95-931a-4af90ecb574d	45.032995	-64.182122	4.0						2024-01-15T13:43:46	15	1	2024	2520863	2520862	HUMAN_OBSERVATION	iNaturalist	Observations	196840959				CC_BY_NC_4_0	kremme	kremme			2025-01-14T12:43:59.424Z	StillImage	COORDINATE_ROUNDED;CONTINENT_DERIVED_FROM_COORDINATES;TAXON_MATCH_TAXON_ID_IGNORED
4606655477	50c9509d-22c7-4a22-a47d-8c48425ef4a7	https://www.inaturalist.org/observations/196842146	Fungi	Basidiomycota	Agaricomycetes	Hymenochaetales	Hymenochaetaceae	Phellinus	Phellinus igniarius		SPECIES	Phellinus nigricans (Fr.) P.Karst.	Phellinus nigricans		CA		Nova Scotia	PRESENT		28eb1a3f-1c15-4a95-931a-4af90ecb574d	45.033256	-64.181938	19.0						2024-01-15T13:40:45	15	1	2024	2520863	2520862	HUMAN_OBSERVATION	iNaturalist	Observations	196842146		Ben	2024-01-31T17:02:25	CC_BY_NC_4_0	kremme	kremme			2025-01-14T13:36:34.959Z	StillImage	COORDINATE_ROUNDED;CONTINENT_DERIVED_FROM_COORDINATES;TAXON_MATCH_TAXON_ID_IGNORED
4516799113	50c9509d-22c7-4a22-a47d-8c48425ef4a7	https://www.inaturalist.org/observations/196991735	Fungi	Basidiomycota	Agaricomycetes	Hymenochaetales	Hymenochaetaceae	Phellinus	Phellinus igniarius		SPECIES	Phellinus nigricans (Fr.) P.Karst.	Phellinus nigricans		CA		Nova Scotia	PRESENT		28eb1a3f-1c15-4a95-931a-4af90ecb574d	45.031861	-64.183738	4.0						2024-01-17T16:25:06	17	1	2024	2520863	2520862	HUMAN_OBSERVATION	iNaturalist	Observations	196991735		kremme	2024-01-18T14:51:33	CC_BY_NC_4_0	kremme	kremme			2025-01-14T12:42:54.899Z	StillImage	COORDINATE_ROUNDED;CONTINENT_DERIVED_FROM_COORDINATES;TAXON_MATCH_TAXON_ID_IGNORED
4516728104	50c9509d-22c7-4a22-a47d-8c48425ef4a7	https://www.inaturalist.org/observations/196991594	Fungi	Basidiomycota	Agaricomycetes	Hymenochaetales	Hymenochaetaceae	Phellinus	Phellinus igniarius		SPECIES	Phellinus nigricans (Fr.) P.Karst.	Phellinus nigricans		CA		Nova Scotia	PRESENT		28eb1a3f-1c15-4a95-931a-4af90ecb574d	45.031972	-64.183717	4.0						2024-01-17T16:26:54	17	1	2024	2520863	2520862	HUMAN_OBSERVATION	iNaturalist	Observations	196991594		kremme	2024-01-18T14:49:35	CC_BY_NC_4_0	kremme	kremme			2025-01-14T12:46:37.397Z	StillImage	COORDINATE_ROUNDED;CONTINENT_DERIVED_FROM_COORDINATES;TAXON_MATCH_TAXON_ID_IGNORED
4516644460	50c9509d-22c7-4a22-a47d-8c48425ef4a7	https://www.inaturalist.org/observations/196988941	Fungi	Basidiomycota	Agaricomycetes	Hymenochaetales	Hymenochaetaceae	Phellinus	Phellinus igniarius		SPECIES	Phellinus nigricans (Fr.) P.Karst.	Phellinus nigricans		CA		Nova Scotia	PRESENT		28eb1a3f-1c15-4a95-931a-4af90ecb574d	45.033714	-64.182587	6.0						2024-01-17T16:37:42	17	1	2024	2520863	2520862	HUMAN_OBSERVATION	iNaturalist	Observations	196988941		kremme	2024-01-18T13:55:08	CC_BY_NC_4_0	kremme	kremme			2025-01-14T13:36:01.710Z	StillImage	COORDINATE_ROUNDED;CONTINENT_DERIVED_FROM_COORDINATES;TAXON_MATCH_TAXON_ID_IGNORED
4516231138	50c9509d-22c7-4a22-a47d-8c48425ef4a7	https://www.inaturalist.org/observations/194977923	Fungi	Basidiomycota	Agaricomycetes	Hymenochaetales	Hymenochaetaceae	Phellinus	Phellinus igniarius		SPECIES	Phellinus nigricans (Fr.) P.Karst.	Phellinus nigricans		CA		New Brunswick	PRESENT		28eb1a3f-1c15-4a95-931a-4af90ecb574d	47.685493	-65.037197	24811.0						2023-12-26T12:23:45	26	12	2023	2520863	2520862	HUMAN_OBSERVATION	iNaturalist	Observations	194977923		mauderobichaud	2023-12-27T13:39:38	CC_BY_NC_4_0	mauderobichaud	mauderobichaud			2025-01-14T13:29:16.809Z	StillImage	COORDINATE_ROUNDED;CONTINENT_DERIVED_FROM_COORDINATES;TAXON_MATCH_TAXON_ID_IGNORED
4512426808	50c9509d-22c7-4a22-a47d-8c48425ef4a7	https://www.inaturalist.org/observations/196778325	Fungi	Basidiomycota	Agaricomycetes	Hymenochaetales	Hymenochaetaceae	Phellinus	Phellinus igniarius		SPECIES	Phellinus nigricans (Fr.) P.Karst.	Phellinus nigricans		CA		Nova Scotia	PRESENT		28eb1a3f-1c15-4a95-931a-4af90ecb574d	45.036075	-64.18148	16.0						2024-01-15T15:15:24	15	1	2024	2520863	2520862	HUMAN_OBSERVATION	iNaturalist	Observations	196778325		Ben	2024-01-16T00:20:30	CC_BY_NC_4_0	kremme	kremme			2025-01-14T12:42:59.256Z	StillImage	CONTINENT_DERIVED_FROM_COORDINATES;TAXON_MATCH_TAXON_ID_IGNORED
4512180683	50c9509d-22c7-4a22-a47d-8c48425ef4a7	https://www.inaturalist.org/observations/196118914	Fungi	Basidiomycota	Agaricomycetes	Hymenochaetales	Hymenochaetaceae	Phellinus	Phellinus igniarius		SPECIES	Phellinus nigricans (Fr.) P.Karst.	Phellinus nigricans		CA		Nova Scotia	PRESENT		28eb1a3f-1c15-4a95-931a-4af90ecb574d	45.033236	-64.181855	3.0						2024-01-08T08:16:04	8	1	2024	2520863	2520862	HUMAN_OBSERVATION	iNaturalist	Observations	196118914		kremme	2024-01-08T13:20:42	CC_BY_NC_4_0	kremme	kremme			2025-01-14T13:29:37.345Z	StillImage	COORDINATE_ROUNDED;CONTINENT_DERIVED_FROM_COORDINATES;TAXON_MATCH_TAXON_ID_IGNORED
4512109457	50c9509d-22c7-4a22-a47d-8c48425ef4a7	https://www.inaturalist.org/observations/196118858	Fungi	Basidiomycota	Agaricomycetes	Hymenochaetales	Hymenochaetaceae	Phellinus	Phellinus igniarius		SPECIES	Phellinus nigricans (Fr.) P.Karst.	Phellinus nigricans		CA		Nova Scotia	PRESENT		28eb1a3f-1c15-4a95-931a-4af90ecb574d	45.03325	-64.18193	4.0						2024-01-08T08:15:21	8	1	2024	2520863	2520862	HUMAN_OBSERVATION	iNaturalist	Observations	196118858		kremme	2024-01-08T13:18:51	CC_BY_NC_4_0	kremme	kremme			2025-01-14T12:43:32.502Z	StillImage	CONTINENT_DERIVED_FROM_COORDINATES;TAXON_MATCH_TAXON_ID_IGNORED
4510325491	50c9509d-22c7-4a22-a47d-8c48425ef4a7	https://www.inaturalist.org/observations/195203775	Fungi	Basidiomycota	Agaricomycetes	Hymenochaetales	Hymenochaetaceae	Phellinus	Phellinus igniarius		SPECIES	Phellinus nigricans (Fr.) P.Karst.	Phellinus nigricans		CA		Québec	PRESENT		28eb1a3f-1c15-4a95-931a-4af90ecb574d	45.415635	-75.834477	183.0						2023-12-29T11:10	29	12	2023	2520863	2520862	HUMAN_OBSERVATION	iNaturalist	Observations	195203775		L Joan Heyding	2023-12-29T21:21:09	CC_BY_NC_4_0	L Joan Heyding	L Joan Heyding			2025-01-14T12:43:21.503Z	StillImage	COORDINATE_ROUNDED;CONTINENT_DERIVED_FROM_COORDINATES;TAXON_MATCH_TAXON_ID_IGNORED
4442406314	50c9509d-22c7-4a22-a47d-8c48425ef4a7	https://www.inaturalist.org/observations/191052380	Fungi	Basidiomycota	Agaricomycetes	Hymenochaetales	Hymenochaetaceae	Phellinus	Phellinus igniarius		SPECIES	Phellinus alni (Bondartsev) Parmasto	Phellinus alni		CA		Ontario	PRESENT		28eb1a3f-1c15-4a95-931a-4af90ecb574d	45.254352	-76.284873	61.0						2023-11-11T13:14	11	11	2023	2520866	2520862	HUMAN_OBSERVATION	iNaturalist	Observations	191052380		David Thomas Glover	2023-11-15T01:53:07	CC_BY_NC_4_0	David Thomas Glover	David Thomas Glover			2025-01-14T12:42:25.153Z	StillImage	COORDINATE_ROUNDED;CONTINENT_DERIVED_FROM_COORDINATES;TAXON_MATCH_TAXON_ID_IGNORED
4414417942	50c9509d-22c7-4a22-a47d-8c48425ef4a7	https://www.inaturalist.org/observations/184031096	Fungi	Basidiomycota	Agaricomycetes	Hymenochaetales	Hymenochaetaceae	Phellinus	Phellinus igniarius		SPECIES	Phellinus nigricans (Fr.) P.Karst.	Phellinus nigricans		CA		Québec	PRESENT		28eb1a3f-1c15-4a95-931a-4af90ecb574d	46.392605	-74.278574	7.0						2023-08-11T14:46	11	8	2023	2520863	2520862	HUMAN_OBSERVATION	iNaturalist	Observations	184031096		James Pagé	2023-09-19T20:37:40	CC_BY_NC_4_0	James Pagé	James Pagé			2025-01-14T12:39:55.884Z	StillImage	COORDINATE_ROUNDED;CONTINENT_DERIVED_FROM_COORDINATES;TAXON_MATCH_TAXON_ID_IGNORED
4405184637	50c9509d-22c7-4a22-a47d-8c48425ef4a7	https://www.inaturalist.org/observations/179827241	Fungi	Basidiomycota	Agaricomycetes	Hymenochaetales	Hymenochaetaceae	Phellinus	Phellinus igniarius		SPECIES	Phellinus nigricans (Fr.) P.Karst.	Phellinus nigricans		CA		Québec	PRESENT		28eb1a3f-1c15-4a95-931a-4af90ecb574d	45.381292	-71.920395	16.0						2023-08-22T14:09:23	22	8	2023	2520863	2520862	HUMAN_OBSERVATION	iNaturalist	Observations	179827241		gabboilard	2023-08-23T14:07:40	CC_BY_NC_4_0	gabboilard	gabboilard			2025-01-14T12:41:28.427Z	StillImage	COORDINATE_ROUNDED;CONTINENT_DERIVED_FROM_COORDINATES;TAXON_MATCH_TAXON_ID_IGNORED
4400129578	50c9509d-22c7-4a22-a47d-8c48425ef4a7	https://www.inaturalist.org/observations/156790360	Fungi	Basidiomycota	Agaricomycetes	Hymenochaetales	Hymenochaetaceae	Phellinus	Phellinus igniarius		SPECIES	Phellinus alni (Bondartsev) Parmasto	Phellinus alni		CA		Ontario	PRESENT		28eb1a3f-1c15-4a95-931a-4af90ecb574d	45.271235	-75.97585	27190.0						2023-04-26T16:43:34	26	4	2023	2520866	2520862	HUMAN_OBSERVATION	iNaturalist	Observations	156790360		cinna_latifolia	2023-04-26T23:09:11	CC_BY_NC_4_0	charissa	charissa			2025-01-14T12:34:03.192Z	StillImage	COORDINATE_ROUNDED;CONTINENT_DERIVED_FROM_COORDINATES;TAXON_MATCH_TAXON_ID_IGNORED
4166287906	695cef75-b65f-4776-b2ed-74565eebb16e	02-01000642443	Fungi	Basidiomycota	Agaricomycetes	Hymenochaetales	Hymenochaetaceae	Phellinus	Phellinus igniarius		SPECIES	Phellinus igniarius (L.) Quél.	Phellinus igniarius	(L.) Quél.	CA	North lookout trail	Ontario	PRESENT		055bd978-2daa-4543-b3f0-44e0e87e86ca	45.5792	-78.4083							1976-05-20	20	5	1976	2520862	2520862	PRESERVED_SPECIMEN	AAFC	DAOM	186879		P. Johnson		CC_BY_4_0	©His Majesty the King in Right of Canada, as represented by the Minister of Agriculture and Agri-Food	P. Johnson			2025-01-12T05:11:16.366Z		GEODETIC_DATUM_ASSUMED_WGS84;CONTINENT_DERIVED_FROM_COORDINATES;TAXON_MATCH_TAXON_ID_IGNORED;INSTITUTION_MATCH_FUZZY
4165737872	50c9509d-22c7-4a22-a47d-8c48425ef4a7	https://www.inaturalist.org/observations/174330367	Fungi	Basidiomycota	Agaricomycetes	Hymenochaetales	Hymenochaetaceae	Phellinus	Phellinus igniarius		SPECIES	Phellinus nigricans (Fr.) P.Karst.	Phellinus nigricans		CA		Nova Scotia	PRESENT		28eb1a3f-1c15-4a95-931a-4af90ecb574d	45.037954	-64.180185	566.0						2023-07-22T15:23:16	22	7	2023	2520863	2520862	HUMAN_OBSERVATION	iNaturalist	Observations	174330367		g_rem	2023-07-22T19:15:14	CC_BY_NC_4_0	g_rem	g_rem			2025-01-14T13:31:35.221Z	StillImage	COORDINATE_ROUNDED;CONTINENT_DERIVED_FROM_COORDINATES;TAXON_MATCH_TAXON_ID_IGNORED
4153973847	50c9509d-22c7-4a22-a47d-8c48425ef4a7	https://www.inaturalist.org/observations/172231463	Fungi	Basidiomycota	Agaricomycetes	Hymenochaetales	Hymenochaetaceae	Phellinus	Phellinus igniarius		SPECIES	Phellinus nigricans (Fr.) P.Karst.	Phellinus nigricans		CA		Ontario	PRESENT		28eb1a3f-1c15-4a95-931a-4af90ecb574d	46.256745	-78.916388	5.0						2023-07-10T12:38:44	10	7	2023	2520863	2520862	HUMAN_OBSERVATION	iNaturalist	Observations	172231463		Maddie Piper	2023-07-10T21:39:42	CC_BY_NC_4_0	Maddie Piper	Maddie Piper			2025-01-14T12:39:07.024Z	StillImage	COORDINATE_ROUNDED;CONTINENT_DERIVED_FROM_COORDINATES;TAXON_MATCH_TAXON_ID_IGNORED
4153758481	50c9509d-22c7-4a22-a47d-8c48425ef4a7	https://www.inaturalist.org/observations/161504676	Fungi	Basidiomycota	Agaricomycetes	Hymenochaetales	Hymenochaetaceae	Phellinus	Phellinus igniarius		SPECIES	Phellinus nigricans (Fr.) P.Karst.	Phellinus nigricans		CA		Québec	PRESENT		28eb1a3f-1c15-4a95-931a-4af90ecb574d	46.003129	-74.013171	1507.0						2023-05-13T13:23:08	13	5	2023	2520863	2520862	HUMAN_OBSERVATION	iNaturalist	Observations	161504676		Ben	2023-07-11T06:46:38	CC_BY_NC_4_0	Lukas Kramosch	Lukas Kramosch			2025-01-14T13:30:13.431Z	StillImage	COORDINATE_ROUNDED;CONTINENT_DERIVED_FROM_COORDINATES;TAXON_MATCH_TAXON_ID_IGNORED
4145551693	50c9509d-22c7-4a22-a47d-8c48425ef4a7	https://www.inaturalist.org/observations/170531509	Fungi	Basidiomycota	Agaricomycetes	Hymenochaetales	Hymenochaetaceae	Phellinus	Phellinus igniarius		SPECIES	Phellinus nigricans (Fr.) P.Karst.	Phellinus nigricans		CA		Québec	PRESENT		28eb1a3f-1c15-4a95-931a-4af90ecb574d	48.644369	-72.316562							2023-06-30T12:49	30	6	2023	2520863	2520862	HUMAN_OBSERVATION	iNaturalist	Observations	170531509		Paul Vézina	2023-07-01T21:46:03	CC_BY_NC_4_0	Paul Vézina	Paul Vézina			2025-01-14T13:30:59.337Z	StillImage	COORDINATE_ROUNDED;CONTINENT_DERIVED_FROM_COORDINATES;TAXON_MATCH_TAXON_ID_IGNORED
4133762389	50c9509d-22c7-4a22-a47d-8c48425ef4a7	https://www.inaturalist.org/observations/153603351	Fungi	Basidiomycota	Agaricomycetes	Hymenochaetales	Hymenochaetaceae	Phellinus	Phellinus igniarius		SPECIES	Phellinus alni (Bondartsev) Parmasto	Phellinus alni		CA		Québec	PRESENT		28eb1a3f-1c15-4a95-931a-4af90ecb574d	46.784414	-71.270143	267.0						2017-09-20T15:45	20	9	2017	2520866	2520862	HUMAN_OBSERVATION	iNaturalist	Observations	153603351		Léo-Guy de Repentigny	2023-04-05T19:46:34	CC_BY_NC_4_0	Léo-Guy de Repentigny	Léo-Guy de Repentigny			2025-01-14T12:33:45.202Z	StillImage	COORDINATE_ROUNDED;CONTINENT_DERIVED_FROM_COORDINATES;TAXON_MATCH_TAXON_ID_IGNORED
4129900493	50c9509d-22c7-4a22-a47d-8c48425ef4a7	https://www.inaturalist.org/observations/154353414	Fungi	Basidiomycota	Agaricomycetes	Hymenochaetales	Hymenochaetaceae	Phellinus	Phellinus igniarius		SPECIES	Phellinus alni (Bondartsev) Parmasto	Phellinus alni		CA		Ontario	PRESENT		28eb1a3f-1c15-4a95-931a-4af90ecb574d	45.807747	-77.281937	4.0						2022-09-19T15:44:33	19	9	2022	2520866	2520862	HUMAN_OBSERVATION	iNaturalist	Observations	154353414		cinna_latifolia	2023-04-25T03:03:30	CC_BY_NC_4_0	iamsamantha	iamsamantha			2025-01-14T13:28:16.139Z	StillImage	COORDINATE_ROUNDED;CONTINENT_DERIVED_FROM_COORDINATES;TAXON_MATCH_TAXON_ID_IGNORED
4116200871	50c9509d-22c7-4a22-a47d-8c48425ef4a7	https://www.inaturalist.org/observations/161718537	Fungi	Basidiomycota	Agaricomycetes	Hymenochaetales	Hymenochaetaceae	Phellinus	Phellinus igniarius		SPECIES	Phellinus nigricans (Fr.) P.Karst.	Phellinus nigricans		CA		Nova Scotia	PRESENT		28eb1a3f-1c15-4a95-931a-4af90ecb574d	45.648958	-64.085863	25.0						2023-05-14T16:18	14	5	2023	2520863	2520862	HUMAN_OBSERVATION	iNaturalist	Observations	161718537		Ben	2023-05-15T00:30:12	CC_BY_NC_4_0	Ben	Ben			2025-01-14T12:34:37.490Z	StillImage	COORDINATE_ROUNDED;CONTINENT_DERIVED_FROM_COORDINATES;TAXON_MATCH_TAXON_ID_IGNORED
4104545403	5a6538b8-e35c-46c4-8978-6858a657a75f	37fbeb63-8985-455e-aa81-6eb8a1e2cd59	Fungi	Basidiomycota	Agaricomycetes	Hymenochaetales	Hymenochaetaceae	Phellinus	Phellinus igniarius		SPECIES	Fomes igniarius (L.) Fr.	Fomes igniarius	(L.) Fr.	CA	Kelly's Camp	Quebec	PRESENT		a26dde42-dd82-4d07-a763-353ab27fc02c	48.114722	-65.135278							1938-08-10	10	8	1938	8057135	2520862	PRESERVED_SPECIMEN	CUP		CUP-061173		Ruth Macrae		CC0_1_0		R.M. Lewis			2025-01-15T04:26:06.622Z	StillImage	GEODETIC_DATUM_ASSUMED_WGS84;CONTINENT_DERIVED_FROM_COORDINATES;TAXON_MATCH_TAXON_ID_IGNORED;COLLECTION_MATCH_NONE;INSTITUTION_MATCH_FUZZY
4100041627	d1a3b128-b406-46bb-a6d1-f3591dcc8a7b	110f9ee8-fa10-4af7-8b11-bd254b1d3d17	Fungi	Basidiomycota	Agaricomycetes	Hymenochaetales	Hymenochaetaceae	Phellinus	Phellinus igniarius		SPECIES	Fomes igniarius (L.) Fr.	Fomes igniarius	(L.) Fr.	CA	Algonquin Park	Ontario	PRESENT		e43cf4b8-849e-4fac-b075-e652d019d2cf	45.55	-78.6	3036.0						1911-08-20	20	8	1911	8057135	2520862	PRESERVED_SPECIMEN	BPI		BPI 230923		Faull J. H.		CC0_1_0		Faull J. H.			2025-01-15T04:59:24.215Z		GEODETIC_DATUM_ASSUMED_WGS84;CONTINENT_DERIVED_FROM_COORDINATES;TAXON_MATCH_TAXON_ID_IGNORED;INSTITUTION_MATCH_FUZZY
4100020646	d1a3b128-b406-46bb-a6d1-f3591dcc8a7b	92a6d366-0a54-41e6-9d0b-bde3cb4ddfd1	Fungi	Basidiomycota	Agaricomycetes	Hymenochaetales	Hymenochaetaceae	Phellinus	Phellinus igniarius		SPECIES	Fomes igniarius (L.) Fr.	Fomes igniarius	(L.) Fr.	CA	Montreal		PRESENT		e43cf4b8-849e-4fac-b075-e652d019d2cf	45.5	-73.583333	3036.0						1915-10		10	1915	8057135	2520862	PRESERVED_SPECIMEN	BPI		BPI 891409	290			CC0_1_0		Blair, R. J.			2025-01-15T04:59:46.910Z		GEODETIC_DATUM_ASSUMED_WGS84;CONTINENT_DERIVED_FROM_COORDINATES;TAXON_MATCH_TAXON_ID_IGNORED;INSTITUTION_MATCH_FUZZY
4099991455	d1a3b128-b406-46bb-a6d1-f3591dcc8a7b	19ed5aa6-4cb1-4a55-b60f-a60076f06175	Fungi	Basidiomycota	Agaricomycetes	Hymenochaetales	Hymenochaetaceae	Phellinus	Phellinus igniarius		SPECIES	Fomes igniarius (L.) Fr.	Fomes igniarius	(L.) Fr.	CA	Dorset	Ontario	PRESENT		e43cf4b8-849e-4fac-b075-e652d019d2cf	45.233333	-78.883333	3036.0						1948-07-14	14	7	1948	8057135	2520862	PRESERVED_SPECIMEN	BPI		BPI 349957		MACRAE R.		CC0_1_0		Nobles M. K.			2025-01-15T04:59:27.477Z		GEODETIC_DATUM_ASSUMED_WGS84;CONTINENT_DERIVED_FROM_COORDINATES;TAXON_MATCH_TAXON_ID_IGNORED;INSTITUTION_MATCH_FUZZY
4099896626	d1a3b128-b406-46bb-a6d1-f3591dcc8a7b	4b29b524-60ab-4894-aecc-6940e9615386	Fungi	Basidiomycota	Agaricomycetes	Hymenochaetales	Hymenochaetaceae	Phellinus	Phellinus igniarius		SPECIES	Fomes igniarius (L.) Fr.	Fomes igniarius	(L.) Fr.	CA	Spruce Brook	Newfoundland	PRESENT		e43cf4b8-849e-4fac-b075-e652d019d2cf	47.616667	-65.1	301.0						1928-08-23	23	8	1928	8057135	2520862	PRESERVED_SPECIMEN	BPI		BPI 230958		Overholts L. O.		CC0_1_0		Spaulding P.			2025-01-15T04:59:23.915Z		GEODETIC_DATUM_ASSUMED_WGS84;CONTINENT_DERIVED_FROM_COORDINATES;TAXON_MATCH_TAXON_ID_IGNORED;INSTITUTION_MATCH_FUZZY
4099896620	d1a3b128-b406-46bb-a6d1-f3591dcc8a7b	4217f046-8034-430d-a126-cb2272929ca3	Fungi	Basidiomycota	Agaricomycetes	Hymenochaetales	Hymenochaetaceae	Phellinus	Phellinus igniarius		SPECIES	Fomes igniarius (L.) Fr.	Fomes igniarius	(L.) Fr.	CA	Algonquin Park	Ontario	PRESENT		e43cf4b8-849e-4fac-b075-e652d019d2cf	45.55	-78.6	3036.0						1911-08-20	20	8	1911	8057135	2520862	PRESERVED_SPECIMEN	BPI		BPI 230922		Faull J. H.		CC0_1_0		Faull J. H.			2025-01-15T04:59:23.914Z		GEODETIC_DATUM_ASSUMED_WGS84;CONTINENT_DERIVED_FROM_COORDINATES;TAXON_MATCH_TAXON_ID_IGNORED;INSTITUTION_MATCH_FUZZY
4099896619	d1a3b128-b406-46bb-a6d1-f3591dcc8a7b	e4f03f7d-16e0-4f4d-a76a-95035a394384	Fungi	Basidiomycota	Agaricomycetes	Hymenochaetales	Hymenochaetaceae	Phellinus	Phellinus igniarius		SPECIES	Fomes igniarius (L.) Fr.	Fomes igniarius	(L.) Fr.	CA	Bartibog Bridge	New Brunswick	PRESENT		e43cf4b8-849e-4fac-b075-e652d019d2cf	47.099146	-65.348	301.0						1929-08-19	19	8	1929	8057135	2520862	PRESERVED_SPECIMEN	BPI		BPI 230911		Stevenson J. A.		CC0_1_0		Clinton G. P.			2025-01-15T04:59:24.083Z		GEODETIC_DATUM_ASSUMED_WGS84;CONTINENT_DERIVED_FROM_COORDINATES;TAXON_MATCH_TAXON_ID_IGNORED;INSTITUTION_MATCH_FUZZY
4099417580	d1a3b128-b406-46bb-a6d1-f3591dcc8a7b	9b9cfa22-dff3-4ea3-bc45-20ddec50b6d6	Fungi	Basidiomycota	Agaricomycetes	Hymenochaetales	Hymenochaetaceae	Phellinus	Phellinus igniarius		SPECIES	Fomes igniarius (L.) Fr.	Fomes igniarius	(L.) Fr.	CA	Chelsea	Quebec	PRESENT		e43cf4b8-849e-4fac-b075-e652d019d2cf	45.5	-75.783333	301.0						1936-10-09	9	10	1936	8057135	2520862	PRESERVED_SPECIMEN	BPI		BPI 230613				CC0_1_0		Mounce Irene			2025-01-15T04:59:23.984Z		GEODETIC_DATUM_ASSUMED_WGS84;CONTINENT_DERIVED_FROM_COORDINATES;TAXON_MATCH_TAXON_ID_IGNORED;INSTITUTION_MATCH_FUZZY
4099416617	d1a3b128-b406-46bb-a6d1-f3591dcc8a7b	4609a191-8c41-446d-8734-91300fbf67d4	Fungi	Basidiomycota	Agaricomycetes	Hymenochaetales	Hymenochaetaceae	Phellinus	Phellinus igniarius		SPECIES	Fomes igniarius (L.) Fr.	Fomes igniarius	(L.) Fr.	CA	Algonquin Park	Ontario	PRESENT		e43cf4b8-849e-4fac-b075-e652d019d2cf	45.55	-78.6	3036.0						1911-08-20	20	8	1911	8057135	2520862	PRESERVED_SPECIMEN	BPI		BPI 230907				CC0_1_0		Faull J. H.			2025-01-15T04:59:23.999Z		GEODETIC_DATUM_ASSUMED_WGS84;CONTINENT_DERIVED_FROM_COORDINATES;TAXON_MATCH_TAXON_ID_IGNORED;INSTITUTION_MATCH_FUZZY
4099411613	d1a3b128-b406-46bb-a6d1-f3591dcc8a7b	b1cf4ca7-9853-45b1-b0a8-ad2d6c035d63	Fungi	Basidiomycota	Agaricomycetes	Hymenochaetales	Hymenochaetaceae	Phellinus	Phellinus igniarius		SPECIES	Fomes igniarius (L.) Fr.	Fomes igniarius	(L.) Fr.	CA	Bartibog Bridge	Nova Scotia	PRESENT		e43cf4b8-849e-4fac-b075-e652d019d2cf	47.099146	-65.348	301.0						1929-08-19	19	8	1929	8057135	2520862	PRESERVED_SPECIMEN	BPI		BPI 230803				CC0_1_0		Clinton G. P.			2025-01-15T04:59:24.081Z		GEODETIC_DATUM_ASSUMED_WGS84;CONTINENT_DERIVED_FROM_COORDINATES;TAXON_MATCH_TAXON_ID_IGNORED;INSTITUTION_MATCH_FUZZY
4099411594	d1a3b128-b406-46bb-a6d1-f3591dcc8a7b	e4d24c50-3e3b-49b1-a32c-bf3ad513d8a3	Fungi	Basidiomycota	Agaricomycetes	Hymenochaetales	Hymenochaetaceae	Phellinus	Phellinus igniarius		SPECIES	Fomes igniarius (L.) Fr.	Fomes igniarius	(L.) Fr.	CA	Fredericton Odell Woods	New Brunswick	PRESENT		e43cf4b8-849e-4fac-b075-e652d019d2cf	45.952837	-66.670614	1209.0						1946-09-27	27	9	1946	8057135	2520862	PRESERVED_SPECIMEN	BPI		BPI 230666		Hansbrough J. R.		CC0_1_0		Hansbrough J. R.			2025-01-15T04:59:24.573Z		CONTINENT_DERIVED_FROM_COORDINATES;TAXON_MATCH_TAXON_ID_IGNORED;INSTITUTION_MATCH_FUZZY
4099410588	d1a3b128-b406-46bb-a6d1-f3591dcc8a7b	a2b64d68-e2bf-47f1-af01-a8f100163232	Fungi	Basidiomycota	Agaricomycetes	Hymenochaetales	Hymenochaetaceae	Phellinus	Phellinus igniarius		SPECIES	Fomes igniarius (L.) Fr.	Fomes igniarius	(L.) Fr.	CA	Spruce Brook	Newfoundland	PRESENT		e43cf4b8-849e-4fac-b075-e652d019d2cf	47.616667	-65.1	301.0						1928-08-23	23	8	1928	8057135	2520862	PRESERVED_SPECIMEN	BPI		BPI 230700		Spaulding P.		CC0_1_0		Spaulding P.			2025-01-15T04:59:23.995Z		GEODETIC_DATUM_ASSUMED_WGS84;CONTINENT_DERIVED_FROM_COORDINATES;TAXON_MATCH_TAXON_ID_IGNORED;INSTITUTION_MATCH_FUZZY
4039334695	50c9509d-22c7-4a22-a47d-8c48425ef4a7	https://www.inaturalist.org/observations/146606719	Fungi	Basidiomycota	Agaricomycetes	Hymenochaetales	Hymenochaetaceae	Phellinus	Phellinus igniarius		SPECIES	Phellinus nigricans (Fr.) P.Karst.	Phellinus nigricans		CA		Québec	PRESENT		28eb1a3f-1c15-4a95-931a-4af90ecb574d	46.786784	-71.342252	15.0						2022-08-10	10	8	2022	2520863	2520862	HUMAN_OBSERVATION	iNaturalist	Observations	146606719		Christian Grenier	2023-01-15T13:13:50	CC_BY_NC_4_0	Christian Grenier	Christian Grenier			2025-01-14T13:27:33.340Z	StillImage	COORDINATE_ROUNDED;CONTINENT_DERIVED_FROM_COORDINATES;TAXON_MATCH_TAXON_ID_IGNORED
4039199784	50c9509d-22c7-4a22-a47d-8c48425ef4a7	https://www.inaturalist.org/observations/146785676	Fungi	Basidiomycota	Agaricomycetes	Hymenochaetales	Hymenochaetaceae	Phellinus	Phellinus igniarius		SPECIES	Phellinus nigricans (Fr.) P.Karst.	Phellinus nigricans		CA		Québec	PRESENT		28eb1a3f-1c15-4a95-931a-4af90ecb574d	46.312659	-74.518279	163.0						2023-01-09T12:11	9	1	2023	2520863	2520862	HUMAN_OBSERVATION	iNaturalist	Observations	146785676		michelcournoyer	2023-01-17T22:26:17	CC_BY_NC_4_0	michelcournoyer	michelcournoyer			2025-01-14T12:33:30.770Z	StillImage	COORDINATE_ROUNDED;CONTINENT_DERIVED_FROM_COORDINATES;TAXON_MATCH_TAXON_ID_IGNORED
4023904995	0786c87e-0e18-4620-9633-d3a358e1ed2c	http://id.luomus.fi/MY.5461685	Fungi	Basidiomycota	Agaricomycetes	Hymenochaetales	Hymenochaetaceae	Phellinus	Phellinus igniarius		SPECIES	Phellinus igniarius (L.) Quél.	Phellinus igniarius (L. : Fr.) Quél.		CA	Petawawa Forest Experiment Station	Ontario	PRESENT		04fd2e13-6881-4e5c-9dd1-8fdd9ab993c1	45.974722	-77.498611							1937-01-01T00:00Z/1937-12-31T00:00Z			1937	2520862	2520862	PRESERVED_SPECIMEN	H		http://id.luomus.fi/HA.H7044940				CC_BY_4_0		Riley, C. C.			2025-01-12T05:29:58.785Z		CONTINENT_DERIVED_FROM_COORDINATES;TAXON_MATCH_TAXON_ID_IGNORED;COLLECTION_MATCH_NONE;INSTITUTION_MATCH_FUZZY
4023424504	0f83123f-0c04-4556-8f4d-5a4e2a9bac66	http://id.luomus.fi/MY.8109574	Fungi	Basidiomycota	Agaricomycetes	Hymenochaetales	Hymenochaetaceae	Phellinus	Phellinus igniarius		SPECIES	Phellinus igniarius (L.) Quél.	Phellinus igniarius (L. : Fr.) Quél.		CA	Petawawa Experiment Station	Ontario	PRESENT		04fd2e13-6881-4e5c-9dd1-8fdd9ab993c1	45.9	-77.28							1937-01-01T00:00Z/1937-12-31T00:00Z			1937	2520862	2520862	PRESERVED_SPECIMEN	H		http://id.luomus.fi/HA.H7056652				CC_BY_4_0		Riley, C. G.			2025-01-12T05:29:49.396Z		CONTINENT_DERIVED_FROM_COORDINATES;TAXON_MATCH_TAXON_ID_IGNORED;COLLECTION_MATCH_NONE;INSTITUTION_MATCH_FUZZY
4023413621	0f83123f-0c04-4556-8f4d-5a4e2a9bac66	http://id.luomus.fi/MY.8233028	Fungi	Basidiomycota	Agaricomycetes	Hymenochaetales	Hymenochaetaceae	Phellinus	Phellinus igniarius		SPECIES	Phellinus igniarius (L.) Quél.	Phellinus igniarius (L. : Fr.) Quél.		CA	Algonquin Provincial Park | North Lookout Trail	Ontario	PRESENT		04fd2e13-6881-4e5c-9dd1-8fdd9ab993c1	45.579166	-78.408333							1976-05-20T00:00Z	20	5	1976	2520862	2520862	PRESERVED_SPECIMEN	H		http://id.luomus.fi/HA.H7058422				CC_BY_4_0		Johnson, Pawl			2025-01-12T05:29:46.476Z		CONTINENT_DERIVED_FROM_COORDINATES;TAXON_MATCH_TAXON_ID_IGNORED;COLLECTION_MATCH_NONE;INSTITUTION_MATCH_FUZZY
3965614394	0ec61c42-6eda-441e-b327-7ec241c8ec95	ff6e4a63-a7d2-4f32-b44f-c30fa72712bf	Fungi	Basidiomycota	Agaricomycetes	Hymenochaetales	Hymenochaetaceae	Phellinus	Phellinus igniarius		SPECIES	Fomes igniarius (L.) Fr.	Fomes igniarius	(L.) Fr.	CA	Parkway and Trail Ridge Road, Gatineau Park	Quebec	PRESENT		00ff478a-9da6-4c8d-b60d-43ee8c88cd1f	46.5	-76.0							1959-09-01	1	9	1959	8057135	2520862	PRESERVED_SPECIMEN	WSP	WSP	WSP48962				CC_BY_4_0		Cooke, W. B.; Cooke, V. G.			2025-01-15T08:28:23.916Z		GEODETIC_DATUM_ASSUMED_WGS84;CONTINENT_DERIVED_FROM_COORDINATES;TAXON_MATCH_TAXON_ID_IGNORED;AMBIGUOUS_COLLECTION;INSTITUTION_MATCH_FUZZY
3963272641	50c9509d-22c7-4a22-a47d-8c48425ef4a7	https://www.inaturalist.org/observations/140324604	Fungi	Basidiomycota	Agaricomycetes	Hymenochaetales	Hymenochaetaceae	Phellinus	Phellinus igniarius		SPECIES	Phellinus igniarius (L.) Quél.	Phellinus igniarius		CA		Prince Edward Island	PRESENT		28eb1a3f-1c15-4a95-931a-4af90ecb574d	46.743961	-64.241821	20.0						2022-10-26T13:50	26	10	2022	2520862	2520862	HUMAN_OBSERVATION	iNaturalist	Observations	140324604		Rosemary Curley	2022-10-29T02:20:15	CC_BY_NC_4_0	Rosemary Curley	Rosemary Curley			2025-01-14T13:26:03.689Z	StillImage	COORDINATE_ROUNDED;CONTINENT_DERIVED_FROM_COORDINATES;TAXON_MATCH_TAXON_ID_IGNORED
3889088613	50c9509d-22c7-4a22-a47d-8c48425ef4a7	https://www.inaturalist.org/observations/129065532	Fungi	Basidiomycota	Agaricomycetes	Hymenochaetales	Hymenochaetaceae	Phellinus	Phellinus igniarius		SPECIES	Phellinus nigricans (Fr.) P.Karst.	Phellinus nigricans		CA		New Brunswick	PRESENT		28eb1a3f-1c15-4a95-931a-4af90ecb574d	46.296428	-64.629565	8.0						2022-08-01T21:08:08	1	8	2022	2520863	2520862	HUMAN_OBSERVATION	iNaturalist	Observations	129065532		Judith N	2022-08-02T00:09:07	CC_BY_NC_4_0	Judith N	Judith N			2025-01-14T12:31:03.931Z	StillImage	COORDINATE_ROUNDED;CONTINENT_DERIVED_FROM_COORDINATES;TAXON_MATCH_TAXON_ID_IGNORED
3859431625	50c9509d-22c7-4a22-a47d-8c48425ef4a7	https://www.inaturalist.org/observations/119331565	Fungi	Basidiomycota	Agaricomycetes	Hymenochaetales	Hymenochaetaceae	Phellinus	Phellinus igniarius		SPECIES	Phellinus nigricans (Fr.) P.Karst.	Phellinus nigricans		CA		New Brunswick	PRESENT		28eb1a3f-1c15-4a95-931a-4af90ecb574d	47.734841	-64.837901	216.0						2022-05-29T18:14:28	29	5	2022	2520863	2520862	HUMAN_OBSERVATION	iNaturalist	Observations	119331565		tini58	2022-05-29T22:46:23	CC_BY_NC_4_0	tini58	tini58			2025-01-14T12:28:47.916Z	StillImage	COORDINATE_ROUNDED;CONTINENT_DERIVED_FROM_COORDINATES;TAXON_MATCH_TAXON_ID_IGNORED
3858442496	50c9509d-22c7-4a22-a47d-8c48425ef4a7	https://www.inaturalist.org/observations/120383113	Fungi	Basidiomycota	Agaricomycetes	Hymenochaetales	Hymenochaetaceae	Phellinus	Phellinus igniarius		SPECIES	Phellinus nigricans (Fr.) P.Karst.	Phellinus nigricans		CA		Québec	PRESENT		28eb1a3f-1c15-4a95-931a-4af90ecb574d	48.676089	-72.478814							2021-06-09T17:26	9	6	2021	2520863	2520862	HUMAN_OBSERVATION	iNaturalist	Observations	120383113		Paul Vézina	2022-06-05T18:58:23	CC_BY_NC_4_0	Paul Vézina	Paul Vézina			2025-01-14T13:15:49.281Z	StillImage	COORDINATE_ROUNDED;CONTINENT_DERIVED_FROM_COORDINATES;TAXON_MATCH_TAXON_ID_IGNORED
3784860342	50c9509d-22c7-4a22-a47d-8c48425ef4a7	https://www.inaturalist.org/observations/71388119	Fungi	Basidiomycota	Agaricomycetes	Hymenochaetales	Hymenochaetaceae	Phellinus	Phellinus igniarius		SPECIES	Phellinus nigricans (Fr.) P.Karst.	Phellinus nigricans		CA		Ontario	PRESENT		28eb1a3f-1c15-4a95-931a-4af90ecb574d	45.370233	-75.219027	670.0						2021-03-16T18:09:14	16	3	2021	2520863	2520862	HUMAN_OBSERVATION	iNaturalist	Observations	71388119		Ben	2022-05-17T18:39:01	CC_BY_NC_4_0	Lynn Ovenden	Lynn Ovenden			2025-01-14T12:17:42.991Z	StillImage	COORDINATE_ROUNDED;CONTINENT_DERIVED_FROM_COORDINATES;TAXON_MATCH_TAXON_ID_IGNORED
3784808218	50c9509d-22c7-4a22-a47d-8c48425ef4a7	https://www.inaturalist.org/observations/117293418	Fungi	Basidiomycota	Agaricomycetes	Hymenochaetales	Hymenochaetaceae	Phellinus	Phellinus igniarius		SPECIES	Phellinus nigricans (Fr.) P.Karst.	Phellinus nigricans		CA		Québec	PRESENT		28eb1a3f-1c15-4a95-931a-4af90ecb574d	45.560691	-75.42621	15.0						2022-04-24	24	4	2022	2520863	2520862	HUMAN_OBSERVATION	iNaturalist	Observations	117293418		cinna_latifolia	2022-05-16T23:52:57	CC_BY_NC_4_0	Christian Grenier	Christian Grenier			2025-01-14T12:28:06.999Z	StillImage	COORDINATE_ROUNDED;CONTINENT_DERIVED_FROM_COORDINATES;TAXON_MATCH_TAXON_ID_IGNORED
3784789336	50c9509d-22c7-4a22-a47d-8c48425ef4a7	https://www.inaturalist.org/observations/73424870	Fungi	Basidiomycota	Agaricomycetes	Hymenochaetales	Hymenochaetaceae	Phellinus	Phellinus igniarius		SPECIES	Phellinus nigricans (Fr.) P.Karst.	Phellinus nigricans		CA		Québec	PRESENT		28eb1a3f-1c15-4a95-931a-4af90ecb574d	47.435337	-70.53965	8.0						2021-04-09T14:58:49	9	4	2021	2520863	2520862	HUMAN_OBSERVATION	iNaturalist	Observations	73424870		Ben	2022-05-17T18:10:48	CC_BY_4_0	Marilyne Busque-Dubois	Marilyne Busque-Dubois			2025-01-14T12:17:07.442Z	StillImage	COORDINATE_ROUNDED;CONTINENT_DERIVED_FROM_COORDINATES;TAXON_MATCH_TAXON_ID_IGNORED
3772416779	50c9509d-22c7-4a22-a47d-8c48425ef4a7	https://www.inaturalist.org/observations/113588139	Fungi	Basidiomycota	Agaricomycetes	Hymenochaetales	Hymenochaetaceae	Phellinus	Phellinus igniarius		SPECIES	Phellinus nigricans (Fr.) P.Karst.	Phellinus nigricans		CA		Ontario	PRESENT		28eb1a3f-1c15-4a95-931a-4af90ecb574d	45.407416	-75.546947							2022-04-26T15:07:56	26	4	2022	2520863	2520862	HUMAN_OBSERVATION	iNaturalist	Observations	113588139		Ben	2022-05-17T18:02:46	CC_BY_NC_4_0	Lindsay Boudreau	Lindsay Boudreau			2025-01-14T13:19:16.922Z	StillImage	COORDINATE_ROUNDED;CONTINENT_DERIVED_FROM_COORDINATES;TAXON_MATCH_TAXON_ID_IGNORED
3696083133	eaabc211-f8a2-4d0f-8983-51fe16b71a36	4037afc5-8c73-47f4-be59-dd103d8b9b81	Fungi	Basidiomycota	Agaricomycetes	Hymenochaetales	Hymenochaetaceae	Phellinus	Phellinus igniarius		SPECIES	Fomes igniarius (L.) Fr.	Fomes igniarius	(L.) Fr.	CA	Algonquin Park	Ontario	PRESENT		0eabc674-8106-401e-9613-5f10164b562d	45.833942	-78.380273	52595.0						1915-07		7	1915	8057135	2520862	PRESERVED_SPECIMEN	NCU	Fungi	NCU-F-0010998	235			CC0_1_0		Faull, J. H.			2025-01-17T19:30:40.746Z	StillImage	GEODETIC_DATUM_ASSUMED_WGS84;CONTINENT_DERIVED_FROM_COORDINATES;TAXON_MATCH_TAXON_ID_IGNORED;INSTITUTION_MATCH_FUZZY;INSTITUTION_COLLECTION_MISMATCH
3456664233	50c9509d-22c7-4a22-a47d-8c48425ef4a7	https://www.inaturalist.org/observations/104127824	Fungi	Basidiomycota	Agaricomycetes	Hymenochaetales	Hymenochaetaceae	Phellinus	Phellinus igniarius		SPECIES	Phellinus igniarius (L.) Quél.	Phellinus igniarius		CA		Québec	PRESENT		28eb1a3f-1c15-4a95-931a-4af90ecb574d	45.920759	-72.008853	5.0						2022-01-01T13:23:52	1	1	2022	2520862	2520862	HUMAN_OBSERVATION	iNaturalist	Observations	104127824		willoughbyarevalo	2022-01-01T20:53:38	CC_BY_NC_4_0	willoughbyarevalo	willoughbyarevalo			2025-01-14T12:27:37.706Z	StillImage	COORDINATE_ROUNDED;CONTINENT_DERIVED_FROM_COORDINATES;TAXON_MATCH_TAXON_ID_IGNORED
3355021068	50c9509d-22c7-4a22-a47d-8c48425ef4a7	https://www.inaturalist.org/observations/92846656	Fungi	Basidiomycota	Agaricomycetes	Hymenochaetales	Hymenochaetaceae	Phellinus	Phellinus igniarius		SPECIES	Phellinus nigricans (Fr.) P.Karst.	Phellinus nigricans		CA		New Brunswick	PRESENT		28eb1a3f-1c15-4a95-931a-4af90ecb574d	45.976116	-66.610443							2021-08-28T19:27:40	28	8	2021	2520863	2520862	HUMAN_OBSERVATION	iNaturalist	Observations	92846656		cinna_latifolia	2021-08-29T01:17:48	CC_BY_NC_4_0	Phil H.	Phil H.			2025-01-14T13:10:21.677Z	StillImage	COORDINATE_ROUNDED;CONTINENT_DERIVED_FROM_COORDINATES;TAXON_MATCH_TAXON_ID_IGNORED
3321210435	50c9509d-22c7-4a22-a47d-8c48425ef4a7	https://www.inaturalist.org/observations/78286290	Fungi	Basidiomycota	Agaricomycetes	Hymenochaetales	Hymenochaetaceae	Phellinus	Phellinus igniarius		SPECIES	Phellinus alni (Bondartsev) Parmasto	Phellinus alni		CA		Québec	PRESENT		28eb1a3f-1c15-4a95-931a-4af90ecb574d	47.739389	-79.083361	4.0						2021-05-08T13:49	8	5	2021	2520866	2520862	HUMAN_OBSERVATION	iNaturalist	Observations	78286290		Jonathan Jensen-Lynch	2021-07-01T06:07:58	CC_BY_NC_4_0	Pierre Cartier	Pierre Cartier			2025-01-14T12:18:15.695Z	StillImage	CONTINENT_DERIVED_FROM_COORDINATES;TAXON_MATCH_TAXON_ID_IGNORED
3320908435	50c9509d-22c7-4a22-a47d-8c48425ef4a7	https://www.inaturalist.org/observations/76751904	Fungi	Basidiomycota	Agaricomycetes	Hymenochaetales	Hymenochaetaceae	Phellinus	Phellinus igniarius		SPECIES	Phellinus alni (Bondartsev) Parmasto	Phellinus alni		CA		Québec	PRESENT		28eb1a3f-1c15-4a95-931a-4af90ecb574d	47.859398	-77.740369	15.0						2021-05-02T09:05	2	5	2021	2520866	2520862	HUMAN_OBSERVATION	iNaturalist	Observations	76751904		Jonathan Jensen-Lynch	2021-07-01T06:15:13	CC_BY_NC_4_0	Pierre Cartier	Pierre Cartier			2025-01-14T13:09:33.065Z	StillImage	COORDINATE_ROUNDED;CONTINENT_DERIVED_FROM_COORDINATES;TAXON_MATCH_TAXON_ID_IGNORED
3112724415	50c9509d-22c7-4a22-a47d-8c48425ef4a7	https://www.inaturalist.org/observations/73950876	Fungi	Basidiomycota	Agaricomycetes	Hymenochaetales	Hymenochaetaceae	Phellinus	Phellinus igniarius		SPECIES	Phellinus igniarius (L.) Quél.	Phellinus igniarius		CA		Ontario	PRESENT		28eb1a3f-1c15-4a95-931a-4af90ecb574d	46.08189	-77.456497	3000.0						2021-04-14T16:23:46	14	4	2021	2520862	2520862	HUMAN_OBSERVATION	iNaturalist	Observations	73950876		lonewanderer	2021-04-14T16:24:30	CC_BY_NC_4_0	lonewanderer	lonewanderer			2025-01-14T13:06:44.767Z	StillImage	COORDINATE_ROUNDED;CONTINENT_DERIVED_FROM_COORDINATES;TAXON_MATCH_TAXON_ID_IGNORED
3112548317	50c9509d-22c7-4a22-a47d-8c48425ef4a7	https://www.inaturalist.org/observations/27756507	Fungi	Basidiomycota	Agaricomycetes	Hymenochaetales	Hymenochaetaceae	Phellinus	Phellinus igniarius		SPECIES	Phellinus nigricans (Fr.) P.Karst.	Phellinus nigricans		CA		New Brunswick	PRESENT		28eb1a3f-1c15-4a95-931a-4af90ecb574d	45.626399	-65.056548	50.0						2019-06-13T02:55	13	6	2019	2520863	2520862	HUMAN_OBSERVATION	iNaturalist	Observations	27756507		Raymonde G Chartier	2021-03-22T02:17:15	CC_BY_NC_4_0	Dom	Dom			2025-01-14T13:03:36.249Z	StillImage	COORDINATE_ROUNDED;CONTINENT_DERIVED_FROM_COORDINATES;TAXON_MATCH_TAXON_ID_IGNORED
3112332376	50c9509d-22c7-4a22-a47d-8c48425ef4a7	https://www.inaturalist.org/observations/62472829	Fungi	Basidiomycota	Agaricomycetes	Hymenochaetales	Hymenochaetaceae	Phellinus	Phellinus igniarius		SPECIES	Phellinus igniarius (L.) Quél.	Phellinus igniarius		CA		Ontario	PRESENT		28eb1a3f-1c15-4a95-931a-4af90ecb574d	45.322703	-75.812707	2657.0						2020-10-12T13:29:46	12	10	2020	2520862	2520862	HUMAN_OBSERVATION	iNaturalist	Observations	62472829		foxy77	2020-10-13T10:40:16	CC_BY_NC_4_0	foxy77	foxy77			2025-01-14T12:15:05.537Z	StillImage	COORDINATE_ROUNDED;CONTINENT_DERIVED_FROM_COORDINATES;TAXON_MATCH_TAXON_ID_IGNORED
3109057109	50c9509d-22c7-4a22-a47d-8c48425ef4a7	https://www.inaturalist.org/observations/75336259	Fungi	Basidiomycota	Agaricomycetes	Hymenochaetales	Hymenochaetaceae	Phellinus	Phellinus igniarius		SPECIES	Phellinus nigricans (Fr.) P.Karst.	Phellinus nigricans		CA		Ontario	PRESENT		28eb1a3f-1c15-4a95-931a-4af90ecb574d	45.314326	-75.574936	27190.0						2021-04-26T11:25	26	4	2021	2520863	2520862	HUMAN_OBSERVATION	iNaturalist	Observations	75336259		L Joan Heyding	2021-04-26T18:19:51	CC_BY_NC_4_0	L Joan Heyding	L Joan Heyding			2025-01-14T12:17:30.020Z	StillImage	COORDINATE_ROUNDED;CONTINENT_DERIVED_FROM_COORDINATES;TAXON_MATCH_TAXON_ID_IGNORED
3061798591	50c9509d-22c7-4a22-a47d-8c48425ef4a7	https://www.inaturalist.org/observations/71421168	Fungi	Basidiomycota	Agaricomycetes	Hymenochaetales	Hymenochaetaceae	Phellinus	Phellinus igniarius		SPECIES	Phellinus nigricans (Fr.) P.Karst.	Phellinus nigricans		CA		New Brunswick	PRESENT		28eb1a3f-1c15-4a95-931a-4af90ecb574d	45.631075	-66.094107	8.0						2021-03-16T01:12	16	3	2021	2520863	2520862	HUMAN_OBSERVATION	iNaturalist	Observations	71421168		Eric Knopf	2021-03-17T19:11:47	CC_BY_NC_4_0	Eric Knopf	Eric Knopf			2025-01-14T12:16:32.531Z	StillImage	COORDINATE_ROUNDED;CONTINENT_DERIVED_FROM_COORDINATES;TAXON_MATCH_TAXON_ID_IGNORED
3039176701	50c9509d-22c7-4a22-a47d-8c48425ef4a7	https://www.inaturalist.org/observations/63679694	Fungi	Basidiomycota	Agaricomycetes	Hymenochaetales	Hymenochaetaceae	Phellinus	Phellinus igniarius		SPECIES	Phellinus nigricans (Fr.) P.Karst.	Phellinus nigricans		CA		Ontario	PRESENT		28eb1a3f-1c15-4a95-931a-4af90ecb574d	45.33962	-75.631462	6.0						2020-10-27T17:08:53	27	10	2020	2520863	2520862	HUMAN_OBSERVATION	iNaturalist	Observations	63679694		Garrett Taylor	2021-01-25T03:30:14	CC_BY_NC_4_0	staingen	staingen			2025-01-14T12:16:27.585Z	StillImage	COORDINATE_ROUNDED;CONTINENT_DERIVED_FROM_COORDINATES;TAXON_MATCH_TAXON_ID_IGNORED
2856531503	50c9509d-22c7-4a22-a47d-8c48425ef4a7	https://www.inaturalist.org/observations/56168436	Fungi	Basidiomycota	Agaricomycetes	Hymenochaetales	Hymenochaetaceae	Phellinus	Phellinus igniarius		SPECIES	Phellinus nigricans (Fr.) P.Karst.	Phellinus nigricans		CA		New Brunswick	PRESENT		28eb1a3f-1c15-4a95-931a-4af90ecb574d	46.828351	-64.935299	10.0						2020-08-11T19:01:38	11	8	2020	2520863	2520862	HUMAN_OBSERVATION	iNaturalist	Observations	56168436		Raymonde G Chartier	2020-08-28T13:00:04	CC_BY_4_0	Will Linnard	Will Linnard			2025-01-14T13:04:47.826Z	StillImage	COORDINATE_ROUNDED;CONTINENT_DERIVED_FROM_COORDINATES;TAXON_MATCH_TAXON_ID_IGNORED
2814332651	50c9509d-22c7-4a22-a47d-8c48425ef4a7	https://www.inaturalist.org/observations/52248654	Fungi	Basidiomycota	Agaricomycetes	Hymenochaetales	Hymenochaetaceae	Phellinus	Phellinus igniarius		SPECIES	Phellinus nigricans (Fr.) P.Karst.	Phellinus nigricans		CA		New Brunswick	PRESENT		28eb1a3f-1c15-4a95-931a-4af90ecb574d	45.755432	-65.997425	32.0						2020-07-05T17:17:11	5	7	2020	2520863	2520862	HUMAN_OBSERVATION	iNaturalist	Observations	52248654		Raymonde G Chartier	2020-07-07T12:49:33	CC_BY_NC_4_0	giverriver	giverriver			2025-01-14T12:13:43.860Z	StillImage	COORDINATE_ROUNDED;CONTINENT_DERIVED_FROM_COORDINATES;TAXON_MATCH_TAXON_ID_IGNORED
2814145715	50c9509d-22c7-4a22-a47d-8c48425ef4a7	https://www.inaturalist.org/observations/50323173	Fungi	Basidiomycota	Agaricomycetes	Hymenochaetales	Hymenochaetaceae	Phellinus	Phellinus igniarius		SPECIES	Phellinus igniarius (L.) Quél.	Phellinus igniarius		CA		Ontario	PRESENT		28eb1a3f-1c15-4a95-931a-4af90ecb574d	45.057292	-76.116408	24.0						2020-06-20T13:09:38	20	6	2020	2520862	2520862	HUMAN_OBSERVATION	iNaturalist	Observations	50323173		Windstone Farm	2020-06-20T20:59:29	CC_BY_NC_4_0	Windstone Farm	Windstone Farm			2025-01-14T12:14:10.491Z	StillImage	COORDINATE_ROUNDED;CONTINENT_DERIVED_FROM_COORDINATES;TAXON_MATCH_TAXON_ID_IGNORED
2813997593	50c9509d-22c7-4a22-a47d-8c48425ef4a7	https://www.inaturalist.org/observations/49386675	Fungi	Basidiomycota	Agaricomycetes	Hymenochaetales	Hymenochaetaceae	Phellinus	Phellinus igniarius		SPECIES	Phellinus igniarius (L.) Quél.	Phellinus igniarius		CA		Québec	PRESENT		28eb1a3f-1c15-4a95-931a-4af90ecb574d	46.279534	-74.531202	74.0						2020-06-11T14:57:21	11	6	2020	2520862	2520862	HUMAN_OBSERVATION	iNaturalist	Observations	49386675		gregormendel	2020-06-13T00:08:56	CC_BY_NC_4_0	gregormendel	gregormendel			2025-01-14T13:07:53.302Z	StillImage	COORDINATE_ROUNDED;CONTINENT_DERIVED_FROM_COORDINATES;TAXON_MATCH_TAXON_ID_IGNORED
2620188311	50c9509d-22c7-4a22-a47d-8c48425ef4a7	https://www.inaturalist.org/observations/44760514	Fungi	Basidiomycota	Agaricomycetes	Hymenochaetales	Hymenochaetaceae	Phellinus	Phellinus igniarius		SPECIES	Phellinus igniarius (L.) Quél.	Phellinus igniarius		CA		Ontario	PRESENT		28eb1a3f-1c15-4a95-931a-4af90ecb574d	45.20175	-76.22144	31.0						2020-05-03T12:02	3	5	2020	2520862	2520862	HUMAN_OBSERVATION	iNaturalist	Observations	44760514		Ken Allison	2020-05-03T17:42:31	CC_BY_NC_4_0	Ken Allison	Ken Allison			2025-01-14T12:13:12.302Z	StillImage	COORDINATE_ROUNDED;CONTINENT_DERIVED_FROM_COORDINATES;TAXON_MATCH_TAXON_ID_IGNORED
2447223987	81e6cff2-b409-417e-8c72-e1bbafb7c61f	5ca38df3-1b84-4466-be8f-0673b6a439d5	Fungi	Basidiomycota	Agaricomycetes	Hymenochaetales	Hymenochaetaceae	Phellinus	Phellinus igniarius		SPECIES	Phellinus igniarius (L.) Quél.	Phellinus igniarius	(L. ex Fr.) Quél.	CA	Mount Orford	Québec	PRESENT		7b8aff00-a9f8-11d8-944b-b8a03c50a862	45.331385	-72.237828	12990.0						1938-08-12	12	8	1938	2520862	2520862	PRESERVED_SPECIMEN	F	Botany	C0372554F	13589	P. Ponce de León	1962-01-01T00:00:00	CC0_1_0	The Field Museum of Natural History	Bro. M. Anselm			2024-02-20T16:06:14.704Z		GEODETIC_DATUM_ASSUMED_WGS84;MODIFIED_DATE_INVALID;AMBIGUOUS_COLLECTION;INSTITUTION_MATCH_FUZZY
2447216102	81e6cff2-b409-417e-8c72-e1bbafb7c61f	bc790e65-fe18-4b42-afb8-f4f95ac7d6fc	Fungi	Basidiomycota	Agaricomycetes	Hymenochaetales	Hymenochaetaceae	Phellinus	Phellinus igniarius		SPECIES	Phellinus igniarius (L.) Quél.	Phellinus igniarius	(L. ex Fr.) Quél.	CA	Near Iberville	Québec	PRESENT		7b8aff00-a9f8-11d8-944b-b8a03c50a862	45.307496	-73.227092	6000.0						1951-10-15	15	10	1951	2520862	2520862	PRESERVED_SPECIMEN	F	Botany	C0372562F	116	P. Ponce de León	1962-01-01T00:00:00	CC0_1_0	The Field Museum of Natural History	Bro. M. Anselm			2024-02-20T16:06:35.325Z		GEODETIC_DATUM_ASSUMED_WGS84;MODIFIED_DATE_INVALID;AMBIGUOUS_COLLECTION;INSTITUTION_MATCH_FUZZY
2445075710	50c9509d-22c7-4a22-a47d-8c48425ef4a7	https://www.inaturalist.org/observations/34711071	Fungi	Basidiomycota	Agaricomycetes	Hymenochaetales	Hymenochaetaceae	Phellinus	Phellinus igniarius		SPECIES	Phellinus igniarius (L.) Quél.	Phellinus igniarius		CA		Ontario	PRESENT		28eb1a3f-1c15-4a95-931a-4af90ecb574d	45.053333	-78.45449	16.0						2019-10-20T11:44:43	20	10	2019	2520862	2520862	HUMAN_OBSERVATION	iNaturalist	Observations	34711071		Graham Buck	2019-10-21T22:25:11	CC_BY_NC_4_0	Graham Buck	Graham Buck			2025-01-14T13:06:30.801Z	StillImage	COORDINATE_ROUNDED;CONTINENT_DERIVED_FROM_COORDINATES;TAXON_MATCH_TAXON_ID_IGNORED
2423614078	21705170-d2b6-42de-8904-c3bca4b83591	CMMF020540	Fungi	Basidiomycota	Agaricomycetes	Hymenochaetales	Hymenochaetaceae	Phellinus	Phellinus igniarius		SPECIES	Phellinus igniarius (L.) Quél.	Phellinus igniarius (L.) Quél.	(L.) Quél.	CA	Héritage	Quebec	PRESENT		ff7bd5db-b724-4932-b496-10ea298851f9	45.677616	-73.512099	400.0						1980-06-18	18	6	1980	2520862	2520862	PRESERVED_SPECIMEN	Université de Montréal Biodiversity Centre	CMMF	CMMF020540	1980-96	McNeil, Raymond		CC0_1_0	Université de Montréal Biodiversity Centre	Haméon, G.			2024-01-24T16:38:16.004Z		INSTITUTION_MATCH_FUZZY;COLLECTION_MATCH_FUZZY;DIFFERENT_OWNER_INSTITUTION
2423612901	21705170-d2b6-42de-8904-c3bca4b83591	CMMF020186	Fungi	Basidiomycota	Agaricomycetes	Hymenochaetales	Hymenochaetaceae	Phellinus	Phellinus igniarius		SPECIES	Phellinus igniarius (L.) Quél.	Phellinus igniarius (L.) Quél.	(L.) Quél.	CA	Lachute	Québec	PRESENT		ff7bd5db-b724-4932-b496-10ea298851f9	45.660939	-74.246835	500.0						1999-09-18	18	9	1999	2520862	2520862	PRESERVED_SPECIMEN	Université de Montréal Biodiversity Centre	CMMF	CMMF020186	X-3.57	Neumann, Peterjurgen		CC0_1_0	Université de Montréal Biodiversity Centre	unknown			2024-01-24T16:38:21.074Z		INSTITUTION_MATCH_FUZZY;COLLECTION_MATCH_FUZZY;DIFFERENT_OWNER_INSTITUTION
2423612388	21705170-d2b6-42de-8904-c3bca4b83591	CMMF018804	Fungi	Basidiomycota	Agaricomycetes	Hymenochaetales	Hymenochaetaceae	Phellinus	Phellinus igniarius		SPECIES	Fomes igniarius (L.) Gillet	Fomes igniarius (L.) Gillet	(L.) Gillet	CA	Chemin du lac Geai.	Québec	PRESENT		ff7bd5db-b724-4932-b496-10ea298851f9	45.991697	-73.997854	750.0						1979-07-20	20	7	1979	7481358	2520862	PRESERVED_SPECIMEN	Université de Montréal Biodiversity Centre	CMMF	CMMF018804	s.n.	Nantel, Patrick		CC0_1_0	Université de Montréal Biodiversity Centre	Nantel, Patrick			2024-01-24T16:38:18.543Z		INSTITUTION_MATCH_FUZZY;COLLECTION_MATCH_FUZZY;DIFFERENT_OWNER_INSTITUTION
2423612345	21705170-d2b6-42de-8904-c3bca4b83591	CMMF018712	Fungi	Basidiomycota	Agaricomycetes	Hymenochaetales	Hymenochaetaceae	Phellinus	Phellinus igniarius		SPECIES	Fomes igniarius (L.) Gillet	Fomes igniarius (L.) Gillet	(L.) Gillet	CA	Entre lac Cromwell et Coriveau.	Québec	PRESENT		ff7bd5db-b724-4932-b496-10ea298851f9	45.982758	-73.999155	750.0						1985-06-12	12	6	1985	7481358	2520862	PRESERVED_SPECIMEN	Université de Montréal Biodiversity Centre	CMMF	CMMF018712	s.n.	Nantel, Patrick		CC0_1_0	Université de Montréal Biodiversity Centre	Nantel, Patrick			2024-01-24T16:38:18.551Z		INSTITUTION_MATCH_FUZZY;COLLECTION_MATCH_FUZZY;DIFFERENT_OWNER_INSTITUTION
2423611137	21705170-d2b6-42de-8904-c3bca4b83591	CMMF018631	Fungi	Basidiomycota	Agaricomycetes	Hymenochaetales	Hymenochaetaceae	Phellinus	Phellinus igniarius		SPECIES	Fomes igniarius (L.) Gillet	Fomes igniarius (L.) Gillet	(L.) Gillet	CA	Station de biologie des Laurentides, Université de Montréal, quadrat 1.	Québec	PRESENT		ff7bd5db-b724-4932-b496-10ea298851f9	45.983387	-74.016094	100.0		371.0				1985-07-24	24	7	1985	7481358	2520862	PRESERVED_SPECIMEN	Université de Montréal Biodiversity Centre	CMMF	CMMF018631	Q1.2407.3	Nantel, Patrick		CC0_1_0	Université de Montréal Biodiversity Centre	Nantel, Patrick			2024-01-24T16:38:18.468Z		INSTITUTION_MATCH_FUZZY;COLLECTION_MATCH_FUZZY;DIFFERENT_OWNER_INSTITUTION
2013722098	50c9509d-22c7-4a22-a47d-8c48425ef4a7	https://www.inaturalist.org/observations/21121484	Fungi	Basidiomycota	Agaricomycetes	Hymenochaetales	Hymenochaetaceae	Phellinus	Phellinus igniarius		SPECIES	Phellinus igniarius (L.) Quél.	Phellinus igniarius		CA		Nova Scotia	PRESENT		28eb1a3f-1c15-4a95-931a-4af90ecb574d	45.084883	-64.368441	263.0						2019-03-10T13:55:50	10	3	2019	2520862	2520862	HUMAN_OBSERVATION	iNaturalist	Observations	21121484		jackiemorris	2019-03-10T19:50:44	CC_BY_NC_4_0	jackiemorris	jackiemorris			2025-01-14T12:07:41.674Z	StillImage	COORDINATE_ROUNDED;CONTINENT_DERIVED_FROM_COORDINATES;TAXON_MATCH_TAXON_ID_IGNORED
1850933249	50c9509d-22c7-4a22-a47d-8c48425ef4a7	https://www.inaturalist.org/observations/13222230	Fungi	Basidiomycota	Agaricomycetes	Hymenochaetales	Hymenochaetaceae	Phellinus	Phellinus igniarius		SPECIES	Phellinus igniarius (L.) Quél.	Phellinus igniarius		CA		Québec	PRESENT		28eb1a3f-1c15-4a95-931a-4af90ecb574d	45.367778	-71.298889							2018-06-07T10:35	7	6	2018	2520862	2520862	HUMAN_OBSERVATION	iNaturalist	Observations	13222230		Evan Moisan	2018-06-08T01:46:24	CC_BY_NC_4_0	Evan Moisan	Evan Moisan			2025-01-14T13:00:07.995Z	StillImage	COORDINATE_ROUNDED;CONTINENT_DERIVED_FROM_COORDINATES;TAXON_MATCH_TAXON_ID_IGNORED
1848818575	50c9509d-22c7-4a22-a47d-8c48425ef4a7	https://www.inaturalist.org/observations/9850884	Fungi	Basidiomycota	Agaricomycetes	Hymenochaetales	Hymenochaetaceae	Phellinus	Phellinus igniarius		SPECIES	Phellinus igniarius (L.) Quél.	Phellinus igniarius		CA		Québec	PRESENT		28eb1a3f-1c15-4a95-931a-4af90ecb574d	45.609033	-71.331026	330.0						2018-02-13T13:21:09	13	2	2018	2520862	2520862	HUMAN_OBSERVATION	iNaturalist	Observations	9850884		Jean-Marc	2018-02-13T21:33:39	CC_BY_NC_4_0	Jean-Marc	Jean-Marc			2025-01-14T12:59:36.606Z	StillImage	COORDINATE_ROUNDED;CONTINENT_DERIVED_FROM_COORDINATES;TAXON_MATCH_TAXON_ID_IGNORED
1847645320	50c9509d-22c7-4a22-a47d-8c48425ef4a7	https://www.inaturalist.org/observations/9573714	Fungi	Basidiomycota	Agaricomycetes	Hymenochaetales	Hymenochaetaceae	Phellinus	Phellinus igniarius		SPECIES	Phellinus nigricans (Fr.) P.Karst.	Phellinus nigricans		CA		Québec	PRESENT		28eb1a3f-1c15-4a95-931a-4af90ecb574d	48.4036	-68.57575	22730.0						2013-08-09	9	8	2013	2520863	2520862	HUMAN_OBSERVATION	iNaturalist	Observations	9573714		mycowalt	2018-01-23T10:58:03	CC_BY_NC_4_0	mycowalt	mycowalt			2025-01-14T12:04:21.384Z	StillImage	CONTINENT_DERIVED_FROM_COORDINATES;TAXON_MATCH_TAXON_ID_IGNORED
1837097429	50c9509d-22c7-4a22-a47d-8c48425ef4a7	https://www.inaturalist.org/observations/6469433	Fungi	Basidiomycota	Agaricomycetes	Hymenochaetales	Hymenochaetaceae	Phellinus	Phellinus igniarius		SPECIES	Phellinus igniarius (L.) Quél.	Phellinus igniarius		CA		Québec	PRESENT		28eb1a3f-1c15-4a95-931a-4af90ecb574d	45.991591	-74.00205	31.0						2017-05-27T13:22	27	5	2017	2520862	2520862	HUMAN_OBSERVATION	iNaturalist	Observations	6469433		raymondfungi	2017-06-02T18:56:55	CC_BY_NC_4_0	raymondfungi	raymondfungi			2025-01-14T13:02:23.763Z	StillImage	COORDINATE_ROUNDED;CONTINENT_DERIVED_FROM_COORDINATES;TAXON_MATCH_TAXON_ID_IGNORED
1807259895	e8a25a42-f125-476c-8554-3ec21cd51a84	ACAD:116975	Fungi	Basidiomycota	Agaricomycetes	Hymenochaetales	Hymenochaetaceae	Phellinus	Phellinus igniarius		SPECIES	Phellinus igniarius (L.) Quél.	Phellinus igniarius (L.) Quel.	(L.) Quel.	CA	Kentville	Nova Scotia	PRESENT		6491ad8c-8e49-4bd4-a089-0ddb3bbe0890	45.07662	-64.49592							1952-10-05	5	10	1952	2520862	2520862	PRESERVED_SPECIMEN	Acadia University	ACAD	5236F	5236			CC0_1_0	Acadia University	H, KA			2024-01-25T01:37:05.345Z	StillImage	GEODETIC_DATUM_INVALID;GEODETIC_DATUM_ASSUMED_WGS84;TAXON_MATCH_TAXON_ID_IGNORED;INSTITUTION_MATCH_FUZZY;COLLECTION_MATCH_FUZZY
1807259589	e8a25a42-f125-476c-8554-3ec21cd51a84	ACAD:116376	Fungi	Basidiomycota	Agaricomycetes	Hymenochaetales	Hymenochaetaceae	Phellinus	Phellinus igniarius		SPECIES	Phellinus igniarius (L.) Quél.	Phellinus igniarius (L.) Quel.	(L.) Quel.	CA	Moores Falls	Nova Scotia	PRESENT		6491ad8c-8e49-4bd4-a089-0ddb3bbe0890	45.037437	-64.502464							1959-09-20	20	9	1959	2520862	2520862	PRESERVED_SPECIMEN	Acadia University	ACAD	4213F	4213			CC0_1_0	Acadia University	H, KA			2024-01-25T01:37:03.932Z	StillImage	COORDINATE_ROUNDED;GEODETIC_DATUM_INVALID;GEODETIC_DATUM_ASSUMED_WGS84;TAXON_MATCH_TAXON_ID_IGNORED;INSTITUTION_MATCH_FUZZY;COLLECTION_MATCH_FUZZY
1807258573	e8a25a42-f125-476c-8554-3ec21cd51a84	ACAD:115221	Fungi	Basidiomycota	Agaricomycetes	Hymenochaetales	Hymenochaetaceae	Phellinus	Phellinus igniarius		SPECIES	Phellinus igniarius (L.) Quél.	Phellinus igniarius (L.) Quel.	(L.) Quel.	CA	Kentville	Nova Scotia	PRESENT		6491ad8c-8e49-4bd4-a089-0ddb3bbe0890	45.07662	-64.49592							1932-09-03	3	9	1932	2520862	2520862	PRESERVED_SPECIMEN	Acadia University	ACAD	90F	90			CC0_1_0	Acadia University	H, KA			2024-01-25T01:36:59.312Z	StillImage	GEODETIC_DATUM_INVALID;GEODETIC_DATUM_ASSUMED_WGS84;TAXON_MATCH_TAXON_ID_IGNORED;INSTITUTION_MATCH_FUZZY;COLLECTION_MATCH_FUZZY
1807258368	e8a25a42-f125-476c-8554-3ec21cd51a84	ACAD:115111	Fungi	Basidiomycota	Agaricomycetes	Hymenochaetales	Hymenochaetaceae	Phellinus	Phellinus igniarius		SPECIES	Phellinus igniarius (L.) Quél.	Phellinus igniarius (L.) Quel.	(L.) Quel.	CA	Kentville	Nova Scotia	PRESENT		6491ad8c-8e49-4bd4-a089-0ddb3bbe0890	45.07662	-64.49592							1932-04-02	2	4	1932	2520862	2520862	PRESERVED_SPECIMEN	Acadia University	ACAD	73AF	73A			CC0_1_0	Acadia University	H, KA			2024-01-25T01:36:59.512Z	StillImage	GEODETIC_DATUM_INVALID;GEODETIC_DATUM_ASSUMED_WGS84;TAXON_MATCH_TAXON_ID_IGNORED;INSTITUTION_MATCH_FUZZY;COLLECTION_MATCH_FUZZY
1807258243	e8a25a42-f125-476c-8554-3ec21cd51a84	ACAD:114904	Fungi	Basidiomycota	Agaricomycetes	Hymenochaetales	Hymenochaetaceae	Phellinus	Phellinus igniarius		SPECIES	Phellinus igniarius (L.) Quél.	Phellinus igniarius (L.) Quel.	(L.) Quel.	CA	Kentville	Nova Scotia	PRESENT		6491ad8c-8e49-4bd4-a089-0ddb3bbe0890	45.07662	-64.49592							1928-04-14	14	4	1928	2520862	2520862	PRESERVED_SPECIMEN	Acadia University	ACAD	6551F				CC0_1_0	Acadia University	H, KA			2024-01-25T01:37:14.794Z	StillImage	GEODETIC_DATUM_INVALID;GEODETIC_DATUM_ASSUMED_WGS84;TAXON_MATCH_TAXON_ID_IGNORED;INSTITUTION_MATCH_FUZZY;COLLECTION_MATCH_FUZZY
1807258178	e8a25a42-f125-476c-8554-3ec21cd51a84	ACAD:114975	Fungi	Basidiomycota	Agaricomycetes	Hymenochaetales	Hymenochaetaceae	Phellinus	Phellinus igniarius		SPECIES	Phellinus igniarius (L.) Quél.	Phellinus igniarius (L.) Quel.	(L.) Quel.	CA	Kentville	Nova Scotia	PRESENT		6491ad8c-8e49-4bd4-a089-0ddb3bbe0890	45.07662	-64.49592							1932-04-30	30	4	1932	2520862	2520862	PRESERVED_SPECIMEN	Acadia University	ACAD	6622F				CC0_1_0	Acadia University	H, KA			2024-01-25T01:37:14.756Z	StillImage	GEODETIC_DATUM_INVALID;GEODETIC_DATUM_ASSUMED_WGS84;TAXON_MATCH_TAXON_ID_IGNORED;INSTITUTION_MATCH_FUZZY;COLLECTION_MATCH_FUZZY
1668799369	50c9509d-22c7-4a22-a47d-8c48425ef4a7	https://www.inaturalist.org/observations/6388167	Fungi	Basidiomycota	Agaricomycetes	Hymenochaetales	Hymenochaetaceae	Phellinus	Phellinus igniarius		SPECIES	Phellinus igniarius (L.) Quél.	Phellinus igniarius		CA		Québec	PRESENT		28eb1a3f-1c15-4a95-931a-4af90ecb574d	45.9942	-73.99036							2017-05-27T11:53	27	5	2017	2520862	2520862	HUMAN_OBSERVATION	iNaturalist	Observations	6388167		mayafav	2017-05-28T01:46:02	CC_BY_NC_4_0	mayafav	mayafav			2025-01-14T13:00:39.862Z	StillImage	CONTINENT_DERIVED_FROM_COORDINATES;TAXON_MATCH_TAXON_ID_IGNORED
1571086747	50c9509d-22c7-4a22-a47d-8c48425ef4a7	https://www.inaturalist.org/observations/6485172	Fungi	Basidiomycota	Agaricomycetes	Hymenochaetales	Hymenochaetaceae	Phellinus	Phellinus igniarius		SPECIES	Phellinus igniarius (L.) Quél.	Phellinus igniarius		CA		Québec	PRESENT		28eb1a3f-1c15-4a95-931a-4af90ecb574d	46.00108	-74.00369							2017-06-03T12:13	3	6	2017	2520862	2520862	HUMAN_OBSERVATION	iNaturalist	Observations	6485172		mayafav	2017-06-03T21:39:50	CC_BY_NC_4_0	mayafav	mayafav			2025-01-14T12:57:30.440Z	StillImage	CONTINENT_DERIVED_FROM_COORDINATES;TAXON_MATCH_TAXON_ID_IGNORED
1571086712	50c9509d-22c7-4a22-a47d-8c48425ef4a7	https://www.inaturalist.org/observations/6485177	Fungi	Basidiomycota	Agaricomycetes	Hymenochaetales	Hymenochaetaceae	Phellinus	Phellinus igniarius		SPECIES	Phellinus igniarius (L.) Quél.	Phellinus igniarius		CA		Québec	PRESENT		28eb1a3f-1c15-4a95-931a-4af90ecb574d	46.00111	-73.99984							2017-06-03T13:26	3	6	2017	2520862	2520862	HUMAN_OBSERVATION	iNaturalist	Observations	6485177		mayafav	2017-06-03T21:39:51	CC_BY_NC_4_0	mayafav	mayafav			2025-01-14T13:00:02.587Z	StillImage	CONTINENT_DERIVED_FROM_COORDINATES;TAXON_MATCH_TAXON_ID_IGNORED
1412708781	21705170-d2b6-42de-8904-c3bca4b83591	CMMF017232	Fungi	Basidiomycota	Agaricomycetes	Hymenochaetales	Hymenochaetaceae	Phellinus	Phellinus igniarius		SPECIES	Phellinus igniarius (L.) Quél.	Phellinus igniarius (L.) Quél.	(L.) Quél.	CA	Arboretum Morgan, Québec.	Québec	PRESENT		ff7bd5db-b724-4932-b496-10ea298851f9	45.43	-73.946667	2500.0						1981-06-29	29	6	1981	2520862	2520862	PRESERVED_SPECIMEN	Université de Montréal Biodiversity Centre	CMMF	CMMF017232	1981-62	McNeil, Raymond		CC0_1_0	Université de Montréal Biodiversity Centre	Cyr, A.			2024-01-24T16:38:14.833Z		COORDINATE_ROUNDED;INSTITUTION_MATCH_FUZZY;COLLECTION_MATCH_FUZZY;DIFFERENT_OWNER_INSTITUTION
1412707957	21705170-d2b6-42de-8904-c3bca4b83591	CMMF016415	Fungi	Basidiomycota	Agaricomycetes	Hymenochaetales	Hymenochaetaceae	Phellinus	Phellinus igniarius		SPECIES	Phellinus igniarius (L.) Quél.	Phellinus igniarius (L.) Quél.	(L.) Quél.	CA	Sentier écologique, Pointe à Platon, Saint-Joly de Lotbinière, Québec.	Québec	PRESENT		ff7bd5db-b724-4932-b496-10ea298851f9	46.667786	-71.847452	2500.0						1988-09-21/1988-12-20			1988	2520862	2520862	PRESERVED_SPECIMEN	Université de Montréal Biodiversity Centre	CMMF	CMMF016415		Labbé, Roland		CC0_1_0	Université de Montréal Biodiversity Centre	Sirard, Léas; Boulet, Bruno			2024-01-24T16:38:19.724Z		INSTITUTION_MATCH_FUZZY;COLLECTION_MATCH_FUZZY;DIFFERENT_OWNER_INSTITUTION
1412706808	21705170-d2b6-42de-8904-c3bca4b83591	CMMF015305	Fungi	Basidiomycota	Agaricomycetes	Hymenochaetales	Hymenochaetaceae	Phellinus	Phellinus igniarius		SPECIES	Phellinus nigricans (Fr.) P.Karst.	Phellinus nigricans (Fr.) P. Karst.	(Fr.) P. Karst.	CA	Sentier Rasmussen, LaBaie, Québec.	Québec	PRESENT		ff7bd5db-b724-4932-b496-10ea298851f9	48.361852	-70.831227	3000.0						1994-07-14	14	7	1994	2520863	2520862	PRESERVED_SPECIMEN	Université de Montréal Biodiversity Centre	CMMF	CMMF015305	896	Guérin, Gérard		CC0_1_0	Université de Montréal Biodiversity Centre	Guérin, Gérard			2024-01-24T16:38:16.952Z	StillImage	INSTITUTION_MATCH_FUZZY;COLLECTION_MATCH_FUZZY;DIFFERENT_OWNER_INSTITUTION
1412703209	21705170-d2b6-42de-8904-c3bca4b83591	CMMF011664	Fungi	Basidiomycota	Agaricomycetes	Hymenochaetales	Hymenochaetaceae	Phellinus	Phellinus igniarius	nigricans	VARIETY	Fomes igniarius var. nigricans (Fr.) Rick	Fomes igniarius var. nigricans (Fr.) Rick	(Fr.) Rick	CA	Sainte-Anne de la Pocatière, Kamouraska, Québec.	Québec	PRESENT		ff7bd5db-b724-4932-b496-10ea298851f9	47.366667	-70.033333	8000.0						1928-01-01/1928-12-31			1928	6285389	2520862	PRESERVED_SPECIMEN	Université de Montréal Biodiversity Centre	CMMF	CMMF011664	17120	Pomerleau, René		CC0_1_0	Université de Montréal Biodiversity Centre	Campagna, Elzéar			2024-01-24T16:38:18.065Z		INSTITUTION_MATCH_FUZZY;COLLECTION_MATCH_FUZZY;DIFFERENT_OWNER_INSTITUTION
127903225	41690f55-ccbe-48ba-8238-01173f657072	urn:catalog:BG:F:7256	Fungi	Basidiomycota	Agaricomycetes	Hymenochaetales	Hymenochaetaceae	Phellinus	Phellinus igniarius		SPECIES	Phellinus igniarius (L.) Quél.	Phellinus igniarius	(L. : Fr.) Quél.	CA	Algonquin Provincial Park (Nipissing District), North Lookout Trail	Ontario	PRESENT		3f3967bf-ecc7-4455-ba89-4e0ab6d6fd3c	45.573333	-78.405							1976-05-20	20	5	1976	2520862	2520862	PRESERVED_SPECIMEN	BG	F	7256	APMF 233, PDJ 104	Paul Johnson	1976-05-20T00:00:00	CC_BY_4_0		Paul Johnson			2025-01-13T12:04:06.776Z		CONTINENT_DERIVED_FROM_COORDINATES;INSTITUTION_MATCH_FUZZY;INSTITUTION_COLLECTION_MISMATCH
1249274815	50c9509d-22c7-4a22-a47d-8c48425ef4a7	http://inaturalist.ca/observations/1968180	Fungi	Basidiomycota	Agaricomycetes	Hymenochaetales	Hymenochaetaceae	Phellinus	Phellinus igniarius		SPECIES	Phellinus igniarius (L.) Quél.	Phellinus igniarius		CA		Ontario	PRESENT		28eb1a3f-1c15-4a95-931a-4af90ecb574d	45.443516	-76.360609	257.0						2002-09-28	28	9	2002	2520862	2520862	HUMAN_OBSERVATION	iNaturalist	Observations	1968180		bev wigney	2015-09-21T12:46:16	CC_BY_NC_4_0	bev wigney	bev wigney			2025-01-14T12:03:21.726Z		CONTINENT_DERIVED_FROM_COORDINATES;TAXON_MATCH_TAXON_ID_IGNORED
1227760095	50c9509d-22c7-4a22-a47d-8c48425ef4a7	http://inaturalist.ca/observations/2499330	Fungi	Basidiomycota	Agaricomycetes	Hymenochaetales	Hymenochaetaceae	Phellinus	Phellinus igniarius		SPECIES	Phellinus igniarius (L.) Quél.	Phellinus igniarius		CA		Ontario	PRESENT		28eb1a3f-1c15-4a95-931a-4af90ecb574d	45.291956	-75.825942							2015-12-23	23	12	2015	2520862	2520862	HUMAN_OBSERVATION	iNaturalist	Observations	2499330		bluebeetle	2015-12-23T22:57:44	CC_BY_NC_4_0	bluebeetle	bluebeetle			2025-01-14T12:59:02.753Z	StillImage	CONTINENT_DERIVED_FROM_COORDINATES;TAXON_MATCH_TAXON_ID_IGNORED
1227759894	50c9509d-22c7-4a22-a47d-8c48425ef4a7	http://inaturalist.ca/observations/2499139	Fungi	Basidiomycota	Agaricomycetes	Hymenochaetales	Hymenochaetaceae	Phellinus	Phellinus igniarius		SPECIES	Phellinus igniarius (L.) Quél.	Phellinus igniarius		CA		Ontario	PRESENT		28eb1a3f-1c15-4a95-931a-4af90ecb574d	45.291785	-75.825888	46.0						2015-12-23	23	12	2015	2520862	2520862	HUMAN_OBSERVATION	iNaturalist	Observations	2499139		bluebeetle	2015-12-23T23:08:14	CC_BY_NC_4_0	Mike Leveille	Mike Leveille			2025-01-14T12:58:53.916Z	StillImage	CONTINENT_DERIVED_FROM_COORDINATES;TAXON_MATCH_TAXON_ID_IGNORED
1135070866	21705170-d2b6-42de-8904-c3bca4b83591	CMMF009403	Fungi	Basidiomycota	Agaricomycetes	Hymenochaetales	Hymenochaetaceae	Phellinus	Phellinus igniarius		SPECIES	Phellinus alni (Bondartsev) Parmasto	Phellinus alni (Bondartsev) Parmasto	(Bondartsev) Parmasto	CA	Rue des Castors, Québec.	Québec	PRESENT		ff7bd5db-b724-4932-b496-10ea298851f9	46.891264	-71.290968	500.0						2006-10-19	19	10	2006	2520866	2520862	PRESERVED_SPECIMEN	Université de Montréal Biodiversity Centre	CMMF	CMMF009403	987	Labbé, Roland		CC0_1_0	Université de Montréal Biodiversity Centre	Labrecque, Jacqueline			2024-01-24T16:38:21.689Z		INSTITUTION_MATCH_FUZZY;COLLECTION_MATCH_FUZZY;DIFFERENT_OWNER_INSTITUTION
1135069343	21705170-d2b6-42de-8904-c3bca4b83591	CMMF007874	Fungi	Basidiomycota	Agaricomycetes	Hymenochaetales	Hymenochaetaceae	Phellinus	Phellinus igniarius		SPECIES	Phellinus alni (Bondartsev) Parmasto	Phellinus alni (Bondartsev) Parmasto	(Bondartsev) Parmasto	CA	Ste-Lucie-de-Beauregard	Québec	PRESENT		ff7bd5db-b724-4932-b496-10ea298851f9	46.683583	-70.042333	100.0						1979-07-07	7	7	1979	2520866	2520862	PRESERVED_SPECIMEN	Université de Montréal Biodiversity Centre	CMMF	CMMF007874	1050	McNeil, Raymond		CC0_1_0	Université de Montréal Biodiversity Centre	McNeil, Raymond			2024-01-24T16:38:14.819Z		COORDINATE_ROUNDED;INSTITUTION_MATCH_FUZZY;COLLECTION_MATCH_FUZZY;DIFFERENT_OWNER_INSTITUTION
1135069305	21705170-d2b6-42de-8904-c3bca4b83591	CMMF007876	Fungi	Basidiomycota	Agaricomycetes	Hymenochaetales	Hymenochaetaceae	Phellinus	Phellinus igniarius		SPECIES	Phellinus alni (Bondartsev) Parmasto	Phellinus alni (Bondartsev) Parmasto	(Bondartsev) Parmasto	CA	Ste-Lucie-de-Beauregard	Québec	PRESENT		ff7bd5db-b724-4932-b496-10ea298851f9	46.683583	-70.042333	100.0						1979-07-07	7	7	1979	2520866	2520862	PRESERVED_SPECIMEN	Université de Montréal Biodiversity Centre	CMMF	CMMF007876	Inexistant	McNeil, Raymond		CC0_1_0	Université de Montréal Biodiversity Centre	McNeil, Raymond			2024-01-24T16:38:14.817Z	StillImage	COORDINATE_ROUNDED;INSTITUTION_MATCH_FUZZY;COLLECTION_MATCH_FUZZY;DIFFERENT_OWNER_INSTITUTION
1135068765	21705170-d2b6-42de-8904-c3bca4b83591	CMMF007339	Fungi	Basidiomycota	Agaricomycetes	Hymenochaetales	Hymenochaetaceae	Phellinus	Phellinus igniarius		SPECIES	Phellinus alni (Bondartsev) Parmasto	Phellinus alni (Bondartsev) Parmasto	(Bondartsev) Parmasto	CA	Huntingdon, Boisé-des-Muir	Québec	PRESENT		ff7bd5db-b724-4932-b496-10ea298851f9	45.084583	-74.114033	100.0						2012-07-19	19	7	2012	2520866	2520862	PRESERVED_SPECIMEN	Université de Montréal Biodiversity Centre	CMMF	CMMF007339	C4016	McNeil, Raymond		CC0_1_0	Université de Montréal Biodiversity Centre	McNeil, Raymond			2024-01-24T16:38:21.454Z	StillImage	COORDINATE_ROUNDED;INSTITUTION_MATCH_FUZZY;COLLECTION_MATCH_FUZZY;DIFFERENT_OWNER_INSTITUTION
1135068693	21705170-d2b6-42de-8904-c3bca4b83591	CMMF007199	Fungi	Basidiomycota	Agaricomycetes	Hymenochaetales	Hymenochaetaceae	Phellinus	Phellinus igniarius		SPECIES	Phellinus alni (Bondartsev) Parmasto	Phellinus alni (Bondartsev) Parmasto	(Bondartsev) Parmasto	CA	Mirabel (Chemin de la Rivière du Nord)	Québec	PRESENT		ff7bd5db-b724-4932-b496-10ea298851f9	45.683917	-74.2185	100.0						1978-10-22	22	10	1978	2520866	2520862	PRESERVED_SPECIMEN	Université de Montréal Biodiversity Centre	CMMF	CMMF007199	Inexistant	McNeil, Raymond		CC0_1_0	Université de Montréal Biodiversity Centre	McNeil, Raymond			2024-01-24T16:38:21.054Z	StillImage	COORDINATE_ROUNDED;INSTITUTION_MATCH_FUZZY;COLLECTION_MATCH_FUZZY;DIFFERENT_OWNER_INSTITUTION
1135067624	21705170-d2b6-42de-8904-c3bca4b83591	CMMF006138	Fungi	Basidiomycota	Agaricomycetes	Hymenochaetales	Hymenochaetaceae	Phellinus	Phellinus igniarius		SPECIES	Phellinus alni (Bondartsev) Parmasto	Phellinus alni (Bondartsev) Parmasto	(Bondartsev) Parmasto	CA	Châteauguay	Québec	PRESENT		ff7bd5db-b724-4932-b496-10ea298851f9	45.35433	-73.774083	100.0						2005-05-19	19	5	2005	2520866	2520862	PRESERVED_SPECIMEN	Université de Montréal Biodiversity Centre	CMMF	CMMF006138	Inexistant	McNeil, Raymond		CC0_1_0	Université de Montréal Biodiversity Centre	McNeil, Raymond			2024-01-24T16:38:18.822Z	StillImage	COORDINATE_ROUNDED;INSTITUTION_MATCH_FUZZY;COLLECTION_MATCH_FUZZY;DIFFERENT_OWNER_INSTITUTION
1024558877	21705170-d2b6-42de-8904-c3bca4b83591	CMMF004262	Fungi	Basidiomycota	Agaricomycetes	Hymenochaetales	Hymenochaetaceae	Phellinus	Phellinus igniarius		SPECIES	Phellinus alni (Bondartsev) Parmasto	Phellinus alni (Bondartsev) Parmasto	(Bondartsev) Parmasto	CA	Réserve écologique du Boisé-des-Muir, Hinchinbrooke.	Québec	PRESENT		ff7bd5db-b724-4932-b496-10ea298851f9	45.086458	-74.11353	10.0						2012-07-09	9	7	2012	2520866	2520862	PRESERVED_SPECIMEN	Université de Montréal Biodiversity Centre	CMMF	CMMF004262	270	Nuzzolese, Joseph		CC0_1_0	Université de Montréal Biodiversity Centre	Archambault, Raymond; Langlois, Annabelle; McNeil, Raymond; Nuzzolese, Joseph; Turgon, Jean-Pierre			2024-01-24T16:38:18.706Z		INSTITUTION_MATCH_FUZZY;COLLECTION_MATCH_FUZZY;DIFFERENT_OWNER_INSTITUTION
