gbifID	datasetKey	occurrenceID	kingdom	phylum	class	order	family	genus	species	infraspecificEpithet	taxonRank	scientificName	verbatimScientificName	verbatimScientificNameAuthorship	countryCode	locality	stateProvince	occurrenceStatus	individualCount	publishingOrgKey	decimalLatitude	decimalLongitude	coordinateUncertaintyInMeters	coordinatePrecision	elevation	elevationAccuracy	depth	depthAccuracy	eventDate	day	month	year	taxonKey	speciesKey	basisOfRecord	institutionCode	collectionCode	catalogNumber	recordNumber	identifiedBy	dateIdentified	license	rightsHolder	recordedBy	typeStatus	establishmentMeans	lastInterpreted	mediaType	issue
694157115	d7cfd2ed-8af4-427f-a16e-eb66b7e2c419	14393	Fungi	Basidiomycota	Agaricomycetes	Agaricales	Hygrophoraceae	Gloioxanthomyces	Gloioxanthomyces nitidus		SPECIES	Hygrophorus nitidus Berk. & M.A.Curtis	Hygrophorus nitidus Berk. & M.A. Curtis	Berk. & M.A. Curtis	CA	University of Toronto Forest	Ontario	PRESENT		ff418020-1d67-11d9-8435-b8a03c50a862	45.183005	-78.85025	7575.0						1966-09-17	17	9	1966	2538823	7513750	PRESERVED_SPECIMEN	Royal Ontario Museum	TRTC	TRTC044559				CC0_1_0	Royal Ontario Museum	Cain, R.F.			2024-01-25T00:59:40.597Z		COORDINATE_ROUNDED;AMBIGUOUS_INSTITUTION
694156664	d7cfd2ed-8af4-427f-a16e-eb66b7e2c419	10861	Fungi	Basidiomycota	Agaricomycetes	Agaricales	Hygrophoraceae	Gloioxanthomyces	Gloioxanthomyces nitidus		SPECIES	Hygrophorus nitidus Berk. & M.A.Curtis	Hygrophorus nitidus Berk. & M.A. Curtis	Berk. & M.A. Curtis	CA	Algonquin Provincial Park, Cache Lake	Ontario	PRESENT		ff418020-1d67-11d9-8435-b8a03c50a862	45.540804	-78.58469	1590.0						1970-10-03	3	10	1970	2538823	7513750	PRESERVED_SPECIMEN	Royal Ontario Museum	TRTC	TRTC045828		Cain, R.F.		CC0_1_0	Royal Ontario Museum	Punugu, A.			2024-01-25T00:59:40.496Z		COORDINATE_ROUNDED;AMBIGUOUS_INSTITUTION
4994351438	50c9509d-22c7-4a22-a47d-8c48425ef4a7	https://www.inaturalist.org/observations/56706295	Fungi	Basidiomycota	Agaricomycetes	Agaricales	Hygrophoraceae	Gloioxanthomyces	Gloioxanthomyces nitidus		SPECIES	Gloioxanthomyces nitidus (Berk. & M.A.Curtis) Lodge, Vizzini, Ercole & Boertm.	Gloioxanthomyces nitidus		CA		Québec	PRESENT		28eb1a3f-1c15-4a95-931a-4af90ecb574d	46.34604	-74.506686	9.0						2020-08-11T10:38:30	11	8	2020	7513750	7513750	HUMAN_OBSERVATION	iNaturalist	Observations	56706295		cinna_latifolia	2021-08-11T00:03:59	CC_BY_NC_4_0	James Pagé	James Pagé			2025-01-14T12:14:28.585Z	StillImage	COORDINATE_ROUNDED;CONTINENT_DERIVED_FROM_COORDINATES;TAXON_MATCH_TAXON_ID_IGNORED
4980721693	50c9509d-22c7-4a22-a47d-8c48425ef4a7	https://www.inaturalist.org/observations/57253093	Fungi	Basidiomycota	Agaricomycetes	Agaricales	Hygrophoraceae	Gloioxanthomyces	Gloioxanthomyces nitidus		SPECIES	Gloioxanthomyces nitidus (Berk. & M.A.Curtis) Lodge, Vizzini, Ercole & Boertm.	Gloioxanthomyces nitidus		CA		Ontario	PRESENT		28eb1a3f-1c15-4a95-931a-4af90ecb574d	45.557307	-78.677915							2020-08-12	12	8	2020	7513750	7513750	HUMAN_OBSERVATION	iNaturalist	Observations	57253093		Nicolas Schwab	2023-04-26T21:06:46	CC_BY_NC_4_0	Brad Demers	Brad Demers			2025-01-14T12:14:18.492Z	StillImage	COORDINATE_ROUNDED;CONTINENT_DERIVED_FROM_COORDINATES;TAXON_MATCH_TAXON_ID_IGNORED
4954343873	50c9509d-22c7-4a22-a47d-8c48425ef4a7	https://www.inaturalist.org/observations/247306722	Fungi	Basidiomycota	Agaricomycetes	Agaricales	Hygrophoraceae	Gloioxanthomyces	Gloioxanthomyces nitidus		SPECIES	Gloioxanthomyces nitidus (Berk. & M.A.Curtis) Lodge, Vizzini, Ercole & Boertm.	Gloioxanthomyces nitidus		CA		New Brunswick	PRESENT		28eb1a3f-1c15-4a95-931a-4af90ecb574d	45.914766	-66.672788	8.0						2024-07-18T13:16	18	7	2024	7513750	7513750	HUMAN_OBSERVATION	iNaturalist	Observations	247306722		Dwayne Sabine	2024-10-14T13:43:36	CC_BY_NC_4_0	Dwayne Sabine	Dwayne Sabine			2025-01-14T13:40:38.942Z	StillImage	COORDINATE_ROUNDED;CONTINENT_DERIVED_FROM_COORDINATES;TAXON_MATCH_TAXON_ID_IGNORED
4952180712	50c9509d-22c7-4a22-a47d-8c48425ef4a7	https://www.inaturalist.org/observations/244778153	Fungi	Basidiomycota	Agaricomycetes	Agaricales	Hygrophoraceae	Gloioxanthomyces	Gloioxanthomyces nitidus		SPECIES	Gloioxanthomyces nitidus (Berk. & M.A.Curtis) Lodge, Vizzini, Ercole & Boertm.	Gloioxanthomyces nitidus		CA		New Brunswick	PRESENT		28eb1a3f-1c15-4a95-931a-4af90ecb574d	45.94215	-64.40937	130.0						2024-08-20T16:57:33	20	8	2024	7513750	7513750	HUMAN_OBSERVATION	iNaturalist	Observations	244778153		lwaye	2024-09-29T20:48:52	CC_BY_NC_4_0	lwaye	lwaye			2025-01-14T13:38:05.318Z	StillImage	CONTINENT_DERIVED_FROM_COORDINATES;TAXON_MATCH_TAXON_ID_IGNORED
4950550436	50c9509d-22c7-4a22-a47d-8c48425ef4a7	https://www.inaturalist.org/observations/244008842	Fungi	Basidiomycota	Agaricomycetes	Agaricales	Hygrophoraceae	Gloioxanthomyces	Gloioxanthomyces nitidus		SPECIES	Gloioxanthomyces nitidus (Berk. & M.A.Curtis) Lodge, Vizzini, Ercole & Boertm.	Gloioxanthomyces nitidus		CA		Ontario	PRESENT		28eb1a3f-1c15-4a95-931a-4af90ecb574d	45.520517	-78.39325	4.0						2024-09-23T13:15:19	23	9	2024	7513750	7513750	HUMAN_OBSERVATION	iNaturalist	Observations	244008842		vectoris	2024-09-25T18:06:55	CC_BY_NC_4_0	vectoris	vectoris			2025-01-14T13:40:53.120Z	StillImage	COORDINATE_ROUNDED;CONTINENT_DERIVED_FROM_COORDINATES;TAXON_MATCH_TAXON_ID_IGNORED
4949835389	50c9509d-22c7-4a22-a47d-8c48425ef4a7	https://www.inaturalist.org/observations/243840606	Fungi	Basidiomycota	Agaricomycetes	Agaricales	Hygrophoraceae	Gloioxanthomyces	Gloioxanthomyces nitidus		SPECIES	Gloioxanthomyces nitidus (Berk. & M.A.Curtis) Lodge, Vizzini, Ercole & Boertm.	Gloioxanthomyces nitidus		CA		Ontario	PRESENT		28eb1a3f-1c15-4a95-931a-4af90ecb574d	45.530032	-78.674398	122.0						2024-08-23T14:12	23	8	2024	7513750	7513750	HUMAN_OBSERVATION	iNaturalist	Observations	243840606		louisetrussler	2024-09-24T18:50:08	CC_BY_NC_4_0	louisetrussler	louisetrussler			2025-01-14T13:44:20.044Z	StillImage	COORDINATE_ROUNDED;CONTINENT_DERIVED_FROM_COORDINATES;TAXON_MATCH_TAXON_ID_IGNORED
4946163692	50c9509d-22c7-4a22-a47d-8c48425ef4a7	https://www.inaturalist.org/observations/240245836	Fungi	Basidiomycota	Agaricomycetes	Agaricales	Hygrophoraceae	Gloioxanthomyces	Gloioxanthomyces nitidus		SPECIES	Gloioxanthomyces nitidus (Berk. & M.A.Curtis) Lodge, Vizzini, Ercole & Boertm.	Gloioxanthomyces nitidus		CA		Ontario	PRESENT		28eb1a3f-1c15-4a95-931a-4af90ecb574d	45.516054	-78.611146	1401.0						2024-09-05T12:15	5	9	2024	7513750	7513750	HUMAN_OBSERVATION	iNaturalist	Observations	240245836		L Joan Heyding	2024-09-07T02:04:05	CC_BY_NC_4_0	L Joan Heyding	L Joan Heyding			2025-01-14T12:53:37.862Z	StillImage	COORDINATE_ROUNDED;CONTINENT_DERIVED_FROM_COORDINATES;TAXON_MATCH_TAXON_ID_IGNORED
4946096161	50c9509d-22c7-4a22-a47d-8c48425ef4a7	https://www.inaturalist.org/observations/240067785	Fungi	Basidiomycota	Agaricomycetes	Agaricales	Hygrophoraceae	Gloioxanthomyces	Gloioxanthomyces nitidus		SPECIES	Gloioxanthomyces nitidus (Berk. & M.A.Curtis) Lodge, Vizzini, Ercole & Boertm.	Gloioxanthomyces nitidus		CA		Québec	PRESENT		28eb1a3f-1c15-4a95-931a-4af90ecb574d	46.087092	-73.94189	1224.0						2024-09-05T16:33:15	5	9	2024	7513750	7513750	HUMAN_OBSERVATION	iNaturalist	Observations	240067785		lelfe	2024-09-06T01:38:36	CC_BY_NC_4_0	lelfe	lelfe			2025-01-14T13:42:57.650Z	StillImage	COORDINATE_ROUNDED;CONTINENT_DERIVED_FROM_COORDINATES;TAXON_MATCH_TAXON_ID_IGNORED
4945729382	50c9509d-22c7-4a22-a47d-8c48425ef4a7	https://www.inaturalist.org/observations/240068946	Fungi	Basidiomycota	Agaricomycetes	Agaricales	Hygrophoraceae	Gloioxanthomyces	Gloioxanthomyces nitidus		SPECIES	Gloioxanthomyces nitidus (Berk. & M.A.Curtis) Lodge, Vizzini, Ercole & Boertm.	Gloioxanthomyces nitidus		CA		Ontario	PRESENT		28eb1a3f-1c15-4a95-931a-4af90ecb574d	45.351267	-75.378085							2024-09-05T15:04	5	9	2024	7513750	7513750	HUMAN_OBSERVATION	iNaturalist	Observations	240068946		jonathan_mack	2024-09-06T01:47:24	CC_BY_NC_4_0	jonathan_mack	jonathan_mack			2025-01-14T12:54:09.034Z	StillImage	COORDINATE_ROUNDED;CONTINENT_DERIVED_FROM_COORDINATES;TAXON_MATCH_TAXON_ID_IGNORED
4937182256	50c9509d-22c7-4a22-a47d-8c48425ef4a7	https://www.inaturalist.org/observations/238715378	Fungi	Basidiomycota	Agaricomycetes	Agaricales	Hygrophoraceae	Gloioxanthomyces	Gloioxanthomyces nitidus		SPECIES	Gloioxanthomyces nitidus (Berk. & M.A.Curtis) Lodge, Vizzini, Ercole & Boertm.	Gloioxanthomyces nitidus		CA		Ontario	PRESENT		28eb1a3f-1c15-4a95-931a-4af90ecb574d	45.589747	-78.339088	32.0						2024-08-28T13:35:06	28	8	2024	7513750	7513750	HUMAN_OBSERVATION	iNaturalist	Observations	238715378		mushana	2024-08-30T03:57:03	CC_BY_NC_4_0	mushana	mushana			2025-01-14T13:42:57.483Z	StillImage	COORDINATE_ROUNDED;CONTINENT_DERIVED_FROM_COORDINATES;TAXON_MATCH_TAXON_ID_IGNORED
4936741445	50c9509d-22c7-4a22-a47d-8c48425ef4a7	https://www.inaturalist.org/observations/237978521	Fungi	Basidiomycota	Agaricomycetes	Agaricales	Hygrophoraceae	Gloioxanthomyces	Gloioxanthomyces nitidus		SPECIES	Gloioxanthomyces nitidus (Berk. & M.A.Curtis) Lodge, Vizzini, Ercole & Boertm.	Gloioxanthomyces nitidus		CA		Québec	PRESENT		28eb1a3f-1c15-4a95-931a-4af90ecb574d	45.872811	-76.4339	501.0						2024-08-24T12:04	24	8	2024	7513750	7513750	HUMAN_OBSERVATION	iNaturalist	Observations	237978521		L Joan Heyding	2024-08-26T00:26:35	CC_BY_NC_4_0	L Joan Heyding	L Joan Heyding			2025-01-14T12:49:06.679Z	StillImage	COORDINATE_ROUNDED;CONTINENT_DERIVED_FROM_COORDINATES;TAXON_MATCH_TAXON_ID_IGNORED
4936529784	50c9509d-22c7-4a22-a47d-8c48425ef4a7	https://www.inaturalist.org/observations/178524356	Fungi	Basidiomycota	Agaricomycetes	Agaricales	Hygrophoraceae	Gloioxanthomyces	Gloioxanthomyces nitidus		SPECIES	Gloioxanthomyces nitidus (Berk. & M.A.Curtis) Lodge, Vizzini, Ercole & Boertm.	Gloioxanthomyces nitidus		CA		Québec	PRESENT		28eb1a3f-1c15-4a95-931a-4af90ecb574d	46.15829	-73.868337							2023-08-12T09:15:35	12	8	2023	7513750	7513750	HUMAN_OBSERVATION	iNaturalist	Observations	178524356		amanitamozart	2023-08-28T00:50:28	CC_BY_4_0	viandemoisie	viandemoisie			2025-01-14T12:43:28.682Z		COORDINATE_ROUNDED;CONTINENT_DERIVED_FROM_COORDINATES;TAXON_MATCH_TAXON_ID_IGNORED
4936359466	50c9509d-22c7-4a22-a47d-8c48425ef4a7	https://www.inaturalist.org/observations/239689368	Fungi	Basidiomycota	Agaricomycetes	Agaricales	Hygrophoraceae	Gloioxanthomyces	Gloioxanthomyces nitidus		SPECIES	Gloioxanthomyces nitidus (Berk. & M.A.Curtis) Lodge, Vizzini, Ercole & Boertm.	Gloioxanthomyces nitidus		CA		Québec	PRESENT		28eb1a3f-1c15-4a95-931a-4af90ecb574d	48.545528	-71.623887	54.0						2024-09-01T09:26	1	9	2024	7513750	7513750	HUMAN_OBSERVATION	iNaturalist	Observations	239689368		jonathan_mack	2024-09-03T21:42:50	CC_BY_NC_4_0	jonathan_mack	jonathan_mack			2025-01-14T12:53:34.524Z	StillImage	COORDINATE_ROUNDED;CONTINENT_DERIVED_FROM_COORDINATES;TAXON_MATCH_TAXON_ID_IGNORED
4936270743	50c9509d-22c7-4a22-a47d-8c48425ef4a7	https://www.inaturalist.org/observations/239283577	Fungi	Basidiomycota	Agaricomycetes	Agaricales	Hygrophoraceae	Gloioxanthomyces	Gloioxanthomyces nitidus		SPECIES	Gloioxanthomyces nitidus (Berk. & M.A.Curtis) Lodge, Vizzini, Ercole & Boertm.	Gloioxanthomyces nitidus		CA		Québec	PRESENT		28eb1a3f-1c15-4a95-931a-4af90ecb574d	46.957762	-71.399748							2024-09-01T12:59:11	1	9	2024	7513750	7513750	HUMAN_OBSERVATION	iNaturalist	Observations	239283577		G Roy	2024-09-01T22:39:19	CC_BY_NC_4_0	G Roy	G Roy			2025-01-14T12:49:12.700Z	StillImage	COORDINATE_ROUNDED;CONTINENT_DERIVED_FROM_COORDINATES;TAXON_MATCH_TAXON_ID_IGNORED
4936068473	50c9509d-22c7-4a22-a47d-8c48425ef4a7	https://www.inaturalist.org/observations/238475266	Fungi	Basidiomycota	Agaricomycetes	Agaricales	Hygrophoraceae	Gloioxanthomyces	Gloioxanthomyces nitidus		SPECIES	Gloioxanthomyces nitidus (Berk. & M.A.Curtis) Lodge, Vizzini, Ercole & Boertm.	Gloioxanthomyces nitidus		CA		New Brunswick	PRESENT		28eb1a3f-1c15-4a95-931a-4af90ecb574d	45.771181	-66.796089							2024-08-28T14:15:30	28	8	2024	7513750	7513750	HUMAN_OBSERVATION	iNaturalist	Observations	238475266		Sean Rhindress	2024-08-28T19:56:42	CC_BY_NC_4_0	Sean Rhindress	Sean Rhindress			2025-01-14T12:53:34.398Z	StillImage	COORDINATE_ROUNDED;CONTINENT_DERIVED_FROM_COORDINATES;TAXON_MATCH_TAXON_ID_IGNORED
4935818318	50c9509d-22c7-4a22-a47d-8c48425ef4a7	https://www.inaturalist.org/observations/239541939	Fungi	Basidiomycota	Agaricomycetes	Agaricales	Hygrophoraceae	Gloioxanthomyces	Gloioxanthomyces nitidus		SPECIES	Gloioxanthomyces nitidus (Berk. & M.A.Curtis) Lodge, Vizzini, Ercole & Boertm.	Gloioxanthomyces nitidus		CA		New Brunswick	PRESENT		28eb1a3f-1c15-4a95-931a-4af90ecb574d	45.965247	-66.920442	108.0						2024-09-02T12:56:47	2	9	2024	7513750	7513750	HUMAN_OBSERVATION	iNaturalist	Observations	239541939		Mireille Leblanc	2024-09-03T02:39:46	CC_BY_NC_4_0	Mireille Leblanc	Mireille Leblanc			2025-01-14T13:43:14.276Z	StillImage	COORDINATE_ROUNDED;CONTINENT_DERIVED_FROM_COORDINATES;TAXON_MATCH_TAXON_ID_IGNORED
4926316168	50c9509d-22c7-4a22-a47d-8c48425ef4a7	https://www.inaturalist.org/observations/236977040	Fungi	Basidiomycota	Agaricomycetes	Agaricales	Hygrophoraceae	Gloioxanthomyces	Gloioxanthomyces nitidus		SPECIES	Gloioxanthomyces nitidus (Berk. & M.A.Curtis) Lodge, Vizzini, Ercole & Boertm.	Gloioxanthomyces nitidus		CA		Nova Scotia	PRESENT		28eb1a3f-1c15-4a95-931a-4af90ecb574d	45.13293	-64.660779	15.0						2024-08-18T10:28	18	8	2024	7513750	7513750	HUMAN_OBSERVATION	iNaturalist	Observations	236977040		Kim and Jamie	2024-08-20T20:07:59	CC_BY_NC_4_0	Kim and Jamie	Kim and Jamie			2025-01-14T13:38:44.666Z	StillImage	COORDINATE_ROUNDED;CONTINENT_DERIVED_FROM_COORDINATES;TAXON_MATCH_TAXON_ID_IGNORED
4926237976	50c9509d-22c7-4a22-a47d-8c48425ef4a7	https://www.inaturalist.org/observations/236002625	Fungi	Basidiomycota	Agaricomycetes	Agaricales	Hygrophoraceae	Gloioxanthomyces	Gloioxanthomyces nitidus		SPECIES	Gloioxanthomyces nitidus (Berk. & M.A.Curtis) Lodge, Vizzini, Ercole & Boertm.	Gloioxanthomyces nitidus		CA		Québec	PRESENT		28eb1a3f-1c15-4a95-931a-4af90ecb574d	47.364353	-70.046653	5.0						2024-08-15T15:57:45	15	8	2024	7513750	7513750	HUMAN_OBSERVATION	iNaturalist	Observations	236002625		jestre	2024-08-16T00:08:53	CC_BY_NC_4_0	jestre	jestre			2025-01-14T13:43:30.179Z	StillImage	COORDINATE_ROUNDED;CONTINENT_DERIVED_FROM_COORDINATES;TAXON_MATCH_TAXON_ID_IGNORED
4926225460	50c9509d-22c7-4a22-a47d-8c48425ef4a7	https://www.inaturalist.org/observations/236818304	Fungi	Basidiomycota	Agaricomycetes	Agaricales	Hygrophoraceae	Gloioxanthomyces	Gloioxanthomyces nitidus		SPECIES	Gloioxanthomyces nitidus (Berk. & M.A.Curtis) Lodge, Vizzini, Ercole & Boertm.	Gloioxanthomyces nitidus		CA		New Brunswick	PRESENT		28eb1a3f-1c15-4a95-931a-4af90ecb574d	45.274442	-66.323272	50.0						2024-08-18T10:32	18	8	2024	7513750	7513750	HUMAN_OBSERVATION	iNaturalist	Observations	236818304		Alfredo Justo	2024-08-19T23:45:56	CC_BY_NC_4_0	Alfredo Justo	Alfredo Justo			2025-01-14T13:38:45.239Z	StillImage	COORDINATE_ROUNDED;CONTINENT_DERIVED_FROM_COORDINATES;TAXON_MATCH_TAXON_ID_IGNORED
4926054144	50c9509d-22c7-4a22-a47d-8c48425ef4a7	https://www.inaturalist.org/observations/236124725	Fungi	Basidiomycota	Agaricomycetes	Agaricales	Hygrophoraceae	Gloioxanthomyces	Gloioxanthomyces nitidus		SPECIES	Gloioxanthomyces nitidus (Berk. & M.A.Curtis) Lodge, Vizzini, Ercole & Boertm.	Gloioxanthomyces nitidus		CA		New Brunswick	PRESENT		28eb1a3f-1c15-4a95-931a-4af90ecb574d	45.205484	-66.407097							2024-08-16T10:55:41	16	8	2024	7513750	7513750	HUMAN_OBSERVATION	iNaturalist	Observations	236124725		Renée Lebeuf	2024-08-16T17:44:50	CC_BY_NC_4_0	Renée Lebeuf	Renée Lebeuf			2025-01-14T12:56:35.599Z	StillImage	CONTINENT_DERIVED_FROM_COORDINATES;TAXON_MATCH_TAXON_ID_IGNORED
4925876861	50c9509d-22c7-4a22-a47d-8c48425ef4a7	https://www.inaturalist.org/observations/236121783	Fungi	Basidiomycota	Agaricomycetes	Agaricales	Hygrophoraceae	Gloioxanthomyces	Gloioxanthomyces nitidus		SPECIES	Gloioxanthomyces nitidus (Berk. & M.A.Curtis) Lodge, Vizzini, Ercole & Boertm.	Gloioxanthomyces nitidus		CA		New Brunswick	PRESENT		28eb1a3f-1c15-4a95-931a-4af90ecb574d	45.945378	-64.409813	14.0						2024-08-15T10:28:48	15	8	2024	7513750	7513750	HUMAN_OBSERVATION	iNaturalist	Observations	236121783		Laura O'Connor	2024-08-16T17:28:15	CC_BY_NC_4_0	Laura O'Connor	Laura O'Connor			2025-01-14T12:57:32.204Z	StillImage	COORDINATE_ROUNDED;CONTINENT_DERIVED_FROM_COORDINATES;TAXON_MATCH_TAXON_ID_IGNORED
4925826771	50c9509d-22c7-4a22-a47d-8c48425ef4a7	https://www.inaturalist.org/observations/236959283	Fungi	Basidiomycota	Agaricomycetes	Agaricales	Hygrophoraceae	Gloioxanthomyces	Gloioxanthomyces nitidus		SPECIES	Gloioxanthomyces nitidus (Berk. & M.A.Curtis) Lodge, Vizzini, Ercole & Boertm.	Gloioxanthomyces nitidus		CA		New Brunswick	PRESENT		28eb1a3f-1c15-4a95-931a-4af90ecb574d	45.352139	-66.311333	5.0						2024-08-20T10:20	20	8	2024	7513750	7513750	HUMAN_OBSERVATION	iNaturalist	Observations	236959283		Ken Sanderson	2024-08-20T18:38:17	CC_BY_NC_4_0	Ken Sanderson	Ken Sanderson			2025-01-14T13:47:32.243Z	StillImage	COORDINATE_ROUNDED;CONTINENT_DERIVED_FROM_COORDINATES;TAXON_MATCH_TAXON_ID_IGNORED
4924182179	50c9509d-22c7-4a22-a47d-8c48425ef4a7	https://www.inaturalist.org/observations/234595168	Fungi	Basidiomycota	Agaricomycetes	Agaricales	Hygrophoraceae	Gloioxanthomyces	Gloioxanthomyces nitidus		SPECIES	Gloioxanthomyces nitidus (Berk. & M.A.Curtis) Lodge, Vizzini, Ercole & Boertm.	Gloioxanthomyces nitidus		CA		Nova Scotia	PRESENT		28eb1a3f-1c15-4a95-931a-4af90ecb574d	45.902673	-64.122369	11.0						2024-08-08T15:22	8	8	2024	7513750	7513750	HUMAN_OBSERVATION	iNaturalist	Observations	234595168		Ben	2024-08-08T22:18:03	CC_BY_NC_4_0	Ben	Ben			2025-01-14T13:38:23.062Z	StillImage	COORDINATE_ROUNDED;CONTINENT_DERIVED_FROM_COORDINATES;TAXON_MATCH_TAXON_ID_IGNORED
4923981609	50c9509d-22c7-4a22-a47d-8c48425ef4a7	https://www.inaturalist.org/observations/234270635	Fungi	Basidiomycota	Agaricomycetes	Agaricales	Hygrophoraceae	Gloioxanthomyces	Gloioxanthomyces nitidus		SPECIES	Gloioxanthomyces nitidus (Berk. & M.A.Curtis) Lodge, Vizzini, Ercole & Boertm.	Gloioxanthomyces nitidus		CA		Ontario	PRESENT		28eb1a3f-1c15-4a95-931a-4af90ecb574d	45.529247	-78.707062	5005.0						2024-08-06T14:16:02	6	8	2024	7513750	7513750	HUMAN_OBSERVATION	iNaturalist	Observations	234270635		mushana	2024-08-07T03:22:31	CC_BY_NC_4_0	mushana	mushana			2025-01-14T13:43:19.153Z	StillImage	COORDINATE_ROUNDED;CONTINENT_DERIVED_FROM_COORDINATES;TAXON_MATCH_TAXON_ID_IGNORED
4923680961	50c9509d-22c7-4a22-a47d-8c48425ef4a7	https://www.inaturalist.org/observations/235125130	Fungi	Basidiomycota	Agaricomycetes	Agaricales	Hygrophoraceae	Gloioxanthomyces	Gloioxanthomyces nitidus		SPECIES	Gloioxanthomyces nitidus (Berk. & M.A.Curtis) Lodge, Vizzini, Ercole & Boertm.	Gloioxanthomyces nitidus		CA		Québec	PRESENT		28eb1a3f-1c15-4a95-931a-4af90ecb574d	46.087714	-74.425269	471.0						2024-08-11T11:24:48	11	8	2024	7513750	7513750	HUMAN_OBSERVATION	iNaturalist	Observations	235125130		little_frog	2024-08-11T15:38:49	CC_BY_NC_4_0	little_frog	little_frog			2025-01-14T13:43:13.037Z	StillImage	COORDINATE_ROUNDED;CONTINENT_DERIVED_FROM_COORDINATES;TAXON_MATCH_TAXON_ID_IGNORED
4921752952	50c9509d-22c7-4a22-a47d-8c48425ef4a7	https://www.inaturalist.org/observations/232846217	Fungi	Basidiomycota	Agaricomycetes	Agaricales	Hygrophoraceae	Gloioxanthomyces	Gloioxanthomyces nitidus		SPECIES	Gloioxanthomyces nitidus (Berk. & M.A.Curtis) Lodge, Vizzini, Ercole & Boertm.	Gloioxanthomyces nitidus		CA		Québec	PRESENT		28eb1a3f-1c15-4a95-931a-4af90ecb574d	47.112359	-71.35613							2024-07-30T17:10:08	30	7	2024	7513750	7513750	HUMAN_OBSERVATION	iNaturalist	Observations	232846217		Shark	2024-07-31T06:01:30	CC_BY_NC_4_0	Shark	Shark			2025-01-14T12:55:50.324Z	StillImage	COORDINATE_ROUNDED;CONTINENT_DERIVED_FROM_COORDINATES;TAXON_MATCH_TAXON_ID_IGNORED
4921497184	50c9509d-22c7-4a22-a47d-8c48425ef4a7	https://www.inaturalist.org/observations/233138040	Fungi	Basidiomycota	Agaricomycetes	Agaricales	Hygrophoraceae	Gloioxanthomyces	Gloioxanthomyces nitidus		SPECIES	Gloioxanthomyces nitidus (Berk. & M.A.Curtis) Lodge, Vizzini, Ercole & Boertm.	Gloioxanthomyces nitidus		CA		Québec	PRESENT		28eb1a3f-1c15-4a95-931a-4af90ecb574d	45.608428	-75.645053	4.0						2024-08-01T14:02	1	8	2024	7513750	7513750	HUMAN_OBSERVATION	iNaturalist	Observations	233138040		Guy Laflamme	2024-08-01T18:33:42	CC_BY_NC_4_0	Guy Laflamme	Guy Laflamme			2025-01-14T12:55:53.434Z	StillImage	COORDINATE_ROUNDED;CONTINENT_DERIVED_FROM_COORDINATES;TAXON_MATCH_TAXON_ID_IGNORED
4911135019	50c9509d-22c7-4a22-a47d-8c48425ef4a7	https://www.inaturalist.org/observations/230610125	Fungi	Basidiomycota	Agaricomycetes	Agaricales	Hygrophoraceae	Gloioxanthomyces	Gloioxanthomyces nitidus		SPECIES	Gloioxanthomyces nitidus (Berk. & M.A.Curtis) Lodge, Vizzini, Ercole & Boertm.	Gloioxanthomyces nitidus		CA		Québec	PRESENT		28eb1a3f-1c15-4a95-931a-4af90ecb574d	46.337376	-74.513245							2024-07-18T09:22	18	7	2024	7513750	7513750	HUMAN_OBSERVATION	iNaturalist	Observations	230610125		karolanegb	2024-07-20T22:30:14	CC_BY_NC_4_0	karolanegb	karolanegb			2025-01-14T13:41:53.609Z	StillImage	COORDINATE_ROUNDED;CONTINENT_DERIVED_FROM_COORDINATES;TAXON_MATCH_TAXON_ID_IGNORED
4910669823	50c9509d-22c7-4a22-a47d-8c48425ef4a7	https://www.inaturalist.org/observations/230622640	Fungi	Basidiomycota	Agaricomycetes	Agaricales	Hygrophoraceae	Gloioxanthomyces	Gloioxanthomyces nitidus		SPECIES	Gloioxanthomyces nitidus (Berk. & M.A.Curtis) Lodge, Vizzini, Ercole & Boertm.	Gloioxanthomyces nitidus		CA		New Brunswick	PRESENT		28eb1a3f-1c15-4a95-931a-4af90ecb574d	45.791633	-66.856626							2024-07-20T14:38:09	20	7	2024	7513750	7513750	HUMAN_OBSERVATION	iNaturalist	Observations	230622640		Andrew MacPherson	2024-07-20T23:40:45	CC0_1_0	Andrew MacPherson	Andrew MacPherson			2025-01-14T13:42:08.655Z	StillImage	COORDINATE_ROUNDED;CONTINENT_DERIVED_FROM_COORDINATES;TAXON_MATCH_TAXON_ID_IGNORED
4908585702	50c9509d-22c7-4a22-a47d-8c48425ef4a7	https://www.inaturalist.org/observations/228887203	Fungi	Basidiomycota	Agaricomycetes	Agaricales	Hygrophoraceae	Gloioxanthomyces	Gloioxanthomyces nitidus		SPECIES	Gloioxanthomyces nitidus (Berk. & M.A.Curtis) Lodge, Vizzini, Ercole & Boertm.	Gloioxanthomyces nitidus		CA		New Brunswick	PRESENT		28eb1a3f-1c15-4a95-931a-4af90ecb574d	45.791426	-66.856888							2024-07-12T11:53:07	12	7	2024	7513750	7513750	HUMAN_OBSERVATION	iNaturalist	Observations	228887203		Andrew MacPherson	2024-07-12T19:48:17	CC0_1_0	Andrew MacPherson	Andrew MacPherson			2025-01-14T12:49:38.677Z	StillImage	COORDINATE_ROUNDED;CONTINENT_DERIVED_FROM_COORDINATES;TAXON_MATCH_TAXON_ID_IGNORED
4901888215	50c9509d-22c7-4a22-a47d-8c48425ef4a7	https://www.inaturalist.org/observations/96024749	Fungi	Basidiomycota	Agaricomycetes	Agaricales	Hygrophoraceae	Gloioxanthomyces	Gloioxanthomyces nitidus		SPECIES	Gloioxanthomyces nitidus (Berk. & M.A.Curtis) Lodge, Vizzini, Ercole & Boertm.	Gloioxanthomyces nitidus		CA		New Brunswick	PRESENT		28eb1a3f-1c15-4a95-931a-4af90ecb574d	46.76995	-64.96405							2021-09-24T15:49:44	24	9	2021	7513750	7513750	HUMAN_OBSERVATION	iNaturalist	Observations	96024749		Ben	2022-02-14T18:34:49	CC_BY_NC_4_0	Mira DC	Mira DC			2025-01-14T13:15:40.174Z	StillImage	CONTINENT_DERIVED_FROM_COORDINATES;TAXON_MATCH_TAXON_ID_IGNORED
4900901215	50c9509d-22c7-4a22-a47d-8c48425ef4a7	https://www.inaturalist.org/observations/177397315	Fungi	Basidiomycota	Agaricomycetes	Agaricales	Hygrophoraceae	Gloioxanthomyces	Gloioxanthomyces nitidus		SPECIES	Gloioxanthomyces nitidus (Berk. & M.A.Curtis) Lodge, Vizzini, Ercole & Boertm.	Gloioxanthomyces nitidus		CA		Ontario	PRESENT		28eb1a3f-1c15-4a95-931a-4af90ecb574d	45.585566	-78.506543	9.0						2023-07-24T10:05:05	24	7	2023	7513750	7513750	HUMAN_OBSERVATION	iNaturalist	Observations	177397315		Jan Thornhill	2023-12-18T13:16:09	CC_BY_NC_4_0	karenlanderson	karenlanderson			2025-01-14T13:31:44.129Z	StillImage	COORDINATE_ROUNDED;CONTINENT_DERIVED_FROM_COORDINATES;TAXON_MATCH_TAXON_ID_IGNORED
4891788340	50c9509d-22c7-4a22-a47d-8c48425ef4a7	https://www.inaturalist.org/observations/198973510	Fungi	Basidiomycota	Agaricomycetes	Agaricales	Hygrophoraceae	Gloioxanthomyces	Gloioxanthomyces nitidus		SPECIES	Gloioxanthomyces nitidus (Berk. & M.A.Curtis) Lodge, Vizzini, Ercole & Boertm.	Gloioxanthomyces nitidus		CA		Ontario	PRESENT		28eb1a3f-1c15-4a95-931a-4af90ecb574d	45.430827	-76.498676	100.0						2022-09-11T11:53:59	11	9	2022	7513750	7513750	HUMAN_OBSERVATION	iNaturalist	Observations	198973510		Jan Thornhill	2024-03-29T12:49:53	CC_BY_NC_4_0	Owen Clarkin	Owen Clarkin			2025-01-14T12:44:24.387Z	StillImage	COORDINATE_ROUNDED;CONTINENT_DERIVED_FROM_COORDINATES;TAXON_MATCH_TAXON_ID_IGNORED
4600123112	50c9509d-22c7-4a22-a47d-8c48425ef4a7	https://www.inaturalist.org/observations/204046349	Fungi	Basidiomycota	Agaricomycetes	Agaricales	Hygrophoraceae	Gloioxanthomyces	Gloioxanthomyces nitidus		SPECIES	Gloioxanthomyces nitidus (Berk. & M.A.Curtis) Lodge, Vizzini, Ercole & Boertm.	Gloioxanthomyces nitidus		CA		Québec	PRESENT		28eb1a3f-1c15-4a95-931a-4af90ecb574d	48.575684	-64.350134	7.0						2022-09-19T10:23:37	19	9	2022	7513750	7513750	HUMAN_OBSERVATION	iNaturalist	Observations	204046349		amanitamozart	2024-03-26T21:44:28	CC_BY_NC_4_0	Gabrielle Boucher	Gabrielle Boucher			2025-01-14T13:39:02.195Z	StillImage	COORDINATE_ROUNDED;CONTINENT_DERIVED_FROM_COORDINATES;TAXON_MATCH_TAXON_ID_IGNORED
4535621613	50c9509d-22c7-4a22-a47d-8c48425ef4a7	https://www.inaturalist.org/observations/130644991	Fungi	Basidiomycota	Agaricomycetes	Agaricales	Hygrophoraceae	Gloioxanthomyces	Gloioxanthomyces nitidus		SPECIES	Gloioxanthomyces nitidus (Berk. & M.A.Curtis) Lodge, Vizzini, Ercole & Boertm.	Gloioxanthomyces nitidus		CA		Québec	PRESENT		28eb1a3f-1c15-4a95-931a-4af90ecb574d	46.132846	-74.579153	27063.0						2022-08-12T14:08:17	12	8	2022	7513750	7513750	HUMAN_OBSERVATION	iNaturalist	Observations	130644991		JBoulard	2022-08-13T16:16:22	CC_BY_NC_4_0	JBoulard	JBoulard			2025-01-14T12:32:09.797Z	StillImage	COORDINATE_ROUNDED;CONTINENT_DERIVED_FROM_COORDINATES;TAXON_MATCH_TAXON_ID_IGNORED
4535576231	50c9509d-22c7-4a22-a47d-8c48425ef4a7	https://www.inaturalist.org/observations/200443916	Fungi	Basidiomycota	Agaricomycetes	Agaricales	Hygrophoraceae	Gloioxanthomyces	Gloioxanthomyces nitidus		SPECIES	Gloioxanthomyces nitidus (Berk. & M.A.Curtis) Lodge, Vizzini, Ercole & Boertm.	Gloioxanthomyces nitidus		CA		New Brunswick	PRESENT		28eb1a3f-1c15-4a95-931a-4af90ecb574d	46.000219	-66.764175							2023-08-22T13:02	22	8	2023	7513750	7513750	HUMAN_OBSERVATION	iNaturalist	Observations	200443916		Dwayne Sabine	2024-02-25T21:41:59	CC_BY_NC_4_0	Dwayne Sabine	Dwayne Sabine			2025-01-14T13:38:19.179Z	StillImage	COORDINATE_ROUNDED;CONTINENT_DERIVED_FROM_COORDINATES;TAXON_MATCH_TAXON_ID_IGNORED
4512091112	50c9509d-22c7-4a22-a47d-8c48425ef4a7	https://www.inaturalist.org/observations/174659271	Fungi	Basidiomycota	Agaricomycetes	Agaricales	Hygrophoraceae	Gloioxanthomyces	Gloioxanthomyces nitidus		SPECIES	Gloioxanthomyces nitidus (Berk. & M.A.Curtis) Lodge, Vizzini, Ercole & Boertm.	Gloioxanthomyces nitidus		CA		Ontario	PRESENT		28eb1a3f-1c15-4a95-931a-4af90ecb574d	45.269538	-79.21421	357.0						2023-07-23T19:18	23	7	2023	7513750	7513750	HUMAN_OBSERVATION	iNaturalist	Observations	174659271		Abby Ciona	2023-07-24T11:25:49	CC_BY_4_0	Abby Ciona	Abby Ciona			2025-01-14T13:25:57.597Z	StillImage	COORDINATE_ROUNDED;CONTINENT_DERIVED_FROM_COORDINATES;TAXON_MATCH_TAXON_ID_IGNORED
4453911230	50c9509d-22c7-4a22-a47d-8c48425ef4a7	https://www.inaturalist.org/observations/191930165	Fungi	Basidiomycota	Agaricomycetes	Agaricales	Hygrophoraceae	Gloioxanthomyces	Gloioxanthomyces nitidus		SPECIES	Gloioxanthomyces nitidus (Berk. & M.A.Curtis) Lodge, Vizzini, Ercole & Boertm.	Gloioxanthomyces nitidus		CA		Québec	PRESENT		28eb1a3f-1c15-4a95-931a-4af90ecb574d	46.149212	-76.501157	15.0						2023-09-07T14:39	7	9	2023	7513750	7513750	HUMAN_OBSERVATION	iNaturalist	Observations	191930165		Cynthia Desrochers	2023-11-24T10:13:35	CC_BY_NC_4_0	Cynthia Desrochers	Cynthia Desrochers			2025-01-14T12:43:36.503Z	StillImage	COORDINATE_ROUNDED;CONTINENT_DERIVED_FROM_COORDINATES;TAXON_MATCH_TAXON_ID_IGNORED
4442646951	50c9509d-22c7-4a22-a47d-8c48425ef4a7	https://www.inaturalist.org/observations/184698946	Fungi	Basidiomycota	Agaricomycetes	Agaricales	Hygrophoraceae	Gloioxanthomyces	Gloioxanthomyces nitidus		SPECIES	Gloioxanthomyces nitidus (Berk. & M.A.Curtis) Lodge, Vizzini, Ercole & Boertm.	Gloioxanthomyces nitidus		CA		Ontario	PRESENT		28eb1a3f-1c15-4a95-931a-4af90ecb574d	45.51563	-75.346224	52.0						2023-09-23T10:42	23	9	2023	7513750	7513750	HUMAN_OBSERVATION	iNaturalist	Observations	184698946		jonathan_mack	2023-09-24T14:40:03	CC_BY_NC_4_0	jonathan_mack	jonathan_mack			2025-01-14T12:42:35.759Z	StillImage	COORDINATE_ROUNDED;CONTINENT_DERIVED_FROM_COORDINATES;TAXON_MATCH_TAXON_ID_IGNORED
4416930524	50c9509d-22c7-4a22-a47d-8c48425ef4a7	https://www.inaturalist.org/observations/176958553	Fungi	Basidiomycota	Agaricomycetes	Agaricales	Hygrophoraceae	Gloioxanthomyces	Gloioxanthomyces nitidus		SPECIES	Gloioxanthomyces nitidus (Berk. & M.A.Curtis) Lodge, Vizzini, Ercole & Boertm.	Gloioxanthomyces nitidus		CA		Québec	PRESENT		28eb1a3f-1c15-4a95-931a-4af90ecb574d	46.756737	-71.321324	319.0						2023-08-05T12:23:42	5	8	2023	7513750	7513750	HUMAN_OBSERVATION	iNaturalist	Observations	176958553		Camille Boucher	2023-08-06T13:25:16	CC_BY_NC_4_0	Camille Boucher	Camille Boucher			2025-01-14T12:40:12.907Z	StillImage	COORDINATE_ROUNDED;CONTINENT_DERIVED_FROM_COORDINATES;TAXON_MATCH_TAXON_ID_IGNORED
4416665572	50c9509d-22c7-4a22-a47d-8c48425ef4a7	https://www.inaturalist.org/observations/176786891	Fungi	Basidiomycota	Agaricomycetes	Agaricales	Hygrophoraceae	Gloioxanthomyces	Gloioxanthomyces nitidus		SPECIES	Gloioxanthomyces nitidus (Berk. & M.A.Curtis) Lodge, Vizzini, Ercole & Boertm.	Gloioxanthomyces nitidus		CA		New Brunswick	PRESENT		28eb1a3f-1c15-4a95-931a-4af90ecb574d	45.937488	-66.672511							2023-08-04T16:00:58	4	8	2023	7513750	7513750	HUMAN_OBSERVATION	iNaturalist	Observations	176786891		Andrew MacPherson	2023-08-05T15:51:24	CC0_1_0	Andrew MacPherson	Andrew MacPherson			2025-01-14T13:26:11.229Z	StillImage	COORDINATE_ROUNDED;CONTINENT_DERIVED_FROM_COORDINATES;TAXON_MATCH_TAXON_ID_IGNORED
4414385651	50c9509d-22c7-4a22-a47d-8c48425ef4a7	https://www.inaturalist.org/observations/183744445	Fungi	Basidiomycota	Agaricomycetes	Agaricales	Hygrophoraceae	Gloioxanthomyces	Gloioxanthomyces nitidus		SPECIES	Gloioxanthomyces nitidus (Berk. & M.A.Curtis) Lodge, Vizzini, Ercole & Boertm.	Gloioxanthomyces nitidus		CA		Québec	PRESENT		28eb1a3f-1c15-4a95-931a-4af90ecb574d	45.434712	-74.260025	4.0						2023-09-17T13:58:56	17	9	2023	7513750	7513750	HUMAN_OBSERVATION	iNaturalist	Observations	183744445		l_bienvenue	2023-09-17T23:28:44	CC_BY_NC_4_0	l_bienvenue	l_bienvenue			2025-01-14T12:42:12.184Z	StillImage	COORDINATE_ROUNDED;CONTINENT_DERIVED_FROM_COORDINATES;TAXON_MATCH_TAXON_ID_IGNORED
4414327870	50c9509d-22c7-4a22-a47d-8c48425ef4a7	https://www.inaturalist.org/observations/183511414	Fungi	Basidiomycota	Agaricomycetes	Agaricales	Hygrophoraceae	Gloioxanthomyces	Gloioxanthomyces nitidus		SPECIES	Gloioxanthomyces nitidus (Berk. & M.A.Curtis) Lodge, Vizzini, Ercole & Boertm.	Gloioxanthomyces nitidus		CA		Ontario	PRESENT		28eb1a3f-1c15-4a95-931a-4af90ecb574d	45.507438	-79.023747	27158.0						2023-09-16T10:04:48	16	9	2023	7513750	7513750	HUMAN_OBSERVATION	iNaturalist	Observations	183511414		Lee Cumming	2023-09-16T15:21:51	CC_BY_NC_4_0	Lee Cumming	Lee Cumming			2025-01-14T12:42:05.516Z	StillImage	COORDINATE_ROUNDED;CONTINENT_DERIVED_FROM_COORDINATES;TAXON_MATCH_TAXON_ID_IGNORED
4413982678	50c9509d-22c7-4a22-a47d-8c48425ef4a7	https://www.inaturalist.org/observations/182730244	Fungi	Basidiomycota	Agaricomycetes	Agaricales	Hygrophoraceae	Gloioxanthomyces	Gloioxanthomyces nitidus		SPECIES	Gloioxanthomyces nitidus (Berk. & M.A.Curtis) Lodge, Vizzini, Ercole & Boertm.	Gloioxanthomyces nitidus		CA		New Brunswick	PRESENT		28eb1a3f-1c15-4a95-931a-4af90ecb574d	45.95729	-66.668632							2023-09-10T11:42:35	10	9	2023	7513750	7513750	HUMAN_OBSERVATION	iNaturalist	Observations	182730244		Andrew MacPherson	2023-09-10T23:52:30	CC0_1_0	Andrew MacPherson	Andrew MacPherson			2025-01-14T12:42:12.169Z	StillImage	COORDINATE_ROUNDED;CONTINENT_DERIVED_FROM_COORDINATES;TAXON_MATCH_TAXON_ID_IGNORED
4413834778	50c9509d-22c7-4a22-a47d-8c48425ef4a7	https://www.inaturalist.org/observations/182527963	Fungi	Basidiomycota	Agaricomycetes	Agaricales	Hygrophoraceae	Gloioxanthomyces	Gloioxanthomyces nitidus		SPECIES	Gloioxanthomyces nitidus (Berk. & M.A.Curtis) Lodge, Vizzini, Ercole & Boertm.	Gloioxanthomyces nitidus		CA		Ontario	PRESENT		28eb1a3f-1c15-4a95-931a-4af90ecb574d	45.589438	-78.340142	24.0						2023-08-19T14:07:40	19	8	2023	7513750	7513750	HUMAN_OBSERVATION	iNaturalist	Observations	182527963		amkirb	2023-09-09T20:23:09	CC_BY_NC_4_0	amkirb	amkirb			2025-01-14T13:32:14.685Z	StillImage	COORDINATE_ROUNDED;CONTINENT_DERIVED_FROM_COORDINATES;TAXON_MATCH_TAXON_ID_IGNORED
4413824367	50c9509d-22c7-4a22-a47d-8c48425ef4a7	https://www.inaturalist.org/observations/182526574	Fungi	Basidiomycota	Agaricomycetes	Agaricales	Hygrophoraceae	Gloioxanthomyces	Gloioxanthomyces nitidus		SPECIES	Gloioxanthomyces nitidus (Berk. & M.A.Curtis) Lodge, Vizzini, Ercole & Boertm.	Gloioxanthomyces nitidus		CA		Ontario	PRESENT		28eb1a3f-1c15-4a95-931a-4af90ecb574d	45.589613	-78.341322	32.0						2023-08-19T14:57:40	19	8	2023	7513750	7513750	HUMAN_OBSERVATION	iNaturalist	Observations	182526574		amkirb	2023-09-09T20:15:08	CC_BY_NC_4_0	amkirb	amkirb			2025-01-14T12:39:52.308Z	StillImage	COORDINATE_ROUNDED;CONTINENT_DERIVED_FROM_COORDINATES;TAXON_MATCH_TAXON_ID_IGNORED
4413368003	50c9509d-22c7-4a22-a47d-8c48425ef4a7	https://www.inaturalist.org/observations/178610318	Fungi	Basidiomycota	Agaricomycetes	Agaricales	Hygrophoraceae	Gloioxanthomyces	Gloioxanthomyces nitidus		SPECIES	Gloioxanthomyces nitidus (Berk. & M.A.Curtis) Lodge, Vizzini, Ercole & Boertm.	Gloioxanthomyces nitidus		CA		Québec	PRESENT		28eb1a3f-1c15-4a95-931a-4af90ecb574d	47.589057	-79.288302							2023-08-14T18:56:26	14	8	2023	7513750	7513750	HUMAN_OBSERVATION	iNaturalist	Observations	178610318		Nick Ackerley	2023-08-15T23:30:46	CC_BY_NC_4_0	Nick Ackerley	Nick Ackerley			2025-01-14T13:26:28.773Z	StillImage	COORDINATE_ROUNDED;CONTINENT_DERIVED_FROM_COORDINATES;TAXON_MATCH_TAXON_ID_IGNORED
4407486568	50c9509d-22c7-4a22-a47d-8c48425ef4a7	https://www.inaturalist.org/observations/181482060	Fungi	Basidiomycota	Agaricomycetes	Agaricales	Hygrophoraceae	Gloioxanthomyces	Gloioxanthomyces nitidus		SPECIES	Gloioxanthomyces nitidus (Berk. & M.A.Curtis) Lodge, Vizzini, Ercole & Boertm.	Gloioxanthomyces nitidus		CA		New Brunswick	PRESENT		28eb1a3f-1c15-4a95-931a-4af90ecb574d	45.908092	-64.663567	4.0						2023-09-02T15:33:07	2	9	2023	7513750	7513750	HUMAN_OBSERVATION	iNaturalist	Observations	181482060		Laura O'Connor	2023-09-03T00:39:05	CC_BY_NC_4_0	Laura O'Connor	Laura O'Connor			2025-01-14T13:31:26.136Z	StillImage	COORDINATE_ROUNDED;CONTINENT_DERIVED_FROM_COORDINATES;TAXON_MATCH_TAXON_ID_IGNORED
4405523424	50c9509d-22c7-4a22-a47d-8c48425ef4a7	https://www.inaturalist.org/observations/180042331	Fungi	Basidiomycota	Agaricomycetes	Agaricales	Hygrophoraceae	Gloioxanthomyces	Gloioxanthomyces nitidus		SPECIES	Gloioxanthomyces nitidus (Berk. & M.A.Curtis) Lodge, Vizzini, Ercole & Boertm.	Gloioxanthomyces nitidus		CA		Québec	PRESENT		28eb1a3f-1c15-4a95-931a-4af90ecb574d	45.345213	-71.750625	12.0						2023-08-24T13:26:41	24	8	2023	7513750	7513750	HUMAN_OBSERVATION	iNaturalist	Observations	180042331		gabboilard	2023-08-24T22:50:17	CC_BY_NC_4_0	gabboilard	gabboilard			2025-01-14T12:40:29.743Z	StillImage	COORDINATE_ROUNDED;CONTINENT_DERIVED_FROM_COORDINATES;TAXON_MATCH_TAXON_ID_IGNORED
4405340189	50c9509d-22c7-4a22-a47d-8c48425ef4a7	https://www.inaturalist.org/observations/180476213	Fungi	Basidiomycota	Agaricomycetes	Agaricales	Hygrophoraceae	Gloioxanthomyces	Gloioxanthomyces nitidus		SPECIES	Gloioxanthomyces nitidus (Berk. & M.A.Curtis) Lodge, Vizzini, Ercole & Boertm.	Gloioxanthomyces nitidus		CA		New Brunswick	PRESENT		28eb1a3f-1c15-4a95-931a-4af90ecb574d	45.409653	-65.930873	4.0						2023-08-27T14:29:13	27	8	2023	7513750	7513750	HUMAN_OBSERVATION	iNaturalist	Observations	180476213		amanitamozart	2023-08-27T21:20:28	CC_BY_NC_4_0	julianna	julianna			2025-01-14T12:39:44.155Z	StillImage	COORDINATE_ROUNDED;CONTINENT_DERIVED_FROM_COORDINATES;TAXON_MATCH_TAXON_ID_IGNORED
4405095059	50c9509d-22c7-4a22-a47d-8c48425ef4a7	https://www.inaturalist.org/observations/179879189	Fungi	Basidiomycota	Agaricomycetes	Agaricales	Hygrophoraceae	Gloioxanthomyces	Gloioxanthomyces nitidus		SPECIES	Gloioxanthomyces nitidus (Berk. & M.A.Curtis) Lodge, Vizzini, Ercole & Boertm.	Gloioxanthomyces nitidus		CA		Ontario	PRESENT		28eb1a3f-1c15-4a95-931a-4af90ecb574d	45.439263	-76.026195	466.0						2023-08-23T11:05	23	8	2023	7513750	7513750	HUMAN_OBSERVATION	iNaturalist	Observations	179879189		amanitamozart	2023-08-23T20:38:56	CC_BY_NC_4_0	amanitamozart	amanitamozart			2025-01-14T12:40:30.229Z	StillImage	COORDINATE_ROUNDED;CONTINENT_DERIVED_FROM_COORDINATES;TAXON_MATCH_TAXON_ID_IGNORED
4405039846	50c9509d-22c7-4a22-a47d-8c48425ef4a7	https://www.inaturalist.org/observations/179379910	Fungi	Basidiomycota	Agaricomycetes	Agaricales	Hygrophoraceae	Gloioxanthomyces	Gloioxanthomyces nitidus		SPECIES	Gloioxanthomyces nitidus (Berk. & M.A.Curtis) Lodge, Vizzini, Ercole & Boertm.	Gloioxanthomyces nitidus		CA		Prince Edward Island	PRESENT		28eb1a3f-1c15-4a95-931a-4af90ecb574d	46.80675	-64.269205	100.0						2023-08-19T11:14	19	8	2023	7513750	7513750	HUMAN_OBSERVATION	iNaturalist	Observations	179379910		Rosemary Curley	2023-08-20T17:31:25	CC_BY_NC_4_0	Rosemary Curley	Rosemary Curley			2025-01-14T13:26:30.225Z	StillImage	COORDINATE_ROUNDED;CONTINENT_DERIVED_FROM_COORDINATES;TAXON_MATCH_TAXON_ID_IGNORED
4404992682	50c9509d-22c7-4a22-a47d-8c48425ef4a7	https://www.inaturalist.org/observations/174177722	Fungi	Basidiomycota	Agaricomycetes	Agaricales	Hygrophoraceae	Gloioxanthomyces	Gloioxanthomyces nitidus		SPECIES	Gloioxanthomyces nitidus (Berk. & M.A.Curtis) Lodge, Vizzini, Ercole & Boertm.	Gloioxanthomyces nitidus		CA		New Brunswick	PRESENT		28eb1a3f-1c15-4a95-931a-4af90ecb574d	45.921801	-66.649725							2023-07-21T15:52:48	21	7	2023	7513750	7513750	HUMAN_OBSERVATION	iNaturalist	Observations	174177722		Andrew MacPherson	2023-07-21T23:55:39	CC0_1_0	Andrew MacPherson	Andrew MacPherson			2025-01-14T12:38:39.042Z	StillImage	COORDINATE_ROUNDED;CONTINENT_DERIVED_FROM_COORDINATES;TAXON_MATCH_TAXON_ID_IGNORED
4400335523	50c9509d-22c7-4a22-a47d-8c48425ef4a7	https://www.inaturalist.org/observations/179567019	Fungi	Basidiomycota	Agaricomycetes	Agaricales	Hygrophoraceae	Gloioxanthomyces	Gloioxanthomyces nitidus		SPECIES	Gloioxanthomyces nitidus (Berk. & M.A.Curtis) Lodge, Vizzini, Ercole & Boertm.	Gloioxanthomyces nitidus		CA		Québec	PRESENT		28eb1a3f-1c15-4a95-931a-4af90ecb574d	45.872811	-76.4339	501.0						2023-08-17T13:34	17	8	2023	7513750	7513750	HUMAN_OBSERVATION	iNaturalist	Observations	179567019		L Joan Heyding	2023-08-21T19:04:11	CC_BY_NC_4_0	L Joan Heyding	L Joan Heyding			2025-01-14T12:42:19.946Z	StillImage	COORDINATE_ROUNDED;CONTINENT_DERIVED_FROM_COORDINATES;TAXON_MATCH_TAXON_ID_IGNORED
4399999724	50c9509d-22c7-4a22-a47d-8c48425ef4a7	https://www.inaturalist.org/observations/178100799	Fungi	Basidiomycota	Agaricomycetes	Agaricales	Hygrophoraceae	Gloioxanthomyces	Gloioxanthomyces nitidus		SPECIES	Gloioxanthomyces nitidus (Berk. & M.A.Curtis) Lodge, Vizzini, Ercole & Boertm.	Gloioxanthomyces nitidus		CA		Québec	PRESENT		28eb1a3f-1c15-4a95-931a-4af90ecb574d	45.943508	-76.573521	27095.0						2023-08-06T13:09	6	8	2023	7513750	7513750	HUMAN_OBSERVATION	iNaturalist	Observations	178100799		L Joan Heyding	2023-08-13T01:32:02	CC_BY_NC_4_0	L Joan Heyding	L Joan Heyding			2025-01-14T12:40:47.635Z	StillImage	COORDINATE_ROUNDED;CONTINENT_DERIVED_FROM_COORDINATES;TAXON_MATCH_TAXON_ID_IGNORED
4399905914	50c9509d-22c7-4a22-a47d-8c48425ef4a7	https://www.inaturalist.org/observations/179255925	Fungi	Basidiomycota	Agaricomycetes	Agaricales	Hygrophoraceae	Gloioxanthomyces	Gloioxanthomyces nitidus		SPECIES	Gloioxanthomyces nitidus (Berk. & M.A.Curtis) Lodge, Vizzini, Ercole & Boertm.	Gloioxanthomyces nitidus		CA		New Brunswick	PRESENT		28eb1a3f-1c15-4a95-931a-4af90ecb574d	45.943322	-64.410408	16.0						2023-08-19T11:18:57	19	8	2023	7513750	7513750	HUMAN_OBSERVATION	iNaturalist	Observations	179255925		Laura O'Connor	2023-08-20T00:34:20	CC_BY_NC_4_0	Laura O'Connor	Laura O'Connor			2025-01-14T13:29:01.332Z	StillImage	COORDINATE_ROUNDED;CONTINENT_DERIVED_FROM_COORDINATES;TAXON_MATCH_TAXON_ID_IGNORED
4177486659	50c9509d-22c7-4a22-a47d-8c48425ef4a7	https://www.inaturalist.org/observations/177764218	Fungi	Basidiomycota	Agaricomycetes	Agaricales	Hygrophoraceae	Gloioxanthomyces	Gloioxanthomyces nitidus		SPECIES	Gloioxanthomyces nitidus (Berk. & M.A.Curtis) Lodge, Vizzini, Ercole & Boertm.	Gloioxanthomyces nitidus		CA		Ontario	PRESENT		28eb1a3f-1c15-4a95-931a-4af90ecb574d	46.029414	-78.5316	109.0						2023-08-06T14:11:27	6	8	2023	7513750	7513750	HUMAN_OBSERVATION	iNaturalist	Observations	177764218		niclooksatplants	2023-08-11T02:21:47	CC_BY_NC_4_0	niclooksatplants	niclooksatplants			2025-01-14T13:32:19.847Z	StillImage	COORDINATE_ROUNDED;CONTINENT_DERIVED_FROM_COORDINATES;TAXON_MATCH_TAXON_ID_IGNORED
4177452265	50c9509d-22c7-4a22-a47d-8c48425ef4a7	https://www.inaturalist.org/observations/178242046	Fungi	Basidiomycota	Agaricomycetes	Agaricales	Hygrophoraceae	Gloioxanthomyces	Gloioxanthomyces nitidus		SPECIES	Gloioxanthomyces nitidus (Berk. & M.A.Curtis) Lodge, Vizzini, Ercole & Boertm.	Gloioxanthomyces nitidus		CA		New Brunswick	PRESENT		28eb1a3f-1c15-4a95-931a-4af90ecb574d	45.944983	-66.111275	48.0						2023-08-12T13:24	12	8	2023	7513750	7513750	HUMAN_OBSERVATION	iNaturalist	Observations	178242046		Alfredo Justo	2023-08-13T19:48:24	CC_BY_NC_4_0	Alfredo Justo	Alfredo Justo			2025-01-14T12:40:13.976Z	StillImage	COORDINATE_ROUNDED;CONTINENT_DERIVED_FROM_COORDINATES;TAXON_MATCH_TAXON_ID_IGNORED
4177240767	50c9509d-22c7-4a22-a47d-8c48425ef4a7	https://www.inaturalist.org/observations/177825468	Fungi	Basidiomycota	Agaricomycetes	Agaricales	Hygrophoraceae	Gloioxanthomyces	Gloioxanthomyces nitidus		SPECIES	Gloioxanthomyces nitidus (Berk. & M.A.Curtis) Lodge, Vizzini, Ercole & Boertm.	Gloioxanthomyces nitidus		CA		New Brunswick	PRESENT		28eb1a3f-1c15-4a95-931a-4af90ecb574d	47.710233	-65.935162	6.0						2023-08-10T18:40:38	10	8	2023	7513750	7513750	HUMAN_OBSERVATION	iNaturalist	Observations	177825468		roachiecanada	2023-08-11T14:08:23	CC_BY_NC_4_0	roachiecanada	roachiecanada			2025-01-14T12:40:57.746Z	StillImage	COORDINATE_ROUNDED;CONTINENT_DERIVED_FROM_COORDINATES;TAXON_MATCH_TAXON_ID_IGNORED
4177117040	50c9509d-22c7-4a22-a47d-8c48425ef4a7	https://www.inaturalist.org/observations/176184153	Fungi	Basidiomycota	Agaricomycetes	Agaricales	Hygrophoraceae	Gloioxanthomyces	Gloioxanthomyces nitidus		SPECIES	Gloioxanthomyces nitidus (Berk. & M.A.Curtis) Lodge, Vizzini, Ercole & Boertm.	Gloioxanthomyces nitidus		CA		Québec	PRESENT		28eb1a3f-1c15-4a95-931a-4af90ecb574d	46.991605	-71.860644	15.0						2023-08-01T13:13:23	1	8	2023	7513750	7513750	HUMAN_OBSERVATION	iNaturalist	Observations	176184153		amanitamozart	2023-08-10T17:05:57	CC_BY_NC_4_0	martine_b	martine_b			2025-01-14T12:43:49.789Z	StillImage	COORDINATE_ROUNDED;CONTINENT_DERIVED_FROM_COORDINATES;TAXON_MATCH_TAXON_ID_IGNORED
4177069279	50c9509d-22c7-4a22-a47d-8c48425ef4a7	https://www.inaturalist.org/observations/177514815	Fungi	Basidiomycota	Agaricomycetes	Agaricales	Hygrophoraceae	Gloioxanthomyces	Gloioxanthomyces nitidus		SPECIES	Gloioxanthomyces nitidus (Berk. & M.A.Curtis) Lodge, Vizzini, Ercole & Boertm.	Gloioxanthomyces nitidus		CA		Québec	PRESENT		28eb1a3f-1c15-4a95-931a-4af90ecb574d	48.641822	-72.328475	4.0						2023-08-04T15:35:03	4	8	2023	7513750	7513750	HUMAN_OBSERVATION	iNaturalist	Observations	177514815		ricomycologie	2023-08-09T15:24:40	CC_BY_NC_4_0	ricomycologie	ricomycologie			2025-01-14T13:32:06.858Z	StillImage	COORDINATE_ROUNDED;CONTINENT_DERIVED_FROM_COORDINATES;TAXON_MATCH_TAXON_ID_IGNORED
4177008534	50c9509d-22c7-4a22-a47d-8c48425ef4a7	https://www.inaturalist.org/observations/177091986	Fungi	Basidiomycota	Agaricomycetes	Agaricales	Hygrophoraceae	Gloioxanthomyces	Gloioxanthomyces nitidus		SPECIES	Gloioxanthomyces nitidus (Berk. & M.A.Curtis) Lodge, Vizzini, Ercole & Boertm.	Gloioxanthomyces nitidus		CA		Québec	PRESENT		28eb1a3f-1c15-4a95-931a-4af90ecb574d	45.609274	-75.698923	22505.0						2023-08-04T18:11:54	4	8	2023	7513750	7513750	HUMAN_OBSERVATION	iNaturalist	Observations	177091986		amanitamozart	2023-08-07T01:16:00	CC_BY_NC_4_0	amanitamozart	amanitamozart			2025-01-14T12:39:49.006Z	StillImage	COORDINATE_ROUNDED;CONTINENT_DERIVED_FROM_COORDINATES;TAXON_MATCH_TAXON_ID_IGNORED
4172198719	50c9509d-22c7-4a22-a47d-8c48425ef4a7	https://www.inaturalist.org/observations/177067125	Fungi	Basidiomycota	Agaricomycetes	Agaricales	Hygrophoraceae	Gloioxanthomyces	Gloioxanthomyces nitidus		SPECIES	Gloioxanthomyces nitidus (Berk. & M.A.Curtis) Lodge, Vizzini, Ercole & Boertm.	Gloioxanthomyces nitidus		CA		Québec	PRESENT		28eb1a3f-1c15-4a95-931a-4af90ecb574d	48.641874	-72.328427							2023-08-06T13:35	6	8	2023	7513750	7513750	HUMAN_OBSERVATION	iNaturalist	Observations	177067125		Nicolas Schwab	2023-08-06T23:29:01	CC_BY_NC_4_0	Paul Vézina	Paul Vézina			2025-01-14T12:38:00.566Z	StillImage	COORDINATE_ROUNDED;CONTINENT_DERIVED_FROM_COORDINATES;TAXON_MATCH_TAXON_ID_IGNORED
4172139739	50c9509d-22c7-4a22-a47d-8c48425ef4a7	https://www.inaturalist.org/observations/177067996	Fungi	Basidiomycota	Agaricomycetes	Agaricales	Hygrophoraceae	Gloioxanthomyces	Gloioxanthomyces nitidus		SPECIES	Gloioxanthomyces nitidus (Berk. & M.A.Curtis) Lodge, Vizzini, Ercole & Boertm.	Gloioxanthomyces nitidus		CA		Ontario	PRESENT		28eb1a3f-1c15-4a95-931a-4af90ecb574d	45.146164	-76.246489	116.0						2023-08-05T11:50	5	8	2023	7513750	7513750	HUMAN_OBSERVATION	iNaturalist	Observations	177067996		jonathan_mack	2023-08-06T22:57:27	CC_BY_NC_4_0	jonathan_mack	jonathan_mack			2025-01-14T12:40:02.245Z	StillImage	COORDINATE_ROUNDED;CONTINENT_DERIVED_FROM_COORDINATES;TAXON_MATCH_TAXON_ID_IGNORED
4171739368	50c9509d-22c7-4a22-a47d-8c48425ef4a7	https://www.inaturalist.org/observations/93928594	Fungi	Basidiomycota	Agaricomycetes	Agaricales	Hygrophoraceae	Gloioxanthomyces	Gloioxanthomyces nitidus		SPECIES	Gloioxanthomyces nitidus (Berk. & M.A.Curtis) Lodge, Vizzini, Ercole & Boertm.	Gloioxanthomyces nitidus		CA		Ontario	PRESENT		28eb1a3f-1c15-4a95-931a-4af90ecb574d	45.663621	-78.18977	4.0						2006-08-22T13:47	22	8	2006	7513750	7513750	HUMAN_OBSERVATION	iNaturalist	Observations	93928594		amanitamozart	2023-07-18T16:53:14	CC_BY_NC_4_0	Greg Meredith	Greg Meredith			2025-01-14T12:24:43.992Z	StillImage	COORDINATE_ROUNDED;CONTINENT_DERIVED_FROM_COORDINATES;TAXON_MATCH_TAXON_ID_IGNORED
4171700647	50c9509d-22c7-4a22-a47d-8c48425ef4a7	https://www.inaturalist.org/observations/177270029	Fungi	Basidiomycota	Agaricomycetes	Agaricales	Hygrophoraceae	Gloioxanthomyces	Gloioxanthomyces nitidus		SPECIES	Gloioxanthomyces nitidus (Berk. & M.A.Curtis) Lodge, Vizzini, Ercole & Boertm.	Gloioxanthomyces nitidus		CA		Ontario	PRESENT		28eb1a3f-1c15-4a95-931a-4af90ecb574d	45.589253	-78.713547	3.0						2023-08-02T11:06:13	2	8	2023	7513750	7513750	HUMAN_OBSERVATION	iNaturalist	Observations	177270029		Glenn Barrett	2023-08-08T00:36:29	CC_BY_NC_4_0	Glenn Barrett	Glenn Barrett			2025-01-14T13:32:26.118Z	StillImage	COORDINATE_ROUNDED;CONTINENT_DERIVED_FROM_COORDINATES;TAXON_MATCH_TAXON_ID_IGNORED
4171574371	50c9509d-22c7-4a22-a47d-8c48425ef4a7	https://www.inaturalist.org/observations/174750065	Fungi	Basidiomycota	Agaricomycetes	Agaricales	Hygrophoraceae	Gloioxanthomyces	Gloioxanthomyces nitidus		SPECIES	Gloioxanthomyces nitidus (Berk. & M.A.Curtis) Lodge, Vizzini, Ercole & Boertm.	Gloioxanthomyces nitidus		CA		Québec	PRESENT		28eb1a3f-1c15-4a95-931a-4af90ecb574d	46.94967	-71.344736							2023-07-23T17:53	23	7	2023	7513750	7513750	HUMAN_OBSERVATION	iNaturalist	Observations	174750065		Simon Pelletier	2023-07-24T20:37:52	CC_BY_NC_4_0	Simon Pelletier	Simon Pelletier			2025-01-14T12:38:56.309Z	StillImage	COORDINATE_ROUNDED;CONTINENT_DERIVED_FROM_COORDINATES;TAXON_MATCH_TAXON_ID_IGNORED
4171418802	50c9509d-22c7-4a22-a47d-8c48425ef4a7	https://www.inaturalist.org/observations/173287816	Fungi	Basidiomycota	Agaricomycetes	Agaricales	Hygrophoraceae	Gloioxanthomyces	Gloioxanthomyces nitidus		SPECIES	Gloioxanthomyces nitidus (Berk. & M.A.Curtis) Lodge, Vizzini, Ercole & Boertm.	Gloioxanthomyces nitidus		CA		Ontario	PRESENT		28eb1a3f-1c15-4a95-931a-4af90ecb574d	45.589687	-78.33902	16.0						2023-07-16T12:19:27	16	7	2023	7513750	7513750	HUMAN_OBSERVATION	iNaturalist	Observations	173287816		kaelenp	2023-07-16T20:38:51	CC_BY_NC_4_0	kaelenp	kaelenp			2025-01-14T13:25:47.419Z	StillImage	COORDINATE_ROUNDED;CONTINENT_DERIVED_FROM_COORDINATES;TAXON_MATCH_TAXON_ID_IGNORED
4171371564	50c9509d-22c7-4a22-a47d-8c48425ef4a7	https://www.inaturalist.org/observations/128894352	Fungi	Basidiomycota	Agaricomycetes	Agaricales	Hygrophoraceae	Gloioxanthomyces	Gloioxanthomyces nitidus		SPECIES	Gloioxanthomyces nitidus (Berk. & M.A.Curtis) Lodge, Vizzini, Ercole & Boertm.	Gloioxanthomyces nitidus		CA		Québec	PRESENT		28eb1a3f-1c15-4a95-931a-4af90ecb574d	46.499058	-73.823242	9.0						2022-07-30T10:25:51	30	7	2022	7513750	7513750	HUMAN_OBSERVATION	iNaturalist	Observations	128894352		karineleger	2022-07-31T23:34:26	CC_BY_NC_4_0	karineleger	karineleger			2025-01-14T13:24:12.386Z	StillImage	COORDINATE_ROUNDED;CONTINENT_DERIVED_FROM_COORDINATES;TAXON_MATCH_TAXON_ID_IGNORED
4171353388	50c9509d-22c7-4a22-a47d-8c48425ef4a7	https://www.inaturalist.org/observations/105282558	Fungi	Basidiomycota	Agaricomycetes	Agaricales	Hygrophoraceae	Gloioxanthomyces	Gloioxanthomyces nitidus		SPECIES	Gloioxanthomyces nitidus (Berk. & M.A.Curtis) Lodge, Vizzini, Ercole & Boertm.	Gloioxanthomyces nitidus		CA		Québec	PRESENT		28eb1a3f-1c15-4a95-931a-4af90ecb574d	45.952602	-76.584509	27095.0						2021-09-09T09:45	9	9	2021	7513750	7513750	HUMAN_OBSERVATION	iNaturalist	Observations	105282558		L Joan Heyding	2022-01-20T22:02:56	CC_BY_NC_4_0	L Joan Heyding	L Joan Heyding			2025-01-14T12:26:11.994Z	StillImage	COORDINATE_ROUNDED;CONTINENT_DERIVED_FROM_COORDINATES;TAXON_MATCH_TAXON_ID_IGNORED
4171240558	50c9509d-22c7-4a22-a47d-8c48425ef4a7	https://www.inaturalist.org/observations/128669920	Fungi	Basidiomycota	Agaricomycetes	Agaricales	Hygrophoraceae	Gloioxanthomyces	Gloioxanthomyces nitidus		SPECIES	Gloioxanthomyces nitidus (Berk. & M.A.Curtis) Lodge, Vizzini, Ercole & Boertm.	Gloioxanthomyces nitidus		CA		Québec	PRESENT		28eb1a3f-1c15-4a95-931a-4af90ecb574d	48.088647	-77.913726	332.0						2022-07-30T13:17:14	30	7	2022	7513750	7513750	HUMAN_OBSERVATION	iNaturalist	Observations	128669920		hiboucaliss	2022-07-30T20:07:29	CC_BY_NC_4_0	hiboucaliss	hiboucaliss			2025-01-14T12:32:27.444Z	StillImage	COORDINATE_ROUNDED;CONTINENT_DERIVED_FROM_COORDINATES;TAXON_MATCH_TAXON_ID_IGNORED
4171237843	50c9509d-22c7-4a22-a47d-8c48425ef4a7	https://www.inaturalist.org/observations/174141305	Fungi	Basidiomycota	Agaricomycetes	Agaricales	Hygrophoraceae	Gloioxanthomyces	Gloioxanthomyces nitidus		SPECIES	Gloioxanthomyces nitidus (Berk. & M.A.Curtis) Lodge, Vizzini, Ercole & Boertm.	Gloioxanthomyces nitidus		CA		New Brunswick	PRESENT		28eb1a3f-1c15-4a95-931a-4af90ecb574d	45.642658	-65.113564	100.0						2023-07-20T12:10	20	7	2023	7513750	7513750	HUMAN_OBSERVATION	iNaturalist	Observations	174141305		Alfredo Justo	2023-07-21T18:41:48	CC_BY_NC_4_0	Alfredo Justo	Alfredo Justo			2025-01-14T13:31:16.260Z	StillImage	COORDINATE_ROUNDED;CONTINENT_DERIVED_FROM_COORDINATES;TAXON_MATCH_TAXON_ID_IGNORED
4171156404	50c9509d-22c7-4a22-a47d-8c48425ef4a7	https://www.inaturalist.org/observations/91111880	Fungi	Basidiomycota	Agaricomycetes	Agaricales	Hygrophoraceae	Gloioxanthomyces	Gloioxanthomyces nitidus		SPECIES	Gloioxanthomyces nitidus (Berk. & M.A.Curtis) Lodge, Vizzini, Ercole & Boertm.	Gloioxanthomyces nitidus		CA		New Brunswick	PRESENT		28eb1a3f-1c15-4a95-931a-4af90ecb574d	45.789505	-67.275063	4.0						2021-08-11T13:55:46	11	8	2021	7513750	7513750	HUMAN_OBSERVATION	iNaturalist	Observations	91111880		amanitamozart	2023-07-21T00:18:50	CC_BY_NC_4_0	ahood79	ahood79			2025-01-14T12:20:44.534Z	StillImage	COORDINATE_ROUNDED;CONTINENT_DERIVED_FROM_COORDINATES;TAXON_MATCH_TAXON_ID_IGNORED
4166431706	695cef75-b65f-4776-b2ed-74565eebb16e	02-01000956704	Fungi	Basidiomycota	Agaricomycetes	Agaricales	Hygrophoraceae	Gloioxanthomyces	Gloioxanthomyces nitidus		SPECIES	Hygrocybe nitida (Berk. & M.A.Curtis) Murrill	Hygrocybe nitida	(Berk. & M.A. Curtis) Murrill	CA	Algonquin Park, Tote Rd. near Wildlife Res. Stn.	Ontario	PRESENT		055bd978-2daa-4543-b3f0-44e0e87e86ca	45.595833	-78.520833							1975-07-29	29	7	1975	3345298	7513750	PRESERVED_SPECIMEN	AAFC	DAOM	186469		J.F. Ammirati		CC_BY_4_0	©His Majesty the King in Right of Canada, as represented by the Minister of Agriculture and Agri-Food	O.C. Zurba			2025-01-12T05:11:16.308Z		GEODETIC_DATUM_ASSUMED_WGS84;CONTINENT_DERIVED_FROM_COORDINATES;TAXON_MATCH_TAXON_ID_IGNORED;INSTITUTION_MATCH_FUZZY
4165452356	50c9509d-22c7-4a22-a47d-8c48425ef4a7	https://www.inaturalist.org/observations/126818284	Fungi	Basidiomycota	Agaricomycetes	Agaricales	Hygrophoraceae	Gloioxanthomyces	Gloioxanthomyces nitidus		SPECIES	Gloioxanthomyces nitidus (Berk. & M.A.Curtis) Lodge, Vizzini, Ercole & Boertm.	Gloioxanthomyces nitidus		CA		New Brunswick	PRESENT		28eb1a3f-1c15-4a95-931a-4af90ecb574d	45.458658	-65.984614	4.0						2022-07-18T11:22:57	18	7	2022	7513750	7513750	HUMAN_OBSERVATION	iNaturalist	Observations	126818284		cinna_latifolia	2023-03-11T08:19:07	CC_BY_NC_4_0	Todd Ross	Todd Ross			2025-01-14T13:29:06.275Z	StillImage	COORDINATE_ROUNDED;CONTINENT_DERIVED_FROM_COORDINATES;TAXON_MATCH_TAXON_ID_IGNORED
4165451326	50c9509d-22c7-4a22-a47d-8c48425ef4a7	https://www.inaturalist.org/observations/88590889	Fungi	Basidiomycota	Agaricomycetes	Agaricales	Hygrophoraceae	Gloioxanthomyces	Gloioxanthomyces nitidus		SPECIES	Gloioxanthomyces nitidus (Berk. & M.A.Curtis) Lodge, Vizzini, Ercole & Boertm.	Gloioxanthomyces nitidus		CA		Québec	PRESENT		28eb1a3f-1c15-4a95-931a-4af90ecb574d	46.281372	-74.534881	182.0						2021-07-24T10:36	24	7	2021	7513750	7513750	HUMAN_OBSERVATION	iNaturalist	Observations	88590889		amanitamozart	2023-07-19T16:12:27	CC0_1_0	David Bird	David Bird			2025-01-14T12:20:56.692Z	StillImage	COORDINATE_ROUNDED;CONTINENT_DERIVED_FROM_COORDINATES;TAXON_MATCH_TAXON_ID_IGNORED
4162190364	50c9509d-22c7-4a22-a47d-8c48425ef4a7	https://www.inaturalist.org/observations/87659458	Fungi	Basidiomycota	Agaricomycetes	Agaricales	Hygrophoraceae	Gloioxanthomyces	Gloioxanthomyces nitidus		SPECIES	Gloioxanthomyces nitidus (Berk. & M.A.Curtis) Lodge, Vizzini, Ercole & Boertm.	Gloioxanthomyces nitidus		CA		Québec	PRESENT		28eb1a3f-1c15-4a95-931a-4af90ecb574d	46.837138	-72.211555	5.0						2021-07-18T12:40:15	18	7	2021	7513750	7513750	HUMAN_OBSERVATION	iNaturalist	Observations	87659458		Mical	2021-07-19T02:14:45	CC_BY_4_0	Mical	Mical			2025-01-14T13:13:22.451Z	StillImage	COORDINATE_ROUNDED;CONTINENT_DERIVED_FROM_COORDINATES;TAXON_MATCH_TAXON_ID_IGNORED
4162062402	50c9509d-22c7-4a22-a47d-8c48425ef4a7	https://www.inaturalist.org/observations/134789681	Fungi	Basidiomycota	Agaricomycetes	Agaricales	Hygrophoraceae	Gloioxanthomyces	Gloioxanthomyces nitidus		SPECIES	Gloioxanthomyces nitidus (Berk. & M.A.Curtis) Lodge, Vizzini, Ercole & Boertm.	Gloioxanthomyces nitidus		CA		Québec	PRESENT		28eb1a3f-1c15-4a95-931a-4af90ecb574d	46.600816	-75.812308	1238.0						2022-09-09T12:31	9	9	2022	7513750	7513750	HUMAN_OBSERVATION	iNaturalist	Observations	134789681		Ben	2023-03-20T18:33:59	CC_BY_NC_4_0	educafaune	educafaune			2025-01-14T13:32:23.565Z	StillImage	COORDINATE_ROUNDED;CONTINENT_DERIVED_FROM_COORDINATES;TAXON_MATCH_TAXON_ID_IGNORED
4162014308	50c9509d-22c7-4a22-a47d-8c48425ef4a7	https://www.inaturalist.org/observations/16129801	Fungi	Basidiomycota	Agaricomycetes	Agaricales	Hygrophoraceae	Gloioxanthomyces	Gloioxanthomyces nitidus		SPECIES	Gloioxanthomyces nitidus (Berk. & M.A.Curtis) Lodge, Vizzini, Ercole & Boertm.	Gloioxanthomyces nitidus		CA		Ontario	PRESENT		28eb1a3f-1c15-4a95-931a-4af90ecb574d	45.071696	-78.784875	100.0						2018-09-01T14:55	1	9	2018	7513750	7513750	HUMAN_OBSERVATION	iNaturalist	Observations	16129801		David Kaposi	2018-09-03T10:04:12	CC_BY_NC_4_0	David Kaposi	David Kaposi			2025-01-14T13:00:29.810Z	StillImage	COORDINATE_ROUNDED;CONTINENT_DERIVED_FROM_COORDINATES;TAXON_MATCH_TAXON_ID_IGNORED
4145481408	50c9509d-22c7-4a22-a47d-8c48425ef4a7	https://www.inaturalist.org/observations/132591676	Fungi	Basidiomycota	Agaricomycetes	Agaricales	Hygrophoraceae	Gloioxanthomyces	Gloioxanthomyces nitidus		SPECIES	Gloioxanthomyces nitidus (Berk. & M.A.Curtis) Lodge, Vizzini, Ercole & Boertm.	Gloioxanthomyces nitidus		CA		Québec	PRESENT		28eb1a3f-1c15-4a95-931a-4af90ecb574d	46.008457	-73.109604	855.0						2022-08-28T10:57:53	28	8	2022	7513750	7513750	HUMAN_OBSERVATION	iNaturalist	Observations	132591676		Ben	2023-03-20T18:54:52	CC_BY_NC_4_0	abeillestephanie1974	abeillestephanie1974			2025-01-14T12:31:39.419Z	StillImage	COORDINATE_ROUNDED;CONTINENT_DERIVED_FROM_COORDINATES;TAXON_MATCH_TAXON_ID_IGNORED
4145426389	50c9509d-22c7-4a22-a47d-8c48425ef4a7	https://www.inaturalist.org/observations/97094075	Fungi	Basidiomycota	Agaricomycetes	Agaricales	Hygrophoraceae	Gloioxanthomyces	Gloioxanthomyces nitidus		SPECIES	Gloioxanthomyces nitidus (Berk. & M.A.Curtis) Lodge, Vizzini, Ercole & Boertm.	Gloioxanthomyces nitidus		CA		New Brunswick	PRESENT		28eb1a3f-1c15-4a95-931a-4af90ecb574d	46.310792	-66.835395	4.0						2021-10-02T16:51:01	2	10	2021	7513750	7513750	HUMAN_OBSERVATION	iNaturalist	Observations	97094075		rachharvey81	2021-10-04T00:37:13	CC_BY_NC_4_0	rachharvey81	rachharvey81			2025-01-14T13:10:48.967Z	StillImage	COORDINATE_ROUNDED;CONTINENT_DERIVED_FROM_COORDINATES;TAXON_MATCH_TAXON_ID_IGNORED
4145275390	50c9509d-22c7-4a22-a47d-8c48425ef4a7	https://www.inaturalist.org/observations/97904736	Fungi	Basidiomycota	Agaricomycetes	Agaricales	Hygrophoraceae	Gloioxanthomyces	Gloioxanthomyces nitidus		SPECIES	Gloioxanthomyces nitidus (Berk. & M.A.Curtis) Lodge, Vizzini, Ercole & Boertm.	Gloioxanthomyces nitidus		CA		Ontario	PRESENT		28eb1a3f-1c15-4a95-931a-4af90ecb574d	45.443195	-75.186735							2021-10-10T13:16	10	10	2021	7513750	7513750	HUMAN_OBSERVATION	iNaturalist	Observations	97904736		jonathan_mack	2021-10-11T16:12:28	CC_BY_NC_4_0	jonathan_mack	jonathan_mack			2025-01-14T12:23:15.121Z	StillImage	CONTINENT_DERIVED_FROM_COORDINATES;TAXON_MATCH_TAXON_ID_IGNORED
4102715428	50c9509d-22c7-4a22-a47d-8c48425ef4a7	https://www.inaturalist.org/observations/136466816	Fungi	Basidiomycota	Agaricomycetes	Agaricales	Hygrophoraceae	Gloioxanthomyces	Gloioxanthomyces nitidus		SPECIES	Gloioxanthomyces nitidus (Berk. & M.A.Curtis) Lodge, Vizzini, Ercole & Boertm.	Gloioxanthomyces nitidus		CA		Ontario	PRESENT		28eb1a3f-1c15-4a95-931a-4af90ecb574d	45.509927	-75.340837							2022-09-24T14:20	24	9	2022	7513750	7513750	HUMAN_OBSERVATION	iNaturalist	Observations	136466816		jonathan_mack	2022-09-25T18:40:06	CC_BY_NC_4_0	jonathan_mack	jonathan_mack			2025-01-14T13:17:33.994Z	StillImage	COORDINATE_ROUNDED;CONTINENT_DERIVED_FROM_COORDINATES;TAXON_MATCH_TAXON_ID_IGNORED
4075573766	50c9509d-22c7-4a22-a47d-8c48425ef4a7	https://www.inaturalist.org/observations/135207236	Fungi	Basidiomycota	Agaricomycetes	Agaricales	Hygrophoraceae	Gloioxanthomyces	Gloioxanthomyces nitidus		SPECIES	Gloioxanthomyces nitidus (Berk. & M.A.Curtis) Lodge, Vizzini, Ercole & Boertm.	Gloioxanthomyces nitidus		CA		Québec	PRESENT		28eb1a3f-1c15-4a95-931a-4af90ecb574d	45.791906	-70.73277	27126.0						2022-09-15T12:16:13	15	9	2022	7513750	7513750	HUMAN_OBSERVATION	iNaturalist	Observations	135207236		Ben	2023-03-20T18:30:03	CC_BY_NC_4_0	Véronique G. Champagne	Véronique G. Champagne			2025-01-14T12:33:43.461Z	StillImage	COORDINATE_ROUNDED;CONTINENT_DERIVED_FROM_COORDINATES;TAXON_MATCH_TAXON_ID_IGNORED
4034602468	50c9509d-22c7-4a22-a47d-8c48425ef4a7	https://www.inaturalist.org/observations/97402005	Fungi	Basidiomycota	Agaricomycetes	Agaricales	Hygrophoraceae	Gloioxanthomyces	Gloioxanthomyces nitidus		SPECIES	Gloioxanthomyces nitidus (Berk. & M.A.Curtis) Lodge, Vizzini, Ercole & Boertm.	Gloioxanthomyces nitidus		CA		Ontario	PRESENT		28eb1a3f-1c15-4a95-931a-4af90ecb574d	46.29823	-78.884245	4.0						2021-07-30T13:55:11	30	7	2021	7513750	7513750	HUMAN_OBSERVATION	iNaturalist	Observations	97402005		cinna_latifolia	2021-11-20T07:04:27	CC_BY_NC_4_0	Maddie Piper	Maddie Piper			2025-01-14T13:14:21.811Z	StillImage	COORDINATE_ROUNDED;CONTINENT_DERIVED_FROM_COORDINATES;TAXON_MATCH_TAXON_ID_IGNORED
4028746694	50c9509d-22c7-4a22-a47d-8c48425ef4a7	https://www.inaturalist.org/observations/130317157	Fungi	Basidiomycota	Agaricomycetes	Agaricales	Hygrophoraceae	Gloioxanthomyces	Gloioxanthomyces nitidus		SPECIES	Gloioxanthomyces nitidus (Berk. & M.A.Curtis) Lodge, Vizzini, Ercole & Boertm.	Gloioxanthomyces nitidus		CA		New Brunswick	PRESENT		28eb1a3f-1c15-4a95-931a-4af90ecb574d	46.811486	-66.571167	12.0						2022-08-10T10:58	10	8	2022	7513750	7513750	HUMAN_OBSERVATION	iNaturalist	Observations	130317157		Alfredo Justo	2022-08-11T00:44:42	CC_BY_NC_4_0	Alfredo Justo	Alfredo Justo			2025-01-14T12:30:59.366Z	StillImage	COORDINATE_ROUNDED;CONTINENT_DERIVED_FROM_COORDINATES;TAXON_MATCH_TAXON_ID_IGNORED
4009925631	50c9509d-22c7-4a22-a47d-8c48425ef4a7	https://www.inaturalist.org/observations/142599993	Fungi	Basidiomycota	Agaricomycetes	Agaricales	Hygrophoraceae	Gloioxanthomyces	Gloioxanthomyces nitidus		SPECIES	Gloioxanthomyces nitidus (Berk. & M.A.Curtis) Lodge, Vizzini, Ercole & Boertm.	Gloioxanthomyces nitidus		CA		Québec	PRESENT		28eb1a3f-1c15-4a95-931a-4af90ecb574d	46.834017	-71.342415	15.0						2022-09-17	17	9	2022	7513750	7513750	HUMAN_OBSERVATION	iNaturalist	Observations	142599993		Christian Grenier	2022-11-22T13:39:29	CC_BY_NC_4_0	Christian Grenier	Christian Grenier			2025-01-14T13:27:35.766Z	StillImage	COORDINATE_ROUNDED;CONTINENT_DERIVED_FROM_COORDINATES;TAXON_MATCH_TAXON_ID_IGNORED
4009792623	50c9509d-22c7-4a22-a47d-8c48425ef4a7	https://www.inaturalist.org/observations/141389263	Fungi	Basidiomycota	Agaricomycetes	Agaricales	Hygrophoraceae	Gloioxanthomyces	Gloioxanthomyces nitidus		SPECIES	Gloioxanthomyces nitidus (Berk. & M.A.Curtis) Lodge, Vizzini, Ercole & Boertm.	Gloioxanthomyces nitidus		CA		New Brunswick	PRESENT		28eb1a3f-1c15-4a95-931a-4af90ecb574d	46.81162	-66.57167							2022-08-10	10	8	2022	7513750	7513750	HUMAN_OBSERVATION	iNaturalist	Observations	141389263		Alex Hood	2022-11-07T18:25:27	CC_BY_NC_4_0	Alex Hood	Alex Hood			2025-01-14T12:32:29.091Z	StillImage	CONTINENT_DERIVED_FROM_COORDINATES;TAXON_MATCH_TAXON_ID_IGNORED
4009743642	50c9509d-22c7-4a22-a47d-8c48425ef4a7	https://www.inaturalist.org/observations/144532663	Fungi	Basidiomycota	Agaricomycetes	Agaricales	Hygrophoraceae	Gloioxanthomyces	Gloioxanthomyces nitidus		SPECIES	Gloioxanthomyces nitidus (Berk. & M.A.Curtis) Lodge, Vizzini, Ercole & Boertm.	Gloioxanthomyces nitidus		CA		New Brunswick	PRESENT		28eb1a3f-1c15-4a95-931a-4af90ecb574d	47.356884	-66.906399							2022-08-13T11:54:11	13	8	2022	7513750	7513750	HUMAN_OBSERVATION	iNaturalist	Observations	144532663		Lewnanny Richardson	2022-12-17T13:11:33	CC_BY_NC_4_0	Lewnanny Richardson	Lewnanny Richardson			2025-01-14T13:26:55.210Z	StillImage	COORDINATE_ROUNDED;CONTINENT_DERIVED_FROM_COORDINATES;TAXON_MATCH_TAXON_ID_IGNORED
4009742595	50c9509d-22c7-4a22-a47d-8c48425ef4a7	https://www.inaturalist.org/observations/141389264	Fungi	Basidiomycota	Agaricomycetes	Agaricales	Hygrophoraceae	Gloioxanthomyces	Gloioxanthomyces nitidus		SPECIES	Gloioxanthomyces nitidus (Berk. & M.A.Curtis) Lodge, Vizzini, Ercole & Boertm.	Gloioxanthomyces nitidus		CA		New Brunswick	PRESENT		28eb1a3f-1c15-4a95-931a-4af90ecb574d	46.80589	-66.58055							2022-08-13	13	8	2022	7513750	7513750	HUMAN_OBSERVATION	iNaturalist	Observations	141389264		Alex Hood	2022-11-07T18:25:27	CC_BY_NC_4_0	Alex Hood	Alex Hood			2025-01-14T12:32:43.044Z	StillImage	CONTINENT_DERIVED_FROM_COORDINATES;TAXON_MATCH_TAXON_ID_IGNORED
3903590898	50c9509d-22c7-4a22-a47d-8c48425ef4a7	https://www.inaturalist.org/observations/134668348	Fungi	Basidiomycota	Agaricomycetes	Agaricales	Hygrophoraceae	Gloioxanthomyces	Gloioxanthomyces nitidus		SPECIES	Gloioxanthomyces nitidus (Berk. & M.A.Curtis) Lodge, Vizzini, Ercole & Boertm.	Gloioxanthomyces nitidus		CA		New Brunswick	PRESENT		28eb1a3f-1c15-4a95-931a-4af90ecb574d	45.906047	-66.598572	4.0						2022-09-04T07:03:44	4	9	2022	7513750	7513750	HUMAN_OBSERVATION	iNaturalist	Observations	134668348		Ben	2022-09-13T23:11:25	CC_BY_NC_4_0	Derek Dunnett	Derek Dunnett			2025-01-14T12:32:36.322Z	StillImage	COORDINATE_ROUNDED;CONTINENT_DERIVED_FROM_COORDINATES;TAXON_MATCH_TAXON_ID_IGNORED
3903554940	50c9509d-22c7-4a22-a47d-8c48425ef4a7	https://www.inaturalist.org/observations/133399214	Fungi	Basidiomycota	Agaricomycetes	Agaricales	Hygrophoraceae	Gloioxanthomyces	Gloioxanthomyces nitidus		SPECIES	Gloioxanthomyces nitidus (Berk. & M.A.Curtis) Lodge, Vizzini, Ercole & Boertm.	Gloioxanthomyces nitidus		CA		Ontario	PRESENT		28eb1a3f-1c15-4a95-931a-4af90ecb574d	45.521839	-75.347522	183.0						2022-09-02T10:36	2	9	2022	7513750	7513750	HUMAN_OBSERVATION	iNaturalist	Observations	133399214		L Joan Heyding	2022-09-02T23:18:12	CC_BY_NC_4_0	L Joan Heyding	L Joan Heyding			2025-01-14T12:31:40.720Z	StillImage	COORDINATE_ROUNDED;CONTINENT_DERIVED_FROM_COORDINATES;TAXON_MATCH_TAXON_ID_IGNORED
3903374593	50c9509d-22c7-4a22-a47d-8c48425ef4a7	https://www.inaturalist.org/observations/133488652	Fungi	Basidiomycota	Agaricomycetes	Agaricales	Hygrophoraceae	Gloioxanthomyces	Gloioxanthomyces nitidus		SPECIES	Gloioxanthomyces nitidus (Berk. & M.A.Curtis) Lodge, Vizzini, Ercole & Boertm.	Gloioxanthomyces nitidus		CA		New Brunswick	PRESENT		28eb1a3f-1c15-4a95-931a-4af90ecb574d	45.964895	-66.923331							2022-09-03T11:18:04	3	9	2022	7513750	7513750	HUMAN_OBSERVATION	iNaturalist	Observations	133488652		Andrew Lewis	2022-09-03T17:12:47	CC_BY_4_0	Andrew Lewis	Andrew Lewis			2025-01-14T13:19:31.575Z	StillImage	COORDINATE_ROUNDED;CONTINENT_DERIVED_FROM_COORDINATES;TAXON_MATCH_TAXON_ID_IGNORED
3902939403	50c9509d-22c7-4a22-a47d-8c48425ef4a7	https://www.inaturalist.org/observations/133653072	Fungi	Basidiomycota	Agaricomycetes	Agaricales	Hygrophoraceae	Gloioxanthomyces	Gloioxanthomyces nitidus		SPECIES	Gloioxanthomyces nitidus (Berk. & M.A.Curtis) Lodge, Vizzini, Ercole & Boertm.	Gloioxanthomyces nitidus		CA		New Brunswick	PRESENT		28eb1a3f-1c15-4a95-931a-4af90ecb574d	47.731545	-65.885485	299.0						2022-09-04T13:06:43	4	9	2022	7513750	7513750	HUMAN_OBSERVATION	iNaturalist	Observations	133653072		Alfredo Justo	2022-09-04T19:21:54	CC_BY_NC_4_0	roachiecanada	roachiecanada			2025-01-14T12:31:41.910Z	StillImage	COORDINATE_ROUNDED;CONTINENT_DERIVED_FROM_COORDINATES;TAXON_MATCH_TAXON_ID_IGNORED
3902681532	50c9509d-22c7-4a22-a47d-8c48425ef4a7	https://www.inaturalist.org/observations/131671102	Fungi	Basidiomycota	Agaricomycetes	Agaricales	Hygrophoraceae	Gloioxanthomyces	Gloioxanthomyces nitidus		SPECIES	Gloioxanthomyces nitidus (Berk. & M.A.Curtis) Lodge, Vizzini, Ercole & Boertm.	Gloioxanthomyces nitidus		CA		New Brunswick	PRESENT		28eb1a3f-1c15-4a95-931a-4af90ecb574d	46.802814	-66.297944	16.0						2022-08-20T09:57	20	8	2022	7513750	7513750	HUMAN_OBSERVATION	iNaturalist	Observations	131671102		Alfredo Justo	2022-08-21T01:39:11	CC_BY_NC_4_0	Alfredo Justo	Alfredo Justo			2025-01-14T12:32:38.766Z	StillImage	COORDINATE_ROUNDED;CONTINENT_DERIVED_FROM_COORDINATES;TAXON_MATCH_TAXON_ID_IGNORED
3902456381	50c9509d-22c7-4a22-a47d-8c48425ef4a7	https://www.inaturalist.org/observations/132988470	Fungi	Basidiomycota	Agaricomycetes	Agaricales	Hygrophoraceae	Gloioxanthomyces	Gloioxanthomyces nitidus		SPECIES	Gloioxanthomyces nitidus (Berk. & M.A.Curtis) Lodge, Vizzini, Ercole & Boertm.	Gloioxanthomyces nitidus		CA		New Brunswick	PRESENT		28eb1a3f-1c15-4a95-931a-4af90ecb574d	45.956739	-64.369783	958.0						2022-08-30T15:36	30	8	2022	7513750	7513750	HUMAN_OBSERVATION	iNaturalist	Observations	132988470		Devin R. de Zwaan	2022-08-30T19:28:25	CC_BY_NC_4_0	Devin R. de Zwaan	Devin R. de Zwaan			2025-01-14T12:31:41.341Z	StillImage	COORDINATE_ROUNDED;CONTINENT_DERIVED_FROM_COORDINATES;TAXON_MATCH_TAXON_ID_IGNORED
3892592676	50c9509d-22c7-4a22-a47d-8c48425ef4a7	https://www.inaturalist.org/observations/130316532	Fungi	Basidiomycota	Agaricomycetes	Agaricales	Hygrophoraceae	Gloioxanthomyces	Gloioxanthomyces nitidus		SPECIES	Gloioxanthomyces nitidus (Berk. & M.A.Curtis) Lodge, Vizzini, Ercole & Boertm.	Gloioxanthomyces nitidus		CA		New Brunswick	PRESENT		28eb1a3f-1c15-4a95-931a-4af90ecb574d	46.811547	-66.571297	4.0						2022-08-10T10:51	10	8	2022	7513750	7513750	HUMAN_OBSERVATION	iNaturalist	Observations	130316532		Alfredo Justo	2022-08-11T00:38:08	CC_BY_NC_4_0	Alfredo Justo	Alfredo Justo			2025-01-14T12:31:25.167Z	StillImage	COORDINATE_ROUNDED;CONTINENT_DERIVED_FROM_COORDINATES;TAXON_MATCH_TAXON_ID_IGNORED
3759825650	50c9509d-22c7-4a22-a47d-8c48425ef4a7	https://www.inaturalist.org/observations/112143556	Fungi	Basidiomycota	Agaricomycetes	Agaricales	Hygrophoraceae	Gloioxanthomyces	Gloioxanthomyces nitidus		SPECIES	Gloioxanthomyces nitidus (Berk. & M.A.Curtis) Lodge, Vizzini, Ercole & Boertm.	Gloioxanthomyces nitidus		CA		Québec	PRESENT		28eb1a3f-1c15-4a95-931a-4af90ecb574d	46.118462	-74.596185	22910.0						2018-08-18T18:37	18	8	2018	7513750	7513750	HUMAN_OBSERVATION	iNaturalist	Observations	112143556		Jan Thornhill	2022-04-21T13:30:33	CC_BY_NC_4_0	rudyclaeys	rudyclaeys			2025-01-14T12:27:30.750Z	StillImage	COORDINATE_ROUNDED;CONTINENT_DERIVED_FROM_COORDINATES;TAXON_MATCH_TAXON_ID_IGNORED
3759778686	50c9509d-22c7-4a22-a47d-8c48425ef4a7	https://www.inaturalist.org/observations/93774808	Fungi	Basidiomycota	Agaricomycetes	Agaricales	Hygrophoraceae	Gloioxanthomyces	Gloioxanthomyces nitidus		SPECIES	Gloioxanthomyces nitidus (Berk. & M.A.Curtis) Lodge, Vizzini, Ercole & Boertm.	Gloioxanthomyces nitidus		CA		New Brunswick	PRESENT		28eb1a3f-1c15-4a95-931a-4af90ecb574d	45.950258	-66.6707	444.0						2021-09-05T15:53:33	5	9	2021	7513750	7513750	HUMAN_OBSERVATION	iNaturalist	Observations	93774808		Ben	2022-02-14T18:40:38	CC_BY_NC_4_0	hbincik	hbincik			2025-01-14T12:20:50.398Z	StillImage	COORDINATE_ROUNDED;CONTINENT_DERIVED_FROM_COORDINATES;TAXON_MATCH_TAXON_ID_IGNORED
3468794387	50c9509d-22c7-4a22-a47d-8c48425ef4a7	https://www.inaturalist.org/observations/94619154	Fungi	Basidiomycota	Agaricomycetes	Agaricales	Hygrophoraceae	Gloioxanthomyces	Gloioxanthomyces nitidus		SPECIES	Gloioxanthomyces nitidus (Berk. & M.A.Curtis) Lodge, Vizzini, Ercole & Boertm.	Gloioxanthomyces nitidus		CA		New Brunswick	PRESENT		28eb1a3f-1c15-4a95-931a-4af90ecb574d	45.941883	-64.41003	266.0						2021-09-11T13:07	11	9	2021	7513750	7513750	HUMAN_OBSERVATION	iNaturalist	Observations	94619154		Ben	2022-02-14T18:39:19	CC_BY_4_0	Claire Moxon-Waltz	Claire Moxon-Waltz			2025-01-14T13:15:22.089Z	StillImage	COORDINATE_ROUNDED;CONTINENT_DERIVED_FROM_COORDINATES;TAXON_MATCH_TAXON_ID_IGNORED
3466056314	50c9509d-22c7-4a22-a47d-8c48425ef4a7	https://www.inaturalist.org/observations/16014072	Fungi	Basidiomycota	Agaricomycetes	Agaricales	Hygrophoraceae	Gloioxanthomyces	Gloioxanthomyces nitidus		SPECIES	Gloioxanthomyces nitidus (Berk. & M.A.Curtis) Lodge, Vizzini, Ercole & Boertm.	Gloioxanthomyces nitidus		CA		Québec	PRESENT		28eb1a3f-1c15-4a95-931a-4af90ecb574d	46.787644	-72.965891							2018-08-28T13:58:38	28	8	2018	7513750	7513750	HUMAN_OBSERVATION	iNaturalist	Observations	16014072		Patrick R. Leacock, PhD	2018-08-30T03:42:54	CC_BY_4_0	cdest	cdest			2025-01-14T13:00:53.299Z		CONTINENT_DERIVED_FROM_COORDINATES;TAXON_MATCH_TAXON_ID_IGNORED
3456952262	50c9509d-22c7-4a22-a47d-8c48425ef4a7	https://www.inaturalist.org/observations/104702627	Fungi	Basidiomycota	Agaricomycetes	Agaricales	Hygrophoraceae	Gloioxanthomyces	Gloioxanthomyces nitidus		SPECIES	Gloioxanthomyces nitidus (Berk. & M.A.Curtis) Lodge, Vizzini, Ercole & Boertm.	Gloioxanthomyces nitidus		CA		Québec	PRESENT		28eb1a3f-1c15-4a95-931a-4af90ecb574d	46.91114	-71.212922	122.0						2021-10-04	4	10	2021	7513750	7513750	HUMAN_OBSERVATION	iNaturalist	Observations	104702627		Ben	2022-01-24T17:26:37	CC_BY_NC_4_0	Christian Grenier	Christian Grenier			2025-01-14T12:24:02.343Z	StillImage	COORDINATE_ROUNDED;CONTINENT_DERIVED_FROM_COORDINATES;TAXON_MATCH_TAXON_ID_IGNORED
3407934561	50c9509d-22c7-4a22-a47d-8c48425ef4a7	https://www.inaturalist.org/observations/96436186	Fungi	Basidiomycota	Agaricomycetes	Agaricales	Hygrophoraceae	Gloioxanthomyces	Gloioxanthomyces nitidus		SPECIES	Gloioxanthomyces nitidus (Berk. & M.A.Curtis) Lodge, Vizzini, Ercole & Boertm.	Gloioxanthomyces nitidus		CA		New Brunswick	PRESENT		28eb1a3f-1c15-4a95-931a-4af90ecb574d	47.618548	-65.651336	11150.0						2021-09-20T16:14:19	20	9	2021	7513750	7513750	HUMAN_OBSERVATION	iNaturalist	Observations	96436186		cinna_latifolia	2021-10-20T23:17:27	CC_BY_NC_4_0	Leah	Leah			2025-01-14T13:15:49.396Z		COORDINATE_ROUNDED;CONTINENT_DERIVED_FROM_COORDINATES;TAXON_MATCH_TAXON_ID_IGNORED
3384379101	50c9509d-22c7-4a22-a47d-8c48425ef4a7	https://www.inaturalist.org/observations/96032252	Fungi	Basidiomycota	Agaricomycetes	Agaricales	Hygrophoraceae	Gloioxanthomyces	Gloioxanthomyces nitidus		SPECIES	Gloioxanthomyces nitidus (Berk. & M.A.Curtis) Lodge, Vizzini, Ercole & Boertm.	Gloioxanthomyces nitidus		CA		Ontario	PRESENT		28eb1a3f-1c15-4a95-931a-4af90ecb574d	45.51525	-75.343229	42.0						2021-09-24T14:19	24	9	2021	7513750	7513750	HUMAN_OBSERVATION	iNaturalist	Observations	96032252		jonathan_mack	2021-09-25T01:28:07	CC_BY_NC_4_0	jonathan_mack	jonathan_mack			2025-01-14T12:24:41.764Z	StillImage	COORDINATE_ROUNDED;CONTINENT_DERIVED_FROM_COORDINATES;TAXON_MATCH_TAXON_ID_IGNORED
3383943159	50c9509d-22c7-4a22-a47d-8c48425ef4a7	https://www.inaturalist.org/observations/93217105	Fungi	Basidiomycota	Agaricomycetes	Agaricales	Hygrophoraceae	Gloioxanthomyces	Gloioxanthomyces nitidus		SPECIES	Gloioxanthomyces nitidus (Berk. & M.A.Curtis) Lodge, Vizzini, Ercole & Boertm.	Gloioxanthomyces nitidus		CA		Ontario	PRESENT		28eb1a3f-1c15-4a95-931a-4af90ecb574d	45.582998	-78.527289	789.0						2021-08-17T17:26	17	8	2021	7513750	7513750	HUMAN_OBSERVATION	iNaturalist	Observations	93217105		cinna_latifolia	2021-09-01T18:33:14	CC_BY_NC_4_0	Cameron Chevalier	Cameron Chevalier			2025-01-14T12:21:59.856Z	StillImage	COORDINATE_ROUNDED;CONTINENT_DERIVED_FROM_COORDINATES;TAXON_MATCH_TAXON_ID_IGNORED
3337972000	50c9509d-22c7-4a22-a47d-8c48425ef4a7	https://www.inaturalist.org/observations/91341725	Fungi	Basidiomycota	Agaricomycetes	Agaricales	Hygrophoraceae	Gloioxanthomyces	Gloioxanthomyces nitidus		SPECIES	Gloioxanthomyces nitidus (Berk. & M.A.Curtis) Lodge, Vizzini, Ercole & Boertm.	Gloioxanthomyces nitidus		CA		Québec	PRESENT		28eb1a3f-1c15-4a95-931a-4af90ecb574d	46.546445	-72.403192	10.0						2021-08-15T14:26:34	15	8	2021	7513750	7513750	HUMAN_OBSERVATION	iNaturalist	Observations	91341725		Mical	2021-08-15T23:19:13	CC_BY_4_0	Mical	Mical			2025-01-14T13:11:04.010Z	StillImage	COORDINATE_ROUNDED;CONTINENT_DERIVED_FROM_COORDINATES;TAXON_MATCH_TAXON_ID_IGNORED
3333314923	50c9509d-22c7-4a22-a47d-8c48425ef4a7	https://www.inaturalist.org/observations/88483955	Fungi	Basidiomycota	Agaricomycetes	Agaricales	Hygrophoraceae	Gloioxanthomyces	Gloioxanthomyces nitidus		SPECIES	Gloioxanthomyces nitidus (Berk. & M.A.Curtis) Lodge, Vizzini, Ercole & Boertm.	Gloioxanthomyces nitidus		CA		Ontario	PRESENT		28eb1a3f-1c15-4a95-931a-4af90ecb574d	45.352004	-75.38163	74.0						2021-07-24T15:02	24	7	2021	7513750	7513750	HUMAN_OBSERVATION	iNaturalist	Observations	88483955		jonathan_mack	2021-07-25T02:18:53	CC_BY_NC_4_0	jonathan_mack	jonathan_mack			2025-01-14T13:10:42.811Z	StillImage	COORDINATE_ROUNDED;CONTINENT_DERIVED_FROM_COORDINATES;TAXON_MATCH_TAXON_ID_IGNORED
3039145677	50c9509d-22c7-4a22-a47d-8c48425ef4a7	https://www.inaturalist.org/observations/61249051	Fungi	Basidiomycota	Agaricomycetes	Agaricales	Hygrophoraceae	Gloioxanthomyces	Gloioxanthomyces nitidus		SPECIES	Gloioxanthomyces nitidus (Berk. & M.A.Curtis) Lodge, Vizzini, Ercole & Boertm.	Gloioxanthomyces nitidus		CA		Ontario	PRESENT		28eb1a3f-1c15-4a95-931a-4af90ecb574d	45.5622	-78.281391	516.0						2020-09-17T12:15	17	9	2020	7513750	7513750	HUMAN_OBSERVATION	iNaturalist	Observations	61249051		cinna_latifolia	2020-10-20T19:57:36	CC_BY_NC_4_0	Tim Thorington	Tim Thorington			2025-01-14T13:09:59.588Z	StillImage	COORDINATE_ROUNDED;CONTINENT_DERIVED_FROM_COORDINATES;TAXON_MATCH_TAXON_ID_IGNORED
3013871487	50c9509d-22c7-4a22-a47d-8c48425ef4a7	https://www.inaturalist.org/observations/57724730	Fungi	Basidiomycota	Agaricomycetes	Agaricales	Hygrophoraceae	Gloioxanthomyces	Gloioxanthomyces nitidus		SPECIES	Gloioxanthomyces nitidus (Berk. & M.A.Curtis) Lodge, Vizzini, Ercole & Boertm.	Gloioxanthomyces nitidus		CA		Québec	PRESENT		28eb1a3f-1c15-4a95-931a-4af90ecb574d	46.79092	-72.99944	44524.0						2020-08-23T13:15:03	23	8	2020	7513750	7513750	HUMAN_OBSERVATION	iNaturalist	Observations	57724730		cinna_latifolia	2020-12-29T02:03:34	CC_BY_NC_4_0	a_leneyg	a_leneyg			2025-01-14T12:14:41.261Z	StillImage	COORDINATE_ROUNDED;CONTINENT_DERIVED_FROM_COORDINATES;TAXON_MATCH_TAXON_ID_IGNORED
2873873358	50c9509d-22c7-4a22-a47d-8c48425ef4a7	https://www.inaturalist.org/observations/34062066	Fungi	Basidiomycota	Agaricomycetes	Agaricales	Hygrophoraceae	Gloioxanthomyces	Gloioxanthomyces nitidus		SPECIES	Gloioxanthomyces nitidus (Berk. & M.A.Curtis) Lodge, Vizzini, Ercole & Boertm.	Gloioxanthomyces nitidus		CA		New Brunswick	PRESENT		28eb1a3f-1c15-4a95-931a-4af90ecb574d	46.148055	-64.399594	1503.0						2018-08-26T11:34	26	8	2018	7513750	7513750	HUMAN_OBSERVATION	iNaturalist	Observations	34062066		James Kameron Mitchell	2020-09-28T00:34:18	CC_BY_NC_4_0	Raymonde G Chartier	Raymonde G Chartier			2025-01-14T12:10:05.593Z	StillImage	COORDINATE_ROUNDED;CONTINENT_DERIVED_FROM_COORDINATES;TAXON_MATCH_TAXON_ID_IGNORED
2873866346	50c9509d-22c7-4a22-a47d-8c48425ef4a7	https://www.inaturalist.org/observations/35137497	Fungi	Basidiomycota	Agaricomycetes	Agaricales	Hygrophoraceae	Gloioxanthomyces	Gloioxanthomyces nitidus		SPECIES	Gloioxanthomyces nitidus (Berk. & M.A.Curtis) Lodge, Vizzini, Ercole & Boertm.	Gloioxanthomyces nitidus		CA		New Brunswick	PRESENT		28eb1a3f-1c15-4a95-931a-4af90ecb574d	46.164192	-64.78702	1502.0						2015-07-31T14:25	31	7	2015	7513750	7513750	HUMAN_OBSERVATION	iNaturalist	Observations	35137497		James Kameron Mitchell	2020-09-28T00:32:10	CC_BY_NC_4_0	Raymonde G Chartier	Raymonde G Chartier			2025-01-14T12:11:05.254Z	StillImage	COORDINATE_ROUNDED;CONTINENT_DERIVED_FROM_COORDINATES;TAXON_MATCH_TAXON_ID_IGNORED
2873847337	50c9509d-22c7-4a22-a47d-8c48425ef4a7	https://www.inaturalist.org/observations/34246467	Fungi	Basidiomycota	Agaricomycetes	Agaricales	Hygrophoraceae	Gloioxanthomyces	Gloioxanthomyces nitidus		SPECIES	Gloioxanthomyces nitidus (Berk. & M.A.Curtis) Lodge, Vizzini, Ercole & Boertm.	Gloioxanthomyces nitidus		CA		New Brunswick	PRESENT		28eb1a3f-1c15-4a95-931a-4af90ecb574d	46.217906	-64.506639	31.0						2018-08-25T12:00	25	8	2018	7513750	7513750	HUMAN_OBSERVATION	iNaturalist	Observations	34246467		James Kameron Mitchell	2020-09-28T00:34:03	CC_BY_NC_4_0	Raymonde G Chartier	Raymonde G Chartier			2025-01-14T13:10:43.582Z	StillImage	COORDINATE_ROUNDED;CONTINENT_DERIVED_FROM_COORDINATES;TAXON_MATCH_TAXON_ID_IGNORED
2873743341	50c9509d-22c7-4a22-a47d-8c48425ef4a7	https://www.inaturalist.org/observations/34784335	Fungi	Basidiomycota	Agaricomycetes	Agaricales	Hygrophoraceae	Gloioxanthomyces	Gloioxanthomyces nitidus		SPECIES	Gloioxanthomyces nitidus (Berk. & M.A.Curtis) Lodge, Vizzini, Ercole & Boertm.	Gloioxanthomyces nitidus		CA		New Brunswick	PRESENT		28eb1a3f-1c15-4a95-931a-4af90ecb574d	46.16595	-64.330641	1502.0						2011-08-20T10:56	20	8	2011	7513750	7513750	HUMAN_OBSERVATION	iNaturalist	Observations	34784335		James Kameron Mitchell	2020-09-28T00:32:35	CC_BY_NC_4_0	Raymonde G Chartier	Raymonde G Chartier			2025-01-14T12:09:40.538Z	StillImage	COORDINATE_ROUNDED;CONTINENT_DERIVED_FROM_COORDINATES;TAXON_MATCH_TAXON_ID_IGNORED
2873730339	50c9509d-22c7-4a22-a47d-8c48425ef4a7	https://www.inaturalist.org/observations/34492401	Fungi	Basidiomycota	Agaricomycetes	Agaricales	Hygrophoraceae	Gloioxanthomyces	Gloioxanthomyces nitidus		SPECIES	Gloioxanthomyces nitidus (Berk. & M.A.Curtis) Lodge, Vizzini, Ercole & Boertm.	Gloioxanthomyces nitidus		CA		New Brunswick	PRESENT		28eb1a3f-1c15-4a95-931a-4af90ecb574d	46.216213	-64.284422	488.0						2014-08-24T10:59	24	8	2014	7513750	7513750	HUMAN_OBSERVATION	iNaturalist	Observations	34492401		James Kameron Mitchell	2020-09-28T00:33:53	CC_BY_NC_4_0	Raymonde G Chartier	Raymonde G Chartier			2025-01-14T12:10:50.168Z	StillImage	COORDINATE_ROUNDED;CONTINENT_DERIVED_FROM_COORDINATES;TAXON_MATCH_TAXON_ID_IGNORED
2423611732	21705170-d2b6-42de-8904-c3bca4b83591	CMMF018701	Fungi	Basidiomycota	Agaricomycetes	Agaricales	Hygrophoraceae	Gloioxanthomyces	Gloioxanthomyces nitidus		SPECIES	Hygrophorus nitidus Berk. & M.A.Curtis	Hygrophorus nitidus Berk. & M.A. Curtis	Berk. & M.A. Curtis	CA	Lac Geai.	Québec	PRESENT		ff7bd5db-b724-4932-b496-10ea298851f9	45.996479	-73.99348	250.0						1985-08-05	5	8	1985	2538823	7513750	PRESERVED_SPECIMEN	Université de Montréal Biodiversity Centre	CMMF	CMMF018701	s.n.	Nantel, Patrick		CC0_1_0	Université de Montréal Biodiversity Centre	Nantel, Patrick			2024-01-24T16:38:18.551Z		INSTITUTION_MATCH_FUZZY;COLLECTION_MATCH_FUZZY;DIFFERENT_OWNER_INSTITUTION
1990300955	032f1fbe-d21f-407d-be46-5cd1bb1ea397	6bc76fb7-cd87-4325-8295-b99ae9a11f0a	Fungi	Basidiomycota	Agaricomycetes	Agaricales	Hygrophoraceae	Gloioxanthomyces	Gloioxanthomyces nitidus		SPECIES	Hygrophorus nitidus Berk. & M.A.Curtis	Hygrophorus nitidus	Fr.	CA	Algonquin Provincial Park, Mile 33	Ontario	PRESENT		61c539d8-47e0-4b82-875f-b95aad66dcd4	45.553889	-78.596667							1962-08-02	2	8	1962	2538823	7513750	PRESERVED_SPECIMEN	TENN-F		TENN-F-027751	RHP27751			CC0_1_0		R.H. Petersen			2025-01-12T10:33:49.633Z		COORDINATE_ROUNDED;GEODETIC_DATUM_ASSUMED_WGS84;CONTINENT_DERIVED_FROM_COORDINATES;TAXON_MATCH_TAXON_ID_IGNORED;INSTITUTION_MATCH_NONE
1847646026	50c9509d-22c7-4a22-a47d-8c48425ef4a7	https://www.inaturalist.org/observations/9577252	Fungi	Basidiomycota	Agaricomycetes	Agaricales	Hygrophoraceae	Gloioxanthomyces	Gloioxanthomyces nitidus		SPECIES	Gloioxanthomyces nitidus (Berk. & M.A.Curtis) Lodge, Vizzini, Ercole & Boertm.	Gloioxanthomyces nitidus		CA		Ontario	PRESENT		28eb1a3f-1c15-4a95-931a-4af90ecb574d	45.57675	-78.45745	4046.0						2014-09-19	19	9	2014	7513750	7513750	HUMAN_OBSERVATION	iNaturalist	Observations	9577252		mycowalt	2018-01-23T18:56:11	CC_BY_NC_4_0	mycowalt	mycowalt			2025-01-14T12:04:22.940Z	StillImage	CONTINENT_DERIVED_FROM_COORDINATES;TAXON_MATCH_TAXON_ID_IGNORED
1412709565	21705170-d2b6-42de-8904-c3bca4b83591	CMMF018046	Fungi	Basidiomycota	Agaricomycetes	Agaricales	Hygrophoraceae	Gloioxanthomyces	Gloioxanthomyces nitidus		SPECIES	Hygrophorus nitidus Berk. & M.A.Curtis	Hygrophorus nitidus Berk. & M.A. Curtis	Berk. & M.A. Curtis	CA	Lac Triton (tête du côté gauche), Station de biologie des Laurentides, Saint-Hippolyte, Québec.	Québec	PRESENT		ff7bd5db-b724-4932-b496-10ea298851f9	45.987784	-74.007871	250.0						1977-08-08	8	8	1977	2538823	7513750	PRESERVED_SPECIMEN	Université de Montréal Biodiversity Centre	CMMF	CMMF018046	57	B., A.M.; T., A.; Neumann, Peterjurgen; R., S.		CC0_1_0	Université de Montréal Biodiversity Centre	B., A.M.; T., A.; Neumann, Peterjurgen; R., S.			2024-01-24T16:38:17.925Z		INSTITUTION_MATCH_FUZZY;COLLECTION_MATCH_FUZZY;DIFFERENT_OWNER_INSTITUTION
1412705759	21705170-d2b6-42de-8904-c3bca4b83591	CMMF014283	Fungi	Basidiomycota	Agaricomycetes	Agaricales	Hygrophoraceae	Gloioxanthomyces	Gloioxanthomyces nitidus		SPECIES	Hygrocybe nitida (Berk. & M.A.Curtis) Murrill	Hygrocybe nitida (Berk. & M.A. Curtis) Murrill	(Berk. & M.A. Curtis) Murrill	CA	Chicoutimi, Québec.	Québec	PRESENT		ff7bd5db-b724-4932-b496-10ea298851f9	48.368277	-71.119642	15000.0						1984-08-08	8	8	1984	3345298	7513750	PRESERVED_SPECIMEN	Université de Montréal Biodiversity Centre	CMMF	CMMF014283	1375	Guérin, Gérard		CC0_1_0	Université de Montréal Biodiversity Centre	Guérin, Gérard			2024-01-24T16:38:19.481Z	StillImage	INSTITUTION_MATCH_FUZZY;COLLECTION_MATCH_FUZZY;DIFFERENT_OWNER_INSTITUTION
1412703151	21705170-d2b6-42de-8904-c3bca4b83591	CMMF011598	Fungi	Basidiomycota	Agaricomycetes	Agaricales	Hygrophoraceae	Gloioxanthomyces	Gloioxanthomyces nitidus		SPECIES	Hygrophorus nitidus Berk. & M.A.Curtis	Hygrophorus nitidus Berk. & M.A. Curtis	Berk. & M.A. Curtis	CA	Saint-Roch, L'Islet, Québec.	Québec	PRESENT		ff7bd5db-b724-4932-b496-10ea298851f9	47.298975	-70.150374	8000.0						1944-09-10	10	9	1944	2538823	7513750	PRESERVED_SPECIMEN	Université de Montréal Biodiversity Centre	CMMF	CMMF011598	18443	Pomerleau, René		CC0_1_0	Université de Montréal Biodiversity Centre	Campagna, Elzéar; Dubé, Lucien			2024-01-24T16:38:18.053Z		INSTITUTION_MATCH_FUZZY;COLLECTION_MATCH_FUZZY;DIFFERENT_OWNER_INSTITUTION
1024559824	21705170-d2b6-42de-8904-c3bca4b83591	CMMF005316	Fungi	Basidiomycota	Agaricomycetes	Agaricales	Hygrophoraceae	Gloioxanthomyces	Gloioxanthomyces nitidus		SPECIES	Hygrocybe nitida (Berk. & M.A.Curtis) Murrill	Hygrocybe nitida (Berk. & M.A. Curtis) Murrill	(Berk. & M.A. Curtis) Murrill	CA	Réserve écologique du Boisé-des-Muir, Hinchinbrooke.	Québec	PRESENT		ff7bd5db-b724-4932-b496-10ea298851f9	45.086179	-74.113208	10.0						2013-08-11	11	8	2013	3345298	7513750	PRESERVED_SPECIMEN	Université de Montréal Biodiversity Centre	CMMF	CMMF005316	2013-76	Langlois, Annabelle		CC0_1_0	Université de Montréal Biodiversity Centre	Langlois, Annabelle; Turgon, Jean-Pierre			2024-01-24T16:38:15.642Z	StillImage	INSTITUTION_MATCH_FUZZY;COLLECTION_MATCH_FUZZY;DIFFERENT_OWNER_INSTITUTION
