gbifID	datasetKey	occurrenceID	kingdom	phylum	class	order	family	genus	species	infraspecificEpithet	taxonRank	scientificName	verbatimScientificName	verbatimScientificNameAuthorship	countryCode	locality	stateProvince	occurrenceStatus	individualCount	publishingOrgKey	decimalLatitude	decimalLongitude	coordinateUncertaintyInMeters	coordinatePrecision	elevation	elevationAccuracy	depth	depthAccuracy	eventDate	day	month	year	taxonKey	speciesKey	basisOfRecord	institutionCode	collectionCode	catalogNumber	recordNumber	identifiedBy	dateIdentified	license	rightsHolder	recordedBy	typeStatus	establishmentMeans	lastInterpreted	mediaType	issue
694156880	d7cfd2ed-8af4-427f-a16e-eb66b7e2c419	13540	Fungi	Basidiomycota	Agaricomycetes	Agaricales	Hygrophoraceae	Hygrocybe	Hygrocybe punicea		SPECIES	Hygrocybe punicea (Fr.) P.Kumm.	Hygrocybe punicea (Fr.) P. Kumm.	(Fr.) P. Kumm.	CA	Algonquin Provincial Park	Ontario	PRESENT		ff418020-1d67-11d9-8435-b8a03c50a862	45.759859	-78.376465	67511.0						2006-09-30	30	9	2006	2538552	2538552	PRESERVED_SPECIMEN	Royal Ontario Museum	TRTC	TRTC150937	MD_ALG06_24	Maryna Didukh		CC0_1_0	Royal Ontario Museum	Maryna Didukh			2024-01-25T00:59:41.569Z	StillImage	COORDINATE_ROUNDED;AMBIGUOUS_INSTITUTION
617555430	21705170-d2b6-42de-8904-c3bca4b83591	CMMF000805	Fungi	Basidiomycota	Agaricomycetes	Agaricales	Hygrophoraceae	Hygrocybe	Hygrocybe punicea		SPECIES	Hygrocybe punicea (Fr.) P.Kumm.	Hygrocybe punicea (Fr.) P. Kumm.	(Fr.) P. Kumm.	CA	Laval	Québec	PRESENT		ff7bd5db-b724-4932-b496-10ea298851f9	45.609608	-73.705867	17500.0						1989-09-18	18	9	1989	2538552	2538552	PRESERVED_SPECIMEN	Université de Montréal Biodiversity Centre	CMMF	CMMF000805		Lamoureux, Yves		CC0_1_0	Université de Montréal Biodiversity Centre	Lamoureux, Yves			2024-01-24T16:38:21.551Z	StillImage	INSTITUTION_MATCH_FUZZY;COLLECTION_MATCH_FUZZY;DIFFERENT_OWNER_INSTITUTION
617548631	21705170-d2b6-42de-8904-c3bca4b83591	CMMF001490	Fungi	Basidiomycota	Agaricomycetes	Agaricales	Hygrophoraceae	Hygrocybe	Hygrocybe punicea		SPECIES	Hygrocybe punicea (Fr.) P.Kumm.	Hygrocybe punicea (Fr.) P. Kumm.	(Fr.) P. Kumm.	CA	Sainte-Ursule	Québec	PRESENT		ff7bd5db-b724-4932-b496-10ea298851f9	46.288837	-73.033517	3000.0						1991-09-08	8	9	1991	2538552	2538552	PRESERVED_SPECIMEN	Université de Montréal Biodiversity Centre	CMMF	CMMF001490		Lamoureux, Yves		CC0_1_0	Université de Montréal Biodiversity Centre	Lamoureux, Yves			2024-01-24T16:38:17.611Z	StillImage	INSTITUTION_MATCH_FUZZY;COLLECTION_MATCH_FUZZY;DIFFERENT_OWNER_INSTITUTION
5007978523	50c9509d-22c7-4a22-a47d-8c48425ef4a7	https://www.inaturalist.org/observations/255123838	Fungi	Basidiomycota	Agaricomycetes	Agaricales	Hygrophoraceae	Hygrocybe	Hygrocybe punicea		SPECIES	Hygrocybe punicea (Fr.) P.Kumm.	Hygrocybe punicea		CA		Ontario	PRESENT		28eb1a3f-1c15-4a95-931a-4af90ecb574d	45.441505	-75.185905	10.0						2021-10-10T11:53:57	10	10	2021	2538552	2538552	HUMAN_OBSERVATION	iNaturalist	Observations	255123838		Lynn Ovenden	2024-12-15T00:00:47	CC_BY_NC_4_0	Lynn Ovenden	Lynn Ovenden			2025-01-14T13:45:30.501Z	StillImage	CONTINENT_DERIVED_FROM_COORDINATES;TAXON_MATCH_TAXON_ID_IGNORED
4952729867	50c9509d-22c7-4a22-a47d-8c48425ef4a7	https://www.inaturalist.org/observations/245449100	Fungi	Basidiomycota	Agaricomycetes	Agaricales	Hygrophoraceae	Hygrocybe	Hygrocybe punicea		SPECIES	Hygrocybe punicea (Fr.) P.Kumm.	Hygrocybe punicea		CA		Ontario	PRESENT		28eb1a3f-1c15-4a95-931a-4af90ecb574d	45.101306	-78.031044	6.0						2024-10-03T15:01:56	3	10	2024	2538552	2538552	HUMAN_OBSERVATION	iNaturalist	Observations	245449100		kristin_olson_	2024-10-03T19:10:45	CC_BY_NC_4_0	kristin_olson_	kristin_olson_			2025-01-14T12:51:04.636Z	StillImage	COORDINATE_ROUNDED;CONTINENT_DERIVED_FROM_COORDINATES;TAXON_MATCH_TAXON_ID_IGNORED
4946273663	50c9509d-22c7-4a22-a47d-8c48425ef4a7	https://www.inaturalist.org/observations/242275020	Fungi	Basidiomycota	Agaricomycetes	Agaricales	Hygrophoraceae	Hygrocybe	Hygrocybe punicea		SPECIES	Hygrocybe punicea (Fr.) P.Kumm.	Hygrocybe punicea		CA		Québec	PRESENT		28eb1a3f-1c15-4a95-931a-4af90ecb574d	45.379525	-71.919388	8.0						2024-09-12T08:56:16	12	9	2024	2538552	2538552	HUMAN_OBSERVATION	iNaturalist	Observations	242275020		Jacob Beauregard	2024-09-17T12:40:20	CC_BY_NC_4_0	Jacob Beauregard	Jacob Beauregard			2025-01-14T12:54:03.694Z	StillImage	COORDINATE_ROUNDED;CONTINENT_DERIVED_FROM_COORDINATES;TAXON_MATCH_TAXON_ID_IGNORED
4946050657	50c9509d-22c7-4a22-a47d-8c48425ef4a7	https://www.inaturalist.org/observations/241352622	Fungi	Basidiomycota	Agaricomycetes	Agaricales	Hygrophoraceae	Hygrocybe	Hygrocybe punicea		SPECIES	Hygrocybe punicea (Fr.) P.Kumm.	Hygrocybe punicea		CA		Ontario	PRESENT		28eb1a3f-1c15-4a95-931a-4af90ecb574d	45.403407	-75.558751	33.0						2024-09-12T14:28	12	9	2024	2538552	2538552	HUMAN_OBSERVATION	iNaturalist	Observations	241352622		Igor Khomenko	2024-09-13T10:57:45	CC_BY_NC_4_0	Igor Khomenko	Igor Khomenko			2025-01-14T13:43:26.044Z	StillImage	COORDINATE_ROUNDED;CONTINENT_DERIVED_FROM_COORDINATES;TAXON_MATCH_TAXON_ID_IGNORED
4945558184	50c9509d-22c7-4a22-a47d-8c48425ef4a7	https://www.inaturalist.org/observations/239883800	Fungi	Basidiomycota	Agaricomycetes	Agaricales	Hygrophoraceae	Hygrocybe	Hygrocybe punicea		SPECIES	Hygrocybe punicea (Fr.) P.Kumm.	Hygrocybe punicea		CA		Québec	PRESENT		28eb1a3f-1c15-4a95-931a-4af90ecb574d	45.490398	-75.625475							2024-09-04T14:01	4	9	2024	2538552	2538552	HUMAN_OBSERVATION	iNaturalist	Observations	239883800		jonathan_mack	2024-09-04T23:58:06	CC_BY_NC_4_0	jonathan_mack	jonathan_mack			2025-01-14T13:43:14.411Z	StillImage	COORDINATE_ROUNDED;CONTINENT_DERIVED_FROM_COORDINATES;TAXON_MATCH_TAXON_ID_IGNORED
4936504474	50c9509d-22c7-4a22-a47d-8c48425ef4a7	https://www.inaturalist.org/observations/237009350	Fungi	Basidiomycota	Agaricomycetes	Agaricales	Hygrophoraceae	Hygrocybe	Hygrocybe punicea		SPECIES	Hygrocybe punicea (Fr.) P.Kumm.	Hygrocybe punicea		CA		New Brunswick	PRESENT		28eb1a3f-1c15-4a95-931a-4af90ecb574d	45.277908	-66.325608	20.0						2024-08-18T14:10	18	8	2024	2538552	2538552	HUMAN_OBSERVATION	iNaturalist	Observations	237009350		Alfredo Justo	2024-08-20T23:19:41	CC_BY_NC_4_0	Alfredo Justo	Alfredo Justo			2025-01-14T13:42:38.961Z	StillImage	COORDINATE_ROUNDED;CONTINENT_DERIVED_FROM_COORDINATES;TAXON_MATCH_TAXON_ID_IGNORED
4522438040	50c9509d-22c7-4a22-a47d-8c48425ef4a7	https://www.inaturalist.org/observations/196478198	Fungi	Basidiomycota	Agaricomycetes	Agaricales	Hygrophoraceae	Hygrocybe	Hygrocybe punicea		SPECIES	Hygrocybe punicea (Fr.) P.Kumm.	Hygrocybe punicea		CA		Québec	PRESENT		28eb1a3f-1c15-4a95-931a-4af90ecb574d	45.531125	-75.866547	1953.0						2021-10-05T15:18	5	10	2021	2538552	2538552	HUMAN_OBSERVATION	iNaturalist	Observations	196478198		mikkio	2024-01-13T03:32:54	CC_BY_NC_4_0	mikkio	mikkio			2025-01-14T12:43:29.930Z	StillImage	COORDINATE_ROUNDED;CONTINENT_DERIVED_FROM_COORDINATES;TAXON_MATCH_TAXON_ID_IGNORED
4465653677	50c9509d-22c7-4a22-a47d-8c48425ef4a7	https://www.inaturalist.org/observations/134753094	Fungi	Basidiomycota	Agaricomycetes	Agaricales	Hygrophoraceae	Hygrocybe	Hygrocybe punicea		SPECIES	Hygrocybe punicea (Fr.) P.Kumm.	Hygrocybe punicea		CA		Ontario	PRESENT		28eb1a3f-1c15-4a95-931a-4af90ecb574d	45.813826	-77.540657	366.0						2022-09-11T18:11:14	11	9	2022	2538552	2538552	HUMAN_OBSERVATION	iNaturalist	Observations	134753094		sammistritt	2022-09-12T17:29:40	CC_BY_NC_4_0	sammistritt	sammistritt			2025-01-14T12:31:32.438Z	StillImage	COORDINATE_ROUNDED;CONTINENT_DERIVED_FROM_COORDINATES;TAXON_MATCH_TAXON_ID_IGNORED
4430379032	50c9509d-22c7-4a22-a47d-8c48425ef4a7	https://www.inaturalist.org/observations/138272345	Fungi	Basidiomycota	Agaricomycetes	Agaricales	Hygrophoraceae	Hygrocybe	Hygrocybe punicea		SPECIES	Hygrocybe punicea (Fr.) P.Kumm.	Hygrocybe punicea		CA		Québec	PRESENT		28eb1a3f-1c15-4a95-931a-4af90ecb574d	45.023933	-73.076614	4.0						2022-10-10T12:29:21	10	10	2022	2538552	2538552	HUMAN_OBSERVATION	iNaturalist	Observations	138272345		Mical	2022-10-10T16:30:33	CC_BY_4_0	Mical	Mical			2025-01-14T12:32:58.104Z	StillImage	COORDINATE_ROUNDED;CONTINENT_DERIVED_FROM_COORDINATES;TAXON_MATCH_TAXON_ID_IGNORED
4414027604	50c9509d-22c7-4a22-a47d-8c48425ef4a7	https://www.inaturalist.org/observations/182971725	Fungi	Basidiomycota	Agaricomycetes	Agaricales	Hygrophoraceae	Hygrocybe	Hygrocybe punicea		SPECIES	Hygrocybe punicea (Fr.) P.Kumm.	Hygrocybe punicea		CA		Québec	PRESENT		28eb1a3f-1c15-4a95-931a-4af90ecb574d	47.438913	-70.533508	12.0						2023-09-11T10:43:14	11	9	2023	2538552	2538552	HUMAN_OBSERVATION	iNaturalist	Observations	182971725		gabboilard	2023-09-12T20:51:55	CC_BY_4_0	Marilyne Busque-Dubois	Marilyne Busque-Dubois			2025-01-14T12:39:57.202Z	StillImage	COORDINATE_ROUNDED;CONTINENT_DERIVED_FROM_COORDINATES;TAXON_MATCH_TAXON_ID_IGNORED
4413982366	50c9509d-22c7-4a22-a47d-8c48425ef4a7	https://www.inaturalist.org/observations/182537997	Fungi	Basidiomycota	Agaricomycetes	Agaricales	Hygrophoraceae	Hygrocybe	Hygrocybe punicea		SPECIES	Hygrocybe punicea (Fr.) P.Kumm.	Hygrocybe punicea		CA		Québec	PRESENT		28eb1a3f-1c15-4a95-931a-4af90ecb574d	45.627631	-76.221389	27126.0						2023-09-09T13:54:35	9	9	2023	2538552	2538552	HUMAN_OBSERVATION	iNaturalist	Observations	182537997		errantlight	2023-09-09T21:31:05	CC_BY_NC_4_0	errantlight	errantlight			2025-01-14T13:33:08.327Z	StillImage	COORDINATE_ROUNDED;CONTINENT_DERIVED_FROM_COORDINATES;TAXON_MATCH_TAXON_ID_IGNORED
4406536301	fb9d7c38-5759-4c30-9e09-5b6bd43f78a6	http://id.luomus.fi/MY.14952780	Fungi	Basidiomycota	Agaricomycetes	Agaricales	Hygrophoraceae	Hygrocybe	Hygrocybe punicea		SPECIES	Hygrocybe punicea (Fr.) P.Kumm.	Hygrocybe punicea (Fr.:Fr.) P. Kumm.		CA	Bell’s Corners	Ontario	PRESENT		04fd2e13-6881-4e5c-9dd1-8fdd9ab993c1	45.32	-75.83							1958-09-16T00:00Z	16	9	1958	2538552	2538552	PRESERVED_SPECIMEN	H		http://id.luomus.fi/HA.H7080540				CC_BY_4_0		Elliott, Mary E.;Pantidou, M.			2025-01-17T02:41:19.953Z		CONTINENT_DERIVED_FROM_COORDINATES;TAXON_MATCH_TAXON_ID_IGNORED;COLLECTION_MATCH_NONE;INSTITUTION_MATCH_FUZZY
4405184369	50c9509d-22c7-4a22-a47d-8c48425ef4a7	https://www.inaturalist.org/observations/98757143	Fungi	Basidiomycota	Agaricomycetes	Agaricales	Hygrophoraceae	Hygrocybe	Hygrocybe punicea		SPECIES	Hygrocybe punicea (Fr.) P.Kumm.	Hygrocybe punicea		CA		Ontario	PRESENT		28eb1a3f-1c15-4a95-931a-4af90ecb574d	45.423151	-75.497103	27158.0						2021-10-19T14:08	19	10	2021	2538552	2538552	HUMAN_OBSERVATION	iNaturalist	Observations	98757143		L Joan Heyding	2021-10-20T02:01:27	CC_BY_NC_4_0	L Joan Heyding	L Joan Heyding			2025-01-14T13:16:38.909Z	StillImage	COORDINATE_ROUNDED;CONTINENT_DERIVED_FROM_COORDINATES;TAXON_MATCH_TAXON_ID_IGNORED
4405013475	50c9509d-22c7-4a22-a47d-8c48425ef4a7	https://www.inaturalist.org/observations/134246521	Fungi	Basidiomycota	Agaricomycetes	Agaricales	Hygrophoraceae	Hygrocybe	Hygrocybe punicea		SPECIES	Hygrocybe punicea (Fr.) P.Kumm.	Hygrocybe punicea		CA		Québec	PRESENT		28eb1a3f-1c15-4a95-931a-4af90ecb574d	45.800616	-76.515226	27095.0						2022-09-07T15:44	7	9	2022	2538552	2538552	HUMAN_OBSERVATION	iNaturalist	Observations	134246521		L Joan Heyding	2022-09-09T01:05:22	CC_BY_NC_4_0	L Joan Heyding	L Joan Heyding			2025-01-14T13:25:41.007Z	StillImage	COORDINATE_ROUNDED;CONTINENT_DERIVED_FROM_COORDINATES;TAXON_MATCH_TAXON_ID_IGNORED
4171726470	50c9509d-22c7-4a22-a47d-8c48425ef4a7	https://www.inaturalist.org/observations/97087993	Fungi	Basidiomycota	Agaricomycetes	Agaricales	Hygrophoraceae	Hygrocybe	Hygrocybe punicea		SPECIES	Hygrocybe punicea (Fr.) P.Kumm.	Hygrocybe punicea		CA		Québec	PRESENT		28eb1a3f-1c15-4a95-931a-4af90ecb574d	46.029531	-74.191453	13.0						2021-10-03T13:16:23	3	10	2021	2538552	2538552	HUMAN_OBSERVATION	iNaturalist	Observations	97087993		pmlviens	2021-10-03T23:40:23	CC_BY_NC_4_0	pmlviens	pmlviens			2025-01-14T12:24:35.094Z	StillImage	COORDINATE_ROUNDED;CONTINENT_DERIVED_FROM_COORDINATES;TAXON_MATCH_TAXON_ID_IGNORED
4171392346	50c9509d-22c7-4a22-a47d-8c48425ef4a7	https://www.inaturalist.org/observations/60953093	Fungi	Basidiomycota	Agaricomycetes	Agaricales	Hygrophoraceae	Hygrocybe	Hygrocybe punicea		SPECIES	Hygrocybe punicea (Fr.) P.Kumm.	Hygrocybe punicea		CA		Ontario	PRESENT		28eb1a3f-1c15-4a95-931a-4af90ecb574d	45.512471	-75.335365	1496.0						2020-09-26T14:37:17	26	9	2020	2538552	2538552	HUMAN_OBSERVATION	iNaturalist	Observations	60953093		Lynn Ovenden	2020-09-27T12:59:37	CC_BY_NC_4_0	Lynn Ovenden	Lynn Ovenden			2025-01-14T13:06:29.925Z	StillImage	COORDINATE_ROUNDED;CONTINENT_DERIVED_FROM_COORDINATES;TAXON_MATCH_TAXON_ID_IGNORED
4152743275	d8cd16ba-bb74-4420-821e-083f2bac17c2	ON943308	Fungi	Basidiomycota	Agaricomycetes	Agaricales	Hygrophoraceae	Hygrocybe	Hygrocybe punicea		SPECIES	Hygrocybe punicea (Fr.) P.Kumm.	Hygrocybe aff. punicea		CA	Quebec		PRESENT		ada9d123-ddb4-467d-8891-806ea8d94230	46.57	-72.42							2020-08-19	19	8	2020	2538552	2538552	PRESERVED_SPECIMEN			iNat66900991		Bitty A Roy		CC_BY_4_0		Renee Lebeuf and Andre Paul			2025-01-18T13:05:57.307Z		GEODETIC_DATUM_ASSUMED_WGS84;CONTINENT_DERIVED_FROM_COORDINATES;TAXON_MATCH_TAXON_CONCEPT_ID_IGNORED;TAXON_MATCH_TAXON_ID_IGNORED
4152708090	d8cd16ba-bb74-4420-821e-083f2bac17c2	ON943284	Fungi	Basidiomycota	Agaricomycetes	Agaricales	Hygrophoraceae	Hygrocybe	Hygrocybe punicea		SPECIES	Hygrocybe punicea (Fr.) P.Kumm.	Hygrocybe aff. punicea		CA	Quebec		PRESENT		ada9d123-ddb4-467d-8891-806ea8d94230	46.57	-72.42							2020-08-23	23	8	2020	2538552	2538552	PRESERVED_SPECIMEN			iNat66901478		D JEAN Lodge		CC_BY_4_0		Renee Lebeuf and Andre Paul			2025-01-18T13:04:59.394Z		GEODETIC_DATUM_ASSUMED_WGS84;CONTINENT_DERIVED_FROM_COORDINATES;TAXON_MATCH_TAXON_CONCEPT_ID_IGNORED;TAXON_MATCH_TAXON_ID_IGNORED
4104551956	5a6538b8-e35c-46c4-8978-6858a657a75f	70476dba-6ce4-4a49-84f3-a4c49b7649bb	Fungi	Basidiomycota	Agaricomycetes	Agaricales	Hygrophoraceae	Hygrocybe	Hygrocybe punicea		SPECIES	Hygrophorus puniceus (Fr.) Fr.	Hygrophorus puniceus	(Fr.) Fr.	CA		Quebec	PRESENT		a26dde42-dd82-4d07-a763-353ab27fc02c	47.0	-70.0	301.0						1963-09-21	21	9	1963	2538555	2538552	PRESERVED_SPECIMEN	CUP		CUP-048547		J. W. Groves		CC0_1_0		J. W. Groves			2025-01-15T04:26:06.797Z	StillImage	GEODETIC_DATUM_ASSUMED_WGS84;CONTINENT_DERIVED_FROM_COORDINATES;TAXON_MATCH_TAXON_ID_IGNORED;COLLECTION_MATCH_NONE;INSTITUTION_MATCH_FUZZY
4067326731	50c9509d-22c7-4a22-a47d-8c48425ef4a7	https://www.inaturalist.org/observations/148454489	Fungi	Basidiomycota	Agaricomycetes	Agaricales	Hygrophoraceae	Hygrocybe	Hygrocybe punicea		SPECIES	Hygrocybe punicea (Fr.) P.Kumm.	Hygrocybe punicea		CA		Québec	PRESENT		28eb1a3f-1c15-4a95-931a-4af90ecb574d	45.541862	-73.153036	16.0						2022-09-17T12:51:13	17	9	2022	2538552	2538552	HUMAN_OBSERVATION	iNaturalist	Observations	148454489		cinna_latifolia	2023-03-19T03:33:51	CC_BY_NC_4_0	cleobulles	cleobulles			2025-01-14T13:32:57.615Z	StillImage	COORDINATE_ROUNDED;CONTINENT_DERIVED_FROM_COORDINATES;TAXON_MATCH_TAXON_ID_IGNORED
4034618505	50c9509d-22c7-4a22-a47d-8c48425ef4a7	https://www.inaturalist.org/observations/138052365	Fungi	Basidiomycota	Agaricomycetes	Agaricales	Hygrophoraceae	Hygrocybe	Hygrocybe punicea		SPECIES	Hygrocybe punicea (Fr.) P.Kumm.	Hygrocybe punicea		CA		New Brunswick	PRESENT		28eb1a3f-1c15-4a95-931a-4af90ecb574d	46.791735	-66.409835	87.0						2022-10-04T09:34	4	10	2022	2538552	2538552	HUMAN_OBSERVATION	iNaturalist	Observations	138052365		Alfredo Justo	2022-10-08T23:57:15	CC_BY_NC_4_0	Alfredo Justo	Alfredo Justo			2025-01-14T13:26:05.569Z	StillImage	COORDINATE_ROUNDED;CONTINENT_DERIVED_FROM_COORDINATES;TAXON_MATCH_TAXON_ID_IGNORED
4028792160	50c9509d-22c7-4a22-a47d-8c48425ef4a7	https://www.inaturalist.org/observations/146478778	Fungi	Basidiomycota	Agaricomycetes	Agaricales	Hygrophoraceae	Hygrocybe	Hygrocybe punicea		SPECIES	Hygrocybe punicea (Fr.) P.Kumm.	Hygrocybe punicea		CA		Ontario	PRESENT		28eb1a3f-1c15-4a95-931a-4af90ecb574d	45.324194	-75.93923	671.0						2022-10-01T13:21:12	1	10	2022	2538552	2538552	HUMAN_OBSERVATION	iNaturalist	Observations	146478778		cinna_latifolia	2023-01-13T19:12:52	CC_BY_NC_4_0	bluecardinal	bluecardinal			2025-01-14T12:33:17.857Z	StillImage	COORDINATE_ROUNDED;CONTINENT_DERIVED_FROM_COORDINATES;TAXON_MATCH_TAXON_ID_IGNORED
4023672860	fb9d7c38-5759-4c30-9e09-5b6bd43f78a6	http://id.luomus.fi/MY.11912396	Fungi	Basidiomycota	Agaricomycetes	Agaricales	Hygrophoraceae	Hygrocybe	Hygrocybe punicea		SPECIES	Hygrocybe punicea (Fr.) P.Kumm.	Hygrocybe punicea (Fr.:Fr.) P. Kumm.		CA		Quebec	PRESENT		04fd2e13-6881-4e5c-9dd1-8fdd9ab993c1	47.183333	-70.216666							1963-09-21T00:00Z	21	9	1963	2538552	2538552	PRESERVED_SPECIMEN	H		http://id.luomus.fi/HA.H7073733				CC_BY_4_0		Groves, J. W.			2025-01-17T02:41:19.966Z		CONTINENT_DERIVED_FROM_COORDINATES;TAXON_MATCH_TAXON_ID_IGNORED;COLLECTION_MATCH_NONE;INSTITUTION_MATCH_FUZZY
4009879664	50c9509d-22c7-4a22-a47d-8c48425ef4a7	https://www.inaturalist.org/observations/143432981	Fungi	Basidiomycota	Agaricomycetes	Agaricales	Hygrophoraceae	Hygrocybe	Hygrocybe punicea		SPECIES	Hygrocybe punicea (Fr.) P.Kumm.	Hygrocybe punicea		CA		Québec	PRESENT		28eb1a3f-1c15-4a95-931a-4af90ecb574d	46.91617	-71.234394	31.0						2022-09-11	11	9	2022	2538552	2538552	HUMAN_OBSERVATION	iNaturalist	Observations	143432981		Christian Grenier	2022-12-01T15:41:52	CC_BY_NC_4_0	Christian Grenier	Christian Grenier			2025-01-14T12:32:32.598Z	StillImage	COORDINATE_ROUNDED;CONTINENT_DERIVED_FROM_COORDINATES;TAXON_MATCH_TAXON_ID_IGNORED
4009806668	50c9509d-22c7-4a22-a47d-8c48425ef4a7	https://www.inaturalist.org/observations/144601690	Fungi	Basidiomycota	Agaricomycetes	Agaricales	Hygrophoraceae	Hygrocybe	Hygrocybe punicea		SPECIES	Hygrocybe punicea (Fr.) P.Kumm.	Hygrocybe punicea		CA		Québec	PRESENT		28eb1a3f-1c15-4a95-931a-4af90ecb574d	46.91402	-71.232442	31.0						2022-08-29	29	8	2022	2538552	2538552	HUMAN_OBSERVATION	iNaturalist	Observations	144601690		Christian Grenier	2022-12-18T13:29:25	CC_BY_NC_4_0	Christian Grenier	Christian Grenier			2025-01-14T13:28:03.369Z	StillImage	COORDINATE_ROUNDED;CONTINENT_DERIVED_FROM_COORDINATES;TAXON_MATCH_TAXON_ID_IGNORED
4009731608	50c9509d-22c7-4a22-a47d-8c48425ef4a7	https://www.inaturalist.org/observations/141894791	Fungi	Basidiomycota	Agaricomycetes	Agaricales	Hygrophoraceae	Hygrocybe	Hygrocybe punicea		SPECIES	Hygrocybe punicea (Fr.) P.Kumm.	Hygrocybe punicea		CA		Québec	PRESENT		28eb1a3f-1c15-4a95-931a-4af90ecb574d	46.908196	-71.214156	31.0						2022-09-29	29	9	2022	2538552	2538552	HUMAN_OBSERVATION	iNaturalist	Observations	141894791		Christian Grenier	2022-11-13T15:44:40	CC_BY_NC_4_0	Christian Grenier	Christian Grenier			2025-01-14T12:32:41.221Z	StillImage	COORDINATE_ROUNDED;CONTINENT_DERIVED_FROM_COORDINATES;TAXON_MATCH_TAXON_ID_IGNORED
4009726653	50c9509d-22c7-4a22-a47d-8c48425ef4a7	https://www.inaturalist.org/observations/144236207	Fungi	Basidiomycota	Agaricomycetes	Agaricales	Hygrophoraceae	Hygrocybe	Hygrocybe punicea		SPECIES	Hygrocybe punicea (Fr.) P.Kumm.	Hygrocybe punicea		CA		Québec	PRESENT		28eb1a3f-1c15-4a95-931a-4af90ecb574d	46.834997	-71.310647	15.0						2022-09-02	2	9	2022	2538552	2538552	HUMAN_OBSERVATION	iNaturalist	Observations	144236207		Christian Grenier	2022-12-12T16:13:37	CC_BY_NC_4_0	Christian Grenier	Christian Grenier			2025-01-14T13:19:47.855Z	StillImage	COORDINATE_ROUNDED;CONTINENT_DERIVED_FROM_COORDINATES;TAXON_MATCH_TAXON_ID_IGNORED
3947708886	50c9509d-22c7-4a22-a47d-8c48425ef4a7	https://www.inaturalist.org/observations/139168023	Fungi	Basidiomycota	Agaricomycetes	Agaricales	Hygrophoraceae	Hygrocybe	Hygrocybe punicea		SPECIES	Hygrocybe punicea (Fr.) P.Kumm.	Hygrocybe punicea		CA		Québec	PRESENT		28eb1a3f-1c15-4a95-931a-4af90ecb574d	45.57731	-76.075938							2022-10-10T16:19	10	10	2022	2538552	2538552	HUMAN_OBSERVATION	iNaturalist	Observations	139168023		Serguei Ponomarenko	2022-10-17T22:21:59	CC_BY_NC_4_0	Serguei Ponomarenko	Serguei Ponomarenko			2025-01-14T12:33:19.155Z	StillImage	COORDINATE_ROUNDED;CONTINENT_DERIVED_FROM_COORDINATES;TAXON_MATCH_TAXON_ID_IGNORED
3947114847	50c9509d-22c7-4a22-a47d-8c48425ef4a7	https://www.inaturalist.org/observations/136828525	Fungi	Basidiomycota	Agaricomycetes	Agaricales	Hygrophoraceae	Hygrocybe	Hygrocybe punicea		SPECIES	Hygrocybe punicea (Fr.) P.Kumm.	Hygrocybe punicea		CA		Québec	PRESENT		28eb1a3f-1c15-4a95-931a-4af90ecb574d	45.590374	-74.04785	27158.0						2022-09-28T13:05	28	9	2022	2538552	2538552	HUMAN_OBSERVATION	iNaturalist	Observations	136828525		Alan Rockefeller	2022-10-03T19:35:56	CC_BY_NC_4_0	Kilby Gordon	Kilby Gordon			2025-01-14T13:25:48.747Z	StillImage	COORDINATE_ROUNDED;CONTINENT_DERIVED_FROM_COORDINATES;TAXON_MATCH_TAXON_ID_IGNORED
3925168668	50c9509d-22c7-4a22-a47d-8c48425ef4a7	https://www.inaturalist.org/observations/136096929	Fungi	Basidiomycota	Agaricomycetes	Agaricales	Hygrophoraceae	Hygrocybe	Hygrocybe punicea		SPECIES	Hygrocybe punicea (Fr.) P.Kumm.	Hygrocybe punicea		CA		Québec	PRESENT		28eb1a3f-1c15-4a95-931a-4af90ecb574d	45.616666	-75.3	1517.0						2022-09-22T12:05:15	22	9	2022	2538552	2538552	HUMAN_OBSERVATION	iNaturalist	Observations	136096929		a-tara-xy	2022-09-22T22:47:27	CC_BY_NC_4_0	a-tara-xy	a-tara-xy			2025-01-14T13:20:22.276Z	StillImage	COORDINATE_ROUNDED;CONTINENT_DERIVED_FROM_COORDINATES;TAXON_MATCH_TAXON_ID_IGNORED
3925155226	50c9509d-22c7-4a22-a47d-8c48425ef4a7	https://www.inaturalist.org/observations/138045726	Fungi	Basidiomycota	Agaricomycetes	Agaricales	Hygrophoraceae	Hygrocybe	Hygrocybe punicea		SPECIES	Hygrocybe punicea (Fr.) P.Kumm.	Hygrocybe punicea		CA		Québec	PRESENT		28eb1a3f-1c15-4a95-931a-4af90ecb574d	45.48925	-75.86473	4.0						2022-10-08T17:46:27	8	10	2022	2538552	2538552	HUMAN_OBSERVATION	iNaturalist	Observations	138045726		cinna_latifolia	2022-10-09T06:28:43	CC_BY_NC_4_0	Maria Bastas	Maria Bastas			2025-01-14T13:20:44.962Z	StillImage	CONTINENT_DERIVED_FROM_COORDINATES;TAXON_MATCH_TAXON_ID_IGNORED
3923564377	50c9509d-22c7-4a22-a47d-8c48425ef4a7	https://www.inaturalist.org/observations/137285373	Fungi	Basidiomycota	Agaricomycetes	Agaricales	Hygrophoraceae	Hygrocybe	Hygrocybe punicea		SPECIES	Hygrocybe punicea (Fr.) P.Kumm.	Hygrocybe punicea		CA		Québec	PRESENT		28eb1a3f-1c15-4a95-931a-4af90ecb574d	45.622637	-75.028377							2022-10-01T10:26	1	10	2022	2538552	2538552	HUMAN_OBSERVATION	iNaturalist	Observations	137285373		jonathan_mack	2022-10-02T15:12:37	CC_BY_NC_4_0	jonathan_mack	jonathan_mack			2025-01-14T13:25:01.382Z	StillImage	COORDINATE_ROUNDED;CONTINENT_DERIVED_FROM_COORDINATES;TAXON_MATCH_TAXON_ID_IGNORED
3912423662	50c9509d-22c7-4a22-a47d-8c48425ef4a7	https://www.inaturalist.org/observations/135743499	Fungi	Basidiomycota	Agaricomycetes	Agaricales	Hygrophoraceae	Hygrocybe	Hygrocybe punicea		SPECIES	Hygrocybe punicea (Fr.) P.Kumm.	Hygrocybe punicea		CA		Québec	PRESENT		28eb1a3f-1c15-4a95-931a-4af90ecb574d	46.007098	-73.409762							2022-09-16T14:57	16	9	2022	2538552	2538552	HUMAN_OBSERVATION	iNaturalist	Observations	135743499		jonathan_mack	2022-09-20T02:40:57	CC_BY_NC_4_0	jonathan_mack	jonathan_mack			2025-01-14T12:31:38.950Z	StillImage	COORDINATE_ROUNDED;CONTINENT_DERIVED_FROM_COORDINATES;TAXON_MATCH_TAXON_ID_IGNORED
3903499274	50c9509d-22c7-4a22-a47d-8c48425ef4a7	https://www.inaturalist.org/observations/134364452	Fungi	Basidiomycota	Agaricomycetes	Agaricales	Hygrophoraceae	Hygrocybe	Hygrocybe punicea		SPECIES	Hygrocybe punicea (Fr.) P.Kumm.	Hygrocybe punicea		CA		Ontario	PRESENT		28eb1a3f-1c15-4a95-931a-4af90ecb574d	45.3233	-75.812462	5.0						2022-09-09T12:22:08	9	9	2022	2538552	2538552	HUMAN_OBSERVATION	iNaturalist	Observations	134364452		Lynn Ovenden	2022-09-10T00:17:22	CC_BY_NC_4_0	Lynn Ovenden	Lynn Ovenden			2025-01-14T13:25:21.213Z	StillImage	COORDINATE_ROUNDED;CONTINENT_DERIVED_FROM_COORDINATES;TAXON_MATCH_TAXON_ID_IGNORED
3903442055	50c9509d-22c7-4a22-a47d-8c48425ef4a7	https://www.inaturalist.org/observations/134364353	Fungi	Basidiomycota	Agaricomycetes	Agaricales	Hygrophoraceae	Hygrocybe	Hygrocybe punicea		SPECIES	Hygrocybe punicea (Fr.) P.Kumm.	Hygrocybe punicea		CA		New Brunswick	PRESENT		28eb1a3f-1c15-4a95-931a-4af90ecb574d	47.761538	-64.883955	16.0						2022-09-09T18:59:08	9	9	2022	2538552	2538552	HUMAN_OBSERVATION	iNaturalist	Observations	134364353		joannedaniel	2022-09-10T00:16:12	CC_BY_NC_4_0	joannedaniel	joannedaniel			2025-01-14T12:32:14.331Z	StillImage	COORDINATE_ROUNDED;CONTINENT_DERIVED_FROM_COORDINATES;TAXON_MATCH_TAXON_ID_IGNORED
3902612768	50c9509d-22c7-4a22-a47d-8c48425ef4a7	https://www.inaturalist.org/observations/133108184	Fungi	Basidiomycota	Agaricomycetes	Agaricales	Hygrophoraceae	Hygrocybe	Hygrocybe punicea		SPECIES	Hygrocybe punicea (Fr.) P.Kumm.	Hygrocybe punicea		CA		Prince Edward Island	PRESENT		28eb1a3f-1c15-4a95-931a-4af90ecb574d	46.698	-64.16	50.0						2022-08-27T16:02	27	8	2022	2538552	2538552	HUMAN_OBSERVATION	iNaturalist	Observations	133108184		Rosemary Curley	2022-08-31T18:14:39	CC_BY_NC_4_0	Rosemary Curley	Rosemary Curley			2025-01-14T12:33:08.661Z	StillImage	CONTINENT_DERIVED_FROM_COORDINATES;TAXON_MATCH_TAXON_ID_IGNORED
3902076759	50c9509d-22c7-4a22-a47d-8c48425ef4a7	https://www.inaturalist.org/observations/122165906	Fungi	Basidiomycota	Agaricomycetes	Agaricales	Hygrophoraceae	Hygrocybe	Hygrocybe punicea		SPECIES	Hygrocybe punicea (Fr.) P.Kumm.	Hygrocybe punicea		CA		New Brunswick	PRESENT		28eb1a3f-1c15-4a95-931a-4af90ecb574d	47.720509	-65.905722	180.0						2021-10-24T14:44	24	10	2021	2538552	2538552	HUMAN_OBSERVATION	iNaturalist	Observations	122165906		cinna_latifolia	2022-08-25T17:17:02	CC_BY_NC_4_0	roachiecanada	roachiecanada			2025-01-14T13:22:34.717Z	StillImage	COORDINATE_ROUNDED;CONTINENT_DERIVED_FROM_COORDINATES;TAXON_MATCH_TAXON_ID_IGNORED
3881671332	50c9509d-22c7-4a22-a47d-8c48425ef4a7	https://www.inaturalist.org/observations/59265638	Fungi	Basidiomycota	Agaricomycetes	Agaricales	Hygrophoraceae	Hygrocybe	Hygrocybe punicea		SPECIES	Hygrocybe punicea (Fr.) P.Kumm.	Hygrocybe punicea		CA		Ontario	PRESENT		28eb1a3f-1c15-4a95-931a-4af90ecb574d	45.324295	-75.941453	5.0						2020-09-11T18:48:39	11	9	2020	2538552	2538552	HUMAN_OBSERVATION	iNaturalist	Observations	59265638		cinna_latifolia	2022-05-13T08:23:30	CC_BY_NC_4_0	chronor	chronor			2025-01-14T13:10:18.416Z	StillImage	COORDINATE_ROUNDED;CONTINENT_DERIVED_FROM_COORDINATES;TAXON_MATCH_TAXON_ID_IGNORED
3858166551	50c9509d-22c7-4a22-a47d-8c48425ef4a7	https://www.inaturalist.org/observations/58732391	Fungi	Basidiomycota	Agaricomycetes	Agaricales	Hygrophoraceae	Hygrocybe	Hygrocybe punicea		SPECIES	Hygrocybe punicea (Fr.) P.Kumm.	Hygrocybe punicea		CA		Ontario	PRESENT		28eb1a3f-1c15-4a95-931a-4af90ecb574d	45.387366	-78.194302	148.0						2020-09-06T12:15:57	6	9	2020	2538552	2538552	HUMAN_OBSERVATION	iNaturalist	Observations	58732391		cinna_latifolia	2022-05-13T19:56:02	CC_BY_NC_4_0	tobrook	tobrook			2025-01-14T13:05:40.977Z	StillImage	COORDINATE_ROUNDED;CONTINENT_DERIVED_FROM_COORDINATES;TAXON_MATCH_TAXON_ID_IGNORED
3784849333	50c9509d-22c7-4a22-a47d-8c48425ef4a7	https://www.inaturalist.org/observations/55906749	Fungi	Basidiomycota	Agaricomycetes	Agaricales	Hygrophoraceae	Hygrocybe	Hygrocybe punicea		SPECIES	Hygrocybe punicea (Fr.) P.Kumm.	Hygrocybe punicea		CA		Ontario	PRESENT		28eb1a3f-1c15-4a95-931a-4af90ecb574d	45.578258	-78.50657	1591.0						2020-08-08T16:38:48	8	8	2020	2538552	2538552	HUMAN_OBSERVATION	iNaturalist	Observations	55906749		cinna_latifolia	2022-05-13T20:16:49	CC_BY_NC_4_0	Sarah Lamond	Sarah Lamond			2025-01-14T12:14:13.573Z	StillImage	COORDINATE_ROUNDED;CONTINENT_DERIVED_FROM_COORDINATES;TAXON_MATCH_TAXON_ID_IGNORED
3747256458	50c9509d-22c7-4a22-a47d-8c48425ef4a7	https://www.inaturalist.org/observations/95980474	Fungi	Basidiomycota	Agaricomycetes	Agaricales	Hygrophoraceae	Hygrocybe	Hygrocybe punicea		SPECIES	Hygrocybe punicea (Fr.) P.Kumm.	Hygrocybe punicea		CA		New Brunswick	PRESENT		28eb1a3f-1c15-4a95-931a-4af90ecb574d	47.621188	-65.68152	8.0						2021-09-23T14:53:06	23	9	2021	2538552	2538552	HUMAN_OBSERVATION	iNaturalist	Observations	95980474		Lisa Martin	2022-03-21T18:41:16	CC_BY_NC_4_0	ahebert	ahebert			2025-01-14T13:14:05.395Z	StillImage	COORDINATE_ROUNDED;CONTINENT_DERIVED_FROM_COORDINATES;TAXON_MATCH_TAXON_ID_IGNORED
3415860242	50c9509d-22c7-4a22-a47d-8c48425ef4a7	https://www.inaturalist.org/observations/100543499	Fungi	Basidiomycota	Agaricomycetes	Agaricales	Hygrophoraceae	Hygrocybe	Hygrocybe punicea		SPECIES	Hygrocybe punicea (Fr.) P.Kumm.	Hygrocybe punicea		CA		Ontario	PRESENT		28eb1a3f-1c15-4a95-931a-4af90ecb574d	45.547628	-76.001001	27158.0						2021-11-07T16:33	7	11	2021	2538552	2538552	HUMAN_OBSERVATION	iNaturalist	Observations	100543499		Denis Gallant	2021-11-07T23:14:34	CC_BY_NC_4_0	Denis Gallant	Denis Gallant			2025-01-14T13:15:26.380Z	StillImage	COORDINATE_ROUNDED;CONTINENT_DERIVED_FROM_COORDINATES;TAXON_MATCH_TAXON_ID_IGNORED
3391662645	50c9509d-22c7-4a22-a47d-8c48425ef4a7	https://www.inaturalist.org/observations/97558435	Fungi	Basidiomycota	Agaricomycetes	Agaricales	Hygrophoraceae	Hygrocybe	Hygrocybe punicea		SPECIES	Hygrocybe punicea (Fr.) P.Kumm.	Hygrocybe punicea		CA		Ontario	PRESENT		28eb1a3f-1c15-4a95-931a-4af90ecb574d	45.510031	-75.333962	182.0						2021-10-07T12:21	7	10	2021	2538552	2538552	HUMAN_OBSERVATION	iNaturalist	Observations	97558435		Mike Leveille	2021-10-08T16:46:52	CC_BY_NC_4_0	Mike Leveille	Mike Leveille			2025-01-14T12:22:23.912Z	StillImage	COORDINATE_ROUNDED;CONTINENT_DERIVED_FROM_COORDINATES;TAXON_MATCH_TAXON_ID_IGNORED
3330524388	50c9509d-22c7-4a22-a47d-8c48425ef4a7	https://www.inaturalist.org/observations/62946753	Fungi	Basidiomycota	Agaricomycetes	Agaricales	Hygrophoraceae	Hygrocybe	Hygrocybe punicea		SPECIES	Hygrocybe punicea (Fr.) P.Kumm.	Hygrocybe punicea		CA		Québec	PRESENT		28eb1a3f-1c15-4a95-931a-4af90ecb574d	45.452525	-74.283401	5503.0						2020-10-18T13:51:26	18	10	2020	2538552	2538552	HUMAN_OBSERVATION	iNaturalist	Observations	62946753		cinna_latifolia	2021-07-19T20:59:28	CC_BY_NC_4_0	katenormand	katenormand			2025-01-14T12:15:31.682Z	StillImage	COORDINATE_ROUNDED;CONTINENT_DERIVED_FROM_COORDINATES;TAXON_MATCH_TAXON_ID_IGNORED
3005205506	50c9509d-22c7-4a22-a47d-8c48425ef4a7	https://www.inaturalist.org/observations/61243906	Fungi	Basidiomycota	Agaricomycetes	Agaricales	Hygrophoraceae	Hygrocybe	Hygrocybe punicea		SPECIES	Hygrocybe punicea (Fr.) P.Kumm.	Hygrocybe punicea		CA		Ontario	PRESENT		28eb1a3f-1c15-4a95-931a-4af90ecb574d	45.490395	-78.249413	4.0						2020-09-29T16:04:40	29	9	2020	2538552	2538552	HUMAN_OBSERVATION	iNaturalist	Observations	61243906		cinna_latifolia	2020-12-13T02:48:15	CC_BY_NC_4_0	Nina	Nina			2025-01-14T13:09:43.161Z	StillImage	COORDINATE_ROUNDED;CONTINENT_DERIVED_FROM_COORDINATES;TAXON_MATCH_TAXON_ID_IGNORED
2856485218	50c9509d-22c7-4a22-a47d-8c48425ef4a7	https://www.inaturalist.org/observations/57572919	Fungi	Basidiomycota	Agaricomycetes	Agaricales	Hygrophoraceae	Hygrocybe	Hygrocybe punicea		SPECIES	Hygrocybe punicea (Fr.) P.Kumm.	Hygrocybe punicea		CA		Ontario	PRESENT		28eb1a3f-1c15-4a95-931a-4af90ecb574d	45.30153	-75.81069	2053.0						2020-08-25T15:18:22	25	8	2020	2538552	2538552	HUMAN_OBSERVATION	iNaturalist	Observations	57572919		jasonmassia	2020-08-29T12:42:20	CC_BY_NC_4_0	jasonmassia	jasonmassia			2025-01-14T12:14:33.441Z	StillImage	COORDINATE_ROUNDED;CONTINENT_DERIVED_FROM_COORDINATES;TAXON_MATCH_TAXON_ID_IGNORED
2557628894	50c9509d-22c7-4a22-a47d-8c48425ef4a7	https://www.inaturalist.org/observations/10592588	Fungi	Basidiomycota	Agaricomycetes	Agaricales	Hygrophoraceae	Hygrocybe	Hygrocybe punicea		SPECIES	Hygrocybe punicea (Fr.) P.Kumm.	Hygrocybe punicea		CA		Ontario	PRESENT		28eb1a3f-1c15-4a95-931a-4af90ecb574d	45.045389	-78.508816	488.0						2007-09-29T10:38	29	9	2007	2538552	2538552	HUMAN_OBSERVATION	iNaturalist	Observations	10592588		cinna_latifolia	2020-01-17T02:16:16	CC_BY_NC_4_0	Bonnie Kinder	Bonnie Kinder			2025-01-14T12:04:41.267Z	StillImage	COORDINATE_ROUNDED;CONTINENT_DERIVED_FROM_COORDINATES;TAXON_MATCH_TAXON_ID_IGNORED
2423612553	21705170-d2b6-42de-8904-c3bca4b83591	CMMF020596	Fungi	Basidiomycota	Agaricomycetes	Agaricales	Hygrophoraceae	Hygrocybe	Hygrocybe punicea		SPECIES	Hygrophorus puniceus (Fr.) Fr.	Hygrophorus puniceus (Fr.) Fr.	(Fr.) Fr.	CA	Granby, P.Q.	Quebec	PRESENT		ff7bd5db-b724-4932-b496-10ea298851f9	45.403229	-72.734066	7500.0						1947-08-29	29	8	1947	2538555	2538552	PRESERVED_SPECIMEN	Université de Montréal Biodiversity Centre	CMMF	CMMF020596	1788	Pomerleau, René		CC0_1_0	Université de Montréal Biodiversity Centre	Fabius, Fr.			2024-01-24T16:38:15.873Z		INSTITUTION_MATCH_FUZZY;COLLECTION_MATCH_FUZZY;DIFFERENT_OWNER_INSTITUTION
1987940279	ca1bcd7e-7387-42f9-81ba-1470db55e3e8	CD6D83BC-65A8-B747-8C5C-4C95E262FE8A	Fungi	Basidiomycota	Agaricomycetes	Agaricales	Hygrophoraceae	Hygrocybe	Hygrocybe punicea		SPECIES	Hygrocybe punicea (Fr.) P.Kumm.	Hygrocybe punicea	(Fr.) P. Kumm.	CA	Sackville, Fenwick Ridge	New Brunswick	PRESENT		b542788f-0dc2-4a2b-b652-fceced449591	45.916667	-64.383333							1977-09		9	1977	2538552	2538552	PRESERVED_SPECIMEN	BBM	UBC	F022572	B#34	T. Goward		CC0_1_0	The University of British Columbia	Trevor Goward			2024-11-19T11:27:39.828Z		GEODETIC_DATUM_ASSUMED_WGS84;CONTINENT_DERIVED_FROM_COORDINATES;INSTITUTION_MATCH_FUZZY
1946279732	50c9509d-22c7-4a22-a47d-8c48425ef4a7	https://www.inaturalist.org/observations/17889790	Fungi	Basidiomycota	Agaricomycetes	Agaricales	Hygrophoraceae	Hygrocybe	Hygrocybe punicea		SPECIES	Hygrocybe punicea (Fr.) P.Kumm.	Hygrocybe punicea		CA		Québec	PRESENT		28eb1a3f-1c15-4a95-931a-4af90ecb574d	46.529068	-72.762932	173.0						2017-09-01T15:25	1	9	2017	2538552	2538552	HUMAN_OBSERVATION	iNaturalist	Observations	17889790		jonathan_mack	2018-10-27T23:04:23	CC_BY_NC_4_0	jonathan_mack	jonathan_mack			2025-01-14T13:00:46.292Z	StillImage	COORDINATE_ROUNDED;CONTINENT_DERIVED_FROM_COORDINATES;TAXON_MATCH_TAXON_ID_IGNORED
1890032146	50c9509d-22c7-4a22-a47d-8c48425ef4a7	https://www.inaturalist.org/observations/10888343	Fungi	Basidiomycota	Agaricomycetes	Agaricales	Hygrophoraceae	Hygrocybe	Hygrocybe punicea		SPECIES	Hygrocybe punicea (Fr.) P.Kumm.	Hygrocybe punicea		CA		Québec	PRESENT		28eb1a3f-1c15-4a95-931a-4af90ecb574d	45.94733	-74.912595							2009-09-05T14:10:54	5	9	2009	2538552	2538552	HUMAN_OBSERVATION	iNaturalist	Observations	10888343		John Plischke	2018-04-14T05:32:43	CC_BY_NC_4_0	John Plischke	John Plischke			2025-01-14T12:04:46.976Z		CONTINENT_DERIVED_FROM_COORDINATES;TAXON_MATCH_TAXON_ID_IGNORED
1807258781	e8a25a42-f125-476c-8554-3ec21cd51a84	ACAD:115202	Fungi	Basidiomycota	Agaricomycetes	Agaricales	Hygrophoraceae	Hygrocybe	Hygrocybe punicea		SPECIES	Hygrocybe punicea (Fr.) P.Kumm.	Hygrocybe punicea (Fr.) P. Kumm.	(Fr.) P. Kumm.	CA	Kentville	Nova Scotia	PRESENT		6491ad8c-8e49-4bd4-a089-0ddb3bbe0890	45.07662	-64.49592							1936-09-26	26	9	1936	2538552	2538552	PRESERVED_SPECIMEN	Acadia University	ACAD	889F	889			CC0_1_0	Acadia University	H, KA			2024-01-25T01:36:59.409Z	StillImage	GEODETIC_DATUM_INVALID;GEODETIC_DATUM_ASSUMED_WGS84;TAXON_MATCH_TAXON_ID_IGNORED;INSTITUTION_MATCH_FUZZY;COLLECTION_MATCH_FUZZY
1807256058	e8a25a42-f125-476c-8554-3ec21cd51a84	ACAD:112701	Fungi	Basidiomycota	Agaricomycetes	Agaricales	Hygrophoraceae	Hygrocybe	Hygrocybe punicea		SPECIES	Hygrocybe punicea (Fr.) P.Kumm.	Hygrocybe punicea (Fr.) P. Kumm.	(Fr.) P. Kumm.	CA	Kentville	Nova Scotia	PRESENT		6491ad8c-8e49-4bd4-a089-0ddb3bbe0890	45.07662	-64.49592							1953-09-24	24	9	1953	2538552	2538552	PRESERVED_SPECIMEN	Acadia University	ACAD	2643F	2643			CC0_1_0	Acadia University	Harrison, KA			2024-01-25T01:37:10.849Z	StillImage	GEODETIC_DATUM_INVALID;GEODETIC_DATUM_ASSUMED_WGS84;TAXON_MATCH_TAXON_ID_IGNORED;INSTITUTION_MATCH_FUZZY;COLLECTION_MATCH_FUZZY
1807255954	e8a25a42-f125-476c-8554-3ec21cd51a84	ACAD:112697	Fungi	Basidiomycota	Agaricomycetes	Agaricales	Hygrophoraceae	Hygrocybe	Hygrocybe punicea		SPECIES	Hygrocybe punicea (Fr.) P.Kumm.	Hygrocybe punicea (Fr.) P. Kumm.	(Fr.) P. Kumm.	CA	Kentville	Nova Scotia	PRESENT		6491ad8c-8e49-4bd4-a089-0ddb3bbe0890	45.07662	-64.49592							1953-09-23	23	9	1953	2538552	2538552	PRESERVED_SPECIMEN	Acadia University	ACAD	2638F	2638			CC0_1_0	Acadia University	Harrison, KA			2024-01-25T01:37:10.901Z	StillImage	GEODETIC_DATUM_INVALID;GEODETIC_DATUM_ASSUMED_WGS84;TAXON_MATCH_TAXON_ID_IGNORED;INSTITUTION_MATCH_FUZZY;COLLECTION_MATCH_FUZZY
1807255332	e8a25a42-f125-476c-8554-3ec21cd51a84	ACAD:112059	Fungi	Basidiomycota	Agaricomycetes	Agaricales	Hygrophoraceae	Hygrocybe	Hygrocybe punicea		SPECIES	Hygrocybe punicea (Fr.) P.Kumm.	Hygrocybe punicea (Fr.) P. Kumm.	(Fr.) P. Kumm.	CA	Kentville	Nova Scotia	PRESENT		6491ad8c-8e49-4bd4-a089-0ddb3bbe0890	45.07662	-64.49592							1952-10-09	9	10	1952	2538552	2538552	PRESERVED_SPECIMEN	Acadia University	ACAD	1762F	1762			CC0_1_0	Acadia University	H, KA			2024-01-25T01:37:06.137Z	StillImage	GEODETIC_DATUM_INVALID;GEODETIC_DATUM_ASSUMED_WGS84;TAXON_MATCH_TAXON_ID_IGNORED;INSTITUTION_MATCH_FUZZY;COLLECTION_MATCH_FUZZY
1701210774	81e6cff2-b409-417e-8c72-e1bbafb7c61f	c16018be-416f-4a83-89a3-c690b3637935	Fungi	Basidiomycota	Agaricomycetes	Agaricales	Hygrophoraceae	Hygrocybe	Hygrocybe punicea		SPECIES	Hygrocybe punicea (Fr.) P.Kumm.	Hygrocybe punicea (Fr.) P. Kumm.	(Fr.) P. Kumm.	CA	Beauport municipal camping	Québec	PRESENT		7b8aff00-a9f8-11d8-944b-b8a03c50a862	46.908199	-71.199812	13000.0						2003-08-31	31	8	2003	2538552	2538552	PRESERVED_SPECIMEN	F	Botany	C0294873F	NAMA 2003-103			CC0_1_0	The Field Museum of Natural History				2024-02-20T16:06:36.435Z		GEODETIC_DATUM_ASSUMED_WGS84;MODIFIED_DATE_INVALID;MULTIMEDIA_URI_INVALID;AMBIGUOUS_COLLECTION;INSTITUTION_MATCH_FUZZY
1668833263	50c9509d-22c7-4a22-a47d-8c48425ef4a7	https://www.inaturalist.org/observations/8000512	Fungi	Basidiomycota	Agaricomycetes	Agaricales	Hygrophoraceae	Hygrocybe	Hygrocybe punicea		SPECIES	Hygrocybe punicea (Fr.) P.Kumm.	Hygrocybe punicea		CA		Ontario	PRESENT		28eb1a3f-1c15-4a95-931a-4af90ecb574d	45.635238	-78.363062							2017-09-07T15:43:29	7	9	2017	2538552	2538552	HUMAN_OBSERVATION	iNaturalist	Observations	8000512		Mike V.A. Burrell	2017-09-20T02:08:52	CC_BY_NC_4_0	Tanya Taylor	Tanya Taylor			2025-01-14T12:04:54.964Z	StillImage	COORDINATE_ROUNDED;CONTINENT_DERIVED_FROM_COORDINATES;TAXON_MATCH_TAXON_ID_IGNORED
1412706350	21705170-d2b6-42de-8904-c3bca4b83591	CMMF014888	Fungi	Basidiomycota	Agaricomycetes	Agaricales	Hygrophoraceae	Hygrocybe	Hygrocybe punicea		SPECIES	Hygrocybe punicea (Fr.) P.Kumm.	Hygrocybe punicea (Fr.) P. Kumm.	(Fr.) P. Kumm.	CA	Shipshaw, Québec.	Québec	PRESENT		ff7bd5db-b724-4932-b496-10ea298851f9	48.466834	-71.263421	2500.0						1984-08-17	17	8	1984	2538552	2538552	PRESERVED_SPECIMEN	Université de Montréal Biodiversity Centre	CMMF	CMMF014888	1395	Guérin, Gérard		CC0_1_0	Université de Montréal Biodiversity Centre	Guérin, Gérard			2024-01-24T16:38:20.692Z	StillImage	INSTITUTION_MATCH_FUZZY;COLLECTION_MATCH_FUZZY;DIFFERENT_OWNER_INSTITUTION
1412704367	21705170-d2b6-42de-8904-c3bca4b83591	CMMF012386	Fungi	Basidiomycota	Agaricomycetes	Agaricales	Hygrophoraceae	Hygrocybe	Hygrocybe punicea		SPECIES	Hygrophorus puniceus (Fr.) Fr.	Hygrophorus puniceus (Fr.) Fr.	(Fr.) Fr.	CA	Granby, Québec.	Québec	PRESENT		ff7bd5db-b724-4932-b496-10ea298851f9	45.4	-72.733333	5000.0						1947-08-29	29	8	1947	2538555	2538552	PRESERVED_SPECIMEN	Université de Montréal Biodiversity Centre	CMMF	CMMF012386	1788	Pomerleau, René		CC0_1_0	Université de Montréal Biodiversity Centre	Fabius, Fr.			2024-01-24T16:38:20.853Z		INSTITUTION_MATCH_FUZZY;COLLECTION_MATCH_FUZZY;DIFFERENT_OWNER_INSTITUTION
1135069561	21705170-d2b6-42de-8904-c3bca4b83591	CMMF008142	Fungi	Basidiomycota	Agaricomycetes	Agaricales	Hygrophoraceae	Hygrocybe	Hygrocybe punicea		SPECIES	Hygrocybe punicea (Fr.) P.Kumm.	Hygrocybe punicea (Fr.) P. Kumm.	(Fr.) P. Kumm.	CA	Rimouski	Québec	PRESENT		ff7bd5db-b724-4932-b496-10ea298851f9	48.4206	-68.589233	100.0						2007-09-02	2	9	2007	2538552	2538552	PRESERVED_SPECIMEN	Université de Montréal Biodiversity Centre	CMMF	CMMF008142	Inexistant	McNeil, Raymond		CC0_1_0	Université de Montréal Biodiversity Centre	McNeil, Raymond			2024-01-24T16:38:18.218Z	StillImage	COORDINATE_ROUNDED;INSTITUTION_MATCH_FUZZY;COLLECTION_MATCH_FUZZY;DIFFERENT_OWNER_INSTITUTION
1135067713	21705170-d2b6-42de-8904-c3bca4b83591	CMMF006286	Fungi	Basidiomycota	Agaricomycetes	Agaricales	Hygrophoraceae	Hygrocybe	Hygrocybe punicea		SPECIES	Hygrocybe punicea (Fr.) P.Kumm.	Hygrocybe punicea (Fr.) P. Kumm.	(Fr.) P. Kumm.	CA	Châteauguay	Québec	PRESENT		ff7bd5db-b724-4932-b496-10ea298851f9	45.35433	-73.774083	100.0						2010-10-04	4	10	2010	2538552	2538552	PRESERVED_SPECIMEN	Université de Montréal Biodiversity Centre	CMMF	CMMF006286	C3775	McNeil, Raymond		CC0_1_0	Université de Montréal Biodiversity Centre	McNeil, Raymond			2024-01-24T16:38:18.917Z	StillImage	COORDINATE_ROUNDED;INSTITUTION_MATCH_FUZZY;COLLECTION_MATCH_FUZZY;DIFFERENT_OWNER_INSTITUTION
