gbifID	datasetKey	occurrenceID	kingdom	phylum	class	order	family	genus	species	infraspecificEpithet	taxonRank	scientificName	verbatimScientificName	verbatimScientificNameAuthorship	countryCode	locality	stateProvince	occurrenceStatus	individualCount	publishingOrgKey	decimalLatitude	decimalLongitude	coordinateUncertaintyInMeters	coordinatePrecision	elevation	elevationAccuracy	depth	depthAccuracy	eventDate	day	month	year	taxonKey	speciesKey	basisOfRecord	institutionCode	collectionCode	catalogNumber	recordNumber	identifiedBy	dateIdentified	license	rightsHolder	recordedBy	typeStatus	establishmentMeans	lastInterpreted	mediaType	issue
694157552	d7cfd2ed-8af4-427f-a16e-eb66b7e2c419	16586	Fungi	Basidiomycota	Agaricomycetes	Agaricales	Amanitaceae	Amanita	Amanita rubescens	rubescens	VARIETY	Amanita rubescens var. rubescens	Amanita rubescens var. rubescens Pers.	Pers.	CA	Petawawa Forest Experimental Station	Ontario	PRESENT		ff418020-1d67-11d9-8435-b8a03c50a862	46.00829	-77.421513	958.0						1947-09-02	2	9	1947	9797443	7496350	PRESERVED_SPECIMEN	Royal Ontario Museum	TRTC	TRTC161119	17325	Smith, A.H.		CC0_1_0	Royal Ontario Museum	Smith, A.H.;			2024-01-25T00:59:39.584Z		COORDINATE_ROUNDED;AMBIGUOUS_INSTITUTION
694156958	d7cfd2ed-8af4-427f-a16e-eb66b7e2c419	13824	Fungi	Basidiomycota	Agaricomycetes	Agaricales	Amanitaceae	Amanita	Amanita rubescens		SPECIES	Amanita rubescens Pers.	Amanita rubescens Pers.	Pers.	CA	Algonquin Provincial Park	Ontario	PRESENT		ff418020-1d67-11d9-8435-b8a03c50a862	45.759859	-78.376465	67511.0						2007-10-02	2	10	2007	7496350	7496350	PRESERVED_SPECIMEN	Royal Ontario Museum	TRTC	TRTC156957	ALG07_133			CC0_1_0	Royal Ontario Museum	Maryna Didukh; Dentiger Bryn			2024-01-25T00:59:38.627Z	StillImage	COORDINATE_ROUNDED;AMBIGUOUS_INSTITUTION
617554893	21705170-d2b6-42de-8904-c3bca4b83591	CMMF000564	Fungi	Basidiomycota	Agaricomycetes	Agaricales	Amanitaceae	Amanita	Amanita rubescens	alba	VARIETY	Amanita rubescens var. alba Coker	Amanita rubescens var. alba Coker	Coker	CA	Laval	Québec	PRESENT		ff7bd5db-b724-4932-b496-10ea298851f9	45.609608	-73.705867	17500.0						1989-07-12	12	7	1989	5452579	7496350	PRESERVED_SPECIMEN	Université de Montréal Biodiversity Centre	CMMF	CMMF000564		Lamoureux, Yves		CC0_1_0	Université de Montréal Biodiversity Centre	Lamoureux, Yves			2024-01-24T16:38:20.071Z	StillImage	INSTITUTION_MATCH_FUZZY;COLLECTION_MATCH_FUZZY;DIFFERENT_OWNER_INSTITUTION
617552520	21705170-d2b6-42de-8904-c3bca4b83591	CMMF003198	Fungi	Basidiomycota	Agaricomycetes	Agaricales	Amanitaceae	Amanita	Amanita rubescens	alba	VARIETY	Amanita rubescens var. alba Coker	Amanita rubescens var. alba Coker	Coker	CA	Boucherville	Québec	PRESENT		ff7bd5db-b724-4932-b496-10ea298851f9	45.597683	-73.43011	5500.0						1998-07-07	7	7	1998	5452579	7496350	PRESERVED_SPECIMEN	Université de Montréal Biodiversity Centre	CMMF	CMMF003198		Lamoureux, Yves		CC0_1_0	Université de Montréal Biodiversity Centre	Lamoureux, Yves			2024-01-24T16:38:16.896Z	StillImage	INSTITUTION_MATCH_FUZZY;COLLECTION_MATCH_FUZZY;DIFFERENT_OWNER_INSTITUTION
617550364	21705170-d2b6-42de-8904-c3bca4b83591	CMMF000224	Fungi	Basidiomycota	Agaricomycetes	Agaricales	Amanitaceae	Amanita	Amanita rubescens		SPECIES	Amanita rubescens Pers.	Amanita rubescens Pers.	Pers.	CA	Saint-Adolphe-d'Howard	Québec	PRESENT		ff7bd5db-b724-4932-b496-10ea298851f9	45.973194	-74.331714	4000.0						1988-08-21	21	8	1988	7496350	7496350	PRESERVED_SPECIMEN	Université de Montréal Biodiversity Centre	CMMF	CMMF000224		Sicard, Matthieu		CC0_1_0	Université de Montréal Biodiversity Centre	Sicard, Matthieu			2024-01-24T16:38:20.670Z	StillImage	INSTITUTION_MATCH_FUZZY;COLLECTION_MATCH_FUZZY;DIFFERENT_OWNER_INSTITUTION
617550311	21705170-d2b6-42de-8904-c3bca4b83591	CMMF002218	Fungi	Basidiomycota	Agaricomycetes	Agaricales	Amanitaceae	Amanita	Amanita rubescens		SPECIES	Amanita rubescens Pers.	Amanita rubescens Pers.	Pers.	CA	Knowlton	Québec	PRESENT		ff7bd5db-b724-4932-b496-10ea298851f9	45.21836	-72.508084	2000.0						1994-07-30	30	7	1994	7496350	7496350	PRESERVED_SPECIMEN	Université de Montréal Biodiversity Centre	CMMF	CMMF002218		Lamoureux, Yves		CC0_1_0	Université de Montréal Biodiversity Centre	Lamoureux, Yves			2024-01-24T16:38:19.289Z	StillImage	INSTITUTION_MATCH_FUZZY;COLLECTION_MATCH_FUZZY;DIFFERENT_OWNER_INSTITUTION
617549900	21705170-d2b6-42de-8904-c3bca4b83591	CMMF000204	Fungi	Basidiomycota	Agaricomycetes	Agaricales	Amanitaceae	Amanita	Amanita rubescens		SPECIES	Amanita rubescens Pers.	Amanita rubescens Pers.	Pers.	CA	Saint-Herménégilde	Québec	PRESENT		ff7bd5db-b724-4932-b496-10ea298851f9	45.105574	-71.672847	3000.0						1988-08-21	21	8	1988	7496350	7496350	PRESERVED_SPECIMEN	Université de Montréal Biodiversity Centre	CMMF	CMMF000204		Lamoureux, Yves		CC0_1_0	Université de Montréal Biodiversity Centre	Lamoureux, Yves			2024-01-24T16:38:20.654Z	StillImage	INSTITUTION_MATCH_FUZZY;COLLECTION_MATCH_FUZZY;DIFFERENT_OWNER_INSTITUTION
617548522	21705170-d2b6-42de-8904-c3bca4b83591	CMMF001437	Fungi	Basidiomycota	Agaricomycetes	Agaricales	Amanitaceae	Amanita	Amanita rubescens		SPECIES	Amanita rubescens Pers.	Amanita rubescens Pers.	Pers.	CA	Mascouche	Québec	PRESENT		ff7bd5db-b724-4932-b496-10ea298851f9	45.76054	-73.608926	5000.0						1991-08-23	23	8	1991	7496350	7496350	PRESERVED_SPECIMEN	Université de Montréal Biodiversity Centre	CMMF	CMMF001437		Lamoureux, Yves		CC0_1_0	Université de Montréal Biodiversity Centre	Rocheleau, Louise			2024-01-24T16:38:17.583Z	StillImage	INSTITUTION_MATCH_FUZZY;COLLECTION_MATCH_FUZZY;DIFFERENT_OWNER_INSTITUTION
4924073129	50c9509d-22c7-4a22-a47d-8c48425ef4a7	https://www.inaturalist.org/observations/231702895	Fungi	Basidiomycota	Agaricomycetes	Agaricales	Amanitaceae	Amanita	Amanita rubescens	alba	VARIETY	Amanita rubescens var. alba Coker	Amanita rubescens alba		CA		New Brunswick	PRESENT		28eb1a3f-1c15-4a95-931a-4af90ecb574d	45.956169	-66.613601							2024-07-25T18:11:06	25	7	2024	5452579	7496350	HUMAN_OBSERVATION	iNaturalist	Observations	231702895		Andrew MacPherson	2024-07-25T21:24:36	CC0_1_0	Andrew MacPherson	Andrew MacPherson			2025-01-14T12:51:50.286Z	StillImage	CONTINENT_DERIVED_FROM_COORDINATES;TAXON_MATCH_TAXON_ID_IGNORED
4923671073	50c9509d-22c7-4a22-a47d-8c48425ef4a7	https://www.inaturalist.org/observations/232025034	Fungi	Basidiomycota	Agaricomycetes	Agaricales	Amanitaceae	Amanita	Amanita rubescens	alba	VARIETY	Amanita rubescens var. alba Coker	Amanita rubescens alba		CA		New Brunswick	PRESENT		28eb1a3f-1c15-4a95-931a-4af90ecb574d	45.754214	-66.142134							2024-07-27T09:45:11	27	7	2024	5452579	7496350	HUMAN_OBSERVATION	iNaturalist	Observations	232025034		Andrew MacPherson	2024-07-27T13:47:30	CC0_1_0	Andrew MacPherson	Andrew MacPherson			2025-01-14T12:47:18.411Z	StillImage	COORDINATE_ROUNDED;CONTINENT_DERIVED_FROM_COORDINATES;TAXON_MATCH_TAXON_ID_IGNORED
4923629292	50c9509d-22c7-4a22-a47d-8c48425ef4a7	https://www.inaturalist.org/observations/235607437	Fungi	Basidiomycota	Agaricomycetes	Agaricales	Amanitaceae	Amanita	Amanita rubescens		SPECIES	Amanita rubescens Pers.	Amanita rubescens		CA		Québec	PRESENT		28eb1a3f-1c15-4a95-931a-4af90ecb574d	45.985573	-73.167157	2990.0						2024-08-13T11:07:44	13	8	2024	7496350	7496350	HUMAN_OBSERVATION	iNaturalist	Observations	235607437		egrenier	2024-08-13T21:06:07	CC_BY_NC_4_0	egrenier	egrenier			2025-01-14T13:48:14.219Z	StillImage	COORDINATE_ROUNDED;CONTINENT_DERIVED_FROM_COORDINATES;TAXON_MATCH_TAXON_ID_IGNORED
4919718210	50c9509d-22c7-4a22-a47d-8c48425ef4a7	https://www.inaturalist.org/observations/175143522	Fungi	Basidiomycota	Agaricomycetes	Agaricales	Amanitaceae	Amanita	Amanita rubescens	alba	VARIETY	Amanita rubescens var. alba Coker	Amanita rubescens alba		CA		Québec	PRESENT		28eb1a3f-1c15-4a95-931a-4af90ecb574d	46.257061	-73.085593	1664.0						2023-07-22T10:52	22	7	2023	5452579	7496350	HUMAN_OBSERVATION	iNaturalist	Observations	175143522		Antoine Fortin	2023-07-27T02:31:00	CC_BY_NC_4_0	Antoine Fortin	Antoine Fortin			2025-01-14T13:31:23.472Z	StillImage	COORDINATE_ROUNDED;CONTINENT_DERIVED_FROM_COORDINATES;TAXON_MATCH_TAXON_ID_IGNORED
4853024700	50c9509d-22c7-4a22-a47d-8c48425ef4a7	https://www.inaturalist.org/observations/209089175	Fungi	Basidiomycota	Agaricomycetes	Agaricales	Amanitaceae	Amanita	Amanita rubescens	alba	VARIETY	Amanita rubescens var. alba Coker	Amanita rubescens alba		CA		Québec	PRESENT		28eb1a3f-1c15-4a95-931a-4af90ecb574d	45.395686	-73.397541	1776.0						2022-07-25T09:17	25	7	2022	5452579	7496350	HUMAN_OBSERVATION	iNaturalist	Observations	209089175		Isabelle Pouliot	2024-04-24T15:36:01	CC_BY_NC_4_0	Isabelle Pouliot	Isabelle Pouliot			2025-01-14T13:40:28.852Z	StillImage	COORDINATE_ROUNDED;CONTINENT_DERIVED_FROM_COORDINATES;TAXON_MATCH_TAXON_ID_IGNORED
4852336618	50c9509d-22c7-4a22-a47d-8c48425ef4a7	https://www.inaturalist.org/observations/209087281	Fungi	Basidiomycota	Agaricomycetes	Agaricales	Amanitaceae	Amanita	Amanita rubescens		SPECIES	Amanita rubescens Pers.	Amanita rubescens		CA		Québec	PRESENT		28eb1a3f-1c15-4a95-931a-4af90ecb574d	45.395686	-73.397541	1776.0						2022-07-26T10:40	26	7	2022	7496350	7496350	HUMAN_OBSERVATION	iNaturalist	Observations	209087281		Isabelle Pouliot	2024-04-24T15:23:57	CC_BY_NC_4_0	Isabelle Pouliot	Isabelle Pouliot			2025-01-14T12:44:03.582Z	StillImage	COORDINATE_ROUNDED;CONTINENT_DERIVED_FROM_COORDINATES;TAXON_MATCH_TAXON_ID_IGNORED
4465406663	50c9509d-22c7-4a22-a47d-8c48425ef4a7	https://www.inaturalist.org/observations/132210228	Fungi	Basidiomycota	Agaricomycetes	Agaricales	Amanitaceae	Amanita	Amanita rubescens	alba	VARIETY	Amanita rubescens var. alba Coker	Amanita rubescens alba		CA		Prince Edward Island	PRESENT		28eb1a3f-1c15-4a95-931a-4af90ecb574d	46.595847	-64.123485	100.0						2022-08-24T14:31	24	8	2022	5452579	7496350	HUMAN_OBSERVATION	iNaturalist	Observations	132210228		m_gallant	2022-08-25T11:10:51	CC_BY_NC_4_0	Denis Gallant	Denis Gallant			2025-01-14T13:25:04.713Z	StillImage	COORDINATE_ROUNDED;CONTINENT_DERIVED_FROM_COORDINATES;TAXON_MATCH_TAXON_ID_IGNORED
4458572220	50c9509d-22c7-4a22-a47d-8c48425ef4a7	https://www.inaturalist.org/observations/186556314	Fungi	Basidiomycota	Agaricomycetes	Agaricales	Amanitaceae	Amanita	Amanita rubescens		SPECIES	Amanita rubescens Pers.	Amanita rubescens		CA		Québec	PRESENT		28eb1a3f-1c15-4a95-931a-4af90ecb574d	45.42742	-73.94352	189.0						2023-10-06T16:37	6	10	2023	7496350	7496350	HUMAN_OBSERVATION	iNaturalist	Observations	186556314		Katia Burelle	2023-12-01T02:00:12	CC_BY_NC_4_0	Madz	Madz			2025-01-14T12:40:53.057Z	StillImage	CONTINENT_DERIVED_FROM_COORDINATES;TAXON_MATCH_TAXON_ID_IGNORED
4453707180	50c9509d-22c7-4a22-a47d-8c48425ef4a7	https://www.inaturalist.org/observations/190314581	Fungi	Basidiomycota	Agaricomycetes	Agaricales	Amanitaceae	Amanita	Amanita rubescens		SPECIES	Amanita rubescens Pers.	Amanita rubescens		CA		Québec	PRESENT		28eb1a3f-1c15-4a95-931a-4af90ecb574d	45.456034	-75.766456	9.0						2023-11-07T10:58:33	7	11	2023	7496350	7496350	HUMAN_OBSERVATION	iNaturalist	Observations	190314581		oscarc-212	2023-11-07T15:59:35	CC_BY_NC_4_0	oscarc-212	oscarc-212			2025-01-14T12:42:41.867Z	StillImage	COORDINATE_ROUNDED;CONTINENT_DERIVED_FROM_COORDINATES;TAXON_MATCH_TAXON_ID_IGNORED
4424164228	50c9509d-22c7-4a22-a47d-8c48425ef4a7	https://www.inaturalist.org/observations/186274786	Fungi	Basidiomycota	Agaricomycetes	Agaricales	Amanitaceae	Amanita	Amanita rubescens	annulosulphurea	FORM	Amanita rubescens f. annulosulphurea (Gillet) J.E.Lange	Amanita rubescens annulosulphurea		CA		Québec	PRESENT		28eb1a3f-1c15-4a95-931a-4af90ecb574d	45.463903	-74.055149							2023-07-18T00:00	18	7	2023	7641128	7496350	HUMAN_OBSERVATION	iNaturalist	Observations	186274786		Mical	2023-10-09T19:41:20	CC_BY_NC_4_0	Chantal Gauthier	Chantal Gauthier			2025-01-14T14:12:04.712Z	StillImage	CONTINENT_DERIVED_FROM_COORDINATES;TAXON_MATCH_TAXON_ID_IGNORED
4420814520	50c9509d-22c7-4a22-a47d-8c48425ef4a7	https://www.inaturalist.org/observations/184919022	Fungi	Basidiomycota	Agaricomycetes	Agaricales	Amanitaceae	Amanita	Amanita rubescens		SPECIES	Amanita rubescens Pers.	Amanita rubescens		CA		Prince Edward Island	PRESENT		28eb1a3f-1c15-4a95-931a-4af90ecb574d	46.508938	-64.074996	150.0						2023-09-25T12:03	25	9	2023	7496350	7496350	HUMAN_OBSERVATION	iNaturalist	Observations	184919022		Denis Gallant	2023-09-25T20:46:02	CC_BY_NC_4_0	Denis Gallant	Denis Gallant			2025-01-14T12:40:06.440Z	StillImage	COORDINATE_ROUNDED;CONTINENT_DERIVED_FROM_COORDINATES;TAXON_MATCH_TAXON_ID_IGNORED
4177064232	50c9509d-22c7-4a22-a47d-8c48425ef4a7	https://www.inaturalist.org/observations/177881855	Fungi	Basidiomycota	Agaricomycetes	Agaricales	Amanitaceae	Amanita	Amanita rubescens		SPECIES	Amanita rubescens Pers.	Amanita rubescens		CA		Québec	PRESENT		28eb1a3f-1c15-4a95-931a-4af90ecb574d	45.565515	-73.558337	8.0						2023-08-11T16:17:56	11	8	2023	7496350	7496350	HUMAN_OBSERVATION	iNaturalist	Observations	177881855		Patrick Marchand	2023-08-11T20:19:51	CC_BY_NC_4_0	Patrick Marchand	Patrick Marchand			2025-01-14T12:38:15.985Z	StillImage	COORDINATE_ROUNDED;CONTINENT_DERIVED_FROM_COORDINATES;TAXON_MATCH_TAXON_ID_IGNORED
4172080734	50c9509d-22c7-4a22-a47d-8c48425ef4a7	https://www.inaturalist.org/observations/176777825	Fungi	Basidiomycota	Agaricomycetes	Agaricales	Amanitaceae	Amanita	Amanita rubescens		SPECIES	Amanita rubescens Pers.	Amanita rubescens		CA		Prince Edward Island	PRESENT		28eb1a3f-1c15-4a95-931a-4af90ecb574d	46.620345	-64.052433	20.0						2023-08-04T13:58	4	8	2023	7496350	7496350	HUMAN_OBSERVATION	iNaturalist	Observations	176777825		Denis Gallant	2023-08-05T15:03:04	CC_BY_NC_4_0	Denis Gallant	Denis Gallant			2025-01-14T13:26:14.558Z	StillImage	COORDINATE_ROUNDED;CONTINENT_DERIVED_FROM_COORDINATES;TAXON_MATCH_TAXON_ID_IGNORED
4172025040	50c9509d-22c7-4a22-a47d-8c48425ef4a7	https://www.inaturalist.org/observations/176778268	Fungi	Basidiomycota	Agaricomycetes	Agaricales	Amanitaceae	Amanita	Amanita rubescens		SPECIES	Amanita rubescens Pers.	Amanita rubescens		CA		Prince Edward Island	PRESENT		28eb1a3f-1c15-4a95-931a-4af90ecb574d	46.620978	-64.050911	20.0						2023-08-04T14:19	4	8	2023	7496350	7496350	HUMAN_OBSERVATION	iNaturalist	Observations	176778268		Denis Gallant	2023-08-05T15:05:24	CC_BY_NC_4_0	Denis Gallant	Denis Gallant			2025-01-14T12:38:02.659Z	StillImage	COORDINATE_ROUNDED;CONTINENT_DERIVED_FROM_COORDINATES;TAXON_MATCH_TAXON_ID_IGNORED
4171939591	50c9509d-22c7-4a22-a47d-8c48425ef4a7	https://www.inaturalist.org/observations/175733267	Fungi	Basidiomycota	Agaricomycetes	Agaricales	Amanitaceae	Amanita	Amanita rubescens		SPECIES	Amanita rubescens Pers.	Amanita rubescens		CA		Québec	PRESENT		28eb1a3f-1c15-4a95-931a-4af90ecb574d	45.60037	-74.071398	27126.0						2023-07-30T10:23:18	30	7	2023	7496350	7496350	HUMAN_OBSERVATION	iNaturalist	Observations	175733267		Lori Pearson	2023-07-30T14:49:47	CC_BY_NC_4_0	Lori Pearson	Lori Pearson			2025-01-14T13:26:04.211Z	StillImage	COORDINATE_ROUNDED;CONTINENT_DERIVED_FROM_COORDINATES;TAXON_MATCH_TAXON_ID_IGNORED
4171937701	50c9509d-22c7-4a22-a47d-8c48425ef4a7	https://www.inaturalist.org/observations/175887299	Fungi	Basidiomycota	Agaricomycetes	Agaricales	Amanitaceae	Amanita	Amanita rubescens		SPECIES	Amanita rubescens Pers.	Amanita rubescens		CA		Québec	PRESENT		28eb1a3f-1c15-4a95-931a-4af90ecb574d	45.677008	-73.50982	12.0						2023-07-30T16:17:37	30	7	2023	7496350	7496350	HUMAN_OBSERVATION	iNaturalist	Observations	175887299		D. Marullo-Masson	2023-07-31T07:07:43	CC_BY_NC_4_0	D. Marullo-Masson	D. Marullo-Masson			2025-01-14T12:39:51.694Z	StillImage	COORDINATE_ROUNDED;CONTINENT_DERIVED_FROM_COORDINATES;TAXON_MATCH_TAXON_ID_IGNORED
4171422848	50c9509d-22c7-4a22-a47d-8c48425ef4a7	https://www.inaturalist.org/observations/175887274	Fungi	Basidiomycota	Agaricomycetes	Agaricales	Amanitaceae	Amanita	Amanita rubescens		SPECIES	Amanita rubescens Pers.	Amanita rubescens		CA		Québec	PRESENT		28eb1a3f-1c15-4a95-931a-4af90ecb574d	45.676975	-73.509737	24.0						2023-07-30T16:15:18	30	7	2023	7496350	7496350	HUMAN_OBSERVATION	iNaturalist	Observations	175887274		D. Marullo-Masson	2023-07-31T07:07:18	CC_BY_NC_4_0	D. Marullo-Masson	D. Marullo-Masson			2025-01-14T13:32:23.948Z	StillImage	COORDINATE_ROUNDED;CONTINENT_DERIVED_FROM_COORDINATES;TAXON_MATCH_TAXON_ID_IGNORED
4166267056	695cef75-b65f-4776-b2ed-74565eebb16e	02-01000939240	Fungi	Basidiomycota	Agaricomycetes	Agaricales	Amanitaceae	Amanita	Amanita rubescens		SPECIES	Amanita rubescens Pers.	Amanita rubescens	Pers.	CA	Vallée d'Annapolis	Nova Scotia	PRESENT		055bd978-2daa-4543-b3f0-44e0e87e86ca	45.011111	-65.811111							1986-08-13	13	8	1986	7496350	7496350	PRESERVED_SPECIMEN	AAFC	DAOM	196049		Y. Dalpé		CC_BY_4_0	©His Majesty the King in Right of Canada, as represented by the Minister of Agriculture and Agri-Food	Y. Dalpé 1826 & G. Mitrow			2025-01-12T05:11:15.992Z		GEODETIC_DATUM_ASSUMED_WGS84;TAXON_MATCH_TAXON_ID_IGNORED;INSTITUTION_MATCH_FUZZY
4166265059	695cef75-b65f-4776-b2ed-74565eebb16e	02-01000939233	Fungi	Basidiomycota	Agaricomycetes	Agaricales	Amanitaceae	Amanita	Amanita rubescens		SPECIES	Amanita rubescens Pers.	Amanita rubescens	Pers.	CA	South Lookout Trail	Ontario	PRESENT		055bd978-2daa-4543-b3f0-44e0e87e86ca	45.575	-78.408333							1976-07-17	17	7	1976	7496350	7496350	PRESERVED_SPECIMEN	AAFC	DAOM	186646		Conf. S. Redhead		CC_BY_4_0	©His Majesty the King in Right of Canada, as represented by the Minister of Agriculture and Agri-Food	P. Johnson 139			2025-01-12T05:11:16.210Z		GEODETIC_DATUM_ASSUMED_WGS84;CONTINENT_DERIVED_FROM_COORDINATES;TAXON_MATCH_TAXON_ID_IGNORED;INSTITUTION_MATCH_FUZZY
4166264000	695cef75-b65f-4776-b2ed-74565eebb16e	02-01000939242	Fungi	Basidiomycota	Agaricomycetes	Agaricales	Amanitaceae	Amanita	Amanita rubescens		SPECIES	Amanita rubescens Pers.	Amanita rubescens	Pers.	CA	Rivière Charlo	New Brunswick	PRESENT		055bd978-2daa-4543-b3f0-44e0e87e86ca	47.998333	-66.275							1984-08-14	14	8	1984	7496350	7496350	PRESERVED_SPECIMEN	AAFC	DAOM	190614		Y. Dalpé		CC_BY_4_0	©His Majesty the King in Right of Canada, as represented by the Minister of Agriculture and Agri-Food	Y. Dalpé 967			2025-01-12T05:11:16.270Z		GEODETIC_DATUM_ASSUMED_WGS84;CONTINENT_DERIVED_FROM_COORDINATES;TAXON_MATCH_TAXON_ID_IGNORED;INSTITUTION_MATCH_FUZZY
3903186773	50c9509d-22c7-4a22-a47d-8c48425ef4a7	https://www.inaturalist.org/observations/132714933	Fungi	Basidiomycota	Agaricomycetes	Agaricales	Amanitaceae	Amanita	Amanita rubescens		SPECIES	Amanita rubescens Pers.	Amanita rubescens		CA		New Brunswick	PRESENT		28eb1a3f-1c15-4a95-931a-4af90ecb574d	47.070792	-65.385507	4.0						2022-08-27T16:37	27	8	2022	7496350	7496350	HUMAN_OBSERVATION	iNaturalist	Observations	132714933		Zachary Dowling	2022-08-28T23:43:33	CC_BY_NC_4_0	Zachary Dowling	Zachary Dowling			2025-01-14T12:33:05.654Z	StillImage	COORDINATE_ROUNDED;CONTINENT_DERIVED_FROM_COORDINATES;TAXON_MATCH_TAXON_ID_IGNORED
3903178333	50c9509d-22c7-4a22-a47d-8c48425ef4a7	https://www.inaturalist.org/observations/131257783	Fungi	Basidiomycota	Agaricomycetes	Agaricales	Amanitaceae	Amanita	Amanita rubescens		SPECIES	Amanita rubescens Pers.	Amanita rubescens		CA		Québec	PRESENT		28eb1a3f-1c15-4a95-931a-4af90ecb574d	47.17307	-71.366263	4.0						2022-08-16T16:57:52	16	8	2022	7496350	7496350	HUMAN_OBSERVATION	iNaturalist	Observations	131257783		Carol-Ann Patenaude	2022-08-17T21:58:41	CC_BY_NC_4_0	Carol-Ann Patenaude	Carol-Ann Patenaude			2025-01-14T13:25:13.765Z	StillImage	COORDINATE_ROUNDED;CONTINENT_DERIVED_FROM_COORDINATES;TAXON_MATCH_TAXON_ID_IGNORED
3902917496	50c9509d-22c7-4a22-a47d-8c48425ef4a7	https://www.inaturalist.org/observations/132212204	Fungi	Basidiomycota	Agaricomycetes	Agaricales	Amanitaceae	Amanita	Amanita rubescens		SPECIES	Amanita rubescens Pers.	Amanita rubescens		CA		Prince Edward Island	PRESENT		28eb1a3f-1c15-4a95-931a-4af90ecb574d	46.594402	-64.12519	100.0						2022-08-24T15:35	24	8	2022	7496350	7496350	HUMAN_OBSERVATION	iNaturalist	Observations	132212204		Denis Gallant	2022-08-25T00:15:37	CC_BY_NC_4_0	Denis Gallant	Denis Gallant			2025-01-14T12:31:31.134Z	StillImage	COORDINATE_ROUNDED;CONTINENT_DERIVED_FROM_COORDINATES;TAXON_MATCH_TAXON_ID_IGNORED
3902777589	50c9509d-22c7-4a22-a47d-8c48425ef4a7	https://www.inaturalist.org/observations/133990923	Fungi	Basidiomycota	Agaricomycetes	Agaricales	Amanitaceae	Amanita	Amanita rubescens		SPECIES	Amanita rubescens Pers.	Amanita rubescens		CA		Ontario	PRESENT		28eb1a3f-1c15-4a95-931a-4af90ecb574d	45.457885	-75.548613	31.0						2022-09-05T15:22	5	9	2022	7496350	7496350	HUMAN_OBSERVATION	iNaturalist	Observations	133990923		jonathan_mack	2022-09-07T01:52:16	CC_BY_NC_4_0	jonathan_mack	jonathan_mack			2025-01-14T12:32:32.089Z	StillImage	COORDINATE_ROUNDED;CONTINENT_DERIVED_FROM_COORDINATES;TAXON_MATCH_TAXON_ID_IGNORED
3881778187	50c9509d-22c7-4a22-a47d-8c48425ef4a7	https://www.inaturalist.org/observations/128550478	Fungi	Basidiomycota	Agaricomycetes	Agaricales	Amanitaceae	Amanita	Amanita rubescens		SPECIES	Amanita rubescens Pers.	Amanita rubescens		CA		New Brunswick	PRESENT		28eb1a3f-1c15-4a95-931a-4af90ecb574d	46.832876	-64.91711	5658.0						2022-07-29T13:09:46	29	7	2022	7496350	7496350	HUMAN_OBSERVATION	iNaturalist	Observations	128550478		Ashley Ann Fishwick	2022-07-31T01:19:59	CC_BY_NC_4_0	patpark506	patpark506			2025-01-14T13:24:47.435Z	StillImage	COORDINATE_ROUNDED;CONTINENT_DERIVED_FROM_COORDINATES;TAXON_MATCH_TAXON_ID_IGNORED
3881635330	50c9509d-22c7-4a22-a47d-8c48425ef4a7	https://www.inaturalist.org/observations/128641814	Fungi	Basidiomycota	Agaricomycetes	Agaricales	Amanitaceae	Amanita	Amanita rubescens		SPECIES	Amanita rubescens Pers.	Amanita rubescens		CA		Québec	PRESENT		28eb1a3f-1c15-4a95-931a-4af90ecb574d	46.302425	-71.746987	64.0						2022-07-30T12:59:14	30	7	2022	7496350	7496350	HUMAN_OBSERVATION	iNaturalist	Observations	128641814		elen_debellevue	2022-07-30T17:25:16	CC_BY_NC_4_0	elen_debellevue	elen_debellevue			2025-01-14T12:30:47.391Z	StillImage	COORDINATE_ROUNDED;CONTINENT_DERIVED_FROM_COORDINATES;TAXON_MATCH_TAXON_ID_IGNORED
3818028336	d8cd16ba-bb74-4420-821e-083f2bac17c2	MW672254	Fungi	Basidiomycota	Agaricomycetes	Agaricales	Amanitaceae	Amanita	Amanita rubescens	alba	VARIETY	Amanita rubescens var. alba Coker	Amanita rubescens var. alba		CA	Quebec, Boise des Compagnons-de-Cartier		PRESENT		ada9d123-ddb4-467d-8891-806ea8d94230	46.73	-71.33			82.0	0.0			2013-08-17	17	8	2013	5452579	7496350	PRESERVED_SPECIMEN			RET 567-2		R.E. Tulloss, K.W. Hughes		CC_BY_4_0		C. Kaufholtz-Couture			2025-01-18T13:04:53.464Z		GEODETIC_DATUM_ASSUMED_WGS84;CONTINENT_DERIVED_FROM_COORDINATES;TAXON_MATCH_TAXON_CONCEPT_ID_IGNORED;TAXON_MATCH_TAXON_ID_IGNORED
3355529758	50c9509d-22c7-4a22-a47d-8c48425ef4a7	https://www.inaturalist.org/observations/91988073	Fungi	Basidiomycota	Agaricomycetes	Agaricales	Amanitaceae	Amanita	Amanita rubescens		SPECIES	Amanita rubescens Pers.	Amanita rubescens		CA		Ontario	PRESENT		28eb1a3f-1c15-4a95-931a-4af90ecb574d	46.288914	-78.876599	395.0						2021-08-21T10:57:46	21	8	2021	7496350	7496350	HUMAN_OBSERVATION	iNaturalist	Observations	91988073		Mathieu St-Jules	2021-09-07T17:38:55	CC_BY_NC_4_0	taylorbc	taylorbc			2025-01-14T13:12:41.968Z	StillImage	COORDINATE_ROUNDED;CONTINENT_DERIVED_FROM_COORDINATES;TAXON_MATCH_TAXON_ID_IGNORED
3355483813	50c9509d-22c7-4a22-a47d-8c48425ef4a7	https://www.inaturalist.org/observations/91987913	Fungi	Basidiomycota	Agaricomycetes	Agaricales	Amanitaceae	Amanita	Amanita rubescens		SPECIES	Amanita rubescens Pers.	Amanita rubescens		CA		Ontario	PRESENT		28eb1a3f-1c15-4a95-931a-4af90ecb574d	46.288869	-78.877477	395.0						2021-08-21T10:59	21	8	2021	7496350	7496350	HUMAN_OBSERVATION	iNaturalist	Observations	91987913		Mathieu St-Jules	2021-09-07T17:43:02	CC_BY_NC_4_0	taylorbc	taylorbc			2025-01-14T12:24:25.287Z	StillImage	COORDINATE_ROUNDED;CONTINENT_DERIVED_FROM_COORDINATES;TAXON_MATCH_TAXON_ID_IGNORED
3346935727	d8cd16ba-bb74-4420-821e-083f2bac17c2	JN020972	Fungi	Basidiomycota	Agaricomycetes	Agaricales	Amanitaceae	Amanita	Amanita rubescens		SPECIES	Amanita rubescens Pers.	Amanita rubescens		CA	Ontario, Wildlife Research Station, Algonquin Provincial Park		PRESENT		ada9d123-ddb4-467d-8891-806ea8d94230	45.61	-78.53							2007-10-02	2	10	2007	7496350	7496350	PRESERVED_SPECIMEN			TRTC156957		Bryn T. M. Dentinger		CC_BY_4_0		Bryn Dentinger, Maryna Didukh			2025-01-18T13:03:55.817Z		GEODETIC_DATUM_ASSUMED_WGS84;CONTINENT_DERIVED_FROM_COORDINATES;TAXON_MATCH_TAXON_CONCEPT_ID_IGNORED;TAXON_MATCH_TAXON_ID_IGNORED
3031974613	50c9509d-22c7-4a22-a47d-8c48425ef4a7	https://www.inaturalist.org/observations/39645904	Fungi	Basidiomycota	Agaricomycetes	Agaricales	Amanitaceae	Amanita	Amanita rubescens		SPECIES	Amanita rubescens Pers.	Amanita rubescens		CA		Québec	PRESENT		28eb1a3f-1c15-4a95-931a-4af90ecb574d	45.267294	-72.692685	183.0						2014-08-20T09:38	20	8	2014	7496350	7496350	HUMAN_OBSERVATION	iNaturalist	Observations	39645904		cinna_latifolia	2020-12-29T02:23:37	CC_BY_NC_4_0	Suzanne Labbé	Suzanne Labbé			2025-01-14T12:10:57.427Z	StillImage	COORDINATE_ROUNDED;CONTINENT_DERIVED_FROM_COORDINATES;TAXON_MATCH_TAXON_ID_IGNORED
2862553491	50c9509d-22c7-4a22-a47d-8c48425ef4a7	https://www.inaturalist.org/observations/56985601	Fungi	Basidiomycota	Agaricomycetes	Agaricales	Amanitaceae	Amanita	Amanita rubescens		SPECIES	Amanita rubescens Pers.	Amanita rubescens		CA		Québec	PRESENT		28eb1a3f-1c15-4a95-931a-4af90ecb574d	46.757928	-71.322225	4.0						2020-08-03	3	8	2020	7496350	7496350	HUMAN_OBSERVATION	iNaturalist	Observations	56985601		cinna_latifolia	2020-09-10T16:42:55	CC_BY_NC_4_0	Ludo Leclerc	Ludo Leclerc			2025-01-14T13:09:46.391Z	StillImage	COORDINATE_ROUNDED;CONTINENT_DERIVED_FROM_COORDINATES;TAXON_MATCH_TAXON_ID_IGNORED
2603276644	50c9509d-22c7-4a22-a47d-8c48425ef4a7	https://www.inaturalist.org/observations/15630371	Fungi	Basidiomycota	Agaricomycetes	Agaricales	Amanitaceae	Amanita	Amanita rubescens		SPECIES	Amanita rubescens Pers.	Amanita rubescens		CA		New Brunswick	PRESENT		28eb1a3f-1c15-4a95-931a-4af90ecb574d	46.121478	-64.556594	780.0						2018-08-17T18:38	17	8	2018	7496350	7496350	HUMAN_OBSERVATION	iNaturalist	Observations	15630371		Laura Berry	2018-09-04T15:59:26	CC_BY_NC_4_0	Nick Belliveau	Nick Belliveau			2025-01-14T13:00:10.256Z	StillImage	COORDINATE_ROUNDED;CONTINENT_DERIVED_FROM_COORDINATES;TAXON_MATCH_TAXON_ID_IGNORED
2603276512	50c9509d-22c7-4a22-a47d-8c48425ef4a7	https://www.inaturalist.org/observations/15172889	Fungi	Basidiomycota	Agaricomycetes	Agaricales	Amanitaceae	Amanita	Amanita rubescens		SPECIES	Amanita rubescens Pers.	Amanita rubescens		CA		New Brunswick	PRESENT		28eb1a3f-1c15-4a95-931a-4af90ecb574d	45.90238	-64.368903	182.0						2018-08-05T15:11	5	8	2018	7496350	7496350	HUMAN_OBSERVATION	iNaturalist	Observations	15172889		Raymonde G Chartier	2020-04-15T11:00:30	CC_BY_4_0	Claire Moxon-Waltz	Claire Moxon-Waltz			2025-01-14T12:05:39.409Z	StillImage	COORDINATE_ROUNDED;CONTINENT_DERIVED_FROM_COORDINATES;TAXON_MATCH_TAXON_ID_IGNORED
2573825027	50c9509d-22c7-4a22-a47d-8c48425ef4a7	https://www.inaturalist.org/observations/29609829	Fungi	Basidiomycota	Agaricomycetes	Agaricales	Amanitaceae	Amanita	Amanita rubescens		SPECIES	Amanita rubescens Pers.	Amanita rubescens		CA		Québec	PRESENT		28eb1a3f-1c15-4a95-931a-4af90ecb574d	46.361946	-72.610001							2019-07-25T13:04:11	25	7	2019	7496350	7496350	HUMAN_OBSERVATION	iNaturalist	Observations	29609829		cinna_latifolia	2020-02-14T03:22:02	CC_BY_NC_4_0	Julien Piolain	Julien Piolain			2025-01-14T12:09:10.066Z	StillImage	COORDINATE_ROUNDED;CONTINENT_DERIVED_FROM_COORDINATES;TAXON_MATCH_TAXON_ID_IGNORED
2423611830	21705170-d2b6-42de-8904-c3bca4b83591	CMMF018709	Fungi	Basidiomycota	Agaricomycetes	Agaricales	Amanitaceae	Amanita	Amanita rubescens		SPECIES	Amanita rubescens Pers.	Amanita rubescens Pers.	Pers.	CA	Sentier lac Geai.	Québec	PRESENT		ff7bd5db-b724-4932-b496-10ea298851f9	45.991697	-73.997854	750.0						1985-08-10	10	8	1985	7496350	7496350	PRESERVED_SPECIMEN	Université de Montréal Biodiversity Centre	CMMF	CMMF018709	s.n.	Nantel, Patrick		CC0_1_0	Université de Montréal Biodiversity Centre	Nantel, Patrick			2024-01-24T16:38:18.560Z		INSTITUTION_MATCH_FUZZY;COLLECTION_MATCH_FUZZY;DIFFERENT_OWNER_INSTITUTION
1990311195	032f1fbe-d21f-407d-be46-5cd1bb1ea397	4a94c1e7-b0c2-4649-b78b-627c88360634	Fungi	Basidiomycota	Agaricomycetes	Agaricales	Amanitaceae	Amanita	Amanita rubescens		SPECIES	Amanita rubescens Pers.	Amanita rubescens	Pers.	CA		Nova Scotia	PRESENT		61c539d8-47e0-4b82-875f-b95aad66dcd4	45.106389	-64.655							1973-09-10	10	9	1973	7496350	7496350	PRESERVED_SPECIMEN	TENN-F		TENN-F-038249	RHP38249			CC0_1_0		R.H. Petersen			2025-01-12T10:33:51.122Z		COORDINATE_ROUNDED;GEODETIC_DATUM_ASSUMED_WGS84;CONTINENT_DERIVED_FROM_COORDINATES;TAXON_MATCH_TAXON_ID_IGNORED;INSTITUTION_MATCH_NONE
1990310900	032f1fbe-d21f-407d-be46-5cd1bb1ea397	8718666c-32ee-4ac0-85bb-99785436acc3	Fungi	Basidiomycota	Agaricomycetes	Agaricales	Amanitaceae	Amanita	Amanita rubescens		SPECIES	Amanita rubescens Pers.	Amanita rubescens	Pers.	CA	Melanson, Gaspareau Woods, Approx. 3 Miles Se of Wolfville	Nova Scotia	PRESENT		61c539d8-47e0-4b82-875f-b95aad66dcd4	45.063889	-64.309722							1973-08-28	28	8	1973	7496350	7496350	PRESERVED_SPECIMEN	TENN-F		TENN-F-037907	RHP37907			CC0_1_0		R.H. Petersen			2025-01-12T10:33:51.276Z		COORDINATE_ROUNDED;GEODETIC_DATUM_ASSUMED_WGS84;CONTINENT_DERIVED_FROM_COORDINATES;TAXON_MATCH_TAXON_ID_IGNORED;INSTITUTION_MATCH_NONE
1946204155	50c9509d-22c7-4a22-a47d-8c48425ef4a7	https://www.inaturalist.org/observations/17481809	Fungi	Basidiomycota	Agaricomycetes	Agaricales	Amanitaceae	Amanita	Amanita rubescens		SPECIES	Amanita rubescens Pers.	Amanita rubescens		CA		Ontario	PRESENT		28eb1a3f-1c15-4a95-931a-4af90ecb574d	45.452906	-75.536503							2017-07-15T16:37	15	7	2017	7496350	7496350	HUMAN_OBSERVATION	iNaturalist	Observations	17481809		jonathan_mack	2018-10-14T00:23:28	CC_BY_NC_4_0	jonathan_mack	jonathan_mack			2025-01-14T13:00:37.767Z	StillImage	COORDINATE_ROUNDED;CONTINENT_DERIVED_FROM_COORDINATES;TAXON_MATCH_TAXON_ID_IGNORED
1899787349	50c9509d-22c7-4a22-a47d-8c48425ef4a7	https://www.inaturalist.org/observations/15949709	Fungi	Basidiomycota	Agaricomycetes	Agaricales	Amanitaceae	Amanita	Amanita rubescens		SPECIES	Amanita rubescens Pers.	Amanita rubescens		CA		New Brunswick	PRESENT		28eb1a3f-1c15-4a95-931a-4af90ecb574d	46.239201	-64.564496	2104.0						2018-08-26T17:02:19	26	8	2018	7496350	7496350	HUMAN_OBSERVATION	iNaturalist	Observations	15949709		Bethany Mckenzie	2018-08-27T17:46:32	CC_BY_NC_4_0	Laura Berry	Laura Berry			2025-01-14T12:05:47.874Z	StillImage	COORDINATE_ROUNDED;CONTINENT_DERIVED_FROM_COORDINATES;TAXON_MATCH_TAXON_ID_IGNORED
1807261965	e8a25a42-f125-476c-8554-3ec21cd51a84	ACAD:118383	Fungi	Basidiomycota	Agaricomycetes	Agaricales	Amanitaceae	Amanita	Amanita rubescens		SPECIES	Amanita rubescens Pers.	Amanita rubescens Pers.	Pers.	CA	Gaspereau	Nova Scotia	PRESENT		6491ad8c-8e49-4bd4-a089-0ddb3bbe0890	45.06806	-64.35247							1978-08-01	1	8	1978	7496350	7496350	PRESERVED_SPECIMEN	Acadia University	ACAD	12502F	12502			CC0_1_0	Acadia University				2024-01-25T01:37:17.468Z	StillImage	GEODETIC_DATUM_INVALID;GEODETIC_DATUM_ASSUMED_WGS84;TAXON_MATCH_TAXON_ID_IGNORED;INSTITUTION_MATCH_FUZZY;COLLECTION_MATCH_FUZZY
1807261502	e8a25a42-f125-476c-8554-3ec21cd51a84	ACAD:117992	Fungi	Basidiomycota	Agaricomycetes	Agaricales	Amanitaceae	Amanita	Amanita rubescens		SPECIES	Amanita rubescens Pers.	Amanita rubescens Pers.	Pers.	CA	Kentville	Nova Scotia	PRESENT		6491ad8c-8e49-4bd4-a089-0ddb3bbe0890	45.07662	-64.49592							1969-07-21	21	7	1969	7496350	7496350	PRESERVED_SPECIMEN	Acadia University	ACAD	10773F	10773			CC0_1_0	Acadia University				2024-01-25T01:37:09.009Z	StillImage	GEODETIC_DATUM_INVALID;GEODETIC_DATUM_ASSUMED_WGS84;TAXON_MATCH_TAXON_ID_IGNORED;INSTITUTION_MATCH_FUZZY;COLLECTION_MATCH_FUZZY
1807259611	e8a25a42-f125-476c-8554-3ec21cd51a84	ACAD:116209	Fungi	Basidiomycota	Agaricomycetes	Agaricales	Amanitaceae	Amanita	Amanita rubescens		SPECIES	Amanita rubescens Pers.	Amanita rubescens Pers.	Pers.	CA	Aldershot	Nova Scotia	PRESENT		6491ad8c-8e49-4bd4-a089-0ddb3bbe0890	45.10302	-64.50773							1955-08-19	19	8	1955	7496350	7496350	PRESERVED_SPECIMEN	Acadia University	ACAD	3925F	3925			CC0_1_0	Acadia University	H, KA			2024-01-25T01:37:04.025Z	StillImage	GEODETIC_DATUM_INVALID;GEODETIC_DATUM_ASSUMED_WGS84;TAXON_MATCH_TAXON_ID_IGNORED;INSTITUTION_MATCH_FUZZY;COLLECTION_MATCH_FUZZY
1412709077	21705170-d2b6-42de-8904-c3bca4b83591	CMMF017507	Fungi	Basidiomycota	Agaricomycetes	Agaricales	Amanitaceae	Amanita	Amanita rubescens		SPECIES	Amanita rubescens Pers.	Amanita rubescens Pers.	Pers.	CA	Arboretum Morgan A, Québec.	Québec	PRESENT		ff7bd5db-b724-4932-b496-10ea298851f9	45.43	-73.946667	2500.0						1980-07-31	31	7	1980	7496350	7496350	PRESERVED_SPECIMEN	Université de Montréal Biodiversity Centre	CMMF	CMMF017507	1980-312	McNeil, Raymond		CC0_1_0	Université de Montréal Biodiversity Centre	Haméon, G.			2024-01-24T16:38:15.769Z		COORDINATE_ROUNDED;INSTITUTION_MATCH_FUZZY;COLLECTION_MATCH_FUZZY;DIFFERENT_OWNER_INSTITUTION
1412709046	21705170-d2b6-42de-8904-c3bca4b83591	CMMF017542	Fungi	Basidiomycota	Agaricomycetes	Agaricales	Amanitaceae	Amanita	Amanita rubescens		SPECIES	Amanita rubescens Pers.	Amanita rubescens Pers.	Pers.	CA	Arboretum Morgan A et B, Québec.	Québec	PRESENT		ff7bd5db-b724-4932-b496-10ea298851f9	45.43	-73.946667	2500.0						1980-08-07	7	8	1980	7496350	7496350	PRESERVED_SPECIMEN	Université de Montréal Biodiversity Centre	CMMF	CMMF017542	1980-344	Neumann, Peterjurgen		CC0_1_0	Université de Montréal Biodiversity Centre	Haméon, G.			2024-01-24T16:38:15.783Z		COORDINATE_ROUNDED;INSTITUTION_MATCH_FUZZY;COLLECTION_MATCH_FUZZY;DIFFERENT_OWNER_INSTITUTION
1412708835	21705170-d2b6-42de-8904-c3bca4b83591	CMMF017307	Fungi	Basidiomycota	Agaricomycetes	Agaricales	Amanitaceae	Amanita	Amanita rubescens		SPECIES	Amanita rubescens Pers.	Amanita rubescens Pers.	Pers.	CA	Arboretum Morgan, Québec.	Québec	PRESENT		ff7bd5db-b724-4932-b496-10ea298851f9	45.43	-73.946667	2500.0						1981-07-13	13	7	1981	7496350	7496350	PRESERVED_SPECIMEN	Université de Montréal Biodiversity Centre	CMMF	CMMF017307	1981-95	Cyr, A.		CC0_1_0	Université de Montréal Biodiversity Centre	Cyr, A.			2024-01-24T16:38:15.633Z		COORDINATE_ROUNDED;INSTITUTION_MATCH_FUZZY;COLLECTION_MATCH_FUZZY;DIFFERENT_OWNER_INSTITUTION
1412705918	21705170-d2b6-42de-8904-c3bca4b83591	CMMF014303	Fungi	Basidiomycota	Agaricomycetes	Agaricales	Amanitaceae	Amanita	Amanita rubescens		SPECIES	Amanita rubescens Pers.	Amanita rubescens Pers.	Pers.	CA	Chicoutimi, Québec.	Québec	PRESENT		ff7bd5db-b724-4932-b496-10ea298851f9	48.368277	-71.119642	15000.0						1992-08-10	10	8	1992	7496350	7496350	PRESERVED_SPECIMEN	Université de Montréal Biodiversity Centre	CMMF	CMMF014303	NA	Guérin, Gérard		CC0_1_0	Université de Montréal Biodiversity Centre	Guérin, Gérard			2024-01-24T16:38:19.450Z		INSTITUTION_MATCH_FUZZY;COLLECTION_MATCH_FUZZY;DIFFERENT_OWNER_INSTITUTION
1412705801	21705170-d2b6-42de-8904-c3bca4b83591	CMMF014302	Fungi	Basidiomycota	Agaricomycetes	Agaricales	Amanitaceae	Amanita	Amanita rubescens		SPECIES	Amanita rubescens Pers.	Amanita rubescens Pers.	Pers.	CA	Chicoutimi-Nord, Québec.	Québec	PRESENT		ff7bd5db-b724-4932-b496-10ea298851f9	48.441402	-71.054334	2500.0						1992-07-31	31	7	1992	7496350	7496350	PRESERVED_SPECIMEN	Université de Montréal Biodiversity Centre	CMMF	CMMF014302	NA	Guérin, Gérard		CC0_1_0	Université de Montréal Biodiversity Centre	Guérin, Gérard			2024-01-24T16:38:19.446Z		INSTITUTION_MATCH_FUZZY;COLLECTION_MATCH_FUZZY;DIFFERENT_OWNER_INSTITUTION
1412705772	21705170-d2b6-42de-8904-c3bca4b83591	CMMF014300	Fungi	Basidiomycota	Agaricomycetes	Agaricales	Amanitaceae	Amanita	Amanita rubescens		SPECIES	Amanita rubescens Pers.	Amanita rubescens Pers.	Pers.	CA	Chicoutimi, Québec.	Québec	PRESENT		ff7bd5db-b724-4932-b496-10ea298851f9	48.368277	-71.119642	15000.0						1977-08-13	13	8	1977	7496350	7496350	PRESERVED_SPECIMEN	Université de Montréal Biodiversity Centre	CMMF	CMMF014300	NA	Guérin, Gérard		CC0_1_0	Université de Montréal Biodiversity Centre	Guérin, Gérard			2024-01-24T16:38:19.447Z		INSTITUTION_MATCH_FUZZY;COLLECTION_MATCH_FUZZY;DIFFERENT_OWNER_INSTITUTION
1135070201	21705170-d2b6-42de-8904-c3bca4b83591	CMMF008807	Fungi	Basidiomycota	Agaricomycetes	Agaricales	Amanitaceae	Amanita	Amanita rubescens	alba	VARIETY	Amanita rubescens var. alba Coker	Amanita rubescens var. alba Coker	Coker	CA	Côte Bédard rue St-Jean, Québec	Québec	PRESENT		ff7bd5db-b724-4932-b496-10ea298851f9	46.907478	-71.312257	1000.0						2006-07-27	27	7	2006	5452579	7496350	PRESERVED_SPECIMEN	Université de Montréal Biodiversity Centre	CMMF	CMMF008807	390	Labrecque, Jacqueline		CC0_1_0	Université de Montréal Biodiversity Centre	Labrecque, Jacqueline			2024-01-24T16:38:18.860Z		INSTITUTION_MATCH_FUZZY;COLLECTION_MATCH_FUZZY;DIFFERENT_OWNER_INSTITUTION
1135070200	21705170-d2b6-42de-8904-c3bca4b83591	CMMF008775	Fungi	Basidiomycota	Agaricomycetes	Agaricales	Amanitaceae	Amanita	Amanita rubescens		SPECIES	Amanita rubescens Pers.	Amanita rubescens Pers.	Pers.	CA	Forêt Sherwood, Québec.	Québec	PRESENT		ff7bd5db-b724-4932-b496-10ea298851f9	46.86201	-71.307678	15000.0						2006-07-22	22	7	2006	7496350	7496350	PRESERVED_SPECIMEN	Université de Montréal Biodiversity Centre	CMMF	CMMF008775	357	Labrecque, Jacqueline		CC0_1_0	Université de Montréal Biodiversity Centre	Labrecque, Jacqueline			2024-01-24T16:38:18.812Z		INSTITUTION_MATCH_FUZZY;COLLECTION_MATCH_FUZZY;DIFFERENT_OWNER_INSTITUTION
1135068184	21705170-d2b6-42de-8904-c3bca4b83591	CMMF006703	Fungi	Basidiomycota	Agaricomycetes	Agaricales	Amanitaceae	Amanita	Amanita rubescens		SPECIES	Amanita rubescens Pers.	Amanita rubescens Pers.	Pers.	CA	Mirabel	Québec	PRESENT		ff7bd5db-b724-4932-b496-10ea298851f9	45.683917	-74.2185	100.0						2004-09-15	15	9	2004	7496350	7496350	PRESERVED_SPECIMEN	Université de Montréal Biodiversity Centre	CMMF	CMMF006703	Inexistant	McNeil, Raymond		CC0_1_0	Université de Montréal Biodiversity Centre	McNeil, Raymond			2024-01-24T16:38:18.414Z	StillImage	COORDINATE_ROUNDED;INSTITUTION_MATCH_FUZZY;COLLECTION_MATCH_FUZZY;DIFFERENT_OWNER_INSTITUTION
1024560110	21705170-d2b6-42de-8904-c3bca4b83591	CMMF005513	Fungi	Basidiomycota	Agaricomycetes	Agaricales	Amanitaceae	Amanita	Amanita rubescens		SPECIES	Amanita rubescens Pers.	Amanita rubescens Pers.	Pers.	CA	Lachute	Québec	PRESENT		ff7bd5db-b724-4932-b496-10ea298851f9	45.66275	-74.241983	100.0						2009-07-31	31	7	2009	7496350	7496350	PRESERVED_SPECIMEN	Université de Montréal Biodiversity Centre	CMMF	CMMF005513	C3505	McNeil, Raymond		CC0_1_0	Université de Montréal Biodiversity Centre	McNeil, Raymond			2024-01-24T16:38:15.772Z	StillImage	COORDINATE_ROUNDED;INSTITUTION_MATCH_FUZZY;COLLECTION_MATCH_FUZZY;DIFFERENT_OWNER_INSTITUTION
1024560069	21705170-d2b6-42de-8904-c3bca4b83591	CMMF005515	Fungi	Basidiomycota	Agaricomycetes	Agaricales	Amanitaceae	Amanita	Amanita rubescens		SPECIES	Amanita rubescens Pers.	Amanita rubescens Pers.	Pers.	CA	Lachute	Québec	PRESENT		ff7bd5db-b724-4932-b496-10ea298851f9	45.66275	-74.241983	100.0						1977-08-23	23	8	1977	7496350	7496350	PRESERVED_SPECIMEN	Université de Montréal Biodiversity Centre	CMMF	CMMF005515	Inexistant	McNeil, Raymond		CC0_1_0	Université de Montréal Biodiversity Centre	McNeil, Raymond			2024-01-24T16:38:15.772Z	StillImage	COORDINATE_ROUNDED;INSTITUTION_MATCH_FUZZY;COLLECTION_MATCH_FUZZY;DIFFERENT_OWNER_INSTITUTION
1024560054	21705170-d2b6-42de-8904-c3bca4b83591	CMMF005517	Fungi	Basidiomycota	Agaricomycetes	Agaricales	Amanitaceae	Amanita	Amanita rubescens	alba	VARIETY	Amanita rubescens var. alba Coker	Amanita rubescens var. alba Coker	Coker	CA	Lachute	Québec	PRESENT		ff7bd5db-b724-4932-b496-10ea298851f9	45.66275	-74.241983	100.0						2009-07-31	31	7	2009	5452579	7496350	PRESERVED_SPECIMEN	Université de Montréal Biodiversity Centre	CMMF	CMMF005517	C3522	McNeil, Raymond		CC0_1_0	Université de Montréal Biodiversity Centre	McNeil, Raymond			2024-01-24T16:38:15.774Z	StillImage	COORDINATE_ROUNDED;INSTITUTION_MATCH_FUZZY;COLLECTION_MATCH_FUZZY;DIFFERENT_OWNER_INSTITUTION
1024560049	21705170-d2b6-42de-8904-c3bca4b83591	CMMF005514	Fungi	Basidiomycota	Agaricomycetes	Agaricales	Amanitaceae	Amanita	Amanita rubescens		SPECIES	Amanita rubescens Pers.	Amanita rubescens Pers.	Pers.	CA	Lachute	Québec	PRESENT		ff7bd5db-b724-4932-b496-10ea298851f9	45.66275	-74.241983	100.0						1979-08-25	25	8	1979	7496350	7496350	PRESERVED_SPECIMEN	Université de Montréal Biodiversity Centre	CMMF	CMMF005514	Inexistant	McNeil, Raymond		CC0_1_0	Université de Montréal Biodiversity Centre	McNeil, Raymond			2024-01-24T16:38:15.772Z	StillImage	COORDINATE_ROUNDED;INSTITUTION_MATCH_FUZZY;COLLECTION_MATCH_FUZZY;DIFFERENT_OWNER_INSTITUTION
1024560048	21705170-d2b6-42de-8904-c3bca4b83591	CMMF005516	Fungi	Basidiomycota	Agaricomycetes	Agaricales	Amanitaceae	Amanita	Amanita rubescens		SPECIES	Amanita rubescens Pers.	Amanita rubescens Pers.	Pers.	CA	Huntingdon (Boisé-des-Muir)	Québec	PRESENT		ff7bd5db-b724-4932-b496-10ea298851f9	45.086383	-74.116233	100.0						2013-07-22	22	7	2013	7496350	7496350	PRESERVED_SPECIMEN	Université de Montréal Biodiversity Centre	CMMF	CMMF005516	C4204	McNeil, Raymond		CC0_1_0	Université de Montréal Biodiversity Centre	McNeil, Raymond			2024-01-24T16:38:15.773Z	StillImage	COORDINATE_ROUNDED;INSTITUTION_MATCH_FUZZY;COLLECTION_MATCH_FUZZY;DIFFERENT_OWNER_INSTITUTION
1024560031	21705170-d2b6-42de-8904-c3bca4b83591	CMMF005511	Fungi	Basidiomycota	Agaricomycetes	Agaricales	Amanitaceae	Amanita	Amanita rubescens		SPECIES	Amanita rubescens Pers.	Amanita rubescens Pers.	Pers.	CA	Saint-Lazare	Québec	PRESENT		ff7bd5db-b724-4932-b496-10ea298851f9	45.393333	-74.215833	100.0						2005-10-04	4	10	2005	7496350	7496350	PRESERVED_SPECIMEN	Université de Montréal Biodiversity Centre	CMMF	CMMF005511	Inexistant	McNeil, Raymond		CC0_1_0	Université de Montréal Biodiversity Centre	McNeil, Raymond			2024-01-24T16:38:15.771Z	StillImage	COORDINATE_ROUNDED;INSTITUTION_MATCH_FUZZY;COLLECTION_MATCH_FUZZY;DIFFERENT_OWNER_INSTITUTION
1024559993	21705170-d2b6-42de-8904-c3bca4b83591	CMMF005510	Fungi	Basidiomycota	Agaricomycetes	Agaricales	Amanitaceae	Amanita	Amanita rubescens		SPECIES	Amanita rubescens Pers.	Amanita rubescens Pers.	Pers.	CA	Montréal (Complexe funéraire des Trembles, Parc nature de la Pointe-aux-Prairies)	Québec	PRESENT		ff7bd5db-b724-4932-b496-10ea298851f9	45.682833	-73.503067	100.0						2008-07-15	15	7	2008	7496350	7496350	PRESERVED_SPECIMEN	Université de Montréal Biodiversity Centre	CMMF	CMMF005510	C3277	McNeil, Raymond		CC0_1_0	Université de Montréal Biodiversity Centre	McNeil, Raymond			2024-01-24T16:38:15.772Z	StillImage	COORDINATE_ROUNDED;INSTITUTION_MATCH_FUZZY;COLLECTION_MATCH_FUZZY;DIFFERENT_OWNER_INSTITUTION
1024559969	21705170-d2b6-42de-8904-c3bca4b83591	CMMF005512	Fungi	Basidiomycota	Agaricomycetes	Agaricales	Amanitaceae	Amanita	Amanita rubescens		SPECIES	Amanita rubescens Pers.	Amanita rubescens Pers.	Pers.	CA	Lachute	Québec	PRESENT		ff7bd5db-b724-4932-b496-10ea298851f9	45.66275	-74.241983	100.0						2004-09-20	20	9	2004	7496350	7496350	PRESERVED_SPECIMEN	Université de Montréal Biodiversity Centre	CMMF	CMMF005512	C2028	McNeil, Raymond		CC0_1_0	Université de Montréal Biodiversity Centre	McNeil, Raymond			2024-01-24T16:38:15.771Z	StillImage	COORDINATE_ROUNDED;INSTITUTION_MATCH_FUZZY;COLLECTION_MATCH_FUZZY;DIFFERENT_OWNER_INSTITUTION
