gbifID	datasetKey	occurrenceID	kingdom	phylum	class	order	family	genus	species	infraspecificEpithet	taxonRank	scientificName	verbatimScientificName	verbatimScientificNameAuthorship	countryCode	locality	stateProvince	occurrenceStatus	individualCount	publishingOrgKey	decimalLatitude	decimalLongitude	coordinateUncertaintyInMeters	coordinatePrecision	elevation	elevationAccuracy	depth	depthAccuracy	eventDate	day	month	year	taxonKey	speciesKey	basisOfRecord	institutionCode	collectionCode	catalogNumber	recordNumber	identifiedBy	dateIdentified	license	rightsHolder	recordedBy	typeStatus	establishmentMeans	lastInterpreted	mediaType	issue
694156990	d7cfd2ed-8af4-427f-a16e-eb66b7e2c419	13983	Fungi	Basidiomycota	Agaricomycetes	Agaricales	Lyophyllaceae	Hypsizygus	Hypsizygus ulmarius		SPECIES	Hypsizygus ulmarius (Bull.) Redhead	Hypsizygus ulmarius (Bull.) Redhead	(Bull.) Redhead	CA	Algonquin Provincial Park	Ontario	PRESENT		ff418020-1d67-11d9-8435-b8a03c50a862	45.759859	-78.376465	67511.0						2006-09-30	30	9	2006	9113338	9113338	PRESERVED_SPECIMEN	Royal Ontario Museum	TRTC	TRTC151183	CL2006-4			CC0_1_0	Royal Ontario Museum	Craig Lauwerier			2024-01-25T00:59:38.890Z		COORDINATE_ROUNDED;AMBIGUOUS_INSTITUTION
617555583	21705170-d2b6-42de-8904-c3bca4b83591	CMMF000873	Fungi	Basidiomycota	Agaricomycetes	Agaricales	Lyophyllaceae	Hypsizygus	Hypsizygus ulmarius		SPECIES	Hypsizygus ulmarius (Bull.) Redhead	Hypsizygus ulmarius (Bull.) Redhead	(Bull.) Redhead	CA	Saint-Jérôme	Québec	PRESENT		ff7bd5db-b724-4932-b496-10ea298851f9	45.783333	-74.0	7000.0						1989-10-05	5	10	1989	9113338	9113338	PRESERVED_SPECIMEN	Université de Montréal Biodiversity Centre	CMMF	CMMF000873		Lamoureux, Yves		CC0_1_0	Université de Montréal Biodiversity Centre	Lamoureux, Yves			2024-01-24T16:38:21.478Z	StillImage	INSTITUTION_MATCH_FUZZY;COLLECTION_MATCH_FUZZY;DIFFERENT_OWNER_INSTITUTION
617551459	21705170-d2b6-42de-8904-c3bca4b83591	CMMF002717	Fungi	Basidiomycota	Agaricomycetes	Agaricales	Lyophyllaceae	Hypsizygus	Hypsizygus ulmarius		SPECIES	Hypsizygus ulmarius (Bull.) Redhead	Hypsizygus ulmarius (Bull.) Redhead	(Bull.) Redhead	CA	Saint-Majorique	Québec	PRESENT		ff7bd5db-b724-4932-b496-10ea298851f9	45.931221	-72.584529	5000.0						1995-10-04	4	10	1995	9113338	9113338	PRESERVED_SPECIMEN	Université de Montréal Biodiversity Centre	CMMF	CMMF002717		Lamoureux, Yves		CC0_1_0	Université de Montréal Biodiversity Centre	Lamoureux, Yves			2024-01-24T16:38:20.484Z	StillImage	INSTITUTION_MATCH_FUZZY;COLLECTION_MATCH_FUZZY;DIFFERENT_OWNER_INSTITUTION
4994295534	50c9509d-22c7-4a22-a47d-8c48425ef4a7	https://www.inaturalist.org/observations/253880882	Fungi	Basidiomycota	Agaricomycetes	Agaricales	Lyophyllaceae	Hypsizygus	Hypsizygus ulmarius		SPECIES	Hypsizygus ulmarius (Bull.) Redhead	Hypsizygus ulmarius		CA		Ontario	PRESENT		28eb1a3f-1c15-4a95-931a-4af90ecb574d	45.401875	-75.726775	39.0						2024-11-28T14:44:45	28	11	2024	9113338	9113338	HUMAN_OBSERVATION	iNaturalist	Observations	253880882		Erin	2024-12-02T14:27:36	CC_BY_NC_4_0	Erin	Erin			2025-01-14T12:54:21.337Z	StillImage	CONTINENT_DERIVED_FROM_COORDINATES;TAXON_MATCH_TAXON_ID_IGNORED
4987806529	50c9509d-22c7-4a22-a47d-8c48425ef4a7	https://www.inaturalist.org/observations/252680456	Fungi	Basidiomycota	Agaricomycetes	Agaricales	Lyophyllaceae	Hypsizygus	Hypsizygus ulmarius		SPECIES	Hypsizygus ulmarius (Bull.) Redhead	Hypsizygus ulmarius		CA		Prince Edward Island	PRESENT		28eb1a3f-1c15-4a95-931a-4af90ecb574d	46.52997	-64.006789	4.0						2024-11-22T16:03:24	22	11	2024	9113338	9113338	HUMAN_OBSERVATION	iNaturalist	Observations	252680456		Rosemary Curley	2024-11-23T04:53:12	CC_BY_NC_4_0	Rosemary Curley	Rosemary Curley			2025-01-14T12:55:15.460Z	StillImage	COORDINATE_ROUNDED;CONTINENT_DERIVED_FROM_COORDINATES;TAXON_MATCH_TAXON_ID_IGNORED
4987699427	50c9509d-22c7-4a22-a47d-8c48425ef4a7	https://www.inaturalist.org/observations/252677857	Fungi	Basidiomycota	Agaricomycetes	Agaricales	Lyophyllaceae	Hypsizygus	Hypsizygus ulmarius		SPECIES	Hypsizygus ulmarius (Bull.) Redhead	Hypsizygus ulmarius		CA		Prince Edward Island	PRESENT		28eb1a3f-1c15-4a95-931a-4af90ecb574d	46.527997	-64.009986	21.0						2024-11-22T15:17:40	22	11	2024	9113338	9113338	HUMAN_OBSERVATION	iNaturalist	Observations	252677857		Rosemary Curley	2024-11-23T04:15:37	CC_BY_NC_4_0	Rosemary Curley	Rosemary Curley			2025-01-14T12:53:19.621Z	StillImage	COORDINATE_ROUNDED;CONTINENT_DERIVED_FROM_COORDINATES;TAXON_MATCH_TAXON_ID_IGNORED
4981936954	50c9509d-22c7-4a22-a47d-8c48425ef4a7	https://www.inaturalist.org/observations/186094882	Fungi	Basidiomycota	Agaricomycetes	Agaricales	Lyophyllaceae	Hypsizygus	Hypsizygus ulmarius		SPECIES	Hypsizygus ulmarius (Bull.) Redhead	Hypsizygus ulmarius		CA		Ontario	PRESENT		28eb1a3f-1c15-4a95-931a-4af90ecb574d	45.386393	-75.704417							2023-10-02T11:07:53	2	10	2023	9113338	9113338	HUMAN_OBSERVATION	iNaturalist	Observations	186094882		Megan Massa	2023-10-03T22:26:57	CC_BY_NC_4_0	Megan Massa	Megan Massa			2025-01-14T12:40:23.217Z	StillImage	COORDINATE_ROUNDED;CONTINENT_DERIVED_FROM_COORDINATES;TAXON_MATCH_TAXON_ID_IGNORED
4980473852	50c9509d-22c7-4a22-a47d-8c48425ef4a7	https://www.inaturalist.org/observations/250310467	Fungi	Basidiomycota	Agaricomycetes	Agaricales	Lyophyllaceae	Hypsizygus	Hypsizygus ulmarius		SPECIES	Hypsizygus ulmarius (Bull.) Redhead	Hypsizygus ulmarius		CA		Prince Edward Island	PRESENT		28eb1a3f-1c15-4a95-931a-4af90ecb574d	46.839818	-64.205283	4.0						2024-11-03T12:43:39	3	11	2024	9113338	9113338	HUMAN_OBSERVATION	iNaturalist	Observations	250310467		Veronica Jendrick	2024-11-03T16:52:17	CC0_1_0	Veronica Jendrick	Veronica Jendrick			2025-01-14T12:54:41.130Z	StillImage	COORDINATE_ROUNDED;CONTINENT_DERIVED_FROM_COORDINATES;TAXON_MATCH_TAXON_ID_IGNORED
4980264128	50c9509d-22c7-4a22-a47d-8c48425ef4a7	https://www.inaturalist.org/observations/248095144	Fungi	Basidiomycota	Agaricomycetes	Agaricales	Lyophyllaceae	Hypsizygus	Hypsizygus ulmarius		SPECIES	Hypsizygus ulmarius (Bull.) Redhead	Hypsizygus ulmarius		CA		Ontario	PRESENT		28eb1a3f-1c15-4a95-931a-4af90ecb574d	45.317037	-75.584617	4.0						2024-10-19T10:45:40	19	10	2024	9113338	9113338	HUMAN_OBSERVATION	iNaturalist	Observations	248095144		Ray Snook	2024-10-19T16:31:51	CC_BY_NC_4_0	Ray Snook	Ray Snook			2025-01-14T12:52:04.386Z	StillImage	COORDINATE_ROUNDED;CONTINENT_DERIVED_FROM_COORDINATES;TAXON_MATCH_TAXON_ID_IGNORED
4978470781	50c9509d-22c7-4a22-a47d-8c48425ef4a7	https://www.inaturalist.org/observations/250600799	Fungi	Basidiomycota	Agaricomycetes	Agaricales	Lyophyllaceae	Hypsizygus	Hypsizygus ulmarius		SPECIES	Hypsizygus ulmarius (Bull.) Redhead	Hypsizygus ulmarius		CA		Ontario	PRESENT		28eb1a3f-1c15-4a95-931a-4af90ecb574d	45.218525	-75.230705	3.0						2024-11-05T15:06:10	5	11	2024	9113338	9113338	HUMAN_OBSERVATION	iNaturalist	Observations	250600799		hannahgrady	2024-11-05T20:15:27	CC_BY_NC_4_0	hannahgrady	hannahgrady			2025-01-14T12:54:42.114Z	StillImage	CONTINENT_DERIVED_FROM_COORDINATES;TAXON_MATCH_TAXON_ID_IGNORED
4976445480	50c9509d-22c7-4a22-a47d-8c48425ef4a7	https://www.inaturalist.org/observations/249221322	Fungi	Basidiomycota	Agaricomycetes	Agaricales	Lyophyllaceae	Hypsizygus	Hypsizygus ulmarius		SPECIES	Hypsizygus ulmarius (Bull.) Redhead	Hypsizygus ulmarius		CA		Ontario	PRESENT		28eb1a3f-1c15-4a95-931a-4af90ecb574d	45.293745	-75.214713	3.0						2024-10-26T16:40:30	26	10	2024	9113338	9113338	HUMAN_OBSERVATION	iNaturalist	Observations	249221322		Adam Gordon	2024-10-27T01:37:42	CC_BY_NC_4_0	Derek Armstrong	Derek Armstrong			2025-01-14T13:40:49.696Z	StillImage	COORDINATE_ROUNDED;CONTINENT_DERIVED_FROM_COORDINATES;TAXON_MATCH_TAXON_ID_IGNORED
4954272558	50c9509d-22c7-4a22-a47d-8c48425ef4a7	https://www.inaturalist.org/observations/247403552	Fungi	Basidiomycota	Agaricomycetes	Agaricales	Lyophyllaceae	Hypsizygus	Hypsizygus ulmarius		SPECIES	Hypsizygus ulmarius (Bull.) Redhead	Hypsizygus ulmarius		CA		Ontario	PRESENT		28eb1a3f-1c15-4a95-931a-4af90ecb574d	45.370644	-75.797241	375.0						2024-10-05T16:48:13	5	10	2024	9113338	9113338	HUMAN_OBSERVATION	iNaturalist	Observations	247403552		pfromthev	2024-10-15T00:55:31	CC_BY_NC_4_0	pfromthev	pfromthev			2025-01-14T12:54:44.744Z	StillImage	COORDINATE_ROUNDED;CONTINENT_DERIVED_FROM_COORDINATES;TAXON_MATCH_TAXON_ID_IGNORED
4952437781	50c9509d-22c7-4a22-a47d-8c48425ef4a7	https://www.inaturalist.org/observations/245966999	Fungi	Basidiomycota	Agaricomycetes	Agaricales	Lyophyllaceae	Hypsizygus	Hypsizygus ulmarius		SPECIES	Hypsizygus ulmarius (Bull.) Redhead	Hypsizygus ulmarius		CA		Ontario	PRESENT		28eb1a3f-1c15-4a95-931a-4af90ecb574d	45.446593	-75.651474	31.0						2024-10-05T11:37	5	10	2024	9113338	9113338	HUMAN_OBSERVATION	iNaturalist	Observations	245966999		Adam Gordon	2024-10-06T18:28:58	CC_BY_NC_4_0	Mike Leveille	Mike Leveille			2025-01-14T12:54:34.050Z	StillImage	COORDINATE_ROUNDED;CONTINENT_DERIVED_FROM_COORDINATES;TAXON_MATCH_TAXON_ID_IGNORED
4937190396	50c9509d-22c7-4a22-a47d-8c48425ef4a7	https://www.inaturalist.org/observations/220126978	Fungi	Basidiomycota	Agaricomycetes	Agaricales	Lyophyllaceae	Hypsizygus	Hypsizygus ulmarius		SPECIES	Hypsizygus ulmarius (Bull.) Redhead	Hypsizygus ulmarius		CA		Ontario	PRESENT		28eb1a3f-1c15-4a95-931a-4af90ecb574d	45.35948	-75.782425	6.0						2021-10-29T09:38:07	29	10	2021	9113338	9113338	HUMAN_OBSERVATION	iNaturalist	Observations	220126978		greenscreekwalker	2024-06-02T23:04:58	CC_BY_NC_4_0	greenscreekwalker	greenscreekwalker			2025-01-14T13:34:22.030Z	StillImage	CONTINENT_DERIVED_FROM_COORDINATES;TAXON_MATCH_TAXON_ID_IGNORED
4936602342	50c9509d-22c7-4a22-a47d-8c48425ef4a7	https://www.inaturalist.org/observations/187791556	Fungi	Basidiomycota	Agaricomycetes	Agaricales	Lyophyllaceae	Hypsizygus	Hypsizygus ulmarius		SPECIES	Hypsizygus ulmarius (Bull.) Redhead	Hypsizygus ulmarius		CA		Ontario	PRESENT		28eb1a3f-1c15-4a95-931a-4af90ecb574d	45.446188	-76.373787	10.0						2023-10-16T11:48:40	16	10	2023	9113338	9113338	HUMAN_OBSERVATION	iNaturalist	Observations	187791556		gordv	2023-10-16T16:03:50	CC_BY_NC_4_0	gordv	gordv			2025-01-14T13:35:12.198Z	StillImage	COORDINATE_ROUNDED;CONTINENT_DERIVED_FROM_COORDINATES;TAXON_MATCH_TAXON_ID_IGNORED
4926223820	50c9509d-22c7-4a22-a47d-8c48425ef4a7	https://www.inaturalist.org/observations/236745525	Fungi	Basidiomycota	Agaricomycetes	Agaricales	Lyophyllaceae	Hypsizygus	Hypsizygus ulmarius		SPECIES	Hypsizygus ulmarius (Bull.) Redhead	Hypsizygus ulmarius		CA		Ontario	PRESENT		28eb1a3f-1c15-4a95-931a-4af90ecb574d	45.373114	-75.798397	8.0						2017-11-13T10:14	13	11	2017	9113338	9113338	HUMAN_OBSERVATION	iNaturalist	Observations	236745525		Deborah Mosher	2024-08-19T16:34:02	CC_BY_NC_4_0	Deborah Mosher	Deborah Mosher			2025-01-14T13:42:53.546Z	StillImage	COORDINATE_ROUNDED;CONTINENT_DERIVED_FROM_COORDINATES;TAXON_MATCH_TAXON_ID_IGNORED
4852663983	50c9509d-22c7-4a22-a47d-8c48425ef4a7	https://www.inaturalist.org/observations/188554686	Fungi	Basidiomycota	Agaricomycetes	Agaricales	Lyophyllaceae	Hypsizygus	Hypsizygus ulmarius		SPECIES	Hypsizygus ulmarius (Bull.) Redhead	Hypsizygus ulmarius		CA		Québec	PRESENT		28eb1a3f-1c15-4a95-931a-4af90ecb574d	45.680544	-73.498328	5.0						2023-10-22T11:50	22	10	2023	9113338	9113338	HUMAN_OBSERVATION	iNaturalist	Observations	188554686		Renard frak	2024-04-28T20:42:36	CC_BY_NC_4_0	sparent66	sparent66			2025-01-14T12:42:55.458Z	StillImage	COORDINATE_ROUNDED;CONTINENT_DERIVED_FROM_COORDINATES;TAXON_MATCH_TAXON_ID_IGNORED
4852603106	50c9509d-22c7-4a22-a47d-8c48425ef4a7	https://www.inaturalist.org/observations/36824980	Fungi	Basidiomycota	Agaricomycetes	Agaricales	Lyophyllaceae	Hypsizygus	Hypsizygus ulmarius		SPECIES	Hypsizygus ulmarius (Bull.) Redhead	Hypsizygus ulmarius		CA		Québec	PRESENT		28eb1a3f-1c15-4a95-931a-4af90ecb574d	45.625702	-73.609586	32.0						2019-12-21T10:38:51	21	12	2019	9113338	9113338	HUMAN_OBSERVATION	iNaturalist	Observations	36824980		Richard Guillet	2019-12-21T15:39:25	CC_BY_NC_4_0	Richard Guillet	Richard Guillet			2025-01-14T12:11:16.035Z	StillImage	COORDINATE_ROUNDED;CONTINENT_DERIVED_FROM_COORDINATES;TAXON_MATCH_TAXON_ID_IGNORED
4851905072	50c9509d-22c7-4a22-a47d-8c48425ef4a7	https://www.inaturalist.org/observations/188557271	Fungi	Basidiomycota	Agaricomycetes	Agaricales	Lyophyllaceae	Hypsizygus	Hypsizygus ulmarius		SPECIES	Hypsizygus ulmarius (Bull.) Redhead	Hypsizygus ulmarius		CA		Québec	PRESENT		28eb1a3f-1c15-4a95-931a-4af90ecb574d	45.6823	-73.497939	4.0						2023-10-22T12:16	22	10	2023	9113338	9113338	HUMAN_OBSERVATION	iNaturalist	Observations	188557271		Renard frak	2024-04-28T20:41:26	CC_BY_NC_4_0	sparent66	sparent66			2025-01-14T13:34:16.325Z	StillImage	COORDINATE_ROUNDED;CONTINENT_DERIVED_FROM_COORDINATES;TAXON_MATCH_TAXON_ID_IGNORED
4851792943	50c9509d-22c7-4a22-a47d-8c48425ef4a7	https://www.inaturalist.org/observations/189490339	Fungi	Basidiomycota	Agaricomycetes	Agaricales	Lyophyllaceae	Hypsizygus	Hypsizygus ulmarius		SPECIES	Hypsizygus ulmarius (Bull.) Redhead	Hypsizygus ulmarius		CA		Québec	PRESENT		28eb1a3f-1c15-4a95-931a-4af90ecb574d	45.699239	-73.503405							2023-10-30T12:14	30	10	2023	9113338	9113338	HUMAN_OBSERVATION	iNaturalist	Observations	189490339		weilival	2023-10-30T18:04:32	CC_BY_NC_4_0	weilival	weilival			2025-01-14T13:35:36.938Z	StillImage	COORDINATE_ROUNDED;CONTINENT_DERIVED_FROM_COORDINATES;TAXON_MATCH_TAXON_ID_IGNORED
4458383147	50c9509d-22c7-4a22-a47d-8c48425ef4a7	https://www.inaturalist.org/observations/192662937	Fungi	Basidiomycota	Agaricomycetes	Agaricales	Lyophyllaceae	Hypsizygus	Hypsizygus ulmarius		SPECIES	Hypsizygus ulmarius (Bull.) Redhead	Hypsizygus ulmarius		CA		Ontario	PRESENT		28eb1a3f-1c15-4a95-931a-4af90ecb574d	45.215417	-76.220162	24.0						2023-11-30T13:08	30	11	2023	9113338	9113338	HUMAN_OBSERVATION	iNaturalist	Observations	192662937		Ken Allison	2023-12-01T02:00:32	CC_BY_NC_4_0	Ken Allison	Ken Allison			2025-01-14T13:30:33.194Z	StillImage	COORDINATE_ROUNDED;CONTINENT_DERIVED_FROM_COORDINATES;TAXON_MATCH_TAXON_ID_IGNORED
4442626900	50c9509d-22c7-4a22-a47d-8c48425ef4a7	https://www.inaturalist.org/observations/191567266	Fungi	Basidiomycota	Agaricomycetes	Agaricales	Lyophyllaceae	Hypsizygus	Hypsizygus ulmarius		SPECIES	Hypsizygus ulmarius (Bull.) Redhead	Hypsizygus ulmarius		CA		Québec	PRESENT		28eb1a3f-1c15-4a95-931a-4af90ecb574d	45.497433	-73.778389	4.0						2023-10-09T14:41	9	10	2023	9113338	9113338	HUMAN_OBSERVATION	iNaturalist	Observations	191567266		gr3yhound	2023-11-20T10:10:52	CC_BY_NC_4_0	gr3yhound	gr3yhound			2025-01-14T12:41:55.468Z	StillImage	COORDINATE_ROUNDED;CONTINENT_DERIVED_FROM_COORDINATES;TAXON_MATCH_TAXON_ID_IGNORED
4440625304	50c9509d-22c7-4a22-a47d-8c48425ef4a7	http://inaturalist.ca/observations/2164284	Fungi	Basidiomycota	Agaricomycetes	Agaricales	Lyophyllaceae	Hypsizygus	Hypsizygus ulmarius		SPECIES	Hypsizygus ulmarius (Bull.) Redhead	Hypsizygus ulmarius		CA		Ontario	PRESENT		28eb1a3f-1c15-4a95-931a-4af90ecb574d	45.445895	-75.651819							2015-10-17	17	10	2015	9113338	9113338	HUMAN_OBSERVATION	iNaturalist	Observations	2164284		Garrett Taylor	2016-01-09T04:49:19	CC_BY_NC_4_0	Mike Leveille	Mike Leveille			2025-01-14T12:58:16.945Z	StillImage	CONTINENT_DERIVED_FROM_COORDINATES;TAXON_MATCH_TAXON_ID_IGNORED
4438925301	50c9509d-22c7-4a22-a47d-8c48425ef4a7	http://inaturalist.ca/observations/2310400	Fungi	Basidiomycota	Agaricomycetes	Agaricales	Lyophyllaceae	Hypsizygus	Hypsizygus ulmarius		SPECIES	Hypsizygus ulmarius (Bull.) Redhead	Hypsizygus ulmarius		CA		Ontario	PRESENT		28eb1a3f-1c15-4a95-931a-4af90ecb574d	45.445833	-75.650734							2015-10-25	25	10	2015	9113338	9113338	HUMAN_OBSERVATION	iNaturalist	Observations	2310400		Carl-Adam Wegenschimmel	2018-05-15T21:58:23	CC_BY_NC_4_0	Mike Leveille	Mike Leveille			2025-01-14T12:03:07.946Z	StillImage	CONTINENT_DERIVED_FROM_COORDINATES;TAXON_MATCH_TAXON_ID_IGNORED
4438861301	50c9509d-22c7-4a22-a47d-8c48425ef4a7	http://inaturalist.ca/observations/2310291	Fungi	Basidiomycota	Agaricomycetes	Agaricales	Lyophyllaceae	Hypsizygus	Hypsizygus ulmarius		SPECIES	Hypsizygus ulmarius (Bull.) Redhead	Hypsizygus ulmarius		CA		Ontario	PRESENT		28eb1a3f-1c15-4a95-931a-4af90ecb574d	45.445855	-75.650817	11.0						2015-10-25	25	10	2015	9113338	9113338	HUMAN_OBSERVATION	iNaturalist	Observations	2310291		Garrett Taylor	2016-01-09T04:51:14	CC_BY_NC_4_0	Mike Leveille	Mike Leveille			2025-01-14T12:02:08.666Z	StillImage	CONTINENT_DERIVED_FROM_COORDINATES;TAXON_MATCH_TAXON_ID_IGNORED
4438642475	50c9509d-22c7-4a22-a47d-8c48425ef4a7	https://www.inaturalist.org/observations/102303119	Fungi	Basidiomycota	Agaricomycetes	Agaricales	Lyophyllaceae	Hypsizygus	Hypsizygus ulmarius		SPECIES	Hypsizygus ulmarius (Bull.) Redhead	Hypsizygus ulmarius		CA		Ontario	PRESENT		28eb1a3f-1c15-4a95-931a-4af90ecb574d	45.34745	-75.694305	48.0						2021-11-30T14:20:26	30	11	2021	9113338	9113338	HUMAN_OBSERVATION	iNaturalist	Observations	102303119		charrob	2021-12-01T15:48:32	CC_BY_NC_4_0	charrob	charrob			2025-01-14T12:23:16.923Z	StillImage	CONTINENT_DERIVED_FROM_COORDINATES;TAXON_MATCH_TAXON_ID_IGNORED
4431201430	50c9509d-22c7-4a22-a47d-8c48425ef4a7	https://www.inaturalist.org/observations/188332866	Fungi	Basidiomycota	Agaricomycetes	Agaricales	Lyophyllaceae	Hypsizygus	Hypsizygus ulmarius		SPECIES	Hypsizygus ulmarius (Bull.) Redhead	Hypsizygus ulmarius		CA		Québec	PRESENT		28eb1a3f-1c15-4a95-931a-4af90ecb574d	45.568373	-73.484628	31.0						2023-09-30T10:30	30	9	2023	9113338	9113338	HUMAN_OBSERVATION	iNaturalist	Observations	188332866		Antoine Fortin	2023-10-21T02:40:09	CC_BY_NC_4_0	Antoine Fortin	Antoine Fortin			2025-01-14T13:28:22.186Z	StillImage	COORDINATE_ROUNDED;CONTINENT_DERIVED_FROM_COORDINATES;TAXON_MATCH_TAXON_ID_IGNORED
4431133240	50c9509d-22c7-4a22-a47d-8c48425ef4a7	https://www.inaturalist.org/observations/187903223	Fungi	Basidiomycota	Agaricomycetes	Agaricales	Lyophyllaceae	Hypsizygus	Hypsizygus ulmarius		SPECIES	Hypsizygus ulmarius (Bull.) Redhead	Hypsizygus ulmarius		CA		Ontario	PRESENT		28eb1a3f-1c15-4a95-931a-4af90ecb574d	45.372418	-75.78773	123.0						2023-10-16T13:31:25	16	10	2023	9113338	9113338	HUMAN_OBSERVATION	iNaturalist	Observations	187903223		jonhees	2023-10-17T14:59:01	CC_BY_NC_4_0	Nina	Nina			2025-01-14T12:42:35.069Z	StillImage	COORDINATE_ROUNDED;CONTINENT_DERIVED_FROM_COORDINATES;TAXON_MATCH_TAXON_ID_IGNORED
4431060480	50c9509d-22c7-4a22-a47d-8c48425ef4a7	https://www.inaturalist.org/observations/187304191	Fungi	Basidiomycota	Agaricomycetes	Agaricales	Lyophyllaceae	Hypsizygus	Hypsizygus ulmarius		SPECIES	Hypsizygus ulmarius (Bull.) Redhead	Hypsizygus ulmarius		CA		Québec	PRESENT		28eb1a3f-1c15-4a95-931a-4af90ecb574d	45.498292	-73.77008	3.0						2023-09-30T16:47:08	30	9	2023	9113338	9113338	HUMAN_OBSERVATION	iNaturalist	Observations	187304191		Adam Gordon	2023-10-13T00:35:52	CC_BY_NC_4_0	karineleger	karineleger			2025-01-14T13:34:30.439Z	StillImage	COORDINATE_ROUNDED;CONTINENT_DERIVED_FROM_COORDINATES;TAXON_MATCH_TAXON_ID_IGNORED
4430505705	50c9509d-22c7-4a22-a47d-8c48425ef4a7	https://www.inaturalist.org/observations/187047289	Fungi	Basidiomycota	Agaricomycetes	Agaricales	Lyophyllaceae	Hypsizygus	Hypsizygus ulmarius		SPECIES	Hypsizygus ulmarius (Bull.) Redhead	Hypsizygus ulmarius		CA		Ontario	PRESENT		28eb1a3f-1c15-4a95-931a-4af90ecb574d	45.386883	-75.703633							2023-10-10T13:42	10	10	2023	9113338	9113338	HUMAN_OBSERVATION	iNaturalist	Observations	187047289		Sandy Garland	2023-10-10T21:50:21	CC_BY_NC_4_0	Sandy Garland	Sandy Garland			2025-01-14T12:40:40.222Z	StillImage	COORDINATE_ROUNDED;CONTINENT_DERIVED_FROM_COORDINATES;TAXON_MATCH_TAXON_ID_IGNORED
4424670423	50c9509d-22c7-4a22-a47d-8c48425ef4a7	https://www.inaturalist.org/observations/186275652	Fungi	Basidiomycota	Agaricomycetes	Agaricales	Lyophyllaceae	Hypsizygus	Hypsizygus ulmarius		SPECIES	Hypsizygus ulmarius (Bull.) Redhead	Hypsizygus ulmarius		CA		Ontario	PRESENT		28eb1a3f-1c15-4a95-931a-4af90ecb574d	45.386367	-75.704287	507.0						2023-10-05T09:05:41	5	10	2023	9113338	9113338	HUMAN_OBSERVATION	iNaturalist	Observations	186275652		janebarton	2023-10-05T13:09:51	CC_BY_NC_4_0	janebarton	janebarton			2025-01-14T13:28:07.638Z	StillImage	COORDINATE_ROUNDED;CONTINENT_DERIVED_FROM_COORDINATES;TAXON_MATCH_TAXON_ID_IGNORED
4424619758	50c9509d-22c7-4a22-a47d-8c48425ef4a7	https://www.inaturalist.org/observations/186899594	Fungi	Basidiomycota	Agaricomycetes	Agaricales	Lyophyllaceae	Hypsizygus	Hypsizygus ulmarius		SPECIES	Hypsizygus ulmarius (Bull.) Redhead	Hypsizygus ulmarius		CA		Ontario	PRESENT		28eb1a3f-1c15-4a95-931a-4af90ecb574d	45.146678	-75.60807	4.0						2023-10-09T15:56:59	9	10	2023	9113338	9113338	HUMAN_OBSERVATION	iNaturalist	Observations	186899594		Adam Gordon	2023-10-09T23:29:03	CC_BY_NC_4_0	clearbrookmlb	clearbrookmlb			2025-01-14T13:33:28.890Z	StillImage	COORDINATE_ROUNDED;CONTINENT_DERIVED_FROM_COORDINATES;TAXON_MATCH_TAXON_ID_IGNORED
4424344447	50c9509d-22c7-4a22-a47d-8c48425ef4a7	https://www.inaturalist.org/observations/186390551	Fungi	Basidiomycota	Agaricomycetes	Agaricales	Lyophyllaceae	Hypsizygus	Hypsizygus ulmarius		SPECIES	Hypsizygus ulmarius (Bull.) Redhead	Hypsizygus ulmarius		CA		Québec	PRESENT		28eb1a3f-1c15-4a95-931a-4af90ecb574d	45.43145	-73.94638	451.0						2023-10-03T15:56:31	3	10	2023	9113338	9113338	HUMAN_OBSERVATION	iNaturalist	Observations	186390551		Madz	2023-10-06T11:28:09	CC_BY_NC_4_0	Madz	Madz			2025-01-14T12:40:18.125Z	StillImage	CONTINENT_DERIVED_FROM_COORDINATES;TAXON_MATCH_TAXON_ID_IGNORED
4424273619	50c9509d-22c7-4a22-a47d-8c48425ef4a7	https://www.inaturalist.org/observations/186326434	Fungi	Basidiomycota	Agaricomycetes	Agaricales	Lyophyllaceae	Hypsizygus	Hypsizygus ulmarius		SPECIES	Hypsizygus ulmarius (Bull.) Redhead	Hypsizygus ulmarius		CA		Ontario	PRESENT		28eb1a3f-1c15-4a95-931a-4af90ecb574d	45.553278	-78.6164	3.0						2023-10-05T16:27:38	5	10	2023	9113338	9113338	HUMAN_OBSERVATION	iNaturalist	Observations	186326434		Adam Gordon	2023-10-06T00:49:01	CC_BY_NC_4_0	Sarah Lamond	Sarah Lamond			2025-01-14T13:32:55.642Z	StillImage	COORDINATE_ROUNDED;CONTINENT_DERIVED_FROM_COORDINATES;TAXON_MATCH_TAXON_ID_IGNORED
4421208843	50c9509d-22c7-4a22-a47d-8c48425ef4a7	https://www.inaturalist.org/observations/185469601	Fungi	Basidiomycota	Agaricomycetes	Agaricales	Lyophyllaceae	Hypsizygus	Hypsizygus ulmarius		SPECIES	Hypsizygus ulmarius (Bull.) Redhead	Hypsizygus ulmarius		CA		Ontario	PRESENT		28eb1a3f-1c15-4a95-931a-4af90ecb574d	45.4045	-75.669633	1355.0						2023-09-29T12:21:26	29	9	2023	9113338	9113338	HUMAN_OBSERVATION	iNaturalist	Observations	185469601		Erin	2023-09-29T19:37:54	CC_BY_NC_4_0	Erin	Erin			2025-01-14T12:42:05.571Z	StillImage	COORDINATE_ROUNDED;CONTINENT_DERIVED_FROM_COORDINATES;TAXON_MATCH_TAXON_ID_IGNORED
4421170355	50c9509d-22c7-4a22-a47d-8c48425ef4a7	https://www.inaturalist.org/observations/66300378	Fungi	Basidiomycota	Agaricomycetes	Agaricales	Lyophyllaceae	Hypsizygus	Hypsizygus ulmarius		SPECIES	Hypsizygus ulmarius (Bull.) Redhead	Hypsizygus ulmarius		CA		Ontario	PRESENT		28eb1a3f-1c15-4a95-931a-4af90ecb574d	45.37792	-75.651302	27190.0						2020-10-17T14:07:51	17	10	2020	9113338	9113338	HUMAN_OBSERVATION	iNaturalist	Observations	66300378		weeezy	2020-12-08T18:34:24	CC_BY_NC_4_0	weeezy	weeezy			2025-01-14T13:10:47.245Z	StillImage	COORDINATE_ROUNDED;CONTINENT_DERIVED_FROM_COORDINATES;TAXON_MATCH_TAXON_ID_IGNORED
4091647400	50c9509d-22c7-4a22-a47d-8c48425ef4a7	https://www.inaturalist.org/observations/98049925	Fungi	Basidiomycota	Agaricomycetes	Agaricales	Lyophyllaceae	Hypsizygus	Hypsizygus ulmarius		SPECIES	Hypsizygus ulmarius (Bull.) Redhead	Hypsizygus ulmarius		CA		Ontario	PRESENT		28eb1a3f-1c15-4a95-931a-4af90ecb574d	45.415096	-75.669647							2021-10-12T17:58:16	12	10	2021	9113338	9113338	HUMAN_OBSERVATION	iNaturalist	Observations	98049925		Peter Soroye	2021-10-12T22:07:12	CC_BY_NC_4_0	Peter Soroye	Peter Soroye			2025-01-14T12:22:31.694Z	StillImage	COORDINATE_ROUNDED;CONTINENT_DERIVED_FROM_COORDINATES;TAXON_MATCH_TAXON_ID_IGNORED
3961148808	50c9509d-22c7-4a22-a47d-8c48425ef4a7	https://www.inaturalist.org/observations/140096371	Fungi	Basidiomycota	Agaricomycetes	Agaricales	Lyophyllaceae	Hypsizygus	Hypsizygus ulmarius		SPECIES	Hypsizygus ulmarius (Bull.) Redhead	Hypsizygus ulmarius		CA		Québec	PRESENT		28eb1a3f-1c15-4a95-931a-4af90ecb574d	45.949071	-76.453542	27095.0						2022-10-24T14:51	24	10	2022	9113338	9113338	HUMAN_OBSERVATION	iNaturalist	Observations	140096371		L Joan Heyding	2022-10-26T21:15:44	CC_BY_NC_4_0	L Joan Heyding	L Joan Heyding			2025-01-14T13:25:57.727Z	StillImage	COORDINATE_ROUNDED;CONTINENT_DERIVED_FROM_COORDINATES;TAXON_MATCH_TAXON_ID_IGNORED
3961144847	50c9509d-22c7-4a22-a47d-8c48425ef4a7	https://www.inaturalist.org/observations/140094231	Fungi	Basidiomycota	Agaricomycetes	Agaricales	Lyophyllaceae	Hypsizygus	Hypsizygus ulmarius		SPECIES	Hypsizygus ulmarius (Bull.) Redhead	Hypsizygus ulmarius		CA		Ontario	PRESENT		28eb1a3f-1c15-4a95-931a-4af90ecb574d	45.418476	-75.664541	9.0						2022-10-26T16:48:50	26	10	2022	9113338	9113338	HUMAN_OBSERVATION	iNaturalist	Observations	140094231		dleduc	2022-10-26T20:49:56	CC_BY_NC_4_0	dleduc	dleduc			2025-01-14T12:32:59.831Z	StillImage	COORDINATE_ROUNDED;CONTINENT_DERIVED_FROM_COORDINATES;TAXON_MATCH_TAXON_ID_IGNORED
3947547684	50c9509d-22c7-4a22-a47d-8c48425ef4a7	https://www.inaturalist.org/observations/139911378	Fungi	Basidiomycota	Agaricomycetes	Agaricales	Lyophyllaceae	Hypsizygus	Hypsizygus ulmarius		SPECIES	Hypsizygus ulmarius (Bull.) Redhead	Hypsizygus ulmarius		CA		Ontario	PRESENT		28eb1a3f-1c15-4a95-931a-4af90ecb574d	45.455779	-75.504733	7914.0						2022-10-24T17:30:43	24	10	2022	9113338	9113338	HUMAN_OBSERVATION	iNaturalist	Observations	139911378		a-tara-xy	2022-10-24T22:14:39	CC_BY_NC_4_0	a-tara-xy	a-tara-xy			2025-01-14T12:32:35.133Z	StillImage	COORDINATE_ROUNDED;CONTINENT_DERIVED_FROM_COORDINATES;TAXON_MATCH_TAXON_ID_IGNORED
3947488374	50c9509d-22c7-4a22-a47d-8c48425ef4a7	https://www.inaturalist.org/observations/138758784	Fungi	Basidiomycota	Agaricomycetes	Agaricales	Lyophyllaceae	Hypsizygus	Hypsizygus ulmarius		SPECIES	Hypsizygus ulmarius (Bull.) Redhead	Hypsizygus ulmarius		CA		Ontario	PRESENT		28eb1a3f-1c15-4a95-931a-4af90ecb574d	45.284044	-75.87645	8.0						2022-10-14T13:53:57	14	10	2022	9113338	9113338	HUMAN_OBSERVATION	iNaturalist	Observations	138758784		James Pagé	2022-10-14T20:27:56	CC_BY_NC_4_0	James Pagé	James Pagé			2025-01-14T12:32:27.400Z	StillImage	COORDINATE_ROUNDED;CONTINENT_DERIVED_FROM_COORDINATES;TAXON_MATCH_TAXON_ID_IGNORED
3947134919	50c9509d-22c7-4a22-a47d-8c48425ef4a7	https://www.inaturalist.org/observations/139263663	Fungi	Basidiomycota	Agaricomycetes	Agaricales	Lyophyllaceae	Hypsizygus	Hypsizygus ulmarius		SPECIES	Hypsizygus ulmarius (Bull.) Redhead	Hypsizygus ulmarius		CA		Ontario	PRESENT		28eb1a3f-1c15-4a95-931a-4af90ecb574d	45.199453	-76.238786	122.0						2022-10-15T15:40	15	10	2022	9113338	9113338	HUMAN_OBSERVATION	iNaturalist	Observations	139263663		mycowalt	2022-10-19T00:57:41	CC_BY_NC_4_0	almonteallisons	almonteallisons			2025-01-14T12:32:48.966Z	StillImage	COORDINATE_ROUNDED;CONTINENT_DERIVED_FROM_COORDINATES;TAXON_MATCH_TAXON_ID_IGNORED
3947125307	50c9509d-22c7-4a22-a47d-8c48425ef4a7	https://www.inaturalist.org/observations/138658355	Fungi	Basidiomycota	Agaricomycetes	Agaricales	Lyophyllaceae	Hypsizygus	Hypsizygus ulmarius		SPECIES	Hypsizygus ulmarius (Bull.) Redhead	Hypsizygus ulmarius		CA		Québec	PRESENT		28eb1a3f-1c15-4a95-931a-4af90ecb574d	45.41588	-73.461024							2022-10-13T17:07:54	13	10	2022	9113338	9113338	HUMAN_OBSERVATION	iNaturalist	Observations	138658355		Alexis Desmarais	2022-10-13T22:13:55	CC_BY_NC_4_0	Alexis Desmarais	Alexis Desmarais			2025-01-14T12:32:22.333Z	StillImage	COORDINATE_ROUNDED;CONTINENT_DERIVED_FROM_COORDINATES;TAXON_MATCH_TAXON_ID_IGNORED
3925148275	50c9509d-22c7-4a22-a47d-8c48425ef4a7	https://www.inaturalist.org/observations/138033289	Fungi	Basidiomycota	Agaricomycetes	Agaricales	Lyophyllaceae	Hypsizygus	Hypsizygus ulmarius		SPECIES	Hypsizygus ulmarius (Bull.) Redhead	Hypsizygus ulmarius		CA		Québec	PRESENT		28eb1a3f-1c15-4a95-931a-4af90ecb574d	45.475997	-73.767022	4.0						2022-10-08T14:28:26	8	10	2022	9113338	9113338	HUMAN_OBSERVATION	iNaturalist	Observations	138033289		ramitche67	2022-10-08T21:08:03	CC_BY_NC_4_0	ramitche67	ramitche67			2025-01-14T13:25:42.990Z	StillImage	COORDINATE_ROUNDED;CONTINENT_DERIVED_FROM_COORDINATES;TAXON_MATCH_TAXON_ID_IGNORED
3923644838	50c9509d-22c7-4a22-a47d-8c48425ef4a7	https://www.inaturalist.org/observations/136809697	Fungi	Basidiomycota	Agaricomycetes	Agaricales	Lyophyllaceae	Hypsizygus	Hypsizygus ulmarius		SPECIES	Hypsizygus ulmarius (Bull.) Redhead	Hypsizygus ulmarius		CA		Québec	PRESENT		28eb1a3f-1c15-4a95-931a-4af90ecb574d	45.394958	-71.878272	35.0						2022-09-28T11:30:46	28	9	2022	9113338	9113338	HUMAN_OBSERVATION	iNaturalist	Observations	136809697		annemariebombardier	2022-09-28T15:32:39	CC_BY_NC_4_0	annemariebombardier	annemariebombardier			2025-01-14T13:25:48.730Z	StillImage	COORDINATE_ROUNDED;CONTINENT_DERIVED_FROM_COORDINATES;TAXON_MATCH_TAXON_ID_IGNORED
3902536313	50c9509d-22c7-4a22-a47d-8c48425ef4a7	https://www.inaturalist.org/observations/134361925	Fungi	Basidiomycota	Agaricomycetes	Agaricales	Lyophyllaceae	Hypsizygus	Hypsizygus ulmarius		SPECIES	Hypsizygus ulmarius (Bull.) Redhead	Hypsizygus ulmarius		CA		Québec	PRESENT		28eb1a3f-1c15-4a95-931a-4af90ecb574d	45.430936	-73.947159	31.0						2022-09-09T15:00	9	9	2022	9113338	9113338	HUMAN_OBSERVATION	iNaturalist	Observations	134361925		Madz	2022-09-09T23:50:33	CC_BY_NC_4_0	Madz	Madz			2025-01-14T13:16:57.683Z	StillImage	COORDINATE_ROUNDED;CONTINENT_DERIVED_FROM_COORDINATES;TAXON_MATCH_TAXON_ID_IGNORED
3764340889	50c9509d-22c7-4a22-a47d-8c48425ef4a7	https://www.inaturalist.org/observations/112784098	Fungi	Basidiomycota	Agaricomycetes	Agaricales	Lyophyllaceae	Hypsizygus	Hypsizygus ulmarius		SPECIES	Hypsizygus ulmarius (Bull.) Redhead	Hypsizygus ulmarius		CA		Ontario	PRESENT		28eb1a3f-1c15-4a95-931a-4af90ecb574d	45.461432	-75.632344	423.0						2021-10-10T15:10:09	10	10	2021	9113338	9113338	HUMAN_OBSERVATION	iNaturalist	Observations	112784098		pmatute	2022-04-25T03:38:47	CC_BY_NC_4_0	rjayork	rjayork			2025-01-14T13:26:29.851Z	StillImage	COORDINATE_ROUNDED;CONTINENT_DERIVED_FROM_COORDINATES;TAXON_MATCH_TAXON_ID_IGNORED
3743312387	50c9509d-22c7-4a22-a47d-8c48425ef4a7	https://www.inaturalist.org/observations/94858432	Fungi	Basidiomycota	Agaricomycetes	Agaricales	Lyophyllaceae	Hypsizygus	Hypsizygus ulmarius		SPECIES	Hypsizygus ulmarius (Bull.) Redhead	Hypsizygus ulmarius		CA		Ontario	PRESENT		28eb1a3f-1c15-4a95-931a-4af90ecb574d	45.205404	-75.224193	4.0						2015-10-17T09:11	17	10	2015	9113338	9113338	HUMAN_OBSERVATION	iNaturalist	Observations	94858432		jimburger	2021-09-14T19:35:22	CC_BY_NC_4_0	jimburger	jimburger			2025-01-14T12:23:43.430Z	StillImage	COORDINATE_ROUNDED;CONTINENT_DERIVED_FROM_COORDINATES;TAXON_MATCH_TAXON_ID_IGNORED
3743310398	50c9509d-22c7-4a22-a47d-8c48425ef4a7	https://www.inaturalist.org/observations/94858436	Fungi	Basidiomycota	Agaricomycetes	Agaricales	Lyophyllaceae	Hypsizygus	Hypsizygus ulmarius		SPECIES	Hypsizygus ulmarius (Bull.) Redhead	Hypsizygus ulmarius		CA		Ontario	PRESENT		28eb1a3f-1c15-4a95-931a-4af90ecb574d	45.205402	-75.224158	4.0						2015-10-17T09:12	17	10	2015	9113338	9113338	HUMAN_OBSERVATION	iNaturalist	Observations	94858436		jimburger	2021-09-14T19:35:23	CC_BY_NC_4_0	jimburger	jimburger			2025-01-14T12:22:54.226Z	StillImage	COORDINATE_ROUNDED;CONTINENT_DERIVED_FROM_COORDINATES;TAXON_MATCH_TAXON_ID_IGNORED
3456526071	50c9509d-22c7-4a22-a47d-8c48425ef4a7	https://www.inaturalist.org/observations/101048187	Fungi	Basidiomycota	Agaricomycetes	Agaricales	Lyophyllaceae	Hypsizygus	Hypsizygus ulmarius		SPECIES	Hypsizygus ulmarius (Bull.) Redhead	Hypsizygus ulmarius		CA		Ontario	PRESENT		28eb1a3f-1c15-4a95-931a-4af90ecb574d	45.386311	-75.704483	22.0						2021-11-13T14:02:50	13	11	2021	9113338	9113338	HUMAN_OBSERVATION	iNaturalist	Observations	101048187		D Gordon E Robertson	2021-12-13T01:19:53	CC_BY_NC_4_0	marj1000	marj1000			2025-01-14T13:11:05.837Z	StillImage	COORDINATE_ROUNDED;CONTINENT_DERIVED_FROM_COORDINATES;TAXON_MATCH_TAXON_ID_IGNORED
3415818714	50c9509d-22c7-4a22-a47d-8c48425ef4a7	https://www.inaturalist.org/observations/101494543	Fungi	Basidiomycota	Agaricomycetes	Agaricales	Lyophyllaceae	Hypsizygus	Hypsizygus ulmarius		SPECIES	Hypsizygus ulmarius (Bull.) Redhead	Hypsizygus ulmarius		CA		Québec	PRESENT		28eb1a3f-1c15-4a95-931a-4af90ecb574d	45.255835	-74.103301	126.0						2021-11-19T15:53:32	19	11	2021	9113338	9113338	HUMAN_OBSERVATION	iNaturalist	Observations	101494543		julienbourque	2021-11-19T23:05:41	CC_BY_NC_4_0	julienbourque	julienbourque			2025-01-14T13:15:39.361Z	StillImage	COORDINATE_ROUNDED;CONTINENT_DERIVED_FROM_COORDINATES;TAXON_MATCH_TAXON_ID_IGNORED
3415495949	50c9509d-22c7-4a22-a47d-8c48425ef4a7	https://www.inaturalist.org/observations/98154155	Fungi	Basidiomycota	Agaricomycetes	Agaricales	Lyophyllaceae	Hypsizygus	Hypsizygus ulmarius		SPECIES	Hypsizygus ulmarius (Bull.) Redhead	Hypsizygus ulmarius		CA		Québec	PRESENT		28eb1a3f-1c15-4a95-931a-4af90ecb574d	45.983612	-74.1137	12.0						2021-10-13T16:09:46	13	10	2021	9113338	9113338	HUMAN_OBSERVATION	iNaturalist	Observations	98154155		Dominique Even	2021-11-18T16:56:25	CC_BY_NC_4_0	giggydou	giggydou			2025-01-14T12:21:53.468Z	StillImage	COORDINATE_ROUNDED;CONTINENT_DERIVED_FROM_COORDINATES;TAXON_MATCH_TAXON_ID_IGNORED
3398770903	50c9509d-22c7-4a22-a47d-8c48425ef4a7	https://www.inaturalist.org/observations/97356377	Fungi	Basidiomycota	Agaricomycetes	Agaricales	Lyophyllaceae	Hypsizygus	Hypsizygus ulmarius		SPECIES	Hypsizygus ulmarius (Bull.) Redhead	Hypsizygus ulmarius		CA		Québec	PRESENT		28eb1a3f-1c15-4a95-931a-4af90ecb574d	45.392822	-71.859413	899.0						2021-10-06T12:24:54	6	10	2021	9113338	9113338	HUMAN_OBSERVATION	iNaturalist	Observations	97356377		llamaboombama	2021-10-06T16:25:10	CC_BY_NC_4_0	llamaboombama	llamaboombama			2025-01-14T12:24:08.537Z	StillImage	COORDINATE_ROUNDED;CONTINENT_DERIVED_FROM_COORDINATES;TAXON_MATCH_TAXON_ID_IGNORED
3398710150	50c9509d-22c7-4a22-a47d-8c48425ef4a7	https://www.inaturalist.org/observations/98409901	Fungi	Basidiomycota	Agaricomycetes	Agaricales	Lyophyllaceae	Hypsizygus	Hypsizygus ulmarius		SPECIES	Hypsizygus ulmarius (Bull.) Redhead	Hypsizygus ulmarius		CA		Québec	PRESENT		28eb1a3f-1c15-4a95-931a-4af90ecb574d	45.511931	-73.564161	16.0						2021-10-16T15:19:22	16	10	2021	9113338	9113338	HUMAN_OBSERVATION	iNaturalist	Observations	98409901		kateglennon	2021-10-16T19:19:47	CC_BY_NC_4_0	kateglennon	kateglennon			2025-01-14T13:11:04.133Z	StillImage	COORDINATE_ROUNDED;CONTINENT_DERIVED_FROM_COORDINATES;TAXON_MATCH_TAXON_ID_IGNORED
3391710592	50c9509d-22c7-4a22-a47d-8c48425ef4a7	https://www.inaturalist.org/observations/97376427	Fungi	Basidiomycota	Agaricomycetes	Agaricales	Lyophyllaceae	Hypsizygus	Hypsizygus ulmarius		SPECIES	Hypsizygus ulmarius (Bull.) Redhead	Hypsizygus ulmarius		CA		Québec	PRESENT		28eb1a3f-1c15-4a95-931a-4af90ecb574d	45.511755	-73.583554	9.0						2021-10-06T15:34:04	6	10	2021	9113338	9113338	HUMAN_OBSERVATION	iNaturalist	Observations	97376427		yiranma2	2021-10-07T16:05:16	CC_BY_NC_4_0	milaboucher	milaboucher			2025-01-14T13:15:22.947Z	StillImage	COORDINATE_ROUNDED;CONTINENT_DERIVED_FROM_COORDINATES;TAXON_MATCH_TAXON_ID_IGNORED
3337810993	50c9509d-22c7-4a22-a47d-8c48425ef4a7	https://www.inaturalist.org/observations/91464142	Fungi	Basidiomycota	Agaricomycetes	Agaricales	Lyophyllaceae	Hypsizygus	Hypsizygus ulmarius		SPECIES	Hypsizygus ulmarius (Bull.) Redhead	Hypsizygus ulmarius		CA		Ontario	PRESENT		28eb1a3f-1c15-4a95-931a-4af90ecb574d	45.236663	-76.218147							2021-08-16T10:27:14	16	8	2021	9113338	9113338	HUMAN_OBSERVATION	iNaturalist	Observations	91464142		fretneck	2021-08-16T22:24:35	CC_BY_NC_4_0	fretneck	fretneck			2025-01-14T12:21:10.855Z	StillImage	COORDINATE_ROUNDED;CONTINENT_DERIVED_FROM_COORDINATES;TAXON_MATCH_TAXON_ID_IGNORED
3321099388	50c9509d-22c7-4a22-a47d-8c48425ef4a7	https://www.inaturalist.org/observations/62139401	Fungi	Basidiomycota	Agaricomycetes	Agaricales	Lyophyllaceae	Hypsizygus	Hypsizygus ulmarius		SPECIES	Hypsizygus ulmarius (Bull.) Redhead	Hypsizygus ulmarius		CA		Québec	PRESENT		28eb1a3f-1c15-4a95-931a-4af90ecb574d	45.441113	-75.754412	12.0						2020-10-09T14:06:13	9	10	2020	9113338	9113338	HUMAN_OBSERVATION	iNaturalist	Observations	62139401		bobtyler	2020-10-09T20:20:34	CC_BY_NC_4_0	bobtyler	bobtyler			2025-01-14T13:09:56.932Z	StillImage	COORDINATE_ROUNDED;CONTINENT_DERIVED_FROM_COORDINATES;TAXON_MATCH_TAXON_ID_IGNORED
3079789658	50c9509d-22c7-4a22-a47d-8c48425ef4a7	https://www.inaturalist.org/observations/35025574	Fungi	Basidiomycota	Agaricomycetes	Agaricales	Lyophyllaceae	Hypsizygus	Hypsizygus ulmarius		SPECIES	Hypsizygus ulmarius (Bull.) Redhead	Hypsizygus ulmarius		CA		Ontario	PRESENT		28eb1a3f-1c15-4a95-931a-4af90ecb574d	45.372786	-75.788819	16.0						2019-10-28T16:00	28	10	2019	9113338	9113338	HUMAN_OBSERVATION	iNaturalist	Observations	35025574		Igor Khomenko	2019-11-01T23:04:23	CC_BY_NC_4_0	Igor Khomenko	Igor Khomenko			2025-01-14T13:05:26.551Z	StillImage	COORDINATE_ROUNDED;CONTINENT_DERIVED_FROM_COORDINATES;TAXON_MATCH_TAXON_ID_IGNORED
3079486698	50c9509d-22c7-4a22-a47d-8c48425ef4a7	https://www.inaturalist.org/observations/35905691	Fungi	Basidiomycota	Agaricomycetes	Agaricales	Lyophyllaceae	Hypsizygus	Hypsizygus ulmarius		SPECIES	Hypsizygus ulmarius (Bull.) Redhead	Hypsizygus ulmarius		CA		Ontario	PRESENT		28eb1a3f-1c15-4a95-931a-4af90ecb574d	45.388325	-75.539786	64.0						2019-11-19T12:26	19	11	2019	9113338	9113338	HUMAN_OBSERVATION	iNaturalist	Observations	35905691		Igor Khomenko	2019-11-21T02:22:52	CC_BY_NC_4_0	Igor Khomenko	Igor Khomenko			2025-01-14T12:09:58.667Z	StillImage	COORDINATE_ROUNDED;CONTINENT_DERIVED_FROM_COORDINATES;TAXON_MATCH_TAXON_ID_IGNORED
2999158524	50c9509d-22c7-4a22-a47d-8c48425ef4a7	https://www.inaturalist.org/observations/63361020	Fungi	Basidiomycota	Agaricomycetes	Agaricales	Lyophyllaceae	Hypsizygus	Hypsizygus ulmarius		SPECIES	Hypsizygus ulmarius (Bull.) Redhead	Hypsizygus ulmarius		CA		Ontario	PRESENT		28eb1a3f-1c15-4a95-931a-4af90ecb574d	45.394951	-75.064226							2020-10-23T18:33	23	10	2020	9113338	9113338	HUMAN_OBSERVATION	iNaturalist	Observations	63361020		Serguei Ponomarenko	2020-10-24T01:53:15	CC_BY_NC_4_0	Serguei Ponomarenko	Serguei Ponomarenko			2025-01-14T12:16:15.744Z	StillImage	COORDINATE_ROUNDED;CONTINENT_DERIVED_FROM_COORDINATES;TAXON_MATCH_TAXON_ID_IGNORED
2988430894	50c9509d-22c7-4a22-a47d-8c48425ef4a7	https://www.inaturalist.org/observations/65534813	Fungi	Basidiomycota	Agaricomycetes	Agaricales	Lyophyllaceae	Hypsizygus	Hypsizygus ulmarius		SPECIES	Hypsizygus ulmarius (Bull.) Redhead	Hypsizygus ulmarius		CA		Québec	PRESENT		28eb1a3f-1c15-4a95-931a-4af90ecb574d	45.777737	-73.677903	24.0						2020-10-31T14:58:24	31	10	2020	9113338	9113338	HUMAN_OBSERVATION	iNaturalist	Observations	65534813		lil_flowa	2020-11-24T16:04:56	CC_BY_NC_4_0	lil_flowa	lil_flowa			2025-01-14T12:15:49.964Z	StillImage	COORDINATE_ROUNDED;CONTINENT_DERIVED_FROM_COORDINATES;TAXON_MATCH_TAXON_ID_IGNORED
2963881735	50c9509d-22c7-4a22-a47d-8c48425ef4a7	https://www.inaturalist.org/observations/63445491	Fungi	Basidiomycota	Agaricomycetes	Agaricales	Lyophyllaceae	Hypsizygus	Hypsizygus ulmarius		SPECIES	Hypsizygus ulmarius (Bull.) Redhead	Hypsizygus ulmarius		CA		Ontario	PRESENT		28eb1a3f-1c15-4a95-931a-4af90ecb574d	45.344328	-75.627068							2020-10-04T10:51:04	4	10	2020	9113338	9113338	HUMAN_OBSERVATION	iNaturalist	Observations	63445491		Joe Bartok	2020-10-25T02:07:14	CC_BY_NC_4_0	staingen	staingen			2025-01-14T12:15:35.804Z	StillImage	COORDINATE_ROUNDED;CONTINENT_DERIVED_FROM_COORDINATES;TAXON_MATCH_TAXON_ID_IGNORED
2901780614	50c9509d-22c7-4a22-a47d-8c48425ef4a7	https://www.inaturalist.org/observations/62471787	Fungi	Basidiomycota	Agaricomycetes	Agaricales	Lyophyllaceae	Hypsizygus	Hypsizygus ulmarius		SPECIES	Hypsizygus ulmarius (Bull.) Redhead	Hypsizygus ulmarius		CA		Ontario	PRESENT		28eb1a3f-1c15-4a95-931a-4af90ecb574d	45.482588	-75.536292	72.0						2020-10-12T16:00:56	12	10	2020	9113338	9113338	HUMAN_OBSERVATION	iNaturalist	Observations	62471787		essinem	2020-10-13T10:06:30	CC_BY_NC_4_0	essinem	essinem			2025-01-14T13:04:45.311Z	StillImage	COORDINATE_ROUNDED;CONTINENT_DERIVED_FROM_COORDINATES;TAXON_MATCH_TAXON_ID_IGNORED
2549997224	50c9509d-22c7-4a22-a47d-8c48425ef4a7	https://www.inaturalist.org/observations/35026838	Fungi	Basidiomycota	Agaricomycetes	Agaricales	Lyophyllaceae	Hypsizygus	Hypsizygus ulmarius		SPECIES	Hypsizygus ulmarius (Bull.) Redhead	Hypsizygus ulmarius		CA		Québec	PRESENT		28eb1a3f-1c15-4a95-931a-4af90ecb574d	45.504433	-75.704789	51821.0						2019-10-28T12:14Z	28	10	2019	9113338	9113338	HUMAN_OBSERVATION	iNaturalist	Observations	35026838		snokio	2019-10-28T22:32:51	CC_BY_NC_4_0	snokio	snokio			2025-01-14T13:04:14.310Z	StillImage	COORDINATE_ROUNDED;CONTINENT_DERIVED_FROM_COORDINATES;TAXON_MATCH_TAXON_ID_IGNORED
2517961695	50c9509d-22c7-4a22-a47d-8c48425ef4a7	https://www.inaturalist.org/observations/34506992	Fungi	Basidiomycota	Agaricomycetes	Agaricales	Lyophyllaceae	Hypsizygus	Hypsizygus ulmarius		SPECIES	Hypsizygus ulmarius (Bull.) Redhead	Hypsizygus ulmarius		CA		Ontario	PRESENT		28eb1a3f-1c15-4a95-931a-4af90ecb574d	45.445822	-75.651528	17.0						2019-09-30T12:51	30	9	2019	9113338	9113338	HUMAN_OBSERVATION	iNaturalist	Observations	34506992		red-panda1	2019-10-17T19:13:07	CC_BY_NC_4_0	red-panda1	red-panda1			2025-01-14T13:00:25.968Z	StillImage	COORDINATE_ROUNDED;CONTINENT_DERIVED_FROM_COORDINATES;TAXON_MATCH_TAXON_ID_IGNORED
2517958012	50c9509d-22c7-4a22-a47d-8c48425ef4a7	https://www.inaturalist.org/observations/33677643	Fungi	Basidiomycota	Agaricomycetes	Agaricales	Lyophyllaceae	Hypsizygus	Hypsizygus ulmarius		SPECIES	Hypsizygus ulmarius (Bull.) Redhead	Hypsizygus ulmarius		CA		Ontario	PRESENT		28eb1a3f-1c15-4a95-931a-4af90ecb574d	45.445943	-75.651639	7.0						2019-09-30T11:43	30	9	2019	9113338	9113338	HUMAN_OBSERVATION	iNaturalist	Observations	33677643		Ethan A.	2019-10-01T00:16:14	CC_BY_NC_4_0	Ethan A.	Ethan A.			2025-01-14T12:09:25.051Z	StillImage	COORDINATE_ROUNDED;CONTINENT_DERIVED_FROM_COORDINATES;TAXON_MATCH_TAXON_ID_IGNORED
2465128839	50c9509d-22c7-4a22-a47d-8c48425ef4a7	https://www.inaturalist.org/observations/33699663	Fungi	Basidiomycota	Agaricomycetes	Agaricales	Lyophyllaceae	Hypsizygus	Hypsizygus ulmarius		SPECIES	Hypsizygus ulmarius (Bull.) Redhead	Hypsizygus ulmarius		CA		Ontario	PRESENT		28eb1a3f-1c15-4a95-931a-4af90ecb574d	45.445849	-75.651658	7.0						2019-09-30T12:50Z	30	9	2019	9113338	9113338	HUMAN_OBSERVATION	iNaturalist	Observations	33699663		snokio	2019-10-01T14:03:29	CC_BY_NC_4_0	snokio	snokio			2025-01-14T13:05:05.042Z	StillImage	COORDINATE_ROUNDED;CONTINENT_DERIVED_FROM_COORDINATES;TAXON_MATCH_TAXON_ID_IGNORED
2460073443	50c9509d-22c7-4a22-a47d-8c48425ef4a7	https://www.inaturalist.org/observations/35205498	Fungi	Basidiomycota	Agaricomycetes	Agaricales	Lyophyllaceae	Hypsizygus	Hypsizygus ulmarius		SPECIES	Hypsizygus ulmarius (Bull.) Redhead	Hypsizygus ulmarius		CA		Ontario	PRESENT		28eb1a3f-1c15-4a95-931a-4af90ecb574d	45.446327	-75.650573	31.0						2019-11-02T10:50	2	11	2019	9113338	9113338	HUMAN_OBSERVATION	iNaturalist	Observations	35205498		Payton Landsborough	2019-11-02T23:02:45	CC_BY_NC_4_0	Mike Leveille	Mike Leveille			2025-01-14T13:00:26.078Z	StillImage	COORDINATE_ROUNDED;CONTINENT_DERIVED_FROM_COORDINATES;TAXON_MATCH_TAXON_ID_IGNORED
2445037735	50c9509d-22c7-4a22-a47d-8c48425ef4a7	https://www.inaturalist.org/observations/34540955	Fungi	Basidiomycota	Agaricomycetes	Agaricales	Lyophyllaceae	Hypsizygus	Hypsizygus ulmarius		SPECIES	Hypsizygus ulmarius (Bull.) Redhead	Hypsizygus ulmarius		CA		Québec	PRESENT		28eb1a3f-1c15-4a95-931a-4af90ecb574d	45.592228	-73.568375							2019-10-18T11:29:27	18	10	2019	9113338	9113338	HUMAN_OBSERVATION	iNaturalist	Observations	34540955		Virginie	2019-10-18T16:17:02	CC_BY_NC_4_0	Virginie	Virginie			2025-01-14T13:04:17.764Z	StillImage	COORDINATE_ROUNDED;CONTINENT_DERIVED_FROM_COORDINATES;TAXON_MATCH_TAXON_ID_IGNORED
2423613360	21705170-d2b6-42de-8904-c3bca4b83591	CMMF020191	Fungi	Basidiomycota	Agaricomycetes	Agaricales	Lyophyllaceae	Hypsizygus	Hypsizygus ulmarius		SPECIES	Pleurotus ulmarius (Bull.) P.Kumm.	Pleurotus ulmarius (Bull.) P. Kumm.	(Bull.) P. Kumm.	CA	Berthierville	Québec	PRESENT		ff7bd5db-b724-4932-b496-10ea298851f9	46.033334	-73.193791	1000.0						1978-10-22	22	10	1978	2530651	9113338	PRESERVED_SPECIMEN	Université de Montréal Biodiversity Centre	CMMF	CMMF020191	X-4.31	Neumann, Peterjurgen		CC0_1_0	Université de Montréal Biodiversity Centre	unknown			2024-01-24T16:38:21.072Z		INSTITUTION_MATCH_FUZZY;COLLECTION_MATCH_FUZZY;DIFFERENT_OWNER_INSTITUTION
2005268685	50c9509d-22c7-4a22-a47d-8c48425ef4a7	https://www.inaturalist.org/observations/17113232	Fungi	Basidiomycota	Agaricomycetes	Agaricales	Lyophyllaceae	Hypsizygus	Hypsizygus ulmarius		SPECIES	Hypsizygus ulmarius (Bull.) Redhead	Hypsizygus ulmarius		CA		Québec	PRESENT		28eb1a3f-1c15-4a95-931a-4af90ecb574d	45.946579	-72.533261	88.0						2018-09-30T11:22:18	30	9	2018	9113338	9113338	HUMAN_OBSERVATION	iNaturalist	Observations	17113232		brandon	2018-10-01T23:11:05	CC_BY_NC_4_0	brandon	brandon			2025-01-14T12:05:55.618Z	StillImage	COORDINATE_ROUNDED;CONTINENT_DERIVED_FROM_COORDINATES;TAXON_MATCH_TAXON_ID_IGNORED
1990302929	032f1fbe-d21f-407d-be46-5cd1bb1ea397	953cceb7-864c-4e8f-a766-408ed1dc9373	Fungi	Basidiomycota	Agaricomycetes	Agaricales	Lyophyllaceae	Hypsizygus	Hypsizygus ulmarius		SPECIES	Pleurotus ulmarius (Bull.) P.Kumm.	Pleurotus ulmarius	(Bull.) P. Kumm.	CA	Upper Dyke, Macdonald's Corner	Nova Scotia	PRESENT		61c539d8-47e0-4b82-875f-b95aad66dcd4	45.106389	-64.655							1953-07-11	11	7	1953	2530651	9113338	PRESERVED_SPECIMEN	TENN-F		TENN-F-029791	KAH5409			CC0_1_0		K.A. Harrison			2025-01-12T10:33:43.676Z		COORDINATE_ROUNDED;GEODETIC_DATUM_ASSUMED_WGS84;CONTINENT_DERIVED_FROM_COORDINATES;TAXON_MATCH_TAXON_ID_IGNORED;INSTITUTION_MATCH_NONE
1807262155	e8a25a42-f125-476c-8554-3ec21cd51a84	ACAD:118902	Fungi	Basidiomycota	Agaricomycetes	Agaricales	Lyophyllaceae	Hypsizygus	Hypsizygus ulmarius		SPECIES	Hypsizygus ulmarius (Bull.) Redhead	Hypsizygus ulmarius (Bull.) Redhead	(Bull.) Redhead	CA	Kentville	Nova Scotia	PRESENT		6491ad8c-8e49-4bd4-a089-0ddb3bbe0890	45.064224	-64.478193							1955-11-08	8	11	1955	9113338	9113338	PRESERVED_SPECIMEN	Acadia University	ACAD	7604F	7604			CC0_1_0	Acadia University	Harrison, KA			2024-01-25T01:37:12.731Z	StillImage	GEODETIC_DATUM_INVALID;GEODETIC_DATUM_ASSUMED_WGS84;TAXON_MATCH_TAXON_ID_IGNORED;INSTITUTION_MATCH_FUZZY;COLLECTION_MATCH_FUZZY
1807260247	e8a25a42-f125-476c-8554-3ec21cd51a84	ACAD:117141	Fungi	Basidiomycota	Agaricomycetes	Agaricales	Lyophyllaceae	Hypsizygus	Hypsizygus ulmarius		SPECIES	Hypsizygus ulmarius (Bull.) Redhead	Hypsizygus ulmarius (Bull.) Redhead	(Bull.) Redhead	CA	Upper Dyke	Nova Scotia	PRESENT		6491ad8c-8e49-4bd4-a089-0ddb3bbe0890	45.112225	-64.474825							1953-11-07	7	11	1953	9113338	9113338	PRESERVED_SPECIMEN	Acadia University	ACAD	5409F	5409	H, KA		CC0_1_0	Acadia University	Harrison, KA			2024-01-25T01:37:12.322Z	StillImage	COORDINATE_ROUNDED;GEODETIC_DATUM_INVALID;GEODETIC_DATUM_ASSUMED_WGS84;TAXON_MATCH_TAXON_ID_IGNORED;INSTITUTION_MATCH_FUZZY;COLLECTION_MATCH_FUZZY
1807256397	e8a25a42-f125-476c-8554-3ec21cd51a84	ACAD:112949	Fungi	Basidiomycota	Agaricomycetes	Agaricales	Lyophyllaceae	Hypsizygus	Hypsizygus ulmarius		SPECIES	Hypsizygus ulmarius (Bull.) Redhead	Hypsizygus ulmarius (Bull.) Redhead	(Bull.) Redhead	CA	Coldbrook	Nova Scotia	PRESENT		6491ad8c-8e49-4bd4-a089-0ddb3bbe0890	45.06325	-64.58638							1932-10-14	14	10	1932	9113338	9113338	PRESERVED_SPECIMEN	Acadia University	ACAD	459F	459			CC0_1_0	Acadia University	H, KA			2024-01-25T01:37:11.651Z	StillImage	GEODETIC_DATUM_INVALID;GEODETIC_DATUM_ASSUMED_WGS84;TAXON_MATCH_TAXON_ID_IGNORED;INSTITUTION_MATCH_FUZZY;COLLECTION_MATCH_FUZZY
1412708898	21705170-d2b6-42de-8904-c3bca4b83591	CMMF017306	Fungi	Basidiomycota	Agaricomycetes	Agaricales	Lyophyllaceae	Hypsizygus	Hypsizygus ulmarius		SPECIES	Pleurotus ulmarius (Bull.) P.Kumm.	Pleurotus ulmarius (Bull.) P. Kumm.	(Bull.) P. Kumm.	CA	Arboretum Morgan, Québec.	Québec	PRESENT		ff7bd5db-b724-4932-b496-10ea298851f9	45.43	-73.946667	2500.0						1981-07-13	13	7	1981	2530651	9113338	PRESERVED_SPECIMEN	Université de Montréal Biodiversity Centre	CMMF	CMMF017306	1981-101	Cyr, A.		CC0_1_0	Université de Montréal Biodiversity Centre	Cyr, A.			2024-01-24T16:38:15.636Z		COORDINATE_ROUNDED;INSTITUTION_MATCH_FUZZY;COLLECTION_MATCH_FUZZY;DIFFERENT_OWNER_INSTITUTION
1412703557	21705170-d2b6-42de-8904-c3bca4b83591	CMMF012437	Fungi	Basidiomycota	Agaricomycetes	Agaricales	Lyophyllaceae	Hypsizygus	Hypsizygus ulmarius		SPECIES	Pleurotus ulmarius (Bull.) P.Kumm.	Pleurotus ulmarius (Bull.) P. Kumm.	(Bull.) P. Kumm.	CA	Granby, Québec.	Québec	PRESENT		ff7bd5db-b724-4932-b496-10ea298851f9	45.4	-72.733333	5000.0						1946-09-15	15	9	1946	2530651	9113338	PRESERVED_SPECIMEN	Université de Montréal Biodiversity Centre	CMMF	CMMF012437	596	Groves, J.W.		CC0_1_0	Université de Montréal Biodiversity Centre	Fabius, Fr.			2024-01-24T16:38:19.977Z		INSTITUTION_MATCH_FUZZY;COLLECTION_MATCH_FUZZY;DIFFERENT_OWNER_INSTITUTION
1135068737	21705170-d2b6-42de-8904-c3bca4b83591	CMMF007260	Fungi	Basidiomycota	Agaricomycetes	Agaricales	Lyophyllaceae	Hypsizygus	Hypsizygus ulmarius		SPECIES	Hypsizygus ulmarius (Bull.) Redhead	Hypsizygus ulmarius (Bull.) Redhead	(Bull.) Redhead	CA	St-Canut	Québec	PRESENT		ff7bd5db-b724-4932-b496-10ea298851f9	45.7001	-74.09015	100.0						1981-09-19	19	9	1981	9113338	9113338	PRESERVED_SPECIMEN	Université de Montréal Biodiversity Centre	CMMF	CMMF007260	1328	McNeil, Raymond		CC0_1_0	Université de Montréal Biodiversity Centre	McNeil, Raymond			2024-01-24T16:38:21.245Z	StillImage	INSTITUTION_MATCH_FUZZY;COLLECTION_MATCH_FUZZY;DIFFERENT_OWNER_INSTITUTION
