gbifID	datasetKey	occurrenceID	kingdom	phylum	class	order	family	genus	species	infraspecificEpithet	taxonRank	scientificName	verbatimScientificName	verbatimScientificNameAuthorship	countryCode	locality	stateProvince	occurrenceStatus	individualCount	publishingOrgKey	decimalLatitude	decimalLongitude	coordinateUncertaintyInMeters	coordinatePrecision	elevation	elevationAccuracy	depth	depthAccuracy	eventDate	day	month	year	taxonKey	speciesKey	basisOfRecord	institutionCode	collectionCode	catalogNumber	recordNumber	identifiedBy	dateIdentified	license	rightsHolder	recordedBy	typeStatus	establishmentMeans	lastInterpreted	mediaType	issue
617555369	21705170-d2b6-42de-8904-c3bca4b83591	CMMF000775	Fungi	Basidiomycota	Agaricomycetes	Agaricales	Marasmiaceae	Pleurocybella	Pleurocybella porrigens		SPECIES	Pleurocybella porrigens (Pers.) Singer	Pleurocybella porrigens (Pers.) Singer	(Pers.) Singer	CA	Saint-Côme	Québec	PRESENT		ff7bd5db-b724-4932-b496-10ea298851f9	46.269761	-73.774867	15000.0						1989-09-16	16	9	1989	2538000	2538000	PRESERVED_SPECIMEN	Université de Montréal Biodiversity Centre	CMMF	CMMF000775		Farnesi, Carlo		CC0_1_0	Université de Montréal Biodiversity Centre	Farnesi, Carlo			2024-01-24T16:38:20.220Z	StillImage	INSTITUTION_MATCH_FUZZY;COLLECTION_MATCH_FUZZY;DIFFERENT_OWNER_INSTITUTION
617553236	21705170-d2b6-42de-8904-c3bca4b83591	CMMF003511	Fungi	Basidiomycota	Agaricomycetes	Agaricales	Marasmiaceae	Pleurocybella	Pleurocybella porrigens		SPECIES	Pleurocybella porrigens (Pers.) Singer	Pleurocybella porrigens (Pers.) Singer	(Pers.) Singer	CA	Rawdon	Québec	PRESENT		ff7bd5db-b724-4932-b496-10ea298851f9	46.052398	-73.748752	11000.0						2000-09-17	17	9	2000	2538000	2538000	PRESERVED_SPECIMEN	Université de Montréal Biodiversity Centre	CMMF	CMMF003511		Lamoureux, Yves		CC0_1_0	Université de Montréal Biodiversity Centre	Lamoureux, Yves			2024-01-24T16:38:16.232Z	StillImage	INSTITUTION_MATCH_FUZZY;COLLECTION_MATCH_FUZZY;DIFFERENT_OWNER_INSTITUTION
5007345872	50c9509d-22c7-4a22-a47d-8c48425ef4a7	https://www.inaturalist.org/observations/244065015	Fungi	Basidiomycota	Agaricomycetes	Agaricales	Marasmiaceae	Pleurocybella	Pleurocybella porrigens		SPECIES	Pleurocybella porrigens (Pers.) Singer	Pleurocybella porrigens		CA		New Brunswick	PRESENT		28eb1a3f-1c15-4a95-931a-4af90ecb574d	46.80557	-64.908988	11.0						2024-09-23T18:11:16	23	9	2024	2538000	2538000	HUMAN_OBSERVATION	iNaturalist	Observations	244065015		Aaron Clausen	2024-09-26T00:49:49	CC_BY_NC_4_0	Aaron Clausen	Aaron Clausen			2025-01-14T12:54:12.320Z	StillImage	COORDINATE_ROUNDED;CONTINENT_DERIVED_FROM_COORDINATES;TAXON_MATCH_TAXON_ID_IGNORED
4993976860	50c9509d-22c7-4a22-a47d-8c48425ef4a7	https://www.inaturalist.org/observations/80677160	Fungi	Basidiomycota	Agaricomycetes	Agaricales	Marasmiaceae	Pleurocybella	Pleurocybella porrigens		SPECIES	Pleurocybella porrigens (Pers.) Singer	Pleurocybella porrigens		CA		New Brunswick	PRESENT		28eb1a3f-1c15-4a95-931a-4af90ecb574d	46.206209	-67.314972	100.0						2015-09-25T00:15:54	25	9	2015	2538000	2538000	HUMAN_OBSERVATION	iNaturalist	Observations	80677160		cinna_latifolia	2021-05-29T05:18:01	CC_BY_NC_4_0	Owen Clarkin	Owen Clarkin			2025-01-14T13:12:40.357Z	StillImage	CONTINENT_DERIVED_FROM_COORDINATES;TAXON_MATCH_TAXON_ID_IGNORED
4973807116	50c9509d-22c7-4a22-a47d-8c48425ef4a7	https://www.inaturalist.org/observations/248454948	Fungi	Basidiomycota	Agaricomycetes	Agaricales	Marasmiaceae	Pleurocybella	Pleurocybella porrigens		SPECIES	Pleurocybella porrigens (Pers.) Singer	Pleurocybella porrigens		CA		Québec	PRESENT		28eb1a3f-1c15-4a95-931a-4af90ecb574d	45.199185	-72.353802							2024-09-17T12:09:39	17	9	2024	2538000	2538000	HUMAN_OBSERVATION	iNaturalist	Observations	248454948		laurianne-rouleau	2024-10-21T14:49:36	CC_BY_NC_4_0	laurianne-rouleau	laurianne-rouleau			2025-01-14T12:54:32.869Z	StillImage	COORDINATE_ROUNDED;CONTINENT_DERIVED_FROM_COORDINATES;TAXON_MATCH_TAXON_ID_IGNORED
4953076718	50c9509d-22c7-4a22-a47d-8c48425ef4a7	https://www.inaturalist.org/observations/244960846	Fungi	Basidiomycota	Agaricomycetes	Agaricales	Marasmiaceae	Pleurocybella	Pleurocybella porrigens		SPECIES	Pleurocybella porrigens (Pers.) Singer	Pleurocybella porrigens		CA		New Brunswick	PRESENT		28eb1a3f-1c15-4a95-931a-4af90ecb574d	45.780594	-66.661459	8.0						2024-09-30T17:15:04	30	9	2024	2538000	2538000	HUMAN_OBSERVATION	iNaturalist	Observations	244960846		billgregg506	2024-09-30T20:20:22	CC_BY_NC_4_0	billgregg506	billgregg506			2025-01-14T12:54:39.715Z	StillImage	COORDINATE_ROUNDED;CONTINENT_DERIVED_FROM_COORDINATES;TAXON_MATCH_TAXON_ID_IGNORED
4953018098	50c9509d-22c7-4a22-a47d-8c48425ef4a7	https://www.inaturalist.org/observations/245814720	Fungi	Basidiomycota	Agaricomycetes	Agaricales	Marasmiaceae	Pleurocybella	Pleurocybella porrigens		SPECIES	Pleurocybella porrigens (Pers.) Singer	Pleurocybella porrigens		CA		Prince Edward Island	PRESENT		28eb1a3f-1c15-4a95-931a-4af90ecb574d	46.747097	-64.357809	2384.0						2024-10-05T16:27:37	5	10	2024	2538000	2538000	HUMAN_OBSERVATION	iNaturalist	Observations	245814720		herexton	2024-10-05T20:29:37	CC_BY_NC_4_0	herexton	herexton			2025-01-14T13:41:03.373Z	StillImage	COORDINATE_ROUNDED;CONTINENT_DERIVED_FROM_COORDINATES;TAXON_MATCH_TAXON_ID_IGNORED
4952869604	50c9509d-22c7-4a22-a47d-8c48425ef4a7	https://www.inaturalist.org/observations/244743961	Fungi	Basidiomycota	Agaricomycetes	Agaricales	Marasmiaceae	Pleurocybella	Pleurocybella porrigens		SPECIES	Pleurocybella porrigens (Pers.) Singer	Pleurocybella porrigens		CA		New Brunswick	PRESENT		28eb1a3f-1c15-4a95-931a-4af90ecb574d	45.89279	-66.623222	27095.0						2024-09-29T14:55:28	29	9	2024	2538000	2538000	HUMAN_OBSERVATION	iNaturalist	Observations	244743961		Eric Knopf	2024-09-29T17:56:24	CC_BY_NC_4_0	Eric Knopf	Eric Knopf			2025-01-14T12:54:41.338Z	StillImage	COORDINATE_ROUNDED;CONTINENT_DERIVED_FROM_COORDINATES;TAXON_MATCH_TAXON_ID_IGNORED
4952652605	50c9509d-22c7-4a22-a47d-8c48425ef4a7	https://www.inaturalist.org/observations/243889793	Fungi	Basidiomycota	Agaricomycetes	Agaricales	Marasmiaceae	Pleurocybella	Pleurocybella porrigens		SPECIES	Pleurocybella porrigens (Pers.) Singer	Pleurocybella porrigens		CA		Québec	PRESENT		28eb1a3f-1c15-4a95-931a-4af90ecb574d	46.741411	-71.396969	10.0						2024-09-18T17:12:34	18	9	2024	2538000	2538000	HUMAN_OBSERVATION	iNaturalist	Observations	243889793		Camille Boucher	2024-09-25T00:27:09	CC_BY_NC_4_0	Camille Boucher	Camille Boucher			2025-01-14T13:43:31.633Z	StillImage	COORDINATE_ROUNDED;CONTINENT_DERIVED_FROM_COORDINATES;TAXON_MATCH_TAXON_ID_IGNORED
4952303569	50c9509d-22c7-4a22-a47d-8c48425ef4a7	https://www.inaturalist.org/observations/245009138	Fungi	Basidiomycota	Agaricomycetes	Agaricales	Marasmiaceae	Pleurocybella	Pleurocybella porrigens		SPECIES	Pleurocybella porrigens (Pers.) Singer	Pleurocybella porrigens		CA		Québec	PRESENT		28eb1a3f-1c15-4a95-931a-4af90ecb574d	45.872811	-76.4339	501.0						2024-09-29T13:38	29	9	2024	2538000	2538000	HUMAN_OBSERVATION	iNaturalist	Observations	245009138		L Joan Heyding	2024-10-01T02:18:56	CC_BY_NC_4_0	L Joan Heyding	L Joan Heyding			2025-01-14T13:37:49.361Z	StillImage	COORDINATE_ROUNDED;CONTINENT_DERIVED_FROM_COORDINATES;TAXON_MATCH_TAXON_ID_IGNORED
4952270162	50c9509d-22c7-4a22-a47d-8c48425ef4a7	https://www.inaturalist.org/observations/246029507	Fungi	Basidiomycota	Agaricomycetes	Agaricales	Marasmiaceae	Pleurocybella	Pleurocybella porrigens		SPECIES	Pleurocybella porrigens (Pers.) Singer	Pleurocybella porrigens		CA		Québec	PRESENT		28eb1a3f-1c15-4a95-931a-4af90ecb574d	46.085497	-73.946431	415.0						2024-10-06T16:09:13	6	10	2024	2538000	2538000	HUMAN_OBSERVATION	iNaturalist	Observations	246029507		lelfe	2024-10-06T20:58:47	CC_BY_NC_4_0	lelfe	lelfe			2025-01-14T13:40:31.521Z	StillImage	COORDINATE_ROUNDED;CONTINENT_DERIVED_FROM_COORDINATES;TAXON_MATCH_TAXON_ID_IGNORED
4952223080	50c9509d-22c7-4a22-a47d-8c48425ef4a7	https://www.inaturalist.org/observations/244160480	Fungi	Basidiomycota	Agaricomycetes	Agaricales	Marasmiaceae	Pleurocybella	Pleurocybella porrigens		SPECIES	Pleurocybella porrigens (Pers.) Singer	Pleurocybella porrigens		CA		Québec	PRESENT		28eb1a3f-1c15-4a95-931a-4af90ecb574d	46.086524	-73.945103	476.0						2024-09-26T11:15:32	26	9	2024	2538000	2538000	HUMAN_OBSERVATION	iNaturalist	Observations	244160480		lelfe	2024-09-26T17:05:45	CC_BY_NC_4_0	lelfe	lelfe			2025-01-14T14:17:19.679Z	StillImage	COORDINATE_ROUNDED;CONTINENT_DERIVED_FROM_COORDINATES;TAXON_MATCH_TAXON_ID_IGNORED
4950001096	50c9509d-22c7-4a22-a47d-8c48425ef4a7	https://www.inaturalist.org/observations/243299738	Fungi	Basidiomycota	Agaricomycetes	Agaricales	Marasmiaceae	Pleurocybella	Pleurocybella porrigens		SPECIES	Pleurocybella porrigens (Pers.) Singer	Pleurocybella porrigens		CA		Québec	PRESENT		28eb1a3f-1c15-4a95-931a-4af90ecb574d	45.888949	-71.492997							2024-09-21T10:56:32	21	9	2024	2538000	2538000	HUMAN_OBSERVATION	iNaturalist	Observations	243299738		egrenier	2024-09-22T10:24:56	CC_BY_NC_4_0	egrenier	egrenier			2025-01-14T12:51:54.352Z	StillImage	COORDINATE_ROUNDED;CONTINENT_DERIVED_FROM_COORDINATES;TAXON_MATCH_TAXON_ID_IGNORED
4901409833	50c9509d-22c7-4a22-a47d-8c48425ef4a7	https://www.inaturalist.org/observations/188683057	Fungi	Basidiomycota	Agaricomycetes	Agaricales	Marasmiaceae	Pleurocybella	Pleurocybella porrigens		SPECIES	Pleurocybella porrigens (Pers.) Singer	Pleurocybella porrigens		CA		New Brunswick	PRESENT		28eb1a3f-1c15-4a95-931a-4af90ecb574d	45.161433	-66.224494	200.0						2023-10-14T11:48	14	10	2023	2538000	2538000	HUMAN_OBSERVATION	iNaturalist	Observations	188683057		Alfredo Justo	2023-10-23T17:31:35	CC_BY_NC_4_0	Alfredo Justo	Alfredo Justo			2025-01-14T13:34:57.033Z	StillImage	COORDINATE_ROUNDED;CONTINENT_DERIVED_FROM_COORDINATES;TAXON_MATCH_TAXON_ID_IGNORED
4606902523	50c9509d-22c7-4a22-a47d-8c48425ef4a7	https://www.inaturalist.org/observations/59339144	Fungi	Basidiomycota	Agaricomycetes	Agaricales	Marasmiaceae	Pleurocybella	Pleurocybella porrigens		SPECIES	Pleurocybella porrigens (Pers.) Singer	Pleurocybella porrigens		CA		Québec	PRESENT		28eb1a3f-1c15-4a95-931a-4af90ecb574d	45.753681	-72.574403	76402.0						2020-09-12T13:13:44	12	9	2020	2538000	2538000	HUMAN_OBSERVATION	iNaturalist	Observations	59339144		cinna_latifolia	2021-02-03T18:02:18	CC_BY_NC_4_0	Denis Tétreault	Denis Tétreault			2025-01-14T13:12:48.610Z	StillImage	COORDINATE_ROUNDED;CONTINENT_DERIVED_FROM_COORDINATES;TAXON_MATCH_TAXON_ID_IGNORED
4597498958	50c9509d-22c7-4a22-a47d-8c48425ef4a7	https://www.inaturalist.org/observations/202464951	Fungi	Basidiomycota	Agaricomycetes	Agaricales	Marasmiaceae	Pleurocybella	Pleurocybella porrigens		SPECIES	Pleurocybella porrigens (Pers.) Singer	Pleurocybella porrigens		CA		Québec	PRESENT		28eb1a3f-1c15-4a95-931a-4af90ecb574d	47.210876	-71.396943	116.0						2023-10-19T13:06:32	19	10	2023	2538000	2538000	HUMAN_OBSERVATION	iNaturalist	Observations	202464951		Antoine Lantin	2024-03-14T23:10:01	CC_BY_NC_4_0	Antoine Lantin	Antoine Lantin			2025-01-14T12:44:32.932Z	StillImage	COORDINATE_ROUNDED;CONTINENT_DERIVED_FROM_COORDINATES;TAXON_MATCH_TAXON_ID_IGNORED
4596862513	50c9509d-22c7-4a22-a47d-8c48425ef4a7	https://www.inaturalist.org/observations/193085517	Fungi	Basidiomycota	Agaricomycetes	Agaricales	Marasmiaceae	Pleurocybella	Pleurocybella porrigens		SPECIES	Pleurocybella porrigens (Pers.) Singer	Pleurocybella porrigens		CA		Québec	PRESENT		28eb1a3f-1c15-4a95-931a-4af90ecb574d	46.930237	-71.449002	26935.0						2023-09-23T14:16:46	23	9	2023	2538000	2538000	HUMAN_OBSERVATION	iNaturalist	Observations	193085517		William Van Hemessen	2023-12-05T12:02:37	CC_BY_NC_4_0	Alex Wittemeier	Alex Wittemeier			2025-01-14T13:30:36.672Z	StillImage	COORDINATE_ROUNDED;CONTINENT_DERIVED_FROM_COORDINATES;TAXON_MATCH_TAXON_ID_IGNORED
4596824566	50c9509d-22c7-4a22-a47d-8c48425ef4a7	https://www.inaturalist.org/observations/193380013	Fungi	Basidiomycota	Agaricomycetes	Agaricales	Marasmiaceae	Pleurocybella	Pleurocybella porrigens		SPECIES	Pleurocybella porrigens (Pers.) Singer	Pleurocybella porrigens		CA		Québec	PRESENT		28eb1a3f-1c15-4a95-931a-4af90ecb574d	46.910594	-71.214351	15.0						2023-10-02	2	10	2023	2538000	2538000	HUMAN_OBSERVATION	iNaturalist	Observations	193380013		Christian Grenier	2023-12-08T13:08:23	CC_BY_NC_4_0	Christian Grenier	Christian Grenier			2025-01-14T13:28:54.023Z	StillImage	COORDINATE_ROUNDED;CONTINENT_DERIVED_FROM_COORDINATES;TAXON_MATCH_TAXON_ID_IGNORED
4518950518	50c9509d-22c7-4a22-a47d-8c48425ef4a7	https://www.inaturalist.org/observations/102960046	Fungi	Basidiomycota	Agaricomycetes	Agaricales	Marasmiaceae	Pleurocybella	Pleurocybella porrigens		SPECIES	Pleurocybella porrigens (Pers.) Singer	Pleurocybella porrigens		CA		New Brunswick	PRESENT		28eb1a3f-1c15-4a95-931a-4af90ecb574d	46.338351	-64.658862	122.0						2021-09-29T13:48	29	9	2021	2538000	2538000	HUMAN_OBSERVATION	iNaturalist	Observations	102960046		Stuart Tingley	2021-12-12T23:22:54	CC_BY_NC_4_0	Stuart Tingley	Stuart Tingley			2025-01-14T13:16:48.751Z	StillImage	COORDINATE_ROUNDED;CONTINENT_DERIVED_FROM_COORDINATES;TAXON_MATCH_TAXON_ID_IGNORED
4458417161	50c9509d-22c7-4a22-a47d-8c48425ef4a7	https://www.inaturalist.org/observations/192688148	Fungi	Basidiomycota	Agaricomycetes	Agaricales	Marasmiaceae	Pleurocybella	Pleurocybella porrigens		SPECIES	Pleurocybella porrigens (Pers.) Singer	Pleurocybella porrigens		CA		New Brunswick	PRESENT		28eb1a3f-1c15-4a95-931a-4af90ecb574d	46.76928	-64.956428	9260.0						2023-09-26T13:01:40	26	9	2023	2538000	2538000	HUMAN_OBSERVATION	iNaturalist	Observations	192688148		Neva Greig	2023-12-01T02:31:50	CC_BY_NC_4_0	Neva Greig	Neva Greig			2025-01-14T13:34:32.189Z	StillImage	COORDINATE_ROUNDED;CONTINENT_DERIVED_FROM_COORDINATES;TAXON_MATCH_TAXON_ID_IGNORED
4453850097	50c9509d-22c7-4a22-a47d-8c48425ef4a7	https://www.inaturalist.org/observations/185464787	Fungi	Basidiomycota	Agaricomycetes	Agaricales	Marasmiaceae	Pleurocybella	Pleurocybella porrigens		SPECIES	Pleurocybella porrigens (Pers.) Singer	Pleurocybella porrigens		CA		Québec	PRESENT		28eb1a3f-1c15-4a95-931a-4af90ecb574d	45.483669	-71.209878	32.0						2023-09-23T10:20	23	9	2023	2538000	2538000	HUMAN_OBSERVATION	iNaturalist	Observations	185464787		gabboilard	2023-09-29T18:55:07	CC_BY_NC_4_0	gabboilard	gabboilard			2025-01-14T12:44:14.256Z	StillImage	COORDINATE_ROUNDED;CONTINENT_DERIVED_FROM_COORDINATES;TAXON_MATCH_TAXON_ID_IGNORED
4442616938	50c9509d-22c7-4a22-a47d-8c48425ef4a7	https://www.inaturalist.org/observations/186435517	Fungi	Basidiomycota	Agaricomycetes	Agaricales	Marasmiaceae	Pleurocybella	Pleurocybella porrigens		SPECIES	Pleurocybella porrigens (Pers.) Singer	Pleurocybella porrigens		CA		New Brunswick	PRESENT		28eb1a3f-1c15-4a95-931a-4af90ecb574d	46.805866	-64.90883	83.0						2023-10-01T13:16:42	1	10	2023	2538000	2538000	HUMAN_OBSERVATION	iNaturalist	Observations	186435517		michaellynch	2023-10-06T18:15:59	CC_BY_NC_4_0	michaellynch	michaellynch			2025-01-14T13:34:35.843Z	StillImage	COORDINATE_ROUNDED;CONTINENT_DERIVED_FROM_COORDINATES;TAXON_MATCH_TAXON_ID_IGNORED
4438995341	50c9509d-22c7-4a22-a47d-8c48425ef4a7	https://www.inaturalist.org/observations/189345375	Fungi	Basidiomycota	Agaricomycetes	Agaricales	Marasmiaceae	Pleurocybella	Pleurocybella porrigens		SPECIES	Pleurocybella porrigens (Pers.) Singer	Pleurocybella porrigens		CA		Nova Scotia	PRESENT		28eb1a3f-1c15-4a95-931a-4af90ecb574d	45.061386	-64.425863	3.0						2023-10-27T18:24:01	27	10	2023	2538000	2538000	HUMAN_OBSERVATION	iNaturalist	Observations	189345375		kremme	2023-10-29T13:22:00	CC_BY_NC_4_0	kremme	kremme			2025-01-14T12:42:59.225Z	StillImage	COORDINATE_ROUNDED;CONTINENT_DERIVED_FROM_COORDINATES;TAXON_MATCH_TAXON_ID_IGNORED
4431101246	50c9509d-22c7-4a22-a47d-8c48425ef4a7	https://www.inaturalist.org/observations/187939758	Fungi	Basidiomycota	Agaricomycetes	Agaricales	Marasmiaceae	Pleurocybella	Pleurocybella porrigens		SPECIES	Pleurocybella porrigens (Pers.) Singer	Pleurocybella porrigens		CA		Nova Scotia	PRESENT		28eb1a3f-1c15-4a95-931a-4af90ecb574d	45.064931	-64.475372	4.0						2023-10-17T14:39:35	17	10	2023	2538000	2538000	HUMAN_OBSERVATION	iNaturalist	Observations	187939758		gabboilard	2023-10-17T20:05:18	CC_BY_NC_4_0	georgia_n	georgia_n			2025-01-14T13:32:51.660Z	StillImage	COORDINATE_ROUNDED;CONTINENT_DERIVED_FROM_COORDINATES;TAXON_MATCH_TAXON_ID_IGNORED
4430663898	50c9509d-22c7-4a22-a47d-8c48425ef4a7	https://www.inaturalist.org/observations/187803527	Fungi	Basidiomycota	Agaricomycetes	Agaricales	Marasmiaceae	Pleurocybella	Pleurocybella porrigens		SPECIES	Pleurocybella porrigens (Pers.) Singer	Pleurocybella porrigens		CA		New Brunswick	PRESENT		28eb1a3f-1c15-4a95-931a-4af90ecb574d	45.607822	-67.444518	122.0						2023-10-13T11:12	13	10	2023	2538000	2538000	HUMAN_OBSERVATION	iNaturalist	Observations	187803527		Alfredo Justo	2023-10-16T17:56:01	CC_BY_NC_4_0	Alfredo Justo	Alfredo Justo			2025-01-14T13:34:11.863Z	StillImage	COORDINATE_ROUNDED;CONTINENT_DERIVED_FROM_COORDINATES;TAXON_MATCH_TAXON_ID_IGNORED
4421130729	50c9509d-22c7-4a22-a47d-8c48425ef4a7	https://www.inaturalist.org/observations/185934093	Fungi	Basidiomycota	Agaricomycetes	Agaricales	Marasmiaceae	Pleurocybella	Pleurocybella porrigens		SPECIES	Pleurocybella porrigens (Pers.) Singer	Pleurocybella porrigens		CA		Québec	PRESENT		28eb1a3f-1c15-4a95-931a-4af90ecb574d	45.872811	-76.4339	501.0						2023-09-28T12:10	28	9	2023	2538000	2538000	HUMAN_OBSERVATION	iNaturalist	Observations	185934093		L Joan Heyding	2023-10-02T18:20:24	CC_BY_NC_4_0	L Joan Heyding	L Joan Heyding			2025-01-14T12:40:04.425Z	StillImage	COORDINATE_ROUNDED;CONTINENT_DERIVED_FROM_COORDINATES;TAXON_MATCH_TAXON_ID_IGNORED
4420938525	50c9509d-22c7-4a22-a47d-8c48425ef4a7	https://www.inaturalist.org/observations/184925053	Fungi	Basidiomycota	Agaricomycetes	Agaricales	Marasmiaceae	Pleurocybella	Pleurocybella porrigens		SPECIES	Pleurocybella porrigens (Pers.) Singer	Pleurocybella porrigens		CA		New Brunswick	PRESENT		28eb1a3f-1c15-4a95-931a-4af90ecb574d	45.959836	-66.666023							2023-09-25T16:34:52	25	9	2023	2538000	2538000	HUMAN_OBSERVATION	iNaturalist	Observations	184925053		Andrew MacPherson	2023-09-25T21:25:21	CC0_1_0	Andrew MacPherson	Andrew MacPherson			2025-01-14T13:28:03.716Z	StillImage	COORDINATE_ROUNDED;CONTINENT_DERIVED_FROM_COORDINATES;TAXON_MATCH_TAXON_ID_IGNORED
4414304313	50c9509d-22c7-4a22-a47d-8c48425ef4a7	https://www.inaturalist.org/observations/183596426	Fungi	Basidiomycota	Agaricomycetes	Agaricales	Marasmiaceae	Pleurocybella	Pleurocybella porrigens		SPECIES	Pleurocybella porrigens (Pers.) Singer	Pleurocybella porrigens		CA		Québec	PRESENT		28eb1a3f-1c15-4a95-931a-4af90ecb574d	48.731686	-65.048228							2023-09-16T10:39:28	16	9	2023	2538000	2538000	HUMAN_OBSERVATION	iNaturalist	Observations	183596426		Nicolas Chapotard	2023-09-17T00:47:30	CC_BY_NC_4_0	Nicolas Chapotard	Nicolas Chapotard			2025-01-14T12:39:53.272Z	StillImage	COORDINATE_ROUNDED;CONTINENT_DERIVED_FROM_COORDINATES;TAXON_MATCH_TAXON_ID_IGNORED
4414275491	50c9509d-22c7-4a22-a47d-8c48425ef4a7	https://www.inaturalist.org/observations/183234745	Fungi	Basidiomycota	Agaricomycetes	Agaricales	Marasmiaceae	Pleurocybella	Pleurocybella porrigens		SPECIES	Pleurocybella porrigens (Pers.) Singer	Pleurocybella porrigens		CA		Québec	PRESENT		28eb1a3f-1c15-4a95-931a-4af90ecb574d	48.065556	-77.887656	48.0						2023-09-14T11:02:28	14	9	2023	2538000	2538000	HUMAN_OBSERVATION	iNaturalist	Observations	183234745		Antoine Fortin	2023-09-14T18:06:32	CC_BY_NC_4_0	Jonathan Gagnon	Jonathan Gagnon			2025-01-14T12:44:07.367Z	StillImage	COORDINATE_ROUNDED;CONTINENT_DERIVED_FROM_COORDINATES;TAXON_MATCH_TAXON_ID_IGNORED
4414266330	50c9509d-22c7-4a22-a47d-8c48425ef4a7	https://www.inaturalist.org/observations/183421373	Fungi	Basidiomycota	Agaricomycetes	Agaricales	Marasmiaceae	Pleurocybella	Pleurocybella porrigens		SPECIES	Pleurocybella porrigens (Pers.) Singer	Pleurocybella porrigens		CA		Québec	PRESENT		28eb1a3f-1c15-4a95-931a-4af90ecb574d	45.441593	-72.664291	1584.0						2023-09-09T12:57	9	9	2023	2538000	2538000	HUMAN_OBSERVATION	iNaturalist	Observations	183421373		Antoine Fortin	2023-09-16T19:48:34	CC_BY_NC_4_0	michelcournoyer	michelcournoyer			2025-01-14T12:41:16.117Z	StillImage	COORDINATE_ROUNDED;CONTINENT_DERIVED_FROM_COORDINATES;TAXON_MATCH_TAXON_ID_IGNORED
4414016087	50c9509d-22c7-4a22-a47d-8c48425ef4a7	https://www.inaturalist.org/observations/183020060	Fungi	Basidiomycota	Agaricomycetes	Agaricales	Marasmiaceae	Pleurocybella	Pleurocybella porrigens		SPECIES	Pleurocybella porrigens (Pers.) Singer	Pleurocybella porrigens		CA		Québec	PRESENT		28eb1a3f-1c15-4a95-931a-4af90ecb574d	48.60915	-70.830537	4.0						2023-09-04T13:11:40	4	9	2023	2538000	2538000	HUMAN_OBSERVATION	iNaturalist	Observations	183020060		ricomycologie	2023-09-13T00:25:45	CC_BY_NC_4_0	ricomycologie	ricomycologie			2025-01-14T13:32:23.876Z	StillImage	COORDINATE_ROUNDED;CONTINENT_DERIVED_FROM_COORDINATES;TAXON_MATCH_TAXON_ID_IGNORED
4413963209	50c9509d-22c7-4a22-a47d-8c48425ef4a7	https://www.inaturalist.org/observations/182537237	Fungi	Basidiomycota	Agaricomycetes	Agaricales	Marasmiaceae	Pleurocybella	Pleurocybella porrigens		SPECIES	Pleurocybella porrigens (Pers.) Singer	Pleurocybella porrigens		CA		New Brunswick	PRESENT		28eb1a3f-1c15-4a95-931a-4af90ecb574d	45.997672	-64.08928	61.0						2022-10-20T15:51:04	20	10	2022	2538000	2538000	HUMAN_OBSERVATION	iNaturalist	Observations	182537237		lwaye	2023-09-09T21:26:20	CC_BY_NC_4_0	lwaye	lwaye			2025-01-14T12:43:53.024Z	StillImage	COORDINATE_ROUNDED;CONTINENT_DERIVED_FROM_COORDINATES;TAXON_MATCH_TAXON_ID_IGNORED
4413888706	50c9509d-22c7-4a22-a47d-8c48425ef4a7	https://www.inaturalist.org/observations/183308572	Fungi	Basidiomycota	Agaricomycetes	Agaricales	Marasmiaceae	Pleurocybella	Pleurocybella porrigens		SPECIES	Pleurocybella porrigens (Pers.) Singer	Pleurocybella porrigens		CA		Québec	PRESENT		28eb1a3f-1c15-4a95-931a-4af90ecb574d	45.898225	-74.251947	152.0						2023-09-14T10:48:14	14	9	2023	2538000	2538000	HUMAN_OBSERVATION	iNaturalist	Observations	183308572		sarah macdonald	2023-09-15T02:52:40	CC_BY_4_0	sarah macdonald	sarah macdonald			2025-01-14T13:32:39.481Z	StillImage	COORDINATE_ROUNDED;CONTINENT_DERIVED_FROM_COORDINATES;TAXON_MATCH_TAXON_ID_IGNORED
4413386950	50c9509d-22c7-4a22-a47d-8c48425ef4a7	https://www.inaturalist.org/observations/182736381	Fungi	Basidiomycota	Agaricomycetes	Agaricales	Marasmiaceae	Pleurocybella	Pleurocybella porrigens		SPECIES	Pleurocybella porrigens (Pers.) Singer	Pleurocybella porrigens		CA		Ontario	PRESENT		28eb1a3f-1c15-4a95-931a-4af90ecb574d	45.942605	-78.72497	1044.0						2023-09-06T08:10	6	9	2023	2538000	2538000	HUMAN_OBSERVATION	iNaturalist	Observations	182736381		L Joan Heyding	2023-09-11T00:36:30	CC_BY_NC_4_0	L Joan Heyding	L Joan Heyding			2025-01-14T12:40:11.505Z	StillImage	COORDINATE_ROUNDED;CONTINENT_DERIVED_FROM_COORDINATES;TAXON_MATCH_TAXON_ID_IGNORED
4405464111	50c9509d-22c7-4a22-a47d-8c48425ef4a7	https://www.inaturalist.org/observations/180462873	Fungi	Basidiomycota	Agaricomycetes	Agaricales	Marasmiaceae	Pleurocybella	Pleurocybella porrigens		SPECIES	Pleurocybella porrigens (Pers.) Singer	Pleurocybella porrigens		CA		Québec	PRESENT		28eb1a3f-1c15-4a95-931a-4af90ecb574d	46.5134	-74.360935	66480.0						2023-08-24T12:32:55	24	8	2023	2538000	2538000	HUMAN_OBSERVATION	iNaturalist	Observations	180462873		morganedube	2023-08-27T16:15:07	CC_BY_NC_4_0	morganedube	morganedube			2025-01-14T12:41:16.826Z	StillImage	COORDINATE_ROUNDED;CONTINENT_DERIVED_FROM_COORDINATES;TAXON_MATCH_TAXON_ID_IGNORED
4177087156	50c9509d-22c7-4a22-a47d-8c48425ef4a7	https://www.inaturalist.org/observations/177276288	Fungi	Basidiomycota	Agaricomycetes	Agaricales	Marasmiaceae	Pleurocybella	Pleurocybella porrigens		SPECIES	Pleurocybella porrigens (Pers.) Singer	Pleurocybella porrigens		CA		Ontario	PRESENT		28eb1a3f-1c15-4a95-931a-4af90ecb574d	45.361888	-75.593094	488.0						2023-07-30T19:14	30	7	2023	2538000	2538000	HUMAN_OBSERVATION	iNaturalist	Observations	177276288		David Thomas Glover	2023-08-08T01:19:44	CC_BY_NC_4_0	David Thomas Glover	David Thomas Glover			2025-01-14T12:37:50.866Z	StillImage	COORDINATE_ROUNDED;CONTINENT_DERIVED_FROM_COORDINATES;TAXON_MATCH_TAXON_ID_IGNORED
4155258388	fb9d7c38-5759-4c30-9e09-5b6bd43f78a6	http://id.luomus.fi/MY.14615693	Fungi	Basidiomycota	Agaricomycetes	Agaricales	Marasmiaceae	Pleurocybella	Pleurocybella porrigens		SPECIES	Pleurocybella porrigens (Pers.) Singer	Pleurocybella porrigens (Pers. : Fr.) Singer		CA		Ontario	PRESENT		04fd2e13-6881-4e5c-9dd1-8fdd9ab993c1	46.95	-77.0							1955-09-20T00:00Z	20	9	1955	2538000	2538000	PRESERVED_SPECIMEN	H		http://id.luomus.fi/HA.H7079165				CC_BY_4_0		Gibson, Shelagh			2025-01-17T02:41:20.176Z		CONTINENT_DERIVED_FROM_COORDINATES;TAXON_MATCH_TAXON_ID_IGNORED;COLLECTION_MATCH_NONE;INSTITUTION_MATCH_FUZZY
4129923381	50c9509d-22c7-4a22-a47d-8c48425ef4a7	https://www.inaturalist.org/observations/96246566	Fungi	Basidiomycota	Agaricomycetes	Agaricales	Marasmiaceae	Pleurocybella	Pleurocybella porrigens		SPECIES	Pleurocybella porrigens (Pers.) Singer	Pleurocybella porrigens		CA		Québec	PRESENT		28eb1a3f-1c15-4a95-931a-4af90ecb574d	45.762349	-70.861242	27126.0						2021-09-26T10:34:59	26	9	2021	2538000	2538000	HUMAN_OBSERVATION	iNaturalist	Observations	96246566		Véronique G. Champagne	2021-09-26T16:45:09	CC_BY_NC_4_0	Véronique G. Champagne	Véronique G. Champagne			2025-01-14T12:24:09.690Z	StillImage	COORDINATE_ROUNDED;CONTINENT_DERIVED_FROM_COORDINATES;TAXON_MATCH_TAXON_ID_IGNORED
4099916558	d1a3b128-b406-46bb-a6d1-f3591dcc8a7b	fe33fabc-0cc2-49c4-9f49-15f353205a49	Fungi	Basidiomycota	Agaricomycetes	Agaricales	Marasmiaceae	Pleurocybella	Pleurocybella porrigens		SPECIES	Pleurotus porrigens (Pers.) P.Kumm.	Pleurotus porrigens	(Pers.) P. Kumm.	CA	Eardley	Quebec	PRESENT		e43cf4b8-849e-4fac-b075-e652d019d2cf	45.55	-76.016667	301.0						1937-10-10	10	10	1937	2538002	2538000	PRESERVED_SPECIMEN	BPI		BPI 760090		Groves, J. W.		CC0_1_0		Jackson, H. A. C.; Drayton, F. L.; Groves, J. W.			2025-01-15T04:59:41.871Z		GEODETIC_DATUM_ASSUMED_WGS84;CONTINENT_DERIVED_FROM_COORDINATES;TAXON_MATCH_TAXON_ID_IGNORED;INSTITUTION_MATCH_FUZZY
4099684538	d1a3b128-b406-46bb-a6d1-f3591dcc8a7b	d070f610-bbae-4dff-bd20-a6b2afb09eca	Fungi	Basidiomycota	Agaricomycetes	Agaricales	Marasmiaceae	Pleurocybella	Pleurocybella porrigens		SPECIES	Pleurotus porrigens (Pers.) P.Kumm.	Pleurotus porrigens	(Pers.) P. Kumm.	CA	La Verendrye Park	Quebec	PRESENT		e43cf4b8-849e-4fac-b075-e652d019d2cf	46.783333	-76.25	301.0						1963-09-12	12	9	1963	2538002	2538000	PRESERVED_SPECIMEN	BPI		BPI 760065		Groves, J. W.		CC0_1_0		Elliott, M.; Pantidou, M.			2025-01-15T04:59:41.696Z		GEODETIC_DATUM_ASSUMED_WGS84;CONTINENT_DERIVED_FROM_COORDINATES;TAXON_MATCH_TAXON_ID_IGNORED;INSTITUTION_MATCH_FUZZY
4099452539	d1a3b128-b406-46bb-a6d1-f3591dcc8a7b	40256048-cb79-4418-bc5d-c6500636044d	Fungi	Basidiomycota	Agaricomycetes	Agaricales	Marasmiaceae	Pleurocybella	Pleurocybella porrigens		SPECIES	Pleurotus porrigens (Pers.) P.Kumm.	Pleurotus porrigens	(Pers.) P. Kumm.	CA	Norway Bay	Quebec	PRESENT		e43cf4b8-849e-4fac-b075-e652d019d2cf	45.516667	-76.416667	3036.0						1938-10-04	4	10	1938	2538002	2538000	PRESERVED_SPECIMEN	BPI		BPI 760067		Sears, J. W.		CC0_1_0		Sears, J. E.; Conners, I. L.			2025-01-15T04:59:41.666Z		GEODETIC_DATUM_ASSUMED_WGS84;CONTINENT_DERIVED_FROM_COORDINATES;TAXON_MATCH_TAXON_ID_IGNORED;INSTITUTION_MATCH_FUZZY
4075756739	50c9509d-22c7-4a22-a47d-8c48425ef4a7	https://www.inaturalist.org/observations/134107854	Fungi	Basidiomycota	Agaricomycetes	Agaricales	Marasmiaceae	Pleurocybella	Pleurocybella porrigens		SPECIES	Pleurocybella porrigens (Pers.) Singer	Pleurocybella porrigens		CA		Québec	PRESENT		28eb1a3f-1c15-4a95-931a-4af90ecb574d	46.656162	-70.585128	72.0						2022-09-07T13:07:38	7	9	2022	2538000	2538000	HUMAN_OBSERVATION	iNaturalist	Observations	134107854		mariebisson	2022-09-07T23:43:41	CC_BY_NC_4_0	mariebisson	mariebisson			2025-01-14T12:31:52.290Z	StillImage	COORDINATE_ROUNDED;CONTINENT_DERIVED_FROM_COORDINATES;TAXON_MATCH_TAXON_ID_IGNORED
3986021840	50c9509d-22c7-4a22-a47d-8c48425ef4a7	https://www.inaturalist.org/observations/137974707	Fungi	Basidiomycota	Agaricomycetes	Agaricales	Marasmiaceae	Pleurocybella	Pleurocybella porrigens		SPECIES	Pleurocybella porrigens (Pers.) Singer	Pleurocybella porrigens		CA		Ontario	PRESENT		28eb1a3f-1c15-4a95-931a-4af90ecb574d	45.519492	-78.396139							2022-09-21T09:17	21	9	2022	2538000	2538000	HUMAN_OBSERVATION	iNaturalist	Observations	137974707		Adam Gordon	2022-10-09T02:38:25	CC_BY_NC_4_0	jeanh	jeanh			2025-01-14T12:32:14.324Z	StillImage	COORDINATE_ROUNDED;CONTINENT_DERIVED_FROM_COORDINATES;TAXON_MATCH_TAXON_ID_IGNORED
3985994820	50c9509d-22c7-4a22-a47d-8c48425ef4a7	https://www.inaturalist.org/observations/137972742	Fungi	Basidiomycota	Agaricomycetes	Agaricales	Marasmiaceae	Pleurocybella	Pleurocybella porrigens		SPECIES	Pleurocybella porrigens (Pers.) Singer	Pleurocybella porrigens		CA		Ontario	PRESENT		28eb1a3f-1c15-4a95-931a-4af90ecb574d	45.590774	-78.37188	31.0						2022-09-20T16:05	20	9	2022	2538000	2538000	HUMAN_OBSERVATION	iNaturalist	Observations	137972742		jeanh	2022-10-08T13:42:59	CC_BY_NC_4_0	jeanh	jeanh			2025-01-14T13:22:00.460Z	StillImage	COORDINATE_ROUNDED;CONTINENT_DERIVED_FROM_COORDINATES;TAXON_MATCH_TAXON_ID_IGNORED
3947795880	50c9509d-22c7-4a22-a47d-8c48425ef4a7	https://www.inaturalist.org/observations/137308731	Fungi	Basidiomycota	Agaricomycetes	Agaricales	Marasmiaceae	Pleurocybella	Pleurocybella porrigens		SPECIES	Pleurocybella porrigens (Pers.) Singer	Pleurocybella porrigens		CA		Ontario	PRESENT		28eb1a3f-1c15-4a95-931a-4af90ecb574d	45.848668	-77.219943	61.0						2022-10-01T13:04	1	10	2022	2538000	2538000	HUMAN_OBSERVATION	iNaturalist	Observations	137308731		ericainnature	2022-10-02T18:02:21	CC_BY_NC_4_0	ericainnature	ericainnature			2025-01-14T12:32:48.813Z	StillImage	COORDINATE_ROUNDED;CONTINENT_DERIVED_FROM_COORDINATES;TAXON_MATCH_TAXON_ID_IGNORED
3947717968	50c9509d-22c7-4a22-a47d-8c48425ef4a7	https://www.inaturalist.org/observations/138171860	Fungi	Basidiomycota	Agaricomycetes	Agaricales	Marasmiaceae	Pleurocybella	Pleurocybella porrigens		SPECIES	Pleurocybella porrigens (Pers.) Singer	Pleurocybella porrigens		CA		New Brunswick	PRESENT		28eb1a3f-1c15-4a95-931a-4af90ecb574d	46.144386	-64.763345	50.0						2022-10-09T11:02:17	9	10	2022	2538000	2538000	HUMAN_OBSERVATION	iNaturalist	Observations	138171860		hsplendens	2022-10-09T20:50:14	CC_BY_NC_4_0	hsplendens	hsplendens			2025-01-14T13:25:58.711Z	StillImage	COORDINATE_ROUNDED;CONTINENT_DERIVED_FROM_COORDINATES;TAXON_MATCH_TAXON_ID_IGNORED
3873030037	50c9509d-22c7-4a22-a47d-8c48425ef4a7	https://www.inaturalist.org/observations/125114299	Fungi	Basidiomycota	Agaricomycetes	Agaricales	Marasmiaceae	Pleurocybella	Pleurocybella porrigens		SPECIES	Pleurocybella porrigens (Pers.) Singer	Pleurocybella porrigens		CA		Québec	PRESENT		28eb1a3f-1c15-4a95-931a-4af90ecb574d	46.695692	-73.380306	14523.0						2020-10-08T11:15:02	8	10	2020	2538000	2538000	HUMAN_OBSERVATION	iNaturalist	Observations	125114299		Karolane Lapointe Champagne	2022-07-07T02:22:08	CC_BY_NC_4_0	Karolane Lapointe Champagne	Karolane Lapointe Champagne			2025-01-14T12:31:00.127Z	StillImage	COORDINATE_ROUNDED;CONTINENT_DERIVED_FROM_COORDINATES;TAXON_MATCH_TAXON_ID_IGNORED
3466155526	50c9509d-22c7-4a22-a47d-8c48425ef4a7	https://www.inaturalist.org/observations/105589305	Fungi	Basidiomycota	Agaricomycetes	Agaricales	Marasmiaceae	Pleurocybella	Pleurocybella porrigens		SPECIES	Pleurocybella porrigens (Pers.) Singer	Pleurocybella porrigens		CA		Québec	PRESENT		28eb1a3f-1c15-4a95-931a-4af90ecb574d	45.801672	-76.495995	27095.0						2021-09-25T14:01	25	9	2021	2538000	2538000	HUMAN_OBSERVATION	iNaturalist	Observations	105589305		L Joan Heyding	2022-01-26T02:11:24	CC_BY_NC_4_0	L Joan Heyding	L Joan Heyding			2025-01-14T13:17:46.512Z	StillImage	COORDINATE_ROUNDED;CONTINENT_DERIVED_FROM_COORDINATES;TAXON_MATCH_TAXON_ID_IGNORED
3456723415	50c9509d-22c7-4a22-a47d-8c48425ef4a7	https://www.inaturalist.org/observations/84124908	Fungi	Basidiomycota	Agaricomycetes	Agaricales	Marasmiaceae	Pleurocybella	Pleurocybella porrigens		SPECIES	Pleurocybella porrigens (Pers.) Singer	Pleurocybella porrigens		CA		Ontario	PRESENT		28eb1a3f-1c15-4a95-931a-4af90ecb574d	45.519387	-78.396233	4.0						2020-10-10T12:47:04	10	10	2020	2538000	2538000	HUMAN_OBSERVATION	iNaturalist	Observations	84124908		Ben	2021-07-02T16:16:37	CC_BY_NC_4_0	kamic	kamic			2025-01-14T13:12:56.628Z	StillImage	COORDINATE_ROUNDED;CONTINENT_DERIVED_FROM_COORDINATES;TAXON_MATCH_TAXON_ID_IGNORED
3456365242	50c9509d-22c7-4a22-a47d-8c48425ef4a7	https://www.inaturalist.org/observations/96846528	Fungi	Basidiomycota	Agaricomycetes	Agaricales	Marasmiaceae	Pleurocybella	Pleurocybella porrigens		SPECIES	Pleurocybella porrigens (Pers.) Singer	Pleurocybella porrigens		CA		Québec	PRESENT		28eb1a3f-1c15-4a95-931a-4af90ecb574d	47.360955	-70.602875	6.0						2021-10-01T11:34:27	1	10	2021	2538000	2538000	HUMAN_OBSERVATION	iNaturalist	Observations	96846528		Marilyne Busque-Dubois	2021-10-02T01:18:00	CC_BY_4_0	Marilyne Busque-Dubois	Marilyne Busque-Dubois			2025-01-14T13:16:54.922Z	StillImage	CONTINENT_DERIVED_FROM_COORDINATES;TAXON_MATCH_TAXON_ID_IGNORED
3455545669	50c9509d-22c7-4a22-a47d-8c48425ef4a7	https://www.inaturalist.org/observations/32796602	Fungi	Basidiomycota	Agaricomycetes	Agaricales	Marasmiaceae	Pleurocybella	Pleurocybella porrigens		SPECIES	Pleurocybella porrigens (Pers.) Singer	Pleurocybella porrigens		CA		Ontario	PRESENT		28eb1a3f-1c15-4a95-931a-4af90ecb574d	45.58173	-78.39318	30.0						2019-09-14T14:16:52	14	9	2019	2538000	2538000	HUMAN_OBSERVATION	iNaturalist	Observations	32796602		ktrippy12	2019-09-15T22:14:45	CC_BY_NC_4_0	ktrippy12	ktrippy12			2025-01-14T12:09:12.714Z	StillImage	CONTINENT_DERIVED_FROM_COORDINATES;TAXON_MATCH_TAXON_ID_IGNORED
3391368088	50c9509d-22c7-4a22-a47d-8c48425ef4a7	https://www.inaturalist.org/observations/98011930	Fungi	Basidiomycota	Agaricomycetes	Agaricales	Marasmiaceae	Pleurocybella	Pleurocybella porrigens		SPECIES	Pleurocybella porrigens (Pers.) Singer	Pleurocybella porrigens		CA		Québec	PRESENT		28eb1a3f-1c15-4a95-931a-4af90ecb574d	45.751788	-74.476547	55.0						2021-10-10T11:58:01	10	10	2021	2538000	2538000	HUMAN_OBSERVATION	iNaturalist	Observations	98011930		mariejeannepaquet	2021-10-12T15:44:39	CC_BY_NC_4_0	mariejeannepaquet	mariejeannepaquet			2025-01-14T12:21:51.951Z	StillImage	COORDINATE_ROUNDED;CONTINENT_DERIVED_FROM_COORDINATES;TAXON_MATCH_TAXON_ID_IGNORED
3384906375	50c9509d-22c7-4a22-a47d-8c48425ef4a7	https://www.inaturalist.org/observations/97093409	Fungi	Basidiomycota	Agaricomycetes	Agaricales	Marasmiaceae	Pleurocybella	Pleurocybella porrigens		SPECIES	Pleurocybella porrigens (Pers.) Singer	Pleurocybella porrigens		CA		New Brunswick	PRESENT		28eb1a3f-1c15-4a95-931a-4af90ecb574d	46.310978	-66.836425	19.0						2021-10-03T11:39:23	3	10	2021	2538000	2538000	HUMAN_OBSERVATION	iNaturalist	Observations	97093409		rachharvey81	2021-10-04T00:29:30	CC_BY_NC_4_0	rachharvey81	rachharvey81			2025-01-14T13:11:39.275Z	StillImage	COORDINATE_ROUNDED;CONTINENT_DERIVED_FROM_COORDINATES;TAXON_MATCH_TAXON_ID_IGNORED
3337806439	50c9509d-22c7-4a22-a47d-8c48425ef4a7	https://www.inaturalist.org/observations/58705276	Fungi	Basidiomycota	Agaricomycetes	Agaricales	Marasmiaceae	Pleurocybella	Pleurocybella porrigens		SPECIES	Pleurocybella porrigens (Pers.) Singer	Pleurocybella porrigens		CA		Ontario	PRESENT		28eb1a3f-1c15-4a95-931a-4af90ecb574d	45.071313	-79.11599	335.0						2020-09-04T17:00	4	9	2020	2538000	2538000	HUMAN_OBSERVATION	iNaturalist	Observations	58705276		Peter Jessen	2020-09-06T12:34:46	CC_BY_NC_4_0	Peter Jessen	Peter Jessen			2025-01-14T13:10:31.659Z	StillImage	COORDINATE_ROUNDED;CONTINENT_DERIVED_FROM_COORDINATES;TAXON_MATCH_TAXON_ID_IGNORED
3337486423	50c9509d-22c7-4a22-a47d-8c48425ef4a7	https://www.inaturalist.org/observations/59767754	Fungi	Basidiomycota	Agaricomycetes	Agaricales	Marasmiaceae	Pleurocybella	Pleurocybella porrigens		SPECIES	Pleurocybella porrigens (Pers.) Singer	Pleurocybella porrigens		CA		Ontario	PRESENT		28eb1a3f-1c15-4a95-931a-4af90ecb574d	46.009861	-78.871453	4.0						2020-09-06T11:16:31	6	9	2020	2538000	2538000	HUMAN_OBSERVATION	iNaturalist	Observations	59767754		cinna_latifolia	2021-02-04T23:08:13	CC_BY_NC_4_0	hotsonh	hotsonh			2025-01-14T12:14:42.207Z	StillImage	COORDINATE_ROUNDED;CONTINENT_DERIVED_FROM_COORDINATES;TAXON_MATCH_TAXON_ID_IGNORED
3337424403	50c9509d-22c7-4a22-a47d-8c48425ef4a7	https://www.inaturalist.org/observations/59677977	Fungi	Basidiomycota	Agaricomycetes	Agaricales	Marasmiaceae	Pleurocybella	Pleurocybella porrigens		SPECIES	Pleurocybella porrigens (Pers.) Singer	Pleurocybella porrigens		CA		Ontario	PRESENT		28eb1a3f-1c15-4a95-931a-4af90ecb574d	46.012039	-78.817437	4.0						2020-09-09T14:02:42	9	9	2020	2538000	2538000	HUMAN_OBSERVATION	iNaturalist	Observations	59677977		cinna_latifolia	2021-02-04T22:57:06	CC_BY_NC_4_0	hotsonh	hotsonh			2025-01-14T12:14:40.131Z	StillImage	COORDINATE_ROUNDED;CONTINENT_DERIVED_FROM_COORDINATES;TAXON_MATCH_TAXON_ID_IGNORED
3337387425	50c9509d-22c7-4a22-a47d-8c48425ef4a7	https://www.inaturalist.org/observations/60075043	Fungi	Basidiomycota	Agaricomycetes	Agaricales	Marasmiaceae	Pleurocybella	Pleurocybella porrigens		SPECIES	Pleurocybella porrigens (Pers.) Singer	Pleurocybella porrigens		CA		Québec	PRESENT		28eb1a3f-1c15-4a95-931a-4af90ecb574d	48.185395	-79.082786	7000.0						2020-09-19T11:35:12	19	9	2020	2538000	2538000	HUMAN_OBSERVATION	iNaturalist	Observations	60075043		Edith van de Walle	2020-09-19T15:36:26	CC_BY_NC_4_0	Edith van de Walle	Edith van de Walle			2025-01-14T12:14:52.413Z	StillImage	COORDINATE_ROUNDED;CONTINENT_DERIVED_FROM_COORDINATES;TAXON_MATCH_TAXON_ID_IGNORED
3327783409	50c9509d-22c7-4a22-a47d-8c48425ef4a7	https://www.inaturalist.org/observations/71063923	Fungi	Basidiomycota	Agaricomycetes	Agaricales	Marasmiaceae	Pleurocybella	Pleurocybella porrigens		SPECIES	Pleurocybella porrigens (Pers.) Singer	Pleurocybella porrigens		CA		Québec	PRESENT		28eb1a3f-1c15-4a95-931a-4af90ecb574d	48.337441	-69.400128	15.0						2015-09-15	15	9	2015	2538000	2538000	HUMAN_OBSERVATION	iNaturalist	Observations	71063923		cinna_latifolia	2021-07-16T04:10:43	CC_BY_NC_4_0	Christian Grenier	Christian Grenier			2025-01-14T13:06:27.583Z	StillImage	COORDINATE_ROUNDED;CONTINENT_DERIVED_FROM_COORDINATES;TAXON_MATCH_TAXON_ID_IGNORED
3039258683	50c9509d-22c7-4a22-a47d-8c48425ef4a7	https://www.inaturalist.org/observations/61249082	Fungi	Basidiomycota	Agaricomycetes	Agaricales	Marasmiaceae	Pleurocybella	Pleurocybella porrigens		SPECIES	Pleurocybella porrigens (Pers.) Singer	Pleurocybella porrigens		CA		Ontario	PRESENT		28eb1a3f-1c15-4a95-931a-4af90ecb574d	45.5622	-78.281391	516.0						2020-09-17T12:52	17	9	2020	2538000	2538000	HUMAN_OBSERVATION	iNaturalist	Observations	61249082		cinna_latifolia	2021-01-03T04:50:09	CC_BY_NC_4_0	Tim Thorington	Tim Thorington			2025-01-14T12:16:01.270Z	StillImage	COORDINATE_ROUNDED;CONTINENT_DERIVED_FROM_COORDINATES;TAXON_MATCH_TAXON_ID_IGNORED
3005223364	50c9509d-22c7-4a22-a47d-8c48425ef4a7	https://www.inaturalist.org/observations/32857505	Fungi	Basidiomycota	Agaricomycetes	Agaricales	Marasmiaceae	Pleurocybella	Pleurocybella porrigens		SPECIES	Pleurocybella porrigens (Pers.) Singer	Pleurocybella porrigens		CA		Ontario	PRESENT		28eb1a3f-1c15-4a95-931a-4af90ecb574d	45.518208	-78.25943	1811.0						2019-09-16T14:09:01	16	9	2019	2538000	2538000	HUMAN_OBSERVATION	iNaturalist	Observations	32857505		Sarah Lamond	2019-09-16T21:14:21	CC_BY_NC_4_0	Sarah Lamond	Sarah Lamond			2025-01-14T13:03:51.634Z	StillImage	COORDINATE_ROUNDED;CONTINENT_DERIVED_FROM_COORDINATES;TAXON_MATCH_TAXON_ID_IGNORED
2992718546	50c9509d-22c7-4a22-a47d-8c48425ef4a7	https://www.inaturalist.org/observations/61249080	Fungi	Basidiomycota	Agaricomycetes	Agaricales	Marasmiaceae	Pleurocybella	Pleurocybella porrigens		SPECIES	Pleurocybella porrigens (Pers.) Singer	Pleurocybella porrigens		CA		Ontario	PRESENT		28eb1a3f-1c15-4a95-931a-4af90ecb574d	45.5622	-78.281391	516.0						2020-09-17T12:51	17	9	2020	2538000	2538000	HUMAN_OBSERVATION	iNaturalist	Observations	61249080		cinna_latifolia	2020-10-20T19:43:11	CC_BY_NC_4_0	Tim Thorington	Tim Thorington			2025-01-14T12:16:09.586Z	StillImage	COORDINATE_ROUNDED;CONTINENT_DERIVED_FROM_COORDINATES;TAXON_MATCH_TAXON_ID_IGNORED
2992707358	50c9509d-22c7-4a22-a47d-8c48425ef4a7	https://www.inaturalist.org/observations/17005915	Fungi	Basidiomycota	Agaricomycetes	Agaricales	Marasmiaceae	Pleurocybella	Pleurocybella porrigens		SPECIES	Pleurocybella porrigens (Pers.) Singer	Pleurocybella porrigens		CA		Ontario	PRESENT		28eb1a3f-1c15-4a95-931a-4af90ecb574d	45.388652	-78.907477	67.0						2018-09-28T13:24	28	9	2018	2538000	2538000	HUMAN_OBSERVATION	iNaturalist	Observations	17005915		David LeGros	2018-09-28T19:36:17	CC_BY_NC_4_0	David LeGros	David LeGros			2025-01-14T13:02:43.690Z	StillImage	COORDINATE_ROUNDED;CONTINENT_DERIVED_FROM_COORDINATES;TAXON_MATCH_TAXON_ID_IGNORED
2864756839	50c9509d-22c7-4a22-a47d-8c48425ef4a7	https://www.inaturalist.org/observations/59868594	Fungi	Basidiomycota	Agaricomycetes	Agaricales	Marasmiaceae	Pleurocybella	Pleurocybella porrigens		SPECIES	Pleurocybella porrigens (Pers.) Singer	Pleurocybella porrigens		CA		Ontario	PRESENT		28eb1a3f-1c15-4a95-931a-4af90ecb574d	45.524942	-78.575338	4.0						2020-09-16T10:16:53	16	9	2020	2538000	2538000	HUMAN_OBSERVATION	iNaturalist	Observations	59868594		Charli Lawson-Lee	2020-09-17T13:12:09	CC_BY_NC_4_0	Charli Lawson-Lee	Charli Lawson-Lee			2025-01-14T12:14:43.716Z	StillImage	COORDINATE_ROUNDED;CONTINENT_DERIVED_FROM_COORDINATES;TAXON_MATCH_TAXON_ID_IGNORED
2573793102	50c9509d-22c7-4a22-a47d-8c48425ef4a7	https://www.inaturalist.org/observations/17494988	Fungi	Basidiomycota	Agaricomycetes	Agaricales	Marasmiaceae	Pleurocybella	Pleurocybella porrigens		SPECIES	Pleurocybella porrigens (Pers.) Singer	Pleurocybella porrigens		CA		Ontario	PRESENT		28eb1a3f-1c15-4a95-931a-4af90ecb574d	45.559941	-78.640101	122.0						2018-10-09T12:56	9	10	2018	2538000	2538000	HUMAN_OBSERVATION	iNaturalist	Observations	17494988		Basil Conlin	2018-10-14T13:34:50	CC_BY_NC_4_0	Basil Conlin	Basil Conlin			2025-01-14T13:01:01.054Z	StillImage	COORDINATE_ROUNDED;CONTINENT_DERIVED_FROM_COORDINATES;TAXON_MATCH_TAXON_ID_IGNORED
2456584484	50c9509d-22c7-4a22-a47d-8c48425ef4a7	https://www.inaturalist.org/observations/35658181	Fungi	Basidiomycota	Agaricomycetes	Agaricales	Marasmiaceae	Pleurocybella	Pleurocybella porrigens		SPECIES	Pleurocybella porrigens (Pers.) Singer	Pleurocybella porrigens		CA		New Brunswick	PRESENT		28eb1a3f-1c15-4a95-931a-4af90ecb574d	46.389245	-64.618661	8.0						2019-10-19T14:51	19	10	2019	2538000	2538000	HUMAN_OBSERVATION	iNaturalist	Observations	35658181		Stuart Tingley	2019-11-14T00:17:47	CC_BY_NC_4_0	Stuart Tingley	Stuart Tingley			2025-01-14T13:05:25.247Z	StillImage	COORDINATE_ROUNDED;CONTINENT_DERIVED_FROM_COORDINATES;TAXON_MATCH_TAXON_ID_IGNORED
2013750615	50c9509d-22c7-4a22-a47d-8c48425ef4a7	https://www.inaturalist.org/observations/21213811	Fungi	Basidiomycota	Agaricomycetes	Agaricales	Marasmiaceae	Pleurocybella	Pleurocybella porrigens		SPECIES	Pleurocybella porrigens (Pers.) Singer	Pleurocybella porrigens		CA		New Brunswick	PRESENT		28eb1a3f-1c15-4a95-931a-4af90ecb574d	45.964982	-66.081536							2018-10-18T17:06	18	10	2018	2538000	2538000	HUMAN_OBSERVATION	iNaturalist	Observations	21213811		Erika Betts	2019-03-13T21:01:11	CC_BY_NC_4_0	Erika Betts	Erika Betts			2025-01-14T13:01:05.784Z	StillImage	COORDINATE_ROUNDED;CONTINENT_DERIVED_FROM_COORDINATES;TAXON_MATCH_TAXON_ID_IGNORED
2013750600	50c9509d-22c7-4a22-a47d-8c48425ef4a7	https://www.inaturalist.org/observations/21213810	Fungi	Basidiomycota	Agaricomycetes	Agaricales	Marasmiaceae	Pleurocybella	Pleurocybella porrigens		SPECIES	Pleurocybella porrigens (Pers.) Singer	Pleurocybella porrigens		CA		New Brunswick	PRESENT		28eb1a3f-1c15-4a95-931a-4af90ecb574d	45.964982	-66.081536							2018-10-18T17:04	18	10	2018	2538000	2538000	HUMAN_OBSERVATION	iNaturalist	Observations	21213810		Erika Betts	2019-03-13T21:01:11	CC_BY_NC_4_0	Erika Betts	Erika Betts			2025-01-14T13:03:42.880Z	StillImage	COORDINATE_ROUNDED;CONTINENT_DERIVED_FROM_COORDINATES;TAXON_MATCH_TAXON_ID_IGNORED
2013750555	50c9509d-22c7-4a22-a47d-8c48425ef4a7	https://www.inaturalist.org/observations/21213812	Fungi	Basidiomycota	Agaricomycetes	Agaricales	Marasmiaceae	Pleurocybella	Pleurocybella porrigens		SPECIES	Pleurocybella porrigens (Pers.) Singer	Pleurocybella porrigens		CA		New Brunswick	PRESENT		28eb1a3f-1c15-4a95-931a-4af90ecb574d	45.964983	-66.081535							2018-10-18T17:11	18	10	2018	2538000	2538000	HUMAN_OBSERVATION	iNaturalist	Observations	21213812		Erika Betts	2019-03-13T21:01:11	CC_BY_NC_4_0	Erika Betts	Erika Betts			2025-01-14T13:01:11.500Z	StillImage	COORDINATE_ROUNDED;CONTINENT_DERIVED_FROM_COORDINATES;TAXON_MATCH_TAXON_ID_IGNORED
1914247045	50c9509d-22c7-4a22-a47d-8c48425ef4a7	https://www.inaturalist.org/observations/16981860	Fungi	Basidiomycota	Agaricomycetes	Agaricales	Marasmiaceae	Pleurocybella	Pleurocybella porrigens		SPECIES	Pleurocybella porrigens (Pers.) Singer	Pleurocybella porrigens		CA		Québec	PRESENT		28eb1a3f-1c15-4a95-931a-4af90ecb574d	47.052663	-70.390724	4.0						2018-09-21T15:36	21	9	2018	2538000	2538000	HUMAN_OBSERVATION	iNaturalist	Observations	16981860		Sarah DeLong-Duhon	2018-09-28T02:32:48	CC_BY_NC_4_0	Lewnanny Richardson	Lewnanny Richardson			2025-01-14T12:05:52.905Z	StillImage	COORDINATE_ROUNDED;CONTINENT_DERIVED_FROM_COORDINATES;TAXON_MATCH_TAXON_ID_IGNORED
1914211657	50c9509d-22c7-4a22-a47d-8c48425ef4a7	https://www.inaturalist.org/observations/16802735	Fungi	Basidiomycota	Agaricomycetes	Agaricales	Marasmiaceae	Pleurocybella	Pleurocybella porrigens		SPECIES	Pleurocybella porrigens (Pers.) Singer	Pleurocybella porrigens		CA		Québec	PRESENT		28eb1a3f-1c15-4a95-931a-4af90ecb574d	45.126046	-72.482884	945.0						2018-09-22T09:13	22	9	2018	2538000	2538000	HUMAN_OBSERVATION	iNaturalist	Observations	16802735				CC_BY_NC_4_0	Janie Collin	Janie Collin			2025-01-14T13:05:48.874Z	StillImage	COORDINATE_ROUNDED;CONTINENT_DERIVED_FROM_COORDINATES;TAXON_MATCH_TAXON_ID_IGNORED
1807262022	e8a25a42-f125-476c-8554-3ec21cd51a84	ACAD:118900	Fungi	Basidiomycota	Agaricomycetes	Agaricales	Marasmiaceae	Pleurocybella	Pleurocybella porrigens		SPECIES	Pleurocybella porrigens (Pers.) Singer	Pleurocybella porrigens (Pers.) Singer	(Pers.) Singer	CA	Springhill	Nova Scotia	PRESENT		6491ad8c-8e49-4bd4-a089-0ddb3bbe0890	45.65152	-64.06004							1959-09-08	8	9	1959	2538000	2538000	PRESERVED_SPECIMEN	Acadia University	ACAD	7602F	7602			CC0_1_0	Acadia University	Harrison, KA			2024-01-25T01:37:12.727Z	StillImage	GEODETIC_DATUM_INVALID;GEODETIC_DATUM_ASSUMED_WGS84;TAXON_MATCH_TAXON_ID_IGNORED;INSTITUTION_MATCH_FUZZY;COLLECTION_MATCH_FUZZY
1807261880	e8a25a42-f125-476c-8554-3ec21cd51a84	ACAD:118907	Fungi	Basidiomycota	Agaricomycetes	Agaricales	Marasmiaceae	Pleurocybella	Pleurocybella porrigens		SPECIES	Pleurocybella porrigens (Pers.) Singer	Pleurocybella porrigens (Pers.) Singer	(Pers.) Singer	CA	Kentville	Nova Scotia	PRESENT		6491ad8c-8e49-4bd4-a089-0ddb3bbe0890	45.07662	-64.49592							1936-07-28	28	7	1936	2538000	2538000	PRESERVED_SPECIMEN	Acadia University	ACAD	7609F	7609	Thorn,G		CC0_1_0	Acadia University	H, KA			2024-01-25T01:37:12.723Z	StillImage	GEODETIC_DATUM_INVALID;GEODETIC_DATUM_ASSUMED_WGS84;TAXON_MATCH_TAXON_ID_IGNORED;INSTITUTION_MATCH_FUZZY;COLLECTION_MATCH_FUZZY
1807260242	e8a25a42-f125-476c-8554-3ec21cd51a84	ACAD:117142	Fungi	Basidiomycota	Agaricomycetes	Agaricales	Marasmiaceae	Pleurocybella	Pleurocybella porrigens		SPECIES	Pleurocybella porrigens (Pers.) Singer	Pleurocybella porrigens (Pers.) Singer	(Pers.) Singer	CA	Glenmont	Nova Scotia	PRESENT		6491ad8c-8e49-4bd4-a089-0ddb3bbe0890	45.18614	-64.50197							1959-10-11	11	10	1959	2538000	2538000	PRESERVED_SPECIMEN	Acadia University	ACAD	5410F	5410	H, KA		CC0_1_0	Acadia University	Harrison, KA			2024-01-25T01:37:12.319Z	StillImage	GEODETIC_DATUM_INVALID;GEODETIC_DATUM_ASSUMED_WGS84;TAXON_MATCH_TAXON_ID_IGNORED;INSTITUTION_MATCH_FUZZY;COLLECTION_MATCH_FUZZY
1807256352	e8a25a42-f125-476c-8554-3ec21cd51a84	ACAD:112944	Fungi	Basidiomycota	Agaricomycetes	Agaricales	Marasmiaceae	Pleurocybella	Pleurocybella porrigens		SPECIES	Pleurocybella porrigens (Pers.) Singer	Pleurocybella porrigens (Pers.) Singer	(Pers.) Singer	CA	(Kentville)	Nova Scotia	PRESENT		6491ad8c-8e49-4bd4-a089-0ddb3bbe0890	45.07662	-64.49592							1932-10-21	21	10	1932	2538000	2538000	PRESERVED_SPECIMEN	Acadia University	ACAD	454F	454	Smith,AH		CC0_1_0	Acadia University	H, KA			2024-01-25T01:37:11.646Z	StillImage	GEODETIC_DATUM_INVALID;GEODETIC_DATUM_ASSUMED_WGS84;TAXON_MATCH_TAXON_ID_IGNORED;INSTITUTION_MATCH_FUZZY;COLLECTION_MATCH_FUZZY
1807256284	e8a25a42-f125-476c-8554-3ec21cd51a84	ACAD:112951	Fungi	Basidiomycota	Agaricomycetes	Agaricales	Marasmiaceae	Pleurocybella	Pleurocybella porrigens		SPECIES	Pleurocybella porrigens (Pers.) Singer	Pleurocybella porrigens (Pers.) Singer	(Pers.) Singer	CA	(Kentville)	Nova Scotia	PRESENT		6491ad8c-8e49-4bd4-a089-0ddb3bbe0890	45.07662	-64.49592							1933-10-09	9	10	1933	2538000	2538000	PRESERVED_SPECIMEN	Acadia University	ACAD	461F	461	Thorn,RG	1985-01-01T00:00:00	CC0_1_0	Acadia University	H, KA			2024-01-25T01:37:11.651Z	StillImage	GEODETIC_DATUM_INVALID;GEODETIC_DATUM_ASSUMED_WGS84;TAXON_MATCH_TAXON_ID_IGNORED;INSTITUTION_MATCH_FUZZY;COLLECTION_MATCH_FUZZY
1807256254	e8a25a42-f125-476c-8554-3ec21cd51a84	ACAD:112945	Fungi	Basidiomycota	Agaricomycetes	Agaricales	Marasmiaceae	Pleurocybella	Pleurocybella porrigens		SPECIES	Pleurocybella porrigens (Pers.) Singer	Pleurocybella porrigens (Pers.) Singer	(Pers.) Singer	CA	(Kentville)	Nova Scotia	PRESENT		6491ad8c-8e49-4bd4-a089-0ddb3bbe0890	45.07662	-64.49592							1930-08-28	28	8	1930	2538000	2538000	PRESERVED_SPECIMEN	Acadia University	ACAD	455F	455			CC0_1_0	Acadia University	H, KA			2024-01-25T01:37:11.644Z	StillImage	GEODETIC_DATUM_INVALID;GEODETIC_DATUM_ASSUMED_WGS84;TAXON_MATCH_TAXON_ID_IGNORED;INSTITUTION_MATCH_FUZZY;COLLECTION_MATCH_FUZZY
1807256206	e8a25a42-f125-476c-8554-3ec21cd51a84	ACAD:112942	Fungi	Basidiomycota	Agaricomycetes	Agaricales	Marasmiaceae	Pleurocybella	Pleurocybella porrigens		SPECIES	Pleurocybella porrigens (Pers.) Singer	Pleurocybella porrigens (Pers.) Singer	(Pers.) Singer	CA	(Kentville)	Nova Scotia	PRESENT		6491ad8c-8e49-4bd4-a089-0ddb3bbe0890	45.07662	-64.49592							1931-09-13	13	9	1931	2538000	2538000	PRESERVED_SPECIMEN	Acadia University	ACAD	452F	452	Smith,AH		CC0_1_0	Acadia University	H, KA			2024-01-25T01:37:11.645Z	StillImage	GEODETIC_DATUM_INVALID;GEODETIC_DATUM_ASSUMED_WGS84;TAXON_MATCH_TAXON_ID_IGNORED;INSTITUTION_MATCH_FUZZY;COLLECTION_MATCH_FUZZY
1412708782	21705170-d2b6-42de-8904-c3bca4b83591	CMMF017242	Fungi	Basidiomycota	Agaricomycetes	Agaricales	Marasmiaceae	Pleurocybella	Pleurocybella porrigens		SPECIES	Pleurotellus porrigens (Pers. ex Fr.) Kuhn. & Romagn.	Pleurotellus porrigens (Pers.) Kühner & Romagn.	(Pers.) Kühner & Romagn.	CA	Réparation, Québec.	Québec	PRESENT		ff7bd5db-b724-4932-b496-10ea298851f9	45.669758	-73.512302	500.0						1981-07-03	3	7	1981	2538004	2538000	PRESERVED_SPECIMEN	Université de Montréal Biodiversity Centre	CMMF	CMMF017242	1981-75	unknown		CC0_1_0	Université de Montréal Biodiversity Centre	Cyr, A.			2024-01-24T16:38:14.875Z		INSTITUTION_MATCH_FUZZY;COLLECTION_MATCH_FUZZY;DIFFERENT_OWNER_INSTITUTION
1412707857	21705170-d2b6-42de-8904-c3bca4b83591	CMMF016293	Fungi	Basidiomycota	Agaricomycetes	Agaricales	Marasmiaceae	Pleurocybella	Pleurocybella porrigens		SPECIES	Pleurocybella porrigens (Pers.) Singer	Pleurocybella porrigens (Pers.) Singer	(Pers.) Singer	CA	Chicoutimi, Québec.	Québec	PRESENT		ff7bd5db-b724-4932-b496-10ea298851f9	48.368277	-71.119642	15000.0						1982-10-03	3	10	1982	2538000	2538000	PRESERVED_SPECIMEN	Université de Montréal Biodiversity Centre	CMMF	CMMF016293	1830	Guérin, Gérard		CC0_1_0	Université de Montréal Biodiversity Centre	Guérin, Gérard			2024-01-24T16:38:18.726Z	StillImage	INSTITUTION_MATCH_FUZZY;COLLECTION_MATCH_FUZZY;DIFFERENT_OWNER_INSTITUTION
1412707826	21705170-d2b6-42de-8904-c3bca4b83591	CMMF016291	Fungi	Basidiomycota	Agaricomycetes	Agaricales	Marasmiaceae	Pleurocybella	Pleurocybella porrigens		SPECIES	Pleurocybella porrigens (Pers.) Singer	Pleurocybella porrigens (Pers.) Singer	(Pers.) Singer	CA	Chicoutimi, Québec.	Québec	PRESENT		ff7bd5db-b724-4932-b496-10ea298851f9	48.368277	-71.119642	15000.0						1983-09-23	23	9	1983	2538000	2538000	PRESERVED_SPECIMEN	Université de Montréal Biodiversity Centre	CMMF	CMMF016291	1831	Guérin, Gérard		CC0_1_0	Université de Montréal Biodiversity Centre	Guérin, Gérard			2024-01-24T16:38:18.725Z	StillImage	INSTITUTION_MATCH_FUZZY;COLLECTION_MATCH_FUZZY;DIFFERENT_OWNER_INSTITUTION
1412707776	21705170-d2b6-42de-8904-c3bca4b83591	CMMF016292	Fungi	Basidiomycota	Agaricomycetes	Agaricales	Marasmiaceae	Pleurocybella	Pleurocybella porrigens		SPECIES	Pleurocybella porrigens (Pers.) Singer	Pleurocybella porrigens (Pers.) Singer	(Pers.) Singer	CA	Cap-au-Lest, Québec.	Québec	PRESENT		ff7bd5db-b724-4932-b496-10ea298851f9	48.391343	-70.689884	4500.0						1995-09-30	30	9	1995	2538000	2538000	PRESERVED_SPECIMEN	Université de Montréal Biodiversity Centre	CMMF	CMMF016292	1832	Guérin, Gérard		CC0_1_0	Université de Montréal Biodiversity Centre	Guérin, Gérard			2024-01-24T16:38:18.725Z		INSTITUTION_MATCH_FUZZY;COLLECTION_MATCH_FUZZY;DIFFERENT_OWNER_INSTITUTION
1135070722	21705170-d2b6-42de-8904-c3bca4b83591	CMMF009301	Fungi	Basidiomycota	Agaricomycetes	Agaricales	Marasmiaceae	Pleurocybella	Pleurocybella porrigens		SPECIES	Pleurocybella porrigens (Pers.) Singer	Pleurocybella porrigens (Pers.) Singer	(Pers.) Singer	CA	Chemin Chapelle, Lac-Beauport.	Québec	PRESENT		ff7bd5db-b724-4932-b496-10ea298851f9	46.949281	-71.284722	250.0						2006-09-28	28	9	2006	2538000	2538000	PRESERVED_SPECIMEN	Université de Montréal Biodiversity Centre	CMMF	CMMF009301	885	Labrecque, Jacqueline		CC0_1_0	Université de Montréal Biodiversity Centre	Labrecque, Jacqueline			2024-01-24T16:38:21.651Z	StillImage	INSTITUTION_MATCH_FUZZY;COLLECTION_MATCH_FUZZY;DIFFERENT_OWNER_INSTITUTION
1135070591	21705170-d2b6-42de-8904-c3bca4b83591	CMMF009175	Fungi	Basidiomycota	Agaricomycetes	Agaricales	Marasmiaceae	Pleurocybella	Pleurocybella porrigens		SPECIES	Pleurocybella porrigens (Pers.) Singer	Pleurocybella porrigens (Pers.) Singer	(Pers.) Singer	CA	Chemin O'Neil, Lac-Beauport.	Québec	PRESENT		ff7bd5db-b724-4932-b496-10ea298851f9	46.953091	-71.306427	5000.0						2006-09-09	9	9	2006	2538000	2538000	PRESERVED_SPECIMEN	Université de Montréal Biodiversity Centre	CMMF	CMMF009175	759	Labrecque, Jacqueline		CC0_1_0	Université de Montréal Biodiversity Centre	Labrecque, Jacqueline			2024-01-24T16:38:20.263Z	StillImage	INSTITUTION_MATCH_FUZZY;COLLECTION_MATCH_FUZZY;DIFFERENT_OWNER_INSTITUTION
1135069283	21705170-d2b6-42de-8904-c3bca4b83591	CMMF007766	Fungi	Basidiomycota	Agaricomycetes	Agaricales	Marasmiaceae	Pleurocybella	Pleurocybella porrigens		SPECIES	Pleurocybella porrigens (Pers.) Singer	Pleurocybella porrigens (Pers.) Singer	(Pers.) Singer	CA	St-Donat (Cap de la Fée)	Québec	PRESENT		ff7bd5db-b724-4932-b496-10ea298851f9	46.341233	-74.267717	100.0						2010-09-04	4	9	2010	2538000	2538000	PRESERVED_SPECIMEN	Université de Montréal Biodiversity Centre	CMMF	CMMF007766	C3732	McNeil, Raymond		CC0_1_0	Université de Montréal Biodiversity Centre	McNeil, Raymond			2024-01-24T16:38:16.144Z	StillImage	COORDINATE_ROUNDED;INSTITUTION_MATCH_FUZZY;COLLECTION_MATCH_FUZZY;DIFFERENT_OWNER_INSTITUTION
1135069185	21705170-d2b6-42de-8904-c3bca4b83591	CMMF007688	Fungi	Basidiomycota	Agaricomycetes	Agaricales	Marasmiaceae	Pleurocybella	Pleurocybella porrigens		SPECIES	Pleurocybella porrigens (Pers.) Singer	Pleurocybella porrigens (Pers.) Singer	(Pers.) Singer	CA	Sainte-Béatrix	Québec	PRESENT		ff7bd5db-b724-4932-b496-10ea298851f9	46.191667	-73.614167	100.0						1981-09-12	12	9	1981	2538000	2538000	PRESERVED_SPECIMEN	Université de Montréal Biodiversity Centre	CMMF	CMMF007688	1295	McNeil, Raymond		CC0_1_0	Université de Montréal Biodiversity Centre	McNeil, Raymond			2024-01-24T16:38:16.057Z	StillImage	COORDINATE_ROUNDED;INSTITUTION_MATCH_FUZZY;COLLECTION_MATCH_FUZZY;DIFFERENT_OWNER_INSTITUTION
1135066636	21705170-d2b6-42de-8904-c3bca4b83591	CMMF010085	Fungi	Basidiomycota	Agaricomycetes	Agaricales	Marasmiaceae	Pleurocybella	Pleurocybella porrigens		SPECIES	Pleurocybella porrigens (Pers.) Singer	Pleurocybella porrigens (Pers.) Singer	(Pers.) Singer	CA	Chemin de la Chapelle, Lac-Beauport.	Québec	PRESENT		ff7bd5db-b724-4932-b496-10ea298851f9	46.949281	-71.284722	250.0						2007-09-23	23	9	2007	2538000	2538000	PRESERVED_SPECIMEN	Université de Montréal Biodiversity Centre	CMMF	CMMF010085	1671	Labrecque, Jacqueline		CC0_1_0	Université de Montréal Biodiversity Centre	Labrecque, Jacqueline			2024-01-24T16:38:20.202Z		INSTITUTION_MATCH_FUZZY;COLLECTION_MATCH_FUZZY;DIFFERENT_OWNER_INSTITUTION
