gbifID	datasetKey	occurrenceID	kingdom	phylum	class	order	family	genus	species	infraspecificEpithet	taxonRank	scientificName	verbatimScientificName	verbatimScientificNameAuthorship	countryCode	locality	stateProvince	occurrenceStatus	individualCount	publishingOrgKey	decimalLatitude	decimalLongitude	coordinateUncertaintyInMeters	coordinatePrecision	elevation	elevationAccuracy	depth	depthAccuracy	eventDate	day	month	year	taxonKey	speciesKey	basisOfRecord	institutionCode	collectionCode	catalogNumber	recordNumber	identifiedBy	dateIdentified	license	rightsHolder	recordedBy	typeStatus	establishmentMeans	lastInterpreted	mediaType	issue
617555423	21705170-d2b6-42de-8904-c3bca4b83591	CMMF000801	Fungi	Basidiomycota	Agaricomycetes	Agaricales	Physalacriaceae	Armillaria	Armillaria ostoyae		SPECIES	Armillaria ostoyae (Romagn.) Herink	Armillaria ostoyae (Romagn.) Herink	(Romagn.) Herink	CA	Laval	Québec	PRESENT		ff7bd5db-b724-4932-b496-10ea298851f9	45.609608	-73.705867	17500.0						1989-09-18	18	9	1989	2536899	2536899	PRESERVED_SPECIMEN	Université de Montréal Biodiversity Centre	CMMF	CMMF000801		Lamoureux, Yves		CC0_1_0	Université de Montréal Biodiversity Centre	Lamoureux, Yves			2024-01-24T16:38:21.549Z	StillImage	INSTITUTION_MATCH_FUZZY;COLLECTION_MATCH_FUZZY;DIFFERENT_OWNER_INSTITUTION
617553607	21705170-d2b6-42de-8904-c3bca4b83591	CMMF003677	Fungi	Basidiomycota	Agaricomycetes	Agaricales	Physalacriaceae	Armillaria	Armillaria ostoyae		SPECIES	Armillaria ostoyae (Romagn.) Herink	Armillaria ostoyae (Romagn.) Herink	(Romagn.) Herink	CA	Rawdon	Québec	PRESENT		ff7bd5db-b724-4932-b496-10ea298851f9	46.052398	-73.748752	11000.0						2002-09-17	17	9	2002	2536899	2536899	PRESERVED_SPECIMEN	Université de Montréal Biodiversity Centre	CMMF	CMMF003677		Lamoureux, Yves		CC0_1_0	Université de Montréal Biodiversity Centre	Lamoureux, Yves			2024-01-24T16:38:16.332Z	StillImage	INSTITUTION_MATCH_FUZZY;COLLECTION_MATCH_FUZZY;DIFFERENT_OWNER_INSTITUTION
617552902	21705170-d2b6-42de-8904-c3bca4b83591	CMMF000336	Fungi	Basidiomycota	Agaricomycetes	Agaricales	Physalacriaceae	Armillaria	Armillaria ostoyae		SPECIES	Armillaria ostoyae (Romagn.) Herink	Armillaria ostoyae (Romagn.) Herink	(Romagn.) Herink	CA	Terrebonne	Québec	PRESENT		ff7bd5db-b724-4932-b496-10ea298851f9	45.70036	-73.637796	5000.0						1988-09-13	13	9	1988	2536899	2536899	PRESERVED_SPECIMEN	Université de Montréal Biodiversity Centre	CMMF	CMMF000336		Lamoureux, Yves		CC0_1_0	Université de Montréal Biodiversity Centre	Lamoureux, Yves			2024-01-24T16:38:20.778Z	StillImage	INSTITUTION_MATCH_FUZZY;COLLECTION_MATCH_FUZZY;DIFFERENT_OWNER_INSTITUTION
617548144	21705170-d2b6-42de-8904-c3bca4b83591	CMMF001278	Fungi	Basidiomycota	Agaricomycetes	Agaricales	Physalacriaceae	Armillaria	Armillaria ostoyae		SPECIES	Armillaria ostoyae (Romagn.) Herink	Armillaria ostoyae (Romagn.) Herink	(Romagn.) Herink	CA	Oka	Québec	PRESENT		ff7bd5db-b724-4932-b496-10ea298851f9	45.485445	-74.079213	8500.0						1990-10-01	1	10	1990	2536899	2536899	PRESERVED_SPECIMEN	Université de Montréal Biodiversity Centre	CMMF	CMMF001278		Lamoureux, Yves		CC0_1_0	Université de Montréal Biodiversity Centre	Jesina, Milos			2024-01-24T16:38:17.544Z	StillImage	INSTITUTION_MATCH_FUZZY;COLLECTION_MATCH_FUZZY;DIFFERENT_OWNER_INSTITUTION
5006736626	50c9509d-22c7-4a22-a47d-8c48425ef4a7	https://www.inaturalist.org/observations/244066536	Fungi	Basidiomycota	Agaricomycetes	Agaricales	Physalacriaceae	Armillaria	Armillaria ostoyae		SPECIES	Armillaria ostoyae (Romagn.) Herink	Armillaria ostoyae		CA		New Brunswick	PRESENT		28eb1a3f-1c15-4a95-931a-4af90ecb574d	46.770925	-64.964005	161.0						2024-09-22T15:34:57	22	9	2024	2536899	2536899	HUMAN_OBSERVATION	iNaturalist	Observations	244066536		Aaron Clausen	2024-09-26T01:01:18	CC_BY_NC_4_0	Aaron Clausen	Aaron Clausen			2025-01-14T13:43:35.292Z	StillImage	CONTINENT_DERIVED_FROM_COORDINATES;TAXON_MATCH_TAXON_ID_IGNORED
4993943276	50c9509d-22c7-4a22-a47d-8c48425ef4a7	https://www.inaturalist.org/observations/33615707	Fungi	Basidiomycota	Agaricomycetes	Agaricales	Physalacriaceae	Armillaria	Armillaria ostoyae		SPECIES	Armillaria ostoyae (Romagn.) Herink	Armillaria ostoyae		CA		Québec	PRESENT		28eb1a3f-1c15-4a95-931a-4af90ecb574d	46.222594	-70.947058	1052.0						2019-09-29T10:48:28	29	9	2019	2536899	2536899	HUMAN_OBSERVATION	iNaturalist	Observations	33615707		Mathias Rocheleau-Duplain	2019-09-29T21:30:29	CC_BY_4_0	Mathias Rocheleau-Duplain	Mathias Rocheleau-Duplain			2025-01-14T12:59:44.018Z		COORDINATE_ROUNDED;CONTINENT_DERIVED_FROM_COORDINATES;TAXON_MATCH_TAXON_ID_IGNORED
4954380550	50c9509d-22c7-4a22-a47d-8c48425ef4a7	https://www.inaturalist.org/observations/244355133	Fungi	Basidiomycota	Agaricomycetes	Agaricales	Physalacriaceae	Armillaria	Armillaria ostoyae		SPECIES	Armillaria ostoyae (Romagn.) Herink	Armillaria ostoyae		CA		Nova Scotia	PRESENT		28eb1a3f-1c15-4a95-931a-4af90ecb574d	45.084358	-64.37033	1414.0						2024-09-27T14:36:01	27	9	2024	2536899	2536899	HUMAN_OBSERVATION	iNaturalist	Observations	244355133		georgia_n	2024-09-27T18:27:16	CC_BY_NC_4_0	georgia_n	georgia_n			2025-01-14T12:54:37.764Z	StillImage	COORDINATE_ROUNDED;CONTINENT_DERIVED_FROM_COORDINATES;TAXON_MATCH_TAXON_ID_IGNORED
4953188880	50c9509d-22c7-4a22-a47d-8c48425ef4a7	https://www.inaturalist.org/observations/245175903	Fungi	Basidiomycota	Agaricomycetes	Agaricales	Physalacriaceae	Armillaria	Armillaria ostoyae		SPECIES	Armillaria ostoyae (Romagn.) Herink	Armillaria ostoyae		CA		Québec	PRESENT		28eb1a3f-1c15-4a95-931a-4af90ecb574d	46.716752	-71.533155	840.0						2024-09-29T15:03:23	29	9	2024	2536899	2536899	HUMAN_OBSERVATION	iNaturalist	Observations	245175903		homochromie	2024-10-02T02:49:54	CC_BY_NC_4_0	homochromie	homochromie			2025-01-14T12:54:23.982Z	StillImage	COORDINATE_ROUNDED;CONTINENT_DERIVED_FROM_COORDINATES;TAXON_MATCH_TAXON_ID_IGNORED
4953161626	50c9509d-22c7-4a22-a47d-8c48425ef4a7	https://www.inaturalist.org/observations/243892607	Fungi	Basidiomycota	Agaricomycetes	Agaricales	Physalacriaceae	Armillaria	Armillaria ostoyae		SPECIES	Armillaria ostoyae (Romagn.) Herink	Armillaria ostoyae		CA		Québec	PRESENT		28eb1a3f-1c15-4a95-931a-4af90ecb574d	46.744222	-71.387718	111.0						2024-09-23T13:18:56	23	9	2024	2536899	2536899	HUMAN_OBSERVATION	iNaturalist	Observations	243892607		gabrielsigouin	2024-10-04T19:23:08	CC_BY_NC_4_0	Camille Boucher	Camille Boucher			2025-01-14T12:54:47.571Z	StillImage	COORDINATE_ROUNDED;CONTINENT_DERIVED_FROM_COORDINATES;TAXON_MATCH_TAXON_ID_IGNORED
4953067968	50c9509d-22c7-4a22-a47d-8c48425ef4a7	https://www.inaturalist.org/observations/245009826	Fungi	Basidiomycota	Agaricomycetes	Agaricales	Physalacriaceae	Armillaria	Armillaria ostoyae		SPECIES	Armillaria ostoyae (Romagn.) Herink	Armillaria ostoyae		CA		Québec	PRESENT		28eb1a3f-1c15-4a95-931a-4af90ecb574d	45.611337	-75.924758	4.0						2024-09-30T16:20:41	30	9	2024	2536899	2536899	HUMAN_OBSERVATION	iNaturalist	Observations	245009826		smcilwaine55	2024-10-01T02:24:03	CC_BY_NC_4_0	smcilwaine55	smcilwaine55			2025-01-14T13:43:46.024Z	StillImage	COORDINATE_ROUNDED;CONTINENT_DERIVED_FROM_COORDINATES;TAXON_MATCH_TAXON_ID_IGNORED
4952921891	50c9509d-22c7-4a22-a47d-8c48425ef4a7	https://www.inaturalist.org/observations/243892708	Fungi	Basidiomycota	Agaricomycetes	Agaricales	Physalacriaceae	Armillaria	Armillaria ostoyae		SPECIES	Armillaria ostoyae (Romagn.) Herink	Armillaria ostoyae		CA		Québec	PRESENT		28eb1a3f-1c15-4a95-931a-4af90ecb574d	46.744491	-71.387525	8.0						2024-09-23T13:22:10	23	9	2024	2536899	2536899	HUMAN_OBSERVATION	iNaturalist	Observations	243892708		gabrielsigouin	2024-10-04T19:22:47	CC_BY_NC_4_0	Camille Boucher	Camille Boucher			2025-01-14T13:37:41.072Z	StillImage	COORDINATE_ROUNDED;CONTINENT_DERIVED_FROM_COORDINATES;TAXON_MATCH_TAXON_ID_IGNORED
4952875341	50c9509d-22c7-4a22-a47d-8c48425ef4a7	https://www.inaturalist.org/observations/244528461	Fungi	Basidiomycota	Agaricomycetes	Agaricales	Physalacriaceae	Armillaria	Armillaria ostoyae		SPECIES	Armillaria ostoyae (Romagn.) Herink	Armillaria ostoyae		CA		Québec	PRESENT		28eb1a3f-1c15-4a95-931a-4af90ecb574d	46.785429	-71.238155	1233.0						2024-09-28T13:28:06	28	9	2024	2536899	2536899	HUMAN_OBSERVATION	iNaturalist	Observations	244528461		gabrielsigouin	2024-10-04T19:16:52	CC_BY_NC_4_0	izha	izha			2025-01-14T12:57:45.390Z	StillImage	COORDINATE_ROUNDED;CONTINENT_DERIVED_FROM_COORDINATES;TAXON_MATCH_TAXON_ID_IGNORED
4952470037	50c9509d-22c7-4a22-a47d-8c48425ef4a7	https://www.inaturalist.org/observations/243890273	Fungi	Basidiomycota	Agaricomycetes	Agaricales	Physalacriaceae	Armillaria	Armillaria ostoyae		SPECIES	Armillaria ostoyae (Romagn.) Herink	Armillaria ostoyae		CA		Québec	PRESENT		28eb1a3f-1c15-4a95-931a-4af90ecb574d	46.775885	-71.273282	7.0						2024-09-20T09:59:45	20	9	2024	2536899	2536899	HUMAN_OBSERVATION	iNaturalist	Observations	243890273		gabrielsigouin	2024-10-04T19:27:07	CC_BY_NC_4_0	Camille Boucher	Camille Boucher			2025-01-14T12:54:46.629Z	StillImage	COORDINATE_ROUNDED;CONTINENT_DERIVED_FROM_COORDINATES;TAXON_MATCH_TAXON_ID_IGNORED
4952294115	50c9509d-22c7-4a22-a47d-8c48425ef4a7	https://www.inaturalist.org/observations/244619171	Fungi	Basidiomycota	Agaricomycetes	Agaricales	Physalacriaceae	Armillaria	Armillaria ostoyae		SPECIES	Armillaria ostoyae (Romagn.) Herink	Armillaria ostoyae		CA		Québec	PRESENT		28eb1a3f-1c15-4a95-931a-4af90ecb574d	46.741455	-71.394936	6.0						2024-09-27T14:35:15	27	9	2024	2536899	2536899	HUMAN_OBSERVATION	iNaturalist	Observations	244619171		Camille Boucher	2024-09-29T02:25:30	CC_BY_NC_4_0	Camille Boucher	Camille Boucher			2025-01-14T12:58:13.479Z	StillImage	COORDINATE_ROUNDED;CONTINENT_DERIVED_FROM_COORDINATES;TAXON_MATCH_TAXON_ID_IGNORED
4950226504	50c9509d-22c7-4a22-a47d-8c48425ef4a7	https://www.inaturalist.org/observations/243237913	Fungi	Basidiomycota	Agaricomycetes	Agaricales	Physalacriaceae	Armillaria	Armillaria ostoyae		SPECIES	Armillaria ostoyae (Romagn.) Herink	Armillaria ostoyae		CA		Québec	PRESENT		28eb1a3f-1c15-4a95-931a-4af90ecb574d	45.886284	-71.502558							2024-09-21T13:57:29	21	9	2024	2536899	2536899	HUMAN_OBSERVATION	iNaturalist	Observations	243237913		egrenier	2024-09-22T02:16:22	CC_BY_NC_4_0	egrenier	egrenier			2025-01-14T12:51:40.520Z	StillImage	COORDINATE_ROUNDED;CONTINENT_DERIVED_FROM_COORDINATES;TAXON_MATCH_TAXON_ID_IGNORED
4949944532	50c9509d-22c7-4a22-a47d-8c48425ef4a7	https://www.inaturalist.org/observations/243806545	Fungi	Basidiomycota	Agaricomycetes	Agaricales	Physalacriaceae	Armillaria	Armillaria ostoyae		SPECIES	Armillaria ostoyae (Romagn.) Herink	Armillaria ostoyae		CA		Québec	PRESENT		28eb1a3f-1c15-4a95-931a-4af90ecb574d	46.36023	-72.362267	4.0						2024-09-24T11:23:11	24	9	2024	2536899	2536899	HUMAN_OBSERVATION	iNaturalist	Observations	243806545		timfoster	2024-09-24T15:33:07	CC_BY_NC_4_0	timfoster	timfoster			2025-01-14T12:54:34.815Z	StillImage	COORDINATE_ROUNDED;CONTINENT_DERIVED_FROM_COORDINATES;TAXON_MATCH_TAXON_ID_IGNORED
4946393067	50c9509d-22c7-4a22-a47d-8c48425ef4a7	https://www.inaturalist.org/observations/242275219	Fungi	Basidiomycota	Agaricomycetes	Agaricales	Physalacriaceae	Armillaria	Armillaria ostoyae		SPECIES	Armillaria ostoyae (Romagn.) Herink	Armillaria ostoyae		CA		Québec	PRESENT		28eb1a3f-1c15-4a95-931a-4af90ecb574d	45.379547	-71.919845	7.0						2024-09-12T09:25:13	12	9	2024	2536899	2536899	HUMAN_OBSERVATION	iNaturalist	Observations	242275219		gabboilard	2024-09-17T21:03:10	CC_BY_NC_4_0	Jacob Beauregard	Jacob Beauregard			2025-01-14T13:42:28.386Z	StillImage	COORDINATE_ROUNDED;CONTINENT_DERIVED_FROM_COORDINATES;TAXON_MATCH_TAXON_ID_IGNORED
4909296357	50c9509d-22c7-4a22-a47d-8c48425ef4a7	https://www.inaturalist.org/observations/225089090	Fungi	Basidiomycota	Agaricomycetes	Agaricales	Physalacriaceae	Armillaria	Armillaria ostoyae		SPECIES	Armillaria ostoyae (Romagn.) Herink	Armillaria ostoyae		CA		Québec	PRESENT		28eb1a3f-1c15-4a95-931a-4af90ecb574d	46.729444	-71.251111							2023-09-14T09:14	14	9	2023	2536899	2536899	HUMAN_OBSERVATION	iNaturalist	Observations	225089090		dfortier409	2024-06-25T13:20:24	CC_BY_NC_4_0	dfortier409	dfortier409			2025-01-14T12:46:57.610Z	StillImage	COORDINATE_ROUNDED;CONTINENT_DERIVED_FROM_COORDINATES;TAXON_MATCH_TAXON_ID_IGNORED
4852651093	50c9509d-22c7-4a22-a47d-8c48425ef4a7	https://www.inaturalist.org/observations/190337056	Fungi	Basidiomycota	Agaricomycetes	Agaricales	Physalacriaceae	Armillaria	Armillaria ostoyae		SPECIES	Armillaria ostoyae (Romagn.) Herink	Armillaria ostoyae		CA		Québec	PRESENT		28eb1a3f-1c15-4a95-931a-4af90ecb574d	46.066709	-74.383848	2833.0						2023-08-20T20:26	20	8	2023	2536899	2536899	HUMAN_OBSERVATION	iNaturalist	Observations	190337056		jhudacin	2023-11-07T20:11:11	CC_BY_NC_4_0	jhudacin	jhudacin			2025-01-14T13:30:23.561Z	StillImage	COORDINATE_ROUNDED;CONTINENT_DERIVED_FROM_COORDINATES;TAXON_MATCH_TAXON_ID_IGNORED
4528011945	50c9509d-22c7-4a22-a47d-8c48425ef4a7	https://www.inaturalist.org/observations/200130929	Fungi	Basidiomycota	Agaricomycetes	Agaricales	Physalacriaceae	Armillaria	Armillaria ostoyae		SPECIES	Armillaria ostoyae (Romagn.) Herink	Armillaria ostoyae		CA		Québec	PRESENT		28eb1a3f-1c15-4a95-931a-4af90ecb574d	45.468861	-72.191465	610.0						2023-10-08T11:51	8	10	2023	2536899	2536899	HUMAN_OBSERVATION	iNaturalist	Observations	200130929		michelcournoyer	2024-02-22T23:14:59	CC_BY_NC_4_0	michelcournoyer	michelcournoyer			2025-01-14T12:43:08.802Z	StillImage	COORDINATE_ROUNDED;CONTINENT_DERIVED_FROM_COORDINATES;TAXON_MATCH_TAXON_ID_IGNORED
4500534393	50c9509d-22c7-4a22-a47d-8c48425ef4a7	https://www.inaturalist.org/observations/179695802	Fungi	Basidiomycota	Agaricomycetes	Agaricales	Physalacriaceae	Armillaria	Armillaria ostoyae		SPECIES	Armillaria ostoyae (Romagn.) Herink	Armillaria ostoyae		CA		Québec	PRESENT		28eb1a3f-1c15-4a95-931a-4af90ecb574d	47.338847	-71.149392							2023-08-22T11:39:20	22	8	2023	2536899	2536899	HUMAN_OBSERVATION	iNaturalist	Observations	179695802		Martine Lapointe	2023-08-22T16:12:43	CC_BY_4_0	Martine Lapointe	Martine Lapointe			2025-01-14T12:41:55.468Z	StillImage	COORDINATE_ROUNDED;CONTINENT_DERIVED_FROM_COORDINATES;TAXON_MATCH_TAXON_ID_IGNORED
4465385236	50c9509d-22c7-4a22-a47d-8c48425ef4a7	https://www.inaturalist.org/observations/186556316	Fungi	Basidiomycota	Agaricomycetes	Agaricales	Physalacriaceae	Armillaria	Armillaria ostoyae		SPECIES	Armillaria ostoyae (Romagn.) Herink	Armillaria ostoyae		CA		Québec	PRESENT		28eb1a3f-1c15-4a95-931a-4af90ecb574d	45.42742	-73.94352	189.0						2023-10-06T16:37	6	10	2023	2536899	2536899	HUMAN_OBSERVATION	iNaturalist	Observations	186556316		Renée Lebeuf	2023-12-12T12:33:14	CC_BY_NC_4_0	Madz	Madz			2025-01-14T13:32:42.780Z	StillImage	CONTINENT_DERIVED_FROM_COORDINATES;TAXON_MATCH_TAXON_ID_IGNORED
4442726412	50c9509d-22c7-4a22-a47d-8c48425ef4a7	https://www.inaturalist.org/observations/191632960	Fungi	Basidiomycota	Agaricomycetes	Agaricales	Physalacriaceae	Armillaria	Armillaria ostoyae		SPECIES	Armillaria ostoyae (Romagn.) Herink	Armillaria ostoyae		CA		Québec	PRESENT		28eb1a3f-1c15-4a95-931a-4af90ecb574d	46.331214	-74.488924							2023-10-14T10:42:25	14	10	2023	2536899	2536899	HUMAN_OBSERVATION	iNaturalist	Observations	191632960		Jeremy	2023-11-21T01:27:33	CC_BY_NC_4_0	Jeremy	Jeremy			2025-01-14T13:35:32.491Z	StillImage	COORDINATE_ROUNDED;CONTINENT_DERIVED_FROM_COORDINATES;TAXON_MATCH_TAXON_ID_IGNORED
4440898201	50c9509d-22c7-4a22-a47d-8c48425ef4a7	https://www.inaturalist.org/observations/186978119	Fungi	Basidiomycota	Agaricomycetes	Agaricales	Physalacriaceae	Armillaria	Armillaria ostoyae		SPECIES	Armillaria ostoyae (Romagn.) Herink	Armillaria ostoyae		CA		Québec	PRESENT		28eb1a3f-1c15-4a95-931a-4af90ecb574d	45.491133	-75.861717	4.0						2023-10-09T13:09:18	9	10	2023	2536899	2536899	HUMAN_OBSERVATION	iNaturalist	Observations	186978119		David McLagan	2023-10-10T13:09:45	CC_BY_NC_4_0	Maria Bastas	Maria Bastas			2025-01-14T13:34:06.090Z	StillImage	COORDINATE_ROUNDED;CONTINENT_DERIVED_FROM_COORDINATES;TAXON_MATCH_TAXON_ID_IGNORED
4438703937	50c9509d-22c7-4a22-a47d-8c48425ef4a7	https://www.inaturalist.org/observations/189724370	Fungi	Basidiomycota	Agaricomycetes	Agaricales	Physalacriaceae	Armillaria	Armillaria ostoyae		SPECIES	Armillaria ostoyae (Romagn.) Herink	Armillaria ostoyae		CA		Ontario	PRESENT		28eb1a3f-1c15-4a95-931a-4af90ecb574d	45.508288	-75.337928	3.0						2023-10-17T11:26:21	17	10	2023	2536899	2536899	HUMAN_OBSERVATION	iNaturalist	Observations	189724370		gordonimages.ca	2023-11-02T02:09:10	CC_BY_NC_4_0	gordonimages.ca	gordonimages.ca			2025-01-14T12:41:53.625Z	StillImage	COORDINATE_ROUNDED;CONTINENT_DERIVED_FROM_COORDINATES;TAXON_MATCH_TAXON_ID_IGNORED
4436377592	50c9509d-22c7-4a22-a47d-8c48425ef4a7	https://www.inaturalist.org/observations/188841166	Fungi	Basidiomycota	Agaricomycetes	Agaricales	Physalacriaceae	Armillaria	Armillaria ostoyae		SPECIES	Armillaria ostoyae (Romagn.) Herink	Armillaria ostoyae		CA		Ontario	PRESENT		28eb1a3f-1c15-4a95-931a-4af90ecb574d	45.999958	-78.318803	4.0						2023-10-19T09:40:02	19	10	2023	2536899	2536899	HUMAN_OBSERVATION	iNaturalist	Observations	188841166		Sarah Lamond	2023-10-24T23:52:05	CC_BY_NC_4_0	Sarah Lamond	Sarah Lamond			2025-01-14T13:34:59.057Z	StillImage	COORDINATE_ROUNDED;CONTINENT_DERIVED_FROM_COORDINATES;TAXON_MATCH_TAXON_ID_IGNORED
4436239641	50c9509d-22c7-4a22-a47d-8c48425ef4a7	https://www.inaturalist.org/observations/188926014	Fungi	Basidiomycota	Agaricomycetes	Agaricales	Physalacriaceae	Armillaria	Armillaria ostoyae		SPECIES	Armillaria ostoyae (Romagn.) Herink	Armillaria ostoyae		CA		Nova Scotia	PRESENT		28eb1a3f-1c15-4a95-931a-4af90ecb574d	45.081989	-64.364075	6.0						2023-10-25T15:01:37	25	10	2023	2536899	2536899	HUMAN_OBSERVATION	iNaturalist	Observations	188926014		georgia_n	2023-10-25T19:02:49	CC_BY_NC_4_0	georgia_n	georgia_n			2025-01-14T12:43:03.032Z	StillImage	COORDINATE_ROUNDED;CONTINENT_DERIVED_FROM_COORDINATES;TAXON_MATCH_TAXON_ID_IGNORED
4436148279	50c9509d-22c7-4a22-a47d-8c48425ef4a7	https://www.inaturalist.org/observations/189043586	Fungi	Basidiomycota	Agaricomycetes	Agaricales	Physalacriaceae	Armillaria	Armillaria ostoyae		SPECIES	Armillaria ostoyae (Romagn.) Herink	Armillaria ostoyae		CA		Ontario	PRESENT		28eb1a3f-1c15-4a95-931a-4af90ecb574d	45.579567	-78.407136	4.0						2023-10-19T10:01	19	10	2023	2536899	2536899	HUMAN_OBSERVATION	iNaturalist	Observations	189043586		pes_c515	2023-10-26T19:59:13	CC_BY_NC_4_0	pes_c515	pes_c515			2025-01-14T12:42:57.489Z	StillImage	COORDINATE_ROUNDED;CONTINENT_DERIVED_FROM_COORDINATES;TAXON_MATCH_TAXON_ID_IGNORED
4431134233	50c9509d-22c7-4a22-a47d-8c48425ef4a7	https://www.inaturalist.org/observations/187917260	Fungi	Basidiomycota	Agaricomycetes	Agaricales	Physalacriaceae	Armillaria	Armillaria ostoyae		SPECIES	Armillaria ostoyae (Romagn.) Herink	Armillaria ostoyae		CA		Nova Scotia	PRESENT		28eb1a3f-1c15-4a95-931a-4af90ecb574d	45.066147	-64.475692	4.0						2023-10-17T13:44:13	17	10	2023	2536899	2536899	HUMAN_OBSERVATION	iNaturalist	Observations	187917260		jwagner9	2023-10-17T16:48:48	CC_BY_NC_4_0	jwagner9	jwagner9			2025-01-14T13:32:56.074Z	StillImage	COORDINATE_ROUNDED;CONTINENT_DERIVED_FROM_COORDINATES;TAXON_MATCH_TAXON_ID_IGNORED
4431127305	50c9509d-22c7-4a22-a47d-8c48425ef4a7	https://www.inaturalist.org/observations/187632175	Fungi	Basidiomycota	Agaricomycetes	Agaricales	Physalacriaceae	Armillaria	Armillaria ostoyae		SPECIES	Armillaria ostoyae (Romagn.) Herink	Armillaria ostoyae		CA		Québec	PRESENT		28eb1a3f-1c15-4a95-931a-4af90ecb574d	45.872811	-76.4339	501.0						2023-10-13T13:45	13	10	2023	2536899	2536899	HUMAN_OBSERVATION	iNaturalist	Observations	187632175		L Joan Heyding	2023-10-15T14:07:02	CC_BY_NC_4_0	L Joan Heyding	L Joan Heyding			2025-01-14T13:30:28.233Z	StillImage	COORDINATE_ROUNDED;CONTINENT_DERIVED_FROM_COORDINATES;TAXON_MATCH_TAXON_ID_IGNORED
4431097982	50c9509d-22c7-4a22-a47d-8c48425ef4a7	https://www.inaturalist.org/observations/187857729	Fungi	Basidiomycota	Agaricomycetes	Agaricales	Physalacriaceae	Armillaria	Armillaria ostoyae		SPECIES	Armillaria ostoyae (Romagn.) Herink	Armillaria ostoyae		CA		Québec	PRESENT		28eb1a3f-1c15-4a95-931a-4af90ecb574d	48.582152	-68.197225	186.0						2023-10-16T17:13:07	16	10	2023	2536899	2536899	HUMAN_OBSERVATION	iNaturalist	Observations	187857729		vladykov	2023-10-17T02:32:40	CC_BY_NC_4_0	vladykov	vladykov			2025-01-14T13:34:41.718Z	StillImage	COORDINATE_ROUNDED;CONTINENT_DERIVED_FROM_COORDINATES;TAXON_MATCH_TAXON_ID_IGNORED
4431082164	50c9509d-22c7-4a22-a47d-8c48425ef4a7	https://www.inaturalist.org/observations/187898551	Fungi	Basidiomycota	Agaricomycetes	Agaricales	Physalacriaceae	Armillaria	Armillaria ostoyae		SPECIES	Armillaria ostoyae (Romagn.) Herink	Armillaria ostoyae		CA		Québec	PRESENT		28eb1a3f-1c15-4a95-931a-4af90ecb574d	45.90729	-74.058301							2023-10-14T12:49:53	14	10	2023	2536899	2536899	HUMAN_OBSERVATION	iNaturalist	Observations	187898551		Étienne Godin	2023-10-17T13:45:25	CC_BY_NC_4_0	Étienne Godin	Étienne Godin			2025-01-14T12:42:52.186Z	StillImage	COORDINATE_ROUNDED;CONTINENT_DERIVED_FROM_COORDINATES;TAXON_MATCH_TAXON_ID_IGNORED
4431027214	50c9509d-22c7-4a22-a47d-8c48425ef4a7	https://www.inaturalist.org/observations/187571613	Fungi	Basidiomycota	Agaricomycetes	Agaricales	Physalacriaceae	Armillaria	Armillaria ostoyae		SPECIES	Armillaria ostoyae (Romagn.) Herink	Armillaria ostoyae		CA		Québec	PRESENT		28eb1a3f-1c15-4a95-931a-4af90ecb574d	45.872811	-76.4339	501.0						2023-10-13T12:38	13	10	2023	2536899	2536899	HUMAN_OBSERVATION	iNaturalist	Observations	187571613		L Joan Heyding	2023-10-15T01:03:00	CC_BY_NC_4_0	L Joan Heyding	L Joan Heyding			2025-01-14T12:42:56.743Z	StillImage	COORDINATE_ROUNDED;CONTINENT_DERIVED_FROM_COORDINATES;TAXON_MATCH_TAXON_ID_IGNORED
4431023662	50c9509d-22c7-4a22-a47d-8c48425ef4a7	https://www.inaturalist.org/observations/187394532	Fungi	Basidiomycota	Agaricomycetes	Agaricales	Physalacriaceae	Armillaria	Armillaria ostoyae		SPECIES	Armillaria ostoyae (Romagn.) Herink	Armillaria ostoyae		CA		Québec	PRESENT		28eb1a3f-1c15-4a95-931a-4af90ecb574d	45.657656	-75.893125							2023-10-13T13:54:05	13	10	2023	2536899	2536899	HUMAN_OBSERVATION	iNaturalist	Observations	187394532		Antoine Fortin	2023-10-14T01:31:05	CC_BY_NC_4_0	rcoristine	rcoristine			2025-01-14T12:42:33.716Z	StillImage	COORDINATE_ROUNDED;CONTINENT_DERIVED_FROM_COORDINATES;TAXON_MATCH_TAXON_ID_IGNORED
4430932015	50c9509d-22c7-4a22-a47d-8c48425ef4a7	https://www.inaturalist.org/observations/181823458	Fungi	Basidiomycota	Agaricomycetes	Agaricales	Physalacriaceae	Armillaria	Armillaria ostoyae		SPECIES	Armillaria ostoyae (Romagn.) Herink	Armillaria ostoyae		CA		Québec	PRESENT		28eb1a3f-1c15-4a95-931a-4af90ecb574d	45.37056	-72.21111	1524.0						2023-09-04T14:00	4	9	2023	2536899	2536899	HUMAN_OBSERVATION	iNaturalist	Observations	181823458		Antoine Fortin	2023-09-21T01:25:00	CC_BY_NC_4_0	Cmarion	Cmarion			2025-01-14T12:42:09.476Z	StillImage	CONTINENT_DERIVED_FROM_COORDINATES;TAXON_MATCH_TAXON_ID_IGNORED
4430746706	50c9509d-22c7-4a22-a47d-8c48425ef4a7	https://www.inaturalist.org/observations/188431784	Fungi	Basidiomycota	Agaricomycetes	Agaricales	Physalacriaceae	Armillaria	Armillaria ostoyae		SPECIES	Armillaria ostoyae (Romagn.) Herink	Armillaria ostoyae		CA		Québec	PRESENT		28eb1a3f-1c15-4a95-931a-4af90ecb574d	46.076722	-73.891983	4.0						2023-10-21T09:58:25	21	10	2023	2536899	2536899	HUMAN_OBSERVATION	iNaturalist	Observations	188431784		Mical	2023-10-21T21:25:51	CC_BY_4_0	Mical	Mical			2025-01-14T13:33:50.518Z	StillImage	COORDINATE_ROUNDED;CONTINENT_DERIVED_FROM_COORDINATES;TAXON_MATCH_TAXON_ID_IGNORED
4430698950	50c9509d-22c7-4a22-a47d-8c48425ef4a7	https://www.inaturalist.org/observations/188188830	Fungi	Basidiomycota	Agaricomycetes	Agaricales	Physalacriaceae	Armillaria	Armillaria ostoyae		SPECIES	Armillaria ostoyae (Romagn.) Herink	Armillaria ostoyae		CA		Nova Scotia	PRESENT		28eb1a3f-1c15-4a95-931a-4af90ecb574d	45.402613	-64.038681	711.0						2023-10-19T16:03:55	19	10	2023	2536899	2536899	HUMAN_OBSERVATION	iNaturalist	Observations	188188830		Ben	2023-10-20T23:09:01	CC_BY_NC_4_0	mudlarker	mudlarker			2025-01-14T13:34:21.046Z	StillImage	COORDINATE_ROUNDED;CONTINENT_DERIVED_FROM_COORDINATES;TAXON_MATCH_TAXON_ID_IGNORED
4430653946	50c9509d-22c7-4a22-a47d-8c48425ef4a7	https://www.inaturalist.org/observations/187812475	Fungi	Basidiomycota	Agaricomycetes	Agaricales	Physalacriaceae	Armillaria	Armillaria ostoyae		SPECIES	Armillaria ostoyae (Romagn.) Herink	Armillaria ostoyae		CA		Québec	PRESENT		28eb1a3f-1c15-4a95-931a-4af90ecb574d	45.31968	-71.911155	4.0						2023-10-16T14:17:02	16	10	2023	2536899	2536899	HUMAN_OBSERVATION	iNaturalist	Observations	187812475		knochenkatze	2023-10-16T19:14:13	CC_BY_NC_4_0	knochenkatze	knochenkatze			2025-01-14T13:30:05.445Z	StillImage	CONTINENT_DERIVED_FROM_COORDINATES;TAXON_MATCH_TAXON_ID_IGNORED
4430648510	50c9509d-22c7-4a22-a47d-8c48425ef4a7	https://www.inaturalist.org/observations/187652354	Fungi	Basidiomycota	Agaricomycetes	Agaricales	Physalacriaceae	Armillaria	Armillaria ostoyae		SPECIES	Armillaria ostoyae (Romagn.) Herink	Armillaria ostoyae		CA		Québec	PRESENT		28eb1a3f-1c15-4a95-931a-4af90ecb574d	45.872811	-76.4339	501.0						2023-10-14T08:58	14	10	2023	2536899	2536899	HUMAN_OBSERVATION	iNaturalist	Observations	187652354		L Joan Heyding	2023-10-15T16:43:44	CC_BY_NC_4_0	L Joan Heyding	L Joan Heyding			2025-01-14T13:34:21.450Z	StillImage	COORDINATE_ROUNDED;CONTINENT_DERIVED_FROM_COORDINATES;TAXON_MATCH_TAXON_ID_IGNORED
4430635709	50c9509d-22c7-4a22-a47d-8c48425ef4a7	https://www.inaturalist.org/observations/187703528	Fungi	Basidiomycota	Agaricomycetes	Agaricales	Physalacriaceae	Armillaria	Armillaria ostoyae		SPECIES	Armillaria ostoyae (Romagn.) Herink	Armillaria ostoyae		CA		Québec	PRESENT		28eb1a3f-1c15-4a95-931a-4af90ecb574d	45.3825	-71.910072	324.0						2023-10-15T18:00:59	15	10	2023	2536899	2536899	HUMAN_OBSERVATION	iNaturalist	Observations	187703528		beefungi	2023-10-17T00:57:50	CC_BY_NC_4_0	beefungi	beefungi			2025-01-14T13:30:00.329Z	StillImage	COORDINATE_ROUNDED;CONTINENT_DERIVED_FROM_COORDINATES;TAXON_MATCH_TAXON_ID_IGNORED
4430626044	50c9509d-22c7-4a22-a47d-8c48425ef4a7	https://www.inaturalist.org/observations/187834294	Fungi	Basidiomycota	Agaricomycetes	Agaricales	Physalacriaceae	Armillaria	Armillaria ostoyae		SPECIES	Armillaria ostoyae (Romagn.) Herink	Armillaria ostoyae		CA		Québec	PRESENT		28eb1a3f-1c15-4a95-931a-4af90ecb574d	45.379112	-71.91265	12.0						2023-10-16T17:31:09	16	10	2023	2536899	2536899	HUMAN_OBSERVATION	iNaturalist	Observations	187834294		gabboilard	2023-10-16T22:40:15	CC_BY_NC_4_0	gabboilard	gabboilard			2025-01-14T12:42:36.678Z	StillImage	COORDINATE_ROUNDED;CONTINENT_DERIVED_FROM_COORDINATES;TAXON_MATCH_TAXON_ID_IGNORED
4430625737	50c9509d-22c7-4a22-a47d-8c48425ef4a7	https://www.inaturalist.org/observations/187728652	Fungi	Basidiomycota	Agaricomycetes	Agaricales	Physalacriaceae	Armillaria	Armillaria ostoyae		SPECIES	Armillaria ostoyae (Romagn.) Herink	Armillaria ostoyae		CA		Ontario	PRESENT		28eb1a3f-1c15-4a95-931a-4af90ecb574d	45.376258	-75.289309	57.0						2023-10-15T14:09	15	10	2023	2536899	2536899	HUMAN_OBSERVATION	iNaturalist	Observations	187728652		jonathan_mack	2023-10-16T02:01:18	CC_BY_NC_4_0	jonathan_mack	jonathan_mack			2025-01-14T12:42:21.873Z	StillImage	COORDINATE_ROUNDED;CONTINENT_DERIVED_FROM_COORDINATES;TAXON_MATCH_TAXON_ID_IGNORED
4430580799	50c9509d-22c7-4a22-a47d-8c48425ef4a7	https://www.inaturalist.org/observations/187368640	Fungi	Basidiomycota	Agaricomycetes	Agaricales	Physalacriaceae	Armillaria	Armillaria ostoyae		SPECIES	Armillaria ostoyae (Romagn.) Herink	Armillaria ostoyae		CA		New Brunswick	PRESENT		28eb1a3f-1c15-4a95-931a-4af90ecb574d	45.817778	-67.6475							2023-10-11T16:38:37	11	10	2023	2536899	2536899	HUMAN_OBSERVATION	iNaturalist	Observations	187368640		peterandwendyfilipowich	2023-10-13T14:48:47	CC_BY_NC_4_0	peterandwendyfilipowich	peterandwendyfilipowich			2025-01-14T13:33:42.467Z	StillImage	COORDINATE_ROUNDED;CONTINENT_DERIVED_FROM_COORDINATES;TAXON_MATCH_TAXON_ID_IGNORED
4430560719	50c9509d-22c7-4a22-a47d-8c48425ef4a7	https://www.inaturalist.org/observations/187412415	Fungi	Basidiomycota	Agaricomycetes	Agaricales	Physalacriaceae	Armillaria	Armillaria ostoyae		SPECIES	Armillaria ostoyae (Romagn.) Herink	Armillaria ostoyae		CA		Québec	PRESENT		28eb1a3f-1c15-4a95-931a-4af90ecb574d	45.651947	-74.940872	2410.0						2023-10-13T13:23:15	13	10	2023	2536899	2536899	HUMAN_OBSERVATION	iNaturalist	Observations	187412415		Myca	2023-10-13T21:00:47	CC_BY_NC_4_0	Myca	Myca			2025-01-14T12:42:11.620Z	StillImage	COORDINATE_ROUNDED;CONTINENT_DERIVED_FROM_COORDINATES;TAXON_MATCH_TAXON_ID_IGNORED
4430423377	50c9509d-22c7-4a22-a47d-8c48425ef4a7	https://www.inaturalist.org/observations/34955145	Fungi	Basidiomycota	Agaricomycetes	Agaricales	Physalacriaceae	Armillaria	Armillaria ostoyae		SPECIES	Armillaria ostoyae (Romagn.) Herink	Armillaria ostoyae		CA		New Brunswick	PRESENT		28eb1a3f-1c15-4a95-931a-4af90ecb574d	46.340725	-64.621784	1227.0						2013-10-19T13:05	19	10	2013	2536899	2536899	HUMAN_OBSERVATION	iNaturalist	Observations	34955145		Raymonde G Chartier	2019-10-27T11:49:03	CC_BY_NC_4_0	Raymonde G Chartier	Raymonde G Chartier			2025-01-14T13:00:28.977Z	StillImage	COORDINATE_ROUNDED;CONTINENT_DERIVED_FROM_COORDINATES;TAXON_MATCH_TAXON_ID_IGNORED
4424419164	50c9509d-22c7-4a22-a47d-8c48425ef4a7	https://www.inaturalist.org/observations/186931134	Fungi	Basidiomycota	Agaricomycetes	Agaricales	Physalacriaceae	Armillaria	Armillaria ostoyae		SPECIES	Armillaria ostoyae (Romagn.) Herink	Armillaria ostoyae		CA		Québec	PRESENT		28eb1a3f-1c15-4a95-931a-4af90ecb574d	45.469825	-74.294717	4.0						2023-10-09T15:56:14	9	10	2023	2536899	2536899	HUMAN_OBSERVATION	iNaturalist	Observations	186931134		David McLagan	2023-10-10T13:11:27	CC_BY_NC_4_0	Ronald Wan	Ronald Wan			2025-01-14T13:28:11.862Z	StillImage	COORDINATE_ROUNDED;CONTINENT_DERIVED_FROM_COORDINATES;TAXON_MATCH_TAXON_ID_IGNORED
4424297470	50c9509d-22c7-4a22-a47d-8c48425ef4a7	https://www.inaturalist.org/observations/186918646	Fungi	Basidiomycota	Agaricomycetes	Agaricales	Physalacriaceae	Armillaria	Armillaria ostoyae		SPECIES	Armillaria ostoyae (Romagn.) Herink	Armillaria ostoyae		CA		Québec	PRESENT		28eb1a3f-1c15-4a95-931a-4af90ecb574d	45.655496	-75.769248							2023-10-09T16:37	9	10	2023	2536899	2536899	HUMAN_OBSERVATION	iNaturalist	Observations	186918646		gabboilard	2023-10-10T00:03:08	CC_BY_NC_4_0	Peter Meisenheimer	Peter Meisenheimer			2025-01-14T12:40:51.896Z	StillImage	COORDINATE_ROUNDED;CONTINENT_DERIVED_FROM_COORDINATES;TAXON_MATCH_TAXON_ID_IGNORED
4424213482	50c9509d-22c7-4a22-a47d-8c48425ef4a7	https://www.inaturalist.org/observations/181548210	Fungi	Basidiomycota	Agaricomycetes	Agaricales	Physalacriaceae	Armillaria	Armillaria ostoyae		SPECIES	Armillaria ostoyae (Romagn.) Herink	Armillaria ostoyae		CA		Québec	PRESENT		28eb1a3f-1c15-4a95-931a-4af90ecb574d	47.135627	-70.723491							2023-09-02T16:55	2	9	2023	2536899	2536899	HUMAN_OBSERVATION	iNaturalist	Observations	181548210		egrenier	2023-09-03T13:28:58	CC_BY_NC_4_0	egrenier	egrenier			2025-01-14T12:40:01.707Z	StillImage	COORDINATE_ROUNDED;CONTINENT_DERIVED_FROM_COORDINATES;TAXON_MATCH_TAXON_ID_IGNORED
4416704792	50c9509d-22c7-4a22-a47d-8c48425ef4a7	https://www.inaturalist.org/observations/182842636	Fungi	Basidiomycota	Agaricomycetes	Agaricales	Physalacriaceae	Armillaria	Armillaria ostoyae		SPECIES	Armillaria ostoyae (Romagn.) Herink	Armillaria ostoyae		CA		Québec	PRESENT		28eb1a3f-1c15-4a95-931a-4af90ecb574d	45.369318	-72.621628	713.0						2023-08-19T12:43	19	8	2023	2536899	2536899	HUMAN_OBSERVATION	iNaturalist	Observations	182842636		Antoine Fortin	2023-09-11T18:44:29	CC_BY_NC_4_0	Antoine Fortin	Antoine Fortin			2025-01-14T12:41:51.768Z	StillImage	COORDINATE_ROUNDED;CONTINENT_DERIVED_FROM_COORDINATES;TAXON_MATCH_TAXON_ID_IGNORED
4414167069	50c9509d-22c7-4a22-a47d-8c48425ef4a7	https://www.inaturalist.org/observations/182893256	Fungi	Basidiomycota	Agaricomycetes	Agaricales	Physalacriaceae	Armillaria	Armillaria ostoyae		SPECIES	Armillaria ostoyae (Romagn.) Herink	Armillaria ostoyae		CA		Ontario	PRESENT		28eb1a3f-1c15-4a95-931a-4af90ecb574d	45.452933	-75.547765	44.0						2023-09-10T13:36	10	9	2023	2536899	2536899	HUMAN_OBSERVATION	iNaturalist	Observations	182893256		jonathan_mack	2023-09-12T01:50:11	CC_BY_NC_4_0	jonathan_mack	jonathan_mack			2025-01-14T13:33:23.107Z	StillImage	COORDINATE_ROUNDED;CONTINENT_DERIVED_FROM_COORDINATES;TAXON_MATCH_TAXON_ID_IGNORED
4413573064	50c9509d-22c7-4a22-a47d-8c48425ef4a7	https://www.inaturalist.org/observations/182737280	Fungi	Basidiomycota	Agaricomycetes	Agaricales	Physalacriaceae	Armillaria	Armillaria ostoyae		SPECIES	Armillaria ostoyae (Romagn.) Herink	Armillaria ostoyae		CA		Ontario	PRESENT		28eb1a3f-1c15-4a95-931a-4af90ecb574d	45.942153	-78.72546	1044.0						2023-09-06T08:22	6	9	2023	2536899	2536899	HUMAN_OBSERVATION	iNaturalist	Observations	182737280		L Joan Heyding	2023-09-11T00:43:17	CC_BY_NC_4_0	L Joan Heyding	L Joan Heyding			2025-01-14T12:42:05.505Z	StillImage	COORDINATE_ROUNDED;CONTINENT_DERIVED_FROM_COORDINATES;TAXON_MATCH_TAXON_ID_IGNORED
4407063378	50c9509d-22c7-4a22-a47d-8c48425ef4a7	https://www.inaturalist.org/observations/138661536	Fungi	Basidiomycota	Agaricomycetes	Agaricales	Physalacriaceae	Armillaria	Armillaria ostoyae		SPECIES	Armillaria ostoyae (Romagn.) Herink	Armillaria ostoyae		CA		Ontario	PRESENT		28eb1a3f-1c15-4a95-931a-4af90ecb574d	45.423952	-76.351299	2109.0						2022-10-07T19:01:05	7	10	2022	2536899	2536899	HUMAN_OBSERVATION	iNaturalist	Observations	138661536		David McLagan	2023-08-30T17:22:33	CC_BY_NC_4_0	Cerys_just_Cerys	Cerys_just_Cerys			2025-01-14T12:32:27.998Z	StillImage	COORDINATE_ROUNDED;CONTINENT_DERIVED_FROM_COORDINATES;TAXON_MATCH_TAXON_ID_IGNORED
4405384970	50c9509d-22c7-4a22-a47d-8c48425ef4a7	https://www.inaturalist.org/observations/180330610	Fungi	Basidiomycota	Agaricomycetes	Agaricales	Physalacriaceae	Armillaria	Armillaria ostoyae		SPECIES	Armillaria ostoyae (Romagn.) Herink	Armillaria ostoyae		CA		Québec	PRESENT		28eb1a3f-1c15-4a95-931a-4af90ecb574d	46.273853	-74.537803	9.0						2023-08-25T11:00:08	25	8	2023	2536899	2536899	HUMAN_OBSERVATION	iNaturalist	Observations	180330610		sashasocs	2023-08-26T20:27:08	CC_BY_NC_4_0	sashasocs	sashasocs			2025-01-14T12:39:42.120Z	StillImage	COORDINATE_ROUNDED;CONTINENT_DERIVED_FROM_COORDINATES;TAXON_MATCH_TAXON_ID_IGNORED
4405086038	50c9509d-22c7-4a22-a47d-8c48425ef4a7	https://www.inaturalist.org/observations/179776155	Fungi	Basidiomycota	Agaricomycetes	Agaricales	Physalacriaceae	Armillaria	Armillaria ostoyae		SPECIES	Armillaria ostoyae (Romagn.) Herink	Armillaria ostoyae		CA		Québec	PRESENT		28eb1a3f-1c15-4a95-931a-4af90ecb574d	46.280805	-74.513588	5.0						2023-08-22T17:33:35	22	8	2023	2536899	2536899	HUMAN_OBSERVATION	iNaturalist	Observations	179776155		woodstream	2023-08-23T02:52:45	CC_BY_NC_4_0	woodstream	woodstream			2025-01-14T12:40:09.644Z	StillImage	COORDINATE_ROUNDED;CONTINENT_DERIVED_FROM_COORDINATES;TAXON_MATCH_TAXON_ID_IGNORED
4400218843	50c9509d-22c7-4a22-a47d-8c48425ef4a7	https://www.inaturalist.org/observations/179620271	Fungi	Basidiomycota	Agaricomycetes	Agaricales	Physalacriaceae	Armillaria	Armillaria ostoyae		SPECIES	Armillaria ostoyae (Romagn.) Herink	Armillaria ostoyae		CA		Québec	PRESENT		28eb1a3f-1c15-4a95-931a-4af90ecb574d	45.392502	-73.384234	187.0						2011-10-06T11:07	6	10	2011	2536899	2536899	HUMAN_OBSERVATION	iNaturalist	Observations	179620271		bouletr	2023-08-22T01:56:37	CC_BY_NC_4_0	bouletr	bouletr			2025-01-14T12:41:16.912Z	StillImage	COORDINATE_ROUNDED;CONTINENT_DERIVED_FROM_COORDINATES;TAXON_MATCH_TAXON_ID_IGNORED
4400100255	50c9509d-22c7-4a22-a47d-8c48425ef4a7	https://www.inaturalist.org/observations/179527995	Fungi	Basidiomycota	Agaricomycetes	Agaricales	Physalacriaceae	Armillaria	Armillaria ostoyae		SPECIES	Armillaria ostoyae (Romagn.) Herink	Armillaria ostoyae		CA		Québec	PRESENT		28eb1a3f-1c15-4a95-931a-4af90ecb574d	45.034111	-71.904726	371.0						2023-08-21T10:29:38	21	8	2023	2536899	2536899	HUMAN_OBSERVATION	iNaturalist	Observations	179527995		elloucho	2023-08-21T14:43:44	CC_BY_NC_4_0	elloucho	elloucho			2025-01-14T12:40:05.283Z	StillImage	COORDINATE_ROUNDED;CONTINENT_DERIVED_FROM_COORDINATES;TAXON_MATCH_TAXON_ID_IGNORED
4067237716	50c9509d-22c7-4a22-a47d-8c48425ef4a7	https://www.inaturalist.org/observations/149044607	Fungi	Basidiomycota	Agaricomycetes	Agaricales	Physalacriaceae	Armillaria	Armillaria ostoyae		SPECIES	Armillaria ostoyae (Romagn.) Herink	Armillaria ostoyae		CA		Québec	PRESENT		28eb1a3f-1c15-4a95-931a-4af90ecb574d	45.939409	-74.236777	180.0						2019-09-30T09:51	30	9	2019	2536899	2536899	HUMAN_OBSERVATION	iNaturalist	Observations	149044607		marcibabineau	2023-02-18T15:19:38	CC_BY_NC_4_0	marcibabineau	marcibabineau			2025-01-14T13:33:14.110Z	StillImage	COORDINATE_ROUNDED;CONTINENT_DERIVED_FROM_COORDINATES;TAXON_MATCH_TAXON_ID_IGNORED
4015034408	50c9509d-22c7-4a22-a47d-8c48425ef4a7	https://www.inaturalist.org/observations/146220659	Fungi	Basidiomycota	Agaricomycetes	Agaricales	Physalacriaceae	Armillaria	Armillaria ostoyae		SPECIES	Armillaria ostoyae (Romagn.) Herink	Armillaria ostoyae		CA		Québec	PRESENT		28eb1a3f-1c15-4a95-931a-4af90ecb574d	45.817005	-76.427404	27095.0						2022-10-05T09:17	5	10	2022	2536899	2536899	HUMAN_OBSERVATION	iNaturalist	Observations	146220659		L Joan Heyding	2023-01-09T19:07:50	CC_BY_NC_4_0	L Joan Heyding	L Joan Heyding			2025-01-14T12:34:06.337Z	StillImage	COORDINATE_ROUNDED;CONTINENT_DERIVED_FROM_COORDINATES;TAXON_MATCH_TAXON_ID_IGNORED
4011491600	50c9509d-22c7-4a22-a47d-8c48425ef4a7	https://www.inaturalist.org/observations/144322614	Fungi	Basidiomycota	Agaricomycetes	Agaricales	Physalacriaceae	Armillaria	Armillaria ostoyae		SPECIES	Armillaria ostoyae (Romagn.) Herink	Armillaria ostoyae		CA		Québec	PRESENT		28eb1a3f-1c15-4a95-931a-4af90ecb574d	45.461287	-74.164669	8.0						2015-10-20T14:38	20	10	2015	2536899	2536899	HUMAN_OBSERVATION	iNaturalist	Observations	144322614		Kilby Gordon	2022-12-13T22:39:32	CC_BY_NC_4_0	Kilby Gordon	Kilby Gordon			2025-01-14T13:22:47.902Z	StillImage	COORDINATE_ROUNDED;CONTINENT_DERIVED_FROM_COORDINATES;TAXON_MATCH_TAXON_ID_IGNORED
3988763400	50c9509d-22c7-4a22-a47d-8c48425ef4a7	https://www.inaturalist.org/observations/97461509	Fungi	Basidiomycota	Agaricomycetes	Agaricales	Physalacriaceae	Armillaria	Armillaria ostoyae		SPECIES	Armillaria ostoyae (Romagn.) Herink	Armillaria ostoyae		CA		Québec	PRESENT		28eb1a3f-1c15-4a95-931a-4af90ecb574d	46.842506	-71.411975	9.0						2021-10-07T13:11:49	7	10	2021	2536899	2536899	HUMAN_OBSERVATION	iNaturalist	Observations	97461509		Edouard Morin	2021-10-07T17:13:59	CC_BY_NC_4_0	Edouard Morin	Edouard Morin			2025-01-14T12:23:20.108Z	StillImage	COORDINATE_ROUNDED;CONTINENT_DERIVED_FROM_COORDINATES;TAXON_MATCH_TAXON_ID_IGNORED
3947550555	50c9509d-22c7-4a22-a47d-8c48425ef4a7	https://www.inaturalist.org/observations/138856847	Fungi	Basidiomycota	Agaricomycetes	Agaricales	Physalacriaceae	Armillaria	Armillaria ostoyae		SPECIES	Armillaria ostoyae (Romagn.) Herink	Armillaria ostoyae		CA		Québec	PRESENT		28eb1a3f-1c15-4a95-931a-4af90ecb574d	45.68788	-73.749213	7.0						2022-10-15T10:42:45	15	10	2022	2536899	2536899	HUMAN_OBSERVATION	iNaturalist	Observations	138856847		timfoster	2022-10-15T16:27:59	CC_BY_NC_4_0	timfoster	timfoster			2025-01-14T12:32:17.893Z	StillImage	COORDINATE_ROUNDED;CONTINENT_DERIVED_FROM_COORDINATES;TAXON_MATCH_TAXON_ID_IGNORED
3925458226	50c9509d-22c7-4a22-a47d-8c48425ef4a7	https://www.inaturalist.org/observations/138045138	Fungi	Basidiomycota	Agaricomycetes	Agaricales	Physalacriaceae	Armillaria	Armillaria ostoyae		SPECIES	Armillaria ostoyae (Romagn.) Herink	Armillaria ostoyae		CA		Québec	PRESENT		28eb1a3f-1c15-4a95-931a-4af90ecb574d	45.491405	-75.859895	3.0						2022-10-08T18:17:40	8	10	2022	2536899	2536899	HUMAN_OBSERVATION	iNaturalist	Observations	138045138		cinna_latifolia	2022-10-09T06:27:03	CC_BY_NC_4_0	Maria Bastas	Maria Bastas			2025-01-14T13:25:57.595Z	StillImage	CONTINENT_DERIVED_FROM_COORDINATES;TAXON_MATCH_TAXON_ID_IGNORED
3925135047	50c9509d-22c7-4a22-a47d-8c48425ef4a7	https://www.inaturalist.org/observations/137809544	Fungi	Basidiomycota	Agaricomycetes	Agaricales	Physalacriaceae	Armillaria	Armillaria ostoyae		SPECIES	Armillaria ostoyae (Romagn.) Herink	Armillaria ostoyae		CA		Québec	PRESENT		28eb1a3f-1c15-4a95-931a-4af90ecb574d	45.886388	-76.515672	27095.0						2022-10-05T12:27	5	10	2022	2536899	2536899	HUMAN_OBSERVATION	iNaturalist	Observations	137809544		L Joan Heyding	2022-10-06T23:48:12	CC_BY_NC_4_0	L Joan Heyding	L Joan Heyding			2025-01-14T13:25:46.603Z	StillImage	COORDINATE_ROUNDED;CONTINENT_DERIVED_FROM_COORDINATES;TAXON_MATCH_TAXON_ID_IGNORED
3881581446	50c9509d-22c7-4a22-a47d-8c48425ef4a7	https://www.inaturalist.org/observations/122176689	Fungi	Basidiomycota	Agaricomycetes	Agaricales	Physalacriaceae	Armillaria	Armillaria ostoyae		SPECIES	Armillaria ostoyae (Romagn.) Herink	Armillaria ostoyae		CA		New Brunswick	PRESENT		28eb1a3f-1c15-4a95-931a-4af90ecb574d	47.735636	-65.848363	1459.0						2021-10-19T16:04	19	10	2021	2536899	2536899	HUMAN_OBSERVATION	iNaturalist	Observations	122176689		roachiecanada	2022-06-17T16:08:05	CC_BY_NC_4_0	roachiecanada	roachiecanada			2025-01-14T12:29:35.476Z	StillImage	CONTINENT_DERIVED_FROM_COORDINATES;TAXON_MATCH_TAXON_ID_IGNORED
3456884199	50c9509d-22c7-4a22-a47d-8c48425ef4a7	https://www.inaturalist.org/observations/96854153	Fungi	Basidiomycota	Agaricomycetes	Agaricales	Physalacriaceae	Armillaria	Armillaria ostoyae		SPECIES	Armillaria ostoyae (Romagn.) Herink	Armillaria ostoyae		CA		Québec	PRESENT		28eb1a3f-1c15-4a95-931a-4af90ecb574d	47.362817	-70.603828	48.0						2021-10-01T11:18:33	1	10	2021	2536899	2536899	HUMAN_OBSERVATION	iNaturalist	Observations	96854153		Marilyne Busque-Dubois	2021-10-02T03:02:20	CC_BY_4_0	Marilyne Busque-Dubois	Marilyne Busque-Dubois			2025-01-14T12:23:39.949Z	StillImage	COORDINATE_ROUNDED;CONTINENT_DERIVED_FROM_COORDINATES;TAXON_MATCH_TAXON_ID_IGNORED
3456066036	50c9509d-22c7-4a22-a47d-8c48425ef4a7	https://www.inaturalist.org/observations/97841892	Fungi	Basidiomycota	Agaricomycetes	Agaricales	Physalacriaceae	Armillaria	Armillaria ostoyae		SPECIES	Armillaria ostoyae (Romagn.) Herink	Armillaria ostoyae		CA		Québec	PRESENT		28eb1a3f-1c15-4a95-931a-4af90ecb574d	47.300072	-70.613433	24.0						2021-10-10T16:09:49	10	10	2021	2536899	2536899	HUMAN_OBSERVATION	iNaturalist	Observations	97841892		Milan Kovačević	2021-12-29T22:09:10	CC_BY_4_0	Marilyne Busque-Dubois	Marilyne Busque-Dubois			2025-01-14T12:23:18.778Z	StillImage	COORDINATE_ROUNDED;CONTINENT_DERIVED_FROM_COORDINATES;TAXON_MATCH_TAXON_ID_IGNORED
3455737274	50c9509d-22c7-4a22-a47d-8c48425ef4a7	https://www.inaturalist.org/observations/96855013	Fungi	Basidiomycota	Agaricomycetes	Agaricales	Physalacriaceae	Armillaria	Armillaria ostoyae		SPECIES	Armillaria ostoyae (Romagn.) Herink	Armillaria ostoyae		CA		Québec	PRESENT		28eb1a3f-1c15-4a95-931a-4af90ecb574d	47.363278	-70.603897	24.0						2021-10-01T11:12:41	1	10	2021	2536899	2536899	HUMAN_OBSERVATION	iNaturalist	Observations	96855013		Marilyne Busque-Dubois	2021-12-29T14:28:20	CC_BY_4_0	Marilyne Busque-Dubois	Marilyne Busque-Dubois			2025-01-14T12:22:16.026Z	StillImage	COORDINATE_ROUNDED;CONTINENT_DERIVED_FROM_COORDINATES;TAXON_MATCH_TAXON_ID_IGNORED
3415461984	50c9509d-22c7-4a22-a47d-8c48425ef4a7	https://www.inaturalist.org/observations/96929349	Fungi	Basidiomycota	Agaricomycetes	Agaricales	Physalacriaceae	Armillaria	Armillaria ostoyae		SPECIES	Armillaria ostoyae (Romagn.) Herink	Armillaria ostoyae		CA		Ontario	PRESENT		28eb1a3f-1c15-4a95-931a-4af90ecb574d	46.297828	-78.842474	109.0						2021-10-01T17:20:27	1	10	2021	2536899	2536899	HUMAN_OBSERVATION	iNaturalist	Observations	96929349		cinna_latifolia	2021-11-20T06:07:23	CC_BY_NC_4_0	KaitlynnV	KaitlynnV			2025-01-14T12:22:15.288Z	StillImage	COORDINATE_ROUNDED;CONTINENT_DERIVED_FROM_COORDINATES;TAXON_MATCH_TAXON_ID_IGNORED
3408156569	50c9509d-22c7-4a22-a47d-8c48425ef4a7	https://www.inaturalist.org/observations/98331298	Fungi	Basidiomycota	Agaricomycetes	Agaricales	Physalacriaceae	Armillaria	Armillaria ostoyae		SPECIES	Armillaria ostoyae (Romagn.) Herink	Armillaria ostoyae		CA		Québec	PRESENT		28eb1a3f-1c15-4a95-931a-4af90ecb574d	45.955937	-74.804808	4.0						2021-10-15T17:42:22	15	10	2021	2536899	2536899	HUMAN_OBSERVATION	iNaturalist	Observations	98331298		Mical	2021-10-16T00:16:27	CC_BY_4_0	Mical	Mical			2025-01-14T13:12:00.508Z	StillImage	COORDINATE_ROUNDED;CONTINENT_DERIVED_FROM_COORDINATES;TAXON_MATCH_TAXON_ID_IGNORED
3399138906	50c9509d-22c7-4a22-a47d-8c48425ef4a7	https://www.inaturalist.org/observations/97821065	Fungi	Basidiomycota	Agaricomycetes	Agaricales	Physalacriaceae	Armillaria	Armillaria ostoyae		SPECIES	Armillaria ostoyae (Romagn.) Herink	Armillaria ostoyae		CA		Québec	PRESENT		28eb1a3f-1c15-4a95-931a-4af90ecb574d	46.292166	-72.695266	361.0						2021-10-10T16:57	10	10	2021	2536899	2536899	HUMAN_OBSERVATION	iNaturalist	Observations	97821065		Morphie	2021-10-25T00:44:46	CC_BY_NC_4_0	Mathis Boisvert	Mathis Boisvert			2025-01-14T13:11:56.446Z	StillImage	COORDINATE_ROUNDED;CONTINENT_DERIVED_FROM_COORDINATES;TAXON_MATCH_TAXON_ID_IGNORED
3385200841	50c9509d-22c7-4a22-a47d-8c48425ef4a7	https://www.inaturalist.org/observations/96709254	Fungi	Basidiomycota	Agaricomycetes	Agaricales	Physalacriaceae	Armillaria	Armillaria ostoyae		SPECIES	Armillaria ostoyae (Romagn.) Herink	Armillaria ostoyae		CA		New Brunswick	PRESENT		28eb1a3f-1c15-4a95-931a-4af90ecb574d	47.656929	-65.670739							2021-09-26T13:32:26	26	9	2021	2536899	2536899	HUMAN_OBSERVATION	iNaturalist	Observations	96709254		janellemclaughlin	2021-09-30T18:31:47	CC_BY_NC_4_0	janellemclaughlin	janellemclaughlin			2025-01-14T13:17:11.919Z	StillImage	COORDINATE_ROUNDED;CONTINENT_DERIVED_FROM_COORDINATES;TAXON_MATCH_TAXON_ID_IGNORED
3384581717	50c9509d-22c7-4a22-a47d-8c48425ef4a7	https://www.inaturalist.org/observations/97504481	Fungi	Basidiomycota	Agaricomycetes	Agaricales	Physalacriaceae	Armillaria	Armillaria ostoyae		SPECIES	Armillaria ostoyae (Romagn.) Herink	Armillaria ostoyae		CA		Québec	PRESENT		28eb1a3f-1c15-4a95-931a-4af90ecb574d	45.8954	-74.067619	18.0						2021-10-07T13:46:41	7	10	2021	2536899	2536899	HUMAN_OBSERVATION	iNaturalist	Observations	97504481		Denis Paquette	2021-10-08T00:56:28	CC_BY_NC_4_0	Denis Paquette	Denis Paquette			2025-01-14T12:25:21.659Z	StillImage	COORDINATE_ROUNDED;CONTINENT_DERIVED_FROM_COORDINATES;TAXON_MATCH_TAXON_ID_IGNORED
3384411557	50c9509d-22c7-4a22-a47d-8c48425ef4a7	https://www.inaturalist.org/observations/96490984	Fungi	Basidiomycota	Agaricomycetes	Agaricales	Physalacriaceae	Armillaria	Armillaria ostoyae		SPECIES	Armillaria ostoyae (Romagn.) Herink	Armillaria ostoyae		CA		Québec	PRESENT		28eb1a3f-1c15-4a95-931a-4af90ecb574d	45.899155	-75.617492	3.0						2021-09-26T14:34:14	26	9	2021	2536899	2536899	HUMAN_OBSERVATION	iNaturalist	Observations	96490984		Marc-Aurèle Vallée	2021-09-30T16:48:57	CC_BY_NC_4_0	andreaga	andreaga			2025-01-14T12:22:50.619Z	StillImage	COORDINATE_ROUNDED;CONTINENT_DERIVED_FROM_COORDINATES;TAXON_MATCH_TAXON_ID_IGNORED
3337436504	50c9509d-22c7-4a22-a47d-8c48425ef4a7	https://www.inaturalist.org/observations/74792983	Fungi	Basidiomycota	Agaricomycetes	Agaricales	Physalacriaceae	Armillaria	Armillaria ostoyae		SPECIES	Armillaria ostoyae (Romagn.) Herink	Armillaria ostoyae		CA		Québec	PRESENT		28eb1a3f-1c15-4a95-931a-4af90ecb574d	46.837343	-79.208655	31.0						2013-08-27T11:57	27	8	2013	2536899	2536899	HUMAN_OBSERVATION	iNaturalist	Observations	74792983		Jonathan Jensen-Lynch	2021-08-15T05:50:04	CC_BY_NC_4_0	Jonathan Fréchette	Jonathan Fréchette			2025-01-14T13:06:55.854Z	StillImage	COORDINATE_ROUNDED;CONTINENT_DERIVED_FROM_COORDINATES;TAXON_MATCH_TAXON_ID_IGNORED
3301788520	50c9509d-22c7-4a22-a47d-8c48425ef4a7	https://www.inaturalist.org/observations/74842742	Fungi	Basidiomycota	Agaricomycetes	Agaricales	Physalacriaceae	Armillaria	Armillaria ostoyae		SPECIES	Armillaria ostoyae (Romagn.) Herink	Armillaria ostoyae		CA		Québec	PRESENT		28eb1a3f-1c15-4a95-931a-4af90ecb574d	46.784414	-71.270143	267.0						2017-09-20T11:32	20	9	2017	2536899	2536899	HUMAN_OBSERVATION	iNaturalist	Observations	74842742		Léo-Guy de Repentigny	2021-04-22T15:47:40	CC_BY_NC_4_0	Léo-Guy de Repentigny	Léo-Guy de Repentigny			2025-01-14T12:17:29.086Z	StillImage	COORDINATE_ROUNDED;CONTINENT_DERIVED_FROM_COORDINATES;TAXON_MATCH_TAXON_ID_IGNORED
3070519976	50c9509d-22c7-4a22-a47d-8c48425ef4a7	https://www.inaturalist.org/observations/45277748	Fungi	Basidiomycota	Agaricomycetes	Agaricales	Physalacriaceae	Armillaria	Armillaria ostoyae		SPECIES	Armillaria ostoyae (Romagn.) Herink	Armillaria ostoyae		CA		New Brunswick	PRESENT		28eb1a3f-1c15-4a95-931a-4af90ecb574d	46.810399	-64.961128	488.0						2019-10-05T14:53	5	10	2019	2536899	2536899	HUMAN_OBSERVATION	iNaturalist	Observations	45277748		Raymonde G Chartier	2020-05-08T18:32:13	CC_BY_NC_4_0	antondeswardt	antondeswardt			2025-01-14T12:12:21.034Z	StillImage	COORDINATE_ROUNDED;CONTINENT_DERIVED_FROM_COORDINATES;TAXON_MATCH_TAXON_ID_IGNORED
3070264944	50c9509d-22c7-4a22-a47d-8c48425ef4a7	https://www.inaturalist.org/observations/45275973	Fungi	Basidiomycota	Agaricomycetes	Agaricales	Physalacriaceae	Armillaria	Armillaria ostoyae		SPECIES	Armillaria ostoyae (Romagn.) Herink	Armillaria ostoyae		CA		New Brunswick	PRESENT		28eb1a3f-1c15-4a95-931a-4af90ecb574d	46.810399	-64.961128	488.0						2019-10-04T16:33	4	10	2019	2536899	2536899	HUMAN_OBSERVATION	iNaturalist	Observations	45275973		Raymonde G Chartier	2020-05-08T18:33:26	CC_BY_NC_4_0	antondeswardt	antondeswardt			2025-01-14T13:06:43.741Z	StillImage	COORDINATE_ROUNDED;CONTINENT_DERIVED_FROM_COORDINATES;TAXON_MATCH_TAXON_ID_IGNORED
2873976996	50c9509d-22c7-4a22-a47d-8c48425ef4a7	https://www.inaturalist.org/observations/60880630	Fungi	Basidiomycota	Agaricomycetes	Agaricales	Physalacriaceae	Armillaria	Armillaria ostoyae		SPECIES	Armillaria ostoyae (Romagn.) Herink	Armillaria ostoyae		CA		New Brunswick	PRESENT		28eb1a3f-1c15-4a95-931a-4af90ecb574d	47.618589	-65.683264	8.0						2020-09-26T17:16:24	26	9	2020	2536899	2536899	HUMAN_OBSERVATION	iNaturalist	Observations	60880630		Raymonde G Chartier	2020-09-27T02:35:52	CC_BY_NC_4_0	Berthelot	Berthelot			2025-01-14T12:15:52.258Z	StillImage	COORDINATE_ROUNDED;CONTINENT_DERIVED_FROM_COORDINATES;TAXON_MATCH_TAXON_ID_IGNORED
2873843819	50c9509d-22c7-4a22-a47d-8c48425ef4a7	https://www.inaturalist.org/observations/60782457	Fungi	Basidiomycota	Agaricomycetes	Agaricales	Physalacriaceae	Armillaria	Armillaria ostoyae		SPECIES	Armillaria ostoyae (Romagn.) Herink	Armillaria ostoyae		CA		Ontario	PRESENT		28eb1a3f-1c15-4a95-931a-4af90ecb574d	45.369171	-75.796018	15.0						2020-09-25T16:13	25	9	2020	2536899	2536899	HUMAN_OBSERVATION	iNaturalist	Observations	60782457		jonathan_mack	2020-09-26T02:16:04	CC_BY_NC_4_0	jonathan_mack	jonathan_mack			2025-01-14T13:09:58.549Z	StillImage	COORDINATE_ROUNDED;CONTINENT_DERIVED_FROM_COORDINATES;TAXON_MATCH_TAXON_ID_IGNORED
2626460549	50c9509d-22c7-4a22-a47d-8c48425ef4a7	https://www.inaturalist.org/observations/45277809	Fungi	Basidiomycota	Agaricomycetes	Agaricales	Physalacriaceae	Armillaria	Armillaria ostoyae		SPECIES	Armillaria ostoyae (Romagn.) Herink	Armillaria ostoyae		CA		New Brunswick	PRESENT		28eb1a3f-1c15-4a95-931a-4af90ecb574d	46.810399	-64.961128	488.0						2019-10-05T14:53	5	10	2019	2536899	2536899	HUMAN_OBSERVATION	iNaturalist	Observations	45277809		Raymonde G Chartier	2020-05-08T18:31:37	CC_BY_NC_4_0	antondeswardt	antondeswardt			2025-01-14T13:02:14.586Z	StillImage	COORDINATE_ROUNDED;CONTINENT_DERIVED_FROM_COORDINATES;TAXON_MATCH_TAXON_ID_IGNORED
2626151285	50c9509d-22c7-4a22-a47d-8c48425ef4a7	https://www.inaturalist.org/observations/45276881	Fungi	Basidiomycota	Agaricomycetes	Agaricales	Physalacriaceae	Armillaria	Armillaria ostoyae		SPECIES	Armillaria ostoyae (Romagn.) Herink	Armillaria ostoyae		CA		New Brunswick	PRESENT		28eb1a3f-1c15-4a95-931a-4af90ecb574d	46.810399	-64.961128	488.0						2019-10-04T17:18	4	10	2019	2536899	2536899	HUMAN_OBSERVATION	iNaturalist	Observations	45276881		Raymonde G Chartier	2020-05-08T18:32:42	CC_BY_NC_4_0	antondeswardt	antondeswardt			2025-01-14T12:12:16.601Z	StillImage	COORDINATE_ROUNDED;CONTINENT_DERIVED_FROM_COORDINATES;TAXON_MATCH_TAXON_ID_IGNORED
2576433991	50c9509d-22c7-4a22-a47d-8c48425ef4a7	https://www.inaturalist.org/observations/34785154	Fungi	Basidiomycota	Agaricomycetes	Agaricales	Physalacriaceae	Armillaria	Armillaria ostoyae		SPECIES	Armillaria ostoyae (Romagn.) Herink	Armillaria ostoyae		CA		New Brunswick	PRESENT		28eb1a3f-1c15-4a95-931a-4af90ecb574d	46.16595	-64.330641	1502.0						2012-10-07T14:13	7	10	2012	2536899	2536899	HUMAN_OBSERVATION	iNaturalist	Observations	34785154		Raymonde G Chartier	2019-10-23T15:25:36	CC_BY_NC_4_0	Raymonde G Chartier	Raymonde G Chartier			2025-01-14T12:10:15.535Z	StillImage	COORDINATE_ROUNDED;CONTINENT_DERIVED_FROM_COORDINATES;TAXON_MATCH_TAXON_ID_IGNORED
2576265096	50c9509d-22c7-4a22-a47d-8c48425ef4a7	https://www.inaturalist.org/observations/34532494	Fungi	Basidiomycota	Agaricomycetes	Agaricales	Physalacriaceae	Armillaria	Armillaria ostoyae		SPECIES	Armillaria ostoyae (Romagn.) Herink	Armillaria ostoyae		CA		New Brunswick	PRESENT		28eb1a3f-1c15-4a95-931a-4af90ecb574d	46.211343	-64.288026	488.0						2014-10-13T13:57	13	10	2014	2536899	2536899	HUMAN_OBSERVATION	iNaturalist	Observations	34532494		Raymonde G Chartier	2019-10-18T12:04:25	CC_BY_NC_4_0	Raymonde G Chartier	Raymonde G Chartier			2025-01-14T12:09:36.387Z	StillImage	COORDINATE_ROUNDED;CONTINENT_DERIVED_FROM_COORDINATES;TAXON_MATCH_TAXON_ID_IGNORED
2574067285	50c9509d-22c7-4a22-a47d-8c48425ef4a7	https://www.inaturalist.org/observations/33503652	Fungi	Basidiomycota	Agaricomycetes	Agaricales	Physalacriaceae	Armillaria	Armillaria ostoyae		SPECIES	Armillaria ostoyae (Romagn.) Herink	Armillaria ostoyae		CA		Québec	PRESENT		28eb1a3f-1c15-4a95-931a-4af90ecb574d	46.756314	-71.32429	15.0						2019-09-27	27	9	2019	2536899	2536899	HUMAN_OBSERVATION	iNaturalist	Observations	33503652		Ludo Leclerc	2019-09-30T16:32:29	CC_BY_NC_4_0	Ludo Leclerc	Ludo Leclerc			2025-01-14T13:05:00.474Z	StillImage	COORDINATE_ROUNDED;CONTINENT_DERIVED_FROM_COORDINATES;TAXON_MATCH_TAXON_ID_IGNORED
2429325994	50c9509d-22c7-4a22-a47d-8c48425ef4a7	https://www.inaturalist.org/observations/33683225	Fungi	Basidiomycota	Agaricomycetes	Agaricales	Physalacriaceae	Armillaria	Armillaria ostoyae		SPECIES	Armillaria ostoyae (Romagn.) Herink	Armillaria ostoyae		CA		Québec	PRESENT		28eb1a3f-1c15-4a95-931a-4af90ecb574d	45.58215	-75.913001							2019-09-29T16:18	29	9	2019	2536899	2536899	HUMAN_OBSERVATION	iNaturalist	Observations	33683225		Serguei Ponomarenko	2019-10-01T02:29:28	CC_BY_NC_4_0	Serguei Ponomarenko	Serguei Ponomarenko			2025-01-14T13:06:24.618Z	StillImage	COORDINATE_ROUNDED;CONTINENT_DERIVED_FROM_COORDINATES;TAXON_MATCH_TAXON_ID_IGNORED
1847647609	50c9509d-22c7-4a22-a47d-8c48425ef4a7	https://www.inaturalist.org/observations/9595131	Fungi	Basidiomycota	Agaricomycetes	Agaricales	Physalacriaceae	Armillaria	Armillaria ostoyae		SPECIES	Armillaria ostoyae (Romagn.) Herink	Armillaria ostoyae		CA		Ontario	PRESENT		28eb1a3f-1c15-4a95-931a-4af90ecb574d	45.40545	-78.88685	3012.0						2017-09-26	26	9	2017	2536899	2536899	HUMAN_OBSERVATION	iNaturalist	Observations	9595131		mycowalt	2023-01-18T18:30:30	CC_BY_NC_4_0	mycowalt	mycowalt			2025-01-14T12:04:21.135Z	StillImage	CONTINENT_DERIVED_FROM_COORDINATES;TAXON_MATCH_TAXON_ID_IGNORED
1847647084	50c9509d-22c7-4a22-a47d-8c48425ef4a7	https://www.inaturalist.org/observations/9593314	Fungi	Basidiomycota	Agaricomycetes	Agaricales	Physalacriaceae	Armillaria	Armillaria ostoyae		SPECIES	Armillaria ostoyae (Romagn.) Herink	Armillaria ostoyae		CA		Ontario	PRESENT		28eb1a3f-1c15-4a95-931a-4af90ecb574d	45.39615	-79.19605	427.0						2016-09-20	20	9	2016	2536899	2536899	HUMAN_OBSERVATION	iNaturalist	Observations	9593314		mycowalt	2023-01-18T18:30:30	CC_BY_NC_4_0	mycowalt	mycowalt			2025-01-14T12:04:22.216Z	StillImage	CONTINENT_DERIVED_FROM_COORDINATES;TAXON_MATCH_TAXON_ID_IGNORED
1831161541	50c9509d-22c7-4a22-a47d-8c48425ef4a7	https://www.inaturalist.org/observations/9595217	Fungi	Basidiomycota	Agaricomycetes	Agaricales	Physalacriaceae	Armillaria	Armillaria ostoyae		SPECIES	Armillaria ostoyae (Romagn.) Herink	Armillaria ostoyae		CA		Ontario	PRESENT		28eb1a3f-1c15-4a95-931a-4af90ecb574d	45.69085	-78.32155	84661.0						2017-09-22	22	9	2017	2536899	2536899	HUMAN_OBSERVATION	iNaturalist	Observations	9595217		mycowalt	2023-01-18T18:30:31	CC_BY_NC_4_0	mycowalt	mycowalt			2025-01-14T12:59:34.777Z	StillImage	CONTINENT_DERIVED_FROM_COORDINATES;TAXON_MATCH_TAXON_ID_IGNORED
1412706367	21705170-d2b6-42de-8904-c3bca4b83591	CMMF014851	Fungi	Basidiomycota	Agaricomycetes	Agaricales	Physalacriaceae	Armillaria	Armillaria ostoyae		SPECIES	Armillaria ostoyae (Romagn.) Herink	Armillaria ostoyae (Romagn.) Herink	(Romagn.) Herink	CA	Parc, Laterrière, Québec.	Québec	PRESENT		ff7bd5db-b724-4932-b496-10ea298851f9	48.30504	-71.110222	5000.0						1994-09-15	15	9	1994	2536899	2536899	PRESERVED_SPECIMEN	Université de Montréal Biodiversity Centre	CMMF	CMMF014851	1628	Guérin, Gérard		CC0_1_0	Université de Montréal Biodiversity Centre	Guérin, Gérard			2024-01-24T16:38:20.649Z	StillImage	INSTITUTION_MATCH_FUZZY;COLLECTION_MATCH_FUZZY;DIFFERENT_OWNER_INSTITUTION
1412706341	21705170-d2b6-42de-8904-c3bca4b83591	CMMF014850	Fungi	Basidiomycota	Agaricomycetes	Agaricales	Physalacriaceae	Armillaria	Armillaria ostoyae		SPECIES	Armillaria ostoyae (Romagn.) Herink	Armillaria ostoyae (Romagn.) Herink	(Romagn.) Herink	CA	Chicoutimi-Nord, Québec.	Québec	PRESENT		ff7bd5db-b724-4932-b496-10ea298851f9	48.441402	-71.054334	2500.0						1992-09-27	27	9	1992	2536899	2536899	PRESERVED_SPECIMEN	Université de Montréal Biodiversity Centre	CMMF	CMMF014850	1627	Guérin, Gérard		CC0_1_0	Université de Montréal Biodiversity Centre	Guérin, Gérard			2024-01-24T16:38:20.652Z	StillImage	INSTITUTION_MATCH_FUZZY;COLLECTION_MATCH_FUZZY;DIFFERENT_OWNER_INSTITUTION
1135071336	21705170-d2b6-42de-8904-c3bca4b83591	CMMF009978	Fungi	Basidiomycota	Agaricomycetes	Agaricales	Physalacriaceae	Armillaria	Armillaria ostoyae		SPECIES	Armillaria ostoyae (Romagn.) Herink	Armillaria ostoyae (Romagn.) Herink	(Romagn.) Herink	CA	Chemin Chapelle nord, Lac-Beauport.	Québec	PRESENT		ff7bd5db-b724-4932-b496-10ea298851f9	46.950203	-71.284979	150.0						2007-09-10	10	9	2007	2536899	2536899	PRESERVED_SPECIMEN	Université de Montréal Biodiversity Centre	CMMF	CMMF009978	1563	Labrecque, Jacqueline		CC0_1_0	Université de Montréal Biodiversity Centre	Labrecque, Jacqueline			2024-01-24T16:38:21.436Z		INSTITUTION_MATCH_FUZZY;COLLECTION_MATCH_FUZZY;DIFFERENT_OWNER_INSTITUTION
1135070580	21705170-d2b6-42de-8904-c3bca4b83591	CMMF009109	Fungi	Basidiomycota	Agaricomycetes	Agaricales	Physalacriaceae	Armillaria	Armillaria ostoyae		SPECIES	Armillaria ostoyae (Romagn.) Herink	Armillaria ostoyae (Romagn.) Herink	(Romagn.) Herink	CA	Rue des Acadiens, Québec.	Québec	PRESENT		ff7bd5db-b724-4932-b496-10ea298851f9	46.918501	-71.254455	4000.0						2006-09-02	2	9	2006	2536899	2536899	PRESERVED_SPECIMEN	Université de Montréal Biodiversity Centre	CMMF	CMMF009109	692	Labrecque, Jacqueline		CC0_1_0	Université de Montréal Biodiversity Centre	Labrecque, Jacqueline			2024-01-24T16:38:20.239Z		INSTITUTION_MATCH_FUZZY;COLLECTION_MATCH_FUZZY;DIFFERENT_OWNER_INSTITUTION
1135070521	21705170-d2b6-42de-8904-c3bca4b83591	CMMF009123	Fungi	Basidiomycota	Agaricomycetes	Agaricales	Physalacriaceae	Armillaria	Armillaria ostoyae		SPECIES	Armillaria ostoyae (Romagn.) Herink	Armillaria ostoyae (Romagn.) Herink	(Romagn.) Herink	CA	Sentier Pichette (ouest), chemin Éperon, Lac-Beauport.	Québec	PRESENT		ff7bd5db-b724-4932-b496-10ea298851f9	46.953091	-71.275238	5000.0						2006-09-04	4	9	2006	2536899	2536899	PRESERVED_SPECIMEN	Université de Montréal Biodiversity Centre	CMMF	CMMF009123	706	Labrecque, Jacqueline		CC0_1_0	Université de Montréal Biodiversity Centre	Labrecque, Jacqueline			2024-01-24T16:38:20.244Z		INSTITUTION_MATCH_FUZZY;COLLECTION_MATCH_FUZZY;DIFFERENT_OWNER_INSTITUTION
1135066687	21705170-d2b6-42de-8904-c3bca4b83591	CMMF010155	Fungi	Basidiomycota	Agaricomycetes	Agaricales	Physalacriaceae	Armillaria	Armillaria ostoyae		SPECIES	Armillaria ostoyae (Romagn.) Herink	Armillaria ostoyae (Romagn.) Herink	(Romagn.) Herink	CA	Parc des Moulins, Québec.	Québec	PRESENT		ff7bd5db-b724-4932-b496-10ea298851f9	46.887678	-71.301288	600.0						2007-10-06	6	10	2007	2536899	2536899	PRESERVED_SPECIMEN	Université de Montréal Biodiversity Centre	CMMF	CMMF010155	1741	Labrecque, Jacqueline		CC0_1_0	Université de Montréal Biodiversity Centre	Labrecque, Jacqueline			2024-01-24T16:38:20.260Z		INSTITUTION_MATCH_FUZZY;COLLECTION_MATCH_FUZZY;DIFFERENT_OWNER_INSTITUTION
1024560124	21705170-d2b6-42de-8904-c3bca4b83591	CMMF005574	Fungi	Basidiomycota	Agaricomycetes	Agaricales	Physalacriaceae	Armillaria	Armillaria ostoyae		SPECIES	Armillaria ostoyae (Romagn.) Herink	Armillaria ostoyae (Romagn.) Herink	(Romagn.) Herink	CA	Lachute	Québec	PRESENT		ff7bd5db-b724-4932-b496-10ea298851f9	45.66275	-74.241983	100.0						2008-10-04	4	10	2008	2536899	2536899	PRESERVED_SPECIMEN	Université de Montréal Biodiversity Centre	CMMF	CMMF005574	Inexistant	McNeil, Raymond		CC0_1_0	Université de Montréal Biodiversity Centre	McNeil, Raymond			2024-01-24T16:38:15.796Z	StillImage	COORDINATE_ROUNDED;INSTITUTION_MATCH_FUZZY;COLLECTION_MATCH_FUZZY;DIFFERENT_OWNER_INSTITUTION
1024560119	21705170-d2b6-42de-8904-c3bca4b83591	CMMF005576	Fungi	Basidiomycota	Agaricomycetes	Agaricales	Physalacriaceae	Armillaria	Armillaria ostoyae		SPECIES	Armillaria ostoyae (Romagn.) Herink	Armillaria ostoyae (Romagn.) Herink	(Romagn.) Herink	CA	Oka (parc provincial)	Québec	PRESENT		ff7bd5db-b724-4932-b496-10ea298851f9	45.469917	-74.040417	100.0						2004-09-30	30	9	2004	2536899	2536899	PRESERVED_SPECIMEN	Université de Montréal Biodiversity Centre	CMMF	CMMF005576	C2062	McNeil, Raymond		CC0_1_0	Université de Montréal Biodiversity Centre	McNeil, Raymond			2024-01-24T16:38:15.796Z	StillImage	COORDINATE_ROUNDED;INSTITUTION_MATCH_FUZZY;COLLECTION_MATCH_FUZZY;DIFFERENT_OWNER_INSTITUTION
1024560117	21705170-d2b6-42de-8904-c3bca4b83591	CMMF005580	Fungi	Basidiomycota	Agaricomycetes	Agaricales	Physalacriaceae	Armillaria	Armillaria ostoyae		SPECIES	Armillaria ostoyae (Romagn.) Herink	Armillaria ostoyae (Romagn.) Herink	(Romagn.) Herink	CA	Mirabel (Chemin de la Rivière du Nord - St-Jérusalem)	Québec	PRESENT		ff7bd5db-b724-4932-b496-10ea298851f9	45.683917	-74.2185	100.0						2004-10-12	12	10	2004	2536899	2536899	PRESERVED_SPECIMEN	Université de Montréal Biodiversity Centre	CMMF	CMMF005580	C2107	McNeil, Raymond		CC0_1_0	Université de Montréal Biodiversity Centre	McNeil, Raymond			2024-01-24T16:38:15.799Z	StillImage	COORDINATE_ROUNDED;INSTITUTION_MATCH_FUZZY;COLLECTION_MATCH_FUZZY;DIFFERENT_OWNER_INSTITUTION
1024560103	21705170-d2b6-42de-8904-c3bca4b83591	CMMF005579	Fungi	Basidiomycota	Agaricomycetes	Agaricales	Physalacriaceae	Armillaria	Armillaria ostoyae		SPECIES	Armillaria ostoyae (Romagn.) Herink	Armillaria ostoyae (Romagn.) Herink	(Romagn.) Herink	CA	Saint-Lazare (montée Poirier)	Québec	PRESENT		ff7bd5db-b724-4932-b496-10ea298851f9	45.393333	-74.215833	100.0						2004-10-07	7	10	2004	2536899	2536899	PRESERVED_SPECIMEN	Université de Montréal Biodiversity Centre	CMMF	CMMF005579	C2102	McNeil, Raymond		CC0_1_0	Université de Montréal Biodiversity Centre	McNeil, Raymond			2024-01-24T16:38:15.798Z	StillImage	COORDINATE_ROUNDED;INSTITUTION_MATCH_FUZZY;COLLECTION_MATCH_FUZZY;DIFFERENT_OWNER_INSTITUTION
1024560094	21705170-d2b6-42de-8904-c3bca4b83591	CMMF005575	Fungi	Basidiomycota	Agaricomycetes	Agaricales	Physalacriaceae	Armillaria	Armillaria ostoyae		SPECIES	Armillaria ostoyae (Romagn.) Herink	Armillaria ostoyae (Romagn.) Herink	(Romagn.) Herink	CA	Rimouski	Québec	PRESENT		ff7bd5db-b724-4932-b496-10ea298851f9	48.4206	-68.589467	100.0						2005-09-12	12	9	2005	2536899	2536899	PRESERVED_SPECIMEN	Université de Montréal Biodiversity Centre	CMMF	CMMF005575	C2457	McNeil, Raymond		CC0_1_0	Université de Montréal Biodiversity Centre	McNeil, Raymond			2024-01-24T16:38:15.796Z	StillImage	COORDINATE_ROUNDED;INSTITUTION_MATCH_FUZZY;COLLECTION_MATCH_FUZZY;DIFFERENT_OWNER_INSTITUTION
1024560090	21705170-d2b6-42de-8904-c3bca4b83591	CMMF005581	Fungi	Basidiomycota	Agaricomycetes	Agaricales	Physalacriaceae	Armillaria	Armillaria ostoyae		SPECIES	Armillaria ostoyae (Romagn.) Herink	Armillaria ostoyae (Romagn.) Herink	(Romagn.) Herink	CA	Lachute	Québec	PRESENT		ff7bd5db-b724-4932-b496-10ea298851f9	45.66275	-74.241983	100.0						2009-10-06	6	10	2009	2536899	2536899	PRESERVED_SPECIMEN	Université de Montréal Biodiversity Centre	CMMF	CMMF005581	Inexistant	McNeil, Raymond		CC0_1_0	Université de Montréal Biodiversity Centre	McNeil, Raymond			2024-01-24T16:38:15.800Z	StillImage	COORDINATE_ROUNDED;INSTITUTION_MATCH_FUZZY;COLLECTION_MATCH_FUZZY;DIFFERENT_OWNER_INSTITUTION
1024560058	21705170-d2b6-42de-8904-c3bca4b83591	CMMF005578	Fungi	Basidiomycota	Agaricomycetes	Agaricales	Physalacriaceae	Armillaria	Armillaria ostoyae		SPECIES	Armillaria ostoyae (Romagn.) Herink	Armillaria ostoyae (Romagn.) Herink	(Romagn.) Herink	CA	Saint-Lazare (montée Poirier)	Québec	PRESENT		ff7bd5db-b724-4932-b496-10ea298851f9	45.393333	-74.215833	100.0						2004-10-07	7	10	2004	2536899	2536899	PRESERVED_SPECIMEN	Université de Montréal Biodiversity Centre	CMMF	CMMF005578	C2099	McNeil, Raymond		CC0_1_0	Université de Montréal Biodiversity Centre	McNeil, Raymond			2024-01-24T16:38:15.796Z	StillImage	COORDINATE_ROUNDED;INSTITUTION_MATCH_FUZZY;COLLECTION_MATCH_FUZZY;DIFFERENT_OWNER_INSTITUTION
1024560038	21705170-d2b6-42de-8904-c3bca4b83591	CMMF005577	Fungi	Basidiomycota	Agaricomycetes	Agaricales	Physalacriaceae	Armillaria	Armillaria ostoyae		SPECIES	Armillaria ostoyae (Romagn.) Herink	Armillaria ostoyae (Romagn.) Herink	(Romagn.) Herink	CA	Saint-Lazare (montée Poirier)	Québec	PRESENT		ff7bd5db-b724-4932-b496-10ea298851f9	45.393333	-74.215833	100.0						2004-10-07	7	10	2004	2536899	2536899	PRESERVED_SPECIMEN	Université de Montréal Biodiversity Centre	CMMF	CMMF005577	C2098	McNeil, Raymond		CC0_1_0	Université de Montréal Biodiversity Centre	McNeil, Raymond			2024-01-24T16:38:15.796Z	StillImage	COORDINATE_ROUNDED;INSTITUTION_MATCH_FUZZY;COLLECTION_MATCH_FUZZY;DIFFERENT_OWNER_INSTITUTION
