gbifID	datasetKey	occurrenceID	kingdom	phylum	class	order	family	genus	species	infraspecificEpithet	taxonRank	scientificName	verbatimScientificName	verbatimScientificNameAuthorship	countryCode	locality	stateProvince	occurrenceStatus	individualCount	publishingOrgKey	decimalLatitude	decimalLongitude	coordinateUncertaintyInMeters	coordinatePrecision	elevation	elevationAccuracy	depth	depthAccuracy	eventDate	day	month	year	taxonKey	speciesKey	basisOfRecord	institutionCode	collectionCode	catalogNumber	recordNumber	identifiedBy	dateIdentified	license	rightsHolder	recordedBy	typeStatus	establishmentMeans	lastInterpreted	mediaType	issue
727876080	d7cfd2ed-8af4-427f-a16e-eb66b7e2c419	16165	Fungi	Basidiomycota	Agaricomycetes	Agaricales	Psathyrellaceae	Coprinellus	Coprinellus micaceus		SPECIES	Coprinus micaceus (Bull.) Fr.	Coprinus micaceus (Bull.) Fr.	(Bull.) Fr.	CA	Ottawa, Central Experimental Farm	Ontario	PRESENT		ff418020-1d67-11d9-8435-b8a03c50a862	45.378618	-75.722408	1632.0						1972-05-17	17	5	1972	9174116	2534578	PRESERVED_SPECIMEN	Royal Ontario Museum	TRTC	TRTC047901		Malloch, D.W.W.		CC0_1_0	Royal Ontario Museum	Malloch, D.W.			2024-01-25T00:59:38.833Z		COORDINATE_ROUNDED;AMBIGUOUS_INSTITUTION
727876076	d7cfd2ed-8af4-427f-a16e-eb66b7e2c419	16164	Fungi	Basidiomycota	Agaricomycetes	Agaricales	Psathyrellaceae	Coprinellus	Coprinellus micaceus		SPECIES	Coprinus micaceus (Bull.) Fr.	Coprinus micaceus (Bull.) Fr.	(Bull.) Fr.	CA	Ottawa, Central Experimental Farm	Ontario	PRESENT		ff418020-1d67-11d9-8435-b8a03c50a862	45.378618	-75.722408	1632.0						1971-06-25	25	6	1971	9174116	2534578	PRESERVED_SPECIMEN	Royal Ontario Museum	TRTC	TRTC047900		Malloch, D.W.W.		CC0_1_0	Royal Ontario Museum	Dunlop, R.;			2024-01-25T00:59:38.834Z		COORDINATE_ROUNDED;AMBIGUOUS_INSTITUTION
727875985	d7cfd2ed-8af4-427f-a16e-eb66b7e2c419	16073	Fungi	Basidiomycota	Agaricomycetes	Agaricales	Psathyrellaceae	Coprinellus	Coprinellus micaceus		SPECIES	Coprinus micaceus (Bull.) Fr.	Coprinus micaceus (Bull.) Fr.	(Bull.) Fr.	CA	1.6 km S of South March	Ontario	PRESENT		ff418020-1d67-11d9-8435-b8a03c50a862	45.320772	-75.909691	1794.0						1971-07-22	22	7	1971	9174116	2534578	PRESERVED_SPECIMEN	Royal Ontario Museum	TRTC	TRTC151860	DWM 22.7.1971/1	Lahaie, D.G.		CC0_1_0	Royal Ontario Museum	Malloch, D.W.			2024-01-25T00:59:38.245Z		COORDINATE_ROUNDED;AMBIGUOUS_INSTITUTION
617554634	21705170-d2b6-42de-8904-c3bca4b83591	CMMF000447	Fungi	Basidiomycota	Agaricomycetes	Agaricales	Psathyrellaceae	Coprinellus	Coprinellus micaceus		SPECIES	Coprinus micaceus (Bull.) Fr.	Coprinus micaceus (Bull.) Fr.	(Bull.) Fr.	CA	Montréal	Québec	PRESENT		ff7bd5db-b724-4932-b496-10ea298851f9	45.509625	-73.662984	25000.0						1989-05-14	14	5	1989	9174116	2534578	PRESERVED_SPECIMEN	Université de Montréal Biodiversity Centre	CMMF	CMMF000447		Lamoureux, Yves		CC0_1_0	Université de Montréal Biodiversity Centre	Lamoureux, Yves			2024-01-24T16:38:19.982Z	StillImage	INSTITUTION_MATCH_FUZZY;COLLECTION_MATCH_FUZZY;DIFFERENT_OWNER_INSTITUTION
617552793	21705170-d2b6-42de-8904-c3bca4b83591	CMMF003315	Fungi	Basidiomycota	Agaricomycetes	Agaricales	Psathyrellaceae	Coprinellus	Coprinellus micaceus		SPECIES	Coprinus micaceus (Bull.) Fr.	Coprinus micaceus (Bull.) Fr.	(Bull.) Fr.	CA	Brossard	Québec	PRESENT		ff7bd5db-b724-4932-b496-10ea298851f9	45.447591	-73.453807	6500.0						1999-07-05	5	7	1999	9174116	2534578	PRESERVED_SPECIMEN	Université de Montréal Biodiversity Centre	CMMF	CMMF003315		Lamoureux, Yves		CC0_1_0	Université de Montréal Biodiversity Centre	Lamoureux, Yves			2024-01-24T16:38:17.021Z	StillImage	INSTITUTION_MATCH_FUZZY;COLLECTION_MATCH_FUZZY;DIFFERENT_OWNER_INSTITUTION
617549800	21705170-d2b6-42de-8904-c3bca4b83591	CMMF000002	Fungi	Basidiomycota	Agaricomycetes	Agaricales	Psathyrellaceae	Coprinellus	Coprinellus micaceus		SPECIES	Coprinus micaceus (Bull.) Fr.	Coprinus micaceus (Bull.) Fr.	(Bull.) Fr.	CA	Montréal	Québec	PRESENT		ff7bd5db-b724-4932-b496-10ea298851f9	45.509625	-73.662984	25000.0						1988-06-29	29	6	1988	9174116	2534578	PRESERVED_SPECIMEN	Université de Montréal Biodiversity Centre	CMMF	CMMF000002		Lamoureux, Yves		CC0_1_0	Université de Montréal Biodiversity Centre	Lamoureux, Yves			2024-01-24T16:38:20.335Z	StillImage	INSTITUTION_MATCH_FUZZY;COLLECTION_MATCH_FUZZY;DIFFERENT_OWNER_INSTITUTION
4982011764	50c9509d-22c7-4a22-a47d-8c48425ef4a7	https://www.inaturalist.org/observations/246184932	Fungi	Basidiomycota	Agaricomycetes	Agaricales	Psathyrellaceae	Coprinellus	Coprinellus micaceus		SPECIES	Coprinellus micaceus (Bull.) Vilgalys, Hopple & Jacq.Johnson	Coprinellus micaceus		CA		Ontario	PRESENT		28eb1a3f-1c15-4a95-931a-4af90ecb574d	45.63355	-77.072946	157.0						2024-10-07T13:04:18	7	10	2024	2534578	2534578	HUMAN_OBSERVATION	iNaturalist	Observations	246184932		janesly	2024-10-07T17:05:04	CC_BY_NC_4_0	janesly	janesly			2025-01-14T12:57:49.709Z	StillImage	COORDINATE_ROUNDED;CONTINENT_DERIVED_FROM_COORDINATES;TAXON_MATCH_TAXON_ID_IGNORED
4976439948	50c9509d-22c7-4a22-a47d-8c48425ef4a7	https://www.inaturalist.org/observations/247694778	Fungi	Basidiomycota	Agaricomycetes	Agaricales	Psathyrellaceae	Coprinellus	Coprinellus micaceus		SPECIES	Coprinellus micaceus (Bull.) Vilgalys, Hopple & Jacq.Johnson	Coprinellus micaceus		CA		Prince Edward Island	PRESENT		28eb1a3f-1c15-4a95-931a-4af90ecb574d	46.504338	-64.10155	50.0						2024-10-15T16:32	15	10	2024	2534578	2534578	HUMAN_OBSERVATION	iNaturalist	Observations	247694778		Denis Gallant	2024-10-16T23:45:21	CC_BY_NC_4_0	Denis Gallant	Denis Gallant			2025-01-14T12:53:34.495Z	StillImage	COORDINATE_ROUNDED;CONTINENT_DERIVED_FROM_COORDINATES;TAXON_MATCH_TAXON_ID_IGNORED
4954691425	50c9509d-22c7-4a22-a47d-8c48425ef4a7	https://www.inaturalist.org/observations/246583151	Fungi	Basidiomycota	Agaricomycetes	Agaricales	Psathyrellaceae	Coprinellus	Coprinellus micaceus		SPECIES	Coprinellus micaceus (Bull.) Vilgalys, Hopple & Jacq.Johnson	Coprinellus micaceus		CA		Ontario	PRESENT		28eb1a3f-1c15-4a95-931a-4af90ecb574d	45.010086	-75.651637	46.0						2023-06-12T19:52:11	12	6	2023	2534578	2534578	HUMAN_OBSERVATION	iNaturalist	Observations	246583151		lnorenberg	2024-10-10T05:18:34	CC_BY_NC_4_0	lnorenberg	lnorenberg			2025-01-14T12:54:39.563Z	StillImage	COORDINATE_ROUNDED;CONTINENT_DERIVED_FROM_COORDINATES;TAXON_MATCH_TAXON_ID_IGNORED
4952553068	50c9509d-22c7-4a22-a47d-8c48425ef4a7	https://www.inaturalist.org/observations/246252977	Fungi	Basidiomycota	Agaricomycetes	Agaricales	Psathyrellaceae	Coprinellus	Coprinellus micaceus		SPECIES	Coprinellus micaceus (Bull.) Vilgalys, Hopple & Jacq.Johnson	Coprinellus micaceus		CA		New Brunswick	PRESENT		28eb1a3f-1c15-4a95-931a-4af90ecb574d	45.945928	-66.867561							2024-05-18T10:51	18	5	2024	2534578	2534578	HUMAN_OBSERVATION	iNaturalist	Observations	246252977		Dwayne Sabine	2024-10-08T01:06:09	CC_BY_NC_4_0	Dwayne Sabine	Dwayne Sabine			2025-01-14T13:41:05.973Z	StillImage	COORDINATE_ROUNDED;CONTINENT_DERIVED_FROM_COORDINATES;TAXON_MATCH_TAXON_ID_IGNORED
4936732285	50c9509d-22c7-4a22-a47d-8c48425ef4a7	https://www.inaturalist.org/observations/237508650	Fungi	Basidiomycota	Agaricomycetes	Agaricales	Psathyrellaceae	Coprinellus	Coprinellus micaceus		SPECIES	Coprinellus micaceus (Bull.) Vilgalys, Hopple & Jacq.Johnson	Coprinellus micaceus		CA		Québec	PRESENT		28eb1a3f-1c15-4a95-931a-4af90ecb574d	45.489322	-73.588845	31.0						2024-08-23T14:29:35	23	8	2024	2534578	2534578	HUMAN_OBSERVATION	iNaturalist	Observations	237508650		oscarproudlove	2024-08-23T18:55:21	CC_BY_NC_4_0	oscarproudlove	oscarproudlove			2025-01-14T13:47:59.862Z	StillImage	COORDINATE_ROUNDED;CONTINENT_DERIVED_FROM_COORDINATES;TAXON_MATCH_TAXON_ID_IGNORED
4935843148	50c9509d-22c7-4a22-a47d-8c48425ef4a7	https://www.inaturalist.org/observations/217973397	Fungi	Basidiomycota	Agaricomycetes	Agaricales	Psathyrellaceae	Coprinellus	Coprinellus micaceus		SPECIES	Coprinellus micaceus (Bull.) Vilgalys, Hopple & Jacq.Johnson	Coprinellus micaceus		CA		Ontario	PRESENT		28eb1a3f-1c15-4a95-931a-4af90ecb574d	45.38686	-75.687949	7.0						2024-05-24T16:53:10	24	5	2024	2534578	2534578	HUMAN_OBSERVATION	iNaturalist	Observations	217973397		hbickerton	2024-05-24T20:54:11	CC_BY_NC_4_0	hbickerton	hbickerton			2025-01-14T13:40:47.534Z	StillImage	COORDINATE_ROUNDED;CONTINENT_DERIVED_FROM_COORDINATES;TAXON_MATCH_TAXON_ID_IGNORED
4911017142	50c9509d-22c7-4a22-a47d-8c48425ef4a7	https://www.inaturalist.org/observations/230259826	Fungi	Basidiomycota	Agaricomycetes	Agaricales	Psathyrellaceae	Coprinellus	Coprinellus micaceus		SPECIES	Coprinellus micaceus (Bull.) Vilgalys, Hopple & Jacq.Johnson	Coprinellus micaceus		CA		Ontario	PRESENT		28eb1a3f-1c15-4a95-931a-4af90ecb574d	45.452575	-78.380066	3318.0						2024-07-14T12:35	14	7	2024	2534578	2534578	HUMAN_OBSERVATION	iNaturalist	Observations	230259826		L Joan Heyding	2024-07-19T09:41:39	CC_BY_NC_4_0	L Joan Heyding	L Joan Heyding			2025-01-14T13:42:17.794Z	StillImage	COORDINATE_ROUNDED;CONTINENT_DERIVED_FROM_COORDINATES;TAXON_MATCH_TAXON_ID_IGNORED
4902137308	50c9509d-22c7-4a22-a47d-8c48425ef4a7	https://www.inaturalist.org/observations/223666158	Fungi	Basidiomycota	Agaricomycetes	Agaricales	Psathyrellaceae	Coprinellus	Coprinellus micaceus		SPECIES	Coprinellus micaceus (Bull.) Vilgalys, Hopple & Jacq.Johnson	Coprinellus micaceus		CA		Québec	PRESENT		28eb1a3f-1c15-4a95-931a-4af90ecb574d	45.631212	-73.805077	61.0						2024-06-18T08:42	18	6	2024	2534578	2534578	HUMAN_OBSERVATION	iNaturalist	Observations	223666158		Biscotte	2024-06-19T01:28:12	CC_BY_NC_4_0	Biscotte	Biscotte			2025-01-14T12:46:46.043Z	StillImage	COORDINATE_ROUNDED;CONTINENT_DERIVED_FROM_COORDINATES;TAXON_MATCH_TAXON_ID_IGNORED
4901409328	50c9509d-22c7-4a22-a47d-8c48425ef4a7	https://www.inaturalist.org/observations/119124789	Fungi	Basidiomycota	Agaricomycetes	Agaricales	Psathyrellaceae	Coprinellus	Coprinellus micaceus		SPECIES	Coprinellus micaceus (Bull.) Vilgalys, Hopple & Jacq.Johnson	Coprinellus micaceus		CA		Ontario	PRESENT		28eb1a3f-1c15-4a95-931a-4af90ecb574d	45.41906	-75.708318	5.0						2022-05-28T16:30:23	28	5	2022	2534578	2534578	HUMAN_OBSERVATION	iNaturalist	Observations	119124789		Tony KM	2022-05-28T20:30:59	CC_BY_4_0	Tony KM	Tony KM			2025-01-14T12:31:05.684Z	StillImage	COORDINATE_ROUNDED;CONTINENT_DERIVED_FROM_COORDINATES;TAXON_MATCH_TAXON_ID_IGNORED
4891842908	50c9509d-22c7-4a22-a47d-8c48425ef4a7	https://www.inaturalist.org/observations/181588927	Fungi	Basidiomycota	Agaricomycetes	Agaricales	Psathyrellaceae	Coprinellus	Coprinellus micaceus		SPECIES	Coprinellus micaceus (Bull.) Vilgalys, Hopple & Jacq.Johnson	Coprinellus micaceus		CA		Québec	PRESENT		28eb1a3f-1c15-4a95-931a-4af90ecb574d	45.358692	-72.49996	1393.0						2023-09-03T12:58:05	3	9	2023	2534578	2534578	HUMAN_OBSERVATION	iNaturalist	Observations	181588927		mecinshtein	2023-09-03T18:09:42	CC_BY_NC_4_0	mecinshtein	mecinshtein			2025-01-14T12:41:57.703Z	StillImage	COORDINATE_ROUNDED;CONTINENT_DERIVED_FROM_COORDINATES;TAXON_MATCH_TAXON_ID_IGNORED
4872385526	50c9509d-22c7-4a22-a47d-8c48425ef4a7	https://www.inaturalist.org/observations/218476475	Fungi	Basidiomycota	Agaricomycetes	Agaricales	Psathyrellaceae	Coprinellus	Coprinellus micaceus		SPECIES	Coprinellus micaceus (Bull.) Vilgalys, Hopple & Jacq.Johnson	Coprinellus micaceus		CA		Ontario	PRESENT		28eb1a3f-1c15-4a95-931a-4af90ecb574d	45.138748	-76.081862							2024-05-26T13:31	26	5	2024	2534578	2534578	HUMAN_OBSERVATION	iNaturalist	Observations	218476475		almonteallisons	2024-05-26T20:36:55	CC_BY_NC_4_0	almonteallisons	almonteallisons			2025-01-14T13:40:46.002Z	StillImage	COORDINATE_ROUNDED;CONTINENT_DERIVED_FROM_COORDINATES;TAXON_MATCH_TAXON_ID_IGNORED
4867777485	50c9509d-22c7-4a22-a47d-8c48425ef4a7	https://www.inaturalist.org/observations/213222277	Fungi	Basidiomycota	Agaricomycetes	Agaricales	Psathyrellaceae	Coprinellus	Coprinellus micaceus		SPECIES	Coprinellus micaceus (Bull.) Vilgalys, Hopple & Jacq.Johnson	Coprinellus micaceus		CA		Québec	PRESENT		28eb1a3f-1c15-4a95-931a-4af90ecb574d	45.708815	-73.616365	5.0						2024-05-03T15:20:25	3	5	2024	2534578	2534578	HUMAN_OBSERVATION	iNaturalist	Observations	213222277		paul_dennehy	2024-05-03T22:12:39	CC_BY_NC_4_0	annaboud	annaboud			2025-01-14T12:44:50.685Z	StillImage	COORDINATE_ROUNDED;CONTINENT_DERIVED_FROM_COORDINATES;TAXON_MATCH_TAXON_ID_IGNORED
4863917246	50c9509d-22c7-4a22-a47d-8c48425ef4a7	https://www.inaturalist.org/observations/214290364	Fungi	Basidiomycota	Agaricomycetes	Agaricales	Psathyrellaceae	Coprinellus	Coprinellus micaceus		SPECIES	Coprinellus micaceus (Bull.) Vilgalys, Hopple & Jacq.Johnson	Coprinellus micaceus		CA		Québec	PRESENT		28eb1a3f-1c15-4a95-931a-4af90ecb574d	45.628983	-73.804157	31.0						2024-05-06T09:55	6	5	2024	2534578	2534578	HUMAN_OBSERVATION	iNaturalist	Observations	214290364		Biscotte	2024-05-07T23:46:34	CC_BY_NC_4_0	Biscotte	Biscotte			2025-01-14T12:46:43.009Z	StillImage	COORDINATE_ROUNDED;CONTINENT_DERIVED_FROM_COORDINATES;TAXON_MATCH_TAXON_ID_IGNORED
4863497143	50c9509d-22c7-4a22-a47d-8c48425ef4a7	https://www.inaturalist.org/observations/214941525	Fungi	Basidiomycota	Agaricomycetes	Agaricales	Psathyrellaceae	Coprinellus	Coprinellus micaceus		SPECIES	Coprinellus micaceus (Bull.) Vilgalys, Hopple & Jacq.Johnson	Coprinellus micaceus		CA		Québec	PRESENT		28eb1a3f-1c15-4a95-931a-4af90ecb574d	45.530258	-73.552719							2024-05-09T20:43:05	9	5	2024	2534578	2534578	HUMAN_OBSERVATION	iNaturalist	Observations	214941525		Misa R. Beaudet	2024-05-11T06:02:55	CC_BY_NC_4_0	Misa R. Beaudet	Misa R. Beaudet			2025-01-14T13:31:43.282Z	StillImage	COORDINATE_ROUNDED;CONTINENT_DERIVED_FROM_COORDINATES;TAXON_MATCH_TAXON_ID_IGNORED
4863421330	50c9509d-22c7-4a22-a47d-8c48425ef4a7	https://www.inaturalist.org/observations/214454117	Fungi	Basidiomycota	Agaricomycetes	Agaricales	Psathyrellaceae	Coprinellus	Coprinellus micaceus		SPECIES	Coprinellus micaceus (Bull.) Vilgalys, Hopple & Jacq.Johnson	Coprinellus micaceus		CA		Québec	PRESENT		28eb1a3f-1c15-4a95-931a-4af90ecb574d	45.455819	-73.592634	13.0						2024-05-08T16:23:02	8	5	2024	2534578	2534578	HUMAN_OBSERVATION	iNaturalist	Observations	214454117		thistrblmkr	2024-05-08T20:23:16	CC_BY_NC_4_0	thistrblmkr	thistrblmkr			2025-01-14T13:40:32.149Z	StillImage	COORDINATE_ROUNDED;CONTINENT_DERIVED_FROM_COORDINATES;TAXON_MATCH_TAXON_ID_IGNORED
4855318181	50c9509d-22c7-4a22-a47d-8c48425ef4a7	https://www.inaturalist.org/observations/188849355	Fungi	Basidiomycota	Agaricomycetes	Agaricales	Psathyrellaceae	Coprinellus	Coprinellus micaceus		SPECIES	Coprinellus micaceus (Bull.) Vilgalys, Hopple & Jacq.Johnson	Coprinellus micaceus		CA		Québec	PRESENT		28eb1a3f-1c15-4a95-931a-4af90ecb574d	46.804544	-71.248311	42.0						2023-10-23T12:47:49	23	10	2023	2534578	2534578	HUMAN_OBSERVATION	iNaturalist	Observations	188849355		Camille Boucher	2023-10-25T01:21:07	CC_BY_NC_4_0	Camille Boucher	Camille Boucher			2025-01-14T13:42:43.094Z	StillImage	COORDINATE_ROUNDED;CONTINENT_DERIVED_FROM_COORDINATES;TAXON_MATCH_TAXON_ID_IGNORED
4596819833	50c9509d-22c7-4a22-a47d-8c48425ef4a7	https://www.inaturalist.org/observations/200760180	Fungi	Basidiomycota	Agaricomycetes	Agaricales	Psathyrellaceae	Coprinellus	Coprinellus micaceus		SPECIES	Coprinellus micaceus (Bull.) Vilgalys, Hopple & Jacq.Johnson	Coprinellus micaceus		CA		Québec	PRESENT		28eb1a3f-1c15-4a95-931a-4af90ecb574d	45.501887	-73.567392	23543.0						2022-09-27T16:05	27	9	2022	2534578	2534578	HUMAN_OBSERVATION	iNaturalist	Observations	200760180		Marcel Bendaly	2024-03-12T22:16:23	CC_BY_NC_4_0	shkenaz	shkenaz			2025-01-14T12:43:11.089Z	StillImage	COORDINATE_ROUNDED;CONTINENT_DERIVED_FROM_COORDINATES;TAXON_MATCH_TAXON_ID_IGNORED
4525093536	50c9509d-22c7-4a22-a47d-8c48425ef4a7	https://www.inaturalist.org/observations/199272392	Fungi	Basidiomycota	Agaricomycetes	Agaricales	Psathyrellaceae	Coprinellus	Coprinellus micaceus		SPECIES	Coprinellus micaceus (Bull.) Vilgalys, Hopple & Jacq.Johnson	Coprinellus micaceus		CA		Québec	PRESENT		28eb1a3f-1c15-4a95-931a-4af90ecb574d	46.906308	-71.230066	8.0						2023-08-21	21	8	2023	2534578	2534578	HUMAN_OBSERVATION	iNaturalist	Observations	199272392		Christian Grenier	2024-02-14T12:43:30	CC_BY_NC_4_0	Christian Grenier	Christian Grenier			2025-01-14T13:37:04.604Z	StillImage	COORDINATE_ROUNDED;CONTINENT_DERIVED_FROM_COORDINATES;TAXON_MATCH_TAXON_ID_IGNORED
4442476319	50c9509d-22c7-4a22-a47d-8c48425ef4a7	http://inaturalist.ca/observations/6474156	Fungi	Basidiomycota	Agaricomycetes	Agaricales	Psathyrellaceae	Coprinellus	Coprinellus micaceus		SPECIES	Coprinellus micaceus (Bull.) Vilgalys, Hopple & Jacq.Johnson	Coprinellus micaceus		CA		Ontario	PRESENT		28eb1a3f-1c15-4a95-931a-4af90ecb574d	45.446989	-75.663501	183.0						2017-06-02T16:16	2	6	2017	2534578	2534578	HUMAN_OBSERVATION	iNaturalist	Observations	6474156		amanitamozart	2023-01-25T23:50:11	CC_BY_NC_4_0	Mike Leveille	Mike Leveille			2025-01-14T13:02:25.254Z	StillImage	COORDINATE_ROUNDED;CONTINENT_DERIVED_FROM_COORDINATES;TAXON_MATCH_TAXON_ID_IGNORED
4436308495	50c9509d-22c7-4a22-a47d-8c48425ef4a7	https://www.inaturalist.org/observations/114366481	Fungi	Basidiomycota	Agaricomycetes	Agaricales	Psathyrellaceae	Coprinellus	Coprinellus micaceus		SPECIES	Coprinellus micaceus (Bull.) Vilgalys, Hopple & Jacq.Johnson	Coprinellus micaceus		CA		Ontario	PRESENT		28eb1a3f-1c15-4a95-931a-4af90ecb574d	45.371929	-75.794516	423.0						2022-04-30T10:58	30	4	2022	2534578	2534578	HUMAN_OBSERVATION	iNaturalist	Observations	114366481		jonathan_mack	2022-05-02T00:24:56	CC_BY_NC_4_0	Dale Poulter	Dale Poulter			2025-01-14T12:29:34.895Z	StillImage	COORDINATE_ROUNDED;CONTINENT_DERIVED_FROM_COORDINATES;TAXON_MATCH_TAXON_ID_IGNORED
4431189382	50c9509d-22c7-4a22-a47d-8c48425ef4a7	https://www.inaturalist.org/observations/187955257	Fungi	Basidiomycota	Agaricomycetes	Agaricales	Psathyrellaceae	Coprinellus	Coprinellus micaceus		SPECIES	Coprinellus micaceus (Bull.) Vilgalys, Hopple & Jacq.Johnson	Coprinellus micaceus		CA		Québec	PRESENT		28eb1a3f-1c15-4a95-931a-4af90ecb574d	45.35675	-72.234092	12.0						2023-10-09T13:44	9	10	2023	2534578	2534578	HUMAN_OBSERVATION	iNaturalist	Observations	187955257		gabboilard	2023-10-17T22:15:12	CC_BY_NC_4_0	gabboilard	gabboilard			2025-01-14T12:40:28.051Z	StillImage	COORDINATE_ROUNDED;CONTINENT_DERIVED_FROM_COORDINATES;TAXON_MATCH_TAXON_ID_IGNORED
4417192544	50c9509d-22c7-4a22-a47d-8c48425ef4a7	https://www.inaturalist.org/observations/185026441	Fungi	Basidiomycota	Agaricomycetes	Agaricales	Psathyrellaceae	Coprinellus	Coprinellus micaceus		SPECIES	Coprinellus micaceus (Bull.) Vilgalys, Hopple & Jacq.Johnson	Coprinellus micaceus		CA		Ontario	PRESENT		28eb1a3f-1c15-4a95-931a-4af90ecb574d	45.4324	-76.319895	5.0						2023-09-26T12:48	26	9	2023	2534578	2534578	HUMAN_OBSERVATION	iNaturalist	Observations	185026441		gordv	2023-09-26T16:51:49	CC_BY_NC_4_0	gordv	gordv			2025-01-14T13:32:33.518Z	StillImage	CONTINENT_DERIVED_FROM_COORDINATES;TAXON_MATCH_TAXON_ID_IGNORED
4417092386	50c9509d-22c7-4a22-a47d-8c48425ef4a7	https://www.inaturalist.org/observations/184435947	Fungi	Basidiomycota	Agaricomycetes	Agaricales	Psathyrellaceae	Coprinellus	Coprinellus micaceus		SPECIES	Coprinellus micaceus (Bull.) Vilgalys, Hopple & Jacq.Johnson	Coprinellus micaceus		CA		Ontario	PRESENT		28eb1a3f-1c15-4a95-931a-4af90ecb574d	45.138457	-76.382627	48.0						2023-09-20T12:19:42	20	9	2023	2534578	2534578	HUMAN_OBSERVATION	iNaturalist	Observations	184435947		fergusnicoll	2023-09-22T20:49:32	CC_BY_NC_4_0	fergusnicoll	fergusnicoll			2025-01-14T12:42:21.429Z	StillImage	COORDINATE_ROUNDED;CONTINENT_DERIVED_FROM_COORDINATES;TAXON_MATCH_TAXON_ID_IGNORED
4416789345	50c9509d-22c7-4a22-a47d-8c48425ef4a7	https://www.inaturalist.org/observations/113182264	Fungi	Basidiomycota	Agaricomycetes	Agaricales	Psathyrellaceae	Coprinellus	Coprinellus micaceus		SPECIES	Coprinellus micaceus (Bull.) Vilgalys, Hopple & Jacq.Johnson	Coprinellus micaceus		CA		Ontario	PRESENT		28eb1a3f-1c15-4a95-931a-4af90ecb574d	45.387086	-75.703204	175.0						2021-10-07T15:09	7	10	2021	2534578	2534578	HUMAN_OBSERVATION	iNaturalist	Observations	113182264		alitheabsurd	2023-09-23T17:11:45	CC_BY_NC_4_0	Heather Pickard	Heather Pickard			2025-01-14T12:27:05.812Z	StillImage	COORDINATE_ROUNDED;CONTINENT_DERIVED_FROM_COORDINATES;TAXON_MATCH_TAXON_ID_IGNORED
4400365937	50c9509d-22c7-4a22-a47d-8c48425ef4a7	https://www.inaturalist.org/observations/178623494	Fungi	Basidiomycota	Agaricomycetes	Agaricales	Psathyrellaceae	Coprinellus	Coprinellus micaceus		SPECIES	Coprinellus micaceus (Bull.) Vilgalys, Hopple & Jacq.Johnson	Coprinellus micaceus		CA		Québec	PRESENT		28eb1a3f-1c15-4a95-931a-4af90ecb574d	48.425833	-71.246842	35.0						2023-08-15T19:37:51	15	8	2023	2534578	2534578	HUMAN_OBSERVATION	iNaturalist	Observations	178623494		eric_wilmot	2023-08-16T01:37:40	CC_BY_NC_4_0	eric_wilmot	eric_wilmot			2025-01-14T13:28:36.350Z	StillImage	COORDINATE_ROUNDED;CONTINENT_DERIVED_FROM_COORDINATES;TAXON_MATCH_TAXON_ID_IGNORED
4400226582	50c9509d-22c7-4a22-a47d-8c48425ef4a7	https://www.inaturalist.org/observations/179582645	Fungi	Basidiomycota	Agaricomycetes	Agaricales	Psathyrellaceae	Coprinellus	Coprinellus micaceus		SPECIES	Coprinellus micaceus (Bull.) Vilgalys, Hopple & Jacq.Johnson	Coprinellus micaceus		CA		Québec	PRESENT		28eb1a3f-1c15-4a95-931a-4af90ecb574d	45.946615	-76.423186	27095.0						2023-08-18T15:25	18	8	2023	2534578	2534578	HUMAN_OBSERVATION	iNaturalist	Observations	179582645		L Joan Heyding	2023-08-21T20:52:48	CC_BY_NC_4_0	L Joan Heyding	L Joan Heyding			2025-01-14T12:41:53.243Z	StillImage	COORDINATE_ROUNDED;CONTINENT_DERIVED_FROM_COORDINATES;TAXON_MATCH_TAXON_ID_IGNORED
4399996875	50c9509d-22c7-4a22-a47d-8c48425ef4a7	https://www.inaturalist.org/observations/178667826	Fungi	Basidiomycota	Agaricomycetes	Agaricales	Psathyrellaceae	Coprinellus	Coprinellus micaceus		SPECIES	Coprinellus micaceus (Bull.) Vilgalys, Hopple & Jacq.Johnson	Coprinellus micaceus		CA		Québec	PRESENT		28eb1a3f-1c15-4a95-931a-4af90ecb574d	47.690881	-70.360683							2023-08-15T10:26:56	15	8	2023	2534578	2534578	HUMAN_OBSERVATION	iNaturalist	Observations	178667826		Laurent Dufour	2023-08-16T11:25:52	CC_BY_NC_4_0	Laurent Dufour	Laurent Dufour			2025-01-14T13:26:24.918Z	StillImage	COORDINATE_ROUNDED;CONTINENT_DERIVED_FROM_COORDINATES;TAXON_MATCH_TAXON_ID_IGNORED
4171859179	50c9509d-22c7-4a22-a47d-8c48425ef4a7	https://www.inaturalist.org/observations/175983788	Fungi	Basidiomycota	Agaricomycetes	Agaricales	Psathyrellaceae	Coprinellus	Coprinellus micaceus		SPECIES	Coprinellus micaceus (Bull.) Vilgalys, Hopple & Jacq.Johnson	Coprinellus micaceus		CA		Québec	PRESENT		28eb1a3f-1c15-4a95-931a-4af90ecb574d	45.470163	-73.614075	4.0						2023-07-12T06:55:41	12	7	2023	2534578	2534578	HUMAN_OBSERVATION	iNaturalist	Observations	175983788		missmoira	2023-07-31T19:24:17	CC_BY_NC_4_0	missmoira	missmoira			2025-01-14T13:31:43.104Z	StillImage	COORDINATE_ROUNDED;CONTINENT_DERIVED_FROM_COORDINATES;TAXON_MATCH_TAXON_ID_IGNORED
4162548308	50c9509d-22c7-4a22-a47d-8c48425ef4a7	https://www.inaturalist.org/observations/173239746	Fungi	Basidiomycota	Agaricomycetes	Agaricales	Psathyrellaceae	Coprinellus	Coprinellus micaceus		SPECIES	Coprinellus micaceus (Bull.) Vilgalys, Hopple & Jacq.Johnson	Coprinellus micaceus		CA		Québec	PRESENT		28eb1a3f-1c15-4a95-931a-4af90ecb574d	45.505264	-73.803304	1528.0						2023-07-16T12:09:35	16	7	2023	2534578	2534578	HUMAN_OBSERVATION	iNaturalist	Observations	173239746		Lukas Kramosch	2023-07-16T16:36:03	CC_BY_NC_4_0	Lukas Kramosch	Lukas Kramosch			2025-01-14T13:31:55.644Z	StillImage	COORDINATE_ROUNDED;CONTINENT_DERIVED_FROM_COORDINATES;TAXON_MATCH_TAXON_ID_IGNORED
4154286329	e3ce628e-9683-4af7-b7a9-47eef785d3bb	de3f95e5-b853-46c6-831d-9962b73fa4ad	Fungi	Basidiomycota	Agaricomycetes	Agaricales	Psathyrellaceae	Coprinellus	Coprinellus micaceus		SPECIES	Coprinellus micaceus (Bull.) Vilgalys, Hopple & Jacq.Johnson	Coprinellus micaceus	(Bull.) Vilgalys, Hopple & Jacq.Johnson	CA			PRESENT		17726825-3aa2-4fbc-b0e3-303d3fc5702f	45.3	-75.7							2023-06-19T17:31Z	19	6	2023	2534578	2534578	HUMAN_OBSERVATION				questagame-567714	<a href=https://bee.questagame.com/#/profile/34828?questagame_user_id=34828>Sam Longines (Medium)</a>		CC_BY_NC_4_0		<a href='https://bee.questagame.com/#/profile/50916?questagame_user_id=50916'> madthemme;questagame.com</a>			2025-01-15T01:06:02.034Z	StillImage	CONTINENT_DERIVED_FROM_COORDINATES;TAXON_MATCH_SCIENTIFIC_NAME_ID_IGNORED;TAXON_MATCH_TAXON_CONCEPT_ID_IGNORED
4145626089	50c9509d-22c7-4a22-a47d-8c48425ef4a7	https://www.inaturalist.org/observations/169976330	Fungi	Basidiomycota	Agaricomycetes	Agaricales	Psathyrellaceae	Coprinellus	Coprinellus micaceus		SPECIES	Coprinellus micaceus (Bull.) Vilgalys, Hopple & Jacq.Johnson	Coprinellus micaceus		CA		Québec	PRESENT		28eb1a3f-1c15-4a95-931a-4af90ecb574d	45.419582	-72.703435	4.0						2023-06-28T13:28:46	28	6	2023	2534578	2534578	HUMAN_OBSERVATION	iNaturalist	Observations	169976330		Lucie Roy	2023-06-28T17:30:18	CC_BY_NC_4_0	Lucie Roy	Lucie Roy			2025-01-14T12:36:07.937Z	StillImage	COORDINATE_ROUNDED;CONTINENT_DERIVED_FROM_COORDINATES;TAXON_MATCH_TAXON_ID_IGNORED
4145245215	50c9509d-22c7-4a22-a47d-8c48425ef4a7	https://www.inaturalist.org/observations/170844397	Fungi	Basidiomycota	Agaricomycetes	Agaricales	Psathyrellaceae	Coprinellus	Coprinellus micaceus		SPECIES	Coprinellus micaceus (Bull.) Vilgalys, Hopple & Jacq.Johnson	Coprinellus micaceus		CA		Québec	PRESENT		28eb1a3f-1c15-4a95-931a-4af90ecb574d	45.425563	-73.934867	65.0						2023-07-03T10:50:52	3	7	2023	2534578	2534578	HUMAN_OBSERVATION	iNaturalist	Observations	170844397		sarah-farmer	2023-07-03T14:54:46	CC_BY_NC_4_0	sarah-farmer	sarah-farmer			2025-01-14T12:36:17.312Z	StillImage	COORDINATE_ROUNDED;CONTINENT_DERIVED_FROM_COORDINATES;TAXON_MATCH_TAXON_ID_IGNORED
4145210298	50c9509d-22c7-4a22-a47d-8c48425ef4a7	https://www.inaturalist.org/observations/170454210	Fungi	Basidiomycota	Agaricomycetes	Agaricales	Psathyrellaceae	Coprinellus	Coprinellus micaceus		SPECIES	Coprinellus micaceus (Bull.) Vilgalys, Hopple & Jacq.Johnson	Coprinellus micaceus		CA		Québec	PRESENT		28eb1a3f-1c15-4a95-931a-4af90ecb574d	46.803727	-71.219215	8.0						2023-07-01T10:50:48	1	7	2023	2534578	2534578	HUMAN_OBSERVATION	iNaturalist	Observations	170454210		Tumtumtree	2023-07-01T14:51:22	CC_BY_NC_4_0	Tumtumtree	Tumtumtree			2025-01-14T12:37:52.069Z	StillImage	COORDINATE_ROUNDED;CONTINENT_DERIVED_FROM_COORDINATES;TAXON_MATCH_TAXON_ID_IGNORED
4138165051	50c9509d-22c7-4a22-a47d-8c48425ef4a7	https://www.inaturalist.org/observations/168681829	Fungi	Basidiomycota	Agaricomycetes	Agaricales	Psathyrellaceae	Coprinellus	Coprinellus micaceus		SPECIES	Coprinellus micaceus (Bull.) Vilgalys, Hopple & Jacq.Johnson	Coprinellus micaceus		CA		Québec	PRESENT		28eb1a3f-1c15-4a95-931a-4af90ecb574d	45.515949	-73.582904	8.0						2023-06-21T12:57:58	21	6	2023	2534578	2534578	HUMAN_OBSERVATION	iNaturalist	Observations	168681829		Marcel Bendaly	2023-06-22T12:09:24	CC_BY_NC_4_0	nn9doors	nn9doors			2025-01-14T13:31:12.986Z	StillImage	COORDINATE_ROUNDED;CONTINENT_DERIVED_FROM_COORDINATES;TAXON_MATCH_TAXON_ID_IGNORED
4138140992	50c9509d-22c7-4a22-a47d-8c48425ef4a7	https://www.inaturalist.org/observations/169015789	Fungi	Basidiomycota	Agaricomycetes	Agaricales	Psathyrellaceae	Coprinellus	Coprinellus micaceus		SPECIES	Coprinellus micaceus (Bull.) Vilgalys, Hopple & Jacq.Johnson	Coprinellus micaceus		CA		Québec	PRESENT		28eb1a3f-1c15-4a95-931a-4af90ecb574d	45.44825	-73.572881							2023-06-23T11:50:35	23	6	2023	2534578	2534578	HUMAN_OBSERVATION	iNaturalist	Observations	169015789		mushroomdaddy96	2023-06-23T16:08:11	CC_BY_NC_4_0	mushroomdaddy96	mushroomdaddy96			2025-01-14T13:26:28.763Z	StillImage	COORDINATE_ROUNDED;CONTINENT_DERIVED_FROM_COORDINATES;TAXON_MATCH_TAXON_ID_IGNORED
4137977686	50c9509d-22c7-4a22-a47d-8c48425ef4a7	https://www.inaturalist.org/observations/137469598	Fungi	Basidiomycota	Agaricomycetes	Agaricales	Psathyrellaceae	Coprinellus	Coprinellus micaceus		SPECIES	Coprinellus micaceus (Bull.) Vilgalys, Hopple & Jacq.Johnson	Coprinellus micaceus		CA		Ontario	PRESENT		28eb1a3f-1c15-4a95-931a-4af90ecb574d	45.303756	-75.90564	27190.0						2022-09-26T17:20	26	9	2022	2534578	2534578	HUMAN_OBSERVATION	iNaturalist	Observations	137469598		amanitamozart	2022-10-03T23:01:00	CC_BY_NC_4_0	amanitamozart	amanitamozart			2025-01-14T12:32:47.366Z	StillImage	COORDINATE_ROUNDED;CONTINENT_DERIVED_FROM_COORDINATES;TAXON_MATCH_TAXON_ID_IGNORED
4134019272	50c9509d-22c7-4a22-a47d-8c48425ef4a7	https://www.inaturalist.org/observations/167095187	Fungi	Basidiomycota	Agaricomycetes	Agaricales	Psathyrellaceae	Coprinellus	Coprinellus micaceus		SPECIES	Coprinellus micaceus (Bull.) Vilgalys, Hopple & Jacq.Johnson	Coprinellus micaceus		CA		Québec	PRESENT		28eb1a3f-1c15-4a95-931a-4af90ecb574d	45.916501	-76.402391	27095.0						2023-06-12T09:09	12	6	2023	2534578	2534578	HUMAN_OBSERVATION	iNaturalist	Observations	167095187		L Joan Heyding	2023-06-12T22:11:24	CC_BY_NC_4_0	L Joan Heyding	L Joan Heyding			2025-01-14T13:30:53.552Z	StillImage	COORDINATE_ROUNDED;CONTINENT_DERIVED_FROM_COORDINATES;TAXON_MATCH_TAXON_ID_IGNORED
4133915820	50c9509d-22c7-4a22-a47d-8c48425ef4a7	https://www.inaturalist.org/observations/165968600	Fungi	Basidiomycota	Agaricomycetes	Agaricales	Psathyrellaceae	Coprinellus	Coprinellus micaceus		SPECIES	Coprinellus micaceus (Bull.) Vilgalys, Hopple & Jacq.Johnson	Coprinellus micaceus		CA		Québec	PRESENT		28eb1a3f-1c15-4a95-931a-4af90ecb574d	45.819561	-76.533894	27095.0						2023-06-06T10:42	6	6	2023	2534578	2534578	HUMAN_OBSERVATION	iNaturalist	Observations	165968600		L Joan Heyding	2023-06-06T21:20:43	CC_BY_NC_4_0	L Joan Heyding	L Joan Heyding			2025-01-14T13:30:16.762Z	StillImage	COORDINATE_ROUNDED;CONTINENT_DERIVED_FROM_COORDINATES;TAXON_MATCH_TAXON_ID_IGNORED
4129793615	50c9509d-22c7-4a22-a47d-8c48425ef4a7	https://www.inaturalist.org/observations/161651414	Fungi	Basidiomycota	Agaricomycetes	Agaricales	Psathyrellaceae	Coprinellus	Coprinellus micaceus		SPECIES	Coprinellus micaceus (Bull.) Vilgalys, Hopple & Jacq.Johnson	Coprinellus micaceus		CA		Ontario	PRESENT		28eb1a3f-1c15-4a95-931a-4af90ecb574d	45.455847	-75.599297	122.0						2023-05-11T15:39	11	5	2023	2534578	2534578	HUMAN_OBSERVATION	iNaturalist	Observations	161651414		David McLagan	2023-05-22T13:42:31	CC_BY_NC_4_0	mmunc	mmunc			2025-01-14T12:34:42.138Z	StillImage	COORDINATE_ROUNDED;CONTINENT_DERIVED_FROM_COORDINATES;TAXON_MATCH_TAXON_ID_IGNORED
4126918426	50c9509d-22c7-4a22-a47d-8c48425ef4a7	https://www.inaturalist.org/observations/163149604	Fungi	Basidiomycota	Agaricomycetes	Agaricales	Psathyrellaceae	Coprinellus	Coprinellus micaceus		SPECIES	Coprinellus micaceus (Bull.) Vilgalys, Hopple & Jacq.Johnson	Coprinellus micaceus		CA		New Brunswick	PRESENT		28eb1a3f-1c15-4a95-931a-4af90ecb574d	45.904045	-66.012108	14.0						2023-05-21T11:55:35	21	5	2023	2534578	2534578	HUMAN_OBSERVATION	iNaturalist	Observations	163149604		Laura O'Connor	2023-05-22T16:54:01	CC_BY_NC_4_0	Laura O'Connor	Laura O'Connor			2025-01-14T13:30:12.692Z	StillImage	COORDINATE_ROUNDED;CONTINENT_DERIVED_FROM_COORDINATES;TAXON_MATCH_TAXON_ID_IGNORED
4121220624	50c9509d-22c7-4a22-a47d-8c48425ef4a7	https://www.inaturalist.org/observations/160203875	Fungi	Basidiomycota	Agaricomycetes	Agaricales	Psathyrellaceae	Coprinellus	Coprinellus micaceus		SPECIES	Coprinellus micaceus (Bull.) Vilgalys, Hopple & Jacq.Johnson	Coprinellus micaceus		CA		Québec	PRESENT		28eb1a3f-1c15-4a95-931a-4af90ecb574d	45.453209	-75.715873	6.0						2023-05-06T20:37:06	6	5	2023	2534578	2534578	HUMAN_OBSERVATION	iNaturalist	Observations	160203875		anahmdlr	2023-05-07T00:40:46	CC_BY_NC_4_0	anahmdlr	anahmdlr			2025-01-14T12:35:52.201Z	StillImage	COORDINATE_ROUNDED;CONTINENT_DERIVED_FROM_COORDINATES;TAXON_MATCH_TAXON_ID_IGNORED
4121184216	50c9509d-22c7-4a22-a47d-8c48425ef4a7	https://www.inaturalist.org/observations/162929448	Fungi	Basidiomycota	Agaricomycetes	Agaricales	Psathyrellaceae	Coprinellus	Coprinellus micaceus		SPECIES	Coprinellus micaceus (Bull.) Vilgalys, Hopple & Jacq.Johnson	Coprinellus micaceus		CA		Ontario	PRESENT		28eb1a3f-1c15-4a95-931a-4af90ecb574d	45.490105	-75.507767	3.0						2023-05-21T12:09:23	21	5	2023	2534578	2534578	HUMAN_OBSERVATION	iNaturalist	Observations	162929448		Sian Bryson	2023-05-21T17:15:52	CC_BY_NC_4_0	Sian Bryson	Sian Bryson			2025-01-14T13:30:01.447Z	StillImage	COORDINATE_ROUNDED;CONTINENT_DERIVED_FROM_COORDINATES;TAXON_MATCH_TAXON_ID_IGNORED
4116216536	50c9509d-22c7-4a22-a47d-8c48425ef4a7	https://www.inaturalist.org/observations/161845264	Fungi	Basidiomycota	Agaricomycetes	Agaricales	Psathyrellaceae	Coprinellus	Coprinellus micaceus		SPECIES	Coprinellus micaceus (Bull.) Vilgalys, Hopple & Jacq.Johnson	Coprinellus micaceus		CA		Ontario	PRESENT		28eb1a3f-1c15-4a95-931a-4af90ecb574d	45.199653	-75.97995	5.0						2023-05-12T16:33:42	12	5	2023	2534578	2534578	HUMAN_OBSERVATION	iNaturalist	Observations	161845264		Keith Seifert	2023-05-15T18:31:48	CC0_1_0	Keith Seifert	Keith Seifert			2025-01-14T12:36:39.278Z	StillImage	COORDINATE_ROUNDED;CONTINENT_DERIVED_FROM_COORDINATES;TAXON_MATCH_TAXON_ID_IGNORED
4112085207	50c9509d-22c7-4a22-a47d-8c48425ef4a7	https://www.inaturalist.org/observations/159720515	Fungi	Basidiomycota	Agaricomycetes	Agaricales	Psathyrellaceae	Coprinellus	Coprinellus micaceus		SPECIES	Coprinellus micaceus (Bull.) Vilgalys, Hopple & Jacq.Johnson	Coprinellus micaceus		CA		Ontario	PRESENT		28eb1a3f-1c15-4a95-931a-4af90ecb574d	45.320539	-75.584464	798.0						2023-05-04T14:19	4	5	2023	2534578	2534578	HUMAN_OBSERVATION	iNaturalist	Observations	159720515		Ray Snook	2023-05-04T19:59:51	CC_BY_NC_4_0	Ray Snook	Ray Snook			2025-01-14T12:35:38.535Z	StillImage	COORDINATE_ROUNDED;CONTINENT_DERIVED_FROM_COORDINATES;TAXON_MATCH_TAXON_ID_IGNORED
4023670688	fb9d7c38-5759-4c30-9e09-5b6bd43f78a6	http://id.luomus.fi/MY.10232500	Fungi	Basidiomycota	Agaricomycetes	Agaricales	Psathyrellaceae	Coprinellus	Coprinellus micaceus		SPECIES	Coprinellus micaceus (Bull.) Vilgalys, Hopple & Jacq.Johnson	Coprinellus micaceus (Bull. : Fr.) Vilgalys, Hopple & Jacq. Johnson		CA		Quebec	PRESENT		04fd2e13-6881-4e5c-9dd1-8fdd9ab993c1	47.18	-70.21											2534578	2534578	PRESERVED_SPECIMEN	H		http://id.luomus.fi/HA.H7067289	J.W. Groves 66-51			CC_BY_4_0		Groves, J. W.			2025-01-17T02:41:19.428Z		CONTINENT_DERIVED_FROM_COORDINATES;TAXON_MATCH_TAXON_ID_IGNORED;COLLECTION_MATCH_NONE;INSTITUTION_MATCH_FUZZY
3923622577	50c9509d-22c7-4a22-a47d-8c48425ef4a7	https://www.inaturalist.org/observations/137469603	Fungi	Basidiomycota	Agaricomycetes	Agaricales	Psathyrellaceae	Coprinellus	Coprinellus micaceus		SPECIES	Coprinellus micaceus (Bull.) Vilgalys, Hopple & Jacq.Johnson	Coprinellus micaceus		CA		Ontario	PRESENT		28eb1a3f-1c15-4a95-931a-4af90ecb574d	45.291985	-75.828701	27190.0						2022-09-25T16:36	25	9	2022	2534578	2534578	HUMAN_OBSERVATION	iNaturalist	Observations	137469603		amanitamozart	2022-10-03T23:01:01	CC_BY_NC_4_0	amanitamozart	amanitamozart			2025-01-14T13:31:52.028Z	StillImage	COORDINATE_ROUNDED;CONTINENT_DERIVED_FROM_COORDINATES;TAXON_MATCH_TAXON_ID_IGNORED
3915577110	50c9509d-22c7-4a22-a47d-8c48425ef4a7	https://www.inaturalist.org/observations/136502686	Fungi	Basidiomycota	Agaricomycetes	Agaricales	Psathyrellaceae	Coprinellus	Coprinellus micaceus		SPECIES	Coprinellus micaceus (Bull.) Vilgalys, Hopple & Jacq.Johnson	Coprinellus micaceus		CA		Ontario	PRESENT		28eb1a3f-1c15-4a95-931a-4af90ecb574d	45.382132	-75.934194	27190.0						2022-09-25T16:46	25	9	2022	2534578	2534578	HUMAN_OBSERVATION	iNaturalist	Observations	136502686		amanitamozart	2022-09-25T22:43:49	CC_BY_NC_4_0	amanitamozart	amanitamozart			2025-01-14T12:32:08.439Z	StillImage	COORDINATE_ROUNDED;CONTINENT_DERIVED_FROM_COORDINATES;TAXON_MATCH_TAXON_ID_IGNORED
3915479209	50c9509d-22c7-4a22-a47d-8c48425ef4a7	https://www.inaturalist.org/observations/136075254	Fungi	Basidiomycota	Agaricomycetes	Agaricales	Psathyrellaceae	Coprinellus	Coprinellus micaceus		SPECIES	Coprinellus micaceus (Bull.) Vilgalys, Hopple & Jacq.Johnson	Coprinellus micaceus		CA		Québec	PRESENT		28eb1a3f-1c15-4a95-931a-4af90ecb574d	45.552253	-73.547727	193.0						2022-09-22T15:22:49	22	9	2022	2534578	2534578	HUMAN_OBSERVATION	iNaturalist	Observations	136075254		Dominique Even	2022-09-22T20:14:43	CC_BY_NC_4_0	Véronique G. Champagne	Véronique G. Champagne			2025-01-14T12:32:26.366Z	StillImage	COORDINATE_ROUNDED;CONTINENT_DERIVED_FROM_COORDINATES;TAXON_MATCH_TAXON_ID_IGNORED
3911521807	55585622-7aeb-4921-a07c-5ddc97de9c5b	MGYA00524963_Eukaryota:Fungi:Basidiomycota:Agaricomycetes:Agaricales:Psathyrellaceae:Coprinellus:Coprinellus_micaceus	Fungi	Basidiomycota	Agaricomycetes	Agaricales	Psathyrellaceae	Coprinellus	Coprinellus micaceus		SPECIES	Coprinellus micaceus (Bull.) Vilgalys, Hopple & Jacq.Johnson	Coprinellus micaceus		CA	Varennes		PRESENT		ab733144-7043-4e88-bd4f-fca7bf858880	45.72	-73.37					0.15	0.0					2534578	2534578	MATERIAL_SAMPLE							CC_BY_4_0					2025-01-15T11:18:49.825Z		GEODETIC_DATUM_ASSUMED_WGS84;CONTINENT_DERIVED_FROM_COORDINATES
3911190815	55585622-7aeb-4921-a07c-5ddc97de9c5b	MGYA00523559_Eukaryota:Fungi:Basidiomycota:Agaricomycetes:Agaricales:Psathyrellaceae:Coprinellus:Coprinellus_micaceus	Fungi	Basidiomycota	Agaricomycetes	Agaricales	Psathyrellaceae	Coprinellus	Coprinellus micaceus		SPECIES	Coprinellus micaceus (Bull.) Vilgalys, Hopple & Jacq.Johnson	Coprinellus micaceus		CA	Varennes		PRESENT		ab733144-7043-4e88-bd4f-fca7bf858880	45.72	-73.37					0.15	0.0					2534578	2534578	MATERIAL_SAMPLE							CC_BY_4_0					2025-01-15T11:18:33.890Z		GEODETIC_DATUM_ASSUMED_WGS84;CONTINENT_DERIVED_FROM_COORDINATES
3888833991	50c9509d-22c7-4a22-a47d-8c48425ef4a7	https://www.inaturalist.org/observations/129490680	Fungi	Basidiomycota	Agaricomycetes	Agaricales	Psathyrellaceae	Coprinellus	Coprinellus micaceus		SPECIES	Coprinellus micaceus (Bull.) Vilgalys, Hopple & Jacq.Johnson	Coprinellus micaceus		CA		Québec	PRESENT		28eb1a3f-1c15-4a95-931a-4af90ecb574d	45.810019	-76.47801	27095.0						2022-08-02T12:13	2	8	2022	2534578	2534578	HUMAN_OBSERVATION	iNaturalist	Observations	129490680		L Joan Heyding	2022-08-05T01:53:16	CC_BY_NC_4_0	L Joan Heyding	L Joan Heyding			2025-01-14T12:31:01.248Z	StillImage	COORDINATE_ROUNDED;CONTINENT_DERIVED_FROM_COORDINATES;TAXON_MATCH_TAXON_ID_IGNORED
3859516068	50c9509d-22c7-4a22-a47d-8c48425ef4a7	https://www.inaturalist.org/observations/123293335	Fungi	Basidiomycota	Agaricomycetes	Agaricales	Psathyrellaceae	Coprinellus	Coprinellus micaceus		SPECIES	Coprinellus micaceus (Bull.) Vilgalys, Hopple & Jacq.Johnson	Coprinellus micaceus		CA		Ontario	PRESENT		28eb1a3f-1c15-4a95-931a-4af90ecb574d	45.466848	-75.509697	15.0						2022-06-24T12:14	24	6	2022	2534578	2534578	HUMAN_OBSERVATION	iNaturalist	Observations	123293335		jonathan_mack	2022-06-24T23:56:20	CC_BY_NC_4_0	jonathan_mack	jonathan_mack			2025-01-14T13:22:44.435Z	StillImage	COORDINATE_ROUNDED;CONTINENT_DERIVED_FROM_COORDINATES;TAXON_MATCH_TAXON_ID_IGNORED
3858489006	50c9509d-22c7-4a22-a47d-8c48425ef4a7	https://www.inaturalist.org/observations/122064682	Fungi	Basidiomycota	Agaricomycetes	Agaricales	Psathyrellaceae	Coprinellus	Coprinellus micaceus		SPECIES	Coprinellus micaceus (Bull.) Vilgalys, Hopple & Jacq.Johnson	Coprinellus micaceus		CA		Québec	PRESENT		28eb1a3f-1c15-4a95-931a-4af90ecb574d	45.947379	-76.462567	27095.0						2022-06-12T13:57	12	6	2022	2534578	2534578	HUMAN_OBSERVATION	iNaturalist	Observations	122064682		L Joan Heyding	2022-06-16T19:52:53	CC_BY_NC_4_0	L Joan Heyding	L Joan Heyding			2025-01-14T13:22:38.566Z	StillImage	COORDINATE_ROUNDED;CONTINENT_DERIVED_FROM_COORDINATES;TAXON_MATCH_TAXON_ID_IGNORED
3802780480	50c9509d-22c7-4a22-a47d-8c48425ef4a7	https://www.inaturalist.org/observations/118533722	Fungi	Basidiomycota	Agaricomycetes	Agaricales	Psathyrellaceae	Coprinellus	Coprinellus micaceus		SPECIES	Coprinellus micaceus (Bull.) Vilgalys, Hopple & Jacq.Johnson	Coprinellus micaceus		CA		Ontario	PRESENT		28eb1a3f-1c15-4a95-931a-4af90ecb574d	45.374172	-75.795687	4.0						2022-05-24T10:09:50	24	5	2022	2534578	2534578	HUMAN_OBSERVATION	iNaturalist	Observations	118533722		Michelle Martin	2022-05-24T16:41:17	CC_BY_NC_4_0	Michelle Martin	Michelle Martin			2025-01-14T13:21:51.734Z	StillImage	COORDINATE_ROUNDED;CONTINENT_DERIVED_FROM_COORDINATES;TAXON_MATCH_TAXON_ID_IGNORED
3802603749	50c9509d-22c7-4a22-a47d-8c48425ef4a7	https://www.inaturalist.org/observations/118295966	Fungi	Basidiomycota	Agaricomycetes	Agaricales	Psathyrellaceae	Coprinellus	Coprinellus micaceus		SPECIES	Coprinellus micaceus (Bull.) Vilgalys, Hopple & Jacq.Johnson	Coprinellus micaceus		CA		Ontario	PRESENT		28eb1a3f-1c15-4a95-931a-4af90ecb574d	45.018667	-78.673033	27222.0						2022-05-22T18:13:56	22	5	2022	2534578	2534578	HUMAN_OBSERVATION	iNaturalist	Observations	118295966		Mike Young	2022-05-23T00:30:53	CC_BY_4_0	Mike Young	Mike Young			2025-01-14T12:27:38.116Z	StillImage	COORDINATE_ROUNDED;CONTINENT_DERIVED_FROM_COORDINATES;TAXON_MATCH_TAXON_ID_IGNORED
3785115339	50c9509d-22c7-4a22-a47d-8c48425ef4a7	https://www.inaturalist.org/observations/117433929	Fungi	Basidiomycota	Agaricomycetes	Agaricales	Psathyrellaceae	Coprinellus	Coprinellus micaceus		SPECIES	Coprinellus micaceus (Bull.) Vilgalys, Hopple & Jacq.Johnson	Coprinellus micaceus		CA		Ontario	PRESENT		28eb1a3f-1c15-4a95-931a-4af90ecb574d	45.463911	-75.608351	357.0						2022-05-16T12:35:50	16	5	2022	2534578	2534578	HUMAN_OBSERVATION	iNaturalist	Observations	117433929		marthar	2022-05-17T22:02:06	CC_BY_NC_4_0	rjayork	rjayork			2025-01-14T12:29:05.399Z	StillImage	COORDINATE_ROUNDED;CONTINENT_DERIVED_FROM_COORDINATES;TAXON_MATCH_TAXON_ID_IGNORED
3772583515	50c9509d-22c7-4a22-a47d-8c48425ef4a7	https://www.inaturalist.org/observations/100712341	Fungi	Basidiomycota	Agaricomycetes	Agaricales	Psathyrellaceae	Coprinellus	Coprinellus micaceus		SPECIES	Coprinellus micaceus (Bull.) Vilgalys, Hopple & Jacq.Johnson	Coprinellus micaceus		CA		Québec	PRESENT		28eb1a3f-1c15-4a95-931a-4af90ecb574d	45.554886	-73.640068	10.0						2021-11-09T15:09:52	9	11	2021	2534578	2534578	HUMAN_OBSERVATION	iNaturalist	Observations	100712341		doriaz	2021-11-09T20:10:01	CC_BY_NC_4_0	doriaz	doriaz			2025-01-14T12:22:44.065Z	StillImage	COORDINATE_ROUNDED;CONTINENT_DERIVED_FROM_COORDINATES;TAXON_MATCH_TAXON_ID_IGNORED
3499424554	50c9509d-22c7-4a22-a47d-8c48425ef4a7	https://www.inaturalist.org/observations/104796136	Fungi	Basidiomycota	Agaricomycetes	Agaricales	Psathyrellaceae	Coprinellus	Coprinellus micaceus		SPECIES	Coprinellus micaceus (Bull.) Vilgalys, Hopple & Jacq.Johnson	Coprinellus micaceus		CA		Québec	PRESENT		28eb1a3f-1c15-4a95-931a-4af90ecb574d	45.594347	-73.555228	354.0						2021-08-02T02:59Z	2	8	2021	2534578	2534578	HUMAN_OBSERVATION	iNaturalist	Observations	104796136		John Plischke	2022-02-23T00:16:33	CC_BY_NC_4_0	D. Marullo-Masson	D. Marullo-Masson			2025-01-14T12:26:25.834Z	StillImage	CONTINENT_DERIVED_FROM_COORDINATES;TAXON_MATCH_TAXON_ID_IGNORED
3456795592	50c9509d-22c7-4a22-a47d-8c48425ef4a7	https://www.inaturalist.org/observations/96355776	Fungi	Basidiomycota	Agaricomycetes	Agaricales	Psathyrellaceae	Coprinellus	Coprinellus micaceus		SPECIES	Coprinellus micaceus (Bull.) Vilgalys, Hopple & Jacq.Johnson	Coprinellus micaceus		CA		Québec	PRESENT		28eb1a3f-1c15-4a95-931a-4af90ecb574d	47.617325	-70.148919	6.0						2021-09-25T13:08:33	25	9	2021	2534578	2534578	HUMAN_OBSERVATION	iNaturalist	Observations	96355776		Marilyne Busque-Dubois	2021-09-27T12:27:57	CC_BY_4_0	Marilyne Busque-Dubois	Marilyne Busque-Dubois			2025-01-14T12:22:04.511Z	StillImage	COORDINATE_ROUNDED;CONTINENT_DERIVED_FROM_COORDINATES;TAXON_MATCH_TAXON_ID_IGNORED
3456049656	50c9509d-22c7-4a22-a47d-8c48425ef4a7	https://www.inaturalist.org/observations/96355884	Fungi	Basidiomycota	Agaricomycetes	Agaricales	Psathyrellaceae	Coprinellus	Coprinellus micaceus		SPECIES	Coprinellus micaceus (Bull.) Vilgalys, Hopple & Jacq.Johnson	Coprinellus micaceus		CA		Québec	PRESENT		28eb1a3f-1c15-4a95-931a-4af90ecb574d	47.617353	-70.148933	6.0						2021-09-25T13:09:51	25	9	2021	2534578	2534578	HUMAN_OBSERVATION	iNaturalist	Observations	96355884		Marilyne Busque-Dubois	2021-09-27T12:28:58	CC_BY_4_0	Marilyne Busque-Dubois	Marilyne Busque-Dubois			2025-01-14T13:11:36.483Z	StillImage	COORDINATE_ROUNDED;CONTINENT_DERIVED_FROM_COORDINATES;TAXON_MATCH_TAXON_ID_IGNORED
3408122559	50c9509d-22c7-4a22-a47d-8c48425ef4a7	https://www.inaturalist.org/observations/96355503	Fungi	Basidiomycota	Agaricomycetes	Agaricales	Psathyrellaceae	Coprinellus	Coprinellus micaceus		SPECIES	Coprinellus micaceus (Bull.) Vilgalys, Hopple & Jacq.Johnson	Coprinellus micaceus		CA		Québec	PRESENT		28eb1a3f-1c15-4a95-931a-4af90ecb574d	47.617317	-70.148942	6.0						2021-09-25T13:07:59	25	9	2021	2534578	2534578	HUMAN_OBSERVATION	iNaturalist	Observations	96355503		Marilyne Busque-Dubois	2021-09-27T12:26:11	CC_BY_4_0	Marilyne Busque-Dubois	Marilyne Busque-Dubois			2025-01-14T12:21:22.365Z	StillImage	COORDINATE_ROUNDED;CONTINENT_DERIVED_FROM_COORDINATES;TAXON_MATCH_TAXON_ID_IGNORED
3399102065	50c9509d-22c7-4a22-a47d-8c48425ef4a7	https://www.inaturalist.org/observations/98320842	Fungi	Basidiomycota	Agaricomycetes	Agaricales	Psathyrellaceae	Coprinellus	Coprinellus micaceus		SPECIES	Coprinellus micaceus (Bull.) Vilgalys, Hopple & Jacq.Johnson	Coprinellus micaceus		CA		Québec	PRESENT		28eb1a3f-1c15-4a95-931a-4af90ecb574d	45.392678	-71.89357	200.0						2021-10-11T14:26:08	11	10	2021	2534578	2534578	HUMAN_OBSERVATION	iNaturalist	Observations	98320842		Gaby Beland	2021-10-17T04:23:09	CC_BY_NC_4_0	Ming_Ni	Ming_Ni			2025-01-14T13:15:25.428Z	StillImage	COORDINATE_ROUNDED;CONTINENT_DERIVED_FROM_COORDINATES;TAXON_MATCH_TAXON_ID_IGNORED
3391379585	50c9509d-22c7-4a22-a47d-8c48425ef4a7	https://www.inaturalist.org/observations/97409045	Fungi	Basidiomycota	Agaricomycetes	Agaricales	Psathyrellaceae	Coprinellus	Coprinellus micaceus		SPECIES	Coprinellus micaceus (Bull.) Vilgalys, Hopple & Jacq.Johnson	Coprinellus micaceus		CA		Québec	PRESENT		28eb1a3f-1c15-4a95-931a-4af90ecb574d	46.813878	-71.207981	19515.0						2021-10-06T22:32	6	10	2021	2534578	2534578	HUMAN_OBSERVATION	iNaturalist	Observations	97409045		pengmin	2021-10-07T01:35:57	CC_BY_NC_4_0	pengmin	pengmin			2025-01-14T12:23:10.132Z	StillImage	COORDINATE_ROUNDED;CONTINENT_DERIVED_FROM_COORDINATES;TAXON_MATCH_TAXON_ID_IGNORED
3384576586	50c9509d-22c7-4a22-a47d-8c48425ef4a7	https://www.inaturalist.org/observations/97458110	Fungi	Basidiomycota	Agaricomycetes	Agaricales	Psathyrellaceae	Coprinellus	Coprinellus micaceus		SPECIES	Coprinellus micaceus (Bull.) Vilgalys, Hopple & Jacq.Johnson	Coprinellus micaceus		CA		Québec	PRESENT		28eb1a3f-1c15-4a95-931a-4af90ecb574d	45.760647	-71.920433	72.0						2021-10-07T12:35:31	7	10	2021	2534578	2534578	HUMAN_OBSERVATION	iNaturalist	Observations	97458110		lafemmesoleil	2021-10-07T16:35:51	CC_BY_NC_4_0	lafemmesoleil	lafemmesoleil			2025-01-14T13:11:41.445Z	StillImage	COORDINATE_ROUNDED;CONTINENT_DERIVED_FROM_COORDINATES;TAXON_MATCH_TAXON_ID_IGNORED
3343833419	50c9509d-22c7-4a22-a47d-8c48425ef4a7	https://www.inaturalist.org/observations/62219460	Fungi	Basidiomycota	Agaricomycetes	Agaricales	Psathyrellaceae	Coprinellus	Coprinellus micaceus		SPECIES	Coprinellus micaceus (Bull.) Vilgalys, Hopple & Jacq.Johnson	Coprinellus micaceus		CA		Québec	PRESENT		28eb1a3f-1c15-4a95-931a-4af90ecb574d	45.482855	-73.569237	65.0						2020-07-01T13:27:11	1	7	2020	2534578	2534578	HUMAN_OBSERVATION	iNaturalist	Observations	62219460		fric	2021-08-21T20:10:32	CC_BY_NC_4_0	camelliasinensis	camelliasinensis			2025-01-14T12:15:08.333Z	StillImage	COORDINATE_ROUNDED;CONTINENT_DERIVED_FROM_COORDINATES;TAXON_MATCH_TAXON_ID_IGNORED
3325521571	50c9509d-22c7-4a22-a47d-8c48425ef4a7	https://www.inaturalist.org/observations/84927296	Fungi	Basidiomycota	Agaricomycetes	Agaricales	Psathyrellaceae	Coprinellus	Coprinellus micaceus		SPECIES	Coprinellus micaceus (Bull.) Vilgalys, Hopple & Jacq.Johnson	Coprinellus micaceus		CA		Québec	PRESENT		28eb1a3f-1c15-4a95-931a-4af90ecb574d	48.131956	-66.136939	8.0						2021-06-25T14:41:46	25	6	2021	2534578	2534578	HUMAN_OBSERVATION	iNaturalist	Observations	84927296		Marilyne Busque-Dubois	2021-06-29T02:06:17	CC_BY_4_0	Marilyne Busque-Dubois	Marilyne Busque-Dubois			2025-01-14T12:20:22.122Z	StillImage	COORDINATE_ROUNDED;CONTINENT_DERIVED_FROM_COORDINATES;TAXON_MATCH_TAXON_ID_IGNORED
3321142700	50c9509d-22c7-4a22-a47d-8c48425ef4a7	https://www.inaturalist.org/observations/84456359	Fungi	Basidiomycota	Agaricomycetes	Agaricales	Psathyrellaceae	Coprinellus	Coprinellus micaceus		SPECIES	Coprinellus micaceus (Bull.) Vilgalys, Hopple & Jacq.Johnson	Coprinellus micaceus		CA		Québec	PRESENT		28eb1a3f-1c15-4a95-931a-4af90ecb574d	45.720883	-73.487344	22.0						2021-06-25T15:03:09	25	6	2021	2534578	2534578	HUMAN_OBSERVATION	iNaturalist	Observations	84456359		Étienne P	2021-06-26T13:56:58	CC_BY_NC_4_0	Espace pour la vie	Espace pour la vie			2025-01-14T13:13:20.756Z	StillImage	COORDINATE_ROUNDED;CONTINENT_DERIVED_FROM_COORDINATES;TAXON_MATCH_TAXON_ID_IGNORED
3314488376	50c9509d-22c7-4a22-a47d-8c48425ef4a7	https://www.inaturalist.org/observations/59213909	Fungi	Basidiomycota	Agaricomycetes	Agaricales	Psathyrellaceae	Coprinellus	Coprinellus micaceus		SPECIES	Coprinellus micaceus (Bull.) Vilgalys, Hopple & Jacq.Johnson	Coprinellus micaceus		CA		Québec	PRESENT		28eb1a3f-1c15-4a95-931a-4af90ecb574d	46.825709	-71.240977	600.0						2020-09-11T13:37:01Z	11	9	2020	2534578	2534578	HUMAN_OBSERVATION	iNaturalist	Observations	59213909		cathyduchaine	2020-09-11T13:37:23	CC_BY_NC_4_0	cathyduchaine	cathyduchaine			2025-01-14T12:14:51.668Z	StillImage	COORDINATE_ROUNDED;CONTINENT_DERIVED_FROM_COORDINATES;TAXON_MATCH_TAXON_ID_IGNORED
3307202524	50c9509d-22c7-4a22-a47d-8c48425ef4a7	https://www.inaturalist.org/observations/81371809	Fungi	Basidiomycota	Agaricomycetes	Agaricales	Psathyrellaceae	Coprinellus	Coprinellus micaceus		SPECIES	Coprinellus micaceus (Bull.) Vilgalys, Hopple & Jacq.Johnson	Coprinellus micaceus		CA		Nova Scotia	PRESENT		28eb1a3f-1c15-4a95-931a-4af90ecb574d	45.172352	-64.247549	27222.0						2021-06-02T18:11:28	2	6	2021	2534578	2534578	HUMAN_OBSERVATION	iNaturalist	Observations	81371809		Thomas M	2021-06-02T23:49:32	CC_BY_NC_4_0	Thomas M	Thomas M			2025-01-14T12:20:24.772Z	StillImage	COORDINATE_ROUNDED;CONTINENT_DERIVED_FROM_COORDINATES;TAXON_MATCH_TAXON_ID_IGNORED
3113537194	50c9509d-22c7-4a22-a47d-8c48425ef4a7	https://www.inaturalist.org/observations/78123916	Fungi	Basidiomycota	Agaricomycetes	Agaricales	Psathyrellaceae	Coprinellus	Coprinellus micaceus		SPECIES	Coprinellus micaceus (Bull.) Vilgalys, Hopple & Jacq.Johnson	Coprinellus micaceus		CA		Québec	PRESENT		28eb1a3f-1c15-4a95-931a-4af90ecb574d	45.45377	-73.806122	10.0						2021-05-09T15:16:18	9	5	2021	2534578	2534578	HUMAN_OBSERVATION	iNaturalist	Observations	78123916		thetoaster	2021-05-09T20:24:40	CC_BY_NC_4_0	thetoaster	thetoaster			2025-01-14T13:12:03.418Z	StillImage	COORDINATE_ROUNDED;CONTINENT_DERIVED_FROM_COORDINATES;TAXON_MATCH_TAXON_ID_IGNORED
3113498455	50c9509d-22c7-4a22-a47d-8c48425ef4a7	https://www.inaturalist.org/observations/78281294	Fungi	Basidiomycota	Agaricomycetes	Agaricales	Psathyrellaceae	Coprinellus	Coprinellus micaceus		SPECIES	Coprinellus micaceus (Bull.) Vilgalys, Hopple & Jacq.Johnson	Coprinellus micaceus		CA		Ontario	PRESENT		28eb1a3f-1c15-4a95-931a-4af90ecb574d	46.172172	-79.272497	21.0						2021-05-10T18:20	10	5	2021	2534578	2534578	HUMAN_OBSERVATION	iNaturalist	Observations	78281294		brittanyhope	2021-05-10T22:20:33	CC_BY_NC_4_0	brittanyhope	brittanyhope			2025-01-14T12:17:49.595Z	StillImage	COORDINATE_ROUNDED;CONTINENT_DERIVED_FROM_COORDINATES;TAXON_MATCH_TAXON_ID_IGNORED
3113305620	50c9509d-22c7-4a22-a47d-8c48425ef4a7	https://www.inaturalist.org/observations/77697923	Fungi	Basidiomycota	Agaricomycetes	Agaricales	Psathyrellaceae	Coprinellus	Coprinellus micaceus		SPECIES	Coprinellus micaceus (Bull.) Vilgalys, Hopple & Jacq.Johnson	Coprinellus micaceus		CA		Ontario	PRESENT		28eb1a3f-1c15-4a95-931a-4af90ecb574d	45.349495	-75.630792	65.0						2021-05-06T20:29:57	6	5	2021	2534578	2534578	HUMAN_OBSERVATION	iNaturalist	Observations	77697923		staingen	2021-05-07T02:20:06	CC_BY_NC_4_0	staingen	staingen			2025-01-14T13:12:22.421Z	StillImage	COORDINATE_ROUNDED;CONTINENT_DERIVED_FROM_COORDINATES;TAXON_MATCH_TAXON_ID_IGNORED
3112958206	50c9509d-22c7-4a22-a47d-8c48425ef4a7	https://www.inaturalist.org/observations/77161459	Fungi	Basidiomycota	Agaricomycetes	Agaricales	Psathyrellaceae	Coprinellus	Coprinellus micaceus		SPECIES	Coprinellus micaceus (Bull.) Vilgalys, Hopple & Jacq.Johnson	Coprinellus micaceus		CA		Ontario	PRESENT		28eb1a3f-1c15-4a95-931a-4af90ecb574d	45.284319	-75.672225	27.0						2021-05-03T19:05	3	5	2021	2534578	2534578	HUMAN_OBSERVATION	iNaturalist	Observations	77161459		erthomson	2021-05-04T18:55:54	CC_BY_NC_4_0	Matt Osborne	Matt Osborne			2025-01-14T12:17:42.487Z	StillImage	COORDINATE_ROUNDED;CONTINENT_DERIVED_FROM_COORDINATES;TAXON_MATCH_TAXON_ID_IGNORED
3112880894	50c9509d-22c7-4a22-a47d-8c48425ef4a7	https://www.inaturalist.org/observations/77683824	Fungi	Basidiomycota	Agaricomycetes	Agaricales	Psathyrellaceae	Coprinellus	Coprinellus micaceus		SPECIES	Coprinellus micaceus (Bull.) Vilgalys, Hopple & Jacq.Johnson	Coprinellus micaceus		CA		Québec	PRESENT		28eb1a3f-1c15-4a95-931a-4af90ecb574d	45.490902	-74.052596	7.0						2021-05-06T17:54:47Z	6	5	2021	2534578	2534578	HUMAN_OBSERVATION	iNaturalist	Observations	77683824		billmontreal	2021-05-07T00:30:20	CC_BY_NC_4_0	billmontreal	billmontreal			2025-01-14T12:18:25.345Z	StillImage	COORDINATE_ROUNDED;CONTINENT_DERIVED_FROM_COORDINATES;TAXON_MATCH_TAXON_ID_IGNORED
3112620715	50c9509d-22c7-4a22-a47d-8c48425ef4a7	https://www.inaturalist.org/observations/76762227	Fungi	Basidiomycota	Agaricomycetes	Agaricales	Psathyrellaceae	Coprinellus	Coprinellus micaceus		SPECIES	Coprinellus micaceus (Bull.) Vilgalys, Hopple & Jacq.Johnson	Coprinellus micaceus		CA		Ontario	PRESENT		28eb1a3f-1c15-4a95-931a-4af90ecb574d	45.356482	-75.620131	457.0						2021-05-02T16:01	2	5	2021	2534578	2534578	HUMAN_OBSERVATION	iNaturalist	Observations	76762227		emmaks	2021-05-03T00:14:45	CC_BY_NC_4_0	emmaks	emmaks			2025-01-14T13:12:10.835Z	StillImage	COORDINATE_ROUNDED;CONTINENT_DERIVED_FROM_COORDINATES;TAXON_MATCH_TAXON_ID_IGNORED
3112612532	50c9509d-22c7-4a22-a47d-8c48425ef4a7	https://www.inaturalist.org/observations/77351755	Fungi	Basidiomycota	Agaricomycetes	Agaricales	Psathyrellaceae	Coprinellus	Coprinellus micaceus		SPECIES	Coprinellus micaceus (Bull.) Vilgalys, Hopple & Jacq.Johnson	Coprinellus micaceus		CA		Québec	PRESENT		28eb1a3f-1c15-4a95-931a-4af90ecb574d	45.479314	-73.609848	5.0						2021-05-04T17:43:03	4	5	2021	2534578	2534578	HUMAN_OBSERVATION	iNaturalist	Observations	77351755		rfraser1	2021-05-04T21:43:22	CC_BY_NC_4_0	rfraser1	rfraser1			2025-01-14T13:11:35.183Z	StillImage	COORDINATE_ROUNDED;CONTINENT_DERIVED_FROM_COORDINATES;TAXON_MATCH_TAXON_ID_IGNORED
3112337988	50c9509d-22c7-4a22-a47d-8c48425ef4a7	https://www.inaturalist.org/observations/76169711	Fungi	Basidiomycota	Agaricomycetes	Agaricales	Psathyrellaceae	Coprinellus	Coprinellus micaceus		SPECIES	Coprinellus micaceus (Bull.) Vilgalys, Hopple & Jacq.Johnson	Coprinellus micaceus		CA		Québec	PRESENT		28eb1a3f-1c15-4a95-931a-4af90ecb574d	45.40305	-73.949395	18.0						2021-05-01T10:17:30	1	5	2021	2534578	2534578	HUMAN_OBSERVATION	iNaturalist	Observations	76169711		Kathy Hansen	2021-05-01T15:36:42	CC_BY_NC_4_0	Kathy Hansen	Kathy Hansen			2025-01-14T13:11:20.973Z	StillImage	CONTINENT_DERIVED_FROM_COORDINATES;TAXON_MATCH_TAXON_ID_IGNORED
3112294022	50c9509d-22c7-4a22-a47d-8c48425ef4a7	https://www.inaturalist.org/observations/76194410	Fungi	Basidiomycota	Agaricomycetes	Agaricales	Psathyrellaceae	Coprinellus	Coprinellus micaceus		SPECIES	Coprinellus micaceus (Bull.) Vilgalys, Hopple & Jacq.Johnson	Coprinellus micaceus		CA		Ontario	PRESENT		28eb1a3f-1c15-4a95-931a-4af90ecb574d	45.389422	-75.709856	7.0						2021-05-01T12:42:50	1	5	2021	2534578	2534578	HUMAN_OBSERVATION	iNaturalist	Observations	76194410		jonathan_mack	2021-05-02T02:46:09	CC_BY_NC_4_0	Donna	Donna			2025-01-14T13:12:29.590Z	StillImage	COORDINATE_ROUNDED;CONTINENT_DERIVED_FROM_COORDINATES;TAXON_MATCH_TAXON_ID_IGNORED
3079699625	50c9509d-22c7-4a22-a47d-8c48425ef4a7	https://www.inaturalist.org/observations/25706426	Fungi	Basidiomycota	Agaricomycetes	Agaricales	Psathyrellaceae	Coprinellus	Coprinellus micaceus		SPECIES	Coprinellus micaceus (Bull.) Vilgalys, Hopple & Jacq.Johnson	Coprinellus micaceus		CA		Ontario	PRESENT		28eb1a3f-1c15-4a95-931a-4af90ecb574d	45.38672	-75.704072	32.0						2019-05-24T12:36:56	24	5	2019	2534578	2534578	HUMAN_OBSERVATION	iNaturalist	Observations	25706426		Elliot S.	2019-05-25T04:05:24	CC_BY_NC_4_0	Igor Khomenko	Igor Khomenko			2025-01-14T12:59:01.847Z	StillImage	COORDINATE_ROUNDED;CONTINENT_DERIVED_FROM_COORDINATES;TAXON_MATCH_TAXON_ID_IGNORED
3079568836	50c9509d-22c7-4a22-a47d-8c48425ef4a7	https://www.inaturalist.org/observations/49233668	Fungi	Basidiomycota	Agaricomycetes	Agaricales	Psathyrellaceae	Coprinellus	Coprinellus micaceus		SPECIES	Coprinellus micaceus (Bull.) Vilgalys, Hopple & Jacq.Johnson	Coprinellus micaceus		CA		Ontario	PRESENT		28eb1a3f-1c15-4a95-931a-4af90ecb574d	45.404951	-75.679875	5.0						2020-06-11T11:43:33	11	6	2020	2534578	2534578	HUMAN_OBSERVATION	iNaturalist	Observations	49233668		Jara de Hoog	2020-06-11T15:44:31	CC0_1_0	Jara de Hoog	Jara de Hoog			2025-01-14T13:08:39.138Z	StillImage	COORDINATE_ROUNDED;CONTINENT_DERIVED_FROM_COORDINATES;TAXON_MATCH_TAXON_ID_IGNORED
3070285491	50c9509d-22c7-4a22-a47d-8c48425ef4a7	https://www.inaturalist.org/observations/12561473	Fungi	Basidiomycota	Agaricomycetes	Agaricales	Psathyrellaceae	Coprinellus	Coprinellus micaceus		SPECIES	Coprinellus micaceus (Bull.) Vilgalys, Hopple & Jacq.Johnson	Coprinellus micaceus		CA		Ontario	PRESENT		28eb1a3f-1c15-4a95-931a-4af90ecb574d	45.454288	-75.672739	37.0						2018-05-17T11:53	17	5	2018	2534578	2534578	HUMAN_OBSERVATION	iNaturalist	Observations	12561473		John Plischke	2018-05-18T03:21:58	CC_BY_4_0	christine123	christine123			2025-01-14T12:59:40.062Z	StillImage	COORDINATE_ROUNDED;CONTINENT_DERIVED_FROM_COORDINATES;TAXON_MATCH_TAXON_ID_IGNORED
2898384522	50c9509d-22c7-4a22-a47d-8c48425ef4a7	https://www.inaturalist.org/observations/60661626	Fungi	Basidiomycota	Agaricomycetes	Agaricales	Psathyrellaceae	Coprinellus	Coprinellus micaceus		SPECIES	Coprinellus micaceus (Bull.) Vilgalys, Hopple & Jacq.Johnson	Coprinellus micaceus		CA		Ontario	PRESENT		28eb1a3f-1c15-4a95-931a-4af90ecb574d	45.337567	-75.970066	122.0						2020-09-20T13:53	20	9	2020	2534578	2534578	HUMAN_OBSERVATION	iNaturalist	Observations	60661626		Hugo Basurto	2020-10-12T20:27:18	CC_BY_NC_4_0	Serguei Ponomarenko	Serguei Ponomarenko			2025-01-14T12:15:00.566Z	StillImage	COORDINATE_ROUNDED;CONTINENT_DERIVED_FROM_COORDINATES;TAXON_MATCH_TAXON_ID_IGNORED
2862681460	50c9509d-22c7-4a22-a47d-8c48425ef4a7	https://www.inaturalist.org/observations/59172692	Fungi	Basidiomycota	Agaricomycetes	Agaricales	Psathyrellaceae	Coprinellus	Coprinellus micaceus		SPECIES	Coprinellus micaceus (Bull.) Vilgalys, Hopple & Jacq.Johnson	Coprinellus micaceus		CA		Ontario	PRESENT		28eb1a3f-1c15-4a95-931a-4af90ecb574d	45.456878	-75.475243	6.0						2020-09-10T16:48	10	9	2020	2534578	2534578	HUMAN_OBSERVATION	iNaturalist	Observations	59172692		jonathan_mack	2020-09-10T22:55:46	CC_BY_NC_4_0	jonathan_mack	jonathan_mack			2025-01-14T12:14:39.015Z	StillImage	COORDINATE_ROUNDED;CONTINENT_DERIVED_FROM_COORDINATES;TAXON_MATCH_TAXON_ID_IGNORED
2860178183	50c9509d-22c7-4a22-a47d-8c48425ef4a7	https://www.inaturalist.org/observations/58254126	Fungi	Basidiomycota	Agaricomycetes	Agaricales	Psathyrellaceae	Coprinellus	Coprinellus micaceus		SPECIES	Coprinellus micaceus (Bull.) Vilgalys, Hopple & Jacq.Johnson	Coprinellus micaceus		CA		Ontario	PRESENT		28eb1a3f-1c15-4a95-931a-4af90ecb574d	45.439992	-75.572739	8.0						2020-09-01T12:24:01	1	9	2020	2534578	2534578	HUMAN_OBSERVATION	iNaturalist	Observations	58254126		Peri Unligil	2020-09-01T16:26:21	CC_BY_NC_4_0	Peri Unligil	Peri Unligil			2025-01-14T13:10:04.818Z	StillImage	COORDINATE_ROUNDED;CONTINENT_DERIVED_FROM_COORDINATES;TAXON_MATCH_TAXON_ID_IGNORED
2856506828	50c9509d-22c7-4a22-a47d-8c48425ef4a7	https://www.inaturalist.org/observations/57278702	Fungi	Basidiomycota	Agaricomycetes	Agaricales	Psathyrellaceae	Coprinellus	Coprinellus micaceus		SPECIES	Coprinellus micaceus (Bull.) Vilgalys, Hopple & Jacq.Johnson	Coprinellus micaceus		CA		Ontario	PRESENT		28eb1a3f-1c15-4a95-931a-4af90ecb574d	45.465112	-75.508829	15.0						2020-08-22T13:49	22	8	2020	2534578	2534578	HUMAN_OBSERVATION	iNaturalist	Observations	57278702		jonathan_mack	2020-08-22T23:38:21	CC_BY_NC_4_0	jonathan_mack	jonathan_mack			2025-01-14T13:10:33.517Z	StillImage	COORDINATE_ROUNDED;CONTINENT_DERIVED_FROM_COORDINATES;TAXON_MATCH_TAXON_ID_IGNORED
2823326333	50c9509d-22c7-4a22-a47d-8c48425ef4a7	https://www.inaturalist.org/observations/27083290	Fungi	Basidiomycota	Agaricomycetes	Agaricales	Psathyrellaceae	Coprinellus	Coprinellus micaceus		SPECIES	Coprinellus micaceus (Bull.) Vilgalys, Hopple & Jacq.Johnson	Coprinellus micaceus		CA		Québec	PRESENT		28eb1a3f-1c15-4a95-931a-4af90ecb574d	45.466955	-73.55966	10.0						2019-06-16T08:54:13	16	6	2019	2534578	2534578	HUMAN_OBSERVATION	iNaturalist	Observations	27083290		Mical	2019-06-16T12:54:27	CC_BY_4_0	Mical	Mical			2025-01-14T12:59:01.501Z	StillImage	COORDINATE_ROUNDED;CONTINENT_DERIVED_FROM_COORDINATES;TAXON_MATCH_TAXON_ID_IGNORED
2802998695	50c9509d-22c7-4a22-a47d-8c48425ef4a7	https://www.inaturalist.org/observations/50224946	Fungi	Basidiomycota	Agaricomycetes	Agaricales	Psathyrellaceae	Coprinellus	Coprinellus micaceus		SPECIES	Coprinellus micaceus (Bull.) Vilgalys, Hopple & Jacq.Johnson	Coprinellus micaceus		CA		Ontario	PRESENT		28eb1a3f-1c15-4a95-931a-4af90ecb574d	45.05742	-76.116311	41.0						2020-06-19T15:33:56	19	6	2020	2534578	2534578	HUMAN_OBSERVATION	iNaturalist	Observations	50224946		Windstone Farm	2020-06-20T03:32:38	CC_BY_NC_4_0	Windstone Farm	Windstone Farm			2025-01-14T12:14:04.679Z	StillImage	COORDINATE_ROUNDED;CONTINENT_DERIVED_FROM_COORDINATES;TAXON_MATCH_TAXON_ID_IGNORED
2802855330	50c9509d-22c7-4a22-a47d-8c48425ef4a7	https://www.inaturalist.org/observations/8990679	Fungi	Basidiomycota	Agaricomycetes	Agaricales	Psathyrellaceae	Coprinellus	Coprinellus micaceus		SPECIES	Coprinellus micaceus (Bull.) Vilgalys, Hopple & Jacq.Johnson	Coprinellus micaceus		CA		Québec	PRESENT		28eb1a3f-1c15-4a95-931a-4af90ecb574d	45.499982	-75.838451	667.0						2017-10-27T13:57:34	27	10	2017	2534578	2534578	HUMAN_OBSERVATION	iNaturalist	Observations	8990679		else	2017-11-30T00:16:45	CC_BY_4_0	Ryan Hodnett	Ryan Hodnett			2025-01-14T12:04:10.157Z	StillImage	CONTINENT_DERIVED_FROM_COORDINATES;TAXON_MATCH_TAXON_ID_IGNORED
2802544419	50c9509d-22c7-4a22-a47d-8c48425ef4a7	https://www.inaturalist.org/observations/25244520	Fungi	Basidiomycota	Agaricomycetes	Agaricales	Psathyrellaceae	Coprinellus	Coprinellus micaceus		SPECIES	Coprinellus micaceus (Bull.) Vilgalys, Hopple & Jacq.Johnson	Coprinellus micaceus		CA		Ontario	PRESENT		28eb1a3f-1c15-4a95-931a-4af90ecb574d	45.392463	-75.718233	2.0						2019-05-16T11:02	16	5	2019	2534578	2534578	HUMAN_OBSERVATION	iNaturalist	Observations	25244520		marthar	2019-05-17T06:29:02	CC_BY_NC_4_0	jonathan_mack	jonathan_mack			2025-01-14T12:59:00.969Z	StillImage	COORDINATE_ROUNDED;CONTINENT_DERIVED_FROM_COORDINATES;TAXON_MATCH_TAXON_ID_IGNORED
2603276571	50c9509d-22c7-4a22-a47d-8c48425ef4a7	https://www.inaturalist.org/observations/15334776	Fungi	Basidiomycota	Agaricomycetes	Agaricales	Psathyrellaceae	Coprinellus	Coprinellus micaceus		SPECIES	Coprinellus micaceus (Bull.) Vilgalys, Hopple & Jacq.Johnson	Coprinellus micaceus		CA		New Brunswick	PRESENT		28eb1a3f-1c15-4a95-931a-4af90ecb574d	45.954739	-66.903547							2018-08-11T15:39	11	8	2018	2534578	2534578	HUMAN_OBSERVATION	iNaturalist	Observations	15334776		Ken Ramey	2018-08-12T00:17:48	CC_BY_NC_4_0	Ken Ramey	Ken Ramey			2025-01-14T13:00:26.189Z	StillImage	COORDINATE_ROUNDED;CONTINENT_DERIVED_FROM_COORDINATES;TAXON_MATCH_TAXON_ID_IGNORED
2578993599	50c9509d-22c7-4a22-a47d-8c48425ef4a7	https://www.inaturalist.org/observations/15876417	Fungi	Basidiomycota	Agaricomycetes	Agaricales	Psathyrellaceae	Coprinellus	Coprinellus micaceus		SPECIES	Coprinellus micaceus (Bull.) Vilgalys, Hopple & Jacq.Johnson	Coprinellus micaceus		CA		New Brunswick	PRESENT		28eb1a3f-1c15-4a95-931a-4af90ecb574d	45.954749	-66.637785							2018-08-24T17:37	24	8	2018	2534578	2534578	HUMAN_OBSERVATION	iNaturalist	Observations	15876417		else	2018-08-25T17:50:39	CC_BY_NC_4_0	Kitty Maurey	Kitty Maurey			2025-01-14T12:05:44.331Z	StillImage	CONTINENT_DERIVED_FROM_COORDINATES;TAXON_MATCH_TAXON_ID_IGNORED
2429366556	50c9509d-22c7-4a22-a47d-8c48425ef4a7	https://www.inaturalist.org/observations/33825471	Fungi	Basidiomycota	Agaricomycetes	Agaricales	Psathyrellaceae	Coprinellus	Coprinellus micaceus		SPECIES	Coprinellus micaceus (Bull.) Vilgalys, Hopple & Jacq.Johnson	Coprinellus micaceus		CA		Ontario	PRESENT		28eb1a3f-1c15-4a95-931a-4af90ecb574d	45.302095	-75.874253	16.0						2019-10-03T14:37:27	3	10	2019	2534578	2534578	HUMAN_OBSERVATION	iNaturalist	Observations	33825471		ryleigh66	2019-10-04T01:55:10	CC_BY_NC_4_0	ryleigh66	ryleigh66			2025-01-14T12:09:38.253Z	StillImage	COORDINATE_ROUNDED;CONTINENT_DERIVED_FROM_COORDINATES;TAXON_MATCH_TAXON_ID_IGNORED
2429267061	50c9509d-22c7-4a22-a47d-8c48425ef4a7	https://www.inaturalist.org/observations/33473379	Fungi	Basidiomycota	Agaricomycetes	Agaricales	Psathyrellaceae	Coprinellus	Coprinellus micaceus		SPECIES	Coprinellus micaceus (Bull.) Vilgalys, Hopple & Jacq.Johnson	Coprinellus micaceus		CA		Ontario	PRESENT		28eb1a3f-1c15-4a95-931a-4af90ecb574d	45.395593	-75.669599	7.0						2019-09-27T07:21:45	27	9	2019	2534578	2534578	HUMAN_OBSERVATION	iNaturalist	Observations	33473379		jpenning	2019-09-27T11:24:08	CC_BY_NC_4_0	jpenning	jpenning			2025-01-14T12:59:38.186Z	StillImage	COORDINATE_ROUNDED;CONTINENT_DERIVED_FROM_COORDINATES;TAXON_MATCH_TAXON_ID_IGNORED
2429263723	50c9509d-22c7-4a22-a47d-8c48425ef4a7	https://www.inaturalist.org/observations/33461800	Fungi	Basidiomycota	Agaricomycetes	Agaricales	Psathyrellaceae	Coprinellus	Coprinellus micaceus		SPECIES	Coprinellus micaceus (Bull.) Vilgalys, Hopple & Jacq.Johnson	Coprinellus micaceus		CA		Québec	PRESENT		28eb1a3f-1c15-4a95-931a-4af90ecb574d	46.83237	-71.310656	4.0						2019-09-21	21	9	2019	2534578	2534578	HUMAN_OBSERVATION	iNaturalist	Observations	33461800		Matt Welter	2019-09-27T15:07:38	CC_BY_NC_4_0	Ludo Leclerc	Ludo Leclerc			2025-01-14T13:03:49.431Z	StillImage	COORDINATE_ROUNDED;CONTINENT_DERIVED_FROM_COORDINATES;TAXON_MATCH_TAXON_ID_IGNORED
2423614589	21705170-d2b6-42de-8904-c3bca4b83591	CMMF020582	Fungi	Basidiomycota	Agaricomycetes	Agaricales	Psathyrellaceae	Coprinellus	Coprinellus micaceus		SPECIES	Coprinus micaceus (Bull.) Fr.	Coprinus micaceus (Bull.) Fr.	(Bull.) Fr.	CA	Pointe du Buisson	Quebec	PRESENT		ff7bd5db-b724-4932-b496-10ea298851f9	45.317721	-73.965583	100.0						1981-06-15	15	6	1981	9174116	2534578	PRESERVED_SPECIMEN	Université de Montréal Biodiversity Centre	CMMF	CMMF020582	s.n.	McNeil, Raymond		CC0_1_0	Université de Montréal Biodiversity Centre	McNeil, Raymond			2024-01-24T16:38:15.876Z		INSTITUTION_MATCH_FUZZY;COLLECTION_MATCH_FUZZY;DIFFERENT_OWNER_INSTITUTION
2423611937	21705170-d2b6-42de-8904-c3bca4b83591	CMMF018653	Fungi	Basidiomycota	Agaricomycetes	Agaricales	Psathyrellaceae	Coprinellus	Coprinellus micaceus		SPECIES	Coprinus micaceus (Bull.) Fr.	Coprinus micaceus (Bull.) Fr.	(Bull.) Fr.	CA	Chemin du lac 4	Québec	PRESENT		ff7bd5db-b724-4932-b496-10ea298851f9	45.991898	-73.993444	750.0						1979-08-02	2	8	1979	9174116	2534578	PRESERVED_SPECIMEN	Université de Montréal Biodiversity Centre	CMMF	CMMF018653	s.n.	Nantel, Patrick		CC0_1_0	Université de Montréal Biodiversity Centre	Nantel, Patrick			2024-01-24T16:38:18.457Z		INSTITUTION_MATCH_FUZZY;COLLECTION_MATCH_FUZZY;DIFFERENT_OWNER_INSTITUTION
2273197442	50c9509d-22c7-4a22-a47d-8c48425ef4a7	https://www.inaturalist.org/observations/16848242	Fungi	Basidiomycota	Agaricomycetes	Agaricales	Psathyrellaceae	Coprinellus	Coprinellus micaceus		SPECIES	Coprinellus micaceus (Bull.) Vilgalys, Hopple & Jacq.Johnson	Coprinellus micaceus		CA		Ontario	PRESENT		28eb1a3f-1c15-4a95-931a-4af90ecb574d	45.239517	-76.170137	5.0						2018-08-27T16:40:30	27	8	2018	2534578	2534578	HUMAN_OBSERVATION	iNaturalist	Observations	16848242		almontebirds	2018-09-23T21:11:11	CC_BY_NC_4_0	almontebirds	almontebirds			2025-01-14T12:05:50.655Z	StillImage	COORDINATE_ROUNDED;CONTINENT_DERIVED_FROM_COORDINATES;TAXON_MATCH_TAXON_ID_IGNORED
2251904602	50c9509d-22c7-4a22-a47d-8c48425ef4a7	https://www.inaturalist.org/observations/25809616	Fungi	Basidiomycota	Agaricomycetes	Agaricales	Psathyrellaceae	Coprinellus	Coprinellus micaceus		SPECIES	Coprinellus micaceus (Bull.) Vilgalys, Hopple & Jacq.Johnson	Coprinellus micaceus		CA		Ontario	PRESENT		28eb1a3f-1c15-4a95-931a-4af90ecb574d	45.351979	-75.625394	8.0						2019-05-26T11:25:19	26	5	2019	2534578	2534578	HUMAN_OBSERVATION	iNaturalist	Observations	25809616		photocrasher	2019-05-26T15:25:39	CC_BY_NC_4_0	photocrasher	photocrasher			2025-01-14T12:07:21.194Z	StillImage	COORDINATE_ROUNDED;CONTINENT_DERIVED_FROM_COORDINATES;TAXON_MATCH_TAXON_ID_IGNORED
2251869738	50c9509d-22c7-4a22-a47d-8c48425ef4a7	https://www.inaturalist.org/observations/25690794	Fungi	Basidiomycota	Agaricomycetes	Agaricales	Psathyrellaceae	Coprinellus	Coprinellus micaceus		SPECIES	Coprinellus micaceus (Bull.) Vilgalys, Hopple & Jacq.Johnson	Coprinellus micaceus		CA		Québec	PRESENT		28eb1a3f-1c15-4a95-931a-4af90ecb574d	45.502425	-73.579963	16.0						2019-05-24T10:36	24	5	2019	2534578	2534578	HUMAN_OBSERVATION	iNaturalist	Observations	25690794		Elliot S.	2019-05-25T04:24:26	CC0_1_0	Liam Ragan	Liam Ragan			2025-01-14T12:07:24.613Z	StillImage	COORDINATE_ROUNDED;CONTINENT_DERIVED_FROM_COORDINATES;TAXON_MATCH_TAXON_ID_IGNORED
2244313909	50c9509d-22c7-4a22-a47d-8c48425ef4a7	https://www.inaturalist.org/observations/25568824	Fungi	Basidiomycota	Agaricomycetes	Agaricales	Psathyrellaceae	Coprinellus	Coprinellus micaceus		SPECIES	Coprinellus micaceus (Bull.) Vilgalys, Hopple & Jacq.Johnson	Coprinellus micaceus		CA		Québec	PRESENT		28eb1a3f-1c15-4a95-931a-4af90ecb574d	45.498493	-73.560242	33.0						2019-05-21T08:43:16	21	5	2019	2534578	2534578	HUMAN_OBSERVATION	iNaturalist	Observations	25568824		verdanda	2019-05-22T17:20:19	CC_BY_NC_4_0	verdanda	verdanda			2025-01-14T13:09:39.833Z	StillImage	COORDINATE_ROUNDED;CONTINENT_DERIVED_FROM_COORDINATES;TAXON_MATCH_TAXON_ID_IGNORED
2244281756	50c9509d-22c7-4a22-a47d-8c48425ef4a7	https://www.inaturalist.org/observations/25445646	Fungi	Basidiomycota	Agaricomycetes	Agaricales	Psathyrellaceae	Coprinellus	Coprinellus micaceus		SPECIES	Coprinellus micaceus (Bull.) Vilgalys, Hopple & Jacq.Johnson	Coprinellus micaceus		CA		Québec	PRESENT		28eb1a3f-1c15-4a95-931a-4af90ecb574d	45.478585	-73.627104	6.0						2019-05-20T11:19:15	20	5	2019	2534578	2534578	HUMAN_OBSERVATION	iNaturalist	Observations	25445646		Ishmael	2019-05-20T22:33:31	CC_BY_NC_4_0	matthewmccormack	matthewmccormack			2025-01-14T12:07:20.967Z	StillImage	COORDINATE_ROUNDED;CONTINENT_DERIVED_FROM_COORDINATES;TAXON_MATCH_TAXON_ID_IGNORED
1990290750	032f1fbe-d21f-407d-be46-5cd1bb1ea397	546753f5-3f4e-40a9-b219-cd2d911a7773	Fungi	Basidiomycota	Agaricomycetes	Agaricales	Psathyrellaceae	Coprinellus	Coprinellus micaceus		SPECIES	Coprinus micaceus (Bull.) Fr.	Coprinus micaceus	(Bull.) Fr.	CA	St. Aubert	Quebec	PRESENT		61c539d8-47e0-4b82-875f-b95aad66dcd4	47.180556	-70.219444							2008-04-15	15	4	2008	9174116	2534578	PRESERVED_SPECIMEN	TENN-F		TENN-F-017279	JWG114761			CC0_1_0		J.W. Groves			2025-01-12T10:33:53.859Z		COORDINATE_ROUNDED;GEODETIC_DATUM_ASSUMED_WGS84;CONTINENT_DERIVED_FROM_COORDINATES;TAXON_MATCH_TAXON_ID_IGNORED;INSTITUTION_MATCH_NONE
1920813035	50c9509d-22c7-4a22-a47d-8c48425ef4a7	https://www.inaturalist.org/observations/17285186	Fungi	Basidiomycota	Agaricomycetes	Agaricales	Psathyrellaceae	Coprinellus	Coprinellus micaceus		SPECIES	Coprinellus micaceus (Bull.) Vilgalys, Hopple & Jacq.Johnson	Coprinellus micaceus		CA		New Brunswick	PRESENT		28eb1a3f-1c15-4a95-931a-4af90ecb574d	45.966903	-66.476311							2018-10-06T18:45	6	10	2018	2534578	2534578	HUMAN_OBSERVATION	iNaturalist	Observations	17285186		Ken Ramey	2018-10-07T17:21:03	CC_BY_NC_4_0	Ken Ramey	Ken Ramey			2025-01-14T12:06:12.406Z	StillImage	COORDINATE_ROUNDED;CONTINENT_DERIVED_FROM_COORDINATES;TAXON_MATCH_TAXON_ID_IGNORED
1913667916	50c9509d-22c7-4a22-a47d-8c48425ef4a7	https://www.inaturalist.org/observations/16522392	Fungi	Basidiomycota	Agaricomycetes	Agaricales	Psathyrellaceae	Coprinellus	Coprinellus micaceus		SPECIES	Coprinellus micaceus (Bull.) Vilgalys, Hopple & Jacq.Johnson	Coprinellus micaceus		CA		New Brunswick	PRESENT		28eb1a3f-1c15-4a95-931a-4af90ecb574d	47.521055	-64.983832	4.0						2018-09-14	14	9	2018	2534578	2534578	HUMAN_OBSERVATION	iNaturalist	Observations	16522392		anthony brooks	2018-09-14T17:17:23	CC_BY_NC_4_0	Lewnanny Richardson	Lewnanny Richardson			2025-01-14T13:00:55.962Z	StillImage	COORDINATE_ROUNDED;CONTINENT_DERIVED_FROM_COORDINATES;TAXON_MATCH_TAXON_ID_IGNORED
1901056963	50c9509d-22c7-4a22-a47d-8c48425ef4a7	https://www.inaturalist.org/observations/16149689	Fungi	Basidiomycota	Agaricomycetes	Agaricales	Psathyrellaceae	Coprinellus	Coprinellus micaceus		SPECIES	Coprinellus micaceus (Bull.) Vilgalys, Hopple & Jacq.Johnson	Coprinellus micaceus		CA		New Brunswick	PRESENT		28eb1a3f-1c15-4a95-931a-4af90ecb574d	45.95558	-66.673							2018-09-02T16:34	2	9	2018	2534578	2534578	HUMAN_OBSERVATION	iNaturalist	Observations	16149689		Ken Ramey	2018-09-02T22:54:30	CC_BY_NC_4_0	Ken Ramey	Ken Ramey			2025-01-14T12:05:47.907Z	StillImage	COORDINATE_ROUNDED;CONTINENT_DERIVED_FROM_COORDINATES;TAXON_MATCH_TAXON_ID_IGNORED
1880562597	50c9509d-22c7-4a22-a47d-8c48425ef4a7	https://www.inaturalist.org/observations/13754501	Fungi	Basidiomycota	Agaricomycetes	Agaricales	Psathyrellaceae	Coprinellus	Coprinellus micaceus		SPECIES	Coprinellus micaceus (Bull.) Vilgalys, Hopple & Jacq.Johnson	Coprinellus micaceus		CA		Québec	PRESENT		28eb1a3f-1c15-4a95-931a-4af90ecb574d	45.550703	-73.158523	1953.0						2018-06-24T13:34	24	6	2018	2534578	2534578	HUMAN_OBSERVATION	iNaturalist	Observations	13754501		John Plischke	2018-06-25T01:45:25	CC_BY_NC_4_0	Janie Collin	Janie Collin			2025-01-14T13:01:58.749Z	StillImage	COORDINATE_ROUNDED;CONTINENT_DERIVED_FROM_COORDINATES;TAXON_MATCH_TAXON_ID_IGNORED
1848770582	50c9509d-22c7-4a22-a47d-8c48425ef4a7	https://www.inaturalist.org/observations/12949914	Fungi	Basidiomycota	Agaricomycetes	Agaricales	Psathyrellaceae	Coprinellus	Coprinellus micaceus		SPECIES	Coprinellus micaceus (Bull.) Vilgalys, Hopple & Jacq.Johnson	Coprinellus micaceus		CA		New Brunswick	PRESENT		28eb1a3f-1c15-4a95-931a-4af90ecb574d	46.086067	-64.817451							2018-05-26T16:51:29	26	5	2018	2534578	2534578	HUMAN_OBSERVATION	iNaturalist	Observations	12949914		Sarah Jackson	2018-05-30T12:03:04	CC_BY_NC_4_0	Sarah Jackson	Sarah Jackson			2025-01-14T13:00:36.240Z	StillImage	COORDINATE_ROUNDED;CONTINENT_DERIVED_FROM_COORDINATES;TAXON_MATCH_TAXON_ID_IGNORED
1807256022	e8a25a42-f125-476c-8554-3ec21cd51a84	ACAD:112591	Fungi	Basidiomycota	Agaricomycetes	Agaricales	Psathyrellaceae	Coprinellus	Coprinellus micaceus		SPECIES	Coprinellus micaceus (Bull.) Vilgalys, Hopple & Jacq.Johnson	Coprinellus micaceus (Bull.) Vilgalys, Hopple & Jacq. Johnson	(Bull.) Vilgalys, Hopple & Jacq. Johnson	CA	Kentville	Nova Scotia	PRESENT		6491ad8c-8e49-4bd4-a089-0ddb3bbe0890	45.07662	-64.49592							1932-08-01	1	8	1932	2534578	2534578	PRESERVED_SPECIMEN	Acadia University	ACAD	249F	249			CC0_1_0	Acadia University	H, KA			2024-01-25T01:37:10.858Z	StillImage	GEODETIC_DATUM_INVALID;GEODETIC_DATUM_ASSUMED_WGS84;TAXON_MATCH_TAXON_ID_IGNORED;INSTITUTION_MATCH_FUZZY;COLLECTION_MATCH_FUZZY
1802637554	50c9509d-22c7-4a22-a47d-8c48425ef4a7	https://www.inaturalist.org/observations/8409117	Fungi	Basidiomycota	Agaricomycetes	Agaricales	Psathyrellaceae	Coprinellus	Coprinellus micaceus		SPECIES	Coprinellus micaceus (Bull.) Vilgalys, Hopple & Jacq.Johnson	Coprinellus micaceus		CA		Nova Scotia	PRESENT		28eb1a3f-1c15-4a95-931a-4af90ecb574d	45.113553	-64.412575							2017-10-14T16:23:03	14	10	2017	2534578	2534578	HUMAN_OBSERVATION	iNaturalist	Observations	8409117		Cody Chapman	2017-10-17T13:48:27	CC_BY_NC_4_0	Cody Chapman	Cody Chapman			2025-01-14T12:59:37.193Z	StillImage	COORDINATE_ROUNDED;CONTINENT_DERIVED_FROM_COORDINATES;TAXON_MATCH_TAXON_ID_IGNORED
1701558073	39bd4817-9530-4341-a918-4f16b8db1419	UdeM:CMMF:Blitz2017:70	Fungi	Basidiomycota	Agaricomycetes	Agaricales	Psathyrellaceae	Coprinellus	Coprinellus micaceus		SPECIES	Coprinellus micaceus (Bull.) Vilgalys, Hopple & Jacq.Johnson	Coprinellus micaceus (Bull.) Vilgalys, Hopple & Jacq. Johnson, 2001	(Bull.:Fr.) Vilgalys, Hopple & Jacq. Johnson	CA	Parc des Chutes de Sainte-Ursule	Québec	PRESENT		ff7bd5db-b724-4932-b496-10ea298851f9	46.300422	-73.094321	500.0						2017-08-09	9	8	2017	2534578	2534578	HUMAN_OBSERVATION	Université de Montréal Biodiversity Centre	CMMF			Raymond Archambault et Joseph Nuzzolese	2017-08-09T00:00:00	CC0_1_0		IRBV's graduate students			2024-01-24T17:29:10.356Z		
1640102877	50c9509d-22c7-4a22-a47d-8c48425ef4a7	https://www.inaturalist.org/observations/7811506	Fungi	Basidiomycota	Agaricomycetes	Agaricales	Psathyrellaceae	Coprinellus	Coprinellus micaceus		SPECIES	Coprinellus micaceus (Bull.) Vilgalys, Hopple & Jacq.Johnson	Coprinellus micaceus		CA		Ontario	PRESENT		28eb1a3f-1c15-4a95-931a-4af90ecb574d	45.634459	-78.364068	10.0						2017-09-06T16:04:25	6	9	2017	2534578	2534578	HUMAN_OBSERVATION	iNaturalist	Observations	7811506		Mike V.A. Burrell	2017-09-06T21:00:35	CC_BY_NC_4_0	Mike V.A. Burrell	Mike V.A. Burrell			2025-01-14T12:59:36.564Z	StillImage	COORDINATE_ROUNDED;CONTINENT_DERIVED_FROM_COORDINATES;TAXON_MATCH_TAXON_ID_IGNORED
1412709219	21705170-d2b6-42de-8904-c3bca4b83591	CMMF017591	Fungi	Basidiomycota	Agaricomycetes	Agaricales	Psathyrellaceae	Coprinellus	Coprinellus micaceus		SPECIES	Coprinus micaceus (Bull.) Fr.	Coprinus micaceus (Bull.) Fr.	(Bull.) Fr.	CA	Cap Saint-Jacques 3, Québec.	Québec	PRESENT		ff7bd5db-b724-4932-b496-10ea298851f9	45.465391	-73.920995	4000.0						1980-05-29	29	5	1980	9174116	2534578	PRESERVED_SPECIMEN	Université de Montréal Biodiversity Centre	CMMF	CMMF017591	1980-13	McNeil, Raymond		CC0_1_0	Université de Montréal Biodiversity Centre	Haméon, G.			2024-01-24T16:38:15.800Z		INSTITUTION_MATCH_FUZZY;COLLECTION_MATCH_FUZZY;DIFFERENT_OWNER_INSTITUTION
1412705838	21705170-d2b6-42de-8904-c3bca4b83591	CMMF014335	Fungi	Basidiomycota	Agaricomycetes	Agaricales	Psathyrellaceae	Coprinellus	Coprinellus micaceus		SPECIES	Coprinus micaceus (Bull.) Fr.	Coprinus micaceus (Bull.) Fr.	(Bull.) Fr.	CA	Chicoutimi, Québec.	Québec	PRESENT		ff7bd5db-b724-4932-b496-10ea298851f9	48.368277	-71.119642	15000.0						1984-10-01	1	10	1984	9174116	2534578	PRESERVED_SPECIMEN	Université de Montréal Biodiversity Centre	CMMF	CMMF014335	2358	Guérin, Gérard		CC0_1_0	Université de Montréal Biodiversity Centre	Guérin, Gérard			2024-01-24T16:38:19.460Z	StillImage	INSTITUTION_MATCH_FUZZY;COLLECTION_MATCH_FUZZY;DIFFERENT_OWNER_INSTITUTION
1135071357	21705170-d2b6-42de-8904-c3bca4b83591	CMMF009882	Fungi	Basidiomycota	Agaricomycetes	Agaricales	Psathyrellaceae	Coprinellus	Coprinellus micaceus		SPECIES	Coprinus micaceus (Bull.) Fr.	Coprinus micaceus (Bull.) Fr.	(Bull.) Fr.	CA	Rue des Acadiens, Québec.	Québec	PRESENT		ff7bd5db-b724-4932-b496-10ea298851f9	46.918501	-71.254455	4000.0						2007-08-29	29	8	2007	9174116	2534578	PRESERVED_SPECIMEN	Université de Montréal Biodiversity Centre	CMMF	CMMF009882	1466	Labrecque, Jacqueline		CC0_1_0	Université de Montréal Biodiversity Centre	Labrecque, Jacqueline			2024-01-24T16:38:21.318Z		INSTITUTION_MATCH_FUZZY;COLLECTION_MATCH_FUZZY;DIFFERENT_OWNER_INSTITUTION
1135070984	21705170-d2b6-42de-8904-c3bca4b83591	CMMF009469	Fungi	Basidiomycota	Agaricomycetes	Agaricales	Psathyrellaceae	Coprinellus	Coprinellus micaceus		SPECIES	Coprinus micaceus (Bull.) Fr.	Coprinus micaceus (Bull.) Fr.	(Bull.) Fr.	CA	Parc des Moulins, Québec.	Québec	PRESENT		ff7bd5db-b724-4932-b496-10ea298851f9	46.887678	-71.301288	600.0						2007-07-05	5	7	2007	9174116	2534578	PRESERVED_SPECIMEN	Université de Montréal Biodiversity Centre	CMMF	CMMF009469	1053	Labrecque, Jacqueline		CC0_1_0	Université de Montréal Biodiversity Centre	Labrecque, Jacqueline			2024-01-24T16:38:21.678Z		INSTITUTION_MATCH_FUZZY;COLLECTION_MATCH_FUZZY;DIFFERENT_OWNER_INSTITUTION
1135070855	21705170-d2b6-42de-8904-c3bca4b83591	CMMF009381	Fungi	Basidiomycota	Agaricomycetes	Agaricales	Psathyrellaceae	Coprinellus	Coprinellus micaceus		SPECIES	Coprinus micaceus (Bull.) Fr.	Coprinus micaceus (Bull.) Fr.	(Bull.) Fr.	CA	Parc des Moulins, Québec.	Québec	PRESENT		ff7bd5db-b724-4932-b496-10ea298851f9	46.887678	-71.301288	600.0						2006-10-15	15	10	2006	9174116	2534578	PRESERVED_SPECIMEN	Université de Montréal Biodiversity Centre	CMMF	CMMF009381	965	Labrecque, Jacqueline		CC0_1_0	Université de Montréal Biodiversity Centre	Labrecque, Jacqueline			2024-01-24T16:38:21.614Z		INSTITUTION_MATCH_FUZZY;COLLECTION_MATCH_FUZZY;DIFFERENT_OWNER_INSTITUTION
1135070486	21705170-d2b6-42de-8904-c3bca4b83591	CMMF009066	Fungi	Basidiomycota	Agaricomycetes	Agaricales	Psathyrellaceae	Coprinellus	Coprinellus micaceus		SPECIES	Coprinus micaceus (Bull.) Fr.	Coprinus micaceus (Bull.) Fr.	(Bull.) Fr.	CA	Chemin de la Chapelle, Lac-Beauport.	Québec	PRESENT		ff7bd5db-b724-4932-b496-10ea298851f9	46.949281	-71.284722	250.0						2006-08-29	29	8	2006	9174116	2534578	PRESERVED_SPECIMEN	Université de Montréal Biodiversity Centre	CMMF	CMMF009066	649	Labrecque, Jacqueline		CC0_1_0	Université de Montréal Biodiversity Centre	Labrecque, Jacqueline			2024-01-24T16:38:20.186Z		INSTITUTION_MATCH_FUZZY;COLLECTION_MATCH_FUZZY;DIFFERENT_OWNER_INSTITUTION
1135070016	21705170-d2b6-42de-8904-c3bca4b83591	CMMF008567	Fungi	Basidiomycota	Agaricomycetes	Agaricales	Psathyrellaceae	Coprinellus	Coprinellus micaceus		SPECIES	Coprinus micaceus (Bull.) Fr.	Coprinus micaceus (Bull.) Fr.	(Bull.) Fr.	CA	Sablière Armand-Paris, Québec	Québec	PRESENT		ff7bd5db-b724-4932-b496-10ea298851f9	46.881808	-71.17635	675.0						2006-05-22	22	5	2006	9174116	2534578	PRESERVED_SPECIMEN	Université de Montréal Biodiversity Centre	CMMF	CMMF008567	139	Labbé, Roland		CC0_1_0	Université de Montréal Biodiversity Centre	Labrecque, Jacqueline			2024-01-24T16:38:17.919Z	StillImage	INSTITUTION_MATCH_FUZZY;COLLECTION_MATCH_FUZZY;DIFFERENT_OWNER_INSTITUTION
1135069996	21705170-d2b6-42de-8904-c3bca4b83591	CMMF008586	Fungi	Basidiomycota	Agaricomycetes	Agaricales	Psathyrellaceae	Coprinellus	Coprinellus micaceus		SPECIES	Coprinus micaceus (Bull.) Fr.	Coprinus micaceus (Bull.) Fr.	(Bull.) Fr.	CA	Jardins Van Den Hende (Ste-Foy)	Québec	PRESENT		ff7bd5db-b724-4932-b496-10ea298851f9	46.776357	-71.280826	200.0						2006-05-25	25	5	2006	9174116	2534578	PRESERVED_SPECIMEN	Université de Montréal Biodiversity Centre	CMMF	CMMF008586	159	Labrecque, Jacqueline; Labbé, Roland		CC0_1_0	Université de Montréal Biodiversity Centre	Labrecque, Jacqueline			2024-01-24T16:38:17.920Z	StillImage	INSTITUTION_MATCH_FUZZY;COLLECTION_MATCH_FUZZY;DIFFERENT_OWNER_INSTITUTION
1135067895	21705170-d2b6-42de-8904-c3bca4b83591	CMMF006376	Fungi	Basidiomycota	Agaricomycetes	Agaricales	Psathyrellaceae	Coprinellus	Coprinellus micaceus		SPECIES	Coprinellus micaceus (Bull.) Vilgalys, Hopple & Jacq.Johnson	Coprinellus micaceus (Bull.) Vilgalys, Hopple & Jacq. Johnson	(Bull.) Vilgalys, Hopple & Jacq. Johnson	CA	Châteauguay	Québec	PRESENT		ff7bd5db-b724-4932-b496-10ea298851f9	45.3731	-73.737433	100.0						2012-05-05	5	5	2012	2534578	2534578	PRESERVED_SPECIMEN	Université de Montréal Biodiversity Centre	CMMF	CMMF006376	C3988	McNeil, Raymond		CC0_1_0	Université de Montréal Biodiversity Centre	McNeil, Raymond			2024-01-24T16:38:19.074Z	StillImage	COORDINATE_ROUNDED;INSTITUTION_MATCH_FUZZY;COLLECTION_MATCH_FUZZY;DIFFERENT_OWNER_INSTITUTION
1135067743	21705170-d2b6-42de-8904-c3bca4b83591	CMMF006252	Fungi	Basidiomycota	Agaricomycetes	Agaricales	Psathyrellaceae	Coprinellus	Coprinellus micaceus		SPECIES	Coprinellus micaceus (Bull.) Vilgalys, Hopple & Jacq.Johnson	Coprinellus micaceus (Bull.) Vilgalys, Hopple & Jacq. Johnson	(Bull.) Vilgalys, Hopple & Jacq. Johnson	CA	Châteauguay	Québec	PRESENT		ff7bd5db-b724-4932-b496-10ea298851f9	45.35433	-73.774083	100.0						2006-05-14	14	5	2006	2534578	2534578	PRESERVED_SPECIMEN	Université de Montréal Biodiversity Centre	CMMF	CMMF006252	Inexistant	McNeil, Raymond		CC0_1_0	Université de Montréal Biodiversity Centre	McNeil, Raymond			2024-01-24T16:38:18.913Z	StillImage	COORDINATE_ROUNDED;INSTITUTION_MATCH_FUZZY;COLLECTION_MATCH_FUZZY;DIFFERENT_OWNER_INSTITUTION
1135067731	21705170-d2b6-42de-8904-c3bca4b83591	CMMF006253	Fungi	Basidiomycota	Agaricomycetes	Agaricales	Psathyrellaceae	Coprinellus	Coprinellus micaceus		SPECIES	Coprinellus micaceus (Bull.) Vilgalys, Hopple & Jacq.Johnson	Coprinellus micaceus (Bull.) Vilgalys, Hopple & Jacq. Johnson	(Bull.) Vilgalys, Hopple & Jacq. Johnson	CA	Châteauguay	Québec	PRESENT		ff7bd5db-b724-4932-b496-10ea298851f9	45.35433	-73.774083	100.0						2005-05-30	30	5	2005	2534578	2534578	PRESERVED_SPECIMEN	Université de Montréal Biodiversity Centre	CMMF	CMMF006253	Inexistant	McNeil, Raymond		CC0_1_0	Université de Montréal Biodiversity Centre	McNeil, Raymond			2024-01-24T16:38:18.913Z	StillImage	COORDINATE_ROUNDED;INSTITUTION_MATCH_FUZZY;COLLECTION_MATCH_FUZZY;DIFFERENT_OWNER_INSTITUTION
1135067723	21705170-d2b6-42de-8904-c3bca4b83591	CMMF006377	Fungi	Basidiomycota	Agaricomycetes	Agaricales	Psathyrellaceae	Coprinellus	Coprinellus micaceus		SPECIES	Coprinellus micaceus (Bull.) Vilgalys, Hopple & Jacq.Johnson	Coprinellus micaceus (Bull.) Vilgalys, Hopple & Jacq. Johnson	(Bull.) Vilgalys, Hopple & Jacq. Johnson	CA	Châteauguay	Québec	PRESENT		ff7bd5db-b724-4932-b496-10ea298851f9	45.3731	-73.737433	100.0						2013-06-14	14	6	2013	2534578	2534578	PRESERVED_SPECIMEN	Université de Montréal Biodiversity Centre	CMMF	CMMF006377	C4174	McNeil, Raymond		CC0_1_0	Université de Montréal Biodiversity Centre	McNeil, Raymond			2024-01-24T16:38:19.045Z	StillImage	COORDINATE_ROUNDED;INSTITUTION_MATCH_FUZZY;COLLECTION_MATCH_FUZZY;DIFFERENT_OWNER_INSTITUTION
1135067357	21705170-d2b6-42de-8904-c3bca4b83591	CMMF005891	Fungi	Basidiomycota	Agaricomycetes	Agaricales	Psathyrellaceae	Coprinellus	Coprinellus micaceus		SPECIES	Coprinellus micaceus (Bull.) Vilgalys, Hopple & Jacq.Johnson	Coprinellus micaceus (Bull.) Vilgalys, Hopple & Jacq. Johnson	(Bull.) Vilgalys, Hopple & Jacq. Johnson	CA	Châteauguay (Centre écologique Fernand-Seguin)	Québec	PRESENT		ff7bd5db-b724-4932-b496-10ea298851f9	45.33983	-73.773917	100.0						2007-07-10	10	7	2007	2534578	2534578	PRESERVED_SPECIMEN	Université de Montréal Biodiversity Centre	CMMF	CMMF005891	Inexistant	McNeil, Raymond		CC0_1_0	Université de Montréal Biodiversity Centre	McNeil, Raymond			2024-01-24T16:38:16.970Z	StillImage	COORDINATE_ROUNDED;INSTITUTION_MATCH_FUZZY;COLLECTION_MATCH_FUZZY;DIFFERENT_OWNER_INSTITUTION
1024559322	21705170-d2b6-42de-8904-c3bca4b83591	CMMF004611	Fungi	Basidiomycota	Agaricomycetes	Agaricales	Psathyrellaceae	Coprinellus	Coprinellus micaceus		SPECIES	Coprinellus micaceus (Bull.) Vilgalys, Hopple & Jacq.Johnson	Coprinellus micaceus (Bull.) Vilgalys, Hopple & Jacq. Johnson	(Bull.) Vilgalys, Hopple & Jacq. Johnson	CA	Réserve écologique du Boisé-des-Muir, Hinchinbrooke.	Québec	PRESENT		ff7bd5db-b724-4932-b496-10ea298851f9	45.086787	-74.114566	20.0						2012-10-16	16	10	2012	2534578	2534578	PRESERVED_SPECIMEN	Université de Montréal Biodiversity Centre	CMMF	CMMF004611	662	Turgon, Jean-Pierre		CC0_1_0	Université de Montréal Biodiversity Centre	Langlois, Annabelle; Turgon, Jean-Pierre			2024-01-24T16:38:19.757Z	StillImage	INSTITUTION_MATCH_FUZZY;COLLECTION_MATCH_FUZZY;DIFFERENT_OWNER_INSTITUTION
1024558894	21705170-d2b6-42de-8904-c3bca4b83591	CMMF004327	Fungi	Basidiomycota	Agaricomycetes	Agaricales	Psathyrellaceae	Coprinellus	Coprinellus micaceus		SPECIES	Coprinellus micaceus (Bull.) Vilgalys, Hopple & Jacq.Johnson	Coprinellus micaceus (Bull.) Vilgalys, Hopple & Jacq. Johnson	(Bull.) Vilgalys, Hopple & Jacq. Johnson	CA	Réserve écologique du Boisé-des-Muir, Hinchinbrooke.	Québec	PRESENT		ff7bd5db-b724-4932-b496-10ea298851f9	45.086787	-74.114566	20.0						2012-07-30	30	7	2012	2534578	2534578	PRESERVED_SPECIMEN	Université de Montréal Biodiversity Centre	CMMF	CMMF004327	336	Turgon, Jean-Pierre		CC0_1_0	Université de Montréal Biodiversity Centre	Langlois, Annabelle; Turgon, Jean-Pierre			2024-01-24T16:38:19.610Z	StillImage	INSTITUTION_MATCH_FUZZY;COLLECTION_MATCH_FUZZY;DIFFERENT_OWNER_INSTITUTION
1024558840	21705170-d2b6-42de-8904-c3bca4b83591	CMMF004220	Fungi	Basidiomycota	Agaricomycetes	Agaricales	Psathyrellaceae	Coprinellus	Coprinellus micaceus		SPECIES	Coprinellus micaceus (Bull.) Vilgalys, Hopple & Jacq.Johnson	Coprinellus micaceus (Bull.) Vilgalys, Hopple & Jacq. Johnson	(Bull.) Vilgalys, Hopple & Jacq. Johnson	CA	Réserve écologique du Boisé-des-Muir, Hinchinbrooke.	Québec	PRESENT		ff7bd5db-b724-4932-b496-10ea298851f9	45.086483	-74.113887	10.0						2012-06-25	25	6	2012	2534578	2534578	PRESERVED_SPECIMEN	Université de Montréal Biodiversity Centre	CMMF	CMMF004220	227	McNeil, Raymond		CC0_1_0	Université de Montréal Biodiversity Centre	Langlois, Annabelle; McNeil, Raymond			2024-01-24T16:38:18.676Z	StillImage	INSTITUTION_MATCH_FUZZY;COLLECTION_MATCH_FUZZY;DIFFERENT_OWNER_INSTITUTION
