gbifID	datasetKey	occurrenceID	kingdom	phylum	class	order	family	genus	species	infraspecificEpithet	taxonRank	scientificName	verbatimScientificName	verbatimScientificNameAuthorship	countryCode	locality	stateProvince	occurrenceStatus	individualCount	publishingOrgKey	decimalLatitude	decimalLongitude	coordinateUncertaintyInMeters	coordinatePrecision	elevation	elevationAccuracy	depth	depthAccuracy	eventDate	day	month	year	taxonKey	speciesKey	basisOfRecord	institutionCode	collectionCode	catalogNumber	recordNumber	identifiedBy	dateIdentified	license	rightsHolder	recordedBy	typeStatus	establishmentMeans	lastInterpreted	mediaType	issue
694157527	d7cfd2ed-8af4-427f-a16e-eb66b7e2c419	16534	Fungi	Basidiomycota	Agaricomycetes	Agaricales	Amanitaceae	Amanita	Amanita virosa		SPECIES	Amanita virosa Bertill.	Amanita virosa (Fr.) Bertill.	(Fr.) Bertill.	CA	University of Toronto Forest	Ontario	PRESENT		ff418020-1d67-11d9-8435-b8a03c50a862	45.183005	-78.85025	7575.0						1963-09-10	10	9	1963	5240323	5240323	PRESERVED_SPECIMEN	Royal Ontario Museum	TRTC	TRTC050100 ?		Cain, R.F.		CC0_1_0	Royal Ontario Museum	Cain, R.F.;			2024-01-25T00:59:39.602Z		COORDINATE_ROUNDED;AMBIGUOUS_INSTITUTION
694157308	d7cfd2ed-8af4-427f-a16e-eb66b7e2c419	15851	Fungi	Basidiomycota	Agaricomycetes	Agaricales	Amanitaceae	Amanita	Amanita virosa		SPECIES	Amanita virosa Bertill.	Amanita virosa (Fr.) Bertill.	(Fr.) Bertill.	CA	near Raven Lake	Ontario	PRESENT		ff418020-1d67-11d9-8435-b8a03c50a862	45.213245	-78.852997	3998.0						1980-09-20	20	9	1980	5240323	5240323	PRESERVED_SPECIMEN	Royal Ontario Museum	TRTC	TRTC151407	DGL 80280B	Lahaie, D.G.		CC0_1_0	Royal Ontario Museum	Lahaie, D.G.			2024-01-25T00:59:40.858Z		COORDINATE_ROUNDED;AMBIGUOUS_INSTITUTION
694157168	d7cfd2ed-8af4-427f-a16e-eb66b7e2c419	14858	Fungi	Basidiomycota	Agaricomycetes	Agaricales	Amanitaceae	Amanita	Amanita virosa		SPECIES	Amanita virosa Bertill.	Amanita virosa (Fr.) Bertill.	(Fr.) Bertill.	CA	S of Dorset	Ontario	PRESENT		ff418020-1d67-11d9-8435-b8a03c50a862	45.23936	-78.888359	1499.0						1963-09-10	10	9	1963	5240323	5240323	PRESERVED_SPECIMEN	Royal Ontario Museum	TRTC	TRTC050100		Cain, R.F.		CC0_1_0	Royal Ontario Museum	Cain, R.F.			2024-01-25T00:59:41.089Z		COORDINATE_ROUNDED;AMBIGUOUS_INSTITUTION
694157130	d7cfd2ed-8af4-427f-a16e-eb66b7e2c419	14427	Fungi	Basidiomycota	Agaricomycetes	Agaricales	Amanitaceae	Amanita	Amanita virosa		SPECIES	Amanita virosa Bertill.	Amanita virosa (Fr.) Bertill.	(Fr.) Bertill.	CA	University of Toronto Forest	Ontario	PRESENT		ff418020-1d67-11d9-8435-b8a03c50a862	45.183005	-78.85025	7575.0						1963-09-15	15	9	1963	5240323	5240323	PRESERVED_SPECIMEN	Royal Ontario Museum	TRTC	TRTC041058		Cain, R.F.		CC0_1_0	Royal Ontario Museum	Cain, R.F.			2024-01-25T00:59:40.717Z		COORDINATE_ROUNDED;AMBIGUOUS_INSTITUTION
694157129	d7cfd2ed-8af4-427f-a16e-eb66b7e2c419	14426	Fungi	Basidiomycota	Agaricomycetes	Agaricales	Amanitaceae	Amanita	Amanita virosa		SPECIES	Amanita virosa Bertill.	Amanita virosa (Fr.) Bertill.	(Fr.) Bertill.	CA	University of Toronto Forest	Ontario	PRESENT		ff418020-1d67-11d9-8435-b8a03c50a862	45.183005	-78.85025	7575.0						1962-09-08	8	9	1962	5240323	5240323	PRESERVED_SPECIMEN	Royal Ontario Museum	TRTC	TRTC042735		Cain, R.F.		CC0_1_0	Royal Ontario Museum	Cain, R.F.			2024-01-25T00:59:40.718Z		COORDINATE_ROUNDED;AMBIGUOUS_INSTITUTION
694157128	d7cfd2ed-8af4-427f-a16e-eb66b7e2c419	14425	Fungi	Basidiomycota	Agaricomycetes	Agaricales	Amanitaceae	Amanita	Amanita virosa		SPECIES	Amanita virosa Bertill.	Amanita virosa (Fr.) Bertill.	(Fr.) Bertill.	CA	University of Toronto Forest	Ontario	PRESENT		ff418020-1d67-11d9-8435-b8a03c50a862	45.183005	-78.85025	7575.0						1965-09-15	15	9	1965	5240323	5240323	PRESERVED_SPECIMEN	Royal Ontario Museum	TRTC	TRTC042834		Cain, R.F.		CC0_1_0	Royal Ontario Museum	Cain, R.F.			2024-01-25T00:59:40.718Z		COORDINATE_ROUNDED;AMBIGUOUS_INSTITUTION
694157127	d7cfd2ed-8af4-427f-a16e-eb66b7e2c419	14424	Fungi	Basidiomycota	Agaricomycetes	Agaricales	Amanitaceae	Amanita	Amanita virosa		SPECIES	Amanita virosa Bertill.	Amanita virosa (Fr.) Bertill.	(Fr.) Bertill.	CA	University of Toronto Forest	Ontario	PRESENT		ff418020-1d67-11d9-8435-b8a03c50a862	45.183005	-78.85025	7575.0						1966-09-14	14	9	1966	5240323	5240323	PRESERVED_SPECIMEN	Royal Ontario Museum	TRTC	TRTC044507		Cain, R.F.		CC0_1_0	Royal Ontario Museum	Cain, R.F.			2024-01-25T00:59:40.715Z		COORDINATE_ROUNDED;AMBIGUOUS_INSTITUTION
694157126	d7cfd2ed-8af4-427f-a16e-eb66b7e2c419	14423	Fungi	Basidiomycota	Agaricomycetes	Agaricales	Amanitaceae	Amanita	Amanita virosa		SPECIES	Amanita virosa Bertill.	Amanita virosa (Fr.) Bertill.	(Fr.) Bertill.	CA	Grindstone Lake	Ontario	PRESENT		ff418020-1d67-11d9-8435-b8a03c50a862	45.19655	-78.87587	692.0						1965-09-15	15	9	1965	5240323	5240323	PRESERVED_SPECIMEN	Royal Ontario Museum	TRTC	TRTC042849		Cain, R.F.		CC0_1_0	Royal Ontario Museum	Cain, R.F.			2024-01-25T00:59:40.717Z		AMBIGUOUS_INSTITUTION
694157125	d7cfd2ed-8af4-427f-a16e-eb66b7e2c419	14422	Fungi	Basidiomycota	Agaricomycetes	Agaricales	Amanitaceae	Amanita	Amanita virosa		SPECIES	Amanita virosa Bertill.	Amanita virosa (Fr.) Bertill.	(Fr.) Bertill.	CA	S of Dorset	Ontario	PRESENT		ff418020-1d67-11d9-8435-b8a03c50a862	45.23936	-78.888359	1499.0						1963-09-11	11	9	1963	5240323	5240323	PRESERVED_SPECIMEN	Royal Ontario Museum	TRTC	TRTC050102		Luck-Allen, E.R.		CC0_1_0	Royal Ontario Museum	Luck-Allen, E.R.			2024-01-25T00:59:40.716Z		COORDINATE_ROUNDED;AMBIGUOUS_INSTITUTION
694157124	d7cfd2ed-8af4-427f-a16e-eb66b7e2c419	14421	Fungi	Basidiomycota	Agaricomycetes	Agaricales	Amanitaceae	Amanita	Amanita virosa		SPECIES	Amanita virosa Bertill.	Amanita virosa (Fr.) Bertill.	(Fr.) Bertill.	CA	Grindstone Lake	Ontario	PRESENT		ff418020-1d67-11d9-8435-b8a03c50a862	45.19655	-78.87587	692.0						1965-09-17	17	9	1965	5240323	5240323	PRESERVED_SPECIMEN	Royal Ontario Museum	TRTC	TRTC042851		Cain, R.F.		CC0_1_0	Royal Ontario Museum	Cain, R.F.			2024-01-25T00:59:40.735Z		AMBIGUOUS_INSTITUTION
694157123	d7cfd2ed-8af4-427f-a16e-eb66b7e2c419	14420	Fungi	Basidiomycota	Agaricomycetes	Agaricales	Amanitaceae	Amanita	Amanita virosa		SPECIES	Amanita virosa Bertill.	Amanita virosa (Fr.) Bertill.	(Fr.) Bertill.	CA	University of Toronto Forest	Ontario	PRESENT		ff418020-1d67-11d9-8435-b8a03c50a862	45.183005	-78.85025	7575.0						1966-09-14	14	9	1966	5240323	5240323	PRESERVED_SPECIMEN	Royal Ontario Museum	TRTC	TRTC044638		Cain, R.F.		CC0_1_0	Royal Ontario Museum	Cain, R.F.			2024-01-25T00:59:40.715Z		COORDINATE_ROUNDED;AMBIGUOUS_INSTITUTION
694157074	d7cfd2ed-8af4-427f-a16e-eb66b7e2c419	14254	Fungi	Basidiomycota	Agaricomycetes	Agaricales	Amanitaceae	Amanita	Amanita virosa		SPECIES	Amanita virosa Bertill.	Amanita virosa (Fr.) Bertill.	(Fr.) Bertill.	CA	Forest Ranger School	Ontario	PRESENT		ff418020-1d67-11d9-8435-b8a03c50a862	45.159467	-78.8451	450.0						1961-09		9	1961	5240323	5240323	PRESERVED_SPECIMEN	Royal Ontario Museum	TRTC	TRTC038627		Cain, R.F.		CC0_1_0	Royal Ontario Museum	Cain, R.F.			2024-01-25T00:59:40.404Z		COORDINATE_ROUNDED;AMBIGUOUS_INSTITUTION
694157073	d7cfd2ed-8af4-427f-a16e-eb66b7e2c419	14253	Fungi	Basidiomycota	Agaricomycetes	Agaricales	Amanitaceae	Amanita	Amanita virosa		SPECIES	Amanita virosa Bertill.	Amanita virosa (Fr.) Bertill.	(Fr.) Bertill.	CA	S of Dorset	Ontario	PRESENT		ff418020-1d67-11d9-8435-b8a03c50a862	45.23936	-78.888359	1499.0						1963-09-10	10	9	1963	5240323	5240323	PRESERVED_SPECIMEN	Royal Ontario Museum	TRTC	TRTC0050100 ?		Cain, R.F.		CC0_1_0	Royal Ontario Museum	Cain, R.F.			2024-01-25T00:59:40.405Z		COORDINATE_ROUNDED;AMBIGUOUS_INSTITUTION
694156662	d7cfd2ed-8af4-427f-a16e-eb66b7e2c419	10850	Fungi	Basidiomycota	Agaricomycetes	Agaricales	Amanitaceae	Amanita	Amanita virosa		SPECIES	Amanita virosa Bertill.	Amanita virosa (Fr.) Bertill.	(Fr.) Bertill.	CA	Algonquin Provincial Park, Mew Lake	Ontario	PRESENT		ff418020-1d67-11d9-8435-b8a03c50a862	45.57554	-78.51948	318.0						1959-09-11	11	9	1959	5240323	5240323	PRESERVED_SPECIMEN	Royal Ontario Museum	TRTC	TRTC035470		Cain, R.F.		CC0_1_0	Royal Ontario Museum	Cain, R.F.			2024-01-25T00:59:40.493Z		COORDINATE_ROUNDED;AMBIGUOUS_INSTITUTION
617555260	21705170-d2b6-42de-8904-c3bca4b83591	CMMF000728	Fungi	Basidiomycota	Agaricomycetes	Agaricales	Amanitaceae	Amanita	Amanita virosa		SPECIES	Amanita virosa Bertill.	Amanita virosa Lam. ss. auct. amer.	Lam. ss. auct. amer.	CA	Sainte-Ursule	Québec	PRESENT		ff7bd5db-b724-4932-b496-10ea298851f9	46.288837	-73.033517	3000.0						1989-09-03	3	9	1989	5240323	5240323	PRESERVED_SPECIMEN	Université de Montréal Biodiversity Centre	CMMF	CMMF000728		Lamoureux, Yves		CC0_1_0	Université de Montréal Biodiversity Centre	unknown			2024-01-24T16:38:20.305Z	StillImage	INSTITUTION_MATCH_FUZZY;COLLECTION_MATCH_FUZZY;DIFFERENT_OWNER_INSTITUTION
617552851	21705170-d2b6-42de-8904-c3bca4b83591	CMMF000334	Fungi	Basidiomycota	Agaricomycetes	Agaricales	Amanitaceae	Amanita	Amanita virosa		SPECIES	Amanita virosa Bertill.	Amanita virosa Lam. ss. auct. amer.	Lam. ss. auct. amer.	CA	Terrebonne	Québec	PRESENT		ff7bd5db-b724-4932-b496-10ea298851f9	45.70036	-73.637796	5000.0						1988-09-13	13	9	1988	5240323	5240323	PRESERVED_SPECIMEN	Université de Montréal Biodiversity Centre	CMMF	CMMF000334		Lamoureux, Yves		CC0_1_0	Université de Montréal Biodiversity Centre	Lamoureux, Yves			2024-01-24T16:38:20.789Z	StillImage	INSTITUTION_MATCH_FUZZY;COLLECTION_MATCH_FUZZY;DIFFERENT_OWNER_INSTITUTION
617552087	21705170-d2b6-42de-8904-c3bca4b83591	CMMF002996	Fungi	Basidiomycota	Agaricomycetes	Agaricales	Amanitaceae	Amanita	Amanita virosa		SPECIES	Amanita virosa Bertill.	Amanita virosa Lam. ss. auct. amer.	Lam. ss. auct. amer.	CA	Chertsey	Québec	PRESENT		ff7bd5db-b724-4932-b496-10ea298851f9	46.073928	-73.890706	5000.0						1996-09-24	24	9	1996	5240323	5240323	PRESERVED_SPECIMEN	Université de Montréal Biodiversity Centre	CMMF	CMMF002996		Lamoureux, Yves		CC0_1_0	Université de Montréal Biodiversity Centre	Lamoureux, Yves			2024-01-24T16:38:20.776Z	StillImage	INSTITUTION_MATCH_FUZZY;COLLECTION_MATCH_FUZZY;DIFFERENT_OWNER_INSTITUTION
617548536	21705170-d2b6-42de-8904-c3bca4b83591	CMMF001444	Fungi	Basidiomycota	Agaricomycetes	Agaricales	Amanitaceae	Amanita	Amanita virosa		SPECIES	Amanita virosa Bertill.	Amanita virosa Lam. ss. auct. amer.	Lam. ss. auct. amer.	CA	Chertsey	Québec	PRESENT		ff7bd5db-b724-4932-b496-10ea298851f9	46.073928	-73.890706	5000.0						1991-08-25	25	8	1991	5240323	5240323	PRESERVED_SPECIMEN	Université de Montréal Biodiversity Centre	CMMF	CMMF001444		Lamoureux, Yves		CC0_1_0	Université de Montréal Biodiversity Centre	Lamoureux, Yves			2024-01-24T16:38:17.564Z	StillImage	INSTITUTION_MATCH_FUZZY;COLLECTION_MATCH_FUZZY;DIFFERENT_OWNER_INSTITUTION
4458354187	50c9509d-22c7-4a22-a47d-8c48425ef4a7	https://www.inaturalist.org/observations/186543276	Fungi	Basidiomycota	Agaricomycetes	Agaricales	Amanitaceae	Amanita	Amanita virosa		SPECIES	Amanita virosa Bertill.	Amanita virosa		CA		Québec	PRESENT		28eb1a3f-1c15-4a95-931a-4af90ecb574d	45.43262	-73.95677	189.0						2023-10-05T09:35	5	10	2023	5240323	5240323	HUMAN_OBSERVATION	iNaturalist	Observations	186543276		Katia Burelle	2023-12-01T02:26:45	CC_BY_NC_4_0	Madz	Madz			2025-01-14T13:33:24.738Z	StillImage	CONTINENT_DERIVED_FROM_COORDINATES;TAXON_MATCH_TAXON_ID_IGNORED
4416635496	50c9509d-22c7-4a22-a47d-8c48425ef4a7	https://www.inaturalist.org/observations/181849140	Fungi	Basidiomycota	Agaricomycetes	Agaricales	Amanitaceae	Amanita	Amanita virosa		SPECIES	Amanita virosa Bertill.	Amanita virosa		CA		Québec	PRESENT		28eb1a3f-1c15-4a95-931a-4af90ecb574d	45.803672	-71.18183	4.0						2023-09-04T18:08:09	4	9	2023	5240323	5240323	HUMAN_OBSERVATION	iNaturalist	Observations	181849140		otterstedt	2023-09-05T02:13:39	CC_BY_NC_4_0	otterstedt	otterstedt			2025-01-14T12:44:34.273Z	StillImage	COORDINATE_ROUNDED;CONTINENT_DERIVED_FROM_COORDINATES;TAXON_MATCH_TAXON_ID_IGNORED
4177361725	50c9509d-22c7-4a22-a47d-8c48425ef4a7	https://www.inaturalist.org/observations/178464824	Fungi	Basidiomycota	Agaricomycetes	Agaricales	Amanitaceae	Amanita	Amanita virosa		SPECIES	Amanita virosa Bertill.	Amanita virosa		CA		Québec	PRESENT		28eb1a3f-1c15-4a95-931a-4af90ecb574d	45.261383	-72.231413	5.0						2023-08-13T15:51:07	13	8	2023	5240323	5240323	HUMAN_OBSERVATION	iNaturalist	Observations	178464824		Timothé Breton	2023-08-15T01:59:15	CC_BY_NC_4_0	latulippe	latulippe			2025-01-14T13:31:06.012Z	StillImage	COORDINATE_ROUNDED;CONTINENT_DERIVED_FROM_COORDINATES;TAXON_MATCH_TAXON_ID_IGNORED
4166391819	695cef75-b65f-4776-b2ed-74565eebb16e	02-01000939287	Fungi	Basidiomycota	Agaricomycetes	Agaricales	Amanitaceae	Amanita	Amanita virosa		SPECIES	Amanita virosa Bertill.	Amanita virosa	Bertill.	CA	South Tea Lake Dam	Ontario	PRESENT		055bd978-2daa-4543-b3f0-44e0e87e86ca	45.495833	-78.75							1977-09-09	9	9	1977	5240323	5240323	PRESERVED_SPECIMEN	AAFC	DAOM	186671				CC_BY_4_0	©His Majesty the King in Right of Canada, as represented by the Minister of Agriculture and Agri-Food	G. Thorn			2025-01-12T05:11:16.198Z		GEODETIC_DATUM_ASSUMED_WGS84;CONTINENT_DERIVED_FROM_COORDINATES;TAXON_MATCH_TAXON_ID_IGNORED;INSTITUTION_MATCH_FUZZY
4166265066	695cef75-b65f-4776-b2ed-74565eebb16e	02-01000939290	Fungi	Basidiomycota	Agaricomycetes	Agaricales	Amanitaceae	Amanita	Amanita virosa		SPECIES	Amanita virosa Bertill.	Amanita virosa	Bertill.	CA	South Lookout Trail	Ontario	PRESENT		055bd978-2daa-4543-b3f0-44e0e87e86ca	45.575	-78.408333							1974-08-29	29	8	1974	5240323	5240323	PRESERVED_SPECIMEN	AAFC	DAOM	186737		D. Malloch		CC_BY_4_0	©His Majesty the King in Right of Canada, as represented by the Minister of Agriculture and Agri-Food	P. Johnson			2025-01-12T05:11:16.324Z		GEODETIC_DATUM_ASSUMED_WGS84;CONTINENT_DERIVED_FROM_COORDINATES;TAXON_MATCH_TAXON_ID_IGNORED;INSTITUTION_MATCH_FUZZY
3355457322	50c9509d-22c7-4a22-a47d-8c48425ef4a7	https://www.inaturalist.org/observations/17048696	Fungi	Basidiomycota	Agaricomycetes	Agaricales	Amanitaceae	Amanita	Amanita virosa		SPECIES	Amanita virosa Bertill.	Amanita virosa		CA		Ontario	PRESENT		28eb1a3f-1c15-4a95-931a-4af90ecb574d	45.290001	-79.018272							2018-09-29T18:21:46	29	9	2018	5240323	5240323	HUMAN_OBSERVATION	iNaturalist	Observations	17048696		Garrett Taylor	2018-10-05T03:18:26	CC0_1_0	Garrett Taylor	Garrett Taylor			2025-01-14T13:00:37.335Z	StillImage	COORDINATE_ROUNDED;CONTINENT_DERIVED_FROM_COORDINATES;TAXON_MATCH_TAXON_ID_IGNORED
2856657928	50c9509d-22c7-4a22-a47d-8c48425ef4a7	https://www.inaturalist.org/observations/57327485	Fungi	Basidiomycota	Agaricomycetes	Agaricales	Amanitaceae	Amanita	Amanita virosa		SPECIES	Amanita virosa Bertill.	Amanita virosa		CA		Québec	PRESENT		28eb1a3f-1c15-4a95-931a-4af90ecb574d	46.758694	-71.32123	8.0						2020-08-22	22	8	2020	5240323	5240323	HUMAN_OBSERVATION	iNaturalist	Observations	57327485		Ludo Leclerc	2020-08-23T13:36:41	CC_BY_NC_4_0	Ludo Leclerc	Ludo Leclerc			2025-01-14T12:15:07.532Z	StillImage	COORDINATE_ROUNDED;CONTINENT_DERIVED_FROM_COORDINATES;TAXON_MATCH_TAXON_ID_IGNORED
2851057891	50c9509d-22c7-4a22-a47d-8c48425ef4a7	https://www.inaturalist.org/observations/56556304	Fungi	Basidiomycota	Agaricomycetes	Agaricales	Amanitaceae	Amanita	Amanita virosa		SPECIES	Amanita virosa Bertill.	Amanita virosa		CA		Québec	PRESENT		28eb1a3f-1c15-4a95-931a-4af90ecb574d	48.318469	-70.810538	26711.0						2020-08-13T08:21:13	13	8	2020	5240323	5240323	HUMAN_OBSERVATION	iNaturalist	Observations	56556304		Frederic Desmeules	2020-08-16T00:00:13	CC_BY_NC_4_0	vikingecolo	vikingecolo			2025-01-14T12:15:04.390Z	StillImage	COORDINATE_ROUNDED;CONTINENT_DERIVED_FROM_COORDINATES;TAXON_MATCH_TAXON_ID_IGNORED
2826309838	50c9509d-22c7-4a22-a47d-8c48425ef4a7	https://www.inaturalist.org/observations/54875669	Fungi	Basidiomycota	Agaricomycetes	Agaricales	Amanitaceae	Amanita	Amanita virosa		SPECIES	Amanita virosa Bertill.	Amanita virosa		CA		Québec	PRESENT		28eb1a3f-1c15-4a95-931a-4af90ecb574d	45.987066	-73.167781	182.0						2019-09-21T09:49	21	9	2019	5240323	5240323	HUMAN_OBSERVATION	iNaturalist	Observations	54875669		Frederic Desmeules	2020-07-31T10:48:08	CC_BY_NC_4_0	ornitholarocque	ornitholarocque			2025-01-14T13:13:17.685Z	StillImage	COORDINATE_ROUNDED;CONTINENT_DERIVED_FROM_COORDINATES;TAXON_MATCH_TAXON_ID_IGNORED
2596228861	50c9509d-22c7-4a22-a47d-8c48425ef4a7	https://www.inaturalist.org/observations/21133633	Fungi	Basidiomycota	Agaricomycetes	Agaricales	Amanitaceae	Amanita	Amanita virosa		SPECIES	Amanita virosa Bertill.	Amanita virosa		CA		Québec	PRESENT		28eb1a3f-1c15-4a95-931a-4af90ecb574d	48.183887	-79.256943							2018-09-22T13:24:49	22	9	2018	5240323	5240323	HUMAN_OBSERVATION	iNaturalist	Observations	21133633		Catherine Dion	2019-03-11T02:10:48	CC_BY_NC_4_0	Catherine Dion	Catherine Dion			2025-01-14T12:58:31.747Z	StillImage	COORDINATE_ROUNDED;CONTINENT_DERIVED_FROM_COORDINATES;TAXON_MATCH_TAXON_ID_IGNORED
2596226007	50c9509d-22c7-4a22-a47d-8c48425ef4a7	https://www.inaturalist.org/observations/33098324	Fungi	Basidiomycota	Agaricomycetes	Agaricales	Amanitaceae	Amanita	Amanita virosa		SPECIES	Amanita virosa Bertill.	Amanita virosa		CA		Québec	PRESENT		28eb1a3f-1c15-4a95-931a-4af90ecb574d	46.548066	-71.228144	31.0						2019-09-20	20	9	2019	5240323	5240323	HUMAN_OBSERVATION	iNaturalist	Observations	33098324		Ludo Leclerc	2019-09-20T22:33:10	CC_BY_NC_4_0	Ludo Leclerc	Ludo Leclerc			2025-01-14T13:03:34.159Z	StillImage	COORDINATE_ROUNDED;CONTINENT_DERIVED_FROM_COORDINATES;TAXON_MATCH_TAXON_ID_IGNORED
2596076900	50c9509d-22c7-4a22-a47d-8c48425ef4a7	https://www.inaturalist.org/observations/33160668	Fungi	Basidiomycota	Agaricomycetes	Agaricales	Amanitaceae	Amanita	Amanita virosa		SPECIES	Amanita virosa Bertill.	Amanita virosa		CA		Québec	PRESENT		28eb1a3f-1c15-4a95-931a-4af90ecb574d	46.834159	-71.312183	8.0						2019-09-21	21	9	2019	5240323	5240323	HUMAN_OBSERVATION	iNaturalist	Observations	33160668		Ludo Leclerc	2019-09-21T22:36:38	CC_BY_NC_4_0	Ludo Leclerc	Ludo Leclerc			2025-01-14T12:09:48.494Z	StillImage	COORDINATE_ROUNDED;CONTINENT_DERIVED_FROM_COORDINATES;TAXON_MATCH_TAXON_ID_IGNORED
2429325304	50c9509d-22c7-4a22-a47d-8c48425ef4a7	https://www.inaturalist.org/observations/33683448	Fungi	Basidiomycota	Agaricomycetes	Agaricales	Amanitaceae	Amanita	Amanita virosa		SPECIES	Amanita virosa Bertill.	Amanita virosa		CA		Québec	PRESENT		28eb1a3f-1c15-4a95-931a-4af90ecb574d	45.582696	-75.912901							2019-09-29T16:24	29	9	2019	5240323	5240323	HUMAN_OBSERVATION	iNaturalist	Observations	33683448		Serguei Ponomarenko	2019-10-01T02:37:01	CC_BY_NC_4_0	Serguei Ponomarenko	Serguei Ponomarenko			2025-01-14T12:09:29.733Z	StillImage	COORDINATE_ROUNDED;CONTINENT_DERIVED_FROM_COORDINATES;TAXON_MATCH_TAXON_ID_IGNORED
2429274424	50c9509d-22c7-4a22-a47d-8c48425ef4a7	https://www.inaturalist.org/observations/33502467	Fungi	Basidiomycota	Agaricomycetes	Agaricales	Amanitaceae	Amanita	Amanita virosa		SPECIES	Amanita virosa Bertill.	Amanita virosa		CA		Québec	PRESENT		28eb1a3f-1c15-4a95-931a-4af90ecb574d	46.756314	-71.324982	15.0						2019-09-27	27	9	2019	5240323	5240323	HUMAN_OBSERVATION	iNaturalist	Observations	33502467		Ludo Leclerc	2019-09-27T22:20:32	CC_BY_NC_4_0	Ludo Leclerc	Ludo Leclerc			2025-01-14T13:04:00.538Z	StillImage	COORDINATE_ROUNDED;CONTINENT_DERIVED_FROM_COORDINATES;TAXON_MATCH_TAXON_ID_IGNORED
2423611989	21705170-d2b6-42de-8904-c3bca4b83591	CMMF018674	Fungi	Basidiomycota	Agaricomycetes	Agaricales	Amanitaceae	Amanita	Amanita virosa		SPECIES	Amanita virosa Bertill.	Amanita virosa Lam. ss. auct. amer.	Lam. ss. auct. amer.	CA	Chemin de la vieille érablière, proche de la résidence.	Québec	PRESENT		ff7bd5db-b724-4932-b496-10ea298851f9	45.988108	-74.005679	2500.0						1979-07-30	30	7	1979	5240323	5240323	PRESERVED_SPECIMEN	Université de Montréal Biodiversity Centre	CMMF	CMMF018674	s.n.	Nantel, Patrick		CC0_1_0	Université de Montréal Biodiversity Centre	Nantel, Patrick			2024-01-24T16:38:18.484Z		INSTITUTION_MATCH_FUZZY;COLLECTION_MATCH_FUZZY;DIFFERENT_OWNER_INSTITUTION
2423611446	21705170-d2b6-42de-8904-c3bca4b83591	CMMF018868	Fungi	Basidiomycota	Agaricomycetes	Agaricales	Amanitaceae	Amanita	Amanita virosa		SPECIES	Amanita virosa Bertill.	Amanita virosa Lam. ss. auct. amer.	Lam. ss. auct. amer.	CA	Station de biologie des Laurentides, Université de Montréal	Québec	PRESENT		ff7bd5db-b724-4932-b496-10ea298851f9	45.988108	-74.005679	25000.0						1986-08-31	31	8	1986	5240323	5240323	PRESERVED_SPECIMEN	Université de Montréal Biodiversity Centre	CMMF	CMMF018868	s.n.	Nantel, Patrick		CC0_1_0	Université de Montréal Biodiversity Centre	Nantel, Patrick			2024-01-24T16:38:18.694Z		INSTITUTION_MATCH_FUZZY;COLLECTION_MATCH_FUZZY;DIFFERENT_OWNER_INSTITUTION
2237428722	50c9509d-22c7-4a22-a47d-8c48425ef4a7	https://www.inaturalist.org/observations/22478622	Fungi	Basidiomycota	Agaricomycetes	Agaricales	Amanitaceae	Amanita	Amanita virosa		SPECIES	Amanita virosa Bertill.	Amanita virosa		CA		Québec	PRESENT		28eb1a3f-1c15-4a95-931a-4af90ecb574d	45.8103	-71.1653							2010-08-08T13:39	8	8	2010	5240323	5240323	HUMAN_OBSERVATION	iNaturalist	Observations	22478622		Isabelle Pothier	2019-04-14T19:42:13	CC_BY_NC_4_0	Isabelle Pothier	Isabelle Pothier			2025-01-14T12:06:42.114Z	StillImage	CONTINENT_DERIVED_FROM_COORDINATES;TAXON_MATCH_TAXON_ID_IGNORED
1990311256	032f1fbe-d21f-407d-be46-5cd1bb1ea397	4665a236-2c35-4aa0-a149-90c96ce8e4f4	Fungi	Basidiomycota	Agaricomycetes	Agaricales	Amanitaceae	Amanita	Amanita virosa		SPECIES	Amanita virosa Bertill.	Amanita virosa	Bertill.	CA		Nova Scotia	PRESENT		61c539d8-47e0-4b82-875f-b95aad66dcd4	45.106389	-64.655							1973-09-10	10	9	1973	5240323	5240323	PRESERVED_SPECIMEN	TENN-F		TENN-F-038251	RHP38251			CC0_1_0		R.H. Petersen			2025-01-12T10:33:51.126Z		COORDINATE_ROUNDED;GEODETIC_DATUM_ASSUMED_WGS84;CONTINENT_DERIVED_FROM_COORDINATES;TAXON_MATCH_TAXON_ID_IGNORED;INSTITUTION_MATCH_NONE
1990310849	032f1fbe-d21f-407d-be46-5cd1bb1ea397	47f7d96a-09d9-484a-81d0-87b844645942	Fungi	Basidiomycota	Agaricomycetes	Agaricales	Amanitaceae	Amanita	Amanita virosa		SPECIES	Amanita virosa Bertill.	Amanita virosa	Bertill.	CA	Melanson, Gaspareau Woods, Approx. 3 Miles Se of Wolfville	Nova Scotia	PRESENT		61c539d8-47e0-4b82-875f-b95aad66dcd4	45.063889	-64.309722							1973-08-28	28	8	1973	5240323	5240323	PRESERVED_SPECIMEN	TENN-F		TENN-F-037909	RHP37909			CC0_1_0		R.H. Petersen			2025-01-12T10:33:51.277Z		COORDINATE_ROUNDED;GEODETIC_DATUM_ASSUMED_WGS84;CONTINENT_DERIVED_FROM_COORDINATES;TAXON_MATCH_TAXON_ID_IGNORED;INSTITUTION_MATCH_NONE
1990300608	032f1fbe-d21f-407d-be46-5cd1bb1ea397	e0b15c9b-67be-453e-b96e-a73b37dc16e0	Fungi	Basidiomycota	Agaricomycetes	Agaricales	Amanitaceae	Amanita	Amanita virosa		SPECIES	Amanita virosa Bertill.	Amanita virosa	Bertill.	CA	Whitney, Algonquin Province Park, Museum, Mile 13	Ontario	PRESENT		61c539d8-47e0-4b82-875f-b95aad66dcd4	45.544444	-78.263889							1962-08-03	3	8	1962	5240323	5240323	PRESERVED_SPECIMEN	TENN-F		TENN-F-027292	RHP618K			CC0_1_0		R.H. Petersen			2025-01-12T10:33:49.152Z		COORDINATE_ROUNDED;GEODETIC_DATUM_ASSUMED_WGS84;CONTINENT_DERIVED_FROM_COORDINATES;TAXON_MATCH_TAXON_ID_IGNORED;INSTITUTION_MATCH_NONE
1838007031	50c9509d-22c7-4a22-a47d-8c48425ef4a7	https://www.inaturalist.org/observations/10035160	Fungi	Basidiomycota	Agaricomycetes	Agaricales	Amanitaceae	Amanita	Amanita virosa		SPECIES	Amanita virosa Bertill.	Amanita virosa		CA		Québec	PRESENT		28eb1a3f-1c15-4a95-931a-4af90ecb574d	45.796945	-71.137893	27126.0						2016-09-10T10:56:02Z	10	9	2016	5240323	5240323	HUMAN_OBSERVATION	iNaturalist	Observations	10035160		Danavan Rouillard	2018-02-28T20:12:21	CC_BY_NC_4_0	Danavan Rouillard	Danavan Rouillard			2025-01-14T12:04:30.341Z		COORDINATE_ROUNDED;CONTINENT_DERIVED_FROM_COORDINATES;TAXON_MATCH_TAXON_ID_IGNORED
1807261941	e8a25a42-f125-476c-8554-3ec21cd51a84	ACAD:118356	Fungi	Basidiomycota	Agaricomycetes	Agaricales	Amanitaceae	Amanita	Amanita virosa		SPECIES	Amanita virosa Bertill.	Amanita virosa	Bertill., 1866	CA	Kentville	Nova Scotia	PRESENT		6491ad8c-8e49-4bd4-a089-0ddb3bbe0890	45.07662	-64.49592							1978-08-14	14	8	1978	5240323	5240323	PRESERVED_SPECIMEN	Acadia University	ACAD	12479F	12479	H, KA		CC0_1_0	Acadia University	H, KA			2024-01-25T01:37:17.458Z	StillImage	GEODETIC_DATUM_INVALID;GEODETIC_DATUM_ASSUMED_WGS84;TAXON_MATCH_TAXON_ID_IGNORED;INSTITUTION_MATCH_FUZZY;COLLECTION_MATCH_FUZZY
1807261542	e8a25a42-f125-476c-8554-3ec21cd51a84	ACAD:118018	Fungi	Basidiomycota	Agaricomycetes	Agaricales	Amanitaceae	Amanita	Amanita virosa		SPECIES	Amanita virosa Bertill.	Amanita virosa	Bertill., 1866	CA	Kentville	Nova Scotia	PRESENT		6491ad8c-8e49-4bd4-a089-0ddb3bbe0890	45.07662	-64.49592							1970-09-19	19	9	1970	5240323	5240323	PRESERVED_SPECIMEN	Acadia University	ACAD	10818BF	10818			CC0_1_0	Acadia University				2024-01-25T01:37:16.719Z	StillImage	GEODETIC_DATUM_INVALID;GEODETIC_DATUM_ASSUMED_WGS84;TAXON_MATCH_TAXON_ID_IGNORED;INSTITUTION_MATCH_FUZZY;COLLECTION_MATCH_FUZZY
1807261323	e8a25a42-f125-476c-8554-3ec21cd51a84	ACAD:117955	Fungi	Basidiomycota	Agaricomycetes	Agaricales	Amanitaceae	Amanita	Amanita virosa		SPECIES	Amanita virosa Bertill.	Amanita virosa	Bertill., 1866	CA	Gaspereau	Nova Scotia	PRESENT		6491ad8c-8e49-4bd4-a089-0ddb3bbe0890	45.06806	-64.35247							1967-08-11	11	8	1967	5240323	5240323	PRESERVED_SPECIMEN	Acadia University	ACAD	10733F	10733			CC0_1_0	Acadia University				2024-01-25T01:37:08.956Z	StillImage	GEODETIC_DATUM_INVALID;GEODETIC_DATUM_ASSUMED_WGS84;TAXON_MATCH_TAXON_ID_IGNORED;INSTITUTION_MATCH_FUZZY;COLLECTION_MATCH_FUZZY
1807260984	e8a25a42-f125-476c-8554-3ec21cd51a84	ACAD:118019	Fungi	Basidiomycota	Agaricomycetes	Agaricales	Amanitaceae	Amanita	Amanita virosa		SPECIES	Amanita virosa Bertill.	Amanita virosa	Bertill., 1866	CA	Kentville	Nova Scotia	PRESENT		6491ad8c-8e49-4bd4-a089-0ddb3bbe0890	45.07662	-64.49592							1970-09-19	19	9	1970	5240323	5240323	PRESERVED_SPECIMEN	Acadia University	ACAD	10818F	10818			CC0_1_0	Acadia University				2024-01-25T01:37:16.721Z	StillImage	GEODETIC_DATUM_INVALID;GEODETIC_DATUM_ASSUMED_WGS84;TAXON_MATCH_TAXON_ID_IGNORED;INSTITUTION_MATCH_FUZZY;COLLECTION_MATCH_FUZZY
1807259867	e8a25a42-f125-476c-8554-3ec21cd51a84	ACAD:116899	Fungi	Basidiomycota	Agaricomycetes	Agaricales	Amanitaceae	Amanita	Amanita virosa		SPECIES	Amanita virosa Bertill.	Amanita virosa	Bertill., 1866	CA	Kentville	Nova Scotia	PRESENT		6491ad8c-8e49-4bd4-a089-0ddb3bbe0890	45.07662	-64.49592							1959-10-09	9	10	1959	5240323	5240323	PRESERVED_SPECIMEN	Acadia University	ACAD	5159F	5159			CC0_1_0	Acadia University	H, KA			2024-01-25T01:37:05.538Z	StillImage	GEODETIC_DATUM_INVALID;GEODETIC_DATUM_ASSUMED_WGS84;TAXON_MATCH_TAXON_ID_IGNORED;INSTITUTION_MATCH_FUZZY;COLLECTION_MATCH_FUZZY
1807259680	e8a25a42-f125-476c-8554-3ec21cd51a84	ACAD:116212	Fungi	Basidiomycota	Agaricomycetes	Agaricales	Amanitaceae	Amanita	Amanita virosa		SPECIES	Amanita virosa Bertill.	Amanita virosa	Bertill., 1866	CA	Aldershot	Nova Scotia	PRESENT		6491ad8c-8e49-4bd4-a089-0ddb3bbe0890	45.10302	-64.50773							1955-08-18	18	8	1955	5240323	5240323	PRESERVED_SPECIMEN	Acadia University	ACAD	3930F	3930			CC0_1_0	Acadia University	H, KA			2024-01-25T01:37:04.040Z	StillImage	GEODETIC_DATUM_INVALID;GEODETIC_DATUM_ASSUMED_WGS84;TAXON_MATCH_TAXON_ID_IGNORED;INSTITUTION_MATCH_FUZZY;COLLECTION_MATCH_FUZZY
1701558129	39bd4817-9530-4341-a918-4f16b8db1419	UdeM:CMMF:Blitz2017:89	Fungi	Basidiomycota	Agaricomycetes	Agaricales	Amanitaceae	Amanita	Amanita virosa		SPECIES	Amanita virosa Bertill.	Amanita virosa Bertill., 1866	Bertill., 1866	CA	Parc des Chutes de Sainte-Ursule	Québec	PRESENT		ff7bd5db-b724-4932-b496-10ea298851f9	46.300422	-73.094321	500.0						2017-08-09	9	8	2017	5240323	5240323	HUMAN_OBSERVATION	Université de Montréal Biodiversity Centre	CMMF			Raymond Archambault et Joseph Nuzzolese	2017-08-09T00:00:00	CC0_1_0		IRBV's graduate students			2024-01-24T17:29:10.211Z		
1412707318	21705170-d2b6-42de-8904-c3bca4b83591	CMMF015812	Fungi	Basidiomycota	Agaricomycetes	Agaricales	Amanitaceae	Amanita	Amanita virosa		SPECIES	Amanita virosa Bertill.	Amanita virosa Lam. ss. auct. amer.	Lam. ss. auct. amer.	CA	Parc Frontenac, Québec.	Québec	PRESENT		ff7bd5db-b724-4932-b496-10ea298851f9	45.826543	-71.167805	10000.0						1995-09-03	3	9	1995	5240323	5240323	PRESERVED_SPECIMEN	Université de Montréal Biodiversity Centre	CMMF	CMMF015812	2440	Guérin, Gérard		CC0_1_0	Université de Montréal Biodiversity Centre	Guérin, Gérard			2024-01-24T16:38:16.522Z	StillImage	INSTITUTION_MATCH_FUZZY;COLLECTION_MATCH_FUZZY;DIFFERENT_OWNER_INSTITUTION
1412705899	21705170-d2b6-42de-8904-c3bca4b83591	CMMF014316	Fungi	Basidiomycota	Agaricomycetes	Agaricales	Amanitaceae	Amanita	Amanita virosa		SPECIES	Amanita virosa Bertill.	Amanita virosa Lam. ss. auct. amer.	Lam. ss. auct. amer.	CA	Parc urbain, Chicoutimi, Québec.	Québec	PRESENT		ff7bd5db-b724-4932-b496-10ea298851f9	48.400335	-71.03723	3500.0						1985-08-27	27	8	1985	5240323	5240323	PRESERVED_SPECIMEN	Université de Montréal Biodiversity Centre	CMMF	CMMF014316	2438	Guérin, Gérard		CC0_1_0	Université de Montréal Biodiversity Centre	Guérin, Gérard			2024-01-24T16:38:19.440Z	StillImage	INSTITUTION_MATCH_FUZZY;COLLECTION_MATCH_FUZZY;DIFFERENT_OWNER_INSTITUTION
1412705875	21705170-d2b6-42de-8904-c3bca4b83591	CMMF014314	Fungi	Basidiomycota	Agaricomycetes	Agaricales	Amanitaceae	Amanita	Amanita virosa		SPECIES	Amanita virosa Bertill.	Amanita virosa Lam. ss. auct. amer.	Lam. ss. auct. amer.	CA	Rang C, Saint-Ubalde, Québec.	Québec	PRESENT		ff7bd5db-b724-4932-b496-10ea298851f9	46.794751	-72.20945	2500.0						1979-07-20	20	7	1979	5240323	5240323	PRESERVED_SPECIMEN	Université de Montréal Biodiversity Centre	CMMF	CMMF014314	2436	Guérin, Gérard		CC0_1_0	Université de Montréal Biodiversity Centre	Guérin, Gérard			2024-01-24T16:38:19.438Z	StillImage	INSTITUTION_MATCH_FUZZY;COLLECTION_MATCH_FUZZY;DIFFERENT_OWNER_INSTITUTION
1412705860	21705170-d2b6-42de-8904-c3bca4b83591	CMMF014315	Fungi	Basidiomycota	Agaricomycetes	Agaricales	Amanitaceae	Amanita	Amanita virosa		SPECIES	Amanita virosa Bertill.	Amanita virosa Lam. ss. auct. amer.	Lam. ss. auct. amer.	CA	Cap-Jaseux, Québec.	Québec	PRESENT		ff7bd5db-b724-4932-b496-10ea298851f9	48.428215	-70.822268	2500.0						1983-09-09	9	9	1983	5240323	5240323	PRESERVED_SPECIMEN	Université de Montréal Biodiversity Centre	CMMF	CMMF014315	2437	Guérin, Gérard		CC0_1_0	Université de Montréal Biodiversity Centre	Guérin, Gérard			2024-01-24T16:38:19.439Z		INSTITUTION_MATCH_FUZZY;COLLECTION_MATCH_FUZZY;DIFFERENT_OWNER_INSTITUTION
1412705822	21705170-d2b6-42de-8904-c3bca4b83591	CMMF014304	Fungi	Basidiomycota	Agaricomycetes	Agaricales	Amanitaceae	Amanita	Amanita virosa		SPECIES	Amanita virosa Bertill.	Amanita virosa Lam. ss. auct. amer.	Lam. ss. auct. amer.	CA	Route 10, Brossard, Québec.	Québec	PRESENT		ff7bd5db-b724-4932-b496-10ea298851f9	45.459256	-73.449557	4000.0						1980-08-14	14	8	1980	5240323	5240323	PRESERVED_SPECIMEN	Université de Montréal Biodiversity Centre	CMMF	CMMF014304	2439	Guérin, Gérard		CC0_1_0	Université de Montréal Biodiversity Centre	Guérin, Gérard			2024-01-24T16:38:19.447Z	StillImage	INSTITUTION_MATCH_FUZZY;COLLECTION_MATCH_FUZZY;DIFFERENT_OWNER_INSTITUTION
1412704051	21705170-d2b6-42de-8904-c3bca4b83591	CMMF012284	Fungi	Basidiomycota	Agaricomycetes	Agaricales	Amanitaceae	Amanita	Amanita virosa		SPECIES	Amanita virosa Bertill.	Amanita virosa Lam. ss. auct. amer.	Lam. ss. auct. amer.	CA	Bell's Corners, près d'Ottawa, Ontario.	Ontario	PRESENT		ff7bd5db-b724-4932-b496-10ea298851f9	45.320833	-75.83	5000.0						1961-08-17	17	8	1961	5240323	5240323	PRESERVED_SPECIMEN	Université de Montréal Biodiversity Centre	CMMF	CMMF012284	NA	Macrae, R.		CC0_1_0	Université de Montréal Biodiversity Centre	Handfield, G.			2024-01-24T16:38:20.856Z		INSTITUTION_MATCH_FUZZY;COLLECTION_MATCH_FUZZY;DIFFERENT_OWNER_INSTITUTION
1135071287	21705170-d2b6-42de-8904-c3bca4b83591	CMMF009885	Fungi	Basidiomycota	Agaricomycetes	Agaricales	Amanitaceae	Amanita	Amanita virosa		SPECIES	Amanita virosa Bertill.	Amanita virosa Lam. ss. auct. amer.	Lam. ss. auct. amer.	CA	M. Tremblay, chemin de l'Éperon, Lac-Beauport.	Québec	PRESENT		ff7bd5db-b724-4932-b496-10ea298851f9	46.953091	-71.275238	5000.0						2007-08-29	29	8	2007	5240323	5240323	PRESERVED_SPECIMEN	Université de Montréal Biodiversity Centre	CMMF	CMMF009885	1469	Labrecque, Jacqueline		CC0_1_0	Université de Montréal Biodiversity Centre	Labrecque, Jacqueline			2024-01-24T16:38:21.317Z		INSTITUTION_MATCH_FUZZY;COLLECTION_MATCH_FUZZY;DIFFERENT_OWNER_INSTITUTION
1135070355	21705170-d2b6-42de-8904-c3bca4b83591	CMMF008894	Fungi	Basidiomycota	Agaricomycetes	Agaricales	Amanitaceae	Amanita	Amanita virosa		SPECIES	Amanita virosa Bertill.	Amanita virosa Lam. ss. auct. amer.	Lam. ss. auct. amer.	CA	Rue des Acadiens, Québec.	Québec	PRESENT		ff7bd5db-b724-4932-b496-10ea298851f9	46.918501	-71.254455	4000.0						2006-08-08	8	8	2006	5240323	5240323	PRESERVED_SPECIMEN	Université de Montréal Biodiversity Centre	CMMF	CMMF008894	477	Labrecque, Jacqueline		CC0_1_0	Université de Montréal Biodiversity Centre	Labrecque, Jacqueline			2024-01-24T16:38:18.897Z		INSTITUTION_MATCH_FUZZY;COLLECTION_MATCH_FUZZY;DIFFERENT_OWNER_INSTITUTION
1024560073	21705170-d2b6-42de-8904-c3bca4b83591	CMMF005539	Fungi	Basidiomycota	Agaricomycetes	Agaricales	Amanitaceae	Amanita	Amanita virosa		SPECIES	Amanita virosa Bertill.	Amanita virosa Lam. ss. auct. amer.	Lam. ss. auct. amer.	CA	Val-Morin	Québec	PRESENT		ff7bd5db-b724-4932-b496-10ea298851f9	45.997667	-74.213667	100.0						1984-08-25	25	8	1984	5240323	5240323	PRESERVED_SPECIMEN	Université de Montréal Biodiversity Centre	CMMF	CMMF005539	1679	McNeil, Raymond		CC0_1_0	Université de Montréal Biodiversity Centre	McNeil, Raymond			2024-01-24T16:38:15.779Z	StillImage	COORDINATE_ROUNDED;INSTITUTION_MATCH_FUZZY;COLLECTION_MATCH_FUZZY;DIFFERENT_OWNER_INSTITUTION
