gbifID	datasetKey	occurrenceID	kingdom	phylum	class	order	family	genus	species	infraspecificEpithet	taxonRank	scientificName	verbatimScientificName	verbatimScientificNameAuthorship	countryCode	locality	stateProvince	occurrenceStatus	individualCount	publishingOrgKey	decimalLatitude	decimalLongitude	coordinateUncertaintyInMeters	coordinatePrecision	elevation	elevationAccuracy	depth	depthAccuracy	eventDate	day	month	year	taxonKey	speciesKey	basisOfRecord	institutionCode	collectionCode	catalogNumber	recordNumber	identifiedBy	dateIdentified	license	rightsHolder	recordedBy	typeStatus	establishmentMeans	lastInterpreted	mediaType	issue
617554745	21705170-d2b6-42de-8904-c3bca4b83591	CMMF000499	Fungi	Basidiomycota	Agaricomycetes	Agaricales	Bolbitiaceae	Panaeolina	Panaeolina foenisecii		SPECIES	Panaeolus foenisecii (Pers.) J.Schröt.	Panaeolus foenisecii (Pers.) J. Schröt.	(Pers.) J. Schröt.	CA	Montréal	Québec	PRESENT		ff7bd5db-b724-4932-b496-10ea298851f9	45.509625	-73.662984	25000.0						1989-06-06	6	6	1989	2526702	2526698	PRESERVED_SPECIMEN	Université de Montréal Biodiversity Centre	CMMF	CMMF000499		Lamoureux, Yves		CC0_1_0	Université de Montréal Biodiversity Centre	Lamoureux, Yves			2024-01-24T16:38:19.999Z	StillImage	INSTITUTION_MATCH_FUZZY;COLLECTION_MATCH_FUZZY;DIFFERENT_OWNER_INSTITUTION
617549494	21705170-d2b6-42de-8904-c3bca4b83591	CMMF001865	Fungi	Basidiomycota	Agaricomycetes	Agaricales	Bolbitiaceae	Panaeolina	Panaeolina foenisecii		SPECIES	Panaeolus foenisecii (Pers.) J.Schröt.	Panaeolus foenisecii (Pers.) J. Schröt.	(Pers.) J. Schröt.	CA	Longueuil	Québec	PRESENT		ff7bd5db-b724-4932-b496-10ea298851f9	45.544154	-73.477185	5000.0						1993-06-22	22	6	1993	2526702	2526698	PRESERVED_SPECIMEN	Université de Montréal Biodiversity Centre	CMMF	CMMF001865		Lamoureux, Yves		CC0_1_0	Université de Montréal Biodiversity Centre	Lamoureux, Yves			2024-01-24T16:38:17.218Z	StillImage	INSTITUTION_MATCH_FUZZY;COLLECTION_MATCH_FUZZY;DIFFERENT_OWNER_INSTITUTION
617547518	21705170-d2b6-42de-8904-c3bca4b83591	CMMF000001	Fungi	Basidiomycota	Agaricomycetes	Agaricales	Bolbitiaceae	Panaeolina	Panaeolina foenisecii		SPECIES	Panaeolus foenisecii (Pers.) J.Schröt.	Panaeolus foenisecii (Pers.) J. Schröt.	(Pers.) J. Schröt.	CA	Montréal	Québec	PRESENT		ff7bd5db-b724-4932-b496-10ea298851f9	45.509625	-73.662984	25000.0						1988-06-28	28	6	1988	2526702	2526698	PRESERVED_SPECIMEN	Université de Montréal Biodiversity Centre	CMMF	CMMF000001	00418	Lamoureux, Yves		CC0_1_0	Université de Montréal Biodiversity Centre	Lamoureux, Yves			2024-01-24T16:38:20.346Z	StillImage	INSTITUTION_MATCH_FUZZY;COLLECTION_MATCH_FUZZY;DIFFERENT_OWNER_INSTITUTION
4952441088	50c9509d-22c7-4a22-a47d-8c48425ef4a7	https://www.inaturalist.org/observations/245124851	Fungi	Basidiomycota	Agaricomycetes	Agaricales	Bolbitiaceae	Panaeolina	Panaeolina foenisecii		SPECIES	Panaeolus foenisecii (Pers.) J.Schröt.	Panaeolus foenisecii		CA		Québec	PRESENT		28eb1a3f-1c15-4a95-931a-4af90ecb574d	45.508247	-73.460839							2024-10-01T10:44:39	1	10	2024	2526702	2526698	HUMAN_OBSERVATION	iNaturalist	Observations	245124851		Jean C.	2024-10-01T19:52:02	CC_BY_NC_4_0	Jean C.	Jean C.			2025-01-14T12:52:13.141Z	StillImage	COORDINATE_ROUNDED;CONTINENT_DERIVED_FROM_COORDINATES;TAXON_MATCH_TAXON_ID_IGNORED
4909171490	50c9509d-22c7-4a22-a47d-8c48425ef4a7	https://www.inaturalist.org/observations/229371012	Fungi	Basidiomycota	Agaricomycetes	Agaricales	Bolbitiaceae	Panaeolina	Panaeolina foenisecii		SPECIES	Panaeolus foenisecii (Pers.) J.Schröt.	Panaeolus foenisecii		CA		Québec	PRESENT		28eb1a3f-1c15-4a95-931a-4af90ecb574d	45.602937	-73.551338	35.0						2024-07-14T17:06:55	14	7	2024	2526702	2526698	HUMAN_OBSERVATION	iNaturalist	Observations	229371012		sara-charlotte	2024-07-14T22:18:10	CC_BY_NC_4_0	sara-charlotte	sara-charlotte			2025-01-14T12:49:21.698Z	StillImage	COORDINATE_ROUNDED;CONTINENT_DERIVED_FROM_COORDINATES;TAXON_MATCH_TAXON_ID_IGNORED
4908779982	50c9509d-22c7-4a22-a47d-8c48425ef4a7	https://www.inaturalist.org/observations/227637908	Fungi	Basidiomycota	Agaricomycetes	Agaricales	Bolbitiaceae	Panaeolina	Panaeolina foenisecii		SPECIES	Panaeolus foenisecii (Pers.) J.Schröt.	Panaeolus foenisecii		CA		Québec	PRESENT		28eb1a3f-1c15-4a95-931a-4af90ecb574d	45.410788	-72.742044	3.0						2024-07-06T18:45:57	6	7	2024	2526702	2526698	HUMAN_OBSERVATION	iNaturalist	Observations	227637908		vanhaivu	2024-07-06T22:47:34	CC_BY_NC_4_0	vanhaivu	vanhaivu			2025-01-14T12:46:43.055Z	StillImage	COORDINATE_ROUNDED;CONTINENT_DERIVED_FROM_COORDINATES;TAXON_MATCH_TAXON_ID_IGNORED
4908565793	50c9509d-22c7-4a22-a47d-8c48425ef4a7	https://www.inaturalist.org/observations/228542317	Fungi	Basidiomycota	Agaricomycetes	Agaricales	Bolbitiaceae	Panaeolina	Panaeolina foenisecii		SPECIES	Panaeolus foenisecii (Pers.) J.Schröt.	Panaeolus foenisecii		CA		New Brunswick	PRESENT		28eb1a3f-1c15-4a95-931a-4af90ecb574d	45.29457	-66.033669	184.0						2024-07-10T18:53:28	10	7	2024	2526702	2526698	HUMAN_OBSERVATION	iNaturalist	Observations	228542317		Toni Doucette	2024-07-10T23:50:24	CC_BY_NC_4_0	Toni Doucette	Toni Doucette			2025-01-14T13:42:47.059Z	StillImage	COORDINATE_ROUNDED;CONTINENT_DERIVED_FROM_COORDINATES;TAXON_MATCH_TAXON_ID_IGNORED
4903796637	50c9509d-22c7-4a22-a47d-8c48425ef4a7	https://www.inaturalist.org/observations/226598848	Fungi	Basidiomycota	Agaricomycetes	Agaricales	Bolbitiaceae	Panaeolina	Panaeolina foenisecii		SPECIES	Panaeolus foenisecii (Pers.) J.Schröt.	Panaeolus foenisecii		CA		New Brunswick	PRESENT		28eb1a3f-1c15-4a95-931a-4af90ecb574d	45.29457	-66.033669	184.0						2024-07-01T21:16:47	1	7	2024	2526702	2526698	HUMAN_OBSERVATION	iNaturalist	Observations	226598848		Toni Doucette	2024-07-02T02:44:01	CC_BY_NC_4_0	Toni Doucette	Toni Doucette			2025-01-14T12:48:36.269Z	StillImage	COORDINATE_ROUNDED;CONTINENT_DERIVED_FROM_COORDINATES;TAXON_MATCH_TAXON_ID_IGNORED
4607419713	50c9509d-22c7-4a22-a47d-8c48425ef4a7	https://www.inaturalist.org/observations/159736256	Fungi	Basidiomycota	Agaricomycetes	Agaricales	Bolbitiaceae	Panaeolina	Panaeolina foenisecii		SPECIES	Panaeolus foenisecii (Pers.) J.Schröt.	Panaeolus foenisecii		CA		Québec	PRESENT		28eb1a3f-1c15-4a95-931a-4af90ecb574d	45.558624	-73.563545	4.0						2023-05-04T17:26:01	4	5	2023	2526702	2526698	HUMAN_OBSERVATION	iNaturalist	Observations	159736256		Justin	2023-05-04T21:26:08	CC_BY_NC_4_0	Justin	Justin			2025-01-14T12:34:38.306Z	StillImage	COORDINATE_ROUNDED;CONTINENT_DERIVED_FROM_COORDINATES;TAXON_MATCH_TAXON_ID_IGNORED
4599798058	50c9509d-22c7-4a22-a47d-8c48425ef4a7	https://www.inaturalist.org/observations/170610141	Fungi	Basidiomycota	Agaricomycetes	Agaricales	Bolbitiaceae	Panaeolina	Panaeolina foenisecii		SPECIES	Panaeolus foenisecii (Pers.) J.Schröt.	Panaeolus foenisecii		CA		Prince Edward Island	PRESENT		28eb1a3f-1c15-4a95-931a-4af90ecb574d	46.692978	-64.019181	4.0						2023-07-01T20:10:48	1	7	2023	2526702	2526698	HUMAN_OBSERVATION	iNaturalist	Observations	170610141		Thelma Phillips	2023-07-02T09:52:24	CC_BY_NC_4_0	Thelma Phillips	Thelma Phillips			2025-01-14T12:39:41.780Z	StillImage	COORDINATE_ROUNDED;CONTINENT_DERIVED_FROM_COORDINATES;TAXON_MATCH_TAXON_ID_IGNORED
4399948365	50c9509d-22c7-4a22-a47d-8c48425ef4a7	https://www.inaturalist.org/observations/178777269	Fungi	Basidiomycota	Agaricomycetes	Agaricales	Bolbitiaceae	Panaeolina	Panaeolina foenisecii		SPECIES	Panaeolus foenisecii (Pers.) J.Schröt.	Panaeolus foenisecii		CA		New Brunswick	PRESENT		28eb1a3f-1c15-4a95-931a-4af90ecb574d	46.027175	-66.56157	6000.0						2023-08-16T14:33:21	16	8	2023	2526702	2526698	HUMAN_OBSERVATION	iNaturalist	Observations	178777269		toriruig	2023-08-17T01:25:58	CC_BY_NC_4_0	toriruig	toriruig			2025-01-14T13:28:26.043Z	StillImage	CONTINENT_DERIVED_FROM_COORDINATES;TAXON_MATCH_TAXON_ID_IGNORED
4165664633	50c9509d-22c7-4a22-a47d-8c48425ef4a7	https://www.inaturalist.org/observations/174156113	Fungi	Basidiomycota	Agaricomycetes	Agaricales	Bolbitiaceae	Panaeolina	Panaeolina foenisecii		SPECIES	Panaeolus foenisecii (Pers.) J.Schröt.	Panaeolus foenisecii		CA		Ontario	PRESENT		28eb1a3f-1c15-4a95-931a-4af90ecb574d	45.199612	-75.979813	3.0						2023-07-21T14:37:12	21	7	2023	2526702	2526698	HUMAN_OBSERVATION	iNaturalist	Observations	174156113		Keith Seifert	2023-07-21T20:15:42	CC0_1_0	Keith Seifert	Keith Seifert			2025-01-14T12:39:44.540Z	StillImage	COORDINATE_ROUNDED;CONTINENT_DERIVED_FROM_COORDINATES;TAXON_MATCH_TAXON_ID_IGNORED
4165471097	50c9509d-22c7-4a22-a47d-8c48425ef4a7	https://www.inaturalist.org/observations/173710744	Fungi	Basidiomycota	Agaricomycetes	Agaricales	Bolbitiaceae	Panaeolina	Panaeolina foenisecii		SPECIES	Panaeolus foenisecii (Pers.) J.Schröt.	Panaeolus foenisecii		CA		Québec	PRESENT		28eb1a3f-1c15-4a95-931a-4af90ecb574d	45.514482	-73.686709	3.0						2023-07-18T19:39:54	18	7	2023	2526702	2526698	HUMAN_OBSERVATION	iNaturalist	Observations	173710744		M. C.	2023-07-19T03:26:41	CC_BY_NC_4_0	M. C.	M. C.			2025-01-14T12:39:31.142Z	StillImage	COORDINATE_ROUNDED;CONTINENT_DERIVED_FROM_COORDINATES;TAXON_MATCH_TAXON_ID_IGNORED
4103054380	50c9509d-22c7-4a22-a47d-8c48425ef4a7	https://www.inaturalist.org/observations/94503604	Fungi	Basidiomycota	Agaricomycetes	Agaricales	Bolbitiaceae	Panaeolina	Panaeolina foenisecii		SPECIES	Panaeolus foenisecii (Pers.) J.Schröt.	Panaeolus foenisecii		CA		Québec	PRESENT		28eb1a3f-1c15-4a95-931a-4af90ecb574d	45.458271	-73.562996							2021-09-11T16:40:17	11	9	2021	2526702	2526698	HUMAN_OBSERVATION	iNaturalist	Observations	94503604		agustinsantoni	2021-09-11T22:37:15	CC_BY_NC_4_0	agustinsantoni	agustinsantoni			2025-01-14T13:15:20.715Z	StillImage	COORDINATE_ROUNDED;CONTINENT_DERIVED_FROM_COORDINATES;TAXON_MATCH_TAXON_ID_IGNORED
4034686366	50c9509d-22c7-4a22-a47d-8c48425ef4a7	https://www.inaturalist.org/observations/89080528	Fungi	Basidiomycota	Agaricomycetes	Agaricales	Bolbitiaceae	Panaeolina	Panaeolina foenisecii		SPECIES	Panaeolus foenisecii (Pers.) J.Schröt.	Panaeolus foenisecii		CA		Québec	PRESENT		28eb1a3f-1c15-4a95-931a-4af90ecb574d	45.4286	-73.149811							2021-07-19T12:01:24	19	7	2021	2526702	2526698	HUMAN_OBSERVATION	iNaturalist	Observations	89080528		egrenier	2021-07-29T16:48:57	CC_BY_NC_4_0	egrenier	egrenier			2025-01-14T13:13:54.015Z	StillImage	COORDINATE_ROUNDED;CONTINENT_DERIVED_FROM_COORDINATES;TAXON_MATCH_TAXON_ID_IGNORED
3892280415	50c9509d-22c7-4a22-a47d-8c48425ef4a7	https://www.inaturalist.org/observations/125723352	Fungi	Basidiomycota	Agaricomycetes	Agaricales	Bolbitiaceae	Panaeolina	Panaeolina foenisecii		SPECIES	Panaeolus foenisecii (Pers.) J.Schröt.	Panaeolus foenisecii		CA		New Brunswick	PRESENT		28eb1a3f-1c15-4a95-931a-4af90ecb574d	46.182704	-64.625643	15.0						2022-07-09T17:31	9	7	2022	2526702	2526698	HUMAN_OBSERVATION	iNaturalist	Observations	125723352		Ben	2022-07-11T02:20:32	CC_BY_NC_4_0	Ben	Ben			2025-01-14T13:23:44.025Z	StillImage	COORDINATE_ROUNDED;CONTINENT_DERIVED_FROM_COORDINATES;TAXON_MATCH_TAXON_ID_IGNORED
3873545047	50c9509d-22c7-4a22-a47d-8c48425ef4a7	https://www.inaturalist.org/observations/125153945	Fungi	Basidiomycota	Agaricomycetes	Agaricales	Bolbitiaceae	Panaeolina	Panaeolina foenisecii		SPECIES	Panaeolus foenisecii (Pers.) J.Schröt.	Panaeolus foenisecii		CA		New Brunswick	PRESENT		28eb1a3f-1c15-4a95-931a-4af90ecb574d	45.898719	-64.366155	4.0						2022-07-07T09:26:01	7	7	2022	2526702	2526698	HUMAN_OBSERVATION	iNaturalist	Observations	125153945		maerynrempel	2022-07-07T12:26:20	CC_BY_NC_4_0	maerynrempel	maerynrempel			2025-01-14T14:05:49.674Z	StillImage	COORDINATE_ROUNDED;CONTINENT_DERIVED_FROM_COORDINATES;TAXON_MATCH_TAXON_ID_IGNORED
3873303420	50c9509d-22c7-4a22-a47d-8c48425ef4a7	https://www.inaturalist.org/observations/126554369	Fungi	Basidiomycota	Agaricomycetes	Agaricales	Bolbitiaceae	Panaeolina	Panaeolina foenisecii		SPECIES	Panaeolus foenisecii (Pers.) J.Schröt.	Panaeolus foenisecii		CA		Ontario	PRESENT		28eb1a3f-1c15-4a95-931a-4af90ecb574d	45.285942	-75.717462	10.0						2022-06-13T15:38:12	13	6	2022	2526702	2526698	HUMAN_OBSERVATION	iNaturalist	Observations	126554369		kaikeekat	2022-07-16T22:28:09	CC_BY_NC_4_0	kaikeekat	kaikeekat			2025-01-14T13:23:21.768Z	StillImage	COORDINATE_ROUNDED;CONTINENT_DERIVED_FROM_COORDINATES;TAXON_MATCH_TAXON_ID_IGNORED
3860466225	50c9509d-22c7-4a22-a47d-8c48425ef4a7	https://www.inaturalist.org/observations/121142508	Fungi	Basidiomycota	Agaricomycetes	Agaricales	Bolbitiaceae	Panaeolina	Panaeolina foenisecii		SPECIES	Panaeolus foenisecii (Pers.) J.Schröt.	Panaeolus foenisecii		CA		Ontario	PRESENT		28eb1a3f-1c15-4a95-931a-4af90ecb574d	45.363395	-75.743115	27190.0						2022-06-10T16:24:05	10	6	2022	2526702	2526698	HUMAN_OBSERVATION	iNaturalist	Observations	121142508		Garrett Taylor	2022-06-10T21:04:03	CC_BY_NC_4_0	kennedy_9	kennedy_9			2025-01-14T12:29:41.556Z	StillImage	COORDINATE_ROUNDED;CONTINENT_DERIVED_FROM_COORDINATES;TAXON_MATCH_TAXON_ID_IGNORED
3860192311	50c9509d-22c7-4a22-a47d-8c48425ef4a7	https://www.inaturalist.org/observations/121278772	Fungi	Basidiomycota	Agaricomycetes	Agaricales	Bolbitiaceae	Panaeolina	Panaeolina foenisecii		SPECIES	Panaeolus foenisecii (Pers.) J.Schröt.	Panaeolus foenisecii		CA		Québec	PRESENT		28eb1a3f-1c15-4a95-931a-4af90ecb574d	45.60092	-73.717826	802.0						2022-06-11T12:44	11	6	2022	2526702	2526698	HUMAN_OBSERVATION	iNaturalist	Observations	121278772		Garrett Taylor	2022-06-12T15:58:56	CC_BY_NC_4_0	softie	softie			2025-01-14T13:21:47.427Z	StillImage	COORDINATE_ROUNDED;CONTINENT_DERIVED_FROM_COORDINATES;TAXON_MATCH_TAXON_ID_IGNORED
3859523071	50c9509d-22c7-4a22-a47d-8c48425ef4a7	https://www.inaturalist.org/observations/121027298	Fungi	Basidiomycota	Agaricomycetes	Agaricales	Bolbitiaceae	Panaeolina	Panaeolina foenisecii		SPECIES	Panaeolus foenisecii (Pers.) J.Schröt.	Panaeolus foenisecii		CA		Ontario	PRESENT		28eb1a3f-1c15-4a95-931a-4af90ecb574d	45.42153	-75.697193	37425.0						2022-06-09T18:50	9	6	2022	2526702	2526698	HUMAN_OBSERVATION	iNaturalist	Observations	121027298		sprasad12	2022-06-09T23:50:00	CC_BY_NC_4_0	sprasad12	sprasad12			2025-01-14T13:20:34.155Z	StillImage	COORDINATE_ROUNDED;CONTINENT_DERIVED_FROM_COORDINATES;TAXON_MATCH_TAXON_ID_IGNORED
3859511199	50c9509d-22c7-4a22-a47d-8c48425ef4a7	https://www.inaturalist.org/observations/121160649	Fungi	Basidiomycota	Agaricomycetes	Agaricales	Bolbitiaceae	Panaeolina	Panaeolina foenisecii		SPECIES	Panaeolus foenisecii (Pers.) J.Schröt.	Panaeolus foenisecii		CA		Ontario	PRESENT		28eb1a3f-1c15-4a95-931a-4af90ecb574d	45.513595	-75.087503	129.0						2022-06-10T18:51:50	10	6	2022	2526702	2526698	HUMAN_OBSERVATION	iNaturalist	Observations	121160649		mamijola	2022-06-10T23:19:50	CC_BY_NC_4_0	mamijola	mamijola			2025-01-14T12:29:41.996Z	StillImage	COORDINATE_ROUNDED;CONTINENT_DERIVED_FROM_COORDINATES;TAXON_MATCH_TAXON_ID_IGNORED
3385125509	50c9509d-22c7-4a22-a47d-8c48425ef4a7	https://www.inaturalist.org/observations/97376533	Fungi	Basidiomycota	Agaricomycetes	Agaricales	Bolbitiaceae	Panaeolina	Panaeolina foenisecii		SPECIES	Panaeolus foenisecii (Pers.) J.Schröt.	Panaeolus foenisecii		CA		Québec	PRESENT		28eb1a3f-1c15-4a95-931a-4af90ecb574d	45.513703	-73.581603	5.0						2021-10-06T14:43:20	6	10	2021	2526702	2526698	HUMAN_OBSERVATION	iNaturalist	Observations	97376533		halehcohn	2021-10-06T19:36:01	CC_BY_NC_4_0	halehcohn	halehcohn			2025-01-14T12:22:05.927Z	StillImage	COORDINATE_ROUNDED;CONTINENT_DERIVED_FROM_COORDINATES;TAXON_MATCH_TAXON_ID_IGNORED
3384843440	50c9509d-22c7-4a22-a47d-8c48425ef4a7	https://www.inaturalist.org/observations/97270753	Fungi	Basidiomycota	Agaricomycetes	Agaricales	Bolbitiaceae	Panaeolina	Panaeolina foenisecii		SPECIES	Panaeolus foenisecii (Pers.) J.Schröt.	Panaeolus foenisecii		CA		Québec	PRESENT		28eb1a3f-1c15-4a95-931a-4af90ecb574d	45.513783	-73.581763	3.0						2021-10-05T14:48:16	5	10	2021	2526702	2526698	HUMAN_OBSERVATION	iNaturalist	Observations	97270753		scarlet_chapman	2021-10-05T19:02:16	CC_BY_NC_4_0	scarlet_chapman	scarlet_chapman			2025-01-14T13:15:37.189Z	StillImage	COORDINATE_ROUNDED;CONTINENT_DERIVED_FROM_COORDINATES;TAXON_MATCH_TAXON_ID_IGNORED
3384835481	50c9509d-22c7-4a22-a47d-8c48425ef4a7	https://www.inaturalist.org/observations/97376230	Fungi	Basidiomycota	Agaricomycetes	Agaricales	Bolbitiaceae	Panaeolina	Panaeolina foenisecii		SPECIES	Panaeolus foenisecii (Pers.) J.Schröt.	Panaeolus foenisecii		CA		Québec	PRESENT		28eb1a3f-1c15-4a95-931a-4af90ecb574d	45.512012	-73.581695	63.0						2021-10-06T15:33:20	6	10	2021	2526702	2526698	HUMAN_OBSERVATION	iNaturalist	Observations	97376230		cinna_latifolia	2021-10-06T19:43:42	CC_BY_NC_4_0	amritakaria	amritakaria			2025-01-14T13:15:22.946Z	StillImage	COORDINATE_ROUNDED;CONTINENT_DERIVED_FROM_COORDINATES;TAXON_MATCH_TAXON_ID_IGNORED
3384774473	50c9509d-22c7-4a22-a47d-8c48425ef4a7	https://www.inaturalist.org/observations/97311841	Fungi	Basidiomycota	Agaricomycetes	Agaricales	Bolbitiaceae	Panaeolina	Panaeolina foenisecii		SPECIES	Panaeolus foenisecii (Pers.) J.Schröt.	Panaeolus foenisecii		CA		Québec	PRESENT		28eb1a3f-1c15-4a95-931a-4af90ecb574d	45.507102	-73.587407	2.0						2021-10-05T22:27	5	10	2021	2526702	2526698	HUMAN_OBSERVATION	iNaturalist	Observations	97311841		nickyscher	2021-10-06T02:39:25	CC_BY_NC_4_0	nickyscher	nickyscher			2025-01-14T12:24:30.812Z	StillImage	CONTINENT_DERIVED_FROM_COORDINATES;TAXON_MATCH_TAXON_ID_IGNORED
3384540379	50c9509d-22c7-4a22-a47d-8c48425ef4a7	https://www.inaturalist.org/observations/97272183	Fungi	Basidiomycota	Agaricomycetes	Agaricales	Bolbitiaceae	Panaeolina	Panaeolina foenisecii		SPECIES	Panaeolus foenisecii (Pers.) J.Schröt.	Panaeolus foenisecii		CA		Québec	PRESENT		28eb1a3f-1c15-4a95-931a-4af90ecb574d	45.51243	-73.582703	8.0						2021-10-05T15:13:30	5	10	2021	2526702	2526698	HUMAN_OBSERVATION	iNaturalist	Observations	97272183		samkoenig	2021-10-05T19:15:55	CC_BY_NC_4_0	samkoenig	samkoenig			2025-01-14T13:11:39.641Z	StillImage	COORDINATE_ROUNDED;CONTINENT_DERIVED_FROM_COORDINATES;TAXON_MATCH_TAXON_ID_IGNORED
3384475507	50c9509d-22c7-4a22-a47d-8c48425ef4a7	https://www.inaturalist.org/observations/97377187	Fungi	Basidiomycota	Agaricomycetes	Agaricales	Bolbitiaceae	Panaeolina	Panaeolina foenisecii		SPECIES	Panaeolus foenisecii (Pers.) J.Schröt.	Panaeolus foenisecii		CA		Québec	PRESENT		28eb1a3f-1c15-4a95-931a-4af90ecb574d	45.51233	-73.582028	8.0						2021-10-06T15:35:26	6	10	2021	2526702	2526698	HUMAN_OBSERVATION	iNaturalist	Observations	97377187		leora-avolio	2021-10-06T19:42:25	CC_BY_NC_4_0	leora-avolio	leora-avolio			2025-01-14T12:22:15.374Z	StillImage	COORDINATE_ROUNDED;CONTINENT_DERIVED_FROM_COORDINATES;TAXON_MATCH_TAXON_ID_IGNORED
3384445835	50c9509d-22c7-4a22-a47d-8c48425ef4a7	https://www.inaturalist.org/observations/96697565	Fungi	Basidiomycota	Agaricomycetes	Agaricales	Bolbitiaceae	Panaeolina	Panaeolina foenisecii		SPECIES	Panaeolus foenisecii (Pers.) J.Schröt.	Panaeolus foenisecii		CA		Québec	PRESENT		28eb1a3f-1c15-4a95-931a-4af90ecb574d	45.570412	-73.473877	13.0						2021-09-30T12:37:51	30	9	2021	2526702	2526698	HUMAN_OBSERVATION	iNaturalist	Observations	96697565		tomyfaubert	2021-09-30T16:44:03	CC_BY_NC_4_0	tomyfaubert	tomyfaubert			2025-01-14T13:22:58.181Z	StillImage	COORDINATE_ROUNDED;CONTINENT_DERIVED_FROM_COORDINATES;TAXON_MATCH_TAXON_ID_IGNORED
3384249668	50c9509d-22c7-4a22-a47d-8c48425ef4a7	https://www.inaturalist.org/observations/97491053	Fungi	Basidiomycota	Agaricomycetes	Agaricales	Bolbitiaceae	Panaeolina	Panaeolina foenisecii		SPECIES	Panaeolus foenisecii (Pers.) J.Schröt.	Panaeolus foenisecii		CA		Québec	PRESENT		28eb1a3f-1c15-4a95-931a-4af90ecb574d	45.512942	-73.584648	2.0						2021-10-06T18:07	6	10	2021	2526702	2526698	HUMAN_OBSERVATION	iNaturalist	Observations	97491053		lilliwolfart	2021-10-07T22:13:56	CC_BY_NC_4_0	lilliwolfart	lilliwolfart			2025-01-14T13:15:58.755Z	StillImage	COORDINATE_ROUNDED;CONTINENT_DERIVED_FROM_COORDINATES;TAXON_MATCH_TAXON_ID_IGNORED
3330713338	50c9509d-22c7-4a22-a47d-8c48425ef4a7	https://www.inaturalist.org/observations/32589938	Fungi	Basidiomycota	Agaricomycetes	Agaricales	Bolbitiaceae	Panaeolina	Panaeolina foenisecii		SPECIES	Panaeolus foenisecii (Pers.) J.Schröt.	Panaeolus foenisecii		CA		Ontario	PRESENT		28eb1a3f-1c15-4a95-931a-4af90ecb574d	45.568026	-74.513786	27158.0						2019-09-12T11:39:34	12	9	2019	2526702	2526698	HUMAN_OBSERVATION	iNaturalist	Observations	32589938		c8linr	2019-09-12T15:42:45	CC_BY_NC_4_0	c8linr	c8linr			2025-01-14T12:59:38.256Z	StillImage	COORDINATE_ROUNDED;CONTINENT_DERIVED_FROM_COORDINATES;TAXON_MATCH_TAXON_ID_IGNORED
3321063827	50c9509d-22c7-4a22-a47d-8c48425ef4a7	https://www.inaturalist.org/observations/84592208	Fungi	Basidiomycota	Agaricomycetes	Agaricales	Bolbitiaceae	Panaeolina	Panaeolina foenisecii		SPECIES	Panaeolus foenisecii (Pers.) J.Schröt.	Panaeolus foenisecii		CA		Ontario	PRESENT		28eb1a3f-1c15-4a95-931a-4af90ecb574d	45.142881	-75.598469	1389.0						2021-06-26T14:28	26	6	2021	2526702	2526698	HUMAN_OBSERVATION	iNaturalist	Observations	84592208		fallriver22	2021-06-26T19:18:16	CC_BY_NC_4_0	fallriver22	fallriver22			2025-01-14T12:19:12.022Z	StillImage	COORDINATE_ROUNDED;CONTINENT_DERIVED_FROM_COORDINATES;TAXON_MATCH_TAXON_ID_IGNORED
3314549453	50c9509d-22c7-4a22-a47d-8c48425ef4a7	https://www.inaturalist.org/observations/84244272	Fungi	Basidiomycota	Agaricomycetes	Agaricales	Bolbitiaceae	Panaeolina	Panaeolina foenisecii		SPECIES	Panaeolus foenisecii (Pers.) J.Schröt.	Panaeolus foenisecii		CA		Ontario	PRESENT		28eb1a3f-1c15-4a95-931a-4af90ecb574d	45.389028	-75.702172							2021-06-23T13:31	23	6	2021	2526702	2526698	HUMAN_OBSERVATION	iNaturalist	Observations	84244272		jonathan_mack	2021-06-23T23:31:09	CC_BY_NC_4_0	jonathan_mack	jonathan_mack			2025-01-14T13:09:26.934Z	StillImage	COORDINATE_ROUNDED;CONTINENT_DERIVED_FROM_COORDINATES;TAXON_MATCH_TAXON_ID_IGNORED
3314144156	50c9509d-22c7-4a22-a47d-8c48425ef4a7	https://www.inaturalist.org/observations/84003683	Fungi	Basidiomycota	Agaricomycetes	Agaricales	Bolbitiaceae	Panaeolina	Panaeolina foenisecii		SPECIES	Panaeolus foenisecii (Pers.) J.Schröt.	Panaeolus foenisecii		CA		Ontario	PRESENT		28eb1a3f-1c15-4a95-931a-4af90ecb574d	45.463745	-75.509203	3686.0						2021-06-21T20:34	21	6	2021	2526702	2526698	HUMAN_OBSERVATION	iNaturalist	Observations	84003683		shards	2021-06-22T00:37:21	CC_BY_NC_4_0	shards	shards			2025-01-14T12:18:47.142Z	StillImage	COORDINATE_ROUNDED;CONTINENT_DERIVED_FROM_COORDINATES;TAXON_MATCH_TAXON_ID_IGNORED
3039120601	50c9509d-22c7-4a22-a47d-8c48425ef4a7	https://www.inaturalist.org/observations/52922215	Fungi	Basidiomycota	Agaricomycetes	Agaricales	Bolbitiaceae	Panaeolina	Panaeolina foenisecii		SPECIES	Panaeolus foenisecii (Pers.) J.Schröt.	Panaeolus foenisecii		CA		Québec	PRESENT		28eb1a3f-1c15-4a95-931a-4af90ecb574d	45.416899	-71.930896							2020-07-13T06:28:17	13	7	2020	2526702	2526698	HUMAN_OBSERVATION	iNaturalist	Observations	52922215		Gagnon	2020-07-13T10:56:27	CC_BY_NC_4_0	Gagnon	Gagnon			2025-01-14T12:13:47.887Z	StillImage	COORDINATE_ROUNDED;CONTINENT_DERIVED_FROM_COORDINATES;TAXON_MATCH_TAXON_ID_IGNORED
2901721000	50c9509d-22c7-4a22-a47d-8c48425ef4a7	https://www.inaturalist.org/observations/63028816	Fungi	Basidiomycota	Agaricomycetes	Agaricales	Bolbitiaceae	Panaeolina	Panaeolina foenisecii		SPECIES	Panaeolus foenisecii (Pers.) J.Schröt.	Panaeolus foenisecii		CA		Québec	PRESENT		28eb1a3f-1c15-4a95-931a-4af90ecb574d	45.536944	-73.510713	14592.0						2017-06-30T08:08	30	6	2017	2526702	2526698	HUMAN_OBSERVATION	iNaturalist	Observations	63028816		ornitholarocque	2020-10-19T18:27:29	CC_BY_NC_4_0	ornitholarocque	ornitholarocque			2025-01-14T13:05:29.026Z	StillImage	COORDINATE_ROUNDED;CONTINENT_DERIVED_FROM_COORDINATES;TAXON_MATCH_TAXON_ID_IGNORED
2856558950	50c9509d-22c7-4a22-a47d-8c48425ef4a7	https://www.inaturalist.org/observations/57344987	Fungi	Basidiomycota	Agaricomycetes	Agaricales	Bolbitiaceae	Panaeolina	Panaeolina foenisecii		SPECIES	Panaeolus foenisecii (Pers.) J.Schröt.	Panaeolus foenisecii		CA		Québec	PRESENT		28eb1a3f-1c15-4a95-931a-4af90ecb574d	45.502333	-73.446613	22.0						2020-08-23T12:12:18	23	8	2020	2526702	2526698	HUMAN_OBSERVATION	iNaturalist	Observations	57344987		Alan Rockefeller	2020-08-25T06:31:03	CC_BY_NC_4_0	evilbatosai	evilbatosai			2025-01-14T12:14:28.473Z	StillImage	COORDINATE_ROUNDED;CONTINENT_DERIVED_FROM_COORDINATES;TAXON_MATCH_TAXON_ID_IGNORED
2826405568	50c9509d-22c7-4a22-a47d-8c48425ef4a7	https://www.inaturalist.org/observations/51261836	Fungi	Basidiomycota	Agaricomycetes	Agaricales	Bolbitiaceae	Panaeolina	Panaeolina foenisecii		SPECIES	Panaeolus foenisecii (Pers.) J.Schröt.	Panaeolus foenisecii		CA		Québec	PRESENT		28eb1a3f-1c15-4a95-931a-4af90ecb574d	45.522414	-73.587463	64.0						2020-06-28T14:37:22	28	6	2020	2526702	2526698	HUMAN_OBSERVATION	iNaturalist	Observations	51261836		Timothy Law	2020-06-28T18:38:50	CC_BY_NC_4_0	Timothy Law	Timothy Law			2025-01-14T12:13:29.225Z	StillImage	COORDINATE_ROUNDED;CONTINENT_DERIVED_FROM_COORDINATES;TAXON_MATCH_TAXON_ID_IGNORED
2813986388	50c9509d-22c7-4a22-a47d-8c48425ef4a7	https://www.inaturalist.org/observations/52222046	Fungi	Basidiomycota	Agaricomycetes	Agaricales	Bolbitiaceae	Panaeolina	Panaeolina foenisecii		SPECIES	Panaeolus foenisecii (Pers.) J.Schröt.	Panaeolus foenisecii		CA		Nova Scotia	PRESENT		28eb1a3f-1c15-4a95-931a-4af90ecb574d	45.648648	-64.059965	3160.0						2020-07-06T18:45	6	7	2020	2526702	2526698	HUMAN_OBSERVATION	iNaturalist	Observations	52222046		Ben	2020-07-07T02:42:57	CC_BY_NC_4_0	Ben	Ben			2025-01-14T12:14:28.617Z	StillImage	COORDINATE_ROUNDED;CONTINENT_DERIVED_FROM_COORDINATES;TAXON_MATCH_TAXON_ID_IGNORED
1990301791	032f1fbe-d21f-407d-be46-5cd1bb1ea397	6a4068cd-c7c6-4e7c-8aff-61bcc45779bf	Fungi	Basidiomycota	Agaricomycetes	Agaricales	Bolbitiaceae	Panaeolina	Panaeolina foenisecii		SPECIES	Psathyrella foenisecii (Pers.) A.H.Sm.	Psathyrella foenisecii	(Pers.) A.H. Sm.	CA	Kentville, Kentville Research Station	Nova Scotia	PRESENT		61c539d8-47e0-4b82-875f-b95aad66dcd4	45.065278	-64.484722							1965-07-30	30	7	1965	2526704	2526698	PRESERVED_SPECIMEN	TENN-F		TENN-F-028612	RHP28612			CC0_1_0		R.H. Petersen & P.D. Olexia			2025-01-12T10:33:39.408Z		COORDINATE_ROUNDED;GEODETIC_DATUM_ASSUMED_WGS84;CONTINENT_DERIVED_FROM_COORDINATES;TAXON_MATCH_TAXON_ID_IGNORED;INSTITUTION_MATCH_NONE
1807261586	e8a25a42-f125-476c-8554-3ec21cd51a84	ACAD:118123	Fungi	Basidiomycota	Agaricomycetes	Agaricales	Bolbitiaceae	Panaeolina	Panaeolina foenisecii		SPECIES	Panaeolina foenisecii (Pers.) Maire	Panaeolina foenisecii (Pers.) Maire	(Pers.) Maire	CA	Kentville	Nova Scotia	PRESENT		6491ad8c-8e49-4bd4-a089-0ddb3bbe0890	45.07662	-64.49592							1974-09-03	3	9	1974	2526698	2526698	PRESERVED_SPECIMEN	Acadia University	ACAD	11122F	11122	H, KA		CC0_1_0	Acadia University	H, KA			2024-01-25T01:37:16.602Z	StillImage	GEODETIC_DATUM_INVALID;GEODETIC_DATUM_ASSUMED_WGS84;TAXON_MATCH_TAXON_ID_IGNORED;INSTITUTION_MATCH_FUZZY;COLLECTION_MATCH_FUZZY
1412706164	21705170-d2b6-42de-8904-c3bca4b83591	CMMF014653	Fungi	Basidiomycota	Agaricomycetes	Agaricales	Bolbitiaceae	Panaeolina	Panaeolina foenisecii		SPECIES	Panaeolus foenisecii (Pers.) J.Schröt.	Panaeolus foenisecii (Pers.) J. Schröt.	(Pers.) J. Schröt.	CA	Chicoutimi, Québec.	Québec	PRESENT		ff7bd5db-b724-4932-b496-10ea298851f9	48.368277	-71.119642	15000.0						1994-07-11	11	7	1994	2526702	2526698	PRESERVED_SPECIMEN	Université de Montréal Biodiversity Centre	CMMF	CMMF014653	2036	Guérin, Gérard		CC0_1_0	Université de Montréal Biodiversity Centre	Guérin, Gérard			2024-01-24T16:38:20.333Z	StillImage	INSTITUTION_MATCH_FUZZY;COLLECTION_MATCH_FUZZY;DIFFERENT_OWNER_INSTITUTION
1135070910	21705170-d2b6-42de-8904-c3bca4b83591	CMMF009459	Fungi	Basidiomycota	Agaricomycetes	Agaricales	Bolbitiaceae	Panaeolina	Panaeolina foenisecii		SPECIES	Panaeolus foenisecii (Pers.) J.Schröt.	Panaeolus foenisecii (Pers.) J. Schröt.	(Pers.) J. Schröt.	CA	Jardins Van Den Hende, Sainte-Foy, Québec.	Québec	PRESENT		ff7bd5db-b724-4932-b496-10ea298851f9	46.776357	-71.280826	200.0						2007-07-02	2	7	2007	2526702	2526698	PRESERVED_SPECIMEN	Université de Montréal Biodiversity Centre	CMMF	CMMF009459	1043	Labbé, Roland		CC0_1_0	Université de Montréal Biodiversity Centre	Labrecque, Jacqueline			2024-01-24T16:38:21.666Z		INSTITUTION_MATCH_FUZZY;COLLECTION_MATCH_FUZZY;DIFFERENT_OWNER_INSTITUTION
1135070894	21705170-d2b6-42de-8904-c3bca4b83591	CMMF009461	Fungi	Basidiomycota	Agaricomycetes	Agaricales	Bolbitiaceae	Panaeolina	Panaeolina foenisecii		SPECIES	Panaeolus foenisecii (Pers.) J.Schröt.	Panaeolus foenisecii (Pers.) J. Schröt.	(Pers.) J. Schröt.	CA	Sainte-Brigitte-de-Laval.	Québec	PRESENT		ff7bd5db-b724-4932-b496-10ea298851f9	47.002354	-71.193781	2000.0						2007-07-03	3	7	2007	2526702	2526698	PRESERVED_SPECIMEN	Université de Montréal Biodiversity Centre	CMMF	CMMF009461	1045	Labrecque, Jacqueline		CC0_1_0	Université de Montréal Biodiversity Centre	Labrecque, Jacqueline			2024-01-24T16:38:21.676Z		INSTITUTION_MATCH_FUZZY;COLLECTION_MATCH_FUZZY;DIFFERENT_OWNER_INSTITUTION
1135067885	21705170-d2b6-42de-8904-c3bca4b83591	CMMF006364	Fungi	Basidiomycota	Agaricomycetes	Agaricales	Bolbitiaceae	Panaeolina	Panaeolina foenisecii		SPECIES	Panaeolus foenisecii (Pers.) J.Schröt.	Panaeolus foenisecii (Pers.) J. Schröt.	(Pers.) J. Schröt.	CA	Châteauguay	Québec	PRESENT		ff7bd5db-b724-4932-b496-10ea298851f9	45.3731	-73.737433	100.0						2008-07-21	21	7	2008	2526702	2526698	PRESERVED_SPECIMEN	Université de Montréal Biodiversity Centre	CMMF	CMMF006364	C3297	McNeil, Raymond		CC0_1_0	Université de Montréal Biodiversity Centre	McNeil, Raymond			2024-01-24T16:38:19.022Z	StillImage	COORDINATE_ROUNDED;INSTITUTION_MATCH_FUZZY;COLLECTION_MATCH_FUZZY;DIFFERENT_OWNER_INSTITUTION
1135067816	21705170-d2b6-42de-8904-c3bca4b83591	CMMF006361	Fungi	Basidiomycota	Agaricomycetes	Agaricales	Bolbitiaceae	Panaeolina	Panaeolina foenisecii		SPECIES	Panaeolus foenisecii (Pers.) J.Schröt.	Panaeolus foenisecii (Pers.) J. Schröt.	(Pers.) J. Schröt.	CA	Châteauguay	Québec	PRESENT		ff7bd5db-b724-4932-b496-10ea298851f9	45.3731	-73.737433	100.0						1979-08-08	8	8	1979	2526702	2526698	PRESERVED_SPECIMEN	Université de Montréal Biodiversity Centre	CMMF	CMMF006361	Inexistant	McNeil, Raymond		CC0_1_0	Université de Montréal Biodiversity Centre	McNeil, Raymond			2024-01-24T16:38:19.044Z	StillImage	COORDINATE_ROUNDED;INSTITUTION_MATCH_FUZZY;COLLECTION_MATCH_FUZZY;DIFFERENT_OWNER_INSTITUTION
1135066904	21705170-d2b6-42de-8904-c3bca4b83591	CMMF010309	Fungi	Basidiomycota	Agaricomycetes	Agaricales	Bolbitiaceae	Panaeolina	Panaeolina foenisecii		SPECIES	Panaeolus foenisecii (Pers.) J.Schröt.	Panaeolus foenisecii (Pers.) J. Schröt.	(Pers.) J. Schröt.	CA	Château Bigot, Québec.	Québec	PRESENT		ff7bd5db-b724-4932-b496-10ea298851f9	46.898375	-71.266801	2000.0						2008-06-21	21	6	2008	2526702	2526698	PRESERVED_SPECIMEN	Université de Montréal Biodiversity Centre	CMMF	CMMF010309	1895	Labrecque, Jacqueline		CC0_1_0	Université de Montréal Biodiversity Centre	Labrecque, Jacqueline			2024-01-24T16:38:21.581Z		INSTITUTION_MATCH_FUZZY;COLLECTION_MATCH_FUZZY;DIFFERENT_OWNER_INSTITUTION
1135066870	21705170-d2b6-42de-8904-c3bca4b83591	CMMF010327	Fungi	Basidiomycota	Agaricomycetes	Agaricales	Bolbitiaceae	Panaeolina	Panaeolina foenisecii		SPECIES	Panaeolus foenisecii (Pers.) J.Schröt.	Panaeolus foenisecii (Pers.) J. Schröt.	(Pers.) J. Schröt.	CA	Parc des Moulins, Québec.	Québec	PRESENT		ff7bd5db-b724-4932-b496-10ea298851f9	46.887678	-71.301288	600.0						2008-06-24	24	6	2008	2526702	2526698	PRESERVED_SPECIMEN	Université de Montréal Biodiversity Centre	CMMF	CMMF010327	1913	Labbé, Roland		CC0_1_0	Université de Montréal Biodiversity Centre	Labrecque, Jacqueline			2024-01-24T16:38:21.591Z		INSTITUTION_MATCH_FUZZY;COLLECTION_MATCH_FUZZY;DIFFERENT_OWNER_INSTITUTION
1135066747	21705170-d2b6-42de-8904-c3bca4b83591	CMMF010201	Fungi	Basidiomycota	Agaricomycetes	Agaricales	Bolbitiaceae	Panaeolina	Panaeolina foenisecii		SPECIES	Panaeolus foenisecii (Pers.) J.Schröt.	Panaeolus foenisecii (Pers.) J. Schröt.	(Pers.) J. Schröt.	CA	Saisonnier, Lac-Beauport.	Québec	PRESENT		ff7bd5db-b724-4932-b496-10ea298851f9	46.96324	-71.303223	5000.0						2007-10-11	11	10	2007	2526702	2526698	PRESERVED_SPECIMEN	Université de Montréal Biodiversity Centre	CMMF	CMMF010201	1787	Labrecque, Jacqueline		CC0_1_0	Université de Montréal Biodiversity Centre	Labrecque, Jacqueline			2024-01-24T16:38:21.499Z		INSTITUTION_MATCH_FUZZY;COLLECTION_MATCH_FUZZY;DIFFERENT_OWNER_INSTITUTION
1024558889	21705170-d2b6-42de-8904-c3bca4b83591	CMMF004498	Fungi	Basidiomycota	Agaricomycetes	Agaricales	Bolbitiaceae	Panaeolina	Panaeolina foenisecii		SPECIES	Panaeolus foenisecii (Pers.) J.Schröt.	Panaeolus foenisecii (Pers.) J. Schröt.	(Pers.) J. Schröt.	CA	Réserve écologique du Boisé-des-Muir, Hinchinbrooke.	Québec	PRESENT		ff7bd5db-b724-4932-b496-10ea298851f9	45.085166	-74.113352	10.0						2012-09-23	23	9	2012	2526702	2526698	PRESERVED_SPECIMEN	Université de Montréal Biodiversity Centre	CMMF	CMMF004498	527	Langlois, Annabelle		CC0_1_0	Université de Montréal Biodiversity Centre	Langlois, Annabelle; Lebeuf, Renée; Turgon, Jean-Pierre			2024-01-24T16:38:19.748Z		INSTITUTION_MATCH_FUZZY;COLLECTION_MATCH_FUZZY;DIFFERENT_OWNER_INSTITUTION
