gbifID	datasetKey	occurrenceID	kingdom	phylum	class	order	family	genus	species	infraspecificEpithet	taxonRank	scientificName	verbatimScientificName	verbatimScientificNameAuthorship	countryCode	locality	stateProvince	occurrenceStatus	individualCount	publishingOrgKey	decimalLatitude	decimalLongitude	coordinateUncertaintyInMeters	coordinatePrecision	elevation	elevationAccuracy	depth	depthAccuracy	eventDate	day	month	year	taxonKey	speciesKey	basisOfRecord	institutionCode	collectionCode	catalogNumber	recordNumber	identifiedBy	dateIdentified	license	rightsHolder	recordedBy	typeStatus	establishmentMeans	lastInterpreted	mediaType	issue
617553799	21705170-d2b6-42de-8904-c3bca4b83591	CMMF003764	Fungi	Basidiomycota	Agaricomycetes	Agaricales	Hygrophoraceae	Hygrocybe	Hygrocybe cuspidata		SPECIES	Hygrocybe cuspidata (Peck) Murrill	Hygrocybe cuspidata (Peck) Murrill	(Peck) Murrill	CA	Rawdon	Québec	PRESENT		ff7bd5db-b724-4932-b496-10ea298851f9	46.052398	-73.748752	11000.0						2003-07-30	30	7	2003	7616172	7616172	PRESERVED_SPECIMEN	Université de Montréal Biodiversity Centre	CMMF	CMMF003764		Lamoureux, Yves		CC0_1_0	Université de Montréal Biodiversity Centre	Lamoureux, Yves			2024-01-24T16:38:16.429Z	StillImage	INSTITUTION_MATCH_FUZZY;COLLECTION_MATCH_FUZZY;DIFFERENT_OWNER_INSTITUTION
617547991	21705170-d2b6-42de-8904-c3bca4b83591	CMMF000121	Fungi	Basidiomycota	Agaricomycetes	Agaricales	Hygrophoraceae	Hygrocybe	Hygrocybe cuspidata		SPECIES	Hygrocybe cuspidata (Peck) Murrill	Hygrocybe cuspidata (Peck) Murrill	(Peck) Murrill	CA	L'Assomption	Québec	PRESENT		ff7bd5db-b724-4932-b496-10ea298851f9	45.864396	-73.439575	9000.0						1988-07-30	30	7	1988	7616172	7616172	PRESERVED_SPECIMEN	Université de Montréal Biodiversity Centre	CMMF	CMMF000121		Lamoureux, Yves		CC0_1_0	Université de Montréal Biodiversity Centre	Laurendeau, Gabriel			2024-01-24T16:38:20.519Z	StillImage	INSTITUTION_MATCH_FUZZY;COLLECTION_MATCH_FUZZY;DIFFERENT_OWNER_INSTITUTION
617547525	21705170-d2b6-42de-8904-c3bca4b83591	CMMF001001	Fungi	Basidiomycota	Agaricomycetes	Agaricales	Hygrophoraceae	Hygrocybe	Hygrocybe cuspidata		SPECIES	Hygrocybe cuspidata (Peck) Murrill	Hygrocybe cuspidata (Peck) Murrill	(Peck) Murrill	CA	L'Assomption	Québec	PRESENT		ff7bd5db-b724-4932-b496-10ea298851f9	45.864396	-73.439575	9000.0						1990-07-12	12	7	1990	7616172	7616172	PRESERVED_SPECIMEN	Université de Montréal Biodiversity Centre	CMMF	CMMF001001		Lamoureux, Yves		CC0_1_0	Université de Montréal Biodiversity Centre	Lamoureux, Yves			2024-01-24T16:38:16.304Z	StillImage	INSTITUTION_MATCH_FUZZY;COLLECTION_MATCH_FUZZY;DIFFERENT_OWNER_INSTITUTION
4982181444	50c9509d-22c7-4a22-a47d-8c48425ef4a7	https://www.inaturalist.org/observations/232767424	Fungi	Basidiomycota	Agaricomycetes	Agaricales	Hygrophoraceae	Hygrocybe	Hygrocybe cuspidata		SPECIES	Hygrocybe cuspidata (Peck) Murrill	Hygrocybe cuspidata		CA		Québec	PRESENT		28eb1a3f-1c15-4a95-931a-4af90ecb574d	46.716894	-71.541671	170.0						2024-07-26T13:07	26	7	2024	7616172	7616172	HUMAN_OBSERVATION	iNaturalist	Observations	232767424		Lucie Guindon	2024-07-30T20:46:37	CC_BY_NC_4_0	Lucie Guindon	Lucie Guindon			2025-01-14T13:42:25.795Z	StillImage	CONTINENT_DERIVED_FROM_COORDINATES;TAXON_MATCH_TAXON_ID_IGNORED
4924182311	50c9509d-22c7-4a22-a47d-8c48425ef4a7	https://www.inaturalist.org/observations/234650140	Fungi	Basidiomycota	Agaricomycetes	Agaricales	Hygrophoraceae	Hygrocybe	Hygrocybe cuspidata		SPECIES	Hygrocybe cuspidata (Peck) Murrill	Hygrocybe cuspidata		CA		Québec	PRESENT		28eb1a3f-1c15-4a95-931a-4af90ecb574d	45.477741	-74.021359	3596.0						2024-08-06T15:37	6	8	2024	7616172	7616172	HUMAN_OBSERVATION	iNaturalist	Observations	234650140		Annabelle Langlois	2024-08-09T06:41:40	CC_BY_NC_4_0	Annabelle Langlois	Annabelle Langlois			2025-01-14T12:51:38.612Z	StillImage	COORDINATE_ROUNDED;CONTINENT_DERIVED_FROM_COORDINATES;TAXON_MATCH_TAXON_ID_IGNORED
4923778445	50c9509d-22c7-4a22-a47d-8c48425ef4a7	https://www.inaturalist.org/observations/235014065	Fungi	Basidiomycota	Agaricomycetes	Agaricales	Hygrophoraceae	Hygrocybe	Hygrocybe cuspidata		SPECIES	Hygrocybe cuspidata (Peck) Murrill	Hygrocybe cuspidata		CA		Ontario	PRESENT		28eb1a3f-1c15-4a95-931a-4af90ecb574d	45.270954	-74.687902	40.0						2024-08-10T11:55	10	8	2024	7616172	7616172	HUMAN_OBSERVATION	iNaturalist	Observations	235014065		jonathan_mack	2024-08-11T01:51:24	CC_BY_NC_4_0	jonathan_mack	jonathan_mack			2025-01-14T12:51:26.686Z	StillImage	COORDINATE_ROUNDED;CONTINENT_DERIVED_FROM_COORDINATES;TAXON_MATCH_TAXON_ID_IGNORED
4923682034	50c9509d-22c7-4a22-a47d-8c48425ef4a7	https://www.inaturalist.org/observations/159432955	Fungi	Basidiomycota	Agaricomycetes	Agaricales	Hygrophoraceae	Hygrocybe	Hygrocybe cuspidata		SPECIES	Hygrocybe cuspidata (Peck) Murrill	Hygrocybe cuspidata		CA		Ontario	PRESENT		28eb1a3f-1c15-4a95-931a-4af90ecb574d	45.277543	-75.893099	27190.0						2022-08-27T18:29	27	8	2022	7616172	7616172	HUMAN_OBSERVATION	iNaturalist	Observations	159432955		amanitamozart	2023-05-03T14:29:23	CC_BY_NC_4_0	amanitamozart	amanitamozart			2025-01-14T13:29:45.247Z	StillImage	COORDINATE_ROUNDED;CONTINENT_DERIVED_FROM_COORDINATES;TAXON_MATCH_TAXON_ID_IGNORED
4919330857	50c9509d-22c7-4a22-a47d-8c48425ef4a7	https://www.inaturalist.org/observations/179879173	Fungi	Basidiomycota	Agaricomycetes	Agaricales	Hygrophoraceae	Hygrocybe	Hygrocybe cuspidata		SPECIES	Hygrocybe cuspidata (Peck) Murrill	Hygrocybe cuspidata		CA		Ontario	PRESENT		28eb1a3f-1c15-4a95-931a-4af90ecb574d	45.439263	-76.026195	466.0						2023-08-23T10:52	23	8	2023	7616172	7616172	HUMAN_OBSERVATION	iNaturalist	Observations	179879173		Matt Welter	2023-10-19T17:42:07	CC_BY_NC_4_0	amanitamozart	amanitamozart			2025-01-14T13:29:07.343Z	StillImage	COORDINATE_ROUNDED;CONTINENT_DERIVED_FROM_COORDINATES;TAXON_MATCH_TAXON_ID_IGNORED
4919183393	50c9509d-22c7-4a22-a47d-8c48425ef4a7	https://www.inaturalist.org/observations/232410935	Fungi	Basidiomycota	Agaricomycetes	Agaricales	Hygrophoraceae	Hygrocybe	Hygrocybe cuspidata		SPECIES	Hygrocybe cuspidata (Peck) Murrill	Hygrocybe cuspidata		CA		Québec	PRESENT		28eb1a3f-1c15-4a95-931a-4af90ecb574d	45.568397	-75.647834	27158.0						2024-07-28T17:02:41	28	7	2024	7616172	7616172	HUMAN_OBSERVATION	iNaturalist	Observations	232410935		Josepha	2024-07-29T02:05:39	CC_BY_NC_4_0	Josepha	Josepha			2025-01-14T13:42:12.066Z	StillImage	COORDINATE_ROUNDED;CONTINENT_DERIVED_FROM_COORDINATES;TAXON_MATCH_TAXON_ID_IGNORED
4908038330	50c9509d-22c7-4a22-a47d-8c48425ef4a7	https://www.inaturalist.org/observations/228849649	Fungi	Basidiomycota	Agaricomycetes	Agaricales	Hygrophoraceae	Hygrocybe	Hygrocybe cuspidata		SPECIES	Hygrocybe cuspidata (Peck) Murrill	Hygrocybe cuspidata		CA		Ontario	PRESENT		28eb1a3f-1c15-4a95-931a-4af90ecb574d	45.252133	-75.702216	6.0						2024-07-12T12:15:24	12	7	2024	7616172	7616172	HUMAN_OBSERVATION	iNaturalist	Observations	228849649		airhart	2024-07-12T16:15:53	CC_BY_NC_4_0	airhart	airhart			2025-01-14T12:49:57.352Z	StillImage	COORDINATE_ROUNDED;CONTINENT_DERIVED_FROM_COORDINATES;TAXON_MATCH_TAXON_ID_IGNORED
4904030008	50c9509d-22c7-4a22-a47d-8c48425ef4a7	https://www.inaturalist.org/observations/226413514	Fungi	Basidiomycota	Agaricomycetes	Agaricales	Hygrophoraceae	Hygrocybe	Hygrocybe cuspidata		SPECIES	Hygrocybe cuspidata (Peck) Murrill	Hygrocybe cuspidata		CA		Ontario	PRESENT		28eb1a3f-1c15-4a95-931a-4af90ecb574d	45.257713	-76.151528							2024-06-30T15:16:59	30	6	2024	7616172	7616172	HUMAN_OBSERVATION	iNaturalist	Observations	226413514		wrenegade	2024-07-01T11:38:11	CC_BY_NC_4_0	Nina	Nina			2025-01-14T13:41:36.948Z	StillImage	COORDINATE_ROUNDED;CONTINENT_DERIVED_FROM_COORDINATES;TAXON_MATCH_TAXON_ID_IGNORED
4901190471	50c9509d-22c7-4a22-a47d-8c48425ef4a7	https://www.inaturalist.org/observations/178218539	Fungi	Basidiomycota	Agaricomycetes	Agaricales	Hygrophoraceae	Hygrocybe	Hygrocybe cuspidata		SPECIES	Hygrocybe cuspidata (Peck) Murrill	Hygrocybe cuspidata		CA		Québec	PRESENT		28eb1a3f-1c15-4a95-931a-4af90ecb574d	45.672358	-76.626167	64.0						2023-08-13T13:44:29	13	8	2023	7616172	7616172	HUMAN_OBSERVATION	iNaturalist	Observations	178218539		Carl Carson	2023-08-13T17:44:50	CC_BY_NC_4_0	Carl Carson	Carl Carson			2025-01-14T13:32:04.424Z	StillImage	COORDINATE_ROUNDED;CONTINENT_DERIVED_FROM_COORDINATES;TAXON_MATCH_TAXON_ID_IGNORED
4901035237	50c9509d-22c7-4a22-a47d-8c48425ef4a7	https://www.inaturalist.org/observations/56222959	Fungi	Basidiomycota	Agaricomycetes	Agaricales	Hygrophoraceae	Hygrocybe	Hygrocybe cuspidata		SPECIES	Hygrocybe cuspidata (Peck) Murrill	Hygrocybe cuspidata		CA		Québec	PRESENT		28eb1a3f-1c15-4a95-931a-4af90ecb574d	45.431362	-73.947043	8.0						2020-08-12T10:08:23	12	8	2020	7616172	7616172	HUMAN_OBSERVATION	iNaturalist	Observations	56222959		amanitamozart	2024-06-13T02:11:59	CC_BY_NC_4_0	inspector_crow	inspector_crow			2025-01-14T13:12:24.277Z	StillImage	COORDINATE_ROUNDED;CONTINENT_DERIVED_FROM_COORDINATES;TAXON_MATCH_TAXON_ID_IGNORED
4500566442	50c9509d-22c7-4a22-a47d-8c48425ef4a7	https://www.inaturalist.org/observations/182098525	Fungi	Basidiomycota	Agaricomycetes	Agaricales	Hygrophoraceae	Hygrocybe	Hygrocybe cuspidata		SPECIES	Hygrocybe cuspidata (Peck) Murrill	Hygrocybe cuspidata		CA		Québec	PRESENT		28eb1a3f-1c15-4a95-931a-4af90ecb574d	45.432239	-73.942733	610.0						2023-09-06T09:09:33	6	9	2023	7616172	7616172	HUMAN_OBSERVATION	iNaturalist	Observations	182098525		animalindentifier-1	2023-09-06T20:33:29	CC_BY_NC_4_0	animalindentifier-1	animalindentifier-1			2025-01-14T12:39:32.380Z	StillImage	COORDINATE_ROUNDED;CONTINENT_DERIVED_FROM_COORDINATES;TAXON_MATCH_TAXON_ID_IGNORED
4442564772	50c9509d-22c7-4a22-a47d-8c48425ef4a7	https://www.inaturalist.org/observations/174949986	Fungi	Basidiomycota	Agaricomycetes	Agaricales	Hygrophoraceae	Hygrocybe	Hygrocybe cuspidata		SPECIES	Hygrocybe cuspidata (Peck) Murrill	Hygrocybe cuspidata		CA		Ontario	PRESENT		28eb1a3f-1c15-4a95-931a-4af90ecb574d	45.056259	-75.674694	6.0						2023-07-25T19:14:58	25	7	2023	7616172	7616172	HUMAN_OBSERVATION	iNaturalist	Observations	174949986		jaimerocks99	2023-07-25T23:17:05	CC_BY_NC_4_0	jaimerocks99	jaimerocks99			2025-01-14T13:41:07.271Z	StillImage	COORDINATE_ROUNDED;CONTINENT_DERIVED_FROM_COORDINATES;TAXON_MATCH_TAXON_ID_IGNORED
4442492820	50c9509d-22c7-4a22-a47d-8c48425ef4a7	https://www.inaturalist.org/observations/171760931	Fungi	Basidiomycota	Agaricomycetes	Agaricales	Hygrophoraceae	Hygrocybe	Hygrocybe cuspidata		SPECIES	Hygrocybe cuspidata (Peck) Murrill	Hygrocybe cuspidata		CA		Ontario	PRESENT		28eb1a3f-1c15-4a95-931a-4af90ecb574d	45.297695	-75.823625	5.0						2023-07-08T10:15:31	8	7	2023	7616172	7616172	HUMAN_OBSERVATION	iNaturalist	Observations	171760931		Derek Dunnett	2023-07-08T15:45:20	CC_BY_NC_4_0	Derek Dunnett	Derek Dunnett			2025-01-14T12:39:12.881Z	StillImage	CONTINENT_DERIVED_FROM_COORDINATES;TAXON_MATCH_TAXON_ID_IGNORED
4442350880	50c9509d-22c7-4a22-a47d-8c48425ef4a7	https://www.inaturalist.org/observations/180604546	Fungi	Basidiomycota	Agaricomycetes	Agaricales	Hygrophoraceae	Hygrocybe	Hygrocybe cuspidata		SPECIES	Hygrocybe cuspidata (Peck) Murrill	Hygrocybe cuspidata		CA		Ontario	PRESENT		28eb1a3f-1c15-4a95-931a-4af90ecb574d	45.482583	-76.222731	975.0						2023-08-09T15:05:59	9	8	2023	7616172	7616172	HUMAN_OBSERVATION	iNaturalist	Observations	180604546		fitzroyambassador	2023-08-28T12:16:44	CC_BY_NC_4_0	fitzroyambassador	fitzroyambassador			2025-01-14T12:40:28.879Z	StillImage	COORDINATE_ROUNDED;CONTINENT_DERIVED_FROM_COORDINATES;TAXON_MATCH_TAXON_ID_IGNORED
4430852968	50c9509d-22c7-4a22-a47d-8c48425ef4a7	https://www.inaturalist.org/observations/133251777	Fungi	Basidiomycota	Agaricomycetes	Agaricales	Hygrophoraceae	Hygrocybe	Hygrocybe cuspidata		SPECIES	Hygrocybe cuspidata (Peck) Murrill	Hygrocybe cuspidata		CA		Ontario	PRESENT		28eb1a3f-1c15-4a95-931a-4af90ecb574d	45.064114	-76.027672	24.0						2022-09-01T16:02:20	1	9	2022	7616172	7616172	HUMAN_OBSERVATION	iNaturalist	Observations	133251777		amanitamozart	2023-06-13T23:16:16	CC_BY_NC_4_0	pamgraydon	pamgraydon			2025-01-14T13:20:42.209Z	StillImage	COORDINATE_ROUNDED;CONTINENT_DERIVED_FROM_COORDINATES;TAXON_MATCH_TAXON_ID_IGNORED
4424303432	50c9509d-22c7-4a22-a47d-8c48425ef4a7	https://www.inaturalist.org/observations/131908349	Fungi	Basidiomycota	Agaricomycetes	Agaricales	Hygrophoraceae	Hygrocybe	Hygrocybe cuspidata		SPECIES	Hygrocybe cuspidata (Peck) Murrill	Hygrocybe cuspidata		CA		Ontario	PRESENT		28eb1a3f-1c15-4a95-931a-4af90ecb574d	45.287755	-75.904849	27190.0						2022-08-22T08:40	22	8	2022	7616172	7616172	HUMAN_OBSERVATION	iNaturalist	Observations	131908349		amanitamozart	2022-08-22T17:22:35	CC_BY_NC_4_0	amanitamozart	amanitamozart			2025-01-14T13:25:21.344Z	StillImage	COORDINATE_ROUNDED;CONTINENT_DERIVED_FROM_COORDINATES;TAXON_MATCH_TAXON_ID_IGNORED
4424214404	50c9509d-22c7-4a22-a47d-8c48425ef4a7	https://www.inaturalist.org/observations/131908350	Fungi	Basidiomycota	Agaricomycetes	Agaricales	Hygrophoraceae	Hygrocybe	Hygrocybe cuspidata		SPECIES	Hygrocybe cuspidata (Peck) Murrill	Hygrocybe cuspidata		CA		Ontario	PRESENT		28eb1a3f-1c15-4a95-931a-4af90ecb574d	45.362953	-76.004104	6395.0						2022-08-21T17:54	21	8	2022	7616172	7616172	HUMAN_OBSERVATION	iNaturalist	Observations	131908350		amanitamozart	2022-08-22T17:22:36	CC_BY_NC_4_0	amanitamozart	amanitamozart			2025-01-14T13:19:25.008Z	StillImage	COORDINATE_ROUNDED;CONTINENT_DERIVED_FROM_COORDINATES;TAXON_MATCH_TAXON_ID_IGNORED
4424128770	50c9509d-22c7-4a22-a47d-8c48425ef4a7	https://www.inaturalist.org/observations/173483685	Fungi	Basidiomycota	Agaricomycetes	Agaricales	Hygrophoraceae	Hygrocybe	Hygrocybe cuspidata		SPECIES	Hygrocybe cuspidata (Peck) Murrill	Hygrocybe cuspidata		CA		Ontario	PRESENT		28eb1a3f-1c15-4a95-931a-4af90ecb574d	45.31434	-75.9415	27190.0						2023-07-17T16:38:10	17	7	2023	7616172	7616172	HUMAN_OBSERVATION	iNaturalist	Observations	173483685		amanitamozart	2023-07-19T18:55:45	CC_BY_NC_4_0	amanitamozart	amanitamozart			2025-01-14T12:39:26.819Z	StillImage	COORDINATE_ROUNDED;CONTINENT_DERIVED_FROM_COORDINATES;TAXON_MATCH_TAXON_ID_IGNORED
4417220747	50c9509d-22c7-4a22-a47d-8c48425ef4a7	https://www.inaturalist.org/observations/185036267	Fungi	Basidiomycota	Agaricomycetes	Agaricales	Hygrophoraceae	Hygrocybe	Hygrocybe cuspidata		SPECIES	Hygrocybe cuspidata (Peck) Murrill	Hygrocybe cuspidata		CA		Québec	PRESENT		28eb1a3f-1c15-4a95-931a-4af90ecb574d	45.500633	-73.766613	15.0						2023-07-24T13:30	24	7	2023	7616172	7616172	HUMAN_OBSERVATION	iNaturalist	Observations	185036267		Kira H	2023-09-26T18:25:31	CC_BY_NC_4_0	jestre	jestre			2025-01-14T12:44:10.953Z	StillImage	COORDINATE_ROUNDED;CONTINENT_DERIVED_FROM_COORDINATES;TAXON_MATCH_TAXON_ID_IGNORED
4417184416	50c9509d-22c7-4a22-a47d-8c48425ef4a7	https://www.inaturalist.org/observations/184793530	Fungi	Basidiomycota	Agaricomycetes	Agaricales	Hygrophoraceae	Hygrocybe	Hygrocybe cuspidata		SPECIES	Hygrocybe cuspidata (Peck) Murrill	Hygrocybe cuspidata		CA		Québec	PRESENT		28eb1a3f-1c15-4a95-931a-4af90ecb574d	45.620526	-74.193671	27126.0						2023-09-24T10:21:22	24	9	2023	7616172	7616172	HUMAN_OBSERVATION	iNaturalist	Observations	184793530		Lori Pearson	2023-09-25T00:51:46	CC_BY_NC_4_0	Lori Pearson	Lori Pearson			2025-01-14T13:33:17.025Z	StillImage	COORDINATE_ROUNDED;CONTINENT_DERIVED_FROM_COORDINATES;TAXON_MATCH_TAXON_ID_IGNORED
4413525577	50c9509d-22c7-4a22-a47d-8c48425ef4a7	https://www.inaturalist.org/observations/136502668	Fungi	Basidiomycota	Agaricomycetes	Agaricales	Hygrophoraceae	Hygrocybe	Hygrocybe cuspidata		SPECIES	Hygrocybe cuspidata (Peck) Murrill	Hygrocybe cuspidata		CA		Ontario	PRESENT		28eb1a3f-1c15-4a95-931a-4af90ecb574d	45.21627	-75.917699	27190.0						2022-09-14T13:23	14	9	2022	7616172	7616172	HUMAN_OBSERVATION	iNaturalist	Observations	136502668		amanitamozart	2022-09-25T22:43:44	CC_BY_NC_4_0	amanitamozart	amanitamozart			2025-01-14T13:25:51.752Z	StillImage	COORDINATE_ROUNDED;CONTINENT_DERIVED_FROM_COORDINATES;TAXON_MATCH_TAXON_ID_IGNORED
4405347511	50c9509d-22c7-4a22-a47d-8c48425ef4a7	https://www.inaturalist.org/observations/180718758	Fungi	Basidiomycota	Agaricomycetes	Agaricales	Hygrophoraceae	Hygrocybe	Hygrocybe cuspidata		SPECIES	Hygrocybe cuspidata (Peck) Murrill	Hygrocybe cuspidata		CA		Ontario	PRESENT		28eb1a3f-1c15-4a95-931a-4af90ecb574d	45.024112	-75.164421							2023-08-28T17:40:16	28	8	2023	7616172	7616172	HUMAN_OBSERVATION	iNaturalist	Observations	180718758		brianbarkley	2023-08-29T03:02:14	CC_BY_NC_4_0	brianbarkley	brianbarkley			2025-01-14T12:40:07.587Z	StillImage	COORDINATE_ROUNDED;CONTINENT_DERIVED_FROM_COORDINATES;TAXON_MATCH_TAXON_ID_IGNORED
4400116416	50c9509d-22c7-4a22-a47d-8c48425ef4a7	https://www.inaturalist.org/observations/133244409	Fungi	Basidiomycota	Agaricomycetes	Agaricales	Hygrophoraceae	Hygrocybe	Hygrocybe cuspidata		SPECIES	Hygrocybe cuspidata (Peck) Murrill	Hygrocybe cuspidata		CA		Ontario	PRESENT		28eb1a3f-1c15-4a95-931a-4af90ecb574d	45.331662	-75.869098							2022-08-30T11:24:09	30	8	2022	7616172	7616172	HUMAN_OBSERVATION	iNaturalist	Observations	133244409		amanitamozart	2023-06-14T21:17:47	CC_BY_NC_4_0	Ty	Ty			2025-01-14T12:33:02.071Z	StillImage	CONTINENT_DERIVED_FROM_COORDINATES;TAXON_MATCH_TAXON_ID_IGNORED
4172216307	50c9509d-22c7-4a22-a47d-8c48425ef4a7	https://www.inaturalist.org/observations/177068028	Fungi	Basidiomycota	Agaricomycetes	Agaricales	Hygrophoraceae	Hygrocybe	Hygrocybe cuspidata		SPECIES	Hygrocybe cuspidata (Peck) Murrill	Hygrocybe cuspidata		CA		Ontario	PRESENT		28eb1a3f-1c15-4a95-931a-4af90ecb574d	45.147668	-76.238507	142.0						2023-08-05T12:18	5	8	2023	7616172	7616172	HUMAN_OBSERVATION	iNaturalist	Observations	177068028		jonathan_mack	2023-08-06T22:57:33	CC_BY_NC_4_0	jonathan_mack	jonathan_mack			2025-01-14T12:37:42.432Z	StillImage	COORDINATE_ROUNDED;CONTINENT_DERIVED_FROM_COORDINATES;TAXON_MATCH_TAXON_ID_IGNORED
4172187398	50c9509d-22c7-4a22-a47d-8c48425ef4a7	https://www.inaturalist.org/observations/176768832	Fungi	Basidiomycota	Agaricomycetes	Agaricales	Hygrophoraceae	Hygrocybe	Hygrocybe cuspidata		SPECIES	Hygrocybe cuspidata (Peck) Murrill	Hygrocybe cuspidata		CA		Québec	PRESENT		28eb1a3f-1c15-4a95-931a-4af90ecb574d	45.750915	-75.970117	8.0						2023-08-05T10:05:33	5	8	2023	7616172	7616172	HUMAN_OBSERVATION	iNaturalist	Observations	176768832		janebarton	2023-08-05T14:07:52	CC_BY_NC_4_0	janebarton	janebarton			2025-01-14T13:32:20.918Z	StillImage	COORDINATE_ROUNDED;CONTINENT_DERIVED_FROM_COORDINATES;TAXON_MATCH_TAXON_ID_IGNORED
4172131261	50c9509d-22c7-4a22-a47d-8c48425ef4a7	https://www.inaturalist.org/observations/176021294	Fungi	Basidiomycota	Agaricomycetes	Agaricales	Hygrophoraceae	Hygrocybe	Hygrocybe cuspidata		SPECIES	Hygrocybe cuspidata (Peck) Murrill	Hygrocybe cuspidata		CA		Québec	PRESENT		28eb1a3f-1c15-4a95-931a-4af90ecb574d	45.451373	-75.727643	27158.0						2023-07-30T11:13	30	7	2023	7616172	7616172	HUMAN_OBSERVATION	iNaturalist	Observations	176021294		Josepha	2023-07-31T23:37:05	CC_BY_NC_4_0	Josepha	Josepha			2025-01-14T13:32:12.246Z	StillImage	COORDINATE_ROUNDED;CONTINENT_DERIVED_FROM_COORDINATES;TAXON_MATCH_TAXON_ID_IGNORED
4171999481	50c9509d-22c7-4a22-a47d-8c48425ef4a7	https://www.inaturalist.org/observations/176535485	Fungi	Basidiomycota	Agaricomycetes	Agaricales	Hygrophoraceae	Hygrocybe	Hygrocybe cuspidata		SPECIES	Hygrocybe cuspidata (Peck) Murrill	Hygrocybe cuspidata		CA		Québec	PRESENT		28eb1a3f-1c15-4a95-931a-4af90ecb574d	45.994153	-75.945733	242.0						2023-08-03T20:00:54	3	8	2023	7616172	7616172	HUMAN_OBSERVATION	iNaturalist	Observations	176535485		bastijau	2023-08-04T01:47:22	CC_BY_NC_4_0	bastijau	bastijau			2025-01-14T13:32:19.167Z	StillImage	COORDINATE_ROUNDED;CONTINENT_DERIVED_FROM_COORDINATES;TAXON_MATCH_TAXON_ID_IGNORED
4171957820	50c9509d-22c7-4a22-a47d-8c48425ef4a7	https://www.inaturalist.org/observations/175826499	Fungi	Basidiomycota	Agaricomycetes	Agaricales	Hygrophoraceae	Hygrocybe	Hygrocybe cuspidata		SPECIES	Hygrocybe cuspidata (Peck) Murrill	Hygrocybe cuspidata		CA		Ontario	PRESENT		28eb1a3f-1c15-4a95-931a-4af90ecb574d	45.462795	-76.257903	4.0						2023-07-30T16:58:04	30	7	2023	7616172	7616172	HUMAN_OBSERVATION	iNaturalist	Observations	175826499		emma_macc_attack	2023-07-30T22:21:27	CC_BY_NC_4_0	emma_macc_attack	emma_macc_attack			2025-01-14T12:37:09.881Z	StillImage	COORDINATE_ROUNDED;CONTINENT_DERIVED_FROM_COORDINATES;TAXON_MATCH_TAXON_ID_IGNORED
4171933831	50c9509d-22c7-4a22-a47d-8c48425ef4a7	https://www.inaturalist.org/observations/176208388	Fungi	Basidiomycota	Agaricomycetes	Agaricales	Hygrophoraceae	Hygrocybe	Hygrocybe cuspidata		SPECIES	Hygrocybe cuspidata (Peck) Murrill	Hygrocybe cuspidata		CA		Ontario	PRESENT		28eb1a3f-1c15-4a95-931a-4af90ecb574d	45.447825	-75.686227	2.0						2023-08-01T17:46	1	8	2023	7616172	7616172	HUMAN_OBSERVATION	iNaturalist	Observations	176208388		Nicolas Schwab	2023-08-02T01:46:03	CC_BY_4_0	christine123	christine123			2025-01-14T13:32:12.016Z	StillImage	COORDINATE_ROUNDED;CONTINENT_DERIVED_FROM_COORDINATES;TAXON_MATCH_TAXON_ID_IGNORED
4171914069	50c9509d-22c7-4a22-a47d-8c48425ef4a7	https://www.inaturalist.org/observations/176021573	Fungi	Basidiomycota	Agaricomycetes	Agaricales	Hygrophoraceae	Hygrocybe	Hygrocybe cuspidata		SPECIES	Hygrocybe cuspidata (Peck) Murrill	Hygrocybe cuspidata		CA		Québec	PRESENT		28eb1a3f-1c15-4a95-931a-4af90ecb574d	45.480144	-73.761483	198.0						2023-07-16T15:51:19	16	7	2023	7616172	7616172	HUMAN_OBSERVATION	iNaturalist	Observations	176021573		Domenico Cooke	2023-07-31T23:39:14	CC_BY_NC_4_0	Domenico Cooke	Domenico Cooke			2025-01-14T13:31:53.989Z	StillImage	COORDINATE_ROUNDED;CONTINENT_DERIVED_FROM_COORDINATES;TAXON_MATCH_TAXON_ID_IGNORED
4171891913	50c9509d-22c7-4a22-a47d-8c48425ef4a7	https://www.inaturalist.org/observations/175842884	Fungi	Basidiomycota	Agaricomycetes	Agaricales	Hygrophoraceae	Hygrocybe	Hygrocybe cuspidata		SPECIES	Hygrocybe cuspidata (Peck) Murrill	Hygrocybe cuspidata		CA		Ontario	PRESENT		28eb1a3f-1c15-4a95-931a-4af90ecb574d	45.306421	-75.840195	61.0						2023-07-29T15:18	29	7	2023	7616172	7616172	HUMAN_OBSERVATION	iNaturalist	Observations	175842884		Stewart Zeyl	2023-07-30T23:57:34	CC_BY_NC_4_0	Stewart Zeyl	Stewart Zeyl			2025-01-14T12:41:11.456Z	StillImage	COORDINATE_ROUNDED;CONTINENT_DERIVED_FROM_COORDINATES;TAXON_MATCH_TAXON_ID_IGNORED
4171864221	50c9509d-22c7-4a22-a47d-8c48425ef4a7	https://www.inaturalist.org/observations/175944546	Fungi	Basidiomycota	Agaricomycetes	Agaricales	Hygrophoraceae	Hygrocybe	Hygrocybe cuspidata		SPECIES	Hygrocybe cuspidata (Peck) Murrill	Hygrocybe cuspidata		CA		Québec	PRESENT		28eb1a3f-1c15-4a95-931a-4af90ecb574d	45.497563	-75.741596	9.0						2023-07-31T11:23:48	31	7	2023	7616172	7616172	HUMAN_OBSERVATION	iNaturalist	Observations	175944546		steezydan	2023-07-31T15:25:07	CC_BY_NC_4_0	steezydan	steezydan			2025-01-14T13:26:05.611Z	StillImage	COORDINATE_ROUNDED;CONTINENT_DERIVED_FROM_COORDINATES;TAXON_MATCH_TAXON_ID_IGNORED
4171797816	50c9509d-22c7-4a22-a47d-8c48425ef4a7	https://www.inaturalist.org/observations/175796779	Fungi	Basidiomycota	Agaricomycetes	Agaricales	Hygrophoraceae	Hygrocybe	Hygrocybe cuspidata		SPECIES	Hygrocybe cuspidata (Peck) Murrill	Hygrocybe cuspidata		CA		Ontario	PRESENT		28eb1a3f-1c15-4a95-931a-4af90ecb574d	45.200008	-75.979775	4.0						2023-07-30T14:26:09	30	7	2023	7616172	7616172	HUMAN_OBSERVATION	iNaturalist	Observations	175796779		Keith Seifert	2023-07-30T19:43:38	CC0_1_0	Keith Seifert	Keith Seifert			2025-01-14T12:38:06.247Z	StillImage	COORDINATE_ROUNDED;CONTINENT_DERIVED_FROM_COORDINATES;TAXON_MATCH_TAXON_ID_IGNORED
4171783100	50c9509d-22c7-4a22-a47d-8c48425ef4a7	https://www.inaturalist.org/observations/176079753	Fungi	Basidiomycota	Agaricomycetes	Agaricales	Hygrophoraceae	Hygrocybe	Hygrocybe cuspidata		SPECIES	Hygrocybe cuspidata (Peck) Murrill	Hygrocybe cuspidata		CA		Québec	PRESENT		28eb1a3f-1c15-4a95-931a-4af90ecb574d	45.468705	-75.811263	160.0						2023-07-29T08:48:04	29	7	2023	7616172	7616172	HUMAN_OBSERVATION	iNaturalist	Observations	176079753		amanitamozart	2023-08-01T12:17:37	CC_BY_NC_4_0	Nick Tinker	Nick Tinker			2025-01-14T13:31:37.093Z	StillImage	COORDINATE_ROUNDED;CONTINENT_DERIVED_FROM_COORDINATES;TAXON_MATCH_TAXON_ID_IGNORED
4171760303	50c9509d-22c7-4a22-a47d-8c48425ef4a7	https://www.inaturalist.org/observations/175634487	Fungi	Basidiomycota	Agaricomycetes	Agaricales	Hygrophoraceae	Hygrocybe	Hygrocybe cuspidata		SPECIES	Hygrocybe cuspidata (Peck) Murrill	Hygrocybe cuspidata		CA		Québec	PRESENT		28eb1a3f-1c15-4a95-931a-4af90ecb574d	45.490532	-75.625392							2023-07-29T12:42	29	7	2023	7616172	7616172	HUMAN_OBSERVATION	iNaturalist	Observations	175634487		jonathan_mack	2023-07-29T23:29:32	CC_BY_NC_4_0	jonathan_mack	jonathan_mack			2025-01-14T12:43:05.735Z	StillImage	COORDINATE_ROUNDED;CONTINENT_DERIVED_FROM_COORDINATES;TAXON_MATCH_TAXON_ID_IGNORED
4171570393	50c9509d-22c7-4a22-a47d-8c48425ef4a7	https://www.inaturalist.org/observations/174696106	Fungi	Basidiomycota	Agaricomycetes	Agaricales	Hygrophoraceae	Hygrocybe	Hygrocybe cuspidata		SPECIES	Hygrocybe cuspidata (Peck) Murrill	Hygrocybe cuspidata		CA		Ontario	PRESENT		28eb1a3f-1c15-4a95-931a-4af90ecb574d	45.314007	-75.858947	31.0						2023-07-24T10:02	24	7	2023	7616172	7616172	HUMAN_OBSERVATION	iNaturalist	Observations	174696106		Stewart Zeyl	2023-07-24T15:35:21	CC_BY_NC_4_0	Stewart Zeyl	Stewart Zeyl			2025-01-14T13:31:36.807Z	StillImage	COORDINATE_ROUNDED;CONTINENT_DERIVED_FROM_COORDINATES;TAXON_MATCH_TAXON_ID_IGNORED
4171528977	50c9509d-22c7-4a22-a47d-8c48425ef4a7	https://www.inaturalist.org/observations/175369179	Fungi	Basidiomycota	Agaricomycetes	Agaricales	Hygrophoraceae	Hygrocybe	Hygrocybe cuspidata		SPECIES	Hygrocybe cuspidata (Peck) Murrill	Hygrocybe cuspidata		CA		Québec	PRESENT		28eb1a3f-1c15-4a95-931a-4af90ecb574d	45.655352	-75.674404	4.0						2023-07-28T09:57:31	28	7	2023	7616172	7616172	HUMAN_OBSERVATION	iNaturalist	Observations	175369179		thrinley	2023-07-28T13:57:55	CC_BY_NC_4_0	thrinley	thrinley			2025-01-14T12:38:23.140Z	StillImage	COORDINATE_ROUNDED;CONTINENT_DERIVED_FROM_COORDINATES;TAXON_MATCH_TAXON_ID_IGNORED
4171491637	50c9509d-22c7-4a22-a47d-8c48425ef4a7	https://www.inaturalist.org/observations/175206928	Fungi	Basidiomycota	Agaricomycetes	Agaricales	Hygrophoraceae	Hygrocybe	Hygrocybe cuspidata		SPECIES	Hygrocybe cuspidata (Peck) Murrill	Hygrocybe cuspidata		CA		Québec	PRESENT		28eb1a3f-1c15-4a95-931a-4af90ecb574d	45.51462	-73.879083	399.0						2023-07-22T11:45	22	7	2023	7616172	7616172	HUMAN_OBSERVATION	iNaturalist	Observations	175206928		John Guerin	2023-07-27T14:18:04	CC_BY_NC_4_0	John Guerin	John Guerin			2025-01-14T12:43:40.984Z	StillImage	COORDINATE_ROUNDED;CONTINENT_DERIVED_FROM_COORDINATES;TAXON_MATCH_TAXON_ID_IGNORED
4171379988	50c9509d-22c7-4a22-a47d-8c48425ef4a7	https://www.inaturalist.org/observations/175572905	Fungi	Basidiomycota	Agaricomycetes	Agaricales	Hygrophoraceae	Hygrocybe	Hygrocybe cuspidata		SPECIES	Hygrocybe cuspidata (Peck) Murrill	Hygrocybe cuspidata		CA		Québec	PRESENT		28eb1a3f-1c15-4a95-931a-4af90ecb574d	45.670196	-74.411034	8.0						2023-07-29T13:16:28	29	7	2023	7616172	7616172	HUMAN_OBSERVATION	iNaturalist	Observations	175572905		Stephanie Christ	2023-07-29T17:17:43	CC_BY_NC_4_0	Stephanie Christ	Stephanie Christ			2025-01-14T12:40:06.737Z	StillImage	COORDINATE_ROUNDED;CONTINENT_DERIVED_FROM_COORDINATES;TAXON_MATCH_TAXON_ID_IGNORED
4171191247	50c9509d-22c7-4a22-a47d-8c48425ef4a7	https://www.inaturalist.org/observations/174609925	Fungi	Basidiomycota	Agaricomycetes	Agaricales	Hygrophoraceae	Hygrocybe	Hygrocybe cuspidata		SPECIES	Hygrocybe cuspidata (Peck) Murrill	Hygrocybe cuspidata		CA		Québec	PRESENT		28eb1a3f-1c15-4a95-931a-4af90ecb574d	45.49985	-73.586037	5.0						2023-07-22T18:55:24	22	7	2023	7616172	7616172	HUMAN_OBSERVATION	iNaturalist	Observations	174609925		betulabeetle	2023-07-24T02:17:13	CC_BY_NC_4_0	betulabeetle	betulabeetle			2025-01-14T12:42:50.050Z	StillImage	COORDINATE_ROUNDED;CONTINENT_DERIVED_FROM_COORDINATES;TAXON_MATCH_TAXON_ID_IGNORED
4162459600	50c9509d-22c7-4a22-a47d-8c48425ef4a7	https://www.inaturalist.org/observations/172881710	Fungi	Basidiomycota	Agaricomycetes	Agaricales	Hygrophoraceae	Hygrocybe	Hygrocybe cuspidata		SPECIES	Hygrocybe cuspidata (Peck) Murrill	Hygrocybe cuspidata		CA		Ontario	PRESENT		28eb1a3f-1c15-4a95-931a-4af90ecb574d	45.539442	-77.533009							2023-07-14T11:15:31	14	7	2023	7616172	7616172	HUMAN_OBSERVATION	iNaturalist	Observations	172881710		Laura	2023-07-14T18:22:02	CC_BY_NC_4_0	Laura	Laura			2025-01-14T12:39:22.933Z	StillImage	CONTINENT_DERIVED_FROM_COORDINATES;TAXON_MATCH_TAXON_ID_IGNORED
4162392577	50c9509d-22c7-4a22-a47d-8c48425ef4a7	https://www.inaturalist.org/observations/172841685	Fungi	Basidiomycota	Agaricomycetes	Agaricales	Hygrophoraceae	Hygrocybe	Hygrocybe cuspidata		SPECIES	Hygrocybe cuspidata (Peck) Murrill	Hygrocybe cuspidata		CA		Québec	PRESENT		28eb1a3f-1c15-4a95-931a-4af90ecb574d	45.507218	-73.878178	4.0						2023-07-14T10:01:23	14	7	2023	7616172	7616172	HUMAN_OBSERVATION	iNaturalist	Observations	172841685		heika	2023-07-14T14:02:05	CC0_1_0	heika	heika			2025-01-14T12:37:07.329Z	StillImage	COORDINATE_ROUNDED;CONTINENT_DERIVED_FROM_COORDINATES;TAXON_MATCH_TAXON_ID_IGNORED
4153808025	50c9509d-22c7-4a22-a47d-8c48425ef4a7	https://www.inaturalist.org/observations/171735736	Fungi	Basidiomycota	Agaricomycetes	Agaricales	Hygrophoraceae	Hygrocybe	Hygrocybe cuspidata		SPECIES	Hygrocybe cuspidata (Peck) Murrill	Hygrocybe cuspidata		CA		Ontario	PRESENT		28eb1a3f-1c15-4a95-931a-4af90ecb574d	45.253983	-75.75321	27190.0						2023-07-02T12:02:25	2	7	2023	7616172	7616172	HUMAN_OBSERVATION	iNaturalist	Observations	171735736		evelynayre	2023-07-08T13:33:35	CC_BY_NC_4_0	evelynayre	evelynayre			2025-01-14T12:38:02.722Z	StillImage	COORDINATE_ROUNDED;CONTINENT_DERIVED_FROM_COORDINATES;TAXON_MATCH_TAXON_ID_IGNORED
4153561844	50c9509d-22c7-4a22-a47d-8c48425ef4a7	https://www.inaturalist.org/observations/172339129	Fungi	Basidiomycota	Agaricomycetes	Agaricales	Hygrophoraceae	Hygrocybe	Hygrocybe cuspidata		SPECIES	Hygrocybe cuspidata (Peck) Murrill	Hygrocybe cuspidata		CA		Québec	PRESENT		28eb1a3f-1c15-4a95-931a-4af90ecb574d	45.683463	-73.752158	6.0						2023-07-11T10:19:41	11	7	2023	7616172	7616172	HUMAN_OBSERVATION	iNaturalist	Observations	172339129		louschraeder	2023-07-11T14:39:20	CC_BY_NC_4_0	louschraeder	louschraeder			2025-01-14T12:42:38.761Z	StillImage	COORDINATE_ROUNDED;CONTINENT_DERIVED_FROM_COORDINATES;TAXON_MATCH_TAXON_ID_IGNORED
4138080327	50c9509d-22c7-4a22-a47d-8c48425ef4a7	https://www.inaturalist.org/observations/59143209	Fungi	Basidiomycota	Agaricomycetes	Agaricales	Hygrophoraceae	Hygrocybe	Hygrocybe cuspidata		SPECIES	Hygrocybe cuspidata (Peck) Murrill	Hygrocybe cuspidata		CA		Ontario	PRESENT		28eb1a3f-1c15-4a95-931a-4af90ecb574d	45.463527	-75.656604	1377.0						2020-09-10T11:14:02	10	9	2020	7616172	7616172	HUMAN_OBSERVATION	iNaturalist	Observations	59143209		amanitamozart	2023-06-14T20:50:16	CC_BY_NC_4_0	David Thomas Glover	David Thomas Glover			2025-01-14T13:03:42.906Z	StillImage	COORDINATE_ROUNDED;CONTINENT_DERIVED_FROM_COORDINATES;TAXON_MATCH_TAXON_ID_IGNORED
4137677468	50c9509d-22c7-4a22-a47d-8c48425ef4a7	https://www.inaturalist.org/observations/87627987	Fungi	Basidiomycota	Agaricomycetes	Agaricales	Hygrophoraceae	Hygrocybe	Hygrocybe cuspidata		SPECIES	Hygrocybe cuspidata (Peck) Murrill	Hygrocybe cuspidata		CA		Ontario	PRESENT		28eb1a3f-1c15-4a95-931a-4af90ecb574d	45.346283	-75.585245	12.0						2021-07-18T16:58:18	18	7	2021	7616172	7616172	HUMAN_OBSERVATION	iNaturalist	Observations	87627987		amanitamozart	2023-06-14T21:11:29	CC_BY_NC_4_0	staingen	staingen			2025-01-14T13:13:17.713Z	StillImage	COORDINATE_ROUNDED;CONTINENT_DERIVED_FROM_COORDINATES;TAXON_MATCH_TAXON_ID_IGNORED
4137582406	50c9509d-22c7-4a22-a47d-8c48425ef4a7	https://www.inaturalist.org/observations/56275086	Fungi	Basidiomycota	Agaricomycetes	Agaricales	Hygrophoraceae	Hygrocybe	Hygrocybe cuspidata		SPECIES	Hygrocybe cuspidata (Peck) Murrill	Hygrocybe cuspidata		CA		Québec	PRESENT		28eb1a3f-1c15-4a95-931a-4af90ecb574d	45.540976	-73.328076							2020-08-12T17:40	12	8	2020	7616172	7616172	HUMAN_OBSERVATION	iNaturalist	Observations	56275086		amanitamozart	2023-06-27T23:19:00	CC_BY_NC_4_0	Philippe Hénault	Philippe Hénault			2025-01-14T12:14:42.780Z	StillImage	COORDINATE_ROUNDED;CONTINENT_DERIVED_FROM_COORDINATES;TAXON_MATCH_TAXON_ID_IGNORED
4137569442	50c9509d-22c7-4a22-a47d-8c48425ef4a7	https://www.inaturalist.org/observations/58233341	Fungi	Basidiomycota	Agaricomycetes	Agaricales	Hygrophoraceae	Hygrocybe	Hygrocybe cuspidata		SPECIES	Hygrocybe cuspidata (Peck) Murrill	Hygrocybe cuspidata		CA		Ontario	PRESENT		28eb1a3f-1c15-4a95-931a-4af90ecb574d	45.285262	-76.793245	9.0						2020-09-01T08:19:57	1	9	2020	7616172	7616172	HUMAN_OBSERVATION	iNaturalist	Observations	58233341		cinna_latifolia	2021-01-13T03:37:58	CC_BY_NC_4_0	ggloor	ggloor			2025-01-14T12:15:03.675Z	StillImage	COORDINATE_ROUNDED;CONTINENT_DERIVED_FROM_COORDINATES;TAXON_MATCH_TAXON_ID_IGNORED
4133769440	50c9509d-22c7-4a22-a47d-8c48425ef4a7	https://www.inaturalist.org/observations/136316594	Fungi	Basidiomycota	Agaricomycetes	Agaricales	Hygrophoraceae	Hygrocybe	Hygrocybe cuspidata		SPECIES	Hygrocybe cuspidata (Peck) Murrill	Hygrocybe cuspidata		CA		Québec	PRESENT		28eb1a3f-1c15-4a95-931a-4af90ecb574d	45.639975	-75.933391	8.0						2022-09-24T14:47:32	24	9	2022	7616172	7616172	HUMAN_OBSERVATION	iNaturalist	Observations	136316594		thrinley	2022-09-24T18:48:19	CC_BY_NC_4_0	thrinley	thrinley			2025-01-14T12:32:01.097Z	StillImage	COORDINATE_ROUNDED;CONTINENT_DERIVED_FROM_COORDINATES;TAXON_MATCH_TAXON_ID_IGNORED
4133758443	50c9509d-22c7-4a22-a47d-8c48425ef4a7	https://www.inaturalist.org/observations/132546669	Fungi	Basidiomycota	Agaricomycetes	Agaricales	Hygrophoraceae	Hygrocybe	Hygrocybe cuspidata		SPECIES	Hygrocybe cuspidata (Peck) Murrill	Hygrocybe cuspidata		CA		Ontario	PRESENT		28eb1a3f-1c15-4a95-931a-4af90ecb574d	45.310203	-75.854246	61.0						2022-08-26T18:41	26	8	2022	7616172	7616172	HUMAN_OBSERVATION	iNaturalist	Observations	132546669		Stewart Zeyl	2022-08-28T11:01:06	CC_BY_NC_4_0	Stewart Zeyl	Stewart Zeyl			2025-01-14T13:25:05.840Z	StillImage	COORDINATE_ROUNDED;CONTINENT_DERIVED_FROM_COORDINATES;TAXON_MATCH_TAXON_ID_IGNORED
4133733642	50c9509d-22c7-4a22-a47d-8c48425ef4a7	https://www.inaturalist.org/observations/164139758	Fungi	Basidiomycota	Agaricomycetes	Agaricales	Hygrophoraceae	Hygrocybe	Hygrocybe cuspidata		SPECIES	Hygrocybe cuspidata (Peck) Murrill	Hygrocybe cuspidata		CA		Québec	PRESENT		28eb1a3f-1c15-4a95-931a-4af90ecb574d	46.545961	-72.409441	15.0						2020-08-21T13:15	21	8	2020	7616172	7616172	HUMAN_OBSERVATION	iNaturalist	Observations	164139758		marc-andre_	2023-05-28T04:09:50	CC_BY_NC_4_0	marc-andre_	marc-andre_			2025-01-14T13:24:28.421Z	StillImage	CONTINENT_DERIVED_FROM_COORDINATES;TAXON_MATCH_TAXON_ID_IGNORED
4133683314	50c9509d-22c7-4a22-a47d-8c48425ef4a7	https://www.inaturalist.org/observations/62549124	Fungi	Basidiomycota	Agaricomycetes	Agaricales	Hygrophoraceae	Hygrocybe	Hygrocybe cuspidata		SPECIES	Hygrocybe cuspidata (Peck) Murrill	Hygrocybe cuspidata		CA		Québec	PRESENT		28eb1a3f-1c15-4a95-931a-4af90ecb574d	45.760433	-75.943722	124.0						2020-08-23T11:07	23	8	2020	7616172	7616172	HUMAN_OBSERVATION	iNaturalist	Observations	62549124		cinna_latifolia	2021-01-04T20:23:13	CC_BY_NC_4_0	Brett	Brett			2025-01-14T12:16:15.737Z	StillImage	COORDINATE_ROUNDED;CONTINENT_DERIVED_FROM_COORDINATES;TAXON_MATCH_TAXON_ID_IGNORED
4133659429	50c9509d-22c7-4a22-a47d-8c48425ef4a7	https://www.inaturalist.org/observations/131326108	Fungi	Basidiomycota	Agaricomycetes	Agaricales	Hygrophoraceae	Hygrocybe	Hygrocybe cuspidata		SPECIES	Hygrocybe cuspidata (Peck) Murrill	Hygrocybe cuspidata		CA		Ontario	PRESENT		28eb1a3f-1c15-4a95-931a-4af90ecb574d	45.416042	-76.083969	9.0						2022-08-17T15:06:49	17	8	2022	7616172	7616172	HUMAN_OBSERVATION	iNaturalist	Observations	131326108		cbeeton	2022-08-18T13:17:37	CC_BY_NC_4_0	cbeeton	cbeeton			2025-01-14T12:31:48.777Z	StillImage	COORDINATE_ROUNDED;CONTINENT_DERIVED_FROM_COORDINATES;TAXON_MATCH_TAXON_ID_IGNORED
4133644362	50c9509d-22c7-4a22-a47d-8c48425ef4a7	https://www.inaturalist.org/observations/89801068	Fungi	Basidiomycota	Agaricomycetes	Agaricales	Hygrophoraceae	Hygrocybe	Hygrocybe cuspidata		SPECIES	Hygrocybe cuspidata (Peck) Murrill	Hygrocybe cuspidata		CA		Ontario	PRESENT		28eb1a3f-1c15-4a95-931a-4af90ecb574d	45.179713	-76.327063	6.0						2021-07-28T11:19:20	28	7	2021	7616172	7616172	HUMAN_OBSERVATION	iNaturalist	Observations	89801068		cinna_latifolia	2021-08-07T01:56:40	CC_BY_NC_4_0	sylviamiller	sylviamiller			2025-01-14T12:20:56.696Z	StillImage	COORDINATE_ROUNDED;CONTINENT_DERIVED_FROM_COORDINATES;TAXON_MATCH_TAXON_ID_IGNORED
4133607450	50c9509d-22c7-4a22-a47d-8c48425ef4a7	https://www.inaturalist.org/observations/124279497	Fungi	Basidiomycota	Agaricomycetes	Agaricales	Hygrophoraceae	Hygrocybe	Hygrocybe cuspidata		SPECIES	Hygrocybe cuspidata (Peck) Murrill	Hygrocybe cuspidata		CA		Québec	PRESENT		28eb1a3f-1c15-4a95-931a-4af90ecb574d	45.506317	-73.762198	118.0						2022-07-01T12:44:47	1	7	2022	7616172	7616172	HUMAN_OBSERVATION	iNaturalist	Observations	124279497		cinna_latifolia	2022-07-02T05:41:24	CC_BY_NC_4_0	a_alfieri	a_alfieri			2025-01-14T12:29:59.077Z	StillImage	COORDINATE_ROUNDED;CONTINENT_DERIVED_FROM_COORDINATES;TAXON_MATCH_TAXON_ID_IGNORED
4133600373	50c9509d-22c7-4a22-a47d-8c48425ef4a7	https://www.inaturalist.org/observations/87673416	Fungi	Basidiomycota	Agaricomycetes	Agaricales	Hygrophoraceae	Hygrocybe	Hygrocybe cuspidata		SPECIES	Hygrocybe cuspidata (Peck) Murrill	Hygrocybe cuspidata		CA		Québec	PRESENT		28eb1a3f-1c15-4a95-931a-4af90ecb574d	45.387592	-74.193375	61.0						2021-07-18T00:39	18	7	2021	7616172	7616172	HUMAN_OBSERVATION	iNaturalist	Observations	87673416		Bink June	2021-08-05T00:28:03	CC_BY_NC_4_0	Bink June	Bink June			2025-01-14T12:19:25.699Z	StillImage	COORDINATE_ROUNDED;CONTINENT_DERIVED_FROM_COORDINATES;TAXON_MATCH_TAXON_ID_IGNORED
4133590365	50c9509d-22c7-4a22-a47d-8c48425ef4a7	https://www.inaturalist.org/observations/129896924	Fungi	Basidiomycota	Agaricomycetes	Agaricales	Hygrophoraceae	Hygrocybe	Hygrocybe cuspidata		SPECIES	Hygrocybe cuspidata (Peck) Murrill	Hygrocybe cuspidata		CA		Québec	PRESENT		28eb1a3f-1c15-4a95-931a-4af90ecb574d	45.804675	-74.025208	5.0						2022-08-07T10:16:56	7	8	2022	7616172	7616172	HUMAN_OBSERVATION	iNaturalist	Observations	129896924		pmlviens	2022-08-07T22:11:27	CC_BY_NC_4_0	pmlviens	pmlviens			2025-01-14T13:23:02.482Z	StillImage	COORDINATE_ROUNDED;CONTINENT_DERIVED_FROM_COORDINATES;TAXON_MATCH_TAXON_ID_IGNORED
4129926317	50c9509d-22c7-4a22-a47d-8c48425ef4a7	https://www.inaturalist.org/observations/55547181	Fungi	Basidiomycota	Agaricomycetes	Agaricales	Hygrophoraceae	Hygrocybe	Hygrocybe cuspidata		SPECIES	Hygrocybe cuspidata (Peck) Murrill	Hygrocybe cuspidata		CA		Ontario	PRESENT		28eb1a3f-1c15-4a95-931a-4af90ecb574d	45.353262	-75.873872	8.0						2020-08-05T17:18:44	5	8	2020	7616172	7616172	HUMAN_OBSERVATION	iNaturalist	Observations	55547181		amanitamozart	2023-06-03T01:00:14	CC_BY_NC_4_0	William C Schmidt	William C Schmidt			2025-01-14T12:14:07.622Z	StillImage	COORDINATE_ROUNDED;CONTINENT_DERIVED_FROM_COORDINATES;TAXON_MATCH_TAXON_ID_IGNORED
4129799449	50c9509d-22c7-4a22-a47d-8c48425ef4a7	https://www.inaturalist.org/observations/128796099	Fungi	Basidiomycota	Agaricomycetes	Agaricales	Hygrophoraceae	Hygrocybe	Hygrocybe cuspidata		SPECIES	Hygrocybe cuspidata (Peck) Murrill	Hygrocybe cuspidata		CA		Québec	PRESENT		28eb1a3f-1c15-4a95-931a-4af90ecb574d	45.419963	-75.836075	10.0						2022-07-29T11:40:33	29	7	2022	7616172	7616172	HUMAN_OBSERVATION	iNaturalist	Observations	128796099		amanitamozart	2023-06-01T03:30:59	CC_BY_NC_4_0	Lynn Ovenden	Lynn Ovenden			2025-01-14T12:30:53.761Z	StillImage	COORDINATE_ROUNDED;CONTINENT_DERIVED_FROM_COORDINATES;TAXON_MATCH_TAXON_ID_IGNORED
4129669325	50c9509d-22c7-4a22-a47d-8c48425ef4a7	https://www.inaturalist.org/observations/56938225	Fungi	Basidiomycota	Agaricomycetes	Agaricales	Hygrophoraceae	Hygrocybe	Hygrocybe cuspidata		SPECIES	Hygrocybe cuspidata (Peck) Murrill	Hygrocybe cuspidata		CA		Ontario	PRESENT		28eb1a3f-1c15-4a95-931a-4af90ecb574d	45.422815	-75.697193	67314.0						2020-08-19T07:55:46	19	8	2020	7616172	7616172	HUMAN_OBSERVATION	iNaturalist	Observations	56938225		amanitamozart	2023-06-02T23:31:26	CC_BY_NC_4_0	sacics	sacics			2025-01-14T13:10:25.507Z	StillImage	COORDINATE_ROUNDED;CONTINENT_DERIVED_FROM_COORDINATES;TAXON_MATCH_TAXON_ID_IGNORED
4126993779	50c9509d-22c7-4a22-a47d-8c48425ef4a7	https://www.inaturalist.org/observations/136178525	Fungi	Basidiomycota	Agaricomycetes	Agaricales	Hygrophoraceae	Hygrocybe	Hygrocybe cuspidata		SPECIES	Hygrocybe cuspidata (Peck) Murrill	Hygrocybe cuspidata		CA		Ontario	PRESENT		28eb1a3f-1c15-4a95-931a-4af90ecb574d	45.03975	-75.669258	3.0						2022-09-23T12:55:45	23	9	2022	7616172	7616172	HUMAN_OBSERVATION	iNaturalist	Observations	136178525		KellyB	2022-09-23T17:20:09	CC_BY_NC_4_0	KellyB	KellyB			2025-01-14T13:25:36.201Z	StillImage	COORDINATE_ROUNDED;CONTINENT_DERIVED_FROM_COORDINATES;TAXON_MATCH_TAXON_ID_IGNORED
4126833579	50c9509d-22c7-4a22-a47d-8c48425ef4a7	https://www.inaturalist.org/observations/135180720	Fungi	Basidiomycota	Agaricomycetes	Agaricales	Hygrophoraceae	Hygrocybe	Hygrocybe cuspidata		SPECIES	Hygrocybe cuspidata (Peck) Murrill	Hygrocybe cuspidata		CA		Ontario	PRESENT		28eb1a3f-1c15-4a95-931a-4af90ecb574d	45.14741	-74.774863	90.0						2022-09-15T16:45	15	9	2022	7616172	7616172	HUMAN_OBSERVATION	iNaturalist	Observations	135180720		cdewerowe	2022-09-15T22:33:59	CC_BY_NC_4_0	cdewerowe	cdewerowe			2025-01-14T13:25:38.919Z	StillImage	COORDINATE_ROUNDED;CONTINENT_DERIVED_FROM_COORDINATES;TAXON_MATCH_TAXON_ID_IGNORED
4126750552	50c9509d-22c7-4a22-a47d-8c48425ef4a7	https://www.inaturalist.org/observations/89712050	Fungi	Basidiomycota	Agaricomycetes	Agaricales	Hygrophoraceae	Hygrocybe	Hygrocybe cuspidata		SPECIES	Hygrocybe cuspidata (Peck) Murrill	Hygrocybe cuspidata		CA		Ontario	PRESENT		28eb1a3f-1c15-4a95-931a-4af90ecb574d	45.0546	-76.112717	5.0						2021-08-02T18:35:33	2	8	2021	7616172	7616172	HUMAN_OBSERVATION	iNaturalist	Observations	89712050		cinna_latifolia	2022-05-13T07:55:14	CC_BY_NC_4_0	Windstone Farm	Windstone Farm			2025-01-14T13:13:27.206Z	StillImage	COORDINATE_ROUNDED;CONTINENT_DERIVED_FROM_COORDINATES;TAXON_MATCH_TAXON_ID_IGNORED
4100050663	d1a3b128-b406-46bb-a6d1-f3591dcc8a7b	b0b83cc7-0443-409d-b2d8-118da7efe244	Fungi	Basidiomycota	Agaricomycetes	Agaricales	Hygrophoraceae	Hygrocybe	Hygrocybe cuspidata		SPECIES	Hygrophorus cuspidatus Peck	Hygrophorus cuspidatus	Peck	CA	North Gower	Ontario	PRESENT		e43cf4b8-849e-4fac-b075-e652d019d2cf	45.153056	-75.682778	301.0						1969-08-21	21	8	1969	2538680	7616172	PRESERVED_SPECIMEN	BPI		BPI 760963		Groves, J. W.		CC0_1_0		Groves, J. W.; Elliott, M. E.; Ginns, J. H.			2025-01-15T04:59:41.894Z		GEODETIC_DATUM_ASSUMED_WGS84;CONTINENT_DERIVED_FROM_COORDINATES;TAXON_MATCH_TAXON_ID_IGNORED;INSTITUTION_MATCH_FUZZY
4028769028	50c9509d-22c7-4a22-a47d-8c48425ef4a7	https://www.inaturalist.org/observations/135064011	Fungi	Basidiomycota	Agaricomycetes	Agaricales	Hygrophoraceae	Hygrocybe	Hygrocybe cuspidata		SPECIES	Hygrocybe cuspidata (Peck) Murrill	Hygrocybe cuspidata		CA		Ontario	PRESENT		28eb1a3f-1c15-4a95-931a-4af90ecb574d	45.462183	-76.263197	183.0						2022-09-14T14:40	14	9	2022	7616172	7616172	HUMAN_OBSERVATION	iNaturalist	Observations	135064011		M. Squire	2022-09-15T01:00:57	CC0_1_0	M. Squire	M. Squire			2025-01-14T12:33:41.388Z	StillImage	COORDINATE_ROUNDED;CONTINENT_DERIVED_FROM_COORDINATES;TAXON_MATCH_TAXON_ID_IGNORED
4028748947	50c9509d-22c7-4a22-a47d-8c48425ef4a7	https://www.inaturalist.org/observations/135064012	Fungi	Basidiomycota	Agaricomycetes	Agaricales	Hygrophoraceae	Hygrocybe	Hygrocybe cuspidata		SPECIES	Hygrocybe cuspidata (Peck) Murrill	Hygrocybe cuspidata		CA		Ontario	PRESENT		28eb1a3f-1c15-4a95-931a-4af90ecb574d	45.462183	-76.263197	183.0						2022-09-14T14:40	14	9	2022	7616172	7616172	HUMAN_OBSERVATION	iNaturalist	Observations	135064012		M. Squire	2022-09-15T01:00:57	CC0_1_0	M. Squire	M. Squire			2025-01-14T12:32:35.761Z	StillImage	COORDINATE_ROUNDED;CONTINENT_DERIVED_FROM_COORDINATES;TAXON_MATCH_TAXON_ID_IGNORED
4028705697	50c9509d-22c7-4a22-a47d-8c48425ef4a7	https://www.inaturalist.org/observations/145372218	Fungi	Basidiomycota	Agaricomycetes	Agaricales	Hygrophoraceae	Hygrocybe	Hygrocybe cuspidata		SPECIES	Hygrocybe cuspidata (Peck) Murrill	Hygrocybe cuspidata		CA		Ontario	PRESENT		28eb1a3f-1c15-4a95-931a-4af90ecb574d	45.354906	-75.618822	61.0						2018-08-18T13:12	18	8	2018	7616172	7616172	HUMAN_OBSERVATION	iNaturalist	Observations	145372218		cinna_latifolia	2023-01-04T05:34:45	CC_BY_4_0	christine123	christine123			2025-01-14T12:33:26.633Z	StillImage	COORDINATE_ROUNDED;CONTINENT_DERIVED_FROM_COORDINATES;TAXON_MATCH_TAXON_ID_IGNORED
4023661345	fb9d7c38-5759-4c30-9e09-5b6bd43f78a6	http://id.luomus.fi/MY.11929494	Fungi	Basidiomycota	Agaricomycetes	Agaricales	Hygrophoraceae	Hygrocybe	Hygrocybe cuspidata		SPECIES	Hygrocybe cuspidata (Peck) Murrill	Hygrocybe cuspidata (Peck) Murrill		CA		Ontario	PRESENT		04fd2e13-6881-4e5c-9dd1-8fdd9ab993c1	45.13	-75.71							1967-07-13T00:00Z	13	7	1967	7616172	7616172	PRESERVED_SPECIMEN	H		http://id.luomus.fi/HA.H7073963		Elliott, M.E.		CC_BY_4_0		Lin, C. W.;Elliott, M. E.			2025-01-17T02:41:15.852Z		CONTINENT_DERIVED_FROM_COORDINATES;COLLECTION_MATCH_NONE;INSTITUTION_MATCH_FUZZY
4023661327	fb9d7c38-5759-4c30-9e09-5b6bd43f78a6	http://id.luomus.fi/MY.11929498	Fungi	Basidiomycota	Agaricomycetes	Agaricales	Hygrophoraceae	Hygrocybe	Hygrocybe cuspidata		SPECIES	Hygrocybe cuspidata (Peck) Murrill	Hygrocybe cuspidata (Peck) Murrill		CA		Ontario	PRESENT		04fd2e13-6881-4e5c-9dd1-8fdd9ab993c1	45.13	-75.71							1969-08-31T00:00Z	31	8	1969	7616172	7616172	PRESERVED_SPECIMEN	H		http://id.luomus.fi/HA.H7073964		Groves, J.W.		CC_BY_4_0		Ginns, J. H.;Elliott, M. E.;Groves, J. W.			2025-01-17T02:41:15.840Z		CONTINENT_DERIVED_FROM_COORDINATES;COLLECTION_MATCH_NONE;INSTITUTION_MATCH_FUZZY
3902125858	50c9509d-22c7-4a22-a47d-8c48425ef4a7	https://www.inaturalist.org/observations/124439391	Fungi	Basidiomycota	Agaricomycetes	Agaricales	Hygrophoraceae	Hygrocybe	Hygrocybe cuspidata		SPECIES	Hygrocybe cuspidata (Peck) Murrill	Hygrocybe cuspidata		CA		Ontario	PRESENT		28eb1a3f-1c15-4a95-931a-4af90ecb574d	45.898684	-77.289188	29904.0						2020-08-06T11:57	6	8	2020	7616172	7616172	HUMAN_OBSERVATION	iNaturalist	Observations	124439391		brooklynneking	2022-07-02T19:47:29	CC_BY_NC_4_0	brooklynneking	brooklynneking			2025-01-14T13:22:52.527Z	StillImage	COORDINATE_ROUNDED;CONTINENT_DERIVED_FROM_COORDINATES;TAXON_MATCH_TAXON_ID_IGNORED
3859224561	50c9509d-22c7-4a22-a47d-8c48425ef4a7	https://www.inaturalist.org/observations/57548540	Fungi	Basidiomycota	Agaricomycetes	Agaricales	Hygrophoraceae	Hygrocybe	Hygrocybe cuspidata		SPECIES	Hygrocybe cuspidata (Peck) Murrill	Hygrocybe cuspidata		CA		Ontario	PRESENT		28eb1a3f-1c15-4a95-931a-4af90ecb574d	45.216177	-76.170682	27190.0						2020-08-25T11:08:58	25	8	2020	7616172	7616172	HUMAN_OBSERVATION	iNaturalist	Observations	57548540		cinna_latifolia	2022-05-13T20:11:33	CC_BY_NC_4_0	kimhendley	kimhendley			2025-01-14T12:14:33.235Z	StillImage	COORDINATE_ROUNDED;CONTINENT_DERIVED_FROM_COORDINATES;TAXON_MATCH_TAXON_ID_IGNORED
3330418040	50c9509d-22c7-4a22-a47d-8c48425ef4a7	https://www.inaturalist.org/observations/87673414	Fungi	Basidiomycota	Agaricomycetes	Agaricales	Hygrophoraceae	Hygrocybe	Hygrocybe cuspidata		SPECIES	Hygrocybe cuspidata (Peck) Murrill	Hygrocybe cuspidata		CA		Québec	PRESENT		28eb1a3f-1c15-4a95-931a-4af90ecb574d	45.387592	-74.193375	61.0						2021-07-18T00:39	18	7	2021	7616172	7616172	HUMAN_OBSERVATION	iNaturalist	Observations	87673414		cinna_latifolia	2021-07-25T04:15:04	CC_BY_NC_4_0	Bink June	Bink June			2025-01-14T12:19:35.829Z	StillImage	COORDINATE_ROUNDED;CONTINENT_DERIVED_FROM_COORDINATES;TAXON_MATCH_TAXON_ID_IGNORED
2873807482	50c9509d-22c7-4a22-a47d-8c48425ef4a7	https://www.inaturalist.org/observations/58788049	Fungi	Basidiomycota	Agaricomycetes	Agaricales	Hygrophoraceae	Hygrocybe	Hygrocybe cuspidata		SPECIES	Hygrocybe cuspidata (Peck) Murrill	Hygrocybe cuspidata		CA		Québec	PRESENT		28eb1a3f-1c15-4a95-931a-4af90ecb574d	46.185865	-76.037631	3369.0						2020-08-22T15:53:57	22	8	2020	7616172	7616172	HUMAN_OBSERVATION	iNaturalist	Observations	58788049		mycowalt	2020-09-07T01:11:13	CC_BY_NC_4_0	emcox4	emcox4			2025-01-14T13:05:34.188Z	StillImage	COORDINATE_ROUNDED;CONTINENT_DERIVED_FROM_COORDINATES;TAXON_MATCH_TAXON_ID_IGNORED
2850909918	50c9509d-22c7-4a22-a47d-8c48425ef4a7	https://www.inaturalist.org/observations/56576063	Fungi	Basidiomycota	Agaricomycetes	Agaricales	Hygrophoraceae	Hygrocybe	Hygrocybe cuspidata		SPECIES	Hygrocybe cuspidata (Peck) Murrill	Hygrocybe cuspidata		CA		Québec	PRESENT		28eb1a3f-1c15-4a95-931a-4af90ecb574d	45.541706	-73.320412							2020-08-15T13:37	15	8	2020	7616172	7616172	HUMAN_OBSERVATION	iNaturalist	Observations	56576063		Paula DeSanto	2020-08-16T00:04:17	CC_BY_NC_4_0	wingycheung	wingycheung			2025-01-14T13:10:28.734Z	StillImage	COORDINATE_ROUNDED;CONTINENT_DERIVED_FROM_COORDINATES;TAXON_MATCH_TAXON_ID_IGNORED
1701558148	39bd4817-9530-4341-a918-4f16b8db1419	UdeM:CMMF:Blitz2017:128	Fungi	Basidiomycota	Agaricomycetes	Agaricales	Hygrophoraceae	Hygrocybe	Hygrocybe cuspidata		SPECIES	Hygrocybe cuspidata (Peck) Murrill	Hygrocybe cuspidata (Peck) Murrill, 1916	(Peck) Murrill, 1916	CA	Parc des Chutes de Sainte-Ursule	Québec	PRESENT		ff7bd5db-b724-4932-b496-10ea298851f9	46.300422	-73.094321	500.0						2017-08-09	9	8	2017	7616172	7616172	HUMAN_OBSERVATION	Université de Montréal Biodiversity Centre	CMMF			Raymond Archambault et Joseph Nuzzolese	2017-08-09T00:00:00	CC0_1_0		IRBV's graduate students			2024-01-24T17:29:10.660Z		
1412709025	21705170-d2b6-42de-8904-c3bca4b83591	CMMF017512	Fungi	Basidiomycota	Agaricomycetes	Agaricales	Hygrophoraceae	Hygrocybe	Hygrocybe cuspidata		SPECIES	Hygrophorus cuspidatus Peck	Hygrophorus cuspidatus Peck	Peck	CA	Arboretum Morgan A, Québec.	Québec	PRESENT		ff7bd5db-b724-4932-b496-10ea298851f9	45.43	-73.946667	2500.0						1980-08-20	20	8	1980	2538680	7616172	PRESERVED_SPECIMEN	Université de Montréal Biodiversity Centre	CMMF	CMMF017512	1980-389	Haméon, G.		CC0_1_0	Université de Montréal Biodiversity Centre	Haméon, G.			2024-01-24T16:38:15.780Z		COORDINATE_ROUNDED;INSTITUTION_MATCH_FUZZY;COLLECTION_MATCH_FUZZY;DIFFERENT_OWNER_INSTITUTION
1024558859	21705170-d2b6-42de-8904-c3bca4b83591	CMMF004497	Fungi	Basidiomycota	Agaricomycetes	Agaricales	Hygrophoraceae	Hygrocybe	Hygrocybe cuspidata		SPECIES	Hygrocybe cuspidata (Peck) Murrill	Hygrocybe cuspidata (Peck) Murrill	(Peck) Murrill	CA	Réserve écologique du Boisé-des-Muir, Hinchinbrooke.	Québec	PRESENT		ff7bd5db-b724-4932-b496-10ea298851f9	45.085166	-74.113352	10.0						2012-09-23	23	9	2012	7616172	7616172	PRESERVED_SPECIMEN	Université de Montréal Biodiversity Centre	CMMF	CMMF004497	526	Lebeuf, Renée		CC0_1_0	Université de Montréal Biodiversity Centre	Langlois, Annabelle; Lebeuf, Renée; Turgon, Jean-Pierre			2024-01-24T16:38:19.746Z		INSTITUTION_MATCH_FUZZY;COLLECTION_MATCH_FUZZY;DIFFERENT_OWNER_INSTITUTION
