gbifID	datasetKey	occurrenceID	kingdom	phylum	class	order	family	genus	species	infraspecificEpithet	taxonRank	scientificName	verbatimScientificName	verbatimScientificNameAuthorship	countryCode	locality	stateProvince	occurrenceStatus	individualCount	publishingOrgKey	decimalLatitude	decimalLongitude	coordinateUncertaintyInMeters	coordinatePrecision	elevation	elevationAccuracy	depth	depthAccuracy	eventDate	day	month	year	taxonKey	speciesKey	basisOfRecord	institutionCode	collectionCode	catalogNumber	recordNumber	identifiedBy	dateIdentified	license	rightsHolder	recordedBy	typeStatus	establishmentMeans	lastInterpreted	mediaType	issue
617555295	21705170-d2b6-42de-8904-c3bca4b83591	CMMF000741	Fungi	Basidiomycota	Agaricomycetes	Agaricales	Amanitaceae	Amanita	Amanita wellsii		SPECIES	Amanita wellsii (Murrill) Murrill	Amanita wellsii (Murrill) Murrill	(Murrill) Murrill	CA	Rawdon	Québec	PRESENT		ff7bd5db-b724-4932-b496-10ea298851f9	46.052398	-73.748752	11000.0						1989-09-09	9	9	1989	5451733	5451733	PRESERVED_SPECIMEN	Université de Montréal Biodiversity Centre	CMMF	CMMF000741		Alary, Antoine		CC0_1_0	Université de Montréal Biodiversity Centre	unknown			2024-01-24T16:38:20.215Z	StillImage	INSTITUTION_MATCH_FUZZY;COLLECTION_MATCH_FUZZY;DIFFERENT_OWNER_INSTITUTION
617552120	21705170-d2b6-42de-8904-c3bca4b83591	CMMF000301	Fungi	Basidiomycota	Agaricomycetes	Agaricales	Amanitaceae	Amanita	Amanita wellsii		SPECIES	Amanita wellsii (Murrill) Murrill	Amanita wellsii (Murrill) Murrill	(Murrill) Murrill	CA	Contrecoeur	Québec	PRESENT		ff7bd5db-b724-4932-b496-10ea298851f9	45.876777	-73.209987	12000.0						1988-09-04	4	9	1988	5451733	5451733	PRESERVED_SPECIMEN	Université de Montréal Biodiversity Centre	CMMF	CMMF000301		Farnesi, Carlo		CC0_1_0	Université de Montréal Biodiversity Centre	Farnesi, Carlo			2024-01-24T16:38:20.768Z	StillImage	INSTITUTION_MATCH_FUZZY;COLLECTION_MATCH_FUZZY;DIFFERENT_OWNER_INSTITUTION
617551724	21705170-d2b6-42de-8904-c3bca4b83591	CMMF002830	Fungi	Basidiomycota	Agaricomycetes	Agaricales	Amanitaceae	Amanita	Amanita wellsii		SPECIES	Amanita wellsii (Murrill) Murrill	Amanita wellsii (Murrill) Murrill	(Murrill) Murrill	CA	Saint-Roch-sur-Richelieu	Québec	PRESENT		ff7bd5db-b724-4932-b496-10ea298851f9	45.891936	-73.179027	4000.0						1996-07-20	20	7	1996	5451733	5451733	PRESERVED_SPECIMEN	Université de Montréal Biodiversity Centre	CMMF	CMMF002830		Lamoureux, Yves		CC0_1_0	Université de Montréal Biodiversity Centre	Lamoureux, Yves			2024-01-24T16:38:20.632Z	StillImage	INSTITUTION_MATCH_FUZZY;COLLECTION_MATCH_FUZZY;DIFFERENT_OWNER_INSTITUTION
4980746294	50c9509d-22c7-4a22-a47d-8c48425ef4a7	https://www.inaturalist.org/observations/59726666	Fungi	Basidiomycota	Agaricomycetes	Agaricales	Amanitaceae	Amanita	Amanita wellsii		SPECIES	Amanita wellsii (Murrill) Murrill	Amanita wellsii		CA		Ontario	PRESENT		28eb1a3f-1c15-4a95-931a-4af90ecb574d	45.225392	-78.590255	10.0						2020-08-13T15:04:14	13	8	2020	5451733	5451733	HUMAN_OBSERVATION	iNaturalist	Observations	59726666		amanitamozart	2024-04-29T04:34:37	CC_BY_NC_4_0	Hannah Mews	Hannah Mews			2025-01-14T13:10:00.655Z	StillImage	COORDINATE_ROUNDED;CONTINENT_DERIVED_FROM_COORDINATES;TAXON_MATCH_TAXON_ID_IGNORED
4980541791	50c9509d-22c7-4a22-a47d-8c48425ef4a7	https://www.inaturalist.org/observations/55949938	Fungi	Basidiomycota	Agaricomycetes	Agaricales	Amanitaceae	Amanita	Amanita wellsii		SPECIES	Amanita wellsii (Murrill) Murrill	Amanita wellsii		CA		Ontario	PRESENT		28eb1a3f-1c15-4a95-931a-4af90ecb574d	46.277763	-79.115464	8.0						2020-08-09T15:22:18	9	8	2020	5451733	5451733	HUMAN_OBSERVATION	iNaturalist	Observations	55949938		amanitamozart	2023-11-24T14:21:38	CC_BY_NC_4_0	anndaley	anndaley			2025-01-14T12:14:59.749Z	StillImage	COORDINATE_ROUNDED;CONTINENT_DERIVED_FROM_COORDINATES;TAXON_MATCH_TAXON_ID_IGNORED
4974124950	50c9509d-22c7-4a22-a47d-8c48425ef4a7	https://www.inaturalist.org/observations/247822852	Fungi	Basidiomycota	Agaricomycetes	Agaricales	Amanitaceae	Amanita	Amanita wellsii		SPECIES	Amanita wellsii (Murrill) Murrill	Amanita wellsii		CA		New Brunswick	PRESENT		28eb1a3f-1c15-4a95-931a-4af90ecb574d	45.934897	-66.659533							2024-09-03T12:46	3	9	2024	5451733	5451733	HUMAN_OBSERVATION	iNaturalist	Observations	247822852		Dwayne Sabine	2024-10-17T21:31:16	CC_BY_NC_4_0	Dwayne Sabine	Dwayne Sabine			2025-01-14T12:54:28.529Z	StillImage	COORDINATE_ROUNDED;CONTINENT_DERIVED_FROM_COORDINATES;TAXON_MATCH_TAXON_ID_IGNORED
4950159407	50c9509d-22c7-4a22-a47d-8c48425ef4a7	https://www.inaturalist.org/observations/137263903	Fungi	Basidiomycota	Agaricomycetes	Agaricales	Amanitaceae	Amanita	Amanita wellsii		SPECIES	Amanita wellsii (Murrill) Murrill	Amanita wellsii		CA		Québec	PRESENT		28eb1a3f-1c15-4a95-931a-4af90ecb574d	45.363647	-71.870979	36.0						2022-10-02T07:36:51	2	10	2022	5451733	5451733	HUMAN_OBSERVATION	iNaturalist	Observations	137263903		cinna_latifolia	2022-12-04T14:14:34	CC_BY_NC_4_0	gmccormi	gmccormi			2025-01-14T12:32:14.315Z	StillImage	COORDINATE_ROUNDED;CONTINENT_DERIVED_FROM_COORDINATES;TAXON_MATCH_TAXON_ID_IGNORED
4946507123	50c9509d-22c7-4a22-a47d-8c48425ef4a7	https://www.inaturalist.org/observations/240320500	Fungi	Basidiomycota	Agaricomycetes	Agaricales	Amanitaceae	Amanita	Amanita wellsii		SPECIES	Amanita wellsii (Murrill) Murrill	Amanita wellsii		CA		New Brunswick	PRESENT		28eb1a3f-1c15-4a95-931a-4af90ecb574d	45.362155	-66.3237	6.0						2024-09-04T15:46:11	4	9	2024	5451733	5451733	HUMAN_OBSERVATION	iNaturalist	Observations	240320500		Laura O'Connor	2024-09-07T14:08:11	CC_BY_NC_4_0	Laura O'Connor	Laura O'Connor			2025-01-14T13:37:11.146Z	StillImage	CONTINENT_DERIVED_FROM_COORDINATES;TAXON_MATCH_TAXON_ID_IGNORED
4946170620	50c9509d-22c7-4a22-a47d-8c48425ef4a7	https://www.inaturalist.org/observations/240316290	Fungi	Basidiomycota	Agaricomycetes	Agaricales	Amanitaceae	Amanita	Amanita wellsii		SPECIES	Amanita wellsii (Murrill) Murrill	Amanita wellsii		CA		Québec	PRESENT		28eb1a3f-1c15-4a95-931a-4af90ecb574d	45.359806	-72.244208	96.0						2024-08-17T12:44	17	8	2024	5451733	5451733	HUMAN_OBSERVATION	iNaturalist	Observations	240316290		gabboilard	2024-09-07T13:44:47	CC_BY_NC_4_0	gabboilard	gabboilard			2025-01-14T13:48:11.266Z	StillImage	COORDINATE_ROUNDED;CONTINENT_DERIVED_FROM_COORDINATES;TAXON_MATCH_TAXON_ID_IGNORED
4945905874	50c9509d-22c7-4a22-a47d-8c48425ef4a7	https://www.inaturalist.org/observations/239634312	Fungi	Basidiomycota	Agaricomycetes	Agaricales	Amanitaceae	Amanita	Amanita wellsii		SPECIES	Amanita wellsii (Murrill) Murrill	Amanita wellsii		CA		New Brunswick	PRESENT		28eb1a3f-1c15-4a95-931a-4af90ecb574d	45.771067	-66.795878							2024-09-03T13:00	3	9	2024	5451733	5451733	HUMAN_OBSERVATION	iNaturalist	Observations	239634312		Sean Rhindress	2024-09-03T16:45:08	CC_BY_NC_4_0	Sean Rhindress	Sean Rhindress			2025-01-14T12:57:44.279Z	StillImage	COORDINATE_ROUNDED;CONTINENT_DERIVED_FROM_COORDINATES;TAXON_MATCH_TAXON_ID_IGNORED
4936869596	50c9509d-22c7-4a22-a47d-8c48425ef4a7	https://www.inaturalist.org/observations/238978255	Fungi	Basidiomycota	Agaricomycetes	Agaricales	Amanitaceae	Amanita	Amanita wellsii		SPECIES	Amanita wellsii (Murrill) Murrill	Amanita wellsii		CA		Québec	PRESENT		28eb1a3f-1c15-4a95-931a-4af90ecb574d	46.981647	-71.200233	10.0						2024-08-31T11:16:36	31	8	2024	5451733	5451733	HUMAN_OBSERVATION	iNaturalist	Observations	238978255		frankbird1	2024-08-31T15:23:23	CC_BY_NC_4_0	frankbird1	frankbird1			2025-01-14T13:43:54.945Z	StillImage	COORDINATE_ROUNDED;CONTINENT_DERIVED_FROM_COORDINATES;TAXON_MATCH_TAXON_ID_IGNORED
4936548841	50c9509d-22c7-4a22-a47d-8c48425ef4a7	https://www.inaturalist.org/observations/239170197	Fungi	Basidiomycota	Agaricomycetes	Agaricales	Amanitaceae	Amanita	Amanita wellsii		SPECIES	Amanita wellsii (Murrill) Murrill	Amanita wellsii		CA		Québec	PRESENT		28eb1a3f-1c15-4a95-931a-4af90ecb574d	48.061161	-77.826303	4.0						2024-09-01T08:52:41	1	9	2024	5451733	5451733	HUMAN_OBSERVATION	iNaturalist	Observations	239170197		François Dubois	2024-09-01T13:35:43	CC_BY_NC_4_0	François Dubois	François Dubois			2025-01-14T12:50:33.944Z	StillImage	COORDINATE_ROUNDED;CONTINENT_DERIVED_FROM_COORDINATES;TAXON_MATCH_TAXON_ID_IGNORED
4936234530	50c9509d-22c7-4a22-a47d-8c48425ef4a7	https://www.inaturalist.org/observations/237544374	Fungi	Basidiomycota	Agaricomycetes	Agaricales	Amanitaceae	Amanita	Amanita wellsii		SPECIES	Amanita wellsii (Murrill) Murrill	Amanita wellsii		CA		New Brunswick	PRESENT		28eb1a3f-1c15-4a95-931a-4af90ecb574d	45.19945	-66.39311	5.0						2024-08-18T12:11	18	8	2024	5451733	5451733	HUMAN_OBSERVATION	iNaturalist	Observations	237544374		Greg Thorn	2024-08-23T22:55:05	CC_BY_NC_4_0	Greg Thorn	Greg Thorn			2025-01-14T12:57:40.438Z	StillImage	CONTINENT_DERIVED_FROM_COORDINATES;TAXON_MATCH_TAXON_ID_IGNORED
4935806051	50c9509d-22c7-4a22-a47d-8c48425ef4a7	https://www.inaturalist.org/observations/239314946	Fungi	Basidiomycota	Agaricomycetes	Agaricales	Amanitaceae	Amanita	Amanita wellsii		SPECIES	Amanita wellsii (Murrill) Murrill	Amanita wellsii		CA		Québec	PRESENT		28eb1a3f-1c15-4a95-931a-4af90ecb574d	46.517872	-74.829308	4.0						2024-09-01T13:58:51	1	9	2024	5451733	5451733	HUMAN_OBSERVATION	iNaturalist	Observations	239314946		Elisabeth Greene	2024-09-02T02:02:01	CC_BY_NC_4_0	Elisabeth Greene	Elisabeth Greene			2025-01-14T12:52:59.201Z	StillImage	COORDINATE_ROUNDED;CONTINENT_DERIVED_FROM_COORDINATES;TAXON_MATCH_TAXON_ID_IGNORED
4924026132	50c9509d-22c7-4a22-a47d-8c48425ef4a7	https://www.inaturalist.org/observations/180923819	Fungi	Basidiomycota	Agaricomycetes	Agaricales	Amanitaceae	Amanita	Amanita wellsii		SPECIES	Amanita wellsii (Murrill) Murrill	Amanita wellsii		CA		Québec	PRESENT		28eb1a3f-1c15-4a95-931a-4af90ecb574d	46.554459	-73.807678	506.0						2023-08-24T14:58	24	8	2023	5451733	5451733	HUMAN_OBSERVATION	iNaturalist	Observations	180923819		amanitamozart	2024-08-09T01:14:08	CC_BY_NC_4_0	exploratrice	exploratrice			2025-01-14T12:39:39.298Z	StillImage	COORDINATE_ROUNDED;CONTINENT_DERIVED_FROM_COORDINATES;TAXON_MATCH_TAXON_ID_IGNORED
4923615629	50c9509d-22c7-4a22-a47d-8c48425ef4a7	https://www.inaturalist.org/observations/89619305	Fungi	Basidiomycota	Agaricomycetes	Agaricales	Amanitaceae	Amanita	Amanita wellsii		SPECIES	Amanita wellsii (Murrill) Murrill	Amanita wellsii		CA		Québec	PRESENT		28eb1a3f-1c15-4a95-931a-4af90ecb574d	45.785004	-73.97482	741.0						2021-08-01T14:23:30	1	8	2021	5451733	5451733	HUMAN_OBSERVATION	iNaturalist	Observations	89619305		amanitamozart	2023-11-23T21:40:44	CC_BY_NC_4_0	ChrisGT	ChrisGT			2025-01-14T13:13:34.231Z	StillImage	COORDINATE_ROUNDED;CONTINENT_DERIVED_FROM_COORDINATES;TAXON_MATCH_TAXON_ID_IGNORED
4420965453	50c9509d-22c7-4a22-a47d-8c48425ef4a7	https://www.inaturalist.org/observations/130716717	Fungi	Basidiomycota	Agaricomycetes	Agaricales	Amanitaceae	Amanita	Amanita wellsii		SPECIES	Amanita wellsii (Murrill) Murrill	Amanita wellsii		CA		Québec	PRESENT		28eb1a3f-1c15-4a95-931a-4af90ecb574d	46.695222	-73.20652	5.0						2022-08-13T11:33:46	13	8	2022	5451733	5451733	HUMAN_OBSERVATION	iNaturalist	Observations	130716717		l_bienvenue	2022-08-14T02:32:05	CC_BY_NC_4_0	l_bienvenue	l_bienvenue			2025-01-14T12:32:21.150Z	StillImage	COORDINATE_ROUNDED;CONTINENT_DERIVED_FROM_COORDINATES;TAXON_MATCH_TAXON_ID_IGNORED
4420964361	50c9509d-22c7-4a22-a47d-8c48425ef4a7	https://www.inaturalist.org/observations/132590869	Fungi	Basidiomycota	Agaricomycetes	Agaricales	Amanitaceae	Amanita	Amanita wellsii		SPECIES	Amanita wellsii (Murrill) Murrill	Amanita wellsii		CA		Nova Scotia	PRESENT		28eb1a3f-1c15-4a95-931a-4af90ecb574d	45.637354	-64.071729	27126.0						2022-08-26T15:26	26	8	2022	5451733	5451733	HUMAN_OBSERVATION	iNaturalist	Observations	132590869		Ben	2022-08-28T14:54:35	CC_BY_NC_4_0	Ben	Ben			2025-01-14T12:31:57.616Z	StillImage	COORDINATE_ROUNDED;CONTINENT_DERIVED_FROM_COORDINATES;TAXON_MATCH_TAXON_ID_IGNORED
4407299298	50c9509d-22c7-4a22-a47d-8c48425ef4a7	https://www.inaturalist.org/observations/181800010	Fungi	Basidiomycota	Agaricomycetes	Agaricales	Amanitaceae	Amanita	Amanita wellsii		SPECIES	Amanita wellsii (Murrill) Murrill	Amanita wellsii		CA		Québec	PRESENT		28eb1a3f-1c15-4a95-931a-4af90ecb574d	46.734737	-75.047317	6.0						2023-09-01T13:42:21	1	9	2023	5451733	5451733	HUMAN_OBSERVATION	iNaturalist	Observations	181800010		OVK!!	2023-09-04T20:32:04	CC_BY_4_0	Marilyne Busque-Dubois	Marilyne Busque-Dubois			2025-01-14T13:28:50.729Z	StillImage	COORDINATE_ROUNDED;CONTINENT_DERIVED_FROM_COORDINATES;TAXON_MATCH_TAXON_ID_IGNORED
4407075581	50c9509d-22c7-4a22-a47d-8c48425ef4a7	https://www.inaturalist.org/observations/178704909	Fungi	Basidiomycota	Agaricomycetes	Agaricales	Amanitaceae	Amanita	Amanita wellsii		SPECIES	Amanita wellsii (Murrill) Murrill	Amanita wellsii		CA		New Brunswick	PRESENT		28eb1a3f-1c15-4a95-931a-4af90ecb574d	46.233573	-64.425343	8.0						2023-08-16T13:26:34	16	8	2023	5451733	5451733	HUMAN_OBSERVATION	iNaturalist	Observations	178704909		Patrick Marchand	2023-08-16T16:28:17	CC_BY_NC_4_0	Patrick Marchand	Patrick Marchand			2025-01-14T12:39:11.676Z	StillImage	COORDINATE_ROUNDED;CONTINENT_DERIVED_FROM_COORDINATES;TAXON_MATCH_TAXON_ID_IGNORED
4172211017	50c9509d-22c7-4a22-a47d-8c48425ef4a7	https://www.inaturalist.org/observations/176810941	Fungi	Basidiomycota	Agaricomycetes	Agaricales	Amanitaceae	Amanita	Amanita wellsii		SPECIES	Amanita wellsii (Murrill) Murrill	Amanita wellsii		CA		Québec	PRESENT		28eb1a3f-1c15-4a95-931a-4af90ecb574d	45.381683	-74.183705	9.0						2023-08-05T12:59:25	5	8	2023	5451733	5451733	HUMAN_OBSERVATION	iNaturalist	Observations	176810941		timfoster	2023-08-05T17:52:20	CC_BY_NC_4_0	timfoster	timfoster			2025-01-14T13:32:11.570Z	StillImage	COORDINATE_ROUNDED;CONTINENT_DERIVED_FROM_COORDINATES;TAXON_MATCH_TAXON_ID_IGNORED
4171374341	50c9509d-22c7-4a22-a47d-8c48425ef4a7	https://www.inaturalist.org/observations/54385209	Fungi	Basidiomycota	Agaricomycetes	Agaricales	Amanitaceae	Amanita	Amanita wellsii		SPECIES	Amanita wellsii (Murrill) Murrill	Amanita wellsii		CA		Québec	PRESENT		28eb1a3f-1c15-4a95-931a-4af90ecb574d	45.822097	-74.029739	5.0						2020-07-25T10:47:23	25	7	2020	5451733	5451733	HUMAN_OBSERVATION	iNaturalist	Observations	54385209		Ben	2022-12-26T17:51:27	CC_BY_NC_4_0	isabir	isabir			2025-01-14T13:10:05.117Z	StillImage	COORDINATE_ROUNDED;CONTINENT_DERIVED_FROM_COORDINATES;TAXON_MATCH_TAXON_ID_IGNORED
4028616583	50c9509d-22c7-4a22-a47d-8c48425ef4a7	https://www.inaturalist.org/observations/129062415	Fungi	Basidiomycota	Agaricomycetes	Agaricales	Amanitaceae	Amanita	Amanita wellsii		SPECIES	Amanita wellsii (Murrill) Murrill	Amanita wellsii		CA		New Brunswick	PRESENT		28eb1a3f-1c15-4a95-931a-4af90ecb574d	46.77275	-65.005225	39.0						2019-09-13T13:53	13	9	2019	5451733	5451733	HUMAN_OBSERVATION	iNaturalist	Observations	129062415		Alfredo Justo	2022-08-01T23:45:22	CC_BY_NC_4_0	Alfredo Justo	Alfredo Justo			2025-01-14T12:31:28.353Z	StillImage	CONTINENT_DERIVED_FROM_COORDINATES;TAXON_MATCH_TAXON_ID_IGNORED
3994145500	50c9509d-22c7-4a22-a47d-8c48425ef4a7	https://www.inaturalist.org/observations/127279014	Fungi	Basidiomycota	Agaricomycetes	Agaricales	Amanitaceae	Amanita	Amanita wellsii		SPECIES	Amanita wellsii (Murrill) Murrill	Amanita wellsii		CA		Québec	PRESENT		28eb1a3f-1c15-4a95-931a-4af90ecb574d	48.903335	-72.256307	315.0						2022-07-21T11:18:10	21	7	2022	5451733	5451733	HUMAN_OBSERVATION	iNaturalist	Observations	127279014		arthur_tdlc	2022-07-21T21:30:12	CC_BY_NC_4_0	arthur_tdlc	arthur_tdlc			2025-01-14T13:24:13.185Z	StillImage	COORDINATE_ROUNDED;CONTINENT_DERIVED_FROM_COORDINATES;TAXON_MATCH_TAXON_ID_IGNORED
3698272358	50c9509d-22c7-4a22-a47d-8c48425ef4a7	https://www.inaturalist.org/observations/94859065	Fungi	Basidiomycota	Agaricomycetes	Agaricales	Amanitaceae	Amanita	Amanita wellsii		SPECIES	Amanita wellsii (Murrill) Murrill	Amanita wellsii		CA		New Brunswick	PRESENT		28eb1a3f-1c15-4a95-931a-4af90ecb574d	46.753553	-65.732642	8.0						2021-09-14T13:53	14	9	2021	5451733	5451733	HUMAN_OBSERVATION	iNaturalist	Observations	94859065		Eric Knopf	2021-10-21T16:03:57	CC_BY_NC_4_0	Eric Knopf	Eric Knopf			2025-01-14T13:14:52.724Z	StillImage	COORDINATE_ROUNDED;CONTINENT_DERIVED_FROM_COORDINATES;TAXON_MATCH_TAXON_ID_IGNORED
3407967557	50c9509d-22c7-4a22-a47d-8c48425ef4a7	https://www.inaturalist.org/observations/94948266	Fungi	Basidiomycota	Agaricomycetes	Agaricales	Amanitaceae	Amanita	Amanita wellsii		SPECIES	Amanita wellsii (Murrill) Murrill	Amanita wellsii		CA		New Brunswick	PRESENT		28eb1a3f-1c15-4a95-931a-4af90ecb574d	46.794345	-66.194885	488.0						2021-09-10T16:43	10	9	2021	5451733	5451733	HUMAN_OBSERVATION	iNaturalist	Observations	94948266		Erlon Bailey	2021-09-15T20:29:54	CC_BY_NC_4_0	Peter Jessen	Peter Jessen			2025-01-14T12:21:12.599Z	StillImage	COORDINATE_ROUNDED;CONTINENT_DERIVED_FROM_COORDINATES;TAXON_MATCH_TAXON_ID_IGNORED
3385181097	50c9509d-22c7-4a22-a47d-8c48425ef4a7	https://www.inaturalist.org/observations/96895050	Fungi	Basidiomycota	Agaricomycetes	Agaricales	Amanitaceae	Amanita	Amanita wellsii		SPECIES	Amanita wellsii (Murrill) Murrill	Amanita wellsii		CA		Québec	PRESENT		28eb1a3f-1c15-4a95-931a-4af90ecb574d	48.06201	-77.825696	4.0						2021-10-02T09:16	2	10	2021	5451733	5451733	HUMAN_OBSERVATION	iNaturalist	Observations	96895050		François Dubois	2021-10-02T14:54:31	CC_BY_NC_4_0	François Dubois	François Dubois			2025-01-14T13:11:39.448Z	StillImage	COORDINATE_ROUNDED;CONTINENT_DERIVED_FROM_COORDINATES;TAXON_MATCH_TAXON_ID_IGNORED
3384506448	50c9509d-22c7-4a22-a47d-8c48425ef4a7	https://www.inaturalist.org/observations/96226599	Fungi	Basidiomycota	Agaricomycetes	Agaricales	Amanitaceae	Amanita	Amanita wellsii		SPECIES	Amanita wellsii (Murrill) Murrill	Amanita wellsii		CA		Québec	PRESENT		28eb1a3f-1c15-4a95-931a-4af90ecb574d	48.062033	-77.825788	4.0						2021-09-26T08:43	26	9	2021	5451733	5451733	HUMAN_OBSERVATION	iNaturalist	Observations	96226599		Garrett Taylor	2021-09-30T22:40:59	CC_BY_NC_4_0	François Dubois	François Dubois			2025-01-14T13:11:35.399Z	StillImage	COORDINATE_ROUNDED;CONTINENT_DERIVED_FROM_COORDINATES;TAXON_MATCH_TAXON_ID_IGNORED
3384043803	50c9509d-22c7-4a22-a47d-8c48425ef4a7	https://www.inaturalist.org/observations/94755578	Fungi	Basidiomycota	Agaricomycetes	Agaricales	Amanitaceae	Amanita	Amanita wellsii		SPECIES	Amanita wellsii (Murrill) Murrill	Amanita wellsii		CA		New Brunswick	PRESENT		28eb1a3f-1c15-4a95-931a-4af90ecb574d	47.602119	-65.645686	3.0						2021-09-13T18:30:16	13	9	2021	5451733	5451733	HUMAN_OBSERVATION	iNaturalist	Observations	94755578		Erlon Bailey	2021-09-14T00:58:19	CC_BY_NC_4_0	Marie-Josée Garand	Marie-Josée Garand			2025-01-14T12:21:06.962Z	StillImage	COORDINATE_ROUNDED;CONTINENT_DERIVED_FROM_COORDINATES;TAXON_MATCH_TAXON_ID_IGNORED
3058690987	50c9509d-22c7-4a22-a47d-8c48425ef4a7	https://www.inaturalist.org/observations/70769974	Fungi	Basidiomycota	Agaricomycetes	Agaricales	Amanitaceae	Amanita	Amanita wellsii		SPECIES	Amanita wellsii (Murrill) Murrill	Amanita wellsii		CA		Ontario	PRESENT		28eb1a3f-1c15-4a95-931a-4af90ecb574d	45.833332	-78.483494	61355.0						2016-09-16T19:05	16	9	2016	5451733	5451733	HUMAN_OBSERVATION	iNaturalist	Observations	70769974		Garrett Taylor	2021-03-07T21:43:07	CC0_1_0	Garrett Taylor	Garrett Taylor			2025-01-14T12:17:41.711Z	StillImage	COORDINATE_ROUNDED;CONTINENT_DERIVED_FROM_COORDINATES;TAXON_MATCH_TAXON_ID_IGNORED
3044559750	50c9509d-22c7-4a22-a47d-8c48425ef4a7	https://www.inaturalist.org/observations/63998111	Fungi	Basidiomycota	Agaricomycetes	Agaricales	Amanitaceae	Amanita	Amanita wellsii		SPECIES	Amanita wellsii (Murrill) Murrill	Amanita wellsii		CA		Québec	PRESENT		28eb1a3f-1c15-4a95-931a-4af90ecb574d	45.9304	-74.9136	1511.0						2009-09-06	6	9	2009	5451733	5451733	HUMAN_OBSERVATION	iNaturalist	Observations	63998111		John Plischke	2020-11-01T22:50:08	CC_BY_NC_4_0	John Plischke	John Plischke			2025-01-14T13:05:08.473Z	StillImage	CONTINENT_DERIVED_FROM_COORDINATES;TAXON_MATCH_TAXON_ID_IGNORED
3031862916	50c9509d-22c7-4a22-a47d-8c48425ef4a7	https://www.inaturalist.org/observations/56895898	Fungi	Basidiomycota	Agaricomycetes	Agaricales	Amanitaceae	Amanita	Amanita wellsii		SPECIES	Amanita wellsii (Murrill) Murrill	Amanita wellsii		CA		Ontario	PRESENT		28eb1a3f-1c15-4a95-931a-4af90ecb574d	45.290984	-78.936272							2020-08-17T18:23:33	17	8	2020	5451733	5451733	HUMAN_OBSERVATION	iNaturalist	Observations	56895898		Ryan Patrick	2020-08-19T01:41:02	CC_BY_NC_4_0	kstronks	kstronks			2025-01-14T12:14:20.017Z	StillImage	COORDINATE_ROUNDED;CONTINENT_DERIVED_FROM_COORDINATES;TAXON_MATCH_TAXON_ID_IGNORED
2518059908	50c9509d-22c7-4a22-a47d-8c48425ef4a7	https://www.inaturalist.org/observations/35286500	Fungi	Basidiomycota	Agaricomycetes	Agaricales	Amanitaceae	Amanita	Amanita wellsii		SPECIES	Amanita wellsii (Murrill) Murrill	Amanita wellsii		CA		New Brunswick	PRESENT		28eb1a3f-1c15-4a95-931a-4af90ecb574d	45.982669	-64.586663	1953.0						2017-08-28T14:31	28	8	2017	5451733	5451733	HUMAN_OBSERVATION	iNaturalist	Observations	35286500		Raymonde G Chartier	2019-11-04T14:18:42	CC_BY_NC_4_0	Raymonde G Chartier	Raymonde G Chartier			2025-01-14T12:09:42.996Z	StillImage	COORDINATE_ROUNDED;CONTINENT_DERIVED_FROM_COORDINATES;TAXON_MATCH_TAXON_ID_IGNORED
2518053557	50c9509d-22c7-4a22-a47d-8c48425ef4a7	https://www.inaturalist.org/observations/35166086	Fungi	Basidiomycota	Agaricomycetes	Agaricales	Amanitaceae	Amanita	Amanita wellsii		SPECIES	Amanita wellsii (Murrill) Murrill	Amanita wellsii		CA		New Brunswick	PRESENT		28eb1a3f-1c15-4a95-931a-4af90ecb574d	46.735546	-65.213757	1953.0						2016-09-05T09:30	5	9	2016	5451733	5451733	HUMAN_OBSERVATION	iNaturalist	Observations	35166086		Raymonde G Chartier	2019-11-01T15:20:12	CC_BY_NC_4_0	Raymonde G Chartier	Raymonde G Chartier			2025-01-14T12:09:49.416Z	StillImage	COORDINATE_ROUNDED;CONTINENT_DERIVED_FROM_COORDINATES;TAXON_MATCH_TAXON_ID_IGNORED
2429191107	50c9509d-22c7-4a22-a47d-8c48425ef4a7	https://www.inaturalist.org/observations/16618009	Fungi	Basidiomycota	Agaricomycetes	Agaricales	Amanitaceae	Amanita	Amanita wellsii		SPECIES	Amanita wellsii (Murrill) Murrill	Amanita wellsii		CA		Québec	PRESENT		28eb1a3f-1c15-4a95-931a-4af90ecb574d	46.467484	-74.454834	1122.0						2018-09-16T12:43:48	16	9	2018	5451733	5451733	HUMAN_OBSERVATION	iNaturalist	Observations	16618009		Carl-Adam Wegenschimmel	2018-09-17T04:12:28	CC_BY_NC_4_0	Carl-Adam Wegenschimmel	Carl-Adam Wegenschimmel			2025-01-14T12:58:21.571Z	StillImage	COORDINATE_ROUNDED;CONTINENT_DERIVED_FROM_COORDINATES;TAXON_MATCH_TAXON_ID_IGNORED
2429183895	50c9509d-22c7-4a22-a47d-8c48425ef4a7	https://www.inaturalist.org/observations/10888358	Fungi	Basidiomycota	Agaricomycetes	Agaricales	Amanitaceae	Amanita	Amanita wellsii		SPECIES	Amanita wellsii (Murrill) Murrill	Amanita wellsii		CA		Québec	PRESENT		28eb1a3f-1c15-4a95-931a-4af90ecb574d	45.94733	-74.912595							2009-09-06T13:03:10	6	9	2009	5451733	5451733	HUMAN_OBSERVATION	iNaturalist	Observations	10888358		John Plischke	2018-04-14T05:33:05	CC_BY_NC_4_0	John Plischke	John Plischke			2025-01-14T12:05:45.508Z		CONTINENT_DERIVED_FROM_COORDINATES;TAXON_MATCH_TAXON_ID_IGNORED
2423611964	21705170-d2b6-42de-8904-c3bca4b83591	CMMF018840	Fungi	Basidiomycota	Agaricomycetes	Agaricales	Amanitaceae	Amanita	Amanita wellsii		SPECIES	Amanita wellsii (Murrill) Murrill	Amanita wellsii (Murrill) Murrill	(Murrill) Murrill	CA	Sentier lac Geai.	Québec	PRESENT		ff7bd5db-b724-4932-b496-10ea298851f9	45.991697	-73.997854	750.0						1986-08-08	8	8	1986	5451733	5451733	PRESERVED_SPECIMEN	Université de Montréal Biodiversity Centre	CMMF	CMMF018840	s.n.	Nantel, Patrick		CC0_1_0	Université de Montréal Biodiversity Centre	Nantel, Patrick			2024-01-24T16:38:18.679Z		INSTITUTION_MATCH_FUZZY;COLLECTION_MATCH_FUZZY;DIFFERENT_OWNER_INSTITUTION
2423611811	21705170-d2b6-42de-8904-c3bca4b83591	CMMF018706	Fungi	Basidiomycota	Agaricomycetes	Agaricales	Amanitaceae	Amanita	Amanita wellsii		SPECIES	Amanita wellsii (Murrill) Murrill	Amanita wellsii (Murrill) Murrill	(Murrill) Murrill	CA	Sentier du lac Geai. Station bio . U de M. St-Hippolyte.	Québec	PRESENT		ff7bd5db-b724-4932-b496-10ea298851f9	45.991697	-73.997854	750.0						1985-08-10	10	8	1985	5451733	5451733	PRESERVED_SPECIMEN	Université de Montréal Biodiversity Centre	CMMF	CMMF018706	s.n.	Nantel, Patrick		CC0_1_0	Université de Montréal Biodiversity Centre	Nantel, Patrick			2024-01-24T16:38:18.561Z		INSTITUTION_MATCH_FUZZY;COLLECTION_MATCH_FUZZY;DIFFERENT_OWNER_INSTITUTION
1847646960	50c9509d-22c7-4a22-a47d-8c48425ef4a7	https://www.inaturalist.org/observations/9592398	Fungi	Basidiomycota	Agaricomycetes	Agaricales	Amanitaceae	Amanita	Amanita wellsii		SPECIES	Amanita wellsii (Murrill) Murrill	Amanita wellsii		CA		Ontario	PRESENT		28eb1a3f-1c15-4a95-931a-4af90ecb574d	45.35695	-79.0971	33539.0						2016-09-17	17	9	2016	5451733	5451733	HUMAN_OBSERVATION	iNaturalist	Observations	9592398		mycowalt	2018-01-24T00:56:04	CC_BY_NC_4_0	mycowalt	mycowalt			2025-01-14T12:59:42.778Z	StillImage	CONTINENT_DERIVED_FROM_COORDINATES;TAXON_MATCH_TAXON_ID_IGNORED
1806349110	50c9509d-22c7-4a22-a47d-8c48425ef4a7	https://www.inaturalist.org/observations/9569935	Fungi	Basidiomycota	Agaricomycetes	Agaricales	Amanitaceae	Amanita	Amanita wellsii		SPECIES	Amanita wellsii (Murrill) Murrill	Amanita wellsii		CA		Québec	PRESENT		28eb1a3f-1c15-4a95-931a-4af90ecb574d	46.8691	-71.64065	1281.0						2006-09-05	5	9	2006	5451733	5451733	HUMAN_OBSERVATION	iNaturalist	Observations	9569935		mycowalt	2018-01-23T05:06:39	CC_BY_NC_4_0	mycowalt	mycowalt			2025-01-14T12:59:46.698Z	StillImage	CONTINENT_DERIVED_FROM_COORDINATES;TAXON_MATCH_TAXON_ID_IGNORED
1412706014	21705170-d2b6-42de-8904-c3bca4b83591	CMMF014420	Fungi	Basidiomycota	Agaricomycetes	Agaricales	Amanitaceae	Amanita	Amanita wellsii		SPECIES	Amanita wellsii (Murrill) Murrill	Amanita wellsii (Murrill) Murrill	(Murrill) Murrill	CA	Ixworth, Québec.	Québec	PRESENT		ff7bd5db-b724-4932-b496-10ea298851f9	47.317529	-69.939661	5000.0						1993-09-05	5	9	1993	5451733	5451733	PRESERVED_SPECIMEN	Université de Montréal Biodiversity Centre	CMMF	CMMF014420	2422	Guérin, Gérard		CC0_1_0	Université de Montréal Biodiversity Centre	Guérin, Gérard			2024-01-24T16:38:19.505Z	StillImage	INSTITUTION_MATCH_FUZZY;COLLECTION_MATCH_FUZZY;DIFFERENT_OWNER_INSTITUTION
1412705984	21705170-d2b6-42de-8904-c3bca4b83591	CMMF014419	Fungi	Basidiomycota	Agaricomycetes	Agaricales	Amanitaceae	Amanita	Amanita wellsii		SPECIES	Amanita wellsii (Murrill) Murrill	Amanita wellsii (Murrill) Murrill	(Murrill) Murrill	CA	Route 10, Brossard, Québec.	Québec	PRESENT		ff7bd5db-b724-4932-b496-10ea298851f9	45.459256	-73.449557	4000.0						1979-09-10	10	9	1979	5451733	5451733	PRESERVED_SPECIMEN	Université de Montréal Biodiversity Centre	CMMF	CMMF014419	2420	Guérin, Gérard		CC0_1_0	Université de Montréal Biodiversity Centre	Guérin, Gérard			2024-01-24T16:38:19.497Z	StillImage	INSTITUTION_MATCH_FUZZY;COLLECTION_MATCH_FUZZY;DIFFERENT_OWNER_INSTITUTION
1412705957	21705170-d2b6-42de-8904-c3bca4b83591	CMMF014418	Fungi	Basidiomycota	Agaricomycetes	Agaricales	Amanitaceae	Amanita	Amanita wellsii		SPECIES	Amanita wellsii (Murrill) Murrill	Amanita wellsii (Murrill) Murrill	(Murrill) Murrill	CA	Parc Urbain, Chicoutimi, Québec.	Québec	PRESENT		ff7bd5db-b724-4932-b496-10ea298851f9	48.400335	-71.03723	3500.0						1982-07-31	31	7	1982	5451733	5451733	PRESERVED_SPECIMEN	Université de Montréal Biodiversity Centre	CMMF	CMMF014418	2421	Guérin, Gérard		CC0_1_0	Université de Montréal Biodiversity Centre	Guérin, Gérard			2024-01-24T16:38:19.496Z	StillImage	INSTITUTION_MATCH_FUZZY;COLLECTION_MATCH_FUZZY;DIFFERENT_OWNER_INSTITUTION
1135071266	21705170-d2b6-42de-8904-c3bca4b83591	CMMF009805	Fungi	Basidiomycota	Agaricomycetes	Agaricales	Amanitaceae	Amanita	Amanita wellsii		SPECIES	Amanita wellsii (Murrill) Murrill	Amanita wellsii (Murrill) Murrill	(Murrill) Murrill	CA	Forêt Sherwood, Québec.	Québec	PRESENT		ff7bd5db-b724-4932-b496-10ea298851f9	46.86201	-71.307678	15000.0						2007-08-21	21	8	2007	5451733	5451733	PRESERVED_SPECIMEN	Université de Montréal Biodiversity Centre	CMMF	CMMF009805	1390	Labrecque, Jacqueline		CC0_1_0	Université de Montréal Biodiversity Centre	Labrecque, Jacqueline			2024-01-24T16:38:21.281Z	StillImage	INSTITUTION_MATCH_FUZZY;COLLECTION_MATCH_FUZZY;DIFFERENT_OWNER_INSTITUTION
1135070462	21705170-d2b6-42de-8904-c3bca4b83591	CMMF009036	Fungi	Basidiomycota	Agaricomycetes	Agaricales	Amanitaceae	Amanita	Amanita wellsii		SPECIES	Amanita wellsii (Murrill) Murrill	Amanita wellsii (Murrill) Murrill	(Murrill) Murrill	CA	Chemin de l'Éperon (Chalet M. Houde), Lac-Beauport.	Québec	PRESENT		ff7bd5db-b724-4932-b496-10ea298851f9	46.953091	-71.275238	5000.0						2006-08-25	25	8	2006	5451733	5451733	PRESERVED_SPECIMEN	Université de Montréal Biodiversity Centre	CMMF	CMMF009036	619	Labrecque, Jacqueline		CC0_1_0	Université de Montréal Biodiversity Centre	Labrecque, Jacqueline			2024-01-24T16:38:20.149Z	StillImage	INSTITUTION_MATCH_FUZZY;COLLECTION_MATCH_FUZZY;DIFFERENT_OWNER_INSTITUTION
1135070391	21705170-d2b6-42de-8904-c3bca4b83591	CMMF008973	Fungi	Basidiomycota	Agaricomycetes	Agaricales	Amanitaceae	Amanita	Amanita wellsii		SPECIES	Amanita wellsii (Murrill) Murrill	Amanita wellsii (Murrill) Murrill	(Murrill) Murrill	CA	Chemin O'Neil, Lac-Beauport.	Québec	PRESENT		ff7bd5db-b724-4932-b496-10ea298851f9	46.953091	-71.275238	5000.0						2006-08-17	17	8	2006	5451733	5451733	PRESERVED_SPECIMEN	Université de Montréal Biodiversity Centre	CMMF	CMMF008973	556	Labbé, Roland		CC0_1_0	Université de Montréal Biodiversity Centre	Labrecque, Jacqueline			2024-01-24T16:38:18.967Z	StillImage	INSTITUTION_MATCH_FUZZY;COLLECTION_MATCH_FUZZY;DIFFERENT_OWNER_INSTITUTION
1135067170	21705170-d2b6-42de-8904-c3bca4b83591	CMMF010559	Fungi	Basidiomycota	Agaricomycetes	Agaricales	Amanitaceae	Amanita	Amanita wellsii		SPECIES	Amanita wellsii (Murrill) Murrill	Amanita wellsii (Murrill) Murrill	(Murrill) Murrill	CA	Containers ouest, Lac-Beauport.	Québec	PRESENT		ff7bd5db-b724-4932-b496-10ea298851f9	46.96324	-71.303223	5000.0						2009-07-25	25	7	2009	5451733	5451733	PRESERVED_SPECIMEN	Université de Montréal Biodiversity Centre	CMMF	CMMF010559	2146	Labrecque, Jacqueline		CC0_1_0	Université de Montréal Biodiversity Centre	Labrecque, Jacqueline			2024-01-24T16:38:21.700Z	StillImage	INSTITUTION_MATCH_FUZZY;COLLECTION_MATCH_FUZZY;DIFFERENT_OWNER_INSTITUTION
1024560115	21705170-d2b6-42de-8904-c3bca4b83591	CMMF005541	Fungi	Basidiomycota	Agaricomycetes	Agaricales	Amanitaceae	Amanita	Amanita wellsii		SPECIES	Amanita wellsii (Murrill) Murrill	Amanita wellsii (Murrill) Murrill	(Murrill) Murrill	CA	Colombier	Québec	PRESENT		ff7bd5db-b724-4932-b496-10ea298851f9	48.8595	-68.84625	100.0						2005-09-17	17	9	2005	5451733	5451733	PRESERVED_SPECIMEN	Université de Montréal Biodiversity Centre	CMMF	CMMF005541	C2534	McNeil, Raymond		CC0_1_0	Université de Montréal Biodiversity Centre	McNeil, Raymond			2024-01-24T16:38:15.775Z	StillImage	INSTITUTION_MATCH_FUZZY;COLLECTION_MATCH_FUZZY;DIFFERENT_OWNER_INSTITUTION
1024560064	21705170-d2b6-42de-8904-c3bca4b83591	CMMF005542	Fungi	Basidiomycota	Agaricomycetes	Agaricales	Amanitaceae	Amanita	Amanita wellsii		SPECIES	Amanita wellsii (Murrill) Murrill	Amanita wellsii (Murrill) Murrill	(Murrill) Murrill	CA	Mirabel (Parc du Domaine Vert)	Québec	PRESENT		ff7bd5db-b724-4932-b496-10ea298851f9	45.661667	-73.908333	100.0						1978-09-16	16	9	1978	5451733	5451733	PRESERVED_SPECIMEN	Université de Montréal Biodiversity Centre	CMMF	CMMF005542	Inexistant	McNeil, Raymond		CC0_1_0	Université de Montréal Biodiversity Centre	McNeil, Raymond			2024-01-24T16:38:15.774Z	StillImage	COORDINATE_ROUNDED;INSTITUTION_MATCH_FUZZY;COLLECTION_MATCH_FUZZY;DIFFERENT_OWNER_INSTITUTION
