gbifID	datasetKey	occurrenceID	kingdom	phylum	class	order	family	genus	species	infraspecificEpithet	taxonRank	scientificName	verbatimScientificName	verbatimScientificNameAuthorship	countryCode	locality	stateProvince	occurrenceStatus	individualCount	publishingOrgKey	decimalLatitude	decimalLongitude	coordinateUncertaintyInMeters	coordinatePrecision	elevation	elevationAccuracy	depth	depthAccuracy	eventDate	day	month	year	taxonKey	speciesKey	basisOfRecord	institutionCode	collectionCode	catalogNumber	recordNumber	identifiedBy	dateIdentified	license	rightsHolder	recordedBy	typeStatus	establishmentMeans	lastInterpreted	mediaType	issue
727875708	d7cfd2ed-8af4-427f-a16e-eb66b7e2c419	15534	Fungi	Basidiomycota	Agaricomycetes	Polyporales	Polyporaceae	Cryptoporus	Cryptoporus volvatus		SPECIES	Cryptoporus volvatus (Peck) Shear	Cryptoporus volvatus (Peck) Shear	(Peck) Shear	CA	Highland Creek	Ontario	PRESENT		ff418020-1d67-11d9-8435-b8a03c50a862	45.255102	-77.211968	20.0						1958-09-17	17	9	1958	5248035	5248035	PRESERVED_SPECIMEN	Royal Ontario Museum	TRTC	TRTC041461		Cain, R.F.		CC0_1_0	Royal Ontario Museum	Cain, R.F.			2024-01-25T00:59:40.377Z		COORDINATE_ROUNDED;AMBIGUOUS_INSTITUTION
727868878	d7cfd2ed-8af4-427f-a16e-eb66b7e2c419	585	Fungi	Basidiomycota	Agaricomycetes	Polyporales	Polyporaceae	Cryptoporus	Cryptoporus volvatus		SPECIES	Cryptoporus volvatus (Peck) Shear	Cryptoporus volvatus (Peck) Shear	(Peck) Shear	CA	Round Lake	Ontario	PRESENT		ff418020-1d67-11d9-8435-b8a03c50a862	45.641168	-77.522964	3980.0						1933-09-07	7	9	1933	5248035	5248035	PRESERVED_SPECIMEN	Royal Ontario Museum	TRTC	TRTC005875				CC0_1_0	Royal Ontario Museum	Jackson, H.S.			2024-01-25T00:59:39.055Z		COORDINATE_ROUNDED;AMBIGUOUS_INSTITUTION
617552093	21705170-d2b6-42de-8904-c3bca4b83591	CMMF000003	Fungi	Basidiomycota	Agaricomycetes	Polyporales	Polyporaceae	Cryptoporus	Cryptoporus volvatus		SPECIES	Cryptoporus volvatus (Peck) Shear	Cryptoporus volvatus (Peck) Shear	(Peck) Shear	CA	Grand-Métis	Québec	PRESENT		ff7bd5db-b724-4932-b496-10ea298851f9	48.629789	-68.125325	50.0						1988-06-15	15	6	1988	5248035	5248035	PRESERVED_SPECIMEN	Université de Montréal Biodiversity Centre	CMMF	CMMF000003		Archambault, Raymond		CC0_1_0	Université de Montréal Biodiversity Centre	Archambault, Raymond			2024-01-24T16:38:20.336Z	StillImage	INSTITUTION_MATCH_FUZZY;COLLECTION_MATCH_FUZZY;DIFFERENT_OWNER_INSTITUTION
617548195	21705170-d2b6-42de-8904-c3bca4b83591	CMMF001300	Fungi	Basidiomycota	Agaricomycetes	Polyporales	Polyporaceae	Cryptoporus	Cryptoporus volvatus		SPECIES	Cryptoporus volvatus (Peck) Shear	Cryptoporus volvatus (Peck) Shear	(Peck) Shear	CA	Forêt Larose	Ontario	PRESENT		ff7bd5db-b724-4932-b496-10ea298851f9	45.371919	-75.171224	7000.0						1991-05-11	11	5	1991	5248035	5248035	PRESERVED_SPECIMEN	Université de Montréal Biodiversity Centre	CMMF	CMMF001300		Lamoureux, Yves		CC0_1_0	Université de Montréal Biodiversity Centre	Rocheleau, Louise			2024-01-24T16:38:17.489Z	StillImage	INSTITUTION_MATCH_FUZZY;COLLECTION_MATCH_FUZZY;DIFFERENT_OWNER_INSTITUTION
4973926293	50c9509d-22c7-4a22-a47d-8c48425ef4a7	https://www.inaturalist.org/observations/248001510	Fungi	Basidiomycota	Agaricomycetes	Polyporales	Polyporaceae	Cryptoporus	Cryptoporus volvatus		SPECIES	Cryptoporus volvatus (Peck) Shear	Cryptoporus volvatus		CA		New Brunswick	PRESENT		28eb1a3f-1c15-4a95-931a-4af90ecb574d	45.586885	-64.974061	61.0						2024-06-18T19:27	18	6	2024	5248035	5248035	HUMAN_OBSERVATION	iNaturalist	Observations	248001510		brantacanadensis1	2024-10-19T02:16:55	CC_BY_NC_4_0	brantacanadensis1	brantacanadensis1			2025-01-14T12:55:04.711Z	StillImage	COORDINATE_ROUNDED;CONTINENT_DERIVED_FROM_COORDINATES;TAXON_MATCH_TAXON_ID_IGNORED
4936080245	50c9509d-22c7-4a22-a47d-8c48425ef4a7	https://www.inaturalist.org/observations/239517634	Fungi	Basidiomycota	Agaricomycetes	Polyporales	Polyporaceae	Cryptoporus	Cryptoporus volvatus		SPECIES	Cryptoporus volvatus (Peck) Shear	Cryptoporus volvatus		CA		Prince Edward Island	PRESENT		28eb1a3f-1c15-4a95-931a-4af90ecb574d	46.85778	-64.006425	4.0						2024-09-02T15:05:13	2	9	2024	5248035	5248035	HUMAN_OBSERVATION	iNaturalist	Observations	239517634		Rosemary Curley	2024-09-03T00:14:54	CC_BY_NC_4_0	Rosemary Curley	Rosemary Curley			2025-01-14T13:43:34.169Z	StillImage	CONTINENT_DERIVED_FROM_COORDINATES;TAXON_MATCH_TAXON_ID_IGNORED
4936054325	50c9509d-22c7-4a22-a47d-8c48425ef4a7	https://www.inaturalist.org/observations/46479604	Fungi	Basidiomycota	Agaricomycetes	Polyporales	Polyporaceae	Cryptoporus	Cryptoporus volvatus		SPECIES	Cryptoporus volvatus (Peck) Shear	Cryptoporus volvatus		CA		Ontario	PRESENT		28eb1a3f-1c15-4a95-931a-4af90ecb574d	45.200071	-76.193836	1590.0						2020-05-18	18	5	2020	5248035	5248035	HUMAN_OBSERVATION	iNaturalist	Observations	46479604		rlongair	2020-05-19T12:53:41	CC_BY_NC_4_0	rlongair	rlongair			2025-01-14T12:12:23.073Z	StillImage	COORDINATE_ROUNDED;CONTINENT_DERIVED_FROM_COORDINATES;TAXON_MATCH_TAXON_ID_IGNORED
4936006188	50c9509d-22c7-4a22-a47d-8c48425ef4a7	https://www.inaturalist.org/observations/239678075	Fungi	Basidiomycota	Agaricomycetes	Polyporales	Polyporaceae	Cryptoporus	Cryptoporus volvatus		SPECIES	Cryptoporus volvatus (Peck) Shear	Cryptoporus volvatus		CA		Prince Edward Island	PRESENT		28eb1a3f-1c15-4a95-931a-4af90ecb574d	46.705832	-64.228361							2024-09-03T12:22:16	3	9	2024	5248035	5248035	HUMAN_OBSERVATION	iNaturalist	Observations	239678075		Julie-Lynn Zahavich	2024-09-03T20:33:56	CC_BY_NC_4_0	Julie-Lynn Zahavich	Julie-Lynn Zahavich			2025-01-14T12:53:26.535Z	StillImage	COORDINATE_ROUNDED;CONTINENT_DERIVED_FROM_COORDINATES;TAXON_MATCH_TAXON_ID_IGNORED
4935724614	50c9509d-22c7-4a22-a47d-8c48425ef4a7	https://www.inaturalist.org/observations/217263464	Fungi	Basidiomycota	Agaricomycetes	Polyporales	Polyporaceae	Cryptoporus	Cryptoporus volvatus		SPECIES	Cryptoporus volvatus (Peck) Shear	Cryptoporus volvatus		CA		New Brunswick	PRESENT		28eb1a3f-1c15-4a95-931a-4af90ecb574d	45.586922	-64.974083	4.0						2024-05-15T10:52:14	15	5	2024	5248035	5248035	HUMAN_OBSERVATION	iNaturalist	Observations	217263464		Sheila Furlong	2024-05-21T11:14:16	CC0_1_0	Sheila Furlong	Sheila Furlong			2025-01-14T13:40:36.783Z	StillImage	COORDINATE_ROUNDED;CONTINENT_DERIVED_FROM_COORDINATES;TAXON_MATCH_TAXON_ID_IGNORED
4923998883	50c9509d-22c7-4a22-a47d-8c48425ef4a7	https://www.inaturalist.org/observations/234227626	Fungi	Basidiomycota	Agaricomycetes	Polyporales	Polyporaceae	Cryptoporus	Cryptoporus volvatus		SPECIES	Cryptoporus volvatus (Peck) Shear	Cryptoporus volvatus		CA		Ontario	PRESENT		28eb1a3f-1c15-4a95-931a-4af90ecb574d	45.2534	-76.775683	31.0						2024-05-04T15:23	4	5	2024	5248035	5248035	HUMAN_OBSERVATION	iNaturalist	Observations	234227626		bogend	2024-08-06T22:02:28	CC_BY_NC_4_0	bogend	bogend			2025-01-14T13:42:55.926Z	StillImage	COORDINATE_ROUNDED;CONTINENT_DERIVED_FROM_COORDINATES;TAXON_MATCH_TAXON_ID_IGNORED
4923992504	50c9509d-22c7-4a22-a47d-8c48425ef4a7	https://www.inaturalist.org/observations/234229776	Fungi	Basidiomycota	Agaricomycetes	Polyporales	Polyporaceae	Cryptoporus	Cryptoporus volvatus		SPECIES	Cryptoporus volvatus (Peck) Shear	Cryptoporus volvatus		CA		Ontario	PRESENT		28eb1a3f-1c15-4a95-931a-4af90ecb574d	45.256541	-76.770404	31.0						2024-05-04T15:43	4	5	2024	5248035	5248035	HUMAN_OBSERVATION	iNaturalist	Observations	234229776		bogend	2024-08-06T22:15:37	CC_BY_NC_4_0	bogend	bogend			2025-01-14T12:48:38.595Z	StillImage	COORDINATE_ROUNDED;CONTINENT_DERIVED_FROM_COORDINATES;TAXON_MATCH_TAXON_ID_IGNORED
4919241630	50c9509d-22c7-4a22-a47d-8c48425ef4a7	https://www.inaturalist.org/observations/232141389	Fungi	Basidiomycota	Agaricomycetes	Polyporales	Polyporaceae	Cryptoporus	Cryptoporus volvatus		SPECIES	Cryptoporus volvatus (Peck) Shear	Cryptoporus volvatus		CA		Ontario	PRESENT		28eb1a3f-1c15-4a95-931a-4af90ecb574d	45.878262	-77.684242	4.0						2024-07-26T10:53:19	26	7	2024	5248035	5248035	HUMAN_OBSERVATION	iNaturalist	Observations	232141389		Mike Theil	2024-07-27T22:55:12	CC_BY_NC_4_0	Mike Theil	Mike Theil			2025-01-14T12:48:02.930Z	StillImage	COORDINATE_ROUNDED;CONTINENT_DERIVED_FROM_COORDINATES;TAXON_MATCH_TAXON_ID_IGNORED
4908539523	50c9509d-22c7-4a22-a47d-8c48425ef4a7	https://www.inaturalist.org/observations/229964776	Fungi	Basidiomycota	Agaricomycetes	Polyporales	Polyporaceae	Cryptoporus	Cryptoporus volvatus		SPECIES	Cryptoporus volvatus (Peck) Shear	Cryptoporus volvatus		CA		Québec	PRESENT		28eb1a3f-1c15-4a95-931a-4af90ecb574d	48.798411	-64.222222	16.0						2024-07-01T19:29	1	7	2024	5248035	5248035	HUMAN_OBSERVATION	iNaturalist	Observations	229964776		gabboilard	2024-07-17T20:07:05	CC_BY_NC_4_0	gabboilard	gabboilard			2025-01-14T13:42:07.379Z	StillImage	COORDINATE_ROUNDED;CONTINENT_DERIVED_FROM_COORDINATES;TAXON_MATCH_TAXON_ID_IGNORED
4904190155	50c9509d-22c7-4a22-a47d-8c48425ef4a7	https://www.inaturalist.org/observations/225570146	Fungi	Basidiomycota	Agaricomycetes	Polyporales	Polyporaceae	Cryptoporus	Cryptoporus volvatus		SPECIES	Cryptoporus volvatus (Peck) Shear	Cryptoporus volvatus		CA		Ontario	PRESENT		28eb1a3f-1c15-4a95-931a-4af90ecb574d	45.319641	-75.732835	246.0						2024-06-27T10:26	27	6	2024	5248035	5248035	HUMAN_OBSERVATION	iNaturalist	Observations	225570146		L Joan Heyding	2024-06-27T19:04:30	CC_BY_NC_4_0	L Joan Heyding	L Joan Heyding			2025-01-14T12:55:40.764Z	StillImage	COORDINATE_ROUNDED;CONTINENT_DERIVED_FROM_COORDINATES;TAXON_MATCH_TAXON_ID_IGNORED
4903802757	50c9509d-22c7-4a22-a47d-8c48425ef4a7	https://www.inaturalist.org/observations/225399941	Fungi	Basidiomycota	Agaricomycetes	Polyporales	Polyporaceae	Cryptoporus	Cryptoporus volvatus		SPECIES	Cryptoporus volvatus (Peck) Shear	Cryptoporus volvatus		CA		Québec	PRESENT		28eb1a3f-1c15-4a95-931a-4af90ecb574d	45.872811	-76.4339	501.0						2024-06-26T08:54	26	6	2024	5248035	5248035	HUMAN_OBSERVATION	iNaturalist	Observations	225399941		L Joan Heyding	2024-06-26T22:35:35	CC_BY_NC_4_0	L Joan Heyding	L Joan Heyding			2025-01-14T12:48:44.194Z	StillImage	COORDINATE_ROUNDED;CONTINENT_DERIVED_FROM_COORDINATES;TAXON_MATCH_TAXON_ID_IGNORED
4902134446	50c9509d-22c7-4a22-a47d-8c48425ef4a7	https://www.inaturalist.org/observations/222987971	Fungi	Basidiomycota	Agaricomycetes	Polyporales	Polyporaceae	Cryptoporus	Cryptoporus volvatus		SPECIES	Cryptoporus volvatus (Peck) Shear	Cryptoporus volvatus		CA		New Brunswick	PRESENT		28eb1a3f-1c15-4a95-931a-4af90ecb574d	45.586909	-64.974061	4.0						2024-05-08T16:12:37	8	5	2024	5248035	5248035	HUMAN_OBSERVATION	iNaturalist	Observations	222987971		Caitlin Willier	2024-06-16T00:45:11	CC_BY_NC_4_0	Caitlin Willier	Caitlin Willier			2025-01-14T13:45:46.133Z	StillImage	COORDINATE_ROUNDED;CONTINENT_DERIVED_FROM_COORDINATES;TAXON_MATCH_TAXON_ID_IGNORED
4892080683	50c9509d-22c7-4a22-a47d-8c48425ef4a7	https://www.inaturalist.org/observations/221643529	Fungi	Basidiomycota	Agaricomycetes	Polyporales	Polyporaceae	Cryptoporus	Cryptoporus volvatus		SPECIES	Cryptoporus volvatus (Peck) Shear	Cryptoporus volvatus		CA		Ontario	PRESENT		28eb1a3f-1c15-4a95-931a-4af90ecb574d	45.757207	-77.886558							2024-06-08T14:59	8	6	2024	5248035	5248035	HUMAN_OBSERVATION	iNaturalist	Observations	221643529		bobl2	2024-06-09T19:17:52	CC_BY_NC_4_0	bobl2	bobl2			2025-01-14T13:32:27.289Z	StillImage	COORDINATE_ROUNDED;CONTINENT_DERIVED_FROM_COORDINATES;TAXON_MATCH_TAXON_ID_IGNORED
4891906495	50c9509d-22c7-4a22-a47d-8c48425ef4a7	https://www.inaturalist.org/observations/220830438	Fungi	Basidiomycota	Agaricomycetes	Polyporales	Polyporaceae	Cryptoporus	Cryptoporus volvatus		SPECIES	Cryptoporus volvatus (Peck) Shear	Cryptoporus volvatus		CA		New Brunswick	PRESENT		28eb1a3f-1c15-4a95-931a-4af90ecb574d	45.58693	-64.974075	4.0						2024-05-15T10:52:37	15	5	2024	5248035	5248035	HUMAN_OBSERVATION	iNaturalist	Observations	220830438		Dylan Lewis	2024-06-06T05:53:19	CC_BY_4_0	Dylan Lewis	Dylan Lewis			2025-01-14T13:41:23.825Z	StillImage	CONTINENT_DERIVED_FROM_COORDINATES;TAXON_MATCH_TAXON_ID_IGNORED
4891828324	50c9509d-22c7-4a22-a47d-8c48425ef4a7	https://www.inaturalist.org/observations/220913934	Fungi	Basidiomycota	Agaricomycetes	Polyporales	Polyporaceae	Cryptoporus	Cryptoporus volvatus		SPECIES	Cryptoporus volvatus (Peck) Shear	Cryptoporus volvatus		CA		New Brunswick	PRESENT		28eb1a3f-1c15-4a95-931a-4af90ecb574d	46.301089	-64.566506	17.0						2024-06-06T09:24	6	6	2024	5248035	5248035	HUMAN_OBSERVATION	iNaturalist	Observations	220913934		Raymonde G Chartier	2024-06-06T16:26:49	CC_BY_NC_4_0	Raymonde G Chartier	Raymonde G Chartier			2025-01-14T13:41:42.196Z	StillImage	CONTINENT_DERIVED_FROM_COORDINATES;TAXON_MATCH_TAXON_ID_IGNORED
4875525949	50c9509d-22c7-4a22-a47d-8c48425ef4a7	https://www.inaturalist.org/observations/220006984	Fungi	Basidiomycota	Agaricomycetes	Polyporales	Polyporaceae	Cryptoporus	Cryptoporus volvatus		SPECIES	Cryptoporus volvatus (Peck) Shear	Cryptoporus volvatus		CA		New Brunswick	PRESENT		28eb1a3f-1c15-4a95-931a-4af90ecb574d	45.586928	-64.974101	4.0						2024-06-01T18:19:30	1	6	2024	5248035	5248035	HUMAN_OBSERVATION	iNaturalist	Observations	220006984		sunsie	2024-06-02T15:10:19	CC_BY_NC_4_0	sunsie	sunsie			2025-01-14T13:45:40.461Z	StillImage	COORDINATE_ROUNDED;CONTINENT_DERIVED_FROM_COORDINATES;TAXON_MATCH_TAXON_ID_IGNORED
4875187345	50c9509d-22c7-4a22-a47d-8c48425ef4a7	https://www.inaturalist.org/observations/220495773	Fungi	Basidiomycota	Agaricomycetes	Polyporales	Polyporaceae	Cryptoporus	Cryptoporus volvatus		SPECIES	Cryptoporus volvatus (Peck) Shear	Cryptoporus volvatus		CA		New Brunswick	PRESENT		28eb1a3f-1c15-4a95-931a-4af90ecb574d	45.78552	-66.187813	18.0						2024-06-04T10:19:15	4	6	2024	5248035	5248035	HUMAN_OBSERVATION	iNaturalist	Observations	220495773		chels_01	2024-06-04T16:23:47	CC_BY_NC_4_0	chels_01	chels_01			2025-01-14T12:45:38.243Z	StillImage	COORDINATE_ROUNDED;CONTINENT_DERIVED_FROM_COORDINATES;TAXON_MATCH_TAXON_ID_IGNORED
4863654214	50c9509d-22c7-4a22-a47d-8c48425ef4a7	https://www.inaturalist.org/observations/214511323	Fungi	Basidiomycota	Agaricomycetes	Polyporales	Polyporaceae	Cryptoporus	Cryptoporus volvatus		SPECIES	Cryptoporus volvatus (Peck) Shear	Cryptoporus volvatus		CA		New Brunswick	PRESENT		28eb1a3f-1c15-4a95-931a-4af90ecb574d	45.586881	-64.974028							2024-05-08T16:08:32	8	5	2024	5248035	5248035	HUMAN_OBSERVATION	iNaturalist	Observations	214511323		leahdef	2024-05-09T02:32:48	CC_BY_NC_4_0	leahdef	leahdef			2025-01-14T12:45:19.016Z	StillImage	COORDINATE_ROUNDED;CONTINENT_DERIVED_FROM_COORDINATES;TAXON_MATCH_TAXON_ID_IGNORED
4863618520	50c9509d-22c7-4a22-a47d-8c48425ef4a7	https://www.inaturalist.org/observations/214809794	Fungi	Basidiomycota	Agaricomycetes	Polyporales	Polyporaceae	Cryptoporus	Cryptoporus volvatus		SPECIES	Cryptoporus volvatus (Peck) Shear	Cryptoporus volvatus		CA		Ontario	PRESENT		28eb1a3f-1c15-4a95-931a-4af90ecb574d	45.405692	-75.563092	202.0						2024-05-09T12:30	9	5	2024	5248035	5248035	HUMAN_OBSERVATION	iNaturalist	Observations	214809794		Igor Khomenko	2024-05-10T15:59:03	CC_BY_NC_4_0	Igor Khomenko	Igor Khomenko			2025-01-14T12:44:31.537Z	StillImage	COORDINATE_ROUNDED;CONTINENT_DERIVED_FROM_COORDINATES;TAXON_MATCH_TAXON_ID_IGNORED
4863393134	50c9509d-22c7-4a22-a47d-8c48425ef4a7	https://www.inaturalist.org/observations/214898451	Fungi	Basidiomycota	Agaricomycetes	Polyporales	Polyporaceae	Cryptoporus	Cryptoporus volvatus		SPECIES	Cryptoporus volvatus (Peck) Shear	Cryptoporus volvatus		CA		Ontario	PRESENT		28eb1a3f-1c15-4a95-931a-4af90ecb574d	45.033229	-75.658223	392.0						2024-05-10T12:58	10	5	2024	5248035	5248035	HUMAN_OBSERVATION	iNaturalist	Observations	214898451		Sorrel	2024-05-11T03:33:12	CC_BY_NC_4_0	Heather Pickard	Heather Pickard			2025-01-14T13:40:52.845Z	StillImage	COORDINATE_ROUNDED;CONTINENT_DERIVED_FROM_COORDINATES;TAXON_MATCH_TAXON_ID_IGNORED
4863385581	50c9509d-22c7-4a22-a47d-8c48425ef4a7	https://www.inaturalist.org/observations/214495430	Fungi	Basidiomycota	Agaricomycetes	Polyporales	Polyporaceae	Cryptoporus	Cryptoporus volvatus		SPECIES	Cryptoporus volvatus (Peck) Shear	Cryptoporus volvatus		CA		New Brunswick	PRESENT		28eb1a3f-1c15-4a95-931a-4af90ecb574d	45.586944	-64.974061	11.0						2024-05-08T16:10	8	5	2024	5248035	5248035	HUMAN_OBSERVATION	iNaturalist	Observations	214495430		Bruce Bennett	2024-05-09T00:36:30	CC_BY_NC_4_0	Bruce Bennett	Bruce Bennett			2025-01-14T13:31:36.860Z	StillImage	COORDINATE_ROUNDED;CONTINENT_DERIVED_FROM_COORDINATES;TAXON_MATCH_TAXON_ID_IGNORED
4855377209	50c9509d-22c7-4a22-a47d-8c48425ef4a7	https://www.inaturalist.org/observations/213217863	Fungi	Basidiomycota	Agaricomycetes	Polyporales	Polyporaceae	Cryptoporus	Cryptoporus volvatus		SPECIES	Cryptoporus volvatus (Peck) Shear	Cryptoporus volvatus		CA		Ontario	PRESENT		28eb1a3f-1c15-4a95-931a-4af90ecb574d	45.322288	-75.802163	6.0						2024-05-03T15:01:51	3	5	2024	5248035	5248035	HUMAN_OBSERVATION	iNaturalist	Observations	213217863		janesly	2024-05-03T19:02:57	CC_BY_NC_4_0	janesly	janesly			2025-01-14T12:44:47.609Z	StillImage	COORDINATE_ROUNDED;CONTINENT_DERIVED_FROM_COORDINATES;TAXON_MATCH_TAXON_ID_IGNORED
4852987485	50c9509d-22c7-4a22-a47d-8c48425ef4a7	https://www.inaturalist.org/observations/208787841	Fungi	Basidiomycota	Agaricomycetes	Polyporales	Polyporaceae	Cryptoporus	Cryptoporus volvatus		SPECIES	Cryptoporus volvatus (Peck) Shear	Cryptoporus volvatus		CA		Ontario	PRESENT		28eb1a3f-1c15-4a95-931a-4af90ecb574d	45.063603	-76.398624							2024-04-22T16:11	22	4	2024	5248035	5248035	HUMAN_OBSERVATION	iNaturalist	Observations	208787841		Nata Culhane	2024-04-22T22:02:34	CC_BY_NC_4_0	Nata Culhane	Nata Culhane			2025-01-14T12:44:52.681Z	StillImage	COORDINATE_ROUNDED;CONTINENT_DERIVED_FROM_COORDINATES;TAXON_MATCH_TAXON_ID_IGNORED
4852910599	50c9509d-22c7-4a22-a47d-8c48425ef4a7	https://www.inaturalist.org/observations/209125629	Fungi	Basidiomycota	Agaricomycetes	Polyporales	Polyporaceae	Cryptoporus	Cryptoporus volvatus		SPECIES	Cryptoporus volvatus (Peck) Shear	Cryptoporus volvatus		CA		Ontario	PRESENT		28eb1a3f-1c15-4a95-931a-4af90ecb574d	45.355123	-75.608547	2656.0						2024-04-24T15:13:39	24	4	2024	5248035	5248035	HUMAN_OBSERVATION	iNaturalist	Observations	209125629		Sorrel	2024-04-27T00:14:53	CC_BY_NC_4_0	David Thomas Glover	David Thomas Glover			2025-01-14T13:40:37.606Z	StillImage	COORDINATE_ROUNDED;CONTINENT_DERIVED_FROM_COORDINATES;TAXON_MATCH_TAXON_ID_IGNORED
4852402868	50c9509d-22c7-4a22-a47d-8c48425ef4a7	https://www.inaturalist.org/observations/208706718	Fungi	Basidiomycota	Agaricomycetes	Polyporales	Polyporaceae	Cryptoporus	Cryptoporus volvatus		SPECIES	Cryptoporus volvatus (Peck) Shear	Cryptoporus volvatus		CA		Ontario	PRESENT		28eb1a3f-1c15-4a95-931a-4af90ecb574d	45.198977	-76.237562							2024-04-21T14:36	21	4	2024	5248035	5248035	HUMAN_OBSERVATION	iNaturalist	Observations	208706718		kaedenmacd	2024-04-22T17:23:09	CC_BY_NC_4_0	almonteallisons	almonteallisons			2025-01-14T12:46:13.628Z	StillImage	COORDINATE_ROUNDED;CONTINENT_DERIVED_FROM_COORDINATES;TAXON_MATCH_TAXON_ID_IGNORED
4846902994	50c9509d-22c7-4a22-a47d-8c48425ef4a7	https://www.inaturalist.org/observations/207214714	Fungi	Basidiomycota	Agaricomycetes	Polyporales	Polyporaceae	Cryptoporus	Cryptoporus volvatus		SPECIES	Cryptoporus volvatus (Peck) Shear	Cryptoporus volvatus		CA		Ontario	PRESENT		28eb1a3f-1c15-4a95-931a-4af90ecb574d	45.448359	-75.686464	33.0						2024-04-14T10:50	14	4	2024	5248035	5248035	HUMAN_OBSERVATION	iNaturalist	Observations	207214714		Sorrel	2024-04-14T21:52:33	CC_BY_4_0	christine123	christine123			2025-01-14T13:44:51.353Z	StillImage	COORDINATE_ROUNDED;CONTINENT_DERIVED_FROM_COORDINATES;TAXON_MATCH_TAXON_ID_IGNORED
4607484131	50c9509d-22c7-4a22-a47d-8c48425ef4a7	https://www.inaturalist.org/observations/206151248	Fungi	Basidiomycota	Agaricomycetes	Polyporales	Polyporaceae	Cryptoporus	Cryptoporus volvatus		SPECIES	Cryptoporus volvatus (Peck) Shear	Cryptoporus volvatus		CA		Ontario	PRESENT		28eb1a3f-1c15-4a95-931a-4af90ecb574d	45.320594	-75.736991							2024-04-08T16:19:31	8	4	2024	5248035	5248035	HUMAN_OBSERVATION	iNaturalist	Observations	206151248		Mars Dolan	2024-04-08T22:15:51	CC_BY_NC_4_0	Mars Dolan	Mars Dolan			2025-01-14T12:44:57.874Z	StillImage	COORDINATE_ROUNDED;CONTINENT_DERIVED_FROM_COORDINATES;TAXON_MATCH_TAXON_ID_IGNORED
4424133249	50c9509d-22c7-4a22-a47d-8c48425ef4a7	https://www.inaturalist.org/observations/186341611	Fungi	Basidiomycota	Agaricomycetes	Polyporales	Polyporaceae	Cryptoporus	Cryptoporus volvatus		SPECIES	Cryptoporus volvatus (Peck) Shear	Cryptoporus volvatus		CA		Ontario	PRESENT		28eb1a3f-1c15-4a95-931a-4af90ecb574d	45.551905	-78.559172	4.0						2023-10-02T14:16:06	2	10	2023	5248035	5248035	HUMAN_OBSERVATION	iNaturalist	Observations	186341611		vectoris	2023-10-05T22:51:53	CC_BY_NC_4_0	vectoris	vectoris			2025-01-14T12:40:38.157Z	StillImage	COORDINATE_ROUNDED;CONTINENT_DERIVED_FROM_COORDINATES;TAXON_MATCH_TAXON_ID_IGNORED
4421222137	50c9509d-22c7-4a22-a47d-8c48425ef4a7	https://www.inaturalist.org/observations/185993052	Fungi	Basidiomycota	Agaricomycetes	Polyporales	Polyporaceae	Cryptoporus	Cryptoporus volvatus		SPECIES	Cryptoporus volvatus (Peck) Shear	Cryptoporus volvatus		CA		Ontario	PRESENT		28eb1a3f-1c15-4a95-931a-4af90ecb574d	45.442953	-75.181094	5.0						2022-05-14T10:31	14	5	2022	5248035	5248035	HUMAN_OBSERVATION	iNaturalist	Observations	185993052		Jakob Mueller	2023-10-03T02:49:57	CC_BY_NC_4_0	Jakob Mueller	Jakob Mueller			2025-01-14T12:40:21.591Z	StillImage	COORDINATE_ROUNDED;CONTINENT_DERIVED_FROM_COORDINATES;TAXON_MATCH_TAXON_ID_IGNORED
4420713587	50c9509d-22c7-4a22-a47d-8c48425ef4a7	https://www.inaturalist.org/observations/181262082	Fungi	Basidiomycota	Agaricomycetes	Polyporales	Polyporaceae	Cryptoporus	Cryptoporus volvatus		SPECIES	Cryptoporus volvatus (Peck) Shear	Cryptoporus volvatus		CA		Ontario	PRESENT		28eb1a3f-1c15-4a95-931a-4af90ecb574d	45.022866	-77.589554	8.0						2023-08-13T18:56	13	8	2023	5248035	5248035	HUMAN_OBSERVATION	iNaturalist	Observations	181262082		Jim Thompson	2023-09-01T21:27:07	CC_BY_NC_4_0	Jim Thompson	Jim Thompson			2025-01-14T13:28:55.661Z	StillImage	COORDINATE_ROUNDED;CONTINENT_DERIVED_FROM_COORDINATES;TAXON_MATCH_TAXON_ID_IGNORED
4400480684	50c9509d-22c7-4a22-a47d-8c48425ef4a7	https://www.inaturalist.org/observations/179006444	Fungi	Basidiomycota	Agaricomycetes	Polyporales	Polyporaceae	Cryptoporus	Cryptoporus volvatus		SPECIES	Cryptoporus volvatus (Peck) Shear	Cryptoporus volvatus		CA		Prince Edward Island	PRESENT		28eb1a3f-1c15-4a95-931a-4af90ecb574d	46.725552	-64.262289	31.0						2023-08-14T15:44	14	8	2023	5248035	5248035	HUMAN_OBSERVATION	iNaturalist	Observations	179006444		Rosemary Curley	2023-08-18T16:21:47	CC_BY_NC_4_0	Rosemary Curley	Rosemary Curley			2025-01-14T13:26:27.247Z	StillImage	COORDINATE_ROUNDED;CONTINENT_DERIVED_FROM_COORDINATES;TAXON_MATCH_TAXON_ID_IGNORED
4177518947	50c9509d-22c7-4a22-a47d-8c48425ef4a7	https://www.inaturalist.org/observations/178592088	Fungi	Basidiomycota	Agaricomycetes	Polyporales	Polyporaceae	Cryptoporus	Cryptoporus volvatus		SPECIES	Cryptoporus volvatus (Peck) Shear	Cryptoporus volvatus		CA		Prince Edward Island	PRESENT		28eb1a3f-1c15-4a95-931a-4af90ecb574d	46.834213	-64.063674	100.0						2023-08-14T11:18	14	8	2023	5248035	5248035	HUMAN_OBSERVATION	iNaturalist	Observations	178592088		Rosemary Curley	2023-08-15T21:08:44	CC_BY_NC_4_0	Rosemary Curley	Rosemary Curley			2025-01-14T13:32:02.610Z	StillImage	COORDINATE_ROUNDED;CONTINENT_DERIVED_FROM_COORDINATES;TAXON_MATCH_TAXON_ID_IGNORED
4172143548	50c9509d-22c7-4a22-a47d-8c48425ef4a7	https://www.inaturalist.org/observations/176450116	Fungi	Basidiomycota	Agaricomycetes	Polyporales	Polyporaceae	Cryptoporus	Cryptoporus volvatus		SPECIES	Cryptoporus volvatus (Peck) Shear	Cryptoporus volvatus		CA		New Brunswick	PRESENT		28eb1a3f-1c15-4a95-931a-4af90ecb574d	45.569519	-65.018463	4.0						2023-08-03T11:30:40	3	8	2023	5248035	5248035	HUMAN_OBSERVATION	iNaturalist	Observations	176450116		Allanah Vokes	2023-08-03T15:52:09	CC_BY_NC_4_0	Allanah Vokes	Allanah Vokes			2025-01-14T12:39:50.306Z	StillImage	COORDINATE_ROUNDED;CONTINENT_DERIVED_FROM_COORDINATES;TAXON_MATCH_TAXON_ID_IGNORED
4166370124	695cef75-b65f-4776-b2ed-74565eebb16e	02-01000641610	Fungi	Basidiomycota	Agaricomycetes	Polyporales	Polyporaceae	Cryptoporus	Cryptoporus volvatus		SPECIES	Cryptoporus volvatus (Peck) Shear	Cryptoporus volvatus	(Peck) Shear	CA	Algonquin Prov. Park, Basin Lake	Ontario	PRESENT		055bd978-2daa-4543-b3f0-44e0e87e86ca	45.725	-72.7917							1976-06-07	7	6	1976	5248035	5248035	PRESERVED_SPECIMEN	AAFC	DAOM	186789				CC_BY_4_0	©His Majesty the King in Right of Canada, as represented by the Minister of Agriculture and Agri-Food	Paul Johnson			2025-01-12T05:11:15.756Z		GEODETIC_DATUM_ASSUMED_WGS84;CONTINENT_DERIVED_FROM_COORDINATES;TAXON_MATCH_TAXON_ID_IGNORED;INSTITUTION_MATCH_FUZZY
4165570742	50c9509d-22c7-4a22-a47d-8c48425ef4a7	https://www.inaturalist.org/observations/174262508	Fungi	Basidiomycota	Agaricomycetes	Polyporales	Polyporaceae	Cryptoporus	Cryptoporus volvatus		SPECIES	Cryptoporus volvatus (Peck) Shear	Cryptoporus volvatus		CA		New Brunswick	PRESENT		28eb1a3f-1c15-4a95-931a-4af90ecb574d	45.676255	-65.001014	12.0						2023-07-20T13:51:27	20	7	2023	5248035	5248035	HUMAN_OBSERVATION	iNaturalist	Observations	174262508		Laura O'Connor	2023-07-22T13:16:27	CC_BY_NC_4_0	Laura O'Connor	Laura O'Connor			2025-01-14T13:41:46.284Z	StillImage	COORDINATE_ROUNDED;CONTINENT_DERIVED_FROM_COORDINATES;TAXON_MATCH_TAXON_ID_IGNORED
4165538114	50c9509d-22c7-4a22-a47d-8c48425ef4a7	https://www.inaturalist.org/observations/173761187	Fungi	Basidiomycota	Agaricomycetes	Polyporales	Polyporaceae	Cryptoporus	Cryptoporus volvatus		SPECIES	Cryptoporus volvatus (Peck) Shear	Cryptoporus volvatus		CA		Québec	PRESENT		28eb1a3f-1c15-4a95-931a-4af90ecb574d	46.0052	-75.087191	48.0						2023-07-19T08:51:28	19	7	2023	5248035	5248035	HUMAN_OBSERVATION	iNaturalist	Observations	173761187		gabboilard	2023-07-19T13:31:17	CC_BY_NC_4_0	gabboilard	gabboilard			2025-01-14T12:39:52.601Z	StillImage	COORDINATE_ROUNDED;CONTINENT_DERIVED_FROM_COORDINATES;TAXON_MATCH_TAXON_ID_IGNORED
4145734600	50c9509d-22c7-4a22-a47d-8c48425ef4a7	https://www.inaturalist.org/observations/170282116	Fungi	Basidiomycota	Agaricomycetes	Polyporales	Polyporaceae	Cryptoporus	Cryptoporus volvatus		SPECIES	Cryptoporus volvatus (Peck) Shear	Cryptoporus volvatus		CA		Prince Edward Island	PRESENT		28eb1a3f-1c15-4a95-931a-4af90ecb574d	46.836884	-64.059044	50.0						2023-06-29T13:22	29	6	2023	5248035	5248035	HUMAN_OBSERVATION	iNaturalist	Observations	170282116		Rosemary Curley	2023-06-30T14:55:46	CC_BY_NC_4_0	Rosemary Curley	Rosemary Curley			2025-01-14T13:30:48.044Z	StillImage	COORDINATE_ROUNDED;CONTINENT_DERIVED_FROM_COORDINATES;TAXON_MATCH_TAXON_ID_IGNORED
4137707359	50c9509d-22c7-4a22-a47d-8c48425ef4a7	https://www.inaturalist.org/observations/42011033	Fungi	Basidiomycota	Agaricomycetes	Polyporales	Polyporaceae	Cryptoporus	Cryptoporus volvatus		SPECIES	Cryptoporus volvatus (Peck) Shear	Cryptoporus volvatus		CA		Ontario	PRESENT		28eb1a3f-1c15-4a95-931a-4af90ecb574d	45.254103	-76.888657	24.0						2020-04-12T13:12:43	12	4	2020	5248035	5248035	HUMAN_OBSERVATION	iNaturalist	Observations	42011033		hchrish200	2020-08-08T01:48:40	CC_BY_NC_4_0	drmethane	drmethane			2025-01-14T13:06:33.438Z	StillImage	COORDINATE_ROUNDED;CONTINENT_DERIVED_FROM_COORDINATES;TAXON_MATCH_TAXON_ID_IGNORED
4137631444	50c9509d-22c7-4a22-a47d-8c48425ef4a7	https://www.inaturalist.org/observations/79053288	Fungi	Basidiomycota	Agaricomycetes	Polyporales	Polyporaceae	Cryptoporus	Cryptoporus volvatus		SPECIES	Cryptoporus volvatus (Peck) Shear	Cryptoporus volvatus		CA		Ontario	PRESENT		28eb1a3f-1c15-4a95-931a-4af90ecb574d	45.337757	-79.163746	65.0						2021-05-16T16:25:05	16	5	2021	5248035	5248035	HUMAN_OBSERVATION	iNaturalist	Observations	79053288		Ben	2022-03-29T23:37:23	CC_BY_NC_4_0	thesquires	thesquires			2025-01-14T13:08:07.511Z	StillImage	COORDINATE_ROUNDED;CONTINENT_DERIVED_FROM_COORDINATES;TAXON_MATCH_TAXON_ID_IGNORED
4133794523	50c9509d-22c7-4a22-a47d-8c48425ef4a7	https://www.inaturalist.org/observations/164791009	Fungi	Basidiomycota	Agaricomycetes	Polyporales	Polyporaceae	Cryptoporus	Cryptoporus volvatus		SPECIES	Cryptoporus volvatus (Peck) Shear	Cryptoporus volvatus		CA		Ontario	PRESENT		28eb1a3f-1c15-4a95-931a-4af90ecb574d	45.202271	-78.699381	3.0						2023-05-31T07:59:12	31	5	2023	5248035	5248035	HUMAN_OBSERVATION	iNaturalist	Observations	164791009		bugguy83	2023-05-31T12:00:45	CC_BY_NC_4_0	bugguy83	bugguy83			2025-01-14T13:26:06.590Z	StillImage	COORDINATE_ROUNDED;CONTINENT_DERIVED_FROM_COORDINATES;TAXON_MATCH_TAXON_ID_IGNORED
4130147678	50c9509d-22c7-4a22-a47d-8c48425ef4a7	https://www.inaturalist.org/observations/165697527	Fungi	Basidiomycota	Agaricomycetes	Polyporales	Polyporaceae	Cryptoporus	Cryptoporus volvatus		SPECIES	Cryptoporus volvatus (Peck) Shear	Cryptoporus volvatus		CA		Ontario	PRESENT		28eb1a3f-1c15-4a95-931a-4af90ecb574d	45.553621	-78.596347	40.0						2023-05-13T15:11:02	13	5	2023	5248035	5248035	HUMAN_OBSERVATION	iNaturalist	Observations	165697527		mycowalt	2023-06-06T01:42:09	CC_BY_NC_4_0	chelsemantics	chelsemantics			2025-01-14T13:30:47.833Z	StillImage	COORDINATE_ROUNDED;CONTINENT_DERIVED_FROM_COORDINATES;TAXON_MATCH_TAXON_ID_IGNORED
4130001977	50c9509d-22c7-4a22-a47d-8c48425ef4a7	https://www.inaturalist.org/observations/165575780	Fungi	Basidiomycota	Agaricomycetes	Polyporales	Polyporaceae	Cryptoporus	Cryptoporus volvatus		SPECIES	Cryptoporus volvatus (Peck) Shear	Cryptoporus volvatus		CA		New Brunswick	PRESENT		28eb1a3f-1c15-4a95-931a-4af90ecb574d	46.483003	-64.717986	3.0						2023-06-04T12:15	4	6	2023	5248035	5248035	HUMAN_OBSERVATION	iNaturalist	Observations	165575780		dtrynchuk	2023-06-04T19:33:41	CC_BY_NC_4_0	dtrynchuk	dtrynchuk			2025-01-14T12:35:27.170Z	StillImage	COORDINATE_ROUNDED;CONTINENT_DERIVED_FROM_COORDINATES;TAXON_MATCH_TAXON_ID_IGNORED
4126823178	50c9509d-22c7-4a22-a47d-8c48425ef4a7	https://www.inaturalist.org/observations/162022526	Fungi	Basidiomycota	Agaricomycetes	Polyporales	Polyporaceae	Cryptoporus	Cryptoporus volvatus		SPECIES	Cryptoporus volvatus (Peck) Shear	Cryptoporus volvatus		CA		Ontario	PRESENT		28eb1a3f-1c15-4a95-931a-4af90ecb574d	45.527664	-78.677394	488.0						2023-05-10T10:30	10	5	2023	5248035	5248035	HUMAN_OBSERVATION	iNaturalist	Observations	162022526		louisetrussler	2023-05-16T19:38:13	CC_BY_NC_4_0	louisetrussler	louisetrussler			2025-01-14T13:23:41.898Z	StillImage	COORDINATE_ROUNDED;CONTINENT_DERIVED_FROM_COORDINATES;TAXON_MATCH_TAXON_ID_IGNORED
4116611301	50c9509d-22c7-4a22-a47d-8c48425ef4a7	https://www.inaturalist.org/observations/161977274	Fungi	Basidiomycota	Agaricomycetes	Polyporales	Polyporaceae	Cryptoporus	Cryptoporus volvatus		SPECIES	Cryptoporus volvatus (Peck) Shear	Cryptoporus volvatus		CA		Québec	PRESENT		28eb1a3f-1c15-4a95-931a-4af90ecb574d	47.256293	-69.885047	8.0						2023-05-16T08:42	16	5	2023	5248035	5248035	HUMAN_OBSERVATION	iNaturalist	Observations	161977274		Julien Savoie	2023-05-16T14:38:09	CC_BY_4_0	Julien Savoie	Julien Savoie			2025-01-14T12:36:14.561Z	StillImage	COORDINATE_ROUNDED;CONTINENT_DERIVED_FROM_COORDINATES;TAXON_MATCH_TAXON_ID_IGNORED
4116322758	50c9509d-22c7-4a22-a47d-8c48425ef4a7	https://www.inaturalist.org/observations/160997373	Fungi	Basidiomycota	Agaricomycetes	Polyporales	Polyporaceae	Cryptoporus	Cryptoporus volvatus		SPECIES	Cryptoporus volvatus (Peck) Shear	Cryptoporus volvatus		CA		Ontario	PRESENT		28eb1a3f-1c15-4a95-931a-4af90ecb574d	46.371721	-79.116664	378.0						2023-05-10T14:06:20	10	5	2023	5248035	5248035	HUMAN_OBSERVATION	iNaturalist	Observations	160997373		Ben	2023-05-11T02:37:29	CC_BY_NC_4_0	Josh Whiting	Josh Whiting			2025-01-14T12:36:15.048Z	StillImage	COORDINATE_ROUNDED;CONTINENT_DERIVED_FROM_COORDINATES;TAXON_MATCH_TAXON_ID_IGNORED
4116103525	50c9509d-22c7-4a22-a47d-8c48425ef4a7	https://www.inaturalist.org/observations/160766154	Fungi	Basidiomycota	Agaricomycetes	Polyporales	Polyporaceae	Cryptoporus	Cryptoporus volvatus		SPECIES	Cryptoporus volvatus (Peck) Shear	Cryptoporus volvatus		CA		Ontario	PRESENT		28eb1a3f-1c15-4a95-931a-4af90ecb574d	45.353822	-75.591604	4.0						2023-05-09T13:09:55	9	5	2023	5248035	5248035	HUMAN_OBSERVATION	iNaturalist	Observations	160766154		jmance	2023-05-09T17:10:12	CC_BY_NC_4_0	jmance	jmance			2025-01-14T12:35:07.803Z	StillImage	COORDINATE_ROUNDED;CONTINENT_DERIVED_FROM_COORDINATES;TAXON_MATCH_TAXON_ID_IGNORED
4111917914	50c9509d-22c7-4a22-a47d-8c48425ef4a7	https://www.inaturalist.org/observations/160437501	Fungi	Basidiomycota	Agaricomycetes	Polyporales	Polyporaceae	Cryptoporus	Cryptoporus volvatus		SPECIES	Cryptoporus volvatus (Peck) Shear	Cryptoporus volvatus		CA		Ontario	PRESENT		28eb1a3f-1c15-4a95-931a-4af90ecb574d	45.352735	-75.592329	255.0						2023-05-07T16:46:13	7	5	2023	5248035	5248035	HUMAN_OBSERVATION	iNaturalist	Observations	160437501		staingen	2023-05-07T22:41:58	CC_BY_NC_4_0	staingen	staingen			2025-01-14T13:29:45.012Z	StillImage	COORDINATE_ROUNDED;CONTINENT_DERIVED_FROM_COORDINATES;TAXON_MATCH_TAXON_ID_IGNORED
4111832013	50c9509d-22c7-4a22-a47d-8c48425ef4a7	https://www.inaturalist.org/observations/160543377	Fungi	Basidiomycota	Agaricomycetes	Polyporales	Polyporaceae	Cryptoporus	Cryptoporus volvatus		SPECIES	Cryptoporus volvatus (Peck) Shear	Cryptoporus volvatus		CA		Ontario	PRESENT		28eb1a3f-1c15-4a95-931a-4af90ecb574d	45.353764	-75.591597							2023-05-07T16:46:05	7	5	2023	5248035	5248035	HUMAN_OBSERVATION	iNaturalist	Observations	160543377		emmaks	2023-05-08T11:56:49	CC_BY_NC_4_0	emmaks	emmaks			2025-01-14T12:35:54.972Z	StillImage	COORDINATE_ROUNDED;CONTINENT_DERIVED_FROM_COORDINATES;TAXON_MATCH_TAXON_ID_IGNORED
4111615410	50c9509d-22c7-4a22-a47d-8c48425ef4a7	https://www.inaturalist.org/observations/148777968	Fungi	Basidiomycota	Agaricomycetes	Polyporales	Polyporaceae	Cryptoporus	Cryptoporus volvatus		SPECIES	Cryptoporus volvatus (Peck) Shear	Cryptoporus volvatus		CA		Québec	PRESENT		28eb1a3f-1c15-4a95-931a-4af90ecb574d	46.497602	-75.166457	305.0						2023-02-14T11:41:57	14	2	2023	5248035	5248035	HUMAN_OBSERVATION	iNaturalist	Observations	148777968		Sorrel	2023-04-27T19:01:48	CC_BY_NC_4_0	a_leneyg	a_leneyg			2025-01-14T13:23:12.285Z	StillImage	COORDINATE_ROUNDED;CONTINENT_DERIVED_FROM_COORDINATES;TAXON_MATCH_TAXON_ID_IGNORED
4102616400	50c9509d-22c7-4a22-a47d-8c48425ef4a7	https://www.inaturalist.org/observations/117054674	Fungi	Basidiomycota	Agaricomycetes	Polyporales	Polyporaceae	Cryptoporus	Cryptoporus volvatus		SPECIES	Cryptoporus volvatus (Peck) Shear	Cryptoporus volvatus		CA		Ontario	PRESENT		28eb1a3f-1c15-4a95-931a-4af90ecb574d	45.444961	-75.185157	513.0						2022-05-14T10:39	14	5	2022	5248035	5248035	HUMAN_OBSERVATION	iNaturalist	Observations	117054674		Loopy30	2022-05-14T23:25:55	CC_BY_4_0	Loopy30	Loopy30			2025-01-14T12:28:56.897Z	StillImage	COORDINATE_ROUNDED;CONTINENT_DERIVED_FROM_COORDINATES;TAXON_MATCH_TAXON_ID_IGNORED
4096743373	50c9509d-22c7-4a22-a47d-8c48425ef4a7	https://www.inaturalist.org/observations/156138169	Fungi	Basidiomycota	Agaricomycetes	Polyporales	Polyporaceae	Cryptoporus	Cryptoporus volvatus		SPECIES	Cryptoporus volvatus (Peck) Shear	Cryptoporus volvatus		CA		Québec	PRESENT		28eb1a3f-1c15-4a95-931a-4af90ecb574d	45.607094	-75.114274	1597.0						2023-04-22T15:22:36	22	4	2023	5248035	5248035	HUMAN_OBSERVATION	iNaturalist	Observations	156138169		Myca	2023-04-22T22:41:02	CC_BY_NC_4_0	Myca	Myca			2025-01-14T12:34:31.547Z	StillImage	COORDINATE_ROUNDED;CONTINENT_DERIVED_FROM_COORDINATES;TAXON_MATCH_TAXON_ID_IGNORED
4096517651	50c9509d-22c7-4a22-a47d-8c48425ef4a7	https://www.inaturalist.org/observations/154505771	Fungi	Basidiomycota	Agaricomycetes	Polyporales	Polyporaceae	Cryptoporus	Cryptoporus volvatus		SPECIES	Cryptoporus volvatus (Peck) Shear	Cryptoporus volvatus		CA		Ontario	PRESENT		28eb1a3f-1c15-4a95-931a-4af90ecb574d	45.236671	-77.162158	30.0						2021-04-24T13:16	24	4	2021	5248035	5248035	HUMAN_OBSERVATION	iNaturalist	Observations	154505771		bogend	2023-04-12T01:21:50	CC_BY_NC_4_0	bogend	bogend			2025-01-14T12:34:41.452Z	StillImage	CONTINENT_DERIVED_FROM_COORDINATES;TAXON_MATCH_TAXON_ID_IGNORED
4075669646	50c9509d-22c7-4a22-a47d-8c48425ef4a7	https://www.inaturalist.org/observations/115736072	Fungi	Basidiomycota	Agaricomycetes	Polyporales	Polyporaceae	Cryptoporus	Cryptoporus volvatus		SPECIES	Cryptoporus volvatus (Peck) Shear	Cryptoporus volvatus		CA		Ontario	PRESENT		28eb1a3f-1c15-4a95-931a-4af90ecb574d	45.244955	-76.255681							2022-05-05T10:39	5	5	2022	5248035	5248035	HUMAN_OBSERVATION	iNaturalist	Observations	115736072		Igor Khomenko	2022-05-09T01:46:43	CC_BY_NC_4_0	Nata Culhane	Nata Culhane			2025-01-14T13:21:45.469Z	StillImage	COORDINATE_ROUNDED;CONTINENT_DERIVED_FROM_COORDINATES;TAXON_MATCH_TAXON_ID_IGNORED
4075628427	50c9509d-22c7-4a22-a47d-8c48425ef4a7	https://www.inaturalist.org/observations/64633715	Fungi	Basidiomycota	Agaricomycetes	Polyporales	Polyporaceae	Cryptoporus	Cryptoporus volvatus		SPECIES	Cryptoporus volvatus (Peck) Shear	Cryptoporus volvatus		CA		Ontario	PRESENT		28eb1a3f-1c15-4a95-931a-4af90ecb574d	45.4	-75.61							2020-06-15T13:08:08	15	6	2020	5248035	5248035	HUMAN_OBSERVATION	iNaturalist	Observations	64633715		Garrett Taylor	2021-01-18T01:11:28	CC0_1_0	Christopher Chad Buchanan	Christopher Chad Buchanan			2025-01-14T12:15:43.839Z	StillImage	CONTINENT_DERIVED_FROM_COORDINATES;TAXON_MATCH_TAXON_ID_IGNORED
4075619479	50c9509d-22c7-4a22-a47d-8c48425ef4a7	https://www.inaturalist.org/observations/73678424	Fungi	Basidiomycota	Agaricomycetes	Polyporales	Polyporaceae	Cryptoporus	Cryptoporus volvatus		SPECIES	Cryptoporus volvatus (Peck) Shear	Cryptoporus volvatus		CA		Ontario	PRESENT		28eb1a3f-1c15-4a95-931a-4af90ecb574d	45.368347	-75.797792	4.0						2021-04-11T10:36:03	11	4	2021	5248035	5248035	HUMAN_OBSERVATION	iNaturalist	Observations	73678424		Paula DeSanto	2021-04-11T22:50:48	CC_BY_NC_4_0	Derek Dunnett	Derek Dunnett			2025-01-14T13:11:31.985Z	StillImage	COORDINATE_ROUNDED;CONTINENT_DERIVED_FROM_COORDINATES;TAXON_MATCH_TAXON_ID_IGNORED
4075558465	50c9509d-22c7-4a22-a47d-8c48425ef4a7	https://www.inaturalist.org/observations/75036273	Fungi	Basidiomycota	Agaricomycetes	Polyporales	Polyporaceae	Cryptoporus	Cryptoporus volvatus		SPECIES	Cryptoporus volvatus (Peck) Shear	Cryptoporus volvatus		CA		Ontario	PRESENT		28eb1a3f-1c15-4a95-931a-4af90ecb574d	45.349097	-75.642937	1414.0						2021-04-24T09:23:34	24	4	2021	5248035	5248035	HUMAN_OBSERVATION	iNaturalist	Observations	75036273		staingen	2021-04-24T14:10:35	CC_BY_NC_4_0	staingen	staingen			2025-01-14T13:11:50.657Z	StillImage	COORDINATE_ROUNDED;CONTINENT_DERIVED_FROM_COORDINATES;TAXON_MATCH_TAXON_ID_IGNORED
3985629808	50c9509d-22c7-4a22-a47d-8c48425ef4a7	https://www.inaturalist.org/observations/137693454	Fungi	Basidiomycota	Agaricomycetes	Polyporales	Polyporaceae	Cryptoporus	Cryptoporus volvatus		SPECIES	Cryptoporus volvatus (Peck) Shear	Cryptoporus volvatus		CA		Ontario	PRESENT		28eb1a3f-1c15-4a95-931a-4af90ecb574d	45.442706	-75.181932	100.0						2022-05-14T10:38:54	14	5	2022	5248035	5248035	HUMAN_OBSERVATION	iNaturalist	Observations	137693454		Jan Thornhill	2022-10-06T12:45:54	CC_BY_NC_4_0	Owen Clarkin	Owen Clarkin			2025-01-14T12:32:59.838Z	StillImage	CONTINENT_DERIVED_FROM_COORDINATES;TAXON_MATCH_TAXON_ID_IGNORED
3902826334	50c9509d-22c7-4a22-a47d-8c48425ef4a7	https://www.inaturalist.org/observations/118966693	Fungi	Basidiomycota	Agaricomycetes	Polyporales	Polyporaceae	Cryptoporus	Cryptoporus volvatus		SPECIES	Cryptoporus volvatus (Peck) Shear	Cryptoporus volvatus		CA		Québec	PRESENT		28eb1a3f-1c15-4a95-931a-4af90ecb574d	48.258435	-69.990286	5544.0						2022-05-25T13:46:45	25	5	2022	5248035	5248035	HUMAN_OBSERVATION	iNaturalist	Observations	118966693		donwmtl	2022-05-27T20:33:21	CC_BY_NC_4_0	donwmtl	donwmtl			2025-01-14T12:31:36.146Z	StillImage	COORDINATE_ROUNDED;CONTINENT_DERIVED_FROM_COORDINATES;TAXON_MATCH_TAXON_ID_IGNORED
3902039300	50c9509d-22c7-4a22-a47d-8c48425ef4a7	https://www.inaturalist.org/observations/119908439	Fungi	Basidiomycota	Agaricomycetes	Polyporales	Polyporaceae	Cryptoporus	Cryptoporus volvatus		SPECIES	Cryptoporus volvatus (Peck) Shear	Cryptoporus volvatus		CA		Québec	PRESENT		28eb1a3f-1c15-4a95-931a-4af90ecb574d	45.429367	-75.777424	5.0						2022-06-02T14:17:59	2	6	2022	5248035	5248035	HUMAN_OBSERVATION	iNaturalist	Observations	119908439		hchrish200	2022-08-21T19:56:30	CC_BY_NC_4_0	olimski	olimski			2025-01-14T12:28:04.465Z	StillImage	COORDINATE_ROUNDED;CONTINENT_DERIVED_FROM_COORDINATES;TAXON_MATCH_TAXON_ID_IGNORED
3889189843	50c9509d-22c7-4a22-a47d-8c48425ef4a7	https://www.inaturalist.org/observations/130044744	Fungi	Basidiomycota	Agaricomycetes	Polyporales	Polyporaceae	Cryptoporus	Cryptoporus volvatus		SPECIES	Cryptoporus volvatus (Peck) Shear	Cryptoporus volvatus		CA		New Brunswick	PRESENT		28eb1a3f-1c15-4a95-931a-4af90ecb574d	45.971801	-64.510951	7.0						2022-08-07T16:45	7	8	2022	5248035	5248035	HUMAN_OBSERVATION	iNaturalist	Observations	130044744		Ben	2022-08-08T23:18:37	CC_BY_NC_4_0	Ben	Ben			2025-01-14T13:15:33.804Z	StillImage	COORDINATE_ROUNDED;CONTINENT_DERIVED_FROM_COORDINATES;TAXON_MATCH_TAXON_ID_IGNORED
3858733209	50c9509d-22c7-4a22-a47d-8c48425ef4a7	https://www.inaturalist.org/observations/123440314	Fungi	Basidiomycota	Agaricomycetes	Polyporales	Polyporaceae	Cryptoporus	Cryptoporus volvatus		SPECIES	Cryptoporus volvatus (Peck) Shear	Cryptoporus volvatus		CA		Ontario	PRESENT		28eb1a3f-1c15-4a95-931a-4af90ecb574d	46.192526	-77.842323	2.0						2022-06-16T13:45	16	6	2022	5248035	5248035	HUMAN_OBSERVATION	iNaturalist	Observations	123440314		Ian Whyte	2022-06-25T22:56:15	CC0_1_0	Ian Whyte	Ian Whyte			2025-01-14T13:16:25.044Z	StillImage	COORDINATE_ROUNDED;CONTINENT_DERIVED_FROM_COORDINATES;TAXON_MATCH_TAXON_ID_IGNORED
3858676124	50c9509d-22c7-4a22-a47d-8c48425ef4a7	https://www.inaturalist.org/observations/123440312	Fungi	Basidiomycota	Agaricomycetes	Polyporales	Polyporaceae	Cryptoporus	Cryptoporus volvatus		SPECIES	Cryptoporus volvatus (Peck) Shear	Cryptoporus volvatus		CA		Ontario	PRESENT		28eb1a3f-1c15-4a95-931a-4af90ecb574d	46.19252	-77.842318	2.0						2022-06-16T13:45	16	6	2022	5248035	5248035	HUMAN_OBSERVATION	iNaturalist	Observations	123440312		Ian Whyte	2022-06-25T22:56:15	CC0_1_0	Ian Whyte	Ian Whyte			2025-01-14T13:22:41.125Z	StillImage	COORDINATE_ROUNDED;CONTINENT_DERIVED_FROM_COORDINATES;TAXON_MATCH_TAXON_ID_IGNORED
3785102429	50c9509d-22c7-4a22-a47d-8c48425ef4a7	https://www.inaturalist.org/observations/117438640	Fungi	Basidiomycota	Agaricomycetes	Polyporales	Polyporaceae	Cryptoporus	Cryptoporus volvatus		SPECIES	Cryptoporus volvatus (Peck) Shear	Cryptoporus volvatus		CA		New Brunswick	PRESENT		28eb1a3f-1c15-4a95-931a-4af90ecb574d	45.592942	-64.968726	217.0						2022-05-16	16	5	2022	5248035	5248035	HUMAN_OBSERVATION	iNaturalist	Observations	117438640		Evan & Liam Houlahan	2022-05-17T12:23:29	CC_BY_NC_4_0	Evan & Liam Houlahan	Evan & Liam Houlahan			2025-01-14T12:29:25.864Z	StillImage	COORDINATE_ROUNDED;CONTINENT_DERIVED_FROM_COORDINATES;TAXON_MATCH_TAXON_ID_IGNORED
3784972631	50c9509d-22c7-4a22-a47d-8c48425ef4a7	https://www.inaturalist.org/observations/117202411	Fungi	Basidiomycota	Agaricomycetes	Polyporales	Polyporaceae	Cryptoporus	Cryptoporus volvatus		SPECIES	Cryptoporus volvatus (Peck) Shear	Cryptoporus volvatus		CA		Ontario	PRESENT		28eb1a3f-1c15-4a95-931a-4af90ecb574d	45.442833	-75.181208	32.0						2022-05-14T10:24	14	5	2022	5248035	5248035	HUMAN_OBSERVATION	iNaturalist	Observations	117202411		jonathan_mack	2022-05-15T20:27:34	CC_BY_NC_4_0	jonathan_mack	jonathan_mack			2025-01-14T13:21:59.176Z	StillImage	COORDINATE_ROUNDED;CONTINENT_DERIVED_FROM_COORDINATES;TAXON_MATCH_TAXON_ID_IGNORED
3773458739	50c9509d-22c7-4a22-a47d-8c48425ef4a7	https://www.inaturalist.org/observations/116596492	Fungi	Basidiomycota	Agaricomycetes	Polyporales	Polyporaceae	Cryptoporus	Cryptoporus volvatus		SPECIES	Cryptoporus volvatus (Peck) Shear	Cryptoporus volvatus		CA		Québec	PRESENT		28eb1a3f-1c15-4a95-931a-4af90ecb574d	45.072088	-73.161578	347.0						2022-05-11T09:45	11	5	2022	5248035	5248035	HUMAN_OBSERVATION	iNaturalist	Observations	116596492		Tristan Jobin	2022-05-11T19:29:43	CC_BY_4_0	Tristan Jobin	Tristan Jobin			2025-01-14T13:22:37.808Z	StillImage	COORDINATE_ROUNDED;CONTINENT_DERIVED_FROM_COORDINATES;TAXON_MATCH_TAXON_ID_IGNORED
3773250726	50c9509d-22c7-4a22-a47d-8c48425ef4a7	https://www.inaturalist.org/observations/115629741	Fungi	Basidiomycota	Agaricomycetes	Polyporales	Polyporaceae	Cryptoporus	Cryptoporus volvatus		SPECIES	Cryptoporus volvatus (Peck) Shear	Cryptoporus volvatus		CA		Ontario	PRESENT		28eb1a3f-1c15-4a95-931a-4af90ecb574d	45.34732	-75.585053	4.0						2022-05-05T15:11:49	5	5	2022	5248035	5248035	HUMAN_OBSERVATION	iNaturalist	Observations	115629741		Sian Bryson	2022-05-05T21:11:04	CC_BY_NC_4_0	Sian Bryson	Sian Bryson			2025-01-14T13:27:09.796Z	StillImage	COORDINATE_ROUNDED;CONTINENT_DERIVED_FROM_COORDINATES;TAXON_MATCH_TAXON_ID_IGNORED
3772912800	50c9509d-22c7-4a22-a47d-8c48425ef4a7	https://www.inaturalist.org/observations/116258756	Fungi	Basidiomycota	Agaricomycetes	Polyporales	Polyporaceae	Cryptoporus	Cryptoporus volvatus		SPECIES	Cryptoporus volvatus (Peck) Shear	Cryptoporus volvatus		CA		Ontario	PRESENT		28eb1a3f-1c15-4a95-931a-4af90ecb574d	45.32185	-75.799142	4.0						2022-05-06T14:50:15	6	5	2022	5248035	5248035	HUMAN_OBSERVATION	iNaturalist	Observations	116258756		meswift	2022-05-09T10:47:12	CC_BY_NC_4_0	meswift	meswift			2025-01-14T13:20:06.346Z	StillImage	COORDINATE_ROUNDED;CONTINENT_DERIVED_FROM_COORDINATES;TAXON_MATCH_TAXON_ID_IGNORED
3772710034	50c9509d-22c7-4a22-a47d-8c48425ef4a7	https://www.inaturalist.org/observations/114386654	Fungi	Basidiomycota	Agaricomycetes	Polyporales	Polyporaceae	Cryptoporus	Cryptoporus volvatus		SPECIES	Cryptoporus volvatus (Peck) Shear	Cryptoporus volvatus		CA		Ontario	PRESENT		28eb1a3f-1c15-4a95-931a-4af90ecb574d	45.455779	-75.504733	7914.0						2022-05-01T15:16:55	1	5	2022	5248035	5248035	HUMAN_OBSERVATION	iNaturalist	Observations	114386654		a-tara-xy	2022-05-01T20:40:46	CC_BY_NC_4_0	a-tara-xy	a-tara-xy			2025-01-14T13:13:49.089Z	StillImage	COORDINATE_ROUNDED;CONTINENT_DERIVED_FROM_COORDINATES;TAXON_MATCH_TAXON_ID_IGNORED
3772702265	50c9509d-22c7-4a22-a47d-8c48425ef4a7	https://www.inaturalist.org/observations/116725469	Fungi	Basidiomycota	Agaricomycetes	Polyporales	Polyporaceae	Cryptoporus	Cryptoporus volvatus		SPECIES	Cryptoporus volvatus (Peck) Shear	Cryptoporus volvatus		CA		Nova Scotia	PRESENT		28eb1a3f-1c15-4a95-931a-4af90ecb574d	45.447892	-64.419777	74.0						2022-05-11T16:37	11	5	2022	5248035	5248035	HUMAN_OBSERVATION	iNaturalist	Observations	116725469		Ben	2022-05-12T18:25:55	CC_BY_NC_4_0	Ben	Ben			2025-01-14T13:15:32.860Z	StillImage	COORDINATE_ROUNDED;CONTINENT_DERIVED_FROM_COORDINATES;TAXON_MATCH_TAXON_ID_IGNORED
3772409384	50c9509d-22c7-4a22-a47d-8c48425ef4a7	https://www.inaturalist.org/observations/74395138	Fungi	Basidiomycota	Agaricomycetes	Polyporales	Polyporaceae	Cryptoporus	Cryptoporus volvatus		SPECIES	Cryptoporus volvatus (Peck) Shear	Cryptoporus volvatus		CA		Ontario	PRESENT		28eb1a3f-1c15-4a95-931a-4af90ecb574d	45.304633	-75.843445	6.0						2021-04-18T12:18:30	18	4	2021	5248035	5248035	HUMAN_OBSERVATION	iNaturalist	Observations	74395138		Kerry Williams	2021-04-18T17:14:44	CC0_1_0	Kerry Williams	Kerry Williams			2025-01-14T13:19:21.545Z	StillImage	COORDINATE_ROUNDED;CONTINENT_DERIVED_FROM_COORDINATES;TAXON_MATCH_TAXON_ID_IGNORED
3764530126	50c9509d-22c7-4a22-a47d-8c48425ef4a7	https://www.inaturalist.org/observations/113036351	Fungi	Basidiomycota	Agaricomycetes	Polyporales	Polyporaceae	Cryptoporus	Cryptoporus volvatus		SPECIES	Cryptoporus volvatus (Peck) Shear	Cryptoporus volvatus		CA		Ontario	PRESENT		28eb1a3f-1c15-4a95-931a-4af90ecb574d	45.353953	-75.59175	71.0						2022-04-26T10:23	26	4	2022	5248035	5248035	HUMAN_OBSERVATION	iNaturalist	Observations	113036351		Igor Khomenko	2022-04-27T00:21:27	CC_BY_NC_4_0	Igor Khomenko	Igor Khomenko			2025-01-14T12:27:23.228Z	StillImage	COORDINATE_ROUNDED;CONTINENT_DERIVED_FROM_COORDINATES;TAXON_MATCH_TAXON_ID_IGNORED
3764418880	50c9509d-22c7-4a22-a47d-8c48425ef4a7	https://www.inaturalist.org/observations/112748662	Fungi	Basidiomycota	Agaricomycetes	Polyporales	Polyporaceae	Cryptoporus	Cryptoporus volvatus		SPECIES	Cryptoporus volvatus (Peck) Shear	Cryptoporus volvatus		CA		Ontario	PRESENT		28eb1a3f-1c15-4a95-931a-4af90ecb574d	45.34738	-75.585137	4.0						2022-04-24T15:23:21	24	4	2022	5248035	5248035	HUMAN_OBSERVATION	iNaturalist	Observations	112748662		Ariel Bonkoski	2022-04-25T02:29:05	CC_BY_NC_4_0	Derek Dunnett	Derek Dunnett			2025-01-14T13:27:33.068Z	StillImage	COORDINATE_ROUNDED;CONTINENT_DERIVED_FROM_COORDINATES;TAXON_MATCH_TAXON_ID_IGNORED
3764378257	50c9509d-22c7-4a22-a47d-8c48425ef4a7	https://www.inaturalist.org/observations/113181255	Fungi	Basidiomycota	Agaricomycetes	Polyporales	Polyporaceae	Cryptoporus	Cryptoporus volvatus		SPECIES	Cryptoporus volvatus (Peck) Shear	Cryptoporus volvatus		CA		Ontario	PRESENT		28eb1a3f-1c15-4a95-931a-4af90ecb574d	45.357904	-75.6181	277.0						2022-04-27T14:33:35	27	4	2022	5248035	5248035	HUMAN_OBSERVATION	iNaturalist	Observations	113181255		Andrew Kawam	2022-04-28T04:06:15	CC_BY_NC_4_0	Andrew Kawam	Andrew Kawam			2025-01-14T13:12:33.857Z	StillImage	COORDINATE_ROUNDED;CONTINENT_DERIVED_FROM_COORDINATES;TAXON_MATCH_TAXON_ID_IGNORED
3764080032	50c9509d-22c7-4a22-a47d-8c48425ef4a7	https://www.inaturalist.org/observations/112955703	Fungi	Basidiomycota	Agaricomycetes	Polyporales	Polyporaceae	Cryptoporus	Cryptoporus volvatus		SPECIES	Cryptoporus volvatus (Peck) Shear	Cryptoporus volvatus		CA		Québec	PRESENT		28eb1a3f-1c15-4a95-931a-4af90ecb574d	45.60303	-75.121447	31.0						2022-04-22	22	4	2022	5248035	5248035	HUMAN_OBSERVATION	iNaturalist	Observations	112955703		Ben	2022-04-26T20:42:38	CC_BY_NC_4_0	Christian Grenier	Christian Grenier			2025-01-14T13:13:40.457Z	StillImage	COORDINATE_ROUNDED;CONTINENT_DERIVED_FROM_COORDINATES;TAXON_MATCH_TAXON_ID_IGNORED
3759593526	50c9509d-22c7-4a22-a47d-8c48425ef4a7	https://www.inaturalist.org/observations/73685831	Fungi	Basidiomycota	Agaricomycetes	Polyporales	Polyporaceae	Cryptoporus	Cryptoporus volvatus		SPECIES	Cryptoporus volvatus (Peck) Shear	Cryptoporus volvatus		CA		Québec	PRESENT		28eb1a3f-1c15-4a95-931a-4af90ecb574d	45.542092	-73.330467	10.0						2021-04-11T13:14:43	11	4	2021	5248035	5248035	HUMAN_OBSERVATION	iNaturalist	Observations	73685831		Mical	2021-04-11T23:28:12	CC_BY_4_0	Mical	Mical			2025-01-14T12:18:36.840Z	StillImage	COORDINATE_ROUNDED;CONTINENT_DERIVED_FROM_COORDINATES;TAXON_MATCH_TAXON_ID_IGNORED
3743243364	50c9509d-22c7-4a22-a47d-8c48425ef4a7	https://www.inaturalist.org/observations/73630734	Fungi	Basidiomycota	Agaricomycetes	Polyporales	Polyporaceae	Cryptoporus	Cryptoporus volvatus		SPECIES	Cryptoporus volvatus (Peck) Shear	Cryptoporus volvatus		CA		Ontario	PRESENT		28eb1a3f-1c15-4a95-931a-4af90ecb574d	45.356043	-75.619785	365.0						2021-04-11T16:24:42	11	4	2021	5248035	5248035	HUMAN_OBSERVATION	iNaturalist	Observations	73630734		Brett Jackson	2021-04-13T04:48:08	CC0_1_0	Christopher Chad Buchanan	Christopher Chad Buchanan			2025-01-14T12:16:57.834Z	StillImage	COORDINATE_ROUNDED;CONTINENT_DERIVED_FROM_COORDINATES;TAXON_MATCH_TAXON_ID_IGNORED
3408109174	50c9509d-22c7-4a22-a47d-8c48425ef4a7	https://www.inaturalist.org/observations/100196690	Fungi	Basidiomycota	Agaricomycetes	Polyporales	Polyporaceae	Cryptoporus	Cryptoporus volvatus		SPECIES	Cryptoporus volvatus (Peck) Shear	Cryptoporus volvatus		CA		Ontario	PRESENT		28eb1a3f-1c15-4a95-931a-4af90ecb574d	45.442883	-75.181142	100.0						2021-07-03T09:53:39	3	7	2021	5248035	5248035	HUMAN_OBSERVATION	iNaturalist	Observations	100196690		Ben	2021-11-04T12:28:37	CC_BY_NC_4_0	Owen Clarkin	Owen Clarkin			2025-01-14T13:11:09.213Z	StillImage	CONTINENT_DERIVED_FROM_COORDINATES;TAXON_MATCH_TAXON_ID_IGNORED
3325667442	50c9509d-22c7-4a22-a47d-8c48425ef4a7	https://www.inaturalist.org/observations/80855755	Fungi	Basidiomycota	Agaricomycetes	Polyporales	Polyporaceae	Cryptoporus	Cryptoporus volvatus		SPECIES	Cryptoporus volvatus (Peck) Shear	Cryptoporus volvatus		CA		Prince Edward Island	PRESENT		28eb1a3f-1c15-4a95-931a-4af90ecb574d	46.738937	-64.169913	5.0						2021-05-30T06:33:58	30	5	2021	5248035	5248035	HUMAN_OBSERVATION	iNaturalist	Observations	80855755		Laura O'Connor	2021-05-30T10:07:07	CC_BY_NC_4_0	Laura O'Connor	Laura O'Connor			2025-01-14T12:19:23.133Z	StillImage	COORDINATE_ROUNDED;CONTINENT_DERIVED_FROM_COORDINATES;TAXON_MATCH_TAXON_ID_IGNORED
3307187442	50c9509d-22c7-4a22-a47d-8c48425ef4a7	https://www.inaturalist.org/observations/78868610	Fungi	Basidiomycota	Agaricomycetes	Polyporales	Polyporaceae	Cryptoporus	Cryptoporus volvatus		SPECIES	Cryptoporus volvatus (Peck) Shear	Cryptoporus volvatus		CA		Ontario	PRESENT		28eb1a3f-1c15-4a95-931a-4af90ecb574d	45.33202	-75.617522	6.0						2021-05-15T12:34:15	15	5	2021	5248035	5248035	HUMAN_OBSERVATION	iNaturalist	Observations	78868610		staingen	2021-05-15T18:21:48	CC_BY_NC_4_0	staingen	staingen			2025-01-14T13:12:16.031Z	StillImage	COORDINATE_ROUNDED;CONTINENT_DERIVED_FROM_COORDINATES;TAXON_MATCH_TAXON_ID_IGNORED
3302391748	50c9509d-22c7-4a22-a47d-8c48425ef4a7	https://www.inaturalist.org/observations/81189545	Fungi	Basidiomycota	Agaricomycetes	Polyporales	Polyporaceae	Cryptoporus	Cryptoporus volvatus		SPECIES	Cryptoporus volvatus (Peck) Shear	Cryptoporus volvatus		CA		Nova Scotia	PRESENT		28eb1a3f-1c15-4a95-931a-4af90ecb574d	45.447583	-64.419317	310.0						2021-05-31T16:18	31	5	2021	5248035	5248035	HUMAN_OBSERVATION	iNaturalist	Observations	81189545		Ben	2021-06-01T16:17:13	CC_BY_NC_4_0	Ben	Ben			2025-01-14T12:18:47.090Z	StillImage	COORDINATE_ROUNDED;CONTINENT_DERIVED_FROM_COORDINATES;TAXON_MATCH_TAXON_ID_IGNORED
3301950098	50c9509d-22c7-4a22-a47d-8c48425ef4a7	https://www.inaturalist.org/observations/81100420	Fungi	Basidiomycota	Agaricomycetes	Polyporales	Polyporaceae	Cryptoporus	Cryptoporus volvatus		SPECIES	Cryptoporus volvatus (Peck) Shear	Cryptoporus volvatus		CA		Ontario	PRESENT		28eb1a3f-1c15-4a95-931a-4af90ecb574d	45.366087	-75.201503	28.0						2021-05-31T13:44	31	5	2021	5248035	5248035	HUMAN_OBSERVATION	iNaturalist	Observations	81100420		christine123	2021-05-31T22:10:42	CC_BY_4_0	christine123	christine123			2025-01-14T13:09:53.960Z	StillImage	COORDINATE_ROUNDED;CONTINENT_DERIVED_FROM_COORDINATES;TAXON_MATCH_TAXON_ID_IGNORED
3124773446	50c9509d-22c7-4a22-a47d-8c48425ef4a7	https://www.inaturalist.org/observations/80222554	Fungi	Basidiomycota	Agaricomycetes	Polyporales	Polyporaceae	Cryptoporus	Cryptoporus volvatus		SPECIES	Cryptoporus volvatus (Peck) Shear	Cryptoporus volvatus		CA		New Brunswick	PRESENT		28eb1a3f-1c15-4a95-931a-4af90ecb574d	47.021194	-65.551454	5.0						2021-05-25T08:23:23	25	5	2021	5248035	5248035	HUMAN_OBSERVATION	iNaturalist	Observations	80222554		Raymonde G Chartier	2021-05-25T17:31:21	CC_BY_NC_4_0	dhgadd	dhgadd			2025-01-14T13:10:08.007Z	StillImage	COORDINATE_ROUNDED;CONTINENT_DERIVED_FROM_COORDINATES;TAXON_MATCH_TAXON_ID_IGNORED
3117758917	50c9509d-22c7-4a22-a47d-8c48425ef4a7	https://www.inaturalist.org/observations/78885119	Fungi	Basidiomycota	Agaricomycetes	Polyporales	Polyporaceae	Cryptoporus	Cryptoporus volvatus		SPECIES	Cryptoporus volvatus (Peck) Shear	Cryptoporus volvatus		CA		Ontario	PRESENT		28eb1a3f-1c15-4a95-931a-4af90ecb574d	45.338599	-75.606021	1124.0						2021-05-15T12:34	15	5	2021	5248035	5248035	HUMAN_OBSERVATION	iNaturalist	Observations	78885119		emmaks	2021-05-15T20:37:31	CC_BY_NC_4_0	emmaks	emmaks			2025-01-14T13:11:56.760Z	StillImage	COORDINATE_ROUNDED;CONTINENT_DERIVED_FROM_COORDINATES;TAXON_MATCH_TAXON_ID_IGNORED
3112965675	50c9509d-22c7-4a22-a47d-8c48425ef4a7	https://www.inaturalist.org/observations/76739884	Fungi	Basidiomycota	Agaricomycetes	Polyporales	Polyporaceae	Cryptoporus	Cryptoporus volvatus		SPECIES	Cryptoporus volvatus (Peck) Shear	Cryptoporus volvatus		CA		Ontario	PRESENT		28eb1a3f-1c15-4a95-931a-4af90ecb574d	45.35603	-75.616828	16.0						2021-05-02T16:55:36	2	5	2021	5248035	5248035	HUMAN_OBSERVATION	iNaturalist	Observations	76739884		staingen	2021-05-02T23:09:47	CC_BY_NC_4_0	staingen	staingen			2025-01-14T12:18:43.134Z	StillImage	COORDINATE_ROUNDED;CONTINENT_DERIVED_FROM_COORDINATES;TAXON_MATCH_TAXON_ID_IGNORED
3112485650	50c9509d-22c7-4a22-a47d-8c48425ef4a7	https://www.inaturalist.org/observations/77530739	Fungi	Basidiomycota	Agaricomycetes	Polyporales	Polyporaceae	Cryptoporus	Cryptoporus volvatus		SPECIES	Cryptoporus volvatus (Peck) Shear	Cryptoporus volvatus		CA		Ontario	PRESENT		28eb1a3f-1c15-4a95-931a-4af90ecb574d	45.442792	-75.181367	5.0						2021-04-19T10:12:58	19	4	2021	5248035	5248035	HUMAN_OBSERVATION	iNaturalist	Observations	77530739		Lynn Ovenden	2021-05-06T00:07:32	CC_BY_NC_4_0	Lynn Ovenden	Lynn Ovenden			2025-01-14T13:11:26.166Z	StillImage	COORDINATE_ROUNDED;CONTINENT_DERIVED_FROM_COORDINATES;TAXON_MATCH_TAXON_ID_IGNORED
3112462692	50c9509d-22c7-4a22-a47d-8c48425ef4a7	https://www.inaturalist.org/observations/77530575	Fungi	Basidiomycota	Agaricomycetes	Polyporales	Polyporaceae	Cryptoporus	Cryptoporus volvatus		SPECIES	Cryptoporus volvatus (Peck) Shear	Cryptoporus volvatus		CA		Ontario	PRESENT		28eb1a3f-1c15-4a95-931a-4af90ecb574d	45.360162	-75.241875	5.0						2021-04-23T15:00:48	23	4	2021	5248035	5248035	HUMAN_OBSERVATION	iNaturalist	Observations	77530575		Lynn Ovenden	2021-05-06T00:06:01	CC_BY_NC_4_0	Lynn Ovenden	Lynn Ovenden			2025-01-14T13:07:42.146Z	StillImage	COORDINATE_ROUNDED;CONTINENT_DERIVED_FROM_COORDINATES;TAXON_MATCH_TAXON_ID_IGNORED
3112417689	50c9509d-22c7-4a22-a47d-8c48425ef4a7	https://www.inaturalist.org/observations/76762226	Fungi	Basidiomycota	Agaricomycetes	Polyporales	Polyporaceae	Cryptoporus	Cryptoporus volvatus		SPECIES	Cryptoporus volvatus (Peck) Shear	Cryptoporus volvatus		CA		Ontario	PRESENT		28eb1a3f-1c15-4a95-931a-4af90ecb574d	45.356482	-75.620131	457.0						2021-05-02T15:55	2	5	2021	5248035	5248035	HUMAN_OBSERVATION	iNaturalist	Observations	76762226		emmaks	2021-05-03T00:14:45	CC_BY_NC_4_0	emmaks	emmaks			2025-01-14T13:12:40.601Z	StillImage	COORDINATE_ROUNDED;CONTINENT_DERIVED_FROM_COORDINATES;TAXON_MATCH_TAXON_ID_IGNORED
3109388330	50c9509d-22c7-4a22-a47d-8c48425ef4a7	https://www.inaturalist.org/observations/75466073	Fungi	Basidiomycota	Agaricomycetes	Polyporales	Polyporaceae	Cryptoporus	Cryptoporus volvatus		SPECIES	Cryptoporus volvatus (Peck) Shear	Cryptoporus volvatus		CA		Ontario	PRESENT		28eb1a3f-1c15-4a95-931a-4af90ecb574d	45.343528	-75.781272	5.0						2021-04-27T16:33:56	27	4	2021	5248035	5248035	HUMAN_OBSERVATION	iNaturalist	Observations	75466073		chzplz	2021-04-27T20:35:44	CC_BY_NC_4_0	chzplz	chzplz			2025-01-14T12:18:42.946Z	StillImage	COORDINATE_ROUNDED;CONTINENT_DERIVED_FROM_COORDINATES;TAXON_MATCH_TAXON_ID_IGNORED
3109249114	50c9509d-22c7-4a22-a47d-8c48425ef4a7	https://www.inaturalist.org/observations/75335906	Fungi	Basidiomycota	Agaricomycetes	Polyporales	Polyporaceae	Cryptoporus	Cryptoporus volvatus		SPECIES	Cryptoporus volvatus (Peck) Shear	Cryptoporus volvatus		CA		Ontario	PRESENT		28eb1a3f-1c15-4a95-931a-4af90ecb574d	45.26825	-75.428336	27190.0						2021-04-26T10:54	26	4	2021	5248035	5248035	HUMAN_OBSERVATION	iNaturalist	Observations	75335906		L Joan Heyding	2021-04-26T18:43:03	CC_BY_NC_4_0	L Joan Heyding	L Joan Heyding			2025-01-14T12:18:57.915Z	StillImage	COORDINATE_ROUNDED;CONTINENT_DERIVED_FROM_COORDINATES;TAXON_MATCH_TAXON_ID_IGNORED
3109242348	50c9509d-22c7-4a22-a47d-8c48425ef4a7	https://www.inaturalist.org/observations/75490846	Fungi	Basidiomycota	Agaricomycetes	Polyporales	Polyporaceae	Cryptoporus	Cryptoporus volvatus		SPECIES	Cryptoporus volvatus (Peck) Shear	Cryptoporus volvatus		CA		Québec	PRESENT		28eb1a3f-1c15-4a95-931a-4af90ecb574d	48.182207	-78.847655	10.0						2021-04-27T13:56	27	4	2021	5248035	5248035	HUMAN_OBSERVATION	iNaturalist	Observations	75490846		Pierre Cartier	2021-04-28T00:12:31	CC_BY_NC_4_0	Pierre Cartier	Pierre Cartier			2025-01-14T12:18:29.204Z	StillImage	COORDINATE_ROUNDED;CONTINENT_DERIVED_FROM_COORDINATES;TAXON_MATCH_TAXON_ID_IGNORED
3097292220	50c9509d-22c7-4a22-a47d-8c48425ef4a7	https://www.inaturalist.org/observations/74552863	Fungi	Basidiomycota	Agaricomycetes	Polyporales	Polyporaceae	Cryptoporus	Cryptoporus volvatus		SPECIES	Cryptoporus volvatus (Peck) Shear	Cryptoporus volvatus		CA		Ontario	PRESENT		28eb1a3f-1c15-4a95-931a-4af90ecb574d	45.232605	-75.519661	27190.0						2021-04-19T11:43	19	4	2021	5248035	5248035	HUMAN_OBSERVATION	iNaturalist	Observations	74552863		L Joan Heyding	2021-04-19T20:04:18	CC_BY_NC_4_0	L Joan Heyding	L Joan Heyding			2025-01-14T13:12:19.443Z	StillImage	COORDINATE_ROUNDED;CONTINENT_DERIVED_FROM_COORDINATES;TAXON_MATCH_TAXON_ID_IGNORED
3079805820	50c9509d-22c7-4a22-a47d-8c48425ef4a7	https://www.inaturalist.org/observations/48353463	Fungi	Basidiomycota	Agaricomycetes	Polyporales	Polyporaceae	Cryptoporus	Cryptoporus volvatus		SPECIES	Cryptoporus volvatus (Peck) Shear	Cryptoporus volvatus		CA		Ontario	PRESENT		28eb1a3f-1c15-4a95-931a-4af90ecb574d	45.368519	-75.793556	207.0						2020-06-03T10:51:08	3	6	2020	5248035	5248035	HUMAN_OBSERVATION	iNaturalist	Observations	48353463		Igor Khomenko	2020-06-03T17:25:59	CC_BY_NC_4_0	Igor Khomenko	Igor Khomenko			2025-01-14T12:13:42.568Z	StillImage	COORDINATE_ROUNDED;CONTINENT_DERIVED_FROM_COORDINATES;TAXON_MATCH_TAXON_ID_IGNORED
3079553843	50c9509d-22c7-4a22-a47d-8c48425ef4a7	https://www.inaturalist.org/observations/50948356	Fungi	Basidiomycota	Agaricomycetes	Polyporales	Polyporaceae	Cryptoporus	Cryptoporus volvatus		SPECIES	Cryptoporus volvatus (Peck) Shear	Cryptoporus volvatus		CA		Ontario	PRESENT		28eb1a3f-1c15-4a95-931a-4af90ecb574d	45.403492	-75.5617	64.0						2020-06-23T11:01:37	23	6	2020	5248035	5248035	HUMAN_OBSERVATION	iNaturalist	Observations	50948356		Igor Khomenko	2020-06-26T01:47:32	CC_BY_NC_4_0	Igor Khomenko	Igor Khomenko			2025-01-14T13:08:54.366Z	StillImage	COORDINATE_ROUNDED;CONTINENT_DERIVED_FROM_COORDINATES;TAXON_MATCH_TAXON_ID_IGNORED
3079482457	50c9509d-22c7-4a22-a47d-8c48425ef4a7	https://www.inaturalist.org/observations/13201786	Fungi	Basidiomycota	Agaricomycetes	Polyporales	Polyporaceae	Cryptoporus	Cryptoporus volvatus		SPECIES	Cryptoporus volvatus (Peck) Shear	Cryptoporus volvatus		CA		New Brunswick	PRESENT		28eb1a3f-1c15-4a95-931a-4af90ecb574d	46.506835	-65.088502	89.0						2018-06-07T08:47:20	7	6	2018	5248035	5248035	HUMAN_OBSERVATION	iNaturalist	Observations	13201786		phroxian	2018-06-07T14:51:00	CC_BY_NC_4_0	Christopher J. Kennedy	Christopher J. Kennedy			2025-01-14T13:00:36.838Z	StillImage	COORDINATE_ROUNDED;CONTINENT_DERIVED_FROM_COORDINATES;TAXON_MATCH_TAXON_ID_IGNORED
3070554355	50c9509d-22c7-4a22-a47d-8c48425ef4a7	https://www.inaturalist.org/observations/7015191	Fungi	Basidiomycota	Agaricomycetes	Polyporales	Polyporaceae	Cryptoporus	Cryptoporus volvatus		SPECIES	Cryptoporus volvatus (Peck) Shear	Cryptoporus volvatus		CA		Ontario	PRESENT		28eb1a3f-1c15-4a95-931a-4af90ecb574d	45.359016	-75.622056	404.0						2017-07-11T13:33	11	7	2017	5248035	5248035	HUMAN_OBSERVATION	iNaturalist	Observations	7015191		christine123	2017-07-11T19:47:38	CC_BY_4_0	christine123	christine123			2025-01-14T13:00:16.176Z	StillImage	COORDINATE_ROUNDED;CONTINENT_DERIVED_FROM_COORDINATES;TAXON_MATCH_TAXON_ID_IGNORED
3070261393	50c9509d-22c7-4a22-a47d-8c48425ef4a7	https://www.inaturalist.org/observations/9634833	Fungi	Basidiomycota	Agaricomycetes	Polyporales	Polyporaceae	Cryptoporus	Cryptoporus volvatus		SPECIES	Cryptoporus volvatus (Peck) Shear	Cryptoporus volvatus		CA		Ontario	PRESENT		28eb1a3f-1c15-4a95-931a-4af90ecb574d	45.306881	-75.631406	306.0						2012-04-09T13:28	9	4	2012	5248035	5248035	HUMAN_OBSERVATION	iNaturalist	Observations	9634833		christine123	2018-01-27T21:58:24	CC_BY_4_0	christine123	christine123			2025-01-14T12:59:35.249Z	StillImage	COORDINATE_ROUNDED;CONTINENT_DERIVED_FROM_COORDINATES;TAXON_MATCH_TAXON_ID_IGNORED
2850987514	50c9509d-22c7-4a22-a47d-8c48425ef4a7	https://www.inaturalist.org/observations/45588590	Fungi	Basidiomycota	Agaricomycetes	Polyporales	Polyporaceae	Cryptoporus	Cryptoporus volvatus		SPECIES	Cryptoporus volvatus (Peck) Shear	Cryptoporus volvatus		CA		Ontario	PRESENT		28eb1a3f-1c15-4a95-931a-4af90ecb574d	45.368354	-75.796088	6.0						2020-05-11T10:03:25	11	5	2020	5248035	5248035	HUMAN_OBSERVATION	iNaturalist	Observations	45588590		Michelle Martin	2020-05-11T14:03:42	CC_BY_NC_4_0	Michelle Martin	Michelle Martin			2025-01-14T13:06:24.013Z	StillImage	COORDINATE_ROUNDED;CONTINENT_DERIVED_FROM_COORDINATES;TAXON_MATCH_TAXON_ID_IGNORED
2850571551	50c9509d-22c7-4a22-a47d-8c48425ef4a7	https://www.inaturalist.org/observations/45748892	Fungi	Basidiomycota	Agaricomycetes	Polyporales	Polyporaceae	Cryptoporus	Cryptoporus volvatus		SPECIES	Cryptoporus volvatus (Peck) Shear	Cryptoporus volvatus		CA		Québec	PRESENT		28eb1a3f-1c15-4a95-931a-4af90ecb574d	45.097793	-73.550436	312735.0						2020-05-08T18:45:09	8	5	2020	5248035	5248035	HUMAN_OBSERVATION	iNaturalist	Observations	45748892		Seth	2020-05-13T03:21:17	CC_BY_NC_4_0	Seth	Seth			2025-01-14T13:06:34.458Z	StillImage	COORDINATE_ROUNDED;CONTINENT_DERIVED_FROM_COORDINATES;TAXON_MATCH_TAXON_ID_IGNORED
2814197506	50c9509d-22c7-4a22-a47d-8c48425ef4a7	https://www.inaturalist.org/observations/52284943	Fungi	Basidiomycota	Agaricomycetes	Polyporales	Polyporaceae	Cryptoporus	Cryptoporus volvatus		SPECIES	Cryptoporus volvatus (Peck) Shear	Cryptoporus volvatus		CA		Ontario	PRESENT		28eb1a3f-1c15-4a95-931a-4af90ecb574d	45.579453	-78.499183	2000.0						2020-07-04T06:26:30	4	7	2020	5248035	5248035	HUMAN_OBSERVATION	iNaturalist	Observations	52284943		Carl-Adam Wegenschimmel	2020-07-07T18:26:25	CC_BY_NC_4_0	Carl-Adam Wegenschimmel	Carl-Adam Wegenschimmel			2025-01-14T13:08:55.744Z	StillImage	COORDINATE_ROUNDED;CONTINENT_DERIVED_FROM_COORDINATES;TAXON_MATCH_TAXON_ID_IGNORED
2641553544	50c9509d-22c7-4a22-a47d-8c48425ef4a7	https://www.inaturalist.org/observations/49117957	Fungi	Basidiomycota	Agaricomycetes	Polyporales	Polyporaceae	Cryptoporus	Cryptoporus volvatus		SPECIES	Cryptoporus volvatus (Peck) Shear	Cryptoporus volvatus		CA		Ontario	PRESENT		28eb1a3f-1c15-4a95-931a-4af90ecb574d	46.696762	-79.108444	83.0						2020-05-18T15:27:13	18	5	2020	5248035	5248035	HUMAN_OBSERVATION	iNaturalist	Observations	49117957		Sarah DeLong-Duhon	2020-06-10T14:11:07	CC_BY_NC_4_0	rebeccapahulje	rebeccapahulje			2025-01-14T13:06:59.603Z	StillImage	COORDINATE_ROUNDED;CONTINENT_DERIVED_FROM_COORDINATES;TAXON_MATCH_TAXON_ID_IGNORED
2641291669	50c9509d-22c7-4a22-a47d-8c48425ef4a7	https://www.inaturalist.org/observations/48549858	Fungi	Basidiomycota	Agaricomycetes	Polyporales	Polyporaceae	Cryptoporus	Cryptoporus volvatus		SPECIES	Cryptoporus volvatus (Peck) Shear	Cryptoporus volvatus		CA		New Brunswick	PRESENT		28eb1a3f-1c15-4a95-931a-4af90ecb574d	47.778122	-65.725585	176.0						2020-06-05T08:57	5	6	2020	5248035	5248035	HUMAN_OBSERVATION	iNaturalist	Observations	48549858		Mélanie Boudreau	2020-06-05T16:11:28	CC_BY_NC_4_0	Mélanie Boudreau	Mélanie Boudreau			2025-01-14T12:12:58.993Z	StillImage	COORDINATE_ROUNDED;CONTINENT_DERIVED_FROM_COORDINATES;TAXON_MATCH_TAXON_ID_IGNORED
2634277658	50c9509d-22c7-4a22-a47d-8c48425ef4a7	https://www.inaturalist.org/observations/47350043	Fungi	Basidiomycota	Agaricomycetes	Polyporales	Polyporaceae	Cryptoporus	Cryptoporus volvatus		SPECIES	Cryptoporus volvatus (Peck) Shear	Cryptoporus volvatus		CA		Ontario	PRESENT		28eb1a3f-1c15-4a95-931a-4af90ecb574d	45.580489	-78.399341	178.0						2020-05-25	25	5	2020	5248035	5248035	HUMAN_OBSERVATION	iNaturalist	Observations	47350043		jmass	2020-05-26T00:52:34	CC_BY_NC_4_0	jmass	jmass			2025-01-14T12:12:34.246Z	StillImage	COORDINATE_ROUNDED;CONTINENT_DERIVED_FROM_COORDINATES;TAXON_MATCH_TAXON_ID_IGNORED
2626647683	50c9509d-22c7-4a22-a47d-8c48425ef4a7	https://www.inaturalist.org/observations/46278645	Fungi	Basidiomycota	Agaricomycetes	Polyporales	Polyporaceae	Cryptoporus	Cryptoporus volvatus		SPECIES	Cryptoporus volvatus (Peck) Shear	Cryptoporus volvatus		CA		Ontario	PRESENT		28eb1a3f-1c15-4a95-931a-4af90ecb574d	45.337762	-76.376585							2020-05-17T09:14	17	5	2020	5248035	5248035	HUMAN_OBSERVATION	iNaturalist	Observations	46278645		Denis Gallant	2020-05-17T19:16:01	CC_BY_NC_4_0	Denis Gallant	Denis Gallant			2025-01-14T13:01:06.178Z	StillImage	COORDINATE_ROUNDED;CONTINENT_DERIVED_FROM_COORDINATES;TAXON_MATCH_TAXON_ID_IGNORED
2596312111	50c9509d-22c7-4a22-a47d-8c48425ef4a7	https://www.inaturalist.org/observations/32337526	Fungi	Basidiomycota	Agaricomycetes	Polyporales	Polyporaceae	Cryptoporus	Cryptoporus volvatus		SPECIES	Cryptoporus volvatus (Peck) Shear	Cryptoporus volvatus		CA		Ontario	PRESENT		28eb1a3f-1c15-4a95-931a-4af90ecb574d	45.566895	-78.689475	24.0						2019-09-07T15:49:27	7	9	2019	5248035	5248035	HUMAN_OBSERVATION	iNaturalist	Observations	32337526		cinna_latifolia	2020-02-02T18:00:59	CC_BY_NC_4_0	danners51	danners51			2025-01-14T13:03:37.695Z	StillImage	CONTINENT_DERIVED_FROM_COORDINATES;TAXON_MATCH_TAXON_ID_IGNORED
2549983655	50c9509d-22c7-4a22-a47d-8c48425ef4a7	https://www.inaturalist.org/observations/32473162	Fungi	Basidiomycota	Agaricomycetes	Polyporales	Polyporaceae	Cryptoporus	Cryptoporus volvatus		SPECIES	Cryptoporus volvatus (Peck) Shear	Cryptoporus volvatus		CA		Ontario	PRESENT		28eb1a3f-1c15-4a95-931a-4af90ecb574d	45.546889	-78.69075	8.0						2019-09-05T15:01	5	9	2019	5248035	5248035	HUMAN_OBSERVATION	iNaturalist	Observations	32473162		John D Reynolds	2019-09-10T15:58:22	CC_BY_4_0	John D Reynolds	John D Reynolds			2025-01-14T12:09:14.775Z	StillImage	COORDINATE_ROUNDED;CONTINENT_DERIVED_FROM_COORDINATES;TAXON_MATCH_TAXON_ID_IGNORED
2397560833	50c9509d-22c7-4a22-a47d-8c48425ef4a7	https://www.inaturalist.org/observations/31508133	Fungi	Basidiomycota	Agaricomycetes	Polyporales	Polyporaceae	Cryptoporus	Cryptoporus volvatus		SPECIES	Cryptoporus volvatus (Peck) Shear	Cryptoporus volvatus		CA		Ontario	PRESENT		28eb1a3f-1c15-4a95-931a-4af90ecb574d	45.56717	-78.689412							2019-08-23T12:15	23	8	2019	5248035	5248035	HUMAN_OBSERVATION	iNaturalist	Observations	31508133		Sharon David	2019-08-25T22:21:44	CC_BY_NC_4_0	Sharon David	Sharon David			2025-01-14T13:09:26.899Z	StillImage	COORDINATE_ROUNDED;CONTINENT_DERIVED_FROM_COORDINATES;TAXON_MATCH_TAXON_ID_IGNORED
2350374618	50c9509d-22c7-4a22-a47d-8c48425ef4a7	https://www.inaturalist.org/observations/30625483	Fungi	Basidiomycota	Agaricomycetes	Polyporales	Polyporaceae	Cryptoporus	Cryptoporus volvatus		SPECIES	Cryptoporus volvatus (Peck) Shear	Cryptoporus volvatus		CA		Ontario	PRESENT		28eb1a3f-1c15-4a95-931a-4af90ecb574d	45.58074	-78.399361	132.0						2019-08-11T12:37	11	8	2019	5248035	5248035	HUMAN_OBSERVATION	iNaturalist	Observations	30625483		enthusiasmgirl	2019-08-11T17:37:28	CC_BY_NC_4_0	enthusiasmgirl	enthusiasmgirl			2025-01-14T12:08:43.790Z	StillImage	COORDINATE_ROUNDED;CONTINENT_DERIVED_FROM_COORDINATES;TAXON_MATCH_TAXON_ID_IGNORED
2294589404	50c9509d-22c7-4a22-a47d-8c48425ef4a7	https://www.inaturalist.org/observations/29168597	Fungi	Basidiomycota	Agaricomycetes	Polyporales	Polyporaceae	Cryptoporus	Cryptoporus volvatus		SPECIES	Cryptoporus volvatus (Peck) Shear	Cryptoporus volvatus		CA		Ontario	PRESENT		28eb1a3f-1c15-4a95-931a-4af90ecb574d	45.635995	-77.496768	5.0						2019-07-20T09:08:22	20	7	2019	5248035	5248035	HUMAN_OBSERVATION	iNaturalist	Observations	29168597		ninasandy	2019-07-20T13:09:33	CC_BY_NC_4_0	ninasandy	ninasandy			2025-01-14T13:03:04.919Z	StillImage	COORDINATE_ROUNDED;CONTINENT_DERIVED_FROM_COORDINATES;TAXON_MATCH_TAXON_ID_IGNORED
2283161096	50c9509d-22c7-4a22-a47d-8c48425ef4a7	https://www.inaturalist.org/observations/28204842	Fungi	Basidiomycota	Agaricomycetes	Polyporales	Polyporaceae	Cryptoporus	Cryptoporus volvatus		SPECIES	Cryptoporus volvatus (Peck) Shear	Cryptoporus volvatus		CA		Ontario	PRESENT		28eb1a3f-1c15-4a95-931a-4af90ecb574d	45.406412	-75.926763	1200.0						2015-05-03T10:16:45	3	5	2015	5248035	5248035	HUMAN_OBSERVATION	iNaturalist	Observations	28204842		Derek Dunnett	2019-07-04T23:54:00	CC_BY_NC_4_0	Derek Dunnett	Derek Dunnett			2025-01-14T13:04:10.063Z	StillImage	COORDINATE_ROUNDED;CONTINENT_DERIVED_FROM_COORDINATES;TAXON_MATCH_TAXON_ID_IGNORED
2005269488	50c9509d-22c7-4a22-a47d-8c48425ef4a7	https://www.inaturalist.org/observations/17481764	Fungi	Basidiomycota	Agaricomycetes	Polyporales	Polyporaceae	Cryptoporus	Cryptoporus volvatus		SPECIES	Cryptoporus volvatus (Peck) Shear	Cryptoporus volvatus		CA		Ontario	PRESENT		28eb1a3f-1c15-4a95-931a-4af90ecb574d	45.465317	-75.506222	76.0						2017-07-02T15:24	2	7	2017	5248035	5248035	HUMAN_OBSERVATION	iNaturalist	Observations	17481764		jonathan_mack	2018-10-14T00:23:01	CC_BY_NC_4_0	jonathan_mack	jonathan_mack			2025-01-14T12:05:56.843Z	StillImage	COORDINATE_ROUNDED;CONTINENT_DERIVED_FROM_COORDINATES;TAXON_MATCH_TAXON_ID_IGNORED
1412707682	21705170-d2b6-42de-8904-c3bca4b83591	CMMF016072	Fungi	Basidiomycota	Agaricomycetes	Polyporales	Polyporaceae	Cryptoporus	Cryptoporus volvatus		SPECIES	Cryptoporus volvatus (Peck) Shear	Cryptoporus volvatus (Peck) Shear	(Peck) Shear	CA	Plantation McLaren, Lac de la Blanche, Québec.	Québec	PRESENT		ff7bd5db-b724-4932-b496-10ea298851f9	45.726479	-75.3111	8000.0						1992-07-20	20	7	1992	5248035	5248035	PRESERVED_SPECIMEN	Université de Montréal Biodiversity Centre	CMMF	CMMF016072		Sirard, Léas; Boulet, Bruno		CC0_1_0	Université de Montréal Biodiversity Centre	Sirard, Léas; Boulet, Bruno			2024-01-24T16:38:18.529Z		INSTITUTION_MATCH_FUZZY;COLLECTION_MATCH_FUZZY;DIFFERENT_OWNER_INSTITUTION
1412707624	21705170-d2b6-42de-8904-c3bca4b83591	CMMF016071	Fungi	Basidiomycota	Agaricomycetes	Polyporales	Polyporaceae	Cryptoporus	Cryptoporus volvatus		SPECIES	Cryptoporus volvatus (Peck) Shear	Cryptoporus volvatus (Peck) Shear	(Peck) Shear	CA	Plantation McLaren, Lac de la Blanche, Québec.	Québec	PRESENT		ff7bd5db-b724-4932-b496-10ea298851f9	45.726479	-75.3111	8000.0						1993-05-25	25	5	1993	5248035	5248035	PRESERVED_SPECIMEN	Université de Montréal Biodiversity Centre	CMMF	CMMF016071		Sirard, Léas; Boulet, Bruno		CC0_1_0	Université de Montréal Biodiversity Centre	Sirard, Léas; Boulet, Bruno			2024-01-24T16:38:18.526Z		INSTITUTION_MATCH_FUZZY;COLLECTION_MATCH_FUZZY;DIFFERENT_OWNER_INSTITUTION
1412707541	21705170-d2b6-42de-8904-c3bca4b83591	CMMF016063	Fungi	Basidiomycota	Agaricomycetes	Polyporales	Polyporaceae	Cryptoporus	Cryptoporus volvatus		SPECIES	Cryptoporus volvatus (Peck) Shear	Cryptoporus volvatus (Peck) Shear	(Peck) Shear	CA	Lachute, Québec.	Québec	PRESENT		ff7bd5db-b724-4932-b496-10ea298851f9	45.664878	-74.292134	8500.0						2001-06-07	7	6	2001	5248035	5248035	PRESERVED_SPECIMEN	Université de Montréal Biodiversity Centre	CMMF	CMMF016063		Sirard, Léas; Boulet, Bruno		CC0_1_0	Université de Montréal Biodiversity Centre	Sirard, Léas; Boulet, Bruno			2024-01-24T16:38:18.509Z		INSTITUTION_MATCH_FUZZY;COLLECTION_MATCH_FUZZY;DIFFERENT_OWNER_INSTITUTION
1135068441	21705170-d2b6-42de-8904-c3bca4b83591	CMMF007015	Fungi	Basidiomycota	Agaricomycetes	Polyporales	Polyporaceae	Cryptoporus	Cryptoporus volvatus		SPECIES	Cryptoporus volvatus (Peck) Shear	Cryptoporus volvatus (Peck) Shear	(Peck) Shear	CA	Lachute	Québec	PRESENT		ff7bd5db-b724-4932-b496-10ea298851f9	45.66275	-74.241983	100.0						2009-09-19	19	9	2009	5248035	5248035	PRESERVED_SPECIMEN	Université de Montréal Biodiversity Centre	CMMF	CMMF007015	Inexistant	McNeil, Raymond		CC0_1_0	Université de Montréal Biodiversity Centre	McNeil, Raymond			2024-01-24T16:38:20.876Z	StillImage	COORDINATE_ROUNDED;INSTITUTION_MATCH_FUZZY;COLLECTION_MATCH_FUZZY;DIFFERENT_OWNER_INSTITUTION
1135068376	21705170-d2b6-42de-8904-c3bca4b83591	CMMF006948	Fungi	Basidiomycota	Agaricomycetes	Polyporales	Polyporaceae	Cryptoporus	Cryptoporus volvatus		SPECIES	Cryptoporus volvatus (Peck) Shear	Cryptoporus volvatus (Peck) Shear	(Peck) Shear	CA	Lachute	Québec	PRESENT		ff7bd5db-b724-4932-b496-10ea298851f9	45.66275	-74.241983	100.0						2009-07-31	31	7	2009	5248035	5248035	PRESERVED_SPECIMEN	Université de Montréal Biodiversity Centre	CMMF	CMMF006948	C3504	McNeil, Raymond		CC0_1_0	Université de Montréal Biodiversity Centre	McNeil, Raymond			2024-01-24T16:38:18.650Z	StillImage	COORDINATE_ROUNDED;INSTITUTION_MATCH_FUZZY;COLLECTION_MATCH_FUZZY;DIFFERENT_OWNER_INSTITUTION
