gbifID	datasetKey	occurrenceID	kingdom	phylum	class	order	family	genus	species	infraspecificEpithet	taxonRank	scientificName	verbatimScientificName	verbatimScientificNameAuthorship	countryCode	locality	stateProvince	occurrenceStatus	individualCount	publishingOrgKey	decimalLatitude	decimalLongitude	coordinateUncertaintyInMeters	coordinatePrecision	elevation	elevationAccuracy	depth	depthAccuracy	eventDate	day	month	year	taxonKey	speciesKey	basisOfRecord	institutionCode	collectionCode	catalogNumber	recordNumber	identifiedBy	dateIdentified	license	rightsHolder	recordedBy	typeStatus	establishmentMeans	lastInterpreted	mediaType	issue
617555070	21705170-d2b6-42de-8904-c3bca4b83591	CMMF000645	Fungi	Basidiomycota	Agaricomycetes	Polyporales	Polyporaceae	Lenzites	Lenzites betulinus		SPECIES	Lenzites betulinus (L.) Fr.	Lenzites betulinus (L.) Fr.	(L.) Fr.	CA	Knowlton	Québec	PRESENT		ff7bd5db-b724-4932-b496-10ea298851f9	45.21836	-72.508084	2000.0						1989-08-20	20	8	1989	5465199	5465199	PRESERVED_SPECIMEN	Université de Montréal Biodiversity Centre	CMMF	CMMF000645		Lamoureux, Yves		CC0_1_0	Université de Montréal Biodiversity Centre	Audet, Gisèle			2024-01-24T16:38:20.116Z	StillImage	INSTITUTION_MATCH_FUZZY;COLLECTION_MATCH_FUZZY;DIFFERENT_OWNER_INSTITUTION
617552621	21705170-d2b6-42de-8904-c3bca4b83591	CMMF003244	Fungi	Basidiomycota	Agaricomycetes	Polyporales	Polyporaceae	Lenzites	Lenzites betulinus		SPECIES	Lenzites betulinus (L.) Fr.	Lenzites betulinus (L.) Fr.	(L.) Fr.	CA	Parc de la Yamaska	Québec	PRESENT		ff7bd5db-b724-4932-b496-10ea298851f9	45.429761	-72.616506	6000.0						1998-08-03	3	8	1998	5465199	5465199	PRESERVED_SPECIMEN	Université de Montréal Biodiversity Centre	CMMF	CMMF003244		Lamoureux, Yves		CC0_1_0	Université de Montréal Biodiversity Centre	Lamoureux, Yves			2024-01-24T16:38:16.980Z	StillImage	INSTITUTION_MATCH_FUZZY;COLLECTION_MATCH_FUZZY;DIFFERENT_OWNER_INSTITUTION
617552267	21705170-d2b6-42de-8904-c3bca4b83591	CMMF000308	Fungi	Basidiomycota	Agaricomycetes	Polyporales	Polyporaceae	Lenzites	Lenzites betulinus		SPECIES	Lenzites betulinus (L.) Fr.	Lenzites betulinus (L.) Fr.	(L.) Fr.	CA	Contrecoeur	Québec	PRESENT		ff7bd5db-b724-4932-b496-10ea298851f9	45.876777	-73.209987	12000.0						1988-09-04	4	9	1988	5465199	5465199	PRESERVED_SPECIMEN	Université de Montréal Biodiversity Centre	CMMF	CMMF000308		Lamoureux, Yves		CC0_1_0	Université de Montréal Biodiversity Centre	Lamoureux, Yves			2024-01-24T16:38:20.778Z	StillImage	INSTITUTION_MATCH_FUZZY;COLLECTION_MATCH_FUZZY;DIFFERENT_OWNER_INSTITUTION
5007961491	50c9509d-22c7-4a22-a47d-8c48425ef4a7	https://www.inaturalist.org/observations/191057406	Fungi	Basidiomycota	Agaricomycetes	Polyporales	Polyporaceae	Lenzites	Lenzites betulinus		SPECIES	Trametes betulina (L.) Pilát	Trametes betulina		CA		Québec	PRESENT		28eb1a3f-1c15-4a95-931a-4af90ecb574d	45.73	-74.276667	183.0						2023-11-10T08:34	10	11	2023	5954508	5465199	HUMAN_OBSERVATION	iNaturalist	Observations	191057406		François-G. Desrochers-Nemeth	2023-11-26T21:17:18	CC_BY_NC_4_0	katycricket	katycricket			2025-01-14T12:42:59.220Z	StillImage	COORDINATE_ROUNDED;CONTINENT_DERIVED_FROM_COORDINATES;TAXON_MATCH_TAXON_ID_IGNORED
4994545993	50c9509d-22c7-4a22-a47d-8c48425ef4a7	https://www.inaturalist.org/observations/252408929	Fungi	Basidiomycota	Agaricomycetes	Polyporales	Polyporaceae	Lenzites	Lenzites betulinus		SPECIES	Trametes betulina (L.) Pilát	Trametes betulina		CA		Québec	PRESENT		28eb1a3f-1c15-4a95-931a-4af90ecb574d	45.554703	-75.885017	4.0						2024-11-20T12:48:04	20	11	2024	5954508	5465199	HUMAN_OBSERVATION	iNaturalist	Observations	252408929		christinecantley	2024-11-20T17:48:12	CC_BY_NC_4_0	christinecantley	christinecantley			2025-01-14T13:41:10.698Z	StillImage	COORDINATE_ROUNDED;CONTINENT_DERIVED_FROM_COORDINATES;TAXON_MATCH_TAXON_ID_IGNORED
4994039261	50c9509d-22c7-4a22-a47d-8c48425ef4a7	https://www.inaturalist.org/observations/253939775	Fungi	Basidiomycota	Agaricomycetes	Polyporales	Polyporaceae	Lenzites	Lenzites betulinus		SPECIES	Trametes betulina (L.) Pilát	Trametes betulina		CA		Québec	PRESENT		28eb1a3f-1c15-4a95-931a-4af90ecb574d	45.50186	-75.838078	693.0						2024-12-02T18:30	2	12	2024	5954508	5465199	HUMAN_OBSERVATION	iNaturalist	Observations	253939775		François L.	2024-12-02T23:02:35	CC_BY_NC_4_0	François L.	François L.			2025-01-14T13:44:33.716Z	StillImage	COORDINATE_ROUNDED;CONTINENT_DERIVED_FROM_COORDINATES;TAXON_MATCH_TAXON_ID_IGNORED
4980630678	50c9509d-22c7-4a22-a47d-8c48425ef4a7	https://www.inaturalist.org/observations/212227507	Fungi	Basidiomycota	Agaricomycetes	Polyporales	Polyporaceae	Lenzites	Lenzites betulinus		SPECIES	Trametes betulina (L.) Pilát	Trametes betulina		CA		Québec	PRESENT		28eb1a3f-1c15-4a95-931a-4af90ecb574d	45.551406	-73.337737	477.0						2024-04-29T12:35	29	4	2024	5954508	5465199	HUMAN_OBSERVATION	iNaturalist	Observations	212227507		Ariel Bonkoski	2024-11-11T23:12:21	CC_BY_NC_4_0	Suzanne Labbé	Suzanne Labbé			2025-01-14T13:40:17.874Z	StillImage	COORDINATE_ROUNDED;CONTINENT_DERIVED_FROM_COORDINATES;TAXON_MATCH_TAXON_ID_IGNORED
4980505869	50c9509d-22c7-4a22-a47d-8c48425ef4a7	https://www.inaturalist.org/observations/251406185	Fungi	Basidiomycota	Agaricomycetes	Polyporales	Polyporaceae	Lenzites	Lenzites betulinus		SPECIES	Trametes betulina (L.) Pilát	Trametes betulina		CA		New Brunswick	PRESENT		28eb1a3f-1c15-4a95-931a-4af90ecb574d	45.988029	-66.668827	7159.0						2024-11-12T01:29:53	12	11	2024	5954508	5465199	HUMAN_OBSERVATION	iNaturalist	Observations	251406185		flightmom	2024-11-12T05:31:08	CC_BY_NC_4_0	flightmom	flightmom			2025-01-14T13:39:32.547Z	StillImage	COORDINATE_ROUNDED;CONTINENT_DERIVED_FROM_COORDINATES;TAXON_MATCH_TAXON_ID_IGNORED
4976620971	50c9509d-22c7-4a22-a47d-8c48425ef4a7	https://www.inaturalist.org/observations/149590106	Fungi	Basidiomycota	Agaricomycetes	Polyporales	Polyporaceae	Lenzites	Lenzites betulinus		SPECIES	Trametes betulina (L.) Pilát	Trametes betulina		CA		New Brunswick	PRESENT		28eb1a3f-1c15-4a95-931a-4af90ecb574d	45.919115	-66.647411							2023-02-24T14:18:34	24	2	2023	5954508	5465199	HUMAN_OBSERVATION	iNaturalist	Observations	149590106		Andrew MacPherson	2023-02-24T22:48:00	CC0_1_0	Andrew MacPherson	Andrew MacPherson			2025-01-14T13:28:20.731Z	StillImage	COORDINATE_ROUNDED;CONTINENT_DERIVED_FROM_COORDINATES;TAXON_MATCH_TAXON_ID_IGNORED
4976586011	50c9509d-22c7-4a22-a47d-8c48425ef4a7	https://www.inaturalist.org/observations/100546400	Fungi	Basidiomycota	Agaricomycetes	Polyporales	Polyporaceae	Lenzites	Lenzites betulinus		SPECIES	Trametes betulina (L.) Pilát	Trametes betulina		CA		New Brunswick	PRESENT		28eb1a3f-1c15-4a95-931a-4af90ecb574d	45.954872	-66.666681							2021-10-18T16:20:56	18	10	2021	5954508	5465199	HUMAN_OBSERVATION	iNaturalist	Observations	100546400		Issie	2021-11-07T23:55:38	CC_BY_NC_4_0	Issie	Issie			2025-01-14T13:15:59.270Z	StillImage	COORDINATE_ROUNDED;CONTINENT_DERIVED_FROM_COORDINATES;TAXON_MATCH_TAXON_ID_IGNORED
4976430717	50c9509d-22c7-4a22-a47d-8c48425ef4a7	https://www.inaturalist.org/observations/238596588	Fungi	Basidiomycota	Agaricomycetes	Polyporales	Polyporaceae	Lenzites	Lenzites betulinus		SPECIES	Trametes betulina (L.) Pilát	Trametes betulina		CA		Ontario	PRESENT		28eb1a3f-1c15-4a95-931a-4af90ecb574d	45.433197	-76.326645	4.0						2024-08-28T11:50:50	28	8	2024	5954508	5465199	HUMAN_OBSERVATION	iNaturalist	Observations	238596588		Keith Seifert	2024-08-29T14:12:20	CC0_1_0	Keith Seifert	Keith Seifert			2025-01-14T13:43:02.986Z	StillImage	COORDINATE_ROUNDED;CONTINENT_DERIVED_FROM_COORDINATES;TAXON_MATCH_TAXON_ID_IGNORED
4976258133	50c9509d-22c7-4a22-a47d-8c48425ef4a7	https://www.inaturalist.org/observations/248454653	Fungi	Basidiomycota	Agaricomycetes	Polyporales	Polyporaceae	Lenzites	Lenzites betulinus		SPECIES	Trametes betulina (L.) Pilát	Trametes betulina		CA		New Brunswick	PRESENT		28eb1a3f-1c15-4a95-931a-4af90ecb574d	46.316318	-64.634056	4.0						2024-10-21T11:45:26	21	10	2024	5954508	5465199	HUMAN_OBSERVATION	iNaturalist	Observations	248454653		cocagne	2024-10-21T14:49:04	CC_BY_NC_4_0	cocagne	cocagne			2025-01-14T13:44:36.213Z	StillImage	COORDINATE_ROUNDED;CONTINENT_DERIVED_FROM_COORDINATES;TAXON_MATCH_TAXON_ID_IGNORED
4973797427	50c9509d-22c7-4a22-a47d-8c48425ef4a7	https://www.inaturalist.org/observations/245648573	Fungi	Basidiomycota	Agaricomycetes	Polyporales	Polyporaceae	Lenzites	Lenzites betulinus		SPECIES	Trametes betulina (L.) Pilát	Trametes betulina		CA		Ontario	PRESENT		28eb1a3f-1c15-4a95-931a-4af90ecb574d	45.273135	-75.714734							2024-10-03T10:13:05	3	10	2024	5954508	5465199	HUMAN_OBSERVATION	iNaturalist	Observations	245648573		Leaf Holmes	2024-10-04T22:53:44	CC_BY_NC_4_0	Leaf Holmes	Leaf Holmes			2025-01-14T12:55:09.057Z	StillImage	CONTINENT_DERIVED_FROM_COORDINATES;TAXON_MATCH_TAXON_ID_IGNORED
4953219611	50c9509d-22c7-4a22-a47d-8c48425ef4a7	https://www.inaturalist.org/observations/246257024	Fungi	Basidiomycota	Agaricomycetes	Polyporales	Polyporaceae	Lenzites	Lenzites betulinus		SPECIES	Trametes betulina (L.) Pilát	Trametes betulina		CA		Québec	PRESENT		28eb1a3f-1c15-4a95-931a-4af90ecb574d	45.440628	-73.605867	4.0						2024-10-07T12:32:34	7	10	2024	5954508	5465199	HUMAN_OBSERVATION	iNaturalist	Observations	246257024		gr3yhound	2024-10-08T01:37:48	CC_BY_NC_4_0	gr3yhound	gr3yhound			2025-01-14T13:38:12.512Z	StillImage	COORDINATE_ROUNDED;CONTINENT_DERIVED_FROM_COORDINATES;TAXON_MATCH_TAXON_ID_IGNORED
4952604804	50c9509d-22c7-4a22-a47d-8c48425ef4a7	https://www.inaturalist.org/observations/244242954	Fungi	Basidiomycota	Agaricomycetes	Polyporales	Polyporaceae	Lenzites	Lenzites betulinus		SPECIES	Trametes betulina (L.) Pilát	Trametes betulina		CA		Québec	PRESENT		28eb1a3f-1c15-4a95-931a-4af90ecb574d	45.872811	-76.4339	501.0						2024-09-23T15:04	23	9	2024	5954508	5465199	HUMAN_OBSERVATION	iNaturalist	Observations	244242954		L Joan Heyding	2024-09-27T02:51:59	CC_BY_NC_4_0	L Joan Heyding	L Joan Heyding			2025-01-14T12:54:22.583Z	StillImage	COORDINATE_ROUNDED;CONTINENT_DERIVED_FROM_COORDINATES;TAXON_MATCH_TAXON_ID_IGNORED
4952280168	50c9509d-22c7-4a22-a47d-8c48425ef4a7	https://www.inaturalist.org/observations/245865625	Fungi	Basidiomycota	Agaricomycetes	Polyporales	Polyporaceae	Lenzites	Lenzites betulinus		SPECIES	Trametes betulina (L.) Pilát	Trametes betulina		CA		Ontario	PRESENT		28eb1a3f-1c15-4a95-931a-4af90ecb574d	45.43604	-76.331363							2024-10-05T12:03	5	10	2024	5954508	5465199	HUMAN_OBSERVATION	iNaturalist	Observations	245865625		jonathan_mack	2024-10-06T01:53:12	CC_BY_NC_4_0	jonathan_mack	jonathan_mack			2025-01-14T13:40:32.352Z	StillImage	COORDINATE_ROUNDED;CONTINENT_DERIVED_FROM_COORDINATES;TAXON_MATCH_TAXON_ID_IGNORED
4952188991	50c9509d-22c7-4a22-a47d-8c48425ef4a7	https://www.inaturalist.org/observations/204802488	Fungi	Basidiomycota	Agaricomycetes	Polyporales	Polyporaceae	Lenzites	Lenzites betulinus		SPECIES	Trametes betulina (L.) Pilát	Trametes betulina		CA		Prince Edward Island	PRESENT		28eb1a3f-1c15-4a95-931a-4af90ecb574d	46.432832	-64.023491	19.0						2024-03-31T13:59:21	31	3	2024	5954508	5465199	HUMAN_OBSERVATION	iNaturalist	Observations	204802488		Ariel Bonkoski	2024-09-28T03:40:57	CC_BY_NC_4_0	zova	zova			2025-01-14T13:38:19.430Z	StillImage	COORDINATE_ROUNDED;CONTINENT_DERIVED_FROM_COORDINATES;TAXON_MATCH_TAXON_ID_IGNORED
4936713668	50c9509d-22c7-4a22-a47d-8c48425ef4a7	https://www.inaturalist.org/observations/64791037	Fungi	Basidiomycota	Agaricomycetes	Polyporales	Polyporaceae	Lenzites	Lenzites betulinus		SPECIES	Trametes betulina (L.) Pilát	Trametes betulina		CA		Ontario	PRESENT		28eb1a3f-1c15-4a95-931a-4af90ecb574d	45.08515	-76.112169	5.0						2020-11-13T09:14:54	13	11	2020	5954508	5465199	HUMAN_OBSERVATION	iNaturalist	Observations	64791037		Scott Clément	2020-11-16T19:24:23	CC_BY_NC_4_0	Scott Clément	Scott Clément			2025-01-14T12:16:42.521Z	StillImage	COORDINATE_ROUNDED;CONTINENT_DERIVED_FROM_COORDINATES;TAXON_MATCH_TAXON_ID_IGNORED
4936617717	50c9509d-22c7-4a22-a47d-8c48425ef4a7	https://www.inaturalist.org/observations/238230521	Fungi	Basidiomycota	Agaricomycetes	Polyporales	Polyporaceae	Lenzites	Lenzites betulinus		SPECIES	Trametes betulina (L.) Pilát	Trametes betulina		CA		Ontario	PRESENT		28eb1a3f-1c15-4a95-931a-4af90ecb574d	45.454913	-75.546692	30.0						2024-08-26T15:06:24	26	8	2024	5954508	5465199	HUMAN_OBSERVATION	iNaturalist	Observations	238230521		Lynn Ovenden	2024-08-27T12:23:36	CC_BY_NC_4_0	Lynn Ovenden	Lynn Ovenden			2025-01-14T13:36:32.399Z	StillImage	COORDINATE_ROUNDED;CONTINENT_DERIVED_FROM_COORDINATES;TAXON_MATCH_TAXON_ID_IGNORED
4936049788	50c9509d-22c7-4a22-a47d-8c48425ef4a7	https://www.inaturalist.org/observations/64794086	Fungi	Basidiomycota	Agaricomycetes	Polyporales	Polyporaceae	Lenzites	Lenzites betulinus		SPECIES	Trametes betulina (L.) Pilát	Trametes betulina		CA		Ontario	PRESENT		28eb1a3f-1c15-4a95-931a-4af90ecb574d	45.084671	-76.113009	136.0						2020-11-13T09:11:22	13	11	2020	5954508	5465199	HUMAN_OBSERVATION	iNaturalist	Observations	64794086		Garrett Taylor	2021-01-18T01:00:39	CC_BY_NC_4_0	Scott Clément	Scott Clément			2025-01-14T13:10:25.604Z	StillImage	COORDINATE_ROUNDED;CONTINENT_DERIVED_FROM_COORDINATES;TAXON_MATCH_TAXON_ID_IGNORED
4926162751	50c9509d-22c7-4a22-a47d-8c48425ef4a7	https://www.inaturalist.org/observations/235787030	Fungi	Basidiomycota	Agaricomycetes	Polyporales	Polyporaceae	Lenzites	Lenzites betulinus		SPECIES	Trametes betulina (L.) Pilát	Trametes betulina		CA		Ontario	PRESENT		28eb1a3f-1c15-4a95-931a-4af90ecb574d	45.350969	-76.000438	31.0						2023-10-13T12:36	13	10	2023	5954508	5465199	HUMAN_OBSERVATION	iNaturalist	Observations	235787030		Deborah Mosher	2024-08-14T20:20:49	CC_BY_NC_4_0	Deborah Mosher	Deborah Mosher			2025-01-14T13:42:40.907Z	StillImage	COORDINATE_ROUNDED;CONTINENT_DERIVED_FROM_COORDINATES;TAXON_MATCH_TAXON_ID_IGNORED
4892029182	50c9509d-22c7-4a22-a47d-8c48425ef4a7	https://www.inaturalist.org/observations/140294788	Fungi	Basidiomycota	Agaricomycetes	Polyporales	Polyporaceae	Lenzites	Lenzites betulinus		SPECIES	Trametes betulina (L.) Pilát	Trametes betulina		CA		Prince Edward Island	PRESENT		28eb1a3f-1c15-4a95-931a-4af90ecb574d	46.691268	-64.019055	20.0						2022-10-26T11:07	26	10	2022	5954508	5465199	HUMAN_OBSERVATION	iNaturalist	Observations	140294788		Rosemary Curley	2022-10-28T20:18:23	CC_BY_NC_4_0	Rosemary Curley	Rosemary Curley			2025-01-14T12:33:22.908Z	StillImage	COORDINATE_ROUNDED;CONTINENT_DERIVED_FROM_COORDINATES;TAXON_MATCH_TAXON_ID_IGNORED
4872290412	50c9509d-22c7-4a22-a47d-8c48425ef4a7	https://www.inaturalist.org/observations/213032304	Fungi	Basidiomycota	Agaricomycetes	Polyporales	Polyporaceae	Lenzites	Lenzites betulinus		SPECIES	Trametes betulina (L.) Pilát	Trametes betulina		CA		Québec	PRESENT		28eb1a3f-1c15-4a95-931a-4af90ecb574d	45.462481	-73.931106							2024-04-28T10:26	28	4	2024	5954508	5465199	HUMAN_OBSERVATION	iNaturalist	Observations	213032304		gabboilard	2024-05-03T23:21:55	CC_BY_NC_4_0	Kevin Verreault	Kevin Verreault			2025-01-14T13:44:25.204Z	StillImage	COORDINATE_ROUNDED;CONTINENT_DERIVED_FROM_COORDINATES;TAXON_MATCH_TAXON_ID_IGNORED
4872122306	50c9509d-22c7-4a22-a47d-8c48425ef4a7	https://www.inaturalist.org/observations/190314688	Fungi	Basidiomycota	Agaricomycetes	Polyporales	Polyporaceae	Lenzites	Lenzites betulinus		SPECIES	Trametes betulina (L.) Pilát	Trametes betulina		CA		Québec	PRESENT		28eb1a3f-1c15-4a95-931a-4af90ecb574d	45.380642	-71.918853	32.0						2023-11-06T13:51:21	6	11	2023	5954508	5465199	HUMAN_OBSERVATION	iNaturalist	Observations	190314688		gabboilard	2023-11-30T22:29:15	CC_BY_NC_4_0	Cmarion	Cmarion			2025-01-14T13:30:47.003Z	StillImage	COORDINATE_ROUNDED;CONTINENT_DERIVED_FROM_COORDINATES;TAXON_MATCH_TAXON_ID_IGNORED
4868138316	50c9509d-22c7-4a22-a47d-8c48425ef4a7	https://www.inaturalist.org/observations/216680166	Fungi	Basidiomycota	Agaricomycetes	Polyporales	Polyporaceae	Lenzites	Lenzites betulinus		SPECIES	Trametes betulina (L.) Pilát	Trametes betulina		CA		Prince Edward Island	PRESENT		28eb1a3f-1c15-4a95-931a-4af90ecb574d	46.961389	-64.002036	4.0						2024-05-17T11:54	17	5	2024	5954508	5465199	HUMAN_OBSERVATION	iNaturalist	Observations	216680166		Rosemary Curley	2024-05-19T01:35:35	CC_BY_NC_4_0	Rosemary Curley	Rosemary Curley			2025-01-14T13:40:35.565Z	StillImage	COORDINATE_ROUNDED;CONTINENT_DERIVED_FROM_COORDINATES;TAXON_MATCH_TAXON_ID_IGNORED
4852969841	50c9509d-22c7-4a22-a47d-8c48425ef4a7	https://www.inaturalist.org/observations/209328708	Fungi	Basidiomycota	Agaricomycetes	Polyporales	Polyporaceae	Lenzites	Lenzites betulinus		SPECIES	Trametes betulina (L.) Pilát	Trametes betulina		CA		Québec	PRESENT		28eb1a3f-1c15-4a95-931a-4af90ecb574d	45.75786	-75.993658	1382.0						2024-04-23T13:13:53	23	4	2024	5954508	5465199	HUMAN_OBSERVATION	iNaturalist	Observations	209328708		Ariel Bonkoski	2024-04-26T05:00:48	CC_BY_NC_4_0	ashmire	ashmire			2025-01-14T12:44:12.427Z	StillImage	COORDINATE_ROUNDED;CONTINENT_DERIVED_FROM_COORDINATES;TAXON_MATCH_TAXON_ID_IGNORED
4607338552	50c9509d-22c7-4a22-a47d-8c48425ef4a7	https://www.inaturalist.org/observations/59235571	Fungi	Basidiomycota	Agaricomycetes	Polyporales	Polyporaceae	Lenzites	Lenzites betulinus		SPECIES	Trametes betulina (L.) Pilát	Trametes betulina		CA		Québec	PRESENT		28eb1a3f-1c15-4a95-931a-4af90ecb574d	45.652753	-73.302803	5.0						2020-09-11T11:43:32	11	9	2020	5954508	5465199	HUMAN_OBSERVATION	iNaturalist	Observations	59235571		lisa_perreault	2020-09-11T17:43:34	CC_BY_NC_4_0	lisa_perreault	lisa_perreault			2025-01-14T13:10:03.820Z	StillImage	COORDINATE_ROUNDED;CONTINENT_DERIVED_FROM_COORDINATES;TAXON_MATCH_TAXON_ID_IGNORED
4607090733	50c9509d-22c7-4a22-a47d-8c48425ef4a7	https://www.inaturalist.org/observations/134242814	Fungi	Basidiomycota	Agaricomycetes	Polyporales	Polyporaceae	Lenzites	Lenzites betulinus		SPECIES	Trametes betulina (L.) Pilát	Trametes betulina		CA		Québec	PRESENT		28eb1a3f-1c15-4a95-931a-4af90ecb574d	46.827129	-71.333593	9.0						2022-09-08T17:41:20	8	9	2022	5954508	5465199	HUMAN_OBSERVATION	iNaturalist	Observations	134242814		gensav	2022-09-09T00:27:48	CC_BY_NC_4_0	gensav	gensav			2025-01-14T12:31:40.710Z	StillImage	COORDINATE_ROUNDED;CONTINENT_DERIVED_FROM_COORDINATES;TAXON_MATCH_TAXON_ID_IGNORED
4606906444	50c9509d-22c7-4a22-a47d-8c48425ef4a7	https://www.inaturalist.org/observations/188438570	Fungi	Basidiomycota	Agaricomycetes	Polyporales	Polyporaceae	Lenzites	Lenzites betulinus		SPECIES	Trametes betulina (L.) Pilát	Trametes betulina		CA		Québec	PRESENT		28eb1a3f-1c15-4a95-931a-4af90ecb574d	46.741886	-71.387467	51.0						2023-10-21T14:37:31	21	10	2023	5954508	5465199	HUMAN_OBSERVATION	iNaturalist	Observations	188438570		Camille Boucher	2023-10-21T22:17:33	CC_BY_NC_4_0	Camille Boucher	Camille Boucher			2025-01-14T13:33:50.596Z	StillImage	COORDINATE_ROUNDED;CONTINENT_DERIVED_FROM_COORDINATES;TAXON_MATCH_TAXON_ID_IGNORED
4606720920	50c9509d-22c7-4a22-a47d-8c48425ef4a7	https://www.inaturalist.org/observations/204217410	Fungi	Basidiomycota	Agaricomycetes	Polyporales	Polyporaceae	Lenzites	Lenzites betulinus		SPECIES	Trametes betulina (L.) Pilát	Trametes betulina		CA		Québec	PRESENT		28eb1a3f-1c15-4a95-931a-4af90ecb574d	45.617511	-72.984086							2024-03-27T16:59:33	27	3	2024	5954508	5465199	HUMAN_OBSERVATION	iNaturalist	Observations	204217410		gabboilard	2024-03-28T03:08:04	CC_BY_4_0	Loïc Mathieu	Loïc Mathieu			2025-01-14T12:43:26.904Z	StillImage	COORDINATE_ROUNDED;CONTINENT_DERIVED_FROM_COORDINATES;TAXON_MATCH_TAXON_ID_IGNORED
4606660897	50c9509d-22c7-4a22-a47d-8c48425ef4a7	https://www.inaturalist.org/observations/198890462	Fungi	Basidiomycota	Agaricomycetes	Polyporales	Polyporaceae	Lenzites	Lenzites betulinus		SPECIES	Trametes betulina (L.) Pilát	Trametes betulina		CA		Québec	PRESENT		28eb1a3f-1c15-4a95-931a-4af90ecb574d	46.910459	-71.214503	31.0						2023-08-21	21	8	2023	5954508	5465199	HUMAN_OBSERVATION	iNaturalist	Observations	198890462		Christian Grenier	2024-02-10T12:59:58	CC_BY_NC_4_0	Christian Grenier	Christian Grenier			2025-01-14T13:36:41.319Z	StillImage	COORDINATE_ROUNDED;CONTINENT_DERIVED_FROM_COORDINATES;TAXON_MATCH_TAXON_ID_IGNORED
4606656463	50c9509d-22c7-4a22-a47d-8c48425ef4a7	https://www.inaturalist.org/observations/184782830	Fungi	Basidiomycota	Agaricomycetes	Polyporales	Polyporaceae	Lenzites	Lenzites betulinus		SPECIES	Trametes betulina (L.) Pilát	Trametes betulina		CA		Québec	PRESENT		28eb1a3f-1c15-4a95-931a-4af90ecb574d	45.471058	-75.815658	22.0						2023-09-24T14:40:11	24	9	2023	5954508	5465199	HUMAN_OBSERVATION	iNaturalist	Observations	184782830		Laura O'Connor	2023-09-24T23:18:32	CC_BY_NC_4_0	Laura O'Connor	Laura O'Connor			2025-01-14T13:29:19.751Z	StillImage	COORDINATE_ROUNDED;CONTINENT_DERIVED_FROM_COORDINATES;TAXON_MATCH_TAXON_ID_IGNORED
4606621567	50c9509d-22c7-4a22-a47d-8c48425ef4a7	https://www.inaturalist.org/observations/195013829	Fungi	Basidiomycota	Agaricomycetes	Polyporales	Polyporaceae	Lenzites	Lenzites betulinus		SPECIES	Trametes betulina (L.) Pilát	Trametes betulina		CA		Québec	PRESENT		28eb1a3f-1c15-4a95-931a-4af90ecb574d	45.898899	-75.79376	856.0						2023-12-26T13:32:22	26	12	2023	5954508	5465199	HUMAN_OBSERVATION	iNaturalist	Observations	195013829		sophie_wiley	2023-12-27T21:33:58	CC_BY_NC_4_0	sophie_wiley	sophie_wiley			2025-01-14T13:29:13.233Z	StillImage	COORDINATE_ROUNDED;CONTINENT_DERIVED_FROM_COORDINATES;TAXON_MATCH_TAXON_ID_IGNORED
4606593823	50c9509d-22c7-4a22-a47d-8c48425ef4a7	https://www.inaturalist.org/observations/178441180	Fungi	Basidiomycota	Agaricomycetes	Polyporales	Polyporaceae	Lenzites	Lenzites betulinus		SPECIES	Trametes betulina (L.) Pilát	Trametes betulina		CA		Québec	PRESENT		28eb1a3f-1c15-4a95-931a-4af90ecb574d	48.63795	-72.329817							2023-08-14T16:54	14	8	2023	5954508	5465199	HUMAN_OBSERVATION	iNaturalist	Observations	178441180		Paul Vézina	2023-08-14T22:21:27	CC_BY_NC_4_0	Paul Vézina	Paul Vézina			2025-01-14T13:32:07.467Z	StillImage	COORDINATE_ROUNDED;CONTINENT_DERIVED_FROM_COORDINATES;TAXON_MATCH_TAXON_ID_IGNORED
4606566936	50c9509d-22c7-4a22-a47d-8c48425ef4a7	https://www.inaturalist.org/observations/179090411	Fungi	Basidiomycota	Agaricomycetes	Polyporales	Polyporaceae	Lenzites	Lenzites betulinus		SPECIES	Trametes betulina (L.) Pilát	Trametes betulina		CA		Québec	PRESENT		28eb1a3f-1c15-4a95-931a-4af90ecb574d	45.488059	-75.616187	349.0						2023-08-18T14:38:17	18	8	2023	5954508	5465199	HUMAN_OBSERVATION	iNaturalist	Observations	179090411		Ariel Bonkoski	2024-04-07T04:48:18	CC_BY_NC_4_0	claimh	claimh			2025-01-14T12:39:58.534Z	StillImage	COORDINATE_ROUNDED;CONTINENT_DERIVED_FROM_COORDINATES;TAXON_MATCH_TAXON_ID_IGNORED
4606534917	50c9509d-22c7-4a22-a47d-8c48425ef4a7	https://www.inaturalist.org/observations/99247920	Fungi	Basidiomycota	Agaricomycetes	Polyporales	Polyporaceae	Lenzites	Lenzites betulinus		SPECIES	Trametes betulina (L.) Pilát	Trametes betulina		CA		Ontario	PRESENT		28eb1a3f-1c15-4a95-931a-4af90ecb574d	45.352617	-75.617308	30.0						2021-10-24T14:19:09	24	10	2021	5954508	5465199	HUMAN_OBSERVATION	iNaturalist	Observations	99247920		Vanessa Hum	2021-10-24T18:51:09	CC_BY_NC_4_0	Vanessa Hum	Vanessa Hum			2025-01-14T12:26:12.559Z	StillImage	COORDINATE_ROUNDED;CONTINENT_DERIVED_FROM_COORDINATES;TAXON_MATCH_TAXON_ID_IGNORED
4606522176	50c9509d-22c7-4a22-a47d-8c48425ef4a7	https://www.inaturalist.org/observations/133677253	Fungi	Basidiomycota	Agaricomycetes	Polyporales	Polyporaceae	Lenzites	Lenzites betulinus		SPECIES	Trametes betulina (L.) Pilát	Trametes betulina		CA		Québec	PRESENT		28eb1a3f-1c15-4a95-931a-4af90ecb574d	45.549647	-73.536545	16.0						2022-09-04T17:26:22	4	9	2022	5954508	5465199	HUMAN_OBSERVATION	iNaturalist	Observations	133677253		Mical	2022-09-04T21:27:46	CC_BY_4_0	Mical	Mical			2025-01-14T12:31:42.471Z	StillImage	COORDINATE_ROUNDED;CONTINENT_DERIVED_FROM_COORDINATES;TAXON_MATCH_TAXON_ID_IGNORED
4600137281	50c9509d-22c7-4a22-a47d-8c48425ef4a7	https://www.inaturalist.org/observations/204060584	Fungi	Basidiomycota	Agaricomycetes	Polyporales	Polyporaceae	Lenzites	Lenzites betulinus		SPECIES	Trametes betulina (L.) Pilát	Trametes betulina		CA		Nova Scotia	PRESENT		28eb1a3f-1c15-4a95-931a-4af90ecb574d	45.576628	-64.349619	56.0						2024-03-24T13:41	24	3	2024	5954508	5465199	HUMAN_OBSERVATION	iNaturalist	Observations	204060584		Ben	2024-03-26T20:41:44	CC_BY_NC_4_0	Ben	Ben			2025-01-14T12:43:30.036Z	StillImage	COORDINATE_ROUNDED;CONTINENT_DERIVED_FROM_COORDINATES;TAXON_MATCH_TAXON_ID_IGNORED
4597503067	50c9509d-22c7-4a22-a47d-8c48425ef4a7	https://www.inaturalist.org/observations/202485425	Fungi	Basidiomycota	Agaricomycetes	Polyporales	Polyporaceae	Lenzites	Lenzites betulinus		SPECIES	Trametes betulina (L.) Pilát	Trametes betulina		CA		New Brunswick	PRESENT		28eb1a3f-1c15-4a95-931a-4af90ecb574d	47.970087	-66.340378	77.0						2024-03-13T13:17:36	13	3	2024	5954508	5465199	HUMAN_OBSERVATION	iNaturalist	Observations	202485425		clara_bri	2024-03-15T02:44:21	CC_BY_NC_4_0	clara_bri	clara_bri			2025-01-14T13:38:53.976Z	StillImage	COORDINATE_ROUNDED;CONTINENT_DERIVED_FROM_COORDINATES;TAXON_MATCH_TAXON_ID_IGNORED
4535614018	50c9509d-22c7-4a22-a47d-8c48425ef4a7	https://www.inaturalist.org/observations/190506092	Fungi	Basidiomycota	Agaricomycetes	Polyporales	Polyporaceae	Lenzites	Lenzites betulinus		SPECIES	Trametes betulina (L.) Pilát	Trametes betulina		CA		Ontario	PRESENT		28eb1a3f-1c15-4a95-931a-4af90ecb574d	45.325354	-75.797381	346.0						2023-10-25T16:45	25	10	2023	5954508	5465199	HUMAN_OBSERVATION	iNaturalist	Observations	190506092		Ariel Bonkoski	2024-03-05T03:52:01	CC_BY_NC_4_0	G Nicoll	G Nicoll			2025-01-14T12:45:01.530Z	StillImage	COORDINATE_ROUNDED;CONTINENT_DERIVED_FROM_COORDINATES;TAXON_MATCH_TAXON_ID_IGNORED
4506304331	50c9509d-22c7-4a22-a47d-8c48425ef4a7	https://www.inaturalist.org/observations/193380550	Fungi	Basidiomycota	Agaricomycetes	Polyporales	Polyporaceae	Lenzites	Lenzites betulinus		SPECIES	Trametes betulina (L.) Pilát	Trametes betulina		CA		Québec	PRESENT		28eb1a3f-1c15-4a95-931a-4af90ecb574d	46.914954	-71.214202	8.0						2023-10-02	2	10	2023	5954508	5465199	HUMAN_OBSERVATION	iNaturalist	Observations	193380550		Ariel Bonkoski	2023-12-26T09:25:38	CC_BY_NC_4_0	Christian Grenier	Christian Grenier			2025-01-14T13:36:41.989Z	StillImage	COORDINATE_ROUNDED;CONTINENT_DERIVED_FROM_COORDINATES;TAXON_MATCH_TAXON_ID_IGNORED
4506283353	50c9509d-22c7-4a22-a47d-8c48425ef4a7	https://www.inaturalist.org/observations/193031896	Fungi	Basidiomycota	Agaricomycetes	Polyporales	Polyporaceae	Lenzites	Lenzites betulinus		SPECIES	Trametes betulina (L.) Pilát	Trametes betulina		CA		Québec	PRESENT		28eb1a3f-1c15-4a95-931a-4af90ecb574d	45.563672	-75.434396	31.0						2023-10-08	8	10	2023	5954508	5465199	HUMAN_OBSERVATION	iNaturalist	Observations	193031896		Ariel Bonkoski	2023-12-26T09:26:39	CC_BY_NC_4_0	Christian Grenier	Christian Grenier			2025-01-14T13:35:03.280Z	StillImage	COORDINATE_ROUNDED;CONTINENT_DERIVED_FROM_COORDINATES;TAXON_MATCH_TAXON_ID_IGNORED
4458643116	50c9509d-22c7-4a22-a47d-8c48425ef4a7	https://www.inaturalist.org/observations/192677083	Fungi	Basidiomycota	Agaricomycetes	Polyporales	Polyporaceae	Lenzites	Lenzites betulinus		SPECIES	Trametes betulina (L.) Pilát	Trametes betulina		CA		Ontario	PRESENT		28eb1a3f-1c15-4a95-931a-4af90ecb574d	45.401068	-75.584713	183.0						2023-11-30T14:11	30	11	2023	5954508	5465199	HUMAN_OBSERVATION	iNaturalist	Observations	192677083		L Joan Heyding	2023-11-30T23:22:23	CC_BY_NC_4_0	L Joan Heyding	L Joan Heyding			2025-01-14T12:42:11.548Z	StillImage	COORDINATE_ROUNDED;CONTINENT_DERIVED_FROM_COORDINATES;TAXON_MATCH_TAXON_ID_IGNORED
4442634984	50c9509d-22c7-4a22-a47d-8c48425ef4a7	https://www.inaturalist.org/observations/183405489	Fungi	Basidiomycota	Agaricomycetes	Polyporales	Polyporaceae	Lenzites	Lenzites betulinus		SPECIES	Trametes betulina (L.) Pilát	Trametes betulina		CA		Québec	PRESENT		28eb1a3f-1c15-4a95-931a-4af90ecb574d	45.439975	-73.603292							2023-09-15T11:29:39	15	9	2023	5954508	5465199	HUMAN_OBSERVATION	iNaturalist	Observations	183405489		intodream	2023-09-15T20:15:26	CC_BY_NC_4_0	intodream	intodream			2025-01-14T12:41:05.310Z	StillImage	COORDINATE_ROUNDED;CONTINENT_DERIVED_FROM_COORDINATES;TAXON_MATCH_TAXON_ID_IGNORED
4442621023	50c9509d-22c7-4a22-a47d-8c48425ef4a7	https://www.inaturalist.org/observations/187809073	Fungi	Basidiomycota	Agaricomycetes	Polyporales	Polyporaceae	Lenzites	Lenzites betulinus		SPECIES	Trametes betulina (L.) Pilát	Trametes betulina		CA		Québec	PRESENT		28eb1a3f-1c15-4a95-931a-4af90ecb574d	45.683068	-75.930941	4799.0						2023-10-16T13:03	16	10	2023	5954508	5465199	HUMAN_OBSERVATION	iNaturalist	Observations	187809073		see-em	2023-10-16T18:45:07	CC_BY_NC_4_0	see-em	see-em			2025-01-14T12:40:33.169Z	StillImage	CONTINENT_DERIVED_FROM_COORDINATES;TAXON_MATCH_TAXON_ID_IGNORED
4442497041	50c9509d-22c7-4a22-a47d-8c48425ef4a7	https://www.inaturalist.org/observations/187207058	Fungi	Basidiomycota	Agaricomycetes	Polyporales	Polyporaceae	Lenzites	Lenzites betulinus		SPECIES	Trametes betulina (L.) Pilát	Trametes betulina		CA		Québec	PRESENT		28eb1a3f-1c15-4a95-931a-4af90ecb574d	45.483669	-71.209069							2023-09-23T15:59	23	9	2023	5954508	5465199	HUMAN_OBSERVATION	iNaturalist	Observations	187207058		gabboilard	2023-10-12T04:15:25	CC_BY_NC_4_0	gabboilard	gabboilard			2025-01-14T12:40:46.564Z	StillImage	COORDINATE_ROUNDED;CONTINENT_DERIVED_FROM_COORDINATES;TAXON_MATCH_TAXON_ID_IGNORED
4442469036	50c9509d-22c7-4a22-a47d-8c48425ef4a7	https://www.inaturalist.org/observations/187839774	Fungi	Basidiomycota	Agaricomycetes	Polyporales	Polyporaceae	Lenzites	Lenzites betulinus		SPECIES	Trametes betulina (L.) Pilát	Trametes betulina		CA		Québec	PRESENT		28eb1a3f-1c15-4a95-931a-4af90ecb574d	45.373992	-71.90374	8.0						2023-10-16T19:29:12	16	10	2023	5954508	5465199	HUMAN_OBSERVATION	iNaturalist	Observations	187839774		gabboilard	2023-10-16T23:41:43	CC_BY_NC_4_0	gabboilard	gabboilard			2025-01-14T13:30:07.583Z	StillImage	COORDINATE_ROUNDED;CONTINENT_DERIVED_FROM_COORDINATES;TAXON_MATCH_TAXON_ID_IGNORED
4442458556	50c9509d-22c7-4a22-a47d-8c48425ef4a7	https://www.inaturalist.org/observations/191107623	Fungi	Basidiomycota	Agaricomycetes	Polyporales	Polyporaceae	Lenzites	Lenzites betulinus		SPECIES	Trametes betulina (L.) Pilát	Trametes betulina		CA		Ontario	PRESENT		28eb1a3f-1c15-4a95-931a-4af90ecb574d	45.358432	-75.59862	4.0						2023-11-15T13:28:02	15	11	2023	5954508	5465199	HUMAN_OBSERVATION	iNaturalist	Observations	191107623		janesly	2023-11-15T18:28:48	CC_BY_NC_4_0	janesly	janesly			2025-01-14T12:46:27.591Z	StillImage	COORDINATE_ROUNDED;CONTINENT_DERIVED_FROM_COORDINATES;TAXON_MATCH_TAXON_ID_IGNORED
4442404024	50c9509d-22c7-4a22-a47d-8c48425ef4a7	https://www.inaturalist.org/observations/189088789	Fungi	Basidiomycota	Agaricomycetes	Polyporales	Polyporaceae	Lenzites	Lenzites betulinus		SPECIES	Trametes betulina (L.) Pilát	Trametes betulina		CA		Ontario	PRESENT		28eb1a3f-1c15-4a95-931a-4af90ecb574d	45.158447	-75.373242	1.0						2023-10-26T10:40:20	26	10	2023	5954508	5465199	HUMAN_OBSERVATION	iNaturalist	Observations	189088789		Randy	2023-10-27T05:51:43	CC_BY_NC_4_0	Randy	Randy			2025-01-14T13:33:37.495Z	StillImage	COORDINATE_ROUNDED;CONTINENT_DERIVED_FROM_COORDINATES;TAXON_MATCH_TAXON_ID_IGNORED
4442403936	50c9509d-22c7-4a22-a47d-8c48425ef4a7	https://www.inaturalist.org/observations/183419934	Fungi	Basidiomycota	Agaricomycetes	Polyporales	Polyporaceae	Lenzites	Lenzites betulinus		SPECIES	Trametes betulina (L.) Pilát	Trametes betulina		CA		New Brunswick	PRESENT		28eb1a3f-1c15-4a95-931a-4af90ecb574d	45.949271	-66.676847							2023-09-15T12:06:12	15	9	2023	5954508	5465199	HUMAN_OBSERVATION	iNaturalist	Observations	183419934		Andrew MacPherson	2023-09-15T22:04:15	CC0_1_0	Andrew MacPherson	Andrew MacPherson			2025-01-14T13:32:41.778Z	StillImage	COORDINATE_ROUNDED;CONTINENT_DERIVED_FROM_COORDINATES;TAXON_MATCH_TAXON_ID_IGNORED
4442403162	50c9509d-22c7-4a22-a47d-8c48425ef4a7	https://www.inaturalist.org/observations/189793016	Fungi	Basidiomycota	Agaricomycetes	Polyporales	Polyporaceae	Lenzites	Lenzites betulinus		SPECIES	Trametes betulina (L.) Pilát	Trametes betulina		CA		Ontario	PRESENT		28eb1a3f-1c15-4a95-931a-4af90ecb574d	45.324095	-75.792371	3521.0						2023-11-02T17:25:30	2	11	2023	5954508	5465199	HUMAN_OBSERVATION	iNaturalist	Observations	189793016		janesly	2023-11-02T21:28:20	CC_BY_NC_4_0	janesly	janesly			2025-01-14T13:33:18.832Z	StillImage	COORDINATE_ROUNDED;CONTINENT_DERIVED_FROM_COORDINATES;TAXON_MATCH_TAXON_ID_IGNORED
4442382006	50c9509d-22c7-4a22-a47d-8c48425ef4a7	https://www.inaturalist.org/observations/184143755	Fungi	Basidiomycota	Agaricomycetes	Polyporales	Polyporaceae	Lenzites	Lenzites betulinus		SPECIES	Trametes betulina (L.) Pilát	Trametes betulina		CA		Québec	PRESENT		28eb1a3f-1c15-4a95-931a-4af90ecb574d	45.543042	-73.149369	4.0						2023-09-20T08:33:32	20	9	2023	5954508	5465199	HUMAN_OBSERVATION	iNaturalist	Observations	184143755		morenatureplz	2023-09-20T17:30:12	CC_BY_NC_4_0	morenatureplz	morenatureplz			2025-01-14T12:44:01.685Z	StillImage	COORDINATE_ROUNDED;CONTINENT_DERIVED_FROM_COORDINATES;TAXON_MATCH_TAXON_ID_IGNORED
4442379969	50c9509d-22c7-4a22-a47d-8c48425ef4a7	https://www.inaturalist.org/observations/184297123	Fungi	Basidiomycota	Agaricomycetes	Polyporales	Polyporaceae	Lenzites	Lenzites betulinus		SPECIES	Trametes betulina (L.) Pilát	Trametes betulina		CA		Québec	PRESENT		28eb1a3f-1c15-4a95-931a-4af90ecb574d	45.301217	-72.250978	16.0						2023-09-15T13:41	15	9	2023	5954508	5465199	HUMAN_OBSERVATION	iNaturalist	Observations	184297123		gabboilard	2023-09-21T18:57:19	CC_BY_NC_4_0	gabboilard	gabboilard			2025-01-14T13:30:04.986Z	StillImage	COORDINATE_ROUNDED;CONTINENT_DERIVED_FROM_COORDINATES;TAXON_MATCH_TAXON_ID_IGNORED
4442373941	50c9509d-22c7-4a22-a47d-8c48425ef4a7	https://www.inaturalist.org/observations/183369092	Fungi	Basidiomycota	Agaricomycetes	Polyporales	Polyporaceae	Lenzites	Lenzites betulinus		SPECIES	Trametes betulina (L.) Pilát	Trametes betulina		CA		Ontario	PRESENT		28eb1a3f-1c15-4a95-931a-4af90ecb574d	45.566589	-78.678673	5.0						2023-07-03T12:34	3	7	2023	5954508	5465199	HUMAN_OBSERVATION	iNaturalist	Observations	183369092		John D Reynolds	2023-09-15T15:53:10	CC_BY_4_0	John D Reynolds	John D Reynolds			2025-01-14T12:42:39.559Z	StillImage	CONTINENT_DERIVED_FROM_COORDINATES;TAXON_MATCH_TAXON_ID_IGNORED
4436195911	50c9509d-22c7-4a22-a47d-8c48425ef4a7	https://www.inaturalist.org/observations/189166087	Fungi	Basidiomycota	Agaricomycetes	Polyporales	Polyporaceae	Lenzites	Lenzites betulinus		SPECIES	Trametes betulina (L.) Pilát	Trametes betulina		CA		New Brunswick	PRESENT		28eb1a3f-1c15-4a95-931a-4af90ecb574d	45.950963	-66.678408							2023-10-27T10:44:24	27	10	2023	5954508	5465199	HUMAN_OBSERVATION	iNaturalist	Observations	189166087		Andrew MacPherson	2023-10-27T22:43:36	CC0_1_0	Andrew MacPherson	Andrew MacPherson			2025-01-14T12:44:24.576Z	StillImage	COORDINATE_ROUNDED;CONTINENT_DERIVED_FROM_COORDINATES;TAXON_MATCH_TAXON_ID_IGNORED
4436152973	50c9509d-22c7-4a22-a47d-8c48425ef4a7	https://www.inaturalist.org/observations/188936951	Fungi	Basidiomycota	Agaricomycetes	Polyporales	Polyporaceae	Lenzites	Lenzites betulinus		SPECIES	Trametes betulina (L.) Pilát	Trametes betulina		CA		Ontario	PRESENT		28eb1a3f-1c15-4a95-931a-4af90ecb574d	45.325638	-75.78402							2023-10-25T16:44:07	25	10	2023	5954508	5465199	HUMAN_OBSERVATION	iNaturalist	Observations	188936951		calvert7272	2023-10-27T13:23:05	CC_BY_NC_4_0	icemuon	icemuon			2025-01-14T13:30:08.993Z	StillImage	COORDINATE_ROUNDED;CONTINENT_DERIVED_FROM_COORDINATES;TAXON_MATCH_TAXON_ID_IGNORED
4436111094	50c9509d-22c7-4a22-a47d-8c48425ef4a7	https://www.inaturalist.org/observations/188937019	Fungi	Basidiomycota	Agaricomycetes	Polyporales	Polyporaceae	Lenzites	Lenzites betulinus		SPECIES	Trametes betulina (L.) Pilát	Trametes betulina		CA		Ontario	PRESENT		28eb1a3f-1c15-4a95-931a-4af90ecb574d	45.329265	-75.80114	4.0						2023-10-25T16:45:23	25	10	2023	5954508	5465199	HUMAN_OBSERVATION	iNaturalist	Observations	188937019		calvert7272	2023-10-26T02:46:13	CC_BY_NC_4_0	G Nicoll	G Nicoll			2025-01-14T13:30:14.732Z	StillImage	COORDINATE_ROUNDED;CONTINENT_DERIVED_FROM_COORDINATES;TAXON_MATCH_TAXON_ID_IGNORED
4430731420	50c9509d-22c7-4a22-a47d-8c48425ef4a7	https://www.inaturalist.org/observations/188331314	Fungi	Basidiomycota	Agaricomycetes	Polyporales	Polyporaceae	Lenzites	Lenzites betulinus		SPECIES	Trametes betulina (L.) Pilát	Trametes betulina		CA		New Brunswick	PRESENT		28eb1a3f-1c15-4a95-931a-4af90ecb574d	45.597532	-64.951932	9.0						2023-10-20T09:35:53	20	10	2023	5954508	5465199	HUMAN_OBSERVATION	iNaturalist	Observations	188331314		zova	2023-10-21T02:21:25	CC_BY_NC_4_0	zova	zova			2025-01-14T13:30:04.116Z	StillImage	COORDINATE_ROUNDED;CONTINENT_DERIVED_FROM_COORDINATES;TAXON_MATCH_TAXON_ID_IGNORED
4430639320	50c9509d-22c7-4a22-a47d-8c48425ef4a7	https://www.inaturalist.org/observations/187627295	Fungi	Basidiomycota	Agaricomycetes	Polyporales	Polyporaceae	Lenzites	Lenzites betulinus		SPECIES	Trametes betulina (L.) Pilát	Trametes betulina		CA		Ontario	PRESENT		28eb1a3f-1c15-4a95-931a-4af90ecb574d	45.351637	-75.999122	500.0						2023-10-13T12:07:26	13	10	2023	5954508	5465199	HUMAN_OBSERVATION	iNaturalist	Observations	187627295		Nina	2023-10-15T13:16:36	CC_BY_NC_4_0	Nina	Nina			2025-01-14T13:33:46.540Z	StillImage	COORDINATE_ROUNDED;CONTINENT_DERIVED_FROM_COORDINATES;TAXON_MATCH_TAXON_ID_IGNORED
4430620874	50c9509d-22c7-4a22-a47d-8c48425ef4a7	https://www.inaturalist.org/observations/187802538	Fungi	Basidiomycota	Agaricomycetes	Polyporales	Polyporaceae	Lenzites	Lenzites betulinus		SPECIES	Trametes betulina (L.) Pilát	Trametes betulina		CA		New Brunswick	PRESENT		28eb1a3f-1c15-4a95-931a-4af90ecb574d	47.555694	-64.945422	10.0						2023-10-16T14:45:32	16	10	2023	5954508	5465199	HUMAN_OBSERVATION	iNaturalist	Observations	187802538		Marie-Eve Lavoie	2023-10-16T17:47:43	CC_BY_NC_4_0	Marie-Eve Lavoie	Marie-Eve Lavoie			2025-01-14T12:42:32.576Z	StillImage	COORDINATE_ROUNDED;CONTINENT_DERIVED_FROM_COORDINATES;TAXON_MATCH_TAXON_ID_IGNORED
4430516708	50c9509d-22c7-4a22-a47d-8c48425ef4a7	https://www.inaturalist.org/observations/186944146	Fungi	Basidiomycota	Agaricomycetes	Polyporales	Polyporaceae	Lenzites	Lenzites betulinus		SPECIES	Trametes betulina (L.) Pilát	Trametes betulina		CA		New Brunswick	PRESENT		28eb1a3f-1c15-4a95-931a-4af90ecb574d	45.96589	-66.690223							2023-10-09T22:24:16	9	10	2023	5954508	5465199	HUMAN_OBSERVATION	iNaturalist	Observations	186944146		Andrew MacPherson	2023-10-10T02:36:05	CC0_1_0	Andrew MacPherson	Andrew MacPherson			2025-01-14T13:34:41.694Z	StillImage	COORDINATE_ROUNDED;CONTINENT_DERIVED_FROM_COORDINATES;TAXON_MATCH_TAXON_ID_IGNORED
4424367902	50c9509d-22c7-4a22-a47d-8c48425ef4a7	https://www.inaturalist.org/observations/186417804	Fungi	Basidiomycota	Agaricomycetes	Polyporales	Polyporaceae	Lenzites	Lenzites betulinus		SPECIES	Trametes betulina (L.) Pilát	Trametes betulina		CA		Québec	PRESENT		28eb1a3f-1c15-4a95-931a-4af90ecb574d	45.872811	-76.4339	501.0						2023-10-05T10:07	5	10	2023	5954508	5465199	HUMAN_OBSERVATION	iNaturalist	Observations	186417804		L Joan Heyding	2023-10-06T15:58:07	CC_BY_NC_4_0	L Joan Heyding	L Joan Heyding			2025-01-14T12:42:19.644Z	StillImage	COORDINATE_ROUNDED;CONTINENT_DERIVED_FROM_COORDINATES;TAXON_MATCH_TAXON_ID_IGNORED
4424286081	50c9509d-22c7-4a22-a47d-8c48425ef4a7	https://www.inaturalist.org/observations/186727839	Fungi	Basidiomycota	Agaricomycetes	Polyporales	Polyporaceae	Lenzites	Lenzites betulinus		SPECIES	Trametes betulina (L.) Pilát	Trametes betulina		CA		Ontario	PRESENT		28eb1a3f-1c15-4a95-931a-4af90ecb574d	45.324347	-75.812219	193.0						2023-10-08T08:57	8	10	2023	5954508	5465199	HUMAN_OBSERVATION	iNaturalist	Observations	186727839		L Joan Heyding	2023-10-08T18:05:01	CC_BY_NC_4_0	L Joan Heyding	L Joan Heyding			2025-01-14T13:33:10.895Z	StillImage	COORDINATE_ROUNDED;CONTINENT_DERIVED_FROM_COORDINATES;TAXON_MATCH_TAXON_ID_IGNORED
4417121751	50c9509d-22c7-4a22-a47d-8c48425ef4a7	https://www.inaturalist.org/observations/184727987	Fungi	Basidiomycota	Agaricomycetes	Polyporales	Polyporaceae	Lenzites	Lenzites betulinus		SPECIES	Trametes betulina (L.) Pilát	Trametes betulina		CA		Québec	PRESENT		28eb1a3f-1c15-4a95-931a-4af90ecb574d	45.542797	-73.317227							2023-09-24T09:38	24	9	2023	5954508	5465199	HUMAN_OBSERVATION	iNaturalist	Observations	184727987		egrenier	2023-09-24T17:23:43	CC_BY_NC_4_0	egrenier	egrenier			2025-01-14T13:29:34.131Z	StillImage	CONTINENT_DERIVED_FROM_COORDINATES;TAXON_MATCH_TAXON_ID_IGNORED
4416866194	50c9509d-22c7-4a22-a47d-8c48425ef4a7	https://www.inaturalist.org/observations/184237976	Fungi	Basidiomycota	Agaricomycetes	Polyporales	Polyporaceae	Lenzites	Lenzites betulinus		SPECIES	Trametes betulina (L.) Pilát	Trametes betulina		CA		Ontario	PRESENT		28eb1a3f-1c15-4a95-931a-4af90ecb574d	45.282981	-75.603282	110720.0						2023-08-26T15:22:43	26	8	2023	5954508	5465199	HUMAN_OBSERVATION	iNaturalist	Observations	184237976		roberthossie	2023-09-21T10:27:57	CC_BY_NC_4_0	roberthossie	roberthossie			2025-01-14T13:32:49.788Z	StillImage	COORDINATE_ROUNDED;CONTINENT_DERIVED_FROM_COORDINATES;TAXON_MATCH_TAXON_ID_IGNORED
4416659732	50c9509d-22c7-4a22-a47d-8c48425ef4a7	https://www.inaturalist.org/observations/184907276	Fungi	Basidiomycota	Agaricomycetes	Polyporales	Polyporaceae	Lenzites	Lenzites betulinus		SPECIES	Trametes betulina (L.) Pilát	Trametes betulina		CA		Ontario	PRESENT		28eb1a3f-1c15-4a95-931a-4af90ecb574d	45.460863	-76.260522	5.0						2023-09-24T15:08:06	24	9	2023	5954508	5465199	HUMAN_OBSERVATION	iNaturalist	Observations	184907276		Lynn Ovenden	2023-09-25T19:22:49	CC_BY_NC_4_0	Lynn Ovenden	Lynn Ovenden			2025-01-14T13:33:49.051Z	StillImage	COORDINATE_ROUNDED;CONTINENT_DERIVED_FROM_COORDINATES;TAXON_MATCH_TAXON_ID_IGNORED
4413829180	50c9509d-22c7-4a22-a47d-8c48425ef4a7	https://www.inaturalist.org/observations/183235271	Fungi	Basidiomycota	Agaricomycetes	Polyporales	Polyporaceae	Lenzites	Lenzites betulinus		SPECIES	Trametes betulina (L.) Pilát	Trametes betulina		CA		Québec	PRESENT		28eb1a3f-1c15-4a95-931a-4af90ecb574d	45.365479	-71.848854	1414.0						2023-09-14T12:51:41	14	9	2023	5954508	5465199	HUMAN_OBSERVATION	iNaturalist	Observations	183235271		gmccormi	2023-09-14T16:51:48	CC_BY_NC_4_0	gmccormi	gmccormi			2025-01-14T12:42:24.794Z	StillImage	COORDINATE_ROUNDED;CONTINENT_DERIVED_FROM_COORDINATES;TAXON_MATCH_TAXON_ID_IGNORED
4413706253	50c9509d-22c7-4a22-a47d-8c48425ef4a7	https://www.inaturalist.org/observations/183070551	Fungi	Basidiomycota	Agaricomycetes	Polyporales	Polyporaceae	Lenzites	Lenzites betulinus		SPECIES	Trametes betulina (L.) Pilát	Trametes betulina		CA		Québec	PRESENT		28eb1a3f-1c15-4a95-931a-4af90ecb574d	45.577185	-71.995144	40.0						2023-09-13T07:28:15	13	9	2023	5954508	5465199	HUMAN_OBSERVATION	iNaturalist	Observations	183070551		karri-ann	2023-09-13T12:43:05	CC_BY_NC_4_0	karri-ann	karri-ann			2025-01-14T12:40:06.234Z	StillImage	CONTINENT_DERIVED_FROM_COORDINATES;TAXON_MATCH_TAXON_ID_IGNORED
4413432121	50c9509d-22c7-4a22-a47d-8c48425ef4a7	https://www.inaturalist.org/observations/181121309	Fungi	Basidiomycota	Agaricomycetes	Polyporales	Polyporaceae	Lenzites	Lenzites betulinus		SPECIES	Trametes betulina (L.) Pilát	Trametes betulina		CA		Québec	PRESENT		28eb1a3f-1c15-4a95-931a-4af90ecb574d	45.654341	-72.96104	61.0						2023-08-31T14:03	31	8	2023	5954508	5465199	HUMAN_OBSERVATION	iNaturalist	Observations	181121309		egrenier	2023-08-31T22:26:02	CC_BY_NC_4_0	egrenier	egrenier			2025-01-14T13:29:30.015Z	StillImage	COORDINATE_ROUNDED;CONTINENT_DERIVED_FROM_COORDINATES;TAXON_MATCH_TAXON_ID_IGNORED
4407297272	50c9509d-22c7-4a22-a47d-8c48425ef4a7	https://www.inaturalist.org/observations/181822086	Fungi	Basidiomycota	Agaricomycetes	Polyporales	Polyporaceae	Lenzites	Lenzites betulinus		SPECIES	Trametes betulina (L.) Pilát	Trametes betulina		CA		New Brunswick	PRESENT		28eb1a3f-1c15-4a95-931a-4af90ecb574d	45.536813	-65.937794	4.0						2023-09-04T16:43:57	4	9	2023	5954508	5465199	HUMAN_OBSERVATION	iNaturalist	Observations	181822086		Andrew MacPherson	2023-09-05T13:00:01	CC_BY_NC_4_0	julianna	julianna			2025-01-14T12:44:34.192Z	StillImage	COORDINATE_ROUNDED;CONTINENT_DERIVED_FROM_COORDINATES;TAXON_MATCH_TAXON_ID_IGNORED
4407260546	50c9509d-22c7-4a22-a47d-8c48425ef4a7	https://www.inaturalist.org/observations/180859001	Fungi	Basidiomycota	Agaricomycetes	Polyporales	Polyporaceae	Lenzites	Lenzites betulinus		SPECIES	Trametes betulina (L.) Pilát	Trametes betulina		CA		Ontario	PRESENT		28eb1a3f-1c15-4a95-931a-4af90ecb574d	45.467449	-75.510155	31.0						2023-08-29T14:45	29	8	2023	5954508	5465199	HUMAN_OBSERVATION	iNaturalist	Observations	180859001		jonathan_mack	2023-08-30T01:55:47	CC_BY_NC_4_0	jonathan_mack	jonathan_mack			2025-01-14T12:41:36.177Z	StillImage	COORDINATE_ROUNDED;CONTINENT_DERIVED_FROM_COORDINATES;TAXON_MATCH_TAXON_ID_IGNORED
4405070475	50c9509d-22c7-4a22-a47d-8c48425ef4a7	https://www.inaturalist.org/observations/179382747	Fungi	Basidiomycota	Agaricomycetes	Polyporales	Polyporaceae	Lenzites	Lenzites betulinus		SPECIES	Trametes betulina (L.) Pilát	Trametes betulina		CA		Prince Edward Island	PRESENT		28eb1a3f-1c15-4a95-931a-4af90ecb574d	46.806987	-64.26971	100.0						2023-08-19T11:25	19	8	2023	5954508	5465199	HUMAN_OBSERVATION	iNaturalist	Observations	179382747		Rosemary Curley	2023-08-20T17:47:30	CC_BY_NC_4_0	Rosemary Curley	Rosemary Curley			2025-01-14T13:31:11.648Z	StillImage	COORDINATE_ROUNDED;CONTINENT_DERIVED_FROM_COORDINATES;TAXON_MATCH_TAXON_ID_IGNORED
4405040844	50c9509d-22c7-4a22-a47d-8c48425ef4a7	https://www.inaturalist.org/observations/179446778	Fungi	Basidiomycota	Agaricomycetes	Polyporales	Polyporaceae	Lenzites	Lenzites betulinus		SPECIES	Trametes betulina (L.) Pilát	Trametes betulina		CA		Prince Edward Island	PRESENT		28eb1a3f-1c15-4a95-931a-4af90ecb574d	46.697354	-64.164125	100.0						2023-08-19T14:39	19	8	2023	5954508	5465199	HUMAN_OBSERVATION	iNaturalist	Observations	179446778		Rosemary Curley	2023-08-21T00:15:14	CC_BY_NC_4_0	Rosemary Curley	Rosemary Curley			2025-01-14T12:40:54.237Z	StillImage	COORDINATE_ROUNDED;CONTINENT_DERIVED_FROM_COORDINATES;TAXON_MATCH_TAXON_ID_IGNORED
4400159605	50c9509d-22c7-4a22-a47d-8c48425ef4a7	https://www.inaturalist.org/observations/179565017	Fungi	Basidiomycota	Agaricomycetes	Polyporales	Polyporaceae	Lenzites	Lenzites betulinus		SPECIES	Trametes betulina (L.) Pilát	Trametes betulina		CA		Québec	PRESENT		28eb1a3f-1c15-4a95-931a-4af90ecb574d	45.872811	-76.4339	501.0						2023-08-17T10:33	17	8	2023	5954508	5465199	HUMAN_OBSERVATION	iNaturalist	Observations	179565017		L Joan Heyding	2023-08-21T18:49:49	CC_BY_NC_4_0	L Joan Heyding	L Joan Heyding			2025-01-14T12:42:12.880Z	StillImage	COORDINATE_ROUNDED;CONTINENT_DERIVED_FROM_COORDINATES;TAXON_MATCH_TAXON_ID_IGNORED
4166381570	695cef75-b65f-4776-b2ed-74565eebb16e	02-01000626194	Fungi	Basidiomycota	Agaricomycetes	Polyporales	Polyporaceae	Lenzites	Lenzites betulinus		SPECIES	Lenzites betulinus (L.) Fr.	Lenzites betulina	(L.) Fr.	CA	Algonquin Prov. Park, Hardwood Hill Trail	Ontario	PRESENT		055bd978-2daa-4543-b3f0-44e0e87e86ca	45.5417	-78.675							1974-05-14	14	5	1974	5465199	5465199	PRESERVED_SPECIMEN	AAFC	DAOM	186537		J.H. Ginns		CC_BY_4_0	©His Majesty the King in Right of Canada, as represented by the Minister of Agriculture and Agri-Food	P. Johnson			2025-01-12T05:11:16.179Z		GEODETIC_DATUM_ASSUMED_WGS84;CONTINENT_DERIVED_FROM_COORDINATES;TAXON_MATCH_FUZZY;TAXON_MATCH_TAXON_ID_IGNORED;INSTITUTION_MATCH_FUZZY
4165633609	50c9509d-22c7-4a22-a47d-8c48425ef4a7	https://www.inaturalist.org/observations/172066814	Fungi	Basidiomycota	Agaricomycetes	Polyporales	Polyporaceae	Lenzites	Lenzites betulinus		SPECIES	Trametes betulina (L.) Pilát	Trametes betulina		CA		Québec	PRESENT		28eb1a3f-1c15-4a95-931a-4af90ecb574d	45.421043	-75.81856							2023-07-09T15:47	9	7	2023	5954508	5465199	HUMAN_OBSERVATION	iNaturalist	Observations	172066814		jonathan_mack	2023-07-09T23:50:51	CC_BY_NC_4_0	jonathan_mack	jonathan_mack			2025-01-14T12:39:27.541Z	StillImage	COORDINATE_ROUNDED;CONTINENT_DERIVED_FROM_COORDINATES;TAXON_MATCH_TAXON_ID_IGNORED
4145686678	50c9509d-22c7-4a22-a47d-8c48425ef4a7	https://www.inaturalist.org/observations/170291444	Fungi	Basidiomycota	Agaricomycetes	Polyporales	Polyporaceae	Lenzites	Lenzites betulinus		SPECIES	Trametes betulina (L.) Pilát	Trametes betulina		CA		Prince Edward Island	PRESENT		28eb1a3f-1c15-4a95-931a-4af90ecb574d	46.835303	-64.065704	100.0						2023-06-29T14:33	29	6	2023	5954508	5465199	HUMAN_OBSERVATION	iNaturalist	Observations	170291444		Rosemary Curley	2023-06-30T15:57:23	CC_BY_NC_4_0	Rosemary Curley	Rosemary Curley			2025-01-14T13:30:50.088Z	StillImage	COORDINATE_ROUNDED;CONTINENT_DERIVED_FROM_COORDINATES;TAXON_MATCH_TAXON_ID_IGNORED
4129961427	50c9509d-22c7-4a22-a47d-8c48425ef4a7	https://www.inaturalist.org/observations/128296030	Fungi	Basidiomycota	Agaricomycetes	Polyporales	Polyporaceae	Lenzites	Lenzites betulinus		SPECIES	Trametes betulina (L.) Pilát	Trametes betulina		CA		Québec	PRESENT		28eb1a3f-1c15-4a95-931a-4af90ecb574d	45.071713	-72.377236	16.0						2022-07-28T10:05:18	28	7	2022	5954508	5465199	HUMAN_OBSERVATION	iNaturalist	Observations	128296030		dextrazehotmailcom	2022-07-28T14:06:47	CC_BY_NC_4_0	dextrazehotmailcom	dextrazehotmailcom			2025-01-14T12:30:46.748Z	StillImage	COORDINATE_ROUNDED;CONTINENT_DERIVED_FROM_COORDINATES;TAXON_MATCH_TAXON_ID_IGNORED
4129931449	50c9509d-22c7-4a22-a47d-8c48425ef4a7	https://www.inaturalist.org/observations/140187867	Fungi	Basidiomycota	Agaricomycetes	Polyporales	Polyporaceae	Lenzites	Lenzites betulinus		SPECIES	Trametes betulina (L.) Pilát	Trametes betulina		CA		Québec	PRESENT		28eb1a3f-1c15-4a95-931a-4af90ecb574d	46.233615	-72.619544	27031.0						2022-10-27T15:22:06	27	10	2022	5954508	5465199	HUMAN_OBSERVATION	iNaturalist	Observations	140187867		Étienne Godin	2022-10-27T20:55:58	CC_BY_NC_4_0	Étienne Godin	Étienne Godin			2025-01-14T13:26:07.063Z	StillImage	COORDINATE_ROUNDED;CONTINENT_DERIVED_FROM_COORDINATES;TAXON_MATCH_TAXON_ID_IGNORED
4129834477	50c9509d-22c7-4a22-a47d-8c48425ef4a7	https://www.inaturalist.org/observations/141168303	Fungi	Basidiomycota	Agaricomycetes	Polyporales	Polyporaceae	Lenzites	Lenzites betulinus		SPECIES	Trametes betulina (L.) Pilát	Trametes betulina		CA		Québec	PRESENT		28eb1a3f-1c15-4a95-931a-4af90ecb574d	46.789132	-71.339871	15.0						2022-10-05	5	10	2022	5954508	5465199	HUMAN_OBSERVATION	iNaturalist	Observations	141168303		Christian Grenier	2022-11-05T16:15:09	CC_BY_NC_4_0	Christian Grenier	Christian Grenier			2025-01-14T12:32:42.221Z	StillImage	COORDINATE_ROUNDED;CONTINENT_DERIVED_FROM_COORDINATES;TAXON_MATCH_TAXON_ID_IGNORED
4129833431	50c9509d-22c7-4a22-a47d-8c48425ef4a7	https://www.inaturalist.org/observations/141815777	Fungi	Basidiomycota	Agaricomycetes	Polyporales	Polyporaceae	Lenzites	Lenzites betulinus		SPECIES	Trametes betulina (L.) Pilát	Trametes betulina		CA		Québec	PRESENT		28eb1a3f-1c15-4a95-931a-4af90ecb574d	46.912786	-71.218831	31.0						2022-09-29	29	9	2022	5954508	5465199	HUMAN_OBSERVATION	iNaturalist	Observations	141815777		Christian Grenier	2022-11-12T20:19:10	CC_BY_NC_4_0	Christian Grenier	Christian Grenier			2025-01-14T14:07:37.100Z	StillImage	COORDINATE_ROUNDED;CONTINENT_DERIVED_FROM_COORDINATES;TAXON_MATCH_TAXON_ID_IGNORED
4129775402	50c9509d-22c7-4a22-a47d-8c48425ef4a7	https://www.inaturalist.org/observations/138965769	Fungi	Basidiomycota	Agaricomycetes	Polyporales	Polyporaceae	Lenzites	Lenzites betulinus		SPECIES	Trametes betulina (L.) Pilát	Trametes betulina		CA		Québec	PRESENT		28eb1a3f-1c15-4a95-931a-4af90ecb574d	45.544879	-73.162714	30.0						2022-10-15T16:47:02	15	10	2022	5954508	5465199	HUMAN_OBSERVATION	iNaturalist	Observations	138965769		Mathias Rocheleau-Duplain	2022-10-19T12:26:19	CC_BY_NC_4_0	Jake Harvey	Jake Harvey			2025-01-14T12:31:56.806Z	StillImage	COORDINATE_ROUNDED;CONTINENT_DERIVED_FROM_COORDINATES;TAXON_MATCH_TAXON_ID_IGNORED
4129758462	50c9509d-22c7-4a22-a47d-8c48425ef4a7	https://www.inaturalist.org/observations/141074194	Fungi	Basidiomycota	Agaricomycetes	Polyporales	Polyporaceae	Lenzites	Lenzites betulinus		SPECIES	Trametes betulina (L.) Pilát	Trametes betulina		CA		Québec	PRESENT		28eb1a3f-1c15-4a95-931a-4af90ecb574d	46.914121	-71.235116	122.0						2022-10-28	28	10	2022	5954508	5465199	HUMAN_OBSERVATION	iNaturalist	Observations	141074194		Christian Grenier	2022-11-04T15:25:00	CC_BY_NC_4_0	Christian Grenier	Christian Grenier			2025-01-14T12:32:17.007Z	StillImage	COORDINATE_ROUNDED;CONTINENT_DERIVED_FROM_COORDINATES;TAXON_MATCH_TAXON_ID_IGNORED
4129748495	50c9509d-22c7-4a22-a47d-8c48425ef4a7	https://www.inaturalist.org/observations/141078972	Fungi	Basidiomycota	Agaricomycetes	Polyporales	Polyporaceae	Lenzites	Lenzites betulinus		SPECIES	Trametes betulina (L.) Pilát	Trametes betulina		CA		Québec	PRESENT		28eb1a3f-1c15-4a95-931a-4af90ecb574d	45.434143	-73.924767							2022-11-03T15:37:23	3	11	2022	5954508	5465199	HUMAN_OBSERVATION	iNaturalist	Observations	141078972		Alexis Williams	2022-11-04T16:24:03	CC_BY_4_0	Alexis Williams	Alexis Williams			2025-01-14T13:26:11.486Z	StillImage	COORDINATE_ROUNDED;CONTINENT_DERIVED_FROM_COORDINATES;TAXON_MATCH_TAXON_ID_IGNORED
4129738412	50c9509d-22c7-4a22-a47d-8c48425ef4a7	https://www.inaturalist.org/observations/162209243	Fungi	Basidiomycota	Agaricomycetes	Polyporales	Polyporaceae	Lenzites	Lenzites betulinus		SPECIES	Trametes betulina (L.) Pilát	Trametes betulina		CA		Québec	PRESENT		28eb1a3f-1c15-4a95-931a-4af90ecb574d	45.088765	-73.142175							2023-05-17T17:50:14	17	5	2023	5954508	5465199	HUMAN_OBSERVATION	iNaturalist	Observations	162209243		Séraphin Poudrier	2023-05-17T22:25:11	CC_BY_NC_4_0	Séraphin Poudrier	Séraphin Poudrier			2025-01-14T13:23:53.160Z	StillImage	COORDINATE_ROUNDED;CONTINENT_DERIVED_FROM_COORDINATES;TAXON_MATCH_TAXON_ID_IGNORED
4129686331	50c9509d-22c7-4a22-a47d-8c48425ef4a7	https://www.inaturalist.org/observations/43882166	Fungi	Basidiomycota	Agaricomycetes	Polyporales	Polyporaceae	Lenzites	Lenzites betulinus		SPECIES	Trametes betulina (L.) Pilát	Trametes betulina		CA		Ontario	PRESENT		28eb1a3f-1c15-4a95-931a-4af90ecb574d	45.671651	-77.836543	418.0						2020-04-26T11:32:33	26	4	2020	5954508	5465199	HUMAN_OBSERVATION	iNaturalist	Observations	43882166		Massimo Tabone	2020-04-27T15:14:44	CC_BY_NC_4_0	Samantha Dunlop	Samantha Dunlop			2025-01-14T12:11:45.687Z	StillImage	COORDINATE_ROUNDED;CONTINENT_DERIVED_FROM_COORDINATES;TAXON_MATCH_TAXON_ID_IGNORED
4116291994	50c9509d-22c7-4a22-a47d-8c48425ef4a7	https://www.inaturalist.org/observations/161055657	Fungi	Basidiomycota	Agaricomycetes	Polyporales	Polyporaceae	Lenzites	Lenzites betulinus		SPECIES	Trametes betulina (L.) Pilát	Trametes betulina		CA		New Brunswick	PRESENT		28eb1a3f-1c15-4a95-931a-4af90ecb574d	45.97449	-66.759722	27095.0						2023-04-28T19:29	28	4	2023	5954508	5465199	HUMAN_OBSERVATION	iNaturalist	Observations	161055657		Andrew MacPherson	2023-05-11T20:09:34	CC_BY_NC_4_0	Eric Knopf	Eric Knopf			2025-01-14T12:36:30.536Z	StillImage	COORDINATE_ROUNDED;CONTINENT_DERIVED_FROM_COORDINATES;TAXON_MATCH_TAXON_ID_IGNORED
4116029345	50c9509d-22c7-4a22-a47d-8c48425ef4a7	https://www.inaturalist.org/observations/62640080	Fungi	Basidiomycota	Agaricomycetes	Polyporales	Polyporaceae	Lenzites	Lenzites betulinus		SPECIES	Trametes betulina (L.) Pilát	Trametes betulina		CA		Québec	PRESENT		28eb1a3f-1c15-4a95-931a-4af90ecb574d	45.194533	-72.744042	65.0						2020-10-10T10:32:06	10	10	2020	5954508	5465199	HUMAN_OBSERVATION	iNaturalist	Observations	62640080		soho998	2020-10-15T14:58:11	CC_BY_NC_4_0	soho998	soho998			2025-01-14T12:15:02.413Z	StillImage	COORDINATE_ROUNDED;CONTINENT_DERIVED_FROM_COORDINATES;TAXON_MATCH_TAXON_ID_IGNORED
4112084402	50c9509d-22c7-4a22-a47d-8c48425ef4a7	https://www.inaturalist.org/observations/135418243	Fungi	Basidiomycota	Agaricomycetes	Polyporales	Polyporaceae	Lenzites	Lenzites betulinus		SPECIES	Trametes betulina (L.) Pilát	Trametes betulina		CA		Québec	PRESENT		28eb1a3f-1c15-4a95-931a-4af90ecb574d	46.095975	-73.566597	3.0						2022-09-17T14:39:57	17	9	2022	5954508	5465199	HUMAN_OBSERVATION	iNaturalist	Observations	135418243		timfoster	2022-09-17T19:30:15	CC_BY_NC_4_0	timfoster	timfoster			2025-01-14T13:24:35.404Z	StillImage	COORDINATE_ROUNDED;CONTINENT_DERIVED_FROM_COORDINATES;TAXON_MATCH_TAXON_ID_IGNORED
4104517759	5a6538b8-e35c-46c4-8978-6858a657a75f	09b8ccac-1189-4b6b-bf43-0a15e41cec64	Fungi	Basidiomycota	Agaricomycetes	Polyporales	Polyporaceae	Lenzites	Lenzites betulinus		SPECIES	Gloeophyllum hirsutum (Schaeff.) Murrill	Gloeophyllum hirsutum	(Schaeff.) Murrill	CA		Quebec	PRESENT		a26dde42-dd82-4d07-a763-353ab27fc02c	45.5	-75.783333	301.0						1919-05		5	1919	5247341	5465199	PRESERVED_SPECIMEN	CUP		CUP-045909				CC0_1_0		W. H. Rankin			2025-01-15T04:26:05.778Z	StillImage	GEODETIC_DATUM_ASSUMED_WGS84;CONTINENT_DERIVED_FROM_COORDINATES;TAXON_MATCH_TAXON_ID_IGNORED;COLLECTION_MATCH_NONE;INSTITUTION_MATCH_FUZZY
4103343706	50c9509d-22c7-4a22-a47d-8c48425ef4a7	https://www.inaturalist.org/observations/157931209	Fungi	Basidiomycota	Agaricomycetes	Polyporales	Polyporaceae	Lenzites	Lenzites betulinus		SPECIES	Trametes betulina (L.) Pilát	Trametes betulina		CA		Nova Scotia	PRESENT		28eb1a3f-1c15-4a95-931a-4af90ecb574d	45.64323	-64.061995	24.0						2023-04-29T18:00	29	4	2023	5954508	5465199	HUMAN_OBSERVATION	iNaturalist	Observations	157931209		Ben	2023-04-30T03:39:56	CC_BY_NC_4_0	Ben	Ben			2025-01-14T12:34:55.098Z	StillImage	COORDINATE_ROUNDED;CONTINENT_DERIVED_FROM_COORDINATES;TAXON_MATCH_TAXON_ID_IGNORED
4103087518	50c9509d-22c7-4a22-a47d-8c48425ef4a7	https://www.inaturalist.org/observations/155061600	Fungi	Basidiomycota	Agaricomycetes	Polyporales	Polyporaceae	Lenzites	Lenzites betulinus		SPECIES	Trametes betulina (L.) Pilát	Trametes betulina		CA		Québec	PRESENT		28eb1a3f-1c15-4a95-931a-4af90ecb574d	45.542237	-73.154961	9.0						2023-04-15T18:24:16	15	4	2023	5954508	5465199	HUMAN_OBSERVATION	iNaturalist	Observations	155061600		Stephanie Tran	2023-04-15T23:04:53	CC_BY_4_0	Stephanie Tran	Stephanie Tran			2025-01-14T13:28:55.833Z	StillImage	COORDINATE_ROUNDED;CONTINENT_DERIVED_FROM_COORDINATES;TAXON_MATCH_TAXON_ID_IGNORED
4099438131	d1a3b128-b406-46bb-a6d1-f3591dcc8a7b	bc4b06c7-adff-4ee1-9e29-13af979f7f19	Fungi	Basidiomycota	Agaricomycetes	Polyporales	Polyporaceae	Lenzites	Lenzites betulinus		SPECIES	Lenzites betulinus (L.) Fr.	Lenzites betulina	(L.) Fr.	CA	Tenaga	Quebec	PRESENT		e43cf4b8-849e-4fac-b075-e652d019d2cf	45.528384	-75.80162	301.0						1939-05-10	10	5	1939	5465199	5465199	PRESERVED_SPECIMEN	BPI		BPI 250984		Mounce Irene		CC0_1_0		Mounce Irene			2025-01-15T04:59:25.047Z		GEODETIC_DATUM_ASSUMED_WGS84;CONTINENT_DERIVED_FROM_COORDINATES;TAXON_MATCH_FUZZY;TAXON_MATCH_TAXON_ID_IGNORED;INSTITUTION_MATCH_FUZZY
4099434474	d1a3b128-b406-46bb-a6d1-f3591dcc8a7b	34329147-78d0-4d93-bec2-80798cbc57f1	Fungi	Basidiomycota	Agaricomycetes	Polyporales	Polyporaceae	Lenzites	Lenzites betulinus		SPECIES	Lenzites betulinus (L.) Fr.	Lenzites betulina	(L.) Fr.	CA	Ottawa	Ontario	PRESENT		e43cf4b8-849e-4fac-b075-e652d019d2cf	45.416667	-75.7	52150.0										5465199	5465199	PRESERVED_SPECIMEN	BPI		BPI 742095		Lloyd C. G.		CC0_1_0		Odell W. S.			2025-01-15T04:59:40.837Z		GEODETIC_DATUM_ASSUMED_WGS84;CONTINENT_DERIVED_FROM_COORDINATES;TAXON_MATCH_FUZZY;TAXON_MATCH_TAXON_ID_IGNORED;INSTITUTION_MATCH_FUZZY
4096800601	50c9509d-22c7-4a22-a47d-8c48425ef4a7	https://www.inaturalist.org/observations/150976549	Fungi	Basidiomycota	Agaricomycetes	Polyporales	Polyporaceae	Lenzites	Lenzites betulinus		SPECIES	Trametes betulina (L.) Pilát	Trametes betulina		CA		Ontario	PRESENT		28eb1a3f-1c15-4a95-931a-4af90ecb574d	45.321655	-75.797487	4.0						2023-03-12T16:27:24	12	3	2023	5954508	5465199	HUMAN_OBSERVATION	iNaturalist	Observations	150976549		Ariel Bonkoski	2023-04-05T03:02:12	CC_BY_NC_4_0	Maria Bastas	Maria Bastas			2025-01-14T13:28:18.620Z	StillImage	COORDINATE_ROUNDED;CONTINENT_DERIVED_FROM_COORDINATES;TAXON_MATCH_TAXON_ID_IGNORED
4096767754	50c9509d-22c7-4a22-a47d-8c48425ef4a7	https://www.inaturalist.org/observations/155545214	Fungi	Basidiomycota	Agaricomycetes	Polyporales	Polyporaceae	Lenzites	Lenzites betulinus		SPECIES	Trametes betulina (L.) Pilát	Trametes betulina		CA		Québec	PRESENT		28eb1a3f-1c15-4a95-931a-4af90ecb574d	45.541675	-75.922517	13.0						2022-10-08T12:41:43	8	10	2022	5954508	5465199	HUMAN_OBSERVATION	iNaturalist	Observations	155545214		stephmt	2023-04-19T00:15:18	CC_BY_NC_4_0	stephmt	stephmt			2025-01-14T12:34:32.646Z	StillImage	COORDINATE_ROUNDED;CONTINENT_DERIVED_FROM_COORDINATES;TAXON_MATCH_TAXON_ID_IGNORED
4076119663	50c9509d-22c7-4a22-a47d-8c48425ef4a7	https://www.inaturalist.org/observations/153254047	Fungi	Basidiomycota	Agaricomycetes	Polyporales	Polyporaceae	Lenzites	Lenzites betulinus		SPECIES	Trametes betulina (L.) Pilát	Trametes betulina		CA		Québec	PRESENT		28eb1a3f-1c15-4a95-931a-4af90ecb574d	45.539618	-73.157845	62.0						2023-03-30T10:43:25	30	3	2023	5954508	5465199	HUMAN_OBSERVATION	iNaturalist	Observations	153254047		Isaac Rondeau-McNair	2023-04-02T23:18:43	CC_BY_4_0	Isaac Rondeau-McNair	Isaac Rondeau-McNair			2025-01-14T12:34:52.240Z	StillImage	COORDINATE_ROUNDED;CONTINENT_DERIVED_FROM_COORDINATES;TAXON_MATCH_TAXON_ID_IGNORED
4072220301	0f83123f-0c04-4556-8f4d-5a4e2a9bac66	http://id.luomus.fi/MY.14087787	Fungi	Basidiomycota	Agaricomycetes	Polyporales	Polyporaceae	Lenzites	Lenzites betulinus		SPECIES	Trametes betulina (L.) Pilát	Trametes betulina (L.) Pilát		CA		Quebec	PRESENT		04fd2e13-6881-4e5c-9dd1-8fdd9ab993c1	45.5	-75.8							1933-07-12T00:00Z	12	7	1933	5954508	5465199	PRESERVED_SPECIMEN	H		http://id.luomus.fi/HA.H7077611		Viner, Ilya		CC_BY_4_0		Groves, J. W.			2025-01-12T05:29:54.255Z		CONTINENT_DERIVED_FROM_COORDINATES;TAXON_MATCH_TAXON_ID_IGNORED;COLLECTION_MATCH_NONE;INSTITUTION_MATCH_FUZZY
4063013488	50c9509d-22c7-4a22-a47d-8c48425ef4a7	https://www.inaturalist.org/observations/135768819	Fungi	Basidiomycota	Agaricomycetes	Polyporales	Polyporaceae	Lenzites	Lenzites betulinus		SPECIES	Trametes betulina (L.) Pilát	Trametes betulina		CA		Ontario	PRESENT		28eb1a3f-1c15-4a95-931a-4af90ecb574d	45.262145	-75.368388							2022-09-16T10:06:56	16	9	2022	5954508	5465199	HUMAN_OBSERVATION	iNaturalist	Observations	135768819		Randy	2022-09-20T10:39:46	CC_BY_NC_4_0	Randy	Randy			2025-01-14T13:20:34.731Z	StillImage	COORDINATE_ROUNDED;CONTINENT_DERIVED_FROM_COORDINATES;TAXON_MATCH_TAXON_ID_IGNORED
4023430399	0f83123f-0c04-4556-8f4d-5a4e2a9bac66	http://id.luomus.fi/MY.7253334	Fungi	Basidiomycota	Agaricomycetes	Polyporales	Polyporaceae	Lenzites	Lenzites betulinus		SPECIES	Trametes betulina (L.) Pilát	Trametes betulina (L.) Pilát		CA	Gatineau Park, LeMay's	Quebec	PRESENT		04fd2e13-6881-4e5c-9dd1-8fdd9ab993c1	45.58	-76.0							1956-09-26T00:00Z	26	9	1956	5954508	5465199	PRESERVED_SPECIMEN	H		http://id.luomus.fi/HA.H7054569				CC_BY_4_0		Macrae, Ruth			2025-01-12T05:29:50.786Z		CONTINENT_DERIVED_FROM_COORDINATES;TAXON_MATCH_TAXON_ID_IGNORED;COLLECTION_MATCH_NONE;INSTITUTION_MATCH_FUZZY
4023429659	0f83123f-0c04-4556-8f4d-5a4e2a9bac66	http://id.luomus.fi/MY.7253462	Fungi	Basidiomycota	Agaricomycetes	Polyporales	Polyporaceae	Lenzites	Lenzites betulinus		SPECIES	Trametes betulina (L.) Pilát	Trametes betulina (L.) Pilát		CA		Quebec	PRESENT		04fd2e13-6881-4e5c-9dd1-8fdd9ab993c1	45.5	-75.78							1937-10-10T00:00Z	10	10	1937	5954508	5465199	PRESERVED_SPECIMEN	H		http://id.luomus.fi/HA.H7054601				CC_BY_4_0		Macrae, Ruth			2025-01-12T05:29:50.586Z		CONTINENT_DERIVED_FROM_COORDINATES;TAXON_MATCH_TAXON_ID_IGNORED;COLLECTION_MATCH_NONE;INSTITUTION_MATCH_FUZZY
4015269875	50c9509d-22c7-4a22-a47d-8c48425ef4a7	https://www.inaturalist.org/observations/145843639	Fungi	Basidiomycota	Agaricomycetes	Polyporales	Polyporaceae	Lenzites	Lenzites betulinus		SPECIES	Trametes betulina (L.) Pilát	Trametes betulina		CA		Québec	PRESENT		28eb1a3f-1c15-4a95-931a-4af90ecb574d	45.731063	-72.245185	4.0						2023-01-04T12:12	4	1	2023	5954508	5465199	HUMAN_OBSERVATION	iNaturalist	Observations	145843639		Jan Thornhill	2023-01-04T19:04:57	CC_BY_NC_4_0	François Demers	François Demers			2025-01-14T12:33:01.266Z	StillImage	COORDINATE_ROUNDED;CONTINENT_DERIVED_FROM_COORDINATES;TAXON_MATCH_TAXON_ID_IGNORED
3985706225	50c9509d-22c7-4a22-a47d-8c48425ef4a7	https://www.inaturalist.org/observations/142235984	Fungi	Basidiomycota	Agaricomycetes	Polyporales	Polyporaceae	Lenzites	Lenzites betulinus		SPECIES	Trametes betulina (L.) Pilát	Trametes betulina		CA		Ontario	PRESENT		28eb1a3f-1c15-4a95-931a-4af90ecb574d	45.26218	-75.368395	5.0						2022-11-11T11:32:58	11	11	2022	5954508	5465199	HUMAN_OBSERVATION	iNaturalist	Observations	142235984		Lynn Ovenden	2022-11-17T19:37:20	CC_BY_NC_4_0	Lynn Ovenden	Lynn Ovenden			2025-01-14T12:32:47.407Z	StillImage	CONTINENT_DERIVED_FROM_COORDINATES;TAXON_MATCH_TAXON_ID_IGNORED
3985700344	50c9509d-22c7-4a22-a47d-8c48425ef4a7	https://www.inaturalist.org/observations/31673224	Fungi	Basidiomycota	Agaricomycetes	Polyporales	Polyporaceae	Lenzites	Lenzites betulinus		SPECIES	Trametes betulina (L.) Pilát	Trametes betulina		CA		Ontario	PRESENT		28eb1a3f-1c15-4a95-931a-4af90ecb574d	45.40644	-75.589341	285.0						2019-08-27T11:42	27	8	2019	5954508	5465199	HUMAN_OBSERVATION	iNaturalist	Observations	31673224		Igor Khomenko	2019-08-28T15:42:07	CC_BY_NC_4_0	Igor Khomenko	Igor Khomenko			2025-01-14T13:04:27.680Z	StillImage	CONTINENT_DERIVED_FROM_COORDINATES;TAXON_MATCH_TAXON_ID_IGNORED
3966549974	50c9509d-22c7-4a22-a47d-8c48425ef4a7	https://www.inaturalist.org/observations/141748811	Fungi	Basidiomycota	Agaricomycetes	Polyporales	Polyporaceae	Lenzites	Lenzites betulinus		SPECIES	Trametes betulina (L.) Pilát	Trametes betulina		CA		Ontario	PRESENT		28eb1a3f-1c15-4a95-931a-4af90ecb574d	45.261928	-75.368218	59.0						2022-11-11T12:09	11	11	2022	5954508	5465199	HUMAN_OBSERVATION	iNaturalist	Observations	141748811		jonathan_mack	2022-11-12T02:44:56	CC_BY_NC_4_0	jonathan_mack	jonathan_mack			2025-01-14T13:22:08.734Z	StillImage	COORDINATE_ROUNDED;CONTINENT_DERIVED_FROM_COORDINATES;TAXON_MATCH_TAXON_ID_IGNORED
3966360998	50c9509d-22c7-4a22-a47d-8c48425ef4a7	https://www.inaturalist.org/observations/141744840	Fungi	Basidiomycota	Agaricomycetes	Polyporales	Polyporaceae	Lenzites	Lenzites betulinus		SPECIES	Trametes betulina (L.) Pilát	Trametes betulina		CA		Prince Edward Island	PRESENT		28eb1a3f-1c15-4a95-931a-4af90ecb574d	46.713133	-64.224027	50.0						2022-11-11T11:27	11	11	2022	5954508	5465199	HUMAN_OBSERVATION	iNaturalist	Observations	141744840		Rosemary Curley	2022-11-12T01:49:14	CC_BY_NC_4_0	Rosemary Curley	Rosemary Curley			2025-01-14T12:32:37.329Z	StillImage	COORDINATE_ROUNDED;CONTINENT_DERIVED_FROM_COORDINATES;TAXON_MATCH_TAXON_ID_IGNORED
3965614338	0ec61c42-6eda-441e-b327-7ec241c8ec95	b9e661fe-0bf9-4687-bc95-092d2c3df249	Fungi	Basidiomycota	Agaricomycetes	Polyporales	Polyporaceae	Lenzites	Lenzites betulinus		SPECIES	Lenzites betulinus (L.) Fr.	Lenzites betulina	(L.) Fr.	CA	McCloskey Road above Meach Lake, Gatineau Park	Quebec	PRESENT		00ff478a-9da6-4c8d-b60d-43ee8c88cd1f	45.516667	-75.866667							1959-09-01	1	9	1959	5465199	5465199	PRESERVED_SPECIMEN	WSP	WSP	WSP49026				CC_BY_4_0		W. B. Cooke; V. G. Cooke			2025-01-15T08:28:23.901Z		GEODETIC_DATUM_ASSUMED_WGS84;CONTINENT_DERIVED_FROM_COORDINATES;TAXON_MATCH_FUZZY;TAXON_MATCH_TAXON_ID_IGNORED;AMBIGUOUS_COLLECTION;INSTITUTION_MATCH_FUZZY
3947147602	50c9509d-22c7-4a22-a47d-8c48425ef4a7	https://www.inaturalist.org/observations/139774727	Fungi	Basidiomycota	Agaricomycetes	Polyporales	Polyporaceae	Lenzites	Lenzites betulinus		SPECIES	Trametes betulina (L.) Pilát	Trametes betulina		CA		Prince Edward Island	PRESENT		28eb1a3f-1c15-4a95-931a-4af90ecb574d	46.7411	-64.1745	13.0						2022-10-23T10:26:07	23	10	2022	5954508	5465199	HUMAN_OBSERVATION	iNaturalist	Observations	139774727		Laura O'Connor	2022-10-23T18:06:26	CC_BY_NC_4_0	Laura O'Connor	Laura O'Connor			2025-01-14T12:32:35.280Z	StillImage	CONTINENT_DERIVED_FROM_COORDINATES;TAXON_MATCH_TAXON_ID_IGNORED
3947132704	50c9509d-22c7-4a22-a47d-8c48425ef4a7	https://www.inaturalist.org/observations/139035188	Fungi	Basidiomycota	Agaricomycetes	Polyporales	Polyporaceae	Lenzites	Lenzites betulinus		SPECIES	Trametes betulina (L.) Pilát	Trametes betulina		CA		Ontario	PRESENT		28eb1a3f-1c15-4a95-931a-4af90ecb574d	45.302097	-75.805205							2022-10-16T13:04	16	10	2022	5954508	5465199	HUMAN_OBSERVATION	iNaturalist	Observations	139035188		jonathan_mack	2022-10-16T21:34:50	CC_BY_NC_4_0	Igor Khomenko	Igor Khomenko			2025-01-14T12:33:33.106Z	StillImage	COORDINATE_ROUNDED;CONTINENT_DERIVED_FROM_COORDINATES;TAXON_MATCH_TAXON_ID_IGNORED
3915457902	50c9509d-22c7-4a22-a47d-8c48425ef4a7	https://www.inaturalist.org/observations/135985727	Fungi	Basidiomycota	Agaricomycetes	Polyporales	Polyporaceae	Lenzites	Lenzites betulinus		SPECIES	Trametes betulina (L.) Pilát	Trametes betulina		CA		New Brunswick	PRESENT		28eb1a3f-1c15-4a95-931a-4af90ecb574d	45.963825	-66.643115	9849.0						2022-09-18T16:53:04	18	9	2022	5954508	5465199	HUMAN_OBSERVATION	iNaturalist	Observations	135985727		Victoria	2022-09-22T00:48:19	CC_BY_NC_4_0	Victoria	Victoria			2025-01-14T12:34:01.157Z	StillImage	COORDINATE_ROUNDED;CONTINENT_DERIVED_FROM_COORDINATES;TAXON_MATCH_TAXON_ID_IGNORED
3784657380	50c9509d-22c7-4a22-a47d-8c48425ef4a7	https://www.inaturalist.org/observations/96226326	Fungi	Basidiomycota	Agaricomycetes	Polyporales	Polyporaceae	Lenzites	Lenzites betulinus		SPECIES	Trametes betulina (L.) Pilát	Trametes betulina		CA		New Brunswick	PRESENT		28eb1a3f-1c15-4a95-931a-4af90ecb574d	45.991317	-66.57836							2021-09-25T14:29:11	25	9	2021	5954508	5465199	HUMAN_OBSERVATION	iNaturalist	Observations	96226326		Phil H.	2021-09-26T14:17:07	CC_BY_NC_4_0	Phil H.	Phil H.			2025-01-14T12:22:05.994Z	StillImage	CONTINENT_DERIVED_FROM_COORDINATES;TAXON_MATCH_TAXON_ID_IGNORED
3773400880	50c9509d-22c7-4a22-a47d-8c48425ef4a7	https://www.inaturalist.org/observations/113612506	Fungi	Basidiomycota	Agaricomycetes	Polyporales	Polyporaceae	Lenzites	Lenzites betulinus		SPECIES	Trametes betulina (L.) Pilát	Trametes betulina		CA		Nova Scotia	PRESENT		28eb1a3f-1c15-4a95-931a-4af90ecb574d	45.80566	-64.166163	9.0						2022-04-29T19:59:47	29	4	2022	5954508	5465199	HUMAN_OBSERVATION	iNaturalist	Observations	113612506		Alan Rockefeller	2022-05-07T06:20:25	CC_BY_NC_4_0	trisyvonne	trisyvonne			2025-01-14T13:19:58.551Z	StillImage	COORDINATE_ROUNDED;CONTINENT_DERIVED_FROM_COORDINATES;TAXON_MATCH_TAXON_ID_IGNORED
3773343344	50c9509d-22c7-4a22-a47d-8c48425ef4a7	https://www.inaturalist.org/observations/47464260	Fungi	Basidiomycota	Agaricomycetes	Polyporales	Polyporaceae	Lenzites	Lenzites betulinus		SPECIES	Trametes betulina (L.) Pilát	Trametes betulina		CA		Québec	PRESENT		28eb1a3f-1c15-4a95-931a-4af90ecb574d	45.544286	-73.437953	245.0						2020-05-26T12:22Z	26	5	2020	5954508	5465199	HUMAN_OBSERVATION	iNaturalist	Observations	47464260		Ann Simpson	2020-05-31T16:49:25	CC_BY_NC_4_0	hayen	hayen			2025-01-14T13:06:44.826Z	StillImage	COORDINATE_ROUNDED;CONTINENT_DERIVED_FROM_COORDINATES;TAXON_MATCH_TAXON_ID_IGNORED
3773225306	50c9509d-22c7-4a22-a47d-8c48425ef4a7	https://www.inaturalist.org/observations/8464477	Fungi	Basidiomycota	Agaricomycetes	Polyporales	Polyporaceae	Lenzites	Lenzites betulinus		SPECIES	Trametes betulina (L.) Pilát	Trametes betulina		CA		Québec	PRESENT		28eb1a3f-1c15-4a95-931a-4af90ecb574d	45.482647	-75.843627	5.0						2017-10-08T12:45:25	8	10	2017	5954508	5465199	HUMAN_OBSERVATION	iNaturalist	Observations	8464477		dschigel	2018-10-17T02:01:24	CC_BY_4_0	dschigel	dschigel			2025-01-14T12:04:04.502Z	StillImage	COORDINATE_ROUNDED;CONTINENT_DERIVED_FROM_COORDINATES;TAXON_MATCH_TAXON_ID_IGNORED
3456315611	50c9509d-22c7-4a22-a47d-8c48425ef4a7	https://www.inaturalist.org/observations/104127541	Fungi	Basidiomycota	Agaricomycetes	Polyporales	Polyporaceae	Lenzites	Lenzites betulinus		SPECIES	Trametes betulina (L.) Pilát	Trametes betulina		CA		Québec	PRESENT		28eb1a3f-1c15-4a95-931a-4af90ecb574d	45.917246	-72.011526	5.0						2022-01-01T12:57:03	1	1	2022	5954508	5465199	HUMAN_OBSERVATION	iNaturalist	Observations	104127541		willoughbyarevalo	2022-01-01T21:13:33	CC_BY_NC_4_0	willoughbyarevalo	willoughbyarevalo			2025-01-14T12:24:31.521Z	StillImage	COORDINATE_ROUNDED;CONTINENT_DERIVED_FROM_COORDINATES;TAXON_MATCH_TAXON_ID_IGNORED
3455684597	50c9509d-22c7-4a22-a47d-8c48425ef4a7	https://www.inaturalist.org/observations/103831232	Fungi	Basidiomycota	Agaricomycetes	Polyporales	Polyporaceae	Lenzites	Lenzites betulinus		SPECIES	Trametes betulina (L.) Pilát	Trametes betulina		CA		New Brunswick	PRESENT		28eb1a3f-1c15-4a95-931a-4af90ecb574d	46.068247	-64.710476	345.0						2021-12-28T13:11:57	28	12	2021	5954508	5465199	HUMAN_OBSERVATION	iNaturalist	Observations	103831232		Steve	2022-01-04T23:22:19	CC_BY_NC_4_0	sebastienbenoit	sebastienbenoit			2025-01-14T12:23:42.754Z	StillImage	COORDINATE_ROUNDED;CONTINENT_DERIVED_FROM_COORDINATES;TAXON_MATCH_TAXON_ID_IGNORED
3407935124	50c9509d-22c7-4a22-a47d-8c48425ef4a7	https://www.inaturalist.org/observations/100093515	Fungi	Basidiomycota	Agaricomycetes	Polyporales	Polyporaceae	Lenzites	Lenzites betulinus		SPECIES	Trametes betulina (L.) Pilát	Trametes betulina		CA		Ontario	PRESENT		28eb1a3f-1c15-4a95-931a-4af90ecb574d	45.37292	-75.794891	977.0						2021-11-02T20:49Z	2	11	2021	5954508	5465199	HUMAN_OBSERVATION	iNaturalist	Observations	100093515		jimr47	2021-11-02T20:52:15	CC_BY_NC_4_0	jimr47	jimr47			2025-01-14T12:22:36.524Z	StillImage	COORDINATE_ROUNDED;CONTINENT_DERIVED_FROM_COORDINATES;TAXON_MATCH_TAXON_ID_IGNORED
3398776265	50c9509d-22c7-4a22-a47d-8c48425ef4a7	https://www.inaturalist.org/observations/98539003	Fungi	Basidiomycota	Agaricomycetes	Polyporales	Polyporaceae	Lenzites	Lenzites betulinus		SPECIES	Trametes betulina (L.) Pilát	Trametes betulina		CA		Ontario	PRESENT		28eb1a3f-1c15-4a95-931a-4af90ecb574d	45.369818	-75.796546	61.0						2021-10-17T11:43	17	10	2021	5954508	5465199	HUMAN_OBSERVATION	iNaturalist	Observations	98539003		Owen	2021-10-17T21:45:26	CC_BY_NC_4_0	Mike Leveille	Mike Leveille			2025-01-14T12:22:40.739Z	StillImage	COORDINATE_ROUNDED;CONTINENT_DERIVED_FROM_COORDINATES;TAXON_MATCH_TAXON_ID_IGNORED
3398696866	50c9509d-22c7-4a22-a47d-8c48425ef4a7	https://www.inaturalist.org/observations/96102684	Fungi	Basidiomycota	Agaricomycetes	Polyporales	Polyporaceae	Lenzites	Lenzites betulinus		SPECIES	Trametes betulina (L.) Pilát	Trametes betulina		CA		Ontario	PRESENT		28eb1a3f-1c15-4a95-931a-4af90ecb574d	45.815392	-77.096184	128.0						2021-09-25T12:37:18	25	9	2021	5954508	5465199	HUMAN_OBSERVATION	iNaturalist	Observations	96102684		dero001	2021-09-25T16:38:01	CC_BY_NC_4_0	dero001	dero001			2025-01-14T13:24:26.381Z	StillImage	COORDINATE_ROUNDED;CONTINENT_DERIVED_FROM_COORDINATES;TAXON_MATCH_TAXON_ID_IGNORED
3398659889	50c9509d-22c7-4a22-a47d-8c48425ef4a7	https://www.inaturalist.org/observations/97375653	Fungi	Basidiomycota	Agaricomycetes	Polyporales	Polyporaceae	Lenzites	Lenzites betulinus		SPECIES	Trametes betulina (L.) Pilát	Trametes betulina		CA		Québec	PRESENT		28eb1a3f-1c15-4a95-931a-4af90ecb574d	45.512811	-73.584415	6.0						2021-10-06T15:27:48	6	10	2021	5954508	5465199	HUMAN_OBSERVATION	iNaturalist	Observations	97375653		Brianna	2021-10-06T19:28:19	CC_BY_NC_4_0	Brianna	Brianna			2025-01-14T12:25:10.416Z	StillImage	COORDINATE_ROUNDED;CONTINENT_DERIVED_FROM_COORDINATES;TAXON_MATCH_TAXON_ID_IGNORED
3391537595	50c9509d-22c7-4a22-a47d-8c48425ef4a7	https://www.inaturalist.org/observations/97504773	Fungi	Basidiomycota	Agaricomycetes	Polyporales	Polyporaceae	Lenzites	Lenzites betulinus		SPECIES	Trametes betulina (L.) Pilát	Trametes betulina		CA		Québec	PRESENT		28eb1a3f-1c15-4a95-931a-4af90ecb574d	45.514245	-73.586286	40.0						2021-10-07T15:09:29	7	10	2021	5954508	5465199	HUMAN_OBSERVATION	iNaturalist	Observations	97504773		mitchprowse	2021-10-08T01:55:47	CC_BY_NC_4_0	erlenneli09	erlenneli09			2025-01-14T13:26:12.872Z	StillImage	COORDINATE_ROUNDED;CONTINENT_DERIVED_FROM_COORDINATES;TAXON_MATCH_TAXON_ID_IGNORED
3384935545	50c9509d-22c7-4a22-a47d-8c48425ef4a7	https://www.inaturalist.org/observations/94497963	Fungi	Basidiomycota	Agaricomycetes	Polyporales	Polyporaceae	Lenzites	Lenzites betulinus		SPECIES	Trametes betulina (L.) Pilát	Trametes betulina		CA		Ontario	PRESENT		28eb1a3f-1c15-4a95-931a-4af90ecb574d	45.035658	-76.832002	9.0						2021-09-11T14:34:09	11	9	2021	5954508	5465199	HUMAN_OBSERVATION	iNaturalist	Observations	94497963		Keith Seifert	2021-09-13T12:18:48	CC_BY_NC_4_0	Steven D Thorsell	Steven D Thorsell			2025-01-14T12:24:58.857Z	StillImage	COORDINATE_ROUNDED;CONTINENT_DERIVED_FROM_COORDINATES;TAXON_MATCH_TAXON_ID_IGNORED
3335440365	50c9509d-22c7-4a22-a47d-8c48425ef4a7	https://www.inaturalist.org/observations/61038794	Fungi	Basidiomycota	Agaricomycetes	Polyporales	Polyporaceae	Lenzites	Lenzites betulinus		SPECIES	Trametes betulina (L.) Pilát	Trametes betulina		CA		Ontario	PRESENT		28eb1a3f-1c15-4a95-931a-4af90ecb574d	45.511953	-75.340991	243.0						2020-09-26T13:46:14	26	9	2020	5954508	5465199	HUMAN_OBSERVATION	iNaturalist	Observations	61038794		Lynn Ovenden	2020-09-27T23:23:14	CC_BY_NC_4_0	Lynn Ovenden	Lynn Ovenden			2025-01-14T13:10:31.381Z	StillImage	COORDINATE_ROUNDED;CONTINENT_DERIVED_FROM_COORDINATES;TAXON_MATCH_TAXON_ID_IGNORED
3330468381	50c9509d-22c7-4a22-a47d-8c48425ef4a7	https://www.inaturalist.org/observations/62946512	Fungi	Basidiomycota	Agaricomycetes	Polyporales	Polyporaceae	Lenzites	Lenzites betulinus		SPECIES	Trametes betulina (L.) Pilát	Trametes betulina		CA		Québec	PRESENT		28eb1a3f-1c15-4a95-931a-4af90ecb574d	45.457132	-74.28714	5182.0						2020-10-18T13:32:49	18	10	2020	5954508	5465199	HUMAN_OBSERVATION	iNaturalist	Observations	62946512		katenormand	2020-10-18T21:43:55	CC_BY_NC_4_0	katenormand	katenormand			2025-01-14T12:16:20.823Z	StillImage	COORDINATE_ROUNDED;CONTINENT_DERIVED_FROM_COORDINATES;TAXON_MATCH_TAXON_ID_IGNORED
3112919689	50c9509d-22c7-4a22-a47d-8c48425ef4a7	https://www.inaturalist.org/observations/76778406	Fungi	Basidiomycota	Agaricomycetes	Polyporales	Polyporaceae	Lenzites	Lenzites betulinus		SPECIES	Trametes betulina (L.) Pilát	Trametes betulina		CA		Ontario	PRESENT		28eb1a3f-1c15-4a95-931a-4af90ecb574d	45.199445	-75.98037	24.0						2021-05-02T16:37:57	2	5	2021	5954508	5465199	HUMAN_OBSERVATION	iNaturalist	Observations	76778406		Keith Seifert	2021-05-03T01:08:12	CC0_1_0	Keith Seifert	Keith Seifert			2025-01-14T12:18:47.337Z	StillImage	CONTINENT_DERIVED_FROM_COORDINATES;TAXON_MATCH_TAXON_ID_IGNORED
3058951221	50c9509d-22c7-4a22-a47d-8c48425ef4a7	https://www.inaturalist.org/observations/70957568	Fungi	Basidiomycota	Agaricomycetes	Polyporales	Polyporaceae	Lenzites	Lenzites betulinus		SPECIES	Trametes betulina (L.) Pilát	Trametes betulina		CA		Québec	PRESENT		28eb1a3f-1c15-4a95-931a-4af90ecb574d	45.544111	-73.170769							2021-03-10T12:17:48	10	3	2021	5954508	5465199	HUMAN_OBSERVATION	iNaturalist	Observations	70957568		Paula DeSanto	2021-03-10T20:15:16	CC_BY_NC_4_0	Vincent Auclair	Vincent Auclair			2025-01-14T12:17:24.237Z	StillImage	COORDINATE_ROUNDED;CONTINENT_DERIVED_FROM_COORDINATES;TAXON_MATCH_TAXON_ID_IGNORED
2901800145	50c9509d-22c7-4a22-a47d-8c48425ef4a7	https://www.inaturalist.org/observations/63114027	Fungi	Basidiomycota	Agaricomycetes	Polyporales	Polyporaceae	Lenzites	Lenzites betulinus		SPECIES	Trametes betulina (L.) Pilát	Trametes betulina		CA		Québec	PRESENT		28eb1a3f-1c15-4a95-931a-4af90ecb574d	45.454028	-73.805772	50.0						2020-10-20T14:40:28	20	10	2020	5954508	5465199	HUMAN_OBSERVATION	iNaturalist	Observations	63114027		thetoaster	2020-10-20T19:41:51	CC_BY_NC_4_0	thetoaster	thetoaster			2025-01-14T13:13:23.612Z	StillImage	COORDINATE_ROUNDED;CONTINENT_DERIVED_FROM_COORDINATES;TAXON_MATCH_TAXON_ID_IGNORED
2856569358	50c9509d-22c7-4a22-a47d-8c48425ef4a7	https://www.inaturalist.org/observations/36015337	Fungi	Basidiomycota	Agaricomycetes	Polyporales	Polyporaceae	Lenzites	Lenzites betulinus		SPECIES	Trametes betulina (L.) Pilát	Trametes betulina		CA		Ontario	PRESENT		28eb1a3f-1c15-4a95-931a-4af90ecb574d	45.385313	-75.702123	100.0						2019-10-29T21:28:10	29	10	2019	5954508	5465199	HUMAN_OBSERVATION	iNaturalist	Observations	36015337		Lynn Ovenden	2019-11-24T12:49:28	CC_BY_NC_4_0	Lynn Ovenden	Lynn Ovenden			2025-01-14T13:05:38.751Z	StillImage	COORDINATE_ROUNDED;CONTINENT_DERIVED_FROM_COORDINATES;TAXON_MATCH_TAXON_ID_IGNORED
2626533618	50c9509d-22c7-4a22-a47d-8c48425ef4a7	https://www.inaturalist.org/observations/46401087	Fungi	Basidiomycota	Agaricomycetes	Polyporales	Polyporaceae	Lenzites	Lenzites betulinus		SPECIES	Trametes betulina (L.) Pilát	Trametes betulina		CA		New Brunswick	PRESENT		28eb1a3f-1c15-4a95-931a-4af90ecb574d	47.625378	-65.690383	10.0						2020-05-18T12:52:33	18	5	2020	5954508	5465199	HUMAN_OBSERVATION	iNaturalist	Observations	46401087		Binta Mariko	2020-05-18T18:31:04	CC_BY_NC_4_0	Binta Mariko	Binta Mariko			2025-01-14T13:06:39.324Z	StillImage	COORDINATE_ROUNDED;CONTINENT_DERIVED_FROM_COORDINATES;TAXON_MATCH_TAXON_ID_IGNORED
2609071066	50c9509d-22c7-4a22-a47d-8c48425ef4a7	https://www.inaturalist.org/observations/17285184	Fungi	Basidiomycota	Agaricomycetes	Polyporales	Polyporaceae	Lenzites	Lenzites betulinus		SPECIES	Trametes betulina (L.) Pilát	Trametes betulina		CA		New Brunswick	PRESENT		28eb1a3f-1c15-4a95-931a-4af90ecb574d	45.967046	-66.476577							2018-10-06T18:39	6	10	2018	5954508	5465199	HUMAN_OBSERVATION	iNaturalist	Observations	17285184		Ken Ramey	2018-10-17T02:14:30	CC_BY_NC_4_0	Ken Ramey	Ken Ramey			2025-01-14T12:06:03.853Z	StillImage	COORDINATE_ROUNDED;CONTINENT_DERIVED_FROM_COORDINATES;TAXON_MATCH_TAXON_ID_IGNORED
2540718750	50c9509d-22c7-4a22-a47d-8c48425ef4a7	https://www.inaturalist.org/observations/16970522	Fungi	Basidiomycota	Agaricomycetes	Polyporales	Polyporaceae	Lenzites	Lenzites betulinus		SPECIES	Trametes betulina (L.) Pilát	Trametes betulina		CA		New Brunswick	PRESENT		28eb1a3f-1c15-4a95-931a-4af90ecb574d	46.176272	-64.643715	1052.0						2018-09-27T12:01:38	27	9	2018	5954508	5465199	HUMAN_OBSERVATION	iNaturalist	Observations	16970522		Adam Bryant	2019-12-26T04:23:50	CC_BY_NC_4_0	Laura Berry	Laura Berry			2025-01-14T13:01:29.976Z	StillImage	COORDINATE_ROUNDED;CONTINENT_DERIVED_FROM_COORDINATES;TAXON_MATCH_TAXON_ID_IGNORED
2429612196	50c9509d-22c7-4a22-a47d-8c48425ef4a7	https://www.inaturalist.org/observations/34451735	Fungi	Basidiomycota	Agaricomycetes	Polyporales	Polyporaceae	Lenzites	Lenzites betulinus		SPECIES	Trametes betulina (L.) Pilát	Trametes betulina		CA		New Brunswick	PRESENT		28eb1a3f-1c15-4a95-931a-4af90ecb574d	46.214194	-64.284937	488.0						2014-11-11T12:40	11	11	2014	5954508	5465199	HUMAN_OBSERVATION	iNaturalist	Observations	34451735		Raymonde G Chartier	2019-10-16T13:10:28	CC_BY_NC_4_0	Raymonde G Chartier	Raymonde G Chartier			2025-01-14T12:09:42.398Z	StillImage	COORDINATE_ROUNDED;CONTINENT_DERIVED_FROM_COORDINATES;TAXON_MATCH_TAXON_ID_IGNORED
2423612395	21705170-d2b6-42de-8904-c3bca4b83591	CMMF018799	Fungi	Basidiomycota	Agaricomycetes	Polyporales	Polyporaceae	Lenzites	Lenzites betulinus		SPECIES	Lenzites betulinus (L.) Fr.	Lenzites betulina (L.) Fr.	(L.) Fr.	CA	4e Quadrat	Québec	PRESENT		ff7bd5db-b724-4932-b496-10ea298851f9	45.996087	-73.994017	75.0		348.0				1978-08-13	13	8	1978	5465199	5465199	PRESERVED_SPECIMEN	Université de Montréal Biodiversity Centre	CMMF	CMMF018799	s.n.	Nantel, Patrick		CC0_1_0	Université de Montréal Biodiversity Centre	Nantel, Patrick			2024-01-24T16:38:18.603Z		TAXON_MATCH_FUZZY;INSTITUTION_MATCH_FUZZY;COLLECTION_MATCH_FUZZY;DIFFERENT_OWNER_INSTITUTION
2423610855	21705170-d2b6-42de-8904-c3bca4b83591	CMMF019905	Fungi	Basidiomycota	Agaricomycetes	Polyporales	Polyporaceae	Lenzites	Lenzites betulinus		SPECIES	Lenzites betulinus (L.) Fr.	Lenzites betulina (L.) Fr.	(L.) Fr.	CA	Saint-Jérôme, comté de Terrrebonne, Qué.	Quebec	PRESENT		ff7bd5db-b724-4932-b496-10ea298851f9	45.78333	-74.0	50000.0						1932-10-10	10	10	1932	5465199	5465199	PRESERVED_SPECIMEN	Université de Montréal Biodiversity Centre	CMMF	CMMF019905	99	Brunel, Jules		CC0_1_0	Université de Montréal Biodiversity Centre	Brunel, Jules			2024-01-24T16:38:14.729Z		GEODETIC_DATUM_INVALID;GEODETIC_DATUM_ASSUMED_WGS84;TAXON_MATCH_FUZZY;INSTITUTION_MATCH_FUZZY;COLLECTION_MATCH_FUZZY;DIFFERENT_OWNER_INSTITUTION
2423610832	21705170-d2b6-42de-8904-c3bca4b83591	CMMF020597	Fungi	Basidiomycota	Agaricomycetes	Polyporales	Polyporaceae	Lenzites	Lenzites betulinus		SPECIES	Lenzites betulinus (L.) Fr.	Lenzites betulina (L.) Fr.	(L.) Fr.	CA	Granby, P.Q.	Quebec	PRESENT		ff7bd5db-b724-4932-b496-10ea298851f9	45.403229	-72.734066	7500.0						1946-10-01	1	10	1946	5465199	5465199	PRESERVED_SPECIMEN	Université de Montréal Biodiversity Centre	CMMF	CMMF020597	634	Macrae, Ruth		CC0_1_0	Université de Montréal Biodiversity Centre	Fabius, Fr.			2024-01-24T16:38:15.871Z		TAXON_MATCH_FUZZY;INSTITUTION_MATCH_FUZZY;COLLECTION_MATCH_FUZZY;DIFFERENT_OWNER_INSTITUTION
2236200887	50c9509d-22c7-4a22-a47d-8c48425ef4a7	https://www.inaturalist.org/observations/17683250	Fungi	Basidiomycota	Agaricomycetes	Polyporales	Polyporaceae	Lenzites	Lenzites betulinus		SPECIES	Trametes betulina (L.) Pilát	Trametes betulina		CA		Ontario	PRESENT		28eb1a3f-1c15-4a95-931a-4af90ecb574d	45.138198	-78.177913	10.0						2018-10-20T13:52:39	20	10	2018	5954508	5465199	HUMAN_OBSERVATION	iNaturalist	Observations	17683250		erondel	2018-10-20T17:53:03	CC_BY_NC_4_0	erondel	erondel			2025-01-14T13:02:42.083Z	StillImage	COORDINATE_ROUNDED;CONTINENT_DERIVED_FROM_COORDINATES;TAXON_MATCH_TAXON_ID_IGNORED
1807258609	e8a25a42-f125-476c-8554-3ec21cd51a84	ACAD:115116	Fungi	Basidiomycota	Agaricomycetes	Polyporales	Polyporaceae	Lenzites	Lenzites betulinus		SPECIES	Lenzites betulinus (L.) Fr.	Lenzites betulina (L.) Fr.	(L.) Fr.	CA	Woodville	Nova Scotia	PRESENT		6491ad8c-8e49-4bd4-a089-0ddb3bbe0890	45.09495	-64.65239							1936-09-24	24	9	1936	5465199	5465199	PRESERVED_SPECIMEN	Acadia University	ACAD	744F	744			CC0_1_0	Acadia University	H, KA			2024-01-25T01:36:59.514Z	StillImage	GEODETIC_DATUM_INVALID;GEODETIC_DATUM_ASSUMED_WGS84;TAXON_MATCH_FUZZY;TAXON_MATCH_TAXON_ID_IGNORED;INSTITUTION_MATCH_FUZZY;COLLECTION_MATCH_FUZZY
1807255919	e8a25a42-f125-476c-8554-3ec21cd51a84	ACAD:112573	Fungi	Basidiomycota	Agaricomycetes	Polyporales	Polyporaceae	Lenzites	Lenzites betulinus		SPECIES	Lenzites betulinus (L.) Fr.	Lenzites betulina (L.) Fr.	(L.) Fr.	CA	Kentville	Nova Scotia	PRESENT		6491ad8c-8e49-4bd4-a089-0ddb3bbe0890	45.07662	-64.49592							1953-11-18	18	11	1953	5465199	5465199	PRESERVED_SPECIMEN	Acadia University	ACAD	2477F	2477			CC0_1_0	Acadia University	Harrison, KA			2024-01-25T01:37:10.994Z	StillImage	GEODETIC_DATUM_INVALID;GEODETIC_DATUM_ASSUMED_WGS84;TAXON_MATCH_FUZZY;TAXON_MATCH_TAXON_ID_IGNORED;INSTITUTION_MATCH_FUZZY;COLLECTION_MATCH_FUZZY
1807255329	e8a25a42-f125-476c-8554-3ec21cd51a84	ACAD:111899	Fungi	Basidiomycota	Agaricomycetes	Polyporales	Polyporaceae	Lenzites	Lenzites betulinus		SPECIES	Lenzites betulinus (L.) Fr.	Lenzites betulina (L.) Fr.	(L.) Fr.	CA	New Minas	Nova Scotia	PRESENT		6491ad8c-8e49-4bd4-a089-0ddb3bbe0890	45.06961	-64.46366							1951-11-04	4	11	1951	5465199	5465199	PRESERVED_SPECIMEN	Acadia University	ACAD	1564F	1564			CC0_1_0	Acadia University	H, KA			2024-01-25T01:37:06.982Z	StillImage	GEODETIC_DATUM_INVALID;GEODETIC_DATUM_ASSUMED_WGS84;TAXON_MATCH_FUZZY;TAXON_MATCH_TAXON_ID_IGNORED;INSTITUTION_MATCH_FUZZY;COLLECTION_MATCH_FUZZY
1807254969	e8a25a42-f125-476c-8554-3ec21cd51a84	ACAD:111700	Fungi	Basidiomycota	Agaricomycetes	Polyporales	Polyporaceae	Lenzites	Lenzites betulinus		SPECIES	Lenzites betulinus (L.) Fr.	Lenzites betulina (L.) Fr.	(L.) Fr.	CA	Kentville	Nova Scotia	PRESENT		6491ad8c-8e49-4bd4-a089-0ddb3bbe0890	45.07662	-64.49592							1942-03-21	21	3	1942	5465199	5465199	PRESERVED_SPECIMEN	Acadia University	ACAD	1323F	1323			CC0_1_0	Acadia University	L, RM			2024-01-25T01:37:07.095Z	StillImage	GEODETIC_DATUM_INVALID;GEODETIC_DATUM_ASSUMED_WGS84;TAXON_MATCH_FUZZY;TAXON_MATCH_TAXON_ID_IGNORED;INSTITUTION_MATCH_FUZZY;COLLECTION_MATCH_FUZZY
1701558147	39bd4817-9530-4341-a918-4f16b8db1419	UdeM:CMMF:Blitz2017:132	Fungi	Basidiomycota	Agaricomycetes	Polyporales	Polyporaceae	Lenzites	Lenzites betulinus		SPECIES	Trametes betulina (L.) Pilát	Trametes betulina (L.: Fr.) Pilát, 1939	(L.: Fr.) Pilát, 1939	CA	Parc des Chutes de Sainte-Ursule	Québec	PRESENT		ff7bd5db-b724-4932-b496-10ea298851f9	46.300422	-73.094321	500.0						2017-08-09	9	8	2017	5954508	5465199	HUMAN_OBSERVATION	Université de Montréal Biodiversity Centre	CMMF			Raymond Archambault et Joseph Nuzzolese	2017-08-09T00:00:00	CC0_1_0		IRBV's graduate students			2024-01-24T17:29:10.702Z		
1412708306	21705170-d2b6-42de-8904-c3bca4b83591	CMMF016792	Fungi	Basidiomycota	Agaricomycetes	Polyporales	Polyporaceae	Lenzites	Lenzites betulinus		SPECIES	Lenzites betulinus (L.) Fr.	Lenzites betulina (L.) Fr.	(L.) Fr.	CA	Sainte-Foy, Québec.	Québec	PRESENT		ff7bd5db-b724-4932-b496-10ea298851f9	46.780042	-71.374844	9000.0						1975-11-25	25	11	1975	5465199	5465199	PRESERVED_SPECIMEN	Université de Montréal Biodiversity Centre	CMMF	CMMF016792		Sirard, Léas		CC0_1_0	Université de Montréal Biodiversity Centre	Sirard, Léas			2024-01-24T16:38:19.381Z		TAXON_MATCH_FUZZY;INSTITUTION_MATCH_FUZZY;COLLECTION_MATCH_FUZZY;DIFFERENT_OWNER_INSTITUTION
1412708303	21705170-d2b6-42de-8904-c3bca4b83591	CMMF016770	Fungi	Basidiomycota	Agaricomycetes	Polyporales	Polyporaceae	Lenzites	Lenzites betulinus		SPECIES	Lenzites betulinus (L.) Fr.	Lenzites betulina (L.) Fr.	(L.) Fr.	CA	Inverness, Québec.	Québec	PRESENT		ff7bd5db-b724-4932-b496-10ea298851f9	46.25	-71.516667	13000.0						1986-08-24	24	8	1986	5465199	5465199	PRESERVED_SPECIMEN	Université de Montréal Biodiversity Centre	CMMF	CMMF016770		Sirard, Léas		CC0_1_0	Université de Montréal Biodiversity Centre	Sirard, Léas			2024-01-24T16:38:19.366Z		TAXON_MATCH_FUZZY;INSTITUTION_MATCH_FUZZY;COLLECTION_MATCH_FUZZY;DIFFERENT_OWNER_INSTITUTION
1412708297	21705170-d2b6-42de-8904-c3bca4b83591	CMMF016791	Fungi	Basidiomycota	Agaricomycetes	Polyporales	Polyporaceae	Lenzites	Lenzites betulinus		SPECIES	Lenzites betulinus (L.) Fr.	Lenzites betulina (L.) Fr.	(L.) Fr.	CA	Saint-Denis de Kamouraska, Québec.	Québec	PRESENT		ff7bd5db-b724-4932-b496-10ea298851f9	47.478368	-69.912172	6000.0						1973-10-25	25	10	1973	5465199	5465199	PRESERVED_SPECIMEN	Université de Montréal Biodiversity Centre	CMMF	CMMF016791		Sirard, Léas		CC0_1_0	Université de Montréal Biodiversity Centre	Sirard, Léas			2024-01-24T16:38:19.379Z		TAXON_MATCH_FUZZY;INSTITUTION_MATCH_FUZZY;COLLECTION_MATCH_FUZZY;DIFFERENT_OWNER_INSTITUTION
1412708280	21705170-d2b6-42de-8904-c3bca4b83591	CMMF016749	Fungi	Basidiomycota	Agaricomycetes	Polyporales	Polyporaceae	Lenzites	Lenzites betulinus		SPECIES	Lenzites betulinus (L.) Fr.	Lenzites betulina (L.) Fr.	(L.) Fr.	CA	Sainte-Marie, Beauce, Québec.	Québec	PRESENT		ff7bd5db-b724-4932-b496-10ea298851f9	46.436281	-71.020388	8000.0						1970-10-31	31	10	1970	5465199	5465199	PRESERVED_SPECIMEN	Université de Montréal Biodiversity Centre	CMMF	CMMF016749		Sirard, Léas		CC0_1_0	Université de Montréal Biodiversity Centre	Sirard, Léas			2024-01-24T16:38:19.898Z		TAXON_MATCH_FUZZY;INSTITUTION_MATCH_FUZZY;COLLECTION_MATCH_FUZZY;DIFFERENT_OWNER_INSTITUTION
1412708278	21705170-d2b6-42de-8904-c3bca4b83591	CMMF016747	Fungi	Basidiomycota	Agaricomycetes	Polyporales	Polyporaceae	Lenzites	Lenzites betulinus		SPECIES	Lenzites betulinus (L.) Fr.	Lenzites betulina (L.) Fr.	(L.) Fr.	CA	Montmagny, Québec.	Québec	PRESENT		ff7bd5db-b724-4932-b496-10ea298851f9	46.980077	-70.556636	20000.0						1987-09		9	1987	5465199	5465199	PRESERVED_SPECIMEN	Université de Montréal Biodiversity Centre	CMMF	CMMF016747		Boulet, Bruno		CC0_1_0	Université de Montréal Biodiversity Centre	Boulet, Bruno			2024-01-24T16:38:19.921Z		TAXON_MATCH_FUZZY;INSTITUTION_MATCH_FUZZY;COLLECTION_MATCH_FUZZY;DIFFERENT_OWNER_INSTITUTION
1412708240	21705170-d2b6-42de-8904-c3bca4b83591	CMMF016753	Fungi	Basidiomycota	Agaricomycetes	Polyporales	Polyporaceae	Lenzites	Lenzites betulinus		SPECIES	Lenzites betulinus (L.) Fr.	Lenzites betulina (L.) Fr.	(L.) Fr.	CA	Lac Archambault, Saint-Donat, Québec.	Québec	PRESENT		ff7bd5db-b724-4932-b496-10ea298851f9	46.302778	-74.248889	10000.0						2000-09		9	2000	5465199	5465199	PRESERVED_SPECIMEN	Université de Montréal Biodiversity Centre	CMMF	CMMF016753		Boulet, Bruno		CC0_1_0	Université de Montréal Biodiversity Centre	Boulet, Bruno			2024-01-24T16:38:19.889Z		TAXON_MATCH_FUZZY;INSTITUTION_MATCH_FUZZY;COLLECTION_MATCH_FUZZY;DIFFERENT_OWNER_INSTITUTION
1412707194	21705170-d2b6-42de-8904-c3bca4b83591	CMMF015690	Fungi	Basidiomycota	Agaricomycetes	Polyporales	Polyporaceae	Lenzites	Lenzites betulinus		SPECIES	Lenzites betulinus (L.) Fr.	Lenzites betulina (L.) Fr.	(L.) Fr.	CA	Mont Orford, Québec.	Québec	PRESENT		ff7bd5db-b724-4932-b496-10ea298851f9	45.340394	-72.208677	6500.0						1998-09-05	5	9	1998	5465199	5465199	PRESERVED_SPECIMEN	Université de Montréal Biodiversity Centre	CMMF	CMMF015690	1223	Guérin, Gérard		CC0_1_0	Université de Montréal Biodiversity Centre	Guérin, Gérard			2024-01-24T16:38:16.474Z	StillImage	TAXON_MATCH_FUZZY;INSTITUTION_MATCH_FUZZY;COLLECTION_MATCH_FUZZY;DIFFERENT_OWNER_INSTITUTION
1412706889	21705170-d2b6-42de-8904-c3bca4b83591	CMMF015344	Fungi	Basidiomycota	Agaricomycetes	Polyporales	Polyporaceae	Lenzites	Lenzites betulinus		SPECIES	Lenzites betulinus (L.) Fr.	Lenzites betulina (L.) Fr.	(L.) Fr.	CA	Chemin (non sentier) menant à la croix, LaBaie, Québec.	Québec	PRESENT		ff7bd5db-b724-4932-b496-10ea298851f9	48.354817	-70.849649	1500.0						1994-10-08	8	10	1994	5465199	5465199	PRESERVED_SPECIMEN	Université de Montréal Biodiversity Centre	CMMF	CMMF015344	832	Guérin, Gérard		CC0_1_0	Université de Montréal Biodiversity Centre	Guérin, Gérard			2024-01-24T16:38:17.074Z	StillImage	TAXON_MATCH_FUZZY;INSTITUTION_MATCH_FUZZY;COLLECTION_MATCH_FUZZY;DIFFERENT_OWNER_INSTITUTION
1412703472	21705170-d2b6-42de-8904-c3bca4b83591	CMMF012395	Fungi	Basidiomycota	Agaricomycetes	Polyporales	Polyporaceae	Lenzites	Lenzites betulinus		SPECIES	Lenzites betulinus (L.) Fr.	Lenzites betulinus (L.) Fr.	(L.) Fr.	CA	Granby, Québec.	Québec	PRESENT		ff7bd5db-b724-4932-b496-10ea298851f9	45.4	-72.733333	5000.0						1946-10-01	1	10	1946	5465199	5465199	PRESERVED_SPECIMEN	Université de Montréal Biodiversity Centre	CMMF	CMMF012395	634	Macrae, R.		CC0_1_0	Université de Montréal Biodiversity Centre	Fabius, Fr.			2024-01-24T16:38:20.847Z		INSTITUTION_MATCH_FUZZY;COLLECTION_MATCH_FUZZY;DIFFERENT_OWNER_INSTITUTION
1135070600	21705170-d2b6-42de-8904-c3bca4b83591	CMMF009139	Fungi	Basidiomycota	Agaricomycetes	Polyporales	Polyporaceae	Lenzites	Lenzites betulinus		SPECIES	Lenzites betulinus (L.) Fr.	Lenzites betulinus (L.) Fr.	(L.) Fr.	CA	Charlesbourg Ouest, Québec.	Québec	PRESENT		ff7bd5db-b724-4932-b496-10ea298851f9	46.91969	-71.322285	4200.0						2006-09-04	4	9	2006	5465199	5465199	PRESERVED_SPECIMEN	Université de Montréal Biodiversity Centre	CMMF	CMMF009139	723	Labrecque, Jacqueline		CC0_1_0	Université de Montréal Biodiversity Centre	Labrecque, Jacqueline			2024-01-24T16:38:20.252Z		INSTITUTION_MATCH_FUZZY;COLLECTION_MATCH_FUZZY;DIFFERENT_OWNER_INSTITUTION
1135070298	21705170-d2b6-42de-8904-c3bca4b83591	CMMF008869	Fungi	Basidiomycota	Agaricomycetes	Polyporales	Polyporaceae	Lenzites	Lenzites betulinus		SPECIES	Lenzites betulinus (L.) Fr.	Lenzites betulinus (L.) Fr.	(L.) Fr.	CA	Château Bigot, Québec.	Québec	PRESENT		ff7bd5db-b724-4932-b496-10ea298851f9	46.898375	-71.266801	2000.0						2006-08-03	3	8	2006	5465199	5465199	PRESERVED_SPECIMEN	Université de Montréal Biodiversity Centre	CMMF	CMMF008869	452	Labrecque, Jacqueline		CC0_1_0	Université de Montréal Biodiversity Centre	Labrecque, Jacqueline			2024-01-24T16:38:18.878Z	StillImage	INSTITUTION_MATCH_FUZZY;COLLECTION_MATCH_FUZZY;DIFFERENT_OWNER_INSTITUTION
1135068482	21705170-d2b6-42de-8904-c3bca4b83591	CMMF006989	Fungi	Basidiomycota	Agaricomycetes	Polyporales	Polyporaceae	Lenzites	Lenzites betulinus		SPECIES	Lenzites betulinus (L.) Fr.	Lenzites betulinus (L.) Fr.	(L.) Fr.	CA	Lachute	Québec	PRESENT		ff7bd5db-b724-4932-b496-10ea298851f9	45.66275	-74.241983	100.0						2005-10-29	29	10	2005	5465199	5465199	PRESERVED_SPECIMEN	Université de Montréal Biodiversity Centre	CMMF	CMMF006989	Inexistant	McNeil, Raymond		CC0_1_0	Université de Montréal Biodiversity Centre	McNeil, Raymond			2024-01-24T16:38:19.609Z	StillImage	COORDINATE_ROUNDED;INSTITUTION_MATCH_FUZZY;COLLECTION_MATCH_FUZZY;DIFFERENT_OWNER_INSTITUTION
1135067235	21705170-d2b6-42de-8904-c3bca4b83591	CMMF005789	Fungi	Basidiomycota	Agaricomycetes	Polyporales	Polyporaceae	Lenzites	Lenzites betulinus		SPECIES	Lenzites betulinus (L.) Fr.	Lenzites betulinus (L.) Fr.	(L.) Fr.	CA	Châteauguay (Centre écologique Fernand-Seguin)	Québec	PRESENT		ff7bd5db-b724-4932-b496-10ea298851f9	45.33983	-73.773917	100.0						2009-09-03	3	9	2009	5465199	5465199	PRESERVED_SPECIMEN	Université de Montréal Biodiversity Centre	CMMF	CMMF005789	C3550	McNeil, Raymond		CC0_1_0	Université de Montréal Biodiversity Centre	McNeil, Raymond			2024-01-24T16:38:16.716Z	StillImage	COORDINATE_ROUNDED;INSTITUTION_MATCH_FUZZY;COLLECTION_MATCH_FUZZY;DIFFERENT_OWNER_INSTITUTION
1024559021	21705170-d2b6-42de-8904-c3bca4b83591	CMMF004617	Fungi	Basidiomycota	Agaricomycetes	Polyporales	Polyporaceae	Lenzites	Lenzites betulinus		SPECIES	Lenzites betulinus (L.) Fr.	Lenzites betulinus (L.) Fr.	(L.) Fr.	CA	Réserve écologique du Boisé-des-Muir, Hinchinbrooke.	Québec	PRESENT		ff7bd5db-b724-4932-b496-10ea298851f9	45.085369	-74.116212	10.0						2012-10-16	16	10	2012	5465199	5465199	PRESERVED_SPECIMEN	Université de Montréal Biodiversity Centre	CMMF	CMMF004617	669	Langlois, Annabelle		CC0_1_0	Université de Montréal Biodiversity Centre	Langlois, Annabelle; Turgon, Jean-Pierre			2024-01-24T16:38:19.757Z		INSTITUTION_MATCH_FUZZY;COLLECTION_MATCH_FUZZY;DIFFERENT_OWNER_INSTITUTION
