gbifID	datasetKey	occurrenceID	kingdom	phylum	class	order	family	genus	species	infraspecificEpithet	taxonRank	scientificName	verbatimScientificName	verbatimScientificNameAuthorship	countryCode	locality	stateProvince	occurrenceStatus	individualCount	publishingOrgKey	decimalLatitude	decimalLongitude	coordinateUncertaintyInMeters	coordinatePrecision	elevation	elevationAccuracy	depth	depthAccuracy	eventDate	day	month	year	taxonKey	speciesKey	basisOfRecord	institutionCode	collectionCode	catalogNumber	recordNumber	identifiedBy	dateIdentified	license	rightsHolder	recordedBy	typeStatus	establishmentMeans	lastInterpreted	mediaType	issue
617555435	21705170-d2b6-42de-8904-c3bca4b83591	CMMF000808	Fungi	Basidiomycota	Agaricomycetes	Agaricales	Strophariaceae	Hypholoma	Hypholoma lateritium		SPECIES	Hypholoma sublateritium (Fr.) Quél.	Hypholoma sublateritium (Fr.) Quél.	(Fr.) Quél.	CA	Laval	Québec	PRESENT		ff7bd5db-b724-4932-b496-10ea298851f9	45.609608	-73.705867	17500.0						1989-09-18	18	9	1989	8614542	2533424	PRESERVED_SPECIMEN	Université de Montréal Biodiversity Centre	CMMF	CMMF000808		Lamoureux, Yves		CC0_1_0	Université de Montréal Biodiversity Centre	Lamoureux, Yves			2024-01-24T16:38:21.551Z	StillImage	INSTITUTION_MATCH_FUZZY;COLLECTION_MATCH_FUZZY;DIFFERENT_OWNER_INSTITUTION
617553743	21705170-d2b6-42de-8904-c3bca4b83591	CMMF000374	Fungi	Basidiomycota	Agaricomycetes	Agaricales	Strophariaceae	Hypholoma	Hypholoma lateritium		SPECIES	Hypholoma sublateritium (Fr.) Quél.	Hypholoma sublateritium (Fr.) Quél.	(Fr.) Quél.	CA	Lachute	Québec	PRESENT		ff7bd5db-b724-4932-b496-10ea298851f9	45.664878	-74.292134	8500.0						1988-09-21	21	9	1988	8614542	2533424	PRESERVED_SPECIMEN	Université de Montréal Biodiversity Centre	CMMF	CMMF000374		Lamoureux, Yves		CC0_1_0	Université de Montréal Biodiversity Centre	Lamoureux, Yves			2024-01-24T16:38:20.813Z	StillImage	INSTITUTION_MATCH_FUZZY;COLLECTION_MATCH_FUZZY;DIFFERENT_OWNER_INSTITUTION
617552758	21705170-d2b6-42de-8904-c3bca4b83591	CMMF003301	Fungi	Basidiomycota	Agaricomycetes	Agaricales	Strophariaceae	Hypholoma	Hypholoma lateritium		SPECIES	Hypholoma sublateritium (Fr.) Quél.	Hypholoma sublateritium (Fr.) Quél.	(Fr.) Quél.	CA	Montréal	Québec	PRESENT		ff7bd5db-b724-4932-b496-10ea298851f9	45.509625	-73.662984	25000.0						1998-10-04	4	10	1998	8614542	2533424	PRESERVED_SPECIMEN	Université de Montréal Biodiversity Centre	CMMF	CMMF003301		Lamoureux, Yves		CC0_1_0	Université de Montréal Biodiversity Centre	Lamoureux, Yves			2024-01-24T16:38:16.931Z	StillImage	INSTITUTION_MATCH_FUZZY;COLLECTION_MATCH_FUZZY;DIFFERENT_OWNER_INSTITUTION
4994136334	50c9509d-22c7-4a22-a47d-8c48425ef4a7	https://www.inaturalist.org/observations/94591991	Fungi	Basidiomycota	Agaricomycetes	Agaricales	Strophariaceae	Hypholoma	Hypholoma lateritium		SPECIES	Hypholoma lateritium (Schaeff.) P.Kumm.	Hypholoma lateritium		CA		New Brunswick	PRESENT		28eb1a3f-1c15-4a95-931a-4af90ecb574d	45.70838	-65.802208	4.0						2021-09-10T11:35:25	10	9	2021	2533424	2533424	HUMAN_OBSERVATION	iNaturalist	Observations	94591991		Raymonde G Chartier	2021-09-12T18:13:28	CC_BY_4_0	Houston Porter	Houston Porter			2025-01-14T13:11:21.865Z	StillImage	COORDINATE_ROUNDED;CONTINENT_DERIVED_FROM_COORDINATES;TAXON_MATCH_TAXON_ID_IGNORED
4993837753	50c9509d-22c7-4a22-a47d-8c48425ef4a7	https://www.inaturalist.org/observations/254585010	Fungi	Basidiomycota	Agaricomycetes	Agaricales	Strophariaceae	Hypholoma	Hypholoma lateritium		SPECIES	Hypholoma lateritium (Schaeff.) P.Kumm.	Hypholoma lateritium		CA		Québec	PRESENT		28eb1a3f-1c15-4a95-931a-4af90ecb574d	46.741541	-71.386817	7.0						2024-10-01T08:30:20	1	10	2024	2533424	2533424	HUMAN_OBSERVATION	iNaturalist	Observations	254585010		Camille Boucher	2024-12-09T03:18:10	CC_BY_NC_4_0	Camille Boucher	Camille Boucher			2025-01-14T13:45:26.310Z	StillImage	COORDINATE_ROUNDED;CONTINENT_DERIVED_FROM_COORDINATES;TAXON_MATCH_TAXON_ID_IGNORED
4982020229	50c9509d-22c7-4a22-a47d-8c48425ef4a7	https://www.inaturalist.org/observations/252296451	Fungi	Basidiomycota	Agaricomycetes	Agaricales	Strophariaceae	Hypholoma	Hypholoma lateritium		SPECIES	Hypholoma lateritium (Schaeff.) P.Kumm.	Hypholoma lateritium		CA		New Brunswick	PRESENT		28eb1a3f-1c15-4a95-931a-4af90ecb574d	45.131904	-66.480419							2024-11-11T13:36	11	11	2024	2533424	2533424	HUMAN_OBSERVATION	iNaturalist	Observations	252296451		David Malloch	2024-11-19T17:49:19	CC_BY_NC_4_0	David Malloch	David Malloch			2025-01-14T13:45:09.448Z	StillImage	CONTINENT_DERIVED_FROM_COORDINATES;TAXON_MATCH_TAXON_ID_IGNORED
4978465277	50c9509d-22c7-4a22-a47d-8c48425ef4a7	https://www.inaturalist.org/observations/249915164	Fungi	Basidiomycota	Agaricomycetes	Agaricales	Strophariaceae	Hypholoma	Hypholoma lateritium		SPECIES	Hypholoma lateritium (Schaeff.) P.Kumm.	Hypholoma lateritium		CA		Ontario	PRESENT		28eb1a3f-1c15-4a95-931a-4af90ecb574d	45.096536	-78.730386	6.0						2024-10-13T12:55	13	10	2024	2533424	2533424	HUMAN_OBSERVATION	iNaturalist	Observations	249915164		pes_c515	2024-10-31T18:37:44	CC_BY_NC_4_0	pes_c515	pes_c515			2025-01-14T13:44:52.795Z	StillImage	COORDINATE_ROUNDED;CONTINENT_DERIVED_FROM_COORDINATES;TAXON_MATCH_TAXON_ID_IGNORED
4978447784	50c9509d-22c7-4a22-a47d-8c48425ef4a7	https://www.inaturalist.org/observations/249915112	Fungi	Basidiomycota	Agaricomycetes	Agaricales	Strophariaceae	Hypholoma	Hypholoma lateritium		SPECIES	Hypholoma lateritium (Schaeff.) P.Kumm.	Hypholoma lateritium		CA		Ontario	PRESENT		28eb1a3f-1c15-4a95-931a-4af90ecb574d	45.096478	-78.730217	5.0						2024-10-13T12:51	13	10	2024	2533424	2533424	HUMAN_OBSERVATION	iNaturalist	Observations	249915112		pes_c515	2024-10-31T18:37:09	CC_BY_NC_4_0	pes_c515	pes_c515			2025-01-14T13:44:14.423Z	StillImage	COORDINATE_ROUNDED;CONTINENT_DERIVED_FROM_COORDINATES;TAXON_MATCH_TAXON_ID_IGNORED
4976357851	50c9509d-22c7-4a22-a47d-8c48425ef4a7	https://www.inaturalist.org/observations/249319942	Fungi	Basidiomycota	Agaricomycetes	Agaricales	Strophariaceae	Hypholoma	Hypholoma lateritium		SPECIES	Hypholoma lateritium (Schaeff.) P.Kumm.	Hypholoma lateritium		CA		Québec	PRESENT		28eb1a3f-1c15-4a95-931a-4af90ecb574d	46.43192	-74.317138	46250.0						2024-09-12T12:35	12	9	2024	2533424	2533424	HUMAN_OBSERVATION	iNaturalist	Observations	249319942		mlfabiani	2024-10-27T13:27:33	CC_BY_NC_4_0	mlfabiani	mlfabiani			2025-01-14T13:44:33.357Z	StillImage	COORDINATE_ROUNDED;CONTINENT_DERIVED_FROM_COORDINATES;TAXON_MATCH_TAXON_ID_IGNORED
4974157400	50c9509d-22c7-4a22-a47d-8c48425ef4a7	https://www.inaturalist.org/observations/248171978	Fungi	Basidiomycota	Agaricomycetes	Agaricales	Strophariaceae	Hypholoma	Hypholoma lateritium		SPECIES	Hypholoma lateritium (Schaeff.) P.Kumm.	Hypholoma lateritium		CA		Prince Edward Island	PRESENT		28eb1a3f-1c15-4a95-931a-4af90ecb574d	46.69627	-64.169412	3.0						2024-10-19T15:45:27	19	10	2024	2533424	2533424	HUMAN_OBSERVATION	iNaturalist	Observations	248171978		Jessika Gauvin	2024-10-20T04:05:42	CC_BY_NC_4_0	Emma Ladouceur	Emma Ladouceur			2025-01-14T12:58:12.565Z	StillImage	COORDINATE_ROUNDED;CONTINENT_DERIVED_FROM_COORDINATES;TAXON_MATCH_TAXON_ID_IGNORED
4973982789	50c9509d-22c7-4a22-a47d-8c48425ef4a7	https://www.inaturalist.org/observations/248528966	Fungi	Basidiomycota	Agaricomycetes	Agaricales	Strophariaceae	Hypholoma	Hypholoma lateritium		SPECIES	Hypholoma lateritium (Schaeff.) P.Kumm.	Hypholoma lateritium		CA		Ontario	PRESENT		28eb1a3f-1c15-4a95-931a-4af90ecb574d	45.348683	-75.565711	8.0						2024-10-21T12:30:24	21	10	2024	2533424	2533424	HUMAN_OBSERVATION	iNaturalist	Observations	248528966		Igor Khomenko	2024-10-22T00:31:44	CC_BY_NC_4_0	Igor Khomenko	Igor Khomenko			2025-01-14T12:58:44.208Z	StillImage	COORDINATE_ROUNDED;CONTINENT_DERIVED_FROM_COORDINATES;TAXON_MATCH_TAXON_ID_IGNORED
4973963205	50c9509d-22c7-4a22-a47d-8c48425ef4a7	https://www.inaturalist.org/observations/137669425	Fungi	Basidiomycota	Agaricomycetes	Agaricales	Strophariaceae	Hypholoma	Hypholoma lateritium		SPECIES	Hypholoma lateritium (Schaeff.) P.Kumm.	Hypholoma lateritium		CA		Prince Edward Island	PRESENT		28eb1a3f-1c15-4a95-931a-4af90ecb574d	46.636495	-64.382709	10.0						2022-10-05T11:39:39	5	10	2022	2533424	2533424	HUMAN_OBSERVATION	iNaturalist	Observations	137669425		Jessika Gauvin	2024-10-23T00:50:47	CC_BY_NC_4_0	Julie-Lynn Zahavich	Julie-Lynn Zahavich			2025-01-14T12:31:48.548Z	StillImage	COORDINATE_ROUNDED;CONTINENT_DERIVED_FROM_COORDINATES;TAXON_MATCH_TAXON_ID_IGNORED
4973806701	50c9509d-22c7-4a22-a47d-8c48425ef4a7	https://www.inaturalist.org/observations/248259264	Fungi	Basidiomycota	Agaricomycetes	Agaricales	Strophariaceae	Hypholoma	Hypholoma lateritium		SPECIES	Hypholoma lateritium (Schaeff.) P.Kumm.	Hypholoma lateritium		CA		Québec	PRESENT		28eb1a3f-1c15-4a95-931a-4af90ecb574d	46.272912	-74.541717	4.0						2024-10-19T15:24:34	19	10	2024	2533424	2533424	HUMAN_OBSERVATION	iNaturalist	Observations	248259264		doncheach	2024-10-20T13:17:31	CC_BY_NC_4_0	doncheach	doncheach			2025-01-14T13:44:06.441Z	StillImage	COORDINATE_ROUNDED;CONTINENT_DERIVED_FROM_COORDINATES;TAXON_MATCH_TAXON_ID_IGNORED
4954362696	50c9509d-22c7-4a22-a47d-8c48425ef4a7	https://www.inaturalist.org/observations/246834932	Fungi	Basidiomycota	Agaricomycetes	Agaricales	Strophariaceae	Hypholoma	Hypholoma lateritium		SPECIES	Hypholoma lateritium (Schaeff.) P.Kumm.	Hypholoma lateritium		CA		Ontario	PRESENT		28eb1a3f-1c15-4a95-931a-4af90ecb574d	45.405632	-75.54391							2024-10-11T14:07	11	10	2024	2533424	2533424	HUMAN_OBSERVATION	iNaturalist	Observations	246834932		Igor Khomenko	2024-10-11T21:47:26	CC_BY_NC_4_0	Igor Khomenko	Igor Khomenko			2025-01-14T13:43:46.911Z	StillImage	COORDINATE_ROUNDED;CONTINENT_DERIVED_FROM_COORDINATES;TAXON_MATCH_TAXON_ID_IGNORED
4953037071	50c9509d-22c7-4a22-a47d-8c48425ef4a7	https://www.inaturalist.org/observations/244231265	Fungi	Basidiomycota	Agaricomycetes	Agaricales	Strophariaceae	Hypholoma	Hypholoma lateritium		SPECIES	Hypholoma lateritium (Schaeff.) P.Kumm.	Hypholoma lateritium		CA		Québec	PRESENT		28eb1a3f-1c15-4a95-931a-4af90ecb574d	45.872811	-76.4339	501.0						2024-09-22T14:28	22	9	2024	2533424	2533424	HUMAN_OBSERVATION	iNaturalist	Observations	244231265		L Joan Heyding	2024-09-27T01:10:41	CC_BY_NC_4_0	L Joan Heyding	L Joan Heyding			2025-01-14T12:54:20.235Z	StillImage	COORDINATE_ROUNDED;CONTINENT_DERIVED_FROM_COORDINATES;TAXON_MATCH_TAXON_ID_IGNORED
4952335729	50c9509d-22c7-4a22-a47d-8c48425ef4a7	https://www.inaturalist.org/observations/244491756	Fungi	Basidiomycota	Agaricomycetes	Agaricales	Strophariaceae	Hypholoma	Hypholoma lateritium		SPECIES	Hypholoma lateritium (Schaeff.) P.Kumm.	Hypholoma lateritium		CA		Québec	PRESENT		28eb1a3f-1c15-4a95-931a-4af90ecb574d	45.925872	-74.021186	8.0						2024-09-28T10:15:40	28	9	2024	2533424	2533424	HUMAN_OBSERVATION	iNaturalist	Observations	244491756		timfoster	2024-09-28T14:18:47	CC_BY_NC_4_0	timfoster	timfoster			2025-01-14T13:40:55.789Z	StillImage	COORDINATE_ROUNDED;CONTINENT_DERIVED_FROM_COORDINATES;TAXON_MATCH_TAXON_ID_IGNORED
4950289986	50c9509d-22c7-4a22-a47d-8c48425ef4a7	https://www.inaturalist.org/observations/242587983	Fungi	Basidiomycota	Agaricomycetes	Agaricales	Strophariaceae	Hypholoma	Hypholoma lateritium		SPECIES	Hypholoma lateritium (Schaeff.) P.Kumm.	Hypholoma lateritium		CA		Québec	PRESENT		28eb1a3f-1c15-4a95-931a-4af90ecb574d	45.872811	-76.4339	501.0						2024-09-14T15:13	14	9	2024	2533424	2533424	HUMAN_OBSERVATION	iNaturalist	Observations	242587983		L Joan Heyding	2024-09-19T00:02:38	CC_BY_NC_4_0	L Joan Heyding	L Joan Heyding			2025-01-14T13:37:33.149Z	StillImage	COORDINATE_ROUNDED;CONTINENT_DERIVED_FROM_COORDINATES;TAXON_MATCH_TAXON_ID_IGNORED
4946493910	50c9509d-22c7-4a22-a47d-8c48425ef4a7	https://www.inaturalist.org/observations/239708179	Fungi	Basidiomycota	Agaricomycetes	Agaricales	Strophariaceae	Hypholoma	Hypholoma lateritium		SPECIES	Hypholoma lateritium (Schaeff.) P.Kumm.	Hypholoma lateritium		CA		Québec	PRESENT		28eb1a3f-1c15-4a95-931a-4af90ecb574d	46.770808	-71.174133	3.0						2024-09-01T14:31:21	1	9	2024	2533424	2533424	HUMAN_OBSERVATION	iNaturalist	Observations	239708179		shatov	2024-09-03T23:54:23	CC_BY_NC_4_0	shatov	shatov			2025-01-14T12:57:54.007Z	StillImage	COORDINATE_ROUNDED;CONTINENT_DERIVED_FROM_COORDINATES;TAXON_MATCH_TAXON_ID_IGNORED
4946189719	50c9509d-22c7-4a22-a47d-8c48425ef4a7	https://www.inaturalist.org/observations/242315369	Fungi	Basidiomycota	Agaricomycetes	Agaricales	Strophariaceae	Hypholoma	Hypholoma lateritium		SPECIES	Hypholoma lateritium (Schaeff.) P.Kumm.	Hypholoma lateritium		CA		New Brunswick	PRESENT		28eb1a3f-1c15-4a95-931a-4af90ecb574d	45.29457	-66.033669	180.0						2024-09-17T10:10:55	17	9	2024	2533424	2533424	HUMAN_OBSERVATION	iNaturalist	Observations	242315369		Toni Doucette	2024-09-17T16:38:10	CC_BY_NC_4_0	Toni Doucette	Toni Doucette			2025-01-14T12:54:17.436Z	StillImage	COORDINATE_ROUNDED;CONTINENT_DERIVED_FROM_COORDINATES;TAXON_MATCH_TAXON_ID_IGNORED
4946031951	50c9509d-22c7-4a22-a47d-8c48425ef4a7	https://www.inaturalist.org/observations/242020596	Fungi	Basidiomycota	Agaricomycetes	Agaricales	Strophariaceae	Hypholoma	Hypholoma lateritium		SPECIES	Hypholoma lateritium (Schaeff.) P.Kumm.	Hypholoma lateritium		CA		Québec	PRESENT		28eb1a3f-1c15-4a95-931a-4af90ecb574d	45.675652	-73.780724	10.0						2024-09-15T23:07:17	15	9	2024	2533424	2533424	HUMAN_OBSERVATION	iNaturalist	Observations	242020596		paruline	2024-09-16T03:10:08	CC_BY_NC_4_0	paruline	paruline			2025-01-14T12:54:27.821Z	StillImage	COORDINATE_ROUNDED;CONTINENT_DERIVED_FROM_COORDINATES;TAXON_MATCH_TAXON_ID_IGNORED
4945933115	50c9509d-22c7-4a22-a47d-8c48425ef4a7	https://www.inaturalist.org/observations/240627932	Fungi	Basidiomycota	Agaricomycetes	Agaricales	Strophariaceae	Hypholoma	Hypholoma lateritium		SPECIES	Hypholoma lateritium (Schaeff.) P.Kumm.	Hypholoma lateritium		CA		Québec	PRESENT		28eb1a3f-1c15-4a95-931a-4af90ecb574d	45.352061	-72.106291							2024-09-08T10:11:45	8	9	2024	2533424	2533424	HUMAN_OBSERVATION	iNaturalist	Observations	240627932		egrenier	2024-09-08T20:50:06	CC_BY_NC_4_0	egrenier	egrenier			2025-01-14T12:54:14.371Z	StillImage	COORDINATE_ROUNDED;CONTINENT_DERIVED_FROM_COORDINATES;TAXON_MATCH_TAXON_ID_IGNORED
4945545467	50c9509d-22c7-4a22-a47d-8c48425ef4a7	https://www.inaturalist.org/observations/240595573	Fungi	Basidiomycota	Agaricomycetes	Agaricales	Strophariaceae	Hypholoma	Hypholoma lateritium		SPECIES	Hypholoma lateritium (Schaeff.) P.Kumm.	Hypholoma lateritium		CA		Québec	PRESENT		28eb1a3f-1c15-4a95-931a-4af90ecb574d	45.721345	-73.210655	1049.0						2024-09-08T14:16:40	8	9	2024	2533424	2533424	HUMAN_OBSERVATION	iNaturalist	Observations	240595573		treewhispereramr	2024-09-08T18:24:25	CC_BY_NC_4_0	treewhispereramr	treewhispereramr			2025-01-14T12:50:40.311Z	StillImage	CONTINENT_DERIVED_FROM_COORDINATES;TAXON_MATCH_TAXON_ID_IGNORED
4607431498	50c9509d-22c7-4a22-a47d-8c48425ef4a7	https://www.inaturalist.org/observations/185850466	Fungi	Basidiomycota	Agaricomycetes	Agaricales	Strophariaceae	Hypholoma	Hypholoma lateritium		SPECIES	Hypholoma lateritium (Schaeff.) P.Kumm.	Hypholoma lateritium		CA		Prince Edward Island	PRESENT		28eb1a3f-1c15-4a95-931a-4af90ecb574d	46.906529	-64.119572	30.0						2023-10-01T12:38	1	10	2023	2533424	2533424	HUMAN_OBSERVATION	iNaturalist	Observations	185850466		Rosemary Curley	2023-10-02T02:45:38	CC_BY_NC_4_0	Rosemary Curley	Rosemary Curley			2025-01-14T13:33:10.849Z	StillImage	COORDINATE_ROUNDED;CONTINENT_DERIVED_FROM_COORDINATES;TAXON_MATCH_TAXON_ID_IGNORED
4458615211	50c9509d-22c7-4a22-a47d-8c48425ef4a7	https://www.inaturalist.org/observations/186543281	Fungi	Basidiomycota	Agaricomycetes	Agaricales	Strophariaceae	Hypholoma	Hypholoma lateritium		SPECIES	Hypholoma lateritium (Schaeff.) P.Kumm.	Hypholoma lateritium		CA		Québec	PRESENT		28eb1a3f-1c15-4a95-931a-4af90ecb574d	45.43262	-73.95677	189.0						2023-10-05T09:35	5	10	2023	2533424	2533424	HUMAN_OBSERVATION	iNaturalist	Observations	186543281		Madz	2023-10-07T14:30:16	CC_BY_NC_4_0	Madz	Madz			2025-01-14T13:33:17.095Z	StillImage	CONTINENT_DERIVED_FROM_COORDINATES;TAXON_MATCH_TAXON_ID_IGNORED
4442696471	50c9509d-22c7-4a22-a47d-8c48425ef4a7	https://www.inaturalist.org/observations/191231530	Fungi	Basidiomycota	Agaricomycetes	Agaricales	Strophariaceae	Hypholoma	Hypholoma lateritium		SPECIES	Hypholoma lateritium (Schaeff.) P.Kumm.	Hypholoma lateritium		CA		Québec	PRESENT		28eb1a3f-1c15-4a95-931a-4af90ecb574d	45.537202	-75.899895	183.0						2023-11-16T12:01	16	11	2023	2533424	2533424	HUMAN_OBSERVATION	iNaturalist	Observations	191231530		L Joan Heyding	2023-11-17T01:56:02	CC_BY_NC_4_0	L Joan Heyding	L Joan Heyding			2025-01-14T12:43:30.032Z	StillImage	COORDINATE_ROUNDED;CONTINENT_DERIVED_FROM_COORDINATES;TAXON_MATCH_TAXON_ID_IGNORED
4438857162	50c9509d-22c7-4a22-a47d-8c48425ef4a7	https://www.inaturalist.org/observations/188890299	Fungi	Basidiomycota	Agaricomycetes	Agaricales	Strophariaceae	Hypholoma	Hypholoma lateritium		SPECIES	Hypholoma lateritium (Schaeff.) P.Kumm.	Hypholoma lateritium		CA		New Brunswick	PRESENT		28eb1a3f-1c15-4a95-931a-4af90ecb574d	45.952169	-66.669404	1468.0						2023-10-19T15:40:41	19	10	2023	2533424	2533424	HUMAN_OBSERVATION	iNaturalist	Observations	188890299		flightmom	2023-10-25T12:57:27	CC_BY_NC_4_0	flightmom	flightmom			2025-01-14T12:42:29.600Z	StillImage	COORDINATE_ROUNDED;CONTINENT_DERIVED_FROM_COORDINATES;TAXON_MATCH_TAXON_ID_IGNORED
4436309464	50c9509d-22c7-4a22-a47d-8c48425ef4a7	https://www.inaturalist.org/observations/189518348	Fungi	Basidiomycota	Agaricomycetes	Agaricales	Strophariaceae	Hypholoma	Hypholoma lateritium		SPECIES	Hypholoma lateritium (Schaeff.) P.Kumm.	Hypholoma lateritium		CA		New Brunswick	PRESENT		28eb1a3f-1c15-4a95-931a-4af90ecb574d	45.982067	-66.753169							2023-10-19T14:34	19	10	2023	2533424	2533424	HUMAN_OBSERVATION	iNaturalist	Observations	189518348		Dwayne Sabine	2023-10-30T23:17:05	CC_BY_NC_4_0	Dwayne Sabine	Dwayne Sabine			2025-01-14T12:43:03.228Z	StillImage	COORDINATE_ROUNDED;CONTINENT_DERIVED_FROM_COORDINATES;TAXON_MATCH_TAXON_ID_IGNORED
4436288832	50c9509d-22c7-4a22-a47d-8c48425ef4a7	https://www.inaturalist.org/observations/189474493	Fungi	Basidiomycota	Agaricomycetes	Agaricales	Strophariaceae	Hypholoma	Hypholoma lateritium		SPECIES	Hypholoma lateritium (Schaeff.) P.Kumm.	Hypholoma lateritium		CA		Québec	PRESENT		28eb1a3f-1c15-4a95-931a-4af90ecb574d	46.463058	-72.370173	272.0						2023-10-29T15:22:18	29	10	2023	2533424	2533424	HUMAN_OBSERVATION	iNaturalist	Observations	189474493		Неруш Владимир	2023-10-30T15:35:07	CC_BY_NC_4_0	Étienne Godin	Étienne Godin			2025-01-14T13:35:08.543Z	StillImage	COORDINATE_ROUNDED;CONTINENT_DERIVED_FROM_COORDINATES;TAXON_MATCH_TAXON_ID_IGNORED
4431215681	50c9509d-22c7-4a22-a47d-8c48425ef4a7	https://www.inaturalist.org/observations/188468545	Fungi	Basidiomycota	Agaricomycetes	Agaricales	Strophariaceae	Hypholoma	Hypholoma lateritium		SPECIES	Hypholoma lateritium (Schaeff.) P.Kumm.	Hypholoma lateritium		CA		New Brunswick	PRESENT		28eb1a3f-1c15-4a95-931a-4af90ecb574d	45.668462	-66.684116	2.0						2023-10-21T13:42	21	10	2023	2533424	2533424	HUMAN_OBSERVATION	iNaturalist	Observations	188468545		oilcanharry	2023-10-22T14:59:53	CC_BY_NC_4_0	oilcanharry	oilcanharry			2025-01-14T12:42:49.617Z	StillImage	COORDINATE_ROUNDED;CONTINENT_DERIVED_FROM_COORDINATES;TAXON_MATCH_TAXON_ID_IGNORED
4431197672	50c9509d-22c7-4a22-a47d-8c48425ef4a7	https://www.inaturalist.org/observations/188433445	Fungi	Basidiomycota	Agaricomycetes	Agaricales	Strophariaceae	Hypholoma	Hypholoma lateritium		SPECIES	Hypholoma lateritium (Schaeff.) P.Kumm.	Hypholoma lateritium		CA		Québec	PRESENT		28eb1a3f-1c15-4a95-931a-4af90ecb574d	46.081825	-73.893692	23.0						2023-10-21T10:53:38	21	10	2023	2533424	2533424	HUMAN_OBSERVATION	iNaturalist	Observations	188433445		Mical	2023-10-21T21:38:00	CC_BY_4_0	Mical	Mical			2025-01-14T12:42:26.656Z	StillImage	COORDINATE_ROUNDED;CONTINENT_DERIVED_FROM_COORDINATES;TAXON_MATCH_TAXON_ID_IGNORED
4431116024	50c9509d-22c7-4a22-a47d-8c48425ef4a7	https://www.inaturalist.org/observations/187837615	Fungi	Basidiomycota	Agaricomycetes	Agaricales	Strophariaceae	Hypholoma	Hypholoma lateritium		SPECIES	Hypholoma lateritium (Schaeff.) P.Kumm.	Hypholoma lateritium		CA		Ontario	PRESENT		28eb1a3f-1c15-4a95-931a-4af90ecb574d	45.358383	-75.598587	6.0						2023-10-16T15:51:17	16	10	2023	2533424	2533424	HUMAN_OBSERVATION	iNaturalist	Observations	187837615		Erin	2023-10-16T23:14:43	CC_BY_NC_4_0	Erin	Erin			2025-01-14T13:34:05.402Z	StillImage	COORDINATE_ROUNDED;CONTINENT_DERIVED_FROM_COORDINATES;TAXON_MATCH_TAXON_ID_IGNORED
4431086150	50c9509d-22c7-4a22-a47d-8c48425ef4a7	https://www.inaturalist.org/observations/187908734	Fungi	Basidiomycota	Agaricomycetes	Agaricales	Strophariaceae	Hypholoma	Hypholoma lateritium		SPECIES	Hypholoma lateritium (Schaeff.) P.Kumm.	Hypholoma lateritium		CA		Québec	PRESENT		28eb1a3f-1c15-4a95-931a-4af90ecb574d	46.712634	-71.317007	768.0						2023-10-01T13:20	1	10	2023	2533424	2533424	HUMAN_OBSERVATION	iNaturalist	Observations	187908734		birderbb	2023-10-17T15:32:07	CC_BY_NC_4_0	birderbb	birderbb			2025-01-14T13:33:23.113Z	StillImage	COORDINATE_ROUNDED;CONTINENT_DERIVED_FROM_COORDINATES;TAXON_MATCH_TAXON_ID_IGNORED
4431060260	50c9509d-22c7-4a22-a47d-8c48425ef4a7	https://www.inaturalist.org/observations/187569592	Fungi	Basidiomycota	Agaricomycetes	Agaricales	Strophariaceae	Hypholoma	Hypholoma lateritium		SPECIES	Hypholoma lateritium (Schaeff.) P.Kumm.	Hypholoma lateritium		CA		Québec	PRESENT		28eb1a3f-1c15-4a95-931a-4af90ecb574d	45.663928	-74.24353	41.0						2023-10-14T10:49:33	14	10	2023	2533424	2533424	HUMAN_OBSERVATION	iNaturalist	Observations	187569592		timfoster	2023-10-15T00:42:41	CC_BY_NC_4_0	timfoster	timfoster			2025-01-14T12:44:31.211Z	StillImage	COORDINATE_ROUNDED;CONTINENT_DERIVED_FROM_COORDINATES;TAXON_MATCH_TAXON_ID_IGNORED
4430686505	50c9509d-22c7-4a22-a47d-8c48425ef4a7	https://www.inaturalist.org/observations/188021060	Fungi	Basidiomycota	Agaricomycetes	Agaricales	Strophariaceae	Hypholoma	Hypholoma lateritium		SPECIES	Hypholoma lateritium (Schaeff.) P.Kumm.	Hypholoma lateritium		CA		Nova Scotia	PRESENT		28eb1a3f-1c15-4a95-931a-4af90ecb574d	45.086083	-64.337741	9.0						2023-10-18T11:04:57	18	10	2023	2533424	2533424	HUMAN_OBSERVATION	iNaturalist	Observations	188021060		Nicolas Schwab	2023-10-18T21:10:23	CC_BY_NC_4_0	eame	eame			2025-01-14T12:41:31.972Z	StillImage	COORDINATE_ROUNDED;CONTINENT_DERIVED_FROM_COORDINATES;TAXON_MATCH_TAXON_ID_IGNORED
4430616927	50c9509d-22c7-4a22-a47d-8c48425ef4a7	https://www.inaturalist.org/observations/187836709	Fungi	Basidiomycota	Agaricomycetes	Agaricales	Strophariaceae	Hypholoma	Hypholoma lateritium		SPECIES	Hypholoma lateritium (Schaeff.) P.Kumm.	Hypholoma lateritium		CA		Québec	PRESENT		28eb1a3f-1c15-4a95-931a-4af90ecb574d	45.907992	-74.064041	365.0						2023-10-14T18:16:53	14	10	2023	2533424	2533424	HUMAN_OBSERVATION	iNaturalist	Observations	187836709		Étienne Godin	2023-10-16T23:03:46	CC_BY_NC_4_0	Étienne Godin	Étienne Godin			2025-01-14T12:43:13.460Z	StillImage	COORDINATE_ROUNDED;CONTINENT_DERIVED_FROM_COORDINATES;TAXON_MATCH_TAXON_ID_IGNORED
4430565727	50c9509d-22c7-4a22-a47d-8c48425ef4a7	https://www.inaturalist.org/observations/187409294	Fungi	Basidiomycota	Agaricomycetes	Agaricales	Strophariaceae	Hypholoma	Hypholoma lateritium		SPECIES	Hypholoma lateritium (Schaeff.) P.Kumm.	Hypholoma lateritium		CA		Québec	PRESENT		28eb1a3f-1c15-4a95-931a-4af90ecb574d	45.358081	-72.228553	64.0						2023-10-09T13:15	9	10	2023	2533424	2533424	HUMAN_OBSERVATION	iNaturalist	Observations	187409294		gabboilard	2023-10-13T20:34:22	CC_BY_NC_4_0	gabboilard	gabboilard			2025-01-14T13:34:55.489Z	StillImage	COORDINATE_ROUNDED;CONTINENT_DERIVED_FROM_COORDINATES;TAXON_MATCH_TAXON_ID_IGNORED
4430427970	50c9509d-22c7-4a22-a47d-8c48425ef4a7	https://www.inaturalist.org/observations/138042024	Fungi	Basidiomycota	Agaricomycetes	Agaricales	Strophariaceae	Hypholoma	Hypholoma lateritium		SPECIES	Hypholoma lateritium (Schaeff.) P.Kumm.	Hypholoma lateritium		CA		Québec	PRESENT		28eb1a3f-1c15-4a95-931a-4af90ecb574d	46.836525	-79.20347	4.0						2022-10-08T11:05:16	8	10	2022	2533424	2533424	HUMAN_OBSERVATION	iNaturalist	Observations	138042024		Jonathan Jensen-Lynch	2023-10-25T14:32:12	CC_BY_NC_4_0	Jonathan Fréchette	Jonathan Fréchette			2025-01-14T13:25:44.570Z	StillImage	CONTINENT_DERIVED_FROM_COORDINATES;TAXON_MATCH_TAXON_ID_IGNORED
4424538639	50c9509d-22c7-4a22-a47d-8c48425ef4a7	https://www.inaturalist.org/observations/186423234	Fungi	Basidiomycota	Agaricomycetes	Agaricales	Strophariaceae	Hypholoma	Hypholoma lateritium		SPECIES	Hypholoma lateritium (Schaeff.) P.Kumm.	Hypholoma lateritium		CA		New Brunswick	PRESENT		28eb1a3f-1c15-4a95-931a-4af90ecb574d	45.949011	-66.676422							2023-10-06T10:29:37	6	10	2023	2533424	2533424	HUMAN_OBSERVATION	iNaturalist	Observations	186423234		Andrew MacPherson	2023-10-06T16:40:31	CC0_1_0	Andrew MacPherson	Andrew MacPherson			2025-01-14T13:34:15.994Z	StillImage	COORDINATE_ROUNDED;CONTINENT_DERIVED_FROM_COORDINATES;TAXON_MATCH_TAXON_ID_IGNORED
4424445249	50c9509d-22c7-4a22-a47d-8c48425ef4a7	https://www.inaturalist.org/observations/186303233	Fungi	Basidiomycota	Agaricomycetes	Agaricales	Strophariaceae	Hypholoma	Hypholoma lateritium		SPECIES	Hypholoma lateritium (Schaeff.) P.Kumm.	Hypholoma lateritium		CA		Québec	PRESENT		28eb1a3f-1c15-4a95-931a-4af90ecb574d	45.535895	-75.870326							2023-10-05T10:40:36	5	10	2023	2533424	2533424	HUMAN_OBSERVATION	iNaturalist	Observations	186303233		Anthony Gaston	2023-10-05T17:19:19	CC_BY_NC_4_0	Anthony Gaston	Anthony Gaston			2025-01-14T13:33:02.084Z	StillImage	COORDINATE_ROUNDED;CONTINENT_DERIVED_FROM_COORDINATES;TAXON_MATCH_TAXON_ID_IGNORED
4424134990	50c9509d-22c7-4a22-a47d-8c48425ef4a7	https://www.inaturalist.org/observations/186583507	Fungi	Basidiomycota	Agaricomycetes	Agaricales	Strophariaceae	Hypholoma	Hypholoma lateritium		SPECIES	Hypholoma lateritium (Schaeff.) P.Kumm.	Hypholoma lateritium		CA		New Brunswick	PRESENT		28eb1a3f-1c15-4a95-931a-4af90ecb574d	46.013325	-66.627219							2023-10-07T11:34:58	7	10	2023	2533424	2533424	HUMAN_OBSERVATION	iNaturalist	Observations	186583507		Andrew MacPherson	2023-10-07T19:12:49	CC0_1_0	Andrew MacPherson	Andrew MacPherson			2025-01-14T13:29:56.955Z	StillImage	COORDINATE_ROUNDED;CONTINENT_DERIVED_FROM_COORDINATES;TAXON_MATCH_TAXON_ID_IGNORED
4407584409	50c9509d-22c7-4a22-a47d-8c48425ef4a7	https://www.inaturalist.org/observations/181248728	Fungi	Basidiomycota	Agaricomycetes	Agaricales	Strophariaceae	Hypholoma	Hypholoma lateritium		SPECIES	Hypholoma lateritium (Schaeff.) P.Kumm.	Hypholoma lateritium		CA		Québec	PRESENT		28eb1a3f-1c15-4a95-931a-4af90ecb574d	45.378783	-71.91475	100.0						2023-09-01T14:48:58	1	9	2023	2533424	2533424	HUMAN_OBSERVATION	iNaturalist	Observations	181248728		gabboilard	2023-09-01T19:53:14	CC_BY_NC_4_0	gabboilard	gabboilard			2025-01-14T12:39:26.976Z	StillImage	COORDINATE_ROUNDED;CONTINENT_DERIVED_FROM_COORDINATES;TAXON_MATCH_TAXON_ID_IGNORED
4407427884	50c9509d-22c7-4a22-a47d-8c48425ef4a7	https://www.inaturalist.org/observations/181548215	Fungi	Basidiomycota	Agaricomycetes	Agaricales	Strophariaceae	Hypholoma	Hypholoma lateritium		SPECIES	Hypholoma lateritium (Schaeff.) P.Kumm.	Hypholoma lateritium		CA		Québec	PRESENT		28eb1a3f-1c15-4a95-931a-4af90ecb574d	47.127344	-70.725944	244.0						2023-09-02T12:49	2	9	2023	2533424	2533424	HUMAN_OBSERVATION	iNaturalist	Observations	181548215		egrenier	2023-09-03T12:54:20	CC_BY_NC_4_0	egrenier	egrenier			2025-01-14T12:42:18.288Z	StillImage	COORDINATE_ROUNDED;CONTINENT_DERIVED_FROM_COORDINATES;TAXON_MATCH_TAXON_ID_IGNORED
4407151279	50c9509d-22c7-4a22-a47d-8c48425ef4a7	https://www.inaturalist.org/observations/181106359	Fungi	Basidiomycota	Agaricomycetes	Agaricales	Strophariaceae	Hypholoma	Hypholoma lateritium		SPECIES	Hypholoma lateritium (Schaeff.) P.Kumm.	Hypholoma lateritium		CA		Québec	PRESENT		28eb1a3f-1c15-4a95-931a-4af90ecb574d	46.925247	-71.303812	4026.0						2023-08-31T15:13:24	31	8	2023	2533424	2533424	HUMAN_OBSERVATION	iNaturalist	Observations	181106359		Nick Bédard	2023-08-31T20:22:46	CC_BY_NC_4_0	Nick Bédard	Nick Bédard			2025-01-14T12:40:41.357Z	StillImage	COORDINATE_ROUNDED;CONTINENT_DERIVED_FROM_COORDINATES;TAXON_MATCH_TAXON_ID_IGNORED
4407078631	50c9509d-22c7-4a22-a47d-8c48425ef4a7	https://www.inaturalist.org/observations/180847853	Fungi	Basidiomycota	Agaricomycetes	Agaricales	Strophariaceae	Hypholoma	Hypholoma lateritium		SPECIES	Hypholoma lateritium (Schaeff.) P.Kumm.	Hypholoma lateritium		CA		Québec	PRESENT		28eb1a3f-1c15-4a95-931a-4af90ecb574d	45.2603	-72.233453	4.0						2023-08-28T18:53:39	28	8	2023	2533424	2533424	HUMAN_OBSERVATION	iNaturalist	Observations	180847853		latulippe	2023-08-30T00:05:20	CC_BY_NC_4_0	latulippe	latulippe			2025-01-14T12:42:12.522Z	StillImage	COORDINATE_ROUNDED;CONTINENT_DERIVED_FROM_COORDINATES;TAXON_MATCH_TAXON_ID_IGNORED
4166293503	695cef75-b65f-4776-b2ed-74565eebb16e	02-01000958937	Fungi	Basidiomycota	Agaricomycetes	Agaricales	Strophariaceae	Hypholoma	Hypholoma lateritium		SPECIES	Hypholoma sublateritium (Fr.) Quél.	Hypholoma sublateritium	(Fr.) Quél.	CA	South Lookout Trail	Ontario	PRESENT		055bd978-2daa-4543-b3f0-44e0e87e86ca	45.575	-78.408333							1974-08-23	23	8	1974	8614542	2533424	PRESERVED_SPECIMEN	AAFC	DAOM	186705		D. Malloch		CC_BY_4_0	©His Majesty the King in Right of Canada, as represented by the Minister of Agriculture and Agri-Food	Paul Johnson			2025-01-12T05:11:16.187Z		GEODETIC_DATUM_ASSUMED_WGS84;CONTINENT_DERIVED_FROM_COORDINATES;TAXON_MATCH_TAXON_ID_IGNORED;INSTITUTION_MATCH_FUZZY
4133838381	50c9509d-22c7-4a22-a47d-8c48425ef4a7	https://www.inaturalist.org/observations/153704692	Fungi	Basidiomycota	Agaricomycetes	Agaricales	Strophariaceae	Hypholoma	Hypholoma lateritium		SPECIES	Hypholoma lateritium (Schaeff.) P.Kumm.	Hypholoma lateritium		CA		Québec	PRESENT		28eb1a3f-1c15-4a95-931a-4af90ecb574d	46.784414	-71.270143	267.0						2021-10-21T13:04	21	10	2021	2533424	2533424	HUMAN_OBSERVATION	iNaturalist	Observations	153704692		Nicolas Schwab	2023-04-06T22:27:24	CC_BY_NC_4_0	Léo-Guy de Repentigny	Léo-Guy de Repentigny			2025-01-14T13:28:57.612Z	StillImage	COORDINATE_ROUNDED;CONTINENT_DERIVED_FROM_COORDINATES;TAXON_MATCH_TAXON_ID_IGNORED
4099704771	d1a3b128-b406-46bb-a6d1-f3591dcc8a7b	59f51073-8b02-4d76-8d8e-109cfdbbc3d7	Fungi	Basidiomycota	Agaricomycetes	Agaricales	Strophariaceae	Hypholoma	Hypholoma lateritium		SPECIES	Hypholoma sublateritium (Fr.) Quél.	Hypholoma sublateritium	(Fr.) Quél.	CA	Burnet	Quebec	PRESENT		e43cf4b8-849e-4fac-b075-e652d019d2cf	45.568108	-75.849677	301.0						1938-10-02	2	10	1938	8614542	2533424	PRESERVED_SPECIMEN	BPI		BPI 777949				CC0_1_0		Gussow, H. T.			2025-01-15T04:59:42.766Z		GEODETIC_DATUM_ASSUMED_WGS84;CONTINENT_DERIVED_FROM_COORDINATES;TAXON_MATCH_TAXON_ID_IGNORED;INSTITUTION_MATCH_FUZZY
4099529394	d1a3b128-b406-46bb-a6d1-f3591dcc8a7b	1231ca38-cfe2-42cf-8c2a-66ecf1c9e61f	Fungi	Basidiomycota	Agaricomycetes	Agaricales	Strophariaceae	Hypholoma	Hypholoma lateritium		SPECIES	Hypholoma sublateritium (Fr.) Quél.	Hypholoma sublateritium	(Fr.) Quél.	CA	Quebec	Ontario	PRESENT		e43cf4b8-849e-4fac-b075-e652d019d2cf	47.5	-72.0	301.0						1909-07		7	1909	8614542	2533424	PRESERVED_SPECIMEN	BPI		BPI 839975		Campbell R.		CC0_1_0		Fowler J.			2025-01-15T04:59:43.165Z		GEODETIC_DATUM_ASSUMED_WGS84;CONTINENT_DERIVED_FROM_COORDINATES;TAXON_MATCH_TAXON_ID_IGNORED;INSTITUTION_MATCH_FUZZY
3961196716	50c9509d-22c7-4a22-a47d-8c48425ef4a7	https://www.inaturalist.org/observations/139982976	Fungi	Basidiomycota	Agaricomycetes	Agaricales	Strophariaceae	Hypholoma	Hypholoma lateritium		SPECIES	Hypholoma lateritium (Schaeff.) P.Kumm.	Hypholoma lateritium		CA		New Brunswick	PRESENT		28eb1a3f-1c15-4a95-931a-4af90ecb574d	45.945453	-66.642194	32.0						2022-10-25T12:59:35	25	10	2022	2533424	2533424	HUMAN_OBSERVATION	iNaturalist	Observations	139982976		lichennoel	2022-10-25T17:52:55	CC_BY_NC_4_0	lichennoel	lichennoel			2025-01-14T13:18:31.091Z	StillImage	COORDINATE_ROUNDED;CONTINENT_DERIVED_FROM_COORDINATES;TAXON_MATCH_TAXON_ID_IGNORED
3947548624	50c9509d-22c7-4a22-a47d-8c48425ef4a7	https://www.inaturalist.org/observations/139774933	Fungi	Basidiomycota	Agaricomycetes	Agaricales	Strophariaceae	Hypholoma	Hypholoma lateritium		SPECIES	Hypholoma lateritium (Schaeff.) P.Kumm.	Hypholoma lateritium		CA		Prince Edward Island	PRESENT		28eb1a3f-1c15-4a95-931a-4af90ecb574d	46.740938	-64.1746	8.0						2022-10-23T10:29:12	23	10	2022	2533424	2533424	HUMAN_OBSERVATION	iNaturalist	Observations	139774933		Laura O'Connor	2022-10-23T18:08:12	CC_BY_NC_4_0	Laura O'Connor	Laura O'Connor			2025-01-14T12:34:28.110Z	StillImage	COORDINATE_ROUNDED;CONTINENT_DERIVED_FROM_COORDINATES;TAXON_MATCH_TAXON_ID_IGNORED
3947060271	50c9509d-22c7-4a22-a47d-8c48425ef4a7	https://www.inaturalist.org/observations/138664548	Fungi	Basidiomycota	Agaricomycetes	Agaricales	Strophariaceae	Hypholoma	Hypholoma lateritium		SPECIES	Hypholoma lateritium (Schaeff.) P.Kumm.	Hypholoma lateritium		CA		Québec	PRESENT		28eb1a3f-1c15-4a95-931a-4af90ecb574d	45.937506	-76.579465	27095.0						2022-10-11T10:47	11	10	2022	2533424	2533424	HUMAN_OBSERVATION	iNaturalist	Observations	138664548		L Joan Heyding	2022-10-13T23:25:07	CC_BY_NC_4_0	L Joan Heyding	L Joan Heyding			2025-01-14T12:33:48.469Z	StillImage	COORDINATE_ROUNDED;CONTINENT_DERIVED_FROM_COORDINATES;TAXON_MATCH_TAXON_ID_IGNORED
3925248310	50c9509d-22c7-4a22-a47d-8c48425ef4a7	https://www.inaturalist.org/observations/138052664	Fungi	Basidiomycota	Agaricomycetes	Agaricales	Strophariaceae	Hypholoma	Hypholoma lateritium		SPECIES	Hypholoma lateritium (Schaeff.) P.Kumm.	Hypholoma lateritium		CA		Québec	PRESENT		28eb1a3f-1c15-4a95-931a-4af90ecb574d	45.507042	-75.903795	4.0						2022-10-08T17:11:01	8	10	2022	2533424	2533424	HUMAN_OBSERVATION	iNaturalist	Observations	138052664		Maria Bastas	2022-10-09T00:00:49	CC_BY_NC_4_0	Maria Bastas	Maria Bastas			2025-01-14T12:34:05.205Z	StillImage	COORDINATE_ROUNDED;CONTINENT_DERIVED_FROM_COORDINATES;TAXON_MATCH_TAXON_ID_IGNORED
3915283222	50c9509d-22c7-4a22-a47d-8c48425ef4a7	https://www.inaturalist.org/observations/136323947	Fungi	Basidiomycota	Agaricomycetes	Agaricales	Strophariaceae	Hypholoma	Hypholoma lateritium		SPECIES	Hypholoma lateritium (Schaeff.) P.Kumm.	Hypholoma lateritium		CA		Ontario	PRESENT		28eb1a3f-1c15-4a95-931a-4af90ecb574d	45.385688	-75.701592	3.0						2022-09-24T14:44:13	24	9	2022	2533424	2533424	HUMAN_OBSERVATION	iNaturalist	Observations	136323947		Maria Bastas	2022-09-24T19:37:25	CC_BY_NC_4_0	Maria Bastas	Maria Bastas			2025-01-14T13:25:49.022Z	StillImage	COORDINATE_ROUNDED;CONTINENT_DERIVED_FROM_COORDINATES;TAXON_MATCH_TAXON_ID_IGNORED
3912453504	50c9509d-22c7-4a22-a47d-8c48425ef4a7	https://www.inaturalist.org/observations/135716955	Fungi	Basidiomycota	Agaricomycetes	Agaricales	Strophariaceae	Hypholoma	Hypholoma lateritium		SPECIES	Hypholoma lateritium (Schaeff.) P.Kumm.	Hypholoma lateritium		CA		Ontario	PRESENT		28eb1a3f-1c15-4a95-931a-4af90ecb574d	45.318237	-75.710013	7.0						2022-09-19T17:08:40	19	9	2022	2533424	2533424	HUMAN_OBSERVATION	iNaturalist	Observations	135716955		Grace	2022-09-20T00:26:06	CC_BY_NC_4_0	Maria Bastas	Maria Bastas			2025-01-14T13:25:33.443Z	StillImage	COORDINATE_ROUNDED;CONTINENT_DERIVED_FROM_COORDINATES;TAXON_MATCH_TAXON_ID_IGNORED
3912054197	50c9509d-22c7-4a22-a47d-8c48425ef4a7	https://www.inaturalist.org/observations/135716364	Fungi	Basidiomycota	Agaricomycetes	Agaricales	Strophariaceae	Hypholoma	Hypholoma lateritium		SPECIES	Hypholoma lateritium (Schaeff.) P.Kumm.	Hypholoma lateritium		CA		Ontario	PRESENT		28eb1a3f-1c15-4a95-931a-4af90ecb574d	45.31985	-75.70745	4.0						2022-09-19T16:42:44	19	9	2022	2533424	2533424	HUMAN_OBSERVATION	iNaturalist	Observations	135716364		Grace	2022-09-20T00:27:03	CC_BY_NC_4_0	Maria Bastas	Maria Bastas			2025-01-14T12:31:39.578Z	StillImage	CONTINENT_DERIVED_FROM_COORDINATES;TAXON_MATCH_TAXON_ID_IGNORED
3764558863	50c9509d-22c7-4a22-a47d-8c48425ef4a7	https://www.inaturalist.org/observations/112778853	Fungi	Basidiomycota	Agaricomycetes	Agaricales	Strophariaceae	Hypholoma	Hypholoma lateritium		SPECIES	Hypholoma lateritium (Schaeff.) P.Kumm.	Hypholoma lateritium		CA		Québec	PRESENT		28eb1a3f-1c15-4a95-931a-4af90ecb574d	45.97152	-74.366583	65607.0						2019-09-15T13:46:20	15	9	2019	2533424	2533424	HUMAN_OBSERVATION	iNaturalist	Observations	112778853		pmatute	2022-04-25T01:48:33	CC_BY_NC_4_0	pmatute	pmatute			2025-01-14T12:26:14.242Z	StillImage	COORDINATE_ROUNDED;CONTINENT_DERIVED_FROM_COORDINATES;TAXON_MATCH_TAXON_ID_IGNORED
3456886190	50c9509d-22c7-4a22-a47d-8c48425ef4a7	https://www.inaturalist.org/observations/103194246	Fungi	Basidiomycota	Agaricomycetes	Agaricales	Strophariaceae	Hypholoma	Hypholoma lateritium		SPECIES	Hypholoma lateritium (Schaeff.) P.Kumm.	Hypholoma lateritium		CA		Ontario	PRESENT		28eb1a3f-1c15-4a95-931a-4af90ecb574d	45.448346	-75.555153	887.0						2021-10-06T16:15	6	10	2021	2533424	2533424	HUMAN_OBSERVATION	iNaturalist	Observations	103194246		Ottawa Wildflower Seed Library	2021-12-17T14:02:50	CC_BY_NC_4_0	Ottawa Wildflower Seed Library	Ottawa Wildflower Seed Library			2025-01-14T12:25:25.138Z	StillImage	COORDINATE_ROUNDED;CONTINENT_DERIVED_FROM_COORDINATES;TAXON_MATCH_TAXON_ID_IGNORED
3455594345	50c9509d-22c7-4a22-a47d-8c48425ef4a7	https://www.inaturalist.org/observations/97843678	Fungi	Basidiomycota	Agaricomycetes	Agaricales	Strophariaceae	Hypholoma	Hypholoma lateritium		SPECIES	Hypholoma lateritium (Schaeff.) P.Kumm.	Hypholoma lateritium		CA		Québec	PRESENT		28eb1a3f-1c15-4a95-931a-4af90ecb574d	47.308872	-70.610237	8.0						2021-10-10T15:33:35	10	10	2021	2533424	2533424	HUMAN_OBSERVATION	iNaturalist	Observations	97843678		Carl-Adam Wegenschimmel	2021-12-28T19:20:44	CC_BY_4_0	Marilyne Busque-Dubois	Marilyne Busque-Dubois			2025-01-14T13:16:26.825Z	StillImage	COORDINATE_ROUNDED;CONTINENT_DERIVED_FROM_COORDINATES;TAXON_MATCH_TAXON_ID_IGNORED
3415358992	50c9509d-22c7-4a22-a47d-8c48425ef4a7	https://www.inaturalist.org/observations/99125420	Fungi	Basidiomycota	Agaricomycetes	Agaricales	Strophariaceae	Hypholoma	Hypholoma lateritium		SPECIES	Hypholoma lateritium (Schaeff.) P.Kumm.	Hypholoma lateritium		CA		Ontario	PRESENT		28eb1a3f-1c15-4a95-931a-4af90ecb574d	45.368424	-75.794662	5.0						2021-10-23T15:59:04	23	10	2021	2533424	2533424	HUMAN_OBSERVATION	iNaturalist	Observations	99125420		Heather Pickard	2021-10-24T02:58:23	CC_BY_NC_4_0	Heather Pickard	Heather Pickard			2025-01-14T12:22:12.008Z	StillImage	COORDINATE_ROUNDED;CONTINENT_DERIVED_FROM_COORDINATES;TAXON_MATCH_TAXON_ID_IGNORED
3391638124	50c9509d-22c7-4a22-a47d-8c48425ef4a7	https://www.inaturalist.org/observations/98012131	Fungi	Basidiomycota	Agaricomycetes	Agaricales	Strophariaceae	Hypholoma	Hypholoma lateritium		SPECIES	Hypholoma lateritium (Schaeff.) P.Kumm.	Hypholoma lateritium		CA		Québec	PRESENT		28eb1a3f-1c15-4a95-931a-4af90ecb574d	45.751792	-74.476487	7.0						2021-10-10T11:57:35	10	10	2021	2533424	2533424	HUMAN_OBSERVATION	iNaturalist	Observations	98012131		mariejeannepaquet	2021-10-12T15:46:17	CC_BY_NC_4_0	mariejeannepaquet	mariejeannepaquet			2025-01-14T13:10:47.732Z	StillImage	COORDINATE_ROUNDED;CONTINENT_DERIVED_FROM_COORDINATES;TAXON_MATCH_TAXON_ID_IGNORED
3079737492	50c9509d-22c7-4a22-a47d-8c48425ef4a7	https://www.inaturalist.org/observations/17822027	Fungi	Basidiomycota	Agaricomycetes	Agaricales	Strophariaceae	Hypholoma	Hypholoma lateritium		SPECIES	Hypholoma lateritium (Schaeff.) P.Kumm.	Hypholoma lateritium		CA		Ontario	PRESENT		28eb1a3f-1c15-4a95-931a-4af90ecb574d	45.407069	-75.575683							2018-10-24T14:15	24	10	2018	2533424	2533424	HUMAN_OBSERVATION	iNaturalist	Observations	17822027		Igor Khomenko	2018-10-25T13:18:01	CC_BY_NC_4_0	Igor Khomenko	Igor Khomenko			2025-01-14T12:58:19.589Z	StillImage	COORDINATE_ROUNDED;CONTINENT_DERIVED_FROM_COORDINATES;TAXON_MATCH_TAXON_ID_IGNORED
3039256661	50c9509d-22c7-4a22-a47d-8c48425ef4a7	https://www.inaturalist.org/observations/60544011	Fungi	Basidiomycota	Agaricomycetes	Agaricales	Strophariaceae	Hypholoma	Hypholoma lateritium		SPECIES	Hypholoma lateritium (Schaeff.) P.Kumm.	Hypholoma lateritium		CA		Québec	PRESENT		28eb1a3f-1c15-4a95-931a-4af90ecb574d	45.378422	-72.195301	10.0						2020-09-23T14:38:27	23	9	2020	2533424	2533424	HUMAN_OBSERVATION	iNaturalist	Observations	60544011		ladybug21	2020-09-23T19:44:45	CC_BY_NC_4_0	ladybug21	ladybug21			2025-01-14T12:15:34.096Z	StillImage	COORDINATE_ROUNDED;CONTINENT_DERIVED_FROM_COORDINATES;TAXON_MATCH_TAXON_ID_IGNORED
3017974540	50c9509d-22c7-4a22-a47d-8c48425ef4a7	https://www.inaturalist.org/observations/63412202	Fungi	Basidiomycota	Agaricomycetes	Agaricales	Strophariaceae	Hypholoma	Hypholoma lateritium		SPECIES	Hypholoma lateritium (Schaeff.) P.Kumm.	Hypholoma lateritium		CA		Québec	PRESENT		28eb1a3f-1c15-4a95-931a-4af90ecb574d	45.483234	-74.043402	6000.0						2020-10-24T14:39:52	24	10	2020	2533424	2533424	HUMAN_OBSERVATION	iNaturalist	Observations	63412202		rfraser1	2020-10-24T18:40:54	CC_BY_NC_4_0	rfraser1	rfraser1			2025-01-14T13:11:08.813Z	StillImage	COORDINATE_ROUNDED;CONTINENT_DERIVED_FROM_COORDINATES;TAXON_MATCH_TAXON_ID_IGNORED
2882923333	50c9509d-22c7-4a22-a47d-8c48425ef4a7	https://www.inaturalist.org/observations/34541987	Fungi	Basidiomycota	Agaricomycetes	Agaricales	Strophariaceae	Hypholoma	Hypholoma lateritium		SPECIES	Hypholoma lateritium (Schaeff.) P.Kumm.	Hypholoma lateritium		CA		Ontario	PRESENT		28eb1a3f-1c15-4a95-931a-4af90ecb574d	45.514037	-75.345468	46.0						2019-10-17	17	10	2019	2533424	2533424	HUMAN_OBSERVATION	iNaturalist	Observations	34541987		Ryan Patrick	2019-10-18T22:12:41	CC_BY_NC_4_0	kevinwallace	kevinwallace			2025-01-14T12:09:32.596Z	StillImage	CONTINENT_DERIVED_FROM_COORDINATES;TAXON_MATCH_TAXON_ID_IGNORED
2859983272	50c9509d-22c7-4a22-a47d-8c48425ef4a7	https://www.inaturalist.org/observations/58356062	Fungi	Basidiomycota	Agaricomycetes	Agaricales	Strophariaceae	Hypholoma	Hypholoma lateritium		SPECIES	Hypholoma lateritium (Schaeff.) P.Kumm.	Hypholoma lateritium		CA		Ontario	PRESENT		28eb1a3f-1c15-4a95-931a-4af90ecb574d	45.113812	-76.15366	55.0						2020-09-02T15:39:53	2	9	2020	2533424	2533424	HUMAN_OBSERVATION	iNaturalist	Observations	58356062		bkowaluk	2020-09-02T19:40:30	CC_BY_NC_4_0	bkowaluk	bkowaluk			2025-01-14T13:09:06.591Z	StillImage	COORDINATE_ROUNDED;CONTINENT_DERIVED_FROM_COORDINATES;TAXON_MATCH_TAXON_ID_IGNORED
2802823481	50c9509d-22c7-4a22-a47d-8c48425ef4a7	https://www.inaturalist.org/observations/32085833	Fungi	Basidiomycota	Agaricomycetes	Agaricales	Strophariaceae	Hypholoma	Hypholoma lateritium		SPECIES	Hypholoma lateritium (Schaeff.) P.Kumm.	Hypholoma lateritium		CA		Québec	PRESENT		28eb1a3f-1c15-4a95-931a-4af90ecb574d	46.870392	-71.645414	31.0						2019-08-31T10:37	31	8	2019	2533424	2533424	HUMAN_OBSERVATION	iNaturalist	Observations	32085833		jonathan_mack	2019-09-04T01:52:40	CC_BY_NC_4_0	jonathan_mack	jonathan_mack			2025-01-14T13:06:15.037Z	StillImage	COORDINATE_ROUNDED;CONTINENT_DERIVED_FROM_COORDINATES;TAXON_MATCH_TAXON_ID_IGNORED
2576432898	50c9509d-22c7-4a22-a47d-8c48425ef4a7	https://www.inaturalist.org/observations/34062076	Fungi	Basidiomycota	Agaricomycetes	Agaricales	Strophariaceae	Hypholoma	Hypholoma lateritium		SPECIES	Hypholoma lateritium (Schaeff.) P.Kumm.	Hypholoma lateritium		CA		New Brunswick	PRESENT		28eb1a3f-1c15-4a95-931a-4af90ecb574d	46.148055	-64.399594	1503.0						2019-09-21T13:43	21	9	2019	2533424	2533424	HUMAN_OBSERVATION	iNaturalist	Observations	34062076		Raymonde G Chartier	2020-11-27T17:50:35	CC_BY_NC_4_0	Raymonde G Chartier	Raymonde G Chartier			2025-01-14T13:06:24.837Z	StillImage	COORDINATE_ROUNDED;CONTINENT_DERIVED_FROM_COORDINATES;TAXON_MATCH_TAXON_ID_IGNORED
2576418901	50c9509d-22c7-4a22-a47d-8c48425ef4a7	https://www.inaturalist.org/observations/34061204	Fungi	Basidiomycota	Agaricomycetes	Agaricales	Strophariaceae	Hypholoma	Hypholoma lateritium		SPECIES	Hypholoma lateritium (Schaeff.) P.Kumm.	Hypholoma lateritium		CA		New Brunswick	PRESENT		28eb1a3f-1c15-4a95-931a-4af90ecb574d	46.323839	-64.622278	122.0						2019-09-19T13:54	19	9	2019	2533424	2533424	HUMAN_OBSERVATION	iNaturalist	Observations	34061204		Raymonde G Chartier	2020-11-27T17:50:35	CC_BY_NC_4_0	Raymonde G Chartier	Raymonde G Chartier			2025-01-14T12:10:39.245Z	StillImage	COORDINATE_ROUNDED;CONTINENT_DERIVED_FROM_COORDINATES;TAXON_MATCH_TAXON_ID_IGNORED
1945422688	50c9509d-22c7-4a22-a47d-8c48425ef4a7	https://www.inaturalist.org/observations/17533994	Fungi	Basidiomycota	Agaricomycetes	Agaricales	Strophariaceae	Hypholoma	Hypholoma lateritium		SPECIES	Hypholoma lateritium (Schaeff.) P.Kumm.	Hypholoma lateritium		CA		New Brunswick	PRESENT		28eb1a3f-1c15-4a95-931a-4af90ecb574d	45.928685	-64.428552	2104.0						2018-10-07T16:20:37	7	10	2018	2533424	2533424	HUMAN_OBSERVATION	iNaturalist	Observations	17533994		Laura Berry	2018-10-15T16:23:53	CC_BY_NC_4_0	Laura Berry	Laura Berry			2025-01-14T12:06:28.627Z	StillImage	COORDINATE_ROUNDED;CONTINENT_DERIVED_FROM_COORDINATES;TAXON_MATCH_TAXON_ID_IGNORED
1807256379	e8a25a42-f125-476c-8554-3ec21cd51a84	ACAD:112827	Fungi	Basidiomycota	Agaricomycetes	Agaricales	Strophariaceae	Hypholoma	Hypholoma lateritium		SPECIES	Hypholoma lateritium (Schaeff.) P.Kumm.	Hypholoma lateritium (Schaeff.) P. Kumm.	(Schaeff.) P. Kumm.	CA	Glenmont	Nova Scotia	PRESENT		6491ad8c-8e49-4bd4-a089-0ddb3bbe0890	45.18614	-64.50197							1930-08-31	31	8	1930	2533424	2533424	PRESERVED_SPECIMEN	Acadia University	ACAD	318F	318			CC0_1_0	Acadia University	H, KA			2024-01-25T01:37:10.710Z	StillImage	GEODETIC_DATUM_INVALID;GEODETIC_DATUM_ASSUMED_WGS84;TAXON_MATCH_TAXON_ID_IGNORED;INSTITUTION_MATCH_FUZZY;COLLECTION_MATCH_FUZZY
1807256265	e8a25a42-f125-476c-8554-3ec21cd51a84	ACAD:112828	Fungi	Basidiomycota	Agaricomycetes	Agaricales	Strophariaceae	Hypholoma	Hypholoma lateritium		SPECIES	Hypholoma lateritium (Schaeff.) P.Kumm.	Hypholoma lateritium (Schaeff.) P. Kumm.	(Schaeff.) P. Kumm.	CA	(Kentville)	Nova Scotia	PRESENT		6491ad8c-8e49-4bd4-a089-0ddb3bbe0890	45.07662	-64.49592											2533424	2533424	PRESERVED_SPECIMEN	Acadia University	ACAD	319F	319			CC0_1_0	Acadia University	H, KA			2024-01-25T01:37:10.706Z	StillImage	GEODETIC_DATUM_INVALID;GEODETIC_DATUM_ASSUMED_WGS84;TAXON_MATCH_TAXON_ID_IGNORED;INSTITUTION_MATCH_FUZZY;COLLECTION_MATCH_FUZZY
1807255273	e8a25a42-f125-476c-8554-3ec21cd51a84	ACAD:111801	Fungi	Basidiomycota	Agaricomycetes	Agaricales	Strophariaceae	Hypholoma	Hypholoma lateritium		SPECIES	Hypholoma lateritium (Schaeff.) P.Kumm.	Hypholoma lateritium (Schaeff.) P. Kumm.	(Schaeff.) P. Kumm.	CA	(Kentville)	Nova Scotia	PRESENT		6491ad8c-8e49-4bd4-a089-0ddb3bbe0890	45.07662	-64.49592							1951-10-15	15	10	1951	2533424	2533424	PRESERVED_SPECIMEN	Acadia University	ACAD	1428F	1428			CC0_1_0	Acadia University	H, KA			2024-01-25T01:37:06.808Z	StillImage	GEODETIC_DATUM_INVALID;GEODETIC_DATUM_ASSUMED_WGS84;TAXON_MATCH_TAXON_ID_IGNORED;INSTITUTION_MATCH_FUZZY;COLLECTION_MATCH_FUZZY
1701210828	81e6cff2-b409-417e-8c72-e1bbafb7c61f	75b71b22-7352-47f6-8972-6d039ec139b1	Fungi	Basidiomycota	Agaricomycetes	Agaricales	Strophariaceae	Hypholoma	Hypholoma lateritium		SPECIES	Hypholoma sublateritium (Fr.) Quél.	Hypholoma sublateritium (Fr.) Quél.	(Fr.) Quél.	CA	Sainte-Foy; Airport forest	Québec	PRESENT		7b8aff00-a9f8-11d8-944b-b8a03c50a862	46.783668	-71.393568	8000.0						2003-08-29	29	8	2003	8614542	2533424	PRESERVED_SPECIMEN	F	Botany	C0294955F	NAMA 2003-109	W. Sturgeon		CC0_1_0	The Field Museum of Natural History	J. Bleau			2024-02-20T16:06:39.621Z		GEODETIC_DATUM_ASSUMED_WGS84;MODIFIED_DATE_INVALID;MULTIMEDIA_URI_INVALID;AMBIGUOUS_COLLECTION;INSTITUTION_MATCH_FUZZY
1412705780	21705170-d2b6-42de-8904-c3bca4b83591	CMMF014214	Fungi	Basidiomycota	Agaricomycetes	Agaricales	Strophariaceae	Hypholoma	Hypholoma lateritium		SPECIES	Hypholoma sublateritium (Fr.) Quél.	Hypholoma sublateritium (Fr.) Quél.	(Fr.) Quél.	CA	Parc Frontenac, Québec.	Québec	PRESENT		ff7bd5db-b724-4932-b496-10ea298851f9	45.826543	-71.167805	10000.0						1995-09-03	3	9	1995	8614542	2533424	PRESERVED_SPECIMEN	Université de Montréal Biodiversity Centre	CMMF	CMMF014214	2067	Guérin, Gérard		CC0_1_0	Université de Montréal Biodiversity Centre	Guérin, Gérard			2024-01-24T16:38:19.351Z	StillImage	INSTITUTION_MATCH_FUZZY;COLLECTION_MATCH_FUZZY;DIFFERENT_OWNER_INSTITUTION
1412705748	21705170-d2b6-42de-8904-c3bca4b83591	CMMF014215	Fungi	Basidiomycota	Agaricomycetes	Agaricales	Strophariaceae	Hypholoma	Hypholoma lateritium		SPECIES	Hypholoma sublateritium (Fr.) Quél.	Hypholoma sublateritium (Fr.) Quél.	(Fr.) Quél.	CA	Shipshaw, Québec.	Québec	PRESENT		ff7bd5db-b724-4932-b496-10ea298851f9	48.466834	-71.263421	2500.0						1983-09-16	16	9	1983	8614542	2533424	PRESERVED_SPECIMEN	Université de Montréal Biodiversity Centre	CMMF	CMMF014215	2066	Guérin, Gérard		CC0_1_0	Université de Montréal Biodiversity Centre	Guérin, Gérard			2024-01-24T16:38:19.312Z	StillImage	INSTITUTION_MATCH_FUZZY;COLLECTION_MATCH_FUZZY;DIFFERENT_OWNER_INSTITUTION
1412705720	21705170-d2b6-42de-8904-c3bca4b83591	CMMF014213	Fungi	Basidiomycota	Agaricomycetes	Agaricales	Strophariaceae	Hypholoma	Hypholoma lateritium		SPECIES	Hypholoma sublateritium (Fr.) Quél.	Hypholoma sublateritium (Fr.) Quél.	(Fr.) Quél.	CA	Mont Saint-Bruno, Québec.	Québec	PRESENT		ff7bd5db-b724-4932-b496-10ea298851f9	45.550278	-73.319167	4500.0						1980-10-07	7	10	1980	8614542	2533424	PRESERVED_SPECIMEN	Université de Montréal Biodiversity Centre	CMMF	CMMF014213	2064	Guérin, Gérard		CC0_1_0	Université de Montréal Biodiversity Centre	Guérin, Gérard			2024-01-24T16:38:19.310Z	StillImage	INSTITUTION_MATCH_FUZZY;COLLECTION_MATCH_FUZZY;DIFFERENT_OWNER_INSTITUTION
1412703161	21705170-d2b6-42de-8904-c3bca4b83591	CMMF011625	Fungi	Basidiomycota	Agaricomycetes	Agaricales	Strophariaceae	Hypholoma	Hypholoma lateritium		SPECIES	Hypholoma sublateritium (Fr.) Quél.	Hypholoma sublateritium (Fr.) Quél.	(Fr.) Quél.	CA	Lac Bédard, Portneuf, Québec.	Québec	PRESENT		ff7bd5db-b724-4932-b496-10ea298851f9	47.085833	-71.83	2000.0						1941-09-26/1941-09-30		9	1941	8614542	2533424	PRESERVED_SPECIMEN	Université de Montréal Biodiversity Centre	CMMF	CMMF011625	17182	Pomerleau, René		CC0_1_0	Université de Montréal Biodiversity Centre	Campagna, Elzéar; Dubé, Lucien			2024-01-24T16:38:18.120Z		INSTITUTION_MATCH_FUZZY;COLLECTION_MATCH_FUZZY;DIFFERENT_OWNER_INSTITUTION
1135070813	21705170-d2b6-42de-8904-c3bca4b83591	CMMF009366	Fungi	Basidiomycota	Agaricomycetes	Agaricales	Strophariaceae	Hypholoma	Hypholoma lateritium		SPECIES	Hypholoma sublateritium (Fr.) Quél.	Hypholoma sublateritium (Fr.) Quél.	(Fr.) Quél.	CA	Chemin de la Chapelle, Lac-Beauport.	Québec	PRESENT		ff7bd5db-b724-4932-b496-10ea298851f9	46.949281	-71.284722	250.0						2006-10-10	10	10	2006	8614542	2533424	PRESERVED_SPECIMEN	Université de Montréal Biodiversity Centre	CMMF	CMMF009366	950	Labrecque, Jacqueline		CC0_1_0	Université de Montréal Biodiversity Centre	Labrecque, Jacqueline			2024-01-24T16:38:21.606Z		INSTITUTION_MATCH_FUZZY;COLLECTION_MATCH_FUZZY;DIFFERENT_OWNER_INSTITUTION
1135070558	21705170-d2b6-42de-8904-c3bca4b83591	CMMF009108	Fungi	Basidiomycota	Agaricomycetes	Agaricales	Strophariaceae	Hypholoma	Hypholoma lateritium		SPECIES	Hypholoma sublateritium (Fr.) Quél.	Hypholoma sublateritium (Fr.) Quél.	(Fr.) Quél.	CA	Rue des Acadiens, Québec.	Québec	PRESENT		ff7bd5db-b724-4932-b496-10ea298851f9	46.918501	-71.254455	4000.0						2006-09-02	2	9	2006	8614542	2533424	PRESERVED_SPECIMEN	Université de Montréal Biodiversity Centre	CMMF	CMMF009108	691	Labrecque, Jacqueline		CC0_1_0	Université de Montréal Biodiversity Centre	Labrecque, Jacqueline			2024-01-24T16:38:20.219Z		INSTITUTION_MATCH_FUZZY;COLLECTION_MATCH_FUZZY;DIFFERENT_OWNER_INSTITUTION
1135070542	21705170-d2b6-42de-8904-c3bca4b83591	CMMF009145	Fungi	Basidiomycota	Agaricomycetes	Agaricales	Strophariaceae	Hypholoma	Hypholoma lateritium		SPECIES	Hypholoma sublateritium (Fr.) Quél.	Hypholoma sublateritium (Fr.) Quél.	(Fr.) Quél.	CA	Containers Ouest, Lac-Beauport.	Québec	PRESENT		ff7bd5db-b724-4932-b496-10ea298851f9	46.953091	-71.275238	5000.0						2006-09-07	7	9	2006	8614542	2533424	PRESERVED_SPECIMEN	Université de Montréal Biodiversity Centre	CMMF	CMMF009145	729	Labrecque, Jacqueline		CC0_1_0	Université de Montréal Biodiversity Centre	Labrecque, Jacqueline			2024-01-24T16:38:20.258Z		INSTITUTION_MATCH_FUZZY;COLLECTION_MATCH_FUZZY;DIFFERENT_OWNER_INSTITUTION
1135069436	21705170-d2b6-42de-8904-c3bca4b83591	CMMF007940	Fungi	Basidiomycota	Agaricomycetes	Agaricales	Strophariaceae	Hypholoma	Hypholoma lateritium		SPECIES	Hypholoma sublateritium (Fr.) Quél.	Hypholoma sublateritium (Fr.) Quél.	(Fr.) Quél.	CA	Notre-Dame-du-Rosaire	Québec	PRESENT		ff7bd5db-b724-4932-b496-10ea298851f9	46.801567	-70.357633	100.0						2005-09-28	28	9	2005	8614542	2533424	PRESERVED_SPECIMEN	Université de Montréal Biodiversity Centre	CMMF	CMMF007940	C2573	McNeil, Raymond		CC0_1_0	Université de Montréal Biodiversity Centre	McNeil, Raymond			2024-01-24T16:38:15.589Z	StillImage	COORDINATE_ROUNDED;INSTITUTION_MATCH_FUZZY;COLLECTION_MATCH_FUZZY;DIFFERENT_OWNER_INSTITUTION
1135069334	21705170-d2b6-42de-8904-c3bca4b83591	CMMF007832	Fungi	Basidiomycota	Agaricomycetes	Agaricales	Strophariaceae	Hypholoma	Hypholoma lateritium		SPECIES	Hypholoma sublateritium (Fr.) Quél.	Hypholoma sublateritium (Fr.) Quél.	(Fr.) Quél.	CA	St-Fabien-de-Panet	Québec	PRESENT		ff7bd5db-b724-4932-b496-10ea298851f9	46.6275	-70.11105	100.0						1978-09-30	30	9	1978	8614542	2533424	PRESERVED_SPECIMEN	Université de Montréal Biodiversity Centre	CMMF	CMMF007832	Inexistant	McNeil, Raymond		CC0_1_0	Université de Montréal Biodiversity Centre	McNeil, Raymond			2024-01-24T16:38:14.761Z	StillImage	INSTITUTION_MATCH_FUZZY;COLLECTION_MATCH_FUZZY;DIFFERENT_OWNER_INSTITUTION
1135069260	21705170-d2b6-42de-8904-c3bca4b83591	CMMF007765	Fungi	Basidiomycota	Agaricomycetes	Agaricales	Strophariaceae	Hypholoma	Hypholoma lateritium		SPECIES	Hypholoma sublateritium (Fr.) Quél.	Hypholoma sublateritium (Fr.) Quél.	(Fr.) Quél.	CA	St-Donat (Cap de la Fée)	Québec	PRESENT		ff7bd5db-b724-4932-b496-10ea298851f9	46.341233	-74.267717	100.0						2010-09-04	4	9	2010	8614542	2533424	PRESERVED_SPECIMEN	Université de Montréal Biodiversity Centre	CMMF	CMMF007765	C3730	McNeil, Raymond		CC0_1_0	Université de Montréal Biodiversity Centre	McNeil, Raymond			2024-01-24T16:38:16.143Z	StillImage	COORDINATE_ROUNDED;INSTITUTION_MATCH_FUZZY;COLLECTION_MATCH_FUZZY;DIFFERENT_OWNER_INSTITUTION
1135067446	21705170-d2b6-42de-8904-c3bca4b83591	CMMF006017	Fungi	Basidiomycota	Agaricomycetes	Agaricales	Strophariaceae	Hypholoma	Hypholoma lateritium		SPECIES	Hypholoma sublateritium (Fr.) Quél.	Hypholoma sublateritium (Fr.) Quél.	(Fr.) Quél.	CA	Châteauguay (Centre écologique Fernand-Seguin)	Québec	PRESENT		ff7bd5db-b724-4932-b496-10ea298851f9	45.33983	-73.773917	100.0						2010-10-11	11	10	2010	8614542	2533424	PRESERVED_SPECIMEN	Université de Montréal Biodiversity Centre	CMMF	CMMF006017	C3794	McNeil, Raymond		CC0_1_0	Université de Montréal Biodiversity Centre	McNeil, Raymond			2024-01-24T16:38:18.016Z	StillImage	COORDINATE_ROUNDED;INSTITUTION_MATCH_FUZZY;COLLECTION_MATCH_FUZZY;DIFFERENT_OWNER_INSTITUTION
1135067151	21705170-d2b6-42de-8904-c3bca4b83591	CMMF010556	Fungi	Basidiomycota	Agaricomycetes	Agaricales	Strophariaceae	Hypholoma	Hypholoma lateritium		SPECIES	Hypholoma sublateritium (Fr.) Quél.	Hypholoma sublateritium (Fr.) Quél.	(Fr.) Quél.	CA	Containers ouest, Lac-Beauport.	Québec	PRESENT		ff7bd5db-b724-4932-b496-10ea298851f9	46.96324	-71.303223	5000.0						2008-10-18	18	10	2008	8614542	2533424	PRESERVED_SPECIMEN	Université de Montréal Biodiversity Centre	CMMF	CMMF010556	2142	Labrecque, Jacqueline		CC0_1_0	Université de Montréal Biodiversity Centre	Labrecque, Jacqueline			2024-01-24T16:38:21.697Z		INSTITUTION_MATCH_FUZZY;COLLECTION_MATCH_FUZZY;DIFFERENT_OWNER_INSTITUTION
1135066805	21705170-d2b6-42de-8904-c3bca4b83591	CMMF010268	Fungi	Basidiomycota	Agaricomycetes	Agaricales	Strophariaceae	Hypholoma	Hypholoma lateritium		SPECIES	Hypholoma sublateritium (Fr.) Quél.	Hypholoma sublateritium (Fr.) Quél.	(Fr.) Quél.	CA	Château Bigot, Québec.	Québec	PRESENT		ff7bd5db-b724-4932-b496-10ea298851f9	46.898375	-71.266801	2000.0						2007-10-24	24	10	2007	8614542	2533424	PRESERVED_SPECIMEN	Université de Montréal Biodiversity Centre	CMMF	CMMF010268	1854	Labrecque, Jacqueline		CC0_1_0	Université de Montréal Biodiversity Centre	Labrecque, Jacqueline			2024-01-24T16:38:21.537Z		INSTITUTION_MATCH_FUZZY;COLLECTION_MATCH_FUZZY;DIFFERENT_OWNER_INSTITUTION
