gbifID	datasetKey	occurrenceID	kingdom	phylum	class	order	family	genus	species	infraspecificEpithet	taxonRank	scientificName	verbatimScientificName	verbatimScientificNameAuthorship	countryCode	locality	stateProvince	occurrenceStatus	individualCount	publishingOrgKey	decimalLatitude	decimalLongitude	coordinateUncertaintyInMeters	coordinatePrecision	elevation	elevationAccuracy	depth	depthAccuracy	eventDate	day	month	year	taxonKey	speciesKey	basisOfRecord	institutionCode	collectionCode	catalogNumber	recordNumber	identifiedBy	dateIdentified	license	rightsHolder	recordedBy	typeStatus	establishmentMeans	lastInterpreted	mediaType	issue
617555794	21705170-d2b6-42de-8904-c3bca4b83591	CMMF000967	Fungi	Basidiomycota	Agaricomycetes	Sebacinales	Sebacinaceae	Sebacina	Sebacina schweinitzii		SPECIES	Tremellodendron pallidum Burt	Tremellodendron pallidum (Schwein.) Burt	(Schwein.) Burt	CA	Laval	Québec	PRESENT		ff7bd5db-b724-4932-b496-10ea298851f9	45.609608	-73.705867	17500.0						1990-07-06	6	7	1990	3353329	10752676	PRESERVED_SPECIMEN	Université de Montréal Biodiversity Centre	CMMF	CMMF000967		Lamoureux, Yves		CC0_1_0	Université de Montréal Biodiversity Centre	Lamoureux, Yves			2024-01-24T16:38:21.651Z	StillImage	INSTITUTION_MATCH_FUZZY;COLLECTION_MATCH_FUZZY;DIFFERENT_OWNER_INSTITUTION
617553347	21705170-d2b6-42de-8904-c3bca4b83591	CMMF003559	Fungi	Basidiomycota	Agaricomycetes	Sebacinales	Sebacinaceae	Sebacina	Sebacina schweinitzii		SPECIES	Tremellodendron pallidum Burt	Tremellodendron pallidum (Schwein.) Burt	(Schwein.) Burt	CA	Rawdon	Québec	PRESENT		ff7bd5db-b724-4932-b496-10ea298851f9	46.052398	-73.748752	11000.0						2001-07-18	18	7	2001	3353329	10752676	PRESERVED_SPECIMEN	Université de Montréal Biodiversity Centre	CMMF	CMMF003559		Lamoureux, Yves		CC0_1_0	Université de Montréal Biodiversity Centre	Lamoureux, Yves			2024-01-24T16:38:16.249Z	StillImage	INSTITUTION_MATCH_FUZZY;COLLECTION_MATCH_FUZZY;DIFFERENT_OWNER_INSTITUTION
617548790	21705170-d2b6-42de-8904-c3bca4b83591	CMMF000156	Fungi	Basidiomycota	Agaricomycetes	Sebacinales	Sebacinaceae	Sebacina	Sebacina schweinitzii		SPECIES	Tremellodendron pallidum Burt	Tremellodendron pallidum (Schwein.) Burt	(Schwein.) Burt	CA	Sainte-Marguerite-Station	Québec	PRESENT		ff7bd5db-b724-4932-b496-10ea298851f9	45.990446	-74.119788	3000.0						1988-08-08	8	8	1988	3353329	10752676	PRESERVED_SPECIMEN	Université de Montréal Biodiversity Centre	CMMF	CMMF000156		Lamoureux, Yves		CC0_1_0	Université de Montréal Biodiversity Centre	Lamoureux, Yves			2024-01-24T16:38:20.533Z	StillImage	INSTITUTION_MATCH_FUZZY;COLLECTION_MATCH_FUZZY;DIFFERENT_OWNER_INSTITUTION
617547531	21705170-d2b6-42de-8904-c3bca4b83591	CMMF001005	Fungi	Basidiomycota	Agaricomycetes	Sebacinales	Sebacinaceae	Sebacina	Sebacina schweinitzii		SPECIES	Tremellodendron pallidum Burt	Tremellodendron pallidum (Schwein.) Burt	(Schwein.) Burt	CA	L'Assomption	Québec	PRESENT		ff7bd5db-b724-4932-b496-10ea298851f9	45.864396	-73.439575	9000.0						1990-07-12	12	7	1990	3353329	10752676	PRESERVED_SPECIMEN	Université de Montréal Biodiversity Centre	CMMF	CMMF001005		Lamoureux, Yves		CC0_1_0	Université de Montréal Biodiversity Centre	Lamoureux, Yves			2024-01-24T16:38:16.305Z	StillImage	INSTITUTION_MATCH_FUZZY;COLLECTION_MATCH_FUZZY;DIFFERENT_OWNER_INSTITUTION
4994519711	50c9509d-22c7-4a22-a47d-8c48425ef4a7	https://www.inaturalist.org/observations/142164774	Fungi	Basidiomycota	Agaricomycetes	Sebacinales	Sebacinaceae	Sebacina	Sebacina schweinitzii		SPECIES	Sebacina schweinitzii (Peck) Oberw.	Sebacina schweinitzii		CA		New Brunswick	PRESENT		28eb1a3f-1c15-4a95-931a-4af90ecb574d	45.867189	-66.614556	27095.0						2022-09-16T14:20	16	9	2022	10752676	10752676	HUMAN_OBSERVATION	iNaturalist	Observations	142164774		Rachel Swenie	2022-11-19T02:22:33	CC_BY_NC_4_0	Elizabeth Lynch	Elizabeth Lynch			2025-01-14T12:32:41.786Z	StillImage	COORDINATE_ROUNDED;CONTINENT_DERIVED_FROM_COORDINATES;TAXON_MATCH_TAXON_ID_IGNORED
4952919578	50c9509d-22c7-4a22-a47d-8c48425ef4a7	https://www.inaturalist.org/observations/232805224	Fungi	Basidiomycota	Agaricomycetes	Sebacinales	Sebacinaceae	Sebacina	Sebacina schweinitzii		SPECIES	Sebacina schweinitzii (Peck) Oberw.	Sebacina schweinitzii		CA		Ontario	PRESENT		28eb1a3f-1c15-4a95-931a-4af90ecb574d	45.243437	-76.893163	1290.0						2024-07-30T11:08:38	30	7	2024	10752676	10752676	HUMAN_OBSERVATION	iNaturalist	Observations	232805224		Ed Lickey	2024-07-31T02:56:54	CC_BY_NC_4_0	Wendy Steeves	Wendy Steeves			2025-01-14T13:42:29.492Z	StillImage	COORDINATE_ROUNDED;CONTINENT_DERIVED_FROM_COORDINATES;TAXON_MATCH_TAXON_ID_IGNORED
4936144650	50c9509d-22c7-4a22-a47d-8c48425ef4a7	https://www.inaturalist.org/observations/238331493	Fungi	Basidiomycota	Agaricomycetes	Sebacinales	Sebacinaceae	Sebacina	Sebacina schweinitzii		SPECIES	Sebacina schweinitzii (Peck) Oberw.	Sebacina schweinitzii		CA		Ontario	PRESENT		28eb1a3f-1c15-4a95-931a-4af90ecb574d	45.563236	-75.273946	15.0						2024-08-27T14:29	27	8	2024	10752676	10752676	HUMAN_OBSERVATION	iNaturalist	Observations	238331493		jonathan_mack	2024-08-27T23:24:48	CC_BY_NC_4_0	jonathan_mack	jonathan_mack			2025-01-14T13:43:09.372Z	StillImage	COORDINATE_ROUNDED;CONTINENT_DERIVED_FROM_COORDINATES;TAXON_MATCH_TAXON_ID_IGNORED
4935803955	50c9509d-22c7-4a22-a47d-8c48425ef4a7	https://www.inaturalist.org/observations/237570899	Fungi	Basidiomycota	Agaricomycetes	Sebacinales	Sebacinaceae	Sebacina	Sebacina schweinitzii		SPECIES	Sebacina schweinitzii (Peck) Oberw.	Sebacina schweinitzii		CA		Ontario	PRESENT		28eb1a3f-1c15-4a95-931a-4af90ecb574d	45.37623	-76.581283	10.0						2024-08-22T10:29:13	22	8	2024	10752676	10752676	HUMAN_OBSERVATION	iNaturalist	Observations	237570899		Lynn Ovenden	2024-08-24T02:37:06	CC_BY_NC_4_0	Lynn Ovenden	Lynn Ovenden			2025-01-14T12:52:06.626Z	StillImage	COORDINATE_ROUNDED;CONTINENT_DERIVED_FROM_COORDINATES;TAXON_MATCH_TAXON_ID_IGNORED
4935634470	50c9509d-22c7-4a22-a47d-8c48425ef4a7	https://www.inaturalist.org/observations/237922720	Fungi	Basidiomycota	Agaricomycetes	Sebacinales	Sebacinaceae	Sebacina	Sebacina schweinitzii		SPECIES	Sebacina schweinitzii (Peck) Oberw.	Sebacina schweinitzii		CA		Ontario	PRESENT		28eb1a3f-1c15-4a95-931a-4af90ecb574d	45.172995	-76.260222							2024-08-25T13:01	25	8	2024	10752676	10752676	HUMAN_OBSERVATION	iNaturalist	Observations	237922720		Igor Khomenko	2024-08-25T19:18:12	CC_BY_NC_4_0	Igor Khomenko	Igor Khomenko			2025-01-14T13:46:57.944Z	StillImage	COORDINATE_ROUNDED;CONTINENT_DERIVED_FROM_COORDINATES;TAXON_MATCH_TAXON_ID_IGNORED
4926397580	50c9509d-22c7-4a22-a47d-8c48425ef4a7	https://www.inaturalist.org/observations/236389456	Fungi	Basidiomycota	Agaricomycetes	Sebacinales	Sebacinaceae	Sebacina	Sebacina schweinitzii		SPECIES	Sebacina schweinitzii (Peck) Oberw.	Sebacina schweinitzii		CA		Ontario	PRESENT		28eb1a3f-1c15-4a95-931a-4af90ecb574d	45.502449	-76.090232	39.0						2024-08-17T10:34	17	8	2024	10752676	10752676	HUMAN_OBSERVATION	iNaturalist	Observations	236389456		jonathan_mack	2024-08-17T22:53:31	CC_BY_NC_4_0	jonathan_mack	jonathan_mack			2025-01-14T13:41:53.495Z	StillImage	COORDINATE_ROUNDED;CONTINENT_DERIVED_FROM_COORDINATES;TAXON_MATCH_TAXON_ID_IGNORED
4923694192	50c9509d-22c7-4a22-a47d-8c48425ef4a7	https://www.inaturalist.org/observations/235608090	Fungi	Basidiomycota	Agaricomycetes	Sebacinales	Sebacinaceae	Sebacina	Sebacina schweinitzii		SPECIES	Sebacina schweinitzii (Peck) Oberw.	Sebacina schweinitzii		CA		Québec	PRESENT		28eb1a3f-1c15-4a95-931a-4af90ecb574d	45.987211	-73.168808	2655.0						2024-08-13T09:54:43	13	8	2024	10752676	10752676	HUMAN_OBSERVATION	iNaturalist	Observations	235608090		egrenier	2024-08-13T21:12:48	CC_BY_NC_4_0	egrenier	egrenier			2025-01-14T13:35:40.799Z	StillImage	COORDINATE_ROUNDED;CONTINENT_DERIVED_FROM_COORDINATES;TAXON_MATCH_TAXON_ID_IGNORED
4921637366	50c9509d-22c7-4a22-a47d-8c48425ef4a7	https://www.inaturalist.org/observations/233855648	Fungi	Basidiomycota	Agaricomycetes	Sebacinales	Sebacinaceae	Sebacina	Sebacina schweinitzii		SPECIES	Sebacina schweinitzii (Peck) Oberw.	Sebacina schweinitzii		CA		Ontario	PRESENT		28eb1a3f-1c15-4a95-931a-4af90ecb574d	45.408809	-75.545303	40.0						2024-08-04T13:41	4	8	2024	10752676	10752676	HUMAN_OBSERVATION	iNaturalist	Observations	233855648		jonathan_mack	2024-08-05T01:47:09	CC_BY_NC_4_0	jonathan_mack	jonathan_mack			2025-01-14T12:50:46.284Z	StillImage	COORDINATE_ROUNDED;CONTINENT_DERIVED_FROM_COORDINATES;TAXON_MATCH_TAXON_ID_IGNORED
4921626061	50c9509d-22c7-4a22-a47d-8c48425ef4a7	https://www.inaturalist.org/observations/232792642	Fungi	Basidiomycota	Agaricomycetes	Sebacinales	Sebacinaceae	Sebacina	Sebacina schweinitzii		SPECIES	Sebacina schweinitzii (Peck) Oberw.	Sebacina schweinitzii		CA		Québec	PRESENT		28eb1a3f-1c15-4a95-931a-4af90ecb574d	45.872811	-76.4339	501.0						2024-07-21T13:26	21	7	2024	10752676	10752676	HUMAN_OBSERVATION	iNaturalist	Observations	232792642		L Joan Heyding	2024-07-30T23:06:37	CC_BY_NC_4_0	L Joan Heyding	L Joan Heyding			2025-01-14T13:42:22.121Z	StillImage	COORDINATE_ROUNDED;CONTINENT_DERIVED_FROM_COORDINATES;TAXON_MATCH_TAXON_ID_IGNORED
4921426890	50c9509d-22c7-4a22-a47d-8c48425ef4a7	https://www.inaturalist.org/observations/234011943	Fungi	Basidiomycota	Agaricomycetes	Sebacinales	Sebacinaceae	Sebacina	Sebacina schweinitzii		SPECIES	Sebacina schweinitzii (Peck) Oberw.	Sebacina schweinitzii		CA		Québec	PRESENT		28eb1a3f-1c15-4a95-931a-4af90ecb574d	46.833848	-79.188168	15.0						2024-07-31T09:23	31	7	2024	10752676	10752676	HUMAN_OBSERVATION	iNaturalist	Observations	234011943		Jean-Marc Vallières	2024-08-05T20:23:36	CC_BY_NC_4_0	Jean-Marc Vallières	Jean-Marc Vallières			2025-01-14T13:42:11.673Z	StillImage	COORDINATE_ROUNDED;CONTINENT_DERIVED_FROM_COORDINATES;TAXON_MATCH_TAXON_ID_IGNORED
4908998533	50c9509d-22c7-4a22-a47d-8c48425ef4a7	https://www.inaturalist.org/observations/228909603	Fungi	Basidiomycota	Agaricomycetes	Sebacinales	Sebacinaceae	Sebacina	Sebacina schweinitzii		SPECIES	Sebacina schweinitzii (Peck) Oberw.	Sebacina schweinitzii		CA		Ontario	PRESENT		28eb1a3f-1c15-4a95-931a-4af90ecb574d	45.034937	-78.5234	27222.0						2024-07-12T15:27:42	12	7	2024	10752676	10752676	HUMAN_OBSERVATION	iNaturalist	Observations	228909603		Lee Cumming	2024-07-12T22:03:14	CC_BY_NC_4_0	Lee Cumming	Lee Cumming			2025-01-14T13:42:05.927Z	StillImage	COORDINATE_ROUNDED;CONTINENT_DERIVED_FROM_COORDINATES;TAXON_MATCH_TAXON_ID_IGNORED
4852624831	50c9509d-22c7-4a22-a47d-8c48425ef4a7	https://www.inaturalist.org/observations/173085219	Fungi	Basidiomycota	Agaricomycetes	Sebacinales	Sebacinaceae	Sebacina	Sebacina schweinitzii		SPECIES	Sebacina schweinitzii (Peck) Oberw.	Sebacina schweinitzii		CA		Nova Scotia	PRESENT		28eb1a3f-1c15-4a95-931a-4af90ecb574d	45.05547	-64.41599	1537.0						2023-07-15T14:07:29	15	7	2023	10752676	10752676	HUMAN_OBSERVATION	iNaturalist	Observations	173085219		Joshua Birkebak	2023-07-16T05:20:00	CC_BY_NC_4_0	mrs_trask	mrs_trask			2025-01-14T12:39:03.550Z	StillImage	COORDINATE_ROUNDED;CONTINENT_DERIVED_FROM_COORDINATES;TAXON_MATCH_TAXON_ID_IGNORED
4597321309	50c9509d-22c7-4a22-a47d-8c48425ef4a7	https://www.inaturalist.org/observations/178720238	Fungi	Basidiomycota	Agaricomycetes	Sebacinales	Sebacinaceae	Sebacina	Sebacina schweinitzii		SPECIES	Sebacina schweinitzii (Peck) Oberw.	Sebacina schweinitzii		CA		Québec	PRESENT		28eb1a3f-1c15-4a95-931a-4af90ecb574d	45.538803	-73.328824							2023-08-16T09:39	16	8	2023	10752676	10752676	HUMAN_OBSERVATION	iNaturalist	Observations	178720238		Stephen Russell	2023-12-24T17:37:05	CC_BY_NC_4_0	egrenier	egrenier			2025-01-14T12:38:43.432Z	StillImage	COORDINATE_ROUNDED;CONTINENT_DERIVED_FROM_COORDINATES;TAXON_MATCH_TAXON_ID_IGNORED
4535574477	50c9509d-22c7-4a22-a47d-8c48425ef4a7	https://www.inaturalist.org/observations/90253675	Fungi	Basidiomycota	Agaricomycetes	Sebacinales	Sebacinaceae	Sebacina	Sebacina schweinitzii		SPECIES	Sebacina schweinitzii (Peck) Oberw.	Sebacina schweinitzii		CA		Prince Edward Island	PRESENT		28eb1a3f-1c15-4a95-931a-4af90ecb574d	46.742841	-64.188309	8.0						2021-08-07T09:53:16	7	8	2021	10752676	10752676	HUMAN_OBSERVATION	iNaturalist	Observations	90253675		Jessika Gauvin	2024-01-19T02:40:07	CC_BY_NC_4_0	Rosemary Curley	Rosemary Curley			2025-01-14T12:20:06.067Z	StillImage	COORDINATE_ROUNDED;CONTINENT_DERIVED_FROM_COORDINATES;TAXON_MATCH_TAXON_ID_IGNORED
4525086314	50c9509d-22c7-4a22-a47d-8c48425ef4a7	https://www.inaturalist.org/observations/176490878	Fungi	Basidiomycota	Agaricomycetes	Sebacinales	Sebacinaceae	Sebacina	Sebacina schweinitzii		SPECIES	Sebacina schweinitzii (Peck) Oberw.	Sebacina schweinitzii		CA		Ontario	PRESENT		28eb1a3f-1c15-4a95-931a-4af90ecb574d	45.392095	-75.520438	6.0						2023-08-03T11:11:44	3	8	2023	10752676	10752676	HUMAN_OBSERVATION	iNaturalist	Observations	176490878		Igor Khomenko	2023-08-05T02:19:47	CC_BY_NC_4_0	Igor Khomenko	Igor Khomenko			2025-01-14T12:37:34.488Z	StillImage	COORDINATE_ROUNDED;CONTINENT_DERIVED_FROM_COORDINATES;TAXON_MATCH_TAXON_ID_IGNORED
4525037864	50c9509d-22c7-4a22-a47d-8c48425ef4a7	https://www.inaturalist.org/observations/121883042	Fungi	Basidiomycota	Agaricomycetes	Sebacinales	Sebacinaceae	Sebacina	Sebacina schweinitzii		SPECIES	Sebacina schweinitzii (Peck) Oberw.	Sebacina schweinitzii		CA		Ontario	PRESENT		28eb1a3f-1c15-4a95-931a-4af90ecb574d	45.395558	-76.129258	4.0						2022-06-15T11:17:20	15	6	2022	10752676	10752676	HUMAN_OBSERVATION	iNaturalist	Observations	121883042		Alain Rhéaume	2022-06-15T15:24:13	CC_BY_NC_4_0	Alain Rhéaume	Alain Rhéaume			2025-01-14T13:22:45.594Z	StillImage	COORDINATE_ROUNDED;CONTINENT_DERIVED_FROM_COORDINATES;TAXON_MATCH_TAXON_ID_IGNORED
4524978447	50c9509d-22c7-4a22-a47d-8c48425ef4a7	https://www.inaturalist.org/observations/185835932	Fungi	Basidiomycota	Agaricomycetes	Sebacinales	Sebacinaceae	Sebacina	Sebacina schweinitzii		SPECIES	Sebacina schweinitzii (Peck) Oberw.	Sebacina schweinitzii		CA		Ontario	PRESENT		28eb1a3f-1c15-4a95-931a-4af90ecb574d	45.861777	-77.758495	37627.0						2023-07-27T14:01:45	27	7	2023	10752676	10752676	HUMAN_OBSERVATION	iNaturalist	Observations	185835932		janesly	2023-10-02T00:48:31	CC_BY_NC_4_0	janesly	janesly			2025-01-14T12:42:56.418Z	StillImage	COORDINATE_ROUNDED;CONTINENT_DERIVED_FROM_COORDINATES;TAXON_MATCH_TAXON_ID_IGNORED
4420862131	50c9509d-22c7-4a22-a47d-8c48425ef4a7	https://www.inaturalist.org/observations/185817543	Fungi	Basidiomycota	Agaricomycetes	Sebacinales	Sebacinaceae	Sebacina	Sebacina schweinitzii		SPECIES	Sebacina schweinitzii (Peck) Oberw.	Sebacina schweinitzii		CA		Québec	PRESENT		28eb1a3f-1c15-4a95-931a-4af90ecb574d	48.356341	-68.293351	4134.0						2023-10-01T14:58	1	10	2023	10752676	10752676	HUMAN_OBSERVATION	iNaturalist	Observations	185817543		vladykov	2023-10-01T22:32:10	CC_BY_NC_4_0	vladykov	vladykov			2025-01-14T13:33:20.675Z	StillImage	COORDINATE_ROUNDED;CONTINENT_DERIVED_FROM_COORDINATES;TAXON_MATCH_TAXON_ID_IGNORED
4407544411	50c9509d-22c7-4a22-a47d-8c48425ef4a7	https://www.inaturalist.org/observations/181123123	Fungi	Basidiomycota	Agaricomycetes	Sebacinales	Sebacinaceae	Sebacina	Sebacina schweinitzii		SPECIES	Sebacina schweinitzii (Peck) Oberw.	Sebacina schweinitzii		CA		Québec	PRESENT		28eb1a3f-1c15-4a95-931a-4af90ecb574d	45.655093	-72.958861	61.0						2023-08-31T14:24	31	8	2023	10752676	10752676	HUMAN_OBSERVATION	iNaturalist	Observations	181123123		egrenier	2023-08-31T22:43:26	CC_BY_NC_4_0	egrenier	egrenier			2025-01-14T12:41:11.209Z	StillImage	COORDINATE_ROUNDED;CONTINENT_DERIVED_FROM_COORDINATES;TAXON_MATCH_TAXON_ID_IGNORED
4407111348	50c9509d-22c7-4a22-a47d-8c48425ef4a7	https://www.inaturalist.org/observations/62439888	Fungi	Basidiomycota	Agaricomycetes	Sebacinales	Sebacinaceae	Sebacina	Sebacina schweinitzii		SPECIES	Sebacina schweinitzii (Peck) Oberw.	Sebacina schweinitzii		CA		Ontario	PRESENT		28eb1a3f-1c15-4a95-931a-4af90ecb574d	45.121831	-77.97342	6.0						2020-10-10T16:12:12	10	10	2020	10752676	10752676	HUMAN_OBSERVATION	iNaturalist	Observations	62439888		cinna_latifolia	2021-02-17T06:11:39	CC_BY_NC_4_0	amkirb	amkirb			2025-01-14T13:05:18.617Z	StillImage	COORDINATE_ROUNDED;CONTINENT_DERIVED_FROM_COORDINATES;TAXON_MATCH_TAXON_ID_IGNORED
4405493101	50c9509d-22c7-4a22-a47d-8c48425ef4a7	https://www.inaturalist.org/observations/180383841	Fungi	Basidiomycota	Agaricomycetes	Sebacinales	Sebacinaceae	Sebacina	Sebacina schweinitzii		SPECIES	Sebacina schweinitzii (Peck) Oberw.	Sebacina schweinitzii		CA		Ontario	PRESENT		28eb1a3f-1c15-4a95-931a-4af90ecb574d	45.172955	-76.260078	10.0						2023-08-26T14:46:15	26	8	2023	10752676	10752676	HUMAN_OBSERVATION	iNaturalist	Observations	180383841		Lynn Ovenden	2023-08-27T03:17:02	CC_BY_NC_4_0	Lynn Ovenden	Lynn Ovenden			2025-01-14T12:44:13.715Z	StillImage	COORDINATE_ROUNDED;CONTINENT_DERIVED_FROM_COORDINATES;TAXON_MATCH_TAXON_ID_IGNORED
4405148032	50c9509d-22c7-4a22-a47d-8c48425ef4a7	https://www.inaturalist.org/observations/179769631	Fungi	Basidiomycota	Agaricomycetes	Sebacinales	Sebacinaceae	Sebacina	Sebacina schweinitzii		SPECIES	Sebacina schweinitzii (Peck) Oberw.	Sebacina schweinitzii		CA		Québec	PRESENT		28eb1a3f-1c15-4a95-931a-4af90ecb574d	45.413473	-75.832556	183.0						2023-08-16T12:11	16	8	2023	10752676	10752676	HUMAN_OBSERVATION	iNaturalist	Observations	179769631		L Joan Heyding	2023-08-23T01:50:18	CC_BY_NC_4_0	L Joan Heyding	L Joan Heyding			2025-01-14T12:39:15.632Z	StillImage	COORDINATE_ROUNDED;CONTINENT_DERIVED_FROM_COORDINATES;TAXON_MATCH_TAXON_ID_IGNORED
4405030120	50c9509d-22c7-4a22-a47d-8c48425ef4a7	https://www.inaturalist.org/observations/179765422	Fungi	Basidiomycota	Agaricomycetes	Sebacinales	Sebacinaceae	Sebacina	Sebacina schweinitzii		SPECIES	Sebacina schweinitzii (Peck) Oberw.	Sebacina schweinitzii		CA		Québec	PRESENT		28eb1a3f-1c15-4a95-931a-4af90ecb574d	45.376622	-71.911438	80.0						2023-08-21T13:27:32	21	8	2023	10752676	10752676	HUMAN_OBSERVATION	iNaturalist	Observations	179765422		elsa-m	2023-08-23T01:10:52	CC_BY_NC_4_0	elsa-m	elsa-m			2025-01-14T13:28:41.280Z	StillImage	COORDINATE_ROUNDED;CONTINENT_DERIVED_FROM_COORDINATES;TAXON_MATCH_TAXON_ID_IGNORED
4399998077	50c9509d-22c7-4a22-a47d-8c48425ef4a7	https://www.inaturalist.org/observations/178748477	Fungi	Basidiomycota	Agaricomycetes	Sebacinales	Sebacinaceae	Sebacina	Sebacina schweinitzii		SPECIES	Sebacina schweinitzii (Peck) Oberw.	Sebacina schweinitzii		CA		Ontario	PRESENT		28eb1a3f-1c15-4a95-931a-4af90ecb574d	45.234978	-75.497105	3500.0						2023-08-16T17:27:25	16	8	2023	10752676	10752676	HUMAN_OBSERVATION	iNaturalist	Observations	178748477		jane_clare_cooper	2023-08-16T21:28:02	CC_BY_NC_4_0	jane_clare_cooper	jane_clare_cooper			2025-01-14T13:32:46.944Z	StillImage	COORDINATE_ROUNDED;CONTINENT_DERIVED_FROM_COORDINATES;TAXON_MATCH_TAXON_ID_IGNORED
4177528501	50c9509d-22c7-4a22-a47d-8c48425ef4a7	https://www.inaturalist.org/observations/178288277	Fungi	Basidiomycota	Agaricomycetes	Sebacinales	Sebacinaceae	Sebacina	Sebacina schweinitzii		SPECIES	Sebacina schweinitzii (Peck) Oberw.	Sebacina schweinitzii		CA		Québec	PRESENT		28eb1a3f-1c15-4a95-931a-4af90ecb574d	45.757614	-74.19894	33189.0						2023-08-13T14:08	13	8	2023	10752676	10752676	HUMAN_OBSERVATION	iNaturalist	Observations	178288277		egrenier	2023-08-14T00:37:48	CC_BY_NC_4_0	egrenier	egrenier			2025-01-14T12:40:51.822Z	StillImage	CONTINENT_DERIVED_FROM_COORDINATES;TAXON_MATCH_TAXON_ID_IGNORED
4172293440	50c9509d-22c7-4a22-a47d-8c48425ef4a7	https://www.inaturalist.org/observations/177166240	Fungi	Basidiomycota	Agaricomycetes	Sebacinales	Sebacinaceae	Sebacina	Sebacina schweinitzii		SPECIES	Sebacina schweinitzii (Peck) Oberw.	Sebacina schweinitzii		CA		Québec	PRESENT		28eb1a3f-1c15-4a95-931a-4af90ecb574d	45.738066	-76.521161	27126.0						2023-08-07T09:23:30	7	8	2023	10752676	10752676	HUMAN_OBSERVATION	iNaturalist	Observations	177166240		bharkness	2023-08-07T14:00:37	CC_BY_NC_4_0	bharkness	bharkness			2025-01-14T12:38:02.648Z	StillImage	COORDINATE_ROUNDED;CONTINENT_DERIVED_FROM_COORDINATES;TAXON_MATCH_TAXON_ID_IGNORED
4172123611	50c9509d-22c7-4a22-a47d-8c48425ef4a7	https://www.inaturalist.org/observations/176624046	Fungi	Basidiomycota	Agaricomycetes	Sebacinales	Sebacinaceae	Sebacina	Sebacina schweinitzii		SPECIES	Sebacina schweinitzii (Peck) Oberw.	Sebacina schweinitzii		CA		Québec	PRESENT		28eb1a3f-1c15-4a95-931a-4af90ecb574d	46.779358	-71.272408	72.0						2023-07-31T17:11:36	31	7	2023	10752676	10752676	HUMAN_OBSERVATION	iNaturalist	Observations	176624046		Camille Boucher	2023-08-04T16:53:25	CC_BY_NC_4_0	Camille Boucher	Camille Boucher			2025-01-14T12:39:50.912Z	StillImage	COORDINATE_ROUNDED;CONTINENT_DERIVED_FROM_COORDINATES;TAXON_MATCH_TAXON_ID_IGNORED
4171990350	50c9509d-22c7-4a22-a47d-8c48425ef4a7	https://www.inaturalist.org/observations/176205900	Fungi	Basidiomycota	Agaricomycetes	Sebacinales	Sebacinaceae	Sebacina	Sebacina schweinitzii		SPECIES	Sebacina schweinitzii (Peck) Oberw.	Sebacina schweinitzii		CA		Québec	PRESENT		28eb1a3f-1c15-4a95-931a-4af90ecb574d	45.850753	-76.54052	4.0						2023-08-01T13:02:05	1	8	2023	10752676	10752676	HUMAN_OBSERVATION	iNaturalist	Observations	176205900		Antoine Fortin	2023-08-02T16:29:31	CC_BY_NC_4_0	Krista Rawlinson	Krista Rawlinson			2025-01-14T12:39:55.123Z	StillImage	COORDINATE_ROUNDED;CONTINENT_DERIVED_FROM_COORDINATES;TAXON_MATCH_TAXON_ID_IGNORED
4171957459	50c9509d-22c7-4a22-a47d-8c48425ef4a7	https://www.inaturalist.org/observations/175448011	Fungi	Basidiomycota	Agaricomycetes	Sebacinales	Sebacinaceae	Sebacina	Sebacina schweinitzii		SPECIES	Sebacina schweinitzii (Peck) Oberw.	Sebacina schweinitzii		CA		Québec	PRESENT		28eb1a3f-1c15-4a95-931a-4af90ecb574d	45.67758	-75.849762	23.0						2023-07-28T16:54:46	28	7	2023	10752676	10752676	HUMAN_OBSERVATION	iNaturalist	Observations	175448011		Celine Perrier	2023-07-28T22:53:31	CC_BY_NC_4_0	Celine Perrier	Celine Perrier			2025-01-14T12:39:19.981Z	StillImage	COORDINATE_ROUNDED;CONTINENT_DERIVED_FROM_COORDINATES;TAXON_MATCH_TAXON_ID_IGNORED
4171667635	50c9509d-22c7-4a22-a47d-8c48425ef4a7	https://www.inaturalist.org/observations/175009999	Fungi	Basidiomycota	Agaricomycetes	Sebacinales	Sebacinaceae	Sebacina	Sebacina schweinitzii		SPECIES	Sebacina schweinitzii (Peck) Oberw.	Sebacina schweinitzii		CA		Québec	PRESENT		28eb1a3f-1c15-4a95-931a-4af90ecb574d	45.977936	-76.485231	27095.0						2023-07-24T15:43	24	7	2023	10752676	10752676	HUMAN_OBSERVATION	iNaturalist	Observations	175009999		L Joan Heyding	2023-07-26T10:22:03	CC_BY_NC_4_0	L Joan Heyding	L Joan Heyding			2025-01-14T13:28:31.127Z	StillImage	COORDINATE_ROUNDED;CONTINENT_DERIVED_FROM_COORDINATES;TAXON_MATCH_TAXON_ID_IGNORED
4165786396	50c9509d-22c7-4a22-a47d-8c48425ef4a7	https://www.inaturalist.org/observations/174078841	Fungi	Basidiomycota	Agaricomycetes	Sebacinales	Sebacinaceae	Sebacina	Sebacina schweinitzii		SPECIES	Sebacina schweinitzii (Peck) Oberw.	Sebacina schweinitzii		CA		Québec	PRESENT		28eb1a3f-1c15-4a95-931a-4af90ecb574d	45.6257	-75.941055							2023-07-17T15:07:14	17	7	2023	10752676	10752676	HUMAN_OBSERVATION	iNaturalist	Observations	174078841		calvert7272	2023-07-21T11:25:34	CC_BY_NC_4_0	calvert7272	calvert7272			2025-01-14T12:39:22.353Z	StillImage	COORDINATE_ROUNDED;CONTINENT_DERIVED_FROM_COORDINATES;TAXON_MATCH_TAXON_ID_IGNORED
4165762806	50c9509d-22c7-4a22-a47d-8c48425ef4a7	https://www.inaturalist.org/observations/174311187	Fungi	Basidiomycota	Agaricomycetes	Sebacinales	Sebacinaceae	Sebacina	Sebacina schweinitzii		SPECIES	Sebacina schweinitzii (Peck) Oberw.	Sebacina schweinitzii		CA		Québec	PRESENT		28eb1a3f-1c15-4a95-931a-4af90ecb574d	45.55212	-73.321063	235.0						2023-07-22T13:13:29	22	7	2023	10752676	10752676	HUMAN_OBSERVATION	iNaturalist	Observations	174311187		sajala	2023-07-22T21:15:23	CC_BY_NC_4_0	sajala	sajala			2025-01-14T13:40:51.941Z	StillImage	COORDINATE_ROUNDED;CONTINENT_DERIVED_FROM_COORDINATES;TAXON_MATCH_TAXON_ID_IGNORED
4165668878	50c9509d-22c7-4a22-a47d-8c48425ef4a7	https://www.inaturalist.org/observations/174338978	Fungi	Basidiomycota	Agaricomycetes	Sebacinales	Sebacinaceae	Sebacina	Sebacina schweinitzii		SPECIES	Sebacina schweinitzii (Peck) Oberw.	Sebacina schweinitzii		CA		Québec	PRESENT		28eb1a3f-1c15-4a95-931a-4af90ecb574d	46.740519	-71.396893	46.0						2023-07-22T14:57:51	22	7	2023	10752676	10752676	HUMAN_OBSERVATION	iNaturalist	Observations	174338978		Camille Boucher	2023-07-22T20:01:12	CC_BY_NC_4_0	Camille Boucher	Camille Boucher			2025-01-14T13:31:18.001Z	StillImage	COORDINATE_ROUNDED;CONTINENT_DERIVED_FROM_COORDINATES;TAXON_MATCH_TAXON_ID_IGNORED
4165664958	50c9509d-22c7-4a22-a47d-8c48425ef4a7	https://www.inaturalist.org/observations/174396496	Fungi	Basidiomycota	Agaricomycetes	Sebacinales	Sebacinaceae	Sebacina	Sebacina schweinitzii		SPECIES	Sebacina schweinitzii (Peck) Oberw.	Sebacina schweinitzii		CA		Ontario	PRESENT		28eb1a3f-1c15-4a95-931a-4af90ecb574d	45.562203	-75.27331							2023-07-22T15:24	22	7	2023	10752676	10752676	HUMAN_OBSERVATION	iNaturalist	Observations	174396496		jonathan_mack	2023-07-23T01:53:54	CC_BY_NC_4_0	jonathan_mack	jonathan_mack			2025-01-14T12:37:53.275Z	StillImage	COORDINATE_ROUNDED;CONTINENT_DERIVED_FROM_COORDINATES;TAXON_MATCH_TAXON_ID_IGNORED
4165531883	50c9509d-22c7-4a22-a47d-8c48425ef4a7	https://www.inaturalist.org/observations/173913013	Fungi	Basidiomycota	Agaricomycetes	Sebacinales	Sebacinaceae	Sebacina	Sebacina schweinitzii		SPECIES	Sebacina schweinitzii (Peck) Oberw.	Sebacina schweinitzii		CA		Ontario	PRESENT		28eb1a3f-1c15-4a95-931a-4af90ecb574d	45.510508	-75.339202	182.0						2023-07-19T10:20:40	19	7	2023	10752676	10752676	HUMAN_OBSERVATION	iNaturalist	Observations	173913013		calvert7272	2023-07-20T12:19:12	CC_BY_NC_4_0	kevinwallace	kevinwallace			2025-01-14T12:39:23.451Z	StillImage	COORDINATE_ROUNDED;CONTINENT_DERIVED_FROM_COORDINATES;TAXON_MATCH_TAXON_ID_IGNORED
4162586374	50c9509d-22c7-4a22-a47d-8c48425ef4a7	https://www.inaturalist.org/observations/173648666	Fungi	Basidiomycota	Agaricomycetes	Sebacinales	Sebacinaceae	Sebacina	Sebacina schweinitzii		SPECIES	Sebacina schweinitzii (Peck) Oberw.	Sebacina schweinitzii		CA		Québec	PRESENT		28eb1a3f-1c15-4a95-931a-4af90ecb574d	46.22047	-74.584337	37.0						2023-07-18T12:50:29	18	7	2023	10752676	10752676	HUMAN_OBSERVATION	iNaturalist	Observations	173648666		Zoe McCormick	2023-07-18T20:32:12	CC_BY_NC_4_0	Sian Bryson	Sian Bryson			2025-01-14T12:40:10.249Z	StillImage	COORDINATE_ROUNDED;CONTINENT_DERIVED_FROM_COORDINATES;TAXON_MATCH_TAXON_ID_IGNORED
4162141297	50c9509d-22c7-4a22-a47d-8c48425ef4a7	https://www.inaturalist.org/observations/173640948	Fungi	Basidiomycota	Agaricomycetes	Sebacinales	Sebacinaceae	Sebacina	Sebacina schweinitzii		SPECIES	Sebacina schweinitzii (Peck) Oberw.	Sebacina schweinitzii		CA		Québec	PRESENT		28eb1a3f-1c15-4a95-931a-4af90ecb574d	45.517041	-75.969922	27158.0						2023-07-18T08:36	18	7	2023	10752676	10752676	HUMAN_OBSERVATION	iNaturalist	Observations	173640948		Antoine Fortin	2023-07-18T22:54:24	CC_BY_NC_4_0	filipstone	filipstone			2025-01-14T12:39:17.159Z	StillImage	COORDINATE_ROUNDED;CONTINENT_DERIVED_FROM_COORDINATES;TAXON_MATCH_TAXON_ID_IGNORED
4162030844	50c9509d-22c7-4a22-a47d-8c48425ef4a7	https://www.inaturalist.org/observations/172087760	Fungi	Basidiomycota	Agaricomycetes	Sebacinales	Sebacinaceae	Sebacina	Sebacina schweinitzii		SPECIES	Sebacina schweinitzii (Peck) Oberw.	Sebacina schweinitzii		CA		Québec	PRESENT		28eb1a3f-1c15-4a95-931a-4af90ecb574d	45.552414	-73.469616	483.0						2023-07-08T10:25	8	7	2023	10752676	10752676	HUMAN_OBSERVATION	iNaturalist	Observations	172087760		Antoine Fortin	2023-07-10T02:12:13	CC_BY_NC_4_0	Antoine Fortin	Antoine Fortin			2025-01-14T13:25:39.914Z	StillImage	COORDINATE_ROUNDED;CONTINENT_DERIVED_FROM_COORDINATES;TAXON_MATCH_TAXON_ID_IGNORED
4161977872	50c9509d-22c7-4a22-a47d-8c48425ef4a7	https://www.inaturalist.org/observations/172087761	Fungi	Basidiomycota	Agaricomycetes	Sebacinales	Sebacinaceae	Sebacina	Sebacina schweinitzii		SPECIES	Sebacina schweinitzii (Peck) Oberw.	Sebacina schweinitzii		CA		Québec	PRESENT		28eb1a3f-1c15-4a95-931a-4af90ecb574d	45.548988	-73.472363	376.0						2023-07-08T10:08	8	7	2023	10752676	10752676	HUMAN_OBSERVATION	iNaturalist	Observations	172087761		Antoine Fortin	2023-07-10T02:12:13	CC_BY_NC_4_0	Antoine Fortin	Antoine Fortin			2025-01-14T13:27:29.298Z	StillImage	COORDINATE_ROUNDED;CONTINENT_DERIVED_FROM_COORDINATES;TAXON_MATCH_TAXON_ID_IGNORED
4153843536	50c9509d-22c7-4a22-a47d-8c48425ef4a7	https://www.inaturalist.org/observations/172020996	Fungi	Basidiomycota	Agaricomycetes	Sebacinales	Sebacinaceae	Sebacina	Sebacina schweinitzii		SPECIES	Sebacina schweinitzii (Peck) Oberw.	Sebacina schweinitzii		CA		Québec	PRESENT		28eb1a3f-1c15-4a95-931a-4af90ecb574d	45.499216	-75.886299	61.0						2023-07-09T11:19	9	7	2023	10752676	10752676	HUMAN_OBSERVATION	iNaturalist	Observations	172020996		beedle_mcdeedle	2023-07-09T19:45:50	CC_BY_NC_4_0	beedle_mcdeedle	beedle_mcdeedle			2025-01-14T12:43:12.452Z	StillImage	COORDINATE_ROUNDED;CONTINENT_DERIVED_FROM_COORDINATES;TAXON_MATCH_TAXON_ID_IGNORED
4126710851	50c9509d-22c7-4a22-a47d-8c48425ef4a7	https://www.inaturalist.org/observations/86664815	Fungi	Basidiomycota	Agaricomycetes	Sebacinales	Sebacinaceae	Sebacina	Sebacina schweinitzii		SPECIES	Sebacina schweinitzii (Peck) Oberw.	Sebacina schweinitzii		CA		Ontario	PRESENT		28eb1a3f-1c15-4a95-931a-4af90ecb574d	45.454874	-75.54587	45.0						2021-07-11T14:38	11	7	2021	10752676	10752676	HUMAN_OBSERVATION	iNaturalist	Observations	86664815		jonathan_mack	2021-07-12T02:09:50	CC_BY_NC_4_0	jonathan_mack	jonathan_mack			2025-01-14T13:13:16.530Z	StillImage	COORDINATE_ROUNDED;CONTINENT_DERIVED_FROM_COORDINATES;TAXON_MATCH_TAXON_ID_IGNORED
4120858384	50c9509d-22c7-4a22-a47d-8c48425ef4a7	https://www.inaturalist.org/observations/87898638	Fungi	Basidiomycota	Agaricomycetes	Sebacinales	Sebacinaceae	Sebacina	Sebacina schweinitzii		SPECIES	Sebacina schweinitzii (Peck) Oberw.	Sebacina schweinitzii		CA		Ontario	PRESENT		28eb1a3f-1c15-4a95-931a-4af90ecb574d	46.193542	-77.841172	24.0						2021-07-14T19:30	14	7	2021	10752676	10752676	HUMAN_OBSERVATION	iNaturalist	Observations	87898638		Dan MacNeal	2021-07-20T19:54:14	CC_BY_4_0	Dan MacNeal	Dan MacNeal			2025-01-14T12:21:53.027Z	StillImage	COORDINATE_ROUNDED;CONTINENT_DERIVED_FROM_COORDINATES;TAXON_MATCH_TAXON_ID_IGNORED
4023452103	0f83123f-0c04-4556-8f4d-5a4e2a9bac66	http://id.luomus.fi/MY.8973081	Fungi	Basidiomycota	Agaricomycetes	Sebacinales	Sebacinaceae	Sebacina	Sebacina schweinitzii		SPECIES	Sebacina schweinitzii (Peck) Oberw.	Sebacina schweinitzii (Peck) Oberw.		CA	Ginns' Farm	Quebec	PRESENT		04fd2e13-6881-4e5c-9dd1-8fdd9ab993c1	45.56	-75.78							1993-08-26T00:00Z	26	8	1993	10752676	10752676	PRESERVED_SPECIMEN	H		http://id.luomus.fi/HA.H7061062	9958			CC_BY_4_0		Ginns, J.			2025-01-12T05:29:55.949Z		CONTINENT_DERIVED_FROM_COORDINATES;COLLECTION_MATCH_NONE;INSTITUTION_MATCH_FUZZY
4014928424	50c9509d-22c7-4a22-a47d-8c48425ef4a7	https://www.inaturalist.org/observations/87799768	Fungi	Basidiomycota	Agaricomycetes	Sebacinales	Sebacinaceae	Sebacina	Sebacina schweinitzii		SPECIES	Sebacina schweinitzii (Peck) Oberw.	Sebacina schweinitzii		CA		Ontario	PRESENT		28eb1a3f-1c15-4a95-931a-4af90ecb574d	45.211555	-78.118797	27.0						2021-07-17T20:08:32	17	7	2021	10752676	10752676	HUMAN_OBSERVATION	iNaturalist	Observations	87799768		Alexandra Gillespie	2021-07-20T01:44:18	CC0_1_0	Alexandra Gillespie	Alexandra Gillespie			2025-01-14T12:20:21.282Z	StillImage	COORDINATE_ROUNDED;CONTINENT_DERIVED_FROM_COORDINATES;TAXON_MATCH_TAXON_ID_IGNORED
4011711120	50c9509d-22c7-4a22-a47d-8c48425ef4a7	https://www.inaturalist.org/observations/145536435	Fungi	Basidiomycota	Agaricomycetes	Sebacinales	Sebacinaceae	Sebacina	Sebacina schweinitzii		SPECIES	Sebacina schweinitzii (Peck) Oberw.	Sebacina schweinitzii		CA		Ontario	PRESENT		28eb1a3f-1c15-4a95-931a-4af90ecb574d	45.061036	-78.460655							2021-08-17T09:59	17	8	2021	10752676	10752676	HUMAN_OBSERVATION	iNaturalist	Observations	145536435		Lee Cumming	2022-12-31T23:00:33	CC_BY_NC_4_0	Lee Cumming	Lee Cumming			2025-01-14T13:26:16.496Z	StillImage	CONTINENT_DERIVED_FROM_COORDINATES;TAXON_MATCH_TAXON_ID_IGNORED
4009761712	50c9509d-22c7-4a22-a47d-8c48425ef4a7	https://www.inaturalist.org/observations/144737282	Fungi	Basidiomycota	Agaricomycetes	Sebacinales	Sebacinaceae	Sebacina	Sebacina schweinitzii		SPECIES	Sebacina schweinitzii (Peck) Oberw.	Sebacina schweinitzii		CA		Québec	PRESENT		28eb1a3f-1c15-4a95-931a-4af90ecb574d	46.922816	-71.237912	61.0						2022-08-29	29	8	2022	10752676	10752676	HUMAN_OBSERVATION	iNaturalist	Observations	144737282		cinna_latifolia	2022-12-22T18:24:27	CC_BY_NC_4_0	Christian Grenier	Christian Grenier			2025-01-14T12:32:51.380Z	StillImage	COORDINATE_ROUNDED;CONTINENT_DERIVED_FROM_COORDINATES;TAXON_MATCH_TAXON_ID_IGNORED
3994196190	50c9509d-22c7-4a22-a47d-8c48425ef4a7	https://www.inaturalist.org/observations/144237112	Fungi	Basidiomycota	Agaricomycetes	Sebacinales	Sebacinaceae	Sebacina	Sebacina schweinitzii		SPECIES	Sebacina schweinitzii (Peck) Oberw.	Sebacina schweinitzii		CA		Québec	PRESENT		28eb1a3f-1c15-4a95-931a-4af90ecb574d	46.835286	-71.31179	15.0						2022-09-02	2	9	2022	10752676	10752676	HUMAN_OBSERVATION	iNaturalist	Observations	144237112		Christian Grenier	2022-12-12T16:32:05	CC_BY_NC_4_0	Christian Grenier	Christian Grenier			2025-01-14T13:27:09.016Z	StillImage	COORDINATE_ROUNDED;CONTINENT_DERIVED_FROM_COORDINATES;TAXON_MATCH_TAXON_ID_IGNORED
3985605733	50c9509d-22c7-4a22-a47d-8c48425ef4a7	https://www.inaturalist.org/observations/132713034	Fungi	Basidiomycota	Agaricomycetes	Sebacinales	Sebacinaceae	Sebacina	Sebacina schweinitzii		SPECIES	Sebacina schweinitzii (Peck) Oberw.	Sebacina schweinitzii		CA		Nova Scotia	PRESENT		28eb1a3f-1c15-4a95-931a-4af90ecb574d	45.641533	-64.085744	56.0						2022-08-26T16:55	26	8	2022	10752676	10752676	HUMAN_OBSERVATION	iNaturalist	Observations	132713034		Ben	2022-08-28T23:31:53	CC_BY_NC_4_0	Ben	Ben			2025-01-14T12:31:40.476Z	StillImage	COORDINATE_ROUNDED;CONTINENT_DERIVED_FROM_COORDINATES;TAXON_MATCH_TAXON_ID_IGNORED
3961004620	50c9509d-22c7-4a22-a47d-8c48425ef4a7	https://www.inaturalist.org/observations/135653927	Fungi	Basidiomycota	Agaricomycetes	Sebacinales	Sebacinaceae	Sebacina	Sebacina schweinitzii		SPECIES	Sebacina schweinitzii (Peck) Oberw.	Sebacina schweinitzii		CA		Ontario	PRESENT		28eb1a3f-1c15-4a95-931a-4af90ecb574d	45.121639	-77.973403	137.0						2022-09-17T12:32:26	17	9	2022	10752676	10752676	HUMAN_OBSERVATION	iNaturalist	Observations	135653927		cinna_latifolia	2022-10-30T22:16:50	CC_BY_NC_4_0	amkirb	amkirb			2025-01-14T13:20:11.903Z	StillImage	COORDINATE_ROUNDED;CONTINENT_DERIVED_FROM_COORDINATES;TAXON_MATCH_TAXON_ID_IGNORED
3925377426	50c9509d-22c7-4a22-a47d-8c48425ef4a7	https://www.inaturalist.org/observations/89531615	Fungi	Basidiomycota	Agaricomycetes	Sebacinales	Sebacinaceae	Sebacina	Sebacina schweinitzii		SPECIES	Sebacina schweinitzii (Peck) Oberw.	Sebacina schweinitzii		CA		Ontario	PRESENT		28eb1a3f-1c15-4a95-931a-4af90ecb574d	45.124483	-77.839322							2021-08-01T14:41:16	1	8	2021	10752676	10752676	HUMAN_OBSERVATION	iNaturalist	Observations	89531615		Kim	2021-08-01T19:42:47	CC_BY_NC_4_0	Kim	Kim			2025-01-14T12:20:20.862Z	StillImage	COORDINATE_ROUNDED;CONTINENT_DERIVED_FROM_COORDINATES;TAXON_MATCH_TAXON_ID_IGNORED
3925177417	50c9509d-22c7-4a22-a47d-8c48425ef4a7	https://www.inaturalist.org/observations/89791586	Fungi	Basidiomycota	Agaricomycetes	Sebacinales	Sebacinaceae	Sebacina	Sebacina schweinitzii		SPECIES	Sebacina schweinitzii (Peck) Oberw.	Sebacina schweinitzii		CA		Ontario	PRESENT		28eb1a3f-1c15-4a95-931a-4af90ecb574d	45.654725	-77.511008	55.0						2021-08-03T11:18:08	3	8	2021	10752676	10752676	HUMAN_OBSERVATION	iNaturalist	Observations	89791586		mindyanng	2021-08-03T16:24:04	CC_BY_NC_4_0	mindyanng	mindyanng			2025-01-14T12:20:23.492Z	StillImage	COORDINATE_ROUNDED;CONTINENT_DERIVED_FROM_COORDINATES;TAXON_MATCH_TAXON_ID_IGNORED
3925117578	50c9509d-22c7-4a22-a47d-8c48425ef4a7	https://www.inaturalist.org/observations/129922246	Fungi	Basidiomycota	Agaricomycetes	Sebacinales	Sebacinaceae	Sebacina	Sebacina schweinitzii		SPECIES	Sebacina schweinitzii (Peck) Oberw.	Sebacina schweinitzii		CA		Québec	PRESENT		28eb1a3f-1c15-4a95-931a-4af90ecb574d	45.155322	-72.24572	4.0						2022-08-07T10:00:07	7	8	2022	10752676	10752676	HUMAN_OBSERVATION	iNaturalist	Observations	129922246		Laura Baxley	2022-08-08T01:49:06	CC_BY_NC_4_0	Laura Baxley	Laura Baxley			2025-01-14T12:32:12.493Z	StillImage	COORDINATE_ROUNDED;CONTINENT_DERIVED_FROM_COORDINATES;TAXON_MATCH_TAXON_ID_IGNORED
3925105352	50c9509d-22c7-4a22-a47d-8c48425ef4a7	https://www.inaturalist.org/observations/32165331	Fungi	Basidiomycota	Agaricomycetes	Sebacinales	Sebacinaceae	Sebacina	Sebacina schweinitzii		SPECIES	Sebacina schweinitzii (Peck) Oberw.	Sebacina schweinitzii		CA		Nova Scotia	PRESENT		28eb1a3f-1c15-4a95-931a-4af90ecb574d	45.058202	-64.385958	32.0						2019-09-05T10:41:53	5	9	2019	10752676	10752676	HUMAN_OBSERVATION	iNaturalist	Observations	32165331		keelercolton	2019-09-05T15:55:14	CC_BY_NC_4_0	keelercolton	keelercolton			2025-01-14T12:59:29.691Z	StillImage	COORDINATE_ROUNDED;CONTINENT_DERIVED_FROM_COORDINATES;TAXON_MATCH_TAXON_ID_IGNORED
3925093542	50c9509d-22c7-4a22-a47d-8c48425ef4a7	https://www.inaturalist.org/observations/127749977	Fungi	Basidiomycota	Agaricomycetes	Sebacinales	Sebacinaceae	Sebacina	Sebacina schweinitzii		SPECIES	Sebacina schweinitzii (Peck) Oberw.	Sebacina schweinitzii		CA		Québec	PRESENT		28eb1a3f-1c15-4a95-931a-4af90ecb574d	46.54403	-72.409387	200.0						2022-07-23T10:22:50	23	7	2022	10752676	10752676	HUMAN_OBSERVATION	iNaturalist	Observations	127749977		Hilde Marie Johansen	2022-07-24T21:51:05	CC_BY_NC_4_0	Hilde Marie Johansen	Hilde Marie Johansen			2025-01-14T12:30:33.447Z	StillImage	COORDINATE_ROUNDED;CONTINENT_DERIVED_FROM_COORDINATES;TAXON_MATCH_TAXON_ID_IGNORED
3925091425	50c9509d-22c7-4a22-a47d-8c48425ef4a7	https://www.inaturalist.org/observations/91146580	Fungi	Basidiomycota	Agaricomycetes	Sebacinales	Sebacinaceae	Sebacina	Sebacina schweinitzii		SPECIES	Sebacina schweinitzii (Peck) Oberw.	Sebacina schweinitzii		CA		Québec	PRESENT		28eb1a3f-1c15-4a95-931a-4af90ecb574d	46.065823	-74.675568	6.0						2021-08-14T13:55:52	14	8	2021	10752676	10752676	HUMAN_OBSERVATION	iNaturalist	Observations	91146580		zactodactyl	2021-08-14T17:55:57	CC_BY_NC_4_0	zactodactyl	zactodactyl			2025-01-14T14:02:00.159Z	StillImage	COORDINATE_ROUNDED;CONTINENT_DERIVED_FROM_COORDINATES;TAXON_MATCH_TAXON_ID_IGNORED
3925088375	50c9509d-22c7-4a22-a47d-8c48425ef4a7	https://www.inaturalist.org/observations/58784714	Fungi	Basidiomycota	Agaricomycetes	Sebacinales	Sebacinaceae	Sebacina	Sebacina schweinitzii		SPECIES	Sebacina schweinitzii (Peck) Oberw.	Sebacina schweinitzii		CA		Ontario	PRESENT		28eb1a3f-1c15-4a95-931a-4af90ecb574d	45.480378	-76.076522	48.0						2020-09-06T16:39:02	6	9	2020	10752676	10752676	HUMAN_OBSERVATION	iNaturalist	Observations	58784714		Angela Skevington	2020-09-06T23:46:24	CC_BY_NC_4_0	Angela Skevington	Angela Skevington			2025-01-14T13:58:31.486Z	StillImage	COORDINATE_ROUNDED;CONTINENT_DERIVED_FROM_COORDINATES;TAXON_MATCH_TAXON_ID_IGNORED
3925029578	50c9509d-22c7-4a22-a47d-8c48425ef4a7	https://www.inaturalist.org/observations/127712124	Fungi	Basidiomycota	Agaricomycetes	Sebacinales	Sebacinaceae	Sebacina	Sebacina schweinitzii		SPECIES	Sebacina schweinitzii (Peck) Oberw.	Sebacina schweinitzii		CA		Québec	PRESENT		28eb1a3f-1c15-4a95-931a-4af90ecb574d	46.758724	-76.402323	488.0						2022-07-09T17:09	9	7	2022	10752676	10752676	HUMAN_OBSERVATION	iNaturalist	Observations	127712124		Carole Beauchesne	2022-07-24T17:53:24	CC_BY_NC_4_0	Carole Beauchesne	Carole Beauchesne			2025-01-14T13:17:51.280Z	StillImage	COORDINATE_ROUNDED;CONTINENT_DERIVED_FROM_COORDINATES;TAXON_MATCH_TAXON_ID_IGNORED
3925014371	50c9509d-22c7-4a22-a47d-8c48425ef4a7	https://www.inaturalist.org/observations/58421210	Fungi	Basidiomycota	Agaricomycetes	Sebacinales	Sebacinaceae	Sebacina	Sebacina schweinitzii		SPECIES	Sebacina schweinitzii (Peck) Oberw.	Sebacina schweinitzii		CA		Ontario	PRESENT		28eb1a3f-1c15-4a95-931a-4af90ecb574d	45.37472	-75.246803	265.0						2020-09-01T15:20:44	1	9	2020	10752676	10752676	HUMAN_OBSERVATION	iNaturalist	Observations	58421210		Lynn Ovenden	2020-09-03T15:31:06	CC_BY_NC_4_0	Lynn Ovenden	Lynn Ovenden			2025-01-14T13:09:40.806Z	StillImage	COORDINATE_ROUNDED;CONTINENT_DERIVED_FROM_COORDINATES;TAXON_MATCH_TAXON_ID_IGNORED
3925013380	50c9509d-22c7-4a22-a47d-8c48425ef4a7	https://www.inaturalist.org/observations/57943181	Fungi	Basidiomycota	Agaricomycetes	Sebacinales	Sebacinaceae	Sebacina	Sebacina schweinitzii		SPECIES	Sebacina schweinitzii (Peck) Oberw.	Sebacina schweinitzii		CA		Québec	PRESENT		28eb1a3f-1c15-4a95-931a-4af90ecb574d	46.300782	-73.090235	80.0						2020-08-25T15:54	25	8	2020	10752676	10752676	HUMAN_OBSERVATION	iNaturalist	Observations	57943181		Vadim Zamaruyev	2020-08-29T18:01:04	CC_BY_NC_4_0	Vadim Zamaruyev	Vadim Zamaruyev			2025-01-14T13:05:25.461Z	StillImage	COORDINATE_ROUNDED;CONTINENT_DERIVED_FROM_COORDINATES;TAXON_MATCH_TAXON_ID_IGNORED
3924998694	50c9509d-22c7-4a22-a47d-8c48425ef4a7	https://www.inaturalist.org/observations/137180397	Fungi	Basidiomycota	Agaricomycetes	Sebacinales	Sebacinaceae	Sebacina	Sebacina schweinitzii		SPECIES	Sebacina schweinitzii (Peck) Oberw.	Sebacina schweinitzii		CA		Québec	PRESENT		28eb1a3f-1c15-4a95-931a-4af90ecb574d	45.875427	-76.43988	537.0						2022-10-01T11:26:32	1	10	2022	10752676	10752676	HUMAN_OBSERVATION	iNaturalist	Observations	137180397		hendrixmom	2022-10-01T18:42:44	CC_BY_NC_4_0	hendrixmom	hendrixmom			2025-01-14T12:32:35.382Z	StillImage	COORDINATE_ROUNDED;CONTINENT_DERIVED_FROM_COORDINATES;TAXON_MATCH_TAXON_ID_IGNORED
3903596919	50c9509d-22c7-4a22-a47d-8c48425ef4a7	https://www.inaturalist.org/observations/133281092	Fungi	Basidiomycota	Agaricomycetes	Sebacinales	Sebacinaceae	Sebacina	Sebacina schweinitzii		SPECIES	Sebacina schweinitzii (Peck) Oberw.	Sebacina schweinitzii		CA		Québec	PRESENT		28eb1a3f-1c15-4a95-931a-4af90ecb574d	45.876243	-76.566453	27095.0						2022-09-01T08:54	1	9	2022	10752676	10752676	HUMAN_OBSERVATION	iNaturalist	Observations	133281092		L Joan Heyding	2022-09-02T01:03:13	CC_BY_NC_4_0	L Joan Heyding	L Joan Heyding			2025-01-14T13:25:12.190Z	StillImage	COORDINATE_ROUNDED;CONTINENT_DERIVED_FROM_COORDINATES;TAXON_MATCH_TAXON_ID_IGNORED
3903507402	50c9509d-22c7-4a22-a47d-8c48425ef4a7	https://www.inaturalist.org/observations/134367076	Fungi	Basidiomycota	Agaricomycetes	Sebacinales	Sebacinaceae	Sebacina	Sebacina schweinitzii		SPECIES	Sebacina schweinitzii (Peck) Oberw.	Sebacina schweinitzii		CA		Ontario	PRESENT		28eb1a3f-1c15-4a95-931a-4af90ecb574d	45.160534	-75.927528							2022-09-09T18:25:44	9	9	2022	10752676	10752676	HUMAN_OBSERVATION	iNaturalist	Observations	134367076		Alexis Williams	2022-09-10T00:45:59	CC_BY_4_0	Alexis Williams	Alexis Williams			2025-01-14T13:31:07.302Z	StillImage	COORDINATE_ROUNDED;CONTINENT_DERIVED_FROM_COORDINATES;TAXON_MATCH_TAXON_ID_IGNORED
3903300202	50c9509d-22c7-4a22-a47d-8c48425ef4a7	https://www.inaturalist.org/observations/134594148	Fungi	Basidiomycota	Agaricomycetes	Sebacinales	Sebacinaceae	Sebacina	Sebacina schweinitzii		SPECIES	Sebacina schweinitzii (Peck) Oberw.	Sebacina schweinitzii		CA		Ontario	PRESENT		28eb1a3f-1c15-4a95-931a-4af90ecb574d	45.332588	-76.376465							2022-09-10T11:30	10	9	2022	10752676	10752676	HUMAN_OBSERVATION	iNaturalist	Observations	134594148		jonathan_mack	2022-09-11T16:07:07	CC_BY_NC_4_0	jonathan_mack	jonathan_mack			2025-01-14T12:33:20.274Z	StillImage	COORDINATE_ROUNDED;CONTINENT_DERIVED_FROM_COORDINATES;TAXON_MATCH_TAXON_ID_IGNORED
3902658899	50c9509d-22c7-4a22-a47d-8c48425ef4a7	https://www.inaturalist.org/observations/134232516	Fungi	Basidiomycota	Agaricomycetes	Sebacinales	Sebacinaceae	Sebacina	Sebacina schweinitzii		SPECIES	Sebacina schweinitzii (Peck) Oberw.	Sebacina schweinitzii		CA		Québec	PRESENT		28eb1a3f-1c15-4a95-931a-4af90ecb574d	45.805506	-76.456819	27095.0						2022-09-05T11:03	5	9	2022	10752676	10752676	HUMAN_OBSERVATION	iNaturalist	Observations	134232516		L Joan Heyding	2022-09-08T22:45:33	CC_BY_NC_4_0	L Joan Heyding	L Joan Heyding			2025-01-14T13:16:54.131Z	StillImage	COORDINATE_ROUNDED;CONTINENT_DERIVED_FROM_COORDINATES;TAXON_MATCH_TAXON_ID_IGNORED
3859800057	50c9509d-22c7-4a22-a47d-8c48425ef4a7	https://www.inaturalist.org/observations/124576326	Fungi	Basidiomycota	Agaricomycetes	Sebacinales	Sebacinaceae	Sebacina	Sebacina schweinitzii		SPECIES	Sebacina schweinitzii (Peck) Oberw.	Sebacina schweinitzii		CA		Ontario	PRESENT		28eb1a3f-1c15-4a95-931a-4af90ecb574d	45.457108	-75.547393	4.0						2022-07-02T14:28	2	7	2022	10752676	10752676	HUMAN_OBSERVATION	iNaturalist	Observations	124576326		jonathan_mack	2022-07-03T16:14:41	CC_BY_NC_4_0	jonathan_mack	jonathan_mack			2025-01-14T12:30:08.467Z	StillImage	COORDINATE_ROUNDED;CONTINENT_DERIVED_FROM_COORDINATES;TAXON_MATCH_TAXON_ID_IGNORED
3759207840	50c9509d-22c7-4a22-a47d-8c48425ef4a7	https://www.inaturalist.org/observations/104727828	Fungi	Basidiomycota	Agaricomycetes	Sebacinales	Sebacinaceae	Sebacina	Sebacina schweinitzii		SPECIES	Sebacina schweinitzii (Peck) Oberw.	Sebacina schweinitzii		CA		Ontario	PRESENT		28eb1a3f-1c15-4a95-931a-4af90ecb574d	45.071753	-79.117632	229.0						2015-08-25T14:26	25	8	2015	10752676	10752676	HUMAN_OBSERVATION	iNaturalist	Observations	104727828		Peter Jessen	2022-01-10T22:12:46	CC_BY_NC_4_0	Peter Jessen	Peter Jessen			2025-01-14T13:18:13.491Z	StillImage	COORDINATE_ROUNDED;CONTINENT_DERIVED_FROM_COORDINATES;TAXON_MATCH_TAXON_ID_IGNORED
3743326407	50c9509d-22c7-4a22-a47d-8c48425ef4a7	https://www.inaturalist.org/observations/95082105	Fungi	Basidiomycota	Agaricomycetes	Sebacinales	Sebacinaceae	Sebacina	Sebacina schweinitzii		SPECIES	Sebacina schweinitzii (Peck) Oberw.	Sebacina schweinitzii		CA		Nova Scotia	PRESENT		28eb1a3f-1c15-4a95-931a-4af90ecb574d	45.641338	-64.085968	30.0						2021-09-16T14:59	16	9	2021	10752676	10752676	HUMAN_OBSERVATION	iNaturalist	Observations	95082105		Ben	2021-09-16T21:42:28	CC_BY_NC_4_0	Ben	Ben			2025-01-14T13:11:38.373Z	StillImage	CONTINENT_DERIVED_FROM_COORDINATES;TAXON_MATCH_TAXON_ID_IGNORED
3455717232	50c9509d-22c7-4a22-a47d-8c48425ef4a7	https://www.inaturalist.org/observations/104727833	Fungi	Basidiomycota	Agaricomycetes	Sebacinales	Sebacinaceae	Sebacina	Sebacina schweinitzii		SPECIES	Sebacina schweinitzii (Peck) Oberw.	Sebacina schweinitzii		CA		Ontario	PRESENT		28eb1a3f-1c15-4a95-931a-4af90ecb574d	45.071753	-79.117632	229.0						2015-08-25T15:01	25	8	2015	10752676	10752676	HUMAN_OBSERVATION	iNaturalist	Observations	104727833		Paula DeSanto	2022-01-10T23:55:18	CC_BY_NC_4_0	Peter Jessen	Peter Jessen			2025-01-14T12:24:42.255Z	StillImage	COORDINATE_ROUNDED;CONTINENT_DERIVED_FROM_COORDINATES;TAXON_MATCH_TAXON_ID_IGNORED
3384711274	50c9509d-22c7-4a22-a47d-8c48425ef4a7	https://www.inaturalist.org/observations/97137628	Fungi	Basidiomycota	Agaricomycetes	Sebacinales	Sebacinaceae	Sebacina	Sebacina schweinitzii		SPECIES	Sebacina schweinitzii (Peck) Oberw.	Sebacina schweinitzii		CA		New Brunswick	PRESENT		28eb1a3f-1c15-4a95-931a-4af90ecb574d	47.747145	-65.756475	26807.0						2021-10-03T17:32:34	3	10	2021	10752676	10752676	HUMAN_OBSERVATION	iNaturalist	Observations	97137628		Garrett Taylor	2021-10-04T15:10:42	CC_BY_NC_4_0	janellemclaughlin	janellemclaughlin			2025-01-14T13:15:21.515Z	StillImage	COORDINATE_ROUNDED;CONTINENT_DERIVED_FROM_COORDINATES;TAXON_MATCH_TAXON_ID_IGNORED
3384662033	50c9509d-22c7-4a22-a47d-8c48425ef4a7	https://www.inaturalist.org/observations/91340366	Fungi	Basidiomycota	Agaricomycetes	Sebacinales	Sebacinaceae	Sebacina	Sebacina schweinitzii		SPECIES	Sebacina schweinitzii (Peck) Oberw.	Sebacina schweinitzii		CA		Ontario	PRESENT		28eb1a3f-1c15-4a95-931a-4af90ecb574d	45.446075	-77.820847	10.0						2021-08-13T17:29	13	8	2021	10752676	10752676	HUMAN_OBSERVATION	iNaturalist	Observations	91340366		bharkness	2021-08-15T23:07:55	CC_BY_NC_4_0	bharkness	bharkness			2025-01-14T12:20:30.002Z	StillImage	COORDINATE_ROUNDED;CONTINENT_DERIVED_FROM_COORDINATES;TAXON_MATCH_TAXON_ID_IGNORED
3384628990	50c9509d-22c7-4a22-a47d-8c48425ef4a7	https://www.inaturalist.org/observations/90407723	Fungi	Basidiomycota	Agaricomycetes	Sebacinales	Sebacinaceae	Sebacina	Sebacina schweinitzii		SPECIES	Sebacina schweinitzii (Peck) Oberw.	Sebacina schweinitzii		CA		Québec	PRESENT		28eb1a3f-1c15-4a95-931a-4af90ecb574d	45.516337	-75.858944							2021-08-08T12:10:05	8	8	2021	10752676	10752676	HUMAN_OBSERVATION	iNaturalist	Observations	90407723		Johann Wagner	2021-08-08T16:10:39	CC_BY_NC_4_0	Johann Wagner	Johann Wagner			2025-01-14T13:14:10.933Z	StillImage	COORDINATE_ROUNDED;CONTINENT_DERIVED_FROM_COORDINATES;TAXON_MATCH_TAXON_ID_IGNORED
3384383063	50c9509d-22c7-4a22-a47d-8c48425ef4a7	https://www.inaturalist.org/observations/95023324	Fungi	Basidiomycota	Agaricomycetes	Sebacinales	Sebacinaceae	Sebacina	Sebacina schweinitzii		SPECIES	Sebacina schweinitzii (Peck) Oberw.	Sebacina schweinitzii		CA		Ontario	PRESENT		28eb1a3f-1c15-4a95-931a-4af90ecb574d	45.224877	-76.894795							2021-07-22T06:59	22	7	2021	10752676	10752676	HUMAN_OBSERVATION	iNaturalist	Observations	95023324		Andy Fyon	2021-09-16T12:02:39	CC_BY_NC_4_0	Andy Fyon	Andy Fyon			2025-01-14T12:21:08.833Z	StillImage	COORDINATE_ROUNDED;CONTINENT_DERIVED_FROM_COORDINATES;TAXON_MATCH_TAXON_ID_IGNORED
3337572200	50c9509d-22c7-4a22-a47d-8c48425ef4a7	https://www.inaturalist.org/observations/91068549	Fungi	Basidiomycota	Agaricomycetes	Sebacinales	Sebacinaceae	Sebacina	Sebacina schweinitzii		SPECIES	Sebacina schweinitzii (Peck) Oberw.	Sebacina schweinitzii		CA		Ontario	PRESENT		28eb1a3f-1c15-4a95-931a-4af90ecb574d	45.071753	-79.117632	229.0						2021-08-13T15:25	13	8	2021	10752676	10752676	HUMAN_OBSERVATION	iNaturalist	Observations	91068549		Peter Jessen	2021-08-14T02:07:29	CC_BY_NC_4_0	Peter Jessen	Peter Jessen			2025-01-14T12:20:49.246Z	StillImage	COORDINATE_ROUNDED;CONTINENT_DERIVED_FROM_COORDINATES;TAXON_MATCH_TAXON_ID_IGNORED
3320953357	50c9509d-22c7-4a22-a47d-8c48425ef4a7	https://www.inaturalist.org/observations/54415199	Fungi	Basidiomycota	Agaricomycetes	Sebacinales	Sebacinaceae	Sebacina	Sebacina schweinitzii		SPECIES	Sebacina schweinitzii (Peck) Oberw.	Sebacina schweinitzii		CA		Québec	PRESENT		28eb1a3f-1c15-4a95-931a-4af90ecb574d	45.603805	-75.876167	16.0						2020-07-26T12:49:06	26	7	2020	10752676	10752676	HUMAN_OBSERVATION	iNaturalist	Observations	54415199		bobtyler	2020-07-26T16:54:32	CC_BY_NC_4_0	bobtyler	bobtyler			2025-01-14T13:10:05.293Z	StillImage	COORDINATE_ROUNDED;CONTINENT_DERIVED_FROM_COORDINATES;TAXON_MATCH_TAXON_ID_IGNORED
3008396441	50c9509d-22c7-4a22-a47d-8c48425ef4a7	https://www.inaturalist.org/observations/57849723	Fungi	Basidiomycota	Agaricomycetes	Sebacinales	Sebacinaceae	Sebacina	Sebacina schweinitzii		SPECIES	Sebacina schweinitzii (Peck) Oberw.	Sebacina schweinitzii		CA		Québec	PRESENT		28eb1a3f-1c15-4a95-931a-4af90ecb574d	45.419003	-75.835127	244.0						2020-08-28T18:22:07Z	28	8	2020	10752676	10752676	HUMAN_OBSERVATION	iNaturalist	Observations	57849723		Brian Bridson	2020-08-28T18:22:13	CC_BY_NC_4_0	Brian Bridson	Brian Bridson			2025-01-14T12:14:32.316Z	StillImage	COORDINATE_ROUNDED;CONTINENT_DERIVED_FROM_COORDINATES;TAXON_MATCH_TAXON_ID_IGNORED
2868130476	50c9509d-22c7-4a22-a47d-8c48425ef4a7	https://www.inaturalist.org/observations/58324220	Fungi	Basidiomycota	Agaricomycetes	Sebacinales	Sebacinaceae	Sebacina	Sebacina schweinitzii		SPECIES	Sebacina schweinitzii (Peck) Oberw.	Sebacina schweinitzii		CA		Ontario	PRESENT		28eb1a3f-1c15-4a95-931a-4af90ecb574d	45.867502	-77.330802	27095.0						2020-08-25T13:30:13	25	8	2020	10752676	10752676	HUMAN_OBSERVATION	iNaturalist	Observations	58324220		morganhawkins	2020-09-02T12:24:20	CC_BY_NC_4_0	morganhawkins	morganhawkins			2025-01-14T12:14:45.294Z	StillImage	COORDINATE_ROUNDED;CONTINENT_DERIVED_FROM_COORDINATES;TAXON_MATCH_TAXON_ID_IGNORED
2862326455	50c9509d-22c7-4a22-a47d-8c48425ef4a7	https://www.inaturalist.org/observations/56296109	Fungi	Basidiomycota	Agaricomycetes	Sebacinales	Sebacinaceae	Sebacina	Sebacina schweinitzii		SPECIES	Sebacina schweinitzii (Peck) Oberw.	Sebacina schweinitzii		CA		Ontario	PRESENT		28eb1a3f-1c15-4a95-931a-4af90ecb574d	45.383643	-79.207916	92.0						2020-08-09T18:24:54	9	8	2020	10752676	10752676	HUMAN_OBSERVATION	iNaturalist	Observations	56296109		fishingfan100	2020-08-13T06:09:42	CC_BY_NC_4_0	fishingfan100	fishingfan100			2025-01-14T13:03:23.314Z	StillImage	COORDINATE_ROUNDED;CONTINENT_DERIVED_FROM_COORDINATES;TAXON_MATCH_TAXON_ID_IGNORED
2423613870	21705170-d2b6-42de-8904-c3bca4b83591	CMMF020212	Fungi	Basidiomycota	Agaricomycetes	Sebacinales	Sebacinaceae	Sebacina	Sebacina schweinitzii		SPECIES	Tremellodendron schweinitzii (Peck) G.F.Atk.	Tremellodendron schweinitzii (Peck) G.F. Atk.	(Peck) G.F. Atk.	CA	Oka	Québec	PRESENT		ff7bd5db-b724-4932-b496-10ea298851f9	45.481051	-74.047669	4000.0						1980-09-20	20	9	1980	3353326	10752676	PRESERVED_SPECIMEN	Université de Montréal Biodiversity Centre	CMMF	CMMF020212	X-21.6	Neumann, Peterjurgen		CC0_1_0	Université de Montréal Biodiversity Centre	Neumann, Peterjurgen			2024-01-24T16:38:21.328Z		INSTITUTION_MATCH_FUZZY;COLLECTION_MATCH_FUZZY;DIFFERENT_OWNER_INSTITUTION
2273194979	50c9509d-22c7-4a22-a47d-8c48425ef4a7	https://www.inaturalist.org/observations/10593077	Fungi	Basidiomycota	Agaricomycetes	Sebacinales	Sebacinaceae	Sebacina	Sebacina schweinitzii		SPECIES	Sebacina schweinitzii (Peck) Oberw.	Sebacina schweinitzii		CA		Ontario	PRESENT		28eb1a3f-1c15-4a95-931a-4af90ecb574d	45.051938	-78.509502	488.0						2008-09-11T12:26	11	9	2008	10752676	10752676	HUMAN_OBSERVATION	iNaturalist	Observations	10593077		cinna_latifolia	2019-06-25T16:43:24	CC_BY_NC_4_0	Bonnie Kinder	Bonnie Kinder			2025-01-14T12:04:38.562Z	StillImage	COORDINATE_ROUNDED;CONTINENT_DERIVED_FROM_COORDINATES;TAXON_MATCH_TAXON_ID_IGNORED
1807255792	e8a25a42-f125-476c-8554-3ec21cd51a84	ACAD:112321	Fungi	Basidiomycota	Agaricomycetes	Sebacinales	Sebacinaceae	Sebacina	Sebacina schweinitzii		SPECIES	Tremellodendron pallidum Burt	Tremellodendron pallidum Burt	Burt	CA	(Kentville)	Nova Scotia	PRESENT		6491ad8c-8e49-4bd4-a089-0ddb3bbe0890	45.07662	-64.49592							1952-08-26	26	8	1952	3353329	10752676	PRESERVED_SPECIMEN	Acadia University	ACAD	2061F	2061			CC0_1_0	Acadia University	H, KA			2024-01-25T01:37:05.781Z	StillImage	GEODETIC_DATUM_INVALID;GEODETIC_DATUM_ASSUMED_WGS84;INSTITUTION_MATCH_FUZZY;COLLECTION_MATCH_FUZZY
1701558025	39bd4817-9530-4341-a918-4f16b8db1419	UdeM:CMMF:Blitz2017:17	Fungi	Basidiomycota	Agaricomycetes	Sebacinales	Sebacinaceae	Sebacina	Sebacina schweinitzii		SPECIES	Tremellodendron pallidum Burt	Tremellodendron pallidum Burt, 1915	Burt, 1915	CA	Parc des Chutes de Sainte-Ursule	Québec	PRESENT		ff7bd5db-b724-4932-b496-10ea298851f9	46.300422	-73.094321	500.0						2017-08-09	9	8	2017	3353329	10752676	HUMAN_OBSERVATION	Université de Montréal Biodiversity Centre	CMMF			Raymond Archambault et Joseph Nuzzolese	2017-08-09T00:00:00	CC0_1_0		IRBV's graduate students			2024-01-24T17:29:10.229Z		
1701212652	81e6cff2-b409-417e-8c72-e1bbafb7c61f	eeee5aa5-b6e8-4eb9-8421-4593ee74e432	Fungi	Basidiomycota	Agaricomycetes	Sebacinales	Sebacinaceae	Sebacina	Sebacina schweinitzii		SPECIES	Tremellodendron pallidum Burt	Tremellodendron pallidum (Schwein.) Burt	(Schwein.) Burt	CA	Loretteville Water Tower	Québec	PRESENT		7b8aff00-a9f8-11d8-944b-b8a03c50a862	46.85	-71.366667	2480.0						2003-08-31	31	8	2003	3353329	10752676	PRESERVED_SPECIMEN	F	Botany	C0296427F	NAMA 2003-218	T. J. Volk		CC0_1_0	The Field Museum of Natural History	A. M. Mehta			2024-02-20T16:06:33.608Z		GEODETIC_DATUM_ASSUMED_WGS84;MODIFIED_DATE_INVALID;MULTIMEDIA_URI_INVALID;AMBIGUOUS_COLLECTION;INSTITUTION_MATCH_FUZZY
1412705003	21705170-d2b6-42de-8904-c3bca4b83591	CMMF013472	Fungi	Basidiomycota	Agaricomycetes	Sebacinales	Sebacinaceae	Sebacina	Sebacina schweinitzii		SPECIES	Tremellodendron schweinitzii (Peck) G.F.Atk.	Tremellodendron schweinitzii (Peck) G.F. Atk.	(Peck) G.F. Atk.	CA	Glenfarne, Québec.	Québec	PRESENT		ff7bd5db-b724-4932-b496-10ea298851f9	45.922926	-76.153405	7000.0						1956-07-29	29	7	1956	3353326	10752676	PRESERVED_SPECIMEN	Université de Montréal Biodiversity Centre	CMMF	CMMF013472	671	Illman, William I.		CC0_1_0	Université de Montréal Biodiversity Centre	Illman, William I.			2024-01-24T16:38:17.624Z		INSTITUTION_MATCH_FUZZY;COLLECTION_MATCH_FUZZY;DIFFERENT_OWNER_INSTITUTION
1135071116	21705170-d2b6-42de-8904-c3bca4b83591	CMMF009738	Fungi	Basidiomycota	Agaricomycetes	Sebacinales	Sebacinaceae	Sebacina	Sebacina schweinitzii		SPECIES	Tremellodendron pallidum Burt	Tremellodendron pallidum (Schwein.) Burt	(Schwein.) Burt	CA	Chemin Chapelle sud, Lac-Beauport.	Québec	PRESENT		ff7bd5db-b724-4932-b496-10ea298851f9	46.948621	-71.283499	150.0						2007-08-11	11	8	2007	3353329	10752676	PRESERVED_SPECIMEN	Université de Montréal Biodiversity Centre	CMMF	CMMF009738	1322	Labrecque, Jacqueline		CC0_1_0	Université de Montréal Biodiversity Centre	Labrecque, Jacqueline			2024-01-24T16:38:21.133Z		INSTITUTION_MATCH_FUZZY;COLLECTION_MATCH_FUZZY;DIFFERENT_OWNER_INSTITUTION
1135071088	21705170-d2b6-42de-8904-c3bca4b83591	CMMF009667	Fungi	Basidiomycota	Agaricomycetes	Sebacinales	Sebacinaceae	Sebacina	Sebacina schweinitzii		SPECIES	Tremellodendron pallidum Burt	Tremellodendron pallidum (Schwein.) Burt	(Schwein.) Burt	CA	Forêt de Sherwood, Québec.	Québec	PRESENT		ff7bd5db-b724-4932-b496-10ea298851f9	46.86201	-71.307678	15000.0						2007-08-02	2	8	2007	3353329	10752676	PRESERVED_SPECIMEN	Université de Montréal Biodiversity Centre	CMMF	CMMF009667	1251	Labrecque, Jacqueline		CC0_1_0	Université de Montréal Biodiversity Centre	Labrecque, Jacqueline			2024-01-24T16:38:21.005Z		INSTITUTION_MATCH_FUZZY;COLLECTION_MATCH_FUZZY;DIFFERENT_OWNER_INSTITUTION
1135069000	21705170-d2b6-42de-8904-c3bca4b83591	CMMF007527	Fungi	Basidiomycota	Agaricomycetes	Sebacinales	Sebacinaceae	Sebacina	Sebacina schweinitzii		SPECIES	Tremellodendron pallidum Burt	Tremellodendron pallidum (Schwein.) Burt	(Schwein.) Burt	CA	Tracy	Québec	PRESENT		ff7bd5db-b724-4932-b496-10ea298851f9	45.974167	-73.177433	100.0						1980-08-30	30	8	1980	3353329	10752676	PRESERVED_SPECIMEN	Université de Montréal Biodiversity Centre	CMMF	CMMF007527	852	McNeil, Raymond		CC0_1_0	Université de Montréal Biodiversity Centre	McNeil, Raymond			2024-01-24T16:38:15.945Z	StillImage	COORDINATE_ROUNDED;INSTITUTION_MATCH_FUZZY;COLLECTION_MATCH_FUZZY;DIFFERENT_OWNER_INSTITUTION
1135068231	21705170-d2b6-42de-8904-c3bca4b83591	CMMF006753	Fungi	Basidiomycota	Agaricomycetes	Sebacinales	Sebacinaceae	Sebacina	Sebacina schweinitzii		SPECIES	Tremellodendron pallidum Burt	Tremellodendron pallidum (Schwein.) Burt	(Schwein.) Burt	CA	Papineauville	Québec	PRESENT		ff7bd5db-b724-4932-b496-10ea298851f9	45.621267	-75.025	100.0						2011-09-09	9	9	2011	3353329	10752676	PRESERVED_SPECIMEN	Université de Montréal Biodiversity Centre	CMMF	CMMF006753	C3931	McNeil, Raymond		CC0_1_0	Université de Montréal Biodiversity Centre	McNeil, Raymond			2024-01-24T16:38:18.553Z	StillImage	COORDINATE_ROUNDED;INSTITUTION_MATCH_FUZZY;COLLECTION_MATCH_FUZZY;DIFFERENT_OWNER_INSTITUTION
1135067604	21705170-d2b6-42de-8904-c3bca4b83591	CMMF006160	Fungi	Basidiomycota	Agaricomycetes	Sebacinales	Sebacinaceae	Sebacina	Sebacina schweinitzii		SPECIES	Tremellodendron pallidum Burt	Tremellodendron pallidum (Schwein.) Burt	(Schwein.) Burt	CA	Châteauguay	Québec	PRESENT		ff7bd5db-b724-4932-b496-10ea298851f9	45.35433	-73.774083	100.0						2005-07-22	22	7	2005	3353329	10752676	PRESERVED_SPECIMEN	Université de Montréal Biodiversity Centre	CMMF	CMMF006160	C2224	McNeil, Raymond		CC0_1_0	Université de Montréal Biodiversity Centre	McNeil, Raymond			2024-01-24T16:38:18.841Z	StillImage	COORDINATE_ROUNDED;INSTITUTION_MATCH_FUZZY;COLLECTION_MATCH_FUZZY;DIFFERENT_OWNER_INSTITUTION
1135067099	21705170-d2b6-42de-8904-c3bca4b83591	CMMF010474	Fungi	Basidiomycota	Agaricomycetes	Sebacinales	Sebacinaceae	Sebacina	Sebacina schweinitzii		SPECIES	Tremellodendron pallidum Burt	Tremellodendron pallidum (Schwein.) Burt	(Schwein.) Burt	CA	Forêt de Sherwood, Québec.	Québec	PRESENT		ff7bd5db-b724-4932-b496-10ea298851f9	46.86201	-71.307678	15000.0						2008-08-03	3	8	2008	3353329	10752676	PRESERVED_SPECIMEN	Université de Montréal Biodiversity Centre	CMMF	CMMF010474	2060	Labrecque, Jacqueline		CC0_1_0	Université de Montréal Biodiversity Centre	Labrecque, Jacqueline			2024-01-24T16:38:21.672Z		INSTITUTION_MATCH_FUZZY;COLLECTION_MATCH_FUZZY;DIFFERENT_OWNER_INSTITUTION
1024560190	21705170-d2b6-42de-8904-c3bca4b83591	CMMF005692	Fungi	Basidiomycota	Agaricomycetes	Sebacinales	Sebacinaceae	Sebacina	Sebacina schweinitzii		SPECIES	Tremellodendron pallidum Burt	Tremellodendron pallidum (Schwein.) Burt	(Schwein.) Burt	CA	Bois-de-Saraguay, Montréal	Québec	PRESENT		ff7bd5db-b724-4932-b496-10ea298851f9	45.518417	-73.736983	1000.0						1981-07-22	22	7	1981	3353329	10752676	PRESERVED_SPECIMEN	Université de Montréal Biodiversity Centre	CMMF	CMMF005692	1174	McNeil, Raymond		CC0_1_0	Université de Montréal Biodiversity Centre	McNeil, Raymond			2024-01-24T16:38:16.641Z	StillImage	COORDINATE_ROUNDED;INSTITUTION_MATCH_FUZZY;COLLECTION_MATCH_FUZZY;DIFFERENT_OWNER_INSTITUTION
