gbifID	datasetKey	occurrenceID	kingdom	phylum	class	order	family	genus	species	infraspecificEpithet	taxonRank	scientificName	verbatimScientificName	verbatimScientificNameAuthorship	countryCode	locality	stateProvince	occurrenceStatus	individualCount	publishingOrgKey	decimalLatitude	decimalLongitude	coordinateUncertaintyInMeters	coordinatePrecision	elevation	elevationAccuracy	depth	depthAccuracy	eventDate	day	month	year	taxonKey	speciesKey	basisOfRecord	institutionCode	collectionCode	catalogNumber	recordNumber	identifiedBy	dateIdentified	license	rightsHolder	recordedBy	typeStatus	establishmentMeans	lastInterpreted	mediaType	issue
4994407425	50c9509d-22c7-4a22-a47d-8c48425ef4a7	https://www.inaturalist.org/observations/89695880	Fungi	Basidiomycota	Agaricomycetes	Boletales	Boletaceae	Sutorius	Sutorius eximius		SPECIES	Sutorius eximius (Peck) Halling, Nuhn & Osmundson	Sutorius eximius		CA		Québec	PRESENT		28eb1a3f-1c15-4a95-931a-4af90ecb574d	46.19732	-73.502838	20.0						2021-08-02T12:20:33	2	8	2021	7358611	7358611	HUMAN_OBSERVATION	iNaturalist	Observations	89695880		Katia Burelle	2022-07-19T13:59:06	CC_BY_NC_4_0	benedicte-aimee	benedicte-aimee			2025-01-14T13:11:21.676Z	StillImage	COORDINATE_ROUNDED;CONTINENT_DERIVED_FROM_COORDINATES;TAXON_MATCH_TAXON_ID_IGNORED
4994128932	50c9509d-22c7-4a22-a47d-8c48425ef4a7	https://www.inaturalist.org/observations/55325505	Fungi	Basidiomycota	Agaricomycetes	Boletales	Boletaceae	Sutorius	Sutorius eximius		SPECIES	Sutorius eximius (Peck) Halling, Nuhn & Osmundson	Sutorius eximius		CA		Québec	PRESENT		28eb1a3f-1c15-4a95-931a-4af90ecb574d	45.770921	-73.633304	3713.0						2020-08-03T21:46:55Z	3	8	2020	7358611	7358611	HUMAN_OBSERVATION	iNaturalist	Observations	55325505		cinna_latifolia	2022-12-06T18:05:03	CC_BY_NC_4_0	myri04	myri04			2025-01-14T13:08:57.805Z	StillImage	COORDINATE_ROUNDED;CONTINENT_DERIVED_FROM_COORDINATES;TAXON_MATCH_TAXON_ID_IGNORED
4946525650	50c9509d-22c7-4a22-a47d-8c48425ef4a7	https://www.inaturalist.org/observations/240228302	Fungi	Basidiomycota	Agaricomycetes	Boletales	Boletaceae	Sutorius	Sutorius eximius		SPECIES	Sutorius eximius (Peck) Halling, Nuhn & Osmundson	Sutorius eximius		CA		Québec	PRESENT		28eb1a3f-1c15-4a95-931a-4af90ecb574d	45.872811	-76.4339	501.0						2024-08-29T11:12	29	8	2024	7358611	7358611	HUMAN_OBSERVATION	iNaturalist	Observations	240228302		L Joan Heyding	2024-09-06T23:41:28	CC_BY_NC_4_0	L Joan Heyding	L Joan Heyding			2025-01-14T12:54:07.849Z	StillImage	COORDINATE_ROUNDED;CONTINENT_DERIVED_FROM_COORDINATES;TAXON_MATCH_TAXON_ID_IGNORED
4946117124	50c9509d-22c7-4a22-a47d-8c48425ef4a7	https://www.inaturalist.org/observations/241181711	Fungi	Basidiomycota	Agaricomycetes	Boletales	Boletaceae	Sutorius	Sutorius eximius		SPECIES	Sutorius eximius (Peck) Halling, Nuhn & Osmundson	Sutorius eximius		CA		New Brunswick	PRESENT		28eb1a3f-1c15-4a95-931a-4af90ecb574d	45.952768	-66.670539	40.0						2024-09-11T10:07:49	11	9	2024	7358611	7358611	HUMAN_OBSERVATION	iNaturalist	Observations	241181711		flightmom	2024-09-11T21:42:41	CC_BY_NC_4_0	flightmom	flightmom			2025-01-14T12:53:10.192Z	StillImage	COORDINATE_ROUNDED;CONTINENT_DERIVED_FROM_COORDINATES;TAXON_MATCH_TAXON_ID_IGNORED
4945714978	50c9509d-22c7-4a22-a47d-8c48425ef4a7	https://www.inaturalist.org/observations/240671575	Fungi	Basidiomycota	Agaricomycetes	Boletales	Boletaceae	Sutorius	Sutorius eximius		SPECIES	Sutorius eximius (Peck) Halling, Nuhn & Osmundson	Sutorius eximius		CA		Québec	PRESENT		28eb1a3f-1c15-4a95-931a-4af90ecb574d	45.613748	-76.087615	650.0						2024-09-08T13:04	8	9	2024	7358611	7358611	HUMAN_OBSERVATION	iNaturalist	Observations	240671575		Loopy30	2024-09-09T00:51:13	CC_BY_4_0	Loopy30	Loopy30			2025-01-14T13:37:20.928Z	StillImage	COORDINATE_ROUNDED;CONTINENT_DERIVED_FROM_COORDINATES;TAXON_MATCH_TAXON_ID_IGNORED
4936260726	50c9509d-22c7-4a22-a47d-8c48425ef4a7	https://www.inaturalist.org/observations/238503805	Fungi	Basidiomycota	Agaricomycetes	Boletales	Boletaceae	Sutorius	Sutorius eximius		SPECIES	Sutorius eximius (Peck) Halling, Nuhn & Osmundson	Sutorius eximius		CA		New Brunswick	PRESENT		28eb1a3f-1c15-4a95-931a-4af90ecb574d	45.957675	-66.663217							2024-08-28T20:07:31	28	8	2024	7358611	7358611	HUMAN_OBSERVATION	iNaturalist	Observations	238503805		Sean Rhindress	2024-08-28T23:13:01	CC_BY_NC_4_0	Sean Rhindress	Sean Rhindress			2025-01-14T12:52:21.704Z	StillImage	COORDINATE_ROUNDED;CONTINENT_DERIVED_FROM_COORDINATES;TAXON_MATCH_TAXON_ID_IGNORED
4919359277	50c9509d-22c7-4a22-a47d-8c48425ef4a7	https://www.inaturalist.org/observations/232568225	Fungi	Basidiomycota	Agaricomycetes	Boletales	Boletaceae	Sutorius	Sutorius eximius		SPECIES	Sutorius eximius (Peck) Halling, Nuhn & Osmundson	Sutorius eximius		CA		Québec	PRESENT		28eb1a3f-1c15-4a95-931a-4af90ecb574d	45.863866	-72.254011	3364.0						2024-07-27T11:49:17	27	7	2024	7358611	7358611	HUMAN_OBSERVATION	iNaturalist	Observations	232568225		egrenier	2024-07-29T20:45:54	CC_BY_NC_4_0	egrenier	egrenier			2025-01-14T12:48:37.646Z	StillImage	CONTINENT_DERIVED_FROM_COORDINATES;TAXON_MATCH_TAXON_ID_IGNORED
4908192347	50c9509d-22c7-4a22-a47d-8c48425ef4a7	https://www.inaturalist.org/observations/229889033	Fungi	Basidiomycota	Agaricomycetes	Boletales	Boletaceae	Sutorius	Sutorius eximius		SPECIES	Sutorius eximius (Peck) Halling, Nuhn & Osmundson	Sutorius eximius		CA		Ontario	PRESENT		28eb1a3f-1c15-4a95-931a-4af90ecb574d	45.621297	-77.38778	5.0						2024-07-16T14:12:11	16	7	2024	7358611	7358611	HUMAN_OBSERVATION	iNaturalist	Observations	229889033		Lynn Ovenden	2024-07-17T13:08:50	CC_BY_NC_4_0	Lynn Ovenden	Lynn Ovenden			2025-01-14T13:37:22.815Z	StillImage	COORDINATE_ROUNDED;CONTINENT_DERIVED_FROM_COORDINATES;TAXON_MATCH_TAXON_ID_IGNORED
4903817841	50c9509d-22c7-4a22-a47d-8c48425ef4a7	https://www.inaturalist.org/observations/225560558	Fungi	Basidiomycota	Agaricomycetes	Boletales	Boletaceae	Sutorius	Sutorius eximius		SPECIES	Sutorius eximius (Peck) Halling, Nuhn & Osmundson	Sutorius eximius		CA		Québec	PRESENT		28eb1a3f-1c15-4a95-931a-4af90ecb574d	45.997592	-74.139755	4.0						2024-06-26T18:32:22	26	6	2024	7358611	7358611	HUMAN_OBSERVATION	iNaturalist	Observations	225560558		gr3yhound	2024-06-27T18:15:12	CC_BY_NC_4_0	gr3yhound	gr3yhound			2025-01-14T12:55:42.398Z	StillImage	COORDINATE_ROUNDED;CONTINENT_DERIVED_FROM_COORDINATES;TAXON_MATCH_TAXON_ID_IGNORED
4852709056	50c9509d-22c7-4a22-a47d-8c48425ef4a7	https://www.inaturalist.org/observations/212273300	Fungi	Basidiomycota	Agaricomycetes	Boletales	Boletaceae	Sutorius	Sutorius eximius		SPECIES	Sutorius eximius (Peck) Halling, Nuhn & Osmundson	Sutorius eximius		CA		Québec	PRESENT		28eb1a3f-1c15-4a95-931a-4af90ecb574d	45.395686	-73.397541	1776.0						2021-07-17T10:14	17	7	2021	7358611	7358611	HUMAN_OBSERVATION	iNaturalist	Observations	212273300		Isabelle Pouliot	2024-04-30T15:16:46	CC_BY_NC_4_0	Isabelle Pouliot	Isabelle Pouliot			2025-01-14T13:40:38.273Z	StillImage	COORDINATE_ROUNDED;CONTINENT_DERIVED_FROM_COORDINATES;TAXON_MATCH_TAXON_ID_IGNORED
4536009483	50c9509d-22c7-4a22-a47d-8c48425ef4a7	https://www.inaturalist.org/observations/201064115	Fungi	Basidiomycota	Agaricomycetes	Boletales	Boletaceae	Sutorius	Sutorius eximius		SPECIES	Sutorius eximius (Peck) Halling, Nuhn & Osmundson	Sutorius eximius		CA		Québec	PRESENT		28eb1a3f-1c15-4a95-931a-4af90ecb574d	46.758669	-71.220878	181.0						2023-09-03T14:22	3	9	2023	7358611	7358611	HUMAN_OBSERVATION	iNaturalist	Observations	201064115		matsu_take	2024-03-02T23:24:04	CC_BY_NC_4_0	matsu_take	matsu_take			2025-01-14T13:44:17.515Z	StillImage	COORDINATE_ROUNDED;CONTINENT_DERIVED_FROM_COORDINATES;TAXON_MATCH_TAXON_ID_IGNORED
4522496133	50c9509d-22c7-4a22-a47d-8c48425ef4a7	https://www.inaturalist.org/observations/185817847	Fungi	Basidiomycota	Agaricomycetes	Boletales	Boletaceae	Sutorius	Sutorius eximius		SPECIES	Sutorius eximius (Peck) Halling, Nuhn & Osmundson	Sutorius eximius		CA		Québec	PRESENT		28eb1a3f-1c15-4a95-931a-4af90ecb574d	45.996002	-74.088554							2023-09-23T11:54	23	9	2023	7358611	7358611	HUMAN_OBSERVATION	iNaturalist	Observations	185817847		Ben	2023-11-07T19:41:46	CC_BY_NC_4_0	Paul Vézina	Paul Vézina			2025-01-14T12:42:13.664Z	StillImage	COORDINATE_ROUNDED;CONTINENT_DERIVED_FROM_COORDINATES;TAXON_MATCH_TAXON_ID_IGNORED
4506346375	50c9509d-22c7-4a22-a47d-8c48425ef4a7	https://www.inaturalist.org/observations/194681171	Fungi	Basidiomycota	Agaricomycetes	Boletales	Boletaceae	Sutorius	Sutorius eximius		SPECIES	Sutorius eximius (Peck) Halling, Nuhn & Osmundson	Sutorius eximius		CA		Ontario	PRESENT		28eb1a3f-1c15-4a95-931a-4af90ecb574d	45.172617	-78.829851	122.0						2023-07-12T14:05	12	7	2023	7358611	7358611	HUMAN_OBSERVATION	iNaturalist	Observations	194681171		Jan Thornhill	2023-12-23T20:58:49	CC_BY_NC_4_0	Jan Thornhill	Jan Thornhill			2025-01-14T12:46:14.143Z	StillImage	COORDINATE_ROUNDED;CONTINENT_DERIVED_FROM_COORDINATES;TAXON_MATCH_TAXON_ID_IGNORED
4416651882	50c9509d-22c7-4a22-a47d-8c48425ef4a7	https://www.inaturalist.org/observations/184211639	Fungi	Basidiomycota	Agaricomycetes	Boletales	Boletaceae	Sutorius	Sutorius eximius		SPECIES	Sutorius eximius (Peck) Halling, Nuhn & Osmundson	Sutorius eximius		CA		Québec	PRESENT		28eb1a3f-1c15-4a95-931a-4af90ecb574d	45.297753	-72.25505	16.0						2023-09-15T13:21	15	9	2023	7358611	7358611	HUMAN_OBSERVATION	iNaturalist	Observations	184211639		gabboilard	2023-09-21T03:13:47	CC_BY_NC_4_0	gabboilard	gabboilard			2025-01-14T13:27:44.872Z	StillImage	COORDINATE_ROUNDED;CONTINENT_DERIVED_FROM_COORDINATES;TAXON_MATCH_TAXON_ID_IGNORED
4414118071	50c9509d-22c7-4a22-a47d-8c48425ef4a7	https://www.inaturalist.org/observations/183378262	Fungi	Basidiomycota	Agaricomycetes	Boletales	Boletaceae	Sutorius	Sutorius eximius		SPECIES	Sutorius eximius (Peck) Halling, Nuhn & Osmundson	Sutorius eximius		CA		Ontario	PRESENT		28eb1a3f-1c15-4a95-931a-4af90ecb574d	45.573645	-78.450423	13.0						2023-09-15T12:55:48	15	9	2023	7358611	7358611	HUMAN_OBSERVATION	iNaturalist	Observations	183378262		ajarman	2023-09-15T16:57:33	CC_BY_NC_4_0	ajarman	ajarman			2025-01-14T12:42:17.145Z	StillImage	COORDINATE_ROUNDED;CONTINENT_DERIVED_FROM_COORDINATES;TAXON_MATCH_TAXON_ID_IGNORED
4407351741	50c9509d-22c7-4a22-a47d-8c48425ef4a7	https://www.inaturalist.org/observations/180820389	Fungi	Basidiomycota	Agaricomycetes	Boletales	Boletaceae	Sutorius	Sutorius eximius		SPECIES	Sutorius eximius (Peck) Halling, Nuhn & Osmundson	Sutorius eximius		CA		New Brunswick	PRESENT		28eb1a3f-1c15-4a95-931a-4af90ecb574d	45.740783	-65.213037	4.0						2023-08-29T14:51:36	29	8	2023	7358611	7358611	HUMAN_OBSERVATION	iNaturalist	Observations	180820389		jennahoyt	2023-08-29T20:13:42	CC_BY_NC_4_0	jennahoyt	jennahoyt			2025-01-14T13:32:57.619Z	StillImage	COORDINATE_ROUNDED;CONTINENT_DERIVED_FROM_COORDINATES;TAXON_MATCH_TAXON_ID_IGNORED
4171815881	50c9509d-22c7-4a22-a47d-8c48425ef4a7	https://www.inaturalist.org/observations/176536341	Fungi	Basidiomycota	Agaricomycetes	Boletales	Boletaceae	Sutorius	Sutorius eximius		SPECIES	Sutorius eximius (Peck) Halling, Nuhn & Osmundson	Sutorius eximius		CA		Ontario	PRESENT		28eb1a3f-1c15-4a95-931a-4af90ecb574d	45.54861	-78.65113	4.0						2023-07-25T11:00:36	25	7	2023	7358611	7358611	HUMAN_OBSERVATION	iNaturalist	Observations	176536341		robmi	2023-08-04T01:53:42	CC_BY_NC_4_0	robmi	robmi			2025-01-14T12:40:59.451Z	StillImage	COORDINATE_ROUNDED;CONTINENT_DERIVED_FROM_COORDINATES;TAXON_MATCH_TAXON_ID_IGNORED
4171726154	50c9509d-22c7-4a22-a47d-8c48425ef4a7	https://www.inaturalist.org/observations/175581289	Fungi	Basidiomycota	Agaricomycetes	Boletales	Boletaceae	Sutorius	Sutorius eximius		SPECIES	Sutorius eximius (Peck) Halling, Nuhn & Osmundson	Sutorius eximius		CA		Ontario	PRESENT		28eb1a3f-1c15-4a95-931a-4af90ecb574d	45.055719	-77.854881	19774.0						2023-07-29T13:11:41	29	7	2023	7358611	7358611	HUMAN_OBSERVATION	iNaturalist	Observations	175581289		Bee Astra	2023-07-29T18:05:14	CC_BY_NC_4_0	Bee Astra	Bee Astra			2025-01-14T12:42:38.229Z	StillImage	COORDINATE_ROUNDED;CONTINENT_DERIVED_FROM_COORDINATES;TAXON_MATCH_TAXON_ID_IGNORED
4171150134	50c9509d-22c7-4a22-a47d-8c48425ef4a7	https://www.inaturalist.org/observations/174040254	Fungi	Basidiomycota	Agaricomycetes	Boletales	Boletaceae	Sutorius	Sutorius eximius		SPECIES	Sutorius eximius (Peck) Halling, Nuhn & Osmundson	Sutorius eximius		CA		Québec	PRESENT		28eb1a3f-1c15-4a95-931a-4af90ecb574d	45.67903	-75.84777	36.0						2023-07-20T12:08:46	20	7	2023	7358611	7358611	HUMAN_OBSERVATION	iNaturalist	Observations	174040254				CC_BY_NC_4_0	Celine Perrier	Celine Perrier			2025-01-14T12:40:04.922Z	StillImage	CONTINENT_DERIVED_FROM_COORDINATES;TAXON_MATCH_TAXON_ID_IGNORED
4165869431	50c9509d-22c7-4a22-a47d-8c48425ef4a7	https://www.inaturalist.org/observations/174544862	Fungi	Basidiomycota	Agaricomycetes	Boletales	Boletaceae	Sutorius	Sutorius eximius		SPECIES	Sutorius eximius (Peck) Halling, Nuhn & Osmundson	Sutorius eximius		CA		Québec	PRESENT		28eb1a3f-1c15-4a95-931a-4af90ecb574d	45.784396	-76.176873							2023-07-23T12:10:35	23	7	2023	7358611	7358611	HUMAN_OBSERVATION	iNaturalist	Observations	174544862		Johann Wagner	2023-07-23T19:55:04	CC_BY_NC_4_0	Johann Wagner	Johann Wagner			2025-01-14T12:36:44.989Z	StillImage	CONTINENT_DERIVED_FROM_COORDINATES;TAXON_MATCH_TAXON_ID_IGNORED
4165824157	50c9509d-22c7-4a22-a47d-8c48425ef4a7	https://www.inaturalist.org/observations/174544489	Fungi	Basidiomycota	Agaricomycetes	Boletales	Boletaceae	Sutorius	Sutorius eximius		SPECIES	Sutorius eximius (Peck) Halling, Nuhn & Osmundson	Sutorius eximius		CA		Québec	PRESENT		28eb1a3f-1c15-4a95-931a-4af90ecb574d	45.784675	-76.17671							2023-07-23T11:59:44	23	7	2023	7358611	7358611	HUMAN_OBSERVATION	iNaturalist	Observations	174544489		Johann Wagner	2023-07-23T19:53:14	CC_BY_NC_4_0	Johann Wagner	Johann Wagner			2025-01-14T12:39:48.166Z	StillImage	COORDINATE_ROUNDED;CONTINENT_DERIVED_FROM_COORDINATES;TAXON_MATCH_TAXON_ID_IGNORED
4165475333	50c9509d-22c7-4a22-a47d-8c48425ef4a7	https://www.inaturalist.org/observations/52069975	Fungi	Basidiomycota	Agaricomycetes	Boletales	Boletaceae	Sutorius	Sutorius eximius		SPECIES	Sutorius eximius (Peck) Halling, Nuhn & Osmundson	Sutorius eximius		CA		Québec	PRESENT		28eb1a3f-1c15-4a95-931a-4af90ecb574d	46.169203	-74.04715	9.0						2020-07-05T16:52:38	5	7	2020	7358611	7358611	HUMAN_OBSERVATION	iNaturalist	Observations	52069975		Ben	2022-12-26T17:45:29	CC_BY_NC_4_0	bigber	bigber			2025-01-14T12:14:27.349Z	StillImage	COORDINATE_ROUNDED;CONTINENT_DERIVED_FROM_COORDINATES;TAXON_MATCH_TAXON_ID_IGNORED
4165462894	50c9509d-22c7-4a22-a47d-8c48425ef4a7	https://www.inaturalist.org/observations/173399972	Fungi	Basidiomycota	Agaricomycetes	Boletales	Boletaceae	Sutorius	Sutorius eximius		SPECIES	Sutorius eximius (Peck) Halling, Nuhn & Osmundson	Sutorius eximius		CA		Ontario	PRESENT		28eb1a3f-1c15-4a95-931a-4af90ecb574d	45.172617	-78.829851	122.0						2021-09-05T22:53	5	9	2021	7358611	7358611	HUMAN_OBSERVATION	iNaturalist	Observations	173399972		Jan Thornhill	2023-07-17T12:41:11	CC_BY_NC_4_0	Jan Thornhill	Jan Thornhill			2025-01-14T12:42:36.478Z	StillImage	COORDINATE_ROUNDED;CONTINENT_DERIVED_FROM_COORDINATES;TAXON_MATCH_TAXON_ID_IGNORED
4165462451	50c9509d-22c7-4a22-a47d-8c48425ef4a7	https://www.inaturalist.org/observations/132995113	Fungi	Basidiomycota	Agaricomycetes	Boletales	Boletaceae	Sutorius	Sutorius eximius		SPECIES	Sutorius eximius (Peck) Halling, Nuhn & Osmundson	Sutorius eximius		CA		Québec	PRESENT		28eb1a3f-1c15-4a95-931a-4af90ecb574d	45.678853	-75.847983	21.0						2022-08-30T16:03:30	30	8	2022	7358611	7358611	HUMAN_OBSERVATION	iNaturalist	Observations	132995113		Ben	2023-03-20T18:47:55	CC_BY_NC_4_0	Celine Perrier	Celine Perrier			2025-01-14T12:33:26.648Z	StillImage	COORDINATE_ROUNDED;CONTINENT_DERIVED_FROM_COORDINATES;TAXON_MATCH_TAXON_ID_IGNORED
4165458564	50c9509d-22c7-4a22-a47d-8c48425ef4a7	https://www.inaturalist.org/observations/171134110	Fungi	Basidiomycota	Agaricomycetes	Boletales	Boletaceae	Sutorius	Sutorius eximius		SPECIES	Sutorius eximius (Peck) Halling, Nuhn & Osmundson	Sutorius eximius		CA		Ontario	PRESENT		28eb1a3f-1c15-4a95-931a-4af90ecb574d	45.511602	-75.338052	51.0						2023-07-04T08:51:22	4	7	2023	7358611	7358611	HUMAN_OBSERVATION	iNaturalist	Observations	171134110		Ben	2023-07-10T03:58:22	CC_BY_NC_4_0	kevinwallace	kevinwallace			2025-01-14T13:31:03.551Z	StillImage	COORDINATE_ROUNDED;CONTINENT_DERIVED_FROM_COORDINATES;TAXON_MATCH_TAXON_ID_IGNORED
4165383353	50c9509d-22c7-4a22-a47d-8c48425ef4a7	https://www.inaturalist.org/observations/129283012	Fungi	Basidiomycota	Agaricomycetes	Boletales	Boletaceae	Sutorius	Sutorius eximius		SPECIES	Sutorius eximius (Peck) Halling, Nuhn & Osmundson	Sutorius eximius		CA		Québec	PRESENT		28eb1a3f-1c15-4a95-931a-4af90ecb574d	45.657643	-75.677518	4.0						2022-08-03T10:19:37	3	8	2022	7358611	7358611	HUMAN_OBSERVATION	iNaturalist	Observations	129283012		thrinley	2022-08-03T14:58:40	CC_BY_NC_4_0	thrinley	thrinley			2025-01-14T13:24:46.207Z	StillImage	COORDINATE_ROUNDED;CONTINENT_DERIVED_FROM_COORDINATES;TAXON_MATCH_TAXON_ID_IGNORED
4165380366	50c9509d-22c7-4a22-a47d-8c48425ef4a7	https://www.inaturalist.org/observations/129279018	Fungi	Basidiomycota	Agaricomycetes	Boletales	Boletaceae	Sutorius	Sutorius eximius		SPECIES	Sutorius eximius (Peck) Halling, Nuhn & Osmundson	Sutorius eximius		CA		Québec	PRESENT		28eb1a3f-1c15-4a95-931a-4af90ecb574d	45.657529	-75.677439	9.0						2022-08-03T10:20:17	3	8	2022	7358611	7358611	HUMAN_OBSERVATION	iNaturalist	Observations	129279018		Anthony Gaston	2022-08-03T14:26:43	CC_BY_NC_4_0	Anthony Gaston	Anthony Gaston			2025-01-14T13:24:52.678Z	StillImage	COORDINATE_ROUNDED;CONTINENT_DERIVED_FROM_COORDINATES;TAXON_MATCH_TAXON_ID_IGNORED
4165360491	50c9509d-22c7-4a22-a47d-8c48425ef4a7	https://www.inaturalist.org/observations/171303792	Fungi	Basidiomycota	Agaricomycetes	Boletales	Boletaceae	Sutorius	Sutorius eximius		SPECIES	Sutorius eximius (Peck) Halling, Nuhn & Osmundson	Sutorius eximius		CA		Ontario	PRESENT		28eb1a3f-1c15-4a95-931a-4af90ecb574d	45.344314	-79.128003	475.0						2023-07-05T17:24:06	5	7	2023	7358611	7358611	HUMAN_OBSERVATION	iNaturalist	Observations	171303792		Ben	2023-07-10T15:10:00	CC_BY_NC_4_0	dariak48	dariak48			2025-01-14T12:42:22.474Z	StillImage	COORDINATE_ROUNDED;CONTINENT_DERIVED_FROM_COORDINATES;TAXON_MATCH_TAXON_ID_IGNORED
4165351457	50c9509d-22c7-4a22-a47d-8c48425ef4a7	https://www.inaturalist.org/observations/132487598	Fungi	Basidiomycota	Agaricomycetes	Boletales	Boletaceae	Sutorius	Sutorius eximius		SPECIES	Sutorius eximius (Peck) Halling, Nuhn & Osmundson	Sutorius eximius		CA		Québec	PRESENT		28eb1a3f-1c15-4a95-931a-4af90ecb574d	45.915562	-74.057869	1169.0						2022-08-26T08:15:59	26	8	2022	7358611	7358611	HUMAN_OBSERVATION	iNaturalist	Observations	132487598		Ben	2023-03-25T18:23:40	CC_BY_NC_4_0	timfoster	timfoster			2025-01-14T13:25:06.852Z	StillImage	COORDINATE_ROUNDED;CONTINENT_DERIVED_FROM_COORDINATES;TAXON_MATCH_TAXON_ID_IGNORED
4162065914	50c9509d-22c7-4a22-a47d-8c48425ef4a7	https://www.inaturalist.org/observations/172598790	Fungi	Basidiomycota	Agaricomycetes	Boletales	Boletaceae	Sutorius	Sutorius eximius		SPECIES	Sutorius eximius (Peck) Halling, Nuhn & Osmundson	Sutorius eximius		CA		Nova Scotia	PRESENT		28eb1a3f-1c15-4a95-931a-4af90ecb574d	45.669423	-64.042525	27126.0						2023-07-12T17:50	12	7	2023	7358611	7358611	HUMAN_OBSERVATION	iNaturalist	Observations	172598790		Ben	2023-07-13T00:38:37	CC_BY_NC_4_0	Ben	Ben			2025-01-14T12:36:28.309Z	StillImage	COORDINATE_ROUNDED;CONTINENT_DERIVED_FROM_COORDINATES;TAXON_MATCH_TAXON_ID_IGNORED
4080613454	50c9509d-22c7-4a22-a47d-8c48425ef4a7	https://www.inaturalist.org/observations/136327233	Fungi	Basidiomycota	Agaricomycetes	Boletales	Boletaceae	Sutorius	Sutorius eximius		SPECIES	Sutorius eximius (Peck) Halling, Nuhn & Osmundson	Sutorius eximius		CA		Ontario	PRESENT		28eb1a3f-1c15-4a95-931a-4af90ecb574d	45.056131	-77.854881	19774.0						2022-09-24T13:20:42	24	9	2022	7358611	7358611	HUMAN_OBSERVATION	iNaturalist	Observations	136327233		Bee Astra	2022-09-24T19:58:59	CC_BY_NC_4_0	Bee Astra	Bee Astra			2025-01-14T13:20:23.315Z	StillImage	COORDINATE_ROUNDED;CONTINENT_DERIVED_FROM_COORDINATES;TAXON_MATCH_TAXON_ID_IGNORED
4075655408	50c9509d-22c7-4a22-a47d-8c48425ef4a7	https://www.inaturalist.org/observations/57851901	Fungi	Basidiomycota	Agaricomycetes	Boletales	Boletaceae	Sutorius	Sutorius eximius		SPECIES	Sutorius eximius (Peck) Halling, Nuhn & Osmundson	Sutorius eximius		CA		Québec	PRESENT		28eb1a3f-1c15-4a95-931a-4af90ecb574d	45.655615	-75.673653	10.0						2020-08-28T14:36:22	28	8	2020	7358611	7358611	HUMAN_OBSERVATION	iNaturalist	Observations	57851901		Ben	2023-03-26T14:21:57	CC_BY_NC_4_0	Joe Smit	Joe Smit			2025-01-14T12:14:34.002Z	StillImage	COORDINATE_ROUNDED;CONTINENT_DERIVED_FROM_COORDINATES;TAXON_MATCH_TAXON_ID_IGNORED
4054800477	50c9509d-22c7-4a22-a47d-8c48425ef4a7	https://www.inaturalist.org/observations/130807621	Fungi	Basidiomycota	Agaricomycetes	Boletales	Boletaceae	Sutorius	Sutorius eximius		SPECIES	Sutorius eximius (Peck) Halling, Nuhn & Osmundson	Sutorius eximius		CA		Québec	PRESENT		28eb1a3f-1c15-4a95-931a-4af90ecb574d	45.987716	-74.19635	8.0						2022-08-14T13:08:06	14	8	2022	7358611	7358611	HUMAN_OBSERVATION	iNaturalist	Observations	130807621		Annie Weissman	2022-09-15T02:24:07	CC_BY_NC_4_0	mld	mld			2025-01-14T12:31:40.745Z	StillImage	COORDINATE_ROUNDED;CONTINENT_DERIVED_FROM_COORDINATES;TAXON_MATCH_TAXON_ID_IGNORED
4034616434	50c9509d-22c7-4a22-a47d-8c48425ef4a7	https://www.inaturalist.org/observations/136466728	Fungi	Basidiomycota	Agaricomycetes	Boletales	Boletaceae	Sutorius	Sutorius eximius		SPECIES	Sutorius eximius (Peck) Halling, Nuhn & Osmundson	Sutorius eximius		CA		Ontario	PRESENT		28eb1a3f-1c15-4a95-931a-4af90ecb574d	45.514817	-75.34193	31.0						2022-09-24T12:51	24	9	2022	7358611	7358611	HUMAN_OBSERVATION	iNaturalist	Observations	136466728		jonathan_mack	2022-09-25T18:39:51	CC_BY_NC_4_0	jonathan_mack	jonathan_mack			2025-01-14T12:32:26.482Z	StillImage	COORDINATE_ROUNDED;CONTINENT_DERIVED_FROM_COORDINATES;TAXON_MATCH_TAXON_ID_IGNORED
3966650499	50c9509d-22c7-4a22-a47d-8c48425ef4a7	https://www.inaturalist.org/observations/128656322	Fungi	Basidiomycota	Agaricomycetes	Boletales	Boletaceae	Sutorius	Sutorius eximius		SPECIES	Sutorius eximius (Peck) Halling, Nuhn & Osmundson	Sutorius eximius		CA		Québec	PRESENT		28eb1a3f-1c15-4a95-931a-4af90ecb574d	46.349478	-74.154834	32.0						2022-07-30T14:44:56	30	7	2022	7358611	7358611	HUMAN_OBSERVATION	iNaturalist	Observations	128656322				CC_BY_NC_4_0	naturenerd22	naturenerd22			2025-01-14T12:30:46.471Z	StillImage	COORDINATE_ROUNDED;CONTINENT_DERIVED_FROM_COORDINATES;TAXON_MATCH_TAXON_ID_IGNORED
3966564510	50c9509d-22c7-4a22-a47d-8c48425ef4a7	https://www.inaturalist.org/observations/135173352	Fungi	Basidiomycota	Agaricomycetes	Boletales	Boletaceae	Sutorius	Sutorius eximius		SPECIES	Sutorius eximius (Peck) Halling, Nuhn & Osmundson	Sutorius eximius		CA		Québec	PRESENT		28eb1a3f-1c15-4a95-931a-4af90ecb574d	45.922443	-76.504136	27095.0						2022-09-11T15:51	11	9	2022	7358611	7358611	HUMAN_OBSERVATION	iNaturalist	Observations	135173352		L Joan Heyding	2022-09-15T21:32:22	CC_BY_NC_4_0	L Joan Heyding	L Joan Heyding			2025-01-14T13:23:54.890Z	StillImage	COORDINATE_ROUNDED;CONTINENT_DERIVED_FROM_COORDINATES;TAXON_MATCH_TAXON_ID_IGNORED
3966392482	50c9509d-22c7-4a22-a47d-8c48425ef4a7	https://www.inaturalist.org/observations/129759461	Fungi	Basidiomycota	Agaricomycetes	Boletales	Boletaceae	Sutorius	Sutorius eximius		SPECIES	Sutorius eximius (Peck) Halling, Nuhn & Osmundson	Sutorius eximius		CA		Québec	PRESENT		28eb1a3f-1c15-4a95-931a-4af90ecb574d	45.917282	-72.01327	5.0						2022-08-06T16:32:39	6	8	2022	7358611	7358611	HUMAN_OBSERVATION	iNaturalist	Observations	129759461		willoughbyarevalo	2022-08-07T01:10:56	CC_BY_NC_4_0	willoughbyarevalo	willoughbyarevalo			2025-01-14T12:30:54.275Z	StillImage	COORDINATE_ROUNDED;CONTINENT_DERIVED_FROM_COORDINATES;TAXON_MATCH_TAXON_ID_IGNORED
3966381492	50c9509d-22c7-4a22-a47d-8c48425ef4a7	https://www.inaturalist.org/observations/129181173	Fungi	Basidiomycota	Agaricomycetes	Boletales	Boletaceae	Sutorius	Sutorius eximius		SPECIES	Sutorius eximius (Peck) Halling, Nuhn & Osmundson	Sutorius eximius		CA		Québec	PRESENT		28eb1a3f-1c15-4a95-931a-4af90ecb574d	46.349561	-74.155118	265.0						2022-08-02T14:15:34	2	8	2022	7358611	7358611	HUMAN_OBSERVATION	iNaturalist	Observations	129181173		naturenerd22	2022-08-02T19:29:56	CC_BY_NC_4_0	naturenerd22	naturenerd22			2025-01-14T12:33:01.113Z	StillImage	COORDINATE_ROUNDED;CONTINENT_DERIVED_FROM_COORDINATES;TAXON_MATCH_TAXON_ID_IGNORED
3881389553	50c9509d-22c7-4a22-a47d-8c48425ef4a7	https://www.inaturalist.org/observations/128031585	Fungi	Basidiomycota	Agaricomycetes	Boletales	Boletaceae	Sutorius	Sutorius eximius		SPECIES	Sutorius eximius (Peck) Halling, Nuhn & Osmundson	Sutorius eximius		CA		Québec	PRESENT		28eb1a3f-1c15-4a95-931a-4af90ecb574d	46.518112	-73.210808	4.0						2022-07-26T13:26:46	26	7	2022	7358611	7358611	HUMAN_OBSERVATION	iNaturalist	Observations	128031585		Annie Weissman	2022-07-30T01:29:03	CC_BY_NC_4_0	andreaga	andreaga			2025-01-14T12:30:59.717Z	StillImage	COORDINATE_ROUNDED;CONTINENT_DERIVED_FROM_COORDINATES;TAXON_MATCH_TAXON_ID_IGNORED
3469007542	50c9509d-22c7-4a22-a47d-8c48425ef4a7	https://www.inaturalist.org/observations/88329667	Fungi	Basidiomycota	Agaricomycetes	Boletales	Boletaceae	Sutorius	Sutorius eximius		SPECIES	Sutorius eximius (Peck) Halling, Nuhn & Osmundson	Sutorius eximius		CA		Québec	PRESENT		28eb1a3f-1c15-4a95-931a-4af90ecb574d	46.295938	-71.735708	165.0						2021-07-23T20:43:02	23	7	2021	7358611	7358611	HUMAN_OBSERVATION	iNaturalist	Observations	88329667		elen_debellevue	2021-07-24T00:44:04	CC_BY_NC_4_0	elen_debellevue	elen_debellevue			2025-01-14T13:13:11.722Z	StillImage	COORDINATE_ROUNDED;CONTINENT_DERIVED_FROM_COORDINATES;TAXON_MATCH_TAXON_ID_IGNORED
3468814327	50c9509d-22c7-4a22-a47d-8c48425ef4a7	https://www.inaturalist.org/observations/28747103	Fungi	Basidiomycota	Agaricomycetes	Boletales	Boletaceae	Sutorius	Sutorius eximius		SPECIES	Sutorius eximius (Peck) Halling, Nuhn & Osmundson	Sutorius eximius		CA		Ontario	PRESENT		28eb1a3f-1c15-4a95-931a-4af90ecb574d	45.636043	-77.047646	1112.0						2019-07-06T12:56	6	7	2019	7358611	7358611	HUMAN_OBSERVATION	iNaturalist	Observations	28747103		Jordan Wakefield	2021-04-19T00:56:24	CC_BY_NC_4_0	Jordan Wakefield	Jordan Wakefield			2025-01-14T12:08:11.679Z	StillImage	COORDINATE_ROUNDED;CONTINENT_DERIVED_FROM_COORDINATES;TAXON_MATCH_TAXON_ID_IGNORED
3468809493	50c9509d-22c7-4a22-a47d-8c48425ef4a7	https://www.inaturalist.org/observations/88839868	Fungi	Basidiomycota	Agaricomycetes	Boletales	Boletaceae	Sutorius	Sutorius eximius		SPECIES	Sutorius eximius (Peck) Halling, Nuhn & Osmundson	Sutorius eximius		CA		Québec	PRESENT		28eb1a3f-1c15-4a95-931a-4af90ecb574d	45.636791	-75.65737	49.0						2021-07-26T18:10:35	26	7	2021	7358611	7358611	HUMAN_OBSERVATION	iNaturalist	Observations	88839868		thejasperpatch	2021-07-27T17:14:41	CC_BY_NC_4_0	thejasperpatch	thejasperpatch			2025-01-14T13:13:56.122Z	StillImage	COORDINATE_ROUNDED;CONTINENT_DERIVED_FROM_COORDINATES;TAXON_MATCH_TAXON_ID_IGNORED
3466215672	50c9509d-22c7-4a22-a47d-8c48425ef4a7	https://www.inaturalist.org/observations/95695030	Fungi	Basidiomycota	Agaricomycetes	Boletales	Boletaceae	Sutorius	Sutorius eximius		SPECIES	Sutorius eximius (Peck) Halling, Nuhn & Osmundson	Sutorius eximius		CA		Ontario	PRESENT		28eb1a3f-1c15-4a95-931a-4af90ecb574d	45.389058	-75.54809							2021-09-21T09:41	21	9	2021	7358611	7358611	HUMAN_OBSERVATION	iNaturalist	Observations	95695030		Igor Khomenko	2021-09-21T22:03:51	CC_BY_NC_4_0	Igor Khomenko	Igor Khomenko			2025-01-14T13:15:36.885Z	StillImage	COORDINATE_ROUNDED;CONTINENT_DERIVED_FROM_COORDINATES;TAXON_MATCH_TAXON_ID_IGNORED
3466087782	50c9509d-22c7-4a22-a47d-8c48425ef4a7	https://www.inaturalist.org/observations/93063980	Fungi	Basidiomycota	Agaricomycetes	Boletales	Boletaceae	Sutorius	Sutorius eximius		SPECIES	Sutorius eximius (Peck) Halling, Nuhn & Osmundson	Sutorius eximius		CA		Nova Scotia	PRESENT		28eb1a3f-1c15-4a95-931a-4af90ecb574d	45.315189	-64.777231	131.0						2021-08-28T18:00	28	8	2021	7358611	7358611	HUMAN_OBSERVATION	iNaturalist	Observations	93063980		Ben	2021-08-30T18:19:05	CC_BY_NC_4_0	Ben	Ben			2025-01-14T13:14:17.278Z	StillImage	COORDINATE_ROUNDED;CONTINENT_DERIVED_FROM_COORDINATES;TAXON_MATCH_TAXON_ID_IGNORED
3385103912	50c9509d-22c7-4a22-a47d-8c48425ef4a7	https://www.inaturalist.org/observations/95803158	Fungi	Basidiomycota	Agaricomycetes	Boletales	Boletaceae	Sutorius	Sutorius eximius		SPECIES	Sutorius eximius (Peck) Halling, Nuhn & Osmundson	Sutorius eximius		CA		Ontario	PRESENT		28eb1a3f-1c15-4a95-931a-4af90ecb574d	45.372597	-75.51186	27190.0						2021-09-21T09:39	21	9	2021	7358611	7358611	HUMAN_OBSERVATION	iNaturalist	Observations	95803158		L Joan Heyding	2021-09-22T22:43:42	CC_BY_NC_4_0	L Joan Heyding	L Joan Heyding			2025-01-14T13:15:06.617Z	StillImage	COORDINATE_ROUNDED;CONTINENT_DERIVED_FROM_COORDINATES;TAXON_MATCH_TAXON_ID_IGNORED
3337378851	50c9509d-22c7-4a22-a47d-8c48425ef4a7	https://www.inaturalist.org/observations/89820443	Fungi	Basidiomycota	Agaricomycetes	Boletales	Boletaceae	Sutorius	Sutorius eximius		SPECIES	Sutorius eximius (Peck) Halling, Nuhn & Osmundson	Sutorius eximius		CA		Nova Scotia	PRESENT		28eb1a3f-1c15-4a95-931a-4af90ecb574d	45.21775	-64.438845	6.0						2021-08-03T16:39:54	3	8	2021	7358611	7358611	HUMAN_OBSERVATION	iNaturalist	Observations	89820443		Raymonde G Chartier	2021-08-04T22:41:25	CC_BY_NC_4_0	carol_fellowes	carol_fellowes			2025-01-14T12:20:27.627Z	StillImage	COORDINATE_ROUNDED;CONTINENT_DERIVED_FROM_COORDINATES;TAXON_MATCH_TAXON_ID_IGNORED
3013983460	50c9509d-22c7-4a22-a47d-8c48425ef4a7	https://www.inaturalist.org/observations/53854804	Fungi	Basidiomycota	Agaricomycetes	Boletales	Boletaceae	Sutorius	Sutorius eximius		SPECIES	Sutorius eximius (Peck) Halling, Nuhn & Osmundson	Sutorius eximius		CA		Ontario	PRESENT		28eb1a3f-1c15-4a95-931a-4af90ecb574d	45.25914	-79.055697	23.0						2020-07-20	20	7	2020	7358611	7358611	HUMAN_OBSERVATION	iNaturalist	Observations	53854804		mfmclean1261	2020-07-21T16:34:10	CC_BY_NC_4_0	mfmclean1261	mfmclean1261			2025-01-14T12:13:56.884Z	StillImage	CONTINENT_DERIVED_FROM_COORDINATES;TAXON_MATCH_TAXON_ID_IGNORED
3013897376	50c9509d-22c7-4a22-a47d-8c48425ef4a7	https://www.inaturalist.org/observations/35286507	Fungi	Basidiomycota	Agaricomycetes	Boletales	Boletaceae	Sutorius	Sutorius eximius		SPECIES	Sutorius eximius (Peck) Halling, Nuhn & Osmundson	Sutorius eximius		CA		New Brunswick	PRESENT		28eb1a3f-1c15-4a95-931a-4af90ecb574d	45.982669	-64.586663	1953.0						2017-08-28T14:57	28	8	2017	7358611	7358611	HUMAN_OBSERVATION	iNaturalist	Observations	35286507		Raymonde G Chartier	2019-11-04T14:18:45	CC_BY_NC_4_0	Raymonde G Chartier	Raymonde G Chartier			2025-01-14T12:09:48.475Z	StillImage	COORDINATE_ROUNDED;CONTINENT_DERIVED_FROM_COORDINATES;TAXON_MATCH_TAXON_ID_IGNORED
2423611805	21705170-d2b6-42de-8904-c3bca4b83591	CMMF018773	Fungi	Basidiomycota	Agaricomycetes	Boletales	Boletaceae	Sutorius	Sutorius eximius		SPECIES	Leccinum eximium (Peck) Singer	Leccinum eximium (Peck) Pomerl.	(Peck) Pomerl.	CA	St-Côme	Québec	PRESENT		ff7bd5db-b724-4932-b496-10ea298851f9	46.270036	-73.771832	10000.0						1988-08-27	27	8	1988	3354307	7358611	PRESERVED_SPECIMEN	Université de Montréal Biodiversity Centre	CMMF	CMMF018773	s.n.	Nantel, Patrick		CC0_1_0	Université de Montréal Biodiversity Centre	Nantel, Patrick			2024-01-24T16:38:18.596Z		INSTITUTION_MATCH_FUZZY;COLLECTION_MATCH_FUZZY;DIFFERENT_OWNER_INSTITUTION
1990301863	032f1fbe-d21f-407d-be46-5cd1bb1ea397	56e5e384-eaea-4f2c-ae4f-98ef6b42072d	Fungi	Basidiomycota	Agaricomycetes	Boletales	Boletaceae	Sutorius	Sutorius eximius		SPECIES	Boletus eximius Peck	Boletus eximius	Peck	CA	Kentville, Kentville Research Station, Upper Ravine	Nova Scotia	PRESENT		61c539d8-47e0-4b82-875f-b95aad66dcd4	45.065278	-64.484722							1965-07-21	21	7	1965	6015426	7358611	PRESERVED_SPECIMEN	TENN-F		TENN-F-028628	RHP28628			CC0_1_0		R.H. Petersen & P.D. Olexia			2025-01-12T10:33:39.434Z		COORDINATE_ROUNDED;GEODETIC_DATUM_ASSUMED_WGS84;CONTINENT_DERIVED_FROM_COORDINATES;TAXON_MATCH_TAXON_ID_IGNORED;INSTITUTION_MATCH_NONE
1847645918	50c9509d-22c7-4a22-a47d-8c48425ef4a7	https://www.inaturalist.org/observations/9577002	Fungi	Basidiomycota	Agaricomycetes	Boletales	Boletaceae	Sutorius	Sutorius eximius		SPECIES	Sutorius eximius (Peck) Halling, Nuhn & Osmundson	Sutorius eximius		CA		Ontario	PRESENT		28eb1a3f-1c15-4a95-931a-4af90ecb574d	45.30175	-79.2739	22587.0						2014-09-21	21	9	2014	7358611	7358611	HUMAN_OBSERVATION	iNaturalist	Observations	9577002		mycowalt	2018-01-23T18:37:03	CC_BY_NC_4_0	mycowalt	mycowalt			2025-01-14T12:05:16.673Z	StillImage	CONTINENT_DERIVED_FROM_COORDINATES;TAXON_MATCH_TAXON_ID_IGNORED
1831161446	50c9509d-22c7-4a22-a47d-8c48425ef4a7	https://www.inaturalist.org/observations/9589910	Fungi	Basidiomycota	Agaricomycetes	Boletales	Boletaceae	Sutorius	Sutorius eximius		SPECIES	Sutorius eximius (Peck) Halling, Nuhn & Osmundson	Sutorius eximius		CA		Ontario	PRESENT		28eb1a3f-1c15-4a95-931a-4af90ecb574d	45.35695	-79.0971	33539.0						2015-09-13	13	9	2015	7358611	7358611	HUMAN_OBSERVATION	iNaturalist	Observations	9589910		mycowalt	2018-01-23T21:45:00	CC_BY_NC_4_0	mycowalt	mycowalt			2025-01-14T12:04:22.800Z	StillImage	CONTINENT_DERIVED_FROM_COORDINATES;TAXON_MATCH_TAXON_ID_IGNORED
1807263585	e8a25a42-f125-476c-8554-3ec21cd51a84	ACAD:120154	Fungi	Basidiomycota	Agaricomycetes	Boletales	Boletaceae	Sutorius	Sutorius eximius		SPECIES	Sutorius eximius (Peck) Halling, Nuhn & Osmundson	Sutorius eximius (Peck) Halling, M. Nuhn & Osmundson	(Peck) Halling, M. Nuhn & Osmundson	CA	Cape Split	Nova Scotia	PRESENT		6491ad8c-8e49-4bd4-a089-0ddb3bbe0890	45.334283	-64.49612							1969-08-17	17	8	1969	7358611	7358611	PRESERVED_SPECIMEN	Acadia University	ACAD	9893F	9893			CC0_1_0	Acadia University	Harrison, KA			2024-01-25T01:37:03.178Z	StillImage	COORDINATE_ROUNDED;GEODETIC_DATUM_INVALID;GEODETIC_DATUM_ASSUMED_WGS84;INSTITUTION_MATCH_FUZZY;COLLECTION_MATCH_FUZZY
1807262681	e8a25a42-f125-476c-8554-3ec21cd51a84	ACAD:119300	Fungi	Basidiomycota	Agaricomycetes	Boletales	Boletaceae	Sutorius	Sutorius eximius		SPECIES	Sutorius eximius (Peck) Halling, Nuhn & Osmundson	Sutorius eximius (Peck) Halling, M. Nuhn & Osmundson	(Peck) Halling, M. Nuhn & Osmundson	CA	Cape Split	Nova Scotia	PRESENT		6491ad8c-8e49-4bd4-a089-0ddb3bbe0890	45.316224	-64.434987							1959-08-15	15	8	1959	7358611	7358611	PRESERVED_SPECIMEN	Acadia University	ACAD	8006F	8006			CC0_1_0	Acadia University	Harrison, KA			2024-01-25T01:37:02.775Z	StillImage	GEODETIC_DATUM_INVALID;GEODETIC_DATUM_ASSUMED_WGS84;INSTITUTION_MATCH_FUZZY;COLLECTION_MATCH_FUZZY
1807262539	e8a25a42-f125-476c-8554-3ec21cd51a84	ACAD:119379	Fungi	Basidiomycota	Agaricomycetes	Boletales	Boletaceae	Sutorius	Sutorius eximius		SPECIES	Sutorius eximius (Peck) Halling, Nuhn & Osmundson	Sutorius eximius (Peck) Halling, M. Nuhn & Osmundson	(Peck) Halling, M. Nuhn & Osmundson	CA	Cape Split	Nova Scotia	PRESENT		6491ad8c-8e49-4bd4-a089-0ddb3bbe0890	45.316224	-64.434987							1964-07-19	19	7	1964	7358611	7358611	PRESERVED_SPECIMEN	Acadia University	ACAD	8084F	8084			CC0_1_0	Acadia University	Harrison, KA			2024-01-25T01:37:02.817Z	StillImage	GEODETIC_DATUM_INVALID;GEODETIC_DATUM_ASSUMED_WGS84;INSTITUTION_MATCH_FUZZY;COLLECTION_MATCH_FUZZY
1807262346	e8a25a42-f125-476c-8554-3ec21cd51a84	ACAD:119289	Fungi	Basidiomycota	Agaricomycetes	Boletales	Boletaceae	Sutorius	Sutorius eximius		SPECIES	Sutorius eximius (Peck) Halling, Nuhn & Osmundson	Sutorius eximius (Peck) Halling, M. Nuhn & Osmundson	(Peck) Halling, M. Nuhn & Osmundson	CA	Cape Split	Nova Scotia	PRESENT		6491ad8c-8e49-4bd4-a089-0ddb3bbe0890	45.316224	-64.434987							1959-09-26	26	9	1959	7358611	7358611	PRESERVED_SPECIMEN	Acadia University	ACAD	7995F	7995			CC0_1_0	Acadia University	Harrison, KA			2024-01-25T01:37:02.962Z	StillImage	GEODETIC_DATUM_INVALID;GEODETIC_DATUM_ASSUMED_WGS84;INSTITUTION_MATCH_FUZZY;COLLECTION_MATCH_FUZZY
1807261742	e8a25a42-f125-476c-8554-3ec21cd51a84	ACAD:118225	Fungi	Basidiomycota	Agaricomycetes	Boletales	Boletaceae	Sutorius	Sutorius eximius		SPECIES	Sutorius eximius (Peck) Halling, Nuhn & Osmundson	Sutorius eximius (Peck) Halling, M. Nuhn & Osmundson	(Peck) Halling, M. Nuhn & Osmundson	CA	Wolfville	Nova Scotia	PRESENT		6491ad8c-8e49-4bd4-a089-0ddb3bbe0890	45.09271	-64.36132							1975-08-09	9	8	1975	7358611	7358611	PRESERVED_SPECIMEN	Acadia University	ACAD	11381F	11381			CC0_1_0	Acadia University	Basaraba, J			2024-01-25T01:37:17.667Z	StillImage	GEODETIC_DATUM_INVALID;GEODETIC_DATUM_ASSUMED_WGS84;INSTITUTION_MATCH_FUZZY;COLLECTION_MATCH_FUZZY
1807261599	e8a25a42-f125-476c-8554-3ec21cd51a84	ACAD:118198	Fungi	Basidiomycota	Agaricomycetes	Boletales	Boletaceae	Sutorius	Sutorius eximius		SPECIES	Sutorius eximius (Peck) Halling, Nuhn & Osmundson	Sutorius eximius (Peck) Halling, M. Nuhn & Osmundson	(Peck) Halling, M. Nuhn & Osmundson	CA	Scotts Bay	Nova Scotia	PRESENT		6491ad8c-8e49-4bd4-a089-0ddb3bbe0890	45.3	-64.424167							1975-08-05	5	8	1975	7358611	7358611	PRESERVED_SPECIMEN	Acadia University	ACAD	11360F	11360			CC0_1_0	Acadia University	Harrison, KJ			2024-01-25T01:37:16.582Z	StillImage	COORDINATE_ROUNDED;GEODETIC_DATUM_INVALID;GEODETIC_DATUM_ASSUMED_WGS84;INSTITUTION_MATCH_FUZZY;COLLECTION_MATCH_FUZZY
1807261571	e8a25a42-f125-476c-8554-3ec21cd51a84	ACAD:118183	Fungi	Basidiomycota	Agaricomycetes	Boletales	Boletaceae	Sutorius	Sutorius eximius		SPECIES	Sutorius eximius (Peck) Halling, Nuhn & Osmundson	Sutorius eximius (Peck) Halling, M. Nuhn & Osmundson	(Peck) Halling, M. Nuhn & Osmundson	CA	Cape Split	Nova Scotia	PRESENT		6491ad8c-8e49-4bd4-a089-0ddb3bbe0890	45.334283	-64.49612							1975-08-03	3	8	1975	7358611	7358611	PRESERVED_SPECIMEN	Acadia University	ACAD	11347BF	11347	H, KA		CC0_1_0	Acadia University	Bleakney, J; Boland, G			2024-01-25T01:37:16.583Z	StillImage	COORDINATE_ROUNDED;GEODETIC_DATUM_INVALID;GEODETIC_DATUM_ASSUMED_WGS84;INSTITUTION_MATCH_FUZZY;COLLECTION_MATCH_FUZZY
1807261436	e8a25a42-f125-476c-8554-3ec21cd51a84	ACAD:118229	Fungi	Basidiomycota	Agaricomycetes	Boletales	Boletaceae	Sutorius	Sutorius eximius		SPECIES	Sutorius eximius (Peck) Halling, Nuhn & Osmundson	Sutorius eximius (Peck) Halling, M. Nuhn & Osmundson	(Peck) Halling, M. Nuhn & Osmundson	CA	Gaspereau	Nova Scotia	PRESENT		6491ad8c-8e49-4bd4-a089-0ddb3bbe0890	45.06806	-64.35247							1975-08-13	13	8	1975	7358611	7358611	PRESERVED_SPECIMEN	Acadia University	ACAD	11385F	11385			CC0_1_0	Acadia University	Harrison; Bleakney; Boland			2024-01-25T01:37:17.667Z	StillImage	GEODETIC_DATUM_INVALID;GEODETIC_DATUM_ASSUMED_WGS84;INSTITUTION_MATCH_FUZZY;COLLECTION_MATCH_FUZZY
1807261410	e8a25a42-f125-476c-8554-3ec21cd51a84	ACAD:118236	Fungi	Basidiomycota	Agaricomycetes	Boletales	Boletaceae	Sutorius	Sutorius eximius		SPECIES	Sutorius eximius (Peck) Halling, Nuhn & Osmundson	Sutorius eximius (Peck) Halling, M. Nuhn & Osmundson	(Peck) Halling, M. Nuhn & Osmundson	CA	Gaspereau	Nova Scotia	PRESENT		6491ad8c-8e49-4bd4-a089-0ddb3bbe0890	45.06806	-64.35247							1975-08-13	13	8	1975	7358611	7358611	PRESERVED_SPECIMEN	Acadia University	ACAD	11391F	11391			CC0_1_0	Acadia University	Harrison, KA			2024-01-25T01:37:17.674Z	StillImage	GEODETIC_DATUM_INVALID;GEODETIC_DATUM_ASSUMED_WGS84;INSTITUTION_MATCH_FUZZY;COLLECTION_MATCH_FUZZY
1807261265	e8a25a42-f125-476c-8554-3ec21cd51a84	ACAD:117695	Fungi	Basidiomycota	Agaricomycetes	Boletales	Boletaceae	Sutorius	Sutorius eximius		SPECIES	Sutorius eximius (Peck) Halling, Nuhn & Osmundson	Sutorius eximius (Peck) Halling, M. Nuhn & Osmundson	(Peck) Halling, M. Nuhn & Osmundson	CA	Moores Falls	Nova Scotia	PRESENT		6491ad8c-8e49-4bd4-a089-0ddb3bbe0890	45.037437	-64.502464							1973-08-13	13	8	1973	7358611	7358611	PRESERVED_SPECIMEN	Acadia University	ACAD	10467BF	10467			CC0_1_0	Acadia University				2024-01-25T01:37:08.118Z	StillImage	COORDINATE_ROUNDED;GEODETIC_DATUM_INVALID;GEODETIC_DATUM_ASSUMED_WGS84;INSTITUTION_MATCH_FUZZY;COLLECTION_MATCH_FUZZY
1807261006	e8a25a42-f125-476c-8554-3ec21cd51a84	ACAD:117613	Fungi	Basidiomycota	Agaricomycetes	Boletales	Boletaceae	Sutorius	Sutorius eximius		SPECIES	Sutorius eximius (Peck) Halling, Nuhn & Osmundson	Sutorius eximius (Peck) Halling, M. Nuhn & Osmundson	(Peck) Halling, M. Nuhn & Osmundson	CA	Gaspereau	Nova Scotia	PRESENT		6491ad8c-8e49-4bd4-a089-0ddb3bbe0890	45.06806	-64.35247							1973-07-24	24	7	1973	7358611	7358611	PRESERVED_SPECIMEN	Acadia University	ACAD	10372F	10372	H, KA		CC0_1_0	Acadia University	H, KA			2024-01-25T01:37:08.137Z	StillImage	GEODETIC_DATUM_INVALID;GEODETIC_DATUM_ASSUMED_WGS84;INSTITUTION_MATCH_FUZZY;COLLECTION_MATCH_FUZZY
1807261004	e8a25a42-f125-476c-8554-3ec21cd51a84	ACAD:117696	Fungi	Basidiomycota	Agaricomycetes	Boletales	Boletaceae	Sutorius	Sutorius eximius		SPECIES	Sutorius eximius (Peck) Halling, Nuhn & Osmundson	Sutorius eximius (Peck) Halling, M. Nuhn & Osmundson	(Peck) Halling, M. Nuhn & Osmundson	CA	Moores Falls	Nova Scotia	PRESENT		6491ad8c-8e49-4bd4-a089-0ddb3bbe0890	45.037437	-64.502464							1973-08-13	13	8	1973	7358611	7358611	PRESERVED_SPECIMEN	Acadia University	ACAD	10467F	10467			CC0_1_0	Acadia University				2024-01-25T01:37:08.117Z	StillImage	COORDINATE_ROUNDED;GEODETIC_DATUM_INVALID;GEODETIC_DATUM_ASSUMED_WGS84;INSTITUTION_MATCH_FUZZY;COLLECTION_MATCH_FUZZY
1807260292	e8a25a42-f125-476c-8554-3ec21cd51a84	ACAD:117076	Fungi	Basidiomycota	Agaricomycetes	Boletales	Boletaceae	Sutorius	Sutorius eximius		SPECIES	Sutorius eximius (Peck) Halling, Nuhn & Osmundson	Sutorius eximius (Peck) Halling, M. Nuhn & Osmundson	(Peck) Halling, M. Nuhn & Osmundson	CA	Cape Split	Nova Scotia	PRESENT		6491ad8c-8e49-4bd4-a089-0ddb3bbe0890	45.334283	-64.49612							1961-08-19	19	8	1961	7358611	7358611	PRESERVED_SPECIMEN	Acadia University	ACAD	5342F	5342			CC0_1_0	Acadia University	H, KA			2024-01-25T01:37:12.527Z	StillImage	COORDINATE_ROUNDED;GEODETIC_DATUM_INVALID;GEODETIC_DATUM_ASSUMED_WGS84;INSTITUTION_MATCH_FUZZY;COLLECTION_MATCH_FUZZY
1807258864	e8a25a42-f125-476c-8554-3ec21cd51a84	ACAD:115558	Fungi	Basidiomycota	Agaricomycetes	Boletales	Boletaceae	Sutorius	Sutorius eximius		SPECIES	Sutorius eximius (Peck) Halling, Nuhn & Osmundson	Sutorius eximius (Peck) Halling, M. Nuhn & Osmundson	(Peck) Halling, M. Nuhn & Osmundson	CA	Kentville	Nova Scotia	PRESENT		6491ad8c-8e49-4bd4-a089-0ddb3bbe0890	45.07662	-64.49592							1954-08-12	12	8	1954	7358611	7358611	PRESERVED_SPECIMEN	Acadia University	ACAD	2979F	2979			CC0_1_0	Acadia University	Harrison, KA			2024-01-25T01:37:00.556Z	StillImage	GEODETIC_DATUM_INVALID;GEODETIC_DATUM_ASSUMED_WGS84;INSTITUTION_MATCH_FUZZY;COLLECTION_MATCH_FUZZY
1807257947	e8a25a42-f125-476c-8554-3ec21cd51a84	ACAD:114371	Fungi	Basidiomycota	Agaricomycetes	Boletales	Boletaceae	Sutorius	Sutorius eximius		SPECIES	Sutorius eximius (Peck) Halling, Nuhn & Osmundson	Sutorius eximius (Peck) Halling, M. Nuhn & Osmundson	(Peck) Halling, M. Nuhn & Osmundson	CA	Kentville	Nova Scotia	PRESENT		6491ad8c-8e49-4bd4-a089-0ddb3bbe0890	45.07662	-64.49592							1930-07-21	21	7	1930	7358611	7358611	PRESERVED_SPECIMEN	Acadia University	ACAD	558F				CC0_1_0	Acadia University	H, KA			2024-01-25T01:37:14.219Z	StillImage	GEODETIC_DATUM_INVALID;GEODETIC_DATUM_ASSUMED_WGS84;INSTITUTION_MATCH_FUZZY;COLLECTION_MATCH_FUZZY
1807255484	e8a25a42-f125-476c-8554-3ec21cd51a84	ACAD:112071	Fungi	Basidiomycota	Agaricomycetes	Boletales	Boletaceae	Sutorius	Sutorius eximius		SPECIES	Sutorius eximius (Peck) Halling, Nuhn & Osmundson	Sutorius eximius (Peck) Halling, M. Nuhn & Osmundson	(Peck) Halling, M. Nuhn & Osmundson	CA	(Kentville)	Nova Scotia	PRESENT		6491ad8c-8e49-4bd4-a089-0ddb3bbe0890	45.07662	-64.49592							1952-08-24	24	8	1952	7358611	7358611	PRESERVED_SPECIMEN	Acadia University	ACAD	1731F	1731			CC0_1_0	Acadia University	H, KA			2024-01-25T01:37:05.952Z	StillImage	GEODETIC_DATUM_INVALID;GEODETIC_DATUM_ASSUMED_WGS84;INSTITUTION_MATCH_FUZZY;COLLECTION_MATCH_FUZZY
1701558117	39bd4817-9530-4341-a918-4f16b8db1419	UdeM:CMMF:Blitz2017:123	Fungi	Basidiomycota	Agaricomycetes	Boletales	Boletaceae	Sutorius	Sutorius eximius		SPECIES	Sutorius eximius (Peck) Halling, Nuhn & Osmundson	Sutorius eximius (Peck) Halling, M. Nuhn & Osmundson, 2012	(Peck) Halling, M. Nuhn & Osmundson, 2012	CA	Parc des Chutes de Sainte-Ursule	Québec	PRESENT		ff7bd5db-b724-4932-b496-10ea298851f9	46.300422	-73.094321	500.0						2017-08-09	9	8	2017	7358611	7358611	HUMAN_OBSERVATION	Université de Montréal Biodiversity Centre	CMMF			Raymond Archambault et Joseph Nuzzolese	2017-08-09T00:00:00	CC0_1_0		IRBV's graduate students			2024-01-24T17:29:10.575Z		
1412709071	21705170-d2b6-42de-8904-c3bca4b83591	CMMF017571	Fungi	Basidiomycota	Agaricomycetes	Boletales	Boletaceae	Sutorius	Sutorius eximius		SPECIES	Leccinum eximium (Peck) Singer	Leccinum eximius (Peck) Pomerl.	(Peck) Pomerl.	CA	Arboretum Morgan A, Québec.	Québec	PRESENT		ff7bd5db-b724-4932-b496-10ea298851f9	45.43	-73.946667	2500.0						1980-08-20	20	8	1980	3354307	7358611	PRESERVED_SPECIMEN	Université de Montréal Biodiversity Centre	CMMF	CMMF017571	1980-388	McNeil, Raymond		CC0_1_0	Université de Montréal Biodiversity Centre	Haméon, G.			2024-01-24T16:38:15.794Z		COORDINATE_ROUNDED;TAXON_MATCH_FUZZY;INSTITUTION_MATCH_FUZZY;COLLECTION_MATCH_FUZZY;DIFFERENT_OWNER_INSTITUTION
