gbifID	datasetKey	occurrenceID	kingdom	phylum	class	order	family	genus	species	infraspecificEpithet	taxonRank	scientificName	verbatimScientificName	verbatimScientificNameAuthorship	countryCode	locality	stateProvince	occurrenceStatus	individualCount	publishingOrgKey	decimalLatitude	decimalLongitude	coordinateUncertaintyInMeters	coordinatePrecision	elevation	elevationAccuracy	depth	depthAccuracy	eventDate	day	month	year	taxonKey	speciesKey	basisOfRecord	institutionCode	collectionCode	catalogNumber	recordNumber	identifiedBy	dateIdentified	license	rightsHolder	recordedBy	typeStatus	establishmentMeans	lastInterpreted	mediaType	issue
617551341	21705170-d2b6-42de-8904-c3bca4b83591	CMMF002663	Fungi	Basidiomycota	Agaricomycetes	Agaricales	Strophariaceae	Stropharia	Stropharia rugosoannulata		SPECIES	Stropharia rugosoannulata Farl. ex Murrill	Stropharia rugosoannulata Farl. ex Murrill	Farl. ex Murrill	CA	Saint-Amable	Québec	PRESENT		ff7bd5db-b724-4932-b496-10ea298851f9	45.666797	-73.292447	7000.0						1995-09-24	24	9	1995	2533347	2533347	PRESERVED_SPECIMEN	Université de Montréal Biodiversity Centre	CMMF	CMMF002663		Lamoureux, Yves		CC0_1_0	Université de Montréal Biodiversity Centre	Plourde, Michel			2024-01-24T16:38:20.335Z	StillImage	INSTITUTION_MATCH_FUZZY;COLLECTION_MATCH_FUZZY;DIFFERENT_OWNER_INSTITUTION
617548861	21705170-d2b6-42de-8904-c3bca4b83591	CMMF001593	Fungi	Basidiomycota	Agaricomycetes	Agaricales	Strophariaceae	Stropharia	Stropharia rugosoannulata		SPECIES	Stropharia rugosoannulata Farl. ex Murrill	Stropharia rugosoannulata Farl. ex Murrill	Farl. ex Murrill	CA	Saint-Lazare	Québec	PRESENT		ff7bd5db-b724-4932-b496-10ea298851f9	45.402527	-74.144994	4000.0						1991-10-14	14	10	1991	2533347	2533347	PRESERVED_SPECIMEN	Université de Montréal Biodiversity Centre	CMMF	CMMF001593		Lamoureux, Yves		CC0_1_0	Université de Montréal Biodiversity Centre	Nanni, Georgio			2024-01-24T16:38:17.664Z	StillImage	INSTITUTION_MATCH_FUZZY;COLLECTION_MATCH_FUZZY;DIFFERENT_OWNER_INSTITUTION
4949852324	50c9509d-22c7-4a22-a47d-8c48425ef4a7	https://www.inaturalist.org/observations/66942559	Fungi	Basidiomycota	Agaricomycetes	Agaricales	Strophariaceae	Stropharia	Stropharia rugosoannulata		SPECIES	Stropharia rugosoannulata Farl. ex Murrill	Stropharia rugosoannulata		CA		Québec	PRESENT		28eb1a3f-1c15-4a95-931a-4af90ecb574d	46.553927	-72.4112	15.0						2018-08-08T12:28	8	8	2018	2533347	2533347	HUMAN_OBSERVATION	iNaturalist	Observations	66942559		Renée Lebeuf	2021-06-05T20:09:02	CC_BY_NC_4_0	Renée Lebeuf	Renée Lebeuf			2025-01-14T12:16:02.593Z	StillImage	COORDINATE_ROUNDED;CONTINENT_DERIVED_FROM_COORDINATES;TAXON_MATCH_TAXON_ID_IGNORED
4936268073	50c9509d-22c7-4a22-a47d-8c48425ef4a7	https://www.inaturalist.org/observations/238318451	Fungi	Basidiomycota	Agaricomycetes	Agaricales	Strophariaceae	Stropharia	Stropharia rugosoannulata		SPECIES	Stropharia rugosoannulata Farl. ex Murrill	Stropharia rugosoannulata		CA		Québec	PRESENT		28eb1a3f-1c15-4a95-931a-4af90ecb574d	45.52895	-76.422342	8430.0						2024-08-27T17:51:46	27	8	2024	2533347	2533347	HUMAN_OBSERVATION	iNaturalist	Observations	238318451		Carlene Cliver	2024-08-28T19:53:30	CC_BY_NC_4_0	zoob	zoob			2025-01-14T12:53:14.216Z	StillImage	COORDINATE_ROUNDED;CONTINENT_DERIVED_FROM_COORDINATES;TAXON_MATCH_TAXON_ID_IGNORED
4935693059	50c9509d-22c7-4a22-a47d-8c48425ef4a7	https://www.inaturalist.org/observations/237702762	Fungi	Basidiomycota	Agaricomycetes	Agaricales	Strophariaceae	Stropharia	Stropharia rugosoannulata		SPECIES	Stropharia rugosoannulata Farl. ex Murrill	Stropharia rugosoannulata		CA		New Brunswick	PRESENT		28eb1a3f-1c15-4a95-931a-4af90ecb574d	46.135487	-66.612962	490.0						2024-08-24T16:10:34	24	8	2024	2533347	2533347	HUMAN_OBSERVATION	iNaturalist	Observations	237702762		flightmom	2024-08-24T19:15:46	CC_BY_NC_4_0	flightmom	flightmom			2025-01-14T13:42:54.551Z	StillImage	COORDINATE_ROUNDED;CONTINENT_DERIVED_FROM_COORDINATES;TAXON_MATCH_TAXON_ID_IGNORED
4904178310	50c9509d-22c7-4a22-a47d-8c48425ef4a7	https://www.inaturalist.org/observations/225216311	Fungi	Basidiomycota	Agaricomycetes	Agaricales	Strophariaceae	Stropharia	Stropharia rugosoannulata		SPECIES	Stropharia rugosoannulata Farl. ex Murrill	Stropharia rugosoannulata		CA		Québec	PRESENT		28eb1a3f-1c15-4a95-931a-4af90ecb574d	46.823358	-71.239015							2024-06-21T08:01	21	6	2024	2533347	2533347	HUMAN_OBSERVATION	iNaturalist	Observations	225216311		Don Loarie	2024-06-26T01:10:21	CC_BY_4_0	Don Loarie	Don Loarie			2025-01-14T13:47:02.633Z	StillImage	COORDINATE_ROUNDED;CONTINENT_DERIVED_FROM_COORDINATES;TAXON_MATCH_TAXON_ID_IGNORED
4900908854	50c9509d-22c7-4a22-a47d-8c48425ef4a7	https://www.inaturalist.org/observations/222367793	Fungi	Basidiomycota	Agaricomycetes	Agaricales	Strophariaceae	Stropharia	Stropharia rugosoannulata		SPECIES	Stropharia rugosoannulata Farl. ex Murrill	Stropharia rugosoannulata		CA		Québec	PRESENT		28eb1a3f-1c15-4a95-931a-4af90ecb574d	46.720877	-71.211363	26967.0						2024-06-12T19:36:57	12	6	2024	2533347	2533347	HUMAN_OBSERVATION	iNaturalist	Observations	222367793		Alex Wittemeier	2024-06-13T02:19:32	CC_BY_NC_4_0	Alex Wittemeier	Alex Wittemeier			2025-01-14T13:35:07.255Z	StillImage	COORDINATE_ROUNDED;CONTINENT_DERIVED_FROM_COORDINATES;TAXON_MATCH_TAXON_ID_IGNORED
4424229770	50c9509d-22c7-4a22-a47d-8c48425ef4a7	https://www.inaturalist.org/observations/181678810	Fungi	Basidiomycota	Agaricomycetes	Agaricales	Strophariaceae	Stropharia	Stropharia rugosoannulata		SPECIES	Stropharia rugosoannulata Farl. ex Murrill	Stropharia rugosoannulata		CA		New Brunswick	PRESENT		28eb1a3f-1c15-4a95-931a-4af90ecb574d	45.900253	-64.365005	52.0						2023-09-03T14:41:55	3	9	2023	2533347	2533347	HUMAN_OBSERVATION	iNaturalist	Observations	181678810		Laura O'Connor	2023-09-04T02:27:18	CC_BY_NC_4_0	Laura O'Connor	Laura O'Connor			2025-01-14T12:40:52.532Z	StillImage	COORDINATE_ROUNDED;CONTINENT_DERIVED_FROM_COORDINATES;TAXON_MATCH_TAXON_ID_IGNORED
4405480935	50c9509d-22c7-4a22-a47d-8c48425ef4a7	https://www.inaturalist.org/observations/180480556	Fungi	Basidiomycota	Agaricomycetes	Agaricales	Strophariaceae	Stropharia	Stropharia rugosoannulata		SPECIES	Stropharia rugosoannulata Farl. ex Murrill	Stropharia rugosoannulata		CA		Québec	PRESENT		28eb1a3f-1c15-4a95-931a-4af90ecb574d	46.76655	-71.378781	25.0						2023-08-27T11:45:43	27	8	2023	2533347	2533347	HUMAN_OBSERVATION	iNaturalist	Observations	180480556		Camille Boucher	2023-08-27T17:52:10	CC_BY_NC_4_0	Camille Boucher	Camille Boucher			2025-01-14T13:26:49.339Z	StillImage	COORDINATE_ROUNDED;CONTINENT_DERIVED_FROM_COORDINATES;TAXON_MATCH_TAXON_ID_IGNORED
4405099413	50c9509d-22c7-4a22-a47d-8c48425ef4a7	https://www.inaturalist.org/observations/169088604	Fungi	Basidiomycota	Agaricomycetes	Agaricales	Strophariaceae	Stropharia	Stropharia rugosoannulata		SPECIES	Stropharia rugosoannulata Farl. ex Murrill	Stropharia rugosoannulata		CA		New Brunswick	PRESENT		28eb1a3f-1c15-4a95-931a-4af90ecb574d	45.921789	-66.155869							2023-06-23T20:51:17	23	6	2023	2533347	2533347	HUMAN_OBSERVATION	iNaturalist	Observations	169088604		Andrew MacPherson	2023-06-23T23:54:42	CC0_1_0	Andrew MacPherson	Andrew MacPherson			2025-01-14T12:36:29.014Z	StillImage	COORDINATE_ROUNDED;CONTINENT_DERIVED_FROM_COORDINATES;TAXON_MATCH_TAXON_ID_IGNORED
4404993672	50c9509d-22c7-4a22-a47d-8c48425ef4a7	https://www.inaturalist.org/observations/170184684	Fungi	Basidiomycota	Agaricomycetes	Agaricales	Strophariaceae	Stropharia	Stropharia rugosoannulata		SPECIES	Stropharia rugosoannulata Farl. ex Murrill	Stropharia rugosoannulata		CA		New Brunswick	PRESENT		28eb1a3f-1c15-4a95-931a-4af90ecb574d	45.945632	-66.778643	27095.0						2023-06-29T18:02:48	29	6	2023	2533347	2533347	HUMAN_OBSERVATION	iNaturalist	Observations	170184684		Andrew MacPherson	2023-06-29T21:59:18	CC0_1_0	Andrew MacPherson	Andrew MacPherson			2025-01-14T12:39:32.958Z	StillImage	COORDINATE_ROUNDED;CONTINENT_DERIVED_FROM_COORDINATES;TAXON_MATCH_TAXON_ID_IGNORED
4399886093	50c9509d-22c7-4a22-a47d-8c48425ef4a7	https://www.inaturalist.org/observations/179165635	Fungi	Basidiomycota	Agaricomycetes	Agaricales	Strophariaceae	Stropharia	Stropharia rugosoannulata		SPECIES	Stropharia rugosoannulata Farl. ex Murrill	Stropharia rugosoannulata		CA		Québec	PRESENT		28eb1a3f-1c15-4a95-931a-4af90ecb574d	45.577185	-71.995144	40.0						2023-08-19T11:15:32	19	8	2023	2533347	2533347	HUMAN_OBSERVATION	iNaturalist	Observations	179165635		karri-ann	2023-08-19T15:40:49	CC_BY_NC_4_0	karri-ann	karri-ann			2025-01-14T13:32:28.613Z	StillImage	CONTINENT_DERIVED_FROM_COORDINATES;TAXON_MATCH_TAXON_ID_IGNORED
4152738723	d8cd16ba-bb74-4420-821e-083f2bac17c2	ON943277	Fungi	Basidiomycota	Agaricomycetes	Agaricales	Strophariaceae	Stropharia	Stropharia rugosoannulata		SPECIES	Stropharia rugosoannulata Farl. ex Murrill	Stropharia rugosoannulata		CA	Quebec		PRESENT		ada9d123-ddb4-467d-8891-806ea8d94230	46.55	-72.41							2018-08-08	8	8	2018	2533347	2533347	PRESERVED_SPECIMEN			iNat66942559		Bitty A Roy		CC_BY_4_0		Renee Lebeuf and Andre Paul			2025-01-18T13:05:57.452Z		GEODETIC_DATUM_ASSUMED_WGS84;CONTINENT_DERIVED_FROM_COORDINATES;TAXON_MATCH_TAXON_CONCEPT_ID_IGNORED;TAXON_MATCH_TAXON_ID_IGNORED
4145175957	50c9509d-22c7-4a22-a47d-8c48425ef4a7	https://www.inaturalist.org/observations/170358970	Fungi	Basidiomycota	Agaricomycetes	Agaricales	Strophariaceae	Stropharia	Stropharia rugosoannulata		SPECIES	Stropharia rugosoannulata Farl. ex Murrill	Stropharia rugosoannulata		CA		Québec	PRESENT		28eb1a3f-1c15-4a95-931a-4af90ecb574d	46.744077	-71.390259	75.0						2023-06-30T18:06:35	30	6	2023	2533347	2533347	HUMAN_OBSERVATION	iNaturalist	Observations	170358970		Camille Boucher	2023-06-30T23:36:55	CC_BY_NC_4_0	Camille Boucher	Camille Boucher			2025-01-14T13:30:06.768Z	StillImage	COORDINATE_ROUNDED;CONTINENT_DERIVED_FROM_COORDINATES;TAXON_MATCH_TAXON_ID_IGNORED
4137721722	50c9509d-22c7-4a22-a47d-8c48425ef4a7	https://www.inaturalist.org/observations/167272689	Fungi	Basidiomycota	Agaricomycetes	Agaricales	Strophariaceae	Stropharia	Stropharia rugosoannulata		SPECIES	Stropharia rugosoannulata Farl. ex Murrill	Stropharia rugosoannulata		CA		Québec	PRESENT		28eb1a3f-1c15-4a95-931a-4af90ecb574d	46.810316	-71.212998	11.0						2023-06-13T15:26:38	13	6	2023	2533347	2533347	HUMAN_OBSERVATION	iNaturalist	Observations	167272689		Camille Boucher	2023-06-13T22:31:53	CC_BY_NC_4_0	Camille Boucher	Camille Boucher			2025-01-14T13:30:38.788Z	StillImage	COORDINATE_ROUNDED;CONTINENT_DERIVED_FROM_COORDINATES;TAXON_MATCH_TAXON_ID_IGNORED
4137690014	50c9509d-22c7-4a22-a47d-8c48425ef4a7	https://www.inaturalist.org/observations/168180329	Fungi	Basidiomycota	Agaricomycetes	Agaricales	Strophariaceae	Stropharia	Stropharia rugosoannulata		SPECIES	Stropharia rugosoannulata Farl. ex Murrill	Stropharia rugosoannulata		CA		Québec	PRESENT		28eb1a3f-1c15-4a95-931a-4af90ecb574d	47.021456	-70.92854	7.0						2023-06-18T17:32:38	18	6	2023	2533347	2533347	HUMAN_OBSERVATION	iNaturalist	Observations	168180329		paruline	2023-06-18T21:33:21	CC_BY_NC_4_0	paruline	paruline			2025-01-14T12:35:15.547Z	StillImage	COORDINATE_ROUNDED;CONTINENT_DERIVED_FROM_COORDINATES;TAXON_MATCH_TAXON_ID_IGNORED
4134103407	50c9509d-22c7-4a22-a47d-8c48425ef4a7	https://www.inaturalist.org/observations/166428469	Fungi	Basidiomycota	Agaricomycetes	Agaricales	Strophariaceae	Stropharia	Stropharia rugosoannulata		SPECIES	Stropharia rugosoannulata Farl. ex Murrill	Stropharia rugosoannulata		CA		Québec	PRESENT		28eb1a3f-1c15-4a95-931a-4af90ecb574d	47.126526	-70.849037	60.0						2023-06-09T11:53:34	9	6	2023	2533347	2533347	HUMAN_OBSERVATION	iNaturalist	Observations	166428469		tysanne	2023-06-09T15:53:46	CC_BY_NC_4_0	tysanne	tysanne			2025-01-14T13:25:00.245Z	StillImage	COORDINATE_ROUNDED;CONTINENT_DERIVED_FROM_COORDINATES;TAXON_MATCH_TAXON_ID_IGNORED
4133849262	50c9509d-22c7-4a22-a47d-8c48425ef4a7	https://www.inaturalist.org/observations/166594932	Fungi	Basidiomycota	Agaricomycetes	Agaricales	Strophariaceae	Stropharia	Stropharia rugosoannulata		SPECIES	Stropharia rugosoannulata Farl. ex Murrill	Stropharia rugosoannulata		CA		Québec	PRESENT		28eb1a3f-1c15-4a95-931a-4af90ecb574d	45.177953	-72.765038	4.0						2023-06-10T10:31:59	10	6	2023	2533347	2533347	HUMAN_OBSERVATION	iNaturalist	Observations	166594932		l_bienvenue	2023-06-10T14:34:37	CC_BY_NC_4_0	l_bienvenue	l_bienvenue			2025-01-14T12:35:06.604Z	StillImage	COORDINATE_ROUNDED;CONTINENT_DERIVED_FROM_COORDINATES;TAXON_MATCH_TAXON_ID_IGNORED
4133732368	50c9509d-22c7-4a22-a47d-8c48425ef4a7	https://www.inaturalist.org/observations/153607241	Fungi	Basidiomycota	Agaricomycetes	Agaricales	Strophariaceae	Stropharia	Stropharia rugosoannulata		SPECIES	Stropharia rugosoannulata Farl. ex Murrill	Stropharia rugosoannulata		CA		Québec	PRESENT		28eb1a3f-1c15-4a95-931a-4af90ecb574d	46.784414	-71.270143	267.0						2018-09-06T16:19	6	9	2018	2533347	2533347	HUMAN_OBSERVATION	iNaturalist	Observations	153607241		Léo-Guy de Repentigny	2023-04-05T20:20:28	CC_BY_NC_4_0	Léo-Guy de Repentigny	Léo-Guy de Repentigny			2025-01-14T12:37:18.787Z	StillImage	COORDINATE_ROUNDED;CONTINENT_DERIVED_FROM_COORDINATES;TAXON_MATCH_TAXON_ID_IGNORED
4130164496	50c9509d-22c7-4a22-a47d-8c48425ef4a7	https://www.inaturalist.org/observations/165966809	Fungi	Basidiomycota	Agaricomycetes	Agaricales	Strophariaceae	Stropharia	Stropharia rugosoannulata		SPECIES	Stropharia rugosoannulata Farl. ex Murrill	Stropharia rugosoannulata		CA		Québec	PRESENT		28eb1a3f-1c15-4a95-931a-4af90ecb574d	45.803868	-76.422695	27095.0						2023-06-06T10:09	6	6	2023	2533347	2533347	HUMAN_OBSERVATION	iNaturalist	Observations	165966809		L Joan Heyding	2023-06-06T21:08:54	CC_BY_NC_4_0	L Joan Heyding	L Joan Heyding			2025-01-14T13:30:18.030Z	StillImage	COORDINATE_ROUNDED;CONTINENT_DERIVED_FROM_COORDINATES;TAXON_MATCH_TAXON_ID_IGNORED
4080603482	50c9509d-22c7-4a22-a47d-8c48425ef4a7	https://www.inaturalist.org/observations/137429989	Fungi	Basidiomycota	Agaricomycetes	Agaricales	Strophariaceae	Stropharia	Stropharia rugosoannulata		SPECIES	Stropharia rugosoannulata Farl. ex Murrill	Stropharia rugosoannulata		CA		Ontario	PRESENT		28eb1a3f-1c15-4a95-931a-4af90ecb574d	45.054982	-79.215069							2022-09-24T17:50:50	24	9	2022	2533347	2533347	HUMAN_OBSERVATION	iNaturalist	Observations	137429989		dbarrett	2022-10-03T16:49:46	CC_BY_4_0	dbarrett	dbarrett			2025-01-14T12:33:22.852Z	StillImage	COORDINATE_ROUNDED;CONTINENT_DERIVED_FROM_COORDINATES;TAXON_MATCH_TAXON_ID_IGNORED
3912355008	50c9509d-22c7-4a22-a47d-8c48425ef4a7	https://www.inaturalist.org/observations/135585295	Fungi	Basidiomycota	Agaricomycetes	Agaricales	Strophariaceae	Stropharia	Stropharia rugosoannulata		SPECIES	Stropharia rugosoannulata Farl. ex Murrill	Stropharia rugosoannulata		CA		Prince Edward Island	PRESENT		28eb1a3f-1c15-4a95-931a-4af90ecb574d	46.690812	-64.020303	4.0						2022-09-18T16:06:01	18	9	2022	2533347	2533347	HUMAN_OBSERVATION	iNaturalist	Observations	135585295		Thelma Phillips	2022-09-18T21:59:05	CC_BY_NC_4_0	Thelma Phillips	Thelma Phillips			2025-01-14T13:25:27.197Z	StillImage	COORDINATE_ROUNDED;CONTINENT_DERIVED_FROM_COORDINATES;TAXON_MATCH_TAXON_ID_IGNORED
3912226708	50c9509d-22c7-4a22-a47d-8c48425ef4a7	https://www.inaturalist.org/observations/130544269	Fungi	Basidiomycota	Agaricomycetes	Agaricales	Strophariaceae	Stropharia	Stropharia rugosoannulata		SPECIES	Stropharia rugosoannulata Farl. ex Murrill	Stropharia rugosoannulata		CA		Ontario	PRESENT		28eb1a3f-1c15-4a95-931a-4af90ecb574d	45.323472	-75.991753	2053.0						2022-08-12T08:42:41	12	8	2022	2533347	2533347	HUMAN_OBSERVATION	iNaturalist	Observations	130544269		zoeyannedavis	2022-08-12T20:39:30	CC_BY_NC_4_0	zoeyannedavis	zoeyannedavis			2025-01-14T13:24:43.618Z	StillImage	COORDINATE_ROUNDED;CONTINENT_DERIVED_FROM_COORDINATES;TAXON_MATCH_TAXON_ID_IGNORED
3912133512	50c9509d-22c7-4a22-a47d-8c48425ef4a7	https://www.inaturalist.org/observations/122382763	Fungi	Basidiomycota	Agaricomycetes	Agaricales	Strophariaceae	Stropharia	Stropharia rugosoannulata		SPECIES	Stropharia rugosoannulata Farl. ex Murrill	Stropharia rugosoannulata		CA		Québec	PRESENT		28eb1a3f-1c15-4a95-931a-4af90ecb574d	46.180432	-74.70476	27063.0						2022-06-18T18:04:50	18	6	2022	2533347	2533347	HUMAN_OBSERVATION	iNaturalist	Observations	122382763		Étienne Godin	2022-06-18T22:10:41	CC_BY_NC_4_0	Étienne Godin	Étienne Godin			2025-01-14T13:13:30.655Z	StillImage	COORDINATE_ROUNDED;CONTINENT_DERIVED_FROM_COORDINATES;TAXON_MATCH_TAXON_ID_IGNORED
3892629455	50c9509d-22c7-4a22-a47d-8c48425ef4a7	https://www.inaturalist.org/observations/126651400	Fungi	Basidiomycota	Agaricomycetes	Agaricales	Strophariaceae	Stropharia	Stropharia rugosoannulata		SPECIES	Stropharia rugosoannulata Farl. ex Murrill	Stropharia rugosoannulata		CA		New Brunswick	PRESENT		28eb1a3f-1c15-4a95-931a-4af90ecb574d	46.057442	-64.763297	6.0						2022-07-17T11:07	17	7	2022	2533347	2533347	HUMAN_OBSERVATION	iNaturalist	Observations	126651400		dtrynchuk	2022-07-17T15:03:32	CC_BY_NC_4_0	dtrynchuk	dtrynchuk			2025-01-14T13:17:30.919Z	StillImage	COORDINATE_ROUNDED;CONTINENT_DERIVED_FROM_COORDINATES;TAXON_MATCH_TAXON_ID_IGNORED
3859974516	50c9509d-22c7-4a22-a47d-8c48425ef4a7	https://www.inaturalist.org/observations/125097205	Fungi	Basidiomycota	Agaricomycetes	Agaricales	Strophariaceae	Stropharia	Stropharia rugosoannulata		SPECIES	Stropharia rugosoannulata Farl. ex Murrill	Stropharia rugosoannulata		CA		Ontario	PRESENT		28eb1a3f-1c15-4a95-931a-4af90ecb574d	45.314788	-75.136855	5.0						2022-07-06T19:20:55	6	7	2022	2533347	2533347	HUMAN_OBSERVATION	iNaturalist	Observations	125097205		Lynn Ovenden	2022-07-06T23:28:38	CC_BY_NC_4_0	Lynn Ovenden	Lynn Ovenden			2025-01-14T12:30:35.775Z	StillImage	COORDINATE_ROUNDED;CONTINENT_DERIVED_FROM_COORDINATES;TAXON_MATCH_TAXON_ID_IGNORED
3858971353	50c9509d-22c7-4a22-a47d-8c48425ef4a7	https://www.inaturalist.org/observations/121318850	Fungi	Basidiomycota	Agaricomycetes	Agaricales	Strophariaceae	Stropharia	Stropharia rugosoannulata		SPECIES	Stropharia rugosoannulata Farl. ex Murrill	Stropharia rugosoannulata		CA		Québec	PRESENT		28eb1a3f-1c15-4a95-931a-4af90ecb574d	46.820355	-71.22757	4.0						2022-06-11T12:26:43	11	6	2022	2533347	2533347	HUMAN_OBSERVATION	iNaturalist	Observations	121318850		nyaraka	2022-06-11T22:30:01	CC_BY_NC_4_0	nyaraka	nyaraka			2025-01-14T13:22:47.729Z	StillImage	CONTINENT_DERIVED_FROM_COORDINATES;TAXON_MATCH_TAXON_ID_IGNORED
3858876383	50c9509d-22c7-4a22-a47d-8c48425ef4a7	https://www.inaturalist.org/observations/121308415	Fungi	Basidiomycota	Agaricomycetes	Agaricales	Strophariaceae	Stropharia	Stropharia rugosoannulata		SPECIES	Stropharia rugosoannulata Farl. ex Murrill	Stropharia rugosoannulata		CA		Québec	PRESENT		28eb1a3f-1c15-4a95-931a-4af90ecb574d	46.715431	-71.297485	50.0						2022-06-11T16:50:44	11	6	2022	2533347	2533347	HUMAN_OBSERVATION	iNaturalist	Observations	121308415		Garrett Taylor	2022-06-12T01:04:23	CC_BY_NC_4_0	birderbb	birderbb			2025-01-14T12:29:58.473Z	StillImage	COORDINATE_ROUNDED;CONTINENT_DERIVED_FROM_COORDINATES;TAXON_MATCH_TAXON_ID_IGNORED
3499591354	50c9509d-22c7-4a22-a47d-8c48425ef4a7	https://www.inaturalist.org/observations/84934364	Fungi	Basidiomycota	Agaricomycetes	Agaricales	Strophariaceae	Stropharia	Stropharia rugosoannulata		SPECIES	Stropharia rugosoannulata Farl. ex Murrill	Stropharia rugosoannulata		CA		Québec	PRESENT		28eb1a3f-1c15-4a95-931a-4af90ecb574d	45.08092	-72.617795	27222.0						2021-06-28T16:28:54	28	6	2021	2533347	2533347	HUMAN_OBSERVATION	iNaturalist	Observations	84934364		wez	2021-06-29T03:31:58	CC_BY_NC_4_0	wez	wez			2025-01-14T12:18:50.411Z	StillImage	COORDINATE_ROUNDED;CONTINENT_DERIVED_FROM_COORDINATES;TAXON_MATCH_TAXON_ID_IGNORED
3399191669	50c9509d-22c7-4a22-a47d-8c48425ef4a7	https://www.inaturalist.org/observations/85811709	Fungi	Basidiomycota	Agaricomycetes	Agaricales	Strophariaceae	Stropharia	Stropharia rugosoannulata		SPECIES	Stropharia rugosoannulata Farl. ex Murrill	Stropharia rugosoannulata		CA		Québec	PRESENT		28eb1a3f-1c15-4a95-931a-4af90ecb574d	48.141573	-77.867505	4.0						2021-07-04T09:16	4	7	2021	2533347	2533347	HUMAN_OBSERVATION	iNaturalist	Observations	85811709		cinna_latifolia	2021-10-23T07:36:28	CC_BY_NC_4_0	François Dubois	François Dubois			2025-01-14T12:21:48.907Z	StillImage	COORDINATE_ROUNDED;CONTINENT_DERIVED_FROM_COORDINATES;TAXON_MATCH_TAXON_ID_IGNORED
3383932519	50c9509d-22c7-4a22-a47d-8c48425ef4a7	https://www.inaturalist.org/observations/57947371	Fungi	Basidiomycota	Agaricomycetes	Agaricales	Strophariaceae	Stropharia	Stropharia rugosoannulata		SPECIES	Stropharia rugosoannulata Farl. ex Murrill	Stropharia rugosoannulata		CA		Québec	PRESENT		28eb1a3f-1c15-4a95-931a-4af90ecb574d	48.142022	-77.867444	4.0						2020-08-29T08:46	29	8	2020	2533347	2533347	HUMAN_OBSERVATION	iNaturalist	Observations	57947371		cinna_latifolia	2021-10-03T04:14:09	CC_BY_NC_4_0	François Dubois	François Dubois			2025-01-14T12:14:56.837Z	StillImage	COORDINATE_ROUNDED;CONTINENT_DERIVED_FROM_COORDINATES;TAXON_MATCH_TAXON_ID_IGNORED
3321328489	50c9509d-22c7-4a22-a47d-8c48425ef4a7	https://www.inaturalist.org/observations/85155990	Fungi	Basidiomycota	Agaricomycetes	Agaricales	Strophariaceae	Stropharia	Stropharia rugosoannulata		SPECIES	Stropharia rugosoannulata Farl. ex Murrill	Stropharia rugosoannulata		CA		New Brunswick	PRESENT		28eb1a3f-1c15-4a95-931a-4af90ecb574d	45.968268	-66.662662	789.0						2021-06-30T15:22:47	30	6	2021	2533347	2533347	HUMAN_OBSERVATION	iNaturalist	Observations	85155990		Jeremy Gamble	2021-07-01T00:39:30	CC_BY_NC_4_0	Jeremy Gamble	Jeremy Gamble			2025-01-14T12:19:08.152Z	StillImage	COORDINATE_ROUNDED;CONTINENT_DERIVED_FROM_COORDINATES;TAXON_MATCH_TAXON_ID_IGNORED
3302303679	50c9509d-22c7-4a22-a47d-8c48425ef4a7	https://www.inaturalist.org/observations/81616719	Fungi	Basidiomycota	Agaricomycetes	Agaricales	Strophariaceae	Stropharia	Stropharia rugosoannulata		SPECIES	Stropharia rugosoannulata Farl. ex Murrill	Stropharia rugosoannulata		CA		New Brunswick	PRESENT		28eb1a3f-1c15-4a95-931a-4af90ecb574d	45.571404	-66.538151	27158.0						2021-06-04T11:47:42	4	6	2021	2533347	2533347	HUMAN_OBSERVATION	iNaturalist	Observations	81616719		Damien Mullin	2021-06-04T20:48:52	CC_BY_4_0	Damien Mullin	Damien Mullin			2025-01-14T13:12:19.170Z	StillImage	COORDINATE_ROUNDED;CONTINENT_DERIVED_FROM_COORDINATES;TAXON_MATCH_TAXON_ID_IGNORED
2851198705	50c9509d-22c7-4a22-a47d-8c48425ef4a7	https://www.inaturalist.org/observations/55745654	Fungi	Basidiomycota	Agaricomycetes	Agaricales	Strophariaceae	Stropharia	Stropharia rugosoannulata		SPECIES	Stropharia rugosoannulata Farl. ex Murrill	Stropharia rugosoannulata		CA		Québec	PRESENT		28eb1a3f-1c15-4a95-931a-4af90ecb574d	45.257881	-72.248925	27190.0						2020-08-07T19:00:48	7	8	2020	2533347	2533347	HUMAN_OBSERVATION	iNaturalist	Observations	55745654		ipatch	2020-08-07T23:37:19	CC_BY_NC_4_0	ipatch	ipatch			2025-01-14T13:09:14.951Z	StillImage	COORDINATE_ROUNDED;CONTINENT_DERIVED_FROM_COORDINATES;TAXON_MATCH_TAXON_ID_IGNORED
2576236290	50c9509d-22c7-4a22-a47d-8c48425ef4a7	https://www.inaturalist.org/observations/13172412	Fungi	Basidiomycota	Agaricomycetes	Agaricales	Strophariaceae	Stropharia	Stropharia rugosoannulata		SPECIES	Stropharia rugosoannulata Farl. ex Murrill	Stropharia rugosoannulata		CA		Québec	PRESENT		28eb1a3f-1c15-4a95-931a-4af90ecb574d	45.6229	-74.08633							2018-06-03T14:00	3	6	2018	2533347	2533347	HUMAN_OBSERVATION	iNaturalist	Observations	13172412		Cercle des Mycologues de Montréal	2018-06-06T12:57:42	CC_BY_NC_4_0	Cercle des Mycologues de Montréal	Cercle des Mycologues de Montréal			2025-01-14T12:58:37.007Z	StillImage	CONTINENT_DERIVED_FROM_COORDINATES;TAXON_MATCH_TAXON_ID_IGNORED
1135070114	21705170-d2b6-42de-8904-c3bca4b83591	CMMF008655	Fungi	Basidiomycota	Agaricomycetes	Agaricales	Strophariaceae	Stropharia	Stropharia rugosoannulata		SPECIES	Stropharia rugosoannulata Farl. ex Murrill	Stropharia rugosoannulata Farl. ex Murrill	Farl. ex Murrill	CA	Charlesbourg Ouest (Mr. Allen), Québec.	Québec	PRESENT		ff7bd5db-b724-4932-b496-10ea298851f9	46.91969	-71.322285	4200.0						2006-06-20	20	6	2006	2533347	2533347	PRESERVED_SPECIMEN	Université de Montréal Biodiversity Centre	CMMF	CMMF008655	233	Labrecque, Jacqueline		CC0_1_0	Université de Montréal Biodiversity Centre	Labrecque, Jacqueline			2024-01-24T16:38:17.969Z	StillImage	INSTITUTION_MATCH_FUZZY;COLLECTION_MATCH_FUZZY;DIFFERENT_OWNER_INSTITUTION
1135070095	21705170-d2b6-42de-8904-c3bca4b83591	CMMF008621	Fungi	Basidiomycota	Agaricomycetes	Agaricales	Strophariaceae	Stropharia	Stropharia rugosoannulata		SPECIES	Stropharia rugosoannulata Farl. ex Murrill	Stropharia rugosoannulata Farl. ex Murrill	Farl. ex Murrill	CA	Charlesbourg ouest (M. Allen), Québec.	Québec	PRESENT		ff7bd5db-b724-4932-b496-10ea298851f9	46.91969	-71.322285	4200.0						2006-06-08	8	6	2006	2533347	2533347	PRESERVED_SPECIMEN	Université de Montréal Biodiversity Centre	CMMF	CMMF008621	196	Labrecque, Jacqueline		CC0_1_0	Université de Montréal Biodiversity Centre	Labrecque, Jacqueline			2024-01-24T16:38:17.967Z		INSTITUTION_MATCH_FUZZY;COLLECTION_MATCH_FUZZY;DIFFERENT_OWNER_INSTITUTION
1135069982	21705170-d2b6-42de-8904-c3bca4b83591	CMMF008600	Fungi	Basidiomycota	Agaricomycetes	Agaricales	Strophariaceae	Stropharia	Stropharia rugosoannulata		SPECIES	Stropharia rugosoannulata Farl. ex Murrill	Stropharia rugosoannulata Farl. ex Murrill	Farl. ex Murrill	CA	Charlesbourg Ouest (M. Allen)	Québec	PRESENT		ff7bd5db-b724-4932-b496-10ea298851f9	46.91969	-71.322285	4200.0						2006-06-01	1	6	2006	2533347	2533347	PRESERVED_SPECIMEN	Université de Montréal Biodiversity Centre	CMMF	CMMF008600	174	Labrecque, Jacqueline		CC0_1_0	Université de Montréal Biodiversity Centre	Labrecque, Jacqueline			2024-01-24T16:38:17.959Z		INSTITUTION_MATCH_FUZZY;COLLECTION_MATCH_FUZZY;DIFFERENT_OWNER_INSTITUTION
