gbifID	datasetKey	occurrenceID	kingdom	phylum	class	order	family	genus	species	infraspecificEpithet	taxonRank	scientificName	verbatimScientificName	verbatimScientificNameAuthorship	countryCode	locality	stateProvince	occurrenceStatus	individualCount	publishingOrgKey	decimalLatitude	decimalLongitude	coordinateUncertaintyInMeters	coordinatePrecision	elevation	elevationAccuracy	depth	depthAccuracy	eventDate	day	month	year	taxonKey	speciesKey	basisOfRecord	institutionCode	collectionCode	catalogNumber	recordNumber	identifiedBy	dateIdentified	license	rightsHolder	recordedBy	typeStatus	establishmentMeans	lastInterpreted	mediaType	issue
617552304	21705170-d2b6-42de-8904-c3bca4b83591	CMMF003097	Fungi	Basidiomycota	Agaricomycetes	Corticiales	Punctulariaceae	Punctularia	Punctularia strigosozonata		SPECIES	Punctularia strigosozonata (Schwein.) P.H.B.Talbot	Punctularia strigosozonata (Schwein.) P.H.B. Talbot	(Schwein.) P.H.B. Talbot	CA	Rawdon	Québec	PRESENT		ff7bd5db-b724-4932-b496-10ea298851f9	46.052398	-73.748752	11000.0						1997-08-30	30	8	1997	5249961	5249961	PRESERVED_SPECIMEN	Université de Montréal Biodiversity Centre	CMMF	CMMF003097		Audet, Serge		CC0_1_0	Université de Montréal Biodiversity Centre	Audet, Serge			2024-01-24T16:38:16.671Z	StillImage	INSTITUTION_MATCH_FUZZY;COLLECTION_MATCH_FUZZY;DIFFERENT_OWNER_INSTITUTION
4987612283	50c9509d-22c7-4a22-a47d-8c48425ef4a7	https://www.inaturalist.org/observations/252675523	Fungi	Basidiomycota	Agaricomycetes	Corticiales	Punctulariaceae	Punctularia	Punctularia strigosozonata		SPECIES	Punctularia strigosozonata (Schwein.) P.H.B.Talbot	Punctularia strigosozonata		CA		Prince Edward Island	PRESENT		28eb1a3f-1c15-4a95-931a-4af90ecb574d	46.528003	-64.009781	4.0						2024-11-22T14:46:20	22	11	2024	5249961	5249961	HUMAN_OBSERVATION	iNaturalist	Observations	252675523		Rosemary Curley	2024-11-23T03:47:08	CC_BY_NC_4_0	Rosemary Curley	Rosemary Curley			2025-01-14T13:39:45.922Z	StillImage	COORDINATE_ROUNDED;CONTINENT_DERIVED_FROM_COORDINATES;TAXON_MATCH_TAXON_ID_IGNORED
4919744061	50c9509d-22c7-4a22-a47d-8c48425ef4a7	https://www.inaturalist.org/observations/207296338	Fungi	Basidiomycota	Agaricomycetes	Corticiales	Punctulariaceae	Punctularia	Punctularia strigosozonata		SPECIES	Punctularia strigosozonata (Schwein.) P.H.B.Talbot	Punctularia strigosozonata		CA		Ontario	PRESENT		28eb1a3f-1c15-4a95-931a-4af90ecb574d	45.381592	-79.179649							2024-04-14T17:36:08	14	4	2024	5249961	5249961	HUMAN_OBSERVATION	iNaturalist	Observations	207296338		huafang	2024-04-15T00:12:18	CC_BY_NC_4_0	kendallkr1	kendallkr1			2025-01-14T12:44:44.092Z	StillImage	COORDINATE_ROUNDED;CONTINENT_DERIVED_FROM_COORDINATES;TAXON_MATCH_TAXON_ID_IGNORED
4919622538	50c9509d-22c7-4a22-a47d-8c48425ef4a7	https://www.inaturalist.org/observations/225571265	Fungi	Basidiomycota	Agaricomycetes	Corticiales	Punctulariaceae	Punctularia	Punctularia strigosozonata		SPECIES	Punctularia strigosozonata (Schwein.) P.H.B.Talbot	Punctularia strigosozonata		CA		Ontario	PRESENT		28eb1a3f-1c15-4a95-931a-4af90ecb574d	45.319641	-75.732835	246.0						2024-06-27T10:29	27	6	2024	5249961	5249961	HUMAN_OBSERVATION	iNaturalist	Observations	225571265		L Joan Heyding	2024-06-27T19:10:24	CC_BY_NC_4_0	L Joan Heyding	L Joan Heyding			2025-01-14T12:49:21.734Z	StillImage	COORDINATE_ROUNDED;CONTINENT_DERIVED_FROM_COORDINATES;TAXON_MATCH_TAXON_ID_IGNORED
4919574142	50c9509d-22c7-4a22-a47d-8c48425ef4a7	https://www.inaturalist.org/observations/142868495	Fungi	Basidiomycota	Agaricomycetes	Corticiales	Punctulariaceae	Punctularia	Punctularia strigosozonata		SPECIES	Punctularia strigosozonata (Schwein.) P.H.B.Talbot	Punctularia strigosozonata		CA		Québec	PRESENT		28eb1a3f-1c15-4a95-931a-4af90ecb574d	45.970741	-76.567317	27095.0						2022-06-11T08:02	11	6	2022	5249961	5249961	HUMAN_OBSERVATION	iNaturalist	Observations	142868495		L Joan Heyding	2022-11-26T00:12:24	CC_BY_NC_4_0	L Joan Heyding	L Joan Heyding			2025-01-14T13:26:06.649Z	StillImage	COORDINATE_ROUNDED;CONTINENT_DERIVED_FROM_COORDINATES;TAXON_MATCH_TAXON_ID_IGNORED
4919565189	50c9509d-22c7-4a22-a47d-8c48425ef4a7	https://www.inaturalist.org/observations/194134876	Fungi	Basidiomycota	Agaricomycetes	Corticiales	Punctulariaceae	Punctularia	Punctularia strigosozonata		SPECIES	Punctularia strigosozonata (Schwein.) P.H.B.Talbot	Punctularia strigosozonata		CA		Ontario	PRESENT		28eb1a3f-1c15-4a95-931a-4af90ecb574d	45.39418	-75.508801	187.0						2023-12-16T11:03	16	12	2023	5249961	5249961	HUMAN_OBSERVATION	iNaturalist	Observations	194134876		L Joan Heyding	2023-12-16T20:49:24	CC_BY_NC_4_0	L Joan Heyding	L Joan Heyding			2025-01-14T13:36:16.118Z	StillImage	COORDINATE_ROUNDED;CONTINENT_DERIVED_FROM_COORDINATES;TAXON_MATCH_TAXON_ID_IGNORED
4919542094	50c9509d-22c7-4a22-a47d-8c48425ef4a7	https://www.inaturalist.org/observations/202564293	Fungi	Basidiomycota	Agaricomycetes	Corticiales	Punctulariaceae	Punctularia	Punctularia strigosozonata		SPECIES	Punctularia strigosozonata (Schwein.) P.H.B.Talbot	Punctularia strigosozonata		CA		Ontario	PRESENT		28eb1a3f-1c15-4a95-931a-4af90ecb574d	45.354437	-75.604498	1095.0						2024-03-15T10:03	15	3	2024	5249961	5249961	HUMAN_OBSERVATION	iNaturalist	Observations	202564293		L Joan Heyding	2024-03-15T19:53:06	CC_BY_NC_4_0	L Joan Heyding	L Joan Heyding			2025-01-14T13:30:31.317Z	StillImage	COORDINATE_ROUNDED;CONTINENT_DERIVED_FROM_COORDINATES;TAXON_MATCH_TAXON_ID_IGNORED
4919352618	50c9509d-22c7-4a22-a47d-8c48425ef4a7	https://www.inaturalist.org/observations/173851049	Fungi	Basidiomycota	Agaricomycetes	Corticiales	Punctulariaceae	Punctularia	Punctularia strigosozonata		SPECIES	Punctularia strigosozonata (Schwein.) P.H.B.Talbot	Punctularia strigosozonata		CA		Québec	PRESENT		28eb1a3f-1c15-4a95-931a-4af90ecb574d	45.911294	-76.435101	27095.0						2023-07-09T10:53	9	7	2023	5249961	5249961	HUMAN_OBSERVATION	iNaturalist	Observations	173851049		L Joan Heyding	2023-07-19T23:09:02	CC_BY_NC_4_0	L Joan Heyding	L Joan Heyding			2025-01-14T13:31:19.748Z	StillImage	COORDINATE_ROUNDED;CONTINENT_DERIVED_FROM_COORDINATES;TAXON_MATCH_TAXON_ID_IGNORED
4919259243	50c9509d-22c7-4a22-a47d-8c48425ef4a7	https://www.inaturalist.org/observations/141410732	Fungi	Basidiomycota	Agaricomycetes	Corticiales	Punctulariaceae	Punctularia	Punctularia strigosozonata		SPECIES	Punctularia strigosozonata (Schwein.) P.H.B.Talbot	Punctularia strigosozonata		CA		Québec	PRESENT		28eb1a3f-1c15-4a95-931a-4af90ecb574d	45.948948	-76.419834	27095.0						2022-11-07T12:28	7	11	2022	5249961	5249961	HUMAN_OBSERVATION	iNaturalist	Observations	141410732		L Joan Heyding	2022-11-07T23:15:13	CC_BY_NC_4_0	L Joan Heyding	L Joan Heyding			2025-01-14T13:25:54.737Z	StillImage	COORDINATE_ROUNDED;CONTINENT_DERIVED_FROM_COORDINATES;TAXON_MATCH_TAXON_ID_IGNORED
4919111771	50c9509d-22c7-4a22-a47d-8c48425ef4a7	https://www.inaturalist.org/observations/173881171	Fungi	Basidiomycota	Agaricomycetes	Corticiales	Punctulariaceae	Punctularia	Punctularia strigosozonata		SPECIES	Punctularia strigosozonata (Schwein.) P.H.B.Talbot	Punctularia strigosozonata		CA		Québec	PRESENT		28eb1a3f-1c15-4a95-931a-4af90ecb574d	45.903849	-76.597654	27095.0						2023-07-17T10:58	17	7	2023	5249961	5249961	HUMAN_OBSERVATION	iNaturalist	Observations	173881171		L Joan Heyding	2023-07-20T03:23:20	CC_BY_NC_4_0	L Joan Heyding	L Joan Heyding			2025-01-14T12:36:44.229Z	StillImage	COORDINATE_ROUNDED;CONTINENT_DERIVED_FROM_COORDINATES;TAXON_MATCH_TAXON_ID_IGNORED
4919095846	50c9509d-22c7-4a22-a47d-8c48425ef4a7	https://www.inaturalist.org/observations/140816002	Fungi	Basidiomycota	Agaricomycetes	Corticiales	Punctulariaceae	Punctularia	Punctularia strigosozonata		SPECIES	Punctularia strigosozonata (Schwein.) P.H.B.Talbot	Punctularia strigosozonata		CA		Ontario	PRESENT		28eb1a3f-1c15-4a95-931a-4af90ecb574d	45.366604	-75.282526	183.0						2022-11-01T13:16	1	11	2022	5249961	5249961	HUMAN_OBSERVATION	iNaturalist	Observations	140816002		L Joan Heyding	2022-11-01T21:16:15	CC_BY_NC_4_0	L Joan Heyding	L Joan Heyding			2025-01-14T12:32:57.497Z	StillImage	COORDINATE_ROUNDED;CONTINENT_DERIVED_FROM_COORDINATES;TAXON_MATCH_TAXON_ID_IGNORED
4854851156	50c9509d-22c7-4a22-a47d-8c48425ef4a7	https://www.inaturalist.org/observations/213494305	Fungi	Basidiomycota	Agaricomycetes	Corticiales	Punctulariaceae	Punctularia	Punctularia strigosozonata		SPECIES	Punctularia strigosozonata (Schwein.) P.H.B.Talbot	Punctularia strigosozonata		CA		Ontario	PRESENT		28eb1a3f-1c15-4a95-931a-4af90ecb574d	45.437434	-76.028151	154.0						2024-05-04T09:42	4	5	2024	5249961	5249961	HUMAN_OBSERVATION	iNaturalist	Observations	213494305		L Joan Heyding	2024-05-04T19:34:48	CC_BY_NC_4_0	L Joan Heyding	L Joan Heyding			2025-01-14T12:46:25.349Z	StillImage	COORDINATE_ROUNDED;CONTINENT_DERIVED_FROM_COORDINATES;TAXON_MATCH_TAXON_ID_IGNORED
4535729847	50c9509d-22c7-4a22-a47d-8c48425ef4a7	https://www.inaturalist.org/observations/201172368	Fungi	Basidiomycota	Agaricomycetes	Corticiales	Punctulariaceae	Punctularia	Punctularia strigosozonata		SPECIES	Punctularia strigosozonata (Schwein.) P.H.B.Talbot	Punctularia strigosozonata		CA		Ontario	PRESENT		28eb1a3f-1c15-4a95-931a-4af90ecb574d	45.354437	-75.604498	1095.0						2024-03-03T13:53	3	3	2024	5249961	5249961	HUMAN_OBSERVATION	iNaturalist	Observations	201172368		L Joan Heyding	2024-03-03T20:37:06	CC_BY_NC_4_0	L Joan Heyding	L Joan Heyding			2025-01-14T13:38:32.392Z	StillImage	COORDINATE_ROUNDED;CONTINENT_DERIVED_FROM_COORDINATES;TAXON_MATCH_TAXON_ID_IGNORED
4465779253	50c9509d-22c7-4a22-a47d-8c48425ef4a7	https://www.inaturalist.org/observations/193797351	Fungi	Basidiomycota	Agaricomycetes	Corticiales	Punctulariaceae	Punctularia	Punctularia strigosozonata		SPECIES	Punctularia strigosozonata (Schwein.) P.H.B.Talbot	Punctularia strigosozonata		CA		Québec	PRESENT		28eb1a3f-1c15-4a95-931a-4af90ecb574d	46.61543	-72.70556	46.0						2023-12-03T10:11:09	3	12	2023	5249961	5249961	HUMAN_OBSERVATION	iNaturalist	Observations	193797351		Camille Boucher	2023-12-12T15:21:22	CC_BY_NC_4_0	Camille Boucher	Camille Boucher			2025-01-14T13:35:01.618Z	StillImage	COORDINATE_ROUNDED;CONTINENT_DERIVED_FROM_COORDINATES;TAXON_MATCH_TAXON_ID_IGNORED
4431038441	50c9509d-22c7-4a22-a47d-8c48425ef4a7	https://www.inaturalist.org/observations/187320897	Fungi	Basidiomycota	Agaricomycetes	Corticiales	Punctulariaceae	Punctularia	Punctularia strigosozonata		SPECIES	Punctularia strigosozonata (Schwein.) P.H.B.Talbot	Punctularia strigosozonata		CA		Québec	PRESENT		28eb1a3f-1c15-4a95-931a-4af90ecb574d	45.836887	-76.436511	27095.0						2023-10-12T15:41:08	12	10	2023	5249961	5249961	HUMAN_OBSERVATION	iNaturalist	Observations	187320897		Lynn Ovenden	2023-10-13T02:13:41	CC_BY_NC_4_0	Lynn Ovenden	Lynn Ovenden			2025-01-14T13:34:17.612Z	StillImage	COORDINATE_ROUNDED;CONTINENT_DERIVED_FROM_COORDINATES;TAXON_MATCH_TAXON_ID_IGNORED
4424631140	50c9509d-22c7-4a22-a47d-8c48425ef4a7	https://www.inaturalist.org/observations/186727921	Fungi	Basidiomycota	Agaricomycetes	Corticiales	Punctulariaceae	Punctularia	Punctularia strigosozonata		SPECIES	Punctularia strigosozonata (Schwein.) P.H.B.Talbot	Punctularia strigosozonata		CA		Ontario	PRESENT		28eb1a3f-1c15-4a95-931a-4af90ecb574d	45.299005	-75.85038							2023-10-08T08:29:12	8	10	2023	5249961	5249961	HUMAN_OBSERVATION	iNaturalist	Observations	186727921		Jan Thornhill	2023-10-09T14:53:52	CC_BY_NC_4_0	Nina	Nina			2025-01-14T13:28:14.933Z	StillImage	CONTINENT_DERIVED_FROM_COORDINATES;TAXON_MATCH_TAXON_ID_IGNORED
4103166488	50c9509d-22c7-4a22-a47d-8c48425ef4a7	https://www.inaturalist.org/observations/154366236	Fungi	Basidiomycota	Agaricomycetes	Corticiales	Punctulariaceae	Punctularia	Punctularia strigosozonata		SPECIES	Punctularia strigosozonata (Schwein.) P.H.B.Talbot	Punctularia strigosozonata		CA		Ontario	PRESENT		28eb1a3f-1c15-4a95-931a-4af90ecb574d	45.407561	-75.545489	46.0						2023-04-10T16:36	10	4	2023	5249961	5249961	HUMAN_OBSERVATION	iNaturalist	Observations	154366236		Jan Thornhill	2023-04-29T11:58:03	CC_BY_NC_4_0	jonathan_mack	jonathan_mack			2025-01-14T12:34:26.112Z	StillImage	COORDINATE_ROUNDED;CONTINENT_DERIVED_FROM_COORDINATES;TAXON_MATCH_TAXON_ID_IGNORED
4102832885	50c9509d-22c7-4a22-a47d-8c48425ef4a7	https://www.inaturalist.org/observations/158149446	Fungi	Basidiomycota	Agaricomycetes	Corticiales	Punctulariaceae	Punctularia	Punctularia strigosozonata		SPECIES	Punctularia strigosozonata (Schwein.) P.H.B.Talbot	Punctularia strigosozonata		CA		Ontario	PRESENT		28eb1a3f-1c15-4a95-931a-4af90ecb574d	45.401878	-75.556016	12.0						2023-04-30T12:04:13	30	4	2023	5249961	5249961	HUMAN_OBSERVATION	iNaturalist	Observations	158149446		jonathan_mack	2023-04-30T16:18:58	CC_BY_NC_4_0	Igor Khomenko	Igor Khomenko			2025-01-14T13:29:34.737Z	StillImage	COORDINATE_ROUNDED;CONTINENT_DERIVED_FROM_COORDINATES;TAXON_MATCH_TAXON_ID_IGNORED
4099919780	d1a3b128-b406-46bb-a6d1-f3591dcc8a7b	078edbbc-d9c9-42ae-9e08-d3b9374a20c9	Fungi	Basidiomycota	Agaricomycetes	Corticiales	Punctulariaceae	Punctularia	Punctularia strigosozonata		SPECIES	Phlebia strigosozonata (Schwein.) Lloyd	Phlebia strigosozonata	(Schwein.) Lloyd	CA	Ottawa	Ontario	PRESENT		e43cf4b8-849e-4fac-b075-e652d019d2cf	45.416667	-75.7	52150.0						1883-10-03	3	10	1883	2555818	5249961	PRESERVED_SPECIMEN	BPI		BPI 264177	38			CC0_1_0		MACOUN			2025-01-15T04:59:25.501Z		GEODETIC_DATUM_ASSUMED_WGS84;CONTINENT_DERIVED_FROM_COORDINATES;TAXON_MATCH_TAXON_ID_IGNORED;INSTITUTION_MATCH_FUZZY
4099919779	d1a3b128-b406-46bb-a6d1-f3591dcc8a7b	a31161a3-2af7-4d2a-b8f9-86098ed0384b	Fungi	Basidiomycota	Agaricomycetes	Corticiales	Punctulariaceae	Punctularia	Punctularia strigosozonata		SPECIES	Phlebia strigosozonata (Schwein.) Lloyd	Phlebia strigosozonata	(Schwein.) Lloyd	CA	Ottawa	Ontario	PRESENT		e43cf4b8-849e-4fac-b075-e652d019d2cf	45.416667	-75.7	52150.0						1883-10-01	1	10	1883	2555818	5249961	PRESERVED_SPECIMEN	BPI		BPI 264174	31			CC0_1_0		MACOUN			2025-01-15T04:59:25.546Z		GEODETIC_DATUM_ASSUMED_WGS84;CONTINENT_DERIVED_FROM_COORDINATES;TAXON_MATCH_TAXON_ID_IGNORED;INSTITUTION_MATCH_FUZZY
4099457801	d1a3b128-b406-46bb-a6d1-f3591dcc8a7b	c39d67ae-5727-4e6c-b815-8f22d8ddb1c8	Fungi	Basidiomycota	Agaricomycetes	Corticiales	Punctulariaceae	Punctularia	Punctularia strigosozonata		SPECIES	Phlebia strigosozonata (Schwein.) Lloyd	Phlebia strigosozonata	(Schwein.) Lloyd	CA	Fredericton Univ. Forest	New Brunswick	PRESENT		e43cf4b8-849e-4fac-b075-e652d019d2cf	45.944751	-66.642951	170.0						1946-09-28	28	9	1946	2555818	5249961	PRESERVED_SPECIMEN	BPI		BPI 264335		Hansbrough J. R.		CC0_1_0		Hansbrough J. R.			2025-01-15T04:59:25.636Z		CONTINENT_DERIVED_FROM_COORDINATES;TAXON_MATCH_TAXON_ID_IGNORED;INSTITUTION_MATCH_FUZZY
4080818542	50c9509d-22c7-4a22-a47d-8c48425ef4a7	https://www.inaturalist.org/observations/154366217	Fungi	Basidiomycota	Agaricomycetes	Corticiales	Punctulariaceae	Punctularia	Punctularia strigosozonata		SPECIES	Punctularia strigosozonata (Schwein.) P.H.B.Talbot	Punctularia strigosozonata		CA		Ontario	PRESENT		28eb1a3f-1c15-4a95-931a-4af90ecb574d	45.408823	-75.545879	31.0						2023-04-10T15:28	10	4	2023	5249961	5249961	HUMAN_OBSERVATION	iNaturalist	Observations	154366217		jonathan_mack	2023-04-11T01:59:08	CC_BY_NC_4_0	jonathan_mack	jonathan_mack			2025-01-14T13:24:53.708Z	StillImage	COORDINATE_ROUNDED;CONTINENT_DERIVED_FROM_COORDINATES;TAXON_MATCH_TAXON_ID_IGNORED
4023432897	0f83123f-0c04-4556-8f4d-5a4e2a9bac66	http://id.luomus.fi/MY.3699204	Fungi	Basidiomycota	Agaricomycetes	Corticiales	Punctulariaceae	Punctularia	Punctularia strigosozonata		SPECIES	Punctularia strigosozonata (Schwein.) P.H.B.Talbot	Punctularia strigosozonata (Schwein.) Talbot		CA	Petawawa Forest Experiment Station	Ontario	PRESENT		04fd2e13-6881-4e5c-9dd1-8fdd9ab993c1	45.974722	-77.498611							1939-09-09T00:00Z	9	9	1939	5249961	5249961	PRESERVED_SPECIMEN	H		http://id.luomus.fi/HA.H7035982		Ginns, J.H.		CC_BY_4_0					2025-01-12T05:29:51.267Z		CONTINENT_DERIVED_FROM_COORDINATES;TAXON_MATCH_TAXON_ID_IGNORED;COLLECTION_MATCH_NONE;INSTITUTION_MATCH_FUZZY
4023432878	0f83123f-0c04-4556-8f4d-5a4e2a9bac66	http://id.luomus.fi/MY.3699216	Fungi	Basidiomycota	Agaricomycetes	Corticiales	Punctulariaceae	Punctularia	Punctularia strigosozonata		SPECIES	Punctularia strigosozonata (Schwein.) P.H.B.Talbot	Punctularia strigosozonata (Schwein.) Talbot		CA		Quebec	PRESENT		04fd2e13-6881-4e5c-9dd1-8fdd9ab993c1	47.183333	-70.216666							1943-08-01T00:00Z/1943-08-31T00:00Z		8	1943	5249961	5249961	PRESERVED_SPECIMEN	H		http://id.luomus.fi/HA.H7035863		Macrae, Ruth		CC_BY_4_0		Jackson, H. A. C.			2025-01-12T05:29:51.262Z		CONTINENT_DERIVED_FROM_COORDINATES;TAXON_MATCH_TAXON_ID_IGNORED;COLLECTION_MATCH_NONE;INSTITUTION_MATCH_FUZZY
4023432148	0f83123f-0c04-4556-8f4d-5a4e2a9bac66	http://id.luomus.fi/MY.3699192	Fungi	Basidiomycota	Agaricomycetes	Corticiales	Punctulariaceae	Punctularia	Punctularia strigosozonata		SPECIES	Punctularia strigosozonata (Schwein.) P.H.B.Talbot	Punctularia strigosozonata (Schwein.) Talbot		CA	Petawawa Forest Experiment Station	Ontario	PRESENT		04fd2e13-6881-4e5c-9dd1-8fdd9ab993c1	45.974722	-77.498611							1935-06-12T00:00Z	12	6	1935	5249961	5249961	PRESERVED_SPECIMEN	H		http://id.luomus.fi/HA.H7035948		Mounce, Irene		CC_BY_4_0		Riley, C. G.			2025-01-12T05:29:51.125Z		CONTINENT_DERIVED_FROM_COORDINATES;TAXON_MATCH_TAXON_ID_IGNORED;COLLECTION_MATCH_NONE;INSTITUTION_MATCH_FUZZY
3985724575	50c9509d-22c7-4a22-a47d-8c48425ef4a7	https://www.inaturalist.org/observations/114237931	Fungi	Basidiomycota	Agaricomycetes	Corticiales	Punctulariaceae	Punctularia	Punctularia strigosozonata		SPECIES	Punctularia strigosozonata (Schwein.) P.H.B.Talbot	Punctularia strigosozonata		CA		New Brunswick	PRESENT		28eb1a3f-1c15-4a95-931a-4af90ecb574d	47.74058	-64.801025	24.0						2022-05-01T10:45:12	1	5	2022	5249961	5249961	HUMAN_OBSERVATION	iNaturalist	Observations	114237931		joannedaniel	2022-05-01T15:03:09	CC_BY_NC_4_0	joannedaniel	joannedaniel			2025-01-14T13:20:21.634Z	StillImage	CONTINENT_DERIVED_FROM_COORDINATES;TAXON_MATCH_TAXON_ID_IGNORED
3947668528	50c9509d-22c7-4a22-a47d-8c48425ef4a7	https://www.inaturalist.org/observations/114736247	Fungi	Basidiomycota	Agaricomycetes	Corticiales	Punctulariaceae	Punctularia	Punctularia strigosozonata		SPECIES	Punctularia strigosozonata (Schwein.) P.H.B.Talbot	Punctularia strigosozonata		CA		Québec	PRESENT		28eb1a3f-1c15-4a95-931a-4af90ecb574d	45.935997	-76.479973	27095.0						2022-05-01T13:24	1	5	2022	5249961	5249961	HUMAN_OBSERVATION	iNaturalist	Observations	114736247		L Joan Heyding	2022-05-02T16:08:13	CC_BY_NC_4_0	L Joan Heyding	L Joan Heyding			2025-01-14T12:27:34.304Z	StillImage	COORDINATE_ROUNDED;CONTINENT_DERIVED_FROM_COORDINATES;TAXON_MATCH_TAXON_ID_IGNORED
3947661421	50c9509d-22c7-4a22-a47d-8c48425ef4a7	https://www.inaturalist.org/observations/78089279	Fungi	Basidiomycota	Agaricomycetes	Corticiales	Punctulariaceae	Punctularia	Punctularia strigosozonata		SPECIES	Punctularia strigosozonata (Schwein.) P.H.B.Talbot	Punctularia strigosozonata		CA		Québec	PRESENT		28eb1a3f-1c15-4a95-931a-4af90ecb574d	45.556123	-76.061735	15.0						2021-05-08T17:16	8	5	2021	5249961	5249961	HUMAN_OBSERVATION	iNaturalist	Observations	78089279		David Thomas Glover	2021-05-09T17:10:40	CC_BY_NC_4_0	David Thomas Glover	David Thomas Glover			2025-01-14T12:17:50.906Z	StillImage	COORDINATE_ROUNDED;CONTINENT_DERIVED_FROM_COORDINATES;TAXON_MATCH_TAXON_ID_IGNORED
3947541567	50c9509d-22c7-4a22-a47d-8c48425ef4a7	https://www.inaturalist.org/observations/117609052	Fungi	Basidiomycota	Agaricomycetes	Corticiales	Punctulariaceae	Punctularia	Punctularia strigosozonata		SPECIES	Punctularia strigosozonata (Schwein.) P.H.B.Talbot	Punctularia strigosozonata		CA		Ontario	PRESENT		28eb1a3f-1c15-4a95-931a-4af90ecb574d	45.525806	-75.434754	27158.0						2022-05-18T09:01	18	5	2022	5249961	5249961	HUMAN_OBSERVATION	iNaturalist	Observations	117609052		Jan Thornhill	2022-10-22T19:41:34	CC_BY_NC_4_0	L Joan Heyding	L Joan Heyding			2025-01-14T13:22:44.582Z	StillImage	COORDINATE_ROUNDED;CONTINENT_DERIVED_FROM_COORDINATES;TAXON_MATCH_TAXON_ID_IGNORED
3947464457	50c9509d-22c7-4a22-a47d-8c48425ef4a7	https://www.inaturalist.org/observations/85172130	Fungi	Basidiomycota	Agaricomycetes	Corticiales	Punctulariaceae	Punctularia	Punctularia strigosozonata		SPECIES	Punctularia strigosozonata (Schwein.) P.H.B.Talbot	Punctularia strigosozonata		CA		Québec	PRESENT		28eb1a3f-1c15-4a95-931a-4af90ecb574d	45.954328	-76.45113	27095.0						2021-06-28T08:00	28	6	2021	5249961	5249961	HUMAN_OBSERVATION	iNaturalist	Observations	85172130		L Joan Heyding	2021-07-01T04:02:27	CC_BY_NC_4_0	L Joan Heyding	L Joan Heyding			2025-01-14T13:13:12.843Z	StillImage	COORDINATE_ROUNDED;CONTINENT_DERIVED_FROM_COORDINATES;TAXON_MATCH_TAXON_ID_IGNORED
3947400640	50c9509d-22c7-4a22-a47d-8c48425ef4a7	https://www.inaturalist.org/observations/122078063	Fungi	Basidiomycota	Agaricomycetes	Corticiales	Punctulariaceae	Punctularia	Punctularia strigosozonata		SPECIES	Punctularia strigosozonata (Schwein.) P.H.B.Talbot	Punctularia strigosozonata		CA		Québec	PRESENT		28eb1a3f-1c15-4a95-931a-4af90ecb574d	45.885424	-76.430308	27095.0						2022-06-14T09:00	14	6	2022	5249961	5249961	HUMAN_OBSERVATION	iNaturalist	Observations	122078063		L Joan Heyding	2022-06-16T21:38:42	CC_BY_NC_4_0	L Joan Heyding	L Joan Heyding			2025-01-14T13:21:25.182Z	StillImage	COORDINATE_ROUNDED;CONTINENT_DERIVED_FROM_COORDINATES;TAXON_MATCH_TAXON_ID_IGNORED
3892284841	50c9509d-22c7-4a22-a47d-8c48425ef4a7	https://www.inaturalist.org/observations/130584617	Fungi	Basidiomycota	Agaricomycetes	Corticiales	Punctulariaceae	Punctularia	Punctularia strigosozonata		SPECIES	Punctularia strigosozonata (Schwein.) P.H.B.Talbot	Punctularia strigosozonata		CA		Québec	PRESENT		28eb1a3f-1c15-4a95-931a-4af90ecb574d	45.489272	-75.62638	10.0						2022-08-12T12:00:51	12	8	2022	5249961	5249961	HUMAN_OBSERVATION	iNaturalist	Observations	130584617		Lynn Ovenden	2022-08-13T03:05:43	CC_BY_NC_4_0	Lynn Ovenden	Lynn Ovenden			2025-01-14T13:15:47.431Z	StillImage	COORDINATE_ROUNDED;CONTINENT_DERIVED_FROM_COORDINATES;TAXON_MATCH_TAXON_ID_IGNORED
3889118913	50c9509d-22c7-4a22-a47d-8c48425ef4a7	https://www.inaturalist.org/observations/129417744	Fungi	Basidiomycota	Agaricomycetes	Corticiales	Punctulariaceae	Punctularia	Punctularia strigosozonata		SPECIES	Punctularia strigosozonata (Schwein.) P.H.B.Talbot	Punctularia strigosozonata		CA		Québec	PRESENT		28eb1a3f-1c15-4a95-931a-4af90ecb574d	45.848685	-76.427351	27095.0						2022-07-26T10:22	26	7	2022	5249961	5249961	HUMAN_OBSERVATION	iNaturalist	Observations	129417744		L Joan Heyding	2022-08-04T15:17:43	CC_BY_NC_4_0	L Joan Heyding	L Joan Heyding			2025-01-14T12:32:53.198Z	StillImage	COORDINATE_ROUNDED;CONTINENT_DERIVED_FROM_COORDINATES;TAXON_MATCH_TAXON_ID_IGNORED
3743083448	50c9509d-22c7-4a22-a47d-8c48425ef4a7	https://www.inaturalist.org/observations/105280418	Fungi	Basidiomycota	Agaricomycetes	Corticiales	Punctulariaceae	Punctularia	Punctularia strigosozonata		SPECIES	Punctularia strigosozonata (Schwein.) P.H.B.Talbot	Punctularia strigosozonata		CA		Québec	PRESENT		28eb1a3f-1c15-4a95-931a-4af90ecb574d	45.871957	-76.479283	27095.0						2021-08-24T09:36	24	8	2021	5249961	5249961	HUMAN_OBSERVATION	iNaturalist	Observations	105280418		L Joan Heyding	2022-01-20T21:14:14	CC_BY_NC_4_0	L Joan Heyding	L Joan Heyding			2025-01-14T13:18:24.248Z	StillImage	COORDINATE_ROUNDED;CONTINENT_DERIVED_FROM_COORDINATES;TAXON_MATCH_TAXON_ID_IGNORED
3742991327	50c9509d-22c7-4a22-a47d-8c48425ef4a7	https://www.inaturalist.org/observations/55099389	Fungi	Basidiomycota	Agaricomycetes	Corticiales	Punctulariaceae	Punctularia	Punctularia strigosozonata		SPECIES	Punctularia strigosozonata (Schwein.) P.H.B.Talbot	Punctularia strigosozonata		CA		Ontario	PRESENT		28eb1a3f-1c15-4a95-931a-4af90ecb574d	45.409793	-75.118524	179.0						2020-08-01T08:46:43	1	8	2020	5249961	5249961	HUMAN_OBSERVATION	iNaturalist	Observations	55099389		Jan Thornhill	2022-03-19T01:26:32	CC_BY_NC_4_0	Lynn Ovenden	Lynn Ovenden			2025-01-14T13:09:40.401Z	StillImage	COORDINATE_ROUNDED;CONTINENT_DERIVED_FROM_COORDINATES;TAXON_MATCH_TAXON_ID_IGNORED
3399229607	50c9509d-22c7-4a22-a47d-8c48425ef4a7	https://www.inaturalist.org/observations/98895700	Fungi	Basidiomycota	Agaricomycetes	Corticiales	Punctulariaceae	Punctularia	Punctularia strigosozonata		SPECIES	Punctularia strigosozonata (Schwein.) P.H.B.Talbot	Punctularia strigosozonata		CA		New Brunswick	PRESENT		28eb1a3f-1c15-4a95-931a-4af90ecb574d	46.227189	-64.522049	233.0						2021-10-21T10:37	21	10	2021	5249961	5249961	HUMAN_OBSERVATION	iNaturalist	Observations	98895700		Raymonde G Chartier	2021-10-21T17:09:55	CC_BY_NC_4_0	Raymonde G Chartier	Raymonde G Chartier			2025-01-14T12:23:39.957Z	StillImage	COORDINATE_ROUNDED;CONTINENT_DERIVED_FROM_COORDINATES;TAXON_MATCH_TAXON_ID_IGNORED
3382171032	b7a76dbc-3407-467b-96f4-01daae0a6e38	QFA0625595	Fungi	Basidiomycota	Agaricomycetes	Corticiales	Punctulariaceae	Punctularia	Punctularia strigosozonata		SPECIES	Punctularia strigosozonata (Schwein.) P.H.B.Talbot	Punctularia strigosozonata (Schw.) Talb.	(Schw.) Talb.	CA	MRC Le Fjord-du-Saguenay, Massif des Monts Valin, rive ouest du lac Jalobert, au km 31.	Québec	PRESENT		b52e9a80-8cb7-4d37-9324-46032fd69237	48.743611	-70.700556			671.0	0.0			2005-04-17	17	4	2005	5249961	5249961	PRESERVED_SPECIMEN	QFA	QFA	QFA0625595	14321	Boulet, Bruno		CC0_1_0	Université Laval	Gauthier, Robert			2025-01-15T21:16:08.856Z		GEODETIC_DATUM_INVALID;GEODETIC_DATUM_ASSUMED_WGS84;TAXON_MATCH_TAXON_ID_IGNORED;INSTITUTION_MATCH_FUZZY;COLLECTION_MATCH_FUZZY
3327855626	50c9509d-22c7-4a22-a47d-8c48425ef4a7	https://www.inaturalist.org/observations/87173910	Fungi	Basidiomycota	Agaricomycetes	Corticiales	Punctulariaceae	Punctularia	Punctularia strigosozonata		SPECIES	Punctularia strigosozonata (Schwein.) P.H.B.Talbot	Punctularia strigosozonata		CA		Québec	PRESENT		28eb1a3f-1c15-4a95-931a-4af90ecb574d	45.80969	-76.541261	27095.0						2021-07-09T08:54	9	7	2021	5249961	5249961	HUMAN_OBSERVATION	iNaturalist	Observations	87173910		jonathan_mack	2021-07-15T20:30:27	CC_BY_NC_4_0	L Joan Heyding	L Joan Heyding			2025-01-14T13:09:44.301Z	StillImage	COORDINATE_ROUNDED;CONTINENT_DERIVED_FROM_COORDINATES;TAXON_MATCH_TAXON_ID_IGNORED
3044549821	50c9509d-22c7-4a22-a47d-8c48425ef4a7	https://www.inaturalist.org/observations/67228847	Fungi	Basidiomycota	Agaricomycetes	Corticiales	Punctulariaceae	Punctularia	Punctularia strigosozonata		SPECIES	Punctularia strigosozonata (Schwein.) P.H.B.Talbot	Punctularia strigosozonata		CA		Ontario	PRESENT		28eb1a3f-1c15-4a95-931a-4af90ecb574d	45.458001	-75.468018	5.0						2020-12-28T16:00	28	12	2020	5249961	5249961	HUMAN_OBSERVATION	iNaturalist	Observations	67228847		jonathan_mack	2020-12-29T02:57:25	CC_BY_NC_4_0	jonathan_mack	jonathan_mack			2025-01-14T13:11:14.286Z	StillImage	COORDINATE_ROUNDED;CONTINENT_DERIVED_FROM_COORDINATES;TAXON_MATCH_TAXON_ID_IGNORED
3043059378	f8f35535-8c10-43fc-89dc-eb0843f25394	GB-0122197	Fungi	Basidiomycota	Agaricomycetes	Corticiales	Punctulariaceae	Punctularia	Punctularia strigosozonata		SPECIES	Punctularia strigosozonata (Schwein.) P.H.B.Talbot	Punctularia strigosozonata		CA	Algonquin Provincial Park	Ontario	PRESENT		0ed04352-6745-4665-9e11-7117ee91a96b	45.800278	-78.340278							1982-09-19	19	9	1982	5249961	5249961	PRESERVED_SPECIMEN	GB	GB	GB-0122197	NH 7364			CC0_1_0		Hallenberg, Nils & Ginns, Jim			2024-12-19T12:17:53.737Z		COORDINATE_ROUNDED;GEODETIC_DATUM_ASSUMED_WGS84;INSTITUTION_MATCH_FUZZY;COLLECTION_MATCH_FUZZY
2579290807	50c9509d-22c7-4a22-a47d-8c48425ef4a7	https://www.inaturalist.org/observations/34451738	Fungi	Basidiomycota	Agaricomycetes	Corticiales	Punctulariaceae	Punctularia	Punctularia strigosozonata		SPECIES	Punctularia strigosozonata (Schwein.) P.H.B.Talbot	Punctularia strigosozonata		CA		New Brunswick	PRESENT		28eb1a3f-1c15-4a95-931a-4af90ecb574d	46.214669	-64.284937	488.0						2016-11-20T13:15	20	11	2016	5249961	5249961	HUMAN_OBSERVATION	iNaturalist	Observations	34451738		Raymonde G Chartier	2019-10-16T13:10:30	CC_BY_NC_4_0	Raymonde G Chartier	Raymonde G Chartier			2025-01-14T13:02:50.780Z	StillImage	COORDINATE_ROUNDED;CONTINENT_DERIVED_FROM_COORDINATES;TAXON_MATCH_TAXON_ID_IGNORED
2013683517	50c9509d-22c7-4a22-a47d-8c48425ef4a7	https://www.inaturalist.org/observations/14921429	Fungi	Basidiomycota	Agaricomycetes	Corticiales	Punctulariaceae	Punctularia	Punctularia strigosozonata		SPECIES	Punctularia strigosozonata (Schwein.) P.H.B.Talbot	Punctularia strigosozonata		CA		Ontario	PRESENT		28eb1a3f-1c15-4a95-931a-4af90ecb574d	45.457241	-75.467891	20.0						2018-07-29T15:32	29	7	2018	5249961	5249961	HUMAN_OBSERVATION	iNaturalist	Observations	14921429		jonathan_mack	2018-07-30T02:51:38	CC_BY_NC_4_0	jonathan_mack	jonathan_mack			2025-01-14T12:05:38.604Z	StillImage	COORDINATE_ROUNDED;CONTINENT_DERIVED_FROM_COORDINATES;TAXON_MATCH_TAXON_ID_IGNORED
1990288373	032f1fbe-d21f-407d-be46-5cd1bb1ea397	76aa58c9-d290-4a6b-953e-6d6037bc14c7	Fungi	Basidiomycota	Agaricomycetes	Corticiales	Punctulariaceae	Punctularia	Punctularia strigosozonata		SPECIES	Phlebia strigosozonata (Schwein.) Lloyd	Phlebia strigosozonata	(Schwein.) Lloyd	CA	Whitney, Norway Lake, Algonquin Park	Ontario	PRESENT		61c539d8-47e0-4b82-875f-b95aad66dcd4	45.573611	-78.380556							1939-08-25	25	8	1939	2555818	5249961	PRESERVED_SPECIMEN	TENN-F		TENN-F-014856	RFC15438			CC0_1_0		R.F. Cain			2025-01-12T10:33:40.696Z		COORDINATE_ROUNDED;GEODETIC_DATUM_ASSUMED_WGS84;CONTINENT_DERIVED_FROM_COORDINATES;TAXON_MATCH_TAXON_ID_IGNORED;INSTITUTION_MATCH_NONE
1807260086	e8a25a42-f125-476c-8554-3ec21cd51a84	ACAD:116979	Fungi	Basidiomycota	Agaricomycetes	Corticiales	Punctulariaceae	Punctularia	Punctularia strigosozonata		SPECIES	Phlebia strigosozonata (Schwein.) Lloyd	Phlebia strigoso-zonata	(Schwein.) Lloyd, 1913	CA	Kentville	Nova Scotia	PRESENT		6491ad8c-8e49-4bd4-a089-0ddb3bbe0890	45.07662	-64.49592							1958-11-24	24	11	1958	2555818	5249961	PRESERVED_SPECIMEN	Acadia University	ACAD	5240F	5240			CC0_1_0	Acadia University	H, KA			2024-01-25T01:37:05.346Z	StillImage	GEODETIC_DATUM_INVALID;GEODETIC_DATUM_ASSUMED_WGS84;TAXON_MATCH_FUZZY;TAXON_MATCH_TAXON_ID_IGNORED;INSTITUTION_MATCH_FUZZY;COLLECTION_MATCH_FUZZY
1807259064	e8a25a42-f125-476c-8554-3ec21cd51a84	ACAD:115644	Fungi	Basidiomycota	Agaricomycetes	Corticiales	Punctulariaceae	Punctularia	Punctularia strigosozonata		SPECIES	Phlebia strigosozonata (Schwein.) Lloyd	Phlebia strigoso-zonata	(Schwein.) Lloyd, 1913	CA	Kentville	Nova Scotia	PRESENT		6491ad8c-8e49-4bd4-a089-0ddb3bbe0890	45.07662	-64.49592							1953-04-04	4	4	1953	2555818	5249961	PRESERVED_SPECIMEN	Acadia University	ACAD	3091F	3091	S,J		CC0_1_0	Acadia University	Harrison, KA			2024-01-25T01:37:00.313Z	StillImage	GEODETIC_DATUM_INVALID;GEODETIC_DATUM_ASSUMED_WGS84;TAXON_MATCH_FUZZY;TAXON_MATCH_TAXON_ID_IGNORED;INSTITUTION_MATCH_FUZZY;COLLECTION_MATCH_FUZZY
1807256221	e8a25a42-f125-476c-8554-3ec21cd51a84	ACAD:112612	Fungi	Basidiomycota	Agaricomycetes	Corticiales	Punctulariaceae	Punctularia	Punctularia strigosozonata		SPECIES	Phlebia strigosozonata (Schwein.) Lloyd	Phlebia strigoso-zonata	(Schwein.) Lloyd, 1913	CA	Aldershot	Nova Scotia	PRESENT		6491ad8c-8e49-4bd4-a089-0ddb3bbe0890	45.10302	-64.50773							1953-10-09	9	10	1953	2555818	5249961	PRESERVED_SPECIMEN	Acadia University	ACAD	2520CF	2520			CC0_1_0	Acadia University	Harrison, KA			2024-01-25T01:37:10.928Z	StillImage	GEODETIC_DATUM_INVALID;GEODETIC_DATUM_ASSUMED_WGS84;TAXON_MATCH_FUZZY;TAXON_MATCH_TAXON_ID_IGNORED;INSTITUTION_MATCH_FUZZY;COLLECTION_MATCH_FUZZY
1807255993	e8a25a42-f125-476c-8554-3ec21cd51a84	ACAD:112611	Fungi	Basidiomycota	Agaricomycetes	Corticiales	Punctulariaceae	Punctularia	Punctularia strigosozonata		SPECIES	Phlebia strigosozonata (Schwein.) Lloyd	Phlebia strigoso-zonata	(Schwein.) Lloyd, 1913	CA	Aldershot	Nova Scotia	PRESENT		6491ad8c-8e49-4bd4-a089-0ddb3bbe0890	45.10302	-64.50773							1953-10-09	9	10	1953	2555818	5249961	PRESERVED_SPECIMEN	Acadia University	ACAD	2520BF	2520			CC0_1_0	Acadia University	Harrison, KA			2024-01-25T01:37:10.929Z	StillImage	GEODETIC_DATUM_INVALID;GEODETIC_DATUM_ASSUMED_WGS84;TAXON_MATCH_FUZZY;TAXON_MATCH_TAXON_ID_IGNORED;INSTITUTION_MATCH_FUZZY;COLLECTION_MATCH_FUZZY
1807255765	e8a25a42-f125-476c-8554-3ec21cd51a84	ACAD:112388	Fungi	Basidiomycota	Agaricomycetes	Corticiales	Punctulariaceae	Punctularia	Punctularia strigosozonata		SPECIES	Phlebia strigosozonata (Schwein.) Lloyd	Phlebia strigoso-zonata	(Schwein.) Lloyd, 1913	CA	(Kentville)	Nova Scotia	PRESENT		6491ad8c-8e49-4bd4-a089-0ddb3bbe0890	45.07662	-64.49592							1952-11-29	29	11	1952	2555818	5249961	PRESERVED_SPECIMEN	Acadia University	ACAD	2128F	2128	M,R		CC0_1_0	Acadia University	H, KA			2024-01-25T01:37:05.626Z	StillImage	GEODETIC_DATUM_INVALID;GEODETIC_DATUM_ASSUMED_WGS84;TAXON_MATCH_FUZZY;TAXON_MATCH_TAXON_ID_IGNORED;INSTITUTION_MATCH_FUZZY;COLLECTION_MATCH_FUZZY
1807254949	e8a25a42-f125-476c-8554-3ec21cd51a84	ACAD:111698	Fungi	Basidiomycota	Agaricomycetes	Corticiales	Punctulariaceae	Punctularia	Punctularia strigosozonata		SPECIES	Phlebia strigosozonata (Schwein.) Lloyd	Phlebia strigoso-zonata	(Schwein.) Lloyd, 1913	CA	Highbury	Nova Scotia	PRESENT		6491ad8c-8e49-4bd4-a089-0ddb3bbe0890	45.05943	-64.46785							1937-07-27	27	7	1937	2555818	5249961	PRESERVED_SPECIMEN	Acadia University	ACAD	1331F	1331	Macrae,R		CC0_1_0	Acadia University	H, KA			2024-01-25T01:37:07.188Z	StillImage	GEODETIC_DATUM_INVALID;GEODETIC_DATUM_ASSUMED_WGS84;TAXON_MATCH_FUZZY;TAXON_MATCH_TAXON_ID_IGNORED;INSTITUTION_MATCH_FUZZY;COLLECTION_MATCH_FUZZY
1412707996	21705170-d2b6-42de-8904-c3bca4b83591	CMMF016403	Fungi	Basidiomycota	Agaricomycetes	Corticiales	Punctulariaceae	Punctularia	Punctularia strigosozonata		SPECIES	Punctularia strigosozonata (Schwein.) P.H.B.Talbot	Punctularia strigosozonata (Schwein.) P.H.B. Talbot	(Schwein.) P.H.B. Talbot	CA	Beauport, Québec.	Québec	PRESENT		ff7bd5db-b724-4932-b496-10ea298851f9	46.861556	-71.188677	6000.0						2001-03-12	12	3	2001	5249961	5249961	PRESERVED_SPECIMEN	Université de Montréal Biodiversity Centre	CMMF	CMMF016403		Boulet, Bruno		CC0_1_0	Université de Montréal Biodiversity Centre	Audet, Serge			2024-01-24T16:38:19.723Z		INSTITUTION_MATCH_FUZZY;COLLECTION_MATCH_FUZZY;DIFFERENT_OWNER_INSTITUTION
1412707205	21705170-d2b6-42de-8904-c3bca4b83591	CMMF015691	Fungi	Basidiomycota	Agaricomycetes	Corticiales	Punctulariaceae	Punctularia	Punctularia strigosozonata		SPECIES	Punctularia strigosozonata (Schwein.) P.H.B.Talbot	Punctularia strigosozonata (Schwein.) P.H.B. Talbot	(Schwein.) P.H.B. Talbot	CA	Lac-Brochet, Saint-David-de-Falardeau, Québec.	Québec	PRESENT		ff7bd5db-b724-4932-b496-10ea298851f9	48.680625	-71.198468	2500.0						1998-09-13	13	9	1998	5249961	5249961	PRESERVED_SPECIMEN	Université de Montréal Biodiversity Centre	CMMF	CMMF015691	2576	Guérin, Gérard		CC0_1_0	Université de Montréal Biodiversity Centre	Guérin, Gérard			2024-01-24T16:38:16.474Z	StillImage	INSTITUTION_MATCH_FUZZY;COLLECTION_MATCH_FUZZY;DIFFERENT_OWNER_INSTITUTION
1412706581	21705170-d2b6-42de-8904-c3bca4b83591	CMMF015044	Fungi	Basidiomycota	Agaricomycetes	Corticiales	Punctulariaceae	Punctularia	Punctularia strigosozonata		SPECIES	Punctularia strigosozonata (Schwein.) P.H.B.Talbot	Punctularia strigosozonata (Schwein.) P.H.B. Talbot	(Schwein.) P.H.B. Talbot	CA	Cap-à-l'Ouest, ville de LaBaie, Québec.	Québec	PRESENT		ff7bd5db-b724-4932-b496-10ea298851f9	48.378331	-70.82036	6000.0						1996-08-13	13	8	1996	5249961	5249961	PRESERVED_SPECIMEN	Université de Montréal Biodiversity Centre	CMMF	CMMF015044	920	Guérin, Gérard		CC0_1_0	Université de Montréal Biodiversity Centre	Guérin, Gérard			2024-01-24T16:38:16.667Z		INSTITUTION_MATCH_FUZZY;COLLECTION_MATCH_FUZZY;DIFFERENT_OWNER_INSTITUTION
1412706559	21705170-d2b6-42de-8904-c3bca4b83591	CMMF015045	Fungi	Basidiomycota	Agaricomycetes	Corticiales	Punctulariaceae	Punctularia	Punctularia strigosozonata		SPECIES	Punctularia strigosozonata (Schwein.) P.H.B.Talbot	Punctularia strigosozonata (Schwein.) P.H.B. Talbot	(Schwein.) P.H.B. Talbot	CA	Lac Kenogami, Québec.	Québec	PRESENT		ff7bd5db-b724-4932-b496-10ea298851f9	48.323075	-71.334535	20000.0						1995-09-23	23	9	1995	5249961	5249961	PRESERVED_SPECIMEN	Université de Montréal Biodiversity Centre	CMMF	CMMF015045	919	Guérin, Gérard		CC0_1_0	Université de Montréal Biodiversity Centre	Guérin, Gérard			2024-01-24T16:38:16.662Z	StillImage	INSTITUTION_MATCH_FUZZY;COLLECTION_MATCH_FUZZY;DIFFERENT_OWNER_INSTITUTION
1269740498	0d4af118-b79e-40c7-9cc6-142c5027cb16	c5335d95-34e8-4b1d-a1b1-37eabb1a4663	Fungi	Basidiomycota	Agaricomycetes	Corticiales	Punctulariaceae	Punctularia	Punctularia strigosozonata		SPECIES	Phlebia strigosozonata (Schwein.) Lloyd	Phlebia strigosozonata	(Schwein.) Lloyd	CA	Costello Lake, Algonquin Park.	Ontario	PRESENT		38a69420-bd2a-11dd-b15e-b8a03c50a862	45.597597	-78.321046	700.0						1939-09-05	5	9	1939	2555818	5249961	PRESERVED_SPECIMEN	LSUM	Fungi	LSU00152149	s.n.	Roy F. Cain		CC0_1_0		Roy F. Cain			2025-01-12T11:02:13.279Z	StillImage	CONTINENT_DERIVED_FROM_COORDINATES;TAXON_MATCH_TAXON_ID_IGNORED;INSTITUTION_MATCH_FUZZY;INSTITUTION_COLLECTION_MISMATCH
1144810640	81e6cff2-b409-417e-8c72-e1bbafb7c61f	1ba3ca0f-d1b3-4ffd-ae52-7d8b17d221f4	Fungi	Basidiomycota	Agaricomycetes	Corticiales	Punctulariaceae	Punctularia	Punctularia strigosozonata		SPECIES	Punctularia strigosozonata (Schwein.) P.H.B.Talbot	Punctularia strigosozonata (Schwein.) P. H. B. Talbot	(Schwein.) P. H. B. Talbot	CA		Québec	PRESENT		7b8aff00-a9f8-11d8-944b-b8a03c50a862	45.342037	-72.524907	3550.0						1938-05-04	4	5	1938	5249961	5249961	PRESERVED_SPECIMEN	F	Botany	C0206716F				CC0_1_0	The Field Museum of Natural History	Frère Marie-Anselme			2024-02-20T16:06:32.653Z		GEODETIC_DATUM_ASSUMED_WGS84;MODIFIED_DATE_INVALID;AMBIGUOUS_COLLECTION;INSTITUTION_MATCH_FUZZY
1135070158	21705170-d2b6-42de-8904-c3bca4b83591	CMMF008715	Fungi	Basidiomycota	Agaricomycetes	Corticiales	Punctulariaceae	Punctularia	Punctularia strigosozonata		SPECIES	Punctularia strigosozonata (Schwein.) P.H.B.Talbot	Punctularia strigosozonata (Schwein.) P.H.B. Talbot	(Schwein.) P.H.B. Talbot	CA	Sentier Trans-Québec (est), Lac-Beauport.	Québec	PRESENT		ff7bd5db-b724-4932-b496-10ea298851f9	46.953091	-71.275238	5000.0						2006-07-06	6	7	2006	5249961	5249961	PRESERVED_SPECIMEN	Université de Montréal Biodiversity Centre	CMMF	CMMF008715	296	Labbé, Roland		CC0_1_0	Université de Montréal Biodiversity Centre	Labrecque, Jacqueline			2024-01-24T16:38:18.767Z		INSTITUTION_MATCH_FUZZY;COLLECTION_MATCH_FUZZY;DIFFERENT_OWNER_INSTITUTION
1135069371	21705170-d2b6-42de-8904-c3bca4b83591	CMMF007892	Fungi	Basidiomycota	Agaricomycetes	Corticiales	Punctulariaceae	Punctularia	Punctularia strigosozonata		SPECIES	Punctularia strigosozonata (Schwein.) P.H.B.Talbot	Punctularia strigosozonata (Schwein.) P.H.B. Talbot	(Schwein.) P.H.B. Talbot	CA	Cap-Rouge	Québec	PRESENT		ff7bd5db-b724-4932-b496-10ea298851f9	46.754317	-71.33515	100.0						1979-12-31	31	12	1979	5249961	5249961	PRESERVED_SPECIMEN	Université de Montréal Biodiversity Centre	CMMF	CMMF007892	517	McNeil, Raymond		CC0_1_0	Université de Montréal Biodiversity Centre	McNeil, Raymond			2024-01-24T16:38:14.816Z	StillImage	COORDINATE_ROUNDED;INSTITUTION_MATCH_FUZZY;COLLECTION_MATCH_FUZZY;DIFFERENT_OWNER_INSTITUTION
1135068991	21705170-d2b6-42de-8904-c3bca4b83591	CMMF007500	Fungi	Basidiomycota	Agaricomycetes	Corticiales	Punctulariaceae	Punctularia	Punctularia strigosozonata		SPECIES	Punctularia strigosozonata (Schwein.) P.H.B.Talbot	Punctularia strigosozonata (Schwein.) P.H.B. Talbot	(Schwein.) P.H.B. Talbot	CA	St-Roch-de-Richelieu	Québec	PRESENT		ff7bd5db-b724-4932-b496-10ea298851f9	45.880833	-73.163	100.0						2013-10-11	11	10	2013	5249961	5249961	PRESERVED_SPECIMEN	Université de Montréal Biodiversity Centre	CMMF	CMMF007500	C4327	McNeil, Raymond		CC0_1_0	Université de Montréal Biodiversity Centre	McNeil, Raymond			2024-01-24T16:38:15.941Z	StillImage	COORDINATE_ROUNDED;INSTITUTION_MATCH_FUZZY;COLLECTION_MATCH_FUZZY;DIFFERENT_OWNER_INSTITUTION
1135068400	21705170-d2b6-42de-8904-c3bca4b83591	CMMF006922	Fungi	Basidiomycota	Agaricomycetes	Corticiales	Punctulariaceae	Punctularia	Punctularia strigosozonata		SPECIES	Punctularia strigosozonata (Schwein.) P.H.B.Talbot	Punctularia strigosozonata (Schwein.) P.H.B. Talbot	(Schwein.) P.H.B. Talbot	CA	Lachute	Québec	PRESENT		ff7bd5db-b724-4932-b496-10ea298851f9	45.66275	-74.241983	100.0						2005-10-29	29	10	2005	5249961	5249961	PRESERVED_SPECIMEN	Université de Montréal Biodiversity Centre	CMMF	CMMF006922	C2712	McNeil, Raymond		CC0_1_0	Université de Montréal Biodiversity Centre	McNeil, Raymond			2024-01-24T16:38:18.640Z	StillImage	COORDINATE_ROUNDED;INSTITUTION_MATCH_FUZZY;COLLECTION_MATCH_FUZZY;DIFFERENT_OWNER_INSTITUTION
1135068243	21705170-d2b6-42de-8904-c3bca4b83591	CMMF006802	Fungi	Basidiomycota	Agaricomycetes	Corticiales	Punctulariaceae	Punctularia	Punctularia strigosozonata		SPECIES	Punctularia strigosozonata (Schwein.) P.H.B.Talbot	Punctularia strigosozonata (Schwein.) P.H.B. Talbot	(Schwein.) P.H.B. Talbot	CA	Lorraine	Québec	PRESENT		ff7bd5db-b724-4932-b496-10ea298851f9	45.661917	-73.789583	100.0						1980-04-26	26	4	1980	5249961	5249961	PRESERVED_SPECIMEN	Université de Montréal Biodiversity Centre	CMMF	CMMF006802	544	McNeil, Raymond		CC0_1_0	Université de Montréal Biodiversity Centre	McNeil, Raymond			2024-01-24T16:38:18.536Z	StillImage	COORDINATE_ROUNDED;INSTITUTION_MATCH_FUZZY;COLLECTION_MATCH_FUZZY;DIFFERENT_OWNER_INSTITUTION
