gbifID	datasetKey	occurrenceID	kingdom	phylum	class	order	family	genus	species	infraspecificEpithet	taxonRank	scientificName	verbatimScientificName	verbatimScientificNameAuthorship	countryCode	locality	stateProvince	occurrenceStatus	individualCount	publishingOrgKey	decimalLatitude	decimalLongitude	coordinateUncertaintyInMeters	coordinatePrecision	elevation	elevationAccuracy	depth	depthAccuracy	eventDate	day	month	year	taxonKey	speciesKey	basisOfRecord	institutionCode	collectionCode	catalogNumber	recordNumber	identifiedBy	dateIdentified	license	rightsHolder	recordedBy	typeStatus	establishmentMeans	lastInterpreted	mediaType	issue
617555627	21705170-d2b6-42de-8904-c3bca4b83591	CMMF000894	Fungi	Basidiomycota	Agaricomycetes	Hymenochaetales	Hymenochaetaceae	Onnia	Onnia tomentosa		SPECIES	Inonotus tomentosus (Fr.) Teng	Inonotus tomentosus (Fr.) Teng	(Fr.) Teng	CA	Saint-Lazare	Québec	PRESENT		ff7bd5db-b724-4932-b496-10ea298851f9	45.402527	-74.144994	4000.0						1989-10-15	15	10	1989	2519254	5237653	PRESERVED_SPECIMEN	Université de Montréal Biodiversity Centre	CMMF	CMMF000894		Lamoureux, Yves		CC0_1_0	Université de Montréal Biodiversity Centre	Lamoureux, Yves			2024-01-24T16:38:21.490Z	StillImage	INSTITUTION_MATCH_FUZZY;COLLECTION_MATCH_FUZZY;DIFFERENT_OWNER_INSTITUTION
617555300	21705170-d2b6-42de-8904-c3bca4b83591	CMMF000743	Fungi	Basidiomycota	Agaricomycetes	Hymenochaetales	Hymenochaetaceae	Onnia	Onnia tomentosa		SPECIES	Inonotus tomentosus (Fr.) Teng	Inonotus tomentosus (Fr.) Teng	(Fr.) Teng	CA	Rawdon	Québec	PRESENT		ff7bd5db-b724-4932-b496-10ea298851f9	46.052398	-73.748752	11000.0						1989-09-09	9	9	1989	2519254	5237653	PRESERVED_SPECIMEN	Université de Montréal Biodiversity Centre	CMMF	CMMF000743		Lamoureux, Yves		CC0_1_0	Université de Montréal Biodiversity Centre	unknown			2024-01-24T16:38:20.216Z	StillImage	INSTITUTION_MATCH_FUZZY;COLLECTION_MATCH_FUZZY;DIFFERENT_OWNER_INSTITUTION
617551142	21705170-d2b6-42de-8904-c3bca4b83591	CMMF002584	Fungi	Basidiomycota	Agaricomycetes	Hymenochaetales	Hymenochaetaceae	Onnia	Onnia tomentosa		SPECIES	Inonotus tomentosus (Fr.) Teng	Inonotus tomentosus (Fr.) Teng	(Fr.) Teng	CA	Saint-Majorique	Québec	PRESENT		ff7bd5db-b724-4932-b496-10ea298851f9	45.931221	-72.584529	5000.0						1995-09-11	11	9	1995	2519254	5237653	PRESERVED_SPECIMEN	Université de Montréal Biodiversity Centre	CMMF	CMMF002584		Lamoureux, Yves		CC0_1_0	Université de Montréal Biodiversity Centre	Lamoureux, Yves			2024-01-24T16:38:19.565Z	StillImage	INSTITUTION_MATCH_FUZZY;COLLECTION_MATCH_FUZZY;DIFFERENT_OWNER_INSTITUTION
4993862885	50c9509d-22c7-4a22-a47d-8c48425ef4a7	https://www.inaturalist.org/observations/241387309	Fungi	Basidiomycota	Agaricomycetes	Hymenochaetales	Hymenochaetaceae	Onnia	Onnia tomentosa		SPECIES	Onnia tomentosa (Fr.) P.Karst.	Onnia tomentosa		CA		Québec	PRESENT		28eb1a3f-1c15-4a95-931a-4af90ecb574d	45.380388	-71.92015	13.0						2024-09-09T08:51:18	9	9	2024	5237653	5237653	HUMAN_OBSERVATION	iNaturalist	Observations	241387309		Jacob Beauregard	2024-09-13T01:22:29	CC_BY_NC_4_0	Jacob Beauregard	Jacob Beauregard			2025-01-14T12:52:59.933Z	StillImage	COORDINATE_ROUNDED;CONTINENT_DERIVED_FROM_COORDINATES;TAXON_MATCH_TAXON_ID_IGNORED
4980448773	50c9509d-22c7-4a22-a47d-8c48425ef4a7	https://www.inaturalist.org/observations/60096867	Fungi	Basidiomycota	Agaricomycetes	Hymenochaetales	Hymenochaetaceae	Onnia	Onnia tomentosa		SPECIES	Onnia tomentosa (Fr.) P.Karst.	Onnia tomentosa		CA		Ontario	PRESENT		28eb1a3f-1c15-4a95-931a-4af90ecb574d	46.264897	-79.30473							2020-09-19T11:23:10	19	9	2020	5237653	5237653	HUMAN_OBSERVATION	iNaturalist	Observations	60096867		tombigelow	2021-04-04T03:29:50	CC_BY_NC_4_0	Lucas Beaver	Lucas Beaver			2025-01-14T12:14:56.062Z	StillImage	COORDINATE_ROUNDED;CONTINENT_DERIVED_FROM_COORDINATES;TAXON_MATCH_TAXON_ID_IGNORED
4974150926	50c9509d-22c7-4a22-a47d-8c48425ef4a7	https://www.inaturalist.org/observations/248629699	Fungi	Basidiomycota	Agaricomycetes	Hymenochaetales	Hymenochaetaceae	Onnia	Onnia tomentosa		SPECIES	Onnia tomentosa (Fr.) P.Karst.	Onnia tomentosa		CA		New Brunswick	PRESENT		28eb1a3f-1c15-4a95-931a-4af90ecb574d	45.926491	-66.644229	8.0						2024-10-09T13:29	9	10	2024	5237653	5237653	HUMAN_OBSERVATION	iNaturalist	Observations	248629699		Dwayne Sabine	2024-10-22T17:56:49	CC_BY_NC_4_0	Dwayne Sabine	Dwayne Sabine			2025-01-14T12:58:36.715Z	StillImage	COORDINATE_ROUNDED;CONTINENT_DERIVED_FROM_COORDINATES;TAXON_MATCH_TAXON_ID_IGNORED
4952198697	50c9509d-22c7-4a22-a47d-8c48425ef4a7	https://www.inaturalist.org/observations/245264474	Fungi	Basidiomycota	Agaricomycetes	Hymenochaetales	Hymenochaetaceae	Onnia	Onnia tomentosa		SPECIES	Onnia tomentosa (Fr.) P.Karst.	Onnia tomentosa		CA		Québec	PRESENT		28eb1a3f-1c15-4a95-931a-4af90ecb574d	45.345447	-71.749886	32.0						2024-08-26T09:26	26	8	2024	5237653	5237653	HUMAN_OBSERVATION	iNaturalist	Observations	245264474		gabboilard	2024-10-02T17:24:26	CC_BY_NC_4_0	gabboilard	gabboilard			2025-01-14T12:54:29.830Z	StillImage	COORDINATE_ROUNDED;CONTINENT_DERIVED_FROM_COORDINATES;TAXON_MATCH_TAXON_ID_IGNORED
4950247323	50c9509d-22c7-4a22-a47d-8c48425ef4a7	https://www.inaturalist.org/observations/244017271	Fungi	Basidiomycota	Agaricomycetes	Hymenochaetales	Hymenochaetaceae	Onnia	Onnia tomentosa		SPECIES	Onnia tomentosa (Fr.) P.Karst.	Onnia tomentosa		CA		Ontario	PRESENT		28eb1a3f-1c15-4a95-931a-4af90ecb574d	45.244066	-77.299728	244.0						2024-09-23T10:38	23	9	2024	5237653	5237653	HUMAN_OBSERVATION	iNaturalist	Observations	244017271		O. Herlin	2024-09-25T18:59:27	CC_BY_4_0	O. Herlin	O. Herlin			2025-01-14T12:58:19.342Z	StillImage	COORDINATE_ROUNDED;CONTINENT_DERIVED_FROM_COORDINATES;TAXON_MATCH_TAXON_ID_IGNORED
4946131563	50c9509d-22c7-4a22-a47d-8c48425ef4a7	https://www.inaturalist.org/observations/240927962	Fungi	Basidiomycota	Agaricomycetes	Hymenochaetales	Hymenochaetaceae	Onnia	Onnia tomentosa		SPECIES	Onnia tomentosa (Fr.) P.Karst.	Onnia tomentosa		CA		Québec	PRESENT		28eb1a3f-1c15-4a95-931a-4af90ecb574d	45.861392	-74.023292	4.0						2024-09-10T08:42:30	10	9	2024	5237653	5237653	HUMAN_OBSERVATION	iNaturalist	Observations	240927962		Camille Clément	2024-09-10T13:43:10	CC_BY_NC_4_0	Camille Clément	Camille Clément			2025-01-14T12:54:19.867Z	StillImage	COORDINATE_ROUNDED;CONTINENT_DERIVED_FROM_COORDINATES;TAXON_MATCH_TAXON_ID_IGNORED
4935893467	50c9509d-22c7-4a22-a47d-8c48425ef4a7	https://www.inaturalist.org/observations/238775806	Fungi	Basidiomycota	Agaricomycetes	Hymenochaetales	Hymenochaetaceae	Onnia	Onnia tomentosa		SPECIES	Onnia tomentosa (Fr.) P.Karst.	Onnia tomentosa		CA		Ontario	PRESENT		28eb1a3f-1c15-4a95-931a-4af90ecb574d	45.446732	-75.68355	4.0						2024-08-30T10:33:53	30	8	2024	5237653	5237653	HUMAN_OBSERVATION	iNaturalist	Observations	238775806		thrinley	2024-08-30T14:34:52	CC_BY_NC_4_0	thrinley	thrinley			2025-01-14T13:40:21.076Z	StillImage	COORDINATE_ROUNDED;CONTINENT_DERIVED_FROM_COORDINATES;TAXON_MATCH_TAXON_ID_IGNORED
4935823149	50c9509d-22c7-4a22-a47d-8c48425ef4a7	https://www.inaturalist.org/observations/238775807	Fungi	Basidiomycota	Agaricomycetes	Hymenochaetales	Hymenochaetaceae	Onnia	Onnia tomentosa		SPECIES	Onnia tomentosa (Fr.) P.Karst.	Onnia tomentosa		CA		Ontario	PRESENT		28eb1a3f-1c15-4a95-931a-4af90ecb574d	45.446698	-75.683623	8.0						2024-08-30T10:33:27	30	8	2024	5237653	5237653	HUMAN_OBSERVATION	iNaturalist	Observations	238775807		Anthony Gaston	2024-08-30T14:34:52	CC_BY_NC_4_0	Anthony Gaston	Anthony Gaston			2025-01-14T13:43:43.553Z	StillImage	COORDINATE_ROUNDED;CONTINENT_DERIVED_FROM_COORDINATES;TAXON_MATCH_TAXON_ID_IGNORED
4853005273	50c9509d-22c7-4a22-a47d-8c48425ef4a7	https://www.inaturalist.org/observations/209247955	Fungi	Basidiomycota	Agaricomycetes	Hymenochaetales	Hymenochaetaceae	Onnia	Onnia tomentosa		SPECIES	Onnia tomentosa (Fr.) P.Karst.	Onnia tomentosa		CA		Québec	PRESENT		28eb1a3f-1c15-4a95-931a-4af90ecb574d	45.395686	-73.397541	1776.0						2022-08-22T11:12	22	8	2022	5237653	5237653	HUMAN_OBSERVATION	iNaturalist	Observations	209247955		Isabelle Pouliot	2024-04-25T13:15:26	CC_BY_NC_4_0	Isabelle Pouliot	Isabelle Pouliot			2025-01-14T12:44:27.340Z	StillImage	COORDINATE_ROUNDED;CONTINENT_DERIVED_FROM_COORDINATES;TAXON_MATCH_TAXON_ID_IGNORED
4522706864	50c9509d-22c7-4a22-a47d-8c48425ef4a7	https://www.inaturalist.org/observations/198934941	Fungi	Basidiomycota	Agaricomycetes	Hymenochaetales	Hymenochaetaceae	Onnia	Onnia tomentosa		SPECIES	Onnia tomentosa (Fr.) P.Karst.	Onnia tomentosa		CA		Québec	PRESENT		28eb1a3f-1c15-4a95-931a-4af90ecb574d	46.023232	-73.442545	6028.0						2022-09-17T14:20	17	9	2022	5237653	5237653	HUMAN_OBSERVATION	iNaturalist	Observations	198934941		slavi	2024-02-10T21:49:25	CC_BY_NC_4_0	slavi	slavi			2025-01-14T12:43:17.890Z	StillImage	COORDINATE_ROUNDED;CONTINENT_DERIVED_FROM_COORDINATES;TAXON_MATCH_TAXON_ID_IGNORED
4431171784	50c9509d-22c7-4a22-a47d-8c48425ef4a7	https://www.inaturalist.org/observations/188188334	Fungi	Basidiomycota	Agaricomycetes	Hymenochaetales	Hymenochaetaceae	Onnia	Onnia tomentosa		SPECIES	Onnia tomentosa (Fr.) P.Karst.	Onnia tomentosa		CA		Nova Scotia	PRESENT		28eb1a3f-1c15-4a95-931a-4af90ecb574d	45.792776	-64.256869	21.0						2023-10-19T13:26	19	10	2023	5237653	5237653	HUMAN_OBSERVATION	iNaturalist	Observations	188188334		Ben	2023-10-19T21:15:39	CC_BY_NC_4_0	Ben	Ben			2025-01-14T13:28:19.708Z	StillImage	COORDINATE_ROUNDED;CONTINENT_DERIVED_FROM_COORDINATES;TAXON_MATCH_TAXON_ID_IGNORED
4430884373	50c9509d-22c7-4a22-a47d-8c48425ef4a7	https://www.inaturalist.org/observations/34909884	Fungi	Basidiomycota	Agaricomycetes	Hymenochaetales	Hymenochaetaceae	Onnia	Onnia tomentosa		SPECIES	Onnia tomentosa (Fr.) P.Karst.	Onnia tomentosa		CA		New Brunswick	PRESENT		28eb1a3f-1c15-4a95-931a-4af90ecb574d	46.340725	-64.621784	1227.0						2016-10-01T13:17	1	10	2016	5237653	5237653	HUMAN_OBSERVATION	iNaturalist	Observations	34909884		Raymonde G Chartier	2019-10-26T13:19:00	CC_BY_NC_4_0	Raymonde G Chartier	Raymonde G Chartier			2025-01-14T12:09:42.389Z	StillImage	COORDINATE_ROUNDED;CONTINENT_DERIVED_FROM_COORDINATES;TAXON_MATCH_TAXON_ID_IGNORED
4417139452	50c9509d-22c7-4a22-a47d-8c48425ef4a7	https://www.inaturalist.org/observations/184728447	Fungi	Basidiomycota	Agaricomycetes	Hymenochaetales	Hymenochaetaceae	Onnia	Onnia tomentosa		SPECIES	Onnia tomentosa (Fr.) P.Karst.	Onnia tomentosa		CA		Québec	PRESENT		28eb1a3f-1c15-4a95-931a-4af90ecb574d	45.629556	-73.804361	61.0						2023-09-22T11:27	22	9	2023	5237653	5237653	HUMAN_OBSERVATION	iNaturalist	Observations	184728447		Biscotte	2023-09-24T17:26:54	CC_BY_NC_4_0	Biscotte	Biscotte			2025-01-14T12:42:42.941Z	StillImage	COORDINATE_ROUNDED;CONTINENT_DERIVED_FROM_COORDINATES;TAXON_MATCH_TAXON_ID_IGNORED
4404995781	50c9509d-22c7-4a22-a47d-8c48425ef4a7	https://www.inaturalist.org/observations/180356580	Fungi	Basidiomycota	Agaricomycetes	Hymenochaetales	Hymenochaetaceae	Onnia	Onnia tomentosa		SPECIES	Onnia tomentosa (Fr.) P.Karst.	Onnia tomentosa		CA		Québec	PRESENT		28eb1a3f-1c15-4a95-931a-4af90ecb574d	45.243503	-72.454758	1527.0						2023-08-20T11:19	20	8	2023	5237653	5237653	HUMAN_OBSERVATION	iNaturalist	Observations	180356580		Wendy Conn	2023-08-26T23:22:54	CC_BY_NC_4_0	Wendy Conn	Wendy Conn			2025-01-14T12:40:54.056Z	StillImage	COORDINATE_ROUNDED;CONTINENT_DERIVED_FROM_COORDINATES;TAXON_MATCH_TAXON_ID_IGNORED
4162159472	50c9509d-22c7-4a22-a47d-8c48425ef4a7	https://www.inaturalist.org/observations/147368138	Fungi	Basidiomycota	Agaricomycetes	Hymenochaetales	Hymenochaetaceae	Onnia	Onnia tomentosa		SPECIES	Onnia tomentosa (Fr.) P.Karst.	Onnia tomentosa		CA		Québec	PRESENT		28eb1a3f-1c15-4a95-931a-4af90ecb574d	46.014012	-73.417796	4971.0						2022-09-16T14:20	16	9	2022	5237653	5237653	HUMAN_OBSERVATION	iNaturalist	Observations	147368138		John Plischke	2023-01-26T02:53:25	CC_BY_NC_4_0	John Plischke	John Plischke			2025-01-14T13:27:26.815Z	StillImage	COORDINATE_ROUNDED;CONTINENT_DERIVED_FROM_COORDINATES;TAXON_MATCH_TAXON_ID_IGNORED
4102609437	50c9509d-22c7-4a22-a47d-8c48425ef4a7	https://www.inaturalist.org/observations/137285382	Fungi	Basidiomycota	Agaricomycetes	Hymenochaetales	Hymenochaetaceae	Onnia	Onnia tomentosa		SPECIES	Onnia tomentosa (Fr.) P.Karst.	Onnia tomentosa		CA		Québec	PRESENT		28eb1a3f-1c15-4a95-931a-4af90ecb574d	45.623018	-75.02887							2022-10-01T10:43	1	10	2022	5237653	5237653	HUMAN_OBSERVATION	iNaturalist	Observations	137285382		jonathan_mack	2022-10-02T15:12:40	CC_BY_NC_4_0	jonathan_mack	jonathan_mack			2025-01-14T12:32:28.546Z	StillImage	COORDINATE_ROUNDED;CONTINENT_DERIVED_FROM_COORDINATES;TAXON_MATCH_TAXON_ID_IGNORED
4075715775	50c9509d-22c7-4a22-a47d-8c48425ef4a7	https://www.inaturalist.org/observations/139248506	Fungi	Basidiomycota	Agaricomycetes	Hymenochaetales	Hymenochaetaceae	Onnia	Onnia tomentosa		SPECIES	Onnia tomentosa (Fr.) P.Karst.	Onnia tomentosa		CA		Nova Scotia	PRESENT		28eb1a3f-1c15-4a95-931a-4af90ecb574d	45.792214	-64.256587	20.0						2022-10-15T17:47	15	10	2022	5237653	5237653	HUMAN_OBSERVATION	iNaturalist	Observations	139248506		Ben	2022-10-18T17:55:28	CC_BY_NC_4_0	Ben	Ben			2025-01-14T13:18:19.670Z	StillImage	COORDINATE_ROUNDED;CONTINENT_DERIVED_FROM_COORDINATES;TAXON_MATCH_TAXON_ID_IGNORED
4029223720	50c9509d-22c7-4a22-a47d-8c48425ef4a7	https://www.inaturalist.org/observations/147795156	Fungi	Basidiomycota	Agaricomycetes	Hymenochaetales	Hymenochaetaceae	Onnia	Onnia tomentosa		SPECIES	Onnia tomentosa (Fr.) P.Karst.	Onnia tomentosa		CA		Ontario	PRESENT		28eb1a3f-1c15-4a95-931a-4af90ecb574d	45.012722	-78.284038	500.0						2015-09-02T15:45	2	9	2015	5237653	5237653	HUMAN_OBSERVATION	iNaturalist	Observations	147795156		Belinda Gallagher	2023-01-31T23:46:57	CC_BY_NC_4_0	Belinda Gallagher	Belinda Gallagher			2025-01-14T13:28:06.023Z	StillImage	COORDINATE_ROUNDED;CONTINENT_DERIVED_FROM_COORDINATES;TAXON_MATCH_TAXON_ID_IGNORED
4023419036	0f83123f-0c04-4556-8f4d-5a4e2a9bac66	http://id.luomus.fi/MY.7259409	Fungi	Basidiomycota	Agaricomycetes	Hymenochaetales	Hymenochaetaceae	Onnia	Onnia tomentosa		SPECIES	Pelloporus tomentosus (Fr.) Quél.	Pelloporus tomentosus (Fr.) Quél.		CA		Quebec	PRESENT		04fd2e13-6881-4e5c-9dd1-8fdd9ab993c1	45.88	-73.28							1935-09-01T00:00Z	1	9	1935	2519246	5237653	PRESERVED_SPECIMEN	H		http://id.luomus.fi/HA.H7055223				CC_BY_4_0		Jackson, H. A. C.			2025-01-12T05:29:48.053Z		CONTINENT_DERIVED_FROM_COORDINATES;TAXON_MATCH_TAXON_ID_IGNORED;COLLECTION_MATCH_NONE;INSTITUTION_MATCH_FUZZY
4023417465	0f83123f-0c04-4556-8f4d-5a4e2a9bac66	http://id.luomus.fi/MY.7259309	Fungi	Basidiomycota	Agaricomycetes	Hymenochaetales	Hymenochaetaceae	Onnia	Onnia tomentosa		SPECIES	Pelloporus tomentosus (Fr.) Quél.	Pelloporus tomentosus (Fr.) Quél.		CA		Quebec	PRESENT		04fd2e13-6881-4e5c-9dd1-8fdd9ab993c1	47.18	-70.21							1966-08-22T00:00Z	22	8	1966	2519246	5237653	PRESERVED_SPECIMEN	H		http://id.luomus.fi/HA.H7055000	66-71			CC_BY_4_0		Groves, J. W.			2025-01-12T05:29:47.498Z		CONTINENT_DERIVED_FROM_COORDINATES;TAXON_MATCH_TAXON_ID_IGNORED;COLLECTION_MATCH_NONE;INSTITUTION_MATCH_FUZZY
4023416423	0f83123f-0c04-4556-8f4d-5a4e2a9bac66	http://id.luomus.fi/MY.5101067	Fungi	Basidiomycota	Agaricomycetes	Hymenochaetales	Hymenochaetaceae	Onnia	Onnia tomentosa		SPECIES	Pelloporus tomentosus (Fr.) Quél.	Pelloporus tomentosus (Fr.) Quél.		CA			PRESENT		04fd2e13-6881-4e5c-9dd1-8fdd9ab993c1	45.382	-75.713							1933-09-22T00:00Z	22	9	1933	2519246	5237653	PRESERVED_SPECIMEN	H		http://id.luomus.fi/HA.H7043873		Macrae, Ruth		CC_BY_4_0		Groves, J. W.			2025-01-12T05:29:47.245Z		CONTINENT_DERIVED_FROM_COORDINATES;TAXON_MATCH_TAXON_ID_IGNORED;COLLECTION_MATCH_NONE;INSTITUTION_MATCH_FUZZY
4018104657	50c9509d-22c7-4a22-a47d-8c48425ef4a7	https://www.inaturalist.org/observations/137804959	Fungi	Basidiomycota	Agaricomycetes	Hymenochaetales	Hymenochaetaceae	Onnia	Onnia tomentosa		SPECIES	Onnia tomentosa (Fr.) P.Karst.	Onnia tomentosa		CA		Ontario	PRESENT		28eb1a3f-1c15-4a95-931a-4af90ecb574d	45.837159	-78.379124	45593.0						2022-09-20T12:17	20	9	2022	5237653	5237653	HUMAN_OBSERVATION	iNaturalist	Observations	137804959		mycowalt	2022-10-06T22:52:03	CC_BY_NC_4_0	mycowalt	mycowalt			2025-01-14T13:30:56.251Z	StillImage	COORDINATE_ROUNDED;CONTINENT_DERIVED_FROM_COORDINATES;TAXON_MATCH_TAXON_ID_IGNORED
3759128737	50c9509d-22c7-4a22-a47d-8c48425ef4a7	https://www.inaturalist.org/observations/100635801	Fungi	Basidiomycota	Agaricomycetes	Hymenochaetales	Hymenochaetaceae	Onnia	Onnia tomentosa		SPECIES	Onnia tomentosa (Fr.) P.Karst.	Onnia tomentosa		CA		Nova Scotia	PRESENT		28eb1a3f-1c15-4a95-931a-4af90ecb574d	45.792288	-64.256931	31.0						2021-11-08T16:06	8	11	2021	5237653	5237653	HUMAN_OBSERVATION	iNaturalist	Observations	100635801		Ben	2021-11-08T23:32:15	CC_BY_NC_4_0	Ben	Ben			2025-01-14T13:15:33.757Z	StillImage	COORDINATE_ROUNDED;CONTINENT_DERIVED_FROM_COORDINATES;TAXON_MATCH_TAXON_ID_IGNORED
3355727000	50c9509d-22c7-4a22-a47d-8c48425ef4a7	https://www.inaturalist.org/observations/93725895	Fungi	Basidiomycota	Agaricomycetes	Hymenochaetales	Hymenochaetaceae	Onnia	Onnia tomentosa		SPECIES	Onnia tomentosa (Fr.) P.Karst.	Onnia tomentosa		CA		New Brunswick	PRESENT		28eb1a3f-1c15-4a95-931a-4af90ecb574d	46.424846	-64.650043	1090.0						2021-09-01T15:02	1	9	2021	5237653	5237653	HUMAN_OBSERVATION	iNaturalist	Observations	93725895		Stuart Tingley	2021-09-05T15:33:54	CC_BY_NC_4_0	Stuart Tingley	Stuart Tingley			2025-01-14T13:11:43.142Z	StillImage	COORDINATE_ROUNDED;CONTINENT_DERIVED_FROM_COORDINATES;TAXON_MATCH_TAXON_ID_IGNORED
3327782383	50c9509d-22c7-4a22-a47d-8c48425ef4a7	https://www.inaturalist.org/observations/71156272	Fungi	Basidiomycota	Agaricomycetes	Hymenochaetales	Hymenochaetaceae	Onnia	Onnia tomentosa		SPECIES	Onnia tomentosa (Fr.) P.Karst.	Onnia tomentosa		CA		Québec	PRESENT		28eb1a3f-1c15-4a95-931a-4af90ecb574d	46.957508	-71.402151	15.0						2016-10-04	4	10	2016	5237653	5237653	HUMAN_OBSERVATION	iNaturalist	Observations	71156272		Christian Grenier	2021-03-13T20:34:48	CC_BY_NC_4_0	Christian Grenier	Christian Grenier			2025-01-14T13:11:07.450Z	StillImage	COORDINATE_ROUNDED;CONTINENT_DERIVED_FROM_COORDINATES;TAXON_MATCH_TAXON_ID_IGNORED
3044623340	50c9509d-22c7-4a22-a47d-8c48425ef4a7	https://www.inaturalist.org/observations/16333757	Fungi	Basidiomycota	Agaricomycetes	Hymenochaetales	Hymenochaetaceae	Onnia	Onnia tomentosa		SPECIES	Onnia tomentosa (Fr.) P.Karst.	Onnia tomentosa		CA		Québec	PRESENT		28eb1a3f-1c15-4a95-931a-4af90ecb574d	48.4036	-68.57575	22730.0						2013-08-09	9	8	2013	5237653	5237653	HUMAN_OBSERVATION	iNaturalist	Observations	16333757		pinonbistro	2018-09-08T21:58:16	CC_BY_NC_4_0	pinonbistro	pinonbistro			2025-01-14T12:05:49.339Z	StillImage	CONTINENT_DERIVED_FROM_COORDINATES;TAXON_MATCH_TAXON_ID_IGNORED
2883026350	50c9509d-22c7-4a22-a47d-8c48425ef4a7	https://www.inaturalist.org/observations/32560189	Fungi	Basidiomycota	Agaricomycetes	Hymenochaetales	Hymenochaetaceae	Onnia	Onnia tomentosa		SPECIES	Onnia tomentosa (Fr.) P.Karst.	Onnia tomentosa		CA		Ontario	PRESENT		28eb1a3f-1c15-4a95-931a-4af90ecb574d	45.507601	-75.338838	46.0						2019-09-11	11	9	2019	5237653	5237653	HUMAN_OBSERVATION	iNaturalist	Observations	32560189		jonathan_mack	2020-10-07T19:33:51	CC_BY_NC_4_0	kevinwallace	kevinwallace			2025-01-14T12:59:38.252Z	StillImage	CONTINENT_DERIVED_FROM_COORDINATES;TAXON_MATCH_TAXON_ID_IGNORED
2609072212	50c9509d-22c7-4a22-a47d-8c48425ef4a7	https://www.inaturalist.org/observations/20216153	Fungi	Basidiomycota	Agaricomycetes	Hymenochaetales	Hymenochaetaceae	Onnia	Onnia tomentosa		SPECIES	Onnia tomentosa (Fr.) P.Karst.	Onnia tomentosa		CA		Ontario	PRESENT		28eb1a3f-1c15-4a95-931a-4af90ecb574d	45.55397	-78.59676	1519.0						2018-10-01T12:40	1	10	2018	5237653	5237653	HUMAN_OBSERVATION	iNaturalist	Observations	20216153		mycowalt	2019-02-09T02:37:16	CC_BY_NC_4_0	mycowalt	mycowalt			2025-01-14T12:06:19.482Z	StillImage	CONTINENT_DERIVED_FROM_COORDINATES;TAXON_MATCH_TAXON_ID_IGNORED
2456583563	50c9509d-22c7-4a22-a47d-8c48425ef4a7	https://www.inaturalist.org/observations/35661349	Fungi	Basidiomycota	Agaricomycetes	Hymenochaetales	Hymenochaetaceae	Onnia	Onnia tomentosa		SPECIES	Onnia tomentosa (Fr.) P.Karst.	Onnia tomentosa		CA		New Brunswick	PRESENT		28eb1a3f-1c15-4a95-931a-4af90ecb574d	46.231614	-64.508163	61.0						2019-10-28T13:07	28	10	2019	5237653	5237653	HUMAN_OBSERVATION	iNaturalist	Observations	35661349		Raymonde G Chartier	2019-11-14T19:09:27	CC_BY_NC_4_0	Stuart Tingley	Stuart Tingley			2025-01-14T12:10:06.774Z	StillImage	COORDINATE_ROUNDED;CONTINENT_DERIVED_FROM_COORDINATES;TAXON_MATCH_TAXON_ID_IGNORED
2447217137	81e6cff2-b409-417e-8c72-e1bbafb7c61f	f3964ca7-34f3-4f73-9590-48b9633ccc87	Fungi	Basidiomycota	Agaricomycetes	Hymenochaetales	Hymenochaetaceae	Onnia	Onnia tomentosa		SPECIES	Inonotus tomentosus (Fr.) Teng	Inonotus tomentosus (Fr.) Teng	(Fr.) Teng	CA	Lac Giles	Québec	PRESENT		7b8aff00-a9f8-11d8-944b-b8a03c50a862	46.122298	-75.767067	1520.0						1938-08-30	30	8	1938	2519254	5237653	PRESERVED_SPECIMEN	F	Botany	C0369558F	s.n.	Q. X. Wu	2000-01-01T00:00:00	CC0_1_0	The Field Museum of Natural History	Bro. M. Anselm			2024-02-20T16:06:20.240Z		GEODETIC_DATUM_ASSUMED_WGS84;MODIFIED_DATE_INVALID;AMBIGUOUS_COLLECTION;INSTITUTION_MATCH_FUZZY
2423612791	21705170-d2b6-42de-8904-c3bca4b83591	CMMF018851	Fungi	Basidiomycota	Agaricomycetes	Hymenochaetales	Hymenochaetaceae	Onnia	Onnia tomentosa		SPECIES	Onnia tomentosa (Fr.) P.Karst.	Onnia tomentosa (Fr.) P. Karst.	(Fr.) P. Karst.	CA	Sentier lac Geai.	Québec	PRESENT		ff7bd5db-b724-4932-b496-10ea298851f9	45.991697	-73.997854	750.0						1986-08-18	18	8	1986	5237653	5237653	PRESERVED_SPECIMEN	Université de Montréal Biodiversity Centre	CMMF	CMMF018851	s.n.	Nantel, Patrick		CC0_1_0	Université de Montréal Biodiversity Centre	Nantel, Patrick			2024-01-24T16:38:18.672Z		INSTITUTION_MATCH_FUZZY;COLLECTION_MATCH_FUZZY;DIFFERENT_OWNER_INSTITUTION
2283075996	50c9509d-22c7-4a22-a47d-8c48425ef4a7	https://www.inaturalist.org/observations/27898631	Fungi	Basidiomycota	Agaricomycetes	Hymenochaetales	Hymenochaetaceae	Onnia	Onnia tomentosa		SPECIES	Onnia tomentosa (Fr.) P.Karst.	Onnia tomentosa		CA		Ontario	PRESENT		28eb1a3f-1c15-4a95-931a-4af90ecb574d	45.796	-76.913333							2013-09-15T12:06:25	15	9	2013	5237653	5237653	HUMAN_OBSERVATION	iNaturalist	Observations	27898631		Ryan Patrick	2019-06-30T00:44:38	CC_BY_NC_4_0	Derek Dunnett	Derek Dunnett			2025-01-14T12:07:59.042Z	StillImage	COORDINATE_ROUNDED;CONTINENT_DERIVED_FROM_COORDINATES;TAXON_MATCH_TAXON_ID_IGNORED
2013685280	50c9509d-22c7-4a22-a47d-8c48425ef4a7	https://www.inaturalist.org/observations/16781611	Fungi	Basidiomycota	Agaricomycetes	Hymenochaetales	Hymenochaetaceae	Onnia	Onnia tomentosa		SPECIES	Onnia tomentosa (Fr.) P.Karst.	Onnia tomentosa		CA		Québec	PRESENT		28eb1a3f-1c15-4a95-931a-4af90ecb574d	45.944847	-74.915325							2016-09-02T15:13	2	9	2016	5237653	5237653	HUMAN_OBSERVATION	iNaturalist	Observations	16781611		jonathan_mack	2018-09-22T02:16:39	CC_BY_NC_4_0	jonathan_mack	jonathan_mack			2025-01-14T13:00:59.772Z	StillImage	COORDINATE_ROUNDED;CONTINENT_DERIVED_FROM_COORDINATES;TAXON_MATCH_TAXON_ID_IGNORED
2013680276	50c9509d-22c7-4a22-a47d-8c48425ef4a7	https://www.inaturalist.org/observations/10117829	Fungi	Basidiomycota	Agaricomycetes	Hymenochaetales	Hymenochaetaceae	Onnia	Onnia tomentosa		SPECIES	Onnia tomentosa (Fr.) P.Karst.	Onnia tomentosa		CA		Québec	PRESENT		28eb1a3f-1c15-4a95-931a-4af90ecb574d	48.350289	-68.791677	31.0						2013-08-08T10:46	8	8	2013	5237653	5237653	HUMAN_OBSERVATION	iNaturalist	Observations	10117829		tombigelow	2018-03-06T22:46:35	CC_BY_NC_4_0	tombigelow	tombigelow			2025-01-14T13:00:00.793Z	StillImage	COORDINATE_ROUNDED;CONTINENT_DERIVED_FROM_COORDINATES;TAXON_MATCH_TAXON_ID_IGNORED
1847647107	50c9509d-22c7-4a22-a47d-8c48425ef4a7	https://www.inaturalist.org/observations/9593135	Fungi	Basidiomycota	Agaricomycetes	Hymenochaetales	Hymenochaetaceae	Onnia	Onnia tomentosa		SPECIES	Onnia tomentosa (Fr.) P.Karst.	Onnia tomentosa		CA		Ontario	PRESENT		28eb1a3f-1c15-4a95-931a-4af90ecb574d	45.64865	-77.5247	9718.0						2016-09-21	21	9	2016	5237653	5237653	HUMAN_OBSERVATION	iNaturalist	Observations	9593135		mycowalt	2018-01-24T01:48:46	CC_BY_NC_4_0	mycowalt	mycowalt			2025-01-14T12:04:22.817Z	StillImage	CONTINENT_DERIVED_FROM_COORDINATES;TAXON_MATCH_TAXON_ID_IGNORED
1847646490	50c9509d-22c7-4a22-a47d-8c48425ef4a7	https://www.inaturalist.org/observations/9590075	Fungi	Basidiomycota	Agaricomycetes	Hymenochaetales	Hymenochaetaceae	Onnia	Onnia tomentosa		SPECIES	Onnia tomentosa (Fr.) P.Karst.	Onnia tomentosa		CA		Ontario	PRESENT		28eb1a3f-1c15-4a95-931a-4af90ecb574d	45.57675	-78.45745	4046.0						2015-09-11	11	9	2015	5237653	5237653	HUMAN_OBSERVATION	iNaturalist	Observations	9590075		mycowalt	2018-01-23T21:52:59	CC_BY_NC_4_0	mycowalt	mycowalt			2025-01-14T12:04:38.350Z	StillImage	CONTINENT_DERIVED_FROM_COORDINATES;TAXON_MATCH_TAXON_ID_IGNORED
1847644913	50c9509d-22c7-4a22-a47d-8c48425ef4a7	https://www.inaturalist.org/observations/9572019	Fungi	Basidiomycota	Agaricomycetes	Hymenochaetales	Hymenochaetaceae	Onnia	Onnia tomentosa		SPECIES	Onnia tomentosa (Fr.) P.Karst.	Onnia tomentosa		CA		Ontario	PRESENT		28eb1a3f-1c15-4a95-931a-4af90ecb574d	45.5794	-78.51955	385.0						2012-09-22	22	9	2012	5237653	5237653	HUMAN_OBSERVATION	iNaturalist	Observations	9572019		mycowalt	2018-01-23T07:46:24	CC_BY_NC_4_0	mycowalt	mycowalt			2025-01-14T12:04:22.729Z	StillImage	CONTINENT_DERIVED_FROM_COORDINATES;TAXON_MATCH_TAXON_ID_IGNORED
1807263084	e8a25a42-f125-476c-8554-3ec21cd51a84	ACAD:120152	Fungi	Basidiomycota	Agaricomycetes	Hymenochaetales	Hymenochaetaceae	Onnia	Onnia tomentosa		SPECIES	Onnia tomentosa (Fr.) P.Karst.	Onnia tomentosa (Fr.) P. Karst.	(Fr.) P. Karst.	CA	Cape Split	Nova Scotia	PRESENT		6491ad8c-8e49-4bd4-a089-0ddb3bbe0890	45.334283	-64.49612							1958-09-27	27	9	1958	5237653	5237653	PRESERVED_SPECIMEN	Acadia University	ACAD	9181F	9181			CC0_1_0	Acadia University	Harrison, KA			2024-01-25T01:37:03.177Z	StillImage	COORDINATE_ROUNDED;GEODETIC_DATUM_INVALID;GEODETIC_DATUM_ASSUMED_WGS84;TAXON_MATCH_TAXON_ID_IGNORED;INSTITUTION_MATCH_FUZZY;COLLECTION_MATCH_FUZZY
1807258536	e8a25a42-f125-476c-8554-3ec21cd51a84	ACAD:115143	Fungi	Basidiomycota	Agaricomycetes	Hymenochaetales	Hymenochaetaceae	Onnia	Onnia tomentosa		SPECIES	Onnia tomentosa (Fr.) P.Karst.	Onnia tomentosa (Fr.) P. Karst.	(Fr.) P. Karst.	CA	Coldbrook	Nova Scotia	PRESENT		6491ad8c-8e49-4bd4-a089-0ddb3bbe0890	45.06325	-64.58638							1938-09-26	26	9	1938	5237653	5237653	PRESERVED_SPECIMEN	Acadia University	ACAD	781F	781			CC0_1_0	Acadia University	H, KA			2024-01-25T01:36:59.541Z	StillImage	GEODETIC_DATUM_INVALID;GEODETIC_DATUM_ASSUMED_WGS84;TAXON_MATCH_TAXON_ID_IGNORED;INSTITUTION_MATCH_FUZZY;COLLECTION_MATCH_FUZZY
1701210960	81e6cff2-b409-417e-8c72-e1bbafb7c61f	79cddf0a-6018-406e-a936-165582c19c02	Fungi	Basidiomycota	Agaricomycetes	Hymenochaetales	Hymenochaetaceae	Onnia	Onnia tomentosa		SPECIES	Onnia tomentosa (Fr.) P.Karst.	Onnia tomentosa (Fr.) P. Karst.	(Fr.) P. Karst.	CA	Beauport municipal camping	Québec	PRESENT		7b8aff00-a9f8-11d8-944b-b8a03c50a862	46.908199	-71.199812	13000.0						2003-08-31	31	8	2003	5237653	5237653	PRESERVED_SPECIMEN	F	Botany	C0295611F	NAMA 2003-117			CC0_1_0	The Field Museum of Natural History				2024-02-20T16:06:19.578Z		GEODETIC_DATUM_ASSUMED_WGS84;MODIFIED_DATE_INVALID;MULTIMEDIA_URI_INVALID;AMBIGUOUS_COLLECTION;INSTITUTION_MATCH_FUZZY
1412707628	21705170-d2b6-42de-8904-c3bca4b83591	CMMF016004	Fungi	Basidiomycota	Agaricomycetes	Hymenochaetales	Hymenochaetaceae	Onnia	Onnia tomentosa		SPECIES	Onnia tomentosa (Fr.) P.Karst.	Onnia tomentosa (Fr.) P. Karst.	(Fr.) P. Karst.	CA	Lac Mégantic, Québec.	Québec	PRESENT		ff7bd5db-b724-4932-b496-10ea298851f9	45.580134	-70.888105	15000.0						1995-09-05	5	9	1995	5237653	5237653	PRESERVED_SPECIMEN	Université de Montréal Biodiversity Centre	CMMF	CMMF016004		Boulet, Bruno		CC0_1_0	Université de Montréal Biodiversity Centre	Boulet, Bruno			2024-01-24T16:38:18.493Z		INSTITUTION_MATCH_FUZZY;COLLECTION_MATCH_FUZZY;DIFFERENT_OWNER_INSTITUTION
1412707535	21705170-d2b6-42de-8904-c3bca4b83591	CMMF016003	Fungi	Basidiomycota	Agaricomycetes	Hymenochaetales	Hymenochaetaceae	Onnia	Onnia tomentosa		SPECIES	Onnia tomentosa (Fr.) P.Karst.	Onnia tomentosa (Fr.) P. Karst.	(Fr.) P. Karst.	CA	Levis, Québec.	Québec	PRESENT		ff7bd5db-b724-4932-b496-10ea298851f9	46.734052	-71.246332	10000.0						2002-09-12	12	9	2002	5237653	5237653	PRESERVED_SPECIMEN	Université de Montréal Biodiversity Centre	CMMF	CMMF016003		Boulet, Bruno		CC0_1_0	Université de Montréal Biodiversity Centre	Boulet, Bruno			2024-01-24T16:38:18.487Z		INSTITUTION_MATCH_FUZZY;COLLECTION_MATCH_FUZZY;DIFFERENT_OWNER_INSTITUTION
1412707198	21705170-d2b6-42de-8904-c3bca4b83591	CMMF015689	Fungi	Basidiomycota	Agaricomycetes	Hymenochaetales	Hymenochaetaceae	Onnia	Onnia tomentosa		SPECIES	Inonotus tomentosus (Fr.) Teng	Inonotus tomentosus (Fr.) Teng	(Fr.) Teng	CA	Rang Saint-Martin, Chicoutimi, Québec.	Québec	PRESENT		ff7bd5db-b724-4932-b496-10ea298851f9	48.42951	-70.956161	6000.0						1998-10-17	17	10	1998	2519254	5237653	PRESERVED_SPECIMEN	Université de Montréal Biodiversity Centre	CMMF	CMMF015689	2631	Guérin, Gérard		CC0_1_0	Université de Montréal Biodiversity Centre	Guérin, Gérard			2024-01-24T16:38:16.478Z	StillImage	INSTITUTION_MATCH_FUZZY;COLLECTION_MATCH_FUZZY;DIFFERENT_OWNER_INSTITUTION
1412706850	21705170-d2b6-42de-8904-c3bca4b83591	CMMF015298	Fungi	Basidiomycota	Agaricomycetes	Hymenochaetales	Hymenochaetaceae	Onnia	Onnia tomentosa		SPECIES	Inonotus tomentosus (Fr.) Teng	Inonotus tomentosus (Fr.) Teng	(Fr.) Teng	CA	Rang Saint-Martin, Chicoutimi, Québec.	Québec	PRESENT		ff7bd5db-b724-4932-b496-10ea298851f9	48.42951	-70.956161	6000.0						1996-08-07	7	8	1996	2519254	5237653	PRESERVED_SPECIMEN	Université de Montréal Biodiversity Centre	CMMF	CMMF015298	2630	Guérin, Gérard		CC0_1_0	Université de Montréal Biodiversity Centre	Guérin, Gérard			2024-01-24T16:38:17.048Z		INSTITUTION_MATCH_FUZZY;COLLECTION_MATCH_FUZZY;DIFFERENT_OWNER_INSTITUTION
1412706814	21705170-d2b6-42de-8904-c3bca4b83591	CMMF015303	Fungi	Basidiomycota	Agaricomycetes	Hymenochaetales	Hymenochaetaceae	Onnia	Onnia tomentosa		SPECIES	Inonotus tomentosus (Fr.) Teng	Inonotus tomentosus (Fr.) Teng	(Fr.) Teng	CA	Chicoutimi, Québec.	Québec	PRESENT		ff7bd5db-b724-4932-b496-10ea298851f9	48.368277	-71.119642	15000.0						1979-08		8	1979	2519254	5237653	PRESERVED_SPECIMEN	Université de Montréal Biodiversity Centre	CMMF	CMMF015303	2629	Guérin, Gérard		CC0_1_0	Université de Montréal Biodiversity Centre	Guérin, Gérard			2024-01-24T16:38:16.948Z	StillImage	INSTITUTION_MATCH_FUZZY;COLLECTION_MATCH_FUZZY;DIFFERENT_OWNER_INSTITUTION
1135069706	21705170-d2b6-42de-8904-c3bca4b83591	CMMF008198	Fungi	Basidiomycota	Agaricomycetes	Hymenochaetales	Hymenochaetaceae	Onnia	Onnia tomentosa		SPECIES	Onnia tomentosa (Fr.) P.Karst.	Onnia tomentosa (Fr.) P. Karst.	(Fr.) P. Karst.	CA	Métis	Québec	PRESENT		ff7bd5db-b724-4932-b496-10ea298851f9	48.626	-68.127667	100.0						1977-08-14	14	8	1977	5237653	5237653	PRESERVED_SPECIMEN	Université de Montréal Biodiversity Centre	CMMF	CMMF008198	Inexistant	McNeil, Raymond		CC0_1_0	Université de Montréal Biodiversity Centre	McNeil, Raymond			2024-01-24T16:38:18.259Z	StillImage	COORDINATE_ROUNDED;INSTITUTION_MATCH_FUZZY;COLLECTION_MATCH_FUZZY;DIFFERENT_OWNER_INSTITUTION
1135068526	21705170-d2b6-42de-8904-c3bca4b83591	CMMF007030	Fungi	Basidiomycota	Agaricomycetes	Hymenochaetales	Hymenochaetaceae	Onnia	Onnia tomentosa		SPECIES	Onnia tomentosa (Fr.) P.Karst.	Onnia tomentosa (Fr.) P. Karst.	(Fr.) P. Karst.	CA	Lachute	Québec	PRESENT		ff7bd5db-b724-4932-b496-10ea298851f9	45.66275	-74.241983	100.0						2010-10-14	14	10	2010	5237653	5237653	PRESERVED_SPECIMEN	Université de Montréal Biodiversity Centre	CMMF	CMMF007030	C3800	McNeil, Raymond		CC0_1_0	Université de Montréal Biodiversity Centre	McNeil, Raymond			2024-01-24T16:38:20.871Z	StillImage	COORDINATE_ROUNDED;INSTITUTION_MATCH_FUZZY;COLLECTION_MATCH_FUZZY;DIFFERENT_OWNER_INSTITUTION
1135067946	21705170-d2b6-42de-8904-c3bca4b83591	CMMF006492	Fungi	Basidiomycota	Agaricomycetes	Hymenochaetales	Hymenochaetaceae	Onnia	Onnia tomentosa		SPECIES	Onnia tomentosa (Fr.) P.Karst.	Onnia tomentosa (Fr.) P. Karst.	(Fr.) P. Karst.	CA	Saint-Lazare	Québec	PRESENT		ff7bd5db-b724-4932-b496-10ea298851f9	45.393333	-74.215833	100.0						2005-10-22	22	10	2005	5237653	5237653	PRESERVED_SPECIMEN	Université de Montréal Biodiversity Centre	CMMF	CMMF006492	Inexistant	McNeil, Raymond		CC0_1_0	Université de Montréal Biodiversity Centre	McNeil, Raymond			2024-01-24T16:38:19.200Z	StillImage	COORDINATE_ROUNDED;INSTITUTION_MATCH_FUZZY;COLLECTION_MATCH_FUZZY;DIFFERENT_OWNER_INSTITUTION
1135067941	21705170-d2b6-42de-8904-c3bca4b83591	CMMF006495	Fungi	Basidiomycota	Agaricomycetes	Hymenochaetales	Hymenochaetaceae	Onnia	Onnia tomentosa		SPECIES	Onnia tomentosa (Fr.) P.Karst.	Onnia tomentosa (Fr.) P. Karst.	(Fr.) P. Karst.	CA	Saint-Lazare	Québec	PRESENT		ff7bd5db-b724-4932-b496-10ea298851f9	45.393333	-74.215833	100.0						2004-10-07	7	10	2004	5237653	5237653	PRESERVED_SPECIMEN	Université de Montréal Biodiversity Centre	CMMF	CMMF006495	C2097	McNeil, Raymond		CC0_1_0	Université de Montréal Biodiversity Centre	McNeil, Raymond			2024-01-24T16:38:19.208Z	StillImage	COORDINATE_ROUNDED;INSTITUTION_MATCH_FUZZY;COLLECTION_MATCH_FUZZY;DIFFERENT_OWNER_INSTITUTION
