gbifID	datasetKey	occurrenceID	kingdom	phylum	class	order	family	genus	species	infraspecificEpithet	taxonRank	scientificName	verbatimScientificName	verbatimScientificNameAuthorship	countryCode	locality	stateProvince	occurrenceStatus	individualCount	publishingOrgKey	decimalLatitude	decimalLongitude	coordinateUncertaintyInMeters	coordinatePrecision	elevation	elevationAccuracy	depth	depthAccuracy	eventDate	day	month	year	taxonKey	speciesKey	basisOfRecord	institutionCode	collectionCode	catalogNumber	recordNumber	identifiedBy	dateIdentified	license	rightsHolder	recordedBy	typeStatus	establishmentMeans	lastInterpreted	mediaType	issue
694157951	d7cfd2ed-8af4-427f-a16e-eb66b7e2c419	18404	Fungi	Basidiomycota	Agaricomycetes	Agaricales	Pluteaceae	Pluteus	Pluteus cervinus		SPECIES	Pluteus cervinus (Schaeff.) P.Kumm.	Pluteus cervinus P. Kumm.	P. Kumm.	CA	Ottawa, Central Experimental Farm	Ontario	PRESENT		ff418020-1d67-11d9-8435-b8a03c50a862	45.378618	-75.722408	1632.0						1972-06-29	29	6	1972	7446067	7446067	PRESERVED_SPECIMEN	Royal Ontario Museum	TRTC	TRTC047898	2101	Malloch, D.W.		CC0_1_0	Royal Ontario Museum	Ginns, J.;			2024-01-25T00:59:41.597Z		COORDINATE_ROUNDED;AMBIGUOUS_INSTITUTION
617555263	21705170-d2b6-42de-8904-c3bca4b83591	CMMF000073	Fungi	Basidiomycota	Agaricomycetes	Agaricales	Pluteaceae	Pluteus	Pluteus cervinus	albus	VARIETY	Pluteus cervinus var. albus Peck	Pluteus cervinus var. albus Peck	Peck	CA	Laval	Québec	PRESENT		ff7bd5db-b724-4932-b496-10ea298851f9	45.609608	-73.705867	17500.0						1988-07-20	20	7	1988	5449734	7446067	PRESERVED_SPECIMEN	Université de Montréal Biodiversity Centre	CMMF	CMMF000073		Lamoureux, Yves		CC0_1_0	Université de Montréal Biodiversity Centre	Sicard, Matthieu			2024-01-24T16:38:20.610Z	StillImage	INSTITUTION_MATCH_FUZZY;COLLECTION_MATCH_FUZZY;DIFFERENT_OWNER_INSTITUTION
617554839	21705170-d2b6-42de-8904-c3bca4b83591	CMMF000541	Fungi	Basidiomycota	Agaricomycetes	Agaricales	Pluteaceae	Pluteus	Pluteus cervinus		SPECIES	Pluteus cervinus (Schaeff.) P.Kumm.	Pluteus cervinus (Schaeff.) P. Kumm.	(Schaeff.) P. Kumm.	CA	Montréal	Québec	PRESENT		ff7bd5db-b724-4932-b496-10ea298851f9	45.509625	-73.662984	25000.0						1989-07-04	4	7	1989	7446067	7446067	PRESERVED_SPECIMEN	Université de Montréal Biodiversity Centre	CMMF	CMMF000541		Lamoureux, Yves		CC0_1_0	Université de Montréal Biodiversity Centre	Lamoureux, Yves			2024-01-24T16:38:20.058Z	StillImage	INSTITUTION_MATCH_FUZZY;COLLECTION_MATCH_FUZZY;DIFFERENT_OWNER_INSTITUTION
617550792	21705170-d2b6-42de-8904-c3bca4b83591	CMMF002429	Fungi	Basidiomycota	Agaricomycetes	Agaricales	Pluteaceae	Pluteus	Pluteus cervinus		SPECIES	Pluteus cervinus (Schaeff.) P.Kumm.	Pluteus cervinus (Schaeff.) P. Kumm.	(Schaeff.) P. Kumm.	CA	Mont-Saint-Hilaire	Québec	PRESENT		ff7bd5db-b724-4932-b496-10ea298851f9	45.569155	-73.169757	7000.0						1995-07-31	31	7	1995	7446067	7446067	PRESERVED_SPECIMEN	Université de Montréal Biodiversity Centre	CMMF	CMMF002429		Lamoureux, Yves		CC0_1_0	Université de Montréal Biodiversity Centre	Lamoureux, Yves			2024-01-24T16:38:19.497Z	StillImage	INSTITUTION_MATCH_FUZZY;COLLECTION_MATCH_FUZZY;DIFFERENT_OWNER_INSTITUTION
617550738	21705170-d2b6-42de-8904-c3bca4b83591	CMMF002405	Fungi	Basidiomycota	Agaricomycetes	Agaricales	Pluteaceae	Pluteus	Pluteus cervinus		SPECIES	Pluteus cervinus (Schaeff.) P.Kumm.	Pluteus cervinus (Schaeff.) P. Kumm.	(Schaeff.) P. Kumm.	CA	Mt Orford	Québec	PRESENT		ff7bd5db-b724-4932-b496-10ea298851f9	45.340394	-72.208677	6500.0						1995-07-25	25	7	1995	7446067	7446067	PRESERVED_SPECIMEN	Université de Montréal Biodiversity Centre	CMMF	CMMF002405		Lamoureux, Yves		CC0_1_0	Université de Montréal Biodiversity Centre	Lamoureux, Yves			2024-01-24T16:38:19.491Z	StillImage	INSTITUTION_MATCH_FUZZY;COLLECTION_MATCH_FUZZY;DIFFERENT_OWNER_INSTITUTION
617549345	21705170-d2b6-42de-8904-c3bca4b83591	CMMF000018	Fungi	Basidiomycota	Agaricomycetes	Agaricales	Pluteaceae	Pluteus	Pluteus cervinus		SPECIES	Pluteus cervinus (Schaeff.) P.Kumm.	Pluteus cervinus (Schaeff.) P. Kumm.	(Schaeff.) P. Kumm.	CA	Montréal	Québec	PRESENT		ff7bd5db-b724-4932-b496-10ea298851f9	45.509625	-73.662984	25000.0						1988-07-05	5	7	1988	7446067	7446067	PRESERVED_SPECIMEN	Université de Montréal Biodiversity Centre	CMMF	CMMF000018		Lamoureux, Yves		CC0_1_0	Université de Montréal Biodiversity Centre	Lamoureux, Yves			2024-01-24T16:38:20.333Z	StillImage	INSTITUTION_MATCH_FUZZY;COLLECTION_MATCH_FUZZY;DIFFERENT_OWNER_INSTITUTION
5007305011	50c9509d-22c7-4a22-a47d-8c48425ef4a7	https://www.inaturalist.org/observations/251454463	Fungi	Basidiomycota	Agaricomycetes	Agaricales	Pluteaceae	Pluteus	Pluteus cervinus		SPECIES	Pluteus cervinus (Schaeff.) P.Kumm.	Pluteus cervinus		CA		Québec	PRESENT		28eb1a3f-1c15-4a95-931a-4af90ecb574d	45.8346	-75.087862							2019-06-29T00:00	29	6	2019	7446067	7446067	HUMAN_OBSERVATION	iNaturalist	Observations	251454463		Chantal Gauthier	2024-11-12T16:45:58	CC_BY_NC_4_0	Chantal Gauthier	Chantal Gauthier			2025-01-14T13:45:04.707Z	StillImage	CONTINENT_DERIVED_FROM_COORDINATES;TAXON_MATCH_TAXON_ID_IGNORED
4950508070	50c9509d-22c7-4a22-a47d-8c48425ef4a7	https://www.inaturalist.org/observations/243211701	Fungi	Basidiomycota	Agaricomycetes	Agaricales	Pluteaceae	Pluteus	Pluteus cervinus		SPECIES	Pluteus cervinus (Schaeff.) P.Kumm.	Pluteus cervinus		CA		Ontario	PRESENT		28eb1a3f-1c15-4a95-931a-4af90ecb574d	45.504453	-75.494117	7.0						2024-09-21T09:11:31	21	9	2024	7446067	7446067	HUMAN_OBSERVATION	iNaturalist	Observations	243211701		Sherry Nigro	2024-09-21T23:34:53	CC_BY_NC_4_0	Sherry Nigro	Sherry Nigro			2025-01-14T12:57:44.895Z	StillImage	COORDINATE_ROUNDED;CONTINENT_DERIVED_FROM_COORDINATES;TAXON_MATCH_TAXON_ID_IGNORED
4946145516	50c9509d-22c7-4a22-a47d-8c48425ef4a7	https://www.inaturalist.org/observations/13962133	Fungi	Basidiomycota	Agaricomycetes	Agaricales	Pluteaceae	Pluteus	Pluteus cervinus		SPECIES	Pluteus cervinus (Schaeff.) P.Kumm.	Pluteus cervinus		CA		Ontario	PRESENT		28eb1a3f-1c15-4a95-931a-4af90ecb574d	45.54842	-78.63862	6.0						2018-07-01T18:52:12	1	7	2018	7446067	7446067	HUMAN_OBSERVATION	iNaturalist	Observations	13962133		Peter Simons	2018-07-01T23:13:20	CC0_1_0	Peter Simons	Peter Simons			2025-01-14T13:00:17.581Z		CONTINENT_DERIVED_FROM_COORDINATES;TAXON_MATCH_TAXON_ID_IGNORED
4596776799	50c9509d-22c7-4a22-a47d-8c48425ef4a7	https://www.inaturalist.org/observations/127299632	Fungi	Basidiomycota	Agaricomycetes	Agaricales	Pluteaceae	Pluteus	Pluteus cervinus		SPECIES	Pluteus cervinus (Schaeff.) P.Kumm.	Pluteus cervinus		CA		New Brunswick	PRESENT		28eb1a3f-1c15-4a95-931a-4af90ecb574d	46.762711	-66.491539	10.0						2019-06-27T11:37	27	6	2019	7446067	7446067	HUMAN_OBSERVATION	iNaturalist	Observations	127299632		Alfredo Justo	2022-07-22T00:43:19	CC_BY_NC_4_0	Alfredo Justo	Alfredo Justo			2025-01-14T13:23:29.187Z	StillImage	COORDINATE_ROUNDED;CONTINENT_DERIVED_FROM_COORDINATES;TAXON_MATCH_TAXON_ID_IGNORED
4596768856	50c9509d-22c7-4a22-a47d-8c48425ef4a7	https://www.inaturalist.org/observations/130399976	Fungi	Basidiomycota	Agaricomycetes	Agaricales	Pluteaceae	Pluteus	Pluteus cervinus		SPECIES	Pluteus cervinus (Schaeff.) P.Kumm.	Pluteus cervinus		CA		New Brunswick	PRESENT		28eb1a3f-1c15-4a95-931a-4af90ecb574d	46.811802	-66.57119	4.0						2022-08-10T13:06	10	8	2022	7446067	7446067	HUMAN_OBSERVATION	iNaturalist	Observations	130399976		Alfredo Justo	2023-02-14T16:55:06	CC_BY_NC_4_0	Alfredo Justo	Alfredo Justo			2025-01-14T12:31:44.994Z	StillImage	CONTINENT_DERIVED_FROM_COORDINATES;TAXON_MATCH_TAXON_ID_IGNORED
4596767855	50c9509d-22c7-4a22-a47d-8c48425ef4a7	https://www.inaturalist.org/observations/131884420	Fungi	Basidiomycota	Agaricomycetes	Agaricales	Pluteaceae	Pluteus	Pluteus cervinus		SPECIES	Pluteus cervinus (Schaeff.) P.Kumm.	Pluteus cervinus		CA		New Brunswick	PRESENT		28eb1a3f-1c15-4a95-931a-4af90ecb574d	46.791758	-66.410508	4.0						2022-08-21T11:39	21	8	2022	7446067	7446067	HUMAN_OBSERVATION	iNaturalist	Observations	131884420		Stephen Russell	2023-02-03T06:01:16	CC_BY_NC_4_0	Alfredo Justo	Alfredo Justo			2025-01-14T12:32:59.304Z	StillImage	COORDINATE_ROUNDED;CONTINENT_DERIVED_FROM_COORDINATES;TAXON_MATCH_TAXON_ID_IGNORED
4535877831	50c9509d-22c7-4a22-a47d-8c48425ef4a7	https://www.inaturalist.org/observations/174141633	Fungi	Basidiomycota	Agaricomycetes	Agaricales	Pluteaceae	Pluteus	Pluteus cervinus		SPECIES	Pluteus cervinus (Schaeff.) P.Kumm.	Pluteus cervinus		CA		New Brunswick	PRESENT		28eb1a3f-1c15-4a95-931a-4af90ecb574d	45.623364	-65.05925	19.0						2023-07-20T12:50	20	7	2023	7446067	7446067	HUMAN_OBSERVATION	iNaturalist	Observations	174141633		Alfredo Justo	2023-07-21T18:44:10	CC_BY_NC_4_0	Alfredo Justo	Alfredo Justo			2025-01-14T12:39:46.049Z	StillImage	COORDINATE_ROUNDED;CONTINENT_DERIVED_FROM_COORDINATES;TAXON_MATCH_TAXON_ID_IGNORED
4535850650	50c9509d-22c7-4a22-a47d-8c48425ef4a7	https://www.inaturalist.org/observations/142076516	Fungi	Basidiomycota	Agaricomycetes	Agaricales	Pluteaceae	Pluteus	Pluteus cervinus		SPECIES	Pluteus cervinus (Schaeff.) P.Kumm.	Pluteus cervinus		CA		New Brunswick	PRESENT		28eb1a3f-1c15-4a95-931a-4af90ecb574d	46.80029	-66.56932	500.0						2022-08-15T10:14	15	8	2022	7446067	7446067	HUMAN_OBSERVATION	iNaturalist	Observations	142076516		Stephen Russell	2023-02-03T06:02:03	CC_BY_NC_4_0	Alfredo Justo	Alfredo Justo			2025-01-14T12:32:43.841Z	StillImage	CONTINENT_DERIVED_FROM_COORDINATES;TAXON_MATCH_TAXON_ID_IGNORED
4465383089	50c9509d-22c7-4a22-a47d-8c48425ef4a7	https://www.inaturalist.org/observations/179879163	Fungi	Basidiomycota	Agaricomycetes	Agaricales	Pluteaceae	Pluteus	Pluteus cervinus		SPECIES	Pluteus cervinus (Schaeff.) P.Kumm.	Pluteus cervinus		CA		Ontario	PRESENT		28eb1a3f-1c15-4a95-931a-4af90ecb574d	45.439263	-76.026195	466.0						2023-08-23T10:41	23	8	2023	7446067	7446067	HUMAN_OBSERVATION	iNaturalist	Observations	179879163		Matt Welter	2023-09-16T19:53:50	CC_BY_NC_4_0	amanitamozart	amanitamozart			2025-01-14T13:32:12Z	StillImage	COORDINATE_ROUNDED;CONTINENT_DERIVED_FROM_COORDINATES;TAXON_MATCH_TAXON_ID_IGNORED
4430996650	50c9509d-22c7-4a22-a47d-8c48425ef4a7	https://www.inaturalist.org/observations/187012703	Fungi	Basidiomycota	Agaricomycetes	Agaricales	Pluteaceae	Pluteus	Pluteus cervinus		SPECIES	Pluteus cervinus (Schaeff.) P.Kumm.	Pluteus cervinus		CA		Québec	PRESENT		28eb1a3f-1c15-4a95-931a-4af90ecb574d	45.492688	-74.012435							2023-09-11T10:15:51	11	9	2023	7446067	7446067	HUMAN_OBSERVATION	iNaturalist	Observations	187012703		Chantal Gauthier	2023-10-10T17:10:49	CC_BY_NC_4_0	Chantal Gauthier	Chantal Gauthier			2025-01-14T12:45:55.577Z	StillImage	CONTINENT_DERIVED_FROM_COORDINATES;TAXON_MATCH_TAXON_ID_IGNORED
4407215597	50c9509d-22c7-4a22-a47d-8c48425ef4a7	https://www.inaturalist.org/observations/175440855	Fungi	Basidiomycota	Agaricomycetes	Agaricales	Pluteaceae	Pluteus	Pluteus cervinus		SPECIES	Pluteus cervinus (Schaeff.) P.Kumm.	Pluteus cervinus		CA		Ontario	PRESENT		28eb1a3f-1c15-4a95-931a-4af90ecb574d	45.430797	-76.372253	14.0						2023-07-28T17:56:11	28	7	2023	7446067	7446067	HUMAN_OBSERVATION	iNaturalist	Observations	175440855		David McLagan	2023-08-30T17:10:34	CC_BY_NC_4_0	Cerys_just_Cerys	Cerys_just_Cerys			2025-01-14T12:38:44.187Z	StillImage	COORDINATE_ROUNDED;CONTINENT_DERIVED_FROM_COORDINATES;TAXON_MATCH_TAXON_ID_IGNORED
4400432311	50c9509d-22c7-4a22-a47d-8c48425ef4a7	https://www.inaturalist.org/observations/13966728	Fungi	Basidiomycota	Agaricomycetes	Agaricales	Pluteaceae	Pluteus	Pluteus cervinus		SPECIES	Pluteus cervinus (Schaeff.) P.Kumm.	Pluteus cervinus		CA		Ontario	PRESENT		28eb1a3f-1c15-4a95-931a-4af90ecb574d	45.548772	-78.638612	48.0						2018-07-01T19:59:23	1	7	2018	7446067	7446067	HUMAN_OBSERVATION	iNaturalist	Observations	13966728		Henrique Pacheco	2018-07-02T01:38:37	CC_BY_4_0	Henrique Pacheco	Henrique Pacheco			2025-01-14T12:05:23.900Z	StillImage	COORDINATE_ROUNDED;CONTINENT_DERIVED_FROM_COORDINATES;TAXON_MATCH_TAXON_ID_IGNORED
4152835977	d8cd16ba-bb74-4420-821e-083f2bac17c2	OP689477	Fungi	Basidiomycota	Agaricomycetes	Agaricales	Pluteaceae	Pluteus	Pluteus cervinus		SPECIES	Pluteus cervinus (Schaeff.) P.Kumm.	Pluteus cervinus		CA	Quebec, Frontenac		PRESENT		ada9d123-ddb4-467d-8891-806ea8d94230	45.85	-71.2							2016-07-18	18	7	2016	7446067	7446067	PRESERVED_SPECIMEN			MQ18020				CC_BY_4_0		Guy Fortin			2025-01-18T13:04:59.713Z		GEODETIC_DATUM_ASSUMED_WGS84;CONTINENT_DERIVED_FROM_COORDINATES;TAXON_MATCH_TAXON_CONCEPT_ID_IGNORED;TAXON_MATCH_TAXON_ID_IGNORED
4152835976	d8cd16ba-bb74-4420-821e-083f2bac17c2	OP689466	Fungi	Basidiomycota	Agaricomycetes	Agaricales	Pluteaceae	Pluteus	Pluteus cervinus		SPECIES	Pluteus cervinus (Schaeff.) P.Kumm.	Pluteus cervinus		CA	Quebec, Charlesbourg		PRESENT		ada9d123-ddb4-467d-8891-806ea8d94230	46.9	-71.28							2017-09-17	17	9	2017	7446067	7446067	PRESERVED_SPECIMEN			MQ18045				CC_BY_4_0		Jacqueline Labrecque			2025-01-18T13:06:08.838Z		GEODETIC_DATUM_ASSUMED_WGS84;CONTINENT_DERIVED_FROM_COORDINATES;TAXON_MATCH_TAXON_CONCEPT_ID_IGNORED;TAXON_MATCH_TAXON_ID_IGNORED
4152829099	d8cd16ba-bb74-4420-821e-083f2bac17c2	OP689469	Fungi	Basidiomycota	Agaricomycetes	Agaricales	Pluteaceae	Pluteus	Pluteus cervinus		SPECIES	Pluteus cervinus (Schaeff.) P.Kumm.	Pluteus cervinus		CA	Quebec, Boise Marly		PRESENT		ada9d123-ddb4-467d-8891-806ea8d94230	46.75	-71.33							2015-08-16	16	8	2015	7446067	7446067	PRESERVED_SPECIMEN			MQ18004				CC_BY_4_0		Jacques Landry			2025-01-18T13:05:00.431Z		GEODETIC_DATUM_ASSUMED_WGS84;CONTINENT_DERIVED_FROM_COORDINATES;TAXON_MATCH_TAXON_CONCEPT_ID_IGNORED;TAXON_MATCH_TAXON_ID_IGNORED
4152777058	d8cd16ba-bb74-4420-821e-083f2bac17c2	OP689446	Fungi	Basidiomycota	Agaricomycetes	Agaricales	Pluteaceae	Pluteus	Pluteus cervinus		SPECIES	Pluteus cervinus (Schaeff.) P.Kumm.	Pluteus cervinus		CA	Quebec, Boise Jacques-Cartier		PRESENT		ada9d123-ddb4-467d-8891-806ea8d94230	46.75	-71.31							2016-06-26	26	6	2016	7446067	7446067	PRESERVED_SPECIMEN			MQ18014		Guy Fortin		CC_BY_4_0		Guy Fortin			2025-01-18T13:05:01.089Z		GEODETIC_DATUM_ASSUMED_WGS84;CONTINENT_DERIVED_FROM_COORDINATES;TAXON_MATCH_TAXON_CONCEPT_ID_IGNORED;TAXON_MATCH_TAXON_ID_IGNORED
4152765324	d8cd16ba-bb74-4420-821e-083f2bac17c2	OP689484	Fungi	Basidiomycota	Agaricomycetes	Agaricales	Pluteaceae	Pluteus	Pluteus cervinus		SPECIES	Pluteus cervinus (Schaeff.) P.Kumm.	Pluteus cervinus		CA	Quebec, Boise Marly		PRESENT		ada9d123-ddb4-467d-8891-806ea8d94230	46.75	-71.33							2017-08-21	21	8	2017	7446067	7446067	PRESERVED_SPECIMEN			MQ18039				CC_BY_4_0		Jacques Landry			2025-01-18T13:06:07.903Z		GEODETIC_DATUM_ASSUMED_WGS84;CONTINENT_DERIVED_FROM_COORDINATES;TAXON_MATCH_TAXON_CONCEPT_ID_IGNORED;TAXON_MATCH_TAXON_ID_IGNORED
4152758841	d8cd16ba-bb74-4420-821e-083f2bac17c2	OP689476	Fungi	Basidiomycota	Agaricomycetes	Agaricales	Pluteaceae	Pluteus	Pluteus cervinus		SPECIES	Pluteus cervinus (Schaeff.) P.Kumm.	Pluteus cervinus		CA	Quebec, Charlesbourg		PRESENT		ada9d123-ddb4-467d-8891-806ea8d94230	46.9	-71.26							2017-06-06	6	6	2017	7446067	7446067	PRESERVED_SPECIMEN			MQ18041				CC_BY_4_0		Jacqueline Labrecque			2025-01-18T13:05:00.144Z		GEODETIC_DATUM_ASSUMED_WGS84;CONTINENT_DERIVED_FROM_COORDINATES;TAXON_MATCH_TAXON_CONCEPT_ID_IGNORED;TAXON_MATCH_TAXON_ID_IGNORED
4152758840	d8cd16ba-bb74-4420-821e-083f2bac17c2	OP689465	Fungi	Basidiomycota	Agaricomycetes	Agaricales	Pluteaceae	Pluteus	Pluteus cervinus		SPECIES	Pluteus cervinus (Schaeff.) P.Kumm.	Pluteus cervinus		CA	Quebec, Frontenac		PRESENT		ada9d123-ddb4-467d-8891-806ea8d94230	45.85	-71.18							2016-07-15	15	7	2016	7446067	7446067	PRESERVED_SPECIMEN			MQ18019				CC_BY_4_0		Guy Fortin			2025-01-18T13:05:01.057Z		GEODETIC_DATUM_ASSUMED_WGS84;CONTINENT_DERIVED_FROM_COORDINATES;TAXON_MATCH_TAXON_CONCEPT_ID_IGNORED;TAXON_MATCH_TAXON_ID_IGNORED
4152758084	d8cd16ba-bb74-4420-821e-083f2bac17c2	OP689456	Fungi	Basidiomycota	Agaricomycetes	Agaricales	Pluteaceae	Pluteus	Pluteus cervinus		SPECIES	Pluteus cervinus (Schaeff.) P.Kumm.	Pluteus cervinus		CA	Quebec, Duchesnay		PRESENT		ada9d123-ddb4-467d-8891-806ea8d94230	46.87	-71.64							2015-09-26	26	9	2015	7446067	7446067	PRESERVED_SPECIMEN			MQ18006				CC_BY_4_0		Jacques Landry			2025-01-18T13:06:09.010Z		GEODETIC_DATUM_ASSUMED_WGS84;CONTINENT_DERIVED_FROM_COORDINATES;TAXON_MATCH_TAXON_CONCEPT_ID_IGNORED;TAXON_MATCH_TAXON_ID_IGNORED
4152747389	d8cd16ba-bb74-4420-821e-083f2bac17c2	OP689480	Fungi	Basidiomycota	Agaricomycetes	Agaricales	Pluteaceae	Pluteus	Pluteus cervinus		SPECIES	Pluteus cervinus (Schaeff.) P.Kumm.	Pluteus cervinus		CA	Quebec, Charlesbourg		PRESENT		ada9d123-ddb4-467d-8891-806ea8d94230	46.9	-71.26							2016-06-07	7	6	2016	7446067	7446067	PRESERVED_SPECIMEN			MQ18017				CC_BY_4_0		Jacqueline Labrecque			2025-01-18T13:04:59.721Z		GEODETIC_DATUM_ASSUMED_WGS84;CONTINENT_DERIVED_FROM_COORDINATES;TAXON_MATCH_TAXON_CONCEPT_ID_IGNORED;TAXON_MATCH_TAXON_ID_IGNORED
4152739810	d8cd16ba-bb74-4420-821e-083f2bac17c2	OP689471	Fungi	Basidiomycota	Agaricomycetes	Agaricales	Pluteaceae	Pluteus	Pluteus cervinus		SPECIES	Pluteus cervinus (Schaeff.) P.Kumm.	Pluteus cervinus		CA	Quebec, Charlesbourg		PRESENT		ada9d123-ddb4-467d-8891-806ea8d94230	46.9	-71.28							2017-09-17	17	9	2017	7446067	7446067	PRESERVED_SPECIMEN			MQ18044				CC_BY_4_0		Jacqueline Labrecque			2025-01-18T13:06:09.092Z		GEODETIC_DATUM_ASSUMED_WGS84;CONTINENT_DERIVED_FROM_COORDINATES;TAXON_MATCH_TAXON_CONCEPT_ID_IGNORED;TAXON_MATCH_TAXON_ID_IGNORED
4152739060	d8cd16ba-bb74-4420-821e-083f2bac17c2	OP689461	Fungi	Basidiomycota	Agaricomycetes	Agaricales	Pluteaceae	Pluteus	Pluteus cervinus		SPECIES	Pluteus cervinus (Schaeff.) P.Kumm.	Pluteus cervinus		CA	Quebec, Charlesbourg		PRESENT		ada9d123-ddb4-467d-8891-806ea8d94230	46.9	-71.28							2017-08-31	31	8	2017	7446067	7446067	PRESERVED_SPECIMEN			MQ18043		Guy Fortin		CC_BY_4_0		Jacqueline Labrecque			2025-01-18T13:05:57.961Z		GEODETIC_DATUM_ASSUMED_WGS84;CONTINENT_DERIVED_FROM_COORDINATES;TAXON_MATCH_TAXON_CONCEPT_ID_IGNORED;TAXON_MATCH_TAXON_ID_IGNORED
4152739059	d8cd16ba-bb74-4420-821e-083f2bac17c2	OP689450	Fungi	Basidiomycota	Agaricomycetes	Agaricales	Pluteaceae	Pluteus	Pluteus cervinus		SPECIES	Pluteus cervinus (Schaeff.) P.Kumm.	Pluteus cervinus		CA	Quebec, Grondine		PRESENT		ada9d123-ddb4-467d-8891-806ea8d94230	46.65	-72.16							2017-08-14	14	8	2017	7446067	7446067	PRESERVED_SPECIMEN			MQ18037		Guy Fortin		CC_BY_4_0		Andre Paul			2025-01-18T13:05:01.242Z		GEODETIC_DATUM_ASSUMED_WGS84;CONTINENT_DERIVED_FROM_COORDINATES;TAXON_MATCH_TAXON_CONCEPT_ID_IGNORED;TAXON_MATCH_TAXON_ID_IGNORED
4152725676	d8cd16ba-bb74-4420-821e-083f2bac17c2	OP689481	Fungi	Basidiomycota	Agaricomycetes	Agaricales	Pluteaceae	Pluteus	Pluteus cervinus		SPECIES	Pluteus cervinus (Schaeff.) P.Kumm.	Pluteus cervinus		CA	Quebec, Parc Les Ecarts		PRESENT		ada9d123-ddb4-467d-8891-806ea8d94230	46.75	-71.2							2015-10-12	12	10	2015	7446067	7446067	PRESERVED_SPECIMEN			MQ18012		Guy Fortin		CC_BY_4_0		Andree Begin			2025-01-18T13:05:01.346Z		GEODETIC_DATUM_ASSUMED_WGS84;CONTINENT_DERIVED_FROM_COORDINATES;TAXON_MATCH_TAXON_CONCEPT_ID_IGNORED;TAXON_MATCH_TAXON_ID_IGNORED
4152725675	d8cd16ba-bb74-4420-821e-083f2bac17c2	OP689470	Fungi	Basidiomycota	Agaricomycetes	Agaricales	Pluteaceae	Pluteus	Pluteus cervinus		SPECIES	Pluteus cervinus (Schaeff.) P.Kumm.	Pluteus cervinus		CA	Quebec, Boise Marly		PRESENT		ada9d123-ddb4-467d-8891-806ea8d94230	46.75	-71.33							2017-08-21	21	8	2017	7446067	7446067	PRESERVED_SPECIMEN			MQ18040				CC_BY_4_0		Jacques Landry			2025-01-18T13:05:00.984Z		GEODETIC_DATUM_ASSUMED_WGS84;CONTINENT_DERIVED_FROM_COORDINATES;TAXON_MATCH_TAXON_CONCEPT_ID_IGNORED;TAXON_MATCH_TAXON_ID_IGNORED
4145187816	50c9509d-22c7-4a22-a47d-8c48425ef4a7	https://www.inaturalist.org/observations/169595751	Fungi	Basidiomycota	Agaricomycetes	Agaricales	Pluteaceae	Pluteus	Pluteus cervinus		SPECIES	Pluteus cervinus (Schaeff.) P.Kumm.	Pluteus cervinus		CA		Québec	PRESENT		28eb1a3f-1c15-4a95-931a-4af90ecb574d	46.175759	-74.589657	9661.0						2023-06-24T11:56:27	24	6	2023	7446067	7446067	HUMAN_OBSERVATION	iNaturalist	Observations	169595751		Gaby Beland	2023-06-26T19:00:34	CC_BY_NC_4_0	Maria Bastas	Maria Bastas			2025-01-14T12:36:25.822Z	StillImage	COORDINATE_ROUNDED;CONTINENT_DERIVED_FROM_COORDINATES;TAXON_MATCH_TAXON_ID_IGNORED
4138636115	50c9509d-22c7-4a22-a47d-8c48425ef4a7	https://www.inaturalist.org/observations/169445309	Fungi	Basidiomycota	Agaricomycetes	Agaricales	Pluteaceae	Pluteus	Pluteus cervinus		SPECIES	Pluteus cervinus (Schaeff.) P.Kumm.	Pluteus cervinus		CA		Québec	PRESENT		28eb1a3f-1c15-4a95-931a-4af90ecb574d	45.530995	-75.931062	4.0						2023-06-23T11:24:56	23	6	2023	7446067	7446067	HUMAN_OBSERVATION	iNaturalist	Observations	169445309		Alexandria	2023-06-25T19:28:31	CC_BY_NC_4_0	Alexandria	Alexandria			2025-01-14T13:30:52.550Z	StillImage	COORDINATE_ROUNDED;CONTINENT_DERIVED_FROM_COORDINATES;TAXON_MATCH_TAXON_ID_IGNORED
4138390383	50c9509d-22c7-4a22-a47d-8c48425ef4a7	https://www.inaturalist.org/observations/168921147	Fungi	Basidiomycota	Agaricomycetes	Agaricales	Pluteaceae	Pluteus	Pluteus cervinus		SPECIES	Pluteus cervinus (Schaeff.) P.Kumm.	Pluteus cervinus		CA		Québec	PRESENT		28eb1a3f-1c15-4a95-931a-4af90ecb574d	45.443664	-73.597583							2023-06-22T16:04:56	22	6	2023	7446067	7446067	HUMAN_OBSERVATION	iNaturalist	Observations	168921147		mushroomdaddy96	2023-06-23T00:40:26	CC_BY_NC_4_0	mushroomdaddy96	mushroomdaddy96			2025-01-14T12:38:18.401Z	StillImage	COORDINATE_ROUNDED;CONTINENT_DERIVED_FROM_COORDINATES;TAXON_MATCH_TAXON_ID_IGNORED
4099694879	d1a3b128-b406-46bb-a6d1-f3591dcc8a7b	49e0dd81-e9ec-4872-98d6-d899909bccb9	Fungi	Basidiomycota	Agaricomycetes	Agaricales	Pluteaceae	Pluteus	Pluteus cervinus		SPECIES	Pluteus cervinus (Schaeff.) P.Kumm.	Pluteus cervinus	(Schaeff.) P. Kumm.	CA	Ottawa	Ontario	PRESENT		e43cf4b8-849e-4fac-b075-e652d019d2cf	45.416667	-75.7	52150.0						1938-07-09	9	7	1938	7446067	7446067	PRESERVED_SPECIMEN	BPI		BPI 770812		Conners, I. L.		CC0_1_0		Conners, I. L.			2025-01-15T04:59:42.096Z		GEODETIC_DATUM_ASSUMED_WGS84;CONTINENT_DERIVED_FROM_COORDINATES;TAXON_MATCH_TAXON_ID_IGNORED;INSTITUTION_MATCH_FUZZY
4046409586	50c9509d-22c7-4a22-a47d-8c48425ef4a7	https://www.inaturalist.org/observations/140315483	Fungi	Basidiomycota	Agaricomycetes	Agaricales	Pluteaceae	Pluteus	Pluteus cervinus		SPECIES	Pluteus cervinus (Schaeff.) P.Kumm.	Pluteus cervinus		CA		New Brunswick	PRESENT		28eb1a3f-1c15-4a95-931a-4af90ecb574d	45.955783	-66.669031	100.0						2022-10-27T11:11	27	10	2022	7446067	7446067	HUMAN_OBSERVATION	iNaturalist	Observations	140315483		Stephen Russell	2023-02-18T21:07:41	CC_BY_NC_4_0	Alfredo Justo	Alfredo Justo			2025-01-14T13:26:20.038Z	StillImage	COORDINATE_ROUNDED;CONTINENT_DERIVED_FROM_COORDINATES;TAXON_MATCH_TAXON_ID_IGNORED
3925166644	50c9509d-22c7-4a22-a47d-8c48425ef4a7	https://www.inaturalist.org/observations/135195389	Fungi	Basidiomycota	Agaricomycetes	Agaricales	Pluteaceae	Pluteus	Pluteus cervinus		SPECIES	Pluteus cervinus (Schaeff.) P.Kumm.	Pluteus cervinus		CA		Ontario	PRESENT		28eb1a3f-1c15-4a95-931a-4af90ecb574d	45.388333	-79.203056							2022-09-06T10:37:18	6	9	2022	7446067	7446067	HUMAN_OBSERVATION	iNaturalist	Observations	135195389		Агеев Валентин	2022-10-08T20:05:43	CC_BY_NC_4_0	Nikolett Tóth	Nikolett Tóth			2025-01-14T12:32:32.835Z	StillImage	COORDINATE_ROUNDED;CONTINENT_DERIVED_FROM_COORDINATES;TAXON_MATCH_TAXON_ID_IGNORED
3912250880	50c9509d-22c7-4a22-a47d-8c48425ef4a7	https://www.inaturalist.org/observations/135271997	Fungi	Basidiomycota	Agaricomycetes	Agaricales	Pluteaceae	Pluteus	Pluteus cervinus		SPECIES	Pluteus cervinus (Schaeff.) P.Kumm.	Pluteus cervinus		CA		New Brunswick	PRESENT		28eb1a3f-1c15-4a95-931a-4af90ecb574d	47.620967	-65.680409							2022-09-16T13:24:04	16	9	2022	7446067	7446067	HUMAN_OBSERVATION	iNaturalist	Observations	135271997		Lisa Martin	2022-09-17T00:34:25	CC_BY_NC_4_0	Priscilla	Priscilla			2025-01-14T13:25:29.224Z	StillImage	COORDINATE_ROUNDED;CONTINENT_DERIVED_FROM_COORDINATES;TAXON_MATCH_TAXON_ID_IGNORED
3818205645	d8cd16ba-bb74-4420-821e-083f2bac17c2	JN021073	Fungi	Basidiomycota	Agaricomycetes	Agaricales	Pluteaceae	Pluteus	Pluteus cervinus		SPECIES	Pluteus cervinus (Schaeff.) P.Kumm.	Pluteus cervinus		CA	Ontario, Wildlife Research Station, Algonquin Provincial Park		PRESENT		ada9d123-ddb4-467d-8891-806ea8d94230	45.6	-78.52							2007-10-02	2	10	2007	7446067	7446067	PRESERVED_SPECIMEN			TRTC156922		Bryn T. M. Dentinger		CC_BY_4_0		Bryn Dentinger, Maryna Didukh			2025-01-18T13:03:55.915Z		GEODETIC_DATUM_ASSUMED_WGS84;CONTINENT_DERIVED_FROM_COORDINATES;TAXON_MATCH_TAXON_CONCEPT_ID_IGNORED;TAXON_MATCH_TAXON_ID_IGNORED
3391680825	50c9509d-22c7-4a22-a47d-8c48425ef4a7	https://www.inaturalist.org/observations/97692298	Fungi	Basidiomycota	Agaricomycetes	Agaricales	Pluteaceae	Pluteus	Pluteus cervinus		SPECIES	Pluteus cervinus (Schaeff.) P.Kumm.	Pluteus cervinus		CA		Ontario	PRESENT		28eb1a3f-1c15-4a95-931a-4af90ecb574d	45.333428	-76.374712	4.0						2021-10-09T09:46:40	9	10	2021	7446067	7446067	HUMAN_OBSERVATION	iNaturalist	Observations	97692298		jonathan_mack	2021-10-10T00:30:23	CC_BY_NC_4_0	Derek Dunnett	Derek Dunnett			2025-01-14T13:25:10.002Z	StillImage	COORDINATE_ROUNDED;CONTINENT_DERIVED_FROM_COORDINATES;TAXON_MATCH_TAXON_ID_IGNORED
3391329535	50c9509d-22c7-4a22-a47d-8c48425ef4a7	https://www.inaturalist.org/observations/95165594	Fungi	Basidiomycota	Agaricomycetes	Agaricales	Pluteaceae	Pluteus	Pluteus cervinus		SPECIES	Pluteus cervinus (Schaeff.) P.Kumm.	Pluteus cervinus		CA		Québec	PRESENT		28eb1a3f-1c15-4a95-931a-4af90ecb574d	45.544687	-73.471642	4.0						2021-09-17T13:24:08	17	9	2021	7446067	7446067	HUMAN_OBSERVATION	iNaturalist	Observations	95165594		alexandraenache	2021-10-14T12:33:12	CC_BY_NC_4_0	nickcham	nickcham			2025-01-14T12:22:32.708Z	StillImage	COORDINATE_ROUNDED;CONTINENT_DERIVED_FROM_COORDINATES;TAXON_MATCH_TAXON_ID_IGNORED
3350138791	d8cd16ba-bb74-4420-821e-083f2bac17c2	JN029486	Fungi	Basidiomycota	Agaricomycetes	Agaricales	Pluteaceae	Pluteus	Pluteus cervinus		SPECIES	Pluteus cervinus (Schaeff.) P.Kumm.	Pluteus cervinus		CA	Ontario, Wildlife Research Station, Algonquin Provincial Park		PRESENT		ada9d123-ddb4-467d-8891-806ea8d94230	45.59	-78.52							2007-10-03	3	10	2007	7446067	7446067	PRESERVED_SPECIMEN			TRTC156990		Bryn T. M. Dentinger		CC_BY_4_0		Bryn Dentinger, Maryna Didukh			2025-01-18T13:03:52.496Z		GEODETIC_DATUM_ASSUMED_WGS84;CONTINENT_DERIVED_FROM_COORDINATES;TAXON_MATCH_TAXON_CONCEPT_ID_IGNORED;TAXON_MATCH_TAXON_ID_IGNORED
3350076907	d8cd16ba-bb74-4420-821e-083f2bac17c2	JN029484	Fungi	Basidiomycota	Agaricomycetes	Agaricales	Pluteaceae	Pluteus	Pluteus cervinus		SPECIES	Pluteus cervinus (Schaeff.) P.Kumm.	Pluteus cervinus		CA	Ontario, Wildlife Research Station, Algonquin Provincial Park		PRESENT		ada9d123-ddb4-467d-8891-806ea8d94230	45.6	-78.52							2007-09-29	29	9	2007	7446067	7446067	PRESERVED_SPECIMEN			TRTC156866		Bryn T. M. Dentinger		CC_BY_4_0		Bryn Dentinger, Maryna Didukh			2025-01-18T13:03:52.529Z		GEODETIC_DATUM_ASSUMED_WGS84;CONTINENT_DERIVED_FROM_COORDINATES;TAXON_MATCH_TAXON_CONCEPT_ID_IGNORED;TAXON_MATCH_TAXON_ID_IGNORED
2864626891	50c9509d-22c7-4a22-a47d-8c48425ef4a7	https://www.inaturalist.org/observations/59327063	Fungi	Basidiomycota	Agaricomycetes	Agaricales	Pluteaceae	Pluteus	Pluteus cervinus		SPECIES	Pluteus cervinus (Schaeff.) P.Kumm.	Pluteus cervinus		CA		Ontario	PRESENT		28eb1a3f-1c15-4a95-931a-4af90ecb574d	45.200323	-77.924509	22.0						2020-09-12T11:26:11	12	9	2020	7446067	7446067	HUMAN_OBSERVATION	iNaturalist	Observations	59327063		Alison Lake	2020-09-12T15:39:46	CC_BY_NC_4_0	Alison Lake	Alison Lake			2025-01-14T12:14:45.817Z	StillImage	COORDINATE_ROUNDED;CONTINENT_DERIVED_FROM_COORDINATES;TAXON_MATCH_TAXON_ID_IGNORED
2823122351	50c9509d-22c7-4a22-a47d-8c48425ef4a7	https://www.inaturalist.org/observations/30986249	Fungi	Basidiomycota	Agaricomycetes	Agaricales	Pluteaceae	Pluteus	Pluteus cervinus		SPECIES	Pluteus cervinus (Schaeff.) P.Kumm.	Pluteus cervinus		CA		Québec	PRESENT		28eb1a3f-1c15-4a95-931a-4af90ecb574d	45.491408	-73.608337	30.0						2019-08-17T08:19:40	17	8	2019	7446067	7446067	HUMAN_OBSERVATION	iNaturalist	Observations	30986249		Mical	2019-08-17T13:27:58	CC_BY_4_0	Mical	Mical			2025-01-14T13:03:12.400Z	StillImage	COORDINATE_ROUNDED;CONTINENT_DERIVED_FROM_COORDINATES;TAXON_MATCH_TAXON_ID_IGNORED
2423615172	21705170-d2b6-42de-8904-c3bca4b83591	CMMF020526	Fungi	Basidiomycota	Agaricomycetes	Agaricales	Pluteaceae	Pluteus	Pluteus cervinus		SPECIES	Pluteus cervinus (Schaeff.) P.Kumm.	Pluteus cervinus (Schaeff.) P. Kumm.	(Schaeff.) P. Kumm.	CA	Arboretum Morgan	Quebec	PRESENT		ff7bd5db-b724-4932-b496-10ea298851f9	45.42991	-73.94876	750.0						1980-07-07	7	7	1980	7446067	7446067	PRESERVED_SPECIMEN	Université de Montréal Biodiversity Centre	CMMF	CMMF020526	1980-60b	McNeil, Raymond		CC0_1_0	Université de Montréal Biodiversity Centre	Haméon, G.			2024-01-24T16:38:15.996Z		INSTITUTION_MATCH_FUZZY;COLLECTION_MATCH_FUZZY;DIFFERENT_OWNER_INSTITUTION
2423614279	21705170-d2b6-42de-8904-c3bca4b83591	CMMF020657	Fungi	Basidiomycota	Agaricomycetes	Agaricales	Pluteaceae	Pluteus	Pluteus cervinus		SPECIES	Pluteus cervinus (Schaeff.) P.Kumm.	Pluteus cervinus (Schaeff.) P. Kumm.	(Schaeff.) P. Kumm.	CA	Parc Les Ecarts		PRESENT		ff7bd5db-b724-4932-b496-10ea298851f9	46.750528	-71.203028							2017-08-14	14	8	2017	7446067	7446067	PRESERVED_SPECIMEN	Université de Montréal Biodiversity Centre	CMMF	CMMF020657				CC0_1_0	Université de Montréal Biodiversity Centre	Bégin, Andrée			2024-01-24T16:38:16.060Z		COORDINATE_ROUNDED;GEODETIC_DATUM_INVALID;GEODETIC_DATUM_ASSUMED_WGS84;COUNTRY_DERIVED_FROM_COORDINATES;CONTINENT_DERIVED_FROM_COORDINATES;INSTITUTION_MATCH_FUZZY;COLLECTION_MATCH_FUZZY;DIFFERENT_OWNER_INSTITUTION
2423613842	21705170-d2b6-42de-8904-c3bca4b83591	CMMF020639	Fungi	Basidiomycota	Agaricomycetes	Agaricales	Pluteaceae	Pluteus	Pluteus cervinus		SPECIES	Pluteus cervinus (Schaeff.) P.Kumm.	Pluteus cervinus (Schaeff.) P. Kumm.	(Schaeff.) P. Kumm.	CA	Boisé Jacques-Cartier	Québec	PRESENT		ff7bd5db-b724-4932-b496-10ea298851f9	46.751694	-71.306306							2016-06-26	26	6	2016	7446067	7446067	PRESERVED_SPECIMEN	Université de Montréal Biodiversity Centre	CMMF	CMMF020639				CC0_1_0	Université de Montréal Biodiversity Centre	Fortin, Guy			2024-01-24T16:38:16.046Z		COORDINATE_ROUNDED;GEODETIC_DATUM_INVALID;GEODETIC_DATUM_ASSUMED_WGS84;COUNTRY_DERIVED_FROM_COORDINATES;CONTINENT_DERIVED_FROM_COORDINATES;INSTITUTION_MATCH_FUZZY;COLLECTION_MATCH_FUZZY;DIFFERENT_OWNER_INSTITUTION
2423613080	21705170-d2b6-42de-8904-c3bca4b83591	CMMF020635	Fungi	Basidiomycota	Agaricomycetes	Agaricales	Pluteaceae	Pluteus	Pluteus cervinus		SPECIES	Pluteus cervinus (Schaeff.) P.Kumm.	Pluteus cervinus (Schaeff.) P. Kumm.	(Schaeff.) P. Kumm.	CA	Yamaska	Québec	PRESENT		ff7bd5db-b724-4932-b496-10ea298851f9	45.424889	-72.629694							2015-10-02	2	10	2015	7446067	7446067	PRESERVED_SPECIMEN	Université de Montréal Biodiversity Centre	CMMF	CMMF020635				CC0_1_0	Université de Montréal Biodiversity Centre	Fortin, Guy			2024-01-24T16:38:16.046Z		COORDINATE_ROUNDED;GEODETIC_DATUM_INVALID;GEODETIC_DATUM_ASSUMED_WGS84;COUNTRY_DERIVED_FROM_COORDINATES;CONTINENT_DERIVED_FROM_COORDINATES;INSTITUTION_MATCH_FUZZY;COLLECTION_MATCH_FUZZY;DIFFERENT_OWNER_INSTITUTION
2423613021	21705170-d2b6-42de-8904-c3bca4b83591	CMMF020656	Fungi	Basidiomycota	Agaricomycetes	Agaricales	Pluteaceae	Pluteus	Pluteus cervinus		SPECIES	Pluteus cervinus (Schaeff.) P.Kumm.	Pluteus cervinus (Schaeff.) P. Kumm.	(Schaeff.) P. Kumm.	CA	Grondine		PRESENT		ff7bd5db-b724-4932-b496-10ea298851f9	46.653556	-72.158778							2017-08-14	14	8	2017	7446067	7446067	PRESERVED_SPECIMEN	Université de Montréal Biodiversity Centre	CMMF	CMMF020656				CC0_1_0	Université de Montréal Biodiversity Centre	Paul, André			2024-01-24T16:38:16.060Z		COORDINATE_ROUNDED;GEODETIC_DATUM_INVALID;GEODETIC_DATUM_ASSUMED_WGS84;COUNTRY_DERIVED_FROM_COORDINATES;CONTINENT_DERIVED_FROM_COORDINATES;INSTITUTION_MATCH_FUZZY;COLLECTION_MATCH_FUZZY;DIFFERENT_OWNER_INSTITUTION
2423612945	21705170-d2b6-42de-8904-c3bca4b83591	CMMF020652	Fungi	Basidiomycota	Agaricomycetes	Agaricales	Pluteaceae	Pluteus	Pluteus cervinus		SPECIES	Pluteus cervinus (Schaeff.) P.Kumm.	Pluteus cervinus (Schaeff.) P. Kumm.	(Schaeff.) P. Kumm.	CA	Yamaska		PRESENT		ff7bd5db-b724-4932-b496-10ea298851f9	45.420083	-72.625389							2016-09-28	28	9	2016	7446067	7446067	PRESERVED_SPECIMEN	Université de Montréal Biodiversity Centre	CMMF	CMMF020652				CC0_1_0	Université de Montréal Biodiversity Centre	Fortin, Guy			2024-01-24T16:38:16.060Z		COORDINATE_ROUNDED;GEODETIC_DATUM_INVALID;GEODETIC_DATUM_ASSUMED_WGS84;COUNTRY_DERIVED_FROM_COORDINATES;CONTINENT_DERIVED_FROM_COORDINATES;INSTITUTION_MATCH_FUZZY;COLLECTION_MATCH_FUZZY;DIFFERENT_OWNER_INSTITUTION
2423612088	21705170-d2b6-42de-8904-c3bca4b83591	CMMF018689	Fungi	Basidiomycota	Agaricomycetes	Agaricales	Pluteaceae	Pluteus	Pluteus cervinus		SPECIES	Pluteus cervinus (Schaeff.) P.Kumm.	Pluteus cervinus (Schaeff.) P. Kumm.	(Schaeff.) P. Kumm.	CA	Entrée du sentier du lac Geai.	Québec	PRESENT		ff7bd5db-b724-4932-b496-10ea298851f9	45.989236	-74.003525	150.0						1985-06-20	20	6	1985	7446067	7446067	PRESERVED_SPECIMEN	Université de Montréal Biodiversity Centre	CMMF	CMMF018689	s.n.	Nantel, Patrick		CC0_1_0	Université de Montréal Biodiversity Centre	Nantel, Patrick			2024-01-24T16:38:18.510Z		INSTITUTION_MATCH_FUZZY;COLLECTION_MATCH_FUZZY;DIFFERENT_OWNER_INSTITUTION
2423611891	21705170-d2b6-42de-8904-c3bca4b83591	CMMF019560	Fungi	Basidiomycota	Agaricomycetes	Agaricales	Pluteaceae	Pluteus	Pluteus cervinus		SPECIES	Pluteus cervinus (Schaeff.) P.Kumm.	Pluteus cervinus (Schaeff.) P. Kumm.	(Schaeff.) P. Kumm.	CA	Station de biologie des Laurentides, Université de Montréal, quadrat 1.	Québec	PRESENT		ff7bd5db-b724-4932-b496-10ea298851f9	45.983387	-74.016094	100.0		371.0				1986-06-17	17	6	1986	7446067	7446067	PRESERVED_SPECIMEN	Université de Montréal Biodiversity Centre	CMMF	CMMF019560	Q1.1706.4	Nantel, Patrick		CC0_1_0	Université de Montréal Biodiversity Centre	Nantel, Patrick; Marois, Nathalie			2024-01-24T16:38:16Z		INSTITUTION_MATCH_FUZZY;COLLECTION_MATCH_FUZZY;DIFFERENT_OWNER_INSTITUTION
2423611474	21705170-d2b6-42de-8904-c3bca4b83591	CMMF020577	Fungi	Basidiomycota	Agaricomycetes	Agaricales	Pluteaceae	Pluteus	Pluteus cervinus		SPECIES	Pluteus cervinus (Schaeff.) P.Kumm.	Pluteus cervinus (Schaeff.) P. Kumm.	(Schaeff.) P. Kumm.	CA	Pointe du Buisson	Quebec	PRESENT		ff7bd5db-b724-4932-b496-10ea298851f9	45.317721	-73.965583	100.0						1981-06-15	15	6	1981	7446067	7446067	PRESERVED_SPECIMEN	Université de Montréal Biodiversity Centre	CMMF	CMMF020577	s.n.	McNeil, Raymond		CC0_1_0	Université de Montréal Biodiversity Centre	McNeil, Raymond			2024-01-24T16:38:16.007Z		INSTITUTION_MATCH_FUZZY;COLLECTION_MATCH_FUZZY;DIFFERENT_OWNER_INSTITUTION
2350416098	50c9509d-22c7-4a22-a47d-8c48425ef4a7	https://www.inaturalist.org/observations/30770403	Fungi	Basidiomycota	Agaricomycetes	Agaricales	Pluteaceae	Pluteus	Pluteus cervinus		SPECIES	Pluteus cervinus (Schaeff.) P.Kumm.	Pluteus cervinus		CA		New Brunswick	PRESENT		28eb1a3f-1c15-4a95-931a-4af90ecb574d	45.291728	-66.058097	10.0						2019-08-13T11:01	13	8	2019	7446067	7446067	HUMAN_OBSERVATION	iNaturalist	Observations	30770403		Alfredo Justo	2019-08-13T20:06:04	CC_BY_NC_4_0	Alfredo Justo	Alfredo Justo			2025-01-14T13:09:22.373Z	StillImage	COORDINATE_ROUNDED;CONTINENT_DERIVED_FROM_COORDINATES;TAXON_MATCH_TAXON_ID_IGNORED
2283098339	50c9509d-22c7-4a22-a47d-8c48425ef4a7	https://www.inaturalist.org/observations/27975267	Fungi	Basidiomycota	Agaricomycetes	Agaricales	Pluteaceae	Pluteus	Pluteus cervinus		SPECIES	Pluteus cervinus (Schaeff.) P.Kumm.	Pluteus cervinus		CA		Ontario	PRESENT		28eb1a3f-1c15-4a95-931a-4af90ecb574d	45.44651	-75.183615	15.0						2019-06-30T15:52	30	6	2019	7446067	7446067	HUMAN_OBSERVATION	iNaturalist	Observations	27975267		jonathan_mack	2019-07-01T02:23:54	CC_BY_NC_4_0	jonathan_mack	jonathan_mack			2025-01-14T12:07:59.698Z	StillImage	COORDINATE_ROUNDED;CONTINENT_DERIVED_FROM_COORDINATES;TAXON_MATCH_TAXON_ID_IGNORED
1990646510	50c9509d-22c7-4a22-a47d-8c48425ef4a7	https://www.inaturalist.org/observations/8850996	Fungi	Basidiomycota	Agaricomycetes	Agaricales	Pluteaceae	Pluteus	Pluteus cervinus		SPECIES	Pluteus cervinus (Schaeff.) P.Kumm.	Pluteus cervinus		CA		Ontario	PRESENT		28eb1a3f-1c15-4a95-931a-4af90ecb574d	45.549857	-78.640686							2003-08-13T19:31	13	8	2003	7446067	7446067	HUMAN_OBSERVATION	iNaturalist	Observations	8850996		Jason J. Dombroskie	2017-11-18T19:48:55	CC_BY_NC_4_0	Jason J. Dombroskie	Jason J. Dombroskie			2025-01-14T12:04:09.800Z	StillImage	COORDINATE_ROUNDED;CONTINENT_DERIVED_FROM_COORDINATES;TAXON_MATCH_TAXON_ID_IGNORED
1990301806	032f1fbe-d21f-407d-be46-5cd1bb1ea397	e4851d3b-bef6-4c45-a8ae-80b08c2d0ac7	Fungi	Basidiomycota	Agaricomycetes	Agaricales	Pluteaceae	Pluteus	Pluteus cervinus		SPECIES	Pluteus cervinus (Schaeff.) P.Kumm.	Pluteus cervinus	(Schaeff.) P. Kumm.	CA	Kentville, Kentville Research Station, Ravine	Nova Scotia	PRESENT		61c539d8-47e0-4b82-875f-b95aad66dcd4	45.065278	-64.484722							1965-07-21	21	7	1965	7446067	7446067	PRESERVED_SPECIMEN	TENN-F		TENN-F-028625	RHP28625			CC0_1_0		R.H. Petersen & P.D. Olexia			2025-01-12T10:33:39.445Z		COORDINATE_ROUNDED;GEODETIC_DATUM_ASSUMED_WGS84;CONTINENT_DERIVED_FROM_COORDINATES;TAXON_MATCH_TAXON_ID_IGNORED;INSTITUTION_MATCH_NONE
1990300995	032f1fbe-d21f-407d-be46-5cd1bb1ea397	d513d192-4ccb-46e7-b825-dad80e0369f3	Fungi	Basidiomycota	Agaricomycetes	Agaricales	Pluteaceae	Pluteus	Pluteus cervinus		SPECIES	Pluteus cervinus (Schaeff.) P.Kumm.	Pluteus cervinus	(Schaeff.) P. Kumm.	CA	Whitney	Ontario	PRESENT		61c539d8-47e0-4b82-875f-b95aad66dcd4	45.494444	-78.234722							1962-08-07	7	8	1962	7446067	7446067	PRESERVED_SPECIMEN	TENN-F		TENN-F-027743	RHP27743			CC0_1_0		R.H. Petersen			2025-01-12T10:33:49.624Z		COORDINATE_ROUNDED;GEODETIC_DATUM_ASSUMED_WGS84;CONTINENT_DERIVED_FROM_COORDINATES;TAXON_MATCH_TAXON_ID_IGNORED;INSTITUTION_MATCH_NONE
1990300983	032f1fbe-d21f-407d-be46-5cd1bb1ea397	a273e2e9-1d23-438b-96c2-b78bd58ace13	Fungi	Basidiomycota	Agaricomycetes	Agaricales	Pluteaceae	Pluteus	Pluteus cervinus		SPECIES	Pluteus cervinus (Schaeff.) P.Kumm.	Pluteus cervinus	(Schaeff.) P. Kumm.	CA	Whitney	Ontario	PRESENT		61c539d8-47e0-4b82-875f-b95aad66dcd4	45.494444	-78.234722							1962-08-01	1	8	1962	7446067	7446067	PRESERVED_SPECIMEN	TENN-F		TENN-F-027750	RHP27750			CC0_1_0		R.H. Petersen			2025-01-12T10:33:49.635Z		COORDINATE_ROUNDED;GEODETIC_DATUM_ASSUMED_WGS84;CONTINENT_DERIVED_FROM_COORDINATES;TAXON_MATCH_TAXON_ID_IGNORED;INSTITUTION_MATCH_NONE
1990300933	032f1fbe-d21f-407d-be46-5cd1bb1ea397	c5d262b8-040d-4c7e-9be3-8411d8f621dd	Fungi	Basidiomycota	Agaricomycetes	Agaricales	Pluteaceae	Pluteus	Pluteus cervinus		SPECIES	Pluteus cervinus (Schaeff.) P.Kumm.	Pluteus cervinus	(Schaeff.) P. Kumm.	CA	Algonquin Provincial Park, Mi. 33	Ontario	PRESENT		61c539d8-47e0-4b82-875f-b95aad66dcd4	45.553889	-78.596667							1962-08-06	6	8	1962	7446067	7446067	PRESERVED_SPECIMEN	TENN-F		TENN-F-027715	RHP685			CC0_1_0		R.H. Petersen			2025-01-12T10:33:53.110Z		COORDINATE_ROUNDED;GEODETIC_DATUM_ASSUMED_WGS84;CONTINENT_DERIVED_FROM_COORDINATES;TAXON_MATCH_TAXON_ID_IGNORED;INSTITUTION_MATCH_NONE
1990300827	032f1fbe-d21f-407d-be46-5cd1bb1ea397	0fc11aa7-cb2f-426d-9b23-56452193ff2e	Fungi	Basidiomycota	Agaricomycetes	Agaricales	Pluteaceae	Pluteus	Pluteus cervinus		SPECIES	Pluteus cervinus (Schaeff.) P.Kumm.	Pluteus cervinus	(Schaeff.) P. Kumm.	CA	Whitney, Douglas Camp Road	Ontario	PRESENT		61c539d8-47e0-4b82-875f-b95aad66dcd4	45.493056	-78.240278							1962-08-02	2	8	1962	7446067	7446067	PRESERVED_SPECIMEN	TENN-F		TENN-F-027675	RHP613			CC0_1_0		R.H. Petersen			2025-01-12T10:33:53.119Z		COORDINATE_ROUNDED;GEODETIC_DATUM_ASSUMED_WGS84;CONTINENT_DERIVED_FROM_COORDINATES;TAXON_MATCH_TAXON_ID_IGNORED;INSTITUTION_MATCH_NONE
1990300460	032f1fbe-d21f-407d-be46-5cd1bb1ea397	41cf15fc-5036-4429-8427-46be8aab09c6	Fungi	Basidiomycota	Agaricomycetes	Agaricales	Pluteaceae	Pluteus	Pluteus cervinus		SPECIES	Pluteus cervinus (Schaeff.) P.Kumm.	Pluteus cervinus	(Schaeff.) P. Kumm.	CA	Whitney, Algonquin Province Park, Mile 35	Ontario	PRESENT		61c539d8-47e0-4b82-875f-b95aad66dcd4	45.553889	-78.596667							1962-08-02	2	8	1962	7446067	7446067	PRESERVED_SPECIMEN	TENN-F		TENN-F-027212	RHP595			CC0_1_0		R.H. Petersen			2025-01-12T10:33:49.105Z		COORDINATE_ROUNDED;GEODETIC_DATUM_ASSUMED_WGS84;CONTINENT_DERIVED_FROM_COORDINATES;TAXON_MATCH_TAXON_ID_IGNORED;INSTITUTION_MATCH_NONE
1946203859	50c9509d-22c7-4a22-a47d-8c48425ef4a7	https://www.inaturalist.org/observations/17334841	Fungi	Basidiomycota	Agaricomycetes	Agaricales	Pluteaceae	Pluteus	Pluteus cervinus		SPECIES	Pluteus cervinus (Schaeff.) P.Kumm.	Pluteus cervinus		CA		Ontario	PRESENT		28eb1a3f-1c15-4a95-931a-4af90ecb574d	45.365714	-75.527984	94.0						2018-10-07T14:55	7	10	2018	7446067	7446067	HUMAN_OBSERVATION	iNaturalist	Observations	17334841		jonathan_mack	2018-10-08T23:21:24	CC_BY_NC_4_0	jonathan_mack	jonathan_mack			2025-01-14T12:05:57.122Z	StillImage	COORDINATE_ROUNDED;CONTINENT_DERIVED_FROM_COORDINATES;TAXON_MATCH_TAXON_ID_IGNORED
1890036086	50c9509d-22c7-4a22-a47d-8c48425ef4a7	https://www.inaturalist.org/observations/14060344	Fungi	Basidiomycota	Agaricomycetes	Agaricales	Pluteaceae	Pluteus	Pluteus cervinus		SPECIES	Pluteus cervinus (Schaeff.) P.Kumm.	Pluteus cervinus		CA		Québec	PRESENT		28eb1a3f-1c15-4a95-931a-4af90ecb574d	46.471944	-75.0525							2018-07-01T14:27	1	7	2018	7446067	7446067	HUMAN_OBSERVATION	iNaturalist	Observations	14060344		Evan Moisan	2018-07-05T01:12:06	CC_BY_NC_4_0	Evan Moisan	Evan Moisan			2025-01-14T12:05:25.422Z	StillImage	CONTINENT_DERIVED_FROM_COORDINATES;TAXON_MATCH_TAXON_ID_IGNORED
1807261201	e8a25a42-f125-476c-8554-3ec21cd51a84	ACAD:117573	Fungi	Basidiomycota	Agaricomycetes	Agaricales	Pluteaceae	Pluteus	Pluteus cervinus		SPECIES	Pluteus cervinus (Schaeff.) P.Kumm.	Pluteus cervinus (Schaeff.) P. Kumm.	(Schaeff.) P. Kumm.	CA	Kentville	Nova Scotia	PRESENT		6491ad8c-8e49-4bd4-a089-0ddb3bbe0890	45.07662	-64.49592							1972-07-18	18	7	1972	7446067	7446067	PRESERVED_SPECIMEN	Acadia University	ACAD	10176F	10176	G, D		CC0_1_0	Acadia University	G, D			2024-01-25T01:37:08.215Z	StillImage	GEODETIC_DATUM_INVALID;GEODETIC_DATUM_ASSUMED_WGS84;TAXON_MATCH_TAXON_ID_IGNORED;INSTITUTION_MATCH_FUZZY;COLLECTION_MATCH_FUZZY
1807256518	e8a25a42-f125-476c-8554-3ec21cd51a84	ACAD:112958	Fungi	Basidiomycota	Agaricomycetes	Agaricales	Pluteaceae	Pluteus	Pluteus cervinus		SPECIES	Pluteus cervinus (Schaeff.) P.Kumm.	Pluteus cervinus (Schaeff.) P. Kumm.	(Schaeff.) P. Kumm.	CA	Kentville	Nova Scotia	PRESENT		6491ad8c-8e49-4bd4-a089-0ddb3bbe0890	45.07662	-64.49592							1932-11-10	10	11	1932	7446067	7446067	PRESERVED_SPECIMEN	Acadia University	ACAD	469F	469			CC0_1_0	Acadia University	H, KA			2024-01-25T01:37:11.652Z	StillImage	GEODETIC_DATUM_INVALID;GEODETIC_DATUM_ASSUMED_WGS84;TAXON_MATCH_TAXON_ID_IGNORED;INSTITUTION_MATCH_FUZZY;COLLECTION_MATCH_FUZZY
1802678041	50c9509d-22c7-4a22-a47d-8c48425ef4a7	https://www.inaturalist.org/observations/9113885	Fungi	Basidiomycota	Agaricomycetes	Agaricales	Pluteaceae	Pluteus	Pluteus cervinus		SPECIES	Pluteus cervinus (Schaeff.) P.Kumm.	Pluteus cervinus		CA		Ontario	PRESENT		28eb1a3f-1c15-4a95-931a-4af90ecb574d	45.548902	-78.639107	300.0						2002-08-26T13:17	26	8	2002	7446067	7446067	HUMAN_OBSERVATION	iNaturalist	Observations	9113885		else	2017-12-11T20:28:09	CC_BY_NC_4_0	Jason J. Dombroskie	Jason J. Dombroskie			2025-01-14T12:04:15.403Z	StillImage	COORDINATE_ROUNDED;CONTINENT_DERIVED_FROM_COORDINATES;TAXON_MATCH_TAXON_ID_IGNORED
1701558109	39bd4817-9530-4341-a918-4f16b8db1419	UdeM:CMMF:Blitz2017:77	Fungi	Basidiomycota	Agaricomycetes	Agaricales	Pluteaceae	Pluteus	Pluteus cervinus		SPECIES	Pluteus cervinus (Schaeff.) P.Kumm.	Pluteus cervinus (Schaeff.) P. Kumm., 1871	(Schaeff.) P. Kumm., 1871	CA	Parc des Chutes de Sainte-Ursule	Québec	PRESENT		ff7bd5db-b724-4932-b496-10ea298851f9	46.300422	-73.094321	500.0						2017-08-09	9	8	2017	7446067	7446067	HUMAN_OBSERVATION	Université de Montréal Biodiversity Centre	CMMF			Raymond Archambault et Joseph Nuzzolese	2017-08-09T00:00:00	CC0_1_0		IRBV's graduate students			2024-01-24T17:29:10.538Z		
1412708979	21705170-d2b6-42de-8904-c3bca4b83591	CMMF017463	Fungi	Basidiomycota	Agaricomycetes	Agaricales	Pluteaceae	Pluteus	Pluteus cervinus		SPECIES	Pluteus cervinus (Schaeff.) P.Kumm.	Pluteus cervinus (Schaeff.) P. Kumm.	(Schaeff.) P. Kumm.	CA	Arboretum Morgan, Québec.	Québec	PRESENT		ff7bd5db-b724-4932-b496-10ea298851f9	45.43	-73.946667	2500.0						1981-06-18	18	6	1981	7446067	7446067	PRESERVED_SPECIMEN	Université de Montréal Biodiversity Centre	CMMF	CMMF017463	1981-27	McNeil, Raymond		CC0_1_0	Université de Montréal Biodiversity Centre	Cyr, A.			2024-01-24T16:38:15.751Z		COORDINATE_ROUNDED;INSTITUTION_MATCH_FUZZY;COLLECTION_MATCH_FUZZY;DIFFERENT_OWNER_INSTITUTION
1412708756	21705170-d2b6-42de-8904-c3bca4b83591	CMMF017229	Fungi	Basidiomycota	Agaricomycetes	Agaricales	Pluteaceae	Pluteus	Pluteus cervinus		SPECIES	Pluteus cervinus (Schaeff.) P.Kumm.	Pluteus cervinus (Schaeff.) P. Kumm.	(Schaeff.) P. Kumm.	CA	Cap Saint-Jacques, Québec.	Québec	PRESENT		ff7bd5db-b724-4932-b496-10ea298851f9	45.465391	-73.920995	4000.0						1981-06-26	26	6	1981	7446067	7446067	PRESERVED_SPECIMEN	Université de Montréal Biodiversity Centre	CMMF	CMMF017229	1981-60	McNeil, Raymond		CC0_1_0	Université de Montréal Biodiversity Centre	Cyr, A.			2024-01-24T16:38:14.845Z		INSTITUTION_MATCH_FUZZY;COLLECTION_MATCH_FUZZY;DIFFERENT_OWNER_INSTITUTION
1412706146	21705170-d2b6-42de-8904-c3bca4b83591	CMMF014622	Fungi	Basidiomycota	Agaricomycetes	Agaricales	Pluteaceae	Pluteus	Pluteus cervinus		SPECIES	Pluteus cervinus (Schaeff.) P.Kumm.	Pluteus cervinus (Schaeff.) P. Kumm.	(Schaeff.) P. Kumm.	CA	Cap-au-Lest, Québec.	Québec	PRESENT		ff7bd5db-b724-4932-b496-10ea298851f9	48.391343	-70.689884	4500.0						1995-07-27	27	7	1995	7446067	7446067	PRESERVED_SPECIMEN	Université de Montréal Biodiversity Centre	CMMF	CMMF014622	1993	Guérin, Gérard		CC0_1_0	Université de Montréal Biodiversity Centre	Guérin, Gérard			2024-01-24T16:38:20.328Z	StillImage	INSTITUTION_MATCH_FUZZY;COLLECTION_MATCH_FUZZY;DIFFERENT_OWNER_INSTITUTION
1412706095	21705170-d2b6-42de-8904-c3bca4b83591	CMMF014621	Fungi	Basidiomycota	Agaricomycetes	Agaricales	Pluteaceae	Pluteus	Pluteus cervinus		SPECIES	Pluteus cervinus (Schaeff.) P.Kumm.	Pluteus cervinus (Schaeff.) P. Kumm.	(Schaeff.) P. Kumm.	CA	Brossard, Québec.	Québec	PRESENT		ff7bd5db-b724-4932-b496-10ea298851f9	45.447591	-73.453807	6500.0						1980-06-28	28	6	1980	7446067	7446067	PRESERVED_SPECIMEN	Université de Montréal Biodiversity Centre	CMMF	CMMF014621	1992	Guérin, Gérard		CC0_1_0	Université de Montréal Biodiversity Centre	Guérin, Gérard			2024-01-24T16:38:20.327Z	StillImage	INSTITUTION_MATCH_FUZZY;COLLECTION_MATCH_FUZZY;DIFFERENT_OWNER_INSTITUTION
1135071118	21705170-d2b6-42de-8904-c3bca4b83591	CMMF009685	Fungi	Basidiomycota	Agaricomycetes	Agaricales	Pluteaceae	Pluteus	Pluteus cervinus		SPECIES	Pluteus cervinus (Schaeff.) P.Kumm.	Pluteus cervinus (Schaeff.) P. Kumm.	(Schaeff.) P. Kumm.	CA	Containers Ouest, Lac-Beauport.	Québec	PRESENT		ff7bd5db-b724-4932-b496-10ea298851f9	46.953091	-71.275238	5000.0						2007-08-03	3	8	2007	7446067	7446067	PRESERVED_SPECIMEN	Université de Montréal Biodiversity Centre	CMMF	CMMF009685	1269	Labrecque, Jacqueline		CC0_1_0	Université de Montréal Biodiversity Centre	Labrecque, Jacqueline			2024-01-24T16:38:20.883Z		INSTITUTION_MATCH_FUZZY;COLLECTION_MATCH_FUZZY;DIFFERENT_OWNER_INSTITUTION
1135070944	21705170-d2b6-42de-8904-c3bca4b83591	CMMF009454	Fungi	Basidiomycota	Agaricomycetes	Agaricales	Pluteaceae	Pluteus	Pluteus cervinus		SPECIES	Pluteus cervinus (Schaeff.) P.Kumm.	Pluteus cervinus (Schaeff.) P. Kumm.	(Schaeff.) P. Kumm.	CA	Containers Ouest, Lac-Beauport.	Québec	PRESENT		ff7bd5db-b724-4932-b496-10ea298851f9	46.953091	-71.275238	5000.0						2007-07-01	1	7	2007	7446067	7446067	PRESERVED_SPECIMEN	Université de Montréal Biodiversity Centre	CMMF	CMMF009454	1038	Labrecque, Jacqueline		CC0_1_0	Université de Montréal Biodiversity Centre	Labrecque, Jacqueline			2024-01-24T16:38:21.655Z		INSTITUTION_MATCH_FUZZY;COLLECTION_MATCH_FUZZY;DIFFERENT_OWNER_INSTITUTION
1135070763	21705170-d2b6-42de-8904-c3bca4b83591	CMMF009363	Fungi	Basidiomycota	Agaricomycetes	Agaricales	Pluteaceae	Pluteus	Pluteus cervinus		SPECIES	Pluteus cervinus (Schaeff.) P.Kumm.	Pluteus cervinus (Schaeff.) P. Kumm.	(Schaeff.) P. Kumm.	CA	Lac-Beauport.	Québec	PRESENT		ff7bd5db-b724-4932-b496-10ea298851f9	46.953091	-71.306427	5000.0						2006-10-10	10	10	2006	7446067	7446067	PRESERVED_SPECIMEN	Université de Montréal Biodiversity Centre	CMMF	CMMF009363	947	Labrecque, Jacqueline		CC0_1_0	Université de Montréal Biodiversity Centre	Labrecque, Jacqueline			2024-01-24T16:38:21.608Z	StillImage	INSTITUTION_MATCH_FUZZY;COLLECTION_MATCH_FUZZY;DIFFERENT_OWNER_INSTITUTION
1135070087	21705170-d2b6-42de-8904-c3bca4b83591	CMMF008626	Fungi	Basidiomycota	Agaricomycetes	Agaricales	Pluteaceae	Pluteus	Pluteus cervinus		SPECIES	Pluteus cervinus (Schaeff.) P.Kumm.	Pluteus cervinus (Schaeff.) P. Kumm.	(Schaeff.) P. Kumm.	CA	Lac-Beauport.	Québec	PRESENT		ff7bd5db-b724-4932-b496-10ea298851f9	46.953091	-71.275238	5000.0						2006-06-10	10	6	2006	7446067	7446067	PRESERVED_SPECIMEN	Université de Montréal Biodiversity Centre	CMMF	CMMF008626	201	Labrecque, Jacqueline		CC0_1_0	Université de Montréal Biodiversity Centre	Labrecque, Jacqueline			2024-01-24T16:38:17.964Z	StillImage	INSTITUTION_MATCH_FUZZY;COLLECTION_MATCH_FUZZY;DIFFERENT_OWNER_INSTITUTION
1135070061	21705170-d2b6-42de-8904-c3bca4b83591	CMMF008654	Fungi	Basidiomycota	Agaricomycetes	Agaricales	Pluteaceae	Pluteus	Pluteus cervinus		SPECIES	Pluteus cervinus (Schaeff.) P.Kumm.	Pluteus cervinus (Schaeff.) P. Kumm.	(Schaeff.) P. Kumm.	CA	Charlesbourg Ouest (Mr. Allen), Québec.	Québec	PRESENT		ff7bd5db-b724-4932-b496-10ea298851f9	46.91969	-71.322285	4200.0						2006-06-20	20	6	2006	7446067	7446067	PRESERVED_SPECIMEN	Université de Montréal Biodiversity Centre	CMMF	CMMF008654	232	Labrecque, Jacqueline		CC0_1_0	Université de Montréal Biodiversity Centre	Labrecque, Jacqueline			2024-01-24T16:38:17.967Z	StillImage	INSTITUTION_MATCH_FUZZY;COLLECTION_MATCH_FUZZY;DIFFERENT_OWNER_INSTITUTION
1135070058	21705170-d2b6-42de-8904-c3bca4b83591	CMMF008563	Fungi	Basidiomycota	Agaricomycetes	Agaricales	Pluteaceae	Pluteus	Pluteus cervinus		SPECIES	Pluteus cervinus (Schaeff.) P.Kumm.	Pluteus cervinus (Schaeff.) P. Kumm.	(Schaeff.) P. Kumm.	CA	Lac-Beauport.	Québec	PRESENT		ff7bd5db-b724-4932-b496-10ea298851f9	46.953091	-71.275238	5000.0						2006-05-21	21	5	2006	7446067	7446067	PRESERVED_SPECIMEN	Université de Montréal Biodiversity Centre	CMMF	CMMF008563	135	Labrecque, Jacqueline		CC0_1_0	Université de Montréal Biodiversity Centre	Labrecque, Jacqueline			2024-01-24T16:38:17.912Z	StillImage	INSTITUTION_MATCH_FUZZY;COLLECTION_MATCH_FUZZY;DIFFERENT_OWNER_INSTITUTION
1135070019	21705170-d2b6-42de-8904-c3bca4b83591	CMMF008590	Fungi	Basidiomycota	Agaricomycetes	Agaricales	Pluteaceae	Pluteus	Pluteus cervinus		SPECIES	Pluteus cervinus (Schaeff.) P.Kumm.	Pluteus cervinus (Schaeff.) P. Kumm.	(Schaeff.) P. Kumm.	CA	Lac-Beauport.	Québec	PRESENT		ff7bd5db-b724-4932-b496-10ea298851f9	46.953091	-71.275238	5000.0						2006-05-26	26	5	2006	7446067	7446067	PRESERVED_SPECIMEN	Université de Montréal Biodiversity Centre	CMMF	CMMF008590	163	Labrecque, Jacqueline		CC0_1_0	Université de Montréal Biodiversity Centre	Labrecque, Jacqueline			2024-01-24T16:38:17.894Z	StillImage	INSTITUTION_MATCH_FUZZY;COLLECTION_MATCH_FUZZY;DIFFERENT_OWNER_INSTITUTION
1135070009	21705170-d2b6-42de-8904-c3bca4b83591	CMMF008589	Fungi	Basidiomycota	Agaricomycetes	Agaricales	Pluteaceae	Pluteus	Pluteus cervinus		SPECIES	Pluteus cervinus (Schaeff.) P.Kumm.	Pluteus cervinus (Schaeff.) P. Kumm.	(Schaeff.) P. Kumm.	CA	Lac-Beauport.	Québec	PRESENT		ff7bd5db-b724-4932-b496-10ea298851f9	46.953091	-71.275238	5000.0						2006-05-25	25	5	2006	7446067	7446067	PRESERVED_SPECIMEN	Université de Montréal Biodiversity Centre	CMMF	CMMF008589	162	Labrecque, Jacqueline		CC0_1_0	Université de Montréal Biodiversity Centre	Labrecque, Jacqueline			2024-01-24T16:38:17.892Z	StillImage	INSTITUTION_MATCH_FUZZY;COLLECTION_MATCH_FUZZY;DIFFERENT_OWNER_INSTITUTION
1135068844	21705170-d2b6-42de-8904-c3bca4b83591	CMMF007392	Fungi	Basidiomycota	Agaricomycetes	Agaricales	Pluteaceae	Pluteus	Pluteus cervinus		SPECIES	Pluteus cervinus (Schaeff.) P.Kumm.	Pluteus cervinus (Schaeff.) P. Kumm.	(Schaeff.) P. Kumm.	CA	Huntingdon, Boisé-des-Muir	Québec	PRESENT		ff7bd5db-b724-4932-b496-10ea298851f9	45.084583	-74.114033	100.0						2012-09-24	24	9	2012	7446067	7446067	PRESERVED_SPECIMEN	Université de Montréal Biodiversity Centre	CMMF	CMMF007392	C4103	McNeil, Raymond		CC0_1_0	Université de Montréal Biodiversity Centre	McNeil, Raymond			2024-01-24T16:38:21.377Z	StillImage	COORDINATE_ROUNDED;INSTITUTION_MATCH_FUZZY;COLLECTION_MATCH_FUZZY;DIFFERENT_OWNER_INSTITUTION
1135068466	21705170-d2b6-42de-8904-c3bca4b83591	CMMF006956	Fungi	Basidiomycota	Agaricomycetes	Agaricales	Pluteaceae	Pluteus	Pluteus cervinus		SPECIES	Pluteus cervinus (Schaeff.) P.Kumm.	Pluteus cervinus (Schaeff.) P. Kumm.	(Schaeff.) P. Kumm.	CA	Lachute	Québec	PRESENT		ff7bd5db-b724-4932-b496-10ea298851f9	45.66275	-74.241983	100.0						2009-10-06	6	10	2009	7446067	7446067	PRESERVED_SPECIMEN	Université de Montréal Biodiversity Centre	CMMF	CMMF006956	C3584	McNeil, Raymond		CC0_1_0	Université de Montréal Biodiversity Centre	McNeil, Raymond			2024-01-24T16:38:18.644Z	StillImage	COORDINATE_ROUNDED;INSTITUTION_MATCH_FUZZY;COLLECTION_MATCH_FUZZY;DIFFERENT_OWNER_INSTITUTION
1135067863	21705170-d2b6-42de-8904-c3bca4b83591	CMMF006447	Fungi	Basidiomycota	Agaricomycetes	Agaricales	Pluteaceae	Pluteus	Pluteus cervinus		SPECIES	Pluteus cervinus (Schaeff.) P.Kumm.	Pluteus cervinus (Schaeff.) P. Kumm.	(Schaeff.) P. Kumm.	CA	Châteauguay (île St-Bernard)	Québec	PRESENT		ff7bd5db-b724-4932-b496-10ea298851f9	45.389517	-73.766367	100.0						2007-07-14	14	7	2007	7446067	7446067	PRESERVED_SPECIMEN	Université de Montréal Biodiversity Centre	CMMF	CMMF006447	Inexistant	McNeil, Raymond		CC0_1_0	Université de Montréal Biodiversity Centre	McNeil, Raymond			2024-01-24T16:38:19.143Z	StillImage	COORDINATE_ROUNDED;INSTITUTION_MATCH_FUZZY;COLLECTION_MATCH_FUZZY;DIFFERENT_OWNER_INSTITUTION
1135067758	21705170-d2b6-42de-8904-c3bca4b83591	CMMF006310	Fungi	Basidiomycota	Agaricomycetes	Agaricales	Pluteaceae	Pluteus	Pluteus cervinus		SPECIES	Pluteus cervinus (Schaeff.) P.Kumm.	Pluteus cervinus (Schaeff.) P. Kumm.	(Schaeff.) P. Kumm.	CA	Mont-Saint-Grégoire	Québec	PRESENT		ff7bd5db-b724-4932-b496-10ea298851f9	45.354833	-73.1545	100.0						1978-09-09	9	9	1978	7446067	7446067	PRESERVED_SPECIMEN	Université de Montréal Biodiversity Centre	CMMF	CMMF006310	Inexistant	McNeil, Raymond		CC0_1_0	Université de Montréal Biodiversity Centre	McNeil, Raymond			2024-01-24T16:38:18.961Z	StillImage	COORDINATE_ROUNDED;INSTITUTION_MATCH_FUZZY;COLLECTION_MATCH_FUZZY;DIFFERENT_OWNER_INSTITUTION
1135067705	21705170-d2b6-42de-8904-c3bca4b83591	CMMF006267	Fungi	Basidiomycota	Agaricomycetes	Agaricales	Pluteaceae	Pluteus	Pluteus cervinus		SPECIES	Pluteus cervinus (Schaeff.) P.Kumm.	Pluteus cervinus (Schaeff.) P. Kumm.	(Schaeff.) P. Kumm.	CA	Châteauguay	Québec	PRESENT		ff7bd5db-b724-4932-b496-10ea298851f9	45.35433	-73.774083	100.0						2005-09-04	4	9	2005	7446067	7446067	PRESERVED_SPECIMEN	Université de Montréal Biodiversity Centre	CMMF	CMMF006267	C2405	McNeil, Raymond		CC0_1_0	Université de Montréal Biodiversity Centre	McNeil, Raymond			2024-01-24T16:38:18.926Z	StillImage	COORDINATE_ROUNDED;INSTITUTION_MATCH_FUZZY;COLLECTION_MATCH_FUZZY;DIFFERENT_OWNER_INSTITUTION
1135067473	21705170-d2b6-42de-8904-c3bca4b83591	CMMF005976	Fungi	Basidiomycota	Agaricomycetes	Agaricales	Pluteaceae	Pluteus	Pluteus cervinus		SPECIES	Pluteus cervinus (Schaeff.) P.Kumm.	Pluteus cervinus (Schaeff.) P. Kumm.	(Schaeff.) P. Kumm.	CA	Châteauguay (Centre écologique Fernand-Seguin)	Québec	PRESENT		ff7bd5db-b724-4932-b496-10ea298851f9	45.33983	-73.773917	100.0						2010-09-23	23	9	2010	7446067	7446067	PRESERVED_SPECIMEN	Université de Montréal Biodiversity Centre	CMMF	CMMF005976	C3751	McNeil, Raymond		CC0_1_0	Université de Montréal Biodiversity Centre	McNeil, Raymond			2024-01-24T16:38:16.953Z	StillImage	COORDINATE_ROUNDED;INSTITUTION_MATCH_FUZZY;COLLECTION_MATCH_FUZZY;DIFFERENT_OWNER_INSTITUTION
1135067419	21705170-d2b6-42de-8904-c3bca4b83591	CMMF005924	Fungi	Basidiomycota	Agaricomycetes	Agaricales	Pluteaceae	Pluteus	Pluteus cervinus		SPECIES	Pluteus cervinus (Schaeff.) P.Kumm.	Pluteus cervinus (Schaeff.) P. Kumm.	(Schaeff.) P. Kumm.	CA	Châteauguay (Centre écologique Fernand-Seguin)	Québec	PRESENT		ff7bd5db-b724-4932-b496-10ea298851f9	45.33983	-73.773917	100.0						2006-09-05	5	9	2006	7446067	7446067	PRESERVED_SPECIMEN	Université de Montréal Biodiversity Centre	CMMF	CMMF005924	C2928	McNeil, Raymond		CC0_1_0	Université de Montréal Biodiversity Centre	McNeil, Raymond			2024-01-24T16:38:16.900Z	StillImage	COORDINATE_ROUNDED;INSTITUTION_MATCH_FUZZY;COLLECTION_MATCH_FUZZY;DIFFERENT_OWNER_INSTITUTION
1135067392	21705170-d2b6-42de-8904-c3bca4b83591	CMMF005911	Fungi	Basidiomycota	Agaricomycetes	Agaricales	Pluteaceae	Pluteus	Pluteus cervinus		SPECIES	Pluteus cervinus (Schaeff.) P.Kumm.	Pluteus cervinus (Schaeff.) P. Kumm.	(Schaeff.) P. Kumm.	CA	Châteauguay (Centre écologique Fernand-Seguin)	Québec	PRESENT		ff7bd5db-b724-4932-b496-10ea298851f9	45.33983	-73.773917	100.0						2008-07-20	20	7	2008	7446067	7446067	PRESERVED_SPECIMEN	Université de Montréal Biodiversity Centre	CMMF	CMMF005911	Inexistant	McNeil, Raymond		CC0_1_0	Université de Montréal Biodiversity Centre	McNeil, Raymond			2024-01-24T16:38:16.918Z	StillImage	COORDINATE_ROUNDED;INSTITUTION_MATCH_FUZZY;COLLECTION_MATCH_FUZZY;DIFFERENT_OWNER_INSTITUTION
1135067368	21705170-d2b6-42de-8904-c3bca4b83591	CMMF005910	Fungi	Basidiomycota	Agaricomycetes	Agaricales	Pluteaceae	Pluteus	Pluteus cervinus		SPECIES	Pluteus cervinus (Schaeff.) P.Kumm.	Pluteus cervinus (Schaeff.) P. Kumm.	(Schaeff.) P. Kumm.	CA	Châteauguay (Centre écologique Fernand-Seguin)	Québec	PRESENT		ff7bd5db-b724-4932-b496-10ea298851f9	45.33983	-73.773917	100.0						2011-08-04	4	8	2011	7446067	7446067	PRESERVED_SPECIMEN	Université de Montréal Biodiversity Centre	CMMF	CMMF005910	C3832	McNeil, Raymond		CC0_1_0	Université de Montréal Biodiversity Centre	McNeil, Raymond			2024-01-24T16:38:16.921Z	StillImage	COORDINATE_ROUNDED;INSTITUTION_MATCH_FUZZY;COLLECTION_MATCH_FUZZY;DIFFERENT_OWNER_INSTITUTION
1135067326	21705170-d2b6-42de-8904-c3bca4b83591	CMMF005872	Fungi	Basidiomycota	Agaricomycetes	Agaricales	Pluteaceae	Pluteus	Pluteus cervinus		SPECIES	Pluteus cervinus (Schaeff.) P.Kumm.	Pluteus cervinus (Schaeff.) P. Kumm.	(Schaeff.) P. Kumm.	CA	Châteauguay (Centre écologique Fernand-Seguin)	Québec	PRESENT		ff7bd5db-b724-4932-b496-10ea298851f9	45.33983	-73.773917	100.0						2007-07-10	10	7	2007	7446067	7446067	PRESERVED_SPECIMEN	Université de Montréal Biodiversity Centre	CMMF	CMMF005872	Inexistant	McNeil, Raymond		CC0_1_0	Université de Montréal Biodiversity Centre	McNeil, Raymond			2024-01-24T16:38:16.971Z	StillImage	COORDINATE_ROUNDED;INSTITUTION_MATCH_FUZZY;COLLECTION_MATCH_FUZZY;DIFFERENT_OWNER_INSTITUTION
1135066911	21705170-d2b6-42de-8904-c3bca4b83591	CMMF010310	Fungi	Basidiomycota	Agaricomycetes	Agaricales	Pluteaceae	Pluteus	Pluteus cervinus		SPECIES	Pluteus cervinus (Schaeff.) P.Kumm.	Pluteus cervinus (Schaeff.) P. Kumm.	(Schaeff.) P. Kumm.	CA	Château Bigot, Québec.	Québec	PRESENT		ff7bd5db-b724-4932-b496-10ea298851f9	46.898375	-71.266801	2000.0						2008-06-21	21	6	2008	7446067	7446067	PRESERVED_SPECIMEN	Université de Montréal Biodiversity Centre	CMMF	CMMF010310	1896	Labrecque, Jacqueline		CC0_1_0	Université de Montréal Biodiversity Centre	Labrecque, Jacqueline			2024-01-24T16:38:21.572Z		INSTITUTION_MATCH_FUZZY;COLLECTION_MATCH_FUZZY;DIFFERENT_OWNER_INSTITUTION
1024559396	21705170-d2b6-42de-8904-c3bca4b83591	CMMF004614	Fungi	Basidiomycota	Agaricomycetes	Agaricales	Pluteaceae	Pluteus	Pluteus cervinus		SPECIES	Pluteus cervinus (Schaeff.) P.Kumm.	Pluteus cervinus (Schaeff.) P. Kumm.	(Schaeff.) P. Kumm.	CA	Réserve écologique du Boisé-des-Muir, Hinchinbrooke.	Québec	PRESENT		ff7bd5db-b724-4932-b496-10ea298851f9	45.086306	-74.114996	10.0						2012-10-16	16	10	2012	7446067	7446067	PRESERVED_SPECIMEN	Université de Montréal Biodiversity Centre	CMMF	CMMF004614	666	Langlois, Annabelle		CC0_1_0	Université de Montréal Biodiversity Centre	Langlois, Annabelle; Turgon, Jean-Pierre			2024-01-24T16:38:19.758Z	StillImage	INSTITUTION_MATCH_FUZZY;COLLECTION_MATCH_FUZZY;DIFFERENT_OWNER_INSTITUTION
1024558998	21705170-d2b6-42de-8904-c3bca4b83591	CMMF004616	Fungi	Basidiomycota	Agaricomycetes	Agaricales	Pluteaceae	Pluteus	Pluteus cervinus		SPECIES	Pluteus cervinus (Schaeff.) P.Kumm.	Pluteus cervinus (Schaeff.) P. Kumm.	(Schaeff.) P. Kumm.	CA	Réserve écologique du Boisé-des-Muir, Hinchinbrooke.	Québec	PRESENT		ff7bd5db-b724-4932-b496-10ea298851f9	45.085191	-74.113709	10.0						2012-10-16	16	10	2012	7446067	7446067	PRESERVED_SPECIMEN	Université de Montréal Biodiversity Centre	CMMF	CMMF004616	668	Langlois, Annabelle		CC0_1_0	Université de Montréal Biodiversity Centre	Langlois, Annabelle; Turgon, Jean-Pierre			2024-01-24T16:38:19.756Z		INSTITUTION_MATCH_FUZZY;COLLECTION_MATCH_FUZZY;DIFFERENT_OWNER_INSTITUTION
1024558916	21705170-d2b6-42de-8904-c3bca4b83591	CMMF004315	Fungi	Basidiomycota	Agaricomycetes	Agaricales	Pluteaceae	Pluteus	Pluteus cervinus		SPECIES	Pluteus cervinus (Schaeff.) P.Kumm.	Pluteus cervinus (Schaeff.) P. Kumm.	(Schaeff.) P. Kumm.	CA	Réserve écologique du Boisé-des-Muir, Hinchinbrooke.	Québec	PRESENT		ff7bd5db-b724-4932-b496-10ea298851f9	45.086066	-74.117016	10.0						2012-07-23	23	7	2012	7446067	7446067	PRESERVED_SPECIMEN	Université de Montréal Biodiversity Centre	CMMF	CMMF004315	323	Langlois, Annabelle		CC0_1_0	Université de Montréal Biodiversity Centre	Langlois, Annabelle; McNeil, Raymond			2024-01-24T16:38:19.587Z		INSTITUTION_MATCH_FUZZY;COLLECTION_MATCH_FUZZY;DIFFERENT_OWNER_INSTITUTION
1024558643	21705170-d2b6-42de-8904-c3bca4b83591	CMMF004113	Fungi	Basidiomycota	Agaricomycetes	Agaricales	Pluteaceae	Pluteus	Pluteus cervinus		SPECIES	Pluteus cervinus (Schaeff.) P.Kumm.	Pluteus cervinus (Schaeff.) P. Kumm.	(Schaeff.) P. Kumm.	CA	Réserve écologique du Boisé-des-Muir, Hinchinbrooke.	Québec	PRESENT		ff7bd5db-b724-4932-b496-10ea298851f9	45.0858	-74.116873	10.0						2011-07-13	13	7	2011	7446067	7446067	PRESERVED_SPECIMEN	Université de Montréal Biodiversity Centre	CMMF	CMMF004113	48	Lebeuf, Renée		CC0_1_0	Université de Montréal Biodiversity Centre	Archambault, Raymond; Lebeuf, Renée			2024-01-24T16:38:18.564Z	StillImage	INSTITUTION_MATCH_FUZZY;COLLECTION_MATCH_FUZZY;DIFFERENT_OWNER_INSTITUTION
