gbifID	datasetKey	occurrenceID	kingdom	phylum	class	order	family	genus	species	infraspecificEpithet	taxonRank	scientificName	verbatimScientificName	verbatimScientificNameAuthorship	countryCode	locality	stateProvince	occurrenceStatus	individualCount	publishingOrgKey	decimalLatitude	decimalLongitude	coordinateUncertaintyInMeters	coordinatePrecision	elevation	elevationAccuracy	depth	depthAccuracy	eventDate	day	month	year	taxonKey	speciesKey	basisOfRecord	institutionCode	collectionCode	catalogNumber	recordNumber	identifiedBy	dateIdentified	license	rightsHolder	recordedBy	typeStatus	establishmentMeans	lastInterpreted	mediaType	issue
617555605	21705170-d2b6-42de-8904-c3bca4b83591	CMMF000882	Fungi	Basidiomycota	Agaricomycetes	Agaricales	Tricholomataceae	Tricholoma	Tricholoma magnivelare		SPECIES	Tricholoma magnivelare (Peck) Redhead	Tricholoma magnivelare (Peck) Redhead	(Peck) Redhead	CA	Lachute	Québec	PRESENT		ff7bd5db-b724-4932-b496-10ea298851f9	45.664878	-74.292134	8500.0						1989-10-07	7	10	1989	5241741	5241741	PRESERVED_SPECIMEN	Université de Montréal Biodiversity Centre	CMMF	CMMF000882		Lamoureux, Yves		CC0_1_0	Université de Montréal Biodiversity Centre	Lamoureux, Yves			2024-01-24T16:38:21.502Z	StillImage	INSTITUTION_MATCH_FUZZY;COLLECTION_MATCH_FUZZY;DIFFERENT_OWNER_INSTITUTION
617554560	21705170-d2b6-42de-8904-c3bca4b83591	CMMF000411	Fungi	Basidiomycota	Agaricomycetes	Agaricales	Tricholomataceae	Tricholoma	Tricholoma magnivelare		SPECIES	Tricholoma magnivelare (Peck) Redhead	Tricholoma magnivelare (Peck) Redhead	(Peck) Redhead	CA	Lachute	Québec	PRESENT		ff7bd5db-b724-4932-b496-10ea298851f9	45.664878	-74.292134	8500.0						1988-10-08	8	10	1988	5241741	5241741	PRESERVED_SPECIMEN	Université de Montréal Biodiversity Centre	CMMF	CMMF000411		Lamoureux, Yves		CC0_1_0	Université de Montréal Biodiversity Centre	Lamoureux, Yves			2024-01-24T16:38:19.963Z	StillImage	INSTITUTION_MATCH_FUZZY;COLLECTION_MATCH_FUZZY;DIFFERENT_OWNER_INSTITUTION
617552711	21705170-d2b6-42de-8904-c3bca4b83591	CMMF003282	Fungi	Basidiomycota	Agaricomycetes	Agaricales	Tricholomataceae	Tricholoma	Tricholoma magnivelare		SPECIES	Tricholoma magnivelare (Peck) Redhead	Tricholoma magnivelare (Peck) Redhead	(Peck) Redhead	CA	Lachute	Québec	PRESENT		ff7bd5db-b724-4932-b496-10ea298851f9	45.664878	-74.292134	8500.0						1998-09-09	9	9	1998	5241741	5241741	PRESERVED_SPECIMEN	Université de Montréal Biodiversity Centre	CMMF	CMMF003282		Lamoureux, Yves		CC0_1_0	Université de Montréal Biodiversity Centre	Lamoureux, Yves			2024-01-24T16:38:17.040Z	StillImage	INSTITUTION_MATCH_FUZZY;COLLECTION_MATCH_FUZZY;DIFFERENT_OWNER_INSTITUTION
617548753	21705170-d2b6-42de-8904-c3bca4b83591	CMMF001543	Fungi	Basidiomycota	Agaricomycetes	Agaricales	Tricholomataceae	Tricholoma	Tricholoma magnivelare		SPECIES	Tricholoma magnivelare (Peck) Redhead	Tricholoma magnivelare (Peck) Redhead	(Peck) Redhead	CA	Lachute	Québec	PRESENT		ff7bd5db-b724-4932-b496-10ea298851f9	45.664878	-74.292134	8500.0						1991-10-05	5	10	1991	5241741	5241741	PRESERVED_SPECIMEN	Université de Montréal Biodiversity Centre	CMMF	CMMF001543		Lamoureux, Yves		CC0_1_0	Université de Montréal Biodiversity Centre	Lamoureux, Yves			2024-01-24T16:38:17.637Z	StillImage	INSTITUTION_MATCH_FUZZY;COLLECTION_MATCH_FUZZY;DIFFERENT_OWNER_INSTITUTION
4950471631	50c9509d-22c7-4a22-a47d-8c48425ef4a7	https://www.inaturalist.org/observations/180133736	Fungi	Basidiomycota	Agaricomycetes	Agaricales	Tricholomataceae	Tricholoma	Tricholoma magnivelare		SPECIES	Tricholoma magnivelare (Peck) Redhead	Tricholoma magnivelare		CA		Québec	PRESENT		28eb1a3f-1c15-4a95-931a-4af90ecb574d	45.337647	-72.177804	11.0						2023-08-25T12:09:50	25	8	2023	5241741	5241741	HUMAN_OBSERVATION	iNaturalist	Observations	180133736		Vincent Desjardins	2023-08-25T16:11:43	CC_BY_NC_4_0	Vincent Desjardins	Vincent Desjardins			2025-01-14T12:40:31.214Z		COORDINATE_ROUNDED;CONTINENT_DERIVED_FROM_COORDINATES;TAXON_MATCH_TAXON_ID_IGNORED
4431203494	50c9509d-22c7-4a22-a47d-8c48425ef4a7	https://www.inaturalist.org/observations/188384980	Fungi	Basidiomycota	Agaricomycetes	Agaricales	Tricholomataceae	Tricholoma	Tricholoma magnivelare		SPECIES	Tricholoma magnivelare (Peck) Redhead	Tricholoma magnivelare		CA		Québec	PRESENT		28eb1a3f-1c15-4a95-931a-4af90ecb574d	45.660204	-74.246258	404.0						2023-10-14T11:46	14	10	2023	5241741	5241741	HUMAN_OBSERVATION	iNaturalist	Observations	188384980		Antoine Fortin	2023-10-21T15:00:45	CC_BY_NC_4_0	Antoine Fortin	Antoine Fortin			2025-01-14T12:40:30.541Z	StillImage	COORDINATE_ROUNDED;CONTINENT_DERIVED_FROM_COORDINATES;TAXON_MATCH_TAXON_ID_IGNORED
4420996480	50c9509d-22c7-4a22-a47d-8c48425ef4a7	https://www.inaturalist.org/observations/136207722	Fungi	Basidiomycota	Agaricomycetes	Agaricales	Tricholomataceae	Tricholoma	Tricholoma magnivelare		SPECIES	Tricholoma magnivelare (Peck) Redhead	Tricholoma magnivelare		CA		Québec	PRESENT		28eb1a3f-1c15-4a95-931a-4af90ecb574d	48.655934	-72.455473	244.0						2022-09-23T16:19	23	9	2022	5241741	5241741	HUMAN_OBSERVATION	iNaturalist	Observations	136207722		Paul Vézina	2022-09-23T21:50:06	CC_BY_NC_4_0	Paul Vézina	Paul Vézina			2025-01-14T12:32:42.551Z	StillImage	COORDINATE_ROUNDED;CONTINENT_DERIVED_FROM_COORDINATES;TAXON_MATCH_TAXON_ID_IGNORED
4420760155	50c9509d-22c7-4a22-a47d-8c48425ef4a7	https://www.inaturalist.org/observations/185451306	Fungi	Basidiomycota	Agaricomycetes	Agaricales	Tricholomataceae	Tricholoma	Tricholoma magnivelare		SPECIES	Tricholoma magnivelare (Peck) Redhead	Tricholoma magnivelare		CA		New Brunswick	PRESENT		28eb1a3f-1c15-4a95-931a-4af90ecb574d	46.127835	-64.845809							2023-09-29T14:03:47	29	9	2023	5241741	5241741	HUMAN_OBSERVATION	iNaturalist	Observations	185451306		Matthea Schumpelt	2023-09-30T02:22:26	CC0_1_0	Andrew MacPherson	Andrew MacPherson			2025-01-14T13:32:55.326Z	StillImage	COORDINATE_ROUNDED;CONTINENT_DERIVED_FROM_COORDINATES;TAXON_MATCH_TAXON_ID_IGNORED
4416661725	50c9509d-22c7-4a22-a47d-8c48425ef4a7	https://www.inaturalist.org/observations/183854464	Fungi	Basidiomycota	Agaricomycetes	Agaricales	Tricholomataceae	Tricholoma	Tricholoma magnivelare		SPECIES	Tricholoma magnivelare (Peck) Redhead	Tricholoma magnivelare		CA		Ontario	PRESENT		28eb1a3f-1c15-4a95-931a-4af90ecb574d	45.325512	-78.913788	27190.0						2023-09-17T17:43	17	9	2023	5241741	5241741	HUMAN_OBSERVATION	iNaturalist	Observations	183854464		Ben	2023-09-18T15:37:03	CC_BY_NC_4_0	Ben	Ben			2025-01-14T12:42:15.485Z	StillImage	COORDINATE_ROUNDED;CONTINENT_DERIVED_FROM_COORDINATES;TAXON_MATCH_TAXON_ID_IGNORED
4414179671	50c9509d-22c7-4a22-a47d-8c48425ef4a7	https://www.inaturalist.org/observations/183745929	Fungi	Basidiomycota	Agaricomycetes	Agaricales	Tricholomataceae	Tricholoma	Tricholoma magnivelare		SPECIES	Tricholoma magnivelare (Peck) Redhead	Tricholoma magnivelare		CA		Québec	PRESENT		28eb1a3f-1c15-4a95-931a-4af90ecb574d	48.148913	-69.710604	8.0						2023-09-17T17:50:39	17	9	2023	5241741	5241741	HUMAN_OBSERVATION	iNaturalist	Observations	183745929		birderbb	2023-09-17T21:55:20	CC_BY_NC_4_0	birderbb	birderbb			2025-01-14T12:41:41.189Z	StillImage	COORDINATE_ROUNDED;CONTINENT_DERIVED_FROM_COORDINATES;TAXON_MATCH_TAXON_ID_IGNORED
4407359149	50c9509d-22c7-4a22-a47d-8c48425ef4a7	https://www.inaturalist.org/observations/181578041	Fungi	Basidiomycota	Agaricomycetes	Agaricales	Tricholomataceae	Tricholoma	Tricholoma magnivelare		SPECIES	Tricholoma magnivelare (Peck) Redhead	Tricholoma magnivelare		CA		Québec	PRESENT		28eb1a3f-1c15-4a95-931a-4af90ecb574d	48.126782	-77.793529	26743.0						2023-09-03T10:08:55	3	9	2023	5241741	5241741	HUMAN_OBSERVATION	iNaturalist	Observations	181578041		timfoster	2023-09-03T16:00:00	CC_BY_NC_4_0	timfoster	timfoster			2025-01-14T14:11:35.035Z	StillImage	COORDINATE_ROUNDED;CONTINENT_DERIVED_FROM_COORDINATES;TAXON_MATCH_TAXON_ID_IGNORED
4400368055	50c9509d-22c7-4a22-a47d-8c48425ef4a7	https://www.inaturalist.org/observations/178606717	Fungi	Basidiomycota	Agaricomycetes	Agaricales	Tricholomataceae	Tricholoma	Tricholoma magnivelare		SPECIES	Tricholoma magnivelare (Peck) Redhead	Tricholoma magnivelare		CA		Québec	PRESENT		28eb1a3f-1c15-4a95-931a-4af90ecb574d	48.669229	-72.452915	26646.0						2023-08-15T16:35	15	8	2023	5241741	5241741	HUMAN_OBSERVATION	iNaturalist	Observations	178606717		Paul Vézina	2023-08-15T22:58:54	CC_BY_NC_4_0	Paul Vézina	Paul Vézina			2025-01-14T12:41:31.028Z	StillImage	COORDINATE_ROUNDED;CONTINENT_DERIVED_FROM_COORDINATES;TAXON_MATCH_TAXON_ID_IGNORED
4080472474	50c9509d-22c7-4a22-a47d-8c48425ef4a7	https://www.inaturalist.org/observations/135581538	Fungi	Basidiomycota	Agaricomycetes	Agaricales	Tricholomataceae	Tricholoma	Tricholoma magnivelare		SPECIES	Tricholoma magnivelare (Peck) Redhead	Tricholoma magnivelare		CA		Québec	PRESENT		28eb1a3f-1c15-4a95-931a-4af90ecb574d	46.283055	-73.411021	913.0						2022-09-16T10:08	16	9	2022	5241741	5241741	HUMAN_OBSERVATION	iNaturalist	Observations	135581538		Sigrid Jakob	2022-09-18T21:31:18	CC0_1_0	Sigrid Jakob	Sigrid Jakob			2025-01-14T12:31:37.860Z	StillImage	COORDINATE_ROUNDED;CONTINENT_DERIVED_FROM_COORDINATES;TAXON_MATCH_TAXON_ID_IGNORED
4046232577	50c9509d-22c7-4a22-a47d-8c48425ef4a7	https://www.inaturalist.org/observations/141657952	Fungi	Basidiomycota	Agaricomycetes	Agaricales	Tricholomataceae	Tricholoma	Tricholoma magnivelare		SPECIES	Tricholoma magnivelare (Peck) Redhead	Tricholoma magnivelare		CA		New Brunswick	PRESENT		28eb1a3f-1c15-4a95-931a-4af90ecb574d	45.543986	-65.025153	200.0						2021-09-29T12:39	29	9	2021	5241741	5241741	HUMAN_OBSERVATION	iNaturalist	Observations	141657952		Alfredo Justo	2022-11-11T01:20:22	CC_BY_NC_4_0	Alfredo Justo	Alfredo Justo			2025-01-14T13:26:12.354Z	StillImage	COORDINATE_ROUNDED;CONTINENT_DERIVED_FROM_COORDINATES;TAXON_MATCH_TAXON_ID_IGNORED
4028743071	50c9509d-22c7-4a22-a47d-8c48425ef4a7	https://www.inaturalist.org/observations/135581160	Fungi	Basidiomycota	Agaricomycetes	Agaricales	Tricholomataceae	Tricholoma	Tricholoma magnivelare		SPECIES	Tricholoma magnivelare (Peck) Redhead	Tricholoma magnivelare		CA		Québec	PRESENT		28eb1a3f-1c15-4a95-931a-4af90ecb574d	46.023742	-73.697099	97.0						2022-09-17T09:59	17	9	2022	5241741	5241741	HUMAN_OBSERVATION	iNaturalist	Observations	135581160		Bethany Beech	2022-09-18T21:28:28	CC_BY_NC_4_0	Bethany Beech	Bethany Beech			2025-01-14T12:32:47.769Z	StillImage	COORDINATE_ROUNDED;CONTINENT_DERIVED_FROM_COORDINATES;TAXON_MATCH_TAXON_ID_IGNORED
3994194569	50c9509d-22c7-4a22-a47d-8c48425ef4a7	https://www.inaturalist.org/observations/138197573	Fungi	Basidiomycota	Agaricomycetes	Agaricales	Tricholomataceae	Tricholoma	Tricholoma magnivelare		SPECIES	Tricholoma magnivelare (Peck) Redhead	Tricholoma magnivelare		CA		Québec	PRESENT		28eb1a3f-1c15-4a95-931a-4af90ecb574d	45.677488	-75.564942	16.0						2022-09-21T18:06:54	21	9	2022	5241741	5241741	HUMAN_OBSERVATION	iNaturalist	Observations	138197573		John	2022-12-07T21:46:27	CC_BY_NC_4_0	rolloverclover	rolloverclover			2025-01-14T13:25:14.756Z	StillImage	COORDINATE_ROUNDED;CONTINENT_DERIVED_FROM_COORDINATES;TAXON_MATCH_TAXON_ID_IGNORED
3966499902	50c9509d-22c7-4a22-a47d-8c48425ef4a7	https://www.inaturalist.org/observations/141661285	Fungi	Basidiomycota	Agaricomycetes	Agaricales	Tricholomataceae	Tricholoma	Tricholoma magnivelare		SPECIES	Tricholoma magnivelare (Peck) Redhead	Tricholoma magnivelare		CA		New Brunswick	PRESENT		28eb1a3f-1c15-4a95-931a-4af90ecb574d	45.486514	-65.310142	71.0						2021-10-09T14:20	9	10	2021	5241741	5241741	HUMAN_OBSERVATION	iNaturalist	Observations	141661285		Alfredo Justo	2022-11-11T02:14:16	CC_BY_NC_4_0	Alfredo Justo	Alfredo Justo			2025-01-14T12:32:15.828Z	StillImage	COORDINATE_ROUNDED;CONTINENT_DERIVED_FROM_COORDINATES;TAXON_MATCH_TAXON_ID_IGNORED
3912005434	50c9509d-22c7-4a22-a47d-8c48425ef4a7	https://www.inaturalist.org/observations/102848394	Fungi	Basidiomycota	Agaricomycetes	Agaricales	Tricholomataceae	Tricholoma	Tricholoma magnivelare		SPECIES	Tricholoma magnivelare (Peck) Redhead	Tricholoma magnivelare		CA		New Brunswick	PRESENT		28eb1a3f-1c15-4a95-931a-4af90ecb574d	46.385178	-64.649755	298.0						2021-09-29T16:51	29	9	2021	5241741	5241741	HUMAN_OBSERVATION	iNaturalist	Observations	102848394		Stuart Tingley	2021-12-11T02:21:10	CC_BY_NC_4_0	Stuart Tingley	Stuart Tingley			2025-01-14T13:12:43.959Z	StillImage	COORDINATE_ROUNDED;CONTINENT_DERIVED_FROM_COORDINATES;TAXON_MATCH_TAXON_ID_IGNORED
3456805603	50c9509d-22c7-4a22-a47d-8c48425ef4a7	https://www.inaturalist.org/observations/102443177	Fungi	Basidiomycota	Agaricomycetes	Agaricales	Tricholomataceae	Tricholoma	Tricholoma magnivelare		SPECIES	Tricholoma magnivelare (Peck) Redhead	Tricholoma magnivelare		CA		New Brunswick	PRESENT		28eb1a3f-1c15-4a95-931a-4af90ecb574d	46.389245	-64.618661	8.0						2021-09-27T16:33	27	9	2021	5241741	5241741	HUMAN_OBSERVATION	iNaturalist	Observations	102443177		Stuart Tingley	2021-12-04T02:38:53	CC_BY_NC_4_0	Stuart Tingley	Stuart Tingley			2025-01-14T13:18:35.825Z	StillImage	COORDINATE_ROUNDED;CONTINENT_DERIVED_FROM_COORDINATES;TAXON_MATCH_TAXON_ID_IGNORED
3391692961	50c9509d-22c7-4a22-a47d-8c48425ef4a7	https://www.inaturalist.org/observations/97849907	Fungi	Basidiomycota	Agaricomycetes	Agaricales	Tricholomataceae	Tricholoma	Tricholoma magnivelare		SPECIES	Tricholoma magnivelare (Peck) Redhead	Tricholoma magnivelare		CA		New Brunswick	PRESENT		28eb1a3f-1c15-4a95-931a-4af90ecb574d	46.216488	-64.599529							2021-10-03T17:26:13	3	10	2021	5241741	5241741	HUMAN_OBSERVATION	iNaturalist	Observations	97849907		Alfredo Justo	2021-10-12T01:02:50	CC_BY_NC_4_0	Laura Berry	Laura Berry			2025-01-14T12:23:28.100Z	StillImage	COORDINATE_ROUNDED;CONTINENT_DERIVED_FROM_COORDINATES;TAXON_MATCH_TAXON_ID_IGNORED
3351907407	d8cd16ba-bb74-4420-821e-083f2bac17c2	MW628047	Fungi	Basidiomycota	Agaricomycetes	Agaricales	Tricholomataceae	Tricholoma	Tricholoma magnivelare		SPECIES	Tricholoma magnivelare (Peck) Redhead	Tricholoma magnivelare		CA	Quebec, Hervey-Jonction, Zec Tawachiche, pres de la voie de chemin de fer		PRESENT		ada9d123-ddb4-467d-8891-806ea8d94230	46.92	-72.47							2014-09-28	28	9	2014	5241741	5241741	PRESERVED_SPECIMEN			MQ20-HRL1887-QFB32638		Renee Lebeuf		CC_BY_4_0		Renee Lebeuf			2025-01-18T13:04:53.456Z		GEODETIC_DATUM_ASSUMED_WGS84;CONTINENT_DERIVED_FROM_COORDINATES;TAXON_MATCH_TAXON_CONCEPT_ID_IGNORED;TAXON_MATCH_TAXON_ID_IGNORED
3351825839	d8cd16ba-bb74-4420-821e-083f2bac17c2	MW628034	Fungi	Basidiomycota	Agaricomycetes	Agaricales	Tricholomataceae	Tricholoma	Tricholoma magnivelare		SPECIES	Tricholoma magnivelare (Peck) Redhead	Tricholoma magnivelare		CA	Quebec, Tadoussac, dunes		PRESENT		ada9d123-ddb4-467d-8891-806ea8d94230	48.16	-69.67							2019-07-31	31	7	2019	5241741	5241741	PRESERVED_SPECIMEN			MQ20-HL1613-QFB32585		Herman Lambert		CC_BY_4_0		Herman Lambert			2025-01-18T13:04:53.329Z		GEODETIC_DATUM_ASSUMED_WGS84;CONTINENT_DERIVED_FROM_COORDINATES;TAXON_MATCH_TAXON_CONCEPT_ID_IGNORED;TAXON_MATCH_TAXON_ID_IGNORED
3349541526	d8cd16ba-bb74-4420-821e-083f2bac17c2	MW627949	Fungi	Basidiomycota	Agaricomycetes	Agaricales	Tricholomataceae	Tricholoma	Tricholoma magnivelare		SPECIES	Tricholoma magnivelare (Peck) Redhead	Tricholoma magnivelare		CA	Quebec, Lachute		PRESENT		ada9d123-ddb4-467d-8891-806ea8d94230	45.66	-74.29							1998-09-09	9	9	1998	5241741	5241741	PRESERVED_SPECIMEN			MQ20-YL-CMMF003282		Yves Lamoureux		CC_BY_4_0		Yves Lamoureux			2025-01-18T13:04:53.238Z		GEODETIC_DATUM_ASSUMED_WGS84;CONTINENT_DERIVED_FROM_COORDINATES;TAXON_MATCH_TAXON_CONCEPT_ID_IGNORED;TAXON_MATCH_TAXON_ID_IGNORED
3349514529	d8cd16ba-bb74-4420-821e-083f2bac17c2	MW628011	Fungi	Basidiomycota	Agaricomycetes	Agaricales	Tricholomataceae	Tricholoma	Tricholoma magnivelare		SPECIES	Tricholoma magnivelare (Peck) Redhead	Tricholoma magnivelare		CA	Quebec, Sacre-Coeur, cypres		PRESENT		ada9d123-ddb4-467d-8891-806ea8d94230	48.22	-69.07							2009-09-25	25	9	2009	5241741	5241741	PRESERVED_SPECIMEN			MQ20-HL0664-QFB31076		Herman Lambert		CC_BY_4_0		Herman Lambert			2025-01-18T13:04:53.265Z		GEODETIC_DATUM_ASSUMED_WGS84;CONTINENT_DERIVED_FROM_COORDINATES;TAXON_MATCH_TAXON_CONCEPT_ID_IGNORED;TAXON_MATCH_TAXON_ID_IGNORED
3349487649	d8cd16ba-bb74-4420-821e-083f2bac17c2	MW627905	Fungi	Basidiomycota	Agaricomycetes	Agaricales	Tricholomataceae	Tricholoma	Tricholoma magnivelare		SPECIES	Tricholoma magnivelare (Peck) Redhead	Tricholoma magnivelare		CA	Quebec, Lachute		PRESENT		ada9d123-ddb4-467d-8891-806ea8d94230	45.66	-74.29							1991-10-05	5	10	1991	5241741	5241741	PRESERVED_SPECIMEN			MQ20-YL-CMMF001543		Yves Lamoureux		CC_BY_4_0		Yves Lamoureux			2025-01-18T13:04:53.386Z		GEODETIC_DATUM_ASSUMED_WGS84;CONTINENT_DERIVED_FROM_COORDINATES;TAXON_MATCH_TAXON_CONCEPT_ID_IGNORED;TAXON_MATCH_TAXON_ID_IGNORED
3349458455	d8cd16ba-bb74-4420-821e-083f2bac17c2	MW627943	Fungi	Basidiomycota	Agaricomycetes	Agaricales	Tricholomataceae	Tricholoma	Tricholoma magnivelare		SPECIES	Tricholoma magnivelare (Peck) Redhead	Tricholoma magnivelare		CA	Quebec, Amos, Trecesson		PRESENT		ada9d123-ddb4-467d-8891-806ea8d94230	48.59	-78.24							2010-09-09	9	9	2010	5241741	5241741	PRESERVED_SPECIMEN			MQ20-HL0895-QFB31080		Herman Lambert		CC_BY_4_0		Herman Lambert			2025-01-18T13:04:53.446Z		GEODETIC_DATUM_ASSUMED_WGS84;CONTINENT_DERIVED_FROM_COORDINATES;TAXON_MATCH_TAXON_CONCEPT_ID_IGNORED;TAXON_MATCH_TAXON_ID_IGNORED
3349434702	d8cd16ba-bb74-4420-821e-083f2bac17c2	MW628074	Fungi	Basidiomycota	Agaricomycetes	Agaricales	Tricholomataceae	Tricholoma	Tricholoma magnivelare		SPECIES	Tricholoma magnivelare (Peck) Redhead	Tricholoma magnivelare		CA	Quebec, Lachute		PRESENT		ada9d123-ddb4-467d-8891-806ea8d94230	45.66	-74.29							1988-10-08	8	10	1988	5241741	5241741	PRESERVED_SPECIMEN			MQ20-YL-CMMF000411		Yves Lamoureux		CC_BY_4_0		Yves Lamoureux			2025-01-18T13:04:53.292Z		GEODETIC_DATUM_ASSUMED_WGS84;CONTINENT_DERIVED_FROM_COORDINATES;TAXON_MATCH_TAXON_CONCEPT_ID_IGNORED;TAXON_MATCH_TAXON_ID_IGNORED
3349434699	d8cd16ba-bb74-4420-821e-083f2bac17c2	MW627958	Fungi	Basidiomycota	Agaricomycetes	Agaricales	Tricholomataceae	Tricholoma	Tricholoma magnivelare		SPECIES	Tricholoma magnivelare (Peck) Redhead	Tricholoma magnivelare		CA	Quebec, Ste-Gertrude-Manneville, Pinede de pins gris		PRESENT		ada9d123-ddb4-467d-8891-806ea8d94230	48.52	-78.46							2016-09-24	24	9	2016	5241741	5241741	PRESERVED_SPECIMEN			MQ20-pat24091604		Patrick Poitras		CC_BY_4_0		Patrick Poitras			2025-01-18T13:05:53.701Z		GEODETIC_DATUM_ASSUMED_WGS84;CONTINENT_DERIVED_FROM_COORDINATES;TAXON_MATCH_TAXON_CONCEPT_ID_IGNORED;TAXON_MATCH_TAXON_ID_IGNORED
3349433649	d8cd16ba-bb74-4420-821e-083f2bac17c2	MW627894	Fungi	Basidiomycota	Agaricomycetes	Agaricales	Tricholomataceae	Tricholoma	Tricholoma magnivelare		SPECIES	Tricholoma magnivelare (Peck) Redhead	Tricholoma magnivelare		CA	Quebec, Ste-Gertrude-Manneville, Pinede de pins gris		PRESENT		ada9d123-ddb4-467d-8891-806ea8d94230	48.52	-78.46							2012-09-15	15	9	2012	5241741	5241741	PRESERVED_SPECIMEN			MQ20-pat15091206		Herman Lambert		CC_BY_4_0		Patrick Poitras			2025-01-18T13:05:53.760Z		GEODETIC_DATUM_ASSUMED_WGS84;CONTINENT_DERIVED_FROM_COORDINATES;TAXON_MATCH_TAXON_CONCEPT_ID_IGNORED;TAXON_MATCH_TAXON_ID_IGNORED
3349346504	d8cd16ba-bb74-4420-821e-083f2bac17c2	MW627995	Fungi	Basidiomycota	Agaricomycetes	Agaricales	Tricholomataceae	Tricholoma	Tricholoma magnivelare		SPECIES	Tricholoma magnivelare (Peck) Redhead	Tricholoma magnivelare		CA	Quebec, Amos		PRESENT		ada9d123-ddb4-467d-8891-806ea8d94230	48.5	-78.2							2012-09-15	15	9	2012	5241741	5241741	PRESERVED_SPECIMEN			MQ20-HRL1258-QFB32625		Andre Paul		CC_BY_4_0		Andre Paul			2025-01-18T13:05:53.702Z		GEODETIC_DATUM_ASSUMED_WGS84;CONTINENT_DERIVED_FROM_COORDINATES;TAXON_MATCH_TAXON_CONCEPT_ID_IGNORED;TAXON_MATCH_TAXON_ID_IGNORED
3058752054	50c9509d-22c7-4a22-a47d-8c48425ef4a7	https://www.inaturalist.org/observations/70769927	Fungi	Basidiomycota	Agaricomycetes	Agaricales	Tricholomataceae	Tricholoma	Tricholoma magnivelare		SPECIES	Tricholoma magnivelare (Peck) Redhead	Tricholoma magnivelare		CA		Ontario	PRESENT		28eb1a3f-1c15-4a95-931a-4af90ecb574d	45.833332	-78.483494	61355.0						2016-09-15T16:24	15	9	2016	5241741	5241741	HUMAN_OBSERVATION	iNaturalist	Observations	70769927		Garrett Taylor	2021-03-07T21:42:51	CC0_1_0	Garrett Taylor	Garrett Taylor			2025-01-14T12:16:25.537Z	StillImage	COORDINATE_ROUNDED;CONTINENT_DERIVED_FROM_COORDINATES;TAXON_MATCH_TAXON_ID_IGNORED
2992814525	50c9509d-22c7-4a22-a47d-8c48425ef4a7	https://www.inaturalist.org/observations/63030958	Fungi	Basidiomycota	Agaricomycetes	Agaricales	Tricholomataceae	Tricholoma	Tricholoma magnivelare		SPECIES	Tricholoma magnivelare (Peck) Redhead	Tricholoma magnivelare		CA		Nova Scotia	PRESENT		28eb1a3f-1c15-4a95-931a-4af90ecb574d	45.059636	-64.593012	527.0						2020-10-19T15:46	19	10	2020	5241741	5241741	HUMAN_OBSERVATION	iNaturalist	Observations	63030958		Dr. Allison Walker	2020-10-19T18:48:14	CC_BY_NC_4_0	Dr. Allison Walker	Dr. Allison Walker			2025-01-14T12:15:09.799Z	StillImage	COORDINATE_ROUNDED;CONTINENT_DERIVED_FROM_COORDINATES;TAXON_MATCH_TAXON_ID_IGNORED
2901508319	50c9509d-22c7-4a22-a47d-8c48425ef4a7	https://www.inaturalist.org/observations/17295955	Fungi	Basidiomycota	Agaricomycetes	Agaricales	Tricholomataceae	Tricholoma	Tricholoma magnivelare		SPECIES	Tricholoma magnivelare (Peck) Redhead	Tricholoma magnivelare		CA		Ontario	PRESENT		28eb1a3f-1c15-4a95-931a-4af90ecb574d	45.569905	-78.679763	48.0						2018-10-07T10:22:37	7	10	2018	5241741	5241741	HUMAN_OBSERVATION	iNaturalist	Observations	17295955				CC_BY_NC_4_0	Angela Skevington	Angela Skevington			2025-01-14T13:05:57.287Z	StillImage	COORDINATE_ROUNDED;CONTINENT_DERIVED_FROM_COORDINATES;TAXON_MATCH_TAXON_ID_IGNORED
2597691834	50c9509d-22c7-4a22-a47d-8c48425ef4a7	https://www.inaturalist.org/observations/38785988	Fungi	Basidiomycota	Agaricomycetes	Agaricales	Tricholomataceae	Tricholoma	Tricholoma magnivelare		SPECIES	Tricholoma magnivelare (Peck) Redhead	Tricholoma magnivelare		CA		Québec	PRESENT		28eb1a3f-1c15-4a95-931a-4af90ecb574d	48.50564	-79.15184	15.0						2019-10-04T16:38	4	10	2019	5241741	5241741	HUMAN_OBSERVATION	iNaturalist	Observations	38785988		Louis Imbeau	2020-02-18T04:55:48	CC_BY_NC_4_0	Louis Imbeau	Louis Imbeau			2025-01-14T13:07:04.436Z	StillImage	CONTINENT_DERIVED_FROM_COORDINATES;TAXON_MATCH_TAXON_ID_IGNORED
2573932427	50c9509d-22c7-4a22-a47d-8c48425ef4a7	https://www.inaturalist.org/observations/38785349	Fungi	Basidiomycota	Agaricomycetes	Agaricales	Tricholomataceae	Tricholoma	Tricholoma magnivelare		SPECIES	Tricholoma magnivelare (Peck) Redhead	Tricholoma magnivelare		CA		Québec	PRESENT		28eb1a3f-1c15-4a95-931a-4af90ecb574d	48.50676	-79.15196	15.0						2019-10-04T16:29	4	10	2019	5241741	5241741	HUMAN_OBSERVATION	iNaturalist	Observations	38785349		Louis Imbeau	2020-02-18T04:28:21	CC_BY_NC_4_0	Louis Imbeau	Louis Imbeau			2025-01-14T12:11:44.244Z	StillImage	CONTINENT_DERIVED_FROM_COORDINATES;TAXON_MATCH_TAXON_ID_IGNORED
1847645709	50c9509d-22c7-4a22-a47d-8c48425ef4a7	https://www.inaturalist.org/observations/9575248	Fungi	Basidiomycota	Agaricomycetes	Agaricales	Tricholomataceae	Tricholoma	Tricholoma magnivelare		SPECIES	Tricholoma magnivelare (Peck) Redhead	Tricholoma magnivelare		CA		Ontario	PRESENT		28eb1a3f-1c15-4a95-931a-4af90ecb574d	45.69085	-78.32155	84661.0						2006-09-25	25	9	2006	5241741	5241741	HUMAN_OBSERVATION	iNaturalist	Observations	9575248		mycowalt	2018-01-23T16:37:48	CC_BY_NC_4_0	mycowalt	mycowalt			2025-01-14T12:04:27.787Z	StillImage	CONTINENT_DERIVED_FROM_COORDINATES;TAXON_MATCH_TAXON_ID_IGNORED
1412706273	21705170-d2b6-42de-8904-c3bca4b83591	CMMF014794	Fungi	Basidiomycota	Agaricomycetes	Agaricales	Tricholomataceae	Tricholoma	Tricholoma magnivelare		SPECIES	Tricholoma magnivelare (Peck) Redhead	Tricholoma magnivelare (Peck) Redhead	(Peck) Redhead	CA	Lac Kenogami, Québec.	Québec	PRESENT		ff7bd5db-b724-4932-b496-10ea298851f9	48.323075	-71.334535	20000.0						1992-10-08	8	10	1992	5241741	5241741	PRESERVED_SPECIMEN	Université de Montréal Biodiversity Centre	CMMF	CMMF014794	1496	Guérin, Gérard		CC0_1_0	Université de Montréal Biodiversity Centre	Guérin, Gérard			2024-01-24T16:38:20.535Z	StillImage	INSTITUTION_MATCH_FUZZY;COLLECTION_MATCH_FUZZY;DIFFERENT_OWNER_INSTITUTION
1135068425	21705170-d2b6-42de-8904-c3bca4b83591	CMMF006990	Fungi	Basidiomycota	Agaricomycetes	Agaricales	Tricholomataceae	Tricholoma	Tricholoma magnivelare		SPECIES	Tricholoma magnivelare (Peck) Redhead	Tricholoma magnivelare (Peck) Redhead	(Peck) Redhead	CA	Lachute	Québec	PRESENT		ff7bd5db-b724-4932-b496-10ea298851f9	45.66275	-74.241983	100.0						2008-09-13	13	9	2008	5241741	5241741	PRESERVED_SPECIMEN	Université de Montréal Biodiversity Centre	CMMF	CMMF006990	Inexistant	McNeil, Raymond		CC0_1_0	Université de Montréal Biodiversity Centre	McNeil, Raymond			2024-01-24T16:38:19.615Z	StillImage	COORDINATE_ROUNDED;INSTITUTION_MATCH_FUZZY;COLLECTION_MATCH_FUZZY;DIFFERENT_OWNER_INSTITUTION
1135068421	21705170-d2b6-42de-8904-c3bca4b83591	CMMF006934	Fungi	Basidiomycota	Agaricomycetes	Agaricales	Tricholomataceae	Tricholoma	Tricholoma magnivelare		SPECIES	Tricholoma magnivelare (Peck) Redhead	Tricholoma magnivelare (Peck) Redhead	(Peck) Redhead	CA	Lachute	Québec	PRESENT		ff7bd5db-b724-4932-b496-10ea298851f9	45.66275	-74.241983	100.0						2006-10-13	13	10	2006	5241741	5241741	PRESERVED_SPECIMEN	Université de Montréal Biodiversity Centre	CMMF	CMMF006934	C3036	McNeil, Raymond		CC0_1_0	Université de Montréal Biodiversity Centre	McNeil, Raymond			2024-01-24T16:38:18.637Z	StillImage	COORDINATE_ROUNDED;INSTITUTION_MATCH_FUZZY;COLLECTION_MATCH_FUZZY;DIFFERENT_OWNER_INSTITUTION
1135068354	21705170-d2b6-42de-8904-c3bca4b83591	CMMF006973	Fungi	Basidiomycota	Agaricomycetes	Agaricales	Tricholomataceae	Tricholoma	Tricholoma magnivelare		SPECIES	Tricholoma magnivelare (Peck) Redhead	Tricholoma magnivelare (Peck) Redhead	(Peck) Redhead	CA	Lachute	Québec	PRESENT		ff7bd5db-b724-4932-b496-10ea298851f9	45.66275	-74.241983	100.0						2010-10-06	6	10	2010	5241741	5241741	PRESERVED_SPECIMEN	Université de Montréal Biodiversity Centre	CMMF	CMMF006973	C3785	McNeil, Raymond		CC0_1_0	Université de Montréal Biodiversity Centre	McNeil, Raymond			2024-01-24T16:38:19.588Z	StillImage	COORDINATE_ROUNDED;INSTITUTION_MATCH_FUZZY;COLLECTION_MATCH_FUZZY;DIFFERENT_OWNER_INSTITUTION
1135068272	21705170-d2b6-42de-8904-c3bca4b83591	CMMF006874	Fungi	Basidiomycota	Agaricomycetes	Agaricales	Tricholomataceae	Tricholoma	Tricholoma magnivelare		SPECIES	Tricholoma magnivelare (Peck) Redhead	Tricholoma magnivelare (Peck) Redhead	(Peck) Redhead	CA	Lachute	Québec	PRESENT		ff7bd5db-b724-4932-b496-10ea298851f9	45.66275	-74.241983	100.0						2004-09-20	20	9	2004	5241741	5241741	PRESERVED_SPECIMEN	Université de Montréal Biodiversity Centre	CMMF	CMMF006874	C2035	McNeil, Raymond		CC0_1_0	Université de Montréal Biodiversity Centre	McNeil, Raymond			2024-01-24T16:38:18.662Z	StillImage	COORDINATE_ROUNDED;INSTITUTION_MATCH_FUZZY;COLLECTION_MATCH_FUZZY;DIFFERENT_OWNER_INSTITUTION
1135068200	21705170-d2b6-42de-8904-c3bca4b83591	CMMF006842	Fungi	Basidiomycota	Agaricomycetes	Agaricales	Tricholomataceae	Tricholoma	Tricholoma magnivelare		SPECIES	Tricholoma magnivelare (Peck) Redhead	Tricholoma magnivelare (Peck) Redhead	(Peck) Redhead	CA	Lachute	Québec	PRESENT		ff7bd5db-b724-4932-b496-10ea298851f9	45.66275	-74.241983	100.0						1981-09-19	19	9	1981	5241741	5241741	PRESERVED_SPECIMEN	Université de Montréal Biodiversity Centre	CMMF	CMMF006842	1316	McNeil, Raymond		CC0_1_0	Université de Montréal Biodiversity Centre	McNeil, Raymond			2024-01-24T16:38:18.657Z	StillImage	COORDINATE_ROUNDED;INSTITUTION_MATCH_FUZZY;COLLECTION_MATCH_FUZZY;DIFFERENT_OWNER_INSTITUTION
