gbifID	datasetKey	occurrenceID	kingdom	phylum	class	order	family	genus	species	infraspecificEpithet	taxonRank	scientificName	verbatimScientificName	verbatimScientificNameAuthorship	countryCode	locality	stateProvince	occurrenceStatus	individualCount	publishingOrgKey	decimalLatitude	decimalLongitude	coordinateUncertaintyInMeters	coordinatePrecision	elevation	elevationAccuracy	depth	depthAccuracy	eventDate	day	month	year	taxonKey	speciesKey	basisOfRecord	institutionCode	collectionCode	catalogNumber	recordNumber	identifiedBy	dateIdentified	license	rightsHolder	recordedBy	typeStatus	establishmentMeans	lastInterpreted	mediaType	issue
694157384	d7cfd2ed-8af4-427f-a16e-eb66b7e2c419	16148	Fungi	Basidiomycota	Agaricomycetes	Agaricales	Tricholomataceae	Clitocybe	Clitocybe odora		SPECIES	Clitocybe odora (Bull.) P.Kumm.	Clitocybe odora (Bull.) P. Kumm	(Bull.) P. Kumm	CA	Ottawa, Conroy Road	Ontario	PRESENT		ff418020-1d67-11d9-8435-b8a03c50a862	45.359986	-75.617008	2893.0						1965-08-24	24	8	1965	2531124	2531124	PRESERVED_SPECIMEN	Royal Ontario Museum	TRTC	TRTC151615		Groves, J.W.		CC0_1_0	Royal Ontario Museum	Groves, J.W.; Elliott, M.E.			2024-01-25T00:59:38.870Z		COORDINATE_ROUNDED;AMBIGUOUS_INSTITUTION
694157270	d7cfd2ed-8af4-427f-a16e-eb66b7e2c419	15492	Fungi	Basidiomycota	Agaricomycetes	Agaricales	Tricholomataceae	Clitocybe	Clitocybe odora	alba	VARIETY	Clitocybe odora var. alba J.E.Lange	Clitocybe odora var. alba J.E. Lange	J.E. Lange	CA	Lake Clear	Ontario	PRESENT		ff418020-1d67-11d9-8435-b8a03c50a862	45.441104	-77.190971	4299.0						1958-10-12	12	10	1958	2531130	2531124	PRESERVED_SPECIMEN	Royal Ontario Museum	TRTC	TRTC034487		Cain, R.F.		CC0_1_0	Royal Ontario Museum	Lennox, E.			2024-01-25T00:59:40.268Z		COORDINATE_ROUNDED;AMBIGUOUS_INSTITUTION
694157131	d7cfd2ed-8af4-427f-a16e-eb66b7e2c419	14430	Fungi	Basidiomycota	Agaricomycetes	Agaricales	Tricholomataceae	Clitocybe	Clitocybe odora		SPECIES	Clitocybe odora (Bull.) P.Kumm.	Clitocybe odora (Bull.) P. Kumm	(Bull.) P. Kumm	CA	University of Toronto Forest	Ontario	PRESENT		ff418020-1d67-11d9-8435-b8a03c50a862	45.183005	-78.85025	7575.0						1964-09-18	18	9	1964	2531124	2531124	PRESERVED_SPECIMEN	Royal Ontario Museum	TRTC	TRTC042720		Cain, R.F.		CC0_1_0	Royal Ontario Museum	Cain, R.F.			2024-01-25T00:59:40.708Z		COORDINATE_ROUNDED;AMBIGUOUS_INSTITUTION
694157099	d7cfd2ed-8af4-427f-a16e-eb66b7e2c419	14348	Fungi	Basidiomycota	Agaricomycetes	Agaricales	Tricholomataceae	Clitocybe	Clitocybe odora		SPECIES	Clitocybe odora (Bull.) P.Kumm.	Clitocybe odora (Bull.) P. Kumm	(Bull.) P. Kumm	CA	University of Toronto Forest	Ontario	PRESENT		ff418020-1d67-11d9-8435-b8a03c50a862	45.183005	-78.85025	7575.0						1963-09-15	15	9	1963	2531124	2531124	PRESERVED_SPECIMEN	Royal Ontario Museum	TRTC	TRTC040929		Cain, R.F.		CC0_1_0	Royal Ontario Museum	Cain, R.F.			2024-01-25T00:59:40.567Z		COORDINATE_ROUNDED;AMBIGUOUS_INSTITUTION
694157062	d7cfd2ed-8af4-427f-a16e-eb66b7e2c419	14237	Fungi	Basidiomycota	Agaricomycetes	Agaricales	Tricholomataceae	Clitocybe	Clitocybe odora		SPECIES	Clitocybe odora (Bull.) P.Kumm.	Clitocybe odora (Bull.) P. Kumm	(Bull.) P. Kumm	CA	University of Toronto Forest	Ontario	PRESENT		ff418020-1d67-11d9-8435-b8a03c50a862	45.183005	-78.85025	7575.0						1966-09-17	17	9	1966	2531124	2531124	PRESERVED_SPECIMEN	Royal Ontario Museum	TRTC	TRTC044503				CC0_1_0	Royal Ontario Museum	Cain, R.F.			2024-01-25T00:59:40.416Z		COORDINATE_ROUNDED;AMBIGUOUS_INSTITUTION
617551133	21705170-d2b6-42de-8904-c3bca4b83591	CMMF000258	Fungi	Basidiomycota	Agaricomycetes	Agaricales	Tricholomataceae	Clitocybe	Clitocybe odora		SPECIES	Clitocybe odora (Bull.) P.Kumm.	Clitocybe odora (Bull.) P. Kumm.	(Bull.) P. Kumm.	CA	Knowlton	Québec	PRESENT		ff7bd5db-b724-4932-b496-10ea298851f9	45.21836	-72.508084	2000.0						1988-08-27	27	8	1988	2531124	2531124	PRESERVED_SPECIMEN	Université de Montréal Biodiversity Centre	CMMF	CMMF000258		Lamoureux, Yves		CC0_1_0	Université de Montréal Biodiversity Centre	Audet, Gisèle			2024-01-24T16:38:20.679Z	StillImage	INSTITUTION_MATCH_FUZZY;COLLECTION_MATCH_FUZZY;DIFFERENT_OWNER_INSTITUTION
617550859	21705170-d2b6-42de-8904-c3bca4b83591	CMMF002460	Fungi	Basidiomycota	Agaricomycetes	Agaricales	Tricholomataceae	Clitocybe	Clitocybe odora		SPECIES	Clitocybe odora (Bull.) P.Kumm.	Clitocybe odora (Bull.) P. Kumm.	(Bull.) P. Kumm.	CA	Laval	Québec	PRESENT		ff7bd5db-b724-4932-b496-10ea298851f9	45.609608	-73.705867	17500.0						1995-08-07	7	8	1995	2531124	2531124	PRESERVED_SPECIMEN	Université de Montréal Biodiversity Centre	CMMF	CMMF002460		Lamoureux, Yves		CC0_1_0	Université de Montréal Biodiversity Centre	Jargaille, Louis			2024-01-24T16:38:19.503Z	StillImage	INSTITUTION_MATCH_FUZZY;COLLECTION_MATCH_FUZZY;DIFFERENT_OWNER_INSTITUTION
617548506	21705170-d2b6-42de-8904-c3bca4b83591	CMMF001431	Fungi	Basidiomycota	Agaricomycetes	Agaricales	Tricholomataceae	Clitocybe	Clitocybe odora		SPECIES	Clitocybe odora (Bull.) P.Kumm.	Clitocybe odora (Bull.) P. Kumm.	(Bull.) P. Kumm.	CA	Mascouche	Québec	PRESENT		ff7bd5db-b724-4932-b496-10ea298851f9	45.76054	-73.608926	5000.0						1991-08-23	23	8	1991	2531124	2531124	PRESERVED_SPECIMEN	Université de Montréal Biodiversity Centre	CMMF	CMMF001431		Lamoureux, Yves		CC0_1_0	Université de Montréal Biodiversity Centre	Lamoureux, Yves			2024-01-24T16:38:17.600Z	StillImage	INSTITUTION_MATCH_FUZZY;COLLECTION_MATCH_FUZZY;DIFFERENT_OWNER_INSTITUTION
3349361224	d8cd16ba-bb74-4420-821e-083f2bac17c2	MN992318	Fungi	Basidiomycota	Agaricomycetes	Agaricales	Tricholomataceae	Clitocybe	Clitocybe odora		SPECIES	Clitocybe odora (Bull.) P.Kumm.	Clitocybe odora		CA	Quebec, Anticosti		PRESENT		ada9d123-ddb4-467d-8891-806ea8d94230	49.9	-64.4							2015-09-09	9	9	2015	2531124	2531124	PRESERVED_SPECIMEN			ANT236-QFB28734		Renee Lebeuf		CC_BY_4_0		Dube, P.			2025-01-18T13:04:48.460Z		GEODETIC_DATUM_ASSUMED_WGS84;CONTINENT_DERIVED_FROM_COORDINATES;TAXON_MATCH_TAXON_CONCEPT_ID_IGNORED;TAXON_MATCH_TAXON_ID_IGNORED
1987963505	ca1bcd7e-7387-42f9-81ba-1470db55e3e8	1B24E40C-D5A1-504B-B874-A600B9388E74	Fungi	Basidiomycota	Agaricomycetes	Agaricales	Tricholomataceae	Clitocybe	Clitocybe odora		SPECIES	Clitocybe odora (Bull.) P.Kumm.	Clitocybe odora	(Bull.) P. Kumm.	CA	Sackville, Amherst Point	New Brunswick	PRESENT		b542788f-0dc2-4a2b-b652-fceced449591	45.9	-64.366667							1977-09		9	1977	2531124	2531124	PRESERVED_SPECIMEN	BBM	UBC	F013342	sn			CC0_1_0	The University of British Columbia	T. Goward			2024-11-19T11:24:51.330Z		GEODETIC_DATUM_ASSUMED_WGS84;CONTINENT_DERIVED_FROM_COORDINATES;INSTITUTION_MATCH_FUZZY
1807260271	e8a25a42-f125-476c-8554-3ec21cd51a84	ACAD:117024	Fungi	Basidiomycota	Agaricomycetes	Agaricales	Tricholomataceae	Clitocybe	Clitocybe odora		SPECIES	Clitocybe odora (Bull.) P.Kumm.	Clitocybe odora (Bull.) P. Kumm.	(Bull.) P. Kumm.	CA	Glenmont	Nova Scotia	PRESENT		6491ad8c-8e49-4bd4-a089-0ddb3bbe0890	45.18614	-64.50197							1959-10-11	11	10	1959	2531124	2531124	PRESERVED_SPECIMEN	Acadia University	ACAD	5284F	5284			CC0_1_0	Acadia University	H, KA			2024-01-25T01:37:12.507Z	StillImage	GEODETIC_DATUM_INVALID;GEODETIC_DATUM_ASSUMED_WGS84;TAXON_MATCH_TAXON_ID_IGNORED;INSTITUTION_MATCH_FUZZY;COLLECTION_MATCH_FUZZY
1807256368	e8a25a42-f125-476c-8554-3ec21cd51a84	ACAD:112997	Fungi	Basidiomycota	Agaricomycetes	Agaricales	Tricholomataceae	Clitocybe	Clitocybe odora		SPECIES	Clitocybe odora (Bull.) P.Kumm.	Clitocybe odora (Bull.) P. Kumm.	(Bull.) P. Kumm.	CA	Glenmont	Nova Scotia	PRESENT		6491ad8c-8e49-4bd4-a089-0ddb3bbe0890	45.18614	-64.50197							1936-08-13	13	8	1936	2531124	2531124	PRESERVED_SPECIMEN	Acadia University	ACAD	537F	537	Bigelow		CC0_1_0	Acadia University	H, KA			2024-01-25T01:37:11.563Z	StillImage	GEODETIC_DATUM_INVALID;GEODETIC_DATUM_ASSUMED_WGS84;TAXON_MATCH_TAXON_ID_IGNORED;INSTITUTION_MATCH_FUZZY;COLLECTION_MATCH_FUZZY
1807256139	e8a25a42-f125-476c-8554-3ec21cd51a84	ACAD:112638	Fungi	Basidiomycota	Agaricomycetes	Agaricales	Tricholomataceae	Clitocybe	Clitocybe odora		SPECIES	Clitocybe odora (Bull.) P.Kumm.	Clitocybe odora (Bull.) P. Kumm.	(Bull.) P. Kumm.	CA	Glenmont	Nova Scotia	PRESENT		6491ad8c-8e49-4bd4-a089-0ddb3bbe0890	45.18614	-64.50197							1953-09-28	28	9	1953	2531124	2531124	PRESERVED_SPECIMEN	Acadia University	ACAD	2562F	2562	Bigelow,HE		CC0_1_0	Acadia University	Harrison, KA			2024-01-25T01:37:10.869Z	StillImage	GEODETIC_DATUM_INVALID;GEODETIC_DATUM_ASSUMED_WGS84;TAXON_MATCH_TAXON_ID_IGNORED;INSTITUTION_MATCH_FUZZY;COLLECTION_MATCH_FUZZY
1807255972	e8a25a42-f125-476c-8554-3ec21cd51a84	ACAD:112637	Fungi	Basidiomycota	Agaricomycetes	Agaricales	Tricholomataceae	Clitocybe	Clitocybe odora		SPECIES	Clitocybe odora (Bull.) P.Kumm.	Clitocybe odora (Bull.) P. Kumm.	(Bull.) P. Kumm.	CA	Glenmont	Nova Scotia	PRESENT		6491ad8c-8e49-4bd4-a089-0ddb3bbe0890	45.18614	-64.50197							1953-10-09	9	10	1953	2531124	2531124	PRESERVED_SPECIMEN	Acadia University	ACAD	2561F	2561	Bigelow,HE		CC0_1_0	Acadia University	Harrison, KA			2024-01-25T01:37:10.864Z	StillImage	GEODETIC_DATUM_INVALID;GEODETIC_DATUM_ASSUMED_WGS84;TAXON_MATCH_TAXON_ID_IGNORED;INSTITUTION_MATCH_FUZZY;COLLECTION_MATCH_FUZZY
1807255770	e8a25a42-f125-476c-8554-3ec21cd51a84	ACAD:112366	Fungi	Basidiomycota	Agaricomycetes	Agaricales	Tricholomataceae	Clitocybe	Clitocybe odora		SPECIES	Clitocybe odora (Bull.) P.Kumm.	Clitocybe odora (Bull.) P. Kumm.	(Bull.) P. Kumm.	CA	Glenmont	Nova Scotia	PRESENT		6491ad8c-8e49-4bd4-a089-0ddb3bbe0890	45.18614	-64.50197							1931-08-06	6	8	1931	2531124	2531124	PRESERVED_SPECIMEN	Acadia University	ACAD	209F	209	Bigelow,HE		CC0_1_0	Acadia University	H, KA			2024-01-25T01:37:05.658Z	StillImage	GEODETIC_DATUM_INVALID;GEODETIC_DATUM_ASSUMED_WGS84;TAXON_MATCH_TAXON_ID_IGNORED;INSTITUTION_MATCH_FUZZY;COLLECTION_MATCH_FUZZY
1701210425	81e6cff2-b409-417e-8c72-e1bbafb7c61f	b88a522d-41b6-4485-b400-f49195c3d131	Fungi	Basidiomycota	Agaricomycetes	Agaricales	Tricholomataceae	Clitocybe	Clitocybe odora		SPECIES	Clitocybe odora (Bull.) P.Kumm.	Clitocybe odora (Bull. ex Fr.) P. Kumm.	(Bull. ex Fr.) P. Kumm.	CA	Beauport municipal camping	Québec	PRESENT		7b8aff00-a9f8-11d8-944b-b8a03c50a862	46.908199	-71.199812	13000.0						2003-08-31	31	8	2003	2531124	2531124	PRESERVED_SPECIMEN	F	Botany	C0294170F	NAMA 2003-051			CC0_1_0	The Field Museum of Natural History				2024-02-20T16:06:33.686Z		GEODETIC_DATUM_ASSUMED_WGS84;MODIFIED_DATE_INVALID;MULTIMEDIA_URI_INVALID;AMBIGUOUS_COLLECTION;INSTITUTION_MATCH_FUZZY
1412709596	21705170-d2b6-42de-8904-c3bca4b83591	CMMF018083	Fungi	Basidiomycota	Agaricomycetes	Agaricales	Tricholomataceae	Clitocybe	Clitocybe odora		SPECIES	Clitocybe odora (Bull.) P.Kumm.	Clitocybe odora (Bull.) P. Kumm.	(Bull.) P. Kumm.	CA	Station de biologie des Laurentides, Saint-Hippolyte, Québec.	Québec	PRESENT		ff7bd5db-b724-4932-b496-10ea298851f9	45.98815	-74.00581	3000.0						1976-07		7	1976	2531124	2531124	PRESERVED_SPECIMEN	Université de Montréal Biodiversity Centre	CMMF	CMMF018083		B., L.		CC0_1_0	Université de Montréal Biodiversity Centre	B., L.			2024-01-24T16:38:18.016Z		INSTITUTION_MATCH_FUZZY;COLLECTION_MATCH_FUZZY;DIFFERENT_OWNER_INSTITUTION
1412709337	21705170-d2b6-42de-8904-c3bca4b83591	CMMF017787	Fungi	Basidiomycota	Agaricomycetes	Agaricales	Tricholomataceae	Clitocybe	Clitocybe odora		SPECIES	Clitocybe odora (Bull.) P.Kumm.	Clitocybe odora (Bull.) P. Kumm.	(Bull.) P. Kumm.	CA	Arboretum Morgan A, Québec.	Québec	PRESENT		ff7bd5db-b724-4932-b496-10ea298851f9	45.43	-73.946667	2500.0						1980-08-15	15	8	1980	2531124	2531124	PRESERVED_SPECIMEN	Université de Montréal Biodiversity Centre	CMMF	CMMF017787	1980-384	McNeil, Raymond		CC0_1_0	Université de Montréal Biodiversity Centre	Haméon, G.			2024-01-24T16:38:16.729Z		COORDINATE_ROUNDED;INSTITUTION_MATCH_FUZZY;COLLECTION_MATCH_FUZZY;DIFFERENT_OWNER_INSTITUTION
1412706113	21705170-d2b6-42de-8904-c3bca4b83591	CMMF014698	Fungi	Basidiomycota	Agaricomycetes	Agaricales	Tricholomataceae	Clitocybe	Clitocybe odora		SPECIES	Clitocybe odora (Bull.) P.Kumm.	Clitocybe odora (Bull.) P. Kumm.	(Bull.) P. Kumm.	CA	Ixworth, Québec.	Québec	PRESENT		ff7bd5db-b724-4932-b496-10ea298851f9	47.317529	-69.939661	5000.0						1993-09-05	5	9	1993	2531124	2531124	PRESERVED_SPECIMEN	Université de Montréal Biodiversity Centre	CMMF	CMMF014698	1600	Guérin, Gérard		CC0_1_0	Université de Montréal Biodiversity Centre	Guérin, Gérard			2024-01-24T16:38:20.365Z	StillImage	INSTITUTION_MATCH_FUZZY;COLLECTION_MATCH_FUZZY;DIFFERENT_OWNER_INSTITUTION
1144852348	81e6cff2-b409-417e-8c72-e1bbafb7c61f	dd78f54e-8122-42b3-aecd-df67dd8b6968	Fungi	Basidiomycota	Agaricomycetes	Agaricales	Tricholomataceae	Clitocybe	Clitocybe odora		SPECIES	Clitocybe odora (Bull.) P.Kumm.	Clitocybe odora (Bull. ex Fr.) P. Kumm.	(Bull. ex Fr.) P. Kumm.	CA	Lake St. Joseph	Québec	PRESENT		7b8aff00-a9f8-11d8-944b-b8a03c50a862	46.904524	-71.63228	4542.0						1938-08-21	21	8	1938	2531124	2531124	PRESERVED_SPECIMEN	F	Botany	C0214031F	s.n.			CC0_1_0	The Field Museum of Natural History	A. E. Edgecombe			2024-02-20T16:06:33.498Z	StillImage	GEODETIC_DATUM_ASSUMED_WGS84;MODIFIED_DATE_INVALID;AMBIGUOUS_COLLECTION;INSTITUTION_MATCH_FUZZY
1135070934	21705170-d2b6-42de-8904-c3bca4b83591	CMMF009534	Fungi	Basidiomycota	Agaricomycetes	Agaricales	Tricholomataceae	Clitocybe	Clitocybe odora		SPECIES	Clitocybe odora (Bull.) P.Kumm.	Clitocybe odora (Bull.) P. Kumm.	(Bull.) P. Kumm.	CA	Parc des Moulins, Québec.	Québec	PRESENT		ff7bd5db-b724-4932-b496-10ea298851f9	46.887678	-71.301288	600.0						2007-07-15	15	7	2007	2531124	2531124	PRESERVED_SPECIMEN	Université de Montréal Biodiversity Centre	CMMF	CMMF009534	1118	Labrecque, Jacqueline		CC0_1_0	Université de Montréal Biodiversity Centre	Labrecque, Jacqueline			2024-01-24T16:38:21.753Z		INSTITUTION_MATCH_FUZZY;COLLECTION_MATCH_FUZZY;DIFFERENT_OWNER_INSTITUTION
1135070416	21705170-d2b6-42de-8904-c3bca4b83591	CMMF008959	Fungi	Basidiomycota	Agaricomycetes	Agaricales	Tricholomataceae	Clitocybe	Clitocybe odora		SPECIES	Clitocybe odora (Bull.) P.Kumm.	Clitocybe odora (Bull.) P. Kumm.	(Bull.) P. Kumm.	CA	Côte Kelly, Lac-Beauport.	Québec	PRESENT		ff7bd5db-b724-4932-b496-10ea298851f9	46.953091	-71.275238	5000.0						2006-08-14	14	8	2006	2531124	2531124	PRESERVED_SPECIMEN	Université de Montréal Biodiversity Centre	CMMF	CMMF008959	542	Labrecque, Jacqueline		CC0_1_0	Université de Montréal Biodiversity Centre	Labrecque, Jacqueline			2024-01-24T16:38:18.935Z		INSTITUTION_MATCH_FUZZY;COLLECTION_MATCH_FUZZY;DIFFERENT_OWNER_INSTITUTION
1135070413	21705170-d2b6-42de-8904-c3bca4b83591	CMMF008988	Fungi	Basidiomycota	Agaricomycetes	Agaricales	Tricholomataceae	Clitocybe	Clitocybe odora		SPECIES	Clitocybe odora (Bull.) P.Kumm.	Clitocybe odora (Bull.) P. Kumm.	(Bull.) P. Kumm.	CA	Sentier Vallée Autrichienne, Lac-Beauport.	Québec	PRESENT		ff7bd5db-b724-4932-b496-10ea298851f9	46.953091	-71.275238	5000.0						2006-08-17	17	8	2006	2531124	2531124	PRESERVED_SPECIMEN	Université de Montréal Biodiversity Centre	CMMF	CMMF008988	571	Labrecque, Jacqueline		CC0_1_0	Université de Montréal Biodiversity Centre	Labrecque, Jacqueline			2024-01-24T16:38:18.979Z		INSTITUTION_MATCH_FUZZY;COLLECTION_MATCH_FUZZY;DIFFERENT_OWNER_INSTITUTION
1135070268	21705170-d2b6-42de-8904-c3bca4b83591	CMMF008770	Fungi	Basidiomycota	Agaricomycetes	Agaricales	Tricholomataceae	Clitocybe	Clitocybe odora		SPECIES	Clitocybe odora (Bull.) P.Kumm.	Clitocybe odora (Bull.) P. Kumm.	(Bull.) P. Kumm.	CA	Sentier Trans-Québec est. Lac-Beauport.	Québec	PRESENT		ff7bd5db-b724-4932-b496-10ea298851f9	46.953091	-71.275238	5000.0						2006-07-21	21	7	2006	2531124	2531124	PRESERVED_SPECIMEN	Université de Montréal Biodiversity Centre	CMMF	CMMF008770	352	Labrecque, Jacqueline		CC0_1_0	Université de Montréal Biodiversity Centre	Labrecque, Jacqueline			2024-01-24T16:38:18.822Z		INSTITUTION_MATCH_FUZZY;COLLECTION_MATCH_FUZZY;DIFFERENT_OWNER_INSTITUTION
1135069673	21705170-d2b6-42de-8904-c3bca4b83591	CMMF008171	Fungi	Basidiomycota	Agaricomycetes	Agaricales	Tricholomataceae	Clitocybe	Clitocybe odora		SPECIES	Clitocybe odora (Bull.) P.Kumm.	Clitocybe odora (Bull.) P. Kumm.	(Bull.) P. Kumm.	CA	Rimouski	Québec	PRESENT		ff7bd5db-b724-4932-b496-10ea298851f9	48.4206	-68.589483	100.0						2004-09-04	4	9	2004	2531124	2531124	PRESERVED_SPECIMEN	Université de Montréal Biodiversity Centre	CMMF	CMMF008171	C1953	McNeil, Raymond		CC0_1_0	Université de Montréal Biodiversity Centre	McNeil, Raymond			2024-01-24T16:38:18.262Z	StillImage	COORDINATE_ROUNDED;INSTITUTION_MATCH_FUZZY;COLLECTION_MATCH_FUZZY;DIFFERENT_OWNER_INSTITUTION
1135069651	21705170-d2b6-42de-8904-c3bca4b83591	CMMF008130	Fungi	Basidiomycota	Agaricomycetes	Agaricales	Tricholomataceae	Clitocybe	Clitocybe odora		SPECIES	Clitocybe odora (Bull.) P.Kumm.	Clitocybe odora (Bull.) P. Kumm.	(Bull.) P. Kumm.	CA	Chandler	Québec	PRESENT		ff7bd5db-b724-4932-b496-10ea298851f9	48.401667	-64.726667	100.0						1980-08-05	5	8	1980	2531124	2531124	PRESERVED_SPECIMEN	Université de Montréal Biodiversity Centre	CMMF	CMMF008130	740	McNeil, Raymond		CC0_1_0	Université de Montréal Biodiversity Centre	McNeil, Raymond			2024-01-24T16:38:18.233Z	StillImage	COORDINATE_ROUNDED;INSTITUTION_MATCH_FUZZY;COLLECTION_MATCH_FUZZY;DIFFERENT_OWNER_INSTITUTION
1135069644	21705170-d2b6-42de-8904-c3bca4b83591	CMMF008176	Fungi	Basidiomycota	Agaricomycetes	Agaricales	Tricholomataceae	Clitocybe	Clitocybe odora		SPECIES	Clitocybe odora (Bull.) P.Kumm.	Clitocybe odora (Bull.) P. Kumm.	(Bull.) P. Kumm.	CA	Rimouski	Québec	PRESENT		ff7bd5db-b724-4932-b496-10ea298851f9	48.4206	-68.589483	100.0						2005-09-12	12	9	2005	2531124	2531124	PRESERVED_SPECIMEN	Université de Montréal Biodiversity Centre	CMMF	CMMF008176	Inexistant	McNeil, Raymond		CC0_1_0	Université de Montréal Biodiversity Centre	McNeil, Raymond			2024-01-24T16:38:18.253Z	StillImage	COORDINATE_ROUNDED;INSTITUTION_MATCH_FUZZY;COLLECTION_MATCH_FUZZY;DIFFERENT_OWNER_INSTITUTION
1135068591	21705170-d2b6-42de-8904-c3bca4b83591	CMMF007069	Fungi	Basidiomycota	Agaricomycetes	Agaricales	Tricholomataceae	Clitocybe	Clitocybe odora		SPECIES	Clitocybe odora (Bull.) P.Kumm.	Clitocybe odora (Bull.) P. Kumm.	(Bull.) P. Kumm.	CA	Mirabel (Chemin de la Rivière du Nord)	Québec	PRESENT		ff7bd5db-b724-4932-b496-10ea298851f9	45.677167	-74.2338	100.0						1979-08-27	27	8	1979	2531124	2531124	PRESERVED_SPECIMEN	Université de Montréal Biodiversity Centre	CMMF	CMMF007069	Inexistant	McNeil, Raymond		CC0_1_0	Université de Montréal Biodiversity Centre	McNeil, Raymond			2024-01-24T16:38:20.920Z	StillImage	COORDINATE_ROUNDED;INSTITUTION_MATCH_FUZZY;COLLECTION_MATCH_FUZZY;DIFFERENT_OWNER_INSTITUTION
1135067110	21705170-d2b6-42de-8904-c3bca4b83591	CMMF010479	Fungi	Basidiomycota	Agaricomycetes	Agaricales	Tricholomataceae	Clitocybe	Clitocybe odora		SPECIES	Clitocybe odora (Bull.) P.Kumm.	Clitocybe odora (Bull.) P. Kumm.	(Bull.) P. Kumm.	CA	Terrain tennis, Lac-Beauport.	Québec	PRESENT		ff7bd5db-b724-4932-b496-10ea298851f9	46.96324	-71.303223	5000.0						2008-08-08	8	8	2008	2531124	2531124	PRESERVED_SPECIMEN	Université de Montréal Biodiversity Centre	CMMF	CMMF010479	2065	Labrecque, Jacqueline		CC0_1_0	Université de Montréal Biodiversity Centre	Labrecque, Jacqueline			2024-01-24T16:38:21.671Z		INSTITUTION_MATCH_FUZZY;COLLECTION_MATCH_FUZZY;DIFFERENT_OWNER_INSTITUTION
1135067008	21705170-d2b6-42de-8904-c3bca4b83591	CMMF010405	Fungi	Basidiomycota	Agaricomycetes	Agaricales	Tricholomataceae	Clitocybe	Clitocybe odora		SPECIES	Clitocybe odora (Bull.) P.Kumm.	Clitocybe odora (Bull.) P. Kumm.	(Bull.) P. Kumm.	CA	École Montagnac, tennis, Lac-Beauport.	Québec	PRESENT		ff7bd5db-b724-4932-b496-10ea298851f9	46.946241	-71.297755	400.0						2008-07-21	21	7	2008	2531124	2531124	PRESERVED_SPECIMEN	Université de Montréal Biodiversity Centre	CMMF	CMMF010405	1991	Labrecque, Jacqueline		CC0_1_0	Université de Montréal Biodiversity Centre	Labrecque, Jacqueline			2024-01-24T16:38:21.694Z		INSTITUTION_MATCH_FUZZY;COLLECTION_MATCH_FUZZY;DIFFERENT_OWNER_INSTITUTION
1024558672	21705170-d2b6-42de-8904-c3bca4b83591	CMMF004157	Fungi	Basidiomycota	Agaricomycetes	Agaricales	Tricholomataceae	Clitocybe	Clitocybe odora		SPECIES	Clitocybe odora (Bull.) P.Kumm.	Clitocybe odora (Bull.) P. Kumm.	(Bull.) P. Kumm.	CA	Réserve écologique du Boisé-des-Muir, Hinchinbrooke.	Québec	PRESENT		ff7bd5db-b724-4932-b496-10ea298851f9	45.085065	-74.113727	10.0						2011-08-30	30	8	2011	2531124	2531124	PRESERVED_SPECIMEN	Université de Montréal Biodiversity Centre	CMMF	CMMF004157	137	Lebeuf, Renée		CC0_1_0	Université de Montréal Biodiversity Centre	Archambault, Raymond; Lebeuf, Renée			2024-01-24T16:38:18.598Z		INSTITUTION_MATCH_FUZZY;COLLECTION_MATCH_FUZZY;DIFFERENT_OWNER_INSTITUTION
