gbifID	datasetKey	occurrenceID	kingdom	phylum	class	order	family	genus	species	infraspecificEpithet	taxonRank	scientificName	verbatimScientificName	verbatimScientificNameAuthorship	countryCode	locality	stateProvince	occurrenceStatus	individualCount	publishingOrgKey	decimalLatitude	decimalLongitude	coordinateUncertaintyInMeters	coordinatePrecision	elevation	elevationAccuracy	depth	depthAccuracy	eventDate	day	month	year	taxonKey	speciesKey	basisOfRecord	institutionCode	collectionCode	catalogNumber	recordNumber	identifiedBy	dateIdentified	license	rightsHolder	recordedBy	typeStatus	establishmentMeans	lastInterpreted	mediaType	issue
727874974	d7cfd2ed-8af4-427f-a16e-eb66b7e2c419	14197	Fungi	Basidiomycota	Agaricomycetes	Agaricales	Cyphellaceae	Chondrostereum	Chondrostereum purpureum		SPECIES	Chondrostereum purpureum (Pers.) Pouzar	Chondrostereum purpureum (Pers.) Pouzar	(Pers.) Pouzar	CA	Algonquin Provincial Park, portage to Little McCauley Lake	Ontario	PRESENT		ff418020-1d67-11d9-8435-b8a03c50a862	45.593651	-78.280592	786.0						1987-10-06	6	10	1987	2532944	2532944	PRESERVED_SPECIMEN	Royal Ontario Museum	TRTC	TRTC051260	871006/02	Thorn, R.G.		CC0_1_0	Royal Ontario Museum	Thorn, R.G; Teunissen, R.			2024-01-25T00:59:40.079Z		COORDINATE_ROUNDED;AMBIGUOUS_INSTITUTION
727874743	d7cfd2ed-8af4-427f-a16e-eb66b7e2c419	13810	Fungi	Basidiomycota	Agaricomycetes	Agaricales	Cyphellaceae	Chondrostereum	Chondrostereum purpureum		SPECIES	Chondrostereum purpureum (Pers.) Pouzar	Chondrostereum purpureum (Pers.) Pouzar	(Pers.) Pouzar	CA	Algonquin Provincial Park, Hwy 60, km 22.5, old railway	Ontario	PRESENT		ff418020-1d67-11d9-8435-b8a03c50a862	45.523788	-78.710432	1620.0						1987-10-05	5	10	1987	2532944	2532944	PRESERVED_SPECIMEN	Royal Ontario Museum	TRTC	TRTC051259	871005/06	Thorn, R.G.		CC0_1_0	Royal Ontario Museum	Thorn, R.G.			2024-01-25T00:59:38.531Z		COORDINATE_ROUNDED;AMBIGUOUS_INSTITUTION
694160711	d7cfd2ed-8af4-427f-a16e-eb66b7e2c419	33704	Fungi	Basidiomycota	Agaricomycetes	Agaricales	Cyphellaceae	Chondrostereum	Chondrostereum purpureum		SPECIES	Chondrostereum purpureum (Pers.) Pouzar	Chondrostereum purpureum (Pers.) Pouzar	(Pers.) Pouzar	CA	University of Toronto Forest	Ontario	PRESENT		ff418020-1d67-11d9-8435-b8a03c50a862	45.183005	-78.85025	7575.0						1953-10-03	3	10	1953	2532944	2532944	PRESERVED_SPECIMEN	Royal Ontario Museum	TRTC	TRTC024976		Cain, R.F.		CC0_1_0	Royal Ontario Museum	Cain, R.F.;			2024-01-25T00:59:40.794Z		COORDINATE_ROUNDED;AMBIGUOUS_INSTITUTION
694160710	d7cfd2ed-8af4-427f-a16e-eb66b7e2c419	33703	Fungi	Basidiomycota	Agaricomycetes	Agaricales	Cyphellaceae	Chondrostereum	Chondrostereum purpureum		SPECIES	Chondrostereum purpureum (Pers.) Pouzar	Chondrostereum purpureum (Pers.) Pouzar	(Pers.) Pouzar	CA	Algonquin Provincial Park, Cameron Lake	Ontario	PRESENT		ff418020-1d67-11d9-8435-b8a03c50a862	45.674418	-78.303895	615.0						1956-09-24	24	9	1956	2532944	2532944	PRESERVED_SPECIMEN	Royal Ontario Museum	TRTC	TRTC032925		Cain, R.F.		CC0_1_0	Royal Ontario Museum	Cain, R.F.;			2024-01-25T00:59:40.794Z		COORDINATE_ROUNDED;AMBIGUOUS_INSTITUTION
694160646	d7cfd2ed-8af4-427f-a16e-eb66b7e2c419	33579	Fungi	Basidiomycota	Agaricomycetes	Agaricales	Cyphellaceae	Chondrostereum	Chondrostereum purpureum		SPECIES	Chondrostereum purpureum (Pers.) Pouzar	Chondrostereum purpureum (Pers.) Pouzar	(Pers.) Pouzar	CA	University of Toronto Forest	Ontario	PRESENT		ff418020-1d67-11d9-8435-b8a03c50a862	45.183005	-78.85025	7575.0						1963-09-14	14	9	1963	2532944	2532944	PRESERVED_SPECIMEN	Royal Ontario Museum	TRTC	TRTC040542		Cain, R.F.		CC0_1_0	Royal Ontario Museum	Cain, R.F.;			2024-01-25T00:59:40.531Z		COORDINATE_ROUNDED;AMBIGUOUS_INSTITUTION
694160617	d7cfd2ed-8af4-427f-a16e-eb66b7e2c419	33510	Fungi	Basidiomycota	Agaricomycetes	Agaricales	Cyphellaceae	Chondrostereum	Chondrostereum purpureum		SPECIES	Chondrostereum purpureum (Pers.) Pouzar	Chondrostereum purpureum (Pers.) Pouzar	(Pers.) Pouzar	CA	Algonquin Provincial Park, Lake of Two Rivers	Ontario	PRESENT		ff418020-1d67-11d9-8435-b8a03c50a862	45.577222	-78.479547	1575.0						1952-09-21	21	9	1952	2532944	2532944	PRESERVED_SPECIMEN	Royal Ontario Museum	TRTC	TRTC024633a		Cain, R.F.		CC0_1_0	Royal Ontario Museum	Cain, R.F.;			2024-01-25T00:59:40.435Z		COORDINATE_ROUNDED;AMBIGUOUS_INSTITUTION
694160366	d7cfd2ed-8af4-427f-a16e-eb66b7e2c419	33145	Fungi	Basidiomycota	Agaricomycetes	Agaricales	Cyphellaceae	Chondrostereum	Chondrostereum purpureum		SPECIES	Chondrostereum purpureum (Pers.) Pouzar	Chondrostereum purpureum (Pers.) Pouzar	(Pers.) Pouzar	CA	Chalk River	Ontario	PRESENT		ff418020-1d67-11d9-8435-b8a03c50a862	46.021045	-77.454472	2103.0						1941-09-05	5	9	1941	2532944	2532944	PRESERVED_SPECIMEN	Royal Ontario Museum	TRTC	TRTC017386		Jackson, H.S.		CC0_1_0	Royal Ontario Museum	Jackson, H.S.;			2024-01-25T00:59:40.005Z		COORDINATE_ROUNDED;AMBIGUOUS_INSTITUTION
694160363	d7cfd2ed-8af4-427f-a16e-eb66b7e2c419	33142	Fungi	Basidiomycota	Agaricomycetes	Agaricales	Cyphellaceae	Chondrostereum	Chondrostereum purpureum		SPECIES	Chondrostereum purpureum (Pers.) Pouzar	Chondrostereum purpureum (Pers.) Pouzar	(Pers.) Pouzar	CA	University of Toronto Forest	Ontario	PRESENT		ff418020-1d67-11d9-8435-b8a03c50a862	45.183005	-78.85025	7575.0						1965-09-15	15	9	1965	2532944	2532944	PRESERVED_SPECIMEN	Royal Ontario Museum	TRTC	TRTC043225		Cain, R.F.		CC0_1_0	Royal Ontario Museum	Cain, R.F.;			2024-01-25T00:59:40.002Z		COORDINATE_ROUNDED;AMBIGUOUS_INSTITUTION
694160362	d7cfd2ed-8af4-427f-a16e-eb66b7e2c419	33141	Fungi	Basidiomycota	Agaricomycetes	Agaricales	Cyphellaceae	Chondrostereum	Chondrostereum purpureum		SPECIES	Chondrostereum purpureum (Pers.) Pouzar	Chondrostereum purpureum (Pers.) Pouzar	(Pers.) Pouzar	CA	University of Toronto Forest	Ontario	PRESENT		ff418020-1d67-11d9-8435-b8a03c50a862	45.183005	-78.85025	7575.0						1965-09-18	18	9	1965	2532944	2532944	PRESERVED_SPECIMEN	Royal Ontario Museum	TRTC	TRTC042961		Cain, R.F.		CC0_1_0	Royal Ontario Museum	Cain, R.F.;			2024-01-25T00:59:40.002Z		COORDINATE_ROUNDED;AMBIGUOUS_INSTITUTION
694160361	d7cfd2ed-8af4-427f-a16e-eb66b7e2c419	33140	Fungi	Basidiomycota	Agaricomycetes	Agaricales	Cyphellaceae	Chondrostereum	Chondrostereum purpureum		SPECIES	Chondrostereum purpureum (Pers.) Pouzar	Chondrostereum purpureum (Pers.) Pouzar	(Pers.) Pouzar	CA	S of Dorset	Ontario	PRESENT		ff418020-1d67-11d9-8435-b8a03c50a862	45.23936	-78.888359	1499.0						1953-10-04	4	10	1953	2532944	2532944	PRESERVED_SPECIMEN	Royal Ontario Museum	TRTC	TRTC045855		Cain, R.F.		CC0_1_0	Royal Ontario Museum	Cain, R.F.;			2024-01-25T00:59:40.001Z		COORDINATE_ROUNDED;AMBIGUOUS_INSTITUTION
694160089	d7cfd2ed-8af4-427f-a16e-eb66b7e2c419	32759	Fungi	Basidiomycota	Agaricomycetes	Agaricales	Cyphellaceae	Chondrostereum	Chondrostereum purpureum		SPECIES	Chondrostereum purpureum (Pers.) Pouzar	Chondrostereum purpureum (Pers.) Pouzar	(Pers.) Pouzar	CA	Algonquin Provincial Park, road to Opeongo Lake	Ontario	PRESENT		ff418020-1d67-11d9-8435-b8a03c50a862	45.674418	-78.303895	615.0						1938-09-16	16	9	1938	2532944	2532944	PRESERVED_SPECIMEN	Royal Ontario Museum	TRTC	TRTC013395		Jackson, H.S.		CC0_1_0	Royal Ontario Museum	Jackson, H.S.;			2024-01-25T00:59:41.491Z		COORDINATE_ROUNDED;AMBIGUOUS_INSTITUTION
694160088	d7cfd2ed-8af4-427f-a16e-eb66b7e2c419	32758	Fungi	Basidiomycota	Agaricomycetes	Agaricales	Cyphellaceae	Chondrostereum	Chondrostereum purpureum		SPECIES	Chondrostereum purpureum (Pers.) Pouzar	Chondrostereum purpureum (Pers.) Pouzar	(Pers.) Pouzar	CA	Petawawa Forest Experimental Station	Ontario	PRESENT		ff418020-1d67-11d9-8435-b8a03c50a862	46.00829	-77.421513	958.0						1940-09-21	21	9	1940	2532944	2532944	PRESERVED_SPECIMEN	Royal Ontario Museum	TRTC	TRTC164981		Jackson, H.S.		CC0_1_0	Royal Ontario Museum	;			2024-01-25T00:59:41.491Z		COORDINATE_ROUNDED;AMBIGUOUS_INSTITUTION
694160087	d7cfd2ed-8af4-427f-a16e-eb66b7e2c419	32757	Fungi	Basidiomycota	Agaricomycetes	Agaricales	Cyphellaceae	Chondrostereum	Chondrostereum purpureum		SPECIES	Chondrostereum purpureum (Pers.) Pouzar	Chondrostereum purpureum (Pers.) Pouzar	(Pers.) Pouzar	CA	Algonquin Provincial Park, 2 mi W of Lake of Two Rivers	Ontario	PRESENT		ff418020-1d67-11d9-8435-b8a03c50a862	45.571154	-78.529072	2959.0						1938-09-16	16	9	1938	2532944	2532944	PRESERVED_SPECIMEN	Royal Ontario Museum	TRTC	TRTC013573		Jackson, H.S.		CC0_1_0	Royal Ontario Museum	Jackson, H.S.;			2024-01-25T00:59:41.493Z		COORDINATE_ROUNDED;AMBIGUOUS_INSTITUTION
694160084	d7cfd2ed-8af4-427f-a16e-eb66b7e2c419	32754	Fungi	Basidiomycota	Agaricomycetes	Agaricales	Cyphellaceae	Chondrostereum	Chondrostereum purpureum		SPECIES	Chondrostereum purpureum (Pers.) Pouzar	Chondrostereum purpureum (Pers.) Pouzar	(Pers.) Pouzar	CA	Algonquin Provincial Park, near Lake of Two Rivers	Ontario	PRESENT		ff418020-1d67-11d9-8435-b8a03c50a862	45.577222	-78.479547	3115.0						1938-09-16	16	9	1938	2532944	2532944	PRESERVED_SPECIMEN	Royal Ontario Museum	TRTC	TRTC013591		Jackson, H.S.		CC0_1_0	Royal Ontario Museum	Jackson, H.S.;			2024-01-25T00:59:41.490Z		COORDINATE_ROUNDED;AMBIGUOUS_INSTITUTION
694160034	d7cfd2ed-8af4-427f-a16e-eb66b7e2c419	32673	Fungi	Basidiomycota	Agaricomycetes	Agaricales	Cyphellaceae	Chondrostereum	Chondrostereum purpureum		SPECIES	Chondrostereum purpureum (Pers.) Pouzar	Chondrostereum purpureum (Pers.) Pouzar	(Pers.) Pouzar	CA	Algonquin Provincial Park, 2 mi W of Lake of Two Rivers	Ontario	PRESENT		ff418020-1d67-11d9-8435-b8a03c50a862	45.571154	-78.529072	2959.0						1938-09-16	16	9	1938	2532944	2532944	PRESERVED_SPECIMEN	Royal Ontario Museum	TRTC	TRTC013403		Jackson, H.S.		CC0_1_0	Royal Ontario Museum	Jackson, H.S.;			2024-01-25T00:59:41.039Z		COORDINATE_ROUNDED;AMBIGUOUS_INSTITUTION
617553624	21705170-d2b6-42de-8904-c3bca4b83591	CMMF003683	Fungi	Basidiomycota	Agaricomycetes	Agaricales	Cyphellaceae	Chondrostereum	Chondrostereum purpureum		SPECIES	Chondrostereum purpureum (Pers.) Pouzar	Chondrostereum purpureum (Pers.) Pouzar	(Pers.) Pouzar	CA	Rawdon	Québec	PRESENT		ff7bd5db-b724-4932-b496-10ea298851f9	46.052398	-73.748752	11000.0						2002-09-23	23	9	2002	2532944	2532944	PRESERVED_SPECIMEN	Université de Montréal Biodiversity Centre	CMMF	CMMF003683		Lamoureux, Yves		CC0_1_0	Université de Montréal Biodiversity Centre	Lamoureux, Yves			2024-01-24T16:38:16.401Z	StillImage	INSTITUTION_MATCH_FUZZY;COLLECTION_MATCH_FUZZY;DIFFERENT_OWNER_INSTITUTION
617548841	21705170-d2b6-42de-8904-c3bca4b83591	CMMF001584	Fungi	Basidiomycota	Agaricomycetes	Agaricales	Cyphellaceae	Chondrostereum	Chondrostereum purpureum		SPECIES	Chondrostereum purpureum (Pers.) Pouzar	Chondrostereum purpureum (Pers.) Pouzar	(Pers.) Pouzar	CA	Longueuil	Québec	PRESENT		ff7bd5db-b724-4932-b496-10ea298851f9	45.544154	-73.477185	5000.0						1991-10-12	12	10	1991	2532944	2532944	PRESERVED_SPECIMEN	Université de Montréal Biodiversity Centre	CMMF	CMMF001584		Boulet, Bruno		CC0_1_0	Université de Montréal Biodiversity Centre	Lamoureux, Yves			2024-01-24T16:38:17.659Z	StillImage	INSTITUTION_MATCH_FUZZY;COLLECTION_MATCH_FUZZY;DIFFERENT_OWNER_INSTITUTION
4994512669	50c9509d-22c7-4a22-a47d-8c48425ef4a7	https://www.inaturalist.org/observations/248173810	Fungi	Basidiomycota	Agaricomycetes	Agaricales	Cyphellaceae	Chondrostereum	Chondrostereum purpureum		SPECIES	Chondrostereum purpureum (Pers.) Pouzar	Chondrostereum purpureum		CA		Prince Edward Island	PRESENT		28eb1a3f-1c15-4a95-931a-4af90ecb574d	46.695095	-64.156319	4.0						2024-10-19T13:52:41	19	10	2024	2532944	2532944	HUMAN_OBSERVATION	iNaturalist	Observations	248173810		Rosemary Curley	2024-10-20T00:22:24	CC_BY_NC_4_0	Rosemary Curley	Rosemary Curley			2025-01-14T13:44:02.079Z	StillImage	COORDINATE_ROUNDED;CONTINENT_DERIVED_FROM_COORDINATES;TAXON_MATCH_TAXON_ID_IGNORED
4994192564	50c9509d-22c7-4a22-a47d-8c48425ef4a7	https://www.inaturalist.org/observations/252647751	Fungi	Basidiomycota	Agaricomycetes	Agaricales	Cyphellaceae	Chondrostereum	Chondrostereum purpureum		SPECIES	Chondrostereum purpureum (Pers.) Pouzar	Chondrostereum purpureum		CA		New Brunswick	PRESENT		28eb1a3f-1c15-4a95-931a-4af90ecb574d	45.93421	-66.919925	27095.0						2024-10-09T12:12	9	10	2024	2532944	2532944	HUMAN_OBSERVATION	iNaturalist	Observations	252647751		Andrew MacPherson	2024-11-28T23:27:11	CC_BY_NC_4_0	Elizabeth Lynch	Elizabeth Lynch			2025-01-14T12:56:18.919Z	StillImage	COORDINATE_ROUNDED;CONTINENT_DERIVED_FROM_COORDINATES;TAXON_MATCH_TAXON_ID_IGNORED
4987726856	50c9509d-22c7-4a22-a47d-8c48425ef4a7	https://www.inaturalist.org/observations/252821527	Fungi	Basidiomycota	Agaricomycetes	Agaricales	Cyphellaceae	Chondrostereum	Chondrostereum purpureum		SPECIES	Chondrostereum purpureum (Pers.) Pouzar	Chondrostereum purpureum		CA		Québec	PRESENT		28eb1a3f-1c15-4a95-931a-4af90ecb574d	48.147639	-79.13755	3.0						2024-11-23T14:11:11	23	11	2024	2532944	2532944	HUMAN_OBSERVATION	iNaturalist	Observations	252821527		corndog	2024-11-24T03:54:00	CC_BY_NC_4_0	Sophia BenJeddi	Sophia BenJeddi			2025-01-14T12:54:24.601Z	StillImage	COORDINATE_ROUNDED;CONTINENT_DERIVED_FROM_COORDINATES;TAXON_MATCH_TAXON_ID_IGNORED
4987674567	50c9509d-22c7-4a22-a47d-8c48425ef4a7	https://www.inaturalist.org/observations/252675865	Fungi	Basidiomycota	Agaricomycetes	Agaricales	Cyphellaceae	Chondrostereum	Chondrostereum purpureum		SPECIES	Chondrostereum purpureum (Pers.) Pouzar	Chondrostereum purpureum		CA		Prince Edward Island	PRESENT		28eb1a3f-1c15-4a95-931a-4af90ecb574d	46.527937	-64.009758	4.0						2024-11-22T14:49:07	22	11	2024	2532944	2532944	HUMAN_OBSERVATION	iNaturalist	Observations	252675865		Rosemary Curley	2024-11-23T03:51:19	CC_BY_NC_4_0	Rosemary Curley	Rosemary Curley			2025-01-14T12:59:12.362Z	StillImage	COORDINATE_ROUNDED;CONTINENT_DERIVED_FROM_COORDINATES;TAXON_MATCH_TAXON_ID_IGNORED
4987636023	50c9509d-22c7-4a22-a47d-8c48425ef4a7	https://www.inaturalist.org/observations/252660500	Fungi	Basidiomycota	Agaricomycetes	Agaricales	Cyphellaceae	Chondrostereum	Chondrostereum purpureum		SPECIES	Chondrostereum purpureum (Pers.) Pouzar	Chondrostereum purpureum		CA		Ontario	PRESENT		28eb1a3f-1c15-4a95-931a-4af90ecb574d	45.318395	-75.739665	101.0						2024-11-22T11:21:55	22	11	2024	2532944	2532944	HUMAN_OBSERVATION	iNaturalist	Observations	252660500		Seb H	2024-11-23T00:45:01	CC_BY_4_0	Seb H	Seb H			2025-01-14T13:44:27.066Z	StillImage	COORDINATE_ROUNDED;CONTINENT_DERIVED_FROM_COORDINATES;TAXON_MATCH_TAXON_ID_IGNORED
4987580398	50c9509d-22c7-4a22-a47d-8c48425ef4a7	https://www.inaturalist.org/observations/252675599	Fungi	Basidiomycota	Agaricomycetes	Agaricales	Cyphellaceae	Chondrostereum	Chondrostereum purpureum		SPECIES	Chondrostereum purpureum (Pers.) Pouzar	Chondrostereum purpureum		CA		Prince Edward Island	PRESENT		28eb1a3f-1c15-4a95-931a-4af90ecb574d	46.527988	-64.009772	4.0						2024-11-22T14:46:39	22	11	2024	2532944	2532944	HUMAN_OBSERVATION	iNaturalist	Observations	252675599		Rosemary Curley	2024-11-23T03:47:57	CC_BY_NC_4_0	Rosemary Curley	Rosemary Curley			2025-01-14T12:54:13.251Z	StillImage	COORDINATE_ROUNDED;CONTINENT_DERIVED_FROM_COORDINATES;TAXON_MATCH_TAXON_ID_IGNORED
4980494416	50c9509d-22c7-4a22-a47d-8c48425ef4a7	https://www.inaturalist.org/observations/250689787	Fungi	Basidiomycota	Agaricomycetes	Agaricales	Cyphellaceae	Chondrostereum	Chondrostereum purpureum		SPECIES	Chondrostereum purpureum (Pers.) Pouzar	Chondrostereum purpureum		CA		Québec	PRESENT		28eb1a3f-1c15-4a95-931a-4af90ecb574d	45.494823	-75.879997	11.0						2024-11-06T11:02:55	6	11	2024	2532944	2532944	HUMAN_OBSERVATION	iNaturalist	Observations	250689787		vivienratcliffe	2024-11-06T16:03:35	CC_BY_NC_4_0	vivienratcliffe	vivienratcliffe			2025-01-14T12:58:22.145Z	StillImage	COORDINATE_ROUNDED;CONTINENT_DERIVED_FROM_COORDINATES;TAXON_MATCH_TAXON_ID_IGNORED
4980352604	50c9509d-22c7-4a22-a47d-8c48425ef4a7	https://www.inaturalist.org/observations/251351368	Fungi	Basidiomycota	Agaricomycetes	Agaricales	Cyphellaceae	Chondrostereum	Chondrostereum purpureum		SPECIES	Chondrostereum purpureum (Pers.) Pouzar	Chondrostereum purpureum		CA		Ontario	PRESENT		28eb1a3f-1c15-4a95-931a-4af90ecb574d	45.114329	-76.349129	8.0						2024-11-11T13:17:26	11	11	2024	2532944	2532944	HUMAN_OBSERVATION	iNaturalist	Observations	251351368		Igor Khomenko	2024-11-11T19:53:17	CC_BY_NC_4_0	Igor Khomenko	Igor Khomenko			2025-01-14T13:41:03.035Z	StillImage	COORDINATE_ROUNDED;CONTINENT_DERIVED_FROM_COORDINATES;TAXON_MATCH_TAXON_ID_IGNORED
4978666096	50c9509d-22c7-4a22-a47d-8c48425ef4a7	https://www.inaturalist.org/observations/250196911	Fungi	Basidiomycota	Agaricomycetes	Agaricales	Cyphellaceae	Chondrostereum	Chondrostereum purpureum		SPECIES	Chondrostereum purpureum (Pers.) Pouzar	Chondrostereum purpureum		CA		Prince Edward Island	PRESENT		28eb1a3f-1c15-4a95-931a-4af90ecb574d	46.684653	-64.189626	6.0						2024-11-02T11:46:47	2	11	2024	2532944	2532944	HUMAN_OBSERVATION	iNaturalist	Observations	250196911		zova	2024-11-02T21:13:38	CC_BY_NC_4_0	zova	zova			2025-01-14T13:48:19.914Z	StillImage	COORDINATE_ROUNDED;CONTINENT_DERIVED_FROM_COORDINATES;TAXON_MATCH_TAXON_ID_IGNORED
4978579775	50c9509d-22c7-4a22-a47d-8c48425ef4a7	https://www.inaturalist.org/observations/250196956	Fungi	Basidiomycota	Agaricomycetes	Agaricales	Cyphellaceae	Chondrostereum	Chondrostereum purpureum		SPECIES	Chondrostereum purpureum (Pers.) Pouzar	Chondrostereum purpureum		CA		Prince Edward Island	PRESENT		28eb1a3f-1c15-4a95-931a-4af90ecb574d	46.685254	-64.186759	9.0						2024-11-02T11:52:09	2	11	2024	2532944	2532944	HUMAN_OBSERVATION	iNaturalist	Observations	250196956		zova	2024-11-02T21:14:03	CC_BY_NC_4_0	zova	zova			2025-01-14T13:40:57.442Z	StillImage	COORDINATE_ROUNDED;CONTINENT_DERIVED_FROM_COORDINATES;TAXON_MATCH_TAXON_ID_IGNORED
4978324934	50c9509d-22c7-4a22-a47d-8c48425ef4a7	https://www.inaturalist.org/observations/250375577	Fungi	Basidiomycota	Agaricomycetes	Agaricales	Cyphellaceae	Chondrostereum	Chondrostereum purpureum		SPECIES	Chondrostereum purpureum (Pers.) Pouzar	Chondrostereum purpureum		CA		Ontario	PRESENT		28eb1a3f-1c15-4a95-931a-4af90ecb574d	45.324347	-75.812219	193.0						2024-11-03T12:58	3	11	2024	2532944	2532944	HUMAN_OBSERVATION	iNaturalist	Observations	250375577		L Joan Heyding	2024-11-04T00:54:39	CC_BY_NC_4_0	L Joan Heyding	L Joan Heyding			2025-01-14T12:53:51.283Z	StillImage	COORDINATE_ROUNDED;CONTINENT_DERIVED_FROM_COORDINATES;TAXON_MATCH_TAXON_ID_IGNORED
4973949186	50c9509d-22c7-4a22-a47d-8c48425ef4a7	https://www.inaturalist.org/observations/248140434	Fungi	Basidiomycota	Agaricomycetes	Agaricales	Cyphellaceae	Chondrostereum	Chondrostereum purpureum		SPECIES	Chondrostereum purpureum (Pers.) Pouzar	Chondrostereum purpureum		CA		Prince Edward Island	PRESENT		28eb1a3f-1c15-4a95-931a-4af90ecb574d	46.695092	-64.156228	10.0						2024-10-19T13:51	19	10	2024	2532944	2532944	HUMAN_OBSERVATION	iNaturalist	Observations	248140434		Thelma Phillips	2024-10-19T20:39:01	CC_BY_NC_4_0	Thelma Phillips	Thelma Phillips			2025-01-14T12:55:16.886Z	StillImage	COORDINATE_ROUNDED;CONTINENT_DERIVED_FROM_COORDINATES;TAXON_MATCH_TAXON_ID_IGNORED
4954529793	50c9509d-22c7-4a22-a47d-8c48425ef4a7	https://www.inaturalist.org/observations/247389566	Fungi	Basidiomycota	Agaricomycetes	Agaricales	Cyphellaceae	Chondrostereum	Chondrostereum purpureum		SPECIES	Chondrostereum purpureum (Pers.) Pouzar	Chondrostereum purpureum		CA		Ontario	PRESENT		28eb1a3f-1c15-4a95-931a-4af90ecb574d	45.465045	-75.505805	19.0						2024-10-14T13:36	14	10	2024	2532944	2532944	HUMAN_OBSERVATION	iNaturalist	Observations	247389566		jonathan_mack	2024-10-14T23:00:26	CC_BY_NC_4_0	jonathan_mack	jonathan_mack			2025-01-14T13:42:56.098Z	StillImage	COORDINATE_ROUNDED;CONTINENT_DERIVED_FROM_COORDINATES;TAXON_MATCH_TAXON_ID_IGNORED
4952987349	50c9509d-22c7-4a22-a47d-8c48425ef4a7	https://www.inaturalist.org/observations/246214692	Fungi	Basidiomycota	Agaricomycetes	Agaricales	Cyphellaceae	Chondrostereum	Chondrostereum purpureum		SPECIES	Chondrostereum purpureum (Pers.) Pouzar	Chondrostereum purpureum		CA		Québec	PRESENT		28eb1a3f-1c15-4a95-931a-4af90ecb574d	46.784414	-71.270143	267.0						2024-10-06T16:11	6	10	2024	2532944	2532944	HUMAN_OBSERVATION	iNaturalist	Observations	246214692		Léo-Guy de Repentigny	2024-10-07T20:12:00	CC_BY_NC_4_0	Léo-Guy de Repentigny	Léo-Guy de Repentigny			2025-01-14T13:43:50.274Z	StillImage	COORDINATE_ROUNDED;CONTINENT_DERIVED_FROM_COORDINATES;TAXON_MATCH_TAXON_ID_IGNORED
4946093535	50c9509d-22c7-4a22-a47d-8c48425ef4a7	https://www.inaturalist.org/observations/237502175	Fungi	Basidiomycota	Agaricomycetes	Agaricales	Cyphellaceae	Chondrostereum	Chondrostereum purpureum		SPECIES	Chondrostereum purpureum (Pers.) Pouzar	Chondrostereum purpureum		CA		Québec	PRESENT		28eb1a3f-1c15-4a95-931a-4af90ecb574d	45.267395	-72.693634	4.0						2024-08-23T14:15:46	23	8	2024	2532944	2532944	HUMAN_OBSERVATION	iNaturalist	Observations	237502175		hebsta	2024-08-23T18:15:53	CC_BY_NC_4_0	hebsta	hebsta			2025-01-14T12:52:21.265Z	StillImage	COORDINATE_ROUNDED;CONTINENT_DERIVED_FROM_COORDINATES;TAXON_MATCH_TAXON_ID_IGNORED
4923899057	50c9509d-22c7-4a22-a47d-8c48425ef4a7	https://www.inaturalist.org/observations/232568094	Fungi	Basidiomycota	Agaricomycetes	Agaricales	Cyphellaceae	Chondrostereum	Chondrostereum purpureum		SPECIES	Chondrostereum purpureum (Pers.) Pouzar	Chondrostereum purpureum		CA		Québec	PRESENT		28eb1a3f-1c15-4a95-931a-4af90ecb574d	45.863866	-72.254011	3338.0						2024-07-27T11:38:01	27	7	2024	2532944	2532944	HUMAN_OBSERVATION	iNaturalist	Observations	232568094		egrenier	2024-07-29T20:45:10	CC_BY_NC_4_0	egrenier	egrenier			2025-01-14T13:37:47.853Z	StillImage	CONTINENT_DERIVED_FROM_COORDINATES;TAXON_MATCH_TAXON_ID_IGNORED
4904228452	50c9509d-22c7-4a22-a47d-8c48425ef4a7	https://www.inaturalist.org/observations/62848501	Fungi	Basidiomycota	Agaricomycetes	Agaricales	Cyphellaceae	Chondrostereum	Chondrostereum purpureum		SPECIES	Chondrostereum purpureum (Pers.) Pouzar	Chondrostereum purpureum		CA		Québec	PRESENT		28eb1a3f-1c15-4a95-931a-4af90ecb574d	45.490842	-73.606628	10.0						2020-10-17T10:05:30	17	10	2020	2532944	2532944	HUMAN_OBSERVATION	iNaturalist	Observations	62848501		Mical	2020-10-18T00:51:10	CC_BY_4_0	Mical	Mical			2025-01-14T12:15:07.070Z	StillImage	COORDINATE_ROUNDED;CONTINENT_DERIVED_FROM_COORDINATES;TAXON_MATCH_TAXON_ID_IGNORED
4904153891	50c9509d-22c7-4a22-a47d-8c48425ef4a7	https://www.inaturalist.org/observations/225555517	Fungi	Basidiomycota	Agaricomycetes	Agaricales	Cyphellaceae	Chondrostereum	Chondrostereum purpureum		SPECIES	Chondrostereum purpureum (Pers.) Pouzar	Chondrostereum purpureum		CA		Québec	PRESENT		28eb1a3f-1c15-4a95-931a-4af90ecb574d	45.398116	-73.753788	8.0						2024-06-25T09:08	25	6	2024	2532944	2532944	HUMAN_OBSERVATION	iNaturalist	Observations	225555517		Taylor Routledge	2024-06-27T20:16:35	CC_BY_NC_4_0	tom1989	tom1989			2025-01-14T12:46:27.851Z	StillImage	COORDINATE_ROUNDED;CONTINENT_DERIVED_FROM_COORDINATES;TAXON_MATCH_TAXON_ID_IGNORED
4606560882	50c9509d-22c7-4a22-a47d-8c48425ef4a7	https://www.inaturalist.org/observations/97587557	Fungi	Basidiomycota	Agaricomycetes	Agaricales	Cyphellaceae	Chondrostereum	Chondrostereum purpureum		SPECIES	Chondrostereum purpureum (Pers.) Pouzar	Chondrostereum purpureum		CA		Québec	PRESENT		28eb1a3f-1c15-4a95-931a-4af90ecb574d	45.392006	-74.180189	356.0						2021-10-08T16:15	8	10	2021	2532944	2532944	HUMAN_OBSERVATION	iNaturalist	Observations	97587557		Benjamin Leo	2021-10-08T21:49:28	CC_BY_NC_4_0	Benjamin Leo	Benjamin Leo			2025-01-14T12:23:10.185Z	StillImage	COORDINATE_ROUNDED;CONTINENT_DERIVED_FROM_COORDINATES;TAXON_MATCH_TAXON_ID_IGNORED
4596833210	50c9509d-22c7-4a22-a47d-8c48425ef4a7	https://www.inaturalist.org/observations/201529488	Fungi	Basidiomycota	Agaricomycetes	Agaricales	Cyphellaceae	Chondrostereum	Chondrostereum purpureum		SPECIES	Chondrostereum purpureum (Pers.) Pouzar	Chondrostereum purpureum		CA		Ontario	PRESENT		28eb1a3f-1c15-4a95-931a-4af90ecb574d	45.354437	-75.604498	1095.0						2024-03-06T13:53	6	3	2024	2532944	2532944	HUMAN_OBSERVATION	iNaturalist	Observations	201529488		L Joan Heyding	2024-03-07T00:38:58	CC_BY_NC_4_0	L Joan Heyding	L Joan Heyding			2025-01-14T13:37:42.387Z	StillImage	COORDINATE_ROUNDED;CONTINENT_DERIVED_FROM_COORDINATES;TAXON_MATCH_TAXON_ID_IGNORED
4516224876	50c9509d-22c7-4a22-a47d-8c48425ef4a7	https://www.inaturalist.org/observations/193086065	Fungi	Basidiomycota	Agaricomycetes	Agaricales	Cyphellaceae	Chondrostereum	Chondrostereum purpureum		SPECIES	Chondrostereum purpureum (Pers.) Pouzar	Chondrostereum purpureum		CA		Québec	PRESENT		28eb1a3f-1c15-4a95-931a-4af90ecb574d	46.978902	-71.592798	26935.0						2023-09-23T13:58:04	23	9	2023	2532944	2532944	HUMAN_OBSERVATION	iNaturalist	Observations	193086065		William Van Hemessen	2023-12-05T12:01:44	CC_BY_NC_4_0	Alex Wittemeier	Alex Wittemeier			2025-01-14T13:35:27.203Z	StillImage	COORDINATE_ROUNDED;CONTINENT_DERIVED_FROM_COORDINATES;TAXON_MATCH_TAXON_ID_IGNORED
4510116457	50c9509d-22c7-4a22-a47d-8c48425ef4a7	https://www.inaturalist.org/observations/195009566	Fungi	Basidiomycota	Agaricomycetes	Agaricales	Cyphellaceae	Chondrostereum	Chondrostereum purpureum		SPECIES	Chondrostereum purpureum (Pers.) Pouzar	Chondrostereum purpureum		CA		Ontario	PRESENT		28eb1a3f-1c15-4a95-931a-4af90ecb574d	45.421118	-75.587151	27158.0						2023-12-27T12:04	27	12	2023	2532944	2532944	HUMAN_OBSERVATION	iNaturalist	Observations	195009566		L Joan Heyding	2023-12-27T20:42:52	CC_BY_NC_4_0	L Joan Heyding	L Joan Heyding			2025-01-14T13:29:05.332Z	StillImage	COORDINATE_ROUNDED;CONTINENT_DERIVED_FROM_COORDINATES;TAXON_MATCH_TAXON_ID_IGNORED
4510114390	50c9509d-22c7-4a22-a47d-8c48425ef4a7	https://www.inaturalist.org/observations/194064847	Fungi	Basidiomycota	Agaricomycetes	Agaricales	Cyphellaceae	Chondrostereum	Chondrostereum purpureum		SPECIES	Chondrostereum purpureum (Pers.) Pouzar	Chondrostereum purpureum		CA		Ontario	PRESENT		28eb1a3f-1c15-4a95-931a-4af90ecb574d	45.390631	-75.5432	488.0						2023-12-15T14:36	15	12	2023	2532944	2532944	HUMAN_OBSERVATION	iNaturalist	Observations	194064847		Igor Khomenko	2023-12-16T18:10:09	CC_BY_NC_4_0	Igor Khomenko	Igor Khomenko			2025-01-14T12:42:38.210Z	StillImage	COORDINATE_ROUNDED;CONTINENT_DERIVED_FROM_COORDINATES;TAXON_MATCH_TAXON_ID_IGNORED
4510015289	50c9509d-22c7-4a22-a47d-8c48425ef4a7	https://www.inaturalist.org/observations/188263932	Fungi	Basidiomycota	Agaricomycetes	Agaricales	Cyphellaceae	Chondrostereum	Chondrostereum purpureum		SPECIES	Chondrostereum purpureum (Pers.) Pouzar	Chondrostereum purpureum		CA		Ontario	PRESENT		28eb1a3f-1c15-4a95-931a-4af90ecb574d	45.307678	-75.847472							2023-10-19T11:51:59	19	10	2023	2532944	2532944	HUMAN_OBSERVATION	iNaturalist	Observations	188263932		Nina	2023-10-20T15:09:37	CC_BY_NC_4_0	Nina	Nina			2025-01-14T12:42:31.559Z	StillImage	COORDINATE_ROUNDED;CONTINENT_DERIVED_FROM_COORDINATES;TAXON_MATCH_TAXON_ID_IGNORED
4500855745	50c9509d-22c7-4a22-a47d-8c48425ef4a7	https://www.inaturalist.org/observations/194134994	Fungi	Basidiomycota	Agaricomycetes	Agaricales	Cyphellaceae	Chondrostereum	Chondrostereum purpureum		SPECIES	Chondrostereum purpureum (Pers.) Pouzar	Chondrostereum purpureum		CA		Ontario	PRESENT		28eb1a3f-1c15-4a95-931a-4af90ecb574d	45.394226	-75.509616	187.0						2023-12-16T11:03	16	12	2023	2532944	2532944	HUMAN_OBSERVATION	iNaturalist	Observations	194134994		L Joan Heyding	2023-12-16T20:50:46	CC_BY_NC_4_0	L Joan Heyding	L Joan Heyding			2025-01-14T13:36:09.195Z	StillImage	COORDINATE_ROUNDED;CONTINENT_DERIVED_FROM_COORDINATES;TAXON_MATCH_TAXON_ID_IGNORED
4440774802	50c9509d-22c7-4a22-a47d-8c48425ef4a7	https://www.inaturalist.org/observations/190747210	Fungi	Basidiomycota	Agaricomycetes	Agaricales	Cyphellaceae	Chondrostereum	Chondrostereum purpureum		SPECIES	Chondrostereum purpureum (Pers.) Pouzar	Chondrostereum purpureum		CA		Ontario	PRESENT		28eb1a3f-1c15-4a95-931a-4af90ecb574d	45.348167	-75.566895	10.0						2023-11-11T13:25:58	11	11	2023	2532944	2532944	HUMAN_OBSERVATION	iNaturalist	Observations	190747210		Lynn Ovenden	2023-11-12T02:24:48	CC_BY_NC_4_0	Lynn Ovenden	Lynn Ovenden			2025-01-14T13:34:11.818Z	StillImage	COORDINATE_ROUNDED;CONTINENT_DERIVED_FROM_COORDINATES;TAXON_MATCH_TAXON_ID_IGNORED
4440689785	50c9509d-22c7-4a22-a47d-8c48425ef4a7	https://www.inaturalist.org/observations/190749189	Fungi	Basidiomycota	Agaricomycetes	Agaricales	Cyphellaceae	Chondrostereum	Chondrostereum purpureum		SPECIES	Chondrostereum purpureum (Pers.) Pouzar	Chondrostereum purpureum		CA		Ontario	PRESENT		28eb1a3f-1c15-4a95-931a-4af90ecb574d	45.348236	-75.567031	74.0						2023-11-11T13:25	11	11	2023	2532944	2532944	HUMAN_OBSERVATION	iNaturalist	Observations	190749189		jonathan_mack	2023-11-12T02:46:52	CC_BY_NC_4_0	jonathan_mack	jonathan_mack			2025-01-14T12:42:05.588Z	StillImage	COORDINATE_ROUNDED;CONTINENT_DERIVED_FROM_COORDINATES;TAXON_MATCH_TAXON_ID_IGNORED
4439028795	50c9509d-22c7-4a22-a47d-8c48425ef4a7	https://www.inaturalist.org/observations/190076364	Fungi	Basidiomycota	Agaricomycetes	Agaricales	Cyphellaceae	Chondrostereum	Chondrostereum purpureum		SPECIES	Chondrostereum purpureum (Pers.) Pouzar	Chondrostereum purpureum		CA		Ontario	PRESENT		28eb1a3f-1c15-4a95-931a-4af90ecb574d	45.441028	-75.18734	66.0						2023-11-04T14:17	4	11	2023	2532944	2532944	HUMAN_OBSERVATION	iNaturalist	Observations	190076364		jonathan_mack	2023-11-05T15:13:30	CC_BY_NC_4_0	jonathan_mack	jonathan_mack			2025-01-14T12:44:31.796Z	StillImage	COORDINATE_ROUNDED;CONTINENT_DERIVED_FROM_COORDINATES;TAXON_MATCH_TAXON_ID_IGNORED
4436295493	50c9509d-22c7-4a22-a47d-8c48425ef4a7	https://www.inaturalist.org/observations/189356646	Fungi	Basidiomycota	Agaricomycetes	Agaricales	Cyphellaceae	Chondrostereum	Chondrostereum purpureum		SPECIES	Chondrostereum purpureum (Pers.) Pouzar	Chondrostereum purpureum		CA		Ontario	PRESENT		28eb1a3f-1c15-4a95-931a-4af90ecb574d	45.464899	-75.505924	31.0						2023-10-28T13:36	28	10	2023	2532944	2532944	HUMAN_OBSERVATION	iNaturalist	Observations	189356646		jonathan_mack	2023-10-29T15:11:47	CC_BY_NC_4_0	jonathan_mack	jonathan_mack			2025-01-14T13:34:02.335Z	StillImage	COORDINATE_ROUNDED;CONTINENT_DERIVED_FROM_COORDINATES;TAXON_MATCH_TAXON_ID_IGNORED
4430857370	50c9509d-22c7-4a22-a47d-8c48425ef4a7	https://www.inaturalist.org/observations/34451733	Fungi	Basidiomycota	Agaricomycetes	Agaricales	Cyphellaceae	Chondrostereum	Chondrostereum purpureum		SPECIES	Chondrostereum purpureum (Pers.) Pouzar	Chondrostereum purpureum		CA		New Brunswick	PRESENT		28eb1a3f-1c15-4a95-931a-4af90ecb574d	46.214907	-64.284593	488.0						2016-10-30T10:39	30	10	2016	2532944	2532944	HUMAN_OBSERVATION	iNaturalist	Observations	34451733		Raymonde G Chartier	2019-10-16T13:10:28	CC_BY_NC_4_0	Raymonde G Chartier	Raymonde G Chartier			2025-01-14T12:09:37.823Z	StillImage	COORDINATE_ROUNDED;CONTINENT_DERIVED_FROM_COORDINATES;TAXON_MATCH_TAXON_ID_IGNORED
4430633384	50c9509d-22c7-4a22-a47d-8c48425ef4a7	https://www.inaturalist.org/observations/187631046	Fungi	Basidiomycota	Agaricomycetes	Agaricales	Cyphellaceae	Chondrostereum	Chondrostereum purpureum		SPECIES	Chondrostereum purpureum (Pers.) Pouzar	Chondrostereum purpureum		CA		Québec	PRESENT		28eb1a3f-1c15-4a95-931a-4af90ecb574d	45.872811	-76.4339	501.0						2023-10-13T12:59	13	10	2023	2532944	2532944	HUMAN_OBSERVATION	iNaturalist	Observations	187631046		L Joan Heyding	2023-10-15T13:56:45	CC_BY_NC_4_0	L Joan Heyding	L Joan Heyding			2025-01-14T13:33:24.977Z	StillImage	COORDINATE_ROUNDED;CONTINENT_DERIVED_FROM_COORDINATES;TAXON_MATCH_TAXON_ID_IGNORED
4407086782	50c9509d-22c7-4a22-a47d-8c48425ef4a7	https://www.inaturalist.org/observations/180886971	Fungi	Basidiomycota	Agaricomycetes	Agaricales	Cyphellaceae	Chondrostereum	Chondrostereum purpureum		SPECIES	Chondrostereum purpureum (Pers.) Pouzar	Chondrostereum purpureum		CA		Québec	PRESENT		28eb1a3f-1c15-4a95-931a-4af90ecb574d	45.872811	-76.4339	501.0						2023-08-26T11:19	26	8	2023	2532944	2532944	HUMAN_OBSERVATION	iNaturalist	Observations	180886971		L Joan Heyding	2023-08-30T08:38:44	CC_BY_NC_4_0	L Joan Heyding	L Joan Heyding			2025-01-14T12:42:08.478Z	StillImage	COORDINATE_ROUNDED;CONTINENT_DERIVED_FROM_COORDINATES;TAXON_MATCH_TAXON_ID_IGNORED
4133844349	50c9509d-22c7-4a22-a47d-8c48425ef4a7	https://www.inaturalist.org/observations/74846866	Fungi	Basidiomycota	Agaricomycetes	Agaricales	Cyphellaceae	Chondrostereum	Chondrostereum purpureum		SPECIES	Chondrostereum purpureum (Pers.) Pouzar	Chondrostereum purpureum		CA		Québec	PRESENT		28eb1a3f-1c15-4a95-931a-4af90ecb574d	46.784414	-71.270143	267.0						2018-10-08T12:16	8	10	2018	2532944	2532944	HUMAN_OBSERVATION	iNaturalist	Observations	74846866		tombigelow	2021-11-03T02:09:20	CC_BY_NC_4_0	Léo-Guy de Repentigny	Léo-Guy de Repentigny			2025-01-14T13:11:41.498Z	StillImage	COORDINATE_ROUNDED;CONTINENT_DERIVED_FROM_COORDINATES;TAXON_MATCH_TAXON_ID_IGNORED
4133780345	50c9509d-22c7-4a22-a47d-8c48425ef4a7	https://www.inaturalist.org/observations/74845116	Fungi	Basidiomycota	Agaricomycetes	Agaricales	Cyphellaceae	Chondrostereum	Chondrostereum purpureum		SPECIES	Chondrostereum purpureum (Pers.) Pouzar	Chondrostereum purpureum		CA		Québec	PRESENT		28eb1a3f-1c15-4a95-931a-4af90ecb574d	46.784414	-71.270143	267.0						2016-10-30T11:54	30	10	2016	2532944	2532944	HUMAN_OBSERVATION	iNaturalist	Observations	74845116		cinna_latifolia	2023-01-26T19:59:45	CC_BY_NC_4_0	Léo-Guy de Repentigny	Léo-Guy de Repentigny			2025-01-14T13:12:03.618Z	StillImage	COORDINATE_ROUNDED;CONTINENT_DERIVED_FROM_COORDINATES;TAXON_MATCH_TAXON_ID_IGNORED
4133727384	50c9509d-22c7-4a22-a47d-8c48425ef4a7	https://www.inaturalist.org/observations/153624261	Fungi	Basidiomycota	Agaricomycetes	Agaricales	Cyphellaceae	Chondrostereum	Chondrostereum purpureum		SPECIES	Chondrostereum purpureum (Pers.) Pouzar	Chondrostereum purpureum		CA		Québec	PRESENT		28eb1a3f-1c15-4a95-931a-4af90ecb574d	46.784414	-71.270143	267.0						2016-10-30T18:54	30	10	2016	2532944	2532944	HUMAN_OBSERVATION	iNaturalist	Observations	153624261		Jan Thornhill	2023-04-21T21:01:22	CC_BY_NC_4_0	Léo-Guy de Repentigny	Léo-Guy de Repentigny			2025-01-14T13:28:36.430Z	StillImage	COORDINATE_ROUNDED;CONTINENT_DERIVED_FROM_COORDINATES;TAXON_MATCH_TAXON_ID_IGNORED
4099927051	d1a3b128-b406-46bb-a6d1-f3591dcc8a7b	0c7136cf-1b25-4409-b7df-76efb7dfee4d	Fungi	Basidiomycota	Agaricomycetes	Agaricales	Cyphellaceae	Chondrostereum	Chondrostereum purpureum		SPECIES	Stereum purpureum Pers.	Stereum purpureum	Pers.	CA	Iberville	Quebec	PRESENT		e43cf4b8-849e-4fac-b075-e652d019d2cf	45.25	-73.166667	301.0						1952-05-30	30	5	1952	2532959	2532944	PRESERVED_SPECIMEN	BPI		BPI 274379		Lentz P. L.		CC0_1_0		Marie-anselme			2025-01-15T04:59:26.017Z		GEODETIC_DATUM_ASSUMED_WGS84;CONTINENT_DERIVED_FROM_COORDINATES;TAXON_MATCH_TAXON_ID_IGNORED;INSTITUTION_MATCH_FUZZY
4099710065	d1a3b128-b406-46bb-a6d1-f3591dcc8a7b	adeaa624-5a76-42e2-90d8-a28c34c8f18d	Fungi	Basidiomycota	Agaricomycetes	Agaricales	Cyphellaceae	Chondrostereum	Chondrostereum purpureum		SPECIES	Stereum purpureum Pers.	Stereum purpureum	Pers.	CA	Iberville	Quebec	PRESENT		e43cf4b8-849e-4fac-b075-e652d019d2cf	45.25	-73.166667	301.0						1951-10-01	1	10	1951	2532959	2532944	PRESERVED_SPECIMEN	BPI		BPI 274378		Lentz P. L.		CC0_1_0		Marie-anselme			2025-01-15T04:59:25.947Z		GEODETIC_DATUM_ASSUMED_WGS84;CONTINENT_DERIVED_FROM_COORDINATES;TAXON_MATCH_TAXON_ID_IGNORED;INSTITUTION_MATCH_FUZZY
4099468085	d1a3b128-b406-46bb-a6d1-f3591dcc8a7b	a051f1ed-f16f-4b24-bd0d-87e85f71991f	Fungi	Basidiomycota	Agaricomycetes	Agaricales	Cyphellaceae	Chondrostereum	Chondrostereum purpureum		SPECIES	Stereum purpureum Pers.	Stereum purpureum	Pers.	CA	Montreal	Quebec	PRESENT		e43cf4b8-849e-4fac-b075-e652d019d2cf	45.5	-73.583333	3036.0						1911-10-07	7	10	1911	2532959	2532944	PRESERVED_SPECIMEN	BPI		BPI 274529		Weir		CC0_1_0		Dupret H.			2025-01-15T04:59:25.933Z		GEODETIC_DATUM_ASSUMED_WGS84;CONTINENT_DERIVED_FROM_COORDINATES;TAXON_MATCH_TAXON_ID_IGNORED;INSTITUTION_MATCH_FUZZY
4099461073	d1a3b128-b406-46bb-a6d1-f3591dcc8a7b	32418042-cf82-4a4b-b3ac-7bd6c8ee161f	Fungi	Basidiomycota	Agaricomycetes	Agaricales	Cyphellaceae	Chondrostereum	Chondrostereum purpureum		SPECIES	Stereum purpureum Pers.	Stereum purpureum	Pers.	CA	Ottawa	Ontario	PRESENT		e43cf4b8-849e-4fac-b075-e652d019d2cf	45.416667	-75.7	52150.0						1891-09-12	12	9	1891	2532959	2532944	PRESERVED_SPECIMEN	BPI		BPI 274393				CC0_1_0		MACOUN J. M.			2025-01-15T04:59:25.928Z		GEODETIC_DATUM_ASSUMED_WGS84;CONTINENT_DERIVED_FROM_COORDINATES;TAXON_MATCH_TAXON_ID_IGNORED;INSTITUTION_MATCH_FUZZY
4076255750	50c9509d-22c7-4a22-a47d-8c48425ef4a7	https://www.inaturalist.org/observations/136606461	Fungi	Basidiomycota	Agaricomycetes	Agaricales	Cyphellaceae	Chondrostereum	Chondrostereum purpureum		SPECIES	Chondrostereum purpureum (Pers.) Pouzar	Chondrostereum purpureum		CA		Ontario	PRESENT		28eb1a3f-1c15-4a95-931a-4af90ecb574d	45.403283	-75.589523	263.0						2022-09-26T11:31	26	9	2022	2532944	2532944	HUMAN_OBSERVATION	iNaturalist	Observations	136606461		Igor Khomenko	2022-09-26T19:21:54	CC_BY_NC_4_0	Igor Khomenko	Igor Khomenko			2025-01-14T13:25:36.960Z	StillImage	COORDINATE_ROUNDED;CONTINENT_DERIVED_FROM_COORDINATES;TAXON_MATCH_TAXON_ID_IGNORED
4018162897	50c9509d-22c7-4a22-a47d-8c48425ef4a7	https://www.inaturalist.org/observations/146375890	Fungi	Basidiomycota	Agaricomycetes	Agaricales	Cyphellaceae	Chondrostereum	Chondrostereum purpureum		SPECIES	Chondrostereum purpureum (Pers.) Pouzar	Chondrostereum purpureum		CA		Québec	PRESENT		28eb1a3f-1c15-4a95-931a-4af90ecb574d	45.964564	-76.513151	27095.0						2022-10-08T13:58	8	10	2022	2532944	2532944	HUMAN_OBSERVATION	iNaturalist	Observations	146375890		L Joan Heyding	2023-01-12T02:31:23	CC_BY_NC_4_0	L Joan Heyding	L Joan Heyding			2025-01-14T13:20:28.852Z	StillImage	COORDINATE_ROUNDED;CONTINENT_DERIVED_FROM_COORDINATES;TAXON_MATCH_TAXON_ID_IGNORED
3965614393	0ec61c42-6eda-441e-b327-7ec241c8ec95	274ec46e-997e-4dfc-85ce-d943356fcfa6	Fungi	Basidiomycota	Agaricomycetes	Agaricales	Cyphellaceae	Chondrostereum	Chondrostereum purpureum		SPECIES	Stereum purpureum Pers.	Stereum purpureum	Pers.	CA	Grosses Roches, Gaspe Peninsula	Quebec	PRESENT		00ff478a-9da6-4c8d-b60d-43ee8c88cd1f	48.666667	-65.833333							1959-08-12	12	8	1959	2532959	2532944	PRESERVED_SPECIMEN	WSP	WSP	WSP48970				CC_BY_4_0		W.B. Cooke; V.G. Cooke			2025-01-15T08:28:23.916Z		GEODETIC_DATUM_ASSUMED_WGS84;CONTINENT_DERIVED_FROM_COORDINATES;TAXON_MATCH_TAXON_ID_IGNORED;AMBIGUOUS_COLLECTION;INSTITUTION_MATCH_FUZZY
3947379530	50c9509d-22c7-4a22-a47d-8c48425ef4a7	https://www.inaturalist.org/observations/139788328	Fungi	Basidiomycota	Agaricomycetes	Agaricales	Cyphellaceae	Chondrostereum	Chondrostereum purpureum		SPECIES	Chondrostereum purpureum (Pers.) Pouzar	Chondrostereum purpureum		CA		Prince Edward Island	PRESENT		28eb1a3f-1c15-4a95-931a-4af90ecb574d	46.742713	-64.174963	4.0						2022-10-23T11:39:49	23	10	2022	2532944	2532944	HUMAN_OBSERVATION	iNaturalist	Observations	139788328		Jacob Kalichman	2022-11-05T13:22:42	CC_BY_NC_4_0	Laura O'Connor	Laura O'Connor			2025-01-14T12:32:06.594Z	StillImage	COORDINATE_ROUNDED;CONTINENT_DERIVED_FROM_COORDINATES;TAXON_MATCH_TAXON_ID_IGNORED
3859144889	50c9509d-22c7-4a22-a47d-8c48425ef4a7	https://www.inaturalist.org/observations/119600108	Fungi	Basidiomycota	Agaricomycetes	Agaricales	Cyphellaceae	Chondrostereum	Chondrostereum purpureum		SPECIES	Chondrostereum purpureum (Pers.) Pouzar	Chondrostereum purpureum		CA		Québec	PRESENT		28eb1a3f-1c15-4a95-931a-4af90ecb574d	46.844693	-71.478527	31.0						2022-05-28T14:37	28	5	2022	2532944	2532944	HUMAN_OBSERVATION	iNaturalist	Observations	119600108		Philippe Hénault	2022-05-31T15:56:17	CC_BY_NC_4_0	Philippe Hénault	Philippe Hénault			2025-01-14T12:27:58.889Z	StillImage	COORDINATE_ROUNDED;CONTINENT_DERIVED_FROM_COORDINATES;TAXON_MATCH_TAXON_ID_IGNORED
3391297605	50c9509d-22c7-4a22-a47d-8c48425ef4a7	https://www.inaturalist.org/observations/97274744	Fungi	Basidiomycota	Agaricomycetes	Agaricales	Cyphellaceae	Chondrostereum	Chondrostereum purpureum		SPECIES	Chondrostereum purpureum (Pers.) Pouzar	Chondrostereum purpureum		CA		Québec	PRESENT		28eb1a3f-1c15-4a95-931a-4af90ecb574d	45.511043	-73.584842	32.0						2021-10-05T15:36:52	5	10	2021	2532944	2532944	HUMAN_OBSERVATION	iNaturalist	Observations	97274744		elakanti	2021-10-05T20:22:38	CC_BY_NC_4_0	elakanti	elakanti			2025-01-14T13:14:30.693Z	StillImage	COORDINATE_ROUNDED;CONTINENT_DERIVED_FROM_COORDINATES;TAXON_MATCH_TAXON_ID_IGNORED
3330772381	50c9509d-22c7-4a22-a47d-8c48425ef4a7	https://www.inaturalist.org/observations/62033257	Fungi	Basidiomycota	Agaricomycetes	Agaricales	Cyphellaceae	Chondrostereum	Chondrostereum purpureum		SPECIES	Chondrostereum purpureum (Pers.) Pouzar	Chondrostereum purpureum		CA		Québec	PRESENT		28eb1a3f-1c15-4a95-931a-4af90ecb574d	45.422839	-74.026873	204.0						2020-10-04T15:59:32	4	10	2020	2532944	2532944	HUMAN_OBSERVATION	iNaturalist	Observations	62033257		cinna_latifolia	2021-07-19T21:07:38	CC_BY_NC_4_0	katenormand	katenormand			2025-01-14T12:15:06.027Z	StillImage	COORDINATE_ROUNDED;CONTINENT_DERIVED_FROM_COORDINATES;TAXON_MATCH_TAXON_ID_IGNORED
3314190378	50c9509d-22c7-4a22-a47d-8c48425ef4a7	https://www.inaturalist.org/observations/58521944	Fungi	Basidiomycota	Agaricomycetes	Agaricales	Cyphellaceae	Chondrostereum	Chondrostereum purpureum		SPECIES	Chondrostereum purpureum (Pers.) Pouzar	Chondrostereum purpureum		CA		Nova Scotia	PRESENT		28eb1a3f-1c15-4a95-931a-4af90ecb574d	45.666315	-64.06284	115.0						2020-09-03T15:30	3	9	2020	2532944	2532944	HUMAN_OBSERVATION	iNaturalist	Observations	58521944		Ben	2020-09-04T17:22:48	CC_BY_NC_4_0	Ben	Ben			2025-01-14T13:09:48.933Z	StillImage	COORDINATE_ROUNDED;CONTINENT_DERIVED_FROM_COORDINATES;TAXON_MATCH_TAXON_ID_IGNORED
3022649725	1f917113-dd55-4000-9f80-6266fab1af03	614511	Fungi	Basidiomycota	Agaricomycetes	Agaricales	Cyphellaceae	Chondrostereum	Chondrostereum purpureum		SPECIES	Chondrostereum purpureum (Pers.) Pouzar	Chondrostereum purpureum (Pers.) Pouzar		CA	Algonquin Prov. Park, Lake of Two Rivers		PRESENT		32859580-c30c-4367-8a8a-71f00fc9f833	45.8	-78.7							1952-09-21	21	9	1952	2532944	2532944	PRESERVED_SPECIMEN	TAAM	TAAM	TAAM173947		Roy Franklin Cain		CC_BY_NC_4_0	Erast Parmasto	Roy Franklin Cain			2025-01-12T09:58:14.491Z		CONTINENT_DERIVED_FROM_COORDINATES
2445126813	50c9509d-22c7-4a22-a47d-8c48425ef4a7	https://www.inaturalist.org/observations/34579143	Fungi	Basidiomycota	Agaricomycetes	Agaricales	Cyphellaceae	Chondrostereum	Chondrostereum purpureum		SPECIES	Chondrostereum purpureum (Pers.) Pouzar	Chondrostereum purpureum		CA		Québec	PRESENT		28eb1a3f-1c15-4a95-931a-4af90ecb574d	45.490706	-73.606581	10.0						2019-10-19T09:20:45	19	10	2019	2532944	2532944	HUMAN_OBSERVATION	iNaturalist	Observations	34579143		ethancrenson	2019-10-21T14:24:07	CC_BY_NC_4_0	timfoster	timfoster			2025-01-14T13:04:21.303Z	StillImage	COORDINATE_ROUNDED;CONTINENT_DERIVED_FROM_COORDINATES;TAXON_MATCH_TAXON_ID_IGNORED
1949983881	50c9509d-22c7-4a22-a47d-8c48425ef4a7	https://www.inaturalist.org/observations/17842509	Fungi	Basidiomycota	Agaricomycetes	Agaricales	Cyphellaceae	Chondrostereum	Chondrostereum purpureum		SPECIES	Chondrostereum purpureum (Pers.) Pouzar	Chondrostereum purpureum		CA		Ontario	PRESENT		28eb1a3f-1c15-4a95-931a-4af90ecb574d	45.634466	-77.0604	147.0						2018-10-24T12:16	24	10	2018	2532944	2532944	HUMAN_OBSERVATION	iNaturalist	Observations	17842509		jonathan_mack	2018-10-26T02:03:46	CC_BY_NC_4_0	jonathan_mack	jonathan_mack			2025-01-14T12:05:59.440Z	StillImage	COORDINATE_ROUNDED;CONTINENT_DERIVED_FROM_COORDINATES;TAXON_MATCH_TAXON_ID_IGNORED
1935603635	50c9509d-22c7-4a22-a47d-8c48425ef4a7	https://www.inaturalist.org/observations/18108272	Fungi	Basidiomycota	Agaricomycetes	Agaricales	Cyphellaceae	Chondrostereum	Chondrostereum purpureum		SPECIES	Chondrostereum purpureum (Pers.) Pouzar	Chondrostereum purpureum		CA		Ontario	PRESENT		28eb1a3f-1c15-4a95-931a-4af90ecb574d	45.47057	-75.517056	1616.0						2018-11-01T16:24:56	1	11	2018	2532944	2532944	HUMAN_OBSERVATION	iNaturalist	Observations	18108272		Sherry Nigro	2018-11-05T00:54:45	CC_BY_NC_4_0	Sherry Nigro	Sherry Nigro			2025-01-14T12:06:00.106Z	StillImage	COORDINATE_ROUNDED;CONTINENT_DERIVED_FROM_COORDINATES;TAXON_MATCH_TAXON_ID_IGNORED
1913701753	50c9509d-22c7-4a22-a47d-8c48425ef4a7	https://www.inaturalist.org/observations/16676465	Fungi	Basidiomycota	Agaricomycetes	Agaricales	Cyphellaceae	Chondrostereum	Chondrostereum purpureum		SPECIES	Chondrostereum purpureum (Pers.) Pouzar	Chondrostereum purpureum		CA		Ontario	PRESENT		28eb1a3f-1c15-4a95-931a-4af90ecb574d	45.457404	-75.467422	8.0						2016-08-14T17:09	14	8	2016	2532944	2532944	HUMAN_OBSERVATION	iNaturalist	Observations	16676465		jonathan_mack	2018-09-19T02:02:17	CC_BY_NC_4_0	jonathan_mack	jonathan_mack			2025-01-14T12:06:28.569Z	StillImage	COORDINATE_ROUNDED;CONTINENT_DERIVED_FROM_COORDINATES;TAXON_MATCH_TAXON_ID_IGNORED
1807263438	e8a25a42-f125-476c-8554-3ec21cd51a84	ACAD:120276	Fungi	Basidiomycota	Agaricomycetes	Agaricales	Cyphellaceae	Chondrostereum	Chondrostereum purpureum		SPECIES	Chondrostereum purpureum (Pers.) Pouzar	Chondrostereum purpureum (Pers.) Pouzar	(Pers.) Pouzar	CA	Kentville	Nova Scotia	PRESENT		6491ad8c-8e49-4bd4-a089-0ddb3bbe0890	45.07662	-64.49592							1963-11-02	2	11	1963	2532944	2532944	PRESERVED_SPECIMEN	Acadia University	ACAD	9168F	9168			CC0_1_0	Acadia University	Harrison, KA			2024-01-25T01:37:02.970Z	StillImage	GEODETIC_DATUM_INVALID;GEODETIC_DATUM_ASSUMED_WGS84;TAXON_MATCH_TAXON_ID_IGNORED;INSTITUTION_MATCH_FUZZY;COLLECTION_MATCH_FUZZY
1807258950	e8a25a42-f125-476c-8554-3ec21cd51a84	ACAD:115392	Fungi	Basidiomycota	Agaricomycetes	Agaricales	Cyphellaceae	Chondrostereum	Chondrostereum purpureum		SPECIES	Chondrostereum purpureum (Pers.) Pouzar	Chondrostereum purpureum (Pers.) Pouzar	(Pers.) Pouzar	CA	Kentville	Nova Scotia	PRESENT		6491ad8c-8e49-4bd4-a089-0ddb3bbe0890	45.07662	-64.49592							1953-11-18	18	11	1953	2532944	2532944	PRESERVED_SPECIMEN	Acadia University	ACAD	2779F	2779			CC0_1_0	Acadia University	Cousins, B			2024-01-25T01:36:59.168Z	StillImage	GEODETIC_DATUM_INVALID;GEODETIC_DATUM_ASSUMED_WGS84;TAXON_MATCH_TAXON_ID_IGNORED;INSTITUTION_MATCH_FUZZY;COLLECTION_MATCH_FUZZY
1807258947	e8a25a42-f125-476c-8554-3ec21cd51a84	ACAD:115640	Fungi	Basidiomycota	Agaricomycetes	Agaricales	Cyphellaceae	Chondrostereum	Chondrostereum purpureum		SPECIES	Chondrostereum purpureum (Pers.) Pouzar	Chondrostereum purpureum (Pers.) Pouzar	(Pers.) Pouzar	CA	Kentville	Nova Scotia	PRESENT		6491ad8c-8e49-4bd4-a089-0ddb3bbe0890	45.07662	-64.49592							1954-10-22	22	10	1954	2532944	2532944	PRESERVED_SPECIMEN	Acadia University	ACAD	3087F	3087	H, KA		CC0_1_0	Acadia University	Harrison, KA			2024-01-25T01:37:00.312Z	StillImage	GEODETIC_DATUM_INVALID;GEODETIC_DATUM_ASSUMED_WGS84;TAXON_MATCH_TAXON_ID_IGNORED;INSTITUTION_MATCH_FUZZY;COLLECTION_MATCH_FUZZY
1807258797	e8a25a42-f125-476c-8554-3ec21cd51a84	ACAD:115391	Fungi	Basidiomycota	Agaricomycetes	Agaricales	Cyphellaceae	Chondrostereum	Chondrostereum purpureum		SPECIES	Chondrostereum purpureum (Pers.) Pouzar	Chondrostereum purpureum (Pers.) Pouzar	(Pers.) Pouzar	CA	Kentville	Nova Scotia	PRESENT		6491ad8c-8e49-4bd4-a089-0ddb3bbe0890	45.07662	-64.49592							1953-11-18	18	11	1953	2532944	2532944	PRESERVED_SPECIMEN	Acadia University	ACAD	2778F	2778			CC0_1_0	Acadia University	Harrison, KA			2024-01-25T01:36:59.168Z	StillImage	GEODETIC_DATUM_INVALID;GEODETIC_DATUM_ASSUMED_WGS84;TAXON_MATCH_TAXON_ID_IGNORED;INSTITUTION_MATCH_FUZZY;COLLECTION_MATCH_FUZZY
1807255893	e8a25a42-f125-476c-8554-3ec21cd51a84	ACAD:112322	Fungi	Basidiomycota	Agaricomycetes	Agaricales	Cyphellaceae	Chondrostereum	Chondrostereum purpureum		SPECIES	Chondrostereum purpureum (Pers.) Pouzar	Chondrostereum purpureum (Pers.) Pouzar	(Pers.) Pouzar	CA	(Kentville)	Nova Scotia	PRESENT		6491ad8c-8e49-4bd4-a089-0ddb3bbe0890	45.07662	-64.49592							1952-11-07	7	11	1952	2532944	2532944	PRESERVED_SPECIMEN	Acadia University	ACAD	2063F	2063			CC0_1_0	Acadia University	H, KA			2024-01-25T01:37:05.781Z	StillImage	GEODETIC_DATUM_INVALID;GEODETIC_DATUM_ASSUMED_WGS84;TAXON_MATCH_TAXON_ID_IGNORED;INSTITUTION_MATCH_FUZZY;COLLECTION_MATCH_FUZZY
1807255195	e8a25a42-f125-476c-8554-3ec21cd51a84	ACAD:111810	Fungi	Basidiomycota	Agaricomycetes	Agaricales	Cyphellaceae	Chondrostereum	Chondrostereum purpureum		SPECIES	Chondrostereum purpureum (Pers.) Pouzar	Chondrostereum purpureum (Pers.) Pouzar	(Pers.) Pouzar	CA	Kentville	Nova Scotia	PRESENT		6491ad8c-8e49-4bd4-a089-0ddb3bbe0890	45.07662	-64.49592							1934-10-25	25	10	1934	2532944	2532944	PRESERVED_SPECIMEN	Acadia University	ACAD	145F	145			CC0_1_0	Acadia University	H, KA			2024-01-25T01:37:06.808Z	StillImage	GEODETIC_DATUM_INVALID;GEODETIC_DATUM_ASSUMED_WGS84;TAXON_MATCH_TAXON_ID_IGNORED;INSTITUTION_MATCH_FUZZY;COLLECTION_MATCH_FUZZY
1412708307	21705170-d2b6-42de-8904-c3bca4b83591	CMMF016727	Fungi	Basidiomycota	Agaricomycetes	Agaricales	Cyphellaceae	Chondrostereum	Chondrostereum purpureum		SPECIES	Chondrostereum purpureum (Pers.) Pouzar	Chondrostereum purpureum (Pers.) Pouzar	(Pers.) Pouzar	CA	Montmagny, Québec.	Québec	PRESENT		ff7bd5db-b724-4932-b496-10ea298851f9	46.980077	-70.556636	20000.0						2000-09		9	2000	2532944	2532944	PRESERVED_SPECIMEN	Université de Montréal Biodiversity Centre	CMMF	CMMF016727		Boulet, Bruno		CC0_1_0	Université de Montréal Biodiversity Centre	Boulet, Bruno			2024-01-24T16:38:19.885Z		INSTITUTION_MATCH_FUZZY;COLLECTION_MATCH_FUZZY;DIFFERENT_OWNER_INSTITUTION
1412708111	21705170-d2b6-42de-8904-c3bca4b83591	CMMF016705	Fungi	Basidiomycota	Agaricomycetes	Agaricales	Cyphellaceae	Chondrostereum	Chondrostereum purpureum		SPECIES	Chondrostereum purpureum (Pers.) Pouzar	Chondrostereum purpureum (Pers.) Pouzar	(Pers.) Pouzar	CA	Lac Buteux (Charlevoix), Québec.	Québec	PRESENT		ff7bd5db-b724-4932-b496-10ea298851f9	48.047989	-69.926262	4000.0						1996-08-20	20	8	1996	2532944	2532944	PRESERVED_SPECIMEN	Université de Montréal Biodiversity Centre	CMMF	CMMF016705		Boulet, Bruno		CC0_1_0	Université de Montréal Biodiversity Centre	Boulet, Bruno			2024-01-24T16:38:19.874Z		INSTITUTION_MATCH_FUZZY;COLLECTION_MATCH_FUZZY;DIFFERENT_OWNER_INSTITUTION
1412706609	21705170-d2b6-42de-8904-c3bca4b83591	CMMF015049	Fungi	Basidiomycota	Agaricomycetes	Agaricales	Cyphellaceae	Chondrostereum	Chondrostereum purpureum		SPECIES	Chondrostereum purpureum (Pers.) Pouzar	Chondrostereum purpureum (Pers.) Pouzar	(Pers.) Pouzar	CA	Val Lombrette, Chicoutimi, Québec.	Québec	PRESENT		ff7bd5db-b724-4932-b496-10ea298851f9	48.421466	-71.04988	250.0						1997-10-04	4	10	1997	2532944	2532944	PRESERVED_SPECIMEN	Université de Montréal Biodiversity Centre	CMMF	CMMF015049	924	Guérin, Gérard		CC0_1_0	Université de Montréal Biodiversity Centre	Guérin, Gérard			2024-01-24T16:38:16.663Z	StillImage	INSTITUTION_MATCH_FUZZY;COLLECTION_MATCH_FUZZY;DIFFERENT_OWNER_INSTITUTION
1412706569	21705170-d2b6-42de-8904-c3bca4b83591	CMMF015048	Fungi	Basidiomycota	Agaricomycetes	Agaricales	Cyphellaceae	Chondrostereum	Chondrostereum purpureum		SPECIES	Chondrostereum purpureum (Pers.) Pouzar	Chondrostereum purpureum (Pers.) Pouzar	(Pers.) Pouzar	CA	Rang Saint-Paul, Chicoutimi, Québec.	Québec	PRESENT		ff7bd5db-b724-4932-b496-10ea298851f9	48.361148	-71.135546	4000.0						1995-10-09	9	10	1995	2532944	2532944	PRESERVED_SPECIMEN	Université de Montréal Biodiversity Centre	CMMF	CMMF015048	923	Guérin, Gérard		CC0_1_0	Université de Montréal Biodiversity Centre	Guérin, Gérard			2024-01-24T16:38:16.663Z	StillImage	INSTITUTION_MATCH_FUZZY;COLLECTION_MATCH_FUZZY;DIFFERENT_OWNER_INSTITUTION
1412705214	21705170-d2b6-42de-8904-c3bca4b83591	CMMF013617	Fungi	Basidiomycota	Agaricomycetes	Agaricales	Cyphellaceae	Chondrostereum	Chondrostereum purpureum		SPECIES	Stereum purpureum Pers.	Stereum purpureum Pers.	Pers.	CA	Danford Lake, Québec.	Québec	PRESENT		ff7bd5db-b724-4932-b496-10ea298851f9	45.922926	-76.153405	7000.0						1959-09-11	11	9	1959	2532959	2532944	PRESERVED_SPECIMEN	Université de Montréal Biodiversity Centre	CMMF	CMMF013617	1242	Illman, William I.		CC0_1_0	Université de Montréal Biodiversity Centre	Illman, William I.			2024-01-24T16:38:17.683Z		INSTITUTION_MATCH_FUZZY;COLLECTION_MATCH_FUZZY;DIFFERENT_OWNER_INSTITUTION
1412705186	21705170-d2b6-42de-8904-c3bca4b83591	CMMF013585	Fungi	Basidiomycota	Agaricomycetes	Agaricales	Cyphellaceae	Chondrostereum	Chondrostereum purpureum		SPECIES	Stereum purpureum Pers.	Stereum purpureum Pers.	Pers.	CA	Ottawa, Ontario.	Ontario	PRESENT		ff7bd5db-b724-4932-b496-10ea298851f9	45.42153	-75.697193	40000.0						1968-10		10	1968	2532959	2532944	PRESERVED_SPECIMEN	Université de Montréal Biodiversity Centre	CMMF	CMMF013585	2382	Weresub, L.K.		CC0_1_0	Université de Montréal Biodiversity Centre	Haffner, Karl			2024-01-24T16:38:17.660Z		INSTITUTION_MATCH_FUZZY;COLLECTION_MATCH_FUZZY;DIFFERENT_OWNER_INSTITUTION
1412702959	21705170-d2b6-42de-8904-c3bca4b83591	CMMF011467	Fungi	Basidiomycota	Agaricomycetes	Agaricales	Cyphellaceae	Chondrostereum	Chondrostereum purpureum		SPECIES	Stereum purpureum Pers.	Stereum purpureum Pers.	Pers.	CA	Montréal, Québec.	Québec	PRESENT		ff7bd5db-b724-4932-b496-10ea298851f9	45.509625	-73.662984	25000.0						1935-01-01/1935-12-31			1935	2532959	2532944	PRESERVED_SPECIMEN	Université de Montréal Biodiversity Centre	CMMF	CMMF011467	9070A	Bisby, Guy R.		CC0_1_0	Université de Montréal Biodiversity Centre	Godbout, Fernand			2024-01-24T16:38:17.461Z		INSTITUTION_MATCH_FUZZY;COLLECTION_MATCH_FUZZY;DIFFERENT_OWNER_INSTITUTION
1135070860	21705170-d2b6-42de-8904-c3bca4b83591	CMMF009392	Fungi	Basidiomycota	Agaricomycetes	Agaricales	Cyphellaceae	Chondrostereum	Chondrostereum purpureum		SPECIES	Chondrostereum purpureum (Pers.) Pouzar	Chondrostereum purpureum (Pers.) Pouzar	(Pers.) Pouzar	CA	Chemin O'Neil, Lac-Beauport.	Québec	PRESENT		ff7bd5db-b724-4932-b496-10ea298851f9	46.953091	-71.306427	5000.0						2006-10-16	16	10	2006	2532944	2532944	PRESERVED_SPECIMEN	Université de Montréal Biodiversity Centre	CMMF	CMMF009392	976	Labbé, Roland		CC0_1_0	Université de Montréal Biodiversity Centre	Labrecque, Jacqueline			2024-01-24T16:38:21.613Z		INSTITUTION_MATCH_FUZZY;COLLECTION_MATCH_FUZZY;DIFFERENT_OWNER_INSTITUTION
1135069350	21705170-d2b6-42de-8904-c3bca4b83591	CMMF007846	Fungi	Basidiomycota	Agaricomycetes	Agaricales	Cyphellaceae	Chondrostereum	Chondrostereum purpureum		SPECIES	Chondrostereum purpureum (Pers.) Pouzar	Chondrostereum purpureum (Pers.) Pouzar	(Pers.) Pouzar	CA	St-Fabien-de-Panet	Québec	PRESENT		ff7bd5db-b724-4932-b496-10ea298851f9	46.638667	-70.128333	100.0						1980-10-12	12	10	1980	2532944	2532944	PRESERVED_SPECIMEN	Université de Montréal Biodiversity Centre	CMMF	CMMF007846	970	McNeil, Raymond		CC0_1_0	Université de Montréal Biodiversity Centre	McNeil, Raymond			2024-01-24T16:38:14.752Z	StillImage	COORDINATE_ROUNDED;INSTITUTION_MATCH_FUZZY;COLLECTION_MATCH_FUZZY;DIFFERENT_OWNER_INSTITUTION
1135067052	21705170-d2b6-42de-8904-c3bca4b83591	CMMF010555	Fungi	Basidiomycota	Agaricomycetes	Agaricales	Cyphellaceae	Chondrostereum	Chondrostereum purpureum		SPECIES	Chondrostereum purpureum (Pers.) Pouzar	Chondrostereum purpureum (Pers.) Pouzar	(Pers.) Pouzar	CA	Containers ouest, Lac-Beauport.	Québec	PRESENT		ff7bd5db-b724-4932-b496-10ea298851f9	46.96324	-71.303223	5000.0						2008-10-16	16	10	2008	2532944	2532944	PRESERVED_SPECIMEN	Université de Montréal Biodiversity Centre	CMMF	CMMF010555	2141	Labbé, Roland		CC0_1_0	Université de Montréal Biodiversity Centre	Labrecque, Jacqueline			2024-01-24T16:38:21.697Z		INSTITUTION_MATCH_FUZZY;COLLECTION_MATCH_FUZZY;DIFFERENT_OWNER_INSTITUTION
1135066695	21705170-d2b6-42de-8904-c3bca4b83591	CMMF010128	Fungi	Basidiomycota	Agaricomycetes	Agaricales	Cyphellaceae	Chondrostereum	Chondrostereum purpureum		SPECIES	Chondrostereum purpureum (Pers.) Pouzar	Chondrostereum purpureum (Pers.) Pouzar	(Pers.) Pouzar	CA	Rue des Acadiens, Québec.	Québec	PRESENT		ff7bd5db-b724-4932-b496-10ea298851f9	46.918501	-71.254455	4000.0						2007-10-01	1	10	2007	2532944	2532944	PRESERVED_SPECIMEN	Université de Montréal Biodiversity Centre	CMMF	CMMF010128	1714	Labbé, Roland		CC0_1_0	Université de Montréal Biodiversity Centre	Labrecque, Jacqueline			2024-01-24T16:38:20.253Z		INSTITUTION_MATCH_FUZZY;COLLECTION_MATCH_FUZZY;DIFFERENT_OWNER_INSTITUTION
