gbifID	datasetKey	occurrenceID	kingdom	phylum	class	order	family	genus	species	infraspecificEpithet	taxonRank	scientificName	verbatimScientificName	verbatimScientificNameAuthorship	countryCode	locality	stateProvince	occurrenceStatus	individualCount	publishingOrgKey	decimalLatitude	decimalLongitude	coordinateUncertaintyInMeters	coordinatePrecision	elevation	elevationAccuracy	depth	depthAccuracy	eventDate	day	month	year	taxonKey	speciesKey	basisOfRecord	institutionCode	collectionCode	catalogNumber	recordNumber	identifiedBy	dateIdentified	license	rightsHolder	recordedBy	typeStatus	establishmentMeans	lastInterpreted	mediaType	issue
617554802	21705170-d2b6-42de-8904-c3bca4b83591	CMMF000524	Fungi	Basidiomycota	Agaricomycetes	Agaricales	Hymenogastraceae	Gymnopilus	Gymnopilus luteus		SPECIES	Gymnopilus luteus (Peck) Hesler	Gymnopilus luteus (Peck) Hesler	(Peck) Hesler	CA	Laval	Québec	PRESENT		ff7bd5db-b724-4932-b496-10ea298851f9	45.609608	-73.705867	17500.0						1989-06-26	26	6	1989	3342895	3342895	PRESERVED_SPECIMEN	Université de Montréal Biodiversity Centre	CMMF	CMMF000524		Lamoureux, Yves		CC0_1_0	Université de Montréal Biodiversity Centre	Lamoureux, Yves			2024-01-24T16:38:20.046Z	StillImage	INSTITUTION_MATCH_FUZZY;COLLECTION_MATCH_FUZZY;DIFFERENT_OWNER_INSTITUTION
617548492	21705170-d2b6-42de-8904-c3bca4b83591	CMMF001425	Fungi	Basidiomycota	Agaricomycetes	Agaricales	Hymenogastraceae	Gymnopilus	Gymnopilus luteus		SPECIES	Gymnopilus luteus (Peck) Hesler	Gymnopilus luteus (Peck) Hesler	(Peck) Hesler	CA	Montréal	Québec	PRESENT		ff7bd5db-b724-4932-b496-10ea298851f9	45.509625	-73.662984	25000.0						1991-08-20	20	8	1991	3342895	3342895	PRESERVED_SPECIMEN	Université de Montréal Biodiversity Centre	CMMF	CMMF001425		Lamoureux, Yves		CC0_1_0	Université de Montréal Biodiversity Centre	Johansson, John			2024-01-24T16:38:17.557Z	StillImage	INSTITUTION_MATCH_FUZZY;COLLECTION_MATCH_FUZZY;DIFFERENT_OWNER_INSTITUTION
5007099524	50c9509d-22c7-4a22-a47d-8c48425ef4a7	https://www.inaturalist.org/observations/252683613	Fungi	Basidiomycota	Agaricomycetes	Agaricales	Hymenogastraceae	Gymnopilus	Gymnopilus luteus		SPECIES	Gymnopilus luteus (Peck) Hesler	Gymnopilus luteus		CA		Québec	PRESENT		28eb1a3f-1c15-4a95-931a-4af90ecb574d	45.037455	-74.071997	1953.0						2024-09-17T12:04	17	9	2024	3342895	3342895	HUMAN_OBSERVATION	iNaturalist	Observations	252683613		Annabelle Langlois	2024-11-23T05:42:37	CC_BY_NC_4_0	Annabelle Langlois	Annabelle Langlois			2025-01-14T13:45:11.452Z	StillImage	COORDINATE_ROUNDED;CONTINENT_DERIVED_FROM_COORDINATES;TAXON_MATCH_TAXON_ID_IGNORED
4987608894	50c9509d-22c7-4a22-a47d-8c48425ef4a7	https://www.inaturalist.org/observations/252689110	Fungi	Basidiomycota	Agaricomycetes	Agaricales	Hymenogastraceae	Gymnopilus	Gymnopilus luteus		SPECIES	Gymnopilus luteus (Peck) Hesler	Gymnopilus luteus		CA		Québec	PRESENT		28eb1a3f-1c15-4a95-931a-4af90ecb574d	45.037455	-74.071997	1953.0						2024-10-15T12:09	15	10	2024	3342895	3342895	HUMAN_OBSERVATION	iNaturalist	Observations	252689110		Annabelle Langlois	2024-11-23T07:15:48	CC_BY_NC_4_0	Annabelle Langlois	Annabelle Langlois			2025-01-14T13:39:58.765Z	StillImage	COORDINATE_ROUNDED;CONTINENT_DERIVED_FROM_COORDINATES;TAXON_MATCH_TAXON_ID_IGNORED
4978409015	50c9509d-22c7-4a22-a47d-8c48425ef4a7	https://www.inaturalist.org/observations/249696542	Fungi	Basidiomycota	Agaricomycetes	Agaricales	Hymenogastraceae	Gymnopilus	Gymnopilus luteus		SPECIES	Gymnopilus luteus (Peck) Hesler	Gymnopilus luteus		CA		Québec	PRESENT		28eb1a3f-1c15-4a95-931a-4af90ecb574d	45.439922	-73.603155	10.0						2024-09-27T13:04:30	27	9	2024	3342895	3342895	HUMAN_OBSERVATION	iNaturalist	Observations	249696542		Chantal Gauthier	2024-10-29T23:54:25	CC_BY_NC_4_0	Chantal Gauthier	Chantal Gauthier			2025-01-14T12:55:40.797Z	StillImage	CONTINENT_DERIVED_FROM_COORDINATES;TAXON_MATCH_TAXON_ID_IGNORED
4952831893	50c9509d-22c7-4a22-a47d-8c48425ef4a7	https://www.inaturalist.org/observations/246255825	Fungi	Basidiomycota	Agaricomycetes	Agaricales	Hymenogastraceae	Gymnopilus	Gymnopilus luteus		SPECIES	Gymnopilus luteus (Peck) Hesler	Gymnopilus luteus		CA		Québec	PRESENT		28eb1a3f-1c15-4a95-931a-4af90ecb574d	45.440888	-73.604463	203.0						2024-10-07T21:27:11	7	10	2024	3342895	3342895	HUMAN_OBSERVATION	iNaturalist	Observations	246255825		gr3yhound	2024-10-08T01:29:07	CC_BY_NC_4_0	gr3yhound	gr3yhound			2025-01-14T12:52:45.844Z	StillImage	COORDINATE_ROUNDED;CONTINENT_DERIVED_FROM_COORDINATES;TAXON_MATCH_TAXON_ID_IGNORED
4952184428	50c9509d-22c7-4a22-a47d-8c48425ef4a7	https://www.inaturalist.org/observations/244206941	Fungi	Basidiomycota	Agaricomycetes	Agaricales	Hymenogastraceae	Gymnopilus	Gymnopilus luteus		SPECIES	Gymnopilus luteus (Peck) Hesler	Gymnopilus luteus		CA		Québec	PRESENT		28eb1a3f-1c15-4a95-931a-4af90ecb574d	45.358432	-72.23072	399.0						2024-09-23T14:52:07	23	9	2024	3342895	3342895	HUMAN_OBSERVATION	iNaturalist	Observations	244206941		ratonvoleur	2024-09-26T21:58:14	CC_BY_NC_4_0	ratonvoleur	ratonvoleur			2025-01-14T12:52:22.330Z	StillImage	COORDINATE_ROUNDED;CONTINENT_DERIVED_FROM_COORDINATES;TAXON_MATCH_TAXON_ID_IGNORED
4936398356	50c9509d-22c7-4a22-a47d-8c48425ef4a7	https://www.inaturalist.org/observations/238499372	Fungi	Basidiomycota	Agaricomycetes	Agaricales	Hymenogastraceae	Gymnopilus	Gymnopilus luteus		SPECIES	Gymnopilus luteus (Peck) Hesler	Gymnopilus luteus		CA		Québec	PRESENT		28eb1a3f-1c15-4a95-931a-4af90ecb574d	46.854807	-71.294763	26935.0						2024-08-28T18:25:24	28	8	2024	3342895	3342895	HUMAN_OBSERVATION	iNaturalist	Observations	238499372		Keith Wauthy	2024-08-28T22:42:48	CC_BY_NC_4_0	Keith Wauthy	Keith Wauthy			2025-01-14T12:50:18.870Z	StillImage	COORDINATE_ROUNDED;CONTINENT_DERIVED_FROM_COORDINATES;TAXON_MATCH_TAXON_ID_IGNORED
4901142458	50c9509d-22c7-4a22-a47d-8c48425ef4a7	https://www.inaturalist.org/observations/224189180	Fungi	Basidiomycota	Agaricomycetes	Agaricales	Hymenogastraceae	Gymnopilus	Gymnopilus luteus		SPECIES	Gymnopilus luteus (Peck) Hesler	Gymnopilus luteus		CA		Québec	PRESENT		28eb1a3f-1c15-4a95-931a-4af90ecb574d	45.481564	-73.619637							2024-06-21T09:46	21	6	2024	3342895	3342895	HUMAN_OBSERVATION	iNaturalist	Observations	224189180		karolanegb	2024-06-21T14:30:49	CC_BY_NC_4_0	karolanegb	karolanegb			2025-01-14T12:54:10.159Z	StillImage	COORDINATE_ROUNDED;CONTINENT_DERIVED_FROM_COORDINATES;TAXON_MATCH_TAXON_ID_IGNORED
4852348562	50c9509d-22c7-4a22-a47d-8c48425ef4a7	https://www.inaturalist.org/observations/189810862	Fungi	Basidiomycota	Agaricomycetes	Agaricales	Hymenogastraceae	Gymnopilus	Gymnopilus luteus		SPECIES	Gymnopilus luteus (Peck) Hesler	Gymnopilus luteus		CA		Québec	PRESENT		28eb1a3f-1c15-4a95-931a-4af90ecb574d	45.872811	-76.4339	501.0						2023-08-18T14:58	18	8	2023	3342895	3342895	HUMAN_OBSERVATION	iNaturalist	Observations	189810862		L Joan Heyding	2023-11-03T12:26:12	CC_BY_NC_4_0	L Joan Heyding	L Joan Heyding			2025-01-14T12:44:58.588Z	StillImage	COORDINATE_ROUNDED;CONTINENT_DERIVED_FROM_COORDINATES;TAXON_MATCH_TAXON_ID_IGNORED
4535881179	50c9509d-22c7-4a22-a47d-8c48425ef4a7	https://www.inaturalist.org/observations/200473875	Fungi	Basidiomycota	Agaricomycetes	Agaricales	Hymenogastraceae	Gymnopilus	Gymnopilus luteus		SPECIES	Gymnopilus luteus (Peck) Hesler	Gymnopilus luteus		CA		Québec	PRESENT		28eb1a3f-1c15-4a95-931a-4af90ecb574d	45.550481	-73.469943	519.0						2023-10-09T09:32	9	10	2023	3342895	3342895	HUMAN_OBSERVATION	iNaturalist	Observations	200473875		Antoine Fortin	2024-02-26T02:32:06	CC_BY_NC_4_0	Antoine Fortin	Antoine Fortin			2025-01-14T13:37:06.777Z	StillImage	COORDINATE_ROUNDED;CONTINENT_DERIVED_FROM_COORDINATES;TAXON_MATCH_TAXON_ID_IGNORED
4458411772	50c9509d-22c7-4a22-a47d-8c48425ef4a7	https://www.inaturalist.org/observations/192558486	Fungi	Basidiomycota	Agaricomycetes	Agaricales	Hymenogastraceae	Gymnopilus	Gymnopilus luteus		SPECIES	Gymnopilus luteus (Peck) Hesler	Gymnopilus luteus		CA		Québec	PRESENT		28eb1a3f-1c15-4a95-931a-4af90ecb574d	46.914595	-71.232199	31.0						2023-10-18	18	10	2023	3342895	3342895	HUMAN_OBSERVATION	iNaturalist	Observations	192558486		Christian Grenier	2023-11-29T16:17:59	CC_BY_NC_4_0	Christian Grenier	Christian Grenier			2025-01-14T13:35:03.189Z	StillImage	COORDINATE_ROUNDED;CONTINENT_DERIVED_FROM_COORDINATES;TAXON_MATCH_TAXON_ID_IGNORED
4442600696	50c9509d-22c7-4a22-a47d-8c48425ef4a7	https://www.inaturalist.org/observations/191567272	Fungi	Basidiomycota	Agaricomycetes	Agaricales	Hymenogastraceae	Gymnopilus	Gymnopilus luteus		SPECIES	Gymnopilus luteus (Peck) Hesler	Gymnopilus luteus		CA		Québec	PRESENT		28eb1a3f-1c15-4a95-931a-4af90ecb574d	45.440053	-73.604631	4.0						2023-10-14T16:26	14	10	2023	3342895	3342895	HUMAN_OBSERVATION	iNaturalist	Observations	191567272		gr3yhound	2023-11-20T10:10:54	CC_BY_NC_4_0	gr3yhound	gr3yhound			2025-01-14T12:41:45.601Z	StillImage	COORDINATE_ROUNDED;CONTINENT_DERIVED_FROM_COORDINATES;TAXON_MATCH_TAXON_ID_IGNORED
4430580425	50c9509d-22c7-4a22-a47d-8c48425ef4a7	https://www.inaturalist.org/observations/187231814	Fungi	Basidiomycota	Agaricomycetes	Agaricales	Hymenogastraceae	Gymnopilus	Gymnopilus luteus		SPECIES	Gymnopilus luteus (Peck) Hesler	Gymnopilus luteus		CA		New Brunswick	PRESENT		28eb1a3f-1c15-4a95-931a-4af90ecb574d	45.960473	-66.670054							2023-10-12T08:15:26	12	10	2023	3342895	3342895	HUMAN_OBSERVATION	iNaturalist	Observations	187231814		Andrew MacPherson	2023-10-12T11:30:46	CC0_1_0	Andrew MacPherson	Andrew MacPherson			2025-01-14T12:42:54.263Z	StillImage	COORDINATE_ROUNDED;CONTINENT_DERIVED_FROM_COORDINATES;TAXON_MATCH_TAXON_ID_IGNORED
4424663429	50c9509d-22c7-4a22-a47d-8c48425ef4a7	https://www.inaturalist.org/observations/186896210	Fungi	Basidiomycota	Agaricomycetes	Agaricales	Hymenogastraceae	Gymnopilus	Gymnopilus luteus		SPECIES	Gymnopilus luteus (Peck) Hesler	Gymnopilus luteus		CA		Québec	PRESENT		28eb1a3f-1c15-4a95-931a-4af90ecb574d	45.393822	-71.931738	4.0						2023-10-09T16:16:40	9	10	2023	3342895	3342895	HUMAN_OBSERVATION	iNaturalist	Observations	186896210		Jacob Beauregard	2023-10-09T20:23:12	CC_BY_NC_4_0	Jacob Beauregard	Jacob Beauregard			2025-01-14T12:42:21.611Z	StillImage	COORDINATE_ROUNDED;CONTINENT_DERIVED_FROM_COORDINATES;TAXON_MATCH_TAXON_ID_IGNORED
4424109986	50c9509d-22c7-4a22-a47d-8c48425ef4a7	https://www.inaturalist.org/observations/184794694	Fungi	Basidiomycota	Agaricomycetes	Agaricales	Hymenogastraceae	Gymnopilus	Gymnopilus luteus		SPECIES	Gymnopilus luteus (Peck) Hesler	Gymnopilus luteus		CA		New Brunswick	PRESENT		28eb1a3f-1c15-4a95-931a-4af90ecb574d	45.953333	-66.677872	567.0						2023-09-21T15:15:52	21	9	2023	3342895	3342895	HUMAN_OBSERVATION	iNaturalist	Observations	184794694		jbilli	2023-09-25T01:01:53	CC_BY_NC_4_0	jbilli	jbilli			2025-01-14T12:40:15.205Z	StillImage	COORDINATE_ROUNDED;CONTINENT_DERIVED_FROM_COORDINATES;TAXON_MATCH_TAXON_ID_IGNORED
4421128858	50c9509d-22c7-4a22-a47d-8c48425ef4a7	https://www.inaturalist.org/observations/184916911	Fungi	Basidiomycota	Agaricomycetes	Agaricales	Hymenogastraceae	Gymnopilus	Gymnopilus luteus		SPECIES	Gymnopilus luteus (Peck) Hesler	Gymnopilus luteus		CA		New Brunswick	PRESENT		28eb1a3f-1c15-4a95-931a-4af90ecb574d	45.972498	-66.768333	27095.0						2023-09-25T16:52	25	9	2023	3342895	3342895	HUMAN_OBSERVATION	iNaturalist	Observations	184916911		Andrew MacPherson	2023-09-25T22:08:12	CC0_1_0	Andrew MacPherson	Andrew MacPherson			2025-01-14T13:32:36.449Z	StillImage	COORDINATE_ROUNDED;CONTINENT_DERIVED_FROM_COORDINATES;TAXON_MATCH_TAXON_ID_IGNORED
4421104207	50c9509d-22c7-4a22-a47d-8c48425ef4a7	https://www.inaturalist.org/observations/185832502	Fungi	Basidiomycota	Agaricomycetes	Agaricales	Hymenogastraceae	Gymnopilus	Gymnopilus luteus		SPECIES	Gymnopilus luteus (Peck) Hesler	Gymnopilus luteus		CA		New Brunswick	PRESENT		28eb1a3f-1c15-4a95-931a-4af90ecb574d	45.96907	-66.925292	11.0						2023-10-01T17:54:03	1	10	2023	3342895	3342895	HUMAN_OBSERVATION	iNaturalist	Observations	185832502		Andrew MacPherson	2023-10-02T01:15:14	CC_BY_NC_4_0	abstickz	abstickz			2025-01-14T12:42:33.818Z	StillImage	COORDINATE_ROUNDED;CONTINENT_DERIVED_FROM_COORDINATES;TAXON_MATCH_TAXON_ID_IGNORED
4420960793	50c9509d-22c7-4a22-a47d-8c48425ef4a7	https://www.inaturalist.org/observations/185819372	Fungi	Basidiomycota	Agaricomycetes	Agaricales	Hymenogastraceae	Gymnopilus	Gymnopilus luteus		SPECIES	Gymnopilus luteus (Peck) Hesler	Gymnopilus luteus		CA		Ontario	PRESENT		28eb1a3f-1c15-4a95-931a-4af90ecb574d	45.060128	-76.125075	14.0						2023-10-01T16:32:37	1	10	2023	3342895	3342895	HUMAN_OBSERVATION	iNaturalist	Observations	185819372		Windstone Farm	2023-10-01T22:45:39	CC_BY_NC_4_0	Windstone Farm	Windstone Farm			2025-01-14T13:28:03.872Z	StillImage	COORDINATE_ROUNDED;CONTINENT_DERIVED_FROM_COORDINATES;TAXON_MATCH_TAXON_ID_IGNORED
4399874963	50c9509d-22c7-4a22-a47d-8c48425ef4a7	https://www.inaturalist.org/observations/179139126	Fungi	Basidiomycota	Agaricomycetes	Agaricales	Hymenogastraceae	Gymnopilus	Gymnopilus luteus		SPECIES	Gymnopilus luteus (Peck) Hesler	Gymnopilus luteus		CA		Québec	PRESENT		28eb1a3f-1c15-4a95-931a-4af90ecb574d	45.577185	-71.995144	40.0						2023-08-19T07:32:16	19	8	2023	3342895	3342895	HUMAN_OBSERVATION	iNaturalist	Observations	179139126		karri-ann	2023-08-19T12:55:45	CC_BY_NC_4_0	karri-ann	karri-ann			2025-01-14T12:39:01.107Z	StillImage	CONTINENT_DERIVED_FROM_COORDINATES;TAXON_MATCH_TAXON_ID_IGNORED
4006723800	50c9509d-22c7-4a22-a47d-8c48425ef4a7	https://www.inaturalist.org/observations/144421850	Fungi	Basidiomycota	Agaricomycetes	Agaricales	Hymenogastraceae	Gymnopilus	Gymnopilus luteus		SPECIES	Gymnopilus luteus (Peck) Hesler	Gymnopilus luteus		CA		Québec	PRESENT		28eb1a3f-1c15-4a95-931a-4af90ecb574d	46.83256	-71.310155	15.0						2022-09-02	2	9	2022	3342895	3342895	HUMAN_OBSERVATION	iNaturalist	Observations	144421850		Christian Grenier	2022-12-15T15:33:22	CC_BY_NC_4_0	Christian Grenier	Christian Grenier			2025-01-14T13:27:20.516Z	StillImage	COORDINATE_ROUNDED;CONTINENT_DERIVED_FROM_COORDINATES;TAXON_MATCH_TAXON_ID_IGNORED
3925407460	50c9509d-22c7-4a22-a47d-8c48425ef4a7	https://www.inaturalist.org/observations/98802462	Fungi	Basidiomycota	Agaricomycetes	Agaricales	Hymenogastraceae	Gymnopilus	Gymnopilus luteus		SPECIES	Gymnopilus luteus (Peck) Hesler	Gymnopilus luteus		CA		Québec	PRESENT		28eb1a3f-1c15-4a95-931a-4af90ecb574d	45.559984	-73.318546	9.0						2021-10-20T12:05:29	20	10	2021	3342895	3342895	HUMAN_OBSERVATION	iNaturalist	Observations	98802462		timfoster	2021-10-20T18:08:45	CC_BY_NC_4_0	timfoster	timfoster			2025-01-14T13:14:45.215Z	StillImage	COORDINATE_ROUNDED;CONTINENT_DERIVED_FROM_COORDINATES;TAXON_MATCH_TAXON_ID_IGNORED
3925114980	50c9509d-22c7-4a22-a47d-8c48425ef4a7	https://www.inaturalist.org/observations/137793380	Fungi	Basidiomycota	Agaricomycetes	Agaricales	Hymenogastraceae	Gymnopilus	Gymnopilus luteus		SPECIES	Gymnopilus luteus (Peck) Hesler	Gymnopilus luteus		CA		Québec	PRESENT		28eb1a3f-1c15-4a95-931a-4af90ecb574d	45.434886	-73.948028							2022-10-06T14:45	6	10	2022	3342895	3342895	HUMAN_OBSERVATION	iNaturalist	Observations	137793380		Madz	2022-10-06T20:55:23	CC_BY_NC_4_0	Madz	Madz			2025-01-14T12:33:09.582Z	StillImage	COORDINATE_ROUNDED;CONTINENT_DERIVED_FROM_COORDINATES;TAXON_MATCH_TAXON_ID_IGNORED
3923470690	50c9509d-22c7-4a22-a47d-8c48425ef4a7	https://www.inaturalist.org/observations/136100278	Fungi	Basidiomycota	Agaricomycetes	Agaricales	Hymenogastraceae	Gymnopilus	Gymnopilus luteus		SPECIES	Gymnopilus luteus (Peck) Hesler	Gymnopilus luteus		CA		Ontario	PRESENT		28eb1a3f-1c15-4a95-931a-4af90ecb574d	45.037137	-75.656768	128.0						2022-09-20T14:16:28	20	9	2022	3342895	3342895	HUMAN_OBSERVATION	iNaturalist	Observations	136100278		Randy	2022-09-22T23:21:45	CC_BY_NC_4_0	Randy	Randy			2025-01-14T12:32:03.541Z	StillImage	COORDINATE_ROUNDED;CONTINENT_DERIVED_FROM_COORDINATES;TAXON_MATCH_TAXON_ID_IGNORED
3903171917	50c9509d-22c7-4a22-a47d-8c48425ef4a7	https://www.inaturalist.org/observations/133511252	Fungi	Basidiomycota	Agaricomycetes	Agaricales	Hymenogastraceae	Gymnopilus	Gymnopilus luteus		SPECIES	Gymnopilus luteus (Peck) Hesler	Gymnopilus luteus		CA		Prince Edward Island	PRESENT		28eb1a3f-1c15-4a95-931a-4af90ecb574d	46.691772	-64.019852	20.0						2022-09-02T11:18	2	9	2022	3342895	3342895	HUMAN_OBSERVATION	iNaturalist	Observations	133511252		Rosemary Curley	2022-09-03T19:50:33	CC_BY_NC_4_0	Rosemary Curley	Rosemary Curley			2025-01-14T13:19:48.194Z	StillImage	COORDINATE_ROUNDED;CONTINENT_DERIVED_FROM_COORDINATES;TAXON_MATCH_TAXON_ID_IGNORED
3747001443	50c9509d-22c7-4a22-a47d-8c48425ef4a7	https://www.inaturalist.org/observations/98078058	Fungi	Basidiomycota	Agaricomycetes	Agaricales	Hymenogastraceae	Gymnopilus	Gymnopilus luteus		SPECIES	Gymnopilus luteus (Peck) Hesler	Gymnopilus luteus		CA		Ontario	PRESENT		28eb1a3f-1c15-4a95-931a-4af90ecb574d	45.489407	-75.534481							2021-10-03T15:07:20	3	10	2021	3342895	3342895	HUMAN_OBSERVATION	iNaturalist	Observations	98078058		Alan Rockefeller	2022-03-23T21:26:48	CC_BY_NC_4_0	Lindsay Boudreau	Lindsay Boudreau			2025-01-14T13:15:33.659Z	StillImage	COORDINATE_ROUNDED;CONTINENT_DERIVED_FROM_COORDINATES;TAXON_MATCH_TAXON_ID_IGNORED
3351720766	d8cd16ba-bb74-4420-821e-083f2bac17c2	MN206894	Fungi	Basidiomycota	Agaricomycetes	Agaricales	Hymenogastraceae	Gymnopilus	Gymnopilus luteus		SPECIES	Gymnopilus luteus (Peck) Hesler	Gymnopilus luteus		CA			PRESENT		ada9d123-ddb4-467d-8891-806ea8d94230	45.61	-73.71							1989-06-26	26	6	1989	3342895	3342895	PRESERVED_SPECIMEN			CMMF000524				CC_BY_4_0		Y. Lamoureux			2025-01-18T13:04:45.548Z		GEODETIC_DATUM_ASSUMED_WGS84;CONTINENT_DERIVED_FROM_COORDINATES;TAXON_MATCH_TAXON_CONCEPT_ID_IGNORED;TAXON_MATCH_TAXON_ID_IGNORED
3351653707	d8cd16ba-bb74-4420-821e-083f2bac17c2	MN206892	Fungi	Basidiomycota	Agaricomycetes	Agaricales	Hymenogastraceae	Gymnopilus	Gymnopilus luteus		SPECIES	Gymnopilus luteus (Peck) Hesler	Gymnopilus luteus		CA			PRESENT		ada9d123-ddb4-467d-8891-806ea8d94230	46.9	-71.27							2007-07-22	22	7	2007	3342895	3342895	PRESERVED_SPECIMEN			CMMF009588				CC_BY_4_0		J. Labrecque 1172			2025-01-18T13:04:45.671Z		GEODETIC_DATUM_ASSUMED_WGS84;CONTINENT_DERIVED_FROM_COORDINATES;TAXON_MATCH_TAXON_CONCEPT_ID_IGNORED;TAXON_MATCH_TAXON_ID_IGNORED
3351650686	d8cd16ba-bb74-4420-821e-083f2bac17c2	MN206893	Fungi	Basidiomycota	Agaricomycetes	Agaricales	Hymenogastraceae	Gymnopilus	Gymnopilus luteus		SPECIES	Gymnopilus luteus (Peck) Hesler	Gymnopilus luteus		CA			PRESENT		ada9d123-ddb4-467d-8891-806ea8d94230	45.95	-66.67											3342895	3342895	PRESERVED_SPECIMEN			NBMF-xxxxx				CC_BY_4_0		H. Hinds			2025-01-18T13:04:45.601Z		GEODETIC_DATUM_ASSUMED_WGS84;CONTINENT_DERIVED_FROM_COORDINATES;RECORDED_DATE_INVALID;TAXON_MATCH_TAXON_CONCEPT_ID_IGNORED;TAXON_MATCH_TAXON_ID_IGNORED
3351644855	d8cd16ba-bb74-4420-821e-083f2bac17c2	MN206891	Fungi	Basidiomycota	Agaricomycetes	Agaricales	Hymenogastraceae	Gymnopilus	Gymnopilus luteus		SPECIES	Gymnopilus luteus (Peck) Hesler	Gymnopilus luteus		CA			PRESENT		ada9d123-ddb4-467d-8891-806ea8d94230	46.9	-71.27							2007-07-17	17	7	2007	3342895	3342895	PRESERVED_SPECIMEN			CMMF009556				CC_BY_4_0		J. Labrecque 1140			2025-01-18T13:04:45.648Z		GEODETIC_DATUM_ASSUMED_WGS84;CONTINENT_DERIVED_FROM_COORDINATES;TAXON_MATCH_TAXON_CONCEPT_ID_IGNORED;TAXON_MATCH_TAXON_ID_IGNORED
3351583862	d8cd16ba-bb74-4420-821e-083f2bac17c2	MN206890	Fungi	Basidiomycota	Agaricomycetes	Agaricales	Hymenogastraceae	Gymnopilus	Gymnopilus luteus		SPECIES	Gymnopilus luteus (Peck) Hesler	Gymnopilus luteus		CA			PRESENT		ada9d123-ddb4-467d-8891-806ea8d94230	45.39	-74.22							2006-08-23	23	8	2006	3342895	3342895	PRESERVED_SPECIMEN			CMMF006463.2				CC_BY_4_0		R. McNeil C2897			2025-01-18T13:05:58.422Z		GEODETIC_DATUM_ASSUMED_WGS84;CONTINENT_DERIVED_FROM_COORDINATES;TAXON_MATCH_TAXON_CONCEPT_ID_IGNORED;TAXON_MATCH_TAXON_ID_IGNORED
3349189984	d8cd16ba-bb74-4420-821e-083f2bac17c2	MN206889	Fungi	Basidiomycota	Agaricomycetes	Agaricales	Hymenogastraceae	Gymnopilus	Gymnopilus luteus		SPECIES	Gymnopilus luteus (Peck) Hesler	Gymnopilus luteus		CA			PRESENT		ada9d123-ddb4-467d-8891-806ea8d94230	45.39	-74.22							2006-08-23	23	8	2006	3342895	3342895	PRESERVED_SPECIMEN			CMMF006463.1				CC_BY_4_0		R. McNeil C2897			2025-01-18T13:04:45.670Z		GEODETIC_DATUM_ASSUMED_WGS84;CONTINENT_DERIVED_FROM_COORDINATES;TAXON_MATCH_TAXON_CONCEPT_ID_IGNORED;TAXON_MATCH_TAXON_ID_IGNORED
3335113783	50c9509d-22c7-4a22-a47d-8c48425ef4a7	https://www.inaturalist.org/observations/89269443	Fungi	Basidiomycota	Agaricomycetes	Agaricales	Hymenogastraceae	Gymnopilus	Gymnopilus luteus		SPECIES	Gymnopilus luteus (Peck) Hesler	Gymnopilus luteus		CA		Québec	PRESENT		28eb1a3f-1c15-4a95-931a-4af90ecb574d	45.514061	-73.593858	188.0						2021-07-30T18:00	30	7	2021	3342895	3342895	HUMAN_OBSERVATION	iNaturalist	Observations	89269443		fmenage	2021-07-31T01:41:26	CC_BY_NC_4_0	fmenage	fmenage			2025-01-14T12:21:45.217Z	StillImage	COORDINATE_ROUNDED;CONTINENT_DERIVED_FROM_COORDINATES;TAXON_MATCH_TAXON_ID_IGNORED
3079563508	50c9509d-22c7-4a22-a47d-8c48425ef4a7	https://www.inaturalist.org/observations/17242378	Fungi	Basidiomycota	Agaricomycetes	Agaricales	Hymenogastraceae	Gymnopilus	Gymnopilus luteus		SPECIES	Gymnopilus luteus (Peck) Hesler	Gymnopilus luteus		CA		Québec	PRESENT		28eb1a3f-1c15-4a95-931a-4af90ecb574d	45.425747	-75.7453	100.0						2018-10-05T15:36	5	10	2018	3342895	3342895	HUMAN_OBSERVATION	iNaturalist	Observations	17242378		jonathan_mack	2018-11-06T03:15:53	CC_BY_NC_4_0	Igor Khomenko	Igor Khomenko			2025-01-14T13:00:20.234Z	StillImage	COORDINATE_ROUNDED;CONTINENT_DERIVED_FROM_COORDINATES;TAXON_MATCH_TAXON_ID_IGNORED
2898351342	50c9509d-22c7-4a22-a47d-8c48425ef4a7	https://www.inaturalist.org/observations/34829989	Fungi	Basidiomycota	Agaricomycetes	Agaricales	Hymenogastraceae	Gymnopilus	Gymnopilus luteus		SPECIES	Gymnopilus luteus (Peck) Hesler	Gymnopilus luteus		CA		New Brunswick	PRESENT		28eb1a3f-1c15-4a95-931a-4af90ecb574d	46.16595	-64.330641	1502.0						2017-10-13T14:28	13	10	2017	3342895	3342895	HUMAN_OBSERVATION	iNaturalist	Observations	34829989		Raymonde G Chartier	2019-10-24T15:15:23	CC_BY_NC_4_0	Raymonde G Chartier	Raymonde G Chartier			2025-01-14T13:56:16.557Z	StillImage	COORDINATE_ROUNDED;CONTINENT_DERIVED_FROM_COORDINATES;TAXON_MATCH_TAXON_ID_IGNORED
2864652646	50c9509d-22c7-4a22-a47d-8c48425ef4a7	https://www.inaturalist.org/observations/59400441	Fungi	Basidiomycota	Agaricomycetes	Agaricales	Hymenogastraceae	Gymnopilus	Gymnopilus luteus		SPECIES	Gymnopilus luteus (Peck) Hesler	Gymnopilus luteus		CA		Ontario	PRESENT		28eb1a3f-1c15-4a95-931a-4af90ecb574d	45.45279	-75.547424	15.0						2020-09-12T16:12	12	9	2020	3342895	3342895	HUMAN_OBSERVATION	iNaturalist	Observations	59400441		Ryan Patrick	2020-09-13T03:51:02	CC_BY_NC_4_0	jonathan_mack	jonathan_mack			2025-01-14T13:10:12.003Z	StillImage	COORDINATE_ROUNDED;CONTINENT_DERIVED_FROM_COORDINATES;TAXON_MATCH_TAXON_ID_IGNORED
1412707340	21705170-d2b6-42de-8904-c3bca4b83591	CMMF015826	Fungi	Basidiomycota	Agaricomycetes	Agaricales	Hymenogastraceae	Gymnopilus	Gymnopilus luteus		SPECIES	Gymnopilus luteus (Peck) Hesler	Gymnopilus luteus (Peck) Hesler	(Peck) Hesler	CA	Mont Orford, Québec.	Québec	PRESENT		ff7bd5db-b724-4932-b496-10ea298851f9	45.340394	-72.208677	6500.0						1998-09-05	5	9	1998	3342895	3342895	PRESERVED_SPECIMEN	Université de Montréal Biodiversity Centre	CMMF	CMMF015826	2615	Guérin, Gérard		CC0_1_0	Université de Montréal Biodiversity Centre	Guérin, Gérard			2024-01-24T16:38:16.522Z	StillImage	INSTITUTION_MATCH_FUZZY;COLLECTION_MATCH_FUZZY;DIFFERENT_OWNER_INSTITUTION
1135071082	21705170-d2b6-42de-8904-c3bca4b83591	CMMF009588	Fungi	Basidiomycota	Agaricomycetes	Agaricales	Hymenogastraceae	Gymnopilus	Gymnopilus luteus		SPECIES	Gymnopilus luteus (Peck) Hesler	Gymnopilus luteus (Peck) Hesler	(Peck) Hesler	CA	Château Bigot, Québec.	Québec	PRESENT		ff7bd5db-b724-4932-b496-10ea298851f9	46.898375	-71.266801	2000.0						2007-07-22	22	7	2007	3342895	3342895	PRESERVED_SPECIMEN	Université de Montréal Biodiversity Centre	CMMF	CMMF009588	1172	Labrecque, Jacqueline		CC0_1_0	Université de Montréal Biodiversity Centre	Labrecque, Jacqueline			2024-01-24T16:38:21.714Z		INSTITUTION_MATCH_FUZZY;COLLECTION_MATCH_FUZZY;DIFFERENT_OWNER_INSTITUTION
1135070942	21705170-d2b6-42de-8904-c3bca4b83591	CMMF009556	Fungi	Basidiomycota	Agaricomycetes	Agaricales	Hymenogastraceae	Gymnopilus	Gymnopilus luteus		SPECIES	Gymnopilus luteus (Peck) Hesler	Gymnopilus luteus (Peck) Hesler	(Peck) Hesler	CA	Château Bigot, Québec.	Québec	PRESENT		ff7bd5db-b724-4932-b496-10ea298851f9	46.898375	-71.266801	2000.0						2007-07-17	17	7	2007	3342895	3342895	PRESERVED_SPECIMEN	Université de Montréal Biodiversity Centre	CMMF	CMMF009556	1140	Labbé, Roland		CC0_1_0	Université de Montréal Biodiversity Centre	Labrecque, Jacqueline			2024-01-24T16:38:21.703Z	StillImage	INSTITUTION_MATCH_FUZZY;COLLECTION_MATCH_FUZZY;DIFFERENT_OWNER_INSTITUTION
1135067913	21705170-d2b6-42de-8904-c3bca4b83591	CMMF006463	Fungi	Basidiomycota	Agaricomycetes	Agaricales	Hymenogastraceae	Gymnopilus	Gymnopilus luteus		SPECIES	Gymnopilus luteus (Peck) Hesler	Gymnopilus luteus (Peck) Hesler	(Peck) Hesler	CA	Saint-Lazare	Québec	PRESENT		ff7bd5db-b724-4932-b496-10ea298851f9	45.393333	-74.215833	100.0						2006-08-23	23	8	2006	3342895	3342895	PRESERVED_SPECIMEN	Université de Montréal Biodiversity Centre	CMMF	CMMF006463	C2897	McNeil, Raymond		CC0_1_0	Université de Montréal Biodiversity Centre	McNeil, Raymond			2024-01-24T16:38:19.140Z	StillImage	COORDINATE_ROUNDED;INSTITUTION_MATCH_FUZZY;COLLECTION_MATCH_FUZZY;DIFFERENT_OWNER_INSTITUTION
1135067342	21705170-d2b6-42de-8904-c3bca4b83591	CMMF005860	Fungi	Basidiomycota	Agaricomycetes	Agaricales	Hymenogastraceae	Gymnopilus	Gymnopilus luteus		SPECIES	Gymnopilus luteus (Peck) Hesler	Gymnopilus luteus (Peck) Hesler	(Peck) Hesler	CA	Châteauguay (Centre écologique Fernand-Seguin)	Québec	PRESENT		ff7bd5db-b724-4932-b496-10ea298851f9	45.33983	-73.773917	100.0						2006-09-06	6	9	2006	3342895	3342895	PRESERVED_SPECIMEN	Université de Montréal Biodiversity Centre	CMMF	CMMF005860	C2929	McNeil, Raymond		CC0_1_0	Université de Montréal Biodiversity Centre	McNeil, Raymond			2024-01-24T16:38:16.695Z	StillImage	COORDINATE_ROUNDED;INSTITUTION_MATCH_FUZZY;COLLECTION_MATCH_FUZZY;DIFFERENT_OWNER_INSTITUTION
1135067341	21705170-d2b6-42de-8904-c3bca4b83591	CMMF005861	Fungi	Basidiomycota	Agaricomycetes	Agaricales	Hymenogastraceae	Gymnopilus	Gymnopilus luteus		SPECIES	Gymnopilus luteus (Peck) Hesler	Gymnopilus luteus (Peck) Hesler	(Peck) Hesler	CA	Châteauguay (Centre écologique Fernand-Seguin)	Québec	PRESENT		ff7bd5db-b724-4932-b496-10ea298851f9	45.33983	-73.773917	100.0						2008-08-09	9	8	2008	3342895	3342895	PRESERVED_SPECIMEN	Université de Montréal Biodiversity Centre	CMMF	CMMF005861	C3355	McNeil, Raymond		CC0_1_0	Université de Montréal Biodiversity Centre	McNeil, Raymond			2024-01-24T16:38:16.697Z	StillImage	COORDINATE_ROUNDED;INSTITUTION_MATCH_FUZZY;COLLECTION_MATCH_FUZZY;DIFFERENT_OWNER_INSTITUTION
1135067071	21705170-d2b6-42de-8904-c3bca4b83591	CMMF010505	Fungi	Basidiomycota	Agaricomycetes	Agaricales	Hymenogastraceae	Gymnopilus	Gymnopilus luteus		SPECIES	Gymnopilus luteus (Peck) Hesler	Gymnopilus luteus (Peck) Hesler	(Peck) Hesler	CA	Château Bigot, Québec.	Québec	PRESENT		ff7bd5db-b724-4932-b496-10ea298851f9	46.898375	-71.266801	2000.0						2008-08-17	17	8	2008	3342895	3342895	PRESERVED_SPECIMEN	Université de Montréal Biodiversity Centre	CMMF	CMMF010505	2091	Labrecque, Jacqueline		CC0_1_0	Université de Montréal Biodiversity Centre	Labrecque, Jacqueline			2024-01-24T16:38:21.732Z		INSTITUTION_MATCH_FUZZY;COLLECTION_MATCH_FUZZY;DIFFERENT_OWNER_INSTITUTION
1024560227	21705170-d2b6-42de-8904-c3bca4b83591	CMMF005718	Fungi	Basidiomycota	Agaricomycetes	Agaricales	Hymenogastraceae	Gymnopilus	Gymnopilus luteus		SPECIES	Gymnopilus luteus (Peck) Hesler	Gymnopilus luteus (Peck) Hesler	(Peck) Hesler	CA	Melocheville (Pointe du Buisson)	Québec	PRESENT		ff7bd5db-b724-4932-b496-10ea298851f9	45.316117	-73.964883	100.0						1981-06-24	24	6	1981	3342895	3342895	PRESERVED_SPECIMEN	Université de Montréal Biodiversity Centre	CMMF	CMMF005718	1134	McNeil, Raymond		CC0_1_0	Université de Montréal Biodiversity Centre	McNeil, Raymond			2024-01-24T16:38:16.607Z	StillImage	COORDINATE_ROUNDED;INSTITUTION_MATCH_FUZZY;COLLECTION_MATCH_FUZZY;DIFFERENT_OWNER_INSTITUTION
1024559041	21705170-d2b6-42de-8904-c3bca4b83591	CMMF004543	Fungi	Basidiomycota	Agaricomycetes	Agaricales	Hymenogastraceae	Gymnopilus	Gymnopilus luteus		SPECIES	Gymnopilus luteus (Peck) Hesler	Gymnopilus luteus (Peck) Hesler	(Peck) Hesler	CA	Réserve écologique du Boisé-des-Muir, Hinchinbrooke.	Québec	PRESENT		ff7bd5db-b724-4932-b496-10ea298851f9	45.084596	-74.114335	10.0						2012-09-24	24	9	2012	3342895	3342895	PRESERVED_SPECIMEN	Université de Montréal Biodiversity Centre	CMMF	CMMF004543	585	Turgon, Jean-Pierre		CC0_1_0	Université de Montréal Biodiversity Centre	Langlois, Annabelle; McNeil, Raymond; Turgon, Jean-Pierre			2024-01-24T16:38:19.836Z	StillImage	INSTITUTION_MATCH_FUZZY;COLLECTION_MATCH_FUZZY;DIFFERENT_OWNER_INSTITUTION
1024558658	21705170-d2b6-42de-8904-c3bca4b83591	CMMF004138	Fungi	Basidiomycota	Agaricomycetes	Agaricales	Hymenogastraceae	Gymnopilus	Gymnopilus luteus		SPECIES	Gymnopilus luteus (Peck) Hesler	Gymnopilus luteus (Peck) Hesler	(Peck) Hesler	CA	Réserve écologique du Boisé-des-Muir, Hinchinbrooke.	Québec	PRESENT		ff7bd5db-b724-4932-b496-10ea298851f9	45.084863	-74.114478	10.0						2011-08-30	30	8	2011	3342895	3342895	PRESERVED_SPECIMEN	Université de Montréal Biodiversity Centre	CMMF	CMMF004138	118	Lebeuf, Renée		CC0_1_0	Université de Montréal Biodiversity Centre	Archambault, Raymond; Lebeuf, Renée			2024-01-24T16:38:18.589Z		INSTITUTION_MATCH_FUZZY;COLLECTION_MATCH_FUZZY;DIFFERENT_OWNER_INSTITUTION
