gbifID	datasetKey	occurrenceID	kingdom	phylum	class	order	family	genus	species	infraspecificEpithet	taxonRank	scientificName	verbatimScientificName	verbatimScientificNameAuthorship	countryCode	locality	stateProvince	occurrenceStatus	individualCount	publishingOrgKey	decimalLatitude	decimalLongitude	coordinateUncertaintyInMeters	coordinatePrecision	elevation	elevationAccuracy	depth	depthAccuracy	eventDate	day	month	year	taxonKey	speciesKey	basisOfRecord	institutionCode	collectionCode	catalogNumber	recordNumber	identifiedBy	dateIdentified	license	rightsHolder	recordedBy	typeStatus	establishmentMeans	lastInterpreted	mediaType	issue
694157909	d7cfd2ed-8af4-427f-a16e-eb66b7e2c419	17966	Fungi	Basidiomycota	Agaricomycetes	Boletales	Boletaceae	Chalciporus	Chalciporus piperatus		SPECIES	Chalciporus piperatus (Bull.) Bataille	Chalciporus piperatus (Bull.) Bataille	(Bull.) Bataille	CA	Algonquin Provincial Park, Sproule Lake Portage	Ontario	PRESENT		ff418020-1d67-11d9-8435-b8a03c50a862	45.634026	-78.369083	1347.0						1958-09-08	8	9	1958	9156243	9156243	PRESERVED_SPECIMEN	Royal Ontario Museum	TRTC	TRTC044037				CC0_1_0	Royal Ontario Museum	Atwood, H.L.;			2024-01-25T00:59:39.945Z		COORDINATE_ROUNDED;AMBIGUOUS_INSTITUTION
694157455	d7cfd2ed-8af4-427f-a16e-eb66b7e2c419	16303	Fungi	Basidiomycota	Agaricomycetes	Boletales	Boletaceae	Chalciporus	Chalciporus piperatus		SPECIES	Chalciporus piperatus (Bull.) Bataille	Chalciporus piperatus (Bull.) Bataille	(Bull.) Bataille	CA	Conroy Road	Ontario	PRESENT		ff418020-1d67-11d9-8435-b8a03c50a862	45.357574	-75.615807	3146.0						1965-08-24	24	8	1965	9156243	9156243	PRESERVED_SPECIMEN	Royal Ontario Museum	TRTC	TRTC158018	113325	Groves, J.W.		CC0_1_0	Royal Ontario Museum	Groves, J.W. & Elliott M.E.; Elliot, M.E.			2024-01-25T00:59:39.294Z		COORDINATE_ROUNDED;AMBIGUOUS_INSTITUTION
694157305	d7cfd2ed-8af4-427f-a16e-eb66b7e2c419	15848	Fungi	Basidiomycota	Agaricomycetes	Boletales	Boletaceae	Chalciporus	Chalciporus piperatus		SPECIES	Chalciporus piperatus (Bull.) Bataille	Chalciporus piperatus (Bull.) Bataille	(Bull.) Bataille	CA	S of Dorset	Ontario	PRESENT		ff418020-1d67-11d9-8435-b8a03c50a862	45.23936	-78.888359	1499.0						1966-09-14	14	9	1966	9156243	9156243	PRESERVED_SPECIMEN	Royal Ontario Museum	TRTC	TRTC044509				CC0_1_0	Royal Ontario Museum	Cain, R.F.			2024-01-25T00:59:40.850Z		COORDINATE_ROUNDED;AMBIGUOUS_INSTITUTION
694157304	d7cfd2ed-8af4-427f-a16e-eb66b7e2c419	15847	Fungi	Basidiomycota	Agaricomycetes	Boletales	Boletaceae	Chalciporus	Chalciporus piperatus		SPECIES	Chalciporus piperatus (Bull.) Bataille	Chalciporus piperatus (Bull.) Bataille	(Bull.) Bataille	CA	University of Toronto Forest	Ontario	PRESENT		ff418020-1d67-11d9-8435-b8a03c50a862	45.183005	-78.85025	7575.0						1967-09-16	16	9	1967	9156243	9156243	PRESERVED_SPECIMEN	Royal Ontario Museum	TRTC	TRTC050258		Cain, R.F.		CC0_1_0	Royal Ontario Museum	Cain, R.F.			2024-01-25T00:59:40.854Z		COORDINATE_ROUNDED;AMBIGUOUS_INSTITUTION
694157148	d7cfd2ed-8af4-427f-a16e-eb66b7e2c419	14528	Fungi	Basidiomycota	Agaricomycetes	Boletales	Boletaceae	Chalciporus	Chalciporus piperatus		SPECIES	Chalciporus piperatus (Bull.) Bataille	Chalciporus piperatus (Bull.) Bataille	(Bull.) Bataille	CA	University of Toronto Forest	Ontario	PRESENT		ff418020-1d67-11d9-8435-b8a03c50a862	45.183005	-78.85025	7575.0						1963-09-15	15	9	1963	9156243	9156243	PRESERVED_SPECIMEN	Royal Ontario Museum	TRTC	TRTC040961		Cain, R.F.		CC0_1_0	Royal Ontario Museum	Cain, R.F.			2024-01-25T00:59:40.862Z		COORDINATE_ROUNDED;AMBIGUOUS_INSTITUTION
694156675	d7cfd2ed-8af4-427f-a16e-eb66b7e2c419	11017	Fungi	Basidiomycota	Agaricomycetes	Boletales	Boletaceae	Chalciporus	Chalciporus piperatus		SPECIES	Chalciporus piperatus (Bull.) Bataille	Chalciporus piperatus (Bull.) Bataille	(Bull.) Bataille	CA	Algonquin Provincial Park, Opeongo Lake	Ontario	PRESENT		ff418020-1d67-11d9-8435-b8a03c50a862	45.698027	-78.369598	8499.0						1954-09-17	17	9	1954	9156243	9156243	PRESERVED_SPECIMEN	Royal Ontario Museum	TRTC	TRTC030554		Cain, R.F.		CC0_1_0	Royal Ontario Museum	Cain, R.F.			2024-01-25T00:59:38.188Z		COORDINATE_ROUNDED;AMBIGUOUS_INSTITUTION
617555003	21705170-d2b6-42de-8904-c3bca4b83591	CMMF000613	Fungi	Basidiomycota	Agaricomycetes	Boletales	Boletaceae	Chalciporus	Chalciporus piperatus		SPECIES	Chalciporus piperatus (Bull.) Bataille	Chalciporus piperatus (Bull.) Bataille	(Bull.) Bataille	CA	Laval	Québec	PRESENT		ff7bd5db-b724-4932-b496-10ea298851f9	45.609608	-73.705867	17500.0						1989-08-07	7	8	1989	9156243	9156243	PRESERVED_SPECIMEN	Université de Montréal Biodiversity Centre	CMMF	CMMF000613		Lamoureux, Yves		CC0_1_0	Université de Montréal Biodiversity Centre	Lamoureux, Yves			2024-01-24T16:38:20.204Z	StillImage	INSTITUTION_MATCH_FUZZY;COLLECTION_MATCH_FUZZY;DIFFERENT_OWNER_INSTITUTION
617554460	21705170-d2b6-42de-8904-c3bca4b83591	CMMF004056	Fungi	Basidiomycota	Agaricomycetes	Boletales	Boletaceae	Chalciporus	Chalciporus piperatus		SPECIES	Chalciporus piperatus (Bull.) Bataille	Chalciporus piperatus (Bull.) Bataille	(Bull.) Bataille	CA	Sainte-Béatrix	Québec	PRESENT		ff7bd5db-b724-4932-b496-10ea298851f9	46.194291	-73.619583	6000.0						2007-07-21	21	7	2007	9156243	9156243	PRESERVED_SPECIMEN	Université de Montréal Biodiversity Centre	CMMF	CMMF004056		Lamoureux, Yves		CC0_1_0	Université de Montréal Biodiversity Centre	Lamoureux, Yves			2024-01-24T16:38:18.495Z	StillImage	INSTITUTION_MATCH_FUZZY;COLLECTION_MATCH_FUZZY;DIFFERENT_OWNER_INSTITUTION
617551422	21705170-d2b6-42de-8904-c3bca4b83591	CMMF000027	Fungi	Basidiomycota	Agaricomycetes	Boletales	Boletaceae	Chalciporus	Chalciporus piperatus		SPECIES	Chalciporus piperatus (Bull.) Bataille	Chalciporus piperatus (Bull.) Bataille	(Bull.) Bataille	CA	Laval	Québec	PRESENT		ff7bd5db-b724-4932-b496-10ea298851f9	45.609608	-73.705867	17500.0						1988-07-06	6	7	1988	9156243	9156243	PRESERVED_SPECIMEN	Université de Montréal Biodiversity Centre	CMMF	CMMF000027		Lamoureux, Yves		CC0_1_0	Université de Montréal Biodiversity Centre	Lamoureux, Yves			2024-01-24T16:38:20.353Z	StillImage	INSTITUTION_MATCH_FUZZY;COLLECTION_MATCH_FUZZY;DIFFERENT_OWNER_INSTITUTION
617550701	21705170-d2b6-42de-8904-c3bca4b83591	CMMF002388	Fungi	Basidiomycota	Agaricomycetes	Boletales	Boletaceae	Chalciporus	Chalciporus piperatus		SPECIES	Chalciporus piperatus (Bull.) Bataille	Chalciporus piperatus (Bull.) Bataille	(Bull.) Bataille	CA	Bonsecours	Québec	PRESENT		ff7bd5db-b724-4932-b496-10ea298851f9	45.40504	-72.305386	4500.0						1995-07-24	24	7	1995	9156243	9156243	PRESERVED_SPECIMEN	Université de Montréal Biodiversity Centre	CMMF	CMMF002388		Lamoureux, Yves		CC0_1_0	Université de Montréal Biodiversity Centre	Lamoureux, Yves			2024-01-24T16:38:19.525Z	StillImage	INSTITUTION_MATCH_FUZZY;COLLECTION_MATCH_FUZZY;DIFFERENT_OWNER_INSTITUTION
5007015725	50c9509d-22c7-4a22-a47d-8c48425ef4a7	https://www.inaturalist.org/observations/246234176	Fungi	Basidiomycota	Agaricomycetes	Boletales	Boletaceae	Chalciporus	Chalciporus piperatus		SPECIES	Chalciporus piperatus (Bull.) Bataille	Chalciporus piperatus		CA		New Brunswick	PRESENT		28eb1a3f-1c15-4a95-931a-4af90ecb574d	46.829141	-64.932931							2024-10-07T12:00:27	7	10	2024	9156243	9156243	HUMAN_OBSERVATION	iNaturalist	Observations	246234176		Kaitlyn Page	2024-10-07T22:33:03	CC_BY_NC_4_0	Kaitlyn Page	Kaitlyn Page			2025-01-14T12:54:41.769Z	StillImage	COORDINATE_ROUNDED;CONTINENT_DERIVED_FROM_COORDINATES;TAXON_MATCH_TAXON_ID_IGNORED
4936931113	50c9509d-22c7-4a22-a47d-8c48425ef4a7	https://www.inaturalist.org/observations/236380475	Fungi	Basidiomycota	Agaricomycetes	Boletales	Boletaceae	Chalciporus	Chalciporus piperatus		SPECIES	Chalciporus piperatus (Bull.) Bataille	Chalciporus piperatus		CA		Québec	PRESENT		28eb1a3f-1c15-4a95-931a-4af90ecb574d	45.082329	-73.154268	4068.0						2024-08-17T10:46:18	17	8	2024	9156243	9156243	HUMAN_OBSERVATION	iNaturalist	Observations	236380475		egrenier	2024-08-17T22:01:41	CC_BY_NC_4_0	egrenier	egrenier			2025-01-14T12:52:30.453Z	StillImage	COORDINATE_ROUNDED;CONTINENT_DERIVED_FROM_COORDINATES;TAXON_MATCH_TAXON_ID_IGNORED
4935683429	50c9509d-22c7-4a22-a47d-8c48425ef4a7	https://www.inaturalist.org/observations/237391841	Fungi	Basidiomycota	Agaricomycetes	Boletales	Boletaceae	Chalciporus	Chalciporus piperatus		SPECIES	Chalciporus piperatus (Bull.) Bataille	Chalciporus piperatus		CA		Québec	PRESENT		28eb1a3f-1c15-4a95-931a-4af90ecb574d	45.412683	-71.271754	13802.0						2024-08-17T15:23:51	17	8	2024	9156243	9156243	HUMAN_OBSERVATION	iNaturalist	Observations	237391841		Emilie Dumont-Blanchette	2024-08-23T01:49:13	CC_BY_NC_4_0	Emilie Dumont-Blanchette	Emilie Dumont-Blanchette			2025-01-14T13:38:46.193Z	StillImage	COORDINATE_ROUNDED;CONTINENT_DERIVED_FROM_COORDINATES;TAXON_MATCH_TAXON_ID_IGNORED
4926180823	50c9509d-22c7-4a22-a47d-8c48425ef4a7	https://www.inaturalist.org/observations/236616185	Fungi	Basidiomycota	Agaricomycetes	Boletales	Boletaceae	Chalciporus	Chalciporus piperatus		SPECIES	Chalciporus piperatus (Bull.) Bataille	Chalciporus piperatus		CA		Québec	PRESENT		28eb1a3f-1c15-4a95-931a-4af90ecb574d	45.438039	-72.567078	7713.0						2024-08-18T14:37:01	18	8	2024	9156243	9156243	HUMAN_OBSERVATION	iNaturalist	Observations	236616185		egrenier	2024-08-18T22:47:49	CC_BY_NC_4_0	egrenier	egrenier			2025-01-14T12:51:34.976Z	StillImage	COORDINATE_ROUNDED;CONTINENT_DERIVED_FROM_COORDINATES;TAXON_MATCH_TAXON_ID_IGNORED
4908085409	50c9509d-22c7-4a22-a47d-8c48425ef4a7	https://www.inaturalist.org/observations/228516593	Fungi	Basidiomycota	Agaricomycetes	Boletales	Boletaceae	Chalciporus	Chalciporus piperatus		SPECIES	Chalciporus piperatus (Bull.) Bataille	Chalciporus piperatus		CA		Québec	PRESENT		28eb1a3f-1c15-4a95-931a-4af90ecb574d	45.872811	-76.4339	501.0						2024-07-08T10:42	8	7	2024	9156243	9156243	HUMAN_OBSERVATION	iNaturalist	Observations	228516593		L Joan Heyding	2024-07-10T20:59:25	CC_BY_NC_4_0	L Joan Heyding	L Joan Heyding			2025-01-14T12:49:32.607Z	StillImage	COORDINATE_ROUNDED;CONTINENT_DERIVED_FROM_COORDINATES;TAXON_MATCH_TAXON_ID_IGNORED
4855018419	50c9509d-22c7-4a22-a47d-8c48425ef4a7	https://www.inaturalist.org/observations/91542735	Fungi	Basidiomycota	Agaricomycetes	Boletales	Boletaceae	Chalciporus	Chalciporus piperatus		SPECIES	Chalciporus piperatus (Bull.) Bataille	Chalciporus piperatus		CA		Nova Scotia	PRESENT		28eb1a3f-1c15-4a95-931a-4af90ecb574d	45.088234	-64.369383	27.0						2021-08-12T11:13:31	12	8	2021	9156243	9156243	HUMAN_OBSERVATION	iNaturalist	Observations	91542735		cinna_latifolia	2021-10-12T02:02:30	CC_BY_NC_4_0	beccam333	beccam333			2025-01-14T12:21:03.046Z	StillImage	COORDINATE_ROUNDED;CONTINENT_DERIVED_FROM_COORDINATES;TAXON_MATCH_TAXON_ID_IGNORED
4852580538	50c9509d-22c7-4a22-a47d-8c48425ef4a7	https://www.inaturalist.org/observations/212270577	Fungi	Basidiomycota	Agaricomycetes	Boletales	Boletaceae	Chalciporus	Chalciporus piperatus		SPECIES	Chalciporus piperatus (Bull.) Bataille	Chalciporus piperatus		CA		Québec	PRESENT		28eb1a3f-1c15-4a95-931a-4af90ecb574d	45.395686	-73.397541	1776.0						2021-09-14T10:08	14	9	2021	9156243	9156243	HUMAN_OBSERVATION	iNaturalist	Observations	212270577		Isabelle Pouliot	2024-04-30T15:07:26	CC_BY_NC_4_0	Isabelle Pouliot	Isabelle Pouliot			2025-01-14T12:46:43.322Z	StillImage	COORDINATE_ROUNDED;CONTINENT_DERIVED_FROM_COORDINATES;TAXON_MATCH_TAXON_ID_IGNORED
4438883299	50c9509d-22c7-4a22-a47d-8c48425ef4a7	https://www.inaturalist.org/observations/189711151	Fungi	Basidiomycota	Agaricomycetes	Boletales	Boletaceae	Chalciporus	Chalciporus piperatus		SPECIES	Chalciporus piperatus (Bull.) Bataille	Chalciporus piperatus		CA		Québec	PRESENT		28eb1a3f-1c15-4a95-931a-4af90ecb574d	46.776784	-71.285722	44.0						2023-10-25T13:40:44	25	10	2023	9156243	9156243	HUMAN_OBSERVATION	iNaturalist	Observations	189711151		Camille Boucher	2023-11-01T23:00:27	CC_BY_NC_4_0	Camille Boucher	Camille Boucher			2025-01-14T12:43:06.668Z	StillImage	COORDINATE_ROUNDED;CONTINENT_DERIVED_FROM_COORDINATES;TAXON_MATCH_TAXON_ID_IGNORED
4171872189	50c9509d-22c7-4a22-a47d-8c48425ef4a7	https://www.inaturalist.org/observations/176369736	Fungi	Basidiomycota	Agaricomycetes	Boletales	Boletaceae	Chalciporus	Chalciporus piperatus		SPECIES	Chalciporus piperatus (Bull.) Bataille	Chalciporus piperatus		CA		Ontario	PRESENT		28eb1a3f-1c15-4a95-931a-4af90ecb574d	45.457753	-75.46774	10.0						2023-08-02T19:14	2	8	2023	9156243	9156243	HUMAN_OBSERVATION	iNaturalist	Observations	176369736		jonathan_mack	2023-08-03T01:47:02	CC_BY_NC_4_0	jonathan_mack	jonathan_mack			2025-01-14T13:31:34.912Z	StillImage	COORDINATE_ROUNDED;CONTINENT_DERIVED_FROM_COORDINATES;TAXON_MATCH_TAXON_ID_IGNORED
4166370934	695cef75-b65f-4776-b2ed-74565eebb16e	02-01000931336	Fungi	Basidiomycota	Agaricomycetes	Boletales	Boletaceae	Chalciporus	Chalciporus piperatus		SPECIES	Chalciporus piperatus (Bull.) Bataille	Chalciporus piperatus	(Bull.) Bataille	CA	Found Lake	Ontario	PRESENT		055bd978-2daa-4543-b3f0-44e0e87e86ca	45.55	-78.633333							1975-07-28	28	7	1975	9156243	9156243	PRESERVED_SPECIMEN	AAFC	DAOM	186464		J.F. Ammirati		CC_BY_4_0	©His Majesty the King in Right of Canada, as represented by the Minister of Agriculture and Agri-Food	J.F. Ammirati			2025-01-12T05:11:14.001Z		GEODETIC_DATUM_ASSUMED_WGS84;CONTINENT_DERIVED_FROM_COORDINATES;TAXON_MATCH_TAXON_ID_IGNORED;INSTITUTION_MATCH_FUZZY
4166235935	695cef75-b65f-4776-b2ed-74565eebb16e	02-01000931335	Fungi	Basidiomycota	Agaricomycetes	Boletales	Boletaceae	Chalciporus	Chalciporus piperatus		SPECIES	Chalciporus piperatus (Bull.) Bataille	Chalciporus piperatus	(Bull.) Bataille	CA	Hemlock Bluff Trail, Canisbay	Ontario	PRESENT		055bd978-2daa-4543-b3f0-44e0e87e86ca	45.575	-78.55							1974-08-28	28	8	1974	9156243	9156243	PRESERVED_SPECIMEN	AAFC	DAOM	186733		S.A. Redhead		CC_BY_4_0	©His Majesty the King in Right of Canada, as represented by the Minister of Agriculture and Agri-Food	Dr. Daams			2025-01-12T05:11:14.098Z		GEODETIC_DATUM_ASSUMED_WGS84;CONTINENT_DERIVED_FROM_COORDINATES;TAXON_MATCH_TAXON_ID_IGNORED;INSTITUTION_MATCH_FUZZY
4099829459	d1a3b128-b406-46bb-a6d1-f3591dcc8a7b	f38be413-8988-4d5c-83bc-d1a58ce5a59f	Fungi	Basidiomycota	Agaricomycetes	Boletales	Boletaceae	Chalciporus	Chalciporus piperatus		SPECIES	Suillus piperatus (Bull.) Kuntze	Suillus piperatus	(Bull.) Kuntze	CA	Fallowfield	Ontario	PRESENT		e43cf4b8-849e-4fac-b075-e652d019d2cf	45.26809	-75.82904	301.0						1961-08-23	23	8	1961	9204626	9156243	PRESERVED_SPECIMEN	BPI		BPI 900102		Groves, J. W.		CC0_1_0		Groves J. W.; Bender R.			2025-01-15T04:59:47.097Z		GEODETIC_DATUM_ASSUMED_WGS84;CONTINENT_DERIVED_FROM_COORDINATES;TAXON_MATCH_TAXON_ID_IGNORED;INSTITUTION_MATCH_FUZZY
4099606457	d1a3b128-b406-46bb-a6d1-f3591dcc8a7b	606f2abe-25c7-490e-ad3e-9b0e55e9a9ed	Fungi	Basidiomycota	Agaricomycetes	Boletales	Boletaceae	Chalciporus	Chalciporus piperatus		SPECIES	Suillus piperatus (Bull.) Kuntze	Suillus piperatus	(Bull.) Kuntze	CA	Fallowfield	Ontario	PRESENT		e43cf4b8-849e-4fac-b075-e652d019d2cf	45.26809	-75.82904	301.0						1961-08-23	23	8	1961	9204626	9156243	PRESERVED_SPECIMEN	BPI		BPI 900101		Groves, J. W.		CC0_1_0		Groves J. W.; Bender R.			2025-01-15T04:59:47.316Z		GEODETIC_DATUM_ASSUMED_WGS84;CONTINENT_DERIVED_FROM_COORDINATES;TAXON_MATCH_TAXON_ID_IGNORED;INSTITUTION_MATCH_FUZZY
4099590803	d1a3b128-b406-46bb-a6d1-f3591dcc8a7b	a8605e4d-8eda-46a3-93ba-5ce69b9b8a87	Fungi	Basidiomycota	Agaricomycetes	Boletales	Boletaceae	Chalciporus	Chalciporus piperatus		SPECIES	Suillus piperatus (Bull.) Kuntze	Suillus piperatus	(Bull.) Kuntze	CA	Fallowfield	Ontario	PRESENT		e43cf4b8-849e-4fac-b075-e652d019d2cf	45.26809	-75.82904	301.0						1961-08-23	23	8	1961	9204626	9156243	PRESERVED_SPECIMEN	BPI		BPI 900099		Groves, J. W.		CC0_1_0		Groves J. W.; Bender R.			2025-01-15T04:59:47.501Z		GEODETIC_DATUM_ASSUMED_WGS84;CONTINENT_DERIVED_FROM_COORDINATES;TAXON_MATCH_TAXON_ID_IGNORED;INSTITUTION_MATCH_FUZZY
4099117456	d1a3b128-b406-46bb-a6d1-f3591dcc8a7b	92691710-d079-4dad-b1b1-e474514bbccf	Fungi	Basidiomycota	Agaricomycetes	Boletales	Boletaceae	Chalciporus	Chalciporus piperatus		SPECIES	Suillus piperatus (Bull.) Kuntze	Suillus piperatus	(Bull.) Kuntze	CA	Fallowfield	Ontario	PRESENT		e43cf4b8-849e-4fac-b075-e652d019d2cf	45.26809	-75.82904	301.0						1963-08-23	23	8	1963	9204626	9156243	PRESERVED_SPECIMEN	BPI		BPI 900108		Groves, J. W.		CC0_1_0		Groves J. W.; Bender R.			2025-01-15T04:59:47.215Z		GEODETIC_DATUM_ASSUMED_WGS84;CONTINENT_DERIVED_FROM_COORDINATES;TAXON_MATCH_TAXON_ID_IGNORED;INSTITUTION_MATCH_FUZZY
4099117454	d1a3b128-b406-46bb-a6d1-f3591dcc8a7b	f1ad60c6-d0b1-4822-a05f-502da1c11d7e	Fungi	Basidiomycota	Agaricomycetes	Boletales	Boletaceae	Chalciporus	Chalciporus piperatus		SPECIES	Suillus piperatus (Bull.) Kuntze	Suillus piperatus	(Bull.) Kuntze	CA	Richmond	Ontario	PRESENT		e43cf4b8-849e-4fac-b075-e652d019d2cf	45.183333	-75.833333	3036.0						1960-09-24	24	9	1960	9204626	9156243	PRESERVED_SPECIMEN	BPI		BPI 900097		Groves, J. W.		CC0_1_0		Groves J. W.; Elliott M.; Pantidou M.			2025-01-15T04:59:46.937Z		GEODETIC_DATUM_ASSUMED_WGS84;CONTINENT_DERIVED_FROM_COORDINATES;TAXON_MATCH_TAXON_ID_IGNORED;INSTITUTION_MATCH_FUZZY
4023666574	fb9d7c38-5759-4c30-9e09-5b6bd43f78a6	http://id.luomus.fi/MY.9747109	Fungi	Basidiomycota	Agaricomycetes	Boletales	Boletaceae	Chalciporus	Chalciporus piperatus		SPECIES	Chalciporus piperatus (Bull.) Bataille	Chalciporus piperatus (Bull.:Fr.) Bataille		CA		Ontario	PRESENT		04fd2e13-6881-4e5c-9dd1-8fdd9ab993c1	45.19	-75.83							1960-09-24T00:00Z	24	9	1960	9156243	9156243	PRESERVED_SPECIMEN	H		http://id.luomus.fi/HA.H7066237				CC_BY_4_0		Elliott, M. E.;Growes, J. W.;Pantidou, M.			2025-01-17T02:41:18.156Z		CONTINENT_DERIVED_FROM_COORDINATES;TAXON_MATCH_TAXON_ID_IGNORED;COLLECTION_MATCH_NONE;INSTITUTION_MATCH_FUZZY
4023666571	fb9d7c38-5759-4c30-9e09-5b6bd43f78a6	http://id.luomus.fi/MY.9747101	Fungi	Basidiomycota	Agaricomycetes	Boletales	Boletaceae	Chalciporus	Chalciporus piperatus		SPECIES	Chalciporus piperatus (Bull.) Bataille	Chalciporus piperatus (Bull.:Fr.) Bataille		CA		Quebec	PRESENT		04fd2e13-6881-4e5c-9dd1-8fdd9ab993c1	47.18	-70.21							1966-08-17T00:00Z	17	8	1966	9156243	9156243	PRESERVED_SPECIMEN	H		http://id.luomus.fi/HA.H7066235		Groves, J.W. 66-4		CC_BY_4_0		Groves, J. W.			2025-01-17T02:41:18.153Z		CONTINENT_DERIVED_FROM_COORDINATES;TAXON_MATCH_TAXON_ID_IGNORED;COLLECTION_MATCH_NONE;INSTITUTION_MATCH_FUZZY
4023666569	fb9d7c38-5759-4c30-9e09-5b6bd43f78a6	http://id.luomus.fi/MY.9747105	Fungi	Basidiomycota	Agaricomycetes	Boletales	Boletaceae	Chalciporus	Chalciporus piperatus		SPECIES	Chalciporus piperatus (Bull.) Bataille	Chalciporus piperatus (Bull.:Fr.) Bataille		CA	Conroy Rd.	Ontario	PRESENT		04fd2e13-6881-4e5c-9dd1-8fdd9ab993c1	45.41	-75.68							1965-08-24T00:00Z	24	8	1965	9156243	9156243	PRESERVED_SPECIMEN	H		http://id.luomus.fi/HA.H7066236		Groves, J.W.		CC_BY_4_0		Elliott, M. E.;Growes, J. W.			2025-01-17T02:41:18.152Z		CONTINENT_DERIVED_FROM_COORDINATES;TAXON_MATCH_TAXON_ID_IGNORED;COLLECTION_MATCH_NONE;INSTITUTION_MATCH_FUZZY
4009803976	50c9509d-22c7-4a22-a47d-8c48425ef4a7	https://www.inaturalist.org/observations/144989688	Fungi	Basidiomycota	Agaricomycetes	Boletales	Boletaceae	Chalciporus	Chalciporus piperatus		SPECIES	Chalciporus piperatus (Bull.) Bataille	Chalciporus piperatus		CA		Québec	PRESENT		28eb1a3f-1c15-4a95-931a-4af90ecb574d	46.854996	-71.242955	2.0						2022-08-28	28	8	2022	9156243	9156243	HUMAN_OBSERVATION	iNaturalist	Observations	144989688		Christian Grenier	2022-12-24T15:41:15	CC_BY_NC_4_0	Christian Grenier	Christian Grenier			2025-01-14T12:33:44.248Z	StillImage	COORDINATE_ROUNDED;CONTINENT_DERIVED_FROM_COORDINATES;TAXON_MATCH_TAXON_ID_IGNORED
3963498147	50c9509d-22c7-4a22-a47d-8c48425ef4a7	https://www.inaturalist.org/observations/141289304	Fungi	Basidiomycota	Agaricomycetes	Boletales	Boletaceae	Chalciporus	Chalciporus piperatus		SPECIES	Chalciporus piperatus (Bull.) Bataille	Chalciporus piperatus		CA		New Brunswick	PRESENT		28eb1a3f-1c15-4a95-931a-4af90ecb574d	45.212284	-66.366885	200.0						2021-07-07T12:35	7	7	2021	9156243	9156243	HUMAN_OBSERVATION	iNaturalist	Observations	141289304		Alfredo Justo	2022-11-06T18:30:47	CC_BY_NC_4_0	Alfredo Justo	Alfredo Justo			2025-01-14T13:25:40.184Z	StillImage	CONTINENT_DERIVED_FROM_COORDINATES;TAXON_MATCH_TAXON_ID_IGNORED
3947546139	50c9509d-22c7-4a22-a47d-8c48425ef4a7	https://www.inaturalist.org/observations/138545384	Fungi	Basidiomycota	Agaricomycetes	Boletales	Boletaceae	Chalciporus	Chalciporus piperatus		SPECIES	Chalciporus piperatus (Bull.) Bataille	Chalciporus piperatus		CA		Ontario	PRESENT		28eb1a3f-1c15-4a95-931a-4af90ecb574d	45.409992	-75.545573							2022-10-12T14:16	12	10	2022	9156243	9156243	HUMAN_OBSERVATION	iNaturalist	Observations	138545384		Igor Khomenko	2022-10-12T21:47:27	CC_BY_NC_4_0	Igor Khomenko	Igor Khomenko			2025-01-14T12:32:24.809Z	StillImage	COORDINATE_ROUNDED;CONTINENT_DERIVED_FROM_COORDINATES;TAXON_MATCH_TAXON_ID_IGNORED
3903563818	50c9509d-22c7-4a22-a47d-8c48425ef4a7	https://www.inaturalist.org/observations/134871289	Fungi	Basidiomycota	Agaricomycetes	Boletales	Boletaceae	Chalciporus	Chalciporus piperatus		SPECIES	Chalciporus piperatus (Bull.) Bataille	Chalciporus piperatus		CA		New Brunswick	PRESENT		28eb1a3f-1c15-4a95-931a-4af90ecb574d	47.60959	-65.634989	36.0						2022-09-13T11:56:44	13	9	2022	9156243	9156243	HUMAN_OBSERVATION	iNaturalist	Observations	134871289		Ben	2022-09-13T22:55:01	CC_BY_NC_4_0	roachiecanada	roachiecanada			2025-01-14T13:17:10.292Z	StillImage	COORDINATE_ROUNDED;CONTINENT_DERIVED_FROM_COORDINATES;TAXON_MATCH_TAXON_ID_IGNORED
3902862399	50c9509d-22c7-4a22-a47d-8c48425ef4a7	https://www.inaturalist.org/observations/132072617	Fungi	Basidiomycota	Agaricomycetes	Boletales	Boletaceae	Chalciporus	Chalciporus piperatus		SPECIES	Chalciporus piperatus (Bull.) Bataille	Chalciporus piperatus		CA		Québec	PRESENT		28eb1a3f-1c15-4a95-931a-4af90ecb574d	45.973269	-76.586256	27095.0						2022-08-22T08:43	22	8	2022	9156243	9156243	HUMAN_OBSERVATION	iNaturalist	Observations	132072617		L Joan Heyding	2022-08-23T23:03:20	CC_BY_NC_4_0	L Joan Heyding	L Joan Heyding			2025-01-14T13:25:19.602Z	StillImage	COORDINATE_ROUNDED;CONTINENT_DERIVED_FROM_COORDINATES;TAXON_MATCH_TAXON_ID_IGNORED
3759521722	50c9509d-22c7-4a22-a47d-8c48425ef4a7	https://www.inaturalist.org/observations/94664854	Fungi	Basidiomycota	Agaricomycetes	Boletales	Boletaceae	Chalciporus	Chalciporus piperatus		SPECIES	Chalciporus piperatus (Bull.) Bataille	Chalciporus piperatus		CA		Ontario	PRESENT		28eb1a3f-1c15-4a95-931a-4af90ecb574d	45.35074	-75.380775							2021-09-12T15:31	12	9	2021	9156243	9156243	HUMAN_OBSERVATION	iNaturalist	Observations	94664854		jonathan_mack	2021-09-13T01:57:39	CC_BY_NC_4_0	jonathan_mack	jonathan_mack			2025-01-14T12:21:14.811Z	StillImage	CONTINENT_DERIVED_FROM_COORDINATES;TAXON_MATCH_TAXON_ID_IGNORED
3457103335	50c9509d-22c7-4a22-a47d-8c48425ef4a7	https://www.inaturalist.org/observations/104230877	Fungi	Basidiomycota	Agaricomycetes	Boletales	Boletaceae	Chalciporus	Chalciporus piperatus		SPECIES	Chalciporus piperatus (Bull.) Bataille	Chalciporus piperatus		CA		Québec	PRESENT		28eb1a3f-1c15-4a95-931a-4af90ecb574d	45.927136	-76.543027	27095.0						2021-07-20T09:58	20	7	2021	9156243	9156243	HUMAN_OBSERVATION	iNaturalist	Observations	104230877		L Joan Heyding	2022-01-03T00:11:35	CC_BY_NC_4_0	L Joan Heyding	L Joan Heyding			2025-01-14T13:17:41.838Z	StillImage	COORDINATE_ROUNDED;CONTINENT_DERIVED_FROM_COORDINATES;TAXON_MATCH_TAXON_ID_IGNORED
3456916341	50c9509d-22c7-4a22-a47d-8c48425ef4a7	https://www.inaturalist.org/observations/96845783	Fungi	Basidiomycota	Agaricomycetes	Boletales	Boletaceae	Chalciporus	Chalciporus piperatus		SPECIES	Chalciporus piperatus (Bull.) Bataille	Chalciporus piperatus		CA		Québec	PRESENT		28eb1a3f-1c15-4a95-931a-4af90ecb574d	47.360878	-70.602647	6.0						2021-10-01T11:39:09	1	10	2021	9156243	9156243	HUMAN_OBSERVATION	iNaturalist	Observations	96845783		Marilyne Busque-Dubois	2021-10-02T01:09:25	CC_BY_4_0	Marilyne Busque-Dubois	Marilyne Busque-Dubois			2025-01-14T12:23:05.238Z	StillImage	COORDINATE_ROUNDED;CONTINENT_DERIVED_FROM_COORDINATES;TAXON_MATCH_TAXON_ID_IGNORED
3383974966	50c9509d-22c7-4a22-a47d-8c48425ef4a7	https://www.inaturalist.org/observations/94875886	Fungi	Basidiomycota	Agaricomycetes	Boletales	Boletaceae	Chalciporus	Chalciporus piperatus		SPECIES	Chalciporus piperatus (Bull.) Bataille	Chalciporus piperatus		CA		Ontario	PRESENT		28eb1a3f-1c15-4a95-931a-4af90ecb574d	45.361642	-75.278938	10.0						2021-09-09T16:04:03	9	9	2021	9156243	9156243	HUMAN_OBSERVATION	iNaturalist	Observations	94875886		Lynn Ovenden	2021-09-14T22:45:11	CC_BY_NC_4_0	Lynn Ovenden	Lynn Ovenden			2025-01-14T12:21:07.660Z	StillImage	COORDINATE_ROUNDED;CONTINENT_DERIVED_FROM_COORDINATES;TAXON_MATCH_TAXON_ID_IGNORED
3351801285	d8cd16ba-bb74-4420-821e-083f2bac17c2	MN992311	Fungi	Basidiomycota	Agaricomycetes	Boletales	Boletaceae	Chalciporus	Chalciporus piperatus		SPECIES	Chalciporus piperatus (Bull.) Bataille	Chalciporus piperatus		CA	Quebec, Anticosti		PRESENT		ada9d123-ddb4-467d-8891-806ea8d94230	49.83	-64.34							2015-09-08	8	9	2015	9156243	9156243	PRESERVED_SPECIMEN			ANT155-QFB28555		Pauline Dube		CC_BY_4_0		Lebeuf,. R			2025-01-18T13:05:50.791Z		GEODETIC_DATUM_ASSUMED_WGS84;CONTINENT_DERIVED_FROM_COORDINATES;TAXON_MATCH_TAXON_CONCEPT_ID_IGNORED;TAXON_MATCH_TAXON_ID_IGNORED
3079510633	50c9509d-22c7-4a22-a47d-8c48425ef4a7	https://www.inaturalist.org/observations/31144989	Fungi	Basidiomycota	Agaricomycetes	Boletales	Boletaceae	Chalciporus	Chalciporus piperatus		SPECIES	Chalciporus piperatus (Bull.) Bataille	Chalciporus piperatus		CA		Ontario	PRESENT		28eb1a3f-1c15-4a95-931a-4af90ecb574d	45.388322	-75.541742	16.0						2019-08-19T10:55	19	8	2019	9156243	9156243	HUMAN_OBSERVATION	iNaturalist	Observations	31144989		Igor Khomenko	2019-08-21T22:51:19	CC_BY_NC_4_0	Igor Khomenko	Igor Khomenko			2025-01-14T12:08:52.062Z	StillImage	COORDINATE_ROUNDED;CONTINENT_DERIVED_FROM_COORDINATES;TAXON_MATCH_TAXON_ID_IGNORED
2868177094	50c9509d-22c7-4a22-a47d-8c48425ef4a7	https://www.inaturalist.org/observations/60569258	Fungi	Basidiomycota	Agaricomycetes	Boletales	Boletaceae	Chalciporus	Chalciporus piperatus		SPECIES	Chalciporus piperatus (Bull.) Bataille	Chalciporus piperatus		CA		Québec	PRESENT		28eb1a3f-1c15-4a95-931a-4af90ecb574d	45.957469	-74.805908	857.0						2020-09-22T12:30:25	22	9	2020	9156243	9156243	HUMAN_OBSERVATION	iNaturalist	Observations	60569258		Mical	2020-09-24T00:17:48	CC_BY_4_0	Mical	Mical			2025-01-14T13:10:20.310Z	StillImage	COORDINATE_ROUNDED;CONTINENT_DERIVED_FROM_COORDINATES;TAXON_MATCH_TAXON_ID_IGNORED
2850677907	50c9509d-22c7-4a22-a47d-8c48425ef4a7	https://www.inaturalist.org/observations/55846527	Fungi	Basidiomycota	Agaricomycetes	Boletales	Boletaceae	Chalciporus	Chalciporus piperatus		SPECIES	Chalciporus piperatus (Bull.) Bataille	Chalciporus piperatus		CA		Ontario	PRESENT		28eb1a3f-1c15-4a95-931a-4af90ecb574d	45.362919	-75.304943	106.0						2020-08-08T18:10:20	8	8	2020	9156243	9156243	HUMAN_OBSERVATION	iNaturalist	Observations	55846527		Lynn Ovenden	2020-08-08T22:13:06	CC_BY_NC_4_0	Lynn Ovenden	Lynn Ovenden			2025-01-14T12:14:14.782Z	StillImage	COORDINATE_ROUNDED;CONTINENT_DERIVED_FROM_COORDINATES;TAXON_MATCH_TAXON_ID_IGNORED
2826191735	50c9509d-22c7-4a22-a47d-8c48425ef4a7	https://www.inaturalist.org/observations/54119170	Fungi	Basidiomycota	Agaricomycetes	Boletales	Boletaceae	Chalciporus	Chalciporus piperatus		SPECIES	Chalciporus piperatus (Bull.) Bataille	Chalciporus piperatus		CA		Ontario	PRESENT		28eb1a3f-1c15-4a95-931a-4af90ecb574d	45.457369	-75.467932	4.0						2020-07-23T19:25	23	7	2020	9156243	9156243	HUMAN_OBSERVATION	iNaturalist	Observations	54119170		jonathan_mack	2020-07-24T02:05:52	CC_BY_NC_4_0	jonathan_mack	jonathan_mack			2025-01-14T12:13:50.840Z	StillImage	COORDINATE_ROUNDED;CONTINENT_DERIVED_FROM_COORDINATES;TAXON_MATCH_TAXON_ID_IGNORED
2823147828	50c9509d-22c7-4a22-a47d-8c48425ef4a7	https://www.inaturalist.org/observations/53489510	Fungi	Basidiomycota	Agaricomycetes	Boletales	Boletaceae	Chalciporus	Chalciporus piperatus		SPECIES	Chalciporus piperatus (Bull.) Bataille	Chalciporus piperatus		CA		Québec	PRESENT		28eb1a3f-1c15-4a95-931a-4af90ecb574d	45.781365	-73.589439	2773.0						2020-07-18T16:26:31Z	18	7	2020	9156243	9156243	HUMAN_OBSERVATION	iNaturalist	Observations	53489510		myri04	2020-07-18T16:26:47	CC_BY_NC_4_0	myri04	myri04			2025-01-14T12:13:48.621Z	StillImage	COORDINATE_ROUNDED;CONTINENT_DERIVED_FROM_COORDINATES;TAXON_MATCH_TAXON_ID_IGNORED
2597740712	50c9509d-22c7-4a22-a47d-8c48425ef4a7	https://www.inaturalist.org/observations/8088031	Fungi	Basidiomycota	Agaricomycetes	Boletales	Boletaceae	Chalciporus	Chalciporus piperatus		SPECIES	Chalciporus piperatus (Bull.) Bataille	Chalciporus piperatus		CA		New Brunswick	PRESENT		28eb1a3f-1c15-4a95-931a-4af90ecb574d	45.135833	-66.531667							2017-09-24T19:07	24	9	2017	9156243	9156243	HUMAN_OBSERVATION	iNaturalist	Observations	8088031		Ken Ramey	2018-10-02T03:59:50	CC_BY_NC_4_0	Ken Ramey	Ken Ramey			2025-01-14T12:04:49.388Z	StillImage	COORDINATE_ROUNDED;CONTINENT_DERIVED_FROM_COORDINATES;TAXON_MATCH_TAXON_ID_IGNORED
2550065111	50c9509d-22c7-4a22-a47d-8c48425ef4a7	https://www.inaturalist.org/observations/34300877	Fungi	Basidiomycota	Agaricomycetes	Boletales	Boletaceae	Chalciporus	Chalciporus piperatus		SPECIES	Chalciporus piperatus (Bull.) Bataille	Chalciporus piperatus		CA		New Brunswick	PRESENT		28eb1a3f-1c15-4a95-931a-4af90ecb574d	46.216655	-64.508495	31.0						2018-08-25T12:37	25	8	2018	9156243	9156243	HUMAN_OBSERVATION	iNaturalist	Observations	34300877		Raymonde G Chartier	2019-10-13T13:43:32	CC_BY_NC_4_0	Raymonde G Chartier	Raymonde G Chartier			2025-01-14T12:10:14.593Z	StillImage	COORDINATE_ROUNDED;CONTINENT_DERIVED_FROM_COORDINATES;TAXON_MATCH_TAXON_ID_IGNORED
2451594085	50c9509d-22c7-4a22-a47d-8c48425ef4a7	https://www.inaturalist.org/observations/33496371	Fungi	Basidiomycota	Agaricomycetes	Boletales	Boletaceae	Chalciporus	Chalciporus piperatus		SPECIES	Chalciporus piperatus (Bull.) Bataille	Chalciporus piperatus		CA		Québec	PRESENT		28eb1a3f-1c15-4a95-931a-4af90ecb574d	48.423859	-71.054779							2019-09-27T15:46:43	27	9	2019	9156243	9156243	HUMAN_OBSERVATION	iNaturalist	Observations	33496371		LALEMAN Romain	2019-09-27T20:06:58	CC_BY_NC_4_0	LALEMAN Romain	LALEMAN Romain			2025-01-14T12:59:49.675Z	StillImage	COORDINATE_ROUNDED;CONTINENT_DERIVED_FROM_COORDINATES;TAXON_MATCH_TAXON_ID_IGNORED
2423613131	21705170-d2b6-42de-8904-c3bca4b83591	CMMF018699	Fungi	Basidiomycota	Agaricomycetes	Boletales	Boletaceae	Chalciporus	Chalciporus piperatus		SPECIES	Boletus piperatus Bull.	Boletus piperatus Bull.	Bull.	CA	Sentier du lac Geai.	Québec	PRESENT		ff7bd5db-b724-4932-b496-10ea298851f9	45.991697	-73.997854	750.0						1985-07-16	16	7	1985	5239741	9156243	PRESERVED_SPECIMEN	Université de Montréal Biodiversity Centre	CMMF	CMMF018699	s.n.	Nantel, Patrick		CC0_1_0	Université de Montréal Biodiversity Centre	Nantel, Patrick			2024-01-24T16:38:18.499Z		INSTITUTION_MATCH_FUZZY;COLLECTION_MATCH_FUZZY;DIFFERENT_OWNER_INSTITUTION
2423611698	21705170-d2b6-42de-8904-c3bca4b83591	CMMF018788	Fungi	Basidiomycota	Agaricomycetes	Boletales	Boletaceae	Chalciporus	Chalciporus piperatus		SPECIES	Boletus piperatus Bull.	Boletus piperatus Bull.	Bull.	CA	St-Côme	Québec	PRESENT		ff7bd5db-b724-4932-b496-10ea298851f9	46.270036	-73.771832	10000.0						1988-08-27	27	8	1988	5239741	9156243	PRESERVED_SPECIMEN	Université de Montréal Biodiversity Centre	CMMF	CMMF018788	s.n.	Nantel, Patrick		CC0_1_0	Université de Montréal Biodiversity Centre	Nantel, Patrick			2024-01-24T16:38:18.606Z		INSTITUTION_MATCH_FUZZY;COLLECTION_MATCH_FUZZY;DIFFERENT_OWNER_INSTITUTION
2423611308	21705170-d2b6-42de-8904-c3bca4b83591	CMMF018805	Fungi	Basidiomycota	Agaricomycetes	Boletales	Boletaceae	Chalciporus	Chalciporus piperatus		SPECIES	Boletus piperatus Bull.	Boletus piperatus Bull.	Bull.	CA	Chemin du lac Geai.	Québec	PRESENT		ff7bd5db-b724-4932-b496-10ea298851f9	45.991697	-73.997854	750.0						1979-07-30	30	7	1979	5239741	9156243	PRESERVED_SPECIMEN	Université de Montréal Biodiversity Centre	CMMF	CMMF018805	s.n.	Nantel, Patrick		CC0_1_0	Université de Montréal Biodiversity Centre	Nantel, Patrick			2024-01-24T16:38:18.543Z		INSTITUTION_MATCH_FUZZY;COLLECTION_MATCH_FUZZY;DIFFERENT_OWNER_INSTITUTION
1990314107	032f1fbe-d21f-407d-be46-5cd1bb1ea397	b461b4f5-b25e-4a3a-8e19-89b05e637635	Fungi	Basidiomycota	Agaricomycetes	Boletales	Boletaceae	Chalciporus	Chalciporus piperatus		SPECIES	Boletus piperatus Bull.	Boletus piperatus	Bull.	CA	Baxter's Harbor, Baxter's Harbor	Nova Scotia	PRESENT		61c539d8-47e0-4b82-875f-b95aad66dcd4	45.229167	-64.5125							1978-08-31	31	8	1978	5239741	9156243	PRESERVED_SPECIMEN	TENN-F		TENN-F-041266	54266			CC0_1_0		R.H. Petersen & G. Mueller			2025-01-12T10:33:44.764Z	StillImage	COORDINATE_ROUNDED;GEODETIC_DATUM_ASSUMED_WGS84;CONTINENT_DERIVED_FROM_COORDINATES;TAXON_MATCH_TAXON_ID_IGNORED;INSTITUTION_MATCH_NONE
1990303007	032f1fbe-d21f-407d-be46-5cd1bb1ea397	97e5c061-e1cc-4bca-9034-08e3944e2f1a	Fungi	Basidiomycota	Agaricomycetes	Boletales	Boletaceae	Chalciporus	Chalciporus piperatus		SPECIES	Chalciporus piperatus (Bull.) Bataille	Chalciporus piperatus	(Bull.) Bataille	CA	St. Aubert	Quebec	PRESENT		61c539d8-47e0-4b82-875f-b95aad66dcd4	47.180556	-70.219444							1966-08-17	17	8	1966	9156243	9156243	PRESERVED_SPECIMEN	TENN-F		TENN-F-029793	RHP29793			CC0_1_0		J.W. Groves			2025-01-12T10:33:43.665Z		COORDINATE_ROUNDED;GEODETIC_DATUM_ASSUMED_WGS84;CONTINENT_DERIVED_FROM_COORDINATES;TAXON_MATCH_TAXON_ID_IGNORED;INSTITUTION_MATCH_NONE
1990301900	032f1fbe-d21f-407d-be46-5cd1bb1ea397	7b15d04d-4f6b-4b59-88e0-adb75ca79b6c	Fungi	Basidiomycota	Agaricomycetes	Boletales	Boletaceae	Chalciporus	Chalciporus piperatus		SPECIES	Boletus piperatus Bull.	Boletus piperatus	Bull.	CA	Scots Bay, Cape Split	Nova Scotia	PRESENT		61c539d8-47e0-4b82-875f-b95aad66dcd4	45.326389	-64.438889							1965-07-27	27	7	1965	5239741	9156243	PRESERVED_SPECIMEN	TENN-F		TENN-F-028659	RHP28659			CC0_1_0		R.H. Petersen & P.D. Olexia			2025-01-12T10:33:38.999Z		COORDINATE_ROUNDED;GEODETIC_DATUM_ASSUMED_WGS84;CONTINENT_DERIVED_FROM_COORDINATES;TAXON_MATCH_TAXON_ID_IGNORED;INSTITUTION_MATCH_NONE
1990300516	032f1fbe-d21f-407d-be46-5cd1bb1ea397	b7ff2fa8-61f5-4f20-91b5-12faef1d137b	Fungi	Basidiomycota	Agaricomycetes	Boletales	Boletaceae	Chalciporus	Chalciporus piperatus		SPECIES	Boletus piperatus Bull.	Boletus piperatus	Bull.	CA	Whitney, Algonquin Province Park, Mile 36	Ontario	PRESENT		61c539d8-47e0-4b82-875f-b95aad66dcd4	45.553889	-78.596667							1962-08-02	2	8	1962	5239741	9156243	PRESERVED_SPECIMEN	TENN-F		TENN-F-027296	RHP604			CC0_1_0		R.H. Petersen			2025-01-12T10:33:49.154Z		COORDINATE_ROUNDED;GEODETIC_DATUM_ASSUMED_WGS84;CONTINENT_DERIVED_FROM_COORDINATES;TAXON_MATCH_TAXON_ID_IGNORED;INSTITUTION_MATCH_NONE
1990290830	032f1fbe-d21f-407d-be46-5cd1bb1ea397	f95b9948-1494-439f-b10d-6f8e01e4e6f3	Fungi	Basidiomycota	Agaricomycetes	Boletales	Boletaceae	Chalciporus	Chalciporus piperatus		SPECIES	Suillus piperatus (Bull.) Kuntze	Suillus piperatus	(Bull.) Kuntze	CA	Ottawa, Conroy Road	Ontario	PRESENT		61c539d8-47e0-4b82-875f-b95aad66dcd4	45.358333	-75.615278							1965-08-24	24	8	1965	9204626	9156243	PRESERVED_SPECIMEN	TENN-F		TENN-F-017452	DAOM113325			CC0_1_0		J.W. Groves & M.E. Elliot			2025-01-12T10:33:53.949Z		COORDINATE_ROUNDED;GEODETIC_DATUM_ASSUMED_WGS84;CONTINENT_DERIVED_FROM_COORDINATES;TAXON_MATCH_TAXON_ID_IGNORED;INSTITUTION_MATCH_NONE
1807261922	e8a25a42-f125-476c-8554-3ec21cd51a84	ACAD:118334	Fungi	Basidiomycota	Agaricomycetes	Boletales	Boletaceae	Chalciporus	Chalciporus piperatus		SPECIES	Boletus piperatus Bull.	Boletus piperatus	Barla	CA	Scotts Bay	Nova Scotia	PRESENT		6491ad8c-8e49-4bd4-a089-0ddb3bbe0890	45.3	-64.424167							1975-09-15	15	9	1975	5239741	9156243	PRESERVED_SPECIMEN	Acadia University	ACAD	11486F	11486			CC0_1_0	Acadia University	Harrison, KA			2024-01-25T01:37:17.450Z	StillImage	COORDINATE_ROUNDED;GEODETIC_DATUM_INVALID;GEODETIC_DATUM_ASSUMED_WGS84;TAXON_MATCH_TAXON_ID_IGNORED;INSTITUTION_MATCH_FUZZY;COLLECTION_MATCH_FUZZY
1807261743	e8a25a42-f125-476c-8554-3ec21cd51a84	ACAD:118299	Fungi	Basidiomycota	Agaricomycetes	Boletales	Boletaceae	Chalciporus	Chalciporus piperatus		SPECIES	Boletus piperatus Bull.	Boletus piperatus	Barla	CA	Scotts Bay	Nova Scotia	PRESENT		6491ad8c-8e49-4bd4-a089-0ddb3bbe0890	45.3	-64.424167							1975-09-10	10	9	1975	5239741	9156243	PRESERVED_SPECIMEN	Acadia University	ACAD	11447F	11447			CC0_1_0	Acadia University	Harrison, KA			2024-01-25T01:37:17.545Z	StillImage	COORDINATE_ROUNDED;GEODETIC_DATUM_INVALID;GEODETIC_DATUM_ASSUMED_WGS84;TAXON_MATCH_TAXON_ID_IGNORED;INSTITUTION_MATCH_FUZZY;COLLECTION_MATCH_FUZZY
1807261729	e8a25a42-f125-476c-8554-3ec21cd51a84	ACAD:118175	Fungi	Basidiomycota	Agaricomycetes	Boletales	Boletaceae	Chalciporus	Chalciporus piperatus		SPECIES	Boletus piperatus Bull.	Boletus piperatus	Barla	CA	Scotts Bay	Nova Scotia	PRESENT		6491ad8c-8e49-4bd4-a089-0ddb3bbe0890	45.3	-64.424167							1975-07-31	31	7	1975	5239741	9156243	PRESERVED_SPECIMEN	Acadia University	ACAD	11339F	11339	Harrison, KA		CC0_1_0	Acadia University	Harrison, KA; Party			2024-01-25T01:37:16.571Z	StillImage	COORDINATE_ROUNDED;GEODETIC_DATUM_INVALID;GEODETIC_DATUM_ASSUMED_WGS84;TAXON_MATCH_TAXON_ID_IGNORED;INSTITUTION_MATCH_FUZZY;COLLECTION_MATCH_FUZZY
1807261501	e8a25a42-f125-476c-8554-3ec21cd51a84	ACAD:118203	Fungi	Basidiomycota	Agaricomycetes	Boletales	Boletaceae	Chalciporus	Chalciporus piperatus		SPECIES	Boletus piperatus Bull.	Boletus piperatus	Barla	CA	Scotts Bay	Nova Scotia	PRESENT		6491ad8c-8e49-4bd4-a089-0ddb3bbe0890	45.3	-64.424167							1975-08-05	5	8	1975	5239741	9156243	PRESERVED_SPECIMEN	Acadia University	ACAD	11365BF	11365	H, KA		CC0_1_0	Acadia University	H, KA; Party			2024-01-25T01:37:17.489Z	StillImage	COORDINATE_ROUNDED;GEODETIC_DATUM_INVALID;GEODETIC_DATUM_ASSUMED_WGS84;TAXON_MATCH_TAXON_ID_IGNORED;INSTITUTION_MATCH_FUZZY;COLLECTION_MATCH_FUZZY
1807261322	e8a25a42-f125-476c-8554-3ec21cd51a84	ACAD:118189	Fungi	Basidiomycota	Agaricomycetes	Boletales	Boletaceae	Chalciporus	Chalciporus piperatus		SPECIES	Boletus piperatus Bull.	Boletus piperatus	Barla	CA	Cape Split	Nova Scotia	PRESENT		6491ad8c-8e49-4bd4-a089-0ddb3bbe0890	45.334283	-64.49612							1975-08-03	3	8	1975	5239741	9156243	PRESERVED_SPECIMEN	Acadia University	ACAD	11352F	11352			CC0_1_0	Acadia University	Bleakney, J; Boland, G			2024-01-25T01:37:16.577Z	StillImage	COORDINATE_ROUNDED;GEODETIC_DATUM_INVALID;GEODETIC_DATUM_ASSUMED_WGS84;TAXON_MATCH_TAXON_ID_IGNORED;INSTITUTION_MATCH_FUZZY;COLLECTION_MATCH_FUZZY
1807261302	e8a25a42-f125-476c-8554-3ec21cd51a84	ACAD:118240	Fungi	Basidiomycota	Agaricomycetes	Boletales	Boletaceae	Chalciporus	Chalciporus piperatus		SPECIES	Boletus piperatus Bull.	Boletus piperatus	Barla	CA	Gaspereau	Nova Scotia	PRESENT		6491ad8c-8e49-4bd4-a089-0ddb3bbe0890	45.06806	-64.35247							1967-08-13	13	8	1967	5239741	9156243	PRESERVED_SPECIMEN	Acadia University	ACAD	11394F	11394	H, KA		CC0_1_0	Acadia University	H, KA			2024-01-25T01:37:17.679Z	StillImage	GEODETIC_DATUM_INVALID;GEODETIC_DATUM_ASSUMED_WGS84;TAXON_MATCH_TAXON_ID_IGNORED;INSTITUTION_MATCH_FUZZY;COLLECTION_MATCH_FUZZY
1807261176	e8a25a42-f125-476c-8554-3ec21cd51a84	ACAD:118218	Fungi	Basidiomycota	Agaricomycetes	Boletales	Boletaceae	Chalciporus	Chalciporus piperatus		SPECIES	Boletus piperatus Bull.	Boletus piperatus	Barla	CA	Scotts Bay	Nova Scotia	PRESENT		6491ad8c-8e49-4bd4-a089-0ddb3bbe0890	45.3	-64.424167							1975-08-10	10	8	1975	5239741	9156243	PRESERVED_SPECIMEN	Acadia University	ACAD	11375F	11375			CC0_1_0	Acadia University	Harrison, KA; Harrison, KJ			2024-01-25T01:37:17.661Z	StillImage	COORDINATE_ROUNDED;GEODETIC_DATUM_INVALID;GEODETIC_DATUM_ASSUMED_WGS84;TAXON_MATCH_TAXON_ID_IGNORED;INSTITUTION_MATCH_FUZZY;COLLECTION_MATCH_FUZZY
1807256074	e8a25a42-f125-476c-8554-3ec21cd51a84	ACAD:112550	Fungi	Basidiomycota	Agaricomycetes	Boletales	Boletaceae	Chalciporus	Chalciporus piperatus		SPECIES	Boletus piperatus Bull.	Boletus piperatus	Barla	CA	Coldbrook	Nova Scotia	PRESENT		6491ad8c-8e49-4bd4-a089-0ddb3bbe0890	45.06325	-64.58638							1953-10-10	10	10	1953	5239741	9156243	PRESERVED_SPECIMEN	Acadia University	ACAD	2438F	2438			CC0_1_0	Acadia University	H, KA			2024-01-25T01:37:10.975Z	StillImage	GEODETIC_DATUM_INVALID;GEODETIC_DATUM_ASSUMED_WGS84;TAXON_MATCH_TAXON_ID_IGNORED;INSTITUTION_MATCH_FUZZY;COLLECTION_MATCH_FUZZY
1807255413	e8a25a42-f125-476c-8554-3ec21cd51a84	ACAD:112092	Fungi	Basidiomycota	Agaricomycetes	Boletales	Boletaceae	Chalciporus	Chalciporus piperatus		SPECIES	Boletus piperatus Bull.	Boletus piperatus	Barla	CA	Cape Split	Nova Scotia	PRESENT		6491ad8c-8e49-4bd4-a089-0ddb3bbe0890	45.334283	-64.49612							1952-09-24	24	9	1952	5239741	9156243	PRESERVED_SPECIMEN	Acadia University	ACAD	1802F	1802			CC0_1_0	Acadia University	H, KA			2024-01-25T01:37:05.964Z	StillImage	COORDINATE_ROUNDED;GEODETIC_DATUM_INVALID;GEODETIC_DATUM_ASSUMED_WGS84;TAXON_MATCH_TAXON_ID_IGNORED;INSTITUTION_MATCH_FUZZY;COLLECTION_MATCH_FUZZY
1806349765	50c9509d-22c7-4a22-a47d-8c48425ef4a7	https://www.inaturalist.org/observations/9573772	Fungi	Basidiomycota	Agaricomycetes	Boletales	Boletaceae	Chalciporus	Chalciporus piperatus		SPECIES	Chalciporus piperatus (Bull.) Bataille	Chalciporus piperatus		CA		Québec	PRESENT		28eb1a3f-1c15-4a95-931a-4af90ecb574d	48.84385	-67.531	1427.0						2013-08-10	10	8	2013	9156243	9156243	HUMAN_OBSERVATION	iNaturalist	Observations	9573772		mycowalt	2018-01-23T11:08:38	CC_BY_NC_4_0	mycowalt	mycowalt			2025-01-14T12:59:47.131Z	StillImage	CONTINENT_DERIVED_FROM_COORDINATES;TAXON_MATCH_TAXON_ID_IGNORED
1412709595	21705170-d2b6-42de-8904-c3bca4b83591	CMMF018067	Fungi	Basidiomycota	Agaricomycetes	Boletales	Boletaceae	Chalciporus	Chalciporus piperatus		SPECIES	Boletus piperatus Bull.	Boletus piperatus Bull.	Bull.	CA	Transect C, stand 7, Station de biologie des Laurentides, Saint-Hippolyte, Québec.	Québec	PRESENT		ff7bd5db-b724-4932-b496-10ea298851f9	45.98815	-74.00581	3000.0						1977-08-08	8	8	1977	5239741	9156243	PRESERVED_SPECIMEN	Université de Montréal Biodiversity Centre	CMMF	CMMF018067	64c	B., A.M.; T., A.; Neumann, Peterjurgen; R., S.		CC0_1_0	Université de Montréal Biodiversity Centre	B., A.M.; T., A.; Neumann, Peterjurgen; R., S.			2024-01-24T16:38:17.940Z		INSTITUTION_MATCH_FUZZY;COLLECTION_MATCH_FUZZY;DIFFERENT_OWNER_INSTITUTION
1412709556	21705170-d2b6-42de-8904-c3bca4b83591	CMMF018054	Fungi	Basidiomycota	Agaricomycetes	Boletales	Boletaceae	Chalciporus	Chalciporus piperatus		SPECIES	Boletus piperatus Bull.	Boletus piperatus Bull.	Bull.	CA	Transect C, stand 12, Station de biologie des Laurentides, Saint-Hippolyte, Québec.	Québec	PRESENT		ff7bd5db-b724-4932-b496-10ea298851f9	45.98815	-74.00581	3000.0						1977-08-08	8	8	1977	5239741	9156243	PRESERVED_SPECIMEN	Université de Montréal Biodiversity Centre	CMMF	CMMF018054	64a	B., A.M.; T., A.; Neumann, Peterjurgen; R., S.		CC0_1_0	Université de Montréal Biodiversity Centre	B., A.M.; T., A.; Neumann, Peterjurgen; R., S.			2024-01-24T16:38:17.941Z		INSTITUTION_MATCH_FUZZY;COLLECTION_MATCH_FUZZY;DIFFERENT_OWNER_INSTITUTION
1412709543	21705170-d2b6-42de-8904-c3bca4b83591	CMMF018068	Fungi	Basidiomycota	Agaricomycetes	Boletales	Boletaceae	Chalciporus	Chalciporus piperatus		SPECIES	Boletus piperatus Bull.	Boletus piperatus Bull.	Bull.	CA	Transect C, stand 8, Station de biologie des Laurentides, Saint-Hippolyte, Québec.	Québec	PRESENT		ff7bd5db-b724-4932-b496-10ea298851f9	45.98815	-74.00581	3000.0						1977-08-08	8	8	1977	5239741	9156243	PRESERVED_SPECIMEN	Université de Montréal Biodiversity Centre	CMMF	CMMF018068	64d	B., A.M.; T., A.; Neumann, Peterjurgen; R., S.		CC0_1_0	Université de Montréal Biodiversity Centre	B., A.M.; T., A.; Neumann, Peterjurgen; R., S.			2024-01-24T16:38:17.937Z		INSTITUTION_MATCH_FUZZY;COLLECTION_MATCH_FUZZY;DIFFERENT_OWNER_INSTITUTION
1412709494	21705170-d2b6-42de-8904-c3bca4b83591	CMMF018059	Fungi	Basidiomycota	Agaricomycetes	Boletales	Boletaceae	Chalciporus	Chalciporus piperatus		SPECIES	Boletus piperatus Bull.	Boletus piperatus Bull.	Bull.	CA	Transect C, stand 13, Station de biologie des Laurentides, Saint-Hippolyte, Québec.	Québec	PRESENT		ff7bd5db-b724-4932-b496-10ea298851f9	45.98815	-74.00581	3000.0						1977-08-08	8	8	1977	5239741	9156243	PRESERVED_SPECIMEN	Université de Montréal Biodiversity Centre	CMMF	CMMF018059	646	B., A.M.; T., A.; Neumann, Peterjurgen; R., S.		CC0_1_0	Université de Montréal Biodiversity Centre	B., A.M.; T., A.; Neumann, Peterjurgen; R., S.			2024-01-24T16:38:17.956Z		INSTITUTION_MATCH_FUZZY;COLLECTION_MATCH_FUZZY;DIFFERENT_OWNER_INSTITUTION
1412709485	21705170-d2b6-42de-8904-c3bca4b83591	CMMF018011	Fungi	Basidiomycota	Agaricomycetes	Boletales	Boletaceae	Chalciporus	Chalciporus piperatus		SPECIES	Boletus piperatus Bull.	Boletus piperatus Bull.	Bull.	CA	Début du chemin du Lac Geai, Station de biologie des Laurentides, Saint-Hippolyte, Québec.	Québec	PRESENT		ff7bd5db-b724-4932-b496-10ea298851f9	45.990692	-74.002148	500.0						1977-07-21	21	7	1977	5239741	9156243	PRESERVED_SPECIMEN	Université de Montréal Biodiversity Centre	CMMF	CMMF018011	18	R., S.		CC0_1_0	Université de Montréal Biodiversity Centre	R., S.			2024-01-24T16:38:18.022Z		INSTITUTION_MATCH_FUZZY;COLLECTION_MATCH_FUZZY;DIFFERENT_OWNER_INSTITUTION
1412709252	21705170-d2b6-42de-8904-c3bca4b83591	CMMF017793	Fungi	Basidiomycota	Agaricomycetes	Boletales	Boletaceae	Chalciporus	Chalciporus piperatus		SPECIES	Boletus piperatus Bull.	Boletus piperatus Bull.	Bull.	CA	Arboretum Morgan B, Québec.	Québec	PRESENT		ff7bd5db-b724-4932-b496-10ea298851f9	45.43	-73.946667	2500.0						1980-07-24	24	7	1980	5239741	9156243	PRESERVED_SPECIMEN	Université de Montréal Biodiversity Centre	CMMF	CMMF017793	1980-262	McNeil, Raymond		CC0_1_0	Université de Montréal Biodiversity Centre	Haméon, G.			2024-01-24T16:38:16.728Z		COORDINATE_ROUNDED;INSTITUTION_MATCH_FUZZY;COLLECTION_MATCH_FUZZY;DIFFERENT_OWNER_INSTITUTION
1412706541	21705170-d2b6-42de-8904-c3bca4b83591	CMMF015071	Fungi	Basidiomycota	Agaricomycetes	Boletales	Boletaceae	Chalciporus	Chalciporus piperatus		SPECIES	Chalciporus piperatus (Bull.) Bataille	Chalciporus piperatus (Bull.) Bataille	(Bull.) Bataille	CA	R. Langevin, Chicoutimi, Québec.	Québec	PRESENT		ff7bd5db-b724-4932-b496-10ea298851f9	48.400335	-71.03723	3500.0						1992-07-23	23	7	1992	9156243	9156243	PRESERVED_SPECIMEN	Université de Montréal Biodiversity Centre	CMMF	CMMF015071	1092	Guérin, Gérard		CC0_1_0	Université de Montréal Biodiversity Centre	Guérin, Gérard			2024-01-24T16:38:16.669Z	StillImage	INSTITUTION_MATCH_FUZZY;COLLECTION_MATCH_FUZZY;DIFFERENT_OWNER_INSTITUTION
1135071014	21705170-d2b6-42de-8904-c3bca4b83591	CMMF009591	Fungi	Basidiomycota	Agaricomycetes	Boletales	Boletaceae	Chalciporus	Chalciporus piperatus		SPECIES	Chalciporus piperatus (Bull.) Bataille	Chalciporus piperatus (Bull.) Bataille	(Bull.) Bataille	CA	Château Bigot, Québec.	Québec	PRESENT		ff7bd5db-b724-4932-b496-10ea298851f9	46.898375	-71.266801	2000.0						2007-07-22	22	7	2007	9156243	9156243	PRESERVED_SPECIMEN	Université de Montréal Biodiversity Centre	CMMF	CMMF009591	1175	Labrecque, Jacqueline		CC0_1_0	Université de Montréal Biodiversity Centre	Labrecque, Jacqueline			2024-01-24T16:38:21.707Z		INSTITUTION_MATCH_FUZZY;COLLECTION_MATCH_FUZZY;DIFFERENT_OWNER_INSTITUTION
1135070919	21705170-d2b6-42de-8904-c3bca4b83591	CMMF009466	Fungi	Basidiomycota	Agaricomycetes	Boletales	Boletaceae	Chalciporus	Chalciporus piperatus		SPECIES	Chalciporus piperatus (Bull.) Bataille	Chalciporus piperatus (Bull.) Bataille	(Bull.) Bataille	CA	Lac Neigette nord, Lac-Beauport.	Québec	PRESENT		ff7bd5db-b724-4932-b496-10ea298851f9	46.954381	-71.301586	450.0						2007-07-04	4	7	2007	9156243	9156243	PRESERVED_SPECIMEN	Université de Montréal Biodiversity Centre	CMMF	CMMF009466	1050	Labrecque, Jacqueline		CC0_1_0	Université de Montréal Biodiversity Centre	Labrecque, Jacqueline			2024-01-24T16:38:21.670Z		INSTITUTION_MATCH_FUZZY;COLLECTION_MATCH_FUZZY;DIFFERENT_OWNER_INSTITUTION
1135069689	21705170-d2b6-42de-8904-c3bca4b83591	CMMF008289	Fungi	Basidiomycota	Agaricomycetes	Boletales	Boletaceae	Chalciporus	Chalciporus piperatus		SPECIES	Chalciporus piperatus (Bull.) Bataille	Chalciporus piperatus (Bull.) Bataille	(Bull.) Bataille	CA	Parc de la Gaspésie (sortie sud)	Québec	PRESENT		ff7bd5db-b724-4932-b496-10ea298851f9	48.856883	-66.20075	100.0						2007-07-21	21	7	2007	9156243	9156243	PRESERVED_SPECIMEN	Université de Montréal Biodiversity Centre	CMMF	CMMF008289	C3113	McNeil, Raymond		CC0_1_0	Université de Montréal Biodiversity Centre	McNeil, Raymond			2024-01-24T16:38:18.315Z	StillImage	COORDINATE_ROUNDED;INSTITUTION_MATCH_FUZZY;COLLECTION_MATCH_FUZZY;DIFFERENT_OWNER_INSTITUTION
1135069499	21705170-d2b6-42de-8904-c3bca4b83591	CMMF008048	Fungi	Basidiomycota	Agaricomycetes	Boletales	Boletaceae	Chalciporus	Chalciporus piperatus		SPECIES	Chalciporus piperatus (Bull.) Bataille	Chalciporus piperatus (Bull.) Bataille	(Bull.) Bataille	CA	Rawdon	Québec	PRESENT		ff7bd5db-b724-4932-b496-10ea298851f9	46.1394	-73.740067	100.0						1985-09-07	7	9	1985	9156243	9156243	PRESERVED_SPECIMEN	Université de Montréal Biodiversity Centre	CMMF	CMMF008048	1768	McNeil, Raymond		CC0_1_0	Université de Montréal Biodiversity Centre	McNeil, Raymond			2024-01-24T16:38:18.080Z	StillImage	COORDINATE_ROUNDED;INSTITUTION_MATCH_FUZZY;COLLECTION_MATCH_FUZZY;DIFFERENT_OWNER_INSTITUTION
1135068712	21705170-d2b6-42de-8904-c3bca4b83591	CMMF007202	Fungi	Basidiomycota	Agaricomycetes	Boletales	Boletaceae	Chalciporus	Chalciporus piperatus		SPECIES	Chalciporus piperatus (Bull.) Bataille	Chalciporus piperatus (Bull.) Bataille	(Bull.) Bataille	CA	Mirabel (Chemin de la Rivière du Nord)	Québec	PRESENT		ff7bd5db-b724-4932-b496-10ea298851f9	45.683917	-74.2185	100.0						1979-08-07	7	8	1979	9156243	9156243	PRESERVED_SPECIMEN	Université de Montréal Biodiversity Centre	CMMF	CMMF007202	Inexistant	McNeil, Raymond		CC0_1_0	Université de Montréal Biodiversity Centre	McNeil, Raymond			2024-01-24T16:38:21.292Z	StillImage	COORDINATE_ROUNDED;INSTITUTION_MATCH_FUZZY;COLLECTION_MATCH_FUZZY;DIFFERENT_OWNER_INSTITUTION
1135067144	21705170-d2b6-42de-8904-c3bca4b83591	CMMF010567	Fungi	Basidiomycota	Agaricomycetes	Boletales	Boletaceae	Chalciporus	Chalciporus piperatus		SPECIES	Chalciporus piperatus (Bull.) Bataille	Chalciporus piperatus (Bull.) Bataille	(Bull.) Bataille	CA	210 de l'Éperon, cour arrière, Lac-Beauport.	Québec	PRESENT		ff7bd5db-b724-4932-b496-10ea298851f9	46.964353	-71.306427	200.0						2009-08-31	31	8	2009	9156243	9156243	PRESERVED_SPECIMEN	Université de Montréal Biodiversity Centre	CMMF	CMMF010567	2154	Labrecque, Jacqueline		CC0_1_0	Université de Montréal Biodiversity Centre	Labrecque, Jacqueline			2024-01-24T16:38:21.711Z		INSTITUTION_MATCH_FUZZY;COLLECTION_MATCH_FUZZY;DIFFERENT_OWNER_INSTITUTION
