gbifID	datasetKey	occurrenceID	kingdom	phylum	class	order	family	genus	species	infraspecificEpithet	taxonRank	scientificName	verbatimScientificName	verbatimScientificNameAuthorship	countryCode	locality	stateProvince	occurrenceStatus	individualCount	publishingOrgKey	decimalLatitude	decimalLongitude	coordinateUncertaintyInMeters	coordinatePrecision	elevation	elevationAccuracy	depth	depthAccuracy	eventDate	day	month	year	taxonKey	speciesKey	basisOfRecord	institutionCode	collectionCode	catalogNumber	recordNumber	identifiedBy	dateIdentified	license	rightsHolder	recordedBy	typeStatus	establishmentMeans	lastInterpreted	mediaType	issue
694157017	d7cfd2ed-8af4-427f-a16e-eb66b7e2c419	14098	Fungi	Basidiomycota	Agaricomycetes	Russulales	Russulaceae	Russula	Russula paludosa		SPECIES	Russula paludosa Britzelm.	Russula paludosa Britzelm.	Britzelm.	CA	Algonquin Provincial Park	Ontario	PRESENT		ff418020-1d67-11d9-8435-b8a03c50a862	45.759859	-78.376465	67511.0						2007-10-03	3	10	2007	2551201	2551201	PRESERVED_SPECIMEN	Royal Ontario Museum	TRTC	TRTC156988	ALG07_164			CC0_1_0	Royal Ontario Museum	Maryna Didukh; Dentiger Bryn			2024-01-25T00:59:39.628Z	StillImage	COORDINATE_ROUNDED;AMBIGUOUS_INSTITUTION
694156967	d7cfd2ed-8af4-427f-a16e-eb66b7e2c419	13900	Fungi	Basidiomycota	Agaricomycetes	Russulales	Russulaceae	Russula	Russula paludosa		SPECIES	Russula paludosa Britzelm.	Russula paludosa Britzelm.	Britzelm.	CA	Algonquin Provincial Park	Ontario	PRESENT		ff418020-1d67-11d9-8435-b8a03c50a862	45.759859	-78.376465	67511.0						2007-10-05	5	10	2007	2551201	2551201	PRESERVED_SPECIMEN	Royal Ontario Museum	TRTC	TRTC157022	ALG07_198			CC0_1_0	Royal Ontario Museum	Maryna Didukh; Dentiger Bryn			2024-01-25T00:59:38.815Z	StillImage	COORDINATE_ROUNDED;AMBIGUOUS_INSTITUTION
617552032	21705170-d2b6-42de-8904-c3bca4b83591	CMMF000297	Fungi	Basidiomycota	Agaricomycetes	Russulales	Russulaceae	Russula	Russula paludosa		SPECIES	Russula paludosa Britzelm.	Russula paludosa Britzelm.	Britzelm.	CA	Contrecoeur	Québec	PRESENT		ff7bd5db-b724-4932-b496-10ea298851f9	45.876777	-73.209987	12000.0						1988-09-04	4	9	1988	2551201	2551201	PRESERVED_SPECIMEN	Université de Montréal Biodiversity Centre	CMMF	CMMF000297		Lamoureux, Yves		CC0_1_0	Université de Montréal Biodiversity Centre	Lamoureux, Yves			2024-01-24T16:38:20.716Z	StillImage	INSTITUTION_MATCH_FUZZY;COLLECTION_MATCH_FUZZY;DIFFERENT_OWNER_INSTITUTION
617548526	21705170-d2b6-42de-8904-c3bca4b83591	CMMF001439	Fungi	Basidiomycota	Agaricomycetes	Russulales	Russulaceae	Russula	Russula paludosa		SPECIES	Russula paludosa Britzelm.	Russula paludosa Britzelm.	Britzelm.	CA	Rawdon	Québec	PRESENT		ff7bd5db-b724-4932-b496-10ea298851f9	46.052398	-73.748752	11000.0						1991-08-24	24	8	1991	2551201	2551201	PRESERVED_SPECIMEN	Université de Montréal Biodiversity Centre	CMMF	CMMF001439		Lamoureux, Yves		CC0_1_0	Université de Montréal Biodiversity Centre	Lamoureux, Yves			2024-01-24T16:38:17.590Z	StillImage	INSTITUTION_MATCH_FUZZY;COLLECTION_MATCH_FUZZY;DIFFERENT_OWNER_INSTITUTION
4606599546	50c9509d-22c7-4a22-a47d-8c48425ef4a7	https://www.inaturalist.org/observations/178979386	Fungi	Basidiomycota	Agaricomycetes	Russulales	Russulaceae	Russula	Russula paludosa		SPECIES	Russula paludosa Britzelm.	Russula paludosa		CA		New Brunswick	PRESENT		28eb1a3f-1c15-4a95-931a-4af90ecb574d	45.493156	-65.305742	22.0						2023-08-15T15:10	15	8	2023	2551201	2551201	HUMAN_OBSERVATION	iNaturalist	Observations	178979386		Brian Hunt	2024-03-02T23:33:01	CC_BY_NC_4_0	Alfredo Justo	Alfredo Justo			2025-01-14T12:38:34.796Z	StillImage	COORDINATE_ROUNDED;CONTINENT_DERIVED_FROM_COORDINATES;TAXON_MATCH_TAXON_ID_IGNORED
4597290157	50c9509d-22c7-4a22-a47d-8c48425ef4a7	https://www.inaturalist.org/observations/201477348	Fungi	Basidiomycota	Agaricomycetes	Russulales	Russulaceae	Russula	Russula paludosa		SPECIES	Russula paludosa Britzelm.	Russula paludosa		CA		Québec	PRESENT		28eb1a3f-1c15-4a95-931a-4af90ecb574d	45.91978	-75.621089	74.0						2023-08-01T08:47	1	8	2023	2551201	2551201	HUMAN_OBSERVATION	iNaturalist	Observations	201477348		François L.	2024-03-06T14:49:50	CC_BY_NC_4_0	François L.	François L.			2025-01-14T13:37:28.460Z	StillImage	COORDINATE_ROUNDED;CONTINENT_DERIVED_FROM_COORDINATES;TAXON_MATCH_TAXON_ID_IGNORED
4535852832	50c9509d-22c7-4a22-a47d-8c48425ef4a7	https://www.inaturalist.org/observations/178915125	Fungi	Basidiomycota	Agaricomycetes	Russulales	Russulaceae	Russula	Russula paludosa		SPECIES	Russula paludosa Britzelm.	Russula paludosa		CA		New Brunswick	PRESENT		28eb1a3f-1c15-4a95-931a-4af90ecb574d	45.602561	-65.009675	200.0						2023-08-15T11:12	15	8	2023	2551201	2551201	HUMAN_OBSERVATION	iNaturalist	Observations	178915125		Alfredo Justo	2023-08-17T23:37:21	CC_BY_NC_4_0	Alfredo Justo	Alfredo Justo			2025-01-14T12:38:18.349Z	StillImage	COORDINATE_ROUNDED;CONTINENT_DERIVED_FROM_COORDINATES;TAXON_MATCH_TAXON_ID_IGNORED
4099918100	d1a3b128-b406-46bb-a6d1-f3591dcc8a7b	efbf6d96-2a44-4196-975b-1da953fc4f86	Fungi	Basidiomycota	Agaricomycetes	Russulales	Russulaceae	Russula	Russula paludosa		SPECIES	Russula paludosa Britzelm.	Russula paludosa	Britzelm.	CA	Tourville	Quebec	PRESENT		e43cf4b8-849e-4fac-b075-e652d019d2cf	47.1	-69.983333	18019.0						1958-08-28	28	8	1958	2551201	2551201	PRESERVED_SPECIMEN	BPI		BPI 764598		Groves, J. W.		CC0_1_0		Groves, J. W.			2025-01-15T04:59:41.974Z		GEODETIC_DATUM_ASSUMED_WGS84;CONTINENT_DERIVED_FROM_COORDINATES;TAXON_MATCH_TAXON_ID_IGNORED;INSTITUTION_MATCH_FUZZY
3349361229	d8cd16ba-bb74-4420-821e-083f2bac17c2	MN992516	Fungi	Basidiomycota	Agaricomycetes	Russulales	Russulaceae	Russula	Russula paludosa		SPECIES	Russula paludosa Britzelm.	Russula paludosa		CA	Quebec, Anticosti		PRESENT		ada9d123-ddb4-467d-8891-806ea8d94230	49.84	-64.42							2015-09-08	8	9	2015	2551201	2551201	PRESERVED_SPECIMEN			ANT088-QFB28700		Renee Lebeuf		CC_BY_4_0		Lebeuf, R.			2025-01-18T13:04:48.463Z		GEODETIC_DATUM_ASSUMED_WGS84;CONTINENT_DERIVED_FROM_COORDINATES;TAXON_MATCH_TAXON_CONCEPT_ID_IGNORED;TAXON_MATCH_TAXON_ID_IGNORED
3067947172	50c9509d-22c7-4a22-a47d-8c48425ef4a7	https://www.inaturalist.org/observations/58366872	Fungi	Basidiomycota	Agaricomycetes	Russulales	Russulaceae	Russula	Russula paludosa		SPECIES	Russula paludosa Britzelm.	Russula paludosa		CA		Ontario	PRESENT		28eb1a3f-1c15-4a95-931a-4af90ecb574d	45.437908	-76.334458	5.0						2020-08-30T17:22:51	30	8	2020	2551201	2551201	HUMAN_OBSERVATION	iNaturalist	Observations	58366872		Garrett Taylor	2021-03-07T17:43:57	CC_BY_NC_4_0	Jessica Daze	Jessica Daze			2025-01-14T13:09:56.497Z	StillImage	COORDINATE_ROUNDED;CONTINENT_DERIVED_FROM_COORDINATES;TAXON_MATCH_TAXON_ID_IGNORED
2423612728	21705170-d2b6-42de-8904-c3bca4b83591	CMMF019095	Fungi	Basidiomycota	Agaricomycetes	Russulales	Russulaceae	Russula	Russula paludosa		SPECIES	Russula paludosa Britzelm.	Russula paludosa Britzelm.	Britzelm.	CA	Station de biologie des Laurentides, Université de Montréal, quadrat 4.	Québec	PRESENT		ff7bd5db-b724-4932-b496-10ea298851f9	45.996087	-73.994017	75.0		348.0				1987-08-05	5	8	1987	2551201	2551201	PRESERVED_SPECIMEN	Université de Montréal Biodiversity Centre	CMMF	CMMF019095	Q4.508.1	Nantel, Patrick		CC0_1_0	Université de Montréal Biodiversity Centre	Nantel, Patrick; Marois, Nathalie			2024-01-24T16:38:20.933Z		INSTITUTION_MATCH_FUZZY;COLLECTION_MATCH_FUZZY;DIFFERENT_OWNER_INSTITUTION
1914195835	50c9509d-22c7-4a22-a47d-8c48425ef4a7	https://www.inaturalist.org/observations/15722825	Fungi	Basidiomycota	Agaricomycetes	Russulales	Russulaceae	Russula	Russula paludosa		SPECIES	Russula paludosa Britzelm.	Russula paludosa		CA		Ontario	PRESENT		28eb1a3f-1c15-4a95-931a-4af90ecb574d	45.586368	-78.519589	87.0						2018-08-18T13:17	18	8	2018	2551201	2551201	HUMAN_OBSERVATION	iNaturalist	Observations	15722825		Garrett Taylor	2018-09-27T18:11:27	CC_BY_NC_4_0	David LeGros	David LeGros			2025-01-14T12:58:16.330Z	StillImage	COORDINATE_ROUNDED;CONTINENT_DERIVED_FROM_COORDINATES;TAXON_MATCH_TAXON_ID_IGNORED
1847647126	50c9509d-22c7-4a22-a47d-8c48425ef4a7	https://www.inaturalist.org/observations/9593240	Fungi	Basidiomycota	Agaricomycetes	Russulales	Russulaceae	Russula	Russula paludosa		SPECIES	Russula paludosa Britzelm.	Russula paludosa		CA		Ontario	PRESENT		28eb1a3f-1c15-4a95-931a-4af90ecb574d	45.5794	-78.51955	385.0						2016-09-19	19	9	2016	2551201	2551201	HUMAN_OBSERVATION	iNaturalist	Observations	9593240		mycowalt	2018-01-24T01:53:30	CC_BY_NC_4_0	mycowalt	mycowalt			2025-01-14T12:04:22.050Z	StillImage	CONTINENT_DERIVED_FROM_COORDINATES;TAXON_MATCH_TAXON_ID_IGNORED
1847646998	50c9509d-22c7-4a22-a47d-8c48425ef4a7	https://www.inaturalist.org/observations/9593252	Fungi	Basidiomycota	Agaricomycetes	Russulales	Russulaceae	Russula	Russula paludosa		SPECIES	Russula paludosa Britzelm.	Russula paludosa		CA		Ontario	PRESENT		28eb1a3f-1c15-4a95-931a-4af90ecb574d	45.5794	-78.51955	385.0						2016-09-19	19	9	2016	2551201	2551201	HUMAN_OBSERVATION	iNaturalist	Observations	9593252		mycowalt	2018-01-24T01:54:14	CC_BY_NC_4_0	mycowalt	mycowalt			2025-01-14T12:05:23.112Z	StillImage	CONTINENT_DERIVED_FROM_COORDINATES;TAXON_MATCH_TAXON_ID_IGNORED
1847646865	50c9509d-22c7-4a22-a47d-8c48425ef4a7	https://www.inaturalist.org/observations/9592467	Fungi	Basidiomycota	Agaricomycetes	Russulales	Russulaceae	Russula	Russula paludosa		SPECIES	Russula paludosa Britzelm.	Russula paludosa		CA		Ontario	PRESENT		28eb1a3f-1c15-4a95-931a-4af90ecb574d	45.5794	-78.51955	385.0						2016-09-16	16	9	2016	2551201	2551201	HUMAN_OBSERVATION	iNaturalist	Observations	9592467		mycowalt	2018-01-24T01:00:19	CC_BY_NC_4_0	mycowalt	mycowalt			2025-01-14T12:59:47.183Z	StillImage	CONTINENT_DERIVED_FROM_COORDINATES;TAXON_MATCH_TAXON_ID_IGNORED
1453183256	50c9509d-22c7-4a22-a47d-8c48425ef4a7	http://inaturalist.ca/observations/4466744	Fungi	Basidiomycota	Agaricomycetes	Russulales	Russulaceae	Russula	Russula paludosa		SPECIES	Russula paludosa Britzelm.	Russula paludosa		CA		Ontario	PRESENT		28eb1a3f-1c15-4a95-931a-4af90ecb574d	45.373876	-76.091086	197.0						2016-10-30T10:26	30	10	2016	2551201	2551201	HUMAN_OBSERVATION	iNaturalist	Observations	4466744		Mike Leveille	2016-10-31T02:25:01	CC_BY_NC_4_0	Mike Leveille	Mike Leveille			2025-01-14T12:02:54.070Z	StillImage	COORDINATE_ROUNDED;CONTINENT_DERIVED_FROM_COORDINATES;TAXON_MATCH_TAXON_ID_IGNORED
1412706140	21705170-d2b6-42de-8904-c3bca4b83591	CMMF014572	Fungi	Basidiomycota	Agaricomycetes	Russulales	Russulaceae	Russula	Russula paludosa		SPECIES	Russula paludosa Britzelm.	Russula paludosa Britzelm.	Britzelm.	CA	Shipshaw, Québec.	Québec	PRESENT		ff7bd5db-b724-4932-b496-10ea298851f9	48.466834	-71.263421	2500.0						1985-08-06	6	8	1985	2551201	2551201	PRESERVED_SPECIMEN	Université de Montréal Biodiversity Centre	CMMF	CMMF014572	1238	Guérin, Gérard		CC0_1_0	Université de Montréal Biodiversity Centre	Guérin, Gérard			2024-01-24T16:38:19.563Z	StillImage	INSTITUTION_MATCH_FUZZY;COLLECTION_MATCH_FUZZY;DIFFERENT_OWNER_INSTITUTION
1135070392	21705170-d2b6-42de-8904-c3bca4b83591	CMMF008925	Fungi	Basidiomycota	Agaricomycetes	Russulales	Russulaceae	Russula	Russula paludosa		SPECIES	Russula paludosa Britzelm.	Russula paludosa Britzelm.	Britzelm.	CA	Chemin O'Neil, Lac-Beauport.	Québec	PRESENT		ff7bd5db-b724-4932-b496-10ea298851f9	46.953091	-71.275238	5000.0						2006-08-11	11	8	2006	2551201	2551201	PRESERVED_SPECIMEN	Université de Montréal Biodiversity Centre	CMMF	CMMF008925	508	Labbé, Roland		CC0_1_0	Université de Montréal Biodiversity Centre	Labrecque, Jacqueline			2024-01-24T16:38:18.936Z		INSTITUTION_MATCH_FUZZY;COLLECTION_MATCH_FUZZY;DIFFERENT_OWNER_INSTITUTION
1135070374	21705170-d2b6-42de-8904-c3bca4b83591	CMMF008965	Fungi	Basidiomycota	Agaricomycetes	Russulales	Russulaceae	Russula	Russula paludosa		SPECIES	Russula paludosa Britzelm.	Russula paludosa Britzelm.	Britzelm.	CA	Chemin Chapelle, Lac-Beauport.	Québec	PRESENT		ff7bd5db-b724-4932-b496-10ea298851f9	46.949281	-71.284722	250.0						2006-08-16	16	8	2006	2551201	2551201	PRESERVED_SPECIMEN	Université de Montréal Biodiversity Centre	CMMF	CMMF008965	548	Labrecque, Jacqueline		CC0_1_0	Université de Montréal Biodiversity Centre	Labrecque, Jacqueline			2024-01-24T16:38:18.958Z		INSTITUTION_MATCH_FUZZY;COLLECTION_MATCH_FUZZY;DIFFERENT_OWNER_INSTITUTION
1135070137	21705170-d2b6-42de-8904-c3bca4b83591	CMMF008668	Fungi	Basidiomycota	Agaricomycetes	Russulales	Russulaceae	Russula	Russula paludosa		SPECIES	Russula paludosa Britzelm.	Russula paludosa Britzelm.	Britzelm.	CA	Lac Neigette ouest, Lac-Beauport.	Québec	PRESENT		ff7bd5db-b724-4932-b496-10ea298851f9	46.951979	-71.302702	450.0						2006-06-29	29	6	2006	2551201	2551201	PRESERVED_SPECIMEN	Université de Montréal Biodiversity Centre	CMMF	CMMF008668	248	Labrecque, Jacqueline		CC0_1_0	Université de Montréal Biodiversity Centre	Labrecque, Jacqueline			2024-01-24T16:38:17.988Z	StillImage	INSTITUTION_MATCH_FUZZY;COLLECTION_MATCH_FUZZY;DIFFERENT_OWNER_INSTITUTION
1135069862	21705170-d2b6-42de-8904-c3bca4b83591	CMMF008382	Fungi	Basidiomycota	Agaricomycetes	Russulales	Russulaceae	Russula	Russula paludosa		SPECIES	Russula paludosa Britzelm.	Russula paludosa Britzelm.	Britzelm.	CA	Baie-Comeau	Québec	PRESENT		ff7bd5db-b724-4932-b496-10ea298851f9	49.323333	-68.422333	100.0						2005-09-17	17	9	2005	2551201	2551201	PRESERVED_SPECIMEN	Université de Montréal Biodiversity Centre	CMMF	CMMF008382	C2524	McNeil, Raymond		CC0_1_0	Université de Montréal Biodiversity Centre	McNeil, Raymond			2024-01-24T16:38:17.759Z	StillImage	COORDINATE_ROUNDED;INSTITUTION_MATCH_FUZZY;COLLECTION_MATCH_FUZZY;DIFFERENT_OWNER_INSTITUTION
1135069784	21705170-d2b6-42de-8904-c3bca4b83591	CMMF008324	Fungi	Basidiomycota	Agaricomycetes	Russulales	Russulaceae	Russula	Russula paludosa		SPECIES	Russula paludosa Britzelm.	Russula paludosa Britzelm.	Britzelm.	CA	Parc de la Gaspésie (sortie sud)	Québec	PRESENT		ff7bd5db-b724-4932-b496-10ea298851f9	48.856883	-66.20075	100.0						2013-08-19	19	8	2013	2551201	2551201	PRESERVED_SPECIMEN	Université de Montréal Biodiversity Centre	CMMF	CMMF008324	C4232	McNeil, Raymond		CC0_1_0	Université de Montréal Biodiversity Centre	McNeil, Raymond			2024-01-24T16:38:17.808Z	StillImage	COORDINATE_ROUNDED;INSTITUTION_MATCH_FUZZY;COLLECTION_MATCH_FUZZY;DIFFERENT_OWNER_INSTITUTION
1135069776	21705170-d2b6-42de-8904-c3bca4b83591	CMMF008325	Fungi	Basidiomycota	Agaricomycetes	Russulales	Russulaceae	Russula	Russula paludosa		SPECIES	Russula paludosa Britzelm.	Russula paludosa Britzelm.	Britzelm.	CA	Parc de la Gaspésie (sortie sud)	Québec	PRESENT		ff7bd5db-b724-4932-b496-10ea298851f9	48.856883	-66.20075	100.0						2010-08-10	10	8	2010	2551201	2551201	PRESERVED_SPECIMEN	Université de Montréal Biodiversity Centre	CMMF	CMMF008325	Inexistant	McNeil, Raymond		CC0_1_0	Université de Montréal Biodiversity Centre	McNeil, Raymond			2024-01-24T16:38:17.806Z	StillImage	COORDINATE_ROUNDED;INSTITUTION_MATCH_FUZZY;COLLECTION_MATCH_FUZZY;DIFFERENT_OWNER_INSTITUTION
1135069757	21705170-d2b6-42de-8904-c3bca4b83591	CMMF008292	Fungi	Basidiomycota	Agaricomycetes	Russulales	Russulaceae	Russula	Russula paludosa		SPECIES	Russula paludosa Britzelm.	Russula paludosa Britzelm.	Britzelm.	CA	Parc de la Gaspésie (sortie sud)	Québec	PRESENT		ff7bd5db-b724-4932-b496-10ea298851f9	48.856883	-66.20075	100.0						2008-08-05	5	8	2008	2551201	2551201	PRESERVED_SPECIMEN	Université de Montréal Biodiversity Centre	CMMF	CMMF008292	C3337	McNeil, Raymond		CC0_1_0	Université de Montréal Biodiversity Centre	McNeil, Raymond			2024-01-24T16:38:18.325Z	StillImage	COORDINATE_ROUNDED;INSTITUTION_MATCH_FUZZY;COLLECTION_MATCH_FUZZY;DIFFERENT_OWNER_INSTITUTION
1135069681	21705170-d2b6-42de-8904-c3bca4b83591	CMMF008268	Fungi	Basidiomycota	Agaricomycetes	Russulales	Russulaceae	Russula	Russula paludosa		SPECIES	Russula paludosa Britzelm.	Russula paludosa Britzelm.	Britzelm.	CA	Parc de la Gaspésie (sortie sud)	Québec	PRESENT		ff7bd5db-b724-4932-b496-10ea298851f9	48.856883	-66.20075	100.0						2004-09-05	5	9	2004	2551201	2551201	PRESERVED_SPECIMEN	Université de Montréal Biodiversity Centre	CMMF	CMMF008268	C1973	McNeil, Raymond		CC0_1_0	Université de Montréal Biodiversity Centre	McNeil, Raymond			2024-01-24T16:38:18.305Z	StillImage	COORDINATE_ROUNDED;INSTITUTION_MATCH_FUZZY;COLLECTION_MATCH_FUZZY;DIFFERENT_OWNER_INSTITUTION
1135069630	21705170-d2b6-42de-8904-c3bca4b83591	CMMF008205	Fungi	Basidiomycota	Agaricomycetes	Russulales	Russulaceae	Russula	Russula paludosa		SPECIES	Russula paludosa Britzelm.	Russula paludosa Britzelm.	Britzelm.	CA	Matane	Québec	PRESENT		ff7bd5db-b724-4932-b496-10ea298851f9	48.821667	-67.537667	100.0						1980-08-07	7	8	1980	2551201	2551201	PRESERVED_SPECIMEN	Université de Montréal Biodiversity Centre	CMMF	CMMF008205	750	McNeil, Raymond		CC0_1_0	Université de Montréal Biodiversity Centre	McNeil, Raymond			2024-01-24T16:38:18.350Z	StillImage	COORDINATE_ROUNDED;INSTITUTION_MATCH_FUZZY;COLLECTION_MATCH_FUZZY;DIFFERENT_OWNER_INSTITUTION
1135069490	21705170-d2b6-42de-8904-c3bca4b83591	CMMF008027	Fungi	Basidiomycota	Agaricomycetes	Russulales	Russulaceae	Russula	Russula paludosa		SPECIES	Russula paludosa Britzelm.	Russula paludosa Britzelm.	Britzelm.	CA	Rawdon	Québec	PRESENT		ff7bd5db-b724-4932-b496-10ea298851f9	46.1394	-73.740067	100.0						1982-09-11	11	9	1982	2551201	2551201	PRESERVED_SPECIMEN	Université de Montréal Biodiversity Centre	CMMF	CMMF008027	1425	McNeil, Raymond		CC0_1_0	Université de Montréal Biodiversity Centre	McNeil, Raymond			2024-01-24T16:38:18.080Z	StillImage	COORDINATE_ROUNDED;INSTITUTION_MATCH_FUZZY;COLLECTION_MATCH_FUZZY;DIFFERENT_OWNER_INSTITUTION
1135068377	21705170-d2b6-42de-8904-c3bca4b83591	CMMF006996	Fungi	Basidiomycota	Agaricomycetes	Russulales	Russulaceae	Russula	Russula paludosa		SPECIES	Russula paludosa Britzelm.	Russula paludosa Britzelm.	Britzelm.	CA	Lachute	Québec	PRESENT		ff7bd5db-b724-4932-b496-10ea298851f9	45.66275	-74.241983	100.0						2006-10-03	3	10	2006	2551201	2551201	PRESERVED_SPECIMEN	Université de Montréal Biodiversity Centre	CMMF	CMMF006996	Inexistant	McNeil, Raymond		CC0_1_0	Université de Montréal Biodiversity Centre	McNeil, Raymond			2024-01-24T16:38:19.602Z	StillImage	COORDINATE_ROUNDED;INSTITUTION_MATCH_FUZZY;COLLECTION_MATCH_FUZZY;DIFFERENT_OWNER_INSTITUTION
1135067939	21705170-d2b6-42de-8904-c3bca4b83591	CMMF006522	Fungi	Basidiomycota	Agaricomycetes	Russulales	Russulaceae	Russula	Russula paludosa		SPECIES	Russula paludosa Britzelm.	Russula paludosa Britzelm.	Britzelm.	CA	Saint-Lazare	Québec	PRESENT		ff7bd5db-b724-4932-b496-10ea298851f9	45.393333	-74.215833	100.0						2006-09-16	16	9	2006	2551201	2551201	PRESERVED_SPECIMEN	Université de Montréal Biodiversity Centre	CMMF	CMMF006522	C2952	McNeil, Raymond		CC0_1_0	Université de Montréal Biodiversity Centre	McNeil, Raymond			2024-01-24T16:38:18.365Z	StillImage	COORDINATE_ROUNDED;INSTITUTION_MATCH_FUZZY;COLLECTION_MATCH_FUZZY;DIFFERENT_OWNER_INSTITUTION
