gbifID	datasetKey	occurrenceID	kingdom	phylum	class	order	family	genus	species	infraspecificEpithet	taxonRank	scientificName	verbatimScientificName	verbatimScientificNameAuthorship	countryCode	locality	stateProvince	occurrenceStatus	individualCount	publishingOrgKey	decimalLatitude	decimalLongitude	coordinateUncertaintyInMeters	coordinatePrecision	elevation	elevationAccuracy	depth	depthAccuracy	eventDate	day	month	year	taxonKey	speciesKey	basisOfRecord	institutionCode	collectionCode	catalogNumber	recordNumber	identifiedBy	dateIdentified	license	rightsHolder	recordedBy	typeStatus	establishmentMeans	lastInterpreted	mediaType	issue
694160436	d7cfd2ed-8af4-427f-a16e-eb66b7e2c419	33219	Fungi	Basidiomycota	Agaricomycetes	Cantharellales	Hydnaceae	Hydnum	Hydnum repandum		SPECIES	Hydnum repandum L.	Hydnum repandum L.	L.	CA	Algonquin Provincial Park, Brewer Lake	Ontario	PRESENT		ff418020-1d67-11d9-8435-b8a03c50a862	45.589687	-78.306727	635.0						1939-08-26	26	8	1939	2554716	2554716	PRESERVED_SPECIMEN	Royal Ontario Museum	TRTC	TRTC015445		Cain, R.F.		CC0_1_0	Royal Ontario Museum	Cain, R.F.;			2024-01-25T00:59:39.885Z		COORDINATE_ROUNDED;AMBIGUOUS_INSTITUTION
694160435	d7cfd2ed-8af4-427f-a16e-eb66b7e2c419	33218	Fungi	Basidiomycota	Agaricomycetes	Cantharellales	Hydnaceae	Hydnum	Hydnum repandum		SPECIES	Hydnum repandum L.	Hydnum repandum L.	L.	CA	Petawawa Forest Experimental Station	Ontario	PRESENT		ff418020-1d67-11d9-8435-b8a03c50a862	46.00829	-77.421513	958.0						1947-09-01	1	9	1947	2554716	2554716	PRESERVED_SPECIMEN	Royal Ontario Museum	TRTC	TRTC163672		Groves, J.W.		CC0_1_0	Royal Ontario Museum	Groves, J.W.;			2024-01-25T00:59:39.885Z		COORDINATE_ROUNDED;AMBIGUOUS_INSTITUTION
694160433	d7cfd2ed-8af4-427f-a16e-eb66b7e2c419	33216	Fungi	Basidiomycota	Agaricomycetes	Cantharellales	Hydnaceae	Hydnum	Hydnum repandum		SPECIES	Hydnum repandum L.	Hydnum repandum L.	L.	CA	Algonquin Provincial Park, Costello Lake	Ontario	PRESENT		ff418020-1d67-11d9-8435-b8a03c50a862	45.597645	-78.32149	648.0						1958-09-08	8	9	1958	2554716	2554716	PRESERVED_SPECIMEN	Royal Ontario Museum	TRTC	TRTC034052		Cain, R.F.		CC0_1_0	Royal Ontario Museum	Cain, R.F.;			2024-01-25T00:59:39.879Z		COORDINATE_ROUNDED;AMBIGUOUS_INSTITUTION
694160429	d7cfd2ed-8af4-427f-a16e-eb66b7e2c419	33212	Fungi	Basidiomycota	Agaricomycetes	Cantharellales	Hydnaceae	Hydnum	Hydnum repandum		SPECIES	Hydnum repandum L.	Hydnum repandum L.	L.	CA	10 mi S of Dorset, Hwy 35	Ontario	PRESENT		ff418020-1d67-11d9-8435-b8a03c50a862	45.118115	-78.814545	12934.0						1961-09-08	8	9	1961	2554716	2554716	PRESERVED_SPECIMEN	Royal Ontario Museum	TRTC	TRTC044090		Ottonen, B.		CC0_1_0	Royal Ontario Museum	Ottonen, B.;			2024-01-25T00:59:39.881Z		COORDINATE_ROUNDED;AMBIGUOUS_INSTITUTION
694160427	d7cfd2ed-8af4-427f-a16e-eb66b7e2c419	33210	Fungi	Basidiomycota	Agaricomycetes	Cantharellales	Hydnaceae	Hydnum	Hydnum repandum		SPECIES	Hydnum repandum L.	Hydnum repandum L.	L.	CA	University of Toronto Forest	Ontario	PRESENT		ff418020-1d67-11d9-8435-b8a03c50a862	45.183005	-78.85025	7575.0						1963-09-13	13	9	1963	2554716	2554716	PRESERVED_SPECIMEN	Royal Ontario Museum	TRTC	TRTC040508		Cain, R.F.		CC0_1_0	Royal Ontario Museum	Cain, R.F.;			2024-01-25T00:59:39.883Z		COORDINATE_ROUNDED;AMBIGUOUS_INSTITUTION
694160426	d7cfd2ed-8af4-427f-a16e-eb66b7e2c419	33209	Fungi	Basidiomycota	Agaricomycetes	Cantharellales	Hydnaceae	Hydnum	Hydnum repandum		SPECIES	Hydnum repandum L.	Hydnum repandum L.	L.	CA	Algonquin Provincial Park, Sasejewun Lake	Ontario	PRESENT		ff418020-1d67-11d9-8435-b8a03c50a862	45.594732	-78.523579	737.0						1965-10-23	23	10	1965	2554716	2554716	PRESERVED_SPECIMEN	Royal Ontario Museum	TRTC	TRTC042987		Cain, R.F.		CC0_1_0	Royal Ontario Museum	Cain, R.F.;			2024-01-25T00:59:39.895Z		COORDINATE_ROUNDED;AMBIGUOUS_INSTITUTION
694159879	d7cfd2ed-8af4-427f-a16e-eb66b7e2c419	32494	Fungi	Basidiomycota	Agaricomycetes	Cantharellales	Hydnaceae	Hydnum	Hydnum repandum		SPECIES	Hydnum repandum L.	Hydnum repandum L.	L.	CA	University of Toronto Forest	Ontario	PRESENT		ff418020-1d67-11d9-8435-b8a03c50a862	45.183005	-78.85025	7575.0						1962-09-06	6	9	1962	2554716	2554716	PRESERVED_SPECIMEN	Royal Ontario Museum	TRTC	TRTC163668		Mirza, J.H.		CC0_1_0	Royal Ontario Museum	Mirza, J.H.;			2024-01-25T00:59:40.811Z		COORDINATE_ROUNDED;AMBIGUOUS_INSTITUTION
694159878	d7cfd2ed-8af4-427f-a16e-eb66b7e2c419	32493	Fungi	Basidiomycota	Agaricomycetes	Cantharellales	Hydnaceae	Hydnum	Hydnum repandum		SPECIES	Hydnum repandum L.	Hydnum repandum L.	L.	CA	University of Toronto Forest	Ontario	PRESENT		ff418020-1d67-11d9-8435-b8a03c50a862	45.183005	-78.85025	7575.0						1967-09		9	1967	2554716	2554716	PRESERVED_SPECIMEN	Royal Ontario Museum	TRTC	TRTC050080		Cain, R.F.		CC0_1_0	Royal Ontario Museum	Cain, R.F.;			2024-01-25T00:59:40.805Z		COORDINATE_ROUNDED;AMBIGUOUS_INSTITUTION
694159877	d7cfd2ed-8af4-427f-a16e-eb66b7e2c419	32492	Fungi	Basidiomycota	Agaricomycetes	Cantharellales	Hydnaceae	Hydnum	Hydnum repandum		SPECIES	Hydnum repandum L.	Hydnum repandum L.	L.	CA	University of Toronto Forest	Ontario	PRESENT		ff418020-1d67-11d9-8435-b8a03c50a862	45.183005	-78.85025	7575.0						1965-09-17	17	9	1965	2554716	2554716	PRESERVED_SPECIMEN	Royal Ontario Museum	TRTC	TRTC044773		Cain, R.F.		CC0_1_0	Royal Ontario Museum	Cain, R.F.;			2024-01-25T00:59:40.805Z		COORDINATE_ROUNDED;AMBIGUOUS_INSTITUTION
694159876	d7cfd2ed-8af4-427f-a16e-eb66b7e2c419	32490	Fungi	Basidiomycota	Agaricomycetes	Cantharellales	Hydnaceae	Hydnum	Hydnum repandum		SPECIES	Hydnum repandum L.	Hydnum repandum L.	L.	CA	Algonquin Provincial Park, Zenobia Creek	Ontario	PRESENT		ff418020-1d67-11d9-8435-b8a03c50a862	45.625796	-78.411848	190.0						1954-09-20	20	9	1954	2554716	2554716	PRESERVED_SPECIMEN	Royal Ontario Museum	TRTC	TRTC030541		Cain, R.F.		CC0_1_0	Royal Ontario Museum	Cain, R.F.;			2024-01-25T00:59:40.808Z		COORDINATE_ROUNDED;AMBIGUOUS_INSTITUTION
694159875	d7cfd2ed-8af4-427f-a16e-eb66b7e2c419	32489	Fungi	Basidiomycota	Agaricomycetes	Cantharellales	Hydnaceae	Hydnum	Hydnum repandum		SPECIES	Hydnum repandum L.	Hydnum repandum L.	L.	CA	Algonquin Provincial Park, Sproule Lake Portage	Ontario	PRESENT		ff418020-1d67-11d9-8435-b8a03c50a862	45.634026	-78.369083	1347.0						1954-09-17	17	9	1954	2554716	2554716	PRESERVED_SPECIMEN	Royal Ontario Museum	TRTC	TRTC030244		Cain, R.F.		CC0_1_0	Royal Ontario Museum	Cain, R.F.;			2024-01-25T00:59:40.817Z		COORDINATE_ROUNDED;AMBIGUOUS_INSTITUTION
617554904	21705170-d2b6-42de-8904-c3bca4b83591	CMMF000569	Fungi	Basidiomycota	Agaricomycetes	Cantharellales	Hydnaceae	Hydnum	Hydnum repandum	album	VARIETY	Hydnum repandum var. album (Quél.) Rea	Hydnum repandum var. album (Quél.) Rea	(Quél.) Rea	CA	Laval	Québec	PRESENT		ff7bd5db-b724-4932-b496-10ea298851f9	45.609608	-73.705867	17500.0						1989-07-12	12	7	1989	7955169	2554716	PRESERVED_SPECIMEN	Université de Montréal Biodiversity Centre	CMMF	CMMF000569		Lamoureux, Yves		CC0_1_0	Université de Montréal Biodiversity Centre	Lamoureux, Yves			2024-01-24T16:38:20.076Z	StillImage	INSTITUTION_MATCH_FUZZY;COLLECTION_MATCH_FUZZY;DIFFERENT_OWNER_INSTITUTION
617552215	21705170-d2b6-42de-8904-c3bca4b83591	CMMF003057	Fungi	Basidiomycota	Agaricomycetes	Cantharellales	Hydnaceae	Hydnum	Hydnum repandum		SPECIES	Hydnum repandum L.	Hydnum repandum L.	L.	CA	La Prairie	Québec	PRESENT		ff7bd5db-b724-4932-b496-10ea298851f9	45.409313	-73.471076	4000.0						1997-08-04	4	8	1997	2554716	2554716	PRESERVED_SPECIMEN	Université de Montréal Biodiversity Centre	CMMF	CMMF003057		Lamoureux, Yves		CC0_1_0	Université de Montréal Biodiversity Centre	Lamoureux, Yves			2024-01-24T16:38:16.664Z	StillImage	INSTITUTION_MATCH_FUZZY;COLLECTION_MATCH_FUZZY;DIFFERENT_OWNER_INSTITUTION
617551793	21705170-d2b6-42de-8904-c3bca4b83591	CMMF002863	Fungi	Basidiomycota	Agaricomycetes	Cantharellales	Hydnaceae	Hydnum	Hydnum repandum	album	VARIETY	Hydnum repandum var. album (Quél.) Rea	Hydnum repandum var. album (Quél.) Rea	(Quél.) Rea	CA	Mont-Saint-Hilaire	Québec	PRESENT		ff7bd5db-b724-4932-b496-10ea298851f9	45.569155	-73.169757	7000.0						1996-08-03	3	8	1996	7955169	2554716	PRESERVED_SPECIMEN	Université de Montréal Biodiversity Centre	CMMF	CMMF002863		Lamoureux, Yves		CC0_1_0	Université de Montréal Biodiversity Centre	Lamoureux, Yves			2024-01-24T16:38:20.654Z	StillImage	INSTITUTION_MATCH_FUZZY;COLLECTION_MATCH_FUZZY;DIFFERENT_OWNER_INSTITUTION
617548034	21705170-d2b6-42de-8904-c3bca4b83591	CMMF000123	Fungi	Basidiomycota	Agaricomycetes	Cantharellales	Hydnaceae	Hydnum	Hydnum repandum		SPECIES	Hydnum repandum L.	Hydnum repandum L.	L.	CA	L'Assomption	Québec	PRESENT		ff7bd5db-b724-4932-b496-10ea298851f9	45.864396	-73.439575	9000.0						1988-07-30	30	7	1988	2554716	2554716	PRESERVED_SPECIMEN	Université de Montréal Biodiversity Centre	CMMF	CMMF000123		Lamoureux, Yves		CC0_1_0	Université de Montréal Biodiversity Centre	Lamoureux, Yves			2024-01-24T16:38:20.522Z	StillImage	INSTITUTION_MATCH_FUZZY;COLLECTION_MATCH_FUZZY;DIFFERENT_OWNER_INSTITUTION
4945566775	50c9509d-22c7-4a22-a47d-8c48425ef4a7	https://www.inaturalist.org/observations/240924125	Fungi	Basidiomycota	Agaricomycetes	Cantharellales	Hydnaceae	Hydnum	Hydnum repandum		SPECIES	Hydnum repandum L.	Hydnum repandum		CA		Québec	PRESENT		28eb1a3f-1c15-4a95-931a-4af90ecb574d	45.655931	-75.672714	8.0						2024-09-10T09:12:08	10	9	2024	2554716	2554716	HUMAN_OBSERVATION	iNaturalist	Observations	240924125		Anthony Gaston	2024-09-10T13:13:38	CC_BY_NC_4_0	Anthony Gaston	Anthony Gaston			2025-01-14T12:51:15.030Z	StillImage	COORDINATE_ROUNDED;CONTINENT_DERIVED_FROM_COORDINATES;TAXON_MATCH_TAXON_ID_IGNORED
4937147371	50c9509d-22c7-4a22-a47d-8c48425ef4a7	https://www.inaturalist.org/observations/237531177	Fungi	Basidiomycota	Agaricomycetes	Cantharellales	Hydnaceae	Hydnum	Hydnum repandum		SPECIES	Hydnum repandum L.	Hydnum repandum		CA		New Brunswick	PRESENT		28eb1a3f-1c15-4a95-931a-4af90ecb574d	45.587822	-65.112122							2024-08-23T09:48:41	23	8	2024	2554716	2554716	HUMAN_OBSERVATION	iNaturalist	Observations	237531177		Ben Andrews	2024-08-23T21:17:11	CC_BY_NC_4_0	Ben Andrews	Ben Andrews			2025-01-14T13:42:58.643Z	StillImage	COORDINATE_ROUNDED;CONTINENT_DERIVED_FROM_COORDINATES;TAXON_MATCH_TAXON_ID_IGNORED
4599844342	50c9509d-22c7-4a22-a47d-8c48425ef4a7	https://www.inaturalist.org/observations/200387530	Fungi	Basidiomycota	Agaricomycetes	Cantharellales	Hydnaceae	Hydnum	Hydnum repandum		SPECIES	Hydnum repandum L.	Hydnum repandum		CA		Québec	PRESENT		28eb1a3f-1c15-4a95-931a-4af90ecb574d	46.927822	-71.191309	31.0						2023-08-12	12	8	2023	2554716	2554716	HUMAN_OBSERVATION	iNaturalist	Observations	200387530		Christian Grenier	2024-02-25T12:49:11	CC_BY_NC_4_0	Christian Grenier	Christian Grenier			2025-01-14T13:37:29.424Z	StillImage	COORDINATE_ROUNDED;CONTINENT_DERIVED_FROM_COORDINATES;TAXON_MATCH_TAXON_ID_IGNORED
4414256693	50c9509d-22c7-4a22-a47d-8c48425ef4a7	https://www.inaturalist.org/observations/183790423	Fungi	Basidiomycota	Agaricomycetes	Cantharellales	Hydnaceae	Hydnum	Hydnum repandum		SPECIES	Hydnum repandum L.	Hydnum repandum		CA		Ontario	PRESENT		28eb1a3f-1c15-4a95-931a-4af90ecb574d	45.634033	-78.725625	4.0						2023-09-16T16:48:30	16	9	2023	2554716	2554716	HUMAN_OBSERVATION	iNaturalist	Observations	183790423		dmreid	2023-09-18T02:38:01	CC_BY_NC_4_0	dmreid	dmreid			2025-01-14T12:42:28.674Z	StillImage	COORDINATE_ROUNDED;CONTINENT_DERIVED_FROM_COORDINATES;TAXON_MATCH_TAXON_ID_IGNORED
4177167279	50c9509d-22c7-4a22-a47d-8c48425ef4a7	https://www.inaturalist.org/observations/177907940	Fungi	Basidiomycota	Agaricomycetes	Cantharellales	Hydnaceae	Hydnum	Hydnum repandum		SPECIES	Hydnum repandum L.	Hydnum repandum		CA		Québec	PRESENT		28eb1a3f-1c15-4a95-931a-4af90ecb574d	45.538643	-75.81398	71.0						2023-08-11T19:24:49	11	8	2023	2554716	2554716	HUMAN_OBSERVATION	iNaturalist	Observations	177907940		Guglielmo	2023-08-11T23:25:21	CC_BY_NC_4_0	Guglielmo	Guglielmo			2025-01-14T13:28:20.715Z	StillImage	COORDINATE_ROUNDED;CONTINENT_DERIVED_FROM_COORDINATES;TAXON_MATCH_TAXON_ID_IGNORED
4166424123	695cef75-b65f-4776-b2ed-74565eebb16e	02-01000915558	Fungi	Basidiomycota	Agaricomycetes	Cantharellales	Hydnaceae	Hydnum	Hydnum repandum		SPECIES	Dentinum repandum (L.) Gray	Dentinum repandum	(L.) Gray	CA	Pointe-aux-Outardes, Pointe du Bout	Quebec	PRESENT		055bd978-2daa-4543-b3f0-44e0e87e86ca	49.466667	-68.416667											2554722	2554716	PRESERVED_SPECIMEN	AAFC	DAOM	190580		Y. Dalpé		CC_BY_4_0	©His Majesty the King in Right of Canada, as represented by the Minister of Agriculture and Agri-Food	Y. Dalpé 895			2025-01-12T05:11:16.338Z		GEODETIC_DATUM_ASSUMED_WGS84;CONTINENT_DERIVED_FROM_COORDINATES;TAXON_MATCH_TAXON_ID_IGNORED;INSTITUTION_MATCH_FUZZY
4166424120	695cef75-b65f-4776-b2ed-74565eebb16e	02-01000915539	Fungi	Basidiomycota	Agaricomycetes	Cantharellales	Hydnaceae	Hydnum	Hydnum repandum		SPECIES	Dentinum repandum (L.) Gray	Dentinum repandum var. repandum	(L.) Gray	CA	Canisbay Campground	Ontario	PRESENT		055bd978-2daa-4543-b3f0-44e0e87e86ca	45.572222	-78.591667							1975-08-23	23	8	1975	2554722	2554716	PRESERVED_SPECIMEN	AAFC	DAOM	186636		J.F. Ammirati		CC_BY_4_0	©His Majesty the King in Right of Canada, as represented by the Minister of Agriculture and Agri-Food	Paul Johnson			2025-01-12T05:11:16.337Z		GEODETIC_DATUM_ASSUMED_WGS84;CONTINENT_DERIVED_FROM_COORDINATES;TAXON_MATCH_HIGHERRANK;TAXON_MATCH_TAXON_ID_IGNORED;INSTITUTION_MATCH_FUZZY
4162411865	50c9509d-22c7-4a22-a47d-8c48425ef4a7	https://www.inaturalist.org/observations/173401790	Fungi	Basidiomycota	Agaricomycetes	Cantharellales	Hydnaceae	Hydnum	Hydnum repandum		SPECIES	Hydnum repandum L.	Hydnum repandum		CA		Ontario	PRESENT		28eb1a3f-1c15-4a95-931a-4af90ecb574d	45.172617	-78.829851	122.0						2021-09-05T21:51	5	9	2021	2554716	2554716	HUMAN_OBSERVATION	iNaturalist	Observations	173401790		Jan Thornhill	2023-07-17T12:55:34	CC_BY_NC_4_0	Jan Thornhill	Jan Thornhill			2025-01-14T13:31:15.829Z	StillImage	COORDINATE_ROUNDED;CONTINENT_DERIVED_FROM_COORDINATES;TAXON_MATCH_TAXON_ID_IGNORED
4063014510	50c9509d-22c7-4a22-a47d-8c48425ef4a7	https://www.inaturalist.org/observations/140834032	Fungi	Basidiomycota	Agaricomycetes	Cantharellales	Hydnaceae	Hydnum	Hydnum repandum		SPECIES	Hydnum washingtonianum Ellis & Everh.	Hydnum washingtonianum		CA		New Brunswick	PRESENT		28eb1a3f-1c15-4a95-931a-4af90ecb574d	46.898567	-65.365967	11.0						2019-09-16T11:21	16	9	2019	2554720	2554716	HUMAN_OBSERVATION	iNaturalist	Observations	140834032		Alfredo Justo	2022-11-02T01:08:02	CC_BY_NC_4_0	Alfredo Justo	Alfredo Justo			2025-01-14T13:26:02.664Z	StillImage	COORDINATE_ROUNDED;CONTINENT_DERIVED_FROM_COORDINATES;TAXON_MATCH_TAXON_ID_IGNORED
4039351744	50c9509d-22c7-4a22-a47d-8c48425ef4a7	https://www.inaturalist.org/observations/138058132	Fungi	Basidiomycota	Agaricomycetes	Cantharellales	Hydnaceae	Hydnum	Hydnum repandum		SPECIES	Hydnum washingtonianum Ellis & Everh.	Hydnum washingtonianum		CA		New Brunswick	PRESENT		28eb1a3f-1c15-4a95-931a-4af90ecb574d	46.798489	-66.466719	16.0						2022-10-05T11:13	5	10	2022	2554720	2554716	HUMAN_OBSERVATION	iNaturalist	Observations	138058132		Alfredo Justo	2022-10-09T00:57:01	CC_BY_NC_4_0	Alfredo Justo	Alfredo Justo			2025-01-14T12:33:06.556Z	StillImage	COORDINATE_ROUNDED;CONTINENT_DERIVED_FROM_COORDINATES;TAXON_MATCH_TAXON_ID_IGNORED
4039235520	50c9509d-22c7-4a22-a47d-8c48425ef4a7	https://www.inaturalist.org/observations/138055324	Fungi	Basidiomycota	Agaricomycetes	Cantharellales	Hydnaceae	Hydnum	Hydnum repandum		SPECIES	Hydnum washingtonianum Ellis & Everh.	Hydnum washingtonianum		CA		New Brunswick	PRESENT		28eb1a3f-1c15-4a95-931a-4af90ecb574d	46.799981	-66.464767	26.0						2022-10-05T09:19	5	10	2022	2554720	2554716	HUMAN_OBSERVATION	iNaturalist	Observations	138055324		Alfredo Justo	2022-10-09T00:27:37	CC_BY_NC_4_0	Alfredo Justo	Alfredo Justo			2025-01-14T13:18:19.121Z	StillImage	COORDINATE_ROUNDED;CONTINENT_DERIVED_FROM_COORDINATES;TAXON_MATCH_TAXON_ID_IGNORED
4028699749	50c9509d-22c7-4a22-a47d-8c48425ef4a7	https://www.inaturalist.org/observations/136870877	Fungi	Basidiomycota	Agaricomycetes	Cantharellales	Hydnaceae	Hydnum	Hydnum repandum		SPECIES	Hydnum washingtonianum Ellis & Everh.	Hydnum washingtonianum		CA		New Brunswick	PRESENT		28eb1a3f-1c15-4a95-931a-4af90ecb574d	45.622125	-65.059625	8105.0						2022-09-27T13:33	27	9	2022	2554720	2554716	HUMAN_OBSERVATION	iNaturalist	Observations	136870877		Alfredo Justo	2022-09-29T01:30:39	CC_BY_NC_4_0	Alfredo Justo	Alfredo Justo			2025-01-14T13:25:35.116Z	StillImage	CONTINENT_DERIVED_FROM_COORDINATES;TAXON_MATCH_TAXON_ID_IGNORED
3966405860	50c9509d-22c7-4a22-a47d-8c48425ef4a7	https://www.inaturalist.org/observations/141656613	Fungi	Basidiomycota	Agaricomycetes	Cantharellales	Hydnaceae	Hydnum	Hydnum repandum		SPECIES	Hydnum washingtonianum Ellis & Everh.	Hydnum washingtonianum		CA		New Brunswick	PRESENT		28eb1a3f-1c15-4a95-931a-4af90ecb574d	45.489186	-65.306472	38.0						2021-09-25T14:07	25	9	2021	2554720	2554716	HUMAN_OBSERVATION	iNaturalist	Observations	141656613		Alfredo Justo	2022-11-11T01:00:30	CC_BY_NC_4_0	Alfredo Justo	Alfredo Justo			2025-01-14T13:19:01.363Z	StillImage	COORDINATE_ROUNDED;CONTINENT_DERIVED_FROM_COORDINATES;TAXON_MATCH_TAXON_ID_IGNORED
3961105622	50c9509d-22c7-4a22-a47d-8c48425ef4a7	https://www.inaturalist.org/observations/137585662	Fungi	Basidiomycota	Agaricomycetes	Cantharellales	Hydnaceae	Hydnum	Hydnum repandum		SPECIES	Hydnum repandum L.	Hydnum repandum		CA		Québec	PRESENT		28eb1a3f-1c15-4a95-931a-4af90ecb574d	45.464012	-72.85872	5.0						2022-10-04T10:38:45	4	10	2022	2554716	2554716	HUMAN_OBSERVATION	iNaturalist	Observations	137585662		vincent_dumontier	2022-10-05T00:27:54	CC_BY_NC_4_0	vincent_dumontier	vincent_dumontier			2025-01-14T12:32:34.850Z	StillImage	COORDINATE_ROUNDED;CONTINENT_DERIVED_FROM_COORDINATES;TAXON_MATCH_TAXON_ID_IGNORED
3903253840	50c9509d-22c7-4a22-a47d-8c48425ef4a7	https://www.inaturalist.org/observations/132422679	Fungi	Basidiomycota	Agaricomycetes	Cantharellales	Hydnaceae	Hydnum	Hydnum repandum		SPECIES	Hydnum washingtonianum Ellis & Everh.	Hydnum washingtonianum		CA		New Brunswick	PRESENT		28eb1a3f-1c15-4a95-931a-4af90ecb574d	47.444398	-66.374518	53046.0						2022-08-26T12:38:42	26	8	2022	2554720	2554716	HUMAN_OBSERVATION	iNaturalist	Observations	132422679		Alfredo Justo	2022-08-26T16:20:35	CC_BY_NC_4_0	roachiecanada	roachiecanada			2025-01-14T13:25:06.664Z	StillImage	COORDINATE_ROUNDED;CONTINENT_DERIVED_FROM_COORDINATES;TAXON_MATCH_TAXON_ID_IGNORED
3903011892	50c9509d-22c7-4a22-a47d-8c48425ef4a7	https://www.inaturalist.org/observations/132689309	Fungi	Basidiomycota	Agaricomycetes	Cantharellales	Hydnaceae	Hydnum	Hydnum repandum		SPECIES	Hydnum repandum L.	Hydnum repandum		CA		Québec	PRESENT		28eb1a3f-1c15-4a95-931a-4af90ecb574d	45.418036	-75.836852	391.0						2022-08-27T13:42	27	8	2022	2554716	2554716	HUMAN_OBSERVATION	iNaturalist	Observations	132689309		L Joan Heyding	2022-08-28T21:06:42	CC_BY_NC_4_0	L Joan Heyding	L Joan Heyding			2025-01-14T13:25:28.990Z	StillImage	COORDINATE_ROUNDED;CONTINENT_DERIVED_FROM_COORDINATES;TAXON_MATCH_TAXON_ID_IGNORED
3902140201	50c9509d-22c7-4a22-a47d-8c48425ef4a7	https://www.inaturalist.org/observations/130144292	Fungi	Basidiomycota	Agaricomycetes	Cantharellales	Hydnaceae	Hydnum	Hydnum repandum		SPECIES	Hydnum repandum L.	Hydnum repandum		CA		Québec	PRESENT		28eb1a3f-1c15-4a95-931a-4af90ecb574d	45.042664	-72.821181	238.0						2022-08-09T10:37:47	9	8	2022	2554716	2554716	HUMAN_OBSERVATION	iNaturalist	Observations	130144292		l_bienvenue	2022-08-09T18:51:10	CC_BY_NC_4_0	l_bienvenue	l_bienvenue			2025-01-14T12:31:35.958Z	StillImage	COORDINATE_ROUNDED;CONTINENT_DERIVED_FROM_COORDINATES;TAXON_MATCH_TAXON_ID_IGNORED
3892398968	50c9509d-22c7-4a22-a47d-8c48425ef4a7	https://www.inaturalist.org/observations/130674241	Fungi	Basidiomycota	Agaricomycetes	Cantharellales	Hydnaceae	Hydnum	Hydnum repandum		SPECIES	Hydnum repandum L.	Hydnum repandum		CA		Québec	PRESENT		28eb1a3f-1c15-4a95-931a-4af90ecb574d	45.899675	-74.249176	5016.0						2022-08-13T15:20:57	13	8	2022	2554716	2554716	HUMAN_OBSERVATION	iNaturalist	Observations	130674241		Frederic Desmeules	2022-08-14T01:19:54	CC_BY_NC_4_0	sylvaininthecity	sylvaininthecity			2025-01-14T13:25:13.030Z	StillImage	COORDINATE_ROUNDED;CONTINENT_DERIVED_FROM_COORDINATES;TAXON_MATCH_TAXON_ID_IGNORED
3407989602	50c9509d-22c7-4a22-a47d-8c48425ef4a7	https://www.inaturalist.org/observations/99097999	Fungi	Basidiomycota	Agaricomycetes	Cantharellales	Hydnaceae	Hydnum	Hydnum repandum		SPECIES	Hydnum repandum L.	Hydnum repandum		CA		Nova Scotia	PRESENT		28eb1a3f-1c15-4a95-931a-4af90ecb574d	45.496302	-64.478143	78.0						2021-10-17T12:10	17	10	2021	2554716	2554716	HUMAN_OBSERVATION	iNaturalist	Observations	99097999		Ulrika Elfberg	2021-10-30T15:35:35	CC_BY_NC_4_0	Ben	Ben			2025-01-14T12:23:04.595Z	StillImage	COORDINATE_ROUNDED;CONTINENT_DERIVED_FROM_COORDINATES;TAXON_MATCH_TAXON_ID_IGNORED
1990311179	032f1fbe-d21f-407d-be46-5cd1bb1ea397	08dd9e75-a34f-49a8-8d44-e0417f7e2404	Fungi	Basidiomycota	Agaricomycetes	Cantharellales	Hydnaceae	Hydnum	Hydnum repandum		SPECIES	Hydnum repandum L.	Hydnum repandum	L.	CA	Alton, Moore's Falls	Nova Scotia	PRESENT		61c539d8-47e0-4b82-875f-b95aad66dcd4	45.034722	-64.505556							1973-09-04	4	9	1973	2554716	2554716	PRESERVED_SPECIMEN	TENN-F		TENN-F-038181	NS38181			CC0_1_0		Pearman			2025-01-12T10:33:50.940Z		COORDINATE_ROUNDED;GEODETIC_DATUM_ASSUMED_WGS84;CONTINENT_DERIVED_FROM_COORDINATES;TAXON_MATCH_TAXON_ID_IGNORED;INSTITUTION_MATCH_NONE
1990311044	032f1fbe-d21f-407d-be46-5cd1bb1ea397	2de2b5cf-d895-4fa9-b422-788c609b98d0	Fungi	Basidiomycota	Agaricomycetes	Cantharellales	Hydnaceae	Hydnum	Hydnum repandum		SPECIES	Hydnum repandum L.	Hydnum repandum	L.	CA	Melanson, Melanson	Nova Scotia	PRESENT		61c539d8-47e0-4b82-875f-b95aad66dcd4	45.063889	-64.309722							1973-09-01	1	9	1973	2554716	2554716	PRESERVED_SPECIMEN	TENN-F		TENN-F-038081	RHP38081			CC0_1_0		R.H. Petersen			2025-01-12T10:33:51.449Z		COORDINATE_ROUNDED;GEODETIC_DATUM_ASSUMED_WGS84;CONTINENT_DERIVED_FROM_COORDINATES;TAXON_MATCH_TAXON_ID_IGNORED;INSTITUTION_MATCH_NONE
1990311032	032f1fbe-d21f-407d-be46-5cd1bb1ea397	b93a82c3-e64e-49e9-8bf5-63ffdf586663	Fungi	Basidiomycota	Agaricomycetes	Cantharellales	Hydnaceae	Hydnum	Hydnum repandum		SPECIES	Hydnum repandum L.	Hydnum repandum	L.	CA	Baxter's Harbor, Black Hole, Near Baxter's Harbor	Nova Scotia	PRESENT		61c539d8-47e0-4b82-875f-b95aad66dcd4	45.233333	-64.494444							1973-08-30	30	8	1973	2554716	2554716	PRESERVED_SPECIMEN	TENN-F		TENN-F-038071	NS38071			CC0_1_0		K. Harrison			2025-01-12T10:33:51.532Z		COORDINATE_ROUNDED;GEODETIC_DATUM_ASSUMED_WGS84;CONTINENT_DERIVED_FROM_COORDINATES;TAXON_MATCH_TAXON_ID_IGNORED;INSTITUTION_MATCH_NONE
1990310994	032f1fbe-d21f-407d-be46-5cd1bb1ea397	055fbd6b-4302-425b-8df7-77519719bf6b	Fungi	Basidiomycota	Agaricomycetes	Cantharellales	Hydnaceae	Hydnum	Hydnum repandum		SPECIES	Hydnum repandum L.	Hydnum repandum	L.	CA	Baxter's Harbor, Black Hole, Near Baxter's Harbor	Nova Scotia	PRESENT		61c539d8-47e0-4b82-875f-b95aad66dcd4	45.233333	-64.494444							1973-08-30	30	8	1973	2554716	2554716	PRESERVED_SPECIMEN	TENN-F		TENN-F-038072	NS38072			CC0_1_0		K. Harrison			2025-01-12T10:33:51.483Z		COORDINATE_ROUNDED;GEODETIC_DATUM_ASSUMED_WGS84;CONTINENT_DERIVED_FROM_COORDINATES;TAXON_MATCH_TAXON_ID_IGNORED;INSTITUTION_MATCH_NONE
1990310934	032f1fbe-d21f-407d-be46-5cd1bb1ea397	a2b681e0-de85-4d92-88ba-525ce5f2ea66	Fungi	Basidiomycota	Agaricomycetes	Cantharellales	Hydnaceae	Hydnum	Hydnum repandum		SPECIES	Hydnum repandum L.	Hydnum repandum	L.	CA	Scots Bay, Cape Split	Nova Scotia	PRESENT		61c539d8-47e0-4b82-875f-b95aad66dcd4	45.326389	-64.438889							1973-08-29	29	8	1973	2554716	2554716	PRESERVED_SPECIMEN	TENN-F		TENN-F-037931	NS37931			CC0_1_0					2025-01-12T10:33:51.314Z		COORDINATE_ROUNDED;GEODETIC_DATUM_ASSUMED_WGS84;CONTINENT_DERIVED_FROM_COORDINATES;TAXON_MATCH_TAXON_ID_IGNORED;INSTITUTION_MATCH_NONE
1990310906	032f1fbe-d21f-407d-be46-5cd1bb1ea397	3a93e554-8ed4-47d9-8bf1-5cdba2fb39a1	Fungi	Basidiomycota	Agaricomycetes	Cantharellales	Hydnaceae	Hydnum	Hydnum repandum		SPECIES	Hydnum repandum L.	Hydnum repandum	L.	CA	Scots Bay, Cape Split	Nova Scotia	PRESENT		61c539d8-47e0-4b82-875f-b95aad66dcd4	45.326389	-64.438889							1973-08-29	29	8	1973	2554716	2554716	PRESERVED_SPECIMEN	TENN-F		TENN-F-037930	NS37930			CC0_1_0					2025-01-12T10:33:51.312Z		COORDINATE_ROUNDED;GEODETIC_DATUM_ASSUMED_WGS84;CONTINENT_DERIVED_FROM_COORDINATES;TAXON_MATCH_TAXON_ID_IGNORED;INSTITUTION_MATCH_NONE
1807259763	e8a25a42-f125-476c-8554-3ec21cd51a84	ACAD:116487	Fungi	Basidiomycota	Agaricomycetes	Cantharellales	Hydnaceae	Hydnum	Hydnum repandum		SPECIES	Hydnum repandum L.	Hydnum repandum	L., 1753	CA	Fredericton	New Brunswick	PRESENT		6491ad8c-8e49-4bd4-a089-0ddb3bbe0890	45.945278	-66.666667							1959-09-05	5	9	1959	2554716	2554716	PRESERVED_SPECIMEN	Acadia University	ACAD	4376F	4376			CC0_1_0	Acadia University	Congress			2024-01-25T01:37:04.952Z	StillImage	COORDINATE_ROUNDED;GEODETIC_DATUM_INVALID;GEODETIC_DATUM_ASSUMED_WGS84;TAXON_MATCH_TAXON_ID_IGNORED;INSTITUTION_MATCH_FUZZY;COLLECTION_MATCH_FUZZY
1807259757	e8a25a42-f125-476c-8554-3ec21cd51a84	ACAD:116488	Fungi	Basidiomycota	Agaricomycetes	Cantharellales	Hydnaceae	Hydnum	Hydnum repandum		SPECIES	Hydnum repandum L.	Hydnum repandum	L., 1753	CA	Fredericton	New Brunswick	PRESENT		6491ad8c-8e49-4bd4-a089-0ddb3bbe0890	45.945278	-66.666667							1959-09-04	4	9	1959	2554716	2554716	PRESERVED_SPECIMEN	Acadia University	ACAD	4379F	4379			CC0_1_0	Acadia University	Congress Party			2024-01-25T01:37:04.951Z	StillImage	COORDINATE_ROUNDED;GEODETIC_DATUM_INVALID;GEODETIC_DATUM_ASSUMED_WGS84;TAXON_MATCH_TAXON_ID_IGNORED;INSTITUTION_MATCH_FUZZY;COLLECTION_MATCH_FUZZY
1807259278	e8a25a42-f125-476c-8554-3ec21cd51a84	ACAD:116069	Fungi	Basidiomycota	Agaricomycetes	Cantharellales	Hydnaceae	Hydnum	Hydnum repandum		SPECIES	Hydnum repandum L.	Hydnum repandum	L., 1753	CA	Black Hole	Nova Scotia	PRESENT		6491ad8c-8e49-4bd4-a089-0ddb3bbe0890	45.234971	-64.495683							1957-09-29	29	9	1957	2554716	2554716	PRESERVED_SPECIMEN	Acadia University	ACAD	3679F	3679			CC0_1_0	Acadia University	Harrison, KA			2024-01-25T01:37:04.430Z	StillImage	COORDINATE_ROUNDED;GEODETIC_DATUM_INVALID;GEODETIC_DATUM_ASSUMED_WGS84;TAXON_MATCH_TAXON_ID_IGNORED;INSTITUTION_MATCH_FUZZY;COLLECTION_MATCH_FUZZY
1807258615	e8a25a42-f125-476c-8554-3ec21cd51a84	ACAD:115462	Fungi	Basidiomycota	Agaricomycetes	Cantharellales	Hydnaceae	Hydnum	Hydnum repandum		SPECIES	Hydnum repandum L.	Hydnum repandum	L., 1753	CA	Aylesford	Nova Scotia	PRESENT		6491ad8c-8e49-4bd4-a089-0ddb3bbe0890	45.04205	-64.84418							1954-09-25	25	9	1954	2554716	2554716	PRESERVED_SPECIMEN	Acadia University	ACAD	2868F	2868			CC0_1_0	Acadia University	Harrison, KA			2024-01-25T01:36:58.522Z	StillImage	GEODETIC_DATUM_INVALID;GEODETIC_DATUM_ASSUMED_WGS84;TAXON_MATCH_TAXON_ID_IGNORED;INSTITUTION_MATCH_FUZZY;COLLECTION_MATCH_FUZZY
1807258605	e8a25a42-f125-476c-8554-3ec21cd51a84	ACAD:115302	Fungi	Basidiomycota	Agaricomycetes	Cantharellales	Hydnaceae	Hydnum	Hydnum repandum		SPECIES	Hydnum repandum L.	Hydnum repandum	L., 1753	CA	Moores Falls	Nova Scotia	PRESENT		6491ad8c-8e49-4bd4-a089-0ddb3bbe0890	45.037437	-64.502464							1953-09-01	1	9	1953	2554716	2554716	PRESERVED_SPECIMEN	Acadia University	ACAD	2255F	2255			CC0_1_0	Acadia University	Harrison, KA			2024-01-25T01:36:59.243Z	StillImage	COORDINATE_ROUNDED;GEODETIC_DATUM_INVALID;GEODETIC_DATUM_ASSUMED_WGS84;TAXON_MATCH_TAXON_ID_IGNORED;INSTITUTION_MATCH_FUZZY;COLLECTION_MATCH_FUZZY
1807258490	e8a25a42-f125-476c-8554-3ec21cd51a84	ACAD:115103	Fungi	Basidiomycota	Agaricomycetes	Cantharellales	Hydnaceae	Hydnum	Hydnum repandum		SPECIES	Hydnum repandum L.	Hydnum repandum	L., 1753	CA	Kentville	Nova Scotia	PRESENT		6491ad8c-8e49-4bd4-a089-0ddb3bbe0890	45.07662	-64.49592							1936-10-04	4	10	1936	2554716	2554716	PRESERVED_SPECIMEN	Acadia University	ACAD	721F	721			CC0_1_0	Acadia University	H, KA			2024-01-25T01:36:59.497Z	StillImage	GEODETIC_DATUM_INVALID;GEODETIC_DATUM_ASSUMED_WGS84;TAXON_MATCH_TAXON_ID_IGNORED;INSTITUTION_MATCH_FUZZY;COLLECTION_MATCH_FUZZY
1701558046	39bd4817-9530-4341-a918-4f16b8db1419	UdeM:CMMF:Blitz2017:32	Fungi	Basidiomycota	Agaricomycetes	Cantharellales	Hydnaceae	Hydnum	Hydnum repandum		SPECIES	Hydnum repandum L.	Hydnum repandum L., 1753	L., 1753	CA	Parc des Chutes de Sainte-Ursule	Québec	PRESENT		ff7bd5db-b724-4932-b496-10ea298851f9	46.300422	-73.094321	500.0						2017-08-09	9	8	2017	2554716	2554716	HUMAN_OBSERVATION	Université de Montréal Biodiversity Centre	CMMF			Raymond Archambault et Joseph Nuzzolese	2017-08-09T00:00:00	CC0_1_0		IRBV's graduate students			2024-01-24T17:29:10.164Z		
1699435287	21705170-d2b6-42de-8904-c3bca4b83591	CMMF018839	Fungi	Basidiomycota	Agaricomycetes	Cantharellales	Hydnaceae	Hydnum	Hydnum repandum		SPECIES	Dentinum repandum (L.) Gray	Dentinum repandum (L.) Gray	(L.) Gray	CA	Sentier lac Geai.	Québec	PRESENT		ff7bd5db-b724-4932-b496-10ea298851f9	45.991697	-73.997854	750.0						1986-08-07	7	8	1986	2554722	2554716	PRESERVED_SPECIMEN	Université de Montréal Biodiversity Centre	CMMF	CMMF018839	s.n.	Nantel, Patrick		CC0_1_0	Université de Montréal Biodiversity Centre	Nantel, Patrick			2024-01-24T16:38:18.655Z		INSTITUTION_MATCH_FUZZY;COLLECTION_MATCH_FUZZY;DIFFERENT_OWNER_INSTITUTION
1412709590	21705170-d2b6-42de-8904-c3bca4b83591	CMMF018075	Fungi	Basidiomycota	Agaricomycetes	Cantharellales	Hydnaceae	Hydnum	Hydnum repandum		SPECIES	Dentinum repandum (L.) Gray	Dentinum repandum (L.) Gray	(L.) Gray	CA	Chemin du lac Geai, près du lac, Station de biologie des Laurentides, Saint-Hippolyte, Québec.	Québec	PRESENT		ff7bd5db-b724-4932-b496-10ea298851f9	45.99489	-73.993946	250.0						1976-07-28	28	7	1976	2554722	2554716	PRESERVED_SPECIMEN	Université de Montréal Biodiversity Centre	CMMF	CMMF018075		B., L.; M., A.S.		CC0_1_0	Université de Montréal Biodiversity Centre	B., L.; M., A.S.			2024-01-24T16:38:17.950Z		INSTITUTION_MATCH_FUZZY;COLLECTION_MATCH_FUZZY;DIFFERENT_OWNER_INSTITUTION
1412709537	21705170-d2b6-42de-8904-c3bca4b83591	CMMF018050	Fungi	Basidiomycota	Agaricomycetes	Cantharellales	Hydnaceae	Hydnum	Hydnum repandum		SPECIES	Dentinum repandum (L.) Gray	Dentinum repandum (L.) Gray	(L.) Gray	CA	Transect C, stand 12, Station de biologie des Laurentides, Saint-Hippolyte, Québec.	Québec	PRESENT		ff7bd5db-b724-4932-b496-10ea298851f9	45.98815	-74.00581	3000.0						1977-08-08	8	8	1977	2554722	2554716	PRESERVED_SPECIMEN	Université de Montréal Biodiversity Centre	CMMF	CMMF018050	63	B., A.M.; T., A.; Neumann, Peterjurgen; R., S.		CC0_1_0	Université de Montréal Biodiversity Centre	B., A.M.; T., A.; Neumann, Peterjurgen; R., S.			2024-01-24T16:38:17.939Z		INSTITUTION_MATCH_FUZZY;COLLECTION_MATCH_FUZZY;DIFFERENT_OWNER_INSTITUTION
1412709088	21705170-d2b6-42de-8904-c3bca4b83591	CMMF017553	Fungi	Basidiomycota	Agaricomycetes	Cantharellales	Hydnaceae	Hydnum	Hydnum repandum		SPECIES	Dentinum repandum (L.) Gray	Dentinum repandum (L.) Gray	(L.) Gray	CA	Saraguay, Québec.	Québec	PRESENT		ff7bd5db-b724-4932-b496-10ea298851f9	45.514983	-73.741417	1000.0						1980-08-13	13	8	1980	2554722	2554716	PRESERVED_SPECIMEN	Université de Montréal Biodiversity Centre	CMMF	CMMF017553	1980-356	Haméon, G.		CC0_1_0	Université de Montréal Biodiversity Centre	Haméon, G.			2024-01-24T16:38:15.798Z		INSTITUTION_MATCH_FUZZY;COLLECTION_MATCH_FUZZY;DIFFERENT_OWNER_INSTITUTION
1412708889	21705170-d2b6-42de-8904-c3bca4b83591	CMMF017266	Fungi	Basidiomycota	Agaricomycetes	Cantharellales	Hydnaceae	Hydnum	Hydnum repandum		SPECIES	Dentinum repandum (L.) Gray	Dentinum repandum (L.) Gray	(L.) Gray	CA	Île des Soeurs, Québec.	Québec	PRESENT		ff7bd5db-b724-4932-b496-10ea298851f9	45.461124	-73.547316	2000.0						1981-08-04	4	8	1981	2554722	2554716	PRESERVED_SPECIMEN	Université de Montréal Biodiversity Centre	CMMF	CMMF017266	1981-174	Cyr, A.		CC0_1_0	Université de Montréal Biodiversity Centre	Cyr, A.			2024-01-24T16:38:15.579Z		INSTITUTION_MATCH_FUZZY;COLLECTION_MATCH_FUZZY;DIFFERENT_OWNER_INSTITUTION
1412706817	21705170-d2b6-42de-8904-c3bca4b83591	CMMF015270	Fungi	Basidiomycota	Agaricomycetes	Cantharellales	Hydnaceae	Hydnum	Hydnum repandum		SPECIES	Hydnum repandum L.	Hydnum repandum L.	L.	CA	Parc Urbain, Chicoutimi, Québec.	Québec	PRESENT		ff7bd5db-b724-4932-b496-10ea298851f9	48.400335	-71.03723	3500.0						1994-08-11	11	8	1994	2554716	2554716	PRESERVED_SPECIMEN	Université de Montréal Biodiversity Centre	CMMF	CMMF015270	620	Guérin, Gérard		CC0_1_0	Université de Montréal Biodiversity Centre	Guérin, Gérard			2024-01-24T16:38:17.033Z	StillImage	INSTITUTION_MATCH_FUZZY;COLLECTION_MATCH_FUZZY;DIFFERENT_OWNER_INSTITUTION
1412706772	21705170-d2b6-42de-8904-c3bca4b83591	CMMF015269	Fungi	Basidiomycota	Agaricomycetes	Cantharellales	Hydnaceae	Hydnum	Hydnum repandum		SPECIES	Hydnum repandum L.	Hydnum repandum L.	L.	CA	Chicoutimi, Québec.	Québec	PRESENT		ff7bd5db-b724-4932-b496-10ea298851f9	48.368277	-71.119642	15000.0						1984-08-08/1984-08-09		8	1984	2554716	2554716	PRESERVED_SPECIMEN	Université de Montréal Biodiversity Centre	CMMF	CMMF015269	619	Guérin, Gérard		CC0_1_0	Université de Montréal Biodiversity Centre	Guérin, Gérard			2024-01-24T16:38:17.036Z	StillImage	INSTITUTION_MATCH_FUZZY;COLLECTION_MATCH_FUZZY;DIFFERENT_OWNER_INSTITUTION
1144824252	81e6cff2-b409-417e-8c72-e1bbafb7c61f	5c1344ab-e177-44af-a08b-c7391811c8ed	Fungi	Basidiomycota	Agaricomycetes	Cantharellales	Hydnaceae	Hydnum	Hydnum repandum		SPECIES	Hydnum repandum L.	Hydnum repandum L.	L.	CA	Lake St. Joseph	Québec	PRESENT		7b8aff00-a9f8-11d8-944b-b8a03c50a862	46.904524	-71.63228	4542.0						1938-08-21	21	8	1938	2554716	2554716	PRESERVED_SPECIMEN	F	Botany	C0202071F				CC0_1_0	The Field Museum of Natural History	A. E. Edgecombe			2024-02-20T16:06:33.815Z		GEODETIC_DATUM_ASSUMED_WGS84;MODIFIED_DATE_INVALID;AMBIGUOUS_COLLECTION;INSTITUTION_MATCH_FUZZY
1135071189	21705170-d2b6-42de-8904-c3bca4b83591	CMMF009769	Fungi	Basidiomycota	Agaricomycetes	Cantharellales	Hydnaceae	Hydnum	Hydnum repandum		SPECIES	Hydnum repandum L.	Hydnum repandum L.	L.	CA	Château Bigot, Québec.	Québec	PRESENT		ff7bd5db-b724-4932-b496-10ea298851f9	46.898375	-71.266801	2000.0						2007-08-16	16	8	2007	2554716	2554716	PRESERVED_SPECIMEN	Université de Montréal Biodiversity Centre	CMMF	CMMF009769	1353	Labrecque, Jacqueline		CC0_1_0	Université de Montréal Biodiversity Centre	Labrecque, Jacqueline			2024-01-24T16:38:21.136Z		INSTITUTION_MATCH_FUZZY;COLLECTION_MATCH_FUZZY;DIFFERENT_OWNER_INSTITUTION
1135070265	21705170-d2b6-42de-8904-c3bca4b83591	CMMF008820	Fungi	Basidiomycota	Agaricomycetes	Cantharellales	Hydnaceae	Hydnum	Hydnum repandum		SPECIES	Hydnum repandum L.	Hydnum repandum L.	L.	CA	Chemin Chapelle, Lac-Beauport.	Québec	PRESENT		ff7bd5db-b724-4932-b496-10ea298851f9	46.949281	-71.284722	250.0						2006-07-28	28	7	2006	2554716	2554716	PRESERVED_SPECIMEN	Université de Montréal Biodiversity Centre	CMMF	CMMF008820	403	Labrecque, Jacqueline		CC0_1_0	Université de Montréal Biodiversity Centre	Labrecque, Jacqueline			2024-01-24T16:38:18.865Z	StillImage	INSTITUTION_MATCH_FUZZY;COLLECTION_MATCH_FUZZY;DIFFERENT_OWNER_INSTITUTION
1135069731	21705170-d2b6-42de-8904-c3bca4b83591	CMMF008265	Fungi	Basidiomycota	Agaricomycetes	Cantharellales	Hydnaceae	Hydnum	Hydnum repandum	album	VARIETY	Hydnum repandum var. album (Quél.) Rea	Hydnum repandum var. album (Quél.) Rea	(Quél.) Rea	CA	Parc de la Gaspésie (sortie sud)	Québec	PRESENT		ff7bd5db-b724-4932-b496-10ea298851f9	48.856883	-66.20075	100.0						2004-09-05	5	9	2004	7955169	2554716	PRESERVED_SPECIMEN	Université de Montréal Biodiversity Centre	CMMF	CMMF008265	C1970	McNeil, Raymond		CC0_1_0	Université de Montréal Biodiversity Centre	McNeil, Raymond			2024-01-24T16:38:18.303Z	StillImage	COORDINATE_ROUNDED;INSTITUTION_MATCH_FUZZY;COLLECTION_MATCH_FUZZY;DIFFERENT_OWNER_INSTITUTION
1135068222	21705170-d2b6-42de-8904-c3bca4b83591	CMMF006704	Fungi	Basidiomycota	Agaricomycetes	Cantharellales	Hydnaceae	Hydnum	Hydnum repandum		SPECIES	Hydnum repandum L.	Hydnum repandum L.	L.	CA	Mirabel	Québec	PRESENT		ff7bd5db-b724-4932-b496-10ea298851f9	45.683917	-74.2185	100.0						2004-09-15	15	9	2004	2554716	2554716	PRESERVED_SPECIMEN	Université de Montréal Biodiversity Centre	CMMF	CMMF006704	Inexistant	McNeil, Raymond		CC0_1_0	Université de Montréal Biodiversity Centre	McNeil, Raymond			2024-01-24T16:38:18.414Z	StillImage	COORDINATE_ROUNDED;INSTITUTION_MATCH_FUZZY;COLLECTION_MATCH_FUZZY;DIFFERENT_OWNER_INSTITUTION
1135068180	21705170-d2b6-42de-8904-c3bca4b83591	CMMF006705	Fungi	Basidiomycota	Agaricomycetes	Cantharellales	Hydnaceae	Hydnum	Hydnum repandum		SPECIES	Hydnum repandum L.	Hydnum repandum L.	L.	CA	Mirabel	Québec	PRESENT		ff7bd5db-b724-4932-b496-10ea298851f9	45.683917	-74.2185	100.0						2010-09-11	11	9	2010	2554716	2554716	PRESERVED_SPECIMEN	Université de Montréal Biodiversity Centre	CMMF	CMMF006705	C3745	McNeil, Raymond		CC0_1_0	Université de Montréal Biodiversity Centre	McNeil, Raymond			2024-01-24T16:38:18.423Z	StillImage	COORDINATE_ROUNDED;INSTITUTION_MATCH_FUZZY;COLLECTION_MATCH_FUZZY;DIFFERENT_OWNER_INSTITUTION
1135068145	21705170-d2b6-42de-8904-c3bca4b83591	CMMF006706	Fungi	Basidiomycota	Agaricomycetes	Cantharellales	Hydnaceae	Hydnum	Hydnum repandum		SPECIES	Hydnum repandum L.	Hydnum repandum L.	L.	CA	Mirabel	Québec	PRESENT		ff7bd5db-b724-4932-b496-10ea298851f9	45.683917	-74.2185	100.0						2013-09-19	19	9	2013	2554716	2554716	PRESERVED_SPECIMEN	Université de Montréal Biodiversity Centre	CMMF	CMMF006706	C4292	McNeil, Raymond		CC0_1_0	Université de Montréal Biodiversity Centre	McNeil, Raymond			2024-01-24T16:38:18.414Z	StillImage	COORDINATE_ROUNDED;INSTITUTION_MATCH_FUZZY;COLLECTION_MATCH_FUZZY;DIFFERENT_OWNER_INSTITUTION
1135067493	21705170-d2b6-42de-8904-c3bca4b83591	CMMF006070	Fungi	Basidiomycota	Agaricomycetes	Cantharellales	Hydnaceae	Hydnum	Hydnum repandum		SPECIES	Hydnum repandum L.	Hydnum repandum L.	L.	CA	Châteauguay	Québec	PRESENT		ff7bd5db-b724-4932-b496-10ea298851f9	45.349833	-73.771	100.0						2006-08-28	28	8	2006	2554716	2554716	PRESERVED_SPECIMEN	Université de Montréal Biodiversity Centre	CMMF	CMMF006070	Inexistant	McNeil, Raymond		CC0_1_0	Université de Montréal Biodiversity Centre	McNeil, Raymond			2024-01-24T16:38:17.946Z	StillImage	COORDINATE_ROUNDED;INSTITUTION_MATCH_FUZZY;COLLECTION_MATCH_FUZZY;DIFFERENT_OWNER_INSTITUTION
1135067312	21705170-d2b6-42de-8904-c3bca4b83591	CMMF005827	Fungi	Basidiomycota	Agaricomycetes	Cantharellales	Hydnaceae	Hydnum	Hydnum repandum		SPECIES	Hydnum repandum L.	Hydnum repandum L.	L.	CA	Châteauguay (Centre écologique Fernand-Seguin)	Québec	PRESENT		ff7bd5db-b724-4932-b496-10ea298851f9	45.33983	-73.773917	100.0						2006-07-30	30	7	2006	2554716	2554716	PRESERVED_SPECIMEN	Université de Montréal Biodiversity Centre	CMMF	CMMF005827	Inexistant	McNeil, Raymond		CC0_1_0	Université de Montréal Biodiversity Centre	McNeil, Raymond			2024-01-24T16:38:16.682Z	StillImage	COORDINATE_ROUNDED;INSTITUTION_MATCH_FUZZY;COLLECTION_MATCH_FUZZY;DIFFERENT_OWNER_INSTITUTION
1135067292	21705170-d2b6-42de-8904-c3bca4b83591	CMMF005825	Fungi	Basidiomycota	Agaricomycetes	Cantharellales	Hydnaceae	Hydnum	Hydnum repandum		SPECIES	Hydnum repandum L.	Hydnum repandum L.	L.	CA	Châteauguay (Centre écologique Fernand-Seguin)	Québec	PRESENT		ff7bd5db-b724-4932-b496-10ea298851f9	45.33983	-73.773917	100.0						2006-09-05	5	9	2006	2554716	2554716	PRESERVED_SPECIMEN	Université de Montréal Biodiversity Centre	CMMF	CMMF005825	Inexistant	McNeil, Raymond		CC0_1_0	Université de Montréal Biodiversity Centre	McNeil, Raymond			2024-01-24T16:38:16.682Z	StillImage	COORDINATE_ROUNDED;INSTITUTION_MATCH_FUZZY;COLLECTION_MATCH_FUZZY;DIFFERENT_OWNER_INSTITUTION
1135067290	21705170-d2b6-42de-8904-c3bca4b83591	CMMF005833	Fungi	Basidiomycota	Agaricomycetes	Cantharellales	Hydnaceae	Hydnum	Hydnum repandum		SPECIES	Hydnum repandum L.	Hydnum repandum L.	L.	CA	Châteauguay (Centre écologique Fernand-Seguin)	Québec	PRESENT		ff7bd5db-b724-4932-b496-10ea298851f9	45.33983	-73.773917	100.0						2013-08-15	15	8	2013	2554716	2554716	PRESERVED_SPECIMEN	Université de Montréal Biodiversity Centre	CMMF	CMMF005833	C4217	McNeil, Raymond		CC0_1_0	Université de Montréal Biodiversity Centre	McNeil, Raymond			2024-01-24T16:38:16.691Z	StillImage	COORDINATE_ROUNDED;INSTITUTION_MATCH_FUZZY;COLLECTION_MATCH_FUZZY;DIFFERENT_OWNER_INSTITUTION
