gbifID	datasetKey	occurrenceID	kingdom	phylum	class	order	family	genus	species	infraspecificEpithet	taxonRank	scientificName	verbatimScientificName	verbatimScientificNameAuthorship	countryCode	locality	stateProvince	occurrenceStatus	individualCount	publishingOrgKey	decimalLatitude	decimalLongitude	coordinateUncertaintyInMeters	coordinatePrecision	elevation	elevationAccuracy	depth	depthAccuracy	eventDate	day	month	year	taxonKey	speciesKey	basisOfRecord	institutionCode	collectionCode	catalogNumber	recordNumber	identifiedBy	dateIdentified	license	rightsHolder	recordedBy	typeStatus	establishmentMeans	lastInterpreted	mediaType	issue
694159342	d7cfd2ed-8af4-427f-a16e-eb66b7e2c419	31715	Fungi	Basidiomycota	Agaricomycetes	Polyporales	Fomitopsidaceae	Fomitopsis	Fomitopsis pinicola		SPECIES	Fomitopsis pinicola (Sw.) P.Karst.	Fomitopsis pinicola (Sw.) P. Karst.	(Sw.) P. Karst.	CA	Ottawa-Carleton Region	Ontario	PRESENT		ff418020-1d67-11d9-8435-b8a03c50a862	45.249594	-75.800297	48080.0						1987-06-24	24	6	1987	2542395	2542395	PRESERVED_SPECIMEN	Royal Ontario Museum	TRTC	TRTC161235	RGT 870624/05a	Thorn, R.G.		CC0_1_0	Royal Ontario Museum	Thorn, R.G.; Darbyshire, S., et al.			2024-01-25T00:59:38.987Z		COORDINATE_ROUNDED;AMBIGUOUS_INSTITUTION
694158185	d7cfd2ed-8af4-427f-a16e-eb66b7e2c419	22387	Fungi	Basidiomycota	Agaricomycetes	Polyporales	Fomitopsidaceae	Fomitopsis	Fomitopsis pinicola		SPECIES	Fomitopsis pinicola (Sw.) P.Karst.	Fomitopsis pinicola (Sw.) P. Karst.	(Sw.) P. Karst.	CA	S of Dorset	Ontario	PRESENT		ff418020-1d67-11d9-8435-b8a03c50a862	45.23936	-78.888359	1499.0						1961-10-11	11	10	1961	2542395	2542395	PRESERVED_SPECIMEN	Royal Ontario Museum	TRTC	TRTC041531		Cain, R.F.		CC0_1_0	Royal Ontario Museum	Cain, R.F.;			2024-01-25T00:59:39.564Z		COORDINATE_ROUNDED;AMBIGUOUS_INSTITUTION
694156913	d7cfd2ed-8af4-427f-a16e-eb66b7e2c419	13614	Fungi	Basidiomycota	Agaricomycetes	Polyporales	Fomitopsidaceae	Fomitopsis	Fomitopsis pinicola		SPECIES	Fomitopsis pinicola (Sw.) P.Karst.	Fomitopsis pinicola (Sw.) P. Karst.	(Sw.) P. Karst.	CA	Algonquin Provincial Park, Wildlife Research Station, Chit Lake Trail	Ontario	PRESENT		ff418020-1d67-11d9-8435-b8a03c50a862	45.631686	-78.527141	378.0						2002-10-05	5	10	2002	2542395	2542395	PRESERVED_SPECIMEN	Royal Ontario Museum	TRTC	TRTC054967		Ghanavatian, N.		CC0_1_0	Royal Ontario Museum	Ghanavatian, N.			2024-01-25T00:59:41.527Z		COORDINATE_ROUNDED;AMBIGUOUS_INSTITUTION
694156911	d7cfd2ed-8af4-427f-a16e-eb66b7e2c419	13611	Fungi	Basidiomycota	Agaricomycetes	Polyporales	Fomitopsidaceae	Fomitopsis	Fomitopsis pinicola		SPECIES	Fomitopsis pinicola (Sw.) P.Karst.	Fomitopsis pinicola (Sw.) P. Karst.	(Sw.) P. Karst.	CA	Algonquin Provincial Park, Sproule Lake Portage	Ontario	PRESENT		ff418020-1d67-11d9-8435-b8a03c50a862	45.634026	-78.369083	1347.0						1950-09-25	25	9	1950	2542395	2542395	PRESERVED_SPECIMEN	Royal Ontario Museum	TRTC	TRTC161179		Welch, Harold E.		CC0_1_0	Royal Ontario Museum	Welch, Harold E.			2024-01-25T00:59:41.524Z		COORDINATE_ROUNDED;AMBIGUOUS_INSTITUTION
694156748	d7cfd2ed-8af4-427f-a16e-eb66b7e2c419	12346	Fungi	Basidiomycota	Agaricomycetes	Polyporales	Fomitopsidaceae	Fomitopsis	Fomitopsis pinicola		SPECIES	Fomitopsis pinicola (Sw.) P.Karst.	Fomitopsis pinicola (Sw.) P. Karst.	(Sw.) P. Karst.	CA	Algonquin Provincial Park, Brewer Lake	Ontario	PRESENT		ff418020-1d67-11d9-8435-b8a03c50a862	45.589687	-78.306727	635.0						1939-08-26	26	8	1939	2542395	2542395	PRESERVED_SPECIMEN	Royal Ontario Museum	TRTC	TRTC015575		Cain, R.F.		CC0_1_0	Royal Ontario Museum	Cain, R.F.			2024-01-25T00:59:38.186Z		COORDINATE_ROUNDED;AMBIGUOUS_INSTITUTION
694156712	d7cfd2ed-8af4-427f-a16e-eb66b7e2c419	11488	Fungi	Basidiomycota	Agaricomycetes	Polyporales	Fomitopsidaceae	Fomitopsis	Fomitopsis pinicola		SPECIES	Fomitopsis pinicola (Sw.) P.Karst.	Fomitopsis pinicola (Sw.) P. Karst.	(Sw.) P. Karst.	CA	Algonquin Provincial Park	Ontario	PRESENT		ff418020-1d67-11d9-8435-b8a03c50a862	45.759859	-78.376465	67511.0						1908-09		9	1908	2542395	2542395	PRESERVED_SPECIMEN	Royal Ontario Museum	TRTC	TRTC000255	Faull 283			CC0_1_0	Royal Ontario Museum	Faull, J.H.			2024-01-25T00:59:39.238Z		COORDINATE_ROUNDED;AMBIGUOUS_INSTITUTION
694156702	d7cfd2ed-8af4-427f-a16e-eb66b7e2c419	11457	Fungi	Basidiomycota	Agaricomycetes	Polyporales	Fomitopsidaceae	Fomitopsis	Fomitopsis pinicola		SPECIES	Fomitopsis pinicola (Sw.) P.Karst.	Fomitopsis pinicola (Sw.) P. Karst.	(Sw.) P. Karst.	CA	Algonquin Provincial Park, Smith Lake	Ontario	PRESENT		ff418020-1d67-11d9-8435-b8a03c50a862	45.972867	-77.663383	2164.0						1939-09-09	9	9	1939	2542395	2542395	PRESERVED_SPECIMEN	Royal Ontario Museum	TRTC	TRTC015731		Cain, R.F.		CC0_1_0	Royal Ontario Museum	Cain, R.F.			2024-01-25T00:59:39.046Z		COORDINATE_ROUNDED;AMBIGUOUS_INSTITUTION
617554587	21705170-d2b6-42de-8904-c3bca4b83591	CMMF000425	Fungi	Basidiomycota	Agaricomycetes	Polyporales	Fomitopsidaceae	Fomitopsis	Fomitopsis pinicola		SPECIES	Fomitopsis pinicola (Sw.) P.Karst.	Fomitopsis pinicola (Sw.) P. Karst.	(Sw.) P. Karst.	CA	Montréal	Québec	PRESENT		ff7bd5db-b724-4932-b496-10ea298851f9	45.509625	-73.662984	25000.0						1989-05-08	8	5	1989	2542395	2542395	PRESERVED_SPECIMEN	Université de Montréal Biodiversity Centre	CMMF	CMMF000425		Lamoureux, Yves		CC0_1_0	Université de Montréal Biodiversity Centre	Lamoureux, Yves			2024-01-24T16:38:19.973Z	StillImage	INSTITUTION_MATCH_FUZZY;COLLECTION_MATCH_FUZZY;DIFFERENT_OWNER_INSTITUTION
617553367	21705170-d2b6-42de-8904-c3bca4b83591	CMMF003569	Fungi	Basidiomycota	Agaricomycetes	Polyporales	Fomitopsidaceae	Fomitopsis	Fomitopsis pinicola		SPECIES	Fomitopsis pinicola (Sw.) P.Karst.	Fomitopsis pinicola (Sw.) P. Karst.	(Sw.) P. Karst.	CA	Rawdon	Québec	PRESENT		ff7bd5db-b724-4932-b496-10ea298851f9	46.052398	-73.748752	11000.0						2001-07-29	29	7	2001	2542395	2542395	PRESERVED_SPECIMEN	Université de Montréal Biodiversity Centre	CMMF	CMMF003569		Lamoureux, Yves		CC0_1_0	Université de Montréal Biodiversity Centre	Lamoureux, Yves			2024-01-24T16:38:16.244Z	StillImage	INSTITUTION_MATCH_FUZZY;COLLECTION_MATCH_FUZZY;DIFFERENT_OWNER_INSTITUTION
5008013685	50c9509d-22c7-4a22-a47d-8c48425ef4a7	https://www.inaturalist.org/observations/254365984	Fungi	Basidiomycota	Agaricomycetes	Polyporales	Fomitopsidaceae	Fomitopsis	Fomitopsis pinicola		SPECIES	Fomitopsis pinicola (Sw.) P.Karst.	Fomitopsis pinicola		CA		Ontario	PRESENT		28eb1a3f-1c15-4a95-931a-4af90ecb574d	45.459405	-76.273172	100.0						2023-06-18T09:30:47	18	6	2023	2542395	2542395	HUMAN_OBSERVATION	iNaturalist	Observations	254365984		Cerys_just_Cerys	2024-12-14T23:40:23	CC_BY_NC_4_0	Owen Clarkin	Owen Clarkin			2025-01-14T12:56:24.653Z	StillImage	COORDINATE_ROUNDED;CONTINENT_DERIVED_FROM_COORDINATES;TAXON_MATCH_TAXON_ID_IGNORED
4893081571	eeaf050f-23d0-4557-9084-ec545cd3d9a7	0ebce41d-6fae-4b27-873a-f94bd485e23a	Fungi	Basidiomycota	Agaricomycetes	Polyporales	Fomitopsidaceae	Fomitopsis	Fomitopsis pinicola		SPECIES	Fomitopsis pinicola (Sw.) P.Karst.	Fomitopsis pinicola	(Sw.) P.Karst.	CA	Ottawa	Ontario	PRESENT		325c883e-46a7-4be3-9d77-7dde654fd1d3	45.423949	-75.695445											2542395	2542395	PRESERVED_SPECIMEN	DPI	DAR	DAR00062460a				CC_BY_4_0					2025-01-02T23:50:23.428Z		CONTINENT_DERIVED_FROM_COORDINATES;TAXON_MATCH_TAXON_CONCEPT_ID_IGNORED;INSTITUTION_MATCH_NONE
4893033678	eeaf050f-23d0-4557-9084-ec545cd3d9a7	9369cbba-7617-402d-8dc3-84e67125cd30	Fungi	Basidiomycota	Agaricomycetes	Polyporales	Fomitopsidaceae	Fomitopsis	Fomitopsis pinicola		SPECIES	Fomitopsis pinicola (Sw.) P.Karst.	Fomitopsis pinicola	(Sw.) P.Karst.	CA	Ottawa	Ontario	PRESENT		325c883e-46a7-4be3-9d77-7dde654fd1d3	45.423949	-75.695445											2542395	2542395	PRESERVED_SPECIMEN	DPI	DAR	DAR00062461a				CC_BY_4_0					2025-01-02T23:50:27.468Z		CONTINENT_DERIVED_FROM_COORDINATES;TAXON_MATCH_TAXON_CONCEPT_ID_IGNORED;INSTITUTION_MATCH_NONE
4166371988	695cef75-b65f-4776-b2ed-74565eebb16e	02-01000645013	Fungi	Basidiomycota	Agaricomycetes	Polyporales	Fomitopsidaceae	Fomitopsis	Fomitopsis pinicola		SPECIES	Fomitopsis pinicola (Sw.) P.Karst.	Fomitopsis pinicola	(Sw.) P. Karst.	CA	Nipissing Distr., Algonquin Prov. Park, Hardwood Hill Trail	Ontario	PRESENT		055bd978-2daa-4543-b3f0-44e0e87e86ca	45.5417	-78.675							1974-08-24	24	8	1974	2542395	2542395	PRESERVED_SPECIMEN	AAFC	DAOM	186686		J.H. Ginns		CC_BY_4_0	©His Majesty the King in Right of Canada, as represented by the Minister of Agriculture and Agri-Food	P. Johnson			2025-01-12T05:11:16.116Z		GEODETIC_DATUM_ASSUMED_WGS84;CONTINENT_DERIVED_FROM_COORDINATES;TAXON_MATCH_TAXON_ID_IGNORED;INSTITUTION_MATCH_FUZZY
4166254233	695cef75-b65f-4776-b2ed-74565eebb16e	02-01000645001	Fungi	Basidiomycota	Agaricomycetes	Polyporales	Fomitopsidaceae	Fomitopsis	Fomitopsis pinicola		SPECIES	Fomitopsis pinicola (Sw.) P.Karst.	Fomitopsis pinicola	(Sw.) P. Karst.	CA	Waweig R. Bog (UTM, 19TFA4712)	New Brunswick	PRESENT		055bd978-2daa-4543-b3f0-44e0e87e86ca	45.2569	-67.1192							1985-08-22	22	8	1985	2542395	2542395	PRESERVED_SPECIMEN	AAFC	DAOM	198508		R.G. Thorn		CC_BY_4_0	©His Majesty the King in Right of Canada, as represented by the Minister of Agriculture and Agri-Food	R.G. Thorn (850822/07)			2025-01-12T05:11:16.076Z		GEODETIC_DATUM_ASSUMED_WGS84;CONTINENT_DERIVED_FROM_COORDINATES;TAXON_MATCH_TAXON_ID_IGNORED;INSTITUTION_MATCH_FUZZY
4166243956	695cef75-b65f-4776-b2ed-74565eebb16e	02-01000645006	Fungi	Basidiomycota	Agaricomycetes	Polyporales	Fomitopsidaceae	Fomitopsis	Fomitopsis pinicola		SPECIES	Fomitopsis pinicola (Sw.) P.Karst.	Fomitopsis pinicola	(Sw.) P. Karst.	CA	Nipissing Distr., Algonquin Prov. Park, Booth's Rock Trail	Ontario	PRESENT		055bd978-2daa-4543-b3f0-44e0e87e86ca	45.5083	-78.3917							1976-05-18	18	5	1976	2542395	2542395	PRESERVED_SPECIMEN	AAFC	DAOM	186885				CC_BY_4_0	©His Majesty the King in Right of Canada, as represented by the Minister of Agriculture and Agri-Food	P. Johnson			2025-01-12T05:11:16.165Z		GEODETIC_DATUM_ASSUMED_WGS84;CONTINENT_DERIVED_FROM_COORDINATES;TAXON_MATCH_TAXON_ID_IGNORED;INSTITUTION_MATCH_FUZZY
4157224201	8a863029-f435-446a-821e-275f4f641165	https://observation.org/observation/273370739	Fungi	Basidiomycota	Agaricomycetes	Polyporales	Fomitopsidaceae	Fomitopsis	Fomitopsis pinicola		SPECIES	Fomitopsis pinicola (Sw.) P.Karst.	Fomitopsis pinicola		CA	Algonquin Provincial Park	Ontario	PRESENT	1	c8d737e0-2ff8-42e8-b8fc-6b805d26fc5f	45.584828	-78.519662	5.0						2023-05-25	25	5	2023	2542395	2542395	HUMAN_OBSERVATION							CC_BY_NC_4_0	Stichting Observation International	User 424906			2025-01-15T06:07:41.741Z	StillImage	
4100041911	d1a3b128-b406-46bb-a6d1-f3591dcc8a7b	8bf8283d-58d5-4f70-9f35-cb8c7f5a7d92	Fungi	Basidiomycota	Agaricomycetes	Polyporales	Fomitopsidaceae	Fomitopsis	Fomitopsis pinicola		SPECIES	Fomes pinicola (Sw.) Fr.	Fomes pinicola	(Sw.) Fr.	CA	Algonquin Park	Ontario	PRESENT		e43cf4b8-849e-4fac-b075-e652d019d2cf	45.55	-78.6	3036.0						1911-08		8	1911	8050033	2542395	PRESERVED_SPECIMEN	BPI		BPI 233226		Faull J. H.		CC0_1_0		Faull J. H.			2025-01-15T04:59:24.303Z		GEODETIC_DATUM_ASSUMED_WGS84;CONTINENT_DERIVED_FROM_COORDINATES;TAXON_MATCH_TAXON_ID_IGNORED;INSTITUTION_MATCH_FUZZY
4100041893	d1a3b128-b406-46bb-a6d1-f3591dcc8a7b	51426510-7f2f-4c01-af64-5585f854d0e5	Fungi	Basidiomycota	Agaricomycetes	Polyporales	Fomitopsidaceae	Fomitopsis	Fomitopsis pinicola		SPECIES	Fomes pinicola (Sw.) Fr.	Fomes pinicola	(Sw.) Fr.	CA	Highbury	Nova Scotia	PRESENT		e43cf4b8-849e-4fac-b075-e652d019d2cf	45.053611	-64.491667	301.0						1942-02-07	7	2	1942	8050033	2542395	PRESERVED_SPECIMEN	BPI		BPI 233071	42-49	MACRAE Ruth		CC0_1_0		Lewis R. M.			2025-01-15T04:59:24.222Z		GEODETIC_DATUM_ASSUMED_WGS84;CONTINENT_DERIVED_FROM_COORDINATES;TAXON_MATCH_TAXON_ID_IGNORED;INSTITUTION_MATCH_FUZZY
4099896930	d1a3b128-b406-46bb-a6d1-f3591dcc8a7b	c055b499-2590-4df5-a1e1-db091232cee4	Fungi	Basidiomycota	Agaricomycetes	Polyporales	Fomitopsidaceae	Fomitopsis	Fomitopsis pinicola		SPECIES	Fomes pinicola (Sw.) Fr.	Fomes pinicola	(Sw.) Fr.	CA	Spruce Brook	Newfoundland	PRESENT		e43cf4b8-849e-4fac-b075-e652d019d2cf	47.616667	-65.1	301.0						1928-08-23	23	8	1928	8050033	2542395	PRESERVED_SPECIMEN	BPI		BPI 233420		Spaulding P.		CC0_1_0		Spaulding P.			2025-01-15T04:59:24.661Z		GEODETIC_DATUM_ASSUMED_WGS84;CONTINENT_DERIVED_FROM_COORDINATES;TAXON_MATCH_TAXON_ID_IGNORED;INSTITUTION_MATCH_FUZZY
4099896922	d1a3b128-b406-46bb-a6d1-f3591dcc8a7b	348d8623-175e-4ce2-8b87-a285534d5610	Fungi	Basidiomycota	Agaricomycetes	Polyporales	Fomitopsidaceae	Fomitopsis	Fomitopsis pinicola		SPECIES	Fomes pinicola (Sw.) Fr.	Fomes pinicola	(Sw.) Fr.	CA	Odell Woods, Fredericton	New Brunswick	PRESENT		e43cf4b8-849e-4fac-b075-e652d019d2cf	45.952717	-66.670528	1141.0						1946-09-27	27	9	1946	8050033	2542395	PRESERVED_SPECIMEN	BPI		BPI 233357		Hansbrough J. R.		CC0_1_0		Hansbrough J. R.			2025-01-15T04:59:24.659Z		CONTINENT_DERIVED_FROM_COORDINATES;TAXON_MATCH_TAXON_ID_IGNORED;INSTITUTION_MATCH_FUZZY
4099888933	d1a3b128-b406-46bb-a6d1-f3591dcc8a7b	0c659180-6b9d-434d-831c-bf6e11116925	Fungi	Basidiomycota	Agaricomycetes	Polyporales	Fomitopsidaceae	Fomitopsis	Fomitopsis pinicola		SPECIES	Fomes pinicola (Sw.) Fr.	Fomes pinicola	(Sw.) Fr.	CA	Fredericton	New Brunswick	PRESENT		e43cf4b8-849e-4fac-b075-e652d019d2cf	45.95	-66.633333	11997.0						1946-09-27	27	9	1946	8050033	2542395	PRESERVED_SPECIMEN	BPI		BPI 233423		Hansbrough J. R.		CC0_1_0		Hansbrough J. R.			2025-01-15T04:59:24.424Z		GEODETIC_DATUM_ASSUMED_WGS84;CONTINENT_DERIVED_FROM_COORDINATES;TAXON_MATCH_TAXON_ID_IGNORED;INSTITUTION_MATCH_FUZZY
4099888923	d1a3b128-b406-46bb-a6d1-f3591dcc8a7b	5dde07eb-c7a1-4a45-9cf7-a270090d8ab3	Fungi	Basidiomycota	Agaricomycetes	Polyporales	Fomitopsidaceae	Fomitopsis	Fomitopsis pinicola		SPECIES	Fomes pinicola (Sw.) Fr.	Fomes pinicola	(Sw.) Fr.	CA	Spruce Brook	Newfoundland	PRESENT		e43cf4b8-849e-4fac-b075-e652d019d2cf	47.616667	-65.1	301.0						1928-08-24	24	8	1928	8050033	2542395	PRESERVED_SPECIMEN	BPI		BPI 233327		Overholts L. O.		CC0_1_0		Spaulding P.			2025-01-15T04:59:24.052Z		GEODETIC_DATUM_ASSUMED_WGS84;CONTINENT_DERIVED_FROM_COORDINATES;TAXON_MATCH_TAXON_ID_IGNORED;INSTITUTION_MATCH_FUZZY
4099417922	d1a3b128-b406-46bb-a6d1-f3591dcc8a7b	134158a4-a6ec-4283-9123-da33976bee11	Fungi	Basidiomycota	Agaricomycetes	Polyporales	Fomitopsidaceae	Fomitopsis	Fomitopsis pinicola		SPECIES	Fomes pinicola (Sw.) Fr.	Fomes pinicola	(Sw.) Fr.	CA	Spruce Brook	Newfoundland	PRESENT		e43cf4b8-849e-4fac-b075-e652d019d2cf	47.616667	-65.1	301.0						1928-08-23	23	8	1928	8050033	2542395	PRESERVED_SPECIMEN	BPI		BPI 233364		Overholts L. O.		CC0_1_0		Spaulding P.			2025-01-15T04:59:24.053Z		GEODETIC_DATUM_ASSUMED_WGS84;CONTINENT_DERIVED_FROM_COORDINATES;TAXON_MATCH_TAXON_ID_IGNORED;INSTITUTION_MATCH_FUZZY
4099416951	d1a3b128-b406-46bb-a6d1-f3591dcc8a7b	79f11935-5857-495d-a035-f4747635ae4e	Fungi	Basidiomycota	Agaricomycetes	Polyporales	Fomitopsidaceae	Fomitopsis	Fomitopsis pinicola		SPECIES	Fomes pinicola (Sw.) Fr.	Fomes pinicola	(Sw.) Fr.	CA	Angus	Quebec	PRESENT		e43cf4b8-849e-4fac-b075-e652d019d2cf	45.542222	-73.567222	301.0						1933-09-10	10	9	1933	8050033	2542395	PRESERVED_SPECIMEN	BPI		BPI 233581		Eno H. G.		CC0_1_0		Eno H. G.			2025-01-15T04:59:24.099Z		GEODETIC_DATUM_ASSUMED_WGS84;CONTINENT_DERIVED_FROM_COORDINATES;TAXON_MATCH_TAXON_ID_IGNORED;INSTITUTION_MATCH_FUZZY
4099410935	d1a3b128-b406-46bb-a6d1-f3591dcc8a7b	43af6001-c3b6-4b95-8771-17b90386bc8a	Fungi	Basidiomycota	Agaricomycetes	Polyporales	Fomitopsidaceae	Fomitopsis	Fomitopsis pinicola		SPECIES	Fomes pinicola (Sw.) Fr.	Fomes pinicola	(Sw.) Fr.	CA	Algonquin Park	Ontario	PRESENT		e43cf4b8-849e-4fac-b075-e652d019d2cf	45.55	-78.6	3036.0						1908-09		9	1908	8050033	2542395	PRESERVED_SPECIMEN	BPI		BPI 233429	282			CC0_1_0		Faull J. H.			2025-01-15T04:59:24.661Z		GEODETIC_DATUM_ASSUMED_WGS84;CONTINENT_DERIVED_FROM_COORDINATES;TAXON_MATCH_TAXON_ID_IGNORED;INSTITUTION_MATCH_FUZZY
3965614385	0ec61c42-6eda-441e-b327-7ec241c8ec95	119c6532-17d3-47df-ac36-b890552dfb47	Fungi	Basidiomycota	Agaricomycetes	Polyporales	Fomitopsidaceae	Fomitopsis	Fomitopsis pinicola		SPECIES	Fomes pinicola (Sw.) Fr.	Fomes pinicola	(Sw.) Fr.	CA	road from Anse Pleureuse to Murdochville, Gaspe Peninsula	Quebec	PRESENT		00ff478a-9da6-4c8d-b60d-43ee8c88cd1f	48.666667	-65.833333							1959-08-13	13	8	1959	8050033	2542395	PRESERVED_SPECIMEN	WSP	WSP	WSP48953				CC_BY_4_0		W.B. Cooke; V.G. Cooke			2025-01-15T08:28:23.914Z		GEODETIC_DATUM_ASSUMED_WGS84;CONTINENT_DERIVED_FROM_COORDINATES;TAXON_MATCH_TAXON_ID_IGNORED;AMBIGUOUS_COLLECTION;INSTITUTION_MATCH_FUZZY
3965613858	0ec61c42-6eda-441e-b327-7ec241c8ec95	c59b1c47-7606-4a74-9369-0fb475470257	Fungi	Basidiomycota	Agaricomycetes	Polyporales	Fomitopsidaceae	Fomitopsis	Fomitopsis pinicola		SPECIES	Fomes pinicola (Sw.) Fr.	Fomes pinicola	(Sw.) Fr.	CA	Vauquelon, Gaspe Peninsula	Quebec	PRESENT		00ff478a-9da6-4c8d-b60d-43ee8c88cd1f	48.666667	-65.833333							1959-08-17	17	8	1959	8050033	2542395	PRESERVED_SPECIMEN	WSP	WSP	WSP48915				CC_BY_4_0		W.B. Cooke; V.G. Cooke			2025-01-15T08:28:23.739Z		GEODETIC_DATUM_ASSUMED_WGS84;CONTINENT_DERIVED_FROM_COORDINATES;TAXON_MATCH_TAXON_ID_IGNORED;AMBIGUOUS_COLLECTION;INSTITUTION_MATCH_FUZZY
3893628002	8fe64528-38fe-47c8-938a-b2ab603a653a	MSC0231203	Fungi	Basidiomycota	Agaricomycetes	Polyporales	Fomitopsidaceae	Fomitopsis	Fomitopsis pinicola		SPECIES	Fomitopsis pinicola (Sw.) P.Karst.	Fomitopsis pinicola	(Sw.) P. Karst.	CA	Smith Lake, Algonquin Park	Ontario	PRESENT		41d6acb0-48b5-11db-a1c2-b8a03c50a862	45.569611	-78.276982	767.0						1939-09-09	9	9	1939	2542395	2542395	PRESERVED_SPECIMEN	MSC		MSC0231203	15731	R. F. Cain		CC_BY_4_0		R. F. Cain			2025-01-15T11:18:54.702Z	StillImage	CONTINENT_DERIVED_FROM_COORDINATES;TAXON_MATCH_TAXON_ID_IGNORED;COLLECTION_MATCH_NONE;INSTITUTION_MATCH_FUZZY
3349349267	d8cd16ba-bb74-4420-821e-083f2bac17c2	MN992585	Fungi	Basidiomycota	Agaricomycetes	Polyporales	Fomitopsidaceae	Fomitopsis	Fomitopsis pinicola		SPECIES	Fomitopsis pinicola (Sw.) P.Karst.	Fomitopsis pinicola		CA	Quebec, Chibougamau		PRESENT		ada9d123-ddb4-467d-8891-806ea8d94230	49.76	-74.36							2017-09-05	5	9	2017	2542395	2542395	PRESERVED_SPECIMEN			MQ17034-QFB29542		Pauline Dube		CC_BY_4_0					2025-01-18T13:04:48.463Z		GEODETIC_DATUM_ASSUMED_WGS84;CONTINENT_DERIVED_FROM_COORDINATES;TAXON_MATCH_TAXON_CONCEPT_ID_IGNORED;TAXON_MATCH_TAXON_ID_IGNORED
3349349263	d8cd16ba-bb74-4420-821e-083f2bac17c2	MN992387	Fungi	Basidiomycota	Agaricomycetes	Polyporales	Fomitopsidaceae	Fomitopsis	Fomitopsis pinicola		SPECIES	Fomitopsis pinicola (Sw.) P.Karst.	Fomitopsis pinicola		CA	Quebec, Anticosti		PRESENT		ada9d123-ddb4-467d-8891-806ea8d94230	49.88	-64.18							2015-09-07	7	9	2015	2542395	2542395	PRESERVED_SPECIMEN			ANT058-QFB28647		Pauline Dube		CC_BY_4_0		Lebeuf, R.			2025-01-18T13:04:48.461Z		GEODETIC_DATUM_ASSUMED_WGS84;CONTINENT_DERIVED_FROM_COORDINATES;TAXON_MATCH_TAXON_CONCEPT_ID_IGNORED;TAXON_MATCH_TAXON_ID_IGNORED
2423614097	21705170-d2b6-42de-8904-c3bca4b83591	CMMF020537	Fungi	Basidiomycota	Agaricomycetes	Polyporales	Fomitopsidaceae	Fomitopsis	Fomitopsis pinicola		SPECIES	Fomes pinicola (Sw.) Fr.	Fomes pinicola (Sw.) Cooke	(Sw.) Cooke	CA	Arboretum Morgan B	Quebec	PRESENT		ff7bd5db-b724-4932-b496-10ea298851f9	45.427144	-73.946364	400.0						1980-07-09	9	7	1980	8050033	2542395	PRESERVED_SPECIMEN	Université de Montréal Biodiversity Centre	CMMF	CMMF020537	1980-91b	McNeil, Raymond		CC0_1_0	Université de Montréal Biodiversity Centre	Haméon, G.			2024-01-24T16:38:15.969Z		INSTITUTION_MATCH_FUZZY;COLLECTION_MATCH_FUZZY;DIFFERENT_OWNER_INSTITUTION
2423613643	21705170-d2b6-42de-8904-c3bca4b83591	CMMF020536	Fungi	Basidiomycota	Agaricomycetes	Polyporales	Fomitopsidaceae	Fomitopsis	Fomitopsis pinicola		SPECIES	Fomes pinicola (Sw.) Fr.	Fomes pinicola (Sw.) Cooke	(Sw.) Cooke	CA	Héritage	Quebec	PRESENT		ff7bd5db-b724-4932-b496-10ea298851f9	45.677616	-73.512099	400.0						1980-06-18	18	6	1980	8050033	2542395	PRESERVED_SPECIMEN	Université de Montréal Biodiversity Centre	CMMF	CMMF020536	1980-91	McNeil, Raymond		CC0_1_0	Université de Montréal Biodiversity Centre	Haméon, G.			2024-01-24T16:38:15.968Z		INSTITUTION_MATCH_FUZZY;COLLECTION_MATCH_FUZZY;DIFFERENT_OWNER_INSTITUTION
2423613098	21705170-d2b6-42de-8904-c3bca4b83591	CMMF018620	Fungi	Basidiomycota	Agaricomycetes	Polyporales	Fomitopsidaceae	Fomitopsis	Fomitopsis pinicola		SPECIES	Fomitopsis pinicola (Sw.) P.Karst.	Fomitopsis pinicola (Sw.) P. Karst.	(Sw.) P. Karst.	CA	Près du chemin (Lac #3)	Québec	PRESENT		ff7bd5db-b724-4932-b496-10ea298851f9	45.997785	-73.98345	250.0						1985-06-11	11	6	1985	2542395	2542395	PRESERVED_SPECIMEN	Université de Montréal Biodiversity Centre	CMMF	CMMF018620	s.n.	Nantel, Patrick		CC0_1_0	Université de Montréal Biodiversity Centre	Nantel, Patrick			2024-01-24T16:38:18.450Z		INSTITUTION_MATCH_FUZZY;COLLECTION_MATCH_FUZZY;DIFFERENT_OWNER_INSTITUTION
1990288306	032f1fbe-d21f-407d-be46-5cd1bb1ea397	a454325f-39b2-490a-b58d-db191c082b0e	Fungi	Basidiomycota	Agaricomycetes	Polyporales	Fomitopsidaceae	Fomitopsis	Fomitopsis pinicola		SPECIES	Fomes pinicola (Sw.) Fr.	Fomes pinicola	(Sw.) Fr.	CA	Whitney, Brewer Lake, Algonquin Park	Ontario	PRESENT		61c539d8-47e0-4b82-875f-b95aad66dcd4	45.591667	-78.304167							1939-08-26	26	8	1939	8050033	2542395	PRESERVED_SPECIMEN	TENN-F		TENN-F-014785	RFC15575			CC0_1_0		R.F. Cain			2025-01-12T10:33:43.212Z		COORDINATE_ROUNDED;GEODETIC_DATUM_ASSUMED_WGS84;CONTINENT_DERIVED_FROM_COORDINATES;TAXON_MATCH_TAXON_ID_IGNORED;INSTITUTION_MATCH_NONE
1807258097	e8a25a42-f125-476c-8554-3ec21cd51a84	ACAD:114903	Fungi	Basidiomycota	Agaricomycetes	Polyporales	Fomitopsidaceae	Fomitopsis	Fomitopsis pinicola		SPECIES	Fomes pinicola (Sw.) Fr.	Fomes pinicola	(Sw.) Cooke	CA	Kentville	Nova Scotia	PRESENT		6491ad8c-8e49-4bd4-a089-0ddb3bbe0890	45.07662	-64.49592							1931-09-28	28	9	1931	8050033	2542395	PRESERVED_SPECIMEN	Acadia University	ACAD	6550F				CC0_1_0	Acadia University	Harrison, KA			2024-01-25T01:37:14.795Z	StillImage	GEODETIC_DATUM_INVALID;GEODETIC_DATUM_ASSUMED_WGS84;TAXON_MATCH_TAXON_ID_IGNORED;INSTITUTION_MATCH_FUZZY;COLLECTION_MATCH_FUZZY
1807255935	e8a25a42-f125-476c-8554-3ec21cd51a84	ACAD:112367	Fungi	Basidiomycota	Agaricomycetes	Polyporales	Fomitopsidaceae	Fomitopsis	Fomitopsis pinicola		SPECIES	Fomes pinicola (Sw.) Fr.	Fomes pinicola	(Sw.) Cooke	CA	(Kentville)	Nova Scotia	PRESENT		6491ad8c-8e49-4bd4-a089-0ddb3bbe0890	45.07662	-64.49592							1931-11-28	28	11	1931	8050033	2542395	PRESERVED_SPECIMEN	Acadia University	ACAD	20F	20			CC0_1_0	Acadia University	H, KA			2024-01-25T01:37:05.627Z	StillImage	GEODETIC_DATUM_INVALID;GEODETIC_DATUM_ASSUMED_WGS84;TAXON_MATCH_TAXON_ID_IGNORED;INSTITUTION_MATCH_FUZZY;COLLECTION_MATCH_FUZZY
1807255234	e8a25a42-f125-476c-8554-3ec21cd51a84	ACAD:111685	Fungi	Basidiomycota	Agaricomycetes	Polyporales	Fomitopsidaceae	Fomitopsis	Fomitopsis pinicola		SPECIES	Fomes pinicola (Sw.) Fr.	Fomes pinicola	(Sw.) Cooke	CA	Highbury	Nova Scotia	PRESENT		6491ad8c-8e49-4bd4-a089-0ddb3bbe0890	45.05943	-64.46785							1942-07-02	2	7	1942	8050033	2542395	PRESERVED_SPECIMEN	Acadia University	ACAD	1314F	1314			CC0_1_0	Acadia University	Lewis, RM			2024-01-25T01:37:07.185Z	StillImage	GEODETIC_DATUM_INVALID;GEODETIC_DATUM_ASSUMED_WGS84;TAXON_MATCH_TAXON_ID_IGNORED;INSTITUTION_MATCH_FUZZY;COLLECTION_MATCH_FUZZY
1701558032	39bd4817-9530-4341-a918-4f16b8db1419	UdeM:CMMF:Blitz2017:20	Fungi	Basidiomycota	Agaricomycetes	Polyporales	Fomitopsidaceae	Fomitopsis	Fomitopsis pinicola		SPECIES	Fomitopsis pinicola (Sw.) P.Karst.	Fomitopsis pinicola (Sw.) P. Karst., 1881	(Sw.) P. Karst., 1881	CA	Parc des Chutes de Sainte-Ursule	Québec	PRESENT		ff7bd5db-b724-4932-b496-10ea298851f9	46.300422	-73.094321	500.0						2017-08-09	9	8	2017	2542395	2542395	HUMAN_OBSERVATION	Université de Montréal Biodiversity Centre	CMMF			Raymond Archambault et Joseph Nuzzolese	2017-08-09T00:00:00	CC0_1_0		IRBV's graduate students			2024-01-24T17:29:10.060Z		
1412708237	21705170-d2b6-42de-8904-c3bca4b83591	CMMF016720	Fungi	Basidiomycota	Agaricomycetes	Polyporales	Fomitopsidaceae	Fomitopsis	Fomitopsis pinicola		SPECIES	Fomitopsis pinicola (Sw.) P.Karst.	Fomitopsis pinicola (Sw.) P. Karst.	(Sw.) P. Karst.	CA	Windigo, Québec.	Québec	PRESENT		ff7bd5db-b724-4932-b496-10ea298851f9	46.212407	-74.584549	5000.0						1987-07-15	15	7	1987	2542395	2542395	PRESERVED_SPECIMEN	Université de Montréal Biodiversity Centre	CMMF	CMMF016720		Audet, Serge	1998-06-06T00:00:00	CC0_1_0	Université de Montréal Biodiversity Centre	Audet, Serge			2024-01-24T16:38:19.884Z		INSTITUTION_MATCH_FUZZY;COLLECTION_MATCH_FUZZY;DIFFERENT_OWNER_INSTITUTION
1412707599	21705170-d2b6-42de-8904-c3bca4b83591	CMMF015974	Fungi	Basidiomycota	Agaricomycetes	Polyporales	Fomitopsidaceae	Fomitopsis	Fomitopsis pinicola		SPECIES	Fomitopsis pinicola (Sw.) P.Karst.	Fomitopsis pinicola (Sw.) P. Karst.	(Sw.) P. Karst.	CA	Chibougamau, Québec.	Québec	PRESENT		ff7bd5db-b724-4932-b496-10ea298851f9	49.911814	-74.372694	7000.0						1981-10-02	2	10	1981	2542395	2542395	PRESERVED_SPECIMEN	Université de Montréal Biodiversity Centre	CMMF	CMMF015974		Sirard, Léas		CC0_1_0	Université de Montréal Biodiversity Centre	Sirard, Léas			2024-01-24T16:38:17.519Z		INSTITUTION_MATCH_FUZZY;COLLECTION_MATCH_FUZZY;DIFFERENT_OWNER_INSTITUTION
1412707547	21705170-d2b6-42de-8904-c3bca4b83591	CMMF015972	Fungi	Basidiomycota	Agaricomycetes	Polyporales	Fomitopsidaceae	Fomitopsis	Fomitopsis pinicola		SPECIES	Fomitopsis pinicola (Sw.) P.Karst.	Fomitopsis pinicola (Sw.) P. Karst.	(Sw.) P. Karst.	CA	Montmagny, Québec.	Québec	PRESENT		ff7bd5db-b724-4932-b496-10ea298851f9	46.980077	-70.556636	20000.0						1987-06		6	1987	2542395	2542395	PRESERVED_SPECIMEN	Université de Montréal Biodiversity Centre	CMMF	CMMF015972		Boulet, Bruno		CC0_1_0	Université de Montréal Biodiversity Centre	Boulet, Bruno			2024-01-24T16:38:17.523Z		INSTITUTION_MATCH_FUZZY;COLLECTION_MATCH_FUZZY;DIFFERENT_OWNER_INSTITUTION
1412707510	21705170-d2b6-42de-8904-c3bca4b83591	CMMF015973	Fungi	Basidiomycota	Agaricomycetes	Polyporales	Fomitopsidaceae	Fomitopsis	Fomitopsis pinicola		SPECIES	Fomitopsis pinicola (Sw.) P.Karst.	Fomitopsis pinicola (Sw.) P. Karst.	(Sw.) P. Karst.	CA	Lauzon, Québec.	Québec	PRESENT		ff7bd5db-b724-4932-b496-10ea298851f9	46.818327	-71.159834	4000.0						1973-12-20/1974-03-20				2542395	2542395	PRESERVED_SPECIMEN	Université de Montréal Biodiversity Centre	CMMF	CMMF015973		Sirard, Léas; Boulet, Bruno		CC0_1_0	Université de Montréal Biodiversity Centre	Gauthier, J.C.			2024-01-24T16:38:17.527Z		INSTITUTION_MATCH_FUZZY;COLLECTION_MATCH_FUZZY;DIFFERENT_OWNER_INSTITUTION
1412706871	21705170-d2b6-42de-8904-c3bca4b83591	CMMF015287	Fungi	Basidiomycota	Agaricomycetes	Polyporales	Fomitopsidaceae	Fomitopsis	Fomitopsis pinicola		SPECIES	Fomitopsis pinicola (Sw.) P.Karst.	Fomitopsis pinicola (Sw.) P. Karst.	(Sw.) P. Karst.	CA	Shipshaw, Québec.	Québec	PRESENT		ff7bd5db-b724-4932-b496-10ea298851f9	48.466834	-71.263421	2500.0						1994-07-03	3	7	1994	2542395	2542395	PRESERVED_SPECIMEN	Université de Montréal Biodiversity Centre	CMMF	CMMF015287	866	Guérin, Gérard		CC0_1_0	Université de Montréal Biodiversity Centre	Guérin, Gérard			2024-01-24T16:38:17.041Z	StillImage	INSTITUTION_MATCH_FUZZY;COLLECTION_MATCH_FUZZY;DIFFERENT_OWNER_INSTITUTION
1135070872	21705170-d2b6-42de-8904-c3bca4b83591	CMMF009400	Fungi	Basidiomycota	Agaricomycetes	Polyporales	Fomitopsidaceae	Fomitopsis	Fomitopsis pinicola		SPECIES	Fomitopsis pinicola (Sw.) P.Karst.	Fomitopsis pinicola (Sw.) P. Karst.	(Sw.) P. Karst.	CA	Rue des Castors, Québec.	Québec	PRESENT		ff7bd5db-b724-4932-b496-10ea298851f9	46.891264	-71.290968	500.0						2006-10-19	19	10	2006	2542395	2542395	PRESERVED_SPECIMEN	Université de Montréal Biodiversity Centre	CMMF	CMMF009400	984	Labrecque, Jacqueline		CC0_1_0	Université de Montréal Biodiversity Centre	Labrecque, Jacqueline			2024-01-24T16:38:21.690Z		INSTITUTION_MATCH_FUZZY;COLLECTION_MATCH_FUZZY;DIFFERENT_OWNER_INSTITUTION
1135069344	21705170-d2b6-42de-8904-c3bca4b83591	CMMF007877	Fungi	Basidiomycota	Agaricomycetes	Polyporales	Fomitopsidaceae	Fomitopsis	Fomitopsis pinicola		SPECIES	Fomitopsis pinicola (Sw.) P.Karst.	Fomitopsis pinicola (Sw.) P. Karst.	(Sw.) P. Karst.	CA	Ste-Lucie-de-Beauregard	Québec	PRESENT		ff7bd5db-b724-4932-b496-10ea298851f9	46.683583	-70.042333	100.0						1979-07-07	7	7	1979	2542395	2542395	PRESERVED_SPECIMEN	Université de Montréal Biodiversity Centre	CMMF	CMMF007877	Inexistant	McNeil, Raymond		CC0_1_0	Université de Montréal Biodiversity Centre	McNeil, Raymond			2024-01-24T16:38:14.823Z	StillImage	COORDINATE_ROUNDED;INSTITUTION_MATCH_FUZZY;COLLECTION_MATCH_FUZZY;DIFFERENT_OWNER_INSTITUTION
1135069311	21705170-d2b6-42de-8904-c3bca4b83591	CMMF007811	Fungi	Basidiomycota	Agaricomycetes	Polyporales	Fomitopsidaceae	Fomitopsis	Fomitopsis pinicola		SPECIES	Fomitopsis pinicola (Sw.) P.Karst.	Fomitopsis pinicola (Sw.) P. Karst.	(Sw.) P. Karst.	CA	St-Fabien-de-Panet	Québec	PRESENT		ff7bd5db-b724-4932-b496-10ea298851f9	46.595	-70.174167	100.0						2008-07-04	4	7	2008	2542395	2542395	PRESERVED_SPECIMEN	Université de Montréal Biodiversity Centre	CMMF	CMMF007811	Inexistant	McNeil, Raymond		CC0_1_0	Université de Montréal Biodiversity Centre	McNeil, Raymond			2024-01-24T16:38:14.744Z	StillImage	COORDINATE_ROUNDED;INSTITUTION_MATCH_FUZZY;COLLECTION_MATCH_FUZZY;DIFFERENT_OWNER_INSTITUTION
1135069258	21705170-d2b6-42de-8904-c3bca4b83591	CMMF007809	Fungi	Basidiomycota	Agaricomycetes	Polyporales	Fomitopsidaceae	Fomitopsis	Fomitopsis pinicola		SPECIES	Fomitopsis pinicola (Sw.) P.Karst.	Fomitopsis pinicola (Sw.) P. Karst.	(Sw.) P. Karst.	CA	St-Fabien-de-Panet	Québec	PRESENT		ff7bd5db-b724-4932-b496-10ea298851f9	46.595	-70.174167	100.0						2007-07-03	3	7	2007	2542395	2542395	PRESERVED_SPECIMEN	Université de Montréal Biodiversity Centre	CMMF	CMMF007809	Inexistant	McNeil, Raymond		CC0_1_0	Université de Montréal Biodiversity Centre	McNeil, Raymond			2024-01-24T16:38:16.115Z	StillImage	COORDINATE_ROUNDED;INSTITUTION_MATCH_FUZZY;COLLECTION_MATCH_FUZZY;DIFFERENT_OWNER_INSTITUTION
1135069238	21705170-d2b6-42de-8904-c3bca4b83591	CMMF007799	Fungi	Basidiomycota	Agaricomycetes	Polyporales	Fomitopsidaceae	Fomitopsis	Fomitopsis pinicola		SPECIES	Fomitopsis pinicola (Sw.) P.Karst.	Fomitopsis pinicola (Sw.) P. Karst.	(Sw.) P. Karst.	CA	St-Fabien-de-Panet	Québec	PRESENT		ff7bd5db-b724-4932-b496-10ea298851f9	46.595	-70.174167	100.0						2005-07-13	13	7	2005	2542395	2542395	PRESERVED_SPECIMEN	Université de Montréal Biodiversity Centre	CMMF	CMMF007799	C2210	McNeil, Raymond		CC0_1_0	Université de Montréal Biodiversity Centre	McNeil, Raymond			2024-01-24T16:38:16.188Z	StillImage	COORDINATE_ROUNDED;INSTITUTION_MATCH_FUZZY;COLLECTION_MATCH_FUZZY;DIFFERENT_OWNER_INSTITUTION
1135069118	21705170-d2b6-42de-8904-c3bca4b83591	CMMF007676	Fungi	Basidiomycota	Agaricomycetes	Polyporales	Fomitopsidaceae	Fomitopsis	Fomitopsis pinicola		SPECIES	Fomitopsis pinicola (Sw.) P.Karst.	Fomitopsis pinicola (Sw.) P. Karst.	(Sw.) P. Karst.	CA	Saint-Liguori	Québec	PRESENT		ff7bd5db-b724-4932-b496-10ea298851f9	46.006517	-73.57175	100.0						1978-05-13	13	5	1978	2542395	2542395	PRESERVED_SPECIMEN	Université de Montréal Biodiversity Centre	CMMF	CMMF007676	230	McNeil, Raymond		CC0_1_0	Université de Montréal Biodiversity Centre	McNeil, Raymond			2024-01-24T16:38:16.066Z	StillImage	COORDINATE_ROUNDED;INSTITUTION_MATCH_FUZZY;COLLECTION_MATCH_FUZZY;DIFFERENT_OWNER_INSTITUTION
1135068666	21705170-d2b6-42de-8904-c3bca4b83591	CMMF007189	Fungi	Basidiomycota	Agaricomycetes	Polyporales	Fomitopsidaceae	Fomitopsis	Fomitopsis pinicola		SPECIES	Fomitopsis pinicola (Sw.) P.Karst.	Fomitopsis pinicola (Sw.) P. Karst.	(Sw.) P. Karst.	CA	Mirabel (Chemin de la Rivière du Nord)	Québec	PRESENT		ff7bd5db-b724-4932-b496-10ea298851f9	45.683917	-74.2185	100.0						2013-07-31	31	7	2013	2542395	2542395	PRESERVED_SPECIMEN	Université de Montréal Biodiversity Centre	CMMF	CMMF007189	C4211	McNeil, Raymond		CC0_1_0	Université de Montréal Biodiversity Centre	McNeil, Raymond			2024-01-24T16:38:21.061Z	StillImage	COORDINATE_ROUNDED;INSTITUTION_MATCH_FUZZY;COLLECTION_MATCH_FUZZY;DIFFERENT_OWNER_INSTITUTION
1135068522	21705170-d2b6-42de-8904-c3bca4b83591	CMMF007118	Fungi	Basidiomycota	Agaricomycetes	Polyporales	Fomitopsidaceae	Fomitopsis	Fomitopsis pinicola		SPECIES	Fomitopsis pinicola (Sw.) P.Karst.	Fomitopsis pinicola (Sw.) P. Karst.	(Sw.) P. Karst.	CA	Mirabel (Chemin de la Rivière du Nord)	Québec	PRESENT		ff7bd5db-b724-4932-b496-10ea298851f9	45.683917	-74.2185	100.0						2004-10-12	12	10	2004	2542395	2542395	PRESERVED_SPECIMEN	Université de Montréal Biodiversity Centre	CMMF	CMMF007118	C2110	McNeil, Raymond		CC0_1_0	Université de Montréal Biodiversity Centre	McNeil, Raymond			2024-01-24T16:38:21.176Z	StillImage	COORDINATE_ROUNDED;INSTITUTION_MATCH_FUZZY;COLLECTION_MATCH_FUZZY;DIFFERENT_OWNER_INSTITUTION
1135068474	21705170-d2b6-42de-8904-c3bca4b83591	CMMF006987	Fungi	Basidiomycota	Agaricomycetes	Polyporales	Fomitopsidaceae	Fomitopsis	Fomitopsis pinicola		SPECIES	Fomitopsis pinicola (Sw.) P.Karst.	Fomitopsis pinicola (Sw.) P. Karst.	(Sw.) P. Karst.	CA	Lachute	Québec	PRESENT		ff7bd5db-b724-4932-b496-10ea298851f9	45.66275	-74.241983	100.0						2005-10-29	29	10	2005	2542395	2542395	PRESERVED_SPECIMEN	Université de Montréal Biodiversity Centre	CMMF	CMMF006987	Inexistant	McNeil, Raymond		CC0_1_0	Université de Montréal Biodiversity Centre	McNeil, Raymond			2024-01-24T16:38:19.609Z	StillImage	COORDINATE_ROUNDED;INSTITUTION_MATCH_FUZZY;COLLECTION_MATCH_FUZZY;DIFFERENT_OWNER_INSTITUTION
1135068010	21705170-d2b6-42de-8904-c3bca4b83591	CMMF006523	Fungi	Basidiomycota	Agaricomycetes	Polyporales	Fomitopsidaceae	Fomitopsis	Fomitopsis pinicola		SPECIES	Fomitopsis pinicola (Sw.) P.Karst.	Fomitopsis pinicola (Sw.) P. Karst.	(Sw.) P. Karst.	CA	Saint-Lazare	Québec	PRESENT		ff7bd5db-b724-4932-b496-10ea298851f9	45.393333	-74.215833	100.0						2006-09-16	16	9	2006	2542395	2542395	PRESERVED_SPECIMEN	Université de Montréal Biodiversity Centre	CMMF	CMMF006523	Inexistant	McNeil, Raymond		CC0_1_0	Université de Montréal Biodiversity Centre	McNeil, Raymond			2024-01-24T16:38:18.366Z	StillImage	COORDINATE_ROUNDED;INSTITUTION_MATCH_FUZZY;COLLECTION_MATCH_FUZZY;DIFFERENT_OWNER_INSTITUTION
1135066813	21705170-d2b6-42de-8904-c3bca4b83591	CMMF010240	Fungi	Basidiomycota	Agaricomycetes	Polyporales	Fomitopsidaceae	Fomitopsis	Fomitopsis pinicola		SPECIES	Fomitopsis pinicola (Sw.) P.Karst.	Fomitopsis pinicola (Sw.) P. Karst.	(Sw.) P. Karst.	CA	Château Bigot, Québec.	Québec	PRESENT		ff7bd5db-b724-4932-b496-10ea298851f9	46.898375	-71.266801	2000.0						2007-10-18	18	10	2007	2542395	2542395	PRESERVED_SPECIMEN	Université de Montréal Biodiversity Centre	CMMF	CMMF010240	1826	Labrecque, Jacqueline		CC0_1_0	Université de Montréal Biodiversity Centre	Labrecque, Jacqueline			2024-01-24T16:38:21.527Z		INSTITUTION_MATCH_FUZZY;COLLECTION_MATCH_FUZZY;DIFFERENT_OWNER_INSTITUTION
1024558857	21705170-d2b6-42de-8904-c3bca4b83591	CMMF004284	Fungi	Basidiomycota	Agaricomycetes	Polyporales	Fomitopsidaceae	Fomitopsis	Fomitopsis pinicola		SPECIES	Fomitopsis pinicola (Sw.) P.Karst.	Fomitopsis pinicola (Sw.) P. Karst.	(Sw.) P. Karst.	CA	Réserve écologique du Boisé-des-Muir, Hinchinbrooke.	Québec	PRESENT		ff7bd5db-b724-4932-b496-10ea298851f9	45.084907	-74.116007	10.0						2012-07-09	9	7	2012	2542395	2542395	PRESERVED_SPECIMEN	Université de Montréal Biodiversity Centre	CMMF	CMMF004284	291	Nuzzolese, Joseph		CC0_1_0	Université de Montréal Biodiversity Centre	Archambault, Raymond; Langlois, Annabelle; McNeil, Raymond; Nuzzolese, Joseph; Turgon, Jean-Pierre			2024-01-24T16:38:18.714Z		INSTITUTION_MATCH_FUZZY;COLLECTION_MATCH_FUZZY;DIFFERENT_OWNER_INSTITUTION
