gbifID	datasetKey	occurrenceID	kingdom	phylum	class	order	family	genus	species	infraspecificEpithet	taxonRank	scientificName	verbatimScientificName	verbatimScientificNameAuthorship	countryCode	locality	stateProvince	occurrenceStatus	individualCount	publishingOrgKey	decimalLatitude	decimalLongitude	coordinateUncertaintyInMeters	coordinatePrecision	elevation	elevationAccuracy	depth	depthAccuracy	eventDate	day	month	year	taxonKey	speciesKey	basisOfRecord	institutionCode	collectionCode	catalogNumber	recordNumber	identifiedBy	dateIdentified	license	rightsHolder	recordedBy	typeStatus	establishmentMeans	lastInterpreted	mediaType	issue
694157489	d7cfd2ed-8af4-427f-a16e-eb66b7e2c419	16435	Fungi	Basidiomycota	Agaricomycetes	Agaricales	Amanitaceae	Amanita	Amanita bisporigera		SPECIES	Amanita bisporigera G.F.Atk.	Amanita bisporigera G.F. Atk.	G.F. Atk.	CA	Oxbow Lake	Ontario	PRESENT		ff418020-1d67-11d9-8435-b8a03c50a862	45.436105	-78.96698	1427.0						1941-08-17	17	8	1941	5452051	5452051	PRESERVED_SPECIMEN	Royal Ontario Museum	TRTC	TRTC018262		Cain, R.F.		CC0_1_0	Royal Ontario Museum	Cain, R.F.;			2024-01-25T00:59:39.427Z		COORDINATE_ROUNDED;AMBIGUOUS_INSTITUTION
617550843	21705170-d2b6-42de-8904-c3bca4b83591	CMMF002452	Fungi	Basidiomycota	Agaricomycetes	Agaricales	Amanitaceae	Amanita	Amanita bisporigera		SPECIES	Amanita bisporigera G.F.Atk.	Amanita bisporigera G.F. Atk.	G.F. Atk.	CA	Laval	Québec	PRESENT		ff7bd5db-b724-4932-b496-10ea298851f9	45.609608	-73.705867	17500.0						1995-07-07	7	7	1995	5452051	5452051	PRESERVED_SPECIMEN	Université de Montréal Biodiversity Centre	CMMF	CMMF002452		Lamoureux, Yves		CC0_1_0	Université de Montréal Biodiversity Centre	Lamoureux, Yves			2024-01-24T16:38:19.504Z	StillImage	INSTITUTION_MATCH_FUZZY;COLLECTION_MATCH_FUZZY;DIFFERENT_OWNER_INSTITUTION
617548443	21705170-d2b6-42de-8904-c3bca4b83591	CMMF001406	Fungi	Basidiomycota	Agaricomycetes	Agaricales	Amanitaceae	Amanita	Amanita bisporigera		SPECIES	Amanita bisporigera G.F.Atk.	Amanita bisporigera G.F. Atk.	G.F. Atk.	CA	Saint-Bruno-de-Montarville	Québec	PRESENT		ff7bd5db-b724-4932-b496-10ea298851f9	45.526599	-73.344507	5500.0						1991-08-18	18	8	1991	5452051	5452051	PRESERVED_SPECIMEN	Université de Montréal Biodiversity Centre	CMMF	CMMF001406		Lamoureux, Yves		CC0_1_0	Université de Montréal Biodiversity Centre	Lamoureux, Yves			2024-01-24T16:38:17.551Z	StillImage	INSTITUTION_MATCH_FUZZY;COLLECTION_MATCH_FUZZY;DIFFERENT_OWNER_INSTITUTION
617547649	21705170-d2b6-42de-8904-c3bca4b83591	CMMF000106	Fungi	Basidiomycota	Agaricomycetes	Agaricales	Amanitaceae	Amanita	Amanita bisporigera		SPECIES	Amanita bisporigera G.F.Atk.	Amanita bisporigera G.F. Atk.	G.F. Atk.	CA	Laval	Québec	PRESENT		ff7bd5db-b724-4932-b496-10ea298851f9	45.609608	-73.705867	17500.0						1988-07-29	29	7	1988	5452051	5452051	PRESERVED_SPECIMEN	Université de Montréal Biodiversity Centre	CMMF	CMMF000106		Lamoureux, Yves		CC0_1_0	Université de Montréal Biodiversity Centre	Lamoureux, Yves			2024-01-24T16:38:20.507Z	StillImage	INSTITUTION_MATCH_FUZZY;COLLECTION_MATCH_FUZZY;DIFFERENT_OWNER_INSTITUTION
4949837771	50c9509d-22c7-4a22-a47d-8c48425ef4a7	https://www.inaturalist.org/observations/239057609	Fungi	Basidiomycota	Agaricomycetes	Agaricales	Amanitaceae	Amanita	Amanita bisporigera		SPECIES	Amanita bisporigera G.F.Atk.	Amanita bisporigera		CA		Québec	PRESENT		28eb1a3f-1c15-4a95-931a-4af90ecb574d	45.75843	-73.622537	3.0						2024-08-31T14:11:25	31	8	2024	5452051	5452051	HUMAN_OBSERVATION	iNaturalist	Observations	239057609		Mical	2024-08-31T22:04:10	CC_BY_4_0	Mical	Mical			2025-01-14T13:43:02.608Z	StillImage	COORDINATE_ROUNDED;CONTINENT_DERIVED_FROM_COORDINATES;TAXON_MATCH_TAXON_ID_IGNORED
4946179634	50c9509d-22c7-4a22-a47d-8c48425ef4a7	https://www.inaturalist.org/observations/240837577	Fungi	Basidiomycota	Agaricomycetes	Agaricales	Amanitaceae	Amanita	Amanita bisporigera		SPECIES	Amanita bisporigera G.F.Atk.	Amanita bisporigera		CA		Québec	PRESENT		28eb1a3f-1c15-4a95-931a-4af90ecb574d	45.654801	-75.676077	2.0						2024-09-09T18:20:22	9	9	2024	5452051	5452051	HUMAN_OBSERVATION	iNaturalist	Observations	240837577		Anthony Gaston	2024-09-09T22:23:26	CC_BY_NC_4_0	Anthony Gaston	Anthony Gaston			2025-01-14T12:57:20.369Z	StillImage	COORDINATE_ROUNDED;CONTINENT_DERIVED_FROM_COORDINATES;TAXON_MATCH_TAXON_ID_IGNORED
4945607324	50c9509d-22c7-4a22-a47d-8c48425ef4a7	https://www.inaturalist.org/observations/240825619	Fungi	Basidiomycota	Agaricomycetes	Agaricales	Amanitaceae	Amanita	Amanita bisporigera		SPECIES	Amanita bisporigera G.F.Atk.	Amanita bisporigera		CA		Québec	PRESENT		28eb1a3f-1c15-4a95-931a-4af90ecb574d	45.548464	-73.462782	61.0						2024-08-25T11:05	25	8	2024	5452051	5452051	HUMAN_OBSERVATION	iNaturalist	Observations	240825619		Antoine Fortin	2024-09-09T21:09:30	CC_BY_NC_4_0	Antoine Fortin	Antoine Fortin			2025-01-14T12:50:18.893Z	StillImage	COORDINATE_ROUNDED;CONTINENT_DERIVED_FROM_COORDINATES;TAXON_MATCH_TAXON_ID_IGNORED
4936317829	50c9509d-22c7-4a22-a47d-8c48425ef4a7	https://www.inaturalist.org/observations/90799270	Fungi	Basidiomycota	Agaricomycetes	Agaricales	Amanitaceae	Amanita	Amanita bisporigera		SPECIES	Amanita bisporigera G.F.Atk.	Amanita bisporigera		CA		New Brunswick	PRESENT		28eb1a3f-1c15-4a95-931a-4af90ecb574d	45.955765	-66.666972	70.0						2021-08-11T14:24:17	11	8	2021	5452051	5452051	HUMAN_OBSERVATION	iNaturalist	Observations	90799270		Jules Amanita	2021-08-11T18:57:10	CC_BY_4_0	adamfritz	adamfritz			2025-01-14T13:13:59.144Z	StillImage	COORDINATE_ROUNDED;CONTINENT_DERIVED_FROM_COORDINATES;TAXON_MATCH_TAXON_ID_IGNORED
4926002670	50c9509d-22c7-4a22-a47d-8c48425ef4a7	https://www.inaturalist.org/observations/234171288	Fungi	Basidiomycota	Agaricomycetes	Agaricales	Amanitaceae	Amanita	Amanita bisporigera		SPECIES	Amanita bisporigera G.F.Atk.	Amanita bisporigera		CA		Ontario	PRESENT		28eb1a3f-1c15-4a95-931a-4af90ecb574d	45.591472	-78.370453	9.0						2024-08-06T06:45:25	6	8	2024	5452051	5452051	HUMAN_OBSERVATION	iNaturalist	Observations	234171288		kaedenmacd	2024-08-09T17:36:16	CC_BY_NC_4_0	kiteabird	kiteabird			2025-01-14T12:56:05.031Z	StillImage	COORDINATE_ROUNDED;CONTINENT_DERIVED_FROM_COORDINATES;TAXON_MATCH_TAXON_ID_IGNORED
4924000682	50c9509d-22c7-4a22-a47d-8c48425ef4a7	https://www.inaturalist.org/observations/234650325	Fungi	Basidiomycota	Agaricomycetes	Agaricales	Amanitaceae	Amanita	Amanita bisporigera		SPECIES	Amanita bisporigera G.F.Atk.	Amanita bisporigera		CA		Québec	PRESENT		28eb1a3f-1c15-4a95-931a-4af90ecb574d	45.477741	-74.021359	3596.0						2024-08-06T10:24	6	8	2024	5452051	5452051	HUMAN_OBSERVATION	iNaturalist	Observations	234650325		Annabelle Langlois	2024-08-09T06:44:16	CC_BY_NC_4_0	Annabelle Langlois	Annabelle Langlois			2025-01-14T12:47:59.556Z	StillImage	COORDINATE_ROUNDED;CONTINENT_DERIVED_FROM_COORDINATES;TAXON_MATCH_TAXON_ID_IGNORED
4923691813	50c9509d-22c7-4a22-a47d-8c48425ef4a7	https://www.inaturalist.org/observations/234243321	Fungi	Basidiomycota	Agaricomycetes	Agaricales	Amanitaceae	Amanita	Amanita bisporigera		SPECIES	Amanita bisporigera G.F.Atk.	Amanita bisporigera		CA		Ontario	PRESENT		28eb1a3f-1c15-4a95-931a-4af90ecb574d	45.371032	-75.797049	8.0						2024-08-06T11:13	6	8	2024	5452051	5452051	HUMAN_OBSERVATION	iNaturalist	Observations	234243321		Deborah Mosher	2024-08-06T23:41:44	CC_BY_NC_4_0	Deborah Mosher	Deborah Mosher			2025-01-14T13:42:55.984Z	StillImage	COORDINATE_ROUNDED;CONTINENT_DERIVED_FROM_COORDINATES;TAXON_MATCH_TAXON_ID_IGNORED
4921514075	50c9509d-22c7-4a22-a47d-8c48425ef4a7	https://www.inaturalist.org/observations/232802889	Fungi	Basidiomycota	Agaricomycetes	Agaricales	Amanitaceae	Amanita	Amanita bisporigera		SPECIES	Amanita bisporigera G.F.Atk.	Amanita bisporigera		CA		Québec	PRESENT		28eb1a3f-1c15-4a95-931a-4af90ecb574d	46.666992	-73.015433	10.0						2024-07-29T12:09:27	29	7	2024	5452051	5452051	HUMAN_OBSERVATION	iNaturalist	Observations	232802889		sylvia_heredia	2024-07-31T00:10:46	CC_BY_NC_4_0	sylvia_heredia	sylvia_heredia			2025-01-14T12:55:44.943Z	StillImage	COORDINATE_ROUNDED;CONTINENT_DERIVED_FROM_COORDINATES;TAXON_MATCH_TAXON_ID_IGNORED
4919462827	50c9509d-22c7-4a22-a47d-8c48425ef4a7	https://www.inaturalist.org/observations/229563366	Fungi	Basidiomycota	Agaricomycetes	Agaricales	Amanitaceae	Amanita	Amanita bisporigera		SPECIES	Amanita bisporigera G.F.Atk.	Amanita bisporigera		CA		Québec	PRESENT		28eb1a3f-1c15-4a95-931a-4af90ecb574d	45.546891	-73.463472	31.0						2024-07-14T11:38	14	7	2024	5452051	5452051	HUMAN_OBSERVATION	iNaturalist	Observations	229563366		Antoine Fortin	2024-07-15T19:58:10	CC_BY_NC_4_0	Antoine Fortin	Antoine Fortin			2025-01-14T13:42:20.312Z	StillImage	COORDINATE_ROUNDED;CONTINENT_DERIVED_FROM_COORDINATES;TAXON_MATCH_TAXON_ID_IGNORED
4919345875	50c9509d-22c7-4a22-a47d-8c48425ef4a7	https://www.inaturalist.org/observations/231591253	Fungi	Basidiomycota	Agaricomycetes	Agaricales	Amanitaceae	Amanita	Amanita bisporigera		SPECIES	Amanita bisporigera G.F.Atk.	Amanita bisporigera		CA		Québec	PRESENT		28eb1a3f-1c15-4a95-931a-4af90ecb574d	46.725298	-72.796103	87.0						2024-07-25T07:03:12	25	7	2024	5452051	5452051	HUMAN_OBSERVATION	iNaturalist	Observations	231591253		huxleyr	2024-07-25T11:04:55	CC_BY_NC_4_0	huxleyr	huxleyr			2025-01-14T12:51:43.785Z	StillImage	COORDINATE_ROUNDED;CONTINENT_DERIVED_FROM_COORDINATES;TAXON_MATCH_TAXON_ID_IGNORED
4510318474	50c9509d-22c7-4a22-a47d-8c48425ef4a7	https://www.inaturalist.org/observations/194687524	Fungi	Basidiomycota	Agaricomycetes	Agaricales	Amanitaceae	Amanita	Amanita bisporigera		SPECIES	Amanita bisporigera G.F.Atk.	Amanita bisporigera		CA		Ontario	PRESENT		28eb1a3f-1c15-4a95-931a-4af90ecb574d	45.172617	-78.829851	122.0						2023-07-12T14:34	12	7	2023	5452051	5452051	HUMAN_OBSERVATION	iNaturalist	Observations	194687524		Jan Thornhill	2023-12-23T22:18:01	CC_BY_NC_4_0	Jan Thornhill	Jan Thornhill			2025-01-14T13:35:02.646Z	StillImage	COORDINATE_ROUNDED;CONTINENT_DERIVED_FROM_COORDINATES;TAXON_MATCH_TAXON_ID_IGNORED
4507593422	50c9509d-22c7-4a22-a47d-8c48425ef4a7	https://www.inaturalist.org/observations/59393359	Fungi	Basidiomycota	Agaricomycetes	Agaricales	Amanitaceae	Amanita	Amanita bisporigera		SPECIES	Amanita bisporigera G.F.Atk.	Amanita bisporigera		CA		Ontario	PRESENT		28eb1a3f-1c15-4a95-931a-4af90ecb574d	45.50801	-75.336958	181.0						2020-09-12T10:34	12	9	2020	5452051	5452051	HUMAN_OBSERVATION	iNaturalist	Observations	59393359		Mike Leveille	2020-09-13T00:45:50	CC_BY_NC_4_0	Mike Leveille	Mike Leveille			2025-01-14T13:14:11.188Z	StillImage	COORDINATE_ROUNDED;CONTINENT_DERIVED_FROM_COORDINATES;TAXON_MATCH_TAXON_ID_IGNORED
4507571125	50c9509d-22c7-4a22-a47d-8c48425ef4a7	https://www.inaturalist.org/observations/182390946	Fungi	Basidiomycota	Agaricomycetes	Agaricales	Amanitaceae	Amanita	Amanita bisporigera		SPECIES	Amanita bisporigera G.F.Atk.	Amanita bisporigera		CA		Ontario	PRESENT		28eb1a3f-1c15-4a95-931a-4af90ecb574d	45.385294	-75.7016							2023-09-07T15:30:31	7	9	2023	5452051	5452051	HUMAN_OBSERVATION	iNaturalist	Observations	182390946		alitheabsurd	2023-09-08T23:17:08	CC_BY_NC_4_0	alitheabsurd	alitheabsurd			2025-01-14T12:40:02.712Z	StillImage	COORDINATE_ROUNDED;CONTINENT_DERIVED_FROM_COORDINATES;TAXON_MATCH_TAXON_ID_IGNORED
4507571040	50c9509d-22c7-4a22-a47d-8c48425ef4a7	https://www.inaturalist.org/observations/177291629	Fungi	Basidiomycota	Agaricomycetes	Agaricales	Amanitaceae	Amanita	Amanita bisporigera		SPECIES	Amanita bisporigera G.F.Atk.	Amanita bisporigera		CA		Ontario	PRESENT		28eb1a3f-1c15-4a95-931a-4af90ecb574d	45.293402	-75.824141	461.0						2023-08-07T18:06:03	7	8	2023	5452051	5452051	HUMAN_OBSERVATION	iNaturalist	Observations	177291629		Robert Courteau	2023-08-10T02:32:22	CC_BY_NC_4_0	TheMoistSally	TheMoistSally			2025-01-14T12:39:53.170Z	StillImage	COORDINATE_ROUNDED;CONTINENT_DERIVED_FROM_COORDINATES;TAXON_MATCH_TAXON_ID_IGNORED
4453847812	50c9509d-22c7-4a22-a47d-8c48425ef4a7	https://www.inaturalist.org/observations/174009457	Fungi	Basidiomycota	Agaricomycetes	Agaricales	Amanitaceae	Amanita	Amanita bisporigera		SPECIES	Amanita bisporigera G.F.Atk.	Amanita bisporigera		CA		Ontario	PRESENT		28eb1a3f-1c15-4a95-931a-4af90ecb574d	45.172617	-78.829851	122.0						2023-07-12T14:34	12	7	2023	5452051	5452051	HUMAN_OBSERVATION	iNaturalist	Observations	174009457		Jan Thornhill	2023-07-20T22:12:43	CC_BY_NC_4_0	Jan Thornhill	Jan Thornhill			2025-01-14T13:31:49.349Z	StillImage	COORDINATE_ROUNDED;CONTINENT_DERIVED_FROM_COORDINATES;TAXON_MATCH_TAXON_ID_IGNORED
4438756918	50c9509d-22c7-4a22-a47d-8c48425ef4a7	https://www.inaturalist.org/observations/180533939	Fungi	Basidiomycota	Agaricomycetes	Agaricales	Amanitaceae	Amanita	Amanita bisporigera		SPECIES	Amanita bisporigera G.F.Atk.	Amanita bisporigera		CA		Québec	PRESENT		28eb1a3f-1c15-4a95-931a-4af90ecb574d	46.361899	-74.973189	80.0						2023-08-27T19:02:51	27	8	2023	5452051	5452051	HUMAN_OBSERVATION	iNaturalist	Observations	180533939		Gaby Beland	2023-08-29T01:16:53	CC_BY_NC_4_0	biogil	biogil			2025-01-14T13:32:08.874Z	StillImage	COORDINATE_ROUNDED;CONTINENT_DERIVED_FROM_COORDINATES;TAXON_MATCH_TAXON_ID_IGNORED
4413704526	50c9509d-22c7-4a22-a47d-8c48425ef4a7	https://www.inaturalist.org/observations/182893290	Fungi	Basidiomycota	Agaricomycetes	Agaricales	Amanitaceae	Amanita	Amanita bisporigera		SPECIES	Amanita bisporigera G.F.Atk.	Amanita bisporigera		CA		Ontario	PRESENT		28eb1a3f-1c15-4a95-931a-4af90ecb574d	45.456274	-75.546265	41.0						2023-09-10T14:36	10	9	2023	5452051	5452051	HUMAN_OBSERVATION	iNaturalist	Observations	182893290		jonathan_mack	2023-09-12T01:50:24	CC_BY_NC_4_0	jonathan_mack	jonathan_mack			2025-01-14T12:40:01.195Z	StillImage	COORDINATE_ROUNDED;CONTINENT_DERIVED_FROM_COORDINATES;TAXON_MATCH_TAXON_ID_IGNORED
4407434631	50c9509d-22c7-4a22-a47d-8c48425ef4a7	https://www.inaturalist.org/observations/181799441	Fungi	Basidiomycota	Agaricomycetes	Agaricales	Amanitaceae	Amanita	Amanita bisporigera		SPECIES	Amanita bisporigera G.F.Atk.	Amanita bisporigera		CA		Québec	PRESENT		28eb1a3f-1c15-4a95-931a-4af90ecb574d	46.735063	-75.047653	12.0						2023-09-01T13:50:20	1	9	2023	5452051	5452051	HUMAN_OBSERVATION	iNaturalist	Observations	181799441		OVK!!	2023-09-04T20:34:25	CC_BY_4_0	Marilyne Busque-Dubois	Marilyne Busque-Dubois			2025-01-14T12:41:45.644Z	StillImage	COORDINATE_ROUNDED;CONTINENT_DERIVED_FROM_COORDINATES;TAXON_MATCH_TAXON_ID_IGNORED
4407293883	50c9509d-22c7-4a22-a47d-8c48425ef4a7	https://www.inaturalist.org/observations/181072458	Fungi	Basidiomycota	Agaricomycetes	Agaricales	Amanitaceae	Amanita	Amanita bisporigera		SPECIES	Amanita bisporigera G.F.Atk.	Amanita bisporigera		CA		Québec	PRESENT		28eb1a3f-1c15-4a95-931a-4af90ecb574d	45.567801	-75.716656	180.0						2023-08-30T12:49:35	30	8	2023	5452051	5452051	HUMAN_OBSERVATION	iNaturalist	Observations	181072458		Philippe Samborski	2023-08-31T16:34:26	CC_BY_NC_4_0	Philippe Samborski	Philippe Samborski			2025-01-14T13:40:55.230Z	StillImage	COORDINATE_ROUNDED;CONTINENT_DERIVED_FROM_COORDINATES;TAXON_MATCH_TAXON_ID_IGNORED
4405307864	50c9509d-22c7-4a22-a47d-8c48425ef4a7	https://www.inaturalist.org/observations/180009006	Fungi	Basidiomycota	Agaricomycetes	Agaricales	Amanitaceae	Amanita	Amanita bisporigera		SPECIES	Amanita bisporigera G.F.Atk.	Amanita bisporigera		CA		Québec	PRESENT		28eb1a3f-1c15-4a95-931a-4af90ecb574d	45.426113	-73.944763	4.0						2023-08-24T12:48:04	24	8	2023	5452051	5452051	HUMAN_OBSERVATION	iNaturalist	Observations	180009006		timfoster	2023-08-24T18:36:55	CC_BY_NC_4_0	timfoster	timfoster			2025-01-14T12:41:16.109Z	StillImage	COORDINATE_ROUNDED;CONTINENT_DERIVED_FROM_COORDINATES;TAXON_MATCH_TAXON_ID_IGNORED
4405128886	50c9509d-22c7-4a22-a47d-8c48425ef4a7	https://www.inaturalist.org/observations/178420472	Fungi	Basidiomycota	Agaricomycetes	Agaricales	Amanitaceae	Amanita	Amanita bisporigera		SPECIES	Amanita bisporigera G.F.Atk.	Amanita bisporigera		CA		Ontario	PRESENT		28eb1a3f-1c15-4a95-931a-4af90ecb574d	45.591568	-78.370405	28.0						2023-08-13T09:39:01	13	8	2023	5452051	5452051	HUMAN_OBSERVATION	iNaturalist	Observations	178420472		Quinten Wiegersma	2023-08-14T19:51:46	CC_BY_4_0	Quinten Wiegersma	Quinten Wiegersma			2025-01-14T12:40:30.125Z	StillImage	COORDINATE_ROUNDED;CONTINENT_DERIVED_FROM_COORDINATES;TAXON_MATCH_TAXON_ID_IGNORED
4400043560	50c9509d-22c7-4a22-a47d-8c48425ef4a7	https://www.inaturalist.org/observations/178770705	Fungi	Basidiomycota	Agaricomycetes	Agaricales	Amanitaceae	Amanita	Amanita bisporigera		SPECIES	Amanita bisporigera G.F.Atk.	Amanita bisporigera		CA		Québec	PRESENT		28eb1a3f-1c15-4a95-931a-4af90ecb574d	46.780108	-71.271451	31.0						2023-08-16T18:28:54	16	8	2023	5452051	5452051	HUMAN_OBSERVATION	iNaturalist	Observations	178770705		Camille Boucher	2023-08-17T00:32:42	CC_BY_NC_4_0	Camille Boucher	Camille Boucher			2025-01-14T12:39:27.947Z	StillImage	COORDINATE_ROUNDED;CONTINENT_DERIVED_FROM_COORDINATES;TAXON_MATCH_TAXON_ID_IGNORED
4177381702	50c9509d-22c7-4a22-a47d-8c48425ef4a7	https://www.inaturalist.org/observations/177980644	Fungi	Basidiomycota	Agaricomycetes	Agaricales	Amanitaceae	Amanita	Amanita bisporigera		SPECIES	Amanita bisporigera G.F.Atk.	Amanita bisporigera		CA		Ontario	PRESENT		28eb1a3f-1c15-4a95-931a-4af90ecb574d	45.55047	-78.651995	5.0						2023-08-07T16:20:32	7	8	2023	5452051	5452051	HUMAN_OBSERVATION	iNaturalist	Observations	177980644		Lynn Ovenden	2023-08-12T12:33:25	CC_BY_NC_4_0	Lynn Ovenden	Lynn Ovenden			2025-01-14T13:31:56.320Z	StillImage	CONTINENT_DERIVED_FROM_COORDINATES;TAXON_MATCH_TAXON_ID_IGNORED
4171964220	50c9509d-22c7-4a22-a47d-8c48425ef4a7	https://www.inaturalist.org/observations/176863077	Fungi	Basidiomycota	Agaricomycetes	Agaricales	Amanitaceae	Amanita	Amanita bisporigera		SPECIES	Amanita bisporigera G.F.Atk.	Amanita bisporigera		CA		Québec	PRESENT		28eb1a3f-1c15-4a95-931a-4af90ecb574d	46.838872	-79.193267	5202.0						2023-08-04T14:23:30	4	8	2023	5452051	5452051	HUMAN_OBSERVATION	iNaturalist	Observations	176863077		Gaby Beland	2023-08-05T23:00:36	CC_BY_NC_4_0	Edith van de Walle	Edith van de Walle			2025-01-14T13:32:10.501Z	StillImage	COORDINATE_ROUNDED;CONTINENT_DERIVED_FROM_COORDINATES;TAXON_MATCH_TAXON_ID_IGNORED
4171802537	50c9509d-22c7-4a22-a47d-8c48425ef4a7	https://www.inaturalist.org/observations/175659029	Fungi	Basidiomycota	Agaricomycetes	Agaricales	Amanitaceae	Amanita	Amanita bisporigera		SPECIES	Amanita bisporigera G.F.Atk.	Amanita bisporigera		CA		Québec	PRESENT		28eb1a3f-1c15-4a95-931a-4af90ecb574d	45.682155	-75.850753	13.0						2023-07-29T18:36:22	29	7	2023	5452051	5452051	HUMAN_OBSERVATION	iNaturalist	Observations	175659029		Celine Perrier	2023-07-30T02:47:40	CC_BY_NC_4_0	Celine Perrier	Celine Perrier			2025-01-14T12:38:02.735Z	StillImage	COORDINATE_ROUNDED;CONTINENT_DERIVED_FROM_COORDINATES;TAXON_MATCH_TAXON_ID_IGNORED
4171680774	50c9509d-22c7-4a22-a47d-8c48425ef4a7	https://www.inaturalist.org/observations/175069443	Fungi	Basidiomycota	Agaricomycetes	Agaricales	Amanitaceae	Amanita	Amanita bisporigera		SPECIES	Amanita bisporigera G.F.Atk.	Amanita bisporigera		CA		Ontario	PRESENT		28eb1a3f-1c15-4a95-931a-4af90ecb574d	45.204538	-76.22431	370.0						2023-07-26T12:21	26	7	2023	5452051	5452051	HUMAN_OBSERVATION	iNaturalist	Observations	175069443		Ken Allison	2023-07-26T17:30:21	CC_BY_NC_4_0	Ken Allison	Ken Allison			2025-01-14T13:31:40.415Z	StillImage	COORDINATE_ROUNDED;CONTINENT_DERIVED_FROM_COORDINATES;TAXON_MATCH_TAXON_ID_IGNORED
4165812319	50c9509d-22c7-4a22-a47d-8c48425ef4a7	https://www.inaturalist.org/observations/174603009	Fungi	Basidiomycota	Agaricomycetes	Agaricales	Amanitaceae	Amanita	Amanita bisporigera		SPECIES	Amanita bisporigera G.F.Atk.	Amanita bisporigera		CA		Québec	PRESENT		28eb1a3f-1c15-4a95-931a-4af90ecb574d	45.0242	-73.076317	4.0						2023-07-23T12:07:56	23	7	2023	5452051	5452051	HUMAN_OBSERVATION	iNaturalist	Observations	174603009		Mical	2023-07-24T01:29:25	CC_BY_4_0	Mical	Mical			2025-01-14T13:31:26.087Z	StillImage	COORDINATE_ROUNDED;CONTINENT_DERIVED_FROM_COORDINATES;TAXON_MATCH_TAXON_ID_IGNORED
4162068398	50c9509d-22c7-4a22-a47d-8c48425ef4a7	https://www.inaturalist.org/observations/130313362	Fungi	Basidiomycota	Agaricomycetes	Agaricales	Amanitaceae	Amanita	Amanita bisporigera		SPECIES	Amanita bisporigera G.F.Atk.	Amanita bisporigera		CA		Québec	PRESENT		28eb1a3f-1c15-4a95-931a-4af90ecb574d	45.361017	-72.210947							2022-08-10T12:38:03	10	8	2022	5452051	5452051	HUMAN_OBSERVATION	iNaturalist	Observations	130313362		North Ross	2022-08-11T00:06:23	CC0_1_0	North Ross	North Ross			2025-01-14T12:31:39.542Z	StillImage	COORDINATE_ROUNDED;CONTINENT_DERIVED_FROM_COORDINATES;TAXON_MATCH_TAXON_ID_IGNORED
4138006435	50c9509d-22c7-4a22-a47d-8c48425ef4a7	https://www.inaturalist.org/observations/129363118	Fungi	Basidiomycota	Agaricomycetes	Agaricales	Amanitaceae	Amanita	Amanita bisporigera		SPECIES	Amanita bisporigera G.F.Atk.	Amanita bisporigera		CA		Québec	PRESENT		28eb1a3f-1c15-4a95-931a-4af90ecb574d	45.529426	-73.431018	233.0						2022-08-03T17:52:01	3	8	2022	5452051	5452051	HUMAN_OBSERVATION	iNaturalist	Observations	129363118		wiy_alxn	2022-08-04T02:17:12	CC_BY_NC_4_0	wiy_alxn	wiy_alxn			2025-01-14T12:30:55.673Z	StillImage	COORDINATE_ROUNDED;CONTINENT_DERIVED_FROM_COORDINATES;TAXON_MATCH_TAXON_ID_IGNORED
4120958468	50c9509d-22c7-4a22-a47d-8c48425ef4a7	https://www.inaturalist.org/observations/142640133	Fungi	Basidiomycota	Agaricomycetes	Agaricales	Amanitaceae	Amanita	Amanita bisporigera		SPECIES	Amanita bisporigera G.F.Atk.	Amanita bisporigera		CA		Québec	PRESENT		28eb1a3f-1c15-4a95-931a-4af90ecb574d	46.072811	-76.805969	10.0						2022-09-10T15:20:42	10	9	2022	5452051	5452051	HUMAN_OBSERVATION	iNaturalist	Observations	142640133		rjayork	2022-11-23T01:13:34	CC_BY_NC_4_0	rjayork	rjayork			2025-01-14T12:32:37.345Z	StillImage	COORDINATE_ROUNDED;CONTINENT_DERIVED_FROM_COORDINATES;TAXON_MATCH_TAXON_ID_IGNORED
4046530342	50c9509d-22c7-4a22-a47d-8c48425ef4a7	https://www.inaturalist.org/observations/31942036	Fungi	Basidiomycota	Agaricomycetes	Agaricales	Amanitaceae	Amanita	Amanita bisporigera		SPECIES	Amanita bisporigera G.F.Atk.	Amanita bisporigera		CA		Québec	PRESENT		28eb1a3f-1c15-4a95-931a-4af90ecb574d	45.431453	-72.62783	16.0						2019-09-01T16:28:45	1	9	2019	5452051	5452051	HUMAN_OBSERVATION	iNaturalist	Observations	31942036		sloow	2019-09-01T20:40:01	CC_BY_NC_4_0	sloow	sloow			2025-01-14T12:10:15.746Z	StillImage	COORDINATE_ROUNDED;CONTINENT_DERIVED_FROM_COORDINATES;TAXON_MATCH_TAXON_ID_IGNORED
4006724770	50c9509d-22c7-4a22-a47d-8c48425ef4a7	https://www.inaturalist.org/observations/144357516	Fungi	Basidiomycota	Agaricomycetes	Agaricales	Amanitaceae	Amanita	Amanita bisporigera		SPECIES	Amanita bisporigera G.F.Atk.	Amanita bisporigera		CA		Québec	PRESENT		28eb1a3f-1c15-4a95-931a-4af90ecb574d	46.83591	-71.312827	15.0						2022-09-02	2	9	2022	5452051	5452051	HUMAN_OBSERVATION	iNaturalist	Observations	144357516		Zoe McCormick	2022-12-14T13:44:03	CC_BY_NC_4_0	Christian Grenier	Christian Grenier			2025-01-14T13:26:45.468Z	StillImage	COORDINATE_ROUNDED;CONTINENT_DERIVED_FROM_COORDINATES;TAXON_MATCH_TAXON_ID_IGNORED
3912234341	50c9509d-22c7-4a22-a47d-8c48425ef4a7	https://www.inaturalist.org/observations/135569087	Fungi	Basidiomycota	Agaricomycetes	Agaricales	Amanitaceae	Amanita	Amanita bisporigera		SPECIES	Amanita bisporigera G.F.Atk.	Amanita bisporigera		CA		New Brunswick	PRESENT		28eb1a3f-1c15-4a95-931a-4af90ecb574d	47.742088	-64.864533	8.0						2022-09-18T15:58:02	18	9	2022	5452051	5452051	HUMAN_OBSERVATION	iNaturalist	Observations	135569087		joannedaniel	2022-09-18T20:03:14	CC_BY_NC_4_0	joannedaniel	joannedaniel			2025-01-14T13:25:30.334Z	StillImage	COORDINATE_ROUNDED;CONTINENT_DERIVED_FROM_COORDINATES;TAXON_MATCH_TAXON_ID_IGNORED
3903635430	50c9509d-22c7-4a22-a47d-8c48425ef4a7	https://www.inaturalist.org/observations/134749657	Fungi	Basidiomycota	Agaricomycetes	Agaricales	Amanitaceae	Amanita	Amanita bisporigera		SPECIES	Amanita bisporigera G.F.Atk.	Amanita bisporigera		CA		New Brunswick	PRESENT		28eb1a3f-1c15-4a95-931a-4af90ecb574d	46.558383	-66.550163	14.0						2022-09-12T13:31:14	12	9	2022	5452051	5452051	HUMAN_OBSERVATION	iNaturalist	Observations	134749657		willa	2022-09-12T18:42:12	CC_BY_NC_4_0	dredbros	dredbros			2025-01-14T12:31:35.149Z	StillImage	COORDINATE_ROUNDED;CONTINENT_DERIVED_FROM_COORDINATES;TAXON_MATCH_TAXON_ID_IGNORED
3903150414	50c9509d-22c7-4a22-a47d-8c48425ef4a7	https://www.inaturalist.org/observations/133036513	Fungi	Basidiomycota	Agaricomycetes	Agaricales	Amanitaceae	Amanita	Amanita bisporigera		SPECIES	Amanita bisporigera G.F.Atk.	Amanita bisporigera		CA		Ontario	PRESENT		28eb1a3f-1c15-4a95-931a-4af90ecb574d	45.811422	-77.541319	122.0						2022-08-25T14:23	25	8	2022	5452051	5452051	HUMAN_OBSERVATION	iNaturalist	Observations	133036513		oleq	2022-08-31T03:00:09	CC_BY_NC_4_0	oleq	oleq			2025-01-14T13:25:12.038Z	StillImage	COORDINATE_ROUNDED;CONTINENT_DERIVED_FROM_COORDINATES;TAXON_MATCH_TAXON_ID_IGNORED
3903130259	50c9509d-22c7-4a22-a47d-8c48425ef4a7	https://www.inaturalist.org/observations/133114242	Fungi	Basidiomycota	Agaricomycetes	Agaricales	Amanitaceae	Amanita	Amanita bisporigera		SPECIES	Amanita bisporigera G.F.Atk.	Amanita bisporigera		CA		Ontario	PRESENT		28eb1a3f-1c15-4a95-931a-4af90ecb574d	46.096619	-77.49231	13857.0						2022-08-31T15:00:22	31	8	2022	5452051	5452051	HUMAN_OBSERVATION	iNaturalist	Observations	133114242		Caitlyn Howard	2022-08-31T19:00:42	CC_BY_NC_4_0	Caitlyn Howard	Caitlyn Howard			2025-01-14T12:33:22.502Z	StillImage	COORDINATE_ROUNDED;CONTINENT_DERIVED_FROM_COORDINATES;TAXON_MATCH_TAXON_ID_IGNORED
3902409834	50c9509d-22c7-4a22-a47d-8c48425ef4a7	https://www.inaturalist.org/observations/130397770	Fungi	Basidiomycota	Agaricomycetes	Agaricales	Amanitaceae	Amanita	Amanita bisporigera		SPECIES	Amanita bisporigera G.F.Atk.	Amanita bisporigera		CA		New Brunswick	PRESENT		28eb1a3f-1c15-4a95-931a-4af90ecb574d	45.322325	-66.049271	2983.0						2022-08-11T13:26:03	11	8	2022	5452051	5452051	HUMAN_OBSERVATION	iNaturalist	Observations	130397770		Todd Ross	2022-08-23T13:34:39	CC_BY_NC_4_0	MaJen	MaJen			2025-01-14T12:31:23.725Z	StillImage	COORDINATE_ROUNDED;CONTINENT_DERIVED_FROM_COORDINATES;TAXON_MATCH_TAXON_ID_IGNORED
3889075386	50c9509d-22c7-4a22-a47d-8c48425ef4a7	https://www.inaturalist.org/observations/130163216	Fungi	Basidiomycota	Agaricomycetes	Agaricales	Amanitaceae	Amanita	Amanita bisporigera		SPECIES	Amanita bisporigera G.F.Atk.	Amanita bisporigera		CA		Québec	PRESENT		28eb1a3f-1c15-4a95-931a-4af90ecb574d	45.920146	-72.007292	5.0						2022-08-09T13:54:04	9	8	2022	5452051	5452051	HUMAN_OBSERVATION	iNaturalist	Observations	130163216		willoughbyarevalo	2022-08-09T21:26:35	CC_BY_NC_4_0	willoughbyarevalo	willoughbyarevalo			2025-01-14T12:31:26.218Z	StillImage	COORDINATE_ROUNDED;CONTINENT_DERIVED_FROM_COORDINATES;TAXON_MATCH_TAXON_ID_IGNORED
3764537459	50c9509d-22c7-4a22-a47d-8c48425ef4a7	https://www.inaturalist.org/observations/112142691	Fungi	Basidiomycota	Agaricomycetes	Agaricales	Amanitaceae	Amanita	Amanita bisporigera		SPECIES	Amanita bisporigera G.F.Atk.	Amanita bisporigera		CA		Québec	PRESENT		28eb1a3f-1c15-4a95-931a-4af90ecb574d	46.118462	-74.596185	22910.0						2018-08-18T18:28	18	8	2018	5452051	5452051	HUMAN_OBSERVATION	iNaturalist	Observations	112142691		Gene Cheesemen	2022-05-01T20:05:37	CC_BY_NC_4_0	rudyclaeys	rudyclaeys			2025-01-14T13:14:20.064Z	StillImage	COORDINATE_ROUNDED;CONTINENT_DERIVED_FROM_COORDINATES;TAXON_MATCH_TAXON_ID_IGNORED
3468975555	50c9509d-22c7-4a22-a47d-8c48425ef4a7	https://www.inaturalist.org/observations/104252185	Fungi	Basidiomycota	Agaricomycetes	Agaricales	Amanitaceae	Amanita	Amanita bisporigera		SPECIES	Amanita bisporigera G.F.Atk.	Amanita bisporigera		CA		Ontario	PRESENT		28eb1a3f-1c15-4a95-931a-4af90ecb574d	45.569393	-78.394165							2021-09-09T15:35	9	9	2021	5452051	5452051	HUMAN_OBSERVATION	iNaturalist	Observations	104252185		cotinga	2022-01-03T06:56:03	CC_BY_NC_4_0	cotinga	cotinga			2025-01-14T13:25:20.839Z	StillImage	COORDINATE_ROUNDED;CONTINENT_DERIVED_FROM_COORDINATES;TAXON_MATCH_TAXON_ID_IGNORED
3385104542	50c9509d-22c7-4a22-a47d-8c48425ef4a7	https://www.inaturalist.org/observations/94483316	Fungi	Basidiomycota	Agaricomycetes	Agaricales	Amanitaceae	Amanita	Amanita bisporigera		SPECIES	Amanita bisporigera G.F.Atk.	Amanita bisporigera		CA		Ontario	PRESENT		28eb1a3f-1c15-4a95-931a-4af90ecb574d	46.298286	-78.870369	1464.0						2021-09-11T16:03:10	11	9	2021	5452051	5452051	HUMAN_OBSERVATION	iNaturalist	Observations	94483316		mirandadawn	2021-09-11T20:03:29	CC_BY_NC_4_0	mirandadawn	mirandadawn			2025-01-14T12:21:45.945Z	StillImage	COORDINATE_ROUNDED;CONTINENT_DERIVED_FROM_COORDINATES;TAXON_MATCH_TAXON_ID_IGNORED
3384498890	50c9509d-22c7-4a22-a47d-8c48425ef4a7	https://www.inaturalist.org/observations/96709133	Fungi	Basidiomycota	Agaricomycetes	Agaricales	Amanitaceae	Amanita	Amanita bisporigera		SPECIES	Amanita bisporigera G.F.Atk.	Amanita bisporigera		CA		Nova Scotia	PRESENT		28eb1a3f-1c15-4a95-931a-4af90ecb574d	45.036186	-64.596814	323.0						2021-09-30T11:05:35	30	9	2021	5452051	5452051	HUMAN_OBSERVATION	iNaturalist	Observations	96709133		tabbuchanan	2021-09-30T18:30:11	CC_BY_NC_4_0	tabbuchanan	tabbuchanan			2025-01-14T13:16:05.040Z	StillImage	COORDINATE_ROUNDED;CONTINENT_DERIVED_FROM_COORDINATES;TAXON_MATCH_TAXON_ID_IGNORED
3383877244	50c9509d-22c7-4a22-a47d-8c48425ef4a7	https://www.inaturalist.org/observations/93721052	Fungi	Basidiomycota	Agaricomycetes	Agaricales	Amanitaceae	Amanita	Amanita bisporigera		SPECIES	Amanita bisporigera G.F.Atk.	Amanita bisporigera		CA		Ontario	PRESENT		28eb1a3f-1c15-4a95-931a-4af90ecb574d	46.288954	-78.883508	133.0						2021-08-18T11:44	18	8	2021	5452051	5452051	HUMAN_OBSERVATION	iNaturalist	Observations	93721052		Mireille Delisle-Oldham	2021-09-05T14:57:00	CC_BY_NC_4_0	Mireille Delisle-Oldham	Mireille Delisle-Oldham			2025-01-14T12:23:27.939Z	StillImage	COORDINATE_ROUNDED;CONTINENT_DERIVED_FROM_COORDINATES;TAXON_MATCH_TAXON_ID_IGNORED
3383848529	50c9509d-22c7-4a22-a47d-8c48425ef4a7	https://www.inaturalist.org/observations/58063767	Fungi	Basidiomycota	Agaricomycetes	Agaricales	Amanitaceae	Amanita	Amanita bisporigera		SPECIES	Amanita bisporigera G.F.Atk.	Amanita bisporigera		CA		Ontario	PRESENT		28eb1a3f-1c15-4a95-931a-4af90ecb574d	46.289795	-78.88398	12.0						2020-08-30T14:43:37	30	8	2020	5452051	5452051	HUMAN_OBSERVATION	iNaturalist	Observations	58063767		Mireille Delisle-Oldham	2020-08-30T19:12:53	CC_BY_NC_4_0	Mireille Delisle-Oldham	Mireille Delisle-Oldham			2025-01-14T13:10:27.714Z	StillImage	CONTINENT_DERIVED_FROM_COORDINATES;TAXON_MATCH_TAXON_ID_IGNORED
3355460757	50c9509d-22c7-4a22-a47d-8c48425ef4a7	https://www.inaturalist.org/observations/91345828	Fungi	Basidiomycota	Agaricomycetes	Agaricales	Amanitaceae	Amanita	Amanita bisporigera		SPECIES	Amanita bisporigera G.F.Atk.	Amanita bisporigera		CA		Québec	PRESENT		28eb1a3f-1c15-4a95-931a-4af90ecb574d	46.553036	-72.491211	3400.0						2021-08-15T19:53:45	15	8	2021	5452051	5452051	HUMAN_OBSERVATION	iNaturalist	Observations	91345828		Cindy	2021-08-15T23:53:51	CC_BY_NC_4_0	Cindy	Cindy			2025-01-14T13:13:42.883Z	StillImage	COORDINATE_ROUNDED;CONTINENT_DERIVED_FROM_COORDINATES;TAXON_MATCH_TAXON_ID_IGNORED
3355136492	50c9509d-22c7-4a22-a47d-8c48425ef4a7	https://www.inaturalist.org/observations/93217102	Fungi	Basidiomycota	Agaricomycetes	Agaricales	Amanitaceae	Amanita	Amanita bisporigera		SPECIES	Amanita bisporigera G.F.Atk.	Amanita bisporigera		CA		Ontario	PRESENT		28eb1a3f-1c15-4a95-931a-4af90ecb574d	45.582998	-78.527289	789.0						2021-08-18T08:02	18	8	2021	5452051	5452051	HUMAN_OBSERVATION	iNaturalist	Observations	93217102		Cameron Chevalier	2021-09-01T01:45:28	CC_BY_NC_4_0	Cameron Chevalier	Cameron Chevalier			2025-01-14T12:22:42.929Z	StillImage	COORDINATE_ROUNDED;CONTINENT_DERIVED_FROM_COORDINATES;TAXON_MATCH_TAXON_ID_IGNORED
3070451493	50c9509d-22c7-4a22-a47d-8c48425ef4a7	https://www.inaturalist.org/observations/71993427	Fungi	Basidiomycota	Agaricomycetes	Agaricales	Amanitaceae	Amanita	Amanita bisporigera		SPECIES	Amanita bisporigera G.F.Atk.	Amanita bisporigera		CA		Québec	PRESENT		28eb1a3f-1c15-4a95-931a-4af90ecb574d	45.38379	-75.815572	100.0						2020-08-23T09:11:04	23	8	2020	5452051	5452051	HUMAN_OBSERVATION	iNaturalist	Observations	71993427		Jules Amanita	2021-03-25T03:03:45	CC_BY_NC_4_0	Owen Clarkin	Owen Clarkin			2025-01-14T12:17:02.916Z	StillImage	CONTINENT_DERIVED_FROM_COORDINATES;TAXON_MATCH_TAXON_ID_IGNORED
2868284481	50c9509d-22c7-4a22-a47d-8c48425ef4a7	https://www.inaturalist.org/observations/57136907	Fungi	Basidiomycota	Agaricomycetes	Agaricales	Amanitaceae	Amanita	Amanita bisporigera		SPECIES	Amanita bisporigera G.F.Atk.	Amanita bisporigera		CA		Québec	PRESENT		28eb1a3f-1c15-4a95-931a-4af90ecb574d	45.879018	-76.44109	15.0						2020-08-18T17:21	18	8	2020	5452051	5452051	HUMAN_OBSERVATION	iNaturalist	Observations	57136907		Serguei Ponomarenko	2020-08-21T17:01:49	CC_BY_NC_4_0	Serguei Ponomarenko	Serguei Ponomarenko			2025-01-14T13:03:38.271Z	StillImage	COORDINATE_ROUNDED;CONTINENT_DERIVED_FROM_COORDINATES;TAXON_MATCH_TAXON_ID_IGNORED
2868119652	50c9509d-22c7-4a22-a47d-8c48425ef4a7	https://www.inaturalist.org/observations/60199877	Fungi	Basidiomycota	Agaricomycetes	Agaricales	Amanitaceae	Amanita	Amanita bisporigera		SPECIES	Amanita bisporigera G.F.Atk.	Amanita bisporigera		CA		Ontario	PRESENT		28eb1a3f-1c15-4a95-931a-4af90ecb574d	45.591762	-78.370665	47.0						2020-09-20T11:14	20	9	2020	5452051	5452051	HUMAN_OBSERVATION	iNaturalist	Observations	60199877		s_dobbs_	2020-09-20T15:58:51	CC_BY_NC_4_0	s_dobbs_	s_dobbs_			2025-01-14T13:09:52.429Z	StillImage	COORDINATE_ROUNDED;CONTINENT_DERIVED_FROM_COORDINATES;TAXON_MATCH_TAXON_ID_IGNORED
2864617646	50c9509d-22c7-4a22-a47d-8c48425ef4a7	https://www.inaturalist.org/observations/59187150	Fungi	Basidiomycota	Agaricomycetes	Agaricales	Amanitaceae	Amanita	Amanita bisporigera		SPECIES	Amanita bisporigera G.F.Atk.	Amanita bisporigera		CA		Ontario	PRESENT		28eb1a3f-1c15-4a95-931a-4af90ecb574d	45.124758	-78.2276							2020-09-10T11:40:25	10	9	2020	5452051	5452051	HUMAN_OBSERVATION	iNaturalist	Observations	59187150		annapk	2020-09-11T02:14:52	CC_BY_NC_4_0	annapk	annapk			2025-01-14T12:14:37.426Z	StillImage	COORDINATE_ROUNDED;CONTINENT_DERIVED_FROM_COORDINATES;TAXON_MATCH_TAXON_ID_IGNORED
2862558646	50c9509d-22c7-4a22-a47d-8c48425ef4a7	https://www.inaturalist.org/observations/58546095	Fungi	Basidiomycota	Agaricomycetes	Agaricales	Amanitaceae	Amanita	Amanita bisporigera		SPECIES	Amanita bisporigera G.F.Atk.	Amanita bisporigera		CA		Ontario	PRESENT		28eb1a3f-1c15-4a95-931a-4af90ecb574d	45.433588	-76.325142	8.0						2020-09-04T13:38:57	4	9	2020	5452051	5452051	HUMAN_OBSERVATION	iNaturalist	Observations	58546095		Keith Seifert	2020-09-04T21:33:41	CC0_1_0	Keith Seifert	Keith Seifert			2025-01-14T13:09:41.162Z	StillImage	COORDINATE_ROUNDED;CONTINENT_DERIVED_FROM_COORDINATES;TAXON_MATCH_TAXON_ID_IGNORED
2856769913	50c9509d-22c7-4a22-a47d-8c48425ef4a7	https://www.inaturalist.org/observations/57353826	Fungi	Basidiomycota	Agaricomycetes	Agaricales	Amanitaceae	Amanita	Amanita bisporigera		SPECIES	Amanita bisporigera G.F.Atk.	Amanita bisporigera		CA		Ontario	PRESENT		28eb1a3f-1c15-4a95-931a-4af90ecb574d	45.588597	-78.374488	10.0						2020-08-23T10:23:50	23	8	2020	5452051	5452051	HUMAN_OBSERVATION	iNaturalist	Observations	57353826		Jeffrey H. Skevington	2020-08-23T17:28:34	CC_BY_NC_4_0	Jeffrey H. Skevington	Jeffrey H. Skevington			2025-01-14T13:09:49.014Z	StillImage	COORDINATE_ROUNDED;CONTINENT_DERIVED_FROM_COORDINATES;TAXON_MATCH_TAXON_ID_IGNORED
2856684447	50c9509d-22c7-4a22-a47d-8c48425ef4a7	https://www.inaturalist.org/observations/57698808	Fungi	Basidiomycota	Agaricomycetes	Agaricales	Amanitaceae	Amanita	Amanita bisporigera		SPECIES	Amanita bisporigera G.F.Atk.	Amanita bisporigera		CA		Ontario	PRESENT		28eb1a3f-1c15-4a95-931a-4af90ecb574d	46.261355	-79.303321							2020-08-26T15:45:37	26	8	2020	5452051	5452051	HUMAN_OBSERVATION	iNaturalist	Observations	57698808		Lucas Beaver	2020-08-27T02:00:10	CC_BY_NC_4_0	Lucas Beaver	Lucas Beaver			2025-01-14T13:09:51.899Z	StillImage	COORDINATE_ROUNDED;CONTINENT_DERIVED_FROM_COORDINATES;TAXON_MATCH_TAXON_ID_IGNORED
2851219181	50c9509d-22c7-4a22-a47d-8c48425ef4a7	https://www.inaturalist.org/observations/56028482	Fungi	Basidiomycota	Agaricomycetes	Agaricales	Amanitaceae	Amanita	Amanita bisporigera		SPECIES	Amanita bisporigera G.F.Atk.	Amanita bisporigera		CA		Ontario	PRESENT		28eb1a3f-1c15-4a95-931a-4af90ecb574d	45.389286	-79.204716	132.0						2020-08-09T14:36:54	9	8	2020	5452051	5452051	HUMAN_OBSERVATION	iNaturalist	Observations	56028482		Hugo Basurto	2020-08-16T02:40:47	CC_BY_NC_4_0	chasinggaia	chasinggaia			2025-01-14T13:02:57.519Z	StillImage	COORDINATE_ROUNDED;CONTINENT_DERIVED_FROM_COORDINATES;TAXON_MATCH_TAXON_ID_IGNORED
2851127322	50c9509d-22c7-4a22-a47d-8c48425ef4a7	https://www.inaturalist.org/observations/56095707	Fungi	Basidiomycota	Agaricomycetes	Agaricales	Amanitaceae	Amanita	Amanita bisporigera		SPECIES	Amanita bisporigera G.F.Atk.	Amanita bisporigera		CA		Ontario	PRESENT		28eb1a3f-1c15-4a95-931a-4af90ecb574d	45.574678	-78.533048							2020-08-10	10	8	2020	5452051	5452051	HUMAN_OBSERVATION	iNaturalist	Observations	56095707		Brad Demers	2020-08-11T03:30:23	CC_BY_NC_4_0	Brad Demers	Brad Demers			2025-01-14T12:14:25.241Z	StillImage	COORDINATE_ROUNDED;CONTINENT_DERIVED_FROM_COORDINATES;TAXON_MATCH_TAXON_ID_IGNORED
2850652165	50c9509d-22c7-4a22-a47d-8c48425ef4a7	https://www.inaturalist.org/observations/56028839	Fungi	Basidiomycota	Agaricomycetes	Agaricales	Amanitaceae	Amanita	Amanita bisporigera		SPECIES	Amanita bisporigera G.F.Atk.	Amanita bisporigera		CA		Ontario	PRESENT		28eb1a3f-1c15-4a95-931a-4af90ecb574d	45.574737	-78.533886	8.0						2020-08-10T10:32:36	10	8	2020	5452051	5452051	HUMAN_OBSERVATION	iNaturalist	Observations	56028839		Dan MacNeal	2020-08-10T14:35:46	CC_BY_4_0	Dan MacNeal	Dan MacNeal			2025-01-14T12:14:24.208Z	StillImage	COORDINATE_ROUNDED;CONTINENT_DERIVED_FROM_COORDINATES;TAXON_MATCH_TAXON_ID_IGNORED
2609070856	50c9509d-22c7-4a22-a47d-8c48425ef4a7	https://www.inaturalist.org/observations/16673856	Fungi	Basidiomycota	Agaricomycetes	Agaricales	Amanitaceae	Amanita	Amanita bisporigera		SPECIES	Amanita bisporigera G.F.Atk.	Amanita bisporigera		CA		New Brunswick	PRESENT		28eb1a3f-1c15-4a95-931a-4af90ecb574d	45.128911	-66.524911							2018-09-18T15:48	18	9	2018	5452051	5452051	HUMAN_OBSERVATION	iNaturalist	Observations	16673856		Ken Ramey	2018-09-19T00:20:20	CC_BY_NC_4_0	Ken Ramey	Ken Ramey			2025-01-14T12:05:50.654Z	StillImage	COORDINATE_ROUNDED;CONTINENT_DERIVED_FROM_COORDINATES;TAXON_MATCH_TAXON_ID_IGNORED
2580256238	50c9509d-22c7-4a22-a47d-8c48425ef4a7	https://www.inaturalist.org/observations/39204047	Fungi	Basidiomycota	Agaricomycetes	Agaricales	Amanitaceae	Amanita	Amanita bisporigera		SPECIES	Amanita bisporigera G.F.Atk.	Amanita bisporigera		CA		Québec	PRESENT		28eb1a3f-1c15-4a95-931a-4af90ecb574d	45.562182	-75.441335	244.0						2017-09-02	2	9	2017	5452051	5452051	HUMAN_OBSERVATION	iNaturalist	Observations	39204047		Christian Grenier	2020-02-25T12:53:46	CC_BY_NC_4_0	Christian Grenier	Christian Grenier			2025-01-14T13:06:13.724Z	StillImage	COORDINATE_ROUNDED;CONTINENT_DERIVED_FROM_COORDINATES;TAXON_MATCH_TAXON_ID_IGNORED
2579357759	50c9509d-22c7-4a22-a47d-8c48425ef4a7	https://www.inaturalist.org/observations/27403823	Fungi	Basidiomycota	Agaricomycetes	Agaricales	Amanitaceae	Amanita	Amanita bisporigera		SPECIES	Amanita bisporigera G.F.Atk.	Amanita bisporigera		CA		New Brunswick	PRESENT		28eb1a3f-1c15-4a95-931a-4af90ecb574d	45.965469	-66.91649	263.0						2018-08-24T14:09	24	8	2018	5452051	5452051	HUMAN_OBSERVATION	iNaturalist	Observations	27403823		Aidan Hicks	2019-06-21T23:11:30	CC_BY_NC_4_0	Aidan Hicks	Aidan Hicks			2025-01-14T12:08:00.302Z	StillImage	COORDINATE_ROUNDED;CONTINENT_DERIVED_FROM_COORDINATES;TAXON_MATCH_TAXON_ID_IGNORED
2294667564	50c9509d-22c7-4a22-a47d-8c48425ef4a7	https://www.inaturalist.org/observations/29472171	Fungi	Basidiomycota	Agaricomycetes	Agaricales	Amanitaceae	Amanita	Amanita bisporigera		SPECIES	Amanita bisporigera G.F.Atk.	Amanita bisporigera		CA		New Brunswick	PRESENT		28eb1a3f-1c15-4a95-931a-4af90ecb574d	46.020083	-66.618699	61.0						2008-08-20	20	8	2008	5452051	5452051	HUMAN_OBSERVATION	iNaturalist	Observations	29472171		Clay Merrithew	2019-07-29T18:16:21	CC_BY_NC_4_0	Clay Merrithew	Clay Merrithew			2025-01-14T12:08:31.899Z	StillImage	COORDINATE_ROUNDED;CONTINENT_DERIVED_FROM_COORDINATES;TAXON_MATCH_TAXON_ID_IGNORED
1946279759	50c9509d-22c7-4a22-a47d-8c48425ef4a7	https://www.inaturalist.org/observations/17889810	Fungi	Basidiomycota	Agaricomycetes	Agaricales	Amanitaceae	Amanita	Amanita bisporigera		SPECIES	Amanita bisporigera G.F.Atk.	Amanita bisporigera		CA		Québec	PRESENT		28eb1a3f-1c15-4a95-931a-4af90ecb574d	46.500103	-72.822335	11293.0						2017-09-03T15:02	3	9	2017	5452051	5452051	HUMAN_OBSERVATION	iNaturalist	Observations	17889810		jonathan_mack	2018-10-27T23:04:34	CC_BY_NC_4_0	jonathan_mack	jonathan_mack			2025-01-14T13:00:32.673Z	StillImage	CONTINENT_DERIVED_FROM_COORDINATES;TAXON_MATCH_TAXON_ID_IGNORED
1931516428	50c9509d-22c7-4a22-a47d-8c48425ef4a7	https://www.inaturalist.org/observations/17566562	Fungi	Basidiomycota	Agaricomycetes	Agaricales	Amanitaceae	Amanita	Amanita bisporigera		SPECIES	Amanita bisporigera G.F.Atk.	Amanita bisporigera		CA		Ontario	PRESENT		28eb1a3f-1c15-4a95-931a-4af90ecb574d	45.888135	-77.637627	535.0						2018-09-18T11:44	18	9	2018	5452051	5452051	HUMAN_OBSERVATION	iNaturalist	Observations	17566562		Basil Conlin	2018-10-16T18:26:44	CC_BY_4_0	alicia penney	alicia penney			2025-01-14T13:01:10.364Z	StillImage	COORDINATE_ROUNDED;CONTINENT_DERIVED_FROM_COORDINATES;TAXON_MATCH_TAXON_ID_IGNORED
1901057186	50c9509d-22c7-4a22-a47d-8c48425ef4a7	https://www.inaturalist.org/observations/16149723	Fungi	Basidiomycota	Agaricomycetes	Agaricales	Amanitaceae	Amanita	Amanita bisporigera		SPECIES	Amanita bisporigera G.F.Atk.	Amanita bisporigera		CA		New Brunswick	PRESENT		28eb1a3f-1c15-4a95-931a-4af90ecb574d	45.955063	-66.670277							2018-09-02T17:30	2	9	2018	5452051	5452051	HUMAN_OBSERVATION	iNaturalist	Observations	16149723		Ken Ramey	2018-09-02T22:54:47	CC_BY_NC_4_0	Ken Ramey	Ken Ramey			2025-01-14T12:06:06.794Z	StillImage	COORDINATE_ROUNDED;CONTINENT_DERIVED_FROM_COORDINATES;TAXON_MATCH_TAXON_ID_IGNORED
1901039539	50c9509d-22c7-4a22-a47d-8c48425ef4a7	https://www.inaturalist.org/observations/16077968	Fungi	Basidiomycota	Agaricomycetes	Agaricales	Amanitaceae	Amanita	Amanita bisporigera		SPECIES	Amanita bisporigera G.F.Atk.	Amanita bisporigera		CA		Ontario	PRESENT		28eb1a3f-1c15-4a95-931a-4af90ecb574d	45.548306	-78.63582	431.0						2018-08-31T10:48	31	8	2018	5452051	5452051	HUMAN_OBSERVATION	iNaturalist	Observations	16077968		Basil Conlin	2018-08-31T19:48:36	CC_BY_NC_4_0	Basil Conlin	Basil Conlin			2025-01-14T12:58:39.142Z	StillImage	COORDINATE_ROUNDED;CONTINENT_DERIVED_FROM_COORDINATES;TAXON_MATCH_TAXON_ID_IGNORED
1899795266	50c9509d-22c7-4a22-a47d-8c48425ef4a7	https://www.inaturalist.org/observations/15981417	Fungi	Basidiomycota	Agaricomycetes	Agaricales	Amanitaceae	Amanita	Amanita bisporigera		SPECIES	Amanita bisporigera G.F.Atk.	Amanita bisporigera		CA		Ontario	PRESENT		28eb1a3f-1c15-4a95-931a-4af90ecb574d	45.547645	-78.633481	661.0						2018-08-28	28	8	2018	5452051	5452051	HUMAN_OBSERVATION	iNaturalist	Observations	15981417		Algonquin Provincial Park	2018-08-28T19:50:15	CC_BY_NC_4_0	Algonquin Provincial Park	Algonquin Provincial Park			2025-01-14T12:05:44.732Z	StillImage	COORDINATE_ROUNDED;CONTINENT_DERIVED_FROM_COORDINATES;TAXON_MATCH_TAXON_ID_IGNORED
1899790104	50c9509d-22c7-4a22-a47d-8c48425ef4a7	https://www.inaturalist.org/observations/15961490	Fungi	Basidiomycota	Agaricomycetes	Agaricales	Amanitaceae	Amanita	Amanita bisporigera		SPECIES	Amanita bisporigera G.F.Atk.	Amanita bisporigera		CA		Québec	PRESENT		28eb1a3f-1c15-4a95-931a-4af90ecb574d	45.470117	-75.80725	16.0						2018-08-27T15:15	27	8	2018	5452051	5452051	HUMAN_OBSERVATION	iNaturalist	Observations	15961490		jackstokes	2018-08-28T00:09:18	CC_BY_NC_4_0	jackstokes	jackstokes			2025-01-14T12:05:45.224Z	StillImage	COORDINATE_ROUNDED;CONTINENT_DERIVED_FROM_COORDINATES;TAXON_MATCH_TAXON_ID_IGNORED
1890725600	50c9509d-22c7-4a22-a47d-8c48425ef4a7	https://www.inaturalist.org/observations/15279418	Fungi	Basidiomycota	Agaricomycetes	Agaricales	Amanitaceae	Amanita	Amanita bisporigera		SPECIES	Amanita bisporigera G.F.Atk.	Amanita bisporigera		CA		Ontario	PRESENT		28eb1a3f-1c15-4a95-931a-4af90ecb574d	45.469405	-75.515755	5.0						2018-08-09T16:03:51	9	8	2018	5452051	5452051	HUMAN_OBSERVATION	iNaturalist	Observations	15279418		else	2018-08-10T03:58:18	CC_BY_NC_4_0	Sherry Nigro	Sherry Nigro			2025-01-14T13:00:33.516Z	StillImage	CONTINENT_DERIVED_FROM_COORDINATES;TAXON_MATCH_TAXON_ID_IGNORED
1847646871	50c9509d-22c7-4a22-a47d-8c48425ef4a7	https://www.inaturalist.org/observations/9592491	Fungi	Basidiomycota	Agaricomycetes	Agaricales	Amanitaceae	Amanita	Amanita bisporigera		SPECIES	Amanita bisporigera G.F.Atk.	Amanita bisporigera		CA		Ontario	PRESENT		28eb1a3f-1c15-4a95-931a-4af90ecb574d	45.5794	-78.51955	385.0						2016-09-16	16	9	2016	5452051	5452051	HUMAN_OBSERVATION	iNaturalist	Observations	9592491		mycowalt	2018-01-24T01:02:10	CC_BY_NC_4_0	mycowalt	mycowalt			2025-01-14T12:04:24.039Z	StillImage	CONTINENT_DERIVED_FROM_COORDINATES;TAXON_MATCH_TAXON_ID_IGNORED
1847646652	50c9509d-22c7-4a22-a47d-8c48425ef4a7	https://www.inaturalist.org/observations/9590693	Fungi	Basidiomycota	Agaricomycetes	Agaricales	Amanitaceae	Amanita	Amanita bisporigera		SPECIES	Amanita bisporigera G.F.Atk.	Amanita bisporigera		CA		Ontario	PRESENT		28eb1a3f-1c15-4a95-931a-4af90ecb574d	45.5794	-78.51955	385.0						2015-09-14	14	9	2015	5452051	5452051	HUMAN_OBSERVATION	iNaturalist	Observations	9590693		mycowalt	2018-02-26T04:03:09	CC_BY_NC_4_0	mycowalt	mycowalt			2025-01-14T12:04:21.265Z	StillImage	CONTINENT_DERIVED_FROM_COORDINATES;TAXON_MATCH_TAXON_ID_IGNORED
1847410297	50c9509d-22c7-4a22-a47d-8c48425ef4a7	https://www.inaturalist.org/observations/10232840	Fungi	Basidiomycota	Agaricomycetes	Agaricales	Amanitaceae	Amanita	Amanita bisporigera		SPECIES	Amanita bisporigera G.F.Atk.	Amanita bisporigera		CA		Ontario	PRESENT		28eb1a3f-1c15-4a95-931a-4af90ecb574d	45.535213	-78.625717	488.0						2017-09-20T06:20	20	9	2017	5452051	5452051	HUMAN_OBSERVATION	iNaturalist	Observations	10232840		Basil Conlin	2018-03-14T16:35:40	CC_BY_NC_4_0	Basil Conlin	Basil Conlin			2025-01-14T13:00:31.506Z	StillImage	COORDINATE_ROUNDED;CONTINENT_DERIVED_FROM_COORDINATES;TAXON_MATCH_TAXON_ID_IGNORED
1807261738	e8a25a42-f125-476c-8554-3ec21cd51a84	ACAD:118380	Fungi	Basidiomycota	Agaricomycetes	Agaricales	Amanitaceae	Amanita	Amanita bisporigera		SPECIES	Amanita bisporigera G.F.Atk.	Amanita bisporigera G.F. Atk.	G.F. Atk.	CA	Kentville	Nova Scotia	PRESENT		6491ad8c-8e49-4bd4-a089-0ddb3bbe0890	45.07662	-64.49592							1978-08-14	14	8	1978	5452051	5452051	PRESERVED_SPECIMEN	Acadia University	ACAD	12499F	12499	H, KA		CC0_1_0	Acadia University	H, KA			2024-01-25T01:37:17.468Z	StillImage	GEODETIC_DATUM_INVALID;GEODETIC_DATUM_ASSUMED_WGS84;TAXON_MATCH_TAXON_ID_IGNORED;INSTITUTION_MATCH_FUZZY;COLLECTION_MATCH_FUZZY
1807261395	e8a25a42-f125-476c-8554-3ec21cd51a84	ACAD:118379	Fungi	Basidiomycota	Agaricomycetes	Agaricales	Amanitaceae	Amanita	Amanita bisporigera		SPECIES	Amanita bisporigera G.F.Atk.	Amanita bisporigera G.F. Atk.	G.F. Atk.	CA	Kentville	Nova Scotia	PRESENT		6491ad8c-8e49-4bd4-a089-0ddb3bbe0890	45.07662	-64.49592							1978-07-17	17	7	1978	5452051	5452051	PRESERVED_SPECIMEN	Acadia University	ACAD	12498F	12498	H, KA		CC0_1_0	Acadia University	H, KA			2024-01-25T01:37:17.468Z	StillImage	GEODETIC_DATUM_INVALID;GEODETIC_DATUM_ASSUMED_WGS84;TAXON_MATCH_TAXON_ID_IGNORED;INSTITUTION_MATCH_FUZZY;COLLECTION_MATCH_FUZZY
1701558115	39bd4817-9530-4341-a918-4f16b8db1419	UdeM:CMMF:Blitz2017:79	Fungi	Basidiomycota	Agaricomycetes	Agaricales	Amanitaceae	Amanita	Amanita bisporigera		SPECIES	Amanita bisporigera G.F.Atk.	Amanita bisporigera G.F. Atk., 1906	Atkinson	CA	Parc des Chutes de Sainte-Ursule	Québec	PRESENT		ff7bd5db-b724-4932-b496-10ea298851f9	46.300422	-73.094321	500.0						2017-08-09	9	8	2017	5452051	5452051	HUMAN_OBSERVATION	Université de Montréal Biodiversity Centre	CMMF			Raymond Archambault et Joseph Nuzzolese	2017-08-09T00:00:00	CC0_1_0		IRBV's graduate students			2024-01-24T17:29:10.531Z		
1453360417	50c9509d-22c7-4a22-a47d-8c48425ef4a7	https://www.inaturalist.org/observations/4963196	Fungi	Basidiomycota	Agaricomycetes	Agaricales	Amanitaceae	Amanita	Amanita bisporigera		SPECIES	Amanita bisporigera G.F.Atk.	Amanita bisporigera		CA		Nova Scotia	PRESENT		28eb1a3f-1c15-4a95-931a-4af90ecb574d	45.064258	-64.480881	344.0						2016-09-12T15:04:25	12	9	2016	5452051	5452051	HUMAN_OBSERVATION	iNaturalist	Observations	4963196		Tyler d'Entremont	2017-01-17T19:08:34	CC_BY_NC_4_0	Tyler d'Entremont	Tyler d'Entremont			2025-01-14T12:57:21.719Z	StillImage	COORDINATE_ROUNDED;CONTINENT_DERIVED_FROM_COORDINATES;TAXON_MATCH_TAXON_ID_IGNORED
1412709347	21705170-d2b6-42de-8904-c3bca4b83591	CMMF017786	Fungi	Basidiomycota	Agaricomycetes	Agaricales	Amanitaceae	Amanita	Amanita bisporigera		SPECIES	Amanita bisporigera G.F.Atk.	Amanita bisporigera G.F. Atk.	G.F. Atk.	CA	Arboretum Morgan A, Québec.	Québec	PRESENT		ff7bd5db-b724-4932-b496-10ea298851f9	45.43	-73.946667	2500.0						1980-08-07	7	8	1980	5452051	5452051	PRESERVED_SPECIMEN	Université de Montréal Biodiversity Centre	CMMF	CMMF017786	1980-345	Haméon, G.		CC0_1_0	Université de Montréal Biodiversity Centre	Haméon, G.			2024-01-24T16:38:16.730Z		COORDINATE_ROUNDED;INSTITUTION_MATCH_FUZZY;COLLECTION_MATCH_FUZZY;DIFFERENT_OWNER_INSTITUTION
1024560025	21705170-d2b6-42de-8904-c3bca4b83591	CMMF005451	Fungi	Basidiomycota	Agaricomycetes	Agaricales	Amanitaceae	Amanita	Amanita bisporigera		SPECIES	Amanita bisporigera G.F.Atk.	Amanita bisporigera G.F. Atk.	G.F. Atk.	CA	Châteauguay (Centre écologique Fernand Seguin)	Québec	PRESENT		ff7bd5db-b724-4932-b496-10ea298851f9	45.33983	-73.773917	100.0						2006-07-19	19	7	2006	5452051	5452051	PRESERVED_SPECIMEN	Université de Montréal Biodiversity Centre	CMMF	CMMF005451	C2810	McNeil, Raymond		CC0_1_0	Université de Montréal Biodiversity Centre	McNeil, Raymond			2024-01-24T16:38:15.733Z	StillImage	COORDINATE_ROUNDED;INSTITUTION_MATCH_FUZZY;COLLECTION_MATCH_FUZZY;DIFFERENT_OWNER_INSTITUTION
1024560013	21705170-d2b6-42de-8904-c3bca4b83591	CMMF005450	Fungi	Basidiomycota	Agaricomycetes	Agaricales	Amanitaceae	Amanita	Amanita bisporigera		SPECIES	Amanita bisporigera G.F.Atk.	Amanita bisporigera G.F. Atk.	G.F. Atk.	CA	Châteauguay (Centre écologique Fernand Seguin)	Québec	PRESENT		ff7bd5db-b724-4932-b496-10ea298851f9	45.33983	-73.773917	100.0						2008-07-30	30	7	2008	5452051	5452051	PRESERVED_SPECIMEN	Université de Montréal Biodiversity Centre	CMMF	CMMF005450	C3334	McNeil, Raymond		CC0_1_0	Université de Montréal Biodiversity Centre	McNeil, Raymond			2024-01-24T16:38:15.733Z	StillImage	COORDINATE_ROUNDED;INSTITUTION_MATCH_FUZZY;COLLECTION_MATCH_FUZZY;DIFFERENT_OWNER_INSTITUTION
1024559978	21705170-d2b6-42de-8904-c3bca4b83591	CMMF005452	Fungi	Basidiomycota	Agaricomycetes	Agaricales	Amanitaceae	Amanita	Amanita bisporigera		SPECIES	Amanita bisporigera G.F.Atk.	Amanita bisporigera G.F. Atk.	G.F. Atk.	CA	Châteauguay (Centre écologique Fernand Seguin)	Québec	PRESENT		ff7bd5db-b724-4932-b496-10ea298851f9	45.33983	-73.773917	100.0						2006-07-30	30	7	2006	5452051	5452051	PRESERVED_SPECIMEN	Université de Montréal Biodiversity Centre	CMMF	CMMF005452	Inexistant	McNeil, Raymond		CC0_1_0	Université de Montréal Biodiversity Centre	McNeil, Raymond			2024-01-24T16:38:15.733Z	StillImage	COORDINATE_ROUNDED;INSTITUTION_MATCH_FUZZY;COLLECTION_MATCH_FUZZY;DIFFERENT_OWNER_INSTITUTION
1024559964	21705170-d2b6-42de-8904-c3bca4b83591	CMMF005454	Fungi	Basidiomycota	Agaricomycetes	Agaricales	Amanitaceae	Amanita	Amanita bisporigera		SPECIES	Amanita bisporigera G.F.Atk.	Amanita bisporigera G.F. Atk.	G.F. Atk.	CA	Mirabel (Chemin de la Rivière du Nord)	Québec	PRESENT		ff7bd5db-b724-4932-b496-10ea298851f9	45.683917	-74.2185	100.0						1984-08-12	12	8	1984	5452051	5452051	PRESERVED_SPECIMEN	Université de Montréal Biodiversity Centre	CMMF	CMMF005454	1653	McNeil, Raymond		CC0_1_0	Université de Montréal Biodiversity Centre	McNeil, Raymond			2024-01-24T16:38:15.741Z	StillImage	COORDINATE_ROUNDED;INSTITUTION_MATCH_FUZZY;COLLECTION_MATCH_FUZZY;DIFFERENT_OWNER_INSTITUTION
1024559903	21705170-d2b6-42de-8904-c3bca4b83591	CMMF005453	Fungi	Basidiomycota	Agaricomycetes	Agaricales	Amanitaceae	Amanita	Amanita bisporigera		SPECIES	Amanita bisporigera G.F.Atk.	Amanita bisporigera G.F. Atk.	G.F. Atk.	CA	Châteauguay (Centre écologique Fernand Seguin)	Québec	PRESENT		ff7bd5db-b724-4932-b496-10ea298851f9	45.33983	-73.773917	100.0						2006-08-05	5	8	2006	5452051	5452051	PRESERVED_SPECIMEN	Université de Montréal Biodiversity Centre	CMMF	CMMF005453	C2854	McNeil, Raymond		CC0_1_0	Université de Montréal Biodiversity Centre	McNeil, Raymond			2024-01-24T16:38:15.741Z	StillImage	COORDINATE_ROUNDED;INSTITUTION_MATCH_FUZZY;COLLECTION_MATCH_FUZZY;DIFFERENT_OWNER_INSTITUTION
