gbifID	datasetKey	occurrenceID	kingdom	phylum	class	order	family	genus	species	infraspecificEpithet	taxonRank	scientificName	verbatimScientificName	verbatimScientificNameAuthorship	countryCode	locality	stateProvince	occurrenceStatus	individualCount	publishingOrgKey	decimalLatitude	decimalLongitude	coordinateUncertaintyInMeters	coordinatePrecision	elevation	elevationAccuracy	depth	depthAccuracy	eventDate	day	month	year	taxonKey	speciesKey	basisOfRecord	institutionCode	collectionCode	catalogNumber	recordNumber	identifiedBy	dateIdentified	license	rightsHolder	recordedBy	typeStatus	establishmentMeans	lastInterpreted	mediaType	issue
617555603	21705170-d2b6-42de-8904-c3bca4b83591	CMMF000881	Fungi	Basidiomycota	Agaricomycetes	Agaricales	Strophariaceae	Hypholoma	Hypholoma capnoides		SPECIES	Hypholoma capnoides (Fr.) P.Kumm.	Hypholoma capnoides (Fr.) P. Kumm.	(Fr.) P. Kumm.	CA	Lachute	Québec	PRESENT		ff7bd5db-b724-4932-b496-10ea298851f9	45.664878	-74.292134	8500.0						1989-10-07	7	10	1989	2533439	2533439	PRESERVED_SPECIMEN	Université de Montréal Biodiversity Centre	CMMF	CMMF000881		Lamoureux, Yves		CC0_1_0	Université de Montréal Biodiversity Centre	Lamoureux, Yves			2024-01-24T16:38:21.496Z	StillImage	INSTITUTION_MATCH_FUZZY;COLLECTION_MATCH_FUZZY;DIFFERENT_OWNER_INSTITUTION
617554562	21705170-d2b6-42de-8904-c3bca4b83591	CMMF000412	Fungi	Basidiomycota	Agaricomycetes	Agaricales	Strophariaceae	Hypholoma	Hypholoma capnoides		SPECIES	Hypholoma capnoides (Fr.) P.Kumm.	Hypholoma capnoides (Fr.) P. Kumm.	(Fr.) P. Kumm.	CA	Lachute	Québec	PRESENT		ff7bd5db-b724-4932-b496-10ea298851f9	45.664878	-74.292134	8500.0						1988-10-08	8	10	1988	2533439	2533439	PRESERVED_SPECIMEN	Université de Montréal Biodiversity Centre	CMMF	CMMF000412		Lamoureux, Yves		CC0_1_0	Université de Montréal Biodiversity Centre	Lamoureux, Yves			2024-01-24T16:38:19.962Z	StillImage	INSTITUTION_MATCH_FUZZY;COLLECTION_MATCH_FUZZY;DIFFERENT_OWNER_INSTITUTION
617553384	21705170-d2b6-42de-8904-c3bca4b83591	CMMF003576	Fungi	Basidiomycota	Agaricomycetes	Agaricales	Strophariaceae	Hypholoma	Hypholoma capnoides		SPECIES	Hypholoma capnoides (Fr.) P.Kumm.	Hypholoma capnoides (Fr.) P. Kumm.	(Fr.) P. Kumm.	CA	Rawdon	Québec	PRESENT		ff7bd5db-b724-4932-b496-10ea298851f9	46.052398	-73.748752	11000.0						2001-09-27	27	9	2001	2533439	2533439	PRESERVED_SPECIMEN	Université de Montréal Biodiversity Centre	CMMF	CMMF003576		Lamoureux, Yves		CC0_1_0	Université de Montréal Biodiversity Centre	Lamoureux, Yves			2024-01-24T16:38:16.379Z	StillImage	INSTITUTION_MATCH_FUZZY;COLLECTION_MATCH_FUZZY;DIFFERENT_OWNER_INSTITUTION
617551348	21705170-d2b6-42de-8904-c3bca4b83591	CMMF002666	Fungi	Basidiomycota	Agaricomycetes	Agaricales	Strophariaceae	Hypholoma	Hypholoma capnoides		SPECIES	Hypholoma capnoides (Fr.) P.Kumm.	Hypholoma capnoides (Fr.) P. Kumm.	(Fr.) P. Kumm.	CA	Saint-Majorique	Québec	PRESENT		ff7bd5db-b724-4932-b496-10ea298851f9	45.931221	-72.584529	5000.0						1995-09-27	27	9	1995	2533439	2533439	PRESERVED_SPECIMEN	Université de Montréal Biodiversity Centre	CMMF	CMMF002666		Lamoureux, Yves		CC0_1_0	Université de Montréal Biodiversity Centre	Labbé, Roland			2024-01-24T16:38:20.345Z	StillImage	INSTITUTION_MATCH_FUZZY;COLLECTION_MATCH_FUZZY;DIFFERENT_OWNER_INSTITUTION
4976226996	50c9509d-22c7-4a22-a47d-8c48425ef4a7	https://www.inaturalist.org/observations/247894523	Fungi	Basidiomycota	Agaricomycetes	Agaricales	Strophariaceae	Hypholoma	Hypholoma capnoides		SPECIES	Hypholoma capnoides (Fr.) P.Kumm.	Hypholoma capnoides		CA		Prince Edward Island	PRESENT		28eb1a3f-1c15-4a95-931a-4af90ecb574d	46.691833	-64.018944	4.0						2024-10-17T14:30	17	10	2024	2533439	2533439	HUMAN_OBSERVATION	iNaturalist	Observations	247894523		Thelma Phillips	2024-10-18T11:39:04	CC_BY_NC_4_0	Thelma Phillips	Thelma Phillips			2025-01-14T12:55:42.660Z	StillImage	COORDINATE_ROUNDED;CONTINENT_DERIVED_FROM_COORDINATES;TAXON_MATCH_TAXON_ID_IGNORED
4974170670	50c9509d-22c7-4a22-a47d-8c48425ef4a7	https://www.inaturalist.org/observations/247944955	Fungi	Basidiomycota	Agaricomycetes	Agaricales	Strophariaceae	Hypholoma	Hypholoma capnoides		SPECIES	Hypholoma capnoides (Fr.) P.Kumm.	Hypholoma capnoides		CA		New Brunswick	PRESENT		28eb1a3f-1c15-4a95-931a-4af90ecb574d	46.014886	-66.624958	230.0						2024-10-18T15:14:06	18	10	2024	2533439	2533439	HUMAN_OBSERVATION	iNaturalist	Observations	247944955		flightmom	2024-10-18T18:16:24	CC_BY_NC_4_0	flightmom	flightmom			2025-01-14T13:43:37.260Z	StillImage	COORDINATE_ROUNDED;CONTINENT_DERIVED_FROM_COORDINATES;TAXON_MATCH_TAXON_ID_IGNORED
4954511399	50c9509d-22c7-4a22-a47d-8c48425ef4a7	https://www.inaturalist.org/observations/246860647	Fungi	Basidiomycota	Agaricomycetes	Agaricales	Strophariaceae	Hypholoma	Hypholoma capnoides		SPECIES	Hypholoma capnoides (Fr.) P.Kumm.	Hypholoma capnoides		CA		Ontario	PRESENT		28eb1a3f-1c15-4a95-931a-4af90ecb574d	45.548095	-78.63485	34.0						2024-10-11T17:30:42	11	10	2024	2533439	2533439	HUMAN_OBSERVATION	iNaturalist	Observations	246860647		Sarah Lamond	2024-10-12T01:27:37	CC_BY_NC_4_0	Sarah Lamond	Sarah Lamond			2025-01-14T12:54:45.169Z	StillImage	CONTINENT_DERIVED_FROM_COORDINATES;TAXON_MATCH_TAXON_ID_IGNORED
4950035901	50c9509d-22c7-4a22-a47d-8c48425ef4a7	https://www.inaturalist.org/observations/69073469	Fungi	Basidiomycota	Agaricomycetes	Agaricales	Strophariaceae	Hypholoma	Hypholoma capnoides		SPECIES	Hypholoma capnoides (Fr.) P.Kumm.	Hypholoma capnoides		CA		Québec	PRESENT		28eb1a3f-1c15-4a95-931a-4af90ecb574d	48.477178	-78.129523	8.0						2019-09-29T09:30	29	9	2019	2533439	2533439	HUMAN_OBSERVATION	iNaturalist	Observations	69073469		Bitty A. Roy	2021-12-24T23:16:46	CC_BY_NC_4_0	Renée Lebeuf	Renée Lebeuf			2025-01-14T12:16:33.355Z	StillImage	COORDINATE_ROUNDED;CONTINENT_DERIVED_FROM_COORDINATES;TAXON_MATCH_TAXON_ID_IGNORED
4949922638	50c9509d-22c7-4a22-a47d-8c48425ef4a7	https://www.inaturalist.org/observations/242608211	Fungi	Basidiomycota	Agaricomycetes	Agaricales	Strophariaceae	Hypholoma	Hypholoma capnoides		SPECIES	Hypholoma capnoides (Fr.) P.Kumm.	Hypholoma capnoides		CA		Québec	PRESENT		28eb1a3f-1c15-4a95-931a-4af90ecb574d	45.872811	-76.4339	501.0						2024-09-18T09:13	18	9	2024	2533439	2533439	HUMAN_OBSERVATION	iNaturalist	Observations	242608211		L Joan Heyding	2024-09-19T02:47:06	CC_BY_NC_4_0	L Joan Heyding	L Joan Heyding			2025-01-14T12:54:06.790Z	StillImage	COORDINATE_ROUNDED;CONTINENT_DERIVED_FROM_COORDINATES;TAXON_MATCH_TAXON_ID_IGNORED
4949910981	50c9509d-22c7-4a22-a47d-8c48425ef4a7	https://www.inaturalist.org/observations/243302265	Fungi	Basidiomycota	Agaricomycetes	Agaricales	Strophariaceae	Hypholoma	Hypholoma capnoides		SPECIES	Hypholoma capnoides (Fr.) P.Kumm.	Hypholoma capnoides		CA		Québec	PRESENT		28eb1a3f-1c15-4a95-931a-4af90ecb574d	45.879616	-71.501569							2024-09-21T08:25:41	21	9	2024	2533439	2533439	HUMAN_OBSERVATION	iNaturalist	Observations	243302265		egrenier	2024-09-22T10:41:47	CC_BY_NC_4_0	egrenier	egrenier			2025-01-14T12:54:23.660Z	StillImage	COORDINATE_ROUNDED;CONTINENT_DERIVED_FROM_COORDINATES;TAXON_MATCH_TAXON_ID_IGNORED
4852053487	50c9509d-22c7-4a22-a47d-8c48425ef4a7	https://www.inaturalist.org/observations/208931083	Fungi	Basidiomycota	Agaricomycetes	Agaricales	Strophariaceae	Hypholoma	Hypholoma capnoides		SPECIES	Hypholoma capnoides (Fr.) P.Kumm.	Hypholoma capnoides		CA		Ontario	PRESENT		28eb1a3f-1c15-4a95-931a-4af90ecb574d	45.350855	-75.126603	5.0						2024-04-23T12:42:02	23	4	2024	2533439	2533439	HUMAN_OBSERVATION	iNaturalist	Observations	208931083		Lynn Ovenden	2024-04-23T17:54:54	CC_BY_NC_4_0	Lynn Ovenden	Lynn Ovenden			2025-01-14T13:31:08.129Z	StillImage	COORDINATE_ROUNDED;CONTINENT_DERIVED_FROM_COORDINATES;TAXON_MATCH_TAXON_ID_IGNORED
4442479256	50c9509d-22c7-4a22-a47d-8c48425ef4a7	https://www.inaturalist.org/observations/191392372	Fungi	Basidiomycota	Agaricomycetes	Agaricales	Strophariaceae	Hypholoma	Hypholoma capnoides		SPECIES	Hypholoma capnoides (Fr.) P.Kumm.	Hypholoma capnoides		CA		Nova Scotia	PRESENT		28eb1a3f-1c15-4a95-931a-4af90ecb574d	45.675003	-64.063902	18.0						2023-11-17T17:24	17	11	2023	2533439	2533439	HUMAN_OBSERVATION	iNaturalist	Observations	191392372		Ben	2023-11-18T19:17:48	CC_BY_NC_4_0	Ben	Ben			2025-01-14T12:42:08.046Z	StillImage	COORDINATE_ROUNDED;CONTINENT_DERIVED_FROM_COORDINATES;TAXON_MATCH_TAXON_ID_IGNORED
4440796747	50c9509d-22c7-4a22-a47d-8c48425ef4a7	https://www.inaturalist.org/observations/190749198	Fungi	Basidiomycota	Agaricomycetes	Agaricales	Strophariaceae	Hypholoma	Hypholoma capnoides		SPECIES	Hypholoma capnoides (Fr.) P.Kumm.	Hypholoma capnoides		CA		Ontario	PRESENT		28eb1a3f-1c15-4a95-931a-4af90ecb574d	45.352802	-75.5639							2023-11-11T14:38	11	11	2023	2533439	2533439	HUMAN_OBSERVATION	iNaturalist	Observations	190749198		jonathan_mack	2023-11-12T02:46:55	CC_BY_NC_4_0	jonathan_mack	jonathan_mack			2025-01-14T12:43:10.425Z	StillImage	COORDINATE_ROUNDED;CONTINENT_DERIVED_FROM_COORDINATES;TAXON_MATCH_TAXON_ID_IGNORED
4436053243	50c9509d-22c7-4a22-a47d-8c48425ef4a7	https://www.inaturalist.org/observations/188328959	Fungi	Basidiomycota	Agaricomycetes	Agaricales	Strophariaceae	Hypholoma	Hypholoma capnoides		SPECIES	Hypholoma capnoides (Fr.) P.Kumm.	Hypholoma capnoides		CA		New Brunswick	PRESENT		28eb1a3f-1c15-4a95-931a-4af90ecb574d	45.633606	-65.119399	7.0						2023-10-18T17:02:58	18	10	2023	2533439	2533439	HUMAN_OBSERVATION	iNaturalist	Observations	188328959		zova	2023-10-21T01:54:32	CC_BY_NC_4_0	zova	zova			2025-01-14T12:42:54.521Z	StillImage	COORDINATE_ROUNDED;CONTINENT_DERIVED_FROM_COORDINATES;TAXON_MATCH_TAXON_ID_IGNORED
4431312610	50c9509d-22c7-4a22-a47d-8c48425ef4a7	https://www.inaturalist.org/observations/188800254	Fungi	Basidiomycota	Agaricomycetes	Agaricales	Strophariaceae	Hypholoma	Hypholoma capnoides		SPECIES	Hypholoma capnoides (Fr.) P.Kumm.	Hypholoma capnoides		CA		New Brunswick	PRESENT		28eb1a3f-1c15-4a95-931a-4af90ecb574d	45.354572	-66.316361	56.0						2023-10-19T11:02	19	10	2023	2533439	2533439	HUMAN_OBSERVATION	iNaturalist	Observations	188800254		Alfredo Justo	2023-10-24T17:21:36	CC_BY_NC_4_0	Alfredo Justo	Alfredo Justo			2025-01-14T13:28:27.086Z	StillImage	COORDINATE_ROUNDED;CONTINENT_DERIVED_FROM_COORDINATES;TAXON_MATCH_TAXON_ID_IGNORED
4430767133	50c9509d-22c7-4a22-a47d-8c48425ef4a7	https://www.inaturalist.org/observations/188608158	Fungi	Basidiomycota	Agaricomycetes	Agaricales	Strophariaceae	Hypholoma	Hypholoma capnoides		SPECIES	Hypholoma capnoides (Fr.) P.Kumm.	Hypholoma capnoides		CA		Québec	PRESENT		28eb1a3f-1c15-4a95-931a-4af90ecb574d	45.660069	-74.246726	721.0						2023-10-21T10:30:31	21	10	2023	2533439	2533439	HUMAN_OBSERVATION	iNaturalist	Observations	188608158		Étienne Godin	2023-10-23T01:24:27	CC_BY_NC_4_0	Étienne Godin	Étienne Godin			2025-01-14T13:34:07.821Z	StillImage	COORDINATE_ROUNDED;CONTINENT_DERIVED_FROM_COORDINATES;TAXON_MATCH_TAXON_ID_IGNORED
4430764834	50c9509d-22c7-4a22-a47d-8c48425ef4a7	https://www.inaturalist.org/observations/188453237	Fungi	Basidiomycota	Agaricomycetes	Agaricales	Strophariaceae	Hypholoma	Hypholoma capnoides		SPECIES	Hypholoma capnoides (Fr.) P.Kumm.	Hypholoma capnoides		CA		Québec	PRESENT		28eb1a3f-1c15-4a95-931a-4af90ecb574d	46.081428	-73.896012	4.0						2023-10-21T11:15:06	21	10	2023	2533439	2533439	HUMAN_OBSERVATION	iNaturalist	Observations	188453237		Mical	2023-10-22T00:32:13	CC_BY_4_0	Mical	Mical			2025-01-14T13:30:06.072Z	StillImage	COORDINATE_ROUNDED;CONTINENT_DERIVED_FROM_COORDINATES;TAXON_MATCH_TAXON_ID_IGNORED
4430759506	50c9509d-22c7-4a22-a47d-8c48425ef4a7	https://www.inaturalist.org/observations/188384971	Fungi	Basidiomycota	Agaricomycetes	Agaricales	Strophariaceae	Hypholoma	Hypholoma capnoides		SPECIES	Hypholoma capnoides (Fr.) P.Kumm.	Hypholoma capnoides		CA		Québec	PRESENT		28eb1a3f-1c15-4a95-931a-4af90ecb574d	45.660204	-74.246258	404.0						2023-10-14T08:43	14	10	2023	2533439	2533439	HUMAN_OBSERVATION	iNaturalist	Observations	188384971		Antoine Fortin	2023-10-21T15:00:43	CC_BY_NC_4_0	Antoine Fortin	Antoine Fortin			2025-01-14T12:43:11.267Z	StillImage	COORDINATE_ROUNDED;CONTINENT_DERIVED_FROM_COORDINATES;TAXON_MATCH_TAXON_ID_IGNORED
4424321905	50c9509d-22c7-4a22-a47d-8c48425ef4a7	https://www.inaturalist.org/observations/186755706	Fungi	Basidiomycota	Agaricomycetes	Agaricales	Strophariaceae	Hypholoma	Hypholoma capnoides		SPECIES	Hypholoma capnoides (Fr.) P.Kumm.	Hypholoma capnoides		CA		Québec	PRESENT		28eb1a3f-1c15-4a95-931a-4af90ecb574d	46.774018	-71.348306	91.0						2023-10-08T16:19:53	8	10	2023	2533439	2533439	HUMAN_OBSERVATION	iNaturalist	Observations	186755706		Camille Boucher	2023-10-08T20:55:41	CC_BY_NC_4_0	Camille Boucher	Camille Boucher			2025-01-14T13:33:50.445Z	StillImage	COORDINATE_ROUNDED;CONTINENT_DERIVED_FROM_COORDINATES;TAXON_MATCH_TAXON_ID_IGNORED
4413908469	50c9509d-22c7-4a22-a47d-8c48425ef4a7	https://www.inaturalist.org/observations/182568782	Fungi	Basidiomycota	Agaricomycetes	Agaricales	Strophariaceae	Hypholoma	Hypholoma capnoides		SPECIES	Hypholoma capnoides (Fr.) P.Kumm.	Hypholoma capnoides		CA		Québec	PRESENT		28eb1a3f-1c15-4a95-931a-4af90ecb574d	45.872811	-76.4339	501.0						2023-09-03T12:29	3	9	2023	2533439	2533439	HUMAN_OBSERVATION	iNaturalist	Observations	182568782		L Joan Heyding	2023-09-10T01:46:47	CC_BY_NC_4_0	L Joan Heyding	L Joan Heyding			2025-01-14T13:32:39.512Z	StillImage	COORDINATE_ROUNDED;CONTINENT_DERIVED_FROM_COORDINATES;TAXON_MATCH_TAXON_ID_IGNORED
4166413250	695cef75-b65f-4776-b2ed-74565eebb16e	02-01000958867	Fungi	Basidiomycota	Agaricomycetes	Agaricales	Strophariaceae	Hypholoma	Hypholoma capnoides		SPECIES	Hypholoma capnoides (Fr.) P.Kumm.	Hypholoma capnoides	(Fr.) P. Kumm.	CA	Highland Hiking Trail	Ontario	PRESENT		055bd978-2daa-4543-b3f0-44e0e87e86ca	45.525	-78.516667							1974-08-21	21	8	1974	2533439	2533439	PRESERVED_SPECIMEN	AAFC	DAOM	186704				CC_BY_4_0	©His Majesty the King in Right of Canada, as represented by the Minister of Agriculture and Agri-Food	D. Malloch			2025-01-12T05:11:16.130Z		GEODETIC_DATUM_ASSUMED_WGS84;CONTINENT_DERIVED_FROM_COORDINATES;TAXON_MATCH_TAXON_ID_IGNORED;INSTITUTION_MATCH_FUZZY
4152749163	d8cd16ba-bb74-4420-821e-083f2bac17c2	ON943357	Fungi	Basidiomycota	Agaricomycetes	Agaricales	Strophariaceae	Hypholoma	Hypholoma capnoides		SPECIES	Hypholoma capnoides (Fr.) P.Kumm.	Hypholoma capnoides		CA	Quebec		PRESENT		ada9d123-ddb4-467d-8891-806ea8d94230	48.48	-78.13							2019-09-29	29	9	2019	2533439	2533439	PRESERVED_SPECIMEN			iNat69073469		Bitty A Roy		CC_BY_4_0		Renee Lebeuf and Andre Paul			2025-01-18T13:04:59.185Z		GEODETIC_DATUM_ASSUMED_WGS84;CONTINENT_DERIVED_FROM_COORDINATES;TAXON_MATCH_TAXON_CONCEPT_ID_IGNORED;TAXON_MATCH_TAXON_ID_IGNORED
4104436496	5a6538b8-e35c-46c4-8978-6858a657a75f	d722461b-371c-45e9-8dbc-7e4839ea31ef	Fungi	Basidiomycota	Agaricomycetes	Agaricales	Strophariaceae	Hypholoma	Hypholoma capnoides		SPECIES	Hypholoma capnoides (Fr.) P.Kumm.	Hypholoma capnoides	(Fr.) P. Kumm.	CA		New Brunswick	PRESENT		a26dde42-dd82-4d07-a763-353ab27fc02c	45.265775	-66.069768	20666.0						1902-11-02	2	11	1902	2533439	2533439	PRESERVED_SPECIMEN	CUP		CUP-A-018278				CC0_1_0		Hay, George			2025-01-15T04:26:00.177Z	StillImage	CONTINENT_DERIVED_FROM_COORDINATES;TAXON_MATCH_TAXON_ID_IGNORED;COLLECTION_MATCH_NONE;INSTITUTION_MATCH_FUZZY
4099479733	d1a3b128-b406-46bb-a6d1-f3591dcc8a7b	b5be4e34-f6f3-4e4c-8312-7f853883e2f6	Fungi	Basidiomycota	Agaricomycetes	Agaricales	Strophariaceae	Hypholoma	Hypholoma capnoides		SPECIES	Hypholoma capnoides (Fr.) P.Kumm.	Hypholoma capnoides	(Fr.) P. Kumm.	CA	Eardley	Quebec	PRESENT		e43cf4b8-849e-4fac-b075-e652d019d2cf	45.55	-76.016667	301.0						1937-10-10	10	10	1937	2533439	2533439	PRESERVED_SPECIMEN	BPI		BPI 777424		Groves, J. W.		CC0_1_0		Drayton, F. L.			2025-01-15T04:59:42.284Z		GEODETIC_DATUM_ASSUMED_WGS84;CONTINENT_DERIVED_FROM_COORDINATES;TAXON_MATCH_TAXON_ID_IGNORED;INSTITUTION_MATCH_FUZZY
4099472662	d1a3b128-b406-46bb-a6d1-f3591dcc8a7b	1387a7f4-45c0-464c-ae98-09412e9eb5fd	Fungi	Basidiomycota	Agaricomycetes	Agaricales	Strophariaceae	Hypholoma	Hypholoma capnoides		SPECIES	Nematoloma capnoides (Fr.) P.Karst.	Nematoloma capnoides	(Fr.) P. Karst.	CA	Fallowfield	Ontario	PRESENT		e43cf4b8-849e-4fac-b075-e652d019d2cf	45.26809	-75.82904	301.0						1955-08-26	26	8	1955	3278500	2533439	PRESERVED_SPECIMEN	BPI		BPI 777143		Thomson, S. C.		CC0_1_0		Bowerman, C.; Groves, J. W.			2025-01-15T04:59:42.276Z		GEODETIC_DATUM_ASSUMED_WGS84;CONTINENT_DERIVED_FROM_COORDINATES;TAXON_MATCH_TAXON_ID_IGNORED;INSTITUTION_MATCH_FUZZY
4023669283	fb9d7c38-5759-4c30-9e09-5b6bd43f78a6	http://id.luomus.fi/MY.11990588	Fungi	Basidiomycota	Agaricomycetes	Agaricales	Strophariaceae	Hypholoma	Hypholoma capnoides		SPECIES	Hypholoma capnoides (Fr.) P.Kumm.	Hypholoma capnoides (Fr.:Fr.) P.Kumm.		CA	Gatineau Park | Nature trail	Quebec	PRESENT		04fd2e13-6881-4e5c-9dd1-8fdd9ab993c1	45.58	-76.0							1955-10-11T00:00Z	11	10	1955	2533439	2533439	PRESERVED_SPECIMEN	H		http://id.luomus.fi/HA.H7074320	Shelagh Gibson	Thomson, S.C.		CC_BY_4_0		Gibson, Shelagh			2025-01-17T02:41:18.914Z		CONTINENT_DERIVED_FROM_COORDINATES;TAXON_MATCH_TAXON_ID_IGNORED;COLLECTION_MATCH_NONE;INSTITUTION_MATCH_FUZZY
4023669219	fb9d7c38-5759-4c30-9e09-5b6bd43f78a6	http://id.luomus.fi/MY.11990584	Fungi	Basidiomycota	Agaricomycetes	Agaricales	Strophariaceae	Hypholoma	Hypholoma capnoides		SPECIES	Hypholoma capnoides (Fr.) P.Kumm.	Hypholoma capnoides (Fr.:Fr.) P.Kumm.		CA		Ontario	PRESENT		04fd2e13-6881-4e5c-9dd1-8fdd9ab993c1	45.2675	-75.8297							1955-08-26T00:00Z	26	8	1955	2533439	2533439	PRESERVED_SPECIMEN	H		http://id.luomus.fi/HA.H7074319		Thomson, S.C.		CC_BY_4_0		Groves, J. W.;Bowerman, C.			2025-01-17T02:41:18.901Z		CONTINENT_DERIVED_FROM_COORDINATES;TAXON_MATCH_TAXON_ID_IGNORED;COLLECTION_MATCH_NONE;INSTITUTION_MATCH_FUZZY
3947757559	50c9509d-22c7-4a22-a47d-8c48425ef4a7	https://www.inaturalist.org/observations/139788388	Fungi	Basidiomycota	Agaricomycetes	Agaricales	Strophariaceae	Hypholoma	Hypholoma capnoides		SPECIES	Hypholoma capnoides (Fr.) P.Kumm.	Hypholoma capnoides		CA		Prince Edward Island	PRESENT		28eb1a3f-1c15-4a95-931a-4af90ecb574d	46.742655	-64.17498	7.0						2022-10-23T11:41:20	23	10	2022	2533439	2533439	HUMAN_OBSERVATION	iNaturalist	Observations	139788388		Laura O'Connor	2022-10-23T19:58:51	CC_BY_NC_4_0	Laura O'Connor	Laura O'Connor			2025-01-14T13:26:18.711Z	StillImage	CONTINENT_DERIVED_FROM_COORDINATES;TAXON_MATCH_TAXON_ID_IGNORED
3712529448	50c9509d-22c7-4a22-a47d-8c48425ef4a7	https://www.inaturalist.org/observations/100633628	Fungi	Basidiomycota	Agaricomycetes	Agaricales	Strophariaceae	Hypholoma	Hypholoma capnoides		SPECIES	Hypholoma capnoides (Fr.) P.Kumm.	Hypholoma capnoides		CA		Nova Scotia	PRESENT		28eb1a3f-1c15-4a95-931a-4af90ecb574d	45.796633	-64.252029	83.0						2021-11-08T14:41	8	11	2021	2533439	2533439	HUMAN_OBSERVATION	iNaturalist	Observations	100633628		Ben	2021-11-08T22:56:07	CC_BY_NC_4_0	Ben	Ben			2025-01-14T13:12:04.433Z	StillImage	COORDINATE_ROUNDED;CONTINENT_DERIVED_FROM_COORDINATES;TAXON_MATCH_TAXON_ID_IGNORED
3712455479	50c9509d-22c7-4a22-a47d-8c48425ef4a7	https://www.inaturalist.org/observations/100061271	Fungi	Basidiomycota	Agaricomycetes	Agaricales	Strophariaceae	Hypholoma	Hypholoma capnoides		SPECIES	Hypholoma capnoides (Fr.) P.Kumm.	Hypholoma capnoides		CA		Nova Scotia	PRESENT		28eb1a3f-1c15-4a95-931a-4af90ecb574d	45.675225	-64.06457	74.0						2021-11-01T13:37	1	11	2021	2533439	2533439	HUMAN_OBSERVATION	iNaturalist	Observations	100061271		Ben	2021-11-02T12:39:07	CC_BY_NC_4_0	Ben	Ben			2025-01-14T12:24:41.933Z	StillImage	COORDINATE_ROUNDED;CONTINENT_DERIVED_FROM_COORDINATES;TAXON_MATCH_TAXON_ID_IGNORED
3456551795	50c9509d-22c7-4a22-a47d-8c48425ef4a7	https://www.inaturalist.org/observations/101967393	Fungi	Basidiomycota	Agaricomycetes	Agaricales	Strophariaceae	Hypholoma	Hypholoma capnoides		SPECIES	Hypholoma capnoides (Fr.) P.Kumm.	Hypholoma capnoides		CA		New Brunswick	PRESENT		28eb1a3f-1c15-4a95-931a-4af90ecb574d	46.338351	-64.658862	122.0						2021-09-23T16:44	23	9	2021	2533439	2533439	HUMAN_OBSERVATION	iNaturalist	Observations	101967393		Raymonde G Chartier	2021-11-27T15:03:16	CC_BY_NC_4_0	Stuart Tingley	Stuart Tingley			2025-01-14T13:16:56.307Z	StillImage	COORDINATE_ROUNDED;CONTINENT_DERIVED_FROM_COORDINATES;TAXON_MATCH_TAXON_ID_IGNORED
3456332152	50c9509d-22c7-4a22-a47d-8c48425ef4a7	https://www.inaturalist.org/observations/99722399	Fungi	Basidiomycota	Agaricomycetes	Agaricales	Strophariaceae	Hypholoma	Hypholoma capnoides		SPECIES	Hypholoma capnoides (Fr.) P.Kumm.	Hypholoma capnoides		CA		Ontario	PRESENT		28eb1a3f-1c15-4a95-931a-4af90ecb574d	45.444227	-75.185594	31.0						2021-10-27T12:19	27	10	2021	2533439	2533439	HUMAN_OBSERVATION	iNaturalist	Observations	99722399		Ben	2021-12-27T22:53:35	CC_BY_4_0	christine123	christine123			2025-01-14T13:16:12.874Z	StillImage	COORDINATE_ROUNDED;CONTINENT_DERIVED_FROM_COORDINATES;TAXON_MATCH_TAXON_ID_IGNORED
3349381485	d8cd16ba-bb74-4420-821e-083f2bac17c2	MN992600	Fungi	Basidiomycota	Agaricomycetes	Agaricales	Strophariaceae	Hypholoma	Hypholoma capnoides		SPECIES	Hypholoma capnoides (Fr.) P.Kumm.	Hypholoma capnoides		CA	Quebec, Chibougamau		PRESENT		ada9d123-ddb4-467d-8891-806ea8d94230	49.76	-74.36							2017-09-05	5	9	2017	2533439	2533439	PRESERVED_SPECIMEN			MQ17040-QFB29548		Pauline Dube		CC_BY_4_0					2025-01-18T13:04:48.314Z		GEODETIC_DATUM_ASSUMED_WGS84;CONTINENT_DERIVED_FROM_COORDINATES;TAXON_MATCH_TAXON_CONCEPT_ID_IGNORED;TAXON_MATCH_TAXON_ID_IGNORED
3349223212	d8cd16ba-bb74-4420-821e-083f2bac17c2	MN992599	Fungi	Basidiomycota	Agaricomycetes	Agaricales	Strophariaceae	Hypholoma	Hypholoma capnoides		SPECIES	Hypholoma capnoides (Fr.) P.Kumm.	Hypholoma capnoides		CA	Quebec, Chibougamau		PRESENT		ada9d123-ddb4-467d-8891-806ea8d94230	49.76	-74.36							2017-09-05	5	9	2017	2533439	2533439	PRESERVED_SPECIMEN			MQ17041-QFB29549		Renee Lebeuf		CC_BY_4_0					2025-01-18T13:04:48.275Z		GEODETIC_DATUM_ASSUMED_WGS84;CONTINENT_DERIVED_FROM_COORDINATES;TAXON_MATCH_TAXON_CONCEPT_ID_IGNORED;TAXON_MATCH_TAXON_ID_IGNORED
3014084375	50c9509d-22c7-4a22-a47d-8c48425ef4a7	https://www.inaturalist.org/observations/34120062	Fungi	Basidiomycota	Agaricomycetes	Agaricales	Strophariaceae	Hypholoma	Hypholoma capnoides		SPECIES	Hypholoma capnoides (Fr.) P.Kumm.	Hypholoma capnoides		CA		Québec	PRESENT		28eb1a3f-1c15-4a95-931a-4af90ecb574d	46.242683	-74.57447	539.0						2019-10-03T15:25:21	3	10	2019	2533439	2533439	HUMAN_OBSERVATION	iNaturalist	Observations	34120062		Robert Hedges-Goettl	2019-10-09T16:31:47	CC_BY_NC_4_0	Robert Hedges-Goettl	Robert Hedges-Goettl			2025-01-14T12:09:43.135Z	StillImage	COORDINATE_ROUNDED;CONTINENT_DERIVED_FROM_COORDINATES;TAXON_MATCH_TAXON_ID_IGNORED
2456549361	50c9509d-22c7-4a22-a47d-8c48425ef4a7	https://www.inaturalist.org/observations/35533649	Fungi	Basidiomycota	Agaricomycetes	Agaricales	Strophariaceae	Hypholoma	Hypholoma capnoides		SPECIES	Hypholoma capnoides (Fr.) P.Kumm.	Hypholoma capnoides		CA		New Brunswick	PRESENT		28eb1a3f-1c15-4a95-931a-4af90ecb574d	45.13472	-66.489208							2019-10-24T10:00	24	10	2019	2533439	2533439	HUMAN_OBSERVATION	iNaturalist	Observations	35533649		David Malloch	2019-11-10T17:03:40	CC_BY_NC_4_0	David Malloch	David Malloch			2025-01-14T12:09:52.302Z	StillImage	CONTINENT_DERIVED_FROM_COORDINATES;TAXON_MATCH_TAXON_ID_IGNORED
2445028695	50c9509d-22c7-4a22-a47d-8c48425ef4a7	https://www.inaturalist.org/observations/34533127	Fungi	Basidiomycota	Agaricomycetes	Agaricales	Strophariaceae	Hypholoma	Hypholoma capnoides		SPECIES	Hypholoma capnoides (Fr.) P.Kumm.	Hypholoma capnoides		CA		New Brunswick	PRESENT		28eb1a3f-1c15-4a95-931a-4af90ecb574d	46.214194	-64.286996	488.0						2019-10-10T13:45	10	10	2019	2533439	2533439	HUMAN_OBSERVATION	iNaturalist	Observations	34533127		Raymonde G Chartier	2019-10-18T12:36:27	CC_BY_NC_4_0	Raymonde G Chartier	Raymonde G Chartier			2025-01-14T13:10:45.469Z	StillImage	COORDINATE_ROUNDED;CONTINENT_DERIVED_FROM_COORDINATES;TAXON_MATCH_TAXON_ID_IGNORED
1990340885	032f1fbe-d21f-407d-be46-5cd1bb1ea397	88fdfa83-918e-405f-a388-03ba3c090f3a	Fungi	Basidiomycota	Agaricomycetes	Agaricales	Strophariaceae	Hypholoma	Hypholoma capnoides		SPECIES	Hypholoma capnoides (Fr.) P.Kumm.	Hypholoma capnoides	(Fr.) P. Kumm.	CA	Alma, Vic. Alma, Fundy Prov. Pk., Coastal Trail at Point Wolfe.	New Brunswick	PRESENT		61c539d8-47e0-4b82-875f-b95aad66dcd4	45.551667	-65.007778							2013-09-25	25	9	2013	2533439	2533439	PRESERVED_SPECIMEN	TENN-F		TENN-F-069067	TFB 14403			CC0_1_0		R.H. Petersen			2025-01-12T10:33:36.226Z	StillImage	COORDINATE_ROUNDED;GEODETIC_DATUM_ASSUMED_WGS84;CONTINENT_DERIVED_FROM_COORDINATES;TAXON_MATCH_TAXON_ID_IGNORED;INSTITUTION_MATCH_NONE
1990340854	032f1fbe-d21f-407d-be46-5cd1bb1ea397	b7e23737-de2d-4228-93b9-90fb41539625	Fungi	Basidiomycota	Agaricomycetes	Agaricales	Strophariaceae	Hypholoma	Hypholoma capnoides		SPECIES	Hypholoma capnoides (Fr.) P.Kumm.	Hypholoma capnoides	(Fr.) P. Kumm.	CA	Alma, Vic. Alma, Fundy Prov. Pk., Mixed Deciduous Woods, Rotten Betula Log	New Brunswick	PRESENT		61c539d8-47e0-4b82-875f-b95aad66dcd4	45.589444	-64.983611							2013-09-24	24	9	2013	2533439	2533439	PRESERVED_SPECIMEN	TENN-F		TENN-F-069044	14379			CC0_1_0		K.W. Hughes			2025-01-12T10:33:36.240Z	StillImage	COORDINATE_ROUNDED;GEODETIC_DATUM_ASSUMED_WGS84;CONTINENT_DERIVED_FROM_COORDINATES;TAXON_MATCH_TAXON_ID_IGNORED;INSTITUTION_MATCH_NONE
1930043779	d415c253-4d61-4459-9d25-4015b9084fb0	a138e75b-d29e-4229-a487-41e80c5279ab	Fungi	Basidiomycota	Agaricomycetes	Agaricales	Strophariaceae	Hypholoma	Hypholoma capnoides		SPECIES	Hypholoma capnoides (Fr.) P.Kumm.	Hypholoma capnoides (Fr.:Fr.) P.Kumm.	(Fr.:Fr.) P.Kumm.	CA		Quebec	PRESENT		ae447c50-b8a8-11d8-92a4-b8a03c50a862	45.65	-74.333333							1956-10-19	19	10	1956	2533439	2533439	PRESERVED_SPECIMEN	NY	NY	839067	4837			CC0_1_0	The New York Botanical Garden	H. E. Bigelow			2024-12-25T06:20:32.040Z		GEODETIC_DATUM_ASSUMED_WGS84;MODIFIED_DATE_INVALID
1929086097	d415c253-4d61-4459-9d25-4015b9084fb0	5d46210c-f482-4eb5-add2-a2696e54040a	Fungi	Basidiomycota	Agaricomycetes	Agaricales	Strophariaceae	Hypholoma	Hypholoma capnoides		SPECIES	Hypholoma capnoides (Fr.) P.Kumm.	Hypholoma capnoides (Fr.:Fr.) P.Kumm.	(Fr.:Fr.) P.Kumm.	CA		Quebec	PRESENT		ae447c50-b8a8-11d8-92a4-b8a03c50a862	45.65	-74.333333							1956-10-19	19	10	1956	2533439	2533439	PRESERVED_SPECIMEN	NY	NY	839063	4836			CC0_1_0	The New York Botanical Garden	H. E. Bigelow			2024-12-25T06:22:03.060Z		GEODETIC_DATUM_ASSUMED_WGS84;MODIFIED_DATE_INVALID
1847647420	50c9509d-22c7-4a22-a47d-8c48425ef4a7	https://www.inaturalist.org/observations/9595219	Fungi	Basidiomycota	Agaricomycetes	Agaricales	Strophariaceae	Hypholoma	Hypholoma capnoides		SPECIES	Hypholoma capnoides (Fr.) P.Kumm.	Hypholoma capnoides		CA		Ontario	PRESENT		28eb1a3f-1c15-4a95-931a-4af90ecb574d	45.69085	-78.32155	84661.0						2017-09-22	22	9	2017	2533439	2533439	HUMAN_OBSERVATION	iNaturalist	Observations	9595219		mycowalt	2018-01-24T03:41:33	CC_BY_NC_4_0	mycowalt	mycowalt			2025-01-14T12:59:52.200Z	StillImage	CONTINENT_DERIVED_FROM_COORDINATES;TAXON_MATCH_TAXON_ID_IGNORED
1847646567	50c9509d-22c7-4a22-a47d-8c48425ef4a7	https://www.inaturalist.org/observations/9590790	Fungi	Basidiomycota	Agaricomycetes	Agaricales	Strophariaceae	Hypholoma	Hypholoma capnoides		SPECIES	Hypholoma capnoides (Fr.) P.Kumm.	Hypholoma capnoides		CA		Ontario	PRESENT		28eb1a3f-1c15-4a95-931a-4af90ecb574d	45.69085	-78.32155	84661.0						2015-09-14	14	9	2015	2533439	2533439	HUMAN_OBSERVATION	iNaturalist	Observations	9590790		mycowalt	2018-01-23T22:44:46	CC_BY_NC_4_0	mycowalt	mycowalt			2025-01-14T12:58:24.371Z	StillImage	CONTINENT_DERIVED_FROM_COORDINATES;TAXON_MATCH_TAXON_ID_IGNORED
1807260648	e8a25a42-f125-476c-8554-3ec21cd51a84	ACAD:117258	Fungi	Basidiomycota	Agaricomycetes	Agaricales	Strophariaceae	Hypholoma	Hypholoma capnoides		SPECIES	Hypholoma capnoides (Fr.) P.Kumm.	Hypholoma capnoides (Fr.) P. Kumm.	(Fr.) P. Kumm.	CA	Kentville	Nova Scotia	PRESENT		6491ad8c-8e49-4bd4-a089-0ddb3bbe0890	45.07662	-64.49592							1961-10-08	8	10	1961	2533439	2533439	PRESERVED_SPECIMEN	Acadia University	ACAD	6092F	6092			CC0_1_0	Acadia University	Harrison, KA			2024-01-25T01:37:12.240Z	StillImage	GEODETIC_DATUM_INVALID;GEODETIC_DATUM_ASSUMED_WGS84;TAXON_MATCH_TAXON_ID_IGNORED;INSTITUTION_MATCH_FUZZY;COLLECTION_MATCH_FUZZY
1807259948	e8a25a42-f125-476c-8554-3ec21cd51a84	ACAD:116341	Fungi	Basidiomycota	Agaricomycetes	Agaricales	Strophariaceae	Hypholoma	Hypholoma capnoides		SPECIES	Hypholoma capnoides (Fr.) P.Kumm.	Hypholoma capnoides (Fr.) P. Kumm.	(Fr.) P. Kumm.	CA	Cape Split	Nova Scotia	PRESENT		6491ad8c-8e49-4bd4-a089-0ddb3bbe0890	45.334283	-64.49612							1957-10-04	4	10	1957	2533439	2533439	PRESERVED_SPECIMEN	Acadia University	ACAD	4155F	4155			CC0_1_0	Acadia University	H, KA			2024-01-25T01:37:03.884Z	StillImage	COORDINATE_ROUNDED;GEODETIC_DATUM_INVALID;GEODETIC_DATUM_ASSUMED_WGS84;TAXON_MATCH_TAXON_ID_IGNORED;INSTITUTION_MATCH_FUZZY;COLLECTION_MATCH_FUZZY
1412709576	21705170-d2b6-42de-8904-c3bca4b83591	CMMF018044	Fungi	Basidiomycota	Agaricomycetes	Agaricales	Strophariaceae	Hypholoma	Hypholoma capnoides		SPECIES	Naematoloma capnoides (Fr.) P.Karst.	Naematoloma capnoides (Fr.) P. Karst.	(Fr.) P. Karst.	CA	Chemin du lac 4, Station de biologie des Laurentides, Saint-Hippolyte, Québec.	Québec	PRESENT		ff7bd5db-b724-4932-b496-10ea298851f9	45.98815	-74.00581	3000.0						1976-08-12	12	8	1976	2533443	2533439	PRESERVED_SPECIMEN	Université de Montréal Biodiversity Centre	CMMF	CMMF018044		M., A.S.; B., L.		CC0_1_0	Université de Montréal Biodiversity Centre	M., A.S.; B., L.			2024-01-24T16:38:17.924Z		INSTITUTION_MATCH_FUZZY;COLLECTION_MATCH_FUZZY;DIFFERENT_OWNER_INSTITUTION
1412705791	21705170-d2b6-42de-8904-c3bca4b83591	CMMF014216	Fungi	Basidiomycota	Agaricomycetes	Agaricales	Strophariaceae	Hypholoma	Hypholoma capnoides		SPECIES	Hypholoma capnoides (Fr.) P.Kumm.	Hypholoma capnoides (Fr.) P. Kumm.	(Fr.) P. Kumm.	CA	Chicoutimi, Québec.	Québec	PRESENT		ff7bd5db-b724-4932-b496-10ea298851f9	48.368277	-71.119642	15000.0						1983-09-23	23	9	1983	2533439	2533439	PRESERVED_SPECIMEN	Université de Montréal Biodiversity Centre	CMMF	CMMF014216	2055	Guérin, Gérard		CC0_1_0	Université de Montréal Biodiversity Centre	Guérin, Gérard			2024-01-24T16:38:19.313Z	StillImage	INSTITUTION_MATCH_FUZZY;COLLECTION_MATCH_FUZZY;DIFFERENT_OWNER_INSTITUTION
1412705736	21705170-d2b6-42de-8904-c3bca4b83591	CMMF014218	Fungi	Basidiomycota	Agaricomycetes	Agaricales	Strophariaceae	Hypholoma	Hypholoma capnoides		SPECIES	Hypholoma capnoides (Fr.) P.Kumm.	Hypholoma capnoides (Fr.) P. Kumm.	(Fr.) P. Kumm.	CA	Chicoutimi, Québec.	Québec	PRESENT		ff7bd5db-b724-4932-b496-10ea298851f9	48.368277	-71.119642	15000.0						1989-10-14	14	10	1989	2533439	2533439	PRESERVED_SPECIMEN	Université de Montréal Biodiversity Centre	CMMF	CMMF014218	2057	Guérin, Gérard		CC0_1_0	Université de Montréal Biodiversity Centre	Guérin, Gérard			2024-01-24T16:38:19.316Z	StillImage	INSTITUTION_MATCH_FUZZY;COLLECTION_MATCH_FUZZY;DIFFERENT_OWNER_INSTITUTION
1412705734	21705170-d2b6-42de-8904-c3bca4b83591	CMMF014217	Fungi	Basidiomycota	Agaricomycetes	Agaricales	Strophariaceae	Hypholoma	Hypholoma capnoides		SPECIES	Hypholoma capnoides (Fr.) P.Kumm.	Hypholoma capnoides (Fr.) P. Kumm.	(Fr.) P. Kumm.	CA	Chicoutimi, Québec.	Québec	PRESENT		ff7bd5db-b724-4932-b496-10ea298851f9	48.368277	-71.119642	15000.0						1985-10-04	4	10	1985	2533439	2533439	PRESERVED_SPECIMEN	Université de Montréal Biodiversity Centre	CMMF	CMMF014217	2056	Guérin, Gérard		CC0_1_0	Université de Montréal Biodiversity Centre	Guérin, Gérard			2024-01-24T16:38:19.352Z	StillImage	INSTITUTION_MATCH_FUZZY;COLLECTION_MATCH_FUZZY;DIFFERENT_OWNER_INSTITUTION
1135070864	21705170-d2b6-42de-8904-c3bca4b83591	CMMF009412	Fungi	Basidiomycota	Agaricomycetes	Agaricales	Strophariaceae	Hypholoma	Hypholoma capnoides		SPECIES	Hypholoma capnoides (Fr.) P.Kumm.	Hypholoma capnoides (Fr.) P. Kumm.	(Fr.) P. Kumm.	CA	Containers Ouest, Lac-Beauport.	Québec	PRESENT		ff7bd5db-b724-4932-b496-10ea298851f9	46.953091	-71.306427	5000.0						2006-10-20	20	10	2006	2533439	2533439	PRESERVED_SPECIMEN	Université de Montréal Biodiversity Centre	CMMF	CMMF009412	996	Labbé, Roland		CC0_1_0	Université de Montréal Biodiversity Centre	Labrecque, Jacqueline			2024-01-24T16:38:21.691Z		INSTITUTION_MATCH_FUZZY;COLLECTION_MATCH_FUZZY;DIFFERENT_OWNER_INSTITUTION
1135070789	21705170-d2b6-42de-8904-c3bca4b83591	CMMF009367	Fungi	Basidiomycota	Agaricomycetes	Agaricales	Strophariaceae	Hypholoma	Hypholoma capnoides		SPECIES	Hypholoma capnoides (Fr.) P.Kumm.	Hypholoma capnoides (Fr.) P. Kumm.	(Fr.) P. Kumm.	CA	Chemin de la Chapelle, Lac-Beauport.	Québec	PRESENT		ff7bd5db-b724-4932-b496-10ea298851f9	46.949281	-71.284722	250.0						2006-10-10	10	10	2006	2533439	2533439	PRESERVED_SPECIMEN	Université de Montréal Biodiversity Centre	CMMF	CMMF009367	951	Labrecque, Jacqueline		CC0_1_0	Université de Montréal Biodiversity Centre	Labrecque, Jacqueline			2024-01-24T16:38:21.606Z	StillImage	INSTITUTION_MATCH_FUZZY;COLLECTION_MATCH_FUZZY;DIFFERENT_OWNER_INSTITUTION
1135070761	21705170-d2b6-42de-8904-c3bca4b83591	CMMF009261	Fungi	Basidiomycota	Agaricomycetes	Agaricales	Strophariaceae	Hypholoma	Hypholoma capnoides		SPECIES	Hypholoma capnoides (Fr.) P.Kumm.	Hypholoma capnoides (Fr.) P. Kumm.	(Fr.) P. Kumm.	CA	Charlesbourg Ouest (Mr. A.), Québec.	Québec	PRESENT		ff7bd5db-b724-4932-b496-10ea298851f9	46.91969	-71.322285	4200.0						2006-09-23	23	9	2006	2533439	2533439	PRESERVED_SPECIMEN	Université de Montréal Biodiversity Centre	CMMF	CMMF009261	845	Labrecque, Jacqueline		CC0_1_0	Université de Montréal Biodiversity Centre	Labrecque, Jacqueline			2024-01-24T16:38:21.528Z		INSTITUTION_MATCH_FUZZY;COLLECTION_MATCH_FUZZY;DIFFERENT_OWNER_INSTITUTION
1135070678	21705170-d2b6-42de-8904-c3bca4b83591	CMMF009232	Fungi	Basidiomycota	Agaricomycetes	Agaricales	Strophariaceae	Hypholoma	Hypholoma capnoides		SPECIES	Hypholoma capnoides (Fr.) P.Kumm.	Hypholoma capnoides (Fr.) P. Kumm.	(Fr.) P. Kumm.	CA	Chemin Chapelle, Lac-Beauport.	Québec	PRESENT		ff7bd5db-b724-4932-b496-10ea298851f9	46.949281	-71.284722	250.0						2006-09-20	20	9	2006	2533439	2533439	PRESERVED_SPECIMEN	Université de Montréal Biodiversity Centre	CMMF	CMMF009232	816	Labrecque, Jacqueline		CC0_1_0	Université de Montréal Biodiversity Centre	Labrecque, Jacqueline			2024-01-24T16:38:21.495Z	StillImage	INSTITUTION_MATCH_FUZZY;COLLECTION_MATCH_FUZZY;DIFFERENT_OWNER_INSTITUTION
1135069354	21705170-d2b6-42de-8904-c3bca4b83591	CMMF007869	Fungi	Basidiomycota	Agaricomycetes	Agaricales	Strophariaceae	Hypholoma	Hypholoma capnoides		SPECIES	Hypholoma capnoides (Fr.) P.Kumm.	Hypholoma capnoides (Fr.) P. Kumm.	(Fr.) P. Kumm.	CA	Ste-Lucie-de-Beauregard	Québec	PRESENT		ff7bd5db-b724-4932-b496-10ea298851f9	46.683583	-70.042333	100.0						1979-10-07	7	10	1979	2533439	2533439	PRESERVED_SPECIMEN	Université de Montréal Biodiversity Centre	CMMF	CMMF007869	500	McNeil, Raymond		CC0_1_0	Université de Montréal Biodiversity Centre	McNeil, Raymond			2024-01-24T16:38:14.773Z	StillImage	COORDINATE_ROUNDED;INSTITUTION_MATCH_FUZZY;COLLECTION_MATCH_FUZZY;DIFFERENT_OWNER_INSTITUTION
1135068916	21705170-d2b6-42de-8904-c3bca4b83591	CMMF007480	Fungi	Basidiomycota	Agaricomycetes	Agaricales	Strophariaceae	Hypholoma	Hypholoma capnoides		SPECIES	Hypholoma capnoides (Fr.) P.Kumm.	Hypholoma capnoides (Fr.) P. Kumm.	(Fr.) P. Kumm.	CA	St-Roch-de-Richelieu	Québec	PRESENT		ff7bd5db-b724-4932-b496-10ea298851f9	45.880833	-73.163	100.0						2012-10-05	5	10	2012	2533439	2533439	PRESERVED_SPECIMEN	Université de Montréal Biodiversity Centre	CMMF	CMMF007480	C4133	McNeil, Raymond		CC0_1_0	Université de Montréal Biodiversity Centre	McNeil, Raymond			2024-01-24T16:38:15.939Z	StillImage	COORDINATE_ROUNDED;INSTITUTION_MATCH_FUZZY;COLLECTION_MATCH_FUZZY;DIFFERENT_OWNER_INSTITUTION
1135068391	21705170-d2b6-42de-8904-c3bca4b83591	CMMF007008	Fungi	Basidiomycota	Agaricomycetes	Agaricales	Strophariaceae	Hypholoma	Hypholoma capnoides		SPECIES	Hypholoma capnoides (Fr.) P.Kumm.	Hypholoma capnoides (Fr.) P. Kumm.	(Fr.) P. Kumm.	CA	Lachute	Québec	PRESENT		ff7bd5db-b724-4932-b496-10ea298851f9	45.66275	-74.241983	100.0						1976-10-03	3	10	1976	2533439	2533439	PRESERVED_SPECIMEN	Université de Montréal Biodiversity Centre	CMMF	CMMF007008	Inexistant	McNeil, Raymond		CC0_1_0	Université de Montréal Biodiversity Centre	McNeil, Raymond			2024-01-24T16:38:21.008Z	StillImage	COORDINATE_ROUNDED;INSTITUTION_MATCH_FUZZY;COLLECTION_MATCH_FUZZY;DIFFERENT_OWNER_INSTITUTION
1135068341	21705170-d2b6-42de-8904-c3bca4b83591	CMMF006881	Fungi	Basidiomycota	Agaricomycetes	Agaricales	Strophariaceae	Hypholoma	Hypholoma capnoides		SPECIES	Hypholoma capnoides (Fr.) P.Kumm.	Hypholoma capnoides (Fr.) P. Kumm.	(Fr.) P. Kumm.	CA	Lachute	Québec	PRESENT		ff7bd5db-b724-4932-b496-10ea298851f9	45.66275	-74.241983	100.0						2004-10-12	12	10	2004	2533439	2533439	PRESERVED_SPECIMEN	Université de Montréal Biodiversity Centre	CMMF	CMMF006881	C2113	McNeil, Raymond		CC0_1_0	Université de Montréal Biodiversity Centre	McNeil, Raymond			2024-01-24T16:38:18.675Z	StillImage	COORDINATE_ROUNDED;INSTITUTION_MATCH_FUZZY;COLLECTION_MATCH_FUZZY;DIFFERENT_OWNER_INSTITUTION
1135068296	21705170-d2b6-42de-8904-c3bca4b83591	CMMF006884	Fungi	Basidiomycota	Agaricomycetes	Agaricales	Strophariaceae	Hypholoma	Hypholoma capnoides		SPECIES	Hypholoma capnoides (Fr.) P.Kumm.	Hypholoma capnoides (Fr.) P. Kumm.	(Fr.) P. Kumm.	CA	Lachute	Québec	PRESENT		ff7bd5db-b724-4932-b496-10ea298851f9	45.66275	-74.241983	100.0						2004-10-16	16	10	2004	2533439	2533439	PRESERVED_SPECIMEN	Université de Montréal Biodiversity Centre	CMMF	CMMF006884	C2122	McNeil, Raymond		CC0_1_0	Université de Montréal Biodiversity Centre	McNeil, Raymond			2024-01-24T16:38:18.696Z	StillImage	COORDINATE_ROUNDED;INSTITUTION_MATCH_FUZZY;COLLECTION_MATCH_FUZZY;DIFFERENT_OWNER_INSTITUTION
1135068058	21705170-d2b6-42de-8904-c3bca4b83591	CMMF006616	Fungi	Basidiomycota	Agaricomycetes	Agaricales	Strophariaceae	Hypholoma	Hypholoma capnoides		SPECIES	Hypholoma capnoides (Fr.) P.Kumm.	Hypholoma capnoides (Fr.) P. Kumm.	(Fr.) P. Kumm.	CA	Oka (Parc provincial)	Québec	PRESENT		ff7bd5db-b724-4932-b496-10ea298851f9	45.469917	-74.040417	100.0						1980-10-03	3	10	1980	2533439	2533439	PRESERVED_SPECIMEN	Université de Montréal Biodiversity Centre	CMMF	CMMF006616	942	McNeil, Raymond		CC0_1_0	Université de Montréal Biodiversity Centre	McNeil, Raymond			2024-01-24T16:38:18.423Z	StillImage	COORDINATE_ROUNDED;INSTITUTION_MATCH_FUZZY;COLLECTION_MATCH_FUZZY;DIFFERENT_OWNER_INSTITUTION
1135067155	21705170-d2b6-42de-8904-c3bca4b83591	CMMF010554	Fungi	Basidiomycota	Agaricomycetes	Agaricales	Strophariaceae	Hypholoma	Hypholoma capnoides		SPECIES	Hypholoma capnoides (Fr.) P.Kumm.	Hypholoma capnoides (Fr.) P. Kumm.	(Fr.) P. Kumm.	CA	Sentier Trans-Québec Est, Lac-Beauport.	Québec	PRESENT		ff7bd5db-b724-4932-b496-10ea298851f9	46.96324	-71.303223	5000.0						2008-10-12	12	10	2008	2533439	2533439	PRESERVED_SPECIMEN	Université de Montréal Biodiversity Centre	CMMF	CMMF010554	2140	Labrecque, Jacqueline		CC0_1_0	Université de Montréal Biodiversity Centre	Lane, Peter			2024-01-24T16:38:21.696Z		INSTITUTION_MATCH_FUZZY;COLLECTION_MATCH_FUZZY;DIFFERENT_OWNER_INSTITUTION
1135066822	21705170-d2b6-42de-8904-c3bca4b83591	CMMF010233	Fungi	Basidiomycota	Agaricomycetes	Agaricales	Strophariaceae	Hypholoma	Hypholoma capnoides		SPECIES	Hypholoma capnoides (Fr.) P.Kumm.	Hypholoma capnoides (Fr.) P. Kumm.	(Fr.) P. Kumm.	CA	Sainte-Brigitte-de-Laval.	Québec	PRESENT		ff7bd5db-b724-4932-b496-10ea298851f9	47.002354	-71.193781	2000.0						2007-10-15	15	10	2007	2533439	2533439	PRESERVED_SPECIMEN	Université de Montréal Biodiversity Centre	CMMF	CMMF010233	1819	Labrecque, Jacqueline		CC0_1_0	Université de Montréal Biodiversity Centre	Labrecque, Jacqueline			2024-01-24T16:38:21.514Z		INSTITUTION_MATCH_FUZZY;COLLECTION_MATCH_FUZZY;DIFFERENT_OWNER_INSTITUTION
1135066691	21705170-d2b6-42de-8904-c3bca4b83591	CMMF010124	Fungi	Basidiomycota	Agaricomycetes	Agaricales	Strophariaceae	Hypholoma	Hypholoma capnoides		SPECIES	Hypholoma capnoides (Fr.) P.Kumm.	Hypholoma capnoides (Fr.) P. Kumm.	(Fr.) P. Kumm.	CA	Rue des Acadiens, Québec.	Québec	PRESENT		ff7bd5db-b724-4932-b496-10ea298851f9	46.918501	-71.254455	4000.0						2007-10-01	1	10	2007	2533439	2533439	PRESERVED_SPECIMEN	Université de Montréal Biodiversity Centre	CMMF	CMMF010124	1710	Labrecque, Jacqueline		CC0_1_0	Université de Montréal Biodiversity Centre	Labrecque, Jacqueline			2024-01-24T16:38:20.255Z		INSTITUTION_MATCH_FUZZY;COLLECTION_MATCH_FUZZY;DIFFERENT_OWNER_INSTITUTION
