gbifID	datasetKey	occurrenceID	kingdom	phylum	class	order	family	genus	species	infraspecificEpithet	taxonRank	scientificName	verbatimScientificName	verbatimScientificNameAuthorship	countryCode	locality	stateProvince	occurrenceStatus	individualCount	publishingOrgKey	decimalLatitude	decimalLongitude	coordinateUncertaintyInMeters	coordinatePrecision	elevation	elevationAccuracy	depth	depthAccuracy	eventDate	day	month	year	taxonKey	speciesKey	basisOfRecord	institutionCode	collectionCode	catalogNumber	recordNumber	identifiedBy	dateIdentified	license	rightsHolder	recordedBy	typeStatus	establishmentMeans	lastInterpreted	mediaType	issue
727875000	d7cfd2ed-8af4-427f-a16e-eb66b7e2c419	14226	Fungi	Basidiomycota	Agaricomycetes	Agaricales	Amanitaceae	Amanita	Amanita citrina	citrina	VARIETY	Amanita citrina var. citrina	Amanita citrina var. citrina (Schaeff.) Pers.	(Schaeff.) Pers.	CA	University of Toronto Forest	Ontario	PRESENT		ff418020-1d67-11d9-8435-b8a03c50a862	45.183005	-78.85025	7575.0						1963-09-12	12	9	1963	7242042	3328320	PRESERVED_SPECIMEN	Royal Ontario Museum	TRTC	TRTC040506		Cain, R.F.		CC0_1_0	Royal Ontario Museum	Cain, R.F.			2024-01-25T00:59:40.372Z		COORDINATE_ROUNDED;AMBIGUOUS_INSTITUTION
727874997	d7cfd2ed-8af4-427f-a16e-eb66b7e2c419	14224	Fungi	Basidiomycota	Agaricomycetes	Agaricales	Amanitaceae	Amanita	Amanita citrina	citrina	VARIETY	Amanita citrina var. citrina	Amanita citrina var. citrina (Schaeff.) Pers.	(Schaeff.) Pers.	CA	University of Toronto Forest	Ontario	PRESENT		ff418020-1d67-11d9-8435-b8a03c50a862	45.183005	-78.85025	7575.0						1963-09-14	14	9	1963	7242042	3328320	PRESERVED_SPECIMEN	Royal Ontario Museum	TRTC	TRTC040488		Cain, R.F.		CC0_1_0	Royal Ontario Museum	Cain, R.F.			2024-01-25T00:59:40.373Z		COORDINATE_ROUNDED;AMBIGUOUS_INSTITUTION
727874995	d7cfd2ed-8af4-427f-a16e-eb66b7e2c419	14223	Fungi	Basidiomycota	Agaricomycetes	Agaricales	Amanitaceae	Amanita	Amanita citrina	citrina	VARIETY	Amanita citrina var. citrina	Amanita citrina var. citrina (Schaeff.) Pers.	(Schaeff.) Pers.	CA	University of Toronto Forest	Ontario	PRESENT		ff418020-1d67-11d9-8435-b8a03c50a862	45.183005	-78.85025	7575.0						1966-09-14	14	9	1966	7242042	3328320	PRESERVED_SPECIMEN	Royal Ontario Museum	TRTC	TRTC044510		Cain, R.F.		CC0_1_0	Royal Ontario Museum	Cain, R.F.			2024-01-25T00:59:40.372Z		COORDINATE_ROUNDED;AMBIGUOUS_INSTITUTION
727874906	d7cfd2ed-8af4-427f-a16e-eb66b7e2c419	14090	Fungi	Basidiomycota	Agaricomycetes	Agaricales	Amanitaceae	Amanita	Amanita citrina		SPECIES	Amanita citrina Pers.	Amanita citrina (Schaeff.) Pers.	(Schaeff.) Pers.	CA	Algonquin Provincial Park	Ontario	PRESENT		ff418020-1d67-11d9-8435-b8a03c50a862	45.759859	-78.376465	67511.0						2007-10-01	1	10	2007	3328320	3328320	PRESERVED_SPECIMEN	Royal Ontario Museum	TRTC	TRTC156909	ALG07_85			CC0_1_0	Royal Ontario Museum	Didukh, M.; Dentinger, B.			2024-01-25T00:59:39.628Z	StillImage	COORDINATE_ROUNDED;AMBIGUOUS_INSTITUTION
727874860	d7cfd2ed-8af4-427f-a16e-eb66b7e2c419	13997	Fungi	Basidiomycota	Agaricomycetes	Agaricales	Amanitaceae	Amanita	Amanita citrina		SPECIES	Amanita citrina Pers.	Amanita citrina (Schaeff.) Pers.	(Schaeff.) Pers.	CA	Algonquin Provincial Park	Ontario	PRESENT		ff418020-1d67-11d9-8435-b8a03c50a862	45.759859	-78.376465	67511.0						2007-09-29	29	9	2007	3328320	3328320	PRESERVED_SPECIMEN	Royal Ontario Museum	TRTC	TRTC156834	ALG07_10			CC0_1_0	Royal Ontario Museum	Didukh, M.; Dentinger, B.			2024-01-25T00:59:38.898Z	StillImage	COORDINATE_ROUNDED;AMBIGUOUS_INSTITUTION
727873521	d7cfd2ed-8af4-427f-a16e-eb66b7e2c419	10773	Fungi	Basidiomycota	Agaricomycetes	Agaricales	Amanitaceae	Amanita	Amanita citrina	citrina	VARIETY	Amanita citrina var. citrina	Amanita citrina var. citrina (Schaeff.) Pers.	(Schaeff.) Pers.	CA	Algonquin Provincial Park, Sasajewun Lake?	Ontario	PRESENT		ff418020-1d67-11d9-8435-b8a03c50a862	45.594732	-78.523579	737.0						1959-09-12	12	9	1959	7242042	3328320	PRESERVED_SPECIMEN	Royal Ontario Museum	TRTC	TRTC035717		Cain, R.F.		CC0_1_0	Royal Ontario Museum	Cain, R.F.			2024-01-25T00:59:40.298Z		COORDINATE_ROUNDED;AMBIGUOUS_INSTITUTION
694156940	d7cfd2ed-8af4-427f-a16e-eb66b7e2c419	13759	Fungi	Basidiomycota	Agaricomycetes	Agaricales	Amanitaceae	Amanita	Amanita citrina		SPECIES	Amanita citrina Pers.	Amanita citrina (Schaeff.) Pers.	(Schaeff.) Pers.	CA	Algonquin Provincial Park	Ontario	PRESENT		ff418020-1d67-11d9-8435-b8a03c50a862	45.759859	-78.376465	67511.0						2006-09-30	30	9	2006	3328320	3328320	PRESERVED_SPECIMEN	Royal Ontario Museum	TRTC	TRTC150925	MD_ALG06_13	Maryna Didukh		CC0_1_0	Royal Ontario Museum	Maryna Didukh			2024-01-25T00:59:38.104Z	StillImage	COORDINATE_ROUNDED;AMBIGUOUS_INSTITUTION
617555501	21705170-d2b6-42de-8904-c3bca4b83591	CMMF000838	Fungi	Basidiomycota	Agaricomycetes	Agaricales	Amanitaceae	Amanita	Amanita citrina		SPECIES	Amanita citrina Pers.	Amanita citrina (Schaeff.) Pers.	(Schaeff.) Pers.	CA	Lachute	Québec	PRESENT		ff7bd5db-b724-4932-b496-10ea298851f9	45.664878	-74.292134	8500.0						1989-09-24	24	9	1989	3328320	3328320	PRESERVED_SPECIMEN	Université de Montréal Biodiversity Centre	CMMF	CMMF000838		Lamoureux, Yves		CC0_1_0	Université de Montréal Biodiversity Centre	Archambault, Raymond			2024-01-24T16:38:21.554Z	StillImage	INSTITUTION_MATCH_FUZZY;COLLECTION_MATCH_FUZZY;DIFFERENT_OWNER_INSTITUTION
617553682	21705170-d2b6-42de-8904-c3bca4b83591	CMMF000371	Fungi	Basidiomycota	Agaricomycetes	Agaricales	Amanitaceae	Amanita	Amanita citrina		SPECIES	Amanita citrina Pers.	Amanita citrina (Schaeff.) Pers.	(Schaeff.) Pers.	CA	Lachute	Québec	PRESENT		ff7bd5db-b724-4932-b496-10ea298851f9	45.664878	-74.292134	8500.0						1988-09-21	21	9	1988	3328320	3328320	PRESERVED_SPECIMEN	Université de Montréal Biodiversity Centre	CMMF	CMMF000371		Lamoureux, Yves		CC0_1_0	Université de Montréal Biodiversity Centre	Lamoureux, Yves			2024-01-24T16:38:20.812Z	StillImage	INSTITUTION_MATCH_FUZZY;COLLECTION_MATCH_FUZZY;DIFFERENT_OWNER_INSTITUTION
617552053	21705170-d2b6-42de-8904-c3bca4b83591	CMMF002980	Fungi	Basidiomycota	Agaricomycetes	Agaricales	Amanitaceae	Amanita	Amanita citrina		SPECIES	Amanita citrina Pers.	Amanita citrina (Schaeff.) Pers.	(Schaeff.) Pers.	CA	Saint-Charles-de-Drummond	Québec	PRESENT		ff7bd5db-b724-4932-b496-10ea298851f9	45.9	-72.466667	4000.0						1996-09-21	21	9	1996	3328320	3328320	PRESERVED_SPECIMEN	Université de Montréal Biodiversity Centre	CMMF	CMMF002980		Lamoureux, Yves		CC0_1_0	Université de Montréal Biodiversity Centre	Lamoureux, Yves			2024-01-24T16:38:20.782Z	StillImage	INSTITUTION_MATCH_FUZZY;COLLECTION_MATCH_FUZZY;DIFFERENT_OWNER_INSTITUTION
5007946934	50c9509d-22c7-4a22-a47d-8c48425ef4a7	https://www.inaturalist.org/observations/244067067	Fungi	Basidiomycota	Agaricomycetes	Agaricales	Amanitaceae	Amanita	Amanita citrina		SPECIES	Amanita citrina Pers.	Amanita citrina		CA		New Brunswick	PRESENT		28eb1a3f-1c15-4a95-931a-4af90ecb574d	46.83777	-64.978097	4.0						2024-09-22T13:45	22	9	2024	3328320	3328320	HUMAN_OBSERVATION	iNaturalist	Observations	244067067		Aaron Clausen	2024-09-26T01:05:49	CC_BY_NC_4_0	Aaron Clausen	Aaron Clausen			2025-01-14T13:43:30.838Z	StillImage	COORDINATE_ROUNDED;CONTINENT_DERIVED_FROM_COORDINATES;TAXON_MATCH_TAXON_ID_IGNORED
4952654581	50c9509d-22c7-4a22-a47d-8c48425ef4a7	https://www.inaturalist.org/observations/245960006	Fungi	Basidiomycota	Agaricomycetes	Agaricales	Amanitaceae	Amanita	Amanita citrina		SPECIES	Amanita citrina Pers.	Amanita citrina		CA		Ontario	PRESENT		28eb1a3f-1c15-4a95-931a-4af90ecb574d	45.306565	-75.816671	179.0						2024-10-05T10:13	5	10	2024	3328320	3328320	HUMAN_OBSERVATION	iNaturalist	Observations	245960006		Mike Leveille	2024-10-06T15:03:46	CC_BY_NC_4_0	Mike Leveille	Mike Leveille			2025-01-14T13:44:20.374Z	StillImage	COORDINATE_ROUNDED;CONTINENT_DERIVED_FROM_COORDINATES;TAXON_MATCH_TAXON_ID_IGNORED
4952635133	50c9509d-22c7-4a22-a47d-8c48425ef4a7	https://www.inaturalist.org/observations/245130187	Fungi	Basidiomycota	Agaricomycetes	Agaricales	Amanitaceae	Amanita	Amanita citrina		SPECIES	Amanita citrina Pers.	Amanita citrina		CA		Québec	PRESENT		28eb1a3f-1c15-4a95-931a-4af90ecb574d	45.872811	-76.4339	501.0						2024-09-28T13:06	28	9	2024	3328320	3328320	HUMAN_OBSERVATION	iNaturalist	Observations	245130187		L Joan Heyding	2024-10-01T20:30:18	CC_BY_NC_4_0	L Joan Heyding	L Joan Heyding			2025-01-14T13:38:10.407Z	StillImage	COORDINATE_ROUNDED;CONTINENT_DERIVED_FROM_COORDINATES;TAXON_MATCH_TAXON_ID_IGNORED
4952427341	50c9509d-22c7-4a22-a47d-8c48425ef4a7	https://www.inaturalist.org/observations/243892902	Fungi	Basidiomycota	Agaricomycetes	Agaricales	Amanitaceae	Amanita	Amanita citrina		SPECIES	Amanita citrina Pers.	Amanita citrina		CA		Québec	PRESENT		28eb1a3f-1c15-4a95-931a-4af90ecb574d	46.741786	-71.387917	145.0						2024-09-23T15:16:38	23	9	2024	3328320	3328320	HUMAN_OBSERVATION	iNaturalist	Observations	243892902		gabrielsigouin	2024-10-04T19:21:48	CC_BY_NC_4_0	Camille Boucher	Camille Boucher			2025-01-14T13:37:45.820Z	StillImage	COORDINATE_ROUNDED;CONTINENT_DERIVED_FROM_COORDINATES;TAXON_MATCH_TAXON_ID_IGNORED
4950602747	50c9509d-22c7-4a22-a47d-8c48425ef4a7	https://www.inaturalist.org/observations/242011907	Fungi	Basidiomycota	Agaricomycetes	Agaricales	Amanitaceae	Amanita	Amanita citrina		SPECIES	Amanita citrina Pers.	Amanita citrina		CA		Ontario	PRESENT		28eb1a3f-1c15-4a95-931a-4af90ecb574d	45.455732	-75.547856	92.0						2024-09-15T14:09	15	9	2024	3328320	3328320	HUMAN_OBSERVATION	iNaturalist	Observations	242011907		jonathan_mack	2024-09-16T02:09:17	CC_BY_NC_4_0	jonathan_mack	jonathan_mack			2025-01-14T12:53:50.188Z	StillImage	COORDINATE_ROUNDED;CONTINENT_DERIVED_FROM_COORDINATES;TAXON_MATCH_TAXON_ID_IGNORED
4949993295	50c9509d-22c7-4a22-a47d-8c48425ef4a7	https://www.inaturalist.org/observations/243808864	Fungi	Basidiomycota	Agaricomycetes	Agaricales	Amanitaceae	Amanita	Amanita citrina		SPECIES	Amanita citrina Pers.	Amanita citrina		CA		Québec	PRESENT		28eb1a3f-1c15-4a95-931a-4af90ecb574d	46.36023	-72.362258	9.0						2024-09-24T11:26:29	24	9	2024	3328320	3328320	HUMAN_OBSERVATION	iNaturalist	Observations	243808864		timfoster	2024-09-24T15:46:47	CC_BY_NC_4_0	timfoster	timfoster			2025-01-14T13:44:10.983Z	StillImage	COORDINATE_ROUNDED;CONTINENT_DERIVED_FROM_COORDINATES;TAXON_MATCH_TAXON_ID_IGNORED
4945821437	50c9509d-22c7-4a22-a47d-8c48425ef4a7	https://www.inaturalist.org/observations/240819242	Fungi	Basidiomycota	Agaricomycetes	Agaricales	Amanitaceae	Amanita	Amanita citrina		SPECIES	Amanita citrina Pers.	Amanita citrina		CA		Québec	PRESENT		28eb1a3f-1c15-4a95-931a-4af90ecb574d	45.844126	-76.439359							2024-09-09T11:05:07	9	9	2024	3328320	3328320	HUMAN_OBSERVATION	iNaturalist	Observations	240819242		pascal_samson	2024-09-09T20:34:33	CC_BY_NC_4_0	pascal_samson	pascal_samson			2025-01-14T12:53:59.038Z	StillImage	CONTINENT_DERIVED_FROM_COORDINATES;TAXON_MATCH_TAXON_ID_IGNORED
4465626154	50c9509d-22c7-4a22-a47d-8c48425ef4a7	https://www.inaturalist.org/observations/186556317	Fungi	Basidiomycota	Agaricomycetes	Agaricales	Amanitaceae	Amanita	Amanita citrina		SPECIES	Amanita citrina Pers.	Amanita citrina		CA		Québec	PRESENT		28eb1a3f-1c15-4a95-931a-4af90ecb574d	45.42742	-73.94352	189.0						2023-10-06T16:37	6	10	2023	3328320	3328320	HUMAN_OBSERVATION	iNaturalist	Observations	186556317		Renée Lebeuf	2023-12-12T12:29:53	CC_BY_NC_4_0	Madz	Madz			2025-01-14T13:32:00.645Z	StillImage	CONTINENT_DERIVED_FROM_COORDINATES;TAXON_MATCH_TAXON_ID_IGNORED
4417168366	50c9509d-22c7-4a22-a47d-8c48425ef4a7	https://www.inaturalist.org/observations/184900119	Fungi	Basidiomycota	Agaricomycetes	Agaricales	Amanitaceae	Amanita	Amanita citrina		SPECIES	Amanita citrina Pers.	Amanita citrina		CA		Ontario	PRESENT		28eb1a3f-1c15-4a95-931a-4af90ecb574d	45.46045	-76.259125	5.0						2023-09-24T16:10:03	24	9	2023	3328320	3328320	HUMAN_OBSERVATION	iNaturalist	Observations	184900119		Lynn Ovenden	2023-09-25T18:31:47	CC_BY_NC_4_0	Lynn Ovenden	Lynn Ovenden			2025-01-14T12:40:17.452Z	StillImage	CONTINENT_DERIVED_FROM_COORDINATES;TAXON_MATCH_TAXON_ID_IGNORED
4416800556	50c9509d-22c7-4a22-a47d-8c48425ef4a7	https://www.inaturalist.org/observations/184191618	Fungi	Basidiomycota	Agaricomycetes	Agaricales	Amanitaceae	Amanita	Amanita citrina		SPECIES	Amanita citrina Pers.	Amanita citrina		CA		Québec	PRESENT		28eb1a3f-1c15-4a95-931a-4af90ecb574d	45.358672	-72.242517	16.0						2023-09-15T11:26	15	9	2023	3328320	3328320	HUMAN_OBSERVATION	iNaturalist	Observations	184191618		gabboilard	2023-09-20T23:48:03	CC_BY_NC_4_0	gabboilard	gabboilard			2025-01-14T12:41:53.221Z	StillImage	COORDINATE_ROUNDED;CONTINENT_DERIVED_FROM_COORDINATES;TAXON_MATCH_TAXON_ID_IGNORED
4414030930	50c9509d-22c7-4a22-a47d-8c48425ef4a7	https://www.inaturalist.org/observations/182736616	Fungi	Basidiomycota	Agaricomycetes	Agaricales	Amanitaceae	Amanita	Amanita citrina		SPECIES	Amanita citrina Pers.	Amanita citrina		CA		Ontario	PRESENT		28eb1a3f-1c15-4a95-931a-4af90ecb574d	45.941825	-78.724988	1044.0						2023-09-06T08:15	6	9	2023	3328320	3328320	HUMAN_OBSERVATION	iNaturalist	Observations	182736616		L Joan Heyding	2023-09-11T00:38:29	CC_BY_NC_4_0	L Joan Heyding	L Joan Heyding			2025-01-14T12:43:54.337Z	StillImage	COORDINATE_ROUNDED;CONTINENT_DERIVED_FROM_COORDINATES;TAXON_MATCH_TAXON_ID_IGNORED
4166256758	695cef75-b65f-4776-b2ed-74565eebb16e	02-01000939085	Fungi	Basidiomycota	Agaricomycetes	Agaricales	Amanitaceae	Amanita	Amanita citrina		SPECIES	Amanita citrina Pers.	Amanita citrina	Pers.	CA	Towards the S Madawaska R. from L. of ZRs Airfield	Ontario	PRESENT		055bd978-2daa-4543-b3f0-44e0e87e86ca	45.566667	-78.516667							1977-09-03	3	9	1977	3328320	3328320	PRESERVED_SPECIMEN	AAFC	DAOM	186821		S.A. Redhead		CC_BY_4_0	©His Majesty the King in Right of Canada, as represented by the Minister of Agriculture and Agri-Food	G. Thorn			2025-01-12T05:11:16.322Z		GEODETIC_DATUM_ASSUMED_WGS84;CONTINENT_DERIVED_FROM_COORDINATES;TAXON_MATCH_TAXON_ID_IGNORED;INSTITUTION_MATCH_FUZZY
4018169440	50c9509d-22c7-4a22-a47d-8c48425ef4a7	https://www.inaturalist.org/observations/98212593	Fungi	Basidiomycota	Agaricomycetes	Agaricales	Amanitaceae	Amanita	Amanita citrina		SPECIES	Amanita citrina Pers.	Amanita citrina		CA		Québec	PRESENT		28eb1a3f-1c15-4a95-931a-4af90ecb574d	46.776306	-71.334724	4.0						2021-10-12T13:41	12	10	2021	3328320	3328320	HUMAN_OBSERVATION	iNaturalist	Observations	98212593		Pierrick Bloin	2021-10-14T17:58:46	CC_BY_NC_4_0	Pierrick Bloin	Pierrick Bloin			2025-01-14T13:15:34.459Z	StillImage	COORDINATE_ROUNDED;CONTINENT_DERIVED_FROM_COORDINATES;TAXON_MATCH_TAXON_ID_IGNORED
3947255628	50c9509d-22c7-4a22-a47d-8c48425ef4a7	https://www.inaturalist.org/observations/139834518	Fungi	Basidiomycota	Agaricomycetes	Agaricales	Amanitaceae	Amanita	Amanita citrina		SPECIES	Amanita citrina Pers.	Amanita citrina		CA		New Brunswick	PRESENT		28eb1a3f-1c15-4a95-931a-4af90ecb574d	45.964471	-64.956845							2022-09-05T13:30:44	5	9	2022	3328320	3328320	HUMAN_OBSERVATION	iNaturalist	Observations	139834518		Alfredo Justo	2022-10-24T11:41:42	CC_BY_NC_4_0	Blaine Douthwright	Blaine Douthwright			2025-01-14T13:18:28.423Z	StillImage	COORDINATE_ROUNDED;CONTINENT_DERIVED_FROM_COORDINATES;TAXON_MATCH_TAXON_ID_IGNORED
3923519246	50c9509d-22c7-4a22-a47d-8c48425ef4a7	https://www.inaturalist.org/observations/137175546	Fungi	Basidiomycota	Agaricomycetes	Agaricales	Amanitaceae	Amanita	Amanita citrina		SPECIES	Amanita citrina Pers.	Amanita citrina		CA		Québec	PRESENT		28eb1a3f-1c15-4a95-931a-4af90ecb574d	46.442164	-72.73108	17.0						2022-10-01T14:05:22	1	10	2022	3328320	3328320	HUMAN_OBSERVATION	iNaturalist	Observations	137175546		pinets	2022-10-01T18:06:30	CC_BY_NC_4_0	pinets	pinets			2025-01-14T12:32:34.603Z	StillImage	COORDINATE_ROUNDED;CONTINENT_DERIVED_FROM_COORDINATES;TAXON_MATCH_TAXON_ID_IGNORED
3915319395	50c9509d-22c7-4a22-a47d-8c48425ef4a7	https://www.inaturalist.org/observations/103578704	Fungi	Basidiomycota	Agaricomycetes	Agaricales	Amanitaceae	Amanita	Amanita citrina		SPECIES	Amanita citrina Pers.	Amanita citrina		CA		Québec	PRESENT		28eb1a3f-1c15-4a95-931a-4af90ecb574d	46.402093	-72.660855	61.0						2010-10-07T08:00	7	10	2010	3328320	3328320	HUMAN_OBSERVATION	iNaturalist	Observations	103578704		Alain Maire	2021-12-24T13:10:49	CC_BY_NC_4_0	Alain Maire	Alain Maire			2025-01-14T13:11:27.729Z	StillImage	COORDINATE_ROUNDED;CONTINENT_DERIVED_FROM_COORDINATES;TAXON_MATCH_TAXON_ID_IGNORED
3399096924	50c9509d-22c7-4a22-a47d-8c48425ef4a7	https://www.inaturalist.org/observations/97897265	Fungi	Basidiomycota	Agaricomycetes	Agaricales	Amanitaceae	Amanita	Amanita citrina		SPECIES	Amanita citrina Pers.	Amanita citrina		CA		Québec	PRESENT		28eb1a3f-1c15-4a95-931a-4af90ecb574d	46.426846	-72.536781	1789.0						2021-10-11T10:57:16	11	10	2021	3328320	3328320	HUMAN_OBSERVATION	iNaturalist	Observations	97897265		chlorure47	2021-10-11T14:58:00	CC_BY_NC_4_0	chlorure47	chlorure47			2025-01-14T13:15:41.215Z	StillImage	COORDINATE_ROUNDED;CONTINENT_DERIVED_FROM_COORDINATES;TAXON_MATCH_TAXON_ID_IGNORED
3398803006	50c9509d-22c7-4a22-a47d-8c48425ef4a7	https://www.inaturalist.org/observations/99276756	Fungi	Basidiomycota	Agaricomycetes	Agaricales	Amanitaceae	Amanita	Amanita citrina		SPECIES	Amanita citrina Pers.	Amanita citrina		CA		Ontario	PRESENT		28eb1a3f-1c15-4a95-931a-4af90ecb574d	45.44572	-75.184699	31.0						2021-10-23T10:56	23	10	2021	3328320	3328320	HUMAN_OBSERVATION	iNaturalist	Observations	99276756		jonathan_mack	2021-10-24T22:51:22	CC_BY_NC_4_0	jonathan_mack	jonathan_mack			2025-01-14T12:22:11.491Z	StillImage	COORDINATE_ROUNDED;CONTINENT_DERIVED_FROM_COORDINATES;TAXON_MATCH_TAXON_ID_IGNORED
3385081107	50c9509d-22c7-4a22-a47d-8c48425ef4a7	https://www.inaturalist.org/observations/96960458	Fungi	Basidiomycota	Agaricomycetes	Agaricales	Amanitaceae	Amanita	Amanita citrina		SPECIES	Amanita citrina Pers.	Amanita citrina		CA		Ontario	PRESENT		28eb1a3f-1c15-4a95-931a-4af90ecb574d	45.376512	-75.288253	5.0						2021-10-01T14:38:41	1	10	2021	3328320	3328320	HUMAN_OBSERVATION	iNaturalist	Observations	96960458		Lynn Ovenden	2021-10-02T23:54:15	CC_BY_NC_4_0	Lynn Ovenden	Lynn Ovenden			2025-01-14T13:15:03.133Z	StillImage	COORDINATE_ROUNDED;CONTINENT_DERIVED_FROM_COORDINATES;TAXON_MATCH_TAXON_ID_IGNORED
3384748011	50c9509d-22c7-4a22-a47d-8c48425ef4a7	https://www.inaturalist.org/observations/94878338	Fungi	Basidiomycota	Agaricomycetes	Agaricales	Amanitaceae	Amanita	Amanita citrina		SPECIES	Amanita citrina Pers.	Amanita citrina		CA		Ontario	PRESENT		28eb1a3f-1c15-4a95-931a-4af90ecb574d	45.364217	-75.272805	10.0						2021-09-09T16:54:39	9	9	2021	3328320	3328320	HUMAN_OBSERVATION	iNaturalist	Observations	94878338		Lynn Ovenden	2021-09-14T23:14:33	CC_BY_NC_4_0	Lynn Ovenden	Lynn Ovenden			2025-01-14T13:14:40.417Z	StillImage	COORDINATE_ROUNDED;CONTINENT_DERIVED_FROM_COORDINATES;TAXON_MATCH_TAXON_ID_IGNORED
3333250198	50c9509d-22c7-4a22-a47d-8c48425ef4a7	https://www.inaturalist.org/observations/88712379	Fungi	Basidiomycota	Agaricomycetes	Agaricales	Amanitaceae	Amanita	Amanita citrina		SPECIES	Amanita citrina Pers.	Amanita citrina		CA		Nova Scotia	PRESENT		28eb1a3f-1c15-4a95-931a-4af90ecb574d	45.085805	-64.342203	182.0						2021-07-19T17:11	19	7	2021	3328320	3328320	HUMAN_OBSERVATION	iNaturalist	Observations	88712379		Sarah	2021-07-26T17:17:02	CC_BY_NC_4_0	Sarah	Sarah			2025-01-14T12:20:35.077Z	StillImage	COORDINATE_ROUNDED;CONTINENT_DERIVED_FROM_COORDINATES;TAXON_MATCH_TAXON_ID_IGNORED
3079803511	50c9509d-22c7-4a22-a47d-8c48425ef4a7	https://www.inaturalist.org/observations/17535510	Fungi	Basidiomycota	Agaricomycetes	Agaricales	Amanitaceae	Amanita	Amanita citrina		SPECIES	Amanita citrina Pers.	Amanita citrina		CA		Ontario	PRESENT		28eb1a3f-1c15-4a95-931a-4af90ecb574d	45.375847	-75.233719	66.0						2018-10-12T12:24	12	10	2018	3328320	3328320	HUMAN_OBSERVATION	iNaturalist	Observations	17535510		jonathan_mack	2019-09-13T01:33:17	CC_BY_NC_4_0	Igor Khomenko	Igor Khomenko			2025-01-14T12:05:56.046Z	StillImage	COORDINATE_ROUNDED;CONTINENT_DERIVED_FROM_COORDINATES;TAXON_MATCH_TAXON_ID_IGNORED
3018071484	50c9509d-22c7-4a22-a47d-8c48425ef4a7	https://www.inaturalist.org/observations/58052465	Fungi	Basidiomycota	Agaricomycetes	Agaricales	Amanitaceae	Amanita	Amanita citrina		SPECIES	Amanita citrina Pers.	Amanita citrina		CA		Ontario	PRESENT		28eb1a3f-1c15-4a95-931a-4af90ecb574d	46.239664	-79.152316	22.0						2020-08-30T10:53:09	30	8	2020	3328320	3328320	HUMAN_OBSERVATION	iNaturalist	Observations	58052465		Lucas Beaver	2020-08-30T17:46:36	CC_BY_NC_4_0	Lucas Beaver	Lucas Beaver			2025-01-14T12:14:34.200Z	StillImage	CONTINENT_DERIVED_FROM_COORDINATES;TAXON_MATCH_TAXON_ID_IGNORED
2901505529	50c9509d-22c7-4a22-a47d-8c48425ef4a7	https://www.inaturalist.org/observations/60275076	Fungi	Basidiomycota	Agaricomycetes	Agaricales	Amanitaceae	Amanita	Amanita citrina		SPECIES	Amanita citrina Pers.	Amanita citrina		CA		Ontario	PRESENT		28eb1a3f-1c15-4a95-931a-4af90ecb574d	45.366204	-75.529716	15.0						2020-09-20T14:41	20	9	2020	3328320	3328320	HUMAN_OBSERVATION	iNaturalist	Observations	60275076		jonathan_mack	2020-09-21T01:39:02	CC_BY_NC_4_0	jonathan_mack	jonathan_mack			2025-01-14T12:14:46.101Z	StillImage	COORDINATE_ROUNDED;CONTINENT_DERIVED_FROM_COORDINATES;TAXON_MATCH_TAXON_ID_IGNORED
2862500197	50c9509d-22c7-4a22-a47d-8c48425ef4a7	https://www.inaturalist.org/observations/58951304	Fungi	Basidiomycota	Agaricomycetes	Agaricales	Amanitaceae	Amanita	Amanita citrina		SPECIES	Amanita citrina Pers.	Amanita citrina		CA		Québec	PRESENT		28eb1a3f-1c15-4a95-931a-4af90ecb574d	46.893841	-71.081791	8.0						2020-09-06	6	9	2020	3328320	3328320	HUMAN_OBSERVATION	iNaturalist	Observations	58951304		cinna_latifolia	2020-09-10T17:48:08	CC_BY_NC_4_0	Ludo Leclerc	Ludo Leclerc			2025-01-14T13:09:55.955Z	StillImage	COORDINATE_ROUNDED;CONTINENT_DERIVED_FROM_COORDINATES;TAXON_MATCH_TAXON_ID_IGNORED
2862330343	50c9509d-22c7-4a22-a47d-8c48425ef4a7	https://www.inaturalist.org/observations/32086451	Fungi	Basidiomycota	Agaricomycetes	Agaricales	Amanitaceae	Amanita	Amanita citrina		SPECIES	Amanita citrina Pers.	Amanita citrina		CA		Québec	PRESENT		28eb1a3f-1c15-4a95-931a-4af90ecb574d	46.755567	-71.320352	31.0						2019-08-31T15:24	31	8	2019	3328320	3328320	HUMAN_OBSERVATION	iNaturalist	Observations	32086451		jonathan_mack	2019-09-04T02:05:17	CC_BY_NC_4_0	jonathan_mack	jonathan_mack			2025-01-14T13:04:51.533Z	StillImage	COORDINATE_ROUNDED;CONTINENT_DERIVED_FROM_COORDINATES;TAXON_MATCH_TAXON_ID_IGNORED
2574078281	50c9509d-22c7-4a22-a47d-8c48425ef4a7	https://www.inaturalist.org/observations/33503658	Fungi	Basidiomycota	Agaricomycetes	Agaricales	Amanitaceae	Amanita	Amanita citrina		SPECIES	Amanita citrina Pers.	Amanita citrina		CA		Québec	PRESENT		28eb1a3f-1c15-4a95-931a-4af90ecb574d	46.755013	-71.324101	4.0						2019-09-27	27	9	2019	3328320	3328320	HUMAN_OBSERVATION	iNaturalist	Observations	33503658		Ludo Leclerc	2019-09-27T22:49:49	CC_BY_NC_4_0	Ludo Leclerc	Ludo Leclerc			2025-01-14T13:00:13.876Z	StillImage	COORDINATE_ROUNDED;CONTINENT_DERIVED_FROM_COORDINATES;TAXON_MATCH_TAXON_ID_IGNORED
2429518267	50c9509d-22c7-4a22-a47d-8c48425ef4a7	https://www.inaturalist.org/observations/34110200	Fungi	Basidiomycota	Agaricomycetes	Agaricales	Amanitaceae	Amanita	Amanita citrina		SPECIES	Amanita citrina Pers.	Amanita citrina		CA		New Brunswick	PRESENT		28eb1a3f-1c15-4a95-931a-4af90ecb574d	46.148055	-64.399594	1503.0						2018-09-30T10:04	30	9	2018	3328320	3328320	HUMAN_OBSERVATION	iNaturalist	Observations	34110200		Raymonde G Chartier	2019-10-09T11:25:53	CC_BY_NC_4_0	Raymonde G Chartier	Raymonde G Chartier			2025-01-14T13:03:59.038Z	StillImage	COORDINATE_ROUNDED;CONTINENT_DERIVED_FROM_COORDINATES;TAXON_MATCH_TAXON_ID_IGNORED
2013685557	50c9509d-22c7-4a22-a47d-8c48425ef4a7	https://www.inaturalist.org/observations/17255040	Fungi	Basidiomycota	Agaricomycetes	Agaricales	Amanitaceae	Amanita	Amanita citrina		SPECIES	Amanita citrina Pers.	Amanita citrina		CA		Québec	PRESENT		28eb1a3f-1c15-4a95-931a-4af90ecb574d	45.621413	-75.030375	54.0						2018-09-29T10:32	29	9	2018	3328320	3328320	HUMAN_OBSERVATION	iNaturalist	Observations	17255040		jonathan_mack	2018-10-06T19:21:54	CC_BY_NC_4_0	jonathan_mack	jonathan_mack			2025-01-14T12:05:54.705Z	StillImage	COORDINATE_ROUNDED;CONTINENT_DERIVED_FROM_COORDINATES;TAXON_MATCH_TAXON_ID_IGNORED
1990300816	032f1fbe-d21f-407d-be46-5cd1bb1ea397	85a5cc4a-c5c9-4c56-bbfe-2c669e1e75ff	Fungi	Basidiomycota	Agaricomycetes	Agaricales	Amanitaceae	Amanita	Amanita citrina		SPECIES	Amanita mappa (Batsch) Bertill.	Amanita mappa	(Batsch) Bertill.	CA	Whitney	Ontario	PRESENT		61c539d8-47e0-4b82-875f-b95aad66dcd4	45.494444	-78.234722							1962-08-03	3	8	1962	5451914	3328320	PRESERVED_SPECIMEN	TENN-F		TENN-F-027565	RHP27565			CC0_1_0		R.H. Petersen			2025-01-12T10:33:52.843Z		COORDINATE_ROUNDED;GEODETIC_DATUM_ASSUMED_WGS84;CONTINENT_DERIVED_FROM_COORDINATES;TAXON_MATCH_TAXON_ID_IGNORED;INSTITUTION_MATCH_NONE
1807255970	e8a25a42-f125-476c-8554-3ec21cd51a84	ACAD:112618	Fungi	Basidiomycota	Agaricomycetes	Agaricales	Amanitaceae	Amanita	Amanita citrina		SPECIES	Amanita citrina Pers.	Amanita citrina (Schaeff.) Pers.	(Schaeff.) Pers.	CA	Coldbrook	Nova Scotia	PRESENT		6491ad8c-8e49-4bd4-a089-0ddb3bbe0890	45.06325	-64.58638							1953-10-22	22	10	1953	3328320	3328320	PRESERVED_SPECIMEN	Acadia University	ACAD	2531F	2531			CC0_1_0	Acadia University	Harrison, KA			2024-01-25T01:37:10.932Z	StillImage	GEODETIC_DATUM_INVALID;GEODETIC_DATUM_ASSUMED_WGS84;TAXON_MATCH_TAXON_ID_IGNORED;INSTITUTION_MATCH_FUZZY;COLLECTION_MATCH_FUZZY
1807255299	e8a25a42-f125-476c-8554-3ec21cd51a84	ACAD:111802	Fungi	Basidiomycota	Agaricomycetes	Agaricales	Amanitaceae	Amanita	Amanita citrina		SPECIES	Amanita mappa (Batsch) Bertill.	Amanita mappa	(Batsch) Bertill., 1866	CA	Kentville	Nova Scotia	PRESENT		6491ad8c-8e49-4bd4-a089-0ddb3bbe0890	45.07662	-64.49592							1951-10-04	4	10	1951	5451914	3328320	PRESERVED_SPECIMEN	Acadia University	ACAD	1430F	1430			CC0_1_0	Acadia University	H, KA			2024-01-25T01:37:06.808Z	StillImage	GEODETIC_DATUM_INVALID;GEODETIC_DATUM_ASSUMED_WGS84;TAXON_MATCH_TAXON_ID_IGNORED;INSTITUTION_MATCH_FUZZY;COLLECTION_MATCH_FUZZY
1807255278	e8a25a42-f125-476c-8554-3ec21cd51a84	ACAD:111918	Fungi	Basidiomycota	Agaricomycetes	Agaricales	Amanitaceae	Amanita	Amanita citrina		SPECIES	Amanita mappa (Batsch) Bertill.	Amanita mappa	(Batsch) Bertill., 1866	CA	(Kentville)	Nova Scotia	PRESENT		6491ad8c-8e49-4bd4-a089-0ddb3bbe0890	45.07662	-64.49592							1931-09-21	21	9	1931	5451914	3328320	PRESERVED_SPECIMEN	Acadia University	ACAD	158F	158			CC0_1_0	Acadia University	H, KA			2024-01-25T01:37:06.709Z	StillImage	GEODETIC_DATUM_INVALID;GEODETIC_DATUM_ASSUMED_WGS84;TAXON_MATCH_TAXON_ID_IGNORED;INSTITUTION_MATCH_FUZZY;COLLECTION_MATCH_FUZZY
1701558088	39bd4817-9530-4341-a918-4f16b8db1419	UdeM:CMMF:Blitz2017:81	Fungi	Basidiomycota	Agaricomycetes	Agaricales	Amanitaceae	Amanita	Amanita citrina		SPECIES	Amanita citrina Pers.	Amanita citrina Pers., 1797	(Schäff.: Fr.) Gray	CA	Parc des Chutes de Sainte-Ursule	Québec	PRESENT		ff7bd5db-b724-4932-b496-10ea298851f9	46.300422	-73.094321	500.0						2017-08-09	9	8	2017	3328320	3328320	HUMAN_OBSERVATION	Université de Montréal Biodiversity Centre	CMMF			Raymond Archambault et Joseph Nuzzolese	2017-08-09T00:00:00	CC0_1_0		IRBV's graduate students			2024-01-24T17:29:10.467Z		
1412709019	21705170-d2b6-42de-8904-c3bca4b83591	CMMF017575	Fungi	Basidiomycota	Agaricomycetes	Agaricales	Amanitaceae	Amanita	Amanita citrina		SPECIES	Amanita citrina Pers.	Amanita citrina (Schaeff.) Pers.	(Schaeff.) Pers.	CA	Arboretum Morgan, Québec.	Québec	PRESENT		ff7bd5db-b724-4932-b496-10ea298851f9	45.43	-73.946667	2500.0						1981-08-12	12	8	1981	3328320	3328320	PRESERVED_SPECIMEN	Université de Montréal Biodiversity Centre	CMMF	CMMF017575	1981-199	Cyr, A.		CC0_1_0	Université de Montréal Biodiversity Centre	Cyr, A.			2024-01-24T16:38:15.805Z		COORDINATE_ROUNDED;INSTITUTION_MATCH_FUZZY;COLLECTION_MATCH_FUZZY;DIFFERENT_OWNER_INSTITUTION
1412708958	21705170-d2b6-42de-8904-c3bca4b83591	CMMF017386	Fungi	Basidiomycota	Agaricomycetes	Agaricales	Amanitaceae	Amanita	Amanita citrina		SPECIES	Amanita citrina Pers.	Amanita citrina (Schaeff.) Pers.	(Schaeff.) Pers.	CA	Cap Saint-Jacques, Québec.	Québec	PRESENT		ff7bd5db-b724-4932-b496-10ea298851f9	45.465391	-73.920995	4000.0						1981-08-24	24	8	1981	3328320	3328320	PRESERVED_SPECIMEN	Université de Montréal Biodiversity Centre	CMMF	CMMF017386	1981-243	Cyr, A.		CC0_1_0	Université de Montréal Biodiversity Centre	Cyr, A.			2024-01-24T16:38:15.709Z		INSTITUTION_MATCH_FUZZY;COLLECTION_MATCH_FUZZY;DIFFERENT_OWNER_INSTITUTION
1412708739	21705170-d2b6-42de-8904-c3bca4b83591	CMMF017276	Fungi	Basidiomycota	Agaricomycetes	Agaricales	Amanitaceae	Amanita	Amanita citrina		SPECIES	Amanita citrina Pers.	Amanita citrina (Schaeff.) Pers.	(Schaeff.) Pers.	CA	Île des Soeurs, Québec.	Québec	PRESENT		ff7bd5db-b724-4932-b496-10ea298851f9	45.461124	-73.547316	2000.0						1981-08-04	4	8	1981	3328320	3328320	PRESERVED_SPECIMEN	Université de Montréal Biodiversity Centre	CMMF	CMMF017276	1981-179	Cyr, A.		CC0_1_0	Université de Montréal Biodiversity Centre	Cyr, A.			2024-01-24T16:38:15.573Z		INSTITUTION_MATCH_FUZZY;COLLECTION_MATCH_FUZZY;DIFFERENT_OWNER_INSTITUTION
1412707361	21705170-d2b6-42de-8904-c3bca4b83591	CMMF015828	Fungi	Basidiomycota	Agaricomycetes	Agaricales	Amanitaceae	Amanita	Amanita citrina		SPECIES	Amanita citrina Pers.	Amanita citrina (Schaeff.) Pers.	(Schaeff.) Pers.	CA	Mont Orford, Québec.	Québec	PRESENT		ff7bd5db-b724-4932-b496-10ea298851f9	45.340394	-72.208677	6500.0						1998-09-05	5	9	1998	3328320	3328320	PRESERVED_SPECIMEN	Université de Montréal Biodiversity Centre	CMMF	CMMF015828	2623	Guérin, Gérard		CC0_1_0	Université de Montréal Biodiversity Centre	Guérin, Gérard			2024-01-24T16:38:16.520Z	StillImage	INSTITUTION_MATCH_FUZZY;COLLECTION_MATCH_FUZZY;DIFFERENT_OWNER_INSTITUTION
1412705847	21705170-d2b6-42de-8904-c3bca4b83591	CMMF014311	Fungi	Basidiomycota	Agaricomycetes	Agaricales	Amanitaceae	Amanita	Amanita citrina		SPECIES	Amanita citrina Pers.	Amanita citrina (Schaeff.) Pers.	(Schaeff.) Pers.	CA	Saint-Ubalde, Québec.	Québec	PRESENT		ff7bd5db-b724-4932-b496-10ea298851f9	46.799305	-72.267036	10000.0						1992-09-09	9	9	1992	3328320	3328320	PRESERVED_SPECIMEN	Université de Montréal Biodiversity Centre	CMMF	CMMF014311	2622	Guérin, Gérard		CC0_1_0	Université de Montréal Biodiversity Centre	unknown			2024-01-24T16:38:19.438Z	StillImage	INSTITUTION_MATCH_FUZZY;COLLECTION_MATCH_FUZZY;DIFFERENT_OWNER_INSTITUTION
1412705803	21705170-d2b6-42de-8904-c3bca4b83591	CMMF014310	Fungi	Basidiomycota	Agaricomycetes	Agaricales	Amanitaceae	Amanita	Amanita citrina		SPECIES	Amanita citrina Pers.	Amanita citrina (Schaeff.) Pers.	(Schaeff.) Pers.	CA	Route Laprairie, Québec.	Québec	PRESENT		ff7bd5db-b724-4932-b496-10ea298851f9	45.385356	-73.389519	10000.0						1978-09-25	25	9	1978	3328320	3328320	PRESERVED_SPECIMEN	Université de Montréal Biodiversity Centre	CMMF	CMMF014310	2620	Guérin, Gérard		CC0_1_0	Université de Montréal Biodiversity Centre	Guérin, Gérard			2024-01-24T16:38:19.436Z		INSTITUTION_MATCH_FUZZY;COLLECTION_MATCH_FUZZY;DIFFERENT_OWNER_INSTITUTION
1135070554	21705170-d2b6-42de-8904-c3bca4b83591	CMMF009113	Fungi	Basidiomycota	Agaricomycetes	Agaricales	Amanitaceae	Amanita	Amanita citrina		SPECIES	Amanita citrina Pers.	Amanita citrina (Schaeff.) Pers.	(Schaeff.) Pers.	CA	Charlesbourg Ouest (M. Allen), Québec.	Québec	PRESENT		ff7bd5db-b724-4932-b496-10ea298851f9	46.91969	-71.322285	4200.0						2006-09-03	3	9	2006	3328320	3328320	PRESERVED_SPECIMEN	Université de Montréal Biodiversity Centre	CMMF	CMMF009113	696	Labrecque, Jacqueline		CC0_1_0	Université de Montréal Biodiversity Centre	Labrecque, Jacqueline			2024-01-24T16:38:20.224Z		INSTITUTION_MATCH_FUZZY;COLLECTION_MATCH_FUZZY;DIFFERENT_OWNER_INSTITUTION
1024560030	21705170-d2b6-42de-8904-c3bca4b83591	CMMF005461	Fungi	Basidiomycota	Agaricomycetes	Agaricales	Amanitaceae	Amanita	Amanita citrina		SPECIES	Amanita citrina Pers.	Amanita citrina (Schaeff.) Pers.	(Schaeff.) Pers.	CA	St-Hippolyte	Québec	PRESENT		ff7bd5db-b724-4932-b496-10ea298851f9	45.989333	-74.003633	100.0						1978-08-29	29	8	1978	3328320	3328320	PRESERVED_SPECIMEN	Université de Montréal Biodiversity Centre	CMMF	CMMF005461	inexistant	McNeil, Raymond		CC0_1_0	Université de Montréal Biodiversity Centre	McNeil, Raymond			2024-01-24T16:38:15.746Z	StillImage	INSTITUTION_MATCH_FUZZY;COLLECTION_MATCH_FUZZY;DIFFERENT_OWNER_INSTITUTION
1024560015	21705170-d2b6-42de-8904-c3bca4b83591	CMMF005462	Fungi	Basidiomycota	Agaricomycetes	Agaricales	Amanitaceae	Amanita	Amanita citrina		SPECIES	Amanita citrina Pers.	Amanita citrina (Schaeff.) Pers.	(Schaeff.) Pers.	CA	Châteauguay (Centre écologique Fernand Seguin)	Québec	PRESENT		ff7bd5db-b724-4932-b496-10ea298851f9	45.33983	-73.773917	100.0						2010-08-27	27	8	2010	3328320	3328320	PRESERVED_SPECIMEN	Université de Montréal Biodiversity Centre	CMMF	CMMF005462	C3715	McNeil, Raymond		CC0_1_0	Université de Montréal Biodiversity Centre	McNeil, Raymond			2024-01-24T16:38:15.743Z	StillImage	COORDINATE_ROUNDED;INSTITUTION_MATCH_FUZZY;COLLECTION_MATCH_FUZZY;DIFFERENT_OWNER_INSTITUTION
1024559990	21705170-d2b6-42de-8904-c3bca4b83591	CMMF005460	Fungi	Basidiomycota	Agaricomycetes	Agaricales	Amanitaceae	Amanita	Amanita citrina		SPECIES	Amanita citrina Pers.	Amanita citrina (Schaeff.) Pers.	(Schaeff.) Pers.	CA	Mirabel (Chemin de la Rivière du Nord)	Québec	PRESENT		ff7bd5db-b724-4932-b496-10ea298851f9	45.683917	-74.2185	100.0						2004-09-15	15	9	2004	3328320	3328320	PRESERVED_SPECIMEN	Université de Montréal Biodiversity Centre	CMMF	CMMF005460	C2004	McNeil, Raymond		CC0_1_0	Université de Montréal Biodiversity Centre	McNeil, Raymond			2024-01-24T16:38:15.744Z	StillImage	COORDINATE_ROUNDED;INSTITUTION_MATCH_FUZZY;COLLECTION_MATCH_FUZZY;DIFFERENT_OWNER_INSTITUTION
1024559169	21705170-d2b6-42de-8904-c3bca4b83591	CMMF004418	Fungi	Basidiomycota	Agaricomycetes	Agaricales	Amanitaceae	Amanita	Amanita citrina		SPECIES	Amanita citrina Pers.	Amanita citrina (Schaeff.) Pers.	(Schaeff.) Pers.	CA	Réserve écologique du Boisé-des-Muir, Hinchinbrooke.	Québec	PRESENT		ff7bd5db-b724-4932-b496-10ea298851f9	45.086559	-74.11496	10.0						2012-08-20	20	8	2012	3328320	3328320	PRESERVED_SPECIMEN	Université de Montréal Biodiversity Centre	CMMF	CMMF004418	430	Turgon, Jean-Pierre		CC0_1_0	Université de Montréal Biodiversity Centre	Langlois, Annabelle; McNeil, Raymond; Turgon, Jean-Pierre			2024-01-24T16:38:19.583Z	StillImage	INSTITUTION_MATCH_FUZZY;COLLECTION_MATCH_FUZZY;DIFFERENT_OWNER_INSTITUTION
1024558846	21705170-d2b6-42de-8904-c3bca4b83591	CMMF004290	Fungi	Basidiomycota	Agaricomycetes	Agaricales	Amanitaceae	Amanita	Amanita citrina		SPECIES	Amanita citrina Pers.	Amanita citrina (Schaeff.) Pers.	(Schaeff.) Pers.	CA	Réserve écologique du Boisé-des-Muir, Hinchinbrooke.	Québec	PRESENT		ff7bd5db-b724-4932-b496-10ea298851f9	45.086231	-74.117534	20.0						2012-07-15	15	7	2012	3328320	3328320	PRESERVED_SPECIMEN	Université de Montréal Biodiversity Centre	CMMF	CMMF004290	298	Langlois, Annabelle		CC0_1_0	Université de Montréal Biodiversity Centre	Archambault, Raymond; Langlois, Annabelle; Marchand, Charlotte			2024-01-24T16:38:18.726Z	StillImage	INSTITUTION_MATCH_FUZZY;COLLECTION_MATCH_FUZZY;DIFFERENT_OWNER_INSTITUTION
