gbifID	datasetKey	occurrenceID	kingdom	phylum	class	order	family	genus	species	infraspecificEpithet	taxonRank	scientificName	verbatimScientificName	verbatimScientificNameAuthorship	countryCode	locality	stateProvince	occurrenceStatus	individualCount	publishingOrgKey	decimalLatitude	decimalLongitude	coordinateUncertaintyInMeters	coordinatePrecision	elevation	elevationAccuracy	depth	depthAccuracy	eventDate	day	month	year	taxonKey	speciesKey	basisOfRecord	institutionCode	collectionCode	catalogNumber	recordNumber	identifiedBy	dateIdentified	license	rightsHolder	recordedBy	typeStatus	establishmentMeans	lastInterpreted	mediaType	issue
694159176	d7cfd2ed-8af4-427f-a16e-eb66b7e2c419	31226	Fungi	Basidiomycota	Agaricomycetes	Agaricales	Agaricaceae	Lycoperdon	Lycoperdon marginatum		SPECIES	Lycoperdon marginatum Vittad.	Lycoperdon marginatum Vittad.	Vittad.	CA	Leslie M. Frost Natural Resources Centre	Ontario	PRESENT		ff418020-1d67-11d9-8435-b8a03c50a862	45.159467	-78.8451	450.0						1972-10-14	14	10	1972	5453425	5453425	PRESERVED_SPECIMEN	Royal Ontario Museum	TRTC	TRTC047830		Cain, R.F.		CC0_1_0	Royal Ontario Museum	Cain, R.F.;			2024-01-25T00:59:40.887Z		COORDINATE_ROUNDED;AMBIGUOUS_INSTITUTION
694157314	d7cfd2ed-8af4-427f-a16e-eb66b7e2c419	15945	Fungi	Basidiomycota	Agaricomycetes	Agaricales	Agaricaceae	Lycoperdon	Lycoperdon marginatum		SPECIES	Lycoperdon marginatum Vittad.	Lycoperdon marginatum Vittad.	Vittad.	CA	Forest Ranger School	Ontario	PRESENT		ff418020-1d67-11d9-8435-b8a03c50a862	45.159467	-78.8451	450.0						1961-09-13	13	9	1961	5453425	5453425	PRESERVED_SPECIMEN	Royal Ontario Museum	TRTC	TRTC037661		Cain, R.F.		CC0_1_0	Royal Ontario Museum	Cain, R.F.			2024-01-25T00:59:40.796Z		COORDINATE_ROUNDED;AMBIGUOUS_INSTITUTION
694157281	d7cfd2ed-8af4-427f-a16e-eb66b7e2c419	15616	Fungi	Basidiomycota	Agaricomycetes	Agaricales	Agaricaceae	Lycoperdon	Lycoperdon marginatum		SPECIES	Lycoperdon marginatum Vittad.	Lycoperdon marginatum Vittad.	Vittad.	CA	S of Dorset	Ontario	PRESENT		ff418020-1d67-11d9-8435-b8a03c50a862	45.23936	-78.888359	1499.0						1970-09-19	19	9	1970	5453425	5453425	PRESERVED_SPECIMEN	Royal Ontario Museum	TRTC	TRTC046220		Cain, R.F.		CC0_1_0	Royal Ontario Museum	Cain, R.F.			2024-01-25T00:59:40.588Z		COORDINATE_ROUNDED;AMBIGUOUS_INSTITUTION
694157241	d7cfd2ed-8af4-427f-a16e-eb66b7e2c419	15434	Fungi	Basidiomycota	Agaricomycetes	Agaricales	Agaricaceae	Lycoperdon	Lycoperdon marginatum		SPECIES	Lycoperdon marginatum Vittad.	Lycoperdon marginatum Vittad.	Vittad.	CA	Purbrook	Ontario	PRESENT		ff418020-1d67-11d9-8435-b8a03c50a862	45.03156	-79.14979	750.0						1956-09-02	2	9	1956	5453425	5453425	PRESERVED_SPECIMEN	Royal Ontario Museum	TRTC	TRTC050419		Cain, R.F.		CC0_1_0	Royal Ontario Museum	Cain, R.F.			2024-01-25T00:59:40.235Z		AMBIGUOUS_INSTITUTION
694156862	d7cfd2ed-8af4-427f-a16e-eb66b7e2c419	13445	Fungi	Basidiomycota	Agaricomycetes	Agaricales	Agaricaceae	Lycoperdon	Lycoperdon marginatum		SPECIES	Lycoperdon marginatum Vittad.	Lycoperdon marginatum Vittad.	Vittad.	CA	Algonquin Provincial Park, Opeongo Lake	Ontario	PRESENT		ff418020-1d67-11d9-8435-b8a03c50a862	45.698027	-78.369598	8499.0						1954-09-17	17	9	1954	5453425	5453425	PRESERVED_SPECIMEN	Royal Ontario Museum	TRTC	TRTC050407		Cain, R.F.		CC0_1_0	Royal Ontario Museum	Cain, R.F.			2024-01-25T00:59:41.141Z		COORDINATE_ROUNDED;AMBIGUOUS_INSTITUTION
694156842	d7cfd2ed-8af4-427f-a16e-eb66b7e2c419	13220	Fungi	Basidiomycota	Agaricomycetes	Agaricales	Agaricaceae	Lycoperdon	Lycoperdon marginatum		SPECIES	Lycoperdon marginatum Vittad.	Lycoperdon marginatum Vittad.	Vittad.	CA	Algonquin Provincial Park, Sproule Creek	Ontario	PRESENT		ff418020-1d67-11d9-8435-b8a03c50a862	45.625098	-78.36594	35.0						1956-09-25	25	9	1956	5453425	5453425	PRESERVED_SPECIMEN	Royal Ontario Museum	TRTC	TRTC032897		Cain, R.F.		CC0_1_0	Royal Ontario Museum	Cain, R.F.			2024-01-25T00:59:40.838Z		COORDINATE_ROUNDED;AMBIGUOUS_INSTITUTION
694156832	d7cfd2ed-8af4-427f-a16e-eb66b7e2c419	13149	Fungi	Basidiomycota	Agaricomycetes	Agaricales	Agaricaceae	Lycoperdon	Lycoperdon marginatum		SPECIES	Lycoperdon marginatum Vittad.	Lycoperdon marginatum Vittad.	Vittad.	CA	Algonquin Provincial Park, Sproule Lake Portage	Ontario	PRESENT		ff418020-1d67-11d9-8435-b8a03c50a862	45.634026	-78.369083	1347.0						1954-09-17	17	9	1954	5453425	5453425	PRESERVED_SPECIMEN	Royal Ontario Museum	TRTC	TRTC030483		Cain, R.F.		CC0_1_0	Royal Ontario Museum	Cain, R.F.			2024-01-25T00:59:40.743Z		COORDINATE_ROUNDED;AMBIGUOUS_INSTITUTION
694156816	d7cfd2ed-8af4-427f-a16e-eb66b7e2c419	13008	Fungi	Basidiomycota	Agaricomycetes	Agaricales	Agaricaceae	Lycoperdon	Lycoperdon marginatum		SPECIES	Lycoperdon marginatum Vittad.	Lycoperdon marginatum Vittad.	Vittad.	CA	Algonquin Provincial Park, Opeongo Lake	Ontario	PRESENT		ff418020-1d67-11d9-8435-b8a03c50a862	45.698027	-78.369598	8499.0						1958-09-13	13	9	1958	5453425	5453425	PRESERVED_SPECIMEN	Royal Ontario Museum	TRTC	TRTC033959		Cain, R.F.		CC0_1_0	Royal Ontario Museum	Cain, R.F.			2024-01-25T00:59:40.560Z		COORDINATE_ROUNDED;AMBIGUOUS_INSTITUTION
694156709	d7cfd2ed-8af4-427f-a16e-eb66b7e2c419	11484	Fungi	Basidiomycota	Agaricomycetes	Agaricales	Agaricaceae	Lycoperdon	Lycoperdon marginatum		SPECIES	Lycoperdon marginatum Vittad.	Lycoperdon marginatum Vittad.	Vittad.	CA	Opeongo South district	Ontario	PRESENT		ff418020-1d67-11d9-8435-b8a03c50a862	45.610435	-78.365478	3287.0						1958-09-08	8	9	1958	5453425	5453425	PRESERVED_SPECIMEN	Royal Ontario Museum	TRTC	TRTC044062		Cain, R.F.		CC0_1_0	Royal Ontario Museum	Cain, R.F.			2024-01-25T00:59:39.238Z		COORDINATE_ROUNDED;AMBIGUOUS_INSTITUTION
617554994	21705170-d2b6-42de-8904-c3bca4b83591	CMMF000609	Fungi	Basidiomycota	Agaricomycetes	Agaricales	Agaricaceae	Lycoperdon	Lycoperdon marginatum		SPECIES	Lycoperdon marginatum Vittad.	Lycoperdon marginatum Vittad.	Vittad.	CA	Mirabel	Québec	PRESENT		ff7bd5db-b724-4932-b496-10ea298851f9	45.659599	-74.064294	18500.0						1989-08-06	6	8	1989	5453425	5453425	PRESERVED_SPECIMEN	Université de Montréal Biodiversity Centre	CMMF	CMMF000609		Lamoureux, Yves		CC0_1_0	Université de Montréal Biodiversity Centre	Lamoureux, Yves			2024-01-24T16:38:20.207Z	StillImage	INSTITUTION_MATCH_FUZZY;COLLECTION_MATCH_FUZZY;DIFFERENT_OWNER_INSTITUTION
617551878	21705170-d2b6-42de-8904-c3bca4b83591	CMMF002900	Fungi	Basidiomycota	Agaricomycetes	Agaricales	Agaricaceae	Lycoperdon	Lycoperdon marginatum		SPECIES	Lycoperdon marginatum Vittad.	Lycoperdon marginatum Vittad.	Vittad.	CA	Shawinigan	Québec	PRESENT		ff7bd5db-b724-4932-b496-10ea298851f9	46.556139	-72.72166	7000.0						1996-08-21	21	8	1996	5453425	5453425	PRESERVED_SPECIMEN	Université de Montréal Biodiversity Centre	CMMF	CMMF002900		Lamoureux, Yves		CC0_1_0	Université de Montréal Biodiversity Centre	Lamoureux, Yves			2024-01-24T16:38:20.861Z	StillImage	INSTITUTION_MATCH_FUZZY;COLLECTION_MATCH_FUZZY;DIFFERENT_OWNER_INSTITUTION
617550899	21705170-d2b6-42de-8904-c3bca4b83591	CMMF000248	Fungi	Basidiomycota	Agaricomycetes	Agaricales	Agaricaceae	Lycoperdon	Lycoperdon marginatum		SPECIES	Lycoperdon marginatum Vittad.	Lycoperdon marginatum Vittad.	Vittad.	CA	Saint-Côme	Québec	PRESENT		ff7bd5db-b724-4932-b496-10ea298851f9	46.269761	-73.774867	15000.0						1988-08-27	27	8	1988	5453425	5453425	PRESERVED_SPECIMEN	Université de Montréal Biodiversity Centre	CMMF	CMMF000248		Lamoureux, Yves		CC0_1_0	Université de Montréal Biodiversity Centre	Lamoureux, Yves			2024-01-24T16:38:20.687Z	StillImage	INSTITUTION_MATCH_FUZZY;COLLECTION_MATCH_FUZZY;DIFFERENT_OWNER_INSTITUTION
4978356518	50c9509d-22c7-4a22-a47d-8c48425ef4a7	https://www.inaturalist.org/observations/250551729	Fungi	Basidiomycota	Agaricomycetes	Agaricales	Agaricaceae	Lycoperdon	Lycoperdon marginatum		SPECIES	Lycoperdon marginatum Vittad.	Lycoperdon marginatum		CA		Ontario	PRESENT		28eb1a3f-1c15-4a95-931a-4af90ecb574d	45.472779	-75.542512	1718.0						2024-10-19T09:42:11	19	10	2024	5453425	5453425	HUMAN_OBSERVATION	iNaturalist	Observations	250551729		a-tara-xy	2024-11-05T12:06:01	CC_BY_NC_4_0	a-tara-xy	a-tara-xy			2025-01-14T12:56:06.010Z	StillImage	COORDINATE_ROUNDED;CONTINENT_DERIVED_FROM_COORDINATES;TAXON_MATCH_TAXON_ID_IGNORED
4950549418	50c9509d-22c7-4a22-a47d-8c48425ef4a7	https://www.inaturalist.org/observations/243067413	Fungi	Basidiomycota	Agaricomycetes	Agaricales	Agaricaceae	Lycoperdon	Lycoperdon marginatum		SPECIES	Lycoperdon marginatum Vittad.	Lycoperdon marginatum		CA		Ontario	PRESENT		28eb1a3f-1c15-4a95-931a-4af90ecb574d	45.259969	-77.200228							2024-09-21T07:52:21	21	9	2024	5453425	5453425	HUMAN_OBSERVATION	iNaturalist	Observations	243067413		Lee Cumming	2024-09-21T12:25:25	CC_BY_NC_4_0	Lee Cumming	Lee Cumming			2025-01-14T12:58:13.486Z	StillImage	COORDINATE_ROUNDED;CONTINENT_DERIVED_FROM_COORDINATES;TAXON_MATCH_TAXON_ID_IGNORED
4911139166	50c9509d-22c7-4a22-a47d-8c48425ef4a7	https://www.inaturalist.org/observations/229947066	Fungi	Basidiomycota	Agaricomycetes	Agaricales	Agaricaceae	Lycoperdon	Lycoperdon marginatum		SPECIES	Lycoperdon marginatum Vittad.	Lycoperdon marginatum		CA		Ontario	PRESENT		28eb1a3f-1c15-4a95-931a-4af90ecb574d	45.578583	-78.408005	3099.0						2024-07-17T14:33:26	17	7	2024	5453425	5453425	HUMAN_OBSERVATION	iNaturalist	Observations	229947066		tawnybeth	2024-07-17T18:33:57	CC_BY_NC_4_0	tawnybeth	tawnybeth			2025-01-14T13:41:47.932Z	StillImage	COORDINATE_ROUNDED;CONTINENT_DERIVED_FROM_COORDINATES;TAXON_MATCH_TAXON_ID_IGNORED
4852839775	50c9509d-22c7-4a22-a47d-8c48425ef4a7	https://www.inaturalist.org/observations/207821903	Fungi	Basidiomycota	Agaricomycetes	Agaricales	Agaricaceae	Lycoperdon	Lycoperdon marginatum		SPECIES	Lycoperdon marginatum Vittad.	Lycoperdon marginatum		CA		Québec	PRESENT		28eb1a3f-1c15-4a95-931a-4af90ecb574d	45.811943	-73.71253	183.0						2020-08-10T12:59	10	8	2020	5453425	5453425	HUMAN_OBSERVATION	iNaturalist	Observations	207821903		Misa R. Beaudet	2024-04-17T20:57:19	CC_BY_NC_4_0	Misa R. Beaudet	Misa R. Beaudet			2025-01-14T13:40:12.023Z	StillImage	COORDINATE_ROUNDED;CONTINENT_DERIVED_FROM_COORDINATES;TAXON_MATCH_TAXON_ID_IGNORED
4416639299	50c9509d-22c7-4a22-a47d-8c48425ef4a7	https://www.inaturalist.org/observations/184651903	Fungi	Basidiomycota	Agaricomycetes	Agaricales	Agaricaceae	Lycoperdon	Lycoperdon marginatum		SPECIES	Lycoperdon marginatum Vittad.	Lycoperdon marginatum		CA		Québec	PRESENT		28eb1a3f-1c15-4a95-931a-4af90ecb574d	46.901312	-71.239197	4.0						2023-09-23T15:38:45	23	9	2023	5453425	5453425	HUMAN_OBSERVATION	iNaturalist	Observations	184651903		photonspanic	2023-09-24T06:51:14	CC_BY_NC_4_0	photonspanic	photonspanic			2025-01-14T12:39:59.726Z	StillImage	COORDINATE_ROUNDED;CONTINENT_DERIVED_FROM_COORDINATES;TAXON_MATCH_TAXON_ID_IGNORED
4171674032	50c9509d-22c7-4a22-a47d-8c48425ef4a7	https://www.inaturalist.org/observations/175742848	Fungi	Basidiomycota	Agaricomycetes	Agaricales	Agaricaceae	Lycoperdon	Lycoperdon marginatum		SPECIES	Lycoperdon marginatum Vittad.	Lycoperdon marginatum		CA		Québec	PRESENT		28eb1a3f-1c15-4a95-931a-4af90ecb574d	45.387329	-74.185921	3896.0						2023-07-30T11:20:11	30	7	2023	5453425	5453425	HUMAN_OBSERVATION	iNaturalist	Observations	175742848		helene258	2023-07-30T15:20:30	CC_BY_NC_4_0	helene258	helene258			2025-01-14T12:37:10.526Z	StillImage	COORDINATE_ROUNDED;CONTINENT_DERIVED_FROM_COORDINATES;TAXON_MATCH_TAXON_ID_IGNORED
4171591313	50c9509d-22c7-4a22-a47d-8c48425ef4a7	https://www.inaturalist.org/observations/175238043	Fungi	Basidiomycota	Agaricomycetes	Agaricales	Agaricaceae	Lycoperdon	Lycoperdon marginatum		SPECIES	Lycoperdon marginatum Vittad.	Lycoperdon marginatum		CA		Québec	PRESENT		28eb1a3f-1c15-4a95-931a-4af90ecb574d	45.606063	-76.254339	27126.0						2023-07-27T10:24:09	27	7	2023	5453425	5453425	HUMAN_OBSERVATION	iNaturalist	Observations	175238043		AutumnC	2023-07-27T17:29:54	CC_BY_NC_4_0	errantlight	errantlight			2025-01-14T12:40:14.421Z	StillImage	COORDINATE_ROUNDED;CONTINENT_DERIVED_FROM_COORDINATES;TAXON_MATCH_TAXON_ID_IGNORED
4165342350	50c9509d-22c7-4a22-a47d-8c48425ef4a7	https://www.inaturalist.org/observations/57650045	Fungi	Basidiomycota	Agaricomycetes	Agaricales	Agaricaceae	Lycoperdon	Lycoperdon marginatum		SPECIES	Lycoperdon marginatum Vittad.	Lycoperdon marginatum		CA		Ontario	PRESENT		28eb1a3f-1c15-4a95-931a-4af90ecb574d	45.201836	-79.272193	1541.0						2020-08-26T12:31:56	26	8	2020	5453425	5453425	HUMAN_OBSERVATION	iNaturalist	Observations	57650045		aelgiz	2023-04-02T21:00:36	CC_BY_NC_4_0	kooks	kooks			2025-01-14T12:14:34.018Z	StillImage	COORDINATE_ROUNDED;CONTINENT_DERIVED_FROM_COORDINATES;TAXON_MATCH_TAXON_ID_IGNORED
4137930571	50c9509d-22c7-4a22-a47d-8c48425ef4a7	https://www.inaturalist.org/observations/167407755	Fungi	Basidiomycota	Agaricomycetes	Agaricales	Agaricaceae	Lycoperdon	Lycoperdon marginatum		SPECIES	Lycoperdon marginatum Vittad.	Lycoperdon marginatum		CA		Ontario	PRESENT		28eb1a3f-1c15-4a95-931a-4af90ecb574d	45.057241	-76.116353	61.0						2020-08-01T00:00	1	8	2020	5453425	5453425	HUMAN_OBSERVATION	iNaturalist	Observations	167407755		Windstone Farm	2023-06-14T18:55:17	CC_BY_NC_4_0	Windstone Farm	Windstone Farm			2025-01-14T13:30:33.285Z	StillImage	COORDINATE_ROUNDED;CONTINENT_DERIVED_FROM_COORDINATES;TAXON_MATCH_TAXON_ID_IGNORED
4137663526	50c9509d-22c7-4a22-a47d-8c48425ef4a7	https://www.inaturalist.org/observations/94145526	Fungi	Basidiomycota	Agaricomycetes	Agaricales	Agaricaceae	Lycoperdon	Lycoperdon marginatum		SPECIES	Lycoperdon marginatum Vittad.	Lycoperdon marginatum		CA		Ontario	PRESENT		28eb1a3f-1c15-4a95-931a-4af90ecb574d	45.057553	-76.117211	4.0						2021-09-08T12:59:59	8	9	2021	5453425	5453425	HUMAN_OBSERVATION	iNaturalist	Observations	94145526		Windstone Farm	2021-09-08T20:48:51	CC_BY_NC_4_0	Windstone Farm	Windstone Farm			2025-01-14T12:22:03.012Z	StillImage	COORDINATE_ROUNDED;CONTINENT_DERIVED_FROM_COORDINATES;TAXON_MATCH_TAXON_ID_IGNORED
4120951304	50c9509d-22c7-4a22-a47d-8c48425ef4a7	https://www.inaturalist.org/observations/8674681	Fungi	Basidiomycota	Agaricomycetes	Agaricales	Agaricaceae	Lycoperdon	Lycoperdon marginatum		SPECIES	Lycoperdon marginatum Vittad.	Lycoperdon marginatum		CA		Ontario	PRESENT		28eb1a3f-1c15-4a95-931a-4af90ecb574d	45.384724	-76.074305	100.0						2017-08-20T08:52:35	20	8	2017	5453425	5453425	HUMAN_OBSERVATION	iNaturalist	Observations	8674681		Serguei Ponomarenko	2020-04-10T23:59:46	CC_BY_NC_4_0	Owen Clarkin	Owen Clarkin			2025-01-14T12:05:01.936Z	StillImage	CONTINENT_DERIVED_FROM_COORDINATES;TAXON_MATCH_TAXON_ID_IGNORED
4054922320	50c9509d-22c7-4a22-a47d-8c48425ef4a7	https://www.inaturalist.org/observations/32387010	Fungi	Basidiomycota	Agaricomycetes	Agaricales	Agaricaceae	Lycoperdon	Lycoperdon marginatum		SPECIES	Lycoperdon marginatum Vittad.	Lycoperdon marginatum		CA		Ontario	PRESENT		28eb1a3f-1c15-4a95-931a-4af90ecb574d	45.528994	-78.416085	6.0						2019-09-08T13:00:26	8	9	2019	5453425	5453425	HUMAN_OBSERVATION	iNaturalist	Observations	32387010		ColinDJones	2019-09-09T01:27:50	CC_BY_NC_4_0	ColinDJones	ColinDJones			2025-01-14T13:09:32.828Z	StillImage	COORDINATE_ROUNDED;CONTINENT_DERIVED_FROM_COORDINATES;TAXON_MATCH_TAXON_ID_IGNORED
4034597532	50c9509d-22c7-4a22-a47d-8c48425ef4a7	https://www.inaturalist.org/observations/137539929	Fungi	Basidiomycota	Agaricomycetes	Agaricales	Agaricaceae	Lycoperdon	Lycoperdon marginatum		SPECIES	Lycoperdon marginatum Vittad.	Lycoperdon marginatum		CA		Ontario	PRESENT		28eb1a3f-1c15-4a95-931a-4af90ecb574d	45.469957	-77.668181	9.0						2022-10-04T12:38:39	4	10	2022	5453425	5453425	HUMAN_OBSERVATION	iNaturalist	Observations	137539929		sunnybuns123	2022-10-04T16:39:19	CC_BY_NC_4_0	sunnybuns123	sunnybuns123			2025-01-14T13:25:54.885Z	StillImage	COORDINATE_ROUNDED;CONTINENT_DERIVED_FROM_COORDINATES;TAXON_MATCH_TAXON_ID_IGNORED
4014933427	50c9509d-22c7-4a22-a47d-8c48425ef4a7	https://www.inaturalist.org/observations/90272948	Fungi	Basidiomycota	Agaricomycetes	Agaricales	Agaricaceae	Lycoperdon	Lycoperdon marginatum		SPECIES	Lycoperdon marginatum Vittad.	Lycoperdon marginatum		CA		Québec	PRESENT		28eb1a3f-1c15-4a95-931a-4af90ecb574d	46.75133	-71.314305	8.0						2021-07-31T11:48	31	7	2021	5453425	5453425	HUMAN_OBSERVATION	iNaturalist	Observations	90272948		Pierrick Bloin	2021-08-07T16:00:28	CC_BY_NC_4_0	Pierrick Bloin	Pierrick Bloin			2025-01-14T13:12:30.183Z	StillImage	COORDINATE_ROUNDED;CONTINENT_DERIVED_FROM_COORDINATES;TAXON_MATCH_TAXON_ID_IGNORED
3961225634	50c9509d-22c7-4a22-a47d-8c48425ef4a7	https://www.inaturalist.org/observations/137505145	Fungi	Basidiomycota	Agaricomycetes	Agaricales	Agaricaceae	Lycoperdon	Lycoperdon marginatum		SPECIES	Lycoperdon marginatum Vittad.	Lycoperdon marginatum		CA		Québec	PRESENT		28eb1a3f-1c15-4a95-931a-4af90ecb574d	45.827872	-72.73728	38.0						2022-10-03T17:00:04	3	10	2022	5453425	5453425	HUMAN_OBSERVATION	iNaturalist	Observations	137505145		Alexander Iosipenko	2022-10-13T17:16:12	CC_BY_NC_4_0	Chapados	Chapados			2025-01-14T13:17:51.356Z	StillImage	COORDINATE_ROUNDED;CONTINENT_DERIVED_FROM_COORDINATES;TAXON_MATCH_TAXON_ID_IGNORED
3892470145	50c9509d-22c7-4a22-a47d-8c48425ef4a7	https://www.inaturalist.org/observations/131007381	Fungi	Basidiomycota	Agaricomycetes	Agaricales	Agaricaceae	Lycoperdon	Lycoperdon marginatum		SPECIES	Lycoperdon marginatum Vittad.	Lycoperdon marginatum		CA		Québec	PRESENT		28eb1a3f-1c15-4a95-931a-4af90ecb574d	46.840545	-71.42858	1217.0						2022-08-15T16:34:55	15	8	2022	5453425	5453425	HUMAN_OBSERVATION	iNaturalist	Observations	131007381		kikli	2022-08-16T00:06:53	CC_BY_NC_4_0	kikli	kikli			2025-01-14T13:25:06.551Z	StillImage	CONTINENT_DERIVED_FROM_COORDINATES;TAXON_MATCH_TAXON_ID_IGNORED
3892370102	50c9509d-22c7-4a22-a47d-8c48425ef4a7	https://www.inaturalist.org/observations/130921896	Fungi	Basidiomycota	Agaricomycetes	Agaricales	Agaricaceae	Lycoperdon	Lycoperdon marginatum		SPECIES	Lycoperdon marginatum Vittad.	Lycoperdon marginatum		CA		New Brunswick	PRESENT		28eb1a3f-1c15-4a95-931a-4af90ecb574d	45.948228	-64.397575	8.0						2022-08-15T08:15:54	15	8	2022	5453425	5453425	HUMAN_OBSERVATION	iNaturalist	Observations	130921896		Maddy Hogan	2022-08-15T12:19:27	CC_BY_NC_4_0	Haille Huchton	Haille Huchton			2025-01-14T13:15:50.803Z	StillImage	COORDINATE_ROUNDED;CONTINENT_DERIVED_FROM_COORDINATES;TAXON_MATCH_TAXON_ID_IGNORED
3873210276	50c9509d-22c7-4a22-a47d-8c48425ef4a7	https://www.inaturalist.org/observations/125295252	Fungi	Basidiomycota	Agaricomycetes	Agaricales	Agaricaceae	Lycoperdon	Lycoperdon marginatum		SPECIES	Lycoperdon marginatum Vittad.	Lycoperdon marginatum		CA		New Brunswick	PRESENT		28eb1a3f-1c15-4a95-931a-4af90ecb574d	45.38152	-65.949788	9.0						2022-07-08T09:52:20	8	7	2022	5453425	5453425	HUMAN_OBSERVATION	iNaturalist	Observations	125295252		Maddy Hogan	2022-07-11T12:51:05	CC_BY_NC_4_0	Lauren Verner	Lauren Verner			2025-01-14T12:30:26.272Z	StillImage	COORDINATE_ROUNDED;CONTINENT_DERIVED_FROM_COORDINATES;TAXON_MATCH_TAXON_ID_IGNORED
3873077090	50c9509d-22c7-4a22-a47d-8c48425ef4a7	https://www.inaturalist.org/observations/127429439	Fungi	Basidiomycota	Agaricomycetes	Agaricales	Agaricaceae	Lycoperdon	Lycoperdon marginatum		SPECIES	Lycoperdon marginatum Vittad.	Lycoperdon marginatum		CA		Ontario	PRESENT		28eb1a3f-1c15-4a95-931a-4af90ecb574d	45.093095	-79.296978	65.0						2022-07-22T19:16:24	22	7	2022	5453425	5453425	HUMAN_OBSERVATION	iNaturalist	Observations	127429439		Patrick Murtaugh	2022-07-22T23:17:44	CC_BY_NC_4_0	Patrick Murtaugh	Patrick Murtaugh			2025-01-14T12:32:21.625Z	StillImage	COORDINATE_ROUNDED;CONTINENT_DERIVED_FROM_COORDINATES;TAXON_MATCH_TAXON_ID_IGNORED
3468880598	50c9509d-22c7-4a22-a47d-8c48425ef4a7	https://www.inaturalist.org/observations/103648467	Fungi	Basidiomycota	Agaricomycetes	Agaricales	Agaricaceae	Lycoperdon	Lycoperdon marginatum		SPECIES	Lycoperdon marginatum Vittad.	Lycoperdon marginatum		CA		Ontario	PRESENT		28eb1a3f-1c15-4a95-931a-4af90ecb574d	45.383117	-77.622155	4.0						2021-10-27T12:21:18	27	10	2021	5453425	5453425	HUMAN_OBSERVATION	iNaturalist	Observations	103648467		Jessica Daze	2021-12-25T20:49:57	CC_BY_NC_4_0	Jessica Daze	Jessica Daze			2025-01-14T13:27:32.774Z	StillImage	COORDINATE_ROUNDED;CONTINENT_DERIVED_FROM_COORDINATES;TAXON_MATCH_TAXON_ID_IGNORED
3468841555	50c9509d-22c7-4a22-a47d-8c48425ef4a7	https://www.inaturalist.org/observations/99061581	Fungi	Basidiomycota	Agaricomycetes	Agaricales	Agaricaceae	Lycoperdon	Lycoperdon marginatum		SPECIES	Lycoperdon marginatum Vittad.	Lycoperdon marginatum		CA		Ontario	PRESENT		28eb1a3f-1c15-4a95-931a-4af90ecb574d	45.574037	-78.500248							2021-10-11T07:59:06	11	10	2021	5453425	5453425	HUMAN_OBSERVATION	iNaturalist	Observations	99061581		Quinten Wiegersma	2021-10-23T07:50:15	CC_BY_4_0	Quinten Wiegersma	Quinten Wiegersma			2025-01-14T13:16:32.481Z	StillImage	COORDINATE_ROUNDED;CONTINENT_DERIVED_FROM_COORDINATES;TAXON_MATCH_TAXON_ID_IGNORED
3468669418	50c9509d-22c7-4a22-a47d-8c48425ef4a7	https://www.inaturalist.org/observations/99806012	Fungi	Basidiomycota	Agaricomycetes	Agaricales	Agaricaceae	Lycoperdon	Lycoperdon marginatum		SPECIES	Lycoperdon marginatum Vittad.	Lycoperdon marginatum		CA		Ontario	PRESENT		28eb1a3f-1c15-4a95-931a-4af90ecb574d	45.563061	-78.431196	9276.0						2021-10-03T12:48	3	10	2021	5453425	5453425	HUMAN_OBSERVATION	iNaturalist	Observations	99806012		cinna_latifolia	2021-10-31T22:47:16	CC_BY_NC_4_0	nancydengler	nancydengler			2025-01-14T12:22:23.423Z	StillImage	COORDINATE_ROUNDED;CONTINENT_DERIVED_FROM_COORDINATES;TAXON_MATCH_TAXON_ID_IGNORED
3456929610	50c9509d-22c7-4a22-a47d-8c48425ef4a7	https://www.inaturalist.org/observations/103589456	Fungi	Basidiomycota	Agaricomycetes	Agaricales	Agaricaceae	Lycoperdon	Lycoperdon marginatum		SPECIES	Lycoperdon marginatum Vittad.	Lycoperdon marginatum		CA		Québec	PRESENT		28eb1a3f-1c15-4a95-931a-4af90ecb574d	46.659725	-73.01469	15.0						2011-09-04T12:22	4	9	2011	5453425	5453425	HUMAN_OBSERVATION	iNaturalist	Observations	103589456		Alain Maire	2021-12-24T17:30:43	CC_BY_NC_4_0	Alain Maire	Alain Maire			2025-01-14T13:17:52.945Z	StillImage	COORDINATE_ROUNDED;CONTINENT_DERIVED_FROM_COORDINATES;TAXON_MATCH_TAXON_ID_IGNORED
3455998964	50c9509d-22c7-4a22-a47d-8c48425ef4a7	https://www.inaturalist.org/observations/58878580	Fungi	Basidiomycota	Agaricomycetes	Agaricales	Agaricaceae	Lycoperdon	Lycoperdon marginatum		SPECIES	Lycoperdon marginatum Vittad.	Lycoperdon marginatum		CA		Ontario	PRESENT		28eb1a3f-1c15-4a95-931a-4af90ecb574d	45.162812	-78.551173	51.0						2020-09-07T16:24:36	7	9	2020	5453425	5453425	HUMAN_OBSERVATION	iNaturalist	Observations	58878580				CC_BY_NC_4_0	mdbarrette	mdbarrette			2025-01-14T12:14:43.724Z	StillImage	COORDINATE_ROUNDED;CONTINENT_DERIVED_FROM_COORDINATES;TAXON_MATCH_TAXON_ID_IGNORED
3455427878	50c9509d-22c7-4a22-a47d-8c48425ef4a7	https://www.inaturalist.org/observations/56674904	Fungi	Basidiomycota	Agaricomycetes	Agaricales	Agaricaceae	Lycoperdon	Lycoperdon marginatum		SPECIES	Lycoperdon marginatum Vittad.	Lycoperdon marginatum		CA		Ontario	PRESENT		28eb1a3f-1c15-4a95-931a-4af90ecb574d	45.165468	-78.840353	100.0						2020-08-15T16:25	15	8	2020	5453425	5453425	HUMAN_OBSERVATION	iNaturalist	Observations	56674904		Jason L Miller	2020-08-16T20:56:38	CC_BY_4_0	Jason L Miller	Jason L Miller			2025-01-14T13:09:28.046Z	StillImage	COORDINATE_ROUNDED;CONTINENT_DERIVED_FROM_COORDINATES;TAXON_MATCH_TAXON_ID_IGNORED
3455337734	50c9509d-22c7-4a22-a47d-8c48425ef4a7	https://www.inaturalist.org/observations/57547808	Fungi	Basidiomycota	Agaricomycetes	Agaricales	Agaricaceae	Lycoperdon	Lycoperdon marginatum		SPECIES	Lycoperdon marginatum Vittad.	Lycoperdon marginatum		CA		Ontario	PRESENT		28eb1a3f-1c15-4a95-931a-4af90ecb574d	45.084325	-78.718055	3964.0						2020-08-25T11:01:36	25	8	2020	5453425	5453425	HUMAN_OBSERVATION	iNaturalist	Observations	57547808		Dan Riskin	2020-08-25T15:04:29	CC_BY_4_0	Dan Riskin	Dan Riskin			2025-01-14T12:14:31.794Z	StillImage	COORDINATE_ROUNDED;CONTINENT_DERIVED_FROM_COORDINATES;TAXON_MATCH_TAXON_ID_IGNORED
3455241459	50c9509d-22c7-4a22-a47d-8c48425ef4a7	https://www.inaturalist.org/observations/32271167	Fungi	Basidiomycota	Agaricomycetes	Agaricales	Agaricaceae	Lycoperdon	Lycoperdon marginatum		SPECIES	Lycoperdon marginatum Vittad.	Lycoperdon marginatum		CA		Ontario	PRESENT		28eb1a3f-1c15-4a95-931a-4af90ecb574d	45.118704	-78.750383	3200.0						2019-09-07T11:12:21	7	9	2019	5453425	5453425	HUMAN_OBSERVATION	iNaturalist	Observations	32271167		chrislop	2019-09-07T15:13:41	CC_BY_NC_4_0	chrislop	chrislop			2025-01-14T13:00:15.378Z	StillImage	COORDINATE_ROUNDED;CONTINENT_DERIVED_FROM_COORDINATES;TAXON_MATCH_TAXON_ID_IGNORED
3416064423	50c9509d-22c7-4a22-a47d-8c48425ef4a7	https://www.inaturalist.org/observations/100455271	Fungi	Basidiomycota	Agaricomycetes	Agaricales	Agaricaceae	Lycoperdon	Lycoperdon marginatum		SPECIES	Lycoperdon marginatum Vittad.	Lycoperdon marginatum		CA		New Brunswick	PRESENT		28eb1a3f-1c15-4a95-931a-4af90ecb574d	46.810339	-64.961154	6984.0						2021-09-11T16:08	11	9	2021	5453425	5453425	HUMAN_OBSERVATION	iNaturalist	Observations	100455271		Peter Jessen	2021-11-07T02:00:51	CC_BY_NC_4_0	Peter Jessen	Peter Jessen			2025-01-14T12:24:09.696Z	StillImage	COORDINATE_ROUNDED;CONTINENT_DERIVED_FROM_COORDINATES;TAXON_MATCH_TAXON_ID_IGNORED
3399197920	50c9509d-22c7-4a22-a47d-8c48425ef4a7	https://www.inaturalist.org/observations/98038271	Fungi	Basidiomycota	Agaricomycetes	Agaricales	Agaricaceae	Lycoperdon	Lycoperdon marginatum		SPECIES	Lycoperdon marginatum Vittad.	Lycoperdon marginatum		CA		Québec	PRESENT		28eb1a3f-1c15-4a95-931a-4af90ecb574d	45.513719	-73.584532	407.0						2021-10-05T16:05	5	10	2021	5453425	5453425	HUMAN_OBSERVATION	iNaturalist	Observations	98038271		artpat	2021-10-12T20:35:41	CC_BY_NC_4_0	artpat	artpat			2025-01-14T12:23:21.440Z	StillImage	COORDINATE_ROUNDED;CONTINENT_DERIVED_FROM_COORDINATES;TAXON_MATCH_TAXON_ID_IGNORED
3391692142	50c9509d-22c7-4a22-a47d-8c48425ef4a7	https://www.inaturalist.org/observations/98030318	Fungi	Basidiomycota	Agaricomycetes	Agaricales	Agaricaceae	Lycoperdon	Lycoperdon marginatum		SPECIES	Lycoperdon marginatum Vittad.	Lycoperdon marginatum		CA		Québec	PRESENT		28eb1a3f-1c15-4a95-931a-4af90ecb574d	45.47706	-73.639269	12.0						2021-10-12T14:45:43	12	10	2021	5453425	5453425	HUMAN_OBSERVATION	iNaturalist	Observations	98030318		Betty Shulman	2021-10-12T18:46:10	CC_BY_NC_4_0	Betty Shulman	Betty Shulman			2025-01-14T12:21:48.174Z	StillImage	COORDINATE_ROUNDED;CONTINENT_DERIVED_FROM_COORDINATES;TAXON_MATCH_TAXON_ID_IGNORED
3391379127	50c9509d-22c7-4a22-a47d-8c48425ef4a7	https://www.inaturalist.org/observations/98024008	Fungi	Basidiomycota	Agaricomycetes	Agaricales	Agaricaceae	Lycoperdon	Lycoperdon marginatum		SPECIES	Lycoperdon marginatum Vittad.	Lycoperdon marginatum		CA		Québec	PRESENT		28eb1a3f-1c15-4a95-931a-4af90ecb574d	45.507112	-73.653351	2065.0						2021-10-05T15:50:28	5	10	2021	5453425	5453425	HUMAN_OBSERVATION	iNaturalist	Observations	98024008		hannahnobile	2021-10-12T17:48:15	CC_BY_NC_4_0	hannahnobile	hannahnobile			2025-01-14T12:22:41.945Z	StillImage	COORDINATE_ROUNDED;CONTINENT_DERIVED_FROM_COORDINATES;TAXON_MATCH_TAXON_ID_IGNORED
3385204700	50c9509d-22c7-4a22-a47d-8c48425ef4a7	https://www.inaturalist.org/observations/96634276	Fungi	Basidiomycota	Agaricomycetes	Agaricales	Agaricaceae	Lycoperdon	Lycoperdon marginatum		SPECIES	Lycoperdon marginatum Vittad.	Lycoperdon marginatum		CA		New Brunswick	PRESENT		28eb1a3f-1c15-4a95-931a-4af90ecb574d	47.732677	-65.771598	26807.0						2021-09-29T18:02:10	29	9	2021	5453425	5453425	HUMAN_OBSERVATION	iNaturalist	Observations	96634276		janellemclaughlin	2021-09-29T23:19:45	CC_BY_NC_4_0	janellemclaughlin	janellemclaughlin			2025-01-14T12:24:55.375Z	StillImage	COORDINATE_ROUNDED;CONTINENT_DERIVED_FROM_COORDINATES;TAXON_MATCH_TAXON_ID_IGNORED
3384941569	50c9509d-22c7-4a22-a47d-8c48425ef4a7	https://www.inaturalist.org/observations/94515405	Fungi	Basidiomycota	Agaricomycetes	Agaricales	Agaricaceae	Lycoperdon	Lycoperdon marginatum		SPECIES	Lycoperdon marginatum Vittad.	Lycoperdon marginatum		CA		Ontario	PRESENT		28eb1a3f-1c15-4a95-931a-4af90ecb574d	45.220722	-78.652192	16.0						2021-09-11T12:42:47	11	9	2021	5453425	5453425	HUMAN_OBSERVATION	iNaturalist	Observations	94515405		phenry64	2021-09-12T00:23:58	CC_BY_NC_4_0	phenry64	phenry64			2025-01-14T12:24:15.225Z	StillImage	COORDINATE_ROUNDED;CONTINENT_DERIVED_FROM_COORDINATES;TAXON_MATCH_TAXON_ID_IGNORED
3384755458	50c9509d-22c7-4a22-a47d-8c48425ef4a7	https://www.inaturalist.org/observations/97273457	Fungi	Basidiomycota	Agaricomycetes	Agaricales	Agaricaceae	Lycoperdon	Lycoperdon marginatum		SPECIES	Lycoperdon marginatum Vittad.	Lycoperdon marginatum		CA		Québec	PRESENT		28eb1a3f-1c15-4a95-931a-4af90ecb574d	45.512283	-73.583301	10.0						2021-10-05T15:25:41	5	10	2021	5453425	5453425	HUMAN_OBSERVATION	iNaturalist	Observations	97273457		allisonyen	2021-10-05T19:26:08	CC_BY_NC_4_0	allisonyen	allisonyen			2025-01-14T12:21:56.501Z	StillImage	COORDINATE_ROUNDED;CONTINENT_DERIVED_FROM_COORDINATES;TAXON_MATCH_TAXON_ID_IGNORED
3384298745	50c9509d-22c7-4a22-a47d-8c48425ef4a7	https://www.inaturalist.org/observations/94676227	Fungi	Basidiomycota	Agaricomycetes	Agaricales	Agaricaceae	Lycoperdon	Lycoperdon marginatum		SPECIES	Lycoperdon marginatum Vittad.	Lycoperdon marginatum		CA		Ontario	PRESENT		28eb1a3f-1c15-4a95-931a-4af90ecb574d	45.051017	-79.307145	45.0						2021-09-12T17:54:57	12	9	2021	5453425	5453425	HUMAN_OBSERVATION	iNaturalist	Observations	94676227		⋆ 🐁 ♥ 𝔢𝔯𝔦𝔫 ♥ 🐁 ⋆	2021-09-13T04:07:16	CC_BY_NC_4_0	⋆ 🐁 ♥ 𝔢𝔯𝔦𝔫 ♥ 🐁 ⋆	⋆ 🐁 ♥ 𝔢𝔯𝔦𝔫 ♥ 🐁 ⋆			2025-01-14T13:14:47.112Z	StillImage	COORDINATE_ROUNDED;CONTINENT_DERIVED_FROM_COORDINATES;TAXON_MATCH_TAXON_ID_IGNORED
3384122514	50c9509d-22c7-4a22-a47d-8c48425ef4a7	https://www.inaturalist.org/observations/97391437	Fungi	Basidiomycota	Agaricomycetes	Agaricales	Agaricaceae	Lycoperdon	Lycoperdon marginatum		SPECIES	Lycoperdon marginatum Vittad.	Lycoperdon marginatum		CA		Québec	PRESENT		28eb1a3f-1c15-4a95-931a-4af90ecb574d	45.511913	-73.579003	65.0						2021-10-06T18:01:29	6	10	2021	5453425	5453425	HUMAN_OBSERVATION	iNaturalist	Observations	97391437		shirleyjiaruili	2021-10-06T22:02:34	CC_BY_NC_4_0	shirleyjiaruili	shirleyjiaruili			2025-01-14T13:13:15.342Z	StillImage	COORDINATE_ROUNDED;CONTINENT_DERIVED_FROM_COORDINATES;TAXON_MATCH_TAXON_ID_IGNORED
3383918416	50c9509d-22c7-4a22-a47d-8c48425ef4a7	https://www.inaturalist.org/observations/34598778	Fungi	Basidiomycota	Agaricomycetes	Agaricales	Agaricaceae	Lycoperdon	Lycoperdon marginatum		SPECIES	Lycoperdon marginatum Vittad.	Lycoperdon marginatum		CA		Ontario	PRESENT		28eb1a3f-1c15-4a95-931a-4af90ecb574d	45.42352	-76.062023	7010.0						2019-10-19T13:44:10	19	10	2019	5453425	5453425	HUMAN_OBSERVATION	iNaturalist	Observations	34598778		genperr	2019-10-19T19:36:26	CC_BY_NC_4_0	genperr	genperr			2025-01-14T13:05:19.196Z	StillImage	COORDINATE_ROUNDED;CONTINENT_DERIVED_FROM_COORDINATES;TAXON_MATCH_TAXON_ID_IGNORED
3355533859	50c9509d-22c7-4a22-a47d-8c48425ef4a7	https://www.inaturalist.org/observations/92541546	Fungi	Basidiomycota	Agaricomycetes	Agaricales	Agaricaceae	Lycoperdon	Lycoperdon marginatum		SPECIES	Lycoperdon marginatum Vittad.	Lycoperdon marginatum		CA		Ontario	PRESENT		28eb1a3f-1c15-4a95-931a-4af90ecb574d	45.574917	-78.684145	6.0						2021-08-18T15:20:53	18	8	2021	5453425	5453425	HUMAN_OBSERVATION	iNaturalist	Observations	92541546		Cameron Chevalier	2021-08-26T04:56:25	CC_BY_NC_4_0	Cameron Chevalier	Cameron Chevalier			2025-01-14T13:14:19.367Z	StillImage	COORDINATE_ROUNDED;CONTINENT_DERIVED_FROM_COORDINATES;TAXON_MATCH_TAXON_ID_IGNORED
3355027645	50c9509d-22c7-4a22-a47d-8c48425ef4a7	https://www.inaturalist.org/observations/88059576	Fungi	Basidiomycota	Agaricomycetes	Agaricales	Agaricaceae	Lycoperdon	Lycoperdon marginatum		SPECIES	Lycoperdon marginatum Vittad.	Lycoperdon marginatum		CA		Québec	PRESENT		28eb1a3f-1c15-4a95-931a-4af90ecb574d	46.416344	-72.561607	2599.0						2021-07-21T19:38:39	21	7	2021	5453425	5453425	HUMAN_OBSERVATION	iNaturalist	Observations	88059576		Cindy	2021-07-21T23:38:45	CC_BY_NC_4_0	Cindy	Cindy			2025-01-14T12:22:33.526Z	StillImage	COORDINATE_ROUNDED;CONTINENT_DERIVED_FROM_COORDINATES;TAXON_MATCH_TAXON_ID_IGNORED
3343932893	50c9509d-22c7-4a22-a47d-8c48425ef4a7	https://www.inaturalist.org/observations/91907305	Fungi	Basidiomycota	Agaricomycetes	Agaricales	Agaricaceae	Lycoperdon	Lycoperdon marginatum		SPECIES	Lycoperdon marginatum Vittad.	Lycoperdon marginatum		CA		Ontario	PRESENT		28eb1a3f-1c15-4a95-931a-4af90ecb574d	45.168147	-78.410891	250.0						2021-08-05T11:13	5	8	2021	5453425	5453425	HUMAN_OBSERVATION	iNaturalist	Observations	91907305		Sophie Sharpless	2021-08-21T12:26:58	CC_BY_NC_4_0	edporopat	edporopat			2025-01-14T13:11:30.103Z	StillImage	COORDINATE_ROUNDED;CONTINENT_DERIVED_FROM_COORDINATES;TAXON_MATCH_TAXON_ID_IGNORED
3338120951	50c9509d-22c7-4a22-a47d-8c48425ef4a7	https://www.inaturalist.org/observations/91180583	Fungi	Basidiomycota	Agaricomycetes	Agaricales	Agaricaceae	Lycoperdon	Lycoperdon marginatum		SPECIES	Lycoperdon marginatum Vittad.	Lycoperdon marginatum		CA		Québec	PRESENT		28eb1a3f-1c15-4a95-931a-4af90ecb574d	45.390921	-74.18491	638.0						2021-08-14T08:57	14	8	2021	5453425	5453425	HUMAN_OBSERVATION	iNaturalist	Observations	91180583		Benjamin Leo	2021-08-14T21:50:28	CC_BY_NC_4_0	Benjamin Leo	Benjamin Leo			2025-01-14T13:13:52.293Z	StillImage	COORDINATE_ROUNDED;CONTINENT_DERIVED_FROM_COORDINATES;TAXON_MATCH_TAXON_ID_IGNORED
3337945525	50c9509d-22c7-4a22-a47d-8c48425ef4a7	https://www.inaturalist.org/observations/91077895	Fungi	Basidiomycota	Agaricomycetes	Agaricales	Agaricaceae	Lycoperdon	Lycoperdon marginatum		SPECIES	Lycoperdon marginatum Vittad.	Lycoperdon marginatum		CA		Ontario	PRESENT		28eb1a3f-1c15-4a95-931a-4af90ecb574d	45.427477	-77.573028							2021-08-07T15:37:54	7	8	2021	5453425	5453425	HUMAN_OBSERVATION	iNaturalist	Observations	91077895		Jason L Miller	2021-08-14T04:13:16	CC_BY_4_0	Jason L Miller	Jason L Miller			2025-01-14T12:23:44.886Z	StillImage	COORDINATE_ROUNDED;CONTINENT_DERIVED_FROM_COORDINATES;TAXON_MATCH_TAXON_ID_IGNORED
3337740878	50c9509d-22c7-4a22-a47d-8c48425ef4a7	https://www.inaturalist.org/observations/90696748	Fungi	Basidiomycota	Agaricomycetes	Agaricales	Agaricaceae	Lycoperdon	Lycoperdon marginatum		SPECIES	Lycoperdon marginatum Vittad.	Lycoperdon marginatum		CA		New Brunswick	PRESENT		28eb1a3f-1c15-4a95-931a-4af90ecb574d	45.759638	-67.025959	5.0						2021-08-10T14:13:43	10	8	2021	5453425	5453425	HUMAN_OBSERVATION	iNaturalist	Observations	90696748		Raymonde G Chartier	2021-08-10T20:47:38	CC_BY_NC_4_0	harveynature	harveynature			2025-01-14T13:11:05.487Z	StillImage	COORDINATE_ROUNDED;CONTINENT_DERIVED_FROM_COORDINATES;TAXON_MATCH_TAXON_ID_IGNORED
3337691426	50c9509d-22c7-4a22-a47d-8c48425ef4a7	https://www.inaturalist.org/observations/59827767	Fungi	Basidiomycota	Agaricomycetes	Agaricales	Agaricaceae	Lycoperdon	Lycoperdon marginatum		SPECIES	Lycoperdon marginatum Vittad.	Lycoperdon marginatum		CA		Ontario	PRESENT		28eb1a3f-1c15-4a95-931a-4af90ecb574d	45.118488	-75.87101							2020-09-15T18:09:35	15	9	2020	5453425	5453425	HUMAN_OBSERVATION	iNaturalist	Observations	59827767		Alexis Williams	2020-09-23T13:56:53	CC_BY_4_0	Alexis Williams	Alexis Williams			2025-01-14T13:09:50.234Z	StillImage	COORDINATE_ROUNDED;CONTINENT_DERIVED_FROM_COORDINATES;TAXON_MATCH_TAXON_ID_IGNORED
3337429907	50c9509d-22c7-4a22-a47d-8c48425ef4a7	https://www.inaturalist.org/observations/89547290	Fungi	Basidiomycota	Agaricomycetes	Agaricales	Agaricaceae	Lycoperdon	Lycoperdon marginatum		SPECIES	Lycoperdon marginatum Vittad.	Lycoperdon marginatum		CA		Québec	PRESENT		28eb1a3f-1c15-4a95-931a-4af90ecb574d	46.834658	-79.190017	12.0						2021-08-01T12:36:51	1	8	2021	5453425	5453425	HUMAN_OBSERVATION	iNaturalist	Observations	89547290		rhiannondon	2021-08-01T21:14:06	CC_BY_NC_4_0	rhiannondon	rhiannondon			2025-01-14T12:20:24.895Z	StillImage	COORDINATE_ROUNDED;CONTINENT_DERIVED_FROM_COORDINATES;TAXON_MATCH_TAXON_ID_IGNORED
3113261643	50c9509d-22c7-4a22-a47d-8c48425ef4a7	https://www.inaturalist.org/observations/77709314	Fungi	Basidiomycota	Agaricomycetes	Agaricales	Agaricaceae	Lycoperdon	Lycoperdon marginatum		SPECIES	Lycoperdon marginatum Vittad.	Lycoperdon marginatum		CA		Québec	PRESENT		28eb1a3f-1c15-4a95-931a-4af90ecb574d	45.545664	-75.627686	27158.0						2020-08-30T18:29:08	30	8	2020	5453425	5453425	HUMAN_OBSERVATION	iNaturalist	Observations	77709314		Josepha	2021-05-07T04:18:17	CC_BY_NC_4_0	Josepha	Josepha			2025-01-14T13:12:08.625Z	StillImage	COORDINATE_ROUNDED;CONTINENT_DERIVED_FROM_COORDINATES;TAXON_MATCH_TAXON_ID_IGNORED
3058712376	50c9509d-22c7-4a22-a47d-8c48425ef4a7	https://www.inaturalist.org/observations/32885795	Fungi	Basidiomycota	Agaricomycetes	Agaricales	Agaricaceae	Lycoperdon	Lycoperdon marginatum		SPECIES	Lycoperdon marginatum Vittad.	Lycoperdon marginatum		CA		New Brunswick	PRESENT		28eb1a3f-1c15-4a95-931a-4af90ecb574d	45.983453	-66.68744	66.0						2019-09-16T17:27:17	16	9	2019	5453425	5453425	HUMAN_OBSERVATION	iNaturalist	Observations	32885795		Claire Ferguson	2019-09-17T12:09:09	CC_BY_NC_4_0	Claire Ferguson	Claire Ferguson			2025-01-14T12:09:15.135Z	StillImage	COORDINATE_ROUNDED;CONTINENT_DERIVED_FROM_COORDINATES;TAXON_MATCH_TAXON_ID_IGNORED
3044893706	50c9509d-22c7-4a22-a47d-8c48425ef4a7	https://www.inaturalist.org/observations/61500912	Fungi	Basidiomycota	Agaricomycetes	Agaricales	Agaricaceae	Lycoperdon	Lycoperdon marginatum		SPECIES	Lycoperdon marginatum Vittad.	Lycoperdon marginatum		CA		New Brunswick	PRESENT		28eb1a3f-1c15-4a95-931a-4af90ecb574d	45.853987	-66.437012	16.0						2020-10-02T16:14:59	2	10	2020	5453425	5453425	HUMAN_OBSERVATION	iNaturalist	Observations	61500912		rspear	2020-10-02T19:18:47	CC_BY_NC_4_0	rspear	rspear			2025-01-14T13:06:26.418Z	StillImage	COORDINATE_ROUNDED;CONTINENT_DERIVED_FROM_COORDINATES;TAXON_MATCH_TAXON_ID_IGNORED
3005090470	50c9509d-22c7-4a22-a47d-8c48425ef4a7	https://www.inaturalist.org/observations/57925281	Fungi	Basidiomycota	Agaricomycetes	Agaricales	Agaricaceae	Lycoperdon	Lycoperdon marginatum		SPECIES	Lycoperdon marginatum Vittad.	Lycoperdon marginatum		CA		Ontario	PRESENT		28eb1a3f-1c15-4a95-931a-4af90ecb574d	45.054347	-76.113669	8.0						2020-08-25T19:31:20	25	8	2020	5453425	5453425	HUMAN_OBSERVATION	iNaturalist	Observations	57925281		Windstone Farm	2020-08-29T15:15:57	CC_BY_NC_4_0	Windstone Farm	Windstone Farm			2025-01-14T12:14:37.855Z	StillImage	COORDINATE_ROUNDED;CONTINENT_DERIVED_FROM_COORDINATES;TAXON_MATCH_TAXON_ID_IGNORED
2862496572	50c9509d-22c7-4a22-a47d-8c48425ef4a7	https://www.inaturalist.org/observations/58499184	Fungi	Basidiomycota	Agaricomycetes	Agaricales	Agaricaceae	Lycoperdon	Lycoperdon marginatum		SPECIES	Lycoperdon marginatum Vittad.	Lycoperdon marginatum		CA		Ontario	PRESENT		28eb1a3f-1c15-4a95-931a-4af90ecb574d	46.290423	-78.871253	8.0						2020-08-30T14:19	30	8	2020	5453425	5453425	HUMAN_OBSERVATION	iNaturalist	Observations	58499184		Michael John Oldham	2020-09-04T12:59:47	CC_BY_NC_4_0	Michael John Oldham	Michael John Oldham			2025-01-14T12:14:43.570Z	StillImage	COORDINATE_ROUNDED;CONTINENT_DERIVED_FROM_COORDINATES;TAXON_MATCH_TAXON_ID_IGNORED
2856828385	50c9509d-22c7-4a22-a47d-8c48425ef4a7	https://www.inaturalist.org/observations/57700031	Fungi	Basidiomycota	Agaricomycetes	Agaricales	Agaricaceae	Lycoperdon	Lycoperdon marginatum		SPECIES	Lycoperdon marginatum Vittad.	Lycoperdon marginatum		CA		Ontario	PRESENT		28eb1a3f-1c15-4a95-931a-4af90ecb574d	45.481786	-78.764237	1000.0						2020-08-23T12:41	23	8	2020	5453425	5453425	HUMAN_OBSERVATION	iNaturalist	Observations	57700031		Bram Stynen	2020-08-27T02:20:32	CC_BY_NC_4_0	Bram Stynen	Bram Stynen			2025-01-14T13:10:08.924Z	StillImage	COORDINATE_ROUNDED;CONTINENT_DERIVED_FROM_COORDINATES;TAXON_MATCH_TAXON_ID_IGNORED
2826290835	50c9509d-22c7-4a22-a47d-8c48425ef4a7	https://www.inaturalist.org/observations/54890330	Fungi	Basidiomycota	Agaricomycetes	Agaricales	Agaricaceae	Lycoperdon	Lycoperdon marginatum		SPECIES	Lycoperdon marginatum Vittad.	Lycoperdon marginatum		CA		Québec	PRESENT		28eb1a3f-1c15-4a95-931a-4af90ecb574d	46.300433	-73.425912	5.0						2020-07-30T19:27:31	30	7	2020	5453425	5453425	HUMAN_OBSERVATION	iNaturalist	Observations	54890330		ricardeau61	2020-07-31T00:29:18	CC_BY_NC_4_0	ricardeau61	ricardeau61			2025-01-14T12:13:59.716Z	StillImage	COORDINATE_ROUNDED;CONTINENT_DERIVED_FROM_COORDINATES;TAXON_MATCH_TAXON_ID_IGNORED
2818804587	50c9509d-22c7-4a22-a47d-8c48425ef4a7	https://www.inaturalist.org/observations/53247517	Fungi	Basidiomycota	Agaricomycetes	Agaricales	Agaricaceae	Lycoperdon	Lycoperdon marginatum		SPECIES	Lycoperdon marginatum Vittad.	Lycoperdon marginatum		CA		New Brunswick	PRESENT		28eb1a3f-1c15-4a95-931a-4af90ecb574d	47.600846	-65.645056							2020-07-14T18:36:49	14	7	2020	5453425	5453425	HUMAN_OBSERVATION	iNaturalist	Observations	53247517		Marie-Josée Garand	2020-07-16T12:14:46	CC_BY_NC_4_0	Marie-Josée Garand	Marie-Josée Garand			2025-01-14T12:13:45.770Z	StillImage	COORDINATE_ROUNDED;CONTINENT_DERIVED_FROM_COORDINATES;TAXON_MATCH_TAXON_ID_IGNORED
2609072394	50c9509d-22c7-4a22-a47d-8c48425ef4a7	https://www.inaturalist.org/observations/20781727	Fungi	Basidiomycota	Agaricomycetes	Agaricales	Agaricaceae	Lycoperdon	Lycoperdon marginatum		SPECIES	Lycoperdon marginatum Vittad.	Lycoperdon marginatum		CA		New Brunswick	PRESENT		28eb1a3f-1c15-4a95-931a-4af90ecb574d	47.655593	-65.623202							2007-10-05T10:42	5	10	2007	5453425	5453425	HUMAN_OBSERVATION	iNaturalist	Observations	20781727		Claude Nozères	2019-02-26T16:55:56	CC_BY_NC_4_0	Claude Nozères	Claude Nozères			2025-01-14T12:59:01.489Z	StillImage	COORDINATE_ROUNDED;CONTINENT_DERIVED_FROM_COORDINATES;TAXON_MATCH_TAXON_ID_IGNORED
2597728811	50c9509d-22c7-4a22-a47d-8c48425ef4a7	https://www.inaturalist.org/observations/33943483	Fungi	Basidiomycota	Agaricomycetes	Agaricales	Agaricaceae	Lycoperdon	Lycoperdon marginatum		SPECIES	Lycoperdon marginatum Vittad.	Lycoperdon marginatum		CA		Ontario	PRESENT		28eb1a3f-1c15-4a95-931a-4af90ecb574d	45.354022	-76.003109	50.0						2019-10-05T14:18	5	10	2019	5453425	5453425	HUMAN_OBSERVATION	iNaturalist	Observations	33943483		Ethan A.	2019-10-06T16:27:32	CC_BY_NC_4_0	jlmason	jlmason			2025-01-14T12:10:00.698Z	StillImage	CONTINENT_DERIVED_FROM_COORDINATES;TAXON_MATCH_TAXON_ID_IGNORED
2573969188	50c9509d-22c7-4a22-a47d-8c48425ef4a7	https://www.inaturalist.org/observations/33474358	Fungi	Basidiomycota	Agaricomycetes	Agaricales	Agaricaceae	Lycoperdon	Lycoperdon marginatum		SPECIES	Lycoperdon marginatum Vittad.	Lycoperdon marginatum		CA		Ontario	PRESENT		28eb1a3f-1c15-4a95-931a-4af90ecb574d	45.289697	-78.936509	21.0						2019-09-27T07:56:16	27	9	2019	5453425	5453425	HUMAN_OBSERVATION	iNaturalist	Observations	33474358		kstronks	2019-09-27T21:50:05	CC_BY_NC_4_0	kstronks	kstronks			2025-01-14T12:10:10.063Z	StillImage	COORDINATE_ROUNDED;CONTINENT_DERIVED_FROM_COORDINATES;TAXON_MATCH_TAXON_ID_IGNORED
2573909178	50c9509d-22c7-4a22-a47d-8c48425ef4a7	https://www.inaturalist.org/observations/32666337	Fungi	Basidiomycota	Agaricomycetes	Agaricales	Agaricaceae	Lycoperdon	Lycoperdon marginatum		SPECIES	Lycoperdon marginatum Vittad.	Lycoperdon marginatum		CA		Ontario	PRESENT		28eb1a3f-1c15-4a95-931a-4af90ecb574d	45.574919	-78.684158	8.0						2019-09-08T16:52	8	9	2019	5453425	5453425	HUMAN_OBSERVATION	iNaturalist	Observations	32666337		Garrett Taylor	2019-09-14T03:07:54	CC_BY_4_0	John D Reynolds	John D Reynolds			2025-01-14T12:09:50.299Z	StillImage	COORDINATE_ROUNDED;CONTINENT_DERIVED_FROM_COORDINATES;TAXON_MATCH_TAXON_ID_IGNORED
2429247312	50c9509d-22c7-4a22-a47d-8c48425ef4a7	https://www.inaturalist.org/observations/32723980	Fungi	Basidiomycota	Agaricomycetes	Agaricales	Agaricaceae	Lycoperdon	Lycoperdon marginatum		SPECIES	Lycoperdon marginatum Vittad.	Lycoperdon marginatum		CA		Québec	PRESENT		28eb1a3f-1c15-4a95-931a-4af90ecb574d	48.401456	-71.782237	20.0						2019-09-14T15:35:22	14	9	2019	5453425	5453425	HUMAN_OBSERVATION	iNaturalist	Observations	32723980		Anthony Pelletier	2019-09-14T21:00:22	CC_BY_NC_4_0	Anthony Pelletier	Anthony Pelletier			2025-01-14T13:05:18.510Z	StillImage	COORDINATE_ROUNDED;CONTINENT_DERIVED_FROM_COORDINATES;TAXON_MATCH_TAXON_ID_IGNORED
2423019136	50c9509d-22c7-4a22-a47d-8c48425ef4a7	https://www.inaturalist.org/observations/32521619	Fungi	Basidiomycota	Agaricomycetes	Agaricales	Agaricaceae	Lycoperdon	Lycoperdon marginatum		SPECIES	Lycoperdon marginatum Vittad.	Lycoperdon marginatum		CA		Québec	PRESENT		28eb1a3f-1c15-4a95-931a-4af90ecb574d	46.786848	-71.334104	181.0						2019-09-09T08:18	9	9	2019	5453425	5453425	HUMAN_OBSERVATION	iNaturalist	Observations	32521619		Christian Grenier	2019-09-11T12:19:15	CC_BY_NC_4_0	Christian Grenier	Christian Grenier			2025-01-14T12:09:08.948Z	StillImage	CONTINENT_DERIVED_FROM_COORDINATES;TAXON_MATCH_TAXON_ID_IGNORED
1412707275	21705170-d2b6-42de-8904-c3bca4b83591	CMMF015836	Fungi	Basidiomycota	Agaricomycetes	Agaricales	Agaricaceae	Lycoperdon	Lycoperdon marginatum		SPECIES	Lycoperdon marginatum Vittad.	Lycoperdon marginatum Vittad.	Vittad.	CA	Tadoussac, Québec.	Québec	PRESENT		ff7bd5db-b724-4932-b496-10ea298851f9	48.144969	-69.710364	2500.0						2003-10		10	2003	5453425	5453425	PRESERVED_SPECIMEN	Université de Montréal Biodiversity Centre	CMMF	CMMF015836	NA	Guérin, Gérard		CC0_1_0	Université de Montréal Biodiversity Centre	Guérin, Gérard			2024-01-24T16:38:16.535Z		INSTITUTION_MATCH_FUZZY;COLLECTION_MATCH_FUZZY;DIFFERENT_OWNER_INSTITUTION
1412705139	21705170-d2b6-42de-8904-c3bca4b83591	CMMF013562	Fungi	Basidiomycota	Agaricomycetes	Agaricales	Agaricaceae	Lycoperdon	Lycoperdon marginatum		SPECIES	Lycoperdon marginatum Vittad.	Lycoperdon marginatum Vittad.	Vittad.	CA	Danford Lake, Québec.	Québec	PRESENT		ff7bd5db-b724-4932-b496-10ea298851f9	45.922926	-76.153405	7000.0						1959-09-11	11	9	1959	5453425	5453425	PRESERVED_SPECIMEN	Université de Montréal Biodiversity Centre	CMMF	CMMF013562	1251	Illman, William I.		CC0_1_0	Université de Montréal Biodiversity Centre	Illman, William I.			2024-01-24T16:38:17.653Z		INSTITUTION_MATCH_FUZZY;COLLECTION_MATCH_FUZZY;DIFFERENT_OWNER_INSTITUTION
1412705129	21705170-d2b6-42de-8904-c3bca4b83591	CMMF013563	Fungi	Basidiomycota	Agaricomycetes	Agaricales	Agaricaceae	Lycoperdon	Lycoperdon marginatum		SPECIES	Lycoperdon marginatum Vittad.	Lycoperdon marginatum Vittad.	Vittad.	CA	Keogans lots, Gatineau County, Québec.	Québec	PRESENT		ff7bd5db-b724-4932-b496-10ea298851f9	45.675485	-75.855821	40000.0						1967-09-16	16	9	1967	5453425	5453425	PRESERVED_SPECIMEN	Université de Montréal Biodiversity Centre	CMMF	CMMF013563	2525	Leclair, P.		CC0_1_0	Université de Montréal Biodiversity Centre	Illman, William I.			2024-01-24T16:38:17.653Z		INSTITUTION_MATCH_FUZZY;COLLECTION_MATCH_FUZZY;DIFFERENT_OWNER_INSTITUTION
1135068381	21705170-d2b6-42de-8904-c3bca4b83591	CMMF006900	Fungi	Basidiomycota	Agaricomycetes	Agaricales	Agaricaceae	Lycoperdon	Lycoperdon marginatum		SPECIES	Lycoperdon marginatum Vittad.	Lycoperdon marginatum Vittad.	Vittad.	CA	Lachute	Québec	PRESENT		ff7bd5db-b724-4932-b496-10ea298851f9	45.66275	-74.241983	100.0						2005-09-05	5	9	2005	5453425	5453425	PRESERVED_SPECIMEN	Université de Montréal Biodiversity Centre	CMMF	CMMF006900	C2412	McNeil, Raymond		CC0_1_0	Université de Montréal Biodiversity Centre	McNeil, Raymond			2024-01-24T16:38:18.632Z	StillImage	COORDINATE_ROUNDED;INSTITUTION_MATCH_FUZZY;COLLECTION_MATCH_FUZZY;DIFFERENT_OWNER_INSTITUTION
1135066746	21705170-d2b6-42de-8904-c3bca4b83591	CMMF010159	Fungi	Basidiomycota	Agaricomycetes	Agaricales	Agaricaceae	Lycoperdon	Lycoperdon marginatum		SPECIES	Lycoperdon marginatum Vittad.	Lycoperdon marginatum Vittad.	Vittad.	CA	Parc des Moulins, Québec.	Québec	PRESENT		ff7bd5db-b724-4932-b496-10ea298851f9	46.887678	-71.301288	600.0						2007-10-06	6	10	2007	5453425	5453425	PRESERVED_SPECIMEN	Université de Montréal Biodiversity Centre	CMMF	CMMF010159	1745	Labbé, Roland		CC0_1_0	Université de Montréal Biodiversity Centre	Labrecque, Jacqueline			2024-01-24T16:38:20.258Z		INSTITUTION_MATCH_FUZZY;COLLECTION_MATCH_FUZZY;DIFFERENT_OWNER_INSTITUTION
