gbifID	datasetKey	occurrenceID	kingdom	phylum	class	order	family	genus	species	infraspecificEpithet	taxonRank	scientificName	verbatimScientificName	verbatimScientificNameAuthorship	countryCode	locality	stateProvince	occurrenceStatus	individualCount	publishingOrgKey	decimalLatitude	decimalLongitude	coordinateUncertaintyInMeters	coordinatePrecision	elevation	elevationAccuracy	depth	depthAccuracy	eventDate	day	month	year	taxonKey	speciesKey	basisOfRecord	institutionCode	collectionCode	catalogNumber	recordNumber	identifiedBy	dateIdentified	license	rightsHolder	recordedBy	typeStatus	establishmentMeans	lastInterpreted	mediaType	issue
694158101	d7cfd2ed-8af4-427f-a16e-eb66b7e2c419	21067	Fungi	Basidiomycota	Agaricomycetes	Boletales	Boletaceae	Leccinum	Leccinum scabrum		SPECIES	Leccinum scabrum (Bull.) Gray	Leccinum scabrum (Bull.) Gray	(Bull.) Gray	CA	Pine Lake	Ontario	PRESENT		ff418020-1d67-11d9-8435-b8a03c50a862	45.115753	-78.590054	953.0						1961-09-10	10	9	1961	9141390	9141390	PRESERVED_SPECIMEN	Royal Ontario Museum	TRTC	TRTC044044		Cain, R.F.		CC0_1_0	Royal Ontario Museum	Cain, R.F.;			2024-01-25T00:59:39.542Z		COORDINATE_ROUNDED;AMBIGUOUS_INSTITUTION
694157213	d7cfd2ed-8af4-427f-a16e-eb66b7e2c419	15180	Fungi	Basidiomycota	Agaricomycetes	Boletales	Boletaceae	Leccinum	Leccinum scabrum		SPECIES	Leccinum scabrum (Bull.) Gray	Leccinum scabrum Bull.	Bull.	CA	10 mi S of Dorset, off Hwy 35	Ontario	PRESENT		ff418020-1d67-11d9-8435-b8a03c50a862	45.118115	-78.814545	12934.0						1961-09-08	8	9	1961	9141390	9141390	PRESERVED_SPECIMEN	Royal Ontario Museum	TRTC	TRTC037719		Ottonen B.		CC0_1_0	Royal Ontario Museum	Cain, R.F.			2024-01-25T00:59:39.308Z		COORDINATE_ROUNDED;AMBIGUOUS_INSTITUTION
694157152	d7cfd2ed-8af4-427f-a16e-eb66b7e2c419	14593	Fungi	Basidiomycota	Agaricomycetes	Boletales	Boletaceae	Leccinum	Leccinum scabrum		SPECIES	Leccinum scabrum (Bull.) Gray	Leccinum scabrum (Bull.) Gray	(Bull.) Gray	CA	Sand Lake	Ontario	PRESENT		ff418020-1d67-11d9-8435-b8a03c50a862	45.150357	-78.850486	332.0						1961-09-12	12	9	1961	9141390	9141390	PRESERVED_SPECIMEN	Royal Ontario Museum	TRTC	TRTC037789		Cain, R.F.		CC0_1_0	Royal Ontario Museum	Cain, R.F.			2024-01-25T00:59:40.872Z		COORDINATE_ROUNDED;AMBIGUOUS_INSTITUTION
694156857	d7cfd2ed-8af4-427f-a16e-eb66b7e2c419	13344	Fungi	Basidiomycota	Agaricomycetes	Boletales	Boletaceae	Leccinum	Leccinum scabrum		SPECIES	Leccinum scabrum (Bull.) Gray	Leccinum scabrum Bull.	Bull.	CA	Algonquin Provincial Park, Mew Lake	Ontario	PRESENT		ff418020-1d67-11d9-8435-b8a03c50a862	45.57554	-78.51948	318.0						1959-09-14	14	9	1959	9141390	9141390	PRESERVED_SPECIMEN	Royal Ontario Museum	TRTC	TRTC035458		Cain, R.F.		CC0_1_0	Royal Ontario Museum	Cain, R.F.			2024-01-25T00:59:41Z		COORDINATE_ROUNDED;AMBIGUOUS_INSTITUTION
694156780	d7cfd2ed-8af4-427f-a16e-eb66b7e2c419	12590	Fungi	Basidiomycota	Agaricomycetes	Boletales	Boletaceae	Leccinum	Leccinum scabrum		SPECIES	Leccinum scabrum (Bull.) Gray	Leccinum scabrum (Bull.) Gray	(Bull.) Gray	CA	Algonquin Provincial Park	Ontario	PRESENT		ff418020-1d67-11d9-8435-b8a03c50a862	45.759859	-78.376465	67511.0						2006-09-30	30	9	2006	9141390	9141390	PRESERVED_SPECIMEN	Royal Ontario Museum	TRTC	TRTC151182	CL2006-3			CC0_1_0	Royal Ontario Museum	Lauwerier, C.			2024-01-25T00:59:38.951Z		COORDINATE_ROUNDED;AMBIGUOUS_INSTITUTION
617554195	21705170-d2b6-42de-8904-c3bca4b83591	CMMF003939	Fungi	Basidiomycota	Agaricomycetes	Boletales	Boletaceae	Leccinum	Leccinum scabrum		SPECIES	Leccinum scabrum (Bull.) Gray	Leccinum scabrum (Bull.) Gray	(Bull.) Gray	CA	Mt Orford	Québec	PRESENT		ff7bd5db-b724-4932-b496-10ea298851f9	45.340394	-72.208677	6500.0						2005-09-14	14	9	2005	9141390	9141390	PRESERVED_SPECIMEN	Université de Montréal Biodiversity Centre	CMMF	CMMF003939		Lamoureux, Yves		CC0_1_0	Université de Montréal Biodiversity Centre	Lamoureux, Yves			2024-01-24T16:38:17.487Z	StillImage	INSTITUTION_MATCH_FUZZY;COLLECTION_MATCH_FUZZY;DIFFERENT_OWNER_INSTITUTION
617553916	21705170-d2b6-42de-8904-c3bca4b83591	CMMF003818	Fungi	Basidiomycota	Agaricomycetes	Boletales	Boletaceae	Leccinum	Leccinum scabrum		SPECIES	Leccinum scabrum (Bull.) Gray	Leccinum scabrum (Bull.) Gray	(Bull.) Gray	CA	Saint-Donat	Québec	PRESENT		ff7bd5db-b724-4932-b496-10ea298851f9	46.316667	-74.216667	6000.0						2003-09-09	9	9	2003	9141390	9141390	PRESERVED_SPECIMEN	Université de Montréal Biodiversity Centre	CMMF	CMMF003818		Lamoureux, Yves		CC0_1_0	Université de Montréal Biodiversity Centre	Lamoureux, Yves			2024-01-24T16:38:16.518Z	StillImage	INSTITUTION_MATCH_FUZZY;COLLECTION_MATCH_FUZZY;DIFFERENT_OWNER_INSTITUTION
617548381	21705170-d2b6-42de-8904-c3bca4b83591	CMMF001377	Fungi	Basidiomycota	Agaricomycetes	Boletales	Boletaceae	Leccinum	Leccinum scabrum		SPECIES	Leccinum oxydabile (Singer) Singer	Leccinum oxydabile (Singer) Singer	(Singer) Singer	CA	L'Assomption	Québec	PRESENT		ff7bd5db-b724-4932-b496-10ea298851f9	45.864396	-73.439575	9000.0						1991-08-13	13	8	1991	2524536	9141390	PRESERVED_SPECIMEN	Université de Montréal Biodiversity Centre	CMMF	CMMF001377		Lamoureux, Yves		CC0_1_0	Université de Montréal Biodiversity Centre	Lamoureux, Yves			2024-01-24T16:38:17.535Z	StillImage	INSTITUTION_MATCH_FUZZY;COLLECTION_MATCH_FUZZY;DIFFERENT_OWNER_INSTITUTION
4987615538	50c9509d-22c7-4a22-a47d-8c48425ef4a7	https://www.inaturalist.org/observations/252683648	Fungi	Basidiomycota	Agaricomycetes	Boletales	Boletaceae	Leccinum	Leccinum scabrum		SPECIES	Leccinum scabrum (Bull.) Gray	Leccinum scabrum		CA		Québec	PRESENT		28eb1a3f-1c15-4a95-931a-4af90ecb574d	45.037455	-74.071997	1953.0						2024-09-17T14:05	17	9	2024	9141390	9141390	HUMAN_OBSERVATION	iNaturalist	Observations	252683648		Annabelle Langlois	2024-11-23T05:42:48	CC_BY_NC_4_0	Annabelle Langlois	Annabelle Langlois			2025-01-14T12:55:13.156Z	StillImage	COORDINATE_ROUNDED;CONTINENT_DERIVED_FROM_COORDINATES;TAXON_MATCH_TAXON_ID_IGNORED
4976434861	50c9509d-22c7-4a22-a47d-8c48425ef4a7	https://www.inaturalist.org/observations/243644607	Fungi	Basidiomycota	Agaricomycetes	Boletales	Boletaceae	Leccinum	Leccinum scabrum		SPECIES	Leccinum scabrum (Bull.) Gray	Leccinum scabrum		CA		Québec	PRESENT		28eb1a3f-1c15-4a95-931a-4af90ecb574d	48.159264	-69.663375	16.0						2024-09-23T08:11:50	23	9	2024	9141390	9141390	HUMAN_OBSERVATION	iNaturalist	Observations	243644607		gabboilard	2024-09-23T18:46:23	CC_BY_NC_4_0	gabboilard	gabboilard			2025-01-14T13:43:33.072Z	StillImage	COORDINATE_ROUNDED;CONTINENT_DERIVED_FROM_COORDINATES;TAXON_MATCH_TAXON_ID_IGNORED
4976267444	50c9509d-22c7-4a22-a47d-8c48425ef4a7	https://www.inaturalist.org/observations/240316287	Fungi	Basidiomycota	Agaricomycetes	Boletales	Boletaceae	Leccinum	Leccinum scabrum		SPECIES	Leccinum scabrum (Bull.) Gray	Leccinum scabrum		CA		Québec	PRESENT		28eb1a3f-1c15-4a95-931a-4af90ecb574d	45.3422	-72.226197	4704.0						2024-08-17T12:09	17	8	2024	9141390	9141390	HUMAN_OBSERVATION	iNaturalist	Observations	240316287		gabboilard	2024-09-07T13:44:47	CC_BY_NC_4_0	gabboilard	gabboilard			2025-01-14T13:43:09.877Z	StillImage	COORDINATE_ROUNDED;CONTINENT_DERIVED_FROM_COORDINATES;TAXON_MATCH_TAXON_ID_IGNORED
4950100402	50c9509d-22c7-4a22-a47d-8c48425ef4a7	https://www.inaturalist.org/observations/241017474	Fungi	Basidiomycota	Agaricomycetes	Boletales	Boletaceae	Leccinum	Leccinum scabrum		SPECIES	Leccinum scabrum (Bull.) Gray	Leccinum scabrum		CA		Québec	PRESENT		28eb1a3f-1c15-4a95-931a-4af90ecb574d	46.263583	-73.990638	4.0						2024-09-10T17:45:35	10	9	2024	9141390	9141390	HUMAN_OBSERVATION	iNaturalist	Observations	241017474		andreaga	2024-09-10T22:50:54	CC_BY_NC_4_0	andreaga	andreaga			2025-01-14T13:43:19.374Z	StillImage	COORDINATE_ROUNDED;CONTINENT_DERIVED_FROM_COORDINATES;TAXON_MATCH_TAXON_ID_IGNORED
4936384971	50c9509d-22c7-4a22-a47d-8c48425ef4a7	https://www.inaturalist.org/observations/59242224	Fungi	Basidiomycota	Agaricomycetes	Boletales	Boletaceae	Leccinum	Leccinum scabrum		SPECIES	Leccinum scabrum (Bull.) Gray	Leccinum scabrum		CA		New Brunswick	PRESENT		28eb1a3f-1c15-4a95-931a-4af90ecb574d	45.856058	-66.441232							2020-09-11T14:09:37	11	9	2020	9141390	9141390	HUMAN_OBSERVATION	iNaturalist	Observations	59242224		Tristan Hallett	2021-02-24T02:19:49	CC_BY_NC_4_0	Richard Reeleder	Richard Reeleder			2025-01-14T12:14:38.724Z	StillImage	COORDINATE_ROUNDED;CONTINENT_DERIVED_FROM_COORDINATES;TAXON_MATCH_TAXON_ID_IGNORED
4596814024	50c9509d-22c7-4a22-a47d-8c48425ef4a7	https://www.inaturalist.org/observations/201475218	Fungi	Basidiomycota	Agaricomycetes	Boletales	Boletaceae	Leccinum	Leccinum scabrum		SPECIES	Leccinum scabrum (Bull.) Gray	Leccinum scabrum		CA		Québec	PRESENT		28eb1a3f-1c15-4a95-931a-4af90ecb574d	45.91978	-75.621089	74.0						2003-08-02T10:10	2	8	2003	9141390	9141390	HUMAN_OBSERVATION	iNaturalist	Observations	201475218		François L.	2024-03-06T14:20:16	CC_BY_NC_4_0	François L.	François L.			2025-01-14T12:44:28.940Z	StillImage	COORDINATE_ROUNDED;CONTINENT_DERIVED_FROM_COORDINATES;TAXON_MATCH_TAXON_ID_IGNORED
4430644433	50c9509d-22c7-4a22-a47d-8c48425ef4a7	https://www.inaturalist.org/observations/187655382	Fungi	Basidiomycota	Agaricomycetes	Boletales	Boletaceae	Leccinum	Leccinum scabrum		SPECIES	Leccinum scabrum (Bull.) Gray	Leccinum scabrum		CA		Ontario	PRESENT		28eb1a3f-1c15-4a95-931a-4af90ecb574d	45.104914	-76.340819	378.0						2023-10-15T11:47	15	10	2023	9141390	9141390	HUMAN_OBSERVATION	iNaturalist	Observations	187655382		Igor Khomenko	2023-10-15T17:57:18	CC_BY_NC_4_0	Igor Khomenko	Igor Khomenko			2025-01-14T12:40:17.081Z	StillImage	COORDINATE_ROUNDED;CONTINENT_DERIVED_FROM_COORDINATES;TAXON_MATCH_TAXON_ID_IGNORED
4430629032	50c9509d-22c7-4a22-a47d-8c48425ef4a7	https://www.inaturalist.org/observations/187887687	Fungi	Basidiomycota	Agaricomycetes	Boletales	Boletaceae	Leccinum	Leccinum scabrum		SPECIES	Leccinum scabrum (Bull.) Gray	Leccinum scabrum		CA		New Brunswick	PRESENT		28eb1a3f-1c15-4a95-931a-4af90ecb574d	45.29457	-66.033669	184.0						2023-10-16T10:56:05	16	10	2023	9141390	9141390	HUMAN_OBSERVATION	iNaturalist	Observations	187887687		Toni Doucette	2023-10-17T11:07:36	CC_BY_NC_4_0	Toni Doucette	Toni Doucette			2025-01-14T13:30:02.002Z	StillImage	COORDINATE_ROUNDED;CONTINENT_DERIVED_FROM_COORDINATES;TAXON_MATCH_TAXON_ID_IGNORED
4430396857	50c9509d-22c7-4a22-a47d-8c48425ef4a7	https://www.inaturalist.org/observations/120400309	Fungi	Basidiomycota	Agaricomycetes	Boletales	Boletaceae	Leccinum	Leccinum scabrum		SPECIES	Leccinum scabrum (Bull.) Gray	Leccinum scabrum		CA		Québec	PRESENT		28eb1a3f-1c15-4a95-931a-4af90ecb574d	47.473864	-79.078778							2022-06-05T12:07:13	5	6	2022	9141390	9141390	HUMAN_OBSERVATION	iNaturalist	Observations	120400309		Jonathan Jensen-Lynch	2022-06-05T20:35:42	CC_BY_NC_4_0	Jonathan Jensen-Lynch	Jonathan Jensen-Lynch			2025-01-14T13:16:41.027Z	StillImage	COORDINATE_ROUNDED;CONTINENT_DERIVED_FROM_COORDINATES;TAXON_MATCH_TAXON_ID_IGNORED
4166419502	695cef75-b65f-4776-b2ed-74565eebb16e	02-01000935179	Fungi	Basidiomycota	Agaricomycetes	Boletales	Boletaceae	Leccinum	Leccinum scabrum		SPECIES	Leccinum rotundifoliae (Singer) A.H.Sm., Thiers & Watling	Leccinum rotundifoliae	(Singer) A.H. Sm., Thiers & Watling	CA	Rte. Principal, Grand Jardin	Quebec	PRESENT		055bd978-2daa-4543-b3f0-44e0e87e86ca	47.633333	-70.866667							1981-08-15	15	8	1981	3354347	9141390	PRESERVED_SPECIMEN	AAFC	DAOM	180835		S.A. Redhead		CC_BY_4_0	©His Majesty the King in Right of Canada, as represented by the Minister of Agriculture and Agri-Food	M.E. Elliott foray group			2025-01-12T05:11:16.228Z		GEODETIC_DATUM_ASSUMED_WGS84;CONTINENT_DERIVED_FROM_COORDINATES;TAXON_MATCH_TAXON_ID_IGNORED;INSTITUTION_MATCH_FUZZY
4166391311	695cef75-b65f-4776-b2ed-74565eebb16e	02-01000935208	Fungi	Basidiomycota	Agaricomycetes	Boletales	Boletaceae	Leccinum	Leccinum scabrum		SPECIES	Leccinum scabrum (Bull.) Gray	Leccinum scabrum	(Bull.) Gray	CA	New Castle, The Enclosure	New Brunswick	PRESENT		055bd978-2daa-4543-b3f0-44e0e87e86ca	46.966667	-65.575							1984-08-13	13	8	1984	9141390	9141390	PRESERVED_SPECIMEN	AAFC	DAOM	190632		Y. Dalpé		CC_BY_4_0	©His Majesty the King in Right of Canada, as represented by the Minister of Agriculture and Agri-Food	Y. Dalpé 969			2025-01-12T05:11:16.149Z		GEODETIC_DATUM_ASSUMED_WGS84;CONTINENT_DERIVED_FROM_COORDINATES;TAXON_MATCH_TAXON_ID_IGNORED;INSTITUTION_MATCH_FUZZY
4166257311	695cef75-b65f-4776-b2ed-74565eebb16e	02-01000935205	Fungi	Basidiomycota	Agaricomycetes	Boletales	Boletaceae	Leccinum	Leccinum scabrum		SPECIES	Leccinum scabrum (Bull.) Gray	Leccinum scabrum	(Bull.) Gray	CA	Tadoussac, Moulin a Baude	Quebec	PRESENT		055bd978-2daa-4543-b3f0-44e0e87e86ca	48.166667	-69.666667							1984-08-06	6	8	1984	9141390	9141390	PRESERVED_SPECIMEN	AAFC	DAOM	190633		Y. Dalpé		CC_BY_4_0	©His Majesty the King in Right of Canada, as represented by the Minister of Agriculture and Agri-Food	Y. Dalpé 838			2025-01-12T05:11:16.136Z		GEODETIC_DATUM_ASSUMED_WGS84;CONTINENT_DERIVED_FROM_COORDINATES;TAXON_MATCH_TAXON_ID_IGNORED;INSTITUTION_MATCH_FUZZY
4166244269	695cef75-b65f-4776-b2ed-74565eebb16e	02-01000935226	Fungi	Basidiomycota	Agaricomycetes	Boletales	Boletaceae	Leccinum	Leccinum scabrum		SPECIES	Leccinum scabrum (Bull.) Gray	Leccinum scabrum	(Bull.) Gray	CA	Pointe aux Outardes, Pointe du Bout	Quebec	PRESENT		055bd978-2daa-4543-b3f0-44e0e87e86ca	49.466667	-68.041667							1984-08-09	9	8	1984	9141390	9141390	PRESERVED_SPECIMEN	AAFC	DAOM	190626		Y. Dalpé		CC_BY_4_0	©His Majesty the King in Right of Canada, as represented by the Minister of Agriculture and Agri-Food	Y. Dalpé 900			2025-01-12T05:11:15.950Z		GEODETIC_DATUM_ASSUMED_WGS84;CONTINENT_DERIVED_FROM_COORDINATES;TAXON_MATCH_TAXON_ID_IGNORED;INSTITUTION_MATCH_FUZZY
4166233922	695cef75-b65f-4776-b2ed-74565eebb16e	02-01000935198	Fungi	Basidiomycota	Agaricomycetes	Boletales	Boletaceae	Leccinum	Leccinum scabrum		SPECIES	Leccinum scabrum (Bull.) Gray	Leccinum scabrum	(Bull.) Gray	CA	Peck, Source Lake	Ontario	PRESENT		055bd978-2daa-4543-b3f0-44e0e87e86ca	45.558333	-78.641667							1974-08-07	7	8	1974	9141390	9141390	PRESERVED_SPECIMEN	AAFC	DAOM	186591		D. Malloch		CC_BY_4_0	©His Majesty the King in Right of Canada, as represented by the Minister of Agriculture and Agri-Food	P. Johnson			2025-01-12T05:11:13.961Z		GEODETIC_DATUM_ASSUMED_WGS84;CONTINENT_DERIVED_FROM_COORDINATES;TAXON_MATCH_TAXON_ID_IGNORED;INSTITUTION_MATCH_FUZZY
4039165437	50c9509d-22c7-4a22-a47d-8c48425ef4a7	https://www.inaturalist.org/observations/135071788	Fungi	Basidiomycota	Agaricomycetes	Boletales	Boletaceae	Leccinum	Leccinum scabrum		SPECIES	Leccinum scabrum (Bull.) Gray	Leccinum scabrum		CA		Québec	PRESENT		28eb1a3f-1c15-4a95-931a-4af90ecb574d	47.939119	-69.513914	15.0						2022-09-14T18:23	14	9	2022	9141390	9141390	HUMAN_OBSERVATION	iNaturalist	Observations	135071788		weilival	2022-09-15T02:27:36	CC_BY_NC_4_0	weilival	weilival			2025-01-14T12:31:32.991Z	StillImage	COORDINATE_ROUNDED;CONTINENT_DERIVED_FROM_COORDINATES;TAXON_MATCH_TAXON_ID_IGNORED
4023675852	fb9d7c38-5759-4c30-9e09-5b6bd43f78a6	http://id.luomus.fi/MY.13886284	Fungi	Basidiomycota	Agaricomycetes	Boletales	Boletaceae	Leccinum	Leccinum scabrum		SPECIES	Leccinum scabrum (Bull.) Gray	Leccinum scabrum (Bull.:Fr.) Gray		CA	NW of Richmond	Ontario	PRESENT		04fd2e13-6881-4e5c-9dd1-8fdd9ab993c1	45.19	-75.83							1960-09-23T00:00Z	23	9	1960	9141390	9141390	PRESERVED_SPECIMEN	H		http://id.luomus.fi/HA.H7077178		Groves, J.W.		CC_BY_4_0		Growes, J. W.;Pantidou, M.			2025-01-17T02:41:20.839Z		CONTINENT_DERIVED_FROM_COORDINATES;TAXON_MATCH_TAXON_ID_IGNORED;COLLECTION_MATCH_NONE;INSTITUTION_MATCH_FUZZY
3963398573	50c9509d-22c7-4a22-a47d-8c48425ef4a7	https://www.inaturalist.org/observations/136075164	Fungi	Basidiomycota	Agaricomycetes	Boletales	Boletaceae	Leccinum	Leccinum scabrum		SPECIES	Leccinum scabrum (Bull.) Gray	Leccinum scabrum		CA		New Brunswick	PRESENT		28eb1a3f-1c15-4a95-931a-4af90ecb574d	47.621059	-65.679198							2022-09-16T13:08:59	16	9	2022	9141390	9141390	HUMAN_OBSERVATION	iNaturalist	Observations	136075164		peguyngono	2022-09-22T19:23:28	CC_BY_NC_4_0	peguyngono	peguyngono			2025-01-14T13:17:31.764Z	StillImage	COORDINATE_ROUNDED;CONTINENT_DERIVED_FROM_COORDINATES;TAXON_MATCH_TAXON_ID_IGNORED
3923328800	50c9509d-22c7-4a22-a47d-8c48425ef4a7	https://www.inaturalist.org/observations/136798363	Fungi	Basidiomycota	Agaricomycetes	Boletales	Boletaceae	Leccinum	Leccinum scabrum		SPECIES	Leccinum scabrum (Bull.) Gray	Leccinum scabrum		CA		New Brunswick	PRESENT		28eb1a3f-1c15-4a95-931a-4af90ecb574d	47.621102	-65.679031	101.0						2022-09-27T15:45:16	27	9	2022	9141390	9141390	HUMAN_OBSERVATION	iNaturalist	Observations	136798363		David-Nathan Jerome	2022-09-29T21:32:35	CC_BY_NC_4_0	Anas MADRANI	Anas MADRANI			2025-01-14T13:25:48.566Z	StillImage	COORDINATE_ROUNDED;CONTINENT_DERIVED_FROM_COORDINATES;TAXON_MATCH_TAXON_ID_IGNORED
3881769510	50c9509d-22c7-4a22-a47d-8c48425ef4a7	https://www.inaturalist.org/observations/127222744	Fungi	Basidiomycota	Agaricomycetes	Boletales	Boletaceae	Leccinum	Leccinum scabrum		SPECIES	Leccinum scabrum (Bull.) Gray	Leccinum scabrum		CA		Québec	PRESENT		28eb1a3f-1c15-4a95-931a-4af90ecb574d	46.190188	-74.440925	10.0						2021-09-10T17:07:33	10	9	2021	9141390	9141390	HUMAN_OBSERVATION	iNaturalist	Observations	127222744		woodstream	2022-07-21T14:03:20	CC_BY_NC_4_0	woodstream	woodstream			2025-01-14T13:14:44.821Z	StillImage	COORDINATE_ROUNDED;CONTINENT_DERIVED_FROM_COORDINATES;TAXON_MATCH_TAXON_ID_IGNORED
3499603629	50c9509d-22c7-4a22-a47d-8c48425ef4a7	https://www.inaturalist.org/observations/104678681	Fungi	Basidiomycota	Agaricomycetes	Boletales	Boletaceae	Leccinum	Leccinum scabrum		SPECIES	Leccinum scabrum (Bull.) Gray	Leccinum scabrum		CA		Québec	PRESENT		28eb1a3f-1c15-4a95-931a-4af90ecb574d	45.819879	-76.572273	27095.0						2021-08-06T08:59	6	8	2021	9141390	9141390	HUMAN_OBSERVATION	iNaturalist	Observations	104678681		L Joan Heyding	2022-01-10T00:56:25	CC_BY_NC_4_0	L Joan Heyding	L Joan Heyding			2025-01-14T12:23:55.137Z	StillImage	COORDINATE_ROUNDED;CONTINENT_DERIVED_FROM_COORDINATES;TAXON_MATCH_TAXON_ID_IGNORED
3384451440	50c9509d-22c7-4a22-a47d-8c48425ef4a7	https://www.inaturalist.org/observations/95295544	Fungi	Basidiomycota	Agaricomycetes	Boletales	Boletaceae	Leccinum	Leccinum scabrum		SPECIES	Leccinum scabrum (Bull.) Gray	Leccinum scabrum		CA		Québec	PRESENT		28eb1a3f-1c15-4a95-931a-4af90ecb574d	45.362293	-71.924385	271.0						2021-09-18T14:28:04	18	9	2021	9141390	9141390	HUMAN_OBSERVATION	iNaturalist	Observations	95295544		tomoohka	2021-09-18T18:28:13	CC_BY_NC_4_0	tomoohka	tomoohka			2025-01-14T13:15:24.189Z	StillImage	COORDINATE_ROUNDED;CONTINENT_DERIVED_FROM_COORDINATES;TAXON_MATCH_TAXON_ID_IGNORED
3124818610	50c9509d-22c7-4a22-a47d-8c48425ef4a7	https://www.inaturalist.org/observations/79894598	Fungi	Basidiomycota	Agaricomycetes	Boletales	Boletaceae	Leccinum	Leccinum scabrum		SPECIES	Leccinum scabrum (Bull.) Gray	Leccinum scabrum		CA		Québec	PRESENT		28eb1a3f-1c15-4a95-931a-4af90ecb574d	45.773834	-73.790999	122.0						2016-07-17T07:57	17	7	2016	9141390	9141390	HUMAN_OBSERVATION	iNaturalist	Observations	79894598		Benoit Renaud	2021-05-23T04:47:32	CC_BY_4_0	Benoit Renaud	Benoit Renaud			2025-01-14T12:19:51.345Z	StillImage	COORDINATE_ROUNDED;CONTINENT_DERIVED_FROM_COORDINATES;TAXON_MATCH_TAXON_ID_IGNORED
3079738929	50c9509d-22c7-4a22-a47d-8c48425ef4a7	https://www.inaturalist.org/observations/56542039	Fungi	Basidiomycota	Agaricomycetes	Boletales	Boletaceae	Leccinum	Leccinum scabrum		SPECIES	Leccinum scabrum (Bull.) Gray	Leccinum scabrum		CA		Québec	PRESENT		28eb1a3f-1c15-4a95-931a-4af90ecb574d	45.452192	-75.770592	16.0						2020-08-15T14:10:41	15	8	2020	9141390	9141390	HUMAN_OBSERVATION	iNaturalist	Observations	56542039		Igor Khomenko	2020-08-15T18:26:17	CC_BY_NC_4_0	Igor Khomenko	Igor Khomenko			2025-01-14T12:14:16.456Z	StillImage	COORDINATE_ROUNDED;CONTINENT_DERIVED_FROM_COORDINATES;TAXON_MATCH_TAXON_ID_IGNORED
3079544958	50c9509d-22c7-4a22-a47d-8c48425ef4a7	https://www.inaturalist.org/observations/56242625	Fungi	Basidiomycota	Agaricomycetes	Boletales	Boletaceae	Leccinum	Leccinum scabrum		SPECIES	Leccinum scabrum (Bull.) Gray	Leccinum scabrum		CA		Québec	PRESENT		28eb1a3f-1c15-4a95-931a-4af90ecb574d	46.418042	-74.284036							2020-08-08T12:54:52	8	8	2020	9141390	9141390	HUMAN_OBSERVATION	iNaturalist	Observations	56242625		Benoit Renaud	2020-08-12T17:49:53	CC_BY_4_0	Benoit Renaud	Benoit Renaud			2025-01-14T13:10:21.109Z	StillImage	COORDINATE_ROUNDED;CONTINENT_DERIVED_FROM_COORDINATES;TAXON_MATCH_TAXON_ID_IGNORED
3058959406	50c9509d-22c7-4a22-a47d-8c48425ef4a7	https://www.inaturalist.org/observations/33462447	Fungi	Basidiomycota	Agaricomycetes	Boletales	Boletaceae	Leccinum	Leccinum scabrum		SPECIES	Leccinum scabrum (Bull.) Gray	Leccinum scabrum		CA		New Brunswick	PRESENT		28eb1a3f-1c15-4a95-931a-4af90ecb574d	45.977128	-66.598695	5.0						2019-09-15T16:27:10	15	9	2019	9141390	9141390	HUMAN_OBSERVATION	iNaturalist	Observations	33462447		svg52	2020-02-08T07:11:09	CC_BY_NC_4_0	Jessica	Jessica			2025-01-14T12:09:22.827Z	StillImage	COORDINATE_ROUNDED;CONTINENT_DERIVED_FROM_COORDINATES;TAXON_MATCH_TAXON_ID_IGNORED
2873886636	50c9509d-22c7-4a22-a47d-8c48425ef4a7	https://www.inaturalist.org/observations/61421616	Fungi	Basidiomycota	Agaricomycetes	Boletales	Boletaceae	Leccinum	Leccinum scabrum		SPECIES	Leccinum scabrum (Bull.) Gray	Leccinum scabrum		CA		New Brunswick	PRESENT		28eb1a3f-1c15-4a95-931a-4af90ecb574d	47.62004	-65.680372	977.0						2020-09-24T13:36	24	9	2020	9141390	9141390	HUMAN_OBSERVATION	iNaturalist	Observations	61421616				CC_BY_NC_4_0	lukkasblancanos	lukkasblancanos			2025-01-14T12:15:53.930Z	StillImage	COORDINATE_ROUNDED;CONTINENT_DERIVED_FROM_COORDINATES;TAXON_MATCH_TAXON_ID_IGNORED
2860090534	50c9509d-22c7-4a22-a47d-8c48425ef4a7	https://www.inaturalist.org/observations/56987923	Fungi	Basidiomycota	Agaricomycetes	Boletales	Boletaceae	Leccinum	Leccinum scabrum		SPECIES	Leccinum scabrum (Bull.) Gray	Leccinum scabrum		CA		Québec	PRESENT		28eb1a3f-1c15-4a95-931a-4af90ecb574d	45.87554	-76.437713	15.0						2020-08-18T12:35	18	8	2020	9141390	9141390	HUMAN_OBSERVATION	iNaturalist	Observations	56987923		Serguei Ponomarenko	2020-08-20T01:09:43	CC_BY_NC_4_0	Serguei Ponomarenko	Serguei Ponomarenko			2025-01-14T13:12:42.813Z	StillImage	COORDINATE_ROUNDED;CONTINENT_DERIVED_FROM_COORDINATES;TAXON_MATCH_TAXON_ID_IGNORED
2423612302	21705170-d2b6-42de-8904-c3bca4b83591	CMMF018616	Fungi	Basidiomycota	Agaricomycetes	Boletales	Boletaceae	Leccinum	Leccinum scabrum		SPECIES	Leccinum scabrum (Bull.) Gray	Leccinum scabrum (Bull.) Gray	(Bull.) Gray	CA	Lac Geai	Québec	PRESENT		ff7bd5db-b724-4932-b496-10ea298851f9	45.996479	-73.99348	250.0						1985-08-07	7	8	1985	9141390	9141390	PRESERVED_SPECIMEN	Université de Montréal Biodiversity Centre	CMMF	CMMF018616	s.n.	Nantel, Patrick		CC0_1_0	Université de Montréal Biodiversity Centre	Nantel, Patrick			2024-01-24T16:38:18.430Z		INSTITUTION_MATCH_FUZZY;COLLECTION_MATCH_FUZZY;DIFFERENT_OWNER_INSTITUTION
2423610796	21705170-d2b6-42de-8904-c3bca4b83591	CMMF018669	Fungi	Basidiomycota	Agaricomycetes	Boletales	Boletaceae	Leccinum	Leccinum scabrum		SPECIES	Leccinum scabrum (Bull.) Gray	Leccinum scabrum (Bull.) Gray	(Bull.) Gray	CA	Chemin du lac Cromwell	Québec	PRESENT		ff7bd5db-b724-4932-b496-10ea298851f9	45.989105	-74.002423	100.0						1979-07-16	16	7	1979	9141390	9141390	PRESERVED_SPECIMEN	Université de Montréal Biodiversity Centre	CMMF	CMMF018669	s.n.	Nantel, Patrick		CC0_1_0	Université de Montréal Biodiversity Centre	Nantel, Patrick			2024-01-24T16:38:18.489Z		INSTITUTION_MATCH_FUZZY;COLLECTION_MATCH_FUZZY;DIFFERENT_OWNER_INSTITUTION
2350401640	50c9509d-22c7-4a22-a47d-8c48425ef4a7	https://www.inaturalist.org/observations/30719376	Fungi	Basidiomycota	Agaricomycetes	Boletales	Boletaceae	Leccinum	Leccinum scabrum		SPECIES	Leccinum scabrum (Bull.) Gray	Leccinum scabrum		CA		New Brunswick	PRESENT		28eb1a3f-1c15-4a95-931a-4af90ecb574d	45.219756	-66.130736	8.0						2019-08-12T15:53	12	8	2019	9141390	9141390	HUMAN_OBSERVATION	iNaturalist	Observations	30719376		Alfredo Justo	2019-08-12T23:47:55	CC_BY_NC_4_0	Alfredo Justo	Alfredo Justo			2025-01-14T12:08:45.562Z	StillImage	COORDINATE_ROUNDED;CONTINENT_DERIVED_FROM_COORDINATES;TAXON_MATCH_TAXON_ID_IGNORED
1990314158	032f1fbe-d21f-407d-be46-5cd1bb1ea397	3dda8278-0271-45c3-9094-a456fcd8f37d	Fungi	Basidiomycota	Agaricomycetes	Boletales	Boletaceae	Leccinum	Leccinum scabrum		SPECIES	Leccinum scabrum (Bull.) Gray	Leccinum scabrum	(Bull.) Gray	CA	Baxter's Harbor, Baxter's Harbor	Nova Scotia	PRESENT		61c539d8-47e0-4b82-875f-b95aad66dcd4	45.229167	-64.5125							1978-08-31	31	8	1978	9141390	9141390	PRESERVED_SPECIMEN	TENN-F		TENN-F-041269	54270			CC0_1_0		R.W. Holton			2025-01-12T10:33:44.753Z		COORDINATE_ROUNDED;GEODETIC_DATUM_ASSUMED_WGS84;CONTINENT_DERIVED_FROM_COORDINATES;TAXON_MATCH_TAXON_ID_IGNORED;INSTITUTION_MATCH_NONE
1987945968	ca1bcd7e-7387-42f9-81ba-1470db55e3e8	A15A6A80-B3F8-184A-ADDB-B75E90270CD1	Fungi	Basidiomycota	Agaricomycetes	Boletales	Boletaceae	Leccinum	Leccinum scabrum		SPECIES	Leccinum scabrum (Bull.) Gray	Leccinum scabrum	(Bull.) Gray	CA	Sackville, Mountview Road Area	New Brunswick	PRESENT		b542788f-0dc2-4a2b-b652-fceced449591	45.95	-64.383333							2003-09		9	2003	9141390	9141390	PRESERVED_SPECIMEN	BBM	UBC	F023846	Sackville B-10	T. Goward		CC0_1_0	The University of British Columbia	T. Goward			2024-11-19T11:26:00.306Z		GEODETIC_DATUM_ASSUMED_WGS84;CONTINENT_DERIVED_FROM_COORDINATES;INSTITUTION_MATCH_FUZZY
1944376652	50c9509d-22c7-4a22-a47d-8c48425ef4a7	https://www.inaturalist.org/observations/17201626	Fungi	Basidiomycota	Agaricomycetes	Boletales	Boletaceae	Leccinum	Leccinum scabrum		SPECIES	Leccinum scabrum (Bull.) Gray	Leccinum scabrum		CA		New Brunswick	PRESENT		28eb1a3f-1c15-4a95-931a-4af90ecb574d	45.600371	-64.951753	6.0						2018-10-04T14:23:54	4	10	2018	9141390	9141390	HUMAN_OBSERVATION	iNaturalist	Observations	17201626		anthony brooks	2018-10-10T14:06:52	CC_BY_NC_4_0	jeanw	jeanw			2025-01-14T12:06:26.195Z	StillImage	COORDINATE_ROUNDED;CONTINENT_DERIVED_FROM_COORDINATES;TAXON_MATCH_TAXON_ID_IGNORED
1847644836	50c9509d-22c7-4a22-a47d-8c48425ef4a7	https://www.inaturalist.org/observations/9571989	Fungi	Basidiomycota	Agaricomycetes	Boletales	Boletaceae	Leccinum	Leccinum scabrum		SPECIES	Leccinum scabrum (Bull.) Gray	Leccinum scabrum		CA		Ontario	PRESENT		28eb1a3f-1c15-4a95-931a-4af90ecb574d	45.35695	-79.0971	33539.0						2012-09-20	20	9	2012	9141390	9141390	HUMAN_OBSERVATION	iNaturalist	Observations	9571989		mycowalt	2018-01-23T07:42:12	CC_BY_NC_4_0	mycowalt	mycowalt			2025-01-14T12:57:42.826Z	StillImage	CONTINENT_DERIVED_FROM_COORDINATES;TAXON_MATCH_TAXON_ID_IGNORED
1807262843	e8a25a42-f125-476c-8554-3ec21cd51a84	ACAD:119312	Fungi	Basidiomycota	Agaricomycetes	Boletales	Boletaceae	Leccinum	Leccinum scabrum		SPECIES	Boletus scaber Bull.	Boletus scaber	Bull., 1783	CA	Glenmont	Nova Scotia	PRESENT		6491ad8c-8e49-4bd4-a089-0ddb3bbe0890	45.186393	-64.53464							1963-09-26	26	9	1963	5954849	9141390	PRESERVED_SPECIMEN	Acadia University	ACAD	8018F	8018			CC0_1_0	Acadia University	Harrison, KA			2024-01-25T01:37:02.782Z	StillImage	GEODETIC_DATUM_INVALID;GEODETIC_DATUM_ASSUMED_WGS84;TAXON_MATCH_TAXON_ID_IGNORED;INSTITUTION_MATCH_FUZZY;COLLECTION_MATCH_FUZZY
1807262687	e8a25a42-f125-476c-8554-3ec21cd51a84	ACAD:119369	Fungi	Basidiomycota	Agaricomycetes	Boletales	Boletaceae	Leccinum	Leccinum scabrum		SPECIES	Leccinum scabrum (Bull.) Gray	Leccinum scabrum (Bull.) Gray	(Bull.) Gray	CA	Dorchester	New Brunswick	PRESENT		6491ad8c-8e49-4bd4-a089-0ddb3bbe0890	45.932959	-64.549971							1959-09-07	7	9	1959	9141390	9141390	PRESERVED_SPECIMEN	Acadia University	ACAD	8074F	8074			CC0_1_0	Acadia University	H, KA; Party, Congress			2024-01-25T01:37:02.811Z	StillImage	COORDINATE_ROUNDED;GEODETIC_DATUM_INVALID;GEODETIC_DATUM_ASSUMED_WGS84;TAXON_MATCH_TAXON_ID_IGNORED;INSTITUTION_MATCH_FUZZY;COLLECTION_MATCH_FUZZY
1807262650	e8a25a42-f125-476c-8554-3ec21cd51a84	ACAD:119331	Fungi	Basidiomycota	Agaricomycetes	Boletales	Boletaceae	Leccinum	Leccinum scabrum		SPECIES	Boletus scaber Bull.	Boletus scaber	Bull., 1783	CA	Kentville	Nova Scotia	PRESENT		6491ad8c-8e49-4bd4-a089-0ddb3bbe0890	45.06019	-64.553339							1959-09-11	11	9	1959	5954849	9141390	PRESERVED_SPECIMEN	Acadia University	ACAD	8036F	8036			CC0_1_0	Acadia University	Harrison, KA			2024-01-25T01:37:02.804Z	StillImage	GEODETIC_DATUM_INVALID;GEODETIC_DATUM_ASSUMED_WGS84;TAXON_MATCH_TAXON_ID_IGNORED;INSTITUTION_MATCH_FUZZY;COLLECTION_MATCH_FUZZY
1807262631	e8a25a42-f125-476c-8554-3ec21cd51a84	ACAD:119258	Fungi	Basidiomycota	Agaricomycetes	Boletales	Boletaceae	Leccinum	Leccinum scabrum		SPECIES	Boletus scaber Bull.	Boletus scaber	Bull., 1783	CA	Kentville	Nova Scotia	PRESENT		6491ad8c-8e49-4bd4-a089-0ddb3bbe0890	45.06019	-64.553339							1959-09-11	11	9	1959	5954849	9141390	PRESERVED_SPECIMEN	Acadia University	ACAD	7964F	7964			CC0_1_0	Acadia University	H, KA; Party, Congress			2024-01-25T01:37:03.078Z	StillImage	GEODETIC_DATUM_INVALID;GEODETIC_DATUM_ASSUMED_WGS84;TAXON_MATCH_TAXON_ID_IGNORED;INSTITUTION_MATCH_FUZZY;COLLECTION_MATCH_FUZZY
1807262625	e8a25a42-f125-476c-8554-3ec21cd51a84	ACAD:119309	Fungi	Basidiomycota	Agaricomycetes	Boletales	Boletaceae	Leccinum	Leccinum scabrum		SPECIES	Leccinum scabrum (Bull.) Gray	Leccinum scabrum (Bull.) Gray	(Bull.) Gray	CA	Melvern Sq. Vault	Nova Scotia	PRESENT		6491ad8c-8e49-4bd4-a089-0ddb3bbe0890	45.001485	-65.007707							1959-09-27	27	9	1959	9141390	9141390	PRESERVED_SPECIMEN	Acadia University	ACAD	8015F	8015			CC0_1_0	Acadia University	Harrison, KA			2024-01-25T01:37:02.777Z	StillImage	GEODETIC_DATUM_INVALID;GEODETIC_DATUM_ASSUMED_WGS84;TAXON_MATCH_TAXON_ID_IGNORED;INSTITUTION_MATCH_FUZZY;COLLECTION_MATCH_FUZZY
1807262588	e8a25a42-f125-476c-8554-3ec21cd51a84	ACAD:119413	Fungi	Basidiomycota	Agaricomycetes	Boletales	Boletaceae	Leccinum	Leccinum scabrum		SPECIES	Boletus scaber Bull.	Boletus scaber	Bull., 1783	CA	Kentville	Nova Scotia	PRESENT		6491ad8c-8e49-4bd4-a089-0ddb3bbe0890	45.07662	-64.49592							1962-08-21	21	8	1962	5954849	9141390	PRESERVED_SPECIMEN	Acadia University	ACAD	8118F	8118			CC0_1_0	Acadia University	Harrison, KA			2024-01-25T01:37:02.539Z	StillImage	GEODETIC_DATUM_INVALID;GEODETIC_DATUM_ASSUMED_WGS84;TAXON_MATCH_TAXON_ID_IGNORED;INSTITUTION_MATCH_FUZZY;COLLECTION_MATCH_FUZZY
1807262318	e8a25a42-f125-476c-8554-3ec21cd51a84	ACAD:119250	Fungi	Basidiomycota	Agaricomycetes	Boletales	Boletaceae	Leccinum	Leccinum scabrum		SPECIES	Leccinum scabrum (Bull.) Gray	Leccinum scabrum (Bull.) Gray	(Bull.) Gray	CA	Fredericton	New Brunswick	PRESENT		6491ad8c-8e49-4bd4-a089-0ddb3bbe0890	45.945278	-66.666667							1959-09-04	4	9	1959	9141390	9141390	PRESERVED_SPECIMEN	Acadia University	ACAD	7954F	7954			CC0_1_0	Acadia University	H, KA; Party, Congress			2024-01-25T01:37:03.080Z	StillImage	COORDINATE_ROUNDED;GEODETIC_DATUM_INVALID;GEODETIC_DATUM_ASSUMED_WGS84;TAXON_MATCH_TAXON_ID_IGNORED;INSTITUTION_MATCH_FUZZY;COLLECTION_MATCH_FUZZY
1807261949	e8a25a42-f125-476c-8554-3ec21cd51a84	ACAD:118337	Fungi	Basidiomycota	Agaricomycetes	Boletales	Boletaceae	Leccinum	Leccinum scabrum		SPECIES	Leccinum scabrum (Bull.) Gray	Leccinum scabrum (Bull.) Gray	(Bull.) Gray	CA	Scotts Bay	Nova Scotia	PRESENT		6491ad8c-8e49-4bd4-a089-0ddb3bbe0890	45.3	-64.424167							1975-09-15	15	9	1975	9141390	9141390	PRESERVED_SPECIMEN	Acadia University	ACAD	11489F	11489			CC0_1_0	Acadia University	Harrison, KA			2024-01-25T01:37:17.446Z	StillImage	COORDINATE_ROUNDED;GEODETIC_DATUM_INVALID;GEODETIC_DATUM_ASSUMED_WGS84;TAXON_MATCH_TAXON_ID_IGNORED;INSTITUTION_MATCH_FUZZY;COLLECTION_MATCH_FUZZY
1807261595	e8a25a42-f125-476c-8554-3ec21cd51a84	ACAD:118307	Fungi	Basidiomycota	Agaricomycetes	Boletales	Boletaceae	Leccinum	Leccinum scabrum		SPECIES	Leccinum scabrum (Bull.) Gray	Leccinum scabrum (Bull.) Gray	(Bull.) Gray	CA	Scotts Bay	Nova Scotia	PRESENT		6491ad8c-8e49-4bd4-a089-0ddb3bbe0890	45.3	-64.424167							1975-09-10	10	9	1975	9141390	9141390	PRESERVED_SPECIMEN	Acadia University	ACAD	11456F	11456	H, KA		CC0_1_0	Acadia University	Harrison, KA			2024-01-25T01:37:17.355Z	StillImage	COORDINATE_ROUNDED;GEODETIC_DATUM_INVALID;GEODETIC_DATUM_ASSUMED_WGS84;TAXON_MATCH_TAXON_ID_IGNORED;INSTITUTION_MATCH_FUZZY;COLLECTION_MATCH_FUZZY
1807261593	e8a25a42-f125-476c-8554-3ec21cd51a84	ACAD:118310	Fungi	Basidiomycota	Agaricomycetes	Boletales	Boletaceae	Leccinum	Leccinum scabrum		SPECIES	Leccinum scabrum (Bull.) Gray	Leccinum scabrum (Bull.) Gray	(Bull.) Gray	CA	Scotts Bay	Nova Scotia	PRESENT		6491ad8c-8e49-4bd4-a089-0ddb3bbe0890	45.3	-64.424167							1975-09-15	15	9	1975	9141390	9141390	PRESERVED_SPECIMEN	Acadia University	ACAD	11460F	11460			CC0_1_0	Acadia University	Shaw,W			2024-01-25T01:37:17.358Z	StillImage	COORDINATE_ROUNDED;GEODETIC_DATUM_INVALID;GEODETIC_DATUM_ASSUMED_WGS84;TAXON_MATCH_TAXON_ID_IGNORED;INSTITUTION_MATCH_FUZZY;COLLECTION_MATCH_FUZZY
1807261578	e8a25a42-f125-476c-8554-3ec21cd51a84	ACAD:118331	Fungi	Basidiomycota	Agaricomycetes	Boletales	Boletaceae	Leccinum	Leccinum scabrum		SPECIES	Leccinum scabrum (Bull.) Gray	Leccinum scabrum (Bull.) Gray	(Bull.) Gray	CA	Auburn	Nova Scotia	PRESENT		6491ad8c-8e49-4bd4-a089-0ddb3bbe0890	45.01822	-64.87038							1975-09-25	25	9	1975	9141390	9141390	PRESERVED_SPECIMEN	Acadia University	ACAD	11483F	11483			CC0_1_0	Acadia University	Harrison, KA; Harrison, KJ			2024-01-25T01:37:17.446Z	StillImage	GEODETIC_DATUM_INVALID;GEODETIC_DATUM_ASSUMED_WGS84;TAXON_MATCH_TAXON_ID_IGNORED;INSTITUTION_MATCH_FUZZY;COLLECTION_MATCH_FUZZY
1807261574	e8a25a42-f125-476c-8554-3ec21cd51a84	ACAD:118335	Fungi	Basidiomycota	Agaricomycetes	Boletales	Boletaceae	Leccinum	Leccinum scabrum		SPECIES	Leccinum scabrum (Bull.) Gray	Leccinum scabrum (Bull.) Gray	(Bull.) Gray	CA	Scotts Bay	Nova Scotia	PRESENT		6491ad8c-8e49-4bd4-a089-0ddb3bbe0890	45.3	-64.424167							1975-09-15	15	9	1975	9141390	9141390	PRESERVED_SPECIMEN	Acadia University	ACAD	11487F	11487	Harrison, KA		CC0_1_0	Acadia University	Harrison, KA			2024-01-25T01:37:17.450Z	StillImage	COORDINATE_ROUNDED;GEODETIC_DATUM_INVALID;GEODETIC_DATUM_ASSUMED_WGS84;TAXON_MATCH_TAXON_ID_IGNORED;INSTITUTION_MATCH_FUZZY;COLLECTION_MATCH_FUZZY
1807261467	e8a25a42-f125-476c-8554-3ec21cd51a84	ACAD:118329	Fungi	Basidiomycota	Agaricomycetes	Boletales	Boletaceae	Leccinum	Leccinum scabrum		SPECIES	Leccinum scabrum (Bull.) Gray	Leccinum scabrum (Bull.) Gray	(Bull.) Gray	CA	Auburn	Nova Scotia	PRESENT		6491ad8c-8e49-4bd4-a089-0ddb3bbe0890	45.01822	-64.87038							1975-09-25	25	9	1975	9141390	9141390	PRESERVED_SPECIMEN	Acadia University	ACAD	11481F	11481			CC0_1_0	Acadia University	Harrison, KA; Harrison, KJ			2024-01-25T01:37:17.381Z	StillImage	GEODETIC_DATUM_INVALID;GEODETIC_DATUM_ASSUMED_WGS84;TAXON_MATCH_TAXON_ID_IGNORED;INSTITUTION_MATCH_FUZZY;COLLECTION_MATCH_FUZZY
1807261439	e8a25a42-f125-476c-8554-3ec21cd51a84	ACAD:118330	Fungi	Basidiomycota	Agaricomycetes	Boletales	Boletaceae	Leccinum	Leccinum scabrum		SPECIES	Leccinum scabrum (Bull.) Gray	Leccinum scabrum (Bull.) Gray	(Bull.) Gray	CA	Auburn	Nova Scotia	PRESENT		6491ad8c-8e49-4bd4-a089-0ddb3bbe0890	45.01822	-64.87038							1975-09-25	25	9	1975	9141390	9141390	PRESERVED_SPECIMEN	Acadia University	ACAD	11482F	11482			CC0_1_0	Acadia University	Harrison, KA; Harrison, KJ			2024-01-25T01:37:17.444Z	StillImage	GEODETIC_DATUM_INVALID;GEODETIC_DATUM_ASSUMED_WGS84;TAXON_MATCH_TAXON_ID_IGNORED;INSTITUTION_MATCH_FUZZY;COLLECTION_MATCH_FUZZY
1807261437	e8a25a42-f125-476c-8554-3ec21cd51a84	ACAD:118332	Fungi	Basidiomycota	Agaricomycetes	Boletales	Boletaceae	Leccinum	Leccinum scabrum		SPECIES	Leccinum scabrum (Bull.) Gray	Leccinum scabrum (Bull.) Gray	(Bull.) Gray	CA	Scotts Bay	Nova Scotia	PRESENT		6491ad8c-8e49-4bd4-a089-0ddb3bbe0890	45.3	-64.424167							1975-09-15	15	9	1975	9141390	9141390	PRESERVED_SPECIMEN	Acadia University	ACAD	11484F	11484			CC0_1_0	Acadia University	Harrison, KA			2024-01-25T01:37:17.444Z	StillImage	COORDINATE_ROUNDED;GEODETIC_DATUM_INVALID;GEODETIC_DATUM_ASSUMED_WGS84;TAXON_MATCH_TAXON_ID_IGNORED;INSTITUTION_MATCH_FUZZY;COLLECTION_MATCH_FUZZY
1807261342	e8a25a42-f125-476c-8554-3ec21cd51a84	ACAD:118247	Fungi	Basidiomycota	Agaricomycetes	Boletales	Boletaceae	Leccinum	Leccinum scabrum		SPECIES	Leccinum scabrum (Bull.) Gray	Leccinum scabrum (Bull.) Gray	(Bull.) Gray	CA	Greenwich	Nova Scotia	PRESENT		6491ad8c-8e49-4bd4-a089-0ddb3bbe0890	45.08618	-64.39928							1975-08-14	14	8	1975	9141390	9141390	PRESERVED_SPECIMEN	Acadia University	ACAD	11400F	11400			CC0_1_0	Acadia University	Harrison, KA; Harrison, KJ			2024-01-25T01:37:17.685Z	StillImage	GEODETIC_DATUM_INVALID;GEODETIC_DATUM_ASSUMED_WGS84;TAXON_MATCH_TAXON_ID_IGNORED;INSTITUTION_MATCH_FUZZY;COLLECTION_MATCH_FUZZY
1807260830	e8a25a42-f125-476c-8554-3ec21cd51a84	ACAD:117290	Fungi	Basidiomycota	Agaricomycetes	Boletales	Boletaceae	Leccinum	Leccinum scabrum		SPECIES	Boletus scaber Bull.	Boletus scaber	Bull., 1783	CA	Fredericton	New Brunswick	PRESENT		6491ad8c-8e49-4bd4-a089-0ddb3bbe0890	45.945278	-66.666667							1961-10-08	8	10	1961	5954849	9141390	PRESERVED_SPECIMEN	Acadia University	ACAD	6125F	6125			CC0_1_0	Acadia University	Harrison, KA			2024-01-25T01:37:12.257Z	StillImage	COORDINATE_ROUNDED;GEODETIC_DATUM_INVALID;GEODETIC_DATUM_ASSUMED_WGS84;TAXON_MATCH_TAXON_ID_IGNORED;INSTITUTION_MATCH_FUZZY;COLLECTION_MATCH_FUZZY
1807260553	e8a25a42-f125-476c-8554-3ec21cd51a84	ACAD:117089	Fungi	Basidiomycota	Agaricomycetes	Boletales	Boletaceae	Leccinum	Leccinum scabrum		SPECIES	Leccinum scabrum (Bull.) Gray	Leccinum scabrum (Bull.) Gray	(Bull.) Gray	CA	Glenmont	Nova Scotia	PRESENT		6491ad8c-8e49-4bd4-a089-0ddb3bbe0890	45.18614	-64.50197							1959-09-16	16	9	1959	9141390	9141390	PRESERVED_SPECIMEN	Acadia University	ACAD	5355F	5355			CC0_1_0	Acadia University	H, KA			2024-01-25T01:37:12.440Z	StillImage	GEODETIC_DATUM_INVALID;GEODETIC_DATUM_ASSUMED_WGS84;TAXON_MATCH_TAXON_ID_IGNORED;INSTITUTION_MATCH_FUZZY;COLLECTION_MATCH_FUZZY
1807260101	e8a25a42-f125-476c-8554-3ec21cd51a84	ACAD:116162	Fungi	Basidiomycota	Agaricomycetes	Boletales	Boletaceae	Leccinum	Leccinum scabrum		SPECIES	Boletus scaber Bull.	Boletus scaber	Bull., 1783	CA	Kentville	Nova Scotia	PRESENT		6491ad8c-8e49-4bd4-a089-0ddb3bbe0890	45.07662	-64.49592							1958-09-14	14	9	1958	5954849	9141390	PRESERVED_SPECIMEN	Acadia University	ACAD	3815F	3815			CC0_1_0	Acadia University	H, KA			2024-01-25T01:37:04.295Z	StillImage	GEODETIC_DATUM_INVALID;GEODETIC_DATUM_ASSUMED_WGS84;TAXON_MATCH_TAXON_ID_IGNORED;INSTITUTION_MATCH_FUZZY;COLLECTION_MATCH_FUZZY
1807259677	e8a25a42-f125-476c-8554-3ec21cd51a84	ACAD:116160	Fungi	Basidiomycota	Agaricomycetes	Boletales	Boletaceae	Leccinum	Leccinum scabrum		SPECIES	Boletus scaber Bull.	Boletus scaber	Bull., 1783	CA	Baxters Harbour	Nova Scotia	PRESENT		6491ad8c-8e49-4bd4-a089-0ddb3bbe0890	45.22736	-64.51611							1957-09-13	13	9	1957	5954849	9141390	PRESERVED_SPECIMEN	Acadia University	ACAD	3811F	3811			CC0_1_0	Acadia University	H, KA			2024-01-25T01:37:04.295Z	StillImage	GEODETIC_DATUM_INVALID;GEODETIC_DATUM_ASSUMED_WGS84;TAXON_MATCH_TAXON_ID_IGNORED;INSTITUTION_MATCH_FUZZY;COLLECTION_MATCH_FUZZY
1807259662	e8a25a42-f125-476c-8554-3ec21cd51a84	ACAD:116163	Fungi	Basidiomycota	Agaricomycetes	Boletales	Boletaceae	Leccinum	Leccinum scabrum		SPECIES	Boletus scaber Bull.	Boletus scaber	Bull., 1783	CA	Kentville	Nova Scotia	PRESENT		6491ad8c-8e49-4bd4-a089-0ddb3bbe0890	45.07662	-64.49592							1958-09-14	14	9	1958	5954849	9141390	PRESERVED_SPECIMEN	Acadia University	ACAD	3817F	3817			CC0_1_0	Acadia University	H, KA			2024-01-25T01:37:04.295Z	StillImage	GEODETIC_DATUM_INVALID;GEODETIC_DATUM_ASSUMED_WGS84;TAXON_MATCH_TAXON_ID_IGNORED;INSTITUTION_MATCH_FUZZY;COLLECTION_MATCH_FUZZY
1807259359	e8a25a42-f125-476c-8554-3ec21cd51a84	ACAD:116164	Fungi	Basidiomycota	Agaricomycetes	Boletales	Boletaceae	Leccinum	Leccinum scabrum		SPECIES	Boletus scaber Bull.	Boletus scaber	Bull., 1783	CA	Baxters Harbour	Nova Scotia	PRESENT		6491ad8c-8e49-4bd4-a089-0ddb3bbe0890	45.22736	-64.51611							1957-09-13	13	9	1957	5954849	9141390	PRESERVED_SPECIMEN	Acadia University	ACAD	3819F	3819			CC0_1_0	Acadia University	H, KA			2024-01-25T01:37:04.297Z	StillImage	GEODETIC_DATUM_INVALID;GEODETIC_DATUM_ASSUMED_WGS84;TAXON_MATCH_TAXON_ID_IGNORED;INSTITUTION_MATCH_FUZZY;COLLECTION_MATCH_FUZZY
1807259283	e8a25a42-f125-476c-8554-3ec21cd51a84	ACAD:116158	Fungi	Basidiomycota	Agaricomycetes	Boletales	Boletaceae	Leccinum	Leccinum scabrum		SPECIES	Boletus scaber Bull.	Boletus scaber	Bull., 1783	CA	Cape Split	Nova Scotia	PRESENT		6491ad8c-8e49-4bd4-a089-0ddb3bbe0890	45.334283	-64.49612							1958-09-01	1	9	1958	5954849	9141390	PRESERVED_SPECIMEN	Acadia University	ACAD	3809F	3809			CC0_1_0	Acadia University	H, KA			2024-01-25T01:37:04.295Z	StillImage	COORDINATE_ROUNDED;GEODETIC_DATUM_INVALID;GEODETIC_DATUM_ASSUMED_WGS84;TAXON_MATCH_TAXON_ID_IGNORED;INSTITUTION_MATCH_FUZZY;COLLECTION_MATCH_FUZZY
1807259219	e8a25a42-f125-476c-8554-3ec21cd51a84	ACAD:116159	Fungi	Basidiomycota	Agaricomycetes	Boletales	Boletaceae	Leccinum	Leccinum scabrum		SPECIES	Boletus scaber Bull.	Boletus scaber	Bull., 1783	CA	Black Rock	Nova Scotia	PRESENT		6491ad8c-8e49-4bd4-a089-0ddb3bbe0890	45.16669	-64.76103							1957-09-14	14	9	1957	5954849	9141390	PRESERVED_SPECIMEN	Acadia University	ACAD	3810F	3810			CC0_1_0	Acadia University	H, KA			2024-01-25T01:37:04.290Z	StillImage	GEODETIC_DATUM_INVALID;GEODETIC_DATUM_ASSUMED_WGS84;TAXON_MATCH_TAXON_ID_IGNORED;INSTITUTION_MATCH_FUZZY;COLLECTION_MATCH_FUZZY
1807259114	e8a25a42-f125-476c-8554-3ec21cd51a84	ACAD:115581	Fungi	Basidiomycota	Agaricomycetes	Boletales	Boletaceae	Leccinum	Leccinum scabrum		SPECIES	Leccinum scabrum (Bull.) Gray	Leccinum scabrum (Bull.) Gray	(Bull.) Gray	CA	Kentville	Nova Scotia	PRESENT		6491ad8c-8e49-4bd4-a089-0ddb3bbe0890	45.07662	-64.49592							1955-07-27	27	7	1955	9141390	9141390	PRESERVED_SPECIMEN	Acadia University	ACAD	3012F	3012	S,N		CC0_1_0	Acadia University	Harrison, KA			2024-01-25T01:37:00.504Z	StillImage	GEODETIC_DATUM_INVALID;GEODETIC_DATUM_ASSUMED_WGS84;TAXON_MATCH_TAXON_ID_IGNORED;INSTITUTION_MATCH_FUZZY;COLLECTION_MATCH_FUZZY
1807258990	e8a25a42-f125-476c-8554-3ec21cd51a84	ACAD:115582	Fungi	Basidiomycota	Agaricomycetes	Boletales	Boletaceae	Leccinum	Leccinum scabrum		SPECIES	Boletus scaber Bull.	Boletus scaber	Bull., 1783	CA	Kentville	Nova Scotia	PRESENT		6491ad8c-8e49-4bd4-a089-0ddb3bbe0890	45.07662	-64.49592							1954-08-12	12	8	1954	5954849	9141390	PRESERVED_SPECIMEN	Acadia University	ACAD	3015F	3015			CC0_1_0	Acadia University	Harrison, KA			2024-01-25T01:37:00.505Z	StillImage	GEODETIC_DATUM_INVALID;GEODETIC_DATUM_ASSUMED_WGS84;TAXON_MATCH_TAXON_ID_IGNORED;INSTITUTION_MATCH_FUZZY;COLLECTION_MATCH_FUZZY
1807258031	e8a25a42-f125-476c-8554-3ec21cd51a84	ACAD:114683	Fungi	Basidiomycota	Agaricomycetes	Boletales	Boletaceae	Leccinum	Leccinum scabrum		SPECIES	Leccinum scabrum (Bull.) Gray	Leccinum scabrum (Bull.) Gray	(Bull.) Gray	CA	Kentville	Nova Scotia	PRESENT		6491ad8c-8e49-4bd4-a089-0ddb3bbe0890	45.07662	-64.49592							1930-08-23	23	8	1930	9141390	9141390	PRESERVED_SPECIMEN	Acadia University	ACAD	575F				CC0_1_0	Acadia University	H, KA			2024-01-25T01:37:15.097Z	StillImage	GEODETIC_DATUM_INVALID;GEODETIC_DATUM_ASSUMED_WGS84;TAXON_MATCH_TAXON_ID_IGNORED;INSTITUTION_MATCH_FUZZY;COLLECTION_MATCH_FUZZY
1807255394	e8a25a42-f125-476c-8554-3ec21cd51a84	ACAD:112203	Fungi	Basidiomycota	Agaricomycetes	Boletales	Boletaceae	Leccinum	Leccinum scabrum		SPECIES	Boletus scaber Bull.	Boletus scaber	Bull., 1783	CA	Aylesford	Nova Scotia	PRESENT		6491ad8c-8e49-4bd4-a089-0ddb3bbe0890	45.04205	-64.84418							1952-10-06	6	10	1952	5954849	9141390	PRESERVED_SPECIMEN	Acadia University	ACAD	1914F	1914			CC0_1_0	Acadia University	H, KA			2024-01-25T01:37:05.915Z	StillImage	GEODETIC_DATUM_INVALID;GEODETIC_DATUM_ASSUMED_WGS84;TAXON_MATCH_TAXON_ID_IGNORED;INSTITUTION_MATCH_FUZZY;COLLECTION_MATCH_FUZZY
1807255348	e8a25a42-f125-476c-8554-3ec21cd51a84	ACAD:112069	Fungi	Basidiomycota	Agaricomycetes	Boletales	Boletaceae	Leccinum	Leccinum scabrum		SPECIES	Boletus scaber Bull.	Boletus scaber	Bull., 1783	CA	Cape Split	Nova Scotia	PRESENT		6491ad8c-8e49-4bd4-a089-0ddb3bbe0890	45.334283	-64.49612							1952-09-24	24	9	1952	5954849	9141390	PRESERVED_SPECIMEN	Acadia University	ACAD	1776F	1776			CC0_1_0	Acadia University	H, KA			2024-01-25T01:37:06.141Z	StillImage	COORDINATE_ROUNDED;GEODETIC_DATUM_INVALID;GEODETIC_DATUM_ASSUMED_WGS84;TAXON_MATCH_TAXON_ID_IGNORED;INSTITUTION_MATCH_FUZZY;COLLECTION_MATCH_FUZZY
1668850533	50c9509d-22c7-4a22-a47d-8c48425ef4a7	https://www.inaturalist.org/observations/8066017	Fungi	Basidiomycota	Agaricomycetes	Boletales	Boletaceae	Leccinum	Leccinum scabrum		SPECIES	Leccinum scabrum (Bull.) Gray	Leccinum scabrum		CA		Nova Scotia	PRESENT		28eb1a3f-1c15-4a95-931a-4af90ecb574d	45.401317	-64.049147							2017-09-23T15:06:36	23	9	2017	9141390	9141390	HUMAN_OBSERVATION	iNaturalist	Observations	8066017		Cody Chapman	2017-09-24T03:36:14	CC_BY_NC_4_0	Cody Chapman	Cody Chapman			2025-01-14T12:03:55.526Z	StillImage	COORDINATE_ROUNDED;CONTINENT_DERIVED_FROM_COORDINATES;TAXON_MATCH_TAXON_ID_IGNORED
1412706524	21705170-d2b6-42de-8904-c3bca4b83591	CMMF014962	Fungi	Basidiomycota	Agaricomycetes	Boletales	Boletaceae	Leccinum	Leccinum scabrum		SPECIES	Leccinum scabrum (Bull.) Gray	Leccinum scabrum (Bull.) Gray	(Bull.) Gray	CA	Saint-Gédéon, Québec.	Québec	PRESENT		ff7bd5db-b724-4932-b496-10ea298851f9	48.494484	-71.775457	15000.0						1993-08-07	7	8	1993	9141390	9141390	PRESERVED_SPECIMEN	Université de Montréal Biodiversity Centre	CMMF	CMMF014962	998	Guérin, Gérard		CC0_1_0	Université de Montréal Biodiversity Centre	Guérin, Gérard			2024-01-24T16:38:20.791Z	StillImage	INSTITUTION_MATCH_FUZZY;COLLECTION_MATCH_FUZZY;DIFFERENT_OWNER_INSTITUTION
1412706498	21705170-d2b6-42de-8904-c3bca4b83591	CMMF014964	Fungi	Basidiomycota	Agaricomycetes	Boletales	Boletaceae	Leccinum	Leccinum scabrum		SPECIES	Leccinum scabrum (Bull.) Gray	Leccinum scabrum (Bull.) Gray	(Bull.) Gray	CA	LaBaie (Croix), Québec.	Québec	PRESENT		ff7bd5db-b724-4932-b496-10ea298851f9	48.354817	-70.849649	1000.0						1994-09-08	8	9	1994	9141390	9141390	PRESERVED_SPECIMEN	Université de Montréal Biodiversity Centre	CMMF	CMMF014964	999	Guérin, Gérard		CC0_1_0	Université de Montréal Biodiversity Centre	Larouche, Benoît			2024-01-24T16:38:20.792Z	StillImage	INSTITUTION_MATCH_FUZZY;COLLECTION_MATCH_FUZZY;DIFFERENT_OWNER_INSTITUTION
1412706426	21705170-d2b6-42de-8904-c3bca4b83591	CMMF014961	Fungi	Basidiomycota	Agaricomycetes	Boletales	Boletaceae	Leccinum	Leccinum scabrum		SPECIES	Leccinum scabrum (Bull.) Gray	Leccinum scabrum (Bull.) Gray	(Bull.) Gray	CA	Chicoutimi, Québec.	Québec	PRESENT		ff7bd5db-b724-4932-b496-10ea298851f9	48.368277	-71.119642	15000.0						1985-08-27	27	8	1985	9141390	9141390	PRESERVED_SPECIMEN	Université de Montréal Biodiversity Centre	CMMF	CMMF014961	996	Guérin, Gérard		CC0_1_0	Université de Montréal Biodiversity Centre	Latulipe, Jean			2024-01-24T16:38:20.792Z	StillImage	INSTITUTION_MATCH_FUZZY;COLLECTION_MATCH_FUZZY;DIFFERENT_OWNER_INSTITUTION
1412706384	21705170-d2b6-42de-8904-c3bca4b83591	CMMF014963	Fungi	Basidiomycota	Agaricomycetes	Boletales	Boletaceae	Leccinum	Leccinum scabrum		SPECIES	Leccinum scabrum (Bull.) Gray	Leccinum scabrum (Bull.) Gray	(Bull.) Gray	CA	R. Langevin, Chicoutimi, Québec.	Québec	PRESENT		ff7bd5db-b724-4932-b496-10ea298851f9	48.400335	-71.03723	3500.0						1992-07-14	14	7	1992	9141390	9141390	PRESERVED_SPECIMEN	Université de Montréal Biodiversity Centre	CMMF	CMMF014963	997	Guérin, Gérard		CC0_1_0	Université de Montréal Biodiversity Centre	Guérin, Gérard			2024-01-24T16:38:20.791Z	StillImage	INSTITUTION_MATCH_FUZZY;COLLECTION_MATCH_FUZZY;DIFFERENT_OWNER_INSTITUTION
1412704256	21705170-d2b6-42de-8904-c3bca4b83591	CMMF012295	Fungi	Basidiomycota	Agaricomycetes	Boletales	Boletaceae	Leccinum	Leccinum scabrum		SPECIES	Boletus scaber Bull.	Boletus scaber Bull.	Bull.	CA	Granby, Québec.	Québec	PRESENT		ff7bd5db-b724-4932-b496-10ea298851f9	45.4	-72.733333	5000.0						1946-10-01	1	10	1946	5954849	9141390	PRESERVED_SPECIMEN	Université de Montréal Biodiversity Centre	CMMF	CMMF012295	635	Conners, Ibra L.		CC0_1_0	Université de Montréal Biodiversity Centre	Fabius, Fr.			2024-01-24T16:38:20.853Z		INSTITUTION_MATCH_FUZZY;COLLECTION_MATCH_FUZZY;DIFFERENT_OWNER_INSTITUTION
1412703214	21705170-d2b6-42de-8904-c3bca4b83591	CMMF011679	Fungi	Basidiomycota	Agaricomycetes	Boletales	Boletaceae	Leccinum	Leccinum scabrum		SPECIES	Boletus scaber Bull.	Boletus scaber Bull.	Bull.	CA	Sainte-Anne de la Pocatière, Kamouraska, Québec.	Québec	PRESENT		ff7bd5db-b724-4932-b496-10ea298851f9	47.366667	-70.033333	8000.0						1944-09-10	10	9	1944	5954849	9141390	PRESERVED_SPECIMEN	Université de Montréal Biodiversity Centre	CMMF	CMMF011679	18453	Pomerleau, René		CC0_1_0	Université de Montréal Biodiversity Centre	Campagna, Elzéar; Dubé, Lucien			2024-01-24T16:38:18.085Z		INSTITUTION_MATCH_FUZZY;COLLECTION_MATCH_FUZZY;DIFFERENT_OWNER_INSTITUTION
1412703171	21705170-d2b6-42de-8904-c3bca4b83591	CMMF011678	Fungi	Basidiomycota	Agaricomycetes	Boletales	Boletaceae	Leccinum	Leccinum scabrum		SPECIES	Boletus scaber Bull.	Boletus scaber Bull.	Bull.	CA	Sainte-Anne de la Pocatière, Kamouraska, Québec.	Québec	PRESENT		ff7bd5db-b724-4932-b496-10ea298851f9	47.366667	-70.033333	8000.0						1944-09-09	9	9	1944	5954849	9141390	PRESERVED_SPECIMEN	Université de Montréal Biodiversity Centre	CMMF	CMMF011678	18333	Pomerleau, René		CC0_1_0	Université de Montréal Biodiversity Centre	Campagna, Elzéar; Dubé, Lucien			2024-01-24T16:38:18.081Z		INSTITUTION_MATCH_FUZZY;COLLECTION_MATCH_FUZZY;DIFFERENT_OWNER_INSTITUTION
1135069826	21705170-d2b6-42de-8904-c3bca4b83591	CMMF008313	Fungi	Basidiomycota	Agaricomycetes	Boletales	Boletaceae	Leccinum	Leccinum scabrum		SPECIES	Leccinum scabrum (Bull.) Gray	Leccinum scabrum (Bull.) Gray	(Bull.) Gray	CA	Parc de la Gaspésie (sortie sud)	Québec	PRESENT		ff7bd5db-b724-4932-b496-10ea298851f9	48.856883	-66.20075	100.0						2011-08-21	21	8	2011	9141390	9141390	PRESERVED_SPECIMEN	Université de Montréal Biodiversity Centre	CMMF	CMMF008313	C3866	McNeil, Raymond		CC0_1_0	Université de Montréal Biodiversity Centre	McNeil, Raymond			2024-01-24T16:38:17.788Z	StillImage	COORDINATE_ROUNDED;INSTITUTION_MATCH_FUZZY;COLLECTION_MATCH_FUZZY;DIFFERENT_OWNER_INSTITUTION
1135069817	21705170-d2b6-42de-8904-c3bca4b83591	CMMF008302	Fungi	Basidiomycota	Agaricomycetes	Boletales	Boletaceae	Leccinum	Leccinum scabrum		SPECIES	Leccinum scabrum (Bull.) Gray	Leccinum scabrum (Bull.) Gray	(Bull.) Gray	CA	Parc de la Gaspésie (sortie sud)	Québec	PRESENT		ff7bd5db-b724-4932-b496-10ea298851f9	48.856883	-66.20075	100.0						2010-08-10	10	8	2010	9141390	9141390	PRESERVED_SPECIMEN	Université de Montréal Biodiversity Centre	CMMF	CMMF008302	C3697	McNeil, Raymond		CC0_1_0	Université de Montréal Biodiversity Centre	McNeil, Raymond			2024-01-24T16:38:17.794Z	StillImage	COORDINATE_ROUNDED;INSTITUTION_MATCH_FUZZY;COLLECTION_MATCH_FUZZY;DIFFERENT_OWNER_INSTITUTION
1135069754	21705170-d2b6-42de-8904-c3bca4b83591	CMMF008248	Fungi	Basidiomycota	Agaricomycetes	Boletales	Boletaceae	Leccinum	Leccinum scabrum		SPECIES	Leccinum scabrum (Bull.) Gray	Leccinum scabrum (Bull.) Gray	(Bull.) Gray	CA	Parc de la Gaspésie (sortie sud)	Québec	PRESENT		ff7bd5db-b724-4932-b496-10ea298851f9	48.856583	-66.19265	100.0						2011-08-18	18	8	2011	9141390	9141390	PRESERVED_SPECIMEN	Université de Montréal Biodiversity Centre	CMMF	CMMF008248	C3851	McNeil, Raymond		CC0_1_0	Université de Montréal Biodiversity Centre	McNeil, Raymond			2024-01-24T16:38:18.317Z	StillImage	COORDINATE_ROUNDED;INSTITUTION_MATCH_FUZZY;COLLECTION_MATCH_FUZZY;DIFFERENT_OWNER_INSTITUTION
1135069744	21705170-d2b6-42de-8904-c3bca4b83591	CMMF008247	Fungi	Basidiomycota	Agaricomycetes	Boletales	Boletaceae	Leccinum	Leccinum scabrum		SPECIES	Leccinum scabrum (Bull.) Gray	Leccinum scabrum (Bull.) Gray	(Bull.) Gray	CA	Parc de la Gaspésie (sortie sud)	Québec	PRESENT		ff7bd5db-b724-4932-b496-10ea298851f9	48.856583	-66.19265	100.0						2011-08-18	18	8	2011	9141390	9141390	PRESERVED_SPECIMEN	Université de Montréal Biodiversity Centre	CMMF	CMMF008247	C3850	McNeil, Raymond		CC0_1_0	Université de Montréal Biodiversity Centre	McNeil, Raymond			2024-01-24T16:38:18.303Z	StillImage	COORDINATE_ROUNDED;INSTITUTION_MATCH_FUZZY;COLLECTION_MATCH_FUZZY;DIFFERENT_OWNER_INSTITUTION
1135069387	21705170-d2b6-42de-8904-c3bca4b83591	CMMF007887	Fungi	Basidiomycota	Agaricomycetes	Boletales	Boletaceae	Leccinum	Leccinum scabrum		SPECIES	Leccinum scabrum (Bull.) Gray	Leccinum scabrum (Bull.) Gray	(Bull.) Gray	CA	St-Paul-de-Montmigny	Québec	PRESENT		ff7bd5db-b724-4932-b496-10ea298851f9	46.71545	-70.289383	100.0						2013-07-01	1	7	2013	9141390	9141390	PRESERVED_SPECIMEN	Université de Montréal Biodiversity Centre	CMMF	CMMF007887	C4191	McNeil, Raymond		CC0_1_0	Université de Montréal Biodiversity Centre	McNeil, Raymond			2024-01-24T16:38:14.803Z	StillImage	COORDINATE_ROUNDED;INSTITUTION_MATCH_FUZZY;COLLECTION_MATCH_FUZZY;DIFFERENT_OWNER_INSTITUTION
1135068605	21705170-d2b6-42de-8904-c3bca4b83591	CMMF007161	Fungi	Basidiomycota	Agaricomycetes	Boletales	Boletaceae	Leccinum	Leccinum scabrum		SPECIES	Leccinum scabrum (Bull.) Gray	Leccinum scabrum (Bull.) Gray	(Bull.) Gray	CA	Mirabel (Chemin de la Rivière du Nord)	Québec	PRESENT		ff7bd5db-b724-4932-b496-10ea298851f9	45.683917	-74.2185	100.0						2008-08-15	15	8	2008	9141390	9141390	PRESERVED_SPECIMEN	Université de Montréal Biodiversity Centre	CMMF	CMMF007161	C3393	McNeil, Raymond		CC0_1_0	Université de Montréal Biodiversity Centre	McNeil, Raymond			2024-01-24T16:38:21.049Z	StillImage	COORDINATE_ROUNDED;INSTITUTION_MATCH_FUZZY;COLLECTION_MATCH_FUZZY;DIFFERENT_OWNER_INSTITUTION
