gbifID	datasetKey	occurrenceID	kingdom	phylum	class	order	family	genus	species	infraspecificEpithet	taxonRank	scientificName	verbatimScientificName	verbatimScientificNameAuthorship	countryCode	locality	stateProvince	occurrenceStatus	individualCount	publishingOrgKey	decimalLatitude	decimalLongitude	coordinateUncertaintyInMeters	coordinatePrecision	elevation	elevationAccuracy	depth	depthAccuracy	eventDate	day	month	year	taxonKey	speciesKey	basisOfRecord	institutionCode	collectionCode	catalogNumber	recordNumber	identifiedBy	dateIdentified	license	rightsHolder	recordedBy	typeStatus	establishmentMeans	lastInterpreted	mediaType	issue
694157290	d7cfd2ed-8af4-427f-a16e-eb66b7e2c419	15769	Fungi	Basidiomycota	Agaricomycetes	Polyporales	Irpicaceae	Vitreoporus	Vitreoporus dichrous		SPECIES	Gloeoporus dichrous (Fr.) Bres.	Gloeoporus dichrous (Fr.) Bres.	(Fr.) Bres.	CA	Chalk River	Ontario	PRESENT		ff418020-1d67-11d9-8435-b8a03c50a862	46.021045	-77.454472	2103.0						1953-10-05	5	10	1953	2544588	10719947	PRESERVED_SPECIMEN	Royal Ontario Museum	TRTC	TRTC030072		Cain, R.F.		CC0_1_0	Royal Ontario Museum	Cain, R.F.			2024-01-25T00:59:40.711Z		COORDINATE_ROUNDED;AMBIGUOUS_INSTITUTION
694157254	d7cfd2ed-8af4-427f-a16e-eb66b7e2c419	15452	Fungi	Basidiomycota	Agaricomycetes	Polyporales	Irpicaceae	Vitreoporus	Vitreoporus dichrous		SPECIES	Gloeoporus dichrous (Fr.) Bres.	Gloeoporus dichrous (Fr.) Bres.	(Fr.) Bres.	CA	University of Toronto Forest	Ontario	PRESENT		ff418020-1d67-11d9-8435-b8a03c50a862	45.183005	-78.85025	7575.0						1967-09-14	14	9	1967	2544588	10719947	PRESERVED_SPECIMEN	Royal Ontario Museum	TRTC	TRTC050123		Cain, R.F.		CC0_1_0	Royal Ontario Museum	Cain, R.F.			2024-01-25T00:59:40.288Z		COORDINATE_ROUNDED;AMBIGUOUS_INSTITUTION
694157217	d7cfd2ed-8af4-427f-a16e-eb66b7e2c419	15289	Fungi	Basidiomycota	Agaricomycetes	Polyporales	Irpicaceae	Vitreoporus	Vitreoporus dichrous		SPECIES	Gloeoporus dichrous (Fr.) Bres.	Gloeoporus dichrous (Fr.) Bres.	(Fr.) Bres.	CA	Sand Lake area	Ontario	PRESENT		ff418020-1d67-11d9-8435-b8a03c50a862	45.150357	-78.850486	705.0						1961-09-15	15	9	1961	2544588	10719947	PRESERVED_SPECIMEN	Royal Ontario Museum	TRTC	TRTC038227		Lemke, P.A.		CC0_1_0	Royal Ontario Museum	Cain, R.F. et al			2024-01-25T00:59:39.449Z		COORDINATE_ROUNDED;AMBIGUOUS_INSTITUTION
694157211	d7cfd2ed-8af4-427f-a16e-eb66b7e2c419	15172	Fungi	Basidiomycota	Agaricomycetes	Polyporales	Irpicaceae	Vitreoporus	Vitreoporus dichrous		SPECIES	Gloeoporus dichrous (Fr.) Bres.	Gloeoporus dichrous (Fr.) Bres.	(Fr.) Bres.	CA	Oxbow Lake	Ontario	PRESENT		ff418020-1d67-11d9-8435-b8a03c50a862	45.436105	-78.96698	1427.0						1941-08-17	17	8	1941	2544588	10719947	PRESERVED_SPECIMEN	Royal Ontario Museum	TRTC	TRTC018290		Cain, R.F.		CC0_1_0	Royal Ontario Museum	Cain, R.F.			2024-01-25T00:59:39.319Z		COORDINATE_ROUNDED;AMBIGUOUS_INSTITUTION
694156923	d7cfd2ed-8af4-427f-a16e-eb66b7e2c419	13630	Fungi	Basidiomycota	Agaricomycetes	Polyporales	Irpicaceae	Vitreoporus	Vitreoporus dichrous		SPECIES	Gloeoporus dichrous (Fr.) Bres.	Gloeoporus dichrous (Fr.) Bres.	(Fr.) Bres.	CA	Algonquin Provincial Park, Opeongo Lake	Ontario	PRESENT		ff418020-1d67-11d9-8435-b8a03c50a862	45.698027	-78.369598	8499.0						1952-09-23	23	9	1952	2544588	10719947	PRESERVED_SPECIMEN	Royal Ontario Museum	TRTC	TRTC161363				CC0_1_0	Royal Ontario Museum	Barlow, C.A.			2024-01-25T00:59:41.514Z		COORDINATE_ROUNDED;AMBIGUOUS_INSTITUTION
694156793	d7cfd2ed-8af4-427f-a16e-eb66b7e2c419	12837	Fungi	Basidiomycota	Agaricomycetes	Polyporales	Irpicaceae	Vitreoporus	Vitreoporus dichrous		SPECIES	Gloeoporus dichrous (Fr.) Bres.	Gloeoporus dichrous (Fr.) Bres.	(Fr.) Bres.	CA	Algonquin Provincial Park, Opeongo Lake	Ontario	PRESENT		ff418020-1d67-11d9-8435-b8a03c50a862	45.698027	-78.369598	8499.0						1952-09-23	23	9	1952	2544588	10719947	PRESERVED_SPECIMEN	Royal Ontario Museum	TRTC	TRTC023895		Cain, R.F.		CC0_1_0	Royal Ontario Museum	Cain, R.F.			2024-01-25T00:59:39.146Z		COORDINATE_ROUNDED;AMBIGUOUS_INSTITUTION
694156728	d7cfd2ed-8af4-427f-a16e-eb66b7e2c419	12076	Fungi	Basidiomycota	Agaricomycetes	Polyporales	Irpicaceae	Vitreoporus	Vitreoporus dichrous		SPECIES	Gloeoporus dichrous (Fr.) Bres.	Gloeoporus dichrous (Fr.) Bres.	(Fr.) Bres.	CA	Algonquin Provincial Park	Ontario	PRESENT		ff418020-1d67-11d9-8435-b8a03c50a862	45.759859	-78.376465	67511.0						1938-08-20	20	8	1938	2544588	10719947	PRESERVED_SPECIMEN	Royal Ontario Museum	TRTC	TRTC015639		Sprules, W.M.		CC0_1_0	Royal Ontario Museum	Sprules, W.M.			2024-01-25T00:59:41.024Z		COORDINATE_ROUNDED;AMBIGUOUS_INSTITUTION
617548837	21705170-d2b6-42de-8904-c3bca4b83591	CMMF001582	Fungi	Basidiomycota	Agaricomycetes	Polyporales	Irpicaceae	Vitreoporus	Vitreoporus dichrous		SPECIES	Gloeoporus dichrous (Fr.) Bres.	Gloeoporus dichrous (Fr.) Bres.	(Fr.) Bres.	CA	Longueuil	Québec	PRESENT		ff7bd5db-b724-4932-b496-10ea298851f9	45.544154	-73.477185	5000.0						1991-10-12	12	10	1991	2544588	10719947	PRESERVED_SPECIMEN	Université de Montréal Biodiversity Centre	CMMF	CMMF001582		Lamoureux, Yves		CC0_1_0	Université de Montréal Biodiversity Centre	Audet, Serge			2024-01-24T16:38:17.649Z	StillImage	INSTITUTION_MATCH_FUZZY;COLLECTION_MATCH_FUZZY;DIFFERENT_OWNER_INSTITUTION
4994032584	50c9509d-22c7-4a22-a47d-8c48425ef4a7	https://www.inaturalist.org/observations/254354349	Fungi	Basidiomycota	Agaricomycetes	Polyporales	Irpicaceae	Vitreoporus	Vitreoporus dichrous		SPECIES	Gloeoporus dichrous (Fr.) Bres.	Gloeoporus dichrous		CA		Ontario	PRESENT		28eb1a3f-1c15-4a95-931a-4af90ecb574d	45.409011	-75.547367	183.0						2024-12-06T12:42	6	12	2024	2544588	10719947	HUMAN_OBSERVATION	iNaturalist	Observations	254354349		Heather Pickard	2024-12-07T01:15:08	CC_BY_NC_4_0	Heather Pickard	Heather Pickard			2025-01-14T12:53:49.936Z	StillImage	COORDINATE_ROUNDED;CONTINENT_DERIVED_FROM_COORDINATES;TAXON_MATCH_TAXON_ID_IGNORED
4987698697	50c9509d-22c7-4a22-a47d-8c48425ef4a7	https://www.inaturalist.org/observations/252675246	Fungi	Basidiomycota	Agaricomycetes	Polyporales	Irpicaceae	Vitreoporus	Vitreoporus dichrous		SPECIES	Gloeoporus dichrous (Fr.) Bres.	Gloeoporus dichrous		CA		Québec	PRESENT		28eb1a3f-1c15-4a95-931a-4af90ecb574d	45.037455	-74.071997	1953.0						2024-08-20T15:46	20	8	2024	2544588	10719947	HUMAN_OBSERVATION	iNaturalist	Observations	252675246		Annabelle Langlois	2024-11-23T03:43:05	CC_BY_NC_4_0	Annabelle Langlois	Annabelle Langlois			2025-01-14T13:43:56.031Z	StillImage	COORDINATE_ROUNDED;CONTINENT_DERIVED_FROM_COORDINATES;TAXON_MATCH_TAXON_ID_IGNORED
4978324031	50c9509d-22c7-4a22-a47d-8c48425ef4a7	https://www.inaturalist.org/observations/249797785	Fungi	Basidiomycota	Agaricomycetes	Polyporales	Irpicaceae	Vitreoporus	Vitreoporus dichrous		SPECIES	Gloeoporus dichrous (Fr.) Bres.	Gloeoporus dichrous		CA		Ontario	PRESENT		28eb1a3f-1c15-4a95-931a-4af90ecb574d	45.373394	-75.791047	4.0						2024-10-30T13:31	30	10	2024	2544588	10719947	HUMAN_OBSERVATION	iNaturalist	Observations	249797785		Deborah Mosher	2024-10-30T20:04:19	CC_BY_NC_4_0	Deborah Mosher	Deborah Mosher			2025-01-14T12:52:28.233Z	StillImage	COORDINATE_ROUNDED;CONTINENT_DERIVED_FROM_COORDINATES;TAXON_MATCH_TAXON_ID_IGNORED
4952812406	50c9509d-22c7-4a22-a47d-8c48425ef4a7	https://www.inaturalist.org/observations/244209189	Fungi	Basidiomycota	Agaricomycetes	Polyporales	Irpicaceae	Vitreoporus	Vitreoporus dichrous		SPECIES	Gloeoporus dichrous (Fr.) Bres.	Gloeoporus dichrous		CA		Ontario	PRESENT		28eb1a3f-1c15-4a95-931a-4af90ecb574d	45.370394	-75.796561	5.0						2024-09-26T15:54	26	9	2024	2544588	10719947	HUMAN_OBSERVATION	iNaturalist	Observations	244209189		Deborah Mosher	2024-09-26T22:13:42	CC_BY_NC_4_0	Deborah Mosher	Deborah Mosher			2025-01-14T13:43:44.064Z	StillImage	COORDINATE_ROUNDED;CONTINENT_DERIVED_FROM_COORDINATES;TAXON_MATCH_TAXON_ID_IGNORED
4872456779	50c9509d-22c7-4a22-a47d-8c48425ef4a7	https://www.inaturalist.org/observations/214491092	Fungi	Basidiomycota	Agaricomycetes	Polyporales	Irpicaceae	Vitreoporus	Vitreoporus dichrous		SPECIES	Gloeoporus dichrous (Fr.) Bres.	Gloeoporus dichrous		CA		Québec	PRESENT		28eb1a3f-1c15-4a95-931a-4af90ecb574d	45.617563	-75.0699	3.0						2024-05-08T15:17:59	8	5	2024	2544588	10719947	HUMAN_OBSERVATION	iNaturalist	Observations	214491092		Ariel Bonkoski	2024-05-23T08:37:25	CC_BY_NC_4_0	rebgiroux	rebgiroux			2025-01-14T13:40:36.605Z	StillImage	COORDINATE_ROUNDED;CONTINENT_DERIVED_FROM_COORDINATES;TAXON_MATCH_TAXON_ID_IGNORED
4872022185	50c9509d-22c7-4a22-a47d-8c48425ef4a7	https://www.inaturalist.org/observations/158941981	Fungi	Basidiomycota	Agaricomycetes	Polyporales	Irpicaceae	Vitreoporus	Vitreoporus dichrous		SPECIES	Gloeoporus dichrous (Fr.) Bres.	Gloeoporus dichrous		CA		Québec	PRESENT		28eb1a3f-1c15-4a95-931a-4af90ecb574d	45.506363	-73.763548	2804.0						2022-11-28	28	11	2022	2544588	10719947	HUMAN_OBSERVATION	iNaturalist	Observations	158941981		Ariel Bonkoski	2024-05-24T02:37:09	CC_BY_NC_4_0	Lukas Kramosch	Lukas Kramosch			2025-01-14T13:29:40.512Z	StillImage	COORDINATE_ROUNDED;CONTINENT_DERIVED_FROM_COORDINATES;TAXON_MATCH_TAXON_ID_IGNORED
4518977112	50c9509d-22c7-4a22-a47d-8c48425ef4a7	https://www.inaturalist.org/observations/195491776	Fungi	Basidiomycota	Agaricomycetes	Polyporales	Irpicaceae	Vitreoporus	Vitreoporus dichrous		SPECIES	Gloeoporus dichrous (Fr.) Bres.	Gloeoporus dichrous		CA		Ontario	PRESENT		28eb1a3f-1c15-4a95-931a-4af90ecb574d	45.319339	-75.579597	4.0						2024-01-01T11:29	1	1	2024	2544588	10719947	HUMAN_OBSERVATION	iNaturalist	Observations	195491776		Ariel Bonkoski	2024-02-06T06:50:50	CC_BY_NC_4_0	Ray Snook	Ray Snook			2025-01-14T12:42:49.286Z	StillImage	COORDINATE_ROUNDED;CONTINENT_DERIVED_FROM_COORDINATES;TAXON_MATCH_TAXON_ID_IGNORED
4510108318	50c9509d-22c7-4a22-a47d-8c48425ef4a7	https://www.inaturalist.org/observations/190826580	Fungi	Basidiomycota	Agaricomycetes	Polyporales	Irpicaceae	Vitreoporus	Vitreoporus dichrous		SPECIES	Gloeoporus dichrous (Fr.) Bres.	Gloeoporus dichrous		CA		Ontario	PRESENT		28eb1a3f-1c15-4a95-931a-4af90ecb574d	45.370987	-75.789573	262.0						2023-11-12T07:51:15	12	11	2023	2544588	10719947	HUMAN_OBSERVATION	iNaturalist	Observations	190826580		Nina	2023-11-12T19:46:35	CC_BY_NC_4_0	Nina	Nina			2025-01-14T12:42:57.486Z	StillImage	COORDINATE_ROUNDED;CONTINENT_DERIVED_FROM_COORDINATES;TAXON_MATCH_TAXON_ID_IGNORED
4438903686	50c9509d-22c7-4a22-a47d-8c48425ef4a7	https://www.inaturalist.org/observations/189900538	Fungi	Basidiomycota	Agaricomycetes	Polyporales	Irpicaceae	Vitreoporus	Vitreoporus dichrous		SPECIES	Gloeoporus dichrous (Fr.) Bres.	Gloeoporus dichrous		CA		Ontario	PRESENT		28eb1a3f-1c15-4a95-931a-4af90ecb574d	45.307946	-75.817798	189.0						2023-11-03T11:45	3	11	2023	2544588	10719947	HUMAN_OBSERVATION	iNaturalist	Observations	189900538		L Joan Heyding	2023-11-03T23:10:29	CC_BY_NC_4_0	L Joan Heyding	L Joan Heyding			2025-01-14T13:35:34.726Z	StillImage	COORDINATE_ROUNDED;CONTINENT_DERIVED_FROM_COORDINATES;TAXON_MATCH_TAXON_ID_IGNORED
4430756636	50c9509d-22c7-4a22-a47d-8c48425ef4a7	https://www.inaturalist.org/observations/188499894	Fungi	Basidiomycota	Agaricomycetes	Polyporales	Irpicaceae	Vitreoporus	Vitreoporus dichrous		SPECIES	Gloeoporus dichrous (Fr.) Bres.	Gloeoporus dichrous		CA		Ontario	PRESENT		28eb1a3f-1c15-4a95-931a-4af90ecb574d	45.298592	-75.82058	5.0						2023-10-21T08:09:34	21	10	2023	2544588	10719947	HUMAN_OBSERVATION	iNaturalist	Observations	188499894		Nina	2023-10-22T10:41:39	CC_BY_NC_4_0	Nina	Nina			2025-01-14T13:28:22.883Z	StillImage	COORDINATE_ROUNDED;CONTINENT_DERIVED_FROM_COORDINATES;TAXON_MATCH_TAXON_ID_IGNORED
4177263050	50c9509d-22c7-4a22-a47d-8c48425ef4a7	https://www.inaturalist.org/observations/178058400	Fungi	Basidiomycota	Agaricomycetes	Polyporales	Irpicaceae	Vitreoporus	Vitreoporus dichrous		SPECIES	Gloeoporus dichrous (Fr.) Bres.	Gloeoporus dichrous		CA		Québec	PRESENT		28eb1a3f-1c15-4a95-931a-4af90ecb574d	45.421728	-75.834504	61.0						2023-08-12T12:00	12	8	2023	2544588	10719947	HUMAN_OBSERVATION	iNaturalist	Observations	178058400		Lynn Ovenden	2023-08-12T20:41:25	CC_BY_NC_4_0	Lynn Ovenden	Lynn Ovenden			2025-01-14T12:39:53.976Z	StillImage	COORDINATE_ROUNDED;CONTINENT_DERIVED_FROM_COORDINATES;TAXON_MATCH_TAXON_ID_IGNORED
4137739438	50c9509d-22c7-4a22-a47d-8c48425ef4a7	https://www.inaturalist.org/observations/95342052	Fungi	Basidiomycota	Agaricomycetes	Polyporales	Irpicaceae	Vitreoporus	Vitreoporus dichrous		SPECIES	Gloeoporus dichrous (Fr.) Bres.	Gloeoporus dichrous		CA		Québec	PRESENT		28eb1a3f-1c15-4a95-931a-4af90ecb574d	45.607094	-75.114274	1597.0						2021-09-18T17:06:21	18	9	2021	2544588	10719947	HUMAN_OBSERVATION	iNaturalist	Observations	95342052		Ariel Bonkoski	2023-06-05T06:17:50	CC_BY_NC_4_0	Myca	Myca			2025-01-14T13:15:09.819Z	StillImage	COORDINATE_ROUNDED;CONTINENT_DERIVED_FROM_COORDINATES;TAXON_MATCH_TAXON_ID_IGNORED
4116080881	50c9509d-22c7-4a22-a47d-8c48425ef4a7	https://www.inaturalist.org/observations/161302272	Fungi	Basidiomycota	Agaricomycetes	Polyporales	Irpicaceae	Vitreoporus	Vitreoporus dichrous		SPECIES	Gloeoporus dichrous (Fr.) Bres.	Gloeoporus dichrous		CA		Ontario	PRESENT		28eb1a3f-1c15-4a95-931a-4af90ecb574d	45.320539	-75.584464	798.0						2023-05-12T16:52	12	5	2023	2544588	10719947	HUMAN_OBSERVATION	iNaturalist	Observations	161302272		Ray Snook	2023-05-12T21:51:13	CC_BY_NC_4_0	Ray Snook	Ray Snook			2025-01-14T13:29:59.886Z	StillImage	COORDINATE_ROUNDED;CONTINENT_DERIVED_FROM_COORDINATES;TAXON_MATCH_TAXON_ID_IGNORED
4100034714	d1a3b128-b406-46bb-a6d1-f3591dcc8a7b	dab336b0-470d-473f-b19f-d3e91cf6e2dd	Fungi	Basidiomycota	Agaricomycetes	Polyporales	Irpicaceae	Vitreoporus	Vitreoporus dichrous		SPECIES	Polyporus dichrous Fr.	Polyporus dichrous	Fr.	CA	Iberville	Quebec	PRESENT		e43cf4b8-849e-4fac-b075-e652d019d2cf	45.25	-73.166667	301.0						1951-01-11	11	1	1951	5245935	10719947	PRESERVED_SPECIMEN	BPI		BPI 207565		Stevenson J. A.		CC0_1_0		Marie-anselme			2025-01-15T04:59:22.738Z		GEODETIC_DATUM_ASSUMED_WGS84;CONTINENT_DERIVED_FROM_COORDINATES;TAXON_MATCH_TAXON_ID_IGNORED;INSTITUTION_MATCH_FUZZY
4099871704	d1a3b128-b406-46bb-a6d1-f3591dcc8a7b	f3c19156-8dcb-4167-b57d-ee74d53a804e	Fungi	Basidiomycota	Agaricomycetes	Polyporales	Irpicaceae	Vitreoporus	Vitreoporus dichrous		SPECIES	Polyporus dichrous Fr.	Polyporus dichrous	Fr.	CA	Ottawa	Ontario	PRESENT		e43cf4b8-849e-4fac-b075-e652d019d2cf	45.416667	-75.7	52150.0						1883-10-05	5	10	1883	5245935	10719947	PRESERVED_SPECIMEN	BPI		BPI 207506	60			CC0_1_0		MACOUN			2025-01-15T04:59:22.693Z		GEODETIC_DATUM_ASSUMED_WGS84;CONTINENT_DERIVED_FROM_COORDINATES;TAXON_MATCH_TAXON_ID_IGNORED;INSTITUTION_MATCH_FUZZY
4099871674	d1a3b128-b406-46bb-a6d1-f3591dcc8a7b	f80f99ba-4e94-45c7-8237-440b7a84cddd	Fungi	Basidiomycota	Agaricomycetes	Polyporales	Irpicaceae	Vitreoporus	Vitreoporus dichrous		SPECIES	Polyporus dichrous Fr.	Polyporus dichrous	Fr.	CA	Dorset	Ontario	PRESENT		e43cf4b8-849e-4fac-b075-e652d019d2cf	45.233333	-78.883333	3036.0						1948-09-25	25	9	1948	5245935	10719947	PRESERVED_SPECIMEN	BPI		BPI 207283		Nordin V. J.		CC0_1_0		Nordin V. J.			2025-01-15T04:59:22.685Z		GEODETIC_DATUM_ASSUMED_WGS84;CONTINENT_DERIVED_FROM_COORDINATES;TAXON_MATCH_TAXON_ID_IGNORED;INSTITUTION_MATCH_FUZZY
4099865670	d1a3b128-b406-46bb-a6d1-f3591dcc8a7b	5da9afc7-11d5-4754-a753-365ffca3ab94	Fungi	Basidiomycota	Agaricomycetes	Polyporales	Irpicaceae	Vitreoporus	Vitreoporus dichrous		SPECIES	Polyporus dichrous Fr.	Polyporus dichrous	Fr.	CA	Dorset	Ontario	PRESENT		e43cf4b8-849e-4fac-b075-e652d019d2cf	45.233333	-78.883333	3036.0						1948-06-29	29	6	1948	5245935	10719947	PRESERVED_SPECIMEN	BPI		BPI 207325		Larsen M. J.		CC0_1_0		Nordin V. J.			2025-01-15T04:59:22.750Z		GEODETIC_DATUM_ASSUMED_WGS84;CONTINENT_DERIVED_FROM_COORDINATES;TAXON_MATCH_TAXON_ID_IGNORED;INSTITUTION_MATCH_FUZZY
4099628720	d1a3b128-b406-46bb-a6d1-f3591dcc8a7b	e175fab8-8a7c-4b5e-8877-592b25f231ba	Fungi	Basidiomycota	Agaricomycetes	Polyporales	Irpicaceae	Vitreoporus	Vitreoporus dichrous		SPECIES	Polyporus dichrous Fr.	Polyporus dichrous	Fr.	CA	O'dell Forest, Fredericton	New Brunswick	PRESENT		e43cf4b8-849e-4fac-b075-e652d019d2cf	45.952771	-66.670384	1093.0						1946-09-27	27	9	1946	5245935	10719947	PRESERVED_SPECIMEN	BPI		BPI 207831		Hansbrough J. R.		CC0_1_0		Hansbrough J. R.			2025-01-15T04:59:22.773Z		CONTINENT_DERIVED_FROM_COORDINATES;TAXON_MATCH_TAXON_ID_IGNORED;INSTITUTION_MATCH_FUZZY
4099388688	d1a3b128-b406-46bb-a6d1-f3591dcc8a7b	b4199d49-4c7b-4b58-a13c-0c93bb632fa1	Fungi	Basidiomycota	Agaricomycetes	Polyporales	Irpicaceae	Vitreoporus	Vitreoporus dichrous		SPECIES	Polyporus dichrous Fr.	Polyporus dichrous	Fr.	CA	Ottawa	Ontario	PRESENT		e43cf4b8-849e-4fac-b075-e652d019d2cf	45.416667	-75.7	52150.0						1883-10-06	6	10	1883	5245935	10719947	PRESERVED_SPECIMEN	BPI		BPI 207549	62			CC0_1_0		MACOUN			2025-01-15T04:59:22.647Z		GEODETIC_DATUM_ASSUMED_WGS84;CONTINENT_DERIVED_FROM_COORDINATES;TAXON_MATCH_TAXON_ID_IGNORED;INSTITUTION_MATCH_FUZZY
4099380663	d1a3b128-b406-46bb-a6d1-f3591dcc8a7b	2d093b34-0030-47db-ab40-465d67d29bfd	Fungi	Basidiomycota	Agaricomycetes	Polyporales	Irpicaceae	Vitreoporus	Vitreoporus dichrous		SPECIES	Polyporus dichrous Fr.	Polyporus dichrous	Fr.	CA	Dorset	Ontario	PRESENT		e43cf4b8-849e-4fac-b075-e652d019d2cf	45.233333	-78.883333	3036.0						1950-07		7	1950	5245935	10719947	PRESERVED_SPECIMEN	BPI		BPI 207284		MACRAE R.		CC0_1_0		Dance B. W.			2025-01-15T04:59:22.618Z		GEODETIC_DATUM_ASSUMED_WGS84;CONTINENT_DERIVED_FROM_COORDINATES;TAXON_MATCH_TAXON_ID_IGNORED;INSTITUTION_MATCH_FUZZY
3966694396	50c9509d-22c7-4a22-a47d-8c48425ef4a7	https://www.inaturalist.org/observations/112615350	Fungi	Basidiomycota	Agaricomycetes	Polyporales	Irpicaceae	Vitreoporus	Vitreoporus dichrous		SPECIES	Gloeoporus dichrous (Fr.) Bres.	Gloeoporus dichrous		CA		Ontario	PRESENT		28eb1a3f-1c15-4a95-931a-4af90ecb574d	45.451037	-75.547118	56.0						2022-04-23T15:10	23	4	2022	2544588	10719947	HUMAN_OBSERVATION	iNaturalist	Observations	112615350		jonathan_mack	2022-04-24T02:06:27	CC_BY_NC_4_0	jonathan_mack	jonathan_mack			2025-01-14T12:29:33.452Z	StillImage	COORDINATE_ROUNDED;CONTINENT_DERIVED_FROM_COORDINATES;TAXON_MATCH_TAXON_ID_IGNORED
3966450511	50c9509d-22c7-4a22-a47d-8c48425ef4a7	https://www.inaturalist.org/observations/134418256	Fungi	Basidiomycota	Agaricomycetes	Polyporales	Irpicaceae	Vitreoporus	Vitreoporus dichrous		SPECIES	Gloeoporus dichrous (Fr.) Bres.	Gloeoporus dichrous		CA		Québec	PRESENT		28eb1a3f-1c15-4a95-931a-4af90ecb574d	45.658869	-75.672736	7.0						2022-09-10T09:27:09	10	9	2022	2544588	10719947	HUMAN_OBSERVATION	iNaturalist	Observations	134418256		Anthony Gaston	2022-09-10T13:36:08	CC_BY_NC_4_0	Anthony Gaston	Anthony Gaston			2025-01-14T12:33:40.635Z	StillImage	COORDINATE_ROUNDED;CONTINENT_DERIVED_FROM_COORDINATES;TAXON_MATCH_TAXON_ID_IGNORED
3966439389	50c9509d-22c7-4a22-a47d-8c48425ef4a7	https://www.inaturalist.org/observations/110122921	Fungi	Basidiomycota	Agaricomycetes	Polyporales	Irpicaceae	Vitreoporus	Vitreoporus dichrous		SPECIES	Gloeoporus dichrous (Fr.) Bres.	Gloeoporus dichrous		CA		Ontario	PRESENT		28eb1a3f-1c15-4a95-931a-4af90ecb574d	45.370861	-75.791298	75.0						2022-04-01T17:17:04	1	4	2022	2544588	10719947	HUMAN_OBSERVATION	iNaturalist	Observations	110122921		Nina	2022-04-01T21:17:30	CC_BY_NC_4_0	Nina	Nina			2025-01-14T12:26:50.082Z	StillImage	COORDINATE_ROUNDED;CONTINENT_DERIVED_FROM_COORDINATES;TAXON_MATCH_TAXON_ID_IGNORED
3965640623	0ec61c42-6eda-441e-b327-7ec241c8ec95	c121e222-8dc3-4833-adde-ef38565c4b10	Fungi	Basidiomycota	Agaricomycetes	Polyporales	Irpicaceae	Vitreoporus	Vitreoporus dichrous		SPECIES	Polyporus dichrous Fr.	Polyporus dichrous	Fr.	CA	Chalk River	Ontario	PRESENT		00ff478a-9da6-4c8d-b60d-43ee8c88cd1f	46.0167	-77.45							1953-10-05	5	10	1953	5245935	10719947	PRESERVED_SPECIMEN	WSP	WSP	WSP43302		R.F. Cain		CC_BY_4_0		R.F. Cain			2025-01-15T08:29:35.099Z		GEODETIC_DATUM_ASSUMED_WGS84;CONTINENT_DERIVED_FROM_COORDINATES;TAXON_MATCH_TAXON_ID_IGNORED;AMBIGUOUS_COLLECTION;INSTITUTION_MATCH_FUZZY
3947143701	50c9509d-22c7-4a22-a47d-8c48425ef4a7	https://www.inaturalist.org/observations/139022787	Fungi	Basidiomycota	Agaricomycetes	Polyporales	Irpicaceae	Vitreoporus	Vitreoporus dichrous		SPECIES	Gloeoporus dichrous (Fr.) Bres.	Gloeoporus dichrous		CA		Ontario	PRESENT		28eb1a3f-1c15-4a95-931a-4af90ecb574d	45.319808	-75.580581	4.0						2022-10-16T12:51	16	10	2022	2544588	10719947	HUMAN_OBSERVATION	iNaturalist	Observations	139022787		Ray Snook	2022-10-16T20:06:26	CC_BY_NC_4_0	Ray Snook	Ray Snook			2025-01-14T12:32:45.195Z	StillImage	COORDINATE_ROUNDED;CONTINENT_DERIVED_FROM_COORDINATES;TAXON_MATCH_TAXON_ID_IGNORED
3860741184	50c9509d-22c7-4a22-a47d-8c48425ef4a7	https://www.inaturalist.org/observations/123563517	Fungi	Basidiomycota	Agaricomycetes	Polyporales	Irpicaceae	Vitreoporus	Vitreoporus dichrous		SPECIES	Gloeoporus dichrous (Fr.) Bres.	Gloeoporus dichrous		CA		Ontario	PRESENT		28eb1a3f-1c15-4a95-931a-4af90ecb574d	45.349012	-75.38797	10601.0						2022-06-23T09:52:17	23	6	2022	2544588	10719947	HUMAN_OBSERVATION	iNaturalist	Observations	123563517		Lynn Ovenden	2022-06-26T17:47:14	CC_BY_NC_4_0	Lynn Ovenden	Lynn Ovenden			2025-01-14T12:29:42.401Z	StillImage	COORDINATE_ROUNDED;CONTINENT_DERIVED_FROM_COORDINATES;TAXON_MATCH_TAXON_ID_IGNORED
3764349736	50c9509d-22c7-4a22-a47d-8c48425ef4a7	https://www.inaturalist.org/observations/112615279	Fungi	Basidiomycota	Agaricomycetes	Polyporales	Irpicaceae	Vitreoporus	Vitreoporus dichrous		SPECIES	Gloeoporus dichrous (Fr.) Bres.	Gloeoporus dichrous		CA		Ontario	PRESENT		28eb1a3f-1c15-4a95-931a-4af90ecb574d	45.455214	-75.574928	27158.0						2022-04-23T14:15	23	4	2022	2544588	10719947	HUMAN_OBSERVATION	iNaturalist	Observations	112615279		L Joan Heyding	2022-04-24T02:06:07	CC_BY_NC_4_0	L Joan Heyding	L Joan Heyding			2025-01-14T12:27:05.974Z	StillImage	COORDINATE_ROUNDED;CONTINENT_DERIVED_FROM_COORDINATES;TAXON_MATCH_TAXON_ID_IGNORED
3760025792	50c9509d-22c7-4a22-a47d-8c48425ef4a7	https://www.inaturalist.org/observations/112328398	Fungi	Basidiomycota	Agaricomycetes	Polyporales	Irpicaceae	Vitreoporus	Vitreoporus dichrous		SPECIES	Gloeoporus dichrous (Fr.) Bres.	Gloeoporus dichrous		CA		Ontario	PRESENT		28eb1a3f-1c15-4a95-931a-4af90ecb574d	45.444692	-76.383517	22.0						2022-04-21T14:33:04	21	4	2022	2544588	10719947	HUMAN_OBSERVATION	iNaturalist	Observations	112328398		gordv	2022-04-21T23:13:46	CC_BY_NC_4_0	gordv	gordv			2025-01-14T13:20:08.031Z	StillImage	COORDINATE_ROUNDED;CONTINENT_DERIVED_FROM_COORDINATES;TAXON_MATCH_TAXON_ID_IGNORED
3759844784	50c9509d-22c7-4a22-a47d-8c48425ef4a7	https://www.inaturalist.org/observations/104077131	Fungi	Basidiomycota	Agaricomycetes	Polyporales	Irpicaceae	Vitreoporus	Vitreoporus dichrous		SPECIES	Gloeoporus dichrous (Fr.) Bres.	Gloeoporus dichrous		CA		Ontario	PRESENT		28eb1a3f-1c15-4a95-931a-4af90ecb574d	45.346528	-75.58583	5.0						2021-12-31T15:11:50	31	12	2021	2544588	10719947	HUMAN_OBSERVATION	iNaturalist	Observations	104077131		Lynn Ovenden	2022-01-01T02:48:43	CC_BY_NC_4_0	Lynn Ovenden	Lynn Ovenden			2025-01-14T13:17:30.662Z	StillImage	COORDINATE_ROUNDED;CONTINENT_DERIVED_FROM_COORDINATES;TAXON_MATCH_TAXON_ID_IGNORED
3743306402	50c9509d-22c7-4a22-a47d-8c48425ef4a7	https://www.inaturalist.org/observations/98922366	Fungi	Basidiomycota	Agaricomycetes	Polyporales	Irpicaceae	Vitreoporus	Vitreoporus dichrous		SPECIES	Gloeoporus dichrous (Fr.) Bres.	Gloeoporus dichrous		CA		Ontario	PRESENT		28eb1a3f-1c15-4a95-931a-4af90ecb574d	45.498809	-75.536806	27158.0						2021-10-19T13:33	19	10	2021	2544588	10719947	HUMAN_OBSERVATION	iNaturalist	Observations	98922366		L Joan Heyding	2021-10-21T22:17:32	CC_BY_NC_4_0	L Joan Heyding	L Joan Heyding			2025-01-14T13:10:53.189Z	StillImage	COORDINATE_ROUNDED;CONTINENT_DERIVED_FROM_COORDINATES;TAXON_MATCH_TAXON_ID_IGNORED
3743277423	50c9509d-22c7-4a22-a47d-8c48425ef4a7	https://www.inaturalist.org/observations/103096367	Fungi	Basidiomycota	Agaricomycetes	Polyporales	Irpicaceae	Vitreoporus	Vitreoporus dichrous		SPECIES	Gloeoporus dichrous (Fr.) Bres.	Gloeoporus dichrous		CA		Ontario	PRESENT		28eb1a3f-1c15-4a95-931a-4af90ecb574d	45.332252	-75.659833	27190.0						2021-12-13T14:53	13	12	2021	2544588	10719947	HUMAN_OBSERVATION	iNaturalist	Observations	103096367		L Joan Heyding	2021-12-15T14:40:14	CC_BY_NC_4_0	L Joan Heyding	L Joan Heyding			2025-01-14T12:24:52.090Z	StillImage	COORDINATE_ROUNDED;CONTINENT_DERIVED_FROM_COORDINATES;TAXON_MATCH_TAXON_ID_IGNORED
3743262423	50c9509d-22c7-4a22-a47d-8c48425ef4a7	https://www.inaturalist.org/observations/103345579	Fungi	Basidiomycota	Agaricomycetes	Polyporales	Irpicaceae	Vitreoporus	Vitreoporus dichrous		SPECIES	Gloeoporus dichrous (Fr.) Bres.	Gloeoporus dichrous		CA		Ontario	PRESENT		28eb1a3f-1c15-4a95-931a-4af90ecb574d	45.465845	-75.506278	5.0						2021-11-11T10:45:21	11	11	2021	2544588	10719947	HUMAN_OBSERVATION	iNaturalist	Observations	103345579		Lynn Ovenden	2021-12-20T02:52:08	CC_BY_NC_4_0	Lynn Ovenden	Lynn Ovenden			2025-01-14T12:23:30.952Z	StillImage	COORDINATE_ROUNDED;CONTINENT_DERIVED_FROM_COORDINATES;TAXON_MATCH_TAXON_ID_IGNORED
3743193405	50c9509d-22c7-4a22-a47d-8c48425ef4a7	https://www.inaturalist.org/observations/100881219	Fungi	Basidiomycota	Agaricomycetes	Polyporales	Irpicaceae	Vitreoporus	Vitreoporus dichrous		SPECIES	Gloeoporus dichrous (Fr.) Bres.	Gloeoporus dichrous		CA		Ontario	PRESENT		28eb1a3f-1c15-4a95-931a-4af90ecb574d	45.482512	-75.542217	27158.0						2021-11-11T11:38	11	11	2021	2544588	10719947	HUMAN_OBSERVATION	iNaturalist	Observations	100881219		L Joan Heyding	2021-11-11T21:50:51	CC_BY_NC_4_0	L Joan Heyding	L Joan Heyding			2025-01-14T13:12:05.909Z	StillImage	COORDINATE_ROUNDED;CONTINENT_DERIVED_FROM_COORDINATES;TAXON_MATCH_TAXON_ID_IGNORED
3456050262	50c9509d-22c7-4a22-a47d-8c48425ef4a7	https://www.inaturalist.org/observations/99831518	Fungi	Basidiomycota	Agaricomycetes	Polyporales	Irpicaceae	Vitreoporus	Vitreoporus dichrous		SPECIES	Gloeoporus dichrous (Fr.) Bres.	Gloeoporus dichrous		CA		Ontario	PRESENT		28eb1a3f-1c15-4a95-931a-4af90ecb574d	45.363899	-75.873787	746.0						2021-10-30T11:37:51	30	10	2021	2544588	10719947	HUMAN_OBSERVATION	iNaturalist	Observations	99831518		cinna_latifolia	2021-11-15T06:35:08	CC_BY_NC_4_0	allseeds	allseeds			2025-01-14T13:15:09.248Z	StillImage	COORDINATE_ROUNDED;CONTINENT_DERIVED_FROM_COORDINATES;TAXON_MATCH_TAXON_ID_IGNORED
3415908896	50c9509d-22c7-4a22-a47d-8c48425ef4a7	https://www.inaturalist.org/observations/100901039	Fungi	Basidiomycota	Agaricomycetes	Polyporales	Irpicaceae	Vitreoporus	Vitreoporus dichrous		SPECIES	Gloeoporus dichrous (Fr.) Bres.	Gloeoporus dichrous		CA		Ontario	PRESENT		28eb1a3f-1c15-4a95-931a-4af90ecb574d	45.466642	-75.510471	4.0						2021-11-11T11:54	11	11	2021	2544588	10719947	HUMAN_OBSERVATION	iNaturalist	Observations	100901039		jonathan_mack	2021-11-12T02:44:42	CC_BY_NC_4_0	jonathan_mack	jonathan_mack			2025-01-14T12:23:33.528Z	StillImage	COORDINATE_ROUNDED;CONTINENT_DERIVED_FROM_COORDINATES;TAXON_MATCH_TAXON_ID_IGNORED
3415888573	50c9509d-22c7-4a22-a47d-8c48425ef4a7	https://www.inaturalist.org/observations/101235256	Fungi	Basidiomycota	Agaricomycetes	Polyporales	Irpicaceae	Vitreoporus	Vitreoporus dichrous		SPECIES	Gloeoporus dichrous (Fr.) Bres.	Gloeoporus dichrous		CA		Ontario	PRESENT		28eb1a3f-1c15-4a95-931a-4af90ecb574d	45.43584	-75.430783	27158.0						2021-11-11T12:42	11	11	2021	2544588	10719947	HUMAN_OBSERVATION	iNaturalist	Observations	101235256		L Joan Heyding	2021-11-16T01:48:12	CC_BY_NC_4_0	L Joan Heyding	L Joan Heyding			2025-01-14T12:26:04.201Z	StillImage	COORDINATE_ROUNDED;CONTINENT_DERIVED_FROM_COORDINATES;TAXON_MATCH_TAXON_ID_IGNORED
3415845590	50c9509d-22c7-4a22-a47d-8c48425ef4a7	https://www.inaturalist.org/observations/78472708	Fungi	Basidiomycota	Agaricomycetes	Polyporales	Irpicaceae	Vitreoporus	Vitreoporus dichrous		SPECIES	Gloeoporus dichrous (Fr.) Bres.	Gloeoporus dichrous		CA		Ontario	PRESENT		28eb1a3f-1c15-4a95-931a-4af90ecb574d	45.505266	-75.423031	27158.0						2021-05-12T09:07	12	5	2021	2544588	10719947	HUMAN_OBSERVATION	iNaturalist	Observations	78472708		Jan Thornhill	2021-11-27T14:16:29	CC_BY_NC_4_0	L Joan Heyding	L Joan Heyding			2025-01-14T13:07:58.225Z	StillImage	COORDINATE_ROUNDED;CONTINENT_DERIVED_FROM_COORDINATES;TAXON_MATCH_TAXON_ID_IGNORED
3415674490	50c9509d-22c7-4a22-a47d-8c48425ef4a7	https://www.inaturalist.org/observations/100901053	Fungi	Basidiomycota	Agaricomycetes	Polyporales	Irpicaceae	Vitreoporus	Vitreoporus dichrous		SPECIES	Gloeoporus dichrous (Fr.) Bres.	Gloeoporus dichrous		CA		Ontario	PRESENT		28eb1a3f-1c15-4a95-931a-4af90ecb574d	45.464976	-75.50782	15.0						2021-11-11T12:39	11	11	2021	2544588	10719947	HUMAN_OBSERVATION	iNaturalist	Observations	100901053		jonathan_mack	2021-11-12T02:44:45	CC_BY_NC_4_0	jonathan_mack	jonathan_mack			2025-01-14T13:15:26.369Z	StillImage	COORDINATE_ROUNDED;CONTINENT_DERIVED_FROM_COORDINATES;TAXON_MATCH_TAXON_ID_IGNORED
3408042520	50c9509d-22c7-4a22-a47d-8c48425ef4a7	https://www.inaturalist.org/observations/93320940	Fungi	Basidiomycota	Agaricomycetes	Polyporales	Irpicaceae	Vitreoporus	Vitreoporus dichrous		SPECIES	Gloeoporus dichrous (Fr.) Bres.	Gloeoporus dichrous		CA		Ontario	PRESENT		28eb1a3f-1c15-4a95-931a-4af90ecb574d	45.059989	-76.125375	17.0						2021-08-31T14:01:50	31	8	2021	2544588	10719947	HUMAN_OBSERVATION	iNaturalist	Observations	93320940		cinna_latifolia	2021-09-04T02:05:51	CC_BY_NC_4_0	Windstone Farm	Windstone Farm			2025-01-14T13:11:17.418Z	StillImage	COORDINATE_ROUNDED;CONTINENT_DERIVED_FROM_COORDINATES;TAXON_MATCH_TAXON_ID_IGNORED
3399167906	50c9509d-22c7-4a22-a47d-8c48425ef4a7	https://www.inaturalist.org/observations/97294512	Fungi	Basidiomycota	Agaricomycetes	Polyporales	Irpicaceae	Vitreoporus	Vitreoporus dichrous		SPECIES	Gloeoporus dichrous (Fr.) Bres.	Gloeoporus dichrous		CA		Québec	PRESENT		28eb1a3f-1c15-4a95-931a-4af90ecb574d	45.511003	-73.584442	5.0						2021-10-05T16:27:46	5	10	2021	2544588	10719947	HUMAN_OBSERVATION	iNaturalist	Observations	97294512		allymarcellus	2021-10-05T23:01:32	CC_BY_NC_4_0	allymarcellus	allymarcellus			2025-01-14T13:15:43.786Z	StillImage	COORDINATE_ROUNDED;CONTINENT_DERIVED_FROM_COORDINATES;TAXON_MATCH_TAXON_ID_IGNORED
3398903952	50c9509d-22c7-4a22-a47d-8c48425ef4a7	https://www.inaturalist.org/observations/98116103	Fungi	Basidiomycota	Agaricomycetes	Polyporales	Irpicaceae	Vitreoporus	Vitreoporus dichrous		SPECIES	Gloeoporus dichrous (Fr.) Bres.	Gloeoporus dichrous		CA		Québec	PRESENT		28eb1a3f-1c15-4a95-931a-4af90ecb574d	45.512889	-73.584511	4.0						2021-10-05T14:57	5	10	2021	2544588	10719947	HUMAN_OBSERVATION	iNaturalist	Observations	98116103		glens15a	2021-10-13T16:55:20	CC_BY_NC_4_0	glens15a	glens15a			2025-01-14T12:21:49.215Z	StillImage	COORDINATE_ROUNDED;CONTINENT_DERIVED_FROM_COORDINATES;TAXON_MATCH_TAXON_ID_IGNORED
3398830622	50c9509d-22c7-4a22-a47d-8c48425ef4a7	https://www.inaturalist.org/observations/98895204	Fungi	Basidiomycota	Agaricomycetes	Polyporales	Irpicaceae	Vitreoporus	Vitreoporus dichrous		SPECIES	Gloeoporus dichrous (Fr.) Bres.	Gloeoporus dichrous		CA		Ontario	PRESENT		28eb1a3f-1c15-4a95-931a-4af90ecb574d	45.448595	-75.186534	4.0						2021-10-15T10:31	15	10	2021	2544588	10719947	HUMAN_OBSERVATION	iNaturalist	Observations	98895204		cinna_latifolia	2021-10-21T17:17:29	CC_BY_4_0	christine123	christine123			2025-01-14T12:22:09.976Z	StillImage	COORDINATE_ROUNDED;CONTINENT_DERIVED_FROM_COORDINATES;TAXON_MATCH_TAXON_ID_IGNORED
3398764891	50c9509d-22c7-4a22-a47d-8c48425ef4a7	https://www.inaturalist.org/observations/97470522	Fungi	Basidiomycota	Agaricomycetes	Polyporales	Irpicaceae	Vitreoporus	Vitreoporus dichrous		SPECIES	Gloeoporus dichrous (Fr.) Bres.	Gloeoporus dichrous		CA		Québec	PRESENT		28eb1a3f-1c15-4a95-931a-4af90ecb574d	45.511708	-73.58528	4734.0						2021-10-06T15:10:29	6	10	2021	2544588	10719947	HUMAN_OBSERVATION	iNaturalist	Observations	97470522		elizabethpranov	2021-10-07T18:47:28	CC_BY_NC_4_0	elizabethpranov	elizabethpranov			2025-01-14T13:25:07.684Z	StillImage	COORDINATE_ROUNDED;CONTINENT_DERIVED_FROM_COORDINATES;TAXON_MATCH_TAXON_ID_IGNORED
3398748956	50c9509d-22c7-4a22-a47d-8c48425ef4a7	https://www.inaturalist.org/observations/97903119	Fungi	Basidiomycota	Agaricomycetes	Polyporales	Irpicaceae	Vitreoporus	Vitreoporus dichrous		SPECIES	Gloeoporus dichrous (Fr.) Bres.	Gloeoporus dichrous		CA		Québec	PRESENT		28eb1a3f-1c15-4a95-931a-4af90ecb574d	45.51405	-73.58078	1414.0						2021-10-05T15:39:54	5	10	2021	2544588	10719947	HUMAN_OBSERVATION	iNaturalist	Observations	97903119		mariamkhan4	2021-10-11T15:55:35	CC_BY_NC_4_0	mariamkhan4	mariamkhan4			2025-01-14T13:14:47.329Z	StillImage	CONTINENT_DERIVED_FROM_COORDINATES;TAXON_MATCH_TAXON_ID_IGNORED
3391707593	50c9509d-22c7-4a22-a47d-8c48425ef4a7	https://www.inaturalist.org/observations/97271795	Fungi	Basidiomycota	Agaricomycetes	Polyporales	Irpicaceae	Vitreoporus	Vitreoporus dichrous		SPECIES	Gloeoporus dichrous (Fr.) Bres.	Gloeoporus dichrous		CA		Québec	PRESENT		28eb1a3f-1c15-4a95-931a-4af90ecb574d	45.51268	-73.584221	4.0						2021-10-05T15:11:52	5	10	2021	2544588	10719947	HUMAN_OBSERVATION	iNaturalist	Observations	97271795		annadepencier1	2021-10-05T19:12:05	CC_BY_NC_4_0	annadepencier1	annadepencier1			2025-01-14T12:23:04.673Z	StillImage	COORDINATE_ROUNDED;CONTINENT_DERIVED_FROM_COORDINATES;TAXON_MATCH_TAXON_ID_IGNORED
3384754139	50c9509d-22c7-4a22-a47d-8c48425ef4a7	https://www.inaturalist.org/observations/95031672	Fungi	Basidiomycota	Agaricomycetes	Polyporales	Irpicaceae	Vitreoporus	Vitreoporus dichrous		SPECIES	Gloeoporus dichrous (Fr.) Bres.	Gloeoporus dichrous		CA		Québec	PRESENT		28eb1a3f-1c15-4a95-931a-4af90ecb574d	45.512151	-73.587528	190.0						2021-09-15T15:57:01	15	9	2021	2544588	10719947	HUMAN_OBSERVATION	iNaturalist	Observations	95031672		annelieskochschulte	2021-09-16T13:57:22	CC_BY_NC_4_0	annelieskochschulte	annelieskochschulte			2025-01-14T13:15:34.389Z	StillImage	COORDINATE_ROUNDED;CONTINENT_DERIVED_FROM_COORDINATES;TAXON_MATCH_TAXON_ID_IGNORED
3384529501	50c9509d-22c7-4a22-a47d-8c48425ef4a7	https://www.inaturalist.org/observations/97375727	Fungi	Basidiomycota	Agaricomycetes	Polyporales	Irpicaceae	Vitreoporus	Vitreoporus dichrous		SPECIES	Gloeoporus dichrous (Fr.) Bres.	Gloeoporus dichrous		CA		Québec	PRESENT		28eb1a3f-1c15-4a95-931a-4af90ecb574d	45.505478	-73.589602	1312.0						2021-10-06T15:29:08	6	10	2021	2544588	10719947	HUMAN_OBSERVATION	iNaturalist	Observations	97375727		genevievelau	2021-10-09T18:19:51	CC_BY_NC_4_0	jackkelley	jackkelley			2025-01-14T12:23:39.797Z	StillImage	COORDINATE_ROUNDED;CONTINENT_DERIVED_FROM_COORDINATES;TAXON_MATCH_TAXON_ID_IGNORED
2999028533	50c9509d-22c7-4a22-a47d-8c48425ef4a7	https://www.inaturalist.org/observations/61781230	Fungi	Basidiomycota	Agaricomycetes	Polyporales	Irpicaceae	Vitreoporus	Vitreoporus dichrous		SPECIES	Gloeoporus dichrous (Fr.) Bres.	Gloeoporus dichrous		CA		Ontario	PRESENT		28eb1a3f-1c15-4a95-931a-4af90ecb574d	45.550539	-74.418239	215.0						2020-10-04T14:59:27	4	10	2020	2544588	10719947	HUMAN_OBSERVATION	iNaturalist	Observations	61781230		Lynn Ovenden	2020-10-05T15:08:46	CC_BY_NC_4_0	Lynn Ovenden	Lynn Ovenden			2025-01-14T13:09:43.357Z	StillImage	COORDINATE_ROUNDED;CONTINENT_DERIVED_FROM_COORDINATES;TAXON_MATCH_TAXON_ID_IGNORED
2873972837	50c9509d-22c7-4a22-a47d-8c48425ef4a7	https://www.inaturalist.org/observations/60773914	Fungi	Basidiomycota	Agaricomycetes	Polyporales	Irpicaceae	Vitreoporus	Vitreoporus dichrous		SPECIES	Gloeoporus dichrous (Fr.) Bres.	Gloeoporus dichrous		CA		Ontario	PRESENT		28eb1a3f-1c15-4a95-931a-4af90ecb574d	45.347778	-75.219975	373.0						2020-09-24T16:29:55	24	9	2020	2544588	10719947	HUMAN_OBSERVATION	iNaturalist	Observations	60773914		Lynn Ovenden	2020-09-26T00:36:00	CC_BY_NC_4_0	Lynn Ovenden	Lynn Ovenden			2025-01-14T12:14:59.010Z	StillImage	COORDINATE_ROUNDED;CONTINENT_DERIVED_FROM_COORDINATES;TAXON_MATCH_TAXON_ID_IGNORED
2423613277	21705170-d2b6-42de-8904-c3bca4b83591	CMMF020519	Fungi	Basidiomycota	Agaricomycetes	Polyporales	Irpicaceae	Vitreoporus	Vitreoporus dichrous		SPECIES	Polyporus dichrous Fr.	Polyporus dichrous Fr.	Fr.	CA	Cap St-Jacques (1)	Quebec	PRESENT		ff7bd5db-b724-4932-b496-10ea298851f9	45.469103	-73.928955	500.0						1980-06-05	5	6	1980	5245935	10719947	PRESERVED_SPECIMEN	Université de Montréal Biodiversity Centre	CMMF	CMMF020519	1980-42	McNeil, Raymond		CC0_1_0	Université de Montréal Biodiversity Centre	Haméon, G.			2024-01-24T16:38:15.953Z		INSTITUTION_MATCH_FUZZY;COLLECTION_MATCH_FUZZY;DIFFERENT_OWNER_INSTITUTION
1990280059	032f1fbe-d21f-407d-be46-5cd1bb1ea397	64251fb5-5af2-4844-af08-bd795aa018c2	Fungi	Basidiomycota	Agaricomycetes	Polyporales	Irpicaceae	Vitreoporus	Vitreoporus dichrous		SPECIES	Polyporus dichrous Fr.	Polyporus dichrous	Fr.	CA	Berthierville	Quebec	PRESENT		61c539d8-47e0-4b82-875f-b95aad66dcd4	46.0875	-73.184722							1931-08-01	1	8	1931	5245935	10719947	PRESERVED_SPECIMEN	TENN-F		TENN-F-006238	LRH6238			CC0_1_0		R. Pomerleau			2025-01-12T10:33:48.006Z		COORDINATE_ROUNDED;GEODETIC_DATUM_ASSUMED_WGS84;CONTINENT_DERIVED_FROM_COORDINATES;TAXON_MATCH_TAXON_ID_IGNORED;INSTITUTION_MATCH_NONE
1807259755	e8a25a42-f125-476c-8554-3ec21cd51a84	ACAD:116407	Fungi	Basidiomycota	Agaricomycetes	Polyporales	Irpicaceae	Vitreoporus	Vitreoporus dichrous		SPECIES	Polyporus dichrous Fr.	Polyporus dichrous	Fr., 1815	CA	Fredericton	New Brunswick	PRESENT		6491ad8c-8e49-4bd4-a089-0ddb3bbe0890	45.945278	-66.666667							1959-09-04	4	9	1959	5245935	10719947	PRESERVED_SPECIMEN	Acadia University	ACAD	4249F	4249	M,R		CC0_1_0	Acadia University	Congress			2024-01-25T01:37:05.006Z	StillImage	COORDINATE_ROUNDED;GEODETIC_DATUM_INVALID;GEODETIC_DATUM_ASSUMED_WGS84;TAXON_MATCH_TAXON_ID_IGNORED;INSTITUTION_MATCH_FUZZY;COLLECTION_MATCH_FUZZY
1807255787	e8a25a42-f125-476c-8554-3ec21cd51a84	ACAD:112152	Fungi	Basidiomycota	Agaricomycetes	Polyporales	Irpicaceae	Vitreoporus	Vitreoporus dichrous		SPECIES	Polyporus dichrous Fr.	Polyporus dichrous	Fr., 1815	CA	(Kentville)	Nova Scotia	PRESENT		6491ad8c-8e49-4bd4-a089-0ddb3bbe0890	45.07662	-64.49592							1952-11-25	25	11	1952	5245935	10719947	PRESERVED_SPECIMEN	Acadia University	ACAD	1854F	1854	Macrae,R		CC0_1_0	Acadia University	H, KA			2024-01-25T01:37:05.889Z	StillImage	GEODETIC_DATUM_INVALID;GEODETIC_DATUM_ASSUMED_WGS84;TAXON_MATCH_TAXON_ID_IGNORED;INSTITUTION_MATCH_FUZZY;COLLECTION_MATCH_FUZZY
1412707472	21705170-d2b6-42de-8904-c3bca4b83591	CMMF015888	Fungi	Basidiomycota	Agaricomycetes	Polyporales	Irpicaceae	Vitreoporus	Vitreoporus dichrous		SPECIES	Gloeoporus dichrous (Fr.) Bres.	Gloeoporus dichrous (Fr.) Bres.	(Fr.) Bres.	CA	Montmagny, Québec.	Québec	PRESENT		ff7bd5db-b724-4932-b496-10ea298851f9	46.980077	-70.556636	20000.0						1985-09		9	1985	2544588	10719947	PRESERVED_SPECIMEN	Université de Montréal Biodiversity Centre	CMMF	CMMF015888		Boulet, Bruno		CC0_1_0	Université de Montréal Biodiversity Centre	Boulet, Bruno			2024-01-24T16:38:16.556Z		INSTITUTION_MATCH_FUZZY;COLLECTION_MATCH_FUZZY;DIFFERENT_OWNER_INSTITUTION
1412707466	21705170-d2b6-42de-8904-c3bca4b83591	CMMF015890	Fungi	Basidiomycota	Agaricomycetes	Polyporales	Irpicaceae	Vitreoporus	Vitreoporus dichrous		SPECIES	Gloeoporus dichrous (Fr.) Bres.	Gloeoporus dichrous (Fr.) Bres.	(Fr.) Bres.	CA	Sainte-Foy, Québec.	Québec	PRESENT		ff7bd5db-b724-4932-b496-10ea298851f9	46.780042	-71.374844	9000.0						1975-11-02	2	11	1975	2544588	10719947	PRESERVED_SPECIMEN	Université de Montréal Biodiversity Centre	CMMF	CMMF015890		Sirard, Léas; Boulet, Bruno		CC0_1_0	Université de Montréal Biodiversity Centre	Sirard, Léas; Boulet, Bruno			2024-01-24T16:38:16.555Z		INSTITUTION_MATCH_FUZZY;COLLECTION_MATCH_FUZZY;DIFFERENT_OWNER_INSTITUTION
1412707408	21705170-d2b6-42de-8904-c3bca4b83591	CMMF015891	Fungi	Basidiomycota	Agaricomycetes	Polyporales	Irpicaceae	Vitreoporus	Vitreoporus dichrous		SPECIES	Polyporus dichrous Fr.	Polyporus dichrous Fr.	Fr.	CA	Cimetière Belmont, Québec.	Québec	PRESENT		ff7bd5db-b724-4932-b496-10ea298851f9	46.791462	-71.280377	500.0						1973-10-23	23	10	1973	5245935	10719947	PRESERVED_SPECIMEN	Université de Montréal Biodiversity Centre	CMMF	CMMF015891		Sirard, Léas; Boulet, Bruno		CC0_1_0	Université de Montréal Biodiversity Centre	Sirard, Léas; Boulet, Bruno			2024-01-24T16:38:16.556Z		INSTITUTION_MATCH_FUZZY;COLLECTION_MATCH_FUZZY;DIFFERENT_OWNER_INSTITUTION
1412707402	21705170-d2b6-42de-8904-c3bca4b83591	CMMF015882	Fungi	Basidiomycota	Agaricomycetes	Polyporales	Irpicaceae	Vitreoporus	Vitreoporus dichrous		SPECIES	Polyporus dichrous Fr.	Polyporus dichrous Fr.	Fr.	CA	Terrebonne, Québec.	Québec	PRESENT		ff7bd5db-b724-4932-b496-10ea298851f9	45.70036	-73.637796	5000.0						1987-09		9	1987	5245935	10719947	PRESERVED_SPECIMEN	Université de Montréal Biodiversity Centre	CMMF	CMMF015882		Boulet, Bruno		CC0_1_0	Université de Montréal Biodiversity Centre	Boulet, Bruno			2024-01-24T16:38:16.556Z		INSTITUTION_MATCH_FUZZY;COLLECTION_MATCH_FUZZY;DIFFERENT_OWNER_INSTITUTION
1412707395	21705170-d2b6-42de-8904-c3bca4b83591	CMMF015889	Fungi	Basidiomycota	Agaricomycetes	Polyporales	Irpicaceae	Vitreoporus	Vitreoporus dichrous		SPECIES	Polyporus dichrous Fr.	Polyporus dichrous Fr.	Fr.	CA	Île Saint-Bernard, Châteauguay, Québec.	Québec	PRESENT		ff7bd5db-b724-4932-b496-10ea298851f9	45.391035	-73.758671	1500.0						1987-02-25	25	2	1987	5245935	10719947	PRESERVED_SPECIMEN	Université de Montréal Biodiversity Centre	CMMF	CMMF015889		Sirard, Léas; Boulet, Bruno		CC0_1_0	Université de Montréal Biodiversity Centre	Sirard, Léas; Boulet, Bruno			2024-01-24T16:38:16.556Z		INSTITUTION_MATCH_FUZZY;COLLECTION_MATCH_FUZZY;DIFFERENT_OWNER_INSTITUTION
1412707394	21705170-d2b6-42de-8904-c3bca4b83591	CMMF015881	Fungi	Basidiomycota	Agaricomycetes	Polyporales	Irpicaceae	Vitreoporus	Vitreoporus dichrous		SPECIES	Polyporus dichrous Fr.	Polyporus dichrous Fr.	Fr.	CA	Sainte-Croix, Québec.	Québec	PRESENT		ff7bd5db-b724-4932-b496-10ea298851f9	46.623111	-71.73269	7000.0						1987-09		9	1987	5245935	10719947	PRESERVED_SPECIMEN	Université de Montréal Biodiversity Centre	CMMF	CMMF015881		Boulet, Bruno		CC0_1_0	Université de Montréal Biodiversity Centre	Boulet, Bruno			2024-01-24T16:38:16.556Z		INSTITUTION_MATCH_FUZZY;COLLECTION_MATCH_FUZZY;DIFFERENT_OWNER_INSTITUTION
1412707375	21705170-d2b6-42de-8904-c3bca4b83591	CMMF015876	Fungi	Basidiomycota	Agaricomycetes	Polyporales	Irpicaceae	Vitreoporus	Vitreoporus dichrous		SPECIES	Polyporus dichrous Fr.	Polyporus dichrous Fr.	Fr.	CA	Loretteville, Québec.	Québec	PRESENT		ff7bd5db-b724-4932-b496-10ea298851f9	46.867482	-71.384379	8000.0						1986-09-27	27	9	1986	5245935	10719947	PRESERVED_SPECIMEN	Université de Montréal Biodiversity Centre	CMMF	CMMF015876		Sirard, Léas; Boulet, Bruno		CC0_1_0	Université de Montréal Biodiversity Centre	Sirard, Léas; Boulet, Bruno			2024-01-24T16:38:16.565Z		INSTITUTION_MATCH_FUZZY;COLLECTION_MATCH_FUZZY;DIFFERENT_OWNER_INSTITUTION
1412707342	21705170-d2b6-42de-8904-c3bca4b83591	CMMF015887	Fungi	Basidiomycota	Agaricomycetes	Polyporales	Irpicaceae	Vitreoporus	Vitreoporus dichrous		SPECIES	Gloeoporus dichrous (Fr.) Bres.	Gloeoporus dichrous (Fr.) Bres.	(Fr.) Bres.	CA	Saint-Donat, Québec.	Québec	PRESENT		ff7bd5db-b724-4932-b496-10ea298851f9	46.316667	-74.216667	6000.0						1980			1980	2544588	10719947	PRESERVED_SPECIMEN	Université de Montréal Biodiversity Centre	CMMF	CMMF015887		Sirard, Léas		CC0_1_0	Université de Montréal Biodiversity Centre	Sirard, Léas			2024-01-24T16:38:16.557Z		INSTITUTION_MATCH_FUZZY;COLLECTION_MATCH_FUZZY;DIFFERENT_OWNER_INSTITUTION
1412707326	21705170-d2b6-42de-8904-c3bca4b83591	CMMF015879	Fungi	Basidiomycota	Agaricomycetes	Polyporales	Irpicaceae	Vitreoporus	Vitreoporus dichrous		SPECIES	Gloeoporus dichrous (Fr.) Bres.	Gloeoporus dichrous (Fr.) Bres.	(Fr.) Bres.	CA	Saint-Armand, Québec.	Québec	PRESENT		ff7bd5db-b724-4932-b496-10ea298851f9	45.032344	-73.043177	4000.0						1999-11-20	20	11	1999	2544588	10719947	PRESERVED_SPECIMEN	Université de Montréal Biodiversity Centre	CMMF	CMMF015879		Sirard, Léas; Boulet, Bruno		CC0_1_0	Université de Montréal Biodiversity Centre	Andes, S.			2024-01-24T16:38:16.565Z		INSTITUTION_MATCH_FUZZY;COLLECTION_MATCH_FUZZY;DIFFERENT_OWNER_INSTITUTION
1412707319	21705170-d2b6-42de-8904-c3bca4b83591	CMMF015880	Fungi	Basidiomycota	Agaricomycetes	Polyporales	Irpicaceae	Vitreoporus	Vitreoporus dichrous		SPECIES	Polyporus dichrous Fr.	Polyporus dichrous Fr.	Fr.	CA	Terrebonne, Québec.	Québec	PRESENT		ff7bd5db-b724-4932-b496-10ea298851f9	45.70036	-73.637796	5000.0						1987-09-15	15	9	1987	5245935	10719947	PRESERVED_SPECIMEN	Université de Montréal Biodiversity Centre	CMMF	CMMF015880		Sirard, Léas; Boulet, Bruno		CC0_1_0	Université de Montréal Biodiversity Centre	Sirard, Léas; Boulet, Bruno			2024-01-24T16:38:16.563Z		INSTITUTION_MATCH_FUZZY;COLLECTION_MATCH_FUZZY;DIFFERENT_OWNER_INSTITUTION
1412706748	21705170-d2b6-42de-8904-c3bca4b83591	CMMF015204	Fungi	Basidiomycota	Agaricomycetes	Polyporales	Irpicaceae	Vitreoporus	Vitreoporus dichrous		SPECIES	Gloeoporus dichrous (Fr.) Bres.	Gloeoporus dichrous (Fr.) Bres.	(Fr.) Bres.	CA	Shipshaw, Québec.	Québec	PRESENT		ff7bd5db-b724-4932-b496-10ea298851f9	48.466834	-71.263421	2500.0						1989-10-14	14	10	1989	2544588	10719947	PRESERVED_SPECIMEN	Université de Montréal Biodiversity Centre	CMMF	CMMF015204	925	Guérin, Gérard		CC0_1_0	Université de Montréal Biodiversity Centre	Guérin, Gérard			2024-01-24T16:38:16.965Z	StillImage	INSTITUTION_MATCH_FUZZY;COLLECTION_MATCH_FUZZY;DIFFERENT_OWNER_INSTITUTION
1412706696	21705170-d2b6-42de-8904-c3bca4b83591	CMMF015203	Fungi	Basidiomycota	Agaricomycetes	Polyporales	Irpicaceae	Vitreoporus	Vitreoporus dichrous		SPECIES	Gloeoporus dichrous (Fr.) Bres.	Gloeoporus dichrous (Fr.) Bres.	(Fr.) Bres.	CA	Cap-à-l'Ouest, LaBaie, Saint-Fulgence, Québec.	Québec	PRESENT		ff7bd5db-b724-4932-b496-10ea298851f9	48.378331	-70.82036	6000.0						1993-08-03	3	8	1993	2544588	10719947	PRESERVED_SPECIMEN	Université de Montréal Biodiversity Centre	CMMF	CMMF015203	926	Guérin, Gérard		CC0_1_0	Université de Montréal Biodiversity Centre	Guérin, Gérard			2024-01-24T16:38:16.966Z	StillImage	INSTITUTION_MATCH_FUZZY;COLLECTION_MATCH_FUZZY;DIFFERENT_OWNER_INSTITUTION
1412706688	21705170-d2b6-42de-8904-c3bca4b83591	CMMF015205	Fungi	Basidiomycota	Agaricomycetes	Polyporales	Irpicaceae	Vitreoporus	Vitreoporus dichrous		SPECIES	Gloeoporus dichrous (Fr.) Bres.	Gloeoporus dichrous (Fr.) Bres.	(Fr.) Bres.	CA	Shipshaw, Québec.	Québec	PRESENT		ff7bd5db-b724-4932-b496-10ea298851f9	48.466834	-71.263421	2500.0						1994-10-09	9	10	1994	2544588	10719947	PRESERVED_SPECIMEN	Université de Montréal Biodiversity Centre	CMMF	CMMF015205	927	Guérin, Gérard		CC0_1_0	Université de Montréal Biodiversity Centre	Guérin, Gérard			2024-01-24T16:38:16.969Z	StillImage	INSTITUTION_MATCH_FUZZY;COLLECTION_MATCH_FUZZY;DIFFERENT_OWNER_INSTITUTION
1135068786	21705170-d2b6-42de-8904-c3bca4b83591	CMMF007309	Fungi	Basidiomycota	Agaricomycetes	Polyporales	Irpicaceae	Vitreoporus	Vitreoporus dichrous		SPECIES	Gloeoporus dichrous (Fr.) Bres.	Gloeoporus dichrous (Fr.) Bres.	(Fr.) Bres.	CA	St-Michel-de-Wentworth	Québec	PRESENT		ff7bd5db-b724-4932-b496-10ea298851f9	45.75925	-74.483883	100.0						1980-04-07	7	4	1980	2544588	10719947	PRESERVED_SPECIMEN	Université de Montréal Biodiversity Centre	CMMF	CMMF007309	1024	McNeil, Raymond		CC0_1_0	Université de Montréal Biodiversity Centre	McNeil, Raymond			2024-01-24T16:38:21.421Z		COORDINATE_ROUNDED;INSTITUTION_MATCH_FUZZY;COLLECTION_MATCH_FUZZY;DIFFERENT_OWNER_INSTITUTION
1135068160	21705170-d2b6-42de-8904-c3bca4b83591	CMMF006677	Fungi	Basidiomycota	Agaricomycetes	Polyporales	Irpicaceae	Vitreoporus	Vitreoporus dichrous		SPECIES	Gloeoporus dichrous (Fr.) Bres.	Gloeoporus dichrous (Fr.) Bres.	(Fr.) Bres.	CA	Montréal (Parc du Cap St-Jacques)	Québec	PRESENT		ff7bd5db-b724-4932-b496-10ea298851f9	45.481667	-73.931667	100.0						1980-06-05	5	6	1980	2544588	10719947	PRESERVED_SPECIMEN	Université de Montréal Biodiversity Centre	CMMF	CMMF006677	564	McNeil, Raymond		CC0_1_0	Université de Montréal Biodiversity Centre	McNeil, Raymond			2024-01-24T16:38:18.453Z	StillImage	COORDINATE_ROUNDED;INSTITUTION_MATCH_FUZZY;COLLECTION_MATCH_FUZZY;DIFFERENT_OWNER_INSTITUTION
