gbifID	datasetKey	occurrenceID	kingdom	phylum	class	order	family	genus	species	infraspecificEpithet	taxonRank	scientificName	verbatimScientificName	verbatimScientificNameAuthorship	countryCode	locality	stateProvince	occurrenceStatus	individualCount	publishingOrgKey	decimalLatitude	decimalLongitude	coordinateUncertaintyInMeters	coordinatePrecision	elevation	elevationAccuracy	depth	depthAccuracy	eventDate	day	month	year	taxonKey	speciesKey	basisOfRecord	institutionCode	collectionCode	catalogNumber	recordNumber	identifiedBy	dateIdentified	license	rightsHolder	recordedBy	typeStatus	establishmentMeans	lastInterpreted	mediaType	issue
617555700	21705170-d2b6-42de-8904-c3bca4b83591	CMMF000926	Fungi	Basidiomycota	Agaricomycetes	Boletales	Boletaceae	Baorangia	Baorangia bicolor		SPECIES	Boletus bicolor Peck	Boletus bicolor Peck	Peck	CA	Saint-Joseph-du-Lac	Québec	PRESENT		ff7bd5db-b724-4932-b496-10ea298851f9	45.534465	-74.013251	5000.0						1990-06-22	22	6	1990	8056099	7621292	PRESERVED_SPECIMEN	Université de Montréal Biodiversity Centre	CMMF	CMMF000926		Lamoureux, Yves		CC0_1_0	Université de Montréal Biodiversity Centre	Lamoureux, Yves			2024-01-24T16:38:21.644Z	StillImage	INSTITUTION_MATCH_FUZZY;COLLECTION_MATCH_FUZZY;DIFFERENT_OWNER_INSTITUTION
617549713	21705170-d2b6-42de-8904-c3bca4b83591	CMMF001955	Fungi	Basidiomycota	Agaricomycetes	Boletales	Boletaceae	Baorangia	Baorangia bicolor		SPECIES	Boletus bicolor Peck	Boletus bicolor Peck	Peck	CA	Laval	Québec	PRESENT		ff7bd5db-b724-4932-b496-10ea298851f9	45.609608	-73.705867	17500.0						1993-07-06	6	7	1993	8056099	7621292	PRESERVED_SPECIMEN	Université de Montréal Biodiversity Centre	CMMF	CMMF001955		Lamoureux, Yves		CC0_1_0	Université de Montréal Biodiversity Centre	Lamoureux, Yves			2024-01-24T16:38:17.298Z	StillImage	INSTITUTION_MATCH_FUZZY;COLLECTION_MATCH_FUZZY;DIFFERENT_OWNER_INSTITUTION
617549132	21705170-d2b6-42de-8904-c3bca4b83591	CMMF000171	Fungi	Basidiomycota	Agaricomycetes	Boletales	Boletaceae	Baorangia	Baorangia bicolor		SPECIES	Boletus bicolor Peck	Boletus bicolor Peck	Peck	CA	Saint-Joseph-du-Lac	Québec	PRESENT		ff7bd5db-b724-4932-b496-10ea298851f9	45.534465	-74.013251	5000.0						1988-08-13	13	8	1988	8056099	7621292	PRESERVED_SPECIMEN	Université de Montréal Biodiversity Centre	CMMF	CMMF000171		Lamoureux, Yves		CC0_1_0	Université de Montréal Biodiversity Centre	Lamoureux, Yves			2024-01-24T16:38:20.574Z	StillImage	INSTITUTION_MATCH_FUZZY;COLLECTION_MATCH_FUZZY;DIFFERENT_OWNER_INSTITUTION
617547692	21705170-d2b6-42de-8904-c3bca4b83591	CMMF000108	Fungi	Basidiomycota	Agaricomycetes	Boletales	Boletaceae	Baorangia	Baorangia bicolor		SPECIES	Boletus bicolor Peck	Boletus bicolor Peck	Peck	CA	Laval	Québec	PRESENT		ff7bd5db-b724-4932-b496-10ea298851f9	45.609608	-73.705867	17500.0						1988-07-29	29	7	1988	8056099	7621292	PRESERVED_SPECIMEN	Université de Montréal Biodiversity Centre	CMMF	CMMF000108		Lamoureux, Yves		CC0_1_0	Université de Montréal Biodiversity Centre	Lamoureux, Yves			2024-01-24T16:38:20.508Z	StillImage	INSTITUTION_MATCH_FUZZY;COLLECTION_MATCH_FUZZY;DIFFERENT_OWNER_INSTITUTION
4952719195	50c9509d-22c7-4a22-a47d-8c48425ef4a7	https://www.inaturalist.org/observations/245395139	Fungi	Basidiomycota	Agaricomycetes	Boletales	Boletaceae	Baorangia	Baorangia bicolor		SPECIES	Baorangia bicolor (Kuntze) G.Wu, Halling & Zhu L.Yang	Baorangia bicolor		CA		New Brunswick	PRESENT		28eb1a3f-1c15-4a95-931a-4af90ecb574d	46.801536	-66.569713							2022-08-15T10:51	15	8	2022	7621292	7621292	HUMAN_OBSERVATION	iNaturalist	Observations	245395139		David Malloch	2024-10-03T13:24:12	CC_BY_NC_4_0	David Malloch	David Malloch			2025-01-14T12:51:49.274Z	StillImage	CONTINENT_DERIVED_FROM_COORDINATES;TAXON_MATCH_TAXON_ID_IGNORED
4946687893	50c9509d-22c7-4a22-a47d-8c48425ef4a7	https://www.inaturalist.org/observations/240672377	Fungi	Basidiomycota	Agaricomycetes	Boletales	Boletaceae	Baorangia	Baorangia bicolor		SPECIES	Baorangia bicolor (Kuntze) G.Wu, Halling & Zhu L.Yang	Baorangia bicolor		CA		Québec	PRESENT		28eb1a3f-1c15-4a95-931a-4af90ecb574d	45.377344	-74.09396	7683.0						2024-09-08T16:29	8	9	2024	7621292	7621292	HUMAN_OBSERVATION	iNaturalist	Observations	240672377		Madz	2024-09-09T00:57:11	CC_BY_NC_4_0	Madz	Madz			2025-01-14T13:37:05.161Z	StillImage	COORDINATE_ROUNDED;CONTINENT_DERIVED_FROM_COORDINATES;TAXON_MATCH_TAXON_ID_IGNORED
4936701687	50c9509d-22c7-4a22-a47d-8c48425ef4a7	https://www.inaturalist.org/observations/237017609	Fungi	Basidiomycota	Agaricomycetes	Boletales	Boletaceae	Baorangia	Baorangia bicolor		SPECIES	Baorangia bicolor (Kuntze) G.Wu, Halling & Zhu L.Yang	Baorangia bicolor		CA		New Brunswick	PRESENT		28eb1a3f-1c15-4a95-931a-4af90ecb574d	45.754808	-66.479475							2024-08-20T20:33:03	20	8	2024	7621292	7621292	HUMAN_OBSERVATION	iNaturalist	Observations	237017609		Sean Rhindress	2024-08-21T00:18:13	CC_BY_NC_4_0	Sean Rhindress	Sean Rhindress			2025-01-14T12:53:21.040Z	StillImage	COORDINATE_ROUNDED;CONTINENT_DERIVED_FROM_COORDINATES;TAXON_MATCH_TAXON_ID_IGNORED
4923692157	50c9509d-22c7-4a22-a47d-8c48425ef4a7	https://www.inaturalist.org/observations/234390021	Fungi	Basidiomycota	Agaricomycetes	Boletales	Boletaceae	Baorangia	Baorangia bicolor		SPECIES	Baorangia bicolor (Kuntze) G.Wu, Halling & Zhu L.Yang	Baorangia bicolor		CA		Québec	PRESENT		28eb1a3f-1c15-4a95-931a-4af90ecb574d	45.278032	-72.661703	110.0						2024-08-07T15:35:54	7	8	2024	7621292	7621292	HUMAN_OBSERVATION	iNaturalist	Observations	234390021		Antoine Fortin	2024-08-08T00:23:23	CC_BY_NC_4_0	maryses	maryses			2025-01-14T13:46:29.451Z	StillImage	COORDINATE_ROUNDED;CONTINENT_DERIVED_FROM_COORDINATES;TAXON_MATCH_TAXON_ID_IGNORED
4919293817	50c9509d-22c7-4a22-a47d-8c48425ef4a7	https://www.inaturalist.org/observations/232094016	Fungi	Basidiomycota	Agaricomycetes	Boletales	Boletaceae	Baorangia	Baorangia bicolor		SPECIES	Baorangia bicolor (Kuntze) G.Wu, Halling & Zhu L.Yang	Baorangia bicolor		CA		Québec	PRESENT		28eb1a3f-1c15-4a95-931a-4af90ecb574d	45.506823	-73.589179							2024-07-27T13:33:44	27	7	2024	7621292	7621292	HUMAN_OBSERVATION	iNaturalist	Observations	232094016		nwoeanhinnogaehr	2024-07-27T19:06:10	CC_BY_NC_4_0	nwoeanhinnogaehr	nwoeanhinnogaehr			2025-01-14T12:52:18.337Z	StillImage	COORDINATE_ROUNDED;CONTINENT_DERIVED_FROM_COORDINATES;TAXON_MATCH_TAXON_ID_IGNORED
4908443722	50c9509d-22c7-4a22-a47d-8c48425ef4a7	https://www.inaturalist.org/observations/228847689	Fungi	Basidiomycota	Agaricomycetes	Boletales	Boletaceae	Baorangia	Baorangia bicolor		SPECIES	Baorangia bicolor (Kuntze) G.Wu, Halling & Zhu L.Yang	Baorangia bicolor		CA		Québec	PRESENT		28eb1a3f-1c15-4a95-931a-4af90ecb574d	45.552124	-73.472578	31.0						2024-07-04T17:22	4	7	2024	7621292	7621292	HUMAN_OBSERVATION	iNaturalist	Observations	228847689		Antoine Fortin	2024-07-12T16:05:33	CC_BY_NC_4_0	Antoine Fortin	Antoine Fortin			2025-01-14T12:49:14.243Z	StillImage	COORDINATE_ROUNDED;CONTINENT_DERIVED_FROM_COORDINATES;TAXON_MATCH_TAXON_ID_IGNORED
4424108678	50c9509d-22c7-4a22-a47d-8c48425ef4a7	https://www.inaturalist.org/observations/180437788	Fungi	Basidiomycota	Agaricomycetes	Boletales	Boletaceae	Baorangia	Baorangia bicolor		SPECIES	Baorangia bicolor (Kuntze) G.Wu, Halling & Zhu L.Yang	Baorangia bicolor		CA		Québec	PRESENT		28eb1a3f-1c15-4a95-931a-4af90ecb574d	45.550557	-73.470232	681.0						2023-08-23T08:55	23	8	2023	7621292	7621292	HUMAN_OBSERVATION	iNaturalist	Observations	180437788		Antoine Fortin	2023-08-27T13:49:39	CC_BY_NC_4_0	Antoine Fortin	Antoine Fortin			2025-01-14T13:32:58.614Z	StillImage	COORDINATE_ROUNDED;CONTINENT_DERIVED_FROM_COORDINATES;TAXON_MATCH_TAXON_ID_IGNORED
4414193876	50c9509d-22c7-4a22-a47d-8c48425ef4a7	https://www.inaturalist.org/observations/183443595	Fungi	Basidiomycota	Agaricomycetes	Boletales	Boletaceae	Baorangia	Baorangia bicolor		SPECIES	Baorangia bicolor (Kuntze) G.Wu, Halling & Zhu L.Yang	Baorangia bicolor		CA		Québec	PRESENT		28eb1a3f-1c15-4a95-931a-4af90ecb574d	45.551088	-73.469662	650.0						2023-09-15T10:01	15	9	2023	7621292	7621292	HUMAN_OBSERVATION	iNaturalist	Observations	183443595		Antoine Fortin	2023-09-16T01:37:15	CC_BY_NC_4_0	Antoine Fortin	Antoine Fortin			2025-01-14T13:32:26.623Z	StillImage	COORDINATE_ROUNDED;CONTINENT_DERIVED_FROM_COORDINATES;TAXON_MATCH_TAXON_ID_IGNORED
4400237730	50c9509d-22c7-4a22-a47d-8c48425ef4a7	https://www.inaturalist.org/observations/179076701	Fungi	Basidiomycota	Agaricomycetes	Boletales	Boletaceae	Baorangia	Baorangia bicolor		SPECIES	Baorangia bicolor (Kuntze) G.Wu, Halling & Zhu L.Yang	Baorangia bicolor		CA		Nova Scotia	PRESENT		28eb1a3f-1c15-4a95-931a-4af90ecb574d	45.073091	-64.484636	8.0						2023-08-15T14:59:06	15	8	2023	7621292	7621292	HUMAN_OBSERVATION	iNaturalist	Observations	179076701		Dr. Allison Walker	2023-08-19T01:11:38	CC_BY_NC_4_0	Dr. Allison Walker	Dr. Allison Walker			2025-01-14T12:40:28.067Z	StillImage	COORDINATE_ROUNDED;CONTINENT_DERIVED_FROM_COORDINATES;TAXON_MATCH_TAXON_ID_IGNORED
4171886890	50c9509d-22c7-4a22-a47d-8c48425ef4a7	https://www.inaturalist.org/observations/175655702	Fungi	Basidiomycota	Agaricomycetes	Boletales	Boletaceae	Baorangia	Baorangia bicolor		SPECIES	Baorangia bicolor (Kuntze) G.Wu, Halling & Zhu L.Yang	Baorangia bicolor		CA		Québec	PRESENT		28eb1a3f-1c15-4a95-931a-4af90ecb574d	45.623506	-76.094068							2023-07-29T14:41	29	7	2023	7621292	7621292	HUMAN_OBSERVATION	iNaturalist	Observations	175655702		Serguei Ponomarenko	2023-07-30T02:22:32	CC_BY_NC_4_0	Serguei Ponomarenko	Serguei Ponomarenko			2025-01-14T12:37:16.758Z	StillImage	COORDINATE_ROUNDED;CONTINENT_DERIVED_FROM_COORDINATES;TAXON_MATCH_TAXON_ID_IGNORED
4165780834	50c9509d-22c7-4a22-a47d-8c48425ef4a7	https://www.inaturalist.org/observations/174468648	Fungi	Basidiomycota	Agaricomycetes	Boletales	Boletaceae	Baorangia	Baorangia bicolor		SPECIES	Baorangia bicolor (Kuntze) G.Wu, Halling & Zhu L.Yang	Baorangia bicolor		CA		Québec	PRESENT		28eb1a3f-1c15-4a95-931a-4af90ecb574d	45.039117	-72.81997	8.0						2023-07-23T09:27:43	23	7	2023	7621292	7621292	HUMAN_OBSERVATION	iNaturalist	Observations	174468648		l_bienvenue	2023-07-23T20:44:10	CC_BY_NC_4_0	l_bienvenue	l_bienvenue			2025-01-14T13:31:22.651Z	StillImage	COORDINATE_ROUNDED;CONTINENT_DERIVED_FROM_COORDINATES;TAXON_MATCH_TAXON_ID_IGNORED
4165518278	50c9509d-22c7-4a22-a47d-8c48425ef4a7	https://www.inaturalist.org/observations/174076048	Fungi	Basidiomycota	Agaricomycetes	Boletales	Boletaceae	Baorangia	Baorangia bicolor		SPECIES	Baorangia bicolor (Kuntze) G.Wu, Halling & Zhu L.Yang	Baorangia bicolor		CA		Québec	PRESENT		28eb1a3f-1c15-4a95-931a-4af90ecb574d	45.432647	-74.32052	5.0						2023-07-20T09:18:22	20	7	2023	7621292	7621292	HUMAN_OBSERVATION	iNaturalist	Observations	174076048		vincent_dumontier	2023-07-21T10:57:22	CC_BY_NC_4_0	vincent_dumontier	vincent_dumontier			2025-01-14T12:39:49.826Z	StillImage	COORDINATE_ROUNDED;CONTINENT_DERIVED_FROM_COORDINATES;TAXON_MATCH_TAXON_ID_IGNORED
4165432169	50c9509d-22c7-4a22-a47d-8c48425ef4a7	https://www.inaturalist.org/observations/174093771	Fungi	Basidiomycota	Agaricomycetes	Boletales	Boletaceae	Baorangia	Baorangia bicolor		SPECIES	Baorangia bicolor (Kuntze) G.Wu, Halling & Zhu L.Yang	Baorangia bicolor		CA		Québec	PRESENT		28eb1a3f-1c15-4a95-931a-4af90ecb574d	45.551664	-73.472734	583.0						2023-07-19T17:05	19	7	2023	7621292	7621292	HUMAN_OBSERVATION	iNaturalist	Observations	174093771		Antoine Fortin	2023-07-21T13:43:36	CC_BY_NC_4_0	Antoine Fortin	Antoine Fortin			2025-01-14T13:40:50.283Z	StillImage	COORDINATE_ROUNDED;CONTINENT_DERIVED_FROM_COORDINATES;TAXON_MATCH_TAXON_ID_IGNORED
4162065652	50c9509d-22c7-4a22-a47d-8c48425ef4a7	https://www.inaturalist.org/observations/171821255	Fungi	Basidiomycota	Agaricomycetes	Boletales	Boletaceae	Baorangia	Baorangia bicolor		SPECIES	Baorangia bicolor (Kuntze) G.Wu, Halling & Zhu L.Yang	Baorangia bicolor		CA		Québec	PRESENT		28eb1a3f-1c15-4a95-931a-4af90ecb574d	45.552755	-73.472657	122.0						2023-07-07T08:02	7	7	2023	7621292	7621292	HUMAN_OBSERVATION	iNaturalist	Observations	171821255		Antoine Fortin	2023-07-08T20:38:33	CC_BY_NC_4_0	Antoine Fortin	Antoine Fortin			2025-01-14T13:40:44.267Z	StillImage	COORDINATE_ROUNDED;CONTINENT_DERIVED_FROM_COORDINATES;TAXON_MATCH_TAXON_ID_IGNORED
4023671642	fb9d7c38-5759-4c30-9e09-5b6bd43f78a6	http://id.luomus.fi/MY.9504463	Fungi	Basidiomycota	Agaricomycetes	Boletales	Boletaceae	Baorangia	Baorangia bicolor		SPECIES	Baorangia bicolor (Kuntze) G.Wu, Halling & Zhu L.Yang	Baorangia bicolor (Kuntze) G. Wu, Halling & Zhu L. Yang		CA	Oakes Cemetery	Nova Scotia	PRESENT		04fd2e13-6881-4e5c-9dd1-8fdd9ab993c1	45.07	-64.49							1962-08-25T00:00Z	25	8	1962	7621292	7621292	PRESERVED_SPECIMEN	H		http://id.luomus.fi/HA.H7065290	K.A. Harrison 5335			CC_BY_4_0		Harrison, K. A.			2025-01-17T02:41:19.706Z		CONTINENT_DERIVED_FROM_COORDINATES;COLLECTION_MATCH_NONE;INSTITUTION_MATCH_FUZZY
4011800643	50c9509d-22c7-4a22-a47d-8c48425ef4a7	https://www.inaturalist.org/observations/144321489	Fungi	Basidiomycota	Agaricomycetes	Boletales	Boletaceae	Baorangia	Baorangia bicolor		SPECIES	Baorangia bicolor (Kuntze) G.Wu, Halling & Zhu L.Yang	Baorangia bicolor		CA		Québec	PRESENT		28eb1a3f-1c15-4a95-931a-4af90ecb574d	45.535545	-74.314724	27158.0						2022-08-22T14:37	22	8	2022	7621292	7621292	HUMAN_OBSERVATION	iNaturalist	Observations	144321489		Kilby Gordon	2022-12-13T22:19:09	CC_BY_NC_4_0	Kilby Gordon	Kilby Gordon			2025-01-14T12:33:19.365Z	StillImage	COORDINATE_ROUNDED;CONTINENT_DERIVED_FROM_COORDINATES;TAXON_MATCH_TAXON_ID_IGNORED
3966530774	50c9509d-22c7-4a22-a47d-8c48425ef4a7	https://www.inaturalist.org/observations/141574574	Fungi	Basidiomycota	Agaricomycetes	Boletales	Boletaceae	Baorangia	Baorangia bicolor		SPECIES	Baorangia bicolor (Kuntze) G.Wu, Halling & Zhu L.Yang	Baorangia bicolor		CA		New Brunswick	PRESENT		28eb1a3f-1c15-4a95-931a-4af90ecb574d	45.535489	-65.825111	16.0						2021-08-15T12:02	15	8	2021	7621292	7621292	HUMAN_OBSERVATION	iNaturalist	Observations	141574574		Alfredo Justo	2022-11-10T00:24:07	CC_BY_NC_4_0	Alfredo Justo	Alfredo Justo			2025-01-14T12:34:41.127Z	StillImage	COORDINATE_ROUNDED;CONTINENT_DERIVED_FROM_COORDINATES;TAXON_MATCH_TAXON_ID_IGNORED
3966379778	50c9509d-22c7-4a22-a47d-8c48425ef4a7	https://www.inaturalist.org/observations/141574704	Fungi	Basidiomycota	Agaricomycetes	Boletales	Boletaceae	Baorangia	Baorangia bicolor		SPECIES	Baorangia bicolor (Kuntze) G.Wu, Halling & Zhu L.Yang	Baorangia bicolor		CA		New Brunswick	PRESENT		28eb1a3f-1c15-4a95-931a-4af90ecb574d	45.535808	-65.824678	18.0						2021-08-15T12:15	15	8	2021	7621292	7621292	HUMAN_OBSERVATION	iNaturalist	Observations	141574704		Alfredo Justo	2022-11-10T00:27:00	CC_BY_NC_4_0	Alfredo Justo	Alfredo Justo			2025-01-14T12:32:44.801Z	StillImage	COORDINATE_ROUNDED;CONTINENT_DERIVED_FROM_COORDINATES;TAXON_MATCH_TAXON_ID_IGNORED
3892679734	50c9509d-22c7-4a22-a47d-8c48425ef4a7	https://www.inaturalist.org/observations/130382984	Fungi	Basidiomycota	Agaricomycetes	Boletales	Boletaceae	Baorangia	Baorangia bicolor		SPECIES	Baorangia bicolor (Kuntze) G.Wu, Halling & Zhu L.Yang	Baorangia bicolor		CA		Québec	PRESENT		28eb1a3f-1c15-4a95-931a-4af90ecb574d	45.047261	-72.566863	32.0						2022-08-10T16:06:41	10	8	2022	7621292	7621292	HUMAN_OBSERVATION	iNaturalist	Observations	130382984		sabacon	2022-08-12T00:37:08	CC_BY_NC_4_0	D. Marullo-Masson	D. Marullo-Masson			2025-01-14T13:15:40.334Z	StillImage	COORDINATE_ROUNDED;CONTINENT_DERIVED_FROM_COORDINATES;TAXON_MATCH_TAXON_ID_IGNORED
3892534782	50c9509d-22c7-4a22-a47d-8c48425ef4a7	https://www.inaturalist.org/observations/130436980	Fungi	Basidiomycota	Agaricomycetes	Boletales	Boletaceae	Baorangia	Baorangia bicolor		SPECIES	Baorangia bicolor (Kuntze) G.Wu, Halling & Zhu L.Yang	Baorangia bicolor		CA		Québec	PRESENT		28eb1a3f-1c15-4a95-931a-4af90ecb574d	45.046981	-72.572113	8.0						2022-08-10T12:46:40	10	8	2022	7621292	7621292	HUMAN_OBSERVATION	iNaturalist	Observations	130436980		sabacon	2022-08-12T00:34:36	CC_BY_NC_4_0	D. Marullo-Masson	D. Marullo-Masson			2025-01-14T13:24:00.539Z	StillImage	COORDINATE_ROUNDED;CONTINENT_DERIVED_FROM_COORDINATES;TAXON_MATCH_TAXON_ID_IGNORED
3892470776	50c9509d-22c7-4a22-a47d-8c48425ef4a7	https://www.inaturalist.org/observations/130437072	Fungi	Basidiomycota	Agaricomycetes	Boletales	Boletaceae	Baorangia	Baorangia bicolor		SPECIES	Baorangia bicolor (Kuntze) G.Wu, Halling & Zhu L.Yang	Baorangia bicolor		CA		Québec	PRESENT		28eb1a3f-1c15-4a95-931a-4af90ecb574d	45.046964	-72.572463	300.0						2022-08-10T12:46:21	10	8	2022	7621292	7621292	HUMAN_OBSERVATION	iNaturalist	Observations	130437072		sabacon	2022-08-12T00:34:22	CC_BY_NC_4_0	D. Marullo-Masson	D. Marullo-Masson			2025-01-14T12:31:18.692Z	StillImage	COORDINATE_ROUNDED;CONTINENT_DERIVED_FROM_COORDINATES;TAXON_MATCH_TAXON_ID_IGNORED
3892448742	50c9509d-22c7-4a22-a47d-8c48425ef4a7	https://www.inaturalist.org/observations/130382667	Fungi	Basidiomycota	Agaricomycetes	Boletales	Boletaceae	Baorangia	Baorangia bicolor		SPECIES	Baorangia bicolor (Kuntze) G.Wu, Halling & Zhu L.Yang	Baorangia bicolor		CA		Québec	PRESENT		28eb1a3f-1c15-4a95-931a-4af90ecb574d	45.047714	-72.566658	6.0						2022-08-10T16:11:13	10	8	2022	7621292	7621292	HUMAN_OBSERVATION	iNaturalist	Observations	130382667		sabacon	2022-08-12T00:37:22	CC_BY_NC_4_0	D. Marullo-Masson	D. Marullo-Masson			2025-01-14T13:24:48.283Z	StillImage	COORDINATE_ROUNDED;CONTINENT_DERIVED_FROM_COORDINATES;TAXON_MATCH_TAXON_ID_IGNORED
3892350694	50c9509d-22c7-4a22-a47d-8c48425ef4a7	https://www.inaturalist.org/observations/130382600	Fungi	Basidiomycota	Agaricomycetes	Boletales	Boletaceae	Baorangia	Baorangia bicolor		SPECIES	Baorangia bicolor (Kuntze) G.Wu, Halling & Zhu L.Yang	Baorangia bicolor		CA		Québec	PRESENT		28eb1a3f-1c15-4a95-931a-4af90ecb574d	45.047761	-72.566712	8.0						2022-08-10T16:11:41	10	8	2022	7621292	7621292	HUMAN_OBSERVATION	iNaturalist	Observations	130382600		sabacon	2022-08-12T00:37:36	CC_BY_NC_4_0	D. Marullo-Masson	D. Marullo-Masson			2025-01-14T12:31:35.342Z	StillImage	COORDINATE_ROUNDED;CONTINENT_DERIVED_FROM_COORDINATES;TAXON_MATCH_TAXON_ID_IGNORED
3892266785	50c9509d-22c7-4a22-a47d-8c48425ef4a7	https://www.inaturalist.org/observations/130437121	Fungi	Basidiomycota	Agaricomycetes	Boletales	Boletaceae	Baorangia	Baorangia bicolor		SPECIES	Baorangia bicolor (Kuntze) G.Wu, Halling & Zhu L.Yang	Baorangia bicolor		CA		Québec	PRESENT		28eb1a3f-1c15-4a95-931a-4af90ecb574d	45.046986	-72.572058	64.0						2022-08-10T12:44:54	10	8	2022	7621292	7621292	HUMAN_OBSERVATION	iNaturalist	Observations	130437121		sabacon	2022-08-12T00:34:02	CC_BY_NC_4_0	D. Marullo-Masson	D. Marullo-Masson			2025-01-14T13:24:35.880Z	StillImage	COORDINATE_ROUNDED;CONTINENT_DERIVED_FROM_COORDINATES;TAXON_MATCH_TAXON_ID_IGNORED
3759208659	50c9509d-22c7-4a22-a47d-8c48425ef4a7	https://www.inaturalist.org/observations/91630527	Fungi	Basidiomycota	Agaricomycetes	Boletales	Boletaceae	Baorangia	Baorangia bicolor		SPECIES	Baorangia bicolor (Kuntze) G.Wu, Halling & Zhu L.Yang	Baorangia bicolor		CA		Québec	PRESENT		28eb1a3f-1c15-4a95-931a-4af90ecb574d	45.439412	-74.388283	27158.0						2018-08-15	15	8	2018	7621292	7621292	HUMAN_OBSERVATION	iNaturalist	Observations	91630527		Kilby Gordon	2021-08-18T13:06:11	CC_BY_NC_4_0	Kilby Gordon	Kilby Gordon			2025-01-14T12:20:20.840Z	StillImage	COORDINATE_ROUNDED;CONTINENT_DERIVED_FROM_COORDINATES;TAXON_MATCH_TAXON_ID_IGNORED
3333332922	50c9509d-22c7-4a22-a47d-8c48425ef4a7	https://www.inaturalist.org/observations/88470479	Fungi	Basidiomycota	Agaricomycetes	Boletales	Boletaceae	Baorangia	Baorangia bicolor		SPECIES	Baorangia bicolor (Kuntze) G.Wu, Halling & Zhu L.Yang	Baorangia bicolor		CA		Québec	PRESENT		28eb1a3f-1c15-4a95-931a-4af90ecb574d	45.387592	-74.193375	61.0						2021-07-24T19:21	24	7	2021	7621292	7621292	HUMAN_OBSERVATION	iNaturalist	Observations	88470479		cinna_latifolia	2021-07-25T04:13:11	CC_BY_NC_4_0	Bink June	Bink June			2025-01-14T13:13:38.842Z	StillImage	COORDINATE_ROUNDED;CONTINENT_DERIVED_FROM_COORDINATES;TAXON_MATCH_TAXON_ID_IGNORED
3333250865	50c9509d-22c7-4a22-a47d-8c48425ef4a7	https://www.inaturalist.org/observations/88470455	Fungi	Basidiomycota	Agaricomycetes	Boletales	Boletaceae	Baorangia	Baorangia bicolor		SPECIES	Baorangia bicolor (Kuntze) G.Wu, Halling & Zhu L.Yang	Baorangia bicolor		CA		Québec	PRESENT		28eb1a3f-1c15-4a95-931a-4af90ecb574d	45.387592	-74.193375	61.0						2021-07-24T17:01	24	7	2021	7621292	7621292	HUMAN_OBSERVATION	iNaturalist	Observations	88470455		Bink June	2021-07-25T00:04:04	CC_BY_NC_4_0	Bink June	Bink June			2025-01-14T12:20:19.275Z	StillImage	COORDINATE_ROUNDED;CONTINENT_DERIVED_FROM_COORDINATES;TAXON_MATCH_TAXON_ID_IGNORED
3333164612	50c9509d-22c7-4a22-a47d-8c48425ef4a7	https://www.inaturalist.org/observations/88169045	Fungi	Basidiomycota	Agaricomycetes	Boletales	Boletaceae	Baorangia	Baorangia bicolor		SPECIES	Baorangia bicolor (Kuntze) G.Wu, Halling & Zhu L.Yang	Baorangia bicolor		CA		Québec	PRESENT		28eb1a3f-1c15-4a95-931a-4af90ecb574d	45.381417	-74.181267	5.0						2021-07-22T09:58	22	7	2021	7621292	7621292	HUMAN_OBSERVATION	iNaturalist	Observations	88169045		atoupin	2021-07-22T20:03:56	CC_BY_NC_4_0	atoupin	atoupin			2025-01-14T12:20:50.302Z	StillImage	COORDINATE_ROUNDED;CONTINENT_DERIVED_FROM_COORDINATES;TAXON_MATCH_TAXON_ID_IGNORED
3333039879	50c9509d-22c7-4a22-a47d-8c48425ef4a7	https://www.inaturalist.org/observations/88466170	Fungi	Basidiomycota	Agaricomycetes	Boletales	Boletaceae	Baorangia	Baorangia bicolor		SPECIES	Baorangia bicolor (Kuntze) G.Wu, Halling & Zhu L.Yang	Baorangia bicolor		CA		Québec	PRESENT		28eb1a3f-1c15-4a95-931a-4af90ecb574d	45.390921	-74.18491	638.0						2021-07-24T17:01	24	7	2021	7621292	7621292	HUMAN_OBSERVATION	iNaturalist	Observations	88466170		Benjamin Leo	2021-07-24T23:24:23	CC_BY_NC_4_0	Benjamin Leo	Benjamin Leo			2025-01-14T13:13:15.906Z	StillImage	COORDINATE_ROUNDED;CONTINENT_DERIVED_FROM_COORDINATES;TAXON_MATCH_TAXON_ID_IGNORED
3321083372	50c9509d-22c7-4a22-a47d-8c48425ef4a7	https://www.inaturalist.org/observations/54168721	Fungi	Basidiomycota	Agaricomycetes	Boletales	Boletaceae	Baorangia	Baorangia bicolor		SPECIES	Baorangia bicolor (Kuntze) G.Wu, Halling & Zhu L.Yang	Baorangia bicolor		CA		Québec	PRESENT		28eb1a3f-1c15-4a95-931a-4af90ecb574d	45.911408	-76.41465	8.0						2020-07-21T13:23:17	21	7	2020	7621292	7621292	HUMAN_OBSERVATION	iNaturalist	Observations	54168721		bobtyler	2020-07-24T15:57:32	CC_BY_NC_4_0	bobtyler	bobtyler			2025-01-14T13:04:21.361Z	StillImage	COORDINATE_ROUNDED;CONTINENT_DERIVED_FROM_COORDINATES;TAXON_MATCH_TAXON_ID_IGNORED
1891350769	50c9509d-22c7-4a22-a47d-8c48425ef4a7	https://www.inaturalist.org/observations/15534792	Fungi	Basidiomycota	Agaricomycetes	Boletales	Boletaceae	Baorangia	Baorangia bicolor		SPECIES	Baorangia bicolor (Kuntze) G.Wu, Halling & Zhu L.Yang	Baorangia bicolor		CA		New Brunswick	PRESENT		28eb1a3f-1c15-4a95-931a-4af90ecb574d	45.895928	-66.15355	1.0						2018-08-16T17:10	16	8	2018	7621292	7621292	HUMAN_OBSERVATION	iNaturalist	Observations	15534792		Erika Betts	2018-08-17T03:33:41	CC_BY_NC_4_0	Erika Betts	Erika Betts			2025-01-14T12:05:42.179Z	StillImage	COORDINATE_ROUNDED;CONTINENT_DERIVED_FROM_COORDINATES;TAXON_MATCH_TAXON_ID_IGNORED
1891350707	50c9509d-22c7-4a22-a47d-8c48425ef4a7	https://www.inaturalist.org/observations/15534794	Fungi	Basidiomycota	Agaricomycetes	Boletales	Boletaceae	Baorangia	Baorangia bicolor		SPECIES	Baorangia bicolor (Kuntze) G.Wu, Halling & Zhu L.Yang	Baorangia bicolor		CA		New Brunswick	PRESENT		28eb1a3f-1c15-4a95-931a-4af90ecb574d	45.895927	-66.15355							2018-08-16T17:11	16	8	2018	7621292	7621292	HUMAN_OBSERVATION	iNaturalist	Observations	15534794		Erika Betts	2018-08-17T03:33:42	CC_BY_NC_4_0	Erika Betts	Erika Betts			2025-01-14T12:05:42.566Z	StillImage	COORDINATE_ROUNDED;CONTINENT_DERIVED_FROM_COORDINATES;TAXON_MATCH_TAXON_ID_IGNORED
1807262360	e8a25a42-f125-476c-8554-3ec21cd51a84	ACAD:119293	Fungi	Basidiomycota	Agaricomycetes	Boletales	Boletaceae	Baorangia	Baorangia bicolor		SPECIES	Baorangia bicolor (Kuntze) G.Wu, Halling & Zhu L.Yang	Baorangia bicolor (Kuntze) G. Wu, Halling & Zhu L. Yang	(Kuntze) G. Wu, Halling & Zhu L. Yang	CA	Kentville	Nova Scotia	PRESENT		6491ad8c-8e49-4bd4-a089-0ddb3bbe0890	45.07662	-64.49592							1959-09-12	12	9	1959	7621292	7621292	PRESERVED_SPECIMEN	Acadia University	ACAD	7999F	7999			CC0_1_0	Acadia University	H, KA; Party, Congress			2024-01-25T01:37:03.014Z	StillImage	GEODETIC_DATUM_INVALID;GEODETIC_DATUM_ASSUMED_WGS84;TAXON_MATCH_TAXON_ID_IGNORED;INSTITUTION_MATCH_FUZZY;COLLECTION_MATCH_FUZZY
1412708839	21705170-d2b6-42de-8904-c3bca4b83591	CMMF017350	Fungi	Basidiomycota	Agaricomycetes	Boletales	Boletaceae	Baorangia	Baorangia bicolor		SPECIES	Boletus bicolor Peck	Boletus bicolor Peck	Peck	CA	Pointe du Buisson, Québec.	Québec	PRESENT		ff7bd5db-b724-4932-b496-10ea298851f9	45.316964	-73.965109	1000.0						1981-07-22	22	7	1981	8056099	7621292	PRESERVED_SPECIMEN	Université de Montréal Biodiversity Centre	CMMF	CMMF017350	1981-131	McNeil, Raymond		CC0_1_0	Université de Montréal Biodiversity Centre	Cyr, A.			2024-01-24T16:38:15.676Z		INSTITUTION_MATCH_FUZZY;COLLECTION_MATCH_FUZZY;DIFFERENT_OWNER_INSTITUTION
1135070290	21705170-d2b6-42de-8904-c3bca4b83591	CMMF008884	Fungi	Basidiomycota	Agaricomycetes	Boletales	Boletaceae	Baorangia	Baorangia bicolor		SPECIES	Boletus bicolor Peck	Boletus bicolor Peck	Peck	CA	Forêt Sherwood, Québec.	Québec	PRESENT		ff7bd5db-b724-4932-b496-10ea298851f9	46.86201	-71.307678	15000.0						2006-08-05	5	8	2006	8056099	7621292	PRESERVED_SPECIMEN	Université de Montréal Biodiversity Centre	CMMF	CMMF008884	467	Labbé, Roland		CC0_1_0	Université de Montréal Biodiversity Centre	Labrecque, Jacqueline			2024-01-24T16:38:18.876Z		INSTITUTION_MATCH_FUZZY;COLLECTION_MATCH_FUZZY;DIFFERENT_OWNER_INSTITUTION
1024560198	21705170-d2b6-42de-8904-c3bca4b83591	CMMF005649	Fungi	Basidiomycota	Agaricomycetes	Boletales	Boletaceae	Baorangia	Baorangia bicolor		SPECIES	Boletus bicolor Peck	Boletus bicolor Peck	Peck	CA	Saint-Lazare (Montée Poirier)	Québec	PRESENT		ff7bd5db-b724-4932-b496-10ea298851f9	45.393333	-74.215833	100.0						1977-08-20	20	8	1977	8056099	7621292	PRESERVED_SPECIMEN	Université de Montréal Biodiversity Centre	CMMF	CMMF005649	Inexistant	McNeil, Raymond		CC0_1_0	Université de Montréal Biodiversity Centre	McNeil, Raymond			2024-01-24T16:38:16.619Z	StillImage	COORDINATE_ROUNDED;INSTITUTION_MATCH_FUZZY;COLLECTION_MATCH_FUZZY;DIFFERENT_OWNER_INSTITUTION
1024560180	21705170-d2b6-42de-8904-c3bca4b83591	CMMF005648	Fungi	Basidiomycota	Agaricomycetes	Boletales	Boletaceae	Baorangia	Baorangia bicolor		SPECIES	Boletus bicolor Peck	Boletus bicolor Peck	Peck	CA	Mirabel (Chemin de la Rivière du Nord)	Québec	PRESENT		ff7bd5db-b724-4932-b496-10ea298851f9	45.683917	-74.2185	100.0						1984-09-01	1	9	1984	8056099	7621292	PRESERVED_SPECIMEN	Université de Montréal Biodiversity Centre	CMMF	CMMF005648	1699	McNeil, Raymond		CC0_1_0	Université de Montréal Biodiversity Centre	McNeil, Raymond			2024-01-24T16:38:16.619Z	StillImage	COORDINATE_ROUNDED;INSTITUTION_MATCH_FUZZY;COLLECTION_MATCH_FUZZY;DIFFERENT_OWNER_INSTITUTION
