gbifID	datasetKey	occurrenceID	kingdom	phylum	class	order	family	genus	species	infraspecificEpithet	taxonRank	scientificName	verbatimScientificName	verbatimScientificNameAuthorship	countryCode	locality	stateProvince	occurrenceStatus	individualCount	publishingOrgKey	decimalLatitude	decimalLongitude	coordinateUncertaintyInMeters	coordinatePrecision	elevation	elevationAccuracy	depth	depthAccuracy	eventDate	day	month	year	taxonKey	speciesKey	basisOfRecord	institutionCode	collectionCode	catalogNumber	recordNumber	identifiedBy	dateIdentified	license	rightsHolder	recordedBy	typeStatus	establishmentMeans	lastInterpreted	mediaType	issue
694157072	d7cfd2ed-8af4-427f-a16e-eb66b7e2c419	14252	Fungi	Basidiomycota	Agaricomycetes	Agaricales	Hygrophoraceae	Cantharellula	Cantharellula umbonata		SPECIES	Cantharellula umbonata (J.F.Gmel.) Singer	Cantharellula umbonata (J.F. Gmel.) Singer	(J.F. Gmel.) Singer	CA	University of Toronto Forest	Ontario	PRESENT		ff418020-1d67-11d9-8435-b8a03c50a862	45.183005	-78.85025	7575.0						1963-09-13	13	9	1963	2532395	2532395	PRESERVED_SPECIMEN	Royal Ontario Museum	TRTC	TRTC040487		Luck-Allen, E.R.		CC0_1_0	Royal Ontario Museum	Luck-Allen, E.R.			2024-01-25T00:59:40.405Z		COORDINATE_ROUNDED;AMBIGUOUS_INSTITUTION
694157053	d7cfd2ed-8af4-427f-a16e-eb66b7e2c419	14225	Fungi	Basidiomycota	Agaricomycetes	Agaricales	Hygrophoraceae	Cantharellula	Cantharellula umbonata		SPECIES	Cantharellula umbonata (J.F.Gmel.) Singer	Cantharellula umbonata (J.F. Gmel.) Singer	(J.F. Gmel.) Singer	CA	University of Toronto Forest	Ontario	PRESENT		ff418020-1d67-11d9-8435-b8a03c50a862	45.183005	-78.85025	7575.0						1965-09-15	15	9	1965	2532395	2532395	PRESERVED_SPECIMEN	Royal Ontario Museum	TRTC	TRTC043327		Cain, R.F.		CC0_1_0	Royal Ontario Museum	Cain, R.F.			2024-01-25T00:59:40.371Z		COORDINATE_ROUNDED;AMBIGUOUS_INSTITUTION
694157045	d7cfd2ed-8af4-427f-a16e-eb66b7e2c419	14214	Fungi	Basidiomycota	Agaricomycetes	Agaricales	Hygrophoraceae	Cantharellula	Cantharellula umbonata		SPECIES	Cantharellula umbonata (J.F.Gmel.) Singer	Cantharellula umbonata (J.F. Gmel.) Singer	(J.F. Gmel.) Singer	CA	University of Toronto Forest	Ontario	PRESENT		ff418020-1d67-11d9-8435-b8a03c50a862	45.183005	-78.85025	7575.0						1961-09-14	14	9	1961	2532395	2532395	PRESERVED_SPECIMEN	Royal Ontario Museum	TRTC	TRTC037729		Cain, R.F. et al.		CC0_1_0	Royal Ontario Museum	Cain, R.F.			2024-01-25T00:59:40.366Z		COORDINATE_ROUNDED;AMBIGUOUS_INSTITUTION
694157044	d7cfd2ed-8af4-427f-a16e-eb66b7e2c419	14213	Fungi	Basidiomycota	Agaricomycetes	Agaricales	Hygrophoraceae	Cantharellula	Cantharellula umbonata		SPECIES	Cantharellula umbonata (J.F.Gmel.) Singer	Cantharellula umbonata (J.F. Gmel.) Singer	(J.F. Gmel.) Singer	CA	University of Toronto Forest	Ontario	PRESENT		ff418020-1d67-11d9-8435-b8a03c50a862	45.183005	-78.85025	7575.0						1964-09-16	16	9	1964	2532395	2532395	PRESERVED_SPECIMEN	Royal Ontario Museum	TRTC	TRTC042732		Cain, R.F.		CC0_1_0	Royal Ontario Museum	Cain, R.F.			2024-01-25T00:59:40.367Z		COORDINATE_ROUNDED;AMBIGUOUS_INSTITUTION
694157009	d7cfd2ed-8af4-427f-a16e-eb66b7e2c419	14077	Fungi	Basidiomycota	Agaricomycetes	Agaricales	Hygrophoraceae	Cantharellula	Cantharellula umbonata		SPECIES	Cantharellula umbonata (J.F.Gmel.) Singer	Cantharellula umbonata (J.F. Gmel.) Singer	(J.F. Gmel.) Singer	CA	Algonquin Provincial Park, Two Rivers trail	Ontario	PRESENT		ff418020-1d67-11d9-8435-b8a03c50a862	45.582509	-78.517141	1071.0						2007-10-06	6	10	2007	2532395	2532395	PRESERVED_SPECIMEN	Royal Ontario Museum	TRTC	TRTC157062	ALG07_237			CC0_1_0	Royal Ontario Museum	Maryna Didukh; Dentiger Bryn			2024-01-25T00:59:39.636Z	StillImage	COORDINATE_ROUNDED;AMBIGUOUS_INSTITUTION
617555525	21705170-d2b6-42de-8904-c3bca4b83591	CMMF000847	Fungi	Basidiomycota	Agaricomycetes	Agaricales	Hygrophoraceae	Cantharellula	Cantharellula umbonata		SPECIES	Cantharellula umbonata (J.F.Gmel.) Singer	Cantharellula umbonata (J.F. Gmel.) Singer	(J.F. Gmel.) Singer	CA	Lachute	Québec	PRESENT		ff7bd5db-b724-4932-b496-10ea298851f9	45.664878	-74.292134	8500.0						1989-09-24	24	9	1989	2532395	2532395	PRESERVED_SPECIMEN	Université de Montréal Biodiversity Centre	CMMF	CMMF000847		Lamoureux, Yves		CC0_1_0	Université de Montréal Biodiversity Centre	Lamoureux, Yves			2024-01-24T16:38:21.566Z	StillImage	INSTITUTION_MATCH_FUZZY;COLLECTION_MATCH_FUZZY;DIFFERENT_OWNER_INSTITUTION
617553614	21705170-d2b6-42de-8904-c3bca4b83591	CMMF000368	Fungi	Basidiomycota	Agaricomycetes	Agaricales	Hygrophoraceae	Cantharellula	Cantharellula umbonata		SPECIES	Cantharellula umbonata (J.F.Gmel.) Singer	Cantharellula umbonata (J.F. Gmel.) Singer	(J.F. Gmel.) Singer	CA	Lachute	Québec	PRESENT		ff7bd5db-b724-4932-b496-10ea298851f9	45.664878	-74.292134	8500.0						1988-09-21	21	9	1988	2532395	2532395	PRESERVED_SPECIMEN	Université de Montréal Biodiversity Centre	CMMF	CMMF000368		Lamoureux, Yves		CC0_1_0	Université de Montréal Biodiversity Centre	Lamoureux, Yves			2024-01-24T16:38:20.822Z	StillImage	INSTITUTION_MATCH_FUZZY;COLLECTION_MATCH_FUZZY;DIFFERENT_OWNER_INSTITUTION
617551490	21705170-d2b6-42de-8904-c3bca4b83591	CMMF002727	Fungi	Basidiomycota	Agaricomycetes	Agaricales	Hygrophoraceae	Cantharellula	Cantharellula umbonata		SPECIES	Cantharellula umbonata (J.F.Gmel.) Singer	Cantharellula umbonata (J.F. Gmel.) Singer	(J.F. Gmel.) Singer	CA	Contrecoeur	Québec	PRESENT		ff7bd5db-b724-4932-b496-10ea298851f9	45.876777	-73.209987	12000.0						1995-10-09	9	10	1995	2532395	2532395	PRESERVED_SPECIMEN	Université de Montréal Biodiversity Centre	CMMF	CMMF002727		Lamoureux, Yves		CC0_1_0	Université de Montréal Biodiversity Centre	Lamoureux, Yves			2024-01-24T16:38:20.491Z	StillImage	INSTITUTION_MATCH_FUZZY;COLLECTION_MATCH_FUZZY;DIFFERENT_OWNER_INSTITUTION
4987745161	50c9509d-22c7-4a22-a47d-8c48425ef4a7	https://www.inaturalist.org/observations/252689976	Fungi	Basidiomycota	Agaricomycetes	Agaricales	Hygrophoraceae	Cantharellula	Cantharellula umbonata		SPECIES	Cantharellula umbonata (J.F.Gmel.) Singer	Cantharellula umbonata		CA		Québec	PRESENT		28eb1a3f-1c15-4a95-931a-4af90ecb574d	45.100088	-73.875546	408.0						2024-10-15T13:17	15	10	2024	2532395	2532395	HUMAN_OBSERVATION	iNaturalist	Observations	252689976		Annabelle Langlois	2024-11-23T07:32:45	CC_BY_NC_4_0	Annabelle Langlois	Annabelle Langlois			2025-01-14T12:54:25.034Z	StillImage	COORDINATE_ROUNDED;CONTINENT_DERIVED_FROM_COORDINATES;TAXON_MATCH_TAXON_ID_IGNORED
4982049689	50c9509d-22c7-4a22-a47d-8c48425ef4a7	https://www.inaturalist.org/observations/33397007	Fungi	Basidiomycota	Agaricomycetes	Agaricales	Hygrophoraceae	Cantharellula	Cantharellula umbonata		SPECIES	Cantharellula umbonata (J.F.Gmel.) Singer	Cantharellula umbonata		CA		Québec	PRESENT		28eb1a3f-1c15-4a95-931a-4af90ecb574d	48.396091	-71.046089							2019-09-11T14:20	11	9	2019	2532395	2532395	HUMAN_OBSERVATION	iNaturalist	Observations	33397007		cinna_latifolia	2020-01-29T00:45:12	CC_BY_NC_4_0	LALEMAN Romain	LALEMAN Romain			2025-01-14T13:04:42.735Z	StillImage	COORDINATE_ROUNDED;CONTINENT_DERIVED_FROM_COORDINATES;TAXON_MATCH_TAXON_ID_IGNORED
4980251746	50c9509d-22c7-4a22-a47d-8c48425ef4a7	https://www.inaturalist.org/observations/250831274	Fungi	Basidiomycota	Agaricomycetes	Agaricales	Hygrophoraceae	Cantharellula	Cantharellula umbonata		SPECIES	Cantharellula umbonata (J.F.Gmel.) Singer	Cantharellula umbonata		CA		Québec	PRESENT		28eb1a3f-1c15-4a95-931a-4af90ecb574d	46.281278	-74.524344	1823.0						2024-09-01T14:46	1	9	2024	2532395	2532395	HUMAN_OBSERVATION	iNaturalist	Observations	250831274		gabboilard	2024-11-07T20:53:04	CC_BY_NC_4_0	gabboilard	gabboilard			2025-01-14T12:54:03.896Z	StillImage	COORDINATE_ROUNDED;CONTINENT_DERIVED_FROM_COORDINATES;TAXON_MATCH_TAXON_ID_IGNORED
4978464672	50c9509d-22c7-4a22-a47d-8c48425ef4a7	https://www.inaturalist.org/observations/249224435	Fungi	Basidiomycota	Agaricomycetes	Agaricales	Hygrophoraceae	Cantharellula	Cantharellula umbonata		SPECIES	Cantharellula umbonata (J.F.Gmel.) Singer	Cantharellula umbonata		CA		Québec	PRESENT		28eb1a3f-1c15-4a95-931a-4af90ecb574d	45.794822	-75.043833							2024-10-26T11:21:35	26	10	2024	2532395	2532395	HUMAN_OBSERVATION	iNaturalist	Observations	249224435		alexblain	2024-10-26T21:13:02	CC_BY_NC_4_0	alexblain	alexblain			2025-01-14T13:43:57.435Z	StillImage	COORDINATE_ROUNDED;CONTINENT_DERIVED_FROM_COORDINATES;TAXON_MATCH_TAXON_ID_IGNORED
4974142889	50c9509d-22c7-4a22-a47d-8c48425ef4a7	https://www.inaturalist.org/observations/247480138	Fungi	Basidiomycota	Agaricomycetes	Agaricales	Hygrophoraceae	Cantharellula	Cantharellula umbonata		SPECIES	Cantharellula umbonata (J.F.Gmel.) Singer	Cantharellula umbonata		CA		Ontario	PRESENT		28eb1a3f-1c15-4a95-931a-4af90ecb574d	45.574149	-78.683419	3.0						2024-10-15T10:10:23	15	10	2024	2532395	2532395	HUMAN_OBSERVATION	iNaturalist	Observations	247480138		Sarah Lamond	2024-10-15T14:58:34	CC_BY_NC_4_0	Sarah Lamond	Sarah Lamond			2025-01-14T12:54:17.211Z	StillImage	COORDINATE_ROUNDED;CONTINENT_DERIVED_FROM_COORDINATES;TAXON_MATCH_TAXON_ID_IGNORED
4973828932	50c9509d-22c7-4a22-a47d-8c48425ef4a7	https://www.inaturalist.org/observations/246955305	Fungi	Basidiomycota	Agaricomycetes	Agaricales	Hygrophoraceae	Cantharellula	Cantharellula umbonata		SPECIES	Cantharellula umbonata (J.F.Gmel.) Singer	Cantharellula umbonata		CA		Ontario	PRESENT		28eb1a3f-1c15-4a95-931a-4af90ecb574d	45.576625	-78.513292	32.0						2024-10-06T17:51:05	6	10	2024	2532395	2532395	HUMAN_OBSERVATION	iNaturalist	Observations	246955305		Kari Moreland	2024-10-12T16:44:44	CC0_1_0	Kari Moreland	Kari Moreland			2025-01-14T13:43:25.812Z	StillImage	COORDINATE_ROUNDED;CONTINENT_DERIVED_FROM_COORDINATES;TAXON_MATCH_TAXON_ID_IGNORED
4953039305	50c9509d-22c7-4a22-a47d-8c48425ef4a7	https://www.inaturalist.org/observations/246218127	Fungi	Basidiomycota	Agaricomycetes	Agaricales	Hygrophoraceae	Cantharellula	Cantharellula umbonata		SPECIES	Cantharellula umbonata (J.F.Gmel.) Singer	Cantharellula umbonata		CA		Québec	PRESENT		28eb1a3f-1c15-4a95-931a-4af90ecb574d	45.844123	-76.439387	15.0						2024-09-09T11:09	9	9	2024	2532395	2532395	HUMAN_OBSERVATION	iNaturalist	Observations	246218127		pascal_samson	2024-10-07T20:35:48	CC_BY_NC_4_0	pascal_samson	pascal_samson			2025-01-14T12:54:35.422Z	StillImage	COORDINATE_ROUNDED;CONTINENT_DERIVED_FROM_COORDINATES;TAXON_MATCH_TAXON_ID_IGNORED
4952708101	50c9509d-22c7-4a22-a47d-8c48425ef4a7	https://www.inaturalist.org/observations/244847391	Fungi	Basidiomycota	Agaricomycetes	Agaricales	Hygrophoraceae	Cantharellula	Cantharellula umbonata		SPECIES	Cantharellula umbonata (J.F.Gmel.) Singer	Cantharellula umbonata		CA		Québec	PRESENT		28eb1a3f-1c15-4a95-931a-4af90ecb574d	46.087958	-73.947896	1056.0						2024-09-29T13:14:21	29	9	2024	2532395	2532395	HUMAN_OBSERVATION	iNaturalist	Observations	244847391		lelfe	2024-09-30T04:28:23	CC_BY_NC_4_0	lelfe	lelfe			2025-01-14T12:54:21.820Z	StillImage	COORDINATE_ROUNDED;CONTINENT_DERIVED_FROM_COORDINATES;TAXON_MATCH_TAXON_ID_IGNORED
4952400012	50c9509d-22c7-4a22-a47d-8c48425ef4a7	https://www.inaturalist.org/observations/245997604	Fungi	Basidiomycota	Agaricomycetes	Agaricales	Hygrophoraceae	Cantharellula	Cantharellula umbonata		SPECIES	Cantharellula umbonata (J.F.Gmel.) Singer	Cantharellula umbonata		CA		Ontario	PRESENT		28eb1a3f-1c15-4a95-931a-4af90ecb574d	45.3816	-76.069808	4.0						2024-10-06T13:20:52	6	10	2024	2532395	2532395	HUMAN_OBSERVATION	iNaturalist	Observations	245997604		Grace Howard	2024-10-06T18:17:42	CC_BY_NC_4_0	Grace Howard	Grace Howard			2025-01-14T13:43:54.632Z	StillImage	COORDINATE_ROUNDED;CONTINENT_DERIVED_FROM_COORDINATES;TAXON_MATCH_TAXON_ID_IGNORED
4952199849	50c9509d-22c7-4a22-a47d-8c48425ef4a7	https://www.inaturalist.org/observations/244752436	Fungi	Basidiomycota	Agaricomycetes	Agaricales	Hygrophoraceae	Cantharellula	Cantharellula umbonata		SPECIES	Cantharellula umbonata (J.F.Gmel.) Singer	Cantharellula umbonata		CA		Ontario	PRESENT		28eb1a3f-1c15-4a95-931a-4af90ecb574d	45.353647	-76.00245	3.0						2024-09-29T13:29:01	29	9	2024	2532395	2532395	HUMAN_OBSERVATION	iNaturalist	Observations	244752436		Grace Howard	2024-09-29T18:38:19	CC_BY_NC_4_0	Grace Howard	Grace Howard			2025-01-14T12:52:19.083Z	StillImage	COORDINATE_ROUNDED;CONTINENT_DERIVED_FROM_COORDINATES;TAXON_MATCH_TAXON_ID_IGNORED
4946327339	50c9509d-22c7-4a22-a47d-8c48425ef4a7	https://www.inaturalist.org/observations/241047929	Fungi	Basidiomycota	Agaricomycetes	Agaricales	Hygrophoraceae	Cantharellula	Cantharellula umbonata		SPECIES	Cantharellula umbonata (J.F.Gmel.) Singer	Cantharellula umbonata		CA		Ontario	PRESENT		28eb1a3f-1c15-4a95-931a-4af90ecb574d	45.578397	-78.69877	898.0						2024-09-10T09:00:08	10	9	2024	2532395	2532395	HUMAN_OBSERVATION	iNaturalist	Observations	241047929		Dawn Sherman	2024-09-11T02:50:23	CC_BY_NC_4_0	Dawn Sherman	Dawn Sherman			2025-01-14T12:49:46.455Z	StillImage	COORDINATE_ROUNDED;CONTINENT_DERIVED_FROM_COORDINATES;TAXON_MATCH_TAXON_ID_IGNORED
4946051369	50c9509d-22c7-4a22-a47d-8c48425ef4a7	https://www.inaturalist.org/observations/239666872	Fungi	Basidiomycota	Agaricomycetes	Agaricales	Hygrophoraceae	Cantharellula	Cantharellula umbonata		SPECIES	Cantharellula umbonata (J.F.Gmel.) Singer	Cantharellula umbonata		CA		Québec	PRESENT		28eb1a3f-1c15-4a95-931a-4af90ecb574d	48.112763	-77.478222	6.0						2024-08-26T13:42:10	26	8	2024	2532395	2532395	HUMAN_OBSERVATION	iNaturalist	Observations	239666872		Camille Boucher	2024-09-03T19:26:13	CC_BY_NC_4_0	Camille Boucher	Camille Boucher			2025-01-14T12:52:48.165Z	StillImage	COORDINATE_ROUNDED;CONTINENT_DERIVED_FROM_COORDINATES;TAXON_MATCH_TAXON_ID_IGNORED
4945975266	50c9509d-22c7-4a22-a47d-8c48425ef4a7	https://www.inaturalist.org/observations/239537281	Fungi	Basidiomycota	Agaricomycetes	Agaricales	Hygrophoraceae	Cantharellula	Cantharellula umbonata		SPECIES	Cantharellula umbonata (J.F.Gmel.) Singer	Cantharellula umbonata		CA		Québec	PRESENT		28eb1a3f-1c15-4a95-931a-4af90ecb574d	46.515413	-74.83593	3.0						2024-09-02T18:12:58	2	9	2024	2532395	2532395	HUMAN_OBSERVATION	iNaturalist	Observations	239537281		Elisabeth Greene	2024-09-03T02:08:03	CC_BY_NC_4_0	Elisabeth Greene	Elisabeth Greene			2025-01-14T12:57:53.133Z	StillImage	COORDINATE_ROUNDED;CONTINENT_DERIVED_FROM_COORDINATES;TAXON_MATCH_TAXON_ID_IGNORED
4945865309	50c9509d-22c7-4a22-a47d-8c48425ef4a7	https://www.inaturalist.org/observations/239489517	Fungi	Basidiomycota	Agaricomycetes	Agaricales	Hygrophoraceae	Cantharellula	Cantharellula umbonata		SPECIES	Cantharellula umbonata (J.F.Gmel.) Singer	Cantharellula umbonata		CA		Ontario	PRESENT		28eb1a3f-1c15-4a95-931a-4af90ecb574d	45.583028	-78.45192	4.0						2024-09-02T12:04:29	2	9	2024	2532395	2532395	HUMAN_OBSERVATION	iNaturalist	Observations	239489517		Dawn Sherman	2024-09-02T21:40:49	CC_BY_NC_4_0	Dawn Sherman	Dawn Sherman			2025-01-14T12:54:10.032Z	StillImage	COORDINATE_ROUNDED;CONTINENT_DERIVED_FROM_COORDINATES;TAXON_MATCH_TAXON_ID_IGNORED
4945845218	50c9509d-22c7-4a22-a47d-8c48425ef4a7	https://www.inaturalist.org/observations/237388453	Fungi	Basidiomycota	Agaricomycetes	Agaricales	Hygrophoraceae	Cantharellula	Cantharellula umbonata		SPECIES	Cantharellula umbonata (J.F.Gmel.) Singer	Cantharellula umbonata		CA		Québec	PRESENT		28eb1a3f-1c15-4a95-931a-4af90ecb574d	45.872811	-76.4339	501.0						2024-08-20T11:42	20	8	2024	2532395	2532395	HUMAN_OBSERVATION	iNaturalist	Observations	237388453		L Joan Heyding	2024-08-23T01:22:20	CC_BY_NC_4_0	L Joan Heyding	L Joan Heyding			2025-01-14T13:43:30.324Z	StillImage	COORDINATE_ROUNDED;CONTINENT_DERIVED_FROM_COORDINATES;TAXON_MATCH_TAXON_ID_IGNORED
4945686839	50c9509d-22c7-4a22-a47d-8c48425ef4a7	https://www.inaturalist.org/observations/238533897	Fungi	Basidiomycota	Agaricomycetes	Agaricales	Hygrophoraceae	Cantharellula	Cantharellula umbonata		SPECIES	Cantharellula umbonata (J.F.Gmel.) Singer	Cantharellula umbonata		CA		Québec	PRESENT		28eb1a3f-1c15-4a95-931a-4af90ecb574d	46.326815	-74.516058	18.0						2024-08-28T11:41:18	28	8	2024	2532395	2532395	HUMAN_OBSERVATION	iNaturalist	Observations	238533897		sajala	2024-08-29T04:01:52	CC_BY_NC_4_0	sajala	sajala			2025-01-14T13:43:45.608Z	StillImage	COORDINATE_ROUNDED;CONTINENT_DERIVED_FROM_COORDINATES;TAXON_MATCH_TAXON_ID_IGNORED
4945623904	50c9509d-22c7-4a22-a47d-8c48425ef4a7	https://www.inaturalist.org/observations/242087002	Fungi	Basidiomycota	Agaricomycetes	Agaricales	Hygrophoraceae	Cantharellula	Cantharellula umbonata		SPECIES	Cantharellula umbonata (J.F.Gmel.) Singer	Cantharellula umbonata		CA		Québec	PRESENT		28eb1a3f-1c15-4a95-931a-4af90ecb574d	48.402799	-71.042091	8051.0						2024-09-16T09:09:28	16	9	2024	2532395	2532395	HUMAN_OBSERVATION	iNaturalist	Observations	242087002		leila17g	2024-09-16T13:10:10	CC_BY_NC_4_0	leila17g	leila17g			2025-01-14T13:42:59.543Z	StillImage	COORDINATE_ROUNDED;CONTINENT_DERIVED_FROM_COORDINATES;TAXON_MATCH_TAXON_ID_IGNORED
4936821432	50c9509d-22c7-4a22-a47d-8c48425ef4a7	https://www.inaturalist.org/observations/237966228	Fungi	Basidiomycota	Agaricomycetes	Agaricales	Hygrophoraceae	Cantharellula	Cantharellula umbonata		SPECIES	Cantharellula umbonata (J.F.Gmel.) Singer	Cantharellula umbonata		CA		Québec	PRESENT		28eb1a3f-1c15-4a95-931a-4af90ecb574d	45.888056	-76.229167	182.0						2024-08-24T09:08	24	8	2024	2532395	2532395	HUMAN_OBSERVATION	iNaturalist	Observations	237966228		L Joan Heyding	2024-08-25T23:12:45	CC_BY_NC_4_0	L Joan Heyding	L Joan Heyding			2025-01-14T12:52:41.045Z	StillImage	CONTINENT_DERIVED_FROM_COORDINATES;TAXON_MATCH_TAXON_ID_IGNORED
4935789471	50c9509d-22c7-4a22-a47d-8c48425ef4a7	https://www.inaturalist.org/observations/237964011	Fungi	Basidiomycota	Agaricomycetes	Agaricales	Hygrophoraceae	Cantharellula	Cantharellula umbonata		SPECIES	Cantharellula umbonata (J.F.Gmel.) Singer	Cantharellula umbonata		CA		Québec	PRESENT		28eb1a3f-1c15-4a95-931a-4af90ecb574d	45.888056	-76.229167	182.0						2024-08-24T08:59	24	8	2024	2532395	2532395	HUMAN_OBSERVATION	iNaturalist	Observations	237964011		L Joan Heyding	2024-08-25T23:00:34	CC_BY_NC_4_0	L Joan Heyding	L Joan Heyding			2025-01-14T13:43:29.917Z	StillImage	CONTINENT_DERIVED_FROM_COORDINATES;TAXON_MATCH_TAXON_ID_IGNORED
4607022536	50c9509d-22c7-4a22-a47d-8c48425ef4a7	https://www.inaturalist.org/observations/58751613	Fungi	Basidiomycota	Agaricomycetes	Agaricales	Hygrophoraceae	Cantharellula	Cantharellula umbonata		SPECIES	Cantharellula umbonata (J.F.Gmel.) Singer	Cantharellula umbonata		CA		Québec	PRESENT		28eb1a3f-1c15-4a95-931a-4af90ecb574d	45.76907	-76.538017	1543.0						2020-09-06T14:25:55	6	9	2020	2532395	2532395	HUMAN_OBSERVATION	iNaturalist	Observations	58751613		Carl-Adam Wegenschimmel	2021-11-26T17:27:57	CC_BY_NC_4_0	bharkness	bharkness			2025-01-14T13:05:44.401Z	StillImage	COORDINATE_ROUNDED;CONTINENT_DERIVED_FROM_COORDINATES;TAXON_MATCH_TAXON_ID_IGNORED
4516901775	50c9509d-22c7-4a22-a47d-8c48425ef4a7	https://www.inaturalist.org/observations/197948601	Fungi	Basidiomycota	Agaricomycetes	Agaricales	Hygrophoraceae	Cantharellula	Cantharellula umbonata		SPECIES	Cantharellula umbonata (J.F.Gmel.) Singer	Cantharellula umbonata		CA		Ontario	PRESENT		28eb1a3f-1c15-4a95-931a-4af90ecb574d	45.578369	-78.699101	459.0						2023-08-15T09:37	15	8	2023	2532395	2532395	HUMAN_OBSERVATION	iNaturalist	Observations	197948601		Jon Pleizier	2024-01-30T04:37:55	CC_BY_NC_4_0	Jon Pleizier	Jon Pleizier			2025-01-14T12:43:05.441Z	StillImage	COORDINATE_ROUNDED;CONTINENT_DERIVED_FROM_COORDINATES;TAXON_MATCH_TAXON_ID_IGNORED
4453923544	50c9509d-22c7-4a22-a47d-8c48425ef4a7	https://www.inaturalist.org/observations/131457429	Fungi	Basidiomycota	Agaricomycetes	Agaricales	Hygrophoraceae	Cantharellula	Cantharellula umbonata		SPECIES	Cantharellula umbonata (J.F.Gmel.) Singer	Cantharellula umbonata		CA		Québec	PRESENT		28eb1a3f-1c15-4a95-931a-4af90ecb574d	46.103213	-74.370448	4.0						2022-08-19T10:34:46	19	8	2022	2532395	2532395	HUMAN_OBSERVATION	iNaturalist	Observations	131457429		Fabian Orozco	2022-08-19T14:35:17	CC_BY_4_0	Fabian Orozco	Fabian Orozco			2025-01-14T13:19:15.386Z	StillImage	COORDINATE_ROUNDED;CONTINENT_DERIVED_FROM_COORDINATES;TAXON_MATCH_TAXON_ID_IGNORED
4453846575	50c9509d-22c7-4a22-a47d-8c48425ef4a7	https://www.inaturalist.org/observations/131457363	Fungi	Basidiomycota	Agaricomycetes	Agaricales	Hygrophoraceae	Cantharellula	Cantharellula umbonata		SPECIES	Cantharellula umbonata (J.F.Gmel.) Singer	Cantharellula umbonata		CA		Québec	PRESENT		28eb1a3f-1c15-4a95-931a-4af90ecb574d	46.103222	-74.37044	4.0						2022-08-19T10:32:43	19	8	2022	2532395	2532395	HUMAN_OBSERVATION	iNaturalist	Observations	131457363		cinna_latifolia	2022-08-19T19:48:44	CC_BY_4_0	Fabian Orozco	Fabian Orozco			2025-01-14T12:31:26.295Z	StillImage	COORDINATE_ROUNDED;CONTINENT_DERIVED_FROM_COORDINATES;TAXON_MATCH_TAXON_ID_IGNORED
4438982887	50c9509d-22c7-4a22-a47d-8c48425ef4a7	https://www.inaturalist.org/observations/189891596	Fungi	Basidiomycota	Agaricomycetes	Agaricales	Hygrophoraceae	Cantharellula	Cantharellula umbonata		SPECIES	Cantharellula umbonata (J.F.Gmel.) Singer	Cantharellula umbonata		CA		Ontario	PRESENT		28eb1a3f-1c15-4a95-931a-4af90ecb574d	45.412888	-75.139953	5.0						2023-11-03T15:45:03	3	11	2023	2532395	2532395	HUMAN_OBSERVATION	iNaturalist	Observations	189891596		Lynn Ovenden	2023-11-03T21:21:48	CC_BY_NC_4_0	Lynn Ovenden	Lynn Ovenden			2025-01-14T12:44:52.901Z	StillImage	COORDINATE_ROUNDED;CONTINENT_DERIVED_FROM_COORDINATES;TAXON_MATCH_TAXON_ID_IGNORED
4438687349	50c9509d-22c7-4a22-a47d-8c48425ef4a7	https://www.inaturalist.org/observations/189295048	Fungi	Basidiomycota	Agaricomycetes	Agaricales	Hygrophoraceae	Cantharellula	Cantharellula umbonata		SPECIES	Cantharellula umbonata (J.F.Gmel.) Singer	Cantharellula umbonata		CA		New Brunswick	PRESENT		28eb1a3f-1c15-4a95-931a-4af90ecb574d	47.614883	-65.828255	16.0						2023-10-28T14:04:34	28	10	2023	2532395	2532395	HUMAN_OBSERVATION	iNaturalist	Observations	189295048		clara_bri	2023-10-29T00:45:57	CC_BY_NC_4_0	clara_bri	clara_bri			2025-01-14T12:43:03.377Z	StillImage	COORDINATE_ROUNDED;CONTINENT_DERIVED_FROM_COORDINATES;TAXON_MATCH_TAXON_ID_IGNORED
4436147416	50c9509d-22c7-4a22-a47d-8c48425ef4a7	https://www.inaturalist.org/observations/188581715	Fungi	Basidiomycota	Agaricomycetes	Agaricales	Hygrophoraceae	Cantharellula	Cantharellula umbonata		SPECIES	Cantharellula umbonata (J.F.Gmel.) Singer	Cantharellula umbonata		CA		Ontario	PRESENT		28eb1a3f-1c15-4a95-931a-4af90ecb574d	45.573889	-78.498889							2023-10-14T17:36	14	10	2023	2532395	2532395	HUMAN_OBSERVATION	iNaturalist	Observations	188581715		Annika Wilcox	2023-10-22T21:47:33	CC_BY_NC_4_0	Annika Wilcox	Annika Wilcox			2025-01-14T13:32:56.794Z	StillImage	COORDINATE_ROUNDED;CONTINENT_DERIVED_FROM_COORDINATES;TAXON_MATCH_TAXON_ID_IGNORED
4431210423	50c9509d-22c7-4a22-a47d-8c48425ef4a7	https://www.inaturalist.org/observations/188384965	Fungi	Basidiomycota	Agaricomycetes	Agaricales	Hygrophoraceae	Cantharellula	Cantharellula umbonata		SPECIES	Cantharellula umbonata (J.F.Gmel.) Singer	Cantharellula umbonata		CA		Québec	PRESENT		28eb1a3f-1c15-4a95-931a-4af90ecb574d	45.660204	-74.246258	404.0						2023-10-14T10:29	14	10	2023	2532395	2532395	HUMAN_OBSERVATION	iNaturalist	Observations	188384965		Antoine Fortin	2023-10-21T15:00:42	CC_BY_NC_4_0	Antoine Fortin	Antoine Fortin			2025-01-14T13:28:24.105Z	StillImage	COORDINATE_ROUNDED;CONTINENT_DERIVED_FROM_COORDINATES;TAXON_MATCH_TAXON_ID_IGNORED
4431208669	50c9509d-22c7-4a22-a47d-8c48425ef4a7	https://www.inaturalist.org/observations/188467300	Fungi	Basidiomycota	Agaricomycetes	Agaricales	Hygrophoraceae	Cantharellula	Cantharellula umbonata		SPECIES	Cantharellula umbonata (J.F.Gmel.) Singer	Cantharellula umbonata		CA		Québec	PRESENT		28eb1a3f-1c15-4a95-931a-4af90ecb574d	45.660607	-74.245936	601.0						2023-10-21T11:22:09	21	10	2023	2532395	2532395	HUMAN_OBSERVATION	iNaturalist	Observations	188467300		Étienne Godin	2023-10-22T02:46:27	CC_BY_NC_4_0	Étienne Godin	Étienne Godin			2025-01-14T12:44:52.224Z	StillImage	COORDINATE_ROUNDED;CONTINENT_DERIVED_FROM_COORDINATES;TAXON_MATCH_TAXON_ID_IGNORED
4430557180	50c9509d-22c7-4a22-a47d-8c48425ef4a7	https://www.inaturalist.org/observations/187569559	Fungi	Basidiomycota	Agaricomycetes	Agaricales	Hygrophoraceae	Cantharellula	Cantharellula umbonata		SPECIES	Cantharellula umbonata (J.F.Gmel.) Singer	Cantharellula umbonata		CA		Québec	PRESENT		28eb1a3f-1c15-4a95-931a-4af90ecb574d	45.664362	-74.243325	5.0						2023-10-14T10:22:51	14	10	2023	2532395	2532395	HUMAN_OBSERVATION	iNaturalist	Observations	187569559		timfoster	2023-10-15T00:42:20	CC_BY_NC_4_0	timfoster	timfoster			2025-01-14T13:32:48.666Z	StillImage	COORDINATE_ROUNDED;CONTINENT_DERIVED_FROM_COORDINATES;TAXON_MATCH_TAXON_ID_IGNORED
4417146150	50c9509d-22c7-4a22-a47d-8c48425ef4a7	https://www.inaturalist.org/observations/184789489	Fungi	Basidiomycota	Agaricomycetes	Agaricales	Hygrophoraceae	Cantharellula	Cantharellula umbonata		SPECIES	Cantharellula umbonata (J.F.Gmel.) Singer	Cantharellula umbonata		CA		Québec	PRESENT		28eb1a3f-1c15-4a95-931a-4af90ecb574d	47.833613	-70.766333	6.0						2023-09-20T16:14:36	20	9	2023	2532395	2532395	HUMAN_OBSERVATION	iNaturalist	Observations	184789489		Christian Langlois	2023-09-25T00:15:44	CC_BY_4_0	Christian Langlois	Christian Langlois			2025-01-14T13:41:22.416Z	StillImage	COORDINATE_ROUNDED;CONTINENT_DERIVED_FROM_COORDINATES;TAXON_MATCH_TAXON_ID_IGNORED
4414123838	50c9509d-22c7-4a22-a47d-8c48425ef4a7	https://www.inaturalist.org/observations/183854472	Fungi	Basidiomycota	Agaricomycetes	Agaricales	Hygrophoraceae	Cantharellula	Cantharellula umbonata		SPECIES	Cantharellula umbonata (J.F.Gmel.) Singer	Cantharellula umbonata		CA		Ontario	PRESENT		28eb1a3f-1c15-4a95-931a-4af90ecb574d	45.305949	-78.857779	27190.0						2023-09-17T17:48	17	9	2023	2532395	2532395	HUMAN_OBSERVATION	iNaturalist	Observations	183854472		Ben	2023-09-18T15:37:07	CC_BY_NC_4_0	Ben	Ben			2025-01-14T13:33:36.637Z	StillImage	COORDINATE_ROUNDED;CONTINENT_DERIVED_FROM_COORDINATES;TAXON_MATCH_TAXON_ID_IGNORED
4414008400	50c9509d-22c7-4a22-a47d-8c48425ef4a7	https://www.inaturalist.org/observations/181737905	Fungi	Basidiomycota	Agaricomycetes	Agaricales	Hygrophoraceae	Cantharellula	Cantharellula umbonata		SPECIES	Cantharellula umbonata (J.F.Gmel.) Singer	Cantharellula umbonata		CA		Québec	PRESENT		28eb1a3f-1c15-4a95-931a-4af90ecb574d	48.423837	-77.830322	3.0						2023-09-04T09:56:06	4	9	2023	2532395	2532395	HUMAN_OBSERVATION	iNaturalist	Observations	181737905		timfoster	2023-09-04T14:05:18	CC_BY_NC_4_0	timfoster	timfoster			2025-01-14T13:32:23.936Z	StillImage	COORDINATE_ROUNDED;CONTINENT_DERIVED_FROM_COORDINATES;TAXON_MATCH_TAXON_ID_IGNORED
4413831537	50c9509d-22c7-4a22-a47d-8c48425ef4a7	https://www.inaturalist.org/observations/182721680	Fungi	Basidiomycota	Agaricomycetes	Agaricales	Hygrophoraceae	Cantharellula	Cantharellula umbonata		SPECIES	Cantharellula umbonata (J.F.Gmel.) Singer	Cantharellula umbonata		CA		Québec	PRESENT		28eb1a3f-1c15-4a95-931a-4af90ecb574d	48.909273	-72.392171							2023-09-10T13:37	10	9	2023	2532395	2532395	HUMAN_OBSERVATION	iNaturalist	Observations	182721680		Paul Vézina	2023-09-10T22:50:15	CC_BY_NC_4_0	Paul Vézina	Paul Vézina			2025-01-14T12:42:11.734Z	StillImage	COORDINATE_ROUNDED;CONTINENT_DERIVED_FROM_COORDINATES;TAXON_MATCH_TAXON_ID_IGNORED
4407133811	50c9509d-22c7-4a22-a47d-8c48425ef4a7	https://www.inaturalist.org/observations/180860111	Fungi	Basidiomycota	Agaricomycetes	Agaricales	Hygrophoraceae	Cantharellula	Cantharellula umbonata		SPECIES	Cantharellula umbonata (J.F.Gmel.) Singer	Cantharellula umbonata		CA		Québec	PRESENT		28eb1a3f-1c15-4a95-931a-4af90ecb574d	45.973115	-76.570108	27095.0						2023-08-26T10:06	26	8	2023	2532395	2532395	HUMAN_OBSERVATION	iNaturalist	Observations	180860111		L Joan Heyding	2023-08-30T02:07:04	CC_BY_NC_4_0	L Joan Heyding	L Joan Heyding			2025-01-14T13:26:58.044Z	StillImage	COORDINATE_ROUNDED;CONTINENT_DERIVED_FROM_COORDINATES;TAXON_MATCH_TAXON_ID_IGNORED
4400482107	50c9509d-22c7-4a22-a47d-8c48425ef4a7	https://www.inaturalist.org/observations/179464721	Fungi	Basidiomycota	Agaricomycetes	Agaricales	Hygrophoraceae	Cantharellula	Cantharellula umbonata		SPECIES	Cantharellula umbonata (J.F.Gmel.) Singer	Cantharellula umbonata		CA		Québec	PRESENT		28eb1a3f-1c15-4a95-931a-4af90ecb574d	45.2479	-73.91053	27190.0						2023-08-20T11:02	20	8	2023	2532395	2532395	HUMAN_OBSERVATION	iNaturalist	Observations	179464721		Mical	2023-08-21T02:33:46	CC_BY_4_0	Mical	Mical			2025-01-14T12:42:12.793Z	StillImage	COORDINATE_ROUNDED;CONTINENT_DERIVED_FROM_COORDINATES;TAXON_MATCH_TAXON_ID_IGNORED
4166437709	695cef75-b65f-4776-b2ed-74565eebb16e	02-01000974118	Fungi	Basidiomycota	Agaricomycetes	Agaricales	Hygrophoraceae	Cantharellula	Cantharellula umbonata		SPECIES	Cantharellula umbonata (J.F.Gmel.) Singer	Cantharellula umbonata	(J.F. Gmel.) Singer	CA	Albanel	Quebec	PRESENT		055bd978-2daa-4543-b3f0-44e0e87e86ca	48.9	-72.383333							1982-08-25	25	8	1982	2532395	2532395	PRESERVED_SPECIMEN	AAFC	DAOM	186983		Y. Dalpé		CC_BY_4_0	©His Majesty the King in Right of Canada, as represented by the Minister of Agriculture and Agri-Food	C. Babcock			2025-01-12T05:11:16.357Z		GEODETIC_DATUM_ASSUMED_WGS84;CONTINENT_DERIVED_FROM_COORDINATES;TAXON_MATCH_TAXON_ID_IGNORED;INSTITUTION_MATCH_FUZZY
4166417448	695cef75-b65f-4776-b2ed-74565eebb16e	02-01000974114	Fungi	Basidiomycota	Agaricomycetes	Agaricales	Hygrophoraceae	Cantharellula	Cantharellula umbonata		SPECIES	Cantharellula umbonata (J.F.Gmel.) Singer	Cantharellula umbonata	(J.F. Gmel.) Singer	CA	Hemlock Bluh Trail	Ontario	PRESENT		055bd978-2daa-4543-b3f0-44e0e87e86ca	45.575	-78.55							1974-08-28	28	8	1974	2532395	2532395	PRESERVED_SPECIMEN	AAFC	DAOM	186732		D. Malloch		CC_BY_4_0	©His Majesty the King in Right of Canada, as represented by the Minister of Agriculture and Agri-Food	Dr. Daams			2025-01-12T05:11:16.286Z		GEODETIC_DATUM_ASSUMED_WGS84;CONTINENT_DERIVED_FROM_COORDINATES;TAXON_MATCH_TAXON_ID_IGNORED;INSTITUTION_MATCH_FUZZY
4166410442	695cef75-b65f-4776-b2ed-74565eebb16e	02-01000974102	Fungi	Basidiomycota	Agaricomycetes	Agaricales	Hygrophoraceae	Cantharellula	Cantharellula umbonata		SPECIES	Cantharellula umbonata (J.F.Gmel.) Singer	Cantharellula umbonata	(J.F. Gmel.) Singer	CA	Rte. Principale, near Lac Grandpré & Lac Nadreau	Quebec	PRESENT		055bd978-2daa-4543-b3f0-44e0e87e86ca	47.455556	-71.245833							1981-08-15	15	8	1981	2532395	2532395	PRESERVED_SPECIMEN	AAFC	DAOM	180846		S.A. Redhead		CC_BY_4_0	©His Majesty the King in Right of Canada, as represented by the Minister of Agriculture and Agri-Food	M.E. Elliott Foray Group			2025-01-12T05:11:16.196Z		GEODETIC_DATUM_ASSUMED_WGS84;CONTINENT_DERIVED_FROM_COORDINATES;TAXON_MATCH_TAXON_ID_IGNORED;INSTITUTION_MATCH_FUZZY
4166286404	695cef75-b65f-4776-b2ed-74565eebb16e	02-01000974121	Fungi	Basidiomycota	Agaricomycetes	Agaricales	Hygrophoraceae	Cantharellula	Cantharellula umbonata		SPECIES	Cantharellula umbonata (J.F.Gmel.) Singer	Cantharellula umbonata	(J.F. Gmel.) Singer	CA	Cte Chicoutimi, Isle-Malcjue	Quebec	PRESENT		055bd978-2daa-4543-b3f0-44e0e87e86ca	48.575	-71.633333							1982-08-26	26	8	1982	2532395	2532395	PRESERVED_SPECIMEN	AAFC	DAOM	186976		Y. Dalpé		CC_BY_4_0	©His Majesty the King in Right of Canada, as represented by the Minister of Agriculture and Agri-Food	C. Babcock, Y. Dalpé 283			2025-01-12T05:11:16.358Z		GEODETIC_DATUM_ASSUMED_WGS84;CONTINENT_DERIVED_FROM_COORDINATES;TAXON_MATCH_TAXON_ID_IGNORED;INSTITUTION_MATCH_FUZZY
4104517633	5a6538b8-e35c-46c4-8978-6858a657a75f	a66e16a6-7627-4cde-be0a-7fc25e8e9db2	Fungi	Basidiomycota	Agaricomycetes	Agaricales	Hygrophoraceae	Cantharellula	Cantharellula umbonata		SPECIES	Cantharellus umbonatus GmelinFr.	Cantharellus umbonatus	Deepika, Ram. Upadhyay & Mod.S. Reddy	CA		Quebec	PRESENT		a26dde42-dd82-4d07-a763-353ab27fc02c	46.033333	-73.7	12661.0						1965-10-06	6	10	1965	11248475	2532395	PRESERVED_SPECIMEN	CUP		CUP-055938	65-247	J.W. Groves		CC0_1_0		J.W. Groves			2025-01-15T04:26:05.662Z	StillImage	GEODETIC_DATUM_ASSUMED_WGS84;CONTINENT_DERIVED_FROM_COORDINATES;TAXON_MATCH_TAXON_ID_IGNORED;COLLECTION_MATCH_NONE;INSTITUTION_MATCH_FUZZY
4104429510	5a6538b8-e35c-46c4-8978-6858a657a75f	476f927d-b210-4c3d-ab7b-f941586d3ce6	Fungi	Basidiomycota	Agaricomycetes	Agaricales	Hygrophoraceae	Cantharellula	Cantharellula umbonata		SPECIES	Cantharellus umbonatus GmelinFr.	Cantharellus umbonatus	Deepika, Ram. Upadhyay & Mod.S. Reddy	CA	Sackville	New Brunswick	PRESENT		a26dde42-dd82-4d07-a763-353ab27fc02c	45.883333	-64.35	7470.0						1902-10-10	10	10	1902	11248475	2532395	PRESERVED_SPECIMEN	CUP		CUP-A-018296				CC0_1_0		Gates, Reginald			2025-01-15T04:26:00.244Z		GEODETIC_DATUM_ASSUMED_WGS84;CONTINENT_DERIVED_FROM_COORDINATES;TAXON_MATCH_TAXON_ID_IGNORED;COLLECTION_MATCH_NONE;INSTITUTION_MATCH_FUZZY
4102639467	50c9509d-22c7-4a22-a47d-8c48425ef4a7	https://www.inaturalist.org/observations/142791053	Fungi	Basidiomycota	Agaricomycetes	Agaricales	Hygrophoraceae	Cantharellula	Cantharellula umbonata		SPECIES	Cantharellula umbonata (J.F.Gmel.) Singer	Cantharellula umbonata		CA		Québec	PRESENT		28eb1a3f-1c15-4a95-931a-4af90ecb574d	46.17757	-74.46177	64.0						2022-10-22T12:35:46	22	10	2022	2532395	2532395	HUMAN_OBSERVATION	iNaturalist	Observations	142791053		cinna_latifolia	2022-12-28T05:37:44	CC_BY_NC_4_0	arwebby	arwebby			2025-01-14T12:33:26.104Z	StillImage	CONTINENT_DERIVED_FROM_COORDINATES;TAXON_MATCH_TAXON_ID_IGNORED
4023668664	fb9d7c38-5759-4c30-9e09-5b6bd43f78a6	http://id.luomus.fi/MY.9747181	Fungi	Basidiomycota	Agaricomycetes	Agaricales	Hygrophoraceae	Cantharellula	Cantharellula umbonata		SPECIES	Cantharellula umbonata (J.F.Gmel.) Singer	Cantharellula umbonata (J. F. Gmel. : Fr.) Singer		CA		Quebec	PRESENT		04fd2e13-6881-4e5c-9dd1-8fdd9ab993c1	46.05	-73.71							1965-10-16T00:00Z	16	10	1965	2532395	2532395	PRESERVED_SPECIMEN	H		http://id.luomus.fi/HA.H7066255	J. W. Groves 65-247			CC_BY_4_0		Groves, J. W.			2025-01-17T02:41:18.783Z		CONTINENT_DERIVED_FROM_COORDINATES;TAXON_MATCH_TAXON_ID_IGNORED;COLLECTION_MATCH_NONE;INSTITUTION_MATCH_FUZZY
4023668647	fb9d7c38-5759-4c30-9e09-5b6bd43f78a6	http://id.luomus.fi/MY.9747177	Fungi	Basidiomycota	Agaricomycetes	Agaricales	Hygrophoraceae	Cantharellula	Cantharellula umbonata		SPECIES	Cantharellula umbonata (J.F.Gmel.) Singer	Cantharellula umbonata (J. F. Gmel. : Fr.) Singer		CA	La Verendrye Park	Quebec	PRESENT		04fd2e13-6881-4e5c-9dd1-8fdd9ab993c1	47.03	-76.53							1965-09-15T00:00Z	15	9	1965	2532395	2532395	PRESERVED_SPECIMEN	H		http://id.luomus.fi/HA.H7066254	M.E. Elliott 65-65	Groves, J.W.		CC_BY_4_0		Elliott, M. E.			2025-01-17T02:41:18.780Z		CONTINENT_DERIVED_FROM_COORDINATES;TAXON_MATCH_TAXON_ID_IGNORED;COLLECTION_MATCH_NONE;INSTITUTION_MATCH_FUZZY
4011594605	50c9509d-22c7-4a22-a47d-8c48425ef4a7	https://www.inaturalist.org/observations/141339118	Fungi	Basidiomycota	Agaricomycetes	Agaricales	Hygrophoraceae	Cantharellula	Cantharellula umbonata		SPECIES	Cantharellula umbonata (J.F.Gmel.) Singer	Cantharellula umbonata		CA		Ontario	PRESENT		28eb1a3f-1c15-4a95-931a-4af90ecb574d	45.056968	-76.293204	30734.0						2022-11-05T13:48:07	5	11	2022	2532395	2532395	HUMAN_OBSERVATION	iNaturalist	Observations	141339118		cinna_latifolia	2022-12-28T06:46:11	CC_BY_NC_4_0	Maria Bastas	Maria Bastas			2025-01-14T13:33:36.845Z	StillImage	COORDINATE_ROUNDED;CONTINENT_DERIVED_FROM_COORDINATES;TAXON_MATCH_TAXON_ID_IGNORED
3994071475	50c9509d-22c7-4a22-a47d-8c48425ef4a7	https://www.inaturalist.org/observations/126885389	Fungi	Basidiomycota	Agaricomycetes	Agaricales	Hygrophoraceae	Cantharellula	Cantharellula umbonata		SPECIES	Cantharellula umbonata (J.F.Gmel.) Singer	Cantharellula umbonata		CA		Québec	PRESENT		28eb1a3f-1c15-4a95-931a-4af90ecb574d	48.859992	-72.213089	357.0						2022-07-18T16:23:57	18	7	2022	2532395	2532395	HUMAN_OBSERVATION	iNaturalist	Observations	126885389		arthur_tdlc	2022-07-21T21:30:43	CC_BY_NC_4_0	arthur_tdlc	arthur_tdlc			2025-01-14T13:14:43.591Z	StillImage	COORDINATE_ROUNDED;CONTINENT_DERIVED_FROM_COORDINATES;TAXON_MATCH_TAXON_ID_IGNORED
3966549625	50c9509d-22c7-4a22-a47d-8c48425ef4a7	https://www.inaturalist.org/observations/140831752	Fungi	Basidiomycota	Agaricomycetes	Agaricales	Hygrophoraceae	Cantharellula	Cantharellula umbonata		SPECIES	Cantharellula umbonata (J.F.Gmel.) Singer	Cantharellula umbonata		CA		Ontario	PRESENT		28eb1a3f-1c15-4a95-931a-4af90ecb574d	45.554001	-78.59676	1523.0						2022-10-31T17:01:21	31	10	2022	2532395	2532395	HUMAN_OBSERVATION	iNaturalist	Observations	140831752		Myca	2022-11-02T00:35:45	CC_BY_NC_4_0	Myca	Myca			2025-01-14T13:31:56.699Z	StillImage	COORDINATE_ROUNDED;CONTINENT_DERIVED_FROM_COORDINATES;TAXON_MATCH_TAXON_ID_IGNORED
3961489653	50c9509d-22c7-4a22-a47d-8c48425ef4a7	https://www.inaturalist.org/observations/140821645	Fungi	Basidiomycota	Agaricomycetes	Agaricales	Hygrophoraceae	Cantharellula	Cantharellula umbonata		SPECIES	Cantharellula umbonata (J.F.Gmel.) Singer	Cantharellula umbonata		CA		Ontario	PRESENT		28eb1a3f-1c15-4a95-931a-4af90ecb574d	45.554001	-78.59676	1519.0						2022-10-30T16:49:32	30	10	2022	2532395	2532395	HUMAN_OBSERVATION	iNaturalist	Observations	140821645		Myca	2022-11-01T22:20:56	CC_BY_NC_4_0	Myca	Myca			2025-01-14T13:26:24.115Z	StillImage	COORDINATE_ROUNDED;CONTINENT_DERIVED_FROM_COORDINATES;TAXON_MATCH_TAXON_ID_IGNORED
3947722969	50c9509d-22c7-4a22-a47d-8c48425ef4a7	https://www.inaturalist.org/observations/138054845	Fungi	Basidiomycota	Agaricomycetes	Agaricales	Hygrophoraceae	Cantharellula	Cantharellula umbonata		SPECIES	Cantharellula umbonata (J.F.Gmel.) Singer	Cantharellula umbonata		CA		New Brunswick	PRESENT		28eb1a3f-1c15-4a95-931a-4af90ecb574d	46.808731	-66.606286	8.0						2022-10-05T08:57	5	10	2022	2532395	2532395	HUMAN_OBSERVATION	iNaturalist	Observations	138054845		Alfredo Justo	2022-10-09T00:22:32	CC_BY_NC_4_0	Alfredo Justo	Alfredo Justo			2025-01-14T12:33:03.133Z	StillImage	COORDINATE_ROUNDED;CONTINENT_DERIVED_FROM_COORDINATES;TAXON_MATCH_TAXON_ID_IGNORED
3947471965	50c9509d-22c7-4a22-a47d-8c48425ef4a7	https://www.inaturalist.org/observations/137803097	Fungi	Basidiomycota	Agaricomycetes	Agaricales	Hygrophoraceae	Cantharellula	Cantharellula umbonata		SPECIES	Cantharellula umbonata (J.F.Gmel.) Singer	Cantharellula umbonata		CA		Ontario	PRESENT		28eb1a3f-1c15-4a95-931a-4af90ecb574d	45.837159	-78.379124	45593.0						2022-09-20T10:17	20	9	2022	2532395	2532395	HUMAN_OBSERVATION	iNaturalist	Observations	137803097		mycowalt	2022-10-06T22:30:56	CC_BY_NC_4_0	mycowalt	mycowalt			2025-01-14T12:33:25.102Z	StillImage	COORDINATE_ROUNDED;CONTINENT_DERIVED_FROM_COORDINATES;TAXON_MATCH_TAXON_ID_IGNORED
3925512562	50c9509d-22c7-4a22-a47d-8c48425ef4a7	https://www.inaturalist.org/observations/138244990	Fungi	Basidiomycota	Agaricomycetes	Agaricales	Hygrophoraceae	Cantharellula	Cantharellula umbonata		SPECIES	Cantharellula umbonata (J.F.Gmel.) Singer	Cantharellula umbonata		CA		Ontario	PRESENT		28eb1a3f-1c15-4a95-931a-4af90ecb574d	45.385286	-76.071088	21.0						2022-10-09T20:46:11	9	10	2022	2532395	2532395	HUMAN_OBSERVATION	iNaturalist	Observations	138244990		Rachel H	2022-10-10T12:08:55	CC_BY_NC_4_0	Rachel H	Rachel H			2025-01-14T13:24:57.032Z	StillImage	COORDINATE_ROUNDED;CONTINENT_DERIVED_FROM_COORDINATES;TAXON_MATCH_TAXON_ID_IGNORED
3923534482	50c9509d-22c7-4a22-a47d-8c48425ef4a7	https://www.inaturalist.org/observations/137420694	Fungi	Basidiomycota	Agaricomycetes	Agaricales	Hygrophoraceae	Cantharellula	Cantharellula umbonata		SPECIES	Cantharellula umbonata (J.F.Gmel.) Singer	Cantharellula umbonata		CA		Ontario	PRESENT		28eb1a3f-1c15-4a95-931a-4af90ecb574d	45.056968	-76.293204	30734.0						2022-10-01T15:25:17	1	10	2022	2532395	2532395	HUMAN_OBSERVATION	iNaturalist	Observations	137420694		Maria Bastas	2022-10-03T15:28:13	CC_BY_NC_4_0	Maria Bastas	Maria Bastas			2025-01-14T12:33:22.820Z	StillImage	COORDINATE_ROUNDED;CONTINENT_DERIVED_FROM_COORDINATES;TAXON_MATCH_TAXON_ID_IGNORED
3860590626	50c9509d-22c7-4a22-a47d-8c48425ef4a7	https://www.inaturalist.org/observations/121672046	Fungi	Basidiomycota	Agaricomycetes	Agaricales	Hygrophoraceae	Cantharellula	Cantharellula umbonata		SPECIES	Cantharellula umbonata (J.F.Gmel.) Singer	Cantharellula umbonata		CA		Ontario	PRESENT		28eb1a3f-1c15-4a95-931a-4af90ecb574d	45.194492	-78.582428	8.0						2019-10-05T15:31:03	5	10	2019	2532395	2532395	HUMAN_OBSERVATION	iNaturalist	Observations	121672046		bindelshsu	2022-06-14T03:26:44	CC_BY_NC_4_0	jenwatt	jenwatt			2025-01-14T13:13:24.631Z	StillImage	COORDINATE_ROUNDED;CONTINENT_DERIVED_FROM_COORDINATES;TAXON_MATCH_TAXON_ID_IGNORED
3457206693	50c9509d-22c7-4a22-a47d-8c48425ef4a7	https://www.inaturalist.org/observations/104767669	Fungi	Basidiomycota	Agaricomycetes	Agaricales	Hygrophoraceae	Cantharellula	Cantharellula umbonata		SPECIES	Cantharellula umbonata (J.F.Gmel.) Singer	Cantharellula umbonata		CA		Ontario	PRESENT		28eb1a3f-1c15-4a95-931a-4af90ecb574d	45.071753	-79.117632	229.0						2021-10-19T13:55	19	10	2021	2532395	2532395	HUMAN_OBSERVATION	iNaturalist	Observations	104767669		Peter Jessen	2022-01-11T17:24:19	CC_BY_NC_4_0	Peter Jessen	Peter Jessen			2025-01-14T13:14:59.285Z	StillImage	COORDINATE_ROUNDED;CONTINENT_DERIVED_FROM_COORDINATES;TAXON_MATCH_TAXON_ID_IGNORED
3415897265	50c9509d-22c7-4a22-a47d-8c48425ef4a7	https://www.inaturalist.org/observations/100460125	Fungi	Basidiomycota	Agaricomycetes	Agaricales	Hygrophoraceae	Cantharellula	Cantharellula umbonata		SPECIES	Cantharellula umbonata (J.F.Gmel.) Singer	Cantharellula umbonata		CA		Ontario	PRESENT		28eb1a3f-1c15-4a95-931a-4af90ecb574d	45.101453	-78.846309	27222.0						2021-11-06T15:22:06	6	11	2021	2532395	2532395	HUMAN_OBSERVATION	iNaturalist	Observations	100460125		Carl-Adam Wegenschimmel	2021-11-07T03:19:32	CC_BY_NC_4_0	Carl-Adam Wegenschimmel	Carl-Adam Wegenschimmel			2025-01-14T12:23:17.761Z	StillImage	COORDINATE_ROUNDED;CONTINENT_DERIVED_FROM_COORDINATES;TAXON_MATCH_TAXON_ID_IGNORED
3415605756	50c9509d-22c7-4a22-a47d-8c48425ef4a7	https://www.inaturalist.org/observations/100643418	Fungi	Basidiomycota	Agaricomycetes	Agaricales	Hygrophoraceae	Cantharellula	Cantharellula umbonata		SPECIES	Cantharellula umbonata (J.F.Gmel.) Singer	Cantharellula umbonata		CA		Ontario	PRESENT		28eb1a3f-1c15-4a95-931a-4af90ecb574d	45.448084	-75.186543	513.0						2021-11-08T11:25	8	11	2021	2532395	2532395	HUMAN_OBSERVATION	iNaturalist	Observations	100643418		L Joan Heyding	2021-11-09T01:17:22	CC_BY_NC_4_0	L Joan Heyding	L Joan Heyding			2025-01-14T13:11:06.879Z	StillImage	COORDINATE_ROUNDED;CONTINENT_DERIVED_FROM_COORDINATES;TAXON_MATCH_TAXON_ID_IGNORED
3399426159	50c9509d-22c7-4a22-a47d-8c48425ef4a7	https://www.inaturalist.org/observations/99407872	Fungi	Basidiomycota	Agaricomycetes	Agaricales	Hygrophoraceae	Cantharellula	Cantharellula umbonata		SPECIES	Cantharellula umbonata (J.F.Gmel.) Singer	Cantharellula umbonata		CA		Québec	PRESENT		28eb1a3f-1c15-4a95-931a-4af90ecb574d	45.612303	-76.089038							2021-10-11T14:51	11	10	2021	2532395	2532395	HUMAN_OBSERVATION	iNaturalist	Observations	99407872		Serguei Ponomarenko	2021-10-26T00:33:40	CC_BY_NC_4_0	Serguei Ponomarenko	Serguei Ponomarenko			2025-01-14T12:23:46.735Z	StillImage	COORDINATE_ROUNDED;CONTINENT_DERIVED_FROM_COORDINATES;TAXON_MATCH_TAXON_ID_IGNORED
3398822575	50c9509d-22c7-4a22-a47d-8c48425ef4a7	https://www.inaturalist.org/observations/98778841	Fungi	Basidiomycota	Agaricomycetes	Agaricales	Hygrophoraceae	Cantharellula	Cantharellula umbonata		SPECIES	Cantharellula umbonata (J.F.Gmel.) Singer	Cantharellula umbonata		CA		Québec	PRESENT		28eb1a3f-1c15-4a95-931a-4af90ecb574d	47.151934	-71.267903	52.0						2021-10-16T12:40:22	16	10	2021	2532395	2532395	HUMAN_OBSERVATION	iNaturalist	Observations	98778841		Camille Boucher	2021-10-20T10:28:56	CC_BY_NC_4_0	Camille Boucher	Camille Boucher			2025-01-14T13:11:52.098Z	StillImage	COORDINATE_ROUNDED;CONTINENT_DERIVED_FROM_COORDINATES;TAXON_MATCH_TAXON_ID_IGNORED
3398794029	50c9509d-22c7-4a22-a47d-8c48425ef4a7	https://www.inaturalist.org/observations/99276777	Fungi	Basidiomycota	Agaricomycetes	Agaricales	Hygrophoraceae	Cantharellula	Cantharellula umbonata		SPECIES	Cantharellula umbonata (J.F.Gmel.) Singer	Cantharellula umbonata		CA		Ontario	PRESENT		28eb1a3f-1c15-4a95-931a-4af90ecb574d	45.447182	-75.185152							2021-10-23T11:53	23	10	2021	2532395	2532395	HUMAN_OBSERVATION	iNaturalist	Observations	99276777		jonathan_mack	2021-10-24T22:51:29	CC_BY_NC_4_0	jonathan_mack	jonathan_mack			2025-01-14T13:16:02.507Z	StillImage	COORDINATE_ROUNDED;CONTINENT_DERIVED_FROM_COORDINATES;TAXON_MATCH_TAXON_ID_IGNORED
3391524749	50c9509d-22c7-4a22-a47d-8c48425ef4a7	https://www.inaturalist.org/observations/97611273	Fungi	Basidiomycota	Agaricomycetes	Agaricales	Hygrophoraceae	Cantharellula	Cantharellula umbonata		SPECIES	Cantharellula umbonata (J.F.Gmel.) Singer	Cantharellula umbonata		CA		Québec	PRESENT		28eb1a3f-1c15-4a95-931a-4af90ecb574d	45.61174	-76.089505	15.0						2021-10-06T12:52	6	10	2021	2532395	2532395	HUMAN_OBSERVATION	iNaturalist	Observations	97611273		Serguei Ponomarenko	2021-10-09T03:02:50	CC_BY_NC_4_0	Serguei Ponomarenko	Serguei Ponomarenko			2025-01-14T13:15:36.839Z	StillImage	CONTINENT_DERIVED_FROM_COORDINATES;TAXON_MATCH_TAXON_ID_IGNORED
3384422560	50c9509d-22c7-4a22-a47d-8c48425ef4a7	https://www.inaturalist.org/observations/95398464	Fungi	Basidiomycota	Agaricomycetes	Agaricales	Hygrophoraceae	Cantharellula	Cantharellula umbonata		SPECIES	Cantharellula umbonata (J.F.Gmel.) Singer	Cantharellula umbonata		CA		Québec	PRESENT		28eb1a3f-1c15-4a95-931a-4af90ecb574d	45.730864	-72.246199	8.0						2021-09-18T16:25	18	9	2021	2532395	2532395	HUMAN_OBSERVATION	iNaturalist	Observations	95398464		François Demers	2021-09-19T14:21:36	CC_BY_NC_4_0	François Demers	François Demers			2025-01-14T13:11:30.768Z	StillImage	COORDINATE_ROUNDED;CONTINENT_DERIVED_FROM_COORDINATES;TAXON_MATCH_TAXON_ID_IGNORED
3384178404	50c9509d-22c7-4a22-a47d-8c48425ef4a7	https://www.inaturalist.org/observations/96310982	Fungi	Basidiomycota	Agaricomycetes	Agaricales	Hygrophoraceae	Cantharellula	Cantharellula umbonata		SPECIES	Cantharellula umbonata (J.F.Gmel.) Singer	Cantharellula umbonata		CA		Ontario	PRESENT		28eb1a3f-1c15-4a95-931a-4af90ecb574d	45.959538	-78.0449	4.0						2021-09-26T13:01:55	26	9	2021	2532395	2532395	HUMAN_OBSERVATION	iNaturalist	Observations	96310982		Jeffrey H. Skevington	2021-09-27T00:39:17	CC_BY_NC_4_0	Jeffrey H. Skevington	Jeffrey H. Skevington			2025-01-14T12:22:19.679Z	StillImage	COORDINATE_ROUNDED;CONTINENT_DERIVED_FROM_COORDINATES;TAXON_MATCH_TAXON_ID_IGNORED
3079478676	50c9509d-22c7-4a22-a47d-8c48425ef4a7	https://www.inaturalist.org/observations/33995976	Fungi	Basidiomycota	Agaricomycetes	Agaricales	Hygrophoraceae	Cantharellula	Cantharellula umbonata		SPECIES	Cantharellula umbonata (J.F.Gmel.) Singer	Cantharellula umbonata		CA		Ontario	PRESENT		28eb1a3f-1c15-4a95-931a-4af90ecb574d	45.241122	-76.214675	48.0						2019-10-06T12:18	6	10	2019	2532395	2532395	HUMAN_OBSERVATION	iNaturalist	Observations	33995976		Igor Khomenko	2019-10-07T14:14:21	CC_BY_NC_4_0	Igor Khomenko	Igor Khomenko			2025-01-14T13:03:57.349Z	StillImage	COORDINATE_ROUNDED;CONTINENT_DERIVED_FROM_COORDINATES;TAXON_MATCH_TAXON_ID_IGNORED
2901673392	50c9509d-22c7-4a22-a47d-8c48425ef4a7	https://www.inaturalist.org/observations/41163977	Fungi	Basidiomycota	Agaricomycetes	Agaricales	Hygrophoraceae	Cantharellula	Cantharellula umbonata		SPECIES	Cantharellula umbonata (J.F.Gmel.) Singer	Cantharellula umbonata		CA		Québec	PRESENT		28eb1a3f-1c15-4a95-931a-4af90ecb574d	46.834676	-71.311776	15.0						2012-08-21	21	8	2012	2532395	2532395	HUMAN_OBSERVATION	iNaturalist	Observations	41163977		Christian Grenier	2020-04-01T13:53:21	CC_BY_NC_4_0	Christian Grenier	Christian Grenier			2025-01-14T13:10:35.168Z	StillImage	COORDINATE_ROUNDED;CONTINENT_DERIVED_FROM_COORDINATES;TAXON_MATCH_TAXON_ID_IGNORED
2901557481	50c9509d-22c7-4a22-a47d-8c48425ef4a7	https://www.inaturalist.org/observations/58895296	Fungi	Basidiomycota	Agaricomycetes	Agaricales	Hygrophoraceae	Cantharellula	Cantharellula umbonata		SPECIES	Cantharellula umbonata (J.F.Gmel.) Singer	Cantharellula umbonata		CA		Québec	PRESENT		28eb1a3f-1c15-4a95-931a-4af90ecb574d	45.741767	-74.314583	5.0						2020-09-07T15:00:45	7	9	2020	2532395	2532395	HUMAN_OBSERVATION	iNaturalist	Observations	58895296		Mical	2020-09-09T02:03:47	CC_BY_4_0	Mical	Mical			2025-01-14T12:15:35.403Z	StillImage	COORDINATE_ROUNDED;CONTINENT_DERIVED_FROM_COORDINATES;TAXON_MATCH_TAXON_ID_IGNORED
2576366172	50c9509d-22c7-4a22-a47d-8c48425ef4a7	https://www.inaturalist.org/observations/39240394	Fungi	Basidiomycota	Agaricomycetes	Agaricales	Hygrophoraceae	Cantharellula	Cantharellula umbonata		SPECIES	Cantharellula umbonata (J.F.Gmel.) Singer	Cantharellula umbonata		CA		Québec	PRESENT		28eb1a3f-1c15-4a95-931a-4af90ecb574d	45.563925	-75.440992	122.0						2017-09-02	2	9	2017	2532395	2532395	HUMAN_OBSERVATION	iNaturalist	Observations	39240394		Drew T Henderson	2020-02-26T13:58:27	CC_BY_NC_4_0	Christian Grenier	Christian Grenier			2025-01-14T12:10:47.748Z	StillImage	COORDINATE_ROUNDED;CONTINENT_DERIVED_FROM_COORDINATES;TAXON_MATCH_TAXON_ID_IGNORED
2465089903	50c9509d-22c7-4a22-a47d-8c48425ef4a7	https://www.inaturalist.org/observations/17082602	Fungi	Basidiomycota	Agaricomycetes	Agaricales	Hygrophoraceae	Cantharellula	Cantharellula umbonata		SPECIES	Cantharellula umbonata (J.F.Gmel.) Singer	Cantharellula umbonata		CA		Ontario	PRESENT		28eb1a3f-1c15-4a95-931a-4af90ecb574d	45.837159	-78.379124	45593.0						2018-09-30T13:33	30	9	2018	2532395	2532395	HUMAN_OBSERVATION	iNaturalist	Observations	17082602		else	2018-09-30T23:45:32	CC_BY_NC_4_0	Joanne Muis Redwood	Joanne Muis Redwood			2025-01-14T12:05:52.911Z	StillImage	COORDINATE_ROUNDED;CONTINENT_DERIVED_FROM_COORDINATES;TAXON_MATCH_TAXON_ID_IGNORED
2456512015	50c9509d-22c7-4a22-a47d-8c48425ef4a7	https://www.inaturalist.org/observations/34785158	Fungi	Basidiomycota	Agaricomycetes	Agaricales	Hygrophoraceae	Cantharellula	Cantharellula umbonata		SPECIES	Cantharellula umbonata (J.F.Gmel.) Singer	Cantharellula umbonata		CA		New Brunswick	PRESENT		28eb1a3f-1c15-4a95-931a-4af90ecb574d	46.16595	-64.330641	1502.0						2010-09-18T13:09	18	9	2010	2532395	2532395	HUMAN_OBSERVATION	iNaturalist	Observations	34785158		Raymonde G Chartier	2019-10-23T15:25:38	CC_BY_NC_4_0	Raymonde G Chartier	Raymonde G Chartier			2025-01-14T12:09:36.293Z	StillImage	COORDINATE_ROUNDED;CONTINENT_DERIVED_FROM_COORDINATES;TAXON_MATCH_TAXON_ID_IGNORED
2456509523	50c9509d-22c7-4a22-a47d-8c48425ef4a7	https://www.inaturalist.org/observations/34101609	Fungi	Basidiomycota	Agaricomycetes	Agaricales	Hygrophoraceae	Cantharellula	Cantharellula umbonata		SPECIES	Cantharellula umbonata (J.F.Gmel.) Singer	Cantharellula umbonata		CA		Québec	PRESENT		28eb1a3f-1c15-4a95-931a-4af90ecb574d	48.157853	-69.670372	8.0						2019-10-03T10:42:43	3	10	2019	2532395	2532395	HUMAN_OBSERVATION	iNaturalist	Observations	34101609		Jacques Ibarzabal	2019-10-09T03:39:42	CC_BY_NC_4_0	Jacques Ibarzabal	Jacques Ibarzabal			2025-01-14T13:03:43.887Z	StillImage	COORDINATE_ROUNDED;CONTINENT_DERIVED_FROM_COORDINATES;TAXON_MATCH_TAXON_ID_IGNORED
2397465531	50c9509d-22c7-4a22-a47d-8c48425ef4a7	https://www.inaturalist.org/observations/21247887	Fungi	Basidiomycota	Agaricomycetes	Agaricales	Hygrophoraceae	Cantharellula	Cantharellula umbonata		SPECIES	Cantharellula umbonata (J.F.Gmel.) Singer	Cantharellula umbonata		CA		Ontario	PRESENT		28eb1a3f-1c15-4a95-931a-4af90ecb574d	45.35683	-76.020465	31.0						2018-10-20T15:56	20	10	2018	2532395	2532395	HUMAN_OBSERVATION	iNaturalist	Observations	21247887		Serguei Ponomarenko	2019-03-15T02:29:53	CC_BY_NC_4_0	Serguei Ponomarenko	Serguei Ponomarenko			2025-01-14T12:58:34.186Z	StillImage	COORDINATE_ROUNDED;CONTINENT_DERIVED_FROM_COORDINATES;TAXON_MATCH_TAXON_ID_IGNORED
2013688787	50c9509d-22c7-4a22-a47d-8c48425ef4a7	https://www.inaturalist.org/observations/20023420	Fungi	Basidiomycota	Agaricomycetes	Agaricales	Hygrophoraceae	Cantharellula	Cantharellula umbonata		SPECIES	Cantharellula umbonata (J.F.Gmel.) Singer	Cantharellula umbonata		CA		Ontario	PRESENT		28eb1a3f-1c15-4a95-931a-4af90ecb574d	45.55397	-78.59676	1519.0						2018-09-28T02:38	28	9	2018	2532395	2532395	HUMAN_OBSERVATION	iNaturalist	Observations	20023420		mycowalt	2019-02-02T04:01:23	CC_BY_NC_4_0	mycowalt	mycowalt			2025-01-14T13:00:53.962Z	StillImage	CONTINENT_DERIVED_FROM_COORDINATES;TAXON_MATCH_TAXON_ID_IGNORED
1990296943	032f1fbe-d21f-407d-be46-5cd1bb1ea397	170f07fb-8573-4fc4-9bf1-f2db1366dad6	Fungi	Basidiomycota	Agaricomycetes	Agaricales	Hygrophoraceae	Cantharellula	Cantharellula umbonata		SPECIES	Cantharellula umbonata (J.F.Gmel.) Singer	Cantharellula umbonata	(J.F. Gmel.) Singer	CA	Berthierville, Provincial Nursery	Quebec	PRESENT		61c539d8-47e0-4b82-875f-b95aad66dcd4	46.0875	-73.184722							1956-10-30	30	10	1956	2532395	2532395	PRESERVED_SPECIMEN	TENN-F		TENN-F-023586	HEB4864			CC0_1_0		H.E. Bigelow			2025-01-12T10:33:34.412Z		COORDINATE_ROUNDED;GEODETIC_DATUM_ASSUMED_WGS84;CONTINENT_DERIVED_FROM_COORDINATES;TAXON_MATCH_TAXON_ID_IGNORED;INSTITUTION_MATCH_NONE
1990291508	032f1fbe-d21f-407d-be46-5cd1bb1ea397	4cfa5dc5-f5a5-4442-b746-69fa0fadc7e8	Fungi	Basidiomycota	Agaricomycetes	Agaricales	Hygrophoraceae	Cantharellula	Cantharellula umbonata		SPECIES	Hygrophoropsis umbonata (J.F.Gmel.) Kühner & Romagn.	Hygrophoropsis umbonata	(J.F. Gmel.) Kühner & Romagn.	CA	Rawdon	Quebec	PRESENT		61c539d8-47e0-4b82-875f-b95aad66dcd4	46.045833	-73.711111							1965-10-16	16	10	1965	2532397	2532395	PRESERVED_SPECIMEN	TENN-F		TENN-F-018109	JWG65-247			CC0_1_0		J.W. Groves			2025-01-12T10:33:52.966Z		COORDINATE_ROUNDED;GEODETIC_DATUM_ASSUMED_WGS84;CONTINENT_DERIVED_FROM_COORDINATES;TAXON_MATCH_TAXON_ID_IGNORED;INSTITUTION_MATCH_NONE
1987949209	ca1bcd7e-7387-42f9-81ba-1470db55e3e8	9420EE5C-7A9D-7240-A8FE-FEB42FB72BDC	Fungi	Basidiomycota	Agaricomycetes	Agaricales	Hygrophoraceae	Cantharellula	Cantharellula umbonata		SPECIES	Cantharellula umbonata (J.F.Gmel.) Singer	Cantharellula umbonata	(J.F. Gmel.) Singer	CA	Sackville, Mountview Road Area	New Brunswick	PRESENT		b542788f-0dc2-4a2b-b652-fceced449591	45.95	-64.383333							2001-09		9	2001	2532395	2532395	PRESERVED_SPECIMEN	BBM	UBC	F023847	Sackville B-11	T. Goward		CC0_1_0	The University of British Columbia	T. Goward			2024-11-19T11:23:54.836Z		GEODETIC_DATUM_ASSUMED_WGS84;CONTINENT_DERIVED_FROM_COORDINATES;INSTITUTION_MATCH_FUZZY
1946279698	50c9509d-22c7-4a22-a47d-8c48425ef4a7	https://www.inaturalist.org/observations/17889811	Fungi	Basidiomycota	Agaricomycetes	Agaricales	Hygrophoraceae	Cantharellula	Cantharellula umbonata		SPECIES	Cantharellula umbonata (J.F.Gmel.) Singer	Cantharellula umbonata		CA		Québec	PRESENT		28eb1a3f-1c15-4a95-931a-4af90ecb574d	46.500103	-72.822335	11293.0						2017-09-03T14:49	3	9	2017	2532395	2532395	HUMAN_OBSERVATION	iNaturalist	Observations	17889811		jonathan_mack	2018-10-27T23:04:35	CC_BY_NC_4_0	jonathan_mack	jonathan_mack			2025-01-14T13:01:11.043Z	StillImage	CONTINENT_DERIVED_FROM_COORDINATES;TAXON_MATCH_TAXON_ID_IGNORED
1847647520	50c9509d-22c7-4a22-a47d-8c48425ef4a7	https://www.inaturalist.org/observations/9595230	Fungi	Basidiomycota	Agaricomycetes	Agaricales	Hygrophoraceae	Cantharellula	Cantharellula umbonata		SPECIES	Cantharellula umbonata (J.F.Gmel.) Singer	Cantharellula umbonata		CA		Ontario	PRESENT		28eb1a3f-1c15-4a95-931a-4af90ecb574d	45.69085	-78.32155	84661.0						2017-09-22	22	9	2017	2532395	2532395	HUMAN_OBSERVATION	iNaturalist	Observations	9595230		mycowalt	2018-01-24T03:42:09	CC_BY_NC_4_0	mycowalt	mycowalt			2025-01-14T13:03:26.877Z	StillImage	CONTINENT_DERIVED_FROM_COORDINATES;TAXON_MATCH_TAXON_ID_IGNORED
1847646750	50c9509d-22c7-4a22-a47d-8c48425ef4a7	https://www.inaturalist.org/observations/9590771	Fungi	Basidiomycota	Agaricomycetes	Agaricales	Hygrophoraceae	Cantharellula	Cantharellula umbonata		SPECIES	Cantharellula umbonata (J.F.Gmel.) Singer	Cantharellula umbonata		CA		Ontario	PRESENT		28eb1a3f-1c15-4a95-931a-4af90ecb574d	45.57675	-78.45745	4046.0						2015-09-14	14	9	2015	2532395	2532395	HUMAN_OBSERVATION	iNaturalist	Observations	9590771		mycowalt	2018-01-23T22:43:39	CC_BY_NC_4_0	mycowalt	mycowalt			2025-01-14T12:04:44.494Z	StillImage	CONTINENT_DERIVED_FROM_COORDINATES;TAXON_MATCH_TAXON_ID_IGNORED
1847646130	50c9509d-22c7-4a22-a47d-8c48425ef4a7	https://www.inaturalist.org/observations/9577223	Fungi	Basidiomycota	Agaricomycetes	Agaricales	Hygrophoraceae	Cantharellula	Cantharellula umbonata		SPECIES	Cantharellula umbonata (J.F.Gmel.) Singer	Cantharellula umbonata		CA		Ontario	PRESENT		28eb1a3f-1c15-4a95-931a-4af90ecb574d	45.57675	-78.45745	4046.0						2014-09-19	19	9	2014	2532395	2532395	HUMAN_OBSERVATION	iNaturalist	Observations	9577223		mycowalt	2018-01-23T18:55:00	CC_BY_NC_4_0	mycowalt	mycowalt			2025-01-14T12:57:45.365Z	StillImage	CONTINENT_DERIVED_FROM_COORDINATES;TAXON_MATCH_TAXON_ID_IGNORED
1847646069	50c9509d-22c7-4a22-a47d-8c48425ef4a7	https://www.inaturalist.org/observations/9577781	Fungi	Basidiomycota	Agaricomycetes	Agaricales	Hygrophoraceae	Cantharellula	Cantharellula umbonata		SPECIES	Cantharellula umbonata (J.F.Gmel.) Singer	Cantharellula umbonata		CA		Ontario	PRESENT		28eb1a3f-1c15-4a95-931a-4af90ecb574d	45.69085	-78.32155	84661.0						2014-10-22	22	10	2014	2532395	2532395	HUMAN_OBSERVATION	iNaturalist	Observations	9577781		mycowalt	2018-01-23T19:37:29	CC_BY_NC_4_0	mycowalt	mycowalt			2025-01-14T12:04:22.038Z	StillImage	CONTINENT_DERIVED_FROM_COORDINATES;TAXON_MATCH_TAXON_ID_IGNORED
1847644758	50c9509d-22c7-4a22-a47d-8c48425ef4a7	https://www.inaturalist.org/observations/9572082	Fungi	Basidiomycota	Agaricomycetes	Agaricales	Hygrophoraceae	Cantharellula	Cantharellula umbonata		SPECIES	Cantharellula umbonata (J.F.Gmel.) Singer	Cantharellula umbonata		CA		Ontario	PRESENT		28eb1a3f-1c15-4a95-931a-4af90ecb574d	45.57675	-78.45745	4046.0						2012-09-24	24	9	2012	2532395	2532395	HUMAN_OBSERVATION	iNaturalist	Observations	9572082		mycowalt	2018-01-23T07:54:39	CC_BY_NC_4_0	mycowalt	mycowalt			2025-01-14T13:00:13.469Z	StillImage	CONTINENT_DERIVED_FROM_COORDINATES;TAXON_MATCH_TAXON_ID_IGNORED
1807258780	e8a25a42-f125-476c-8554-3ec21cd51a84	ACAD:115257	Fungi	Basidiomycota	Agaricomycetes	Agaricales	Hygrophoraceae	Cantharellula	Cantharellula umbonata		SPECIES	Cantharellula umbonata (J.F.Gmel.) Singer	Cantharellula umbonata (J.F. Gmel.) Singer	(J.F. Gmel.) Singer	CA	Coldbrook	Nova Scotia	PRESENT		6491ad8c-8e49-4bd4-a089-0ddb3bbe0890	45.06325	-64.58638							1938-09-24	24	9	1938	2532395	2532395	PRESERVED_SPECIMEN	Acadia University	ACAD	960F	960			CC0_1_0	Acadia University	H, KA			2024-01-25T01:36:59.343Z	StillImage	GEODETIC_DATUM_INVALID;GEODETIC_DATUM_ASSUMED_WGS84;TAXON_MATCH_TAXON_ID_IGNORED;INSTITUTION_MATCH_FUZZY;COLLECTION_MATCH_FUZZY
1807255503	e8a25a42-f125-476c-8554-3ec21cd51a84	ACAD:112199	Fungi	Basidiomycota	Agaricomycetes	Agaricales	Hygrophoraceae	Cantharellula	Cantharellula umbonata		SPECIES	Cantharellula umbonata (J.F.Gmel.) Singer	Cantharellula umbonata (J.F. Gmel.) Singer	(J.F. Gmel.) Singer	CA	(Kentville)	Nova Scotia	PRESENT		6491ad8c-8e49-4bd4-a089-0ddb3bbe0890	45.07662	-64.49592							1931-08		8	1931	2532395	2532395	PRESERVED_SPECIMEN	Acadia University	ACAD	190F	190			CC0_1_0	Acadia University	H, KA			2024-01-25T01:37:05.837Z	StillImage	GEODETIC_DATUM_INVALID;GEODETIC_DATUM_ASSUMED_WGS84;TAXON_MATCH_TAXON_ID_IGNORED;INSTITUTION_MATCH_FUZZY;COLLECTION_MATCH_FUZZY
1807255380	e8a25a42-f125-476c-8554-3ec21cd51a84	ACAD:112189	Fungi	Basidiomycota	Agaricomycetes	Agaricales	Hygrophoraceae	Cantharellula	Cantharellula umbonata		SPECIES	Cantharellula umbonata (J.F.Gmel.) Singer	Cantharellula umbonata (J.F. Gmel.) Singer	(J.F. Gmel.) Singer	CA	(Kentville)	Nova Scotia	PRESENT		6491ad8c-8e49-4bd4-a089-0ddb3bbe0890	45.07662	-64.49592							1930-09-02	2	9	1930	2532395	2532395	PRESERVED_SPECIMEN	Acadia University	ACAD	189F	189			CC0_1_0	Acadia University	H, KA			2024-01-25T01:37:05.898Z	StillImage	GEODETIC_DATUM_INVALID;GEODETIC_DATUM_ASSUMED_WGS84;TAXON_MATCH_TAXON_ID_IGNORED;INSTITUTION_MATCH_FUZZY;COLLECTION_MATCH_FUZZY
1807255257	e8a25a42-f125-476c-8554-3ec21cd51a84	ACAD:111934	Fungi	Basidiomycota	Agaricomycetes	Agaricales	Hygrophoraceae	Cantharellula	Cantharellula umbonata		SPECIES	Cantharellula umbonata (J.F.Gmel.) Singer	Cantharellula umbonata (J.F. Gmel.) Singer	(J.F. Gmel.) Singer	CA	Coldbrook	Nova Scotia	PRESENT		6491ad8c-8e49-4bd4-a089-0ddb3bbe0890	45.064255	-64.582855							1952-10-17	17	10	1952	2532395	2532395	PRESERVED_SPECIMEN	Acadia University	ACAD	1609F	1609			CC0_1_0	Acadia University	H, KA			2024-01-25T01:37:06.702Z	StillImage	GEODETIC_DATUM_INVALID;GEODETIC_DATUM_ASSUMED_WGS84;TAXON_MATCH_TAXON_ID_IGNORED;INSTITUTION_MATCH_FUZZY;COLLECTION_MATCH_FUZZY
1806351320	50c9509d-22c7-4a22-a47d-8c48425ef4a7	https://www.inaturalist.org/observations/9590074	Fungi	Basidiomycota	Agaricomycetes	Agaricales	Hygrophoraceae	Cantharellula	Cantharellula umbonata		SPECIES	Cantharellula umbonata (J.F.Gmel.) Singer	Cantharellula umbonata		CA		Ontario	PRESENT		28eb1a3f-1c15-4a95-931a-4af90ecb574d	45.57675	-78.45745	4046.0						2015-09-11	11	9	2015	2532395	2532395	HUMAN_OBSERVATION	iNaturalist	Observations	9590074		mycowalt	2018-01-23T21:52:49	CC_BY_NC_4_0	mycowalt	mycowalt			2025-01-14T12:04:22.228Z	StillImage	CONTINENT_DERIVED_FROM_COORDINATES;TAXON_MATCH_TAXON_ID_IGNORED
1412707645	21705170-d2b6-42de-8904-c3bca4b83591	CMMF016194	Fungi	Basidiomycota	Agaricomycetes	Agaricales	Hygrophoraceae	Cantharellula	Cantharellula umbonata		SPECIES	Cantharellula umbonata (J.F.Gmel.) Singer	Cantharellula umbonata (J.F. Gmel.) Singer	(J.F. Gmel.) Singer	CA	Cap-Jaseux, Québec.	Québec	PRESENT		ff7bd5db-b724-4932-b496-10ea298851f9	48.428215	-70.822268	2500.0						1984-09-28	28	9	1984	2532395	2532395	PRESERVED_SPECIMEN	Université de Montréal Biodiversity Centre	CMMF	CMMF016194	1658	Guérin, Gérard		CC0_1_0	Université de Montréal Biodiversity Centre	Guérin, Gérard			2024-01-24T16:38:18.629Z	StillImage	INSTITUTION_MATCH_FUZZY;COLLECTION_MATCH_FUZZY;DIFFERENT_OWNER_INSTITUTION
1412707147	21705170-d2b6-42de-8904-c3bca4b83591	CMMF015660	Fungi	Basidiomycota	Agaricomycetes	Agaricales	Hygrophoraceae	Cantharellula	Cantharellula umbonata		SPECIES	Cantharellula umbonata (J.F.Gmel.) Singer	Cantharellula umbonata (J.F. Gmel.) Singer	(J.F. Gmel.) Singer	CA	Shipshaw, Québec.	Québec	PRESENT		ff7bd5db-b724-4932-b496-10ea298851f9	48.466834	-71.263421	2500.0						1998-10-16	16	10	1998	2532395	2532395	PRESERVED_SPECIMEN	Université de Montréal Biodiversity Centre	CMMF	CMMF015660	2595	Guérin, Gérard		CC0_1_0	Université de Montréal Biodiversity Centre	Guérin, Gérard			2024-01-24T16:38:16.334Z	StillImage	INSTITUTION_MATCH_FUZZY;COLLECTION_MATCH_FUZZY;DIFFERENT_OWNER_INSTITUTION
1135068920	21705170-d2b6-42de-8904-c3bca4b83591	CMMF007479	Fungi	Basidiomycota	Agaricomycetes	Agaricales	Hygrophoraceae	Cantharellula	Cantharellula umbonata		SPECIES	Cantharellula umbonata (J.F.Gmel.) Singer	Cantharellula umbonata (J.F. Gmel.) Singer	(J.F. Gmel.) Singer	CA	St-Roch-de-Richelieu	Québec	PRESENT		ff7bd5db-b724-4932-b496-10ea298851f9	45.880833	-73.163	100.0						2012-10-05	5	10	2012	2532395	2532395	PRESERVED_SPECIMEN	Université de Montréal Biodiversity Centre	CMMF	CMMF007479	C4031	McNeil, Raymond		CC0_1_0	Université de Montréal Biodiversity Centre	McNeil, Raymond			2024-01-24T16:38:15.868Z	StillImage	COORDINATE_ROUNDED;INSTITUTION_MATCH_FUZZY;COLLECTION_MATCH_FUZZY;DIFFERENT_OWNER_INSTITUTION
1135068483	21705170-d2b6-42de-8904-c3bca4b83591	CMMF007026	Fungi	Basidiomycota	Agaricomycetes	Agaricales	Hygrophoraceae	Cantharellula	Cantharellula umbonata		SPECIES	Cantharellula umbonata (J.F.Gmel.) Singer	Cantharellula umbonata (J.F. Gmel.) Singer	(J.F. Gmel.) Singer	CA	Lachute	Québec	PRESENT		ff7bd5db-b724-4932-b496-10ea298851f9	45.66275	-74.241983	100.0						2004-10-16	16	10	2004	2532395	2532395	PRESERVED_SPECIMEN	Université de Montréal Biodiversity Centre	CMMF	CMMF007026	Inexistant	McNeil, Raymond		CC0_1_0	Université de Montréal Biodiversity Centre	McNeil, Raymond			2024-01-24T16:38:20.867Z	StillImage	COORDINATE_ROUNDED;INSTITUTION_MATCH_FUZZY;COLLECTION_MATCH_FUZZY;DIFFERENT_OWNER_INSTITUTION
1135068477	21705170-d2b6-42de-8904-c3bca4b83591	CMMF007004	Fungi	Basidiomycota	Agaricomycetes	Agaricales	Hygrophoraceae	Cantharellula	Cantharellula umbonata		SPECIES	Cantharellula umbonata (J.F.Gmel.) Singer	Cantharellula umbonata (J.F. Gmel.) Singer	(J.F. Gmel.) Singer	CA	Lachute	Québec	PRESENT		ff7bd5db-b724-4932-b496-10ea298851f9	45.66275	-74.241983	100.0						2009-10-06	6	10	2009	2532395	2532395	PRESERVED_SPECIMEN	Université de Montréal Biodiversity Centre	CMMF	CMMF007004	Inexistant	McNeil, Raymond		CC0_1_0	Université de Montréal Biodiversity Centre	McNeil, Raymond			2024-01-24T16:38:21.006Z	StillImage	COORDINATE_ROUNDED;INSTITUTION_MATCH_FUZZY;COLLECTION_MATCH_FUZZY;DIFFERENT_OWNER_INSTITUTION
1135068446	21705170-d2b6-42de-8904-c3bca4b83591	CMMF007025	Fungi	Basidiomycota	Agaricomycetes	Agaricales	Hygrophoraceae	Cantharellula	Cantharellula umbonata		SPECIES	Cantharellula umbonata (J.F.Gmel.) Singer	Cantharellula umbonata (J.F. Gmel.) Singer	(J.F. Gmel.) Singer	CA	Lachute	Québec	PRESENT		ff7bd5db-b724-4932-b496-10ea298851f9	45.66275	-74.241983	100.0						2006-09-21	21	9	2006	2532395	2532395	PRESERVED_SPECIMEN	Université de Montréal Biodiversity Centre	CMMF	CMMF007025	Inexistant	McNeil, Raymond		CC0_1_0	Université de Montréal Biodiversity Centre	McNeil, Raymond			2024-01-24T16:38:20.886Z	StillImage	COORDINATE_ROUNDED;INSTITUTION_MATCH_FUZZY;COLLECTION_MATCH_FUZZY;DIFFERENT_OWNER_INSTITUTION
1135068436	21705170-d2b6-42de-8904-c3bca4b83591	CMMF007028	Fungi	Basidiomycota	Agaricomycetes	Agaricales	Hygrophoraceae	Cantharellula	Cantharellula umbonata		SPECIES	Cantharellula umbonata (J.F.Gmel.) Singer	Cantharellula umbonata (J.F. Gmel.) Singer	(J.F. Gmel.) Singer	CA	Lachute	Québec	PRESENT		ff7bd5db-b724-4932-b496-10ea298851f9	45.66275	-74.241983	100.0						2005-10-02	2	10	2005	2532395	2532395	PRESERVED_SPECIMEN	Université de Montréal Biodiversity Centre	CMMF	CMMF007028	Inexistant	McNeil, Raymond		CC0_1_0	Université de Montréal Biodiversity Centre	McNeil, Raymond			2024-01-24T16:38:20.863Z	StillImage	COORDINATE_ROUNDED;INSTITUTION_MATCH_FUZZY;COLLECTION_MATCH_FUZZY;DIFFERENT_OWNER_INSTITUTION
1135068019	21705170-d2b6-42de-8904-c3bca4b83591	CMMF006524	Fungi	Basidiomycota	Agaricomycetes	Agaricales	Hygrophoraceae	Cantharellula	Cantharellula umbonata		SPECIES	Cantharellula umbonata (J.F.Gmel.) Singer	Cantharellula umbonata (J.F. Gmel.) Singer	(J.F. Gmel.) Singer	CA	Saint-Lazare	Québec	PRESENT		ff7bd5db-b724-4932-b496-10ea298851f9	45.393333	-74.215833	100.0						2004-10-07	7	10	2004	2532395	2532395	PRESERVED_SPECIMEN	Université de Montréal Biodiversity Centre	CMMF	CMMF006524	Inexistant	McNeil, Raymond		CC0_1_0	Université de Montréal Biodiversity Centre	McNeil, Raymond			2024-01-24T16:38:18.366Z	StillImage	COORDINATE_ROUNDED;INSTITUTION_MATCH_FUZZY;COLLECTION_MATCH_FUZZY;DIFFERENT_OWNER_INSTITUTION
1135066817	21705170-d2b6-42de-8904-c3bca4b83591	CMMF010236	Fungi	Basidiomycota	Agaricomycetes	Agaricales	Hygrophoraceae	Cantharellula	Cantharellula umbonata		SPECIES	Cantharellula umbonata (J.F.Gmel.) Singer	Cantharellula umbonata (J.F. Gmel.) Singer	(J.F. Gmel.) Singer	CA	Sainte-Brigitte-de-Laval.	Québec	PRESENT		ff7bd5db-b724-4932-b496-10ea298851f9	47.002354	-71.193781	2000.0						2007-10-15	15	10	2007	2532395	2532395	PRESERVED_SPECIMEN	Université de Montréal Biodiversity Centre	CMMF	CMMF010236	1822	Labrecque, Jacqueline		CC0_1_0	Université de Montréal Biodiversity Centre	Labrecque, Jacqueline			2024-01-24T16:38:21.506Z		INSTITUTION_MATCH_FUZZY;COLLECTION_MATCH_FUZZY;DIFFERENT_OWNER_INSTITUTION
