gbifID	datasetKey	occurrenceID	kingdom	phylum	class	order	family	genus	species	infraspecificEpithet	taxonRank	scientificName	verbatimScientificName	verbatimScientificNameAuthorship	countryCode	locality	stateProvince	occurrenceStatus	individualCount	publishingOrgKey	decimalLatitude	decimalLongitude	coordinateUncertaintyInMeters	coordinatePrecision	elevation	elevationAccuracy	depth	depthAccuracy	eventDate	day	month	year	taxonKey	speciesKey	basisOfRecord	institutionCode	collectionCode	catalogNumber	recordNumber	identifiedBy	dateIdentified	license	rightsHolder	recordedBy	typeStatus	establishmentMeans	lastInterpreted	mediaType	issue
617554996	21705170-d2b6-42de-8904-c3bca4b83591	CMMF000061	Fungi	Basidiomycota	Agaricomycetes	Agaricales	Agaricaceae	Leucocoprinus	Leucocoprinus birnbaumii		SPECIES	Leucocoprinus birnbaumii (Corda) Singer	Leucocoprinus birnbaumii (Corda) Singer	(Corda) Singer	CA	Montréal	Québec	PRESENT		ff7bd5db-b724-4932-b496-10ea298851f9	45.509625	-73.662984	25000.0						1988-07-19	19	7	1988	2535598	2535598	PRESERVED_SPECIMEN	Université de Montréal Biodiversity Centre	CMMF	CMMF000061		Archambault, Raymond		CC0_1_0	Université de Montréal Biodiversity Centre	Archambault, Raymond			2024-01-24T16:38:20.367Z	StillImage	INSTITUTION_MATCH_FUZZY;COLLECTION_MATCH_FUZZY;DIFFERENT_OWNER_INSTITUTION
617554983	21705170-d2b6-42de-8904-c3bca4b83591	CMMF000604	Fungi	Basidiomycota	Agaricomycetes	Agaricales	Agaricaceae	Leucocoprinus	Leucocoprinus birnbaumii		SPECIES	Leucocoprinus birnbaumii (Corda) Singer	Leucocoprinus birnbaumii (Corda) Singer	(Corda) Singer	CA	Montréal	Québec	PRESENT		ff7bd5db-b724-4932-b496-10ea298851f9	45.509625	-73.662984	25000.0						1989-08-04	4	8	1989	2535598	2535598	PRESERVED_SPECIMEN	Université de Montréal Biodiversity Centre	CMMF	CMMF000604		Lamoureux, Yves		CC0_1_0	Université de Montréal Biodiversity Centre	Morin, Philippe			2024-01-24T16:38:20.206Z	StillImage	INSTITUTION_MATCH_FUZZY;COLLECTION_MATCH_FUZZY;DIFFERENT_OWNER_INSTITUTION
617550576	21705170-d2b6-42de-8904-c3bca4b83591	CMMF002338	Fungi	Basidiomycota	Agaricomycetes	Agaricales	Agaricaceae	Leucocoprinus	Leucocoprinus birnbaumii		SPECIES	Leucocoprinus birnbaumii (Corda) Singer	Leucocoprinus birnbaumii (Corda) Singer	(Corda) Singer	CA	Montréal	Québec	PRESENT		ff7bd5db-b724-4932-b496-10ea298851f9	45.509625	-73.662984	25000.0						1995-05-12	12	5	1995	2535598	2535598	PRESERVED_SPECIMEN	Université de Montréal Biodiversity Centre	CMMF	CMMF002338		Lamoureux, Yves		CC0_1_0	Université de Montréal Biodiversity Centre	Lamoureux, Yves			2024-01-24T16:38:19.438Z	StillImage	INSTITUTION_MATCH_FUZZY;COLLECTION_MATCH_FUZZY;DIFFERENT_OWNER_INSTITUTION
5006989603	50c9509d-22c7-4a22-a47d-8c48425ef4a7	https://www.inaturalist.org/observations/255083941	Fungi	Basidiomycota	Agaricomycetes	Agaricales	Agaricaceae	Leucocoprinus	Leucocoprinus birnbaumii		SPECIES	Leucocoprinus birnbaumii (Corda) Singer	Leucocoprinus birnbaumii		CA		Ontario	PRESENT		28eb1a3f-1c15-4a95-931a-4af90ecb574d	45.412617	-75.688103	42.0						2024-12-13T14:52:15	13	12	2024	2535598	2535598	HUMAN_OBSERVATION	iNaturalist	Observations	255083941		ollief09	2024-12-14T16:08:52	CC0_1_0	ollief09	ollief09			2025-01-14T12:54:15.683Z	StillImage	COORDINATE_ROUNDED;CONTINENT_DERIVED_FROM_COORDINATES;TAXON_MATCH_TAXON_ID_IGNORED
4946581697	50c9509d-22c7-4a22-a47d-8c48425ef4a7	https://www.inaturalist.org/observations/240743848	Fungi	Basidiomycota	Agaricomycetes	Agaricales	Agaricaceae	Leucocoprinus	Leucocoprinus birnbaumii		SPECIES	Leucocoprinus birnbaumii (Corda) Singer	Leucocoprinus birnbaumii		CA		Québec	PRESENT		28eb1a3f-1c15-4a95-931a-4af90ecb574d	46.781447	-71.250105	8.0						2024-09-08T08:58:04	8	9	2024	2535598	2535598	HUMAN_OBSERVATION	iNaturalist	Observations	240743848		l_bateman	2024-09-09T12:46:08	CC_BY_NC_4_0	l_bateman	l_bateman			2025-01-14T13:37:08.589Z	StillImage	COORDINATE_ROUNDED;CONTINENT_DERIVED_FROM_COORDINATES;TAXON_MATCH_TAXON_ID_IGNORED
4946220557	50c9509d-22c7-4a22-a47d-8c48425ef4a7	https://www.inaturalist.org/observations/57066634	Fungi	Basidiomycota	Agaricomycetes	Agaricales	Agaricaceae	Leucocoprinus	Leucocoprinus birnbaumii		SPECIES	Leucocoprinus birnbaumii (Corda) Singer	Leucocoprinus birnbaumii		CA		Ontario	PRESENT		28eb1a3f-1c15-4a95-931a-4af90ecb574d	45.587911	-75.670656	27158.0						2020-08-20T17:22:51	20	8	2020	2535598	2535598	HUMAN_OBSERVATION	iNaturalist	Observations	57066634		mycomutant	2023-04-01T19:16:15	CC_BY_NC_4_0	collectivememory	collectivememory			2025-01-14T12:15:02.929Z	StillImage	COORDINATE_ROUNDED;CONTINENT_DERIVED_FROM_COORDINATES;TAXON_MATCH_TAXON_ID_IGNORED
4945626505	50c9509d-22c7-4a22-a47d-8c48425ef4a7	https://www.inaturalist.org/observations/54266718	Fungi	Basidiomycota	Agaricomycetes	Agaricales	Agaricaceae	Leucocoprinus	Leucocoprinus birnbaumii		SPECIES	Leucocoprinus birnbaumii (Corda) Singer	Leucocoprinus birnbaumii		CA		Québec	PRESENT		28eb1a3f-1c15-4a95-931a-4af90ecb574d	45.526473	-73.602384	16.0						2020-07-25T09:59:43	25	7	2020	2535598	2535598	HUMAN_OBSERVATION	iNaturalist	Observations	54266718		Ben	2022-11-29T21:17:08	CC_BY_NC_4_0	Tommy	Tommy			2025-01-14T13:09:02.731Z	StillImage	COORDINATE_ROUNDED;CONTINENT_DERIVED_FROM_COORDINATES;TAXON_MATCH_TAXON_ID_IGNORED
4937155705	50c9509d-22c7-4a22-a47d-8c48425ef4a7	https://www.inaturalist.org/observations/224417907	Fungi	Basidiomycota	Agaricomycetes	Agaricales	Agaricaceae	Leucocoprinus	Leucocoprinus birnbaumii		SPECIES	Leucocoprinus birnbaumii (Corda) Singer	Leucocoprinus birnbaumii		CA		Ontario	PRESENT		28eb1a3f-1c15-4a95-931a-4af90ecb574d	45.350281	-75.661629	8.0						2024-06-22T11:58:11	22	6	2024	2535598	2535598	HUMAN_OBSERVATION	iNaturalist	Observations	224417907		cbearmacd	2024-06-22T15:59:15	CC_BY_NC_4_0	cbearmacd	cbearmacd			2025-01-14T12:48:04.452Z	StillImage	COORDINATE_ROUNDED;CONTINENT_DERIVED_FROM_COORDINATES;TAXON_MATCH_TAXON_ID_IGNORED
4937088257	50c9509d-22c7-4a22-a47d-8c48425ef4a7	https://www.inaturalist.org/observations/171102761	Fungi	Basidiomycota	Agaricomycetes	Agaricales	Agaricaceae	Leucocoprinus	Leucocoprinus birnbaumii		SPECIES	Leucocoprinus birnbaumii (Corda) Singer	Leucocoprinus birnbaumii		CA		New Brunswick	PRESENT		28eb1a3f-1c15-4a95-931a-4af90ecb574d	45.891089	-64.374147	24.0						2023-07-04T18:49:46	4	7	2023	2535598	2535598	HUMAN_OBSERVATION	iNaturalist	Observations	171102761		DT	2023-07-06T12:35:01	CC_BY_NC_4_0	mthistle	mthistle			2025-01-14T13:31:08.241Z	StillImage	COORDINATE_ROUNDED;CONTINENT_DERIVED_FROM_COORDINATES;TAXON_MATCH_TAXON_ID_IGNORED
4936782823	50c9509d-22c7-4a22-a47d-8c48425ef4a7	https://www.inaturalist.org/observations/134813101	Fungi	Basidiomycota	Agaricomycetes	Agaricales	Agaricaceae	Leucocoprinus	Leucocoprinus birnbaumii		SPECIES	Leucocoprinus birnbaumii (Corda) Singer	Leucocoprinus birnbaumii		CA		Québec	PRESENT		28eb1a3f-1c15-4a95-931a-4af90ecb574d	45.471073	-73.610199	88.0						2022-09-12T22:09:37	12	9	2022	2535598	2535598	HUMAN_OBSERVATION	iNaturalist	Observations	134813101		bernardop_rj	2022-09-13T02:11:27	CC_BY_NC_4_0	bernardop_rj	bernardop_rj			2025-01-14T13:17:06.554Z	StillImage	COORDINATE_ROUNDED;CONTINENT_DERIVED_FROM_COORDINATES;TAXON_MATCH_TAXON_ID_IGNORED
4936342094	50c9509d-22c7-4a22-a47d-8c48425ef4a7	https://www.inaturalist.org/observations/231263160	Fungi	Basidiomycota	Agaricomycetes	Agaricales	Agaricaceae	Leucocoprinus	Leucocoprinus birnbaumii		SPECIES	Leucocoprinus birnbaumii (Corda) Singer	Leucocoprinus birnbaumii		CA		Québec	PRESENT		28eb1a3f-1c15-4a95-931a-4af90ecb574d	47.11471	-72.102088	1981412.0						2024-07-22T18:00:54	22	7	2024	2535598	2535598	HUMAN_OBSERVATION	iNaturalist	Observations	231263160		Gaby Beland	2024-07-25T03:18:32	CC_BY_NC_4_0	Delta Hunter	Delta Hunter			2025-01-14T12:50:03.141Z	StillImage	COORDINATE_ROUNDED;CONTINENT_DERIVED_FROM_COORDINATES;TAXON_MATCH_TAXON_ID_IGNORED
4936183745	50c9509d-22c7-4a22-a47d-8c48425ef4a7	https://www.inaturalist.org/observations/130110723	Fungi	Basidiomycota	Agaricomycetes	Agaricales	Agaricaceae	Leucocoprinus	Leucocoprinus birnbaumii		SPECIES	Leucocoprinus birnbaumii (Corda) Singer	Leucocoprinus birnbaumii		CA		Ontario	PRESENT		28eb1a3f-1c15-4a95-931a-4af90ecb574d	45.399983	-75.75595	35.0						2022-08-09T10:26	9	8	2022	2535598	2535598	HUMAN_OBSERVATION	iNaturalist	Observations	130110723		adamfritz	2022-08-09T14:26:52	CC_BY_4_0	adamfritz	adamfritz			2025-01-14T13:24:25.378Z	StillImage	COORDINATE_ROUNDED;CONTINENT_DERIVED_FROM_COORDINATES;TAXON_MATCH_TAXON_ID_IGNORED
4935981639	50c9509d-22c7-4a22-a47d-8c48425ef4a7	https://www.inaturalist.org/observations/189341414	Fungi	Basidiomycota	Agaricomycetes	Agaricales	Agaricaceae	Leucocoprinus	Leucocoprinus birnbaumii		SPECIES	Leucocoprinus birnbaumii (Corda) Singer	Leucocoprinus birnbaumii		CA		Québec	PRESENT		28eb1a3f-1c15-4a95-931a-4af90ecb574d	45.866149	-74.122666	20.0						2023-10-29T08:39:39	29	10	2023	2535598	2535598	HUMAN_OBSERVATION	iNaturalist	Observations	189341414		Antoine Fortin	2024-04-26T15:18:49	CC_BY_NC_4_0	mauddemarty	mauddemarty			2025-01-14T12:42:25.896Z	StillImage	COORDINATE_ROUNDED;CONTINENT_DERIVED_FROM_COORDINATES;TAXON_MATCH_TAXON_ID_IGNORED
4935636985	50c9509d-22c7-4a22-a47d-8c48425ef4a7	https://www.inaturalist.org/observations/206503800	Fungi	Basidiomycota	Agaricomycetes	Agaricales	Agaricaceae	Leucocoprinus	Leucocoprinus birnbaumii		SPECIES	Leucocoprinus birnbaumii (Corda) Singer	Leucocoprinus birnbaumii		CA		Québec	PRESENT		28eb1a3f-1c15-4a95-931a-4af90ecb574d	45.082316	-72.818487	7.0						2024-04-10T19:06:20	10	4	2024	2535598	2535598	HUMAN_OBSERVATION	iNaturalist	Observations	206503800		raphaelmalouin	2024-04-10T23:07:57	CC_BY_NC_4_0	raphaelmalouin	raphaelmalouin			2025-01-14T13:39:49.734Z	StillImage	COORDINATE_ROUNDED;CONTINENT_DERIVED_FROM_COORDINATES;TAXON_MATCH_TAXON_ID_IGNORED
4923655183	50c9509d-22c7-4a22-a47d-8c48425ef4a7	https://www.inaturalist.org/observations/235345664	Fungi	Basidiomycota	Agaricomycetes	Agaricales	Agaricaceae	Leucocoprinus	Leucocoprinus birnbaumii		SPECIES	Leucocoprinus birnbaumii (Corda) Singer	Leucocoprinus birnbaumii		CA		Québec	PRESENT		28eb1a3f-1c15-4a95-931a-4af90ecb574d	45.501688	-73.567392	23665.0						2024-08-12T11:08:09	12	8	2024	2535598	2535598	HUMAN_OBSERVATION	iNaturalist	Observations	235345664		Isabelle	2024-08-12T15:09:56	CC_BY_NC_4_0	Isabelle	Isabelle			2025-01-14T12:52:37.791Z	StillImage	COORDINATE_ROUNDED;CONTINENT_DERIVED_FROM_COORDINATES;TAXON_MATCH_TAXON_ID_IGNORED
4921829393	50c9509d-22c7-4a22-a47d-8c48425ef4a7	https://www.inaturalist.org/observations/233368548	Fungi	Basidiomycota	Agaricomycetes	Agaricales	Agaricaceae	Leucocoprinus	Leucocoprinus birnbaumii		SPECIES	Leucocoprinus birnbaumii (Corda) Singer	Leucocoprinus birnbaumii		CA		Nova Scotia	PRESENT		28eb1a3f-1c15-4a95-931a-4af90ecb574d	45.013501	-64.018468	5.0						2024-08-02T19:01:52	2	8	2024	2535598	2535598	HUMAN_OBSERVATION	iNaturalist	Observations	233368548		g_rem	2024-08-02T22:02:37	CC_BY_NC_4_0	g_rem	g_rem			2025-01-14T13:42:13.786Z	StillImage	COORDINATE_ROUNDED;CONTINENT_DERIVED_FROM_COORDINATES;TAXON_MATCH_TAXON_ID_IGNORED
4921606241	50c9509d-22c7-4a22-a47d-8c48425ef4a7	https://www.inaturalist.org/observations/231845842	Fungi	Basidiomycota	Agaricomycetes	Agaricales	Agaricaceae	Leucocoprinus	Leucocoprinus birnbaumii		SPECIES	Leucocoprinus birnbaumii (Corda) Singer	Leucocoprinus birnbaumii		CA		Québec	PRESENT		28eb1a3f-1c15-4a95-931a-4af90ecb574d	45.575551	-73.514743	27158.0						2024-07-25T17:09:14	25	7	2024	2535598	2535598	HUMAN_OBSERVATION	iNaturalist	Observations	231845842		Nali T.-Paradis	2024-07-26T16:20:02	CC_BY_NC_4_0	Nali T.-Paradis	Nali T.-Paradis			2025-01-14T12:56:00.840Z	StillImage	COORDINATE_ROUNDED;CONTINENT_DERIVED_FROM_COORDINATES;TAXON_MATCH_TAXON_ID_IGNORED
4908169105	50c9509d-22c7-4a22-a47d-8c48425ef4a7	https://www.inaturalist.org/observations/229243612	Fungi	Basidiomycota	Agaricomycetes	Agaricales	Agaricaceae	Leucocoprinus	Leucocoprinus birnbaumii		SPECIES	Leucocoprinus birnbaumii (Corda) Singer	Leucocoprinus birnbaumii		CA		Ontario	PRESENT		28eb1a3f-1c15-4a95-931a-4af90ecb574d	45.38058	-75.776092	29.0						2024-07-14T08:29:26	14	7	2024	2535598	2535598	HUMAN_OBSERVATION	iNaturalist	Observations	229243612		sippingchai	2024-07-14T12:33:03	CC_BY_NC_4_0	sippingchai	sippingchai			2025-01-14T12:47:10.946Z	StillImage	COORDINATE_ROUNDED;CONTINENT_DERIVED_FROM_COORDINATES;TAXON_MATCH_TAXON_ID_IGNORED
4596847012	50c9509d-22c7-4a22-a47d-8c48425ef4a7	https://www.inaturalist.org/observations/201435622	Fungi	Basidiomycota	Agaricomycetes	Agaricales	Agaricaceae	Leucocoprinus	Leucocoprinus birnbaumii		SPECIES	Leucocoprinus birnbaumii (Corda) Singer	Leucocoprinus birnbaumii		CA		Ontario	PRESENT		28eb1a3f-1c15-4a95-931a-4af90ecb574d	45.427429	-75.654808	1414.0						2023-09-24T10:13:52	24	9	2023	2535598	2535598	HUMAN_OBSERVATION	iNaturalist	Observations	201435622		brendenireland	2024-03-06T02:59:35	CC_BY_NC_4_0	brendenireland	brendenireland			2025-01-14T13:44:01.548Z	StillImage	COORDINATE_ROUNDED;CONTINENT_DERIVED_FROM_COORDINATES;TAXON_MATCH_TAXON_ID_IGNORED
4510003187	50c9509d-22c7-4a22-a47d-8c48425ef4a7	https://www.inaturalist.org/observations/186684765	Fungi	Basidiomycota	Agaricomycetes	Agaricales	Agaricaceae	Leucocoprinus	Leucocoprinus birnbaumii		SPECIES	Leucocoprinus birnbaumii (Corda) Singer	Leucocoprinus birnbaumii		CA		Québec	PRESENT		28eb1a3f-1c15-4a95-931a-4af90ecb574d	46.317901	-73.598933	15.0						2023-10-03T10:03:39	3	10	2023	2535598	2535598	HUMAN_OBSERVATION	iNaturalist	Observations	186684765		Jason Farrell	2023-10-08T12:51:18	CC_BY_NC_4_0	Jason Farrell	Jason Farrell			2025-01-14T12:40:08.858Z	StillImage	COORDINATE_ROUNDED;CONTINENT_DERIVED_FROM_COORDINATES;TAXON_MATCH_TAXON_ID_IGNORED
4431052332	50c9509d-22c7-4a22-a47d-8c48425ef4a7	https://www.inaturalist.org/observations/187271320	Fungi	Basidiomycota	Agaricomycetes	Agaricales	Agaricaceae	Leucocoprinus	Leucocoprinus birnbaumii		SPECIES	Leucocoprinus birnbaumii (Corda) Singer	Leucocoprinus birnbaumii		CA		New Brunswick	PRESENT		28eb1a3f-1c15-4a95-931a-4af90ecb574d	45.785589	-66.490066	27126.0						2023-10-12T15:09:41	12	10	2023	2535598	2535598	HUMAN_OBSERVATION	iNaturalist	Observations	187271320		juno	2023-10-12T18:11:54	CC_BY_NC_4_0	juno	juno			2025-01-14T13:32:48.061Z	StillImage	COORDINATE_ROUNDED;CONTINENT_DERIVED_FROM_COORDINATES;TAXON_MATCH_TAXON_ID_IGNORED
4407344229	50c9509d-22c7-4a22-a47d-8c48425ef4a7	https://www.inaturalist.org/observations/181237573	Fungi	Basidiomycota	Agaricomycetes	Agaricales	Agaricaceae	Leucocoprinus	Leucocoprinus birnbaumii		SPECIES	Leucocoprinus birnbaumii (Corda) Singer	Leucocoprinus birnbaumii		CA		Québec	PRESENT		28eb1a3f-1c15-4a95-931a-4af90ecb574d	45.538175	-73.558712	8.0						2023-09-01T14:30:48	1	9	2023	2535598	2535598	HUMAN_OBSERVATION	iNaturalist	Observations	181237573		victor_dnr	2023-09-01T18:31:30	CC_BY_NC_4_0	victor_dnr	victor_dnr			2025-01-14T12:41:49.987Z	StillImage	COORDINATE_ROUNDED;CONTINENT_DERIVED_FROM_COORDINATES;TAXON_MATCH_TAXON_ID_IGNORED
4406536324	fb9d7c38-5759-4c30-9e09-5b6bd43f78a6	http://id.luomus.fi/MY.14952768	Fungi	Basidiomycota	Agaricomycetes	Agaricales	Agaricaceae	Leucocoprinus	Leucocoprinus birnbaumii		SPECIES	Leucocoprinus birnbaumii (Corda) Singer	Leucocoprinus birnbaumii (Corda) Singer		CA	Central Experimental Farm, Neathy Building	Ontario	PRESENT		04fd2e13-6881-4e5c-9dd1-8fdd9ab993c1	45.38	-75.71							1968-12-10T00:00Z	10	12	1968	2535598	2535598	PRESERVED_SPECIMEN	H		http://id.luomus.fi/HA.H7080537		Groves, J.W.		CC_BY_4_0		Bellefleur, L.			2025-01-17T02:41:19.959Z		CONTINENT_DERIVED_FROM_COORDINATES;TAXON_MATCH_TAXON_ID_IGNORED;COLLECTION_MATCH_NONE;INSTITUTION_MATCH_FUZZY
4406536321	fb9d7c38-5759-4c30-9e09-5b6bd43f78a6	http://id.luomus.fi/MY.14952844	Fungi	Basidiomycota	Agaricomycetes	Agaricales	Agaricaceae	Leucocoprinus	Leucocoprinus birnbaumii		SPECIES	Leucocoprinus birnbaumii (Corda) Singer	Leucocoprinus birnbaumii (Corda) Singer		CA	Central Experimental Farm, Sir John Carling Building	Ontario	PRESENT		04fd2e13-6881-4e5c-9dd1-8fdd9ab993c1	45.38	-75.71							1969-07-01T00:00Z/1969-07-31T00:00Z		7	1969	2535598	2535598	PRESERVED_SPECIMEN	H		http://id.luomus.fi/HA.H7080556		Groves, J.W.		CC_BY_4_0		Elliott, Mary E			2025-01-17T02:41:19.812Z		CONTINENT_DERIVED_FROM_COORDINATES;TAXON_MATCH_TAXON_ID_IGNORED;COLLECTION_MATCH_NONE;INSTITUTION_MATCH_FUZZY
4177360994	50c9509d-22c7-4a22-a47d-8c48425ef4a7	https://www.inaturalist.org/observations/178251696	Fungi	Basidiomycota	Agaricomycetes	Agaricales	Agaricaceae	Leucocoprinus	Leucocoprinus birnbaumii		SPECIES	Leucocoprinus birnbaumii (Corda) Singer	Leucocoprinus birnbaumii		CA		Québec	PRESENT		28eb1a3f-1c15-4a95-931a-4af90ecb574d	46.806068	-71.237972	13.0						2023-08-13T14:51:37	13	8	2023	2535598	2535598	HUMAN_OBSERVATION	iNaturalist	Observations	178251696		Karl Tremblay-Bouliane	2023-08-13T20:39:08	CC_BY_NC_4_0	Karl Tremblay-Bouliane	Karl Tremblay-Bouliane			2025-01-14T12:41:22.868Z	StillImage	COORDINATE_ROUNDED;CONTINENT_DERIVED_FROM_COORDINATES;TAXON_MATCH_TAXON_ID_IGNORED
4165611977	50c9509d-22c7-4a22-a47d-8c48425ef4a7	https://www.inaturalist.org/observations/173696289	Fungi	Basidiomycota	Agaricomycetes	Agaricales	Agaricaceae	Leucocoprinus	Leucocoprinus birnbaumii		SPECIES	Leucocoprinus birnbaumii (Corda) Singer	Leucocoprinus birnbaumii		CA		Québec	PRESENT		28eb1a3f-1c15-4a95-931a-4af90ecb574d	45.787149	-72.02166	751.0						2023-07-18T21:17:17	18	7	2023	2535598	2535598	HUMAN_OBSERVATION	iNaturalist	Observations	173696289		Antoine Fortin	2023-07-19T01:59:50	CC_BY_NC_4_0	camillegiguere	camillegiguere			2025-01-14T13:31:53.077Z	StillImage	COORDINATE_ROUNDED;CONTINENT_DERIVED_FROM_COORDINATES;TAXON_MATCH_TAXON_ID_IGNORED
4162102647	50c9509d-22c7-4a22-a47d-8c48425ef4a7	https://www.inaturalist.org/observations/169601199	Fungi	Basidiomycota	Agaricomycetes	Agaricales	Agaricaceae	Leucocoprinus	Leucocoprinus birnbaumii		SPECIES	Leucocoprinus birnbaumii (Corda) Singer	Leucocoprinus birnbaumii		CA		Ontario	PRESENT		28eb1a3f-1c15-4a95-931a-4af90ecb574d	45.034764	-76.810929	11.0						2023-06-26T11:49:44	26	6	2023	2535598	2535598	HUMAN_OBSERVATION	iNaturalist	Observations	169601199		mycomutant	2023-07-06T22:47:37	CC_BY_NC_4_0	Roxane Bay	Roxane Bay			2025-01-14T12:41:51.511Z	StillImage	COORDINATE_ROUNDED;CONTINENT_DERIVED_FROM_COORDINATES;TAXON_MATCH_TAXON_ID_IGNORED
4153630161	50c9509d-22c7-4a22-a47d-8c48425ef4a7	https://www.inaturalist.org/observations/171384679	Fungi	Basidiomycota	Agaricomycetes	Agaricales	Agaricaceae	Leucocoprinus	Leucocoprinus birnbaumii		SPECIES	Leucocoprinus birnbaumii (Corda) Singer	Leucocoprinus birnbaumii		CA		Nova Scotia	PRESENT		28eb1a3f-1c15-4a95-931a-4af90ecb574d	45.171023	-64.732349	35.0						2023-07-06T11:26:31	6	7	2023	2535598	2535598	HUMAN_OBSERVATION	iNaturalist	Observations	171384679		mommaseeta	2023-07-06T14:29:28	CC_BY_NC_4_0	mommaseeta	mommaseeta			2025-01-14T12:43:07.481Z	StillImage	COORDINATE_ROUNDED;CONTINENT_DERIVED_FROM_COORDINATES;TAXON_MATCH_TAXON_ID_IGNORED
4153486350	50c9509d-22c7-4a22-a47d-8c48425ef4a7	https://www.inaturalist.org/observations/172359320	Fungi	Basidiomycota	Agaricomycetes	Agaricales	Agaricaceae	Leucocoprinus	Leucocoprinus birnbaumii		SPECIES	Leucocoprinus birnbaumii (Corda) Singer	Leucocoprinus birnbaumii		CA		Québec	PRESENT		28eb1a3f-1c15-4a95-931a-4af90ecb574d	45.384889	-72.705006	205.0						2023-07-04T12:44	4	7	2023	2535598	2535598	HUMAN_OBSERVATION	iNaturalist	Observations	172359320		mycomutant	2023-07-11T17:21:42	CC_BY_NC_4_0	Robert Allie	Robert Allie			2025-01-14T12:36:30.366Z	StillImage	COORDINATE_ROUNDED;CONTINENT_DERIVED_FROM_COORDINATES;TAXON_MATCH_TAXON_ID_IGNORED
4145739841	50c9509d-22c7-4a22-a47d-8c48425ef4a7	https://www.inaturalist.org/observations/170689697	Fungi	Basidiomycota	Agaricomycetes	Agaricales	Agaricaceae	Leucocoprinus	Leucocoprinus birnbaumii		SPECIES	Leucocoprinus birnbaumii (Corda) Singer	Leucocoprinus birnbaumii		CA		Québec	PRESENT		28eb1a3f-1c15-4a95-931a-4af90ecb574d	45.40956	-72.723568	9.0						2023-07-02T12:33:17	2	7	2023	2535598	2535598	HUMAN_OBSERVATION	iNaturalist	Observations	170689697		Lucie Roy	2023-07-02T18:10:21	CC_BY_NC_4_0	Lucie Roy	Lucie Roy			2025-01-14T14:10:24.156Z	StillImage	COORDINATE_ROUNDED;CONTINENT_DERIVED_FROM_COORDINATES;TAXON_MATCH_TAXON_ID_IGNORED
4138566369	50c9509d-22c7-4a22-a47d-8c48425ef4a7	https://www.inaturalist.org/observations/169035679	Fungi	Basidiomycota	Agaricomycetes	Agaricales	Agaricaceae	Leucocoprinus	Leucocoprinus birnbaumii		SPECIES	Leucocoprinus birnbaumii (Corda) Singer	Leucocoprinus birnbaumii		CA		Québec	PRESENT		28eb1a3f-1c15-4a95-931a-4af90ecb574d	46.380433	-74.879417	4.0						2023-06-23T12:31:10	23	6	2023	2535598	2535598	HUMAN_OBSERVATION	iNaturalist	Observations	169035679		geoffreyboulange	2023-06-23T18:06:18	CC_BY_NC_4_0	geoffreyboulange	geoffreyboulange			2025-01-14T13:30:57.781Z	StillImage	COORDINATE_ROUNDED;CONTINENT_DERIVED_FROM_COORDINATES;TAXON_MATCH_TAXON_ID_IGNORED
4138027505	50c9509d-22c7-4a22-a47d-8c48425ef4a7	https://www.inaturalist.org/observations/168381496	Fungi	Basidiomycota	Agaricomycetes	Agaricales	Agaricaceae	Leucocoprinus	Leucocoprinus birnbaumii		SPECIES	Leucocoprinus birnbaumii (Corda) Singer	Leucocoprinus birnbaumii		CA		Ontario	PRESENT		28eb1a3f-1c15-4a95-931a-4af90ecb574d	45.553575	-75.743891	27158.0						2023-06-18T19:07:40	18	6	2023	2535598	2535598	HUMAN_OBSERVATION	iNaturalist	Observations	168381496		cynthia722	2023-06-19T21:52:52	CC_BY_NC_4_0	cynthia722	cynthia722			2025-01-14T13:30:46.818Z	StillImage	COORDINATE_ROUNDED;CONTINENT_DERIVED_FROM_COORDINATES;TAXON_MATCH_TAXON_ID_IGNORED
4133695830	50c9509d-22c7-4a22-a47d-8c48425ef4a7	https://www.inaturalist.org/observations/167085608	Fungi	Basidiomycota	Agaricomycetes	Agaricales	Agaricaceae	Leucocoprinus	Leucocoprinus birnbaumii		SPECIES	Leucocoprinus birnbaumii (Corda) Singer	Leucocoprinus birnbaumii		CA		Québec	PRESENT		28eb1a3f-1c15-4a95-931a-4af90ecb574d	45.924667	-76.478898	27095.0						2023-06-09T06:07	9	6	2023	2535598	2535598	HUMAN_OBSERVATION	iNaturalist	Observations	167085608		L Joan Heyding	2023-06-12T21:09:39	CC_BY_NC_4_0	L Joan Heyding	L Joan Heyding			2025-01-14T12:37:30.156Z	StillImage	COORDINATE_ROUNDED;CONTINENT_DERIVED_FROM_COORDINATES;TAXON_MATCH_TAXON_ID_IGNORED
4130141317	50c9509d-22c7-4a22-a47d-8c48425ef4a7	https://www.inaturalist.org/observations/165028569	Fungi	Basidiomycota	Agaricomycetes	Agaricales	Agaricaceae	Leucocoprinus	Leucocoprinus birnbaumii		SPECIES	Leucocoprinus birnbaumii (Corda) Singer	Leucocoprinus birnbaumii		CA		Ontario	PRESENT		28eb1a3f-1c15-4a95-931a-4af90ecb574d	45.207146	-75.792083	27190.0						2023-06-01T14:54	1	6	2023	2535598	2535598	HUMAN_OBSERVATION	iNaturalist	Observations	165028569		L Joan Heyding	2023-06-01T20:01:49	CC_BY_NC_4_0	L Joan Heyding	L Joan Heyding			2025-01-14T13:30:11.015Z	StillImage	COORDINATE_ROUNDED;CONTINENT_DERIVED_FROM_COORDINATES;TAXON_MATCH_TAXON_ID_IGNORED
4126803934	50c9509d-22c7-4a22-a47d-8c48425ef4a7	https://www.inaturalist.org/observations/88821547	Fungi	Basidiomycota	Agaricomycetes	Agaricales	Agaricaceae	Leucocoprinus	Leucocoprinus birnbaumii		SPECIES	Leucocoprinus birnbaumii (Corda) Singer	Leucocoprinus birnbaumii		CA		Québec	PRESENT		28eb1a3f-1c15-4a95-931a-4af90ecb574d	46.849287	-71.338774	673.0						2021-07-27T10:46:44	27	7	2021	2535598	2535598	HUMAN_OBSERVATION	iNaturalist	Observations	88821547		mycomutant	2022-11-18T00:48:41	CC_BY_NC_4_0	khrothos	khrothos			2025-01-14T13:13:00.080Z	StillImage	COORDINATE_ROUNDED;CONTINENT_DERIVED_FROM_COORDINATES;TAXON_MATCH_TAXON_ID_IGNORED
4116530940	50c9509d-22c7-4a22-a47d-8c48425ef4a7	https://www.inaturalist.org/observations/160940245	Fungi	Basidiomycota	Agaricomycetes	Agaricales	Agaricaceae	Leucocoprinus	Leucocoprinus birnbaumii		SPECIES	Leucocoprinus birnbaumii (Corda) Singer	Leucocoprinus birnbaumii		CA		Ontario	PRESENT		28eb1a3f-1c15-4a95-931a-4af90ecb574d	46.003117	-77.44383	9.0						2023-05-10T13:42:29	10	5	2023	2535598	2535598	HUMAN_OBSERVATION	iNaturalist	Observations	160940245		Mike Theil	2023-05-10T17:46:01	CC_BY_NC_4_0	Mike Theil	Mike Theil			2025-01-14T12:34:23.366Z	StillImage	COORDINATE_ROUNDED;CONTINENT_DERIVED_FROM_COORDINATES;TAXON_MATCH_TAXON_ID_IGNORED
4075759413	50c9509d-22c7-4a22-a47d-8c48425ef4a7	https://www.inaturalist.org/observations/57561868	Fungi	Basidiomycota	Agaricomycetes	Agaricales	Agaricaceae	Leucocoprinus	Leucocoprinus birnbaumii		SPECIES	Leucocoprinus birnbaumii (Corda) Singer	Leucocoprinus birnbaumii		CA		Québec	PRESENT		28eb1a3f-1c15-4a95-931a-4af90ecb574d	45.476545	-75.701272	33657.0						2020-08-24T20:33:36	24	8	2020	2535598	2535598	HUMAN_OBSERVATION	iNaturalist	Observations	57561868		Myca	2020-08-25T17:34:39	CC_BY_NC_4_0	Myca	Myca			2025-01-14T12:14:31.742Z	StillImage	COORDINATE_ROUNDED;CONTINENT_DERIVED_FROM_COORDINATES;TAXON_MATCH_TAXON_ID_IGNORED
4075706614	50c9509d-22c7-4a22-a47d-8c48425ef4a7	https://www.inaturalist.org/observations/117470743	Fungi	Basidiomycota	Agaricomycetes	Agaricales	Agaricaceae	Leucocoprinus	Leucocoprinus birnbaumii		SPECIES	Leucocoprinus birnbaumii (Corda) Singer	Leucocoprinus birnbaumii		CA		Québec	PRESENT		28eb1a3f-1c15-4a95-931a-4af90ecb574d	45.460395	-73.578215	13.0						2022-05-17T12:56:04	17	5	2022	2535598	2535598	HUMAN_OBSERVATION	iNaturalist	Observations	117470743		br00t	2022-05-17T16:57:10	CC_BY_NC_4_0	br00t	br00t			2025-01-14T12:31:24.204Z	StillImage	COORDINATE_ROUNDED;CONTINENT_DERIVED_FROM_COORDINATES;TAXON_MATCH_TAXON_ID_IGNORED
4075580393	50c9509d-22c7-4a22-a47d-8c48425ef4a7	https://www.inaturalist.org/observations/55937522	Fungi	Basidiomycota	Agaricomycetes	Agaricales	Agaricaceae	Leucocoprinus	Leucocoprinus birnbaumii		SPECIES	Leucocoprinus birnbaumii (Corda) Singer	Leucocoprinus birnbaumii		CA		Québec	PRESENT		28eb1a3f-1c15-4a95-931a-4af90ecb574d	46.736907	-71.385903	91.0						2020-08-09T17:52:17Z	9	8	2020	2535598	2535598	HUMAN_OBSERVATION	iNaturalist	Observations	55937522		jcqusrs	2020-08-09T17:53:10	CC_BY_NC_4_0	jcqusrs	jcqusrs			2025-01-14T12:14:13.331Z	StillImage	COORDINATE_ROUNDED;CONTINENT_DERIVED_FROM_COORDINATES;TAXON_MATCH_TAXON_ID_IGNORED
4067271977	50c9509d-22c7-4a22-a47d-8c48425ef4a7	https://www.inaturalist.org/observations/151296352	Fungi	Basidiomycota	Agaricomycetes	Agaricales	Agaricaceae	Leucocoprinus	Leucocoprinus birnbaumii		SPECIES	Leucocoprinus birnbaumii (Corda) Singer	Leucocoprinus birnbaumii		CA		Québec	PRESENT		28eb1a3f-1c15-4a95-931a-4af90ecb574d	46.817895	-71.1715	160.0						2005-12-22T22:29	22	12	2005	2535598	2535598	HUMAN_OBSERVATION	iNaturalist	Observations	151296352		cinna_latifolia	2023-03-16T14:34:28	CC_BY_4_0	S Boisvert	S Boisvert			2025-01-14T13:28:24.701Z	StillImage	COORDINATE_ROUNDED;CONTINENT_DERIVED_FROM_COORDINATES;TAXON_MATCH_TAXON_ID_IGNORED
4054961480	50c9509d-22c7-4a22-a47d-8c48425ef4a7	https://www.inaturalist.org/observations/135027481	Fungi	Basidiomycota	Agaricomycetes	Agaricales	Agaricaceae	Leucocoprinus	Leucocoprinus birnbaumii		SPECIES	Leucocoprinus birnbaumii (Corda) Singer	Leucocoprinus birnbaumii		CA		Québec	PRESENT		28eb1a3f-1c15-4a95-931a-4af90ecb574d	45.636982	-73.800331	26.0						2022-09-14T15:35:21	14	9	2022	2535598	2535598	HUMAN_OBSERVATION	iNaturalist	Observations	135027481		Ben	2022-12-11T11:40:43	CC_BY_NC_4_0	chrislevesque	chrislevesque			2025-01-14T12:32:19.611Z	StillImage	COORDINATE_ROUNDED;CONTINENT_DERIVED_FROM_COORDINATES;TAXON_MATCH_TAXON_ID_IGNORED
3988484398	50c9509d-22c7-4a22-a47d-8c48425ef4a7	https://www.inaturalist.org/observations/97907626	Fungi	Basidiomycota	Agaricomycetes	Agaricales	Agaricaceae	Leucocoprinus	Leucocoprinus birnbaumii		SPECIES	Leucocoprinus birnbaumii (Corda) Singer	Leucocoprinus birnbaumii		CA		Québec	PRESENT		28eb1a3f-1c15-4a95-931a-4af90ecb574d	45.5401	-75.818253	16.0						2021-10-09T08:55	9	10	2021	2535598	2535598	HUMAN_OBSERVATION	iNaturalist	Observations	97907626		Erlon Bailey	2022-03-03T11:24:29	CC_BY_NC_4_0	Judith Allanson	Judith Allanson			2025-01-14T13:10:52.141Z	StillImage	COORDINATE_ROUNDED;CONTINENT_DERIVED_FROM_COORDINATES;TAXON_MATCH_TAXON_ID_IGNORED
3986076437	50c9509d-22c7-4a22-a47d-8c48425ef4a7	https://www.inaturalist.org/observations/78639581	Fungi	Basidiomycota	Agaricomycetes	Agaricales	Agaricaceae	Leucocoprinus	Leucocoprinus birnbaumii		SPECIES	Leucocoprinus birnbaumii (Corda) Singer	Leucocoprinus birnbaumii		CA		Ontario	PRESENT		28eb1a3f-1c15-4a95-931a-4af90ecb574d	45.341503	-75.910804	34535.0						2021-05-13T19:23:57	13	5	2021	2535598	2535598	HUMAN_OBSERVATION	iNaturalist	Observations	78639581		christinebull	2021-05-13T23:24:39	CC_BY_NC_4_0	christinebull	christinebull			2025-01-14T13:18:36.835Z	StillImage	COORDINATE_ROUNDED;CONTINENT_DERIVED_FROM_COORDINATES;TAXON_MATCH_TAXON_ID_IGNORED
3985736394	50c9509d-22c7-4a22-a47d-8c48425ef4a7	https://www.inaturalist.org/observations/53837537	Fungi	Basidiomycota	Agaricomycetes	Agaricales	Agaricaceae	Leucocoprinus	Leucocoprinus birnbaumii		SPECIES	Leucocoprinus birnbaumii (Corda) Singer	Leucocoprinus birnbaumii		CA		Ontario	PRESENT		28eb1a3f-1c15-4a95-931a-4af90ecb574d	45.373924	-76.09102	1228.0						2020-07-21T09:27:10	21	7	2020	2535598	2535598	HUMAN_OBSERVATION	iNaturalist	Observations	53837537		chelsypage	2020-07-21T13:34:55	CC_BY_NC_4_0	chelsypage	chelsypage			2025-01-14T13:09:03.040Z	StillImage	COORDINATE_ROUNDED;CONTINENT_DERIVED_FROM_COORDINATES;TAXON_MATCH_TAXON_ID_IGNORED
3985639648	50c9509d-22c7-4a22-a47d-8c48425ef4a7	https://www.inaturalist.org/observations/129197770	Fungi	Basidiomycota	Agaricomycetes	Agaricales	Agaricaceae	Leucocoprinus	Leucocoprinus birnbaumii		SPECIES	Leucocoprinus birnbaumii (Corda) Singer	Leucocoprinus birnbaumii		CA		Ontario	PRESENT		28eb1a3f-1c15-4a95-931a-4af90ecb574d	45.23843	-75.678671	27190.0						2022-08-02T12:00	2	8	2022	2535598	2535598	HUMAN_OBSERVATION	iNaturalist	Observations	129197770		szpw	2022-08-02T21:41:50	CC_BY_NC_4_0	szpw	szpw			2025-01-14T13:24:15.332Z	StillImage	COORDINATE_ROUNDED;CONTINENT_DERIVED_FROM_COORDINATES;TAXON_MATCH_TAXON_ID_IGNORED
3985633468	50c9509d-22c7-4a22-a47d-8c48425ef4a7	https://www.inaturalist.org/observations/94609736	Fungi	Basidiomycota	Agaricomycetes	Agaricales	Agaricaceae	Leucocoprinus	Leucocoprinus birnbaumii		SPECIES	Leucocoprinus birnbaumii (Corda) Singer	Leucocoprinus birnbaumii		CA		Ontario	PRESENT		28eb1a3f-1c15-4a95-931a-4af90ecb574d	45.327213	-75.793566	18.0						2021-09-12T14:35:08	12	9	2021	2535598	2535598	HUMAN_OBSERVATION	iNaturalist	Observations	94609736		jasonmassia	2021-09-12T18:38:10	CC_BY_NC_4_0	jasonmassia	jasonmassia			2025-01-14T12:22:12.302Z	StillImage	COORDINATE_ROUNDED;CONTINENT_DERIVED_FROM_COORDINATES;TAXON_MATCH_TAXON_ID_IGNORED
3947461624	50c9509d-22c7-4a22-a47d-8c48425ef4a7	https://www.inaturalist.org/observations/122053697	Fungi	Basidiomycota	Agaricomycetes	Agaricales	Agaricaceae	Leucocoprinus	Leucocoprinus birnbaumii		SPECIES	Leucocoprinus birnbaumii (Corda) Singer	Leucocoprinus birnbaumii		CA		Québec	PRESENT		28eb1a3f-1c15-4a95-931a-4af90ecb574d	45.529993	-73.573698	17.0						2022-06-16T14:33:24	16	6	2022	2535598	2535598	HUMAN_OBSERVATION	iNaturalist	Observations	122053697		mycomutant	2022-10-10T18:03:13	CC_BY_NC_4_0	marieevecampbell	marieevecampbell			2025-01-14T12:29:39.007Z	StillImage	COORDINATE_ROUNDED;CONTINENT_DERIVED_FROM_COORDINATES;TAXON_MATCH_TAXON_ID_IGNORED
3923686353	50c9509d-22c7-4a22-a47d-8c48425ef4a7	https://www.inaturalist.org/observations/53550883	Fungi	Basidiomycota	Agaricomycetes	Agaricales	Agaricaceae	Leucocoprinus	Leucocoprinus birnbaumii		SPECIES	Leucocoprinus birnbaumii (Corda) Singer	Leucocoprinus birnbaumii		CA		Québec	PRESENT		28eb1a3f-1c15-4a95-931a-4af90ecb574d	45.408488	-75.804543	65.0						2020-07-18T21:59:41	18	7	2020	2535598	2535598	HUMAN_OBSERVATION	iNaturalist	Observations	53550883		perceneige	2020-07-19T02:00:47	CC_BY_NC_4_0	perceneige	perceneige			2025-01-14T13:02:19.918Z	StillImage	COORDINATE_ROUNDED;CONTINENT_DERIVED_FROM_COORDINATES;TAXON_MATCH_TAXON_ID_IGNORED
3923676572	50c9509d-22c7-4a22-a47d-8c48425ef4a7	https://www.inaturalist.org/observations/127367516	Fungi	Basidiomycota	Agaricomycetes	Agaricales	Agaricaceae	Leucocoprinus	Leucocoprinus birnbaumii		SPECIES	Leucocoprinus birnbaumii (Corda) Singer	Leucocoprinus birnbaumii		CA		Québec	PRESENT		28eb1a3f-1c15-4a95-931a-4af90ecb574d	45.55308	-73.613508	12.0						2022-07-22T11:10:38	22	7	2022	2535598	2535598	HUMAN_OBSERVATION	iNaturalist	Observations	127367516		Grace	2022-08-09T20:28:05	CC_BY_NC_4_0	pideja	pideja			2025-01-14T12:32:13.693Z	StillImage	COORDINATE_ROUNDED;CONTINENT_DERIVED_FROM_COORDINATES;TAXON_MATCH_TAXON_ID_IGNORED
3923638420	50c9509d-22c7-4a22-a47d-8c48425ef4a7	https://www.inaturalist.org/observations/90167424	Fungi	Basidiomycota	Agaricomycetes	Agaricales	Agaricaceae	Leucocoprinus	Leucocoprinus birnbaumii		SPECIES	Leucocoprinus birnbaumii (Corda) Singer	Leucocoprinus birnbaumii		CA		Québec	PRESENT		28eb1a3f-1c15-4a95-931a-4af90ecb574d	45.534393	-73.557526	65.0						2021-08-06T13:53:27	6	8	2021	2535598	2535598	HUMAN_OBSERVATION	iNaturalist	Observations	90167424		adamcvean	2021-08-06T17:55:22	CC_BY_NC_4_0	adamcvean	adamcvean			2025-01-14T13:11:07.444Z	StillImage	COORDINATE_ROUNDED;CONTINENT_DERIVED_FROM_COORDINATES;TAXON_MATCH_TAXON_ID_IGNORED
3923567404	50c9509d-22c7-4a22-a47d-8c48425ef4a7	https://www.inaturalist.org/observations/85234139	Fungi	Basidiomycota	Agaricomycetes	Agaricales	Agaricaceae	Leucocoprinus	Leucocoprinus birnbaumii		SPECIES	Leucocoprinus birnbaumii (Corda) Singer	Leucocoprinus birnbaumii		CA		Nova Scotia	PRESENT		28eb1a3f-1c15-4a95-931a-4af90ecb574d	45.648648	-64.059965	3160.0						2021-07-01T14:47	1	7	2021	2535598	2535598	HUMAN_OBSERVATION	iNaturalist	Observations	85234139		Ben	2021-07-01T17:43:53	CC_BY_NC_4_0	Ben	Ben			2025-01-14T12:19:28.813Z	StillImage	COORDINATE_ROUNDED;CONTINENT_DERIVED_FROM_COORDINATES;TAXON_MATCH_TAXON_ID_IGNORED
3923464589	50c9509d-22c7-4a22-a47d-8c48425ef4a7	https://www.inaturalist.org/observations/132475880	Fungi	Basidiomycota	Agaricomycetes	Agaricales	Agaricaceae	Leucocoprinus	Leucocoprinus birnbaumii		SPECIES	Leucocoprinus birnbaumii (Corda) Singer	Leucocoprinus birnbaumii		CA		Ontario	PRESENT		28eb1a3f-1c15-4a95-931a-4af90ecb574d	45.410206	-75.67786	132.0						2022-08-24T18:28	24	8	2022	2535598	2535598	HUMAN_OBSERVATION	iNaturalist	Observations	132475880		slavi	2022-08-26T22:40:28	CC_BY_NC_4_0	slavi	slavi			2025-01-14T13:25:08.485Z	StillImage	COORDINATE_ROUNDED;CONTINENT_DERIVED_FROM_COORDINATES;TAXON_MATCH_TAXON_ID_IGNORED
3923461565	50c9509d-22c7-4a22-a47d-8c48425ef4a7	https://www.inaturalist.org/observations/127767882	Fungi	Basidiomycota	Agaricomycetes	Agaricales	Agaricaceae	Leucocoprinus	Leucocoprinus birnbaumii		SPECIES	Leucocoprinus birnbaumii (Corda) Singer	Leucocoprinus birnbaumii		CA		Québec	PRESENT		28eb1a3f-1c15-4a95-931a-4af90ecb574d	45.556468	-73.533472	19.0						2022-07-24T19:59:13	24	7	2022	2535598	2535598	HUMAN_OBSERVATION	iNaturalist	Observations	127767882		mbougie	2022-07-24T23:59:35	CC_BY_NC_4_0	mbougie	mbougie			2025-01-14T13:17:46.808Z	StillImage	COORDINATE_ROUNDED;CONTINENT_DERIVED_FROM_COORDINATES;TAXON_MATCH_TAXON_ID_IGNORED
3923438450	50c9509d-22c7-4a22-a47d-8c48425ef4a7	https://www.inaturalist.org/observations/103507118	Fungi	Basidiomycota	Agaricomycetes	Agaricales	Agaricaceae	Leucocoprinus	Leucocoprinus birnbaumii		SPECIES	Leucocoprinus birnbaumii (Corda) Singer	Leucocoprinus birnbaumii		CA		New Brunswick	PRESENT		28eb1a3f-1c15-4a95-931a-4af90ecb574d	46.216751	-64.826523	65.0						2021-12-22T23:21:52	22	12	2021	2535598	2535598	HUMAN_OBSERVATION	iNaturalist	Observations	103507118		joycekn	2021-12-23T03:22:05	CC_BY_NC_4_0	joycekn	joycekn			2025-01-14T12:26:16.634Z	StillImage	COORDINATE_ROUNDED;CONTINENT_DERIVED_FROM_COORDINATES;TAXON_MATCH_TAXON_ID_IGNORED
3923384592	50c9509d-22c7-4a22-a47d-8c48425ef4a7	https://www.inaturalist.org/observations/130526686	Fungi	Basidiomycota	Agaricomycetes	Agaricales	Agaricaceae	Leucocoprinus	Leucocoprinus birnbaumii		SPECIES	Leucocoprinus birnbaumii (Corda) Singer	Leucocoprinus birnbaumii		CA		New Brunswick	PRESENT		28eb1a3f-1c15-4a95-931a-4af90ecb574d	45.975428	-66.625135	65.0						2022-08-12T15:12:19	12	8	2022	2535598	2535598	HUMAN_OBSERVATION	iNaturalist	Observations	130526686		Tristan Hallett	2022-08-22T11:53:28	CC_BY_NC_4_0	jelicia	jelicia			2025-01-14T12:31:38.399Z	StillImage	COORDINATE_ROUNDED;CONTINENT_DERIVED_FROM_COORDINATES;TAXON_MATCH_TAXON_ID_IGNORED
3923317426	50c9509d-22c7-4a22-a47d-8c48425ef4a7	https://www.inaturalist.org/observations/87497042	Fungi	Basidiomycota	Agaricomycetes	Agaricales	Agaricaceae	Leucocoprinus	Leucocoprinus birnbaumii		SPECIES	Leucocoprinus birnbaumii (Corda) Singer	Leucocoprinus birnbaumii		CA		Québec	PRESENT		28eb1a3f-1c15-4a95-931a-4af90ecb574d	45.406523	-72.704683	65.0						2021-07-17T22:43:22	17	7	2021	2535598	2535598	HUMAN_OBSERVATION	iNaturalist	Observations	87497042		siriusstar	2021-07-18T02:46:46	CC_BY_NC_4_0	siriusstar	siriusstar			2025-01-14T13:13:15.666Z	StillImage	COORDINATE_ROUNDED;CONTINENT_DERIVED_FROM_COORDINATES;TAXON_MATCH_TAXON_ID_IGNORED
3923316509	50c9509d-22c7-4a22-a47d-8c48425ef4a7	https://www.inaturalist.org/observations/120012651	Fungi	Basidiomycota	Agaricomycetes	Agaricales	Agaricaceae	Leucocoprinus	Leucocoprinus birnbaumii		SPECIES	Leucocoprinus birnbaumii (Corda) Singer	Leucocoprinus birnbaumii		CA		Ontario	PRESENT		28eb1a3f-1c15-4a95-931a-4af90ecb574d	45.467815	-76.516455	122.0						2022-06-01T10:10	1	6	2022	2535598	2535598	HUMAN_OBSERVATION	iNaturalist	Observations	120012651		rmagoon	2022-06-03T14:15:21	CC_BY_NC_4_0	rmagoon	rmagoon			2025-01-14T13:22:34.607Z	StillImage	COORDINATE_ROUNDED;CONTINENT_DERIVED_FROM_COORDINATES;TAXON_MATCH_TAXON_ID_IGNORED
3923285434	50c9509d-22c7-4a22-a47d-8c48425ef4a7	https://www.inaturalist.org/observations/90182430	Fungi	Basidiomycota	Agaricomycetes	Agaricales	Agaricaceae	Leucocoprinus	Leucocoprinus birnbaumii		SPECIES	Leucocoprinus birnbaumii (Corda) Singer	Leucocoprinus birnbaumii		CA		Québec	PRESENT		28eb1a3f-1c15-4a95-931a-4af90ecb574d	45.444131	-73.709248	357.0						2021-08-06T16:06:42	6	8	2021	2535598	2535598	HUMAN_OBSERVATION	iNaturalist	Observations	90182430		ryan-1234	2021-08-06T20:06:52	CC_BY_NC_4_0	ryan-1234	ryan-1234			2025-01-14T13:13:29.987Z	StillImage	COORDINATE_ROUNDED;CONTINENT_DERIVED_FROM_COORDINATES;TAXON_MATCH_TAXON_ID_IGNORED
3923256326	50c9509d-22c7-4a22-a47d-8c48425ef4a7	https://www.inaturalist.org/observations/49282454	Fungi	Basidiomycota	Agaricomycetes	Agaricales	Agaricaceae	Leucocoprinus	Leucocoprinus birnbaumii		SPECIES	Leucocoprinus birnbaumii (Corda) Singer	Leucocoprinus birnbaumii		CA		Ontario	PRESENT		28eb1a3f-1c15-4a95-931a-4af90ecb574d	45.181356	-75.579321	5.0						2020-06-11T20:21:01	11	6	2020	2535598	2535598	HUMAN_OBSERVATION	iNaturalist	Observations	49282454		Ben	2020-06-30T15:08:46	CC_BY_NC_4_0	notdull	notdull			2025-01-14T13:03:53.750Z	StillImage	COORDINATE_ROUNDED;CONTINENT_DERIVED_FROM_COORDINATES;TAXON_MATCH_TAXON_ID_IGNORED
3923243568	50c9509d-22c7-4a22-a47d-8c48425ef4a7	https://www.inaturalist.org/observations/131414311	Fungi	Basidiomycota	Agaricomycetes	Agaricales	Agaricaceae	Leucocoprinus	Leucocoprinus birnbaumii		SPECIES	Leucocoprinus birnbaumii (Corda) Singer	Leucocoprinus birnbaumii		CA		Nova Scotia	PRESENT		28eb1a3f-1c15-4a95-931a-4af90ecb574d	45.095694	-64.170306							2022-07-24T10:36:26	24	7	2022	2535598	2535598	HUMAN_OBSERVATION	iNaturalist	Observations	131414311		Grace	2022-08-19T16:00:42	CC_BY_NC_4_0	Colin O'Neil	Colin O'Neil			2025-01-14T13:25:15.060Z	StillImage	COORDINATE_ROUNDED;CONTINENT_DERIVED_FROM_COORDINATES;TAXON_MATCH_TAXON_ID_IGNORED
3903475720	50c9509d-22c7-4a22-a47d-8c48425ef4a7	https://www.inaturalist.org/observations/132678801	Fungi	Basidiomycota	Agaricomycetes	Agaricales	Agaricaceae	Leucocoprinus	Leucocoprinus birnbaumii		SPECIES	Leucocoprinus birnbaumii (Corda) Singer	Leucocoprinus birnbaumii		CA		Québec	PRESENT		28eb1a3f-1c15-4a95-931a-4af90ecb574d	46.361108	-72.59871	4602.0						2022-08-28T16:05	28	8	2022	2535598	2535598	HUMAN_OBSERVATION	iNaturalist	Observations	132678801		Gabrielle Lamanna	2022-08-31T00:14:29	CC_BY_NC_4_0	Gabrielle Lamanna	Gabrielle Lamanna			2025-01-14T12:31:38.531Z	StillImage	COORDINATE_ROUNDED;CONTINENT_DERIVED_FROM_COORDINATES;TAXON_MATCH_TAXON_ID_IGNORED
3902291639	50c9509d-22c7-4a22-a47d-8c48425ef4a7	https://www.inaturalist.org/observations/132419460	Fungi	Basidiomycota	Agaricomycetes	Agaricales	Agaricaceae	Leucocoprinus	Leucocoprinus birnbaumii		SPECIES	Leucocoprinus birnbaumii (Corda) Singer	Leucocoprinus birnbaumii		CA		New Brunswick	PRESENT		28eb1a3f-1c15-4a95-931a-4af90ecb574d	45.343293	-65.876621	4.0						2022-08-26T11:43:31	26	8	2022	2535598	2535598	HUMAN_OBSERVATION	iNaturalist	Observations	132419460		Ben	2022-08-31T02:48:34	CC_BY_NC_4_0	sandramitch	sandramitch			2025-01-14T12:31:37.948Z	StillImage	COORDINATE_ROUNDED;CONTINENT_DERIVED_FROM_COORDINATES;TAXON_MATCH_TAXON_ID_IGNORED
3889261502	50c9509d-22c7-4a22-a47d-8c48425ef4a7	https://www.inaturalist.org/observations/130044106	Fungi	Basidiomycota	Agaricomycetes	Agaricales	Agaricaceae	Leucocoprinus	Leucocoprinus birnbaumii		SPECIES	Leucocoprinus birnbaumii (Corda) Singer	Leucocoprinus birnbaumii		CA		Québec	PRESENT		28eb1a3f-1c15-4a95-931a-4af90ecb574d	45.53067	-73.560364	11.0						2022-08-08T19:12:22	8	8	2022	2535598	2535598	HUMAN_OBSERVATION	iNaturalist	Observations	130044106		marieevebnh	2022-08-08T23:12:31	CC_BY_NC_4_0	marieevebnh	marieevebnh			2025-01-14T13:23:29.137Z	StillImage	COORDINATE_ROUNDED;CONTINENT_DERIVED_FROM_COORDINATES;TAXON_MATCH_TAXON_ID_IGNORED
3881507901	50c9509d-22c7-4a22-a47d-8c48425ef4a7	https://www.inaturalist.org/observations/128894467	Fungi	Basidiomycota	Agaricomycetes	Agaricales	Agaricaceae	Leucocoprinus	Leucocoprinus birnbaumii		SPECIES	Leucocoprinus birnbaumii (Corda) Singer	Leucocoprinus birnbaumii		CA		Québec	PRESENT		28eb1a3f-1c15-4a95-931a-4af90ecb574d	45.364383	-71.966447	5.0						2022-07-31T19:33:44	31	7	2022	2535598	2535598	HUMAN_OBSERVATION	iNaturalist	Observations	128894467		pakiloup	2022-07-31T23:35:09	CC_BY_NC_4_0	pakiloup	pakiloup			2025-01-14T13:18:09.688Z	StillImage	COORDINATE_ROUNDED;CONTINENT_DERIVED_FROM_COORDINATES;TAXON_MATCH_TAXON_ID_IGNORED
3874066499	50c9509d-22c7-4a22-a47d-8c48425ef4a7	https://www.inaturalist.org/observations/127511339	Fungi	Basidiomycota	Agaricomycetes	Agaricales	Agaricaceae	Leucocoprinus	Leucocoprinus birnbaumii		SPECIES	Leucocoprinus birnbaumii (Corda) Singer	Leucocoprinus birnbaumii		CA		Québec	PRESENT		28eb1a3f-1c15-4a95-931a-4af90ecb574d	45.446187	-73.849992	6.0						2022-07-22T19:53:34	22	7	2022	2535598	2535598	HUMAN_OBSERVATION	iNaturalist	Observations	127511339		muscariafly	2022-07-23T14:48:09	CC_BY_NC_4_0	muscariafly	muscariafly			2025-01-14T12:30:52.056Z	StillImage	COORDINATE_ROUNDED;CONTINENT_DERIVED_FROM_COORDINATES;TAXON_MATCH_TAXON_ID_IGNORED
3873925585	50c9509d-22c7-4a22-a47d-8c48425ef4a7	https://www.inaturalist.org/observations/125497321	Fungi	Basidiomycota	Agaricomycetes	Agaricales	Agaricaceae	Leucocoprinus	Leucocoprinus birnbaumii		SPECIES	Leucocoprinus birnbaumii (Corda) Singer	Leucocoprinus birnbaumii		CA		Ontario	PRESENT		28eb1a3f-1c15-4a95-931a-4af90ecb574d	45.329563	-75.536667	27190.0						2022-06-21T14:38:50	21	6	2022	2535598	2535598	HUMAN_OBSERVATION	iNaturalist	Observations	125497321		weeezy	2022-07-09T19:39:12	CC_BY_NC_4_0	weeezy	weeezy			2025-01-14T12:32:22.342Z	StillImage	COORDINATE_ROUNDED;CONTINENT_DERIVED_FROM_COORDINATES;TAXON_MATCH_TAXON_ID_IGNORED
3860375657	50c9509d-22c7-4a22-a47d-8c48425ef4a7	https://www.inaturalist.org/observations/120594317	Fungi	Basidiomycota	Agaricomycetes	Agaricales	Agaricaceae	Leucocoprinus	Leucocoprinus birnbaumii		SPECIES	Leucocoprinus birnbaumii (Corda) Singer	Leucocoprinus birnbaumii		CA		Ontario	PRESENT		28eb1a3f-1c15-4a95-931a-4af90ecb574d	45.395626	-75.696199	16.0						2022-06-06T19:47:07	6	6	2022	2535598	2535598	HUMAN_OBSERVATION	iNaturalist	Observations	120594317		thrinley	2022-06-06T23:50:10	CC_BY_NC_4_0	thrinley	thrinley			2025-01-14T13:22:15.010Z	StillImage	COORDINATE_ROUNDED;CONTINENT_DERIVED_FROM_COORDINATES;TAXON_MATCH_TAXON_ID_IGNORED
3398698940	50c9509d-22c7-4a22-a47d-8c48425ef4a7	https://www.inaturalist.org/observations/97374936	Fungi	Basidiomycota	Agaricomycetes	Agaricales	Agaricaceae	Leucocoprinus	Leucocoprinus birnbaumii		SPECIES	Leucocoprinus birnbaumii (Corda) Singer	Leucocoprinus birnbaumii		CA		Québec	PRESENT		28eb1a3f-1c15-4a95-931a-4af90ecb574d	45.510798	-73.583642	65.0						2021-10-06T15:19:18	6	10	2021	2535598	2535598	HUMAN_OBSERVATION	iNaturalist	Observations	97374936		lisatsyhanok	2021-10-06T19:21:09	CC_BY_NC_4_0	lisatsyhanok	lisatsyhanok			2025-01-14T13:14:27.302Z	StillImage	COORDINATE_ROUNDED;CONTINENT_DERIVED_FROM_COORDINATES;TAXON_MATCH_TAXON_ID_IGNORED
3385192538	50c9509d-22c7-4a22-a47d-8c48425ef4a7	https://www.inaturalist.org/observations/97385690	Fungi	Basidiomycota	Agaricomycetes	Agaricales	Agaricaceae	Leucocoprinus	Leucocoprinus birnbaumii		SPECIES	Leucocoprinus birnbaumii (Corda) Singer	Leucocoprinus birnbaumii		CA		Québec	PRESENT		28eb1a3f-1c15-4a95-931a-4af90ecb574d	45.510963	-73.584253	165.0						2021-10-06T15:05:14	6	10	2021	2535598	2535598	HUMAN_OBSERVATION	iNaturalist	Observations	97385690		evasavard5	2021-10-06T21:04:55	CC_BY_NC_4_0	evasavard5	evasavard5			2025-01-14T13:15:35.646Z	StillImage	COORDINATE_ROUNDED;CONTINENT_DERIVED_FROM_COORDINATES;TAXON_MATCH_TAXON_ID_IGNORED
3384605439	50c9509d-22c7-4a22-a47d-8c48425ef4a7	https://www.inaturalist.org/observations/97280841	Fungi	Basidiomycota	Agaricomycetes	Agaricales	Agaricaceae	Leucocoprinus	Leucocoprinus birnbaumii		SPECIES	Leucocoprinus birnbaumii (Corda) Singer	Leucocoprinus birnbaumii		CA		Québec	PRESENT		28eb1a3f-1c15-4a95-931a-4af90ecb574d	45.510967	-73.584663	16.0						2021-10-05T15:36:12	5	10	2021	2535598	2535598	HUMAN_OBSERVATION	iNaturalist	Observations	97280841		ameliejacobs	2021-10-05T20:33:38	CC_BY_NC_4_0	ameliejacobs	ameliejacobs			2025-01-14T12:23:47.581Z	StillImage	COORDINATE_ROUNDED;CONTINENT_DERIVED_FROM_COORDINATES;TAXON_MATCH_TAXON_ID_IGNORED
3355641398	50c9509d-22c7-4a22-a47d-8c48425ef4a7	https://www.inaturalist.org/observations/93081997	Fungi	Basidiomycota	Agaricomycetes	Agaricales	Agaricaceae	Leucocoprinus	Leucocoprinus birnbaumii		SPECIES	Leucocoprinus birnbaumii (Corda) Singer	Leucocoprinus birnbaumii		CA		Québec	PRESENT		28eb1a3f-1c15-4a95-931a-4af90ecb574d	45.42835	-73.713391	27158.0						2021-08-30T17:10:20	30	8	2021	2535598	2535598	HUMAN_OBSERVATION	iNaturalist	Observations	93081997		camelliasinensis	2021-08-30T21:12:24	CC_BY_NC_4_0	camelliasinensis	camelliasinensis			2025-01-14T13:13:55.669Z	StillImage	COORDINATE_ROUNDED;CONTINENT_DERIVED_FROM_COORDINATES;TAXON_MATCH_TAXON_ID_IGNORED
3327885420	50c9509d-22c7-4a22-a47d-8c48425ef4a7	https://www.inaturalist.org/observations/86907033	Fungi	Basidiomycota	Agaricomycetes	Agaricales	Agaricaceae	Leucocoprinus	Leucocoprinus birnbaumii		SPECIES	Leucocoprinus birnbaumii (Corda) Singer	Leucocoprinus birnbaumii		CA		Ontario	PRESENT		28eb1a3f-1c15-4a95-931a-4af90ecb574d	45.548205	-75.76181	27158.0						2021-07-13T17:18:31	13	7	2021	2535598	2535598	HUMAN_OBSERVATION	iNaturalist	Observations	86907033		Hannah Davis	2021-07-13T21:22:14	CC_BY_NC_4_0	Hannah Davis	Hannah Davis			2025-01-14T12:20:20.804Z		COORDINATE_ROUNDED;CONTINENT_DERIVED_FROM_COORDINATES;TAXON_MATCH_TAXON_ID_IGNORED
3321029307	50c9509d-22c7-4a22-a47d-8c48425ef4a7	https://www.inaturalist.org/observations/84994418	Fungi	Basidiomycota	Agaricomycetes	Agaricales	Agaricaceae	Leucocoprinus	Leucocoprinus birnbaumii		SPECIES	Leucocoprinus birnbaumii (Corda) Singer	Leucocoprinus birnbaumii		CA		Québec	PRESENT		28eb1a3f-1c15-4a95-931a-4af90ecb574d	45.377337	-71.964343	64.0						2021-06-29T13:15:52	29	6	2021	2535598	2535598	HUMAN_OBSERVATION	iNaturalist	Observations	84994418		solidvinc	2021-06-29T17:17:15	CC_BY_NC_4_0	solidvinc	solidvinc			2025-01-14T13:10:26.473Z	StillImage	COORDINATE_ROUNDED;CONTINENT_DERIVED_FROM_COORDINATES;TAXON_MATCH_TAXON_ID_IGNORED
2823257121	50c9509d-22c7-4a22-a47d-8c48425ef4a7	https://www.inaturalist.org/observations/53712198	Fungi	Basidiomycota	Agaricomycetes	Agaricales	Agaricaceae	Leucocoprinus	Leucocoprinus birnbaumii		SPECIES	Leucocoprinus birnbaumii (Corda) Singer	Leucocoprinus birnbaumii		CA		Québec	PRESENT		28eb1a3f-1c15-4a95-931a-4af90ecb574d	46.377834	-72.534285	16.0						2020-07-20T10:55:46Z	20	7	2020	2535598	2535598	HUMAN_OBSERVATION	iNaturalist	Observations	53712198		pixelle81	2020-07-20T10:57:06	CC_BY_NC_4_0	pixelle81	pixelle81			2025-01-14T12:14:37.879Z	StillImage	COORDINATE_ROUNDED;CONTINENT_DERIVED_FROM_COORDINATES;TAXON_MATCH_TAXON_ID_IGNORED
2814179869	50c9509d-22c7-4a22-a47d-8c48425ef4a7	https://www.inaturalist.org/observations/50953092	Fungi	Basidiomycota	Agaricomycetes	Agaricales	Agaricaceae	Leucocoprinus	Leucocoprinus birnbaumii		SPECIES	Leucocoprinus birnbaumii (Corda) Singer	Leucocoprinus birnbaumii		CA		Ontario	PRESENT		28eb1a3f-1c15-4a95-931a-4af90ecb574d	45.064735	-74.775652	61.0						2018-07-25T14:11	25	7	2018	2535598	2535598	HUMAN_OBSERVATION	iNaturalist	Observations	50953092		Rob Fry	2020-06-26T02:49:51	CC_BY_NC_4_0	Rob Fry	Rob Fry			2025-01-14T13:08:28.080Z	StillImage	COORDINATE_ROUNDED;CONTINENT_DERIVED_FROM_COORDINATES;TAXON_MATCH_TAXON_ID_IGNORED
2423614401	21705170-d2b6-42de-8904-c3bca4b83591	CMMF020190	Fungi	Basidiomycota	Agaricomycetes	Agaricales	Agaricaceae	Leucocoprinus	Leucocoprinus birnbaumii		SPECIES	Leucocoprinus luteus (Godfrin) Locq.	Leucocoprinus luteus (Bolton) Locq.	(Bolton) Locq.	CA	Mtl, Labo	Québec	PRESENT		ff7bd5db-b724-4932-b496-10ea298851f9	45.511101	-73.611316	100.0						1999-07-25	25	7	1999	2535603	2535598	PRESERVED_SPECIMEN	Université de Montréal Biodiversity Centre	CMMF	CMMF020190	X-4.25	Neumann, Peterjurgen		CC0_1_0	Université de Montréal Biodiversity Centre	Neumann, Peterjurgen			2024-01-24T16:38:21.078Z		INSTITUTION_MATCH_FUZZY;COLLECTION_MATCH_FUZZY;DIFFERENT_OWNER_INSTITUTION
2311298802	50c9509d-22c7-4a22-a47d-8c48425ef4a7	https://www.inaturalist.org/observations/28449506	Fungi	Basidiomycota	Agaricomycetes	Agaricales	Agaricaceae	Leucocoprinus	Leucocoprinus birnbaumii		SPECIES	Leucocoprinus birnbaumii (Corda) Singer	Leucocoprinus birnbaumii		CA		Québec	PRESENT		28eb1a3f-1c15-4a95-931a-4af90ecb574d	45.089036	-74.355469	2931896.0						2019-07-08T08:01:35	8	7	2019	2535598	2535598	HUMAN_OBSERVATION	iNaturalist	Observations	28449506		apis-melifica	2019-07-08T18:33:52	CC_BY_NC_4_0	apis-melifica	apis-melifica			2025-01-14T13:02:50.593Z	StillImage	COORDINATE_ROUNDED;CONTINENT_DERIVED_FROM_COORDINATES;TAXON_MATCH_TAXON_ID_IGNORED
1807261874	e8a25a42-f125-476c-8554-3ec21cd51a84	ACAD:118827	Fungi	Basidiomycota	Agaricomycetes	Agaricales	Agaricaceae	Leucocoprinus	Leucocoprinus birnbaumii		SPECIES	Leucocoprinus birnbaumii (Corda) Singer	Leucocoprinus birnbaumii (Corda) Singer	(Corda) Singer	CA	Kentville	Nova Scotia	PRESENT		6491ad8c-8e49-4bd4-a089-0ddb3bbe0890	45.07662	-64.49592							1959-09-28	28	9	1959	2535598	2535598	PRESERVED_SPECIMEN	Acadia University	ACAD	7529F	7529			CC0_1_0	Acadia University	Harrison, KA			2024-01-25T01:37:12.966Z	StillImage	GEODETIC_DATUM_INVALID;GEODETIC_DATUM_ASSUMED_WGS84;TAXON_MATCH_TAXON_ID_IGNORED;INSTITUTION_MATCH_FUZZY;COLLECTION_MATCH_FUZZY
1807261831	e8a25a42-f125-476c-8554-3ec21cd51a84	ACAD:118831	Fungi	Basidiomycota	Agaricomycetes	Agaricales	Agaricaceae	Leucocoprinus	Leucocoprinus birnbaumii		SPECIES	Leucocoprinus birnbaumii (Corda) Singer	Leucocoprinus birnbaumii (Corda) Singer	(Corda) Singer	CA	Kentville	Nova Scotia	PRESENT		6491ad8c-8e49-4bd4-a089-0ddb3bbe0890	45.07662	-64.49592							1955-08-19	19	8	1955	2535598	2535598	PRESERVED_SPECIMEN	Acadia University	ACAD	7533F	7533			CC0_1_0	Acadia University	M, GL			2024-01-25T01:37:12.964Z	StillImage	GEODETIC_DATUM_INVALID;GEODETIC_DATUM_ASSUMED_WGS84;TAXON_MATCH_TAXON_ID_IGNORED;INSTITUTION_MATCH_FUZZY;COLLECTION_MATCH_FUZZY
1807260514	e8a25a42-f125-476c-8554-3ec21cd51a84	ACAD:116901	Fungi	Basidiomycota	Agaricomycetes	Agaricales	Agaricaceae	Leucocoprinus	Leucocoprinus birnbaumii		SPECIES	Lepiota lutea Godfrin	Lepiota luteola Pat.	Pat.	CA	Kentville	Nova Scotia	PRESENT		6491ad8c-8e49-4bd4-a089-0ddb3bbe0890	45.07662	-64.49592							1961-09-19	19	9	1961	7640028	2535598	PRESERVED_SPECIMEN	Acadia University	ACAD	5161F	5161			CC0_1_0	Acadia University	H, KA			2024-01-25T01:37:05.553Z	StillImage	GEODETIC_DATUM_INVALID;GEODETIC_DATUM_ASSUMED_WGS84;TAXON_MATCH_FUZZY;TAXON_MATCH_TAXON_ID_IGNORED;INSTITUTION_MATCH_FUZZY;COLLECTION_MATCH_FUZZY
1807259519	e8a25a42-f125-476c-8554-3ec21cd51a84	ACAD:116253	Fungi	Basidiomycota	Agaricomycetes	Agaricales	Agaricaceae	Leucocoprinus	Leucocoprinus birnbaumii		SPECIES	Lepiota lutea Godfrin	Lepiota luteola Pat.	Pat.	CA	Kentville	Nova Scotia	PRESENT		6491ad8c-8e49-4bd4-a089-0ddb3bbe0890	45.07662	-64.49592							1959-01-27	27	1	1959	7640028	2535598	PRESERVED_SPECIMEN	Acadia University	ACAD	4005F	4005			CC0_1_0	Acadia University	H, KA			2024-01-25T01:37:04.083Z	StillImage	GEODETIC_DATUM_INVALID;GEODETIC_DATUM_ASSUMED_WGS84;TAXON_MATCH_FUZZY;TAXON_MATCH_TAXON_ID_IGNORED;INSTITUTION_MATCH_FUZZY;COLLECTION_MATCH_FUZZY
1412706007	21705170-d2b6-42de-8904-c3bca4b83591	CMMF014461	Fungi	Basidiomycota	Agaricomycetes	Agaricales	Agaricaceae	Leucocoprinus	Leucocoprinus birnbaumii		SPECIES	Leucocoprinus birnbaumii (Corda) Singer	Leucocoprinus birnbaumii (Corda) Singer	(Corda) Singer	CA	Chicoutimi, Québec.	Québec	PRESENT		ff7bd5db-b724-4932-b496-10ea298851f9	48.368277	-71.119642	15000.0						1981-03-17	17	3	1981	2535598	2535598	PRESERVED_SPECIMEN	Université de Montréal Biodiversity Centre	CMMF	CMMF014461	2331	Guérin, Gérard		CC0_1_0	Université de Montréal Biodiversity Centre	Guérin, Gérard			2024-01-24T16:38:19.509Z		INSTITUTION_MATCH_FUZZY;COLLECTION_MATCH_FUZZY;DIFFERENT_OWNER_INSTITUTION
1412705997	21705170-d2b6-42de-8904-c3bca4b83591	CMMF014462	Fungi	Basidiomycota	Agaricomycetes	Agaricales	Agaricaceae	Leucocoprinus	Leucocoprinus birnbaumii		SPECIES	Leucocoprinus birnbaumii (Corda) Singer	Leucocoprinus birnbaumii (Corda) Singer	(Corda) Singer	CA	Université du Québec à Chicoutimi, Chicoutimi, Québec.	Québec	PRESENT		ff7bd5db-b724-4932-b496-10ea298851f9	48.419455	-71.052041	1000.0						1983-04		4	1983	2535598	2535598	PRESERVED_SPECIMEN	Université de Montréal Biodiversity Centre	CMMF	CMMF014462	NA	Guérin, Gérard		CC0_1_0	Université de Montréal Biodiversity Centre	Lussier, Paul			2024-01-24T16:38:19.575Z		INSTITUTION_MATCH_FUZZY;COLLECTION_MATCH_FUZZY;DIFFERENT_OWNER_INSTITUTION
1412705949	21705170-d2b6-42de-8904-c3bca4b83591	CMMF014463	Fungi	Basidiomycota	Agaricomycetes	Agaricales	Agaricaceae	Leucocoprinus	Leucocoprinus birnbaumii		SPECIES	Leucocoprinus birnbaumii (Corda) Singer	Leucocoprinus birnbaumii (Corda) Singer	(Corda) Singer	CA	Chicoutimi, Québec.	Québec	PRESENT		ff7bd5db-b724-4932-b496-10ea298851f9	48.368277	-71.119642	15000.0						1989-07-08	8	7	1989	2535598	2535598	PRESERVED_SPECIMEN	Université de Montréal Biodiversity Centre	CMMF	CMMF014463	2332	Guérin, Gérard		CC0_1_0	Université de Montréal Biodiversity Centre	Guérin, Gérard			2024-01-24T16:38:19.576Z	StillImage	INSTITUTION_MATCH_FUZZY;COLLECTION_MATCH_FUZZY;DIFFERENT_OWNER_INSTITUTION
1135068114	21705170-d2b6-42de-8904-c3bca4b83591	CMMF006714	Fungi	Basidiomycota	Agaricomycetes	Agaricales	Agaricaceae	Leucocoprinus	Leucocoprinus birnbaumii		SPECIES	Leucocoprinus birnbaumii (Corda) Singer	Leucocoprinus birnbaumii (Corda) Singer	(Corda) Singer	CA	Montréal	Québec	PRESENT		ff7bd5db-b724-4932-b496-10ea298851f9	45.542	-73.5505	100.0						1983-08-31	31	8	1983	2535598	2535598	PRESERVED_SPECIMEN	Université de Montréal Biodiversity Centre	CMMF	CMMF006714	1541	McNeil, Raymond		CC0_1_0	Université de Montréal Biodiversity Centre	McNeil, Raymond; Archambault, Raymond			2024-01-24T16:38:18.414Z	StillImage	INSTITUTION_MATCH_FUZZY;COLLECTION_MATCH_FUZZY;DIFFERENT_OWNER_INSTITUTION
