gbifID	datasetKey	occurrenceID	kingdom	phylum	class	order	family	genus	species	infraspecificEpithet	taxonRank	scientificName	verbatimScientificName	verbatimScientificNameAuthorship	countryCode	locality	stateProvince	occurrenceStatus	individualCount	publishingOrgKey	decimalLatitude	decimalLongitude	coordinateUncertaintyInMeters	coordinatePrecision	elevation	elevationAccuracy	depth	depthAccuracy	eventDate	day	month	year	taxonKey	speciesKey	basisOfRecord	institutionCode	collectionCode	catalogNumber	recordNumber	identifiedBy	dateIdentified	license	rightsHolder	recordedBy	typeStatus	establishmentMeans	lastInterpreted	mediaType	issue
617551461	21705170-d2b6-42de-8904-c3bca4b83591	CMMF002718	Fungi	Basidiomycota	Agaricomycetes	Polyporales	Polyporaceae	Trametes	Trametes ochracea		SPECIES	Trametes ochracea (Pers.) Gilb. & Ryvarden	Trametes ochracea (Pers.) Gilb. & Ryvarden	(Pers.) Gilb. & Ryvarden	CA	Saint-Majorique	Québec	PRESENT		ff7bd5db-b724-4932-b496-10ea298851f9	45.931221	-72.584529	5000.0						1995-10-04	4	10	1995	2548374	2548374	PRESERVED_SPECIMEN	Université de Montréal Biodiversity Centre	CMMF	CMMF002718		Lamoureux, Yves		CC0_1_0	Université de Montréal Biodiversity Centre	Lamoureux, Yves			2024-01-24T16:38:20.484Z	StillImage	INSTITUTION_MATCH_FUZZY;COLLECTION_MATCH_FUZZY;DIFFERENT_OWNER_INSTITUTION
617550563	21705170-d2b6-42de-8904-c3bca4b83591	CMMF002332	Fungi	Basidiomycota	Agaricomycetes	Polyporales	Polyporaceae	Trametes	Trametes ochracea		SPECIES	Trametes ochracea (Pers.) Gilb. & Ryvarden	Trametes ochracea (Pers.) Gilb. & Ryvarden	(Pers.) Gilb. & Ryvarden	CA	Saint-Bruno-de-Montarville	Québec	PRESENT		ff7bd5db-b724-4932-b496-10ea298851f9	45.526599	-73.344507	5500.0						1994-10-09	9	10	1994	2548374	2548374	PRESERVED_SPECIMEN	Université de Montréal Biodiversity Centre	CMMF	CMMF002332		Audet, Serge		CC0_1_0	Université de Montréal Biodiversity Centre	Audet, Serge			2024-01-24T16:38:19.435Z	StillImage	INSTITUTION_MATCH_FUZZY;COLLECTION_MATCH_FUZZY;DIFFERENT_OWNER_INSTITUTION
5008329516	50c9509d-22c7-4a22-a47d-8c48425ef4a7	https://www.inaturalist.org/observations/255523522	Fungi	Basidiomycota	Agaricomycetes	Polyporales	Polyporaceae	Trametes	Trametes ochracea		SPECIES	Trametes ochracea (Pers.) Gilb. & Ryvarden	Trametes ochracea		CA		Prince Edward Island	PRESENT		28eb1a3f-1c15-4a95-931a-4af90ecb574d	46.691464	-64.01925	4.0						2024-12-18T14:58	18	12	2024	2548374	2548374	HUMAN_OBSERVATION	iNaturalist	Observations	255523522		Thelma Phillips	2024-12-18T19:43:53	CC_BY_NC_4_0	Thelma Phillips	Thelma Phillips			2025-01-14T13:50:52.822Z	StillImage	COORDINATE_ROUNDED;CONTINENT_DERIVED_FROM_COORDINATES;TAXON_MATCH_TAXON_ID_IGNORED
4994109334	50c9509d-22c7-4a22-a47d-8c48425ef4a7	https://www.inaturalist.org/observations/189421543	Fungi	Basidiomycota	Agaricomycetes	Polyporales	Polyporaceae	Trametes	Trametes ochracea		SPECIES	Trametes ochracea (Pers.) Gilb. & Ryvarden	Trametes ochracea		CA		Québec	PRESENT		28eb1a3f-1c15-4a95-931a-4af90ecb574d	45.605697	-73.757011	588.0						2023-10-29T09:19:26	29	10	2023	2548374	2548374	HUMAN_OBSERVATION	iNaturalist	Observations	189421543		Fabian Orozco	2023-10-30T00:37:34	CC_BY_4_0	Fabian Orozco	Fabian Orozco			2025-01-14T13:33:06.475Z	StillImage	COORDINATE_ROUNDED;CONTINENT_DERIVED_FROM_COORDINATES;TAXON_MATCH_TAXON_ID_IGNORED
4987513509	50c9509d-22c7-4a22-a47d-8c48425ef4a7	https://www.inaturalist.org/observations/252673865	Fungi	Basidiomycota	Agaricomycetes	Polyporales	Polyporaceae	Trametes	Trametes ochracea		SPECIES	Trametes ochracea (Pers.) Gilb. & Ryvarden	Trametes ochracea		CA		Prince Edward Island	PRESENT		28eb1a3f-1c15-4a95-931a-4af90ecb574d	46.527962	-64.010864	4.0						2024-11-22T14:30:17	22	11	2024	2548374	2548374	HUMAN_OBSERVATION	iNaturalist	Observations	252673865		Rosemary Curley	2024-11-23T03:25:12	CC_BY_NC_4_0	Rosemary Curley	Rosemary Curley			2025-01-14T12:53:24.037Z	StillImage	COORDINATE_ROUNDED;CONTINENT_DERIVED_FROM_COORDINATES;TAXON_MATCH_TAXON_ID_IGNORED
4980596796	50c9509d-22c7-4a22-a47d-8c48425ef4a7	https://www.inaturalist.org/observations/187566726	Fungi	Basidiomycota	Agaricomycetes	Polyporales	Polyporaceae	Trametes	Trametes ochracea		SPECIES	Trametes ochracea (Pers.) Gilb. & Ryvarden	Trametes ochracea		CA		Québec	PRESENT		28eb1a3f-1c15-4a95-931a-4af90ecb574d	45.872811	-76.4339	501.0						2023-10-12T15:19	12	10	2023	2548374	2548374	HUMAN_OBSERVATION	iNaturalist	Observations	187566726		L Joan Heyding	2023-10-15T00:15:15	CC_BY_NC_4_0	L Joan Heyding	L Joan Heyding			2025-01-14T13:32:53.516Z	StillImage	COORDINATE_ROUNDED;CONTINENT_DERIVED_FROM_COORDINATES;TAXON_MATCH_TAXON_ID_IGNORED
4980520488	50c9509d-22c7-4a22-a47d-8c48425ef4a7	https://www.inaturalist.org/observations/250860826	Fungi	Basidiomycota	Agaricomycetes	Polyporales	Polyporaceae	Trametes	Trametes ochracea		SPECIES	Trametes ochracea (Pers.) Gilb. & Ryvarden	Trametes ochracea		CA		Ontario	PRESENT		28eb1a3f-1c15-4a95-931a-4af90ecb574d	45.332163	-79.32727	11.0						2024-11-07T15:18:19	7	11	2024	2548374	2548374	HUMAN_OBSERVATION	iNaturalist	Observations	250860826		dimia	2024-11-08T01:59:48	CC_BY_NC_4_0	dimia	dimia			2025-01-14T12:54:00.149Z	StillImage	COORDINATE_ROUNDED;CONTINENT_DERIVED_FROM_COORDINATES;TAXON_MATCH_TAXON_ID_IGNORED
4980498139	50c9509d-22c7-4a22-a47d-8c48425ef4a7	https://www.inaturalist.org/observations/191304030	Fungi	Basidiomycota	Agaricomycetes	Polyporales	Polyporaceae	Trametes	Trametes ochracea		SPECIES	Trametes ochracea (Pers.) Gilb. & Ryvarden	Trametes ochracea		CA		Québec	PRESENT		28eb1a3f-1c15-4a95-931a-4af90ecb574d	45.537202	-75.899895	183.0						2023-11-16T11:44	16	11	2023	2548374	2548374	HUMAN_OBSERVATION	iNaturalist	Observations	191304030		L Joan Heyding	2023-11-17T21:04:46	CC_BY_NC_4_0	L Joan Heyding	L Joan Heyding			2025-01-14T12:43:13.454Z	StillImage	COORDINATE_ROUNDED;CONTINENT_DERIVED_FROM_COORDINATES;TAXON_MATCH_TAXON_ID_IGNORED
4980301086	50c9509d-22c7-4a22-a47d-8c48425ef4a7	https://www.inaturalist.org/observations/191231441	Fungi	Basidiomycota	Agaricomycetes	Polyporales	Polyporaceae	Trametes	Trametes ochracea		SPECIES	Trametes ochracea (Pers.) Gilb. & Ryvarden	Trametes ochracea		CA		Québec	PRESENT		28eb1a3f-1c15-4a95-931a-4af90ecb574d	45.537202	-75.899895	183.0						2023-11-16T11:58	16	11	2023	2548374	2548374	HUMAN_OBSERVATION	iNaturalist	Observations	191231441		L Joan Heyding	2023-11-17T01:54:05	CC_BY_NC_4_0	L Joan Heyding	L Joan Heyding			2025-01-14T13:34:58.813Z	StillImage	COORDINATE_ROUNDED;CONTINENT_DERIVED_FROM_COORDINATES;TAXON_MATCH_TAXON_ID_IGNORED
4978589851	50c9509d-22c7-4a22-a47d-8c48425ef4a7	https://www.inaturalist.org/observations/250012974	Fungi	Basidiomycota	Agaricomycetes	Polyporales	Polyporaceae	Trametes	Trametes ochracea		SPECIES	Trametes ochracea (Pers.) Gilb. & Ryvarden	Trametes ochracea		CA		Ontario	PRESENT		28eb1a3f-1c15-4a95-931a-4af90ecb574d	45.385033	-75.702439	57.0						2019-10-29T15:14:21	29	10	2019	2548374	2548374	HUMAN_OBSERVATION	iNaturalist	Observations	250012974		Lynn Ovenden	2024-11-01T15:22:58	CC_BY_NC_4_0	Lynn Ovenden	Lynn Ovenden			2025-01-14T12:53:35.464Z	StillImage	COORDINATE_ROUNDED;CONTINENT_DERIVED_FROM_COORDINATES;TAXON_MATCH_TAXON_ID_IGNORED
4976650485	50c9509d-22c7-4a22-a47d-8c48425ef4a7	https://www.inaturalist.org/observations/248454440	Fungi	Basidiomycota	Agaricomycetes	Polyporales	Polyporaceae	Trametes	Trametes ochracea		SPECIES	Trametes ochracea (Pers.) Gilb. & Ryvarden	Trametes ochracea		CA		New Brunswick	PRESENT		28eb1a3f-1c15-4a95-931a-4af90ecb574d	46.316283	-64.633995	4.0						2024-10-21T11:39:52	21	10	2024	2548374	2548374	HUMAN_OBSERVATION	iNaturalist	Observations	248454440		cocagne	2024-10-21T14:58:37	CC_BY_NC_4_0	cocagne	cocagne			2025-01-14T12:54:44.609Z	StillImage	COORDINATE_ROUNDED;CONTINENT_DERIVED_FROM_COORDINATES;TAXON_MATCH_TAXON_ID_IGNORED
4954587425	50c9509d-22c7-4a22-a47d-8c48425ef4a7	https://www.inaturalist.org/observations/138265514	Fungi	Basidiomycota	Agaricomycetes	Polyporales	Polyporaceae	Trametes	Trametes ochracea		SPECIES	Trametes ochracea (Pers.) Gilb. & Ryvarden	Trametes ochracea		CA		New Brunswick	PRESENT		28eb1a3f-1c15-4a95-931a-4af90ecb574d	46.305219	-64.575034	4.0						2022-10-10T12:30:14	10	10	2022	2548374	2548374	HUMAN_OBSERVATION	iNaturalist	Observations	138265514		funguy42o	2022-10-10T15:33:45	CC_BY_NC_4_0	funguy42o	funguy42o			2025-01-14T13:25:59.230Z	StillImage	COORDINATE_ROUNDED;CONTINENT_DERIVED_FROM_COORDINATES;TAXON_MATCH_TAXON_ID_IGNORED
4954560087	50c9509d-22c7-4a22-a47d-8c48425ef4a7	https://www.inaturalist.org/observations/247237302	Fungi	Basidiomycota	Agaricomycetes	Polyporales	Polyporaceae	Trametes	Trametes ochracea		SPECIES	Trametes ochracea (Pers.) Gilb. & Ryvarden	Trametes ochracea		CA		Ontario	PRESENT		28eb1a3f-1c15-4a95-931a-4af90ecb574d	45.56326	-75.274633							2024-10-13T14:26	13	10	2024	2548374	2548374	HUMAN_OBSERVATION	iNaturalist	Observations	247237302		jonathan_mack	2024-10-14T01:37:56	CC_BY_NC_4_0	jonathan_mack	jonathan_mack			2025-01-14T12:57:42.131Z	StillImage	COORDINATE_ROUNDED;CONTINENT_DERIVED_FROM_COORDINATES;TAXON_MATCH_TAXON_ID_IGNORED
4952999216	50c9509d-22c7-4a22-a47d-8c48425ef4a7	https://www.inaturalist.org/observations/244209191	Fungi	Basidiomycota	Agaricomycetes	Polyporales	Polyporaceae	Trametes	Trametes ochracea		SPECIES	Trametes ochracea (Pers.) Gilb. & Ryvarden	Trametes ochracea		CA		Ontario	PRESENT		28eb1a3f-1c15-4a95-931a-4af90ecb574d	45.370164	-75.796378	5.0						2024-09-26T15:57	26	9	2024	2548374	2548374	HUMAN_OBSERVATION	iNaturalist	Observations	244209191		Deborah Mosher	2024-09-26T22:13:42	CC_BY_NC_4_0	Deborah Mosher	Deborah Mosher			2025-01-14T12:51:57.419Z	StillImage	COORDINATE_ROUNDED;CONTINENT_DERIVED_FROM_COORDINATES;TAXON_MATCH_TAXON_ID_IGNORED
4952375524	50c9509d-22c7-4a22-a47d-8c48425ef4a7	https://www.inaturalist.org/observations/245494601	Fungi	Basidiomycota	Agaricomycetes	Polyporales	Polyporaceae	Trametes	Trametes ochracea		SPECIES	Trametes ochracea (Pers.) Gilb. & Ryvarden	Trametes ochracea		CA		Prince Edward Island	PRESENT		28eb1a3f-1c15-4a95-931a-4af90ecb574d	46.867513	-64.209862	4.0						2024-10-03T13:01:20	3	10	2024	2548374	2548374	HUMAN_OBSERVATION	iNaturalist	Observations	245494601		Rosemary Curley	2024-10-04T00:14:48	CC_BY_NC_4_0	Rosemary Curley	Rosemary Curley			2025-01-14T12:51:15.860Z	StillImage	COORDINATE_ROUNDED;CONTINENT_DERIVED_FROM_COORDINATES;TAXON_MATCH_TAXON_ID_IGNORED
4936969894	50c9509d-22c7-4a22-a47d-8c48425ef4a7	https://www.inaturalist.org/observations/239073726	Fungi	Basidiomycota	Agaricomycetes	Polyporales	Polyporaceae	Trametes	Trametes ochracea		SPECIES	Trametes ochracea (Pers.) Gilb. & Ryvarden	Trametes ochracea		CA		Ontario	PRESENT		28eb1a3f-1c15-4a95-931a-4af90ecb574d	45.351655	-75.587293							2024-08-31T15:21	31	8	2024	2548374	2548374	HUMAN_OBSERVATION	iNaturalist	Observations	239073726		Igor Khomenko	2024-08-31T23:55:08	CC_BY_NC_4_0	Igor Khomenko	Igor Khomenko			2025-01-14T12:53:45.426Z	StillImage	COORDINATE_ROUNDED;CONTINENT_DERIVED_FROM_COORDINATES;TAXON_MATCH_TAXON_ID_IGNORED
4936755236	50c9509d-22c7-4a22-a47d-8c48425ef4a7	https://www.inaturalist.org/observations/239691837	Fungi	Basidiomycota	Agaricomycetes	Polyporales	Polyporaceae	Trametes	Trametes ochracea		SPECIES	Trametes ochracea (Pers.) Gilb. & Ryvarden	Trametes ochracea		CA		Prince Edward Island	PRESENT		28eb1a3f-1c15-4a95-931a-4af90ecb574d	46.95062	-64.041022	4.0						2024-09-03T14:21:08	3	9	2024	2548374	2548374	HUMAN_OBSERVATION	iNaturalist	Observations	239691837		Rosemary Curley	2024-09-03T21:57:26	CC_BY_NC_4_0	Rosemary Curley	Rosemary Curley			2025-01-14T13:44:01.592Z	StillImage	COORDINATE_ROUNDED;CONTINENT_DERIVED_FROM_COORDINATES;TAXON_MATCH_TAXON_ID_IGNORED
4516791312	50c9509d-22c7-4a22-a47d-8c48425ef4a7	https://www.inaturalist.org/observations/197324079	Fungi	Basidiomycota	Agaricomycetes	Polyporales	Polyporaceae	Trametes	Trametes ochracea		SPECIES	Trametes ochracea (Pers.) Gilb. & Ryvarden	Trametes ochracea		CA		New Brunswick	PRESENT		28eb1a3f-1c15-4a95-931a-4af90ecb574d	45.902151	-64.367738	3.0						2024-01-22T13:58:26	22	1	2024	2548374	2548374	HUMAN_OBSERVATION	iNaturalist	Observations	197324079		alexisadamczyk	2024-01-22T17:58:41	CC_BY_NC_4_0	alexisadamczyk	alexisadamczyk			2025-01-14T13:29:50.962Z	StillImage	COORDINATE_ROUNDED;CONTINENT_DERIVED_FROM_COORDINATES;TAXON_MATCH_TAXON_ID_IGNORED
4516434575	50c9509d-22c7-4a22-a47d-8c48425ef4a7	https://www.inaturalist.org/observations/197324081	Fungi	Basidiomycota	Agaricomycetes	Polyporales	Polyporaceae	Trametes	Trametes ochracea		SPECIES	Trametes ochracea (Pers.) Gilb. & Ryvarden	Trametes ochracea		CA		New Brunswick	PRESENT		28eb1a3f-1c15-4a95-931a-4af90ecb574d	45.902162	-64.367674	917.0						2024-01-22T13:58:29	22	1	2024	2548374	2548374	HUMAN_OBSERVATION	iNaturalist	Observations	197324081		annadstewart	2024-01-22T17:58:42	CC_BY_NC_4_0	annadstewart	annadstewart			2025-01-14T13:29:55.807Z	StillImage	COORDINATE_ROUNDED;CONTINENT_DERIVED_FROM_COORDINATES;TAXON_MATCH_TAXON_ID_IGNORED
4512098755	50c9509d-22c7-4a22-a47d-8c48425ef4a7	https://www.inaturalist.org/observations/195492140	Fungi	Basidiomycota	Agaricomycetes	Polyporales	Polyporaceae	Trametes	Trametes ochracea		SPECIES	Trametes ochracea (Pers.) Gilb. & Ryvarden	Trametes ochracea		CA		Ontario	PRESENT		28eb1a3f-1c15-4a95-931a-4af90ecb574d	45.320539	-75.584464	798.0						2024-01-01T11:34	1	1	2024	2548374	2548374	HUMAN_OBSERVATION	iNaturalist	Observations	195492140		Jan Thornhill	2024-01-13T16:39:55	CC_BY_NC_4_0	Ray Snook	Ray Snook			2025-01-14T12:42:29.818Z	StillImage	COORDINATE_ROUNDED;CONTINENT_DERIVED_FROM_COORDINATES;TAXON_MATCH_TAXON_ID_IGNORED
4506224346	50c9509d-22c7-4a22-a47d-8c48425ef4a7	https://www.inaturalist.org/observations/34742231	Fungi	Basidiomycota	Agaricomycetes	Polyporales	Polyporaceae	Trametes	Trametes ochracea		SPECIES	Trametes ochracea (Pers.) Gilb. & Ryvarden	Trametes ochracea		CA		New Brunswick	PRESENT		28eb1a3f-1c15-4a95-931a-4af90ecb574d	46.16595	-64.330641	1502.0						2013-09-14T15:06	14	9	2013	2548374	2548374	HUMAN_OBSERVATION	iNaturalist	Observations	34742231		Raymonde G Chartier	2019-10-22T16:52:03	CC_BY_NC_4_0	Raymonde G Chartier	Raymonde G Chartier			2025-01-14T12:09:45.344Z	StillImage	COORDINATE_ROUNDED;CONTINENT_DERIVED_FROM_COORDINATES;TAXON_MATCH_TAXON_ID_IGNORED
4442373979	50c9509d-22c7-4a22-a47d-8c48425ef4a7	https://www.inaturalist.org/observations/184608770	Fungi	Basidiomycota	Agaricomycetes	Polyporales	Polyporaceae	Trametes	Trametes ochracea		SPECIES	Trametes ochracea (Pers.) Gilb. & Ryvarden	Trametes ochracea		CA		Québec	PRESENT		28eb1a3f-1c15-4a95-931a-4af90ecb574d	45.263466	-72.383474	3748.0						2023-09-09T12:00	9	9	2023	2548374	2548374	HUMAN_OBSERVATION	iNaturalist	Observations	184608770		valeriecharest08	2023-11-17T14:05:03	CC_BY_NC_4_0	valeriecharest08	valeriecharest08			2025-01-14T12:42:28.656Z	StillImage	COORDINATE_ROUNDED;CONTINENT_DERIVED_FROM_COORDINATES;TAXON_MATCH_TAXON_ID_IGNORED
4430983303	50c9509d-22c7-4a22-a47d-8c48425ef4a7	https://www.inaturalist.org/observations/185216038	Fungi	Basidiomycota	Agaricomycetes	Polyporales	Polyporaceae	Trametes	Trametes ochracea		SPECIES	Trametes ochracea (Pers.) Gilb. & Ryvarden	Trametes ochracea		CA		Ontario	PRESENT		28eb1a3f-1c15-4a95-931a-4af90ecb574d	45.403663	-75.590021							2023-09-25T09:49	25	9	2023	2548374	2548374	HUMAN_OBSERVATION	iNaturalist	Observations	185216038		Serguei Ponomarenko	2023-09-28T00:12:56	CC_BY_NC_4_0	Serguei Ponomarenko	Serguei Ponomarenko			2025-01-14T13:32:58.516Z	StillImage	COORDINATE_ROUNDED;CONTINENT_DERIVED_FROM_COORDINATES;TAXON_MATCH_TAXON_ID_IGNORED
4133882334	50c9509d-22c7-4a22-a47d-8c48425ef4a7	https://www.inaturalist.org/observations/95327051	Fungi	Basidiomycota	Agaricomycetes	Polyporales	Polyporaceae	Trametes	Trametes ochracea		SPECIES	Trametes ochracea (Pers.) Gilb. & Ryvarden	Trametes ochracea		CA		Nova Scotia	PRESENT		28eb1a3f-1c15-4a95-931a-4af90ecb574d	45.091752	-64.797909	175.0						2021-09-18T14:15:27	18	9	2021	2548374	2548374	HUMAN_OBSERVATION	iNaturalist	Observations	95327051		Ariel Bonkoski	2023-06-07T05:41:44	CC_BY_NC_4_0	Christie Verstraten	Christie Verstraten			2025-01-14T13:11:39.793Z	StillImage	COORDINATE_ROUNDED;CONTINENT_DERIVED_FROM_COORDINATES;TAXON_MATCH_TAXON_ID_IGNORED
4129780437	50c9509d-22c7-4a22-a47d-8c48425ef4a7	https://www.inaturalist.org/observations/139774974	Fungi	Basidiomycota	Agaricomycetes	Polyporales	Polyporaceae	Trametes	Trametes ochracea		SPECIES	Trametes ochracea (Pers.) Gilb. & Ryvarden	Trametes ochracea		CA		Nova Scotia	PRESENT		28eb1a3f-1c15-4a95-931a-4af90ecb574d	45.013092	-64.417612	307.0						2022-10-23T12:17:16	23	10	2022	2548374	2548374	HUMAN_OBSERVATION	iNaturalist	Observations	139774974		John Burka	2022-10-23T18:08:35	CC_BY_NC_4_0	John Burka	John Burka			2025-01-14T12:32:10.329Z	StillImage	COORDINATE_ROUNDED;CONTINENT_DERIVED_FROM_COORDINATES;TAXON_MATCH_TAXON_ID_IGNORED
4034621635	50c9509d-22c7-4a22-a47d-8c48425ef4a7	https://www.inaturalist.org/observations/145841384	Fungi	Basidiomycota	Agaricomycetes	Polyporales	Polyporaceae	Trametes	Trametes ochracea		SPECIES	Trametes ochracea (Pers.) Gilb. & Ryvarden	Trametes ochracea		CA		Québec	PRESENT		28eb1a3f-1c15-4a95-931a-4af90ecb574d	45.284821	-74.195343	911.0						2023-01-04T13:20:11	4	1	2023	2548374	2548374	HUMAN_OBSERVATION	iNaturalist	Observations	145841384		helene258	2023-01-04T18:20:25	CC_BY_NC_4_0	helene258	helene258			2025-01-14T12:33:13.924Z	StillImage	COORDINATE_ROUNDED;CONTINENT_DERIVED_FROM_COORDINATES;TAXON_MATCH_TAXON_ID_IGNORED
4018227683	50c9509d-22c7-4a22-a47d-8c48425ef4a7	https://www.inaturalist.org/observations/137653638	Fungi	Basidiomycota	Agaricomycetes	Polyporales	Polyporaceae	Trametes	Trametes ochracea		SPECIES	Trametes ochracea (Pers.) Gilb. & Ryvarden	Trametes ochracea		CA		Ontario	PRESENT		28eb1a3f-1c15-4a95-931a-4af90ecb574d	45.391553	-79.214678	695.0						2022-09-22T12:46	22	9	2022	2548374	2548374	HUMAN_OBSERVATION	iNaturalist	Observations	137653638		mycowalt	2022-10-05T17:11:58	CC_BY_NC_4_0	mycowalt	mycowalt			2025-01-14T12:32:09.582Z	StillImage	COORDINATE_ROUNDED;CONTINENT_DERIVED_FROM_COORDINATES;TAXON_MATCH_TAXON_ID_IGNORED
3966548065	50c9509d-22c7-4a22-a47d-8c48425ef4a7	https://www.inaturalist.org/observations/141797512	Fungi	Basidiomycota	Agaricomycetes	Polyporales	Polyporaceae	Trametes	Trametes ochracea		SPECIES	Trametes ochracea (Pers.) Gilb. & Ryvarden	Trametes ochracea		CA		Prince Edward Island	PRESENT		28eb1a3f-1c15-4a95-931a-4af90ecb574d	46.850681	-64.109741	30.0						2022-11-11T14:37	11	11	2022	2548374	2548374	HUMAN_OBSERVATION	iNaturalist	Observations	141797512		Rosemary Curley	2022-11-12T17:06:34	CC_BY_NC_4_0	Rosemary Curley	Rosemary Curley			2025-01-14T12:33:08.664Z	StillImage	COORDINATE_ROUNDED;CONTINENT_DERIVED_FROM_COORDINATES;TAXON_MATCH_TAXON_ID_IGNORED
3963556951	50c9509d-22c7-4a22-a47d-8c48425ef4a7	https://www.inaturalist.org/observations/141113003	Fungi	Basidiomycota	Agaricomycetes	Polyporales	Polyporaceae	Trametes	Trametes ochracea		SPECIES	Trametes ochracea (Pers.) Gilb. & Ryvarden	Trametes ochracea		CA		New Brunswick	PRESENT		28eb1a3f-1c15-4a95-931a-4af90ecb574d	45.861113	-64.67329	500.0						2020-08-11T11:36	11	8	2020	2548374	2548374	HUMAN_OBSERVATION	iNaturalist	Observations	141113003		Alfredo Justo	2022-11-05T00:10:36	CC_BY_NC_4_0	Alfredo Justo	Alfredo Justo			2025-01-14T13:21:50.384Z	StillImage	CONTINENT_DERIVED_FROM_COORDINATES;TAXON_MATCH_TAXON_ID_IGNORED
3903066831	50c9509d-22c7-4a22-a47d-8c48425ef4a7	https://www.inaturalist.org/observations/134182364	Fungi	Basidiomycota	Agaricomycetes	Polyporales	Polyporaceae	Trametes	Trametes ochracea		SPECIES	Trametes ochracea (Pers.) Gilb. & Ryvarden	Trametes ochracea		CA		Québec	PRESENT		28eb1a3f-1c15-4a95-931a-4af90ecb574d	45.916288	-76.432839	27095.0						2022-09-04T12:45	4	9	2022	2548374	2548374	HUMAN_OBSERVATION	iNaturalist	Observations	134182364		L Joan Heyding	2022-09-08T15:49:37	CC_BY_NC_4_0	L Joan Heyding	L Joan Heyding			2025-01-14T12:31:45.803Z	StillImage	COORDINATE_ROUNDED;CONTINENT_DERIVED_FROM_COORDINATES;TAXON_MATCH_TAXON_ID_IGNORED
3415858871	50c9509d-22c7-4a22-a47d-8c48425ef4a7	https://www.inaturalist.org/observations/101301314	Fungi	Basidiomycota	Agaricomycetes	Polyporales	Polyporaceae	Trametes	Trametes ochracea		SPECIES	Trametes ochracea (Pers.) Gilb. & Ryvarden	Trametes ochracea		CA		Ontario	PRESENT		28eb1a3f-1c15-4a95-931a-4af90ecb574d	45.354562	-75.592187	182.0						2021-11-16T11:38	16	11	2021	2548374	2548374	HUMAN_OBSERVATION	iNaturalist	Observations	101301314		L Joan Heyding	2021-11-17T02:30:50	CC_BY_NC_4_0	L Joan Heyding	L Joan Heyding			2025-01-14T12:24:15.325Z	StillImage	COORDINATE_ROUNDED;CONTINENT_DERIVED_FROM_COORDINATES;TAXON_MATCH_TAXON_ID_IGNORED
3399493349	50c9509d-22c7-4a22-a47d-8c48425ef4a7	https://www.inaturalist.org/observations/99578740	Fungi	Basidiomycota	Agaricomycetes	Polyporales	Polyporaceae	Trametes	Trametes ochracea		SPECIES	Trametes ochracea (Pers.) Gilb. & Ryvarden	Trametes ochracea		CA		Ontario	PRESENT		28eb1a3f-1c15-4a95-931a-4af90ecb574d	45.354562	-75.592187	182.0						2021-10-27T09:36	27	10	2021	2548374	2548374	HUMAN_OBSERVATION	iNaturalist	Observations	99578740		L Joan Heyding	2021-10-27T21:38:43	CC_BY_NC_4_0	L Joan Heyding	L Joan Heyding			2025-01-14T12:26:16.585Z	StillImage	COORDINATE_ROUNDED;CONTINENT_DERIVED_FROM_COORDINATES;TAXON_MATCH_TAXON_ID_IGNORED
3398879780	50c9509d-22c7-4a22-a47d-8c48425ef4a7	https://www.inaturalist.org/observations/99021516	Fungi	Basidiomycota	Agaricomycetes	Polyporales	Polyporaceae	Trametes	Trametes ochracea		SPECIES	Trametes ochracea (Pers.) Gilb. & Ryvarden	Trametes ochracea		CA		Québec	PRESENT		28eb1a3f-1c15-4a95-931a-4af90ecb574d	45.534324	-75.868219	221.0						2021-10-19T10:57:03	19	10	2021	2548374	2548374	HUMAN_OBSERVATION	iNaturalist	Observations	99021516		thrinley	2021-10-22T22:01:33	CC_BY_NC_4_0	thrinley	thrinley			2025-01-14T12:22:14.098Z	StillImage	COORDINATE_ROUNDED;CONTINENT_DERIVED_FROM_COORDINATES;TAXON_MATCH_TAXON_ID_IGNORED
3384868357	50c9509d-22c7-4a22-a47d-8c48425ef4a7	https://www.inaturalist.org/observations/97136253	Fungi	Basidiomycota	Agaricomycetes	Polyporales	Polyporaceae	Trametes	Trametes ochracea		SPECIES	Trametes ochracea (Pers.) Gilb. & Ryvarden	Trametes ochracea		CA		New Brunswick	PRESENT		28eb1a3f-1c15-4a95-931a-4af90ecb574d	47.688094	-65.623344	26807.0						2021-10-03T17:20:34	3	10	2021	2548374	2548374	HUMAN_OBSERVATION	iNaturalist	Observations	97136253		janellemclaughlin	2021-10-04T12:36:27	CC_BY_NC_4_0	janellemclaughlin	janellemclaughlin			2025-01-14T13:10:44.974Z	StillImage	COORDINATE_ROUNDED;CONTINENT_DERIVED_FROM_COORDINATES;TAXON_MATCH_TAXON_ID_IGNORED
3079765507	50c9509d-22c7-4a22-a47d-8c48425ef4a7	https://www.inaturalist.org/observations/16948977	Fungi	Basidiomycota	Agaricomycetes	Polyporales	Polyporaceae	Trametes	Trametes ochracea		SPECIES	Trametes ochracea (Pers.) Gilb. & Ryvarden	Trametes ochracea		CA		Ontario	PRESENT		28eb1a3f-1c15-4a95-931a-4af90ecb574d	45.402245	-75.559403	6.0						2018-09-26T11:43:49	26	9	2018	2548374	2548374	HUMAN_OBSERVATION	iNaturalist	Observations	16948977		Igor Khomenko	2019-11-21T03:53:39	CC_BY_NC_4_0	Igor Khomenko	Igor Khomenko			2025-01-14T12:06:30.925Z	StillImage	COORDINATE_ROUNDED;CONTINENT_DERIVED_FROM_COORDINATES;TAXON_MATCH_TAXON_ID_IGNORED
3079513526	50c9509d-22c7-4a22-a47d-8c48425ef4a7	https://www.inaturalist.org/observations/18038574	Fungi	Basidiomycota	Agaricomycetes	Polyporales	Polyporaceae	Trametes	Trametes ochracea		SPECIES	Trametes ochracea (Pers.) Gilb. & Ryvarden	Trametes ochracea		CA		Ontario	PRESENT		28eb1a3f-1c15-4a95-931a-4af90ecb574d	45.403103	-75.560714	96.0						2018-10-30T16:11	30	10	2018	2548374	2548374	HUMAN_OBSERVATION	iNaturalist	Observations	18038574		Igor Khomenko	2020-01-10T03:01:26	CC_BY_NC_4_0	Igor Khomenko	Igor Khomenko			2025-01-14T12:06:17.042Z	StillImage	COORDINATE_ROUNDED;CONTINENT_DERIVED_FROM_COORDINATES;TAXON_MATCH_TAXON_ID_IGNORED
2901547197	50c9509d-22c7-4a22-a47d-8c48425ef4a7	https://www.inaturalist.org/observations/63135477	Fungi	Basidiomycota	Agaricomycetes	Polyporales	Polyporaceae	Trametes	Trametes ochracea		SPECIES	Trametes ochracea (Pers.) Gilb. & Ryvarden	Trametes ochracea		CA		Ontario	PRESENT		28eb1a3f-1c15-4a95-931a-4af90ecb574d	45.168247	-75.943901							2020-10-20T17:01:28	20	10	2020	2548374	2548374	HUMAN_OBSERVATION	iNaturalist	Observations	63135477		Alexis Williams	2020-10-21T01:02:14	CC_BY_4_0	Alexis Williams	Alexis Williams			2025-01-14T12:15:28.942Z	StillImage	COORDINATE_ROUNDED;CONTINENT_DERIVED_FROM_COORDINATES;TAXON_MATCH_TAXON_ID_IGNORED
2901534655	50c9509d-22c7-4a22-a47d-8c48425ef4a7	https://www.inaturalist.org/observations/62733166	Fungi	Basidiomycota	Agaricomycetes	Polyporales	Polyporaceae	Trametes	Trametes ochracea		SPECIES	Trametes ochracea (Pers.) Gilb. & Ryvarden	Trametes ochracea		CA		Ontario	PRESENT		28eb1a3f-1c15-4a95-931a-4af90ecb574d	45.44077	-75.58275	270.0						2020-10-16T15:18:06	16	10	2020	2548374	2548374	HUMAN_OBSERVATION	iNaturalist	Observations	62733166		carmigi	2020-10-16T20:19:18	CC_BY_NC_4_0	carmigi	carmigi			2025-01-14T12:15:01.223Z	StillImage	COORDINATE_ROUNDED;CONTINENT_DERIVED_FROM_COORDINATES;TAXON_MATCH_TAXON_ID_IGNORED
2641568698	50c9509d-22c7-4a22-a47d-8c48425ef4a7	https://www.inaturalist.org/observations/49252817	Fungi	Basidiomycota	Agaricomycetes	Polyporales	Polyporaceae	Trametes	Trametes ochracea		SPECIES	Trametes ochracea (Pers.) Gilb. & Ryvarden	Trametes ochracea		CA		New Brunswick	PRESENT		28eb1a3f-1c15-4a95-931a-4af90ecb574d	47.641517	-65.674208	21000.0						2020-06-11	11	6	2020	2548374	2548374	HUMAN_OBSERVATION	iNaturalist	Observations	49252817		kafuienvi2	2020-06-11T19:04:51	CC_BY_NC_4_0	kafuienvi2	kafuienvi2			2025-01-14T13:09:20.365Z	StillImage	COORDINATE_ROUNDED;CONTINENT_DERIVED_FROM_COORDINATES;TAXON_MATCH_TAXON_ID_IGNORED
2633999656	50c9509d-22c7-4a22-a47d-8c48425ef4a7	https://www.inaturalist.org/observations/45611195	Fungi	Basidiomycota	Agaricomycetes	Polyporales	Polyporaceae	Trametes	Trametes ochracea		SPECIES	Trametes ochracea (Pers.) Gilb. & Ryvarden	Trametes ochracea		CA		New Brunswick	PRESENT		28eb1a3f-1c15-4a95-931a-4af90ecb574d	47.646278	-65.838642	16.0						2020-05-11T14:50:05	11	5	2020	2548374	2548374	HUMAN_OBSERVATION	iNaturalist	Observations	45611195		renee2012	2020-05-11T22:40:18	CC_BY_NC_4_0	renee2012	renee2012			2025-01-14T13:06:51.361Z	StillImage	COORDINATE_ROUNDED;CONTINENT_DERIVED_FROM_COORDINATES;TAXON_MATCH_TAXON_ID_IGNORED
2529352178	50c9509d-22c7-4a22-a47d-8c48425ef4a7	https://www.inaturalist.org/observations/36633729	Fungi	Basidiomycota	Agaricomycetes	Polyporales	Polyporaceae	Trametes	Trametes ochracea		SPECIES	Trametes ochracea (Pers.) Gilb. & Ryvarden	Trametes ochracea		CA		Ontario	PRESENT		28eb1a3f-1c15-4a95-931a-4af90ecb574d	45.485633	-76.083558	5.0						2019-12-13T16:18:32	13	12	2019	2548374	2548374	HUMAN_OBSERVATION	iNaturalist	Observations	36633729		gordv	2019-12-14T02:58:01	CC_BY_NC_4_0	gordv	gordv			2025-01-14T12:10:11.369Z	StillImage	COORDINATE_ROUNDED;CONTINENT_DERIVED_FROM_COORDINATES;TAXON_MATCH_TAXON_ID_IGNORED
1412707575	21705170-d2b6-42de-8904-c3bca4b83591	CMMF015953	Fungi	Basidiomycota	Agaricomycetes	Polyporales	Polyporaceae	Trametes	Trametes ochracea		SPECIES	Trametes ochracea (Pers.) Gilb. & Ryvarden	Trametes ochracea (Pers.) Gilb. & Ryvarden	(Pers.) Gilb. & Ryvarden	CA	Cap-à-l'Aigle, Charlevoix, Québec.	Québec	PRESENT		ff7bd5db-b724-4932-b496-10ea298851f9	47.662519	-70.110421	4000.0						1975-06-05	5	6	1975	2548374	2548374	PRESERVED_SPECIMEN	Université de Montréal Biodiversity Centre	CMMF	CMMF015953		Sirard, Léas; Boulet, Bruno		CC0_1_0	Université de Montréal Biodiversity Centre	Sirard, Léas			2024-01-24T16:38:17.507Z		INSTITUTION_MATCH_FUZZY;COLLECTION_MATCH_FUZZY;DIFFERENT_OWNER_INSTITUTION
1412707557	21705170-d2b6-42de-8904-c3bca4b83591	CMMF015952	Fungi	Basidiomycota	Agaricomycetes	Polyporales	Polyporaceae	Trametes	Trametes ochracea		SPECIES	Trametes ochracea (Pers.) Gilb. & Ryvarden	Trametes ochracea (Pers.) Gilb. & Ryvarden	(Pers.) Gilb. & Ryvarden	CA	Loretteville, Québec.	Québec	PRESENT		ff7bd5db-b724-4932-b496-10ea298851f9	46.867482	-71.384379	8000.0						1990-10-28	28	10	1990	2548374	2548374	PRESERVED_SPECIMEN	Université de Montréal Biodiversity Centre	CMMF	CMMF015952		Sirard, Léas		CC0_1_0	Université de Montréal Biodiversity Centre	Sirard, Léas			2024-01-24T16:38:17.507Z		INSTITUTION_MATCH_FUZZY;COLLECTION_MATCH_FUZZY;DIFFERENT_OWNER_INSTITUTION
1412707521	21705170-d2b6-42de-8904-c3bca4b83591	CMMF015951	Fungi	Basidiomycota	Agaricomycetes	Polyporales	Polyporaceae	Trametes	Trametes ochracea		SPECIES	Trametes ochracea (Pers.) Gilb. & Ryvarden	Trametes ochracea (Pers.) Gilb. & Ryvarden	(Pers.) Gilb. & Ryvarden	CA	Région de Montréal, Québec.	Québec	PRESENT		ff7bd5db-b724-4932-b496-10ea298851f9	45.509625	-73.662984	50000.0						1985-09		9	1985	2548374	2548374	PRESERVED_SPECIMEN	Université de Montréal Biodiversity Centre	CMMF	CMMF015951		Boulet, Bruno		CC0_1_0	Université de Montréal Biodiversity Centre	Boulet, Bruno			2024-01-24T16:38:17.506Z		INSTITUTION_MATCH_FUZZY;COLLECTION_MATCH_FUZZY;DIFFERENT_OWNER_INSTITUTION
1412707506	21705170-d2b6-42de-8904-c3bca4b83591	CMMF015949	Fungi	Basidiomycota	Agaricomycetes	Polyporales	Polyporaceae	Trametes	Trametes ochracea		SPECIES	Trametes ochracea (Pers.) Gilb. & Ryvarden	Trametes ochracea (Pers.) Gilb. & Ryvarden	(Pers.) Gilb. & Ryvarden	CA	Québec, Québec.	Québec	PRESENT		ff7bd5db-b724-4932-b496-10ea298851f9	46.86201	-71.307678	15000.0						1974-11-19	19	11	1974	2548374	2548374	PRESERVED_SPECIMEN	Université de Montréal Biodiversity Centre	CMMF	CMMF015949		Sirard, Léas; Boulet, Bruno		CC0_1_0	Université de Montréal Biodiversity Centre	Sirard, Léas; Boulet, Bruno			2024-01-24T16:38:17.493Z		INSTITUTION_MATCH_FUZZY;COLLECTION_MATCH_FUZZY;DIFFERENT_OWNER_INSTITUTION
1412707498	21705170-d2b6-42de-8904-c3bca4b83591	CMMF015946	Fungi	Basidiomycota	Agaricomycetes	Polyporales	Polyporaceae	Trametes	Trametes ochracea		SPECIES	Trametes ochracea (Pers.) Gilb. & Ryvarden	Trametes ochracea (Pers.) Gilb. & Ryvarden	(Pers.) Gilb. & Ryvarden	CA	Cap Rouge, Québec.	Québec	PRESENT		ff7bd5db-b724-4932-b496-10ea298851f9	46.763778	-71.355145	5000.0						1970-09-12	12	9	1970	2548374	2548374	PRESERVED_SPECIMEN	Université de Montréal Biodiversity Centre	CMMF	CMMF015946		Sirard, Léas		CC0_1_0	Université de Montréal Biodiversity Centre	Sirard, Léas			2024-01-24T16:38:17.494Z		INSTITUTION_MATCH_FUZZY;COLLECTION_MATCH_FUZZY;DIFFERENT_OWNER_INSTITUTION
1412707483	21705170-d2b6-42de-8904-c3bca4b83591	CMMF015955	Fungi	Basidiomycota	Agaricomycetes	Polyporales	Polyporaceae	Trametes	Trametes ochracea		SPECIES	Trametes ochracea (Pers.) Gilb. & Ryvarden	Trametes ochracea (Pers.) Gilb. & Ryvarden	(Pers.) Gilb. & Ryvarden	CA	Québec, Québec.	Québec	PRESENT		ff7bd5db-b724-4932-b496-10ea298851f9	46.86201	-71.307678	15000.0						1973-10-21	21	10	1973	2548374	2548374	PRESERVED_SPECIMEN	Université de Montréal Biodiversity Centre	CMMF	CMMF015955		Sirard, Léas; Boulet, Bruno		CC0_1_0	Université de Montréal Biodiversity Centre	Sirard, Léas			2024-01-24T16:38:17.508Z		INSTITUTION_MATCH_FUZZY;COLLECTION_MATCH_FUZZY;DIFFERENT_OWNER_INSTITUTION
1412707482	21705170-d2b6-42de-8904-c3bca4b83591	CMMF015948	Fungi	Basidiomycota	Agaricomycetes	Polyporales	Polyporaceae	Trametes	Trametes ochracea		SPECIES	Trametes ochracea (Pers.) Gilb. & Ryvarden	Trametes ochracea (Pers.) Gilb. & Ryvarden	(Pers.) Gilb. & Ryvarden	CA	Lac Sept-Îles, Québec.	Québec	PRESENT		ff7bd5db-b724-4932-b496-10ea298851f9	46.932632	-71.744829	3000.0						1975-01-12	12	1	1975	2548374	2548374	PRESERVED_SPECIMEN	Université de Montréal Biodiversity Centre	CMMF	CMMF015948		Sirard, Léas		CC0_1_0	Université de Montréal Biodiversity Centre	Sirard, Léas			2024-01-24T16:38:17.493Z		INSTITUTION_MATCH_FUZZY;COLLECTION_MATCH_FUZZY;DIFFERENT_OWNER_INSTITUTION
1412707476	21705170-d2b6-42de-8904-c3bca4b83591	CMMF015947	Fungi	Basidiomycota	Agaricomycetes	Polyporales	Polyporaceae	Trametes	Trametes ochracea		SPECIES	Trametes ochracea (Pers.) Gilb. & Ryvarden	Trametes ochracea (Pers.) Gilb. & Ryvarden	(Pers.) Gilb. & Ryvarden	CA	Université Laval, Sainte-Foy, Québec.	Québec	PRESENT		ff7bd5db-b724-4932-b496-10ea298851f9	46.781692	-71.274964	1000.0						1974-10-30	30	10	1974	2548374	2548374	PRESERVED_SPECIMEN	Université de Montréal Biodiversity Centre	CMMF	CMMF015947		Sirard, Léas; Boulet, Bruno		CC0_1_0	Université de Montréal Biodiversity Centre	Sirard, Léas			2024-01-24T16:38:17.494Z		INSTITUTION_MATCH_FUZZY;COLLECTION_MATCH_FUZZY;DIFFERENT_OWNER_INSTITUTION
1412707447	21705170-d2b6-42de-8904-c3bca4b83591	CMMF015950	Fungi	Basidiomycota	Agaricomycetes	Polyporales	Polyporaceae	Trametes	Trametes ochracea		SPECIES	Trametes ochracea (Pers.) Gilb. & Ryvarden	Trametes ochracea (Pers.) Gilb. & Ryvarden	(Pers.) Gilb. & Ryvarden	CA	Montmagny, Québec.	Québec	PRESENT		ff7bd5db-b724-4932-b496-10ea298851f9	46.980077	-70.556636	20000.0						1987-09		9	1987	2548374	2548374	PRESERVED_SPECIMEN	Université de Montréal Biodiversity Centre	CMMF	CMMF015950		Boulet, Bruno		CC0_1_0	Université de Montréal Biodiversity Centre	Boulet, Bruno			2024-01-24T16:38:17.507Z		INSTITUTION_MATCH_FUZZY;COLLECTION_MATCH_FUZZY;DIFFERENT_OWNER_INSTITUTION
1412707441	21705170-d2b6-42de-8904-c3bca4b83591	CMMF015954	Fungi	Basidiomycota	Agaricomycetes	Polyporales	Polyporaceae	Trametes	Trametes ochracea		SPECIES	Trametes ochracea (Pers.) Gilb. & Ryvarden	Trametes ochracea (Pers.) Gilb. & Ryvarden	(Pers.) Gilb. & Ryvarden	CA	Ressources naturelles, Québec, Québec.	Québec	PRESENT		ff7bd5db-b724-4932-b496-10ea298851f9	46.86201	-71.307678	15000.0						1973-10-25	25	10	1973	2548374	2548374	PRESERVED_SPECIMEN	Université de Montréal Biodiversity Centre	CMMF	CMMF015954		Sirard, Léas; Boulet, Bruno		CC0_1_0	Université de Montréal Biodiversity Centre	Sirard, Léas			2024-01-24T16:38:17.506Z		INSTITUTION_MATCH_FUZZY;COLLECTION_MATCH_FUZZY;DIFFERENT_OWNER_INSTITUTION
1412707393	21705170-d2b6-42de-8904-c3bca4b83591	CMMF015956	Fungi	Basidiomycota	Agaricomycetes	Polyporales	Polyporaceae	Trametes	Trametes ochracea		SPECIES	Trametes ochracea (Pers.) Gilb. & Ryvarden	Trametes ochracea (Pers.) Gilb. & Ryvarden	(Pers.) Gilb. & Ryvarden	CA	Saint-Étienne de Lauzon, Québec.	Québec	PRESENT		ff7bd5db-b724-4932-b496-10ea298851f9	46.65342	-71.303183	7000.0						1975-11-18	18	11	1975	2548374	2548374	PRESERVED_SPECIMEN	Université de Montréal Biodiversity Centre	CMMF	CMMF015956		Sirard, Léas		CC0_1_0	Université de Montréal Biodiversity Centre	Sirard, Léas			2024-01-24T16:38:17.507Z		INSTITUTION_MATCH_FUZZY;COLLECTION_MATCH_FUZZY;DIFFERENT_OWNER_INSTITUTION
1412706855	21705170-d2b6-42de-8904-c3bca4b83591	CMMF015350	Fungi	Basidiomycota	Agaricomycetes	Polyporales	Polyporaceae	Trametes	Trametes ochracea		SPECIES	Trametes ochracea (Pers.) Gilb. & Ryvarden	Trametes ochracea (Pers.) Gilb. & Ryvarden	(Pers.) Gilb. & Ryvarden	CA	Croix du centenaire, LaBaie, Québec.	Québec	PRESENT		ff7bd5db-b724-4932-b496-10ea298851f9	48.354817	-70.849649	1000.0						1994-10-08	8	10	1994	2548374	2548374	PRESERVED_SPECIMEN	Université de Montréal Biodiversity Centre	CMMF	CMMF015350	843	Guérin, Gérard		CC0_1_0	Université de Montréal Biodiversity Centre	Guérin, Gérard			2024-01-24T16:38:17.072Z	StillImage	INSTITUTION_MATCH_FUZZY;COLLECTION_MATCH_FUZZY;DIFFERENT_OWNER_INSTITUTION
1412706535	21705170-d2b6-42de-8904-c3bca4b83591	CMMF014998	Fungi	Basidiomycota	Agaricomycetes	Polyporales	Polyporaceae	Trametes	Trametes ochracea		SPECIES	Boletus ochraceus Pers.	Boletus ochraceus Pers.	Pers.	CA	LaBaie, Québec.	Québec	PRESENT		ff7bd5db-b724-4932-b496-10ea298851f9	48.329203	-70.885721	12000.0						1994-08-14	14	8	1994	5954497	2548374	PRESERVED_SPECIMEN	Université de Montréal Biodiversity Centre	CMMF	CMMF014998	2668	Guérin, Gérard		CC0_1_0	Université de Montréal Biodiversity Centre	Guérin, Gérard			2024-01-24T16:38:20.806Z	StillImage	INSTITUTION_MATCH_FUZZY;COLLECTION_MATCH_FUZZY;DIFFERENT_OWNER_INSTITUTION
1412706503	21705170-d2b6-42de-8904-c3bca4b83591	CMMF014996	Fungi	Basidiomycota	Agaricomycetes	Polyporales	Polyporaceae	Trametes	Trametes ochracea		SPECIES	Boletus ochraceus Pers.	Boletus ochraceus Pers.	Pers.	CA	Petit-Saguenay, Québec.	Québec	PRESENT		ff7bd5db-b724-4932-b496-10ea298851f9	48.211445	-70.071049	3500.0						1989-09-02	2	9	1989	5954497	2548374	PRESERVED_SPECIMEN	Université de Montréal Biodiversity Centre	CMMF	CMMF014996	2666	Guérin, Gérard		CC0_1_0	Université de Montréal Biodiversity Centre	Potvin, Annie			2024-01-24T16:38:20.804Z	StillImage	INSTITUTION_MATCH_FUZZY;COLLECTION_MATCH_FUZZY;DIFFERENT_OWNER_INSTITUTION
1412706490	21705170-d2b6-42de-8904-c3bca4b83591	CMMF014997	Fungi	Basidiomycota	Agaricomycetes	Polyporales	Polyporaceae	Trametes	Trametes ochracea		SPECIES	Boletus ochraceus Pers.	Boletus ochraceus Pers.	Pers.	CA	Shipshaw, Québec.	Québec	PRESENT		ff7bd5db-b724-4932-b496-10ea298851f9	48.466834	-71.263421	2500.0						1992-07-28	28	7	1992	5954497	2548374	PRESERVED_SPECIMEN	Université de Montréal Biodiversity Centre	CMMF	CMMF014997	2667	Guérin, Gérard		CC0_1_0	Université de Montréal Biodiversity Centre	Larouche, Benoît			2024-01-24T16:38:20.803Z	StillImage	INSTITUTION_MATCH_FUZZY;COLLECTION_MATCH_FUZZY;DIFFERENT_OWNER_INSTITUTION
1135071087	21705170-d2b6-42de-8904-c3bca4b83591	CMMF009626	Fungi	Basidiomycota	Agaricomycetes	Polyporales	Polyporaceae	Trametes	Trametes ochracea		SPECIES	Trametes ochracea (Pers.) Gilb. & Ryvarden	Trametes ochracea (Pers.) Gilb. & Ryvarden	(Pers.) Gilb. & Ryvarden	CA	Château Bigot est, Québec.	Québec	PRESENT		ff7bd5db-b724-4932-b496-10ea298851f9	46.89949	-71.260192	1000.0						2007-07-28	28	7	2007	2548374	2548374	PRESERVED_SPECIMEN	Université de Montréal Biodiversity Centre	CMMF	CMMF009626	1210	Labbé, Roland		CC0_1_0	Université de Montréal Biodiversity Centre	Labrecque, Jacqueline			2024-01-24T16:38:20.990Z		INSTITUTION_MATCH_FUZZY;COLLECTION_MATCH_FUZZY;DIFFERENT_OWNER_INSTITUTION
1135070774	21705170-d2b6-42de-8904-c3bca4b83591	CMMF009390	Fungi	Basidiomycota	Agaricomycetes	Polyporales	Polyporaceae	Trametes	Trametes ochracea		SPECIES	Trametes ochracea (Pers.) Gilb. & Ryvarden	Trametes ochracea (Pers.) Gilb. & Ryvarden	(Pers.) Gilb. & Ryvarden	CA	Chemin O'Neil, Lac-Beauport.	Québec	PRESENT		ff7bd5db-b724-4932-b496-10ea298851f9	46.953091	-71.306427	5000.0						2006-10-16	16	10	2006	2548374	2548374	PRESERVED_SPECIMEN	Université de Montréal Biodiversity Centre	CMMF	CMMF009390	974	Labbé, Roland		CC0_1_0	Université de Montréal Biodiversity Centre	Labrecque, Jacqueline			2024-01-24T16:38:21.609Z		INSTITUTION_MATCH_FUZZY;COLLECTION_MATCH_FUZZY;DIFFERENT_OWNER_INSTITUTION
1135070004	21705170-d2b6-42de-8904-c3bca4b83591	CMMF008545	Fungi	Basidiomycota	Agaricomycetes	Polyporales	Polyporaceae	Trametes	Trametes ochracea		SPECIES	Trametes ochracea (Pers.) Gilb. & Ryvarden	Trametes ochracea (Pers.) Gilb. & Ryvarden	(Pers.) Gilb. & Ryvarden	CA	Centre Jardin Bourbeau, Québec.	Québec	PRESENT		ff7bd5db-b724-4932-b496-10ea298851f9	46.862763	-71.272941	150.0						2006-05-16	16	5	2006	2548374	2548374	PRESERVED_SPECIMEN	Université de Montréal Biodiversity Centre	CMMF	CMMF008545	118	Labrecque, Jacqueline		CC0_1_0	Université de Montréal Biodiversity Centre	Labrecque, Jacqueline			2024-01-24T16:38:17.912Z	StillImage	INSTITUTION_MATCH_FUZZY;COLLECTION_MATCH_FUZZY;DIFFERENT_OWNER_INSTITUTION
1135069891	21705170-d2b6-42de-8904-c3bca4b83591	CMMF008485	Fungi	Basidiomycota	Agaricomycetes	Polyporales	Polyporaceae	Trametes	Trametes ochracea		SPECIES	Trametes ochracea (Pers.) Gilb. & Ryvarden	Trametes ochracea (Pers.) Gilb. & Ryvarden	(Pers.) Gilb. & Ryvarden	CA	Charlesbourg Ouest, Québec. (Bon Pasteur)	Québec	PRESENT		ff7bd5db-b724-4932-b496-10ea298851f9	46.91969	-71.322285	4200.0						2006-04-18	18	4	2006	2548374	2548374	PRESERVED_SPECIMEN	Université de Montréal Biodiversity Centre	CMMF	CMMF008485	57	Labbé, Roland		CC0_1_0	Université de Montréal Biodiversity Centre	Labrecque, Jacqueline			2024-01-24T16:38:17.816Z	StillImage	INSTITUTION_MATCH_FUZZY;COLLECTION_MATCH_FUZZY;DIFFERENT_OWNER_INSTITUTION
1135066775	21705170-d2b6-42de-8904-c3bca4b83591	CMMF010211	Fungi	Basidiomycota	Agaricomycetes	Polyporales	Polyporaceae	Trametes	Trametes ochracea		SPECIES	Trametes ochracea (Pers.) Gilb. & Ryvarden	Trametes ochracea (Pers.) Gilb. & Ryvarden	(Pers.) Gilb. & Ryvarden	CA	Le Saisonnier, Lac-Beauport.	Québec	PRESENT		ff7bd5db-b724-4932-b496-10ea298851f9	46.96324	-71.303223	5000.0						2007-10-11	11	10	2007	2548374	2548374	PRESERVED_SPECIMEN	Université de Montréal Biodiversity Centre	CMMF	CMMF010211	1797	Labrecque, Jacqueline		CC0_1_0	Université de Montréal Biodiversity Centre	Labrecque, Jacqueline			2024-01-24T16:38:21.492Z		INSTITUTION_MATCH_FUZZY;COLLECTION_MATCH_FUZZY;DIFFERENT_OWNER_INSTITUTION
