gbifID	datasetKey	occurrenceID	kingdom	phylum	class	order	family	genus	species	infraspecificEpithet	taxonRank	scientificName	verbatimScientificName	verbatimScientificNameAuthorship	countryCode	locality	stateProvince	occurrenceStatus	individualCount	publishingOrgKey	decimalLatitude	decimalLongitude	coordinateUncertaintyInMeters	coordinatePrecision	elevation	elevationAccuracy	depth	depthAccuracy	eventDate	day	month	year	taxonKey	speciesKey	basisOfRecord	institutionCode	collectionCode	catalogNumber	recordNumber	identifiedBy	dateIdentified	license	rightsHolder	recordedBy	typeStatus	establishmentMeans	lastInterpreted	mediaType	issue
694157030	d7cfd2ed-8af4-427f-a16e-eb66b7e2c419	14168	Fungi	Basidiomycota	Agaricomycetes	Agaricales	Omphalotaceae	Rhodocollybia	Rhodocollybia maculata		SPECIES	Collybia maculata (Alb. & Schwein.) P.Kumm.	Collybia maculata (Alb. & Schwein.) P. Kumm	(Alb. & Schwein.) P. Kumm	CA	University of Toronto Forest	Ontario	PRESENT		ff418020-1d67-11d9-8435-b8a03c50a862	45.183005	-78.85025	7575.0						1965-09-16	16	9	1965	3321210	3321205	PRESERVED_SPECIMEN	Royal Ontario Museum	TRTC	TRTC042875		Cain, R.F.		CC0_1_0	Royal Ontario Museum	Cain, R.F.			2024-01-25T00:59:40.269Z		COORDINATE_ROUNDED;AMBIGUOUS_INSTITUTION
617555271	21705170-d2b6-42de-8904-c3bca4b83591	CMMF000732	Fungi	Basidiomycota	Agaricomycetes	Agaricales	Omphalotaceae	Rhodocollybia	Rhodocollybia maculata	scorzonerea	VARIETY	Rhodocollybia maculata var. scorzonerea (Fr.) Lennox	Rhodocollybia maculata var. scorzonerea (Fr.) Lennox	(Fr.) Lennox	CA	Saint-Adolphe-d'Howard	Québec	PRESENT		ff7bd5db-b724-4932-b496-10ea298851f9	45.973194	-74.331714	4000.0						1989-09-04	4	9	1989	8629926	3321205	PRESERVED_SPECIMEN	Université de Montréal Biodiversity Centre	CMMF	CMMF000732		Lamoureux, Yves		CC0_1_0	Université de Montréal Biodiversity Centre	Genero, Alain			2024-01-24T16:38:20.306Z	StillImage	INSTITUTION_MATCH_FUZZY;COLLECTION_MATCH_FUZZY;DIFFERENT_OWNER_INSTITUTION
617553635	21705170-d2b6-42de-8904-c3bca4b83591	CMMF000369	Fungi	Basidiomycota	Agaricomycetes	Agaricales	Omphalotaceae	Rhodocollybia	Rhodocollybia maculata		SPECIES	Rhodocollybia maculata (Alb. & Schwein.) Singer	Rhodocollybia maculata (Alb. & Schwein.) Singer	(Alb. & Schwein.) Singer	CA	Lachute	Québec	PRESENT		ff7bd5db-b724-4932-b496-10ea298851f9	45.664878	-74.292134	8500.0						1988-09-21	21	9	1988	3321205	3321205	PRESERVED_SPECIMEN	Université de Montréal Biodiversity Centre	CMMF	CMMF000369		Lamoureux, Yves		CC0_1_0	Université de Montréal Biodiversity Centre	Lamoureux, Yves			2024-01-24T16:38:20.834Z	StillImage	INSTITUTION_MATCH_FUZZY;COLLECTION_MATCH_FUZZY;DIFFERENT_OWNER_INSTITUTION
617553108	21705170-d2b6-42de-8904-c3bca4b83591	CMMF000345	Fungi	Basidiomycota	Agaricomycetes	Agaricales	Omphalotaceae	Rhodocollybia	Rhodocollybia maculata	scorzonerea	VARIETY	Rhodocollybia maculata var. scorzonerea (Fr.) Lennox	Rhodocollybia maculata var. scorzonerea (Fr.) Lennox	(Fr.) Lennox	CA	Rawdon	Québec	PRESENT		ff7bd5db-b724-4932-b496-10ea298851f9	46.052398	-73.748752	11000.0						1988-09-18	18	9	1988	8629926	3321205	PRESERVED_SPECIMEN	Université de Montréal Biodiversity Centre	CMMF	CMMF000345		Lamoureux, Yves		CC0_1_0	Université de Montréal Biodiversity Centre	Lamoureux, Yves			2024-01-24T16:38:20.807Z	StillImage	INSTITUTION_MATCH_FUZZY;COLLECTION_MATCH_FUZZY;DIFFERENT_OWNER_INSTITUTION
617551880	21705170-d2b6-42de-8904-c3bca4b83591	CMMF002901	Fungi	Basidiomycota	Agaricomycetes	Agaricales	Omphalotaceae	Rhodocollybia	Rhodocollybia maculata		SPECIES	Rhodocollybia maculata (Alb. & Schwein.) Singer	Rhodocollybia maculata (Alb. & Schwein.) Singer	(Alb. & Schwein.) Singer	CA	Saint-Jean-des-Piles	Québec	PRESENT		ff7bd5db-b724-4932-b496-10ea298851f9	46.691248	-72.759066	8000.0						1996-08-21	21	8	1996	3321205	3321205	PRESERVED_SPECIMEN	Université de Montréal Biodiversity Centre	CMMF	CMMF002901		Archambault, Raymond		CC0_1_0	Université de Montréal Biodiversity Centre	Archambault, Raymond			2024-01-24T16:38:20.862Z	StillImage	INSTITUTION_MATCH_FUZZY;COLLECTION_MATCH_FUZZY;DIFFERENT_OWNER_INSTITUTION
5007853928	50c9509d-22c7-4a22-a47d-8c48425ef4a7	https://www.inaturalist.org/observations/246252719	Fungi	Basidiomycota	Agaricomycetes	Agaricales	Omphalotaceae	Rhodocollybia	Rhodocollybia maculata		SPECIES	Rhodocollybia maculata (Alb. & Schwein.) Singer	Rhodocollybia maculata		CA		Prince Edward Island	PRESENT		28eb1a3f-1c15-4a95-931a-4af90ecb574d	46.632268	-64.099908							2024-10-07T11:46:52	7	10	2024	3321205	3321205	HUMAN_OBSERVATION	iNaturalist	Observations	246252719		Julie-Lynn Zahavich	2024-10-08T01:04:00	CC_BY_NC_4_0	Julie-Lynn Zahavich	Julie-Lynn Zahavich			2025-01-14T12:58:32.354Z	StillImage	COORDINATE_ROUNDED;CONTINENT_DERIVED_FROM_COORDINATES;TAXON_MATCH_TAXON_ID_IGNORED
4952913195	50c9509d-22c7-4a22-a47d-8c48425ef4a7	https://www.inaturalist.org/observations/236947906	Fungi	Basidiomycota	Agaricomycetes	Agaricales	Omphalotaceae	Rhodocollybia	Rhodocollybia maculata		SPECIES	Rhodocollybia maculata (Alb. & Schwein.) Singer	Rhodocollybia maculata		CA		New Brunswick	PRESENT		28eb1a3f-1c15-4a95-931a-4af90ecb574d	45.191444	-66.373791							2024-08-20T09:56:11	20	8	2024	3321205	3321205	HUMAN_OBSERVATION	iNaturalist	Observations	236947906		Renée Lebeuf	2024-08-20T17:34:35	CC_BY_NC_4_0	Renée Lebeuf	Renée Lebeuf			2025-01-14T13:35:52.654Z	StillImage	COORDINATE_ROUNDED;CONTINENT_DERIVED_FROM_COORDINATES;TAXON_MATCH_TAXON_ID_IGNORED
4952514982	50c9509d-22c7-4a22-a47d-8c48425ef4a7	https://www.inaturalist.org/observations/244220713	Fungi	Basidiomycota	Agaricomycetes	Agaricales	Omphalotaceae	Rhodocollybia	Rhodocollybia maculata		SPECIES	Rhodocollybia maculata (Alb. & Schwein.) Singer	Rhodocollybia maculata		CA		Prince Edward Island	PRESENT		28eb1a3f-1c15-4a95-931a-4af90ecb574d	46.605067	-64.114319	10.0						2024-09-26T13:05	26	9	2024	3321205	3321205	HUMAN_OBSERVATION	iNaturalist	Observations	244220713		Denis Gallant	2024-09-26T23:43:22	CC_BY_NC_4_0	Denis Gallant	Denis Gallant			2025-01-14T12:57:51.354Z	StillImage	COORDINATE_ROUNDED;CONTINENT_DERIVED_FROM_COORDINATES;TAXON_MATCH_TAXON_ID_IGNORED
4950600761	50c9509d-22c7-4a22-a47d-8c48425ef4a7	https://www.inaturalist.org/observations/244066011	Fungi	Basidiomycota	Agaricomycetes	Agaricales	Omphalotaceae	Rhodocollybia	Rhodocollybia maculata		SPECIES	Rhodocollybia maculata (Alb. & Schwein.) Singer	Rhodocollybia maculata		CA		Prince Edward Island	PRESENT		28eb1a3f-1c15-4a95-931a-4af90ecb574d	46.426117	-64.093367							2024-09-25T10:29	25	9	2024	3321205	3321205	HUMAN_OBSERVATION	iNaturalist	Observations	244066011		Denis Gallant	2024-09-26T00:57:02	CC_BY_NC_4_0	Denis Gallant	Denis Gallant			2025-01-14T12:52:31.035Z	StillImage	COORDINATE_ROUNDED;CONTINENT_DERIVED_FROM_COORDINATES;TAXON_MATCH_TAXON_ID_IGNORED
4945859203	50c9509d-22c7-4a22-a47d-8c48425ef4a7	https://www.inaturalist.org/observations/241387442	Fungi	Basidiomycota	Agaricomycetes	Agaricales	Omphalotaceae	Rhodocollybia	Rhodocollybia maculata		SPECIES	Rhodocollybia maculata (Alb. & Schwein.) Singer	Rhodocollybia maculata		CA		Québec	PRESENT		28eb1a3f-1c15-4a95-931a-4af90ecb574d	45.378892	-71.914803	98.0						2024-09-09T08:42:33	9	9	2024	3321205	3321205	HUMAN_OBSERVATION	iNaturalist	Observations	241387442		Jacob Beauregard	2024-09-13T01:23:16	CC_BY_NC_4_0	Jacob Beauregard	Jacob Beauregard			2025-01-14T13:43:18.998Z	StillImage	COORDINATE_ROUNDED;CONTINENT_DERIVED_FROM_COORDINATES;TAXON_MATCH_TAXON_ID_IGNORED
4936018845	50c9509d-22c7-4a22-a47d-8c48425ef4a7	https://www.inaturalist.org/observations/237392371	Fungi	Basidiomycota	Agaricomycetes	Agaricales	Omphalotaceae	Rhodocollybia	Rhodocollybia maculata		SPECIES	Rhodocollybia maculata (Alb. & Schwein.) Singer	Rhodocollybia maculata		CA		Québec	PRESENT		28eb1a3f-1c15-4a95-931a-4af90ecb574d	45.413277	-71.269643	12539.0						2024-08-17T15:44:27	17	8	2024	3321205	3321205	HUMAN_OBSERVATION	iNaturalist	Observations	237392371		Emilie Dumont-Blanchette	2024-08-23T01:51:56	CC_BY_NC_4_0	Emilie Dumont-Blanchette	Emilie Dumont-Blanchette			2025-01-14T13:42:51.477Z	StillImage	COORDINATE_ROUNDED;CONTINENT_DERIVED_FROM_COORDINATES;TAXON_MATCH_TAXON_ID_IGNORED
4431132680	50c9509d-22c7-4a22-a47d-8c48425ef4a7	https://www.inaturalist.org/observations/187715901	Fungi	Basidiomycota	Agaricomycetes	Agaricales	Omphalotaceae	Rhodocollybia	Rhodocollybia maculata		SPECIES	Rhodocollybia maculata (Alb. & Schwein.) Singer	Rhodocollybia maculata		CA		Prince Edward Island	PRESENT		28eb1a3f-1c15-4a95-931a-4af90ecb574d	46.511685	-64.079266	160.0						2023-10-15T15:49	15	10	2023	3321205	3321205	HUMAN_OBSERVATION	iNaturalist	Observations	187715901		Denis Gallant	2023-10-16T00:19:14	CC_BY_NC_4_0	Denis Gallant	Denis Gallant			2025-01-14T12:43:07.425Z	StillImage	COORDINATE_ROUNDED;CONTINENT_DERIVED_FROM_COORDINATES;TAXON_MATCH_TAXON_ID_IGNORED
4424599141	50c9509d-22c7-4a22-a47d-8c48425ef4a7	https://www.inaturalist.org/observations/186292575	Fungi	Basidiomycota	Agaricomycetes	Agaricales	Omphalotaceae	Rhodocollybia	Rhodocollybia maculata		SPECIES	Rhodocollybia maculata (Alb. & Schwein.) Singer	Rhodocollybia maculata		CA		Québec	PRESENT		28eb1a3f-1c15-4a95-931a-4af90ecb574d	47.155303	-71.281542							2023-10-05T11:42:43	5	10	2023	3321205	3321205	HUMAN_OBSERVATION	iNaturalist	Observations	186292575		Jeff Leader	2023-10-05T15:44:13	CC_BY_NC_4_0	Jeff Leader	Jeff Leader			2025-01-14T12:42:38.178Z	StillImage	CONTINENT_DERIVED_FROM_COORDINATES;TAXON_MATCH_TAXON_ID_IGNORED
4417218304	50c9509d-22c7-4a22-a47d-8c48425ef4a7	https://www.inaturalist.org/observations/184799468	Fungi	Basidiomycota	Agaricomycetes	Agaricales	Omphalotaceae	Rhodocollybia	Rhodocollybia maculata		SPECIES	Rhodocollybia maculata (Alb. & Schwein.) Singer	Rhodocollybia maculata		CA		Ontario	PRESENT		28eb1a3f-1c15-4a95-931a-4af90ecb574d	45.349732	-75.567094	46.0						2023-09-24T14:03	24	9	2023	3321205	3321205	HUMAN_OBSERVATION	iNaturalist	Observations	184799468		jonathan_mack	2023-09-25T01:42:14	CC_BY_NC_4_0	jonathan_mack	jonathan_mack			2025-01-14T12:40:08.851Z	StillImage	COORDINATE_ROUNDED;CONTINENT_DERIVED_FROM_COORDINATES;TAXON_MATCH_TAXON_ID_IGNORED
4416902857	50c9509d-22c7-4a22-a47d-8c48425ef4a7	https://www.inaturalist.org/observations/183622966	Fungi	Basidiomycota	Agaricomycetes	Agaricales	Omphalotaceae	Rhodocollybia	Rhodocollybia maculata		SPECIES	Rhodocollybia maculata (Alb. & Schwein.) Singer	Rhodocollybia maculata		CA		Ontario	PRESENT		28eb1a3f-1c15-4a95-931a-4af90ecb574d	45.243203	-79.041468	27190.0						2023-09-16T10:42:57	16	9	2023	3321205	3321205	HUMAN_OBSERVATION	iNaturalist	Observations	183622966		Lee Cumming	2023-09-17T05:32:39	CC_BY_NC_4_0	Lee Cumming	Lee Cumming			2025-01-14T13:33:43.685Z	StillImage	COORDINATE_ROUNDED;CONTINENT_DERIVED_FROM_COORDINATES;TAXON_MATCH_TAXON_ID_IGNORED
4416887831	50c9509d-22c7-4a22-a47d-8c48425ef4a7	https://www.inaturalist.org/observations/183854469	Fungi	Basidiomycota	Agaricomycetes	Agaricales	Omphalotaceae	Rhodocollybia	Rhodocollybia maculata		SPECIES	Rhodocollybia maculata (Alb. & Schwein.) Singer	Rhodocollybia maculata		CA		Ontario	PRESENT		28eb1a3f-1c15-4a95-931a-4af90ecb574d	45.276018	-78.800973	27190.0						2023-09-17T17:46	17	9	2023	3321205	3321205	HUMAN_OBSERVATION	iNaturalist	Observations	183854469		Ben	2023-09-18T15:37:06	CC_BY_NC_4_0	Ben	Ben			2025-01-14T13:31:41.225Z	StillImage	COORDINATE_ROUNDED;CONTINENT_DERIVED_FROM_COORDINATES;TAXON_MATCH_TAXON_ID_IGNORED
4414155735	50c9509d-22c7-4a22-a47d-8c48425ef4a7	https://www.inaturalist.org/observations/182043465	Fungi	Basidiomycota	Agaricomycetes	Agaricales	Omphalotaceae	Rhodocollybia	Rhodocollybia maculata		SPECIES	Rhodocollybia maculata (Alb. & Schwein.) Singer	Rhodocollybia maculata		CA		Québec	PRESENT		28eb1a3f-1c15-4a95-931a-4af90ecb574d	48.753522	-78.06398	5.0						2023-09-01T15:23:50	1	9	2023	3321205	3321205	HUMAN_OBSERVATION	iNaturalist	Observations	182043465		Lynn Ovenden	2023-09-06T13:11:11	CC_BY_NC_4_0	Lynn Ovenden	Lynn Ovenden			2025-01-14T12:40:06.517Z	StillImage	COORDINATE_ROUNDED;CONTINENT_DERIVED_FROM_COORDINATES;TAXON_MATCH_TAXON_ID_IGNORED
4413900033	50c9509d-22c7-4a22-a47d-8c48425ef4a7	https://www.inaturalist.org/observations/182955453	Fungi	Basidiomycota	Agaricomycetes	Agaricales	Omphalotaceae	Rhodocollybia	Rhodocollybia maculata		SPECIES	Rhodocollybia maculata (Alb. & Schwein.) Singer	Rhodocollybia maculata		CA		Québec	PRESENT		28eb1a3f-1c15-4a95-931a-4af90ecb574d	45.386967	-72.721192	378.0						2023-09-11T16:12	11	9	2023	3321205	3321205	HUMAN_OBSERVATION	iNaturalist	Observations	182955453		Antoine Fortin	2023-09-12T15:41:06	CC_BY_NC_4_0	Antoine Fortin	Antoine Fortin			2025-01-14T12:41:37.475Z	StillImage	COORDINATE_ROUNDED;CONTINENT_DERIVED_FROM_COORDINATES;TAXON_MATCH_TAXON_ID_IGNORED
4413657297	50c9509d-22c7-4a22-a47d-8c48425ef4a7	https://www.inaturalist.org/observations/182574943	Fungi	Basidiomycota	Agaricomycetes	Agaricales	Omphalotaceae	Rhodocollybia	Rhodocollybia maculata		SPECIES	Rhodocollybia maculata (Alb. & Schwein.) Singer	Rhodocollybia maculata		CA		Québec	PRESENT		28eb1a3f-1c15-4a95-931a-4af90ecb574d	45.376125	-71.910295	24.0						2023-09-09T18:17:57	9	9	2023	3321205	3321205	HUMAN_OBSERVATION	iNaturalist	Observations	182574943		gabboilard	2023-09-10T02:41:50	CC_BY_NC_4_0	gabboilard	gabboilard			2025-01-14T12:39:33.012Z	StillImage	CONTINENT_DERIVED_FROM_COORDINATES;TAXON_MATCH_TAXON_ID_IGNORED
4405018038	50c9509d-22c7-4a22-a47d-8c48425ef4a7	https://www.inaturalist.org/observations/179765578	Fungi	Basidiomycota	Agaricomycetes	Agaricales	Omphalotaceae	Rhodocollybia	Rhodocollybia maculata		SPECIES	Rhodocollybia maculata (Alb. & Schwein.) Singer	Rhodocollybia maculata		CA		Québec	PRESENT		28eb1a3f-1c15-4a95-931a-4af90ecb574d	46.776804	-71.273764	26.0						2023-08-22T08:32:18	22	8	2023	3321205	3321205	HUMAN_OBSERVATION	iNaturalist	Observations	179765578		Camille Boucher	2023-08-23T01:12:14	CC_BY_NC_4_0	Camille Boucher	Camille Boucher			2025-01-14T12:41:14.273Z	StillImage	COORDINATE_ROUNDED;CONTINENT_DERIVED_FROM_COORDINATES;TAXON_MATCH_TAXON_ID_IGNORED
4404997836	50c9509d-22c7-4a22-a47d-8c48425ef4a7	https://www.inaturalist.org/observations/179414626	Fungi	Basidiomycota	Agaricomycetes	Agaricales	Omphalotaceae	Rhodocollybia	Rhodocollybia maculata		SPECIES	Rhodocollybia maculata (Alb. & Schwein.) Singer	Rhodocollybia maculata		CA		Québec	PRESENT		28eb1a3f-1c15-4a95-931a-4af90ecb574d	45.997965	-74.07907							2023-08-19T10:55	19	8	2023	3321205	3321205	HUMAN_OBSERVATION	iNaturalist	Observations	179414626		Paul Vézina	2023-08-20T20:48:52	CC_BY_NC_4_0	Paul Vézina	Paul Vézina			2025-01-14T12:42:06.273Z	StillImage	COORDINATE_ROUNDED;CONTINENT_DERIVED_FROM_COORDINATES;TAXON_MATCH_TAXON_ID_IGNORED
4166418168	695cef75-b65f-4776-b2ed-74565eebb16e	02-01000975789	Fungi	Basidiomycota	Agaricomycetes	Agaricales	Omphalotaceae	Rhodocollybia	Rhodocollybia maculata		SPECIES	Collybia maculata (Alb. & Schwein.) P.Kumm.	Collybia maculata	(Alb. & Schwein.) P. Kumm.	CA	Barclay Estate, Booth's Rock Trail	Ontario	PRESENT		055bd978-2daa-4543-b3f0-44e0e87e86ca	45.508333	-78.391667							1976-08-03	3	8	1976	3321210	3321205	PRESERVED_SPECIMEN	AAFC	DAOM	186801		S.A. Redhead		CC_BY_4_0	©His Majesty the King in Right of Canada, as represented by the Minister of Agriculture and Agri-Food	P. Johnson 144			2025-01-12T05:11:16.324Z		GEODETIC_DATUM_ASSUMED_WGS84;CONTINENT_DERIVED_FROM_COORDINATES;TAXON_MATCH_TAXON_ID_IGNORED;INSTITUTION_MATCH_FUZZY
4166288170	695cef75-b65f-4776-b2ed-74565eebb16e	02-01000975788	Fungi	Basidiomycota	Agaricomycetes	Agaricales	Omphalotaceae	Rhodocollybia	Rhodocollybia maculata		SPECIES	Collybia maculata (Alb. & Schwein.) P.Kumm.	Collybia maculata	(Alb. & Schwein.) P. Kumm.	CA	Canisbay, Hemlock Bluff Trail	Ontario	PRESENT		055bd978-2daa-4543-b3f0-44e0e87e86ca	45.575	-78.55							1975-07-26	26	7	1975	3321210	3321205	PRESERVED_SPECIMEN	AAFC	DAOM	186463		J.F. Ammirati		CC_BY_4_0	©His Majesty the King in Right of Canada, as represented by the Minister of Agriculture and Agri-Food	J.F. Ammirati			2025-01-12T05:11:16.380Z		GEODETIC_DATUM_ASSUMED_WGS84;CONTINENT_DERIVED_FROM_COORDINATES;TAXON_MATCH_TAXON_ID_IGNORED;INSTITUTION_MATCH_FUZZY
4104436499	5a6538b8-e35c-46c4-8978-6858a657a75f	fc55acd2-c7e1-4ab2-8b34-b3f6ff70d852	Fungi	Basidiomycota	Agaricomycetes	Agaricales	Omphalotaceae	Rhodocollybia	Rhodocollybia maculata		SPECIES	Collybia maculata (Alb. & Schwein.) P.Kumm.	Collybia maculata	(Alb. & Schwein.) P. Kumm.	CA	Sackville	New Brunswick	PRESENT		a26dde42-dd82-4d07-a763-353ab27fc02c	45.883333	-64.35	7470.0						1902-10-10	10	10	1902	3321210	3321205	PRESERVED_SPECIMEN	CUP		CUP-A-018308		Atkinson, George		CC0_1_0		Gates, Reginald			2025-01-15T04:26:00.198Z	StillImage	GEODETIC_DATUM_ASSUMED_WGS84;CONTINENT_DERIVED_FROM_COORDINATES;TAXON_MATCH_TAXON_ID_IGNORED;COLLECTION_MATCH_NONE;INSTITUTION_MATCH_FUZZY
4039191725	50c9509d-22c7-4a22-a47d-8c48425ef4a7	https://www.inaturalist.org/observations/141296188	Fungi	Basidiomycota	Agaricomycetes	Agaricales	Omphalotaceae	Rhodocollybia	Rhodocollybia maculata	scorzonerea	VARIETY	Rhodocollybia maculata var. scorzonerea (Fr.) Lennox	Rhodocollybia maculata scorzonerea		CA		New Brunswick	PRESENT		28eb1a3f-1c15-4a95-931a-4af90ecb574d	45.163131	-66.226975	13.0						2021-07-14T11:23	14	7	2021	8629926	3321205	HUMAN_OBSERVATION	iNaturalist	Observations	141296188		Alfredo Justo	2022-11-06T19:42:39	CC_BY_NC_4_0	Alfredo Justo	Alfredo Justo			2025-01-14T12:32:41.024Z	StillImage	COORDINATE_ROUNDED;CONTINENT_DERIVED_FROM_COORDINATES;TAXON_MATCH_TAXON_ID_IGNORED
4018193312	50c9509d-22c7-4a22-a47d-8c48425ef4a7	https://www.inaturalist.org/observations/9592412	Fungi	Basidiomycota	Agaricomycetes	Agaricales	Omphalotaceae	Rhodocollybia	Rhodocollybia maculata	scorzonerea	VARIETY	Rhodocollybia maculata var. scorzonerea (Fr.) Lennox	Rhodocollybia maculata scorzonerea		CA		Ontario	PRESENT		28eb1a3f-1c15-4a95-931a-4af90ecb574d	45.35695	-79.0971	33539.0						2016-09-17	17	9	2016	8629926	3321205	HUMAN_OBSERVATION	iNaturalist	Observations	9592412		cinna_latifolia	2020-07-20T19:06:38	CC_BY_NC_4_0	mycowalt	mycowalt			2025-01-14T12:59:19.999Z	StillImage	CONTINENT_DERIVED_FROM_COORDINATES;TAXON_MATCH_TAXON_ID_IGNORED
3923660186	50c9509d-22c7-4a22-a47d-8c48425ef4a7	https://www.inaturalist.org/observations/137111077	Fungi	Basidiomycota	Agaricomycetes	Agaricales	Omphalotaceae	Rhodocollybia	Rhodocollybia maculata		SPECIES	Rhodocollybia maculata (Alb. & Schwein.) Singer	Rhodocollybia maculata		CA		New Brunswick	PRESENT		28eb1a3f-1c15-4a95-931a-4af90ecb574d	45.35623	-65.919773	40.0						2022-09-30T15:35:40	30	9	2022	3321205	3321205	HUMAN_OBSERVATION	iNaturalist	Observations	137111077		patpark506	2022-10-01T04:52:57	CC_BY_NC_4_0	patpark506	patpark506			2025-01-14T13:25:55.895Z	StillImage	COORDINATE_ROUNDED;CONTINENT_DERIVED_FROM_COORDINATES;TAXON_MATCH_TAXON_ID_IGNORED
3889029682	50c9509d-22c7-4a22-a47d-8c48425ef4a7	https://www.inaturalist.org/observations/129489960	Fungi	Basidiomycota	Agaricomycetes	Agaricales	Omphalotaceae	Rhodocollybia	Rhodocollybia maculata		SPECIES	Rhodocollybia maculata (Alb. & Schwein.) Singer	Rhodocollybia maculata		CA		Québec	PRESENT		28eb1a3f-1c15-4a95-931a-4af90ecb574d	45.995371	-76.599428	27095.0						2022-08-02T11:36	2	8	2022	3321205	3321205	HUMAN_OBSERVATION	iNaturalist	Observations	129489960		L Joan Heyding	2022-08-05T01:46:15	CC_BY_NC_4_0	L Joan Heyding	L Joan Heyding			2025-01-14T12:30:56.423Z	StillImage	COORDINATE_ROUNDED;CONTINENT_DERIVED_FROM_COORDINATES;TAXON_MATCH_TAXON_ID_IGNORED
3712437458	50c9509d-22c7-4a22-a47d-8c48425ef4a7	https://www.inaturalist.org/observations/98835057	Fungi	Basidiomycota	Agaricomycetes	Agaricales	Omphalotaceae	Rhodocollybia	Rhodocollybia maculata		SPECIES	Rhodocollybia maculata (Alb. & Schwein.) Singer	Rhodocollybia maculata		CA		Nova Scotia	PRESENT		28eb1a3f-1c15-4a95-931a-4af90ecb574d	45.496295	-64.47868	60.0						2021-10-17T11:57	17	10	2021	3321205	3321205	HUMAN_OBSERVATION	iNaturalist	Observations	98835057		Ben	2021-10-20T22:58:33	CC_BY_NC_4_0	Ben	Ben			2025-01-14T12:22:08.908Z	StillImage	COORDINATE_ROUNDED;CONTINENT_DERIVED_FROM_COORDINATES;TAXON_MATCH_TAXON_ID_IGNORED
3456105738	50c9509d-22c7-4a22-a47d-8c48425ef4a7	https://www.inaturalist.org/observations/103220145	Fungi	Basidiomycota	Agaricomycetes	Agaricales	Omphalotaceae	Rhodocollybia	Rhodocollybia maculata		SPECIES	Rhodocollybia maculata (Alb. & Schwein.) Singer	Rhodocollybia maculata		CA		New Brunswick	PRESENT		28eb1a3f-1c15-4a95-931a-4af90ecb574d	46.385178	-64.649755	298.0						2021-10-01T11:34	1	10	2021	3321205	3321205	HUMAN_OBSERVATION	iNaturalist	Observations	103220145		Stuart Tingley	2021-12-17T23:29:07	CC_BY_NC_4_0	Stuart Tingley	Stuart Tingley			2025-01-14T12:24:47.452Z	StillImage	COORDINATE_ROUNDED;CONTINENT_DERIVED_FROM_COORDINATES;TAXON_MATCH_TAXON_ID_IGNORED
3398802857	50c9509d-22c7-4a22-a47d-8c48425ef4a7	https://www.inaturalist.org/observations/99139541	Fungi	Basidiomycota	Agaricomycetes	Agaricales	Omphalotaceae	Rhodocollybia	Rhodocollybia maculata		SPECIES	Rhodocollybia maculata (Alb. & Schwein.) Singer	Rhodocollybia maculata		CA		Ontario	PRESENT		28eb1a3f-1c15-4a95-931a-4af90ecb574d	45.443113	-75.180916	183.0						2021-10-23T12:02	23	10	2021	3321205	3321205	HUMAN_OBSERVATION	iNaturalist	Observations	99139541		L Joan Heyding	2021-10-23T21:59:59	CC_BY_NC_4_0	L Joan Heyding	L Joan Heyding			2025-01-14T12:22:53.771Z	StillImage	COORDINATE_ROUNDED;CONTINENT_DERIVED_FROM_COORDINATES;TAXON_MATCH_TAXON_ID_IGNORED
3384686428	50c9509d-22c7-4a22-a47d-8c48425ef4a7	https://www.inaturalist.org/observations/95311419	Fungi	Basidiomycota	Agaricomycetes	Agaricales	Omphalotaceae	Rhodocollybia	Rhodocollybia maculata		SPECIES	Rhodocollybia maculata (Alb. & Schwein.) Singer	Rhodocollybia maculata		CA		Ontario	PRESENT		28eb1a3f-1c15-4a95-931a-4af90ecb574d	45.3654	-75.528552							2021-09-18T12:15	18	9	2021	3321205	3321205	HUMAN_OBSERVATION	iNaturalist	Observations	95311419		Igor Khomenko	2021-09-18T20:33:05	CC_BY_NC_4_0	Igor Khomenko	Igor Khomenko			2025-01-14T13:14:46.946Z	StillImage	COORDINATE_ROUNDED;CONTINENT_DERIVED_FROM_COORDINATES;TAXON_MATCH_TAXON_ID_IGNORED
3355808110	50c9509d-22c7-4a22-a47d-8c48425ef4a7	https://www.inaturalist.org/observations/93787588	Fungi	Basidiomycota	Agaricomycetes	Agaricales	Omphalotaceae	Rhodocollybia	Rhodocollybia maculata		SPECIES	Rhodocollybia maculata (Alb. & Schwein.) Singer	Rhodocollybia maculata		CA		New Brunswick	PRESENT		28eb1a3f-1c15-4a95-931a-4af90ecb574d	46.389245	-64.618661	8.0						2021-09-01T15:13	1	9	2021	3321205	3321205	HUMAN_OBSERVATION	iNaturalist	Observations	93787588		Stuart Tingley	2021-09-05T22:30:09	CC_BY_NC_4_0	Stuart Tingley	Stuart Tingley			2025-01-14T13:10:30.020Z	StillImage	COORDINATE_ROUNDED;CONTINENT_DERIVED_FROM_COORDINATES;TAXON_MATCH_TAXON_ID_IGNORED
3355388064	50c9509d-22c7-4a22-a47d-8c48425ef4a7	https://www.inaturalist.org/observations/92852490	Fungi	Basidiomycota	Agaricomycetes	Agaricales	Omphalotaceae	Rhodocollybia	Rhodocollybia maculata		SPECIES	Rhodocollybia maculata (Alb. & Schwein.) Singer	Rhodocollybia maculata		CA		Ontario	PRESENT		28eb1a3f-1c15-4a95-931a-4af90ecb574d	46.513106	-79.074237	8780.0						2021-08-28T13:45:22	28	8	2021	3321205	3321205	HUMAN_OBSERVATION	iNaturalist	Observations	92852490		cinna_latifolia	2021-08-29T01:09:18	CC_BY_NC_4_0	BeccaDawn	BeccaDawn			2025-01-14T13:11:11.450Z	StillImage	COORDINATE_ROUNDED;CONTINENT_DERIVED_FROM_COORDINATES;TAXON_MATCH_TAXON_ID_IGNORED
3343929356	50c9509d-22c7-4a22-a47d-8c48425ef4a7	https://www.inaturalist.org/observations/30726245	Fungi	Basidiomycota	Agaricomycetes	Agaricales	Omphalotaceae	Rhodocollybia	Rhodocollybia maculata		SPECIES	Rhodocollybia maculata (Alb. & Schwein.) Singer	Rhodocollybia maculata		CA		New Brunswick	PRESENT		28eb1a3f-1c15-4a95-931a-4af90ecb574d	47.364445	-66.883331							2019-08-11T15:03:28	11	8	2019	3321205	3321205	HUMAN_OBSERVATION	iNaturalist	Observations	30726245		cinna_latifolia	2019-11-16T19:19:39	CC_BY_NC_4_0	dani	dani			2025-01-14T12:08:40.083Z	StillImage	COORDINATE_ROUNDED;CONTINENT_DERIVED_FROM_COORDINATES;TAXON_MATCH_TAXON_ID_IGNORED
3328040388	50c9509d-22c7-4a22-a47d-8c48425ef4a7	https://www.inaturalist.org/observations/71216828	Fungi	Basidiomycota	Agaricomycetes	Agaricales	Omphalotaceae	Rhodocollybia	Rhodocollybia maculata		SPECIES	Rhodocollybia maculata (Alb. & Schwein.) Singer	Rhodocollybia maculata		CA		Québec	PRESENT		28eb1a3f-1c15-4a95-931a-4af90ecb574d	47.080647	-70.786687	61.0						2016-08-27	27	8	2016	3321205	3321205	HUMAN_OBSERVATION	iNaturalist	Observations	71216828		cinna_latifolia	2021-07-16T04:18:17	CC_BY_NC_4_0	Christian Grenier	Christian Grenier			2025-01-14T12:16:50.327Z	StillImage	COORDINATE_ROUNDED;CONTINENT_DERIVED_FROM_COORDINATES;TAXON_MATCH_TAXON_ID_IGNORED
3321071378	50c9509d-22c7-4a22-a47d-8c48425ef4a7	https://www.inaturalist.org/observations/60140684	Fungi	Basidiomycota	Agaricomycetes	Agaricales	Omphalotaceae	Rhodocollybia	Rhodocollybia maculata		SPECIES	Rhodocollybia maculata (Alb. & Schwein.) Singer	Rhodocollybia maculata		CA		Ontario	PRESENT		28eb1a3f-1c15-4a95-931a-4af90ecb574d	46.089545	-77.468446	415.0						2020-09-19T00:59Z	19	9	2020	3321205	3321205	HUMAN_OBSERVATION	iNaturalist	Observations	60140684		Samti Luk	2020-09-20T01:11:22	CC_BY_NC_4_0	Samti Luk	Samti Luk			2025-01-14T12:15:20.475Z	StillImage	COORDINATE_ROUNDED;CONTINENT_DERIVED_FROM_COORDINATES;TAXON_MATCH_TAXON_ID_IGNORED
3031812135	50c9509d-22c7-4a22-a47d-8c48425ef4a7	https://www.inaturalist.org/observations/67114700	Fungi	Basidiomycota	Agaricomycetes	Agaricales	Omphalotaceae	Rhodocollybia	Rhodocollybia maculata		SPECIES	Rhodocollybia maculata (Alb. & Schwein.) Singer	Rhodocollybia maculata		CA		Ontario	PRESENT		28eb1a3f-1c15-4a95-931a-4af90ecb574d	45.548252	-78.403412							2019-09-07T13:36	7	9	2019	3321205	3321205	HUMAN_OBSERVATION	iNaturalist	Observations	67114700		cinna_latifolia	2021-01-04T04:47:13	CC_BY_NC_4_0	Jason J. Dombroskie	Jason J. Dombroskie			2025-01-14T13:10:42.439Z	StillImage	COORDINATE_ROUNDED;CONTINENT_DERIVED_FROM_COORDINATES;TAXON_MATCH_TAXON_ID_IGNORED
2574245323	50c9509d-22c7-4a22-a47d-8c48425ef4a7	https://www.inaturalist.org/observations/38386784	Fungi	Basidiomycota	Agaricomycetes	Agaricales	Omphalotaceae	Rhodocollybia	Rhodocollybia maculata		SPECIES	Rhodocollybia maculata (Alb. & Schwein.) Singer	Rhodocollybia maculata		CA		Québec	PRESENT		28eb1a3f-1c15-4a95-931a-4af90ecb574d	46.931356	-71.235932	6638.0						2018-09-24	24	9	2018	3321205	3321205	HUMAN_OBSERVATION	iNaturalist	Observations	38386784		Ludo Leclerc	2020-02-07T16:24:31	CC_BY_NC_4_0	Christian Grenier	Christian Grenier			2025-01-14T12:11:14.226Z	StillImage	COORDINATE_ROUNDED;CONTINENT_DERIVED_FROM_COORDINATES;TAXON_MATCH_TAXON_ID_IGNORED
2573923219	50c9509d-22c7-4a22-a47d-8c48425ef4a7	https://www.inaturalist.org/observations/34275093	Fungi	Basidiomycota	Agaricomycetes	Agaricales	Omphalotaceae	Rhodocollybia	Rhodocollybia maculata		SPECIES	Rhodocollybia maculata (Alb. & Schwein.) Singer	Rhodocollybia maculata		CA		Québec	PRESENT		28eb1a3f-1c15-4a95-931a-4af90ecb574d	46.792303	-71.336077	8.0						2019-10-12	12	10	2019	3321205	3321205	HUMAN_OBSERVATION	iNaturalist	Observations	34275093		Ludo Leclerc	2019-10-12T23:06:35	CC_BY_NC_4_0	Ludo Leclerc	Ludo Leclerc			2025-01-14T13:04:01.734Z	StillImage	COORDINATE_ROUNDED;CONTINENT_DERIVED_FROM_COORDINATES;TAXON_MATCH_TAXON_ID_IGNORED
2573778556	50c9509d-22c7-4a22-a47d-8c48425ef4a7	https://www.inaturalist.org/observations/10888820	Fungi	Basidiomycota	Agaricomycetes	Agaricales	Omphalotaceae	Rhodocollybia	Rhodocollybia maculata	scorzonerea	VARIETY	Rhodocollybia maculata var. scorzonerea (Fr.) Lennox	Rhodocollybia maculata scorzonerea		CA		Québec	PRESENT		28eb1a3f-1c15-4a95-931a-4af90ecb574d	46.753446	-71.381521							2008-06-26T17:14:44	26	6	2008	8629926	3321205	HUMAN_OBSERVATION	iNaturalist	Observations	10888820		John Plischke	2020-01-25T04:22:03	CC_BY_NC_4_0	John Plischke	John Plischke			2025-01-14T12:59:58.965Z		CONTINENT_DERIVED_FROM_COORDINATES;TAXON_MATCH_TAXON_ID_IGNORED
2429450543	50c9509d-22c7-4a22-a47d-8c48425ef4a7	https://www.inaturalist.org/observations/34046599	Fungi	Basidiomycota	Agaricomycetes	Agaricales	Omphalotaceae	Rhodocollybia	Rhodocollybia maculata		SPECIES	Rhodocollybia maculata (Alb. & Schwein.) Singer	Rhodocollybia maculata		CA		Ontario	PRESENT		28eb1a3f-1c15-4a95-931a-4af90ecb574d	45.290049	-79.018994	183.0						2019-09-15T12:13	15	9	2019	3321205	3321205	HUMAN_OBSERVATION	iNaturalist	Observations	34046599		mycowalt	2019-10-08T02:04:04	CC_BY_NC_4_0	mycowalt	mycowalt			2025-01-14T12:09:31.699Z	StillImage	COORDINATE_ROUNDED;CONTINENT_DERIVED_FROM_COORDINATES;TAXON_MATCH_TAXON_ID_IGNORED
2429255152	50c9509d-22c7-4a22-a47d-8c48425ef4a7	https://www.inaturalist.org/observations/33164325	Fungi	Basidiomycota	Agaricomycetes	Agaricales	Omphalotaceae	Rhodocollybia	Rhodocollybia maculata		SPECIES	Rhodocollybia maculata (Alb. & Schwein.) Singer	Rhodocollybia maculata		CA		Québec	PRESENT		28eb1a3f-1c15-4a95-931a-4af90ecb574d	47.060962	-71.158066	10.0						2019-09-21T16:16:22	21	9	2019	3321205	3321205	HUMAN_OBSERVATION	iNaturalist	Observations	33164325		Ludo Leclerc	2019-09-22T21:10:01	CC_BY_NC_4_0	rebeccawilkins	rebeccawilkins			2025-01-14T12:09:24.889Z	StillImage	COORDINATE_ROUNDED;CONTINENT_DERIVED_FROM_COORDINATES;TAXON_MATCH_TAXON_ID_IGNORED
2423165221	50c9509d-22c7-4a22-a47d-8c48425ef4a7	https://www.inaturalist.org/observations/33098327	Fungi	Basidiomycota	Agaricomycetes	Agaricales	Omphalotaceae	Rhodocollybia	Rhodocollybia maculata		SPECIES	Rhodocollybia maculata (Alb. & Schwein.) Singer	Rhodocollybia maculata		CA		Québec	PRESENT		28eb1a3f-1c15-4a95-931a-4af90ecb574d	46.547783	-71.227662	8.0						2019-09-20	20	9	2019	3321205	3321205	HUMAN_OBSERVATION	iNaturalist	Observations	33098327		Ludo Leclerc	2019-09-20T22:33:10	CC_BY_NC_4_0	Ludo Leclerc	Ludo Leclerc			2025-01-14T13:03:54.766Z	StillImage	COORDINATE_ROUNDED;CONTINENT_DERIVED_FROM_COORDINATES;TAXON_MATCH_TAXON_ID_IGNORED
1990301784	032f1fbe-d21f-407d-be46-5cd1bb1ea397	78fb7034-5cde-47e6-baef-a7889e590f71	Fungi	Basidiomycota	Agaricomycetes	Agaricales	Omphalotaceae	Rhodocollybia	Rhodocollybia maculata		SPECIES	Rhodocollybia maculata (Alb. & Schwein.) Singer	Rhodocollybia maculata	(Alb. & Schwein.) Singer	CA	Scots Bay, Cape Split	Nova Scotia	PRESENT		61c539d8-47e0-4b82-875f-b95aad66dcd4	45.326389	-64.438889							1965-07-25	25	7	1965	3321205	3321205	PRESERVED_SPECIMEN	TENN-F		TENN-F-028589	RHP28589			CC0_1_0		R.H. Petersen & P.D. Olexia			2025-01-12T10:33:39.423Z		COORDINATE_ROUNDED;GEODETIC_DATUM_ASSUMED_WGS84;CONTINENT_DERIVED_FROM_COORDINATES;TAXON_MATCH_TAXON_ID_IGNORED;INSTITUTION_MATCH_NONE
1987959801	ca1bcd7e-7387-42f9-81ba-1470db55e3e8	38B88814-342C-D743-895D-9A1A0125DC77	Fungi	Basidiomycota	Agaricomycetes	Agaricales	Omphalotaceae	Rhodocollybia	Rhodocollybia maculata		SPECIES	Collybia maculata (Alb. & Schwein.) P.Kumm.	Collybia maculata	(Alb. & Schwein.) P. Kumm.	CA	Sackville, Amherst Point	New Brunswick	PRESENT		b542788f-0dc2-4a2b-b652-fceced449591	45.9	-64.366667							1977-09		9	1977	3321210	3321205	PRESERVED_SPECIMEN	BBM	UBC	F013351	b31b			CC0_1_0	The University of British Columbia	T. Goward			2024-11-19T11:24:51.258Z		GEODETIC_DATUM_ASSUMED_WGS84;CONTINENT_DERIVED_FROM_COORDINATES;INSTITUTION_MATCH_FUZZY
1987955346	ca1bcd7e-7387-42f9-81ba-1470db55e3e8	5F95A3A5-A7A3-084F-914A-04C88EB492DF	Fungi	Basidiomycota	Agaricomycetes	Agaricales	Omphalotaceae	Rhodocollybia	Rhodocollybia maculata		SPECIES	Collybia maculata (Alb. & Schwein.) P.Kumm.	Collybia maculata	(Alb. & Schwein.) P. Kumm.	CA	Amherst Point Bird Sanctuary, Sackville	New Brunswick	PRESENT		b542788f-0dc2-4a2b-b652-fceced449591	45.883333	-64.366667							2003-09		9	2003	3321210	3321205	PRESERVED_SPECIMEN	BBM	UBC	F023864	Sackville B-31	T. Goward		CC0_1_0	The University of British Columbia	T. Goward			2024-11-19T11:26:49.532Z		GEODETIC_DATUM_ASSUMED_WGS84;CONTINENT_DERIVED_FROM_COORDINATES;INSTITUTION_MATCH_FUZZY
1847647318	50c9509d-22c7-4a22-a47d-8c48425ef4a7	https://www.inaturalist.org/observations/9593347	Fungi	Basidiomycota	Agaricomycetes	Agaricales	Omphalotaceae	Rhodocollybia	Rhodocollybia maculata		SPECIES	Rhodocollybia maculata (Alb. & Schwein.) Singer	Rhodocollybia maculata		CA		Ontario	PRESENT		28eb1a3f-1c15-4a95-931a-4af90ecb574d	45.39615	-79.19605	427.0						2016-09-20	20	9	2016	3321205	3321205	HUMAN_OBSERVATION	iNaturalist	Observations	9593347		mycowalt	2018-01-24T02:01:51	CC_BY_NC_4_0	mycowalt	mycowalt			2025-01-14T13:00:05.757Z	StillImage	CONTINENT_DERIVED_FROM_COORDINATES;TAXON_MATCH_TAXON_ID_IGNORED
1847647123	50c9509d-22c7-4a22-a47d-8c48425ef4a7	https://www.inaturalist.org/observations/9593197	Fungi	Basidiomycota	Agaricomycetes	Agaricales	Omphalotaceae	Rhodocollybia	Rhodocollybia maculata		SPECIES	Rhodocollybia maculata (Alb. & Schwein.) Singer	Rhodocollybia maculata		CA		Ontario	PRESENT		28eb1a3f-1c15-4a95-931a-4af90ecb574d	45.40545	-78.88685	3012.0						2016-09-21	21	9	2016	3321205	3321205	HUMAN_OBSERVATION	iNaturalist	Observations	9593197		mycowalt	2018-01-24T01:51:07	CC_BY_NC_4_0	mycowalt	mycowalt			2025-01-14T12:59:41.682Z	StillImage	CONTINENT_DERIVED_FROM_COORDINATES;TAXON_MATCH_TAXON_ID_IGNORED
1847646967	50c9509d-22c7-4a22-a47d-8c48425ef4a7	https://www.inaturalist.org/observations/9592508	Fungi	Basidiomycota	Agaricomycetes	Agaricales	Omphalotaceae	Rhodocollybia	Rhodocollybia maculata	maculata	VARIETY	Rhodocollybia maculata var. maculata	Rhodocollybia maculata maculata		CA		Ontario	PRESENT		28eb1a3f-1c15-4a95-931a-4af90ecb574d	45.5794	-78.51955	385.0						2016-09-16	16	9	2016	7073777	3321205	HUMAN_OBSERVATION	iNaturalist	Observations	9592508		mycowalt	2018-01-24T01:04:01	CC_BY_NC_4_0	mycowalt	mycowalt			2025-01-14T12:57:42.137Z	StillImage	CONTINENT_DERIVED_FROM_COORDINATES;TAXON_MATCH_TAXON_ID_IGNORED
1847646749	50c9509d-22c7-4a22-a47d-8c48425ef4a7	https://www.inaturalist.org/observations/9590777	Fungi	Basidiomycota	Agaricomycetes	Agaricales	Omphalotaceae	Rhodocollybia	Rhodocollybia maculata		SPECIES	Rhodocollybia maculata (Alb. & Schwein.) Singer	Rhodocollybia maculata		CA		Ontario	PRESENT		28eb1a3f-1c15-4a95-931a-4af90ecb574d	45.57675	-78.45745	4046.0						2015-09-14	14	9	2015	3321205	3321205	HUMAN_OBSERVATION	iNaturalist	Observations	9590777		mycowalt	2018-02-23T16:30:49	CC_BY_NC_4_0	mycowalt	mycowalt			2025-01-14T12:04:23.094Z	StillImage	CONTINENT_DERIVED_FROM_COORDINATES;TAXON_MATCH_TAXON_ID_IGNORED
1847646744	50c9509d-22c7-4a22-a47d-8c48425ef4a7	https://www.inaturalist.org/observations/9590686	Fungi	Basidiomycota	Agaricomycetes	Agaricales	Omphalotaceae	Rhodocollybia	Rhodocollybia maculata		SPECIES	Rhodocollybia maculata (Alb. & Schwein.) Singer	Rhodocollybia maculata		CA		Ontario	PRESENT		28eb1a3f-1c15-4a95-931a-4af90ecb574d	45.5794	-78.51955	385.0						2015-09-14	14	9	2015	3321205	3321205	HUMAN_OBSERVATION	iNaturalist	Observations	9590686		mycowalt	2018-01-23T22:36:10	CC_BY_NC_4_0	mycowalt	mycowalt			2025-01-14T12:04:21.271Z	StillImage	CONTINENT_DERIVED_FROM_COORDINATES;TAXON_MATCH_TAXON_ID_IGNORED
1847646603	50c9509d-22c7-4a22-a47d-8c48425ef4a7	https://www.inaturalist.org/observations/9590036	Fungi	Basidiomycota	Agaricomycetes	Agaricales	Omphalotaceae	Rhodocollybia	Rhodocollybia maculata		SPECIES	Rhodocollybia maculata (Alb. & Schwein.) Singer	Rhodocollybia maculata		CA		Ontario	PRESENT		28eb1a3f-1c15-4a95-931a-4af90ecb574d	45.57675	-78.45745	4046.0						2015-09-11	11	9	2015	3321205	3321205	HUMAN_OBSERVATION	iNaturalist	Observations	9590036		mycowalt	2018-01-23T21:51:18	CC_BY_NC_4_0	mycowalt	mycowalt			2025-01-14T12:59:52.187Z	StillImage	CONTINENT_DERIVED_FROM_COORDINATES;TAXON_MATCH_TAXON_ID_IGNORED
1847644834	50c9509d-22c7-4a22-a47d-8c48425ef4a7	https://www.inaturalist.org/observations/9572004	Fungi	Basidiomycota	Agaricomycetes	Agaricales	Omphalotaceae	Rhodocollybia	Rhodocollybia maculata		SPECIES	Rhodocollybia maculata (Alb. & Schwein.) Singer	Rhodocollybia maculata		CA		Ontario	PRESENT		28eb1a3f-1c15-4a95-931a-4af90ecb574d	45.5794	-78.51955	385.0						2012-09-21	21	9	2012	3321205	3321205	HUMAN_OBSERVATION	iNaturalist	Observations	9572004		mycowalt	2018-01-23T07:44:16	CC_BY_NC_4_0	mycowalt	mycowalt			2025-01-14T12:04:21.602Z	StillImage	CONTINENT_DERIVED_FROM_COORDINATES;TAXON_MATCH_TAXON_ID_IGNORED
1807260778	e8a25a42-f125-476c-8554-3ec21cd51a84	ACAD:117725	Fungi	Basidiomycota	Agaricomycetes	Agaricales	Omphalotaceae	Rhodocollybia	Rhodocollybia maculata		SPECIES	Collybia maculata (Alb. & Schwein.) P.Kumm.	Collybia maculata	Fr.	CA	Kentville	Nova Scotia	PRESENT		6491ad8c-8e49-4bd4-a089-0ddb3bbe0890	45.07662	-64.49592							1973-08-23	23	8	1973	3321210	3321205	PRESERVED_SPECIMEN	Acadia University	ACAD	10497F	10497			CC0_1_0	Acadia University				2024-01-25T01:37:09.163Z	StillImage	GEODETIC_DATUM_INVALID;GEODETIC_DATUM_ASSUMED_WGS84;TAXON_MATCH_TAXON_ID_IGNORED;INSTITUTION_MATCH_FUZZY;COLLECTION_MATCH_FUZZY
1807259969	e8a25a42-f125-476c-8554-3ec21cd51a84	ACAD:116338	Fungi	Basidiomycota	Agaricomycetes	Agaricales	Omphalotaceae	Rhodocollybia	Rhodocollybia maculata		SPECIES	Collybia maculata (Alb. & Schwein.) P.Kumm.	Collybia maculata	Fr.	CA	Cape Split	Nova Scotia	PRESENT		6491ad8c-8e49-4bd4-a089-0ddb3bbe0890	45.334283	-64.49612							1957-10-04	4	10	1957	3321210	3321205	PRESERVED_SPECIMEN	Acadia University	ACAD	4151F	4151			CC0_1_0	Acadia University	H, KA			2024-01-25T01:37:03.877Z	StillImage	COORDINATE_ROUNDED;GEODETIC_DATUM_INVALID;GEODETIC_DATUM_ASSUMED_WGS84;TAXON_MATCH_TAXON_ID_IGNORED;INSTITUTION_MATCH_FUZZY;COLLECTION_MATCH_FUZZY
1807258575	e8a25a42-f125-476c-8554-3ec21cd51a84	ACAD:115259	Fungi	Basidiomycota	Agaricomycetes	Agaricales	Omphalotaceae	Rhodocollybia	Rhodocollybia maculata		SPECIES	Collybia maculata (Alb. & Schwein.) P.Kumm.	Collybia maculata	Fr.	CA	Kentville	Nova Scotia	PRESENT		6491ad8c-8e49-4bd4-a089-0ddb3bbe0890	45.07662	-64.49592							1938-10-15	15	10	1938	3321210	3321205	PRESERVED_SPECIMEN	Acadia University	ACAD	965F	965			CC0_1_0	Acadia University	H, KA			2024-01-25T01:36:59.341Z	StillImage	GEODETIC_DATUM_INVALID;GEODETIC_DATUM_ASSUMED_WGS84;TAXON_MATCH_TAXON_ID_IGNORED;INSTITUTION_MATCH_FUZZY;COLLECTION_MATCH_FUZZY
1807256224	e8a25a42-f125-476c-8554-3ec21cd51a84	ACAD:112658	Fungi	Basidiomycota	Agaricomycetes	Agaricales	Omphalotaceae	Rhodocollybia	Rhodocollybia maculata		SPECIES	Collybia maculata (Alb. & Schwein.) P.Kumm.	Collybia maculata	Fr.	CA	Glenmont	Nova Scotia	PRESENT		6491ad8c-8e49-4bd4-a089-0ddb3bbe0890	45.18614	-64.50197							1953-09-28	28	9	1953	3321210	3321205	PRESERVED_SPECIMEN	Acadia University	ACAD	2590F	2590			CC0_1_0	Acadia University	Harrison, KA			2024-01-25T01:37:10.873Z	StillImage	GEODETIC_DATUM_INVALID;GEODETIC_DATUM_ASSUMED_WGS84;TAXON_MATCH_TAXON_ID_IGNORED;INSTITUTION_MATCH_FUZZY;COLLECTION_MATCH_FUZZY
1807255878	e8a25a42-f125-476c-8554-3ec21cd51a84	ACAD:112519	Fungi	Basidiomycota	Agaricomycetes	Agaricales	Omphalotaceae	Rhodocollybia	Rhodocollybia maculata		SPECIES	Collybia maculata (Alb. & Schwein.) P.Kumm.	Collybia maculata	Fr.	CA	(Kentville)	Nova Scotia	PRESENT		6491ad8c-8e49-4bd4-a089-0ddb3bbe0890	45.07662	-64.49592							1931-09-14	14	9	1931	3321210	3321205	PRESERVED_SPECIMEN	Acadia University	ACAD	238F	238			CC0_1_0	Acadia University	H, KA			2024-01-25T01:37:10.951Z	StillImage	GEODETIC_DATUM_INVALID;GEODETIC_DATUM_ASSUMED_WGS84;TAXON_MATCH_TAXON_ID_IGNORED;INSTITUTION_MATCH_FUZZY;COLLECTION_MATCH_FUZZY
1807255574	e8a25a42-f125-476c-8554-3ec21cd51a84	ACAD:112298	Fungi	Basidiomycota	Agaricomycetes	Agaricales	Omphalotaceae	Rhodocollybia	Rhodocollybia maculata		SPECIES	Collybia maculata (Alb. & Schwein.) P.Kumm.	Collybia maculata	Fr.	CA	(Kentville)	Nova Scotia	PRESENT		6491ad8c-8e49-4bd4-a089-0ddb3bbe0890	45.07662	-64.49592							1952-10-05	5	10	1952	3321210	3321205	PRESERVED_SPECIMEN	Acadia University	ACAD	2023F	2023			CC0_1_0	Acadia University	H, KA			2024-01-25T01:37:05.763Z	StillImage	GEODETIC_DATUM_INVALID;GEODETIC_DATUM_ASSUMED_WGS84;TAXON_MATCH_TAXON_ID_IGNORED;INSTITUTION_MATCH_FUZZY;COLLECTION_MATCH_FUZZY
1701212173	81e6cff2-b409-417e-8c72-e1bbafb7c61f	ef6d942a-336b-467d-b5db-2ea2359e66e7	Fungi	Basidiomycota	Agaricomycetes	Agaricales	Omphalotaceae	Rhodocollybia	Rhodocollybia maculata	scorzonerea	VARIETY	Rhodocollybia maculata var. scorzonerea (Fr.) Lennox	Rhodocollybia maculata var. scorzonerea (Fr.) Lennox	(Fr.) Lennox	CA	Beauport municipal camping	Québec	PRESENT		7b8aff00-a9f8-11d8-944b-b8a03c50a862	46.908199	-71.199812	13000.0						2003-08-31	31	8	2003	8629926	3321205	PRESERVED_SPECIMEN	F	Botany	C0296000F	NAMA 2003-282			CC0_1_0	The Field Museum of Natural History	Y. Gagner			2024-02-20T16:06:34.485Z		GEODETIC_DATUM_ASSUMED_WGS84;MODIFIED_DATE_INVALID;AMBIGUOUS_COLLECTION;INSTITUTION_MATCH_FUZZY
1412707958	21705170-d2b6-42de-8904-c3bca4b83591	CMMF016343	Fungi	Basidiomycota	Agaricomycetes	Agaricales	Omphalotaceae	Rhodocollybia	Rhodocollybia maculata		SPECIES	Collybia scorzonerea (Fr.) Sacc.	Collybia scorzonerea (Batsch) Sacc.	(Batsch) Sacc.	CA	Rang Saint-Paul, Chicoutimi, Québec.	Québec	PRESENT		ff7bd5db-b724-4932-b496-10ea298851f9	48.361148	-71.135546	4000.0						1992-07-08/1992-07-10		7	1992	8288368	3321205	PRESERVED_SPECIMEN	Université de Montréal Biodiversity Centre	CMMF	CMMF016343	1778	Guérin, Gérard		CC0_1_0	Université de Montréal Biodiversity Centre	Guérin, Gérard			2024-01-24T16:38:19.634Z	StillImage	INSTITUTION_MATCH_FUZZY;COLLECTION_MATCH_FUZZY;DIFFERENT_OWNER_INSTITUTION
1412707827	21705170-d2b6-42de-8904-c3bca4b83591	CMMF016342	Fungi	Basidiomycota	Agaricomycetes	Agaricales	Omphalotaceae	Rhodocollybia	Rhodocollybia maculata		SPECIES	Collybia maculata (Alb. & Schwein.) P.Kumm.	Collybia maculata (Alb. & Schwein.) P. Kumm.	(Alb. & Schwein.) P. Kumm.	CA	Dolbeau, Québec.	Québec	PRESENT		ff7bd5db-b724-4932-b496-10ea298851f9	48.872751	-72.216576	5000.0						1993-08-10	10	8	1993	3321210	3321205	PRESERVED_SPECIMEN	Université de Montréal Biodiversity Centre	CMMF	CMMF016342	1777	Guérin, Gérard		CC0_1_0	Université de Montréal Biodiversity Centre	Guérin, Gérard			2024-01-24T16:38:19.618Z	StillImage	INSTITUTION_MATCH_FUZZY;COLLECTION_MATCH_FUZZY;DIFFERENT_OWNER_INSTITUTION
1412707350	21705170-d2b6-42de-8904-c3bca4b83591	CMMF015862	Fungi	Basidiomycota	Agaricomycetes	Agaricales	Omphalotaceae	Rhodocollybia	Rhodocollybia maculata		SPECIES	Collybia scorzonerea (Fr.) Sacc.	Collybia scorzonerea (Batsch) Sacc.	(Batsch) Sacc.	CA	Mont Orford, Québec.	Québec	PRESENT		ff7bd5db-b724-4932-b496-10ea298851f9	45.340394	-72.208677	6500.0						1998-09-05	5	9	1998	8288368	3321205	PRESERVED_SPECIMEN	Université de Montréal Biodiversity Centre	CMMF	CMMF015862	2604	Guérin, Gérard		CC0_1_0	Université de Montréal Biodiversity Centre	Larouche, Benoît			2024-01-24T16:38:16.552Z	StillImage	INSTITUTION_MATCH_FUZZY;COLLECTION_MATCH_FUZZY;DIFFERENT_OWNER_INSTITUTION
1135071366	21705170-d2b6-42de-8904-c3bca4b83591	CMMF009839	Fungi	Basidiomycota	Agaricomycetes	Agaricales	Omphalotaceae	Rhodocollybia	Rhodocollybia maculata		SPECIES	Rhodocollybia maculata (Alb. & Schwein.) Singer	Rhodocollybia maculata (Alb. & Schwein.) Singer	(Alb. & Schwein.) Singer	CA	Chemin Chapelle nord, Lac-Beauport.	Québec	PRESENT		ff7bd5db-b724-4932-b496-10ea298851f9	46.950203	-71.284979	150.0						2007-08-23	23	8	2007	3321205	3321205	PRESERVED_SPECIMEN	Université de Montréal Biodiversity Centre	CMMF	CMMF009839	1423	Labrecque, Jacqueline		CC0_1_0	Université de Montréal Biodiversity Centre	Labrecque, Jacqueline			2024-01-24T16:38:21.289Z		INSTITUTION_MATCH_FUZZY;COLLECTION_MATCH_FUZZY;DIFFERENT_OWNER_INSTITUTION
1135071117	21705170-d2b6-42de-8904-c3bca4b83591	CMMF009694	Fungi	Basidiomycota	Agaricomycetes	Agaricales	Omphalotaceae	Rhodocollybia	Rhodocollybia maculata		SPECIES	Rhodocollybia maculata (Alb. & Schwein.) Singer	Rhodocollybia maculata (Alb. & Schwein.) Singer	(Alb. & Schwein.) Singer	CA	Côte Bédard, Québec.	Québec	PRESENT		ff7bd5db-b724-4932-b496-10ea298851f9	46.907478	-71.312257	1000.0						2007-08-07	7	8	2007	3321205	3321205	PRESERVED_SPECIMEN	Université de Montréal Biodiversity Centre	CMMF	CMMF009694	1278	Labrecque, Jacqueline		CC0_1_0	Université de Montréal Biodiversity Centre	Labrecque, Jacqueline			2024-01-24T16:38:20.882Z		INSTITUTION_MATCH_FUZZY;COLLECTION_MATCH_FUZZY;DIFFERENT_OWNER_INSTITUTION
1135071028	21705170-d2b6-42de-8904-c3bca4b83591	CMMF009511	Fungi	Basidiomycota	Agaricomycetes	Agaricales	Omphalotaceae	Rhodocollybia	Rhodocollybia maculata		SPECIES	Rhodocollybia maculata (Alb. & Schwein.) Singer	Rhodocollybia maculata (Alb. & Schwein.) Singer	(Alb. & Schwein.) Singer	CA	Lac Neigette sud, Lac-Beauport.	Québec	PRESENT		ff7bd5db-b724-4932-b496-10ea298851f9	46.949694	-71.300041	450.0						2007-07-10	10	7	2007	3321205	3321205	PRESERVED_SPECIMEN	Université de Montréal Biodiversity Centre	CMMF	CMMF009511	1095	Labrecque, Jacqueline		CC0_1_0	Université de Montréal Biodiversity Centre	Labrecque, Jacqueline			2024-01-24T16:38:21.728Z		INSTITUTION_MATCH_FUZZY;COLLECTION_MATCH_FUZZY;DIFFERENT_OWNER_INSTITUTION
1135070672	21705170-d2b6-42de-8904-c3bca4b83591	CMMF009214	Fungi	Basidiomycota	Agaricomycetes	Agaricales	Omphalotaceae	Rhodocollybia	Rhodocollybia maculata		SPECIES	Rhodocollybia maculata (Alb. & Schwein.) Singer	Rhodocollybia maculata (Alb. & Schwein.) Singer	(Alb. & Schwein.) Singer	CA	Côte Bédard, Québec.	Québec	PRESENT		ff7bd5db-b724-4932-b496-10ea298851f9	46.907478	-71.312257	1000.0						2006-09-16	16	9	2006	3321205	3321205	PRESERVED_SPECIMEN	Université de Montréal Biodiversity Centre	CMMF	CMMF009214	798	Labrecque, Jacqueline		CC0_1_0	Université de Montréal Biodiversity Centre	Labrecque, Jacqueline			2024-01-24T16:38:21.483Z		INSTITUTION_MATCH_FUZZY;COLLECTION_MATCH_FUZZY;DIFFERENT_OWNER_INSTITUTION
1135070409	21705170-d2b6-42de-8904-c3bca4b83591	CMMF008984	Fungi	Basidiomycota	Agaricomycetes	Agaricales	Omphalotaceae	Rhodocollybia	Rhodocollybia maculata	scorzonerea	VARIETY	Rhodocollybia maculata var. scorzonerea (Fr.) Lennox	Rhodocollybia maculata var. scorzonerea (Fr.) Lennox	(Fr.) Lennox	CA	Sentier Vallée Autrichienne, Lac-Beauport.	Québec	PRESENT		ff7bd5db-b724-4932-b496-10ea298851f9	46.953091	-71.275238	5000.0						2006-08-17	17	8	2006	8629926	3321205	PRESERVED_SPECIMEN	Université de Montréal Biodiversity Centre	CMMF	CMMF008984	567	Labrecque, Jacqueline		CC0_1_0	Université de Montréal Biodiversity Centre	Labrecque, Jacqueline			2024-01-24T16:38:18.982Z		INSTITUTION_MATCH_FUZZY;COLLECTION_MATCH_FUZZY;DIFFERENT_OWNER_INSTITUTION
1135070285	21705170-d2b6-42de-8904-c3bca4b83591	CMMF008800	Fungi	Basidiomycota	Agaricomycetes	Agaricales	Omphalotaceae	Rhodocollybia	Rhodocollybia maculata		SPECIES	Rhodocollybia maculata (Alb. & Schwein.) Singer	Rhodocollybia maculata (Alb. & Schwein.) Singer	(Alb. & Schwein.) Singer	CA	Pinède Rourke, Lac-Beauport.	Québec	PRESENT		ff7bd5db-b724-4932-b496-10ea298851f9	46.953091	-71.275238	5000.0						2006-07-25	25	7	2006	3321205	3321205	PRESERVED_SPECIMEN	Université de Montréal Biodiversity Centre	CMMF	CMMF008800	382	Labrecque, Jacqueline		CC0_1_0	Université de Montréal Biodiversity Centre	Labrecque, Jacqueline			2024-01-24T16:38:18.861Z		INSTITUTION_MATCH_FUZZY;COLLECTION_MATCH_FUZZY;DIFFERENT_OWNER_INSTITUTION
1135070251	21705170-d2b6-42de-8904-c3bca4b83591	CMMF008793	Fungi	Basidiomycota	Agaricomycetes	Agaricales	Omphalotaceae	Rhodocollybia	Rhodocollybia maculata		SPECIES	Rhodocollybia maculata (Alb. & Schwein.) Singer	Rhodocollybia maculata (Alb. & Schwein.) Singer	(Alb. & Schwein.) Singer	CA	Chemin du Cailou, Lac-Beauport.	Québec	PRESENT		ff7bd5db-b724-4932-b496-10ea298851f9	47.000553	-71.309613	400.0						2006-07-24	24	7	2006	3321205	3321205	PRESERVED_SPECIMEN	Université de Montréal Biodiversity Centre	CMMF	CMMF008793	375	Labrecque, Jacqueline		CC0_1_0	Université de Montréal Biodiversity Centre	Labrecque, Jacqueline			2024-01-24T16:38:18.836Z		INSTITUTION_MATCH_FUZZY;COLLECTION_MATCH_FUZZY;DIFFERENT_OWNER_INSTITUTION
1135070210	21705170-d2b6-42de-8904-c3bca4b83591	CMMF008719	Fungi	Basidiomycota	Agaricomycetes	Agaricales	Omphalotaceae	Rhodocollybia	Rhodocollybia maculata		SPECIES	Rhodocollybia maculata (Alb. & Schwein.) Singer	Rhodocollybia maculata (Alb. & Schwein.) Singer	(Alb. & Schwein.) Singer	CA	Chemin du Caillou (Éperon), Lac-Beauport.	Québec	PRESENT		ff7bd5db-b724-4932-b496-10ea298851f9	46.988318	-71.326007	1000.0						2006-07-08	8	7	2006	3321205	3321205	PRESERVED_SPECIMEN	Université de Montréal Biodiversity Centre	CMMF	CMMF008719	300	Labrecque, Jacqueline		CC0_1_0	Université de Montréal Biodiversity Centre	Labrecque, Jacqueline			2024-01-24T16:38:18.777Z	StillImage	INSTITUTION_MATCH_FUZZY;COLLECTION_MATCH_FUZZY;DIFFERENT_OWNER_INSTITUTION
1135069780	21705170-d2b6-42de-8904-c3bca4b83591	CMMF008317	Fungi	Basidiomycota	Agaricomycetes	Agaricales	Omphalotaceae	Rhodocollybia	Rhodocollybia maculata	scorzonerea	VARIETY	Rhodocollybia maculata var. scorzonerea (Fr.) Lennox	Rhodocollybia maculata var. scorzonerea (Fr.) Lennox	(Fr.) Lennox	CA	Parc de la Gaspésie (sortie sud)	Québec	PRESENT		ff7bd5db-b724-4932-b496-10ea298851f9	48.856883	-66.20075	100.0						2012-08-10	10	8	2012	8629926	3321205	PRESERVED_SPECIMEN	Université de Montréal Biodiversity Centre	CMMF	CMMF008317	C4029	McNeil, Raymond		CC0_1_0	Université de Montréal Biodiversity Centre	McNeil, Raymond			2024-01-24T16:38:17.790Z		COORDINATE_ROUNDED;INSTITUTION_MATCH_FUZZY;COLLECTION_MATCH_FUZZY;DIFFERENT_OWNER_INSTITUTION
1135069623	21705170-d2b6-42de-8904-c3bca4b83591	CMMF008115	Fungi	Basidiomycota	Agaricomycetes	Agaricales	Omphalotaceae	Rhodocollybia	Rhodocollybia maculata	maculata	VARIETY	Rhodocollybia maculata var. maculata	Rhodocollybia maculata var. maculata (Alb. & Schwein.) Singer	(Alb. & Schwein.) Singer	CA	Sacré-coeur, Saguenay	Québec	PRESENT		ff7bd5db-b724-4932-b496-10ea298851f9	48.220517	-69.805233	100.0						1978-07-29	29	7	1978	7073777	3321205	PRESERVED_SPECIMEN	Université de Montréal Biodiversity Centre	CMMF	CMMF008115	Inexistant	McNeil, Raymond		CC0_1_0	Université de Montréal Biodiversity Centre	McNeil, Raymond			2024-01-24T16:38:18.130Z	StillImage	COORDINATE_ROUNDED;INSTITUTION_MATCH_FUZZY;COLLECTION_MATCH_FUZZY;DIFFERENT_OWNER_INSTITUTION
1135069218	21705170-d2b6-42de-8904-c3bca4b83591	CMMF007875	Fungi	Basidiomycota	Agaricomycetes	Agaricales	Omphalotaceae	Rhodocollybia	Rhodocollybia maculata	scorzonerea	VARIETY	Rhodocollybia maculata var. scorzonerea (Fr.) Lennox	Rhodocollybia maculata var. scorzonerea (Fr.) Lennox	(Fr.) Lennox	CA	Ste-Lucie-de-Beauregard	Québec	PRESENT		ff7bd5db-b724-4932-b496-10ea298851f9	46.683583	-70.042333	100.0						1979-07-07	7	7	1979	8629926	3321205	PRESERVED_SPECIMEN	Université de Montréal Biodiversity Centre	CMMF	CMMF007875	Inexistant	McNeil, Raymond		CC0_1_0	Université de Montréal Biodiversity Centre	McNeil, Raymond			2024-01-24T16:38:14.818Z	StillImage	COORDINATE_ROUNDED;INSTITUTION_MATCH_FUZZY;COLLECTION_MATCH_FUZZY;DIFFERENT_OWNER_INSTITUTION
1135068384	21705170-d2b6-42de-8904-c3bca4b83591	CMMF006898	Fungi	Basidiomycota	Agaricomycetes	Agaricales	Omphalotaceae	Rhodocollybia	Rhodocollybia maculata	maculata	VARIETY	Rhodocollybia maculata var. maculata	Rhodocollybia maculata var. maculata (Alb. & Schwein.) Singer	(Alb. & Schwein.) Singer	CA	Lachute	Québec	PRESENT		ff7bd5db-b724-4932-b496-10ea298851f9	45.66275	-74.241983	100.0						2005-08-29	29	8	2005	7073777	3321205	PRESERVED_SPECIMEN	Université de Montréal Biodiversity Centre	CMMF	CMMF006898	C2375	McNeil, Raymond		CC0_1_0	Université de Montréal Biodiversity Centre	McNeil, Raymond			2024-01-24T16:38:18.683Z	StillImage	COORDINATE_ROUNDED;INSTITUTION_MATCH_FUZZY;COLLECTION_MATCH_FUZZY;DIFFERENT_OWNER_INSTITUTION
1135068360	21705170-d2b6-42de-8904-c3bca4b83591	CMMF006873	Fungi	Basidiomycota	Agaricomycetes	Agaricales	Omphalotaceae	Rhodocollybia	Rhodocollybia maculata		SPECIES	Rhodocollybia maculata (Alb. & Schwein.) Singer	Rhodocollybia maculata (Alb. & Schwein.) Singer	(Alb. & Schwein.) Singer	CA	Lachute	Québec	PRESENT		ff7bd5db-b724-4932-b496-10ea298851f9	45.66275	-74.241983	100.0						2004-09-20	20	9	2004	3321205	3321205	PRESERVED_SPECIMEN	Université de Montréal Biodiversity Centre	CMMF	CMMF006873	C2034	McNeil, Raymond		CC0_1_0	Université de Montréal Biodiversity Centre	McNeil, Raymond			2024-01-24T16:38:18.673Z	StillImage	COORDINATE_ROUNDED;INSTITUTION_MATCH_FUZZY;COLLECTION_MATCH_FUZZY;DIFFERENT_OWNER_INSTITUTION
1135068339	21705170-d2b6-42de-8904-c3bca4b83591	CMMF006962	Fungi	Basidiomycota	Agaricomycetes	Agaricales	Omphalotaceae	Rhodocollybia	Rhodocollybia maculata		SPECIES	Rhodocollybia maculata (Alb. & Schwein.) Singer	Rhodocollybia maculata (Alb. & Schwein.) Singer	(Alb. & Schwein.) Singer	CA	Lachute	Québec	PRESENT		ff7bd5db-b724-4932-b496-10ea298851f9	45.66275	-74.241983	100.0						2009-10-06	6	10	2009	3321205	3321205	PRESERVED_SPECIMEN	Université de Montréal Biodiversity Centre	CMMF	CMMF006962	C3592	McNeil, Raymond		CC0_1_0	Université de Montréal Biodiversity Centre	McNeil, Raymond			2024-01-24T16:38:19.596Z	StillImage	COORDINATE_ROUNDED;INSTITUTION_MATCH_FUZZY;COLLECTION_MATCH_FUZZY;DIFFERENT_OWNER_INSTITUTION
1135068191	21705170-d2b6-42de-8904-c3bca4b83591	CMMF006691	Fungi	Basidiomycota	Agaricomycetes	Agaricales	Omphalotaceae	Rhodocollybia	Rhodocollybia maculata	maculata	VARIETY	Rhodocollybia maculata var. maculata	Rhodocollybia maculata var. maculata (Alb. & Schwein.) Singer	(Alb. & Schwein.) Singer	CA	Mirabel	Québec	PRESENT		ff7bd5db-b724-4932-b496-10ea298851f9	45.683917	-74.2185	100.0						2004-09-15	15	9	2004	7073777	3321205	PRESERVED_SPECIMEN	Université de Montréal Biodiversity Centre	CMMF	CMMF006691	C2009	McNeil, Raymond		CC0_1_0	Université de Montréal Biodiversity Centre	McNeil, Raymond			2024-01-24T16:38:18.493Z	StillImage	COORDINATE_ROUNDED;INSTITUTION_MATCH_FUZZY;COLLECTION_MATCH_FUZZY;DIFFERENT_OWNER_INSTITUTION
