gbifID	datasetKey	occurrenceID	kingdom	phylum	class	order	family	genus	species	infraspecificEpithet	taxonRank	scientificName	verbatimScientificName	verbatimScientificNameAuthorship	countryCode	locality	stateProvince	occurrenceStatus	individualCount	publishingOrgKey	decimalLatitude	decimalLongitude	coordinateUncertaintyInMeters	coordinatePrecision	elevation	elevationAccuracy	depth	depthAccuracy	eventDate	day	month	year	taxonKey	speciesKey	basisOfRecord	institutionCode	collectionCode	catalogNumber	recordNumber	identifiedBy	dateIdentified	license	rightsHolder	recordedBy	typeStatus	establishmentMeans	lastInterpreted	mediaType	issue
617548069	21705170-d2b6-42de-8904-c3bca4b83591	CMMF001245	Fungi	Basidiomycota	Agaricomycetes	Polyporales	Polyporaceae	Lentinus	Lentinus levis		SPECIES	Pleurotus levis (Berk. & M.A.Curtis) Singer	Pleurotus levis (Berk. & M.A. Curtis) Singer	(Berk. & M.A. Curtis) Singer	CA	Saint-Hippolyte	Québec	PRESENT		ff7bd5db-b724-4932-b496-10ea298851f9	45.931985	-74.025434	13000.0						1990-09-23	23	9	1990	2545531	2545525	PRESERVED_SPECIMEN	Université de Montréal Biodiversity Centre	CMMF	CMMF001245		Lamoureux, Yves		CC0_1_0	Université de Montréal Biodiversity Centre	unknown			2024-01-24T16:38:16.552Z	StillImage	INSTITUTION_MATCH_FUZZY;COLLECTION_MATCH_FUZZY;DIFFERENT_OWNER_INSTITUTION
4980446115	50c9509d-22c7-4a22-a47d-8c48425ef4a7	https://www.inaturalist.org/observations/239038127	Fungi	Basidiomycota	Agaricomycetes	Polyporales	Polyporaceae	Lentinus	Lentinus levis		SPECIES	Pleurotus levis (Berk. & M.A.Curtis) Singer	Pleurotus levis		CA		Québec	PRESENT		28eb1a3f-1c15-4a95-931a-4af90ecb574d	46.089436	-75.688026	488.0						2024-08-27T16:30	27	8	2024	2545531	2545525	HUMAN_OBSERVATION	iNaturalist	Observations	239038127		Adam Gordon	2024-08-31T23:45:00	CC_BY_NC_4_0	Mario St-Gelais	Mario St-Gelais			2025-01-14T12:53:15.375Z	StillImage	COORDINATE_ROUNDED;CONTINENT_DERIVED_FROM_COORDINATES;TAXON_MATCH_TAXON_ID_IGNORED
4980279606	50c9509d-22c7-4a22-a47d-8c48425ef4a7	https://www.inaturalist.org/observations/57697990	Fungi	Basidiomycota	Agaricomycetes	Polyporales	Polyporaceae	Lentinus	Lentinus levis		SPECIES	Pleurotus levis (Berk. & M.A.Curtis) Singer	Pleurotus levis		CA		Québec	PRESENT		28eb1a3f-1c15-4a95-931a-4af90ecb574d	46.37928	-74.87393							2020-08-26T19:42:01	26	8	2020	2545531	2545525	HUMAN_OBSERVATION	iNaturalist	Observations	57697990		Adam Gordon	2023-02-06T00:42:07	CC_BY_NC_4_0	geoffreyboulange	geoffreyboulange			2025-01-14T12:14:39.894Z	StillImage	CONTINENT_DERIVED_FROM_COORDINATES;TAXON_MATCH_TAXON_ID_IGNORED
4976366836	50c9509d-22c7-4a22-a47d-8c48425ef4a7	https://www.inaturalist.org/observations/235389644	Fungi	Basidiomycota	Agaricomycetes	Polyporales	Polyporaceae	Lentinus	Lentinus levis		SPECIES	Pleurotus levis (Berk. & M.A.Curtis) Singer	Pleurotus levis		CA		Ontario	PRESENT		28eb1a3f-1c15-4a95-931a-4af90ecb574d	45.430331	-77.579028	5.0						2024-08-12T14:56:38	12	8	2024	2545531	2545525	HUMAN_OBSERVATION	iNaturalist	Observations	235389644		Adam Gordon	2024-08-12T23:16:08	CC_BY_NC_4_0	joannadz	joannadz			2025-01-14T12:53:09.134Z	StillImage	COORDINATE_ROUNDED;CONTINENT_DERIVED_FROM_COORDINATES;TAXON_MATCH_TAXON_ID_IGNORED
4974057886	50c9509d-22c7-4a22-a47d-8c48425ef4a7	https://www.inaturalist.org/observations/248046277	Fungi	Basidiomycota	Agaricomycetes	Polyporales	Polyporaceae	Lentinus	Lentinus levis		SPECIES	Pleurotus levis (Berk. & M.A.Curtis) Singer	Pleurotus levis		CA		New Brunswick	PRESENT		28eb1a3f-1c15-4a95-931a-4af90ecb574d	45.983007	-66.757545	20.0						2024-09-09T09:08	9	9	2024	2545531	2545525	HUMAN_OBSERVATION	iNaturalist	Observations	248046277		Adam Gordon	2024-10-19T12:39:17	CC_BY_NC_4_0	Dwayne Sabine	Dwayne Sabine			2025-01-14T12:53:21.140Z	StillImage	COORDINATE_ROUNDED;CONTINENT_DERIVED_FROM_COORDINATES;TAXON_MATCH_TAXON_ID_IGNORED
4973985788	50c9509d-22c7-4a22-a47d-8c48425ef4a7	https://www.inaturalist.org/observations/248317710	Fungi	Basidiomycota	Agaricomycetes	Polyporales	Polyporaceae	Lentinus	Lentinus levis		SPECIES	Pleurotus levis (Berk. & M.A.Curtis) Singer	Pleurotus levis		CA		New Brunswick	PRESENT		28eb1a3f-1c15-4a95-931a-4af90ecb574d	46.305053	-64.576665	8.0						2024-10-20T15:38:02	20	10	2024	2545531	2545525	HUMAN_OBSERVATION	iNaturalist	Observations	248317710		remidonelle	2024-10-20T18:40:16	CC_BY_NC_4_0	remidonelle	remidonelle			2025-01-14T12:55:03.654Z	StillImage	COORDINATE_ROUNDED;CONTINENT_DERIVED_FROM_COORDINATES;TAXON_MATCH_TAXON_ID_IGNORED
4973825406	50c9509d-22c7-4a22-a47d-8c48425ef4a7	https://www.inaturalist.org/observations/247129678	Fungi	Basidiomycota	Agaricomycetes	Polyporales	Polyporaceae	Lentinus	Lentinus levis		SPECIES	Pleurotus levis (Berk. & M.A.Curtis) Singer	Pleurotus levis		CA		Ontario	PRESENT		28eb1a3f-1c15-4a95-931a-4af90ecb574d	45.019147	-79.165353	25.0						2024-10-12T18:17:10	12	10	2024	2545531	2545525	HUMAN_OBSERVATION	iNaturalist	Observations	247129678		Adam Gordon	2024-10-13T18:45:43	CC_BY_NC_4_0	bnjmnrss	bnjmnrss			2025-01-14T12:54:21.761Z	StillImage	COORDINATE_ROUNDED;CONTINENT_DERIVED_FROM_COORDINATES;TAXON_MATCH_TAXON_ID_IGNORED
4973804061	50c9509d-22c7-4a22-a47d-8c48425ef4a7	https://www.inaturalist.org/observations/243197159	Fungi	Basidiomycota	Agaricomycetes	Polyporales	Polyporaceae	Lentinus	Lentinus levis		SPECIES	Pleurotus levis (Berk. & M.A.Curtis) Singer	Pleurotus levis		CA		Ontario	PRESENT		28eb1a3f-1c15-4a95-931a-4af90ecb574d	45.561508	-78.40483	4.0						2024-09-21T10:09:22	21	9	2024	2545531	2545525	HUMAN_OBSERVATION	iNaturalist	Observations	243197159		Adam Gordon	2024-09-21T22:24:16	CC_BY_NC_4_0	avabelrose	avabelrose			2025-01-14T12:54:17.192Z	StillImage	COORDINATE_ROUNDED;CONTINENT_DERIVED_FROM_COORDINATES;TAXON_MATCH_TAXON_ID_IGNORED
4953192940	50c9509d-22c7-4a22-a47d-8c48425ef4a7	https://www.inaturalist.org/observations/245597342	Fungi	Basidiomycota	Agaricomycetes	Polyporales	Polyporaceae	Lentinus	Lentinus levis		SPECIES	Pleurotus levis (Berk. & M.A.Curtis) Singer	Pleurotus levis		CA		New Brunswick	PRESENT		28eb1a3f-1c15-4a95-931a-4af90ecb574d	45.950795	-66.677422							2024-10-04T11:09	4	10	2024	2545531	2545525	HUMAN_OBSERVATION	iNaturalist	Observations	245597342		Andrew MacPherson	2024-10-04T17:06:54	CC0_1_0	Andrew MacPherson	Andrew MacPherson			2025-01-14T13:40:29.254Z	StillImage	COORDINATE_ROUNDED;CONTINENT_DERIVED_FROM_COORDINATES;TAXON_MATCH_TAXON_ID_IGNORED
4950529742	50c9509d-22c7-4a22-a47d-8c48425ef4a7	https://www.inaturalist.org/observations/243667349	Fungi	Basidiomycota	Agaricomycetes	Polyporales	Polyporaceae	Lentinus	Lentinus levis		SPECIES	Pleurotus levis (Berk. & M.A.Curtis) Singer	Pleurotus levis		CA		Québec	PRESENT		28eb1a3f-1c15-4a95-931a-4af90ecb574d	45.416767	-72.673876	8.0						2024-09-22T12:04	22	9	2024	2545531	2545525	HUMAN_OBSERVATION	iNaturalist	Observations	243667349		Adam Gordon	2024-09-25T12:12:44	CC_BY_NC_4_0	robert_thibault	robert_thibault			2025-01-14T13:43:40.244Z	StillImage	COORDINATE_ROUNDED;CONTINENT_DERIVED_FROM_COORDINATES;TAXON_MATCH_TAXON_ID_IGNORED
4950441115	50c9509d-22c7-4a22-a47d-8c48425ef4a7	https://www.inaturalist.org/observations/243404501	Fungi	Basidiomycota	Agaricomycetes	Polyporales	Polyporaceae	Lentinus	Lentinus levis		SPECIES	Pleurotus levis (Berk. & M.A.Curtis) Singer	Pleurotus levis		CA		Ontario	PRESENT		28eb1a3f-1c15-4a95-931a-4af90ecb574d	45.025944	-78.265348	31.0						2021-09-08T10:17	8	9	2021	2545531	2545525	HUMAN_OBSERVATION	iNaturalist	Observations	243404501		PC Smith	2024-09-22T18:32:38	CC_BY_NC_4_0	PC Smith	PC Smith			2025-01-14T12:54:29.184Z	StillImage	COORDINATE_ROUNDED;CONTINENT_DERIVED_FROM_COORDINATES;TAXON_MATCH_TAXON_ID_IGNORED
4950363972	50c9509d-22c7-4a22-a47d-8c48425ef4a7	https://www.inaturalist.org/observations/242657668	Fungi	Basidiomycota	Agaricomycetes	Polyporales	Polyporaceae	Lentinus	Lentinus levis		SPECIES	Pleurotus levis (Berk. & M.A.Curtis) Singer	Pleurotus levis		CA		New Brunswick	PRESENT		28eb1a3f-1c15-4a95-931a-4af90ecb574d	46.305143	-64.576628	4.0						2024-09-19T08:34:07	19	9	2024	2545531	2545525	HUMAN_OBSERVATION	iNaturalist	Observations	242657668		cocagne	2024-09-19T11:35:23	CC_BY_NC_4_0	cocagne	cocagne			2025-01-14T12:49:59.289Z	StillImage	COORDINATE_ROUNDED;CONTINENT_DERIVED_FROM_COORDINATES;TAXON_MATCH_TAXON_ID_IGNORED
4950291895	50c9509d-22c7-4a22-a47d-8c48425ef4a7	https://www.inaturalist.org/observations/243714810	Fungi	Basidiomycota	Agaricomycetes	Polyporales	Polyporaceae	Lentinus	Lentinus levis		SPECIES	Pleurotus levis (Berk. & M.A.Curtis) Singer	Pleurotus levis		CA		Ontario	PRESENT		28eb1a3f-1c15-4a95-931a-4af90ecb574d	45.390228	-79.189831							2024-09-21T12:53:22	21	9	2024	2545531	2545525	HUMAN_OBSERVATION	iNaturalist	Observations	243714810		Adam Gordon	2024-09-24T02:33:38	CC_BY_NC_4_0	evanss	evanss			2025-01-14T13:43:33.014Z	StillImage	COORDINATE_ROUNDED;CONTINENT_DERIVED_FROM_COORDINATES;TAXON_MATCH_TAXON_ID_IGNORED
4946688575	50c9509d-22c7-4a22-a47d-8c48425ef4a7	https://www.inaturalist.org/observations/240961284	Fungi	Basidiomycota	Agaricomycetes	Polyporales	Polyporaceae	Lentinus	Lentinus levis		SPECIES	Pleurotus levis (Berk. & M.A.Curtis) Singer	Pleurotus levis		CA		Ontario	PRESENT		28eb1a3f-1c15-4a95-931a-4af90ecb574d	45.829608	-78.399117	4.0						2024-08-30T12:48:46	30	8	2024	2545531	2545525	HUMAN_OBSERVATION	iNaturalist	Observations	240961284		Peter Simons	2024-09-10T17:08:24	CC0_1_0	Peter Simons	Peter Simons			2025-01-14T12:53:11.017Z		COORDINATE_ROUNDED;CONTINENT_DERIVED_FROM_COORDINATES;TAXON_MATCH_TAXON_ID_IGNORED
4946582817	50c9509d-22c7-4a22-a47d-8c48425ef4a7	https://www.inaturalist.org/observations/240825598	Fungi	Basidiomycota	Agaricomycetes	Polyporales	Polyporaceae	Lentinus	Lentinus levis		SPECIES	Pleurotus levis (Berk. & M.A.Curtis) Singer	Pleurotus levis		CA		Québec	PRESENT		28eb1a3f-1c15-4a95-931a-4af90ecb574d	45.389955	-72.725284	977.0						2024-08-17T18:27	17	8	2024	2545531	2545525	HUMAN_OBSERVATION	iNaturalist	Observations	240825598		Antoine Fortin	2024-09-09T21:09:26	CC_BY_NC_4_0	Antoine Fortin	Antoine Fortin			2025-01-14T12:54:15.283Z	StillImage	COORDINATE_ROUNDED;CONTINENT_DERIVED_FROM_COORDINATES;TAXON_MATCH_TAXON_ID_IGNORED
4946096908	50c9509d-22c7-4a22-a47d-8c48425ef4a7	https://www.inaturalist.org/observations/240057870	Fungi	Basidiomycota	Agaricomycetes	Polyporales	Polyporaceae	Lentinus	Lentinus levis		SPECIES	Pleurotus levis (Berk. & M.A.Curtis) Singer	Pleurotus levis		CA		Ontario	PRESENT		28eb1a3f-1c15-4a95-931a-4af90ecb574d	45.354305	-75.234113	5.0						2024-09-05T16:12:04	5	9	2024	2545531	2545525	HUMAN_OBSERVATION	iNaturalist	Observations	240057870		Lynn Ovenden	2024-09-06T00:13:10	CC_BY_NC_4_0	Lynn Ovenden	Lynn Ovenden			2025-01-14T13:43:08.207Z	StillImage	COORDINATE_ROUNDED;CONTINENT_DERIVED_FROM_COORDINATES;TAXON_MATCH_TAXON_ID_IGNORED
4945911324	50c9509d-22c7-4a22-a47d-8c48425ef4a7	https://www.inaturalist.org/observations/240611183	Fungi	Basidiomycota	Agaricomycetes	Polyporales	Polyporaceae	Lentinus	Lentinus levis		SPECIES	Pleurotus levis (Berk. & M.A.Curtis) Singer	Pleurotus levis		CA		Ontario	PRESENT		28eb1a3f-1c15-4a95-931a-4af90ecb574d	45.376504	-75.191372	16000.0						2024-09-08T15:32:10	8	9	2024	2545531	2545525	HUMAN_OBSERVATION	iNaturalist	Observations	240611183		Adam Gordon	2024-09-08T19:35:52	CC_BY_NC_4_0	Samantha McFarlane	Samantha McFarlane			2025-01-14T13:47:18.495Z	StillImage	COORDINATE_ROUNDED;CONTINENT_DERIVED_FROM_COORDINATES;TAXON_MATCH_TAXON_ID_IGNORED
4937245359	50c9509d-22c7-4a22-a47d-8c48425ef4a7	https://www.inaturalist.org/observations/239189687	Fungi	Basidiomycota	Agaricomycetes	Polyporales	Polyporaceae	Lentinus	Lentinus levis		SPECIES	Pleurotus levis (Berk. & M.A.Curtis) Singer	Pleurotus levis		CA		Québec	PRESENT		28eb1a3f-1c15-4a95-931a-4af90ecb574d	45.799631	-71.572136							2024-08-28T09:49	28	8	2024	2545531	2545525	HUMAN_OBSERVATION	iNaturalist	Observations	239189687		Martine Lapointe	2024-09-01T15:11:54	CC_BY_4_0	Martine Lapointe	Martine Lapointe			2025-01-14T13:47:46.599Z	StillImage	COORDINATE_ROUNDED;CONTINENT_DERIVED_FROM_COORDINATES;TAXON_MATCH_TAXON_ID_IGNORED
4937129681	50c9509d-22c7-4a22-a47d-8c48425ef4a7	https://www.inaturalist.org/observations/238018444	Fungi	Basidiomycota	Agaricomycetes	Polyporales	Polyporaceae	Lentinus	Lentinus levis		SPECIES	Pleurotus levis (Berk. & M.A.Curtis) Singer	Pleurotus levis		CA		Ontario	PRESENT		28eb1a3f-1c15-4a95-931a-4af90ecb574d	45.585051	-78.411907	4.0						2024-08-13T17:21:58	13	8	2024	2545531	2545525	HUMAN_OBSERVATION	iNaturalist	Observations	238018444		Vicki McKay	2024-08-26T05:55:19	CC_BY_NC_4_0	Vicki McKay	Vicki McKay			2025-01-14T12:52:16.003Z	StillImage	COORDINATE_ROUNDED;CONTINENT_DERIVED_FROM_COORDINATES;TAXON_MATCH_TAXON_ID_IGNORED
4936929317	50c9509d-22c7-4a22-a47d-8c48425ef4a7	https://www.inaturalist.org/observations/239230744	Fungi	Basidiomycota	Agaricomycetes	Polyporales	Polyporaceae	Lentinus	Lentinus levis		SPECIES	Pleurotus levis (Berk. & M.A.Curtis) Singer	Pleurotus levis		CA		Ontario	PRESENT		28eb1a3f-1c15-4a95-931a-4af90ecb574d	45.225642	-78.936344							2024-09-01T13:24:22	1	9	2024	2545531	2545525	HUMAN_OBSERVATION	iNaturalist	Observations	239230744		Hayley Bell	2024-09-01T18:11:52	CC_BY_NC_4_0	Hayley Bell	Hayley Bell			2025-01-14T13:43:10.329Z	StillImage	COORDINATE_ROUNDED;CONTINENT_DERIVED_FROM_COORDINATES;TAXON_MATCH_TAXON_ID_IGNORED
4936487723	50c9509d-22c7-4a22-a47d-8c48425ef4a7	https://www.inaturalist.org/observations/237206693	Fungi	Basidiomycota	Agaricomycetes	Polyporales	Polyporaceae	Lentinus	Lentinus levis		SPECIES	Pleurotus levis (Berk. & M.A.Curtis) Singer	Pleurotus levis		CA		Ontario	PRESENT		28eb1a3f-1c15-4a95-931a-4af90ecb574d	45.529322	-78.707078	18.0						2024-08-11T14:52:14	11	8	2024	2545531	2545525	HUMAN_OBSERVATION	iNaturalist	Observations	237206693		Adam Gordon	2024-08-26T18:30:44	CC_BY_NC_4_0	k8_berry	k8_berry			2025-01-14T13:41:58.409Z	StillImage	COORDINATE_ROUNDED;CONTINENT_DERIVED_FROM_COORDINATES;TAXON_MATCH_TAXON_ID_IGNORED
4936095694	50c9509d-22c7-4a22-a47d-8c48425ef4a7	https://www.inaturalist.org/observations/237876421	Fungi	Basidiomycota	Agaricomycetes	Polyporales	Polyporaceae	Lentinus	Lentinus levis		SPECIES	Pleurotus levis (Berk. & M.A.Curtis) Singer	Pleurotus levis		CA		Ontario	PRESENT		28eb1a3f-1c15-4a95-931a-4af90ecb574d	45.528182	-78.706974	4.0						2024-08-25T11:44:52	25	8	2024	2545531	2545525	HUMAN_OBSERVATION	iNaturalist	Observations	237876421		Sarah Lamond	2024-08-25T15:45:33	CC_BY_NC_4_0	Sarah Lamond	Sarah Lamond			2025-01-14T13:43:31.480Z	StillImage	COORDINATE_ROUNDED;CONTINENT_DERIVED_FROM_COORDINATES;TAXON_MATCH_TAXON_ID_IGNORED
4935732603	50c9509d-22c7-4a22-a47d-8c48425ef4a7	https://www.inaturalist.org/observations/237577912	Fungi	Basidiomycota	Agaricomycetes	Polyporales	Polyporaceae	Lentinus	Lentinus levis		SPECIES	Pleurotus levis (Berk. & M.A.Curtis) Singer	Pleurotus levis		CA		Ontario	PRESENT		28eb1a3f-1c15-4a95-931a-4af90ecb574d	45.291041	-75.810525	50.0						2024-08-22T18:24	22	8	2024	2545531	2545525	HUMAN_OBSERVATION	iNaturalist	Observations	237577912		Serguei Ponomarenko	2024-08-24T03:54:04	CC_BY_NC_4_0	Serguei Ponomarenko	Serguei Ponomarenko			2025-01-14T12:53:59.584Z	StillImage	COORDINATE_ROUNDED;CONTINENT_DERIVED_FROM_COORDINATES;TAXON_MATCH_TAXON_ID_IGNORED
4935712206	50c9509d-22c7-4a22-a47d-8c48425ef4a7	https://www.inaturalist.org/observations/135557880	Fungi	Basidiomycota	Agaricomycetes	Polyporales	Polyporaceae	Lentinus	Lentinus levis		SPECIES	Pleurotus levis (Berk. & M.A.Curtis) Singer	Pleurotus levis		CA		Québec	PRESENT		28eb1a3f-1c15-4a95-931a-4af90ecb574d	45.532979	-75.928465	16.0						2022-09-18T14:01:47	18	9	2022	2545531	2545525	HUMAN_OBSERVATION	iNaturalist	Observations	135557880				CC_BY_4_0	adamfritz	adamfritz			2025-01-14T13:25:25.925Z	StillImage	COORDINATE_ROUNDED;CONTINENT_DERIVED_FROM_COORDINATES;TAXON_MATCH_TAXON_ID_IGNORED
4926346153	50c9509d-22c7-4a22-a47d-8c48425ef4a7	https://www.inaturalist.org/observations/226179442	Fungi	Basidiomycota	Agaricomycetes	Polyporales	Polyporaceae	Lentinus	Lentinus levis		SPECIES	Pleurotus levis (Berk. & M.A.Curtis) Singer	Pleurotus levis		CA		New Brunswick	PRESENT		28eb1a3f-1c15-4a95-931a-4af90ecb574d	46.83705	-64.976926	9.0						2024-06-26T15:28:45	26	6	2024	2545531	2545525	HUMAN_OBSERVATION	iNaturalist	Observations	226179442		Adam Gordon	2024-06-30T16:55:49	CC_BY_NC_4_0	emiliefontainee	emiliefontainee			2025-01-14T13:41:38.782Z	StillImage	COORDINATE_ROUNDED;CONTINENT_DERIVED_FROM_COORDINATES;TAXON_MATCH_TAXON_ID_IGNORED
4923875373	50c9509d-22c7-4a22-a47d-8c48425ef4a7	https://www.inaturalist.org/observations/234184804	Fungi	Basidiomycota	Agaricomycetes	Polyporales	Polyporaceae	Lentinus	Lentinus levis		SPECIES	Pleurotus levis (Berk. & M.A.Curtis) Singer	Pleurotus levis		CA		Ontario	PRESENT		28eb1a3f-1c15-4a95-931a-4af90ecb574d	45.529352	-78.707173	197.0						2024-08-06T13:48:02	6	8	2024	2545531	2545525	HUMAN_OBSERVATION	iNaturalist	Observations	234184804		Adam Gordon	2024-08-06T19:33:41	CC_BY_NC_4_0	Darian Carpenter	Darian Carpenter			2025-01-14T13:43:06.454Z	StillImage	COORDINATE_ROUNDED;CONTINENT_DERIVED_FROM_COORDINATES;TAXON_MATCH_TAXON_ID_IGNORED
4923640606	50c9509d-22c7-4a22-a47d-8c48425ef4a7	https://www.inaturalist.org/observations/235223496	Fungi	Basidiomycota	Agaricomycetes	Polyporales	Polyporaceae	Lentinus	Lentinus levis		SPECIES	Pleurotus levis (Berk. & M.A.Curtis) Singer	Pleurotus levis		CA		Québec	PRESENT		28eb1a3f-1c15-4a95-931a-4af90ecb574d	45.656333	-72.96577							2024-08-11T17:00:26	11	8	2024	2545531	2545525	HUMAN_OBSERVATION	iNaturalist	Observations	235223496		Adam Gordon	2024-08-12T01:44:14	CC_BY_NC_4_0	egrenier	egrenier			2025-01-14T13:42:40.693Z	StillImage	COORDINATE_ROUNDED;CONTINENT_DERIVED_FROM_COORDINATES;TAXON_MATCH_TAXON_ID_IGNORED
4921909085	50c9509d-22c7-4a22-a47d-8c48425ef4a7	https://www.inaturalist.org/observations/234212583	Fungi	Basidiomycota	Agaricomycetes	Polyporales	Polyporaceae	Lentinus	Lentinus levis		SPECIES	Pleurotus levis (Berk. & M.A.Curtis) Singer	Pleurotus levis		CA		Ontario	PRESENT		28eb1a3f-1c15-4a95-931a-4af90ecb574d	45.485476	-76.220639	1688.0						2024-08-06T11:07:33	6	8	2024	2545531	2545525	HUMAN_OBSERVATION	iNaturalist	Observations	234212583		janesly	2024-08-06T20:31:51	CC_BY_NC_4_0	janesly	janesly			2025-01-14T12:51:05.220Z	StillImage	COORDINATE_ROUNDED;CONTINENT_DERIVED_FROM_COORDINATES;TAXON_MATCH_TAXON_ID_IGNORED
4921830983	50c9509d-22c7-4a22-a47d-8c48425ef4a7	https://www.inaturalist.org/observations/234059763	Fungi	Basidiomycota	Agaricomycetes	Polyporales	Polyporaceae	Lentinus	Lentinus levis		SPECIES	Pleurotus levis (Berk. & M.A.Curtis) Singer	Pleurotus levis		CA		Québec	PRESENT		28eb1a3f-1c15-4a95-931a-4af90ecb574d	45.813937	-77.028179	31.0						2024-08-05T21:01	5	8	2024	2545531	2545525	HUMAN_OBSERVATION	iNaturalist	Observations	234059763		Adam Gordon	2024-08-06T11:56:01	CC_BY_NC_4_0	oleq	oleq			2025-01-14T12:52:27.120Z	StillImage	COORDINATE_ROUNDED;CONTINENT_DERIVED_FROM_COORDINATES;TAXON_MATCH_TAXON_ID_IGNORED
4921536495	50c9509d-22c7-4a22-a47d-8c48425ef4a7	https://www.inaturalist.org/observations/233765821	Fungi	Basidiomycota	Agaricomycetes	Polyporales	Polyporaceae	Lentinus	Lentinus levis		SPECIES	Pleurotus levis (Berk. & M.A.Curtis) Singer	Pleurotus levis		CA		Québec	PRESENT		28eb1a3f-1c15-4a95-931a-4af90ecb574d	45.394094	-73.764421	61.0						2024-08-04T09:21	4	8	2024	2545531	2545525	HUMAN_OBSERVATION	iNaturalist	Observations	233765821		Adam Gordon	2024-08-04T19:22:25	CC_BY_NC_4_0	tom1989	tom1989			2025-01-14T12:52:29.171Z	StillImage	COORDINATE_ROUNDED;CONTINENT_DERIVED_FROM_COORDINATES;TAXON_MATCH_TAXON_ID_IGNORED
4921463064	50c9509d-22c7-4a22-a47d-8c48425ef4a7	https://www.inaturalist.org/observations/233390099	Fungi	Basidiomycota	Agaricomycetes	Polyporales	Polyporaceae	Lentinus	Lentinus levis		SPECIES	Pleurotus levis (Berk. & M.A.Curtis) Singer	Pleurotus levis		CA		Ontario	PRESENT		28eb1a3f-1c15-4a95-931a-4af90ecb574d	45.572472	-77.323272	4.0						2024-08-02T20:20:27	2	8	2024	2545531	2545525	HUMAN_OBSERVATION	iNaturalist	Observations	233390099		mushana	2024-08-03T00:44:17	CC_BY_NC_4_0	mushana	mushana			2025-01-14T12:51:13.269Z	StillImage	COORDINATE_ROUNDED;CONTINENT_DERIVED_FROM_COORDINATES;TAXON_MATCH_TAXON_ID_IGNORED
4903966165	50c9509d-22c7-4a22-a47d-8c48425ef4a7	https://www.inaturalist.org/observations/225399485	Fungi	Basidiomycota	Agaricomycetes	Polyporales	Polyporaceae	Lentinus	Lentinus levis		SPECIES	Pleurotus levis (Berk. & M.A.Curtis) Singer	Pleurotus levis		CA		Québec	PRESENT		28eb1a3f-1c15-4a95-931a-4af90ecb574d	45.872811	-76.4339	501.0						2024-06-25T18:11	25	6	2024	2545531	2545525	HUMAN_OBSERVATION	iNaturalist	Observations	225399485		L Joan Heyding	2024-06-26T22:32:12	CC_BY_NC_4_0	L Joan Heyding	L Joan Heyding			2025-01-14T12:48:01.239Z	StillImage	COORDINATE_ROUNDED;CONTINENT_DERIVED_FROM_COORDINATES;TAXON_MATCH_TAXON_ID_IGNORED
4892249222	50c9509d-22c7-4a22-a47d-8c48425ef4a7	https://www.inaturalist.org/observations/200678810	Fungi	Basidiomycota	Agaricomycetes	Polyporales	Polyporaceae	Lentinus	Lentinus levis		SPECIES	Pleurotus levis (Berk. & M.A.Curtis) Singer	Pleurotus levis		CA		Ontario	PRESENT		28eb1a3f-1c15-4a95-931a-4af90ecb574d	45.272658	-76.819639	30.0						2022-10-01T14:46	1	10	2022	2545531	2545525	HUMAN_OBSERVATION	iNaturalist	Observations	200678810		Adam Gordon	2024-02-28T19:34:55	CC_BY_NC_4_0	bogend	bogend			2025-01-14T13:31:32.157Z	StillImage	COORDINATE_ROUNDED;CONTINENT_DERIVED_FROM_COORDINATES;TAXON_MATCH_TAXON_ID_IGNORED
4892114776	50c9509d-22c7-4a22-a47d-8c48425ef4a7	https://www.inaturalist.org/observations/57179057	Fungi	Basidiomycota	Agaricomycetes	Polyporales	Polyporaceae	Lentinus	Lentinus levis		SPECIES	Pleurotus levis (Berk. & M.A.Curtis) Singer	Pleurotus levis		CA		Ontario	PRESENT		28eb1a3f-1c15-4a95-931a-4af90ecb574d	45.886333	-77.633012	4.0						2020-08-21T15:00:37	21	8	2020	2545531	2545525	HUMAN_OBSERVATION	iNaturalist	Observations	57179057		Adam Gordon	2023-02-09T02:24:18	CC_BY_NC_4_0	dragonfly36	dragonfly36			2025-01-14T13:09:56.740Z	StillImage	COORDINATE_ROUNDED;CONTINENT_DERIVED_FROM_COORDINATES;TAXON_MATCH_TAXON_ID_IGNORED
4892078682	50c9509d-22c7-4a22-a47d-8c48425ef4a7	https://www.inaturalist.org/observations/214776083	Fungi	Basidiomycota	Agaricomycetes	Polyporales	Polyporaceae	Lentinus	Lentinus levis		SPECIES	Pleurotus levis (Berk. & M.A.Curtis) Singer	Pleurotus levis		CA		Ontario	PRESENT		28eb1a3f-1c15-4a95-931a-4af90ecb574d	45.426873	-77.633209	50.0						2018-08-16	16	8	2018	2545531	2545525	HUMAN_OBSERVATION	iNaturalist	Observations	214776083		Adam Gordon	2024-05-10T16:20:52	CC_BY_NC_4_0	Daryl Coulson	Daryl Coulson			2025-01-14T13:31:39.024Z	StillImage	COORDINATE_ROUNDED;CONTINENT_DERIVED_FROM_COORDINATES;TAXON_MATCH_TAXON_ID_IGNORED
4892057566	50c9509d-22c7-4a22-a47d-8c48425ef4a7	https://www.inaturalist.org/observations/181123973	Fungi	Basidiomycota	Agaricomycetes	Polyporales	Polyporaceae	Lentinus	Lentinus levis		SPECIES	Pleurotus levis (Berk. & M.A.Curtis) Singer	Pleurotus levis		CA		Ontario	PRESENT		28eb1a3f-1c15-4a95-931a-4af90ecb574d	45.069246	-78.062941	1891.0						2023-08-28T17:52	28	8	2023	2545531	2545525	HUMAN_OBSERVATION	iNaturalist	Observations	181123973		Adam Gordon	2023-08-31T23:38:57	CC_BY_NC_4_0	jmass	jmass			2025-01-14T13:32:21.476Z	StillImage	COORDINATE_ROUNDED;CONTINENT_DERIVED_FROM_COORDINATES;TAXON_MATCH_TAXON_ID_IGNORED
4892029048	50c9509d-22c7-4a22-a47d-8c48425ef4a7	https://www.inaturalist.org/observations/90402412	Fungi	Basidiomycota	Agaricomycetes	Polyporales	Polyporaceae	Lentinus	Lentinus levis		SPECIES	Pleurotus levis (Berk. & M.A.Curtis) Singer	Pleurotus levis		CA		Ontario	PRESENT		28eb1a3f-1c15-4a95-931a-4af90ecb574d	46.19073	-77.847267	6.0						2021-08-07T12:04:59	7	8	2021	2545531	2545525	HUMAN_OBSERVATION	iNaturalist	Observations	90402412		Adam Gordon	2023-02-08T13:24:58	CC_BY_NC_4_0	jamiekmac	jamiekmac			2025-01-14T13:13:31.939Z	StillImage	COORDINATE_ROUNDED;CONTINENT_DERIVED_FROM_COORDINATES;TAXON_MATCH_TAXON_ID_IGNORED
4891979183	50c9509d-22c7-4a22-a47d-8c48425ef4a7	https://www.inaturalist.org/observations/182982229	Fungi	Basidiomycota	Agaricomycetes	Polyporales	Polyporaceae	Lentinus	Lentinus levis		SPECIES	Pleurotus levis (Berk. & M.A.Curtis) Singer	Pleurotus levis		CA		Ontario	PRESENT		28eb1a3f-1c15-4a95-931a-4af90ecb574d	45.283989	-75.876	6.0						2023-09-12T15:07:05	12	9	2023	2545531	2545525	HUMAN_OBSERVATION	iNaturalist	Observations	182982229		Adam Gordon	2023-09-12T19:11:19	CC_BY_NC_4_0	tetwellcwf	tetwellcwf			2025-01-14T13:32:37.605Z	StillImage	COORDINATE_ROUNDED;CONTINENT_DERIVED_FROM_COORDINATES;TAXON_MATCH_TAXON_ID_IGNORED
4891875191	50c9509d-22c7-4a22-a47d-8c48425ef4a7	https://www.inaturalist.org/observations/184949641	Fungi	Basidiomycota	Agaricomycetes	Polyporales	Polyporaceae	Lentinus	Lentinus levis		SPECIES	Pleurotus levis (Berk. & M.A.Curtis) Singer	Pleurotus levis		CA		Ontario	PRESENT		28eb1a3f-1c15-4a95-931a-4af90ecb574d	45.328043	-75.741601	140.0						2023-09-25T14:57:59	25	9	2023	2545531	2545525	HUMAN_OBSERVATION	iNaturalist	Observations	184949641		Adam Gordon	2023-09-26T12:47:51	CC_BY_NC_4_0	Heather Pickard	Heather Pickard			2025-01-14T12:45:15.899Z	StillImage	COORDINATE_ROUNDED;CONTINENT_DERIVED_FROM_COORDINATES;TAXON_MATCH_TAXON_ID_IGNORED
4891786766	50c9509d-22c7-4a22-a47d-8c48425ef4a7	https://www.inaturalist.org/observations/180168062	Fungi	Basidiomycota	Agaricomycetes	Polyporales	Polyporaceae	Lentinus	Lentinus levis		SPECIES	Pleurotus levis (Berk. & M.A.Curtis) Singer	Pleurotus levis		CA		Ontario	PRESENT		28eb1a3f-1c15-4a95-931a-4af90ecb574d	45.581576	-78.673867	5.0						2023-08-19T12:54:43	19	8	2023	2545531	2545525	HUMAN_OBSERVATION	iNaturalist	Observations	180168062		Adam Gordon	2023-08-26T00:31:44	CC_BY_NC_4_0	tomfeild	tomfeild			2025-01-14T13:32:21.300Z	StillImage	COORDINATE_ROUNDED;CONTINENT_DERIVED_FROM_COORDINATES;TAXON_MATCH_TAXON_ID_IGNORED
4891724489	50c9509d-22c7-4a22-a47d-8c48425ef4a7	https://www.inaturalist.org/observations/178473859	Fungi	Basidiomycota	Agaricomycetes	Polyporales	Polyporaceae	Lentinus	Lentinus levis		SPECIES	Pleurotus levis (Berk. & M.A.Curtis) Singer	Pleurotus levis		CA		Ontario	PRESENT		28eb1a3f-1c15-4a95-931a-4af90ecb574d	45.571336	-78.546628							2023-08-11T13:38:41	11	8	2023	2545531	2545525	HUMAN_OBSERVATION	iNaturalist	Observations	178473859		Adam Gordon	2023-08-15T12:39:20	CC_BY_NC_4_0	Thomas Wm. Oster	Thomas Wm. Oster			2025-01-14T13:32:06.494Z	StillImage	COORDINATE_ROUNDED;CONTINENT_DERIVED_FROM_COORDINATES;TAXON_MATCH_TAXON_ID_IGNORED
4891656809	50c9509d-22c7-4a22-a47d-8c48425ef4a7	https://www.inaturalist.org/observations/173545368	Fungi	Basidiomycota	Agaricomycetes	Polyporales	Polyporaceae	Lentinus	Lentinus levis		SPECIES	Pleurotus levis (Berk. & M.A.Curtis) Singer	Pleurotus levis		CA		Québec	PRESENT		28eb1a3f-1c15-4a95-931a-4af90ecb574d	45.022035	-73.891593	15.0						2023-07-06T13:53	6	7	2023	2545531	2545525	HUMAN_OBSERVATION	iNaturalist	Observations	173545368		Adam Gordon	2023-07-18T12:17:08	CC0_1_0	Étienne Lacroix-Carignan	Étienne Lacroix-Carignan			2025-01-14T12:39:09.628Z	StillImage	COORDINATE_ROUNDED;CONTINENT_DERIVED_FROM_COORDINATES;TAXON_MATCH_TAXON_ID_IGNORED
4596866539	50c9509d-22c7-4a22-a47d-8c48425ef4a7	https://www.inaturalist.org/observations/193030450	Fungi	Basidiomycota	Agaricomycetes	Polyporales	Polyporaceae	Lentinus	Lentinus levis		SPECIES	Pleurotus levis (Berk. & M.A.Curtis) Singer	Pleurotus levis		CA		Québec	PRESENT		28eb1a3f-1c15-4a95-931a-4af90ecb574d	45.563564	-75.434045	31.0						2023-10-08	8	10	2023	2545531	2545525	HUMAN_OBSERVATION	iNaturalist	Observations	193030450		Antoine Fortin	2024-03-08T15:11:48	CC_BY_NC_4_0	Christian Grenier	Christian Grenier			2025-01-14T12:42:26.623Z	StillImage	COORDINATE_ROUNDED;CONTINENT_DERIVED_FROM_COORDINATES;TAXON_MATCH_TAXON_ID_IGNORED
4525081658	50c9509d-22c7-4a22-a47d-8c48425ef4a7	https://www.inaturalist.org/observations/197037240	Fungi	Basidiomycota	Agaricomycetes	Polyporales	Polyporaceae	Lentinus	Lentinus levis		SPECIES	Pleurotus levis (Berk. & M.A.Curtis) Singer	Pleurotus levis		CA		Québec	PRESENT		28eb1a3f-1c15-4a95-931a-4af90ecb574d	45.84886	-76.429672	1186.0						2023-08-25T01:07:30	25	8	2023	2545531	2545525	HUMAN_OBSERVATION	iNaturalist	Observations	197037240		Adam Gordon	2024-01-20T14:26:59	CC_BY_NC_4_0	Janine	Janine			2025-01-14T13:36:17.919Z	StillImage	COORDINATE_ROUNDED;CONTINENT_DERIVED_FROM_COORDINATES;TAXON_MATCH_TAXON_ID_IGNORED
4507987203	50c9509d-22c7-4a22-a47d-8c48425ef4a7	https://www.inaturalist.org/observations/195493467	Fungi	Basidiomycota	Agaricomycetes	Polyporales	Polyporaceae	Lentinus	Lentinus levis		SPECIES	Pleurotus levis (Berk. & M.A.Curtis) Singer	Pleurotus levis		CA		New Brunswick	PRESENT		28eb1a3f-1c15-4a95-931a-4af90ecb574d	47.741543	-65.880113	17.0						2024-01-01T14:11:26	1	1	2024	2545531	2545525	HUMAN_OBSERVATION	iNaturalist	Observations	195493467		roachiecanada	2024-01-01T19:39:37	CC_BY_NC_4_0	roachiecanada	roachiecanada			2025-01-14T13:35:57.358Z	StillImage	COORDINATE_ROUNDED;CONTINENT_DERIVED_FROM_COORDINATES;TAXON_MATCH_TAXON_ID_IGNORED
4500883901	50c9509d-22c7-4a22-a47d-8c48425ef4a7	https://www.inaturalist.org/observations/194165350	Fungi	Basidiomycota	Agaricomycetes	Polyporales	Polyporaceae	Lentinus	Lentinus levis		SPECIES	Pleurotus levis (Berk. & M.A.Curtis) Singer	Pleurotus levis		CA		Prince Edward Island	PRESENT		28eb1a3f-1c15-4a95-931a-4af90ecb574d	46.746879	-64.242066	6.0						2023-12-16T10:39:57	16	12	2023	2545531	2545525	HUMAN_OBSERVATION	iNaturalist	Observations	194165350		zova	2023-12-17T04:51:23	CC_BY_NC_4_0	zova	zova			2025-01-14T13:34:50.587Z	StillImage	COORDINATE_ROUNDED;CONTINENT_DERIVED_FROM_COORDINATES;TAXON_MATCH_TAXON_ID_IGNORED
4436198821	50c9509d-22c7-4a22-a47d-8c48425ef4a7	https://www.inaturalist.org/observations/189191039	Fungi	Basidiomycota	Agaricomycetes	Polyporales	Polyporaceae	Lentinus	Lentinus levis		SPECIES	Pleurotus levis (Berk. & M.A.Curtis) Singer	Pleurotus levis		CA		Ontario	PRESENT		28eb1a3f-1c15-4a95-931a-4af90ecb574d	45.421028	-75.697193	37425.0						2023-10-14T16:23:50	14	10	2023	2545531	2545525	HUMAN_OBSERVATION	iNaturalist	Observations	189191039		purpleplatypusparty	2023-10-28T04:41:09	CC_BY_NC_4_0	purpleplatypusparty	purpleplatypusparty			2025-01-14T13:34:16.808Z	StillImage	COORDINATE_ROUNDED;CONTINENT_DERIVED_FROM_COORDINATES;TAXON_MATCH_TAXON_ID_IGNORED
4431183298	50c9509d-22c7-4a22-a47d-8c48425ef4a7	https://www.inaturalist.org/observations/188332871	Fungi	Basidiomycota	Agaricomycetes	Polyporales	Polyporaceae	Lentinus	Lentinus levis		SPECIES	Pleurotus levis (Berk. & M.A.Curtis) Singer	Pleurotus levis		CA		Québec	PRESENT		28eb1a3f-1c15-4a95-931a-4af90ecb574d	45.544755	-73.510159	31.0						2023-10-12T15:33	12	10	2023	2545531	2545525	HUMAN_OBSERVATION	iNaturalist	Observations	188332871		Antoine Fortin	2023-10-21T02:40:11	CC_BY_NC_4_0	Antoine Fortin	Antoine Fortin			2025-01-14T12:42:04.977Z	StillImage	COORDINATE_ROUNDED;CONTINENT_DERIVED_FROM_COORDINATES;TAXON_MATCH_TAXON_ID_IGNORED
4424689491	50c9509d-22c7-4a22-a47d-8c48425ef4a7	https://www.inaturalist.org/observations/186320254	Fungi	Basidiomycota	Agaricomycetes	Polyporales	Polyporaceae	Lentinus	Lentinus levis		SPECIES	Pleurotus levis (Berk. & M.A.Curtis) Singer	Pleurotus levis		CA		Québec	PRESENT		28eb1a3f-1c15-4a95-931a-4af90ecb574d	45.423827	-74.028711							2019-10-04T00:00	4	10	2019	2545531	2545525	HUMAN_OBSERVATION	iNaturalist	Observations	186320254		Chantal Gauthier	2023-10-05T19:36:27	CC_BY_NC_4_0	Chantal Gauthier	Chantal Gauthier			2025-01-14T13:34:26.736Z	StillImage	CONTINENT_DERIVED_FROM_COORDINATES;TAXON_MATCH_TAXON_ID_IGNORED
4424515530	50c9509d-22c7-4a22-a47d-8c48425ef4a7	https://www.inaturalist.org/observations/186296451	Fungi	Basidiomycota	Agaricomycetes	Polyporales	Polyporaceae	Lentinus	Lentinus levis		SPECIES	Pleurotus levis (Berk. & M.A.Curtis) Singer	Pleurotus levis		CA		New Brunswick	PRESENT		28eb1a3f-1c15-4a95-931a-4af90ecb574d	45.752646	-66.188815							2023-10-05T11:06:25	5	10	2023	2545531	2545525	HUMAN_OBSERVATION	iNaturalist	Observations	186296451		Luca Voscort	2023-10-05T16:20:18	CC_BY_NC_4_0	Luca Voscort	Luca Voscort			2025-01-14T13:33:20.299Z	StillImage	COORDINATE_ROUNDED;CONTINENT_DERIVED_FROM_COORDINATES;TAXON_MATCH_TAXON_ID_IGNORED
4417192543	50c9509d-22c7-4a22-a47d-8c48425ef4a7	https://www.inaturalist.org/observations/185026342	Fungi	Basidiomycota	Agaricomycetes	Polyporales	Polyporaceae	Lentinus	Lentinus levis		SPECIES	Pleurotus levis (Berk. & M.A.Curtis) Singer	Pleurotus levis		CA		Ontario	PRESENT		28eb1a3f-1c15-4a95-931a-4af90ecb574d	45.283866	-75.875932	8.0						2023-09-26T12:50:31	26	9	2023	2545531	2545525	HUMAN_OBSERVATION	iNaturalist	Observations	185026342		tetwellcwf	2023-09-26T16:51:18	CC_BY_NC_4_0	tetwellcwf	tetwellcwf			2025-01-14T13:28:03.224Z	StillImage	COORDINATE_ROUNDED;CONTINENT_DERIVED_FROM_COORDINATES;TAXON_MATCH_TAXON_ID_IGNORED
4417135579	50c9509d-22c7-4a22-a47d-8c48425ef4a7	https://www.inaturalist.org/observations/184722829	Fungi	Basidiomycota	Agaricomycetes	Polyporales	Polyporaceae	Lentinus	Lentinus levis		SPECIES	Pleurotus levis (Berk. & M.A.Curtis) Singer	Pleurotus levis		CA		Ontario	PRESENT		28eb1a3f-1c15-4a95-931a-4af90ecb574d	45.383325	-78.900892	20.0						2023-09-24T12:50:47	24	9	2023	2545531	2545525	HUMAN_OBSERVATION	iNaturalist	Observations	184722829		Dawn Sherman	2023-09-24T16:51:02	CC_BY_NC_4_0	Dawn Sherman	Dawn Sherman			2025-01-14T13:34:04.823Z	StillImage	COORDINATE_ROUNDED;CONTINENT_DERIVED_FROM_COORDINATES;TAXON_MATCH_TAXON_ID_IGNORED
4416896578	50c9509d-22c7-4a22-a47d-8c48425ef4a7	https://www.inaturalist.org/observations/182790605	Fungi	Basidiomycota	Agaricomycetes	Polyporales	Polyporaceae	Lentinus	Lentinus levis		SPECIES	Pleurotus levis (Berk. & M.A.Curtis) Singer	Pleurotus levis		CA		Ontario	PRESENT		28eb1a3f-1c15-4a95-931a-4af90ecb574d	45.636953	-78.653687	18.0						2021-09-09T14:16:43	9	9	2021	2545531	2545525	HUMAN_OBSERVATION	iNaturalist	Observations	182790605		Adam Gordon	2023-09-11T12:10:28	CC_BY_NC_4_0	kokocat	kokocat			2025-01-14T13:32:19.441Z	StillImage	COORDINATE_ROUNDED;CONTINENT_DERIVED_FROM_COORDINATES;TAXON_MATCH_TAXON_ID_IGNORED
4416698989	50c9509d-22c7-4a22-a47d-8c48425ef4a7	https://www.inaturalist.org/observations/185033716	Fungi	Basidiomycota	Agaricomycetes	Polyporales	Polyporaceae	Lentinus	Lentinus levis		SPECIES	Pleurotus levis (Berk. & M.A.Curtis) Singer	Pleurotus levis		CA		Ontario	PRESENT		28eb1a3f-1c15-4a95-931a-4af90ecb574d	45.432812	-76.318113	10.0						2023-09-26T13:42:25	26	9	2023	2545531	2545525	HUMAN_OBSERVATION	iNaturalist	Observations	185033716		gordv	2023-09-26T17:45:16	CC_BY_NC_4_0	gordv	gordv			2025-01-14T12:40:29.171Z	StillImage	COORDINATE_ROUNDED;CONTINENT_DERIVED_FROM_COORDINATES;TAXON_MATCH_TAXON_ID_IGNORED
4414324990	50c9509d-22c7-4a22-a47d-8c48425ef4a7	https://www.inaturalist.org/observations/183604701	Fungi	Basidiomycota	Agaricomycetes	Polyporales	Polyporaceae	Lentinus	Lentinus levis		SPECIES	Pleurotus levis (Berk. & M.A.Curtis) Singer	Pleurotus levis		CA		Ontario	PRESENT		28eb1a3f-1c15-4a95-931a-4af90ecb574d	45.122025	-77.974258	16.0						2023-09-16T10:39:36	16	9	2023	2545531	2545525	HUMAN_OBSERVATION	iNaturalist	Observations	183604701		amkirb	2023-09-17T02:02:08	CC_BY_NC_4_0	amkirb	amkirb			2025-01-14T12:40:00.385Z	StillImage	COORDINATE_ROUNDED;CONTINENT_DERIVED_FROM_COORDINATES;TAXON_MATCH_TAXON_ID_IGNORED
4414277982	50c9509d-22c7-4a22-a47d-8c48425ef4a7	https://www.inaturalist.org/observations/183686723	Fungi	Basidiomycota	Agaricomycetes	Polyporales	Polyporaceae	Lentinus	Lentinus levis		SPECIES	Pleurotus levis (Berk. & M.A.Curtis) Singer	Pleurotus levis		CA		Québec	PRESENT		28eb1a3f-1c15-4a95-931a-4af90ecb574d	45.43558	-74.257775	7.0						2023-09-17T12:06:37	17	9	2023	2545531	2545525	HUMAN_OBSERVATION	iNaturalist	Observations	183686723		l_bienvenue	2023-09-17T16:13:18	CC_BY_NC_4_0	l_bienvenue	l_bienvenue			2025-01-14T13:27:35.831Z	StillImage	CONTINENT_DERIVED_FROM_COORDINATES;TAXON_MATCH_TAXON_ID_IGNORED
4414221084	50c9509d-22c7-4a22-a47d-8c48425ef4a7	https://www.inaturalist.org/observations/183687756	Fungi	Basidiomycota	Agaricomycetes	Polyporales	Polyporaceae	Lentinus	Lentinus levis		SPECIES	Pleurotus levis (Berk. & M.A.Curtis) Singer	Pleurotus levis		CA		Ontario	PRESENT		28eb1a3f-1c15-4a95-931a-4af90ecb574d	45.327895	-75.741164							2023-09-16T15:32:33	16	9	2023	2545531	2545525	HUMAN_OBSERVATION	iNaturalist	Observations	183687756		Adam Gordon	2023-09-17T18:21:53	CC_BY_NC_4_0	Lindsay Boudreau	Lindsay Boudreau			2025-01-14T12:42:13.811Z	StillImage	COORDINATE_ROUNDED;CONTINENT_DERIVED_FROM_COORDINATES;TAXON_MATCH_TAXON_ID_IGNORED
4414205310	50c9509d-22c7-4a22-a47d-8c48425ef4a7	https://www.inaturalist.org/observations/183025346	Fungi	Basidiomycota	Agaricomycetes	Polyporales	Polyporaceae	Lentinus	Lentinus levis		SPECIES	Pleurotus levis (Berk. & M.A.Curtis) Singer	Pleurotus levis		CA		Québec	PRESENT		28eb1a3f-1c15-4a95-931a-4af90ecb574d	45.45927	-75.803719							2023-09-01T17:37:12	1	9	2023	2545531	2545525	HUMAN_OBSERVATION	iNaturalist	Observations	183025346		Alexis Williams	2023-09-13T01:16:43	CC_BY_4_0	Alexis Williams	Alexis Williams			2025-01-14T12:42:08.713Z	StillImage	COORDINATE_ROUNDED;CONTINENT_DERIVED_FROM_COORDINATES;TAXON_MATCH_TAXON_ID_IGNORED
4414124311	50c9509d-22c7-4a22-a47d-8c48425ef4a7	https://www.inaturalist.org/observations/182888592	Fungi	Basidiomycota	Agaricomycetes	Polyporales	Polyporaceae	Lentinus	Lentinus levis		SPECIES	Pleurotus levis (Berk. & M.A.Curtis) Singer	Pleurotus levis		CA		New Brunswick	PRESENT		28eb1a3f-1c15-4a95-931a-4af90ecb574d	46.114025	-64.791512	10.0						2023-09-11T16:54:50	11	9	2023	2545531	2545525	HUMAN_OBSERVATION	iNaturalist	Observations	182888592		charlesemond	2023-09-12T01:01:44	CC_BY_NC_4_0	charlesemond	charlesemond			2025-01-14T13:42:45.799Z	StillImage	COORDINATE_ROUNDED;CONTINENT_DERIVED_FROM_COORDINATES;TAXON_MATCH_TAXON_ID_IGNORED
4414123861	50c9509d-22c7-4a22-a47d-8c48425ef4a7	https://www.inaturalist.org/observations/183872391	Fungi	Basidiomycota	Agaricomycetes	Polyporales	Polyporaceae	Lentinus	Lentinus levis		SPECIES	Pleurotus levis (Berk. & M.A.Curtis) Singer	Pleurotus levis		CA		Québec	PRESENT		28eb1a3f-1c15-4a95-931a-4af90ecb574d	46.083065	-73.936824	1399.0						2023-09-18T11:06:36	18	9	2023	2545531	2545525	HUMAN_OBSERVATION	iNaturalist	Observations	183872391		Adam Gordon	2023-09-18T19:02:26	CC_BY_NC_4_0	lelfe	lelfe			2025-01-14T12:44:43.274Z	StillImage	COORDINATE_ROUNDED;CONTINENT_DERIVED_FROM_COORDINATES;TAXON_MATCH_TAXON_ID_IGNORED
4414063012	50c9509d-22c7-4a22-a47d-8c48425ef4a7	https://www.inaturalist.org/observations/182842668	Fungi	Basidiomycota	Agaricomycetes	Polyporales	Polyporaceae	Lentinus	Lentinus levis		SPECIES	Pleurotus levis (Berk. & M.A.Curtis) Singer	Pleurotus levis		CA		Québec	PRESENT		28eb1a3f-1c15-4a95-931a-4af90ecb574d	45.389498	-72.722909	378.0						2023-09-10T18:15	10	9	2023	2545531	2545525	HUMAN_OBSERVATION	iNaturalist	Observations	182842668		Antoine Fortin	2023-09-11T18:44:35	CC_BY_NC_4_0	Antoine Fortin	Antoine Fortin			2025-01-14T13:32:41.237Z	StillImage	COORDINATE_ROUNDED;CONTINENT_DERIVED_FROM_COORDINATES;TAXON_MATCH_TAXON_ID_IGNORED
4413968676	50c9509d-22c7-4a22-a47d-8c48425ef4a7	https://www.inaturalist.org/observations/183216353	Fungi	Basidiomycota	Agaricomycetes	Polyporales	Polyporaceae	Lentinus	Lentinus levis		SPECIES	Pleurotus levis (Berk. & M.A.Curtis) Singer	Pleurotus levis		CA		Ontario	PRESENT		28eb1a3f-1c15-4a95-931a-4af90ecb574d	45.437806	-76.326243	22.0						2023-09-14T09:43:13	14	9	2023	2545531	2545525	HUMAN_OBSERVATION	iNaturalist	Observations	183216353		gordv	2023-09-14T14:32:54	CC_BY_NC_4_0	gordv	gordv			2025-01-14T12:40:06.329Z	StillImage	COORDINATE_ROUNDED;CONTINENT_DERIVED_FROM_COORDINATES;TAXON_MATCH_TAXON_ID_IGNORED
4413934819	50c9509d-22c7-4a22-a47d-8c48425ef4a7	https://www.inaturalist.org/observations/182348521	Fungi	Basidiomycota	Agaricomycetes	Polyporales	Polyporaceae	Lentinus	Lentinus levis		SPECIES	Pleurotus levis (Berk. & M.A.Curtis) Singer	Pleurotus levis		CA		Québec	PRESENT		28eb1a3f-1c15-4a95-931a-4af90ecb574d	45.557558	-73.562428							2023-09-08T13:19:21	8	9	2023	2545531	2545525	HUMAN_OBSERVATION	iNaturalist	Observations	182348521		Adam Gordon	2023-09-09T00:40:11	CC_BY_NC_4_0	Michel Saint-Germain	Michel Saint-Germain			2025-01-14T12:41:09.295Z	StillImage	COORDINATE_ROUNDED;CONTINENT_DERIVED_FROM_COORDINATES;TAXON_MATCH_TAXON_ID_IGNORED
4413697109	50c9509d-22c7-4a22-a47d-8c48425ef4a7	https://www.inaturalist.org/observations/183672858	Fungi	Basidiomycota	Agaricomycetes	Polyporales	Polyporaceae	Lentinus	Lentinus levis		SPECIES	Pleurotus levis (Berk. & M.A.Curtis) Singer	Pleurotus levis		CA		Ontario	PRESENT		28eb1a3f-1c15-4a95-931a-4af90ecb574d	45.384794	-78.898905	357.0						2023-09-17T10:17:54	17	9	2023	2545531	2545525	HUMAN_OBSERVATION	iNaturalist	Observations	183672858		Adam Gordon	2023-09-17T18:23:52	CC_BY_NC_4_0	Dawn Sherman	Dawn Sherman			2025-01-14T12:40:01.152Z	StillImage	COORDINATE_ROUNDED;CONTINENT_DERIVED_FROM_COORDINATES;TAXON_MATCH_TAXON_ID_IGNORED
4413690319	50c9509d-22c7-4a22-a47d-8c48425ef4a7	https://www.inaturalist.org/observations/183787080	Fungi	Basidiomycota	Agaricomycetes	Polyporales	Polyporaceae	Lentinus	Lentinus levis		SPECIES	Pleurotus levis (Berk. & M.A.Curtis) Singer	Pleurotus levis		CA		Québec	PRESENT		28eb1a3f-1c15-4a95-931a-4af90ecb574d	45.683068	-75.930941	4799.0						2023-09-17T15:53	17	9	2023	2545531	2545525	HUMAN_OBSERVATION	iNaturalist	Observations	183787080		see-em	2023-09-18T02:07:44	CC_BY_NC_4_0	see-em	see-em			2025-01-14T12:42:10.749Z	StillImage	CONTINENT_DERIVED_FROM_COORDINATES;TAXON_MATCH_TAXON_ID_IGNORED
4407639321	50c9509d-22c7-4a22-a47d-8c48425ef4a7	https://www.inaturalist.org/observations/181635128	Fungi	Basidiomycota	Agaricomycetes	Polyporales	Polyporaceae	Lentinus	Lentinus levis		SPECIES	Pleurotus levis (Berk. & M.A.Curtis) Singer	Pleurotus levis		CA		Québec	PRESENT		28eb1a3f-1c15-4a95-931a-4af90ecb574d	46.883753	-72.415459	3.0						2023-09-03T16:45:06	3	9	2023	2545531	2545525	HUMAN_OBSERVATION	iNaturalist	Observations	181635128		alainveilleux2	2023-09-04T22:24:13	CC_BY_NC_4_0	alainveilleux2	alainveilleux2			2025-01-14T12:41:18.571Z	StillImage	COORDINATE_ROUNDED;CONTINENT_DERIVED_FROM_COORDINATES;TAXON_MATCH_TAXON_ID_IGNORED
4407610330	50c9509d-22c7-4a22-a47d-8c48425ef4a7	https://www.inaturalist.org/observations/181640443	Fungi	Basidiomycota	Agaricomycetes	Polyporales	Polyporaceae	Lentinus	Lentinus levis		SPECIES	Pleurotus levis (Berk. & M.A.Curtis) Singer	Pleurotus levis		CA		Québec	PRESENT		28eb1a3f-1c15-4a95-931a-4af90ecb574d	45.545763	-73.16548	4.0						2023-09-03T11:51:18	3	9	2023	2545531	2545525	HUMAN_OBSERVATION	iNaturalist	Observations	181640443		zoeyannedavis	2023-09-03T21:47:50	CC_BY_NC_4_0	zoeyannedavis	zoeyannedavis			2025-01-14T13:32:22.831Z	StillImage	COORDINATE_ROUNDED;CONTINENT_DERIVED_FROM_COORDINATES;TAXON_MATCH_TAXON_ID_IGNORED
4407517126	50c9509d-22c7-4a22-a47d-8c48425ef4a7	https://www.inaturalist.org/observations/181733366	Fungi	Basidiomycota	Agaricomycetes	Polyporales	Polyporaceae	Lentinus	Lentinus levis		SPECIES	Pleurotus levis (Berk. & M.A.Curtis) Singer	Pleurotus levis		CA		Québec	PRESENT		28eb1a3f-1c15-4a95-931a-4af90ecb574d	45.585972	-75.87258	5000.0						2023-09-04T09:04:51	4	9	2023	2545531	2545525	HUMAN_OBSERVATION	iNaturalist	Observations	181733366		mfstewart	2023-09-04T15:35:17	CC_BY_NC_4_0	mfstewart	mfstewart			2025-01-14T12:40:25.256Z	StillImage	COORDINATE_ROUNDED;CONTINENT_DERIVED_FROM_COORDINATES;TAXON_MATCH_TAXON_ID_IGNORED
4405183857	50c9509d-22c7-4a22-a47d-8c48425ef4a7	https://www.inaturalist.org/observations/178270193	Fungi	Basidiomycota	Agaricomycetes	Polyporales	Polyporaceae	Lentinus	Lentinus levis		SPECIES	Pleurotus levis (Berk. & M.A.Curtis) Singer	Pleurotus levis		CA		Ontario	PRESENT		28eb1a3f-1c15-4a95-931a-4af90ecb574d	45.272088	-76.334609	101.0						2023-08-13T09:56:47	13	8	2023	2545531	2545525	HUMAN_OBSERVATION	iNaturalist	Observations	178270193		Adam Gordon	2023-08-14T00:29:58	CC_BY_NC_4_0	ame22	ame22			2025-01-14T12:39:59.722Z	StillImage	COORDINATE_ROUNDED;CONTINENT_DERIVED_FROM_COORDINATES;TAXON_MATCH_TAXON_ID_IGNORED
4400296004	50c9509d-22c7-4a22-a47d-8c48425ef4a7	https://www.inaturalist.org/observations/179264988	Fungi	Basidiomycota	Agaricomycetes	Polyporales	Polyporaceae	Lentinus	Lentinus levis		SPECIES	Pleurotus levis (Berk. & M.A.Curtis) Singer	Pleurotus levis		CA		Québec	PRESENT		28eb1a3f-1c15-4a95-931a-4af90ecb574d	46.163036	-76.092108	30.0						2023-08-19T13:30:28	19	8	2023	2545531	2545525	HUMAN_OBSERVATION	iNaturalist	Observations	179264988		andreaga	2023-08-20T01:43:55	CC_BY_NC_4_0	andreaga	andreaga			2025-01-14T13:32:44.946Z	StillImage	COORDINATE_ROUNDED;CONTINENT_DERIVED_FROM_COORDINATES;TAXON_MATCH_TAXON_ID_IGNORED
4400246525	50c9509d-22c7-4a22-a47d-8c48425ef4a7	https://www.inaturalist.org/observations/179373379	Fungi	Basidiomycota	Agaricomycetes	Polyporales	Polyporaceae	Lentinus	Lentinus levis		SPECIES	Pleurotus levis (Berk. & M.A.Curtis) Singer	Pleurotus levis		CA		Ontario	PRESENT		28eb1a3f-1c15-4a95-931a-4af90ecb574d	45.55024	-78.399007	4.0						2023-08-20T12:55:45	20	8	2023	2545531	2545525	HUMAN_OBSERVATION	iNaturalist	Observations	179373379		mfstewart	2023-08-20T16:56:32	CC_BY_NC_4_0	mfstewart	mfstewart			2025-01-14T12:44:03.118Z	StillImage	COORDINATE_ROUNDED;CONTINENT_DERIVED_FROM_COORDINATES;TAXON_MATCH_TAXON_ID_IGNORED
4400146547	50c9509d-22c7-4a22-a47d-8c48425ef4a7	https://www.inaturalist.org/observations/179607476	Fungi	Basidiomycota	Agaricomycetes	Polyporales	Polyporaceae	Lentinus	Lentinus levis		SPECIES	Pleurotus levis (Berk. & M.A.Curtis) Singer	Pleurotus levis		CA		Québec	PRESENT		28eb1a3f-1c15-4a95-931a-4af90ecb574d	45.556521	-73.147949	977.0						2023-08-21T08:48	21	8	2023	2545531	2545525	HUMAN_OBSERVATION	iNaturalist	Observations	179607476		bouletr	2023-08-22T00:08:29	CC_BY_NC_4_0	bouletr	bouletr			2025-01-14T14:11:23.960Z	StillImage	COORDINATE_ROUNDED;CONTINENT_DERIVED_FROM_COORDINATES;TAXON_MATCH_TAXON_ID_IGNORED
4400038888	50c9509d-22c7-4a22-a47d-8c48425ef4a7	https://www.inaturalist.org/observations/179046868	Fungi	Basidiomycota	Agaricomycetes	Polyporales	Polyporaceae	Lentinus	Lentinus levis		SPECIES	Pleurotus levis (Berk. & M.A.Curtis) Singer	Pleurotus levis		CA		Québec	PRESENT		28eb1a3f-1c15-4a95-931a-4af90ecb574d	45.660835	-76.248889	14.0						2023-08-15T15:41:38	15	8	2023	2545531	2545525	HUMAN_OBSERVATION	iNaturalist	Observations	179046868		gonature1	2023-08-18T21:30:10	CC_BY_NC_4_0	gonature1	gonature1			2025-01-14T13:32:01.048Z	StillImage	COORDINATE_ROUNDED;CONTINENT_DERIVED_FROM_COORDINATES;TAXON_MATCH_TAXON_ID_IGNORED
4399965775	50c9509d-22c7-4a22-a47d-8c48425ef4a7	https://www.inaturalist.org/observations/179607477	Fungi	Basidiomycota	Agaricomycetes	Polyporales	Polyporaceae	Lentinus	Lentinus levis		SPECIES	Pleurotus levis (Berk. & M.A.Curtis) Singer	Pleurotus levis		CA		Québec	PRESENT		28eb1a3f-1c15-4a95-931a-4af90ecb574d	45.556521	-73.147949	977.0						2023-08-21T08:48	21	8	2023	2545531	2545525	HUMAN_OBSERVATION	iNaturalist	Observations	179607477		bouletr	2023-08-22T00:08:30	CC_BY_NC_4_0	bouletr	bouletr			2025-01-14T13:32:23.144Z	StillImage	COORDINATE_ROUNDED;CONTINENT_DERIVED_FROM_COORDINATES;TAXON_MATCH_TAXON_ID_IGNORED
4399864085	50c9509d-22c7-4a22-a47d-8c48425ef4a7	https://www.inaturalist.org/observations/179186216	Fungi	Basidiomycota	Agaricomycetes	Polyporales	Polyporaceae	Lentinus	Lentinus levis		SPECIES	Pleurotus levis (Berk. & M.A.Curtis) Singer	Pleurotus levis		CA		Québec	PRESENT		28eb1a3f-1c15-4a95-931a-4af90ecb574d	46.163036	-76.092108	30.0						2023-08-19T13:30:28	19	8	2023	2545531	2545525	HUMAN_OBSERVATION	iNaturalist	Observations	179186216		Antoine Fortin	2023-08-19T21:11:07	CC_BY_NC_4_0	andreaga	andreaga			2025-01-14T13:42:19.679Z	StillImage	COORDINATE_ROUNDED;CONTINENT_DERIVED_FROM_COORDINATES;TAXON_MATCH_TAXON_ID_IGNORED
4177570553	50c9509d-22c7-4a22-a47d-8c48425ef4a7	https://www.inaturalist.org/observations/178534100	Fungi	Basidiomycota	Agaricomycetes	Polyporales	Polyporaceae	Lentinus	Lentinus levis		SPECIES	Pleurotus levis (Berk. & M.A.Curtis) Singer	Pleurotus levis		CA		Ontario	PRESENT		28eb1a3f-1c15-4a95-931a-4af90ecb574d	45.570908	-78.54714	5.0						2023-08-15T10:38:34	15	8	2023	2545531	2545525	HUMAN_OBSERVATION	iNaturalist	Observations	178534100		Brad Demers	2023-08-15T14:39:17	CC_BY_NC_4_0	Brad Demers	Brad Demers			2025-01-14T13:32:00.890Z	StillImage	COORDINATE_ROUNDED;CONTINENT_DERIVED_FROM_COORDINATES;TAXON_MATCH_TAXON_ID_IGNORED
4177333860	50c9509d-22c7-4a22-a47d-8c48425ef4a7	https://www.inaturalist.org/observations/177737403	Fungi	Basidiomycota	Agaricomycetes	Polyporales	Polyporaceae	Lentinus	Lentinus levis		SPECIES	Pleurotus levis (Berk. & M.A.Curtis) Singer	Pleurotus levis		CA		Ontario	PRESENT		28eb1a3f-1c15-4a95-931a-4af90ecb574d	45.199688	-76.237572							2023-08-10T17:56	10	8	2023	2545531	2545525	HUMAN_OBSERVATION	iNaturalist	Observations	177737403		Adam Gordon	2023-08-11T00:18:34	CC_BY_NC_4_0	almonteallisons	almonteallisons			2025-01-14T12:37:45.939Z	StillImage	COORDINATE_ROUNDED;CONTINENT_DERIVED_FROM_COORDINATES;TAXON_MATCH_TAXON_ID_IGNORED
4177174502	50c9509d-22c7-4a22-a47d-8c48425ef4a7	https://www.inaturalist.org/observations/126943615	Fungi	Basidiomycota	Agaricomycetes	Polyporales	Polyporaceae	Lentinus	Lentinus levis		SPECIES	Pleurotus levis (Berk. & M.A.Curtis) Singer	Pleurotus levis		CA		Québec	PRESENT		28eb1a3f-1c15-4a95-931a-4af90ecb574d	45.555268	-73.856389	35.0						2022-07-19T08:03:23	19	7	2022	2545531	2545525	HUMAN_OBSERVATION	iNaturalist	Observations	126943615		Ariel Bonkoski	2023-05-30T03:06:41	CC_BY_NC_4_0	baladeuse	baladeuse			2025-01-14T12:30:47.342Z	StillImage	COORDINATE_ROUNDED;CONTINENT_DERIVED_FROM_COORDINATES;TAXON_MATCH_TAXON_ID_IGNORED
4177051906	50c9509d-22c7-4a22-a47d-8c48425ef4a7	https://www.inaturalist.org/observations/177080482	Fungi	Basidiomycota	Agaricomycetes	Polyporales	Polyporaceae	Lentinus	Lentinus levis		SPECIES	Pleurotus levis (Berk. & M.A.Curtis) Singer	Pleurotus levis		CA		Québec	PRESENT		28eb1a3f-1c15-4a95-931a-4af90ecb574d	46.226055	-74.579262	128.0						2023-08-06T11:25:44	6	8	2023	2545531	2545525	HUMAN_OBSERVATION	iNaturalist	Observations	177080482		Adam Gordon	2023-08-07T01:59:02	CC_BY_NC_4_0	nikapshe	nikapshe			2025-01-14T13:31:41.982Z	StillImage	COORDINATE_ROUNDED;CONTINENT_DERIVED_FROM_COORDINATES;TAXON_MATCH_TAXON_ID_IGNORED
4171463684	50c9509d-22c7-4a22-a47d-8c48425ef4a7	https://www.inaturalist.org/observations/175913254	Fungi	Basidiomycota	Agaricomycetes	Polyporales	Polyporaceae	Lentinus	Lentinus levis		SPECIES	Pleurotus levis (Berk. & M.A.Curtis) Singer	Pleurotus levis		CA		Ontario	PRESENT		28eb1a3f-1c15-4a95-931a-4af90ecb574d	45.486119	-78.755518	62.0						2023-07-12T09:22:29	12	7	2023	2545531	2545525	HUMAN_OBSERVATION	iNaturalist	Observations	175913254		terrymcbride	2023-07-31T11:32:59	CC_BY_NC_4_0	terrymcbride	terrymcbride			2025-01-14T13:28:11.367Z	StillImage	COORDINATE_ROUNDED;CONTINENT_DERIVED_FROM_COORDINATES;TAXON_MATCH_TAXON_ID_IGNORED
4162414870	50c9509d-22c7-4a22-a47d-8c48425ef4a7	https://www.inaturalist.org/observations/172871355	Fungi	Basidiomycota	Agaricomycetes	Polyporales	Polyporaceae	Lentinus	Lentinus levis		SPECIES	Pleurotus levis (Berk. & M.A.Curtis) Singer	Pleurotus levis		CA		Ontario	PRESENT		28eb1a3f-1c15-4a95-931a-4af90ecb574d	45.489372	-75.5344	16.0						2023-07-14T09:38:18	14	7	2023	2545531	2545525	HUMAN_OBSERVATION	iNaturalist	Observations	172871355		essinem	2023-07-14T17:17:51	CC_BY_NC_4_0	essinem	essinem			2025-01-14T12:39:12.392Z	StillImage	COORDINATE_ROUNDED;CONTINENT_DERIVED_FROM_COORDINATES;TAXON_MATCH_TAXON_ID_IGNORED
4162216842	50c9509d-22c7-4a22-a47d-8c48425ef4a7	https://www.inaturalist.org/observations/172408647	Fungi	Basidiomycota	Agaricomycetes	Polyporales	Polyporaceae	Lentinus	Lentinus levis		SPECIES	Pleurotus levis (Berk. & M.A.Curtis) Singer	Pleurotus levis		CA		Ontario	PRESENT		28eb1a3f-1c15-4a95-931a-4af90ecb574d	45.552249	-78.639165	4.0						2023-07-11T17:41:45	11	7	2023	2545531	2545525	HUMAN_OBSERVATION	iNaturalist	Observations	172408647		Sarah Lamond	2023-07-11T21:42:45	CC_BY_NC_4_0	Sarah Lamond	Sarah Lamond			2025-01-14T13:30:42.893Z	StillImage	COORDINATE_ROUNDED;CONTINENT_DERIVED_FROM_COORDINATES;TAXON_MATCH_TAXON_ID_IGNORED
4153845510	50c9509d-22c7-4a22-a47d-8c48425ef4a7	https://www.inaturalist.org/observations/172028828	Fungi	Basidiomycota	Agaricomycetes	Polyporales	Polyporaceae	Lentinus	Lentinus levis		SPECIES	Pleurotus levis (Berk. & M.A.Curtis) Singer	Pleurotus levis		CA		Québec	PRESENT		28eb1a3f-1c15-4a95-931a-4af90ecb574d	45.508324	-75.831242	15.0						2023-07-08T14:17	8	7	2023	2545531	2545525	HUMAN_OBSERVATION	iNaturalist	Observations	172028828		David Thomas Glover	2023-07-09T20:22:01	CC_BY_NC_4_0	David Thomas Glover	David Thomas Glover			2025-01-14T13:31:14.763Z	StillImage	COORDINATE_ROUNDED;CONTINENT_DERIVED_FROM_COORDINATES;TAXON_MATCH_TAXON_ID_IGNORED
4034760390	50c9509d-22c7-4a22-a47d-8c48425ef4a7	https://www.inaturalist.org/observations/64065220	Fungi	Basidiomycota	Agaricomycetes	Polyporales	Polyporaceae	Lentinus	Lentinus levis		SPECIES	Pleurotus levis (Berk. & M.A.Curtis) Singer	Pleurotus levis		CA		Ontario	PRESENT		28eb1a3f-1c15-4a95-931a-4af90ecb574d	45.172712	-76.25304	511.0						2020-11-02T15:08	2	11	2020	2545531	2545525	HUMAN_OBSERVATION	iNaturalist	Observations	64065220		Adam Gordon	2023-02-09T01:44:40	CC_BY_NC_4_0	Denis Gallant	Denis Gallant			2025-01-14T13:10:08.231Z	StillImage	COORDINATE_ROUNDED;CONTINENT_DERIVED_FROM_COORDINATES;TAXON_MATCH_TAXON_ID_IGNORED
4034626341	50c9509d-22c7-4a22-a47d-8c48425ef4a7	https://www.inaturalist.org/observations/56871719	Fungi	Basidiomycota	Agaricomycetes	Polyporales	Polyporaceae	Lentinus	Lentinus levis		SPECIES	Pleurotus levis (Berk. & M.A.Curtis) Singer	Pleurotus levis		CA		Ontario	PRESENT		28eb1a3f-1c15-4a95-931a-4af90ecb574d	45.352781	-75.590667	16.0						2020-08-18T12:33	18	8	2020	2545531	2545525	HUMAN_OBSERVATION	iNaturalist	Observations	56871719				CC_BY_NC_4_0	Igor Khomenko	Igor Khomenko			2025-01-14T13:05:12.747Z	StillImage	COORDINATE_ROUNDED;CONTINENT_DERIVED_FROM_COORDINATES;TAXON_MATCH_TAXON_ID_IGNORED
4029055008	50c9509d-22c7-4a22-a47d-8c48425ef4a7	https://www.inaturalist.org/observations/135457255	Fungi	Basidiomycota	Agaricomycetes	Polyporales	Polyporaceae	Lentinus	Lentinus levis		SPECIES	Pleurotus levis (Berk. & M.A.Curtis) Singer	Pleurotus levis		CA		New Brunswick	PRESENT		28eb1a3f-1c15-4a95-931a-4af90ecb574d	46.862308	-64.986959	200.0						2022-09-08T11:25	8	9	2022	2545531	2545525	HUMAN_OBSERVATION	iNaturalist	Observations	135457255		Adam Gordon	2023-02-06T01:37:54	CC_BY_NC_4_0	Rosemary Curley	Rosemary Curley			2025-01-14T12:33:45.139Z	StillImage	CONTINENT_DERIVED_FROM_COORDINATES;TAXON_MATCH_TAXON_ID_IGNORED
4028932306	50c9509d-22c7-4a22-a47d-8c48425ef4a7	http://inaturalist.ca/observations/4147128	Fungi	Basidiomycota	Agaricomycetes	Polyporales	Polyporaceae	Lentinus	Lentinus levis		SPECIES	Pleurotus levis (Berk. & M.A.Curtis) Singer	Pleurotus levis		CA		New Brunswick	PRESENT		28eb1a3f-1c15-4a95-931a-4af90ecb574d	45.920504	-66.699268	27095.0						2016-09-17	17	9	2016	2545531	2545525	HUMAN_OBSERVATION	iNaturalist	Observations	4147128				CC_BY_NC_4_0	Eric Knopf	Eric Knopf			2025-01-14T12:02:46.350Z	StillImage	COORDINATE_ROUNDED;CONTINENT_DERIVED_FROM_COORDINATES;TAXON_MATCH_TAXON_ID_IGNORED
4028815662	50c9509d-22c7-4a22-a47d-8c48425ef4a7	https://www.inaturalist.org/observations/135390212	Fungi	Basidiomycota	Agaricomycetes	Polyporales	Polyporaceae	Lentinus	Lentinus levis		SPECIES	Pleurotus levis (Berk. & M.A.Curtis) Singer	Pleurotus levis		CA		New Brunswick	PRESENT		28eb1a3f-1c15-4a95-931a-4af90ecb574d	46.841932	-64.950058	212.0						2022-09-16T15:06:20	16	9	2022	2545531	2545525	HUMAN_OBSERVATION	iNaturalist	Observations	135390212				CC_BY_NC_4_0	Devin R. de Zwaan	Devin R. de Zwaan			2025-01-14T12:31:55.299Z	StillImage	COORDINATE_ROUNDED;CONTINENT_DERIVED_FROM_COORDINATES;TAXON_MATCH_TAXON_ID_IGNORED
4028785924	50c9509d-22c7-4a22-a47d-8c48425ef4a7	https://www.inaturalist.org/observations/131113878	Fungi	Basidiomycota	Agaricomycetes	Polyporales	Polyporaceae	Lentinus	Lentinus levis		SPECIES	Pleurotus levis (Berk. & M.A.Curtis) Singer	Pleurotus levis		CA		New Brunswick	PRESENT		28eb1a3f-1c15-4a95-931a-4af90ecb574d	47.779072	-64.892113	6.0						2022-08-16T16:10:06	16	8	2022	2545531	2545525	HUMAN_OBSERVATION	iNaturalist	Observations	131113878		Adam Gordon	2023-02-06T01:39:17	CC_BY_NC_4_0	joannedaniel	joannedaniel			2025-01-14T13:19:59.264Z	StillImage	COORDINATE_ROUNDED;CONTINENT_DERIVED_FROM_COORDINATES;TAXON_MATCH_TAXON_ID_IGNORED
4028742985	50c9509d-22c7-4a22-a47d-8c48425ef4a7	https://www.inaturalist.org/observations/131121188	Fungi	Basidiomycota	Agaricomycetes	Polyporales	Polyporaceae	Lentinus	Lentinus levis		SPECIES	Pleurotus levis (Berk. & M.A.Curtis) Singer	Pleurotus levis		CA		Québec	PRESENT		28eb1a3f-1c15-4a95-931a-4af90ecb574d	45.897391	-71.125738	3809.0						2022-08-16T10:06:03	16	8	2022	2545531	2545525	HUMAN_OBSERVATION	iNaturalist	Observations	131121188		Adam Gordon	2023-02-06T00:16:20	CC_BY_NC_4_0	sajala	sajala			2025-01-14T12:31:05.607Z	StillImage	COORDINATE_ROUNDED;CONTINENT_DERIVED_FROM_COORDINATES;TAXON_MATCH_TAXON_ID_IGNORED
4028716365	50c9509d-22c7-4a22-a47d-8c48425ef4a7	https://www.inaturalist.org/observations/58949530	Fungi	Basidiomycota	Agaricomycetes	Polyporales	Polyporaceae	Lentinus	Lentinus levis		SPECIES	Pleurotus levis (Berk. & M.A.Curtis) Singer	Pleurotus levis		CA		Québec	PRESENT		28eb1a3f-1c15-4a95-931a-4af90ecb574d	45.533117	-75.928344	4.0						2020-09-03	3	9	2020	2545531	2545525	HUMAN_OBSERVATION	iNaturalist	Observations	58949530		Adam Gordon	2023-02-06T00:40:53	CC_BY_NC_4_0	davespies12	davespies12			2025-01-14T13:09:58.370Z	StillImage	COORDINATE_ROUNDED;CONTINENT_DERIVED_FROM_COORDINATES;TAXON_MATCH_TAXON_ID_IGNORED
4028679671	50c9509d-22c7-4a22-a47d-8c48425ef4a7	https://www.inaturalist.org/observations/97303338	Fungi	Basidiomycota	Agaricomycetes	Polyporales	Polyporaceae	Lentinus	Lentinus levis		SPECIES	Pleurotus levis (Berk. & M.A.Curtis) Singer	Pleurotus levis		CA		Ontario	PRESENT		28eb1a3f-1c15-4a95-931a-4af90ecb574d	45.376983	-75.288433							2021-10-05T14:50	5	10	2021	2545531	2545525	HUMAN_OBSERVATION	iNaturalist	Observations	97303338				CC_BY_NC_4_0	Igor Khomenko	Igor Khomenko			2025-01-14T13:15:55.231Z	StillImage	COORDINATE_ROUNDED;CONTINENT_DERIVED_FROM_COORDINATES;TAXON_MATCH_TAXON_ID_IGNORED
4028660991	50c9509d-22c7-4a22-a47d-8c48425ef4a7	https://www.inaturalist.org/observations/131127801	Fungi	Basidiomycota	Agaricomycetes	Polyporales	Polyporaceae	Lentinus	Lentinus levis		SPECIES	Pleurotus levis (Berk. & M.A.Curtis) Singer	Pleurotus levis		CA		Québec	PRESENT		28eb1a3f-1c15-4a95-931a-4af90ecb574d	45.477123	-73.05217							2022-08-16T12:05:53	16	8	2022	2545531	2545525	HUMAN_OBSERVATION	iNaturalist	Observations	131127801				CC_BY_NC_4_0	Vincent Auclair	Vincent Auclair			2025-01-14T12:31:09.208Z	StillImage	COORDINATE_ROUNDED;CONTINENT_DERIVED_FROM_COORDINATES;TAXON_MATCH_TAXON_ID_IGNORED
4028660541	50c9509d-22c7-4a22-a47d-8c48425ef4a7	https://www.inaturalist.org/observations/85864914	Fungi	Basidiomycota	Agaricomycetes	Polyporales	Polyporaceae	Lentinus	Lentinus levis		SPECIES	Pleurotus levis (Berk. & M.A.Curtis) Singer	Pleurotus levis		CA		New Brunswick	PRESENT		28eb1a3f-1c15-4a95-931a-4af90ecb574d	46.837128	-64.976997	24.0						2021-07-05T20:30:39	5	7	2021	2545531	2545525	HUMAN_OBSERVATION	iNaturalist	Observations	85864914		Adam Gordon	2023-02-06T01:48:31	CC_BY_NC_4_0	jbilli	jbilli			2025-01-14T13:12:23.809Z	StillImage	COORDINATE_ROUNDED;CONTINENT_DERIVED_FROM_COORDINATES;TAXON_MATCH_TAXON_ID_IGNORED
4028652552	50c9509d-22c7-4a22-a47d-8c48425ef4a7	https://www.inaturalist.org/observations/83830019	Fungi	Basidiomycota	Agaricomycetes	Polyporales	Polyporaceae	Lentinus	Lentinus levis		SPECIES	Pleurotus levis (Berk. & M.A.Curtis) Singer	Pleurotus levis		CA		New Brunswick	PRESENT		28eb1a3f-1c15-4a95-931a-4af90ecb574d	46.008822	-66.62072	6.0						2021-06-17T16:13:46	17	6	2021	2545531	2545525	HUMAN_OBSERVATION	iNaturalist	Observations	83830019		Adam Gordon	2023-02-06T01:49:39	CC_BY_NC_4_0	jbilli	jbilli			2025-01-14T14:01:04.776Z	StillImage	COORDINATE_ROUNDED;CONTINENT_DERIVED_FROM_COORDINATES;TAXON_MATCH_TAXON_ID_IGNORED
4028622027	50c9509d-22c7-4a22-a47d-8c48425ef4a7	https://www.inaturalist.org/observations/132564755	Fungi	Basidiomycota	Agaricomycetes	Polyporales	Polyporaceae	Lentinus	Lentinus levis		SPECIES	Pleurotus levis (Berk. & M.A.Curtis) Singer	Pleurotus levis		CA		Québec	PRESENT		28eb1a3f-1c15-4a95-931a-4af90ecb574d	46.171362	-73.891952	186.0						2022-08-27T16:56:11	27	8	2022	2545531	2545525	HUMAN_OBSERVATION	iNaturalist	Observations	132564755				CC_BY_NC_4_0	Martin Tremblay	Martin Tremblay			2025-01-14T13:16:30.751Z	StillImage	COORDINATE_ROUNDED;CONTINENT_DERIVED_FROM_COORDINATES;TAXON_MATCH_TAXON_ID_IGNORED
3961394584	50c9509d-22c7-4a22-a47d-8c48425ef4a7	https://www.inaturalist.org/observations/136520925	Fungi	Basidiomycota	Agaricomycetes	Polyporales	Polyporaceae	Lentinus	Lentinus levis		SPECIES	Pleurotus levis (Berk. & M.A.Curtis) Singer	Pleurotus levis		CA		Québec	PRESENT		28eb1a3f-1c15-4a95-931a-4af90ecb574d	45.607127	-75.114274	1602.0						2022-09-25T16:38:18	25	9	2022	2545531	2545525	HUMAN_OBSERVATION	iNaturalist	Observations	136520925		cinna_latifolia	2022-11-02T00:26:34	CC_BY_NC_4_0	Myca	Myca			2025-01-14T12:33:28.092Z	StillImage	COORDINATE_ROUNDED;CONTINENT_DERIVED_FROM_COORDINATES;TAXON_MATCH_TAXON_ID_IGNORED
3923615726	50c9509d-22c7-4a22-a47d-8c48425ef4a7	https://www.inaturalist.org/observations/136448607	Fungi	Basidiomycota	Agaricomycetes	Polyporales	Polyporaceae	Lentinus	Lentinus levis		SPECIES	Pleurotus levis (Berk. & M.A.Curtis) Singer	Pleurotus levis		CA		Ontario	PRESENT		28eb1a3f-1c15-4a95-931a-4af90ecb574d	45.26145	-75.36857							2022-09-25T10:38:04	25	9	2022	2545531	2545525	HUMAN_OBSERVATION	iNaturalist	Observations	136448607				CC_BY_NC_4_0	Randy	Randy			2025-01-14T13:25:52.146Z	StillImage	CONTINENT_DERIVED_FROM_COORDINATES;TAXON_MATCH_TAXON_ID_IGNORED
3923552210	50c9509d-22c7-4a22-a47d-8c48425ef4a7	https://www.inaturalist.org/observations/137137379	Fungi	Basidiomycota	Agaricomycetes	Polyporales	Polyporaceae	Lentinus	Lentinus levis		SPECIES	Pleurotus levis (Berk. & M.A.Curtis) Singer	Pleurotus levis		CA		Québec	PRESENT		28eb1a3f-1c15-4a95-931a-4af90ecb574d	45.918985	-76.548858	27095.0						2022-09-20T14:32	20	9	2022	2545531	2545525	HUMAN_OBSERVATION	iNaturalist	Observations	137137379				CC_BY_NC_4_0	L Joan Heyding	L Joan Heyding			2025-01-14T13:31:48.762Z	StillImage	COORDINATE_ROUNDED;CONTINENT_DERIVED_FROM_COORDINATES;TAXON_MATCH_TAXON_ID_IGNORED
3903029123	50c9509d-22c7-4a22-a47d-8c48425ef4a7	https://www.inaturalist.org/observations/133902301	Fungi	Basidiomycota	Agaricomycetes	Polyporales	Polyporaceae	Lentinus	Lentinus levis		SPECIES	Pleurotus levis (Berk. & M.A.Curtis) Singer	Pleurotus levis		CA		Québec	PRESENT		28eb1a3f-1c15-4a95-931a-4af90ecb574d	45.654983	-75.672925	7.0						2022-09-06T08:30:40	6	9	2022	2545531	2545525	HUMAN_OBSERVATION	iNaturalist	Observations	133902301				CC_BY_NC_4_0	Anthony Gaston	Anthony Gaston			2025-01-14T12:31:43.769Z	StillImage	COORDINATE_ROUNDED;CONTINENT_DERIVED_FROM_COORDINATES;TAXON_MATCH_TAXON_ID_IGNORED
3902641721	50c9509d-22c7-4a22-a47d-8c48425ef4a7	https://www.inaturalist.org/observations/70769909	Fungi	Basidiomycota	Agaricomycetes	Polyporales	Polyporaceae	Lentinus	Lentinus levis		SPECIES	Pleurotus levis (Berk. & M.A.Curtis) Singer	Pleurotus levis		CA		Ontario	PRESENT		28eb1a3f-1c15-4a95-931a-4af90ecb574d	45.833332	-78.483494	61355.0						2016-09-15T13:57	15	9	2016	2545531	2545525	HUMAN_OBSERVATION	iNaturalist	Observations	70769909				CC0_1_0	Garrett Taylor	Garrett Taylor			2025-01-14T13:06:26.665Z	StillImage	COORDINATE_ROUNDED;CONTINENT_DERIVED_FROM_COORDINATES;TAXON_MATCH_TAXON_ID_IGNORED
3902567842	50c9509d-22c7-4a22-a47d-8c48425ef4a7	https://www.inaturalist.org/observations/133073204	Fungi	Basidiomycota	Agaricomycetes	Polyporales	Polyporaceae	Lentinus	Lentinus levis		SPECIES	Pleurotus levis (Berk. & M.A.Curtis) Singer	Pleurotus levis		CA		Ontario	PRESENT		28eb1a3f-1c15-4a95-931a-4af90ecb574d	45.254431	-79.05427	488.0						2022-08-30T14:24	30	8	2022	2545531	2545525	HUMAN_OBSERVATION	iNaturalist	Observations	133073204				CC_BY_NC_4_0	mfmclean1261	mfmclean1261			2025-01-14T12:32:26.276Z	StillImage	COORDINATE_ROUNDED;CONTINENT_DERIVED_FROM_COORDINATES;TAXON_MATCH_TAXON_ID_IGNORED
3902165827	50c9509d-22c7-4a22-a47d-8c48425ef4a7	https://www.inaturalist.org/observations/85287455	Fungi	Basidiomycota	Agaricomycetes	Polyporales	Polyporaceae	Lentinus	Lentinus levis		SPECIES	Pleurotus levis (Berk. & M.A.Curtis) Singer	Pleurotus levis		CA		Québec	PRESENT		28eb1a3f-1c15-4a95-931a-4af90ecb574d	45.807139	-76.427292	27095.0						2021-06-22T10:10	22	6	2021	2545531	2545525	HUMAN_OBSERVATION	iNaturalist	Observations	85287455				CC_BY_NC_4_0	L Joan Heyding	L Joan Heyding			2025-01-14T13:13:06.626Z	StillImage	COORDINATE_ROUNDED;CONTINENT_DERIVED_FROM_COORDINATES;TAXON_MATCH_TAXON_ID_IGNORED
3902116714	50c9509d-22c7-4a22-a47d-8c48425ef4a7	https://www.inaturalist.org/observations/106952118	Fungi	Basidiomycota	Agaricomycetes	Polyporales	Polyporaceae	Lentinus	Lentinus levis		SPECIES	Pleurotus levis (Berk. & M.A.Curtis) Singer	Pleurotus levis		CA		Ontario	PRESENT		28eb1a3f-1c15-4a95-931a-4af90ecb574d	45.199755	-76.238209	15.0						2018-08-10T22:39	10	8	2018	2545531	2545525	HUMAN_OBSERVATION	iNaturalist	Observations	106952118				CC_BY_NC_4_0	almonteallisons	almonteallisons			2025-01-14T12:26:05.702Z	StillImage	COORDINATE_ROUNDED;CONTINENT_DERIVED_FROM_COORDINATES;TAXON_MATCH_TAXON_ID_IGNORED
3892648488	50c9509d-22c7-4a22-a47d-8c48425ef4a7	https://www.inaturalist.org/observations/127434700	Fungi	Basidiomycota	Agaricomycetes	Polyporales	Polyporaceae	Lentinus	Lentinus levis		SPECIES	Pleurotus levis (Berk. & M.A.Curtis) Singer	Pleurotus levis		CA		Ontario	PRESENT		28eb1a3f-1c15-4a95-931a-4af90ecb574d	45.36131	-75.86605	61.0						2022-07-22T19:04	22	7	2022	2545531	2545525	HUMAN_OBSERVATION	iNaturalist	Observations	127434700				CC_BY_NC_4_0	Stewart Zeyl	Stewart Zeyl			2025-01-14T13:24:26.341Z	StillImage	COORDINATE_ROUNDED;CONTINENT_DERIVED_FROM_COORDINATES;TAXON_MATCH_TAXON_ID_IGNORED
3888814834	50c9509d-22c7-4a22-a47d-8c48425ef4a7	https://www.inaturalist.org/observations/129494429	Fungi	Basidiomycota	Agaricomycetes	Polyporales	Polyporaceae	Lentinus	Lentinus levis		SPECIES	Pleurotus levis (Berk. & M.A.Curtis) Singer	Pleurotus levis		CA		Québec	PRESENT		28eb1a3f-1c15-4a95-931a-4af90ecb574d	45.960654	-76.456679	27095.0						2022-08-03T11:40	3	8	2022	2545531	2545525	HUMAN_OBSERVATION	iNaturalist	Observations	129494429				CC_BY_NC_4_0	L Joan Heyding	L Joan Heyding			2025-01-14T12:31:06.344Z	StillImage	COORDINATE_ROUNDED;CONTINENT_DERIVED_FROM_COORDINATES;TAXON_MATCH_TAXON_ID_IGNORED
3859430048	50c9509d-22c7-4a22-a47d-8c48425ef4a7	https://www.inaturalist.org/observations/122203667	Fungi	Basidiomycota	Agaricomycetes	Polyporales	Polyporaceae	Lentinus	Lentinus levis		SPECIES	Pleurotus levis (Berk. & M.A.Curtis) Singer	Pleurotus levis		CA		New Brunswick	PRESENT		28eb1a3f-1c15-4a95-931a-4af90ecb574d	45.728569	-65.244397	713.0						2022-06-17T15:11:40	17	6	2022	2545531	2545525	HUMAN_OBSERVATION	iNaturalist	Observations	122203667				CC_BY_NC_4_0	iberth506	iberth506			2025-01-14T12:30:18.847Z	StillImage	COORDINATE_ROUNDED;CONTINENT_DERIVED_FROM_COORDINATES;TAXON_MATCH_TAXON_ID_IGNORED
3764157339	50c9509d-22c7-4a22-a47d-8c48425ef4a7	https://www.inaturalist.org/observations/57761084	Fungi	Basidiomycota	Agaricomycetes	Polyporales	Polyporaceae	Lentinus	Lentinus levis		SPECIES	Pleurotus levis (Berk. & M.A.Curtis) Singer	Pleurotus levis		CA		Ontario	PRESENT		28eb1a3f-1c15-4a95-931a-4af90ecb574d	45.558151	-74.422019	8.0						2020-08-27T15:02:57	27	8	2020	2545531	2545525	HUMAN_OBSERVATION	iNaturalist	Observations	57761084				CC_BY_NC_4_0	amyorr	amyorr			2025-01-14T13:03:49.470Z	StillImage	COORDINATE_ROUNDED;CONTINENT_DERIVED_FROM_COORDINATES;TAXON_MATCH_TAXON_ID_IGNORED
3337468281	50c9509d-22c7-4a22-a47d-8c48425ef4a7	https://www.inaturalist.org/observations/91482988	Fungi	Basidiomycota	Agaricomycetes	Polyporales	Polyporaceae	Lentinus	Lentinus levis		SPECIES	Pleurotus levis (Berk. & M.A.Curtis) Singer	Pleurotus levis		CA		Ontario	PRESENT		28eb1a3f-1c15-4a95-931a-4af90ecb574d	46.19827	-77.875258	4038.0						2021-08-16T13:11:50	16	8	2021	2545531	2545525	HUMAN_OBSERVATION	iNaturalist	Observations	91482988				CC_BY_NC_4_0	Sarah Lamond	Sarah Lamond			2025-01-14T12:20:31.594Z	StillImage	COORDINATE_ROUNDED;CONTINENT_DERIVED_FROM_COORDINATES;TAXON_MATCH_TAXON_ID_IGNORED
3079716926	50c9509d-22c7-4a22-a47d-8c48425ef4a7	https://www.inaturalist.org/observations/57483048	Fungi	Basidiomycota	Agaricomycetes	Polyporales	Polyporaceae	Lentinus	Lentinus levis		SPECIES	Pleurotus levis (Berk. & M.A.Curtis) Singer	Pleurotus levis		CA		Ontario	PRESENT		28eb1a3f-1c15-4a95-931a-4af90ecb574d	45.388839	-75.535439	8.0						2020-08-24T14:45	24	8	2020	2545531	2545525	HUMAN_OBSERVATION	iNaturalist	Observations	57483048				CC_BY_NC_4_0	Igor Khomenko	Igor Khomenko			2025-01-14T12:14:48.435Z	StillImage	COORDINATE_ROUNDED;CONTINENT_DERIVED_FROM_COORDINATES;TAXON_MATCH_TAXON_ID_IGNORED
3079507879	50c9509d-22c7-4a22-a47d-8c48425ef4a7	https://www.inaturalist.org/observations/56375617	Fungi	Basidiomycota	Agaricomycetes	Polyporales	Polyporaceae	Lentinus	Lentinus levis		SPECIES	Pleurotus levis (Berk. & M.A.Curtis) Singer	Pleurotus levis		CA		Ontario	PRESENT		28eb1a3f-1c15-4a95-931a-4af90ecb574d	45.407188	-75.588967	12.0						2020-08-13T14:20:05	13	8	2020	2545531	2545525	HUMAN_OBSERVATION	iNaturalist	Observations	56375617				CC_BY_NC_4_0	Igor Khomenko	Igor Khomenko			2025-01-14T13:13:29.489Z	StillImage	COORDINATE_ROUNDED;CONTINENT_DERIVED_FROM_COORDINATES;TAXON_MATCH_TAXON_ID_IGNORED
3079481653	50c9509d-22c7-4a22-a47d-8c48425ef4a7	https://www.inaturalist.org/observations/29651224	Fungi	Basidiomycota	Agaricomycetes	Polyporales	Polyporaceae	Lentinus	Lentinus levis		SPECIES	Pleurotus levis (Berk. & M.A.Curtis) Singer	Pleurotus levis		CA		Ontario	PRESENT		28eb1a3f-1c15-4a95-931a-4af90ecb574d	45.407272	-75.589119	8.0						2019-07-27T09:56	27	7	2019	2545531	2545525	HUMAN_OBSERVATION	iNaturalist	Observations	29651224				CC_BY_NC_4_0	Igor Khomenko	Igor Khomenko			2025-01-14T13:04:24.647Z	StillImage	COORDINATE_ROUNDED;CONTINENT_DERIVED_FROM_COORDINATES;TAXON_MATCH_TAXON_ID_IGNORED
3039183601	50c9509d-22c7-4a22-a47d-8c48425ef4a7	https://www.inaturalist.org/observations/56966641	Fungi	Basidiomycota	Agaricomycetes	Polyporales	Polyporaceae	Lentinus	Lentinus levis		SPECIES	Pleurotus levis (Berk. & M.A.Curtis) Singer	Pleurotus levis		CA		Québec	PRESENT		28eb1a3f-1c15-4a95-931a-4af90ecb574d	45.533058	-75.928322	4.0						2020-08-19T14:23:03	19	8	2020	2545531	2545525	HUMAN_OBSERVATION	iNaturalist	Observations	56966641				CC_BY_NC_4_0	Clare Kilgour	Clare Kilgour			2025-01-14T13:09:31.248Z	StillImage	COORDINATE_ROUNDED;CONTINENT_DERIVED_FROM_COORDINATES;TAXON_MATCH_TAXON_ID_IGNORED
2422820222	50c9509d-22c7-4a22-a47d-8c48425ef4a7	https://www.inaturalist.org/observations/17739889	Fungi	Basidiomycota	Agaricomycetes	Polyporales	Polyporaceae	Lentinus	Lentinus levis		SPECIES	Pleurotus levis (Berk. & M.A.Curtis) Singer	Pleurotus levis		CA		Ontario	PRESENT		28eb1a3f-1c15-4a95-931a-4af90ecb574d	45.23901	-78.891557	3.0						2018-10-21T13:37:03	21	10	2018	2545531	2545525	HUMAN_OBSERVATION	iNaturalist	Observations	17739889				CC_BY_NC_4_0	kstronks	kstronks			2025-01-14T13:00:40.757Z	StillImage	COORDINATE_ROUNDED;CONTINENT_DERIVED_FROM_COORDINATES;TAXON_MATCH_TAXON_ID_IGNORED
2283337607	50c9509d-22c7-4a22-a47d-8c48425ef4a7	https://www.inaturalist.org/observations/8851144	Fungi	Basidiomycota	Agaricomycetes	Polyporales	Polyporaceae	Lentinus	Lentinus levis		SPECIES	Pleurotus levis (Berk. & M.A.Curtis) Singer	Pleurotus levis		CA		Ontario	PRESENT		28eb1a3f-1c15-4a95-931a-4af90ecb574d	45.669861	-78.198323							2003-09-03T13:03	3	9	2003	2545531	2545525	HUMAN_OBSERVATION	iNaturalist	Observations	8851144				CC_BY_NC_4_0	Jason J. Dombroskie	Jason J. Dombroskie			2025-01-14T13:00:52.806Z	StillImage	COORDINATE_ROUNDED;CONTINENT_DERIVED_FROM_COORDINATES;TAXON_MATCH_TAXON_ID_IGNORED
1847646959	50c9509d-22c7-4a22-a47d-8c48425ef4a7	https://www.inaturalist.org/observations/9592395	Fungi	Basidiomycota	Agaricomycetes	Polyporales	Polyporaceae	Lentinus	Lentinus levis		SPECIES	Pleurotus levis (Berk. & M.A.Curtis) Singer	Pleurotus levis		CA		Ontario	PRESENT		28eb1a3f-1c15-4a95-931a-4af90ecb574d	45.35695	-79.0971	33539.0						2016-09-18	18	9	2016	2545531	2545525	HUMAN_OBSERVATION	iNaturalist	Observations	9592395				CC_BY_NC_4_0	mycowalt	mycowalt			2025-01-14T13:00:05.754Z	StillImage	CONTINENT_DERIVED_FROM_COORDINATES;TAXON_MATCH_TAXON_ID_IGNORED
1807259530	e8a25a42-f125-476c-8554-3ec21cd51a84	ACAD:116321	Fungi	Basidiomycota	Agaricomycetes	Polyporales	Polyporaceae	Lentinus	Lentinus levis		SPECIES	Lentinus levis (Berk. & M.A.Curtis) Murrill	Lentinus levis (Berk. & M.A. Curtis) Murrill	(Berk. & M.A. Curtis) Murrill	CA	Kentville	Nova Scotia	PRESENT		6491ad8c-8e49-4bd4-a089-0ddb3bbe0890	45.07662	-64.49592							1958-08-13	13	8	1958	2545525	2545525	PRESERVED_SPECIMEN	Acadia University	ACAD	4119F	4119			CC0_1_0	Acadia University	H, KA; Curtis			2024-01-25T01:37:03.865Z	StillImage	GEODETIC_DATUM_INVALID;GEODETIC_DATUM_ASSUMED_WGS84;TAXON_MATCH_TAXON_ID_IGNORED;INSTITUTION_MATCH_FUZZY;COLLECTION_MATCH_FUZZY
1807258661	e8a25a42-f125-476c-8554-3ec21cd51a84	ACAD:115278	Fungi	Basidiomycota	Agaricomycetes	Polyporales	Polyporaceae	Lentinus	Lentinus levis		SPECIES	Lentinus levis (Berk. & M.A.Curtis) Murrill	Lentinus levis (Berk. & M.A. Curtis) Murrill	(Berk. & M.A. Curtis) Murrill	CA	Kentville	Nova Scotia	PRESENT		6491ad8c-8e49-4bd4-a089-0ddb3bbe0890	45.07662	-64.49592							1936-09-25	25	9	1936	2545525	2545525	PRESERVED_SPECIMEN	Acadia University	ACAD	989F	989			CC0_1_0	Acadia University	H, KA			2024-01-25T01:36:59.358Z	StillImage	GEODETIC_DATUM_INVALID;GEODETIC_DATUM_ASSUMED_WGS84;TAXON_MATCH_TAXON_ID_IGNORED;INSTITUTION_MATCH_FUZZY;COLLECTION_MATCH_FUZZY
1699435608	21705170-d2b6-42de-8904-c3bca4b83591	CMMF008508	Fungi	Basidiomycota	Agaricomycetes	Polyporales	Polyporaceae	Lentinus	Lentinus levis		SPECIES	Lentinus levis (Berk. & M.A.Curtis) Murrill	Lentinus levis (Berk. & M.A.Curtis) Murrill	(Berk. & M.A.Curtis) Murrill	CA	Station biologique des Laurentides (Saint-Hippolyte)	Quebec	PRESENT		ff7bd5db-b724-4932-b496-10ea298851f9	45.988582	-74.009078	50.0						2013-09-05	5	9	2013	2545525	2545525	PRESERVED_SPECIMEN	Université de Montréal Biodiversity Centre	CMMF	CMMF008508	s.n.	Archambault, Raymond		CC0_1_0	Université de Montréal Biodiversity Centre	Théry, Thomas			2024-01-24T16:38:17.906Z		INSTITUTION_MATCH_FUZZY;COLLECTION_MATCH_FUZZY;DIFFERENT_OWNER_INSTITUTION
