gbifID	datasetKey	occurrenceID	kingdom	phylum	class	order	family	genus	species	infraspecificEpithet	taxonRank	scientificName	verbatimScientificName	verbatimScientificNameAuthorship	countryCode	locality	stateProvince	occurrenceStatus	individualCount	publishingOrgKey	decimalLatitude	decimalLongitude	coordinateUncertaintyInMeters	coordinatePrecision	elevation	elevationAccuracy	depth	depthAccuracy	eventDate	day	month	year	taxonKey	speciesKey	basisOfRecord	institutionCode	collectionCode	catalogNumber	recordNumber	identifiedBy	dateIdentified	license	rightsHolder	recordedBy	typeStatus	establishmentMeans	lastInterpreted	mediaType	issue
617555023	21705170-d2b6-42de-8904-c3bca4b83591	CMMF000623	Fungi	Basidiomycota	Agaricomycetes	Agaricales	Omphalotaceae	Omphalotus	Omphalotus illudens		SPECIES	Omphalotus illudens (Schwein.) Bresinsky & Besl	Omphalotus illudens (Schwein.) Bresinsky & Besl	(Schwein.) Bresinsky & Besl	CA	Montréal	Québec	PRESENT		ff7bd5db-b724-4932-b496-10ea298851f9	45.509625	-73.662984	25000.0						1989-08-09	9	8	1989	2538084	2538084	PRESERVED_SPECIMEN	Université de Montréal Biodiversity Centre	CMMF	CMMF000623		Lamoureux, Yves		CC0_1_0	Université de Montréal Biodiversity Centre	Lamoureux, Yves			2024-01-24T16:38:20.105Z	StillImage	INSTITUTION_MATCH_FUZZY;COLLECTION_MATCH_FUZZY;DIFFERENT_OWNER_INSTITUTION
617554986	21705170-d2b6-42de-8904-c3bca4b83591	CMMF000605	Fungi	Basidiomycota	Agaricomycetes	Agaricales	Omphalotaceae	Omphalotus	Omphalotus illudens		SPECIES	Omphalotus illudens (Schwein.) Bresinsky & Besl	Omphalotus illudens (Schwein.) Bresinsky & Besl	(Schwein.) Bresinsky & Besl	CA	Montréal	Québec	PRESENT		ff7bd5db-b724-4932-b496-10ea298851f9	45.509625	-73.662984	25000.0						1989-08-05	5	8	1989	2538084	2538084	PRESERVED_SPECIMEN	Université de Montréal Biodiversity Centre	CMMF	CMMF000605		Lamoureux, Yves		CC0_1_0	Université de Montréal Biodiversity Centre	Lamoureux, Yves			2024-01-24T16:38:20.206Z	StillImage	INSTITUTION_MATCH_FUZZY;COLLECTION_MATCH_FUZZY;DIFFERENT_OWNER_INSTITUTION
617552518	21705170-d2b6-42de-8904-c3bca4b83591	CMMF003197	Fungi	Basidiomycota	Agaricomycetes	Agaricales	Omphalotaceae	Omphalotus	Omphalotus illudens		SPECIES	Omphalotus illudens (Schwein.) Bresinsky & Besl	Omphalotus illudens (Schwein.) Bresinsky & Besl	(Schwein.) Bresinsky & Besl	CA	Boucherville	Québec	PRESENT		ff7bd5db-b724-4932-b496-10ea298851f9	45.597683	-73.43011	5500.0						1998-07-06	6	7	1998	2538084	2538084	PRESERVED_SPECIMEN	Université de Montréal Biodiversity Centre	CMMF	CMMF003197		Lamoureux, Yves		CC0_1_0	Université de Montréal Biodiversity Centre	Lamoureux, Yves			2024-01-24T16:38:16.888Z	StillImage	INSTITUTION_MATCH_FUZZY;COLLECTION_MATCH_FUZZY;DIFFERENT_OWNER_INSTITUTION
617551290	21705170-d2b6-42de-8904-c3bca4b83591	CMMF000264	Fungi	Basidiomycota	Agaricomycetes	Agaricales	Omphalotaceae	Omphalotus	Omphalotus illudens		SPECIES	Omphalotus illudens (Schwein.) Bresinsky & Besl	Omphalotus illudens (Schwein.) Bresinsky & Besl	(Schwein.) Bresinsky & Besl	CA	Montréal	Québec	PRESENT		ff7bd5db-b724-4932-b496-10ea298851f9	45.509625	-73.662984	25000.0						1988-08-29	29	8	1988	2538084	2538084	PRESERVED_SPECIMEN	Université de Montréal Biodiversity Centre	CMMF	CMMF000264		Lamoureux, Yves		CC0_1_0	Université de Montréal Biodiversity Centre	Lamoureux, Yves			2024-01-24T16:38:20.699Z	StillImage	INSTITUTION_MATCH_FUZZY;COLLECTION_MATCH_FUZZY;DIFFERENT_OWNER_INSTITUTION
4994546659	50c9509d-22c7-4a22-a47d-8c48425ef4a7	https://www.inaturalist.org/observations/235398678	Fungi	Basidiomycota	Agaricomycetes	Agaricales	Omphalotaceae	Omphalotus	Omphalotus illudens		SPECIES	Omphalotus illudens (Schwein.) Bresinsky & Besl	Omphalotus illudens		CA		Ontario	PRESENT		28eb1a3f-1c15-4a95-931a-4af90ecb574d	45.201793	-76.239489							2024-08-12T14:03	12	8	2024	2538084	2538084	HUMAN_OBSERVATION	iNaturalist	Observations	235398678		almonteallisons	2024-08-12T19:44:47	CC_BY_NC_4_0	almonteallisons	almonteallisons			2025-01-14T12:52:09.904Z	StillImage	COORDINATE_ROUNDED;CONTINENT_DERIVED_FROM_COORDINATES;TAXON_MATCH_TAXON_ID_IGNORED
4994534914	50c9509d-22c7-4a22-a47d-8c48425ef4a7	https://www.inaturalist.org/observations/179411173	Fungi	Basidiomycota	Agaricomycetes	Agaricales	Omphalotaceae	Omphalotus	Omphalotus illudens		SPECIES	Omphalotus illudens (Schwein.) Bresinsky & Besl	Omphalotus illudens		CA		Québec	PRESENT		28eb1a3f-1c15-4a95-931a-4af90ecb574d	45.55697	-73.227212	24.0						2023-08-20T16:29:36	20	8	2023	2538084	2538084	HUMAN_OBSERVATION	iNaturalist	Observations	179411173		t1tan1k	2023-08-20T20:29:43	CC_BY_NC_4_0	t1tan1k	t1tan1k			2025-01-14T12:40:01.060Z	StillImage	COORDINATE_ROUNDED;CONTINENT_DERIVED_FROM_COORDINATES;TAXON_MATCH_TAXON_ID_IGNORED
4994534538	50c9509d-22c7-4a22-a47d-8c48425ef4a7	https://www.inaturalist.org/observations/111916548	Fungi	Basidiomycota	Agaricomycetes	Agaricales	Omphalotaceae	Omphalotus	Omphalotus illudens		SPECIES	Omphalotus illudens (Schwein.) Bresinsky & Besl	Omphalotus illudens		CA		Québec	PRESENT		28eb1a3f-1c15-4a95-931a-4af90ecb574d	45.54952	-73.321996	262.0						2021-07-23T21:30:41	23	7	2021	2538084	2538084	HUMAN_OBSERVATION	iNaturalist	Observations	111916548		Carlene Cliver	2022-04-18T16:31:51	CC_BY_NC_4_0	daisyzuma	daisyzuma			2025-01-14T12:26:31.484Z	StillImage	COORDINATE_ROUNDED;CONTINENT_DERIVED_FROM_COORDINATES;TAXON_MATCH_TAXON_ID_IGNORED
4994485720	50c9509d-22c7-4a22-a47d-8c48425ef4a7	https://www.inaturalist.org/observations/238853166	Fungi	Basidiomycota	Agaricomycetes	Agaricales	Omphalotaceae	Omphalotus	Omphalotus illudens		SPECIES	Omphalotus illudens (Schwein.) Bresinsky & Besl	Omphalotus illudens		CA		Québec	PRESENT		28eb1a3f-1c15-4a95-931a-4af90ecb574d	45.451062	-73.476423							2024-08-30T17:50:22	30	8	2024	2538084	2538084	HUMAN_OBSERVATION	iNaturalist	Observations	238853166		intodream	2024-08-30T21:55:36	CC_BY_NC_4_0	intodream	intodream			2025-01-14T12:52:30.435Z	StillImage	COORDINATE_ROUNDED;CONTINENT_DERIVED_FROM_COORDINATES;TAXON_MATCH_TAXON_ID_IGNORED
4994464969	50c9509d-22c7-4a22-a47d-8c48425ef4a7	https://www.inaturalist.org/observations/87925944	Fungi	Basidiomycota	Agaricomycetes	Agaricales	Omphalotaceae	Omphalotus	Omphalotus illudens		SPECIES	Omphalotus illudens (Schwein.) Bresinsky & Besl	Omphalotus illudens		CA		Québec	PRESENT		28eb1a3f-1c15-4a95-931a-4af90ecb574d	45.575903	-73.184792							2021-07-20T06:12:19	20	7	2021	2538084	2538084	HUMAN_OBSERVATION	iNaturalist	Observations	87925944		Vincent Auclair	2021-07-20T23:45:36	CC_BY_NC_4_0	Vincent Auclair	Vincent Auclair			2025-01-14T13:10:38.894Z	StillImage	COORDINATE_ROUNDED;CONTINENT_DERIVED_FROM_COORDINATES;TAXON_MATCH_TAXON_ID_IGNORED
4994462711	50c9509d-22c7-4a22-a47d-8c48425ef4a7	https://www.inaturalist.org/observations/233731575	Fungi	Basidiomycota	Agaricomycetes	Agaricales	Omphalotaceae	Omphalotus	Omphalotus illudens		SPECIES	Omphalotus illudens (Schwein.) Bresinsky & Besl	Omphalotus illudens		CA		Québec	PRESENT		28eb1a3f-1c15-4a95-931a-4af90ecb574d	45.379097	-75.809058	5.0						2024-08-03T08:19:49	3	8	2024	2538084	2538084	HUMAN_OBSERVATION	iNaturalist	Observations	233731575		Ariel Bonkoski	2024-12-03T05:49:17	CC_BY_NC_4_0	smartineau	smartineau			2025-01-14T12:48:27.133Z	StillImage	COORDINATE_ROUNDED;CONTINENT_DERIVED_FROM_COORDINATES;TAXON_MATCH_TAXON_ID_IGNORED
4994457890	50c9509d-22c7-4a22-a47d-8c48425ef4a7	https://www.inaturalist.org/observations/237365613	Fungi	Basidiomycota	Agaricomycetes	Agaricales	Omphalotaceae	Omphalotus	Omphalotus illudens		SPECIES	Omphalotus illudens (Schwein.) Bresinsky & Besl	Omphalotus illudens		CA		Québec	PRESENT		28eb1a3f-1c15-4a95-931a-4af90ecb574d	45.431962	-74.3191	10.0						2024-08-22T14:41:58	22	8	2024	2538084	2538084	HUMAN_OBSERVATION	iNaturalist	Observations	237365613		vincent_dumontier	2024-08-22T22:25:48	CC_BY_NC_4_0	vincent_dumontier	vincent_dumontier			2025-01-14T13:38:42.021Z	StillImage	COORDINATE_ROUNDED;CONTINENT_DERIVED_FROM_COORDINATES;TAXON_MATCH_TAXON_ID_IGNORED
4994428544	50c9509d-22c7-4a22-a47d-8c48425ef4a7	https://www.inaturalist.org/observations/180811423	Fungi	Basidiomycota	Agaricomycetes	Agaricales	Omphalotaceae	Omphalotus	Omphalotus illudens		SPECIES	Omphalotus illudens (Schwein.) Bresinsky & Besl	Omphalotus illudens		CA		Nova Scotia	PRESENT		28eb1a3f-1c15-4a95-931a-4af90ecb574d	45.085454	-64.338821	8.0						2023-08-29T08:33:41	29	8	2023	2538084	2538084	HUMAN_OBSERVATION	iNaturalist	Observations	180811423		carol_fellowes	2023-08-29T19:17:17	CC_BY_NC_4_0	carol_fellowes	carol_fellowes			2025-01-14T13:32:14.765Z	StillImage	COORDINATE_ROUNDED;CONTINENT_DERIVED_FROM_COORDINATES;TAXON_MATCH_TAXON_ID_IGNORED
4994424189	50c9509d-22c7-4a22-a47d-8c48425ef4a7	https://www.inaturalist.org/observations/180304420	Fungi	Basidiomycota	Agaricomycetes	Agaricales	Omphalotaceae	Omphalotus	Omphalotus illudens		SPECIES	Omphalotus illudens (Schwein.) Bresinsky & Besl	Omphalotus illudens		CA		Québec	PRESENT		28eb1a3f-1c15-4a95-931a-4af90ecb574d	45.544962	-73.473403	8.0						2023-08-26T09:50:27	26	8	2023	2538084	2538084	HUMAN_OBSERVATION	iNaturalist	Observations	180304420		june_berry	2023-08-26T17:45:36	CC_BY_NC_4_0	june_berry	june_berry			2025-01-14T13:26:45.364Z	StillImage	COORDINATE_ROUNDED;CONTINENT_DERIVED_FROM_COORDINATES;TAXON_MATCH_TAXON_ID_IGNORED
4994418446	50c9509d-22c7-4a22-a47d-8c48425ef4a7	https://www.inaturalist.org/observations/88060404	Fungi	Basidiomycota	Agaricomycetes	Agaricales	Omphalotaceae	Omphalotus	Omphalotus illudens		SPECIES	Omphalotus illudens (Schwein.) Bresinsky & Besl	Omphalotus illudens		CA		Québec	PRESENT		28eb1a3f-1c15-4a95-931a-4af90ecb574d	45.551247	-73.324037	5.0						2021-07-21T19:44:14	21	7	2021	2538084	2538084	HUMAN_OBSERVATION	iNaturalist	Observations	88060404		Olivier Brisson	2021-07-21T23:46:56	CC_BY_4_0	Olivier Brisson	Olivier Brisson			2025-01-14T12:19:30.534Z	StillImage	COORDINATE_ROUNDED;CONTINENT_DERIVED_FROM_COORDINATES;TAXON_MATCH_TAXON_ID_IGNORED
4994295232	50c9509d-22c7-4a22-a47d-8c48425ef4a7	https://www.inaturalist.org/observations/179442015	Fungi	Basidiomycota	Agaricomycetes	Agaricales	Omphalotaceae	Omphalotus	Omphalotus illudens		SPECIES	Omphalotus illudens (Schwein.) Bresinsky & Besl	Omphalotus illudens		CA		Québec	PRESENT		28eb1a3f-1c15-4a95-931a-4af90ecb574d	45.312056	-73.239566	167.0						2023-08-20T09:17	20	8	2023	2538084	2538084	HUMAN_OBSERVATION	iNaturalist	Observations	179442015		bouletr	2023-08-20T23:40:47	CC_BY_NC_4_0	bouletr	bouletr			2025-01-14T13:26:33.580Z	StillImage	COORDINATE_ROUNDED;CONTINENT_DERIVED_FROM_COORDINATES;TAXON_MATCH_TAXON_ID_IGNORED
4994294094	50c9509d-22c7-4a22-a47d-8c48425ef4a7	https://www.inaturalist.org/observations/179442014	Fungi	Basidiomycota	Agaricomycetes	Agaricales	Omphalotaceae	Omphalotus	Omphalotus illudens		SPECIES	Omphalotus illudens (Schwein.) Bresinsky & Besl	Omphalotus illudens		CA		Québec	PRESENT		28eb1a3f-1c15-4a95-931a-4af90ecb574d	45.312056	-73.239566	167.0						2023-08-20T09:17	20	8	2023	2538084	2538084	HUMAN_OBSERVATION	iNaturalist	Observations	179442014		bouletr	2023-08-20T23:40:47	CC_BY_NC_4_0	bouletr	bouletr			2025-01-14T12:39:52.572Z	StillImage	COORDINATE_ROUNDED;CONTINENT_DERIVED_FROM_COORDINATES;TAXON_MATCH_TAXON_ID_IGNORED
4994292073	50c9509d-22c7-4a22-a47d-8c48425ef4a7	https://www.inaturalist.org/observations/130166240	Fungi	Basidiomycota	Agaricomycetes	Agaricales	Omphalotaceae	Omphalotus	Omphalotus illudens		SPECIES	Omphalotus illudens (Schwein.) Bresinsky & Besl	Omphalotus illudens		CA		New Brunswick	PRESENT		28eb1a3f-1c15-4a95-931a-4af90ecb574d	45.951145	-66.681228	9.0						2022-08-09T18:44:51	9	8	2022	2538084	2538084	HUMAN_OBSERVATION	iNaturalist	Observations	130166240		Tristan Hallett	2022-08-22T11:58:56	CC_BY_NC_4_0	shrinkydavinky	shrinkydavinky			2025-01-14T13:30:55.028Z	StillImage	COORDINATE_ROUNDED;CONTINENT_DERIVED_FROM_COORDINATES;TAXON_MATCH_TAXON_ID_IGNORED
4994181639	50c9509d-22c7-4a22-a47d-8c48425ef4a7	https://www.inaturalist.org/observations/238134303	Fungi	Basidiomycota	Agaricomycetes	Agaricales	Omphalotaceae	Omphalotus	Omphalotus illudens		SPECIES	Omphalotus illudens (Schwein.) Bresinsky & Besl	Omphalotus illudens		CA		Nova Scotia	PRESENT		28eb1a3f-1c15-4a95-931a-4af90ecb574d	45.013605	-64.018816	9.0						2024-08-26T17:11:12	26	8	2024	2538084	2538084	HUMAN_OBSERVATION	iNaturalist	Observations	238134303		kremme	2024-08-26T20:34:48	CC_BY_NC_4_0	kremme	kremme			2025-01-14T12:53:10.628Z	StillImage	COORDINATE_ROUNDED;CONTINENT_DERIVED_FROM_COORDINATES;TAXON_MATCH_TAXON_ID_IGNORED
4994172327	50c9509d-22c7-4a22-a47d-8c48425ef4a7	https://www.inaturalist.org/observations/92163302	Fungi	Basidiomycota	Agaricomycetes	Agaricales	Omphalotaceae	Omphalotus	Omphalotus illudens		SPECIES	Omphalotus illudens (Schwein.) Bresinsky & Besl	Omphalotus illudens		CA		New Brunswick	PRESENT		28eb1a3f-1c15-4a95-931a-4af90ecb574d	45.984264	-66.638824	65.0						2021-08-22T18:21:14	22	8	2021	2538084	2538084	HUMAN_OBSERVATION	iNaturalist	Observations	92163302		rick-1951	2021-08-22T21:21:31	CC_BY_NC_4_0	rick-1951	rick-1951			2025-01-14T12:20:45.657Z	StillImage	COORDINATE_ROUNDED;CONTINENT_DERIVED_FROM_COORDINATES;TAXON_MATCH_TAXON_ID_IGNORED
4994090552	50c9509d-22c7-4a22-a47d-8c48425ef4a7	https://www.inaturalist.org/observations/237210374	Fungi	Basidiomycota	Agaricomycetes	Agaricales	Omphalotaceae	Omphalotus	Omphalotus illudens		SPECIES	Omphalotus illudens (Schwein.) Bresinsky & Besl	Omphalotus illudens		CA		Québec	PRESENT		28eb1a3f-1c15-4a95-931a-4af90ecb574d	45.552344	-73.326394	89.0						2024-08-17T12:00:43	17	8	2024	2538084	2538084	HUMAN_OBSERVATION	iNaturalist	Observations	237210374		andrewbtmn	2024-08-22T01:33:51	CC_BY_NC_4_0	andrewbtmn	andrewbtmn			2025-01-14T13:42:50.742Z	StillImage	COORDINATE_ROUNDED;CONTINENT_DERIVED_FROM_COORDINATES;TAXON_MATCH_TAXON_ID_IGNORED
4994012588	50c9509d-22c7-4a22-a47d-8c48425ef4a7	https://www.inaturalist.org/observations/238237690	Fungi	Basidiomycota	Agaricomycetes	Agaricales	Omphalotaceae	Omphalotus	Omphalotus illudens		SPECIES	Omphalotus illudens (Schwein.) Bresinsky & Besl	Omphalotus illudens		CA		Québec	PRESENT		28eb1a3f-1c15-4a95-931a-4af90ecb574d	46.778625	-71.2478	4.0						2024-08-27T09:24:52	27	8	2024	2538084	2538084	HUMAN_OBSERVATION	iNaturalist	Observations	238237690		l_bateman	2024-08-27T13:25:09	CC_BY_NC_4_0	l_bateman	l_bateman			2025-01-14T12:48:55.457Z	StillImage	COORDINATE_ROUNDED;CONTINENT_DERIVED_FROM_COORDINATES;TAXON_MATCH_TAXON_ID_IGNORED
4994012435	50c9509d-22c7-4a22-a47d-8c48425ef4a7	https://www.inaturalist.org/observations/234565939	Fungi	Basidiomycota	Agaricomycetes	Agaricales	Omphalotaceae	Omphalotus	Omphalotus illudens		SPECIES	Omphalotus illudens (Schwein.) Bresinsky & Besl	Omphalotus illudens		CA		Québec	PRESENT		28eb1a3f-1c15-4a95-931a-4af90ecb574d	45.515563	-73.825605							2024-08-08T15:04:37	8	8	2024	2538084	2538084	HUMAN_OBSERVATION	iNaturalist	Observations	234565939		Lukas Kramosch	2024-08-08T19:05:37	CC_BY_NC_4_0	Lukas Kramosch	Lukas Kramosch			2025-01-14T12:48:00.517Z	StillImage	COORDINATE_ROUNDED;CONTINENT_DERIVED_FROM_COORDINATES;TAXON_MATCH_TAXON_ID_IGNORED
4993989576	50c9509d-22c7-4a22-a47d-8c48425ef4a7	https://www.inaturalist.org/observations/244615952	Fungi	Basidiomycota	Agaricomycetes	Agaricales	Omphalotaceae	Omphalotus	Omphalotus illudens		SPECIES	Omphalotus illudens (Schwein.) Bresinsky & Besl	Omphalotus illudens		CA		Québec	PRESENT		28eb1a3f-1c15-4a95-931a-4af90ecb574d	45.543409	-73.340181	101.0						2024-09-28T14:12:08	28	9	2024	2538084	2538084	HUMAN_OBSERVATION	iNaturalist	Observations	244615952		andrewbtmn	2024-09-29T01:59:42	CC_BY_NC_4_0	andrewbtmn	andrewbtmn			2025-01-14T12:57:27.348Z	StillImage	COORDINATE_ROUNDED;CONTINENT_DERIVED_FROM_COORDINATES;TAXON_MATCH_TAXON_ID_IGNORED
4993978256	50c9509d-22c7-4a22-a47d-8c48425ef4a7	https://www.inaturalist.org/observations/232290215	Fungi	Basidiomycota	Agaricomycetes	Agaricales	Omphalotaceae	Omphalotus	Omphalotus illudens		SPECIES	Omphalotus illudens (Schwein.) Bresinsky & Besl	Omphalotus illudens		CA		Ontario	PRESENT		28eb1a3f-1c15-4a95-931a-4af90ecb574d	45.37053	-75.792678	424.0						2024-07-28	28	7	2024	2538084	2538084	HUMAN_OBSERVATION	iNaturalist	Observations	232290215		Skye	2024-07-29T15:26:33	CC_BY_NC_4_0	Skye	Skye			2025-01-14T12:50:57.143Z	StillImage	COORDINATE_ROUNDED;CONTINENT_DERIVED_FROM_COORDINATES;TAXON_MATCH_TAXON_ID_IGNORED
4993889997	50c9509d-22c7-4a22-a47d-8c48425ef4a7	https://www.inaturalist.org/observations/241713198	Fungi	Basidiomycota	Agaricomycetes	Agaricales	Omphalotaceae	Omphalotus	Omphalotus illudens		SPECIES	Omphalotus illudens (Schwein.) Bresinsky & Besl	Omphalotus illudens		CA		New Brunswick	PRESENT		28eb1a3f-1c15-4a95-931a-4af90ecb574d	45.95567	-66.653168	5.0						2024-09-14T16:44:13	14	9	2024	2538084	2538084	HUMAN_OBSERVATION	iNaturalist	Observations	241713198		motento	2024-09-14T19:44:33	CC_BY_NC_4_0	motento	motento			2025-01-14T13:43:26.107Z	StillImage	COORDINATE_ROUNDED;CONTINENT_DERIVED_FROM_COORDINATES;TAXON_MATCH_TAXON_ID_IGNORED
4993861254	50c9509d-22c7-4a22-a47d-8c48425ef4a7	https://www.inaturalist.org/observations/228865687	Fungi	Basidiomycota	Agaricomycetes	Agaricales	Omphalotaceae	Omphalotus	Omphalotus illudens		SPECIES	Omphalotus illudens (Schwein.) Bresinsky & Besl	Omphalotus illudens		CA		Ontario	PRESENT		28eb1a3f-1c15-4a95-931a-4af90ecb574d	45.504191	-75.495235	35.0						2024-07-12T10:54:57	12	7	2024	2538084	2538084	HUMAN_OBSERVATION	iNaturalist	Observations	228865687		monchandail	2024-07-12T17:43:37	CC_BY_NC_4_0	monchandail	monchandail			2025-01-14T12:51:07.551Z	StillImage	COORDINATE_ROUNDED;CONTINENT_DERIVED_FROM_COORDINATES;TAXON_MATCH_TAXON_ID_IGNORED
4993835871	50c9509d-22c7-4a22-a47d-8c48425ef4a7	https://www.inaturalist.org/observations/244176439	Fungi	Basidiomycota	Agaricomycetes	Agaricales	Omphalotaceae	Omphalotus	Omphalotus illudens		SPECIES	Omphalotus illudens (Schwein.) Bresinsky & Besl	Omphalotus illudens		CA		Nova Scotia	PRESENT		28eb1a3f-1c15-4a95-931a-4af90ecb574d	45.089164	-64.346046	4.0						2024-09-26T15:31:06	26	9	2024	2538084	2538084	HUMAN_OBSERVATION	iNaturalist	Observations	244176439		malmack	2024-09-26T18:41:14	CC_BY_NC_4_0	malmack	malmack			2025-01-14T13:43:35.931Z	StillImage	COORDINATE_ROUNDED;CONTINENT_DERIVED_FROM_COORDINATES;TAXON_MATCH_TAXON_ID_IGNORED
4993814481	50c9509d-22c7-4a22-a47d-8c48425ef4a7	https://www.inaturalist.org/observations/241019140	Fungi	Basidiomycota	Agaricomycetes	Agaricales	Omphalotaceae	Omphalotus	Omphalotus illudens		SPECIES	Omphalotus illudens (Schwein.) Bresinsky & Besl	Omphalotus illudens		CA		Québec	PRESENT		28eb1a3f-1c15-4a95-931a-4af90ecb574d	45.549999	-73.316945	1523.0						2024-07-23T11:02:53	23	7	2024	2538084	2538084	HUMAN_OBSERVATION	iNaturalist	Observations	241019140		jaja15	2024-09-10T23:00:35	CC_BY_NC_4_0	jaja15	jaja15			2025-01-14T12:57:21.457Z	StillImage	COORDINATE_ROUNDED;CONTINENT_DERIVED_FROM_COORDINATES;TAXON_MATCH_TAXON_ID_IGNORED
4993789023	50c9509d-22c7-4a22-a47d-8c48425ef4a7	https://www.inaturalist.org/observations/234446344	Fungi	Basidiomycota	Agaricomycetes	Agaricales	Omphalotaceae	Omphalotus	Omphalotus illudens		SPECIES	Omphalotus illudens (Schwein.) Bresinsky & Besl	Omphalotus illudens		CA		Québec	PRESENT		28eb1a3f-1c15-4a95-931a-4af90ecb574d	45.448315	-75.705381	31.0						2024-08-07T18:18	7	8	2024	2538084	2538084	HUMAN_OBSERVATION	iNaturalist	Observations	234446344		Mike Leveille	2024-08-08T01:58:41	CC_BY_NC_4_0	Mike Leveille	Mike Leveille			2025-01-14T12:48:40.924Z	StillImage	COORDINATE_ROUNDED;CONTINENT_DERIVED_FROM_COORDINATES;TAXON_MATCH_TAXON_ID_IGNORED
4993764975	50c9509d-22c7-4a22-a47d-8c48425ef4a7	https://www.inaturalist.org/observations/244427075	Fungi	Basidiomycota	Agaricomycetes	Agaricales	Omphalotaceae	Omphalotus	Omphalotus illudens		SPECIES	Omphalotus illudens (Schwein.) Bresinsky & Besl	Omphalotus illudens		CA		Québec	PRESENT		28eb1a3f-1c15-4a95-931a-4af90ecb574d	45.36253	-71.843795	17.0						2024-09-27T17:58:57	27	9	2024	2538084	2538084	HUMAN_OBSERVATION	iNaturalist	Observations	244427075		beatricestlouis	2024-09-28T03:44:20	CC_BY_NC_4_0	beatricestlouis	beatricestlouis			2025-01-14T12:54:21.318Z	StillImage	CONTINENT_DERIVED_FROM_COORDINATES;TAXON_MATCH_TAXON_ID_IGNORED
4993735092	50c9509d-22c7-4a22-a47d-8c48425ef4a7	https://www.inaturalist.org/observations/241545643	Fungi	Basidiomycota	Agaricomycetes	Agaricales	Omphalotaceae	Omphalotus	Omphalotus illudens		SPECIES	Omphalotus illudens (Schwein.) Bresinsky & Besl	Omphalotus illudens		CA		Ontario	PRESENT		28eb1a3f-1c15-4a95-931a-4af90ecb574d	45.367794	-75.798272	5.0						2024-09-13T15:01	13	9	2024	2538084	2538084	HUMAN_OBSERVATION	iNaturalist	Observations	241545643		Deborah Mosher	2024-09-13T22:32:05	CC_BY_NC_4_0	Deborah Mosher	Deborah Mosher			2025-01-14T13:43:01.726Z	StillImage	COORDINATE_ROUNDED;CONTINENT_DERIVED_FROM_COORDINATES;TAXON_MATCH_TAXON_ID_IGNORED
4980480091	50c9509d-22c7-4a22-a47d-8c48425ef4a7	https://www.inaturalist.org/observations/235930651	Fungi	Basidiomycota	Agaricomycetes	Agaricales	Omphalotaceae	Omphalotus	Omphalotus illudens		SPECIES	Omphalotus illudens (Schwein.) Bresinsky & Besl	Omphalotus illudens		CA		Québec	PRESENT		28eb1a3f-1c15-4a95-931a-4af90ecb574d	45.681972	-73.513595	2152.0						2024-08-15T09:29:51	15	8	2024	2538084	2538084	HUMAN_OBSERVATION	iNaturalist	Observations	235930651		sara-charlotte	2024-08-15T16:23:39	CC_BY_NC_4_0	sara-charlotte	sara-charlotte			2025-01-14T13:46:43.638Z	StillImage	COORDINATE_ROUNDED;CONTINENT_DERIVED_FROM_COORDINATES;TAXON_MATCH_TAXON_ID_IGNORED
4946318822	50c9509d-22c7-4a22-a47d-8c48425ef4a7	https://www.inaturalist.org/observations/242069347	Fungi	Basidiomycota	Agaricomycetes	Agaricales	Omphalotaceae	Omphalotus	Omphalotus illudens		SPECIES	Omphalotus illudens (Schwein.) Bresinsky & Besl	Omphalotus illudens		CA		Québec	PRESENT		28eb1a3f-1c15-4a95-931a-4af90ecb574d	46.663525	-71.84356	406.0						2024-09-13T14:11:05	13	9	2024	2538084	2538084	HUMAN_OBSERVATION	iNaturalist	Observations	242069347		jabarkham	2024-09-16T10:52:25	CC_BY_NC_4_0	jabarkham	jabarkham			2025-01-14T13:43:31.841Z	StillImage	COORDINATE_ROUNDED;CONTINENT_DERIVED_FROM_COORDINATES;TAXON_MATCH_TAXON_ID_IGNORED
4946270784	50c9509d-22c7-4a22-a47d-8c48425ef4a7	https://www.inaturalist.org/observations/241841782	Fungi	Basidiomycota	Agaricomycetes	Agaricales	Omphalotaceae	Omphalotus	Omphalotus illudens		SPECIES	Omphalotus illudens (Schwein.) Bresinsky & Besl	Omphalotus illudens		CA		New Brunswick	PRESENT		28eb1a3f-1c15-4a95-931a-4af90ecb574d	45.902531	-66.753594	57.0						2024-09-14T11:37	14	9	2024	2538084	2538084	HUMAN_OBSERVATION	iNaturalist	Observations	241841782		hansly	2024-09-15T11:06:20	CC_BY_NC_4_0	hansly	hansly			2025-01-14T12:49:53.284Z	StillImage	COORDINATE_ROUNDED;CONTINENT_DERIVED_FROM_COORDINATES;TAXON_MATCH_TAXON_ID_IGNORED
4946243608	50c9509d-22c7-4a22-a47d-8c48425ef4a7	https://www.inaturalist.org/observations/240825639	Fungi	Basidiomycota	Agaricomycetes	Agaricales	Omphalotaceae	Omphalotus	Omphalotus illudens		SPECIES	Omphalotus illudens (Schwein.) Bresinsky & Besl	Omphalotus illudens		CA		Québec	PRESENT		28eb1a3f-1c15-4a95-931a-4af90ecb574d	45.547459	-73.461056	111.0						2024-08-25T11:38	25	8	2024	2538084	2538084	HUMAN_OBSERVATION	iNaturalist	Observations	240825639		Antoine Fortin	2024-09-09T21:09:33	CC_BY_NC_4_0	Antoine Fortin	Antoine Fortin			2025-01-14T13:43:19.927Z	StillImage	COORDINATE_ROUNDED;CONTINENT_DERIVED_FROM_COORDINATES;TAXON_MATCH_TAXON_ID_IGNORED
4936411756	50c9509d-22c7-4a22-a47d-8c48425ef4a7	https://www.inaturalist.org/observations/238324637	Fungi	Basidiomycota	Agaricomycetes	Agaricales	Omphalotaceae	Omphalotus	Omphalotus illudens		SPECIES	Omphalotus illudens (Schwein.) Bresinsky & Besl	Omphalotus illudens		CA		Nova Scotia	PRESENT		28eb1a3f-1c15-4a95-931a-4af90ecb574d	45.10265	-64.496464	27222.0						2024-08-27T19:07:41	27	8	2024	2538084	2538084	HUMAN_OBSERVATION	iNaturalist	Observations	238324637		northmountaingal	2024-08-27T22:32:21	CC_BY_NC_4_0	northmountaingal	northmountaingal			2025-01-14T13:43:09.436Z	StillImage	COORDINATE_ROUNDED;CONTINENT_DERIVED_FROM_COORDINATES;TAXON_MATCH_TAXON_ID_IGNORED
4936363828	50c9509d-22c7-4a22-a47d-8c48425ef4a7	https://www.inaturalist.org/observations/233753715	Fungi	Basidiomycota	Agaricomycetes	Agaricales	Omphalotaceae	Omphalotus	Omphalotus illudens		SPECIES	Omphalotus illudens (Schwein.) Bresinsky & Besl	Omphalotus illudens		CA		Québec	PRESENT		28eb1a3f-1c15-4a95-931a-4af90ecb574d	45.546233	-73.462156	31.0						2024-07-28T10:58	28	7	2024	2538084	2538084	HUMAN_OBSERVATION	iNaturalist	Observations	233753715		Antoine Fortin	2024-08-04T17:23:48	CC_BY_NC_4_0	Antoine Fortin	Antoine Fortin			2025-01-14T12:47:44.869Z	StillImage	COORDINATE_ROUNDED;CONTINENT_DERIVED_FROM_COORDINATES;TAXON_MATCH_TAXON_ID_IGNORED
4923869673	50c9509d-22c7-4a22-a47d-8c48425ef4a7	https://www.inaturalist.org/observations/229723070	Fungi	Basidiomycota	Agaricomycetes	Agaricales	Omphalotaceae	Omphalotus	Omphalotus illudens		SPECIES	Omphalotus illudens (Schwein.) Bresinsky & Besl	Omphalotus illudens		CA		New Brunswick	PRESENT		28eb1a3f-1c15-4a95-931a-4af90ecb574d	45.83125	-65.944922	4.0						2024-07-16T12:15:18	16	7	2024	2538084	2538084	HUMAN_OBSERVATION	iNaturalist	Observations	229723070		C.	2024-07-16T16:26:35	CC_BY_NC_4_0	em414051	em414051			2025-01-14T12:56:47.257Z	StillImage	COORDINATE_ROUNDED;CONTINENT_DERIVED_FROM_COORDINATES;TAXON_MATCH_TAXON_ID_IGNORED
4921547626	50c9509d-22c7-4a22-a47d-8c48425ef4a7	https://www.inaturalist.org/observations/233327876	Fungi	Basidiomycota	Agaricomycetes	Agaricales	Omphalotaceae	Omphalotus	Omphalotus illudens		SPECIES	Omphalotus illudens (Schwein.) Bresinsky & Besl	Omphalotus illudens		CA		Québec	PRESENT		28eb1a3f-1c15-4a95-931a-4af90ecb574d	45.448447	-75.704583	3.0						2024-08-01T13:11:02	1	8	2024	2538084	2538084	HUMAN_OBSERVATION	iNaturalist	Observations	233327876		Carlene Cliver	2024-08-02T18:09:31	CC_BY_NC_4_0	Maria Bastas	Maria Bastas			2025-01-14T12:52:13.142Z	StillImage	COORDINATE_ROUNDED;CONTINENT_DERIVED_FROM_COORDINATES;TAXON_MATCH_TAXON_ID_IGNORED
4919230831	50c9509d-22c7-4a22-a47d-8c48425ef4a7	https://www.inaturalist.org/observations/232411341	Fungi	Basidiomycota	Agaricomycetes	Agaricales	Omphalotaceae	Omphalotus	Omphalotus illudens		SPECIES	Omphalotus illudens (Schwein.) Bresinsky & Besl	Omphalotus illudens		CA		Québec	PRESENT		28eb1a3f-1c15-4a95-931a-4af90ecb574d	45.439657	-73.598708	79.0						2024-07-28T16:02	28	7	2024	2538084	2538084	HUMAN_OBSERVATION	iNaturalist	Observations	232411341		karolanegb	2024-07-29T13:05:59	CC_BY_4_0	Fabian Orozco	Fabian Orozco			2025-01-14T13:42:25.390Z	StillImage	COORDINATE_ROUNDED;CONTINENT_DERIVED_FROM_COORDINATES;TAXON_MATCH_TAXON_ID_IGNORED
4910936859	50c9509d-22c7-4a22-a47d-8c48425ef4a7	https://www.inaturalist.org/observations/230274708	Fungi	Basidiomycota	Agaricomycetes	Agaricales	Omphalotaceae	Omphalotus	Omphalotus illudens		SPECIES	Omphalotus illudens (Schwein.) Bresinsky & Besl	Omphalotus illudens		CA		Québec	PRESENT		28eb1a3f-1c15-4a95-931a-4af90ecb574d	45.458923	-73.637466	6.0						2024-07-19T08:03:24	19	7	2024	2538084	2538084	HUMAN_OBSERVATION	iNaturalist	Observations	230274708		wcolby	2024-07-19T12:04:13	CC_BY_NC_4_0	wcolby	wcolby			2025-01-14T13:42:12.464Z	StillImage	COORDINATE_ROUNDED;CONTINENT_DERIVED_FROM_COORDINATES;TAXON_MATCH_TAXON_ID_IGNORED
4910796759	50c9509d-22c7-4a22-a47d-8c48425ef4a7	https://www.inaturalist.org/observations/230639268	Fungi	Basidiomycota	Agaricomycetes	Agaricales	Omphalotaceae	Omphalotus	Omphalotus illudens		SPECIES	Omphalotus illudens (Schwein.) Bresinsky & Besl	Omphalotus illudens		CA		Québec	PRESENT		28eb1a3f-1c15-4a95-931a-4af90ecb574d	45.552274	-73.326409	172.0						2024-07-20T10:44:08	20	7	2024	2538084	2538084	HUMAN_OBSERVATION	iNaturalist	Observations	230639268		andrewbtmn	2024-07-21T01:26:51	CC_BY_NC_4_0	andrewbtmn	andrewbtmn			2025-01-14T13:42:44.641Z	StillImage	COORDINATE_ROUNDED;CONTINENT_DERIVED_FROM_COORDINATES;TAXON_MATCH_TAXON_ID_IGNORED
4863602217	50c9509d-22c7-4a22-a47d-8c48425ef4a7	https://www.inaturalist.org/observations/215202170	Fungi	Basidiomycota	Agaricomycetes	Agaricales	Omphalotaceae	Omphalotus	Omphalotus illudens		SPECIES	Omphalotus illudens (Schwein.) Bresinsky & Besl	Omphalotus illudens		CA		Québec	PRESENT		28eb1a3f-1c15-4a95-931a-4af90ecb574d	45.536893	-73.166794							2023-07-30T16:26:48	30	7	2023	2538084	2538084	HUMAN_OBSERVATION	iNaturalist	Observations	215202170		lostenos	2024-05-12T08:52:00	CC_BY_NC_4_0	lostenos	lostenos			2025-01-14T13:40:41.065Z	StillImage	COORDINATE_ROUNDED;CONTINENT_DERIVED_FROM_COORDINATES;TAXON_MATCH_TAXON_ID_IGNORED
4852959356	50c9509d-22c7-4a22-a47d-8c48425ef4a7	https://www.inaturalist.org/observations/209175140	Fungi	Basidiomycota	Agaricomycetes	Agaricales	Omphalotaceae	Omphalotus	Omphalotus illudens		SPECIES	Omphalotus illudens (Schwein.) Bresinsky & Besl	Omphalotus illudens		CA		Québec	PRESENT		28eb1a3f-1c15-4a95-931a-4af90ecb574d	45.405018	-73.386269	2170.0						2022-08-06T11:36	6	8	2022	2538084	2538084	HUMAN_OBSERVATION	iNaturalist	Observations	209175140		Isabelle Pouliot	2024-04-25T00:29:52	CC_BY_NC_4_0	Isabelle Pouliot	Isabelle Pouliot			2025-01-14T12:52:02.106Z	StillImage	COORDINATE_ROUNDED;CONTINENT_DERIVED_FROM_COORDINATES;TAXON_MATCH_TAXON_ID_IGNORED
4522750560	50c9509d-22c7-4a22-a47d-8c48425ef4a7	https://www.inaturalist.org/observations/199006569	Fungi	Basidiomycota	Agaricomycetes	Agaricales	Omphalotaceae	Omphalotus	Omphalotus illudens		SPECIES	Omphalotus illudens (Schwein.) Bresinsky & Besl	Omphalotus illudens		CA		Québec	PRESENT		28eb1a3f-1c15-4a95-931a-4af90ecb574d	45.574745	-73.555862	4.0						2023-08-22T12:16:44	22	8	2023	2538084	2538084	HUMAN_OBSERVATION	iNaturalist	Observations	199006569		Antoine Fortin	2024-02-11T16:02:03	CC_BY_NC_4_0	emiletousse	emiletousse			2025-01-14T13:30:03.654Z	StillImage	COORDINATE_ROUNDED;CONTINENT_DERIVED_FROM_COORDINATES;TAXON_MATCH_TAXON_ID_IGNORED
4507617111	50c9509d-22c7-4a22-a47d-8c48425ef4a7	https://www.inaturalist.org/observations/180660498	Fungi	Basidiomycota	Agaricomycetes	Agaricales	Omphalotaceae	Omphalotus	Omphalotus illudens		SPECIES	Omphalotus illudens (Schwein.) Bresinsky & Besl	Omphalotus illudens		CA		Québec	PRESENT		28eb1a3f-1c15-4a95-931a-4af90ecb574d	45.448416	-75.704605	4.0						2023-08-28T14:59:59	28	8	2023	2538084	2538084	HUMAN_OBSERVATION	iNaturalist	Observations	180660498		Antoine Fortin	2023-08-29T01:16:42	CC_BY_NC_4_0	cindyburrell	cindyburrell			2025-01-14T13:32:24.944Z	StillImage	COORDINATE_ROUNDED;CONTINENT_DERIVED_FROM_COORDINATES;TAXON_MATCH_TAXON_ID_IGNORED
4506557301	50c9509d-22c7-4a22-a47d-8c48425ef4a7	https://www.inaturalist.org/observations/192097860	Fungi	Basidiomycota	Agaricomycetes	Agaricales	Omphalotaceae	Omphalotus	Omphalotus illudens		SPECIES	Omphalotus illudens (Schwein.) Bresinsky & Besl	Omphalotus illudens		CA		Québec	PRESENT		28eb1a3f-1c15-4a95-931a-4af90ecb574d	45.447849	-73.252989	7.0						2013-08-19T13:03	19	8	2013	2538084	2538084	HUMAN_OBSERVATION	iNaturalist	Observations	192097860		Jacques Ranger	2023-11-25T18:49:22	CC_BY_NC_4_0	Jacques Ranger	Jacques Ranger			2025-01-14T12:42:26.905Z	StillImage	COORDINATE_ROUNDED;CONTINENT_DERIVED_FROM_COORDINATES;TAXON_MATCH_TAXON_ID_IGNORED
4414270831	50c9509d-22c7-4a22-a47d-8c48425ef4a7	https://www.inaturalist.org/observations/183349501	Fungi	Basidiomycota	Agaricomycetes	Agaricales	Omphalotaceae	Omphalotus	Omphalotus illudens		SPECIES	Omphalotus illudens (Schwein.) Bresinsky & Besl	Omphalotus illudens		CA		Québec	PRESENT		28eb1a3f-1c15-4a95-931a-4af90ecb574d	45.548588	-73.458546	29.0						2023-09-14T17:48:24	14	9	2023	2538084	2538084	HUMAN_OBSERVATION	iNaturalist	Observations	183349501		Antoine Fortin	2023-09-15T18:09:41	CC_BY_NC_4_0	kazza79	kazza79			2025-01-14T12:41:04.567Z	StillImage	COORDINATE_ROUNDED;CONTINENT_DERIVED_FROM_COORDINATES;TAXON_MATCH_TAXON_ID_IGNORED
4414211832	50c9509d-22c7-4a22-a47d-8c48425ef4a7	https://www.inaturalist.org/observations/183263166	Fungi	Basidiomycota	Agaricomycetes	Agaricales	Omphalotaceae	Omphalotus	Omphalotus illudens		SPECIES	Omphalotus illudens (Schwein.) Bresinsky & Besl	Omphalotus illudens		CA		Québec	PRESENT		28eb1a3f-1c15-4a95-931a-4af90ecb574d	45.550015	-73.468546	610.0						2023-09-13T09:39	13	9	2023	2538084	2538084	HUMAN_OBSERVATION	iNaturalist	Observations	183263166		Antoine Fortin	2023-09-14T19:59:31	CC_BY_NC_4_0	Antoine Fortin	Antoine Fortin			2025-01-14T13:33:01.651Z	StillImage	COORDINATE_ROUNDED;CONTINENT_DERIVED_FROM_COORDINATES;TAXON_MATCH_TAXON_ID_IGNORED
4413878605	50c9509d-22c7-4a22-a47d-8c48425ef4a7	https://www.inaturalist.org/observations/132015118	Fungi	Basidiomycota	Agaricomycetes	Agaricales	Omphalotaceae	Omphalotus	Omphalotus illudens		SPECIES	Omphalotus illudens (Schwein.) Bresinsky & Besl	Omphalotus illudens		CA		Ontario	PRESENT		28eb1a3f-1c15-4a95-931a-4af90ecb574d	45.395222	-75.649379	4.0						2022-08-23T11:02	23	8	2022	2538084	2538084	HUMAN_OBSERVATION	iNaturalist	Observations	132015118		Johann Wagner	2022-08-23T17:01:14	CC_BY_NC_4_0	fernlevine	fernlevine			2025-01-14T13:20:24.095Z	StillImage	COORDINATE_ROUNDED;CONTINENT_DERIVED_FROM_COORDINATES;TAXON_MATCH_TAXON_ID_IGNORED
4407192979	50c9509d-22c7-4a22-a47d-8c48425ef4a7	https://www.inaturalist.org/observations/181053931	Fungi	Basidiomycota	Agaricomycetes	Agaricales	Omphalotaceae	Omphalotus	Omphalotus illudens		SPECIES	Omphalotus illudens (Schwein.) Bresinsky & Besl	Omphalotus illudens		CA		New Brunswick	PRESENT		28eb1a3f-1c15-4a95-931a-4af90ecb574d	45.955996	-66.653861	133.0						2023-08-30T15:09:55	30	8	2023	2538084	2538084	HUMAN_OBSERVATION	iNaturalist	Observations	181053931		lichennoel	2023-08-31T14:14:36	CC_BY_NC_4_0	lichennoel	lichennoel			2025-01-14T12:41:50.557Z	StillImage	COORDINATE_ROUNDED;CONTINENT_DERIVED_FROM_COORDINATES;TAXON_MATCH_TAXON_ID_IGNORED
4405383033	50c9509d-22c7-4a22-a47d-8c48425ef4a7	https://www.inaturalist.org/observations/180543467	Fungi	Basidiomycota	Agaricomycetes	Agaricales	Omphalotaceae	Omphalotus	Omphalotus illudens		SPECIES	Omphalotus illudens (Schwein.) Bresinsky & Besl	Omphalotus illudens		CA		Nova Scotia	PRESENT		28eb1a3f-1c15-4a95-931a-4af90ecb574d	45.01364	-64.018943	3.0						2023-08-27T20:52:34	27	8	2023	2538084	2538084	HUMAN_OBSERVATION	iNaturalist	Observations	180543467		kremme	2023-08-28T22:35:57	CC_BY_NC_4_0	g_rem	g_rem			2025-01-14T13:32:39.546Z	StillImage	COORDINATE_ROUNDED;CONTINENT_DERIVED_FROM_COORDINATES;TAXON_MATCH_TAXON_ID_IGNORED
4400304623	50c9509d-22c7-4a22-a47d-8c48425ef4a7	https://www.inaturalist.org/observations/179525941	Fungi	Basidiomycota	Agaricomycetes	Agaricales	Omphalotaceae	Omphalotus	Omphalotus illudens		SPECIES	Omphalotus illudens (Schwein.) Bresinsky & Besl	Omphalotus illudens		CA		Québec	PRESENT		28eb1a3f-1c15-4a95-931a-4af90ecb574d	45.461482	-74.14647	47.0						2023-08-21T09:37	21	8	2023	2538084	2538084	HUMAN_OBSERVATION	iNaturalist	Observations	179525941		Hungry-Sarracenia Photo	2023-08-21T14:56:27	CC_BY_NC_4_0	wgrubert	wgrubert			2025-01-14T12:39:28.588Z	StillImage	COORDINATE_ROUNDED;CONTINENT_DERIVED_FROM_COORDINATES;TAXON_MATCH_TAXON_ID_IGNORED
4400269298	50c9509d-22c7-4a22-a47d-8c48425ef4a7	https://www.inaturalist.org/observations/179319647	Fungi	Basidiomycota	Agaricomycetes	Agaricales	Omphalotaceae	Omphalotus	Omphalotus illudens		SPECIES	Omphalotus illudens (Schwein.) Bresinsky & Besl	Omphalotus illudens		CA		Québec	PRESENT		28eb1a3f-1c15-4a95-931a-4af90ecb574d	46.743032	-71.39318	26.0						2023-08-19T12:34:15	19	8	2023	2538084	2538084	HUMAN_OBSERVATION	iNaturalist	Observations	179319647		Camille Boucher	2023-08-20T10:54:08	CC_BY_NC_4_0	Camille Boucher	Camille Boucher			2025-01-14T13:32:43.598Z	StillImage	COORDINATE_ROUNDED;CONTINENT_DERIVED_FROM_COORDINATES;TAXON_MATCH_TAXON_ID_IGNORED
4399857898	50c9509d-22c7-4a22-a47d-8c48425ef4a7	https://www.inaturalist.org/observations/177671211	Fungi	Basidiomycota	Agaricomycetes	Agaricales	Omphalotaceae	Omphalotus	Omphalotus illudens		SPECIES	Omphalotus illudens (Schwein.) Bresinsky & Besl	Omphalotus illudens		CA		Québec	PRESENT		28eb1a3f-1c15-4a95-931a-4af90ecb574d	45.424462	-71.923487	4.0						2023-08-10T10:24:05	10	8	2023	2538084	2538084	HUMAN_OBSERVATION	iNaturalist	Observations	177671211		Jacob Beauregard	2023-08-10T14:47:09	CC_BY_NC_4_0	Jacob Beauregard	Jacob Beauregard			2025-01-14T13:26:22.127Z	StillImage	COORDINATE_ROUNDED;CONTINENT_DERIVED_FROM_COORDINATES;TAXON_MATCH_TAXON_ID_IGNORED
4177392005	50c9509d-22c7-4a22-a47d-8c48425ef4a7	https://www.inaturalist.org/observations/178308542	Fungi	Basidiomycota	Agaricomycetes	Agaricales	Omphalotaceae	Omphalotus	Omphalotus illudens		SPECIES	Omphalotus illudens (Schwein.) Bresinsky & Besl	Omphalotus illudens		CA		Québec	PRESENT		28eb1a3f-1c15-4a95-931a-4af90ecb574d	45.451409	-75.708799	122.0						2023-08-13T13:11	13	8	2023	2538084	2538084	HUMAN_OBSERVATION	iNaturalist	Observations	178308542		Ariel Bonkoski	2023-08-14T03:57:09	CC_BY_NC_4_0	Mike Leveille	Mike Leveille			2025-01-14T12:38:57.654Z	StillImage	COORDINATE_ROUNDED;CONTINENT_DERIVED_FROM_COORDINATES;TAXON_MATCH_TAXON_ID_IGNORED
4177145029	50c9509d-22c7-4a22-a47d-8c48425ef4a7	https://www.inaturalist.org/observations/177604045	Fungi	Basidiomycota	Agaricomycetes	Agaricales	Omphalotaceae	Omphalotus	Omphalotus illudens		SPECIES	Omphalotus illudens (Schwein.) Bresinsky & Besl	Omphalotus illudens		CA		Québec	PRESENT		28eb1a3f-1c15-4a95-931a-4af90ecb574d	45.550015	-73.469319	690.0						2023-08-09T08:34	9	8	2023	2538084	2538084	HUMAN_OBSERVATION	iNaturalist	Observations	177604045		Antoine Fortin	2023-08-10T01:44:18	CC_BY_NC_4_0	Antoine Fortin	Antoine Fortin			2025-01-14T12:39:57.731Z	StillImage	COORDINATE_ROUNDED;CONTINENT_DERIVED_FROM_COORDINATES;TAXON_MATCH_TAXON_ID_IGNORED
4177010600	50c9509d-22c7-4a22-a47d-8c48425ef4a7	https://www.inaturalist.org/observations/177604040	Fungi	Basidiomycota	Agaricomycetes	Agaricales	Omphalotaceae	Omphalotus	Omphalotus illudens		SPECIES	Omphalotus illudens (Schwein.) Bresinsky & Besl	Omphalotus illudens		CA		Québec	PRESENT		28eb1a3f-1c15-4a95-931a-4af90ecb574d	45.550015	-73.469319	690.0						2023-08-09T09:39	9	8	2023	2538084	2538084	HUMAN_OBSERVATION	iNaturalist	Observations	177604040		Antoine Fortin	2023-08-10T01:44:17	CC_BY_NC_4_0	Antoine Fortin	Antoine Fortin			2025-01-14T12:37:55.584Z	StillImage	COORDINATE_ROUNDED;CONTINENT_DERIVED_FROM_COORDINATES;TAXON_MATCH_TAXON_ID_IGNORED
4172218129	50c9509d-22c7-4a22-a47d-8c48425ef4a7	https://www.inaturalist.org/observations/177198992	Fungi	Basidiomycota	Agaricomycetes	Agaricales	Omphalotaceae	Omphalotus	Omphalotus illudens		SPECIES	Omphalotus illudens (Schwein.) Bresinsky & Besl	Omphalotus illudens		CA		New Brunswick	PRESENT		28eb1a3f-1c15-4a95-931a-4af90ecb574d	45.93365	-66.644455	7.0						2023-08-07T12:04:57	7	8	2023	2538084	2538084	HUMAN_OBSERVATION	iNaturalist	Observations	177198992		crobichaud	2023-08-07T17:16:39	CC_BY_NC_4_0	crobichaud	crobichaud			2025-01-14T13:32:21.498Z	StillImage	CONTINENT_DERIVED_FROM_COORDINATES;TAXON_MATCH_TAXON_ID_IGNORED
4172003309	50c9509d-22c7-4a22-a47d-8c48425ef4a7	https://www.inaturalist.org/observations/176353511	Fungi	Basidiomycota	Agaricomycetes	Agaricales	Omphalotaceae	Omphalotus	Omphalotus illudens		SPECIES	Omphalotus illudens (Schwein.) Bresinsky & Besl	Omphalotus illudens		CA		Québec	PRESENT		28eb1a3f-1c15-4a95-931a-4af90ecb574d	45.550371	-73.46919	831.0						2023-08-02T08:08	2	8	2023	2538084	2538084	HUMAN_OBSERVATION	iNaturalist	Observations	176353511		Antoine Fortin	2023-08-02T23:25:25	CC_BY_NC_4_0	Antoine Fortin	Antoine Fortin			2025-01-14T12:40:04.850Z	StillImage	COORDINATE_ROUNDED;CONTINENT_DERIVED_FROM_COORDINATES;TAXON_MATCH_TAXON_ID_IGNORED
4162292882	50c9509d-22c7-4a22-a47d-8c48425ef4a7	https://www.inaturalist.org/observations/173635472	Fungi	Basidiomycota	Agaricomycetes	Agaricales	Omphalotaceae	Omphalotus	Omphalotus illudens		SPECIES	Omphalotus illudens (Schwein.) Bresinsky & Besl	Omphalotus illudens		CA		Québec	PRESENT		28eb1a3f-1c15-4a95-931a-4af90ecb574d	45.686511	-73.746548	5.0						2023-07-18T14:00:56	18	7	2023	2538084	2538084	HUMAN_OBSERVATION	iNaturalist	Observations	173635472		louschraeder	2023-07-18T18:25:56	CC_BY_NC_4_0	louschraeder	louschraeder			2025-01-14T13:30:31.267Z	StillImage	COORDINATE_ROUNDED;CONTINENT_DERIVED_FROM_COORDINATES;TAXON_MATCH_TAXON_ID_IGNORED
4153761082	50c9509d-22c7-4a22-a47d-8c48425ef4a7	https://www.inaturalist.org/observations/171821319	Fungi	Basidiomycota	Agaricomycetes	Agaricales	Omphalotaceae	Omphalotus	Omphalotus illudens		SPECIES	Omphalotus illudens (Schwein.) Bresinsky & Besl	Omphalotus illudens		CA		Québec	PRESENT		28eb1a3f-1c15-4a95-931a-4af90ecb574d	45.547344	-73.463688	31.0						2023-07-08T10:48	8	7	2023	2538084	2538084	HUMAN_OBSERVATION	iNaturalist	Observations	171821319		Antoine Fortin	2023-07-08T20:38:43	CC_BY_NC_4_0	Antoine Fortin	Antoine Fortin			2025-01-14T13:31:36.680Z	StillImage	COORDINATE_ROUNDED;CONTINENT_DERIVED_FROM_COORDINATES;TAXON_MATCH_TAXON_ID_IGNORED
4137803224	50c9509d-22c7-4a22-a47d-8c48425ef4a7	https://www.inaturalist.org/observations/166814029	Fungi	Basidiomycota	Agaricomycetes	Agaricales	Omphalotaceae	Omphalotus	Omphalotus illudens		SPECIES	Omphalotus illudens (Schwein.) Bresinsky & Besl	Omphalotus illudens		CA		Québec	PRESENT		28eb1a3f-1c15-4a95-931a-4af90ecb574d	45.440796	-73.598241	8.0						2022-08-12T16:28	12	8	2022	2538084	2538084	HUMAN_OBSERVATION	iNaturalist	Observations	166814029		Antoine Fortin	2023-06-11T15:17:58	CC_BY_NC_4_0	Antoine Fortin	Antoine Fortin			2025-01-14T12:36:39.632Z	StillImage	COORDINATE_ROUNDED;CONTINENT_DERIVED_FROM_COORDINATES;TAXON_MATCH_TAXON_ID_IGNORED
4133886450	50c9509d-22c7-4a22-a47d-8c48425ef4a7	https://www.inaturalist.org/observations/138856920	Fungi	Basidiomycota	Agaricomycetes	Agaricales	Omphalotaceae	Omphalotus	Omphalotus illudens		SPECIES	Omphalotus illudens (Schwein.) Bresinsky & Besl	Omphalotus illudens		CA		Québec	PRESENT		28eb1a3f-1c15-4a95-931a-4af90ecb574d	46.74635	-71.356117	1040.0						2022-08-31T12:27:23	31	8	2022	2538084	2538084	HUMAN_OBSERVATION	iNaturalist	Observations	138856920		Ariel Bonkoski	2023-06-06T06:12:21	CC_BY_NC_4_0	meredithwhite1	meredithwhite1			2025-01-14T12:32:20.917Z	StillImage	COORDINATE_ROUNDED;CONTINENT_DERIVED_FROM_COORDINATES;TAXON_MATCH_TAXON_ID_IGNORED
4129995443	50c9509d-22c7-4a22-a47d-8c48425ef4a7	https://www.inaturalist.org/observations/151763286	Fungi	Basidiomycota	Agaricomycetes	Agaricales	Omphalotaceae	Omphalotus	Omphalotus illudens		SPECIES	Omphalotus illudens (Schwein.) Bresinsky & Besl	Omphalotus illudens		CA		Québec	PRESENT		28eb1a3f-1c15-4a95-931a-4af90ecb574d	46.663778	-71.84292	70.0						2004-08-22T18:20	22	8	2004	2538084	2538084	HUMAN_OBSERVATION	iNaturalist	Observations	151763286		cinna_latifolia	2023-03-21T02:55:53	CC_BY_4_0	S Boisvert	S Boisvert			2025-01-14T12:37:49.462Z	StillImage	COORDINATE_ROUNDED;CONTINENT_DERIVED_FROM_COORDINATES;TAXON_MATCH_TAXON_ID_IGNORED
4129956450	50c9509d-22c7-4a22-a47d-8c48425ef4a7	https://www.inaturalist.org/observations/133610167	Fungi	Basidiomycota	Agaricomycetes	Agaricales	Omphalotaceae	Omphalotus	Omphalotus illudens		SPECIES	Omphalotus illudens (Schwein.) Bresinsky & Besl	Omphalotus illudens		CA		Québec	PRESENT		28eb1a3f-1c15-4a95-931a-4af90ecb574d	45.56557	-73.556375	4.0						2022-09-04T10:03:47	4	9	2022	2538084	2538084	HUMAN_OBSERVATION	iNaturalist	Observations	133610167		timfoster	2022-09-04T14:10:02	CC_BY_NC_4_0	timfoster	timfoster			2025-01-14T12:31:27.184Z	StillImage	COORDINATE_ROUNDED;CONTINENT_DERIVED_FROM_COORDINATES;TAXON_MATCH_TAXON_ID_IGNORED
4129950375	50c9509d-22c7-4a22-a47d-8c48425ef4a7	https://www.inaturalist.org/observations/89365994	Fungi	Basidiomycota	Agaricomycetes	Agaricales	Omphalotaceae	Omphalotus	Omphalotus illudens		SPECIES	Omphalotus illudens (Schwein.) Bresinsky & Besl	Omphalotus illudens		CA		Québec	PRESENT		28eb1a3f-1c15-4a95-931a-4af90ecb574d	45.551311	-73.324181							2021-07-31T11:26:10	31	7	2021	2538084	2538084	HUMAN_OBSERVATION	iNaturalist	Observations	89365994		wingycheung	2021-07-31T19:15:20	CC_BY_NC_4_0	wingycheung	wingycheung			2025-01-14T12:20:02.844Z	StillImage	COORDINATE_ROUNDED;CONTINENT_DERIVED_FROM_COORDINATES;TAXON_MATCH_TAXON_ID_IGNORED
4129911361	50c9509d-22c7-4a22-a47d-8c48425ef4a7	https://www.inaturalist.org/observations/129043399	Fungi	Basidiomycota	Agaricomycetes	Agaricales	Omphalotaceae	Omphalotus	Omphalotus illudens		SPECIES	Omphalotus illudens (Schwein.) Bresinsky & Besl	Omphalotus illudens		CA		Québec	PRESENT		28eb1a3f-1c15-4a95-931a-4af90ecb574d	46.743007	-71.393094	39.0						2022-07-30T14:41:54	30	7	2022	2538084	2538084	HUMAN_OBSERVATION	iNaturalist	Observations	129043399		Camille Boucher	2022-08-01T21:19:41	CC_BY_NC_4_0	Camille Boucher	Camille Boucher			2025-01-14T12:32:03.511Z	StillImage	COORDINATE_ROUNDED;CONTINENT_DERIVED_FROM_COORDINATES;TAXON_MATCH_TAXON_ID_IGNORED
4129901381	50c9509d-22c7-4a22-a47d-8c48425ef4a7	https://www.inaturalist.org/observations/89005414	Fungi	Basidiomycota	Agaricomycetes	Agaricales	Omphalotaceae	Omphalotus	Omphalotus illudens		SPECIES	Omphalotus illudens (Schwein.) Bresinsky & Besl	Omphalotus illudens		CA		Québec	PRESENT		28eb1a3f-1c15-4a95-931a-4af90ecb574d	45.56165	-75.683641	8.0						2021-07-28T19:23:05Z	28	7	2021	2538084	2538084	HUMAN_OBSERVATION	iNaturalist	Observations	89005414		marcuspokus	2021-07-29T00:24:34	CC_BY_NC_4_0	marcuspokus	marcuspokus			2025-01-14T12:21:38.797Z	StillImage	COORDINATE_ROUNDED;CONTINENT_DERIVED_FROM_COORDINATES;TAXON_MATCH_TAXON_ID_IGNORED
4129883425	50c9509d-22c7-4a22-a47d-8c48425ef4a7	https://www.inaturalist.org/observations/132327327	Fungi	Basidiomycota	Agaricomycetes	Agaricales	Omphalotaceae	Omphalotus	Omphalotus illudens		SPECIES	Omphalotus illudens (Schwein.) Bresinsky & Besl	Omphalotus illudens		CA		Québec	PRESENT		28eb1a3f-1c15-4a95-931a-4af90ecb574d	45.43092	-74.019096							2022-08-25T17:00:58	25	8	2022	2538084	2538084	HUMAN_OBSERVATION	iNaturalist	Observations	132327327		anthonygagliano	2022-08-26T14:59:11	CC_BY_NC_4_0	savd	savd			2025-01-14T12:31:27.314Z	StillImage	COORDINATE_ROUNDED;CONTINENT_DERIVED_FROM_COORDINATES;TAXON_MATCH_TAXON_ID_IGNORED
4129834444	50c9509d-22c7-4a22-a47d-8c48425ef4a7	https://www.inaturalist.org/observations/129530083	Fungi	Basidiomycota	Agaricomycetes	Agaricales	Omphalotaceae	Omphalotus	Omphalotus illudens		SPECIES	Omphalotus illudens (Schwein.) Bresinsky & Besl	Omphalotus illudens		CA		Québec	PRESENT		28eb1a3f-1c15-4a95-931a-4af90ecb574d	46.789159	-71.24374	24.0						2022-08-05T08:03:54	5	8	2022	2538084	2538084	HUMAN_OBSERVATION	iNaturalist	Observations	129530083		Véronik de la Chenelière	2022-08-05T12:04:05	CC_BY_NC_4_0	Véronik de la Chenelière	Véronik de la Chenelière			2025-01-14T13:24:57.596Z	StillImage	COORDINATE_ROUNDED;CONTINENT_DERIVED_FROM_COORDINATES;TAXON_MATCH_TAXON_ID_IGNORED
4129744370	50c9509d-22c7-4a22-a47d-8c48425ef4a7	https://www.inaturalist.org/observations/88429423	Fungi	Basidiomycota	Agaricomycetes	Agaricales	Omphalotaceae	Omphalotus	Omphalotus illudens		SPECIES	Omphalotus illudens (Schwein.) Bresinsky & Besl	Omphalotus illudens		CA		Québec	PRESENT		28eb1a3f-1c15-4a95-931a-4af90ecb574d	45.551049	-73.325131	389.0						2021-07-24T11:14:02	24	7	2021	2538084	2538084	HUMAN_OBSERVATION	iNaturalist	Observations	88429423		andrewbtmn	2021-07-24T18:52:48	CC_BY_NC_4_0	andrewbtmn	andrewbtmn			2025-01-14T13:13:47.954Z	StillImage	COORDINATE_ROUNDED;CONTINENT_DERIVED_FROM_COORDINATES;TAXON_MATCH_TAXON_ID_IGNORED
4129737372	50c9509d-22c7-4a22-a47d-8c48425ef4a7	https://www.inaturalist.org/observations/93670144	Fungi	Basidiomycota	Agaricomycetes	Agaricales	Omphalotaceae	Omphalotus	Omphalotus illudens		SPECIES	Omphalotus illudens (Schwein.) Bresinsky & Besl	Omphalotus illudens		CA		Québec	PRESENT		28eb1a3f-1c15-4a95-931a-4af90ecb574d	46.325248	-72.502937	12.0						2021-09-04T11:54:19	4	9	2021	2538084	2538084	HUMAN_OBSERVATION	iNaturalist	Observations	93670144		sajala	2021-09-05T02:50:16	CC_BY_NC_4_0	sajala	sajala			2025-01-14T13:10:26.509Z	StillImage	COORDINATE_ROUNDED;CONTINENT_DERIVED_FROM_COORDINATES;TAXON_MATCH_TAXON_ID_IGNORED
4129726453	50c9509d-22c7-4a22-a47d-8c48425ef4a7	https://www.inaturalist.org/observations/128709469	Fungi	Basidiomycota	Agaricomycetes	Agaricales	Omphalotaceae	Omphalotus	Omphalotus illudens		SPECIES	Omphalotus illudens (Schwein.) Bresinsky & Besl	Omphalotus illudens		CA		Québec	PRESENT		28eb1a3f-1c15-4a95-931a-4af90ecb574d	45.523505	-73.437988	271.0						2022-07-30T12:24:32	30	7	2022	2538084	2538084	HUMAN_OBSERVATION	iNaturalist	Observations	128709469		wiy_alxn	2022-07-31T00:00:05	CC_BY_NC_4_0	wiy_alxn	wiy_alxn			2025-01-14T13:24:03.319Z	StillImage	COORDINATE_ROUNDED;CONTINENT_DERIVED_FROM_COORDINATES;TAXON_MATCH_TAXON_ID_IGNORED
4080640327	50c9509d-22c7-4a22-a47d-8c48425ef4a7	https://www.inaturalist.org/observations/61894567	Fungi	Basidiomycota	Agaricomycetes	Agaricales	Omphalotaceae	Omphalotus	Omphalotus illudens		SPECIES	Omphalotus illudens (Schwein.) Bresinsky & Besl	Omphalotus illudens		CA		Ontario	PRESENT		28eb1a3f-1c15-4a95-931a-4af90ecb574d	45.132222	-74.484722							2020-09-24T13:28:53	24	9	2020	2538084	2538084	HUMAN_OBSERVATION	iNaturalist	Observations	61894567		Garrett Taylor	2021-02-07T01:38:05	CC_BY_NC_4_0	ferndorg	ferndorg			2025-01-14T12:15:17.444Z	StillImage	COORDINATE_ROUNDED;CONTINENT_DERIVED_FROM_COORDINATES;TAXON_MATCH_TAXON_ID_IGNORED
4076328347	50c9509d-22c7-4a22-a47d-8c48425ef4a7	https://www.inaturalist.org/observations/152124653	Fungi	Basidiomycota	Agaricomycetes	Agaricales	Omphalotaceae	Omphalotus	Omphalotus illudens		SPECIES	Omphalotus illudens (Schwein.) Bresinsky & Besl	Omphalotus illudens		CA		Québec	PRESENT		28eb1a3f-1c15-4a95-931a-4af90ecb574d	45.575231	-73.556076	8.0						2018-08-04T19:26	4	8	2018	2538084	2538084	HUMAN_OBSERVATION	iNaturalist	Observations	152124653		Renard frak	2023-03-24T11:29:10	CC_BY_NC_4_0	Renard frak	Renard frak			2025-01-14T12:34:06.182Z	StillImage	COORDINATE_ROUNDED;CONTINENT_DERIVED_FROM_COORDINATES;TAXON_MATCH_TAXON_ID_IGNORED
4075917329	50c9509d-22c7-4a22-a47d-8c48425ef4a7	https://www.inaturalist.org/observations/152124566	Fungi	Basidiomycota	Agaricomycetes	Agaricales	Omphalotaceae	Omphalotus	Omphalotus illudens		SPECIES	Omphalotus illudens (Schwein.) Bresinsky & Besl	Omphalotus illudens		CA		Québec	PRESENT		28eb1a3f-1c15-4a95-931a-4af90ecb574d	45.575167	-73.556007	15.0						2018-08-04T19:27	4	8	2018	2538084	2538084	HUMAN_OBSERVATION	iNaturalist	Observations	152124566		Renard frak	2023-03-24T11:26:57	CC_BY_NC_4_0	Renard frak	Renard frak			2025-01-14T13:28:30.826Z	StillImage	COORDINATE_ROUNDED;CONTINENT_DERIVED_FROM_COORDINATES;TAXON_MATCH_TAXON_ID_IGNORED
4075691787	50c9509d-22c7-4a22-a47d-8c48425ef4a7	https://www.inaturalist.org/observations/146168735	Fungi	Basidiomycota	Agaricomycetes	Agaricales	Omphalotaceae	Omphalotus	Omphalotus illudens		SPECIES	Omphalotus illudens (Schwein.) Bresinsky & Besl	Omphalotus illudens		CA		Ontario	PRESENT		28eb1a3f-1c15-4a95-931a-4af90ecb574d	45.363067	-75.195512	31.0						2018-07-24T13:53	24	7	2018	2538084	2538084	HUMAN_OBSERVATION	iNaturalist	Observations	146168735		cinna_latifolia	2023-01-13T20:06:43	CC_BY_4_0	christine123	christine123			2025-01-14T13:27:16.149Z	StillImage	COORDINATE_ROUNDED;CONTINENT_DERIVED_FROM_COORDINATES;TAXON_MATCH_TAXON_ID_IGNORED
4067289650	50c9509d-22c7-4a22-a47d-8c48425ef4a7	https://www.inaturalist.org/observations/131895376	Fungi	Basidiomycota	Agaricomycetes	Agaricales	Omphalotaceae	Omphalotus	Omphalotus illudens		SPECIES	Omphalotus illudens (Schwein.) Bresinsky & Besl	Omphalotus illudens		CA		Québec	PRESENT		28eb1a3f-1c15-4a95-931a-4af90ecb574d	45.515675	-73.825748	8.0						2022-08-22T11:32:02	22	8	2022	2538084	2538084	HUMAN_OBSERVATION	iNaturalist	Observations	131895376		Ben	2023-03-20T18:59:30	CC0_1_0	jhammock	jhammock			2025-01-14T12:31:13.769Z	StillImage	COORDINATE_ROUNDED;CONTINENT_DERIVED_FROM_COORDINATES;TAXON_MATCH_TAXON_ID_IGNORED
4062671441	50c9509d-22c7-4a22-a47d-8c48425ef4a7	https://www.inaturalist.org/observations/151152653	Fungi	Basidiomycota	Agaricomycetes	Agaricales	Omphalotaceae	Omphalotus	Omphalotus illudens		SPECIES	Omphalotus illudens (Schwein.) Bresinsky & Besl	Omphalotus illudens		CA		Québec	PRESENT		28eb1a3f-1c15-4a95-931a-4af90ecb574d	45.452673	-73.267088	2.0						2022-08-16T09:35	16	8	2022	2538084	2538084	HUMAN_OBSERVATION	iNaturalist	Observations	151152653		Jacques Ranger	2023-03-14T20:39:57	CC_BY_NC_4_0	Jacques Ranger	Jacques Ranger			2025-01-14T12:34:07.517Z	StillImage	COORDINATE_ROUNDED;CONTINENT_DERIVED_FROM_COORDINATES;TAXON_MATCH_TAXON_ID_IGNORED
4023665237	fb9d7c38-5759-4c30-9e09-5b6bd43f78a6	http://id.luomus.fi/MY.9754529	Fungi	Basidiomycota	Agaricomycetes	Agaricales	Omphalotaceae	Omphalotus	Omphalotus illudens		SPECIES	Omphalotus illudens (Schwein.) Bresinsky & Besl	Omphalotus illudens (Schwein.) Bresinsky & Besl		CA		Ontario	PRESENT		04fd2e13-6881-4e5c-9dd1-8fdd9ab993c1	45.42	-75.69							1969-08-13T00:00Z	13	8	1969	2538084	2538084	PRESERVED_SPECIMEN	H		http://id.luomus.fi/HA.H7066712				CC_BY_4_0		Illman, W.			2025-01-17T02:41:17.730Z		CONTINENT_DERIVED_FROM_COORDINATES;TAXON_MATCH_TAXON_ID_IGNORED;COLLECTION_MATCH_NONE;INSTITUTION_MATCH_FUZZY
4018201645	50c9509d-22c7-4a22-a47d-8c48425ef4a7	https://www.inaturalist.org/observations/132230224	Fungi	Basidiomycota	Agaricomycetes	Agaricales	Omphalotaceae	Omphalotus	Omphalotus illudens		SPECIES	Omphalotus illudens (Schwein.) Bresinsky & Besl	Omphalotus illudens		CA		Québec	PRESENT		28eb1a3f-1c15-4a95-931a-4af90ecb574d	46.78871	-71.243662	8.0						2022-08-23T23:10	23	8	2022	2538084	2538084	HUMAN_OBSERVATION	iNaturalist	Observations	132230224		Pierrick Bloin	2022-08-25T03:12:05	CC_BY_NC_4_0	Pierrick Bloin	Pierrick Bloin			2025-01-14T13:25:07.155Z	StillImage	COORDINATE_ROUNDED;CONTINENT_DERIVED_FROM_COORDINATES;TAXON_MATCH_TAXON_ID_IGNORED
4011551640	50c9509d-22c7-4a22-a47d-8c48425ef4a7	https://www.inaturalist.org/observations/144370198	Fungi	Basidiomycota	Agaricomycetes	Agaricales	Omphalotaceae	Omphalotus	Omphalotus illudens		SPECIES	Omphalotus illudens (Schwein.) Bresinsky & Besl	Omphalotus illudens		CA		Québec	PRESENT		28eb1a3f-1c15-4a95-931a-4af90ecb574d	45.458747	-74.128488	8.0						2018-08-22T14:47	22	8	2018	2538084	2538084	HUMAN_OBSERVATION	iNaturalist	Observations	144370198		Kilby Gordon	2022-12-14T18:31:22	CC_BY_NC_4_0	Kilby Gordon	Kilby Gordon			2025-01-14T13:34:29.356Z	StillImage	COORDINATE_ROUNDED;CONTINENT_DERIVED_FROM_COORDINATES;TAXON_MATCH_TAXON_ID_IGNORED
4009742904	50c9509d-22c7-4a22-a47d-8c48425ef4a7	https://www.inaturalist.org/observations/144919060	Fungi	Basidiomycota	Agaricomycetes	Agaricales	Omphalotaceae	Omphalotus	Omphalotus illudens		SPECIES	Omphalotus illudens (Schwein.) Bresinsky & Besl	Omphalotus illudens		CA		Québec	PRESENT		28eb1a3f-1c15-4a95-931a-4af90ecb574d	46.919139	-71.218179	61.0						2022-08-29	29	8	2022	2538084	2538084	HUMAN_OBSERVATION	iNaturalist	Observations	144919060		cinna_latifolia	2022-12-24T23:42:07	CC_BY_NC_4_0	Christian Grenier	Christian Grenier			2025-01-14T13:26:45.438Z	StillImage	COORDINATE_ROUNDED;CONTINENT_DERIVED_FROM_COORDINATES;TAXON_MATCH_TAXON_ID_IGNORED
3986217341	50c9509d-22c7-4a22-a47d-8c48425ef4a7	https://www.inaturalist.org/observations/32757762	Fungi	Basidiomycota	Agaricomycetes	Agaricales	Omphalotaceae	Omphalotus	Omphalotus illudens		SPECIES	Omphalotus illudens (Schwein.) Bresinsky & Besl	Omphalotus illudens		CA		Ontario	PRESENT		28eb1a3f-1c15-4a95-931a-4af90ecb574d	45.289977	-79.019124	12.0						2019-09-15T08:25:55	15	9	2019	2538084	2538084	HUMAN_OBSERVATION	iNaturalist	Observations	32757762		Ariel Bonkoski	2022-04-24T06:19:13	CC_BY_NC_4_0	fungi123	fungi123			2025-01-14T12:10:11.177Z	StillImage	COORDINATE_ROUNDED;CONTINENT_DERIVED_FROM_COORDINATES;TAXON_MATCH_TAXON_ID_IGNORED
3985657399	50c9509d-22c7-4a22-a47d-8c48425ef4a7	https://www.inaturalist.org/observations/57909202	Fungi	Basidiomycota	Agaricomycetes	Agaricales	Omphalotaceae	Omphalotus	Omphalotus illudens		SPECIES	Omphalotus illudens (Schwein.) Bresinsky & Besl	Omphalotus illudens		CA		Québec	PRESENT		28eb1a3f-1c15-4a95-931a-4af90ecb574d	45.312108	-73.238121	244.0						2020-08-26T15:40	26	8	2020	2538084	2538084	HUMAN_OBSERVATION	iNaturalist	Observations	57909202		mycowalt	2020-12-12T02:50:37	CC_BY_NC_4_0	bouletr	bouletr			2025-01-14T13:13:47.553Z	StillImage	COORDINATE_ROUNDED;CONTINENT_DERIVED_FROM_COORDINATES;TAXON_MATCH_TAXON_ID_IGNORED
3985645475	50c9509d-22c7-4a22-a47d-8c48425ef4a7	https://www.inaturalist.org/observations/87730831	Fungi	Basidiomycota	Agaricomycetes	Agaricales	Omphalotaceae	Omphalotus	Omphalotus illudens		SPECIES	Omphalotus illudens (Schwein.) Bresinsky & Besl	Omphalotus illudens		CA		New Brunswick	PRESENT		28eb1a3f-1c15-4a95-931a-4af90ecb574d	46.098133	-64.8228	4.0						2021-07-19T13:18	19	7	2021	2538084	2538084	HUMAN_OBSERVATION	iNaturalist	Observations	87730831		Ariel Bonkoski	2022-05-19T23:31:29	CC_BY_NC_4_0	beautifulmorbid	beautifulmorbid			2025-01-14T12:20:01.968Z	StillImage	COORDINATE_ROUNDED;CONTINENT_DERIVED_FROM_COORDINATES;TAXON_MATCH_TAXON_ID_IGNORED
3925064593	50c9509d-22c7-4a22-a47d-8c48425ef4a7	https://www.inaturalist.org/observations/131211301	Fungi	Basidiomycota	Agaricomycetes	Agaricales	Omphalotaceae	Omphalotus	Omphalotus illudens		SPECIES	Omphalotus illudens (Schwein.) Bresinsky & Besl	Omphalotus illudens		CA		Nova Scotia	PRESENT		28eb1a3f-1c15-4a95-931a-4af90ecb574d	45.086786	-64.343803	212.0						2022-08-16T20:25:25	16	8	2022	2538084	2538084	HUMAN_OBSERVATION	iNaturalist	Observations	131211301		maya_lth9	2022-08-17T15:42:16	CC_BY_NC_4_0	maya_lth9	maya_lth9			2025-01-14T12:32:53.890Z	StillImage	COORDINATE_ROUNDED;CONTINENT_DERIVED_FROM_COORDINATES;TAXON_MATCH_TAXON_ID_IGNORED
3924994994	50c9509d-22c7-4a22-a47d-8c48425ef4a7	https://www.inaturalist.org/observations/137757550	Fungi	Basidiomycota	Agaricomycetes	Agaricales	Omphalotaceae	Omphalotus	Omphalotus illudens		SPECIES	Omphalotus illudens (Schwein.) Bresinsky & Besl	Omphalotus illudens		CA		New Brunswick	PRESENT		28eb1a3f-1c15-4a95-931a-4af90ecb574d	45.872885	-66.604796	27095.0						2022-09-01T12:05	1	9	2022	2538084	2538084	HUMAN_OBSERVATION	iNaturalist	Observations	137757550		C. Desjardins	2022-10-06T16:11:06	CC_BY_NC_4_0	C. Desjardins	C. Desjardins			2025-01-14T12:32:03.865Z	StillImage	COORDINATE_ROUNDED;CONTINENT_DERIVED_FROM_COORDINATES;TAXON_MATCH_TAXON_ID_IGNORED
3915358599	50c9509d-22c7-4a22-a47d-8c48425ef4a7	https://www.inaturalist.org/observations/135430913	Fungi	Basidiomycota	Agaricomycetes	Agaricales	Omphalotaceae	Omphalotus	Omphalotus illudens		SPECIES	Omphalotus illudens (Schwein.) Bresinsky & Besl	Omphalotus illudens		CA		Québec	PRESENT		28eb1a3f-1c15-4a95-931a-4af90ecb574d	45.55151	-73.326554	236.0						2022-09-17T11:55:27	17	9	2022	2538084	2538084	HUMAN_OBSERVATION	iNaturalist	Observations	135430913		andrewbtmn	2022-09-17T20:59:49	CC_BY_NC_4_0	andrewbtmn	andrewbtmn			2025-01-14T12:32:21.202Z	StillImage	COORDINATE_ROUNDED;CONTINENT_DERIVED_FROM_COORDINATES;TAXON_MATCH_TAXON_ID_IGNORED
3915305875	50c9509d-22c7-4a22-a47d-8c48425ef4a7	https://www.inaturalist.org/observations/135453173	Fungi	Basidiomycota	Agaricomycetes	Agaricales	Omphalotaceae	Omphalotus	Omphalotus illudens		SPECIES	Omphalotus illudens (Schwein.) Bresinsky & Besl	Omphalotus illudens		CA		Québec	PRESENT		28eb1a3f-1c15-4a95-931a-4af90ecb574d	45.551193	-73.324181							2022-09-17T11:53:48	17	9	2022	2538084	2538084	HUMAN_OBSERVATION	iNaturalist	Observations	135453173		wingycheung	2022-09-18T00:08:35	CC_BY_NC_4_0	wingycheung	wingycheung			2025-01-14T12:31:49.134Z	StillImage	COORDINATE_ROUNDED;CONTINENT_DERIVED_FROM_COORDINATES;TAXON_MATCH_TAXON_ID_IGNORED
3915280792	50c9509d-22c7-4a22-a47d-8c48425ef4a7	https://www.inaturalist.org/observations/135453106	Fungi	Basidiomycota	Agaricomycetes	Agaricales	Omphalotaceae	Omphalotus	Omphalotus illudens		SPECIES	Omphalotus illudens (Schwein.) Bresinsky & Besl	Omphalotus illudens		CA		Québec	PRESENT		28eb1a3f-1c15-4a95-931a-4af90ecb574d	45.551262	-73.324287							2022-09-17T11:53:26	17	9	2022	2538084	2538084	HUMAN_OBSERVATION	iNaturalist	Observations	135453106		wingycheung	2022-09-18T00:07:40	CC_BY_NC_4_0	wingycheung	wingycheung			2025-01-14T13:25:25.210Z	StillImage	COORDINATE_ROUNDED;CONTINENT_DERIVED_FROM_COORDINATES;TAXON_MATCH_TAXON_ID_IGNORED
3912390332	50c9509d-22c7-4a22-a47d-8c48425ef4a7	https://www.inaturalist.org/observations/135587249	Fungi	Basidiomycota	Agaricomycetes	Agaricales	Omphalotaceae	Omphalotus	Omphalotus illudens		SPECIES	Omphalotus illudens (Schwein.) Bresinsky & Besl	Omphalotus illudens		CA		Québec	PRESENT		28eb1a3f-1c15-4a95-931a-4af90ecb574d	45.55003	-73.316945	1519.0						2022-09-17T12:24	17	9	2022	2538084	2538084	HUMAN_OBSERVATION	iNaturalist	Observations	135587249		Evelyne Laprise	2022-09-18T22:16:47	CC_BY_NC_4_0	Evelyne Laprise	Evelyne Laprise			2025-01-14T13:25:26.217Z	StillImage	COORDINATE_ROUNDED;CONTINENT_DERIVED_FROM_COORDINATES;TAXON_MATCH_TAXON_ID_IGNORED
3911564938	55585622-7aeb-4921-a07c-5ddc97de9c5b	MGYA00523564_Eukaryota:Fungi:Basidiomycota:Agaricomycetes:Agaricales:Omphalotaceae:Omphalotus:Omphalotus_illudens	Fungi	Basidiomycota	Agaricomycetes	Agaricales	Omphalotaceae	Omphalotus	Omphalotus illudens		SPECIES	Omphalotus illudens (Schwein.) Bresinsky & Besl	Omphalotus illudens		CA	Varennes		PRESENT		ab733144-7043-4e88-bd4f-fca7bf858880	45.72	-73.37					0.15	0.0					2538084	2538084	MATERIAL_SAMPLE							CC_BY_4_0					2025-01-15T11:18:50.935Z		GEODETIC_DATUM_ASSUMED_WGS84;CONTINENT_DERIVED_FROM_COORDINATES
3911528920	55585622-7aeb-4921-a07c-5ddc97de9c5b	MGYA00578599_Eukaryota:Fungi:Basidiomycota:Agaricomycetes:Agaricales:Omphalotaceae:Omphalotus:Omphalotus_illudens	Fungi	Basidiomycota	Agaricomycetes	Agaricales	Omphalotaceae	Omphalotus	Omphalotus illudens		SPECIES	Omphalotus illudens (Schwein.) Bresinsky & Besl	Omphalotus illudens		CA	Varennes		PRESENT		ab733144-7043-4e88-bd4f-fca7bf858880	45.72	-73.37					0.15	0.0					2538084	2538084	MATERIAL_SAMPLE							CC_BY_4_0					2025-01-15T11:18:50.368Z		GEODETIC_DATUM_ASSUMED_WGS84;CONTINENT_DERIVED_FROM_COORDINATES
3911508044	55585622-7aeb-4921-a07c-5ddc97de9c5b	MGYA00578665_Eukaryota:Fungi:Basidiomycota:Agaricomycetes:Agaricales:Omphalotaceae:Omphalotus:Omphalotus_illudens	Fungi	Basidiomycota	Agaricomycetes	Agaricales	Omphalotaceae	Omphalotus	Omphalotus illudens		SPECIES	Omphalotus illudens (Schwein.) Bresinsky & Besl	Omphalotus illudens		CA	Varennes		PRESENT		ab733144-7043-4e88-bd4f-fca7bf858880	45.72	-73.37					0.15	0.0					2538084	2538084	MATERIAL_SAMPLE							CC_BY_4_0					2025-01-15T11:18:49.339Z		GEODETIC_DATUM_ASSUMED_WGS84;CONTINENT_DERIVED_FROM_COORDINATES
3911393066	55585622-7aeb-4921-a07c-5ddc97de9c5b	MGYA00523317_Eukaryota:Fungi:Basidiomycota:Agaricomycetes:Agaricales:Omphalotaceae:Omphalotus:Omphalotus_illudens	Fungi	Basidiomycota	Agaricomycetes	Agaricales	Omphalotaceae	Omphalotus	Omphalotus illudens		SPECIES	Omphalotus illudens (Schwein.) Bresinsky & Besl	Omphalotus illudens		CA	Varennes		PRESENT		ab733144-7043-4e88-bd4f-fca7bf858880	45.72	-73.37					0.15	0.0					2538084	2538084	MATERIAL_SAMPLE							CC_BY_4_0					2025-01-15T11:18:42.540Z		GEODETIC_DATUM_ASSUMED_WGS84;CONTINENT_DERIVED_FROM_COORDINATES
3911269672	55585622-7aeb-4921-a07c-5ddc97de9c5b	MGYA00578582_Eukaryota:Fungi:Basidiomycota:Agaricomycetes:Agaricales:Omphalotaceae:Omphalotus:Omphalotus_illudens	Fungi	Basidiomycota	Agaricomycetes	Agaricales	Omphalotaceae	Omphalotus	Omphalotus illudens		SPECIES	Omphalotus illudens (Schwein.) Bresinsky & Besl	Omphalotus illudens		CA	Varennes		PRESENT		ab733144-7043-4e88-bd4f-fca7bf858880	45.72	-73.37					0.15	0.0					2538084	2538084	MATERIAL_SAMPLE							CC_BY_4_0					2025-01-15T11:18:37.177Z		GEODETIC_DATUM_ASSUMED_WGS84;CONTINENT_DERIVED_FROM_COORDINATES
3911245889	55585622-7aeb-4921-a07c-5ddc97de9c5b	MGYA00524962_Eukaryota:Fungi:Basidiomycota:Agaricomycetes:Agaricales:Omphalotaceae:Omphalotus:Omphalotus_illudens	Fungi	Basidiomycota	Agaricomycetes	Agaricales	Omphalotaceae	Omphalotus	Omphalotus illudens		SPECIES	Omphalotus illudens (Schwein.) Bresinsky & Besl	Omphalotus illudens		CA	Varennes		PRESENT		ab733144-7043-4e88-bd4f-fca7bf858880	45.72	-73.37					0.15	0.0					2538084	2538084	MATERIAL_SAMPLE							CC_BY_4_0					2025-01-15T11:18:36.302Z		GEODETIC_DATUM_ASSUMED_WGS84;CONTINENT_DERIVED_FROM_COORDINATES
3911208696	55585622-7aeb-4921-a07c-5ddc97de9c5b	MGYA00523315_Eukaryota:Fungi:Basidiomycota:Agaricomycetes:Agaricales:Omphalotaceae:Omphalotus:Omphalotus_illudens	Fungi	Basidiomycota	Agaricomycetes	Agaricales	Omphalotaceae	Omphalotus	Omphalotus illudens		SPECIES	Omphalotus illudens (Schwein.) Bresinsky & Besl	Omphalotus illudens		CA	Varennes		PRESENT		ab733144-7043-4e88-bd4f-fca7bf858880	45.72	-73.37					0.15	0.0					2538084	2538084	MATERIAL_SAMPLE							CC_BY_4_0					2025-01-15T11:18:35.373Z		GEODETIC_DATUM_ASSUMED_WGS84;CONTINENT_DERIVED_FROM_COORDINATES
3903394414	50c9509d-22c7-4a22-a47d-8c48425ef4a7	https://www.inaturalist.org/observations/133502448	Fungi	Basidiomycota	Agaricomycetes	Agaricales	Omphalotaceae	Omphalotus	Omphalotus illudens		SPECIES	Omphalotus illudens (Schwein.) Bresinsky & Besl	Omphalotus illudens		CA		New Brunswick	PRESENT		28eb1a3f-1c15-4a95-931a-4af90ecb574d	45.963707	-66.643115	7954938.0						2022-09-01T18:59:32	1	9	2022	2538084	2538084	HUMAN_OBSERVATION	iNaturalist	Observations	133502448		Tristan Hallett	2022-09-03T22:29:49	CC_BY_NC_4_0	Victoria	Victoria			2025-01-14T12:31:22.340Z	StillImage	COORDINATE_ROUNDED;CONTINENT_DERIVED_FROM_COORDINATES;TAXON_MATCH_TAXON_ID_IGNORED
3903252106	50c9509d-22c7-4a22-a47d-8c48425ef4a7	https://www.inaturalist.org/observations/132828766	Fungi	Basidiomycota	Agaricomycetes	Agaricales	Omphalotaceae	Omphalotus	Omphalotus illudens		SPECIES	Omphalotus illudens (Schwein.) Bresinsky & Besl	Omphalotus illudens		CA		New Brunswick	PRESENT		28eb1a3f-1c15-4a95-931a-4af90ecb574d	45.958333	-65.982467	4.0						2022-08-29T12:43:52	29	8	2022	2538084	2538084	HUMAN_OBSERVATION	iNaturalist	Observations	132828766		Maddy Hogan	2022-08-29T18:29:48	CC_BY_NC_4_0	fireworks123	fireworks123			2025-01-14T13:25:08.872Z	StillImage	COORDINATE_ROUNDED;CONTINENT_DERIVED_FROM_COORDINATES;TAXON_MATCH_TAXON_ID_IGNORED
3903147810	50c9509d-22c7-4a22-a47d-8c48425ef4a7	https://www.inaturalist.org/observations/132659209	Fungi	Basidiomycota	Agaricomycetes	Agaricales	Omphalotaceae	Omphalotus	Omphalotus illudens		SPECIES	Omphalotus illudens (Schwein.) Bresinsky & Besl	Omphalotus illudens		CA		New Brunswick	PRESENT		28eb1a3f-1c15-4a95-931a-4af90ecb574d	45.984528	-66.638817	35.0						2022-08-27T19:54:22	27	8	2022	2538084	2538084	HUMAN_OBSERVATION	iNaturalist	Observations	132659209		rick-1951	2022-08-28T18:27:59	CC_BY_NC_4_0	rick-1951	rick-1951			2025-01-14T13:16:25.187Z	StillImage	COORDINATE_ROUNDED;CONTINENT_DERIVED_FROM_COORDINATES;TAXON_MATCH_TAXON_ID_IGNORED
3903090430	50c9509d-22c7-4a22-a47d-8c48425ef4a7	https://www.inaturalist.org/observations/132727724	Fungi	Basidiomycota	Agaricomycetes	Agaricales	Omphalotaceae	Omphalotus	Omphalotus illudens		SPECIES	Omphalotus illudens (Schwein.) Bresinsky & Besl	Omphalotus illudens		CA		Québec	PRESENT		28eb1a3f-1c15-4a95-931a-4af90ecb574d	45.561445	-73.568083	4.0						2022-08-28T15:39:51	28	8	2022	2538084	2538084	HUMAN_OBSERVATION	iNaturalist	Observations	132727724		Ariel Bonkoski	2022-09-01T01:26:14	CC_BY_NC_4_0	Sylvie D3m	Sylvie D3m			2025-01-14T13:25:01.012Z	StillImage	COORDINATE_ROUNDED;CONTINENT_DERIVED_FROM_COORDINATES;TAXON_MATCH_TAXON_ID_IGNORED
3902822908	50c9509d-22c7-4a22-a47d-8c48425ef4a7	https://www.inaturalist.org/observations/131277470	Fungi	Basidiomycota	Agaricomycetes	Agaricales	Omphalotaceae	Omphalotus	Omphalotus illudens		SPECIES	Omphalotus illudens (Schwein.) Bresinsky & Besl	Omphalotus illudens		CA		Québec	PRESENT		28eb1a3f-1c15-4a95-931a-4af90ecb574d	45.452666	-73.267062	2.0						2022-08-16T09:35	16	8	2022	2538084	2538084	HUMAN_OBSERVATION	iNaturalist	Observations	131277470		Jacques Ranger	2022-08-18T01:06:59	CC_BY_NC_4_0	Jacques Ranger	Jacques Ranger			2025-01-14T13:25:02.392Z	StillImage	COORDINATE_ROUNDED;CONTINENT_DERIVED_FROM_COORDINATES;TAXON_MATCH_TAXON_ID_IGNORED
3902550817	50c9509d-22c7-4a22-a47d-8c48425ef4a7	https://www.inaturalist.org/observations/132832382	Fungi	Basidiomycota	Agaricomycetes	Agaricales	Omphalotaceae	Omphalotus	Omphalotus illudens		SPECIES	Omphalotus illudens (Schwein.) Bresinsky & Besl	Omphalotus illudens		CA		New Brunswick	PRESENT		28eb1a3f-1c15-4a95-931a-4af90ecb574d	45.952847	-66.605777	8.0						2022-08-29T13:12:02	29	8	2022	2538084	2538084	HUMAN_OBSERVATION	iNaturalist	Observations	132832382		jmersereau	2022-08-29T16:13:02	CC_BY_NC_4_0	jmersereau	jmersereau			2025-01-14T13:30:20.536Z	StillImage	COORDINATE_ROUNDED;CONTINENT_DERIVED_FROM_COORDINATES;TAXON_MATCH_TAXON_ID_IGNORED
3892678828	50c9509d-22c7-4a22-a47d-8c48425ef4a7	https://www.inaturalist.org/observations/130542320	Fungi	Basidiomycota	Agaricomycetes	Agaricales	Omphalotaceae	Omphalotus	Omphalotus illudens		SPECIES	Omphalotus illudens (Schwein.) Bresinsky & Besl	Omphalotus illudens		CA		Québec	PRESENT		28eb1a3f-1c15-4a95-931a-4af90ecb574d	45.438991	-73.605339	4.0						2022-08-12T14:03	12	8	2022	2538084	2538084	HUMAN_OBSERVATION	iNaturalist	Observations	130542320		Paul Rioux	2022-08-12T20:22:55	CC_BY_NC_4_0	Paul Rioux	Paul Rioux			2025-01-14T12:31:20.803Z	StillImage	COORDINATE_ROUNDED;CONTINENT_DERIVED_FROM_COORDINATES;TAXON_MATCH_TAXON_ID_IGNORED
3892475954	50c9509d-22c7-4a22-a47d-8c48425ef4a7	https://www.inaturalist.org/observations/130696919	Fungi	Basidiomycota	Agaricomycetes	Agaricales	Omphalotaceae	Omphalotus	Omphalotus illudens		SPECIES	Omphalotus illudens (Schwein.) Bresinsky & Besl	Omphalotus illudens		CA		New Brunswick	PRESENT		28eb1a3f-1c15-4a95-931a-4af90ecb574d	45.95118	-66.681008	4.0						2022-08-13T19:20:20	13	8	2022	2538084	2538084	HUMAN_OBSERVATION	iNaturalist	Observations	130696919		jundai	2022-08-13T22:21:31	CC_BY_NC_4_0	jundai	jundai			2025-01-14T12:32:16.962Z	StillImage	COORDINATE_ROUNDED;CONTINENT_DERIVED_FROM_COORDINATES;TAXON_MATCH_TAXON_ID_IGNORED
3764469304	50c9509d-22c7-4a22-a47d-8c48425ef4a7	http://www.inaturalist.org/observations/4570594	Fungi	Basidiomycota	Agaricomycetes	Agaricales	Omphalotaceae	Omphalotus	Omphalotus illudens		SPECIES	Omphalotus illudens (Schwein.) Bresinsky & Besl	Omphalotus illudens		CA		Ontario	PRESENT		28eb1a3f-1c15-4a95-931a-4af90ecb574d	45.48398	-76.219394	2173.0						2008-08-09	9	8	2008	2538084	2538084	HUMAN_OBSERVATION	iNaturalist	Observations	4570594		John Plischke	2017-06-12T04:20:59	CC_BY_NC_4_0	Heather Pickard	Heather Pickard			2025-01-14T12:58:34.372Z	StillImage	COORDINATE_ROUNDED;CONTINENT_DERIVED_FROM_COORDINATES;TAXON_MATCH_TAXON_ID_IGNORED
3759514459	50c9509d-22c7-4a22-a47d-8c48425ef4a7	https://www.inaturalist.org/observations/58045087	Fungi	Basidiomycota	Agaricomycetes	Agaricales	Omphalotaceae	Omphalotus	Omphalotus illudens		SPECIES	Omphalotus illudens (Schwein.) Bresinsky & Besl	Omphalotus illudens		CA		Ontario	PRESENT		28eb1a3f-1c15-4a95-931a-4af90ecb574d	45.259333	-75.712836							2020-08-30T12:49:06	30	8	2020	2538084	2538084	HUMAN_OBSERVATION	iNaturalist	Observations	58045087		Joseph Petch	2020-08-30T16:50:10	CC_BY_NC_4_0	Joseph Petch	Joseph Petch			2025-01-14T13:09:50.185Z	StillImage	COORDINATE_ROUNDED;CONTINENT_DERIVED_FROM_COORDINATES;TAXON_MATCH_TAXON_ID_IGNORED
3759198818	50c9509d-22c7-4a22-a47d-8c48425ef4a7	https://www.inaturalist.org/observations/106136907	Fungi	Basidiomycota	Agaricomycetes	Agaricales	Omphalotaceae	Omphalotus	Omphalotus illudens		SPECIES	Omphalotus illudens (Schwein.) Bresinsky & Besl	Omphalotus illudens		CA		Québec	PRESENT		28eb1a3f-1c15-4a95-931a-4af90ecb574d	45.46072	-74.137059	17.0						2019-08-13	13	8	2019	2538084	2538084	HUMAN_OBSERVATION	iNaturalist	Observations	106136907		Kilby Gordon	2022-02-05T20:56:13	CC_BY_NC_4_0	Kilby Gordon	Kilby Gordon			2025-01-14T12:25:55.091Z	StillImage	CONTINENT_DERIVED_FROM_COORDINATES;TAXON_MATCH_TAXON_ID_IGNORED
3759194449	50c9509d-22c7-4a22-a47d-8c48425ef4a7	https://www.inaturalist.org/observations/56088814	Fungi	Basidiomycota	Agaricomycetes	Agaricales	Omphalotaceae	Omphalotus	Omphalotus illudens		SPECIES	Omphalotus illudens (Schwein.) Bresinsky & Besl	Omphalotus illudens		CA		Ontario	PRESENT		28eb1a3f-1c15-4a95-931a-4af90ecb574d	45.265214	-75.734789	2789.0						2020-08-10T13:18:27	10	8	2020	2538084	2538084	HUMAN_OBSERVATION	iNaturalist	Observations	56088814		Zeze	2020-08-11T19:05:55	CC_BY_NC_4_0	brainchild	brainchild			2025-01-14T13:08:55.066Z	StillImage	COORDINATE_ROUNDED;CONTINENT_DERIVED_FROM_COORDINATES;TAXON_MATCH_TAXON_ID_IGNORED
3712747445	50c9509d-22c7-4a22-a47d-8c48425ef4a7	https://www.inaturalist.org/observations/96105270	Fungi	Basidiomycota	Agaricomycetes	Agaricales	Omphalotaceae	Omphalotus	Omphalotus illudens		SPECIES	Omphalotus illudens (Schwein.) Bresinsky & Besl	Omphalotus illudens		CA		Nova Scotia	PRESENT		28eb1a3f-1c15-4a95-931a-4af90ecb574d	45.186155	-64.496925	27222.0						2021-09-25T13:53:16	25	9	2021	2538084	2538084	HUMAN_OBSERVATION	iNaturalist	Observations	96105270		Ben	2021-09-26T17:32:54	CC_BY_NC_4_0	northmountaingal	northmountaingal			2025-01-14T12:22:36.810Z	StillImage	COORDINATE_ROUNDED;CONTINENT_DERIVED_FROM_COORDINATES;TAXON_MATCH_TAXON_ID_IGNORED
3712678420	50c9509d-22c7-4a22-a47d-8c48425ef4a7	https://www.inaturalist.org/observations/95062422	Fungi	Basidiomycota	Agaricomycetes	Agaricales	Omphalotaceae	Omphalotus	Omphalotus illudens		SPECIES	Omphalotus illudens (Schwein.) Bresinsky & Besl	Omphalotus illudens		CA		Québec	PRESENT		28eb1a3f-1c15-4a95-931a-4af90ecb574d	45.364346	-71.846855	4.0						2021-09-16T14:37:15	16	9	2021	2538084	2538084	HUMAN_OBSERVATION	iNaturalist	Observations	95062422		timberlord14	2021-09-16T18:37:28	CC_BY_NC_4_0	timberlord14	timberlord14			2025-01-14T13:23:09.080Z	StillImage	COORDINATE_ROUNDED;CONTINENT_DERIVED_FROM_COORDINATES;TAXON_MATCH_TAXON_ID_IGNORED
3399160311	50c9509d-22c7-4a22-a47d-8c48425ef4a7	https://www.inaturalist.org/observations/99510781	Fungi	Basidiomycota	Agaricomycetes	Agaricales	Omphalotaceae	Omphalotus	Omphalotus illudens		SPECIES	Omphalotus illudens (Schwein.) Bresinsky & Besl	Omphalotus illudens		CA		Ontario	PRESENT		28eb1a3f-1c15-4a95-931a-4af90ecb574d	45.415956	-75.410622	64.0						2021-08-25T18:10:54	25	8	2021	2538084	2538084	HUMAN_OBSERVATION	iNaturalist	Observations	99510781		Amanda	2021-10-27T05:33:30	CC_BY_NC_4_0	abcdz	abcdz			2025-01-14T13:11:11.966Z	StillImage	COORDINATE_ROUNDED;CONTINENT_DERIVED_FROM_COORDINATES;TAXON_MATCH_TAXON_ID_IGNORED
3384817167	50c9509d-22c7-4a22-a47d-8c48425ef4a7	https://www.inaturalist.org/observations/96022724	Fungi	Basidiomycota	Agaricomycetes	Agaricales	Omphalotaceae	Omphalotus	Omphalotus illudens		SPECIES	Omphalotus illudens (Schwein.) Bresinsky & Besl	Omphalotus illudens		CA		Nova Scotia	PRESENT		28eb1a3f-1c15-4a95-931a-4af90ecb574d	45.106351	-64.293491	957.0						2021-09-24T15:30	24	9	2021	2538084	2538084	HUMAN_OBSERVATION	iNaturalist	Observations	96022724		cinna_latifolia	2021-09-29T01:22:17	CC_BY_NC_4_0	joliwanderer	joliwanderer			2025-01-14T12:22:16.569Z	StillImage	COORDINATE_ROUNDED;CONTINENT_DERIVED_FROM_COORDINATES;TAXON_MATCH_TAXON_ID_IGNORED
3355520144	50c9509d-22c7-4a22-a47d-8c48425ef4a7	https://www.inaturalist.org/observations/92895267	Fungi	Basidiomycota	Agaricomycetes	Agaricales	Omphalotaceae	Omphalotus	Omphalotus illudens		SPECIES	Omphalotus illudens (Schwein.) Bresinsky & Besl	Omphalotus illudens		CA		Nova Scotia	PRESENT		28eb1a3f-1c15-4a95-931a-4af90ecb574d	45.084217	-64.582297	15.0						2021-08-28T18:50:11	28	8	2021	2538084	2538084	HUMAN_OBSERVATION	iNaturalist	Observations	92895267		michaelredden	2021-08-29T12:10:24	CC_BY_NC_4_0	michaelredden	michaelredden			2025-01-14T12:21:52.882Z	StillImage	COORDINATE_ROUNDED;CONTINENT_DERIVED_FROM_COORDINATES;TAXON_MATCH_TAXON_ID_IGNORED
3355129744	50c9509d-22c7-4a22-a47d-8c48425ef4a7	https://www.inaturalist.org/observations/93421818	Fungi	Basidiomycota	Agaricomycetes	Agaricales	Omphalotaceae	Omphalotus	Omphalotus illudens		SPECIES	Omphalotus illudens (Schwein.) Bresinsky & Besl	Omphalotus illudens		CA		Ontario	PRESENT		28eb1a3f-1c15-4a95-931a-4af90ecb574d	45.36378	-75.760863	27190.0						2021-09-02T18:58:26	2	9	2021	2538084	2538084	HUMAN_OBSERVATION	iNaturalist	Observations	93421818		evelynayre	2021-09-02T23:37:56	CC_BY_NC_4_0	evelynayre	evelynayre			2025-01-14T13:14:18.823Z	StillImage	COORDINATE_ROUNDED;CONTINENT_DERIVED_FROM_COORDINATES;TAXON_MATCH_TAXON_ID_IGNORED
3338131847	50c9509d-22c7-4a22-a47d-8c48425ef4a7	https://www.inaturalist.org/observations/91156660	Fungi	Basidiomycota	Agaricomycetes	Agaricales	Omphalotaceae	Omphalotus	Omphalotus illudens		SPECIES	Omphalotus illudens (Schwein.) Bresinsky & Besl	Omphalotus illudens		CA		Québec	PRESENT		28eb1a3f-1c15-4a95-931a-4af90ecb574d	45.460556	-74.1375							2020-08-16T17:14	16	8	2020	2538084	2538084	HUMAN_OBSERVATION	iNaturalist	Observations	91156660		Kilby Gordon	2021-08-14T19:03:12	CC_BY_NC_4_0	Kilby Gordon	Kilby Gordon			2025-01-14T13:13:54.635Z	StillImage	COORDINATE_ROUNDED;CONTINENT_DERIVED_FROM_COORDINATES;TAXON_MATCH_TAXON_ID_IGNORED
3335200712	50c9509d-22c7-4a22-a47d-8c48425ef4a7	https://www.inaturalist.org/observations/90086663	Fungi	Basidiomycota	Agaricomycetes	Agaricales	Omphalotaceae	Omphalotus	Omphalotus illudens		SPECIES	Omphalotus illudens (Schwein.) Bresinsky & Besl	Omphalotus illudens		CA		Ontario	PRESENT		28eb1a3f-1c15-4a95-931a-4af90ecb574d	45.383618	-75.641331							2021-08-05T17:26:37	5	8	2021	2538084	2538084	HUMAN_OBSERVATION	iNaturalist	Observations	90086663		Johann Wagner	2021-08-05T23:03:50	CC_BY_NC_4_0	Johann Wagner	Johann Wagner			2025-01-14T13:13:19.612Z	StillImage	COORDINATE_ROUNDED;CONTINENT_DERIVED_FROM_COORDINATES;TAXON_MATCH_TAXON_ID_IGNORED
3333324606	50c9509d-22c7-4a22-a47d-8c48425ef4a7	https://www.inaturalist.org/observations/87904878	Fungi	Basidiomycota	Agaricomycetes	Agaricales	Omphalotaceae	Omphalotus	Omphalotus illudens		SPECIES	Omphalotus illudens (Schwein.) Bresinsky & Besl	Omphalotus illudens		CA		Québec	PRESENT		28eb1a3f-1c15-4a95-931a-4af90ecb574d	45.603544	-75.045194	61.0						2021-07-20T14:43	20	7	2021	2538084	2538084	HUMAN_OBSERVATION	iNaturalist	Observations	87904878		Jean-Marc Vallières	2021-07-20T20:42:18	CC_BY_NC_4_0	Jean-Marc Vallières	Jean-Marc Vallières			2025-01-14T13:10:50.950Z	StillImage	COORDINATE_ROUNDED;CONTINENT_DERIVED_FROM_COORDINATES;TAXON_MATCH_TAXON_ID_IGNORED
3333217403	50c9509d-22c7-4a22-a47d-8c48425ef4a7	https://www.inaturalist.org/observations/88968225	Fungi	Basidiomycota	Agaricomycetes	Agaricales	Omphalotaceae	Omphalotus	Omphalotus illudens		SPECIES	Omphalotus illudens (Schwein.) Bresinsky & Besl	Omphalotus illudens		CA		New Brunswick	PRESENT		28eb1a3f-1c15-4a95-931a-4af90ecb574d	45.893171	-66.688525	5.0						2021-07-28T15:27:59	28	7	2021	2538084	2538084	HUMAN_OBSERVATION	iNaturalist	Observations	88968225		ajsavoie	2021-07-28T18:30:23	CC_BY_NC_4_0	ajsavoie	ajsavoie			2025-01-14T13:13:48.230Z	StillImage	COORDINATE_ROUNDED;CONTINENT_DERIVED_FROM_COORDINATES;TAXON_MATCH_TAXON_ID_IGNORED
3333147831	50c9509d-22c7-4a22-a47d-8c48425ef4a7	https://www.inaturalist.org/observations/88442136	Fungi	Basidiomycota	Agaricomycetes	Agaricales	Omphalotaceae	Omphalotus	Omphalotus illudens		SPECIES	Omphalotus illudens (Schwein.) Bresinsky & Besl	Omphalotus illudens		CA		Québec	PRESENT		28eb1a3f-1c15-4a95-931a-4af90ecb574d	45.551353	-73.324295							2021-07-24T11:13:59	24	7	2021	2538084	2538084	HUMAN_OBSERVATION	iNaturalist	Observations	88442136		wingycheung	2021-07-24T20:18:46	CC_BY_NC_4_0	wingycheung	wingycheung			2025-01-14T13:13:38.434Z	StillImage	COORDINATE_ROUNDED;CONTINENT_DERIVED_FROM_COORDINATES;TAXON_MATCH_TAXON_ID_IGNORED
3330889504	50c9509d-22c7-4a22-a47d-8c48425ef4a7	https://www.inaturalist.org/observations/88115607	Fungi	Basidiomycota	Agaricomycetes	Agaricales	Omphalotaceae	Omphalotus	Omphalotus illudens		SPECIES	Omphalotus illudens (Schwein.) Bresinsky & Besl	Omphalotus illudens		CA		New Brunswick	PRESENT		28eb1a3f-1c15-4a95-931a-4af90ecb574d	45.934351	-66.645268	554.0						2021-07-22T09:13:16	22	7	2021	2538084	2538084	HUMAN_OBSERVATION	iNaturalist	Observations	88115607		daisyb0i	2021-07-22T13:00:48	CC_BY_NC_4_0	daisyb0i	daisyb0i			2025-01-14T12:19:35.052Z	StillImage	COORDINATE_ROUNDED;CONTINENT_DERIVED_FROM_COORDINATES;TAXON_MATCH_TAXON_ID_IGNORED
3330430180	50c9509d-22c7-4a22-a47d-8c48425ef4a7	https://www.inaturalist.org/observations/87779267	Fungi	Basidiomycota	Agaricomycetes	Agaricales	Omphalotaceae	Omphalotus	Omphalotus illudens		SPECIES	Omphalotus illudens (Schwein.) Bresinsky & Besl	Omphalotus illudens		CA		New Brunswick	PRESENT		28eb1a3f-1c15-4a95-931a-4af90ecb574d	45.946553	-66.672628	6.0						2021-07-19T19:27:34	19	7	2021	2538084	2538084	HUMAN_OBSERVATION	iNaturalist	Observations	87779267		Raymonde G Chartier	2021-07-20T02:10:02	CC_BY_NC_4_0	hbincik	hbincik			2025-01-14T13:13:13.798Z	StillImage	COORDINATE_ROUNDED;CONTINENT_DERIVED_FROM_COORDINATES;TAXON_MATCH_TAXON_ID_IGNORED
3005098317	50c9509d-22c7-4a22-a47d-8c48425ef4a7	https://www.inaturalist.org/observations/15423054	Fungi	Basidiomycota	Agaricomycetes	Agaricales	Omphalotaceae	Omphalotus	Omphalotus illudens		SPECIES	Omphalotus illudens (Schwein.) Bresinsky & Besl	Omphalotus illudens		CA		Québec	PRESENT		28eb1a3f-1c15-4a95-931a-4af90ecb574d	45.430841	-73.943329	215.0						2018-08-14T11:07	14	8	2018	2538084	2538084	HUMAN_OBSERVATION	iNaturalist	Observations	15423054		inspector_crow	2018-08-14T16:59:17	CC_BY_NC_4_0	inspector_crow	inspector_crow			2025-01-14T13:00:29.287Z	StillImage	COORDINATE_ROUNDED;CONTINENT_DERIVED_FROM_COORDINATES;TAXON_MATCH_TAXON_ID_IGNORED
2999206484	50c9509d-22c7-4a22-a47d-8c48425ef4a7	https://www.inaturalist.org/observations/57831966	Fungi	Basidiomycota	Agaricomycetes	Agaricales	Omphalotaceae	Omphalotus	Omphalotus illudens		SPECIES	Omphalotus illudens (Schwein.) Bresinsky & Besl	Omphalotus illudens		CA		Québec	PRESENT		28eb1a3f-1c15-4a95-931a-4af90ecb574d	45.31128	-73.242999	9.0						2020-08-28T11:03:59	28	8	2020	2538084	2538084	HUMAN_OBSERVATION	iNaturalist	Observations	57831966		Tristan Jobin	2020-08-28T15:04:29	CC_BY_4_0	Tristan Jobin	Tristan Jobin			2025-01-14T12:14:26.159Z	StillImage	COORDINATE_ROUNDED;CONTINENT_DERIVED_FROM_COORDINATES;TAXON_MATCH_TAXON_ID_IGNORED
2999168501	50c9509d-22c7-4a22-a47d-8c48425ef4a7	https://www.inaturalist.org/observations/58265980	Fungi	Basidiomycota	Agaricomycetes	Agaricales	Omphalotaceae	Omphalotus	Omphalotus illudens		SPECIES	Omphalotus illudens (Schwein.) Bresinsky & Besl	Omphalotus illudens		CA		Québec	PRESENT		28eb1a3f-1c15-4a95-931a-4af90ecb574d	45.533018	-73.330486	8.0						2020-09-01T14:37	1	9	2020	2538084	2538084	HUMAN_OBSERVATION	iNaturalist	Observations	58265980		sajala	2020-09-01T18:45:06	CC_BY_NC_4_0	sajala	sajala			2025-01-14T12:15:23.912Z	StillImage	COORDINATE_ROUNDED;CONTINENT_DERIVED_FROM_COORDINATES;TAXON_MATCH_TAXON_ID_IGNORED
2999134461	50c9509d-22c7-4a22-a47d-8c48425ef4a7	https://www.inaturalist.org/observations/54116681	Fungi	Basidiomycota	Agaricomycetes	Agaricales	Omphalotaceae	Omphalotus	Omphalotus illudens		SPECIES	Omphalotus illudens (Schwein.) Bresinsky & Besl	Omphalotus illudens		CA		Québec	PRESENT		28eb1a3f-1c15-4a95-931a-4af90ecb574d	45.640286	-73.782525	191.0						2020-07-15T19:10:18	15	7	2020	2538084	2538084	HUMAN_OBSERVATION	iNaturalist	Observations	54116681		Bruna Fabbro	2020-07-24T01:28:00	CC_BY_NC_4_0	Bruna Fabbro	Bruna Fabbro			2025-01-14T13:58:08.990Z	StillImage	COORDINATE_ROUNDED;CONTINENT_DERIVED_FROM_COORDINATES;TAXON_MATCH_TAXON_ID_IGNORED
2999132364	50c9509d-22c7-4a22-a47d-8c48425ef4a7	https://www.inaturalist.org/observations/39282774	Fungi	Basidiomycota	Agaricomycetes	Agaricales	Omphalotaceae	Omphalotus	Omphalotus illudens		SPECIES	Omphalotus illudens (Schwein.) Bresinsky & Besl	Omphalotus illudens		CA		Québec	PRESENT		28eb1a3f-1c15-4a95-931a-4af90ecb574d	45.563407	-75.436314	15.0						2017-09-02	2	9	2017	2538084	2538084	HUMAN_OBSERVATION	iNaturalist	Observations	39282774		Christian Grenier	2020-02-27T17:16:06	CC_BY_NC_4_0	Christian Grenier	Christian Grenier			2025-01-14T12:10:47.985Z	StillImage	COORDINATE_ROUNDED;CONTINENT_DERIVED_FROM_COORDINATES;TAXON_MATCH_TAXON_ID_IGNORED
2999130478	50c9509d-22c7-4a22-a47d-8c48425ef4a7	https://www.inaturalist.org/observations/58067222	Fungi	Basidiomycota	Agaricomycetes	Agaricales	Omphalotaceae	Omphalotus	Omphalotus illudens		SPECIES	Omphalotus illudens (Schwein.) Bresinsky & Besl	Omphalotus illudens		CA		Québec	PRESENT		28eb1a3f-1c15-4a95-931a-4af90ecb574d	45.574722	-73.556111							2020-08-23T14:04	23	8	2020	2538084	2538084	HUMAN_OBSERVATION	iNaturalist	Observations	58067222		Don-Jean Leandri-Breton	2020-08-30T20:39:21	CC_BY_NC_4_0	Don-Jean Leandri-Breton	Don-Jean Leandri-Breton			2025-01-14T13:12:46.385Z		COORDINATE_ROUNDED;CONTINENT_DERIVED_FROM_COORDINATES;TAXON_MATCH_TAXON_ID_IGNORED
2999126468	50c9509d-22c7-4a22-a47d-8c48425ef4a7	https://www.inaturalist.org/observations/55016182	Fungi	Basidiomycota	Agaricomycetes	Agaricales	Omphalotaceae	Omphalotus	Omphalotus illudens		SPECIES	Omphalotus illudens (Schwein.) Bresinsky & Besl	Omphalotus illudens		CA		Québec	PRESENT		28eb1a3f-1c15-4a95-931a-4af90ecb574d	45.543465	-73.471461	157.0						2019-08-31T11:07	31	8	2019	2538084	2538084	HUMAN_OBSERVATION	iNaturalist	Observations	55016182		mycowalt	2020-12-12T02:46:27	CC_BY_NC_4_0	ornitholarocque	ornitholarocque			2025-01-14T12:14:00.537Z	StillImage	COORDINATE_ROUNDED;CONTINENT_DERIVED_FROM_COORDINATES;TAXON_MATCH_TAXON_ID_IGNORED
2999040514	50c9509d-22c7-4a22-a47d-8c48425ef4a7	https://www.inaturalist.org/observations/59076553	Fungi	Basidiomycota	Agaricomycetes	Agaricales	Omphalotaceae	Omphalotus	Omphalotus illudens		SPECIES	Omphalotus illudens (Schwein.) Bresinsky & Besl	Omphalotus illudens		CA		Québec	PRESENT		28eb1a3f-1c15-4a95-931a-4af90ecb574d	45.364292	-71.846808	7.0						2020-09-09T16:45:59	9	9	2020	2538084	2538084	HUMAN_OBSERVATION	iNaturalist	Observations	59076553		redwolftrash	2020-09-09T21:03:22	CC_BY_4_0	feralbeetle	feralbeetle			2025-01-14T12:14:53.603Z	StillImage	COORDINATE_ROUNDED;CONTINENT_DERIVED_FROM_COORDINATES;TAXON_MATCH_TAXON_ID_IGNORED
2883160663	50c9509d-22c7-4a22-a47d-8c48425ef4a7	https://www.inaturalist.org/observations/61701512	Fungi	Basidiomycota	Agaricomycetes	Agaricales	Omphalotaceae	Omphalotus	Omphalotus illudens		SPECIES	Omphalotus illudens (Schwein.) Bresinsky & Besl	Omphalotus illudens		CA		Nova Scotia	PRESENT		28eb1a3f-1c15-4a95-931a-4af90ecb574d	45.091828	-64.359835	2248.0						2020-07-28	28	7	2020	2538084	2538084	HUMAN_OBSERVATION	iNaturalist	Observations	61701512		Dr. Allison Walker	2020-10-04T19:16:35	CC_BY_NC_4_0	Dr. Allison Walker	Dr. Allison Walker			2025-01-14T13:10:16.785Z	StillImage	COORDINATE_ROUNDED;CONTINENT_DERIVED_FROM_COORDINATES;TAXON_MATCH_TAXON_ID_IGNORED
2823256539	50c9509d-22c7-4a22-a47d-8c48425ef4a7	https://www.inaturalist.org/observations/53042345	Fungi	Basidiomycota	Agaricomycetes	Agaricales	Omphalotaceae	Omphalotus	Omphalotus illudens		SPECIES	Omphalotus illudens (Schwein.) Bresinsky & Besl	Omphalotus illudens		CA		New Brunswick	PRESENT		28eb1a3f-1c15-4a95-931a-4af90ecb574d	45.893188	-66.688577	5.0						2020-07-14T09:56:04	14	7	2020	2538084	2538084	HUMAN_OBSERVATION	iNaturalist	Observations	53042345		Raymonde G Chartier	2020-07-14T19:08:26	CC_BY_NC_4_0	ajsavoie	ajsavoie			2025-01-14T12:13:53.776Z	StillImage	COORDINATE_ROUNDED;CONTINENT_DERIVED_FROM_COORDINATES;TAXON_MATCH_TAXON_ID_IGNORED
2597888785	50c9509d-22c7-4a22-a47d-8c48425ef4a7	https://www.inaturalist.org/observations/33221580	Fungi	Basidiomycota	Agaricomycetes	Agaricales	Omphalotaceae	Omphalotus	Omphalotus illudens		SPECIES	Omphalotus illudens (Schwein.) Bresinsky & Besl	Omphalotus illudens		CA		Nova Scotia	PRESENT		28eb1a3f-1c15-4a95-931a-4af90ecb574d	45.060742	-64.410183	3000.0						2019-09-20T09:25:54	20	9	2019	2538084	2538084	HUMAN_OBSERVATION	iNaturalist	Observations	33221580		keelercolton	2019-09-22T21:56:43	CC_BY_NC_4_0	keelercolton	keelercolton			2025-01-14T12:09:21.084Z	StillImage	COORDINATE_ROUNDED;CONTINENT_DERIVED_FROM_COORDINATES;TAXON_MATCH_TAXON_ID_IGNORED
1807260231	e8a25a42-f125-476c-8554-3ec21cd51a84	ACAD:117021	Fungi	Basidiomycota	Agaricomycetes	Agaricales	Omphalotaceae	Omphalotus	Omphalotus illudens		SPECIES	Omphalotus illudens (Schwein.) Bresinsky & Besl	Omphalotus illudens (Schwein.) Bresinsky & Besl	(Schwein.) Bresinsky & Besl	CA	Kentville	Nova Scotia	PRESENT		6491ad8c-8e49-4bd4-a089-0ddb3bbe0890	45.07662	-64.49592							1954-08-10	10	8	1954	2538084	2538084	PRESERVED_SPECIMEN	Acadia University	ACAD	5281F	5281			CC0_1_0	Acadia University	H, KA			2024-01-25T01:37:12.506Z	StillImage	GEODETIC_DATUM_INVALID;GEODETIC_DATUM_ASSUMED_WGS84;TAXON_MATCH_TAXON_ID_IGNORED;INSTITUTION_MATCH_FUZZY;COLLECTION_MATCH_FUZZY
1807260091	e8a25a42-f125-476c-8554-3ec21cd51a84	ACAD:116886	Fungi	Basidiomycota	Agaricomycetes	Agaricales	Omphalotaceae	Omphalotus	Omphalotus illudens		SPECIES	Omphalotus illudens (Schwein.) Bresinsky & Besl	Omphalotus illudens (Schwein.) Bresinsky & Besl	(Schwein.) Bresinsky & Besl	CA	Kentville	Nova Scotia	PRESENT		6491ad8c-8e49-4bd4-a089-0ddb3bbe0890	45.07662	-64.49592							1959-09-10	10	9	1959	2538084	2538084	PRESERVED_SPECIMEN	Acadia University	ACAD	5144F	5144			CC0_1_0	Acadia University	H, KA			2024-01-25T01:37:05.531Z	StillImage	GEODETIC_DATUM_INVALID;GEODETIC_DATUM_ASSUMED_WGS84;TAXON_MATCH_TAXON_ID_IGNORED;INSTITUTION_MATCH_FUZZY;COLLECTION_MATCH_FUZZY
1135067584	21705170-d2b6-42de-8904-c3bca4b83591	CMMF006153	Fungi	Basidiomycota	Agaricomycetes	Agaricales	Omphalotaceae	Omphalotus	Omphalotus illudens		SPECIES	Omphalotus illudens (Schwein.) Bresinsky & Besl	Omphalotus illudens (Schwein.) Bresinsky & Besl	(Schwein.) Bresinsky & Besl	CA	Châteauguay	Québec	PRESENT		ff7bd5db-b724-4932-b496-10ea298851f9	45.35433	-73.774083	100.0						2005-07-22	22	7	2005	2538084	2538084	PRESERVED_SPECIMEN	Université de Montréal Biodiversity Centre	CMMF	CMMF006153	C2218	McNeil, Raymond		CC0_1_0	Université de Montréal Biodiversity Centre	McNeil, Raymond			2024-01-24T16:38:18.849Z	StillImage	COORDINATE_ROUNDED;INSTITUTION_MATCH_FUZZY;COLLECTION_MATCH_FUZZY;DIFFERENT_OWNER_INSTITUTION
