gbifID	datasetKey	occurrenceID	kingdom	phylum	class	order	family	genus	species	infraspecificEpithet	taxonRank	scientificName	verbatimScientificName	verbatimScientificNameAuthorship	countryCode	locality	stateProvince	occurrenceStatus	individualCount	publishingOrgKey	decimalLatitude	decimalLongitude	coordinateUncertaintyInMeters	coordinatePrecision	elevation	elevationAccuracy	depth	depthAccuracy	eventDate	day	month	year	taxonKey	speciesKey	basisOfRecord	institutionCode	collectionCode	catalogNumber	recordNumber	identifiedBy	dateIdentified	license	rightsHolder	recordedBy	typeStatus	establishmentMeans	lastInterpreted	mediaType	issue
694156934	d7cfd2ed-8af4-427f-a16e-eb66b7e2c419	13721	Fungi	Basidiomycota	Agaricomycetes	Agaricales	Pleurotaceae	Pleurotus	Pleurotus ostreatus		SPECIES	Pleurotus ostreatus (Jacq.) P.Kumm.	Pleurotus ostreatus (Jacq.) P. Kumm.	(Jacq.) P. Kumm.	CA	Algonquin Provincial Park	Ontario	PRESENT		ff418020-1d67-11d9-8435-b8a03c50a862	45.759859	-78.376465	67511.0						2006-09-30	30	9	2006	2526530	2526530	PRESERVED_SPECIMEN	Royal Ontario Museum	TRTC	TRTC150956	MD_ALG06_43	Maryna Didukh		CC0_1_0	Royal Ontario Museum	Maryna Didukh			2024-01-25T00:59:38.110Z	StillImage	COORDINATE_ROUNDED;AMBIGUOUS_INSTITUTION
617554646	21705170-d2b6-42de-8904-c3bca4b83591	CMMF000451	Fungi	Basidiomycota	Agaricomycetes	Agaricales	Pleurotaceae	Pleurotus	Pleurotus ostreatus		SPECIES	Pleurotus ostreatus (Jacq.) P.Kumm.	Pleurotus ostreatus (Jacq.) P. Kumm.	(Jacq.) P. Kumm.	CA	Montréal	Québec	PRESENT		ff7bd5db-b724-4932-b496-10ea298851f9	45.509625	-73.662984	25000.0						1989-05-22	22	5	1989	2526530	2526530	PRESERVED_SPECIMEN	Université de Montréal Biodiversity Centre	CMMF	CMMF000451		Lamoureux, Yves		CC0_1_0	Université de Montréal Biodiversity Centre	Lamoureux, Yves			2024-01-24T16:38:19.973Z	StillImage	INSTITUTION_MATCH_FUZZY;COLLECTION_MATCH_FUZZY;DIFFERENT_OWNER_INSTITUTION
617554622	21705170-d2b6-42de-8904-c3bca4b83591	CMMF000044	Fungi	Basidiomycota	Agaricomycetes	Agaricales	Pleurotaceae	Pleurotus	Pleurotus ostreatus		SPECIES	Pleurotus ostreatus (Jacq.) P.Kumm.	Pleurotus ostreatus (Jacq.) P. Kumm.	(Jacq.) P. Kumm.	CA	Montréal	Québec	PRESENT		ff7bd5db-b724-4932-b496-10ea298851f9	45.509625	-73.662984	25000.0						1988-07-15	15	7	1988	2526530	2526530	PRESERVED_SPECIMEN	Université de Montréal Biodiversity Centre	CMMF	CMMF000044		Lamoureux, Yves		CC0_1_0	Université de Montréal Biodiversity Centre	Lamoureux, Yves			2024-01-24T16:38:20.370Z	StillImage	INSTITUTION_MATCH_FUZZY;COLLECTION_MATCH_FUZZY;DIFFERENT_OWNER_INSTITUTION
617550610	21705170-d2b6-42de-8904-c3bca4b83591	CMMF002352	Fungi	Basidiomycota	Agaricomycetes	Agaricales	Pleurotaceae	Pleurotus	Pleurotus ostreatus		SPECIES	Pleurotus ostreatus (Jacq.) P.Kumm.	Pleurotus ostreatus (Jacq.) P. Kumm.	(Jacq.) P. Kumm.	CA	Longueuil	Québec	PRESENT		ff7bd5db-b724-4932-b496-10ea298851f9	45.544154	-73.477185	5000.0						1995-05-31	31	5	1995	2526530	2526530	PRESERVED_SPECIMEN	Université de Montréal Biodiversity Centre	CMMF	CMMF002352		Lamoureux, Yves		CC0_1_0	Université de Montréal Biodiversity Centre	Lamoureux, Yves			2024-01-24T16:38:19.451Z	StillImage	INSTITUTION_MATCH_FUZZY;COLLECTION_MATCH_FUZZY;DIFFERENT_OWNER_INSTITUTION
4994607372	50c9509d-22c7-4a22-a47d-8c48425ef4a7	https://www.inaturalist.org/observations/252783907	Fungi	Basidiomycota	Agaricomycetes	Agaricales	Pleurotaceae	Pleurotus	Pleurotus ostreatus		SPECIES	Pleurotus ostreatus (Jacq.) P.Kumm.	Pleurotus ostreatus		CA		Québec	PRESENT		28eb1a3f-1c15-4a95-931a-4af90ecb574d	45.690817	-73.252757	31.0						2024-11-22T14:40	22	11	2024	2526530	2526530	HUMAN_OBSERVATION	iNaturalist	Observations	252783907		Renard frak	2024-12-01T23:42:19	CC_BY_NC_4_0	simmar01	simmar01			2025-01-14T12:55:48.127Z	StillImage	COORDINATE_ROUNDED;CONTINENT_DERIVED_FROM_COORDINATES;TAXON_MATCH_TAXON_ID_IGNORED
4993976807	50c9509d-22c7-4a22-a47d-8c48425ef4a7	https://www.inaturalist.org/observations/65170051	Fungi	Basidiomycota	Agaricomycetes	Agaricales	Pleurotaceae	Pleurotus	Pleurotus ostreatus		SPECIES	Pleurotus ostreatus (Jacq.) P.Kumm.	Pleurotus ostreatus		CA		Nova Scotia	PRESENT		28eb1a3f-1c15-4a95-931a-4af90ecb574d	45.088167	-64.365568	78.0						2020-11-18T15:57:24Z	18	11	2020	2526530	2526530	HUMAN_OBSERVATION	iNaturalist	Observations	65170051		Jara de Hoog	2020-11-18T21:13:43	CC0_1_0	Jara de Hoog	Jara de Hoog			2025-01-14T13:10:49.587Z	StillImage	COORDINATE_ROUNDED;CONTINENT_DERIVED_FROM_COORDINATES;TAXON_MATCH_TAXON_ID_IGNORED
4980574530	50c9509d-22c7-4a22-a47d-8c48425ef4a7	https://www.inaturalist.org/observations/250642868	Fungi	Basidiomycota	Agaricomycetes	Agaricales	Pleurotaceae	Pleurotus	Pleurotus ostreatus		SPECIES	Pleurotus ostreatus (Jacq.) P.Kumm.	Pleurotus ostreatus		CA		Ontario	PRESENT		28eb1a3f-1c15-4a95-931a-4af90ecb574d	45.504197	-75.489267	12.0						2024-11-05T12:10:24	5	11	2024	2526530	2526530	HUMAN_OBSERVATION	iNaturalist	Observations	250642868		Sherry Nigro	2024-11-06T03:51:47	CC_BY_NC_4_0	Sherry Nigro	Sherry Nigro			2025-01-14T12:55:13.408Z	StillImage	COORDINATE_ROUNDED;CONTINENT_DERIVED_FROM_COORDINATES;TAXON_MATCH_TAXON_ID_IGNORED
4935788581	50c9509d-22c7-4a22-a47d-8c48425ef4a7	https://www.inaturalist.org/observations/236809127	Fungi	Basidiomycota	Agaricomycetes	Agaricales	Pleurotaceae	Pleurotus	Pleurotus ostreatus		SPECIES	Pleurotus ostreatus (Jacq.) P.Kumm.	Pleurotus ostreatus		CA		Ontario	PRESENT		28eb1a3f-1c15-4a95-931a-4af90ecb574d	45.55036	-78.639101	588.0						2024-08-19T18:38:14	19	8	2024	2526530	2526530	HUMAN_OBSERVATION	iNaturalist	Observations	236809127		Darian Carpenter	2024-08-19T22:46:55	CC_BY_NC_4_0	Darian Carpenter	Darian Carpenter			2025-01-14T13:42:53.630Z	StillImage	COORDINATE_ROUNDED;CONTINENT_DERIVED_FROM_COORDINATES;TAXON_MATCH_TAXON_ID_IGNORED
4596821527	50c9509d-22c7-4a22-a47d-8c48425ef4a7	https://www.inaturalist.org/observations/192868155	Fungi	Basidiomycota	Agaricomycetes	Agaricales	Pleurotaceae	Pleurotus	Pleurotus ostreatus		SPECIES	Pleurotus ostreatus (Jacq.) P.Kumm.	Pleurotus ostreatus		CA		Québec	PRESENT		28eb1a3f-1c15-4a95-931a-4af90ecb574d	46.92627	-71.267573	26935.0						2023-11-05T15:30:47	5	11	2023	2526530	2526530	HUMAN_OBSERVATION	iNaturalist	Observations	192868155		Jan Thornhill	2024-01-20T18:13:56	CC_BY_NC_4_0	Alex Wittemeier	Alex Wittemeier			2025-01-14T13:42:57.929Z	StillImage	COORDINATE_ROUNDED;CONTINENT_DERIVED_FROM_COORDINATES;TAXON_MATCH_TAXON_ID_IGNORED
4524965025	50c9509d-22c7-4a22-a47d-8c48425ef4a7	https://www.inaturalist.org/observations/199233357	Fungi	Basidiomycota	Agaricomycetes	Agaricales	Pleurotaceae	Pleurotus	Pleurotus ostreatus		SPECIES	Pleurotus ostreatus (Jacq.) P.Kumm.	Pleurotus ostreatus		CA		Québec	PRESENT		28eb1a3f-1c15-4a95-931a-4af90ecb574d	46.622101	-72.707928	64.0						2024-01-02T13:56:24	2	1	2024	2526530	2526530	HUMAN_OBSERVATION	iNaturalist	Observations	199233357		Camille Boucher	2024-02-13T23:30:05	CC_BY_NC_4_0	Camille Boucher	Camille Boucher			2025-01-14T13:43:05.283Z	StillImage	COORDINATE_ROUNDED;CONTINENT_DERIVED_FROM_COORDINATES;TAXON_MATCH_TAXON_ID_IGNORED
4516800986	50c9509d-22c7-4a22-a47d-8c48425ef4a7	https://www.inaturalist.org/observations/197601875	Fungi	Basidiomycota	Agaricomycetes	Agaricales	Pleurotaceae	Pleurotus	Pleurotus ostreatus		SPECIES	Pleurotus ostreatus (Jacq.) P.Kumm.	Pleurotus ostreatus		CA		Québec	PRESENT		28eb1a3f-1c15-4a95-931a-4af90ecb574d	46.263813	-75.937855	35.0						2023-06-02T10:06:30	2	6	2023	2526530	2526530	HUMAN_OBSERVATION	iNaturalist	Observations	197601875		Antoine Taillon	2024-01-26T11:40:01	CC0_1_0	Antoine Taillon	Antoine Taillon			2025-01-14T13:33:56.883Z	StillImage	COORDINATE_ROUNDED;CONTINENT_DERIVED_FROM_COORDINATES;TAXON_MATCH_TAXON_ID_IGNORED
4512231625	50c9509d-22c7-4a22-a47d-8c48425ef4a7	https://www.inaturalist.org/observations/195966003	Fungi	Basidiomycota	Agaricomycetes	Agaricales	Pleurotaceae	Pleurotus	Pleurotus ostreatus		SPECIES	Pleurotus ostreatus (Jacq.) P.Kumm.	Pleurotus ostreatus		CA		Québec	PRESENT		28eb1a3f-1c15-4a95-931a-4af90ecb574d	45.428813	-73.941391	189.0						2012-01-07T17:35	7	1	2012	2526530	2526530	HUMAN_OBSERVATION	iNaturalist	Observations	195966003		inspector_crow	2024-01-06T22:36:42	CC_BY_NC_4_0	inspector_crow	inspector_crow			2025-01-14T12:44:08.521Z	StillImage	COORDINATE_ROUNDED;CONTINENT_DERIVED_FROM_COORDINATES;TAXON_MATCH_TAXON_ID_IGNORED
4510395148	50c9509d-22c7-4a22-a47d-8c48425ef4a7	https://www.inaturalist.org/observations/196081379	Fungi	Basidiomycota	Agaricomycetes	Agaricales	Pleurotaceae	Pleurotus	Pleurotus ostreatus		SPECIES	Pleurotus ostreatus (Jacq.) P.Kumm.	Pleurotus ostreatus		CA		Québec	PRESENT		28eb1a3f-1c15-4a95-931a-4af90ecb574d	46.232003	-74.435531	6.0						2024-01-07T14:01	7	1	2024	2526530	2526530	HUMAN_OBSERVATION	iNaturalist	Observations	196081379		gabboilard	2024-01-10T14:01:10	CC_BY_NC_4_0	michelcournoyer	michelcournoyer			2025-01-14T13:36:49.355Z	StillImage	COORDINATE_ROUNDED;CONTINENT_DERIVED_FROM_COORDINATES;TAXON_MATCH_TAXON_ID_IGNORED
4458405404	50c9509d-22c7-4a22-a47d-8c48425ef4a7	https://www.inaturalist.org/observations/191234810	Fungi	Basidiomycota	Agaricomycetes	Agaricales	Pleurotaceae	Pleurotus	Pleurotus ostreatus		SPECIES	Pleurotus ostreatus (Jacq.) P.Kumm.	Pleurotus ostreatus		CA		Québec	PRESENT		28eb1a3f-1c15-4a95-931a-4af90ecb574d	45.537202	-75.899895	183.0						2023-11-16T13:49	16	11	2023	2526530	2526530	HUMAN_OBSERVATION	iNaturalist	Observations	191234810		L Joan Heyding	2023-11-17T02:36:10	CC_BY_NC_4_0	L Joan Heyding	L Joan Heyding			2025-01-14T13:36:16.165Z	StillImage	COORDINATE_ROUNDED;CONTINENT_DERIVED_FROM_COORDINATES;TAXON_MATCH_TAXON_ID_IGNORED
4442502445	50c9509d-22c7-4a22-a47d-8c48425ef4a7	https://www.inaturalist.org/observations/191234098	Fungi	Basidiomycota	Agaricomycetes	Agaricales	Pleurotaceae	Pleurotus	Pleurotus ostreatus		SPECIES	Pleurotus ostreatus (Jacq.) P.Kumm.	Pleurotus ostreatus		CA		Québec	PRESENT		28eb1a3f-1c15-4a95-931a-4af90ecb574d	45.537202	-75.899895	183.0						2023-11-16T13:06	16	11	2023	2526530	2526530	HUMAN_OBSERVATION	iNaturalist	Observations	191234098		L Joan Heyding	2023-11-17T02:28:45	CC_BY_NC_4_0	L Joan Heyding	L Joan Heyding			2025-01-14T13:30:23.909Z	StillImage	COORDINATE_ROUNDED;CONTINENT_DERIVED_FROM_COORDINATES;TAXON_MATCH_TAXON_ID_IGNORED
4436432900	50c9509d-22c7-4a22-a47d-8c48425ef4a7	https://www.inaturalist.org/observations/189356865	Fungi	Basidiomycota	Agaricomycetes	Agaricales	Pleurotaceae	Pleurotus	Pleurotus ostreatus		SPECIES	Pleurotus ostreatus (Jacq.) P.Kumm.	Pleurotus ostreatus		CA		Québec	PRESENT		28eb1a3f-1c15-4a95-931a-4af90ecb574d	45.494617	-75.845213	4.0						2023-10-28T14:11:48	28	10	2023	2526530	2526530	HUMAN_OBSERVATION	iNaturalist	Observations	189356865		giant_slug	2023-10-29T15:13:44	CC_BY_NC_4_0	giant_slug	giant_slug			2025-01-14T12:40:52.979Z	StillImage	COORDINATE_ROUNDED;CONTINENT_DERIVED_FROM_COORDINATES;TAXON_MATCH_TAXON_ID_IGNORED
4417228562	50c9509d-22c7-4a22-a47d-8c48425ef4a7	https://www.inaturalist.org/observations/185009556	Fungi	Basidiomycota	Agaricomycetes	Agaricales	Pleurotaceae	Pleurotus	Pleurotus ostreatus		SPECIES	Pleurotus ostreatus (Jacq.) P.Kumm.	Pleurotus ostreatus		CA		Québec	PRESENT		28eb1a3f-1c15-4a95-931a-4af90ecb574d	45.660177	-75.681067	6.0						2023-09-26T10:12:33	26	9	2023	2526530	2526530	HUMAN_OBSERVATION	iNaturalist	Observations	185009556		Anthony Gaston	2023-09-26T14:43:53	CC_BY_NC_4_0	Anthony Gaston	Anthony Gaston			2025-01-14T13:32:33.392Z	StillImage	COORDINATE_ROUNDED;CONTINENT_DERIVED_FROM_COORDINATES;TAXON_MATCH_TAXON_ID_IGNORED
4416891130	50c9509d-22c7-4a22-a47d-8c48425ef4a7	https://www.inaturalist.org/observations/184324495	Fungi	Basidiomycota	Agaricomycetes	Agaricales	Pleurotaceae	Pleurotus	Pleurotus ostreatus		SPECIES	Pleurotus ostreatus (Jacq.) P.Kumm.	Pleurotus ostreatus		CA		Québec	PRESENT		28eb1a3f-1c15-4a95-931a-4af90ecb574d	45.78853	-75.834318							2023-09-21T12:50:25	21	9	2023	2526530	2526530	HUMAN_OBSERVATION	iNaturalist	Observations	184324495		Johann Wagner	2023-09-21T22:30:53	CC_BY_NC_4_0	Johann Wagner	Johann Wagner			2025-01-14T13:32:52.435Z	StillImage	COORDINATE_ROUNDED;CONTINENT_DERIVED_FROM_COORDINATES;TAXON_MATCH_TAXON_ID_IGNORED
4171850879	50c9509d-22c7-4a22-a47d-8c48425ef4a7	https://www.inaturalist.org/observations/175840787	Fungi	Basidiomycota	Agaricomycetes	Agaricales	Pleurotaceae	Pleurotus	Pleurotus ostreatus		SPECIES	Pleurotus ostreatus (Jacq.) P.Kumm.	Pleurotus ostreatus		CA		Québec	PRESENT		28eb1a3f-1c15-4a95-931a-4af90ecb574d	45.506937	-73.613037	16.0						2023-07-22T17:12:58	22	7	2023	2526530	2526530	HUMAN_OBSERVATION	iNaturalist	Observations	175840787		nikapshe	2023-07-30T23:44:52	CC_BY_NC_4_0	nikapshe	nikapshe			2025-01-14T13:32:09.452Z	StillImage	COORDINATE_ROUNDED;CONTINENT_DERIVED_FROM_COORDINATES;TAXON_MATCH_TAXON_ID_IGNORED
4100050524	d1a3b128-b406-46bb-a6d1-f3591dcc8a7b	3e2d73b4-9bb5-47d1-8ebe-28826a2129a4	Fungi	Basidiomycota	Agaricomycetes	Agaricales	Pleurotaceae	Pleurotus	Pleurotus ostreatus		SPECIES	Pleurotus ostreatus (Jacq.) P.Kumm.	Pleurotus ostreatus	(Jacq.) P. Kumm.	CA	Pont Rouge	Quebec	PRESENT		e43cf4b8-849e-4fac-b075-e652d019d2cf	47.456667	-69.0675	301.0						1938-12-01	1	12	1938	2526530	2526530	PRESERVED_SPECIMEN	BPI		BPI 759854				CC0_1_0		Anselm			2025-01-15T04:59:41.861Z		GEODETIC_DATUM_ASSUMED_WGS84;CONTINENT_DERIVED_FROM_COORDINATES;TAXON_MATCH_TAXON_ID_IGNORED;INSTITUTION_MATCH_FUZZY
4018139377	50c9509d-22c7-4a22-a47d-8c48425ef4a7	https://www.inaturalist.org/observations/61793890	Fungi	Basidiomycota	Agaricomycetes	Agaricales	Pleurotaceae	Pleurotus	Pleurotus ostreatus		SPECIES	Pleurotus ostreatus (Jacq.) P.Kumm.	Pleurotus ostreatus		CA		Québec	PRESENT		28eb1a3f-1c15-4a95-931a-4af90ecb574d	47.118805	-70.737292	31.0						2020-10-03T13:38	3	10	2020	2526530	2526530	HUMAN_OBSERVATION	iNaturalist	Observations	61793890		Pierrick Bloin	2020-10-05T17:42:40	CC_BY_NC_4_0	Pierrick Bloin	Pierrick Bloin			2025-01-14T13:10:04.888Z	StillImage	COORDINATE_ROUNDED;CONTINENT_DERIVED_FROM_COORDINATES;TAXON_MATCH_TAXON_ID_IGNORED
4009736955	50c9509d-22c7-4a22-a47d-8c48425ef4a7	https://www.inaturalist.org/observations/144939368	Fungi	Basidiomycota	Agaricomycetes	Agaricales	Pleurotaceae	Pleurotus	Pleurotus ostreatus		SPECIES	Pleurotus ostreatus (Jacq.) P.Kumm.	Pleurotus ostreatus		CA		Québec	PRESENT		28eb1a3f-1c15-4a95-931a-4af90ecb574d	45.506041	-73.81963	22.0						2022-12-23T14:50:06	23	12	2022	2526530	2526530	HUMAN_OBSERVATION	iNaturalist	Observations	144939368		cinna_latifolia	2022-12-24T23:39:08	CC_BY_NC_4_0	yasminejamous	yasminejamous			2025-01-14T12:33:27.832Z	StillImage	COORDINATE_ROUNDED;CONTINENT_DERIVED_FROM_COORDINATES;TAXON_MATCH_TAXON_ID_IGNORED
4006636613	50c9509d-22c7-4a22-a47d-8c48425ef4a7	https://www.inaturalist.org/observations/141799033	Fungi	Basidiomycota	Agaricomycetes	Agaricales	Pleurotaceae	Pleurotus	Pleurotus ostreatus		SPECIES	Pleurotus ostreatus (Jacq.) P.Kumm.	Pleurotus ostreatus		CA		Ontario	PRESENT		28eb1a3f-1c15-4a95-931a-4af90ecb574d	45.36819	-75.795496	35.0						2022-11-12T12:23:34	12	11	2022	2526530	2526530	HUMAN_OBSERVATION	iNaturalist	Observations	141799033		G Nicoll	2022-11-12T17:23:52	CC_BY_NC_4_0	G Nicoll	G Nicoll			2025-01-14T12:33:05.635Z	StillImage	COORDINATE_ROUNDED;CONTINENT_DERIVED_FROM_COORDINATES;TAXON_MATCH_TAXON_ID_IGNORED
3994063698	50c9509d-22c7-4a22-a47d-8c48425ef4a7	https://www.inaturalist.org/observations/143836295	Fungi	Basidiomycota	Agaricomycetes	Agaricales	Pleurotaceae	Pleurotus	Pleurotus ostreatus		SPECIES	Pleurotus ostreatus (Jacq.) P.Kumm.	Pleurotus ostreatus		CA		Québec	PRESENT		28eb1a3f-1c15-4a95-931a-4af90ecb574d	47.042389	-70.565878							2022-12-05T15:19	5	12	2022	2526530	2526530	HUMAN_OBSERVATION	iNaturalist	Observations	143836295		Kai Joaquin	2022-12-07T02:15:49	CC_BY_NC_4_0	Kai Joaquin	Kai Joaquin			2025-01-14T13:19:53.462Z	StillImage	COORDINATE_ROUNDED;CONTINENT_DERIVED_FROM_COORDINATES;TAXON_MATCH_TAXON_ID_IGNORED
3963664865	50c9509d-22c7-4a22-a47d-8c48425ef4a7	https://www.inaturalist.org/observations/141012226	Fungi	Basidiomycota	Agaricomycetes	Agaricales	Pleurotaceae	Pleurotus	Pleurotus ostreatus		SPECIES	Pleurotus ostreatus (Jacq.) P.Kumm.	Pleurotus ostreatus		CA		Québec	PRESENT		28eb1a3f-1c15-4a95-931a-4af90ecb574d	45.571517	-73.547603	4.0						2022-11-03T10:18	3	11	2022	2526530	2526530	HUMAN_OBSERVATION	iNaturalist	Observations	141012226		Renard frak	2022-11-03T21:07:39	CC_BY_NC_4_0	Renard frak	Renard frak			2025-01-14T12:33:27.079Z	StillImage	COORDINATE_ROUNDED;CONTINENT_DERIVED_FROM_COORDINATES;TAXON_MATCH_TAXON_ID_IGNORED
3947730804	50c9509d-22c7-4a22-a47d-8c48425ef4a7	https://www.inaturalist.org/observations/139140430	Fungi	Basidiomycota	Agaricomycetes	Agaricales	Pleurotaceae	Pleurotus	Pleurotus ostreatus		SPECIES	Pleurotus ostreatus (Jacq.) P.Kumm.	Pleurotus ostreatus		CA		Québec	PRESENT		28eb1a3f-1c15-4a95-931a-4af90ecb574d	45.506366	-73.763548	2803.0						2022-10-16T13:45	16	10	2022	2526530	2526530	HUMAN_OBSERVATION	iNaturalist	Observations	139140430		Mathias Rocheleau-Duplain	2022-10-18T20:18:09	CC_BY_NC_4_0	Lucie Guindon	Lucie Guindon			2025-01-14T12:34:12.927Z	StillImage	COORDINATE_ROUNDED;CONTINENT_DERIVED_FROM_COORDINATES;TAXON_MATCH_TAXON_ID_IGNORED
3947502428	50c9509d-22c7-4a22-a47d-8c48425ef4a7	https://www.inaturalist.org/observations/79894622	Fungi	Basidiomycota	Agaricomycetes	Agaricales	Pleurotaceae	Pleurotus	Pleurotus ostreatus		SPECIES	Pleurotus ostreatus (Jacq.) P.Kumm.	Pleurotus ostreatus		CA		Québec	PRESENT		28eb1a3f-1c15-4a95-931a-4af90ecb574d	45.712582	-73.927643							2017-10-28T10:18	28	10	2017	2526530	2526530	HUMAN_OBSERVATION	iNaturalist	Observations	79894622		Benoit Renaud	2021-05-23T04:47:38	CC_BY_4_0	Benoit Renaud	Benoit Renaud			2025-01-14T12:19:22.773Z	StillImage	COORDINATE_ROUNDED;CONTINENT_DERIVED_FROM_COORDINATES;TAXON_MATCH_TAXON_ID_IGNORED
3947415886	50c9509d-22c7-4a22-a47d-8c48425ef4a7	https://www.inaturalist.org/observations/139172044	Fungi	Basidiomycota	Agaricomycetes	Agaricales	Pleurotaceae	Pleurotus	Pleurotus ostreatus		SPECIES	Pleurotus ostreatus (Jacq.) P.Kumm.	Pleurotus ostreatus		CA		Québec	PRESENT		28eb1a3f-1c15-4a95-931a-4af90ecb574d	45.875429	-76.926605	7.0						2022-10-17T14:22:09	17	10	2022	2526530	2526530	HUMAN_OBSERVATION	iNaturalist	Observations	139172044		dmdevine	2022-10-17T23:10:19	CC_BY_NC_4_0	dmdevine	dmdevine			2025-01-14T13:26:17.780Z	StillImage	COORDINATE_ROUNDED;CONTINENT_DERIVED_FROM_COORDINATES;TAXON_MATCH_TAXON_ID_IGNORED
3947207785	50c9509d-22c7-4a22-a47d-8c48425ef4a7	https://www.inaturalist.org/observations/139071683	Fungi	Basidiomycota	Agaricomycetes	Agaricales	Pleurotaceae	Pleurotus	Pleurotus ostreatus		SPECIES	Pleurotus ostreatus (Jacq.) P.Kumm.	Pleurotus ostreatus		CA		Québec	PRESENT		28eb1a3f-1c15-4a95-931a-4af90ecb574d	45.814781	-76.431227	27095.0						2022-10-16T15:55	16	10	2022	2526530	2526530	HUMAN_OBSERVATION	iNaturalist	Observations	139071683		L Joan Heyding	2022-10-17T02:43:15	CC_BY_NC_4_0	L Joan Heyding	L Joan Heyding			2025-01-14T12:32:53.932Z	StillImage	COORDINATE_ROUNDED;CONTINENT_DERIVED_FROM_COORDINATES;TAXON_MATCH_TAXON_ID_IGNORED
3947187341	50c9509d-22c7-4a22-a47d-8c48425ef4a7	https://www.inaturalist.org/observations/33955726	Fungi	Basidiomycota	Agaricomycetes	Agaricales	Pleurotaceae	Pleurotus	Pleurotus ostreatus		SPECIES	Pleurotus ostreatus (Jacq.) P.Kumm.	Pleurotus ostreatus		CA		Québec	PRESENT		28eb1a3f-1c15-4a95-931a-4af90ecb574d	45.439944	-73.937437	24.0						2019-10-06T11:53:19	6	10	2019	2526530	2526530	HUMAN_OBSERVATION	iNaturalist	Observations	33955726		l_bienvenue	2019-10-06T19:40:32	CC_BY_NC_4_0	l_bienvenue	l_bienvenue			2025-01-14T13:06:26.976Z	StillImage	COORDINATE_ROUNDED;CONTINENT_DERIVED_FROM_COORDINATES;TAXON_MATCH_TAXON_ID_IGNORED
3747256440	50c9509d-22c7-4a22-a47d-8c48425ef4a7	https://www.inaturalist.org/observations/91163505	Fungi	Basidiomycota	Agaricomycetes	Agaricales	Pleurotaceae	Pleurotus	Pleurotus ostreatus		SPECIES	Pleurotus ostreatus (Jacq.) P.Kumm.	Pleurotus ostreatus		CA		Québec	PRESENT		28eb1a3f-1c15-4a95-931a-4af90ecb574d	45.473882	-74.150946	27158.0						2020-10-02T19:37	2	10	2020	2526530	2526530	HUMAN_OBSERVATION	iNaturalist	Observations	91163505		Kilby Gordon	2021-08-14T19:49:38	CC_BY_NC_4_0	Kilby Gordon	Kilby Gordon			2025-01-14T12:20:46.807Z	StillImage	COORDINATE_ROUNDED;CONTINENT_DERIVED_FROM_COORDINATES;TAXON_MATCH_TAXON_ID_IGNORED
3416240346	50c9509d-22c7-4a22-a47d-8c48425ef4a7	https://www.inaturalist.org/observations/101155371	Fungi	Basidiomycota	Agaricomycetes	Agaricales	Pleurotaceae	Pleurotus	Pleurotus ostreatus		SPECIES	Pleurotus ostreatus (Jacq.) P.Kumm.	Pleurotus ostreatus		CA		Québec	PRESENT		28eb1a3f-1c15-4a95-931a-4af90ecb574d	46.197063	-74.59932	6.0						2021-11-14T10:51:01	14	11	2021	2526530	2526530	HUMAN_OBSERVATION	iNaturalist	Observations	101155371		Michelle Martin	2021-11-15T00:35:47	CC_BY_NC_4_0	Michelle Martin	Michelle Martin			2025-01-14T12:23:46.116Z	StillImage	COORDINATE_ROUNDED;CONTINENT_DERIVED_FROM_COORDINATES;TAXON_MATCH_TAXON_ID_IGNORED
3415507559	50c9509d-22c7-4a22-a47d-8c48425ef4a7	https://www.inaturalist.org/observations/101411379	Fungi	Basidiomycota	Agaricomycetes	Agaricales	Pleurotaceae	Pleurotus	Pleurotus ostreatus		SPECIES	Pleurotus ostreatus (Jacq.) P.Kumm.	Pleurotus ostreatus		CA		Ontario	PRESENT		28eb1a3f-1c15-4a95-931a-4af90ecb574d	45.075285	-76.169155	35.0						2021-11-18T13:30:50	18	11	2021	2526530	2526530	HUMAN_OBSERVATION	iNaturalist	Observations	101411379		finch78	2021-11-18T18:31:14	CC_BY_NC_4_0	finch78	finch78			2025-01-14T12:24:19.635Z	StillImage	COORDINATE_ROUNDED;CONTINENT_DERIVED_FROM_COORDINATES;TAXON_MATCH_TAXON_ID_IGNORED
3415489526	50c9509d-22c7-4a22-a47d-8c48425ef4a7	https://www.inaturalist.org/observations/64005520	Fungi	Basidiomycota	Agaricomycetes	Agaricales	Pleurotaceae	Pleurotus	Pleurotus ostreatus		SPECIES	Pleurotus ostreatus (Jacq.) P.Kumm.	Pleurotus ostreatus		CA		Ontario	PRESENT		28eb1a3f-1c15-4a95-931a-4af90ecb574d	45.140292	-79.26546	18353.0						2020-10-21T19:45:23	21	10	2020	2526530	2526530	HUMAN_OBSERVATION	iNaturalist	Observations	64005520		zacmacd	2020-11-02T00:43:49	CC_BY_NC_4_0	zacmacd	zacmacd			2025-01-14T12:15:13.706Z	StillImage	COORDINATE_ROUNDED;CONTINENT_DERIVED_FROM_COORDINATES;TAXON_MATCH_TAXON_ID_IGNORED
3415418480	50c9509d-22c7-4a22-a47d-8c48425ef4a7	https://www.inaturalist.org/observations/61576924	Fungi	Basidiomycota	Agaricomycetes	Agaricales	Pleurotaceae	Pleurotus	Pleurotus ostreatus		SPECIES	Pleurotus ostreatus (Jacq.) P.Kumm.	Pleurotus ostreatus		CA		Ontario	PRESENT		28eb1a3f-1c15-4a95-931a-4af90ecb574d	45.411118	-79.016231	20.0						2020-10-03T12:22:19	3	10	2020	2526530	2526530	HUMAN_OBSERVATION	iNaturalist	Observations	61576924		Igor Khomenko	2020-10-04T20:11:03	CC_BY_NC_4_0	goldeneric	goldeneric			2025-01-14T13:06:06.886Z	StillImage	COORDINATE_ROUNDED;CONTINENT_DERIVED_FROM_COORDINATES;TAXON_MATCH_TAXON_ID_IGNORED
3415410899	50c9509d-22c7-4a22-a47d-8c48425ef4a7	https://www.inaturalist.org/observations/98836857	Fungi	Basidiomycota	Agaricomycetes	Agaricales	Pleurotaceae	Pleurotus	Pleurotus ostreatus		SPECIES	Pleurotus ostreatus (Jacq.) P.Kumm.	Pleurotus ostreatus		CA		Ontario	PRESENT		28eb1a3f-1c15-4a95-931a-4af90ecb574d	45.547837	-78.489228	449.0						2021-10-18T11:17:22	18	10	2021	2526530	2526530	HUMAN_OBSERVATION	iNaturalist	Observations	98836857		flozada	2021-10-20T23:22:04	CC_BY_NC_4_0	flozada	flozada			2025-01-14T12:23:01.857Z	StillImage	COORDINATE_ROUNDED;CONTINENT_DERIVED_FROM_COORDINATES;TAXON_MATCH_TAXON_ID_IGNORED
3408165596	50c9509d-22c7-4a22-a47d-8c48425ef4a7	https://www.inaturalist.org/observations/99107695	Fungi	Basidiomycota	Agaricomycetes	Agaricales	Pleurotaceae	Pleurotus	Pleurotus ostreatus		SPECIES	Pleurotus ostreatus (Jacq.) P.Kumm.	Pleurotus ostreatus		CA		New Brunswick	PRESENT		28eb1a3f-1c15-4a95-931a-4af90ecb574d	46.077006	-64.686702	4922.0						2021-10-23T14:24:59	23	10	2021	2526530	2526530	HUMAN_OBSERVATION	iNaturalist	Observations	99107695		Tristan Hallett	2021-11-04T11:52:54	CC_BY_NC_4_0	yoguilours	yoguilours			2025-01-14T12:22:34.532Z	StillImage	COORDINATE_ROUNDED;CONTINENT_DERIVED_FROM_COORDINATES;TAXON_MATCH_TAXON_ID_IGNORED
3408124337	50c9509d-22c7-4a22-a47d-8c48425ef4a7	https://www.inaturalist.org/observations/35166097	Fungi	Basidiomycota	Agaricomycetes	Agaricales	Pleurotaceae	Pleurotus	Pleurotus ostreatus		SPECIES	Pleurotus ostreatus (Jacq.) P.Kumm.	Pleurotus ostreatus		CA		New Brunswick	PRESENT		28eb1a3f-1c15-4a95-931a-4af90ecb574d	46.736609	-65.212727	244.0						2015-11-06T12:00	6	11	2015	2526530	2526530	HUMAN_OBSERVATION	iNaturalist	Observations	35166097		Raymonde G Chartier	2019-11-01T15:20:19	CC_BY_NC_4_0	Raymonde G Chartier	Raymonde G Chartier			2025-01-14T12:09:40.989Z	StillImage	COORDINATE_ROUNDED;CONTINENT_DERIVED_FROM_COORDINATES;TAXON_MATCH_TAXON_ID_IGNORED
3399318198	50c9509d-22c7-4a22-a47d-8c48425ef4a7	https://www.inaturalist.org/observations/99425045	Fungi	Basidiomycota	Agaricomycetes	Agaricales	Pleurotaceae	Pleurotus	Pleurotus ostreatus		SPECIES	Pleurotus ostreatus (Jacq.) P.Kumm.	Pleurotus ostreatus		CA		New Brunswick	PRESENT		28eb1a3f-1c15-4a95-931a-4af90ecb574d	45.95399	-66.667718							2021-10-15T15:27:38	15	10	2021	2526530	2526530	HUMAN_OBSERVATION	iNaturalist	Observations	99425045		Phil H.	2021-10-26T04:43:31	CC_BY_NC_4_0	Phil H.	Phil H.			2025-01-14T13:16:42.188Z	StillImage	COORDINATE_ROUNDED;CONTINENT_DERIVED_FROM_COORDINATES;TAXON_MATCH_TAXON_ID_IGNORED
3399036213	50c9509d-22c7-4a22-a47d-8c48425ef4a7	https://www.inaturalist.org/observations/98502615	Fungi	Basidiomycota	Agaricomycetes	Agaricales	Pleurotaceae	Pleurotus	Pleurotus ostreatus		SPECIES	Pleurotus ostreatus (Jacq.) P.Kumm.	Pleurotus ostreatus		CA		Québec	PRESENT		28eb1a3f-1c15-4a95-931a-4af90ecb574d	46.299048	-72.588153	124.0						2021-10-15T11:16	15	10	2021	2526530	2526530	HUMAN_OBSERVATION	iNaturalist	Observations	98502615		Morphie	2021-10-25T00:01:09	CC_BY_NC_4_0	Mathis Boisvert	Mathis Boisvert			2025-01-14T12:22:56.966Z	StillImage	COORDINATE_ROUNDED;CONTINENT_DERIVED_FROM_COORDINATES;TAXON_MATCH_TAXON_ID_IGNORED
3391483175	50c9509d-22c7-4a22-a47d-8c48425ef4a7	https://www.inaturalist.org/observations/98116104	Fungi	Basidiomycota	Agaricomycetes	Agaricales	Pleurotaceae	Pleurotus	Pleurotus ostreatus		SPECIES	Pleurotus ostreatus (Jacq.) P.Kumm.	Pleurotus ostreatus		CA		Québec	PRESENT		28eb1a3f-1c15-4a95-931a-4af90ecb574d	45.512914	-73.584656	16.0						2021-10-05T14:59	5	10	2021	2526530	2526530	HUMAN_OBSERVATION	iNaturalist	Observations	98116104		glens15a	2021-10-13T16:55:20	CC_BY_NC_4_0	glens15a	glens15a			2025-01-14T12:26:12.622Z	StillImage	COORDINATE_ROUNDED;CONTINENT_DERIVED_FROM_COORDINATES;TAXON_MATCH_TAXON_ID_IGNORED
3384562393	50c9509d-22c7-4a22-a47d-8c48425ef4a7	https://www.inaturalist.org/observations/97272671	Fungi	Basidiomycota	Agaricomycetes	Agaricales	Pleurotaceae	Pleurotus	Pleurotus ostreatus		SPECIES	Pleurotus ostreatus (Jacq.) P.Kumm.	Pleurotus ostreatus		CA		Québec	PRESENT		28eb1a3f-1c15-4a95-931a-4af90ecb574d	45.512837	-73.584585	7.0						2021-10-05T15:20:14	5	10	2021	2526530	2526530	HUMAN_OBSERVATION	iNaturalist	Observations	97272671		valeriarobelo	2021-10-05T20:12:53	CC_BY_NC_4_0	lyndon_walsh	lyndon_walsh			2025-01-14T12:21:41.007Z	StillImage	COORDINATE_ROUNDED;CONTINENT_DERIVED_FROM_COORDINATES;TAXON_MATCH_TAXON_ID_IGNORED
3384494491	50c9509d-22c7-4a22-a47d-8c48425ef4a7	https://www.inaturalist.org/observations/97373929	Fungi	Basidiomycota	Agaricomycetes	Agaricales	Pleurotaceae	Pleurotus	Pleurotus ostreatus		SPECIES	Pleurotus ostreatus (Jacq.) P.Kumm.	Pleurotus ostreatus		CA		Québec	PRESENT		28eb1a3f-1c15-4a95-931a-4af90ecb574d	45.512781	-73.584747	7.0						2021-10-06T15:10:58	6	10	2021	2526530	2526530	HUMAN_OBSERVATION	iNaturalist	Observations	97373929		jeremy-hansen	2021-10-06T19:11:28	CC_BY_NC_4_0	jeremy-hansen	jeremy-hansen			2025-01-14T12:21:40.713Z	StillImage	COORDINATE_ROUNDED;CONTINENT_DERIVED_FROM_COORDINATES;TAXON_MATCH_TAXON_ID_IGNORED
3301892477	50c9509d-22c7-4a22-a47d-8c48425ef4a7	https://www.inaturalist.org/observations/63370422	Fungi	Basidiomycota	Agaricomycetes	Agaricales	Pleurotaceae	Pleurotus	Pleurotus ostreatus		SPECIES	Pleurotus ostreatus (Jacq.) P.Kumm.	Pleurotus ostreatus		CA		Ontario	PRESENT		28eb1a3f-1c15-4a95-931a-4af90ecb574d	45.117811	-78.184453	122.0						2020-10-11T16:42Z	11	10	2020	2526530	2526530	HUMAN_OBSERVATION	iNaturalist	Observations	63370422		Garrett Taylor	2021-01-25T13:23:36	CC_BY_NC_4_0	dora_la_exploradora	dora_la_exploradora			2025-01-14T12:16:13.397Z	StillImage	COORDINATE_ROUNDED;CONTINENT_DERIVED_FROM_COORDINATES;TAXON_MATCH_TAXON_ID_IGNORED
3109153413	50c9509d-22c7-4a22-a47d-8c48425ef4a7	https://www.inaturalist.org/observations/64839495	Fungi	Basidiomycota	Agaricomycetes	Agaricales	Pleurotaceae	Pleurotus	Pleurotus ostreatus		SPECIES	Pleurotus ostreatus (Jacq.) P.Kumm.	Pleurotus ostreatus		CA		Québec	PRESENT		28eb1a3f-1c15-4a95-931a-4af90ecb574d	46.111534	-70.81137	64.0						2020-11-12T15:32:24Z	12	11	2020	2526530	2526530	HUMAN_OBSERVATION	iNaturalist	Observations	64839495		cinna_latifolia	2021-02-14T04:48:58	CC_BY_NC_4_0	aushound	aushound			2025-01-14T13:10:30.011Z	StillImage	COORDINATE_ROUNDED;CONTINENT_DERIVED_FROM_COORDINATES;TAXON_MATCH_TAXON_ID_IGNORED
3079719910	50c9509d-22c7-4a22-a47d-8c48425ef4a7	https://www.inaturalist.org/observations/61305652	Fungi	Basidiomycota	Agaricomycetes	Agaricales	Pleurotaceae	Pleurotus	Pleurotus ostreatus		SPECIES	Pleurotus ostreatus (Jacq.) P.Kumm.	Pleurotus ostreatus		CA		Ontario	PRESENT		28eb1a3f-1c15-4a95-931a-4af90ecb574d	45.370705	-75.796937	32.0						2020-09-29T13:43:48	29	9	2020	2526530	2526530	HUMAN_OBSERVATION	iNaturalist	Observations	61305652		Igor Khomenko	2020-09-30T15:29:57	CC_BY_NC_4_0	Igor Khomenko	Igor Khomenko			2025-01-14T12:15:02.380Z	StillImage	COORDINATE_ROUNDED;CONTINENT_DERIVED_FROM_COORDINATES;TAXON_MATCH_TAXON_ID_IGNORED
3079640703	50c9509d-22c7-4a22-a47d-8c48425ef4a7	https://www.inaturalist.org/observations/35072196	Fungi	Basidiomycota	Agaricomycetes	Agaricales	Pleurotaceae	Pleurotus	Pleurotus ostreatus		SPECIES	Pleurotus ostreatus (Jacq.) P.Kumm.	Pleurotus ostreatus		CA		Ontario	PRESENT		28eb1a3f-1c15-4a95-931a-4af90ecb574d	45.408995	-75.571171	232.0						2019-10-29T13:22	29	10	2019	2526530	2526530	HUMAN_OBSERVATION	iNaturalist	Observations	35072196		Igor Khomenko	2019-10-30T01:58:43	CC_BY_NC_4_0	Igor Khomenko	Igor Khomenko			2025-01-14T12:09:59.327Z	StillImage	CONTINENT_DERIVED_FROM_COORDINATES;TAXON_MATCH_TAXON_ID_IGNORED
3079530037	50c9509d-22c7-4a22-a47d-8c48425ef4a7	https://www.inaturalist.org/observations/62585391	Fungi	Basidiomycota	Agaricomycetes	Agaricales	Pleurotaceae	Pleurotus	Pleurotus ostreatus		SPECIES	Pleurotus ostreatus (Jacq.) P.Kumm.	Pleurotus ostreatus		CA		Québec	PRESENT		28eb1a3f-1c15-4a95-931a-4af90ecb574d	45.567608	-75.890756	12.0						2020-10-14T15:05	14	10	2020	2526530	2526530	HUMAN_OBSERVATION	iNaturalist	Observations	62585391		Igor Khomenko	2020-10-14T20:45:20	CC_BY_NC_4_0	Igor Khomenko	Igor Khomenko			2025-01-14T13:09:31.452Z	StillImage	COORDINATE_ROUNDED;CONTINENT_DERIVED_FROM_COORDINATES;TAXON_MATCH_TAXON_ID_IGNORED
3079474543	50c9509d-22c7-4a22-a47d-8c48425ef4a7	https://www.inaturalist.org/observations/17607626	Fungi	Basidiomycota	Agaricomycetes	Agaricales	Pleurotaceae	Pleurotus	Pleurotus ostreatus		SPECIES	Pleurotus ostreatus (Jacq.) P.Kumm.	Pleurotus ostreatus		CA		Québec	PRESENT		28eb1a3f-1c15-4a95-931a-4af90ecb574d	45.503788	-75.841187	16.0						2018-10-16T16:08:23	16	10	2018	2526530	2526530	HUMAN_OBSERVATION	iNaturalist	Observations	17607626		Igor Khomenko	2018-10-24T04:04:55	CC_BY_NC_4_0	Igor Khomenko	Igor Khomenko			2025-01-14T13:00:39.460Z	StillImage	COORDINATE_ROUNDED;CONTINENT_DERIVED_FROM_COORDINATES;TAXON_MATCH_TAXON_ID_IGNORED
3070533412	50c9509d-22c7-4a22-a47d-8c48425ef4a7	https://www.inaturalist.org/observations/8580368	Fungi	Basidiomycota	Agaricomycetes	Agaricales	Pleurotaceae	Pleurotus	Pleurotus ostreatus		SPECIES	Pleurotus ostreatus (Jacq.) P.Kumm.	Pleurotus ostreatus		CA		Ontario	PRESENT		28eb1a3f-1c15-4a95-931a-4af90ecb574d	45.390491	-75.704572	183.0						2008-05-29T13:15	29	5	2008	2526530	2526530	HUMAN_OBSERVATION	iNaturalist	Observations	8580368		Peter Vahlberg	2017-10-28T01:56:37	CC_BY_4_0	christine123	christine123			2025-01-14T12:04:03.821Z	StillImage	COORDINATE_ROUNDED;CONTINENT_DERIVED_FROM_COORDINATES;TAXON_MATCH_TAXON_ID_IGNORED
3070529359	50c9509d-22c7-4a22-a47d-8c48425ef4a7	https://www.inaturalist.org/observations/6803895	Fungi	Basidiomycota	Agaricomycetes	Agaricales	Pleurotaceae	Pleurotus	Pleurotus ostreatus		SPECIES	Pleurotus ostreatus (Jacq.) P.Kumm.	Pleurotus ostreatus		CA		Ontario	PRESENT		28eb1a3f-1c15-4a95-931a-4af90ecb574d	45.20914	-75.228244	183.0						2017-06-25T13:00	25	6	2017	2526530	2526530	HUMAN_OBSERVATION	iNaturalist	Observations	6803895		christine123	2017-06-26T03:20:06	CC_BY_4_0	christine123	christine123			2025-01-14T12:59:26.446Z	StillImage	COORDINATE_ROUNDED;CONTINENT_DERIVED_FROM_COORDINATES;TAXON_MATCH_TAXON_ID_IGNORED
3070266465	50c9509d-22c7-4a22-a47d-8c48425ef4a7	https://www.inaturalist.org/observations/10626741	Fungi	Basidiomycota	Agaricomycetes	Agaricales	Pleurotaceae	Pleurotus	Pleurotus ostreatus		SPECIES	Pleurotus ostreatus (Jacq.) P.Kumm.	Pleurotus ostreatus		CA		Ontario	PRESENT		28eb1a3f-1c15-4a95-931a-4af90ecb574d	45.409009	-75.568632	87.0						2016-05-29T11:18	29	5	2016	2526530	2526530	HUMAN_OBSERVATION	iNaturalist	Observations	10626741		christine123	2018-04-05T00:31:55	CC_BY_4_0	christine123	christine123			2025-01-14T12:04:49.311Z	StillImage	COORDINATE_ROUNDED;CONTINENT_DERIVED_FROM_COORDINATES;TAXON_MATCH_TAXON_ID_IGNORED
3044610822	50c9509d-22c7-4a22-a47d-8c48425ef4a7	https://www.inaturalist.org/observations/67228854	Fungi	Basidiomycota	Agaricomycetes	Agaricales	Pleurotaceae	Pleurotus	Pleurotus ostreatus		SPECIES	Pleurotus ostreatus (Jacq.) P.Kumm.	Pleurotus ostreatus		CA		Ontario	PRESENT		28eb1a3f-1c15-4a95-931a-4af90ecb574d	45.457177	-75.467702	4.0						2020-12-28T16:28	28	12	2020	2526530	2526530	HUMAN_OBSERVATION	iNaturalist	Observations	67228854		jonathan_mack	2020-12-29T02:57:28	CC_BY_NC_4_0	jonathan_mack	jonathan_mack			2025-01-14T12:16:06.241Z	StillImage	COORDINATE_ROUNDED;CONTINENT_DERIVED_FROM_COORDINATES;TAXON_MATCH_TAXON_ID_IGNORED
2988323849	50c9509d-22c7-4a22-a47d-8c48425ef4a7	https://www.inaturalist.org/observations/64684687	Fungi	Basidiomycota	Agaricomycetes	Agaricales	Pleurotaceae	Pleurotus	Pleurotus ostreatus		SPECIES	Pleurotus ostreatus (Jacq.) P.Kumm.	Pleurotus ostreatus		CA		Québec	PRESENT		28eb1a3f-1c15-4a95-931a-4af90ecb574d	45.132112	-72.619053	14994.0						2020-10-14T14:42	14	10	2020	2526530	2526530	HUMAN_OBSERVATION	iNaturalist	Observations	64684687		nicholasmurphy19	2020-11-11T19:42:55	CC_BY_NC_4_0	nicholasmurphy19	nicholasmurphy19			2025-01-14T13:10:24.407Z	StillImage	COORDINATE_ROUNDED;CONTINENT_DERIVED_FROM_COORDINATES;TAXON_MATCH_TAXON_ID_IGNORED
2883151125	50c9509d-22c7-4a22-a47d-8c48425ef4a7	https://www.inaturalist.org/observations/61633851	Fungi	Basidiomycota	Agaricomycetes	Agaricales	Pleurotaceae	Pleurotus	Pleurotus ostreatus		SPECIES	Pleurotus ostreatus (Jacq.) P.Kumm.	Pleurotus ostreatus		CA		Ontario	PRESENT		28eb1a3f-1c15-4a95-931a-4af90ecb574d	45.438338	-76.336207	8.0						2020-10-03T09:33	3	10	2020	2526530	2526530	HUMAN_OBSERVATION	iNaturalist	Observations	61633851		jonathan_mack	2020-10-04T01:57:27	CC_BY_NC_4_0	jonathan_mack	jonathan_mack			2025-01-14T13:04:27.892Z	StillImage	COORDINATE_ROUNDED;CONTINENT_DERIVED_FROM_COORDINATES;TAXON_MATCH_TAXON_ID_IGNORED
2851245423	50c9509d-22c7-4a22-a47d-8c48425ef4a7	https://www.inaturalist.org/observations/55532274	Fungi	Basidiomycota	Agaricomycetes	Agaricales	Pleurotaceae	Pleurotus	Pleurotus ostreatus		SPECIES	Pleurotus ostreatus (Jacq.) P.Kumm.	Pleurotus ostreatus		CA		Québec	PRESENT		28eb1a3f-1c15-4a95-931a-4af90ecb574d	46.149426	-74.35577	27063.0						2020-08-05T16:54:51	5	8	2020	2526530	2526530	HUMAN_OBSERVATION	iNaturalist	Observations	55532274		k8morgan	2020-08-05T20:56:14	CC_BY_NC_4_0	k8morgan	k8morgan			2025-01-14T13:09:46.884Z	StillImage	COORDINATE_ROUNDED;CONTINENT_DERIVED_FROM_COORDINATES;TAXON_MATCH_TAXON_ID_IGNORED
2802573502	50c9509d-22c7-4a22-a47d-8c48425ef4a7	https://www.inaturalist.org/observations/35200640	Fungi	Basidiomycota	Agaricomycetes	Agaricales	Pleurotaceae	Pleurotus	Pleurotus ostreatus		SPECIES	Pleurotus ostreatus (Jacq.) P.Kumm.	Pleurotus ostreatus		CA		Ontario	PRESENT		28eb1a3f-1c15-4a95-931a-4af90ecb574d	45.356031	-75.677014	28.0						2019-11-01T13:55	1	11	2019	2526530	2526530	HUMAN_OBSERVATION	iNaturalist	Observations	35200640		jonathan_mack	2019-11-02T16:01:21	CC_BY_NC_4_0	jonathan_mack	jonathan_mack			2025-01-14T13:05:25.675Z	StillImage	COORDINATE_ROUNDED;CONTINENT_DERIVED_FROM_COORDINATES;TAXON_MATCH_TAXON_ID_IGNORED
2609081704	50c9509d-22c7-4a22-a47d-8c48425ef4a7	https://www.inaturalist.org/observations/35992531	Fungi	Basidiomycota	Agaricomycetes	Agaricales	Pleurotaceae	Pleurotus	Pleurotus ostreatus		SPECIES	Pleurotus ostreatus (Jacq.) P.Kumm.	Pleurotus ostreatus		CA		Ontario	PRESENT		28eb1a3f-1c15-4a95-931a-4af90ecb574d	45.275031	-75.703155	6.0						2019-11-23T15:50	23	11	2019	2526530	2526530	HUMAN_OBSERVATION	iNaturalist	Observations	35992531		Igor Khomenko	2019-11-24T03:25:23	CC_BY_NC_4_0	Matt Osborne	Matt Osborne			2025-01-14T12:59:58.325Z	StillImage	COORDINATE_ROUNDED;CONTINENT_DERIVED_FROM_COORDINATES;TAXON_MATCH_TAXON_ID_IGNORED
2576434125	50c9509d-22c7-4a22-a47d-8c48425ef4a7	https://www.inaturalist.org/observations/39189814	Fungi	Basidiomycota	Agaricomycetes	Agaricales	Pleurotaceae	Pleurotus	Pleurotus ostreatus		SPECIES	Pleurotus ostreatus (Jacq.) P.Kumm.	Pleurotus ostreatus		CA		New Brunswick	PRESENT		28eb1a3f-1c15-4a95-931a-4af90ecb574d	45.093023	-67.085236							2019-08-01T12:49	1	8	2019	2526530	2526530	HUMAN_OBSERVATION	iNaturalist	Observations	39189814		bogend	2020-02-25T01:59:51	CC_BY_NC_4_0	bogend	bogend			2025-01-14T13:06:14.293Z	StillImage	COORDINATE_ROUNDED;CONTINENT_DERIVED_FROM_COORDINATES;TAXON_MATCH_TAXON_ID_IGNORED
2529338163	50c9509d-22c7-4a22-a47d-8c48425ef4a7	https://www.inaturalist.org/observations/35207025	Fungi	Basidiomycota	Agaricomycetes	Agaricales	Pleurotaceae	Pleurotus	Pleurotus ostreatus		SPECIES	Pleurotus ostreatus (Jacq.) P.Kumm.	Pleurotus ostreatus		CA		Québec	PRESENT		28eb1a3f-1c15-4a95-931a-4af90ecb574d	45.535415	-75.87052	17.0						2019-11-02T14:05:20	2	11	2019	2526530	2526530	HUMAN_OBSERVATION	iNaturalist	Observations	35207025		gryphon1	2019-11-05T15:58:18	CC_BY_NC_4_0	gryphon1	gryphon1			2025-01-14T12:09:58.679Z	StillImage	COORDINATE_ROUNDED;CONTINENT_DERIVED_FROM_COORDINATES;TAXON_MATCH_TAXON_ID_IGNORED
2456569796	50c9509d-22c7-4a22-a47d-8c48425ef4a7	https://www.inaturalist.org/observations/35614152	Fungi	Basidiomycota	Agaricomycetes	Agaricales	Pleurotaceae	Pleurotus	Pleurotus ostreatus		SPECIES	Pleurotus ostreatus (Jacq.) P.Kumm.	Pleurotus ostreatus		CA		Ontario	PRESENT		28eb1a3f-1c15-4a95-931a-4af90ecb574d	45.509796	-75.339997	46.0						2019-11-11	11	11	2019	2526530	2526530	HUMAN_OBSERVATION	iNaturalist	Observations	35614152		Igor Khomenko	2019-11-13T00:51:13	CC_BY_NC_4_0	kevinwallace	kevinwallace			2025-01-14T13:05:53.184Z	StillImage	CONTINENT_DERIVED_FROM_COORDINATES;TAXON_MATCH_TAXON_ID_IGNORED
2429615382	50c9509d-22c7-4a22-a47d-8c48425ef4a7	https://www.inaturalist.org/observations/34461950	Fungi	Basidiomycota	Agaricomycetes	Agaricales	Pleurotaceae	Pleurotus	Pleurotus ostreatus		SPECIES	Pleurotus ostreatus (Jacq.) P.Kumm.	Pleurotus ostreatus		CA		Ontario	PRESENT		28eb1a3f-1c15-4a95-931a-4af90ecb574d	45.572526	-78.40858	6.0						2019-10-13T15:50:56	13	10	2019	2526530	2526530	HUMAN_OBSERVATION	iNaturalist	Observations	34461950		Samuel Brinker	2019-10-16T17:54:08	CC_BY_NC_4_0	Samuel Brinker	Samuel Brinker			2025-01-14T13:06:25.891Z	StillImage	COORDINATE_ROUNDED;CONTINENT_DERIVED_FROM_COORDINATES;TAXON_MATCH_TAXON_ID_IGNORED
2423614006	21705170-d2b6-42de-8904-c3bca4b83591	CMMF019898	Fungi	Basidiomycota	Agaricomycetes	Agaricales	Pleurotaceae	Pleurotus	Pleurotus ostreatus		SPECIES	Pleurotus ostreatus (Jacq.) P.Kumm.	Pleurotus ostreatus (Jacq.) P. Kumm.	(Jacq.) P. Kumm.	CA	Île du Pas (comté de Berthier) qué.	Quebec	PRESENT		ff7bd5db-b724-4932-b496-10ea298851f9	46.11917	-73.1025	10000.0						1944-11-25	25	11	1944	2526530	2526530	PRESERVED_SPECIMEN	Université de Montréal Biodiversity Centre	CMMF	CMMF019898	153	Brunel, Jules		CC0_1_0	Université de Montréal Biodiversity Centre	Brunel, Jules			2024-01-24T16:38:14.874Z		GEODETIC_DATUM_INVALID;GEODETIC_DATUM_ASSUMED_WGS84;INSTITUTION_MATCH_FUZZY;COLLECTION_MATCH_FUZZY;DIFFERENT_OWNER_INSTITUTION
2423612855	21705170-d2b6-42de-8904-c3bca4b83591	CMMF018702	Fungi	Basidiomycota	Agaricomycetes	Agaricales	Pleurotaceae	Pleurotus	Pleurotus ostreatus		SPECIES	Pleurotus ostreatus (Jacq.) P.Kumm.	Pleurotus ostreatus (Jacq.) P. Kumm.	(Jacq.) P. Kumm.	CA	Station de biologie des Laurentides, Université de Montréal	Québec	PRESENT		ff7bd5db-b724-4932-b496-10ea298851f9	45.988108	-74.005679	25000.0						1985-08-08	8	8	1985	2526530	2526530	PRESERVED_SPECIMEN	Université de Montréal Biodiversity Centre	CMMF	CMMF018702	s.n.	Nantel, Patrick		CC0_1_0	Université de Montréal Biodiversity Centre	Nantel, Patrick			2024-01-24T16:38:18.552Z		INSTITUTION_MATCH_FUZZY;COLLECTION_MATCH_FUZZY;DIFFERENT_OWNER_INSTITUTION
2423612021	21705170-d2b6-42de-8904-c3bca4b83591	CMMF018682	Fungi	Basidiomycota	Agaricomycetes	Agaricales	Pleurotaceae	Pleurotus	Pleurotus ostreatus		SPECIES	Pleurotus ostreatus (Jacq.) P.Kumm.	Pleurotus ostreatus (Jacq.) P. Kumm.	(Jacq.) P. Kumm.	CA	Près du chemin (Lac #4).	Québec	PRESENT		ff7bd5db-b724-4932-b496-10ea298851f9	45.995092	-73.987546	250.0						1985-06-11	11	6	1985	2526530	2526530	PRESERVED_SPECIMEN	Université de Montréal Biodiversity Centre	CMMF	CMMF018682	s.n.	Nantel, Patrick		CC0_1_0	Université de Montréal Biodiversity Centre	Nantel, Patrick			2024-01-24T16:38:18.476Z		INSTITUTION_MATCH_FUZZY;COLLECTION_MATCH_FUZZY;DIFFERENT_OWNER_INSTITUTION
2423611483	21705170-d2b6-42de-8904-c3bca4b83591	CMMF020511	Fungi	Basidiomycota	Agaricomycetes	Agaricales	Pleurotaceae	Pleurotus	Pleurotus ostreatus		SPECIES	Pleurotus ostreatus (Jacq.) P.Kumm.	Pleurotus ostreatus (Jacq.) P. Kumm.	(Jacq.) P. Kumm.	CA	Cap St-Jacques (1)	Quebec	PRESENT		ff7bd5db-b724-4932-b496-10ea298851f9	45.469103	-73.928955	500.0						1980-06-03	3	6	1980	2526530	2526530	PRESERVED_SPECIMEN	Université de Montréal Biodiversity Centre	CMMF	CMMF020511	1980-29	McNeil, Raymond		CC0_1_0	Université de Montréal Biodiversity Centre	Haméon, G.			2024-01-24T16:38:15.955Z		INSTITUTION_MATCH_FUZZY;COLLECTION_MATCH_FUZZY;DIFFERENT_OWNER_INSTITUTION
2423610982	21705170-d2b6-42de-8904-c3bca4b83591	CMMF020607	Fungi	Basidiomycota	Agaricomycetes	Agaricales	Pleurotaceae	Pleurotus	Pleurotus ostreatus		SPECIES	Pleurotus ostreatus (Jacq.) P.Kumm.	Pleurotus ostreatus (Jacq.) P. Kumm.	(Jacq.) P. Kumm.	CA	Mt. Shefford, P.Q.	Quebec	PRESENT		ff7bd5db-b724-4932-b496-10ea298851f9	45.362026	-72.608849	3500.0						1947-05-29	29	5	1947	2526530	2526530	PRESERVED_SPECIMEN	Université de Montréal Biodiversity Centre	CMMF	CMMF020607	1206	Groves, J.W.		CC0_1_0	Université de Montréal Biodiversity Centre	Fabius, Fr.			2024-01-24T16:38:16.039Z		INSTITUTION_MATCH_FUZZY;COLLECTION_MATCH_FUZZY;DIFFERENT_OWNER_INSTITUTION
2273301604	50c9509d-22c7-4a22-a47d-8c48425ef4a7	https://www.inaturalist.org/observations/27679132	Fungi	Basidiomycota	Agaricomycetes	Agaricales	Pleurotaceae	Pleurotus	Pleurotus ostreatus		SPECIES	Pleurotus ostreatus (Jacq.) P.Kumm.	Pleurotus ostreatus		CA		Québec	PRESENT		28eb1a3f-1c15-4a95-931a-4af90ecb574d	45.502562	-75.814715	8.0						2017-09-05T17:14	5	9	2017	2526530	2526530	HUMAN_OBSERVATION	iNaturalist	Observations	27679132		Alexis Williams	2019-06-26T05:36:51	CC_BY_4_0	Alexis Williams	Alexis Williams			2025-01-14T12:07:55.244Z	StillImage	COORDINATE_ROUNDED;CONTINENT_DERIVED_FROM_COORDINATES;TAXON_MATCH_TAXON_ID_IGNORED
2006093628	50c9509d-22c7-4a22-a47d-8c48425ef4a7	https://www.inaturalist.org/observations/20819249	Fungi	Basidiomycota	Agaricomycetes	Agaricales	Pleurotaceae	Pleurotus	Pleurotus ostreatus		SPECIES	Pleurotus ostreatus (Jacq.) P.Kumm.	Pleurotus ostreatus		CA		Ontario	PRESENT		28eb1a3f-1c15-4a95-931a-4af90ecb574d	45.383342	-78.900402							2016-11-05T10:46	5	11	2016	2526530	2526530	HUMAN_OBSERVATION	iNaturalist	Observations	20819249		Dawn Sherman	2019-02-28T01:53:22	CC_BY_NC_4_0	Dawn Sherman	Dawn Sherman			2025-01-14T12:06:23.164Z	StillImage	COORDINATE_ROUNDED;CONTINENT_DERIVED_FROM_COORDINATES;TAXON_MATCH_TAXON_ID_IGNORED
1990560688	50c9509d-22c7-4a22-a47d-8c48425ef4a7	https://www.inaturalist.org/observations/19801648	Fungi	Basidiomycota	Agaricomycetes	Agaricales	Pleurotaceae	Pleurotus	Pleurotus ostreatus		SPECIES	Pleurotus ostreatus (Jacq.) P.Kumm.	Pleurotus ostreatus		CA		Ontario	PRESENT		28eb1a3f-1c15-4a95-931a-4af90ecb574d	46.300084	-78.837327	122.0						2016-06-06T09:03	6	6	2016	2526530	2526530	HUMAN_OBSERVATION	iNaturalist	Observations	19801648		Gwyneth Govers	2019-01-22T15:31:58	CC_BY_NC_4_0	Connor Ferguson	Connor Ferguson			2025-01-14T12:06:23.639Z	StillImage	COORDINATE_ROUNDED;CONTINENT_DERIVED_FROM_COORDINATES;TAXON_MATCH_TAXON_ID_IGNORED
1990300590	032f1fbe-d21f-407d-be46-5cd1bb1ea397	f6d7c3c4-ccd9-4b05-8e7c-cf9b1be34f2e	Fungi	Basidiomycota	Agaricomycetes	Agaricales	Pleurotaceae	Pleurotus	Pleurotus ostreatus		SPECIES	Pleurotus ostreatus (Jacq.) P.Kumm.	Pleurotus ostreatus	(Jacq.) P. Kumm.	CA	Whitney, Algonquin Province Park, Mile 33	Ontario	PRESENT		61c539d8-47e0-4b82-875f-b95aad66dcd4	45.553889	-78.596667							1962-08-06	6	8	1962	2526530	2526530	PRESERVED_SPECIMEN	TENN-F		TENN-F-027301	RHP687			CC0_1_0		R.H. Petersen			2025-01-12T10:33:49.171Z		COORDINATE_ROUNDED;GEODETIC_DATUM_ASSUMED_WGS84;CONTINENT_DERIVED_FROM_COORDINATES;TAXON_MATCH_TAXON_ID_IGNORED;INSTITUTION_MATCH_NONE
1990300563	032f1fbe-d21f-407d-be46-5cd1bb1ea397	6940a00c-a56c-44b2-b49b-9ff82ab2c4df	Fungi	Basidiomycota	Agaricomycetes	Agaricales	Pleurotaceae	Pleurotus	Pleurotus ostreatus		SPECIES	Pleurotus ostreatus (Jacq.) P.Kumm.	Pleurotus ostreatus	(Jacq.) P. Kumm.	CA	Whitney, Algonquin Province Park, Museum, Mile 13	Ontario	PRESENT		61c539d8-47e0-4b82-875f-b95aad66dcd4	45.544444	-78.263889							1962-08-03	3	8	1962	2526530	2526530	PRESERVED_SPECIMEN	TENN-F		TENN-F-027331	RHP624			CC0_1_0		R.H. Petersen			2025-01-12T10:33:49.295Z		COORDINATE_ROUNDED;GEODETIC_DATUM_ASSUMED_WGS84;CONTINENT_DERIVED_FROM_COORDINATES;TAXON_MATCH_TAXON_ID_IGNORED;INSTITUTION_MATCH_NONE
1986586151	50c9509d-22c7-4a22-a47d-8c48425ef4a7	https://www.inaturalist.org/observations/19432949	Fungi	Basidiomycota	Agaricomycetes	Agaricales	Pleurotaceae	Pleurotus	Pleurotus ostreatus		SPECIES	Pleurotus ostreatus (Jacq.) P.Kumm.	Pleurotus ostreatus		CA		Ontario	PRESENT		28eb1a3f-1c15-4a95-931a-4af90ecb574d	45.51006	-75.336667	61.0						2019-01-04T11:32	4	1	2019	2526530	2526530	HUMAN_OBSERVATION	iNaturalist	Observations	19432949		Mike Leveille	2019-01-05T03:32:26	CC_BY_NC_4_0	Mike Leveille	Mike Leveille			2025-01-14T12:06:11.219Z	StillImage	COORDINATE_ROUNDED;CONTINENT_DERIVED_FROM_COORDINATES;TAXON_MATCH_TAXON_ID_IGNORED
1944379085	50c9509d-22c7-4a22-a47d-8c48425ef4a7	https://www.inaturalist.org/observations/17932812	Fungi	Basidiomycota	Agaricomycetes	Agaricales	Pleurotaceae	Pleurotus	Pleurotus ostreatus		SPECIES	Pleurotus ostreatus (Jacq.) P.Kumm.	Pleurotus ostreatus		CA		New Brunswick	PRESENT		28eb1a3f-1c15-4a95-931a-4af90ecb574d	46.018035	-66.624933							2018-10-27T14:46	27	10	2018	2526530	2526530	HUMAN_OBSERVATION	iNaturalist	Observations	17932812		Ken Ramey	2018-11-07T23:20:13	CC_BY_NC_4_0	Kitty Maurey	Kitty Maurey			2025-01-14T12:06:33.173Z	StillImage	CONTINENT_DERIVED_FROM_COORDINATES;TAXON_MATCH_TAXON_ID_IGNORED
1913195438	50c9509d-22c7-4a22-a47d-8c48425ef4a7	https://www.inaturalist.org/observations/16475897	Fungi	Basidiomycota	Agaricomycetes	Agaricales	Pleurotaceae	Pleurotus	Pleurotus ostreatus		SPECIES	Pleurotus ostreatus (Jacq.) P.Kumm.	Pleurotus ostreatus		CA		Ontario	PRESENT		28eb1a3f-1c15-4a95-931a-4af90ecb574d	45.457956	-75.467987	15.0						2015-12-12T14:38	12	12	2015	2526530	2526530	HUMAN_OBSERVATION	iNaturalist	Observations	16475897		jonathan_mack	2018-09-13T01:57:53	CC_BY_NC_4_0	jonathan_mack	jonathan_mack			2025-01-14T12:05:49.957Z	StillImage	COORDINATE_ROUNDED;CONTINENT_DERIVED_FROM_COORDINATES;TAXON_MATCH_TAXON_ID_IGNORED
1901056947	50c9509d-22c7-4a22-a47d-8c48425ef4a7	https://www.inaturalist.org/observations/16149728	Fungi	Basidiomycota	Agaricomycetes	Agaricales	Pleurotaceae	Pleurotus	Pleurotus ostreatus		SPECIES	Pleurotus ostreatus (Jacq.) P.Kumm.	Pleurotus ostreatus		CA		New Brunswick	PRESENT		28eb1a3f-1c15-4a95-931a-4af90ecb574d	45.954811	-66.668396							2018-09-02T17:35	2	9	2018	2526530	2526530	HUMAN_OBSERVATION	iNaturalist	Observations	16149728		Ken Ramey	2018-09-02T22:54:49	CC_BY_NC_4_0	Ken Ramey	Ken Ramey			2025-01-14T12:05:47.608Z	StillImage	COORDINATE_ROUNDED;CONTINENT_DERIVED_FROM_COORDINATES;TAXON_MATCH_TAXON_ID_IGNORED
1899789923	50c9509d-22c7-4a22-a47d-8c48425ef4a7	https://www.inaturalist.org/observations/15960301	Fungi	Basidiomycota	Agaricomycetes	Agaricales	Pleurotaceae	Pleurotus	Pleurotus ostreatus		SPECIES	Pleurotus ostreatus (Jacq.) P.Kumm.	Pleurotus ostreatus		CA		Québec	PRESENT		28eb1a3f-1c15-4a95-931a-4af90ecb574d	45.480144	-75.858275	64.0						2018-08-27T16:21	27	8	2018	2526530	2526530	HUMAN_OBSERVATION	iNaturalist	Observations	15960301		jackstokes	2018-08-27T23:27:40	CC_BY_NC_4_0	jackstokes	jackstokes			2025-01-14T12:05:46.616Z	StillImage	COORDINATE_ROUNDED;CONTINENT_DERIVED_FROM_COORDINATES;TAXON_MATCH_TAXON_ID_IGNORED
1899757775	50c9509d-22c7-4a22-a47d-8c48425ef4a7	https://www.inaturalist.org/observations/15599770	Fungi	Basidiomycota	Agaricomycetes	Agaricales	Pleurotaceae	Pleurotus	Pleurotus ostreatus		SPECIES	Pleurotus ostreatus (Jacq.) P.Kumm.	Pleurotus ostreatus		CA		Québec	PRESENT		28eb1a3f-1c15-4a95-931a-4af90ecb574d	45.179369	-71.933709	8.0						2018-08-17T15:21	17	8	2018	2526530	2526530	HUMAN_OBSERVATION	iNaturalist	Observations	15599770		Birddogger	2018-08-18T01:48:38	CC_BY_NC_4_0	Birddogger	Birddogger			2025-01-14T13:00:48.994Z	StillImage	COORDINATE_ROUNDED;CONTINENT_DERIVED_FROM_COORDINATES;TAXON_MATCH_TAXON_ID_IGNORED
1847410295	50c9509d-22c7-4a22-a47d-8c48425ef4a7	https://www.inaturalist.org/observations/10232795	Fungi	Basidiomycota	Agaricomycetes	Agaricales	Pleurotaceae	Pleurotus	Pleurotus ostreatus		SPECIES	Pleurotus ostreatus (Jacq.) P.Kumm.	Pleurotus ostreatus		CA		Ontario	PRESENT		28eb1a3f-1c15-4a95-931a-4af90ecb574d	45.542667	-78.62915	488.0						2017-09-19T01:34	19	9	2017	2526530	2526530	HUMAN_OBSERVATION	iNaturalist	Observations	10232795		Basil Conlin	2018-03-14T16:31:04	CC_BY_NC_4_0	Basil Conlin	Basil Conlin			2025-01-14T12:04:53.818Z	StillImage	COORDINATE_ROUNDED;CONTINENT_DERIVED_FROM_COORDINATES;TAXON_MATCH_TAXON_ID_IGNORED
1843246647	50c9509d-22c7-4a22-a47d-8c48425ef4a7	https://www.inaturalist.org/observations/9897819	Fungi	Basidiomycota	Agaricomycetes	Agaricales	Pleurotaceae	Pleurotus	Pleurotus ostreatus		SPECIES	Pleurotus ostreatus (Jacq.) P.Kumm.	Pleurotus ostreatus		CA		Québec	PRESENT		28eb1a3f-1c15-4a95-931a-4af90ecb574d	45.348057	-71.989441							2016-10-31T11:35:49Z	31	10	2016	2526530	2526530	HUMAN_OBSERVATION	iNaturalist	Observations	9897819		Danavan Rouillard	2018-03-02T22:10:07	CC_BY_NC_4_0	Danavan Rouillard	Danavan Rouillard			2025-01-14T12:05:24.540Z		COORDINATE_ROUNDED;CONTINENT_DERIVED_FROM_COORDINATES;TAXON_MATCH_TAXON_ID_IGNORED
1837765986	50c9509d-22c7-4a22-a47d-8c48425ef4a7	https://www.inaturalist.org/observations/10593074	Fungi	Basidiomycota	Agaricomycetes	Agaricales	Pleurotaceae	Pleurotus	Pleurotus ostreatus		SPECIES	Pleurotus ostreatus (Jacq.) P.Kumm.	Pleurotus ostreatus		CA		Ontario	PRESENT		28eb1a3f-1c15-4a95-931a-4af90ecb574d	45.04927	-78.509846	488.0						2008-09-09T11:40	9	9	2008	2526530	2526530	HUMAN_OBSERVATION	iNaturalist	Observations	10593074		Bonnie Kinder	2018-04-03T16:07:19	CC_BY_NC_4_0	Bonnie Kinder	Bonnie Kinder			2025-01-14T12:05:34.467Z	StillImage	COORDINATE_ROUNDED;CONTINENT_DERIVED_FROM_COORDINATES;TAXON_MATCH_TAXON_ID_IGNORED
1836700317	50c9509d-22c7-4a22-a47d-8c48425ef4a7	https://www.inaturalist.org/observations/9952109	Fungi	Basidiomycota	Agaricomycetes	Agaricales	Pleurotaceae	Pleurotus	Pleurotus ostreatus		SPECIES	Pleurotus ostreatus (Jacq.) P.Kumm.	Pleurotus ostreatus		CA		Ontario	PRESENT		28eb1a3f-1c15-4a95-931a-4af90ecb574d	45.385682	-75.704218	23.0						2018-02-21T13:45	21	2	2018	2526530	2526530	HUMAN_OBSERVATION	iNaturalist	Observations	9952109		Sandy Garland	2018-02-22T01:41:16	CC_BY_NC_4_0	Sandy Garland	Sandy Garland			2025-01-14T13:03:31.952Z	StillImage	CONTINENT_DERIVED_FROM_COORDINATES;TAXON_MATCH_TAXON_ID_IGNORED
1807263658	e8a25a42-f125-476c-8554-3ec21cd51a84	ACAD:120545	Fungi	Basidiomycota	Agaricomycetes	Agaricales	Pleurotaceae	Pleurotus	Pleurotus ostreatus		SPECIES	Pleurotus ostreatus (Jacq.) P.Kumm.	Pleurotus ostreatus (Jacq.) P. Kumm.	(Jacq.) P. Kumm.	CA	Kentville	Nova Scotia	PRESENT		6491ad8c-8e49-4bd4-a089-0ddb3bbe0890	45.07662	-64.49592							1968-06-18	18	6	1968	2526530	2526530	PRESERVED_SPECIMEN	Acadia University	ACAD	8881F	8881			CC0_1_0	Acadia University	Harrison, KA			2024-01-25T01:37:03.821Z	StillImage	GEODETIC_DATUM_INVALID;GEODETIC_DATUM_ASSUMED_WGS84;TAXON_MATCH_TAXON_ID_IGNORED;INSTITUTION_MATCH_FUZZY;COLLECTION_MATCH_FUZZY
1807263406	e8a25a42-f125-476c-8554-3ec21cd51a84	ACAD:120338	Fungi	Basidiomycota	Agaricomycetes	Agaricales	Pleurotaceae	Pleurotus	Pleurotus ostreatus		SPECIES	Pleurotus ostreatus (Jacq.) P.Kumm.	Pleurotus ostreatus (Jacq.) P. Kumm.	(Jacq.) P. Kumm.	CA	Kentville	Nova Scotia	PRESENT		6491ad8c-8e49-4bd4-a089-0ddb3bbe0890	45.07662	-64.49592							1970-09-22	22	9	1970	2526530	2526530	PRESERVED_SPECIMEN	Acadia University	ACAD	9929F	9929	G, D		CC0_1_0	Acadia University	G, D			2024-01-25T01:37:02.806Z	StillImage	GEODETIC_DATUM_INVALID;GEODETIC_DATUM_ASSUMED_WGS84;TAXON_MATCH_TAXON_ID_IGNORED;INSTITUTION_MATCH_FUZZY;COLLECTION_MATCH_FUZZY
1807262267	e8a25a42-f125-476c-8554-3ec21cd51a84	ACAD:118909	Fungi	Basidiomycota	Agaricomycetes	Agaricales	Pleurotaceae	Pleurotus	Pleurotus ostreatus		SPECIES	Pleurotus ostreatus (Jacq.) P.Kumm.	Pleurotus ostreatus (Jacq.) P. Kumm.	(Jacq.) P. Kumm.	CA	Kentville	Nova Scotia	PRESENT		6491ad8c-8e49-4bd4-a089-0ddb3bbe0890	45.07662	-64.49592							1954-10-22	22	10	1954	2526530	2526530	PRESERVED_SPECIMEN	Acadia University	ACAD	7611F	7611	Thorn,G		CC0_1_0	Acadia University	Harrison, KA			2024-01-25T01:37:12.732Z	StillImage	GEODETIC_DATUM_INVALID;GEODETIC_DATUM_ASSUMED_WGS84;TAXON_MATCH_TAXON_ID_IGNORED;INSTITUTION_MATCH_FUZZY;COLLECTION_MATCH_FUZZY
1807255957	e8a25a42-f125-476c-8554-3ec21cd51a84	ACAD:112943	Fungi	Basidiomycota	Agaricomycetes	Agaricales	Pleurotaceae	Pleurotus	Pleurotus ostreatus		SPECIES	Pleurotus ostreatus (Jacq.) P.Kumm.	Pleurotus ostreatus (Jacq.) P. Kumm.	(Jacq.) P. Kumm.	CA	(Kentville)	Nova Scotia	PRESENT		6491ad8c-8e49-4bd4-a089-0ddb3bbe0890	45.07662	-64.49592							1931-06-09	9	6	1931	2526530	2526530	PRESERVED_SPECIMEN	Acadia University	ACAD	453F	453			CC0_1_0	Acadia University	H, KA			2024-01-25T01:37:11.642Z	StillImage	GEODETIC_DATUM_INVALID;GEODETIC_DATUM_ASSUMED_WGS84;TAXON_MATCH_TAXON_ID_IGNORED;INSTITUTION_MATCH_FUZZY;COLLECTION_MATCH_FUZZY
1805380118	50c9509d-22c7-4a22-a47d-8c48425ef4a7	https://www.inaturalist.org/observations/9429681	Fungi	Basidiomycota	Agaricomycetes	Agaricales	Pleurotaceae	Pleurotus	Pleurotus ostreatus		SPECIES	Pleurotus ostreatus (Jacq.) P.Kumm.	Pleurotus ostreatus		CA		Québec	PRESENT		28eb1a3f-1c15-4a95-931a-4af90ecb574d	45.499981	-75.862075							2017-10-08T15:28	8	10	2017	2526530	2526530	HUMAN_OBSERVATION	iNaturalist	Observations	9429681		Matthew Blissett	2018-01-10T14:48:18	CC0_1_0	Matthew Blissett	Matthew Blissett			2025-01-14T12:04:19.147Z	StillImage	COORDINATE_ROUNDED;CONTINENT_DERIVED_FROM_COORDINATES;TAXON_MATCH_TAXON_ID_IGNORED
1453402390	50c9509d-22c7-4a22-a47d-8c48425ef4a7	https://www.inaturalist.org/observations/5057115	Fungi	Basidiomycota	Agaricomycetes	Agaricales	Pleurotaceae	Pleurotus	Pleurotus ostreatus		SPECIES	Pleurotus ostreatus (Jacq.) P.Kumm.	Pleurotus ostreatus		CA		New Brunswick	PRESENT		28eb1a3f-1c15-4a95-931a-4af90ecb574d	45.686946	-65.255815	47.0						2006-10-30T15:03	30	10	2006	2526530	2526530	HUMAN_OBSERVATION	iNaturalist	Observations	5057115		Matthew Smith	2017-02-05T15:31:29	CC_BY_NC_4_0	Matthew Smith	Matthew Smith			2025-01-14T12:59:20.740Z	StillImage	COORDINATE_ROUNDED;CONTINENT_DERIVED_FROM_COORDINATES;TAXON_MATCH_TAXON_ID_IGNORED
1453122214	50c9509d-22c7-4a22-a47d-8c48425ef4a7	http://www.inaturalist.org/observations/4278315	Fungi	Basidiomycota	Agaricomycetes	Agaricales	Pleurotaceae	Pleurotus	Pleurotus ostreatus		SPECIES	Pleurotus ostreatus (Jacq.) P.Kumm.	Pleurotus ostreatus		CA		Ontario	PRESENT		28eb1a3f-1c15-4a95-931a-4af90ecb574d	45.426126	-78.805202							2016-09-10	10	9	2016	2526530	2526530	HUMAN_OBSERVATION	iNaturalist	Observations	4278315		jordantaylor	2016-10-07T03:14:07	CC_BY_NC_4_0	dorasomody	dorasomody			2025-01-14T12:59:15.822Z	StillImage	CONTINENT_DERIVED_FROM_COORDINATES;TAXON_MATCH_TAXON_ID_IGNORED
1412709486	21705170-d2b6-42de-8904-c3bca4b83591	CMMF018032	Fungi	Basidiomycota	Agaricomycetes	Agaricales	Pleurotaceae	Pleurotus	Pleurotus ostreatus		SPECIES	Pleurotus ostreatus (Jacq.) P.Kumm.	Pleurotus ostreatus (Jacq.) P. Kumm.	(Jacq.) P. Kumm.	CA	Lac Geai, Station de biologie des Laurentides, Saint-Hippolyte, Québec.	Québec	PRESENT		ff7bd5db-b724-4932-b496-10ea298851f9	45.995861	-73.993228	250.0						1976-06-17	17	6	1976	2526530	2526530	PRESERVED_SPECIMEN	Université de Montréal Biodiversity Centre	CMMF	CMMF018032		unknown		CC0_1_0	Université de Montréal Biodiversity Centre	unknown			2024-01-24T16:38:17.928Z		INSTITUTION_MATCH_FUZZY;COLLECTION_MATCH_FUZZY;DIFFERENT_OWNER_INSTITUTION
1412708786	21705170-d2b6-42de-8904-c3bca4b83591	CMMF017255	Fungi	Basidiomycota	Agaricomycetes	Agaricales	Pleurotaceae	Pleurotus	Pleurotus ostreatus		SPECIES	Pleurotus ostreatus (Jacq.) P.Kumm.	Pleurotus ostreatus (Jacq.) P. Kumm.	(Jacq.) P. Kumm.	CA	Île des Soeurs, Québec.	Québec	PRESENT		ff7bd5db-b724-4932-b496-10ea298851f9	45.461124	-73.547316	2000.0						1981-07-07	7	7	1981	2526530	2526530	PRESERVED_SPECIMEN	Université de Montréal Biodiversity Centre	CMMF	CMMF017255	1981-81	unknown		CC0_1_0	Université de Montréal Biodiversity Centre	Cyr, A.			2024-01-24T16:38:14.863Z		INSTITUTION_MATCH_FUZZY;COLLECTION_MATCH_FUZZY;DIFFERENT_OWNER_INSTITUTION
1412707707	21705170-d2b6-42de-8904-c3bca4b83591	CMMF016245	Fungi	Basidiomycota	Agaricomycetes	Agaricales	Pleurotaceae	Pleurotus	Pleurotus ostreatus		SPECIES	Pleurotus ostreatus (Jacq.) P.Kumm.	Pleurotus ostreatus (Jacq.) P. Kumm.	(Jacq.) P. Kumm.	CA	Cap-Jaseux, Québec.	Québec	PRESENT		ff7bd5db-b724-4932-b496-10ea298851f9	48.428215	-70.822268	2500.0						1994-06-19	19	6	1994	2526530	2526530	PRESERVED_SPECIMEN	Université de Montréal Biodiversity Centre	CMMF	CMMF016245	1906	Guérin, Gérard		CC0_1_0	Université de Montréal Biodiversity Centre	Guérin, Gérard			2024-01-24T16:38:18.716Z	StillImage	INSTITUTION_MATCH_FUZZY;COLLECTION_MATCH_FUZZY;DIFFERENT_OWNER_INSTITUTION
1412707690	21705170-d2b6-42de-8904-c3bca4b83591	CMMF016246	Fungi	Basidiomycota	Agaricomycetes	Agaricales	Pleurotaceae	Pleurotus	Pleurotus ostreatus		SPECIES	Pleurotus ostreatus (Jacq.) P.Kumm.	Pleurotus ostreatus (Jacq.) P. Kumm.	(Jacq.) P. Kumm.	CA	Dolbeau, Québec.	Québec	PRESENT		ff7bd5db-b724-4932-b496-10ea298851f9	48.872751	-72.216576	5000.0						1994-06-28/1994-06-29		6	1994	2526530	2526530	PRESERVED_SPECIMEN	Université de Montréal Biodiversity Centre	CMMF	CMMF016246	1907	Guérin, Gérard		CC0_1_0	Université de Montréal Biodiversity Centre	Guérin, Gérard			2024-01-24T16:38:18.717Z	StillImage	INSTITUTION_MATCH_FUZZY;COLLECTION_MATCH_FUZZY;DIFFERENT_OWNER_INSTITUTION
1412703536	21705170-d2b6-42de-8904-c3bca4b83591	CMMF012436	Fungi	Basidiomycota	Agaricomycetes	Agaricales	Pleurotaceae	Pleurotus	Pleurotus ostreatus		SPECIES	Pleurotus ostreatus (Jacq.) P.Kumm.	Pleurotus ostreatus (Jacq.) P. Kumm.	(Jacq.) P. Kumm.	CA	Terrebonne, comté de Terrebonne, Québec.	Québec	PRESENT		ff7bd5db-b724-4932-b496-10ea298851f9	45.696284	-73.626467	8000.0						1951-06-04	4	6	1951	2526530	2526530	PRESERVED_SPECIMEN	Université de Montréal Biodiversity Centre	CMMF	CMMF012436	JB 228	Brunel, Jules		CC0_1_0	Université de Montréal Biodiversity Centre	Ouimet, M.			2024-01-24T16:38:19.975Z		INSTITUTION_MATCH_FUZZY;COLLECTION_MATCH_FUZZY;DIFFERENT_OWNER_INSTITUTION
1412703533	21705170-d2b6-42de-8904-c3bca4b83591	CMMF012434	Fungi	Basidiomycota	Agaricomycetes	Agaricales	Pleurotaceae	Pleurotus	Pleurotus ostreatus		SPECIES	Pleurotus ostreatus (Jacq.) P.Kumm.	Pleurotus ostreatus (Jacq.) P. Kumm.	(Jacq.) P. Kumm.	CA	Granby, Québec.	Québec	PRESENT		ff7bd5db-b724-4932-b496-10ea298851f9	45.4	-72.733333	5000.0						1946-10-15	15	10	1946	2526530	2526530	PRESERVED_SPECIMEN	Université de Montréal Biodiversity Centre	CMMF	CMMF012434	679	Groves, J.W.		CC0_1_0	Université de Montréal Biodiversity Centre	Fabius, Fr.			2024-01-24T16:38:19.975Z		INSTITUTION_MATCH_FUZZY;COLLECTION_MATCH_FUZZY;DIFFERENT_OWNER_INSTITUTION
1412703521	21705170-d2b6-42de-8904-c3bca4b83591	CMMF012435	Fungi	Basidiomycota	Agaricomycetes	Agaricales	Pleurotaceae	Pleurotus	Pleurotus ostreatus		SPECIES	Pleurotus ostreatus (Jacq.) P.Kumm.	Pleurotus ostreatus (Jacq.) P. Kumm.	(Jacq.) P. Kumm.	CA	Île du Pas, comté de Berthier, Québec.	Québec	PRESENT		ff7bd5db-b724-4932-b496-10ea298851f9	46.107855	-73.107959	7000.0						1944-11-25	25	11	1944	2526530	2526530	PRESERVED_SPECIMEN	Université de Montréal Biodiversity Centre	CMMF	CMMF012435	153	Brunel, Jules		CC0_1_0	Université de Montréal Biodiversity Centre	Brunel, Jules			2024-01-24T16:38:19.976Z		INSTITUTION_MATCH_FUZZY;COLLECTION_MATCH_FUZZY;DIFFERENT_OWNER_INSTITUTION
1412703246	21705170-d2b6-42de-8904-c3bca4b83591	CMMF011701	Fungi	Basidiomycota	Agaricomycetes	Agaricales	Pleurotaceae	Pleurotus	Pleurotus ostreatus		SPECIES	Pleurotus ostreatus (Jacq.) P.Kumm.	Pleurotus ostreatus (Jacq.) P. Kumm.	(Jacq.) P. Kumm.	CA	Sainte-Anne de la Pocatière, Kamouraska, Québec.	Québec	PRESENT		ff7bd5db-b724-4932-b496-10ea298851f9	47.366667	-70.033333	8000.0						1945-09-21/1945-12-21			1945	2526530	2526530	PRESERVED_SPECIMEN	Université de Montréal Biodiversity Centre	CMMF	CMMF011701	NA	Cloutier, Robert		CC0_1_0	Université de Montréal Biodiversity Centre	Beaugé, Lucien; Cloutier, Robert; Campagna, Elzéar			2024-01-24T16:38:18.268Z		INSTITUTION_MATCH_FUZZY;COLLECTION_MATCH_FUZZY;DIFFERENT_OWNER_INSTITUTION
1315964259	3c6e7390-3b56-11dc-8c19-b8a03c50a862	65CCB7F9-0A40-4E95-BAE4-4D28CF8DE82B	Fungi	Basidiomycota	Agaricomycetes	Agaricales	Pleurotaceae	Pleurotus	Pleurotus ostreatus		SPECIES	Pleurotus ostreatus (Jacq.) P.Kumm.	Pleurotus ostreatus (Jacq.) P. Kumm.		CA			PRESENT		6b2f029b-7823-4b84-9c30-31ff364238fe	45.836307	-78.379081							1990			1990	2526530	2526530	LIVING_SPECIMEN	ICMP	ICMP	ICMP 11673	35			CC_BY_4_0	Manaaki Whenua - Landcare Research NZ Ltd.	Greg Thorn			2025-01-12T12:02:27.962Z		CONTINENT_DERIVED_FROM_COORDINATES;INSTITUTION_MATCH_FUZZY;INSTITUTION_COLLECTION_MISMATCH
1291065588	50c9509d-22c7-4a22-a47d-8c48425ef4a7	http://inaturalist.ca/observations/1976407	Fungi	Basidiomycota	Agaricomycetes	Agaricales	Pleurotaceae	Pleurotus	Pleurotus ostreatus		SPECIES	Pleurotus ostreatus (Jacq.) P.Kumm.	Pleurotus ostreatus		CA		Ontario	PRESENT		28eb1a3f-1c15-4a95-931a-4af90ecb574d	45.247039	-76.254494							2002-10-14	14	10	2002	2526530	2526530	HUMAN_OBSERVATION	iNaturalist	Observations	1976407		bev wigney	2015-09-23T13:20:54	CC_BY_NC_4_0	bev wigney	bev wigney			2025-01-14T12:58:54.012Z		CONTINENT_DERIVED_FROM_COORDINATES;TAXON_MATCH_TAXON_ID_IGNORED
1135070856	21705170-d2b6-42de-8904-c3bca4b83591	CMMF009447	Fungi	Basidiomycota	Agaricomycetes	Agaricales	Pleurotaceae	Pleurotus	Pleurotus ostreatus		SPECIES	Pleurotus ostreatus (Jacq.) P.Kumm.	Pleurotus ostreatus (Jacq.) P. Kumm.	(Jacq.) P. Kumm.	CA	Chemin de la Chapelle, Lac-Beauport.	Québec	PRESENT		ff7bd5db-b724-4932-b496-10ea298851f9	46.949281	-71.284722	250.0						2007-06-27	27	6	2007	2526530	2526530	PRESERVED_SPECIMEN	Université de Montréal Biodiversity Centre	CMMF	CMMF009447	1031	Labrecque, Jacqueline		CC0_1_0	Université de Montréal Biodiversity Centre	Labrecque, Jacqueline			2024-01-24T16:38:21.652Z	StillImage	INSTITUTION_MATCH_FUZZY;COLLECTION_MATCH_FUZZY;DIFFERENT_OWNER_INSTITUTION
1135070675	21705170-d2b6-42de-8904-c3bca4b83591	CMMF009199	Fungi	Basidiomycota	Agaricomycetes	Agaricales	Pleurotaceae	Pleurotus	Pleurotus ostreatus		SPECIES	Pleurotus ostreatus (Jacq.) P.Kumm.	Pleurotus ostreatus (Jacq.) P. Kumm.	(Jacq.) P. Kumm.	CA	Chemin Chapelle, Lac-Beauport.	Québec	PRESENT		ff7bd5db-b724-4932-b496-10ea298851f9	46.949281	-71.284722	250.0						2006-09-15	15	9	2006	2526530	2526530	PRESERVED_SPECIMEN	Université de Montréal Biodiversity Centre	CMMF	CMMF009199	783	Labrecque, Jacqueline		CC0_1_0	Université de Montréal Biodiversity Centre	Labrecque, Jacqueline			2024-01-24T16:38:20.276Z	StillImage	INSTITUTION_MATCH_FUZZY;COLLECTION_MATCH_FUZZY;DIFFERENT_OWNER_INSTITUTION
1135070377	21705170-d2b6-42de-8904-c3bca4b83591	CMMF008967	Fungi	Basidiomycota	Agaricomycetes	Agaricales	Pleurotaceae	Pleurotus	Pleurotus ostreatus		SPECIES	Pleurotus ostreatus (Jacq.) P.Kumm.	Pleurotus ostreatus (Jacq.) P. Kumm.	(Jacq.) P. Kumm.	CA	Chemin Chapelle, Lac-Beauport.	Québec	PRESENT		ff7bd5db-b724-4932-b496-10ea298851f9	46.949281	-71.284722	250.0						2006-08-16	16	8	2006	2526530	2526530	PRESERVED_SPECIMEN	Université de Montréal Biodiversity Centre	CMMF	CMMF008967	550	Labrecque, Jacqueline		CC0_1_0	Université de Montréal Biodiversity Centre	Labrecque, Jacqueline			2024-01-24T16:38:18.952Z		INSTITUTION_MATCH_FUZZY;COLLECTION_MATCH_FUZZY;DIFFERENT_OWNER_INSTITUTION
1135068617	21705170-d2b6-42de-8904-c3bca4b83591	CMMF007211	Fungi	Basidiomycota	Agaricomycetes	Agaricales	Pleurotaceae	Pleurotus	Pleurotus ostreatus		SPECIES	Pleurotus ostreatus (Jacq.) P.Kumm.	Pleurotus ostreatus (Jacq.) P. Kumm.	(Jacq.) P. Kumm.	CA	Mirabel (Chemin de la Rivière du Nord)	Québec	PRESENT		ff7bd5db-b724-4932-b496-10ea298851f9	45.683917	-74.2185	100.0						2006-10-03	3	10	2006	2526530	2526530	PRESERVED_SPECIMEN	Université de Montréal Biodiversity Centre	CMMF	CMMF007211	Inexistant	McNeil, Raymond		CC0_1_0	Université de Montréal Biodiversity Centre	McNeil, Raymond			2024-01-24T16:38:21.297Z	StillImage	COORDINATE_ROUNDED;INSTITUTION_MATCH_FUZZY;COLLECTION_MATCH_FUZZY;DIFFERENT_OWNER_INSTITUTION
1135067459	21705170-d2b6-42de-8904-c3bca4b83591	CMMF005971	Fungi	Basidiomycota	Agaricomycetes	Agaricales	Pleurotaceae	Pleurotus	Pleurotus ostreatus		SPECIES	Pleurotus ostreatus (Jacq.) P.Kumm.	Pleurotus ostreatus (Jacq.) P. Kumm.	(Jacq.) P. Kumm.	CA	Châteauguay (Centre écologique Fernand-Seguin)	Québec	PRESENT		ff7bd5db-b724-4932-b496-10ea298851f9	45.33983	-73.773917	100.0						2010-11-03	3	11	2010	2526530	2526530	PRESERVED_SPECIMEN	Université de Montréal Biodiversity Centre	CMMF	CMMF005971	C3815	McNeil, Raymond		CC0_1_0	Université de Montréal Biodiversity Centre	McNeil, Raymond			2024-01-24T16:38:16.950Z	StillImage	COORDINATE_ROUNDED;INSTITUTION_MATCH_FUZZY;COLLECTION_MATCH_FUZZY;DIFFERENT_OWNER_INSTITUTION
1135066650	21705170-d2b6-42de-8904-c3bca4b83591	CMMF010081	Fungi	Basidiomycota	Agaricomycetes	Agaricales	Pleurotaceae	Pleurotus	Pleurotus ostreatus		SPECIES	Pleurotus ostreatus (Jacq.) P.Kumm.	Pleurotus ostreatus (Jacq.) P. Kumm.	(Jacq.) P. Kumm.	CA	Chemin de la Chapelle, Lac-Beauport.	Québec	PRESENT		ff7bd5db-b724-4932-b496-10ea298851f9	46.949281	-71.284722	250.0						2007-09-25	25	9	2007	2526530	2526530	PRESERVED_SPECIMEN	Université de Montréal Biodiversity Centre	CMMF	CMMF010081	1666	Labrecque, Jacqueline		CC0_1_0	Université de Montréal Biodiversity Centre	Labrecque, Jacqueline			2024-01-24T16:38:20.189Z		INSTITUTION_MATCH_FUZZY;COLLECTION_MATCH_FUZZY;DIFFERENT_OWNER_INSTITUTION
1024558745	21705170-d2b6-42de-8904-c3bca4b83591	CMMF004161	Fungi	Basidiomycota	Agaricomycetes	Agaricales	Pleurotaceae	Pleurotus	Pleurotus ostreatus		SPECIES	Pleurotus ostreatus (Jacq.) P.Kumm.	Pleurotus ostreatus (Jacq.) P. Kumm.	(Jacq.) P. Kumm.	CA	Réserve écologique du Boisé-des-Muir, Hinchinbrooke.	Québec	PRESENT		ff7bd5db-b724-4932-b496-10ea298851f9	45.085863	-74.114156	10.0						2011-08-30	30	8	2011	2526530	2526530	PRESERVED_SPECIMEN	Université de Montréal Biodiversity Centre	CMMF	CMMF004161	141	Lebeuf, Renée		CC0_1_0	Université de Montréal Biodiversity Centre	Archambault, Raymond; Lebeuf, Renée			2024-01-24T16:38:18.605Z	StillImage	INSTITUTION_MATCH_FUZZY;COLLECTION_MATCH_FUZZY;DIFFERENT_OWNER_INSTITUTION
