gbifID	datasetKey	occurrenceID	kingdom	phylum	class	order	family	genus	species	infraspecificEpithet	taxonRank	scientificName	verbatimScientificName	verbatimScientificNameAuthorship	countryCode	locality	stateProvince	occurrenceStatus	individualCount	publishingOrgKey	decimalLatitude	decimalLongitude	coordinateUncertaintyInMeters	coordinatePrecision	elevation	elevationAccuracy	depth	depthAccuracy	eventDate	day	month	year	taxonKey	speciesKey	basisOfRecord	institutionCode	collectionCode	catalogNumber	recordNumber	identifiedBy	dateIdentified	license	rightsHolder	recordedBy	typeStatus	establishmentMeans	lastInterpreted	mediaType	issue
617555097	21705170-d2b6-42de-8904-c3bca4b83591	CMMF000656	Fungi	Basidiomycota	Agaricomycetes	Russulales	Russulaceae	Lactarius	Lactarius deterrimus		SPECIES	Lactarius deterrimus Gröger	Lactarius deterrimus Gröger	Gröger	CA	Saint-Herménégilde	Québec	PRESENT		ff7bd5db-b724-4932-b496-10ea298851f9	45.105574	-71.672847	3000.0						1989-08-23	23	8	1989	7925734	7925734	PRESERVED_SPECIMEN	Université de Montréal Biodiversity Centre	CMMF	CMMF000656		Lamoureux, Yves		CC0_1_0	Université de Montréal Biodiversity Centre	Lamoureux, Yves			2024-01-24T16:38:20.111Z	StillImage	INSTITUTION_MATCH_FUZZY;COLLECTION_MATCH_FUZZY;DIFFERENT_OWNER_INSTITUTION
617552681	21705170-d2b6-42de-8904-c3bca4b83591	CMMF003270	Fungi	Basidiomycota	Agaricomycetes	Russulales	Russulaceae	Lactarius	Lactarius deterrimus		SPECIES	Lactarius deterrimus Gröger	Lactarius deterrimus Gröger	Gröger	CA	Parc de la Yamaska	Québec	PRESENT		ff7bd5db-b724-4932-b496-10ea298851f9	45.429761	-72.616506	6000.0						1998-08-31	31	8	1998	7925734	7925734	PRESERVED_SPECIMEN	Université de Montréal Biodiversity Centre	CMMF	CMMF003270		Lamoureux, Yves		CC0_1_0	Université de Montréal Biodiversity Centre	Lamoureux, Yves			2024-01-24T16:38:17.025Z	StillImage	INSTITUTION_MATCH_FUZZY;COLLECTION_MATCH_FUZZY;DIFFERENT_OWNER_INSTITUTION
617552106	21705170-d2b6-42de-8904-c3bca4b83591	CMMF003002	Fungi	Basidiomycota	Agaricomycetes	Russulales	Russulaceae	Lactarius	Lactarius deterrimus		SPECIES	Lactarius deterrimus Gröger	Lactarius deterrimus Gröger	Gröger	CA	Chertsey	Québec	PRESENT		ff7bd5db-b724-4932-b496-10ea298851f9	46.073928	-73.890706	5000.0						1996-09-24	24	9	1996	7925734	7925734	PRESERVED_SPECIMEN	Université de Montréal Biodiversity Centre	CMMF	CMMF003002		Lamoureux, Yves		CC0_1_0	Université de Montréal Biodiversity Centre	Lamoureux, Yves			2024-01-24T16:38:16.624Z	StillImage	INSTITUTION_MATCH_FUZZY;COLLECTION_MATCH_FUZZY;DIFFERENT_OWNER_INSTITUTION
617550014	21705170-d2b6-42de-8904-c3bca4b83591	CMMF000209	Fungi	Basidiomycota	Agaricomycetes	Russulales	Russulaceae	Lactarius	Lactarius deterrimus		SPECIES	Lactarius deterrimus Gröger	Lactarius deterrimus Gröger	Gröger	CA	Saint-Herménégilde	Québec	PRESENT		ff7bd5db-b724-4932-b496-10ea298851f9	45.105574	-71.672847	3000.0						1988-08-21	21	8	1988	7925734	7925734	PRESERVED_SPECIMEN	Université de Montréal Biodiversity Centre	CMMF	CMMF000209		Lamoureux, Yves		CC0_1_0	Université de Montréal Biodiversity Centre	Lamoureux, Yves			2024-01-24T16:38:20.659Z	StillImage	INSTITUTION_MATCH_FUZZY;COLLECTION_MATCH_FUZZY;DIFFERENT_OWNER_INSTITUTION
5006987556	50c9509d-22c7-4a22-a47d-8c48425ef4a7	https://www.inaturalist.org/observations/177905893	Fungi	Basidiomycota	Agaricomycetes	Russulales	Russulaceae	Lactarius	Lactarius deterrimus		SPECIES	Lactarius deterrimus Gröger	Lactarius deterrimus		CA		Québec	PRESENT		28eb1a3f-1c15-4a95-931a-4af90ecb574d	46.443755	-75.091453	30.0						2023-08-11T15:43	11	8	2023	7925734	7925734	HUMAN_OBSERVATION	iNaturalist	Observations	177905893		Katia Burelle	2024-11-17T17:38:13	CC_BY_NC_4_0	woodstream	woodstream			2025-01-14T12:40:08.161Z	StillImage	COORDINATE_ROUNDED;CONTINENT_DERIVED_FROM_COORDINATES;TAXON_MATCH_TAXON_ID_IGNORED
4987374446	50c9509d-22c7-4a22-a47d-8c48425ef4a7	https://www.inaturalist.org/observations/252683646	Fungi	Basidiomycota	Agaricomycetes	Russulales	Russulaceae	Lactarius	Lactarius deterrimus		SPECIES	Lactarius deterrimus Gröger	Lactarius deterrimus		CA		Québec	PRESENT		28eb1a3f-1c15-4a95-931a-4af90ecb574d	45.037455	-74.071997	1953.0						2024-09-17T14:05	17	9	2024	7925734	7925734	HUMAN_OBSERVATION	iNaturalist	Observations	252683646		Annabelle Langlois	2024-11-23T05:42:47	CC_BY_NC_4_0	Annabelle Langlois	Annabelle Langlois			2025-01-14T12:55:57.130Z	StillImage	COORDINATE_ROUNDED;CONTINENT_DERIVED_FROM_COORDINATES;TAXON_MATCH_TAXON_ID_IGNORED
4980478056	50c9509d-22c7-4a22-a47d-8c48425ef4a7	https://www.inaturalist.org/observations/16320160	Fungi	Basidiomycota	Agaricomycetes	Russulales	Russulaceae	Lactarius	Lactarius deterrimus		SPECIES	Lactarius deterrimus Gröger	Lactarius deterrimus		CA		Ontario	PRESENT		28eb1a3f-1c15-4a95-931a-4af90ecb574d	45.511179	-75.338183	46.0						2018-09-06	6	9	2018	7925734	7925734	HUMAN_OBSERVATION	iNaturalist	Observations	16320160		jonathan_mack	2020-10-07T02:09:34	CC_BY_NC_4_0	kevinwallace	kevinwallace			2025-01-14T13:00:00.909Z	StillImage	CONTINENT_DERIVED_FROM_COORDINATES;TAXON_MATCH_TAXON_ID_IGNORED
4976609702	50c9509d-22c7-4a22-a47d-8c48425ef4a7	https://www.inaturalist.org/observations/240157157	Fungi	Basidiomycota	Agaricomycetes	Russulales	Russulaceae	Lactarius	Lactarius deterrimus		SPECIES	Lactarius deterrimus Gröger	Lactarius deterrimus		CA		Québec	PRESENT		28eb1a3f-1c15-4a95-931a-4af90ecb574d	48.425161	-70.820401	108.0						2024-09-01T13:02:06	1	9	2024	7925734	7925734	HUMAN_OBSERVATION	iNaturalist	Observations	240157157		gabboilard	2024-10-26T21:47:30	CC_BY_NC_4_0	wild_wonderfulcanada	wild_wonderfulcanada			2025-01-14T12:57:56.007Z	StillImage	COORDINATE_ROUNDED;CONTINENT_DERIVED_FROM_COORDINATES;TAXON_MATCH_TAXON_ID_IGNORED
4976551689	50c9509d-22c7-4a22-a47d-8c48425ef4a7	https://www.inaturalist.org/observations/239224721	Fungi	Basidiomycota	Agaricomycetes	Russulales	Russulaceae	Lactarius	Lactarius deterrimus		SPECIES	Lactarius deterrimus Gröger	Lactarius deterrimus		CA		Québec	PRESENT		28eb1a3f-1c15-4a95-931a-4af90ecb574d	45.362073	-72.24306							2024-09-01T13:43:24	1	9	2024	7925734	7925734	HUMAN_OBSERVATION	iNaturalist	Observations	239224721		xavierlamontagne	2024-09-01T17:45:09	CC_BY_NC_4_0	xavierlamontagne	xavierlamontagne			2025-01-14T12:52:42.076Z	StillImage	COORDINATE_ROUNDED;CONTINENT_DERIVED_FROM_COORDINATES;TAXON_MATCH_TAXON_ID_IGNORED
4954609699	50c9509d-22c7-4a22-a47d-8c48425ef4a7	https://www.inaturalist.org/observations/245488279	Fungi	Basidiomycota	Agaricomycetes	Russulales	Russulaceae	Lactarius	Lactarius deterrimus		SPECIES	Lactarius deterrimus Gröger	Lactarius deterrimus		CA		New Brunswick	PRESENT		28eb1a3f-1c15-4a95-931a-4af90ecb574d	45.041124	-66.781016	90.0						2024-09-24T15:02:41	24	9	2024	7925734	7925734	HUMAN_OBSERVATION	iNaturalist	Observations	245488279		Toni Doucette	2024-10-04T20:43:49	CC_BY_NC_4_0	Laura Lavigne	Laura Lavigne			2025-01-14T12:54:21.683Z	StillImage	COORDINATE_ROUNDED;CONTINENT_DERIVED_FROM_COORDINATES;TAXON_MATCH_TAXON_ID_IGNORED
4953189463	50c9509d-22c7-4a22-a47d-8c48425ef4a7	https://www.inaturalist.org/observations/245105498	Fungi	Basidiomycota	Agaricomycetes	Russulales	Russulaceae	Lactarius	Lactarius deterrimus		SPECIES	Lactarius deterrimus Gröger	Lactarius deterrimus		CA		New Brunswick	PRESENT		28eb1a3f-1c15-4a95-931a-4af90ecb574d	47.618702	-65.685153	383.0						2024-10-01T14:49:39	1	10	2024	7925734	7925734	HUMAN_OBSERVATION	iNaturalist	Observations	245105498		Toni Doucette	2024-10-01T20:22:29	CC_BY_NC_4_0	alexandre_maltais	alexandre_maltais			2025-01-14T13:44:07.242Z	StillImage	COORDINATE_ROUNDED;CONTINENT_DERIVED_FROM_COORDINATES;TAXON_MATCH_TAXON_ID_IGNORED
4952165361	50c9509d-22c7-4a22-a47d-8c48425ef4a7	https://www.inaturalist.org/observations/246246216	Fungi	Basidiomycota	Agaricomycetes	Russulales	Russulaceae	Lactarius	Lactarius deterrimus		SPECIES	Lactarius deterrimus Gröger	Lactarius deterrimus		CA		New Brunswick	PRESENT		28eb1a3f-1c15-4a95-931a-4af90ecb574d	46.829147	-64.932776							2024-10-07T12:01:38	7	10	2024	7925734	7925734	HUMAN_OBSERVATION	iNaturalist	Observations	246246216		Kaitlyn Page	2024-10-08T00:18:18	CC_BY_NC_4_0	Kaitlyn Page	Kaitlyn Page			2025-01-14T12:54:08.339Z	StillImage	COORDINATE_ROUNDED;CONTINENT_DERIVED_FROM_COORDINATES;TAXON_MATCH_TAXON_ID_IGNORED
4949939199	50c9509d-22c7-4a22-a47d-8c48425ef4a7	https://www.inaturalist.org/observations/243997609	Fungi	Basidiomycota	Agaricomycetes	Russulales	Russulaceae	Lactarius	Lactarius deterrimus		SPECIES	Lactarius deterrimus Gröger	Lactarius deterrimus		CA		Ontario	PRESENT		28eb1a3f-1c15-4a95-931a-4af90ecb574d	45.376011	-75.240409	488.0						2024-09-21T14:18	21	9	2024	7925734	7925734	HUMAN_OBSERVATION	iNaturalist	Observations	243997609		cinna_latifolia	2024-09-25T18:48:27	CC_BY_NC_4_0	David Thomas Glover	David Thomas Glover			2025-01-14T13:44:12.194Z	StillImage	COORDINATE_ROUNDED;CONTINENT_DERIVED_FROM_COORDINATES;TAXON_MATCH_TAXON_ID_IGNORED
4935843811	50c9509d-22c7-4a22-a47d-8c48425ef4a7	https://www.inaturalist.org/observations/238079643	Fungi	Basidiomycota	Agaricomycetes	Russulales	Russulaceae	Lactarius	Lactarius deterrimus		SPECIES	Lactarius deterrimus Gröger	Lactarius deterrimus		CA		Québec	PRESENT		28eb1a3f-1c15-4a95-931a-4af90ecb574d	45.997782	-74.079476							2024-08-25T10:36	25	8	2024	7925734	7925734	HUMAN_OBSERVATION	iNaturalist	Observations	238079643		Paul Vézina	2024-08-26T15:13:31	CC_BY_NC_4_0	Paul Vézina	Paul Vézina			2025-01-14T12:52:24.750Z	StillImage	COORDINATE_ROUNDED;CONTINENT_DERIVED_FROM_COORDINATES;TAXON_MATCH_TAXON_ID_IGNORED
4910758104	50c9509d-22c7-4a22-a47d-8c48425ef4a7	https://www.inaturalist.org/observations/230207234	Fungi	Basidiomycota	Agaricomycetes	Russulales	Russulaceae	Lactarius	Lactarius deterrimus		SPECIES	Lactarius deterrimus Gröger	Lactarius deterrimus		CA		Ontario	PRESENT		28eb1a3f-1c15-4a95-931a-4af90ecb574d	45.452575	-78.380066	3318.0						2024-07-14T11:51	14	7	2024	7925734	7925734	HUMAN_OBSERVATION	iNaturalist	Observations	230207234		L Joan Heyding	2024-07-19T00:58:26	CC_BY_NC_4_0	L Joan Heyding	L Joan Heyding			2025-01-14T12:49:43.909Z	StillImage	COORDINATE_ROUNDED;CONTINENT_DERIVED_FROM_COORDINATES;TAXON_MATCH_TAXON_ID_IGNORED
4909214327	50c9509d-22c7-4a22-a47d-8c48425ef4a7	https://www.inaturalist.org/observations/96609010	Fungi	Basidiomycota	Agaricomycetes	Russulales	Russulaceae	Lactarius	Lactarius deterrimus		SPECIES	Lactarius deterrimus Gröger	Lactarius deterrimus		CA		New Brunswick	PRESENT		28eb1a3f-1c15-4a95-931a-4af90ecb574d	45.692639	-65.620199	32.0						2021-09-29T16:04:55	29	9	2021	7925734	7925734	HUMAN_OBSERVATION	iNaturalist	Observations	96609010		gartbishop	2021-09-29T19:07:38	CC_BY_NC_4_0	gartbishop	gartbishop			2025-01-14T13:15:24.934Z	StillImage	COORDINATE_ROUNDED;CONTINENT_DERIVED_FROM_COORDINATES;TAXON_MATCH_TAXON_ID_IGNORED
4891700657	50c9509d-22c7-4a22-a47d-8c48425ef4a7	https://www.inaturalist.org/observations/141207673	Fungi	Basidiomycota	Agaricomycetes	Russulales	Russulaceae	Lactarius	Lactarius deterrimus		SPECIES	Lactarius deterrimus Gröger	Lactarius deterrimus		CA		Québec	PRESENT		28eb1a3f-1c15-4a95-931a-4af90ecb574d	46.738431	-71.399531	13.0						2022-11-04T16:41:49	4	11	2022	7925734	7925734	HUMAN_OBSERVATION	iNaturalist	Observations	141207673		Katia Burelle	2024-05-28T23:26:57	CC_BY_NC_4_0	Camille Boucher	Camille Boucher			2025-01-14T13:26:10.258Z	StillImage	COORDINATE_ROUNDED;CONTINENT_DERIVED_FROM_COORDINATES;TAXON_MATCH_TAXON_ID_IGNORED
4875191499	50c9509d-22c7-4a22-a47d-8c48425ef4a7	https://www.inaturalist.org/observations/135190872	Fungi	Basidiomycota	Agaricomycetes	Russulales	Russulaceae	Lactarius	Lactarius deterrimus		SPECIES	Lactarius deterrimus Gröger	Lactarius deterrimus		CA		Québec	PRESENT		28eb1a3f-1c15-4a95-931a-4af90ecb574d	45.651997	-74.940872	2410.0						2022-09-15T15:24:56	15	9	2022	7925734	7925734	HUMAN_OBSERVATION	iNaturalist	Observations	135190872		Katia Burelle	2024-05-28T23:30:06	CC_BY_NC_4_0	Myca	Myca			2025-01-14T13:25:47.146Z	StillImage	COORDINATE_ROUNDED;CONTINENT_DERIVED_FROM_COORDINATES;TAXON_MATCH_TAXON_ID_IGNORED
4607377943	50c9509d-22c7-4a22-a47d-8c48425ef4a7	https://www.inaturalist.org/observations/176687208	Fungi	Basidiomycota	Agaricomycetes	Russulales	Russulaceae	Lactarius	Lactarius deterrimus		SPECIES	Lactarius deterrimus Gröger	Lactarius deterrimus		CA		Québec	PRESENT		28eb1a3f-1c15-4a95-931a-4af90ecb574d	48.580691	-72.490325							2023-08-04T17:21	4	8	2023	7925734	7925734	HUMAN_OBSERVATION	iNaturalist	Observations	176687208		Paul Vézina	2023-08-04T23:39:19	CC_BY_NC_4_0	Paul Vézina	Paul Vézina			2025-01-14T12:37:34.390Z	StillImage	COORDINATE_ROUNDED;CONTINENT_DERIVED_FROM_COORDINATES;TAXON_MATCH_TAXON_ID_IGNORED
4607316948	50c9509d-22c7-4a22-a47d-8c48425ef4a7	https://www.inaturalist.org/observations/132479262	Fungi	Basidiomycota	Agaricomycetes	Russulales	Russulaceae	Lactarius	Lactarius deterrimus		SPECIES	Lactarius deterrimus Gröger	Lactarius deterrimus		CA		Québec	PRESENT		28eb1a3f-1c15-4a95-931a-4af90ecb574d	45.788317	-70.885981	27126.0						2022-08-26T18:23:06	26	8	2022	7925734	7925734	HUMAN_OBSERVATION	iNaturalist	Observations	132479262		Véronique G. Champagne	2022-08-26T23:15:46	CC_BY_NC_4_0	Véronique G. Champagne	Véronique G. Champagne			2025-01-14T13:25:10.617Z	StillImage	COORDINATE_ROUNDED;CONTINENT_DERIVED_FROM_COORDINATES;TAXON_MATCH_TAXON_ID_IGNORED
4607111150	50c9509d-22c7-4a22-a47d-8c48425ef4a7	https://www.inaturalist.org/observations/179630433	Fungi	Basidiomycota	Agaricomycetes	Russulales	Russulaceae	Lactarius	Lactarius deterrimus		SPECIES	Lactarius deterrimus Gröger	Lactarius deterrimus		CA		Québec	PRESENT		28eb1a3f-1c15-4a95-931a-4af90ecb574d	45.429075	-73.927275							2023-08-19T14:09:53	19	8	2023	7925734	7925734	HUMAN_OBSERVATION	iNaturalist	Observations	179630433		Don-Jean Leandri-Breton	2023-08-22T03:38:28	CC_BY_NC_4_0	Don-Jean Leandri-Breton	Don-Jean Leandri-Breton			2025-01-14T12:40:08.485Z		CONTINENT_DERIVED_FROM_COORDINATES;TAXON_MATCH_TAXON_ID_IGNORED
4606967597	50c9509d-22c7-4a22-a47d-8c48425ef4a7	https://www.inaturalist.org/observations/98794508	Fungi	Basidiomycota	Agaricomycetes	Russulales	Russulaceae	Lactarius	Lactarius deterrimus		SPECIES	Lactarius deterrimus Gröger	Lactarius deterrimus		CA		Québec	PRESENT		28eb1a3f-1c15-4a95-931a-4af90ecb574d	45.559694	-73.319793	9.0						2021-10-20T10:39:06	20	10	2021	7925734	7925734	HUMAN_OBSERVATION	iNaturalist	Observations	98794508		timfoster	2021-10-20T16:39:00	CC_BY_NC_4_0	timfoster	timfoster			2025-01-14T12:23:35.454Z	StillImage	COORDINATE_ROUNDED;CONTINENT_DERIVED_FROM_COORDINATES;TAXON_MATCH_TAXON_ID_IGNORED
4606644486	50c9509d-22c7-4a22-a47d-8c48425ef4a7	https://www.inaturalist.org/observations/185788977	Fungi	Basidiomycota	Agaricomycetes	Russulales	Russulaceae	Lactarius	Lactarius deterrimus		SPECIES	Lactarius deterrimus Gröger	Lactarius deterrimus		CA		Québec	PRESENT		28eb1a3f-1c15-4a95-931a-4af90ecb574d	48.552312	-79.299145	16.0						2023-09-30T15:40	30	9	2023	7925734	7925734	HUMAN_OBSERVATION	iNaturalist	Observations	185788977		Pierre Cartier	2023-10-01T22:58:52	CC_BY_NC_4_0	Pierre Cartier	Pierre Cartier			2025-01-14T13:33:27.100Z	StillImage	COORDINATE_ROUNDED;CONTINENT_DERIVED_FROM_COORDINATES;TAXON_MATCH_TAXON_ID_IGNORED
4606618719	50c9509d-22c7-4a22-a47d-8c48425ef4a7	https://www.inaturalist.org/observations/179179129	Fungi	Basidiomycota	Agaricomycetes	Russulales	Russulaceae	Lactarius	Lactarius deterrimus		SPECIES	Lactarius deterrimus Gröger	Lactarius deterrimus		CA		Québec	PRESENT		28eb1a3f-1c15-4a95-931a-4af90ecb574d	46.030839	-73.702837	4.0						2023-08-19T10:18:39	19	8	2023	7925734	7925734	HUMAN_OBSERVATION	iNaturalist	Observations	179179129		timfoster	2023-08-19T16:51:48	CC_BY_NC_4_0	timfoster	timfoster			2025-01-14T12:43:23.357Z	StillImage	COORDINATE_ROUNDED;CONTINENT_DERIVED_FROM_COORDINATES;TAXON_MATCH_TAXON_ID_IGNORED
4606553267	50c9509d-22c7-4a22-a47d-8c48425ef4a7	https://www.inaturalist.org/observations/135424643	Fungi	Basidiomycota	Agaricomycetes	Russulales	Russulaceae	Lactarius	Lactarius deterrimus		SPECIES	Lactarius deterrimus Gröger	Lactarius deterrimus		CA		Québec	PRESENT		28eb1a3f-1c15-4a95-931a-4af90ecb574d	46.097656	-73.569825	4.0						2022-09-17T13:54:23	17	9	2022	7925734	7925734	HUMAN_OBSERVATION	iNaturalist	Observations	135424643		timfoster	2022-09-17T20:16:24	CC_BY_NC_4_0	timfoster	timfoster			2025-01-14T13:30:39.755Z	StillImage	COORDINATE_ROUNDED;CONTINENT_DERIVED_FROM_COORDINATES;TAXON_MATCH_TAXON_ID_IGNORED
4606525155	50c9509d-22c7-4a22-a47d-8c48425ef4a7	https://www.inaturalist.org/observations/128844798	Fungi	Basidiomycota	Agaricomycetes	Russulales	Russulaceae	Lactarius	Lactarius deterrimus		SPECIES	Lactarius deterrimus Gröger	Lactarius deterrimus		CA		Québec	PRESENT		28eb1a3f-1c15-4a95-931a-4af90ecb574d	45.605351	-70.691504	27126.0						2022-07-31T09:48:42	31	7	2022	7925734	7925734	HUMAN_OBSERVATION	iNaturalist	Observations	128844798		Véronique G. Champagne	2023-02-01T04:08:10	CC_BY_NC_4_0	Véronique G. Champagne	Véronique G. Champagne			2025-01-14T13:18:22.847Z	StillImage	COORDINATE_ROUNDED;CONTINENT_DERIVED_FROM_COORDINATES;TAXON_MATCH_TAXON_ID_IGNORED
4606515679	50c9509d-22c7-4a22-a47d-8c48425ef4a7	https://www.inaturalist.org/observations/97086502	Fungi	Basidiomycota	Agaricomycetes	Russulales	Russulaceae	Lactarius	Lactarius deterrimus		SPECIES	Lactarius deterrimus Gröger	Lactarius deterrimus		CA		Québec	PRESENT		28eb1a3f-1c15-4a95-931a-4af90ecb574d	45.845826	-76.463082	27095.0						2021-10-01T11:58	1	10	2021	7925734	7925734	HUMAN_OBSERVATION	iNaturalist	Observations	97086502		L Joan Heyding	2021-10-03T23:26:08	CC_BY_NC_4_0	L Joan Heyding	L Joan Heyding			2025-01-14T12:22:42.599Z	StillImage	COORDINATE_ROUNDED;CONTINENT_DERIVED_FROM_COORDINATES;TAXON_MATCH_TAXON_ID_IGNORED
4599715541	50c9509d-22c7-4a22-a47d-8c48425ef4a7	https://www.inaturalist.org/observations/93982139	Fungi	Basidiomycota	Agaricomycetes	Russulales	Russulaceae	Lactarius	Lactarius deterrimus		SPECIES	Lactarius deterrimus Gröger	Lactarius deterrimus		CA		Québec	PRESENT		28eb1a3f-1c15-4a95-931a-4af90ecb574d	45.196994	-72.479444							2021-07-22T14:42	22	7	2021	7925734	7925734	HUMAN_OBSERVATION	iNaturalist	Observations	93982139		cinna_latifolia	2024-02-20T07:36:14	CC_BY_NC_4_0	Victor Grivegnée-Dumoulin	Victor Grivegnée-Dumoulin			2025-01-14T12:24:13.030Z	StillImage	COORDINATE_ROUNDED;CONTINENT_DERIVED_FROM_COORDINATES;TAXON_MATCH_TAXON_ID_IGNORED
4597149626	50c9509d-22c7-4a22-a47d-8c48425ef4a7	https://www.inaturalist.org/observations/203092165	Fungi	Basidiomycota	Agaricomycetes	Russulales	Russulaceae	Lactarius	Lactarius deterrimus		SPECIES	Lactarius deterrimus Gröger	Lactarius deterrimus		CA		Québec	PRESENT		28eb1a3f-1c15-4a95-931a-4af90ecb574d	46.878096	-69.856724	31.0						2015-08-09T12:25	9	8	2015	7925734	7925734	HUMAN_OBSERVATION	iNaturalist	Observations	203092165		Jean-Guy Chouinard	2024-03-19T12:19:55	CC_BY_NC_4_0	Jean-Guy Chouinard	Jean-Guy Chouinard			2025-01-14T12:44:21.005Z	StillImage	COORDINATE_ROUNDED;CONTINENT_DERIVED_FROM_COORDINATES;TAXON_MATCH_TAXON_ID_IGNORED
4596859130	50c9509d-22c7-4a22-a47d-8c48425ef4a7	https://www.inaturalist.org/observations/201477148	Fungi	Basidiomycota	Agaricomycetes	Russulales	Russulaceae	Lactarius	Lactarius deterrimus		SPECIES	Lactarius deterrimus Gröger	Lactarius deterrimus		CA		Québec	PRESENT		28eb1a3f-1c15-4a95-931a-4af90ecb574d	45.91978	-75.621089	74.0						2003-08-03T12:44	3	8	2003	7925734	7925734	HUMAN_OBSERVATION	iNaturalist	Observations	201477148		François L.	2024-03-06T14:46:58	CC_BY_NC_4_0	François L.	François L.			2025-01-14T13:37:56.142Z	StillImage	COORDINATE_ROUNDED;CONTINENT_DERIVED_FROM_COORDINATES;TAXON_MATCH_TAXON_ID_IGNORED
4527958213	50c9509d-22c7-4a22-a47d-8c48425ef4a7	https://www.inaturalist.org/observations/195227837	Fungi	Basidiomycota	Agaricomycetes	Russulales	Russulaceae	Lactarius	Lactarius deterrimus		SPECIES	Lactarius deterrimus Gröger	Lactarius deterrimus		CA		Québec	PRESENT		28eb1a3f-1c15-4a95-931a-4af90ecb574d	45.977147	-71.15937							2023-08-19T13:06	19	8	2023	7925734	7925734	HUMAN_OBSERVATION	iNaturalist	Observations	195227837		Antoine Fortin	2024-02-24T19:26:46	CC_BY_NC_4_0	weilival	weilival			2025-01-14T13:43:30.098Z	StillImage	COORDINATE_ROUNDED;CONTINENT_DERIVED_FROM_COORDINATES;TAXON_MATCH_TAXON_ID_IGNORED
4525189367	50c9509d-22c7-4a22-a47d-8c48425ef4a7	https://www.inaturalist.org/observations/199357744	Fungi	Basidiomycota	Agaricomycetes	Russulales	Russulaceae	Lactarius	Lactarius deterrimus		SPECIES	Lactarius deterrimus Gröger	Lactarius deterrimus		CA		Québec	PRESENT		28eb1a3f-1c15-4a95-931a-4af90ecb574d	46.850599	-71.252308	4.0						2023-08-20	20	8	2023	7925734	7925734	HUMAN_OBSERVATION	iNaturalist	Observations	199357744		Christian Grenier	2024-02-15T12:51:18	CC_BY_NC_4_0	Christian Grenier	Christian Grenier			2025-01-14T12:44:28.706Z	StillImage	COORDINATE_ROUNDED;CONTINENT_DERIVED_FROM_COORDINATES;TAXON_MATCH_TAXON_ID_IGNORED
4516180639	50c9509d-22c7-4a22-a47d-8c48425ef4a7	https://www.inaturalist.org/observations/141656793	Fungi	Basidiomycota	Agaricomycetes	Russulales	Russulaceae	Lactarius	Lactarius deterrimus		SPECIES	Lactarius deterrimus Gröger	Lactarius deterrimus		CA		New Brunswick	PRESENT		28eb1a3f-1c15-4a95-931a-4af90ecb574d	45.548978	-65.019875	18.0						2021-09-29T11:02	29	9	2021	7925734	7925734	HUMAN_OBSERVATION	iNaturalist	Observations	141656793		Alfredo Justo	2022-11-11T01:03:53	CC_BY_NC_4_0	Alfredo Justo	Alfredo Justo			2025-01-14T12:32:44.513Z	StillImage	COORDINATE_ROUNDED;CONTINENT_DERIVED_FROM_COORDINATES;TAXON_MATCH_TAXON_ID_IGNORED
4516172777	50c9509d-22c7-4a22-a47d-8c48425ef4a7	https://www.inaturalist.org/observations/141087992	Fungi	Basidiomycota	Agaricomycetes	Russulales	Russulaceae	Lactarius	Lactarius deterrimus		SPECIES	Lactarius deterrimus Gröger	Lactarius deterrimus		CA		New Brunswick	PRESENT		28eb1a3f-1c15-4a95-931a-4af90ecb574d	45.16	-66.22347							2021-10-21	21	10	2021	7925734	7925734	HUMAN_OBSERVATION	iNaturalist	Observations	141087992		Alex Hood	2022-11-04T18:26:22	CC_BY_NC_4_0	Alex Hood	Alex Hood			2025-01-14T12:34:38.003Z	StillImage	CONTINENT_DERIVED_FROM_COORDINATES;TAXON_MATCH_TAXON_ID_IGNORED
4458747370	50c9509d-22c7-4a22-a47d-8c48425ef4a7	https://www.inaturalist.org/observations/38098824	Fungi	Basidiomycota	Agaricomycetes	Russulales	Russulaceae	Lactarius	Lactarius deterrimus		SPECIES	Lactarius deterrimus Gröger	Lactarius deterrimus		CA		Québec	PRESENT		28eb1a3f-1c15-4a95-931a-4af90ecb574d	45.543454	-75.41917	8299.0						2018-09-02	2	9	2018	7925734	7925734	HUMAN_OBSERVATION	iNaturalist	Observations	38098824		Hugo Basurto	2023-12-04T08:50:25	CC_BY_NC_4_0	Christian Grenier	Christian Grenier			2025-01-14T13:10:14.476Z	StillImage	COORDINATE_ROUNDED;CONTINENT_DERIVED_FROM_COORDINATES;TAXON_MATCH_TAXON_ID_IGNORED
4430622494	50c9509d-22c7-4a22-a47d-8c48425ef4a7	https://www.inaturalist.org/observations/187665083	Fungi	Basidiomycota	Agaricomycetes	Russulales	Russulaceae	Lactarius	Lactarius deterrimus		SPECIES	Lactarius deterrimus Gröger	Lactarius deterrimus		CA		Québec	PRESENT		28eb1a3f-1c15-4a95-931a-4af90ecb574d	45.789199	-71.783047							2023-10-14T09:41:48	14	10	2023	7925734	7925734	HUMAN_OBSERVATION	iNaturalist	Observations	187665083		xavierlamontagne	2023-10-15T18:13:47	CC_BY_NC_4_0	xavierlamontagne	xavierlamontagne			2025-01-14T12:42:36.244Z	StillImage	COORDINATE_ROUNDED;CONTINENT_DERIVED_FROM_COORDINATES;TAXON_MATCH_TAXON_ID_IGNORED
4424437217	50c9509d-22c7-4a22-a47d-8c48425ef4a7	https://www.inaturalist.org/observations/186215869	Fungi	Basidiomycota	Agaricomycetes	Russulales	Russulaceae	Lactarius	Lactarius deterrimus		SPECIES	Lactarius deterrimus Gröger	Lactarius deterrimus		CA		Ontario	PRESENT		28eb1a3f-1c15-4a95-931a-4af90ecb574d	45.420705	-79.168044	27158.0						2023-09-17T10:08:54	17	9	2023	7925734	7925734	HUMAN_OBSERVATION	iNaturalist	Observations	186215869		Ingrid Montarras	2023-10-04T23:36:04	CC_BY_NC_4_0	Ingrid Montarras	Ingrid Montarras			2025-01-14T13:33:27.544Z	StillImage	COORDINATE_ROUNDED;CONTINENT_DERIVED_FROM_COORDINATES;TAXON_MATCH_TAXON_ID_IGNORED
4413822958	50c9509d-22c7-4a22-a47d-8c48425ef4a7	https://www.inaturalist.org/observations/182495371	Fungi	Basidiomycota	Agaricomycetes	Russulales	Russulaceae	Lactarius	Lactarius deterrimus		SPECIES	Lactarius deterrimus Gröger	Lactarius deterrimus		CA		Ontario	PRESENT		28eb1a3f-1c15-4a95-931a-4af90ecb574d	46.003086	-77.4441	35.0						2023-09-09T12:31:03	9	9	2023	7925734	7925734	HUMAN_OBSERVATION	iNaturalist	Observations	182495371		cinna_latifolia	2023-09-10T02:19:41	CC_BY_NC_4_0	Mike Theil	Mike Theil			2025-01-14T12:43:32.661Z	StillImage	COORDINATE_ROUNDED;CONTINENT_DERIVED_FROM_COORDINATES;TAXON_MATCH_TAXON_ID_IGNORED
4407615858	50c9509d-22c7-4a22-a47d-8c48425ef4a7	https://www.inaturalist.org/observations/181772183	Fungi	Basidiomycota	Agaricomycetes	Russulales	Russulaceae	Lactarius	Lactarius deterrimus		SPECIES	Lactarius deterrimus Gröger	Lactarius deterrimus		CA		New Brunswick	PRESENT		28eb1a3f-1c15-4a95-931a-4af90ecb574d	45.639953	-65.115831	2373.0						2023-08-31T12:37	31	8	2023	7925734	7925734	HUMAN_OBSERVATION	iNaturalist	Observations	181772183		Alfredo Justo	2023-09-04T17:44:15	CC_BY_NC_4_0	Alfredo Justo	Alfredo Justo			2025-01-14T13:32:33.383Z	StillImage	COORDINATE_ROUNDED;CONTINENT_DERIVED_FROM_COORDINATES;TAXON_MATCH_TAXON_ID_IGNORED
4407398449	50c9509d-22c7-4a22-a47d-8c48425ef4a7	https://www.inaturalist.org/observations/181962391	Fungi	Basidiomycota	Agaricomycetes	Russulales	Russulaceae	Lactarius	Lactarius deterrimus		SPECIES	Lactarius deterrimus Gröger	Lactarius deterrimus		CA		Québec	PRESENT		28eb1a3f-1c15-4a95-931a-4af90ecb574d	48.350536	-77.275145	8.0						2023-09-02T14:44	2	9	2023	7925734	7925734	HUMAN_OBSERVATION	iNaturalist	Observations	181962391		jonathan_mack	2023-09-05T20:45:22	CC_BY_NC_4_0	jonathan_mack	jonathan_mack			2025-01-14T12:43:48.363Z	StillImage	COORDINATE_ROUNDED;CONTINENT_DERIVED_FROM_COORDINATES;TAXON_MATCH_TAXON_ID_IGNORED
4407125904	50c9509d-22c7-4a22-a47d-8c48425ef4a7	https://www.inaturalist.org/observations/180849928	Fungi	Basidiomycota	Agaricomycetes	Russulales	Russulaceae	Lactarius	Lactarius deterrimus		SPECIES	Lactarius deterrimus Gröger	Lactarius deterrimus		CA		Québec	PRESENT		28eb1a3f-1c15-4a95-931a-4af90ecb574d	45.606778	-75.625878	12.0						2023-08-22T11:07:46	22	8	2023	7925734	7925734	HUMAN_OBSERVATION	iNaturalist	Observations	180849928		Grace Howard	2023-08-30T00:25:22	CC_BY_NC_4_0	Grace Howard	Grace Howard			2025-01-14T12:41:41.302Z	StillImage	COORDINATE_ROUNDED;CONTINENT_DERIVED_FROM_COORDINATES;TAXON_MATCH_TAXON_ID_IGNORED
4152813774	d8cd16ba-bb74-4420-821e-083f2bac17c2	OQ846729	Fungi	Basidiomycota	Agaricomycetes	Russulales	Russulaceae	Lactarius	Lactarius deterrimus		SPECIES	Lactarius deterrimus Gröger	Lactarius aff. deterrimus		CA	Lac-Samson, Mascouche, QC, CA		PRESENT		ada9d123-ddb4-467d-8891-806ea8d94230	45.77	-73.63							2022-09-17	17	9	2022	7925734	7925734	MATERIAL_SAMPLE							CC_BY_4_0		Samantha Bethany Beech			2025-01-18T13:05:00.674Z		GEODETIC_DATUM_ASSUMED_WGS84;CONTINENT_DERIVED_FROM_COORDINATES;TAXON_MATCH_TAXON_CONCEPT_ID_IGNORED;TAXON_MATCH_TAXON_ID_IGNORED
4009911544	50c9509d-22c7-4a22-a47d-8c48425ef4a7	https://www.inaturalist.org/observations/136466706	Fungi	Basidiomycota	Agaricomycetes	Russulales	Russulaceae	Lactarius	Lactarius deterrimus		SPECIES	Lactarius deterrimus Gröger	Lactarius deterrimus		CA		Ontario	PRESENT		28eb1a3f-1c15-4a95-931a-4af90ecb574d	45.51368	-75.339592	31.0						2022-09-24T11:39	24	9	2022	7925734	7925734	HUMAN_OBSERVATION	iNaturalist	Observations	136466706		jonathan_mack	2022-09-25T18:39:45	CC_BY_NC_4_0	jonathan_mack	jonathan_mack			2025-01-14T12:32:25.583Z	StillImage	COORDINATE_ROUNDED;CONTINENT_DERIVED_FROM_COORDINATES;TAXON_MATCH_TAXON_ID_IGNORED
4009862562	50c9509d-22c7-4a22-a47d-8c48425ef4a7	https://www.inaturalist.org/observations/136228396	Fungi	Basidiomycota	Agaricomycetes	Russulales	Russulaceae	Lactarius	Lactarius deterrimus		SPECIES	Lactarius deterrimus Gröger	Lactarius deterrimus		CA		Ontario	PRESENT		28eb1a3f-1c15-4a95-931a-4af90ecb574d	45.4556	-75.545658							2022-09-23T14:16	23	9	2022	7925734	7925734	HUMAN_OBSERVATION	iNaturalist	Observations	136228396		jonathan_mack	2022-09-24T01:51:46	CC_BY_NC_4_0	jonathan_mack	jonathan_mack			2025-01-14T13:25:36.070Z	StillImage	COORDINATE_ROUNDED;CONTINENT_DERIVED_FROM_COORDINATES;TAXON_MATCH_TAXON_ID_IGNORED
4009852391	50c9509d-22c7-4a22-a47d-8c48425ef4a7	https://www.inaturalist.org/observations/98409763	Fungi	Basidiomycota	Agaricomycetes	Russulales	Russulaceae	Lactarius	Lactarius deterrimus		SPECIES	Lactarius deterrimus Gröger	Lactarius deterrimus		CA		Ontario	PRESENT		28eb1a3f-1c15-4a95-931a-4af90ecb574d	45.24533	-75.941222	13.0						2021-10-16T13:34:30	16	10	2021	7925734	7925734	HUMAN_OBSERVATION	iNaturalist	Observations	98409763		cinna_latifolia	2021-10-16T19:51:55	CC_BY_NC_4_0	Sophie Roy	Sophie Roy			2025-01-14T12:23:32.059Z	StillImage	COORDINATE_ROUNDED;CONTINENT_DERIVED_FROM_COORDINATES;TAXON_MATCH_TAXON_ID_IGNORED
4009799548	50c9509d-22c7-4a22-a47d-8c48425ef4a7	https://www.inaturalist.org/observations/135208521	Fungi	Basidiomycota	Agaricomycetes	Russulales	Russulaceae	Lactarius	Lactarius deterrimus		SPECIES	Lactarius deterrimus Gröger	Lactarius deterrimus		CA		Ontario	PRESENT		28eb1a3f-1c15-4a95-931a-4af90ecb574d	45.591819	-78.35092	292.0						2022-09-15T12:39	15	9	2022	7925734	7925734	HUMAN_OBSERVATION	iNaturalist	Observations	135208521		Tim Thorington	2022-09-16T03:35:11	CC_BY_NC_4_0	Tim Thorington	Tim Thorington			2025-01-14T13:17:33.936Z	StillImage	COORDINATE_ROUNDED;CONTINENT_DERIVED_FROM_COORDINATES;TAXON_MATCH_TAXON_ID_IGNORED
4009725409	50c9509d-22c7-4a22-a47d-8c48425ef4a7	https://www.inaturalist.org/observations/97814353	Fungi	Basidiomycota	Agaricomycetes	Russulales	Russulaceae	Lactarius	Lactarius deterrimus		SPECIES	Lactarius deterrimus Gröger	Lactarius deterrimus		CA		Ontario	PRESENT		28eb1a3f-1c15-4a95-931a-4af90ecb574d	45.33292	-76.380007							2021-10-09T11:21	9	10	2021	7925734	7925734	HUMAN_OBSERVATION	iNaturalist	Observations	97814353		jonathan_mack	2021-10-10T20:13:27	CC_BY_NC_4_0	jonathan_mack	jonathan_mack			2025-01-14T13:24:15.875Z	StillImage	COORDINATE_ROUNDED;CONTINENT_DERIVED_FROM_COORDINATES;TAXON_MATCH_TAXON_ID_IGNORED
4009716004	50c9509d-22c7-4a22-a47d-8c48425ef4a7	https://www.inaturalist.org/observations/144990405	Fungi	Basidiomycota	Agaricomycetes	Russulales	Russulaceae	Lactarius	Lactarius deterrimus		SPECIES	Lactarius deterrimus Gröger	Lactarius deterrimus		CA		Québec	PRESENT		28eb1a3f-1c15-4a95-931a-4af90ecb574d	46.85494	-71.242913	1.0						2022-08-28	28	8	2022	7925734	7925734	HUMAN_OBSERVATION	iNaturalist	Observations	144990405		Christian Grenier	2022-12-24T15:55:08	CC_BY_NC_4_0	Christian Grenier	Christian Grenier			2025-01-14T12:33:46.694Z	StillImage	COORDINATE_ROUNDED;CONTINENT_DERIVED_FROM_COORDINATES;TAXON_MATCH_TAXON_ID_IGNORED
4009712576	50c9509d-22c7-4a22-a47d-8c48425ef4a7	https://www.inaturalist.org/observations/137803994	Fungi	Basidiomycota	Agaricomycetes	Russulales	Russulaceae	Lactarius	Lactarius deterrimus		SPECIES	Lactarius deterrimus Gröger	Lactarius deterrimus		CA		Ontario	PRESENT		28eb1a3f-1c15-4a95-931a-4af90ecb574d	45.837159	-78.379124	45593.0						2022-09-20T09:27	20	9	2022	7925734	7925734	HUMAN_OBSERVATION	iNaturalist	Observations	137803994		mycowalt	2022-10-06T22:41:35	CC_BY_NC_4_0	mycowalt	mycowalt			2025-01-14T13:26:05.803Z	StillImage	COORDINATE_ROUNDED;CONTINENT_DERIVED_FROM_COORDINATES;TAXON_MATCH_TAXON_ID_IGNORED
4009711410	50c9509d-22c7-4a22-a47d-8c48425ef4a7	https://www.inaturalist.org/observations/98005245	Fungi	Basidiomycota	Agaricomycetes	Russulales	Russulaceae	Lactarius	Lactarius deterrimus		SPECIES	Lactarius deterrimus Gröger	Lactarius deterrimus		CA		Ontario	PRESENT		28eb1a3f-1c15-4a95-931a-4af90ecb574d	45.093491	-74.527581	54.0						2021-09-24T11:47:51	24	9	2021	7925734	7925734	HUMAN_OBSERVATION	iNaturalist	Observations	98005245		turnip2009	2021-10-12T14:27:31	CC_BY_NC_4_0	turnip2009	turnip2009			2025-01-14T12:22:32.209Z	StillImage	COORDINATE_ROUNDED;CONTINENT_DERIVED_FROM_COORDINATES;TAXON_MATCH_TAXON_ID_IGNORED
4009702564	50c9509d-22c7-4a22-a47d-8c48425ef4a7	https://www.inaturalist.org/observations/135416749	Fungi	Basidiomycota	Agaricomycetes	Russulales	Russulaceae	Lactarius	Lactarius deterrimus		SPECIES	Lactarius deterrimus Gröger	Lactarius deterrimus		CA		Ontario	PRESENT		28eb1a3f-1c15-4a95-931a-4af90ecb574d	45.260887	-76.913758	31.0						2022-09-17T15:18:19	17	9	2022	7925734	7925734	HUMAN_OBSERVATION	iNaturalist	Observations	135416749		debski	2022-09-17T19:20:53	CC_BY_NC_4_0	debski	debski			2025-01-14T12:32:45.093Z	StillImage	COORDINATE_ROUNDED;CONTINENT_DERIVED_FROM_COORDINATES;TAXON_MATCH_TAXON_ID_IGNORED
4009695410	50c9509d-22c7-4a22-a47d-8c48425ef4a7	https://www.inaturalist.org/observations/98910649	Fungi	Basidiomycota	Agaricomycetes	Russulales	Russulaceae	Lactarius	Lactarius deterrimus		SPECIES	Lactarius deterrimus Gröger	Lactarius deterrimus		CA		Ontario	PRESENT		28eb1a3f-1c15-4a95-931a-4af90ecb574d	45.700822	-77.082569	4.0						2021-10-21T15:47:54	21	10	2021	7925734	7925734	HUMAN_OBSERVATION	iNaturalist	Observations	98910649		mick3449	2021-10-21T19:58:22	CC_BY_NC_4_0	mick3449	mick3449			2025-01-14T13:16:22.386Z	StillImage	COORDINATE_ROUNDED;CONTINENT_DERIVED_FROM_COORDINATES;TAXON_MATCH_TAXON_ID_IGNORED
4009668999	50c9509d-22c7-4a22-a47d-8c48425ef4a7	https://www.inaturalist.org/observations/144990315	Fungi	Basidiomycota	Agaricomycetes	Russulales	Russulaceae	Lactarius	Lactarius deterrimus		SPECIES	Lactarius deterrimus Gröger	Lactarius deterrimus		CA		Québec	PRESENT		28eb1a3f-1c15-4a95-931a-4af90ecb574d	46.854937	-71.242905	1.0						2022-08-28	28	8	2022	7925734	7925734	HUMAN_OBSERVATION	iNaturalist	Observations	144990315		Christian Grenier	2022-12-24T15:53:44	CC_BY_NC_4_0	Christian Grenier	Christian Grenier			2025-01-14T13:26:36.328Z	StillImage	COORDINATE_ROUNDED;CONTINENT_DERIVED_FROM_COORDINATES;TAXON_MATCH_TAXON_ID_IGNORED
3966547838	50c9509d-22c7-4a22-a47d-8c48425ef4a7	https://www.inaturalist.org/observations/141631720	Fungi	Basidiomycota	Agaricomycetes	Russulales	Russulaceae	Lactarius	Lactarius deterrimus		SPECIES	Lactarius deterrimus Gröger	Lactarius deterrimus		CA		New Brunswick	PRESENT		28eb1a3f-1c15-4a95-931a-4af90ecb574d	45.168669	-66.460961	48.0						2021-09-11T14:53	11	9	2021	7925734	7925734	HUMAN_OBSERVATION	iNaturalist	Observations	141631720		Alfredo Justo	2022-11-10T19:05:52	CC_BY_NC_4_0	Alfredo Justo	Alfredo Justo			2025-01-14T12:32:15.909Z	StillImage	COORDINATE_ROUNDED;CONTINENT_DERIVED_FROM_COORDINATES;TAXON_MATCH_TAXON_ID_IGNORED
3966522542	50c9509d-22c7-4a22-a47d-8c48425ef4a7	https://www.inaturalist.org/observations/135412123	Fungi	Basidiomycota	Agaricomycetes	Russulales	Russulaceae	Lactarius	Lactarius deterrimus		SPECIES	Lactarius deterrimus Gröger	Lactarius deterrimus		CA		Québec	PRESENT		28eb1a3f-1c15-4a95-931a-4af90ecb574d	45.766505	-73.63468	12.0						2022-09-17T14:02:58	17	9	2022	7925734	7925734	HUMAN_OBSERVATION	iNaturalist	Observations	135412123		Bethany Beech	2022-09-17T18:46:03	CC_BY_NC_4_0	Bethany Beech	Bethany Beech			2025-01-14T13:25:32.437Z	StillImage	CONTINENT_DERIVED_FROM_COORDINATES;TAXON_MATCH_TAXON_ID_IGNORED
3923434668	50c9509d-22c7-4a22-a47d-8c48425ef4a7	https://www.inaturalist.org/observations/135255639	Fungi	Basidiomycota	Agaricomycetes	Russulales	Russulaceae	Lactarius	Lactarius deterrimus		SPECIES	Lactarius deterrimus Gröger	Lactarius deterrimus		CA		Ontario	PRESENT		28eb1a3f-1c15-4a95-931a-4af90ecb574d	45.326395	-75.738	9.0						2022-09-16T09:52:43	16	9	2022	7925734	7925734	HUMAN_OBSERVATION	iNaturalist	Observations	135255639		Lee Cumming	2022-09-18T03:48:35	CC_BY_NC_4_0	swiftfox	swiftfox			2025-01-14T12:32:02.535Z	StillImage	CONTINENT_DERIVED_FROM_COORDINATES;TAXON_MATCH_TAXON_ID_IGNORED
3912135223	50c9509d-22c7-4a22-a47d-8c48425ef4a7	https://www.inaturalist.org/observations/135016583	Fungi	Basidiomycota	Agaricomycetes	Russulales	Russulaceae	Lactarius	Lactarius deterrimus		SPECIES	Lactarius deterrimus Gröger	Lactarius deterrimus		CA		Ontario	PRESENT		28eb1a3f-1c15-4a95-931a-4af90ecb574d	45.351527	-75.58703							2022-09-14T12:18	14	9	2022	7925734	7925734	HUMAN_OBSERVATION	iNaturalist	Observations	135016583		Igor Khomenko	2022-09-14T19:28:31	CC_BY_NC_4_0	Igor Khomenko	Igor Khomenko			2025-01-14T12:32:12.346Z	StillImage	COORDINATE_ROUNDED;CONTINENT_DERIVED_FROM_COORDINATES;TAXON_MATCH_TAXON_ID_IGNORED
3903422268	50c9509d-22c7-4a22-a47d-8c48425ef4a7	https://www.inaturalist.org/observations/133990750	Fungi	Basidiomycota	Agaricomycetes	Russulales	Russulaceae	Lactarius	Lactarius deterrimus		SPECIES	Lactarius deterrimus Gröger	Lactarius deterrimus		CA		Ontario	PRESENT		28eb1a3f-1c15-4a95-931a-4af90ecb574d	45.453944	-75.548669	25.0						2022-09-05T13:28	5	9	2022	7925734	7925734	HUMAN_OBSERVATION	iNaturalist	Observations	133990750		jonathan_mack	2022-09-07T01:51:48	CC_BY_NC_4_0	jonathan_mack	jonathan_mack			2025-01-14T13:19:39.026Z	StillImage	COORDINATE_ROUNDED;CONTINENT_DERIVED_FROM_COORDINATES;TAXON_MATCH_TAXON_ID_IGNORED
3903413936	50c9509d-22c7-4a22-a47d-8c48425ef4a7	https://www.inaturalist.org/observations/133657206	Fungi	Basidiomycota	Agaricomycetes	Russulales	Russulaceae	Lactarius	Lactarius deterrimus		SPECIES	Lactarius deterrimus Gröger	Lactarius deterrimus		CA		New Brunswick	PRESENT		28eb1a3f-1c15-4a95-931a-4af90ecb574d	47.731231	-65.885676	332.0						2022-09-04T13:32	4	9	2022	7925734	7925734	HUMAN_OBSERVATION	iNaturalist	Observations	133657206		Alfredo Justo	2022-09-04T19:27:23	CC_BY_NC_4_0	roachiecanada	roachiecanada			2025-01-14T12:31:37.119Z	StillImage	COORDINATE_ROUNDED;CONTINENT_DERIVED_FROM_COORDINATES;TAXON_MATCH_TAXON_ID_IGNORED
3902915629	50c9509d-22c7-4a22-a47d-8c48425ef4a7	https://www.inaturalist.org/observations/132214443	Fungi	Basidiomycota	Agaricomycetes	Russulales	Russulaceae	Lactarius	Lactarius deterrimus		SPECIES	Lactarius deterrimus Gröger	Lactarius deterrimus		CA		Prince Edward Island	PRESENT		28eb1a3f-1c15-4a95-931a-4af90ecb574d	46.597293	-64.121505	50.0						2022-08-24T16:02	24	8	2022	7925734	7925734	HUMAN_OBSERVATION	iNaturalist	Observations	132214443		Denis Gallant	2022-08-25T00:36:32	CC_BY_NC_4_0	Denis Gallant	Denis Gallant			2025-01-14T12:32:53.685Z	StillImage	COORDINATE_ROUNDED;CONTINENT_DERIVED_FROM_COORDINATES;TAXON_MATCH_TAXON_ID_IGNORED
3902909532	50c9509d-22c7-4a22-a47d-8c48425ef4a7	https://www.inaturalist.org/observations/133710690	Fungi	Basidiomycota	Agaricomycetes	Russulales	Russulaceae	Lactarius	Lactarius deterrimus		SPECIES	Lactarius deterrimus Gröger	Lactarius deterrimus		CA		Ontario	PRESENT		28eb1a3f-1c15-4a95-931a-4af90ecb574d	45.352378	-75.142105	5.0						2022-09-03T11:27:26	3	9	2022	7925734	7925734	HUMAN_OBSERVATION	iNaturalist	Observations	133710690		Lynn Ovenden	2022-09-05T01:54:44	CC_BY_NC_4_0	Lynn Ovenden	Lynn Ovenden			2025-01-14T12:31:37.304Z	StillImage	COORDINATE_ROUNDED;CONTINENT_DERIVED_FROM_COORDINATES;TAXON_MATCH_TAXON_ID_IGNORED
3902178700	50c9509d-22c7-4a22-a47d-8c48425ef4a7	https://www.inaturalist.org/observations/103581255	Fungi	Basidiomycota	Agaricomycetes	Russulales	Russulaceae	Lactarius	Lactarius deterrimus		SPECIES	Lactarius deterrimus Gröger	Lactarius deterrimus		CA		Québec	PRESENT		28eb1a3f-1c15-4a95-931a-4af90ecb574d	45.771334	-72.006854	31.0						2010-10-05T09:20	5	10	2010	7925734	7925734	HUMAN_OBSERVATION	iNaturalist	Observations	103581255		cinna_latifolia	2022-09-01T04:43:10	CC_BY_NC_4_0	Alain Maire	Alain Maire			2025-01-14T12:24:08.442Z	StillImage	COORDINATE_ROUNDED;CONTINENT_DERIVED_FROM_COORDINATES;TAXON_MATCH_TAXON_ID_IGNORED
3881688359	50c9509d-22c7-4a22-a47d-8c48425ef4a7	https://www.inaturalist.org/observations/90656136	Fungi	Basidiomycota	Agaricomycetes	Russulales	Russulaceae	Lactarius	Lactarius deterrimus		SPECIES	Lactarius deterrimus Gröger	Lactarius deterrimus		CA		Ontario	PRESENT		28eb1a3f-1c15-4a95-931a-4af90ecb574d	45.16894	-76.160725	27222.0						2021-08-09T12:21	9	8	2021	7925734	7925734	HUMAN_OBSERVATION	iNaturalist	Observations	90656136		Carl-Adam Wegenschimmel	2021-11-05T15:15:53	CC_BY_NC_4_0	William Van Hemessen	William Van Hemessen			2025-01-14T12:20:24.090Z	StillImage	COORDINATE_ROUNDED;CONTINENT_DERIVED_FROM_COORDINATES;TAXON_MATCH_TAXON_ID_IGNORED
3881340377	50c9509d-22c7-4a22-a47d-8c48425ef4a7	https://www.inaturalist.org/observations/97778341	Fungi	Basidiomycota	Agaricomycetes	Russulales	Russulaceae	Lactarius	Lactarius deterrimus		SPECIES	Lactarius deterrimus Gröger	Lactarius deterrimus		CA		Québec	PRESENT		28eb1a3f-1c15-4a95-931a-4af90ecb574d	45.790025	-73.279778	8.0						2021-10-10T11:31:28	10	10	2021	7925734	7925734	HUMAN_OBSERVATION	iNaturalist	Observations	97778341		Katia Burelle	2022-07-27T13:45:21	CC_BY_NC_4_0	Denis Tétreault	Denis Tétreault			2025-01-14T13:11:45.893Z	StillImage	COORDINATE_ROUNDED;CONTINENT_DERIVED_FROM_COORDINATES;TAXON_MATCH_TAXON_ID_IGNORED
3743293397	50c9509d-22c7-4a22-a47d-8c48425ef4a7	https://www.inaturalist.org/observations/94858424	Fungi	Basidiomycota	Agaricomycetes	Russulales	Russulaceae	Lactarius	Lactarius deterrimus		SPECIES	Lactarius deterrimus Gröger	Lactarius deterrimus		CA		Ontario	PRESENT		28eb1a3f-1c15-4a95-931a-4af90ecb574d	45.205387	-75.224177	4.0						2020-09-09T11:05	9	9	2020	7925734	7925734	HUMAN_OBSERVATION	iNaturalist	Observations	94858424		jimburger	2021-09-14T19:35:19	CC_BY_NC_4_0	jimburger	jimburger			2025-01-14T12:21:36.531Z	StillImage	COORDINATE_ROUNDED;CONTINENT_DERIVED_FROM_COORDINATES;TAXON_MATCH_TAXON_ID_IGNORED
3743188412	50c9509d-22c7-4a22-a47d-8c48425ef4a7	https://www.inaturalist.org/observations/96205999	Fungi	Basidiomycota	Agaricomycetes	Russulales	Russulaceae	Lactarius	Lactarius deterrimus		SPECIES	Lactarius deterrimus Gröger	Lactarius deterrimus		CA		New Brunswick	PRESENT		28eb1a3f-1c15-4a95-931a-4af90ecb574d	47.621164	-65.674558							2021-09-24T11:30:07	24	9	2021	7925734	7925734	HUMAN_OBSERVATION	iNaturalist	Observations	96205999		Raymonde G Chartier	2021-09-26T19:58:27	CC_BY_NC_4_0	axelle-armande	axelle-armande			2025-01-14T12:23:01.503Z	StillImage	CONTINENT_DERIVED_FROM_COORDINATES;TAXON_MATCH_TAXON_ID_IGNORED
3705774322	50c9509d-22c7-4a22-a47d-8c48425ef4a7	https://www.inaturalist.org/observations/34580432	Fungi	Basidiomycota	Agaricomycetes	Russulales	Russulaceae	Lactarius	Lactarius deterrimus		SPECIES	Lactarius deterrimus Gröger	Lactarius deterrimus		CA		New Brunswick	PRESENT		28eb1a3f-1c15-4a95-931a-4af90ecb574d	46.215263	-64.288713	488.0						2013-08-04T15:23	4	8	2013	7925734	7925734	HUMAN_OBSERVATION	iNaturalist	Observations	34580432		Raymonde G Chartier	2019-10-19T13:58:33	CC_BY_NC_4_0	Raymonde G Chartier	Raymonde G Chartier			2025-01-14T12:09:45.447Z	StillImage	COORDINATE_ROUNDED;CONTINENT_DERIVED_FROM_COORDINATES;TAXON_MATCH_TAXON_ID_IGNORED
3705718356	50c9509d-22c7-4a22-a47d-8c48425ef4a7	https://www.inaturalist.org/observations/60475925	Fungi	Basidiomycota	Agaricomycetes	Russulales	Russulaceae	Lactarius	Lactarius deterrimus		SPECIES	Lactarius deterrimus Gröger	Lactarius deterrimus		CA		Québec	PRESENT		28eb1a3f-1c15-4a95-931a-4af90ecb574d	45.429722	-73.948611	5.0						2020-09-20T14:37:35	20	9	2020	7925734	7925734	HUMAN_OBSERVATION	iNaturalist	Observations	60475925		Don-Jean Leandri-Breton	2020-09-23T00:33:15	CC_BY_NC_4_0	Don-Jean Leandri-Breton	Don-Jean Leandri-Breton			2025-01-14T12:14:59.259Z		COORDINATE_ROUNDED;CONTINENT_DERIVED_FROM_COORDINATES;TAXON_MATCH_TAXON_ID_IGNORED
3705554355	50c9509d-22c7-4a22-a47d-8c48425ef4a7	https://www.inaturalist.org/observations/61467891	Fungi	Basidiomycota	Agaricomycetes	Russulales	Russulaceae	Lactarius	Lactarius deterrimus		SPECIES	Lactarius deterrimus Gröger	Lactarius deterrimus		CA		Ontario	PRESENT		28eb1a3f-1c15-4a95-931a-4af90ecb574d	45.308883	-78.245903	13.0						2020-09-12T12:54:06	12	9	2020	7925734	7925734	HUMAN_OBSERVATION	iNaturalist	Observations	61467891		wilbee	2020-10-02T11:18:46	CC_BY_NC_4_0	wilbee	wilbee			2025-01-14T12:14:59.247Z	StillImage	COORDINATE_ROUNDED;CONTINENT_DERIVED_FROM_COORDINATES;TAXON_MATCH_TAXON_ID_IGNORED
3705444359	50c9509d-22c7-4a22-a47d-8c48425ef4a7	https://www.inaturalist.org/observations/59399075	Fungi	Basidiomycota	Agaricomycetes	Russulales	Russulaceae	Lactarius	Lactarius deterrimus		SPECIES	Lactarius deterrimus Gröger	Lactarius deterrimus		CA		Ontario	PRESENT		28eb1a3f-1c15-4a95-931a-4af90ecb574d	45.454831	-75.547157	38.0						2020-09-12T14:01	12	9	2020	7925734	7925734	HUMAN_OBSERVATION	iNaturalist	Observations	59399075		jonathan_mack	2020-09-13T01:44:04	CC_BY_NC_4_0	jonathan_mack	jonathan_mack			2025-01-14T13:04:17.909Z	StillImage	COORDINATE_ROUNDED;CONTINENT_DERIVED_FROM_COORDINATES;TAXON_MATCH_TAXON_ID_IGNORED
3705395359	50c9509d-22c7-4a22-a47d-8c48425ef4a7	https://www.inaturalist.org/observations/70770001	Fungi	Basidiomycota	Agaricomycetes	Russulales	Russulaceae	Lactarius	Lactarius deterrimus		SPECIES	Lactarius deterrimus Gröger	Lactarius deterrimus		CA		Ontario	PRESENT		28eb1a3f-1c15-4a95-931a-4af90ecb574d	45.833332	-78.483494	61355.0						2016-09-18T11:32	18	9	2016	7925734	7925734	HUMAN_OBSERVATION	iNaturalist	Observations	70770001		Garrett Taylor	2021-03-07T21:43:14	CC0_1_0	Garrett Taylor	Garrett Taylor			2025-01-14T13:11:25.851Z	StillImage	COORDINATE_ROUNDED;CONTINENT_DERIVED_FROM_COORDINATES;TAXON_MATCH_TAXON_ID_IGNORED
3698324378	50c9509d-22c7-4a22-a47d-8c48425ef4a7	https://www.inaturalist.org/observations/96848382	Fungi	Basidiomycota	Agaricomycetes	Russulales	Russulaceae	Lactarius	Lactarius deterrimus		SPECIES	Lactarius deterrimus Gröger	Lactarius deterrimus		CA		Ontario	PRESENT		28eb1a3f-1c15-4a95-931a-4af90ecb574d	45.466937	-75.509867							2021-09-30T14:21	30	9	2021	7925734	7925734	HUMAN_OBSERVATION	iNaturalist	Observations	96848382		jonathan_mack	2021-10-02T01:44:29	CC_BY_NC_4_0	jonathan_mack	jonathan_mack			2025-01-14T13:24:49.637Z	StillImage	COORDINATE_ROUNDED;CONTINENT_DERIVED_FROM_COORDINATES;TAXON_MATCH_TAXON_ID_IGNORED
3698321369	50c9509d-22c7-4a22-a47d-8c48425ef4a7	https://www.inaturalist.org/observations/94878285	Fungi	Basidiomycota	Agaricomycetes	Russulales	Russulaceae	Lactarius	Lactarius deterrimus		SPECIES	Lactarius deterrimus Gröger	Lactarius deterrimus		CA		Ontario	PRESENT		28eb1a3f-1c15-4a95-931a-4af90ecb574d	45.118397	-75.869514							2021-09-14T18:38:09	14	9	2021	7925734	7925734	HUMAN_OBSERVATION	iNaturalist	Observations	94878285		Alexis Williams	2021-09-14T23:13:43	CC_BY_4_0	Alexis Williams	Alexis Williams			2025-01-14T12:23:49.775Z	StillImage	COORDINATE_ROUNDED;CONTINENT_DERIVED_FROM_COORDINATES;TAXON_MATCH_TAXON_ID_IGNORED
3456933527	50c9509d-22c7-4a22-a47d-8c48425ef4a7	https://www.inaturalist.org/observations/102437167	Fungi	Basidiomycota	Agaricomycetes	Russulales	Russulaceae	Lactarius	Lactarius deterrimus		SPECIES	Lactarius deterrimus Gröger	Lactarius deterrimus		CA		New Brunswick	PRESENT		28eb1a3f-1c15-4a95-931a-4af90ecb574d	46.338351	-64.658862	122.0						2021-09-24T16:26	24	9	2021	7925734	7925734	HUMAN_OBSERVATION	iNaturalist	Observations	102437167		Stuart Tingley	2021-12-04T00:18:20	CC_BY_NC_4_0	Stuart Tingley	Stuart Tingley			2025-01-14T12:26:11.869Z	StillImage	COORDINATE_ROUNDED;CONTINENT_DERIVED_FROM_COORDINATES;TAXON_MATCH_TAXON_ID_IGNORED
3415541588	50c9509d-22c7-4a22-a47d-8c48425ef4a7	https://www.inaturalist.org/observations/101436940	Fungi	Basidiomycota	Agaricomycetes	Russulales	Russulaceae	Lactarius	Lactarius deterrimus		SPECIES	Lactarius deterrimus Gröger	Lactarius deterrimus		CA		New Brunswick	PRESENT		28eb1a3f-1c15-4a95-931a-4af90ecb574d	46.549144	-64.713115	1492.0						2021-11-01T14:47	1	11	2021	7925734	7925734	HUMAN_OBSERVATION	iNaturalist	Observations	101436940		Stuart Tingley	2021-11-19T01:16:43	CC_BY_NC_4_0	Stuart Tingley	Stuart Tingley			2025-01-14T12:23:34.951Z	StillImage	CONTINENT_DERIVED_FROM_COORDINATES;TAXON_MATCH_TAXON_ID_IGNORED
3408237901	50c9509d-22c7-4a22-a47d-8c48425ef4a7	https://www.inaturalist.org/observations/99920942	Fungi	Basidiomycota	Agaricomycetes	Russulales	Russulaceae	Lactarius	Lactarius deterrimus		SPECIES	Lactarius deterrimus Gröger	Lactarius deterrimus		CA		Québec	PRESENT		28eb1a3f-1c15-4a95-931a-4af90ecb574d	45.040736	-72.821555	5.0						2021-10-30T11:06:28	30	10	2021	7925734	7925734	HUMAN_OBSERVATION	iNaturalist	Observations	99920942		l_bienvenue	2021-10-31T22:10:08	CC_BY_NC_4_0	l_bienvenue	l_bienvenue			2025-01-14T12:23:15.642Z	StillImage	COORDINATE_ROUNDED;CONTINENT_DERIVED_FROM_COORDINATES;TAXON_MATCH_TAXON_ID_IGNORED
3391527791	50c9509d-22c7-4a22-a47d-8c48425ef4a7	https://www.inaturalist.org/observations/97683865	Fungi	Basidiomycota	Agaricomycetes	Russulales	Russulaceae	Lactarius	Lactarius deterrimus		SPECIES	Lactarius deterrimus Gröger	Lactarius deterrimus		CA		Ontario	PRESENT		28eb1a3f-1c15-4a95-931a-4af90ecb574d	45.332938	-76.38002	4.0						2021-10-09T11:22:45	9	10	2021	7925734	7925734	HUMAN_OBSERVATION	iNaturalist	Observations	97683865		jonathan_mack	2021-10-10T00:17:17	CC_BY_NC_4_0	Derek Dunnett	Derek Dunnett			2025-01-14T12:23:15.158Z	StillImage	COORDINATE_ROUNDED;CONTINENT_DERIVED_FROM_COORDINATES;TAXON_MATCH_TAXON_ID_IGNORED
3385036158	50c9509d-22c7-4a22-a47d-8c48425ef4a7	https://www.inaturalist.org/observations/97043049	Fungi	Basidiomycota	Agaricomycetes	Russulales	Russulaceae	Lactarius	Lactarius deterrimus		SPECIES	Lactarius deterrimus Gröger	Lactarius deterrimus		CA		Québec	PRESENT		28eb1a3f-1c15-4a95-931a-4af90ecb574d	45.755428	-75.851696	2634.0						2021-10-03T10:51:13	3	10	2021	7925734	7925734	HUMAN_OBSERVATION	iNaturalist	Observations	97043049		allseeds	2021-10-03T17:54:12	CC_BY_NC_4_0	allseeds	allseeds			2025-01-14T13:12:05.066Z	StillImage	COORDINATE_ROUNDED;CONTINENT_DERIVED_FROM_COORDINATES;TAXON_MATCH_TAXON_ID_IGNORED
3384919128	50c9509d-22c7-4a22-a47d-8c48425ef4a7	https://www.inaturalist.org/observations/96908986	Fungi	Basidiomycota	Agaricomycetes	Russulales	Russulaceae	Lactarius	Lactarius deterrimus		SPECIES	Lactarius deterrimus Gröger	Lactarius deterrimus		CA		Québec	PRESENT		28eb1a3f-1c15-4a95-931a-4af90ecb574d	45.339332	-74.185138	146899.0						2021-10-02T12:49:55	2	10	2021	7925734	7925734	HUMAN_OBSERVATION	iNaturalist	Observations	96908986		Hugo Morin-Brassard	2021-10-02T18:01:38	CC_BY_NC_4_0	vanessareg	vanessareg			2025-01-14T13:15:02.327Z	StillImage	COORDINATE_ROUNDED;CONTINENT_DERIVED_FROM_COORDINATES;TAXON_MATCH_TAXON_ID_IGNORED
3384722263	50c9509d-22c7-4a22-a47d-8c48425ef4a7	https://www.inaturalist.org/observations/96135124	Fungi	Basidiomycota	Agaricomycetes	Russulales	Russulaceae	Lactarius	Lactarius deterrimus		SPECIES	Lactarius deterrimus Gröger	Lactarius deterrimus		CA		Ontario	PRESENT		28eb1a3f-1c15-4a95-931a-4af90ecb574d	45.353275	-75.590302							2021-09-25T10:45	25	9	2021	7925734	7925734	HUMAN_OBSERVATION	iNaturalist	Observations	96135124		jonathan_mack	2021-09-25T20:31:02	CC_BY_NC_4_0	Igor Khomenko	Igor Khomenko			2025-01-14T12:21:13.363Z	StillImage	COORDINATE_ROUNDED;CONTINENT_DERIVED_FROM_COORDINATES;TAXON_MATCH_TAXON_ID_IGNORED
3384530384	50c9509d-22c7-4a22-a47d-8c48425ef4a7	https://www.inaturalist.org/observations/97285383	Fungi	Basidiomycota	Agaricomycetes	Russulales	Russulaceae	Lactarius	Lactarius deterrimus		SPECIES	Lactarius deterrimus Gröger	Lactarius deterrimus		CA		Ontario	PRESENT		28eb1a3f-1c15-4a95-931a-4af90ecb574d	45.199062	-75.980247	16.0						2021-10-05T16:22:18	5	10	2021	7925734	7925734	HUMAN_OBSERVATION	iNaturalist	Observations	97285383		Keith Seifert	2021-10-05T21:20:51	CC0_1_0	Keith Seifert	Keith Seifert			2025-01-14T13:14:39.438Z	StillImage	COORDINATE_ROUNDED;CONTINENT_DERIVED_FROM_COORDINATES;TAXON_MATCH_TAXON_ID_IGNORED
3384464978	50c9509d-22c7-4a22-a47d-8c48425ef4a7	https://www.inaturalist.org/observations/96854604	Fungi	Basidiomycota	Agaricomycetes	Russulales	Russulaceae	Lactarius	Lactarius deterrimus		SPECIES	Lactarius deterrimus Gröger	Lactarius deterrimus		CA		Québec	PRESENT		28eb1a3f-1c15-4a95-931a-4af90ecb574d	47.362903	-70.603797	24.0						2021-10-01T11:16:11	1	10	2021	7925734	7925734	HUMAN_OBSERVATION	iNaturalist	Observations	96854604		Katia Burelle	2024-05-28T23:34:57	CC_BY_4_0	Marilyne Busque-Dubois	Marilyne Busque-Dubois			2025-01-14T12:23:04.294Z	StillImage	COORDINATE_ROUNDED;CONTINENT_DERIVED_FROM_COORDINATES;TAXON_MATCH_TAXON_ID_IGNORED
3351667467	d8cd16ba-bb74-4420-821e-083f2bac17c2	MN992436	Fungi	Basidiomycota	Agaricomycetes	Russulales	Russulaceae	Lactarius	Lactarius deterrimus		SPECIES	Lactarius deterrimus Gröger	Lactarius aff. deterrimus		CA	Quebec, Anticosti		PRESENT		ada9d123-ddb4-467d-8891-806ea8d94230	49.85	-64.43							2015-09-08	8	9	2015	7925734	7925734	PRESERVED_SPECIMEN			ANT114-QFB28737		Renee Lebeuf		CC_BY_4_0					2025-01-18T13:04:48.274Z		GEODETIC_DATUM_ASSUMED_WGS84;CONTINENT_DERIVED_FROM_COORDINATES;TAXON_MATCH_TAXON_CONCEPT_ID_IGNORED;TAXON_MATCH_TAXON_ID_IGNORED
3351661179	d8cd16ba-bb74-4420-821e-083f2bac17c2	MN992437	Fungi	Basidiomycota	Agaricomycetes	Russulales	Russulaceae	Lactarius	Lactarius deterrimus		SPECIES	Lactarius deterrimus Gröger	Lactarius aff. deterrimus		CA	Quebec, Anticosti		PRESENT		ada9d123-ddb4-467d-8891-806ea8d94230	49.88	-64.18							2015-09-07	7	9	2015	7925734	7925734	PRESERVED_SPECIMEN			ANT046-QFB28633		Pauline Dube		CC_BY_4_0		Bouchard, H.			2025-01-18T13:06:00.167Z		GEODETIC_DATUM_ASSUMED_WGS84;CONTINENT_DERIVED_FROM_COORDINATES;TAXON_MATCH_TAXON_CONCEPT_ID_IGNORED;TAXON_MATCH_TAXON_ID_IGNORED
3079731534	50c9509d-22c7-4a22-a47d-8c48425ef4a7	https://www.inaturalist.org/observations/19339189	Fungi	Basidiomycota	Agaricomycetes	Russulales	Russulaceae	Lactarius	Lactarius deterrimus		SPECIES	Lactarius deterrimus Gröger	Lactarius deterrimus		CA		Ontario	PRESENT		28eb1a3f-1c15-4a95-931a-4af90ecb574d	45.383911	-75.217422	6619.0						2018-10-03T13:43	3	10	2018	7925734	7925734	HUMAN_OBSERVATION	iNaturalist	Observations	19339189		Igor Khomenko	2018-12-31T20:33:45	CC_BY_NC_4_0	Igor Khomenko	Igor Khomenko			2025-01-14T13:00:57.672Z	StillImage	COORDINATE_ROUNDED;CONTINENT_DERIVED_FROM_COORDINATES;TAXON_MATCH_TAXON_ID_IGNORED
3079669494	50c9509d-22c7-4a22-a47d-8c48425ef4a7	https://www.inaturalist.org/observations/17479310	Fungi	Basidiomycota	Agaricomycetes	Russulales	Russulaceae	Lactarius	Lactarius deterrimus		SPECIES	Lactarius deterrimus Gröger	Lactarius deterrimus		CA		Ontario	PRESENT		28eb1a3f-1c15-4a95-931a-4af90ecb574d	45.375928	-75.246369	66.0						2018-10-12T13:15	12	10	2018	7925734	7925734	HUMAN_OBSERVATION	iNaturalist	Observations	17479310		jonathan_mack	2019-09-13T00:16:38	CC_BY_NC_4_0	Igor Khomenko	Igor Khomenko			2025-01-14T13:01:35.372Z	StillImage	COORDINATE_ROUNDED;CONTINENT_DERIVED_FROM_COORDINATES;TAXON_MATCH_TAXON_ID_IGNORED
3070601471	50c9509d-22c7-4a22-a47d-8c48425ef4a7	https://www.inaturalist.org/observations/10219363	Fungi	Basidiomycota	Agaricomycetes	Russulales	Russulaceae	Lactarius	Lactarius deterrimus		SPECIES	Lactarius deterrimus Gröger	Lactarius deterrimus		CA		Ontario	PRESENT		28eb1a3f-1c15-4a95-931a-4af90ecb574d	45.372294	-75.236328	314.0						2016-09-19T14:46	19	9	2016	7925734	7925734	HUMAN_OBSERVATION	iNaturalist	Observations	10219363		cinna_latifolia	2019-08-16T01:27:19	CC_BY_4_0	christine123	christine123			2025-01-14T12:57:45.982Z	StillImage	COORDINATE_ROUNDED;CONTINENT_DERIVED_FROM_COORDINATES;TAXON_MATCH_TAXON_ID_IGNORED
2864679641	50c9509d-22c7-4a22-a47d-8c48425ef4a7	https://www.inaturalist.org/observations/58874812	Fungi	Basidiomycota	Agaricomycetes	Russulales	Russulaceae	Lactarius	Lactarius deterrimus		SPECIES	Lactarius deterrimus Gröger	Lactarius deterrimus		CA		Ontario	PRESENT		28eb1a3f-1c15-4a95-931a-4af90ecb574d	45.363048	-75.230513	265.0						2020-09-07T13:20:15	7	9	2020	7925734	7925734	HUMAN_OBSERVATION	iNaturalist	Observations	58874812		Lynn Ovenden	2020-09-07T19:56:09	CC_BY_NC_4_0	Lynn Ovenden	Lynn Ovenden			2025-01-14T12:15:37.254Z	StillImage	COORDINATE_ROUNDED;CONTINENT_DERIVED_FROM_COORDINATES;TAXON_MATCH_TAXON_ID_IGNORED
2856535856	50c9509d-22c7-4a22-a47d-8c48425ef4a7	https://www.inaturalist.org/observations/57278703	Fungi	Basidiomycota	Agaricomycetes	Russulales	Russulaceae	Lactarius	Lactarius deterrimus		SPECIES	Lactarius deterrimus Gröger	Lactarius deterrimus		CA		Ontario	PRESENT		28eb1a3f-1c15-4a95-931a-4af90ecb574d	45.466198	-75.510437	8.0						2020-08-22T13:58	22	8	2020	7925734	7925734	HUMAN_OBSERVATION	iNaturalist	Observations	57278703		jonathan_mack	2020-08-22T23:38:21	CC_BY_NC_4_0	jonathan_mack	jonathan_mack			2025-01-14T13:09:33.209Z	StillImage	COORDINATE_ROUNDED;CONTINENT_DERIVED_FROM_COORDINATES;TAXON_MATCH_TAXON_ID_IGNORED
2580256217	50c9509d-22c7-4a22-a47d-8c48425ef4a7	https://www.inaturalist.org/observations/37718544	Fungi	Basidiomycota	Agaricomycetes	Russulales	Russulaceae	Lactarius	Lactarius deterrimus		SPECIES	Lactarius deterrimus Gröger	Lactarius deterrimus		CA		Québec	PRESENT		28eb1a3f-1c15-4a95-931a-4af90ecb574d	48.379482	-64.596723	31.0						2019-09-25T11:16	25	9	2019	7925734	7925734	HUMAN_OBSERVATION	iNaturalist	Observations	37718544		Katia Burelle	2024-11-17T17:56:44	CC_BY_NC_4_0	Michel Larrivée	Michel Larrivée			2025-01-14T13:00:11.097Z	StillImage	COORDINATE_ROUNDED;CONTINENT_DERIVED_FROM_COORDINATES;TAXON_MATCH_TAXON_ID_IGNORED
2294451142	50c9509d-22c7-4a22-a47d-8c48425ef4a7	https://www.inaturalist.org/observations/28652061	Fungi	Basidiomycota	Agaricomycetes	Russulales	Russulaceae	Lactarius	Lactarius deterrimus		SPECIES	Lactarius deterrimus Gröger	Lactarius deterrimus		CA		Québec	PRESENT		28eb1a3f-1c15-4a95-931a-4af90ecb574d	47.574825	-79.331186							2015-08-29T16:16	29	8	2015	7925734	7925734	HUMAN_OBSERVATION	iNaturalist	Observations	28652061		Jonathan Jensen-Lynch	2019-07-12T02:27:40	CC_BY_NC_4_0	Jonathan Jensen-Lynch	Jonathan Jensen-Lynch			2025-01-14T12:08:21.150Z	StillImage	COORDINATE_ROUNDED;CONTINENT_DERIVED_FROM_COORDINATES;TAXON_MATCH_TAXON_ID_IGNORED
1914198100	50c9509d-22c7-4a22-a47d-8c48425ef4a7	https://www.inaturalist.org/observations/16335815	Fungi	Basidiomycota	Agaricomycetes	Russulales	Russulaceae	Lactarius	Lactarius deterrimus		SPECIES	Lactarius deterrimus Gröger	Lactarius deterrimus		CA		Québec	PRESENT		28eb1a3f-1c15-4a95-931a-4af90ecb574d	45.602351	-76.003696	31.0						2018-09-08T11:16	8	9	2018	7925734	7925734	HUMAN_OBSERVATION	iNaturalist	Observations	16335815		jgenest	2018-09-25T11:37:27	CC_BY_NC_4_0	Mike Leveille	Mike Leveille			2025-01-14T12:05:47.532Z	StillImage	COORDINATE_ROUNDED;CONTINENT_DERIVED_FROM_COORDINATES;TAXON_MATCH_TAXON_ID_IGNORED
1412707213	21705170-d2b6-42de-8904-c3bca4b83591	CMMF015704	Fungi	Basidiomycota	Agaricomycetes	Russulales	Russulaceae	Lactarius	Lactarius deterrimus		SPECIES	Lactarius deterrimus Gröger	Lactarius deterrimus Gröger	Gröger	CA	Rang Saint-Martin, Chicoutimi, Québec.	Québec	PRESENT		ff7bd5db-b724-4932-b496-10ea298851f9	48.42951	-70.956161	6000.0						1998-10-17	17	10	1998	7925734	7925734	PRESERVED_SPECIMEN	Université de Montréal Biodiversity Centre	CMMF	CMMF015704	2588	Guérin, Gérard		CC0_1_0	Université de Montréal Biodiversity Centre	Guérin, Gérard			2024-01-24T16:38:16.417Z	StillImage	INSTITUTION_MATCH_FUZZY;COLLECTION_MATCH_FUZZY;DIFFERENT_OWNER_INSTITUTION
1412706094	21705170-d2b6-42de-8904-c3bca4b83591	CMMF014555	Fungi	Basidiomycota	Agaricomycetes	Russulales	Russulaceae	Lactarius	Lactarius deterrimus		SPECIES	Lactarius deterrimus Gröger	Lactarius deterrimus Gröger	Gröger	CA	Cap-Jaseux, Québec.	Québec	PRESENT		ff7bd5db-b724-4932-b496-10ea298851f9	48.428215	-70.822268	2500.0						1983-10-01	1	10	1983	7925734	7925734	PRESERVED_SPECIMEN	Université de Montréal Biodiversity Centre	CMMF	CMMF014555	1251	Guérin, Gérard		CC0_1_0	Université de Montréal Biodiversity Centre	Guérin, Gérard			2024-01-24T16:38:19.561Z	StillImage	INSTITUTION_MATCH_FUZZY;COLLECTION_MATCH_FUZZY;DIFFERENT_OWNER_INSTITUTION
1412706028	21705170-d2b6-42de-8904-c3bca4b83591	CMMF014556	Fungi	Basidiomycota	Agaricomycetes	Russulales	Russulaceae	Lactarius	Lactarius deterrimus		SPECIES	Lactarius deterrimus Gröger	Lactarius deterrimus Gröger	Gröger	CA	Rang Saint-Martin, Chicoutimi, Québec.	Québec	PRESENT		ff7bd5db-b724-4932-b496-10ea298851f9	48.42951	-70.956161	6000.0						1993-08-01	1	8	1993	7925734	7925734	PRESERVED_SPECIMEN	Université de Montréal Biodiversity Centre	CMMF	CMMF014556	1252	Guérin, Gérard		CC0_1_0	Université de Montréal Biodiversity Centre	Guérin, Gérard			2024-01-24T16:38:19.558Z	StillImage	INSTITUTION_MATCH_FUZZY;COLLECTION_MATCH_FUZZY;DIFFERENT_OWNER_INSTITUTION
1135071410	21705170-d2b6-42de-8904-c3bca4b83591	CMMF009941	Fungi	Basidiomycota	Agaricomycetes	Russulales	Russulaceae	Lactarius	Lactarius deterrimus		SPECIES	Lactarius deterrimus Gröger	Lactarius deterrimus Gröger	Gröger	CA	210 de l'Éperon, pelouse avant, Lac-Beauport.	Québec	PRESENT		ff7bd5db-b724-4932-b496-10ea298851f9	46.964353	-71.306427	100.0						2007-09-07	7	9	2007	7925734	7925734	PRESERVED_SPECIMEN	Université de Montréal Biodiversity Centre	CMMF	CMMF009941	1525	Labrecque, Jacqueline		CC0_1_0	Université de Montréal Biodiversity Centre	Labrecque, Jacqueline			2024-01-24T16:38:21.411Z		INSTITUTION_MATCH_FUZZY;COLLECTION_MATCH_FUZZY;DIFFERENT_OWNER_INSTITUTION
1135071327	21705170-d2b6-42de-8904-c3bca4b83591	CMMF009918	Fungi	Basidiomycota	Agaricomycetes	Russulales	Russulaceae	Lactarius	Lactarius deterrimus		SPECIES	Lactarius deterrimus Gröger	Lactarius deterrimus Gröger	Gröger	CA	Pinède Rourke, Lac-Beauport.	Québec	PRESENT		ff7bd5db-b724-4932-b496-10ea298851f9	46.953091	-71.275238	5000.0						2007-09-03	3	9	2007	7925734	7925734	PRESERVED_SPECIMEN	Université de Montréal Biodiversity Centre	CMMF	CMMF009918	1502	Labrecque, Jacqueline		CC0_1_0	Université de Montréal Biodiversity Centre	Labrecque, Jacqueline			2024-01-24T16:38:21.405Z		INSTITUTION_MATCH_FUZZY;COLLECTION_MATCH_FUZZY;DIFFERENT_OWNER_INSTITUTION
1135071309	21705170-d2b6-42de-8904-c3bca4b83591	CMMF009856	Fungi	Basidiomycota	Agaricomycetes	Russulales	Russulaceae	Lactarius	Lactarius deterrimus		SPECIES	Lactarius deterrimus Gröger	Lactarius deterrimus Gröger	Gröger	CA	210 de l'Éperon, pelouse avant, Lac-Beauport.	Québec	PRESENT		ff7bd5db-b724-4932-b496-10ea298851f9	46.964353	-71.306427	100.0						2007-08-26	26	8	2007	7925734	7925734	PRESERVED_SPECIMEN	Université de Montréal Biodiversity Centre	CMMF	CMMF009856	1440	Labrecque, Jacqueline		CC0_1_0	Université de Montréal Biodiversity Centre	Labrecque, Jacqueline			2024-01-24T16:38:21.299Z		INSTITUTION_MATCH_FUZZY;COLLECTION_MATCH_FUZZY;DIFFERENT_OWNER_INSTITUTION
1135070765	21705170-d2b6-42de-8904-c3bca4b83591	CMMF009342	Fungi	Basidiomycota	Agaricomycetes	Russulales	Russulaceae	Lactarius	Lactarius deterrimus		SPECIES	Lactarius deterrimus Gröger	Lactarius deterrimus Gröger	Gröger	CA	Parc des Moulins, Québec.	Québec	PRESENT		ff7bd5db-b724-4932-b496-10ea298851f9	46.887678	-71.301288	600.0						2006-10-07	7	10	2006	7925734	7925734	PRESERVED_SPECIMEN	Université de Montréal Biodiversity Centre	CMMF	CMMF009342	926	Labrecque, Jacqueline		CC0_1_0	Université de Montréal Biodiversity Centre	Labrecque, Jacqueline			2024-01-24T16:38:21.595Z		INSTITUTION_MATCH_FUZZY;COLLECTION_MATCH_FUZZY;DIFFERENT_OWNER_INSTITUTION
1135070459	21705170-d2b6-42de-8904-c3bca4b83591	CMMF009044	Fungi	Basidiomycota	Agaricomycetes	Russulales	Russulaceae	Lactarius	Lactarius deterrimus		SPECIES	Lactarius deterrimus Gröger	Lactarius deterrimus Gröger	Gröger	CA	210 de l'Éperon, Lac-Beauport.	Québec	PRESENT		ff7bd5db-b724-4932-b496-10ea298851f9	46.964353	-71.306427	200.0						2006-08-26	26	8	2006	7925734	7925734	PRESERVED_SPECIMEN	Université de Montréal Biodiversity Centre	CMMF	CMMF009044	627	Labrecque, Jacqueline		CC0_1_0	Université de Montréal Biodiversity Centre	Labrecque, Jacqueline			2024-01-24T16:38:20.175Z		INSTITUTION_MATCH_FUZZY;COLLECTION_MATCH_FUZZY;DIFFERENT_OWNER_INSTITUTION
1135069852	21705170-d2b6-42de-8904-c3bca4b83591	CMMF008319	Fungi	Basidiomycota	Agaricomycetes	Russulales	Russulaceae	Lactarius	Lactarius deterrimus		SPECIES	Lactarius deterrimus Gröger	Lactarius deterrimus Gröger	Gröger	CA	Parc de la Gaspésie (sortie sud)	Québec	PRESENT		ff7bd5db-b724-4932-b496-10ea298851f9	48.856883	-66.20075	100.0						2013-08-18	18	8	2013	7925734	7925734	PRESERVED_SPECIMEN	Université de Montréal Biodiversity Centre	CMMF	CMMF008319	C4223	McNeil, Raymond		CC0_1_0	Université de Montréal Biodiversity Centre	McNeil, Raymond			2024-01-24T16:38:17.789Z	StillImage	COORDINATE_ROUNDED;INSTITUTION_MATCH_FUZZY;COLLECTION_MATCH_FUZZY;DIFFERENT_OWNER_INSTITUTION
1135069823	21705170-d2b6-42de-8904-c3bca4b83591	CMMF008300	Fungi	Basidiomycota	Agaricomycetes	Russulales	Russulaceae	Lactarius	Lactarius deterrimus		SPECIES	Lactarius deterrimus Gröger	Lactarius deterrimus Gröger	Gröger	CA	Parc de la Gaspésie (sortie sud)	Québec	PRESENT		ff7bd5db-b724-4932-b496-10ea298851f9	48.856883	-66.20075	100.0						2010-08-10	10	8	2010	7925734	7925734	PRESERVED_SPECIMEN	Université de Montréal Biodiversity Centre	CMMF	CMMF008300	C3695	McNeil, Raymond		CC0_1_0	Université de Montréal Biodiversity Centre	McNeil, Raymond			2024-01-24T16:38:17.783Z	StillImage	COORDINATE_ROUNDED;INSTITUTION_MATCH_FUZZY;COLLECTION_MATCH_FUZZY;DIFFERENT_OWNER_INSTITUTION
1135069772	21705170-d2b6-42de-8904-c3bca4b83591	CMMF008244	Fungi	Basidiomycota	Agaricomycetes	Russulales	Russulaceae	Lactarius	Lactarius deterrimus		SPECIES	Lactarius deterrimus Gröger	Lactarius deterrimus Gröger	Gröger	CA	Parc de la Gaspésie (sortie sud)	Québec	PRESENT		ff7bd5db-b724-4932-b496-10ea298851f9	48.856583	-66.19265	100.0						2011-08-18	18	8	2011	7925734	7925734	PRESERVED_SPECIMEN	Université de Montréal Biodiversity Centre	CMMF	CMMF008244	C3847	McNeil, Raymond		CC0_1_0	Université de Montréal Biodiversity Centre	McNeil, Raymond			2024-01-24T16:38:18.292Z	StillImage	COORDINATE_ROUNDED;INSTITUTION_MATCH_FUZZY;COLLECTION_MATCH_FUZZY;DIFFERENT_OWNER_INSTITUTION
1135069666	21705170-d2b6-42de-8904-c3bca4b83591	CMMF008266	Fungi	Basidiomycota	Agaricomycetes	Russulales	Russulaceae	Lactarius	Lactarius deterrimus		SPECIES	Lactarius deterrimus Gröger	Lactarius deterrimus Gröger	Gröger	CA	Parc de la Gaspésie (sortie sud)	Québec	PRESENT		ff7bd5db-b724-4932-b496-10ea298851f9	48.856883	-66.20075	100.0						2004-09-05	5	9	2004	7925734	7925734	PRESERVED_SPECIMEN	Université de Montréal Biodiversity Centre	CMMF	CMMF008266	C1971	McNeil, Raymond		CC0_1_0	Université de Montréal Biodiversity Centre	McNeil, Raymond			2024-01-24T16:38:18.313Z	StillImage	COORDINATE_ROUNDED;INSTITUTION_MATCH_FUZZY;COLLECTION_MATCH_FUZZY;DIFFERENT_OWNER_INSTITUTION
1135069613	21705170-d2b6-42de-8904-c3bca4b83591	CMMF008177	Fungi	Basidiomycota	Agaricomycetes	Russulales	Russulaceae	Lactarius	Lactarius deterrimus		SPECIES	Lactarius deterrimus Gröger	Lactarius deterrimus Gröger	Gröger	CA	Rimouski	Québec	PRESENT		ff7bd5db-b724-4932-b496-10ea298851f9	48.4206	-68.589483	100.0						2005-09-12	12	9	2005	7925734	7925734	PRESERVED_SPECIMEN	Université de Montréal Biodiversity Centre	CMMF	CMMF008177	Inexistant	McNeil, Raymond		CC0_1_0	Université de Montréal Biodiversity Centre	McNeil, Raymond			2024-01-24T16:38:18.254Z	StillImage	COORDINATE_ROUNDED;INSTITUTION_MATCH_FUZZY;COLLECTION_MATCH_FUZZY;DIFFERENT_OWNER_INSTITUTION
1135068883	21705170-d2b6-42de-8904-c3bca4b83591	CMMF007471	Fungi	Basidiomycota	Agaricomycetes	Russulales	Russulaceae	Lactarius	Lactarius deterrimus		SPECIES	Lactarius deterrimus Gröger	Lactarius deterrimus Gröger	Gröger	CA	St-Roch-de-Richelieu	Québec	PRESENT		ff7bd5db-b724-4932-b496-10ea298851f9	45.880833	-73.163	100.0						2013-10-09	9	10	2013	7925734	7925734	PRESERVED_SPECIMEN	Université de Montréal Biodiversity Centre	CMMF	CMMF007471	C4334	McNeil, Raymond		CC0_1_0	Université de Montréal Biodiversity Centre	McNeil, Raymond			2024-01-24T16:38:15.851Z	StillImage	COORDINATE_ROUNDED;INSTITUTION_MATCH_FUZZY;COLLECTION_MATCH_FUZZY;DIFFERENT_OWNER_INSTITUTION
1135068115	21705170-d2b6-42de-8904-c3bca4b83591	CMMF006618	Fungi	Basidiomycota	Agaricomycetes	Russulales	Russulaceae	Lactarius	Lactarius deterrimus		SPECIES	Lactarius deterrimus Gröger	Lactarius deterrimus Gröger	Gröger	CA	Oka (Parc provincial)	Québec	PRESENT		ff7bd5db-b724-4932-b496-10ea298851f9	45.469917	-74.040417	100.0						1977-09-24	24	9	1977	7925734	7925734	PRESERVED_SPECIMEN	Université de Montréal Biodiversity Centre	CMMF	CMMF006618	Inexistant	McNeil, Raymond		CC0_1_0	Université de Montréal Biodiversity Centre	McNeil, Raymond			2024-01-24T16:38:18.422Z	StillImage	COORDINATE_ROUNDED;INSTITUTION_MATCH_FUZZY;COLLECTION_MATCH_FUZZY;DIFFERENT_OWNER_INSTITUTION
1135067469	21705170-d2b6-42de-8904-c3bca4b83591	CMMF006028	Fungi	Basidiomycota	Agaricomycetes	Russulales	Russulaceae	Lactarius	Lactarius deterrimus		SPECIES	Lactarius deterrimus Gröger	Lactarius deterrimus Gröger	Gröger	CA	Châteauguay (Centre écologique Fernand-Seguin)	Québec	PRESENT		ff7bd5db-b724-4932-b496-10ea298851f9	45.33983	-73.773917	100.0						2013-08-15	15	8	2013	7925734	7925734	PRESERVED_SPECIMEN	Université de Montréal Biodiversity Centre	CMMF	CMMF006028	C4215	McNeil, Raymond		CC0_1_0	Université de Montréal Biodiversity Centre	McNeil, Raymond			2024-01-24T16:38:18.019Z	StillImage	COORDINATE_ROUNDED;INSTITUTION_MATCH_FUZZY;COLLECTION_MATCH_FUZZY;DIFFERENT_OWNER_INSTITUTION
1135067068	21705170-d2b6-42de-8904-c3bca4b83591	CMMF010501	Fungi	Basidiomycota	Agaricomycetes	Russulales	Russulaceae	Lactarius	Lactarius deterrimus		SPECIES	Lactarius deterrimus Gröger	Lactarius deterrimus Gröger	Gröger	CA	210 de l'Éperon, pelouse avant, Lac-Beauport.	Québec	PRESENT		ff7bd5db-b724-4932-b496-10ea298851f9	46.964353	-71.306427	100.0						2008-08-15	15	8	2008	7925734	7925734	PRESERVED_SPECIMEN	Université de Montréal Biodiversity Centre	CMMF	CMMF010501	2087	Labrecque, Jacqueline		CC0_1_0	Université de Montréal Biodiversity Centre	Labrecque, Jacqueline			2024-01-24T16:38:21.750Z		INSTITUTION_MATCH_FUZZY;COLLECTION_MATCH_FUZZY;DIFFERENT_OWNER_INSTITUTION
1135067005	21705170-d2b6-42de-8904-c3bca4b83591	CMMF010478	Fungi	Basidiomycota	Agaricomycetes	Russulales	Russulaceae	Lactarius	Lactarius deterrimus		SPECIES	Lactarius deterrimus Gröger	Lactarius deterrimus Gröger	Gröger	CA	Terrain tennis, Lac-Beauport.	Québec	PRESENT		ff7bd5db-b724-4932-b496-10ea298851f9	46.96324	-71.303223	5000.0						2008-08-08	8	8	2008	7925734	7925734	PRESERVED_SPECIMEN	Université de Montréal Biodiversity Centre	CMMF	CMMF010478	2064	Labrecque, Jacqueline		CC0_1_0	Université de Montréal Biodiversity Centre	Labrecque, Jacqueline			2024-01-24T16:38:21.672Z		INSTITUTION_MATCH_FUZZY;COLLECTION_MATCH_FUZZY;DIFFERENT_OWNER_INSTITUTION
