gbifID	datasetKey	occurrenceID	kingdom	phylum	class	order	family	genus	species	infraspecificEpithet	taxonRank	scientificName	verbatimScientificName	verbatimScientificNameAuthorship	countryCode	locality	stateProvince	occurrenceStatus	individualCount	publishingOrgKey	decimalLatitude	decimalLongitude	coordinateUncertaintyInMeters	coordinatePrecision	elevation	elevationAccuracy	depth	depthAccuracy	eventDate	day	month	year	taxonKey	speciesKey	basisOfRecord	institutionCode	collectionCode	catalogNumber	recordNumber	identifiedBy	dateIdentified	license	rightsHolder	recordedBy	typeStatus	establishmentMeans	lastInterpreted	mediaType	issue
617555018	21705170-d2b6-42de-8904-c3bca4b83591	CMMF000620	Fungi	Basidiomycota	Agaricomycetes	Agaricales	Hygrophoraceae	Gliophorus	Gliophorus laetus		SPECIES	Hygrocybe laeta (Pers.) P.Kumm.	Hygrocybe laeta (Pers.) P. Kumm.	(Pers.) P. Kumm.	CA	Saint-Joseph-du-Lac	Québec	PRESENT		ff7bd5db-b724-4932-b496-10ea298851f9	45.534465	-74.013251	5000.0						1989-08-08	8	8	1989	3345321	3304469	PRESERVED_SPECIMEN	Université de Montréal Biodiversity Centre	CMMF	CMMF000620		Lamoureux, Yves		CC0_1_0	Université de Montréal Biodiversity Centre	Lamoureux, Yves			2024-01-24T16:38:20.104Z	StillImage	INSTITUTION_MATCH_FUZZY;COLLECTION_MATCH_FUZZY;DIFFERENT_OWNER_INSTITUTION
617550959	21705170-d2b6-42de-8904-c3bca4b83591	CMMF002508	Fungi	Basidiomycota	Agaricomycetes	Agaricales	Hygrophoraceae	Gliophorus	Gliophorus laetus		SPECIES	Hygrocybe laeta (Pers.) P.Kumm.	Hygrocybe laeta (Pers.) P. Kumm.	(Pers.) P. Kumm.	CA	Contrecoeur	Québec	PRESENT		ff7bd5db-b724-4932-b496-10ea298851f9	45.876777	-73.209987	12000.0						1995-08-19	19	8	1995	3345321	3304469	PRESERVED_SPECIMEN	Université de Montréal Biodiversity Centre	CMMF	CMMF002508		Lamoureux, Yves		CC0_1_0	Université de Montréal Biodiversity Centre	Lamoureux, Yves			2024-01-24T16:38:19.539Z	StillImage	INSTITUTION_MATCH_FUZZY;COLLECTION_MATCH_FUZZY;DIFFERENT_OWNER_INSTITUTION
617548563	21705170-d2b6-42de-8904-c3bca4b83591	CMMF000146	Fungi	Basidiomycota	Agaricomycetes	Agaricales	Hygrophoraceae	Gliophorus	Gliophorus laetus		SPECIES	Hygrocybe laeta (Pers.) P.Kumm.	Hygrocybe laeta (Pers.) P. Kumm.	(Pers.) P. Kumm.	CA	Sainte-Marguerite-Station	Québec	PRESENT		ff7bd5db-b724-4932-b496-10ea298851f9	45.990446	-74.119788	3000.0						1988-08-08	8	8	1988	3345321	3304469	PRESERVED_SPECIMEN	Université de Montréal Biodiversity Centre	CMMF	CMMF000146		Lamoureux, Yves		CC0_1_0	Université de Montréal Biodiversity Centre	Lamoureux, Yves			2024-01-24T16:38:20.539Z	StillImage	INSTITUTION_MATCH_FUZZY;COLLECTION_MATCH_FUZZY;DIFFERENT_OWNER_INSTITUTION
4952426486	50c9509d-22c7-4a22-a47d-8c48425ef4a7	https://www.inaturalist.org/observations/244243929	Fungi	Basidiomycota	Agaricomycetes	Agaricales	Hygrophoraceae	Gliophorus	Gliophorus laetus		SPECIES	Gliophorus laetus (Pers.) Herink	Gliophorus laetus		CA		Québec	PRESENT		28eb1a3f-1c15-4a95-931a-4af90ecb574d	45.872811	-76.4339	501.0						2024-09-23T15:09	23	9	2024	3304469	3304469	HUMAN_OBSERVATION	iNaturalist	Observations	244243929		L Joan Heyding	2024-09-27T02:59:30	CC_BY_NC_4_0	L Joan Heyding	L Joan Heyding			2025-01-14T13:37:53Z	StillImage	COORDINATE_ROUNDED;CONTINENT_DERIVED_FROM_COORDINATES;TAXON_MATCH_TAXON_ID_IGNORED
4936201718	50c9509d-22c7-4a22-a47d-8c48425ef4a7	https://www.inaturalist.org/observations/237391174	Fungi	Basidiomycota	Agaricomycetes	Agaricales	Hygrophoraceae	Gliophorus	Gliophorus laetus		SPECIES	Gliophorus laetus (Pers.) Herink	Gliophorus laetus		CA		Québec	PRESENT		28eb1a3f-1c15-4a95-931a-4af90ecb574d	45.410569	-71.262764	11043.0						2024-08-17T16:02:02	17	8	2024	3304469	3304469	HUMAN_OBSERVATION	iNaturalist	Observations	237391174		Emilie Dumont-Blanchette	2024-08-23T01:44:05	CC_BY_NC_4_0	Emilie Dumont-Blanchette	Emilie Dumont-Blanchette			2025-01-14T12:57:31.309Z	StillImage	COORDINATE_ROUNDED;CONTINENT_DERIVED_FROM_COORDINATES;TAXON_MATCH_TAXON_ID_IGNORED
4925838680	50c9509d-22c7-4a22-a47d-8c48425ef4a7	https://www.inaturalist.org/observations/236612901	Fungi	Basidiomycota	Agaricomycetes	Agaricales	Hygrophoraceae	Gliophorus	Gliophorus laetus		SPECIES	Gliophorus laetus (Pers.) Herink	Gliophorus laetus		CA		Québec	PRESENT		28eb1a3f-1c15-4a95-931a-4af90ecb574d	45.46017	-72.210939							2024-08-18T10:48:54	18	8	2024	3304469	3304469	HUMAN_OBSERVATION	iNaturalist	Observations	236612901		egrenier	2024-08-18T22:27:30	CC_BY_NC_4_0	egrenier	egrenier			2025-01-14T13:38:41.400Z	StillImage	COORDINATE_ROUNDED;CONTINENT_DERIVED_FROM_COORDINATES;TAXON_MATCH_TAXON_ID_IGNORED
4430971236	50c9509d-22c7-4a22-a47d-8c48425ef4a7	https://www.inaturalist.org/observations/184628533	Fungi	Basidiomycota	Agaricomycetes	Agaricales	Hygrophoraceae	Gliophorus	Gliophorus laetus		SPECIES	Gliophorus laetus (Pers.) Herink	Gliophorus laetus		CA		Québec	PRESENT		28eb1a3f-1c15-4a95-931a-4af90ecb574d	45.024703	-71.895571	342.0						2023-09-23T13:04	23	9	2023	3304469	3304469	HUMAN_OBSERVATION	iNaturalist	Observations	184628533		Antoine Fortin	2023-09-24T02:06:15	CC_BY_NC_4_0	Antoine Fortin	Antoine Fortin			2025-01-14T12:39:56.509Z	StillImage	COORDINATE_ROUNDED;CONTINENT_DERIVED_FROM_COORDINATES;TAXON_MATCH_TAXON_ID_IGNORED
4430914231	50c9509d-22c7-4a22-a47d-8c48425ef4a7	https://www.inaturalist.org/observations/183666017	Fungi	Basidiomycota	Agaricomycetes	Agaricales	Hygrophoraceae	Gliophorus	Gliophorus laetus		SPECIES	Gliophorus laetus (Pers.) Herink	Gliophorus laetus		CA		Québec	PRESENT		28eb1a3f-1c15-4a95-931a-4af90ecb574d	45.358822	-72.2435	16.0						2023-09-15T09:37	15	9	2023	3304469	3304469	HUMAN_OBSERVATION	iNaturalist	Observations	183666017		gabboilard	2023-09-17T14:06:38	CC_BY_NC_4_0	gabboilard	gabboilard			2025-01-14T13:33:53.742Z	StillImage	COORDINATE_ROUNDED;CONTINENT_DERIVED_FROM_COORDINATES;TAXON_MATCH_TAXON_ID_IGNORED
4430772350	50c9509d-22c7-4a22-a47d-8c48425ef4a7	https://www.inaturalist.org/observations/188400310	Fungi	Basidiomycota	Agaricomycetes	Agaricales	Hygrophoraceae	Gliophorus	Gliophorus laetus		SPECIES	Gliophorus laetus (Pers.) Herink	Gliophorus laetus		CA		Québec	PRESENT		28eb1a3f-1c15-4a95-931a-4af90ecb574d	47.611246	-70.158815	856.0						2023-07-29T15:46	29	7	2023	3304469	3304469	HUMAN_OBSERVATION	iNaturalist	Observations	188400310		michelcournoyer	2023-10-21T17:08:29	CC_BY_NC_4_0	michelcournoyer	michelcournoyer			2025-01-14T12:41:23.231Z	StillImage	COORDINATE_ROUNDED;CONTINENT_DERIVED_FROM_COORDINATES;TAXON_MATCH_TAXON_ID_IGNORED
4430505810	50c9509d-22c7-4a22-a47d-8c48425ef4a7	https://www.inaturalist.org/observations/187082684	Fungi	Basidiomycota	Agaricomycetes	Agaricales	Hygrophoraceae	Gliophorus	Gliophorus laetus		SPECIES	Gliophorus laetus (Pers.) Herink	Gliophorus laetus		CA		Québec	PRESENT		28eb1a3f-1c15-4a95-931a-4af90ecb574d	45.483819	-71.209097							2023-09-23T14:55	23	9	2023	3304469	3304469	HUMAN_OBSERVATION	iNaturalist	Observations	187082684		gabboilard	2023-10-11T04:13:16	CC_BY_NC_4_0	gabboilard	gabboilard			2025-01-14T12:40:41.601Z	StillImage	COORDINATE_ROUNDED;CONTINENT_DERIVED_FROM_COORDINATES;TAXON_MATCH_TAXON_ID_IGNORED
4414084656	50c9509d-22c7-4a22-a47d-8c48425ef4a7	https://www.inaturalist.org/observations/183124988	Fungi	Basidiomycota	Agaricomycetes	Agaricales	Hygrophoraceae	Gliophorus	Gliophorus laetus		SPECIES	Gliophorus laetus (Pers.) Herink	Gliophorus laetus		CA		New Brunswick	PRESENT		28eb1a3f-1c15-4a95-931a-4af90ecb574d	45.37866	-65.929114	24.0						2023-09-13T14:29:18	13	9	2023	3304469	3304469	HUMAN_OBSERVATION	iNaturalist	Observations	183124988		noppoly	2023-09-13T20:03:02	CC_BY_NC_4_0	noppoly	noppoly			2025-01-14T13:29:58.208Z	StillImage	COORDINATE_ROUNDED;CONTINENT_DERIVED_FROM_COORDINATES;TAXON_MATCH_TAXON_ID_IGNORED
4414002575	50c9509d-22c7-4a22-a47d-8c48425ef4a7	https://www.inaturalist.org/observations/182496215	Fungi	Basidiomycota	Agaricomycetes	Agaricales	Hygrophoraceae	Gliophorus	Gliophorus laetus		SPECIES	Gliophorus laetus (Pers.) Herink	Gliophorus laetus		CA		Québec	PRESENT		28eb1a3f-1c15-4a95-931a-4af90ecb574d	45.83017	-73.61837	3058.0						2023-09-09T11:33:57	9	9	2023	3304469	3304469	HUMAN_OBSERVATION	iNaturalist	Observations	182496215		timfoster	2023-09-09T17:17:55	CC_BY_NC_4_0	timfoster	timfoster			2025-01-14T13:33:10.548Z	StillImage	CONTINENT_DERIVED_FROM_COORDINATES;TAXON_MATCH_TAXON_ID_IGNORED
4407603393	50c9509d-22c7-4a22-a47d-8c48425ef4a7	https://www.inaturalist.org/observations/181757624	Fungi	Basidiomycota	Agaricomycetes	Agaricales	Hygrophoraceae	Gliophorus	Gliophorus laetus		SPECIES	Gliophorus laetus (Pers.) Herink	Gliophorus laetus		CA		New Brunswick	PRESENT		28eb1a3f-1c15-4a95-931a-4af90ecb574d	45.639953	-65.115081	18.0						2023-08-31T11:41	31	8	2023	3304469	3304469	HUMAN_OBSERVATION	iNaturalist	Observations	181757624		Alfredo Justo	2023-09-04T16:16:33	CC_BY_NC_4_0	Alfredo Justo	Alfredo Justo			2025-01-14T12:39:29.051Z	StillImage	COORDINATE_ROUNDED;CONTINENT_DERIVED_FROM_COORDINATES;TAXON_MATCH_TAXON_ID_IGNORED
4407593306	50c9509d-22c7-4a22-a47d-8c48425ef4a7	https://www.inaturalist.org/observations/181776249	Fungi	Basidiomycota	Agaricomycetes	Agaricales	Hygrophoraceae	Gliophorus	Gliophorus laetus		SPECIES	Gliophorus laetus (Pers.) Herink	Gliophorus laetus		CA		New Brunswick	PRESENT		28eb1a3f-1c15-4a95-931a-4af90ecb574d	45.635017	-65.129211	128.0						2023-08-31T14:27	31	8	2023	3304469	3304469	HUMAN_OBSERVATION	iNaturalist	Observations	181776249		Alfredo Justo	2023-09-04T18:08:23	CC_BY_NC_4_0	Alfredo Justo	Alfredo Justo			2025-01-14T12:42:28.720Z	StillImage	COORDINATE_ROUNDED;CONTINENT_DERIVED_FROM_COORDINATES;TAXON_MATCH_TAXON_ID_IGNORED
4407570297	50c9509d-22c7-4a22-a47d-8c48425ef4a7	https://www.inaturalist.org/observations/181775229	Fungi	Basidiomycota	Agaricomycetes	Agaricales	Hygrophoraceae	Gliophorus	Gliophorus laetus		SPECIES	Gliophorus laetus (Pers.) Herink	Gliophorus laetus		CA		New Brunswick	PRESENT		28eb1a3f-1c15-4a95-931a-4af90ecb574d	45.633186	-65.129242	20.0						2023-08-31T14:01	31	8	2023	3304469	3304469	HUMAN_OBSERVATION	iNaturalist	Observations	181775229		Alfredo Justo	2023-09-04T18:01:59	CC_BY_NC_4_0	Alfredo Justo	Alfredo Justo			2025-01-14T13:27:05.799Z	StillImage	COORDINATE_ROUNDED;CONTINENT_DERIVED_FROM_COORDINATES;TAXON_MATCH_TAXON_ID_IGNORED
4407441105	50c9509d-22c7-4a22-a47d-8c48425ef4a7	https://www.inaturalist.org/observations/181792293	Fungi	Basidiomycota	Agaricomycetes	Agaricales	Hygrophoraceae	Gliophorus	Gliophorus laetus		SPECIES	Gliophorus laetus (Pers.) Herink	Gliophorus laetus		CA		New Brunswick	PRESENT		28eb1a3f-1c15-4a95-931a-4af90ecb574d	45.546355	-65.968422	4.0						2023-09-04T15:34:29	4	9	2023	3304469	3304469	HUMAN_OBSERVATION	iNaturalist	Observations	181792293		Andrew MacPherson	2023-09-05T13:01:06	CC_BY_NC_4_0	julianna	julianna			2025-01-14T12:41:10.047Z	StillImage	COORDINATE_ROUNDED;CONTINENT_DERIVED_FROM_COORDINATES;TAXON_MATCH_TAXON_ID_IGNORED
4405249916	50c9509d-22c7-4a22-a47d-8c48425ef4a7	https://www.inaturalist.org/observations/179014198	Fungi	Basidiomycota	Agaricomycetes	Agaricales	Hygrophoraceae	Gliophorus	Gliophorus laetus		SPECIES	Gliophorus laetus (Pers.) Herink	Gliophorus laetus		CA		Prince Edward Island	PRESENT		28eb1a3f-1c15-4a95-931a-4af90ecb574d	46.726426	-64.259821	30.0						2023-08-14T15:57	14	8	2023	3304469	3304469	HUMAN_OBSERVATION	iNaturalist	Observations	179014198		Rosemary Curley	2023-08-18T17:11:53	CC_BY_NC_4_0	Rosemary Curley	Rosemary Curley			2025-01-14T13:32:24.354Z	StillImage	COORDINATE_ROUNDED;CONTINENT_DERIVED_FROM_COORDINATES;TAXON_MATCH_TAXON_ID_IGNORED
4400484649	50c9509d-22c7-4a22-a47d-8c48425ef4a7	https://www.inaturalist.org/observations/179563035	Fungi	Basidiomycota	Agaricomycetes	Agaricales	Hygrophoraceae	Gliophorus	Gliophorus laetus		SPECIES	Gliophorus laetus (Pers.) Herink	Gliophorus laetus		CA		New Brunswick	PRESENT		28eb1a3f-1c15-4a95-931a-4af90ecb574d	45.159144	-66.224921	100.0						2023-08-19T14:41	19	8	2023	3304469	3304469	HUMAN_OBSERVATION	iNaturalist	Observations	179563035		Alfredo Justo	2023-08-21T18:37:14	CC_BY_NC_4_0	Alfredo Justo	Alfredo Justo			2025-01-14T12:38:34.841Z	StillImage	COORDINATE_ROUNDED;CONTINENT_DERIVED_FROM_COORDINATES;TAXON_MATCH_TAXON_ID_IGNORED
4400226548	50c9509d-22c7-4a22-a47d-8c48425ef4a7	https://www.inaturalist.org/observations/179563439	Fungi	Basidiomycota	Agaricomycetes	Agaricales	Hygrophoraceae	Gliophorus	Gliophorus laetus		SPECIES	Gliophorus laetus (Pers.) Herink	Gliophorus laetus		CA		New Brunswick	PRESENT		28eb1a3f-1c15-4a95-931a-4af90ecb574d	45.159025	-66.2247	100.0						2023-08-19T14:43	19	8	2023	3304469	3304469	HUMAN_OBSERVATION	iNaturalist	Observations	179563439		Alfredo Justo	2023-08-21T18:39:42	CC_BY_NC_4_0	Alfredo Justo	Alfredo Justo			2025-01-14T13:28:36.579Z	StillImage	COORDINATE_ROUNDED;CONTINENT_DERIVED_FROM_COORDINATES;TAXON_MATCH_TAXON_ID_IGNORED
4177475834	50c9509d-22c7-4a22-a47d-8c48425ef4a7	https://www.inaturalist.org/observations/178288252	Fungi	Basidiomycota	Agaricomycetes	Agaricales	Hygrophoraceae	Gliophorus	Gliophorus laetus		SPECIES	Gliophorus laetus (Pers.) Herink	Gliophorus laetus		CA		Québec	PRESENT		28eb1a3f-1c15-4a95-931a-4af90ecb574d	45.924599	-74.019524	92.0						2023-08-13T11:27	13	8	2023	3304469	3304469	HUMAN_OBSERVATION	iNaturalist	Observations	178288252		egrenier	2023-08-14T00:37:43	CC_BY_NC_4_0	egrenier	egrenier			2025-01-14T13:32:29.630Z	StillImage	CONTINENT_DERIVED_FROM_COORDINATES;TAXON_MATCH_TAXON_ID_IGNORED
4153970449	50c9509d-22c7-4a22-a47d-8c48425ef4a7	https://www.inaturalist.org/observations/131132797	Fungi	Basidiomycota	Agaricomycetes	Agaricales	Hygrophoraceae	Gliophorus	Gliophorus laetus		SPECIES	Gliophorus laetus (Pers.) Herink	Gliophorus laetus		CA		New Brunswick	PRESENT		28eb1a3f-1c15-4a95-931a-4af90ecb574d	46.791344	-66.409264	26.0						2022-08-16T10:04	16	8	2022	3304469	3304469	HUMAN_OBSERVATION	iNaturalist	Observations	131132797		Alfredo Justo	2022-08-16T22:53:52	CC_BY_NC_4_0	Alfredo Justo	Alfredo Justo			2025-01-14T13:24:56.242Z	StillImage	COORDINATE_ROUNDED;CONTINENT_DERIVED_FROM_COORDINATES;TAXON_MATCH_TAXON_ID_IGNORED
4011617590	50c9509d-22c7-4a22-a47d-8c48425ef4a7	https://www.inaturalist.org/observations/141816010	Fungi	Basidiomycota	Agaricomycetes	Agaricales	Hygrophoraceae	Gliophorus	Gliophorus laetus		SPECIES	Gliophorus laetus (Pers.) Herink	Gliophorus laetus		CA		Nova Scotia	PRESENT		28eb1a3f-1c15-4a95-931a-4af90ecb574d	45.235027	-64.001607	4.0						2022-11-12T12:00	12	11	2022	3304469	3304469	HUMAN_OBSERVATION	iNaturalist	Observations	141816010		cinna_latifolia	2022-12-28T06:02:59	CC_BY_NC_4_0	anne-matthew	anne-matthew			2025-01-14T13:26:18.635Z	StillImage	COORDINATE_ROUNDED;CONTINENT_DERIVED_FROM_COORDINATES;TAXON_MATCH_TAXON_ID_IGNORED
4011613568	50c9509d-22c7-4a22-a47d-8c48425ef4a7	https://www.inaturalist.org/observations/139574636	Fungi	Basidiomycota	Agaricomycetes	Agaricales	Hygrophoraceae	Gliophorus	Gliophorus laetus		SPECIES	Gliophorus laetus (Pers.) Herink	Gliophorus laetus		CA		Ontario	PRESENT		28eb1a3f-1c15-4a95-931a-4af90ecb574d	45.055845	-78.463935							2022-10-21T15:21	21	10	2022	3304469	3304469	HUMAN_OBSERVATION	iNaturalist	Observations	139574636		cinna_latifolia	2022-10-30T18:08:24	CC_BY_NC_4_0	Lee Cumming	Lee Cumming			2025-01-14T13:26:09.624Z		COORDINATE_ROUNDED;CONTINENT_DERIVED_FROM_COORDINATES;TAXON_MATCH_TAXON_ID_IGNORED
3985980348	50c9509d-22c7-4a22-a47d-8c48425ef4a7	https://www.inaturalist.org/observations/143202777	Fungi	Basidiomycota	Agaricomycetes	Agaricales	Hygrophoraceae	Gliophorus	Gliophorus laetus		SPECIES	Gliophorus laetus (Pers.) Herink	Gliophorus laetus		CA		Québec	PRESENT		28eb1a3f-1c15-4a95-931a-4af90ecb574d	45.883263	-76.513079	27095.0						2022-07-06T10:35	6	7	2022	3304469	3304469	HUMAN_OBSERVATION	iNaturalist	Observations	143202777		L Joan Heyding	2022-11-28T19:58:51	CC_BY_NC_4_0	L Joan Heyding	L Joan Heyding			2025-01-14T12:32:25.597Z	StillImage	COORDINATE_ROUNDED;CONTINENT_DERIVED_FROM_COORDINATES;TAXON_MATCH_TAXON_ID_IGNORED
3963284342	50c9509d-22c7-4a22-a47d-8c48425ef4a7	https://www.inaturalist.org/observations/141416967	Fungi	Basidiomycota	Agaricomycetes	Agaricales	Hygrophoraceae	Gliophorus	Gliophorus laetus		SPECIES	Gliophorus laetus (Pers.) Herink	Gliophorus laetus		CA		New Brunswick	PRESENT		28eb1a3f-1c15-4a95-931a-4af90ecb574d	45.773922	-64.778763	200.0						2021-07-28T11:19	28	7	2021	3304469	3304469	HUMAN_OBSERVATION	iNaturalist	Observations	141416967		Alfredo Justo	2022-11-08T00:47:01	CC_BY_NC_4_0	Alfredo Justo	Alfredo Justo			2025-01-14T13:26:11.426Z	StillImage	CONTINENT_DERIVED_FROM_COORDINATES;TAXON_MATCH_TAXON_ID_IGNORED
3912210756	50c9509d-22c7-4a22-a47d-8c48425ef4a7	https://www.inaturalist.org/observations/135365709	Fungi	Basidiomycota	Agaricomycetes	Agaricales	Hygrophoraceae	Gliophorus	Gliophorus laetus		SPECIES	Gliophorus laetus (Pers.) Herink	Gliophorus laetus		CA		Prince Edward Island	PRESENT		28eb1a3f-1c15-4a95-931a-4af90ecb574d	46.438	-64.086628	50.0						2022-09-16T10:34	16	9	2022	3304469	3304469	HUMAN_OBSERVATION	iNaturalist	Observations	135365709		Denis Gallant	2022-09-17T13:17:41	CC_BY_NC_4_0	Denis Gallant	Denis Gallant			2025-01-14T13:25:06.511Z	StillImage	COORDINATE_ROUNDED;CONTINENT_DERIVED_FROM_COORDINATES;TAXON_MATCH_TAXON_ID_IGNORED
3903633937	50c9509d-22c7-4a22-a47d-8c48425ef4a7	https://www.inaturalist.org/observations/134537566	Fungi	Basidiomycota	Agaricomycetes	Agaricales	Hygrophoraceae	Gliophorus	Gliophorus laetus		SPECIES	Gliophorus laetus (Pers.) Herink	Gliophorus laetus		CA		New Brunswick	PRESENT		28eb1a3f-1c15-4a95-931a-4af90ecb574d	46.264669	-64.582439							2022-09-09T17:21:58	9	9	2022	3304469	3304469	HUMAN_OBSERVATION	iNaturalist	Observations	134537566		Nicolas Schwab	2022-09-11T10:59:03	CC_BY_NC_4_0	Laura Berry	Laura Berry			2025-01-14T12:31:28.395Z	StillImage	COORDINATE_ROUNDED;CONTINENT_DERIVED_FROM_COORDINATES;TAXON_MATCH_TAXON_ID_IGNORED
3903296603	50c9509d-22c7-4a22-a47d-8c48425ef4a7	https://www.inaturalist.org/observations/133620164	Fungi	Basidiomycota	Agaricomycetes	Agaricales	Hygrophoraceae	Gliophorus	Gliophorus laetus		SPECIES	Gliophorus laetus (Pers.) Herink	Gliophorus laetus		CA		Ontario	PRESENT		28eb1a3f-1c15-4a95-931a-4af90ecb574d	45.353572	-75.142775							2022-09-03T11:11	3	9	2022	3304469	3304469	HUMAN_OBSERVATION	iNaturalist	Observations	133620164		jonathan_mack	2022-09-04T15:20:07	CC_BY_NC_4_0	jonathan_mack	jonathan_mack			2025-01-14T13:16:48.802Z	StillImage	COORDINATE_ROUNDED;CONTINENT_DERIVED_FROM_COORDINATES;TAXON_MATCH_TAXON_ID_IGNORED
3903022570	50c9509d-22c7-4a22-a47d-8c48425ef4a7	https://www.inaturalist.org/observations/131267960	Fungi	Basidiomycota	Agaricomycetes	Agaricales	Hygrophoraceae	Gliophorus	Gliophorus laetus		SPECIES	Gliophorus laetus (Pers.) Herink	Gliophorus laetus		CA		New Brunswick	PRESENT		28eb1a3f-1c15-4a95-931a-4af90ecb574d	46.850811	-66.613022	16.0						2022-08-17T09:31	17	8	2022	3304469	3304469	HUMAN_OBSERVATION	iNaturalist	Observations	131267960		Alfredo Justo	2022-08-17T23:33:46	CC_BY_NC_4_0	Alfredo Justo	Alfredo Justo			2025-01-14T13:25:17.875Z	StillImage	COORDINATE_ROUNDED;CONTINENT_DERIVED_FROM_COORDINATES;TAXON_MATCH_TAXON_ID_IGNORED
3874084688	50c9509d-22c7-4a22-a47d-8c48425ef4a7	https://www.inaturalist.org/observations/126576732	Fungi	Basidiomycota	Agaricomycetes	Agaricales	Hygrophoraceae	Gliophorus	Gliophorus laetus		SPECIES	Gliophorus laetus (Pers.) Herink	Gliophorus laetus		CA		Québec	PRESENT		28eb1a3f-1c15-4a95-931a-4af90ecb574d	45.969119	-76.5994	27095.0						2022-07-06T10:35	6	7	2022	3304469	3304469	HUMAN_OBSERVATION	iNaturalist	Observations	126576732		L Joan Heyding	2022-07-17T01:41:04	CC_BY_NC_4_0	L Joan Heyding	L Joan Heyding			2025-01-14T12:30:02.727Z	StillImage	COORDINATE_ROUNDED;CONTINENT_DERIVED_FROM_COORDINATES;TAXON_MATCH_TAXON_ID_IGNORED
3873467541	50c9509d-22c7-4a22-a47d-8c48425ef4a7	https://www.inaturalist.org/observations/126577098	Fungi	Basidiomycota	Agaricomycetes	Agaricales	Hygrophoraceae	Gliophorus	Gliophorus laetus		SPECIES	Gliophorus laetus (Pers.) Herink	Gliophorus laetus		CA		Québec	PRESENT		28eb1a3f-1c15-4a95-931a-4af90ecb574d	45.945703	-76.510082	27095.0						2022-07-06T10:34	6	7	2022	3304469	3304469	HUMAN_OBSERVATION	iNaturalist	Observations	126577098		cinna_latifolia	2022-07-19T05:50:42	CC_BY_NC_4_0	L Joan Heyding	L Joan Heyding			2025-01-14T13:23:21.954Z	StillImage	COORDINATE_ROUNDED;CONTINENT_DERIVED_FROM_COORDINATES;TAXON_MATCH_TAXON_ID_IGNORED
3747060482	50c9509d-22c7-4a22-a47d-8c48425ef4a7	https://www.inaturalist.org/observations/104459652	Fungi	Basidiomycota	Agaricomycetes	Agaricales	Hygrophoraceae	Gliophorus	Gliophorus laetus		SPECIES	Gliophorus laetus (Pers.) Herink	Gliophorus laetus		CA		Québec	PRESENT		28eb1a3f-1c15-4a95-931a-4af90ecb574d	46.920153	-71.238256	61.0						2021-10-06	6	10	2021	3304469	3304469	HUMAN_OBSERVATION	iNaturalist	Observations	104459652		cinna_latifolia	2022-03-20T23:56:03	CC_BY_NC_4_0	Christian Grenier	Christian Grenier			2025-01-14T13:17:36.151Z	StillImage	COORDINATE_ROUNDED;CONTINENT_DERIVED_FROM_COORDINATES;TAXON_MATCH_TAXON_ID_IGNORED
3399331932	50c9509d-22c7-4a22-a47d-8c48425ef4a7	https://www.inaturalist.org/observations/99137418	Fungi	Basidiomycota	Agaricomycetes	Agaricales	Hygrophoraceae	Gliophorus	Gliophorus laetus		SPECIES	Gliophorus laetus (Pers.) Herink	Gliophorus laetus		CA		Ontario	PRESENT		28eb1a3f-1c15-4a95-931a-4af90ecb574d	45.443113	-75.180916	183.0						2021-10-23T10:17	23	10	2021	3304469	3304469	HUMAN_OBSERVATION	iNaturalist	Observations	99137418		L Joan Heyding	2021-10-23T21:43:21	CC_BY_NC_4_0	L Joan Heyding	L Joan Heyding			2025-01-14T13:11:55.721Z	StillImage	COORDINATE_ROUNDED;CONTINENT_DERIVED_FROM_COORDINATES;TAXON_MATCH_TAXON_ID_IGNORED
3337893437	50c9509d-22c7-4a22-a47d-8c48425ef4a7	https://www.inaturalist.org/observations/58705281	Fungi	Basidiomycota	Agaricomycetes	Agaricales	Hygrophoraceae	Gliophorus	Gliophorus laetus		SPECIES	Gliophorus laetus (Pers.) Herink	Gliophorus laetus		CA		Ontario	PRESENT		28eb1a3f-1c15-4a95-931a-4af90ecb574d	45.071313	-79.11599	335.0						2020-09-04T17:05	4	9	2020	3304469	3304469	HUMAN_OBSERVATION	iNaturalist	Observations	58705281		Peter Jessen	2020-09-06T12:34:48	CC_BY_NC_4_0	Peter Jessen	Peter Jessen			2025-01-14T13:09:57.168Z	StillImage	COORDINATE_ROUNDED;CONTINENT_DERIVED_FROM_COORDINATES;TAXON_MATCH_TAXON_ID_IGNORED
3335391784	50c9509d-22c7-4a22-a47d-8c48425ef4a7	https://www.inaturalist.org/observations/89248180	Fungi	Basidiomycota	Agaricomycetes	Agaricales	Hygrophoraceae	Gliophorus	Gliophorus laetus		SPECIES	Gliophorus laetus (Pers.) Herink	Gliophorus laetus		CA		New Brunswick	PRESENT		28eb1a3f-1c15-4a95-931a-4af90ecb574d	46.54715	-65.067584	186.0						2021-07-23T13:57:44	23	7	2021	3304469	3304469	HUMAN_OBSERVATION	iNaturalist	Observations	89248180		Raymonde G Chartier	2021-07-31T03:09:04	CC_BY_NC_4_0	Denise	Denise			2025-01-14T12:20:05.693Z		COORDINATE_ROUNDED;CONTINENT_DERIVED_FROM_COORDINATES;TAXON_MATCH_TAXON_ID_IGNORED
3333284931	50c9509d-22c7-4a22-a47d-8c48425ef4a7	https://www.inaturalist.org/observations/88483948	Fungi	Basidiomycota	Agaricomycetes	Agaricales	Hygrophoraceae	Gliophorus	Gliophorus laetus		SPECIES	Gliophorus laetus (Pers.) Herink	Gliophorus laetus		CA		Ontario	PRESENT		28eb1a3f-1c15-4a95-931a-4af90ecb574d	45.3528	-75.379399	86.0						2021-07-24T14:50	24	7	2021	3304469	3304469	HUMAN_OBSERVATION	iNaturalist	Observations	88483948		jonathan_mack	2021-07-25T02:18:50	CC_BY_NC_4_0	jonathan_mack	jonathan_mack			2025-01-14T13:13:50.040Z	StillImage	COORDINATE_ROUNDED;CONTINENT_DERIVED_FROM_COORDINATES;TAXON_MATCH_TAXON_ID_IGNORED
3058740967	50c9509d-22c7-4a22-a47d-8c48425ef4a7	https://www.inaturalist.org/observations/70769973	Fungi	Basidiomycota	Agaricomycetes	Agaricales	Hygrophoraceae	Gliophorus	Gliophorus laetus		SPECIES	Gliophorus laetus (Pers.) Herink	Gliophorus laetus		CA		Ontario	PRESENT		28eb1a3f-1c15-4a95-931a-4af90ecb574d	45.833332	-78.483494	61355.0						2016-09-16T13:13	16	9	2016	3304469	3304469	HUMAN_OBSERVATION	iNaturalist	Observations	70769973		Garrett Taylor	2021-03-07T21:43:05	CC0_1_0	Garrett Taylor	Garrett Taylor			2025-01-14T12:17:37.871Z	StillImage	COORDINATE_ROUNDED;CONTINENT_DERIVED_FROM_COORDINATES;TAXON_MATCH_TAXON_ID_IGNORED
2456511968	50c9509d-22c7-4a22-a47d-8c48425ef4a7	https://www.inaturalist.org/observations/34784334	Fungi	Basidiomycota	Agaricomycetes	Agaricales	Hygrophoraceae	Gliophorus	Gliophorus laetus		SPECIES	Gliophorus laetus (Pers.) Herink	Gliophorus laetus		CA		New Brunswick	PRESENT		28eb1a3f-1c15-4a95-931a-4af90ecb574d	46.16595	-64.330641	1502.0						2011-08-14T10:24	14	8	2011	3304469	3304469	HUMAN_OBSERVATION	iNaturalist	Observations	34784334		Raymonde G Chartier	2019-10-23T15:07:44	CC_BY_NC_4_0	Raymonde G Chartier	Raymonde G Chartier			2025-01-14T12:09:39.394Z	StillImage	COORDINATE_ROUNDED;CONTINENT_DERIVED_FROM_COORDINATES;TAXON_MATCH_TAXON_ID_IGNORED
2423611405	21705170-d2b6-42de-8904-c3bca4b83591	CMMF018844	Fungi	Basidiomycota	Agaricomycetes	Agaricales	Hygrophoraceae	Gliophorus	Gliophorus laetus		SPECIES	Hygrophorus laetus (Pers.) Fr.	Hygrophorus laetus (Pers.) Fr.	(Pers.) Fr.	CA	Lac Geai.	Québec	PRESENT		ff7bd5db-b724-4932-b496-10ea298851f9	45.996479	-73.99348	250.0						1986-08-09	9	8	1986	8925854	3304469	PRESERVED_SPECIMEN	Université de Montréal Biodiversity Centre	CMMF	CMMF018844	s.n.	Nantel, Patrick		CC0_1_0	Université de Montréal Biodiversity Centre	Nantel, Patrick			2024-01-24T16:38:18.680Z		INSTITUTION_MATCH_FUZZY;COLLECTION_MATCH_FUZZY;DIFFERENT_OWNER_INSTITUTION
1847645420	50c9509d-22c7-4a22-a47d-8c48425ef4a7	https://www.inaturalist.org/observations/9573725	Fungi	Basidiomycota	Agaricomycetes	Agaricales	Hygrophoraceae	Gliophorus	Gliophorus laetus		SPECIES	Gliophorus laetus (Pers.) Herink	Gliophorus laetus		CA		Québec	PRESENT		28eb1a3f-1c15-4a95-931a-4af90ecb574d	48.4036	-68.57575	22730.0						2013-08-09	9	8	2013	3304469	3304469	HUMAN_OBSERVATION	iNaturalist	Observations	9573725		mycowalt	2018-01-23T10:59:37	CC_BY_NC_4_0	mycowalt	mycowalt			2025-01-14T12:59:47.650Z	StillImage	CONTINENT_DERIVED_FROM_COORDINATES;TAXON_MATCH_TAXON_ID_IGNORED
1807259508	e8a25a42-f125-476c-8554-3ec21cd51a84	ACAD:116237	Fungi	Basidiomycota	Agaricomycetes	Agaricales	Hygrophoraceae	Gliophorus	Gliophorus laetus		SPECIES	Hygrophorus laetus (Pers.) Fr.	Hygrophorus laetus		CA	Canaan	Nova Scotia	PRESENT		6491ad8c-8e49-4bd4-a089-0ddb3bbe0890	45.03173	-64.48681							1957-09-25	25	9	1957	8925854	3304469	PRESERVED_SPECIMEN	Acadia University	ACAD	3968F	3968			CC0_1_0	Acadia University	H, KA			2024-01-25T01:37:04.060Z	StillImage	GEODETIC_DATUM_INVALID;GEODETIC_DATUM_ASSUMED_WGS84;TAXON_MATCH_TAXON_ID_IGNORED;INSTITUTION_MATCH_FUZZY;COLLECTION_MATCH_FUZZY
1807255904	e8a25a42-f125-476c-8554-3ec21cd51a84	ACAD:112809	Fungi	Basidiomycota	Agaricomycetes	Agaricales	Hygrophoraceae	Gliophorus	Gliophorus laetus		SPECIES	Hygrophorus laetus (Pers.) Fr.	Hygrophorus laetus		CA	(Kentville)	Nova Scotia	PRESENT		6491ad8c-8e49-4bd4-a089-0ddb3bbe0890	45.07662	-64.49592							1933-09-13	13	9	1933	8925854	3304469	PRESERVED_SPECIMEN	Acadia University	ACAD	299F	299			CC0_1_0	Acadia University	H, KA			2024-01-25T01:37:10.696Z	StillImage	GEODETIC_DATUM_INVALID;GEODETIC_DATUM_ASSUMED_WGS84;TAXON_MATCH_TAXON_ID_IGNORED;INSTITUTION_MATCH_FUZZY;COLLECTION_MATCH_FUZZY
1412709566	21705170-d2b6-42de-8904-c3bca4b83591	CMMF018030	Fungi	Basidiomycota	Agaricomycetes	Agaricales	Hygrophoraceae	Gliophorus	Gliophorus laetus		SPECIES	Hygrophorus laetus (Pers.) Fr.	Hygrophorus laetus (Pers.) Fr.	(Pers.) Fr.	CA	Lac Triton (tête à droite), Station de biologie des Laurentides, Saint-Hippolyte, Québec.	Québec	PRESENT		ff7bd5db-b724-4932-b496-10ea298851f9	45.987784	-74.007871	250.0						1977-08-08	8	8	1977	8925854	3304469	PRESERVED_SPECIMEN	Université de Montréal Biodiversity Centre	CMMF	CMMF018030	48	B., A.M.; T., A.; Neumann, Peterjurgen; R., S.		CC0_1_0	Université de Montréal Biodiversity Centre	B., A.M.; T., A.; Neumann, Peterjurgen; R., S.			2024-01-24T16:38:17.929Z		INSTITUTION_MATCH_FUZZY;COLLECTION_MATCH_FUZZY;DIFFERENT_OWNER_INSTITUTION
1412709353	21705170-d2b6-42de-8904-c3bca4b83591	CMMF017803	Fungi	Basidiomycota	Agaricomycetes	Agaricales	Hygrophoraceae	Gliophorus	Gliophorus laetus		SPECIES	Hygrophorus laetus (Pers.) Fr.	Hygrophorus laetus (Pers.) Fr.	(Pers.) Fr.	CA	Arboretum Morgan A, Québec.	Québec	PRESENT		ff7bd5db-b724-4932-b496-10ea298851f9	45.43	-73.946667	2500.0						1980-07-30	30	7	1980	8925854	3304469	PRESERVED_SPECIMEN	Université de Montréal Biodiversity Centre	CMMF	CMMF017803	1980-293	McNeil, Raymond		CC0_1_0	Université de Montréal Biodiversity Centre	Haméon, G.			2024-01-24T16:38:16.686Z		COORDINATE_ROUNDED;INSTITUTION_MATCH_FUZZY;COLLECTION_MATCH_FUZZY;DIFFERENT_OWNER_INSTITUTION
1412708884	21705170-d2b6-42de-8904-c3bca4b83591	CMMF017333	Fungi	Basidiomycota	Agaricomycetes	Agaricales	Hygrophoraceae	Gliophorus	Gliophorus laetus		SPECIES	Hygrophorus laetus (Pers.) Fr.	Hygrophorus laetus (Pers.) Fr.	(Pers.) Fr.	CA	Île des Soeurs, Québec.	Québec	PRESENT		ff7bd5db-b724-4932-b496-10ea298851f9	45.461124	-73.547316	2000.0						1981-07-20	20	7	1981	8925854	3304469	PRESERVED_SPECIMEN	Université de Montréal Biodiversity Centre	CMMF	CMMF017333	1981-113	McNeil, Raymond		CC0_1_0	Université de Montréal Biodiversity Centre	Cyr, A.			2024-01-24T16:38:15.686Z		INSTITUTION_MATCH_FUZZY;COLLECTION_MATCH_FUZZY;DIFFERENT_OWNER_INSTITUTION
1412706460	21705170-d2b6-42de-8904-c3bca4b83591	CMMF014892	Fungi	Basidiomycota	Agaricomycetes	Agaricales	Hygrophoraceae	Gliophorus	Gliophorus laetus		SPECIES	Hygrocybe laeta (Pers.) P.Kumm.	Hygrocybe laeta (Pers.) P. Kumm.	(Pers.) P. Kumm.	CA	Chicoutimi, Québec.	Québec	PRESENT		ff7bd5db-b724-4932-b496-10ea298851f9	48.368277	-71.119642	15000.0						1984-08-11	11	8	1984	3345321	3304469	PRESERVED_SPECIMEN	Université de Montréal Biodiversity Centre	CMMF	CMMF014892	1400	Guérin, Gérard		CC0_1_0	Université de Montréal Biodiversity Centre	Guérin, Gérard			2024-01-24T16:38:20.682Z	StillImage	INSTITUTION_MATCH_FUZZY;COLLECTION_MATCH_FUZZY;DIFFERENT_OWNER_INSTITUTION
1412706396	21705170-d2b6-42de-8904-c3bca4b83591	CMMF014893	Fungi	Basidiomycota	Agaricomycetes	Agaricales	Hygrophoraceae	Gliophorus	Gliophorus laetus		SPECIES	Hygrocybe laeta (Pers.) P.Kumm.	Hygrocybe laeta (Pers.) P. Kumm.	(Pers.) P. Kumm.	CA	Saint-Gédéon, Québec.	Québec	PRESENT		ff7bd5db-b724-4932-b496-10ea298851f9	48.494484	-71.775457	15000.0						1985-07-17	17	7	1985	3345321	3304469	PRESERVED_SPECIMEN	Université de Montréal Biodiversity Centre	CMMF	CMMF014893	1401	Guérin, Gérard		CC0_1_0	Université de Montréal Biodiversity Centre	Guérin, Gérard			2024-01-24T16:38:20.685Z		INSTITUTION_MATCH_FUZZY;COLLECTION_MATCH_FUZZY;DIFFERENT_OWNER_INSTITUTION
1412706375	21705170-d2b6-42de-8904-c3bca4b83591	CMMF014891	Fungi	Basidiomycota	Agaricomycetes	Agaricales	Hygrophoraceae	Gliophorus	Gliophorus laetus		SPECIES	Hygrocybe laeta (Pers.) P.Kumm.	Hygrocybe laeta (Pers.) P. Kumm.	(Pers.) P. Kumm.	CA	Route 10, Brossard, Québec.	Québec	PRESENT		ff7bd5db-b724-4932-b496-10ea298851f9	45.459256	-73.449557	4000.0						1979-06-10	10	6	1979	3345321	3304469	PRESERVED_SPECIMEN	Université de Montréal Biodiversity Centre	CMMF	CMMF014891	1399	Guérin, Gérard		CC0_1_0	Université de Montréal Biodiversity Centre	Guérin, Gérard			2024-01-24T16:38:20.679Z		INSTITUTION_MATCH_FUZZY;COLLECTION_MATCH_FUZZY;DIFFERENT_OWNER_INSTITUTION
1135071441	21705170-d2b6-42de-8904-c3bca4b83591	CMMF009990	Fungi	Basidiomycota	Agaricomycetes	Agaricales	Hygrophoraceae	Gliophorus	Gliophorus laetus		SPECIES	Hygrocybe laeta (Pers.) P.Kumm.	Hygrocybe laeta (Pers.) P. Kumm.	(Pers.) P. Kumm.	CA	Parc des Moulins, Québec.	Québec	PRESENT		ff7bd5db-b724-4932-b496-10ea298851f9	46.887678	-71.301288	600.0						2007-09-12	12	9	2007	3345321	3304469	PRESERVED_SPECIMEN	Université de Montréal Biodiversity Centre	CMMF	CMMF009990	1575	Labrecque, Jacqueline		CC0_1_0	Université de Montréal Biodiversity Centre	Labrecque, Jacqueline			2024-01-24T16:38:21.436Z		INSTITUTION_MATCH_FUZZY;COLLECTION_MATCH_FUZZY;DIFFERENT_OWNER_INSTITUTION
1135071335	21705170-d2b6-42de-8904-c3bca4b83591	CMMF009912	Fungi	Basidiomycota	Agaricomycetes	Agaricales	Hygrophoraceae	Gliophorus	Gliophorus laetus		SPECIES	Hygrocybe laeta (Pers.) P.Kumm.	Hygrocybe laeta (Pers.) P. Kumm.	(Pers.) P. Kumm.	CA	Pinède Rourke, Lac-Beauport.	Québec	PRESENT		ff7bd5db-b724-4932-b496-10ea298851f9	46.953091	-71.275238	5000.0						2007-09-02	2	9	2007	3345321	3304469	PRESERVED_SPECIMEN	Université de Montréal Biodiversity Centre	CMMF	CMMF009912	1496	Labrecque, Jacqueline		CC0_1_0	Université de Montréal Biodiversity Centre	Labrecque, Jacqueline			2024-01-24T16:38:21.403Z		INSTITUTION_MATCH_FUZZY;COLLECTION_MATCH_FUZZY;DIFFERENT_OWNER_INSTITUTION
1135071037	21705170-d2b6-42de-8904-c3bca4b83591	CMMF009615	Fungi	Basidiomycota	Agaricomycetes	Agaricales	Hygrophoraceae	Gliophorus	Gliophorus laetus		SPECIES	Hygrocybe laeta (Pers.) P.Kumm.	Hygrocybe laeta (Pers.) P. Kumm.	(Pers.) P. Kumm.	CA	Chemin de l'Éperon (M. Tremblay), Lac-Beauport.	Québec	PRESENT		ff7bd5db-b724-4932-b496-10ea298851f9	46.953091	-71.275238	5000.0						2007-07-25	25	7	2007	3345321	3304469	PRESERVED_SPECIMEN	Université de Montréal Biodiversity Centre	CMMF	CMMF009615	1199	Labbé, Roland		CC0_1_0	Université de Montréal Biodiversity Centre	Labrecque, Jacqueline			2024-01-24T16:38:20.992Z		INSTITUTION_MATCH_FUZZY;COLLECTION_MATCH_FUZZY;DIFFERENT_OWNER_INSTITUTION
1135070294	21705170-d2b6-42de-8904-c3bca4b83591	CMMF008853	Fungi	Basidiomycota	Agaricomycetes	Agaricales	Hygrophoraceae	Gliophorus	Gliophorus laetus		SPECIES	Hygrocybe laeta (Pers.) P.Kumm.	Hygrocybe laeta (Pers.) P. Kumm.	(Pers.) P. Kumm.	CA	Chemin de la Chapelle, Lac-Beauport.	Québec	PRESENT		ff7bd5db-b724-4932-b496-10ea298851f9	46.949281	-71.284722	250.0						2006-07-31	31	7	2006	3345321	3304469	PRESERVED_SPECIMEN	Université de Montréal Biodiversity Centre	CMMF	CMMF008853	436	Labrecque, Jacqueline		CC0_1_0	Université de Montréal Biodiversity Centre	Labrecque, Jacqueline			2024-01-24T16:38:18.867Z		INSTITUTION_MATCH_FUZZY;COLLECTION_MATCH_FUZZY;DIFFERENT_OWNER_INSTITUTION
1135070217	21705170-d2b6-42de-8904-c3bca4b83591	CMMF008727	Fungi	Basidiomycota	Agaricomycetes	Agaricales	Hygrophoraceae	Gliophorus	Gliophorus laetus		SPECIES	Hygrocybe laeta (Pers.) P.Kumm.	Hygrocybe laeta (Pers.) P. Kumm.	(Pers.) P. Kumm.	CA	Rue des Castors, Québec.	Québec	PRESENT		ff7bd5db-b724-4932-b496-10ea298851f9	46.891264	-71.290968	500.0						2006-07-09	9	7	2006	3345321	3304469	PRESERVED_SPECIMEN	Université de Montréal Biodiversity Centre	CMMF	CMMF008727	308	Labrecque, Jacqueline; Labbé, Roland		CC0_1_0	Université de Montréal Biodiversity Centre	Labrecque, Jacqueline			2024-01-24T16:38:18.806Z	StillImage	INSTITUTION_MATCH_FUZZY;COLLECTION_MATCH_FUZZY;DIFFERENT_OWNER_INSTITUTION
1135069262	21705170-d2b6-42de-8904-c3bca4b83591	CMMF007821	Fungi	Basidiomycota	Agaricomycetes	Agaricales	Hygrophoraceae	Gliophorus	Gliophorus laetus		SPECIES	Hygrocybe laeta (Pers.) P.Kumm.	Hygrocybe laeta (Pers.) P. Kumm.	(Pers.) P. Kumm.	CA	St-Fabien-de-Panet	Québec	PRESENT		ff7bd5db-b724-4932-b496-10ea298851f9	46.6275	-70.11105	100.0						1980-07-26	26	7	1980	3345321	3304469	PRESERVED_SPECIMEN	Université de Montréal Biodiversity Centre	CMMF	CMMF007821	669	McNeil, Raymond		CC0_1_0	Université de Montréal Biodiversity Centre	McNeil, Raymond			2024-01-24T16:38:14.738Z	StillImage	INSTITUTION_MATCH_FUZZY;COLLECTION_MATCH_FUZZY;DIFFERENT_OWNER_INSTITUTION
1135069183	21705170-d2b6-42de-8904-c3bca4b83591	CMMF007825	Fungi	Basidiomycota	Agaricomycetes	Agaricales	Hygrophoraceae	Gliophorus	Gliophorus laetus		SPECIES	Hygrocybe laeta (Pers.) P.Kumm.	Hygrocybe laeta (Pers.) P. Kumm.	(Pers.) P. Kumm.	CA	St-Fabien-de-Panet	Québec	PRESENT		ff7bd5db-b724-4932-b496-10ea298851f9	46.6275	-70.11105	100.0						1980-07-26	26	7	1980	3345321	3304469	PRESERVED_SPECIMEN	Université de Montréal Biodiversity Centre	CMMF	CMMF007825	681	McNeil, Raymond		CC0_1_0	Université de Montréal Biodiversity Centre	McNeil, Raymond			2024-01-24T16:38:14.737Z	StillImage	INSTITUTION_MATCH_FUZZY;COLLECTION_MATCH_FUZZY;DIFFERENT_OWNER_INSTITUTION
1135069064	21705170-d2b6-42de-8904-c3bca4b83591	CMMF007584	Fungi	Basidiomycota	Agaricomycetes	Agaricales	Hygrophoraceae	Gliophorus	Gliophorus laetus		SPECIES	Hygrocybe laeta (Pers.) P.Kumm.	Hygrocybe laeta (Pers.) P. Kumm.	(Pers.) P. Kumm.	CA	St-Hippolyte	Québec	PRESENT		ff7bd5db-b724-4932-b496-10ea298851f9	45.989333	-74.003633	100.0						1979-09-15	15	9	1979	3345321	3304469	PRESERVED_SPECIMEN	Université de Montréal Biodiversity Centre	CMMF	CMMF007584	464	McNeil, Raymond		CC0_1_0	Université de Montréal Biodiversity Centre	McNeil, Raymond			2024-01-24T16:38:16.004Z	StillImage	INSTITUTION_MATCH_FUZZY;COLLECTION_MATCH_FUZZY;DIFFERENT_OWNER_INSTITUTION
