gbifID	datasetKey	occurrenceID	kingdom	phylum	class	order	family	genus	species	infraspecificEpithet	taxonRank	scientificName	verbatimScientificName	verbatimScientificNameAuthorship	countryCode	locality	stateProvince	occurrenceStatus	individualCount	publishingOrgKey	decimalLatitude	decimalLongitude	coordinateUncertaintyInMeters	coordinatePrecision	elevation	elevationAccuracy	depth	depthAccuracy	eventDate	day	month	year	taxonKey	speciesKey	basisOfRecord	institutionCode	collectionCode	catalogNumber	recordNumber	identifiedBy	dateIdentified	license	rightsHolder	recordedBy	typeStatus	establishmentMeans	lastInterpreted	mediaType	issue
617554753	21705170-d2b6-42de-8904-c3bca4b83591	CMMF000502	Fungi	Basidiomycota	Agaricomycetes	Hymenochaetales	Rickenellaceae	Rickenella	Rickenella fibula		SPECIES	Rickenella fibula (Bull.) Raithelh.	Rickenella fibula (Bull.) Raithelh.	(Bull.) Raithelh.	CA	Montréal	Québec	PRESENT		ff7bd5db-b724-4932-b496-10ea298851f9	45.509625	-73.662984	25000.0						1989-06-06	6	6	1989	9105286	9105286	PRESERVED_SPECIMEN	Université de Montréal Biodiversity Centre	CMMF	CMMF000502		Lamoureux, Yves		CC0_1_0	Université de Montréal Biodiversity Centre	Lamoureux, Yves			2024-01-24T16:38:20.034Z	StillImage	INSTITUTION_MATCH_FUZZY;COLLECTION_MATCH_FUZZY;DIFFERENT_OWNER_INSTITUTION
617550773	21705170-d2b6-42de-8904-c3bca4b83591	CMMF002420	Fungi	Basidiomycota	Agaricomycetes	Hymenochaetales	Rickenellaceae	Rickenella	Rickenella fibula		SPECIES	Rickenella fibula (Bull.) Raithelh.	Rickenella fibula (Bull.) Raithelh.	(Bull.) Raithelh.	CA	Mt Orford	Québec	PRESENT		ff7bd5db-b724-4932-b496-10ea298851f9	45.340394	-72.208677	6500.0						1995-07-28	28	7	1995	9105286	9105286	PRESERVED_SPECIMEN	Université de Montréal Biodiversity Centre	CMMF	CMMF002420		Lamoureux, Yves		CC0_1_0	Université de Montréal Biodiversity Centre	Lamoureux, Yves			2024-01-24T16:38:19.498Z	StillImage	INSTITUTION_MATCH_FUZZY;COLLECTION_MATCH_FUZZY;DIFFERENT_OWNER_INSTITUTION
4980530785	50c9509d-22c7-4a22-a47d-8c48425ef4a7	https://www.inaturalist.org/observations/5520682	Fungi	Basidiomycota	Agaricomycetes	Hymenochaetales	Rickenellaceae	Rickenella	Rickenella fibula		SPECIES	Rickenella fibula (Bull.) Raithelh.	Rickenella fibula		CA		Ontario	PRESENT		28eb1a3f-1c15-4a95-931a-4af90ecb574d	45.614745	-78.70734	8136.0						2015-09-22T10:58:08	22	9	2015	9105286	9105286	HUMAN_OBSERVATION	iNaturalist	Observations	5520682		amanitamozart	2023-05-29T14:35:27	CC_BY_NC_4_0	Brett	Brett			2025-01-14T12:59:24.905Z	StillImage	CONTINENT_DERIVED_FROM_COORDINATES;TAXON_MATCH_TAXON_ID_IGNORED
4946362787	50c9509d-22c7-4a22-a47d-8c48425ef4a7	https://www.inaturalist.org/observations/238096036	Fungi	Basidiomycota	Agaricomycetes	Hymenochaetales	Rickenellaceae	Rickenella	Rickenella fibula		SPECIES	Rickenella fibula (Bull.) Raithelh.	Rickenella fibula		CA		Québec	PRESENT		28eb1a3f-1c15-4a95-931a-4af90ecb574d	45.608034	-76.19663	15.0						2024-08-13T13:56	13	8	2024	9105286	9105286	HUMAN_OBSERVATION	iNaturalist	Observations	238096036		Alexis Tinker-Tsavalas	2024-08-26T16:48:50	CC_BY_4_0	Alexis Tinker-Tsavalas	Alexis Tinker-Tsavalas			2025-01-14T12:48:45.931Z	StillImage	COORDINATE_ROUNDED;CONTINENT_DERIVED_FROM_COORDINATES;TAXON_MATCH_TAXON_ID_IGNORED
4436136119	50c9509d-22c7-4a22-a47d-8c48425ef4a7	https://www.inaturalist.org/observations/189058603	Fungi	Basidiomycota	Agaricomycetes	Hymenochaetales	Rickenellaceae	Rickenella	Rickenella fibula		SPECIES	Rickenella fibula (Bull.) Raithelh.	Rickenella fibula		CA		Ontario	PRESENT		28eb1a3f-1c15-4a95-931a-4af90ecb574d	45.356269	-76.014205	814.0						2023-10-26T15:24:11	26	10	2023	9105286	9105286	HUMAN_OBSERVATION	iNaturalist	Observations	189058603		janesly	2023-10-26T22:32:37	CC_BY_NC_4_0	janesly	janesly			2025-01-14T13:33:56.834Z	StillImage	COORDINATE_ROUNDED;CONTINENT_DERIVED_FROM_COORDINATES;TAXON_MATCH_TAXON_ID_IGNORED
4171866381	50c9509d-22c7-4a22-a47d-8c48425ef4a7	https://www.inaturalist.org/observations/175963060	Fungi	Basidiomycota	Agaricomycetes	Hymenochaetales	Rickenellaceae	Rickenella	Rickenella fibula		SPECIES	Rickenella fibula (Bull.) Raithelh.	Rickenella fibula		CA		Ontario	PRESENT		28eb1a3f-1c15-4a95-931a-4af90ecb574d	45.104663	-76.340497	133.0						2023-07-31T10:36	31	7	2023	9105286	9105286	HUMAN_OBSERVATION	iNaturalist	Observations	175963060		Igor Khomenko	2023-08-01T01:06:09	CC_BY_NC_4_0	Igor Khomenko	Igor Khomenko			2025-01-14T12:39:36.122Z	StillImage	COORDINATE_ROUNDED;CONTINENT_DERIVED_FROM_COORDINATES;TAXON_MATCH_TAXON_ID_IGNORED
4137579221	50c9509d-22c7-4a22-a47d-8c48425ef4a7	https://www.inaturalist.org/observations/168192422	Fungi	Basidiomycota	Agaricomycetes	Hymenochaetales	Rickenellaceae	Rickenella	Rickenella fibula		SPECIES	Rickenella fibula (Bull.) Raithelh.	Rickenella fibula		CA		Québec	PRESENT		28eb1a3f-1c15-4a95-931a-4af90ecb574d	45.72576	-74.181072	27126.0						2023-06-18T15:44:54	18	6	2023	9105286	9105286	HUMAN_OBSERVATION	iNaturalist	Observations	168192422		Lori Pearson	2023-06-18T22:38:40	CC_BY_NC_4_0	Lori Pearson	Lori Pearson			2025-01-14T12:35:29.573Z	StillImage	COORDINATE_ROUNDED;CONTINENT_DERIVED_FROM_COORDINATES;TAXON_MATCH_TAXON_ID_IGNORED
4134101330	50c9509d-22c7-4a22-a47d-8c48425ef4a7	https://www.inaturalist.org/observations/166244159	Fungi	Basidiomycota	Agaricomycetes	Hymenochaetales	Rickenellaceae	Rickenella	Rickenella fibula		SPECIES	Rickenella fibula (Bull.) Raithelh.	Rickenella fibula		CA		Ontario	PRESENT		28eb1a3f-1c15-4a95-931a-4af90ecb574d	45.34748	-77.090419	30.0						2004-09-20	20	9	2004	9105286	9105286	HUMAN_OBSERVATION	iNaturalist	Observations	166244159		Daryl Coulson	2023-06-08T14:22:19	CC_BY_NC_4_0	Daryl Coulson	Daryl Coulson			2025-01-14T12:40:05.625Z	StillImage	COORDINATE_ROUNDED;CONTINENT_DERIVED_FROM_COORDINATES;TAXON_MATCH_TAXON_ID_IGNORED
3985710374	50c9509d-22c7-4a22-a47d-8c48425ef4a7	https://www.inaturalist.org/observations/58421967	Fungi	Basidiomycota	Agaricomycetes	Hymenochaetales	Rickenellaceae	Rickenella	Rickenella fibula		SPECIES	Rickenella fibula (Bull.) Raithelh.	Rickenella fibula		CA		Ontario	PRESENT		28eb1a3f-1c15-4a95-931a-4af90ecb574d	45.376097	-75.249032	1753.0						2020-09-01T14:48:10	1	9	2020	9105286	9105286	HUMAN_OBSERVATION	iNaturalist	Observations	58421967		cinna_latifolia	2022-11-18T04:16:07	CC_BY_NC_4_0	Lynn Ovenden	Lynn Ovenden			2025-01-14T13:03:58.406Z	StillImage	COORDINATE_ROUNDED;CONTINENT_DERIVED_FROM_COORDINATES;TAXON_MATCH_TAXON_ID_IGNORED
3915376326	50c9509d-22c7-4a22-a47d-8c48425ef4a7	https://www.inaturalist.org/observations/28594056	Fungi	Basidiomycota	Agaricomycetes	Hymenochaetales	Rickenellaceae	Rickenella	Rickenella fibula		SPECIES	Rickenella fibula (Bull.) Raithelh.	Rickenella fibula		CA		Prince Edward Island	PRESENT		28eb1a3f-1c15-4a95-931a-4af90ecb574d	46.602454	-64.056324	272.0						2018-10-15T17:17	15	10	2018	9105286	9105286	HUMAN_OBSERVATION	iNaturalist	Observations	28594056		Rosemary Curley	2019-07-11T02:56:54	CC_BY_NC_4_0	Rosemary Curley	Rosemary Curley			2025-01-14T12:08:08.292Z	StillImage	COORDINATE_ROUNDED;CONTINENT_DERIVED_FROM_COORDINATES;TAXON_MATCH_TAXON_ID_IGNORED
3858488275	50c9509d-22c7-4a22-a47d-8c48425ef4a7	https://www.inaturalist.org/observations/121285700	Fungi	Basidiomycota	Agaricomycetes	Hymenochaetales	Rickenellaceae	Rickenella	Rickenella fibula		SPECIES	Rickenella fibula (Bull.) Raithelh.	Rickenella fibula		CA		Ontario	PRESENT		28eb1a3f-1c15-4a95-931a-4af90ecb574d	45.199453	-76.238786	122.0						2022-06-11T14:58	11	6	2022	9105286	9105286	HUMAN_OBSERVATION	iNaturalist	Observations	121285700		almonteallisons	2022-06-11T19:16:29	CC_BY_NC_4_0	almonteallisons	almonteallisons			2025-01-14T12:31:54.819Z	StillImage	COORDINATE_ROUNDED;CONTINENT_DERIVED_FROM_COORDINATES;TAXON_MATCH_TAXON_ID_IGNORED
3456683869	50c9509d-22c7-4a22-a47d-8c48425ef4a7	https://www.inaturalist.org/observations/96845730	Fungi	Basidiomycota	Agaricomycetes	Hymenochaetales	Rickenellaceae	Rickenella	Rickenella fibula		SPECIES	Rickenella fibula (Bull.) Raithelh.	Rickenella fibula		CA		Québec	PRESENT		28eb1a3f-1c15-4a95-931a-4af90ecb574d	47.36013	-70.60128	6.0						2021-10-01T11:41:48	1	10	2021	9105286	9105286	HUMAN_OBSERVATION	iNaturalist	Observations	96845730		Jan Thornhill	2021-12-06T17:16:27	CC_BY_4_0	Marilyne Busque-Dubois	Marilyne Busque-Dubois			2025-01-14T12:22:12.231Z	StillImage	CONTINENT_DERIVED_FROM_COORDINATES;TAXON_MATCH_TAXON_ID_IGNORED
3399312315	50c9509d-22c7-4a22-a47d-8c48425ef4a7	https://www.inaturalist.org/observations/98564642	Fungi	Basidiomycota	Agaricomycetes	Hymenochaetales	Rickenellaceae	Rickenella	Rickenella fibula		SPECIES	Rickenella fibula (Bull.) Raithelh.	Rickenella fibula		CA		Québec	PRESENT		28eb1a3f-1c15-4a95-931a-4af90ecb574d	45.871125	-76.487689	27095.0						2021-10-12T14:44	12	10	2021	9105286	9105286	HUMAN_OBSERVATION	iNaturalist	Observations	98564642		L Joan Heyding	2021-10-18T01:35:07	CC_BY_NC_4_0	L Joan Heyding	L Joan Heyding			2025-01-14T13:11:50.577Z	StillImage	COORDINATE_ROUNDED;CONTINENT_DERIVED_FROM_COORDINATES;TAXON_MATCH_TAXON_ID_IGNORED
3351714231	d8cd16ba-bb74-4420-821e-083f2bac17c2	MN992638	Fungi	Basidiomycota	Agaricomycetes	Hymenochaetales	Rickenellaceae	Rickenella	Rickenella fibula		SPECIES	Rickenella fibula (Bull.) Raithelh.	Rickenella fibula		CA	Quebec, Chibougamau		PRESENT		ada9d123-ddb4-467d-8891-806ea8d94230	49.76	-74.41							2017-09-07	7	9	2017	9105286	9105286	PRESERVED_SPECIMEN			MQ17230-QFB29738		Pauline Dube		CC_BY_4_0					2025-01-18T13:05:50.795Z		GEODETIC_DATUM_ASSUMED_WGS84;CONTINENT_DERIVED_FROM_COORDINATES;TAXON_MATCH_TAXON_CONCEPT_ID_IGNORED;TAXON_MATCH_TAXON_ID_IGNORED
3018067479	50c9509d-22c7-4a22-a47d-8c48425ef4a7	https://www.inaturalist.org/observations/56757441	Fungi	Basidiomycota	Agaricomycetes	Hymenochaetales	Rickenellaceae	Rickenella	Rickenella fibula		SPECIES	Rickenella fibula (Bull.) Raithelh.	Rickenella fibula		CA		Ontario	PRESENT		28eb1a3f-1c15-4a95-931a-4af90ecb574d	45.574489	-78.436098	10.0						2020-08-17T13:06:05	17	8	2020	9105286	9105286	HUMAN_OBSERVATION	iNaturalist	Observations	56757441		Erwin Kooi	2020-08-17T17:06:22	CC_BY_NC_4_0	Erwin Kooi	Erwin Kooi			2025-01-14T13:06:05.592Z	StillImage	COORDINATE_ROUNDED;CONTINENT_DERIVED_FROM_COORDINATES;TAXON_MATCH_TAXON_ID_IGNORED
1990343532	032f1fbe-d21f-407d-be46-5cd1bb1ea397	5a7ca75c-2bb6-488b-95d6-32fdda870eba	Fungi	Basidiomycota	Agaricomycetes	Hymenochaetales	Rickenellaceae	Rickenella	Rickenella fibula		SPECIES	Rickenella fibula (Bull.) Raithelh.	Rickenella fibula	(Bull.) Raithelh.	CA	Ville-Saint-Laurent	Quebec	PRESENT		61c539d8-47e0-4b82-875f-b95aad66dcd4	45.491875	-73.728647							2011-06-18	18	6	2011	9105286	9105286	PRESERVED_SPECIMEN	TENN-F		TENN-F-071483	HRL0692	R. Lebeuf		CC0_1_0		R. Lebeuf			2025-01-12T10:33:40.584Z		GEODETIC_DATUM_ASSUMED_WGS84;CONTINENT_DERIVED_FROM_COORDINATES;TAXON_MATCH_TAXON_ID_IGNORED;INSTITUTION_MATCH_NONE
1990343343	032f1fbe-d21f-407d-be46-5cd1bb1ea397	f777f0e1-3b79-40ce-bc48-31ba3527a78b	Fungi	Basidiomycota	Agaricomycetes	Hymenochaetales	Rickenellaceae	Rickenella	Rickenella fibula		SPECIES	Rickenella fibula (Bull.) Raithelh.	Rickenella fibula	(Bull.) Raithelh.	CA	Ville-Saint-Laurent	Quebec	PRESENT		61c539d8-47e0-4b82-875f-b95aad66dcd4	45.491875	-73.728647							2011-06-18	18	6	2011	9105286	9105286	PRESERVED_SPECIMEN	TENN-F		TENN-F-0692	HRL0692	R. Lebeuf	2011-06-18T00:00:00	CC0_1_0		R. Lebeuf			2025-01-12T10:33:51.794Z		GEODETIC_DATUM_ASSUMED_WGS84;CONTINENT_DERIVED_FROM_COORDINATES;TAXON_MATCH_TAXON_ID_IGNORED;INSTITUTION_MATCH_NONE
1990333285	032f1fbe-d21f-407d-be46-5cd1bb1ea397	5ce555a7-7d19-451f-940b-91e3da71200e	Fungi	Basidiomycota	Agaricomycetes	Hymenochaetales	Rickenellaceae	Rickenella	Rickenella fibula		SPECIES	Rickenella fibula (Bull.) Raithelh.	Rickenella fibula	(Bull.) Raithelh.	CA	"Beauport, """"camping Municipale De Beauport"""""	Quebec	PRESENT		61c539d8-47e0-4b82-875f-b95aad66dcd4	46.900278	-71.175278							2006-07-29	29	7	2006	9105286	9105286	PRESERVED_SPECIMEN	TENN-F		TENN-F-061585	13317			CC0_1_0		E.B. Lickey			2025-01-12T10:33:46.135Z		COORDINATE_ROUNDED;GEODETIC_DATUM_ASSUMED_WGS84;CONTINENT_DERIVED_FROM_COORDINATES;TAXON_MATCH_TAXON_ID_IGNORED;INSTITUTION_MATCH_NONE
1412706387	21705170-d2b6-42de-8904-c3bca4b83591	CMMF014863	Fungi	Basidiomycota	Agaricomycetes	Hymenochaetales	Rickenellaceae	Rickenella	Rickenella fibula		SPECIES	Rickenella fibula (Bull.) Raithelh.	Rickenella fibula (Bull.) Raithelh.	(Bull.) Raithelh.	CA	Parc Urbain, Chicoutimi, Québec.	Québec	PRESENT		ff7bd5db-b724-4932-b496-10ea298851f9	48.400335	-71.03723	3500.0						1994-06-25	25	6	1994	9105286	9105286	PRESERVED_SPECIMEN	Université de Montréal Biodiversity Centre	CMMF	CMMF014863	1640	Guérin, Gérard		CC0_1_0	Université de Montréal Biodiversity Centre	Guérin, Gérard			2024-01-24T16:38:20.679Z	StillImage	INSTITUTION_MATCH_FUZZY;COLLECTION_MATCH_FUZZY;DIFFERENT_OWNER_INSTITUTION
1412706368	21705170-d2b6-42de-8904-c3bca4b83591	CMMF014861	Fungi	Basidiomycota	Agaricomycetes	Hymenochaetales	Rickenellaceae	Rickenella	Rickenella fibula		SPECIES	Rickenella fibula (Bull.) Raithelh.	Rickenella fibula (Bull.) Raithelh.	(Bull.) Raithelh.	CA	Brosseau, Québec.	Québec	PRESENT		ff7bd5db-b724-4932-b496-10ea298851f9	45.457499	-73.455441	9000.0						1980-05-24	24	5	1980	9105286	9105286	PRESERVED_SPECIMEN	Université de Montréal Biodiversity Centre	CMMF	CMMF014861	1638	Guérin, Gérard		CC0_1_0	Université de Montréal Biodiversity Centre	Guérin, Gérard			2024-01-24T16:38:20.679Z	StillImage	INSTITUTION_MATCH_FUZZY;COLLECTION_MATCH_FUZZY;DIFFERENT_OWNER_INSTITUTION
1412706352	21705170-d2b6-42de-8904-c3bca4b83591	CMMF014862	Fungi	Basidiomycota	Agaricomycetes	Hymenochaetales	Rickenellaceae	Rickenella	Rickenella fibula		SPECIES	Rickenella fibula (Bull.) Raithelh.	Rickenella fibula (Bull.) Raithelh.	(Bull.) Raithelh.	CA	Laprairie, Québec.	Québec	PRESENT		ff7bd5db-b724-4932-b496-10ea298851f9	45.412336	-73.485078	2500.0						1981-06-02	2	6	1981	9105286	9105286	PRESERVED_SPECIMEN	Université de Montréal Biodiversity Centre	CMMF	CMMF014862	1639	Guérin, Gérard		CC0_1_0	Université de Montréal Biodiversity Centre	Guérin, Gérard			2024-01-24T16:38:20.673Z	StillImage	INSTITUTION_MATCH_FUZZY;COLLECTION_MATCH_FUZZY;DIFFERENT_OWNER_INSTITUTION
1135070945	21705170-d2b6-42de-8904-c3bca4b83591	CMMF009525	Fungi	Basidiomycota	Agaricomycetes	Hymenochaetales	Rickenellaceae	Rickenella	Rickenella fibula		SPECIES	Rickenella fibula (Bull.) Raithelh.	Rickenella fibula (Bull.) Raithelh.	(Bull.) Raithelh.	CA	Chemin de la Chapelle, Lac-Beauport.	Québec	PRESENT		ff7bd5db-b724-4932-b496-10ea298851f9	46.949281	-71.284722	250.0						2007-07-14	14	7	2007	9105286	9105286	PRESERVED_SPECIMEN	Université de Montréal Biodiversity Centre	CMMF	CMMF009525	1109	Labrecque, Jacqueline		CC0_1_0	Université de Montréal Biodiversity Centre	Labrecque, Jacqueline			2024-01-24T16:38:21.730Z		INSTITUTION_MATCH_FUZZY;COLLECTION_MATCH_FUZZY;DIFFERENT_OWNER_INSTITUTION
1135070773	21705170-d2b6-42de-8904-c3bca4b83591	CMMF009335	Fungi	Basidiomycota	Agaricomycetes	Hymenochaetales	Rickenellaceae	Rickenella	Rickenella fibula		SPECIES	Rickenella fibula (Bull.) Raithelh.	Rickenella fibula (Bull.) Raithelh.	(Bull.) Raithelh.	CA	Lac Neigette, Lac-Beauport.	Québec	PRESENT		ff7bd5db-b724-4932-b496-10ea298851f9	46.952327	-71.300343	600.0						2006-10-04	4	10	2006	9105286	9105286	PRESERVED_SPECIMEN	Université de Montréal Biodiversity Centre	CMMF	CMMF009335	919	Labbé, Roland		CC0_1_0	Université de Montréal Biodiversity Centre	Labrecque, Jacqueline			2024-01-24T16:38:21.574Z	StillImage	INSTITUTION_MATCH_FUZZY;COLLECTION_MATCH_FUZZY;DIFFERENT_OWNER_INSTITUTION
1135070181	21705170-d2b6-42de-8904-c3bca4b83591	CMMF008756	Fungi	Basidiomycota	Agaricomycetes	Hymenochaetales	Rickenellaceae	Rickenella	Rickenella fibula		SPECIES	Rickenella fibula (Bull.) Raithelh.	Rickenella fibula (Bull.) Raithelh.	(Bull.) Raithelh.	CA	Containers Ouest, Lac-Beauport.	Québec	PRESENT		ff7bd5db-b724-4932-b496-10ea298851f9	46.953091	-71.275238	5000.0						2006-07-17	17	7	2006	9105286	9105286	PRESERVED_SPECIMEN	Université de Montréal Biodiversity Centre	CMMF	CMMF008756	338	Labbé, Roland		CC0_1_0	Université de Montréal Biodiversity Centre	Labrecque, Jacqueline			2024-01-24T16:38:18.801Z		INSTITUTION_MATCH_FUZZY;COLLECTION_MATCH_FUZZY;DIFFERENT_OWNER_INSTITUTION
1135070164	21705170-d2b6-42de-8904-c3bca4b83591	CMMF008717	Fungi	Basidiomycota	Agaricomycetes	Hymenochaetales	Rickenellaceae	Rickenella	Rickenella fibula		SPECIES	Rickenella fibula (Bull.) Raithelh.	Rickenella fibula (Bull.) Raithelh.	(Bull.) Raithelh.	CA	Chemin O'Neil, Lac-Beauport.	Québec	PRESENT		ff7bd5db-b724-4932-b496-10ea298851f9	46.953091	-71.275238	5000.0						2006-07-06	6	7	2006	9105286	9105286	PRESERVED_SPECIMEN	Université de Montréal Biodiversity Centre	CMMF	CMMF008717	298	Labbé, Roland		CC0_1_0	Université de Montréal Biodiversity Centre	Labrecque, Jacqueline			2024-01-24T16:38:18.774Z	StillImage	INSTITUTION_MATCH_FUZZY;COLLECTION_MATCH_FUZZY;DIFFERENT_OWNER_INSTITUTION
1135069266	21705170-d2b6-42de-8904-c3bca4b83591	CMMF007790	Fungi	Basidiomycota	Agaricomycetes	Hymenochaetales	Rickenellaceae	Rickenella	Rickenella fibula		SPECIES	Rickenella fibula (Bull.) Raithelh.	Rickenella fibula (Bull.) Raithelh.	(Bull.) Raithelh.	CA	St-Fabien-de-Panet	Québec	PRESENT		ff7bd5db-b724-4932-b496-10ea298851f9	46.592983	-70.17795	100.0						2009-07-09	9	7	2009	9105286	9105286	PRESERVED_SPECIMEN	Université de Montréal Biodiversity Centre	CMMF	CMMF007790	C3487	McNeil, Raymond		CC0_1_0	Université de Montréal Biodiversity Centre	McNeil, Raymond			2024-01-24T16:38:16.173Z	StillImage	COORDINATE_ROUNDED;INSTITUTION_MATCH_FUZZY;COLLECTION_MATCH_FUZZY;DIFFERENT_OWNER_INSTITUTION
1135068938	21705170-d2b6-42de-8904-c3bca4b83591	CMMF007496	Fungi	Basidiomycota	Agaricomycetes	Hymenochaetales	Rickenellaceae	Rickenella	Rickenella fibula		SPECIES	Rickenella fibula (Bull.) Raithelh.	Rickenella fibula (Bull.) Raithelh.	(Bull.) Raithelh.	CA	St-Roch-de-Richelieu	Québec	PRESENT		ff7bd5db-b724-4932-b496-10ea298851f9	45.880833	-73.163	100.0						2013-09-23	23	9	2013	9105286	9105286	PRESERVED_SPECIMEN	Université de Montréal Biodiversity Centre	CMMF	CMMF007496	C4305	McNeil, Raymond		CC0_1_0	Université de Montréal Biodiversity Centre	McNeil, Raymond			2024-01-24T16:38:15.866Z	StillImage	COORDINATE_ROUNDED;INSTITUTION_MATCH_FUZZY;COLLECTION_MATCH_FUZZY;DIFFERENT_OWNER_INSTITUTION
1135068931	21705170-d2b6-42de-8904-c3bca4b83591	CMMF007529	Fungi	Basidiomycota	Agaricomycetes	Hymenochaetales	Rickenellaceae	Rickenella	Rickenella fibula		SPECIES	Rickenella fibula (Bull.) Raithelh.	Rickenella fibula (Bull.) Raithelh.	(Bull.) Raithelh.	CA	Tracy	Québec	PRESENT		ff7bd5db-b724-4932-b496-10ea298851f9	45.974167	-73.177433	100.0						1980-08-30	30	8	1980	9105286	9105286	PRESERVED_SPECIMEN	Université de Montréal Biodiversity Centre	CMMF	CMMF007529	856	McNeil, Raymond		CC0_1_0	Université de Montréal Biodiversity Centre	McNeil, Raymond			2024-01-24T16:38:15.944Z	StillImage	COORDINATE_ROUNDED;INSTITUTION_MATCH_FUZZY;COLLECTION_MATCH_FUZZY;DIFFERENT_OWNER_INSTITUTION
1135068001	21705170-d2b6-42de-8904-c3bca4b83591	CMMF006491	Fungi	Basidiomycota	Agaricomycetes	Hymenochaetales	Rickenellaceae	Rickenella	Rickenella fibula		SPECIES	Rickenella fibula (Bull.) Raithelh.	Rickenella fibula (Bull.) Raithelh.	(Bull.) Raithelh.	CA	Saint-Lazare	Québec	PRESENT		ff7bd5db-b724-4932-b496-10ea298851f9	45.393333	-74.215833	100.0						2005-10-22	22	10	2005	9105286	9105286	PRESERVED_SPECIMEN	Université de Montréal Biodiversity Centre	CMMF	CMMF006491	C2695	McNeil, Raymond		CC0_1_0	Université de Montréal Biodiversity Centre	McNeil, Raymond			2024-01-24T16:38:19.201Z	StillImage	COORDINATE_ROUNDED;INSTITUTION_MATCH_FUZZY;COLLECTION_MATCH_FUZZY;DIFFERENT_OWNER_INSTITUTION
1135066716	21705170-d2b6-42de-8904-c3bca4b83591	CMMF010172	Fungi	Basidiomycota	Agaricomycetes	Hymenochaetales	Rickenellaceae	Rickenella	Rickenella fibula		SPECIES	Rickenella fibula (Bull.) Raithelh.	Rickenella fibula (Bull.) Raithelh.	(Bull.) Raithelh.	CA	École Montagnac, Lac-Beauport.	Québec	PRESENT		ff7bd5db-b724-4932-b496-10ea298851f9	46.946241	-71.297755	400.0						2007-10-08	8	10	2007	9105286	9105286	PRESERVED_SPECIMEN	Université de Montréal Biodiversity Centre	CMMF	CMMF010172	1758	Labrecque, Jacqueline		CC0_1_0	Université de Montréal Biodiversity Centre	Labrecque, Jacqueline			2024-01-24T16:38:20.273Z		INSTITUTION_MATCH_FUZZY;COLLECTION_MATCH_FUZZY;DIFFERENT_OWNER_INSTITUTION
1024559023	21705170-d2b6-42de-8904-c3bca4b83591	CMMF004626	Fungi	Basidiomycota	Agaricomycetes	Hymenochaetales	Rickenellaceae	Rickenella	Rickenella fibula		SPECIES	Rickenella fibula (Bull.) Raithelh.	Rickenella fibula (Bull.) Raithelh.	(Bull.) Raithelh.	CA	Réserve écologique du Boisé-des-Muir, Hinchinbrooke.	Québec	PRESENT		ff7bd5db-b724-4932-b496-10ea298851f9	45.084091	-74.116213	10.0						2011-06-06	6	6	2011	9105286	9105286	PRESERVED_SPECIMEN	Université de Montréal Biodiversity Centre	CMMF	CMMF004626	11	Lebeuf, Renée		CC0_1_0	Université de Montréal Biodiversity Centre	Archambault, Raymond; Lebeuf, Renée			2024-01-24T16:38:19.768Z		INSTITUTION_MATCH_FUZZY;COLLECTION_MATCH_FUZZY;DIFFERENT_OWNER_INSTITUTION
1024558770	21705170-d2b6-42de-8904-c3bca4b83591	CMMF004226	Fungi	Basidiomycota	Agaricomycetes	Hymenochaetales	Rickenellaceae	Rickenella	Rickenella fibula		SPECIES	Rickenella fibula (Bull.) Raithelh.	Rickenella fibula (Bull.) Raithelh.	(Bull.) Raithelh.	CA	Réserve écologique du Boisé-des-Muir, Hinchinbrooke.	Québec	PRESENT		ff7bd5db-b724-4932-b496-10ea298851f9	45.085888	-74.114513	10.0						2012-06-25	25	6	2012	9105286	9105286	PRESERVED_SPECIMEN	Université de Montréal Biodiversity Centre	CMMF	CMMF004226	233	McNeil, Raymond		CC0_1_0	Université de Montréal Biodiversity Centre	Langlois, Annabelle; McNeil, Raymond			2024-01-24T16:38:18.692Z		INSTITUTION_MATCH_FUZZY;COLLECTION_MATCH_FUZZY;DIFFERENT_OWNER_INSTITUTION
