gbifID	datasetKey	occurrenceID	kingdom	phylum	class	order	family	genus	species	infraspecificEpithet	taxonRank	scientificName	verbatimScientificName	verbatimScientificNameAuthorship	countryCode	locality	stateProvince	occurrenceStatus	individualCount	publishingOrgKey	decimalLatitude	decimalLongitude	coordinateUncertaintyInMeters	coordinatePrecision	elevation	elevationAccuracy	depth	depthAccuracy	eventDate	day	month	year	taxonKey	speciesKey	basisOfRecord	institutionCode	collectionCode	catalogNumber	recordNumber	identifiedBy	dateIdentified	license	rightsHolder	recordedBy	typeStatus	establishmentMeans	lastInterpreted	mediaType	issue
727875482	d7cfd2ed-8af4-427f-a16e-eb66b7e2c419	15125	Fungi	Basidiomycota	Agaricomycetes	Gomphales	Gomphaceae	Ramaria	Ramaria stricta		SPECIES	Clavaria stricta Pers.	Clavaria stricta Pers.	Pers.	CA	Oxbow Lake	Ontario	PRESENT		ff418020-1d67-11d9-8435-b8a03c50a862	45.436105	-78.96698	1427.0						1941-08-13	13	8	1941	5238438	8869949	PRESERVED_SPECIMEN	Royal Ontario Museum	TRTC	TRTC018240		Doty, M.		CC0_1_0	Royal Ontario Museum	Cain, R.F.			2024-01-25T00:59:39.412Z		COORDINATE_ROUNDED;AMBIGUOUS_INSTITUTION
727875338	d7cfd2ed-8af4-427f-a16e-eb66b7e2c419	14952	Fungi	Basidiomycota	Agaricomycetes	Gomphales	Gomphaceae	Ramaria	Ramaria stricta		SPECIES	Clavaria stricta Pers.	Clavaria stricta Pers.	Pers.	CA	S of Dorset	Ontario	PRESENT		ff418020-1d67-11d9-8435-b8a03c50a862	45.23936	-78.888359	1499.0						1963-09-11	11	9	1963	5238438	8869949	PRESERVED_SPECIMEN	Royal Ontario Museum	TRTC	TRTC040497		Luck, E.R.		CC0_1_0	Royal Ontario Museum	Luck, E.R.			2024-01-25T00:59:41.513Z		COORDINATE_ROUNDED;AMBIGUOUS_INSTITUTION
727874484	d7cfd2ed-8af4-427f-a16e-eb66b7e2c419	13392	Fungi	Basidiomycota	Agaricomycetes	Gomphales	Gomphaceae	Ramaria	Ramaria stricta		SPECIES	Clavaria stricta Pers.	Clavaria stricta Pers.	Pers.	CA	Algonquin Provincial Park, Mew Lake	Ontario	PRESENT		ff418020-1d67-11d9-8435-b8a03c50a862	45.57554	-78.51948	318.0						1959-09-11	11	9	1959	5238438	8869949	PRESERVED_SPECIMEN	Royal Ontario Museum	TRTC	TRTC035397				CC0_1_0	Royal Ontario Museum	Luck-Allen, R.			2024-01-25T00:59:41.029Z		COORDINATE_ROUNDED;AMBIGUOUS_INSTITUTION
727874435	d7cfd2ed-8af4-427f-a16e-eb66b7e2c419	13287	Fungi	Basidiomycota	Agaricomycetes	Gomphales	Gomphaceae	Ramaria	Ramaria stricta		SPECIES	Clavaria stricta Pers.	Clavaria stricta Pers.	Pers.	CA	Algonquin Provincial Park, Sasajewun Lake	Ontario	PRESENT		ff418020-1d67-11d9-8435-b8a03c50a862	45.594732	-78.523579	737.0						1959-09-12	12	9	1959	5238438	8869949	PRESERVED_SPECIMEN	Royal Ontario Museum	TRTC	TRTC035687		Cain, R.F.		CC0_1_0	Royal Ontario Museum	Cain, R.F.			2024-01-25T00:59:40.867Z		COORDINATE_ROUNDED;AMBIGUOUS_INSTITUTION
727874426	d7cfd2ed-8af4-427f-a16e-eb66b7e2c419	13280	Fungi	Basidiomycota	Agaricomycetes	Gomphales	Gomphaceae	Ramaria	Ramaria stricta		SPECIES	Clavaria stricta Pers.	Clavaria stricta Pers.	Pers.	CA	Algonquin Provincial Park, Mew Lake	Ontario	PRESENT		ff418020-1d67-11d9-8435-b8a03c50a862	45.57554	-78.51948	318.0						1959-09-11	11	9	1959	5238438	8869949	PRESERVED_SPECIMEN	Royal Ontario Museum	TRTC	TRTC035471				CC0_1_0	Royal Ontario Museum	Luck-Allen, E.R.			2024-01-25T00:59:40.865Z		COORDINATE_ROUNDED;AMBIGUOUS_INSTITUTION
617552612	21705170-d2b6-42de-8904-c3bca4b83591	CMMF003240	Fungi	Basidiomycota	Agaricomycetes	Gomphales	Gomphaceae	Ramaria	Ramaria stricta		SPECIES	Ramaria stricta (Pers.) Quél.	Ramaria stricta (Pers.) Quél.	(Pers.) Quél.	CA	Laval	Québec	PRESENT		ff7bd5db-b724-4932-b496-10ea298851f9	45.609608	-73.705867	17500.0						1998-08-01	1	8	1998	8869949	8869949	PRESERVED_SPECIMEN	Université de Montréal Biodiversity Centre	CMMF	CMMF003240		Lamoureux, Yves		CC0_1_0	Université de Montréal Biodiversity Centre	Lamoureux, Yves			2024-01-24T16:38:17.024Z	StillImage	INSTITUTION_MATCH_FUZZY;COLLECTION_MATCH_FUZZY;DIFFERENT_OWNER_INSTITUTION
4952806978	50c9509d-22c7-4a22-a47d-8c48425ef4a7	https://www.inaturalist.org/observations/245665210	Fungi	Basidiomycota	Agaricomycetes	Gomphales	Gomphaceae	Ramaria	Ramaria stricta		SPECIES	Ramaria stricta (Pers.) Quél.	Ramaria stricta		CA		Prince Edward Island	PRESENT		28eb1a3f-1c15-4a95-931a-4af90ecb574d	46.866555	-64.209078	4.0						2024-10-03T13:55:23	3	10	2024	8869949	8869949	HUMAN_OBSERVATION	iNaturalist	Observations	245665210		Rosemary Curley	2024-10-05T01:20:33	CC_BY_NC_4_0	Rosemary Curley	Rosemary Curley			2025-01-14T12:54:14.908Z	StillImage	COORDINATE_ROUNDED;CONTINENT_DERIVED_FROM_COORDINATES;TAXON_MATCH_TAXON_ID_IGNORED
4946531119	50c9509d-22c7-4a22-a47d-8c48425ef4a7	https://www.inaturalist.org/observations/239874629	Fungi	Basidiomycota	Agaricomycetes	Gomphales	Gomphaceae	Ramaria	Ramaria stricta		SPECIES	Ramaria stricta (Pers.) Quél.	Ramaria stricta		CA		Québec	PRESENT		28eb1a3f-1c15-4a95-931a-4af90ecb574d	45.857208	-74.783463	7.0						2024-09-04T07:08:27	4	9	2024	8869949	8869949	HUMAN_OBSERVATION	iNaturalist	Observations	239874629		abl789	2024-09-04T22:40:19	CC_BY_NC_4_0	abl789	abl789			2025-01-14T12:53:31.999Z	StillImage	COORDINATE_ROUNDED;CONTINENT_DERIVED_FROM_COORDINATES;TAXON_MATCH_TAXON_ID_IGNORED
4936737545	50c9509d-22c7-4a22-a47d-8c48425ef4a7	https://www.inaturalist.org/observations/236281757	Fungi	Basidiomycota	Agaricomycetes	Gomphales	Gomphaceae	Ramaria	Ramaria stricta		SPECIES	Ramaria stricta (Pers.) Quél.	Ramaria stricta		CA		Ontario	PRESENT		28eb1a3f-1c15-4a95-931a-4af90ecb574d	45.576572	-78.537338	200.0						2024-08-06T15:08:56	6	8	2024	8869949	8869949	HUMAN_OBSERVATION	iNaturalist	Observations	236281757		phenry64	2024-08-17T14:21:38	CC_BY_NC_4_0	phenry64	phenry64			2025-01-14T13:38:40.952Z	StillImage	COORDINATE_ROUNDED;CONTINENT_DERIVED_FROM_COORDINATES;TAXON_MATCH_TAXON_ID_IGNORED
4935945781	50c9509d-22c7-4a22-a47d-8c48425ef4a7	https://www.inaturalist.org/observations/235743951	Fungi	Basidiomycota	Agaricomycetes	Gomphales	Gomphaceae	Ramaria	Ramaria stricta		SPECIES	Ramaria stricta (Pers.) Quél.	Ramaria stricta		CA		Ontario	PRESENT		28eb1a3f-1c15-4a95-931a-4af90ecb574d	45.578083	-78.538545	3.0						2024-08-10T16:53:54	10	8	2024	8869949	8869949	HUMAN_OBSERVATION	iNaturalist	Observations	235743951		loganfox02	2024-08-14T16:20:04	CC_BY_NC_4_0	loganfox02	loganfox02			2025-01-14T12:53:09.683Z	StillImage	COORDINATE_ROUNDED;CONTINENT_DERIVED_FROM_COORDINATES;TAXON_MATCH_TAXON_ID_IGNORED
4926337536	50c9509d-22c7-4a22-a47d-8c48425ef4a7	https://www.inaturalist.org/observations/236618125	Fungi	Basidiomycota	Agaricomycetes	Gomphales	Gomphaceae	Ramaria	Ramaria stricta		SPECIES	Ramaria stricta (Pers.) Quél.	Ramaria stricta		CA		Québec	PRESENT		28eb1a3f-1c15-4a95-931a-4af90ecb574d	45.429178	-72.554859	11725.0						2024-08-18T15:14:56	18	8	2024	8869949	8869949	HUMAN_OBSERVATION	iNaturalist	Observations	236618125		egrenier	2024-08-18T22:57:37	CC_BY_NC_4_0	egrenier	egrenier			2025-01-14T13:46:48.458Z	StillImage	COORDINATE_ROUNDED;CONTINENT_DERIVED_FROM_COORDINATES;TAXON_MATCH_TAXON_ID_IGNORED
4926211096	50c9509d-22c7-4a22-a47d-8c48425ef4a7	https://www.inaturalist.org/observations/235721886	Fungi	Basidiomycota	Agaricomycetes	Gomphales	Gomphaceae	Ramaria	Ramaria stricta		SPECIES	Ramaria stricta (Pers.) Quél.	Ramaria stricta		CA		Ontario	PRESENT		28eb1a3f-1c15-4a95-931a-4af90ecb574d	45.2967	-75.824833	15.0						2024-08-10T15:55	10	8	2024	8869949	8869949	HUMAN_OBSERVATION	iNaturalist	Observations	235721886		Alexis Tinker-Tsavalas	2024-08-14T14:06:51	CC_BY_4_0	Alexis Tinker-Tsavalas	Alexis Tinker-Tsavalas			2025-01-14T12:51:36.546Z	StillImage	COORDINATE_ROUNDED;CONTINENT_DERIVED_FROM_COORDINATES;TAXON_MATCH_TAXON_ID_IGNORED
4923755108	50c9509d-22c7-4a22-a47d-8c48425ef4a7	https://www.inaturalist.org/observations/234979934	Fungi	Basidiomycota	Agaricomycetes	Gomphales	Gomphaceae	Ramaria	Ramaria stricta		SPECIES	Ramaria stricta (Pers.) Quél.	Ramaria stricta		CA		Ontario	PRESENT		28eb1a3f-1c15-4a95-931a-4af90ecb574d	45.643917	-79.065628	7.0						2024-07-19T12:07:03	19	7	2024	8869949	8869949	HUMAN_OBSERVATION	iNaturalist	Observations	234979934		thuilia	2024-08-10T22:13:54	CC_BY_NC_4_0	thuilia	thuilia			2025-01-14T13:43:02.149Z	StillImage	COORDINATE_ROUNDED;CONTINENT_DERIVED_FROM_COORDINATES;TAXON_MATCH_TAXON_ID_IGNORED
4919217347	50c9509d-22c7-4a22-a47d-8c48425ef4a7	https://www.inaturalist.org/observations/231297564	Fungi	Basidiomycota	Agaricomycetes	Gomphales	Gomphaceae	Ramaria	Ramaria stricta		SPECIES	Ramaria stricta (Pers.) Quél.	Ramaria stricta		CA		Québec	PRESENT		28eb1a3f-1c15-4a95-931a-4af90ecb574d	45.020278	-71.633103	35.0						2024-07-21T14:49:17	21	7	2024	8869949	8869949	HUMAN_OBSERVATION	iNaturalist	Observations	231297564		marie-soleil_m	2024-07-23T22:29:07	CC_BY_NC_4_0	marie-soleil_m	marie-soleil_m			2025-01-14T12:47:12.587Z	StillImage	COORDINATE_ROUNDED;CONTINENT_DERIVED_FROM_COORDINATES;TAXON_MATCH_TAXON_ID_IGNORED
4527941017	50c9509d-22c7-4a22-a47d-8c48425ef4a7	https://www.inaturalist.org/observations/178768414	Fungi	Basidiomycota	Agaricomycetes	Gomphales	Gomphaceae	Ramaria	Ramaria stricta		SPECIES	Ramaria stricta (Pers.) Quél.	Ramaria stricta		CA		New Brunswick	PRESENT		28eb1a3f-1c15-4a95-931a-4af90ecb574d	45.875714	-66.625872							2023-08-14T13:06	14	8	2023	8869949	8869949	HUMAN_OBSERVATION	iNaturalist	Observations	178768414		Dwayne Sabine	2023-08-17T00:12:55	CC_BY_NC_4_0	Dwayne Sabine	Dwayne Sabine			2025-01-14T12:44:01.891Z	StillImage	COORDINATE_ROUNDED;CONTINENT_DERIVED_FROM_COORDINATES;TAXON_MATCH_TAXON_ID_IGNORED
4522510299	50c9509d-22c7-4a22-a47d-8c48425ef4a7	https://www.inaturalist.org/observations/197037345	Fungi	Basidiomycota	Agaricomycetes	Gomphales	Gomphaceae	Ramaria	Ramaria stricta		SPECIES	Ramaria stricta (Pers.) Quél.	Ramaria stricta		CA		Québec	PRESENT		28eb1a3f-1c15-4a95-931a-4af90ecb574d	45.84886	-76.429672	1186.0						2023-08-11T22:53:32	11	8	2023	8869949	8869949	HUMAN_OBSERVATION	iNaturalist	Observations	197037345		Janine	2024-01-19T03:41:02	CC_BY_NC_4_0	Janine	Janine			2025-01-14T12:44:06.139Z	StillImage	COORDINATE_ROUNDED;CONTINENT_DERIVED_FROM_COORDINATES;TAXON_MATCH_TAXON_ID_IGNORED
4500509285	50c9509d-22c7-4a22-a47d-8c48425ef4a7	https://www.inaturalist.org/observations/176155023	Fungi	Basidiomycota	Agaricomycetes	Gomphales	Gomphaceae	Ramaria	Ramaria stricta		SPECIES	Ramaria stricta (Pers.) Quél.	Ramaria stricta		CA		Ontario	PRESENT		28eb1a3f-1c15-4a95-931a-4af90ecb574d	45.275149	-77.301849	244.0						2023-07-31T11:09	31	7	2023	8869949	8869949	HUMAN_OBSERVATION	iNaturalist	Observations	176155023		panickedpopcorn	2023-08-08T13:31:15	CC_BY_NC_4_0	panickedpopcorn	panickedpopcorn			2025-01-14T13:32:05.991Z	StillImage	COORDINATE_ROUNDED;CONTINENT_DERIVED_FROM_COORDINATES;TAXON_MATCH_TAXON_ID_IGNORED
4453682850	50c9509d-22c7-4a22-a47d-8c48425ef4a7	https://www.inaturalist.org/observations/173405999	Fungi	Basidiomycota	Agaricomycetes	Gomphales	Gomphaceae	Ramaria	Ramaria stricta		SPECIES	Ramaria stricta (Pers.) Quél.	Ramaria stricta		CA		Ontario	PRESENT		28eb1a3f-1c15-4a95-931a-4af90ecb574d	45.379774	-78.924515	244.0						2021-09-06T21:54	6	9	2021	8869949	8869949	HUMAN_OBSERVATION	iNaturalist	Observations	173405999		Jan Thornhill	2023-07-17T13:22:58	CC_BY_NC_4_0	Jan Thornhill	Jan Thornhill			2025-01-14T12:36:41.851Z	StillImage	COORDINATE_ROUNDED;CONTINENT_DERIVED_FROM_COORDINATES;TAXON_MATCH_TAXON_ID_IGNORED
4413989667	50c9509d-22c7-4a22-a47d-8c48425ef4a7	https://www.inaturalist.org/observations/183131225	Fungi	Basidiomycota	Agaricomycetes	Gomphales	Gomphaceae	Ramaria	Ramaria stricta		SPECIES	Ramaria stricta (Pers.) Quél.	Ramaria stricta		CA		Québec	PRESENT		28eb1a3f-1c15-4a95-931a-4af90ecb574d	45.107872	-72.502153	74.0						2023-09-13T12:17:18	13	9	2023	8869949	8869949	HUMAN_OBSERVATION	iNaturalist	Observations	183131225		Jacob Beauregard	2023-09-13T20:55:40	CC_BY_NC_4_0	Jacob Beauregard	Jacob Beauregard			2025-01-14T13:29:09.074Z	StillImage	COORDINATE_ROUNDED;CONTINENT_DERIVED_FROM_COORDINATES;TAXON_MATCH_TAXON_ID_IGNORED
4405471856	50c9509d-22c7-4a22-a47d-8c48425ef4a7	https://www.inaturalist.org/observations/180269702	Fungi	Basidiomycota	Agaricomycetes	Gomphales	Gomphaceae	Ramaria	Ramaria stricta		SPECIES	Ramaria stricta (Pers.) Quél.	Ramaria stricta		CA		Ontario	PRESENT		28eb1a3f-1c15-4a95-931a-4af90ecb574d	45.438247	-76.025455							2023-08-23T10:40	23	8	2023	8869949	8869949	HUMAN_OBSERVATION	iNaturalist	Observations	180269702		Igor Khomenko	2023-08-26T14:20:15	CC_BY_NC_4_0	Igor Khomenko	Igor Khomenko			2025-01-14T12:40:04.328Z	StillImage	COORDINATE_ROUNDED;CONTINENT_DERIVED_FROM_COORDINATES;TAXON_MATCH_TAXON_ID_IGNORED
4405419208	50c9509d-22c7-4a22-a47d-8c48425ef4a7	https://www.inaturalist.org/observations/180363214	Fungi	Basidiomycota	Agaricomycetes	Gomphales	Gomphaceae	Ramaria	Ramaria stricta		SPECIES	Ramaria stricta (Pers.) Quél.	Ramaria stricta		CA		Québec	PRESENT		28eb1a3f-1c15-4a95-931a-4af90ecb574d	45.499222	-73.591683	52.0						2023-08-21T14:37:22	21	8	2023	8869949	8869949	HUMAN_OBSERVATION	iNaturalist	Observations	180363214		Alden Dirks	2023-08-27T00:13:23	CC_BY_NC_4_0	Alden Dirks	Alden Dirks			2025-01-14T12:43:35.341Z	StillImage	COORDINATE_ROUNDED;CONTINENT_DERIVED_FROM_COORDINATES;TAXON_MATCH_TAXON_ID_IGNORED
4400423711	50c9509d-22c7-4a22-a47d-8c48425ef4a7	https://www.inaturalist.org/observations/178883265	Fungi	Basidiomycota	Agaricomycetes	Gomphales	Gomphaceae	Ramaria	Ramaria stricta		SPECIES	Ramaria stricta (Pers.) Quél.	Ramaria stricta		CA		Ontario	PRESENT		28eb1a3f-1c15-4a95-931a-4af90ecb574d	45.5197	-78.39508							2023-08-16T09:22	16	8	2023	8869949	8869949	HUMAN_OBSERVATION	iNaturalist	Observations	178883265		Brad Demers	2023-08-17T19:25:03	CC_BY_NC_4_0	Brad Demers	Brad Demers			2025-01-14T12:40:22.852Z	StillImage	CONTINENT_DERIVED_FROM_COORDINATES;TAXON_MATCH_TAXON_ID_IGNORED
4400169370	50c9509d-22c7-4a22-a47d-8c48425ef4a7	https://www.inaturalist.org/observations/98227681	Fungi	Basidiomycota	Agaricomycetes	Gomphales	Gomphaceae	Ramaria	Ramaria stricta		SPECIES	Ramaria stricta (Pers.) Quél.	Ramaria stricta		CA		Ontario	PRESENT		28eb1a3f-1c15-4a95-931a-4af90ecb574d	45.286844	-75.830092							2021-10-14T14:36:37	14	10	2021	8869949	8869949	HUMAN_OBSERVATION	iNaturalist	Observations	98227681		amanitamozart	2023-06-12T23:01:22	CC_BY_NC_4_0	barb2020	barb2020			2025-01-14T13:15:44.970Z	StillImage	COORDINATE_ROUNDED;CONTINENT_DERIVED_FROM_COORDINATES;TAXON_MATCH_TAXON_ID_IGNORED
4400128414	50c9509d-22c7-4a22-a47d-8c48425ef4a7	https://www.inaturalist.org/observations/179460599	Fungi	Basidiomycota	Agaricomycetes	Gomphales	Gomphaceae	Ramaria	Ramaria stricta		SPECIES	Ramaria stricta (Pers.) Quél.	Ramaria stricta		CA		Québec	PRESENT		28eb1a3f-1c15-4a95-931a-4af90ecb574d	45.426515	-75.817425	61.0						2023-08-20T13:55	20	8	2023	8869949	8869949	HUMAN_OBSERVATION	iNaturalist	Observations	179460599		jonathan_mack	2023-08-21T02:02:18	CC_BY_NC_4_0	jonathan_mack	jonathan_mack			2025-01-14T12:44:13.731Z	StillImage	COORDINATE_ROUNDED;CONTINENT_DERIVED_FROM_COORDINATES;TAXON_MATCH_TAXON_ID_IGNORED
4177421022	50c9509d-22c7-4a22-a47d-8c48425ef4a7	https://www.inaturalist.org/observations/177747901	Fungi	Basidiomycota	Agaricomycetes	Gomphales	Gomphaceae	Ramaria	Ramaria stricta		SPECIES	Ramaria stricta (Pers.) Quél.	Ramaria stricta		CA		Ontario	PRESENT		28eb1a3f-1c15-4a95-931a-4af90ecb574d	45.968483	-79.04003	47.0						2023-08-05T13:57:31	5	8	2023	8869949	8869949	HUMAN_OBSERVATION	iNaturalist	Observations	177747901		martinax	2023-08-11T20:52:07	CC_BY_NC_4_0	rosebayham	rosebayham			2025-01-14T13:32:38.040Z	StillImage	COORDINATE_ROUNDED;CONTINENT_DERIVED_FROM_COORDINATES;TAXON_MATCH_TAXON_ID_IGNORED
4177159826	50c9509d-22c7-4a22-a47d-8c48425ef4a7	https://www.inaturalist.org/observations/177019818	Fungi	Basidiomycota	Agaricomycetes	Gomphales	Gomphaceae	Ramaria	Ramaria stricta		SPECIES	Ramaria stricta (Pers.) Quél.	Ramaria stricta		CA		Ontario	PRESENT		28eb1a3f-1c15-4a95-931a-4af90ecb574d	45.4	-79.0	1523.0						2023-08-06T13:36	6	8	2023	8869949	8869949	HUMAN_OBSERVATION	iNaturalist	Observations	177019818		michellehilscher	2023-08-06T18:48:41	CC_BY_NC_4_0	michellehilscher	michellehilscher			2025-01-14T12:40:08.042Z	StillImage	CONTINENT_DERIVED_FROM_COORDINATES;TAXON_MATCH_TAXON_ID_IGNORED
4171978246	50c9509d-22c7-4a22-a47d-8c48425ef4a7	https://www.inaturalist.org/observations/177169514	Fungi	Basidiomycota	Agaricomycetes	Gomphales	Gomphaceae	Ramaria	Ramaria stricta		SPECIES	Ramaria stricta (Pers.) Quél.	Ramaria stricta		CA		Québec	PRESENT		28eb1a3f-1c15-4a95-931a-4af90ecb574d	45.413605	-72.709978	52.0						2023-08-04T14:52:30	4	8	2023	8869949	8869949	HUMAN_OBSERVATION	iNaturalist	Observations	177169514		Lucie Roy	2023-08-07T14:22:58	CC_BY_NC_4_0	Lucie Roy	Lucie Roy			2025-01-14T12:41:43.917Z	StillImage	COORDINATE_ROUNDED;CONTINENT_DERIVED_FROM_COORDINATES;TAXON_MATCH_TAXON_ID_IGNORED
4171964946	50c9509d-22c7-4a22-a47d-8c48425ef4a7	https://www.inaturalist.org/observations/175393631	Fungi	Basidiomycota	Agaricomycetes	Gomphales	Gomphaceae	Ramaria	Ramaria stricta		SPECIES	Ramaria stricta (Pers.) Quél.	Ramaria stricta		CA		Ontario	PRESENT		28eb1a3f-1c15-4a95-931a-4af90ecb574d	45.58228	-78.410028	5.0						2023-07-27T14:47:19	27	7	2023	8869949	8869949	HUMAN_OBSERVATION	iNaturalist	Observations	175393631		kmarin	2023-07-28T16:35:17	CC_BY_NC_4_0	kmarin	kmarin			2025-01-14T12:39:58.403Z	StillImage	COORDINATE_ROUNDED;CONTINENT_DERIVED_FROM_COORDINATES;TAXON_MATCH_TAXON_ID_IGNORED
4171947983	50c9509d-22c7-4a22-a47d-8c48425ef4a7	https://www.inaturalist.org/observations/176337770	Fungi	Basidiomycota	Agaricomycetes	Gomphales	Gomphaceae	Ramaria	Ramaria stricta		SPECIES	Ramaria stricta (Pers.) Quél.	Ramaria stricta		CA		Québec	PRESENT		28eb1a3f-1c15-4a95-931a-4af90ecb574d	45.242038	-73.297165	33.0						2023-08-02T10:21:27	2	8	2023	8869949	8869949	HUMAN_OBSERVATION	iNaturalist	Observations	176337770		Benoit Des Roches	2023-08-02T21:21:25	CC_BY_NC_4_0	Benoit Des Roches	Benoit Des Roches			2025-01-14T12:41:06.776Z	StillImage	COORDINATE_ROUNDED;CONTINENT_DERIVED_FROM_COORDINATES;TAXON_MATCH_TAXON_ID_IGNORED
4166453860	695cef75-b65f-4776-b2ed-74565eebb16e	02-01000929350	Fungi	Basidiomycota	Agaricomycetes	Gomphales	Gomphaceae	Ramaria	Ramaria stricta		SPECIES	Ramaria stricta (Pers.) Quél.	Ramaria stricta	(Pers.) Quél.	CA	Found Lake Trail	Ontario	PRESENT		055bd978-2daa-4543-b3f0-44e0e87e86ca	45.55	-78.633333							1974-08-21	21	8	1974	8869949	8869949	PRESERVED_SPECIMEN	AAFC	DAOM	186703		D. Malloch		CC_BY_4_0	©His Majesty the King in Right of Canada, as represented by the Minister of Agriculture and Agri-Food	Paul Johnson			2025-01-12T05:11:16.409Z		GEODETIC_DATUM_ASSUMED_WGS84;CONTINENT_DERIVED_FROM_COORDINATES;TAXON_MATCH_TAXON_ID_IGNORED;INSTITUTION_MATCH_FUZZY
4166317603	695cef75-b65f-4776-b2ed-74565eebb16e	02-01000929353	Fungi	Basidiomycota	Agaricomycetes	Gomphales	Gomphaceae	Ramaria	Ramaria stricta		SPECIES	Ramaria stricta (Pers.) Quél.	Ramaria stricta	(Pers.) Quél.	CA	South Lookout Trail	Ontario	PRESENT		055bd978-2daa-4543-b3f0-44e0e87e86ca	45.575	-78.408333							1974-08-13	13	8	1974	8869949	8869949	PRESERVED_SPECIMEN	AAFC	DAOM	186583		J.H. Ginns		CC_BY_4_0	©His Majesty the King in Right of Canada, as represented by the Minister of Agriculture and Agri-Food	Paul Johnson			2025-01-12T05:11:16.329Z		GEODETIC_DATUM_ASSUMED_WGS84;CONTINENT_DERIVED_FROM_COORDINATES;TAXON_MATCH_TAXON_ID_IGNORED;INSTITUTION_MATCH_FUZZY
4165371281	50c9509d-22c7-4a22-a47d-8c48425ef4a7	https://www.inaturalist.org/observations/173843932	Fungi	Basidiomycota	Agaricomycetes	Gomphales	Gomphaceae	Ramaria	Ramaria stricta		SPECIES	Ramaria stricta (Pers.) Quél.	Ramaria stricta		CA		Ontario	PRESENT		28eb1a3f-1c15-4a95-931a-4af90ecb574d	45.057036	-78.990333	5005.0						2023-07-19T11:08	19	7	2023	8869949	8869949	HUMAN_OBSERVATION	iNaturalist	Observations	173843932		Heather Schibli	2023-07-19T22:16:02	CC_BY_NC_4_0	Heather Schibli	Heather Schibli			2025-01-14T12:39:49.800Z		COORDINATE_ROUNDED;CONTINENT_DERIVED_FROM_COORDINATES;TAXON_MATCH_TAXON_ID_IGNORED
4129753343	50c9509d-22c7-4a22-a47d-8c48425ef4a7	https://www.inaturalist.org/observations/96529133	Fungi	Basidiomycota	Agaricomycetes	Gomphales	Gomphaceae	Ramaria	Ramaria stricta		SPECIES	Ramaria stricta (Pers.) Quél.	Ramaria stricta		CA		Ontario	PRESENT		28eb1a3f-1c15-4a95-931a-4af90ecb574d	45.356471	-75.677153	80.0						2021-09-26T15:21	26	9	2021	8869949	8869949	HUMAN_OBSERVATION	iNaturalist	Observations	96529133		jonathan_mack	2021-09-28T23:42:20	CC_BY_NC_4_0	jonathan_mack	jonathan_mack			2025-01-14T13:15:37.074Z	StillImage	COORDINATE_ROUNDED;CONTINENT_DERIVED_FROM_COORDINATES;TAXON_MATCH_TAXON_ID_IGNORED
4129687320	50c9509d-22c7-4a22-a47d-8c48425ef4a7	https://www.inaturalist.org/observations/40794872	Fungi	Basidiomycota	Agaricomycetes	Gomphales	Gomphaceae	Ramaria	Ramaria stricta		SPECIES	Ramaria stricta (Pers.) Quél.	Ramaria stricta		CA		Ontario	PRESENT		28eb1a3f-1c15-4a95-931a-4af90ecb574d	45.36338	-75.528221	100.0						2019-10-26T09:41:42	26	10	2019	8869949	8869949	HUMAN_OBSERVATION	iNaturalist	Observations	40794872		jonathan_mack	2020-06-17T23:15:33	CC_BY_NC_4_0	Owen Clarkin	Owen Clarkin			2025-01-14T13:10:41.216Z	StillImage	CONTINENT_DERIVED_FROM_COORDINATES;TAXON_MATCH_TAXON_ID_IGNORED
4127124435	50c9509d-22c7-4a22-a47d-8c48425ef4a7	https://www.inaturalist.org/observations/162662995	Fungi	Basidiomycota	Agaricomycetes	Gomphales	Gomphaceae	Ramaria	Ramaria stricta		SPECIES	Ramaria stricta (Pers.) Quél.	Ramaria stricta		CA		Ontario	PRESENT		28eb1a3f-1c15-4a95-931a-4af90ecb574d	45.333577	-77.262002	20.0						2017-07-28T13:03	28	7	2017	8869949	8869949	HUMAN_OBSERVATION	iNaturalist	Observations	162662995		Daryl Coulson	2023-05-20T14:09:30	CC_BY_NC_4_0	Daryl Coulson	Daryl Coulson			2025-01-14T13:30:09.383Z	StillImage	COORDINATE_ROUNDED;CONTINENT_DERIVED_FROM_COORDINATES;TAXON_MATCH_TAXON_ID_IGNORED
4127110331	50c9509d-22c7-4a22-a47d-8c48425ef4a7	https://www.inaturalist.org/observations/7653487	Fungi	Basidiomycota	Agaricomycetes	Gomphales	Gomphaceae	Ramaria	Ramaria stricta		SPECIES	Ramaria stricta (Pers.) Quél.	Ramaria stricta		CA		Ontario	PRESENT		28eb1a3f-1c15-4a95-931a-4af90ecb574d	45.335813	-75.492999	183.0						2017-08-25T10:51	25	8	2017	8869949	8869949	HUMAN_OBSERVATION	iNaturalist	Observations	7653487		Mike Leveille	2017-08-26T03:17:50	CC_BY_NC_4_0	Mike Leveille	Mike Leveille			2025-01-14T12:57:58.327Z	StillImage	COORDINATE_ROUNDED;CONTINENT_DERIVED_FROM_COORDINATES;TAXON_MATCH_TAXON_ID_IGNORED
4126978329	50c9509d-22c7-4a22-a47d-8c48425ef4a7	https://www.inaturalist.org/observations/9130551	Fungi	Basidiomycota	Agaricomycetes	Gomphales	Gomphaceae	Ramaria	Ramaria stricta		SPECIES	Ramaria stricta (Pers.) Quél.	Ramaria stricta		CA		Ontario	PRESENT		28eb1a3f-1c15-4a95-931a-4af90ecb574d	45.342366	-75.501245	100.0						2017-08-25T09:56:09	25	8	2017	8869949	8869949	HUMAN_OBSERVATION	iNaturalist	Observations	9130551		else	2017-12-13T23:19:33	CC_BY_NC_4_0	Owen Clarkin	Owen Clarkin			2025-01-14T12:59:39.679Z	StillImage	CONTINENT_DERIVED_FROM_COORDINATES;TAXON_MATCH_TAXON_ID_IGNORED
4126674321	50c9509d-22c7-4a22-a47d-8c48425ef4a7	https://www.inaturalist.org/observations/7653478	Fungi	Basidiomycota	Agaricomycetes	Gomphales	Gomphaceae	Ramaria	Ramaria stricta		SPECIES	Ramaria stricta (Pers.) Quél.	Ramaria stricta		CA		Ontario	PRESENT		28eb1a3f-1c15-4a95-931a-4af90ecb574d	45.335798	-75.492892	183.0						2017-08-25T10:51	25	8	2017	8869949	8869949	HUMAN_OBSERVATION	iNaturalist	Observations	7653478		Mike Leveille	2017-08-26T03:17:04	CC_BY_NC_4_0	Mike Leveille	Mike Leveille			2025-01-14T12:59:32.010Z	StillImage	COORDINATE_ROUNDED;CONTINENT_DERIVED_FROM_COORDINATES;TAXON_MATCH_TAXON_ID_IGNORED
4103181309	50c9509d-22c7-4a22-a47d-8c48425ef4a7	https://www.inaturalist.org/observations/16634047	Fungi	Basidiomycota	Agaricomycetes	Gomphales	Gomphaceae	Ramaria	Ramaria stricta		SPECIES	Ramaria stricta (Pers.) Quél.	Ramaria stricta		CA		Ontario	PRESENT		28eb1a3f-1c15-4a95-931a-4af90ecb574d	45.385181	-79.224463	74.0						2018-09-17T12:46	17	9	2018	8869949	8869949	HUMAN_OBSERVATION	iNaturalist	Observations	16634047		David LeGros	2018-09-17T18:25:47	CC_BY_NC_4_0	David LeGros	David LeGros			2025-01-14T12:05:49.987Z	StillImage	COORDINATE_ROUNDED;CONTINENT_DERIVED_FROM_COORDINATES;TAXON_MATCH_TAXON_ID_IGNORED
4075601324	50c9509d-22c7-4a22-a47d-8c48425ef4a7	https://www.inaturalist.org/observations/15720090	Fungi	Basidiomycota	Agaricomycetes	Gomphales	Gomphaceae	Ramaria	Ramaria stricta		SPECIES	Ramaria stricta (Pers.) Quél.	Ramaria stricta		CA		Ontario	PRESENT		28eb1a3f-1c15-4a95-931a-4af90ecb574d	45.553362	-78.401388							2018-08-19T15:10:08	19	8	2018	8869949	8869949	HUMAN_OBSERVATION	iNaturalist	Observations	15720090		ColinDJones	2018-08-20T11:28:23	CC_BY_NC_4_0	ColinDJones	ColinDJones			2025-01-14T13:02:18.223Z	StillImage	COORDINATE_ROUNDED;CONTINENT_DERIVED_FROM_COORDINATES;TAXON_MATCH_TAXON_ID_IGNORED
4018159922	50c9509d-22c7-4a22-a47d-8c48425ef4a7	https://www.inaturalist.org/observations/146382540	Fungi	Basidiomycota	Agaricomycetes	Gomphales	Gomphaceae	Ramaria	Ramaria stricta		SPECIES	Ramaria stricta (Pers.) Quél.	Ramaria stricta		CA		Québec	PRESENT		28eb1a3f-1c15-4a95-931a-4af90ecb574d	46.330622	-74.579486	27031.0						2022-07-23T13:05	23	7	2022	8869949	8869949	HUMAN_OBSERVATION	iNaturalist	Observations	146382540		distinguished_orca	2023-01-12T04:59:28	CC_BY_NC_4_0	distinguished_orca	distinguished_orca			2025-01-14T12:33:39.578Z	StillImage	COORDINATE_ROUNDED;CONTINENT_DERIVED_FROM_COORDINATES;TAXON_MATCH_TAXON_ID_IGNORED
3985636738	50c9509d-22c7-4a22-a47d-8c48425ef4a7	https://www.inaturalist.org/observations/132447070	Fungi	Basidiomycota	Agaricomycetes	Gomphales	Gomphaceae	Ramaria	Ramaria stricta		SPECIES	Ramaria stricta (Pers.) Quél.	Ramaria stricta		CA		Québec	PRESENT		28eb1a3f-1c15-4a95-931a-4af90ecb574d	45.24115	-73.296957	33.0						2022-08-26T12:51:23	26	8	2022	8869949	8869949	HUMAN_OBSERVATION	iNaturalist	Observations	132447070		Benoit Des Roches	2022-08-26T18:30:42	CC_BY_NC_4_0	Benoit Des Roches	Benoit Des Roches			2025-01-14T12:31:14.358Z	StillImage	COORDINATE_ROUNDED;CONTINENT_DERIVED_FROM_COORDINATES;TAXON_MATCH_TAXON_ID_IGNORED
3963526394	50c9509d-22c7-4a22-a47d-8c48425ef4a7	https://www.inaturalist.org/observations/95054300	Fungi	Basidiomycota	Agaricomycetes	Gomphales	Gomphaceae	Ramaria	Ramaria stricta		SPECIES	Ramaria stricta (Pers.) Quél.	Ramaria stricta		CA		Prince Edward Island	PRESENT		28eb1a3f-1c15-4a95-931a-4af90ecb574d	46.694051	-64.073189							2021-09-14T15:05	14	9	2021	8869949	8869949	HUMAN_OBSERVATION	iNaturalist	Observations	95054300		Rosemary Curley	2021-09-16T17:26:01	CC_BY_NC_4_0	Rosemary Curley	Rosemary Curley			2025-01-14T13:13:56.668Z	StillImage	CONTINENT_DERIVED_FROM_COORDINATES;TAXON_MATCH_TAXON_ID_IGNORED
3947533843	50c9509d-22c7-4a22-a47d-8c48425ef4a7	https://www.inaturalist.org/observations/136466787	Fungi	Basidiomycota	Agaricomycetes	Gomphales	Gomphaceae	Ramaria	Ramaria stricta		SPECIES	Ramaria stricta (Pers.) Quél.	Ramaria stricta		CA		Ontario	PRESENT		28eb1a3f-1c15-4a95-931a-4af90ecb574d	45.512396	-75.342442	31.0						2022-09-24T13:40	24	9	2022	8869949	8869949	HUMAN_OBSERVATION	iNaturalist	Observations	136466787		jonathan_mack	2022-09-25T18:40:00	CC_BY_NC_4_0	jonathan_mack	jonathan_mack			2025-01-14T13:25:46.403Z	StillImage	COORDINATE_ROUNDED;CONTINENT_DERIVED_FROM_COORDINATES;TAXON_MATCH_TAXON_ID_IGNORED
3947251480	50c9509d-22c7-4a22-a47d-8c48425ef4a7	https://www.inaturalist.org/observations/91210736	Fungi	Basidiomycota	Agaricomycetes	Gomphales	Gomphaceae	Ramaria	Ramaria stricta		SPECIES	Ramaria stricta (Pers.) Quél.	Ramaria stricta		CA		Québec	PRESENT		28eb1a3f-1c15-4a95-931a-4af90ecb574d	48.177363	-79.151969	48.0						2021-08-14T11:37:55	14	8	2021	8869949	8869949	HUMAN_OBSERVATION	iNaturalist	Observations	91210736		Jonathan Jensen-Lynch	2021-08-15T06:24:07	CC_BY_NC_4_0	Edith van de Walle	Edith van de Walle			2025-01-14T12:22:50.584Z	StillImage	COORDINATE_ROUNDED;CONTINENT_DERIVED_FROM_COORDINATES;TAXON_MATCH_TAXON_ID_IGNORED
3915597418	50c9509d-22c7-4a22-a47d-8c48425ef4a7	https://www.inaturalist.org/observations/136437473	Fungi	Basidiomycota	Agaricomycetes	Gomphales	Gomphaceae	Ramaria	Ramaria stricta		SPECIES	Ramaria stricta (Pers.) Quél.	Ramaria stricta		CA		Ontario	PRESENT		28eb1a3f-1c15-4a95-931a-4af90ecb574d	45.296353	-75.841012							2022-09-24T13:07	24	9	2022	8869949	8869949	HUMAN_OBSERVATION	iNaturalist	Observations	136437473		Igor Khomenko	2022-09-25T15:24:35	CC_BY_NC_4_0	Igor Khomenko	Igor Khomenko			2025-01-14T12:31:43.239Z	StillImage	COORDINATE_ROUNDED;CONTINENT_DERIVED_FROM_COORDINATES;TAXON_MATCH_TAXON_ID_IGNORED
3912020193	50c9509d-22c7-4a22-a47d-8c48425ef4a7	https://www.inaturalist.org/observations/135743490	Fungi	Basidiomycota	Agaricomycetes	Gomphales	Gomphaceae	Ramaria	Ramaria stricta		SPECIES	Ramaria stricta (Pers.) Quél.	Ramaria stricta		CA		Québec	PRESENT		28eb1a3f-1c15-4a95-931a-4af90ecb574d	46.006203	-73.410666	59.0						2022-09-16T14:42	16	9	2022	8869949	8869949	HUMAN_OBSERVATION	iNaturalist	Observations	135743490		jonathan_mack	2022-09-20T02:40:55	CC_BY_NC_4_0	jonathan_mack	jonathan_mack			2025-01-14T13:17:26.297Z	StillImage	COORDINATE_ROUNDED;CONTINENT_DERIVED_FROM_COORDINATES;TAXON_MATCH_TAXON_ID_IGNORED
3903482407	50c9509d-22c7-4a22-a47d-8c48425ef4a7	https://www.inaturalist.org/observations/133074155	Fungi	Basidiomycota	Agaricomycetes	Gomphales	Gomphaceae	Ramaria	Ramaria stricta		SPECIES	Ramaria stricta (Pers.) Quél.	Ramaria stricta		CA		Nova Scotia	PRESENT		28eb1a3f-1c15-4a95-931a-4af90ecb574d	45.329793	-64.477967	5.0						2022-08-31T10:35:50	31	8	2022	8869949	8869949	HUMAN_OBSERVATION	iNaturalist	Observations	133074155		hforsyth	2022-08-31T13:36:27	CC_BY_NC_4_0	hforsyth	hforsyth			2025-01-14T13:25:25.910Z	StillImage	COORDINATE_ROUNDED;CONTINENT_DERIVED_FROM_COORDINATES;TAXON_MATCH_TAXON_ID_IGNORED
3903090558	50c9509d-22c7-4a22-a47d-8c48425ef4a7	https://www.inaturalist.org/observations/132797002	Fungi	Basidiomycota	Agaricomycetes	Gomphales	Gomphaceae	Ramaria	Ramaria stricta		SPECIES	Ramaria stricta (Pers.) Quél.	Ramaria stricta		CA		Nova Scotia	PRESENT		28eb1a3f-1c15-4a95-931a-4af90ecb574d	45.329722	-64.478056							2022-08-27T14:37:46	27	8	2022	8869949	8869949	HUMAN_OBSERVATION	iNaturalist	Observations	132797002		Sam_Jean	2022-08-29T10:36:58	CC_BY_NC_4_0	Sam_Jean	Sam_Jean			2025-01-14T13:25:23.998Z	StillImage	COORDINATE_ROUNDED;CONTINENT_DERIVED_FROM_COORDINATES;TAXON_MATCH_TAXON_ID_IGNORED
3902738771	50c9509d-22c7-4a22-a47d-8c48425ef4a7	https://www.inaturalist.org/observations/131731425	Fungi	Basidiomycota	Agaricomycetes	Gomphales	Gomphaceae	Ramaria	Ramaria stricta		SPECIES	Ramaria stricta (Pers.) Quél.	Ramaria stricta		CA		Québec	PRESENT		28eb1a3f-1c15-4a95-931a-4af90ecb574d	45.135501	-72.097529	8205.0						2022-08-21T09:23:09	21	8	2022	8869949	8869949	HUMAN_OBSERVATION	iNaturalist	Observations	131731425		farmerleila	2022-08-21T14:08:12	CC_BY_NC_4_0	farmerleila	farmerleila			2025-01-14T13:19:13.196Z	StillImage	COORDINATE_ROUNDED;CONTINENT_DERIVED_FROM_COORDINATES;TAXON_MATCH_TAXON_ID_IGNORED
3344017024	50c9509d-22c7-4a22-a47d-8c48425ef4a7	https://www.inaturalist.org/observations/92411027	Fungi	Basidiomycota	Agaricomycetes	Gomphales	Gomphaceae	Ramaria	Ramaria stricta		SPECIES	Ramaria stricta (Pers.) Quél.	Ramaria stricta		CA		Ontario	PRESENT		28eb1a3f-1c15-4a95-931a-4af90ecb574d	45.217967	-78.65078	4.0						2021-08-24T16:29:04	24	8	2021	8869949	8869949	HUMAN_OBSERVATION	iNaturalist	Observations	92411027		phenry64	2021-08-24T22:58:52	CC_BY_NC_4_0	phenry64	phenry64			2025-01-14T13:14:46.338Z	StillImage	COORDINATE_ROUNDED;CONTINENT_DERIVED_FROM_COORDINATES;TAXON_MATCH_TAXON_ID_IGNORED
3333275908	50c9509d-22c7-4a22-a47d-8c48425ef4a7	https://www.inaturalist.org/observations/88483943	Fungi	Basidiomycota	Agaricomycetes	Gomphales	Gomphaceae	Ramaria	Ramaria stricta		SPECIES	Ramaria stricta (Pers.) Quél.	Ramaria stricta		CA		Ontario	PRESENT		28eb1a3f-1c15-4a95-931a-4af90ecb574d	45.352981	-75.377897	93.0						2021-07-24T14:38	24	7	2021	8869949	8869949	HUMAN_OBSERVATION	iNaturalist	Observations	88483943		jonathan_mack	2021-07-25T02:18:50	CC_BY_NC_4_0	jonathan_mack	jonathan_mack			2025-01-14T13:13:12.885Z	StillImage	COORDINATE_ROUNDED;CONTINENT_DERIVED_FROM_COORDINATES;TAXON_MATCH_TAXON_ID_IGNORED
3328027390	50c9509d-22c7-4a22-a47d-8c48425ef4a7	https://www.inaturalist.org/observations/59888053	Fungi	Basidiomycota	Agaricomycetes	Gomphales	Gomphaceae	Ramaria	Ramaria stricta		SPECIES	Ramaria stricta (Pers.) Quél.	Ramaria stricta		CA		Ontario	PRESENT		28eb1a3f-1c15-4a95-931a-4af90ecb574d	45.57571	-78.299073	154.0						2020-09-15T15:12	15	9	2020	8869949	8869949	HUMAN_OBSERVATION	iNaturalist	Observations	59888053		David LeGros	2020-09-17T17:09:11	CC_BY_NC_4_0	David LeGros	David LeGros			2025-01-14T12:14:41.672Z	StillImage	COORDINATE_ROUNDED;CONTINENT_DERIVED_FROM_COORDINATES;TAXON_MATCH_TAXON_ID_IGNORED
3321195406	50c9509d-22c7-4a22-a47d-8c48425ef4a7	https://www.inaturalist.org/observations/70125419	Fungi	Basidiomycota	Agaricomycetes	Gomphales	Gomphaceae	Ramaria	Ramaria stricta		SPECIES	Ramaria stricta (Pers.) Quél.	Ramaria stricta		CA		Québec	PRESENT		28eb1a3f-1c15-4a95-931a-4af90ecb574d	45.769398	-75.800924	65.0						2020-08-10T11:34:31	10	8	2020	8869949	8869949	HUMAN_OBSERVATION	iNaturalist	Observations	70125419		mhalsted	2021-02-25T03:08:31	CC_BY_NC_4_0	lsgjanet	lsgjanet			2025-01-14T13:11:15.320Z	StillImage	COORDINATE_ROUNDED;CONTINENT_DERIVED_FROM_COORDINATES;TAXON_MATCH_TAXON_ID_IGNORED
3314481362	50c9509d-22c7-4a22-a47d-8c48425ef4a7	https://www.inaturalist.org/observations/54759884	Fungi	Basidiomycota	Agaricomycetes	Gomphales	Gomphaceae	Ramaria	Ramaria stricta		SPECIES	Ramaria stricta (Pers.) Quél.	Ramaria stricta		CA		Québec	PRESENT		28eb1a3f-1c15-4a95-931a-4af90ecb574d	46.190996	-74.433076	165.0						2020-07-29T13:18:46	29	7	2020	8869949	8869949	HUMAN_OBSERVATION	iNaturalist	Observations	54759884		manutchoupi	2020-07-29T22:57:06	CC_BY_NC_4_0	manutchoupi	manutchoupi			2025-01-14T13:09:29.511Z	StillImage	COORDINATE_ROUNDED;CONTINENT_DERIVED_FROM_COORDINATES;TAXON_MATCH_TAXON_ID_IGNORED
3079483956	50c9509d-22c7-4a22-a47d-8c48425ef4a7	https://www.inaturalist.org/observations/59681348	Fungi	Basidiomycota	Agaricomycetes	Gomphales	Gomphaceae	Ramaria	Ramaria stricta		SPECIES	Ramaria stricta (Pers.) Quél.	Ramaria stricta		CA		Ontario	PRESENT		28eb1a3f-1c15-4a95-931a-4af90ecb574d	45.407631	-75.570633	24.0						2020-09-14T15:28	14	9	2020	8869949	8869949	HUMAN_OBSERVATION	iNaturalist	Observations	59681348		Igor Khomenko	2020-09-15T15:03:14	CC_BY_NC_4_0	Igor Khomenko	Igor Khomenko			2025-01-14T12:15:56.989Z	StillImage	COORDINATE_ROUNDED;CONTINENT_DERIVED_FROM_COORDINATES;TAXON_MATCH_TAXON_ID_IGNORED
3039252335	50c9509d-22c7-4a22-a47d-8c48425ef4a7	https://www.inaturalist.org/observations/9887973	Fungi	Basidiomycota	Agaricomycetes	Gomphales	Gomphaceae	Ramaria	Ramaria stricta		SPECIES	Ramaria stricta (Pers.) Quél.	Ramaria stricta		CA		Québec	PRESENT		28eb1a3f-1c15-4a95-931a-4af90ecb574d	45.523885	-71.046537	27158.0						2016-08-16T09:24:22Z	16	8	2016	8869949	8869949	HUMAN_OBSERVATION	iNaturalist	Observations	9887973		Danavan Rouillard	2018-02-17T04:14:30	CC_BY_NC_4_0	Danavan Rouillard	Danavan Rouillard			2025-01-14T13:00:19.851Z		COORDINATE_ROUNDED;CONTINENT_DERIVED_FROM_COORDINATES;TAXON_MATCH_TAXON_ID_IGNORED
3039135445	50c9509d-22c7-4a22-a47d-8c48425ef4a7	https://www.inaturalist.org/observations/33035044	Fungi	Basidiomycota	Agaricomycetes	Gomphales	Gomphaceae	Ramaria	Ramaria stricta		SPECIES	Ramaria stricta (Pers.) Quél.	Ramaria stricta		CA		New Brunswick	PRESENT		28eb1a3f-1c15-4a95-931a-4af90ecb574d	47.369907	-66.62328	451.0						2019-09-19T08:56:23	19	9	2019	8869949	8869949	HUMAN_OBSERVATION	iNaturalist	Observations	33035044		notabear	2019-09-19T22:21:38	CC_BY_NC_4_0	notabear	notabear			2025-01-14T12:09:17.607Z	StillImage	COORDINATE_ROUNDED;CONTINENT_DERIVED_FROM_COORDINATES;TAXON_MATCH_TAXON_ID_IGNORED
3017948483	50c9509d-22c7-4a22-a47d-8c48425ef4a7	https://www.inaturalist.org/observations/56980621	Fungi	Basidiomycota	Agaricomycetes	Gomphales	Gomphaceae	Ramaria	Ramaria stricta		SPECIES	Ramaria stricta (Pers.) Quél.	Ramaria stricta		CA		Ontario	PRESENT		28eb1a3f-1c15-4a95-931a-4af90ecb574d	45.568687	-78.486655							2020-08-19T16:23	19	8	2020	8869949	8869949	HUMAN_OBSERVATION	iNaturalist	Observations	56980621		Erwin Kooi	2020-08-19T23:31:45	CC_BY_NC_4_0	Erwin Kooi	Erwin Kooi			2025-01-14T13:09:56.276Z	StillImage	COORDINATE_ROUNDED;CONTINENT_DERIVED_FROM_COORDINATES;TAXON_MATCH_TAXON_ID_IGNORED
2898309151	50c9509d-22c7-4a22-a47d-8c48425ef4a7	https://www.inaturalist.org/observations/62520455	Fungi	Basidiomycota	Agaricomycetes	Gomphales	Gomphaceae	Ramaria	Ramaria stricta		SPECIES	Ramaria stricta (Pers.) Quél.	Ramaria stricta		CA		Ontario	PRESENT		28eb1a3f-1c15-4a95-931a-4af90ecb574d	45.943313	-78.734162	12.0						2020-08-22T15:26:49	22	8	2020	8869949	8869949	HUMAN_OBSERVATION	iNaturalist	Observations	62520455		tanknsimon	2020-10-13T23:36:38	CC_BY_NC_4_0	tanknsimon	tanknsimon			2025-01-14T12:15:31.650Z	StillImage	COORDINATE_ROUNDED;CONTINENT_DERIVED_FROM_COORDINATES;TAXON_MATCH_TAXON_ID_IGNORED
2864606334	50c9509d-22c7-4a22-a47d-8c48425ef4a7	https://www.inaturalist.org/observations/26943479	Fungi	Basidiomycota	Agaricomycetes	Gomphales	Gomphaceae	Ramaria	Ramaria stricta		SPECIES	Ramaria stricta (Pers.) Quél.	Ramaria stricta		CA		Ontario	PRESENT		28eb1a3f-1c15-4a95-931a-4af90ecb574d	45.403333	-75.543333							2012-09-09T12:39:39	9	9	2012	8869949	8869949	HUMAN_OBSERVATION	iNaturalist	Observations	26943479		Derek Dunnett	2019-06-14T00:22:52	CC_BY_NC_4_0	Derek Dunnett	Derek Dunnett			2025-01-14T12:07:47.601Z	StillImage	COORDINATE_ROUNDED;CONTINENT_DERIVED_FROM_COORDINATES;TAXON_MATCH_TAXON_ID_IGNORED
2856686473	50c9509d-22c7-4a22-a47d-8c48425ef4a7	https://www.inaturalist.org/observations/57754445	Fungi	Basidiomycota	Agaricomycetes	Gomphales	Gomphaceae	Ramaria	Ramaria stricta		SPECIES	Ramaria stricta (Pers.) Quél.	Ramaria stricta		CA		Ontario	PRESENT		28eb1a3f-1c15-4a95-931a-4af90ecb574d	45.57703	-78.407722	50.0						2020-08-27T13:59:50	27	8	2020	8869949	8869949	HUMAN_OBSERVATION	iNaturalist	Observations	57754445		Jeffrey H. Skevington	2020-08-27T18:01:36	CC_BY_NC_4_0	Jeffrey H. Skevington	Jeffrey H. Skevington			2025-01-14T12:15:08.871Z	StillImage	COORDINATE_ROUNDED;CONTINENT_DERIVED_FROM_COORDINATES;TAXON_MATCH_TAXON_ID_IGNORED
2851199143	50c9509d-22c7-4a22-a47d-8c48425ef4a7	https://www.inaturalist.org/observations/56028475	Fungi	Basidiomycota	Agaricomycetes	Gomphales	Gomphaceae	Ramaria	Ramaria stricta		SPECIES	Ramaria stricta (Pers.) Quél.	Ramaria stricta		CA		Ontario	PRESENT		28eb1a3f-1c15-4a95-931a-4af90ecb574d	45.574537	-78.533317	6.0						2020-08-10T10:31:07	10	8	2020	8869949	8869949	HUMAN_OBSERVATION	iNaturalist	Observations	56028475		Dan MacNeal	2020-08-10T14:32:25	CC_BY_4_0	Dan MacNeal	Dan MacNeal			2025-01-14T13:09:28.762Z	StillImage	COORDINATE_ROUNDED;CONTINENT_DERIVED_FROM_COORDINATES;TAXON_MATCH_TAXON_ID_IGNORED
2851003700	50c9509d-22c7-4a22-a47d-8c48425ef4a7	https://www.inaturalist.org/observations/51415858	Fungi	Basidiomycota	Agaricomycetes	Gomphales	Gomphaceae	Ramaria	Ramaria stricta		SPECIES	Ramaria stricta (Pers.) Quél.	Ramaria stricta		CA		Québec	PRESENT		28eb1a3f-1c15-4a95-931a-4af90ecb574d	46.404414	-74.276528							2017-08-05T15:45	5	8	2017	8869949	8869949	HUMAN_OBSERVATION	iNaturalist	Observations	51415858		neilhamilton91	2020-06-29T23:30:28	CC_BY_NC_4_0	neilhamilton91	neilhamilton91			2025-01-14T13:08:53.743Z	StillImage	COORDINATE_ROUNDED;CONTINENT_DERIVED_FROM_COORDINATES;TAXON_MATCH_TAXON_ID_IGNORED
2850902503	50c9509d-22c7-4a22-a47d-8c48425ef4a7	https://www.inaturalist.org/observations/56253914	Fungi	Basidiomycota	Agaricomycetes	Gomphales	Gomphaceae	Ramaria	Ramaria stricta		SPECIES	Ramaria stricta (Pers.) Quél.	Ramaria stricta		CA		Ontario	PRESENT		28eb1a3f-1c15-4a95-931a-4af90ecb574d	45.557139	-78.414102	91.0						2020-08-11T17:18	11	8	2020	8869949	8869949	HUMAN_OBSERVATION	iNaturalist	Observations	56253914		David LeGros	2020-08-12T19:53:24	CC_BY_NC_4_0	David LeGros	David LeGros			2025-01-14T13:09:30.557Z	StillImage	COORDINATE_ROUNDED;CONTINENT_DERIVED_FROM_COORDINATES;TAXON_MATCH_TAXON_ID_IGNORED
2850613923	50c9509d-22c7-4a22-a47d-8c48425ef4a7	https://www.inaturalist.org/observations/55207084	Fungi	Basidiomycota	Agaricomycetes	Gomphales	Gomphaceae	Ramaria	Ramaria stricta		SPECIES	Ramaria stricta (Pers.) Quél.	Ramaria stricta		CA		Ontario	PRESENT		28eb1a3f-1c15-4a95-931a-4af90ecb574d	45.403728	-78.998542	32.0						2020-07-31T13:11:36	31	7	2020	8869949	8869949	HUMAN_OBSERVATION	iNaturalist	Observations	55207084		dianeh913	2020-08-02T21:28:12	CC_BY_NC_4_0	dianeh913	dianeh913			2025-01-14T12:14:09.494Z	StillImage	COORDINATE_ROUNDED;CONTINENT_DERIVED_FROM_COORDINATES;TAXON_MATCH_TAXON_ID_IGNORED
2802935354	50c9509d-22c7-4a22-a47d-8c48425ef4a7	https://www.inaturalist.org/observations/17014438	Fungi	Basidiomycota	Agaricomycetes	Gomphales	Gomphaceae	Ramaria	Ramaria stricta		SPECIES	Ramaria stricta (Pers.) Quél.	Ramaria stricta		CA		Ontario	PRESENT		28eb1a3f-1c15-4a95-931a-4af90ecb574d	45.511258	-75.339731							2018-09-22T14:32	22	9	2018	8869949	8869949	HUMAN_OBSERVATION	iNaturalist	Observations	17014438		jonathan_mack	2018-09-29T00:22:12	CC_BY_NC_4_0	jonathan_mack	jonathan_mack			2025-01-14T12:05:54.069Z	StillImage	COORDINATE_ROUNDED;CONTINENT_DERIVED_FROM_COORDINATES;TAXON_MATCH_TAXON_ID_IGNORED
2579310796	50c9509d-22c7-4a22-a47d-8c48425ef4a7	https://www.inaturalist.org/observations/31702426	Fungi	Basidiomycota	Agaricomycetes	Gomphales	Gomphaceae	Ramaria	Ramaria stricta		SPECIES	Ramaria stricta (Pers.) Quél.	Ramaria stricta		CA		Nova Scotia	PRESENT		28eb1a3f-1c15-4a95-931a-4af90ecb574d	45.325832	-64.448334							2019-08-26T14:20:11	26	8	2019	8869949	8869949	HUMAN_OBSERVATION	iNaturalist	Observations	31702426		Jeff White	2019-08-29T00:50:04	CC_BY_NC_4_0	Jeff White	Jeff White			2025-01-14T12:09:04.773Z	StillImage	COORDINATE_ROUNDED;CONTINENT_DERIVED_FROM_COORDINATES;TAXON_MATCH_TAXON_ID_IGNORED
2579216745	50c9509d-22c7-4a22-a47d-8c48425ef4a7	https://www.inaturalist.org/observations/36385758	Fungi	Basidiomycota	Agaricomycetes	Gomphales	Gomphaceae	Ramaria	Ramaria stricta		SPECIES	Ramaria stricta (Pers.) Quél.	Ramaria stricta		CA		Ontario	PRESENT		28eb1a3f-1c15-4a95-931a-4af90ecb574d	45.542515	-78.695621	244.0						2018-07-31	31	7	2018	8869949	8869949	HUMAN_OBSERVATION	iNaturalist	Observations	36385758		Brad Demers	2019-12-05T20:05:09	CC_BY_NC_4_0	Brad Demers	Brad Demers			2025-01-14T13:10:09.254Z	StillImage	CONTINENT_DERIVED_FROM_COORDINATES;TAXON_MATCH_TAXON_ID_IGNORED
2563468965	50c9509d-22c7-4a22-a47d-8c48425ef4a7	https://www.inaturalist.org/observations/34937839	Fungi	Basidiomycota	Agaricomycetes	Gomphales	Gomphaceae	Ramaria	Ramaria stricta		SPECIES	Ramaria stricta (Pers.) Quél.	Ramaria stricta		CA		Ontario	PRESENT		28eb1a3f-1c15-4a95-931a-4af90ecb574d	45.363506	-75.529115	38.0						2019-10-26T10:35	26	10	2019	8869949	8869949	HUMAN_OBSERVATION	iNaturalist	Observations	34937839		jonathan_mack	2019-10-26T23:55:02	CC_BY_NC_4_0	jonathan_mack	jonathan_mack			2025-01-14T13:00:28.311Z	StillImage	COORDINATE_ROUNDED;CONTINENT_DERIVED_FROM_COORDINATES;TAXON_MATCH_TAXON_ID_IGNORED
2423612410	21705170-d2b6-42de-8904-c3bca4b83591	CMMF018619	Fungi	Basidiomycota	Agaricomycetes	Gomphales	Gomphaceae	Ramaria	Ramaria stricta		SPECIES	Ramaria stricta (Pers.) Quél.	Ramaria stricta (Pers.) Quél.	(Pers.) Quél.	CA	Chemin du Lac Geai	Québec	PRESENT		ff7bd5db-b724-4932-b496-10ea298851f9	45.991697	-73.997854	750.0						1985-08-04	4	8	1985	8869949	8869949	PRESERVED_SPECIMEN	Université de Montréal Biodiversity Centre	CMMF	CMMF018619	s.n.	Nantel, Patrick		CC0_1_0	Université de Montréal Biodiversity Centre	Nantel, Patrick			2024-01-24T16:38:18.442Z		INSTITUTION_MATCH_FUZZY;COLLECTION_MATCH_FUZZY;DIFFERENT_OWNER_INSTITUTION
2423612141	21705170-d2b6-42de-8904-c3bca4b83591	CMMF018786	Fungi	Basidiomycota	Agaricomycetes	Gomphales	Gomphaceae	Ramaria	Ramaria stricta		SPECIES	Ramaria stricta (Pers.) Quél.	Ramaria stricta (Pers.) Quél.	(Pers.) Quél.	CA	unknown	Québec	PRESENT		ff7bd5db-b724-4932-b496-10ea298851f9	46.76667	-73.83334	85000.0						1988-08-27	27	8	1988	8869949	8869949	PRESERVED_SPECIMEN	Université de Montréal Biodiversity Centre	CMMF	CMMF018786	s.n.	Nantel, Patrick		CC0_1_0	Université de Montréal Biodiversity Centre	Nantel, Patrick			2024-01-24T16:38:18.617Z		INSTITUTION_MATCH_FUZZY;COLLECTION_MATCH_FUZZY;DIFFERENT_OWNER_INSTITUTION
2423611907	21705170-d2b6-42de-8904-c3bca4b83591	CMMF018655	Fungi	Basidiomycota	Agaricomycetes	Gomphales	Gomphaceae	Ramaria	Ramaria stricta		SPECIES	Ramaria stricta (Pers.) Quél.	Ramaria stricta (Pers.) Quél.	(Pers.) Quél.	CA	Lac Mélèze	Québec	PRESENT		ff7bd5db-b724-4932-b496-10ea298851f9	45.9933	-73.975227	250.0						1978-08-24	24	8	1978	8869949	8869949	PRESERVED_SPECIMEN	Université de Montréal Biodiversity Centre	CMMF	CMMF018655	s.n.	Nantel, Patrick		CC0_1_0	Université de Montréal Biodiversity Centre	Nantel, Patrick			2024-01-24T16:38:18.457Z		INSTITUTION_MATCH_FUZZY;COLLECTION_MATCH_FUZZY;DIFFERENT_OWNER_INSTITUTION
2422894627	50c9509d-22c7-4a22-a47d-8c48425ef4a7	https://www.inaturalist.org/observations/31984004	Fungi	Basidiomycota	Agaricomycetes	Gomphales	Gomphaceae	Ramaria	Ramaria stricta		SPECIES	Ramaria stricta (Pers.) Quél.	Ramaria stricta		CA		Ontario	PRESENT		28eb1a3f-1c15-4a95-931a-4af90ecb574d	45.353229	-79.331953							2019-09-02	2	9	2019	8869949	8869949	HUMAN_OBSERVATION	iNaturalist	Observations	31984004		ninahals	2019-09-02T14:31:23	CC_BY_NC_4_0	ninahals	ninahals			2025-01-14T13:03:36.494Z	StillImage	COORDINATE_ROUNDED;CONTINENT_DERIVED_FROM_COORDINATES;TAXON_MATCH_TAXON_ID_IGNORED
2238992221	50c9509d-22c7-4a22-a47d-8c48425ef4a7	https://www.inaturalist.org/observations/24154025	Fungi	Basidiomycota	Agaricomycetes	Gomphales	Gomphaceae	Ramaria	Ramaria stricta		SPECIES	Ramaria stricta (Pers.) Quél.	Ramaria stricta		CA		Québec	PRESENT		28eb1a3f-1c15-4a95-931a-4af90ecb574d	45.9934	-74.003832	526.0						2018-09-06T11:20:20	6	9	2018	8869949	8869949	HUMAN_OBSERVATION	iNaturalist	Observations	24154025		Sarah DeLong-Duhon	2019-05-01T00:04:41	CC_BY_NC_4_0	Philippe Hénault	Philippe Hénault			2025-01-14T12:06:54.674Z	StillImage	COORDINATE_ROUNDED;CONTINENT_DERIVED_FROM_COORDINATES;TAXON_MATCH_TAXON_ID_IGNORED
2006093223	50c9509d-22c7-4a22-a47d-8c48425ef4a7	https://www.inaturalist.org/observations/20817864	Fungi	Basidiomycota	Agaricomycetes	Gomphales	Gomphaceae	Ramaria	Ramaria stricta		SPECIES	Ramaria stricta (Pers.) Quél.	Ramaria stricta		CA		Ontario	PRESENT		28eb1a3f-1c15-4a95-931a-4af90ecb574d	45.378623	-78.897832							2016-09-25T10:16	25	9	2016	8869949	8869949	HUMAN_OBSERVATION	iNaturalist	Observations	20817864		Dawn Sherman	2019-02-28T00:50:02	CC_BY_NC_4_0	Dawn Sherman	Dawn Sherman			2025-01-14T12:06:25.413Z	StillImage	COORDINATE_ROUNDED;CONTINENT_DERIVED_FROM_COORDINATES;TAXON_MATCH_TAXON_ID_IGNORED
1990312950	032f1fbe-d21f-407d-be46-5cd1bb1ea397	8c112edc-4f73-4b91-abc4-d7643c772a7c	Fungi	Basidiomycota	Agaricomycetes	Gomphales	Gomphaceae	Ramaria	Ramaria stricta		SPECIES	Ramaria stricta (Pers.) Quél.	Ramaria stricta	(Pers.) Quél.	CA	St. Francois D'orlea	Quebec	PRESENT		61c539d8-47e0-4b82-875f-b95aad66dcd4	47.001389	-70.815278							1967-08-15	15	8	1967	8869949	8869949	PRESERVED_SPECIMEN	TENN-F		TENN-F-039961	RLS5857			CC0_1_0		R.L. Shaffer			2025-01-12T10:33:40.509Z		COORDINATE_ROUNDED;GEODETIC_DATUM_ASSUMED_WGS84;CONTINENT_DERIVED_FROM_COORDINATES;TAXON_MATCH_TAXON_ID_IGNORED;INSTITUTION_MATCH_NONE
1990312859	032f1fbe-d21f-407d-be46-5cd1bb1ea397	d7ae4e63-571c-42df-a941-505a10865ab4	Fungi	Basidiomycota	Agaricomycetes	Gomphales	Gomphaceae	Ramaria	Ramaria stricta		SPECIES	Ramaria stricta (Pers.) Quél.	Ramaria stricta	(Pers.) Quél.	CA	Duchesnay	Quebec	PRESENT		61c539d8-47e0-4b82-875f-b95aad66dcd4	46.868056	-71.645833							1967-07-28	28	7	1967	8869949	8869949	PRESERVED_SPECIMEN	TENN-F		TENN-F-039952	RLS5557			CC0_1_0		R.L. Shaffer			2025-01-12T10:33:40.524Z		COORDINATE_ROUNDED;GEODETIC_DATUM_ASSUMED_WGS84;CONTINENT_DERIVED_FROM_COORDINATES;TAXON_MATCH_TAXON_ID_IGNORED;INSTITUTION_MATCH_NONE
1990312659	032f1fbe-d21f-407d-be46-5cd1bb1ea397	dafaa7a0-b5ac-45aa-ae51-e31ffc79d81d	Fungi	Basidiomycota	Agaricomycetes	Gomphales	Gomphaceae	Ramaria	Ramaria stricta		SPECIES	Ramaria stricta (Pers.) Quél.	Ramaria stricta	(Pers.) Quél.	CA	Dorset, University of Toronto Forest Near Dorset	Ontario	PRESENT		61c539d8-47e0-4b82-875f-b95aad66dcd4	45.026389	-78.516667							1966-09-15	15	9	1966	8869949	8869949	PRESERVED_SPECIMEN	TENN-F		TENN-F-039665	DM578			CC0_1_0		D. Malloch			2025-01-12T10:33:40.729Z		COORDINATE_ROUNDED;GEODETIC_DATUM_ASSUMED_WGS84;CONTINENT_DERIVED_FROM_COORDINATES;TAXON_MATCH_TAXON_ID_IGNORED;INSTITUTION_MATCH_NONE
1901070551	50c9509d-22c7-4a22-a47d-8c48425ef4a7	https://www.inaturalist.org/observations/16207045	Fungi	Basidiomycota	Agaricomycetes	Gomphales	Gomphaceae	Ramaria	Ramaria stricta		SPECIES	Ramaria stricta (Pers.) Quél.	Ramaria stricta		CA		Ontario	PRESENT		28eb1a3f-1c15-4a95-931a-4af90ecb574d	45.552788	-78.696663	32.0						2018-08-31T13:27:52	31	8	2018	8869949	8869949	HUMAN_OBSERVATION	iNaturalist	Observations	16207045		Angela Skevington	2018-09-04T17:13:39	CC_BY_NC_4_0	Angela Skevington	Angela Skevington			2025-01-14T12:58:48.945Z	StillImage	COORDINATE_ROUNDED;CONTINENT_DERIVED_FROM_COORDINATES;TAXON_MATCH_TAXON_ID_IGNORED
1807260877	e8a25a42-f125-476c-8554-3ec21cd51a84	ACAD:117250	Fungi	Basidiomycota	Agaricomycetes	Gomphales	Gomphaceae	Ramaria	Ramaria stricta		SPECIES	Ramaria stricta (Pers.) Quél.	Ramaria stricta (Pers.) Quel.	(Pers.) Quel.	CA	Fredericton	New Brunswick	PRESENT		6491ad8c-8e49-4bd4-a089-0ddb3bbe0890	45.945278	-66.666667							1959-09-05	5	9	1959	8869949	8869949	PRESERVED_SPECIMEN	Acadia University	ACAD	6084F	6084			CC0_1_0	Acadia University	Harrison, KA			2024-01-25T01:37:12.238Z	StillImage	COORDINATE_ROUNDED;GEODETIC_DATUM_INVALID;GEODETIC_DATUM_ASSUMED_WGS84;TAXON_MATCH_TAXON_ID_IGNORED;INSTITUTION_MATCH_FUZZY;COLLECTION_MATCH_FUZZY
1807260313	e8a25a42-f125-476c-8554-3ec21cd51a84	ACAD:116841	Fungi	Basidiomycota	Agaricomycetes	Gomphales	Gomphaceae	Ramaria	Ramaria stricta		SPECIES	Ramaria stricta (Pers.) Quél.	Ramaria stricta (Pers.) Quel.	(Pers.) Quel.	CA	Black Hole	Nova Scotia	PRESENT		6491ad8c-8e49-4bd4-a089-0ddb3bbe0890	45.234971	-64.495683							1953-08-22	22	8	1953	8869949	8869949	PRESERVED_SPECIMEN	Acadia University	ACAD	5089F	5089	Peterson,R		CC0_1_0	Acadia University	H, KA			2024-01-25T01:37:05.523Z	StillImage	COORDINATE_ROUNDED;GEODETIC_DATUM_INVALID;GEODETIC_DATUM_ASSUMED_WGS84;TAXON_MATCH_TAXON_ID_IGNORED;INSTITUTION_MATCH_FUZZY;COLLECTION_MATCH_FUZZY
1807255225	e8a25a42-f125-476c-8554-3ec21cd51a84	ACAD:111753	Fungi	Basidiomycota	Agaricomycetes	Gomphales	Gomphaceae	Ramaria	Ramaria stricta		SPECIES	Ramaria stricta (Pers.) Quél.	Ramaria stricta (Pers.) Quel.	(Pers.) Quel.	CA	Kentville	Nova Scotia	PRESENT		6491ad8c-8e49-4bd4-a089-0ddb3bbe0890	45.064224	-64.478193							1951-10-09	9	10	1951	8869949	8869949	PRESERVED_SPECIMEN	Acadia University	ACAD	1396F	1396			CC0_1_0	Acadia University	H, KA			2024-01-25T01:37:07.129Z	StillImage	GEODETIC_DATUM_INVALID;GEODETIC_DATUM_ASSUMED_WGS84;TAXON_MATCH_TAXON_ID_IGNORED;INSTITUTION_MATCH_FUZZY;COLLECTION_MATCH_FUZZY
1412706804	21705170-d2b6-42de-8904-c3bca4b83591	CMMF015257	Fungi	Basidiomycota	Agaricomycetes	Gomphales	Gomphaceae	Ramaria	Ramaria stricta		SPECIES	Ramaria stricta (Pers.) Quél.	Ramaria stricta (Pers.) Quél.	(Pers.) Quél.	CA	Rivière Langevin, Chicoutimi, Québec.	Québec	PRESENT		ff7bd5db-b724-4932-b496-10ea298851f9	48.400335	-71.03723	3500.0						1992-08-11	11	8	1992	8869949	8869949	PRESERVED_SPECIMEN	Université de Montréal Biodiversity Centre	CMMF	CMMF015257	682	Guérin, Gérard		CC0_1_0	Université de Montréal Biodiversity Centre	Guérin, Gérard			2024-01-24T16:38:17.039Z	StillImage	INSTITUTION_MATCH_FUZZY;COLLECTION_MATCH_FUZZY;DIFFERENT_OWNER_INSTITUTION
1265567455	50c9509d-22c7-4a22-a47d-8c48425ef4a7	http://www.inaturalist.org/observations/2914649	Fungi	Basidiomycota	Agaricomycetes	Gomphales	Gomphaceae	Ramaria	Ramaria stricta		SPECIES	Ramaria stricta (Pers.) Quél.	Ramaria stricta		CA		Ontario	PRESENT		28eb1a3f-1c15-4a95-931a-4af90ecb574d	45.898263	-77.282877	14650.0						2015-07-07	7	7	2015	8869949	8869949	HUMAN_OBSERVATION	iNaturalist	Observations	2914649		Garrett Taylor	2016-04-15T03:22:54	CC_BY_NC_4_0	Chevaun	Chevaun			2025-01-14T13:01:34.548Z	StillImage	CONTINENT_DERIVED_FROM_COORDINATES;TAXON_MATCH_TAXON_ID_IGNORED
1144833533	81e6cff2-b409-417e-8c72-e1bbafb7c61f	877632c5-ddd0-4e97-b7bc-e5de7c22d174	Fungi	Basidiomycota	Agaricomycetes	Gomphales	Gomphaceae	Ramaria	Ramaria stricta		SPECIES	Ramaria stricta (Pers.) Quél.	Ramaria stricta (Pers.) Quél.	(Pers.) Quél.	CA		Québec	PRESENT		7b8aff00-a9f8-11d8-944b-b8a03c50a862	46.75	-71.7	11517.0						1938-08-27	27	8	1938	8869949	8869949	PRESERVED_SPECIMEN	F	Botany	C0202962F	207	P. Ponce de León		CC0_1_0	The Field Museum of Natural History	Frère Marie-Anselme			2024-02-20T16:06:37.777Z		GEODETIC_DATUM_ASSUMED_WGS84;MODIFIED_DATE_INVALID;AMBIGUOUS_COLLECTION;INSTITUTION_MATCH_FUZZY
1144815422	81e6cff2-b409-417e-8c72-e1bbafb7c61f	328d9be2-7acf-429e-8ff2-4abe86b602c7	Fungi	Basidiomycota	Agaricomycetes	Gomphales	Gomphaceae	Ramaria	Ramaria stricta		SPECIES	Ramaria stricta (Pers.) Quél.	Ramaria stricta (Pers.) Quél.	(Pers.) Quél.	CA		Québec	PRESENT		7b8aff00-a9f8-11d8-944b-b8a03c50a862	46.75	-71.7	11517.0						1938-09-18	18	9	1938	8869949	8869949	PRESERVED_SPECIMEN	F	Botany	C0202963F		P. Ponce de León		CC0_1_0	The Field Museum of Natural History	Frère Marie-Anselme			2024-02-20T16:06:22.895Z		GEODETIC_DATUM_ASSUMED_WGS84;MODIFIED_DATE_INVALID;AMBIGUOUS_COLLECTION;INSTITUTION_MATCH_FUZZY
1144805908	81e6cff2-b409-417e-8c72-e1bbafb7c61f	05634d31-7ce1-4cf3-aa18-84b3eff33446	Fungi	Basidiomycota	Agaricomycetes	Gomphales	Gomphaceae	Ramaria	Ramaria stricta		SPECIES	Ramaria stricta (Pers.) Quél.	Ramaria stricta (Pers.) Quél.	(Pers.) Quél.	CA		Québec	PRESENT		7b8aff00-a9f8-11d8-944b-b8a03c50a862	46.75	-71.7	11517.0						1938-08-12	12	8	1938	8869949	8869949	PRESERVED_SPECIMEN	F	Botany	C0202961F		P. Ponce de León		CC0_1_0	The Field Museum of Natural History	Frère Marie-Anselme			2024-02-20T16:06:29.141Z		GEODETIC_DATUM_ASSUMED_WGS84;MODIFIED_DATE_INVALID;AMBIGUOUS_COLLECTION;INSTITUTION_MATCH_FUZZY
1135068618	21705170-d2b6-42de-8904-c3bca4b83591	CMMF007192	Fungi	Basidiomycota	Agaricomycetes	Gomphales	Gomphaceae	Ramaria	Ramaria stricta		SPECIES	Ramaria stricta (Pers.) Quél.	Ramaria stricta (Pers.) Quél.	(Pers.) Quél.	CA	Mirabel (Chemin de la Rivière du Nord)	Québec	PRESENT		ff7bd5db-b724-4932-b496-10ea298851f9	45.683917	-74.2185	100.0						2013-09-19	19	9	2013	8869949	8869949	PRESERVED_SPECIMEN	Université de Montréal Biodiversity Centre	CMMF	CMMF007192	C4291	McNeil, Raymond		CC0_1_0	Université de Montréal Biodiversity Centre	McNeil, Raymond			2024-01-24T16:38:21.052Z	StillImage	COORDINATE_ROUNDED;INSTITUTION_MATCH_FUZZY;COLLECTION_MATCH_FUZZY;DIFFERENT_OWNER_INSTITUTION
1135068604	21705170-d2b6-42de-8904-c3bca4b83591	CMMF007104	Fungi	Basidiomycota	Agaricomycetes	Gomphales	Gomphaceae	Ramaria	Ramaria stricta		SPECIES	Ramaria stricta (Pers.) Quél.	Ramaria stricta (Pers.) Quél.	(Pers.) Quél.	CA	Mirabel (Chemin de la Rivière du Nord)	Québec	PRESENT		ff7bd5db-b724-4932-b496-10ea298851f9	45.683917	-74.2185	100.0						2004-08-06	6	8	2004	8869949	8869949	PRESERVED_SPECIMEN	Université de Montréal Biodiversity Centre	CMMF	CMMF007104	C1924	McNeil, Raymond		CC0_1_0	Université de Montréal Biodiversity Centre	McNeil, Raymond			2024-01-24T16:38:21.137Z	StillImage	COORDINATE_ROUNDED;INSTITUTION_MATCH_FUZZY;COLLECTION_MATCH_FUZZY;DIFFERENT_OWNER_INSTITUTION
1024559372	21705170-d2b6-42de-8904-c3bca4b83591	CMMF004613	Fungi	Basidiomycota	Agaricomycetes	Gomphales	Gomphaceae	Ramaria	Ramaria stricta		SPECIES	Ramaria stricta (Pers.) Quél.	Ramaria stricta (Pers.) Quél.	(Pers.) Quél.	CA	Réserve écologique du Boisé-des-Muir, Hinchinbrooke.	Québec	PRESENT		ff7bd5db-b724-4932-b496-10ea298851f9	45.085319	-74.115497	10.0						2012-10-16	16	10	2012	8869949	8869949	PRESERVED_SPECIMEN	Université de Montréal Biodiversity Centre	CMMF	CMMF004613	665	Turgon, Jean-Pierre		CC0_1_0	Université de Montréal Biodiversity Centre	Langlois, Annabelle; Turgon, Jean-Pierre			2024-01-24T16:38:19.758Z		INSTITUTION_MATCH_FUZZY;COLLECTION_MATCH_FUZZY;DIFFERENT_OWNER_INSTITUTION
