gbifID	datasetKey	occurrenceID	kingdom	phylum	class	order	family	genus	species	infraspecificEpithet	taxonRank	scientificName	verbatimScientificName	verbatimScientificNameAuthorship	countryCode	locality	stateProvince	occurrenceStatus	individualCount	publishingOrgKey	decimalLatitude	decimalLongitude	coordinateUncertaintyInMeters	coordinatePrecision	elevation	elevationAccuracy	depth	depthAccuracy	eventDate	day	month	year	taxonKey	speciesKey	basisOfRecord	institutionCode	collectionCode	catalogNumber	recordNumber	identifiedBy	dateIdentified	license	rightsHolder	recordedBy	typeStatus	establishmentMeans	lastInterpreted	mediaType	issue
617555411	21705170-d2b6-42de-8904-c3bca4b83591	CMMF000796	Fungi	Basidiomycota	Agaricomycetes	Agaricales	Hymenogastraceae	Flammula	Flammula alnicola		SPECIES	Pholiota alnicola (Fr.) Singer	Pholiota alnicola (Fr.) Singer	(Fr.) Singer	CA	Berthierville	Québec	PRESENT		ff7bd5db-b724-4932-b496-10ea298851f9	46.088572	-73.185893	8000.0						1989-09-17	17	9	1989	9179574	3344235	PRESERVED_SPECIMEN	Université de Montréal Biodiversity Centre	CMMF	CMMF000796		Lamoureux, Yves		CC0_1_0	Université de Montréal Biodiversity Centre	unknown			2024-01-24T16:38:20.233Z	StillImage	INSTITUTION_MATCH_FUZZY;COLLECTION_MATCH_FUZZY;DIFFERENT_OWNER_INSTITUTION
617555393	21705170-d2b6-42de-8904-c3bca4b83591	CMMF000787	Fungi	Basidiomycota	Agaricomycetes	Agaricales	Hymenogastraceae	Flammula	Flammula alnicola		SPECIES	Pholiota alnicola (Fr.) Singer	Pholiota alnicola (Fr.) Singer	(Fr.) Singer	CA	Saint-Côme	Québec	PRESENT		ff7bd5db-b724-4932-b496-10ea298851f9	46.269761	-73.774867	15000.0						1989-09-16	16	9	1989	9179574	3344235	PRESERVED_SPECIMEN	Université de Montréal Biodiversity Centre	CMMF	CMMF000787		Lamoureux, Yves		CC0_1_0	Université de Montréal Biodiversity Centre	unknown			2024-01-24T16:38:20.242Z	StillImage	INSTITUTION_MATCH_FUZZY;COLLECTION_MATCH_FUZZY;DIFFERENT_OWNER_INSTITUTION
617553602	21705170-d2b6-42de-8904-c3bca4b83591	CMMF003675	Fungi	Basidiomycota	Agaricomycetes	Agaricales	Hymenogastraceae	Flammula	Flammula alnicola		SPECIES	Pholiota alnicola (Fr.) Singer	Pholiota alnicola (Fr.) Singer	(Fr.) Singer	CA	Rawdon	Québec	PRESENT		ff7bd5db-b724-4932-b496-10ea298851f9	46.052398	-73.748752	11000.0						2002-09-17	17	9	2002	9179574	3344235	PRESERVED_SPECIMEN	Université de Montréal Biodiversity Centre	CMMF	CMMF003675		Lamoureux, Yves		CC0_1_0	Université de Montréal Biodiversity Centre	Lamoureux, Yves			2024-01-24T16:38:16.329Z	StillImage	INSTITUTION_MATCH_FUZZY;COLLECTION_MATCH_FUZZY;DIFFERENT_OWNER_INSTITUTION
617551404	21705170-d2b6-42de-8904-c3bca4b83591	CMMF002692	Fungi	Basidiomycota	Agaricomycetes	Agaricales	Hymenogastraceae	Flammula	Flammula alnicola		SPECIES	Pholiota alnicola (Fr.) Singer	Pholiota alnicola (Fr.) Singer	(Fr.) Singer	CA	Saint-Majorique	Québec	PRESENT		ff7bd5db-b724-4932-b496-10ea298851f9	45.931221	-72.584529	5000.0						1995-09-27	27	9	1995	9179574	3344235	PRESERVED_SPECIMEN	Université de Montréal Biodiversity Centre	CMMF	CMMF002692		Lamoureux, Yves		CC0_1_0	Université de Montréal Biodiversity Centre	Lamoureux, Yves			2024-01-24T16:38:20.340Z	StillImage	INSTITUTION_MATCH_FUZZY;COLLECTION_MATCH_FUZZY;DIFFERENT_OWNER_INSTITUTION
617548111	21705170-d2b6-42de-8904-c3bca4b83591	CMMF001262	Fungi	Basidiomycota	Agaricomycetes	Agaricales	Hymenogastraceae	Flammula	Flammula alnicola		SPECIES	Pholiota alnicola (Fr.) Singer	Pholiota alnicola (Fr.) Singer	(Fr.) Singer	CA	Saint-Hippolyte	Québec	PRESENT		ff7bd5db-b724-4932-b496-10ea298851f9	45.931985	-74.025434	13000.0						1990-09-23	23	9	1990	9179574	3344235	PRESERVED_SPECIMEN	Université de Montréal Biodiversity Centre	CMMF	CMMF001262		Lamoureux, Yves		CC0_1_0	Université de Montréal Biodiversity Centre	Rocheleau, Louise			2024-01-24T16:38:16.565Z	StillImage	INSTITUTION_MATCH_FUZZY;COLLECTION_MATCH_FUZZY;DIFFERENT_OWNER_INSTITUTION
4978630506	50c9509d-22c7-4a22-a47d-8c48425ef4a7	https://www.inaturalist.org/observations/249814545	Fungi	Basidiomycota	Agaricomycetes	Agaricales	Hymenogastraceae	Flammula	Flammula alnicola		SPECIES	Flammula alnicola (Fr.) P.Kumm.	Flammula alnicola		CA		Québec	PRESENT		28eb1a3f-1c15-4a95-931a-4af90ecb574d	46.279525	-74.501761	12.0						2024-09-01T11:43	1	9	2024	3344235	3344235	HUMAN_OBSERVATION	iNaturalist	Observations	249814545		gabboilard	2024-10-30T22:27:57	CC_BY_NC_4_0	gabboilard	gabboilard			2025-01-14T12:53:53.565Z	StillImage	COORDINATE_ROUNDED;CONTINENT_DERIVED_FROM_COORDINATES;TAXON_MATCH_TAXON_ID_IGNORED
4974163676	50c9509d-22c7-4a22-a47d-8c48425ef4a7	https://www.inaturalist.org/observations/247620407	Fungi	Basidiomycota	Agaricomycetes	Agaricales	Hymenogastraceae	Flammula	Flammula alnicola		SPECIES	Flammula alnicola (Fr.) P.Kumm.	Flammula alnicola		CA		New Brunswick	PRESENT		28eb1a3f-1c15-4a95-931a-4af90ecb574d	45.984022	-66.75795							2024-09-02T16:04	2	9	2024	3344235	3344235	HUMAN_OBSERVATION	iNaturalist	Observations	247620407		Dwayne Sabine	2024-10-16T13:49:08	CC_BY_NC_4_0	Dwayne Sabine	Dwayne Sabine			2025-01-14T13:44:47.062Z	StillImage	COORDINATE_ROUNDED;CONTINENT_DERIVED_FROM_COORDINATES;TAXON_MATCH_TAXON_ID_IGNORED
4952187023	50c9509d-22c7-4a22-a47d-8c48425ef4a7	https://www.inaturalist.org/observations/244698996	Fungi	Basidiomycota	Agaricomycetes	Agaricales	Hymenogastraceae	Flammula	Flammula alnicola		SPECIES	Flammula alnicola (Fr.) P.Kumm.	Flammula alnicola		CA		Ontario	PRESENT		28eb1a3f-1c15-4a95-931a-4af90ecb574d	45.337564	-78.944082	18.0						2024-09-29T10:21:12	29	9	2024	3344235	3344235	HUMAN_OBSERVATION	iNaturalist	Observations	244698996		bernadetteglover	2024-09-29T14:21:27	CC_BY_NC_4_0	bernadetteglover	bernadetteglover			2025-01-14T12:54:16.798Z	StillImage	COORDINATE_ROUNDED;CONTINENT_DERIVED_FROM_COORDINATES;TAXON_MATCH_TAXON_ID_IGNORED
4952170242	50c9509d-22c7-4a22-a47d-8c48425ef4a7	https://www.inaturalist.org/observations/244741079	Fungi	Basidiomycota	Agaricomycetes	Agaricales	Hymenogastraceae	Flammula	Flammula alnicola		SPECIES	Flammula alnicola (Fr.) P.Kumm.	Flammula alnicola		CA		Ontario	PRESENT		28eb1a3f-1c15-4a95-931a-4af90ecb574d	45.24613	-79.013824	27190.0						2024-09-29T11:23:02	29	9	2024	3344235	3344235	HUMAN_OBSERVATION	iNaturalist	Observations	244741079		Lee Cumming	2024-09-29T17:41:58	CC_BY_NC_4_0	Lee Cumming	Lee Cumming			2025-01-14T12:52:01.475Z	StillImage	COORDINATE_ROUNDED;CONTINENT_DERIVED_FROM_COORDINATES;TAXON_MATCH_TAXON_ID_IGNORED
4950565459	50c9509d-22c7-4a22-a47d-8c48425ef4a7	https://www.inaturalist.org/observations/242679515	Fungi	Basidiomycota	Agaricomycetes	Agaricales	Hymenogastraceae	Flammula	Flammula alnicola		SPECIES	Flammula alnicola (Fr.) P.Kumm.	Flammula alnicola		CA		Québec	PRESENT		28eb1a3f-1c15-4a95-931a-4af90ecb574d	45.620377	-75.945418	4.0						2024-09-19T10:02:31	19	9	2024	3344235	3344235	HUMAN_OBSERVATION	iNaturalist	Observations	242679515		Anthony Gaston	2024-09-19T14:05:00	CC_BY_NC_4_0	Anthony Gaston	Anthony Gaston			2025-01-14T13:43:23.616Z	StillImage	COORDINATE_ROUNDED;CONTINENT_DERIVED_FROM_COORDINATES;TAXON_MATCH_TAXON_ID_IGNORED
4949972821	50c9509d-22c7-4a22-a47d-8c48425ef4a7	https://www.inaturalist.org/observations/243506368	Fungi	Basidiomycota	Agaricomycetes	Agaricales	Hymenogastraceae	Flammula	Flammula alnicola		SPECIES	Flammula alnicola (Fr.) P.Kumm.	Flammula alnicola		CA		Québec	PRESENT		28eb1a3f-1c15-4a95-931a-4af90ecb574d	45.794538	-71.490175							2024-09-22T11:00:38	22	9	2024	3344235	3344235	HUMAN_OBSERVATION	iNaturalist	Observations	243506368		egrenier	2024-09-23T02:46:33	CC_BY_NC_4_0	egrenier	egrenier			2025-01-14T12:54:08.569Z	StillImage	COORDINATE_ROUNDED;CONTINENT_DERIVED_FROM_COORDINATES;TAXON_MATCH_TAXON_ID_IGNORED
4945541778	50c9509d-22c7-4a22-a47d-8c48425ef4a7	https://www.inaturalist.org/observations/240694297	Fungi	Basidiomycota	Agaricomycetes	Agaricales	Hymenogastraceae	Flammula	Flammula alnicola		SPECIES	Flammula alnicola (Fr.) P.Kumm.	Flammula alnicola		CA		Québec	PRESENT		28eb1a3f-1c15-4a95-931a-4af90ecb574d	45.857625	-71.632216							2024-09-08T18:21:58	8	9	2024	3344235	3344235	HUMAN_OBSERVATION	iNaturalist	Observations	240694297		calliopeem	2024-09-09T03:28:22	CC_BY_NC_4_0	calliopeem	calliopeem			2025-01-14T13:43:18.192Z	StillImage	COORDINATE_ROUNDED;CONTINENT_DERIVED_FROM_COORDINATES;TAXON_MATCH_TAXON_ID_IGNORED
4855242059	50c9509d-22c7-4a22-a47d-8c48425ef4a7	https://www.inaturalist.org/observations/212339953	Fungi	Basidiomycota	Agaricomycetes	Agaricales	Hymenogastraceae	Flammula	Flammula alnicola		SPECIES	Flammula alnicola (Fr.) P.Kumm.	Flammula alnicola		CA		Québec	PRESENT		28eb1a3f-1c15-4a95-931a-4af90ecb574d	45.395686	-73.397541	1776.0						2021-10-07T11:13	7	10	2021	3344235	3344235	HUMAN_OBSERVATION	iNaturalist	Observations	212339953		Isabelle Pouliot	2024-04-30T18:43:38	CC_BY_NC_4_0	Isabelle Pouliot	Isabelle Pouliot			2025-01-14T13:40:17.656Z	StillImage	COORDINATE_ROUNDED;CONTINENT_DERIVED_FROM_COORDINATES;TAXON_MATCH_TAXON_ID_IGNORED
4597317479	50c9509d-22c7-4a22-a47d-8c48425ef4a7	https://www.inaturalist.org/observations/193122133	Fungi	Basidiomycota	Agaricomycetes	Agaricales	Hymenogastraceae	Flammula	Flammula alnicola		SPECIES	Flammula alnicola (Fr.) P.Kumm.	Flammula alnicola		CA		Québec	PRESENT		28eb1a3f-1c15-4a95-931a-4af90ecb574d	45.564782	-75.432687	15.0						2023-10-08	8	10	2023	3344235	3344235	HUMAN_OBSERVATION	iNaturalist	Observations	193122133		Antoine Fortin	2024-03-11T21:29:11	CC_BY_NC_4_0	Christian Grenier	Christian Grenier			2025-01-14T13:35:41.906Z	StillImage	COORDINATE_ROUNDED;CONTINENT_DERIVED_FROM_COORDINATES;TAXON_MATCH_TAXON_ID_IGNORED
4528151189	50c9509d-22c7-4a22-a47d-8c48425ef4a7	https://www.inaturalist.org/observations/196942193	Fungi	Basidiomycota	Agaricomycetes	Agaricales	Hymenogastraceae	Flammula	Flammula alnicola		SPECIES	Flammula alnicola (Fr.) P.Kumm.	Flammula alnicola		CA		Québec	PRESENT		28eb1a3f-1c15-4a95-931a-4af90ecb574d	45.872811	-76.4339	501.0						2023-10-01T10:56	1	10	2023	3344235	3344235	HUMAN_OBSERVATION	iNaturalist	Observations	196942193		L Joan Heyding	2024-01-17T21:33:26	CC_BY_NC_4_0	L Joan Heyding	L Joan Heyding			2025-01-14T13:37:08.228Z	StillImage	COORDINATE_ROUNDED;CONTINENT_DERIVED_FROM_COORDINATES;TAXON_MATCH_TAXON_ID_IGNORED
4527924199	50c9509d-22c7-4a22-a47d-8c48425ef4a7	https://www.inaturalist.org/observations/195569328	Fungi	Basidiomycota	Agaricomycetes	Agaricales	Hymenogastraceae	Flammula	Flammula alnicola		SPECIES	Flammula alnicola (Fr.) P.Kumm.	Flammula alnicola		CA		Québec	PRESENT		28eb1a3f-1c15-4a95-931a-4af90ecb574d	47.177148	-71.373468	15.0						2023-09-07	7	9	2023	3344235	3344235	HUMAN_OBSERVATION	iNaturalist	Observations	195569328		Christian Grenier	2024-01-02T13:46:09	CC_BY_NC_4_0	Christian Grenier	Christian Grenier			2025-01-14T12:43:55.073Z	StillImage	COORDINATE_ROUNDED;CONTINENT_DERIVED_FROM_COORDINATES;TAXON_MATCH_TAXON_ID_IGNORED
4465427524	50c9509d-22c7-4a22-a47d-8c48425ef4a7	https://www.inaturalist.org/observations/193168253	Fungi	Basidiomycota	Agaricomycetes	Agaricales	Hymenogastraceae	Flammula	Flammula alnicola		SPECIES	Flammula alnicola (Fr.) P.Kumm.	Flammula alnicola		CA		Québec	PRESENT		28eb1a3f-1c15-4a95-931a-4af90ecb574d	47.169451	-71.227916	26903.0						2023-09-16T10:48:37	16	9	2023	3344235	3344235	HUMAN_OBSERVATION	iNaturalist	Observations	193168253		gabboilard	2023-12-06T00:07:37	CC_BY_NC_4_0	Alex Wittemeier	Alex Wittemeier			2025-01-14T12:43:36.496Z	StillImage	COORDINATE_ROUNDED;CONTINENT_DERIVED_FROM_COORDINATES;TAXON_MATCH_TAXON_ID_IGNORED
4458596244	50c9509d-22c7-4a22-a47d-8c48425ef4a7	https://www.inaturalist.org/observations/186556299	Fungi	Basidiomycota	Agaricomycetes	Agaricales	Hymenogastraceae	Flammula	Flammula alnicola		SPECIES	Flammula alnicola (Fr.) P.Kumm.	Flammula alnicola		CA		Québec	PRESENT		28eb1a3f-1c15-4a95-931a-4af90ecb574d	45.43145	-73.94638	189.0						2023-10-06T16:37	6	10	2023	3344235	3344235	HUMAN_OBSERVATION	iNaturalist	Observations	186556299		Madz	2023-10-07T16:00:32	CC_BY_NC_4_0	Madz	Madz			2025-01-14T13:33:09.161Z	StillImage	CONTINENT_DERIVED_FROM_COORDINATES;TAXON_MATCH_TAXON_ID_IGNORED
4458590229	50c9509d-22c7-4a22-a47d-8c48425ef4a7	https://www.inaturalist.org/observations/186543272	Fungi	Basidiomycota	Agaricomycetes	Agaricales	Hymenogastraceae	Flammula	Flammula alnicola		SPECIES	Flammula alnicola (Fr.) P.Kumm.	Flammula alnicola		CA		Québec	PRESENT		28eb1a3f-1c15-4a95-931a-4af90ecb574d	45.43262	-73.95677	189.0						2023-10-05T09:35	5	10	2023	3344235	3344235	HUMAN_OBSERVATION	iNaturalist	Observations	186543272		Katia Burelle	2023-12-01T02:29:18	CC_BY_NC_4_0	Madz	Madz			2025-01-14T13:34:45.399Z	StillImage	CONTINENT_DERIVED_FROM_COORDINATES;TAXON_MATCH_TAXON_ID_IGNORED
4458558192	50c9509d-22c7-4a22-a47d-8c48425ef4a7	https://www.inaturalist.org/observations/186556310	Fungi	Basidiomycota	Agaricomycetes	Agaricales	Hymenogastraceae	Flammula	Flammula alnicola		SPECIES	Flammula alnicola (Fr.) P.Kumm.	Flammula alnicola		CA		Québec	PRESENT		28eb1a3f-1c15-4a95-931a-4af90ecb574d	45.42742	-73.94352	189.0						2023-10-06T16:37	6	10	2023	3344235	3344235	HUMAN_OBSERVATION	iNaturalist	Observations	186556310		Katia Burelle	2023-12-01T02:03:47	CC_BY_NC_4_0	Madz	Madz			2025-01-14T12:42:40.401Z	StillImage	CONTINENT_DERIVED_FROM_COORDINATES;TAXON_MATCH_TAXON_ID_IGNORED
4438866201	50c9509d-22c7-4a22-a47d-8c48425ef4a7	https://www.inaturalist.org/observations/187828590	Fungi	Basidiomycota	Agaricomycetes	Agaricales	Hymenogastraceae	Flammula	Flammula alnicola		SPECIES	Flammula alnicola (Fr.) P.Kumm.	Flammula alnicola		CA		Québec	PRESENT		28eb1a3f-1c15-4a95-931a-4af90ecb574d	46.532167	-72.768967	8.0						2023-10-10T15:59:10	10	10	2023	3344235	3344235	HUMAN_OBSERVATION	iNaturalist	Observations	187828590		Antoine Fortin	2023-10-18T18:29:21	CC_BY_NC_4_0	Halle Wood	Halle Wood			2025-01-14T13:33:18.692Z	StillImage	COORDINATE_ROUNDED;CONTINENT_DERIVED_FROM_COORDINATES;TAXON_MATCH_TAXON_ID_IGNORED
4424541679	50c9509d-22c7-4a22-a47d-8c48425ef4a7	https://www.inaturalist.org/observations/186426878	Fungi	Basidiomycota	Agaricomycetes	Agaricales	Hymenogastraceae	Flammula	Flammula alnicola		SPECIES	Flammula alnicola (Fr.) P.Kumm.	Flammula alnicola		CA		New Brunswick	PRESENT		28eb1a3f-1c15-4a95-931a-4af90ecb574d	45.951136	-66.678662							2023-10-06T11:22:23	6	10	2023	3344235	3344235	HUMAN_OBSERVATION	iNaturalist	Observations	186426878		Andrew MacPherson	2023-10-06T17:09:53	CC0_1_0	Andrew MacPherson	Andrew MacPherson			2025-01-14T12:42:28.772Z	StillImage	COORDINATE_ROUNDED;CONTINENT_DERIVED_FROM_COORDINATES;TAXON_MATCH_TAXON_ID_IGNORED
4424494500	50c9509d-22c7-4a22-a47d-8c48425ef4a7	https://www.inaturalist.org/observations/186897939	Fungi	Basidiomycota	Agaricomycetes	Agaricales	Hymenogastraceae	Flammula	Flammula alnicola		SPECIES	Flammula alnicola (Fr.) P.Kumm.	Flammula alnicola		CA		Québec	PRESENT		28eb1a3f-1c15-4a95-931a-4af90ecb574d	45.419979	-75.82814	391.0						2023-10-09T11:46	9	10	2023	3344235	3344235	HUMAN_OBSERVATION	iNaturalist	Observations	186897939		L Joan Heyding	2023-10-09T20:32:29	CC_BY_NC_4_0	L Joan Heyding	L Joan Heyding			2025-01-14T13:34:23.735Z	StillImage	COORDINATE_ROUNDED;CONTINENT_DERIVED_FROM_COORDINATES;TAXON_MATCH_TAXON_ID_IGNORED
4424335341	50c9509d-22c7-4a22-a47d-8c48425ef4a7	https://www.inaturalist.org/observations/186164770	Fungi	Basidiomycota	Agaricomycetes	Agaricales	Hymenogastraceae	Flammula	Flammula alnicola		SPECIES	Flammula alnicola (Fr.) P.Kumm.	Flammula alnicola		CA		Québec	PRESENT		28eb1a3f-1c15-4a95-931a-4af90ecb574d	45.43145	-73.94638	189.0						2023-10-03T15:59	3	10	2023	3344235	3344235	HUMAN_OBSERVATION	iNaturalist	Observations	186164770		Madz	2023-10-04T14:55:58	CC_BY_NC_4_0	Madz	Madz			2025-01-14T12:42:36.251Z	StillImage	CONTINENT_DERIVED_FROM_COORDINATES;TAXON_MATCH_TAXON_ID_IGNORED
4424124163	50c9509d-22c7-4a22-a47d-8c48425ef4a7	https://www.inaturalist.org/observations/186164773	Fungi	Basidiomycota	Agaricomycetes	Agaricales	Hymenogastraceae	Flammula	Flammula alnicola		SPECIES	Flammula alnicola (Fr.) P.Kumm.	Flammula alnicola		CA		Québec	PRESENT		28eb1a3f-1c15-4a95-931a-4af90ecb574d	45.43145	-73.94638	189.0						2023-10-03T15:59	3	10	2023	3344235	3344235	HUMAN_OBSERVATION	iNaturalist	Observations	186164773		Madz	2023-10-04T14:55:59	CC_BY_NC_4_0	Madz	Madz			2025-01-14T12:42:22.442Z	StillImage	CONTINENT_DERIVED_FROM_COORDINATES;TAXON_MATCH_TAXON_ID_IGNORED
4416989486	50c9509d-22c7-4a22-a47d-8c48425ef4a7	https://www.inaturalist.org/observations/184297125	Fungi	Basidiomycota	Agaricomycetes	Agaricales	Hymenogastraceae	Flammula	Flammula alnicola		SPECIES	Flammula alnicola (Fr.) P.Kumm.	Flammula alnicola		CA		Québec	PRESENT		28eb1a3f-1c15-4a95-931a-4af90ecb574d	45.301544	-72.249908	24.0						2023-09-15T13:44	15	9	2023	3344235	3344235	HUMAN_OBSERVATION	iNaturalist	Observations	184297125		gabboilard	2023-09-21T18:57:19	CC_BY_NC_4_0	gabboilard	gabboilard			2025-01-14T13:33:52.143Z	StillImage	COORDINATE_ROUNDED;CONTINENT_DERIVED_FROM_COORDINATES;TAXON_MATCH_TAXON_ID_IGNORED
4416864855	50c9509d-22c7-4a22-a47d-8c48425ef4a7	https://www.inaturalist.org/observations/183486422	Fungi	Basidiomycota	Agaricomycetes	Agaricales	Hymenogastraceae	Flammula	Flammula alnicola		SPECIES	Flammula alnicola (Fr.) P.Kumm.	Flammula alnicola		CA		Ontario	PRESENT		28eb1a3f-1c15-4a95-931a-4af90ecb574d	45.337677	-79.022025	27190.0						2023-09-15T15:27:22	15	9	2023	3344235	3344235	HUMAN_OBSERVATION	iNaturalist	Observations	183486422		Lee Cumming	2023-09-16T11:49:47	CC_BY_NC_4_0	Lee Cumming	Lee Cumming			2025-01-14T13:32:26.910Z	StillImage	COORDINATE_ROUNDED;CONTINENT_DERIVED_FROM_COORDINATES;TAXON_MATCH_TAXON_ID_IGNORED
4416846624	50c9509d-22c7-4a22-a47d-8c48425ef4a7	https://www.inaturalist.org/observations/183744385	Fungi	Basidiomycota	Agaricomycetes	Agaricales	Hymenogastraceae	Flammula	Flammula alnicola		SPECIES	Flammula alnicola (Fr.) P.Kumm.	Flammula alnicola		CA		Québec	PRESENT		28eb1a3f-1c15-4a95-931a-4af90ecb574d	45.434925	-74.259163	6.0						2023-09-17T13:46:50	17	9	2023	3344235	3344235	HUMAN_OBSERVATION	iNaturalist	Observations	183744385		Antoine Fortin	2023-09-20T16:52:55	CC_BY_NC_4_0	l_bienvenue	l_bienvenue			2025-01-14T13:29:04.275Z	StillImage	COORDINATE_ROUNDED;CONTINENT_DERIVED_FROM_COORDINATES;TAXON_MATCH_TAXON_ID_IGNORED
4416718101	50c9509d-22c7-4a22-a47d-8c48425ef4a7	https://www.inaturalist.org/observations/184727983	Fungi	Basidiomycota	Agaricomycetes	Agaricales	Hymenogastraceae	Flammula	Flammula alnicola		SPECIES	Flammula alnicola (Fr.) P.Kumm.	Flammula alnicola		CA		Québec	PRESENT		28eb1a3f-1c15-4a95-931a-4af90ecb574d	45.648852	-72.958939	31.0						2023-09-21T10:23	21	9	2023	3344235	3344235	HUMAN_OBSERVATION	iNaturalist	Observations	184727983		Antoine Fortin	2023-09-24T17:58:22	CC_BY_NC_4_0	egrenier	egrenier			2025-01-14T13:32:55.820Z	StillImage	COORDINATE_ROUNDED;CONTINENT_DERIVED_FROM_COORDINATES;TAXON_MATCH_TAXON_ID_IGNORED
4414364567	50c9509d-22c7-4a22-a47d-8c48425ef4a7	https://www.inaturalist.org/observations/183901842	Fungi	Basidiomycota	Agaricomycetes	Agaricales	Hymenogastraceae	Flammula	Flammula alnicola		SPECIES	Flammula alnicola (Fr.) P.Kumm.	Flammula alnicola		CA		Québec	PRESENT		28eb1a3f-1c15-4a95-931a-4af90ecb574d	45.374858	-71.924195	32.0						2023-09-18T14:36:14	18	9	2023	3344235	3344235	HUMAN_OBSERVATION	iNaturalist	Observations	183901842		gabboilard	2023-09-18T21:27:02	CC_BY_NC_4_0	gabboilard	gabboilard			2025-01-14T13:32:29.639Z	StillImage	COORDINATE_ROUNDED;CONTINENT_DERIVED_FROM_COORDINATES;TAXON_MATCH_TAXON_ID_IGNORED
4406536312	fb9d7c38-5759-4c30-9e09-5b6bd43f78a6	http://id.luomus.fi/MY.14952816	Fungi	Basidiomycota	Agaricomycetes	Agaricales	Hymenogastraceae	Flammula	Flammula alnicola		SPECIES	Flammula alnicola (Fr.) P.Kumm.	Flammula alnicola (Fr. : Fr.) P. Kumm.		CA	Bell’s Corners	Ontario	PRESENT		04fd2e13-6881-4e5c-9dd1-8fdd9ab993c1	45.32	-75.83							1959-09-16T00:00Z	16	9	1959	3344235	3344235	PRESERVED_SPECIMEN	H		http://id.luomus.fi/HA.H7080549		Groves, J.W.		CC_BY_4_0		Elliott, Mary E.;Pantidou, M.			2025-01-17T02:41:19.790Z		CONTINENT_DERIVED_FROM_COORDINATES;TAXON_MATCH_TAXON_ID_IGNORED;COLLECTION_MATCH_NONE;INSTITUTION_MATCH_FUZZY
4130856750	fb9d7c38-5759-4c30-9e09-5b6bd43f78a6	http://id.luomus.fi/MY.14513192	Fungi	Basidiomycota	Agaricomycetes	Agaricales	Hymenogastraceae	Flammula	Flammula alnicola		SPECIES	Flammula alnicola (Fr.) P.Kumm.	Flammula alnicola (Fr. : Fr.) P. Kumm.		CA	La Verendrye Park	Quebec	PRESENT		04fd2e13-6881-4e5c-9dd1-8fdd9ab993c1	47.03	-76.53							1963-09-10T00:00Z	10	9	1963	3344235	3344235	PRESERVED_SPECIMEN	H		http://id.luomus.fi/HA.H7078984				CC_BY_4_0		Elliot, Mary E.;Pantidou, Maria			2025-01-17T02:41:19.303Z		CONTINENT_DERIVED_FROM_COORDINATES;TAXON_MATCH_TAXON_ID_IGNORED;COLLECTION_MATCH_NONE;INSTITUTION_MATCH_FUZZY
4099925232	d1a3b128-b406-46bb-a6d1-f3591dcc8a7b	d677a43e-77e7-4531-b17d-9e836a101f84	Fungi	Basidiomycota	Agaricomycetes	Agaricales	Hymenogastraceae	Flammula	Flammula alnicola		SPECIES	Flammula alnicola (Fr.) P.Kumm.	Flammula alnicola	(Fr.) P. Kumm.	CA	Gatineau Park	Quebec	PRESENT		e43cf4b8-849e-4fac-b075-e652d019d2cf	45.566667	-75.95	2289.0						1958-09-24	24	9	1958	3344235	3344235	PRESERVED_SPECIMEN	BPI		BPI 773526		Groves, J. W.		CC0_1_0		Elliott, M.			2025-01-15T04:59:42.213Z		GEODETIC_DATUM_ASSUMED_WGS84;CONTINENT_DERIVED_FROM_COORDINATES;TAXON_MATCH_TAXON_ID_IGNORED;INSTITUTION_MATCH_FUZZY
4099925053	d1a3b128-b406-46bb-a6d1-f3591dcc8a7b	8185f1f2-18a6-4071-9106-100be589afbc	Fungi	Basidiomycota	Agaricomycetes	Agaricales	Hymenogastraceae	Flammula	Flammula alnicola		SPECIES	Pholiota alnicola (Fr.) Singer	Pholiota alnicola	(Fr.) Singer	CA	La Verendrye Park	Quebec	PRESENT		e43cf4b8-849e-4fac-b075-e652d019d2cf	46.783333	-76.25	301.0						1963-09-10	10	9	1963	9179574	3344235	PRESERVED_SPECIMEN	BPI		BPI 772075		Groves, J. W.		CC0_1_0		Pantidou, M.; Elliott, M. E.			2025-01-15T04:59:42.244Z		GEODETIC_DATUM_ASSUMED_WGS84;CONTINENT_DERIVED_FROM_COORDINATES;TAXON_MATCH_TAXON_ID_IGNORED;INSTITUTION_MATCH_FUZZY
3456992406	50c9509d-22c7-4a22-a47d-8c48425ef4a7	https://www.inaturalist.org/observations/97061973	Fungi	Basidiomycota	Agaricomycetes	Agaricales	Hymenogastraceae	Flammula	Flammula alnicola		SPECIES	Flammula alnicola (Fr.) P.Kumm.	Flammula alnicola		CA		Ontario	PRESENT		28eb1a3f-1c15-4a95-931a-4af90ecb574d	45.662825	-77.570899	487.0						2021-09-27T16:37	27	9	2021	3344235	3344235	HUMAN_OBSERVATION	iNaturalist	Observations	97061973		kboiv6	2021-10-03T20:06:43	CC_BY_NC_4_0	kboiv6	kboiv6			2025-01-14T13:15:34.401Z	StillImage	COORDINATE_ROUNDED;CONTINENT_DERIVED_FROM_COORDINATES;TAXON_MATCH_TAXON_ID_IGNORED
3455670035	50c9509d-22c7-4a22-a47d-8c48425ef4a7	https://www.inaturalist.org/observations/103702891	Fungi	Basidiomycota	Agaricomycetes	Agaricales	Hymenogastraceae	Flammula	Flammula alnicola		SPECIES	Flammula alnicola (Fr.) P.Kumm.	Flammula alnicola		CA		Québec	PRESENT		28eb1a3f-1c15-4a95-931a-4af90ecb574d	45.772309	-72.006991	15.0						2012-10-02T14:06	2	10	2012	3344235	3344235	HUMAN_OBSERVATION	iNaturalist	Observations	103702891		willoughbyarevalo	2022-01-02T01:43:54	CC_BY_NC_4_0	Alain Maire	Alain Maire			2025-01-14T13:12:27.774Z	StillImage	COORDINATE_ROUNDED;CONTINENT_DERIVED_FROM_COORDINATES;TAXON_MATCH_TAXON_ID_IGNORED
3415678343	50c9509d-22c7-4a22-a47d-8c48425ef4a7	https://www.inaturalist.org/observations/17494021	Fungi	Basidiomycota	Agaricomycetes	Agaricales	Hymenogastraceae	Flammula	Flammula alnicola		SPECIES	Flammula alnicola (Fr.) P.Kumm.	Flammula alnicola		CA		Ontario	PRESENT		28eb1a3f-1c15-4a95-931a-4af90ecb574d	45.377439	-75.236717	6625.0						2018-10-12T13:56	12	10	2018	3344235	3344235	HUMAN_OBSERVATION	iNaturalist	Observations	17494021		Igor Khomenko	2021-09-15T04:10:18	CC_BY_NC_4_0	Igor Khomenko	Igor Khomenko			2025-01-14T12:05:57.457Z	StillImage	COORDINATE_ROUNDED;CONTINENT_DERIVED_FROM_COORDINATES;TAXON_MATCH_TAXON_ID_IGNORED
3408182536	50c9509d-22c7-4a22-a47d-8c48425ef4a7	https://www.inaturalist.org/observations/96730813	Fungi	Basidiomycota	Agaricomycetes	Agaricales	Hymenogastraceae	Flammula	Flammula alnicola		SPECIES	Flammula alnicola (Fr.) P.Kumm.	Flammula alnicola		CA		Ontario	PRESENT		28eb1a3f-1c15-4a95-931a-4af90ecb574d	45.402598	-75.542447							2021-09-30T13:04	30	9	2021	3344235	3344235	HUMAN_OBSERVATION	iNaturalist	Observations	96730813		Igor Khomenko	2021-09-30T22:16:18	CC_BY_NC_4_0	Igor Khomenko	Igor Khomenko			2025-01-14T12:25:47.964Z	StillImage	COORDINATE_ROUNDED;CONTINENT_DERIVED_FROM_COORDINATES;TAXON_MATCH_TAXON_ID_IGNORED
3385133503	50c9509d-22c7-4a22-a47d-8c48425ef4a7	https://www.inaturalist.org/observations/97394129	Fungi	Basidiomycota	Agaricomycetes	Agaricales	Hymenogastraceae	Flammula	Flammula alnicola		SPECIES	Flammula alnicola (Fr.) P.Kumm.	Flammula alnicola		CA		Ontario	PRESENT		28eb1a3f-1c15-4a95-931a-4af90ecb574d	45.395176	-75.512844	183.0						2021-10-06T11:26	6	10	2021	3344235	3344235	HUMAN_OBSERVATION	iNaturalist	Observations	97394129		L Joan Heyding	2021-10-08T00:18:07	CC_BY_NC_4_0	L Joan Heyding	L Joan Heyding			2025-01-14T13:16:15.549Z	StillImage	COORDINATE_ROUNDED;CONTINENT_DERIVED_FROM_COORDINATES;TAXON_MATCH_TAXON_ID_IGNORED
3383856548	50c9509d-22c7-4a22-a47d-8c48425ef4a7	https://www.inaturalist.org/observations/61507068	Fungi	Basidiomycota	Agaricomycetes	Agaricales	Hymenogastraceae	Flammula	Flammula alnicola		SPECIES	Flammula alnicola (Fr.) P.Kumm.	Flammula alnicola		CA		Ontario	PRESENT		28eb1a3f-1c15-4a95-931a-4af90ecb574d	45.498538	-79.19973	32.0						2020-10-02T15:55:31	2	10	2020	3344235	3344235	HUMAN_OBSERVATION	iNaturalist	Observations	61507068		cinna_latifolia	2021-09-29T23:40:54	CC_BY_NC_4_0	John Schneider	John Schneider			2025-01-14T12:15:06.267Z	StillImage	COORDINATE_ROUNDED;CONTINENT_DERIVED_FROM_COORDINATES;TAXON_MATCH_TAXON_ID_IGNORED
3335411362	50c9509d-22c7-4a22-a47d-8c48425ef4a7	https://www.inaturalist.org/observations/61037863	Fungi	Basidiomycota	Agaricomycetes	Agaricales	Hymenogastraceae	Flammula	Flammula alnicola		SPECIES	Flammula alnicola (Fr.) P.Kumm.	Flammula alnicola		CA		Ontario	PRESENT		28eb1a3f-1c15-4a95-931a-4af90ecb574d	45.510888	-75.33894	345.0						2020-09-26T14:08:10	26	9	2020	3344235	3344235	HUMAN_OBSERVATION	iNaturalist	Observations	61037863		Lynn Ovenden	2020-09-27T23:15:51	CC_BY_NC_4_0	Lynn Ovenden	Lynn Ovenden			2025-01-14T13:09:59.779Z	StillImage	COORDINATE_ROUNDED;CONTINENT_DERIVED_FROM_COORDINATES;TAXON_MATCH_TAXON_ID_IGNORED
3302506450	50c9509d-22c7-4a22-a47d-8c48425ef4a7	https://www.inaturalist.org/observations/59605769	Fungi	Basidiomycota	Agaricomycetes	Agaricales	Hymenogastraceae	Flammula	Flammula alnicola		SPECIES	Flammula alnicola (Fr.) P.Kumm.	Flammula alnicola		CA		Québec	PRESENT		28eb1a3f-1c15-4a95-931a-4af90ecb574d	46.77664	-71.27289	9.0						2020-09-14T15:28:39	14	9	2020	3344235	3344235	HUMAN_OBSERVATION	iNaturalist	Observations	59605769		cinna_latifolia	2021-06-09T21:24:08	CC_BY_NC_4_0	Camille Boucher	Camille Boucher			2025-01-14T12:14:41.735Z	StillImage	COORDINATE_ROUNDED;CONTINENT_DERIVED_FROM_COORDINATES;TAXON_MATCH_TAXON_ID_IGNORED
2429302605	50c9509d-22c7-4a22-a47d-8c48425ef4a7	https://www.inaturalist.org/observations/33606472	Fungi	Basidiomycota	Agaricomycetes	Agaricales	Hymenogastraceae	Flammula	Flammula alnicola		SPECIES	Flammula alnicola (Fr.) P.Kumm.	Flammula alnicola		CA		Québec	PRESENT		28eb1a3f-1c15-4a95-931a-4af90ecb574d	45.632498	-75.909202							2019-09-25T17:56	25	9	2019	3344235	3344235	HUMAN_OBSERVATION	iNaturalist	Observations	33606472		Bruce Taylor	2020-09-14T14:11:03	CC_BY_4_0	Bruce Taylor	Bruce Taylor			2025-01-14T12:09:24.828Z	StillImage	COORDINATE_ROUNDED;CONTINENT_DERIVED_FROM_COORDINATES;TAXON_MATCH_TAXON_ID_IGNORED
2423613803	21705170-d2b6-42de-8904-c3bca4b83591	CMMF020017	Fungi	Basidiomycota	Agaricomycetes	Agaricales	Hymenogastraceae	Flammula	Flammula alnicola		SPECIES	Pholiota alnicola (Fr.) Singer	Pholiota alnicola (Fr.) Singer	(Fr.) Singer	CA	Parc Maisonneuve	Quebec	PRESENT		ff7bd5db-b724-4932-b496-10ea298851f9	45.5653	-73.56181	700.0						2011-10-23	23	10	2011	9179574	3344235	PRESERVED_SPECIMEN	Université de Montréal Biodiversity Centre	CMMF	CMMF020017	s.n.	Archambault, Raymond		CC0_1_0	Université de Montréal Biodiversity Centre	Archambault, Raymond			2024-01-24T16:38:20.889Z		INSTITUTION_MATCH_FUZZY;COLLECTION_MATCH_FUZZY;DIFFERENT_OWNER_INSTITUTION
1847647224	50c9509d-22c7-4a22-a47d-8c48425ef4a7	https://www.inaturalist.org/observations/9593390	Fungi	Basidiomycota	Agaricomycetes	Agaricales	Hymenogastraceae	Flammula	Flammula alnicola		SPECIES	Flammula alnicola (Fr.) P.Kumm.	Flammula alnicola		CA		Ontario	PRESENT		28eb1a3f-1c15-4a95-931a-4af90ecb574d	45.39615	-79.19605	427.0						2016-09-20	20	9	2016	3344235	3344235	HUMAN_OBSERVATION	iNaturalist	Observations	9593390		mycowalt	2020-09-14T14:10:09	CC_BY_NC_4_0	mycowalt	mycowalt			2025-01-14T13:00:07.063Z	StillImage	CONTINENT_DERIVED_FROM_COORDINATES;TAXON_MATCH_TAXON_ID_IGNORED
1847644928	50c9509d-22c7-4a22-a47d-8c48425ef4a7	https://www.inaturalist.org/observations/9572127	Fungi	Basidiomycota	Agaricomycetes	Agaricales	Hymenogastraceae	Flammula	Flammula alnicola		SPECIES	Flammula alnicola (Fr.) P.Kumm.	Flammula alnicola		CA		Ontario	PRESENT		28eb1a3f-1c15-4a95-931a-4af90ecb574d	45.57675	-78.45745	4046.0						2012-09-24	24	9	2012	3344235	3344235	HUMAN_OBSERVATION	iNaturalist	Observations	9572127		mycowalt	2020-09-14T14:10:05	CC_BY_NC_4_0	mycowalt	mycowalt			2025-01-14T12:04:21.195Z	StillImage	CONTINENT_DERIVED_FROM_COORDINATES;TAXON_MATCH_TAXON_ID_IGNORED
1847644927	50c9509d-22c7-4a22-a47d-8c48425ef4a7	https://www.inaturalist.org/observations/9572032	Fungi	Basidiomycota	Agaricomycetes	Agaricales	Hymenogastraceae	Flammula	Flammula alnicola		SPECIES	Flammula alnicola (Fr.) P.Kumm.	Flammula alnicola		CA		Ontario	PRESENT		28eb1a3f-1c15-4a95-931a-4af90ecb574d	45.5794	-78.51955	385.0						2012-09-21	21	9	2012	3344235	3344235	HUMAN_OBSERVATION	iNaturalist	Observations	9572032		mycowalt	2020-09-14T14:10:05	CC_BY_NC_4_0	mycowalt	mycowalt			2025-01-14T13:00:12.451Z	StillImage	CONTINENT_DERIVED_FROM_COORDINATES;TAXON_MATCH_TAXON_ID_IGNORED
1412705706	21705170-d2b6-42de-8904-c3bca4b83591	CMMF014196	Fungi	Basidiomycota	Agaricomycetes	Agaricales	Hymenogastraceae	Flammula	Flammula alnicola		SPECIES	Pholiota alnicola (Fr.) Singer	Pholiota alnicola (Fr.) Singer	(Fr.) Singer	CA	Lac Kenogami, Québec.	Québec	PRESENT		ff7bd5db-b724-4932-b496-10ea298851f9	48.323075	-71.334535	20000.0						1992-09-20	20	9	1992	9179574	3344235	PRESERVED_SPECIMEN	Université de Montréal Biodiversity Centre	CMMF	CMMF014196	NA	Guérin, Gérard		CC0_1_0	Université de Montréal Biodiversity Centre	Guérin, Gérard			2024-01-24T16:38:19.403Z		INSTITUTION_MATCH_FUZZY;COLLECTION_MATCH_FUZZY;DIFFERENT_OWNER_INSTITUTION
1135071424	21705170-d2b6-42de-8904-c3bca4b83591	CMMF009995	Fungi	Basidiomycota	Agaricomycetes	Agaricales	Hymenogastraceae	Flammula	Flammula alnicola		SPECIES	Pholiota alnicola (Fr.) Singer	Pholiota alnicola (Fr.) Singer	(Fr.) Singer	CA	Rue des Acadiens, Québec.	Québec	PRESENT		ff7bd5db-b724-4932-b496-10ea298851f9	46.918501	-71.254455	4000.0						2007-09-14	14	9	2007	9179574	3344235	PRESERVED_SPECIMEN	Université de Montréal Biodiversity Centre	CMMF	CMMF009995	1580	Labbé, Roland		CC0_1_0	Université de Montréal Biodiversity Centre	Labrecque, Jacqueline			2024-01-24T16:38:21.435Z		INSTITUTION_MATCH_FUZZY;COLLECTION_MATCH_FUZZY;DIFFERENT_OWNER_INSTITUTION
1135070703	21705170-d2b6-42de-8904-c3bca4b83591	CMMF009205	Fungi	Basidiomycota	Agaricomycetes	Agaricales	Hymenogastraceae	Flammula	Flammula alnicola		SPECIES	Pholiota alnicola (Fr.) Singer	Pholiota alnicola (Fr.) Singer	(Fr.) Singer	CA	Chemin Chapelle, Lac-Beauport.	Québec	PRESENT		ff7bd5db-b724-4932-b496-10ea298851f9	46.949281	-71.284722	250.0						2006-09-15	15	9	2006	9179574	3344235	PRESERVED_SPECIMEN	Université de Montréal Biodiversity Centre	CMMF	CMMF009205	789	Labbé, Roland		CC0_1_0	Université de Montréal Biodiversity Centre	Labrecque, Jacqueline			2024-01-24T16:38:21.479Z		INSTITUTION_MATCH_FUZZY;COLLECTION_MATCH_FUZZY;DIFFERENT_OWNER_INSTITUTION
1135070667	21705170-d2b6-42de-8904-c3bca4b83591	CMMF009136	Fungi	Basidiomycota	Agaricomycetes	Agaricales	Hymenogastraceae	Flammula	Flammula alnicola		SPECIES	Pholiota alnicola (Fr.) Singer	Pholiota alnicola (Fr.) Singer	(Fr.) Singer	CA	210 Éperon, côté maison. Lac-Beauport.	Québec	PRESENT		ff7bd5db-b724-4932-b496-10ea298851f9	46.953091	-71.275238	5000.0						2006-09-05	5	9	2006	9179574	3344235	PRESERVED_SPECIMEN	Université de Montréal Biodiversity Centre	CMMF	CMMF009136	720	Labbé, Roland		CC0_1_0	Université de Montréal Biodiversity Centre	Labrecque, Jacqueline; Labbé, Roland			2024-01-24T16:38:20.236Z		INSTITUTION_MATCH_FUZZY;COLLECTION_MATCH_FUZZY;DIFFERENT_OWNER_INSTITUTION
1135069810	21705170-d2b6-42de-8904-c3bca4b83591	CMMF008367	Fungi	Basidiomycota	Agaricomycetes	Agaricales	Hymenogastraceae	Flammula	Flammula alnicola		SPECIES	Flammula alnicola (Fr.) P.Kumm.	Flammula alnicola (Fr.) P. Kumm.	(Fr.) P. Kumm.	CA	Sainte-Anne-des-Monts	Québec	PRESENT		ff7bd5db-b724-4932-b496-10ea298851f9	49.11755	-66.498833	100.0						2005-09-15	15	9	2005	3344235	3344235	PRESERVED_SPECIMEN	Université de Montréal Biodiversity Centre	CMMF	CMMF008367	C2507	McNeil, Raymond		CC0_1_0	Université de Montréal Biodiversity Centre	McNeil, Raymond			2024-01-24T16:38:17.749Z	StillImage	COORDINATE_ROUNDED;INSTITUTION_MATCH_FUZZY;COLLECTION_MATCH_FUZZY;DIFFERENT_OWNER_INSTITUTION
1135069144	21705170-d2b6-42de-8904-c3bca4b83591	CMMF007702	Fungi	Basidiomycota	Agaricomycetes	Agaricales	Hymenogastraceae	Flammula	Flammula alnicola		SPECIES	Flammula alnicola (Fr.) P.Kumm.	Flammula alnicola (Fr.) P. Kumm.	(Fr.) P. Kumm.	CA	Sainte-Béatrix	Québec	PRESENT		ff7bd5db-b724-4932-b496-10ea298851f9	46.191667	-73.614167	100.0						1981-09-12	12	9	1981	3344235	3344235	PRESERVED_SPECIMEN	Université de Montréal Biodiversity Centre	CMMF	CMMF007702	1289	McNeil, Raymond		CC0_1_0	Université de Montréal Biodiversity Centre	McNeil, Raymond			2024-01-24T16:38:16.113Z	StillImage	COORDINATE_ROUNDED;INSTITUTION_MATCH_FUZZY;COLLECTION_MATCH_FUZZY;DIFFERENT_OWNER_INSTITUTION
1135068711	21705170-d2b6-42de-8904-c3bca4b83591	CMMF007253	Fungi	Basidiomycota	Agaricomycetes	Agaricales	Hymenogastraceae	Flammula	Flammula alnicola		SPECIES	Flammula alnicola (Fr.) P.Kumm.	Flammula alnicola (Fr.) P. Kumm.	(Fr.) P. Kumm.	CA	St-Canut	Québec	PRESENT		ff7bd5db-b724-4932-b496-10ea298851f9	45.7001	-74.09015	100.0						1979-09-01	1	9	1979	3344235	3344235	PRESERVED_SPECIMEN	Université de Montréal Biodiversity Centre	CMMF	CMMF007253	429	McNeil, Raymond		CC0_1_0	Université de Montréal Biodiversity Centre	McNeil, Raymond			2024-01-24T16:38:21.335Z	StillImage	INSTITUTION_MATCH_FUZZY;COLLECTION_MATCH_FUZZY;DIFFERENT_OWNER_INSTITUTION
1135066702	21705170-d2b6-42de-8904-c3bca4b83591	CMMF010125	Fungi	Basidiomycota	Agaricomycetes	Agaricales	Hymenogastraceae	Flammula	Flammula alnicola		SPECIES	Pholiota alnicola (Fr.) Singer	Pholiota alnicola (Fr.) Singer	(Fr.) Singer	CA	Rue des Acadiens, Québec.	Québec	PRESENT		ff7bd5db-b724-4932-b496-10ea298851f9	46.918501	-71.254455	4000.0						2007-10-01	1	10	2007	9179574	3344235	PRESERVED_SPECIMEN	Université de Montréal Biodiversity Centre	CMMF	CMMF010125	1711	Labrecque, Jacqueline		CC0_1_0	Université de Montréal Biodiversity Centre	Labrecque, Jacqueline			2024-01-24T16:38:20.253Z		INSTITUTION_MATCH_FUZZY;COLLECTION_MATCH_FUZZY;DIFFERENT_OWNER_INSTITUTION
1135066648	21705170-d2b6-42de-8904-c3bca4b83591	CMMF010069	Fungi	Basidiomycota	Agaricomycetes	Agaricales	Hymenogastraceae	Flammula	Flammula alnicola		SPECIES	Pholiota alnicola (Fr.) Singer	Pholiota alnicola (Fr.) Singer	(Fr.) Singer	CA	Château Bigot, Québec.	Québec	PRESENT		ff7bd5db-b724-4932-b496-10ea298851f9	46.898375	-71.266801	2000.0						2007-09-23	23	9	2007	9179574	3344235	PRESERVED_SPECIMEN	Université de Montréal Biodiversity Centre	CMMF	CMMF010069	1654	Labrecque, Jacqueline		CC0_1_0	Université de Montréal Biodiversity Centre	Labrecque, Jacqueline			2024-01-24T16:38:20.192Z		INSTITUTION_MATCH_FUZZY;COLLECTION_MATCH_FUZZY;DIFFERENT_OWNER_INSTITUTION
