gbifID	datasetKey	occurrenceID	kingdom	phylum	class	order	family	genus	species	infraspecificEpithet	taxonRank	scientificName	verbatimScientificName	verbatimScientificNameAuthorship	countryCode	locality	stateProvince	occurrenceStatus	individualCount	publishingOrgKey	decimalLatitude	decimalLongitude	coordinateUncertaintyInMeters	coordinatePrecision	elevation	elevationAccuracy	depth	depthAccuracy	eventDate	day	month	year	taxonKey	speciesKey	basisOfRecord	institutionCode	collectionCode	catalogNumber	recordNumber	identifiedBy	dateIdentified	license	rightsHolder	recordedBy	typeStatus	establishmentMeans	lastInterpreted	mediaType	issue
617555136	21705170-d2b6-42de-8904-c3bca4b83591	CMMF000673	Fungi	Basidiomycota	Agaricomycetes	Polyporales	Polyporaceae	Polyporus	Polyporus radicatus		SPECIES	Polyporus radicatus Schwein.	Polyporus radicatus Schwein.	Schwein.	CA	Montréal	Québec	PRESENT		ff7bd5db-b724-4932-b496-10ea298851f9	45.509625	-73.662984	25000.0						1989-08-25	25	8	1989	5246696	5246696	PRESERVED_SPECIMEN	Université de Montréal Biodiversity Centre	CMMF	CMMF000673		Lamoureux, Yves		CC0_1_0	Université de Montréal Biodiversity Centre	Lamoureux, Yves			2024-01-24T16:38:20.122Z	StillImage	INSTITUTION_MATCH_FUZZY;COLLECTION_MATCH_FUZZY;DIFFERENT_OWNER_INSTITUTION
617554168	21705170-d2b6-42de-8904-c3bca4b83591	CMMF003928	Fungi	Basidiomycota	Agaricomycetes	Polyporales	Polyporaceae	Polyporus	Polyporus radicatus		SPECIES	Polyporus radicatus Schwein.	Polyporus radicatus Schwein.	Schwein.	CA	Mt Orford	Québec	PRESENT		ff7bd5db-b724-4932-b496-10ea298851f9	45.340394	-72.208677	6500.0						2005-09-04	4	9	2005	5246696	5246696	PRESERVED_SPECIMEN	Université de Montréal Biodiversity Centre	CMMF	CMMF003928		Lamoureux, Yves		CC0_1_0	Université de Montréal Biodiversity Centre	Lamoureux, Yves			2024-01-24T16:38:17.479Z	StillImage	INSTITUTION_MATCH_FUZZY;COLLECTION_MATCH_FUZZY;DIFFERENT_OWNER_INSTITUTION
617550926	21705170-d2b6-42de-8904-c3bca4b83591	CMMF002493	Fungi	Basidiomycota	Agaricomycetes	Polyporales	Polyporaceae	Polyporus	Polyporus radicatus		SPECIES	Polyporus radicatus Schwein.	Polyporus radicatus Schwein.	Schwein.	CA	Melocheville	Québec	PRESENT		ff7bd5db-b724-4932-b496-10ea298851f9	45.307492	-73.928526	4000.0						1995-08-16	16	8	1995	5246696	5246696	PRESERVED_SPECIMEN	Université de Montréal Biodiversity Centre	CMMF	CMMF002493		Lamoureux, Yves		CC0_1_0	Université de Montréal Biodiversity Centre	Lamoureux, Yves			2024-01-24T16:38:19.577Z	StillImage	INSTITUTION_MATCH_FUZZY;COLLECTION_MATCH_FUZZY;DIFFERENT_OWNER_INSTITUTION
4987545545	50c9509d-22c7-4a22-a47d-8c48425ef4a7	https://www.inaturalist.org/observations/252669466	Fungi	Basidiomycota	Agaricomycetes	Polyporales	Polyporaceae	Polyporus	Polyporus radicatus		SPECIES	Polyporus radicatus Schwein.	Polyporus radicatus		CA		Québec	PRESENT		28eb1a3f-1c15-4a95-931a-4af90ecb574d	45.037455	-74.071997	1953.0						2024-08-20T10:24	20	8	2024	5246696	5246696	HUMAN_OBSERVATION	iNaturalist	Observations	252669466		Annabelle Langlois	2024-11-23T02:27:09	CC_BY_NC_4_0	Annabelle Langlois	Annabelle Langlois			2025-01-14T13:41:11.311Z	StillImage	COORDINATE_ROUNDED;CONTINENT_DERIVED_FROM_COORDINATES;TAXON_MATCH_TAXON_ID_IGNORED
4980630583	50c9509d-22c7-4a22-a47d-8c48425ef4a7	https://www.inaturalist.org/observations/193086551	Fungi	Basidiomycota	Agaricomycetes	Polyporales	Polyporaceae	Polyporus	Polyporus radicatus		SPECIES	Polyporus radicatus Schwein.	Polyporus radicatus		CA		Québec	PRESENT		28eb1a3f-1c15-4a95-931a-4af90ecb574d	46.981852	-71.117382	26935.0						2023-09-20T14:17:42	20	9	2023	5246696	5246696	HUMAN_OBSERVATION	iNaturalist	Observations	193086551		Ariel Bonkoski	2024-11-11T22:35:23	CC_BY_NC_4_0	Alex Wittemeier	Alex Wittemeier			2025-01-14T13:35:31.042Z	StillImage	COORDINATE_ROUNDED;CONTINENT_DERIVED_FROM_COORDINATES;TAXON_MATCH_TAXON_ID_IGNORED
4980624322	50c9509d-22c7-4a22-a47d-8c48425ef4a7	https://www.inaturalist.org/observations/227197344	Fungi	Basidiomycota	Agaricomycetes	Polyporales	Polyporaceae	Polyporus	Polyporus radicatus		SPECIES	Polyporus radicatus Schwein.	Polyporus radicatus		CA		Québec	PRESENT		28eb1a3f-1c15-4a95-931a-4af90ecb574d	45.497903	-73.773347	14.0						2024-07-04T11:41:41	4	7	2024	5246696	5246696	HUMAN_OBSERVATION	iNaturalist	Observations	227197344		jestre	2024-07-04T22:59:52	CC_BY_NC_4_0	jestre	jestre			2025-01-14T12:46:56.945Z	StillImage	COORDINATE_ROUNDED;CONTINENT_DERIVED_FROM_COORDINATES;TAXON_MATCH_TAXON_ID_IGNORED
4980264616	50c9509d-22c7-4a22-a47d-8c48425ef4a7	https://www.inaturalist.org/observations/250231746	Fungi	Basidiomycota	Agaricomycetes	Polyporales	Polyporaceae	Polyporus	Polyporus radicatus		SPECIES	Polyporus radicatus Schwein.	Polyporus radicatus		CA		Québec	PRESENT		28eb1a3f-1c15-4a95-931a-4af90ecb574d	46.774831	-71.275286	357.0						2024-08-01T11:37:47	1	8	2024	5246696	5246696	HUMAN_OBSERVATION	iNaturalist	Observations	250231746		arthur_tdlc	2024-11-03T02:14:36	CC_BY_NC_4_0	arthur_tdlc	arthur_tdlc			2025-01-14T12:52:20.368Z	StillImage	COORDINATE_ROUNDED;CONTINENT_DERIVED_FROM_COORDINATES;TAXON_MATCH_TAXON_ID_IGNORED
4946561073	50c9509d-22c7-4a22-a47d-8c48425ef4a7	https://www.inaturalist.org/observations/239883818	Fungi	Basidiomycota	Agaricomycetes	Polyporales	Polyporaceae	Polyporus	Polyporus radicatus		SPECIES	Polyporus radicatus Schwein.	Polyporus radicatus		CA		Québec	PRESENT		28eb1a3f-1c15-4a95-931a-4af90ecb574d	45.49103	-75.626172							2024-09-04T14:15	4	9	2024	5246696	5246696	HUMAN_OBSERVATION	iNaturalist	Observations	239883818		jonathan_mack	2024-09-04T23:58:07	CC_BY_NC_4_0	jonathan_mack	jonathan_mack			2025-01-14T13:43:14.093Z	StillImage	COORDINATE_ROUNDED;CONTINENT_DERIVED_FROM_COORDINATES;TAXON_MATCH_TAXON_ID_IGNORED
4936942063	50c9509d-22c7-4a22-a47d-8c48425ef4a7	https://www.inaturalist.org/observations/239187005	Fungi	Basidiomycota	Agaricomycetes	Polyporales	Polyporaceae	Polyporus	Polyporus radicatus		SPECIES	Polyporus radicatus Schwein.	Polyporus radicatus		CA		Ontario	PRESENT		28eb1a3f-1c15-4a95-931a-4af90ecb574d	45.398738	-75.703349	585.0						2024-09-01T10:58:31	1	9	2024	5246696	5246696	HUMAN_OBSERVATION	iNaturalist	Observations	239187005		alitheabsurd	2024-09-01T16:01:15	CC_BY_NC_4_0	CalabogieHiker	CalabogieHiker			2025-01-14T13:43:37.047Z	StillImage	COORDINATE_ROUNDED;CONTINENT_DERIVED_FROM_COORDINATES;TAXON_MATCH_TAXON_ID_IGNORED
4936284262	50c9509d-22c7-4a22-a47d-8c48425ef4a7	https://www.inaturalist.org/observations/236386283	Fungi	Basidiomycota	Agaricomycetes	Polyporales	Polyporaceae	Polyporus	Polyporus radicatus		SPECIES	Polyporus radicatus Schwein.	Polyporus radicatus		CA		Québec	PRESENT		28eb1a3f-1c15-4a95-931a-4af90ecb574d	45.081751	-73.155778	4280.0						2024-08-17T11:37:22	17	8	2024	5246696	5246696	HUMAN_OBSERVATION	iNaturalist	Observations	236386283		egrenier	2024-08-17T22:34:28	CC_BY_NC_4_0	egrenier	egrenier			2025-01-14T13:35:40.739Z	StillImage	COORDINATE_ROUNDED;CONTINENT_DERIVED_FROM_COORDINATES;TAXON_MATCH_TAXON_ID_IGNORED
4935967326	50c9509d-22c7-4a22-a47d-8c48425ef4a7	https://www.inaturalist.org/observations/234276380	Fungi	Basidiomycota	Agaricomycetes	Polyporales	Polyporaceae	Polyporus	Polyporus radicatus		SPECIES	Polyporus radicatus Schwein.	Polyporus radicatus		CA		Québec	PRESENT		28eb1a3f-1c15-4a95-931a-4af90ecb574d	45.026502	-72.718758	130.0						2024-08-06T17:31:32	6	8	2024	5246696	5246696	HUMAN_OBSERVATION	iNaturalist	Observations	234276380		wez	2024-08-07T04:19:48	CC_BY_NC_4_0	wez	wez			2025-01-14T12:48:00.251Z	StillImage	COORDINATE_ROUNDED;CONTINENT_DERIVED_FROM_COORDINATES;TAXON_MATCH_TAXON_ID_IGNORED
4600037591	50c9509d-22c7-4a22-a47d-8c48425ef4a7	https://www.inaturalist.org/observations/93982611	Fungi	Basidiomycota	Agaricomycetes	Polyporales	Polyporaceae	Polyporus	Polyporus radicatus		SPECIES	Polyporus radicatus Schwein.	Polyporus radicatus		CA		Québec	PRESENT		28eb1a3f-1c15-4a95-931a-4af90ecb574d	45.0681	-72.737925							2021-07-15T13:05	15	7	2021	5246696	5246696	HUMAN_OBSERVATION	iNaturalist	Observations	93982611		cinna_latifolia	2024-02-20T07:35:19	CC_BY_NC_4_0	Victor Grivegnée-Dumoulin	Victor Grivegnée-Dumoulin			2025-01-14T13:15:12.634Z	StillImage	CONTINENT_DERIVED_FROM_COORDINATES;TAXON_MATCH_TAXON_ID_IGNORED
4424646544	50c9509d-22c7-4a22-a47d-8c48425ef4a7	https://www.inaturalist.org/observations/186312895	Fungi	Basidiomycota	Agaricomycetes	Polyporales	Polyporaceae	Polyporus	Polyporus radicatus		SPECIES	Polyporus radicatus Schwein.	Polyporus radicatus		CA		Québec	PRESENT		28eb1a3f-1c15-4a95-931a-4af90ecb574d	46.775097	-71.287266	51.0						2023-10-05T14:36:40	5	10	2023	5246696	5246696	HUMAN_OBSERVATION	iNaturalist	Observations	186312895		Camille Boucher	2023-10-05T18:39:21	CC_BY_NC_4_0	Camille Boucher	Camille Boucher			2025-01-14T13:28:07.979Z	StillImage	COORDINATE_ROUNDED;CONTINENT_DERIVED_FROM_COORDINATES;TAXON_MATCH_TAXON_ID_IGNORED
4421055699	50c9509d-22c7-4a22-a47d-8c48425ef4a7	https://www.inaturalist.org/observations/185577548	Fungi	Basidiomycota	Agaricomycetes	Polyporales	Polyporaceae	Polyporus	Polyporus radicatus		SPECIES	Polyporus radicatus Schwein.	Polyporus radicatus		CA		Ontario	PRESENT		28eb1a3f-1c15-4a95-931a-4af90ecb574d	45.402884	-75.587683	8.0						2023-09-27T14:28:49	27	9	2023	5246696	5246696	HUMAN_OBSERVATION	iNaturalist	Observations	185577548		Igor Khomenko	2023-09-30T15:50:28	CC_BY_NC_4_0	Igor Khomenko	Igor Khomenko			2025-01-14T12:40:39.096Z	StillImage	COORDINATE_ROUNDED;CONTINENT_DERIVED_FROM_COORDINATES;TAXON_MATCH_TAXON_ID_IGNORED
4420763192	50c9509d-22c7-4a22-a47d-8c48425ef4a7	https://www.inaturalist.org/observations/185991576	Fungi	Basidiomycota	Agaricomycetes	Polyporales	Polyporaceae	Polyporus	Polyporus radicatus		SPECIES	Polyporus radicatus Schwein.	Polyporus radicatus		CA		Ontario	PRESENT		28eb1a3f-1c15-4a95-931a-4af90ecb574d	45.290591	-75.809017	31.0						2023-09-19T17:26	19	9	2023	5246696	5246696	HUMAN_OBSERVATION	iNaturalist	Observations	185991576		Serguei Ponomarenko	2023-10-03T02:33:32	CC_BY_NC_4_0	Serguei Ponomarenko	Serguei Ponomarenko			2025-01-14T13:33:25.315Z	StillImage	COORDINATE_ROUNDED;CONTINENT_DERIVED_FROM_COORDINATES;TAXON_MATCH_TAXON_ID_IGNORED
4416653761	50c9509d-22c7-4a22-a47d-8c48425ef4a7	https://www.inaturalist.org/observations/183443604	Fungi	Basidiomycota	Agaricomycetes	Polyporales	Polyporaceae	Polyporus	Polyporus radicatus		SPECIES	Polyporus radicatus Schwein.	Polyporus radicatus		CA		Québec	PRESENT		28eb1a3f-1c15-4a95-931a-4af90ecb574d	45.387137	-72.724024	390.0						2023-09-11T16:33	11	9	2023	5246696	5246696	HUMAN_OBSERVATION	iNaturalist	Observations	183443604		Antoine Fortin	2023-09-16T01:37:17	CC_BY_NC_4_0	Antoine Fortin	Antoine Fortin			2025-01-14T13:32:29.608Z	StillImage	COORDINATE_ROUNDED;CONTINENT_DERIVED_FROM_COORDINATES;TAXON_MATCH_TAXON_ID_IGNORED
4414183116	50c9509d-22c7-4a22-a47d-8c48425ef4a7	https://www.inaturalist.org/observations/182893330	Fungi	Basidiomycota	Agaricomycetes	Polyporales	Polyporaceae	Polyporus	Polyporus radicatus		SPECIES	Polyporus radicatus Schwein.	Polyporus radicatus		CA		Ontario	PRESENT		28eb1a3f-1c15-4a95-931a-4af90ecb574d	45.457722	-75.549586	74.0						2023-09-10T15:29	10	9	2023	5246696	5246696	HUMAN_OBSERVATION	iNaturalist	Observations	182893330		jonathan_mack	2023-09-12T01:50:40	CC_BY_NC_4_0	jonathan_mack	jonathan_mack			2025-01-14T13:29:00.314Z	StillImage	COORDINATE_ROUNDED;CONTINENT_DERIVED_FROM_COORDINATES;TAXON_MATCH_TAXON_ID_IGNORED
4414065445	50c9509d-22c7-4a22-a47d-8c48425ef4a7	https://www.inaturalist.org/observations/183605180	Fungi	Basidiomycota	Agaricomycetes	Polyporales	Polyporaceae	Polyporus	Polyporus radicatus		SPECIES	Polyporus radicatus Schwein.	Polyporus radicatus		CA		Ontario	PRESENT		28eb1a3f-1c15-4a95-931a-4af90ecb574d	45.548812	-74.692756	27158.0						2023-09-16T14:12	16	9	2023	5246696	5246696	HUMAN_OBSERVATION	iNaturalist	Observations	183605180		jonathan_mack	2023-09-17T02:05:57	CC_BY_NC_4_0	jonathan_mack	jonathan_mack			2025-01-14T13:32:39.759Z	StillImage	COORDINATE_ROUNDED;CONTINENT_DERIVED_FROM_COORDINATES;TAXON_MATCH_TAXON_ID_IGNORED
4414030406	50c9509d-22c7-4a22-a47d-8c48425ef4a7	https://www.inaturalist.org/observations/182522776	Fungi	Basidiomycota	Agaricomycetes	Polyporales	Polyporaceae	Polyporus	Polyporus radicatus		SPECIES	Polyporus radicatus Schwein.	Polyporus radicatus		CA		Ontario	PRESENT		28eb1a3f-1c15-4a95-931a-4af90ecb574d	45.40962	-75.928289	46.0						2023-09-09T09:38	9	9	2023	5246696	5246696	HUMAN_OBSERVATION	iNaturalist	Observations	182522776		jonathan_mack	2023-09-09T19:53:11	CC_BY_NC_4_0	jonathan_mack	jonathan_mack			2025-01-14T12:39:32.522Z	StillImage	COORDINATE_ROUNDED;CONTINENT_DERIVED_FROM_COORDINATES;TAXON_MATCH_TAXON_ID_IGNORED
4407130122	50c9509d-22c7-4a22-a47d-8c48425ef4a7	https://www.inaturalist.org/observations/181124087	Fungi	Basidiomycota	Agaricomycetes	Polyporales	Polyporaceae	Polyporus	Polyporus radicatus		SPECIES	Polyporus radicatus Schwein.	Polyporus radicatus		CA		Ontario	PRESENT		28eb1a3f-1c15-4a95-931a-4af90ecb574d	45.198695	-76.238358							2023-08-31T18:28	31	8	2023	5246696	5246696	HUMAN_OBSERVATION	iNaturalist	Observations	181124087		almonteallisons	2023-08-31T22:49:51	CC_BY_NC_4_0	almonteallisons	almonteallisons			2025-01-14T13:27:00.681Z	StillImage	COORDINATE_ROUNDED;CONTINENT_DERIVED_FROM_COORDINATES;TAXON_MATCH_TAXON_ID_IGNORED
4177490463	50c9509d-22c7-4a22-a47d-8c48425ef4a7	https://www.inaturalist.org/observations/178114982	Fungi	Basidiomycota	Agaricomycetes	Polyporales	Polyporaceae	Polyporus	Polyporus radicatus		SPECIES	Polyporus radicatus Schwein.	Polyporus radicatus		CA		Québec	PRESENT		28eb1a3f-1c15-4a95-931a-4af90ecb574d	45.039786	-72.820213	3.0						2023-08-12T10:09:42	12	8	2023	5246696	5246696	HUMAN_OBSERVATION	iNaturalist	Observations	178114982		l_bienvenue	2023-08-13T03:46:08	CC_BY_NC_4_0	l_bienvenue	l_bienvenue			2025-01-14T13:32:33.103Z	StillImage	COORDINATE_ROUNDED;CONTINENT_DERIVED_FROM_COORDINATES;TAXON_MATCH_TAXON_ID_IGNORED
3915471058	50c9509d-22c7-4a22-a47d-8c48425ef4a7	https://www.inaturalist.org/observations/135926436	Fungi	Basidiomycota	Agaricomycetes	Polyporales	Polyporaceae	Polyporus	Polyporus radicatus		SPECIES	Polyporus radicatus Schwein.	Polyporus radicatus		CA		Ontario	PRESENT		28eb1a3f-1c15-4a95-931a-4af90ecb574d	45.307293	-75.817844	24.0						2022-09-21T12:00:47	21	9	2022	5246696	5246696	HUMAN_OBSERVATION	iNaturalist	Observations	135926436		Igor Khomenko	2022-09-21T16:06:25	CC_BY_NC_4_0	Igor Khomenko	Igor Khomenko			2025-01-14T12:31:51.609Z	StillImage	COORDINATE_ROUNDED;CONTINENT_DERIVED_FROM_COORDINATES;TAXON_MATCH_TAXON_ID_IGNORED
3912384705	50c9509d-22c7-4a22-a47d-8c48425ef4a7	https://www.inaturalist.org/observations/135743478	Fungi	Basidiomycota	Agaricomycetes	Polyporales	Polyporaceae	Polyporus	Polyporus radicatus		SPECIES	Polyporus radicatus Schwein.	Polyporus radicatus		CA		Québec	PRESENT		28eb1a3f-1c15-4a95-931a-4af90ecb574d	46.005093	-73.411567	59.0						2022-09-16T13:53	16	9	2022	5246696	5246696	HUMAN_OBSERVATION	iNaturalist	Observations	135743478		jonathan_mack	2022-09-20T02:40:53	CC_BY_NC_4_0	jonathan_mack	jonathan_mack			2025-01-14T13:25:23.454Z	StillImage	COORDINATE_ROUNDED;CONTINENT_DERIVED_FROM_COORDINATES;TAXON_MATCH_TAXON_ID_IGNORED
3912302380	50c9509d-22c7-4a22-a47d-8c48425ef4a7	https://www.inaturalist.org/observations/135139323	Fungi	Basidiomycota	Agaricomycetes	Polyporales	Polyporaceae	Polyporus	Polyporus radicatus		SPECIES	Polyporus radicatus Schwein.	Polyporus radicatus		CA		Ontario	PRESENT		28eb1a3f-1c15-4a95-931a-4af90ecb574d	45.280051	-75.759563	718.0						2022-09-15T13:12	15	9	2022	5246696	5246696	HUMAN_OBSERVATION	iNaturalist	Observations	135139323		alexm37	2022-09-15T17:13:06	CC_BY_NC_4_0	alexm37	alexm37			2025-01-14T12:31:56.145Z	StillImage	COORDINATE_ROUNDED;CONTINENT_DERIVED_FROM_COORDINATES;TAXON_MATCH_TAXON_ID_IGNORED
3912175009	50c9509d-22c7-4a22-a47d-8c48425ef4a7	https://www.inaturalist.org/observations/135281720	Fungi	Basidiomycota	Agaricomycetes	Polyporales	Polyporaceae	Polyporus	Polyporus radicatus		SPECIES	Polyporus radicatus Schwein.	Polyporus radicatus		CA		Québec	PRESENT		28eb1a3f-1c15-4a95-931a-4af90ecb574d	46.004375	-73.411255	37.0						2022-09-16T14:56:45	16	9	2022	5246696	5246696	HUMAN_OBSERVATION	iNaturalist	Observations	135281720		timfoster	2022-09-16T19:10:02	CC_BY_NC_4_0	timfoster	timfoster			2025-01-14T13:25:43.890Z	StillImage	CONTINENT_DERIVED_FROM_COORDINATES;TAXON_MATCH_TAXON_ID_IGNORED
3912105009	50c9509d-22c7-4a22-a47d-8c48425ef4a7	https://www.inaturalist.org/observations/135166801	Fungi	Basidiomycota	Agaricomycetes	Polyporales	Polyporaceae	Polyporus	Polyporus radicatus		SPECIES	Polyporus radicatus Schwein.	Polyporus radicatus		CA		Ontario	PRESENT		28eb1a3f-1c15-4a95-931a-4af90ecb574d	45.408925	-75.572907							2022-09-15T14:37	15	9	2022	5246696	5246696	HUMAN_OBSERVATION	iNaturalist	Observations	135166801		Igor Khomenko	2022-09-16T11:39:42	CC_BY_NC_4_0	Igor Khomenko	Igor Khomenko			2025-01-14T12:31:46.122Z	StillImage	COORDINATE_ROUNDED;CONTINENT_DERIVED_FROM_COORDINATES;TAXON_MATCH_TAXON_ID_IGNORED
3892317911	50c9509d-22c7-4a22-a47d-8c48425ef4a7	https://www.inaturalist.org/observations/130634366	Fungi	Basidiomycota	Agaricomycetes	Polyporales	Polyporaceae	Polyporus	Polyporus radicatus		SPECIES	Polyporus radicatus Schwein.	Polyporus radicatus		CA		Québec	PRESENT		28eb1a3f-1c15-4a95-931a-4af90ecb574d	45.489072	-75.626572	10.0						2022-08-12T11:55:22	12	8	2022	5246696	5246696	HUMAN_OBSERVATION	iNaturalist	Observations	130634366		Lynn Ovenden	2022-08-13T15:01:05	CC_BY_NC_4_0	Lynn Ovenden	Lynn Ovenden			2025-01-14T13:15:53.663Z	StillImage	COORDINATE_ROUNDED;CONTINENT_DERIVED_FROM_COORDINATES;TAXON_MATCH_TAXON_ID_IGNORED
3892278889	50c9509d-22c7-4a22-a47d-8c48425ef4a7	https://www.inaturalist.org/observations/130634519	Fungi	Basidiomycota	Agaricomycetes	Polyporales	Polyporaceae	Polyporus	Polyporus radicatus		SPECIES	Polyporus radicatus Schwein.	Polyporus radicatus		CA		Québec	PRESENT		28eb1a3f-1c15-4a95-931a-4af90ecb574d	45.488947	-75.626363	10.0						2022-08-12T11:53:23	12	8	2022	5246696	5246696	HUMAN_OBSERVATION	iNaturalist	Observations	130634519		Lynn Ovenden	2022-08-13T15:02:15	CC_BY_NC_4_0	Lynn Ovenden	Lynn Ovenden			2025-01-14T13:30:05.001Z	StillImage	COORDINATE_ROUNDED;CONTINENT_DERIVED_FROM_COORDINATES;TAXON_MATCH_TAXON_ID_IGNORED
3743046318	50c9509d-22c7-4a22-a47d-8c48425ef4a7	https://www.inaturalist.org/observations/32293576	Fungi	Basidiomycota	Agaricomycetes	Polyporales	Polyporaceae	Polyporus	Polyporus radicatus		SPECIES	Polyporus radicatus Schwein.	Polyporus radicatus		CA		Québec	PRESENT		28eb1a3f-1c15-4a95-931a-4af90ecb574d	45.620353	-74.086143	10.0						2019-09-07T16:08:11	7	9	2019	5246696	5246696	HUMAN_OBSERVATION	iNaturalist	Observations	32293576		l_bienvenue	2019-09-12T11:52:33	CC_BY_NC_4_0	l_bienvenue	l_bienvenue			2025-01-14T12:10:17.494Z	StillImage	COORDINATE_ROUNDED;CONTINENT_DERIVED_FROM_COORDINATES;TAXON_MATCH_TAXON_ID_IGNORED
3743029311	50c9509d-22c7-4a22-a47d-8c48425ef4a7	https://www.inaturalist.org/observations/16781629	Fungi	Basidiomycota	Agaricomycetes	Polyporales	Polyporaceae	Polyporus	Polyporus radicatus		SPECIES	Polyporus radicatus Schwein.	Polyporus radicatus		CA		Québec	PRESENT		28eb1a3f-1c15-4a95-931a-4af90ecb574d	45.489894	-75.627153							2016-09-25T16:18	25	9	2016	5246696	5246696	HUMAN_OBSERVATION	iNaturalist	Observations	16781629		jonathan_mack	2018-09-22T02:16:51	CC_BY_NC_4_0	jonathan_mack	jonathan_mack			2025-01-14T13:05:48.775Z	StillImage	COORDINATE_ROUNDED;CONTINENT_DERIVED_FROM_COORDINATES;TAXON_MATCH_TAXON_ID_IGNORED
3712690398	50c9509d-22c7-4a22-a47d-8c48425ef4a7	https://www.inaturalist.org/observations/87490009	Fungi	Basidiomycota	Agaricomycetes	Polyporales	Polyporaceae	Polyporus	Polyporus radicatus		SPECIES	Polyporus radicatus Schwein.	Polyporus radicatus		CA		Québec	PRESENT		28eb1a3f-1c15-4a95-931a-4af90ecb574d	45.063122	-73.730078	65.0						2021-07-17T15:42:04	17	7	2021	5246696	5246696	HUMAN_OBSERVATION	iNaturalist	Observations	87490009		timfoster	2021-10-26T22:27:49	CC_BY_NC_4_0	timfoster	timfoster			2025-01-14T12:20:16.826Z	StillImage	COORDINATE_ROUNDED;CONTINENT_DERIVED_FROM_COORDINATES;TAXON_MATCH_TAXON_ID_IGNORED
3384400762	50c9509d-22c7-4a22-a47d-8c48425ef4a7	https://www.inaturalist.org/observations/95727725	Fungi	Basidiomycota	Agaricomycetes	Polyporales	Polyporaceae	Polyporus	Polyporus radicatus		SPECIES	Polyporus radicatus Schwein.	Polyporus radicatus		CA		Ontario	PRESENT		28eb1a3f-1c15-4a95-931a-4af90ecb574d	45.2612	-75.826355							2021-09-21T17:42:29	21	9	2021	5246696	5246696	HUMAN_OBSERVATION	iNaturalist	Observations	95727725		cinna_latifolia	2021-09-22T05:08:55	CC_BY_4_0	Alexis Williams	Alexis Williams			2025-01-14T13:14:04.494Z	StillImage	COORDINATE_ROUNDED;CONTINENT_DERIVED_FROM_COORDINATES;TAXON_MATCH_TAXON_ID_IGNORED
3384290000	50c9509d-22c7-4a22-a47d-8c48425ef4a7	https://www.inaturalist.org/observations/90906479	Fungi	Basidiomycota	Agaricomycetes	Polyporales	Polyporaceae	Polyporus	Polyporus radicatus		SPECIES	Polyporus radicatus Schwein.	Polyporus radicatus		CA		Ontario	PRESENT		28eb1a3f-1c15-4a95-931a-4af90ecb574d	45.447607	-75.667517	2.0						2021-08-11T13:12	11	8	2021	5246696	5246696	HUMAN_OBSERVATION	iNaturalist	Observations	90906479		David Thomas Glover	2021-08-12T17:20:20	CC_BY_NC_4_0	David Thomas Glover	David Thomas Glover			2025-01-14T13:13:55.239Z	StillImage	COORDINATE_ROUNDED;CONTINENT_DERIVED_FROM_COORDINATES;TAXON_MATCH_TAXON_ID_IGNORED
3383916523	50c9509d-22c7-4a22-a47d-8c48425ef4a7	https://www.inaturalist.org/observations/56672452	Fungi	Basidiomycota	Agaricomycetes	Polyporales	Polyporaceae	Polyporus	Polyporus radicatus		SPECIES	Polyporus radicatus Schwein.	Polyporus radicatus		CA		Québec	PRESENT		28eb1a3f-1c15-4a95-931a-4af90ecb574d	45.514672	-73.74282	5.0						2020-08-16T12:10:22	16	8	2020	5246696	5246696	HUMAN_OBSERVATION	iNaturalist	Observations	56672452		Mical	2020-08-17T22:32:55	CC_BY_4_0	Mical	Mical			2025-01-14T13:09:53.196Z	StillImage	COORDINATE_ROUNDED;CONTINENT_DERIVED_FROM_COORDINATES;TAXON_MATCH_TAXON_ID_IGNORED
3335083753	50c9509d-22c7-4a22-a47d-8c48425ef4a7	https://www.inaturalist.org/observations/89269286	Fungi	Basidiomycota	Agaricomycetes	Polyporales	Polyporaceae	Polyporus	Polyporus radicatus		SPECIES	Polyporus radicatus Schwein.	Polyporus radicatus		CA		Québec	PRESENT		28eb1a3f-1c15-4a95-931a-4af90ecb574d	45.462242	-75.805237							2021-07-30T17:11:01	30	7	2021	5246696	5246696	HUMAN_OBSERVATION	iNaturalist	Observations	89269286		Ryan Patrick	2021-07-31T03:01:00	CC_BY_4_0	Alexis Williams	Alexis Williams			2025-01-14T13:09:58.327Z	StillImage	COORDINATE_ROUNDED;CONTINENT_DERIVED_FROM_COORDINATES;TAXON_MATCH_TAXON_ID_IGNORED
3039204681	50c9509d-22c7-4a22-a47d-8c48425ef4a7	https://www.inaturalist.org/observations/60682385	Fungi	Basidiomycota	Agaricomycetes	Polyporales	Polyporaceae	Polyporus	Polyporus radicatus		SPECIES	Polyporus radicatus Schwein.	Polyporus radicatus		CA		Ontario	PRESENT		28eb1a3f-1c15-4a95-931a-4af90ecb574d	45.339313	-75.969976	31.0						2020-09-19T16:30	19	9	2020	5246696	5246696	HUMAN_OBSERVATION	iNaturalist	Observations	60682385		Garrett Taylor	2021-02-07T23:44:27	CC_BY_NC_4_0	Serguei Ponomarenko	Serguei Ponomarenko			2025-01-14T13:09:37.379Z	StillImage	COORDINATE_ROUNDED;CONTINENT_DERIVED_FROM_COORDINATES;TAXON_MATCH_TAXON_ID_IGNORED
2576301513	50c9509d-22c7-4a22-a47d-8c48425ef4a7	https://www.inaturalist.org/observations/39239821	Fungi	Basidiomycota	Agaricomycetes	Polyporales	Polyporaceae	Polyporus	Polyporus radicatus		SPECIES	Polyporus radicatus Schwein.	Polyporus radicatus		CA		Québec	PRESENT		28eb1a3f-1c15-4a95-931a-4af90ecb574d	45.565638	-75.441678	61.0						2017-09-02	2	9	2017	5246696	5246696	HUMAN_OBSERVATION	iNaturalist	Observations	39239821		Ryan Patrick	2020-02-26T18:12:27	CC_BY_NC_4_0	Christian Grenier	Christian Grenier			2025-01-14T13:05:25.671Z	StillImage	COORDINATE_ROUNDED;CONTINENT_DERIVED_FROM_COORDINATES;TAXON_MATCH_TAXON_ID_IGNORED
1412708133	21705170-d2b6-42de-8904-c3bca4b83591	CMMF016670	Fungi	Basidiomycota	Agaricomycetes	Polyporales	Polyporaceae	Polyporus	Polyporus radicatus		SPECIES	Polyporus radicatus Schwein.	Polyporus radicatus Schwein.	Schwein.	CA	Pointe-aux-Trembles, Québec.	Québec	PRESENT		ff7bd5db-b724-4932-b496-10ea298851f9	45.647243	-73.514581	8000.0						1990-09-28	28	9	1990	5246696	5246696	PRESERVED_SPECIMEN	Université de Montréal Biodiversity Centre	CMMF	CMMF016670		Boulet, Bruno		CC0_1_0	Université de Montréal Biodiversity Centre	Boulet, Bruno			2024-01-24T16:38:19.922Z		INSTITUTION_MATCH_FUZZY;COLLECTION_MATCH_FUZZY;DIFFERENT_OWNER_INSTITUTION
1412708132	21705170-d2b6-42de-8904-c3bca4b83591	CMMF016665	Fungi	Basidiomycota	Agaricomycetes	Polyporales	Polyporaceae	Polyporus	Polyporus radicatus		SPECIES	Polyporus radicatus Schwein.	Polyporus radicatus Schwein.	Schwein.	CA	Sherbrooke (foray - Jouvence), Québec.	Québec	PRESENT		ff7bd5db-b724-4932-b496-10ea298851f9	45.394757	-72.219586	10000.0						2004-09-01	1	9	2004	5246696	5246696	PRESERVED_SPECIMEN	Université de Montréal Biodiversity Centre	CMMF	CMMF016665		Boulet, Bruno		CC0_1_0	Université de Montréal Biodiversity Centre	Boulet, Bruno			2024-01-24T16:38:19.924Z		INSTITUTION_MATCH_FUZZY;COLLECTION_MATCH_FUZZY;DIFFERENT_OWNER_INSTITUTION
1412708078	21705170-d2b6-42de-8904-c3bca4b83591	CMMF016663	Fungi	Basidiomycota	Agaricomycetes	Polyporales	Polyporaceae	Polyporus	Polyporus radicatus		SPECIES	Polyporus radicatus Schwein.	Polyporus radicatus Schwein.	Schwein.	CA	Pointe-aux-Trembles, Québec.	Québec	PRESENT		ff7bd5db-b724-4932-b496-10ea298851f9	45.647243	-73.514581	8000.0						1980-09-28	28	9	1980	5246696	5246696	PRESERVED_SPECIMEN	Université de Montréal Biodiversity Centre	CMMF	CMMF016663		Sirard, Léas		CC0_1_0	Université de Montréal Biodiversity Centre	Sirard, Léas			2024-01-24T16:38:19.923Z		INSTITUTION_MATCH_FUZZY;COLLECTION_MATCH_FUZZY;DIFFERENT_OWNER_INSTITUTION
1412707970	21705170-d2b6-42de-8904-c3bca4b83591	CMMF016658	Fungi	Basidiomycota	Agaricomycetes	Polyporales	Polyporaceae	Polyporus	Polyporus radicatus		SPECIES	Polyporus radicatus Schwein.	Polyporus radicatus Schwein.	Schwein.	CA	Ch. Saint-Louis, Sainte-Foy, Québec.	Québec	PRESENT		ff7bd5db-b724-4932-b496-10ea298851f9	46.760579	-71.284261	5000.0						2001-09-22	22	9	2001	5246696	5246696	PRESERVED_SPECIMEN	Université de Montréal Biodiversity Centre	CMMF	CMMF016658		Boulet, Bruno		CC0_1_0	Université de Montréal Biodiversity Centre	Boulet, Bruno			2024-01-24T16:38:19.903Z		INSTITUTION_MATCH_FUZZY;COLLECTION_MATCH_FUZZY;DIFFERENT_OWNER_INSTITUTION
1412707214	21705170-d2b6-42de-8904-c3bca4b83591	CMMF015694	Fungi	Basidiomycota	Agaricomycetes	Polyporales	Polyporaceae	Polyporus	Polyporus radicatus		SPECIES	Polyporus radicatus Schwein.	Polyporus radicatus Schwein.	Schwein.	CA	Mont Orford, Québec.	Québec	PRESENT		ff7bd5db-b724-4932-b496-10ea298851f9	45.340394	-72.208677	6500.0						1998-09-05	5	9	1998	5246696	5246696	PRESERVED_SPECIMEN	Université de Montréal Biodiversity Centre	CMMF	CMMF015694	2567	Guérin, Gérard		CC0_1_0	Université de Montréal Biodiversity Centre	Guérin, Gérard			2024-01-24T16:38:16.493Z	StillImage	INSTITUTION_MATCH_FUZZY;COLLECTION_MATCH_FUZZY;DIFFERENT_OWNER_INSTITUTION
1412706867	21705170-d2b6-42de-8904-c3bca4b83591	CMMF015331	Fungi	Basidiomycota	Agaricomycetes	Polyporales	Polyporaceae	Polyporus	Polyporus radicatus		SPECIES	Polyporus radicatus Schwein.	Polyporus radicatus Schwein.	Schwein.	CA	Chicoutimi, Québec.	Québec	PRESENT		ff7bd5db-b724-4932-b496-10ea298851f9	48.368277	-71.119642	15000.0						1983-10-15	15	10	1983	5246696	5246696	PRESERVED_SPECIMEN	Université de Montréal Biodiversity Centre	CMMF	CMMF015331	765	Guérin, Gérard		CC0_1_0	Université de Montréal Biodiversity Centre	Guérin, Gérard			2024-01-24T16:38:17.077Z		INSTITUTION_MATCH_FUZZY;COLLECTION_MATCH_FUZZY;DIFFERENT_OWNER_INSTITUTION
1412706811	21705170-d2b6-42de-8904-c3bca4b83591	CMMF015330	Fungi	Basidiomycota	Agaricomycetes	Polyporales	Polyporaceae	Polyporus	Polyporus radicatus		SPECIES	Polyporus radicatus Schwein.	Polyporus radicatus Schwein.	Schwein.	CA	Carignan, Québec.	Québec	PRESENT		ff7bd5db-b724-4932-b496-10ea298851f9	45.459874	-73.304807	5000.0						1980-08		8	1980	5246696	5246696	PRESERVED_SPECIMEN	Université de Montréal Biodiversity Centre	CMMF	CMMF015330	764	Guérin, Gérard		CC0_1_0	Université de Montréal Biodiversity Centre	Guérin, Gérard			2024-01-24T16:38:17.061Z	StillImage	INSTITUTION_MATCH_FUZZY;COLLECTION_MATCH_FUZZY;DIFFERENT_OWNER_INSTITUTION
1135068788	21705170-d2b6-42de-8904-c3bca4b83591	CMMF007365	Fungi	Basidiomycota	Agaricomycetes	Polyporales	Polyporaceae	Polyporus	Polyporus radicatus		SPECIES	Polyporus radicatus Schwein.	Polyporus radicatus Schwein.	Schwein.	CA	Huntingdon, Boisé-des-Muir	Québec	PRESENT		ff7bd5db-b724-4932-b496-10ea298851f9	45.084583	-74.114033	100.0						2012-08-27	27	8	2012	5246696	5246696	PRESERVED_SPECIMEN	Université de Montréal Biodiversity Centre	CMMF	CMMF007365	C4054	McNeil, Raymond		CC0_1_0	Université de Montréal Biodiversity Centre	McNeil, Raymond			2024-01-24T16:38:21.479Z	StillImage	COORDINATE_ROUNDED;INSTITUTION_MATCH_FUZZY;COLLECTION_MATCH_FUZZY;DIFFERENT_OWNER_INSTITUTION
1135067812	21705170-d2b6-42de-8904-c3bca4b83591	CMMF006315	Fungi	Basidiomycota	Agaricomycetes	Polyporales	Polyporaceae	Polyporus	Polyporus radicatus		SPECIES	Polyporus radicatus Schwein.	Polyporus radicatus Schwein.	Schwein.	CA	Mont-Saint-Grégoire	Québec	PRESENT		ff7bd5db-b724-4932-b496-10ea298851f9	45.354833	-73.1545	100.0						1978-09-09	9	9	1978	5246696	5246696	PRESERVED_SPECIMEN	Université de Montréal Biodiversity Centre	CMMF	CMMF006315	248	McNeil, Raymond		CC0_1_0	Université de Montréal Biodiversity Centre	McNeil, Raymond			2024-01-24T16:38:18.946Z	StillImage	COORDINATE_ROUNDED;INSTITUTION_MATCH_FUZZY;COLLECTION_MATCH_FUZZY;DIFFERENT_OWNER_INSTITUTION
1135067605	21705170-d2b6-42de-8904-c3bca4b83591	CMMF006090	Fungi	Basidiomycota	Agaricomycetes	Polyporales	Polyporaceae	Polyporus	Polyporus radicatus		SPECIES	Polyporus radicatus Schwein.	Polyporus radicatus Schwein.	Schwein.	CA	Châteauguay	Québec	PRESENT		ff7bd5db-b724-4932-b496-10ea298851f9	45.349833	-73.773767	100.0						2006-08-28	28	8	2006	5246696	5246696	PRESERVED_SPECIMEN	Université de Montréal Biodiversity Centre	CMMF	CMMF006090	Inexistant	McNeil, Raymond		CC0_1_0	Université de Montréal Biodiversity Centre	McNeil, Raymond			2024-01-24T16:38:17.950Z	StillImage	COORDINATE_ROUNDED;INSTITUTION_MATCH_FUZZY;COLLECTION_MATCH_FUZZY;DIFFERENT_OWNER_INSTITUTION
1135067338	21705170-d2b6-42de-8904-c3bca4b83591	CMMF005854	Fungi	Basidiomycota	Agaricomycetes	Polyporales	Polyporaceae	Polyporus	Polyporus radicatus		SPECIES	Polyporus radicatus Schwein.	Polyporus radicatus Schwein.	Schwein.	CA	Châteauguay (Centre écologique Fernand-Seguin)	Québec	PRESENT		ff7bd5db-b724-4932-b496-10ea298851f9	45.33983	-73.773917	100.0						2006-09-16	16	9	2006	5246696	5246696	PRESERVED_SPECIMEN	Université de Montréal Biodiversity Centre	CMMF	CMMF005854	Inexistant	McNeil, Raymond		CC0_1_0	Université de Montréal Biodiversity Centre	McNeil, Raymond			2024-01-24T16:38:16.701Z	StillImage	COORDINATE_ROUNDED;INSTITUTION_MATCH_FUZZY;COLLECTION_MATCH_FUZZY;DIFFERENT_OWNER_INSTITUTION
1135067328	21705170-d2b6-42de-8904-c3bca4b83591	CMMF005864	Fungi	Basidiomycota	Agaricomycetes	Polyporales	Polyporaceae	Polyporus	Polyporus radicatus		SPECIES	Polyporus radicatus Schwein.	Polyporus radicatus Schwein.	Schwein.	CA	Châteauguay (Centre écologique Fernand-Seguin)	Québec	PRESENT		ff7bd5db-b724-4932-b496-10ea298851f9	45.33983	-73.773917	100.0						2013-08-15	15	8	2013	5246696	5246696	PRESERVED_SPECIMEN	Université de Montréal Biodiversity Centre	CMMF	CMMF005864	C4221	McNeil, Raymond		CC0_1_0	Université de Montréal Biodiversity Centre	McNeil, Raymond			2024-01-24T16:38:16.697Z	StillImage	COORDINATE_ROUNDED;INSTITUTION_MATCH_FUZZY;COLLECTION_MATCH_FUZZY;DIFFERENT_OWNER_INSTITUTION
1135067296	21705170-d2b6-42de-8904-c3bca4b83591	CMMF005853	Fungi	Basidiomycota	Agaricomycetes	Polyporales	Polyporaceae	Polyporus	Polyporus radicatus		SPECIES	Polyporus radicatus Schwein.	Polyporus radicatus Schwein.	Schwein.	CA	Châteauguay (Centre écologique Fernand-Seguin)	Québec	PRESENT		ff7bd5db-b724-4932-b496-10ea298851f9	45.33983	-73.773917	100.0						2006-07-19	19	7	2006	5246696	5246696	PRESERVED_SPECIMEN	Université de Montréal Biodiversity Centre	CMMF	CMMF005853	C2811	McNeil, Raymond		CC0_1_0	Université de Montréal Biodiversity Centre	McNeil, Raymond			2024-01-24T16:38:16.702Z	StillImage	COORDINATE_ROUNDED;INSTITUTION_MATCH_FUZZY;COLLECTION_MATCH_FUZZY;DIFFERENT_OWNER_INSTITUTION
1024558924	21705170-d2b6-42de-8904-c3bca4b83591	CMMF004293	Fungi	Basidiomycota	Agaricomycetes	Polyporales	Polyporaceae	Polyporus	Polyporus radicatus		SPECIES	Polyporus radicatus Schwein.	Polyporus radicatus Schwein.	Schwein.	CA	Réserve écologique du Boisé-des-Muir, Hinchinbrooke.	Québec	PRESENT		ff7bd5db-b724-4932-b496-10ea298851f9	45.086003	-74.117927	10.0						2012-07-15	15	7	2012	5246696	5246696	PRESERVED_SPECIMEN	Université de Montréal Biodiversity Centre	CMMF	CMMF004293	300	Archambault, Raymond		CC0_1_0	Université de Montréal Biodiversity Centre	Archambault, Raymond; Langlois, Annabelle; Marchand, Charlotte			2024-01-24T16:38:18.723Z	StillImage	INSTITUTION_MATCH_FUZZY;COLLECTION_MATCH_FUZZY;DIFFERENT_OWNER_INSTITUTION
1024558705	21705170-d2b6-42de-8904-c3bca4b83591	CMMF004241	Fungi	Basidiomycota	Agaricomycetes	Polyporales	Polyporaceae	Polyporus	Polyporus radicatus		SPECIES	Polyporus radicatus Schwein.	Polyporus radicatus Schwein.	Schwein.	CA	Réserve écologique du Boisé-des-Muir, Hinchinbrooke.	Québec	PRESENT		ff7bd5db-b724-4932-b496-10ea298851f9	45.086395	-74.114441	10.0						2012-07-03	3	7	2012	5246696	5246696	PRESERVED_SPECIMEN	Université de Montréal Biodiversity Centre	CMMF	CMMF004241	249	Archambault, Raymond		CC0_1_0	Université de Montréal Biodiversity Centre	Archambault, Raymond; Langlois, Annabelle; Turgon, Jean-Pierre			2024-01-24T16:38:18.689Z	StillImage	INSTITUTION_MATCH_FUZZY;COLLECTION_MATCH_FUZZY;DIFFERENT_OWNER_INSTITUTION
1024558694	21705170-d2b6-42de-8904-c3bca4b83591	CMMF004119	Fungi	Basidiomycota	Agaricomycetes	Polyporales	Polyporaceae	Polyporus	Polyporus radicatus		SPECIES	Polyporus radicatus Schwein.	Polyporus radicatus Schwein.	Schwein.	CA	Réserve écologique du Boisé-des-Muir, Hinchinbrooke.	Québec	PRESENT		ff7bd5db-b724-4932-b496-10ea298851f9	45.086331	-74.113548	10.0						2011-08-14	14	8	2011	5246696	5246696	PRESERVED_SPECIMEN	Université de Montréal Biodiversity Centre	CMMF	CMMF004119	55	Lebeuf, Renée		CC0_1_0	Université de Montréal Biodiversity Centre	Lebeuf, Renée			2024-01-24T16:38:18.566Z		INSTITUTION_MATCH_FUZZY;COLLECTION_MATCH_FUZZY;DIFFERENT_OWNER_INSTITUTION
