gbifID	datasetKey	occurrenceID	kingdom	phylum	class	order	family	genus	species	infraspecificEpithet	taxonRank	scientificName	verbatimScientificName	verbatimScientificNameAuthorship	countryCode	locality	stateProvince	occurrenceStatus	individualCount	publishingOrgKey	decimalLatitude	decimalLongitude	coordinateUncertaintyInMeters	coordinatePrecision	elevation	elevationAccuracy	depth	depthAccuracy	eventDate	day	month	year	taxonKey	speciesKey	basisOfRecord	institutionCode	collectionCode	catalogNumber	recordNumber	identifiedBy	dateIdentified	license	rightsHolder	recordedBy	typeStatus	establishmentMeans	lastInterpreted	mediaType	issue
617550155	21705170-d2b6-42de-8904-c3bca4b83591	CMMF002152	Fungi	Basidiomycota	Agaricomycetes	Polyporales	Phanerochaetaceae	Hapalopilus	Hapalopilus rutilans		SPECIES	Hapalopilus rutilans (Per.) P.Karst.	Hapalopilus rutilans (Pers.) P. Karst.	(Pers.) P. Karst.	CA	Mt Orford	Québec	PRESENT		ff7bd5db-b724-4932-b496-10ea298851f9	45.340394	-72.208677	6500.0						1994-07-06	6	7	1994	2548639	8383534	PRESERVED_SPECIMEN	Université de Montréal Biodiversity Centre	CMMF	CMMF002152		Audet, Serge		CC0_1_0	Université de Montréal Biodiversity Centre	Audet, Serge			2024-01-24T16:38:19.385Z	StillImage	INSTITUTION_MATCH_FUZZY;COLLECTION_MATCH_FUZZY;DIFFERENT_OWNER_INSTITUTION
617548834	21705170-d2b6-42de-8904-c3bca4b83591	CMMF001580	Fungi	Basidiomycota	Agaricomycetes	Polyporales	Phanerochaetaceae	Hapalopilus	Hapalopilus rutilans		SPECIES	Hapalopilus rutilans (Per.) P.Karst.	Hapalopilus rutilans (Pers.) P. Karst.	(Pers.) P. Karst.	CA	Longueuil	Québec	PRESENT		ff7bd5db-b724-4932-b496-10ea298851f9	45.544154	-73.477185	5000.0						1991-10-12	12	10	1991	2548639	8383534	PRESERVED_SPECIMEN	Université de Montréal Biodiversity Centre	CMMF	CMMF001580		Boulet, Bruno		CC0_1_0	Université de Montréal Biodiversity Centre	Boulet, Bruno			2024-01-24T16:38:17.658Z	StillImage	INSTITUTION_MATCH_FUZZY;COLLECTION_MATCH_FUZZY;DIFFERENT_OWNER_INSTITUTION
4982251868	50c9509d-22c7-4a22-a47d-8c48425ef4a7	https://www.inaturalist.org/observations/252048496	Fungi	Basidiomycota	Agaricomycetes	Polyporales	Phanerochaetaceae	Hapalopilus	Hapalopilus rutilans		SPECIES	Hapalopilus rutilans (Pers.) Murrill	Hapalopilus rutilans		CA		Québec	PRESENT		28eb1a3f-1c15-4a95-931a-4af90ecb574d	45.476431	-73.603155	500.0						2023-07-12T14:21:52	12	7	2023	8383534	8383534	HUMAN_OBSERVATION	iNaturalist	Observations	252048496		Chantal Gauthier	2024-11-17T18:24:45	CC_BY_NC_4_0	Chantal Gauthier	Chantal Gauthier			2025-01-14T13:44:28.037Z		CONTINENT_DERIVED_FROM_COORDINATES;TAXON_MATCH_TAXON_ID_IGNORED
4892004523	50c9509d-22c7-4a22-a47d-8c48425ef4a7	https://www.inaturalist.org/observations/220064547	Fungi	Basidiomycota	Agaricomycetes	Polyporales	Phanerochaetaceae	Hapalopilus	Hapalopilus rutilans		SPECIES	Hapalopilus rutilans (Pers.) Murrill	Hapalopilus rutilans		CA		Ontario	PRESENT		28eb1a3f-1c15-4a95-931a-4af90ecb574d	45.199801	-76.238247							2024-06-02T14:03	2	6	2024	8383534	8383534	HUMAN_OBSERVATION	iNaturalist	Observations	220064547		Jan Thornhill	2024-06-06T16:42:32	CC_BY_NC_4_0	almonteallisons	almonteallisons			2025-01-14T13:41:05.198Z	StillImage	COORDINATE_ROUNDED;CONTINENT_DERIVED_FROM_COORDINATES;TAXON_MATCH_TAXON_ID_IGNORED
4875475831	50c9509d-22c7-4a22-a47d-8c48425ef4a7	https://www.inaturalist.org/observations/178044650	Fungi	Basidiomycota	Agaricomycetes	Polyporales	Phanerochaetaceae	Hapalopilus	Hapalopilus rutilans		SPECIES	Hapalopilus rutilans (Pers.) Murrill	Hapalopilus rutilans		CA		Québec	PRESENT		28eb1a3f-1c15-4a95-931a-4af90ecb574d	45.806966	-76.438041	27095.0						2023-08-03T11:21	3	8	2023	8383534	8383534	HUMAN_OBSERVATION	iNaturalist	Observations	178044650		L Joan Heyding	2023-08-12T19:15:28	CC_BY_NC_4_0	L Joan Heyding	L Joan Heyding			2025-01-14T13:31:45.979Z	StillImage	COORDINATE_ROUNDED;CONTINENT_DERIVED_FROM_COORDINATES;TAXON_MATCH_TAXON_ID_IGNORED
4512050085	50c9509d-22c7-4a22-a47d-8c48425ef4a7	https://www.inaturalist.org/observations/194940647	Fungi	Basidiomycota	Agaricomycetes	Polyporales	Phanerochaetaceae	Hapalopilus	Hapalopilus rutilans		SPECIES	Hapalopilus rutilans (Pers.) Murrill	Hapalopilus rutilans		CA		Ontario	PRESENT		28eb1a3f-1c15-4a95-931a-4af90ecb574d	45.324262	-75.810506	191.0						2023-12-26T14:25	26	12	2023	8383534	8383534	HUMAN_OBSERVATION	iNaturalist	Observations	194940647		L Joan Heyding	2023-12-27T01:21:22	CC_BY_NC_4_0	L Joan Heyding	L Joan Heyding			2025-01-14T13:29:05.099Z	StillImage	COORDINATE_ROUNDED;CONTINENT_DERIVED_FROM_COORDINATES;TAXON_MATCH_TAXON_ID_IGNORED
4507723539	50c9509d-22c7-4a22-a47d-8c48425ef4a7	https://www.inaturalist.org/observations/195292475	Fungi	Basidiomycota	Agaricomycetes	Polyporales	Phanerochaetaceae	Hapalopilus	Hapalopilus rutilans		SPECIES	Hapalopilus rutilans (Pers.) Murrill	Hapalopilus rutilans		CA		Québec	PRESENT		28eb1a3f-1c15-4a95-931a-4af90ecb574d	45.419603	-75.833612	391.0						2023-12-29T10:54	29	12	2023	8383534	8383534	HUMAN_OBSERVATION	iNaturalist	Observations	195292475		L Joan Heyding	2023-12-30T19:39:34	CC_BY_NC_4_0	L Joan Heyding	L Joan Heyding			2025-01-14T13:35:52.748Z	StillImage	COORDINATE_ROUNDED;CONTINENT_DERIVED_FROM_COORDINATES;TAXON_MATCH_TAXON_ID_IGNORED
4166357908	695cef75-b65f-4776-b2ed-74565eebb16e	02-01000612429	Fungi	Basidiomycota	Agaricomycetes	Polyporales	Phanerochaetaceae	Hapalopilus	Hapalopilus rutilans		SPECIES	Hapalopilus nidulans (Fr.) P.Karst.	Hapalopilus nidulans	(Fr.) P. Karst.	CA	Nipissing Distr., Algonquin Prov. Park, Tote Rd. (around blind) near Wildlife Res. Stn.	Ontario	PRESENT		055bd978-2daa-4543-b3f0-44e0e87e86ca	45.5958	-78.5208							1975-07-25	25	7	1975	2548633	8383534	PRESERVED_SPECIMEN	AAFC	DAOM	186803		J.F. Ammirat		CC_BY_4_0	©His Majesty the King in Right of Canada, as represented by the Minister of Agriculture and Agri-Food	O.C. Zurba			2025-01-12T05:11:13.796Z		GEODETIC_DATUM_ASSUMED_WGS84;CONTINENT_DERIVED_FROM_COORDINATES;TAXON_MATCH_TAXON_ID_IGNORED;INSTITUTION_MATCH_FUZZY
4100037457	d1a3b128-b406-46bb-a6d1-f3591dcc8a7b	d4b63cce-bf0a-446c-a365-c4f5f3bc155d	Fungi	Basidiomycota	Agaricomycetes	Polyporales	Phanerochaetaceae	Hapalopilus	Hapalopilus rutilans		SPECIES	Polyporus nidulans Fr.	Polyporus nidulans	Fr.	CA	Kentville	Nova Scotia	PRESENT		e43cf4b8-849e-4fac-b075-e652d019d2cf	45.066667	-64.5	4559.0						1934-09-01	1	9	1934	5247868	8383534	PRESERVED_SPECIMEN	BPI		BPI 213564	179	Mounce Irene.		CC0_1_0		Harrison K. A.			2025-01-15T04:59:23.046Z		GEODETIC_DATUM_ASSUMED_WGS84;CONTINENT_DERIVED_FROM_COORDINATES;TAXON_MATCH_TAXON_ID_IGNORED;INSTITUTION_MATCH_FUZZY
4023426357	0f83123f-0c04-4556-8f4d-5a4e2a9bac66	http://id.luomus.fi/MY.6722712	Fungi	Basidiomycota	Agaricomycetes	Polyporales	Phanerochaetaceae	Hapalopilus	Hapalopilus rutilans		SPECIES	Hapalopilus rutilans (Per.) P.Karst.	Hapalopilus rutilans (Pers. : Fr.) P. Karst.		CA	Highway 16 south of Kemptville	Ontario	PRESENT		04fd2e13-6881-4e5c-9dd1-8fdd9ab993c1	45.02	-75.65							1972-08-16T00:00Z	16	8	1972	2548639	8383534	PRESERVED_SPECIMEN	H		http://id.luomus.fi/HA.H7051098	2154	Ginns, J.		CC_BY_4_0		Ginns, J.;Malloch, D.			2025-01-12T05:29:49.861Z		CONTINENT_DERIVED_FROM_COORDINATES;TAXON_MATCH_TAXON_ID_IGNORED;COLLECTION_MATCH_NONE;INSTITUTION_MATCH_FUZZY
3349331074	d8cd16ba-bb74-4420-821e-083f2bac17c2	MN992408	Fungi	Basidiomycota	Agaricomycetes	Polyporales	Phanerochaetaceae	Hapalopilus	Hapalopilus rutilans		SPECIES	Hapalopilus rutilans (Pers.) Murrill	Hapalopilus rutilans		CA	Quebec, Anticosti		PRESENT		ada9d123-ddb4-467d-8891-806ea8d94230	49.9	-64.4							2015-09-09	9	9	2015	8383534	8383534	PRESERVED_SPECIMEN			ANT221-QFB28693		Pauline Dube		CC_BY_4_0					2025-01-18T13:05:50.719Z		GEODETIC_DATUM_ASSUMED_WGS84;CONTINENT_DERIVED_FROM_COORDINATES;TAXON_MATCH_TAXON_CONCEPT_ID_IGNORED;TAXON_MATCH_TAXON_ID_IGNORED
3113519585	50c9509d-22c7-4a22-a47d-8c48425ef4a7	https://www.inaturalist.org/observations/78377187	Fungi	Basidiomycota	Agaricomycetes	Polyporales	Phanerochaetaceae	Hapalopilus	Hapalopilus rutilans		SPECIES	Hapalopilus rutilans (Pers.) Murrill	Hapalopilus rutilans		CA		Ontario	PRESENT		28eb1a3f-1c15-4a95-931a-4af90ecb574d	45.492093	-75.457729	27158.0						2021-05-11T09:13	11	5	2021	8383534	8383534	HUMAN_OBSERVATION	iNaturalist	Observations	78377187		L Joan Heyding	2021-05-11T18:53:07	CC_BY_NC_4_0	L Joan Heyding	L Joan Heyding			2025-01-14T12:18:16.534Z	StillImage	COORDINATE_ROUNDED;CONTINENT_DERIVED_FROM_COORDINATES;TAXON_MATCH_TAXON_ID_IGNORED
2850763169	50c9509d-22c7-4a22-a47d-8c48425ef4a7	https://www.inaturalist.org/observations/56689448	Fungi	Basidiomycota	Agaricomycetes	Polyporales	Phanerochaetaceae	Hapalopilus	Hapalopilus rutilans		SPECIES	Hapalopilus rutilans (Pers.) Murrill	Hapalopilus rutilans		CA		Ontario	PRESENT		28eb1a3f-1c15-4a95-931a-4af90ecb574d	45.210881	-75.336935	27190.0						2020-08-16T14:02:43	16	8	2020	8383534	8383534	HUMAN_OBSERVATION	iNaturalist	Observations	56689448		Lynn Ovenden	2020-08-16T23:17:46	CC_BY_NC_4_0	Lynn Ovenden	Lynn Ovenden			2025-01-14T12:15:05.579Z	StillImage	COORDINATE_ROUNDED;CONTINENT_DERIVED_FROM_COORDINATES;TAXON_MATCH_TAXON_ID_IGNORED
2350396757	50c9509d-22c7-4a22-a47d-8c48425ef4a7	https://www.inaturalist.org/observations/30706596	Fungi	Basidiomycota	Agaricomycetes	Polyporales	Phanerochaetaceae	Hapalopilus	Hapalopilus rutilans		SPECIES	Hapalopilus rutilans (Pers.) Murrill	Hapalopilus rutilans		CA		New Brunswick	PRESENT		28eb1a3f-1c15-4a95-931a-4af90ecb574d	45.218964	-66.132181	5.0						2019-08-12T10:17	12	8	2019	8383534	8383534	HUMAN_OBSERVATION	iNaturalist	Observations	30706596		Alfredo Justo	2020-01-17T21:57:15	CC_BY_NC_4_0	Alfredo Justo	Alfredo Justo			2025-01-14T12:08:52.998Z	StillImage	COORDINATE_ROUNDED;CONTINENT_DERIVED_FROM_COORDINATES;TAXON_MATCH_TAXON_ID_IGNORED
1807258331	e8a25a42-f125-476c-8554-3ec21cd51a84	ACAD:115149	Fungi	Basidiomycota	Agaricomycetes	Polyporales	Phanerochaetaceae	Hapalopilus	Hapalopilus rutilans		SPECIES	Hapalopilus nidulans (Fr.) P.Karst.	Hapalopilus nidulans (Fr.) P. Karst.	(Fr.) P. Karst.	CA	Kentville	Nova Scotia	PRESENT		6491ad8c-8e49-4bd4-a089-0ddb3bbe0890	45.07662	-64.49592							1932-06-18	18	6	1932	2548633	8383534	PRESERVED_SPECIMEN	Acadia University	ACAD	789F	789			CC0_1_0	Acadia University	H, KA			2024-01-25T01:36:59.541Z	StillImage	GEODETIC_DATUM_INVALID;GEODETIC_DATUM_ASSUMED_WGS84;TAXON_MATCH_TAXON_ID_IGNORED;INSTITUTION_MATCH_FUZZY;COLLECTION_MATCH_FUZZY
1807256393	e8a25a42-f125-476c-8554-3ec21cd51a84	ACAD:112829	Fungi	Basidiomycota	Agaricomycetes	Polyporales	Phanerochaetaceae	Hapalopilus	Hapalopilus rutilans		SPECIES	Hapalopilus nidulans (Fr.) P.Karst.	Hapalopilus nidulans (Fr.) P. Karst.	(Fr.) P. Karst.	CA	(Kentville)	Nova Scotia	PRESENT		6491ad8c-8e49-4bd4-a089-0ddb3bbe0890	45.07662	-64.49592							1931-08-25	25	8	1931	2548633	8383534	PRESERVED_SPECIMEN	Acadia University	ACAD	31F	31			CC0_1_0	Acadia University	H, KA			2024-01-25T01:37:10.706Z	StillImage	GEODETIC_DATUM_INVALID;GEODETIC_DATUM_ASSUMED_WGS84;TAXON_MATCH_TAXON_ID_IGNORED;INSTITUTION_MATCH_FUZZY;COLLECTION_MATCH_FUZZY
1807256092	e8a25a42-f125-476c-8554-3ec21cd51a84	ACAD:112587	Fungi	Basidiomycota	Agaricomycetes	Polyporales	Phanerochaetaceae	Hapalopilus	Hapalopilus rutilans		SPECIES	Hapalopilus nidulans (Fr.) P.Karst.	Hapalopilus nidulans (Fr.) P. Karst.	(Fr.) P. Karst.	CA	Kentville	Nova Scotia	PRESENT		6491ad8c-8e49-4bd4-a089-0ddb3bbe0890	45.07662	-64.49592							1953-10-16	16	10	1953	2548633	8383534	PRESERVED_SPECIMEN	Acadia University	ACAD	2495F	2495			CC0_1_0	Acadia University	Harrison, KA			2024-01-25T01:37:10.999Z	StillImage	GEODETIC_DATUM_INVALID;GEODETIC_DATUM_ASSUMED_WGS84;TAXON_MATCH_TAXON_ID_IGNORED;INSTITUTION_MATCH_FUZZY;COLLECTION_MATCH_FUZZY
1412708336	21705170-d2b6-42de-8904-c3bca4b83591	CMMF016729	Fungi	Basidiomycota	Agaricomycetes	Polyporales	Phanerochaetaceae	Hapalopilus	Hapalopilus rutilans		SPECIES	Hapalopilus rutilans (Per.) P.Karst.	Hapalopilus rutilans (Pers.) P. Karst.	(Pers.) P. Karst.	CA	Mont Saint-Hilaire, Québec.	Québec	PRESENT		ff7bd5db-b724-4932-b496-10ea298851f9	45.569155	-73.169757	7000.0						1989-09		9	1989	2548639	8383534	PRESERVED_SPECIMEN	Université de Montréal Biodiversity Centre	CMMF	CMMF016729		Sirard, Léas; Boulet, Bruno		CC0_1_0	Université de Montréal Biodiversity Centre	Sirard, Léas; Boulet, Bruno			2024-01-24T16:38:19.884Z		INSTITUTION_MATCH_FUZZY;COLLECTION_MATCH_FUZZY;DIFFERENT_OWNER_INSTITUTION
1412708277	21705170-d2b6-42de-8904-c3bca4b83591	CMMF016675	Fungi	Basidiomycota	Agaricomycetes	Polyporales	Phanerochaetaceae	Hapalopilus	Hapalopilus rutilans		SPECIES	Hapalopilus rutilans (Per.) P.Karst.	Hapalopilus rutilans (Pers.) P. Karst.	(Pers.) P. Karst.	CA	Montréal-Nord, Québec.	Québec	PRESENT		ff7bd5db-b724-4932-b496-10ea298851f9	45.593931	-73.610199	5000.0						1986-08-03	3	8	1986	2548639	8383534	PRESERVED_SPECIMEN	Université de Montréal Biodiversity Centre	CMMF	CMMF016675		Sirard, Léas; Boulet, Bruno		CC0_1_0	Université de Montréal Biodiversity Centre	Sirard, Léas; Boulet, Bruno			2024-01-24T16:38:19.915Z		INSTITUTION_MATCH_FUZZY;COLLECTION_MATCH_FUZZY;DIFFERENT_OWNER_INSTITUTION
1412708253	21705170-d2b6-42de-8904-c3bca4b83591	CMMF016678	Fungi	Basidiomycota	Agaricomycetes	Polyporales	Phanerochaetaceae	Hapalopilus	Hapalopilus rutilans		SPECIES	Hapalopilus rutilans (Per.) P.Karst.	Hapalopilus rutilans (Pers.) P. Karst.	(Pers.) P. Karst.	CA	Montmagny, Québec.	Québec	PRESENT		ff7bd5db-b724-4932-b496-10ea298851f9	46.980077	-70.556636	20000.0						1988-09		9	1988	2548639	8383534	PRESERVED_SPECIMEN	Université de Montréal Biodiversity Centre	CMMF	CMMF016678		Boulet, Bruno		CC0_1_0	Université de Montréal Biodiversity Centre	Boulet, Bruno			2024-01-24T16:38:19.916Z		INSTITUTION_MATCH_FUZZY;COLLECTION_MATCH_FUZZY;DIFFERENT_OWNER_INSTITUTION
1412708242	21705170-d2b6-42de-8904-c3bca4b83591	CMMF016679	Fungi	Basidiomycota	Agaricomycetes	Polyporales	Phanerochaetaceae	Hapalopilus	Hapalopilus rutilans		SPECIES	Polyporus nidulans Fr.	Polyporus nidulans Fr.	Fr.	CA	Université, Sainte-Foy, Québec.	Québec	PRESENT		ff7bd5db-b724-4932-b496-10ea298851f9	46.781692	-71.274964	1000.0						1973-12-08	8	12	1973	5247868	8383534	PRESERVED_SPECIMEN	Université de Montréal Biodiversity Centre	CMMF	CMMF016679		Sirard, Léas		CC0_1_0	Université de Montréal Biodiversity Centre	Sirard, Léas			2024-01-24T16:38:19.919Z		INSTITUTION_MATCH_FUZZY;COLLECTION_MATCH_FUZZY;DIFFERENT_OWNER_INSTITUTION
1412708235	21705170-d2b6-42de-8904-c3bca4b83591	CMMF016677	Fungi	Basidiomycota	Agaricomycetes	Polyporales	Phanerochaetaceae	Hapalopilus	Hapalopilus rutilans		SPECIES	Hapalopilus rutilans (Per.) P.Karst.	Hapalopilus rutilans (Pers.) P. Karst.	(Pers.) P. Karst.	CA	Lauzon, Québec.	Québec	PRESENT		ff7bd5db-b724-4932-b496-10ea298851f9	46.818327	-71.159834	4000.0						1989-09		9	1989	2548639	8383534	PRESERVED_SPECIMEN	Université de Montréal Biodiversity Centre	CMMF	CMMF016677		Boulet, Bruno		CC0_1_0	Université de Montréal Biodiversity Centre	Boulet, Bruno			2024-01-24T16:38:19.917Z		INSTITUTION_MATCH_FUZZY;COLLECTION_MATCH_FUZZY;DIFFERENT_OWNER_INSTITUTION
1412708225	21705170-d2b6-42de-8904-c3bca4b83591	CMMF016676	Fungi	Basidiomycota	Agaricomycetes	Polyporales	Phanerochaetaceae	Hapalopilus	Hapalopilus rutilans		SPECIES	Hapalopilus rutilans (Per.) P.Karst.	Hapalopilus rutilans (Pers.) P. Karst.	(Pers.) P. Karst.	CA	Sainte-Foy, Québec.	Québec	PRESENT		ff7bd5db-b724-4932-b496-10ea298851f9	46.780042	-71.374844	9000.0						1973-09-21	21	9	1973	2548639	8383534	PRESERVED_SPECIMEN	Université de Montréal Biodiversity Centre	CMMF	CMMF016676		Sirard, Léas		CC0_1_0	Université de Montréal Biodiversity Centre	Sirard, Léas			2024-01-24T16:38:19.916Z		INSTITUTION_MATCH_FUZZY;COLLECTION_MATCH_FUZZY;DIFFERENT_OWNER_INSTITUTION
1412708218	21705170-d2b6-42de-8904-c3bca4b83591	CMMF016719	Fungi	Basidiomycota	Agaricomycetes	Polyporales	Phanerochaetaceae	Hapalopilus	Hapalopilus rutilans		SPECIES	Hapalopilus rutilans (Per.) P.Karst.	Hapalopilus rutilans (Pers.) P. Karst.	(Pers.) P. Karst.	CA	Saint-Donat, Québec.	Québec	PRESENT		ff7bd5db-b724-4932-b496-10ea298851f9	46.316667	-74.216667	6000.0						1974-08-15	15	8	1974	2548639	8383534	PRESERVED_SPECIMEN	Université de Montréal Biodiversity Centre	CMMF	CMMF016719		Sirard, Léas		CC0_1_0	Université de Montréal Biodiversity Centre	Sirard, Léas			2024-01-24T16:38:19.876Z		INSTITUTION_MATCH_FUZZY;COLLECTION_MATCH_FUZZY;DIFFERENT_OWNER_INSTITUTION
1412708192	21705170-d2b6-42de-8904-c3bca4b83591	CMMF016715	Fungi	Basidiomycota	Agaricomycetes	Polyporales	Phanerochaetaceae	Hapalopilus	Hapalopilus rutilans		SPECIES	Polyporus nidulans Fr.	Polyporus nidulans Fr.	Fr.	CA	Valcartier, Québec.	Québec	PRESENT		ff7bd5db-b724-4932-b496-10ea298851f9	46.937798	-71.470098	30000.0						1985-03-30	30	3	1985	5247868	8383534	PRESERVED_SPECIMEN	Université de Montréal Biodiversity Centre	CMMF	CMMF016715		Sirard, Léas		CC0_1_0	Université de Montréal Biodiversity Centre	Sirard, Léas			2024-01-24T16:38:19.876Z		INSTITUTION_MATCH_FUZZY;COLLECTION_MATCH_FUZZY;DIFFERENT_OWNER_INSTITUTION
1412708177	21705170-d2b6-42de-8904-c3bca4b83591	CMMF016682	Fungi	Basidiomycota	Agaricomycetes	Polyporales	Phanerochaetaceae	Hapalopilus	Hapalopilus rutilans		SPECIES	Hapalopilus rutilans (Per.) P.Karst.	Hapalopilus rutilans (Pers.) P. Karst.	(Pers.) P. Karst.	CA	Cimetière Belmont, Québec.	Québec	PRESENT		ff7bd5db-b724-4932-b496-10ea298851f9	46.791462	-71.280377	500.0						1970-09-10	10	9	1970	2548639	8383534	PRESERVED_SPECIMEN	Université de Montréal Biodiversity Centre	CMMF	CMMF016682		Sirard, Léas; Boulet, Bruno		CC0_1_0	Université de Montréal Biodiversity Centre	Sirard, Léas; Boulet, Bruno			2024-01-24T16:38:19.914Z		INSTITUTION_MATCH_FUZZY;COLLECTION_MATCH_FUZZY;DIFFERENT_OWNER_INSTITUTION
1412708158	21705170-d2b6-42de-8904-c3bca4b83591	CMMF016681	Fungi	Basidiomycota	Agaricomycetes	Polyporales	Phanerochaetaceae	Hapalopilus	Hapalopilus rutilans		SPECIES	Hapalopilus rutilans (Per.) P.Karst.	Hapalopilus rutilans (Pers.) P. Karst.	(Pers.) P. Karst.	CA	Cimetière Mont Herman, Sillery, Québec.	Québec	PRESENT		ff7bd5db-b724-4932-b496-10ea298851f9	46.778722	-71.246157	500.0						1976-09-05	5	9	1976	2548639	8383534	PRESERVED_SPECIMEN	Université de Montréal Biodiversity Centre	CMMF	CMMF016681		Sirard, Léas		CC0_1_0	Université de Montréal Biodiversity Centre	Sirard, Léas			2024-01-24T16:38:19.913Z		INSTITUTION_MATCH_FUZZY;COLLECTION_MATCH_FUZZY;DIFFERENT_OWNER_INSTITUTION
1412708110	21705170-d2b6-42de-8904-c3bca4b83591	CMMF016737	Fungi	Basidiomycota	Agaricomycetes	Polyporales	Phanerochaetaceae	Hapalopilus	Hapalopilus rutilans		SPECIES	Polyporus nidulans Fr.	Polyporus nidulans Fr.	Fr.	CA	Sainte-Foy, Québec.	Québec	PRESENT		ff7bd5db-b724-4932-b496-10ea298851f9	46.780042	-71.374844	9000.0						1973-12-08	8	12	1973	5247868	8383534	PRESERVED_SPECIMEN	Université de Montréal Biodiversity Centre	CMMF	CMMF016737		Sirard, Léas		CC0_1_0	Université de Montréal Biodiversity Centre	Sirard, Léas			2024-01-24T16:38:19.881Z		INSTITUTION_MATCH_FUZZY;COLLECTION_MATCH_FUZZY;DIFFERENT_OWNER_INSTITUTION
1412708109	21705170-d2b6-42de-8904-c3bca4b83591	CMMF016698	Fungi	Basidiomycota	Agaricomycetes	Polyporales	Phanerochaetaceae	Hapalopilus	Hapalopilus rutilans		SPECIES	Hapalopilus rutilans (Per.) P.Karst.	Hapalopilus rutilans (Pers.) P. Karst.	(Pers.) P. Karst.	CA	Montmagny, Québec.	Québec	PRESENT		ff7bd5db-b724-4932-b496-10ea298851f9	46.980077	-70.556636	20000.0						1985-09		9	1985	2548639	8383534	PRESERVED_SPECIMEN	Université de Montréal Biodiversity Centre	CMMF	CMMF016698		Boulet, Bruno		CC0_1_0	Université de Montréal Biodiversity Centre	Boulet, Bruno			2024-01-24T16:38:19.930Z		INSTITUTION_MATCH_FUZZY;COLLECTION_MATCH_FUZZY;DIFFERENT_OWNER_INSTITUTION
1412707555	21705170-d2b6-42de-8904-c3bca4b83591	CMMF016050	Fungi	Basidiomycota	Agaricomycetes	Polyporales	Phanerochaetaceae	Hapalopilus	Hapalopilus rutilans		SPECIES	Hapalopilus nidulans (Fr.) P.Karst.	Hapalopilus nidulans (Fr.) P. Karst.	(Fr.) P. Karst.	CA	Saint-Donat de Montcalm, Québec.	Québec	PRESENT		ff7bd5db-b724-4932-b496-10ea298851f9	46.316667	-74.216667	6000.0						2004-08-12	12	8	2004	2548633	8383534	PRESERVED_SPECIMEN	Université de Montréal Biodiversity Centre	CMMF	CMMF016050		Sirard, Léas		CC0_1_0	Université de Montréal Biodiversity Centre	Sirard, Léas			2024-01-24T16:38:18.519Z		INSTITUTION_MATCH_FUZZY;COLLECTION_MATCH_FUZZY;DIFFERENT_OWNER_INSTITUTION
1412706813	21705170-d2b6-42de-8904-c3bca4b83591	CMMF015239	Fungi	Basidiomycota	Agaricomycetes	Polyporales	Phanerochaetaceae	Hapalopilus	Hapalopilus rutilans		SPECIES	Hapalopilus rutilans (Per.) P.Karst.	Hapalopilus rutilans (Pers.) P. Karst.	(Pers.) P. Karst.	CA	Route 10, Brossard, Québec.	Québec	PRESENT		ff7bd5db-b724-4932-b496-10ea298851f9	45.459256	-73.449557	4000.0						1979-06-15	15	6	1979	2548639	8383534	PRESERVED_SPECIMEN	Université de Montréal Biodiversity Centre	CMMF	CMMF015239	785	Guérin, Gérard		CC0_1_0	Université de Montréal Biodiversity Centre	Guérin, Gérard			2024-01-24T16:38:17.033Z	StillImage	INSTITUTION_MATCH_FUZZY;COLLECTION_MATCH_FUZZY;DIFFERENT_OWNER_INSTITUTION
1412706791	21705170-d2b6-42de-8904-c3bca4b83591	CMMF015238	Fungi	Basidiomycota	Agaricomycetes	Polyporales	Phanerochaetaceae	Hapalopilus	Hapalopilus rutilans		SPECIES	Hapalopilus rutilans (Per.) P.Karst.	Hapalopilus rutilans (Pers.) P. Karst.	(Pers.) P. Karst.	CA	Parc Frontenac, Québec.	Québec	PRESENT		ff7bd5db-b724-4932-b496-10ea298851f9	45.826543	-71.167805	10000.0						1995-09-03	3	9	1995	2548639	8383534	PRESERVED_SPECIMEN	Université de Montréal Biodiversity Centre	CMMF	CMMF015238	788	Guérin, Gérard		CC0_1_0	Université de Montréal Biodiversity Centre	Guérin, Gérard			2024-01-24T16:38:17.032Z	StillImage	INSTITUTION_MATCH_FUZZY;COLLECTION_MATCH_FUZZY;DIFFERENT_OWNER_INSTITUTION
1412706763	21705170-d2b6-42de-8904-c3bca4b83591	CMMF015240	Fungi	Basidiomycota	Agaricomycetes	Polyporales	Phanerochaetaceae	Hapalopilus	Hapalopilus rutilans		SPECIES	Hapalopilus rutilans (Per.) P.Karst.	Hapalopilus rutilans (Pers.) P. Karst.	(Pers.) P. Karst.	CA	Saint-Gédéon, Québec.	Québec	PRESENT		ff7bd5db-b724-4932-b496-10ea298851f9	48.494484	-71.775457	15000.0						1994-08-06	6	8	1994	2548639	8383534	PRESERVED_SPECIMEN	Université de Montréal Biodiversity Centre	CMMF	CMMF015240	787	Guérin, Gérard		CC0_1_0	Université de Montréal Biodiversity Centre	Guérin, Gérard			2024-01-24T16:38:17.029Z	StillImage	INSTITUTION_MATCH_FUZZY;COLLECTION_MATCH_FUZZY;DIFFERENT_OWNER_INSTITUTION
1135071054	21705170-d2b6-42de-8904-c3bca4b83591	CMMF009670	Fungi	Basidiomycota	Agaricomycetes	Polyporales	Phanerochaetaceae	Hapalopilus	Hapalopilus rutilans		SPECIES	Hapalopilus rutilans (Per.) P.Karst.	Hapalopilus rutilans (Pers.) P. Karst.	(Pers.) P. Karst.	CA	Forêt de Sherwood, Québec.	Québec	PRESENT		ff7bd5db-b724-4932-b496-10ea298851f9	46.86201	-71.307678	15000.0						2007-08-02	2	8	2007	2548639	8383534	PRESERVED_SPECIMEN	Université de Montréal Biodiversity Centre	CMMF	CMMF009670	1254	Labrecque, Jacqueline		CC0_1_0	Université de Montréal Biodiversity Centre	Labrecque, Jacqueline			2024-01-24T16:38:21.010Z		INSTITUTION_MATCH_FUZZY;COLLECTION_MATCH_FUZZY;DIFFERENT_OWNER_INSTITUTION
1135070305	21705170-d2b6-42de-8904-c3bca4b83591	CMMF008838	Fungi	Basidiomycota	Agaricomycetes	Polyporales	Phanerochaetaceae	Hapalopilus	Hapalopilus rutilans		SPECIES	Hapalopilus rutilans (Per.) P.Karst.	Hapalopilus rutilans (Pers.) P. Karst.	(Pers.) P. Karst.	CA	Chemin Chapelle, Lac-Beauport.	Québec	PRESENT		ff7bd5db-b724-4932-b496-10ea298851f9	46.949281	-71.284722	250.0						2006-07-31	31	7	2006	2548639	8383534	PRESERVED_SPECIMEN	Université de Montréal Biodiversity Centre	CMMF	CMMF008838	421	Labbé, Roland		CC0_1_0	Université de Montréal Biodiversity Centre	Labrecque, Jacqueline			2024-01-24T16:38:18.862Z		INSTITUTION_MATCH_FUZZY;COLLECTION_MATCH_FUZZY;DIFFERENT_OWNER_INSTITUTION
1135070211	21705170-d2b6-42de-8904-c3bca4b83591	CMMF008791	Fungi	Basidiomycota	Agaricomycetes	Polyporales	Phanerochaetaceae	Hapalopilus	Hapalopilus rutilans		SPECIES	Hapalopilus rutilans (Per.) P.Karst.	Hapalopilus rutilans (Pers.) P. Karst.	(Pers.) P. Karst.	CA	Chemin du Caillou, Lac-Beauport.	Québec	PRESENT		ff7bd5db-b724-4932-b496-10ea298851f9	46.988318	-71.326007	1000.0						2006-07-24	24	7	2006	2548639	8383534	PRESERVED_SPECIMEN	Université de Montréal Biodiversity Centre	CMMF	CMMF008791	373	Labbé, Roland		CC0_1_0	Université de Montréal Biodiversity Centre	Labrecque, Jacqueline			2024-01-24T16:38:18.845Z		INSTITUTION_MATCH_FUZZY;COLLECTION_MATCH_FUZZY;DIFFERENT_OWNER_INSTITUTION
1135070160	21705170-d2b6-42de-8904-c3bca4b83591	CMMF008699	Fungi	Basidiomycota	Agaricomycetes	Polyporales	Phanerochaetaceae	Hapalopilus	Hapalopilus rutilans		SPECIES	Hapalopilus rutilans (Per.) P.Karst.	Hapalopilus rutilans (Pers.) P. Karst.	(Pers.) P. Karst.	CA	Chemin de l'Éperon, Lac-Beauport.	Québec	PRESENT		ff7bd5db-b724-4932-b496-10ea298851f9	46.953091	-71.275238	5000.0						2006-07-04	4	7	2006	2548639	8383534	PRESERVED_SPECIMEN	Université de Montréal Biodiversity Centre	CMMF	CMMF008699	280	Labbé, Roland		CC0_1_0	Université de Montréal Biodiversity Centre	Labrecque, Jacqueline			2024-01-24T16:38:18.003Z		INSTITUTION_MATCH_FUZZY;COLLECTION_MATCH_FUZZY;DIFFERENT_OWNER_INSTITUTION
1135070039	21705170-d2b6-42de-8904-c3bca4b83591	CMMF008548	Fungi	Basidiomycota	Agaricomycetes	Polyporales	Phanerochaetaceae	Hapalopilus	Hapalopilus rutilans		SPECIES	Hapalopilus rutilans (Per.) P.Karst.	Hapalopilus rutilans (Pers.) P. Karst.	(Pers.) P. Karst.	CA	Pinède Rourke. Lac-Beauport.	Québec	PRESENT		ff7bd5db-b724-4932-b496-10ea298851f9	46.953091	-71.275238	5000.0						2006-05-18	18	5	2006	2548639	8383534	PRESERVED_SPECIMEN	Université de Montréal Biodiversity Centre	CMMF	CMMF008548	121	Labbé, Roland		CC0_1_0	Université de Montréal Biodiversity Centre	Labrecque, Jacqueline			2024-01-24T16:38:17.913Z	StillImage	INSTITUTION_MATCH_FUZZY;COLLECTION_MATCH_FUZZY;DIFFERENT_OWNER_INSTITUTION
1135069322	21705170-d2b6-42de-8904-c3bca4b83591	CMMF007863	Fungi	Basidiomycota	Agaricomycetes	Polyporales	Phanerochaetaceae	Hapalopilus	Hapalopilus rutilans		SPECIES	Hapalopilus rutilans (Per.) P.Karst.	Hapalopilus rutilans (Pers.) P. Karst.	(Pers.) P. Karst.	CA	St-Fabien-de-Panet , rang Dubonnet (Montmagny)	Québec	PRESENT		ff7bd5db-b724-4932-b496-10ea298851f9	46.669833	-70.218533	100.0						2012-07-04	4	7	2012	2548639	8383534	PRESERVED_SPECIMEN	Université de Montréal Biodiversity Centre	CMMF	CMMF007863	C4194	McNeil, Raymond		CC0_1_0	Université de Montréal Biodiversity Centre	McNeil, Raymond			2024-01-24T16:38:14.767Z	StillImage	COORDINATE_ROUNDED;INSTITUTION_MATCH_FUZZY;COLLECTION_MATCH_FUZZY;DIFFERENT_OWNER_INSTITUTION
1135068913	21705170-d2b6-42de-8904-c3bca4b83591	CMMF007508	Fungi	Basidiomycota	Agaricomycetes	Polyporales	Phanerochaetaceae	Hapalopilus	Hapalopilus rutilans		SPECIES	Hapalopilus rutilans (Per.) P.Karst.	Hapalopilus rutilans (Pers.) P. Karst.	(Pers.) P. Karst.	CA	Boileau	Québec	PRESENT		ff7bd5db-b724-4932-b496-10ea298851f9	45.926	-74.785833	100.0						1980-08-17	17	8	1980	2548639	8383534	PRESERVED_SPECIMEN	Université de Montréal Biodiversity Centre	CMMF	CMMF007508	817	McNeil, Raymond		CC0_1_0	Université de Montréal Biodiversity Centre	McNeil, Raymond			2024-01-24T16:38:15.941Z	StillImage	COORDINATE_ROUNDED;INSTITUTION_MATCH_FUZZY;COLLECTION_MATCH_FUZZY;DIFFERENT_OWNER_INSTITUTION
1135067524	21705170-d2b6-42de-8904-c3bca4b83591	CMMF006074	Fungi	Basidiomycota	Agaricomycetes	Polyporales	Phanerochaetaceae	Hapalopilus	Hapalopilus rutilans		SPECIES	Hapalopilus rutilans (Per.) P.Karst.	Hapalopilus rutilans (Pers.) P. Karst.	(Pers.) P. Karst.	CA	Châteauguay	Québec	PRESENT		ff7bd5db-b724-4932-b496-10ea298851f9	45.349833	-73.771	100.0						2006-06-26	26	6	2006	2548639	8383534	PRESERVED_SPECIMEN	Université de Montréal Biodiversity Centre	CMMF	CMMF006074	C2763	McNeil, Raymond		CC0_1_0	Université de Montréal Biodiversity Centre	McNeil, Raymond			2024-01-24T16:38:17.944Z	StillImage	COORDINATE_ROUNDED;INSTITUTION_MATCH_FUZZY;COLLECTION_MATCH_FUZZY;DIFFERENT_OWNER_INSTITUTION
