gbifID	datasetKey	occurrenceID	kingdom	phylum	class	order	family	genus	species	infraspecificEpithet	taxonRank	scientificName	verbatimScientificName	verbatimScientificNameAuthorship	countryCode	locality	stateProvince	occurrenceStatus	individualCount	publishingOrgKey	decimalLatitude	decimalLongitude	coordinateUncertaintyInMeters	coordinatePrecision	elevation	elevationAccuracy	depth	depthAccuracy	eventDate	day	month	year	taxonKey	speciesKey	basisOfRecord	institutionCode	collectionCode	catalogNumber	recordNumber	identifiedBy	dateIdentified	license	rightsHolder	recordedBy	typeStatus	establishmentMeans	lastInterpreted	mediaType	issue
694157480	d7cfd2ed-8af4-427f-a16e-eb66b7e2c419	16399	Fungi	Basidiomycota	Agaricomycetes	Boletales	Boletaceae	Xerocomellus	Xerocomellus chrysenteron		SPECIES	Xerocomus chrysenteron (Bull.) Quél.	Xerocomus chrysenteron Fr.	Fr.	CA	near Forest Ranger School	Ontario	PRESENT		ff418020-1d67-11d9-8435-b8a03c50a862	45.159467	-78.8451	768.0						1961-09-09	9	9	1961	2519412	2519413	PRESERVED_SPECIMEN	Royal Ontario Museum	TRTC	TRTC044040				CC0_1_0	Royal Ontario Museum	Hamley, J.;			2024-01-25T00:59:39.160Z		COORDINATE_ROUNDED;AMBIGUOUS_INSTITUTION
694157300	d7cfd2ed-8af4-427f-a16e-eb66b7e2c419	15806	Fungi	Basidiomycota	Agaricomycetes	Boletales	Boletaceae	Xerocomellus	Xerocomellus chrysenteron		SPECIES	Boletus chrysenteron Bull.	Boletus chrysenteron Bull.	Bull.	CA	near Dorset	Ontario	PRESENT		ff418020-1d67-11d9-8435-b8a03c50a862	45.249936	-78.885784	2428.0						1966-09-14	14	9	1966	5954956	2519413	PRESERVED_SPECIMEN	Royal Ontario Museum	TRTC	TRTC044549				CC0_1_0	Royal Ontario Museum	Parchim, B.			2024-01-25T00:59:40.667Z		COORDINATE_ROUNDED;AMBIGUOUS_INSTITUTION
694157145	d7cfd2ed-8af4-427f-a16e-eb66b7e2c419	14496	Fungi	Basidiomycota	Agaricomycetes	Boletales	Boletaceae	Xerocomellus	Xerocomellus chrysenteron		SPECIES	Xerocomus chrysenteron (Bull.) Quél.	Xerocomus chrysenteron (Bull.) Fries	(Bull.) Fries	CA	Forest Ranger School	Ontario	PRESENT		ff418020-1d67-11d9-8435-b8a03c50a862	45.159467	-78.8451	450.0						1961-09-12	12	9	1961	2519412	2519413	PRESERVED_SPECIMEN	Royal Ontario Museum	TRTC	TRTC038594				CC0_1_0	Royal Ontario Museum	Cain, R.F. et al			2024-01-25T00:59:40.734Z		COORDINATE_ROUNDED;AMBIGUOUS_INSTITUTION
694156673	d7cfd2ed-8af4-427f-a16e-eb66b7e2c419	11003	Fungi	Basidiomycota	Agaricomycetes	Boletales	Boletaceae	Xerocomellus	Xerocomellus chrysenteron		SPECIES	Xerocomus chrysenteron (Bull.) Quél.	Xerocomus chrysenteron Bull.	Bull.	CA	Algonquin Provincial Park, Mew Lake	Ontario	PRESENT		ff418020-1d67-11d9-8435-b8a03c50a862	45.57554	-78.51948	318.0						1959-09-11	11	9	1959	2519412	2519413	PRESERVED_SPECIMEN	Royal Ontario Museum	TRTC	TRTC035386		Cain, R.F.		CC0_1_0	Royal Ontario Museum	Cain, R.F.			2024-01-25T00:59:38.182Z		COORDINATE_ROUNDED;AMBIGUOUS_INSTITUTION
694156672	d7cfd2ed-8af4-427f-a16e-eb66b7e2c419	11002	Fungi	Basidiomycota	Agaricomycetes	Boletales	Boletaceae	Xerocomellus	Xerocomellus chrysenteron		SPECIES	Xerocomus chrysenteron (Bull.) Quél.	Xerocomus chrysenteron Bull.	Bull.	CA	Algonquin Provincial Park, Mew Lake	Ontario	PRESENT		ff418020-1d67-11d9-8435-b8a03c50a862	45.57554	-78.51948	318.0						1959-09-14	14	9	1959	2519412	2519413	PRESERVED_SPECIMEN	Royal Ontario Museum	TRTC	TRTC035390		Cain, R.F.		CC0_1_0	Royal Ontario Museum	Cain, R.F.			2024-01-25T00:59:38.182Z		COORDINATE_ROUNDED;AMBIGUOUS_INSTITUTION
617555796	21705170-d2b6-42de-8904-c3bca4b83591	CMMF000968	Fungi	Basidiomycota	Agaricomycetes	Boletales	Boletaceae	Xerocomellus	Xerocomellus chrysenteron		SPECIES	Xerocomus chrysenteron (Bull.) Quél.	Xerocomus chrysenteron (Bull.) Quél.	(Bull.) Quél.	CA	Laval	Québec	PRESENT		ff7bd5db-b724-4932-b496-10ea298851f9	45.609608	-73.705867	17500.0						1990-07-06	6	7	1990	2519412	2519413	PRESERVED_SPECIMEN	Université de Montréal Biodiversity Centre	CMMF	CMMF000968		Lamoureux, Yves		CC0_1_0	Université de Montréal Biodiversity Centre	Lamoureux, Yves			2024-01-24T16:38:21.651Z	StillImage	INSTITUTION_MATCH_FUZZY;COLLECTION_MATCH_FUZZY;DIFFERENT_OWNER_INSTITUTION
617553437	21705170-d2b6-42de-8904-c3bca4b83591	CMMF000036	Fungi	Basidiomycota	Agaricomycetes	Boletales	Boletaceae	Xerocomellus	Xerocomellus chrysenteron		SPECIES	Xerocomus chrysenteron (Bull.) Quél.	Xerocomus chrysenteron (Bull.) Quél.	(Bull.) Quél.	CA	Laval	Québec	PRESENT		ff7bd5db-b724-4932-b496-10ea298851f9	45.609608	-73.705867	17500.0						1988-07-13	13	7	1988	2519412	2519413	PRESERVED_SPECIMEN	Université de Montréal Biodiversity Centre	CMMF	CMMF000036		Lamoureux, Yves		CC0_1_0	Université de Montréal Biodiversity Centre	Lamoureux, Yves			2024-01-24T16:38:20.343Z	StillImage	INSTITUTION_MATCH_FUZZY;COLLECTION_MATCH_FUZZY;DIFFERENT_OWNER_INSTITUTION
617553103	21705170-d2b6-42de-8904-c3bca4b83591	CMMF003448	Fungi	Basidiomycota	Agaricomycetes	Boletales	Boletaceae	Xerocomellus	Xerocomellus chrysenteron		SPECIES	Xerocomus chrysenteron (Bull.) Quél.	Xerocomus chrysenteron (Bull.) Quél.	(Bull.) Quél.	CA	Rawdon	Québec	PRESENT		ff7bd5db-b724-4932-b496-10ea298851f9	46.052398	-73.748752	11000.0						2000-08-09	9	8	2000	2519412	2519413	PRESERVED_SPECIMEN	Université de Montréal Biodiversity Centre	CMMF	CMMF003448		Lamoureux, Yves		CC0_1_0	Université de Montréal Biodiversity Centre	Lamoureux, Yves			2024-01-24T16:38:17.054Z	StillImage	INSTITUTION_MATCH_FUZZY;COLLECTION_MATCH_FUZZY;DIFFERENT_OWNER_INSTITUTION
617551748	21705170-d2b6-42de-8904-c3bca4b83591	CMMF002844	Fungi	Basidiomycota	Agaricomycetes	Boletales	Boletaceae	Xerocomellus	Xerocomellus chrysenteron		SPECIES	Xerocomus chrysenteron (Bull.) Quél.	Xerocomus chrysenteron (Bull.) Quél.	(Bull.) Quél.	CA	Saint-Bruno-de-Montarville	Québec	PRESENT		ff7bd5db-b724-4932-b496-10ea298851f9	45.526599	-73.344507	5500.0						1996-07-27	27	7	1996	2519412	2519413	PRESERVED_SPECIMEN	Université de Montréal Biodiversity Centre	CMMF	CMMF002844		Lamoureux, Yves		CC0_1_0	Université de Montréal Biodiversity Centre	Lamoureux, Yves			2024-01-24T16:38:20.643Z	StillImage	INSTITUTION_MATCH_FUZZY;COLLECTION_MATCH_FUZZY;DIFFERENT_OWNER_INSTITUTION
617547565	21705170-d2b6-42de-8904-c3bca4b83591	CMMF001021	Fungi	Basidiomycota	Agaricomycetes	Boletales	Boletaceae	Xerocomellus	Xerocomellus chrysenteron		SPECIES	Xerocomus chrysenteron (Bull.) Quél.	Xerocomus chrysenteron (Bull.) Quél.	(Bull.) Quél.	CA	L'Assomption	Québec	PRESENT		ff7bd5db-b724-4932-b496-10ea298851f9	45.864396	-73.439575	9000.0						1990-07-22	22	7	1990	2519412	2519413	PRESERVED_SPECIMEN	Université de Montréal Biodiversity Centre	CMMF	CMMF001021		Lamoureux, Yves		CC0_1_0	Université de Montréal Biodiversity Centre	Lamoureux, Yves			2024-01-24T16:38:16.312Z	StillImage	INSTITUTION_MATCH_FUZZY;COLLECTION_MATCH_FUZZY;DIFFERENT_OWNER_INSTITUTION
4413746120	50c9509d-22c7-4a22-a47d-8c48425ef4a7	https://www.inaturalist.org/observations/182488960	Fungi	Basidiomycota	Agaricomycetes	Boletales	Boletaceae	Xerocomellus	Xerocomellus chrysenteron		SPECIES	Xerocomellus chrysenteron (Bull.) Šutara	Xerocomellus chrysenteron		CA		Québec	PRESENT		28eb1a3f-1c15-4a95-931a-4af90ecb574d	45.656147	-75.676135							2023-09-09T12:31:34	9	9	2023	2519413	2519413	HUMAN_OBSERVATION	iNaturalist	Observations	182488960		Alina Vorobieva	2023-09-16T00:46:28	CC_BY_NC_4_0	Joe Smit	Joe Smit			2025-01-14T12:40:00.916Z	StillImage	COORDINATE_ROUNDED;CONTINENT_DERIVED_FROM_COORDINATES;TAXON_MATCH_TAXON_ID_IGNORED
4166264304	695cef75-b65f-4776-b2ed-74565eebb16e	02-01000936930	Fungi	Basidiomycota	Agaricomycetes	Boletales	Boletaceae	Xerocomellus	Xerocomellus chrysenteron		SPECIES	Xerocomus chrysenteron (Bull.) Quél.	Xerocomus chrysenteron	(Bull.) Quél.	CA	Hardwood Hill Trail	Ontario	PRESENT		055bd978-2daa-4543-b3f0-44e0e87e86ca	45.541667	-78.675							1974-08-30	30	8	1974	2519412	2519413	PRESERVED_SPECIMEN	AAFC	DAOM	186742		D. Malloch		CC_BY_4_0	©His Majesty the King in Right of Canada, as represented by the Minister of Agriculture and Agri-Food	P. Johnson			2025-01-12T05:11:16.219Z		GEODETIC_DATUM_ASSUMED_WGS84;CONTINENT_DERIVED_FROM_COORDINATES;TAXON_MATCH_TAXON_ID_IGNORED;INSTITUTION_MATCH_FUZZY
4165930306	50c9509d-22c7-4a22-a47d-8c48425ef4a7	https://www.inaturalist.org/observations/174659226	Fungi	Basidiomycota	Agaricomycetes	Boletales	Boletaceae	Xerocomellus	Xerocomellus chrysenteron		SPECIES	Xerocomellus chrysenteron (Bull.) Šutara	Xerocomellus chrysenteron		CA		Québec	PRESENT		28eb1a3f-1c15-4a95-931a-4af90ecb574d	45.809595	-72.748512	5241.0						2023-07-23T10:02:26	23	7	2023	2519413	2519413	HUMAN_OBSERVATION	iNaturalist	Observations	174659226		Chapados	2023-07-24T11:18:24	CC_BY_NC_4_0	Chapados	Chapados			2025-01-14T13:28:03.685Z	StillImage	COORDINATE_ROUNDED;CONTINENT_DERIVED_FROM_COORDINATES;TAXON_MATCH_TAXON_ID_IGNORED
4099954499	d1a3b128-b406-46bb-a6d1-f3591dcc8a7b	0ec3d06f-8ee8-454f-b461-c83d93db483b	Fungi	Basidiomycota	Agaricomycetes	Boletales	Boletaceae	Xerocomellus	Xerocomellus chrysenteron		SPECIES	Xerocomus chrysenteron (Bull.) Quél.	Xerocomus chrysenteron	(Bull.) Quél.	CA	Kentville, Cemetery under oaks	Nova Scotia	PRESENT		e43cf4b8-849e-4fac-b075-e652d019d2cf	45.066667	-64.5	3609.0						1962-08-25	25	8	1962	2519412	2519413	PRESERVED_SPECIMEN	BPI		BPI 783726		Snell, W. H.; Dick, E. A.		CC0_1_0		Dick, E. A.; McLaughlin, D.			2025-01-15T04:59:43Z		CONTINENT_DERIVED_FROM_COORDINATES;TAXON_MATCH_TAXON_ID_IGNORED;INSTITUTION_MATCH_FUZZY
4099482489	d1a3b128-b406-46bb-a6d1-f3591dcc8a7b	b195e11d-c630-4a01-9bfa-be782494f015	Fungi	Basidiomycota	Agaricomycetes	Boletales	Boletaceae	Xerocomellus	Xerocomellus chrysenteron		SPECIES	Xerocomus chrysenteron (Bull.) Quél.	Xerocomus chrysenteron	(Bull.) Quél.	CA	Duchesnay	Quebec	PRESENT		e43cf4b8-849e-4fac-b075-e652d019d2cf	49.166667	-65.916667	301.0						1938-08-25	25	8	1938	2519412	2519413	PRESERVED_SPECIMEN	BPI		BPI 783733		Snell, W. H.		CC0_1_0		Snell, W. H.			2025-01-15T04:59:42.418Z		GEODETIC_DATUM_ASSUMED_WGS84;CONTINENT_DERIVED_FROM_COORDINATES;TAXON_MATCH_TAXON_ID_IGNORED;INSTITUTION_MATCH_FUZZY
3903067174	50c9509d-22c7-4a22-a47d-8c48425ef4a7	https://www.inaturalist.org/observations/134364249	Fungi	Basidiomycota	Agaricomycetes	Boletales	Boletaceae	Xerocomellus	Xerocomellus chrysenteron		SPECIES	Xerocomellus chrysenteron (Bull.) Šutara	Xerocomellus chrysenteron		CA		Ontario	PRESENT		28eb1a3f-1c15-4a95-931a-4af90ecb574d	45.323322	-75.812195	10.0						2022-09-09T12:13:08	9	9	2022	2519413	2519413	HUMAN_OBSERVATION	iNaturalist	Observations	134364249		Lynn Ovenden	2022-09-10T00:15:06	CC_BY_NC_4_0	Lynn Ovenden	Lynn Ovenden			2025-01-14T12:33:45.130Z	StillImage	COORDINATE_ROUNDED;CONTINENT_DERIVED_FROM_COORDINATES;TAXON_MATCH_TAXON_ID_IGNORED
3455838927	50c9509d-22c7-4a22-a47d-8c48425ef4a7	https://www.inaturalist.org/observations/103788685	Fungi	Basidiomycota	Agaricomycetes	Boletales	Boletaceae	Xerocomellus	Xerocomellus chrysenteron		SPECIES	Xerocomellus chrysenteron (Bull.) Šutara	Xerocomellus chrysenteron		CA		Québec	PRESENT		28eb1a3f-1c15-4a95-931a-4af90ecb574d	45.976373	-76.544167	27095.0						2021-07-03T09:28	3	7	2021	2519413	2519413	HUMAN_OBSERVATION	iNaturalist	Observations	103788685		L Joan Heyding	2021-12-28T00:23:36	CC_BY_NC_4_0	L Joan Heyding	L Joan Heyding			2025-01-14T13:16:26.903Z	StillImage	COORDINATE_ROUNDED;CONTINENT_DERIVED_FROM_COORDINATES;TAXON_MATCH_TAXON_ID_IGNORED
2850567908	50c9509d-22c7-4a22-a47d-8c48425ef4a7	https://www.inaturalist.org/observations/55214643	Fungi	Basidiomycota	Agaricomycetes	Boletales	Boletaceae	Xerocomellus	Xerocomellus chrysenteron		SPECIES	Xerocomellus chrysenteron (Bull.) Šutara	Xerocomellus chrysenteron		CA		Québec	PRESENT		28eb1a3f-1c15-4a95-931a-4af90ecb574d	45.751092	-74.349153	10.0						2020-08-01T11:47:46	1	8	2020	2519413	2519413	HUMAN_OBSERVATION	iNaturalist	Observations	55214643		Mical	2020-08-02T22:34:03	CC_BY_4_0	Mical	Mical			2025-01-14T12:14:50.987Z	StillImage	COORDINATE_ROUNDED;CONTINENT_DERIVED_FROM_COORDINATES;TAXON_MATCH_TAXON_ID_IGNORED
2802757477	50c9509d-22c7-4a22-a47d-8c48425ef4a7	https://www.inaturalist.org/observations/32086422	Fungi	Basidiomycota	Agaricomycetes	Boletales	Boletaceae	Xerocomellus	Xerocomellus chrysenteron		SPECIES	Xerocomellus chrysenteron (Bull.) Šutara	Xerocomellus chrysenteron		CA		Québec	PRESENT		28eb1a3f-1c15-4a95-931a-4af90ecb574d	46.75542	-71.321997							2019-08-31T13:52	31	8	2019	2519413	2519413	HUMAN_OBSERVATION	iNaturalist	Observations	32086422		jonathan_mack	2019-09-04T02:05:00	CC_BY_NC_4_0	jonathan_mack	jonathan_mack			2025-01-14T12:10:23.997Z	StillImage	COORDINATE_ROUNDED;CONTINENT_DERIVED_FROM_COORDINATES;TAXON_MATCH_TAXON_ID_IGNORED
1928790739	d415c253-4d61-4459-9d25-4015b9084fb0	484d485c-cda7-4c60-8871-a42d2c6a40a6	Fungi	Basidiomycota	Agaricomycetes	Boletales	Boletaceae	Xerocomellus	Xerocomellus chrysenteron		SPECIES	Boletus chrysenteron Bull.	Boletus chrysenteron Bull.	Bull.	CA	Ottawa-Carlton Co., Ottawa	Ontario	PRESENT		ae447c50-b8a8-11d8-92a4-b8a03c50a862	45.416667	-75.7							1883-09-30	30	9	1883	5954956	2519413	PRESERVED_SPECIMEN	NY	NY	46761	395			CC0_1_0	The New York Botanical Garden	J. Macoun			2024-12-25T06:18:57.351Z		GEODETIC_DATUM_ASSUMED_WGS84;MODIFIED_DATE_INVALID
1807262819	e8a25a42-f125-476c-8554-3ec21cd51a84	ACAD:119295	Fungi	Basidiomycota	Agaricomycetes	Boletales	Boletaceae	Xerocomellus	Xerocomellus chrysenteron		SPECIES	Xerocomellus chrysenteron (Bull.) Šutara	Xerocomellus chrysenteron (Bull.) utara	(Bull.) utara	CA	Kentville	Nova Scotia	PRESENT		6491ad8c-8e49-4bd4-a089-0ddb3bbe0890	45.07662	-64.49592							1959-09-12	12	9	1959	2519413	2519413	PRESERVED_SPECIMEN	Acadia University	ACAD	8001F	8001			CC0_1_0	Acadia University	H, KA; Party, Congress			2024-01-25T01:37:03.014Z	StillImage	GEODETIC_DATUM_INVALID;GEODETIC_DATUM_ASSUMED_WGS84;INSTITUTION_MATCH_FUZZY;COLLECTION_MATCH_FUZZY
1807262804	e8a25a42-f125-476c-8554-3ec21cd51a84	ACAD:119299	Fungi	Basidiomycota	Agaricomycetes	Boletales	Boletaceae	Xerocomellus	Xerocomellus chrysenteron		SPECIES	Xerocomellus chrysenteron (Bull.) Šutara	Xerocomellus chrysenteron (Bull.) utara	(Bull.) utara	CA	Kentville	Nova Scotia	PRESENT		6491ad8c-8e49-4bd4-a089-0ddb3bbe0890	45.07662	-64.49592							1959-09-12	12	9	1959	2519413	2519413	PRESERVED_SPECIMEN	Acadia University	ACAD	8005F	8005			CC0_1_0	Acadia University	Harrison, KA			2024-01-25T01:37:03.014Z	StillImage	GEODETIC_DATUM_INVALID;GEODETIC_DATUM_ASSUMED_WGS84;INSTITUTION_MATCH_FUZZY;COLLECTION_MATCH_FUZZY
1807262639	e8a25a42-f125-476c-8554-3ec21cd51a84	ACAD:119354	Fungi	Basidiomycota	Agaricomycetes	Boletales	Boletaceae	Xerocomellus	Xerocomellus chrysenteron		SPECIES	Xerocomellus chrysenteron (Bull.) Šutara	Xerocomellus chrysenteron (Bull.) utara	(Bull.) utara	CA	Kentville	Nova Scotia	PRESENT		6491ad8c-8e49-4bd4-a089-0ddb3bbe0890	45.07662	-64.49592							1954-08-14	14	8	1954	2519413	2519413	PRESERVED_SPECIMEN	Acadia University	ACAD	8059F	8059			CC0_1_0	Acadia University	Harrison, KA			2024-01-25T01:37:02.812Z	StillImage	GEODETIC_DATUM_INVALID;GEODETIC_DATUM_ASSUMED_WGS84;INSTITUTION_MATCH_FUZZY;COLLECTION_MATCH_FUZZY
1807262624	e8a25a42-f125-476c-8554-3ec21cd51a84	ACAD:119296	Fungi	Basidiomycota	Agaricomycetes	Boletales	Boletaceae	Xerocomellus	Xerocomellus chrysenteron		SPECIES	Xerocomellus chrysenteron (Bull.) Šutara	Xerocomellus chrysenteron (Bull.) utara	(Bull.) utara	CA	Kentville	Nova Scotia	PRESENT		6491ad8c-8e49-4bd4-a089-0ddb3bbe0890	45.07662	-64.49592							1951-09-08	8	9	1951	2519413	2519413	PRESERVED_SPECIMEN	Acadia University	ACAD	8002F	8002			CC0_1_0	Acadia University	Harrison, KA			2024-01-25T01:37:03.017Z	StillImage	GEODETIC_DATUM_INVALID;GEODETIC_DATUM_ASSUMED_WGS84;INSTITUTION_MATCH_FUZZY;COLLECTION_MATCH_FUZZY
1807262175	e8a25a42-f125-476c-8554-3ec21cd51a84	ACAD:119399	Fungi	Basidiomycota	Agaricomycetes	Boletales	Boletaceae	Xerocomellus	Xerocomellus chrysenteron		SPECIES	Xerocomellus chrysenteron (Bull.) Šutara	Xerocomellus chrysenteron (Bull.) utara	(Bull.) utara	CA	Kentville	Nova Scotia	PRESENT		6491ad8c-8e49-4bd4-a089-0ddb3bbe0890	45.07662	-64.49592							1961-09-27	27	9	1961	2519413	2519413	PRESERVED_SPECIMEN	Acadia University	ACAD	8104F	8104			CC0_1_0	Acadia University	Longley, RP			2024-01-25T01:37:02.753Z	StillImage	GEODETIC_DATUM_INVALID;GEODETIC_DATUM_ASSUMED_WGS84;INSTITUTION_MATCH_FUZZY;COLLECTION_MATCH_FUZZY
1807261730	e8a25a42-f125-476c-8554-3ec21cd51a84	ACAD:118224	Fungi	Basidiomycota	Agaricomycetes	Boletales	Boletaceae	Xerocomellus	Xerocomellus chrysenteron		SPECIES	Xerocomellus chrysenteron (Bull.) Šutara	Xerocomellus chrysenteron (Bull.) utara	(Bull.) utara	CA	Scotts Bay	Nova Scotia	PRESENT		6491ad8c-8e49-4bd4-a089-0ddb3bbe0890	45.3	-64.424167							1975-08-10	10	8	1975	2519413	2519413	PRESERVED_SPECIMEN	Acadia University	ACAD	11380F	11380			CC0_1_0	Acadia University	Harrison, KA; Harrison, KJ			2024-01-25T01:37:17.667Z	StillImage	COORDINATE_ROUNDED;GEODETIC_DATUM_INVALID;GEODETIC_DATUM_ASSUMED_WGS84;INSTITUTION_MATCH_FUZZY;COLLECTION_MATCH_FUZZY
1807261097	e8a25a42-f125-476c-8554-3ec21cd51a84	ACAD:117664	Fungi	Basidiomycota	Agaricomycetes	Boletales	Boletaceae	Xerocomellus	Xerocomellus chrysenteron		SPECIES	Xerocomellus chrysenteron (Bull.) Šutara	Xerocomellus chrysenteron (Bull.) utara	(Bull.) utara	CA	Kentville	Nova Scotia	PRESENT		6491ad8c-8e49-4bd4-a089-0ddb3bbe0890	45.07662	-64.49592							1973-08-07	7	8	1973	2519413	2519413	PRESERVED_SPECIMEN	Acadia University	ACAD	10434F	10434			CC0_1_0	Acadia University	H, KA			2024-01-25T01:37:08.096Z	StillImage	GEODETIC_DATUM_INVALID;GEODETIC_DATUM_ASSUMED_WGS84;INSTITUTION_MATCH_FUZZY;COLLECTION_MATCH_FUZZY
1807261037	e8a25a42-f125-476c-8554-3ec21cd51a84	ACAD:117594	Fungi	Basidiomycota	Agaricomycetes	Boletales	Boletaceae	Xerocomellus	Xerocomellus chrysenteron		SPECIES	Xerocomellus chrysenteron (Bull.) Šutara	Xerocomellus chrysenteron (Bull.) utara	(Bull.) utara	CA	Kentville	Nova Scotia	PRESENT		6491ad8c-8e49-4bd4-a089-0ddb3bbe0890	45.07662	-64.49592							1973-07-20	20	7	1973	2519413	2519413	PRESERVED_SPECIMEN	Acadia University	ACAD	10349F	10349	H, KA		CC0_1_0	Acadia University	H, KA			2024-01-25T01:37:08.224Z	StillImage	GEODETIC_DATUM_INVALID;GEODETIC_DATUM_ASSUMED_WGS84;INSTITUTION_MATCH_FUZZY;COLLECTION_MATCH_FUZZY
1807260930	e8a25a42-f125-476c-8554-3ec21cd51a84	ACAD:117673	Fungi	Basidiomycota	Agaricomycetes	Boletales	Boletaceae	Xerocomellus	Xerocomellus chrysenteron		SPECIES	Xerocomellus chrysenteron (Bull.) Šutara	Xerocomellus chrysenteron (Bull.) utara	(Bull.) utara	CA	Kentville	Nova Scotia	PRESENT		6491ad8c-8e49-4bd4-a089-0ddb3bbe0890	45.07662	-64.49592							1973-07-29	29	7	1973	2519413	2519413	PRESERVED_SPECIMEN	Acadia University	ACAD	10442F	10442	H, KA		CC0_1_0	Acadia University	Longley, RP			2024-01-25T01:37:08.107Z	StillImage	GEODETIC_DATUM_INVALID;GEODETIC_DATUM_ASSUMED_WGS84;INSTITUTION_MATCH_FUZZY;COLLECTION_MATCH_FUZZY
1807260715	e8a25a42-f125-476c-8554-3ec21cd51a84	ACAD:117684	Fungi	Basidiomycota	Agaricomycetes	Boletales	Boletaceae	Xerocomellus	Xerocomellus chrysenteron		SPECIES	Xerocomellus chrysenteron (Bull.) Šutara	Xerocomellus chrysenteron (Bull.) utara	(Bull.) utara	CA	Kentville	Nova Scotia	PRESENT		6491ad8c-8e49-4bd4-a089-0ddb3bbe0890	45.07662	-64.49592							1973-08-10	10	8	1973	2519413	2519413	PRESERVED_SPECIMEN	Acadia University	ACAD	10454F	10454			CC0_1_0	Acadia University	H, KA			2024-01-25T01:37:08.111Z	StillImage	GEODETIC_DATUM_INVALID;GEODETIC_DATUM_ASSUMED_WGS84;INSTITUTION_MATCH_FUZZY;COLLECTION_MATCH_FUZZY
1807260587	e8a25a42-f125-476c-8554-3ec21cd51a84	ACAD:117075	Fungi	Basidiomycota	Agaricomycetes	Boletales	Boletaceae	Xerocomellus	Xerocomellus chrysenteron		SPECIES	Xerocomellus chrysenteron (Bull.) Šutara	Xerocomellus chrysenteron (Bull.) utara	(Bull.) utara	CA	Kentville	Nova Scotia	PRESENT		6491ad8c-8e49-4bd4-a089-0ddb3bbe0890	45.07662	-64.49592							1961-09-19	19	9	1961	2519413	2519413	PRESERVED_SPECIMEN	Acadia University	ACAD	5341F	5341			CC0_1_0	Acadia University	H, KA			2024-01-25T01:37:12.520Z	StillImage	GEODETIC_DATUM_INVALID;GEODETIC_DATUM_ASSUMED_WGS84;INSTITUTION_MATCH_FUZZY;COLLECTION_MATCH_FUZZY
1807259877	e8a25a42-f125-476c-8554-3ec21cd51a84	ACAD:116885	Fungi	Basidiomycota	Agaricomycetes	Boletales	Boletaceae	Xerocomellus	Xerocomellus chrysenteron		SPECIES	Xerocomellus chrysenteron (Bull.) Šutara	Xerocomellus chrysenteron (Bull.) utara	(Bull.) utara	CA	Kentville	Nova Scotia	PRESENT		6491ad8c-8e49-4bd4-a089-0ddb3bbe0890	45.07662	-64.49592							1959-09-12	12	9	1959	2519413	2519413	PRESERVED_SPECIMEN	Acadia University	ACAD	5143F	5143			CC0_1_0	Acadia University	H, KA			2024-01-25T01:37:05.531Z	StillImage	GEODETIC_DATUM_INVALID;GEODETIC_DATUM_ASSUMED_WGS84;INSTITUTION_MATCH_FUZZY;COLLECTION_MATCH_FUZZY
1807259378	e8a25a42-f125-476c-8554-3ec21cd51a84	ACAD:116114	Fungi	Basidiomycota	Agaricomycetes	Boletales	Boletaceae	Xerocomellus	Xerocomellus chrysenteron		SPECIES	Xerocomellus chrysenteron (Bull.) Šutara	Xerocomellus chrysenteron (Bull.) utara	(Bull.) utara	CA	Kentville	Nova Scotia	PRESENT		6491ad8c-8e49-4bd4-a089-0ddb3bbe0890	45.07662	-64.49592							1958-09-16	16	9	1958	2519413	2519413	PRESERVED_SPECIMEN	Acadia University	ACAD	3738F	3738			CC0_1_0	Acadia University	Harrison, KA			2024-01-25T01:37:04.190Z	StillImage	GEODETIC_DATUM_INVALID;GEODETIC_DATUM_ASSUMED_WGS84;INSTITUTION_MATCH_FUZZY;COLLECTION_MATCH_FUZZY
1807258918	e8a25a42-f125-476c-8554-3ec21cd51a84	ACAD:115594	Fungi	Basidiomycota	Agaricomycetes	Boletales	Boletaceae	Xerocomellus	Xerocomellus chrysenteron		SPECIES	Xerocomellus chrysenteron (Bull.) Šutara	Xerocomellus chrysenteron (Bull.) utara	(Bull.) utara	CA	Kentville	Nova Scotia	PRESENT		6491ad8c-8e49-4bd4-a089-0ddb3bbe0890	45.07662	-64.49592							1955-08-26	26	8	1955	2519413	2519413	PRESERVED_SPECIMEN	Acadia University	ACAD	3030AF	3030A			CC0_1_0	Acadia University	Harrison, KA			2024-01-25T01:37:00.514Z	StillImage	GEODETIC_DATUM_INVALID;GEODETIC_DATUM_ASSUMED_WGS84;INSTITUTION_MATCH_FUZZY;COLLECTION_MATCH_FUZZY
1807258872	e8a25a42-f125-476c-8554-3ec21cd51a84	ACAD:115556	Fungi	Basidiomycota	Agaricomycetes	Boletales	Boletaceae	Xerocomellus	Xerocomellus chrysenteron		SPECIES	Xerocomellus chrysenteron (Bull.) Šutara	Xerocomellus chrysenteron (Bull.) utara	(Bull.) utara	CA	Kentville	Nova Scotia	PRESENT		6491ad8c-8e49-4bd4-a089-0ddb3bbe0890	45.07662	-64.49592							1955-08-26	26	8	1955	2519413	2519413	PRESERVED_SPECIMEN	Acadia University	ACAD	2975F	2975			CC0_1_0	Acadia University	Harrison, KA			2024-01-25T01:37:00.556Z	StillImage	GEODETIC_DATUM_INVALID;GEODETIC_DATUM_ASSUMED_WGS84;INSTITUTION_MATCH_FUZZY;COLLECTION_MATCH_FUZZY
1807258466	e8a25a42-f125-476c-8554-3ec21cd51a84	ACAD:115108	Fungi	Basidiomycota	Agaricomycetes	Boletales	Boletaceae	Xerocomellus	Xerocomellus chrysenteron		SPECIES	Xerocomellus chrysenteron (Bull.) Šutara	Xerocomellus chrysenteron (Bull.) utara	(Bull.) utara	CA	Kentville	Nova Scotia	PRESENT		6491ad8c-8e49-4bd4-a089-0ddb3bbe0890	45.07662	-64.49592							1938-07-31	31	7	1938	2519413	2519413	PRESERVED_SPECIMEN	Acadia University	ACAD	729F	729			CC0_1_0	Acadia University	H, KA			2024-01-25T01:36:59.496Z	StillImage	GEODETIC_DATUM_INVALID;GEODETIC_DATUM_ASSUMED_WGS84;INSTITUTION_MATCH_FUZZY;COLLECTION_MATCH_FUZZY
1807256043	e8a25a42-f125-476c-8554-3ec21cd51a84	ACAD:112536	Fungi	Basidiomycota	Agaricomycetes	Boletales	Boletaceae	Xerocomellus	Xerocomellus chrysenteron		SPECIES	Xerocomellus chrysenteron (Bull.) Šutara	Xerocomellus chrysenteron (Bull.) utara	(Bull.) utara	CA	(Kentville)	Nova Scotia	PRESENT		6491ad8c-8e49-4bd4-a089-0ddb3bbe0890	45.07662	-64.49592							1953-08-12	12	8	1953	2519413	2519413	PRESERVED_SPECIMEN	Acadia University	ACAD	2414F	2414			CC0_1_0	Acadia University	Harrison, KA			2024-01-25T01:37:10.957Z	StillImage	GEODETIC_DATUM_INVALID;GEODETIC_DATUM_ASSUMED_WGS84;INSTITUTION_MATCH_FUZZY;COLLECTION_MATCH_FUZZY
1807255781	e8a25a42-f125-476c-8554-3ec21cd51a84	ACAD:112572	Fungi	Basidiomycota	Agaricomycetes	Boletales	Boletaceae	Xerocomellus	Xerocomellus chrysenteron		SPECIES	Xerocomellus chrysenteron (Bull.) Šutara	Xerocomellus chrysenteron (Bull.) utara	(Bull.) utara	CA	Moores Falls	Nova Scotia	PRESENT		6491ad8c-8e49-4bd4-a089-0ddb3bbe0890	45.037437	-64.502464							1953-08-01	1	8	1953	2519413	2519413	PRESERVED_SPECIMEN	Acadia University	ACAD	2472F	2472			CC0_1_0	Acadia University	Harrison, KA			2024-01-25T01:37:10.991Z	StillImage	COORDINATE_ROUNDED;GEODETIC_DATUM_INVALID;GEODETIC_DATUM_ASSUMED_WGS84;INSTITUTION_MATCH_FUZZY;COLLECTION_MATCH_FUZZY
1412709251	21705170-d2b6-42de-8904-c3bca4b83591	CMMF017813	Fungi	Basidiomycota	Agaricomycetes	Boletales	Boletaceae	Xerocomellus	Xerocomellus chrysenteron		SPECIES	Xerocomus chrysenteron (Bull.) Quél.	Xerocomus chrysenteron (Bull.) Quél.	(Bull.) Quél.	CA	Île des Soeurs, Québec.	Québec	PRESENT		ff7bd5db-b724-4932-b496-10ea298851f9	45.461124	-73.547316	2000.0						1980-07-23	23	7	1980	2519412	2519413	PRESERVED_SPECIMEN	Université de Montréal Biodiversity Centre	CMMF	CMMF017813	1980-250	unknown		CC0_1_0	Université de Montréal Biodiversity Centre	Haméon, G.			2024-01-24T16:38:16.694Z		INSTITUTION_MATCH_FUZZY;COLLECTION_MATCH_FUZZY;DIFFERENT_OWNER_INSTITUTION
1412706446	21705170-d2b6-42de-8904-c3bca4b83591	CMMF014983	Fungi	Basidiomycota	Agaricomycetes	Boletales	Boletaceae	Xerocomellus	Xerocomellus chrysenteron		SPECIES	Xerocomus chrysenteron (Bull.) Quél.	Xerocomus chrysenteron (Bull.) Quél.	(Bull.) Quél.	CA	Saint-Ubalde, Québec.	Québec	PRESENT		ff7bd5db-b724-4932-b496-10ea298851f9	46.799305	-72.267036	10000.0						1992-07-20	20	7	1992	2519412	2519413	PRESERVED_SPECIMEN	Université de Montréal Biodiversity Centre	CMMF	CMMF014983	1073	Guérin, Gérard		CC0_1_0	Université de Montréal Biodiversity Centre	Guérin, Gérard			2024-01-24T16:38:20.808Z	StillImage	INSTITUTION_MATCH_FUZZY;COLLECTION_MATCH_FUZZY;DIFFERENT_OWNER_INSTITUTION
1135071107	21705170-d2b6-42de-8904-c3bca4b83591	CMMF009590	Fungi	Basidiomycota	Agaricomycetes	Boletales	Boletaceae	Xerocomellus	Xerocomellus chrysenteron		SPECIES	Xerocomus chrysenteron (Bull.) Quél.	Xerocomus chrysenteron (Bull.) Quél.	(Bull.) Quél.	CA	Château Bigot, Québec.	Québec	PRESENT		ff7bd5db-b724-4932-b496-10ea298851f9	46.898375	-71.266801	2000.0						2007-07-22	22	7	2007	2519412	2519413	PRESERVED_SPECIMEN	Université de Montréal Biodiversity Centre	CMMF	CMMF009590	1174	Labrecque, Jacqueline		CC0_1_0	Université de Montréal Biodiversity Centre	Labrecque, Jacqueline			2024-01-24T16:38:21.762Z		INSTITUTION_MATCH_FUZZY;COLLECTION_MATCH_FUZZY;DIFFERENT_OWNER_INSTITUTION
1135070249	21705170-d2b6-42de-8904-c3bca4b83591	CMMF008823	Fungi	Basidiomycota	Agaricomycetes	Boletales	Boletaceae	Xerocomellus	Xerocomellus chrysenteron		SPECIES	Xerocomus chrysenteron (Bull.) Quél.	Xerocomus chrysenteron (Bull.) Quél.	(Bull.) Quél.	CA	Chemin Chapelle, Lac-Beauport.	Québec	PRESENT		ff7bd5db-b724-4932-b496-10ea298851f9	46.949281	-71.284722	250.0						2006-07-29	29	7	2006	2519412	2519413	PRESERVED_SPECIMEN	Université de Montréal Biodiversity Centre	CMMF	CMMF008823	406	Labrecque, Jacqueline		CC0_1_0	Université de Montréal Biodiversity Centre	Labrecque, Jacqueline			2024-01-24T16:38:18.865Z		INSTITUTION_MATCH_FUZZY;COLLECTION_MATCH_FUZZY;DIFFERENT_OWNER_INSTITUTION
1135070231	21705170-d2b6-42de-8904-c3bca4b83591	CMMF008855	Fungi	Basidiomycota	Agaricomycetes	Boletales	Boletaceae	Xerocomellus	Xerocomellus chrysenteron		SPECIES	Xerocomus chrysenteron (Bull.) Quél.	Xerocomus chrysenteron (Bull.) Quél.	(Bull.) Quél.	CA	Chemin de la Chapelle, Lac-Beauport.	Québec	PRESENT		ff7bd5db-b724-4932-b496-10ea298851f9	46.949281	-71.284722	250.0						2006-07-31	31	7	2006	2519412	2519413	PRESERVED_SPECIMEN	Université de Montréal Biodiversity Centre	CMMF	CMMF008855	438	Labrecque, Jacqueline		CC0_1_0	Université de Montréal Biodiversity Centre	Labrecque, Jacqueline			2024-01-24T16:38:18.867Z	StillImage	INSTITUTION_MATCH_FUZZY;COLLECTION_MATCH_FUZZY;DIFFERENT_OWNER_INSTITUTION
1024560233	21705170-d2b6-42de-8904-c3bca4b83591	CMMF005658	Fungi	Basidiomycota	Agaricomycetes	Boletales	Boletaceae	Xerocomellus	Xerocomellus chrysenteron		SPECIES	Boletus chrysenteron Bull.	Boletus chrysenteron Bull.	Bull.	CA	Île des Soeurs, Montréal	Québec	PRESENT		ff7bd5db-b724-4932-b496-10ea298851f9	45.458217	-73.550583	100.0						1980-07-23	23	7	1980	5954956	2519413	PRESERVED_SPECIMEN	Université de Montréal Biodiversity Centre	CMMF	CMMF005658	659	McNeil, Raymond		CC0_1_0	Université de Montréal Biodiversity Centre	McNeil, Raymond			2024-01-24T16:38:16.630Z	StillImage	COORDINATE_ROUNDED;INSTITUTION_MATCH_FUZZY;COLLECTION_MATCH_FUZZY;DIFFERENT_OWNER_INSTITUTION
1024560214	21705170-d2b6-42de-8904-c3bca4b83591	CMMF005657	Fungi	Basidiomycota	Agaricomycetes	Boletales	Boletaceae	Xerocomellus	Xerocomellus chrysenteron		SPECIES	Boletus chrysenteron Bull.	Boletus chrysenteron Bull.	Bull.	CA	Rivière-Ouelle	Québec	PRESENT		ff7bd5db-b724-4932-b496-10ea298851f9	47.43365	-70.048867	100.0						1984-08-23	23	8	1984	5954956	2519413	PRESERVED_SPECIMEN	Université de Montréal Biodiversity Centre	CMMF	CMMF005657	1668	McNeil, Raymond		CC0_1_0	Université de Montréal Biodiversity Centre	McNeil, Raymond			2024-01-24T16:38:16.630Z	StillImage	COORDINATE_ROUNDED;INSTITUTION_MATCH_FUZZY;COLLECTION_MATCH_FUZZY;DIFFERENT_OWNER_INSTITUTION
1024560199	21705170-d2b6-42de-8904-c3bca4b83591	CMMF005656	Fungi	Basidiomycota	Agaricomycetes	Boletales	Boletaceae	Xerocomellus	Xerocomellus chrysenteron		SPECIES	Boletus chrysenteron Bull.	Boletus chrysenteron Bull.	Bull.	CA	Châteauguay	Québec	PRESENT		ff7bd5db-b724-4932-b496-10ea298851f9	45.35433	-73.774083	100.0						2006-07-12	12	7	2006	5954956	2519413	PRESERVED_SPECIMEN	Université de Montréal Biodiversity Centre	CMMF	CMMF005656	Inexistant	McNeil, Raymond		CC0_1_0	Université de Montréal Biodiversity Centre	McNeil, Raymond			2024-01-24T16:38:16.631Z	StillImage	COORDINATE_ROUNDED;INSTITUTION_MATCH_FUZZY;COLLECTION_MATCH_FUZZY;DIFFERENT_OWNER_INSTITUTION
1024558792	21705170-d2b6-42de-8904-c3bca4b83591	CMMF004252	Fungi	Basidiomycota	Agaricomycetes	Boletales	Boletaceae	Xerocomellus	Xerocomellus chrysenteron		SPECIES	Boletus chrysenteron Bull.	Boletus chrysenteron Bull.	Bull.	CA	Réserve écologique du Boisé-des-Muir, Hinchinbrooke.	Québec	PRESENT		ff7bd5db-b724-4932-b496-10ea298851f9	45.084211	-74.115203	10.0						2012-07-03	3	7	2012	5954956	2519413	PRESERVED_SPECIMEN	Université de Montréal Biodiversity Centre	CMMF	CMMF004252	260	Archambault, Raymond		CC0_1_0	Université de Montréal Biodiversity Centre	Archambault, Raymond; Langlois, Annabelle; Turgon, Jean-Pierre			2024-01-24T16:38:18.710Z	StillImage	INSTITUTION_MATCH_FUZZY;COLLECTION_MATCH_FUZZY;DIFFERENT_OWNER_INSTITUTION
