gbifID	datasetKey	occurrenceID	kingdom	phylum	class	order	family	genus	species	infraspecificEpithet	taxonRank	scientificName	verbatimScientificName	verbatimScientificNameAuthorship	countryCode	locality	stateProvince	occurrenceStatus	individualCount	publishingOrgKey	decimalLatitude	decimalLongitude	coordinateUncertaintyInMeters	coordinatePrecision	elevation	elevationAccuracy	depth	depthAccuracy	eventDate	day	month	year	taxonKey	speciesKey	basisOfRecord	institutionCode	collectionCode	catalogNumber	recordNumber	identifiedBy	dateIdentified	license	rightsHolder	recordedBy	typeStatus	establishmentMeans	lastInterpreted	mediaType	issue
617554822	21705170-d2b6-42de-8904-c3bca4b83591	CMMF000533	Fungi	Basidiomycota	Agaricomycetes	Agaricales	Agaricaceae	Lepiota	Lepiota cristata		SPECIES	Lepiota cristata (Bolton) P.Kumm.	Lepiota cristata (Bolton) P. Kumm.	(Bolton) P. Kumm.	CA	Montréal	Québec	PRESENT		ff7bd5db-b724-4932-b496-10ea298851f9	45.509625	-73.662984	25000.0						1989-06-27	27	6	1989	2535471	2535471	PRESERVED_SPECIMEN	Université de Montréal Biodiversity Centre	CMMF	CMMF000533		Lamoureux, Yves		CC0_1_0	Université de Montréal Biodiversity Centre	Lamoureux, Yves			2024-01-24T16:38:20.038Z	StillImage	INSTITUTION_MATCH_FUZZY;COLLECTION_MATCH_FUZZY;DIFFERENT_OWNER_INSTITUTION
617551584	21705170-d2b6-42de-8904-c3bca4b83591	CMMF000277	Fungi	Basidiomycota	Agaricomycetes	Agaricales	Agaricaceae	Lepiota	Lepiota cristata		SPECIES	Lepiota cristata (Bolton) P.Kumm.	Lepiota cristata (Bolton) P. Kumm.	(Bolton) P. Kumm.	CA	Montréal	Québec	PRESENT		ff7bd5db-b724-4932-b496-10ea298851f9	45.509625	-73.662984	25000.0						1988-08-31	31	8	1988	2535471	2535471	PRESERVED_SPECIMEN	Université de Montréal Biodiversity Centre	CMMF	CMMF000277		Lamoureux, Yves		CC0_1_0	Université de Montréal Biodiversity Centre	Lamoureux, Yves			2024-01-24T16:38:20.693Z	StillImage	INSTITUTION_MATCH_FUZZY;COLLECTION_MATCH_FUZZY;DIFFERENT_OWNER_INSTITUTION
617551301	21705170-d2b6-42de-8904-c3bca4b83591	CMMF002645	Fungi	Basidiomycota	Agaricomycetes	Agaricales	Agaricaceae	Lepiota	Lepiota cristata		SPECIES	Lepiota cristata (Bolton) P.Kumm.	Lepiota cristata (Bolton) P. Kumm.	(Bolton) P. Kumm.	CA	Rigaud	Québec	PRESENT		ff7bd5db-b724-4932-b496-10ea298851f9	45.473408	-74.321286	9000.0						1995-09-24	24	9	1995	2535471	2535471	PRESERVED_SPECIMEN	Université de Montréal Biodiversity Centre	CMMF	CMMF002645		Lamoureux, Yves		CC0_1_0	Université de Montréal Biodiversity Centre	Dumont, Philippe			2024-01-24T16:38:20.327Z	StillImage	INSTITUTION_MATCH_FUZZY;COLLECTION_MATCH_FUZZY;DIFFERENT_OWNER_INSTITUTION
4516171561	50c9509d-22c7-4a22-a47d-8c48425ef4a7	https://www.inaturalist.org/observations/57879481	Fungi	Basidiomycota	Agaricomycetes	Agaricales	Agaricaceae	Lepiota	Lepiota cristata		SPECIES	Lepiota cristata (Bolton) P.Kumm.	Lepiota cristata		CA		Ontario	PRESENT		28eb1a3f-1c15-4a95-931a-4af90ecb574d	45.293931	-75.815225	48.0						2020-08-28T13:35	28	8	2020	2535471	2535471	HUMAN_OBSERVATION	iNaturalist	Observations	57879481		Igor Khomenko	2020-08-29T01:43:52	CC_BY_NC_4_0	Igor Khomenko	Igor Khomenko			2025-01-14T12:14:33.433Z	StillImage	COORDINATE_ROUNDED;CONTINENT_DERIVED_FROM_COORDINATES;TAXON_MATCH_TAXON_ID_IGNORED
4516167429	50c9509d-22c7-4a22-a47d-8c48425ef4a7	https://www.inaturalist.org/observations/56131089	Fungi	Basidiomycota	Agaricomycetes	Agaricales	Agaricaceae	Lepiota	Lepiota cristata		SPECIES	Lepiota cristata (Bolton) P.Kumm.	Lepiota cristata		CA		Ontario	PRESENT		28eb1a3f-1c15-4a95-931a-4af90ecb574d	45.3	-75.84							2020-08-11T15:05:59Z	11	8	2020	2535471	2535471	HUMAN_OBSERVATION	iNaturalist	Observations	56131089		xml_rob	2020-08-11T15:06:38	CC_BY_NC_4_0	xml_rob	xml_rob			2025-01-14T13:09:41.268Z	StillImage	CONTINENT_DERIVED_FROM_COORDINATES;TAXON_MATCH_TAXON_ID_IGNORED
4512159513	50c9509d-22c7-4a22-a47d-8c48425ef4a7	https://www.inaturalist.org/observations/96795487	Fungi	Basidiomycota	Agaricomycetes	Agaricales	Agaricaceae	Lepiota	Lepiota cristata		SPECIES	Lepiota cristata (Bolton) P.Kumm.	Lepiota cristata		CA		Ontario	PRESENT		28eb1a3f-1c15-4a95-931a-4af90ecb574d	45.342933	-75.62721	117.0						2021-10-01T11:52:26	1	10	2021	2535471	2535471	HUMAN_OBSERVATION	iNaturalist	Observations	96795487		staingen	2021-10-01T16:18:39	CC_BY_NC_4_0	staingen	staingen			2025-01-14T13:15:47.279Z	StillImage	COORDINATE_ROUNDED;CONTINENT_DERIVED_FROM_COORDINATES;TAXON_MATCH_TAXON_ID_IGNORED
4512105585	50c9509d-22c7-4a22-a47d-8c48425ef4a7	https://www.inaturalist.org/observations/134338275	Fungi	Basidiomycota	Agaricomycetes	Agaricales	Agaricaceae	Lepiota	Lepiota cristata		SPECIES	Lepiota cristata (Bolton) P.Kumm.	Lepiota cristata		CA		Ontario	PRESENT		28eb1a3f-1c15-4a95-931a-4af90ecb574d	45.324632	-75.810187							2022-09-09T13:05	9	9	2022	2535471	2535471	HUMAN_OBSERVATION	iNaturalist	Observations	134338275		Igor Khomenko	2022-09-09T23:31:52	CC_BY_NC_4_0	Igor Khomenko	Igor Khomenko			2025-01-14T13:25:22.970Z	StillImage	COORDINATE_ROUNDED;CONTINENT_DERIVED_FROM_COORDINATES;TAXON_MATCH_TAXON_ID_IGNORED
4512092602	50c9509d-22c7-4a22-a47d-8c48425ef4a7	https://www.inaturalist.org/observations/135800917	Fungi	Basidiomycota	Agaricomycetes	Agaricales	Agaricaceae	Lepiota	Lepiota cristata		SPECIES	Lepiota cristata (Bolton) P.Kumm.	Lepiota cristata		CA		Ontario	PRESENT		28eb1a3f-1c15-4a95-931a-4af90ecb574d	45.39065	-75.739218	122.0						2022-09-20T10:42	20	9	2022	2535471	2535471	HUMAN_OBSERVATION	iNaturalist	Observations	135800917		Sharon Boddy	2022-09-20T16:16:41	CC_BY_NC_4_0	Sharon Boddy	Sharon Boddy			2025-01-14T12:32:05.988Z	StillImage	COORDINATE_ROUNDED;CONTINENT_DERIVED_FROM_COORDINATES;TAXON_MATCH_TAXON_ID_IGNORED
4512092439	50c9509d-22c7-4a22-a47d-8c48425ef4a7	https://www.inaturalist.org/observations/58407810	Fungi	Basidiomycota	Agaricomycetes	Agaricales	Agaricaceae	Lepiota	Lepiota cristata		SPECIES	Lepiota cristata (Bolton) P.Kumm.	Lepiota cristata		CA		Ontario	PRESENT		28eb1a3f-1c15-4a95-931a-4af90ecb574d	45.163839	-75.45997							2020-09-02T16:10:57	2	9	2020	2535471	2535471	HUMAN_OBSERVATION	iNaturalist	Observations	58407810		Randy	2020-09-03T12:14:45	CC_BY_NC_4_0	Randy	Randy			2025-01-14T13:09:37.570Z	StillImage	COORDINATE_ROUNDED;CONTINENT_DERIVED_FROM_COORDINATES;TAXON_MATCH_TAXON_ID_IGNORED
4512089494	50c9509d-22c7-4a22-a47d-8c48425ef4a7	https://www.inaturalist.org/observations/133921887	Fungi	Basidiomycota	Agaricomycetes	Agaricales	Agaricaceae	Lepiota	Lepiota cristata		SPECIES	Lepiota cristata (Bolton) P.Kumm.	Lepiota cristata		CA		Ontario	PRESENT		28eb1a3f-1c15-4a95-931a-4af90ecb574d	45.23795	-75.486773	4.0						2022-09-06T07:07	6	9	2022	2535471	2535471	HUMAN_OBSERVATION	iNaturalist	Observations	133921887		erik_p	2022-09-06T15:46:03	CC_BY_NC_4_0	erik_p	erik_p			2025-01-14T13:25:15.026Z	StillImage	COORDINATE_ROUNDED;CONTINENT_DERIVED_FROM_COORDINATES;TAXON_MATCH_TAXON_ID_IGNORED
4512056381	50c9509d-22c7-4a22-a47d-8c48425ef4a7	https://www.inaturalist.org/observations/60013311	Fungi	Basidiomycota	Agaricomycetes	Agaricales	Agaricaceae	Lepiota	Lepiota cristata		SPECIES	Lepiota cristata (Bolton) P.Kumm.	Lepiota cristata		CA		Ontario	PRESENT		28eb1a3f-1c15-4a95-931a-4af90ecb574d	45.338614	-75.600118							2020-09-18T15:45:34	18	9	2020	2535471	2535471	HUMAN_OBSERVATION	iNaturalist	Observations	60013311		liaferguson00	2020-09-18T22:11:18	CC_BY_NC_4_0	liaferguson00	liaferguson00			2025-01-14T12:14:58.761Z	StillImage	COORDINATE_ROUNDED;CONTINENT_DERIVED_FROM_COORDINATES;TAXON_MATCH_TAXON_ID_IGNORED
4512028569	50c9509d-22c7-4a22-a47d-8c48425ef4a7	https://www.inaturalist.org/observations/97810614	Fungi	Basidiomycota	Agaricomycetes	Agaricales	Agaricaceae	Lepiota	Lepiota cristata		SPECIES	Lepiota cristata (Bolton) P.Kumm.	Lepiota cristata		CA		Ontario	PRESENT		28eb1a3f-1c15-4a95-931a-4af90ecb574d	45.310447	-75.91893							2021-10-10T13:44:08	10	10	2021	2535471	2535471	HUMAN_OBSERVATION	iNaturalist	Observations	97810614		rodentqueen	2021-10-10T19:45:16	CC_BY_NC_4_0	rodentqueen	rodentqueen			2025-01-14T13:15:30.302Z	StillImage	COORDINATE_ROUNDED;CONTINENT_DERIVED_FROM_COORDINATES;TAXON_MATCH_TAXON_ID_IGNORED
4512017580	50c9509d-22c7-4a22-a47d-8c48425ef4a7	https://www.inaturalist.org/observations/97139525	Fungi	Basidiomycota	Agaricomycetes	Agaricales	Agaricaceae	Lepiota	Lepiota cristata		SPECIES	Lepiota cristata (Bolton) P.Kumm.	Lepiota cristata		CA		Ontario	PRESENT		28eb1a3f-1c15-4a95-931a-4af90ecb574d	45.116389	-75.65							2021-10-03T15:17	3	10	2021	2535471	2535471	HUMAN_OBSERVATION	iNaturalist	Observations	97139525		Pieter Leenhouts	2021-10-04T13:21:25	CC_BY_NC_4_0	Pieter Leenhouts	Pieter Leenhouts			2025-01-14T12:22:28.029Z	StillImage	COORDINATE_ROUNDED;CONTINENT_DERIVED_FROM_COORDINATES;TAXON_MATCH_TAXON_ID_IGNORED
4500667781	50c9509d-22c7-4a22-a47d-8c48425ef4a7	https://www.inaturalist.org/observations/118926507	Fungi	Basidiomycota	Agaricomycetes	Agaricales	Agaricaceae	Lepiota	Lepiota cristata		SPECIES	Lepiota cristata (Bolton) P.Kumm.	Lepiota cristata		CA		Québec	PRESENT		28eb1a3f-1c15-4a95-931a-4af90ecb574d	46.926348	-71.318965	122.0						2007-09-16T08:56	16	9	2007	2535471	2535471	HUMAN_OBSERVATION	iNaturalist	Observations	118926507		Martine Lapointe	2022-05-27T15:18:14	CC_BY_4_0	Martine Lapointe	Martine Lapointe			2025-01-14T12:28:20.878Z	StillImage	COORDINATE_ROUNDED;CONTINENT_DERIVED_FROM_COORDINATES;TAXON_MATCH_TAXON_ID_IGNORED
4442391171	50c9509d-22c7-4a22-a47d-8c48425ef4a7	https://www.inaturalist.org/observations/190078122	Fungi	Basidiomycota	Agaricomycetes	Agaricales	Agaricaceae	Lepiota	Lepiota cristata		SPECIES	Lepiota cristata (Bolton) P.Kumm.	Lepiota cristata		CA		Ontario	PRESENT		28eb1a3f-1c15-4a95-931a-4af90ecb574d	45.417295	-75.64627	8.0						2023-11-05T09:30:18	5	11	2023	2535471	2535471	HUMAN_OBSERVATION	iNaturalist	Observations	190078122		Erin	2023-11-05T15:30:37	CC_BY_NC_4_0	Erin	Erin			2025-01-14T13:32:26.401Z	StillImage	CONTINENT_DERIVED_FROM_COORDINATES;TAXON_MATCH_TAXON_ID_IGNORED
4436406190	50c9509d-22c7-4a22-a47d-8c48425ef4a7	https://www.inaturalist.org/observations/189248860	Fungi	Basidiomycota	Agaricomycetes	Agaricales	Agaricaceae	Lepiota	Lepiota cristata		SPECIES	Lepiota cristata (Bolton) P.Kumm.	Lepiota cristata		CA		Ontario	PRESENT		28eb1a3f-1c15-4a95-931a-4af90ecb574d	45.306191	-75.816596	109.0						2023-10-28T13:27:28	28	10	2023	2535471	2535471	HUMAN_OBSERVATION	iNaturalist	Observations	189248860		janesly	2023-10-28T17:28:58	CC_BY_NC_4_0	janesly	janesly			2025-01-14T13:30:16.382Z	StillImage	COORDINATE_ROUNDED;CONTINENT_DERIVED_FROM_COORDINATES;TAXON_MATCH_TAXON_ID_IGNORED
4436371815	50c9509d-22c7-4a22-a47d-8c48425ef4a7	https://www.inaturalist.org/observations/171212957	Fungi	Basidiomycota	Agaricomycetes	Agaricales	Agaricaceae	Lepiota	Lepiota cristata		SPECIES	Lepiota cristata (Bolton) P.Kumm.	Lepiota cristata		CA		Ontario	PRESENT		28eb1a3f-1c15-4a95-931a-4af90ecb574d	45.46653	-75.982375	4.0						2023-07-05T09:42:11	5	7	2023	2535471	2535471	HUMAN_OBSERVATION	iNaturalist	Observations	171212957		else	2023-07-05T18:10:22	CC_BY_NC_4_0	timdunrobin	timdunrobin			2025-01-14T12:38:16.112Z	StillImage	CONTINENT_DERIVED_FROM_COORDINATES;TAXON_MATCH_TAXON_ID_IGNORED
4436096101	50c9509d-22c7-4a22-a47d-8c48425ef4a7	https://www.inaturalist.org/observations/185469656	Fungi	Basidiomycota	Agaricomycetes	Agaricales	Agaricaceae	Lepiota	Lepiota cristata		SPECIES	Lepiota cristata (Bolton) P.Kumm.	Lepiota cristata		CA		Ontario	PRESENT		28eb1a3f-1c15-4a95-931a-4af90ecb574d	45.40852	-75.670625	16.0						2023-09-29T12:38:12	29	9	2023	2535471	2535471	HUMAN_OBSERVATION	iNaturalist	Observations	185469656		Erin	2023-09-29T19:24:57	CC_BY_NC_4_0	Erin	Erin			2025-01-14T12:40:01.339Z	StillImage	CONTINENT_DERIVED_FROM_COORDINATES;TAXON_MATCH_TAXON_ID_IGNORED
4436079394	50c9509d-22c7-4a22-a47d-8c48425ef4a7	https://www.inaturalist.org/observations/57952551	Fungi	Basidiomycota	Agaricomycetes	Agaricales	Agaricaceae	Lepiota	Lepiota cristata		SPECIES	Lepiota cristata (Bolton) P.Kumm.	Lepiota cristata		CA		Ontario	PRESENT		28eb1a3f-1c15-4a95-931a-4af90ecb574d	45.418545	-75.715098	3.0						2020-08-29T15:20:21	29	8	2020	2535471	2535471	HUMAN_OBSERVATION	iNaturalist	Observations	57952551		Andrew Macumber	2020-08-29T19:22:28	CC0_1_0	Andrew Macumber	Andrew Macumber			2025-01-14T13:12:24.343Z	StillImage	COORDINATE_ROUNDED;CONTINENT_DERIVED_FROM_COORDINATES;TAXON_MATCH_TAXON_ID_IGNORED
4405236223	50c9509d-22c7-4a22-a47d-8c48425ef4a7	https://www.inaturalist.org/observations/180274172	Fungi	Basidiomycota	Agaricomycetes	Agaricales	Agaricaceae	Lepiota	Lepiota cristata		SPECIES	Lepiota cristata (Bolton) P.Kumm.	Lepiota cristata		CA		Ontario	PRESENT		28eb1a3f-1c15-4a95-931a-4af90ecb574d	45.241699	-75.947067	4.0						2023-08-26T10:43:32	26	8	2023	2535471	2535471	HUMAN_OBSERVATION	iNaturalist	Observations	180274172		melipc	2023-08-26T14:44:30	CC_BY_NC_4_0	melipc	melipc			2025-01-14T12:43:15.062Z	StillImage	COORDINATE_ROUNDED;CONTINENT_DERIVED_FROM_COORDINATES;TAXON_MATCH_TAXON_ID_IGNORED
4171382612	50c9509d-22c7-4a22-a47d-8c48425ef4a7	https://www.inaturalist.org/observations/174759183	Fungi	Basidiomycota	Agaricomycetes	Agaricales	Agaricaceae	Lepiota	Lepiota cristata		SPECIES	Lepiota cristata (Bolton) P.Kumm.	Lepiota cristata		CA		Québec	PRESENT		28eb1a3f-1c15-4a95-931a-4af90ecb574d	46.809173	-71.255441	16.0						2023-07-24T16:57:54	24	7	2023	2535471	2535471	HUMAN_OBSERVATION	iNaturalist	Observations	174759183		Camille Boucher	2023-07-24T21:37:56	CC_BY_NC_4_0	Camille Boucher	Camille Boucher			2025-01-14T13:31:52.551Z	StillImage	COORDINATE_ROUNDED;CONTINENT_DERIVED_FROM_COORDINATES;TAXON_MATCH_TAXON_ID_IGNORED
4165384730	50c9509d-22c7-4a22-a47d-8c48425ef4a7	https://www.inaturalist.org/observations/174120827	Fungi	Basidiomycota	Agaricomycetes	Agaricales	Agaricaceae	Lepiota	Lepiota cristata		SPECIES	Lepiota cristata (Bolton) P.Kumm.	Lepiota cristata		CA		Ontario	PRESENT		28eb1a3f-1c15-4a95-931a-4af90ecb574d	45.102563	-76.327847							2023-07-20T13:44	20	7	2023	2535471	2535471	HUMAN_OBSERVATION	iNaturalist	Observations	174120827		Igor Khomenko	2023-07-22T01:32:27	CC_BY_NC_4_0	Igor Khomenko	Igor Khomenko			2025-01-14T12:39:06.815Z	StillImage	COORDINATE_ROUNDED;CONTINENT_DERIVED_FROM_COORDINATES;TAXON_MATCH_TAXON_ID_IGNORED
4046644569	50c9509d-22c7-4a22-a47d-8c48425ef4a7	https://www.inaturalist.org/observations/137531842	Fungi	Basidiomycota	Agaricomycetes	Agaricales	Agaricaceae	Lepiota	Lepiota cristata		SPECIES	Lepiota cristata (Bolton) P.Kumm.	Lepiota cristata		CA		Québec	PRESENT		28eb1a3f-1c15-4a95-931a-4af90ecb574d	45.40712	-73.936705	10.0						2022-10-04T11:19:47	4	10	2022	2535471	2535471	HUMAN_OBSERVATION	iNaturalist	Observations	137531842		Matylda	2022-10-04T15:21:24	CC_BY_NC_4_0	Matylda	Matylda			2025-01-14T12:32:09.770Z	StillImage	COORDINATE_ROUNDED;CONTINENT_DERIVED_FROM_COORDINATES;TAXON_MATCH_TAXON_ID_IGNORED
4046303555	50c9509d-22c7-4a22-a47d-8c48425ef4a7	https://www.inaturalist.org/observations/141631855	Fungi	Basidiomycota	Agaricomycetes	Agaricales	Agaricaceae	Lepiota	Lepiota cristata		SPECIES	Lepiota cristata (Bolton) P.Kumm.	Lepiota cristata		CA		New Brunswick	PRESENT		28eb1a3f-1c15-4a95-931a-4af90ecb574d	45.544575	-65.820228	1874.0						2021-09-12T12:30	12	9	2021	2535471	2535471	HUMAN_OBSERVATION	iNaturalist	Observations	141631855		Alfredo Justo	2022-11-10T19:07:05	CC_BY_NC_4_0	Alfredo Justo	Alfredo Justo			2025-01-14T13:26:09.567Z	StillImage	COORDINATE_ROUNDED;CONTINENT_DERIVED_FROM_COORDINATES;TAXON_MATCH_TAXON_ID_IGNORED
3925117684	50c9509d-22c7-4a22-a47d-8c48425ef4a7	https://www.inaturalist.org/observations/136323157	Fungi	Basidiomycota	Agaricomycetes	Agaricales	Agaricaceae	Lepiota	Lepiota cristata		SPECIES	Lepiota cristata (Bolton) P.Kumm.	Lepiota cristata		CA		Ontario	PRESENT		28eb1a3f-1c15-4a95-931a-4af90ecb574d	45.385522	-75.702422	16.0						2022-09-24T14:28:04	24	9	2022	2535471	2535471	HUMAN_OBSERVATION	iNaturalist	Observations	136323157		Maria Bastas	2022-09-24T19:32:10	CC_BY_NC_4_0	Maria Bastas	Maria Bastas			2025-01-14T12:31:44.294Z	StillImage	COORDINATE_ROUNDED;CONTINENT_DERIVED_FROM_COORDINATES;TAXON_MATCH_TAXON_ID_IGNORED
3859024818	50c9509d-22c7-4a22-a47d-8c48425ef4a7	https://www.inaturalist.org/observations/97168956	Fungi	Basidiomycota	Agaricomycetes	Agaricales	Agaricaceae	Lepiota	Lepiota cristata		SPECIES	Lepiota cristata (Bolton) P.Kumm.	Lepiota cristata		CA		Ontario	PRESENT		28eb1a3f-1c15-4a95-931a-4af90ecb574d	45.453405	-75.548328							2021-10-04T10:26	4	10	2021	2535471	2535471	HUMAN_OBSERVATION	iNaturalist	Observations	97168956		Igor Khomenko	2021-10-06T00:11:28	CC_BY_NC_4_0	Igor Khomenko	Igor Khomenko			2025-01-14T13:15:20.395Z	StillImage	COORDINATE_ROUNDED;CONTINENT_DERIVED_FROM_COORDINATES;TAXON_MATCH_TAXON_ID_IGNORED
3399197995	50c9509d-22c7-4a22-a47d-8c48425ef4a7	https://www.inaturalist.org/observations/98284179	Fungi	Basidiomycota	Agaricomycetes	Agaricales	Agaricaceae	Lepiota	Lepiota cristata		SPECIES	Lepiota cristata (Bolton) P.Kumm.	Lepiota cristata		CA		Québec	PRESENT		28eb1a3f-1c15-4a95-931a-4af90ecb574d	45.512433	-73.582686	8.0						2021-10-05T15:26	5	10	2021	2535471	2535471	HUMAN_OBSERVATION	iNaturalist	Observations	98284179		shazkassimali	2021-10-15T16:01:05	CC_BY_NC_4_0	shazkassimali	shazkassimali			2025-01-14T12:22:11.653Z	StillImage	COORDINATE_ROUNDED;CONTINENT_DERIVED_FROM_COORDINATES;TAXON_MATCH_TAXON_ID_IGNORED
3399139866	50c9509d-22c7-4a22-a47d-8c48425ef4a7	https://www.inaturalist.org/observations/95919318	Fungi	Basidiomycota	Agaricomycetes	Agaricales	Agaricaceae	Lepiota	Lepiota cristata		SPECIES	Lepiota cristata (Bolton) P.Kumm.	Lepiota cristata		CA		Ontario	PRESENT		28eb1a3f-1c15-4a95-931a-4af90ecb574d	45.051292	-75.86116							2021-09-23T17:11	23	9	2021	2535471	2535471	HUMAN_OBSERVATION	iNaturalist	Observations	95919318		Alexis Williams	2021-09-24T01:53:32	CC_BY_4_0	Alexis Williams	Alexis Williams			2025-01-14T13:10:37.700Z	StillImage	COORDINATE_ROUNDED;CONTINENT_DERIVED_FROM_COORDINATES;TAXON_MATCH_TAXON_ID_IGNORED
3398817384	50c9509d-22c7-4a22-a47d-8c48425ef4a7	https://www.inaturalist.org/observations/98618344	Fungi	Basidiomycota	Agaricomycetes	Agaricales	Agaricaceae	Lepiota	Lepiota cristata		SPECIES	Lepiota cristata (Bolton) P.Kumm.	Lepiota cristata		CA		Québec	PRESENT		28eb1a3f-1c15-4a95-931a-4af90ecb574d	45.511208	-73.584822	5.0						2021-10-05T15:07:32	5	10	2021	2535471	2535471	HUMAN_OBSERVATION	iNaturalist	Observations	98618344				CC_BY_NC_4_0	elizabethharrigan	elizabethharrigan			2025-01-14T12:23:28.562Z	StillImage	COORDINATE_ROUNDED;CONTINENT_DERIVED_FROM_COORDINATES;TAXON_MATCH_TAXON_ID_IGNORED
3391537737	50c9509d-22c7-4a22-a47d-8c48425ef4a7	https://www.inaturalist.org/observations/97638180	Fungi	Basidiomycota	Agaricomycetes	Agaricales	Agaricaceae	Lepiota	Lepiota cristata		SPECIES	Lepiota cristata (Bolton) P.Kumm.	Lepiota cristata		CA		Québec	PRESENT		28eb1a3f-1c15-4a95-931a-4af90ecb574d	45.51222	-73.582661							2021-10-08T15:22:03	8	10	2021	2535471	2535471	HUMAN_OBSERVATION	iNaturalist	Observations	97638180		Cassidy Cartmill	2021-10-09T14:18:55	CC_BY_NC_4_0	kitodoyle	kitodoyle			2025-01-14T12:26:09.843Z	StillImage	CONTINENT_DERIVED_FROM_COORDINATES;TAXON_MATCH_TAXON_ID_IGNORED
3391393864	50c9509d-22c7-4a22-a47d-8c48425ef4a7	https://www.inaturalist.org/observations/97774802	Fungi	Basidiomycota	Agaricomycetes	Agaricales	Agaricaceae	Lepiota	Lepiota cristata		SPECIES	Lepiota cristata (Bolton) P.Kumm.	Lepiota cristata		CA		Québec	PRESENT		28eb1a3f-1c15-4a95-931a-4af90ecb574d	45.512367	-73.582603	16.0						2021-10-08T15:22:44	8	10	2021	2535471	2535471	HUMAN_OBSERVATION	iNaturalist	Observations	97774802		lindsayhannah	2021-10-10T15:08:03	CC_BY_NC_4_0	lindsayhannah	lindsayhannah			2025-01-14T13:15:10.959Z	StillImage	COORDINATE_ROUNDED;CONTINENT_DERIVED_FROM_COORDINATES;TAXON_MATCH_TAXON_ID_IGNORED
3391299665	50c9509d-22c7-4a22-a47d-8c48425ef4a7	https://www.inaturalist.org/observations/97570361	Fungi	Basidiomycota	Agaricomycetes	Agaricales	Agaricaceae	Lepiota	Lepiota cristata		SPECIES	Lepiota cristata (Bolton) P.Kumm.	Lepiota cristata		CA		Québec	PRESENT		28eb1a3f-1c15-4a95-931a-4af90ecb574d	45.657893	-75.677187	7.0						2021-10-08T14:45:12	8	10	2021	2535471	2535471	HUMAN_OBSERVATION	iNaturalist	Observations	97570361		Joe Smit	2021-10-08T18:47:36	CC_BY_NC_4_0	Joe Smit	Joe Smit			2025-01-14T13:16:00.750Z	StillImage	COORDINATE_ROUNDED;CONTINENT_DERIVED_FROM_COORDINATES;TAXON_MATCH_TAXON_ID_IGNORED
3384966441	50c9509d-22c7-4a22-a47d-8c48425ef4a7	https://www.inaturalist.org/observations/95385960	Fungi	Basidiomycota	Agaricomycetes	Agaricales	Agaricaceae	Lepiota	Lepiota cristata		SPECIES	Lepiota cristata (Bolton) P.Kumm.	Lepiota cristata		CA		Québec	PRESENT		28eb1a3f-1c15-4a95-931a-4af90ecb574d	45.69357	-73.649606	852.0						2021-09-18T16:44	18	9	2021	2535471	2535471	HUMAN_OBSERVATION	iNaturalist	Observations	95385960		Stephane Le Tirant	2021-09-19T12:10:40	CC_BY_NC_4_0	Stephane Le Tirant	Stephane Le Tirant			2025-01-14T12:22:00.615Z	StillImage	COORDINATE_ROUNDED;CONTINENT_DERIVED_FROM_COORDINATES;TAXON_MATCH_TAXON_ID_IGNORED
3384554345	50c9509d-22c7-4a22-a47d-8c48425ef4a7	https://www.inaturalist.org/observations/97297568	Fungi	Basidiomycota	Agaricomycetes	Agaricales	Agaricaceae	Lepiota	Lepiota cristata		SPECIES	Lepiota cristata (Bolton) P.Kumm.	Lepiota cristata		CA		Québec	PRESENT		28eb1a3f-1c15-4a95-931a-4af90ecb574d	45.512253	-73.583647							2021-10-05T15:48:54	5	10	2021	2535471	2535471	HUMAN_OBSERVATION	iNaturalist	Observations	97297568		mjmclyons	2021-10-05T23:35:09	CC_BY_NC_4_0	mjmclyons	mjmclyons			2025-01-14T12:22:47.567Z	StillImage	COORDINATE_ROUNDED;CONTINENT_DERIVED_FROM_COORDINATES;TAXON_MATCH_TAXON_ID_IGNORED
3384209664	50c9509d-22c7-4a22-a47d-8c48425ef4a7	https://www.inaturalist.org/observations/97502348	Fungi	Basidiomycota	Agaricomycetes	Agaricales	Agaricaceae	Lepiota	Lepiota cristata		SPECIES	Lepiota cristata (Bolton) P.Kumm.	Lepiota cristata		CA		Québec	PRESENT		28eb1a3f-1c15-4a95-931a-4af90ecb574d	45.512142	-73.583197							2021-10-06T14:53	6	10	2021	2535471	2535471	HUMAN_OBSERVATION	iNaturalist	Observations	97502348		fsofiaquijada	2021-10-08T00:30:28	CC_BY_NC_4_0	fsofiaquijada	fsofiaquijada			2025-01-14T14:02:39.977Z	StillImage	COORDINATE_ROUNDED;CONTINENT_DERIVED_FROM_COORDINATES;TAXON_MATCH_TAXON_ID_IGNORED
3383844520	50c9509d-22c7-4a22-a47d-8c48425ef4a7	https://www.inaturalist.org/observations/59930461	Fungi	Basidiomycota	Agaricomycetes	Agaricales	Agaricaceae	Lepiota	Lepiota cristata		SPECIES	Lepiota cristata (Bolton) P.Kumm.	Lepiota cristata		CA		Québec	PRESENT		28eb1a3f-1c15-4a95-931a-4af90ecb574d	45.504094	-73.574858	20.0						2020-09-13T19:27	13	9	2020	2535471	2535471	HUMAN_OBSERVATION	iNaturalist	Observations	59930461		may1k13	2020-09-18T00:56:38	CC_BY_NC_4_0	may1k13	may1k13			2025-01-14T12:15:48.370Z	StillImage	COORDINATE_ROUNDED;CONTINENT_DERIVED_FROM_COORDINATES;TAXON_MATCH_TAXON_ID_IGNORED
3349310536	d8cd16ba-bb74-4420-821e-083f2bac17c2	MN992454	Fungi	Basidiomycota	Agaricomycetes	Agaricales	Agaricaceae	Lepiota	Lepiota cristata		SPECIES	Lepiota cristata (Bolton) P.Kumm.	Lepiota cristata		CA	Quebec, Anticosti		PRESENT		ada9d123-ddb4-467d-8891-806ea8d94230	49.9	-64.4							2015-09-09	9	9	2015	2535471	2535471	PRESERVED_SPECIMEN			ANT206-QFB28668		Renee Lebeuf		CC_BY_4_0					2025-01-18T13:04:48.417Z		GEODETIC_DATUM_ASSUMED_WGS84;CONTINENT_DERIVED_FROM_COORDINATES;TAXON_MATCH_TAXON_CONCEPT_ID_IGNORED;TAXON_MATCH_TAXON_ID_IGNORED
3335451871	50c9509d-22c7-4a22-a47d-8c48425ef4a7	https://www.inaturalist.org/observations/89390389	Fungi	Basidiomycota	Agaricomycetes	Agaricales	Agaricaceae	Lepiota	Lepiota cristata		SPECIES	Lepiota cristata (Bolton) P.Kumm.	Lepiota cristata		CA		Québec	PRESENT		28eb1a3f-1c15-4a95-931a-4af90ecb574d	45.480814	-75.648823	5.0						2021-07-31T17:51:04	31	7	2021	2535471	2535471	HUMAN_OBSERVATION	iNaturalist	Observations	89390389		else	2021-08-01T12:06:57	CC_BY_NC_4_0	naxosisland	naxosisland			2025-01-14T13:13:20.610Z	StillImage	COORDINATE_ROUNDED;CONTINENT_DERIVED_FROM_COORDINATES;TAXON_MATCH_TAXON_ID_IGNORED
3079797954	50c9509d-22c7-4a22-a47d-8c48425ef4a7	https://www.inaturalist.org/observations/58764866	Fungi	Basidiomycota	Agaricomycetes	Agaricales	Agaricaceae	Lepiota	Lepiota cristata		SPECIES	Lepiota cristata (Bolton) P.Kumm.	Lepiota cristata		CA		Québec	PRESENT		28eb1a3f-1c15-4a95-931a-4af90ecb574d	45.459572	-75.782136	6.0						2020-09-06T13:46	6	9	2020	2535471	2535471	HUMAN_OBSERVATION	iNaturalist	Observations	58764866		Igor Khomenko	2020-09-07T00:24:36	CC_BY_NC_4_0	Igor Khomenko	Igor Khomenko			2025-01-14T13:10:04.050Z	StillImage	COORDINATE_ROUNDED;CONTINENT_DERIVED_FROM_COORDINATES;TAXON_MATCH_TAXON_ID_IGNORED
3079715904	50c9509d-22c7-4a22-a47d-8c48425ef4a7	https://www.inaturalist.org/observations/56060225	Fungi	Basidiomycota	Agaricomycetes	Agaricales	Agaricaceae	Lepiota	Lepiota cristata		SPECIES	Lepiota cristata (Bolton) P.Kumm.	Lepiota cristata		CA		Ontario	PRESENT		28eb1a3f-1c15-4a95-931a-4af90ecb574d	45.40932	-75.566383	16.0						2020-08-10T13:03:08	10	8	2020	2535471	2535471	HUMAN_OBSERVATION	iNaturalist	Observations	56060225		Igor Khomenko	2020-08-11T20:23:48	CC_BY_NC_4_0	Igor Khomenko	Igor Khomenko			2025-01-14T13:03:09.385Z	StillImage	COORDINATE_ROUNDED;CONTINENT_DERIVED_FROM_COORDINATES;TAXON_MATCH_TAXON_ID_IGNORED
2963827505	50c9509d-22c7-4a22-a47d-8c48425ef4a7	https://www.inaturalist.org/observations/61983984	Fungi	Basidiomycota	Agaricomycetes	Agaricales	Agaricaceae	Lepiota	Lepiota cristata		SPECIES	Lepiota cristata (Bolton) P.Kumm.	Lepiota cristata		CA		Ontario	PRESENT		28eb1a3f-1c15-4a95-931a-4af90ecb574d	45.204538	-76.22431	370.0						2020-10-04T01:33	4	10	2020	2535471	2535471	HUMAN_OBSERVATION	iNaturalist	Observations	61983984		Ken Allison	2020-10-07T21:55:09	CC_BY_NC_4_0	Ken Allison	Ken Allison			2025-01-14T13:10:19.165Z	StillImage	COORDINATE_ROUNDED;CONTINENT_DERIVED_FROM_COORDINATES;TAXON_MATCH_TAXON_ID_IGNORED
2864872486	50c9509d-22c7-4a22-a47d-8c48425ef4a7	https://www.inaturalist.org/observations/59578223	Fungi	Basidiomycota	Agaricomycetes	Agaricales	Agaricaceae	Lepiota	Lepiota cristata		SPECIES	Lepiota cristata (Bolton) P.Kumm.	Lepiota cristata		CA		Ontario	PRESENT		28eb1a3f-1c15-4a95-931a-4af90ecb574d	45.241295	-75.597078	6.0						2020-09-14T10:41:02	14	9	2020	2535471	2535471	HUMAN_OBSERVATION	iNaturalist	Observations	59578223		Lindsay Boudreau	2020-09-14T16:40:47	CC_BY_NC_4_0	kmjr9	kmjr9			2025-01-14T12:14:53.745Z	StillImage	COORDINATE_ROUNDED;CONTINENT_DERIVED_FROM_COORDINATES;TAXON_MATCH_TAXON_ID_IGNORED
2864739790	50c9509d-22c7-4a22-a47d-8c48425ef4a7	https://www.inaturalist.org/observations/59744382	Fungi	Basidiomycota	Agaricomycetes	Agaricales	Agaricaceae	Lepiota	Lepiota cristata		SPECIES	Lepiota cristata (Bolton) P.Kumm.	Lepiota cristata		CA		Ontario	PRESENT		28eb1a3f-1c15-4a95-931a-4af90ecb574d	45.199738	-75.979233	16.0						2020-09-15T14:01:38	15	9	2020	2535471	2535471	HUMAN_OBSERVATION	iNaturalist	Observations	59744382		Keith Seifert	2020-09-16T02:08:21	CC0_1_0	Keith Seifert	Keith Seifert			2025-01-14T13:10:37.719Z	StillImage	COORDINATE_ROUNDED;CONTINENT_DERIVED_FROM_COORDINATES;TAXON_MATCH_TAXON_ID_IGNORED
2864683595	50c9509d-22c7-4a22-a47d-8c48425ef4a7	https://www.inaturalist.org/observations/59744511	Fungi	Basidiomycota	Agaricomycetes	Agaricales	Agaricaceae	Lepiota	Lepiota cristata		SPECIES	Lepiota cristata (Bolton) P.Kumm.	Lepiota cristata		CA		Ontario	PRESENT		28eb1a3f-1c15-4a95-931a-4af90ecb574d	45.200171	-75.978946	500.0						2020-09-15T14:27	15	9	2020	2535471	2535471	HUMAN_OBSERVATION	iNaturalist	Observations	59744511		jonathan_mack	2020-09-16T02:10:13	CC_BY_NC_4_0	jonathan_mack	jonathan_mack			2025-01-14T12:14:52.747Z	StillImage	COORDINATE_ROUNDED;CONTINENT_DERIVED_FROM_COORDINATES;TAXON_MATCH_TAXON_ID_IGNORED
2864601850	50c9509d-22c7-4a22-a47d-8c48425ef4a7	https://www.inaturalist.org/observations/59348188	Fungi	Basidiomycota	Agaricomycetes	Agaricales	Agaricaceae	Lepiota	Lepiota cristata		SPECIES	Lepiota cristata (Bolton) P.Kumm.	Lepiota cristata		CA		Québec	PRESENT		28eb1a3f-1c15-4a95-931a-4af90ecb574d	45.588322	-73.444499	81.0						2020-09-12T18:24:58Z	12	9	2020	2535471	2535471	HUMAN_OBSERVATION	iNaturalist	Observations	59348188		Marianne Roy	2020-09-12T18:25:53	CC_BY_NC_4_0	Marianne Roy	Marianne Roy			2025-01-14T13:09:28.658Z	StillImage	COORDINATE_ROUNDED;CONTINENT_DERIVED_FROM_COORDINATES;TAXON_MATCH_TAXON_ID_IGNORED
2860027304	50c9509d-22c7-4a22-a47d-8c48425ef4a7	https://www.inaturalist.org/observations/58343008	Fungi	Basidiomycota	Agaricomycetes	Agaricales	Agaricaceae	Lepiota	Lepiota cristata		SPECIES	Lepiota cristata (Bolton) P.Kumm.	Lepiota cristata		CA		Québec	PRESENT		28eb1a3f-1c15-4a95-931a-4af90ecb574d	45.432717	-75.742753	64.0						2020-09-02T12:34:10	2	9	2020	2535471	2535471	HUMAN_OBSERVATION	iNaturalist	Observations	58343008		bobtyler	2020-09-02T16:56:35	CC_BY_NC_4_0	bobtyler	bobtyler			2025-01-14T12:14:28.478Z	StillImage	COORDINATE_ROUNDED;CONTINENT_DERIVED_FROM_COORDINATES;TAXON_MATCH_TAXON_ID_IGNORED
2856750237	50c9509d-22c7-4a22-a47d-8c48425ef4a7	https://www.inaturalist.org/observations/57571605	Fungi	Basidiomycota	Agaricomycetes	Agaricales	Agaricaceae	Lepiota	Lepiota cristata		SPECIES	Lepiota cristata (Bolton) P.Kumm.	Lepiota cristata		CA		Ontario	PRESENT		28eb1a3f-1c15-4a95-931a-4af90ecb574d	45.432236	-75.272487	32.0						2020-08-25T15:09:33	25	8	2020	2535471	2535471	HUMAN_OBSERVATION	iNaturalist	Observations	57571605		Bree	2020-08-25T19:10:31	CC_BY_NC_4_0	Bree	Bree			2025-01-14T12:14:40.198Z	StillImage	COORDINATE_ROUNDED;CONTINENT_DERIVED_FROM_COORDINATES;TAXON_MATCH_TAXON_ID_IGNORED
2856723244	50c9509d-22c7-4a22-a47d-8c48425ef4a7	https://www.inaturalist.org/observations/57568438	Fungi	Basidiomycota	Agaricomycetes	Agaricales	Agaricaceae	Lepiota	Lepiota cristata		SPECIES	Lepiota cristata (Bolton) P.Kumm.	Lepiota cristata		CA		Ontario	PRESENT		28eb1a3f-1c15-4a95-931a-4af90ecb574d	45.2948	-75.844397	5.0						2020-08-25T11:02:07	25	8	2020	2535471	2535471	HUMAN_OBSERVATION	iNaturalist	Observations	57568438		mmacero	2020-08-25T18:41:32	CC_BY_NC_4_0	mmacero	mmacero			2025-01-14T12:14:34.576Z	StillImage	COORDINATE_ROUNDED;CONTINENT_DERIVED_FROM_COORDINATES;TAXON_MATCH_TAXON_ID_IGNORED
2574220402	50c9509d-22c7-4a22-a47d-8c48425ef4a7	https://www.inaturalist.org/observations/34850260	Fungi	Basidiomycota	Agaricomycetes	Agaricales	Agaricaceae	Lepiota	Lepiota cristata		SPECIES	Lepiota cristata (Bolton) P.Kumm.	Lepiota cristata		CA		Québec	PRESENT		28eb1a3f-1c15-4a95-931a-4af90ecb574d	45.012816	-71.610794	2.0						2019-10-24T18:49	24	10	2019	2535471	2535471	HUMAN_OBSERVATION	iNaturalist	Observations	34850260		ladychaga	2019-10-30T23:29:14	CC_BY_NC_4_0	ladychaga	ladychaga			2025-01-14T12:09:43.059Z	StillImage	CONTINENT_DERIVED_FROM_COORDINATES;TAXON_MATCH_TAXON_ID_IGNORED
1412709355	21705170-d2b6-42de-8904-c3bca4b83591	CMMF017822	Fungi	Basidiomycota	Agaricomycetes	Agaricales	Agaricaceae	Lepiota	Lepiota cristata		SPECIES	Lepiota cristata (Bolton) P.Kumm.	Lepiota cristata (Bolton) P. Kumm.	(Bolton) P. Kumm.	CA	Saraguay, Québec.	Québec	PRESENT		ff7bd5db-b724-4932-b496-10ea298851f9	45.514983	-73.741417	1000.0						1980-08-13	13	8	1980	2535471	2535471	PRESERVED_SPECIMEN	Université de Montréal Biodiversity Centre	CMMF	CMMF017822	1980-359	unknown		CC0_1_0	Université de Montréal Biodiversity Centre	Haméon, G.			2024-01-24T16:38:16.690Z		INSTITUTION_MATCH_FUZZY;COLLECTION_MATCH_FUZZY;DIFFERENT_OWNER_INSTITUTION
1412705930	21705170-d2b6-42de-8904-c3bca4b83591	CMMF014454	Fungi	Basidiomycota	Agaricomycetes	Agaricales	Agaricaceae	Lepiota	Lepiota cristata		SPECIES	Lepiota cristata (Bolton) P.Kumm.	Lepiota cristata (Bolton) P. Kumm.	(Bolton) P. Kumm.	CA	Chicoutimi-Nord, Québec.	Québec	PRESENT		ff7bd5db-b724-4932-b496-10ea298851f9	48.441402	-71.054334	2500.0						1992-09-19	19	9	1992	2535471	2535471	PRESERVED_SPECIMEN	Université de Montréal Biodiversity Centre	CMMF	CMMF014454	NA	Guérin, Gérard		CC0_1_0	Université de Montréal Biodiversity Centre	Guérin, Gérard			2024-01-24T16:38:19.507Z		INSTITUTION_MATCH_FUZZY;COLLECTION_MATCH_FUZZY;DIFFERENT_OWNER_INSTITUTION
1135071428	21705170-d2b6-42de-8904-c3bca4b83591	CMMF009980	Fungi	Basidiomycota	Agaricomycetes	Agaricales	Agaricaceae	Lepiota	Lepiota cristata		SPECIES	Lepiota cristata (Bolton) P.Kumm.	Lepiota cristata (Bolton) P. Kumm.	(Bolton) P. Kumm.	CA	Chemin Chapelle nord, Lac-Beauport.	Québec	PRESENT		ff7bd5db-b724-4932-b496-10ea298851f9	46.950203	-71.284979	150.0						2007-09-10	10	9	2007	2535471	2535471	PRESERVED_SPECIMEN	Université de Montréal Biodiversity Centre	CMMF	CMMF009980	1565	Labrecque, Jacqueline		CC0_1_0	Université de Montréal Biodiversity Centre	Labrecque, Jacqueline			2024-01-24T16:38:21.443Z		INSTITUTION_MATCH_FUZZY;COLLECTION_MATCH_FUZZY;DIFFERENT_OWNER_INSTITUTION
1135071330	21705170-d2b6-42de-8904-c3bca4b83591	CMMF009854	Fungi	Basidiomycota	Agaricomycetes	Agaricales	Agaricaceae	Lepiota	Lepiota cristata		SPECIES	Lepiota cristata (Bolton) P.Kumm.	Lepiota cristata (Bolton) P. Kumm.	(Bolton) P. Kumm.	CA	Parc des Moulins, Québec.	Québec	PRESENT		ff7bd5db-b724-4932-b496-10ea298851f9	46.887678	-71.301288	600.0						2007-08-26	26	8	2007	2535471	2535471	PRESERVED_SPECIMEN	Université de Montréal Biodiversity Centre	CMMF	CMMF009854	1438	Labrecque, Jacqueline		CC0_1_0	Université de Montréal Biodiversity Centre	Labrecque, Jacqueline			2024-01-24T16:38:21.300Z		INSTITUTION_MATCH_FUZZY;COLLECTION_MATCH_FUZZY;DIFFERENT_OWNER_INSTITUTION
1135070976	21705170-d2b6-42de-8904-c3bca4b83591	CMMF009532	Fungi	Basidiomycota	Agaricomycetes	Agaricales	Agaricaceae	Lepiota	Lepiota cristata		SPECIES	Lepiota cristata (Bolton) P.Kumm.	Lepiota cristata (Bolton) P. Kumm.	(Bolton) P. Kumm.	CA	Parc des Moulins, Québec.	Québec	PRESENT		ff7bd5db-b724-4932-b496-10ea298851f9	46.887678	-71.301288	600.0						2007-07-15	15	7	2007	2535471	2535471	PRESERVED_SPECIMEN	Université de Montréal Biodiversity Centre	CMMF	CMMF009532	1116	Labrecque, Jacqueline		CC0_1_0	Université de Montréal Biodiversity Centre	Labrecque, Jacqueline			2024-01-24T16:38:21.732Z		INSTITUTION_MATCH_FUZZY;COLLECTION_MATCH_FUZZY;DIFFERENT_OWNER_INSTITUTION
1135070814	21705170-d2b6-42de-8904-c3bca4b83591	CMMF009279	Fungi	Basidiomycota	Agaricomycetes	Agaricales	Agaricaceae	Lepiota	Lepiota cristata		SPECIES	Lepiota cristata (Bolton) P.Kumm.	Lepiota cristata (Bolton) P. Kumm.	(Bolton) P. Kumm.	CA	Charlesbourg Ouest (Mr. A.), Québec.	Québec	PRESENT		ff7bd5db-b724-4932-b496-10ea298851f9	46.91969	-71.322285	4200.0						2006-09-26	26	9	2006	2535471	2535471	PRESERVED_SPECIMEN	Université de Montréal Biodiversity Centre	CMMF	CMMF009279	863	Labrecque, Jacqueline		CC0_1_0	Université de Montréal Biodiversity Centre	Labrecque, Jacqueline			2024-01-24T16:38:21.519Z	StillImage	INSTITUTION_MATCH_FUZZY;COLLECTION_MATCH_FUZZY;DIFFERENT_OWNER_INSTITUTION
1135070527	21705170-d2b6-42de-8904-c3bca4b83591	CMMF009029	Fungi	Basidiomycota	Agaricomycetes	Agaricales	Agaricaceae	Lepiota	Lepiota cristata		SPECIES	Lepiota cristata (Bolton) P.Kumm.	Lepiota cristata (Bolton) P. Kumm.	(Bolton) P. Kumm.	CA	Chemin Chapelle côté Nord, Lac-Beauport.	Québec	PRESENT		ff7bd5db-b724-4932-b496-10ea298851f9	46.950203	-71.284979	150.0						2006-08-24	24	8	2006	2535471	2535471	PRESERVED_SPECIMEN	Université de Montréal Biodiversity Centre	CMMF	CMMF009029	612	Labrecque, Jacqueline		CC0_1_0	Université de Montréal Biodiversity Centre	Labrecque, Jacqueline			2024-01-24T16:38:20.136Z	StillImage	INSTITUTION_MATCH_FUZZY;COLLECTION_MATCH_FUZZY;DIFFERENT_OWNER_INSTITUTION
1135070500	21705170-d2b6-42de-8904-c3bca4b83591	CMMF009067	Fungi	Basidiomycota	Agaricomycetes	Agaricales	Agaricaceae	Lepiota	Lepiota cristata		SPECIES	Lepiota cristata (Bolton) P.Kumm.	Lepiota cristata (Bolton) P. Kumm.	(Bolton) P. Kumm.	CA	Chemin de la Chapelle, Lac-Beauport.	Québec	PRESENT		ff7bd5db-b724-4932-b496-10ea298851f9	46.949281	-71.284722	250.0						2006-08-29	29	8	2006	2535471	2535471	PRESERVED_SPECIMEN	Université de Montréal Biodiversity Centre	CMMF	CMMF009067	650	Labrecque, Jacqueline		CC0_1_0	Université de Montréal Biodiversity Centre	Labrecque, Jacqueline			2024-01-24T16:38:20.186Z	StillImage	INSTITUTION_MATCH_FUZZY;COLLECTION_MATCH_FUZZY;DIFFERENT_OWNER_INSTITUTION
1135069693	21705170-d2b6-42de-8904-c3bca4b83591	CMMF008225	Fungi	Basidiomycota	Agaricomycetes	Agaricales	Agaricaceae	Lepiota	Lepiota cristata		SPECIES	Lepiota cristata (Bolton) P.Kumm.	Lepiota cristata (Bolton) P. Kumm.	(Bolton) P. Kumm.	CA	Matane	Québec	PRESENT		ff7bd5db-b724-4932-b496-10ea298851f9	48.821667	-67.537667	100.0						2005-09-02	2	9	2005	2535471	2535471	PRESERVED_SPECIMEN	Université de Montréal Biodiversity Centre	CMMF	CMMF008225	C2395	McNeil, Raymond		CC0_1_0	Université de Montréal Biodiversity Centre	McNeil, Raymond			2024-01-24T16:38:18.296Z	StillImage	COORDINATE_ROUNDED;INSTITUTION_MATCH_FUZZY;COLLECTION_MATCH_FUZZY;DIFFERENT_OWNER_INSTITUTION
1135069643	21705170-d2b6-42de-8904-c3bca4b83591	CMMF008229	Fungi	Basidiomycota	Agaricomycetes	Agaricales	Agaricaceae	Lepiota	Lepiota cristata		SPECIES	Lepiota cristata (Bolton) P.Kumm.	Lepiota cristata (Bolton) P. Kumm.	(Bolton) P. Kumm.	CA	Matane	Québec	PRESENT		ff7bd5db-b724-4932-b496-10ea298851f9	48.821667	-67.537667	100.0						2007-09-01	1	9	2007	2535471	2535471	PRESERVED_SPECIMEN	Université de Montréal Biodiversity Centre	CMMF	CMMF008229	C3167	McNeil, Raymond		CC0_1_0	Université de Montréal Biodiversity Centre	McNeil, Raymond			2024-01-24T16:38:18.295Z	StillImage	COORDINATE_ROUNDED;INSTITUTION_MATCH_FUZZY;COLLECTION_MATCH_FUZZY;DIFFERENT_OWNER_INSTITUTION
1135068841	21705170-d2b6-42de-8904-c3bca4b83591	CMMF007374	Fungi	Basidiomycota	Agaricomycetes	Agaricales	Agaricaceae	Lepiota	Lepiota cristata		SPECIES	Lepiota cristata (Bolton) P.Kumm.	Lepiota cristata (Bolton) P. Kumm.	(Bolton) P. Kumm.	CA	Huntingdon, Boisé-des-Muir	Québec	PRESENT		ff7bd5db-b724-4932-b496-10ea298851f9	45.084583	-74.114033	100.0						2012-09-17	17	9	2012	2535471	2535471	PRESERVED_SPECIMEN	Université de Montréal Biodiversity Centre	CMMF	CMMF007374	C4083	McNeil, Raymond		CC0_1_0	Université de Montréal Biodiversity Centre	McNeil, Raymond			2024-01-24T16:38:21.470Z	StillImage	COORDINATE_ROUNDED;INSTITUTION_MATCH_FUZZY;COLLECTION_MATCH_FUZZY;DIFFERENT_OWNER_INSTITUTION
1135068784	21705170-d2b6-42de-8904-c3bca4b83591	CMMF007375	Fungi	Basidiomycota	Agaricomycetes	Agaricales	Agaricaceae	Lepiota	Lepiota cristata		SPECIES	Lepiota cristata (Bolton) P.Kumm.	Lepiota cristata (Bolton) P. Kumm.	(Bolton) P. Kumm.	CA	Huntingdon, Boisé-des-Muir	Québec	PRESENT		ff7bd5db-b724-4932-b496-10ea298851f9	45.084583	-74.114033	100.0						2012-09-17	17	9	2012	2535471	2535471	PRESERVED_SPECIMEN	Université de Montréal Biodiversity Centre	CMMF	CMMF007375	C4084	McNeil, Raymond		CC0_1_0	Université de Montréal Biodiversity Centre	McNeil, Raymond			2024-01-24T16:38:21.468Z	StillImage	COORDINATE_ROUNDED;INSTITUTION_MATCH_FUZZY;COLLECTION_MATCH_FUZZY;DIFFERENT_OWNER_INSTITUTION
1135068167	21705170-d2b6-42de-8904-c3bca4b83591	CMMF006727	Fungi	Basidiomycota	Agaricomycetes	Agaricales	Agaricaceae	Lepiota	Lepiota cristata		SPECIES	Lepiota cristata (Bolton) P.Kumm.	Lepiota cristata (Bolton) P. Kumm.	(Bolton) P. Kumm.	CA	Montréal (Jardin botanique de Montréal, près de Maison des Arbres)	Québec	PRESENT		ff7bd5db-b724-4932-b496-10ea298851f9	45.563783	-73.569517	100.0						2010-10-19	19	10	2010	2535471	2535471	PRESERVED_SPECIMEN	Université de Montréal Biodiversity Centre	CMMF	CMMF006727	C3804	McNeil, Raymond		CC0_1_0	Université de Montréal Biodiversity Centre	McNeil, Raymond			2024-01-24T16:38:18.552Z	StillImage	COORDINATE_ROUNDED;INSTITUTION_MATCH_FUZZY;COLLECTION_MATCH_FUZZY;DIFFERENT_OWNER_INSTITUTION
1135067360	21705170-d2b6-42de-8904-c3bca4b83591	CMMF005938	Fungi	Basidiomycota	Agaricomycetes	Agaricales	Agaricaceae	Lepiota	Lepiota cristata		SPECIES	Lepiota cristata (Bolton) P.Kumm.	Lepiota cristata (Bolton) P. Kumm.	(Bolton) P. Kumm.	CA	Châteauguay (Centre écologique Fernand-Seguin)	Québec	PRESENT		ff7bd5db-b724-4932-b496-10ea298851f9	45.33983	-73.774417	100.0						2008-07-19	19	7	2008	2535471	2535471	PRESERVED_SPECIMEN	Université de Montréal Biodiversity Centre	CMMF	CMMF005938	C3289	McNeil, Raymond		CC0_1_0	Université de Montréal Biodiversity Centre	McNeil, Raymond			2024-01-24T16:38:16.928Z	StillImage	COORDINATE_ROUNDED;INSTITUTION_MATCH_FUZZY;COLLECTION_MATCH_FUZZY;DIFFERENT_OWNER_INSTITUTION
1135066760	21705170-d2b6-42de-8904-c3bca4b83591	CMMF010164	Fungi	Basidiomycota	Agaricomycetes	Agaricales	Agaricaceae	Lepiota	Lepiota cristata		SPECIES	Lepiota cristata (Bolton) P.Kumm.	Lepiota cristata (Bolton) P. Kumm.	(Bolton) P. Kumm.	CA	Parc des Moulins, Québec.	Québec	PRESENT		ff7bd5db-b724-4932-b496-10ea298851f9	46.887678	-71.301288	600.0						2007-10-06	6	10	2007	2535471	2535471	PRESERVED_SPECIMEN	Université de Montréal Biodiversity Centre	CMMF	CMMF010164	1750	Labrecque, Jacqueline		CC0_1_0	Université de Montréal Biodiversity Centre	Labrecque, Jacqueline			2024-01-24T16:38:20.277Z		INSTITUTION_MATCH_FUZZY;COLLECTION_MATCH_FUZZY;DIFFERENT_OWNER_INSTITUTION
1024560228	21705170-d2b6-42de-8904-c3bca4b83591	CMMF005695	Fungi	Basidiomycota	Agaricomycetes	Agaricales	Agaricaceae	Lepiota	Lepiota cristata		SPECIES	Lepiota cristata (Bolton) P.Kumm.	Lepiota cristata (Bolton) P. Kumm.	(Bolton) P. Kumm.	CA	Bois-de-Saraguay, Montréal	Québec	PRESENT		ff7bd5db-b724-4932-b496-10ea298851f9	45.518417	-73.736983	1000.0						1980-08-13	13	8	1980	2535471	2535471	PRESERVED_SPECIMEN	Université de Montréal Biodiversity Centre	CMMF	CMMF005695	786	McNeil, Raymond		CC0_1_0	Université de Montréal Biodiversity Centre	McNeil, Raymond			2024-01-24T16:38:16.658Z	StillImage	COORDINATE_ROUNDED;INSTITUTION_MATCH_FUZZY;COLLECTION_MATCH_FUZZY;DIFFERENT_OWNER_INSTITUTION
1024558776	21705170-d2b6-42de-8904-c3bca4b83591	CMMF004476	Fungi	Basidiomycota	Agaricomycetes	Agaricales	Agaricaceae	Lepiota	Lepiota cristata		SPECIES	Lepiota cristata (Bolton) P.Kumm.	Lepiota cristata (Bolton) P. Kumm.	(Bolton) P. Kumm.	CA	Réserve écologique du Boisé-des-Muir, Hinchinbrooke.	Québec	PRESENT		ff7bd5db-b724-4932-b496-10ea298851f9	45.086439	-74.114164	10.0						2012-09-17	17	9	2012	2535471	2535471	PRESERVED_SPECIMEN	Université de Montréal Biodiversity Centre	CMMF	CMMF004476	503	McNeil, Raymond		CC0_1_0	Université de Montréal Biodiversity Centre	Langlois, Annabelle; McNeil, Raymond; Turgon, Jean-Pierre			2024-01-24T16:38:19.736Z		COORDINATE_ROUNDED;INSTITUTION_MATCH_FUZZY;COLLECTION_MATCH_FUZZY;DIFFERENT_OWNER_INSTITUTION
1024558773	21705170-d2b6-42de-8904-c3bca4b83591	CMMF004477	Fungi	Basidiomycota	Agaricomycetes	Agaricales	Agaricaceae	Lepiota	Lepiota cristata		SPECIES	Lepiota cristata (Bolton) P.Kumm.	Lepiota cristata (Bolton) P. Kumm.	(Bolton) P. Kumm.	CA	Réserve écologique du Boisé-des-Muir, Hinchinbrooke.	Québec	PRESENT		ff7bd5db-b724-4932-b496-10ea298851f9	45.086648	-74.114405	10.0						2012-09-17	17	9	2012	2535471	2535471	PRESERVED_SPECIMEN	Université de Montréal Biodiversity Centre	CMMF	CMMF004477	504	Langlois, Annabelle		CC0_1_0	Université de Montréal Biodiversity Centre	Langlois, Annabelle; McNeil, Raymond; Turgon, Jean-Pierre			2024-01-24T16:38:19.737Z	StillImage	INSTITUTION_MATCH_FUZZY;COLLECTION_MATCH_FUZZY;DIFFERENT_OWNER_INSTITUTION
1024558768	21705170-d2b6-42de-8904-c3bca4b83591	CMMF004474	Fungi	Basidiomycota	Agaricomycetes	Agaricales	Agaricaceae	Lepiota	Lepiota cristata		SPECIES	Lepiota cristata (Bolton) P.Kumm.	Lepiota cristata (Bolton) P. Kumm.	(Bolton) P. Kumm.	CA	Réserve écologique du Boisé-des-Muir, Hinchinbrooke.	Québec	PRESENT		ff7bd5db-b724-4932-b496-10ea298851f9	45.086179	-74.113208	10.0						2012-09-17	17	9	2012	2535471	2535471	PRESERVED_SPECIMEN	Université de Montréal Biodiversity Centre	CMMF	CMMF004474	501	McNeil, Raymond		CC0_1_0	Université de Montréal Biodiversity Centre	Langlois, Annabelle; McNeil, Raymond; Turgon, Jean-Pierre			2024-01-24T16:38:19.737Z	StillImage	INSTITUTION_MATCH_FUZZY;COLLECTION_MATCH_FUZZY;DIFFERENT_OWNER_INSTITUTION
1024558680	21705170-d2b6-42de-8904-c3bca4b83591	CMMF004169	Fungi	Basidiomycota	Agaricomycetes	Agaricales	Agaricaceae	Lepiota	Lepiota cristata		SPECIES	Lepiota cristata (Bolton) P.Kumm.	Lepiota cristata (Bolton) P. Kumm.	(Bolton) P. Kumm.	CA	Réserve écologique du Boisé-des-Muir, Hinchinbrooke.	Québec	PRESENT		ff7bd5db-b724-4932-b496-10ea298851f9	45.085223	-74.113254	10.0						2011-08-30	30	8	2011	2535471	2535471	PRESERVED_SPECIMEN	Université de Montréal Biodiversity Centre	CMMF	CMMF004169	155	Lebeuf, Renée		CC0_1_0	Université de Montréal Biodiversity Centre	Archambault, Raymond; Lebeuf, Renée			2024-01-24T16:38:18.615Z		INSTITUTION_MATCH_FUZZY;COLLECTION_MATCH_FUZZY;DIFFERENT_OWNER_INSTITUTION
