gbifID	datasetKey	occurrenceID	kingdom	phylum	class	order	family	genus	species	infraspecificEpithet	taxonRank	scientificName	verbatimScientificName	verbatimScientificNameAuthorship	countryCode	locality	stateProvince	occurrenceStatus	individualCount	publishingOrgKey	decimalLatitude	decimalLongitude	coordinateUncertaintyInMeters	coordinatePrecision	elevation	elevationAccuracy	depth	depthAccuracy	eventDate	day	month	year	taxonKey	speciesKey	basisOfRecord	institutionCode	collectionCode	catalogNumber	recordNumber	identifiedBy	dateIdentified	license	rightsHolder	recordedBy	typeStatus	establishmentMeans	lastInterpreted	mediaType	issue
694159239	d7cfd2ed-8af4-427f-a16e-eb66b7e2c419	31468	Fungi	Basidiomycota	Agaricomycetes	Polyporales	Grifolaceae	Grifola	Grifola frondosa		SPECIES	Grifola frondosa (Dicks.) Gray	Grifola frondosa (Dicks.) Gray	(Dicks.) Gray	CA	Hurdman's Bridge, near Ottawa	Ontario	PRESENT		ff418020-1d67-11d9-8435-b8a03c50a862	45.41954	-75.66031	284.0						1941-09-29	29	9	1941	2540800	2540800	PRESERVED_SPECIMEN	Royal Ontario Museum	TRTC	TRTC161389		Macrae, Ruth		CC0_1_0	Royal Ontario Museum	Rowe;			2024-01-25T00:59:41.194Z		COORDINATE_ROUNDED;AMBIGUOUS_INSTITUTION
617550490	21705170-d2b6-42de-8904-c3bca4b83591	CMMF002300	Fungi	Basidiomycota	Agaricomycetes	Polyporales	Grifolaceae	Grifola	Grifola frondosa		SPECIES	Grifola frondosa (Dicks.) Gray	Grifola frondosa (Dicks.) Gray	(Dicks.) Gray	CA	Longueuil	Québec	PRESENT		ff7bd5db-b724-4932-b496-10ea298851f9	45.544154	-73.477185	5000.0						1994-09-06	6	9	1994	2540800	2540800	PRESERVED_SPECIMEN	Université de Montréal Biodiversity Centre	CMMF	CMMF002300		Lamoureux, Yves		CC0_1_0	Université de Montréal Biodiversity Centre	Lamoureux, Yves			2024-01-24T16:38:19.431Z	StillImage	INSTITUTION_MATCH_FUZZY;COLLECTION_MATCH_FUZZY;DIFFERENT_OWNER_INSTITUTION
4976505335	50c9509d-22c7-4a22-a47d-8c48425ef4a7	https://www.inaturalist.org/observations/249042146	Fungi	Basidiomycota	Agaricomycetes	Polyporales	Grifolaceae	Grifola	Grifola frondosa		SPECIES	Grifola frondosa (Dicks.) Gray	Grifola frondosa		CA		Québec	PRESENT		28eb1a3f-1c15-4a95-931a-4af90ecb574d	45.834297	-75.128425	4.0						2024-10-25T12:49:44	25	10	2024	2540800	2540800	HUMAN_OBSERVATION	iNaturalist	Observations	249042146		floraclo	2024-10-25T16:52:17	CC_BY_NC_4_0	floraclo	floraclo			2025-01-14T13:38:48.903Z	StillImage	COORDINATE_ROUNDED;CONTINENT_DERIVED_FROM_COORDINATES;TAXON_MATCH_TAXON_ID_IGNORED
4952684891	50c9509d-22c7-4a22-a47d-8c48425ef4a7	https://www.inaturalist.org/observations/240343643	Fungi	Basidiomycota	Agaricomycetes	Polyporales	Grifolaceae	Grifola	Grifola frondosa		SPECIES	Grifola frondosa (Dicks.) Gray	Grifola frondosa		CA		Ontario	PRESENT		28eb1a3f-1c15-4a95-931a-4af90ecb574d	45.256578	-76.771396	5.0						2024-09-07T10:53:50	7	9	2024	2540800	2540800	HUMAN_OBSERVATION	iNaturalist	Observations	240343643		Ariel Bonkoski	2024-09-19T07:24:07	CC_BY_4_0	Bradley Mazurek	Bradley Mazurek			2025-01-14T13:42:48.971Z	StillImage	COORDINATE_ROUNDED;CONTINENT_DERIVED_FROM_COORDINATES;TAXON_MATCH_TAXON_ID_IGNORED
4952550062	50c9509d-22c7-4a22-a47d-8c48425ef4a7	https://www.inaturalist.org/observations/244773735	Fungi	Basidiomycota	Agaricomycetes	Polyporales	Grifolaceae	Grifola	Grifola frondosa		SPECIES	Grifola frondosa (Dicks.) Gray	Grifola frondosa		CA		Ontario	PRESENT		28eb1a3f-1c15-4a95-931a-4af90ecb574d	45.257508	-75.460771	16518.0						2024-09-24T17:23:35	24	9	2024	2540800	2540800	HUMAN_OBSERVATION	iNaturalist	Observations	244773735		jane_clare_cooper	2024-09-29T20:24:57	CC_BY_NC_4_0	jane_clare_cooper	jane_clare_cooper			2025-01-14T13:37:46.242Z	StillImage	COORDINATE_ROUNDED;CONTINENT_DERIVED_FROM_COORDINATES;TAXON_MATCH_TAXON_ID_IGNORED
4952274723	50c9509d-22c7-4a22-a47d-8c48425ef4a7	https://www.inaturalist.org/observations/243620460	Fungi	Basidiomycota	Agaricomycetes	Polyporales	Grifolaceae	Grifola	Grifola frondosa		SPECIES	Grifola frondosa (Dicks.) Gray	Grifola frondosa		CA		Ontario	PRESENT		28eb1a3f-1c15-4a95-931a-4af90ecb574d	45.012044	-78.485216	27222.0						2024-09-22T18:18:35	22	9	2024	2540800	2540800	HUMAN_OBSERVATION	iNaturalist	Observations	243620460		Lee Cumming	2024-09-23T16:38:04	CC_BY_NC_4_0	Lee Cumming	Lee Cumming			2025-01-14T13:43:29.610Z	StillImage	COORDINATE_ROUNDED;CONTINENT_DERIVED_FROM_COORDINATES;TAXON_MATCH_TAXON_ID_IGNORED
4950520353	50c9509d-22c7-4a22-a47d-8c48425ef4a7	https://www.inaturalist.org/observations/242726597	Fungi	Basidiomycota	Agaricomycetes	Polyporales	Grifolaceae	Grifola	Grifola frondosa		SPECIES	Grifola frondosa (Dicks.) Gray	Grifola frondosa		CA		Québec	PRESENT		28eb1a3f-1c15-4a95-931a-4af90ecb574d	45.462513	-75.801585	186.0						2024-09-19T12:31:26	19	9	2024	2540800	2540800	HUMAN_OBSERVATION	iNaturalist	Observations	242726597		Alexis Williams	2024-09-19T18:46:48	CC_BY_4_0	Alexis Williams	Alexis Williams			2025-01-14T13:37:38.543Z	StillImage	COORDINATE_ROUNDED;CONTINENT_DERIVED_FROM_COORDINATES;TAXON_MATCH_TAXON_ID_IGNORED
4950180258	50c9509d-22c7-4a22-a47d-8c48425ef4a7	https://www.inaturalist.org/observations/243663194	Fungi	Basidiomycota	Agaricomycetes	Polyporales	Grifolaceae	Grifola	Grifola frondosa		SPECIES	Grifola frondosa (Dicks.) Gray	Grifola frondosa		CA		Québec	PRESENT		28eb1a3f-1c15-4a95-931a-4af90ecb574d	46.915212	-70.794983	114.0						2024-09-23T10:00:10	23	9	2024	2540800	2540800	HUMAN_OBSERVATION	iNaturalist	Observations	243663194		marchant-2	2024-09-23T20:27:00	CC_BY_NC_4_0	marchant-2	marchant-2			2025-01-14T13:43:36.292Z	StillImage	COORDINATE_ROUNDED;CONTINENT_DERIVED_FROM_COORDINATES;TAXON_MATCH_TAXON_ID_IGNORED
4950025194	50c9509d-22c7-4a22-a47d-8c48425ef4a7	https://www.inaturalist.org/observations/243860854	Fungi	Basidiomycota	Agaricomycetes	Polyporales	Grifolaceae	Grifola	Grifola frondosa		SPECIES	Grifola frondosa (Dicks.) Gray	Grifola frondosa		CA		Ontario	PRESENT		28eb1a3f-1c15-4a95-931a-4af90ecb574d	45.369597	-75.797631	5.0						2024-09-24T14:30	24	9	2024	2540800	2540800	HUMAN_OBSERVATION	iNaturalist	Observations	243860854		Deborah Mosher	2024-09-24T20:54:24	CC_BY_NC_4_0	Deborah Mosher	Deborah Mosher			2025-01-14T13:43:35.760Z	StillImage	COORDINATE_ROUNDED;CONTINENT_DERIVED_FROM_COORDINATES;TAXON_MATCH_TAXON_ID_IGNORED
4946204283	50c9509d-22c7-4a22-a47d-8c48425ef4a7	https://www.inaturalist.org/observations/242087366	Fungi	Basidiomycota	Agaricomycetes	Polyporales	Grifolaceae	Grifola	Grifola frondosa		SPECIES	Grifola frondosa (Dicks.) Gray	Grifola frondosa		CA		Québec	PRESENT		28eb1a3f-1c15-4a95-931a-4af90ecb574d	45.544319	-73.314531							2024-09-15T16:27:39	15	9	2024	2540800	2540800	HUMAN_OBSERVATION	iNaturalist	Observations	242087366		Lara Srouji	2024-09-16T13:13:17	CC_BY_NC_4_0	Lara Srouji	Lara Srouji			2025-01-14T13:43:28.205Z	StillImage	COORDINATE_ROUNDED;CONTINENT_DERIVED_FROM_COORDINATES;TAXON_MATCH_TAXON_ID_IGNORED
4946177266	50c9509d-22c7-4a22-a47d-8c48425ef4a7	https://www.inaturalist.org/observations/240825651	Fungi	Basidiomycota	Agaricomycetes	Polyporales	Grifolaceae	Grifola	Grifola frondosa		SPECIES	Grifola frondosa (Dicks.) Gray	Grifola frondosa		CA		Québec	PRESENT		28eb1a3f-1c15-4a95-931a-4af90ecb574d	45.547887	-73.464103	61.0						2024-09-01T11:22	1	9	2024	2540800	2540800	HUMAN_OBSERVATION	iNaturalist	Observations	240825651		Antoine Fortin	2024-09-09T21:09:36	CC_BY_NC_4_0	Antoine Fortin	Antoine Fortin			2025-01-14T12:50:34.913Z	StillImage	COORDINATE_ROUNDED;CONTINENT_DERIVED_FROM_COORDINATES;TAXON_MATCH_TAXON_ID_IGNORED
4945959070	50c9509d-22c7-4a22-a47d-8c48425ef4a7	https://www.inaturalist.org/observations/242157940	Fungi	Basidiomycota	Agaricomycetes	Polyporales	Grifolaceae	Grifola	Grifola frondosa		SPECIES	Grifola frondosa (Dicks.) Gray	Grifola frondosa		CA		Québec	PRESENT		28eb1a3f-1c15-4a95-931a-4af90ecb574d	45.528117	-73.734114	7.0						2024-09-16T16:07:42	16	9	2024	2540800	2540800	HUMAN_OBSERVATION	iNaturalist	Observations	242157940		echanda	2024-09-16T20:08:45	CC_BY_NC_4_0	echanda	echanda			2025-01-14T12:53:36.212Z	StillImage	COORDINATE_ROUNDED;CONTINENT_DERIVED_FROM_COORDINATES;TAXON_MATCH_TAXON_ID_IGNORED
4945912489	50c9509d-22c7-4a22-a47d-8c48425ef4a7	https://www.inaturalist.org/observations/239237568	Fungi	Basidiomycota	Agaricomycetes	Polyporales	Grifolaceae	Grifola	Grifola frondosa		SPECIES	Grifola frondosa (Dicks.) Gray	Grifola frondosa		CA		Québec	PRESENT		28eb1a3f-1c15-4a95-931a-4af90ecb574d	45.5088	-75.818753							2024-09-01T11:48:24	1	9	2024	2540800	2540800	HUMAN_OBSERVATION	iNaturalist	Observations	239237568		Marrissa Miller	2024-09-01T18:45:01	CC_BY_NC_4_0	Marrissa Miller	Marrissa Miller			2025-01-14T13:42:43.063Z	StillImage	COORDINATE_ROUNDED;CONTINENT_DERIVED_FROM_COORDINATES;TAXON_MATCH_TAXON_ID_IGNORED
4945547004	50c9509d-22c7-4a22-a47d-8c48425ef4a7	https://www.inaturalist.org/observations/240535411	Fungi	Basidiomycota	Agaricomycetes	Polyporales	Grifolaceae	Grifola	Grifola frondosa		SPECIES	Grifola frondosa (Dicks.) Gray	Grifola frondosa		CA		Québec	PRESENT		28eb1a3f-1c15-4a95-931a-4af90ecb574d	45.477025	-75.785011	12142.0						2024-09-08T09:21:05	8	9	2024	2540800	2540800	HUMAN_OBSERVATION	iNaturalist	Observations	240535411		Mme Daley	2024-09-08T13:36:32	CC_BY_NC_4_0	Mme Daley	Mme Daley			2025-01-14T12:54:30.868Z	StillImage	COORDINATE_ROUNDED;CONTINENT_DERIVED_FROM_COORDINATES;TAXON_MATCH_TAXON_ID_IGNORED
4936706746	50c9509d-22c7-4a22-a47d-8c48425ef4a7	https://www.inaturalist.org/observations/238844233	Fungi	Basidiomycota	Agaricomycetes	Polyporales	Grifolaceae	Grifola	Grifola frondosa		SPECIES	Grifola frondosa (Dicks.) Gray	Grifola frondosa		CA		Ontario	PRESENT		28eb1a3f-1c15-4a95-931a-4af90ecb574d	45.19916	-76.238183							2024-08-30T07:50	30	8	2024	2540800	2540800	HUMAN_OBSERVATION	iNaturalist	Observations	238844233		almonteallisons	2024-08-30T20:51:18	CC_BY_NC_4_0	almonteallisons	almonteallisons			2025-01-14T13:43:02.391Z	StillImage	COORDINATE_ROUNDED;CONTINENT_DERIVED_FROM_COORDINATES;TAXON_MATCH_TAXON_ID_IGNORED
4936159415	50c9509d-22c7-4a22-a47d-8c48425ef4a7	https://www.inaturalist.org/observations/239604574	Fungi	Basidiomycota	Agaricomycetes	Polyporales	Grifolaceae	Grifola	Grifola frondosa		SPECIES	Grifola frondosa (Dicks.) Gray	Grifola frondosa		CA		New Brunswick	PRESENT		28eb1a3f-1c15-4a95-931a-4af90ecb574d	45.659183	-66.610931							2024-09-03T10:48:12	3	9	2024	2540800	2540800	HUMAN_OBSERVATION	iNaturalist	Observations	239604574		Sean Rhindress	2024-09-03T13:52:33	CC_BY_NC_4_0	Sean Rhindress	Sean Rhindress			2025-01-14T12:57:44.944Z	StillImage	COORDINATE_ROUNDED;CONTINENT_DERIVED_FROM_COORDINATES;TAXON_MATCH_TAXON_ID_IGNORED
4909239295	50c9509d-22c7-4a22-a47d-8c48425ef4a7	https://www.inaturalist.org/observations/224668472	Fungi	Basidiomycota	Agaricomycetes	Polyporales	Grifolaceae	Grifola	Grifola frondosa		SPECIES	Grifola frondosa (Dicks.) Gray	Grifola frondosa		CA		Québec	PRESENT		28eb1a3f-1c15-4a95-931a-4af90ecb574d	46.714771	-71.544568	300.0						2023-09-20T12:22	20	9	2023	2540800	2540800	HUMAN_OBSERVATION	iNaturalist	Observations	224668472		dfortier409	2024-06-23T16:28:11	CC_BY_NC_4_0	dfortier409	dfortier409			2025-01-14T12:48:03.350Z	StillImage	COORDINATE_ROUNDED;CONTINENT_DERIVED_FROM_COORDINATES;TAXON_MATCH_TAXON_ID_IGNORED
4510129518	50c9509d-22c7-4a22-a47d-8c48425ef4a7	https://www.inaturalist.org/observations/195283791	Fungi	Basidiomycota	Agaricomycetes	Polyporales	Grifolaceae	Grifola	Grifola frondosa		SPECIES	Grifola frondosa (Dicks.) Gray	Grifola frondosa		CA		Québec	PRESENT		28eb1a3f-1c15-4a95-931a-4af90ecb574d	46.363726	-73.395543							2023-09-12T12:40	12	9	2023	2540800	2540800	HUMAN_OBSERVATION	iNaturalist	Observations	195283791		mmacnair13	2023-12-30T18:07:00	CC_BY_NC_4_0	mmacnair13	mmacnair13			2025-01-14T12:42:44.822Z	StillImage	COORDINATE_ROUNDED;CONTINENT_DERIVED_FROM_COORDINATES;TAXON_MATCH_TAXON_ID_IGNORED
4458330229	50c9509d-22c7-4a22-a47d-8c48425ef4a7	https://www.inaturalist.org/observations/186543271	Fungi	Basidiomycota	Agaricomycetes	Polyporales	Grifolaceae	Grifola	Grifola frondosa		SPECIES	Grifola frondosa (Dicks.) Gray	Grifola frondosa		CA		Québec	PRESENT		28eb1a3f-1c15-4a95-931a-4af90ecb574d	45.43504	-73.95695	189.0						2023-10-05T09:35	5	10	2023	2540800	2540800	HUMAN_OBSERVATION	iNaturalist	Observations	186543271		Madz	2023-10-07T14:30:13	CC_BY_NC_4_0	Madz	Madz			2025-01-14T13:32:49.474Z	StillImage	CONTINENT_DERIVED_FROM_COORDINATES;TAXON_MATCH_TAXON_ID_IGNORED
4440598982	50c9509d-22c7-4a22-a47d-8c48425ef4a7	https://www.inaturalist.org/observations/182838735	Fungi	Basidiomycota	Agaricomycetes	Polyporales	Grifolaceae	Grifola	Grifola frondosa		SPECIES	Grifola frondosa (Dicks.) Gray	Grifola frondosa		CA		Ontario	PRESENT		28eb1a3f-1c15-4a95-931a-4af90ecb574d	45.385642	-75.702003							2023-09-07T15:17:27	7	9	2023	2540800	2540800	HUMAN_OBSERVATION	iNaturalist	Observations	182838735		alitheabsurd	2023-09-11T18:16:36	CC_BY_NC_4_0	alitheabsurd	alitheabsurd			2025-01-14T12:42:07.865Z	StillImage	COORDINATE_ROUNDED;CONTINENT_DERIVED_FROM_COORDINATES;TAXON_MATCH_TAXON_ID_IGNORED
4436255121	50c9509d-22c7-4a22-a47d-8c48425ef4a7	https://www.inaturalist.org/observations/189420153	Fungi	Basidiomycota	Agaricomycetes	Polyporales	Grifolaceae	Grifola	Grifola frondosa		SPECIES	Grifola frondosa (Dicks.) Gray	Grifola frondosa		CA		Nova Scotia	PRESENT		28eb1a3f-1c15-4a95-931a-4af90ecb574d	45.110228	-64.653755	27222.0						2023-10-29T19:00:36	29	10	2023	2540800	2540800	HUMAN_OBSERVATION	iNaturalist	Observations	189420153		Ian Manning	2023-10-30T00:19:41	CC_BY_4_0	Ian Manning	Ian Manning			2025-01-14T12:42:59.385Z	StillImage	COORDINATE_ROUNDED;CONTINENT_DERIVED_FROM_COORDINATES;TAXON_MATCH_TAXON_ID_IGNORED
4416890607	50c9509d-22c7-4a22-a47d-8c48425ef4a7	https://www.inaturalist.org/observations/181636249	Fungi	Basidiomycota	Agaricomycetes	Polyporales	Grifolaceae	Grifola	Grifola frondosa		SPECIES	Grifola frondosa (Dicks.) Gray	Grifola frondosa		CA		Québec	PRESENT		28eb1a3f-1c15-4a95-931a-4af90ecb574d	45.552001	-75.766309	27158.0						2023-09-03T12:12:27	3	9	2023	2540800	2540800	HUMAN_OBSERVATION	iNaturalist	Observations	181636249		ftdp	2023-09-03T21:20:06	CC_BY_NC_4_0	ftdp	ftdp			2025-01-14T12:40:38.587Z	StillImage	COORDINATE_ROUNDED;CONTINENT_DERIVED_FROM_COORDINATES;TAXON_MATCH_TAXON_ID_IGNORED
4414234293	50c9509d-22c7-4a22-a47d-8c48425ef4a7	https://www.inaturalist.org/observations/183726414	Fungi	Basidiomycota	Agaricomycetes	Polyporales	Grifolaceae	Grifola	Grifola frondosa		SPECIES	Grifola frondosa (Dicks.) Gray	Grifola frondosa		CA		New Brunswick	PRESENT		28eb1a3f-1c15-4a95-931a-4af90ecb574d	45.722416	-65.519287	25.0						2023-09-17T11:26:28	17	9	2023	2540800	2540800	HUMAN_OBSERVATION	iNaturalist	Observations	183726414		jallport93	2023-09-17T19:57:57	CC_BY_NC_4_0	jallport93	jallport93			2025-01-14T13:32:52.814Z	StillImage	COORDINATE_ROUNDED;CONTINENT_DERIVED_FROM_COORDINATES;TAXON_MATCH_TAXON_ID_IGNORED
4405458317	50c9509d-22c7-4a22-a47d-8c48425ef4a7	https://www.inaturalist.org/observations/180634013	Fungi	Basidiomycota	Agaricomycetes	Polyporales	Grifolaceae	Grifola	Grifola frondosa		SPECIES	Grifola frondosa (Dicks.) Gray	Grifola frondosa		CA		Québec	PRESENT		28eb1a3f-1c15-4a95-931a-4af90ecb574d	45.493685	-75.858645							2023-08-28T11:42:31	28	8	2023	2540800	2540800	HUMAN_OBSERVATION	iNaturalist	Observations	180634013		Johann Wagner	2023-08-28T15:58:08	CC_BY_NC_4_0	Johann Wagner	Johann Wagner			2025-01-14T12:39:19.905Z	StillImage	COORDINATE_ROUNDED;CONTINENT_DERIVED_FROM_COORDINATES;TAXON_MATCH_TAXON_ID_IGNORED
4405341062	50c9509d-22c7-4a22-a47d-8c48425ef4a7	https://www.inaturalist.org/observations/180775883	Fungi	Basidiomycota	Agaricomycetes	Polyporales	Grifolaceae	Grifola	Grifola frondosa		SPECIES	Grifola frondosa (Dicks.) Gray	Grifola frondosa		CA		Ontario	PRESENT		28eb1a3f-1c15-4a95-931a-4af90ecb574d	45.381966	-75.696843	87.0						2023-08-29T10:56:27	29	8	2023	2540800	2540800	HUMAN_OBSERVATION	iNaturalist	Observations	180775883		jbennett5	2023-08-29T14:57:18	CC_BY_NC_4_0	jbennett5	jbennett5			2025-01-14T12:41:00.026Z	StillImage	COORDINATE_ROUNDED;CONTINENT_DERIVED_FROM_COORDINATES;TAXON_MATCH_TAXON_ID_IGNORED
4405016820	50c9509d-22c7-4a22-a47d-8c48425ef4a7	https://www.inaturalist.org/observations/179881469	Fungi	Basidiomycota	Agaricomycetes	Polyporales	Grifolaceae	Grifola	Grifola frondosa		SPECIES	Grifola frondosa (Dicks.) Gray	Grifola frondosa		CA		Québec	PRESENT		28eb1a3f-1c15-4a95-931a-4af90ecb574d	45.549834	-73.469233	717.0						2023-08-21T17:41	21	8	2023	2540800	2540800	HUMAN_OBSERVATION	iNaturalist	Observations	179881469		Antoine Fortin	2023-08-23T21:00:12	CC_BY_NC_4_0	Antoine Fortin	Antoine Fortin			2025-01-14T13:32:03.662Z	StillImage	COORDINATE_ROUNDED;CONTINENT_DERIVED_FROM_COORDINATES;TAXON_MATCH_TAXON_ID_IGNORED
4137743804	50c9509d-22c7-4a22-a47d-8c48425ef4a7	https://www.inaturalist.org/observations/166938498	Fungi	Basidiomycota	Agaricomycetes	Polyporales	Grifolaceae	Grifola	Grifola frondosa		SPECIES	Grifola frondosa (Dicks.) Gray	Grifola frondosa		CA		Ontario	PRESENT		28eb1a3f-1c15-4a95-931a-4af90ecb574d	45.334255	-75.809194	91.0						2020-10-01T13:46:03	1	10	2020	2540800	2540800	HUMAN_OBSERVATION	iNaturalist	Observations	166938498		dj_angryandrea	2023-06-12T01:52:50	CC_BY_NC_4_0	dj_angryandrea	dj_angryandrea			2025-01-14T12:38:09.442Z	StillImage	COORDINATE_ROUNDED;CONTINENT_DERIVED_FROM_COORDINATES;TAXON_MATCH_TAXON_ID_IGNORED
4133957147	50c9509d-22c7-4a22-a47d-8c48425ef4a7	https://www.inaturalist.org/observations/166666015	Fungi	Basidiomycota	Agaricomycetes	Polyporales	Grifolaceae	Grifola	Grifola frondosa		SPECIES	Grifola frondosa (Dicks.) Gray	Grifola frondosa		CA		Ontario	PRESENT		28eb1a3f-1c15-4a95-931a-4af90ecb574d	45.803111	-77.030612	100.0						2006-09-29	29	9	2006	2540800	2540800	HUMAN_OBSERVATION	iNaturalist	Observations	166666015		Daryl Coulson	2023-06-10T20:43:07	CC_BY_NC_4_0	Daryl Coulson	Daryl Coulson			2025-01-14T12:37:14.291Z	StillImage	COORDINATE_ROUNDED;CONTINENT_DERIVED_FROM_COORDINATES;TAXON_MATCH_TAXON_ID_IGNORED
4075572780	50c9509d-22c7-4a22-a47d-8c48425ef4a7	https://www.inaturalist.org/observations/136451543	Fungi	Basidiomycota	Agaricomycetes	Polyporales	Grifolaceae	Grifola	Grifola frondosa		SPECIES	Grifola frondosa (Dicks.) Gray	Grifola frondosa		CA		New Brunswick	PRESENT		28eb1a3f-1c15-4a95-931a-4af90ecb574d	45.53537	-65.824578	42.0						2022-09-25T11:18:43	25	9	2022	2540800	2540800	HUMAN_OBSERVATION	iNaturalist	Observations	136451543		Todd Ross	2022-09-25T16:56:30	CC_BY_NC_4_0	Todd Ross	Todd Ross			2025-01-14T13:31:42.840Z	StillImage	COORDINATE_ROUNDED;CONTINENT_DERIVED_FROM_COORDINATES;TAXON_MATCH_TAXON_ID_IGNORED
4018310646	50c9509d-22c7-4a22-a47d-8c48425ef4a7	https://www.inaturalist.org/observations/134737373	Fungi	Basidiomycota	Agaricomycetes	Polyporales	Grifolaceae	Grifola	Grifola frondosa		SPECIES	Grifola frondosa (Dicks.) Gray	Grifola frondosa		CA		Québec	PRESENT		28eb1a3f-1c15-4a95-931a-4af90ecb574d	46.750752	-71.311422	15.0						2022-09-11T10:57	11	9	2022	2540800	2540800	HUMAN_OBSERVATION	iNaturalist	Observations	134737373		Pierrick Bloin	2022-09-12T15:15:21	CC_BY_NC_4_0	Pierrick Bloin	Pierrick Bloin			2025-01-14T13:25:03.813Z	StillImage	COORDINATE_ROUNDED;CONTINENT_DERIVED_FROM_COORDINATES;TAXON_MATCH_TAXON_ID_IGNORED
3960969617	50c9509d-22c7-4a22-a47d-8c48425ef4a7	https://www.inaturalist.org/observations/138049821	Fungi	Basidiomycota	Agaricomycetes	Polyporales	Grifolaceae	Grifola	Grifola frondosa		SPECIES	Grifola frondosa (Dicks.) Gray	Grifola frondosa		CA		New Brunswick	PRESENT		28eb1a3f-1c15-4a95-931a-4af90ecb574d	46.087762	-64.778231	12214.0						2022-09-28T13:25:01	28	9	2022	2540800	2540800	HUMAN_OBSERVATION	iNaturalist	Observations	138049821		peoplemcnuggett	2022-10-08T23:31:41	CC_BY_NC_4_0	peoplemcnuggett	peoplemcnuggett			2025-01-14T13:25:50.725Z	StillImage	COORDINATE_ROUNDED;CONTINENT_DERIVED_FROM_COORDINATES;TAXON_MATCH_TAXON_ID_IGNORED
3947700647	50c9509d-22c7-4a22-a47d-8c48425ef4a7	https://www.inaturalist.org/observations/138973448	Fungi	Basidiomycota	Agaricomycetes	Polyporales	Grifolaceae	Grifola	Grifola frondosa		SPECIES	Grifola frondosa (Dicks.) Gray	Grifola frondosa		CA		Ontario	PRESENT		28eb1a3f-1c15-4a95-931a-4af90ecb574d	45.162733	-78.551589	40.0						2022-10-16T10:26:44	16	10	2022	2540800	2540800	HUMAN_OBSERVATION	iNaturalist	Observations	138973448		Ariel Bonkoski	2022-10-17T03:43:18	CC_BY_NC_4_0	mdbarrette	mdbarrette			2025-01-14T13:26:03.251Z	StillImage	COORDINATE_ROUNDED;CONTINENT_DERIVED_FROM_COORDINATES;TAXON_MATCH_TAXON_ID_IGNORED
3925440711	50c9509d-22c7-4a22-a47d-8c48425ef4a7	https://www.inaturalist.org/observations/137073768	Fungi	Basidiomycota	Agaricomycetes	Polyporales	Grifolaceae	Grifola	Grifola frondosa		SPECIES	Grifola frondosa (Dicks.) Gray	Grifola frondosa		CA		Québec	PRESENT		28eb1a3f-1c15-4a95-931a-4af90ecb574d	46.743685	-71.394427	29.0						2022-09-29T09:37:10	29	9	2022	2540800	2540800	HUMAN_OBSERVATION	iNaturalist	Observations	137073768		Camille Boucher	2022-09-30T21:15:24	CC_BY_NC_4_0	Camille Boucher	Camille Boucher			2025-01-14T13:25:39.851Z	StillImage	COORDINATE_ROUNDED;CONTINENT_DERIVED_FROM_COORDINATES;TAXON_MATCH_TAXON_ID_IGNORED
3925434709	50c9509d-22c7-4a22-a47d-8c48425ef4a7	https://www.inaturalist.org/observations/137332141	Fungi	Basidiomycota	Agaricomycetes	Polyporales	Grifolaceae	Grifola	Grifola frondosa		SPECIES	Grifola frondosa (Dicks.) Gray	Grifola frondosa		CA		Nova Scotia	PRESENT		28eb1a3f-1c15-4a95-931a-4af90ecb574d	45.095489	-64.793014	27222.0						2022-10-02T17:32:57	2	10	2022	2540800	2540800	HUMAN_OBSERVATION	iNaturalist	Observations	137332141		Ian Manning	2022-10-02T20:50:21	CC_BY_4_0	Ian Manning	Ian Manning			2025-01-14T13:31:29.188Z	StillImage	COORDINATE_ROUNDED;CONTINENT_DERIVED_FROM_COORDINATES;TAXON_MATCH_TAXON_ID_IGNORED
3925422448	50c9509d-22c7-4a22-a47d-8c48425ef4a7	https://www.inaturalist.org/observations/97680030	Fungi	Basidiomycota	Agaricomycetes	Polyporales	Grifolaceae	Grifola	Grifola frondosa		SPECIES	Grifola frondosa (Dicks.) Gray	Grifola frondosa		CA		Ontario	PRESENT		28eb1a3f-1c15-4a95-931a-4af90ecb574d	45.50422	-75.41538	65.0						2021-10-09T14:47:42	9	10	2021	2540800	2540800	HUMAN_OBSERVATION	iNaturalist	Observations	97680030		asimmie	2021-10-23T15:17:34	CC_BY_NC_4_0	asimmie	asimmie			2025-01-14T13:11:56.221Z	StillImage	COORDINATE_ROUNDED;CONTINENT_DERIVED_FROM_COORDINATES;TAXON_MATCH_TAXON_ID_IGNORED
3925414033	50c9509d-22c7-4a22-a47d-8c48425ef4a7	https://www.inaturalist.org/observations/137793391	Fungi	Basidiomycota	Agaricomycetes	Polyporales	Grifolaceae	Grifola	Grifola frondosa		SPECIES	Grifola frondosa (Dicks.) Gray	Grifola frondosa		CA		Québec	PRESENT		28eb1a3f-1c15-4a95-931a-4af90ecb574d	45.430967	-73.947598							2022-10-06T13:12	6	10	2022	2540800	2540800	HUMAN_OBSERVATION	iNaturalist	Observations	137793391		Madz	2022-10-06T20:55:27	CC_BY_NC_4_0	Madz	Madz			2025-01-14T12:33:39.955Z	StillImage	COORDINATE_ROUNDED;CONTINENT_DERIVED_FROM_COORDINATES;TAXON_MATCH_TAXON_ID_IGNORED
3925189015	50c9509d-22c7-4a22-a47d-8c48425ef4a7	https://www.inaturalist.org/observations/137798274	Fungi	Basidiomycota	Agaricomycetes	Polyporales	Grifolaceae	Grifola	Grifola frondosa		SPECIES	Grifola frondosa (Dicks.) Gray	Grifola frondosa		CA		Québec	PRESENT		28eb1a3f-1c15-4a95-931a-4af90ecb574d	45.402747	-73.949952							2022-09-24T11:16	24	9	2022	2540800	2540800	HUMAN_OBSERVATION	iNaturalist	Observations	137798274		Madz	2022-10-06T21:41:39	CC_BY_NC_4_0	Madz	Madz			2025-01-14T13:25:50.049Z	StillImage	COORDINATE_ROUNDED;CONTINENT_DERIVED_FROM_COORDINATES;TAXON_MATCH_TAXON_ID_IGNORED
3925139695	50c9509d-22c7-4a22-a47d-8c48425ef4a7	https://www.inaturalist.org/observations/136865928	Fungi	Basidiomycota	Agaricomycetes	Polyporales	Grifolaceae	Grifola	Grifola frondosa		SPECIES	Grifola frondosa (Dicks.) Gray	Grifola frondosa		CA		Québec	PRESENT		28eb1a3f-1c15-4a95-931a-4af90ecb574d	45.639237	-75.937058	13.0						2022-09-28T17:30:14	28	9	2022	2540800	2540800	HUMAN_OBSERVATION	iNaturalist	Observations	136865928		Celine Perrier	2022-09-29T00:28:50	CC_BY_NC_4_0	Celine Perrier	Celine Perrier			2025-01-14T13:25:54.107Z	StillImage	COORDINATE_ROUNDED;CONTINENT_DERIVED_FROM_COORDINATES;TAXON_MATCH_TAXON_ID_IGNORED
3925134619	50c9509d-22c7-4a22-a47d-8c48425ef4a7	https://www.inaturalist.org/observations/134317660	Fungi	Basidiomycota	Agaricomycetes	Polyporales	Grifolaceae	Grifola	Grifola frondosa		SPECIES	Grifola frondosa (Dicks.) Gray	Grifola frondosa		CA		Ontario	PRESENT		28eb1a3f-1c15-4a95-931a-4af90ecb574d	45.199453	-76.238786	122.0						2022-09-09T12:05	9	9	2022	2540800	2540800	HUMAN_OBSERVATION	iNaturalist	Observations	134317660		almonteallisons	2022-09-09T17:22:57	CC_BY_NC_4_0	almonteallisons	almonteallisons			2025-01-14T13:20:04.933Z	StillImage	COORDINATE_ROUNDED;CONTINENT_DERIVED_FROM_COORDINATES;TAXON_MATCH_TAXON_ID_IGNORED
3925082383	50c9509d-22c7-4a22-a47d-8c48425ef4a7	https://www.inaturalist.org/observations/59073952	Fungi	Basidiomycota	Agaricomycetes	Polyporales	Grifolaceae	Grifola	Grifola frondosa		SPECIES	Grifola frondosa (Dicks.) Gray	Grifola frondosa		CA		Ontario	PRESENT		28eb1a3f-1c15-4a95-931a-4af90ecb574d	45.064708	-77.282805	5.0						2020-09-09T14:10:14	9	9	2020	2540800	2540800	HUMAN_OBSERVATION	iNaturalist	Observations	59073952		Colleen Duncan	2020-09-09T20:20:08	CC_BY_NC_4_0	Colleen Duncan	Colleen Duncan			2025-01-14T12:15:39.620Z	StillImage	COORDINATE_ROUNDED;CONTINENT_DERIVED_FROM_COORDINATES;TAXON_MATCH_TAXON_ID_IGNORED
3925075784	50c9509d-22c7-4a22-a47d-8c48425ef4a7	https://www.inaturalist.org/observations/137588586	Fungi	Basidiomycota	Agaricomycetes	Polyporales	Grifolaceae	Grifola	Grifola frondosa		SPECIES	Grifola frondosa (Dicks.) Gray	Grifola frondosa		CA		Ontario	PRESENT		28eb1a3f-1c15-4a95-931a-4af90ecb574d	45.408	-75.927							2022-10-02T13:37:31	2	10	2022	2540800	2540800	HUMAN_OBSERVATION	iNaturalist	Observations	137588586		trailtime55	2022-10-05T01:03:15	CC_BY_NC_4_0	trailtime55	trailtime55			2025-01-14T12:32:03.952Z	StillImage	CONTINENT_DERIVED_FROM_COORDINATES;TAXON_MATCH_TAXON_ID_IGNORED
3925075676	50c9509d-22c7-4a22-a47d-8c48425ef4a7	https://www.inaturalist.org/observations/136443945	Fungi	Basidiomycota	Agaricomycetes	Polyporales	Grifolaceae	Grifola	Grifola frondosa		SPECIES	Grifola frondosa (Dicks.) Gray	Grifola frondosa		CA		Québec	PRESENT		28eb1a3f-1c15-4a95-931a-4af90ecb574d	45.470353	-75.806563	24.0						2022-09-25T11:31:47	25	9	2022	2540800	2540800	HUMAN_OBSERVATION	iNaturalist	Observations	136443945		Ryan Leys	2022-09-25T16:03:30	CC_BY_NC_4_0	Ryan Leys	Ryan Leys			2025-01-14T13:17:31.968Z	StillImage	COORDINATE_ROUNDED;CONTINENT_DERIVED_FROM_COORDINATES;TAXON_MATCH_TAXON_ID_IGNORED
3915604738	50c9509d-22c7-4a22-a47d-8c48425ef4a7	https://www.inaturalist.org/observations/136285980	Fungi	Basidiomycota	Agaricomycetes	Polyporales	Grifolaceae	Grifola	Grifola frondosa		SPECIES	Grifola frondosa (Dicks.) Gray	Grifola frondosa		CA		Ontario	PRESENT		28eb1a3f-1c15-4a95-931a-4af90ecb574d	45.102753	-77.849182	4.0						2022-09-24T11:18:55	24	9	2022	2540800	2540800	HUMAN_OBSERVATION	iNaturalist	Observations	136285980		Diana Smith	2022-09-24T15:19:05	CC_BY_NC_4_0	Diana Smith	Diana Smith			2025-01-14T13:25:37.999Z	StillImage	COORDINATE_ROUNDED;CONTINENT_DERIVED_FROM_COORDINATES;TAXON_MATCH_TAXON_ID_IGNORED
3915588255	50c9509d-22c7-4a22-a47d-8c48425ef4a7	https://www.inaturalist.org/observations/136513965	Fungi	Basidiomycota	Agaricomycetes	Polyporales	Grifolaceae	Grifola	Grifola frondosa		SPECIES	Grifola frondosa (Dicks.) Gray	Grifola frondosa		CA		Québec	PRESENT		28eb1a3f-1c15-4a95-931a-4af90ecb574d	45.616603	-75.988663	10.0						2022-09-25T15:25:43	25	9	2022	2540800	2540800	HUMAN_OBSERVATION	iNaturalist	Observations	136513965		Jyhenry	2022-09-26T00:20:02	CC_BY_NC_4_0	Jyhenry	Jyhenry			2025-01-14T13:31:23.293Z	StillImage	COORDINATE_ROUNDED;CONTINENT_DERIVED_FROM_COORDINATES;TAXON_MATCH_TAXON_ID_IGNORED
3915419954	50c9509d-22c7-4a22-a47d-8c48425ef4a7	https://www.inaturalist.org/observations/135868258	Fungi	Basidiomycota	Agaricomycetes	Polyporales	Grifolaceae	Grifola	Grifola frondosa		SPECIES	Grifola frondosa (Dicks.) Gray	Grifola frondosa		CA		Ontario	PRESENT		28eb1a3f-1c15-4a95-931a-4af90ecb574d	45.29903	-75.821755	9.0						2022-09-20T17:42:07	20	9	2022	2540800	2540800	HUMAN_OBSERVATION	iNaturalist	Observations	135868258		bharkness	2022-09-21T02:37:03	CC_BY_NC_4_0	bharkness	bharkness			2025-01-14T12:31:58.182Z	StillImage	CONTINENT_DERIVED_FROM_COORDINATES;TAXON_MATCH_TAXON_ID_IGNORED
3912320769	50c9509d-22c7-4a22-a47d-8c48425ef4a7	https://www.inaturalist.org/observations/134570742	Fungi	Basidiomycota	Agaricomycetes	Polyporales	Grifolaceae	Grifola	Grifola frondosa		SPECIES	Grifola frondosa (Dicks.) Gray	Grifola frondosa		CA		Québec	PRESENT		28eb1a3f-1c15-4a95-931a-4af90ecb574d	45.391357	-72.702499	4.0						2022-09-11T09:18:32	11	9	2022	2540800	2540800	HUMAN_OBSERVATION	iNaturalist	Observations	134570742		julie13659	2022-09-11T13:18:42	CC_BY_NC_4_0	julie13659	julie13659			2025-01-14T13:25:23.804Z	StillImage	COORDINATE_ROUNDED;CONTINENT_DERIVED_FROM_COORDINATES;TAXON_MATCH_TAXON_ID_IGNORED
3911991996	50c9509d-22c7-4a22-a47d-8c48425ef4a7	https://www.inaturalist.org/observations/134913426	Fungi	Basidiomycota	Agaricomycetes	Polyporales	Grifolaceae	Grifola	Grifola frondosa		SPECIES	Grifola frondosa (Dicks.) Gray	Grifola frondosa		CA		Québec	PRESENT		28eb1a3f-1c15-4a95-931a-4af90ecb574d	45.356979	-71.828652	41.0						2022-09-13T16:13:37	13	9	2022	2540800	2540800	HUMAN_OBSERVATION	iNaturalist	Observations	134913426		loudbass	2022-09-13T21:24:04	CC_BY_NC_4_0	loudbass	loudbass			2025-01-14T12:31:52.265Z	StillImage	COORDINATE_ROUNDED;CONTINENT_DERIVED_FROM_COORDINATES;TAXON_MATCH_TAXON_ID_IGNORED
3903397898	50c9509d-22c7-4a22-a47d-8c48425ef4a7	https://www.inaturalist.org/observations/133215771	Fungi	Basidiomycota	Agaricomycetes	Polyporales	Grifolaceae	Grifola	Grifola frondosa		SPECIES	Grifola frondosa (Dicks.) Gray	Grifola frondosa		CA		Québec	PRESENT		28eb1a3f-1c15-4a95-931a-4af90ecb574d	45.441983	-73.601337	105.0						2022-09-01T11:24:09	1	9	2022	2540800	2540800	HUMAN_OBSERVATION	iNaturalist	Observations	133215771		olimski	2022-09-01T15:25:53	CC_BY_NC_4_0	olimski	olimski			2025-01-14T12:31:38.530Z	StillImage	COORDINATE_ROUNDED;CONTINENT_DERIVED_FROM_COORDINATES;TAXON_MATCH_TAXON_ID_IGNORED
3902148959	50c9509d-22c7-4a22-a47d-8c48425ef4a7	https://www.inaturalist.org/observations/98111587	Fungi	Basidiomycota	Agaricomycetes	Polyporales	Grifolaceae	Grifola	Grifola frondosa		SPECIES	Grifola frondosa (Dicks.) Gray	Grifola frondosa		CA		Nova Scotia	PRESENT		28eb1a3f-1c15-4a95-931a-4af90ecb574d	45.099457	-64.292198	65.0						2021-10-13T13:06:35	13	10	2021	2540800	2540800	HUMAN_OBSERVATION	iNaturalist	Observations	98111587		williamg7	2021-10-13T16:06:44	CC_BY_NC_4_0	williamg7	williamg7			2025-01-14T12:25:10.859Z	StillImage	COORDINATE_ROUNDED;CONTINENT_DERIVED_FROM_COORDINATES;TAXON_MATCH_TAXON_ID_IGNORED
3759666755	50c9509d-22c7-4a22-a47d-8c48425ef4a7	https://www.inaturalist.org/observations/98601425	Fungi	Basidiomycota	Agaricomycetes	Polyporales	Grifolaceae	Grifola	Grifola frondosa		SPECIES	Grifola frondosa (Dicks.) Gray	Grifola frondosa		CA		Ontario	PRESENT		28eb1a3f-1c15-4a95-931a-4af90ecb574d	45.199033	-76.238362	1.0						2021-10-10T15:38	10	10	2021	2540800	2540800	HUMAN_OBSERVATION	iNaturalist	Observations	98601425		almonteallisons	2021-10-18T13:23:01	CC_BY_NC_4_0	almonteallisons	almonteallisons			2025-01-14T12:22:42.590Z	StillImage	COORDINATE_ROUNDED;CONTINENT_DERIVED_FROM_COORDINATES;TAXON_MATCH_TAXON_ID_IGNORED
3415590453	50c9509d-22c7-4a22-a47d-8c48425ef4a7	https://www.inaturalist.org/observations/101382850	Fungi	Basidiomycota	Agaricomycetes	Polyporales	Grifolaceae	Grifola	Grifola frondosa		SPECIES	Grifola frondosa (Dicks.) Gray	Grifola frondosa		CA		Ontario	PRESENT		28eb1a3f-1c15-4a95-931a-4af90ecb574d	45.111717	-78.796188	101.0						2020-09-03T15:57:07	3	9	2020	2540800	2540800	HUMAN_OBSERVATION	iNaturalist	Observations	101382850		deliagino3	2021-11-18T05:46:33	CC_BY_NC_4_0	deliagino3	deliagino3			2025-01-14T13:12:20.675Z	StillImage	COORDINATE_ROUNDED;CONTINENT_DERIVED_FROM_COORDINATES;TAXON_MATCH_TAXON_ID_IGNORED
3408173520	50c9509d-22c7-4a22-a47d-8c48425ef4a7	https://www.inaturalist.org/observations/94104296	Fungi	Basidiomycota	Agaricomycetes	Polyporales	Grifolaceae	Grifola	Grifola frondosa		SPECIES	Grifola frondosa (Dicks.) Gray	Grifola frondosa		CA		New Brunswick	PRESENT		28eb1a3f-1c15-4a95-931a-4af90ecb574d	45.788587	-66.128464							2021-09-08T10:58:30	8	9	2021	2540800	2540800	HUMAN_OBSERVATION	iNaturalist	Observations	94104296		rinrat86	2021-09-08T14:00:18	CC_BY_NC_4_0	rinrat86	rinrat86			2025-01-14T12:21:40.467Z	StillImage	COORDINATE_ROUNDED;CONTINENT_DERIVED_FROM_COORDINATES;TAXON_MATCH_TAXON_ID_IGNORED
3391309532	50c9509d-22c7-4a22-a47d-8c48425ef4a7	https://www.inaturalist.org/observations/95726691	Fungi	Basidiomycota	Agaricomycetes	Polyporales	Grifolaceae	Grifola	Grifola frondosa		SPECIES	Grifola frondosa (Dicks.) Gray	Grifola frondosa		CA		Nova Scotia	PRESENT		28eb1a3f-1c15-4a95-931a-4af90ecb574d	45.085579	-64.362559	23.0						2021-09-20T10:13:07	20	9	2021	2540800	2540800	HUMAN_OBSERVATION	iNaturalist	Observations	95726691		beccam333	2021-09-22T03:37:48	CC_BY_NC_4_0	beccam333	beccam333			2025-01-14T12:21:12.233Z	StillImage	COORDINATE_ROUNDED;CONTINENT_DERIVED_FROM_COORDINATES;TAXON_MATCH_TAXON_ID_IGNORED
3385119286	50c9509d-22c7-4a22-a47d-8c48425ef4a7	https://www.inaturalist.org/observations/97136472	Fungi	Basidiomycota	Agaricomycetes	Polyporales	Grifolaceae	Grifola	Grifola frondosa		SPECIES	Grifola frondosa (Dicks.) Gray	Grifola frondosa		CA		Québec	PRESENT		28eb1a3f-1c15-4a95-931a-4af90ecb574d	46.795413	-71.405113	26967.0						2021-10-04T07:58:48	4	10	2021	2540800	2540800	HUMAN_OBSERVATION	iNaturalist	Observations	97136472		Hilde Marie Johansen	2021-10-04T12:42:47	CC_BY_NC_4_0	Hilde Marie Johansen	Hilde Marie Johansen			2025-01-14T12:23:04.325Z	StillImage	COORDINATE_ROUNDED;CONTINENT_DERIVED_FROM_COORDINATES;TAXON_MATCH_TAXON_ID_IGNORED
3384741332	50c9509d-22c7-4a22-a47d-8c48425ef4a7	https://www.inaturalist.org/observations/96163755	Fungi	Basidiomycota	Agaricomycetes	Polyporales	Grifolaceae	Grifola	Grifola frondosa		SPECIES	Grifola frondosa (Dicks.) Gray	Grifola frondosa		CA		Québec	PRESENT		28eb1a3f-1c15-4a95-931a-4af90ecb574d	45.544117	-73.314995							2021-09-25T13:13:33	25	9	2021	2540800	2540800	HUMAN_OBSERVATION	iNaturalist	Observations	96163755		wingycheung	2021-09-26T00:12:23	CC_BY_NC_4_0	wingycheung	wingycheung			2025-01-14T13:10:42.049Z	StillImage	COORDINATE_ROUNDED;CONTINENT_DERIVED_FROM_COORDINATES;TAXON_MATCH_TAXON_ID_IGNORED
3384449345	50c9509d-22c7-4a22-a47d-8c48425ef4a7	https://www.inaturalist.org/observations/96283559	Fungi	Basidiomycota	Agaricomycetes	Polyporales	Grifolaceae	Grifola	Grifola frondosa		SPECIES	Grifola frondosa (Dicks.) Gray	Grifola frondosa		CA		Québec	PRESENT		28eb1a3f-1c15-4a95-931a-4af90ecb574d	45.492369	-75.843031							2021-09-26T11:47:29	26	9	2021	2540800	2540800	HUMAN_OBSERVATION	iNaturalist	Observations	96283559		Johann Wagner	2021-09-26T21:01:11	CC_BY_NC_4_0	Johann Wagner	Johann Wagner			2025-01-14T13:15:38.261Z	StillImage	COORDINATE_ROUNDED;CONTINENT_DERIVED_FROM_COORDINATES;TAXON_MATCH_TAXON_ID_IGNORED
3384252552	50c9509d-22c7-4a22-a47d-8c48425ef4a7	https://www.inaturalist.org/observations/62127932	Fungi	Basidiomycota	Agaricomycetes	Polyporales	Grifolaceae	Grifola	Grifola frondosa		SPECIES	Grifola frondosa (Dicks.) Gray	Grifola frondosa		CA		Ontario	PRESENT		28eb1a3f-1c15-4a95-931a-4af90ecb574d	45.060733	-78.462442	200.0						2020-09-26T08:50:13	26	9	2020	2540800	2540800	HUMAN_OBSERVATION	iNaturalist	Observations	62127932		casschowns	2020-10-09T17:56:12	CC_BY_NC_4_0	casschowns	casschowns			2025-01-14T13:10:22.761Z	StillImage	COORDINATE_ROUNDED;CONTINENT_DERIVED_FROM_COORDINATES;TAXON_MATCH_TAXON_ID_IGNORED
3384060884	50c9509d-22c7-4a22-a47d-8c48425ef4a7	https://www.inaturalist.org/observations/95727180	Fungi	Basidiomycota	Agaricomycetes	Polyporales	Grifolaceae	Grifola	Grifola frondosa		SPECIES	Grifola frondosa (Dicks.) Gray	Grifola frondosa		CA		Ontario	PRESENT		28eb1a3f-1c15-4a95-931a-4af90ecb574d	45.269184	-75.79718							2021-09-21T18:05:18	21	9	2021	2540800	2540800	HUMAN_OBSERVATION	iNaturalist	Observations	95727180		Alexis Williams	2021-09-22T03:45:20	CC_BY_4_0	Alexis Williams	Alexis Williams			2025-01-14T12:24:36.882Z	StillImage	COORDINATE_ROUNDED;CONTINENT_DERIVED_FROM_COORDINATES;TAXON_MATCH_TAXON_ID_IGNORED
3079488913	50c9509d-22c7-4a22-a47d-8c48425ef4a7	https://www.inaturalist.org/observations/58990246	Fungi	Basidiomycota	Agaricomycetes	Polyporales	Grifolaceae	Grifola	Grifola frondosa		SPECIES	Grifola frondosa (Dicks.) Gray	Grifola frondosa		CA		Ontario	PRESENT		28eb1a3f-1c15-4a95-931a-4af90ecb574d	45.433383	-76.326347	96.0						2020-09-08T15:25:08	8	9	2020	2540800	2540800	HUMAN_OBSERVATION	iNaturalist	Observations	58990246		Igor Khomenko	2020-09-08T21:25:54	CC_BY_NC_4_0	Igor Khomenko	Igor Khomenko			2025-01-14T12:14:48.804Z	StillImage	COORDINATE_ROUNDED;CONTINENT_DERIVED_FROM_COORDINATES;TAXON_MATCH_TAXON_ID_IGNORED
3058707599	50c9509d-22c7-4a22-a47d-8c48425ef4a7	https://www.inaturalist.org/observations/61291999	Fungi	Basidiomycota	Agaricomycetes	Polyporales	Grifolaceae	Grifola	Grifola frondosa		SPECIES	Grifola frondosa (Dicks.) Gray	Grifola frondosa		CA		Québec	PRESENT		28eb1a3f-1c15-4a95-931a-4af90ecb574d	45.556015	-73.320183							2020-09-26T11:44:54	26	9	2020	2540800	2540800	HUMAN_OBSERVATION	iNaturalist	Observations	61291999		wingycheung	2020-09-30T12:18:27	CC_BY_NC_4_0	wingycheung	wingycheung			2025-01-14T13:06:07.142Z	StillImage	COORDINATE_ROUNDED;CONTINENT_DERIVED_FROM_COORDINATES;TAXON_MATCH_TAXON_ID_IGNORED
2901541120	50c9509d-22c7-4a22-a47d-8c48425ef4a7	https://www.inaturalist.org/observations/63090373	Fungi	Basidiomycota	Agaricomycetes	Polyporales	Grifolaceae	Grifola	Grifola frondosa		SPECIES	Grifola frondosa (Dicks.) Gray	Grifola frondosa		CA		Québec	PRESENT		28eb1a3f-1c15-4a95-931a-4af90ecb574d	45.356972	-71.828651	61.0						2020-10-20T10:05:18	20	10	2020	2540800	2540800	HUMAN_OBSERVATION	iNaturalist	Observations	63090373		loudbass	2020-10-20T14:06:22	CC_BY_NC_4_0	loudbass	loudbass			2025-01-14T12:16:12.731Z	StillImage	COORDINATE_ROUNDED;CONTINENT_DERIVED_FROM_COORDINATES;TAXON_MATCH_TAXON_ID_IGNORED
2868102522	50c9509d-22c7-4a22-a47d-8c48425ef4a7	https://www.inaturalist.org/observations/58254392	Fungi	Basidiomycota	Agaricomycetes	Polyporales	Grifolaceae	Grifola	Grifola frondosa		SPECIES	Grifola frondosa (Dicks.) Gray	Grifola frondosa		CA		Québec	PRESENT		28eb1a3f-1c15-4a95-931a-4af90ecb574d	45.490676	-73.731724	27158.0						2020-08-30T08:26:23	30	8	2020	2540800	2540800	HUMAN_OBSERVATION	iNaturalist	Observations	58254392		Eric Richard	2020-09-01T16:29:38	CC_BY_NC_4_0	Eric Richard	Eric Richard			2025-01-14T12:14:32.614Z	StillImage	COORDINATE_ROUNDED;CONTINENT_DERIVED_FROM_COORDINATES;TAXON_MATCH_TAXON_ID_IGNORED
2864561328	50c9509d-22c7-4a22-a47d-8c48425ef4a7	https://www.inaturalist.org/observations/27511692	Fungi	Basidiomycota	Agaricomycetes	Polyporales	Grifolaceae	Grifola	Grifola frondosa		SPECIES	Grifola frondosa (Dicks.) Gray	Grifola frondosa		CA		Québec	PRESENT		28eb1a3f-1c15-4a95-931a-4af90ecb574d	45.465575	-75.807625	4.0						2018-10-04T12:09	4	10	2018	2540800	2540800	HUMAN_OBSERVATION	iNaturalist	Observations	27511692		Alexis Williams	2019-06-23T16:50:51	CC_BY_4_0	Alexis Williams	Alexis Williams			2025-01-14T12:07:48.696Z	StillImage	COORDINATE_ROUNDED;CONTINENT_DERIVED_FROM_COORDINATES;TAXON_MATCH_TAXON_ID_IGNORED
2579272719	50c9509d-22c7-4a22-a47d-8c48425ef4a7	https://www.inaturalist.org/observations/33754320	Fungi	Basidiomycota	Agaricomycetes	Polyporales	Grifolaceae	Grifola	Grifola frondosa		SPECIES	Grifola frondosa (Dicks.) Gray	Grifola frondosa		CA		Ontario	PRESENT		28eb1a3f-1c15-4a95-931a-4af90ecb574d	45.38568	-75.701738	8.0						2019-10-01T14:55	1	10	2019	2540800	2540800	HUMAN_OBSERVATION	iNaturalist	Observations	33754320		Sandy Garland	2019-10-02T15:16:48	CC_BY_NC_4_0	Sandy Garland	Sandy Garland			2025-01-14T12:10:24.872Z	StillImage	COORDINATE_ROUNDED;CONTINENT_DERIVED_FROM_COORDINATES;TAXON_MATCH_TAXON_ID_IGNORED
2465190519	50c9509d-22c7-4a22-a47d-8c48425ef4a7	https://www.inaturalist.org/observations/33843231	Fungi	Basidiomycota	Agaricomycetes	Polyporales	Grifolaceae	Grifola	Grifola frondosa		SPECIES	Grifola frondosa (Dicks.) Gray	Grifola frondosa		CA		Nova Scotia	PRESENT		28eb1a3f-1c15-4a95-931a-4af90ecb574d	45.08957	-64.382671	101.0						2019-10-01T15:42:30	1	10	2019	2540800	2540800	HUMAN_OBSERVATION	iNaturalist	Observations	33843231		keelercolton	2019-10-04T15:04:54	CC_BY_NC_4_0	keelercolton	keelercolton			2025-01-14T12:10:49.135Z	StillImage	COORDINATE_ROUNDED;CONTINENT_DERIVED_FROM_COORDINATES;TAXON_MATCH_TAXON_ID_IGNORED
2445123635	50c9509d-22c7-4a22-a47d-8c48425ef4a7	https://www.inaturalist.org/observations/34353573	Fungi	Basidiomycota	Agaricomycetes	Polyporales	Grifolaceae	Grifola	Grifola frondosa		SPECIES	Grifola frondosa (Dicks.) Gray	Grifola frondosa		CA		New Brunswick	PRESENT		28eb1a3f-1c15-4a95-931a-4af90ecb574d	46.220197	-64.534687	3733.0						2010-10-03T14:40	3	10	2010	2540800	2540800	HUMAN_OBSERVATION	iNaturalist	Observations	34353573		Raymonde G Chartier	2019-10-14T12:07:17	CC_BY_NC_4_0	Raymonde G Chartier	Raymonde G Chartier			2025-01-14T12:09:33.949Z	StillImage	COORDINATE_ROUNDED;CONTINENT_DERIVED_FROM_COORDINATES;TAXON_MATCH_TAXON_ID_IGNORED
1807258458	e8a25a42-f125-476c-8554-3ec21cd51a84	ACAD:115157	Fungi	Basidiomycota	Agaricomycetes	Polyporales	Grifolaceae	Grifola	Grifola frondosa		SPECIES	Grifola frondosa (Dicks.) Gray	Grifola frondosa (Dicks.) Gray	(Dicks.) Gray	CA	Kentville	Nova Scotia	PRESENT		6491ad8c-8e49-4bd4-a089-0ddb3bbe0890	45.07662	-64.49592							1933-10-09	9	10	1933	2540800	2540800	PRESERVED_SPECIMEN	Acadia University	ACAD	7AF	7A			CC0_1_0	Acadia University	H, KA			2024-01-25T01:36:59.555Z	StillImage	GEODETIC_DATUM_INVALID;GEODETIC_DATUM_ASSUMED_WGS84;TAXON_MATCH_TAXON_ID_IGNORED;INSTITUTION_MATCH_FUZZY;COLLECTION_MATCH_FUZZY
1807255120	e8a25a42-f125-476c-8554-3ec21cd51a84	ACAD:111710	Fungi	Basidiomycota	Agaricomycetes	Polyporales	Grifolaceae	Grifola	Grifola frondosa		SPECIES	Grifola frondosa (Dicks.) Gray	Grifola frondosa (Dicks.) Gray	(Dicks.) Gray	CA	Kentville	Nova Scotia	PRESENT		6491ad8c-8e49-4bd4-a089-0ddb3bbe0890	45.07662	-64.49592							1951-10-03	3	10	1951	2540800	2540800	PRESERVED_SPECIMEN	Acadia University	ACAD	1348F	1348			CC0_1_0	Acadia University	H, KA			2024-01-25T01:37:07.104Z	StillImage	GEODETIC_DATUM_INVALID;GEODETIC_DATUM_ASSUMED_WGS84;TAXON_MATCH_TAXON_ID_IGNORED;INSTITUTION_MATCH_FUZZY;COLLECTION_MATCH_FUZZY
1135068608	21705170-d2b6-42de-8904-c3bca4b83591	CMMF007130	Fungi	Basidiomycota	Agaricomycetes	Polyporales	Grifolaceae	Grifola	Grifola frondosa		SPECIES	Grifola frondosa (Dicks.) Gray	Grifola frondosa (Dicks.) Gray	(Dicks.) Gray	CA	Mirabel (Chemin de la Rivière du Nord)	Québec	PRESENT		ff7bd5db-b724-4932-b496-10ea298851f9	45.683917	-74.2185	100.0						2005-09-24	24	9	2005	2540800	2540800	PRESERVED_SPECIMEN	Université de Montréal Biodiversity Centre	CMMF	CMMF007130	C2561	McNeil, Raymond		CC0_1_0	Université de Montréal Biodiversity Centre	McNeil, Raymond			2024-01-24T16:38:21.169Z	StillImage	COORDINATE_ROUNDED;INSTITUTION_MATCH_FUZZY;COLLECTION_MATCH_FUZZY;DIFFERENT_OWNER_INSTITUTION
1135068043	21705170-d2b6-42de-8904-c3bca4b83591	CMMF006547	Fungi	Basidiomycota	Agaricomycetes	Polyporales	Grifolaceae	Grifola	Grifola frondosa		SPECIES	Grifola frondosa (Dicks.) Gray	Grifola frondosa (Dicks.) Gray	(Dicks.) Gray	CA	Châteauguay (Île St-Bernard)	Québec	PRESENT		ff7bd5db-b724-4932-b496-10ea298851f9	45.39625	-73.76295	100.0						2008-09-15	15	9	2008	2540800	2540800	PRESERVED_SPECIMEN	Université de Montréal Biodiversity Centre	CMMF	CMMF006547	C3430	McNeil, Raymond		CC0_1_0	Université de Montréal Biodiversity Centre	McNeil, Raymond			2024-01-24T16:38:18.380Z	StillImage	INSTITUTION_MATCH_FUZZY;COLLECTION_MATCH_FUZZY;DIFFERENT_OWNER_INSTITUTION
1135067311	21705170-d2b6-42de-8904-c3bca4b83591	CMMF005838	Fungi	Basidiomycota	Agaricomycetes	Polyporales	Grifolaceae	Grifola	Grifola frondosa		SPECIES	Grifola frondosa (Dicks.) Gray	Grifola frondosa (Dicks.) Gray	(Dicks.) Gray	CA	Châteauguay (Centre écologique Fernand-Seguin)	Québec	PRESENT		ff7bd5db-b724-4932-b496-10ea298851f9	45.33983	-73.773917	100.0						2013-09-05	5	9	2013	2540800	2540800	PRESERVED_SPECIMEN	Université de Montréal Biodiversity Centre	CMMF	CMMF005838	C4269	McNeil, Raymond		CC0_1_0	Université de Montréal Biodiversity Centre	McNeil, Raymond			2024-01-24T16:38:16.692Z	StillImage	COORDINATE_ROUNDED;INSTITUTION_MATCH_FUZZY;COLLECTION_MATCH_FUZZY;DIFFERENT_OWNER_INSTITUTION
1135067303	21705170-d2b6-42de-8904-c3bca4b83591	CMMF005837	Fungi	Basidiomycota	Agaricomycetes	Polyporales	Grifolaceae	Grifola	Grifola frondosa		SPECIES	Grifola frondosa (Dicks.) Gray	Grifola frondosa (Dicks.) Gray	(Dicks.) Gray	CA	Châteauguay (Centre écologique Fernand-Seguin)	Québec	PRESENT		ff7bd5db-b724-4932-b496-10ea298851f9	45.33983	-73.773917	100.0						2006-09-16	16	9	2006	2540800	2540800	PRESERVED_SPECIMEN	Université de Montréal Biodiversity Centre	CMMF	CMMF005837	Inexistant	McNeil, Raymond		CC0_1_0	Université de Montréal Biodiversity Centre	McNeil, Raymond			2024-01-24T16:38:16.692Z	StillImage	COORDINATE_ROUNDED;INSTITUTION_MATCH_FUZZY;COLLECTION_MATCH_FUZZY;DIFFERENT_OWNER_INSTITUTION
