gbifID	datasetKey	occurrenceID	kingdom	phylum	class	order	family	genus	species	infraspecificEpithet	taxonRank	scientificName	verbatimScientificName	verbatimScientificNameAuthorship	countryCode	locality	stateProvince	occurrenceStatus	individualCount	publishingOrgKey	decimalLatitude	decimalLongitude	coordinateUncertaintyInMeters	coordinatePrecision	elevation	elevationAccuracy	depth	depthAccuracy	eventDate	day	month	year	taxonKey	speciesKey	basisOfRecord	institutionCode	collectionCode	catalogNumber	recordNumber	identifiedBy	dateIdentified	license	rightsHolder	recordedBy	typeStatus	establishmentMeans	lastInterpreted	mediaType	issue
617552250	21705170-d2b6-42de-8904-c3bca4b83591	CMMF003072	Fungi	Basidiomycota	Agaricomycetes	Agaricales	Pluteaceae	Volvariella	Volvariella bombycina		SPECIES	Volvariella bombycina (Schaeff.) Singer	Volvariella bombycina (Schaeff.) Singer	(Schaeff.) Singer	CA	Rigaud	Québec	PRESENT		ff7bd5db-b724-4932-b496-10ea298851f9	45.473408	-74.321286	9000.0						1997-08-21	21	8	1997	5241399	5241399	PRESERVED_SPECIMEN	Université de Montréal Biodiversity Centre	CMMF	CMMF003072		Lamoureux, Yves		CC0_1_0	Université de Montréal Biodiversity Centre	Dumont, Philippe			2024-01-24T16:38:16.664Z	StillImage	INSTITUTION_MATCH_FUZZY;COLLECTION_MATCH_FUZZY;DIFFERENT_OWNER_INSTITUTION
617551889	21705170-d2b6-42de-8904-c3bca4b83591	CMMF002906	Fungi	Basidiomycota	Agaricomycetes	Agaricales	Pluteaceae	Volvariella	Volvariella bombycina		SPECIES	Volvariella bombycina (Schaeff.) Singer	Volvariella bombycina (Schaeff.) Singer	(Schaeff.) Singer	CA	Montréal	Québec	PRESENT		ff7bd5db-b724-4932-b496-10ea298851f9	45.509625	-73.662984	25000.0						1996-08-25	25	8	1996	5241399	5241399	PRESERVED_SPECIMEN	Université de Montréal Biodiversity Centre	CMMF	CMMF002906		Nadon, Richard		CC0_1_0	Université de Montréal Biodiversity Centre	Nadon, Richard			2024-01-24T16:38:20.863Z	StillImage	INSTITUTION_MATCH_FUZZY;COLLECTION_MATCH_FUZZY;DIFFERENT_OWNER_INSTITUTION
617548969	21705170-d2b6-42de-8904-c3bca4b83591	CMMF001640	Fungi	Basidiomycota	Agaricomycetes	Agaricales	Pluteaceae	Volvariella	Volvariella bombycina		SPECIES	Volvariella bombycina (Schaeff.) Singer	Volvariella bombycina (Schaeff.) Singer	(Schaeff.) Singer	CA	Saint-Bruno-de-Montarville	Québec	PRESENT		ff7bd5db-b724-4932-b496-10ea298851f9	45.526599	-73.344507	5500.0						1992-07-08	8	7	1992	5241399	5241399	PRESERVED_SPECIMEN	Université de Montréal Biodiversity Centre	CMMF	CMMF001640		Lamoureux, Yves		CC0_1_0	Université de Montréal Biodiversity Centre	Lamoureux, Yves			2024-01-24T16:38:17.680Z	StillImage	INSTITUTION_MATCH_FUZZY;COLLECTION_MATCH_FUZZY;DIFFERENT_OWNER_INSTITUTION
617548659	21705170-d2b6-42de-8904-c3bca4b83591	CMMF001500	Fungi	Basidiomycota	Agaricomycetes	Agaricales	Pluteaceae	Volvariella	Volvariella bombycina		SPECIES	Volvariella bombycina (Schaeff.) Singer	Volvariella bombycina (Schaeff.) Singer	(Schaeff.) Singer	CA	Saint-Bruno-de-Montarville	Québec	PRESENT		ff7bd5db-b724-4932-b496-10ea298851f9	45.526599	-73.344507	5500.0						1991-09-16	16	9	1991	5241399	5241399	PRESERVED_SPECIMEN	Université de Montréal Biodiversity Centre	CMMF	CMMF001500		Lamoureux, Yves		CC0_1_0	Université de Montréal Biodiversity Centre	Lamoureux, Yves			2024-01-24T16:38:17.626Z	StillImage	INSTITUTION_MATCH_FUZZY;COLLECTION_MATCH_FUZZY;DIFFERENT_OWNER_INSTITUTION
617548383	21705170-d2b6-42de-8904-c3bca4b83591	CMMF001378	Fungi	Basidiomycota	Agaricomycetes	Agaricales	Pluteaceae	Volvariella	Volvariella bombycina		SPECIES	Volvariella bombycina (Schaeff.) Singer	Volvariella bombycina (Schaeff.) Singer	(Schaeff.) Singer	CA	Saint-Bruno-de-Montarville	Québec	PRESENT		ff7bd5db-b724-4932-b496-10ea298851f9	45.526599	-73.344507	5500.0						1991-08-14	14	8	1991	5241399	5241399	PRESERVED_SPECIMEN	Université de Montréal Biodiversity Centre	CMMF	CMMF001378		Lamoureux, Yves		CC0_1_0	Université de Montréal Biodiversity Centre	Lamoureux, Yves			2024-01-24T16:38:17.535Z	StillImage	INSTITUTION_MATCH_FUZZY;COLLECTION_MATCH_FUZZY;DIFFERENT_OWNER_INSTITUTION
4994225583	50c9509d-22c7-4a22-a47d-8c48425ef4a7	https://www.inaturalist.org/observations/56115002	Fungi	Basidiomycota	Agaricomycetes	Agaricales	Pluteaceae	Volvariella	Volvariella bombycina		SPECIES	Volvariella bombycina (Schaeff.) Singer	Volvariella bombycina		CA		Québec	PRESENT		28eb1a3f-1c15-4a95-931a-4af90ecb574d	45.001436	-72.340946	27222.0						2020-08-10T12:09:51	10	8	2020	5241399	5241399	HUMAN_OBSERVATION	iNaturalist	Observations	56115002		wapiza	2020-08-20T04:06:08	CC_BY_NC_4_0	wapiza	wapiza			2025-01-14T12:14:11.208Z	StillImage	COORDINATE_ROUNDED;CONTINENT_DERIVED_FROM_COORDINATES;TAXON_MATCH_TAXON_ID_IGNORED
4976474248	50c9509d-22c7-4a22-a47d-8c48425ef4a7	https://www.inaturalist.org/observations/249322240	Fungi	Basidiomycota	Agaricomycetes	Agaricales	Pluteaceae	Volvariella	Volvariella bombycina		SPECIES	Volvariella bombycina (Schaeff.) Singer	Volvariella bombycina		CA		Québec	PRESENT		28eb1a3f-1c15-4a95-931a-4af90ecb574d	45.501566	-73.593218	180.0						2024-08-07T10:51	7	8	2024	5241399	5241399	HUMAN_OBSERVATION	iNaturalist	Observations	249322240		mlfabiani	2024-10-27T13:42:31	CC_BY_NC_4_0	mlfabiani	mlfabiani			2025-01-14T13:43:37.009Z	StillImage	COORDINATE_ROUNDED;CONTINENT_DERIVED_FROM_COORDINATES;TAXON_MATCH_TAXON_ID_IGNORED
4954437338	50c9509d-22c7-4a22-a47d-8c48425ef4a7	https://www.inaturalist.org/observations/246029698	Fungi	Basidiomycota	Agaricomycetes	Agaricales	Pluteaceae	Volvariella	Volvariella bombycina		SPECIES	Volvariella bombycina (Schaeff.) Singer	Volvariella bombycina		CA		Ontario	PRESENT		28eb1a3f-1c15-4a95-931a-4af90ecb574d	45.139811	-76.371313							2024-10-06T16:15:30	6	10	2024	5241399	5241399	HUMAN_OBSERVATION	iNaturalist	Observations	246029698		Alexis Williams	2024-10-12T21:02:34	CC_BY_4_0	Alexis Williams	Alexis Williams			2025-01-14T12:55:14.277Z	StillImage	COORDINATE_ROUNDED;CONTINENT_DERIVED_FROM_COORDINATES;TAXON_MATCH_TAXON_ID_IGNORED
4946330486	50c9509d-22c7-4a22-a47d-8c48425ef4a7	https://www.inaturalist.org/observations/183495551	Fungi	Basidiomycota	Agaricomycetes	Agaricales	Pluteaceae	Volvariella	Volvariella bombycina		SPECIES	Volvariella bombycina (Schaeff.) Singer	Volvariella bombycina		CA		Québec	PRESENT		28eb1a3f-1c15-4a95-931a-4af90ecb574d	45.390875	-73.765503	4.0						2023-09-16T09:21:53	16	9	2023	5241399	5241399	HUMAN_OBSERVATION	iNaturalist	Observations	183495551		terence zahner	2023-09-16T13:22:11	CC_BY_NC_4_0	terence zahner	terence zahner			2025-01-14T13:32:23.429Z	StillImage	COORDINATE_ROUNDED;CONTINENT_DERIVED_FROM_COORDINATES;TAXON_MATCH_TAXON_ID_IGNORED
4945979853	50c9509d-22c7-4a22-a47d-8c48425ef4a7	https://www.inaturalist.org/observations/184326663	Fungi	Basidiomycota	Agaricomycetes	Agaricales	Pluteaceae	Volvariella	Volvariella bombycina		SPECIES	Volvariella bombycina (Schaeff.) Singer	Volvariella bombycina		CA		Québec	PRESENT		28eb1a3f-1c15-4a95-931a-4af90ecb574d	45.390525	-73.759162	473.0						2023-09-16T09:21	16	9	2023	5241399	5241399	HUMAN_OBSERVATION	iNaturalist	Observations	184326663		terence zahner	2023-09-21T22:51:26	CC_BY_NC_4_0	terence zahner	terence zahner			2025-01-14T12:42:50.904Z	StillImage	COORDINATE_ROUNDED;CONTINENT_DERIVED_FROM_COORDINATES;TAXON_MATCH_TAXON_ID_IGNORED
4935864017	50c9509d-22c7-4a22-a47d-8c48425ef4a7	https://www.inaturalist.org/observations/237373879	Fungi	Basidiomycota	Agaricomycetes	Agaricales	Pluteaceae	Volvariella	Volvariella bombycina		SPECIES	Volvariella bombycina (Schaeff.) Singer	Volvariella bombycina		CA		Québec	PRESENT		28eb1a3f-1c15-4a95-931a-4af90ecb574d	45.631141	-73.811291	31.0						2024-08-03T06:57	3	8	2024	5241399	5241399	HUMAN_OBSERVATION	iNaturalist	Observations	237373879		ramenramen	2024-08-22T23:22:31	CC_BY_NC_4_0	ramenramen	ramenramen			2025-01-14T13:42:58.713Z	StillImage	COORDINATE_ROUNDED;CONTINENT_DERIVED_FROM_COORDINATES;TAXON_MATCH_TAXON_ID_IGNORED
4923799571	50c9509d-22c7-4a22-a47d-8c48425ef4a7	https://www.inaturalist.org/observations/235443908	Fungi	Basidiomycota	Agaricomycetes	Agaricales	Pluteaceae	Volvariella	Volvariella bombycina		SPECIES	Volvariella bombycina (Schaeff.) Singer	Volvariella bombycina		CA		Québec	PRESENT		28eb1a3f-1c15-4a95-931a-4af90ecb574d	45.4987	-73.600593	1144.0						2024-08-12T11:45:56	12	8	2024	5241399	5241399	HUMAN_OBSERVATION	iNaturalist	Observations	235443908		Morphie	2024-08-13T00:37:45	CC_BY_NC_4_0	gazel123	gazel123			2025-01-14T13:42:45.063Z	StillImage	COORDINATE_ROUNDED;CONTINENT_DERIVED_FROM_COORDINATES;TAXON_MATCH_TAXON_ID_IGNORED
4923632555	50c9509d-22c7-4a22-a47d-8c48425ef4a7	https://www.inaturalist.org/observations/235014033	Fungi	Basidiomycota	Agaricomycetes	Agaricales	Pluteaceae	Volvariella	Volvariella bombycina		SPECIES	Volvariella bombycina (Schaeff.) Singer	Volvariella bombycina		CA		Ontario	PRESENT		28eb1a3f-1c15-4a95-931a-4af90ecb574d	45.268647	-74.687923	46.0						2024-08-10T11:03	10	8	2024	5241399	5241399	HUMAN_OBSERVATION	iNaturalist	Observations	235014033		jonathan_mack	2024-08-11T01:51:17	CC_BY_NC_4_0	jonathan_mack	jonathan_mack			2025-01-14T13:42:21.222Z	StillImage	COORDINATE_ROUNDED;CONTINENT_DERIVED_FROM_COORDINATES;TAXON_MATCH_TAXON_ID_IGNORED
4923590948	50c9509d-22c7-4a22-a47d-8c48425ef4a7	https://www.inaturalist.org/observations/235197388	Fungi	Basidiomycota	Agaricomycetes	Agaricales	Pluteaceae	Volvariella	Volvariella bombycina		SPECIES	Volvariella bombycina (Schaeff.) Singer	Volvariella bombycina		CA		Ontario	PRESENT		28eb1a3f-1c15-4a95-931a-4af90ecb574d	45.069647	-76.168957	246.0						2024-08-11T16:42:41	11	8	2024	5241399	5241399	HUMAN_OBSERVATION	iNaturalist	Observations	235197388		finch78	2024-08-11T20:43:06	CC_BY_NC_4_0	finch78	finch78			2025-01-14T12:49:24.110Z	StillImage	COORDINATE_ROUNDED;CONTINENT_DERIVED_FROM_COORDINATES;TAXON_MATCH_TAXON_ID_IGNORED
4921944015	50c9509d-22c7-4a22-a47d-8c48425ef4a7	https://www.inaturalist.org/observations/231417378	Fungi	Basidiomycota	Agaricomycetes	Agaricales	Pluteaceae	Volvariella	Volvariella bombycina		SPECIES	Volvariella bombycina (Schaeff.) Singer	Volvariella bombycina		CA		Ontario	PRESENT		28eb1a3f-1c15-4a95-931a-4af90ecb574d	45.189383	-76.303878	4.0						2024-07-24T09:47:58	24	7	2024	5241399	5241399	HUMAN_OBSERVATION	iNaturalist	Observations	231417378		sylviamiller	2024-07-24T14:48:42	CC_BY_NC_4_0	sylviamiller	sylviamiller			2025-01-14T12:48:26.423Z	StillImage	COORDINATE_ROUNDED;CONTINENT_DERIVED_FROM_COORDINATES;TAXON_MATCH_TAXON_ID_IGNORED
4921787020	50c9509d-22c7-4a22-a47d-8c48425ef4a7	https://www.inaturalist.org/observations/232962268	Fungi	Basidiomycota	Agaricomycetes	Agaricales	Pluteaceae	Volvariella	Volvariella bombycina		SPECIES	Volvariella bombycina (Schaeff.) Singer	Volvariella bombycina		CA		Québec	PRESENT		28eb1a3f-1c15-4a95-931a-4af90ecb574d	46.783295	-71.244562	27.0						2024-07-28T19:53:01	28	7	2024	5241399	5241399	HUMAN_OBSERVATION	iNaturalist	Observations	232962268		francoisshaffer	2024-07-31T20:10:23	CC_BY_NC_4_0	francoisshaffer	francoisshaffer			2025-01-14T12:48:58.113Z	StillImage	COORDINATE_ROUNDED;CONTINENT_DERIVED_FROM_COORDINATES;TAXON_MATCH_TAXON_ID_IGNORED
4921711720	50c9509d-22c7-4a22-a47d-8c48425ef4a7	https://www.inaturalist.org/observations/233784874	Fungi	Basidiomycota	Agaricomycetes	Agaricales	Pluteaceae	Volvariella	Volvariella bombycina		SPECIES	Volvariella bombycina (Schaeff.) Singer	Volvariella bombycina		CA		Québec	PRESENT		28eb1a3f-1c15-4a95-931a-4af90ecb574d	45.49593	-73.593439							2024-08-04T15:37:42	4	8	2024	5241399	5241399	HUMAN_OBSERVATION	iNaturalist	Observations	233784874		Tom V	2024-08-04T19:38:44	CC_BY_NC_4_0	Tom V	Tom V			2025-01-14T12:56:00.258Z	StillImage	COORDINATE_ROUNDED;CONTINENT_DERIVED_FROM_COORDINATES;TAXON_MATCH_TAXON_ID_IGNORED
4911000302	50c9509d-22c7-4a22-a47d-8c48425ef4a7	https://www.inaturalist.org/observations/230660692	Fungi	Basidiomycota	Agaricomycetes	Agaricales	Pluteaceae	Volvariella	Volvariella bombycina		SPECIES	Volvariella bombycina (Schaeff.) Singer	Volvariella bombycina		CA		Québec	PRESENT		28eb1a3f-1c15-4a95-931a-4af90ecb574d	45.037455	-74.071997	1953.0						2024-07-17T14:01	17	7	2024	5241399	5241399	HUMAN_OBSERVATION	iNaturalist	Observations	230660692		Annabelle Langlois	2024-07-21T03:38:09	CC_BY_NC_4_0	Annabelle Langlois	Annabelle Langlois			2025-01-14T13:42:05.555Z	StillImage	COORDINATE_ROUNDED;CONTINENT_DERIVED_FROM_COORDINATES;TAXON_MATCH_TAXON_ID_IGNORED
4910961567	50c9509d-22c7-4a22-a47d-8c48425ef4a7	https://www.inaturalist.org/observations/230213366	Fungi	Basidiomycota	Agaricomycetes	Agaricales	Pluteaceae	Volvariella	Volvariella bombycina		SPECIES	Volvariella bombycina (Schaeff.) Singer	Volvariella bombycina		CA		Québec	PRESENT		28eb1a3f-1c15-4a95-931a-4af90ecb574d	47.079722	-70.805278							2024-07-17T21:42	17	7	2024	5241399	5241399	HUMAN_OBSERVATION	iNaturalist	Observations	230213366		dfortier409	2024-07-19T01:44:43	CC_BY_NC_4_0	dfortier409	dfortier409			2025-01-14T13:42:51.479Z	StillImage	COORDINATE_ROUNDED;CONTINENT_DERIVED_FROM_COORDINATES;TAXON_MATCH_TAXON_ID_IGNORED
4910757022	50c9509d-22c7-4a22-a47d-8c48425ef4a7	https://www.inaturalist.org/observations/230775366	Fungi	Basidiomycota	Agaricomycetes	Agaricales	Pluteaceae	Volvariella	Volvariella bombycina		SPECIES	Volvariella bombycina (Schaeff.) Singer	Volvariella bombycina		CA		Québec	PRESENT		28eb1a3f-1c15-4a95-931a-4af90ecb574d	45.54245	-73.154655	4.0						2024-07-16T16:01:23	16	7	2024	5241399	5241399	HUMAN_OBSERVATION	iNaturalist	Observations	230775366		skrouse14	2024-07-21T16:06:33	CC_BY_NC_4_0	skrouse14	skrouse14			2025-01-14T14:16:12.839Z	StillImage	COORDINATE_ROUNDED;CONTINENT_DERIVED_FROM_COORDINATES;TAXON_MATCH_TAXON_ID_IGNORED
4908820069	50c9509d-22c7-4a22-a47d-8c48425ef4a7	https://www.inaturalist.org/observations/229571911	Fungi	Basidiomycota	Agaricomycetes	Agaricales	Pluteaceae	Volvariella	Volvariella bombycina		SPECIES	Volvariella bombycina (Schaeff.) Singer	Volvariella bombycina		CA		New Brunswick	PRESENT		28eb1a3f-1c15-4a95-931a-4af90ecb574d	45.962534	-66.653964							2024-07-15T16:57:08	15	7	2024	5241399	5241399	HUMAN_OBSERVATION	iNaturalist	Observations	229571911		Andrew MacPherson	2024-07-15T20:41:43	CC0_1_0	Andrew MacPherson	Andrew MacPherson			2025-01-14T13:41:47.737Z	StillImage	COORDINATE_ROUNDED;CONTINENT_DERIVED_FROM_COORDINATES;TAXON_MATCH_TAXON_ID_IGNORED
4908787701	50c9509d-22c7-4a22-a47d-8c48425ef4a7	https://www.inaturalist.org/observations/227887772	Fungi	Basidiomycota	Agaricomycetes	Agaricales	Pluteaceae	Volvariella	Volvariella bombycina		SPECIES	Volvariella bombycina (Schaeff.) Singer	Volvariella bombycina		CA		Québec	PRESENT		28eb1a3f-1c15-4a95-931a-4af90ecb574d	45.81017	-75.780005	4.0						2024-07-07T15:21:08	7	7	2024	5241399	5241399	HUMAN_OBSERVATION	iNaturalist	Observations	227887772		Maria Bastas	2024-07-07T22:29:28	CC_BY_NC_4_0	Maria Bastas	Maria Bastas			2025-01-14T12:49:07.216Z	StillImage	CONTINENT_DERIVED_FROM_COORDINATES;TAXON_MATCH_TAXON_ID_IGNORED
4908585659	50c9509d-22c7-4a22-a47d-8c48425ef4a7	https://www.inaturalist.org/observations/228869306	Fungi	Basidiomycota	Agaricomycetes	Agaricales	Pluteaceae	Volvariella	Volvariella bombycina		SPECIES	Volvariella bombycina (Schaeff.) Singer	Volvariella bombycina		CA		Québec	PRESENT		28eb1a3f-1c15-4a95-931a-4af90ecb574d	45.494171	-72.311409							2024-07-11T12:05:47	11	7	2024	5241399	5241399	HUMAN_OBSERVATION	iNaturalist	Observations	228869306		tanyarm	2024-07-12T18:06:22	CC_BY_NC_4_0	tanyarm	tanyarm			2025-01-14T13:38:06.947Z	StillImage	COORDINATE_ROUNDED;CONTINENT_DERIVED_FROM_COORDINATES;TAXON_MATCH_TAXON_ID_IGNORED
4904272844	50c9509d-22c7-4a22-a47d-8c48425ef4a7	https://www.inaturalist.org/observations/224510256	Fungi	Basidiomycota	Agaricomycetes	Agaricales	Pluteaceae	Volvariella	Volvariella bombycina		SPECIES	Volvariella bombycina (Schaeff.) Singer	Volvariella bombycina		CA		Québec	PRESENT		28eb1a3f-1c15-4a95-931a-4af90ecb574d	45.653722	-75.725022	4.0						2024-06-22T10:06:42	22	6	2024	5241399	5241399	HUMAN_OBSERVATION	iNaturalist	Observations	224510256		jabouk	2024-06-22T22:52:05	CC_BY_NC_4_0	jabouk	jabouk			2025-01-14T13:46:15.389Z	StillImage	COORDINATE_ROUNDED;CONTINENT_DERIVED_FROM_COORDINATES;TAXON_MATCH_TAXON_ID_IGNORED
4868116314	50c9509d-22c7-4a22-a47d-8c48425ef4a7	https://www.inaturalist.org/observations/176202565	Fungi	Basidiomycota	Agaricomycetes	Agaricales	Pluteaceae	Volvariella	Volvariella bombycina		SPECIES	Volvariella bombycina (Schaeff.) Singer	Volvariella bombycina		CA		Ontario	PRESENT		28eb1a3f-1c15-4a95-931a-4af90ecb574d	45.453867	-75.674641	122.0						2023-08-01T20:20:59	1	8	2023	5241399	5241399	HUMAN_OBSERVATION	iNaturalist	Observations	176202565		willowvw	2023-08-02T00:50:38	CC_BY_NC_4_0	willowvw	willowvw			2025-01-14T12:38:12.522Z	StillImage	COORDINATE_ROUNDED;CONTINENT_DERIVED_FROM_COORDINATES;TAXON_MATCH_TAXON_ID_IGNORED
4524911540	50c9509d-22c7-4a22-a47d-8c48425ef4a7	https://www.inaturalist.org/observations/91454359	Fungi	Basidiomycota	Agaricomycetes	Agaricales	Pluteaceae	Volvariella	Volvariella bombycina		SPECIES	Volvariella bombycina (Schaeff.) Singer	Volvariella bombycina		CA		Ontario	PRESENT		28eb1a3f-1c15-4a95-931a-4af90ecb574d	45.390843	-75.741293	65.0						2021-08-16T16:52:05	16	8	2021	5241399	5241399	HUMAN_OBSERVATION	iNaturalist	Observations	91454359		Ariel Bonkoski	2024-02-20T03:32:08	CC_BY_NC_4_0	magnanp	magnanp			2025-01-14T13:11:26.620Z	StillImage	COORDINATE_ROUNDED;CONTINENT_DERIVED_FROM_COORDINATES;TAXON_MATCH_TAXON_ID_IGNORED
4453891902	50c9509d-22c7-4a22-a47d-8c48425ef4a7	https://www.inaturalist.org/observations/177226427	Fungi	Basidiomycota	Agaricomycetes	Agaricales	Pluteaceae	Volvariella	Volvariella bombycina		SPECIES	Volvariella bombycina (Schaeff.) Singer	Volvariella bombycina		CA		Ontario	PRESENT		28eb1a3f-1c15-4a95-931a-4af90ecb574d	45.337563	-76.710578	16.0						2023-08-05T18:18:21	5	8	2023	5241399	5241399	HUMAN_OBSERVATION	iNaturalist	Observations	177226427				CC_BY_NC_4_0	Whitney Suurd	Whitney Suurd			2025-01-14T13:31:40.866Z	StillImage	COORDINATE_ROUNDED;CONTINENT_DERIVED_FROM_COORDINATES;TAXON_MATCH_TAXON_ID_IGNORED
4453807935	50c9509d-22c7-4a22-a47d-8c48425ef4a7	https://www.inaturalist.org/observations/180998699	Fungi	Basidiomycota	Agaricomycetes	Agaricales	Pluteaceae	Volvariella	Volvariella bombycina		SPECIES	Volvariella bombycina (Schaeff.) Singer	Volvariella bombycina		CA		Ontario	PRESENT		28eb1a3f-1c15-4a95-931a-4af90ecb574d	45.138512	-76.382146							2023-08-30T16:58:53	30	8	2023	5241399	5241399	HUMAN_OBSERVATION	iNaturalist	Observations	180998699		fergusnicoll	2023-08-31T01:32:51	CC_BY_NC_4_0	fergusnicoll	fergusnicoll			2025-01-14T13:32:04.501Z	StillImage	COORDINATE_ROUNDED;CONTINENT_DERIVED_FROM_COORDINATES;TAXON_MATCH_TAXON_ID_IGNORED
4453798933	50c9509d-22c7-4a22-a47d-8c48425ef4a7	https://www.inaturalist.org/observations/180605004	Fungi	Basidiomycota	Agaricomycetes	Agaricales	Pluteaceae	Volvariella	Volvariella bombycina		SPECIES	Volvariella bombycina (Schaeff.) Singer	Volvariella bombycina		CA		Ontario	PRESENT		28eb1a3f-1c15-4a95-931a-4af90ecb574d	45.05819	-75.669912	70.0						2023-08-26T09:20:23	26	8	2023	5241399	5241399	HUMAN_OBSERVATION	iNaturalist	Observations	180605004		Emma Posadovsky	2023-08-28T12:23:28	CC_BY_NC_4_0	Emma Posadovsky	Emma Posadovsky			2025-01-14T12:38:50.588Z	StillImage	COORDINATE_ROUNDED;CONTINENT_DERIVED_FROM_COORDINATES;TAXON_MATCH_TAXON_ID_IGNORED
4453725831	50c9509d-22c7-4a22-a47d-8c48425ef4a7	https://www.inaturalist.org/observations/175970430	Fungi	Basidiomycota	Agaricomycetes	Agaricales	Pluteaceae	Volvariella	Volvariella bombycina		SPECIES	Volvariella bombycina (Schaeff.) Singer	Volvariella bombycina		CA		Ontario	PRESENT		28eb1a3f-1c15-4a95-931a-4af90ecb574d	45.452893	-75.668763	31.0						2023-07-31T10:37	31	7	2023	5241399	5241399	HUMAN_OBSERVATION	iNaturalist	Observations	175970430		K.A.Wickens	2023-07-31T18:02:43	CC_BY_NC_4_0	K.A.Wickens	K.A.Wickens			2025-01-14T12:39:07.083Z	StillImage	COORDINATE_ROUNDED;CONTINENT_DERIVED_FROM_COORDINATES;TAXON_MATCH_TAXON_ID_IGNORED
4453718071	50c9509d-22c7-4a22-a47d-8c48425ef4a7	https://www.inaturalist.org/observations/185140061	Fungi	Basidiomycota	Agaricomycetes	Agaricales	Pluteaceae	Volvariella	Volvariella bombycina		SPECIES	Volvariella bombycina (Schaeff.) Singer	Volvariella bombycina		CA		Ontario	PRESENT		28eb1a3f-1c15-4a95-931a-4af90ecb574d	45.034561	-75.660113							2023-09-23T12:16:03	23	9	2023	5241399	5241399	HUMAN_OBSERVATION	iNaturalist	Observations	185140061		Randy	2023-09-27T13:57:30	CC_BY_NC_4_0	Randy	Randy			2025-01-14T12:40:30.112Z	StillImage	COORDINATE_ROUNDED;CONTINENT_DERIVED_FROM_COORDINATES;TAXON_MATCH_TAXON_ID_IGNORED
4453689855	50c9509d-22c7-4a22-a47d-8c48425ef4a7	https://www.inaturalist.org/observations/175965075	Fungi	Basidiomycota	Agaricomycetes	Agaricales	Pluteaceae	Volvariella	Volvariella bombycina		SPECIES	Volvariella bombycina (Schaeff.) Singer	Volvariella bombycina		CA		Ontario	PRESENT		28eb1a3f-1c15-4a95-931a-4af90ecb574d	45.104845	-76.339488	95.0						2023-07-31T10:00	31	7	2023	5241399	5241399	HUMAN_OBSERVATION	iNaturalist	Observations	175965075		Igor Khomenko	2023-08-01T00:29:22	CC_BY_NC_4_0	Igor Khomenko	Igor Khomenko			2025-01-14T13:32:01.322Z	StillImage	COORDINATE_ROUNDED;CONTINENT_DERIVED_FROM_COORDINATES;TAXON_MATCH_TAXON_ID_IGNORED
4413717071	50c9509d-22c7-4a22-a47d-8c48425ef4a7	https://www.inaturalist.org/observations/183208485	Fungi	Basidiomycota	Agaricomycetes	Agaricales	Pluteaceae	Volvariella	Volvariella bombycina		SPECIES	Volvariella bombycina (Schaeff.) Singer	Volvariella bombycina		CA		Québec	PRESENT		28eb1a3f-1c15-4a95-931a-4af90ecb574d	45.512389	-74.33115							2023-09-14T09:21:29	14	9	2023	5241399	5241399	HUMAN_OBSERVATION	iNaturalist	Observations	183208485		Antoine Fortin	2023-09-16T20:34:08	CC_BY_NC_4_0	Michel Saint-Germain	Michel Saint-Germain			2025-01-14T12:41:32.691Z	StillImage	COORDINATE_ROUNDED;CONTINENT_DERIVED_FROM_COORDINATES;TAXON_MATCH_TAXON_ID_IGNORED
4405257029	50c9509d-22c7-4a22-a47d-8c48425ef4a7	https://www.inaturalist.org/observations/179879815	Fungi	Basidiomycota	Agaricomycetes	Agaricales	Pluteaceae	Volvariella	Volvariella bombycina		SPECIES	Volvariella bombycina (Schaeff.) Singer	Volvariella bombycina		CA		Ontario	PRESENT		28eb1a3f-1c15-4a95-931a-4af90ecb574d	45.39863	-75.676997	7.0						2023-08-23T16:11:30	23	8	2023	5241399	5241399	HUMAN_OBSERVATION	iNaturalist	Observations	179879815		Joe Smit	2023-08-23T20:44:45	CC_BY_NC_4_0	Joe Smit	Joe Smit			2025-01-14T13:32:16.042Z	StillImage	COORDINATE_ROUNDED;CONTINENT_DERIVED_FROM_COORDINATES;TAXON_MATCH_TAXON_ID_IGNORED
4177592483	50c9509d-22c7-4a22-a47d-8c48425ef4a7	https://www.inaturalist.org/observations/178310995	Fungi	Basidiomycota	Agaricomycetes	Agaricales	Pluteaceae	Volvariella	Volvariella bombycina		SPECIES	Volvariella bombycina (Schaeff.) Singer	Volvariella bombycina		CA		Québec	PRESENT		28eb1a3f-1c15-4a95-931a-4af90ecb574d	45.574445	-73.186775	1414.0						2023-08-13T18:57:57	13	8	2023	5241399	5241399	HUMAN_OBSERVATION	iNaturalist	Observations	178310995		ericzone	2023-08-14T03:34:23	CC_BY_NC_4_0	ericzone	ericzone			2025-01-14T13:31:59.641Z	StillImage	CONTINENT_DERIVED_FROM_COORDINATES;TAXON_MATCH_TAXON_ID_IGNORED
4172161010	50c9509d-22c7-4a22-a47d-8c48425ef4a7	https://www.inaturalist.org/observations/176990210	Fungi	Basidiomycota	Agaricomycetes	Agaricales	Pluteaceae	Volvariella	Volvariella bombycina		SPECIES	Volvariella bombycina (Schaeff.) Singer	Volvariella bombycina		CA		Québec	PRESENT		28eb1a3f-1c15-4a95-931a-4af90ecb574d	45.540119	-75.916986	713.0						2023-08-06T12:21:37	6	8	2023	5241399	5241399	HUMAN_OBSERVATION	iNaturalist	Observations	176990210		mfstewart	2023-08-06T16:22:25	CC_BY_NC_4_0	mfstewart	mfstewart			2025-01-14T14:11:07.740Z	StillImage	COORDINATE_ROUNDED;CONTINENT_DERIVED_FROM_COORDINATES;TAXON_MATCH_TAXON_ID_IGNORED
4171808094	50c9509d-22c7-4a22-a47d-8c48425ef4a7	https://www.inaturalist.org/observations/177318892	Fungi	Basidiomycota	Agaricomycetes	Agaricales	Pluteaceae	Volvariella	Volvariella bombycina		SPECIES	Volvariella bombycina (Schaeff.) Singer	Volvariella bombycina		CA		Québec	PRESENT		28eb1a3f-1c15-4a95-931a-4af90ecb574d	45.655986	-72.965419							2023-07-18T18:41:07	18	7	2023	5241399	5241399	HUMAN_OBSERVATION	iNaturalist	Observations	177318892		egrenier	2023-08-08T09:45:23	CC_BY_NC_4_0	egrenier	egrenier			2025-01-14T12:37:42.036Z	StillImage	COORDINATE_ROUNDED;CONTINENT_DERIVED_FROM_COORDINATES;TAXON_MATCH_TAXON_ID_IGNORED
4153810891	50c9509d-22c7-4a22-a47d-8c48425ef4a7	https://www.inaturalist.org/observations/172066806	Fungi	Basidiomycota	Agaricomycetes	Agaricales	Pluteaceae	Volvariella	Volvariella bombycina		SPECIES	Volvariella bombycina (Schaeff.) Singer	Volvariella bombycina		CA		Québec	PRESENT		28eb1a3f-1c15-4a95-931a-4af90ecb574d	45.421933	-75.817012	124.0						2023-07-09T14:51	9	7	2023	5241399	5241399	HUMAN_OBSERVATION	iNaturalist	Observations	172066806		jonathan_mack	2023-07-09T23:50:49	CC_BY_NC_4_0	jonathan_mack	jonathan_mack			2025-01-14T12:38:42.455Z	StillImage	COORDINATE_ROUNDED;CONTINENT_DERIVED_FROM_COORDINATES;TAXON_MATCH_TAXON_ID_IGNORED
4129899327	50c9509d-22c7-4a22-a47d-8c48425ef4a7	https://www.inaturalist.org/observations/54064217	Fungi	Basidiomycota	Agaricomycetes	Agaricales	Pluteaceae	Volvariella	Volvariella bombycina		SPECIES	Volvariella bombycina (Schaeff.) Singer	Volvariella bombycina		CA		Québec	PRESENT		28eb1a3f-1c15-4a95-931a-4af90ecb574d	45.536944	-73.510713	4296.0						2020-07-15T19:27	15	7	2020	5241399	5241399	HUMAN_OBSERVATION	iNaturalist	Observations	54064217		Massimo Tabone	2020-07-23T16:22:40	CC_BY_NC_4_0	Jean Privat	Jean Privat			2025-01-14T12:13:51.476Z	StillImage	COORDINATE_ROUNDED;CONTINENT_DERIVED_FROM_COORDINATES;TAXON_MATCH_TAXON_ID_IGNORED
3915482763	50c9509d-22c7-4a22-a47d-8c48425ef4a7	https://www.inaturalist.org/observations/134677430	Fungi	Basidiomycota	Agaricomycetes	Agaricales	Pluteaceae	Volvariella	Volvariella bombycina		SPECIES	Volvariella bombycina (Schaeff.) Singer	Volvariella bombycina		CA		Ontario	PRESENT		28eb1a3f-1c15-4a95-931a-4af90ecb574d	45.533372	-74.694405	5.0						2022-09-11T13:50:17	11	9	2022	5241399	5241399	HUMAN_OBSERVATION	iNaturalist	Observations	134677430		Lynn Ovenden	2022-09-12T01:46:20	CC_BY_NC_4_0	Lynn Ovenden	Lynn Ovenden			2025-01-14T12:31:56.358Z	StillImage	COORDINATE_ROUNDED;CONTINENT_DERIVED_FROM_COORDINATES;TAXON_MATCH_TAXON_ID_IGNORED
3903190307	50c9509d-22c7-4a22-a47d-8c48425ef4a7	https://www.inaturalist.org/observations/133030082	Fungi	Basidiomycota	Agaricomycetes	Agaricales	Pluteaceae	Volvariella	Volvariella bombycina		SPECIES	Volvariella bombycina (Schaeff.) Singer	Volvariella bombycina		CA		Québec	PRESENT		28eb1a3f-1c15-4a95-931a-4af90ecb574d	45.296384	-73.889881	20.0						2022-08-28T13:46	28	8	2022	5241399	5241399	HUMAN_OBSERVATION	iNaturalist	Observations	133030082		jonathan_mack	2022-08-31T01:52:19	CC_BY_NC_4_0	jonathan_mack	jonathan_mack			2025-01-14T13:16:30.135Z	StillImage	COORDINATE_ROUNDED;CONTINENT_DERIVED_FROM_COORDINATES;TAXON_MATCH_TAXON_ID_IGNORED
3903181397	50c9509d-22c7-4a22-a47d-8c48425ef4a7	https://www.inaturalist.org/observations/133002370	Fungi	Basidiomycota	Agaricomycetes	Agaricales	Pluteaceae	Volvariella	Volvariella bombycina		SPECIES	Volvariella bombycina (Schaeff.) Singer	Volvariella bombycina		CA		Prince Edward Island	PRESENT		28eb1a3f-1c15-4a95-931a-4af90ecb574d	46.697186	-64.168045	100.0						2022-08-26T13:29	26	8	2022	5241399	5241399	HUMAN_OBSERVATION	iNaturalist	Observations	133002370		Rosemary Curley	2022-08-30T21:18:42	CC_BY_NC_4_0	Rosemary Curley	Rosemary Curley			2025-01-14T13:16:54.949Z	StillImage	COORDINATE_ROUNDED;CONTINENT_DERIVED_FROM_COORDINATES;TAXON_MATCH_TAXON_ID_IGNORED
3902406895	50c9509d-22c7-4a22-a47d-8c48425ef4a7	https://www.inaturalist.org/observations/132725074	Fungi	Basidiomycota	Agaricomycetes	Agaricales	Pluteaceae	Volvariella	Volvariella bombycina		SPECIES	Volvariella bombycina (Schaeff.) Singer	Volvariella bombycina		CA		Québec	PRESENT		28eb1a3f-1c15-4a95-931a-4af90ecb574d	45.490119	-75.623935	416.0						2022-08-28T11:07	28	8	2022	5241399	5241399	HUMAN_OBSERVATION	iNaturalist	Observations	132725074		L Joan Heyding	2022-08-29T00:48:59	CC_BY_NC_4_0	L Joan Heyding	L Joan Heyding			2025-01-14T13:25:23.626Z	StillImage	COORDINATE_ROUNDED;CONTINENT_DERIVED_FROM_COORDINATES;TAXON_MATCH_TAXON_ID_IGNORED
3892634680	50c9509d-22c7-4a22-a47d-8c48425ef4a7	https://www.inaturalist.org/observations/130324658	Fungi	Basidiomycota	Agaricomycetes	Agaricales	Pluteaceae	Volvariella	Volvariella bombycina		SPECIES	Volvariella bombycina (Schaeff.) Singer	Volvariella bombycina		CA		Ontario	PRESENT		28eb1a3f-1c15-4a95-931a-4af90ecb574d	45.340127	-75.966435							2022-08-10T12:54	10	8	2022	5241399	5241399	HUMAN_OBSERVATION	iNaturalist	Observations	130324658		jonathan_mack	2022-08-11T02:08:45	CC_BY_NC_4_0	jonathan_mack	jonathan_mack			2025-01-14T13:24:37.923Z	StillImage	COORDINATE_ROUNDED;CONTINENT_DERIVED_FROM_COORDINATES;TAXON_MATCH_TAXON_ID_IGNORED
3872989524	50c9509d-22c7-4a22-a47d-8c48425ef4a7	https://www.inaturalist.org/observations/102047018	Fungi	Basidiomycota	Agaricomycetes	Agaricales	Pluteaceae	Volvariella	Volvariella bombycina		SPECIES	Volvariella bombycina (Schaeff.) Singer	Volvariella bombycina		CA		Ontario	PRESENT		28eb1a3f-1c15-4a95-931a-4af90ecb574d	45.39268	-75.713606	150.0						2010-08-09T07:42	9	8	2010	5241399	5241399	HUMAN_OBSERVATION	iNaturalist	Observations	102047018		Stephen Luk	2021-11-28T00:47:13	CC_BY_NC_4_0	Stephen Luk	Stephen Luk			2025-01-14T13:12:23.885Z	StillImage	COORDINATE_ROUNDED;CONTINENT_DERIVED_FROM_COORDINATES;TAXON_MATCH_TAXON_ID_IGNORED
3383887151	50c9509d-22c7-4a22-a47d-8c48425ef4a7	https://www.inaturalist.org/observations/93405252	Fungi	Basidiomycota	Agaricomycetes	Agaricales	Pluteaceae	Volvariella	Volvariella bombycina		SPECIES	Volvariella bombycina (Schaeff.) Singer	Volvariella bombycina		CA		Québec	PRESENT		28eb1a3f-1c15-4a95-931a-4af90ecb574d	45.540115	-75.867482	12822.0						2021-09-02T16:27:20Z	2	9	2021	5241399	5241399	HUMAN_OBSERVATION	iNaturalist	Observations	93405252		forestbathing	2021-10-01T20:13:01	CC_BY_NC_4_0	cclaros	cclaros			2025-01-14T12:21:04.824Z	StillImage	COORDINATE_ROUNDED;CONTINENT_DERIVED_FROM_COORDINATES;TAXON_MATCH_TAXON_ID_IGNORED
3355482011	50c9509d-22c7-4a22-a47d-8c48425ef4a7	https://www.inaturalist.org/observations/92833420	Fungi	Basidiomycota	Agaricomycetes	Agaricales	Pluteaceae	Volvariella	Volvariella bombycina		SPECIES	Volvariella bombycina (Schaeff.) Singer	Volvariella bombycina		CA		Ontario	PRESENT		28eb1a3f-1c15-4a95-931a-4af90ecb574d	45.454492	-75.548923	47.0						2021-08-27T13:57	27	8	2021	5241399	5241399	HUMAN_OBSERVATION	iNaturalist	Observations	92833420		jonathan_mack	2021-08-28T21:27:27	CC_BY_NC_4_0	jonathan_mack	jonathan_mack			2025-01-14T12:20:31.056Z	StillImage	COORDINATE_ROUNDED;CONTINENT_DERIVED_FROM_COORDINATES;TAXON_MATCH_TAXON_ID_IGNORED
3328016650	50c9509d-22c7-4a22-a47d-8c48425ef4a7	https://www.inaturalist.org/observations/86296543	Fungi	Basidiomycota	Agaricomycetes	Agaricales	Pluteaceae	Volvariella	Volvariella bombycina		SPECIES	Volvariella bombycina (Schaeff.) Singer	Volvariella bombycina		CA		Ontario	PRESENT		28eb1a3f-1c15-4a95-931a-4af90ecb574d	45.408567	-75.575128	16.0						2021-07-09T11:18	9	7	2021	5241399	5241399	HUMAN_OBSERVATION	iNaturalist	Observations	86296543		Igor Khomenko	2021-07-09T17:13:23	CC_BY_NC_4_0	Igor Khomenko	Igor Khomenko			2025-01-14T12:19:39.457Z	StillImage	COORDINATE_ROUNDED;CONTINENT_DERIVED_FROM_COORDINATES;TAXON_MATCH_TAXON_ID_IGNORED
3079790927	50c9509d-22c7-4a22-a47d-8c48425ef4a7	https://www.inaturalist.org/observations/58450352	Fungi	Basidiomycota	Agaricomycetes	Agaricales	Pluteaceae	Volvariella	Volvariella bombycina		SPECIES	Volvariella bombycina (Schaeff.) Singer	Volvariella bombycina		CA		Ontario	PRESENT		28eb1a3f-1c15-4a95-931a-4af90ecb574d	45.408603	-75.575347	16.0						2020-09-03T15:25:26	3	9	2020	5241399	5241399	HUMAN_OBSERVATION	iNaturalist	Observations	58450352		Igor Khomenko	2020-09-03T20:56:18	CC_BY_NC_4_0	Igor Khomenko	Igor Khomenko			2025-01-14T13:09:40.397Z	StillImage	COORDINATE_ROUNDED;CONTINENT_DERIVED_FROM_COORDINATES;TAXON_MATCH_TAXON_ID_IGNORED
3079735690	50c9509d-22c7-4a22-a47d-8c48425ef4a7	https://www.inaturalist.org/observations/35898425	Fungi	Basidiomycota	Agaricomycetes	Agaricales	Pluteaceae	Volvariella	Volvariella bombycina		SPECIES	Volvariella bombycina (Schaeff.) Singer	Volvariella bombycina		CA		Ontario	PRESENT		28eb1a3f-1c15-4a95-931a-4af90ecb574d	45.36848	-75.796128							2015-09-06T12:13:06	6	9	2015	5241399	5241399	HUMAN_OBSERVATION	iNaturalist	Observations	35898425		Igor Khomenko	2019-11-20T22:00:12	CC_BY_NC_4_0	Igor Khomenko	Igor Khomenko			2025-01-14T12:11:19.619Z	StillImage	COORDINATE_ROUNDED;CONTINENT_DERIVED_FROM_COORDINATES;TAXON_MATCH_TAXON_ID_IGNORED
3070408380	50c9509d-22c7-4a22-a47d-8c48425ef4a7	https://www.inaturalist.org/observations/72065257	Fungi	Basidiomycota	Agaricomycetes	Agaricales	Pluteaceae	Volvariella	Volvariella bombycina		SPECIES	Volvariella bombycina (Schaeff.) Singer	Volvariella bombycina		CA		Québec	PRESENT		28eb1a3f-1c15-4a95-931a-4af90ecb574d	45.382364	-75.813361	100.0						2020-08-23T10:39:58	23	8	2020	5241399	5241399	HUMAN_OBSERVATION	iNaturalist	Observations	72065257		Lynn Ovenden	2021-03-26T19:10:00	CC_BY_NC_4_0	Owen Clarkin	Owen Clarkin			2025-01-14T13:11:11.225Z	StillImage	CONTINENT_DERIVED_FROM_COORDINATES;TAXON_MATCH_TAXON_ID_IGNORED
3018125583	50c9509d-22c7-4a22-a47d-8c48425ef4a7	https://www.inaturalist.org/observations/66331942	Fungi	Basidiomycota	Agaricomycetes	Agaricales	Pluteaceae	Volvariella	Volvariella bombycina		SPECIES	Volvariella bombycina (Schaeff.) Singer	Volvariella bombycina		CA		Québec	PRESENT		28eb1a3f-1c15-4a95-931a-4af90ecb574d	48.413808	-71.03528							2020-07-08T10:50	8	7	2020	5241399	5241399	HUMAN_OBSERVATION	iNaturalist	Observations	66331942		Louis Imbeau	2020-12-14T04:05:49	CC_BY_NC_4_0	Louis Imbeau	Louis Imbeau			2025-01-14T12:16:06.025Z	StillImage	COORDINATE_ROUNDED;CONTINENT_DERIVED_FROM_COORDINATES;TAXON_MATCH_TAXON_ID_IGNORED
2873714428	50c9509d-22c7-4a22-a47d-8c48425ef4a7	https://www.inaturalist.org/observations/55979293	Fungi	Basidiomycota	Agaricomycetes	Agaricales	Pluteaceae	Volvariella	Volvariella bombycina		SPECIES	Volvariella bombycina (Schaeff.) Singer	Volvariella bombycina bombycina		CA		Québec	PRESENT		28eb1a3f-1c15-4a95-931a-4af90ecb574d	46.610479	-72.694585	1384.0						2018-08-04	4	8	2018	5241399	5241399	HUMAN_OBSERVATION	iNaturalist	Observations	55979293		Tania Thiffeault	2020-08-10T00:32:11	CC_BY_NC_4_0	Tania Thiffeault	Tania Thiffeault			2025-01-14T13:09:49.839Z	StillImage	CONTINENT_DERIVED_FROM_COORDINATES;TAXON_MATCH_HIGHERRANK;TAXON_MATCH_TAXON_ID_IGNORED
2823083230	50c9509d-22c7-4a22-a47d-8c48425ef4a7	https://www.inaturalist.org/observations/53770688	Fungi	Basidiomycota	Agaricomycetes	Agaricales	Pluteaceae	Volvariella	Volvariella bombycina		SPECIES	Volvariella bombycina (Schaeff.) Singer	Volvariella bombycina		CA		Québec	PRESENT		28eb1a3f-1c15-4a95-931a-4af90ecb574d	45.490083	-75.647164	27158.0						2020-07-20T14:35:41	20	7	2020	5241399	5241399	HUMAN_OBSERVATION	iNaturalist	Observations	53770688		claudie_b	2020-07-20T20:50:11	CC_BY_NC_4_0	claudie_b	claudie_b			2025-01-14T13:04:15.850Z	StillImage	COORDINATE_ROUNDED;CONTINENT_DERIVED_FROM_COORDINATES;TAXON_MATCH_TAXON_ID_IGNORED
2802924453	50c9509d-22c7-4a22-a47d-8c48425ef4a7	https://www.inaturalist.org/observations/30782283	Fungi	Basidiomycota	Agaricomycetes	Agaricales	Pluteaceae	Volvariella	Volvariella bombycina		SPECIES	Volvariella bombycina (Schaeff.) Singer	Volvariella bombycina		CA		Ontario	PRESENT		28eb1a3f-1c15-4a95-931a-4af90ecb574d	45.21309	-74.631083	305.0						2019-08-13T19:18:25	13	8	2019	5241399	5241399	HUMAN_OBSERVATION	iNaturalist	Observations	30782283		corbyanderic	2019-08-13T23:45:21	CC_BY_NC_4_0	corbyanderic	corbyanderic			2025-01-14T12:08:47.273Z	StillImage	COORDINATE_ROUNDED;CONTINENT_DERIVED_FROM_COORDINATES;TAXON_MATCH_TAXON_ID_IGNORED
2597913916	50c9509d-22c7-4a22-a47d-8c48425ef4a7	https://www.inaturalist.org/observations/41707234	Fungi	Basidiomycota	Agaricomycetes	Agaricales	Pluteaceae	Volvariella	Volvariella bombycina		SPECIES	Volvariella bombycina (Schaeff.) Singer	Volvariella bombycina		CA		Québec	PRESENT		28eb1a3f-1c15-4a95-931a-4af90ecb574d	45.358196	-72.586272	229.0						2012-08-11T08:28	11	8	2012	5241399	5241399	HUMAN_OBSERVATION	iNaturalist	Observations	41707234		Paula DeSanto	2020-04-08T21:00:25	CC_BY_NC_4_0	Suzanne Labbé	Suzanne Labbé			2025-01-14T13:08:00.857Z	StillImage	COORDINATE_ROUNDED;CONTINENT_DERIVED_FROM_COORDINATES;TAXON_MATCH_TAXON_ID_IGNORED
1847646505	50c9509d-22c7-4a22-a47d-8c48425ef4a7	https://www.inaturalist.org/observations/9589913	Fungi	Basidiomycota	Agaricomycetes	Agaricales	Pluteaceae	Volvariella	Volvariella bombycina		SPECIES	Volvariella bombycina (Schaeff.) Singer	Volvariella bombycina		CA		Ontario	PRESENT		28eb1a3f-1c15-4a95-931a-4af90ecb574d	45.35695	-79.0971	33539.0						2015-09-13	13	9	2015	5241399	5241399	HUMAN_OBSERVATION	iNaturalist	Observations	9589913		mycowalt	2018-01-23T21:45:20	CC_BY_NC_4_0	mycowalt	mycowalt			2025-01-14T12:59:19.223Z	StillImage	CONTINENT_DERIVED_FROM_COORDINATES;TAXON_MATCH_TAXON_ID_IGNORED
1291165270	50c9509d-22c7-4a22-a47d-8c48425ef4a7	http://inaturalist.ca/observations/3805145	Fungi	Basidiomycota	Agaricomycetes	Agaricales	Pluteaceae	Volvariella	Volvariella bombycina		SPECIES	Volvariella bombycina (Schaeff.) Singer	Volvariella bombycina		CA		Québec	PRESENT		28eb1a3f-1c15-4a95-931a-4af90ecb574d	45.482478	-75.850866	52.0						2016-08-03T10:46	3	8	2016	5241399	5241399	HUMAN_OBSERVATION	iNaturalist	Observations	3805145		Assaad Abou Ghazaly	2016-08-05T00:48:00	CC_BY_NC_4_0	Assaad Abou Ghazaly	Assaad Abou Ghazaly			2025-01-14T12:57:16.502Z	StillImage	COORDINATE_ROUNDED;CONTINENT_DERIVED_FROM_COORDINATES;TAXON_MATCH_TAXON_ID_IGNORED
1291163448	50c9509d-22c7-4a22-a47d-8c48425ef4a7	http://inaturalist.ca/observations/3798102	Fungi	Basidiomycota	Agaricomycetes	Agaricales	Pluteaceae	Volvariella	Volvariella bombycina		SPECIES	Volvariella bombycina (Schaeff.) Singer	Volvariella bombycina		CA		Québec	PRESENT		28eb1a3f-1c15-4a95-931a-4af90ecb574d	45.482716	-75.849016							2016-08-03T09:55:45	3	8	2016	5241399	5241399	HUMAN_OBSERVATION	iNaturalist	Observations	3798102		noah_siegel	2016-08-03T20:09:45	CC_BY_NC_4_0	Mike Leveille	Mike Leveille			2025-01-14T12:02:42.827Z	StillImage	CONTINENT_DERIVED_FROM_COORDINATES;TAXON_MATCH_TAXON_ID_IGNORED
1135068789	21705170-d2b6-42de-8904-c3bca4b83591	CMMF007367	Fungi	Basidiomycota	Agaricomycetes	Agaricales	Pluteaceae	Volvariella	Volvariella bombycina		SPECIES	Volvariella bombycina (Schaeff.) Singer	Volvariella bombycina (Schaeff.) Singer	(Schaeff.) Singer	CA	Huntingdon, Boisé-des-Muir	Québec	PRESENT		ff7bd5db-b724-4932-b496-10ea298851f9	45.084583	-74.114033	100.0						2012-08-27	27	8	2012	5241399	5241399	PRESERVED_SPECIMEN	Université de Montréal Biodiversity Centre	CMMF	CMMF007367	C4056	McNeil, Raymond		CC0_1_0	Université de Montréal Biodiversity Centre	McNeil, Raymond			2024-01-24T16:38:21.467Z	StillImage	COORDINATE_ROUNDED;INSTITUTION_MATCH_FUZZY;COLLECTION_MATCH_FUZZY;DIFFERENT_OWNER_INSTITUTION
1135067778	21705170-d2b6-42de-8904-c3bca4b83591	CMMF006313	Fungi	Basidiomycota	Agaricomycetes	Agaricales	Pluteaceae	Volvariella	Volvariella bombycina		SPECIES	Volvariella bombycina (Schaeff.) Singer	Volvariella bombycina (Schaeff.) Singer	(Schaeff.) Singer	CA	Mont-Saint-Grégoire	Québec	PRESENT		ff7bd5db-b724-4932-b496-10ea298851f9	45.354833	-73.1545	100.0						1980-08-14	14	8	1980	5241399	5241399	PRESERVED_SPECIMEN	Université de Montréal Biodiversity Centre	CMMF	CMMF006313	791	McNeil, Raymond		CC0_1_0	Université de Montréal Biodiversity Centre	McNeil, Raymond			2024-01-24T16:38:18.944Z	StillImage	COORDINATE_ROUNDED;INSTITUTION_MATCH_FUZZY;COLLECTION_MATCH_FUZZY;DIFFERENT_OWNER_INSTITUTION
1135067729	21705170-d2b6-42de-8904-c3bca4b83591	CMMF006193	Fungi	Basidiomycota	Agaricomycetes	Agaricales	Pluteaceae	Volvariella	Volvariella bombycina		SPECIES	Volvariella bombycina (Schaeff.) Singer	Volvariella bombycina (Schaeff.) Singer	(Schaeff.) Singer	CA	Châteauguay	Québec	PRESENT		ff7bd5db-b724-4932-b496-10ea298851f9	45.35433	-73.774083	100.0						2007-08-26	26	8	2007	5241399	5241399	PRESERVED_SPECIMEN	Université de Montréal Biodiversity Centre	CMMF	CMMF006193	Inexistant	McNeil, Raymond		CC0_1_0	Université de Montréal Biodiversity Centre	McNeil, Raymond			2024-01-24T16:38:18.759Z	StillImage	COORDINATE_ROUNDED;INSTITUTION_MATCH_FUZZY;COLLECTION_MATCH_FUZZY;DIFFERENT_OWNER_INSTITUTION
1135067715	21705170-d2b6-42de-8904-c3bca4b83591	CMMF006191	Fungi	Basidiomycota	Agaricomycetes	Agaricales	Pluteaceae	Volvariella	Volvariella bombycina		SPECIES	Volvariella bombycina (Schaeff.) Singer	Volvariella bombycina (Schaeff.) Singer	(Schaeff.) Singer	CA	Châteauguay	Québec	PRESENT		ff7bd5db-b724-4932-b496-10ea298851f9	45.35433	-73.774083	100.0						1981-08-14	14	8	1981	5241399	5241399	PRESERVED_SPECIMEN	Université de Montréal Biodiversity Centre	CMMF	CMMF006191	Inexistant	McNeil, Raymond		CC0_1_0	Université de Montréal Biodiversity Centre	McNeil, Raymond			2024-01-24T16:38:18.756Z	StillImage	COORDINATE_ROUNDED;INSTITUTION_MATCH_FUZZY;COLLECTION_MATCH_FUZZY;DIFFERENT_OWNER_INSTITUTION
1135067669	21705170-d2b6-42de-8904-c3bca4b83591	CMMF006194	Fungi	Basidiomycota	Agaricomycetes	Agaricales	Pluteaceae	Volvariella	Volvariella bombycina		SPECIES	Volvariella bombycina (Schaeff.) Singer	Volvariella bombycina (Schaeff.) Singer	(Schaeff.) Singer	CA	Châteauguay	Québec	PRESENT		ff7bd5db-b724-4932-b496-10ea298851f9	45.35433	-73.774083	100.0						2006-07-20	20	7	2006	5241399	5241399	PRESERVED_SPECIMEN	Université de Montréal Biodiversity Centre	CMMF	CMMF006194	Inexistant	McNeil, Raymond		CC0_1_0	Université de Montréal Biodiversity Centre	McNeil, Raymond			2024-01-24T16:38:18.758Z	StillImage	COORDINATE_ROUNDED;INSTITUTION_MATCH_FUZZY;COLLECTION_MATCH_FUZZY;DIFFERENT_OWNER_INSTITUTION
1135067652	21705170-d2b6-42de-8904-c3bca4b83591	CMMF006192	Fungi	Basidiomycota	Agaricomycetes	Agaricales	Pluteaceae	Volvariella	Volvariella bombycina		SPECIES	Volvariella bombycina (Schaeff.) Singer	Volvariella bombycina (Schaeff.) Singer	(Schaeff.) Singer	CA	Châteauguay	Québec	PRESENT		ff7bd5db-b724-4932-b496-10ea298851f9	45.35433	-73.774083	100.0						2005-09-07	7	9	2005	5241399	5241399	PRESERVED_SPECIMEN	Université de Montréal Biodiversity Centre	CMMF	CMMF006192	C2425	McNeil, Raymond		CC0_1_0	Université de Montréal Biodiversity Centre	McNeil, Raymond			2024-01-24T16:38:18.756Z	StillImage	COORDINATE_ROUNDED;INSTITUTION_MATCH_FUZZY;COLLECTION_MATCH_FUZZY;DIFFERENT_OWNER_INSTITUTION
1135067637	21705170-d2b6-42de-8904-c3bca4b83591	CMMF006196	Fungi	Basidiomycota	Agaricomycetes	Agaricales	Pluteaceae	Volvariella	Volvariella bombycina		SPECIES	Volvariella bombycina (Schaeff.) Singer	Volvariella bombycina (Schaeff.) Singer	(Schaeff.) Singer	CA	Châteauguay	Québec	PRESENT		ff7bd5db-b724-4932-b496-10ea298851f9	45.35433	-73.774083	100.0						2005-09-06	6	9	2005	5241399	5241399	PRESERVED_SPECIMEN	Université de Montréal Biodiversity Centre	CMMF	CMMF006196	Inexistant	McNeil, Raymond		CC0_1_0	Université de Montréal Biodiversity Centre	McNeil, Raymond			2024-01-24T16:38:18.757Z	StillImage	COORDINATE_ROUNDED;INSTITUTION_MATCH_FUZZY;COLLECTION_MATCH_FUZZY;DIFFERENT_OWNER_INSTITUTION
1135067629	21705170-d2b6-42de-8904-c3bca4b83591	CMMF006195	Fungi	Basidiomycota	Agaricomycetes	Agaricales	Pluteaceae	Volvariella	Volvariella bombycina		SPECIES	Volvariella bombycina (Schaeff.) Singer	Volvariella bombycina (Schaeff.) Singer	(Schaeff.) Singer	CA	Châteauguay	Québec	PRESENT		ff7bd5db-b724-4932-b496-10ea298851f9	45.35433	-73.774083	100.0						2008-07-14	14	7	2008	5241399	5241399	PRESERVED_SPECIMEN	Université de Montréal Biodiversity Centre	CMMF	CMMF006195	Inexistant	McNeil, Raymond		CC0_1_0	Université de Montréal Biodiversity Centre	McNeil, Raymond			2024-01-24T16:38:18.757Z	StillImage	COORDINATE_ROUNDED;INSTITUTION_MATCH_FUZZY;COLLECTION_MATCH_FUZZY;DIFFERENT_OWNER_INSTITUTION
1135067441	21705170-d2b6-42de-8904-c3bca4b83591	CMMF005947	Fungi	Basidiomycota	Agaricomycetes	Agaricales	Pluteaceae	Volvariella	Volvariella bombycina		SPECIES	Volvariella bombycina (Schaeff.) Singer	Volvariella bombycina (Schaeff.) Singer	(Schaeff.) Singer	CA	Châteauguay (Centre écologique Fernand-Seguin)	Québec	PRESENT		ff7bd5db-b724-4932-b496-10ea298851f9	45.33983	-73.773917	100.0						2012-07-19	19	7	2012	5241399	5241399	PRESERVED_SPECIMEN	Université de Montréal Biodiversity Centre	CMMF	CMMF005947	C4011	McNeil, Raymond		CC0_1_0	Université de Montréal Biodiversity Centre	McNeil, Raymond			2024-01-24T16:38:16.921Z	StillImage	COORDINATE_ROUNDED;INSTITUTION_MATCH_FUZZY;COLLECTION_MATCH_FUZZY;DIFFERENT_OWNER_INSTITUTION
1024559111	21705170-d2b6-42de-8904-c3bca4b83591	CMMF004397	Fungi	Basidiomycota	Agaricomycetes	Agaricales	Pluteaceae	Volvariella	Volvariella bombycina		SPECIES	Volvariella bombycina (Schaeff.) Singer	Volvariella bombycina (Schaeff.) Singer	(Schaeff.) Singer	CA	Réserve écologique du Boisé-des-Muir, Hinchinbrooke.	Québec	PRESENT		ff7bd5db-b724-4932-b496-10ea298851f9	45.085052	-74.113549	10.0						2012-08-13	13	8	2012	5241399	5241399	PRESERVED_SPECIMEN	Université de Montréal Biodiversity Centre	CMMF	CMMF004397	407	Turgon, Jean-Pierre		CC0_1_0	Université de Montréal Biodiversity Centre	Archambault, Raymond; Langlois, Annabelle; Turgon, Jean-Pierre			2024-01-24T16:38:19.637Z	StillImage	INSTITUTION_MATCH_FUZZY;COLLECTION_MATCH_FUZZY;DIFFERENT_OWNER_INSTITUTION
1024558948	21705170-d2b6-42de-8904-c3bca4b83591	CMMF004308	Fungi	Basidiomycota	Agaricomycetes	Agaricales	Pluteaceae	Volvariella	Volvariella bombycina		SPECIES	Volvariella bombycina (Schaeff.) Singer	Volvariella bombycina (Schaeff.) Singer	(Schaeff.) Singer	CA	Réserve écologique du Boisé-des-Muir, Hinchinbrooke.	Québec	PRESENT		ff7bd5db-b724-4932-b496-10ea298851f9	45.08478	-74.11422	10.0						2012-07-23	23	7	2012	5241399	5241399	PRESERVED_SPECIMEN	Université de Montréal Biodiversity Centre	CMMF	CMMF004308	316	McNeil, Raymond		CC0_1_0	Université de Montréal Biodiversity Centre	Langlois, Annabelle; McNeil, Raymond			2024-01-24T16:38:19.600Z		INSTITUTION_MATCH_FUZZY;COLLECTION_MATCH_FUZZY;DIFFERENT_OWNER_INSTITUTION
1024558791	21705170-d2b6-42de-8904-c3bca4b83591	CMMF004238	Fungi	Basidiomycota	Agaricomycetes	Agaricales	Pluteaceae	Volvariella	Volvariella bombycina		SPECIES	Volvariella bombycina (Schaeff.) Singer	Volvariella bombycina (Schaeff.) Singer	(Schaeff.) Singer	CA	Réserve écologique du Boisé-des-Muir, Hinchinbrooke.	Québec	PRESENT		ff7bd5db-b724-4932-b496-10ea298851f9	45.086458	-74.11353	10.0						2012-07-03	3	7	2012	5241399	5241399	PRESERVED_SPECIMEN	Université de Montréal Biodiversity Centre	CMMF	CMMF004238	246	Archambault, Raymond		CC0_1_0	Université de Montréal Biodiversity Centre	Archambault, Raymond; Langlois, Annabelle; Turgon, Jean-Pierre			2024-01-24T16:38:18.689Z	StillImage	INSTITUTION_MATCH_FUZZY;COLLECTION_MATCH_FUZZY;DIFFERENT_OWNER_INSTITUTION
