gbifID	datasetKey	occurrenceID	kingdom	phylum	class	order	family	genus	species	infraspecificEpithet	taxonRank	scientificName	verbatimScientificName	verbatimScientificNameAuthorship	countryCode	locality	stateProvince	occurrenceStatus	individualCount	publishingOrgKey	decimalLatitude	decimalLongitude	coordinateUncertaintyInMeters	coordinatePrecision	elevation	elevationAccuracy	depth	depthAccuracy	eventDate	day	month	year	taxonKey	speciesKey	basisOfRecord	institutionCode	collectionCode	catalogNumber	recordNumber	identifiedBy	dateIdentified	license	rightsHolder	recordedBy	typeStatus	establishmentMeans	lastInterpreted	mediaType	issue
617553039	21705170-d2b6-42de-8904-c3bca4b83591	CMMF000342	Fungi	Basidiomycota	Agaricomycetes	Phallales	Phallaceae	Phallus	Phallus indusiatus		SPECIES	Dictyophora duplicata (Bosc) E.Fisch.	Dictyophora duplicata (Bosc) E. Fisch.	(Bosc) E. Fisch.	CA	Montréal	Québec	PRESENT		ff7bd5db-b724-4932-b496-10ea298851f9	45.509625	-73.662984	25000.0						1988-07-15	15	7	1988	3314918	2524108	PRESERVED_SPECIMEN	Université de Montréal Biodiversity Centre	CMMF	CMMF000342		Lamoureux, Yves		CC0_1_0	Université de Montréal Biodiversity Centre	Tortorici, Francesco			2024-01-24T16:38:20.807Z	StillImage	INSTITUTION_MATCH_FUZZY;COLLECTION_MATCH_FUZZY;DIFFERENT_OWNER_INSTITUTION
4954749984	50c9509d-22c7-4a22-a47d-8c48425ef4a7	https://www.inaturalist.org/observations/246457096	Fungi	Basidiomycota	Agaricomycetes	Phallales	Phallaceae	Phallus	Phallus indusiatus		SPECIES	Phallus duplicatus Bosc	Phallus duplicatus		CA		New Brunswick	PRESENT		28eb1a3f-1c15-4a95-931a-4af90ecb574d	45.891139	-66.691801	181.0						2024-10-08T18:12:09	8	10	2024	3314906	2524108	HUMAN_OBSERVATION	iNaturalist	Observations	246457096		davidenrique	2024-10-09T11:50:41	CC_BY_NC_4_0	Gwen Walker	Gwen Walker			2025-01-14T12:58:34.050Z	StillImage	COORDINATE_ROUNDED;CONTINENT_DERIVED_FROM_COORDINATES;TAXON_MATCH_TAXON_ID_IGNORED
4946488169	50c9509d-22c7-4a22-a47d-8c48425ef4a7	https://www.inaturalist.org/observations/240380937	Fungi	Basidiomycota	Agaricomycetes	Phallales	Phallaceae	Phallus	Phallus indusiatus		SPECIES	Phallus duplicatus Bosc	Phallus duplicatus		CA		New Brunswick	PRESENT		28eb1a3f-1c15-4a95-931a-4af90ecb574d	46.320933	-64.584648	9.0						2024-09-07T16:00:33	7	9	2024	3314906	2524108	HUMAN_OBSERVATION	iNaturalist	Observations	240380937		davidenrique	2024-09-07T23:00:51	CC_BY_NC_4_0	remidonelle	remidonelle			2025-01-14T13:42:56.117Z	StillImage	COORDINATE_ROUNDED;CONTINENT_DERIVED_FROM_COORDINATES;TAXON_MATCH_TAXON_ID_IGNORED
4936733315	50c9509d-22c7-4a22-a47d-8c48425ef4a7	https://www.inaturalist.org/observations/235960109	Fungi	Basidiomycota	Agaricomycetes	Phallales	Phallaceae	Phallus	Phallus indusiatus		SPECIES	Phallus duplicatus Bosc	Phallus duplicatus		CA		Ontario	PRESENT		28eb1a3f-1c15-4a95-931a-4af90ecb574d	45.372549	-75.797705	31.0						2017-10-10T16:34	10	10	2017	3314906	2524108	HUMAN_OBSERVATION	iNaturalist	Observations	235960109		Deborah Mosher	2024-08-15T19:18:03	CC_BY_NC_4_0	Deborah Mosher	Deborah Mosher			2025-01-14T12:48:33.580Z	StillImage	COORDINATE_ROUNDED;CONTINENT_DERIVED_FROM_COORDINATES;TAXON_MATCH_TAXON_ID_IGNORED
4924024601	50c9509d-22c7-4a22-a47d-8c48425ef4a7	https://www.inaturalist.org/observations/234732898	Fungi	Basidiomycota	Agaricomycetes	Phallales	Phallaceae	Phallus	Phallus indusiatus		SPECIES	Phallus duplicatus Bosc	Phallus duplicatus		CA		New Brunswick	PRESENT		28eb1a3f-1c15-4a95-931a-4af90ecb574d	45.973514	-66.608494	5.0						2021-09-11T13:17:02	11	9	2021	3314906	2524108	HUMAN_OBSERVATION	iNaturalist	Observations	234732898		statelyelms	2024-08-09T18:17:11	CC_BY_4_0	statelyelms	statelyelms			2025-01-14T13:42:41.854Z	StillImage	COORDINATE_ROUNDED;CONTINENT_DERIVED_FROM_COORDINATES;TAXON_MATCH_TAXON_ID_IGNORED
4855561097	50c9509d-22c7-4a22-a47d-8c48425ef4a7	https://www.inaturalist.org/observations/190237143	Fungi	Basidiomycota	Agaricomycetes	Phallales	Phallaceae	Phallus	Phallus indusiatus		SPECIES	Phallus duplicatus Bosc	Phallus duplicatus		CA		Ontario	PRESENT		28eb1a3f-1c15-4a95-931a-4af90ecb574d	45.762209	-77.12554	10.0						2012-09-22	22	9	2012	3314906	2524108	HUMAN_OBSERVATION	iNaturalist	Observations	190237143		davidenrique	2023-11-07T12:49:06	CC_BY_NC_4_0	Daryl Coulson	Daryl Coulson			2025-01-14T12:42:54.468Z	StillImage	COORDINATE_ROUNDED;CONTINENT_DERIVED_FROM_COORDINATES;TAXON_MATCH_TAXON_ID_IGNORED
4431097359	50c9509d-22c7-4a22-a47d-8c48425ef4a7	https://www.inaturalist.org/observations/187645036	Fungi	Basidiomycota	Agaricomycetes	Phallales	Phallaceae	Phallus	Phallus indusiatus		SPECIES	Phallus duplicatus Bosc	Phallus duplicatus		CA		Nova Scotia	PRESENT		28eb1a3f-1c15-4a95-931a-4af90ecb574d	45.796206	-64.177438	4.0						2023-10-15T12:50:49	15	10	2023	3314906	2524108	HUMAN_OBSERVATION	iNaturalist	Observations	187645036		juliepqt	2023-10-15T15:51:36	CC_BY_NC_4_0	juliepqt	juliepqt			2025-01-14T12:42:26.405Z	StillImage	COORDINATE_ROUNDED;CONTINENT_DERIVED_FROM_COORDINATES;TAXON_MATCH_TAXON_ID_IGNORED
4421180038	50c9509d-22c7-4a22-a47d-8c48425ef4a7	https://www.inaturalist.org/observations/186090406	Fungi	Basidiomycota	Agaricomycetes	Phallales	Phallaceae	Phallus	Phallus indusiatus		SPECIES	Phallus duplicatus Bosc	Phallus duplicatus		CA		New Brunswick	PRESENT		28eb1a3f-1c15-4a95-931a-4af90ecb574d	45.950768	-64.370234	27095.0						2023-10-03T08:42	3	10	2023	3314906	2524108	HUMAN_OBSERVATION	iNaturalist	Observations	186090406		Claire Moxon-Waltz	2023-10-03T21:43:06	CC_BY_4_0	Claire Moxon-Waltz	Claire Moxon-Waltz			2025-01-14T12:42:35.743Z	StillImage	COORDINATE_ROUNDED;CONTINENT_DERIVED_FROM_COORDINATES;TAXON_MATCH_TAXON_ID_IGNORED
4413439300	50c9509d-22c7-4a22-a47d-8c48425ef4a7	https://www.inaturalist.org/observations/183370769	Fungi	Basidiomycota	Agaricomycetes	Phallales	Phallaceae	Phallus	Phallus indusiatus		SPECIES	Phallus duplicatus Bosc	Phallus duplicatus		CA		Québec	PRESENT		28eb1a3f-1c15-4a95-931a-4af90ecb574d	45.440061	-73.602198							2023-09-15T11:45:24	15	9	2023	3314906	2524108	HUMAN_OBSERVATION	iNaturalist	Observations	183370769		intodream	2023-09-15T16:05:44	CC_BY_NC_4_0	intodream	intodream			2025-01-14T13:33:28.012Z	StillImage	CONTINENT_DERIVED_FROM_COORDINATES;TAXON_MATCH_TAXON_ID_IGNORED
4407413384	50c9509d-22c7-4a22-a47d-8c48425ef4a7	https://www.inaturalist.org/observations/181136148	Fungi	Basidiomycota	Agaricomycetes	Phallales	Phallaceae	Phallus	Phallus indusiatus		SPECIES	Phallus duplicatus Bosc	Phallus duplicatus		CA		New Brunswick	PRESENT		28eb1a3f-1c15-4a95-931a-4af90ecb574d	46.68944	-64.796722	1051.0						2023-08-31T19:14:22	31	8	2023	3314906	2524108	HUMAN_OBSERVATION	iNaturalist	Observations	181136148		davidenrique	2023-09-01T01:19:35	CC_BY_NC_4_0	kat_sock	kat_sock			2025-01-14T12:41:59.608Z	StillImage	COORDINATE_ROUNDED;CONTINENT_DERIVED_FROM_COORDINATES;TAXON_MATCH_TAXON_ID_IGNORED
4405337286	50c9509d-22c7-4a22-a47d-8c48425ef4a7	https://www.inaturalist.org/observations/180689755	Fungi	Basidiomycota	Agaricomycetes	Phallales	Phallaceae	Phallus	Phallus indusiatus		SPECIES	Phallus duplicatus Bosc	Phallus duplicatus		CA		Québec	PRESENT		28eb1a3f-1c15-4a95-931a-4af90ecb574d	46.244204	-73.14383	27031.0						2023-08-27T11:15:52	27	8	2023	3314906	2524108	HUMAN_OBSERVATION	iNaturalist	Observations	180689755		davidenrique	2023-08-29T12:34:51	CC_BY_4_0	Mical	Mical			2025-01-14T13:32:40.726Z	StillImage	COORDINATE_ROUNDED;CONTINENT_DERIVED_FROM_COORDINATES;TAXON_MATCH_TAXON_ID_IGNORED
4166373766	695cef75-b65f-4776-b2ed-74565eebb16e	02-01000745737	Fungi	Basidiomycota	Agaricomycetes	Phallales	Phallaceae	Phallus	Phallus indusiatus		SPECIES	Phallus duplicatus Bosc	Phallus duplicatus	Bosc	CA	Aylmer, Boucher Forest	Quebec	PRESENT		055bd978-2daa-4543-b3f0-44e0e87e86ca	45.418969	-75.83487							2016-10-18	18	10	2016	3314906	2524108	PRESERVED_SPECIMEN	AAFC	DAOM	745737		J.B. Tanney		CC_BY_4_0	©His Majesty the King in Right of Canada, as represented by the Minister of Agriculture and Agri-Food	J.B. Tanney NB-847			2025-01-12T05:11:17.449Z		GEODETIC_DATUM_ASSUMED_WGS84;CONTINENT_DERIVED_FROM_COORDINATES;TAXON_MATCH_TAXON_ID_IGNORED;INSTITUTION_MATCH_FUZZY
4116069476	50c9509d-22c7-4a22-a47d-8c48425ef4a7	https://www.inaturalist.org/observations/138283053	Fungi	Basidiomycota	Agaricomycetes	Phallales	Phallaceae	Phallus	Phallus indusiatus		SPECIES	Phallus duplicatus Bosc	Phallus duplicatus		CA		New Brunswick	PRESENT		28eb1a3f-1c15-4a95-931a-4af90ecb574d	45.077022	-67.042008	8.0						2022-10-10T14:35:29	10	10	2022	3314906	2524108	HUMAN_OBSERVATION	iNaturalist	Observations	138283053		davidenrique	2022-11-23T23:58:09	CC_BY_NC_4_0	Stephanie L Turner	Stephanie L Turner			2025-01-14T12:31:53.193Z	StillImage	COORDINATE_ROUNDED;CONTINENT_DERIVED_FROM_COORDINATES;TAXON_MATCH_TAXON_ID_IGNORED
4067145689	50c9509d-22c7-4a22-a47d-8c48425ef4a7	https://www.inaturalist.org/observations/148533418	Fungi	Basidiomycota	Agaricomycetes	Phallales	Phallaceae	Phallus	Phallus indusiatus		SPECIES	Phallus duplicatus Bosc	Phallus duplicatus		CA		Québec	PRESENT		28eb1a3f-1c15-4a95-931a-4af90ecb574d	45.543175	-72.487672	200.0						2022-09-07T11:16:17	7	9	2022	3314906	2524108	HUMAN_OBSERVATION	iNaturalist	Observations	148533418		davidenrique	2023-02-12T19:13:44	CC_BY_NC_4_0	liliane_bathalon	liliane_bathalon			2025-01-14T13:27:47.775Z	StillImage	COORDINATE_ROUNDED;CONTINENT_DERIVED_FROM_COORDINATES;TAXON_MATCH_TAXON_ID_IGNORED
3986177937	50c9509d-22c7-4a22-a47d-8c48425ef4a7	https://www.inaturalist.org/observations/139634000	Fungi	Basidiomycota	Agaricomycetes	Phallales	Phallaceae	Phallus	Phallus indusiatus		SPECIES	Phallus duplicatus Bosc	Phallus duplicatus		CA		Québec	PRESENT		28eb1a3f-1c15-4a95-931a-4af90ecb574d	45.662025	-74.244117	9.0						2022-10-22T11:20:48	22	10	2022	3314906	2524108	HUMAN_OBSERVATION	iNaturalist	Observations	139634000		Mical	2022-10-22T15:22:18	CC_BY_4_0	Mical	Mical			2025-01-14T13:25:07.853Z	StillImage	COORDINATE_ROUNDED;CONTINENT_DERIVED_FROM_COORDINATES;TAXON_MATCH_TAXON_ID_IGNORED
3986076910	50c9509d-22c7-4a22-a47d-8c48425ef4a7	https://www.inaturalist.org/observations/139524563	Fungi	Basidiomycota	Agaricomycetes	Phallales	Phallaceae	Phallus	Phallus indusiatus		SPECIES	Phallus duplicatus Bosc	Phallus duplicatus		CA		New Brunswick	PRESENT		28eb1a3f-1c15-4a95-931a-4af90ecb574d	46.210514	-64.29754	16.0						2022-10-21T11:23:42	21	10	2022	3314906	2524108	HUMAN_OBSERVATION	iNaturalist	Observations	139524563		davidenrique	2022-11-22T17:41:50	CC_BY_NC_4_0	jokersnightmare	jokersnightmare			2025-01-14T12:32:43.829Z	StillImage	COORDINATE_ROUNDED;CONTINENT_DERIVED_FROM_COORDINATES;TAXON_MATCH_TAXON_ID_IGNORED
3985948646	50c9509d-22c7-4a22-a47d-8c48425ef4a7	https://www.inaturalist.org/observations/142600168	Fungi	Basidiomycota	Agaricomycetes	Phallales	Phallaceae	Phallus	Phallus indusiatus		SPECIES	Phallus duplicatus Bosc	Phallus duplicatus		CA		Québec	PRESENT		28eb1a3f-1c15-4a95-931a-4af90ecb574d	46.833459	-71.343745	15.0						2022-09-17	17	9	2022	3314906	2524108	HUMAN_OBSERVATION	iNaturalist	Observations	142600168		davidenrique	2022-11-22T16:01:59	CC_BY_NC_4_0	Christian Grenier	Christian Grenier			2025-01-14T13:26:32.344Z	StillImage	COORDINATE_ROUNDED;CONTINENT_DERIVED_FROM_COORDINATES;TAXON_MATCH_TAXON_ID_IGNORED
3985779869	50c9509d-22c7-4a22-a47d-8c48425ef4a7	https://www.inaturalist.org/observations/139645523	Fungi	Basidiomycota	Agaricomycetes	Phallales	Phallaceae	Phallus	Phallus indusiatus		SPECIES	Phallus duplicatus Bosc	Phallus duplicatus		CA		Québec	PRESENT		28eb1a3f-1c15-4a95-931a-4af90ecb574d	45.662742	-74.24267	2305.0						2022-10-22T11:19:30	22	10	2022	3314906	2524108	HUMAN_OBSERVATION	iNaturalist	Observations	139645523		timfoster	2022-10-22T17:02:26	CC_BY_NC_4_0	timfoster	timfoster			2025-01-14T12:33:05.622Z	StillImage	COORDINATE_ROUNDED;CONTINENT_DERIVED_FROM_COORDINATES;TAXON_MATCH_TAXON_ID_IGNORED
3961041389	50c9509d-22c7-4a22-a47d-8c48425ef4a7	https://www.inaturalist.org/observations/140583273	Fungi	Basidiomycota	Agaricomycetes	Phallales	Phallaceae	Phallus	Phallus indusiatus		SPECIES	Phallus duplicatus Bosc	Phallus duplicatus		CA		Prince Edward Island	PRESENT		28eb1a3f-1c15-4a95-931a-4af90ecb574d	46.690578	-64.021156	4.0						2022-10-30T15:26	30	10	2022	3314906	2524108	HUMAN_OBSERVATION	iNaturalist	Observations	140583273		Thelma Phillips	2022-10-30T22:41:07	CC_BY_NC_4_0	Thelma Phillips	Thelma Phillips			2025-01-14T13:22:01.694Z	StillImage	COORDINATE_ROUNDED;CONTINENT_DERIVED_FROM_COORDINATES;TAXON_MATCH_TAXON_ID_IGNORED
3947209741	50c9509d-22c7-4a22-a47d-8c48425ef4a7	https://www.inaturalist.org/observations/139065025	Fungi	Basidiomycota	Agaricomycetes	Phallales	Phallaceae	Phallus	Phallus indusiatus		SPECIES	Phallus duplicatus Bosc	Phallus duplicatus		CA		Québec	PRESENT		28eb1a3f-1c15-4a95-931a-4af90ecb574d	45.884235	-76.539307	27095.0						2022-10-15T11:47	15	10	2022	3314906	2524108	HUMAN_OBSERVATION	iNaturalist	Observations	139065025		L Joan Heyding	2022-10-17T01:36:23	CC_BY_NC_4_0	L Joan Heyding	L Joan Heyding			2025-01-14T12:32:44.109Z	StillImage	COORDINATE_ROUNDED;CONTINENT_DERIVED_FROM_COORDINATES;TAXON_MATCH_TAXON_ID_IGNORED
3947197402	50c9509d-22c7-4a22-a47d-8c48425ef4a7	https://www.inaturalist.org/observations/138726412	Fungi	Basidiomycota	Agaricomycetes	Phallales	Phallaceae	Phallus	Phallus indusiatus		SPECIES	Phallus duplicatus Bosc	Phallus duplicatus		CA		Québec	PRESENT		28eb1a3f-1c15-4a95-931a-4af90ecb574d	46.455781	-72.738069	4.0						2022-10-14T11:24:10	14	10	2022	3314906	2524108	HUMAN_OBSERVATION	iNaturalist	Observations	138726412		davidenrique	2022-10-15T13:35:10	CC_BY_NC_4_0	Caramelos	Caramelos			2025-01-14T12:31:58.664Z	StillImage	COORDINATE_ROUNDED;CONTINENT_DERIVED_FROM_COORDINATES;TAXON_MATCH_TAXON_ID_IGNORED
3923506133	50c9509d-22c7-4a22-a47d-8c48425ef4a7	https://www.inaturalist.org/observations/137044995	Fungi	Basidiomycota	Agaricomycetes	Phallales	Phallaceae	Phallus	Phallus indusiatus		SPECIES	Phallus duplicatus Bosc	Phallus duplicatus		CA		Ontario	PRESENT		28eb1a3f-1c15-4a95-931a-4af90ecb574d	45.240742	-75.615097	12.0						2022-09-29T16:06:07	29	9	2022	3314906	2524108	HUMAN_OBSERVATION	iNaturalist	Observations	137044995		davidenrique	2022-09-30T20:37:09	CC_BY_NC_4_0	ruralinmanotick	ruralinmanotick			2025-01-14T12:32:06.262Z	StillImage	COORDINATE_ROUNDED;CONTINENT_DERIVED_FROM_COORDINATES;TAXON_MATCH_TAXON_ID_IGNORED
3915576452	50c9509d-22c7-4a22-a47d-8c48425ef4a7	https://www.inaturalist.org/observations/136111350	Fungi	Basidiomycota	Agaricomycetes	Phallales	Phallaceae	Phallus	Phallus indusiatus		SPECIES	Phallus duplicatus Bosc	Phallus duplicatus		CA		Ontario	PRESENT		28eb1a3f-1c15-4a95-931a-4af90ecb574d	45.118473	-75.86911							2022-09-22T13:45:59	22	9	2022	3314906	2524108	HUMAN_OBSERVATION	iNaturalist	Observations	136111350		davidenrique	2022-09-23T12:52:36	CC_BY_4_0	Alexis Williams	Alexis Williams			2025-01-14T13:17:28.166Z	StillImage	COORDINATE_ROUNDED;CONTINENT_DERIVED_FROM_COORDINATES;TAXON_MATCH_TAXON_ID_IGNORED
3912230402	50c9509d-22c7-4a22-a47d-8c48425ef4a7	https://www.inaturalist.org/observations/135578708	Fungi	Basidiomycota	Agaricomycetes	Phallales	Phallaceae	Phallus	Phallus indusiatus		SPECIES	Phallus duplicatus Bosc	Phallus duplicatus		CA		Québec	PRESENT		28eb1a3f-1c15-4a95-931a-4af90ecb574d	46.740776	-72.166702	775.0						2022-09-18T17:09:43	18	9	2022	3314906	2524108	HUMAN_OBSERVATION	iNaturalist	Observations	135578708		davidenrique	2022-09-19T12:50:12	CC_BY_NC_4_0	Chantal Leblanc	Chantal Leblanc			2025-01-14T12:33:55.637Z	StillImage	COORDINATE_ROUNDED;CONTINENT_DERIVED_FROM_COORDINATES;TAXON_MATCH_TAXON_ID_IGNORED
3902492761	50c9509d-22c7-4a22-a47d-8c48425ef4a7	https://www.inaturalist.org/observations/131287685	Fungi	Basidiomycota	Agaricomycetes	Phallales	Phallaceae	Phallus	Phallus indusiatus		SPECIES	Phallus duplicatus Bosc	Phallus duplicatus		CA		Ontario	PRESENT		28eb1a3f-1c15-4a95-931a-4af90ecb574d	45.39785	-75.703925	4.0						2022-08-17T14:57:29	17	8	2022	3314906	2524108	HUMAN_OBSERVATION	iNaturalist	Observations	131287685		davidenrique	2022-08-18T10:39:15	CC_BY_NC_4_0	jjig77	jjig77			2025-01-14T13:24:02.396Z	StillImage	CONTINENT_DERIVED_FROM_COORDINATES;TAXON_MATCH_TAXON_ID_IGNORED
3466368508	50c9509d-22c7-4a22-a47d-8c48425ef4a7	https://www.inaturalist.org/observations/105809778	Fungi	Basidiomycota	Agaricomycetes	Phallales	Phallaceae	Phallus	Phallus indusiatus		SPECIES	Phallus duplicatus Bosc	Phallus duplicatus		CA		Québec	PRESENT		28eb1a3f-1c15-4a95-931a-4af90ecb574d	45.911844	-76.462638	27095.0						2021-09-26T11:33	26	9	2021	3314906	2524108	HUMAN_OBSERVATION	iNaturalist	Observations	105809778		L Joan Heyding	2022-01-30T01:41:25	CC_BY_NC_4_0	L Joan Heyding	L Joan Heyding			2025-01-14T13:18:47.592Z	StillImage	COORDINATE_ROUNDED;CONTINENT_DERIVED_FROM_COORDINATES;TAXON_MATCH_TAXON_ID_IGNORED
3466080247	50c9509d-22c7-4a22-a47d-8c48425ef4a7	https://www.inaturalist.org/observations/105478672	Fungi	Basidiomycota	Agaricomycetes	Phallales	Phallaceae	Phallus	Phallus indusiatus		SPECIES	Phallus duplicatus Bosc	Phallus duplicatus		CA		Québec	PRESENT		28eb1a3f-1c15-4a95-931a-4af90ecb574d	45.944902	-76.515947	27095.0						2021-09-10T09:46	10	9	2021	3314906	2524108	HUMAN_OBSERVATION	iNaturalist	Observations	105478672				CC_BY_NC_4_0	L Joan Heyding	L Joan Heyding			2025-01-14T12:24:18.426Z	StillImage	COORDINATE_ROUNDED;CONTINENT_DERIVED_FROM_COORDINATES;TAXON_MATCH_TAXON_ID_IGNORED
3455884440	50c9509d-22c7-4a22-a47d-8c48425ef4a7	https://www.inaturalist.org/observations/94559420	Fungi	Basidiomycota	Agaricomycetes	Phallales	Phallaceae	Phallus	Phallus indusiatus		SPECIES	Phallus duplicatus Bosc	Phallus duplicatus		CA		New Brunswick	PRESENT		28eb1a3f-1c15-4a95-931a-4af90ecb574d	45.953443	-66.960128	95.0						2021-09-12T08:53:31	12	9	2021	3314906	2524108	HUMAN_OBSERVATION	iNaturalist	Observations	94559420		davidenrique	2021-09-12T12:10:41	CC_BY_NC_4_0	birchweaver1	birchweaver1			2025-01-14T13:10:34.375Z	StillImage	COORDINATE_ROUNDED;CONTINENT_DERIVED_FROM_COORDINATES;TAXON_MATCH_TAXON_ID_IGNORED
3455686163	50c9509d-22c7-4a22-a47d-8c48425ef4a7	https://www.inaturalist.org/observations/98998310	Fungi	Basidiomycota	Agaricomycetes	Phallales	Phallaceae	Phallus	Phallus indusiatus		SPECIES	Phallus duplicatus Bosc	Phallus duplicatus		CA		Québec	PRESENT		28eb1a3f-1c15-4a95-931a-4af90ecb574d	45.361877	-71.842987	65.0						2021-10-22T13:50:28	22	10	2021	3314906	2524108	HUMAN_OBSERVATION	iNaturalist	Observations	98998310		davidenrique	2021-10-23T02:25:50	CC_BY_NC_4_0	gmccormi	gmccormi			2025-01-14T12:26:15.371Z	StillImage	COORDINATE_ROUNDED;CONTINENT_DERIVED_FROM_COORDINATES;TAXON_MATCH_TAXON_ID_IGNORED
3415385075	50c9509d-22c7-4a22-a47d-8c48425ef4a7	https://www.inaturalist.org/observations/100282034	Fungi	Basidiomycota	Agaricomycetes	Phallales	Phallaceae	Phallus	Phallus indusiatus		SPECIES	Phallus duplicatus Bosc	Phallus duplicatus		CA		Ontario	PRESENT		28eb1a3f-1c15-4a95-931a-4af90ecb574d	45.394793	-75.511595							2021-11-01T09:20	1	11	2021	3314906	2524108	HUMAN_OBSERVATION	iNaturalist	Observations	100282034		Igor Khomenko	2021-11-05T01:47:00	CC_BY_NC_4_0	Igor Khomenko	Igor Khomenko			2025-01-14T13:16:28.959Z	StillImage	COORDINATE_ROUNDED;CONTINENT_DERIVED_FROM_COORDINATES;TAXON_MATCH_TAXON_ID_IGNORED
3408134980	50c9509d-22c7-4a22-a47d-8c48425ef4a7	https://www.inaturalist.org/observations/100004125	Fungi	Basidiomycota	Agaricomycetes	Phallales	Phallaceae	Phallus	Phallus indusiatus		SPECIES	Phallus duplicatus Bosc	Phallus duplicatus		CA		Ontario	PRESENT		28eb1a3f-1c15-4a95-931a-4af90ecb574d	45.393918	-75.511642	183.0						2021-11-01T09:19	1	11	2021	3314906	2524108	HUMAN_OBSERVATION	iNaturalist	Observations	100004125		davidenrique	2021-11-01T22:51:59	CC_BY_NC_4_0	L Joan Heyding	L Joan Heyding			2025-01-14T12:23:11.181Z	StillImage	COORDINATE_ROUNDED;CONTINENT_DERIVED_FROM_COORDINATES;TAXON_MATCH_TAXON_ID_IGNORED
3399212293	50c9509d-22c7-4a22-a47d-8c48425ef4a7	https://www.inaturalist.org/observations/98563880	Fungi	Basidiomycota	Agaricomycetes	Phallales	Phallaceae	Phallus	Phallus indusiatus		SPECIES	Phallus duplicatus Bosc	Phallus duplicatus		CA		Québec	PRESENT		28eb1a3f-1c15-4a95-931a-4af90ecb574d	45.946952	-76.598824	27095.0						2021-10-12T13:06	12	10	2021	3314906	2524108	HUMAN_OBSERVATION	iNaturalist	Observations	98563880		L Joan Heyding	2021-10-18T01:26:29	CC_BY_NC_4_0	L Joan Heyding	L Joan Heyding			2025-01-14T13:11:49.431Z	StillImage	COORDINATE_ROUNDED;CONTINENT_DERIVED_FROM_COORDINATES;TAXON_MATCH_TAXON_ID_IGNORED
3399127170	50c9509d-22c7-4a22-a47d-8c48425ef4a7	https://www.inaturalist.org/observations/98442550	Fungi	Basidiomycota	Agaricomycetes	Phallales	Phallaceae	Phallus	Phallus indusiatus		SPECIES	Phallus duplicatus Bosc	Phallus duplicatus		CA		Québec	PRESENT		28eb1a3f-1c15-4a95-931a-4af90ecb574d	46.191872	-73.551133	3433.0						2021-10-11T13:35:27	11	10	2021	3314906	2524108	HUMAN_OBSERVATION	iNaturalist	Observations	98442550		sylvain88	2021-10-17T01:07:32	CC_BY_NC_4_0	sylvain88	sylvain88			2025-01-14T13:14:39.569Z	StillImage	COORDINATE_ROUNDED;CONTINENT_DERIVED_FROM_COORDINATES;TAXON_MATCH_TAXON_ID_IGNORED
3399000685	50c9509d-22c7-4a22-a47d-8c48425ef4a7	https://www.inaturalist.org/observations/98895241	Fungi	Basidiomycota	Agaricomycetes	Phallales	Phallaceae	Phallus	Phallus indusiatus		SPECIES	Phallus duplicatus Bosc	Phallus duplicatus		CA		Ontario	PRESENT		28eb1a3f-1c15-4a95-931a-4af90ecb574d	45.448766	-75.18673	4.0						2021-10-17T12:28	17	10	2021	3314906	2524108	HUMAN_OBSERVATION	iNaturalist	Observations	98895241		cinna_latifolia	2021-10-21T17:14:27	CC_BY_4_0	christine123	christine123			2025-01-14T12:22:57.046Z	StillImage	COORDINATE_ROUNDED;CONTINENT_DERIVED_FROM_COORDINATES;TAXON_MATCH_TAXON_ID_IGNORED
3391720067	50c9509d-22c7-4a22-a47d-8c48425ef4a7	https://www.inaturalist.org/observations/98007902	Fungi	Basidiomycota	Agaricomycetes	Phallales	Phallaceae	Phallus	Phallus indusiatus		SPECIES	Phallus duplicatus Bosc	Phallus duplicatus		CA		Ontario	PRESENT		28eb1a3f-1c15-4a95-931a-4af90ecb574d	45.62113	-77.423073	7.0						2021-10-11T09:13:44Z	11	10	2021	3314906	2524108	HUMAN_OBSERVATION	iNaturalist	Observations	98007902		july2021	2021-10-12T18:19:04	CC_BY_NC_4_0	july2021	july2021			2025-01-14T13:15:22.102Z	StillImage	COORDINATE_ROUNDED;CONTINENT_DERIVED_FROM_COORDINATES;TAXON_MATCH_TAXON_ID_IGNORED
3391352639	50c9509d-22c7-4a22-a47d-8c48425ef4a7	https://www.inaturalist.org/observations/97550434	Fungi	Basidiomycota	Agaricomycetes	Phallales	Phallaceae	Phallus	Phallus indusiatus		SPECIES	Phallus duplicatus Bosc	Phallus duplicatus		CA		Ontario	PRESENT		28eb1a3f-1c15-4a95-931a-4af90ecb574d	45.118397	-75.869537							2021-10-07T15:08:22	7	10	2021	3314906	2524108	HUMAN_OBSERVATION	iNaturalist	Observations	97550434		Alexis Williams	2021-10-08T15:19:52	CC_BY_4_0	Alexis Williams	Alexis Williams			2025-01-14T13:15:35.806Z	StillImage	COORDINATE_ROUNDED;CONTINENT_DERIVED_FROM_COORDINATES;TAXON_MATCH_TAXON_ID_IGNORED
3391340600	50c9509d-22c7-4a22-a47d-8c48425ef4a7	https://www.inaturalist.org/observations/96521662	Fungi	Basidiomycota	Agaricomycetes	Phallales	Phallaceae	Phallus	Phallus indusiatus		SPECIES	Phallus duplicatus Bosc	Phallus duplicatus		CA		Québec	PRESENT		28eb1a3f-1c15-4a95-931a-4af90ecb574d	46.083867	-73.948312	10.0						2021-09-13T10:50:19	13	9	2021	3314906	2524108	HUMAN_OBSERVATION	iNaturalist	Observations	96521662		davidenrique	2021-09-29T16:53:42	CC_BY_NC_4_0	lelfe	lelfe			2025-01-14T13:15:11.408Z	StillImage	COORDINATE_ROUNDED;CONTINENT_DERIVED_FROM_COORDINATES;TAXON_MATCH_TAXON_ID_IGNORED
3391333579	50c9509d-22c7-4a22-a47d-8c48425ef4a7	https://www.inaturalist.org/observations/97484422	Fungi	Basidiomycota	Agaricomycetes	Phallales	Phallaceae	Phallus	Phallus indusiatus		SPECIES	Phallus duplicatus Bosc	Phallus duplicatus		CA		New Brunswick	PRESENT		28eb1a3f-1c15-4a95-931a-4af90ecb574d	47.603146	-65.649297	3.0						2021-10-07T18:05:24	7	10	2021	3314906	2524108	HUMAN_OBSERVATION	iNaturalist	Observations	97484422		davidenrique	2021-10-07T21:14:30	CC_BY_NC_4_0	Marie-Josée Garand	Marie-Josée Garand			2025-01-14T13:26:12.588Z	StillImage	COORDINATE_ROUNDED;CONTINENT_DERIVED_FROM_COORDINATES;TAXON_MATCH_TAXON_ID_IGNORED
3384919385	50c9509d-22c7-4a22-a47d-8c48425ef4a7	https://www.inaturalist.org/observations/96232437	Fungi	Basidiomycota	Agaricomycetes	Phallales	Phallaceae	Phallus	Phallus indusiatus		SPECIES	Phallus duplicatus Bosc	Phallus duplicatus		CA		New Brunswick	PRESENT		28eb1a3f-1c15-4a95-931a-4af90ecb574d	46.145675	-66.557358	4.0						2021-09-26T10:53:17	26	9	2021	3314906	2524108	HUMAN_OBSERVATION	iNaturalist	Observations	96232437		raileighfaye	2021-09-26T15:06:57	CC_BY_NC_4_0	raileighfaye	raileighfaye			2025-01-14T12:24:30.181Z	StillImage	COORDINATE_ROUNDED;CONTINENT_DERIVED_FROM_COORDINATES;TAXON_MATCH_TAXON_ID_IGNORED
3384299186	50c9509d-22c7-4a22-a47d-8c48425ef4a7	https://www.inaturalist.org/observations/95080092	Fungi	Basidiomycota	Agaricomycetes	Phallales	Phallaceae	Phallus	Phallus indusiatus		SPECIES	Phallus duplicatus Bosc	Phallus duplicatus		CA		Nova Scotia	PRESENT		28eb1a3f-1c15-4a95-931a-4af90ecb574d	45.6448	-64.082355	72.0						2021-09-16T14:48	16	9	2021	3314906	2524108	HUMAN_OBSERVATION	iNaturalist	Observations	95080092		Ben	2021-09-16T21:23:51	CC_BY_NC_4_0	Ben	Ben			2025-01-14T12:21:20.054Z	StillImage	COORDINATE_ROUNDED;CONTINENT_DERIVED_FROM_COORDINATES;TAXON_MATCH_TAXON_ID_IGNORED
3384060593	50c9509d-22c7-4a22-a47d-8c48425ef4a7	https://www.inaturalist.org/observations/95435616	Fungi	Basidiomycota	Agaricomycetes	Phallales	Phallaceae	Phallus	Phallus indusiatus		SPECIES	Phallus duplicatus Bosc	Phallus duplicatus		CA		New Brunswick	PRESENT		28eb1a3f-1c15-4a95-931a-4af90ecb574d	45.985385	-66.679819							2021-09-19T11:15:59	19	9	2021	3314906	2524108	HUMAN_OBSERVATION	iNaturalist	Observations	95435616		Phil H.	2021-09-19T18:52:25	CC_BY_NC_4_0	Phil H.	Phil H.			2025-01-14T13:10:39.319Z	StillImage	COORDINATE_ROUNDED;CONTINENT_DERIVED_FROM_COORDINATES;TAXON_MATCH_TAXON_ID_IGNORED
3355389237	50c9509d-22c7-4a22-a47d-8c48425ef4a7	https://www.inaturalist.org/observations/93907818	Fungi	Basidiomycota	Agaricomycetes	Phallales	Phallaceae	Phallus	Phallus indusiatus		SPECIES	Phallus duplicatus Bosc	Phallus duplicatus		CA		Québec	PRESENT		28eb1a3f-1c15-4a95-931a-4af90ecb574d	45.539305	-75.929567	4.0						2021-09-06T14:25:08	6	9	2021	3314906	2524108	HUMAN_OBSERVATION	iNaturalist	Observations	93907818		Clare Kilgour	2021-09-06T20:21:24	CC_BY_NC_4_0	Clare Kilgour	Clare Kilgour			2025-01-14T12:23:47.270Z	StillImage	COORDINATE_ROUNDED;CONTINENT_DERIVED_FROM_COORDINATES;TAXON_MATCH_TAXON_ID_IGNORED
3343776263	50c9509d-22c7-4a22-a47d-8c48425ef4a7	https://www.inaturalist.org/observations/92192720	Fungi	Basidiomycota	Agaricomycetes	Phallales	Phallaceae	Phallus	Phallus indusiatus		SPECIES	Phallus duplicatus Bosc	Phallus duplicatus		CA		Ontario	PRESENT		28eb1a3f-1c15-4a95-931a-4af90ecb574d	45.850013	-76.898803	65.0						2021-08-22T13:40:31	22	8	2021	3314906	2524108	HUMAN_OBSERVATION	iNaturalist	Observations	92192720		christinebull	2021-08-23T02:21:38	CC_BY_NC_4_0	christinebull	christinebull			2025-01-14T12:20:27.459Z	StillImage	COORDINATE_ROUNDED;CONTINENT_DERIVED_FROM_COORDINATES;TAXON_MATCH_TAXON_ID_IGNORED
3070595971	50c9509d-22c7-4a22-a47d-8c48425ef4a7	https://www.inaturalist.org/observations/72444020	Fungi	Basidiomycota	Agaricomycetes	Phallales	Phallaceae	Phallus	Phallus indusiatus		SPECIES	Phallus duplicatus Bosc	Phallus duplicatus		CA		Québec	PRESENT		28eb1a3f-1c15-4a95-931a-4af90ecb574d	46.833003	-71.337973	15.0						2020-09-17	17	9	2020	3314906	2524108	HUMAN_OBSERVATION	iNaturalist	Observations	72444020		Christian Grenier	2021-03-30T14:29:27	CC_BY_NC_4_0	Christian Grenier	Christian Grenier			2025-01-14T12:17:37.813Z	StillImage	COORDINATE_ROUNDED;CONTINENT_DERIVED_FROM_COORDINATES;TAXON_MATCH_TAXON_ID_IGNORED
3061732705	50c9509d-22c7-4a22-a47d-8c48425ef4a7	https://www.inaturalist.org/observations/71453591	Fungi	Basidiomycota	Agaricomycetes	Phallales	Phallaceae	Phallus	Phallus indusiatus		SPECIES	Phallus duplicatus Bosc	Phallus duplicatus		CA		New Brunswick	PRESENT		28eb1a3f-1c15-4a95-931a-4af90ecb574d	45.296679	-65.839218	27190.0						2020-10-06T15:28:30	6	10	2020	3314906	2524108	HUMAN_OBSERVATION	iNaturalist	Observations	71453591		davidenrique	2021-03-18T02:12:11	CC_BY_NC_4_0	litadobbelsteyn	litadobbelsteyn			2025-01-14T13:07:44.511Z	StillImage	COORDINATE_ROUNDED;CONTINENT_DERIVED_FROM_COORDINATES;TAXON_MATCH_TAXON_ID_IGNORED
3014079573	50c9509d-22c7-4a22-a47d-8c48425ef4a7	https://www.inaturalist.org/observations/64241668	Fungi	Basidiomycota	Agaricomycetes	Phallales	Phallaceae	Phallus	Phallus indusiatus		SPECIES	Phallus duplicatus Bosc	Phallus duplicatus		CA		Ontario	PRESENT		28eb1a3f-1c15-4a95-931a-4af90ecb574d	45.151027	-76.004635	7.0						2020-10-28T09:46:41	28	10	2020	3314906	2524108	HUMAN_OBSERVATION	iNaturalist	Observations	64241668		davidenrique	2020-11-05T20:40:10	CC_BY_NC_4_0	gaelan	gaelan			2025-01-14T13:06:21.554Z	StillImage	COORDINATE_ROUNDED;CONTINENT_DERIVED_FROM_COORDINATES;TAXON_MATCH_TAXON_ID_IGNORED
2988342267	50c9509d-22c7-4a22-a47d-8c48425ef4a7	https://www.inaturalist.org/observations/65076664	Fungi	Basidiomycota	Agaricomycetes	Phallales	Phallaceae	Phallus	Phallus indusiatus		SPECIES	Phallus duplicatus Bosc	Phallus duplicatus		CA		Ontario	PRESENT		28eb1a3f-1c15-4a95-931a-4af90ecb574d	45.081484	-75.699695	401.0						2015-08-05T11:06	5	8	2015	3314906	2524108	HUMAN_OBSERVATION	iNaturalist	Observations	65076664		wendtgower	2020-11-17T14:49:15	CC_BY_NC_4_0	wendtgower	wendtgower			2025-01-14T13:10:40.741Z	StillImage	COORDINATE_ROUNDED;CONTINENT_DERIVED_FROM_COORDINATES;TAXON_MATCH_TAXON_ID_IGNORED
2901804208	50c9509d-22c7-4a22-a47d-8c48425ef4a7	https://www.inaturalist.org/observations/63160803	Fungi	Basidiomycota	Agaricomycetes	Phallales	Phallaceae	Phallus	Phallus indusiatus		SPECIES	Phallus duplicatus Bosc	Phallus duplicatus		CA		Québec	PRESENT		28eb1a3f-1c15-4a95-931a-4af90ecb574d	45.707192	-74.075425	6.0						2020-10-20T08:25:07	20	10	2020	3314906	2524108	HUMAN_OBSERVATION	iNaturalist	Observations	63160803		Camille Clément	2020-10-21T13:07:14	CC_BY_NC_4_0	Camille Clément	Camille Clément			2025-01-14T12:15:07.600Z	StillImage	COORDINATE_ROUNDED;CONTINENT_DERIVED_FROM_COORDINATES;TAXON_MATCH_TAXON_ID_IGNORED
2898299189	50c9509d-22c7-4a22-a47d-8c48425ef4a7	https://www.inaturalist.org/observations/62554811	Fungi	Basidiomycota	Agaricomycetes	Phallales	Phallaceae	Phallus	Phallus indusiatus		SPECIES	Phallus duplicatus Bosc	Phallus duplicatus		CA		Ontario	PRESENT		28eb1a3f-1c15-4a95-931a-4af90ecb574d	45.083237	-75.701161	4.0						2020-10-14T12:58	14	10	2020	3314906	2524108	HUMAN_OBSERVATION	iNaturalist	Observations	62554811		davidenrique	2021-12-17T20:30:42	CC_BY_NC_4_0	wendtgower	wendtgower			2025-01-14T12:15:12.810Z	StillImage	COORDINATE_ROUNDED;CONTINENT_DERIVED_FROM_COORDINATES;TAXON_MATCH_TAXON_ID_IGNORED
2882978936	50c9509d-22c7-4a22-a47d-8c48425ef4a7	https://www.inaturalist.org/observations/61983982	Fungi	Basidiomycota	Agaricomycetes	Phallales	Phallaceae	Phallus	Phallus indusiatus		SPECIES	Phallus duplicatus Bosc	Phallus duplicatus		CA		Ontario	PRESENT		28eb1a3f-1c15-4a95-931a-4af90ecb574d	45.068428	-76.173897	233.0						2020-10-02T23:54	2	10	2020	3314906	2524108	HUMAN_OBSERVATION	iNaturalist	Observations	61983982		davidenrique	2020-10-08T01:55:52	CC_BY_NC_4_0	Ken Allison	Ken Allison			2025-01-14T13:10:02.448Z	StillImage	COORDINATE_ROUNDED;CONTINENT_DERIVED_FROM_COORDINATES;TAXON_MATCH_TAXON_ID_IGNORED
2882958768	50c9509d-22c7-4a22-a47d-8c48425ef4a7	https://www.inaturalist.org/observations/61586069	Fungi	Basidiomycota	Agaricomycetes	Phallales	Phallaceae	Phallus	Phallus indusiatus		SPECIES	Phallus duplicatus Bosc	Phallus duplicatus		CA		Ontario	PRESENT		28eb1a3f-1c15-4a95-931a-4af90ecb574d	45.395445	-75.958046	6086.0						2020-10-03T12:35:11	3	10	2020	3314906	2524108	HUMAN_OBSERVATION	iNaturalist	Observations	61586069		davidenrique	2020-10-03T19:40:42	CC_BY_NC_4_0	cmkconway2	cmkconway2			2025-01-14T13:12:50.883Z	StillImage	COORDINATE_ROUNDED;CONTINENT_DERIVED_FROM_COORDINATES;TAXON_MATCH_TAXON_ID_IGNORED
2882941936	50c9509d-22c7-4a22-a47d-8c48425ef4a7	https://www.inaturalist.org/observations/61580268	Fungi	Basidiomycota	Agaricomycetes	Phallales	Phallaceae	Phallus	Phallus indusiatus		SPECIES	Phallus duplicatus Bosc	Phallus duplicatus		CA		Ontario	PRESENT		28eb1a3f-1c15-4a95-931a-4af90ecb574d	45.336823	-75.95271	50.0						2020-10-03T12:36:05	3	10	2020	3314906	2524108	HUMAN_OBSERVATION	iNaturalist	Observations	61580268		davidenrique	2020-10-03T19:40:17	CC_BY_NC_4_0	jessielozanski	jessielozanski			2025-01-14T13:06:06.894Z	StillImage	COORDINATE_ROUNDED;CONTINENT_DERIVED_FROM_COORDINATES;TAXON_MATCH_TAXON_ID_IGNORED
2814175837	50c9509d-22c7-4a22-a47d-8c48425ef4a7	https://www.inaturalist.org/observations/50951336	Fungi	Basidiomycota	Agaricomycetes	Phallales	Phallaceae	Phallus	Phallus indusiatus		SPECIES	Phallus duplicatus Bosc	Phallus duplicatus		CA		Ontario	PRESENT		28eb1a3f-1c15-4a95-931a-4af90ecb574d	45.081754	-77.867928	1000.0						2015-10-13	13	10	2015	3314906	2524108	HUMAN_OBSERVATION	iNaturalist	Observations	50951336		ontheedgeoftheforest	2020-06-26T02:27:09	CC_BY_NC_4_0	ontheedgeoftheforest	ontheedgeoftheforest			2025-01-14T12:14:08.532Z	StillImage	COORDINATE_ROUNDED;CONTINENT_DERIVED_FROM_COORDINATES;TAXON_MATCH_TAXON_ID_IGNORED
2447968866	50c9509d-22c7-4a22-a47d-8c48425ef4a7	https://www.inaturalist.org/observations/35006148	Fungi	Basidiomycota	Agaricomycetes	Phallales	Phallaceae	Phallus	Phallus indusiatus		SPECIES	Phallus duplicatus Bosc	Phallus duplicatus		CA		New Brunswick	PRESENT		28eb1a3f-1c15-4a95-931a-4af90ecb574d	46.340725	-64.621784	1227.0						2013-10-19T12:30	19	10	2013	3314906	2524108	HUMAN_OBSERVATION	iNaturalist	Observations	35006148		Raymonde G Chartier	2019-10-28T13:16:15	CC_BY_NC_4_0	Raymonde G Chartier	Raymonde G Chartier			2025-01-14T13:00:53.915Z	StillImage	COORDINATE_ROUNDED;CONTINENT_DERIVED_FROM_COORDINATES;TAXON_MATCH_TAXON_ID_IGNORED
2445123958	50c9509d-22c7-4a22-a47d-8c48425ef4a7	https://www.inaturalist.org/observations/34613952	Fungi	Basidiomycota	Agaricomycetes	Phallales	Phallaceae	Phallus	Phallus indusiatus		SPECIES	Phallus duplicatus Bosc	Phallus duplicatus		CA		New Brunswick	PRESENT		28eb1a3f-1c15-4a95-931a-4af90ecb574d	46.220197	-64.534687	3733.0						2019-10-19T13:44	19	10	2019	3314906	2524108	HUMAN_OBSERVATION	iNaturalist	Observations	34613952		Raymonde G Chartier	2019-10-20T00:21:42	CC_BY_NC_4_0	Raymonde G Chartier	Raymonde G Chartier			2025-01-14T12:10:28.838Z	StillImage	COORDINATE_ROUNDED;CONTINENT_DERIVED_FROM_COORDINATES;TAXON_MATCH_TAXON_ID_IGNORED
2429587521	50c9509d-22c7-4a22-a47d-8c48425ef4a7	https://www.inaturalist.org/observations/34355788	Fungi	Basidiomycota	Agaricomycetes	Phallales	Phallaceae	Phallus	Phallus indusiatus		SPECIES	Phallus duplicatus Bosc	Phallus duplicatus		CA		New Brunswick	PRESENT		28eb1a3f-1c15-4a95-931a-4af90ecb574d	46.220197	-64.534687	3733.0						2013-09-15T11:16	15	9	2013	3314906	2524108	HUMAN_OBSERVATION	iNaturalist	Observations	34355788		davidenrique	2019-10-14T13:54:28	CC_BY_NC_4_0	Raymonde G Chartier	Raymonde G Chartier			2025-01-14T13:04:02.600Z	StillImage	COORDINATE_ROUNDED;CONTINENT_DERIVED_FROM_COORDINATES;TAXON_MATCH_TAXON_ID_IGNORED
2429196791	50c9509d-22c7-4a22-a47d-8c48425ef4a7	https://www.inaturalist.org/observations/20814614	Fungi	Basidiomycota	Agaricomycetes	Phallales	Phallaceae	Phallus	Phallus indusiatus		SPECIES	Phallus duplicatus Bosc	Phallus duplicatus		CA		Ontario	PRESENT		28eb1a3f-1c15-4a95-931a-4af90ecb574d	45.39236	-78.992535	818.0						2012-10-18T16:30	18	10	2012	3314906	2524108	HUMAN_OBSERVATION	iNaturalist	Observations	20814614		Garrett Taylor	2019-09-14T10:01:04	CC_BY_NC_4_0	Dawn Sherman	Dawn Sherman			2025-01-14T12:59:01.595Z	StillImage	COORDINATE_ROUNDED;CONTINENT_DERIVED_FROM_COORDINATES;TAXON_MATCH_TAXON_ID_IGNORED
2429193176	50c9509d-22c7-4a22-a47d-8c48425ef4a7	https://www.inaturalist.org/observations/18282445	Fungi	Basidiomycota	Agaricomycetes	Phallales	Phallaceae	Phallus	Phallus indusiatus		SPECIES	Phallus duplicatus Bosc	Phallus duplicatus		CA		New Brunswick	PRESENT		28eb1a3f-1c15-4a95-931a-4af90ecb574d	45.984722	-66.59333							2018-11-04T10:51:48	4	11	2018	3314906	2524108	HUMAN_OBSERVATION	iNaturalist	Observations	18282445		Ken Ramey	2018-11-09T13:50:53	CC_BY_NC_4_0	Justin Chase	Justin Chase			2025-01-14T12:06:01.272Z	StillImage	COORDINATE_ROUNDED;CONTINENT_DERIVED_FROM_COORDINATES;TAXON_MATCH_TAXON_ID_IGNORED
2423613018	21705170-d2b6-42de-8904-c3bca4b83591	CMMF020173	Fungi	Basidiomycota	Agaricomycetes	Phallales	Phallaceae	Phallus	Phallus indusiatus		SPECIES	Dictyophora duplicata (Bosc) E.Fisch.	Dictyophora duplicata (Bosc) E. Fisch.	(Bosc) E. Fisch.	CA	Montréal	Québec	PRESENT		ff7bd5db-b724-4932-b496-10ea298851f9	45.528745	-73.60963	10000.0						1991-08-22	22	8	1991	3314918	2524108	PRESERVED_SPECIMEN	Université de Montréal Biodiversity Centre	CMMF	CMMF020173	X-10.2	Neumann, Peterjurgen		CC0_1_0	Université de Montréal Biodiversity Centre	Neumann, Peterjurgen			2024-01-24T16:38:21.077Z		INSTITUTION_MATCH_FUZZY;COLLECTION_MATCH_FUZZY;DIFFERENT_OWNER_INSTITUTION
2423611726	21705170-d2b6-42de-8904-c3bca4b83591	CMMF020171	Fungi	Basidiomycota	Agaricomycetes	Phallales	Phallaceae	Phallus	Phallus indusiatus		SPECIES	Dictyophora duplicata (Bosc) E.Fisch.	Dictyophora duplicata (Bosc) E. Fisch.	(Bosc) E. Fisch.	CA	Montréal	Québec	PRESENT		ff7bd5db-b724-4932-b496-10ea298851f9	45.528745	-73.60963	10000.0						1991-08-22	22	8	1991	3314918	2524108	PRESERVED_SPECIMEN	Université de Montréal Biodiversity Centre	CMMF	CMMF020171	X-10.2	Neumann, Peterjurgen		CC0_1_0	Université de Montréal Biodiversity Centre	Neumann, Peterjurgen			2024-01-24T16:38:21.065Z		INSTITUTION_MATCH_FUZZY;COLLECTION_MATCH_FUZZY;DIFFERENT_OWNER_INSTITUTION
2422851610	50c9509d-22c7-4a22-a47d-8c48425ef4a7	https://www.inaturalist.org/observations/27511696	Fungi	Basidiomycota	Agaricomycetes	Phallales	Phallaceae	Phallus	Phallus indusiatus		SPECIES	Phallus duplicatus Bosc	Phallus duplicatus		CA		Québec	PRESENT		28eb1a3f-1c15-4a95-931a-4af90ecb574d	45.465409	-75.807515	8.0						2018-10-05T07:52	5	10	2018	3314906	2524108	HUMAN_OBSERVATION	iNaturalist	Observations	27511696		phroxian	2019-08-16T00:06:51	CC_BY_4_0	Alexis Williams	Alexis Williams			2025-01-14T12:07:53.698Z	StillImage	COORDINATE_ROUNDED;CONTINENT_DERIVED_FROM_COORDINATES;TAXON_MATCH_TAXON_ID_IGNORED
1901030136	50c9509d-22c7-4a22-a47d-8c48425ef4a7	https://www.inaturalist.org/observations/14726866	Fungi	Basidiomycota	Agaricomycetes	Phallales	Phallaceae	Phallus	Phallus indusiatus		SPECIES	Phallus duplicatus Bosc	Phallus duplicatus		CA		New Brunswick	PRESENT		28eb1a3f-1c15-4a95-931a-4af90ecb574d	45.97832	-66.731078	1507.0						2018-07-25T15:52	25	7	2018	3314906	2524108	HUMAN_OBSERVATION	iNaturalist	Observations	14726866		Jackson Nugent	2018-07-25T23:38:15	CC_BY_NC_4_0	Ken Ramey	Ken Ramey			2025-01-14T13:00:18.518Z	StillImage	COORDINATE_ROUNDED;CONTINENT_DERIVED_FROM_COORDINATES;TAXON_MATCH_TAXON_ID_IGNORED
1807262852	e8a25a42-f125-476c-8554-3ec21cd51a84	ACAD:119215	Fungi	Basidiomycota	Agaricomycetes	Phallales	Phallaceae	Phallus	Phallus indusiatus		SPECIES	Dictyophora duplicata (Bosc) E.Fisch.	Dictyophora duplicata (Bosc) E. Fisch.	(Bosc) E. Fisch.	CA	Kentville	Nova Scotia	PRESENT		6491ad8c-8e49-4bd4-a089-0ddb3bbe0890	45.07662	-64.49592							1953-11-02	2	11	1953	3314918	2524108	PRESERVED_SPECIMEN	Acadia University	ACAD	7919F	7919			CC0_1_0	Acadia University	Harrison, KA			2024-01-25T01:37:03.061Z	StillImage	GEODETIC_DATUM_INVALID;GEODETIC_DATUM_ASSUMED_WGS84;TAXON_MATCH_TAXON_ID_IGNORED;INSTITUTION_MATCH_FUZZY;COLLECTION_MATCH_FUZZY
1807260964	e8a25a42-f125-476c-8554-3ec21cd51a84	ACAD:117680	Fungi	Basidiomycota	Agaricomycetes	Phallales	Phallaceae	Phallus	Phallus indusiatus		SPECIES	Dictyophora duplicata (Bosc) E.Fisch.	Dictyophora duplicata (Bosc) E. Fisch.	(Bosc) E. Fisch.	CA	Kentville	Nova Scotia	PRESENT		6491ad8c-8e49-4bd4-a089-0ddb3bbe0890	45.07662	-64.49592							1973-08-10	10	8	1973	3314918	2524108	PRESERVED_SPECIMEN	Acadia University	ACAD	10451BF	10451	H, KA		CC0_1_0	Acadia University	H, KA			2024-01-25T01:37:08.105Z	StillImage	GEODETIC_DATUM_INVALID;GEODETIC_DATUM_ASSUMED_WGS84;TAXON_MATCH_TAXON_ID_IGNORED;INSTITUTION_MATCH_FUZZY;COLLECTION_MATCH_FUZZY
1412705266	21705170-d2b6-42de-8904-c3bca4b83591	CMMF013709	Fungi	Basidiomycota	Agaricomycetes	Phallales	Phallaceae	Phallus	Phallus indusiatus		SPECIES	Dictyophora duplicata (Bosc) E.Fisch.	Dictyophora duplicata (Bosc) E. Fisch.	(Bosc) E. Fisch.	CA	Brewer Park, Ottawa South, Ontario.	Ontario	PRESENT		ff7bd5db-b724-4932-b496-10ea298851f9	45.387283	-75.68895	500.0						1981-09-25	25	9	1981	3314918	2524108	PRESERVED_SPECIMEN	Université de Montréal Biodiversity Centre	CMMF	CMMF013709	M4922	Illman, William I.; Brodie, H.J.		CC0_1_0	Université de Montréal Biodiversity Centre	Illman, William I.; Brodie, H.J.			2024-01-24T16:38:17.095Z		INSTITUTION_MATCH_FUZZY;COLLECTION_MATCH_FUZZY;DIFFERENT_OWNER_INSTITUTION
1412705247	21705170-d2b6-42de-8904-c3bca4b83591	CMMF013708	Fungi	Basidiomycota	Agaricomycetes	Phallales	Phallaceae	Phallus	Phallus indusiatus		SPECIES	Dictyophora duplicata (Bosc) E.Fisch.	Dictyophora duplicata (Bosc) E. Fisch.	(Bosc) E. Fisch.	CA	Kilborn Avenue, Ottawa.	Ontario	PRESENT		ff7bd5db-b724-4932-b496-10ea298851f9	45.387305	-75.652591	1500.0						1971-08-27	27	8	1971	3314918	2524108	PRESERVED_SPECIMEN	Université de Montréal Biodiversity Centre	CMMF	CMMF013708	2518	Illman, William I.		CC0_1_0	Université de Montréal Biodiversity Centre	Illman, William I.			2024-01-24T16:38:17.097Z		INSTITUTION_MATCH_FUZZY;COLLECTION_MATCH_FUZZY;DIFFERENT_OWNER_INSTITUTION
1412705244	21705170-d2b6-42de-8904-c3bca4b83591	CMMF013707	Fungi	Basidiomycota	Agaricomycetes	Phallales	Phallaceae	Phallus	Phallus indusiatus		SPECIES	Dictyophora duplicata (Bosc) E.Fisch.	Dictyophora duplicata (Bosc) E. Fisch.	(Bosc) E. Fisch.	CA	Brewer Park, Ottawa, Ontario.	Ontario	PRESENT		ff7bd5db-b724-4932-b496-10ea298851f9	45.387283	-75.68895	500.0						1981-09-25	25	9	1981	3314918	2524108	PRESERVED_SPECIMEN	Université de Montréal Biodiversity Centre	CMMF	CMMF013707	M4922	Illman, William I.; Brodie, H.J.		CC0_1_0	Université de Montréal Biodiversity Centre	Illman, William I.; Brodie, H.J.			2024-01-24T16:38:17.092Z		INSTITUTION_MATCH_FUZZY;COLLECTION_MATCH_FUZZY;DIFFERENT_OWNER_INSTITUTION
1412705223	21705170-d2b6-42de-8904-c3bca4b83591	CMMF013706	Fungi	Basidiomycota	Agaricomycetes	Phallales	Phallaceae	Phallus	Phallus indusiatus		SPECIES	Dictyophora duplicata (Bosc) E.Fisch.	Dictyophora duplicata (Bosc) E. Fisch.	(Bosc) E. Fisch.	CA	Ottawa South, Ontario.	Ontario	PRESENT		ff7bd5db-b724-4932-b496-10ea298851f9	45.39078	-75.692475	5500.0						1961-11-12	12	11	1961	3314918	2524108	PRESERVED_SPECIMEN	Université de Montréal Biodiversity Centre	CMMF	CMMF013706	NA	Gordon, Scott		CC0_1_0	Université de Montréal Biodiversity Centre	Gordon, Scott			2024-01-24T16:38:17.096Z		INSTITUTION_MATCH_FUZZY;COLLECTION_MATCH_FUZZY;DIFFERENT_OWNER_INSTITUTION
1412705124	21705170-d2b6-42de-8904-c3bca4b83591	CMMF013710	Fungi	Basidiomycota	Agaricomycetes	Phallales	Phallaceae	Phallus	Phallus indusiatus		SPECIES	Dictyophora duplicata (Bosc) E.Fisch.	Dictyophora duplicata (Bosc) E. Fisch.	(Bosc) E. Fisch.	CA	Kilborn Avenue, Ottawa 5, Ontario.	Ontario	PRESENT		ff7bd5db-b724-4932-b496-10ea298851f9	45.387305	-75.652591	1500.0						1970-10-15	15	10	1970	3314918	2524108	PRESERVED_SPECIMEN	Université de Montréal Biodiversity Centre	CMMF	CMMF013710	2518	Illman, William I.		CC0_1_0	Université de Montréal Biodiversity Centre	Illman, William I.			2024-01-24T16:38:17.150Z		INSTITUTION_MATCH_FUZZY;COLLECTION_MATCH_FUZZY;DIFFERENT_OWNER_INSTITUTION
1135067570	21705170-d2b6-42de-8904-c3bca4b83591	CMMF006141	Fungi	Basidiomycota	Agaricomycetes	Phallales	Phallaceae	Phallus	Phallus indusiatus		SPECIES	Dictyophora duplicata (Bosc) E.Fisch.	Dictyophora duplicata (Bosc) E. Fisch.	(Bosc) E. Fisch.	CA	Châteauguay	Québec	PRESENT		ff7bd5db-b724-4932-b496-10ea298851f9	45.35433	-73.774083	100.0						1983-10-16	16	10	1983	3314918	2524108	PRESERVED_SPECIMEN	Université de Montréal Biodiversity Centre	CMMF	CMMF006141	1603	McNeil, Raymond		CC0_1_0	Université de Montréal Biodiversity Centre	McNeil, Raymond			2024-01-24T16:38:18.826Z	StillImage	COORDINATE_ROUNDED;INSTITUTION_MATCH_FUZZY;COLLECTION_MATCH_FUZZY;DIFFERENT_OWNER_INSTITUTION
1024559014	21705170-d2b6-42de-8904-c3bca4b83591	CMMF004578	Fungi	Basidiomycota	Agaricomycetes	Phallales	Phallaceae	Phallus	Phallus indusiatus		SPECIES	Dictyophora duplicata (Bosc) E.Fisch.	Dictyophora duplicata (Bosc) E. Fisch.	(Bosc) E. Fisch.	CA	Réserve écologique du Boisé-des-Muir, Hinchinbrooke.	Québec	PRESENT		ff7bd5db-b724-4932-b496-10ea298851f9	45.086616	-74.114862	10.0						2012-09-30	30	9	2012	3314918	2524108	PRESERVED_SPECIMEN	Université de Montréal Biodiversity Centre	CMMF	CMMF004578	623	Turgon, Jean-Pierre		CC0_1_0	Université de Montréal Biodiversity Centre	Langlois, Annabelle; Turgon, Jean-Pierre			2024-01-24T16:38:19.839Z	StillImage	INSTITUTION_MATCH_FUZZY;COLLECTION_MATCH_FUZZY;DIFFERENT_OWNER_INSTITUTION
