gbifID	datasetKey	occurrenceID	kingdom	phylum	class	order	family	genus	species	infraspecificEpithet	taxonRank	scientificName	verbatimScientificName	verbatimScientificNameAuthorship	countryCode	locality	stateProvince	occurrenceStatus	individualCount	publishingOrgKey	decimalLatitude	decimalLongitude	coordinateUncertaintyInMeters	coordinatePrecision	elevation	elevationAccuracy	depth	depthAccuracy	eventDate	day	month	year	taxonKey	speciesKey	basisOfRecord	institutionCode	collectionCode	catalogNumber	recordNumber	identifiedBy	dateIdentified	license	rightsHolder	recordedBy	typeStatus	establishmentMeans	lastInterpreted	mediaType	issue
617555236	21705170-d2b6-42de-8904-c3bca4b83591	CMMF000717	Fungi	Basidiomycota	Agaricomycetes	Agaricales	Strophariaceae	Pholiota	Pholiota squarrosoides		SPECIES	Pholiota squarrosoides (Peck) Sacc.	Pholiota squarrosoides (Peck) Sacc.	(Peck) Sacc.	CA	Châteauguay	Québec	PRESENT		ff7bd5db-b724-4932-b496-10ea298851f9	45.359455	-73.734207	5000.0						1989-09-03	3	9	1989	3343759	3343759	PRESERVED_SPECIMEN	Université de Montréal Biodiversity Centre	CMMF	CMMF000717		Lamoureux, Yves		CC0_1_0	Université de Montréal Biodiversity Centre	Lamoureux, Yves			2024-01-24T16:38:20.299Z	StillImage	INSTITUTION_MATCH_FUZZY;COLLECTION_MATCH_FUZZY;DIFFERENT_OWNER_INSTITUTION
617552547	21705170-d2b6-42de-8904-c3bca4b83591	CMMF000321	Fungi	Basidiomycota	Agaricomycetes	Agaricales	Strophariaceae	Pholiota	Pholiota squarrosoides		SPECIES	Pholiota squarrosoides (Peck) Sacc.	Pholiota squarrosoides (Peck) Sacc.	(Peck) Sacc.	CA	Châteauguay	Québec	PRESENT		ff7bd5db-b724-4932-b496-10ea298851f9	45.359455	-73.734207	5000.0						1988-09-10	10	9	1988	3343759	3343759	PRESERVED_SPECIMEN	Université de Montréal Biodiversity Centre	CMMF	CMMF000321		Lamoureux, Yves		CC0_1_0	Université de Montréal Biodiversity Centre	Lamoureux, Yves			2024-01-24T16:38:20.788Z	StillImage	INSTITUTION_MATCH_FUZZY;COLLECTION_MATCH_FUZZY;DIFFERENT_OWNER_INSTITUTION
617550930	21705170-d2b6-42de-8904-c3bca4b83591	CMMF002495	Fungi	Basidiomycota	Agaricomycetes	Agaricales	Strophariaceae	Pholiota	Pholiota squarrosoides		SPECIES	Pholiota squarrosoides (Peck) Sacc.	Pholiota squarrosoides (Peck) Sacc.	(Peck) Sacc.	CA	Melocheville	Québec	PRESENT		ff7bd5db-b724-4932-b496-10ea298851f9	45.307492	-73.928526	4000.0						1995-08-16	16	8	1995	3343759	3343759	PRESERVED_SPECIMEN	Université de Montréal Biodiversity Centre	CMMF	CMMF002495		Lamoureux, Yves		CC0_1_0	Université de Montréal Biodiversity Centre	Lamoureux, Yves			2024-01-24T16:38:19.570Z	StillImage	INSTITUTION_MATCH_FUZZY;COLLECTION_MATCH_FUZZY;DIFFERENT_OWNER_INSTITUTION
4974017075	50c9509d-22c7-4a22-a47d-8c48425ef4a7	https://www.inaturalist.org/observations/247624123	Fungi	Basidiomycota	Agaricomycetes	Agaricales	Strophariaceae	Pholiota	Pholiota squarrosoides		SPECIES	Pholiota squarrosoides (Peck) Sacc.	Pholiota squarrosoides		CA		New Brunswick	PRESENT		28eb1a3f-1c15-4a95-931a-4af90ecb574d	45.983542	-66.756958							2024-09-02T16:22	2	9	2024	3343759	3343759	HUMAN_OBSERVATION	iNaturalist	Observations	247624123		Dwayne Sabine	2024-10-16T14:21:17	CC_BY_NC_4_0	Dwayne Sabine	Dwayne Sabine			2025-01-14T12:58:09.827Z	StillImage	COORDINATE_ROUNDED;CONTINENT_DERIVED_FROM_COORDINATES;TAXON_MATCH_TAXON_ID_IGNORED
4946583716	50c9509d-22c7-4a22-a47d-8c48425ef4a7	https://www.inaturalist.org/observations/239707401	Fungi	Basidiomycota	Agaricomycetes	Agaricales	Strophariaceae	Pholiota	Pholiota squarrosoides		SPECIES	Pholiota squarrosoides (Peck) Sacc.	Pholiota squarrosoides		CA		Québec	PRESENT		28eb1a3f-1c15-4a95-931a-4af90ecb574d	46.77088	-71.176055	10.0						2024-09-01T14:17:01	1	9	2024	3343759	3343759	HUMAN_OBSERVATION	iNaturalist	Observations	239707401		shatov	2024-09-03T23:46:50	CC_BY_NC_4_0	shatov	shatov			2025-01-14T13:42:46.854Z	StillImage	CONTINENT_DERIVED_FROM_COORDINATES;TAXON_MATCH_TAXON_ID_IGNORED
4946486800	50c9509d-22c7-4a22-a47d-8c48425ef4a7	https://www.inaturalist.org/observations/240305099	Fungi	Basidiomycota	Agaricomycetes	Agaricales	Strophariaceae	Pholiota	Pholiota squarrosoides		SPECIES	Pholiota squarrosoides (Peck) Sacc.	Pholiota squarrosoides		CA		Ontario	PRESENT		28eb1a3f-1c15-4a95-931a-4af90ecb574d	45.170302	-79.287678	55.0						2024-09-07T08:25:34	7	9	2024	3343759	3343759	HUMAN_OBSERVATION	iNaturalist	Observations	240305099		Adam Gordon	2024-09-07T14:58:32	CC_BY_NC_4_0	lesflem	lesflem			2025-01-14T12:54:24.436Z	StillImage	COORDINATE_ROUNDED;CONTINENT_DERIVED_FROM_COORDINATES;TAXON_MATCH_TAXON_ID_IGNORED
4946424044	50c9509d-22c7-4a22-a47d-8c48425ef4a7	https://www.inaturalist.org/observations/242020891	Fungi	Basidiomycota	Agaricomycetes	Agaricales	Strophariaceae	Pholiota	Pholiota squarrosoides		SPECIES	Pholiota squarrosoides (Peck) Sacc.	Pholiota squarrosoides		CA		Québec	PRESENT		28eb1a3f-1c15-4a95-931a-4af90ecb574d	46.891732	-71.146945	4.0						2024-09-14T14:40:41	14	9	2024	3343759	3343759	HUMAN_OBSERVATION	iNaturalist	Observations	242020891		gabboilard	2024-09-16T03:15:42	CC_BY_NC_4_0	Ellen	Ellen			2025-01-14T13:40:16.622Z	StillImage	COORDINATE_ROUNDED;CONTINENT_DERIVED_FROM_COORDINATES;TAXON_MATCH_TAXON_ID_IGNORED
4946336470	50c9509d-22c7-4a22-a47d-8c48425ef4a7	https://www.inaturalist.org/observations/241202258	Fungi	Basidiomycota	Agaricomycetes	Agaricales	Strophariaceae	Pholiota	Pholiota squarrosoides		SPECIES	Pholiota squarrosoides (Peck) Sacc.	Pholiota squarrosoides		CA		Ontario	PRESENT		28eb1a3f-1c15-4a95-931a-4af90ecb574d	45.555462	-78.575097	3.0						2024-08-25T12:58:03	25	8	2024	3343759	3343759	HUMAN_OBSERVATION	iNaturalist	Observations	241202258		Adam Gordon	2024-09-12T17:10:20	CC_BY_NC_4_0	Keberth	Keberth			2025-01-14T12:54:00.142Z	StillImage	COORDINATE_ROUNDED;CONTINENT_DERIVED_FROM_COORDINATES;TAXON_MATCH_TAXON_ID_IGNORED
4946215281	50c9509d-22c7-4a22-a47d-8c48425ef4a7	https://www.inaturalist.org/observations/240534544	Fungi	Basidiomycota	Agaricomycetes	Agaricales	Strophariaceae	Pholiota	Pholiota squarrosoides		SPECIES	Pholiota squarrosoides (Peck) Sacc.	Pholiota squarrosoides		CA		New Brunswick	PRESENT		28eb1a3f-1c15-4a95-931a-4af90ecb574d	45.956056	-66.668249	6.0						2024-09-08T10:29:41	8	9	2024	3343759	3343759	HUMAN_OBSERVATION	iNaturalist	Observations	240534544		thuilia	2024-09-08T13:31:33	CC_BY_NC_4_0	thuilia	thuilia			2025-01-14T12:57:57.018Z	StillImage	COORDINATE_ROUNDED;CONTINENT_DERIVED_FROM_COORDINATES;TAXON_MATCH_TAXON_ID_IGNORED
4946140940	50c9509d-22c7-4a22-a47d-8c48425ef4a7	https://www.inaturalist.org/observations/242074024	Fungi	Basidiomycota	Agaricomycetes	Agaricales	Strophariaceae	Pholiota	Pholiota squarrosoides		SPECIES	Pholiota squarrosoides (Peck) Sacc.	Pholiota squarrosoides		CA		Ontario	PRESENT		28eb1a3f-1c15-4a95-931a-4af90ecb574d	45.088721	-79.302363	1536.0						2024-09-08T13:43:08	8	9	2024	3343759	3343759	HUMAN_OBSERVATION	iNaturalist	Observations	242074024		Graciella	2024-09-16T11:36:05	CC_BY_NC_4_0	Graciella	Graciella			2025-01-14T12:49:57.333Z	StillImage	COORDINATE_ROUNDED;CONTINENT_DERIVED_FROM_COORDINATES;TAXON_MATCH_TAXON_ID_IGNORED
4946016973	50c9509d-22c7-4a22-a47d-8c48425ef4a7	https://www.inaturalist.org/observations/242314773	Fungi	Basidiomycota	Agaricomycetes	Agaricales	Strophariaceae	Pholiota	Pholiota squarrosoides		SPECIES	Pholiota squarrosoides (Peck) Sacc.	Pholiota squarrosoides		CA		Ontario	PRESENT		28eb1a3f-1c15-4a95-931a-4af90ecb574d	45.339512	-79.218025	1255.0						2024-09-10T18:54:29	10	9	2024	3343759	3343759	HUMAN_OBSERVATION	iNaturalist	Observations	242314773		Adam Gordon	2024-09-18T13:09:32	CC_BY_NC_4_0	carolyncroxall	carolyncroxall			2025-01-14T13:40:09.081Z	StillImage	COORDINATE_ROUNDED;CONTINENT_DERIVED_FROM_COORDINATES;TAXON_MATCH_TAXON_ID_IGNORED
4945784688	50c9509d-22c7-4a22-a47d-8c48425ef4a7	https://www.inaturalist.org/observations/240739651	Fungi	Basidiomycota	Agaricomycetes	Agaricales	Strophariaceae	Pholiota	Pholiota squarrosoides		SPECIES	Pholiota squarrosoides (Peck) Sacc.	Pholiota squarrosoides		CA		New Brunswick	PRESENT		28eb1a3f-1c15-4a95-931a-4af90ecb574d	45.956005	-66.668213	4.0						2024-09-08T10:26:33	8	9	2024	3343759	3343759	HUMAN_OBSERVATION	iNaturalist	Observations	240739651		wildlifewonders	2024-09-09T12:15:31	CC_BY_NC_4_0	wildlifewonders	wildlifewonders			2025-01-14T13:43:14.487Z	StillImage	COORDINATE_ROUNDED;CONTINENT_DERIVED_FROM_COORDINATES;TAXON_MATCH_TAXON_ID_IGNORED
4945765650	50c9509d-22c7-4a22-a47d-8c48425ef4a7	https://www.inaturalist.org/observations/240597094	Fungi	Basidiomycota	Agaricomycetes	Agaricales	Strophariaceae	Pholiota	Pholiota squarrosoides		SPECIES	Pholiota squarrosoides (Peck) Sacc.	Pholiota squarrosoides		CA		New Brunswick	PRESENT		28eb1a3f-1c15-4a95-931a-4af90ecb574d	45.952396	-66.672044	939.0						2024-09-08T12:50:23	8	9	2024	3343759	3343759	HUMAN_OBSERVATION	iNaturalist	Observations	240597094		karlinac	2024-09-08T18:31:20	CC_BY_NC_4_0	karlinac	karlinac			2025-01-14T13:43:14.422Z	StillImage	COORDINATE_ROUNDED;CONTINENT_DERIVED_FROM_COORDINATES;TAXON_MATCH_TAXON_ID_IGNORED
4945561412	50c9509d-22c7-4a22-a47d-8c48425ef4a7	https://www.inaturalist.org/observations/242011934	Fungi	Basidiomycota	Agaricomycetes	Agaricales	Strophariaceae	Pholiota	Pholiota squarrosoides		SPECIES	Pholiota squarrosoides (Peck) Sacc.	Pholiota squarrosoides		CA		Ontario	PRESENT		28eb1a3f-1c15-4a95-931a-4af90ecb574d	45.45811	-75.549283							2024-09-15T15:03	15	9	2024	3343759	3343759	HUMAN_OBSERVATION	iNaturalist	Observations	242011934		jonathan_mack	2024-09-16T02:09:21	CC_BY_NC_4_0	jonathan_mack	jonathan_mack			2025-01-14T13:43:00.066Z	StillImage	COORDINATE_ROUNDED;CONTINENT_DERIVED_FROM_COORDINATES;TAXON_MATCH_TAXON_ID_IGNORED
4937245335	50c9509d-22c7-4a22-a47d-8c48425ef4a7	https://www.inaturalist.org/observations/239176898	Fungi	Basidiomycota	Agaricomycetes	Agaricales	Strophariaceae	Pholiota	Pholiota squarrosoides		SPECIES	Pholiota squarrosoides (Peck) Sacc.	Pholiota squarrosoides		CA		Québec	PRESENT		28eb1a3f-1c15-4a95-931a-4af90ecb574d	47.70418	-68.862399	4.0						2024-09-01T10:10:33	1	9	2024	3343759	3343759	HUMAN_OBSERVATION	iNaturalist	Observations	239176898		sebastienrioux	2024-09-01T14:10:54	CC_BY_NC_4_0	sebastienrioux	sebastienrioux			2025-01-14T13:43:55.855Z	StillImage	COORDINATE_ROUNDED;CONTINENT_DERIVED_FROM_COORDINATES;TAXON_MATCH_TAXON_ID_IGNORED
4937004657	50c9509d-22c7-4a22-a47d-8c48425ef4a7	https://www.inaturalist.org/observations/239451885	Fungi	Basidiomycota	Agaricomycetes	Agaricales	Strophariaceae	Pholiota	Pholiota squarrosoides		SPECIES	Pholiota squarrosoides (Peck) Sacc.	Pholiota squarrosoides		CA		Québec	PRESENT		28eb1a3f-1c15-4a95-931a-4af90ecb574d	46.344672	-74.501162	45.0						2024-09-01T15:22:44	1	9	2024	3343759	3343759	HUMAN_OBSERVATION	iNaturalist	Observations	239451885		lan-vyho	2024-09-02T18:50:03	CC_BY_NC_4_0	lan-vyho	lan-vyho			2025-01-14T12:50:45.190Z	StillImage	COORDINATE_ROUNDED;CONTINENT_DERIVED_FROM_COORDINATES;TAXON_MATCH_TAXON_ID_IGNORED
4926257738	50c9509d-22c7-4a22-a47d-8c48425ef4a7	https://www.inaturalist.org/observations/235740019	Fungi	Basidiomycota	Agaricomycetes	Agaricales	Strophariaceae	Pholiota	Pholiota squarrosoides		SPECIES	Pholiota squarrosoides (Peck) Sacc.	Pholiota squarrosoides		CA		Ontario	PRESENT		28eb1a3f-1c15-4a95-931a-4af90ecb574d	45.575097	-78.534762	17.0						2024-08-10T16:29:42	10	8	2024	3343759	3343759	HUMAN_OBSERVATION	iNaturalist	Observations	235740019		loganfox02	2024-08-14T15:55:03	CC_BY_NC_4_0	loganfox02	loganfox02			2025-01-14T13:35:42.827Z	StillImage	COORDINATE_ROUNDED;CONTINENT_DERIVED_FROM_COORDINATES;TAXON_MATCH_TAXON_ID_IGNORED
4926167208	50c9509d-22c7-4a22-a47d-8c48425ef4a7	https://www.inaturalist.org/observations/236617583	Fungi	Basidiomycota	Agaricomycetes	Agaricales	Strophariaceae	Pholiota	Pholiota squarrosoides		SPECIES	Pholiota squarrosoides (Peck) Sacc.	Pholiota squarrosoides		CA		Québec	PRESENT		28eb1a3f-1c15-4a95-931a-4af90ecb574d	45.432074	-72.562514	8951.0						2024-08-18T14:58:29	18	8	2024	3343759	3343759	HUMAN_OBSERVATION	iNaturalist	Observations	236617583		egrenier	2024-08-18T22:55:15	CC_BY_NC_4_0	egrenier	egrenier			2025-01-14T12:48:40.969Z	StillImage	COORDINATE_ROUNDED;CONTINENT_DERIVED_FROM_COORDINATES;TAXON_MATCH_TAXON_ID_IGNORED
4507805396	50c9509d-22c7-4a22-a47d-8c48425ef4a7	https://www.inaturalist.org/observations/195569032	Fungi	Basidiomycota	Agaricomycetes	Agaricales	Strophariaceae	Pholiota	Pholiota squarrosoides		SPECIES	Pholiota squarrosoides (Peck) Sacc.	Pholiota squarrosoides		CA		Québec	PRESENT		28eb1a3f-1c15-4a95-931a-4af90ecb574d	47.129363	-71.354174	31.0						2023-09-07	7	9	2023	3343759	3343759	HUMAN_OBSERVATION	iNaturalist	Observations	195569032		Christian Grenier	2024-01-02T13:40:27	CC_BY_NC_4_0	Christian Grenier	Christian Grenier			2025-01-14T13:37:29.876Z	StillImage	COORDINATE_ROUNDED;CONTINENT_DERIVED_FROM_COORDINATES;TAXON_MATCH_TAXON_ID_IGNORED
4440665574	50c9509d-22c7-4a22-a47d-8c48425ef4a7	https://www.inaturalist.org/observations/190351951	Fungi	Basidiomycota	Agaricomycetes	Agaricales	Strophariaceae	Pholiota	Pholiota squarrosoides		SPECIES	Pholiota squarrosoides (Peck) Sacc.	Pholiota squarrosoides		CA		Ontario	PRESENT		28eb1a3f-1c15-4a95-931a-4af90ecb574d	45.509194	-75.339058	18.0						2023-11-06T15:49:10	6	11	2023	3343759	3343759	HUMAN_OBSERVATION	iNaturalist	Observations	190351951		mycowalt	2023-11-08T00:15:44	CC_BY_NC_4_0	kevinwallace	kevinwallace			2025-01-14T13:33:29.640Z	StillImage	COORDINATE_ROUNDED;CONTINENT_DERIVED_FROM_COORDINATES;TAXON_MATCH_TAXON_ID_IGNORED
4424183448	50c9509d-22c7-4a22-a47d-8c48425ef4a7	https://www.inaturalist.org/observations/112510571	Fungi	Basidiomycota	Agaricomycetes	Agaricales	Strophariaceae	Pholiota	Pholiota squarrosoides		SPECIES	Pholiota squarrosoides (Peck) Sacc.	Pholiota squarrosoides		CA		Ontario	PRESENT		28eb1a3f-1c15-4a95-931a-4af90ecb574d	45.338168	-75.959274	2427.0						2021-09-26T17:04	26	9	2021	3343759	3343759	HUMAN_OBSERVATION	iNaturalist	Observations	112510571		amanitamozart	2023-01-26T19:01:34	CC_BY_NC_4_0	amanitamozart	amanitamozart			2025-01-14T13:19:01.278Z	StillImage	COORDINATE_ROUNDED;CONTINENT_DERIVED_FROM_COORDINATES;TAXON_MATCH_TAXON_ID_IGNORED
4417159587	50c9509d-22c7-4a22-a47d-8c48425ef4a7	https://www.inaturalist.org/observations/185062483	Fungi	Basidiomycota	Agaricomycetes	Agaricales	Strophariaceae	Pholiota	Pholiota squarrosoides		SPECIES	Pholiota squarrosoides (Peck) Sacc.	Pholiota squarrosoides		CA		Ontario	PRESENT		28eb1a3f-1c15-4a95-931a-4af90ecb574d	45.24818	-76.252533	4.0						2023-09-26T13:18:45	26	9	2023	3343759	3343759	HUMAN_OBSERVATION	iNaturalist	Observations	185062483		Nicolas Schwab	2023-09-26T22:02:04	CC0_1_0	Keith Seifert	Keith Seifert			2025-01-14T12:41:56.538Z	StillImage	COORDINATE_ROUNDED;CONTINENT_DERIVED_FROM_COORDINATES;TAXON_MATCH_TAXON_ID_IGNORED
4417084683	50c9509d-22c7-4a22-a47d-8c48425ef4a7	https://www.inaturalist.org/observations/184415416	Fungi	Basidiomycota	Agaricomycetes	Agaricales	Strophariaceae	Pholiota	Pholiota squarrosoides		SPECIES	Pholiota squarrosoides (Peck) Sacc.	Pholiota squarrosoides		CA		Québec	PRESENT		28eb1a3f-1c15-4a95-931a-4af90ecb574d	45.306325	-72.240669	32.0						2023-09-15T15:25	15	9	2023	3343759	3343759	HUMAN_OBSERVATION	iNaturalist	Observations	184415416		gabboilard	2023-09-22T18:25:09	CC_BY_NC_4_0	gabboilard	gabboilard			2025-01-14T13:32:52.754Z	StillImage	COORDINATE_ROUNDED;CONTINENT_DERIVED_FROM_COORDINATES;TAXON_MATCH_TAXON_ID_IGNORED
4416876698	50c9509d-22c7-4a22-a47d-8c48425ef4a7	https://www.inaturalist.org/observations/184167707	Fungi	Basidiomycota	Agaricomycetes	Agaricales	Strophariaceae	Pholiota	Pholiota squarrosoides		SPECIES	Pholiota squarrosoides (Peck) Sacc.	Pholiota squarrosoides		CA		Québec	PRESENT		28eb1a3f-1c15-4a95-931a-4af90ecb574d	48.437031	-68.58935	24.0						2023-09-20T16:24:02	20	9	2023	3343759	3343759	HUMAN_OBSERVATION	iNaturalist	Observations	184167707		dendrobate	2023-09-20T20:25:35	CC_BY_NC_4_0	dendrobate	dendrobate			2025-01-14T12:42:25.714Z	StillImage	COORDINATE_ROUNDED;CONTINENT_DERIVED_FROM_COORDINATES;TAXON_MATCH_TAXON_ID_IGNORED
4414064998	50c9509d-22c7-4a22-a47d-8c48425ef4a7	https://www.inaturalist.org/observations/182797478	Fungi	Basidiomycota	Agaricomycetes	Agaricales	Strophariaceae	Pholiota	Pholiota squarrosoides		SPECIES	Pholiota squarrosoides (Peck) Sacc.	Pholiota squarrosoides		CA		New Brunswick	PRESENT		28eb1a3f-1c15-4a95-931a-4af90ecb574d	45.891357	-66.776789	80.0						2023-09-09T15:40:35	9	9	2023	3343759	3343759	HUMAN_OBSERVATION	iNaturalist	Observations	182797478		Andrew MacPherson	2023-09-11T15:20:34	CC_BY_4_0	Andrew Lewis	Andrew Lewis			2025-01-14T12:44:31.148Z	StillImage	COORDINATE_ROUNDED;CONTINENT_DERIVED_FROM_COORDINATES;TAXON_MATCH_TAXON_ID_IGNORED
4413925814	50c9509d-22c7-4a22-a47d-8c48425ef4a7	https://www.inaturalist.org/observations/182118262	Fungi	Basidiomycota	Agaricomycetes	Agaricales	Strophariaceae	Pholiota	Pholiota squarrosoides		SPECIES	Pholiota squarrosoides (Peck) Sacc.	Pholiota squarrosoides		CA		New Brunswick	PRESENT		28eb1a3f-1c15-4a95-931a-4af90ecb574d	45.891838	-66.769772	788.0						2023-09-05T19:05:15	5	9	2023	3343759	3343759	HUMAN_OBSERVATION	iNaturalist	Observations	182118262		Jeremy Gamble	2023-09-06T23:33:43	CC_BY_NC_4_0	Jeremy Gamble	Jeremy Gamble			2025-01-14T13:32:16.969Z	StillImage	COORDINATE_ROUNDED;CONTINENT_DERIVED_FROM_COORDINATES;TAXON_MATCH_TAXON_ID_IGNORED
4407234630	50c9509d-22c7-4a22-a47d-8c48425ef4a7	https://www.inaturalist.org/observations/180853462	Fungi	Basidiomycota	Agaricomycetes	Agaricales	Strophariaceae	Pholiota	Pholiota squarrosoides		SPECIES	Pholiota squarrosoides (Peck) Sacc.	Pholiota squarrosoides		CA		Québec	PRESENT		28eb1a3f-1c15-4a95-931a-4af90ecb574d	45.872811	-76.4339	501.0						2023-08-24T15:02	24	8	2023	3343759	3343759	HUMAN_OBSERVATION	iNaturalist	Observations	180853462		L Joan Heyding	2023-08-30T01:00:24	CC_BY_NC_4_0	L Joan Heyding	L Joan Heyding			2025-01-14T12:41:46.008Z	StillImage	COORDINATE_ROUNDED;CONTINENT_DERIVED_FROM_COORDINATES;TAXON_MATCH_TAXON_ID_IGNORED
4126962302	50c9509d-22c7-4a22-a47d-8c48425ef4a7	http://www.inaturalist.org/observations/519278	Fungi	Basidiomycota	Agaricomycetes	Agaricales	Strophariaceae	Pholiota	Pholiota squarrosoides		SPECIES	Pholiota squarrosoides (Peck) Sacc.	Pholiota squarrosoides		CA		Ontario	PRESENT		28eb1a3f-1c15-4a95-931a-4af90ecb574d	45.759859	-78.523407							2013-08-31	31	8	2013	3343759	3343759	HUMAN_OBSERVATION	iNaturalist	Observations	519278		cinna_latifolia	2019-07-12T15:46:55	CC_BY_NC_4_0	erinpallette	erinpallette			2025-01-14T12:01:41.707Z	StillImage	CONTINENT_DERIVED_FROM_COORDINATES;TAXON_MATCH_TAXON_ID_IGNORED
4039243709	50c9509d-22c7-4a22-a47d-8c48425ef4a7	https://www.inaturalist.org/observations/147914696	Fungi	Basidiomycota	Agaricomycetes	Agaricales	Strophariaceae	Pholiota	Pholiota squarrosoides		SPECIES	Pholiota squarrosoides (Peck) Sacc.	Pholiota squarrosoides		CA		New Brunswick	PRESENT		28eb1a3f-1c15-4a95-931a-4af90ecb574d	46.206383	-67.310097	10.0						2022-10-02T15:49:54	2	10	2022	3343759	3343759	HUMAN_OBSERVATION	iNaturalist	Observations	147914696		meganbv	2023-02-02T22:29:10	CC_BY_NC_4_0	meganbv	meganbv			2025-01-14T13:27:39.204Z	StillImage	COORDINATE_ROUNDED;CONTINENT_DERIVED_FROM_COORDINATES;TAXON_MATCH_TAXON_ID_IGNORED
4022317687	50c9509d-22c7-4a22-a47d-8c48425ef4a7	https://www.inaturalist.org/observations/137976443	Fungi	Basidiomycota	Agaricomycetes	Agaricales	Strophariaceae	Pholiota	Pholiota squarrosoides		SPECIES	Pholiota squarrosoides (Peck) Sacc.	Pholiota squarrosoides		CA		Ontario	PRESENT		28eb1a3f-1c15-4a95-931a-4af90ecb574d	45.518962	-78.38353	31.0						2022-09-21T10:46	21	9	2022	3343759	3343759	HUMAN_OBSERVATION	iNaturalist	Observations	137976443		cinna_latifolia	2022-11-27T09:27:10	CC_BY_NC_4_0	jeanh	jeanh			2025-01-14T12:33:34.125Z	StillImage	COORDINATE_ROUNDED;CONTINENT_DERIVED_FROM_COORDINATES;TAXON_MATCH_TAXON_ID_IGNORED
4022071364	50c9509d-22c7-4a22-a47d-8c48425ef4a7	https://www.inaturalist.org/observations/57886824	Fungi	Basidiomycota	Agaricomycetes	Agaricales	Strophariaceae	Pholiota	Pholiota squarrosoides		SPECIES	Pholiota squarrosoides (Peck) Sacc.	Pholiota squarrosoides		CA		Ontario	PRESENT		28eb1a3f-1c15-4a95-931a-4af90ecb574d	45.55397	-78.59676	1519.0						2020-08-26T16:54	26	8	2020	3343759	3343759	HUMAN_OBSERVATION	iNaturalist	Observations	57886824		Nata Culhane	2020-08-29T02:21:03	CC_BY_NC_4_0	Nata Culhane	Nata Culhane			2025-01-14T13:09:36.565Z	StillImage	CONTINENT_DERIVED_FROM_COORDINATES;TAXON_MATCH_TAXON_ID_IGNORED
4014877758	50c9509d-22c7-4a22-a47d-8c48425ef4a7	https://www.inaturalist.org/observations/145537159	Fungi	Basidiomycota	Agaricomycetes	Agaricales	Strophariaceae	Pholiota	Pholiota squarrosoides		SPECIES	Pholiota squarrosoides (Peck) Sacc.	Pholiota squarrosoides		CA		Ontario	PRESENT		28eb1a3f-1c15-4a95-931a-4af90ecb574d	45.053106	-78.492387	10.0						2022-09-03T12:30:15	3	9	2022	3343759	3343759	HUMAN_OBSERVATION	iNaturalist	Observations	145537159		cinna_latifolia	2023-01-01T08:17:58	CC_BY_NC_4_0	Melchemist	Melchemist			2025-01-14T12:32:58.520Z	StillImage	COORDINATE_ROUNDED;CONTINENT_DERIVED_FROM_COORDINATES;TAXON_MATCH_TAXON_ID_IGNORED
3986220819	50c9509d-22c7-4a22-a47d-8c48425ef4a7	https://www.inaturalist.org/observations/136914289	Fungi	Basidiomycota	Agaricomycetes	Agaricales	Strophariaceae	Pholiota	Pholiota squarrosoides		SPECIES	Pholiota squarrosoides (Peck) Sacc.	Pholiota squarrosoides		CA		Québec	PRESENT		28eb1a3f-1c15-4a95-931a-4af90ecb574d	46.26455	-75.831941							2022-09-05T14:10:33	5	9	2022	3343759	3343759	HUMAN_OBSERVATION	iNaturalist	Observations	136914289		cinna_latifolia	2022-11-27T10:17:33	CC_BY_4_0	Marilyne Busque-Dubois	Marilyne Busque-Dubois			2025-01-14T13:25:36.322Z	StillImage	COORDINATE_ROUNDED;CONTINENT_DERIVED_FROM_COORDINATES;TAXON_MATCH_TAXON_ID_IGNORED
3912433441	50c9509d-22c7-4a22-a47d-8c48425ef4a7	https://www.inaturalist.org/observations/135298678	Fungi	Basidiomycota	Agaricomycetes	Agaricales	Strophariaceae	Pholiota	Pholiota squarrosoides		SPECIES	Pholiota squarrosoides (Peck) Sacc.	Pholiota squarrosoides		CA		Québec	PRESENT		28eb1a3f-1c15-4a95-931a-4af90ecb574d	46.006097	-73.418634	7.0						2022-09-16T14:18:18	16	9	2022	3343759	3343759	HUMAN_OBSERVATION	iNaturalist	Observations	135298678		Emma Richter	2022-09-20T16:10:57	CC_BY_NC_4_0	John Plischke	John Plischke			2025-01-14T12:31:46.850Z	StillImage	COORDINATE_ROUNDED;CONTINENT_DERIVED_FROM_COORDINATES;TAXON_MATCH_TAXON_ID_IGNORED
3903093690	50c9509d-22c7-4a22-a47d-8c48425ef4a7	https://www.inaturalist.org/observations/132643865	Fungi	Basidiomycota	Agaricomycetes	Agaricales	Strophariaceae	Pholiota	Pholiota squarrosoides		SPECIES	Pholiota squarrosoides (Peck) Sacc.	Pholiota squarrosoides		CA		Québec	PRESENT		28eb1a3f-1c15-4a95-931a-4af90ecb574d	45.370225	-71.899642	6000.0						2022-08-26T18:31:17	26	8	2022	3343759	3343759	HUMAN_OBSERVATION	iNaturalist	Observations	132643865		Ming_Ni	2022-08-28T17:45:01	CC_BY_NC_4_0	Ming_Ni	Ming_Ni			2025-01-14T13:16:23.597Z	StillImage	COORDINATE_ROUNDED;CONTINENT_DERIVED_FROM_COORDINATES;TAXON_MATCH_TAXON_ID_IGNORED
3759598480	50c9509d-22c7-4a22-a47d-8c48425ef4a7	https://www.inaturalist.org/observations/57763116	Fungi	Basidiomycota	Agaricomycetes	Agaricales	Strophariaceae	Pholiota	Pholiota squarrosoides		SPECIES	Pholiota squarrosoides (Peck) Sacc.	Pholiota squarrosoides		CA		Ontario	PRESENT		28eb1a3f-1c15-4a95-931a-4af90ecb574d	45.57032	-78.42688	2263.0						2020-08-27T15:11:02	27	8	2020	3343759	3343759	HUMAN_OBSERVATION	iNaturalist	Observations	57763116		Jeffrey H. Skevington	2020-08-27T19:24:50	CC_BY_NC_4_0	Jeffrey H. Skevington	Jeffrey H. Skevington			2025-01-14T12:14:24.623Z	StillImage	CONTINENT_DERIVED_FROM_COORDINATES;TAXON_MATCH_TAXON_ID_IGNORED
3465893696	50c9509d-22c7-4a22-a47d-8c48425ef4a7	https://www.inaturalist.org/observations/105450229	Fungi	Basidiomycota	Agaricomycetes	Agaricales	Strophariaceae	Pholiota	Pholiota squarrosoides		SPECIES	Pholiota squarrosoides (Peck) Sacc.	Pholiota squarrosoides		CA		New Brunswick	PRESENT		28eb1a3f-1c15-4a95-931a-4af90ecb574d	46.243309	-64.936415	426.0						2021-09-09T15:01	9	9	2021	3343759	3343759	HUMAN_OBSERVATION	iNaturalist	Observations	105450229		Stuart Tingley	2022-01-23T20:05:21	CC_BY_NC_4_0	Stuart Tingley	Stuart Tingley			2025-01-14T13:17:49.300Z	StillImage	COORDINATE_ROUNDED;CONTINENT_DERIVED_FROM_COORDINATES;TAXON_MATCH_TAXON_ID_IGNORED
3456165098	50c9509d-22c7-4a22-a47d-8c48425ef4a7	https://www.inaturalist.org/observations/103687877	Fungi	Basidiomycota	Agaricomycetes	Agaricales	Strophariaceae	Pholiota	Pholiota squarrosoides		SPECIES	Pholiota squarrosoides (Peck) Sacc.	Pholiota squarrosoides		CA		Québec	PRESENT		28eb1a3f-1c15-4a95-931a-4af90ecb574d	46.298862	-72.529102	31.0						2011-09-17T09:26	17	9	2011	3343759	3343759	HUMAN_OBSERVATION	iNaturalist	Observations	103687877		Alain Maire	2021-12-26T14:38:53	CC_BY_NC_4_0	Alain Maire	Alain Maire			2025-01-14T12:23:39.168Z	StillImage	COORDINATE_ROUNDED;CONTINENT_DERIVED_FROM_COORDINATES;TAXON_MATCH_TAXON_ID_IGNORED
3415757922	50c9509d-22c7-4a22-a47d-8c48425ef4a7	https://www.inaturalist.org/observations/98007577	Fungi	Basidiomycota	Agaricomycetes	Agaricales	Strophariaceae	Pholiota	Pholiota squarrosoides		SPECIES	Pholiota squarrosoides (Peck) Sacc.	Pholiota squarrosoides		CA		Ontario	PRESENT		28eb1a3f-1c15-4a95-931a-4af90ecb574d	45.621921	-77.423235	13.0						2021-10-12T10:27:42Z	12	10	2021	3343759	3343759	HUMAN_OBSERVATION	iNaturalist	Observations	98007577		july2021	2021-10-12T18:17:56	CC_BY_NC_4_0	july2021	july2021			2025-01-14T13:15:34.545Z	StillImage	COORDINATE_ROUNDED;CONTINENT_DERIVED_FROM_COORDINATES;TAXON_MATCH_TAXON_ID_IGNORED
3415462928	50c9509d-22c7-4a22-a47d-8c48425ef4a7	https://www.inaturalist.org/observations/100200450	Fungi	Basidiomycota	Agaricomycetes	Agaricales	Strophariaceae	Pholiota	Pholiota squarrosoides		SPECIES	Pholiota squarrosoides (Peck) Sacc.	Pholiota squarrosoides		CA		Québec	PRESENT		28eb1a3f-1c15-4a95-931a-4af90ecb574d	45.561247	-73.168864							2021-10-10T12:43:59	10	10	2021	3343759	3343759	HUMAN_OBSERVATION	iNaturalist	Observations	100200450		Aline Nguyen	2021-11-21T19:20:07	CC_BY_NC_4_0	tranhuynh	tranhuynh			2025-01-14T12:22:30.733Z	StillImage	COORDINATE_ROUNDED;CONTINENT_DERIVED_FROM_COORDINATES;TAXON_MATCH_TAXON_ID_IGNORED
3384709109	50c9509d-22c7-4a22-a47d-8c48425ef4a7	https://www.inaturalist.org/observations/96099887	Fungi	Basidiomycota	Agaricomycetes	Agaricales	Strophariaceae	Pholiota	Pholiota squarrosoides		SPECIES	Pholiota squarrosoides (Peck) Sacc.	Pholiota squarrosoides		CA		Québec	PRESENT		28eb1a3f-1c15-4a95-931a-4af90ecb574d	48.531123	-67.484959	9788.0						2021-09-25T12:11:48	25	9	2021	3343759	3343759	HUMAN_OBSERVATION	iNaturalist	Observations	96099887		Frederic Desmeules	2021-09-26T15:51:15	CC_BY_NC_4_0	mrtankk	mrtankk			2025-01-14T13:17:00.659Z	StillImage	COORDINATE_ROUNDED;CONTINENT_DERIVED_FROM_COORDINATES;TAXON_MATCH_TAXON_ID_IGNORED
3354986410	50c9509d-22c7-4a22-a47d-8c48425ef4a7	https://www.inaturalist.org/observations/56794556	Fungi	Basidiomycota	Agaricomycetes	Agaricales	Strophariaceae	Pholiota	Pholiota squarrosoides		SPECIES	Pholiota squarrosoides (Peck) Sacc.	Pholiota squarrosoides		CA		Québec	PRESENT		28eb1a3f-1c15-4a95-931a-4af90ecb574d	45.434875	-75.735847	65.0						2020-08-17T19:39:07	17	8	2020	3343759	3343759	HUMAN_OBSERVATION	iNaturalist	Observations	56794556		cinna_latifolia	2021-06-28T03:30:52	CC_BY_NC_4_0	bobtyler	bobtyler			2025-01-14T12:14:17.162Z	StillImage	COORDINATE_ROUNDED;CONTINENT_DERIVED_FROM_COORDINATES;TAXON_MATCH_TAXON_ID_IGNORED
3343712211	50c9509d-22c7-4a22-a47d-8c48425ef4a7	https://www.inaturalist.org/observations/92400931	Fungi	Basidiomycota	Agaricomycetes	Agaricales	Strophariaceae	Pholiota	Pholiota squarrosoides		SPECIES	Pholiota squarrosoides (Peck) Sacc.	Pholiota squarrosoides		CA		New Brunswick	PRESENT		28eb1a3f-1c15-4a95-931a-4af90ecb574d	45.952566	-66.673804	499.0						2021-08-24T15:03:26	24	8	2021	3343759	3343759	HUMAN_OBSERVATION	iNaturalist	Observations	92400931		Raymonde G Chartier	2021-08-25T02:41:13	CC_BY_NC_4_0	hbincik	hbincik			2025-01-14T13:14:55.292Z	StillImage	COORDINATE_ROUNDED;CONTINENT_DERIVED_FROM_COORDINATES;TAXON_MATCH_TAXON_ID_IGNORED
3079748007	50c9509d-22c7-4a22-a47d-8c48425ef4a7	https://www.inaturalist.org/observations/58453399	Fungi	Basidiomycota	Agaricomycetes	Agaricales	Strophariaceae	Pholiota	Pholiota squarrosoides		SPECIES	Pholiota squarrosoides (Peck) Sacc.	Pholiota squarrosoides		CA		Ontario	PRESENT		28eb1a3f-1c15-4a95-931a-4af90ecb574d	45.406467	-75.572258	16.0						2020-09-03T14:21:31	3	9	2020	3343759	3343759	HUMAN_OBSERVATION	iNaturalist	Observations	58453399		Igor Khomenko	2020-09-03T21:54:47	CC_BY_NC_4_0	Igor Khomenko	Igor Khomenko			2025-01-14T13:09:32.830Z	StillImage	COORDINATE_ROUNDED;CONTINENT_DERIVED_FROM_COORDINATES;TAXON_MATCH_TAXON_ID_IGNORED
3070575360	50c9509d-22c7-4a22-a47d-8c48425ef4a7	https://www.inaturalist.org/observations/6092942	Fungi	Basidiomycota	Agaricomycetes	Agaricales	Strophariaceae	Pholiota	Pholiota squarrosoides		SPECIES	Pholiota squarrosoides (Peck) Sacc.	Pholiota squarrosoides		CA		Ontario	PRESENT		28eb1a3f-1c15-4a95-931a-4af90ecb574d	45.359073	-75.62469	400.0						2016-09-09T15:16	9	9	2016	3343759	3343759	HUMAN_OBSERVATION	iNaturalist	Observations	6092942		Garrett Taylor	2017-05-08T03:05:54	CC_BY_4_0	christine123	christine123			2025-01-14T13:02:31.829Z	StillImage	COORDINATE_ROUNDED;CONTINENT_DERIVED_FROM_COORDINATES;TAXON_MATCH_TAXON_ID_IGNORED
3070474401	50c9509d-22c7-4a22-a47d-8c48425ef4a7	https://www.inaturalist.org/observations/8634475	Fungi	Basidiomycota	Agaricomycetes	Agaricales	Strophariaceae	Pholiota	Pholiota squarrosoides		SPECIES	Pholiota squarrosoides (Peck) Sacc.	Pholiota squarrosoides		CA		Ontario	PRESENT		28eb1a3f-1c15-4a95-931a-4af90ecb574d	45.358474	-75.622394	263.0						2016-09-09T15:16	9	9	2016	3343759	3343759	HUMAN_OBSERVATION	iNaturalist	Observations	8634475		Garrett Taylor	2017-10-31T22:04:55	CC_BY_4_0	christine123	christine123			2025-01-14T12:57:44.754Z	StillImage	COORDINATE_ROUNDED;CONTINENT_DERIVED_FROM_COORDINATES;TAXON_MATCH_TAXON_ID_IGNORED
3031586936	50c9509d-22c7-4a22-a47d-8c48425ef4a7	https://www.inaturalist.org/observations/59378526	Fungi	Basidiomycota	Agaricomycetes	Agaricales	Strophariaceae	Pholiota	Pholiota squarrosoides		SPECIES	Pholiota squarrosoides (Peck) Sacc.	Pholiota squarrosoides		CA		Ontario	PRESENT		28eb1a3f-1c15-4a95-931a-4af90ecb574d	45.001673	-78.449723	985.0						2020-09-10T10:42	10	9	2020	3343759	3343759	HUMAN_OBSERVATION	iNaturalist	Observations	59378526		Martha Lawrence	2020-09-12T22:25:05	CC_BY_NC_4_0	Martha Lawrence	Martha Lawrence			2025-01-14T13:03:46.139Z	StillImage	COORDINATE_ROUNDED;CONTINENT_DERIVED_FROM_COORDINATES;TAXON_MATCH_TAXON_ID_IGNORED
3018110512	50c9509d-22c7-4a22-a47d-8c48425ef4a7	https://www.inaturalist.org/observations/61363394	Fungi	Basidiomycota	Agaricomycetes	Agaricales	Strophariaceae	Pholiota	Pholiota squarrosoides		SPECIES	Pholiota squarrosoides (Peck) Sacc.	Pholiota squarrosoides		CA		Ontario	PRESENT		28eb1a3f-1c15-4a95-931a-4af90ecb574d	45.577619	-78.527292	540.0						2020-09-28T16:58	28	9	2020	3343759	3343759	HUMAN_OBSERVATION	iNaturalist	Observations	61363394		Ken MacDonald	2020-10-01T03:03:10	CC_BY_NC_4_0	Ken MacDonald	Ken MacDonald			2025-01-14T13:10:12.118Z	StillImage	COORDINATE_ROUNDED;CONTINENT_DERIVED_FROM_COORDINATES;TAXON_MATCH_TAXON_ID_IGNORED
2901799566	50c9509d-22c7-4a22-a47d-8c48425ef4a7	https://www.inaturalist.org/observations/61905148	Fungi	Basidiomycota	Agaricomycetes	Agaricales	Strophariaceae	Pholiota	Pholiota squarrosoides		SPECIES	Pholiota squarrosoides (Peck) Sacc.	Pholiota squarrosoides		CA		Ontario	PRESENT		28eb1a3f-1c15-4a95-931a-4af90ecb574d	45.51327	-75.340608	46.0						2020-09-25	25	9	2020	3343759	3343759	HUMAN_OBSERVATION	iNaturalist	Observations	61905148		jonathan_mack	2020-10-06T22:55:13	CC_BY_NC_4_0	kevinwallace	kevinwallace			2025-01-14T12:15:17.508Z	StillImage	CONTINENT_DERIVED_FROM_COORDINATES;TAXON_MATCH_TAXON_ID_IGNORED
2802565454	50c9509d-22c7-4a22-a47d-8c48425ef4a7	https://www.inaturalist.org/observations/32274021	Fungi	Basidiomycota	Agaricomycetes	Agaricales	Strophariaceae	Pholiota	Pholiota squarrosoides		SPECIES	Pholiota squarrosoides (Peck) Sacc.	Pholiota squarrosoides		CA		Ontario	PRESENT		28eb1a3f-1c15-4a95-931a-4af90ecb574d	45.442058	-76.361203	77.0						2019-09-06T14:11	6	9	2019	3343759	3343759	HUMAN_OBSERVATION	iNaturalist	Observations	32274021		jonathan_mack	2019-09-07T16:03:44	CC_BY_NC_4_0	jonathan_mack	jonathan_mack			2025-01-14T12:09:08.301Z	StillImage	COORDINATE_ROUNDED;CONTINENT_DERIVED_FROM_COORDINATES;TAXON_MATCH_TAXON_ID_IGNORED
2576354793	50c9509d-22c7-4a22-a47d-8c48425ef4a7	https://www.inaturalist.org/observations/32819425	Fungi	Basidiomycota	Agaricomycetes	Agaricales	Strophariaceae	Pholiota	Pholiota squarrosoides		SPECIES	Pholiota squarrosoides (Peck) Sacc.	Pholiota squarrosoides		CA		Ontario	PRESENT		28eb1a3f-1c15-4a95-931a-4af90ecb574d	45.097188	-75.632902	5.0						2019-09-15T14:36:50	15	9	2019	3343759	3343759	HUMAN_OBSERVATION	iNaturalist	Observations	32819425		Seabrooke Leckie	2019-09-16T07:19:08	CC_BY_NC_4_0	Seabrooke Leckie	Seabrooke Leckie			2025-01-14T13:03:50.394Z	StillImage	COORDINATE_ROUNDED;CONTINENT_DERIVED_FROM_COORDINATES;TAXON_MATCH_TAXON_ID_IGNORED
1990288324	032f1fbe-d21f-407d-be46-5cd1bb1ea397	676d9fcf-9143-487b-b20e-18e94ad7415d	Fungi	Basidiomycota	Agaricomycetes	Agaricales	Strophariaceae	Pholiota	Pholiota squarrosoides		SPECIES	Pholiota squarrosoides (Peck) Sacc.	Pholiota squarrosoides	(Peck) Sacc.	CA	Whitney, Cache Lake, Algonquin Park	Ontario	PRESENT		61c539d8-47e0-4b82-875f-b95aad66dcd4	45.551389	-78.588889							1939-09-01	1	9	1939	3343759	3343759	PRESERVED_SPECIMEN	TENN-F		TENN-F-014813	RFC16024			CC0_1_0		R.F. Cain			2025-01-12T10:33:40.654Z	StillImage	COORDINATE_ROUNDED;GEODETIC_DATUM_ASSUMED_WGS84;CONTINENT_DERIVED_FROM_COORDINATES;TAXON_MATCH_TAXON_ID_IGNORED;INSTITUTION_MATCH_NONE
1913150229	50c9509d-22c7-4a22-a47d-8c48425ef4a7	https://www.inaturalist.org/observations/15990723	Fungi	Basidiomycota	Agaricomycetes	Agaricales	Strophariaceae	Pholiota	Pholiota squarrosoides		SPECIES	Pholiota squarrosoides (Peck) Sacc.	Pholiota squarrosoides		CA		Ontario	PRESENT		28eb1a3f-1c15-4a95-931a-4af90ecb574d	45.46687	-75.510526	216.0						2013-08-31T14:29	31	8	2013	3343759	3343759	HUMAN_OBSERVATION	iNaturalist	Observations	15990723		jonathan_mack	2018-08-30T01:43:48	CC_BY_NC_4_0	jonathan_mack	jonathan_mack			2025-01-14T13:00:52.914Z	StillImage	COORDINATE_ROUNDED;CONTINENT_DERIVED_FROM_COORDINATES;TAXON_MATCH_TAXON_ID_IGNORED
1847647113	50c9509d-22c7-4a22-a47d-8c48425ef4a7	https://www.inaturalist.org/observations/9593148	Fungi	Basidiomycota	Agaricomycetes	Agaricales	Strophariaceae	Pholiota	Pholiota squarrosoides		SPECIES	Pholiota squarrosoides (Peck) Sacc.	Pholiota squarrosoides		CA		Ontario	PRESENT		28eb1a3f-1c15-4a95-931a-4af90ecb574d	45.64865	-77.5247	9718.0						2016-09-21	21	9	2016	3343759	3343759	HUMAN_OBSERVATION	iNaturalist	Observations	9593148		mycowalt	2018-01-24T01:49:24	CC_BY_NC_4_0	mycowalt	mycowalt			2025-01-14T12:04:22.141Z	StillImage	CONTINENT_DERIVED_FROM_COORDINATES;TAXON_MATCH_TAXON_ID_IGNORED
1847646584	50c9509d-22c7-4a22-a47d-8c48425ef4a7	https://www.inaturalist.org/observations/9590908	Fungi	Basidiomycota	Agaricomycetes	Agaricales	Strophariaceae	Pholiota	Pholiota squarrosoides		SPECIES	Pholiota squarrosoides (Peck) Sacc.	Pholiota squarrosoides		CA		Ontario	PRESENT		28eb1a3f-1c15-4a95-931a-4af90ecb574d	45.69085	-78.32155	84661.0						2015-09-15	15	9	2015	3343759	3343759	HUMAN_OBSERVATION	iNaturalist	Observations	9590908		mycowalt	2018-01-23T22:56:12	CC_BY_NC_4_0	mycowalt	mycowalt			2025-01-14T12:04:24.623Z	StillImage	CONTINENT_DERIVED_FROM_COORDINATES;TAXON_MATCH_TAXON_ID_IGNORED
1807262418	e8a25a42-f125-476c-8554-3ec21cd51a84	ACAD:118992	Fungi	Basidiomycota	Agaricomycetes	Agaricales	Strophariaceae	Pholiota	Pholiota squarrosoides		SPECIES	Pholiota squarrosoides (Peck) Sacc.	Pholiota squarrosoides (Peck) Sacc.	(Peck) Sacc.	CA	Kentville	Nova Scotia	PRESENT		6491ad8c-8e49-4bd4-a089-0ddb3bbe0890	45.064224	-64.478193							1938-09-04	4	9	1938	3343759	3343759	PRESERVED_SPECIMEN	Acadia University	ACAD	7693F	7693			CC0_1_0	Acadia University	Harrison, KA			2024-01-25T01:37:12.666Z	StillImage	GEODETIC_DATUM_INVALID;GEODETIC_DATUM_ASSUMED_WGS84;TAXON_MATCH_TAXON_ID_IGNORED;INSTITUTION_MATCH_FUZZY;COLLECTION_MATCH_FUZZY
1807262031	e8a25a42-f125-476c-8554-3ec21cd51a84	ACAD:118957	Fungi	Basidiomycota	Agaricomycetes	Agaricales	Strophariaceae	Pholiota	Pholiota squarrosoides		SPECIES	Pholiota squarrosoides (Peck) Sacc.	Pholiota squarrosoides (Peck) Sacc.	(Peck) Sacc.	CA	Kentville	Nova Scotia	PRESENT		6491ad8c-8e49-4bd4-a089-0ddb3bbe0890	45.06019	-64.553339							1959-09-20	20	9	1959	3343759	3343759	PRESERVED_SPECIMEN	Acadia University	ACAD	7658F	7658			CC0_1_0	Acadia University	Harrison, KA			2024-01-25T01:37:12.765Z	StillImage	GEODETIC_DATUM_INVALID;GEODETIC_DATUM_ASSUMED_WGS84;TAXON_MATCH_TAXON_ID_IGNORED;INSTITUTION_MATCH_FUZZY;COLLECTION_MATCH_FUZZY
1807260938	e8a25a42-f125-476c-8554-3ec21cd51a84	ACAD:117767	Fungi	Basidiomycota	Agaricomycetes	Agaricales	Strophariaceae	Pholiota	Pholiota squarrosoides		SPECIES	Pholiota squarrosoides (Peck) Sacc.	Pholiota squarrosoides (Peck) Sacc.	(Peck) Sacc.	CA	Kentville	Nova Scotia	PRESENT		6491ad8c-8e49-4bd4-a089-0ddb3bbe0890	45.07662	-64.49592							1973-08-19	19	8	1973	3343759	3343759	PRESERVED_SPECIMEN	Acadia University	ACAD	10536F	10536			CC0_1_0	Acadia University	Farquhar, S			2024-01-25T01:37:09.115Z	StillImage	GEODETIC_DATUM_INVALID;GEODETIC_DATUM_ASSUMED_WGS84;TAXON_MATCH_TAXON_ID_IGNORED;INSTITUTION_MATCH_FUZZY;COLLECTION_MATCH_FUZZY
1807259585	e8a25a42-f125-476c-8554-3ec21cd51a84	ACAD:116284	Fungi	Basidiomycota	Agaricomycetes	Agaricales	Strophariaceae	Pholiota	Pholiota squarrosoides		SPECIES	Pholiota squarrosoides (Peck) Sacc.	Pholiota squarrosoides (Peck) Sacc.	(Peck) Sacc.	CA	Kentville	Nova Scotia	PRESENT		6491ad8c-8e49-4bd4-a089-0ddb3bbe0890	45.07662	-64.49592							1958-09-14	14	9	1958	3343759	3343759	PRESERVED_SPECIMEN	Acadia University	ACAD	4041F	4041			CC0_1_0	Acadia University	H, KA			2024-01-25T01:37:04.114Z	StillImage	GEODETIC_DATUM_INVALID;GEODETIC_DATUM_ASSUMED_WGS84;TAXON_MATCH_TAXON_ID_IGNORED;INSTITUTION_MATCH_FUZZY;COLLECTION_MATCH_FUZZY
1807259577	e8a25a42-f125-476c-8554-3ec21cd51a84	ACAD:116283	Fungi	Basidiomycota	Agaricomycetes	Agaricales	Strophariaceae	Pholiota	Pholiota squarrosoides		SPECIES	Pholiota squarrosoides (Peck) Sacc.	Pholiota squarrosoides (Peck) Sacc.	(Peck) Sacc.	CA	Black Hole	Nova Scotia	PRESENT		6491ad8c-8e49-4bd4-a089-0ddb3bbe0890	45.234971	-64.495683							1957-09-19	19	9	1957	3343759	3343759	PRESERVED_SPECIMEN	Acadia University	ACAD	4040F	4040			CC0_1_0	Acadia University	H, KA			2024-01-25T01:37:04.115Z	StillImage	COORDINATE_ROUNDED;GEODETIC_DATUM_INVALID;GEODETIC_DATUM_ASSUMED_WGS84;TAXON_MATCH_TAXON_ID_IGNORED;INSTITUTION_MATCH_FUZZY;COLLECTION_MATCH_FUZZY
1807258718	e8a25a42-f125-476c-8554-3ec21cd51a84	ACAD:115198	Fungi	Basidiomycota	Agaricomycetes	Agaricales	Strophariaceae	Pholiota	Pholiota squarrosoides		SPECIES	Pholiota squarrosoides (Peck) Sacc.	Pholiota squarrosoides (Peck) Sacc.	(Peck) Sacc.	CA	Kentville	Nova Scotia	PRESENT		6491ad8c-8e49-4bd4-a089-0ddb3bbe0890	45.07662	-64.49592							1938-09-04	4	9	1938	3343759	3343759	PRESERVED_SPECIMEN	Acadia University	ACAD	884F	884			CC0_1_0	Acadia University	H, KA			2024-01-25T01:36:59.677Z	StillImage	GEODETIC_DATUM_INVALID;GEODETIC_DATUM_ASSUMED_WGS84;TAXON_MATCH_TAXON_ID_IGNORED;INSTITUTION_MATCH_FUZZY;COLLECTION_MATCH_FUZZY
1807256409	e8a25a42-f125-476c-8554-3ec21cd51a84	ACAD:112933	Fungi	Basidiomycota	Agaricomycetes	Agaricales	Strophariaceae	Pholiota	Pholiota squarrosoides		SPECIES	Pholiota squarrosoides (Peck) Sacc.	Pholiota squarrosoides (Peck) Sacc.	(Peck) Sacc.	CA	(Kentville)	Nova Scotia	PRESENT		6491ad8c-8e49-4bd4-a089-0ddb3bbe0890	45.07662	-64.49592							1931-09-17	17	9	1931	3343759	3343759	PRESERVED_SPECIMEN	Acadia University	ACAD	441F	M 441	Smith,AH		CC0_1_0	Acadia University	H, KA			2024-01-25T01:37:11.637Z	StillImage	GEODETIC_DATUM_INVALID;GEODETIC_DATUM_ASSUMED_WGS84;TAXON_MATCH_TAXON_ID_IGNORED;INSTITUTION_MATCH_FUZZY;COLLECTION_MATCH_FUZZY
1807256127	e8a25a42-f125-476c-8554-3ec21cd51a84	ACAD:112930	Fungi	Basidiomycota	Agaricomycetes	Agaricales	Strophariaceae	Pholiota	Pholiota squarrosoides		SPECIES	Pholiota squarrosoides (Peck) Sacc.	Pholiota squarrosoides (Peck) Sacc.	(Peck) Sacc.	CA	Kentville	Nova Scotia	PRESENT		6491ad8c-8e49-4bd4-a089-0ddb3bbe0890	45.07662	-64.49592											3343759	3343759	PRESERVED_SPECIMEN	Acadia University	ACAD	439F	439			CC0_1_0	Acadia University	H, KA			2024-01-25T01:37:11.635Z	StillImage	GEODETIC_DATUM_INVALID;GEODETIC_DATUM_ASSUMED_WGS84;TAXON_MATCH_TAXON_ID_IGNORED;INSTITUTION_MATCH_FUZZY;COLLECTION_MATCH_FUZZY
1807255660	e8a25a42-f125-476c-8554-3ec21cd51a84	ACAD:112198	Fungi	Basidiomycota	Agaricomycetes	Agaricales	Strophariaceae	Pholiota	Pholiota squarrosoides		SPECIES	Pholiota squarrosoides (Peck) Sacc.	Pholiota squarrosoides (Peck) Sacc.	(Peck) Sacc.	CA	(Kentville)	Nova Scotia	PRESENT		6491ad8c-8e49-4bd4-a089-0ddb3bbe0890	45.07662	-64.49592							1952-10-20	20	10	1952	3343759	3343759	PRESERVED_SPECIMEN	Acadia University	ACAD	1909F	1909			CC0_1_0	Acadia University	H, KA			2024-01-25T01:37:05.835Z	StillImage	GEODETIC_DATUM_INVALID;GEODETIC_DATUM_ASSUMED_WGS84;TAXON_MATCH_TAXON_ID_IGNORED;INSTITUTION_MATCH_FUZZY;COLLECTION_MATCH_FUZZY
1412709182	21705170-d2b6-42de-8904-c3bca4b83591	CMMF017602	Fungi	Basidiomycota	Agaricomycetes	Agaricales	Strophariaceae	Pholiota	Pholiota squarrosoides		SPECIES	Pholiota squarrosoides (Peck) Sacc.	Pholiota squarrosoides (Peck) Sacc.	(Peck) Sacc.	CA	Pointe du Buisson, Québec.	Québec	PRESENT		ff7bd5db-b724-4932-b496-10ea298851f9	45.316964	-73.965109	1000.0						1981-08-06	6	8	1981	3343759	3343759	PRESERVED_SPECIMEN	Université de Montréal Biodiversity Centre	CMMF	CMMF017602	1981-189	Cyr, A.		CC0_1_0	Université de Montréal Biodiversity Centre	Cyr, A.			2024-01-24T16:38:15.765Z		INSTITUTION_MATCH_FUZZY;COLLECTION_MATCH_FUZZY;DIFFERENT_OWNER_INSTITUTION
1135069107	21705170-d2b6-42de-8904-c3bca4b83591	CMMF007597	Fungi	Basidiomycota	Agaricomycetes	Agaricales	Strophariaceae	Pholiota	Pholiota squarrosoides		SPECIES	Pholiota squarrosoides (Peck) Sacc.	Pholiota squarrosoides (Peck) Sacc.	(Peck) Sacc.	CA	St-Hippolyte	Québec	PRESENT		ff7bd5db-b724-4932-b496-10ea298851f9	45.989333	-74.003633	100.0						1980-09-13	13	9	1980	3343759	3343759	PRESERVED_SPECIMEN	Université de Montréal Biodiversity Centre	CMMF	CMMF007597	898	McNeil, Raymond		CC0_1_0	Université de Montréal Biodiversity Centre	McNeil, Raymond			2024-01-24T16:38:15.997Z	StillImage	INSTITUTION_MATCH_FUZZY;COLLECTION_MATCH_FUZZY;DIFFERENT_OWNER_INSTITUTION
1135067333	21705170-d2b6-42de-8904-c3bca4b83591	CMMF005848	Fungi	Basidiomycota	Agaricomycetes	Agaricales	Strophariaceae	Pholiota	Pholiota squarrosoides		SPECIES	Pholiota squarrosoides (Peck) Sacc.	Pholiota squarrosoides (Peck) Sacc.	(Peck) Sacc.	CA	Châteauguay (Centre écologique Fernand-Seguin)	Québec	PRESENT		ff7bd5db-b724-4932-b496-10ea298851f9	45.33983	-73.773917	100.0						2006-09-06	6	9	2006	3343759	3343759	PRESERVED_SPECIMEN	Université de Montréal Biodiversity Centre	CMMF	CMMF005848	C2935	McNeil, Raymond		CC0_1_0	Université de Montréal Biodiversity Centre	McNeil, Raymond			2024-01-24T16:38:16.688Z	StillImage	COORDINATE_ROUNDED;INSTITUTION_MATCH_FUZZY;COLLECTION_MATCH_FUZZY;DIFFERENT_OWNER_INSTITUTION
1135067262	21705170-d2b6-42de-8904-c3bca4b83591	CMMF005776	Fungi	Basidiomycota	Agaricomycetes	Agaricales	Strophariaceae	Pholiota	Pholiota squarrosoides		SPECIES	Pholiota squarrosoides (Peck) Sacc.	Pholiota squarrosoides (Peck) Sacc.	(Peck) Sacc.	CA	Châteauguay (Centre écologique Fernand-Seguin)	Québec	PRESENT		ff7bd5db-b724-4932-b496-10ea298851f9	45.33983	-73.773917	100.0						2012-09-25	25	9	2012	3343759	3343759	PRESERVED_SPECIMEN	Université de Montréal Biodiversity Centre	CMMF	CMMF005776	C4108	McNeil, Raymond		CC0_1_0	Université de Montréal Biodiversity Centre	McNeil, Raymond			2024-01-24T16:38:16.731Z	StillImage	COORDINATE_ROUNDED;INSTITUTION_MATCH_FUZZY;COLLECTION_MATCH_FUZZY;DIFFERENT_OWNER_INSTITUTION
1135067152	21705170-d2b6-42de-8904-c3bca4b83591	CMMF010536	Fungi	Basidiomycota	Agaricomycetes	Agaricales	Strophariaceae	Pholiota	Pholiota squarrosoides		SPECIES	Pholiota squarrosoides (Peck) Sacc.	Pholiota squarrosoides (Peck) Sacc.	(Peck) Sacc.	CA	Côte Bédard, rue Hector Bédard, Québec.	Québec	PRESENT		ff7bd5db-b724-4932-b496-10ea298851f9	46.907478	-71.312257	400.0						2008-09-20	20	9	2008	3343759	3343759	PRESERVED_SPECIMEN	Université de Montréal Biodiversity Centre	CMMF	CMMF010536	2122	Labrecque, Jacqueline		CC0_1_0	Université de Montréal Biodiversity Centre	Labrecque, Jacqueline			2024-01-24T16:38:21.749Z		INSTITUTION_MATCH_FUZZY;COLLECTION_MATCH_FUZZY;DIFFERENT_OWNER_INSTITUTION
1024560182	21705170-d2b6-42de-8904-c3bca4b83591	CMMF005725	Fungi	Basidiomycota	Agaricomycetes	Agaricales	Strophariaceae	Pholiota	Pholiota squarrosoides		SPECIES	Pholiota squarrosoides (Peck) Sacc.	Pholiota squarrosoides (Peck) Sacc.	(Peck) Sacc.	CA	Melocheville (Pointe du Buisson)	Québec	PRESENT		ff7bd5db-b724-4932-b496-10ea298851f9	45.316117	-73.964883	100.0						1982-09-03	3	9	1982	3343759	3343759	PRESERVED_SPECIMEN	Université de Montréal Biodiversity Centre	CMMF	CMMF005725	1404	McNeil, Raymond		CC0_1_0	Université de Montréal Biodiversity Centre	McNeil, Raymond			2024-01-24T16:38:16.603Z	StillImage	COORDINATE_ROUNDED;INSTITUTION_MATCH_FUZZY;COLLECTION_MATCH_FUZZY;DIFFERENT_OWNER_INSTITUTION
1024558985	21705170-d2b6-42de-8904-c3bca4b83591	CMMF004582	Fungi	Basidiomycota	Agaricomycetes	Agaricales	Strophariaceae	Pholiota	Pholiota squarrosoides		SPECIES	Pholiota squarrosoides (Peck) Sacc.	Pholiota squarrosoides (Peck) Sacc.	(Peck) Sacc.	CA	Réserve écologique du Boisé-des-Muir, Hinchinbrooke.	Québec	PRESENT		ff7bd5db-b724-4932-b496-10ea298851f9	45.08618	-74.116819	30.0						2012-09-30	30	9	2012	3343759	3343759	PRESERVED_SPECIMEN	Université de Montréal Biodiversity Centre	CMMF	CMMF004582	628	Langlois, Annabelle		CC0_1_0	Université de Montréal Biodiversity Centre	Langlois, Annabelle; Turgon, Jean-Pierre			2024-01-24T16:38:19.843Z	StillImage	INSTITUTION_MATCH_FUZZY;COLLECTION_MATCH_FUZZY;DIFFERENT_OWNER_INSTITUTION
1024558954	21705170-d2b6-42de-8904-c3bca4b83591	CMMF004357	Fungi	Basidiomycota	Agaricomycetes	Agaricales	Strophariaceae	Pholiota	Pholiota squarrosoides		SPECIES	Pholiota squarrosoides (Peck) Sacc.	Pholiota squarrosoides (Peck) Sacc.	(Peck) Sacc.	CA	Réserve écologique du Boisé-des-Muir, Hinchinbrooke.	Québec	PRESENT		ff7bd5db-b724-4932-b496-10ea298851f9	45.086787	-74.114566	10.0						2012-08-05	5	8	2012	3343759	3343759	PRESERVED_SPECIMEN	Université de Montréal Biodiversity Centre	CMMF	CMMF004357	366	Turgon, Jean-Pierre		CC0_1_0	Université de Montréal Biodiversity Centre	Langlois, Annabelle; Turgon, Jean-Pierre			2024-01-24T16:38:19.617Z	StillImage	INSTITUTION_MATCH_FUZZY;COLLECTION_MATCH_FUZZY;DIFFERENT_OWNER_INSTITUTION
1024558654	21705170-d2b6-42de-8904-c3bca4b83591	CMMF004140	Fungi	Basidiomycota	Agaricomycetes	Agaricales	Strophariaceae	Pholiota	Pholiota squarrosoides		SPECIES	Pholiota squarrosoides (Peck) Sacc.	Pholiota squarrosoides (Peck) Sacc.	(Peck) Sacc.	CA	Réserve écologique du Boisé-des-Muir, Hinchinbrooke.	Québec	PRESENT		ff7bd5db-b724-4932-b496-10ea298851f9	45.084749	-74.114675	10.0						2011-08-30	30	8	2011	3343759	3343759	PRESERVED_SPECIMEN	Université de Montréal Biodiversity Centre	CMMF	CMMF004140	120	Lebeuf, Renée		CC0_1_0	Université de Montréal Biodiversity Centre	Archambault, Raymond; Lebeuf, Renée			2024-01-24T16:38:18.587Z	StillImage	INSTITUTION_MATCH_FUZZY;COLLECTION_MATCH_FUZZY;DIFFERENT_OWNER_INSTITUTION
