gbifID	datasetKey	occurrenceID	kingdom	phylum	class	order	family	genus	species	infraspecificEpithet	taxonRank	scientificName	verbatimScientificName	verbatimScientificNameAuthorship	countryCode	locality	stateProvince	occurrenceStatus	individualCount	publishingOrgKey	decimalLatitude	decimalLongitude	coordinateUncertaintyInMeters	coordinatePrecision	elevation	elevationAccuracy	depth	depthAccuracy	eventDate	day	month	year	taxonKey	speciesKey	basisOfRecord	institutionCode	collectionCode	catalogNumber	recordNumber	identifiedBy	dateIdentified	license	rightsHolder	recordedBy	typeStatus	establishmentMeans	lastInterpreted	mediaType	issue
617555130	21705170-d2b6-42de-8904-c3bca4b83591	CMMF000670	Fungi	Basidiomycota	Agaricomycetes	Thelephorales	Bankeraceae	Hydnellum	Hydnellum caeruleum		SPECIES	Hydnellum caeruleum (Hornem.) P.Karst.	Hydnellum caeruleum (Hornem.) P. Karst.	(Hornem.) P. Karst.	CA	Saint-Herménégilde	Québec	PRESENT		ff7bd5db-b724-4932-b496-10ea298851f9	45.105574	-71.672847	3000.0						1989-08-23	23	8	1989	2522245	2522245	PRESERVED_SPECIMEN	Université de Montréal Biodiversity Centre	CMMF	CMMF000670		Lamoureux, Yves		CC0_1_0	Université de Montréal Biodiversity Centre	Lamoureux, Yves			2024-01-24T16:38:20.120Z	StillImage	INSTITUTION_MATCH_FUZZY;COLLECTION_MATCH_FUZZY;DIFFERENT_OWNER_INSTITUTION
617555066	21705170-d2b6-42de-8904-c3bca4b83591	CMMF000643	Fungi	Basidiomycota	Agaricomycetes	Thelephorales	Bankeraceae	Hydnellum	Hydnellum caeruleum		SPECIES	Hydnellum caeruleum (Hornem.) P.Karst.	Hydnellum caeruleum (Hornem.) P. Karst.	(Hornem.) P. Karst.	CA	Mirabel	Québec	PRESENT		ff7bd5db-b724-4932-b496-10ea298851f9	45.659599	-74.064294	18500.0						1989-08-20	20	8	1989	2522245	2522245	PRESERVED_SPECIMEN	Université de Montréal Biodiversity Centre	CMMF	CMMF000643		Lamoureux, Yves		CC0_1_0	Université de Montréal Biodiversity Centre	Farnesi, Carlo			2024-01-24T16:38:20.118Z	StillImage	INSTITUTION_MATCH_FUZZY;COLLECTION_MATCH_FUZZY;DIFFERENT_OWNER_INSTITUTION
617554059	21705170-d2b6-42de-8904-c3bca4b83591	CMMF003880	Fungi	Basidiomycota	Agaricomycetes	Thelephorales	Bankeraceae	Hydnellum	Hydnellum caeruleum		SPECIES	Hydnellum caeruleum (Hornem.) P.Karst.	Hydnellum caeruleum (Hornem.) P. Karst.	(Hornem.) P. Karst.	CA	Saint-Côme	Québec	PRESENT		ff7bd5db-b724-4932-b496-10ea298851f9	46.269761	-73.774867	15000.0						2004-08-26	26	8	2004	2522245	2522245	PRESERVED_SPECIMEN	Université de Montréal Biodiversity Centre	CMMF	CMMF003880		Lamoureux, Yves		CC0_1_0	Université de Montréal Biodiversity Centre	Lamoureux, Yves			2024-01-24T16:38:16.536Z	StillImage	INSTITUTION_MATCH_FUZZY;COLLECTION_MATCH_FUZZY;DIFFERENT_OWNER_INSTITUTION
4980486399	50c9509d-22c7-4a22-a47d-8c48425ef4a7	https://www.inaturalist.org/observations/55145431	Fungi	Basidiomycota	Agaricomycetes	Thelephorales	Bankeraceae	Hydnellum	Hydnellum caeruleum		SPECIES	Hydnellum caeruleum (Hornem.) P.Karst.	Hydnellum caeruleum		CA		Ontario	PRESENT		28eb1a3f-1c15-4a95-931a-4af90ecb574d	45.287363	-78.935189							2020-07-30T07:48:34	30	7	2020	2522245	2522245	HUMAN_OBSERVATION	iNaturalist	Observations	55145431		mfmclean1261	2020-08-27T14:06:07	CC_BY_NC_4_0	kstronks	kstronks			2025-01-14T12:14:04.673Z	StillImage	COORDINATE_ROUNDED;CONTINENT_DERIVED_FROM_COORDINATES;TAXON_MATCH_TAXON_ID_IGNORED
4953085528	50c9509d-22c7-4a22-a47d-8c48425ef4a7	https://www.inaturalist.org/observations/246049791	Fungi	Basidiomycota	Agaricomycetes	Thelephorales	Bankeraceae	Hydnellum	Hydnellum caeruleum		SPECIES	Hydnellum caeruleum (Hornem.) P.Karst.	Hydnellum caeruleum		CA		Ontario	PRESENT		28eb1a3f-1c15-4a95-931a-4af90ecb574d	45.570061	-78.680048	94.0						2024-09-26T10:13	26	9	2024	2522245	2522245	HUMAN_OBSERVATION	iNaturalist	Observations	246049791		William Van Hemessen	2024-10-07T00:57:26	CC_BY_NC_4_0	jeanh	jeanh			2025-01-14T13:38:08.737Z	StillImage	COORDINATE_ROUNDED;CONTINENT_DERIVED_FROM_COORDINATES;TAXON_MATCH_TAXON_ID_IGNORED
4952688315	50c9509d-22c7-4a22-a47d-8c48425ef4a7	https://www.inaturalist.org/observations/244991590	Fungi	Basidiomycota	Agaricomycetes	Thelephorales	Bankeraceae	Hydnellum	Hydnellum caeruleum		SPECIES	Hydnellum caeruleum (Hornem.) P.Karst.	Hydnellum caeruleum		CA		Ontario	PRESENT		28eb1a3f-1c15-4a95-931a-4af90ecb574d	45.582051	-78.514014	124.0						2024-09-28T16:47	28	9	2024	2522245	2522245	HUMAN_OBSERVATION	iNaturalist	Observations	244991590		jonathan_mack	2024-10-01T00:00:02	CC_BY_NC_4_0	jonathan_mack	jonathan_mack			2025-01-14T13:43:48.660Z	StillImage	COORDINATE_ROUNDED;CONTINENT_DERIVED_FROM_COORDINATES;TAXON_MATCH_TAXON_ID_IGNORED
4949913988	50c9509d-22c7-4a22-a47d-8c48425ef4a7	https://www.inaturalist.org/observations/243125488	Fungi	Basidiomycota	Agaricomycetes	Thelephorales	Bankeraceae	Hydnellum	Hydnellum caeruleum		SPECIES	Hydnellum caeruleum (Hornem.) P.Karst.	Hydnellum caeruleum		CA		Ontario	PRESENT		28eb1a3f-1c15-4a95-931a-4af90ecb574d	45.259975	-77.200222							2024-09-21T12:26:14	21	9	2024	2522245	2522245	HUMAN_OBSERVATION	iNaturalist	Observations	243125488		Lee Cumming	2024-09-21T16:45:28	CC_BY_NC_4_0	Lee Cumming	Lee Cumming			2025-01-14T12:51:17.882Z	StillImage	COORDINATE_ROUNDED;CONTINENT_DERIVED_FROM_COORDINATES;TAXON_MATCH_TAXON_ID_IGNORED
4946618170	50c9509d-22c7-4a22-a47d-8c48425ef4a7	https://www.inaturalist.org/observations/239699319	Fungi	Basidiomycota	Agaricomycetes	Thelephorales	Bankeraceae	Hydnellum	Hydnellum caeruleum		SPECIES	Hydnellum caeruleum (Hornem.) P.Karst.	Hydnellum caeruleum		CA		Québec	PRESENT		28eb1a3f-1c15-4a95-931a-4af90ecb574d	48.588597	-71.670597	31.0						2024-09-01T13:55	1	9	2024	2522245	2522245	HUMAN_OBSERVATION	iNaturalist	Observations	239699319		jonathan_mack	2024-09-03T22:44:07	CC_BY_NC_4_0	jonathan_mack	jonathan_mack			2025-01-14T13:43:10.652Z	StillImage	COORDINATE_ROUNDED;CONTINENT_DERIVED_FROM_COORDINATES;TAXON_MATCH_TAXON_ID_IGNORED
4945969468	50c9509d-22c7-4a22-a47d-8c48425ef4a7	https://www.inaturalist.org/observations/239909637	Fungi	Basidiomycota	Agaricomycetes	Thelephorales	Bankeraceae	Hydnellum	Hydnellum caeruleum		SPECIES	Hydnellum caeruleum (Hornem.) P.Karst.	Hydnellum caeruleum		CA		Québec	PRESENT		28eb1a3f-1c15-4a95-931a-4af90ecb574d	45.599884	-76.096561							2024-08-27T13:38	27	8	2024	2522245	2522245	HUMAN_OBSERVATION	iNaturalist	Observations	239909637		Peter Meisenheimer	2024-09-05T03:35:15	CC_BY_NC_4_0	Peter Meisenheimer	Peter Meisenheimer			2025-01-14T13:43:12.655Z	StillImage	COORDINATE_ROUNDED;CONTINENT_DERIVED_FROM_COORDINATES;TAXON_MATCH_TAXON_ID_IGNORED
4921432431	50c9509d-22c7-4a22-a47d-8c48425ef4a7	https://www.inaturalist.org/observations/232811535	Fungi	Basidiomycota	Agaricomycetes	Thelephorales	Bankeraceae	Hydnellum	Hydnellum caeruleum		SPECIES	Hydnellum caeruleum (Hornem.) P.Karst.	Hydnellum caeruleum		CA		Québec	PRESENT		28eb1a3f-1c15-4a95-931a-4af90ecb574d	48.482813	-71.206222	11.0						2024-07-30T08:13:10	30	7	2024	2522245	2522245	HUMAN_OBSERVATION	iNaturalist	Observations	232811535		germain_savard	2024-07-31T01:07:06	CC_BY_NC_4_0	germain_savard	germain_savard			2025-01-14T12:48:27.320Z	StillImage	COORDINATE_ROUNDED;CONTINENT_DERIVED_FROM_COORDINATES;TAXON_MATCH_TAXON_ID_IGNORED
4919484698	50c9509d-22c7-4a22-a47d-8c48425ef4a7	https://www.inaturalist.org/observations/232257858	Fungi	Basidiomycota	Agaricomycetes	Thelephorales	Bankeraceae	Hydnellum	Hydnellum caeruleum		SPECIES	Hydnellum caeruleum (Hornem.) P.Karst.	Hydnellum caeruleum		CA		Québec	PRESENT		28eb1a3f-1c15-4a95-931a-4af90ecb574d	45.657707	-75.679208	4.0						2024-07-28T09:33:20	28	7	2024	2522245	2522245	HUMAN_OBSERVATION	iNaturalist	Observations	232257858		Anthony Gaston	2024-07-28T13:46:47	CC_BY_NC_4_0	Anthony Gaston	Anthony Gaston			2025-01-14T13:42:25.782Z	StillImage	COORDINATE_ROUNDED;CONTINENT_DERIVED_FROM_COORDINATES;TAXON_MATCH_TAXON_ID_IGNORED
4522593485	50c9509d-22c7-4a22-a47d-8c48425ef4a7	https://www.inaturalist.org/observations/197948600	Fungi	Basidiomycota	Agaricomycetes	Thelephorales	Bankeraceae	Hydnellum	Hydnellum caeruleum		SPECIES	Hydnellum caeruleum (Hornem.) P.Karst.	Hydnellum caeruleum		CA		Ontario	PRESENT		28eb1a3f-1c15-4a95-931a-4af90ecb574d	45.577045	-78.686663	15.0						2023-08-15T08:41	15	8	2023	2522245	2522245	HUMAN_OBSERVATION	iNaturalist	Observations	197948600		Jon Pleizier	2024-01-30T04:37:55	CC_BY_NC_4_0	Jon Pleizier	Jon Pleizier			2025-01-14T12:42:47.326Z	StillImage	COORDINATE_ROUNDED;CONTINENT_DERIVED_FROM_COORDINATES;TAXON_MATCH_TAXON_ID_IGNORED
4414425078	50c9509d-22c7-4a22-a47d-8c48425ef4a7	https://www.inaturalist.org/observations/183854477	Fungi	Basidiomycota	Agaricomycetes	Thelephorales	Bankeraceae	Hydnellum	Hydnellum caeruleum		SPECIES	Hydnellum caeruleum (Hornem.) P.Karst.	Hydnellum caeruleum		CA		Ontario	PRESENT		28eb1a3f-1c15-4a95-931a-4af90ecb574d	45.370269	-78.885924	27190.0						2023-09-17T17:53	17	9	2023	2522245	2522245	HUMAN_OBSERVATION	iNaturalist	Observations	183854477		Ben	2023-09-18T15:37:08	CC_BY_NC_4_0	Ben	Ben			2025-01-14T13:34:06.067Z	StillImage	COORDINATE_ROUNDED;CONTINENT_DERIVED_FROM_COORDINATES;TAXON_MATCH_TAXON_ID_IGNORED
4413979693	50c9509d-22c7-4a22-a47d-8c48425ef4a7	https://www.inaturalist.org/observations/182079676	Fungi	Basidiomycota	Agaricomycetes	Thelephorales	Bankeraceae	Hydnellum	Hydnellum caeruleum		SPECIES	Hydnellum caeruleum (Hornem.) P.Karst.	Hydnellum caeruleum		CA		Québec	PRESENT		28eb1a3f-1c15-4a95-931a-4af90ecb574d	48.54976	-78.229728							2023-09-03T15:10	3	9	2023	2522245	2522245	HUMAN_OBSERVATION	iNaturalist	Observations	182079676		jonathan_mack	2023-09-06T18:04:14	CC_BY_NC_4_0	jonathan_mack	jonathan_mack			2025-01-14T12:40:33.085Z	StillImage	COORDINATE_ROUNDED;CONTINENT_DERIVED_FROM_COORDINATES;TAXON_MATCH_TAXON_ID_IGNORED
4413963761	50c9509d-22c7-4a22-a47d-8c48425ef4a7	https://www.inaturalist.org/observations/182127425	Fungi	Basidiomycota	Agaricomycetes	Thelephorales	Bankeraceae	Hydnellum	Hydnellum caeruleum		SPECIES	Hydnellum caeruleum (Hornem.) P.Karst.	Hydnellum caeruleum		CA		Ontario	PRESENT		28eb1a3f-1c15-4a95-931a-4af90ecb574d	45.572467	-78.34858	18.0						2023-08-15T15:23:29	15	8	2023	2522245	2522245	HUMAN_OBSERVATION	iNaturalist	Observations	182127425		terrymcbride	2023-09-07T01:13:51	CC_BY_NC_4_0	terrymcbride	terrymcbride			2025-01-14T12:39:32.985Z	StillImage	COORDINATE_ROUNDED;CONTINENT_DERIVED_FROM_COORDINATES;TAXON_MATCH_TAXON_ID_IGNORED
4413886161	50c9509d-22c7-4a22-a47d-8c48425ef4a7	https://www.inaturalist.org/observations/182459839	Fungi	Basidiomycota	Agaricomycetes	Thelephorales	Bankeraceae	Hydnellum	Hydnellum caeruleum		SPECIES	Hydnellum caeruleum (Hornem.) P.Karst.	Hydnellum caeruleum		CA		Ontario	PRESENT		28eb1a3f-1c15-4a95-931a-4af90ecb574d	45.575067	-78.507667	4.0						2023-09-09T09:31:31	9	9	2023	2522245	2522245	HUMAN_OBSERVATION	iNaturalist	Observations	182459839		Jeffrey H. Skevington	2023-09-09T13:32:29	CC_BY_NC_4_0	Jeffrey H. Skevington	Jeffrey H. Skevington			2025-01-14T13:28:57.439Z	StillImage	COORDINATE_ROUNDED;CONTINENT_DERIVED_FROM_COORDINATES;TAXON_MATCH_TAXON_ID_IGNORED
4413875197	50c9509d-22c7-4a22-a47d-8c48425ef4a7	https://www.inaturalist.org/observations/183539453	Fungi	Basidiomycota	Agaricomycetes	Thelephorales	Bankeraceae	Hydnellum	Hydnellum caeruleum		SPECIES	Hydnellum caeruleum (Hornem.) P.Karst.	Hydnellum caeruleum		CA		Québec	PRESENT		28eb1a3f-1c15-4a95-931a-4af90ecb574d	48.492262	-72.245505	4.0						2023-09-16T11:11:10	16	9	2023	2522245	2522245	HUMAN_OBSERVATION	iNaturalist	Observations	183539453		ricomycologie	2023-09-16T18:15:35	CC_BY_NC_4_0	ricomycologie	ricomycologie			2025-01-14T12:42:26.857Z	StillImage	COORDINATE_ROUNDED;CONTINENT_DERIVED_FROM_COORDINATES;TAXON_MATCH_TAXON_ID_IGNORED
4405215752	50c9509d-22c7-4a22-a47d-8c48425ef4a7	https://www.inaturalist.org/observations/179832906	Fungi	Basidiomycota	Agaricomycetes	Thelephorales	Bankeraceae	Hydnellum	Hydnellum caeruleum		SPECIES	Hydnellum caeruleum (Hornem.) P.Karst.	Hydnellum caeruleum		CA		Ontario	PRESENT		28eb1a3f-1c15-4a95-931a-4af90ecb574d	45.556081	-78.602908	7.0						2023-08-23T09:12:09	23	8	2023	2522245	2522245	HUMAN_OBSERVATION	iNaturalist	Observations	179832906		Quinten Wiegersma	2023-08-23T14:51:34	CC_BY_4_0	Quinten Wiegersma	Quinten Wiegersma			2025-01-14T13:28:36.700Z	StillImage	COORDINATE_ROUNDED;CONTINENT_DERIVED_FROM_COORDINATES;TAXON_MATCH_TAXON_ID_IGNORED
4400049393	50c9509d-22c7-4a22-a47d-8c48425ef4a7	https://www.inaturalist.org/observations/179569047	Fungi	Basidiomycota	Agaricomycetes	Thelephorales	Bankeraceae	Hydnellum	Hydnellum caeruleum		SPECIES	Hydnellum caeruleum (Hornem.) P.Karst.	Hydnellum caeruleum		CA		New Brunswick	PRESENT		28eb1a3f-1c15-4a95-931a-4af90ecb574d	46.011108	-66.626678	13118.0						2023-08-20T11:25	20	8	2023	2522245	2522245	HUMAN_OBSERVATION	iNaturalist	Observations	179569047		Alfredo Justo	2023-08-21T19:17:51	CC_BY_NC_4_0	Alfredo Justo	Alfredo Justo			2025-01-14T12:38:55.731Z	StillImage	COORDINATE_ROUNDED;CONTINENT_DERIVED_FROM_COORDINATES;TAXON_MATCH_TAXON_ID_IGNORED
4399893304	50c9509d-22c7-4a22-a47d-8c48425ef4a7	https://www.inaturalist.org/observations/179467289	Fungi	Basidiomycota	Agaricomycetes	Thelephorales	Bankeraceae	Hydnellum	Hydnellum caeruleum		SPECIES	Hydnellum caeruleum (Hornem.) P.Karst.	Hydnellum caeruleum		CA		Québec	PRESENT		28eb1a3f-1c15-4a95-931a-4af90ecb574d	46.411895	-74.305747	5.0						2023-08-20T12:19:27	20	8	2023	2522245	2522245	HUMAN_OBSERVATION	iNaturalist	Observations	179467289		woodstream	2023-08-21T02:58:02	CC_BY_NC_4_0	woodstream	woodstream			2025-01-14T13:28:35.821Z	StillImage	COORDINATE_ROUNDED;CONTINENT_DERIVED_FROM_COORDINATES;TAXON_MATCH_TAXON_ID_IGNORED
4177120716	50c9509d-22c7-4a22-a47d-8c48425ef4a7	https://www.inaturalist.org/observations/177926130	Fungi	Basidiomycota	Agaricomycetes	Thelephorales	Bankeraceae	Hydnellum	Hydnellum caeruleum		SPECIES	Hydnellum caeruleum (Hornem.) P.Karst.	Hydnellum caeruleum		CA		Ontario	PRESENT		28eb1a3f-1c15-4a95-931a-4af90ecb574d	45.570137	-78.679917	5.0						2023-08-09T10:38:54	9	8	2023	2522245	2522245	HUMAN_OBSERVATION	iNaturalist	Observations	177926130		Lynn Ovenden	2023-08-12T02:03:10	CC_BY_NC_4_0	Lynn Ovenden	Lynn Ovenden			2025-01-14T13:28:25.710Z	StillImage	COORDINATE_ROUNDED;CONTINENT_DERIVED_FROM_COORDINATES;TAXON_MATCH_TAXON_ID_IGNORED
4166416184	695cef75-b65f-4776-b2ed-74565eebb16e	02-01000916170	Fungi	Basidiomycota	Agaricomycetes	Thelephorales	Bankeraceae	Hydnellum	Hydnellum caeruleum		SPECIES	Hydnellum caeruleum (Hornem.) P.Karst.	Hydnellum caeruleum	(Hornem.) P. Karst.	CA	Lac Saint-Jean, Chambord	Quebec	PRESENT		055bd978-2daa-4543-b3f0-44e0e87e86ca	48.4	-72.0							1982-08-22	22	8	1982	2522245	2522245	PRESERVED_SPECIMEN	AAFC	DAOM	186933		Y. Dalpé		CC_BY_4_0	©His Majesty the King in Right of Canada, as represented by the Minister of Agriculture and Agri-Food	Y. Dalpé & C. Babcock 118			2025-01-12T05:11:16.476Z		GEODETIC_DATUM_ASSUMED_WGS84;CONTINENT_DERIVED_FROM_COORDINATES;TAXON_MATCH_TAXON_ID_IGNORED;INSTITUTION_MATCH_FUZZY
4100050092	d1a3b128-b406-46bb-a6d1-f3591dcc8a7b	c94e64b4-bf71-4623-a2e2-c4afdf12b5bb	Fungi	Basidiomycota	Agaricomycetes	Thelephorales	Bankeraceae	Hydnellum	Hydnellum caeruleum		SPECIES	Hydnellum caeruleum (Hornem.) P.Karst.	Hydnellum caeruleum	(Hornem.) P. Karst.	CA	Cape Split	Nova Scotia	PRESENT		e43cf4b8-849e-4fac-b075-e652d019d2cf	45.333333	-64.5	602.0						1962-08-21	21	8	1962	2522245	2522245	PRESERVED_SPECIMEN	BPI		BPI 266698		Harrison K.		CC0_1_0		Dick Esther; MCLAUGHLIN D.; Harrison K.			2025-01-15T04:59:25.690Z		GEODETIC_DATUM_ASSUMED_WGS84;CONTINENT_DERIVED_FROM_COORDINATES;TAXON_MATCH_TAXON_ID_IGNORED;INSTITUTION_MATCH_FUZZY
4099920125	d1a3b128-b406-46bb-a6d1-f3591dcc8a7b	2004c795-da82-4fe6-b722-9dab8b7a9334	Fungi	Basidiomycota	Agaricomycetes	Thelephorales	Bankeraceae	Hydnellum	Hydnellum caeruleum		SPECIES	Calodon cyaneotinctus (Peck) Snell	Calodon cyaneotinctus	(Peck) Snell	CA	Aldershot	Nova Scotia	PRESENT		e43cf4b8-849e-4fac-b075-e652d019d2cf	45.092222	-64.510278	301.0						1953-09-02	2	9	1953	2522248	2522245	PRESERVED_SPECIMEN	BPI		BPI 266923	2338	Harrison K.		CC0_1_0		Harrison K.			2025-01-15T04:59:25.695Z		GEODETIC_DATUM_ASSUMED_WGS84;CONTINENT_DERIVED_FROM_COORDINATES;TAXON_MATCH_TAXON_ID_IGNORED;INSTITUTION_MATCH_FUZZY
4099700096	d1a3b128-b406-46bb-a6d1-f3591dcc8a7b	45e94466-91f6-4966-84eb-6c2a16608bb3	Fungi	Basidiomycota	Agaricomycetes	Thelephorales	Bankeraceae	Hydnellum	Hydnellum caeruleum		SPECIES	Hydnellum caeruleum (Hornem.) P.Karst.	Hydnellum caeruleum	(Hornem.) P. Karst.	CA	Bartibog River	New Brunswick	PRESENT		e43cf4b8-849e-4fac-b075-e652d019d2cf	47.233333	-65.6	301.0						1929-08-17	17	8	1929	2522245	2522245	PRESERVED_SPECIMEN	BPI		BPI 266658		Stevenson J. A.		CC0_1_0		Clinton G. P.			2025-01-15T04:59:25.598Z		GEODETIC_DATUM_ASSUMED_WGS84;CONTINENT_DERIVED_FROM_COORDINATES;TAXON_MATCH_TAXON_ID_IGNORED;INSTITUTION_MATCH_FUZZY
4099528032	d1a3b128-b406-46bb-a6d1-f3591dcc8a7b	46cd3e99-1b56-4cbd-8a09-c18322e47135	Fungi	Basidiomycota	Agaricomycetes	Thelephorales	Bankeraceae	Hydnellum	Hydnellum caeruleum		SPECIES	Hydnum caeruleum Hornem.	Hydnum caeruleum	Thore	CA	St. Stephen	New Brunswick	PRESENT		e43cf4b8-849e-4fac-b075-e652d019d2cf	45.180278	-67.296389	301.0						1912			1912	2522255	2522245	PRESERVED_SPECIMEN	BPI		BPI 323954		Lloyd C. G.		CC0_1_0		Vroom J.			2025-01-15T04:59:27.218Z		GEODETIC_DATUM_ASSUMED_WGS84;CONTINENT_DERIVED_FROM_COORDINATES;TAXON_MATCH_TAXON_ID_IGNORED;INSTITUTION_MATCH_FUZZY
4099457126	d1a3b128-b406-46bb-a6d1-f3591dcc8a7b	4f701907-3fbc-4ce8-8b94-bd393045c437	Fungi	Basidiomycota	Agaricomycetes	Thelephorales	Bankeraceae	Hydnellum	Hydnellum caeruleum		SPECIES	Calodon cyaneotinctus (Peck) Snell	Calodon cyaneotinctus	(Peck) Snell	CA	Waterville	Nova Scotia	PRESENT		e43cf4b8-849e-4fac-b075-e652d019d2cf	45.052778	-64.678056	301.0						1953-09-09	9	9	1953	2522248	2522245	PRESERVED_SPECIMEN	BPI		BPI 266924	2340	Harrison K. A.		CC0_1_0		Harrison K. A.			2025-01-15T04:59:25.316Z		GEODETIC_DATUM_ASSUMED_WGS84;CONTINENT_DERIVED_FROM_COORDINATES;TAXON_MATCH_TAXON_ID_IGNORED;INSTITUTION_MATCH_FUZZY
4099451130	d1a3b128-b406-46bb-a6d1-f3591dcc8a7b	11cc369d-e6a0-4dcf-a7bb-a5709897c444	Fungi	Basidiomycota	Agaricomycetes	Thelephorales	Bankeraceae	Hydnellum	Hydnellum caeruleum		SPECIES	Calodon cyaneotinctus (Peck) Snell	Calodon cyaneotinctus	(Peck) Snell	CA	Aldershot	Nova Scotia	PRESENT		e43cf4b8-849e-4fac-b075-e652d019d2cf	45.092222	-64.510278	301.0						1953-09-25	25	9	1953	2522248	2522245	PRESERVED_SPECIMEN	BPI		BPI 266926	2341	Harrison K. A.		CC0_1_0		Harrison K. A.			2025-01-15T04:59:25.379Z		GEODETIC_DATUM_ASSUMED_WGS84;CONTINENT_DERIVED_FROM_COORDINATES;TAXON_MATCH_TAXON_ID_IGNORED;INSTITUTION_MATCH_FUZZY
4099451125	d1a3b128-b406-46bb-a6d1-f3591dcc8a7b	561a37d3-be81-42a6-9f95-4601f8eca220	Fungi	Basidiomycota	Agaricomycetes	Thelephorales	Bankeraceae	Hydnellum	Hydnellum caeruleum		SPECIES	Calodon cyaneotinctus (Peck) Snell	Calodon cyaneotinctus	(Peck) Snell	CA	Aldershot	Nova Scotia	PRESENT		e43cf4b8-849e-4fac-b075-e652d019d2cf	45.092222	-64.510278	301.0						1952-10-19	19	10	1952	2522248	2522245	PRESERVED_SPECIMEN	BPI		BPI 266890	1952	Harrison K.		CC0_1_0		Harrison K.			2025-01-15T04:59:25.379Z		GEODETIC_DATUM_ASSUMED_WGS84;CONTINENT_DERIVED_FROM_COORDINATES;TAXON_MATCH_TAXON_ID_IGNORED;INSTITUTION_MATCH_FUZZY
4099451103	d1a3b128-b406-46bb-a6d1-f3591dcc8a7b	264c0b61-cbdb-470c-875f-2576e7bd9bbc	Fungi	Basidiomycota	Agaricomycetes	Thelephorales	Bankeraceae	Hydnellum	Hydnellum caeruleum		SPECIES	Hydnellum caeruleum (Hornem.) P.Karst.	Hydnellum caeruleum	(Hornem.) P. Karst.	CA	Sussex near, Rte. 14	New Brunswick	PRESENT		e43cf4b8-849e-4fac-b075-e652d019d2cf	45.723619	-65.510876	4107.0										2522245	2522245	PRESERVED_SPECIMEN	BPI		BPI 266706		Maas Geesteranus		CC0_1_0		Snell W.			2025-01-15T04:59:25.601Z		CONTINENT_DERIVED_FROM_COORDINATES;TAXON_MATCH_TAXON_ID_IGNORED;INSTITUTION_MATCH_FUZZY
3923254035	50c9509d-22c7-4a22-a47d-8c48425ef4a7	https://www.inaturalist.org/observations/136977405	Fungi	Basidiomycota	Agaricomycetes	Thelephorales	Bankeraceae	Hydnellum	Hydnellum caeruleum		SPECIES	Hydnellum caeruleum (Hornem.) P.Karst.	Hydnellum caeruleum		CA		New Brunswick	PRESENT		28eb1a3f-1c15-4a95-931a-4af90ecb574d	45.486708	-65.310372	25.0						2022-09-25T15:00	25	9	2022	2522245	2522245	HUMAN_OBSERVATION	iNaturalist	Observations	136977405		Alfredo Justo	2022-09-30T00:30:42	CC_BY_NC_4_0	Alfredo Justo	Alfredo Justo			2025-01-14T12:32:09.516Z	StillImage	COORDINATE_ROUNDED;CONTINENT_DERIVED_FROM_COORDINATES;TAXON_MATCH_TAXON_ID_IGNORED
3079807878	50c9509d-22c7-4a22-a47d-8c48425ef4a7	https://www.inaturalist.org/observations/56871371	Fungi	Basidiomycota	Agaricomycetes	Thelephorales	Bankeraceae	Hydnellum	Hydnellum caeruleum		SPECIES	Hydnellum caeruleum (Hornem.) P.Karst.	Hydnellum caeruleum		CA		Ontario	PRESENT		28eb1a3f-1c15-4a95-931a-4af90ecb574d	45.351689	-75.587769	16.0						2020-08-18T13:08	18	8	2020	2522245	2522245	HUMAN_OBSERVATION	iNaturalist	Observations	56871371		Igor Khomenko	2020-08-18T20:06:49	CC_BY_NC_4_0	Igor Khomenko	Igor Khomenko			2025-01-14T13:09:27.849Z	StillImage	COORDINATE_ROUNDED;CONTINENT_DERIVED_FROM_COORDINATES;TAXON_MATCH_TAXON_ID_IGNORED
3079509478	50c9509d-22c7-4a22-a47d-8c48425ef4a7	https://www.inaturalist.org/observations/17786694	Fungi	Basidiomycota	Agaricomycetes	Thelephorales	Bankeraceae	Hydnellum	Hydnellum caeruleum		SPECIES	Hydnellum caeruleum (Hornem.) P.Karst.	Hydnellum caeruleum		CA		Ontario	PRESENT		28eb1a3f-1c15-4a95-931a-4af90ecb574d	45.403947	-75.565453	32.0						2017-10-09T12:36	9	10	2017	2522245	2522245	HUMAN_OBSERVATION	iNaturalist	Observations	17786694		Igor Khomenko	2018-10-24T02:00:08	CC_BY_NC_4_0	Igor Khomenko	Igor Khomenko			2025-01-14T12:58:19.080Z	StillImage	COORDINATE_ROUNDED;CONTINENT_DERIVED_FROM_COORDINATES;TAXON_MATCH_TAXON_ID_IGNORED
3044608723	50c9509d-22c7-4a22-a47d-8c48425ef4a7	https://www.inaturalist.org/observations/61821138	Fungi	Basidiomycota	Agaricomycetes	Thelephorales	Bankeraceae	Hydnellum	Hydnellum caeruleum		SPECIES	Hydnellum caeruleum (Hornem.) P.Karst.	Hydnellum caeruleum		CA		Ontario	PRESENT		28eb1a3f-1c15-4a95-931a-4af90ecb574d	45.053638	-75.879524							2020-10-05T17:54:33	5	10	2020	2522245	2522245	HUMAN_OBSERVATION	iNaturalist	Observations	61821138		Alexis Williams	2020-10-05T23:14:32	CC_BY_4_0	Alexis Williams	Alexis Williams			2025-01-14T13:13:14.002Z	StillImage	COORDINATE_ROUNDED;CONTINENT_DERIVED_FROM_COORDINATES;TAXON_MATCH_TAXON_ID_IGNORED
3022699012	1f917113-dd55-4000-9f80-6266fab1af03	1136445	Fungi	Basidiomycota	Agaricomycetes	Thelephorales	Bankeraceae	Hydnellum	Hydnellum caeruleum		SPECIES	Hydnellum caeruleum (Hornem.) P.Karst.	Hydnellum caeruleum (Hornem.) P. Karst.		CA	Peeler Lake Trail		PRESENT		32859580-c30c-4367-8a8a-71f00fc9f833	45.400065	-79.046674	1000.0						2003-09-20	20	9	2003	2522245	2522245	PRESERVED_SPECIMEN	TAAM	TAAM	TAAM128427		Anu Kollom	2003-01-01T00:00:00	CC_BY_NC_4_0	Anu Kollom	Anu Kollom			2025-01-12T09:58:18.603Z		COORDINATE_ROUNDED;CONTINENT_DERIVED_FROM_COORDINATES
2988479348	50c9509d-22c7-4a22-a47d-8c48425ef4a7	https://www.inaturalist.org/observations/25337888	Fungi	Basidiomycota	Agaricomycetes	Thelephorales	Bankeraceae	Hydnellum	Hydnellum caeruleum		SPECIES	Hydnellum caeruleum (Hornem.) P.Karst.	Hydnellum caeruleum		CA		Québec	PRESENT		28eb1a3f-1c15-4a95-931a-4af90ecb574d	46.3792	-71.8294	1120.0						2013-09-01T15:47	1	9	2013	2522245	2522245	HUMAN_OBSERVATION	iNaturalist	Observations	25337888		cinna_latifolia	2020-02-14T03:15:39	CC_BY_NC_4_0	Isabelle Pothier	Isabelle Pothier			2025-01-14T13:01:34.603Z	StillImage	CONTINENT_DERIVED_FROM_COORDINATES;TAXON_MATCH_TAXON_ID_IGNORED
2864795549	50c9509d-22c7-4a22-a47d-8c48425ef4a7	https://www.inaturalist.org/observations/58784749	Fungi	Basidiomycota	Agaricomycetes	Thelephorales	Bankeraceae	Hydnellum	Hydnellum caeruleum		SPECIES	Hydnellum caeruleum (Hornem.) P.Karst.	Hydnellum caeruleum		CA		Ontario	PRESENT		28eb1a3f-1c15-4a95-931a-4af90ecb574d	45.480633	-76.076194	32.0						2020-09-06T16:46:24	6	9	2020	2522245	2522245	HUMAN_OBSERVATION	iNaturalist	Observations	58784749		Angela Skevington	2020-09-06T23:46:53	CC_BY_NC_4_0	Angela Skevington	Angela Skevington			2025-01-14T13:09:34.908Z	StillImage	COORDINATE_ROUNDED;CONTINENT_DERIVED_FROM_COORDINATES;TAXON_MATCH_TAXON_ID_IGNORED
2423611930	21705170-d2b6-42de-8904-c3bca4b83591	CMMF018650	Fungi	Basidiomycota	Agaricomycetes	Thelephorales	Bankeraceae	Hydnellum	Hydnellum caeruleum		SPECIES	Hydnellum caeruleum (Hornem.) P.Karst.	Hydnellum caeruleum (Hornem.) P. Karst.	(Hornem.) P. Karst.	CA	Chemin du Lac Geai	Québec	PRESENT		ff7bd5db-b724-4932-b496-10ea298851f9	45.991697	-73.997854	750.0						1978-08-08	8	8	1978	2522245	2522245	PRESERVED_SPECIMEN	Université de Montréal Biodiversity Centre	CMMF	CMMF018650	s.n.	Nantel, Patrick		CC0_1_0	Université de Montréal Biodiversity Centre	Nantel, Patrick			2024-01-24T16:38:18.466Z		INSTITUTION_MATCH_FUZZY;COLLECTION_MATCH_FUZZY;DIFFERENT_OWNER_INSTITUTION
2423611872	21705170-d2b6-42de-8904-c3bca4b83591	CMMF018831	Fungi	Basidiomycota	Agaricomycetes	Thelephorales	Bankeraceae	Hydnellum	Hydnellum caeruleum		SPECIES	Hydnellum caeruleum (Hornem.) P.Karst.	Hydnellum caeruleum (Hornem.) P. Karst.	(Hornem.) P. Karst.	CA	Près du lac Geai.	Québec	PRESENT		ff7bd5db-b724-4932-b496-10ea298851f9	45.996479	-73.99348	250.0						1986-07-31	31	7	1986	2522245	2522245	PRESERVED_SPECIMEN	Université de Montréal Biodiversity Centre	CMMF	CMMF018831	s.n.	Nantel, Patrick		CC0_1_0	Université de Montréal Biodiversity Centre	Nantel, Patrick			2024-01-24T16:38:18.655Z		INSTITUTION_MATCH_FUZZY;COLLECTION_MATCH_FUZZY;DIFFERENT_OWNER_INSTITUTION
2366010560	50c9509d-22c7-4a22-a47d-8c48425ef4a7	https://www.inaturalist.org/observations/16475883	Fungi	Basidiomycota	Agaricomycetes	Thelephorales	Bankeraceae	Hydnellum	Hydnellum caeruleum		SPECIES	Hydnellum caeruleum (Hornem.) P.Karst.	Hydnellum caeruleum		CA		Ontario	PRESENT		28eb1a3f-1c15-4a95-931a-4af90ecb574d	45.329564	-75.738011							2015-09-15T09:18	15	9	2015	2522245	2522245	HUMAN_OBSERVATION	iNaturalist	Observations	16475883		jonathan_mack	2018-09-13T01:57:44	CC_BY_NC_4_0	jonathan_mack	jonathan_mack			2025-01-14T12:58:42.266Z	StillImage	COORDINATE_ROUNDED;CONTINENT_DERIVED_FROM_COORDINATES;TAXON_MATCH_TAXON_ID_IGNORED
2366010141	50c9509d-22c7-4a22-a47d-8c48425ef4a7	https://www.inaturalist.org/observations/15711279	Fungi	Basidiomycota	Agaricomycetes	Thelephorales	Bankeraceae	Hydnellum	Hydnellum caeruleum		SPECIES	Hydnellum caeruleum (Hornem.) P.Karst.	Hydnellum caeruleum		CA		Ontario	PRESENT		28eb1a3f-1c15-4a95-931a-4af90ecb574d	45.562053	-78.417328							2018-08-19T12:09:29	19	8	2018	2522245	2522245	HUMAN_OBSERVATION	iNaturalist	Observations	15711279		ColinDJones	2018-08-20T02:30:29	CC_BY_NC_4_0	ColinDJones	ColinDJones			2025-01-14T13:05:34.828Z	StillImage	COORDINATE_ROUNDED;CONTINENT_DERIVED_FROM_COORDINATES;TAXON_MATCH_TAXON_ID_IGNORED
2013680273	50c9509d-22c7-4a22-a47d-8c48425ef4a7	https://www.inaturalist.org/observations/10117711	Fungi	Basidiomycota	Agaricomycetes	Thelephorales	Bankeraceae	Hydnellum	Hydnellum caeruleum		SPECIES	Hydnellum caeruleum (Hornem.) P.Karst.	Hydnellum caeruleum		CA		Québec	PRESENT		28eb1a3f-1c15-4a95-931a-4af90ecb574d	48.351543	-68.785336	61.0						2013-08-09T15:42	9	8	2013	2522245	2522245	HUMAN_OBSERVATION	iNaturalist	Observations	10117711		tombigelow	2018-03-06T22:38:30	CC_BY_NC_4_0	tombigelow	tombigelow			2025-01-14T12:58:33.087Z	StillImage	COORDINATE_ROUNDED;CONTINENT_DERIVED_FROM_COORDINATES;TAXON_MATCH_TAXON_ID_IGNORED
1990597703	50c9509d-22c7-4a22-a47d-8c48425ef4a7	https://www.inaturalist.org/observations/19898893	Fungi	Basidiomycota	Agaricomycetes	Thelephorales	Bankeraceae	Hydnellum	Hydnellum caeruleum		SPECIES	Hydnellum caeruleum (Hornem.) P.Karst.	Hydnellum caeruleum		CA		Ontario	PRESENT		28eb1a3f-1c15-4a95-931a-4af90ecb574d	45.610904	-78.585154	45593.0						2018-09-28T02:14	28	9	2018	2522245	2522245	HUMAN_OBSERVATION	iNaturalist	Observations	19898893		mycowalt	2019-01-27T05:37:23	CC_BY_NC_4_0	mycowalt	mycowalt			2025-01-14T12:06:17.553Z	StillImage	COORDINATE_ROUNDED;CONTINENT_DERIVED_FROM_COORDINATES;TAXON_MATCH_TAXON_ID_IGNORED
1990310851	032f1fbe-d21f-407d-be46-5cd1bb1ea397	63c62cdf-a951-4c03-8011-cbbe9474da44	Fungi	Basidiomycota	Agaricomycetes	Thelephorales	Bankeraceae	Hydnellum	Hydnellum caeruleum		SPECIES	Hydnellum caeruleum (Hornem.) P.Karst.	Hydnellum caeruleum	(Hornem.) P. Karst.	CA	Scots Bay, Cape Split	Nova Scotia	PRESENT		61c539d8-47e0-4b82-875f-b95aad66dcd4	45.326389	-64.438889							1973-08-29	29	8	1973	2522245	2522245	PRESERVED_SPECIMEN	TENN-F		TENN-F-037919	KH37919			CC0_1_0		K. Harrison			2025-01-12T10:33:51.268Z		COORDINATE_ROUNDED;GEODETIC_DATUM_ASSUMED_WGS84;CONTINENT_DERIVED_FROM_COORDINATES;TAXON_MATCH_TAXON_ID_IGNORED;INSTITUTION_MATCH_NONE
1990301869	032f1fbe-d21f-407d-be46-5cd1bb1ea397	c500b5ae-0f54-4e91-9750-f70ada40ef8c	Fungi	Basidiomycota	Agaricomycetes	Thelephorales	Bankeraceae	Hydnellum	Hydnellum caeruleum		SPECIES	Hydnellum caeruleum (Hornem.) P.Karst.	Hydnellum caeruleum	(Hornem.) P. Karst.	CA	Scots Bay, Cape Split	Nova Scotia	PRESENT		61c539d8-47e0-4b82-875f-b95aad66dcd4	45.326389	-64.438889							1964-10		10	1964	2522245	2522245	PRESERVED_SPECIMEN	TENN-F		TENN-F-028651	RHP28651			CC0_1_0		K.A. Harrison			2025-01-12T10:33:38.999Z		COORDINATE_ROUNDED;GEODETIC_DATUM_ASSUMED_WGS84;CONTINENT_DERIVED_FROM_COORDINATES;TAXON_MATCH_TAXON_ID_IGNORED;INSTITUTION_MATCH_NONE
1847646561	50c9509d-22c7-4a22-a47d-8c48425ef4a7	https://www.inaturalist.org/observations/9590770	Fungi	Basidiomycota	Agaricomycetes	Thelephorales	Bankeraceae	Hydnellum	Hydnellum caeruleum		SPECIES	Hydnellum caeruleum (Hornem.) P.Karst.	Hydnellum caeruleum		CA		Ontario	PRESENT		28eb1a3f-1c15-4a95-931a-4af90ecb574d	45.57675	-78.45745	4046.0						2015-09-14	14	9	2015	2522245	2522245	HUMAN_OBSERVATION	iNaturalist	Observations	9590770		mycowalt	2018-01-23T22:43:24	CC_BY_NC_4_0	mycowalt	mycowalt			2025-01-14T12:04:41.411Z	StillImage	CONTINENT_DERIVED_FROM_COORDINATES;TAXON_MATCH_TAXON_ID_IGNORED
1847646488	50c9509d-22c7-4a22-a47d-8c48425ef4a7	https://www.inaturalist.org/observations/9590066	Fungi	Basidiomycota	Agaricomycetes	Thelephorales	Bankeraceae	Hydnellum	Hydnellum caeruleum		SPECIES	Hydnellum caeruleum (Hornem.) P.Karst.	Hydnellum caeruleum		CA		Ontario	PRESENT		28eb1a3f-1c15-4a95-931a-4af90ecb574d	45.57675	-78.45745	4046.0						2015-09-11	11	9	2015	2522245	2522245	HUMAN_OBSERVATION	iNaturalist	Observations	9590066		mycowalt	2018-01-23T21:52:15	CC_BY_NC_4_0	mycowalt	mycowalt			2025-01-14T12:04:22.318Z	StillImage	CONTINENT_DERIVED_FROM_COORDINATES;TAXON_MATCH_TAXON_ID_IGNORED
1847646133	50c9509d-22c7-4a22-a47d-8c48425ef4a7	https://www.inaturalist.org/observations/9577276	Fungi	Basidiomycota	Agaricomycetes	Thelephorales	Bankeraceae	Hydnellum	Hydnellum caeruleum		SPECIES	Hydnellum caeruleum (Hornem.) P.Karst.	Hydnellum caeruleum		CA		Ontario	PRESENT		28eb1a3f-1c15-4a95-931a-4af90ecb574d	45.57675	-78.45745	4046.0						2014-09-19	19	9	2014	2522245	2522245	HUMAN_OBSERVATION	iNaturalist	Observations	9577276		mycowalt	2018-01-23T18:58:42	CC_BY_NC_4_0	mycowalt	mycowalt			2025-01-14T12:57:42.125Z	StillImage	CONTINENT_DERIVED_FROM_COORDINATES;TAXON_MATCH_TAXON_ID_IGNORED
1836696783	50c9509d-22c7-4a22-a47d-8c48425ef4a7	https://www.inaturalist.org/observations/9595348	Fungi	Basidiomycota	Agaricomycetes	Thelephorales	Bankeraceae	Hydnellum	Hydnellum caeruleum		SPECIES	Hydnellum caeruleum (Hornem.) P.Karst.	Hydnellum caeruleum		CA		Ontario	PRESENT		28eb1a3f-1c15-4a95-931a-4af90ecb574d	45.69085	-78.32155	84661.0						2017-09-22	22	9	2017	2522245	2522245	HUMAN_OBSERVATION	iNaturalist	Observations	9595348		mycowalt	2018-01-24T03:45:44	CC_BY_NC_4_0	mycowalt	mycowalt			2025-01-14T12:59:47.687Z	StillImage	CONTINENT_DERIVED_FROM_COORDINATES;TAXON_MATCH_TAXON_ID_IGNORED
1807262592	e8a25a42-f125-476c-8554-3ec21cd51a84	ACAD:119657	Fungi	Basidiomycota	Agaricomycetes	Thelephorales	Bankeraceae	Hydnellum	Hydnellum caeruleum		SPECIES	Hydnellum caeruleum (Hornem.) P.Karst.	Hydnellum caeruleum (Hornem.) P. Karst.	(Hornem.) P. Karst.	CA	Cape Split	Nova Scotia	PRESENT		6491ad8c-8e49-4bd4-a089-0ddb3bbe0890	45.316224	-64.434987							1960-08-18	18	8	1960	2522245	2522245	PRESERVED_SPECIMEN	Acadia University	ACAD	8363F	8363			CC0_1_0	Acadia University	Harrison, KA			2024-01-25T01:37:03.573Z	StillImage	GEODETIC_DATUM_INVALID;GEODETIC_DATUM_ASSUMED_WGS84;TAXON_MATCH_TAXON_ID_IGNORED;INSTITUTION_MATCH_FUZZY;COLLECTION_MATCH_FUZZY
1807261655	e8a25a42-f125-476c-8554-3ec21cd51a84	ACAD:118450	Fungi	Basidiomycota	Agaricomycetes	Thelephorales	Bankeraceae	Hydnellum	Hydnellum caeruleum		SPECIES	Hydnellum caeruleum (Hornem.) P.Karst.	Hydnellum caeruleum (Hornem.) P. Karst.	(Hornem.) P. Karst.	CA	Parrsboro	Nova Scotia	PRESENT		6491ad8c-8e49-4bd4-a089-0ddb3bbe0890	45.40657	-64.32954							1956-08-18	18	8	1956	2522245	2522245	PRESERVED_SPECIMEN	Acadia University	ACAD	6334F	6334			CC0_1_0	Acadia University	Harrison, KA			2024-01-25T01:37:17.338Z	StillImage	GEODETIC_DATUM_INVALID;GEODETIC_DATUM_ASSUMED_WGS84;TAXON_MATCH_TAXON_ID_IGNORED;INSTITUTION_MATCH_FUZZY;COLLECTION_MATCH_FUZZY
1807260175	e8a25a42-f125-476c-8554-3ec21cd51a84	ACAD:116493	Fungi	Basidiomycota	Agaricomycetes	Thelephorales	Bankeraceae	Hydnellum	Hydnellum caeruleum		SPECIES	Hydnellum caeruleum (Hornem.) P.Karst.	Hydnellum caeruleum (Hornem.) P. Karst.	(Hornem.) P. Karst.	CA	Cape Split	Nova Scotia	PRESENT		6491ad8c-8e49-4bd4-a089-0ddb3bbe0890	45.334283	-64.49612							1959-07-26	26	7	1959	2522245	2522245	PRESERVED_SPECIMEN	Acadia University	ACAD	4393F	4393			CC0_1_0	Acadia University	H, KA			2024-01-25T01:37:04.952Z	StillImage	COORDINATE_ROUNDED;GEODETIC_DATUM_INVALID;GEODETIC_DATUM_ASSUMED_WGS84;TAXON_MATCH_TAXON_ID_IGNORED;INSTITUTION_MATCH_FUZZY;COLLECTION_MATCH_FUZZY
1807260007	e8a25a42-f125-476c-8554-3ec21cd51a84	ACAD:116662	Fungi	Basidiomycota	Agaricomycetes	Thelephorales	Bankeraceae	Hydnellum	Hydnellum caeruleum		SPECIES	Hydnellum caeruleum (Hornem.) P.Karst.	Hydnellum caeruleum (Hornem.) P. Karst.	(Hornem.) P. Karst.	CA	Cape Split	Nova Scotia	PRESENT		6491ad8c-8e49-4bd4-a089-0ddb3bbe0890	45.334283	-64.49612							1961-08-19	19	8	1961	2522245	2522245	PRESERVED_SPECIMEN	Acadia University	ACAD	4780F	4780			CC0_1_0	Acadia University	H, KA			2024-01-25T01:37:04.706Z	StillImage	COORDINATE_ROUNDED;GEODETIC_DATUM_INVALID;GEODETIC_DATUM_ASSUMED_WGS84;TAXON_MATCH_TAXON_ID_IGNORED;INSTITUTION_MATCH_FUZZY;COLLECTION_MATCH_FUZZY
1807259984	e8a25a42-f125-476c-8554-3ec21cd51a84	ACAD:116494	Fungi	Basidiomycota	Agaricomycetes	Thelephorales	Bankeraceae	Hydnellum	Hydnellum caeruleum		SPECIES	Hydnellum caeruleum (Hornem.) P.Karst.	Hydnellum caeruleum (Hornem.) P. Karst.	(Hornem.) P. Karst.	CA	Fredericton	New Brunswick	PRESENT		6491ad8c-8e49-4bd4-a089-0ddb3bbe0890	45.945278	-66.666667							1959-09-06	6	9	1959	2522245	2522245	PRESERVED_SPECIMEN	Acadia University	ACAD	4396F	4396			CC0_1_0	Acadia University	Congress Party			2024-01-25T01:37:04.953Z	StillImage	COORDINATE_ROUNDED;GEODETIC_DATUM_INVALID;GEODETIC_DATUM_ASSUMED_WGS84;TAXON_MATCH_TAXON_ID_IGNORED;INSTITUTION_MATCH_FUZZY;COLLECTION_MATCH_FUZZY
1807259605	e8a25a42-f125-476c-8554-3ec21cd51a84	ACAD:115993	Fungi	Basidiomycota	Agaricomycetes	Thelephorales	Bankeraceae	Hydnellum	Hydnellum caeruleum		SPECIES	Hydnellum caeruleum (Hornem.) P.Karst.	Hydnellum caeruleum (Hornem.) P. Karst.	(Hornem.) P. Karst.	CA	Cape Split	Nova Scotia	PRESENT		6491ad8c-8e49-4bd4-a089-0ddb3bbe0890	45.334283	-64.49612							1958-09-27	27	9	1958	2522245	2522245	PRESERVED_SPECIMEN	Acadia University	ACAD	3570F	3570			CC0_1_0	Acadia University	Harrison, KA			2024-01-25T01:37:01.214Z	StillImage	COORDINATE_ROUNDED;GEODETIC_DATUM_INVALID;GEODETIC_DATUM_ASSUMED_WGS84;TAXON_MATCH_TAXON_ID_IGNORED;INSTITUTION_MATCH_FUZZY;COLLECTION_MATCH_FUZZY
1807259487	e8a25a42-f125-476c-8554-3ec21cd51a84	ACAD:115992	Fungi	Basidiomycota	Agaricomycetes	Thelephorales	Bankeraceae	Hydnellum	Hydnellum caeruleum		SPECIES	Hydnellum caeruleum (Hornem.) P.Karst.	Hydnellum caeruleum (Hornem.) P. Karst.	(Hornem.) P. Karst.	CA	Cape Split	Nova Scotia	PRESENT		6491ad8c-8e49-4bd4-a089-0ddb3bbe0890	45.334283	-64.49612							1957-08-18	18	8	1957	2522245	2522245	PRESERVED_SPECIMEN	Acadia University	ACAD	3569F	3569			CC0_1_0	Acadia University	Harrison, KA			2024-01-25T01:37:01.214Z	StillImage	COORDINATE_ROUNDED;GEODETIC_DATUM_INVALID;GEODETIC_DATUM_ASSUMED_WGS84;TAXON_MATCH_TAXON_ID_IGNORED;INSTITUTION_MATCH_FUZZY;COLLECTION_MATCH_FUZZY
1807259457	e8a25a42-f125-476c-8554-3ec21cd51a84	ACAD:115774	Fungi	Basidiomycota	Agaricomycetes	Thelephorales	Bankeraceae	Hydnellum	Hydnellum caeruleum		SPECIES	Hydnellum caeruleum (Hornem.) P.Karst.	Hydnellum caeruleum (Hornem.) P. Karst.	(Hornem.) P. Karst.	CA	Aldershot	Nova Scotia	PRESENT		6491ad8c-8e49-4bd4-a089-0ddb3bbe0890	45.10302	-64.50773							1955-10-12	12	10	1955	2522245	2522245	PRESERVED_SPECIMEN	Acadia University	ACAD	3264F	3264			CC0_1_0	Acadia University	Harrison, KA			2024-01-25T01:36:59.980Z	StillImage	GEODETIC_DATUM_INVALID;GEODETIC_DATUM_ASSUMED_WGS84;TAXON_MATCH_TAXON_ID_IGNORED;INSTITUTION_MATCH_FUZZY;COLLECTION_MATCH_FUZZY
1807259427	e8a25a42-f125-476c-8554-3ec21cd51a84	ACAD:115785	Fungi	Basidiomycota	Agaricomycetes	Thelephorales	Bankeraceae	Hydnellum	Hydnellum caeruleum		SPECIES	Hydnellum caeruleum (Hornem.) P.Karst.	Hydnellum caeruleum (Hornem.) P. Karst.	(Hornem.) P. Karst.	CA	Aldershot	Nova Scotia	PRESENT		6491ad8c-8e49-4bd4-a089-0ddb3bbe0890	45.10302	-64.50773							1956-08-14	14	8	1956	2522245	2522245	PRESERVED_SPECIMEN	Acadia University	ACAD	3279F	3279			CC0_1_0	Acadia University	Harrison, KA			2024-01-25T01:36:59.983Z	StillImage	GEODETIC_DATUM_INVALID;GEODETIC_DATUM_ASSUMED_WGS84;TAXON_MATCH_TAXON_ID_IGNORED;INSTITUTION_MATCH_FUZZY;COLLECTION_MATCH_FUZZY
1807259423	e8a25a42-f125-476c-8554-3ec21cd51a84	ACAD:115991	Fungi	Basidiomycota	Agaricomycetes	Thelephorales	Bankeraceae	Hydnellum	Hydnellum caeruleum		SPECIES	Hydnellum caeruleum (Hornem.) P.Karst.	Hydnellum caeruleum (Hornem.) P. Karst.	(Hornem.) P. Karst.	CA	Cape Split	Nova Scotia	PRESENT		6491ad8c-8e49-4bd4-a089-0ddb3bbe0890	45.334283	-64.49612							1957-10-04	4	10	1957	2522245	2522245	PRESERVED_SPECIMEN	Acadia University	ACAD	3567F	3567			CC0_1_0	Acadia University	Harrison, KA			2024-01-25T01:37:01.212Z	StillImage	COORDINATE_ROUNDED;GEODETIC_DATUM_INVALID;GEODETIC_DATUM_ASSUMED_WGS84;TAXON_MATCH_TAXON_ID_IGNORED;INSTITUTION_MATCH_FUZZY;COLLECTION_MATCH_FUZZY
1807259255	e8a25a42-f125-476c-8554-3ec21cd51a84	ACAD:115911	Fungi	Basidiomycota	Agaricomycetes	Thelephorales	Bankeraceae	Hydnellum	Hydnellum caeruleum		SPECIES	Hydnellum caeruleum (Hornem.) P.Karst.	Hydnellum caeruleum (Hornem.) P. Karst.	(Hornem.) P. Karst.	CA	Cape Split	Nova Scotia	PRESENT		6491ad8c-8e49-4bd4-a089-0ddb3bbe0890	45.334283	-64.49612							1958-09-07	7	9	1958	2522245	2522245	PRESERVED_SPECIMEN	Acadia University	ACAD	3468F	3568			CC0_1_0	Acadia University	Harrison, KA			2024-01-25T01:36:59.812Z	StillImage	COORDINATE_ROUNDED;GEODETIC_DATUM_INVALID;GEODETIC_DATUM_ASSUMED_WGS84;TAXON_MATCH_TAXON_ID_IGNORED;INSTITUTION_MATCH_FUZZY;COLLECTION_MATCH_FUZZY
1807259058	e8a25a42-f125-476c-8554-3ec21cd51a84	ACAD:115779	Fungi	Basidiomycota	Agaricomycetes	Thelephorales	Bankeraceae	Hydnellum	Hydnellum caeruleum		SPECIES	Hydnellum caeruleum (Hornem.) P.Karst.	Hydnellum caeruleum (Hornem.) P. Karst.	(Hornem.) P. Karst.	CA	Aldershot	Nova Scotia	PRESENT		6491ad8c-8e49-4bd4-a089-0ddb3bbe0890	45.10302	-64.50773							1956-08-16	16	8	1956	2522245	2522245	PRESERVED_SPECIMEN	Acadia University	ACAD	3271F	3271			CC0_1_0	Acadia University	Harrison, KA			2024-01-25T01:36:59.980Z	StillImage	GEODETIC_DATUM_INVALID;GEODETIC_DATUM_ASSUMED_WGS84;TAXON_MATCH_TAXON_ID_IGNORED;INSTITUTION_MATCH_FUZZY;COLLECTION_MATCH_FUZZY
1807258871	e8a25a42-f125-476c-8554-3ec21cd51a84	ACAD:115781	Fungi	Basidiomycota	Agaricomycetes	Thelephorales	Bankeraceae	Hydnellum	Hydnellum caeruleum		SPECIES	Hydnellum caeruleum (Hornem.) P.Karst.	Hydnellum caeruleum (Hornem.) P. Karst.	(Hornem.) P. Karst.	CA	Cape Split	Nova Scotia	PRESENT		6491ad8c-8e49-4bd4-a089-0ddb3bbe0890	45.334283	-64.49612							1956-08-25	25	8	1956	2522245	2522245	PRESERVED_SPECIMEN	Acadia University	ACAD	3273F	3273			CC0_1_0	Acadia University	Harrison, KA			2024-01-25T01:36:59.983Z	StillImage	COORDINATE_ROUNDED;GEODETIC_DATUM_INVALID;GEODETIC_DATUM_ASSUMED_WGS84;TAXON_MATCH_TAXON_ID_IGNORED;INSTITUTION_MATCH_FUZZY;COLLECTION_MATCH_FUZZY
1807258833	e8a25a42-f125-476c-8554-3ec21cd51a84	ACAD:115511	Fungi	Basidiomycota	Agaricomycetes	Thelephorales	Bankeraceae	Hydnellum	Hydnellum caeruleum		SPECIES	Hydnellum caeruleum (Hornem.) P.Karst.	Hydnellum caeruleum (Hornem.) P. Karst.	(Hornem.) P. Karst.	CA	Cape Split	Nova Scotia	PRESENT		6491ad8c-8e49-4bd4-a089-0ddb3bbe0890	45.334283	-64.49612							1954-08-15	15	8	1954	2522245	2522245	PRESERVED_SPECIMEN	Acadia University	ACAD	2926F	2926			CC0_1_0	Acadia University	H, KA			2024-01-25T01:37:00.542Z	StillImage	COORDINATE_ROUNDED;GEODETIC_DATUM_INVALID;GEODETIC_DATUM_ASSUMED_WGS84;TAXON_MATCH_TAXON_ID_IGNORED;INSTITUTION_MATCH_FUZZY;COLLECTION_MATCH_FUZZY
1807258825	e8a25a42-f125-476c-8554-3ec21cd51a84	ACAD:115507	Fungi	Basidiomycota	Agaricomycetes	Thelephorales	Bankeraceae	Hydnellum	Hydnellum caeruleum		SPECIES	Hydnellum caeruleum (Hornem.) P.Karst.	Hydnellum caeruleum (Hornem.) P. Karst.	(Hornem.) P. Karst.	CA	Aldershot	Nova Scotia	PRESENT		6491ad8c-8e49-4bd4-a089-0ddb3bbe0890	45.10302	-64.50773							1954-09-26	26	9	1954	2522245	2522245	PRESERVED_SPECIMEN	Acadia University	ACAD	2922F	2922			CC0_1_0	Acadia University	H, KA			2024-01-25T01:37:00.534Z	StillImage	GEODETIC_DATUM_INVALID;GEODETIC_DATUM_ASSUMED_WGS84;TAXON_MATCH_TAXON_ID_IGNORED;INSTITUTION_MATCH_FUZZY;COLLECTION_MATCH_FUZZY
1807258809	e8a25a42-f125-476c-8554-3ec21cd51a84	ACAD:115508	Fungi	Basidiomycota	Agaricomycetes	Thelephorales	Bankeraceae	Hydnellum	Hydnellum caeruleum		SPECIES	Hydnellum caeruleum (Hornem.) P.Karst.	Hydnellum caeruleum (Hornem.) P. Karst.	(Hornem.) P. Karst.	CA	Cape Split	Nova Scotia	PRESENT		6491ad8c-8e49-4bd4-a089-0ddb3bbe0890	45.334283	-64.49612							1954-08-15	15	8	1954	2522245	2522245	PRESERVED_SPECIMEN	Acadia University	ACAD	2923F	2923			CC0_1_0	Acadia University	H, KA			2024-01-25T01:37:00.533Z	StillImage	COORDINATE_ROUNDED;GEODETIC_DATUM_INVALID;GEODETIC_DATUM_ASSUMED_WGS84;TAXON_MATCH_TAXON_ID_IGNORED;INSTITUTION_MATCH_FUZZY;COLLECTION_MATCH_FUZZY
1807258795	e8a25a42-f125-476c-8554-3ec21cd51a84	ACAD:115505	Fungi	Basidiomycota	Agaricomycetes	Thelephorales	Bankeraceae	Hydnellum	Hydnellum caeruleum		SPECIES	Hydnellum caeruleum (Hornem.) P.Karst.	Hydnellum caeruleum (Hornem.) P. Karst.	(Hornem.) P. Karst.	CA	Aldershot	Nova Scotia	PRESENT		6491ad8c-8e49-4bd4-a089-0ddb3bbe0890	45.10302	-64.50773							1954-09-28	28	9	1954	2522245	2522245	PRESERVED_SPECIMEN	Acadia University	ACAD	2920F	2920			CC0_1_0	Acadia University	H, KA			2024-01-25T01:37:00.537Z	StillImage	GEODETIC_DATUM_INVALID;GEODETIC_DATUM_ASSUMED_WGS84;TAXON_MATCH_TAXON_ID_IGNORED;INSTITUTION_MATCH_FUZZY;COLLECTION_MATCH_FUZZY
1807258604	e8a25a42-f125-476c-8554-3ec21cd51a84	ACAD:115502	Fungi	Basidiomycota	Agaricomycetes	Thelephorales	Bankeraceae	Hydnellum	Hydnellum caeruleum		SPECIES	Hydnellum caeruleum (Hornem.) P.Karst.	Hydnellum caeruleum (Hornem.) P. Karst.	(Hornem.) P. Karst.	CA	Cape Split	Nova Scotia	PRESENT		6491ad8c-8e49-4bd4-a089-0ddb3bbe0890	45.334283	-64.49612							1954-08-15	15	8	1954	2522245	2522245	PRESERVED_SPECIMEN	Acadia University	ACAD	2917F	2917			CC0_1_0	Acadia University	H, KA			2024-01-25T01:37:00.536Z	StillImage	COORDINATE_ROUNDED;GEODETIC_DATUM_INVALID;GEODETIC_DATUM_ASSUMED_WGS84;TAXON_MATCH_TAXON_ID_IGNORED;INSTITUTION_MATCH_FUZZY;COLLECTION_MATCH_FUZZY
1807258288	e8a25a42-f125-476c-8554-3ec21cd51a84	ACAD:115099	Fungi	Basidiomycota	Agaricomycetes	Thelephorales	Bankeraceae	Hydnellum	Hydnellum caeruleum		SPECIES	Hydnellum caeruleum (Hornem.) P.Karst.	Hydnellum caeruleum (Hornem.) P. Karst.	(Hornem.) P. Karst.	CA	Glenmont	Nova Scotia	PRESENT		6491ad8c-8e49-4bd4-a089-0ddb3bbe0890	45.18614	-64.50197							1932-08-24	24	8	1932	2522245	2522245	PRESERVED_SPECIMEN	Acadia University	ACAD	713F	713			CC0_1_0	Acadia University	H, KA			2024-01-25T01:36:57.560Z	StillImage	GEODETIC_DATUM_INVALID;GEODETIC_DATUM_ASSUMED_WGS84;TAXON_MATCH_TAXON_ID_IGNORED;INSTITUTION_MATCH_FUZZY;COLLECTION_MATCH_FUZZY
1807256049	e8a25a42-f125-476c-8554-3ec21cd51a84	ACAD:112476	Fungi	Basidiomycota	Agaricomycetes	Thelephorales	Bankeraceae	Hydnellum	Hydnellum caeruleum		SPECIES	Hydnellum caeruleum (Hornem.) P.Karst.	Hydnellum caeruleum (Hornem.) P. Karst.	(Hornem.) P. Karst.	CA	Waterville	Nova Scotia	PRESENT		6491ad8c-8e49-4bd4-a089-0ddb3bbe0890	45.05315	-64.67913							1953-09-09	9	9	1953	2522245	2522245	PRESERVED_SPECIMEN	Acadia University	ACAD	2340F	2340			CC0_1_0	Acadia University	Harrison, KA			2024-01-25T01:37:10.936Z	StillImage	GEODETIC_DATUM_INVALID;GEODETIC_DATUM_ASSUMED_WGS84;TAXON_MATCH_TAXON_ID_IGNORED;INSTITUTION_MATCH_FUZZY;COLLECTION_MATCH_FUZZY
1807256034	e8a25a42-f125-476c-8554-3ec21cd51a84	ACAD:112475	Fungi	Basidiomycota	Agaricomycetes	Thelephorales	Bankeraceae	Hydnellum	Hydnellum caeruleum		SPECIES	Hydnellum caeruleum (Hornem.) P.Karst.	Hydnellum caeruleum (Hornem.) P. Karst.	(Hornem.) P. Karst.	CA	Cape Split	Nova Scotia	PRESENT		6491ad8c-8e49-4bd4-a089-0ddb3bbe0890	45.334283	-64.49612							1953-09-12	12	9	1953	2522245	2522245	PRESERVED_SPECIMEN	Acadia University	ACAD	2339F	2339			CC0_1_0	Acadia University	Harrison, KA			2024-01-25T01:37:10.935Z	StillImage	COORDINATE_ROUNDED;GEODETIC_DATUM_INVALID;GEODETIC_DATUM_ASSUMED_WGS84;TAXON_MATCH_TAXON_ID_IGNORED;INSTITUTION_MATCH_FUZZY;COLLECTION_MATCH_FUZZY
1807255911	e8a25a42-f125-476c-8554-3ec21cd51a84	ACAD:112477	Fungi	Basidiomycota	Agaricomycetes	Thelephorales	Bankeraceae	Hydnellum	Hydnellum caeruleum		SPECIES	Hydnellum caeruleum (Hornem.) P.Karst.	Hydnellum caeruleum (Hornem.) P. Karst.	(Hornem.) P. Karst.	CA	Aldershot	Nova Scotia	PRESENT		6491ad8c-8e49-4bd4-a089-0ddb3bbe0890	45.10302	-64.50773							1953-09-25	25	9	1953	2522245	2522245	PRESERVED_SPECIMEN	Acadia University	ACAD	2341F	2341			CC0_1_0	Acadia University	Harrison, KA			2024-01-25T01:37:10.935Z	StillImage	GEODETIC_DATUM_INVALID;GEODETIC_DATUM_ASSUMED_WGS84;TAXON_MATCH_TAXON_ID_IGNORED;INSTITUTION_MATCH_FUZZY;COLLECTION_MATCH_FUZZY
1807255886	e8a25a42-f125-476c-8554-3ec21cd51a84	ACAD:112482	Fungi	Basidiomycota	Agaricomycetes	Thelephorales	Bankeraceae	Hydnellum	Hydnellum caeruleum		SPECIES	Hydnellum caeruleum (Hornem.) P.Karst.	Hydnellum caeruleum (Hornem.) P. Karst.	(Hornem.) P. Karst.	CA	Aylesford	Nova Scotia	PRESENT		6491ad8c-8e49-4bd4-a089-0ddb3bbe0890	45.04205	-64.84418							1953-10-01	1	10	1953	2522245	2522245	PRESERVED_SPECIMEN	Acadia University	ACAD	2346F	2346			CC0_1_0	Acadia University	Harrison, KA			2024-01-25T01:37:10.939Z	StillImage	GEODETIC_DATUM_INVALID;GEODETIC_DATUM_ASSUMED_WGS84;TAXON_MATCH_TAXON_ID_IGNORED;INSTITUTION_MATCH_FUZZY;COLLECTION_MATCH_FUZZY
1807255879	e8a25a42-f125-476c-8554-3ec21cd51a84	ACAD:112474	Fungi	Basidiomycota	Agaricomycetes	Thelephorales	Bankeraceae	Hydnellum	Hydnellum caeruleum		SPECIES	Hydnellum caeruleum (Hornem.) P.Karst.	Hydnellum caeruleum (Hornem.) P. Karst.	(Hornem.) P. Karst.	CA	Aldershot	Nova Scotia	PRESENT		6491ad8c-8e49-4bd4-a089-0ddb3bbe0890	45.10302	-64.50773							1953-09-02	2	9	1953	2522245	2522245	PRESERVED_SPECIMEN	Acadia University	ACAD	2338F	2338			CC0_1_0	Acadia University	Harrison, KA			2024-01-25T01:37:10.936Z	StillImage	GEODETIC_DATUM_INVALID;GEODETIC_DATUM_ASSUMED_WGS84;TAXON_MATCH_TAXON_ID_IGNORED;INSTITUTION_MATCH_FUZZY;COLLECTION_MATCH_FUZZY
1807255727	e8a25a42-f125-476c-8554-3ec21cd51a84	ACAD:112258	Fungi	Basidiomycota	Agaricomycetes	Thelephorales	Bankeraceae	Hydnellum	Hydnellum caeruleum		SPECIES	Hydnellum caeruleum (Hornem.) P.Karst.	Hydnellum caeruleum (Hornem.) P. Karst.	(Hornem.) P. Karst.	CA	(Kentville)	Nova Scotia	PRESENT		6491ad8c-8e49-4bd4-a089-0ddb3bbe0890	45.07662	-64.49592							1937-09		9	1937	2522245	2522245	PRESERVED_SPECIMEN	Acadia University	ACAD	1975F	1975			CC0_1_0	Acadia University	H, KA			2024-01-25T01:37:05.750Z	StillImage	GEODETIC_DATUM_INVALID;GEODETIC_DATUM_ASSUMED_WGS84;TAXON_MATCH_TAXON_ID_IGNORED;INSTITUTION_MATCH_FUZZY;COLLECTION_MATCH_FUZZY
1807255644	e8a25a42-f125-476c-8554-3ec21cd51a84	ACAD:112238	Fungi	Basidiomycota	Agaricomycetes	Thelephorales	Bankeraceae	Hydnellum	Hydnellum caeruleum		SPECIES	Hydnellum caeruleum (Hornem.) P.Karst.	Hydnellum caeruleum (Hornem.) P. Karst.	(Hornem.) P. Karst.	CA	Aldershot	Nova Scotia	PRESENT		6491ad8c-8e49-4bd4-a089-0ddb3bbe0890	45.10302	-64.50773							1952-10-19	19	10	1952	2522245	2522245	PRESERVED_SPECIMEN	Acadia University	ACAD	1952F	1952			CC0_1_0	Acadia University	H, KA			2024-01-25T01:37:05.735Z	StillImage	GEODETIC_DATUM_INVALID;GEODETIC_DATUM_ASSUMED_WGS84;TAXON_MATCH_TAXON_ID_IGNORED;INSTITUTION_MATCH_FUZZY;COLLECTION_MATCH_FUZZY
1806349213	50c9509d-22c7-4a22-a47d-8c48425ef4a7	https://www.inaturalist.org/observations/9570420	Fungi	Basidiomycota	Agaricomycetes	Thelephorales	Bankeraceae	Hydnellum	Hydnellum caeruleum		SPECIES	Hydnellum caeruleum (Hornem.) P.Karst.	Hydnellum caeruleum		CA		Ontario	PRESENT		28eb1a3f-1c15-4a95-931a-4af90ecb574d	45.61385	-78.33775	915.0						2003-09-23	23	9	2003	2522245	2522245	HUMAN_OBSERVATION	iNaturalist	Observations	9570420		mycowalt	2018-01-23T05:39:04	CC_BY_NC_4_0	mycowalt	mycowalt			2025-01-14T12:59:42.664Z	StillImage	CONTINENT_DERIVED_FROM_COORDINATES;TAXON_MATCH_TAXON_ID_IGNORED
1412706782	21705170-d2b6-42de-8904-c3bca4b83591	CMMF015225	Fungi	Basidiomycota	Agaricomycetes	Thelephorales	Bankeraceae	Hydnellum	Hydnellum caeruleum		SPECIES	Hydnellum caeruleum (Hornem.) P.Karst.	Hydnellum caeruleum (Hornem.) P. Karst.	(Hornem.) P. Karst.	CA	Chicoutimi, Québec.	Québec	PRESENT		ff7bd5db-b724-4932-b496-10ea298851f9	48.368277	-71.119642	15000.0						1984-08-08/1984-08-09		8	1984	2522245	2522245	PRESERVED_SPECIMEN	Université de Montréal Biodiversity Centre	CMMF	CMMF015225	712	Guérin, Gérard		CC0_1_0	Université de Montréal Biodiversity Centre	Guérin, Gérard			2024-01-24T16:38:16.990Z	StillImage	INSTITUTION_MATCH_FUZZY;COLLECTION_MATCH_FUZZY;DIFFERENT_OWNER_INSTITUTION
1412706769	21705170-d2b6-42de-8904-c3bca4b83591	CMMF015227	Fungi	Basidiomycota	Agaricomycetes	Thelephorales	Bankeraceae	Hydnellum	Hydnellum caeruleum		SPECIES	Hydnellum caeruleum (Hornem.) P.Karst.	Hydnellum caeruleum (Hornem.) P. Karst.	(Hornem.) P. Karst.	CA	Dolbeau, Québec.	Québec	PRESENT		ff7bd5db-b724-4932-b496-10ea298851f9	48.872751	-72.216576	5000.0						1992-08-15	15	8	1992	2522245	2522245	PRESERVED_SPECIMEN	Université de Montréal Biodiversity Centre	CMMF	CMMF015227	714	Guérin, Gérard		CC0_1_0	Université de Montréal Biodiversity Centre	Guérin, Gérard			2024-01-24T16:38:16.988Z	StillImage	INSTITUTION_MATCH_FUZZY;COLLECTION_MATCH_FUZZY;DIFFERENT_OWNER_INSTITUTION
1412706725	21705170-d2b6-42de-8904-c3bca4b83591	CMMF015226	Fungi	Basidiomycota	Agaricomycetes	Thelephorales	Bankeraceae	Hydnellum	Hydnellum caeruleum		SPECIES	Hydnellum caeruleum (Hornem.) P.Karst.	Hydnellum caeruleum (Hornem.) P. Karst.	(Hornem.) P. Karst.	CA	Falardeau, Québec.	Québec	PRESENT		ff7bd5db-b724-4932-b496-10ea298851f9	48.618673	-71.111283	8000.0						1984-09-02	2	9	1984	2522245	2522245	PRESERVED_SPECIMEN	Université de Montréal Biodiversity Centre	CMMF	CMMF015226	713	Guérin, Gérard		CC0_1_0	Université de Montréal Biodiversity Centre	Guérin, Gérard			2024-01-24T16:38:16.987Z	StillImage	INSTITUTION_MATCH_FUZZY;COLLECTION_MATCH_FUZZY;DIFFERENT_OWNER_INSTITUTION
1135069568	21705170-d2b6-42de-8904-c3bca4b83591	CMMF008114	Fungi	Basidiomycota	Agaricomycetes	Thelephorales	Bankeraceae	Hydnellum	Hydnellum caeruleum		SPECIES	Hydnellum caeruleum (Hornem.) P.Karst.	Hydnellum caeruleum (Hornem.) P. Karst.	(Hornem.) P. Karst.	CA	Sacré-coeur, Saguenay	Québec	PRESENT		ff7bd5db-b724-4932-b496-10ea298851f9	48.220517	-69.805233	100.0						1978-07-29	29	7	1978	2522245	2522245	PRESERVED_SPECIMEN	Université de Montréal Biodiversity Centre	CMMF	CMMF008114	Inexistant	McNeil, Raymond		CC0_1_0	Université de Montréal Biodiversity Centre	McNeil, Raymond			2024-01-24T16:38:18.162Z	StillImage	COORDINATE_ROUNDED;INSTITUTION_MATCH_FUZZY;COLLECTION_MATCH_FUZZY;DIFFERENT_OWNER_INSTITUTION
1135069164	21705170-d2b6-42de-8904-c3bca4b83591	CMMF007717	Fungi	Basidiomycota	Agaricomycetes	Thelephorales	Bankeraceae	Hydnellum	Hydnellum caeruleum		SPECIES	Hydnellum caeruleum (Hornem.) P.Karst.	Hydnellum caeruleum (Hornem.) P. Karst.	(Hornem.) P. Karst.	CA	Notre-Dame-de-la-Merci (Forêt Ouareau, secteur du Pont Suspendu)	Québec	PRESENT		ff7bd5db-b724-4932-b496-10ea298851f9	46.260467	-73.947683	100.0						2010-08-18	18	8	2010	2522245	2522245	PRESERVED_SPECIMEN	Université de Montréal Biodiversity Centre	CMMF	CMMF007717	C3711	McNeil, Raymond		CC0_1_0	Université de Montréal Biodiversity Centre	McNeil, Raymond			2024-01-24T16:38:16.123Z	StillImage	COORDINATE_ROUNDED;INSTITUTION_MATCH_FUZZY;COLLECTION_MATCH_FUZZY;DIFFERENT_OWNER_INSTITUTION
1135068368	21705170-d2b6-42de-8904-c3bca4b83591	CMMF006825	Fungi	Basidiomycota	Agaricomycetes	Thelephorales	Bankeraceae	Hydnellum	Hydnellum caeruleum		SPECIES	Hydnellum caeruleum (Hornem.) P.Karst.	Hydnellum caeruleum (Hornem.) P. Karst.	(Hornem.) P. Karst.	CA	Lachute	Québec	PRESENT		ff7bd5db-b724-4932-b496-10ea298851f9	45.66275	-74.241983	100.0						1978-08-27	27	8	1978	2522245	2522245	PRESERVED_SPECIMEN	Université de Montréal Biodiversity Centre	CMMF	CMMF006825	268	McNeil, Raymond		CC0_1_0	Université de Montréal Biodiversity Centre	McNeil, Raymond			2024-01-24T16:38:18.542Z	StillImage	COORDINATE_ROUNDED;INSTITUTION_MATCH_FUZZY;COLLECTION_MATCH_FUZZY;DIFFERENT_OWNER_INSTITUTION
1135066631	21705170-d2b6-42de-8904-c3bca4b83591	CMMF010061	Fungi	Basidiomycota	Agaricomycetes	Thelephorales	Bankeraceae	Hydnellum	Hydnellum caeruleum		SPECIES	Hydnellum caeruleum (Hornem.) P.Karst.	Hydnellum caeruleum (Hornem.) P. Karst.	(Hornem.) P. Karst.	CA	Baie Saint-Paul.	Québec	PRESENT		ff7bd5db-b724-4932-b496-10ea298851f9	47.434088	-70.512859	4000.0						2007-09-20	20	9	2007	2522245	2522245	PRESERVED_SPECIMEN	Université de Montréal Biodiversity Centre	CMMF	CMMF010061	1646	Labrecque, Jacqueline		CC0_1_0	Université de Montréal Biodiversity Centre	Batifol, Mario			2024-01-24T16:38:20.178Z		INSTITUTION_MATCH_FUZZY;COLLECTION_MATCH_FUZZY;DIFFERENT_OWNER_INSTITUTION
