gbifID	datasetKey	occurrenceID	kingdom	phylum	class	order	family	genus	species	infraspecificEpithet	taxonRank	scientificName	verbatimScientificName	verbatimScientificNameAuthorship	countryCode	locality	stateProvince	occurrenceStatus	individualCount	publishingOrgKey	decimalLatitude	decimalLongitude	coordinateUncertaintyInMeters	coordinatePrecision	elevation	elevationAccuracy	depth	depthAccuracy	eventDate	day	month	year	taxonKey	speciesKey	basisOfRecord	institutionCode	collectionCode	catalogNumber	recordNumber	identifiedBy	dateIdentified	license	rightsHolder	recordedBy	typeStatus	establishmentMeans	lastInterpreted	mediaType	issue
617555099	21705170-d2b6-42de-8904-c3bca4b83591	CMMF000657	Fungi	Basidiomycota	Agaricomycetes	Russulales	Russulaceae	Lactarius	Lactarius salmonicolor		SPECIES	Lactarius thyinos A.H.Sm.	Lactarius thyinos A.H. Sm.	A.H. Sm.	CA	Saint-Herménégilde	Québec	PRESENT		ff7bd5db-b724-4932-b496-10ea298851f9	45.105574	-71.672847	3000.0						1989-08-23	23	8	1989	5462790	5248788	PRESERVED_SPECIMEN	Université de Montréal Biodiversity Centre	CMMF	CMMF000657		Lamoureux, Yves		CC0_1_0	Université de Montréal Biodiversity Centre	Pronovost, Josée			2024-01-24T16:38:20.111Z	StillImage	INSTITUTION_MATCH_FUZZY;COLLECTION_MATCH_FUZZY;DIFFERENT_OWNER_INSTITUTION
617553308	21705170-d2b6-42de-8904-c3bca4b83591	CMMF000354	Fungi	Basidiomycota	Agaricomycetes	Russulales	Russulaceae	Lactarius	Lactarius salmonicolor		SPECIES	Lactarius thyinos A.H.Sm.	Lactarius thyinos A.H. Sm.	A.H. Sm.	CA	Rawdon	Québec	PRESENT		ff7bd5db-b724-4932-b496-10ea298851f9	46.052398	-73.748752	11000.0						1988-09-18	18	9	1988	5462790	5248788	PRESERVED_SPECIMEN	Université de Montréal Biodiversity Centre	CMMF	CMMF000354		Lamoureux, Yves		CC0_1_0	Université de Montréal Biodiversity Centre	Garneau, Yves			2024-01-24T16:38:20.795Z	StillImage	INSTITUTION_MATCH_FUZZY;COLLECTION_MATCH_FUZZY;DIFFERENT_OWNER_INSTITUTION
617552677	21705170-d2b6-42de-8904-c3bca4b83591	CMMF003269	Fungi	Basidiomycota	Agaricomycetes	Russulales	Russulaceae	Lactarius	Lactarius salmonicolor		SPECIES	Lactarius thyinos A.H.Sm.	Lactarius thyinos A.H. Sm.	A.H. Sm.	CA	Parc de la Yamaska	Québec	PRESENT		ff7bd5db-b724-4932-b496-10ea298851f9	45.429761	-72.616506	6000.0						1998-08-31	31	8	1998	5462790	5248788	PRESERVED_SPECIMEN	Université de Montréal Biodiversity Centre	CMMF	CMMF003269		Lamoureux, Yves		CC0_1_0	Université de Montréal Biodiversity Centre	Lamoureux, Yves			2024-01-24T16:38:17.020Z	StillImage	INSTITUTION_MATCH_FUZZY;COLLECTION_MATCH_FUZZY;DIFFERENT_OWNER_INSTITUTION
4993995995	50c9509d-22c7-4a22-a47d-8c48425ef4a7	https://www.inaturalist.org/observations/97074904	Fungi	Basidiomycota	Agaricomycetes	Russulales	Russulaceae	Lactarius	Lactarius salmonicolor		SPECIES	Lactarius thyinos A.H.Sm.	Lactarius thyinos		CA		Québec	PRESENT		28eb1a3f-1c15-4a95-931a-4af90ecb574d	48.42506	-68.548765							2021-10-03T14:45:43	3	10	2021	5462790	5248788	HUMAN_OBSERVATION	iNaturalist	Observations	97074904		Marc-Aurèle Vallée	2021-10-03T21:44:24	CC0_1_0	Marc-Aurèle Vallée	Marc-Aurèle Vallée			2025-01-14T13:16:11.204Z	StillImage	CONTINENT_DERIVED_FROM_COORDINATES;TAXON_MATCH_TAXON_ID_IGNORED
4982336235	50c9509d-22c7-4a22-a47d-8c48425ef4a7	https://www.inaturalist.org/observations/132197057	Fungi	Basidiomycota	Agaricomycetes	Russulales	Russulaceae	Lactarius	Lactarius salmonicolor		SPECIES	Lactarius thyinos A.H.Sm.	Lactarius thyinos		CA		Québec	PRESENT		28eb1a3f-1c15-4a95-931a-4af90ecb574d	47.459962	-70.364608	48.0						2022-08-23T11:35:04	23	8	2022	5462790	5248788	HUMAN_OBSERVATION	iNaturalist	Observations	132197057		Katia Burelle	2024-11-17T17:49:08	CC_BY_4_0	Marilyne Busque-Dubois	Marilyne Busque-Dubois			2025-01-14T12:31:36.837Z	StillImage	COORDINATE_ROUNDED;CONTINENT_DERIVED_FROM_COORDINATES;TAXON_MATCH_TAXON_ID_IGNORED
4980694985	50c9509d-22c7-4a22-a47d-8c48425ef4a7	https://www.inaturalist.org/observations/251213024	Fungi	Basidiomycota	Agaricomycetes	Russulales	Russulaceae	Lactarius	Lactarius salmonicolor		SPECIES	Lactarius thyinos A.H.Sm.	Lactarius thyinos		CA		New Brunswick	PRESENT		28eb1a3f-1c15-4a95-931a-4af90ecb574d	46.862949	-66.625681							2022-08-19T10:04	19	8	2022	5462790	5248788	HUMAN_OBSERVATION	iNaturalist	Observations	251213024		David Malloch	2024-11-10T19:42:56	CC_BY_NC_4_0	David Malloch	David Malloch			2025-01-14T12:56:29.187Z	StillImage	CONTINENT_DERIVED_FROM_COORDINATES;TAXON_MATCH_TAXON_ID_IGNORED
4976671556	50c9509d-22c7-4a22-a47d-8c48425ef4a7	https://www.inaturalist.org/observations/240402736	Fungi	Basidiomycota	Agaricomycetes	Russulales	Russulaceae	Lactarius	Lactarius salmonicolor		SPECIES	Lactarius thyinos A.H.Sm.	Lactarius thyinos		CA		Québec	PRESENT		28eb1a3f-1c15-4a95-931a-4af90ecb574d	45.612511	-75.420244	27126.0						2024-09-07T15:38:50	7	9	2024	5462790	5248788	HUMAN_OBSERVATION	iNaturalist	Observations	240402736		kennedy_9	2024-09-07T20:42:00	CC_BY_NC_4_0	kennedy_9	kennedy_9			2025-01-14T13:39:24.157Z	StillImage	COORDINATE_ROUNDED;CONTINENT_DERIVED_FROM_COORDINATES;TAXON_MATCH_TAXON_ID_IGNORED
4976653439	50c9509d-22c7-4a22-a47d-8c48425ef4a7	https://www.inaturalist.org/observations/244994611	Fungi	Basidiomycota	Agaricomycetes	Russulales	Russulaceae	Lactarius	Lactarius salmonicolor		SPECIES	Lactarius thyinos A.H.Sm.	Lactarius thyinos		CA		Québec	PRESENT		28eb1a3f-1c15-4a95-931a-4af90ecb574d	46.36769	-76.019659							2024-09-30T13:44:37	30	9	2024	5462790	5248788	HUMAN_OBSERVATION	iNaturalist	Observations	244994611		gabboilard	2024-10-26T20:57:17	CC_BY_NC_4_0	Leaf Holmes	Leaf Holmes			2025-01-14T12:52:44.838Z	StillImage	CONTINENT_DERIVED_FROM_COORDINATES;TAXON_MATCH_TAXON_ID_IGNORED
4976622413	50c9509d-22c7-4a22-a47d-8c48425ef4a7	https://www.inaturalist.org/observations/240434060	Fungi	Basidiomycota	Agaricomycetes	Russulales	Russulaceae	Lactarius	Lactarius salmonicolor		SPECIES	Lactarius thyinos A.H.Sm.	Lactarius thyinos		CA		Québec	PRESENT		28eb1a3f-1c15-4a95-931a-4af90ecb574d	45.855301	-71.631707	3.0						2024-09-07T18:15:32	7	9	2024	5462790	5248788	HUMAN_OBSERVATION	iNaturalist	Observations	240434060		calliopeem	2024-09-07T23:31:56	CC_BY_NC_4_0	calliopeem	calliopeem			2025-01-14T13:37:00.625Z	StillImage	COORDINATE_ROUNDED;CONTINENT_DERIVED_FROM_COORDINATES;TAXON_MATCH_TAXON_ID_IGNORED
4976244162	50c9509d-22c7-4a22-a47d-8c48425ef4a7	https://www.inaturalist.org/observations/239020465	Fungi	Basidiomycota	Agaricomycetes	Russulales	Russulaceae	Lactarius	Lactarius salmonicolor		SPECIES	Lactarius thyinos A.H.Sm.	Lactarius thyinos		CA		Québec	PRESENT		28eb1a3f-1c15-4a95-931a-4af90ecb574d	48.365435	-71.776614							2024-08-31T08:52:07	31	8	2024	5462790	5248788	HUMAN_OBSERVATION	iNaturalist	Observations	239020465		Nali T.-Paradis	2024-08-31T18:46:08	CC_BY_NC_4_0	Nali T.-Paradis	Nali T.-Paradis			2025-01-14T13:36:51.237Z	StillImage	COORDINATE_ROUNDED;CONTINENT_DERIVED_FROM_COORDINATES;TAXON_MATCH_TAXON_ID_IGNORED
4976211521	50c9509d-22c7-4a22-a47d-8c48425ef4a7	https://www.inaturalist.org/observations/240232847	Fungi	Basidiomycota	Agaricomycetes	Russulales	Russulaceae	Lactarius	Lactarius salmonicolor		SPECIES	Lactarius thyinos A.H.Sm.	Lactarius thyinos		CA		Québec	PRESENT		28eb1a3f-1c15-4a95-931a-4af90ecb574d	45.872811	-76.4339	501.0						2024-08-31T15:03	31	8	2024	5462790	5248788	HUMAN_OBSERVATION	iNaturalist	Observations	240232847		L Joan Heyding	2024-09-07T00:18:36	CC_BY_NC_4_0	L Joan Heyding	L Joan Heyding			2025-01-14T12:54:09.610Z	StillImage	COORDINATE_ROUNDED;CONTINENT_DERIVED_FROM_COORDINATES;TAXON_MATCH_TAXON_ID_IGNORED
4950471617	50c9509d-22c7-4a22-a47d-8c48425ef4a7	https://www.inaturalist.org/observations/177215463	Fungi	Basidiomycota	Agaricomycetes	Russulales	Russulaceae	Lactarius	Lactarius salmonicolor		SPECIES	Lactarius thyinos A.H.Sm.	Lactarius thyinos		CA		Québec	PRESENT		28eb1a3f-1c15-4a95-931a-4af90ecb574d	45.339681	-72.176598	10.0						2023-08-07T14:50:50	7	8	2023	5462790	5248788	HUMAN_OBSERVATION	iNaturalist	Observations	177215463		Vincent Desjardins	2023-08-07T18:52:34	CC_BY_NC_4_0	Vincent Desjardins	Vincent Desjardins			2025-01-14T12:40:13.625Z		COORDINATE_ROUNDED;CONTINENT_DERIVED_FROM_COORDINATES;TAXON_MATCH_TAXON_ID_IGNORED
4950470026	50c9509d-22c7-4a22-a47d-8c48425ef4a7	https://www.inaturalist.org/observations/244010882	Fungi	Basidiomycota	Agaricomycetes	Russulales	Russulaceae	Lactarius	Lactarius salmonicolor		SPECIES	Lactarius thyinos A.H.Sm.	Lactarius thyinos		CA		New Brunswick	PRESENT		28eb1a3f-1c15-4a95-931a-4af90ecb574d	47.619205	-65.680803	2174.0						2024-09-25T14:34:59	25	9	2024	5462790	5248788	HUMAN_OBSERVATION	iNaturalist	Observations	244010882		clara_bri	2024-09-25T18:19:13	CC_BY_NC_4_0	clara_bri	clara_bri			2025-01-14T13:40:20.602Z	StillImage	COORDINATE_ROUNDED;CONTINENT_DERIVED_FROM_COORDINATES;TAXON_MATCH_TAXON_ID_IGNORED
4950436579	50c9509d-22c7-4a22-a47d-8c48425ef4a7	https://www.inaturalist.org/observations/190517825	Fungi	Basidiomycota	Agaricomycetes	Russulales	Russulaceae	Lactarius	Lactarius salmonicolor		SPECIES	Lactarius thyinos A.H.Sm.	Lactarius thyinos		CA		Nova Scotia	PRESENT		28eb1a3f-1c15-4a95-931a-4af90ecb574d	45.221857	-64.443214	686.0						2023-10-14T22:40:07	14	10	2023	5462790	5248788	HUMAN_OBSERVATION	iNaturalist	Observations	190517825		beccam333	2023-11-09T20:17:00	CC_BY_NC_4_0	beccam333	beccam333			2025-01-14T12:42:16.198Z	StillImage	COORDINATE_ROUNDED;CONTINENT_DERIVED_FROM_COORDINATES;TAXON_MATCH_TAXON_ID_IGNORED
4950410491	50c9509d-22c7-4a22-a47d-8c48425ef4a7	https://www.inaturalist.org/observations/242582201	Fungi	Basidiomycota	Agaricomycetes	Russulales	Russulaceae	Lactarius	Lactarius salmonicolor		SPECIES	Lactarius thyinos A.H.Sm.	Lactarius thyinos		CA		Québec	PRESENT		28eb1a3f-1c15-4a95-931a-4af90ecb574d	45.48627	-70.903096	940.0						2024-09-16T11:47	16	9	2024	5462790	5248788	HUMAN_OBSERVATION	iNaturalist	Observations	242582201		acout	2024-09-18T23:17:34	CC_BY_NC_4_0	acout	acout			2025-01-14T13:40:11.838Z	StillImage	COORDINATE_ROUNDED;CONTINENT_DERIVED_FROM_COORDINATES;TAXON_MATCH_TAXON_ID_IGNORED
4946109551	50c9509d-22c7-4a22-a47d-8c48425ef4a7	https://www.inaturalist.org/observations/240243650	Fungi	Basidiomycota	Agaricomycetes	Russulales	Russulaceae	Lactarius	Lactarius salmonicolor		SPECIES	Lactarius thyinos A.H.Sm.	Lactarius thyinos		CA		Ontario	PRESENT		28eb1a3f-1c15-4a95-931a-4af90ecb574d	45.516054	-78.611146	1401.0						2024-09-04T10:35	4	9	2024	5462790	5248788	HUMAN_OBSERVATION	iNaturalist	Observations	240243650		L Joan Heyding	2024-09-07T01:46:36	CC_BY_NC_4_0	L Joan Heyding	L Joan Heyding			2025-01-14T13:43:16.692Z	StillImage	COORDINATE_ROUNDED;CONTINENT_DERIVED_FROM_COORDINATES;TAXON_MATCH_TAXON_ID_IGNORED
4937261592	50c9509d-22c7-4a22-a47d-8c48425ef4a7	https://www.inaturalist.org/observations/239397908	Fungi	Basidiomycota	Agaricomycetes	Russulales	Russulaceae	Lactarius	Lactarius salmonicolor		SPECIES	Lactarius thyinos A.H.Sm.	Lactarius thyinos		CA		New Brunswick	PRESENT		28eb1a3f-1c15-4a95-931a-4af90ecb574d	45.29457	-66.033669	180.0						2024-09-02T11:23:30	2	9	2024	5462790	5248788	HUMAN_OBSERVATION	iNaturalist	Observations	239397908		Toni Doucette	2024-09-02T14:42:27	CC_BY_NC_4_0	Toni Doucette	Toni Doucette			2025-01-14T13:43:15.755Z	StillImage	COORDINATE_ROUNDED;CONTINENT_DERIVED_FROM_COORDINATES;TAXON_MATCH_TAXON_ID_IGNORED
4936883109	50c9509d-22c7-4a22-a47d-8c48425ef4a7	https://www.inaturalist.org/observations/238986971	Fungi	Basidiomycota	Agaricomycetes	Russulales	Russulaceae	Lactarius	Lactarius salmonicolor		SPECIES	Lactarius thyinos A.H.Sm.	Lactarius thyinos		CA		Québec	PRESENT		28eb1a3f-1c15-4a95-931a-4af90ecb574d	48.271944	-72.191944	181.0						2024-08-31T09:08:40	31	8	2024	5462790	5248788	HUMAN_OBSERVATION	iNaturalist	Observations	238986971		egrenier	2024-08-31T16:05:12	CC_BY_NC_4_0	egrenier	egrenier			2025-01-14T13:43:41.770Z	StillImage	COORDINATE_ROUNDED;CONTINENT_DERIVED_FROM_COORDINATES;TAXON_MATCH_TAXON_ID_IGNORED
4522594584	50c9509d-22c7-4a22-a47d-8c48425ef4a7	https://www.inaturalist.org/observations/198389152	Fungi	Basidiomycota	Agaricomycetes	Russulales	Russulaceae	Lactarius	Lactarius salmonicolor		SPECIES	Lactarius thyinos A.H.Sm.	Lactarius thyinos		CA		Québec	PRESENT		28eb1a3f-1c15-4a95-931a-4af90ecb574d	46.961618	-71.389439	4.0						2023-08-24	24	8	2023	5462790	5248788	HUMAN_OBSERVATION	iNaturalist	Observations	198389152		Christian Grenier	2024-02-04T13:28:15	CC_BY_NC_4_0	Christian Grenier	Christian Grenier			2025-01-14T12:44:08.135Z	StillImage	COORDINATE_ROUNDED;CONTINENT_DERIVED_FROM_COORDINATES;TAXON_MATCH_TAXON_ID_IGNORED
4516682643	50c9509d-22c7-4a22-a47d-8c48425ef4a7	https://www.inaturalist.org/observations/181986436	Fungi	Basidiomycota	Agaricomycetes	Russulales	Russulaceae	Lactarius	Lactarius salmonicolor		SPECIES	Lactarius thyinos A.H.Sm.	Lactarius thyinos		CA		New Brunswick	PRESENT		28eb1a3f-1c15-4a95-931a-4af90ecb574d	45.41467	-65.923242	5.0						2023-09-05T19:15:47	5	9	2023	5462790	5248788	HUMAN_OBSERVATION	iNaturalist	Observations	181986436		julianna	2023-09-06T00:27:10	CC_BY_NC_4_0	julianna	julianna			2025-01-14T13:28:54.104Z	StillImage	COORDINATE_ROUNDED;CONTINENT_DERIVED_FROM_COORDINATES;TAXON_MATCH_TAXON_ID_IGNORED
4516608765	50c9509d-22c7-4a22-a47d-8c48425ef4a7	https://www.inaturalist.org/observations/95145250	Fungi	Basidiomycota	Agaricomycetes	Russulales	Russulaceae	Lactarius	Lactarius salmonicolor		SPECIES	Lactarius thyinos A.H.Sm.	Lactarius thyinos		CA		New Brunswick	PRESENT		28eb1a3f-1c15-4a95-931a-4af90ecb574d	47.64312	-65.73674							2021-09-16T19:11:19	16	9	2021	5462790	5248788	HUMAN_OBSERVATION	iNaturalist	Observations	95145250		Alfredo Justo	2021-09-27T01:36:33	CC_BY_NC_4_0	Lisa Martin	Lisa Martin			2025-01-14T13:15:28.363Z	StillImage	COORDINATE_ROUNDED;CONTINENT_DERIVED_FROM_COORDINATES;TAXON_MATCH_TAXON_ID_IGNORED
4516169810	50c9509d-22c7-4a22-a47d-8c48425ef4a7	https://www.inaturalist.org/observations/141389327	Fungi	Basidiomycota	Agaricomycetes	Russulales	Russulaceae	Lactarius	Lactarius salmonicolor		SPECIES	Lactarius thyinos A.H.Sm.	Lactarius thyinos		CA		New Brunswick	PRESENT		28eb1a3f-1c15-4a95-931a-4af90ecb574d	45.54229	-65.02906							2022-08-30	30	8	2022	5462790	5248788	HUMAN_OBSERVATION	iNaturalist	Observations	141389327		Alex Hood	2022-11-07T18:25:38	CC_BY_NC_4_0	Alex Hood	Alex Hood			2025-01-14T13:21:46.463Z	StillImage	CONTINENT_DERIVED_FROM_COORDINATES;TAXON_MATCH_TAXON_ID_IGNORED
4516169245	50c9509d-22c7-4a22-a47d-8c48425ef4a7	https://www.inaturalist.org/observations/128908885	Fungi	Basidiomycota	Agaricomycetes	Russulales	Russulaceae	Lactarius	Lactarius salmonicolor		SPECIES	Lactarius thyinos A.H.Sm.	Lactarius thyinos		CA		New Brunswick	PRESENT		28eb1a3f-1c15-4a95-931a-4af90ecb574d	45.323328	-66.18897	10.0						2019-08-06T12:20	6	8	2019	5462790	5248788	HUMAN_OBSERVATION	iNaturalist	Observations	128908885		Alfredo Justo	2022-08-01T01:17:14	CC_BY_NC_4_0	Alfredo Justo	Alfredo Justo			2025-01-14T12:30:51.196Z	StillImage	CONTINENT_DERIVED_FROM_COORDINATES;TAXON_MATCH_TAXON_ID_IGNORED
4438717566	50c9509d-22c7-4a22-a47d-8c48425ef4a7	https://www.inaturalist.org/observations/189946589	Fungi	Basidiomycota	Agaricomycetes	Russulales	Russulaceae	Lactarius	Lactarius salmonicolor		SPECIES	Lactarius thyinos A.H.Sm.	Lactarius thyinos		CA		New Brunswick	PRESENT		28eb1a3f-1c15-4a95-931a-4af90ecb574d	46.000172	-66.764476							2023-10-28T13:13	28	10	2023	5462790	5248788	HUMAN_OBSERVATION	iNaturalist	Observations	189946589		Dwayne Sabine	2023-11-04T12:42:51	CC_BY_NC_4_0	Dwayne Sabine	Dwayne Sabine			2025-01-14T13:43:36.283Z	StillImage	CONTINENT_DERIVED_FROM_COORDINATES;TAXON_MATCH_TAXON_ID_IGNORED
4436415888	50c9509d-22c7-4a22-a47d-8c48425ef4a7	https://www.inaturalist.org/observations/189165490	Fungi	Basidiomycota	Agaricomycetes	Russulales	Russulaceae	Lactarius	Lactarius salmonicolor		SPECIES	Lactarius thyinos A.H.Sm.	Lactarius thyinos		CA		New Brunswick	PRESENT		28eb1a3f-1c15-4a95-931a-4af90ecb574d	45.954184	-66.676768							2023-10-27T11:14:41	27	10	2023	5462790	5248788	HUMAN_OBSERVATION	iNaturalist	Observations	189165490		Andrew MacPherson	2023-10-27T22:36:32	CC0_1_0	Andrew MacPherson	Andrew MacPherson			2025-01-14T13:33:41.194Z	StillImage	COORDINATE_ROUNDED;CONTINENT_DERIVED_FROM_COORDINATES;TAXON_MATCH_TAXON_ID_IGNORED
4416834300	50c9509d-22c7-4a22-a47d-8c48425ef4a7	https://www.inaturalist.org/observations/184287763	Fungi	Basidiomycota	Agaricomycetes	Russulales	Russulaceae	Lactarius	Lactarius salmonicolor		SPECIES	Lactarius thyinos A.H.Sm.	Lactarius thyinos		CA		Québec	PRESENT		28eb1a3f-1c15-4a95-931a-4af90ecb574d	45.52257	-70.868147	4.0						2023-09-20T14:21:15	20	9	2023	5462790	5248788	HUMAN_OBSERVATION	iNaturalist	Observations	184287763		marieandreemongeau	2023-09-21T17:47:51	CC_BY_NC_4_0	marieandreemongeau	marieandreemongeau			2025-01-14T13:33:40.642Z	StillImage	COORDINATE_ROUNDED;CONTINENT_DERIVED_FROM_COORDINATES;TAXON_MATCH_TAXON_ID_IGNORED
4416752581	50c9509d-22c7-4a22-a47d-8c48425ef4a7	https://www.inaturalist.org/observations/181787586	Fungi	Basidiomycota	Agaricomycetes	Russulales	Russulaceae	Lactarius	Lactarius salmonicolor		SPECIES	Lactarius thyinos A.H.Sm.	Lactarius thyinos		CA		Québec	PRESENT		28eb1a3f-1c15-4a95-931a-4af90ecb574d	48.490425	-71.208795	4.0						2023-09-04T11:43:08	4	9	2023	5462790	5248788	HUMAN_OBSERVATION	iNaturalist	Observations	181787586		eric_wilmot	2023-09-04T19:18:34	CC_BY_NC_4_0	eric_wilmot	eric_wilmot			2025-01-14T12:42:09.690Z	StillImage	CONTINENT_DERIVED_FROM_COORDINATES;TAXON_MATCH_TAXON_ID_IGNORED
4414090228	50c9509d-22c7-4a22-a47d-8c48425ef4a7	https://www.inaturalist.org/observations/183516478	Fungi	Basidiomycota	Agaricomycetes	Russulales	Russulaceae	Lactarius	Lactarius salmonicolor		SPECIES	Lactarius thyinos A.H.Sm.	Lactarius thyinos		CA		Québec	PRESENT		28eb1a3f-1c15-4a95-931a-4af90ecb574d	45.56878	-75.897504							2023-09-16T11:54:16	16	9	2023	5462790	5248788	HUMAN_OBSERVATION	iNaturalist	Observations	183516478		Johann Wagner	2023-09-16T15:54:47	CC_BY_NC_4_0	Johann Wagner	Johann Wagner			2025-01-14T13:32:40.780Z	StillImage	COORDINATE_ROUNDED;CONTINENT_DERIVED_FROM_COORDINATES;TAXON_MATCH_TAXON_ID_IGNORED
4413965125	50c9509d-22c7-4a22-a47d-8c48425ef4a7	https://www.inaturalist.org/observations/182805623	Fungi	Basidiomycota	Agaricomycetes	Russulales	Russulaceae	Lactarius	Lactarius salmonicolor		SPECIES	Lactarius thyinos A.H.Sm.	Lactarius thyinos		CA		Québec	PRESENT		28eb1a3f-1c15-4a95-931a-4af90ecb574d	48.815347	-66.095007	7222.0						2023-09-06T15:48	6	9	2023	5462790	5248788	HUMAN_OBSERVATION	iNaturalist	Observations	182805623		Antoine Fortin	2023-09-11T13:53:40	CC_BY_NC_4_0	Antoine Fortin	Antoine Fortin			2025-01-14T12:42:28.427Z	StillImage	COORDINATE_ROUNDED;CONTINENT_DERIVED_FROM_COORDINATES;TAXON_MATCH_TAXON_ID_IGNORED
4413952037	50c9509d-22c7-4a22-a47d-8c48425ef4a7	https://www.inaturalist.org/observations/184001407	Fungi	Basidiomycota	Agaricomycetes	Russulales	Russulaceae	Lactarius	Lactarius salmonicolor		SPECIES	Lactarius thyinos A.H.Sm.	Lactarius thyinos		CA		Québec	PRESENT		28eb1a3f-1c15-4a95-931a-4af90ecb574d	47.895106	-78.817276	350.0						2023-08-20T10:09	20	8	2023	5462790	5248788	HUMAN_OBSERVATION	iNaturalist	Observations	184001407		Antoine Fortin	2023-09-19T22:04:54	CC_BY_NC_4_0	Pierre Cartier	Pierre Cartier			2025-01-14T12:44:12.891Z	StillImage	COORDINATE_ROUNDED;CONTINENT_DERIVED_FROM_COORDINATES;TAXON_MATCH_TAXON_ID_IGNORED
4413919078	50c9509d-22c7-4a22-a47d-8c48425ef4a7	https://www.inaturalist.org/observations/182823015	Fungi	Basidiomycota	Agaricomycetes	Russulales	Russulaceae	Lactarius	Lactarius salmonicolor		SPECIES	Lactarius thyinos A.H.Sm.	Lactarius thyinos		CA		New Brunswick	PRESENT		28eb1a3f-1c15-4a95-931a-4af90ecb574d	45.596895	-64.952112	4.0						2023-09-11T12:38:57	11	9	2023	5462790	5248788	HUMAN_OBSERVATION	iNaturalist	Observations	182823015		Dylan Lewis	2023-09-11T16:16:39	CC_BY_4_0	Dylan Lewis	Dylan Lewis			2025-01-14T12:40:51.884Z	StillImage	COORDINATE_ROUNDED;CONTINENT_DERIVED_FROM_COORDINATES;TAXON_MATCH_TAXON_ID_IGNORED
4407478869	50c9509d-22c7-4a22-a47d-8c48425ef4a7	https://www.inaturalist.org/observations/181467588	Fungi	Basidiomycota	Agaricomycetes	Russulales	Russulaceae	Lactarius	Lactarius salmonicolor		SPECIES	Lactarius thyinos A.H.Sm.	Lactarius thyinos		CA		Québec	PRESENT		28eb1a3f-1c15-4a95-931a-4af90ecb574d	45.775833	-76.244268	27126.0						2023-09-02T18:09:03	2	9	2023	5462790	5248788	HUMAN_OBSERVATION	iNaturalist	Observations	181467588		errantlight	2023-09-02T22:50:51	CC_BY_NC_4_0	errantlight	errantlight			2025-01-14T12:41:18.370Z	StillImage	COORDINATE_ROUNDED;CONTINENT_DERIVED_FROM_COORDINATES;TAXON_MATCH_TAXON_ID_IGNORED
4407283934	50c9509d-22c7-4a22-a47d-8c48425ef4a7	https://www.inaturalist.org/observations/181738071	Fungi	Basidiomycota	Agaricomycetes	Russulales	Russulaceae	Lactarius	Lactarius salmonicolor		SPECIES	Lactarius thyinos A.H.Sm.	Lactarius thyinos		CA		Québec	PRESENT		28eb1a3f-1c15-4a95-931a-4af90ecb574d	45.352653	-71.724883	8298.0						2023-09-03T13:26:09	3	9	2023	5462790	5248788	HUMAN_OBSERVATION	iNaturalist	Observations	181738071		Jacob Beauregard	2023-09-04T14:06:26	CC_BY_NC_4_0	Jacob Beauregard	Jacob Beauregard			2025-01-14T13:28:52.265Z	StillImage	COORDINATE_ROUNDED;CONTINENT_DERIVED_FROM_COORDINATES;TAXON_MATCH_TAXON_ID_IGNORED
4407064889	50c9509d-22c7-4a22-a47d-8c48425ef4a7	https://www.inaturalist.org/observations/179565088	Fungi	Basidiomycota	Agaricomycetes	Russulales	Russulaceae	Lactarius	Lactarius salmonicolor		SPECIES	Lactarius thyinos A.H.Sm.	Lactarius thyinos		CA		New Brunswick	PRESENT		28eb1a3f-1c15-4a95-931a-4af90ecb574d	45.160521	-66.224743	126.0						2023-08-19T15:20	19	8	2023	5462790	5248788	HUMAN_OBSERVATION	iNaturalist	Observations	179565088		Alfredo Justo	2023-08-21T18:50:32	CC_BY_NC_4_0	Alfredo Justo	Alfredo Justo			2025-01-14T13:32:22.124Z	StillImage	COORDINATE_ROUNDED;CONTINENT_DERIVED_FROM_COORDINATES;TAXON_MATCH_TAXON_ID_IGNORED
4405266193	50c9509d-22c7-4a22-a47d-8c48425ef4a7	https://www.inaturalist.org/observations/180449665	Fungi	Basidiomycota	Agaricomycetes	Russulales	Russulaceae	Lactarius	Lactarius salmonicolor		SPECIES	Lactarius thyinos A.H.Sm.	Lactarius thyinos		CA		Québec	PRESENT		28eb1a3f-1c15-4a95-931a-4af90ecb574d	45.7206	-71.97921	2194.0						2023-08-27T11:05:43	27	8	2023	5462790	5248788	HUMAN_OBSERVATION	iNaturalist	Observations	180449665		Antoine Fortin	2023-08-27T16:26:23	CC_BY_NC_4_0	atheos2015	atheos2015			2025-01-14T12:41:16.670Z	StillImage	COORDINATE_ROUNDED;CONTINENT_DERIVED_FROM_COORDINATES;TAXON_MATCH_TAXON_ID_IGNORED
4400312488	50c9509d-22c7-4a22-a47d-8c48425ef4a7	https://www.inaturalist.org/observations/141656687	Fungi	Basidiomycota	Agaricomycetes	Russulales	Russulaceae	Lactarius	Lactarius salmonicolor		SPECIES	Lactarius thyinos A.H.Sm.	Lactarius thyinos		CA		New Brunswick	PRESENT		28eb1a3f-1c15-4a95-931a-4af90ecb574d	45.660886	-65.137519	33.0						2021-09-29T10:30	29	9	2021	5462790	5248788	HUMAN_OBSERVATION	iNaturalist	Observations	141656687		Alfredo Justo	2022-11-11T01:01:55	CC_BY_NC_4_0	Alfredo Justo	Alfredo Justo			2025-01-14T12:33:58.424Z	StillImage	COORDINATE_ROUNDED;CONTINENT_DERIVED_FROM_COORDINATES;TAXON_MATCH_TAXON_ID_IGNORED
4400188517	50c9509d-22c7-4a22-a47d-8c48425ef4a7	https://www.inaturalist.org/observations/179174245	Fungi	Basidiomycota	Agaricomycetes	Russulales	Russulaceae	Lactarius	Lactarius salmonicolor		SPECIES	Lactarius thyinos A.H.Sm.	Lactarius thyinos		CA		Québec	PRESENT		28eb1a3f-1c15-4a95-931a-4af90ecb574d	45.841217	-71.171089							2023-08-16T09:31:22	16	8	2023	5462790	5248788	HUMAN_OBSERVATION	iNaturalist	Observations	179174245		intodream	2023-08-19T16:25:47	CC_BY_NC_4_0	intodream	intodream			2025-01-14T12:40:12.822Z	StillImage	COORDINATE_ROUNDED;CONTINENT_DERIVED_FROM_COORDINATES;TAXON_MATCH_TAXON_ID_IGNORED
4400074468	50c9509d-22c7-4a22-a47d-8c48425ef4a7	https://www.inaturalist.org/observations/132349014	Fungi	Basidiomycota	Agaricomycetes	Russulales	Russulaceae	Lactarius	Lactarius salmonicolor		SPECIES	Lactarius thyinos A.H.Sm.	Lactarius thyinos		CA		New Brunswick	PRESENT		28eb1a3f-1c15-4a95-931a-4af90ecb574d	46.898628	-65.36605	15.0						2019-09-16T11:48	16	9	2019	5462790	5248788	HUMAN_OBSERVATION	iNaturalist	Observations	132349014		Alfredo Justo	2022-08-26T00:33:42	CC_BY_NC_4_0	Alfredo Justo	Alfredo Justo			2025-01-14T12:32:30.186Z	StillImage	COORDINATE_ROUNDED;CONTINENT_DERIVED_FROM_COORDINATES;TAXON_MATCH_TAXON_ID_IGNORED
4399932504	50c9509d-22c7-4a22-a47d-8c48425ef4a7	https://www.inaturalist.org/observations/141657128	Fungi	Basidiomycota	Agaricomycetes	Russulales	Russulaceae	Lactarius	Lactarius salmonicolor		SPECIES	Lactarius thyinos A.H.Sm.	Lactarius thyinos		CA		New Brunswick	PRESENT		28eb1a3f-1c15-4a95-931a-4af90ecb574d	45.548111	-65.020814	107.0						2021-09-29T11:23	29	9	2021	5462790	5248788	HUMAN_OBSERVATION	iNaturalist	Observations	141657128		Alfredo Justo	2022-11-11T01:07:42	CC_BY_NC_4_0	Alfredo Justo	Alfredo Justo			2025-01-14T12:32:57.552Z	StillImage	COORDINATE_ROUNDED;CONTINENT_DERIVED_FROM_COORDINATES;TAXON_MATCH_TAXON_ID_IGNORED
4080650488	50c9509d-22c7-4a22-a47d-8c48425ef4a7	https://www.inaturalist.org/observations/133477137	Fungi	Basidiomycota	Agaricomycetes	Russulales	Russulaceae	Lactarius	Lactarius salmonicolor		SPECIES	Lactarius thyinos A.H.Sm.	Lactarius thyinos		CA		Québec	PRESENT		28eb1a3f-1c15-4a95-931a-4af90ecb574d	46.027425	-73.938417	4.0						2022-09-03T11:50:38	3	9	2022	5462790	5248788	HUMAN_OBSERVATION	iNaturalist	Observations	133477137		Mical	2022-09-03T15:52:26	CC_BY_4_0	Mical	Mical			2025-01-14T13:16:46.455Z	StillImage	COORDINATE_ROUNDED;CONTINENT_DERIVED_FROM_COORDINATES;TAXON_MATCH_TAXON_ID_IGNORED
4075633744	50c9509d-22c7-4a22-a47d-8c48425ef4a7	https://www.inaturalist.org/observations/129152074	Fungi	Basidiomycota	Agaricomycetes	Russulales	Russulaceae	Lactarius	Lactarius salmonicolor		SPECIES	Lactarius thyinos A.H.Sm.	Lactarius thyinos		CA		Québec	PRESENT		28eb1a3f-1c15-4a95-931a-4af90ecb574d	48.761762	-67.546883	4.0						2022-07-28T15:32:37	28	7	2022	5462790	5248788	HUMAN_OBSERVATION	iNaturalist	Observations	129152074		ricomycologie	2022-08-02T15:54:31	CC_BY_NC_4_0	ricomycologie	ricomycologie			2025-01-14T12:30:52.871Z	StillImage	COORDINATE_ROUNDED;CONTINENT_DERIVED_FROM_COORDINATES;TAXON_MATCH_TAXON_ID_IGNORED
4063069564	50c9509d-22c7-4a22-a47d-8c48425ef4a7	https://www.inaturalist.org/observations/147367903	Fungi	Basidiomycota	Agaricomycetes	Russulales	Russulaceae	Lactarius	Lactarius salmonicolor		SPECIES	Lactarius thyinos A.H.Sm.	Lactarius thyinos		CA		Québec	PRESENT		28eb1a3f-1c15-4a95-931a-4af90ecb574d	46.014012	-73.417796	4971.0						2022-09-17T20:29	17	9	2022	5462790	5248788	HUMAN_OBSERVATION	iNaturalist	Observations	147367903		John Plischke	2023-01-26T02:47:29	CC_BY_NC_4_0	John Plischke	John Plischke			2025-01-14T13:27:22.942Z	StillImage	COORDINATE_ROUNDED;CONTINENT_DERIVED_FROM_COORDINATES;TAXON_MATCH_TAXON_ID_IGNORED
4046401054	50c9509d-22c7-4a22-a47d-8c48425ef4a7	https://www.inaturalist.org/observations/149652147	Fungi	Basidiomycota	Agaricomycetes	Russulales	Russulaceae	Lactarius	Lactarius salmonicolor		SPECIES	Lactarius thyinos A.H.Sm.	Lactarius thyinos		CA		Québec	PRESENT		28eb1a3f-1c15-4a95-931a-4af90ecb574d	46.090321	-73.799154	6.0						2022-08-31T12:42:05	31	8	2022	5462790	5248788	HUMAN_OBSERVATION	iNaturalist	Observations	149652147		Bradley Squarek	2023-02-25T18:02:09	CC_BY_NC_4_0	Bradley Squarek	Bradley Squarek			2025-01-14T13:28:38.427Z	StillImage	COORDINATE_ROUNDED;CONTINENT_DERIVED_FROM_COORDINATES;TAXON_MATCH_TAXON_ID_IGNORED
4011601537	50c9509d-22c7-4a22-a47d-8c48425ef4a7	https://www.inaturalist.org/observations/133650726	Fungi	Basidiomycota	Agaricomycetes	Russulales	Russulaceae	Lactarius	Lactarius salmonicolor		SPECIES	Lactarius thyinos A.H.Sm.	Lactarius thyinos		CA		New Brunswick	PRESENT		28eb1a3f-1c15-4a95-931a-4af90ecb574d	47.731876	-65.884153	130.0						2022-09-04T12:50:20	4	9	2022	5462790	5248788	HUMAN_OBSERVATION	iNaturalist	Observations	133650726		Alfredo Justo	2022-09-04T19:22:19	CC_BY_NC_4_0	roachiecanada	roachiecanada			2025-01-14T12:31:37.104Z	StillImage	COORDINATE_ROUNDED;CONTINENT_DERIVED_FROM_COORDINATES;TAXON_MATCH_TAXON_ID_IGNORED
4006733848	50c9509d-22c7-4a22-a47d-8c48425ef4a7	https://www.inaturalist.org/observations/144430403	Fungi	Basidiomycota	Agaricomycetes	Russulales	Russulaceae	Lactarius	Lactarius salmonicolor		SPECIES	Lactarius thyinos A.H.Sm.	Lactarius thyinos		CA		Québec	PRESENT		28eb1a3f-1c15-4a95-931a-4af90ecb574d	45.727663	-74.206064	18.0						2022-09-17T18:11:09	17	9	2022	5462790	5248788	HUMAN_OBSERVATION	iNaturalist	Observations	144430403		Don-Jean Leandri-Breton	2022-12-15T18:38:23	CC_BY_NC_4_0	Don-Jean Leandri-Breton	Don-Jean Leandri-Breton			2025-01-14T13:19:52.796Z		COORDINATE_ROUNDED;CONTINENT_DERIVED_FROM_COORDINATES;TAXON_MATCH_TAXON_ID_IGNORED
4006629554	50c9509d-22c7-4a22-a47d-8c48425ef4a7	https://www.inaturalist.org/observations/136698895	Fungi	Basidiomycota	Agaricomycetes	Russulales	Russulaceae	Lactarius	Lactarius salmonicolor		SPECIES	Lactarius thyinos A.H.Sm.	Lactarius thyinos		CA		Ontario	PRESENT		28eb1a3f-1c15-4a95-931a-4af90ecb574d	45.323277	-79.099815	5.0						2022-09-27T11:43:01	27	9	2022	5462790	5248788	HUMAN_OBSERVATION	iNaturalist	Observations	136698895		Nadia	2022-12-18T13:48:12	CC_BY_NC_4_0	nature_with_krista	nature_with_krista			2025-01-14T12:32:12.924Z	StillImage	COORDINATE_ROUNDED;CONTINENT_DERIVED_FROM_COORDINATES;TAXON_MATCH_TAXON_ID_IGNORED
3988514566	50c9509d-22c7-4a22-a47d-8c48425ef4a7	https://www.inaturalist.org/observations/135613524	Fungi	Basidiomycota	Agaricomycetes	Russulales	Russulaceae	Lactarius	Lactarius salmonicolor		SPECIES	Lactarius thyinos A.H.Sm.	Lactarius thyinos		CA		New Brunswick	PRESENT		28eb1a3f-1c15-4a95-931a-4af90ecb574d	45.676342	-65.011353	9.0						2022-09-18T17:32:34	18	9	2022	5462790	5248788	HUMAN_OBSERVATION	iNaturalist	Observations	135613524		Laura O'Connor	2022-09-19T22:12:13	CC_BY_NC_4_0	Laura O'Connor	Laura O'Connor			2025-01-14T13:24:03.433Z	StillImage	COORDINATE_ROUNDED;CONTINENT_DERIVED_FROM_COORDINATES;TAXON_MATCH_TAXON_ID_IGNORED
3988510568	50c9509d-22c7-4a22-a47d-8c48425ef4a7	https://www.inaturalist.org/observations/136910207	Fungi	Basidiomycota	Agaricomycetes	Russulales	Russulaceae	Lactarius	Lactarius salmonicolor		SPECIES	Lactarius thyinos A.H.Sm.	Lactarius thyinos		CA		Ontario	PRESENT		28eb1a3f-1c15-4a95-931a-4af90ecb574d	45.059136	-76.126311	7.0						2022-09-28T17:00:20	28	9	2022	5462790	5248788	HUMAN_OBSERVATION	iNaturalist	Observations	136910207		cinna_latifolia	2022-12-04T15:20:58	CC_BY_NC_4_0	Windstone Farm	Windstone Farm			2025-01-14T13:21:01.324Z	StillImage	COORDINATE_ROUNDED;CONTINENT_DERIVED_FROM_COORDINATES;TAXON_MATCH_TAXON_ID_IGNORED
3988469551	50c9509d-22c7-4a22-a47d-8c48425ef4a7	https://www.inaturalist.org/observations/136925720	Fungi	Basidiomycota	Agaricomycetes	Russulales	Russulaceae	Lactarius	Lactarius salmonicolor		SPECIES	Lactarius thyinos A.H.Sm.	Lactarius thyinos		CA		Ontario	PRESENT		28eb1a3f-1c15-4a95-931a-4af90ecb574d	45.059608	-76.12635	16.0						2022-09-28T16:57:27	28	9	2022	5462790	5248788	HUMAN_OBSERVATION	iNaturalist	Observations	136925720		Windstone Farm	2022-09-29T16:07:15	CC_BY_NC_4_0	Windstone Farm	Windstone Farm			2025-01-14T13:20:34.157Z	StillImage	COORDINATE_ROUNDED;CONTINENT_DERIVED_FROM_COORDINATES;TAXON_MATCH_TAXON_ID_IGNORED
3963643675	50c9509d-22c7-4a22-a47d-8c48425ef4a7	https://www.inaturalist.org/observations/140697430	Fungi	Basidiomycota	Agaricomycetes	Russulales	Russulaceae	Lactarius	Lactarius salmonicolor		SPECIES	Lactarius thyinos A.H.Sm.	Lactarius thyinos		CA		New Brunswick	PRESENT		28eb1a3f-1c15-4a95-931a-4af90ecb574d	47.732485	-65.884703	52.0						2022-10-31T16:16:58	31	10	2022	5462790	5248788	HUMAN_OBSERVATION	iNaturalist	Observations	140697430		Alex Hood	2022-11-03T23:50:57	CC_BY_NC_4_0	roachiecanada	roachiecanada			2025-01-14T13:21:56.324Z	StillImage	COORDINATE_ROUNDED;CONTINENT_DERIVED_FROM_COORDINATES;TAXON_MATCH_TAXON_ID_IGNORED
3961356607	50c9509d-22c7-4a22-a47d-8c48425ef4a7	https://www.inaturalist.org/observations/135647358	Fungi	Basidiomycota	Agaricomycetes	Russulales	Russulaceae	Lactarius	Lactarius salmonicolor		SPECIES	Lactarius thyinos A.H.Sm.	Lactarius thyinos		CA		Ontario	PRESENT		28eb1a3f-1c15-4a95-931a-4af90ecb574d	45.121808	-77.974442	24.0						2022-09-17T12:15:24	17	9	2022	5462790	5248788	HUMAN_OBSERVATION	iNaturalist	Observations	135647358		amkirb	2022-09-19T11:03:16	CC_BY_NC_4_0	amkirb	amkirb			2025-01-14T13:25:48.181Z	StillImage	COORDINATE_ROUNDED;CONTINENT_DERIVED_FROM_COORDINATES;TAXON_MATCH_TAXON_ID_IGNORED
3947298561	50c9509d-22c7-4a22-a47d-8c48425ef4a7	https://www.inaturalist.org/observations/138908063	Fungi	Basidiomycota	Agaricomycetes	Russulales	Russulaceae	Lactarius	Lactarius salmonicolor		SPECIES	Lactarius thyinos A.H.Sm.	Lactarius thyinos		CA		Ontario	PRESENT		28eb1a3f-1c15-4a95-931a-4af90ecb574d	45.06003	-78.460799							2022-10-14T13:00:59	14	10	2022	5462790	5248788	HUMAN_OBSERVATION	iNaturalist	Observations	138908063		Lee Cumming	2022-10-15T23:29:05	CC_BY_NC_4_0	Lee Cumming	Lee Cumming			2025-01-14T12:34:21.692Z		COORDINATE_ROUNDED;CONTINENT_DERIVED_FROM_COORDINATES;TAXON_MATCH_TAXON_ID_IGNORED
3947193657	50c9509d-22c7-4a22-a47d-8c48425ef4a7	https://www.inaturalist.org/observations/127324601	Fungi	Basidiomycota	Agaricomycetes	Russulales	Russulaceae	Lactarius	Lactarius salmonicolor		SPECIES	Lactarius thyinos A.H.Sm.	Lactarius thyinos		CA		Ontario	PRESENT		28eb1a3f-1c15-4a95-931a-4af90ecb574d	45.088178	-78.415767							2021-10-15T15:56:05	15	10	2021	5462790	5248788	HUMAN_OBSERVATION	iNaturalist	Observations	127324601		Lee Cumming	2022-07-22T06:18:00	CC_BY_NC_4_0	Lee Cumming	Lee Cumming			2025-01-14T13:23:30.933Z		COORDINATE_ROUNDED;CONTINENT_DERIVED_FROM_COORDINATES;TAXON_MATCH_TAXON_ID_IGNORED
3925009756	50c9509d-22c7-4a22-a47d-8c48425ef4a7	https://www.inaturalist.org/observations/137481698	Fungi	Basidiomycota	Agaricomycetes	Russulales	Russulaceae	Lactarius	Lactarius salmonicolor		SPECIES	Lactarius thyinos A.H.Sm.	Lactarius thyinos		CA		Ontario	PRESENT		28eb1a3f-1c15-4a95-931a-4af90ecb574d	45.052533	-75.702058	27222.0						2022-09-17T09:21:11	17	9	2022	5462790	5248788	HUMAN_OBSERVATION	iNaturalist	Observations	137481698		rhondapttr	2022-10-04T01:39:03	CC_BY_NC_4_0	rhondapttr	rhondapttr			2025-01-14T12:31:51.448Z	StillImage	COORDINATE_ROUNDED;CONTINENT_DERIVED_FROM_COORDINATES;TAXON_MATCH_TAXON_ID_IGNORED
3915495660	50c9509d-22c7-4a22-a47d-8c48425ef4a7	https://www.inaturalist.org/observations/133787000	Fungi	Basidiomycota	Agaricomycetes	Russulales	Russulaceae	Lactarius	Lactarius salmonicolor		SPECIES	Lactarius thyinos A.H.Sm.	Lactarius thyinos		CA		Québec	PRESENT		28eb1a3f-1c15-4a95-931a-4af90ecb574d	46.842737	-71.479155	58.0						2022-09-03T15:41:12	3	9	2022	5462790	5248788	HUMAN_OBSERVATION	iNaturalist	Observations	133787000		Philippe Hénault	2022-09-05T17:13:01	CC_BY_NC_4_0	Philippe Hénault	Philippe Hénault			2025-01-14T12:31:24.974Z	StillImage	COORDINATE_ROUNDED;CONTINENT_DERIVED_FROM_COORDINATES;TAXON_MATCH_TAXON_ID_IGNORED
3915403707	50c9509d-22c7-4a22-a47d-8c48425ef4a7	https://www.inaturalist.org/observations/132284431	Fungi	Basidiomycota	Agaricomycetes	Russulales	Russulaceae	Lactarius	Lactarius salmonicolor		SPECIES	Lactarius thyinos A.H.Sm.	Lactarius thyinos		CA		New Brunswick	PRESENT		28eb1a3f-1c15-4a95-931a-4af90ecb574d	45.440025	-65.977295	27.0						2022-08-25T11:29:04	25	8	2022	5462790	5248788	HUMAN_OBSERVATION	iNaturalist	Observations	132284431		Alfredo Justo	2022-08-26T11:52:57	CC_BY_NC_4_0	Todd Ross	Todd Ross			2025-01-14T12:31:14.103Z	StillImage	CONTINENT_DERIVED_FROM_COORDINATES;TAXON_MATCH_TAXON_ID_IGNORED
3903645482	50c9509d-22c7-4a22-a47d-8c48425ef4a7	https://www.inaturalist.org/observations/134233982	Fungi	Basidiomycota	Agaricomycetes	Russulales	Russulaceae	Lactarius	Lactarius salmonicolor		SPECIES	Lactarius thyinos A.H.Sm.	Lactarius thyinos		CA		Québec	PRESENT		28eb1a3f-1c15-4a95-931a-4af90ecb574d	45.949727	-76.45006	27095.0						2022-09-05T11:41	5	9	2022	5462790	5248788	HUMAN_OBSERVATION	iNaturalist	Observations	134233982		L Joan Heyding	2022-09-08T22:59:27	CC_BY_NC_4_0	L Joan Heyding	L Joan Heyding			2025-01-14T13:25:37.387Z	StillImage	COORDINATE_ROUNDED;CONTINENT_DERIVED_FROM_COORDINATES;TAXON_MATCH_TAXON_ID_IGNORED
3903260906	50c9509d-22c7-4a22-a47d-8c48425ef4a7	https://www.inaturalist.org/observations/133277683	Fungi	Basidiomycota	Agaricomycetes	Russulales	Russulaceae	Lactarius	Lactarius salmonicolor		SPECIES	Lactarius thyinos A.H.Sm.	Lactarius thyinos		CA		Québec	PRESENT		28eb1a3f-1c15-4a95-931a-4af90ecb574d	45.940878	-76.501612	27095.0						2022-08-31T11:44	31	8	2022	5462790	5248788	HUMAN_OBSERVATION	iNaturalist	Observations	133277683		L Joan Heyding	2022-09-02T00:23:15	CC_BY_NC_4_0	L Joan Heyding	L Joan Heyding			2025-01-14T13:25:10.357Z	StillImage	COORDINATE_ROUNDED;CONTINENT_DERIVED_FROM_COORDINATES;TAXON_MATCH_TAXON_ID_IGNORED
3903050433	50c9509d-22c7-4a22-a47d-8c48425ef4a7	https://www.inaturalist.org/observations/133267613	Fungi	Basidiomycota	Agaricomycetes	Russulales	Russulaceae	Lactarius	Lactarius salmonicolor		SPECIES	Lactarius thyinos A.H.Sm.	Lactarius thyinos		CA		New Brunswick	PRESENT		28eb1a3f-1c15-4a95-931a-4af90ecb574d	45.913608	-66.908387	8.0						2022-09-01T19:25:19	1	9	2022	5462790	5248788	HUMAN_OBSERVATION	iNaturalist	Observations	133267613		meganbv	2022-09-01T22:38:56	CC_BY_NC_4_0	meganbv	meganbv			2025-01-14T13:25:08.658Z	StillImage	COORDINATE_ROUNDED;CONTINENT_DERIVED_FROM_COORDINATES;TAXON_MATCH_TAXON_ID_IGNORED
3772983441	50c9509d-22c7-4a22-a47d-8c48425ef4a7	https://www.inaturalist.org/observations/96245681	Fungi	Basidiomycota	Agaricomycetes	Russulales	Russulaceae	Lactarius	Lactarius salmonicolor		SPECIES	Lactarius thyinos A.H.Sm.	Lactarius thyinos		CA		Québec	PRESENT		28eb1a3f-1c15-4a95-931a-4af90ecb574d	45.717073	-70.942371	27126.0						2021-09-26T10:23:57	26	9	2021	5462790	5248788	HUMAN_OBSERVATION	iNaturalist	Observations	96245681		Jan Thornhill	2022-02-26T15:47:15	CC_BY_NC_4_0	Véronique G. Champagne	Véronique G. Champagne			2025-01-14T12:22:19.315Z	StillImage	COORDINATE_ROUNDED;CONTINENT_DERIVED_FROM_COORDINATES;TAXON_MATCH_TAXON_ID_IGNORED
3772763451	50c9509d-22c7-4a22-a47d-8c48425ef4a7	https://www.inaturalist.org/observations/96521447	Fungi	Basidiomycota	Agaricomycetes	Russulales	Russulaceae	Lactarius	Lactarius salmonicolor		SPECIES	Lactarius thyinos A.H.Sm.	Lactarius thyinos		CA		Québec	PRESENT		28eb1a3f-1c15-4a95-931a-4af90ecb574d	45.729141	-70.899621	27126.0						2021-09-28T17:37:46Z	28	9	2021	5462790	5248788	HUMAN_OBSERVATION	iNaturalist	Observations	96521447		Jan Thornhill	2022-02-26T15:28:36	CC_BY_NC_4_0	Véronique G. Champagne	Véronique G. Champagne			2025-01-14T12:22:11.464Z	StillImage	COORDINATE_ROUNDED;CONTINENT_DERIVED_FROM_COORDINATES;TAXON_MATCH_TAXON_ID_IGNORED
3759893457	50c9509d-22c7-4a22-a47d-8c48425ef4a7	https://www.inaturalist.org/observations/57763248	Fungi	Basidiomycota	Agaricomycetes	Russulales	Russulaceae	Lactarius	Lactarius salmonicolor		SPECIES	Lactarius thyinos A.H.Sm.	Lactarius thyinos		CA		Ontario	PRESENT		28eb1a3f-1c15-4a95-931a-4af90ecb574d	45.57525	-78.408195	4.0						2020-08-27T14:40:16	27	8	2020	5462790	5248788	HUMAN_OBSERVATION	iNaturalist	Observations	57763248		cinna_latifolia	2022-03-29T17:07:28	CC_BY_NC_4_0	Jeffrey H. Skevington	Jeffrey H. Skevington			2025-01-14T12:14:22.422Z	StillImage	CONTINENT_DERIVED_FROM_COORDINATES;TAXON_MATCH_TAXON_ID_IGNORED
3705743361	50c9509d-22c7-4a22-a47d-8c48425ef4a7	https://www.inaturalist.org/observations/60429558	Fungi	Basidiomycota	Agaricomycetes	Russulales	Russulaceae	Lactarius	Lactarius salmonicolor		SPECIES	Lactarius thyinos A.H.Sm.	Lactarius thyinos		CA		Québec	PRESENT		28eb1a3f-1c15-4a95-931a-4af90ecb574d	45.955038	-74.809662	5.0						2020-09-22T12:22:01	22	9	2020	5462790	5248788	HUMAN_OBSERVATION	iNaturalist	Observations	60429558		Jan Thornhill	2022-02-28T19:14:24	CC_BY_4_0	Mical	Mical			2025-01-14T12:15:33.140Z	StillImage	COORDINATE_ROUNDED;CONTINENT_DERIVED_FROM_COORDINATES;TAXON_MATCH_TAXON_ID_IGNORED
3705698348	50c9509d-22c7-4a22-a47d-8c48425ef4a7	https://www.inaturalist.org/observations/59432705	Fungi	Basidiomycota	Agaricomycetes	Russulales	Russulaceae	Lactarius	Lactarius salmonicolor		SPECIES	Lactarius thyinos A.H.Sm.	Lactarius thyinos		CA		Québec	PRESENT		28eb1a3f-1c15-4a95-931a-4af90ecb574d	45.135503	-72.785902	27222.0						2020-09-12T18:07:03	12	9	2020	5462790	5248788	HUMAN_OBSERVATION	iNaturalist	Observations	59432705		Jan Thornhill	2022-02-28T20:41:29	CC_BY_NC_4_0	wez	wez			2025-01-14T12:14:38.187Z	StillImage	COORDINATE_ROUNDED;CONTINENT_DERIVED_FROM_COORDINATES;TAXON_MATCH_TAXON_ID_IGNORED
3705677328	50c9509d-22c7-4a22-a47d-8c48425ef4a7	https://www.inaturalist.org/observations/34110394	Fungi	Basidiomycota	Agaricomycetes	Russulales	Russulaceae	Lactarius	Lactarius salmonicolor		SPECIES	Lactarius thyinos A.H.Sm.	Lactarius thyinos		CA		New Brunswick	PRESENT		28eb1a3f-1c15-4a95-931a-4af90ecb574d	46.148055	-64.399594	1503.0						2018-09-30T11:11	30	9	2018	5462790	5248788	HUMAN_OBSERVATION	iNaturalist	Observations	34110394		Raymonde G Chartier	2019-10-09T11:36:04	CC_BY_NC_4_0	Raymonde G Chartier	Raymonde G Chartier			2025-01-14T12:09:38.486Z	StillImage	COORDINATE_ROUNDED;CONTINENT_DERIVED_FROM_COORDINATES;TAXON_MATCH_TAXON_ID_IGNORED
3705594357	50c9509d-22c7-4a22-a47d-8c48425ef4a7	https://www.inaturalist.org/observations/61634503	Fungi	Basidiomycota	Agaricomycetes	Russulales	Russulaceae	Lactarius	Lactarius salmonicolor		SPECIES	Lactarius thyinos A.H.Sm.	Lactarius thyinos		CA		Ontario	PRESENT		28eb1a3f-1c15-4a95-931a-4af90ecb574d	45.436371	-76.332089	31.0						2020-10-03T11:34	3	10	2020	5462790	5248788	HUMAN_OBSERVATION	iNaturalist	Observations	61634503		jonathan_mack	2020-10-04T02:05:59	CC_BY_NC_4_0	jonathan_mack	jonathan_mack			2025-01-14T12:15:04.821Z	StillImage	COORDINATE_ROUNDED;CONTINENT_DERIVED_FROM_COORDINATES;TAXON_MATCH_TAXON_ID_IGNORED
3705389347	50c9509d-22c7-4a22-a47d-8c48425ef4a7	https://www.inaturalist.org/observations/60787759	Fungi	Basidiomycota	Agaricomycetes	Russulales	Russulaceae	Lactarius	Lactarius salmonicolor		SPECIES	Lactarius thyinos A.H.Sm.	Lactarius thyinos		CA		Ontario	PRESENT		28eb1a3f-1c15-4a95-931a-4af90ecb574d	45.338753	-75.969421	61.0						2020-09-14T17:28	14	9	2020	5462790	5248788	HUMAN_OBSERVATION	iNaturalist	Observations	60787759		Serguei Ponomarenko	2020-09-26T03:28:00	CC_BY_NC_4_0	Serguei Ponomarenko	Serguei Ponomarenko			2025-01-14T13:09:58.568Z	StillImage	COORDINATE_ROUNDED;CONTINENT_DERIVED_FROM_COORDINATES;TAXON_MATCH_TAXON_ID_IGNORED
3698294489	50c9509d-22c7-4a22-a47d-8c48425ef4a7	https://www.inaturalist.org/observations/97085283	Fungi	Basidiomycota	Agaricomycetes	Russulales	Russulaceae	Lactarius	Lactarius salmonicolor		SPECIES	Lactarius thyinos A.H.Sm.	Lactarius thyinos		CA		Québec	PRESENT		28eb1a3f-1c15-4a95-931a-4af90ecb574d	45.87369	-76.551909	27095.0						2021-10-01T10:27	1	10	2021	5462790	5248788	HUMAN_OBSERVATION	iNaturalist	Observations	97085283		L Joan Heyding	2021-10-03T23:13:29	CC_BY_NC_4_0	L Joan Heyding	L Joan Heyding			2025-01-14T13:16:26.812Z	StillImage	COORDINATE_ROUNDED;CONTINENT_DERIVED_FROM_COORDINATES;TAXON_MATCH_TAXON_ID_IGNORED
3698242459	50c9509d-22c7-4a22-a47d-8c48425ef4a7	https://www.inaturalist.org/observations/90259938	Fungi	Basidiomycota	Agaricomycetes	Russulales	Russulaceae	Lactarius	Lactarius salmonicolor		SPECIES	Lactarius thyinos A.H.Sm.	Lactarius thyinos		CA		Québec	PRESENT		28eb1a3f-1c15-4a95-931a-4af90ecb574d	45.925017	-74.016262	5.0						2021-08-07T10:13:28	7	8	2021	5462790	5248788	HUMAN_OBSERVATION	iNaturalist	Observations	90259938		timfoster	2021-08-07T14:15:42	CC_BY_NC_4_0	timfoster	timfoster			2025-01-14T13:14:03.490Z	StillImage	COORDINATE_ROUNDED;CONTINENT_DERIVED_FROM_COORDINATES;TAXON_MATCH_TAXON_ID_IGNORED
3468771721	50c9509d-22c7-4a22-a47d-8c48425ef4a7	https://www.inaturalist.org/observations/106146172	Fungi	Basidiomycota	Agaricomycetes	Russulales	Russulaceae	Lactarius	Lactarius salmonicolor		SPECIES	Lactarius thyinos A.H.Sm.	Lactarius thyinos		CA		Québec	PRESENT		28eb1a3f-1c15-4a95-931a-4af90ecb574d	45.987025	-76.508441	27095.0						2021-10-01T10:40	1	10	2021	5462790	5248788	HUMAN_OBSERVATION	iNaturalist	Observations	106146172		L Joan Heyding	2022-02-05T00:26:33	CC_BY_NC_4_0	L Joan Heyding	L Joan Heyding			2025-01-14T13:17:58.414Z	StillImage	COORDINATE_ROUNDED;CONTINENT_DERIVED_FROM_COORDINATES;TAXON_MATCH_TAXON_ID_IGNORED
3456249355	50c9509d-22c7-4a22-a47d-8c48425ef4a7	https://www.inaturalist.org/observations/104459798	Fungi	Basidiomycota	Agaricomycetes	Russulales	Russulaceae	Lactarius	Lactarius salmonicolor		SPECIES	Lactarius thyinos A.H.Sm.	Lactarius thyinos		CA		Québec	PRESENT		28eb1a3f-1c15-4a95-931a-4af90ecb574d	46.920848	-71.236218	122.0						2021-10-06	6	10	2021	5462790	5248788	HUMAN_OBSERVATION	iNaturalist	Observations	104459798		Jan Thornhill	2022-01-07T13:45:09	CC_BY_NC_4_0	Christian Grenier	Christian Grenier			2025-01-14T12:24:51.394Z	StillImage	COORDINATE_ROUNDED;CONTINENT_DERIVED_FROM_COORDINATES;TAXON_MATCH_TAXON_ID_IGNORED
3415461960	50c9509d-22c7-4a22-a47d-8c48425ef4a7	https://www.inaturalist.org/observations/95879850	Fungi	Basidiomycota	Agaricomycetes	Russulales	Russulaceae	Lactarius	Lactarius salmonicolor		SPECIES	Lactarius thyinos A.H.Sm.	Lactarius thyinos		CA		New Brunswick	PRESENT		28eb1a3f-1c15-4a95-931a-4af90ecb574d	47.620618	-65.682928	18.0						2021-09-23T14:44:11	23	9	2021	5462790	5248788	HUMAN_OBSERVATION	iNaturalist	Observations	95879850		Alfredo Justo	2021-09-27T01:25:52	CC_BY_NC_4_0	idacoulib	idacoulib			2025-01-14T12:21:38.797Z	StillImage	COORDINATE_ROUNDED;CONTINENT_DERIVED_FROM_COORDINATES;TAXON_MATCH_TAXON_ID_IGNORED
3408002779	50c9509d-22c7-4a22-a47d-8c48425ef4a7	https://www.inaturalist.org/observations/99752097	Fungi	Basidiomycota	Agaricomycetes	Russulales	Russulaceae	Lactarius	Lactarius salmonicolor		SPECIES	Lactarius thyinos A.H.Sm.	Lactarius thyinos		CA		Ontario	PRESENT		28eb1a3f-1c15-4a95-931a-4af90ecb574d	45.361023	-75.532559	183.0						2021-10-29T11:52	29	10	2021	5462790	5248788	HUMAN_OBSERVATION	iNaturalist	Observations	99752097		L Joan Heyding	2021-10-30T01:14:34	CC_BY_NC_4_0	L Joan Heyding	L Joan Heyding			2025-01-14T12:23:40.395Z	StillImage	COORDINATE_ROUNDED;CONTINENT_DERIVED_FROM_COORDINATES;TAXON_MATCH_TAXON_ID_IGNORED
3384023242	50c9509d-22c7-4a22-a47d-8c48425ef4a7	https://www.inaturalist.org/observations/96215077	Fungi	Basidiomycota	Agaricomycetes	Russulales	Russulaceae	Lactarius	Lactarius salmonicolor		SPECIES	Lactarius thyinos A.H.Sm.	Lactarius thyinos		CA		New Brunswick	PRESENT		28eb1a3f-1c15-4a95-931a-4af90ecb574d	45.957358	-66.710525	5.0						2021-09-24T11:26:07	24	9	2021	5462790	5248788	HUMAN_OBSERVATION	iNaturalist	Observations	96215077		Alfredo Justo	2021-09-27T01:19:25	CC_BY_NC_4_0	spetrovich	spetrovich			2025-01-14T13:10:43.943Z	StillImage	COORDINATE_ROUNDED;CONTINENT_DERIVED_FROM_COORDINATES;TAXON_MATCH_TAXON_ID_IGNORED
3333071185	50c9509d-22c7-4a22-a47d-8c48425ef4a7	https://www.inaturalist.org/observations/88753557	Fungi	Basidiomycota	Agaricomycetes	Russulales	Russulaceae	Lactarius	Lactarius salmonicolor		SPECIES	Lactarius thyinos A.H.Sm.	Lactarius thyinos		CA		New Brunswick	PRESENT		28eb1a3f-1c15-4a95-931a-4af90ecb574d	46.179492	-67.626723	57.0						2021-07-26T19:12:38	26	7	2021	5462790	5248788	HUMAN_OBSERVATION	iNaturalist	Observations	88753557		Alfredo Justo	2021-07-27T00:02:05	CC_BY_NC_4_0	jackievandijk	jackievandijk			2025-01-14T12:20:21.155Z	StillImage	COORDINATE_ROUNDED;CONTINENT_DERIVED_FROM_COORDINATES;TAXON_MATCH_TAXON_ID_IGNORED
3079631696	50c9509d-22c7-4a22-a47d-8c48425ef4a7	https://www.inaturalist.org/observations/33917704	Fungi	Basidiomycota	Agaricomycetes	Russulales	Russulaceae	Lactarius	Lactarius salmonicolor		SPECIES	Lactarius thyinos A.H.Sm.	Lactarius thyinos		CA		Ontario	PRESENT		28eb1a3f-1c15-4a95-931a-4af90ecb574d	45.158141	-76.25468	27222.0						2019-10-05T17:07	5	10	2019	5462790	5248788	HUMAN_OBSERVATION	iNaturalist	Observations	33917704		Igor Khomenko	2019-10-06T21:00:40	CC_BY_NC_4_0	Igor Khomenko	Igor Khomenko			2025-01-14T12:10:51.737Z	StillImage	COORDINATE_ROUNDED;CONTINENT_DERIVED_FROM_COORDINATES;TAXON_MATCH_TAXON_ID_IGNORED
3079563689	50c9509d-22c7-4a22-a47d-8c48425ef4a7	https://www.inaturalist.org/observations/34656381	Fungi	Basidiomycota	Agaricomycetes	Russulales	Russulaceae	Lactarius	Lactarius salmonicolor		SPECIES	Lactarius thyinos A.H.Sm.	Lactarius thyinos		CA		Ontario	PRESENT		28eb1a3f-1c15-4a95-931a-4af90ecb574d	45.07256	-76.356325	27222.0						2019-10-19T14:09	19	10	2019	5462790	5248788	HUMAN_OBSERVATION	iNaturalist	Observations	34656381		Igor Khomenko	2019-10-20T21:46:46	CC_BY_NC_4_0	Igor Khomenko	Igor Khomenko			2025-01-14T13:03:53.922Z	StillImage	COORDINATE_ROUNDED;CONTINENT_DERIVED_FROM_COORDINATES;TAXON_MATCH_TAXON_ID_IGNORED
2862307596	50c9509d-22c7-4a22-a47d-8c48425ef4a7	https://www.inaturalist.org/observations/58528527	Fungi	Basidiomycota	Agaricomycetes	Russulales	Russulaceae	Lactarius	Lactarius salmonicolor		SPECIES	Lactarius salmonicolor R.Heim & Leclair	Lactarius salmonicolor		CA		Ontario	PRESENT		28eb1a3f-1c15-4a95-931a-4af90ecb574d	45.184756	-76.427831	95861.0						2020-09-04T09:06:14	4	9	2020	5248788	5248788	HUMAN_OBSERVATION	iNaturalist	Observations	58528527		Hugo Basurto	2020-09-04T19:50:45	CC_BY_NC_4_0	rattuscanadensis	rattuscanadensis			2025-01-14T12:14:40.163Z	StillImage	COORDINATE_ROUNDED;CONTINENT_DERIVED_FROM_COORDINATES;TAXON_MATCH_TAXON_ID_IGNORED
2850897711	50c9509d-22c7-4a22-a47d-8c48425ef4a7	https://www.inaturalist.org/observations/56452770	Fungi	Basidiomycota	Agaricomycetes	Russulales	Russulaceae	Lactarius	Lactarius salmonicolor		SPECIES	Lactarius thyinos A.H.Sm.	Lactarius thyinos		CA		Ontario	PRESENT		28eb1a3f-1c15-4a95-931a-4af90ecb574d	45.071753	-79.117632	229.0						2020-08-14T14:46	14	8	2020	5462790	5248788	HUMAN_OBSERVATION	iNaturalist	Observations	56452770		mycowalt	2020-08-15T03:42:03	CC_BY_NC_4_0	Peter Jessen	Peter Jessen			2025-01-14T13:04:58.394Z	StillImage	COORDINATE_ROUNDED;CONTINENT_DERIVED_FROM_COORDINATES;TAXON_MATCH_TAXON_ID_IGNORED
2576435995	50c9509d-22c7-4a22-a47d-8c48425ef4a7	https://www.inaturalist.org/observations/34158698	Fungi	Basidiomycota	Agaricomycetes	Russulales	Russulaceae	Lactarius	Lactarius salmonicolor		SPECIES	Lactarius thyinos A.H.Sm.	Lactarius thyinos		CA		New Brunswick	PRESENT		28eb1a3f-1c15-4a95-931a-4af90ecb574d	46.472276	-64.724265	3403.0						2012-09-23T13:40	23	9	2012	5462790	5248788	HUMAN_OBSERVATION	iNaturalist	Observations	34158698		Raymonde G Chartier	2019-10-10T13:42:24	CC_BY_NC_4_0	Raymonde G Chartier	Raymonde G Chartier			2025-01-14T12:09:42.856Z	StillImage	COORDINATE_ROUNDED;CONTINENT_DERIVED_FROM_COORDINATES;TAXON_MATCH_TAXON_ID_IGNORED
2576402897	50c9509d-22c7-4a22-a47d-8c48425ef4a7	https://www.inaturalist.org/observations/35047476	Fungi	Basidiomycota	Agaricomycetes	Russulales	Russulaceae	Lactarius	Lactarius salmonicolor		SPECIES	Lactarius thyinos A.H.Sm.	Lactarius thyinos		CA		New Brunswick	PRESENT		28eb1a3f-1c15-4a95-931a-4af90ecb574d	46.115994	-64.804053	61.0						2016-07-28T11:07	28	7	2016	5462790	5248788	HUMAN_OBSERVATION	iNaturalist	Observations	35047476		Raymonde G Chartier	2019-10-29T14:32:00	CC_BY_NC_4_0	Raymonde G Chartier	Raymonde G Chartier			2025-01-14T12:09:42.883Z	StillImage	COORDINATE_ROUNDED;CONTINENT_DERIVED_FROM_COORDINATES;TAXON_MATCH_TAXON_ID_IGNORED
2576310181	50c9509d-22c7-4a22-a47d-8c48425ef4a7	https://www.inaturalist.org/observations/34299658	Fungi	Basidiomycota	Agaricomycetes	Russulales	Russulaceae	Lactarius	Lactarius salmonicolor		SPECIES	Lactarius thyinos A.H.Sm.	Lactarius thyinos		CA		New Brunswick	PRESENT		28eb1a3f-1c15-4a95-931a-4af90ecb574d	46.218177	-64.506683	182.0						2018-08-17T11:54	17	8	2018	5462790	5248788	HUMAN_OBSERVATION	iNaturalist	Observations	34299658		Raymonde G Chartier	2019-10-13T13:13:58	CC_BY_NC_4_0	Raymonde G Chartier	Raymonde G Chartier			2025-01-14T13:06:25.178Z	StillImage	COORDINATE_ROUNDED;CONTINENT_DERIVED_FROM_COORDINATES;TAXON_MATCH_TAXON_ID_IGNORED
2563467921	50c9509d-22c7-4a22-a47d-8c48425ef4a7	https://www.inaturalist.org/observations/34580439	Fungi	Basidiomycota	Agaricomycetes	Russulales	Russulaceae	Lactarius	Lactarius salmonicolor		SPECIES	Lactarius thyinos A.H.Sm.	Lactarius thyinos		CA		New Brunswick	PRESENT		28eb1a3f-1c15-4a95-931a-4af90ecb574d	46.215025	-64.287683	488.0						2014-08-24T13:31	24	8	2014	5462790	5248788	HUMAN_OBSERVATION	iNaturalist	Observations	34580439		Raymonde G Chartier	2019-10-19T13:58:36	CC_BY_NC_4_0	Raymonde G Chartier	Raymonde G Chartier			2025-01-14T12:09:49.876Z	StillImage	COORDINATE_ROUNDED;CONTINENT_DERIVED_FROM_COORDINATES;TAXON_MATCH_TAXON_ID_IGNORED
2459991975	50c9509d-22c7-4a22-a47d-8c48425ef4a7	https://www.inaturalist.org/observations/16178395	Fungi	Basidiomycota	Agaricomycetes	Russulales	Russulaceae	Lactarius	Lactarius salmonicolor		SPECIES	Lactarius thyinos A.H.Sm.	Lactarius thyinos		CA		Ontario	PRESENT		28eb1a3f-1c15-4a95-931a-4af90ecb574d	45.138303	-78.178125	10.0						2018-09-03T15:25:31	3	9	2018	5462790	5248788	HUMAN_OBSERVATION	iNaturalist	Observations	16178395		erondel	2018-09-03T19:27:03	CC_BY_NC_4_0	erondel	erondel			2025-01-14T12:05:47.406Z	StillImage	COORDINATE_ROUNDED;CONTINENT_DERIVED_FROM_COORDINATES;TAXON_MATCH_TAXON_ID_IGNORED
2366053874	50c9509d-22c7-4a22-a47d-8c48425ef4a7	https://www.inaturalist.org/observations/30946421	Fungi	Basidiomycota	Agaricomycetes	Russulales	Russulaceae	Lactarius	Lactarius salmonicolor		SPECIES	Lactarius thyinos A.H.Sm.	Lactarius thyinos		CA		New Brunswick	PRESENT		28eb1a3f-1c15-4a95-931a-4af90ecb574d	45.157272	-66.229767	50.0						2019-08-16T10:14	16	8	2019	5462790	5248788	HUMAN_OBSERVATION	iNaturalist	Observations	30946421		Alfredo Justo	2019-08-16T18:49:37	CC_BY_NC_4_0	Alfredo Justo	Alfredo Justo			2025-01-14T12:09:17.357Z	StillImage	COORDINATE_ROUNDED;CONTINENT_DERIVED_FROM_COORDINATES;TAXON_MATCH_TAXON_ID_IGNORED
2366053358	50c9509d-22c7-4a22-a47d-8c48425ef4a7	https://www.inaturalist.org/observations/30946262	Fungi	Basidiomycota	Agaricomycetes	Russulales	Russulaceae	Lactarius	Lactarius salmonicolor		SPECIES	Lactarius thyinos A.H.Sm.	Lactarius thyinos		CA		New Brunswick	PRESENT		28eb1a3f-1c15-4a95-931a-4af90ecb574d	45.157086	-66.229164	5.0						2019-08-16T10:03	16	8	2019	5462790	5248788	HUMAN_OBSERVATION	iNaturalist	Observations	30946262		Alfredo Justo	2019-08-16T18:46:00	CC_BY_NC_4_0	Alfredo Justo	Alfredo Justo			2025-01-14T12:08:48.033Z	StillImage	COORDINATE_ROUNDED;CONTINENT_DERIVED_FROM_COORDINATES;TAXON_MATCH_TAXON_ID_IGNORED
2350396723	50c9509d-22c7-4a22-a47d-8c48425ef4a7	https://www.inaturalist.org/observations/30705639	Fungi	Basidiomycota	Agaricomycetes	Russulales	Russulaceae	Lactarius	Lactarius salmonicolor		SPECIES	Lactarius thyinos A.H.Sm.	Lactarius thyinos		CA		New Brunswick	PRESENT		28eb1a3f-1c15-4a95-931a-4af90ecb574d	45.220447	-66.131578	5.0						2019-08-12T09:48	12	8	2019	5462790	5248788	HUMAN_OBSERVATION	iNaturalist	Observations	30705639		Alfredo Justo	2019-08-12T19:47:18	CC_BY_NC_4_0	Alfredo Justo	Alfredo Justo			2025-01-14T13:03:28.688Z	StillImage	COORDINATE_ROUNDED;CONTINENT_DERIVED_FROM_COORDINATES;TAXON_MATCH_TAXON_ID_IGNORED
1847647090	50c9509d-22c7-4a22-a47d-8c48425ef4a7	https://www.inaturalist.org/observations/9593400	Fungi	Basidiomycota	Agaricomycetes	Russulales	Russulaceae	Lactarius	Lactarius salmonicolor		SPECIES	Lactarius thyinos A.H.Sm.	Lactarius thyinos		CA		Ontario	PRESENT		28eb1a3f-1c15-4a95-931a-4af90ecb574d	45.39615	-79.19605	427.0						2016-09-20	20	9	2016	5462790	5248788	HUMAN_OBSERVATION	iNaturalist	Observations	9593400		mycowalt	2018-01-24T02:04:06	CC_BY_NC_4_0	mycowalt	mycowalt			2025-01-14T12:04:21.435Z	StillImage	CONTINENT_DERIVED_FROM_COORDINATES;TAXON_MATCH_TAXON_ID_IGNORED
1847646006	50c9509d-22c7-4a22-a47d-8c48425ef4a7	https://www.inaturalist.org/observations/9577017	Fungi	Basidiomycota	Agaricomycetes	Russulales	Russulaceae	Lactarius	Lactarius salmonicolor		SPECIES	Lactarius thyinos A.H.Sm.	Lactarius thyinos		CA		Ontario	PRESENT		28eb1a3f-1c15-4a95-931a-4af90ecb574d	45.35695	-79.0971	33539.0						2014-09-20	20	9	2014	5462790	5248788	HUMAN_OBSERVATION	iNaturalist	Observations	9577017		mycowalt	2018-01-23T18:38:36	CC_BY_NC_4_0	mycowalt	mycowalt			2025-01-14T12:04:21.330Z	StillImage	CONTINENT_DERIVED_FROM_COORDINATES;TAXON_MATCH_TAXON_ID_IGNORED
1806349821	50c9509d-22c7-4a22-a47d-8c48425ef4a7	https://www.inaturalist.org/observations/9573773	Fungi	Basidiomycota	Agaricomycetes	Russulales	Russulaceae	Lactarius	Lactarius salmonicolor		SPECIES	Lactarius thyinos A.H.Sm.	Lactarius thyinos		CA		Québec	PRESENT		28eb1a3f-1c15-4a95-931a-4af90ecb574d	48.84385	-67.531	1427.0						2013-08-10	10	8	2013	5462790	5248788	HUMAN_OBSERVATION	iNaturalist	Observations	9573773		mycowalt	2018-01-23T11:08:51	CC_BY_NC_4_0	mycowalt	mycowalt			2025-01-14T13:00:14.235Z	StillImage	CONTINENT_DERIVED_FROM_COORDINATES;TAXON_MATCH_TAXON_ID_IGNORED
1701558106	39bd4817-9530-4341-a918-4f16b8db1419	UdeM:CMMF:Blitz2017:95	Fungi	Basidiomycota	Agaricomycetes	Russulales	Russulaceae	Lactarius	Lactarius salmonicolor		SPECIES	Lactarius thyinos A.H.Sm.	Lactarius thyinos A.H. Sm., 1960	A.H. Sm., 1960	CA	Parc des Chutes de Sainte-Ursule	Québec	PRESENT		ff7bd5db-b724-4932-b496-10ea298851f9	46.300422	-73.094321	500.0						2017-08-09	9	8	2017	5462790	5248788	HUMAN_OBSERVATION	Université de Montréal Biodiversity Centre	CMMF			Raymond Archambault et Joseph Nuzzolese	2017-08-09T00:00:00	CC0_1_0		IRBV's graduate students			2024-01-24T17:29:10.289Z		
1412703311	21705170-d2b6-42de-8904-c3bca4b83591	CMMF011745	Fungi	Basidiomycota	Agaricomycetes	Russulales	Russulaceae	Lactarius	Lactarius salmonicolor		SPECIES	Lactarius thyinos A.H.Sm.	Lactarius thyinos A.H. Sm.	A.H. Sm.	CA	Sainte-Irène, Matapédia, Québec.	Québec	PRESENT		ff7bd5db-b724-4932-b496-10ea298851f9	48.434787	-67.590575	8000.0						1972-08-21	21	8	1972	5462790	5248788	PRESERVED_SPECIMEN	Université de Montréal Biodiversity Centre	CMMF	CMMF011745	5	Chamberland, C.A.		CC0_1_0	Université de Montréal Biodiversity Centre	Abud, Louise; Campagna, Elzéar			2024-01-24T16:38:18.283Z		INSTITUTION_MATCH_FUZZY;COLLECTION_MATCH_FUZZY;DIFFERENT_OWNER_INSTITUTION
1412703247	21705170-d2b6-42de-8904-c3bca4b83591	CMMF011740	Fungi	Basidiomycota	Agaricomycetes	Russulales	Russulaceae	Lactarius	Lactarius salmonicolor		SPECIES	Lactarius thyinos A.H.Sm.	Lactarius thyinos A.H. Sm.	A.H. Sm.	CA	Sainte-Irène, Matapédia, Québec.	Québec	PRESENT		ff7bd5db-b724-4932-b496-10ea298851f9	48.434787	-67.590575	8000.0						1972-08-21	21	8	1972	5462790	5248788	PRESERVED_SPECIMEN	Université de Montréal Biodiversity Centre	CMMF	CMMF011740	9	Chamberland, C.A.		CC0_1_0	Université de Montréal Biodiversity Centre	Abud, Louise; Campagna, Elzéar			2024-01-24T16:38:18.277Z		INSTITUTION_MATCH_FUZZY;COLLECTION_MATCH_FUZZY;DIFFERENT_OWNER_INSTITUTION
1135071331	21705170-d2b6-42de-8904-c3bca4b83591	CMMF009887	Fungi	Basidiomycota	Agaricomycetes	Russulales	Russulaceae	Lactarius	Lactarius salmonicolor		SPECIES	Lactarius thyinos A.H.Sm.	Lactarius thyinos A.H. Sm.	A.H. Sm.	CA	210 de l'Éperon, boisé arrière, Lac-Beauport.	Québec	PRESENT		ff7bd5db-b724-4932-b496-10ea298851f9	46.964353	-71.306427	200.0						2007-08-30	30	8	2007	5462790	5248788	PRESERVED_SPECIMEN	Université de Montréal Biodiversity Centre	CMMF	CMMF009887	1471	Labrecque, Jacqueline		CC0_1_0	Université de Montréal Biodiversity Centre	Labrecque, Jacqueline			2024-01-24T16:38:21.306Z		INSTITUTION_MATCH_FUZZY;COLLECTION_MATCH_FUZZY;DIFFERENT_OWNER_INSTITUTION
1135071047	21705170-d2b6-42de-8904-c3bca4b83591	CMMF009540	Fungi	Basidiomycota	Agaricomycetes	Russulales	Russulaceae	Lactarius	Lactarius salmonicolor		SPECIES	Lactarius thyinos A.H.Sm.	Lactarius thyinos A.H. Sm.	A.H. Sm.	CA	Rue Rouleau, Château Bigot, Québec.	Québec	PRESENT		ff7bd5db-b724-4932-b496-10ea298851f9	46.898375	-71.266801	2000.0						2007-07-16	16	7	2007	5462790	5248788	PRESERVED_SPECIMEN	Université de Montréal Biodiversity Centre	CMMF	CMMF009540	1124	Labrecque, Jacqueline		CC0_1_0	Université de Montréal Biodiversity Centre	Labrecque, Jacqueline			2024-01-24T16:38:21.756Z		INSTITUTION_MATCH_FUZZY;COLLECTION_MATCH_FUZZY;DIFFERENT_OWNER_INSTITUTION
1135070425	21705170-d2b6-42de-8904-c3bca4b83591	CMMF009042	Fungi	Basidiomycota	Agaricomycetes	Russulales	Russulaceae	Lactarius	Lactarius salmonicolor		SPECIES	Lactarius thyinos A.H.Sm.	Lactarius thyinos A.H. Sm.	A.H. Sm.	CA	Château Bigot, Québec.	Québec	PRESENT		ff7bd5db-b724-4932-b496-10ea298851f9	46.898375	-71.266801	2000.0						2006-08-24	24	8	2006	5462790	5248788	PRESERVED_SPECIMEN	Université de Montréal Biodiversity Centre	CMMF	CMMF009042	625	Labrecque, Jacqueline		CC0_1_0	Université de Montréal Biodiversity Centre	Labrecque, Jacqueline			2024-01-24T16:38:20.198Z		INSTITUTION_MATCH_FUZZY;COLLECTION_MATCH_FUZZY;DIFFERENT_OWNER_INSTITUTION
1135069740	21705170-d2b6-42de-8904-c3bca4b83591	CMMF008214	Fungi	Basidiomycota	Agaricomycetes	Russulales	Russulaceae	Lactarius	Lactarius salmonicolor		SPECIES	Lactarius thyinos A.H.Sm.	Lactarius thyinos A.H. Sm.	A.H. Sm.	CA	Matane	Québec	PRESENT		ff7bd5db-b724-4932-b496-10ea298851f9	48.821667	-67.537667	100.0						2005-09-02	2	9	2005	5462790	5248788	PRESERVED_SPECIMEN	Université de Montréal Biodiversity Centre	CMMF	CMMF008214	C2381	McNeil, Raymond		CC0_1_0	Université de Montréal Biodiversity Centre	McNeil, Raymond			2024-01-24T16:38:18.345Z	StillImage	COORDINATE_ROUNDED;INSTITUTION_MATCH_FUZZY;COLLECTION_MATCH_FUZZY;DIFFERENT_OWNER_INSTITUTION
1135069721	21705170-d2b6-42de-8904-c3bca4b83591	CMMF008235	Fungi	Basidiomycota	Agaricomycetes	Russulales	Russulaceae	Lactarius	Lactarius salmonicolor		SPECIES	Lactarius thyinos A.H.Sm.	Lactarius thyinos A.H. Sm.	A.H. Sm.	CA	Matane	Québec	PRESENT		ff7bd5db-b724-4932-b496-10ea298851f9	48.821667	-67.537667	100.0						2005-09-12	12	9	2005	5462790	5248788	PRESERVED_SPECIMEN	Université de Montréal Biodiversity Centre	CMMF	CMMF008235	Inexistant	McNeil, Raymond		CC0_1_0	Université de Montréal Biodiversity Centre	McNeil, Raymond			2024-01-24T16:38:18.296Z	StillImage	COORDINATE_ROUNDED;INSTITUTION_MATCH_FUZZY;COLLECTION_MATCH_FUZZY;DIFFERENT_OWNER_INSTITUTION
1135069641	21705170-d2b6-42de-8904-c3bca4b83591	CMMF008236	Fungi	Basidiomycota	Agaricomycetes	Russulales	Russulaceae	Lactarius	Lactarius salmonicolor		SPECIES	Lactarius thyinos A.H.Sm.	Lactarius thyinos A.H. Sm.	A.H. Sm.	CA	Matane	Québec	PRESENT		ff7bd5db-b724-4932-b496-10ea298851f9	48.821667	-67.537667	100.0						2007-09-01	1	9	2007	5462790	5248788	PRESERVED_SPECIMEN	Université de Montréal Biodiversity Centre	CMMF	CMMF008236	Inexistant	McNeil, Raymond		CC0_1_0	Université de Montréal Biodiversity Centre	McNeil, Raymond			2024-01-24T16:38:18.286Z	StillImage	COORDINATE_ROUNDED;INSTITUTION_MATCH_FUZZY;COLLECTION_MATCH_FUZZY;DIFFERENT_OWNER_INSTITUTION
1135069572	21705170-d2b6-42de-8904-c3bca4b83591	CMMF008082	Fungi	Basidiomycota	Agaricomycetes	Russulales	Russulaceae	Lactarius	Lactarius salmonicolor		SPECIES	Lactarius thyinos A.H.Sm.	Lactarius thyinos A.H. Sm.	A.H. Sm.	CA	Rivière-Ouelle	Québec	PRESENT		ff7bd5db-b724-4932-b496-10ea298851f9	47.43365	-70.048867	100.0						2004-09-08	8	9	2004	5462790	5248788	PRESERVED_SPECIMEN	Université de Montréal Biodiversity Centre	CMMF	CMMF008082	C2000	McNeil, Raymond		CC0_1_0	Université de Montréal Biodiversity Centre	McNeil, Raymond			2024-01-24T16:38:18.101Z	StillImage	COORDINATE_ROUNDED;INSTITUTION_MATCH_FUZZY;COLLECTION_MATCH_FUZZY;DIFFERENT_OWNER_INSTITUTION
1135069318	21705170-d2b6-42de-8904-c3bca4b83591	CMMF007852	Fungi	Basidiomycota	Agaricomycetes	Russulales	Russulaceae	Lactarius	Lactarius salmonicolor		SPECIES	Lactarius thyinos A.H.Sm.	Lactarius thyinos A.H. Sm.	A.H. Sm.	CA	St-Fabien-de-Panet	Québec	PRESENT		ff7bd5db-b724-4932-b496-10ea298851f9	46.638667	-70.128333	100.0						1976-07-20	20	7	1976	5462790	5248788	PRESERVED_SPECIMEN	Université de Montréal Biodiversity Centre	CMMF	CMMF007852	Inexistant	McNeil, Raymond		CC0_1_0	Université de Montréal Biodiversity Centre	McNeil, Raymond			2024-01-24T16:38:14.792Z	StillImage	COORDINATE_ROUNDED;INSTITUTION_MATCH_FUZZY;COLLECTION_MATCH_FUZZY;DIFFERENT_OWNER_INSTITUTION
1135069300	21705170-d2b6-42de-8904-c3bca4b83591	CMMF007853	Fungi	Basidiomycota	Agaricomycetes	Russulales	Russulaceae	Lactarius	Lactarius salmonicolor		SPECIES	Lactarius thyinos A.H.Sm.	Lactarius thyinos A.H. Sm.	A.H. Sm.	CA	St-Fabien-de-Panet	Québec	PRESENT		ff7bd5db-b724-4932-b496-10ea298851f9	46.638667	-70.128333	100.0						1979-08-11	11	8	1979	5462790	5248788	PRESERVED_SPECIMEN	Université de Montréal Biodiversity Centre	CMMF	CMMF007853	Inexistant	McNeil, Raymond		CC0_1_0	Université de Montréal Biodiversity Centre	McNeil, Raymond			2024-01-24T16:38:14.780Z	StillImage	COORDINATE_ROUNDED;INSTITUTION_MATCH_FUZZY;COLLECTION_MATCH_FUZZY;DIFFERENT_OWNER_INSTITUTION
1135069019	21705170-d2b6-42de-8904-c3bca4b83591	CMMF007509	Fungi	Basidiomycota	Agaricomycetes	Russulales	Russulaceae	Lactarius	Lactarius salmonicolor		SPECIES	Lactarius thyinos A.H.Sm.	Lactarius thyinos A.H. Sm.	A.H. Sm.	CA	Mont-Rolland	Québec	PRESENT		ff7bd5db-b724-4932-b496-10ea298851f9	45.9425	-74.1115	100.0						1981-08-29	29	8	1981	5462790	5248788	PRESERVED_SPECIMEN	Université de Montréal Biodiversity Centre	CMMF	CMMF007509	1259	McNeil, Raymond		CC0_1_0	Université de Montréal Biodiversity Centre	McNeil, Raymond			2024-01-24T16:38:15.942Z	StillImage	INSTITUTION_MATCH_FUZZY;COLLECTION_MATCH_FUZZY;DIFFERENT_OWNER_INSTITUTION
