gbifID	datasetKey	occurrenceID	kingdom	phylum	class	order	family	genus	species	infraspecificEpithet	taxonRank	scientificName	verbatimScientificName	verbatimScientificNameAuthorship	countryCode	locality	stateProvince	occurrenceStatus	individualCount	publishingOrgKey	decimalLatitude	decimalLongitude	coordinateUncertaintyInMeters	coordinatePrecision	elevation	elevationAccuracy	depth	depthAccuracy	eventDate	day	month	year	taxonKey	speciesKey	basisOfRecord	institutionCode	collectionCode	catalogNumber	recordNumber	identifiedBy	dateIdentified	license	rightsHolder	recordedBy	typeStatus	establishmentMeans	lastInterpreted	mediaType	issue
694157272	d7cfd2ed-8af4-427f-a16e-eb66b7e2c419	15499	Fungi	Basidiomycota	Agaricomycetes	Agaricales	Hygrophoraceae	Ampulloclitocybe	Ampulloclitocybe clavipes		SPECIES	Clitocybe clavipes (Pers.) P.Kumm.	Clitocybe clavipes (Pers.) P. Kumm.	(Pers.) P. Kumm.	CA	Lake Clear	Ontario	PRESENT		ff418020-1d67-11d9-8435-b8a03c50a862	45.441104	-77.190971	4299.0						1958-10-12	12	10	1958	2538871	2538864	PRESERVED_SPECIMEN	Royal Ontario Museum	TRTC	TRTC034463		Cain, R.F.		CC0_1_0	Royal Ontario Museum	Lennox, E.			2024-01-25T00:59:40.271Z		COORDINATE_ROUNDED;AMBIGUOUS_INSTITUTION
694157046	d7cfd2ed-8af4-427f-a16e-eb66b7e2c419	14216	Fungi	Basidiomycota	Agaricomycetes	Agaricales	Hygrophoraceae	Ampulloclitocybe	Ampulloclitocybe clavipes		SPECIES	Clitocybe clavipes (Pers.) P.Kumm.	Clitocybe clavipes (Pers.) P. Kumm.	(Pers.) P. Kumm.	CA	Clear Lake	Ontario	PRESENT		ff418020-1d67-11d9-8435-b8a03c50a862	45.181674	-78.71438	911.0						1961-09-13	13	9	1961	2538871	2538864	PRESERVED_SPECIMEN	Royal Ontario Museum	TRTC	TRTC037732		Cain, R.F.		CC0_1_0	Royal Ontario Museum	Cain, R.F. et al			2024-01-25T00:59:40.368Z		COORDINATE_ROUNDED;AMBIGUOUS_INSTITUTION
694156952	d7cfd2ed-8af4-427f-a16e-eb66b7e2c419	13796	Fungi	Basidiomycota	Agaricomycetes	Agaricales	Hygrophoraceae	Ampulloclitocybe	Ampulloclitocybe clavipes		SPECIES	Ampulloclitocybe clavipes (Pers.) Redhead, Lutzoni, Moncalvo & Vilgalys	Ampulloclitocybe clavipes (Pers.) Redhead, Lutzoni, Moncalvo & Vilgalys	(Pers.) Redhead, Lutzoni, Moncalvo & Vilgalys	CA	Algonquin Provincial Park, along the Red Fox Trail	Ontario	PRESENT		ff418020-1d67-11d9-8435-b8a03c50a862	45.61884	-78.530874	2256.0						2007-10-02	2	10	2007	2538864	2538864	PRESERVED_SPECIMEN	Royal Ontario Museum	TRTC	TRTC156929	ALG07_105			CC0_1_0	Royal Ontario Museum	Maryna Didukh; Dentiger Bryn			2024-01-25T00:59:38.723Z	StillImage	COORDINATE_ROUNDED;AMBIGUOUS_INSTITUTION
617555339	21705170-d2b6-42de-8904-c3bca4b83591	CMMF000760	Fungi	Basidiomycota	Agaricomycetes	Agaricales	Hygrophoraceae	Ampulloclitocybe	Ampulloclitocybe clavipes		SPECIES	Clitocybe clavipes (Pers.) P.Kumm.	Clitocybe clavipes (Pers.) P. Kumm.	(Pers.) P. Kumm.	CA	Rawdon	Québec	PRESENT		ff7bd5db-b724-4932-b496-10ea298851f9	46.052398	-73.748752	11000.0						1989-09-10	10	9	1989	2538871	2538864	PRESERVED_SPECIMEN	Université de Montréal Biodiversity Centre	CMMF	CMMF000760		Lamoureux, Yves		CC0_1_0	Université de Montréal Biodiversity Centre	unknown			2024-01-24T16:38:20.224Z	StillImage	INSTITUTION_MATCH_FUZZY;COLLECTION_MATCH_FUZZY;DIFFERENT_OWNER_INSTITUTION
617553129	21705170-d2b6-42de-8904-c3bca4b83591	CMMF000346	Fungi	Basidiomycota	Agaricomycetes	Agaricales	Hygrophoraceae	Ampulloclitocybe	Ampulloclitocybe clavipes		SPECIES	Clitocybe clavipes (Pers.) P.Kumm.	Clitocybe clavipes (Pers.) P. Kumm.	(Pers.) P. Kumm.	CA	Rawdon	Québec	PRESENT		ff7bd5db-b724-4932-b496-10ea298851f9	46.052398	-73.748752	11000.0						1988-09-18	18	9	1988	2538871	2538864	PRESERVED_SPECIMEN	Université de Montréal Biodiversity Centre	CMMF	CMMF000346		Lamoureux, Yves		CC0_1_0	Université de Montréal Biodiversity Centre	Lamoureux, Yves			2024-01-24T16:38:20.811Z	StillImage	INSTITUTION_MATCH_FUZZY;COLLECTION_MATCH_FUZZY;DIFFERENT_OWNER_INSTITUTION
617551232	21705170-d2b6-42de-8904-c3bca4b83591	CMMF002616	Fungi	Basidiomycota	Agaricomycetes	Agaricales	Hygrophoraceae	Ampulloclitocybe	Ampulloclitocybe clavipes		SPECIES	Clitocybe clavipes (Pers.) P.Kumm.	Clitocybe clavipes (Pers.) P. Kumm.	(Pers.) P. Kumm.	CA	Saint-Majorique	Québec	PRESENT		ff7bd5db-b724-4932-b496-10ea298851f9	45.931221	-72.584529	5000.0						1995-09-20	20	9	1995	2538871	2538864	PRESERVED_SPECIMEN	Université de Montréal Biodiversity Centre	CMMF	CMMF002616		Lamoureux, Yves		CC0_1_0	Université de Montréal Biodiversity Centre	Lamoureux, Yves			2024-01-24T16:38:20.307Z	StillImage	INSTITUTION_MATCH_FUZZY;COLLECTION_MATCH_FUZZY;DIFFERENT_OWNER_INSTITUTION
4994200455	50c9509d-22c7-4a22-a47d-8c48425ef4a7	https://www.inaturalist.org/observations/253413308	Fungi	Basidiomycota	Agaricomycetes	Agaricales	Hygrophoraceae	Ampulloclitocybe	Ampulloclitocybe clavipes		SPECIES	Ampulloclitocybe clavipes (Pers.) Redhead, Lutzoni, Moncalvo & Vilgalys	Ampulloclitocybe clavipes		CA		Québec	PRESENT		28eb1a3f-1c15-4a95-931a-4af90ecb574d	45.872811	-76.4339	501.0						2024-09-08T16:40	8	9	2024	2538864	2538864	HUMAN_OBSERVATION	iNaturalist	Observations	253413308		L Joan Heyding	2024-11-28T16:40:33	CC_BY_NC_4_0	L Joan Heyding	L Joan Heyding			2025-01-14T12:55:57.028Z	StillImage	COORDINATE_ROUNDED;CONTINENT_DERIVED_FROM_COORDINATES;TAXON_MATCH_TAXON_ID_IGNORED
4973927548	50c9509d-22c7-4a22-a47d-8c48425ef4a7	https://www.inaturalist.org/observations/247828642	Fungi	Basidiomycota	Agaricomycetes	Agaricales	Hygrophoraceae	Ampulloclitocybe	Ampulloclitocybe clavipes		SPECIES	Ampulloclitocybe clavipes (Pers.) Redhead, Lutzoni, Moncalvo & Vilgalys	Ampulloclitocybe clavipes		CA		Québec	PRESENT		28eb1a3f-1c15-4a95-931a-4af90ecb574d	46.388142	-74.510003	12.0						2024-08-31T15:52	31	8	2024	2538864	2538864	HUMAN_OBSERVATION	iNaturalist	Observations	247828642		gabboilard	2024-10-17T22:21:15	CC_BY_NC_4_0	gabboilard	gabboilard			2025-01-14T12:54:29.584Z	StillImage	COORDINATE_ROUNDED;CONTINENT_DERIVED_FROM_COORDINATES;TAXON_MATCH_TAXON_ID_IGNORED
4952893863	50c9509d-22c7-4a22-a47d-8c48425ef4a7	https://www.inaturalist.org/observations/244991557	Fungi	Basidiomycota	Agaricomycetes	Agaricales	Hygrophoraceae	Ampulloclitocybe	Ampulloclitocybe clavipes		SPECIES	Ampulloclitocybe clavipes (Pers.) Redhead, Lutzoni, Moncalvo & Vilgalys	Ampulloclitocybe clavipes		CA		Ontario	PRESENT		28eb1a3f-1c15-4a95-931a-4af90ecb574d	45.58025	-78.511613	76.0						2024-09-28T15:26	28	9	2024	2538864	2538864	HUMAN_OBSERVATION	iNaturalist	Observations	244991557		jonathan_mack	2024-09-30T23:59:52	CC_BY_NC_4_0	jonathan_mack	jonathan_mack			2025-01-14T12:54:07.815Z	StillImage	COORDINATE_ROUNDED;CONTINENT_DERIVED_FROM_COORDINATES;TAXON_MATCH_TAXON_ID_IGNORED
4952410810	50c9509d-22c7-4a22-a47d-8c48425ef4a7	https://www.inaturalist.org/observations/244929463	Fungi	Basidiomycota	Agaricomycetes	Agaricales	Hygrophoraceae	Ampulloclitocybe	Ampulloclitocybe clavipes		SPECIES	Ampulloclitocybe clavipes (Pers.) Redhead, Lutzoni, Moncalvo & Vilgalys	Ampulloclitocybe clavipes		CA		New Brunswick	PRESENT		28eb1a3f-1c15-4a95-931a-4af90ecb574d	45.981648	-66.684321	121.0						2024-09-30T12:52:16	30	9	2024	2538864	2538864	HUMAN_OBSERVATION	iNaturalist	Observations	244929463		flightmom	2024-09-30T17:12:20	CC_BY_NC_4_0	flightmom	flightmom			2025-01-14T13:44:10.258Z	StillImage	COORDINATE_ROUNDED;CONTINENT_DERIVED_FROM_COORDINATES;TAXON_MATCH_TAXON_ID_IGNORED
4952398959	50c9509d-22c7-4a22-a47d-8c48425ef4a7	https://www.inaturalist.org/observations/246197632	Fungi	Basidiomycota	Agaricomycetes	Agaricales	Hygrophoraceae	Ampulloclitocybe	Ampulloclitocybe clavipes		SPECIES	Ampulloclitocybe clavipes (Pers.) Redhead, Lutzoni, Moncalvo & Vilgalys	Ampulloclitocybe clavipes		CA		Ontario	PRESENT		28eb1a3f-1c15-4a95-931a-4af90ecb574d	45.629617	-77.069932	9.0						2024-10-07T14:23:32	7	10	2024	2538864	2538864	HUMAN_OBSERVATION	iNaturalist	Observations	246197632		janesly	2024-10-07T18:25:00	CC_BY_NC_4_0	janesly	janesly			2025-01-14T12:51:25.980Z	StillImage	COORDINATE_ROUNDED;CONTINENT_DERIVED_FROM_COORDINATES;TAXON_MATCH_TAXON_ID_IGNORED
4453709056	50c9509d-22c7-4a22-a47d-8c48425ef4a7	https://www.inaturalist.org/observations/185208401	Fungi	Basidiomycota	Agaricomycetes	Agaricales	Hygrophoraceae	Ampulloclitocybe	Ampulloclitocybe clavipes		SPECIES	Ampulloclitocybe clavipes (Pers.) Redhead, Lutzoni, Moncalvo & Vilgalys	Ampulloclitocybe clavipes		CA		Québec	PRESENT		28eb1a3f-1c15-4a95-931a-4af90ecb574d	45.484803	-71.208664							2023-09-24T08:31	24	9	2023	2538864	2538864	HUMAN_OBSERVATION	iNaturalist	Observations	185208401		gabboilard	2023-09-27T23:01:02	CC_BY_NC_4_0	gabboilard	gabboilard			2025-01-14T13:28:04.614Z	StillImage	COORDINATE_ROUNDED;CONTINENT_DERIVED_FROM_COORDINATES;TAXON_MATCH_TAXON_ID_IGNORED
4430572016	50c9509d-22c7-4a22-a47d-8c48425ef4a7	https://www.inaturalist.org/observations/187549767	Fungi	Basidiomycota	Agaricomycetes	Agaricales	Hygrophoraceae	Ampulloclitocybe	Ampulloclitocybe clavipes		SPECIES	Ampulloclitocybe clavipes (Pers.) Redhead, Lutzoni, Moncalvo & Vilgalys	Ampulloclitocybe clavipes		CA		Ontario	PRESENT		28eb1a3f-1c15-4a95-931a-4af90ecb574d	45.448703	-76.378708	10.0						2023-10-14T17:40:59	14	10	2023	2538864	2538864	HUMAN_OBSERVATION	iNaturalist	Observations	187549767		gordv	2023-10-14T21:44:39	CC_BY_NC_4_0	gordv	gordv			2025-01-14T13:41:40.747Z	StillImage	COORDINATE_ROUNDED;CONTINENT_DERIVED_FROM_COORDINATES;TAXON_MATCH_TAXON_ID_IGNORED
4414198462	50c9509d-22c7-4a22-a47d-8c48425ef4a7	https://www.inaturalist.org/observations/184002657	Fungi	Basidiomycota	Agaricomycetes	Agaricales	Hygrophoraceae	Ampulloclitocybe	Ampulloclitocybe clavipes		SPECIES	Ampulloclitocybe clavipes (Pers.) Redhead, Lutzoni, Moncalvo & Vilgalys	Ampulloclitocybe clavipes		CA		Québec	PRESENT		28eb1a3f-1c15-4a95-931a-4af90ecb574d	48.103866	-79.308014	200.0						2023-09-03T11:17	3	9	2023	2538864	2538864	HUMAN_OBSERVATION	iNaturalist	Observations	184002657		Nicolas Schwab	2023-09-19T17:49:16	CC_BY_NC_4_0	Pierre Cartier	Pierre Cartier			2025-01-14T13:33:35.734Z	StillImage	COORDINATE_ROUNDED;CONTINENT_DERIVED_FROM_COORDINATES;TAXON_MATCH_TAXON_ID_IGNORED
4413999143	50c9509d-22c7-4a22-a47d-8c48425ef4a7	https://www.inaturalist.org/observations/182842635	Fungi	Basidiomycota	Agaricomycetes	Agaricales	Hygrophoraceae	Ampulloclitocybe	Ampulloclitocybe clavipes		SPECIES	Ampulloclitocybe clavipes (Pers.) Redhead, Lutzoni, Moncalvo & Vilgalys	Ampulloclitocybe clavipes		CA		Québec	PRESENT		28eb1a3f-1c15-4a95-931a-4af90ecb574d	45.389498	-72.722909	378.0						2023-09-10T18:10	10	9	2023	2538864	2538864	HUMAN_OBSERVATION	iNaturalist	Observations	182842635		Antoine Fortin	2023-09-11T18:44:29	CC_BY_NC_4_0	Antoine Fortin	Antoine Fortin			2025-01-14T12:42:08.083Z	StillImage	COORDINATE_ROUNDED;CONTINENT_DERIVED_FROM_COORDINATES;TAXON_MATCH_TAXON_ID_IGNORED
4413601052	50c9509d-22c7-4a22-a47d-8c48425ef4a7	https://www.inaturalist.org/observations/182578283	Fungi	Basidiomycota	Agaricomycetes	Agaricales	Hygrophoraceae	Ampulloclitocybe	Ampulloclitocybe clavipes		SPECIES	Ampulloclitocybe clavipes (Pers.) Redhead, Lutzoni, Moncalvo & Vilgalys	Ampulloclitocybe clavipes		CA		Québec	PRESENT		28eb1a3f-1c15-4a95-931a-4af90ecb574d	45.38057	-71.911255	48.0						2023-09-09T18:32:07	9	9	2023	2538864	2538864	HUMAN_OBSERVATION	iNaturalist	Observations	182578283		gabboilard	2023-09-10T03:13:03	CC_BY_NC_4_0	gabboilard	gabboilard			2025-01-14T12:39:33.638Z	StillImage	CONTINENT_DERIVED_FROM_COORDINATES;TAXON_MATCH_TAXON_ID_IGNORED
4407685425	50c9509d-22c7-4a22-a47d-8c48425ef4a7	https://www.inaturalist.org/observations/181728915	Fungi	Basidiomycota	Agaricomycetes	Agaricales	Hygrophoraceae	Ampulloclitocybe	Ampulloclitocybe clavipes		SPECIES	Ampulloclitocybe clavipes (Pers.) Redhead, Lutzoni, Moncalvo & Vilgalys	Ampulloclitocybe clavipes		CA		Ontario	PRESENT		28eb1a3f-1c15-4a95-931a-4af90ecb574d	45.199102	-76.237032	151.0						2023-09-02T11:26	2	9	2023	2538864	2538864	HUMAN_OBSERVATION	iNaturalist	Observations	181728915		almonteallisons	2023-09-04T12:54:42	CC_BY_NC_4_0	almonteallisons	almonteallisons			2025-01-14T12:39:11.678Z	StillImage	COORDINATE_ROUNDED;CONTINENT_DERIVED_FROM_COORDINATES;TAXON_MATCH_TAXON_ID_IGNORED
4166437790	695cef75-b65f-4776-b2ed-74565eebb16e	02-01000974877	Fungi	Basidiomycota	Agaricomycetes	Agaricales	Hygrophoraceae	Ampulloclitocybe	Ampulloclitocybe clavipes		SPECIES	Clitocybe clavipes (Pers.) P.Kumm.	Clitocybe clavipes	(Pers.) P. Kumm.	CA	Hardwood Hill Trail	Ontario	PRESENT		055bd978-2daa-4543-b3f0-44e0e87e86ca	45.541667	-78.675							1977-09-03	3	9	1977	2538871	2538864	PRESERVED_SPECIMEN	AAFC	DAOM	186819		S.A. Redhead		CC_BY_4_0	©His Majesty the King in Right of Canada, as represented by the Minister of Agriculture and Agri-Food	Greg Thorn			2025-01-12T05:11:16.171Z		GEODETIC_DATUM_ASSUMED_WGS84;CONTINENT_DERIVED_FROM_COORDINATES;TAXON_MATCH_TAXON_ID_IGNORED;INSTITUTION_MATCH_FUZZY
4166286489	695cef75-b65f-4776-b2ed-74565eebb16e	02-01000974866	Fungi	Basidiomycota	Agaricomycetes	Agaricales	Hygrophoraceae	Ampulloclitocybe	Ampulloclitocybe clavipes		SPECIES	Clitocybe clavipes (Pers.) P.Kumm.	Clitocybe clavipes	(Pers.) P. Kumm.	CA	Forêt Larose	Ontario	PRESENT		055bd978-2daa-4543-b3f0-44e0e87e86ca	45.368056	-75.25							1983-10-08	8	10	1983	2538871	2538864	PRESERVED_SPECIMEN	AAFC	DAOM	187923		Y. Dalpé		CC_BY_4_0	©His Majesty the King in Right of Canada, as represented by the Minister of Agriculture and Agri-Food	Y. Dalpé 662			2025-01-12T05:11:16.377Z		GEODETIC_DATUM_ASSUMED_WGS84;CONTINENT_DERIVED_FROM_COORDINATES;TAXON_MATCH_TAXON_ID_IGNORED;INSTITUTION_MATCH_FUZZY
4165568539	50c9509d-22c7-4a22-a47d-8c48425ef4a7	https://www.inaturalist.org/observations/161005349	Fungi	Basidiomycota	Agaricomycetes	Agaricales	Hygrophoraceae	Ampulloclitocybe	Ampulloclitocybe clavipes		SPECIES	Ampulloclitocybe clavipes (Pers.) Redhead, Lutzoni, Moncalvo & Vilgalys	Ampulloclitocybe clavipes		CA		Québec	PRESENT		28eb1a3f-1c15-4a95-931a-4af90ecb574d	46.281389	-74.162222							2018-09-02T10:32:50	2	9	2018	2538864	2538864	HUMAN_OBSERVATION	iNaturalist	Observations	161005349		Daniel Tatone	2023-05-11T01:17:30	CC_BY_NC_4_0	Daniel Tatone	Daniel Tatone			2025-01-14T13:29:58.569Z	StillImage	COORDINATE_ROUNDED;CONTINENT_DERIVED_FROM_COORDINATES;TAXON_MATCH_TAXON_ID_IGNORED
4104436576	5a6538b8-e35c-46c4-8978-6858a657a75f	7944d186-f256-48a7-b13b-6998d37c90aa	Fungi	Basidiomycota	Agaricomycetes	Agaricales	Hygrophoraceae	Ampulloclitocybe	Ampulloclitocybe clavipes		SPECIES	Clitocybe clavipes (Pers.) P.Kumm.	Clitocybe clavipes	(Pers.) P. Kumm.	CA	Sacksville	New Brunswick	PRESENT		a26dde42-dd82-4d07-a763-353ab27fc02c	46.5	-66.0	301.0						1902-10-16	16	10	1902	2538871	2538864	PRESERVED_SPECIMEN	CUP		CUP-A-018800				CC0_1_0		Gates, Reginald			2025-01-15T04:26:00.285Z	StillImage	GEODETIC_DATUM_ASSUMED_WGS84;CONTINENT_DERIVED_FROM_COORDINATES;TAXON_MATCH_TAXON_ID_IGNORED;COLLECTION_MATCH_NONE;INSTITUTION_MATCH_FUZZY
4099921803	d1a3b128-b406-46bb-a6d1-f3591dcc8a7b	390d2811-4503-43cd-997e-9190da0f25e4	Fungi	Basidiomycota	Agaricomycetes	Agaricales	Hygrophoraceae	Ampulloclitocybe	Ampulloclitocybe clavipes		SPECIES	Clitocybe clavipes (Pers.) P.Kumm.	Clitocybe clavipes	(Pers.) P. Kumm.	CA	Merivale	Ontario	PRESENT		e43cf4b8-849e-4fac-b075-e652d019d2cf	45.3274	-75.72184	301.0						1951-09-09	9	9	1951	2538871	2538864	PRESERVED_SPECIMEN	BPI		BPI 753976		Groves, J. W.		CC0_1_0		Groves, J. W.			2025-01-15T04:59:41.766Z		GEODETIC_DATUM_ASSUMED_WGS84;CONTINENT_DERIVED_FROM_COORDINATES;TAXON_MATCH_TAXON_ID_IGNORED;INSTITUTION_MATCH_FUZZY
4023670816	fb9d7c38-5759-4c30-9e09-5b6bd43f78a6	http://id.luomus.fi/MY.9750376	Fungi	Basidiomycota	Agaricomycetes	Agaricales	Hygrophoraceae	Ampulloclitocybe	Ampulloclitocybe clavipes		SPECIES	Ampulloclitocybe clavipes (Pers.) Redhead, Lutzoni, Moncalvo & Vilgalys	Ampulloclitocybe clavipes (Pers.) Redhead, Lutzoni, Moncalvo & Vilgalys		CA	La Verendrye Park	Quebec	PRESENT		04fd2e13-6881-4e5c-9dd1-8fdd9ab993c1	47.03	-76.53							1965-09-14T00:00Z	14	9	1965	2538864	2538864	PRESERVED_SPECIMEN	H		http://id.luomus.fi/HA.H7066509	M.E. Elliott 65-50	Groves, J.W.		CC_BY_4_0		Elliot, M. E.			2025-01-17T02:41:19.480Z		CONTINENT_DERIVED_FROM_COORDINATES;TAXON_MATCH_TAXON_ID_IGNORED;COLLECTION_MATCH_NONE;INSTITUTION_MATCH_FUZZY
3947760744	50c9509d-22c7-4a22-a47d-8c48425ef4a7	https://www.inaturalist.org/observations/139066674	Fungi	Basidiomycota	Agaricomycetes	Agaricales	Hygrophoraceae	Ampulloclitocybe	Ampulloclitocybe clavipes		SPECIES	Ampulloclitocybe clavipes (Pers.) Redhead, Lutzoni, Moncalvo & Vilgalys	Ampulloclitocybe clavipes		CA		Québec	PRESENT		28eb1a3f-1c15-4a95-931a-4af90ecb574d	45.92911	-76.505757	27095.0						2022-10-15T12:12	15	10	2022	2538864	2538864	HUMAN_OBSERVATION	iNaturalist	Observations	139066674		L Joan Heyding	2022-10-17T01:53:39	CC_BY_NC_4_0	L Joan Heyding	L Joan Heyding			2025-01-14T13:25:57.113Z	StillImage	COORDINATE_ROUNDED;CONTINENT_DERIVED_FROM_COORDINATES;TAXON_MATCH_TAXON_ID_IGNORED
3947749355	50c9509d-22c7-4a22-a47d-8c48425ef4a7	https://www.inaturalist.org/observations/138727322	Fungi	Basidiomycota	Agaricomycetes	Agaricales	Hygrophoraceae	Ampulloclitocybe	Ampulloclitocybe clavipes		SPECIES	Ampulloclitocybe clavipes (Pers.) Redhead, Lutzoni, Moncalvo & Vilgalys	Ampulloclitocybe clavipes		CA		Québec	PRESENT		28eb1a3f-1c15-4a95-931a-4af90ecb574d	45.824988	-76.514876	27095.0						2022-10-11T12:40	11	10	2022	2538864	2538864	HUMAN_OBSERVATION	iNaturalist	Observations	138727322		L Joan Heyding	2022-10-14T15:34:02	CC_BY_NC_4_0	L Joan Heyding	L Joan Heyding			2025-01-14T12:32:40.707Z	StillImage	COORDINATE_ROUNDED;CONTINENT_DERIVED_FROM_COORDINATES;TAXON_MATCH_TAXON_ID_IGNORED
3947366327	50c9509d-22c7-4a22-a47d-8c48425ef4a7	https://www.inaturalist.org/observations/139583217	Fungi	Basidiomycota	Agaricomycetes	Agaricales	Hygrophoraceae	Ampulloclitocybe	Ampulloclitocybe clavipes		SPECIES	Ampulloclitocybe clavipes (Pers.) Redhead, Lutzoni, Moncalvo & Vilgalys	Ampulloclitocybe clavipes		CA		Ontario	PRESENT		28eb1a3f-1c15-4a95-931a-4af90ecb574d	45.498058	-76.147912	27158.0						2022-10-21T11:27	21	10	2022	2538864	2538864	HUMAN_OBSERVATION	iNaturalist	Observations	139583217		L Joan Heyding	2022-10-22T01:21:26	CC_BY_NC_4_0	L Joan Heyding	L Joan Heyding			2025-01-14T12:33:18.552Z	StillImage	COORDINATE_ROUNDED;CONTINENT_DERIVED_FROM_COORDINATES;TAXON_MATCH_TAXON_ID_IGNORED
3925474321	50c9509d-22c7-4a22-a47d-8c48425ef4a7	https://www.inaturalist.org/observations/138053037	Fungi	Basidiomycota	Agaricomycetes	Agaricales	Hygrophoraceae	Ampulloclitocybe	Ampulloclitocybe clavipes		SPECIES	Ampulloclitocybe clavipes (Pers.) Redhead, Lutzoni, Moncalvo & Vilgalys	Ampulloclitocybe clavipes		CA		Québec	PRESENT		28eb1a3f-1c15-4a95-931a-4af90ecb574d	45.507222	-75.903612	16.0						2022-10-08T17:07:19	8	10	2022	2538864	2538864	HUMAN_OBSERVATION	iNaturalist	Observations	138053037		cinna_latifolia	2022-10-09T06:38:44	CC_BY_NC_4_0	Maria Bastas	Maria Bastas			2025-01-14T12:31:53.275Z	StillImage	COORDINATE_ROUNDED;CONTINENT_DERIVED_FROM_COORDINATES;TAXON_MATCH_TAXON_ID_IGNORED
3923423441	50c9509d-22c7-4a22-a47d-8c48425ef4a7	https://www.inaturalist.org/observations/137348530	Fungi	Basidiomycota	Agaricomycetes	Agaricales	Hygrophoraceae	Ampulloclitocybe	Ampulloclitocybe clavipes		SPECIES	Ampulloclitocybe clavipes (Pers.) Redhead, Lutzoni, Moncalvo & Vilgalys	Ampulloclitocybe clavipes		CA		Ontario	PRESENT		28eb1a3f-1c15-4a95-931a-4af90ecb574d	45.351263	-75.23652	10.0						2022-10-02T16:05:56	2	10	2022	2538864	2538864	HUMAN_OBSERVATION	iNaturalist	Observations	137348530		Lynn Ovenden	2022-10-02T23:03:29	CC_BY_NC_4_0	Lynn Ovenden	Lynn Ovenden			2025-01-14T13:17:47.373Z	StillImage	COORDINATE_ROUNDED;CONTINENT_DERIVED_FROM_COORDINATES;TAXON_MATCH_TAXON_ID_IGNORED
3912151991	50c9509d-22c7-4a22-a47d-8c48425ef4a7	https://www.inaturalist.org/observations/135611291	Fungi	Basidiomycota	Agaricomycetes	Agaricales	Hygrophoraceae	Ampulloclitocybe	Ampulloclitocybe clavipes		SPECIES	Ampulloclitocybe clavipes (Pers.) Redhead, Lutzoni, Moncalvo & Vilgalys	Ampulloclitocybe clavipes		CA		New Brunswick	PRESENT		28eb1a3f-1c15-4a95-931a-4af90ecb574d	45.665447	-64.995505	81.0						2022-09-18T14:44:12	18	9	2022	2538864	2538864	HUMAN_OBSERVATION	iNaturalist	Observations	135611291		Laura O'Connor	2022-09-19T01:32:31	CC_BY_NC_4_0	Laura O'Connor	Laura O'Connor			2025-01-14T12:31:58.158Z	StillImage	COORDINATE_ROUNDED;CONTINENT_DERIVED_FROM_COORDINATES;TAXON_MATCH_TAXON_ID_IGNORED
3764415891	50c9509d-22c7-4a22-a47d-8c48425ef4a7	https://www.inaturalist.org/observations/112780895	Fungi	Basidiomycota	Agaricomycetes	Agaricales	Hygrophoraceae	Ampulloclitocybe	Ampulloclitocybe clavipes		SPECIES	Ampulloclitocybe clavipes (Pers.) Redhead, Lutzoni, Moncalvo & Vilgalys	Ampulloclitocybe clavipes		CA		Ontario	PRESENT		28eb1a3f-1c15-4a95-931a-4af90ecb574d	45.733054	-78.293373	109110.0						2018-10-01T16:39:08	1	10	2018	2538864	2538864	HUMAN_OBSERVATION	iNaturalist	Observations	112780895		pmatute	2022-04-25T02:04:14	CC_BY_NC_4_0	pmatute	pmatute			2025-01-14T12:26:13.524Z	StillImage	COORDINATE_ROUNDED;CONTINENT_DERIVED_FROM_COORDINATES;TAXON_MATCH_TAXON_ID_IGNORED
3759080379	50c9509d-22c7-4a22-a47d-8c48425ef4a7	https://www.inaturalist.org/observations/34062069	Fungi	Basidiomycota	Agaricomycetes	Agaricales	Hygrophoraceae	Ampulloclitocybe	Ampulloclitocybe clavipes		SPECIES	Ampulloclitocybe clavipes (Pers.) Redhead, Lutzoni, Moncalvo & Vilgalys	Ampulloclitocybe clavipes		CA		New Brunswick	PRESENT		28eb1a3f-1c15-4a95-931a-4af90ecb574d	46.148055	-64.399594	1503.0						2018-09-30T09:46	30	9	2018	2538864	2538864	HUMAN_OBSERVATION	iNaturalist	Observations	34062069		Raymonde G Chartier	2019-10-08T12:30:28	CC_BY_NC_4_0	Raymonde G Chartier	Raymonde G Chartier			2025-01-14T12:09:41.542Z	StillImage	COORDINATE_ROUNDED;CONTINENT_DERIVED_FROM_COORDINATES;TAXON_MATCH_TAXON_ID_IGNORED
3466207118	50c9509d-22c7-4a22-a47d-8c48425ef4a7	https://www.inaturalist.org/observations/105810569	Fungi	Basidiomycota	Agaricomycetes	Agaricales	Hygrophoraceae	Ampulloclitocybe	Ampulloclitocybe clavipes		SPECIES	Ampulloclitocybe clavipes (Pers.) Redhead, Lutzoni, Moncalvo & Vilgalys	Ampulloclitocybe clavipes		CA		Québec	PRESENT		28eb1a3f-1c15-4a95-931a-4af90ecb574d	45.871987	-76.410191	27095.0						2021-09-28T10:19	28	9	2021	2538864	2538864	HUMAN_OBSERVATION	iNaturalist	Observations	105810569		L Joan Heyding	2022-01-30T01:57:53	CC_BY_NC_4_0	L Joan Heyding	L Joan Heyding			2025-01-14T13:18:43.240Z	StillImage	COORDINATE_ROUNDED;CONTINENT_DERIVED_FROM_COORDINATES;TAXON_MATCH_TAXON_ID_IGNORED
3455417867	50c9509d-22c7-4a22-a47d-8c48425ef4a7	https://www.inaturalist.org/observations/102850162	Fungi	Basidiomycota	Agaricomycetes	Agaricales	Hygrophoraceae	Ampulloclitocybe	Ampulloclitocybe clavipes		SPECIES	Ampulloclitocybe clavipes (Pers.) Redhead, Lutzoni, Moncalvo & Vilgalys	Ampulloclitocybe clavipes		CA		New Brunswick	PRESENT		28eb1a3f-1c15-4a95-931a-4af90ecb574d	46.424648	-64.64264	61.0						2021-09-30T15:12	30	9	2021	2538864	2538864	HUMAN_OBSERVATION	iNaturalist	Observations	102850162		Stuart Tingley	2021-12-11T02:57:12	CC_BY_NC_4_0	Stuart Tingley	Stuart Tingley			2025-01-14T12:23:59.919Z	StillImage	COORDINATE_ROUNDED;CONTINENT_DERIVED_FROM_COORDINATES;TAXON_MATCH_TAXON_ID_IGNORED
3399305348	50c9509d-22c7-4a22-a47d-8c48425ef4a7	https://www.inaturalist.org/observations/99587806	Fungi	Basidiomycota	Agaricomycetes	Agaricales	Hygrophoraceae	Ampulloclitocybe	Ampulloclitocybe clavipes		SPECIES	Ampulloclitocybe clavipes (Pers.) Redhead, Lutzoni, Moncalvo & Vilgalys	Ampulloclitocybe clavipes		CA		Ontario	PRESENT		28eb1a3f-1c15-4a95-931a-4af90ecb574d	45.354562	-75.592187	182.0						2021-10-27T13:06	27	10	2021	2538864	2538864	HUMAN_OBSERVATION	iNaturalist	Observations	99587806		L Joan Heyding	2021-10-27T23:48:49	CC_BY_NC_4_0	L Joan Heyding	L Joan Heyding			2025-01-14T13:15:59.449Z	StillImage	COORDINATE_ROUNDED;CONTINENT_DERIVED_FROM_COORDINATES;TAXON_MATCH_TAXON_ID_IGNORED
3398813800	50c9509d-22c7-4a22-a47d-8c48425ef4a7	https://www.inaturalist.org/observations/99038910	Fungi	Basidiomycota	Agaricomycetes	Agaricales	Hygrophoraceae	Ampulloclitocybe	Ampulloclitocybe clavipes		SPECIES	Ampulloclitocybe clavipes (Pers.) Redhead, Lutzoni, Moncalvo & Vilgalys	Ampulloclitocybe clavipes		CA		Ontario	PRESENT		28eb1a3f-1c15-4a95-931a-4af90ecb574d	45.340387	-75.674958	10.0						2021-10-22T14:25:56	22	10	2021	2538864	2538864	HUMAN_OBSERVATION	iNaturalist	Observations	99038910		Lynn Ovenden	2021-10-23T01:31:05	CC_BY_NC_4_0	Lynn Ovenden	Lynn Ovenden			2025-01-14T13:15:10.067Z	StillImage	COORDINATE_ROUNDED;CONTINENT_DERIVED_FROM_COORDINATES;TAXON_MATCH_TAXON_ID_IGNORED
3391310119	50c9509d-22c7-4a22-a47d-8c48425ef4a7	https://www.inaturalist.org/observations/98012191	Fungi	Basidiomycota	Agaricomycetes	Agaricales	Hygrophoraceae	Ampulloclitocybe	Ampulloclitocybe clavipes		SPECIES	Ampulloclitocybe clavipes (Pers.) Redhead, Lutzoni, Moncalvo & Vilgalys	Ampulloclitocybe clavipes		CA		Québec	PRESENT		28eb1a3f-1c15-4a95-931a-4af90ecb574d	45.75132	-74.47912	15.0						2021-10-10T11:24:25	10	10	2021	2538864	2538864	HUMAN_OBSERVATION	iNaturalist	Observations	98012191		mariejeannepaquet	2021-10-12T15:46:54	CC_BY_NC_4_0	mariejeannepaquet	mariejeannepaquet			2025-01-14T12:22:50.672Z	StillImage	CONTINENT_DERIVED_FROM_COORDINATES;TAXON_MATCH_TAXON_ID_IGNORED
3079643532	50c9509d-22c7-4a22-a47d-8c48425ef4a7	https://www.inaturalist.org/observations/17844785	Fungi	Basidiomycota	Agaricomycetes	Agaricales	Hygrophoraceae	Ampulloclitocybe	Ampulloclitocybe clavipes		SPECIES	Ampulloclitocybe clavipes (Pers.) Redhead, Lutzoni, Moncalvo & Vilgalys	Ampulloclitocybe clavipes		CA		Ontario	PRESENT		28eb1a3f-1c15-4a95-931a-4af90ecb574d	45.376922	-75.228706	662.0						2018-10-03T12:51	3	10	2018	2538864	2538864	HUMAN_OBSERVATION	iNaturalist	Observations	17844785		Igor Khomenko	2018-10-26T04:20:33	CC_BY_NC_4_0	Igor Khomenko	Igor Khomenko			2025-01-14T12:05:58.553Z	StillImage	COORDINATE_ROUNDED;CONTINENT_DERIVED_FROM_COORDINATES;TAXON_MATCH_TAXON_ID_IGNORED
2868373802	50c9509d-22c7-4a22-a47d-8c48425ef4a7	https://www.inaturalist.org/observations/60482704	Fungi	Basidiomycota	Agaricomycetes	Agaricales	Hygrophoraceae	Ampulloclitocybe	Ampulloclitocybe clavipes		SPECIES	Ampulloclitocybe clavipes (Pers.) Redhead, Lutzoni, Moncalvo & Vilgalys	Ampulloclitocybe clavipes		CA		Québec	PRESENT		28eb1a3f-1c15-4a95-931a-4af90ecb574d	45.91684	-74.771144	803.0						2020-09-22T22:01:27	22	9	2020	2538864	2538864	HUMAN_OBSERVATION	iNaturalist	Observations	60482704		Mical	2020-09-23T02:06:04	CC_BY_4_0	Mical	Mical			2025-01-14T12:14:56.787Z	StillImage	COORDINATE_ROUNDED;CONTINENT_DERIVED_FROM_COORDINATES;TAXON_MATCH_TAXON_ID_IGNORED
1990340907	032f1fbe-d21f-407d-be46-5cd1bb1ea397	dff7c3ba-0d0b-4eeb-9475-3a49d6ea3acc	Fungi	Basidiomycota	Agaricomycetes	Agaricales	Hygrophoraceae	Ampulloclitocybe	Ampulloclitocybe clavipes		SPECIES	Clitocybe clavipes (Pers.) P.Kumm.	Clitocybe clavipes	(Pers.) P. Kumm.	CA	Alma, Vic. Alma, Fundy Prov. Pk., Maple Grove Rd., Mixed Deciduous Woods, Coniferous Humus	New Brunswick	PRESENT		61c539d8-47e0-4b82-875f-b95aad66dcd4	45.589444	-64.983611							2013-09-24	24	9	2013	2538871	2538864	PRESERVED_SPECIMEN	TENN-F		TENN-F-069054	TFB 14390			CC0_1_0		K.W. Hughes			2025-01-12T10:33:36.239Z	StillImage	COORDINATE_ROUNDED;GEODETIC_DATUM_ASSUMED_WGS84;CONTINENT_DERIVED_FROM_COORDINATES;TAXON_MATCH_TAXON_ID_IGNORED;INSTITUTION_MATCH_NONE
1987938830	ca1bcd7e-7387-42f9-81ba-1470db55e3e8	DA2E8F31-2422-A94B-81ED-8A5CB044956B	Fungi	Basidiomycota	Agaricomycetes	Agaricales	Hygrophoraceae	Ampulloclitocybe	Ampulloclitocybe clavipes		SPECIES	Ampulloclitocybe clavipes (Pers.) Redhead, Lutzoni, Moncalvo & Vilgalys	Ampulloclitocybe clavipes	(Pers.) Redhead, Lutzoni, Moncalvo & Vilgalys	CA	Sackville, N Woodhurst Road	New Brunswick	PRESENT		b542788f-0dc2-4a2b-b652-fceced449591	45.9	-64.366667							1977-10		10	1977	2538864	2538864	PRESERVED_SPECIMEN	BBM	UBC	F013380	sn			CC0_1_0	The University of British Columbia	T. Goward			2024-11-19T11:24:51.401Z		GEODETIC_DATUM_ASSUMED_WGS84;CONTINENT_DERIVED_FROM_COORDINATES;INSTITUTION_MATCH_FUZZY
1807255855	e8a25a42-f125-476c-8554-3ec21cd51a84	ACAD:112228	Fungi	Basidiomycota	Agaricomycetes	Agaricales	Hygrophoraceae	Ampulloclitocybe	Ampulloclitocybe clavipes		SPECIES	Ampulloclitocybe clavipes (Pers.) Redhead, Lutzoni, Moncalvo & Vilgalys	Ampulloclitocybe clavipes (Pers.) Redhead, Lutzoni, Moncalvo & Vilgalys	(Pers.) Redhead, Lutzoni, Moncalvo & Vilgalys	CA	(Kentville)	Nova Scotia	PRESENT		6491ad8c-8e49-4bd4-a089-0ddb3bbe0890	45.07662	-64.49592							1930-08-30	30	8	1930	2538864	2538864	PRESERVED_SPECIMEN	Acadia University	ACAD	193F	193	Biglow,HE		CC0_1_0	Acadia University	H, KA			2024-01-25T01:37:05.916Z	StillImage	GEODETIC_DATUM_INVALID;GEODETIC_DATUM_ASSUMED_WGS84;TAXON_MATCH_TAXON_ID_IGNORED;INSTITUTION_MATCH_FUZZY;COLLECTION_MATCH_FUZZY
1806351257	50c9509d-22c7-4a22-a47d-8c48425ef4a7	https://www.inaturalist.org/observations/9590038	Fungi	Basidiomycota	Agaricomycetes	Agaricales	Hygrophoraceae	Ampulloclitocybe	Ampulloclitocybe clavipes		SPECIES	Ampulloclitocybe clavipes (Pers.) Redhead, Lutzoni, Moncalvo & Vilgalys	Ampulloclitocybe clavipes		CA		Ontario	PRESENT		28eb1a3f-1c15-4a95-931a-4af90ecb574d	45.57675	-78.45745	4046.0						2015-09-11	11	9	2015	2538864	2538864	HUMAN_OBSERVATION	iNaturalist	Observations	9590038		mycowalt	2018-01-23T21:51:25	CC_BY_NC_4_0	mycowalt	mycowalt			2025-01-14T12:59:45.655Z	StillImage	CONTINENT_DERIVED_FROM_COORDINATES;TAXON_MATCH_TAXON_ID_IGNORED
1571064169	50c9509d-22c7-4a22-a47d-8c48425ef4a7	http://inaturalist.ca/observations/4467151	Fungi	Basidiomycota	Agaricomycetes	Agaricales	Hygrophoraceae	Ampulloclitocybe	Ampulloclitocybe clavipes		SPECIES	Ampulloclitocybe clavipes (Pers.) Redhead, Lutzoni, Moncalvo & Vilgalys	Ampulloclitocybe clavipes		CA		Ontario	PRESENT		28eb1a3f-1c15-4a95-931a-4af90ecb574d	45.373876	-76.091086	197.0						2016-10-30T11:40	30	10	2016	2538864	2538864	HUMAN_OBSERVATION	iNaturalist	Observations	4467151		Mike Leveille	2019-09-01T19:09:02	CC_BY_NC_4_0	Mike Leveille	Mike Leveille			2025-01-14T12:58:01.453Z	StillImage	COORDINATE_ROUNDED;CONTINENT_DERIVED_FROM_COORDINATES;TAXON_MATCH_TAXON_ID_IGNORED
1412706312	21705170-d2b6-42de-8904-c3bca4b83591	CMMF014711	Fungi	Basidiomycota	Agaricomycetes	Agaricales	Hygrophoraceae	Ampulloclitocybe	Ampulloclitocybe clavipes		SPECIES	Clitocybe clavipes (Pers.) P.Kumm.	Clitocybe clavipes (Pers.) P. Kumm.	(Pers.) P. Kumm.	CA	Chicoutimi, Québec.	Québec	PRESENT		ff7bd5db-b724-4932-b496-10ea298851f9	48.368277	-71.119642	15000.0						1984-09-08	8	9	1984	2538871	2538864	PRESERVED_SPECIMEN	Université de Montréal Biodiversity Centre	CMMF	CMMF014711	NA	Guérin, Gérard		CC0_1_0	Université de Montréal Biodiversity Centre	Guérin, Gérard			2024-01-24T16:38:20.488Z		INSTITUTION_MATCH_FUZZY;COLLECTION_MATCH_FUZZY;DIFFERENT_OWNER_INSTITUTION
1269737213	0d4af118-b79e-40c7-9cc6-142c5027cb16	ab57e1a1-00ea-4fee-8081-1875c7497816	Fungi	Basidiomycota	Agaricomycetes	Agaricales	Hygrophoraceae	Ampulloclitocybe	Ampulloclitocybe clavipes		SPECIES	Clitocybe clavipes (Pers.) P.Kumm.	Clitocybe clavipes	(Pers.) P. Kumm.	CA	Elgin Rd., near Tourville	Quebec	PRESENT		38a69420-bd2a-11dd-b15e-b8a03c50a862	47.095605	-69.986313	2620.0						1955-09-14	14	9	1955	2538871	2538864	PRESERVED_SPECIMEN	LSUM	Fungi	LSU00173852	48518	James W. Groves		CC0_1_0		James W. Groves			2025-01-12T11:02:10.621Z	StillImage	CONTINENT_DERIVED_FROM_COORDINATES;TAXON_MATCH_TAXON_ID_IGNORED;INSTITUTION_MATCH_FUZZY;INSTITUTION_COLLECTION_MISMATCH
1135071390	21705170-d2b6-42de-8904-c3bca4b83591	CMMF009906	Fungi	Basidiomycota	Agaricomycetes	Agaricales	Hygrophoraceae	Ampulloclitocybe	Ampulloclitocybe clavipes		SPECIES	Clitocybe clavipes (Pers.) P.Kumm.	Clitocybe clavipes (Pers.) P. Kumm.	(Pers.) P. Kumm.	CA	Chemin de l'Éperon, M. Tremblay, Lac-Beauport.	Québec	PRESENT		ff7bd5db-b724-4932-b496-10ea298851f9	46.953091	-71.275238	5000.0						2007-08-30	30	8	2007	2538871	2538864	PRESERVED_SPECIMEN	Université de Montréal Biodiversity Centre	CMMF	CMMF009906	1490	Labrecque, Jacqueline		CC0_1_0	Université de Montréal Biodiversity Centre	Labrecque, Jacqueline			2024-01-24T16:38:21.399Z		INSTITUTION_MATCH_FUZZY;COLLECTION_MATCH_FUZZY;DIFFERENT_OWNER_INSTITUTION
1135070541	21705170-d2b6-42de-8904-c3bca4b83591	CMMF009080	Fungi	Basidiomycota	Agaricomycetes	Agaricales	Hygrophoraceae	Ampulloclitocybe	Ampulloclitocybe clavipes		SPECIES	Clitocybe clavipes (Pers.) P.Kumm.	Clitocybe clavipes (Pers.) P. Kumm.	(Pers.) P. Kumm.	CA	Chemin de la Chapelle, Lac-Beauport.	Québec	PRESENT		ff7bd5db-b724-4932-b496-10ea298851f9	46.949281	-71.284722	250.0						2006-08-31	31	8	2006	2538871	2538864	PRESERVED_SPECIMEN	Université de Montréal Biodiversity Centre	CMMF	CMMF009080	663	Labrecque, Jacqueline		CC0_1_0	Université de Montréal Biodiversity Centre	Labrecque, Jacqueline			2024-01-24T16:38:20.195Z		INSTITUTION_MATCH_FUZZY;COLLECTION_MATCH_FUZZY;DIFFERENT_OWNER_INSTITUTION
1024560095	21705170-d2b6-42de-8904-c3bca4b83591	CMMF005545	Fungi	Basidiomycota	Agaricomycetes	Agaricales	Hygrophoraceae	Ampulloclitocybe	Ampulloclitocybe clavipes		SPECIES	Ampulloclitocybe clavipes (Pers.) Redhead, Lutzoni, Moncalvo & Vilgalys	Ampulloclitocybe clavipes (Pers.) Redhead, Lutzoni, Moncalvo & Vilgalys	(Pers.) Redhead, Lutzoni, Moncalvo & Vilgalys	CA	Tracy	Québec	PRESENT		ff7bd5db-b724-4932-b496-10ea298851f9	45.974167	-73.177433	100.0						2006-09-27	27	9	2006	2538864	2538864	PRESERVED_SPECIMEN	Université de Montréal Biodiversity Centre	CMMF	CMMF005545	Inexistant	McNeil, Raymond		CC0_1_0	Université de Montréal Biodiversity Centre	McNeil, Raymond			2024-01-24T16:38:15.774Z	StillImage	COORDINATE_ROUNDED;INSTITUTION_MATCH_FUZZY;COLLECTION_MATCH_FUZZY;DIFFERENT_OWNER_INSTITUTION
1024560088	21705170-d2b6-42de-8904-c3bca4b83591	CMMF005548	Fungi	Basidiomycota	Agaricomycetes	Agaricales	Hygrophoraceae	Ampulloclitocybe	Ampulloclitocybe clavipes		SPECIES	Ampulloclitocybe clavipes (Pers.) Redhead, Lutzoni, Moncalvo & Vilgalys	Ampulloclitocybe clavipes (Pers.) Redhead, Lutzoni, Moncalvo & Vilgalys	(Pers.) Redhead, Lutzoni, Moncalvo & Vilgalys	CA	Saint-Roch-de-Richelieu	Québec	PRESENT		ff7bd5db-b724-4932-b496-10ea298851f9	45.880833	-73.163	100.0						2012-10-05	5	10	2012	2538864	2538864	PRESERVED_SPECIMEN	Université de Montréal Biodiversity Centre	CMMF	CMMF005548	C4130	McNeil, Raymond		CC0_1_0	Université de Montréal Biodiversity Centre	McNeil, Raymond			2024-01-24T16:38:15.774Z	StillImage	COORDINATE_ROUNDED;INSTITUTION_MATCH_FUZZY;COLLECTION_MATCH_FUZZY;DIFFERENT_OWNER_INSTITUTION
1024560071	21705170-d2b6-42de-8904-c3bca4b83591	CMMF005543	Fungi	Basidiomycota	Agaricomycetes	Agaricales	Hygrophoraceae	Ampulloclitocybe	Ampulloclitocybe clavipes		SPECIES	Ampulloclitocybe clavipes (Pers.) Redhead, Lutzoni, Moncalvo & Vilgalys	Ampulloclitocybe clavipes (Pers.) Redhead, Lutzoni, Moncalvo & Vilgalys	(Pers.) Redhead, Lutzoni, Moncalvo & Vilgalys	CA	Tracy	Québec	PRESENT		ff7bd5db-b724-4932-b496-10ea298851f9	45.974167	-73.177433	100.0						2007-10-01	1	10	2007	2538864	2538864	PRESERVED_SPECIMEN	Université de Montréal Biodiversity Centre	CMMF	CMMF005543	Inexistant	McNeil, Raymond		CC0_1_0	Université de Montréal Biodiversity Centre	McNeil, Raymond			2024-01-24T16:38:15.774Z	StillImage	COORDINATE_ROUNDED;INSTITUTION_MATCH_FUZZY;COLLECTION_MATCH_FUZZY;DIFFERENT_OWNER_INSTITUTION
1024560039	21705170-d2b6-42de-8904-c3bca4b83591	CMMF005544	Fungi	Basidiomycota	Agaricomycetes	Agaricales	Hygrophoraceae	Ampulloclitocybe	Ampulloclitocybe clavipes		SPECIES	Ampulloclitocybe clavipes (Pers.) Redhead, Lutzoni, Moncalvo & Vilgalys	Ampulloclitocybe clavipes (Pers.) Redhead, Lutzoni, Moncalvo & Vilgalys	(Pers.) Redhead, Lutzoni, Moncalvo & Vilgalys	CA	Lac-Bouchette	Québec	PRESENT		ff7bd5db-b724-4932-b496-10ea298851f9	48.266667	-72.203333	100.0						2006-09-02	2	9	2006	2538864	2538864	PRESERVED_SPECIMEN	Université de Montréal Biodiversity Centre	CMMF	CMMF005544	Inexistant	McNeil, Raymond		CC0_1_0	Université de Montréal Biodiversity Centre	McNeil, Raymond			2024-01-24T16:38:15.775Z	StillImage	COORDINATE_ROUNDED;INSTITUTION_MATCH_FUZZY;COLLECTION_MATCH_FUZZY;DIFFERENT_OWNER_INSTITUTION
1024560009	21705170-d2b6-42de-8904-c3bca4b83591	CMMF005547	Fungi	Basidiomycota	Agaricomycetes	Agaricales	Hygrophoraceae	Ampulloclitocybe	Ampulloclitocybe clavipes		SPECIES	Ampulloclitocybe clavipes (Pers.) Redhead, Lutzoni, Moncalvo & Vilgalys	Ampulloclitocybe clavipes (Pers.) Redhead, Lutzoni, Moncalvo & Vilgalys	(Pers.) Redhead, Lutzoni, Moncalvo & Vilgalys	CA	Oka (parc provincial)	Québec	PRESENT		ff7bd5db-b724-4932-b496-10ea298851f9	45.469917	-74.040417	100.0						1977-09-24	24	9	1977	2538864	2538864	PRESERVED_SPECIMEN	Université de Montréal Biodiversity Centre	CMMF	CMMF005547	Inexistant	McNeil, Raymond		CC0_1_0	Université de Montréal Biodiversity Centre	McNeil, Raymond			2024-01-24T16:38:15.774Z	StillImage	COORDINATE_ROUNDED;INSTITUTION_MATCH_FUZZY;COLLECTION_MATCH_FUZZY;DIFFERENT_OWNER_INSTITUTION
1024560000	21705170-d2b6-42de-8904-c3bca4b83591	CMMF005546	Fungi	Basidiomycota	Agaricomycetes	Agaricales	Hygrophoraceae	Ampulloclitocybe	Ampulloclitocybe clavipes		SPECIES	Ampulloclitocybe clavipes (Pers.) Redhead, Lutzoni, Moncalvo & Vilgalys	Ampulloclitocybe clavipes (Pers.) Redhead, Lutzoni, Moncalvo & Vilgalys	(Pers.) Redhead, Lutzoni, Moncalvo & Vilgalys	CA	St-Lazare	Québec	PRESENT		ff7bd5db-b724-4932-b496-10ea298851f9	45.393333	-74.215833	100.0						2005-10-04	4	10	2005	2538864	2538864	PRESERVED_SPECIMEN	Université de Montréal Biodiversity Centre	CMMF	CMMF005546	C2620	McNeil, Raymond		CC0_1_0	Université de Montréal Biodiversity Centre	McNeil, Raymond			2024-01-24T16:38:15.774Z	StillImage	COORDINATE_ROUNDED;INSTITUTION_MATCH_FUZZY;COLLECTION_MATCH_FUZZY;DIFFERENT_OWNER_INSTITUTION
