gbifID	datasetKey	occurrenceID	kingdom	phylum	class	order	family	genus	species	infraspecificEpithet	taxonRank	scientificName	verbatimScientificName	verbatimScientificNameAuthorship	countryCode	locality	stateProvince	occurrenceStatus	individualCount	publishingOrgKey	decimalLatitude	decimalLongitude	coordinateUncertaintyInMeters	coordinatePrecision	elevation	elevationAccuracy	depth	depthAccuracy	eventDate	day	month	year	taxonKey	speciesKey	basisOfRecord	institutionCode	collectionCode	catalogNumber	recordNumber	identifiedBy	dateIdentified	license	rightsHolder	recordedBy	typeStatus	establishmentMeans	lastInterpreted	mediaType	issue
617555325	21705170-d2b6-42de-8904-c3bca4b83591	CMMF000754	Fungi	Basidiomycota	Agaricomycetes	Russulales	Russulaceae	Lactarius	Lactarius helvus		SPECIES	Lactarius helvus (Fr.) Fr.	Lactarius helvus (Fr.) Fr.	(Fr.) Fr.	CA	Rawdon	Québec	PRESENT		ff7bd5db-b724-4932-b496-10ea298851f9	46.052398	-73.748752	11000.0						1989-09-09	9	9	1989	5248660	5248660	PRESERVED_SPECIMEN	Université de Montréal Biodiversity Centre	CMMF	CMMF000754		Lamoureux, Yves		CC0_1_0	Université de Montréal Biodiversity Centre	Lamoureux, Yves			2024-01-24T16:38:20.210Z	StillImage	INSTITUTION_MATCH_FUZZY;COLLECTION_MATCH_FUZZY;DIFFERENT_OWNER_INSTITUTION
617552098	21705170-d2b6-42de-8904-c3bca4b83591	CMMF000300	Fungi	Basidiomycota	Agaricomycetes	Russulales	Russulaceae	Lactarius	Lactarius helvus		SPECIES	Lactarius helvus (Fr.) Fr.	Lactarius helvus (Fr.) Fr.	(Fr.) Fr.	CA	Contrecoeur	Québec	PRESENT		ff7bd5db-b724-4932-b496-10ea298851f9	45.876777	-73.209987	12000.0						1988-09-04	4	9	1988	5248660	5248660	PRESERVED_SPECIMEN	Université de Montréal Biodiversity Centre	CMMF	CMMF000300		Lamoureux, Yves		CC0_1_0	Université de Montréal Biodiversity Centre	Garneau, Yves			2024-01-24T16:38:20.768Z	StillImage	INSTITUTION_MATCH_FUZZY;COLLECTION_MATCH_FUZZY;DIFFERENT_OWNER_INSTITUTION
617551010	21705170-d2b6-42de-8904-c3bca4b83591	CMMF002529	Fungi	Basidiomycota	Agaricomycetes	Russulales	Russulaceae	Lactarius	Lactarius helvus		SPECIES	Lactarius helvus (Fr.) Fr.	Lactarius helvus (Fr.) Fr.	(Fr.) Fr.	CA	Saint-Majorique	Québec	PRESENT		ff7bd5db-b724-4932-b496-10ea298851f9	45.931221	-72.584529	5000.0						1995-08-27	27	8	1995	5248660	5248660	PRESERVED_SPECIMEN	Université de Montréal Biodiversity Centre	CMMF	CMMF002529		Lamoureux, Yves		CC0_1_0	Université de Montréal Biodiversity Centre	Lamoureux, Yves			2024-01-24T16:38:19.545Z	StillImage	INSTITUTION_MATCH_FUZZY;COLLECTION_MATCH_FUZZY;DIFFERENT_OWNER_INSTITUTION
4945871430	50c9509d-22c7-4a22-a47d-8c48425ef4a7	https://www.inaturalist.org/observations/239391785	Fungi	Basidiomycota	Agaricomycetes	Russulales	Russulaceae	Lactarius	Lactarius helvus		SPECIES	Lactarius helvus (Fr.) Fr.	Lactarius helvus		CA		New Brunswick	PRESENT		28eb1a3f-1c15-4a95-931a-4af90ecb574d	45.225768	-66.372496	3.0						2024-08-21T11:02	21	8	2024	5248660	5248660	HUMAN_OBSERVATION	iNaturalist	Observations	239391785		David Malloch	2024-09-02T14:08:36	CC_BY_NC_4_0	David Malloch	David Malloch			2025-01-14T13:39:23.216Z	StillImage	COORDINATE_ROUNDED;CONTINENT_DERIVED_FROM_COORDINATES;TAXON_MATCH_TAXON_ID_IGNORED
4846779197	50c9509d-22c7-4a22-a47d-8c48425ef4a7	https://www.inaturalist.org/observations/187314724	Fungi	Basidiomycota	Agaricomycetes	Russulales	Russulaceae	Lactarius	Lactarius helvus		SPECIES	Lactarius helvus (Fr.) Fr.	Lactarius helvus		CA		Prince Edward Island	PRESENT		28eb1a3f-1c15-4a95-931a-4af90ecb574d	46.61688	-64.05155	20.0						2023-10-12T13:15	12	10	2023	5248660	5248660	HUMAN_OBSERVATION	iNaturalist	Observations	187314724		Denis Gallant	2023-10-13T01:02:54	CC_BY_NC_4_0	Denis Gallant	Denis Gallant			2025-01-14T12:42:31.037Z	StillImage	COORDINATE_ROUNDED;CONTINENT_DERIVED_FROM_COORDINATES;TAXON_MATCH_TAXON_ID_IGNORED
4416973390	50c9509d-22c7-4a22-a47d-8c48425ef4a7	https://www.inaturalist.org/observations/184628534	Fungi	Basidiomycota	Agaricomycetes	Russulales	Russulaceae	Lactarius	Lactarius helvus		SPECIES	Lactarius helvus (Fr.) Fr.	Lactarius helvus		CA		Québec	PRESENT		28eb1a3f-1c15-4a95-931a-4af90ecb574d	45.024703	-71.895571	342.0						2023-09-23T12:23	23	9	2023	5248660	5248660	HUMAN_OBSERVATION	iNaturalist	Observations	184628534		Antoine Fortin	2023-09-24T02:06:16	CC_BY_NC_4_0	Antoine Fortin	Antoine Fortin			2025-01-14T12:40:11.344Z	StillImage	COORDINATE_ROUNDED;CONTINENT_DERIVED_FROM_COORDINATES;TAXON_MATCH_TAXON_ID_IGNORED
4414161502	50c9509d-22c7-4a22-a47d-8c48425ef4a7	https://www.inaturalist.org/observations/182723632	Fungi	Basidiomycota	Agaricomycetes	Russulales	Russulaceae	Lactarius	Lactarius helvus		SPECIES	Lactarius helvus (Fr.) Fr.	Lactarius helvus		CA		Québec	PRESENT		28eb1a3f-1c15-4a95-931a-4af90ecb574d	48.909576	-72.391571							2023-09-10T14:41	10	9	2023	5248660	5248660	HUMAN_OBSERVATION	iNaturalist	Observations	182723632		Paul Vézina	2023-09-10T23:03:51	CC_BY_NC_4_0	Paul Vézina	Paul Vézina			2025-01-14T12:41:56.404Z	StillImage	COORDINATE_ROUNDED;CONTINENT_DERIVED_FROM_COORDINATES;TAXON_MATCH_TAXON_ID_IGNORED
4406536319	fb9d7c38-5759-4c30-9e09-5b6bd43f78a6	http://id.luomus.fi/MY.14952764	Fungi	Basidiomycota	Agaricomycetes	Russulales	Russulaceae	Lactarius	Lactarius helvus		SPECIES	Lactarius helvus (Fr.) Fr.	Lactarius helvus (Fr.:Fr.) Fr.		CA		Ontario	PRESENT		04fd2e13-6881-4e5c-9dd1-8fdd9ab993c1	45.35	-75.93							1958-09-11T00:00Z	11	9	1958	5248660	5248660	PRESERVED_SPECIMEN	H		http://id.luomus.fi/HA.H7080536				CC_BY_4_0		Groves, J. W.			2025-01-17T02:41:19.961Z		CONTINENT_DERIVED_FROM_COORDINATES;TAXON_MATCH_TAXON_ID_IGNORED;COLLECTION_MATCH_NONE;INSTITUTION_MATCH_FUZZY
4166304552	695cef75-b65f-4776-b2ed-74565eebb16e	02-01000973424	Fungi	Basidiomycota	Agaricomycetes	Russulales	Russulaceae	Lactarius	Lactarius helvus		SPECIES	Lactarius aquifluus Peck	Lactarius aquifluus	Peck	CA	Route Principale, near Lac Grandpré & Lac Nadreau	Quebec	PRESENT		055bd978-2daa-4543-b3f0-44e0e87e86ca	47.455556	-71.245833							1981-08-15	15	8	1981	5248662	5248660	PRESERVED_SPECIMEN	AAFC	DAOM	180827		S.A. Redhead		CC_BY_4_0	©His Majesty the King in Right of Canada, as represented by the Minister of Agriculture and Agri-Food	M.E. Elliott foray group			2025-01-12T05:11:16.282Z		GEODETIC_DATUM_ASSUMED_WGS84;CONTINENT_DERIVED_FROM_COORDINATES;TAXON_MATCH_TAXON_ID_IGNORED;INSTITUTION_MATCH_FUZZY
4100050465	d1a3b128-b406-46bb-a6d1-f3591dcc8a7b	a08a94ee-7a13-4dc8-8dfb-bacb5d6ae186	Fungi	Basidiomycota	Agaricomycetes	Russulales	Russulaceae	Lactarius	Lactarius helvus		SPECIES	Lactarius helvus (Fr.) Fr.	Lactarius helvus	(Fr.) Fr.	CA	Tourville	Quebec	PRESENT		e43cf4b8-849e-4fac-b075-e652d019d2cf	47.1	-69.983333	18019.0						1955-09-17	17	9	1955	5248660	5248660	PRESERVED_SPECIMEN	BPI		BPI 759391		Groves, J. W.		CC0_1_0		Groves, J. W.; Jackson, H. A. C.			2025-01-15T04:59:41.781Z		GEODETIC_DATUM_ASSUMED_WGS84;CONTINENT_DERIVED_FROM_COORDINATES;TAXON_MATCH_TAXON_ID_IGNORED;INSTITUTION_MATCH_FUZZY
4099917477	d1a3b128-b406-46bb-a6d1-f3591dcc8a7b	714c8e37-2466-4bb8-b7c8-867fe1b06826	Fungi	Basidiomycota	Agaricomycetes	Russulales	Russulaceae	Lactarius	Lactarius helvus		SPECIES	Lactarius helvus (Fr.) Fr.	Lactarius helvus	(Fr.) Fr.	CA	Ramsayville	Ontario	PRESENT		e43cf4b8-849e-4fac-b075-e652d019d2cf	45.374722	-75.564722	301.0						1957-10-02	2	10	1957	5248660	5248660	PRESERVED_SPECIMEN	BPI		BPI 759644		Groves, J. W.		CC0_1_0		Groves, J. W.; Elliott, M. E.			2025-01-15T04:59:41.790Z		GEODETIC_DATUM_ASSUMED_WGS84;CONTINENT_DERIVED_FROM_COORDINATES;TAXON_MATCH_TAXON_ID_IGNORED;INSTITUTION_MATCH_FUZZY
4099454516	d1a3b128-b406-46bb-a6d1-f3591dcc8a7b	76b4d293-9a71-41d6-b5c7-8654f75047f9	Fungi	Basidiomycota	Agaricomycetes	Russulales	Russulaceae	Lactarius	Lactarius helvus		SPECIES	Lactarius helvus (Fr.) Fr.	Lactarius helvus	(Fr.) Fr.	CA	South March	Ontario	PRESENT		e43cf4b8-849e-4fac-b075-e652d019d2cf	45.35	-75.933333	3036.0						1958-09-11	11	9	1958	5248660	5248660	PRESERVED_SPECIMEN	BPI		BPI 759648		Groves, J. W.		CC0_1_0		Groves, J. W.			2025-01-15T04:59:41.854Z		GEODETIC_DATUM_ASSUMED_WGS84;CONTINENT_DERIVED_FROM_COORDINATES;TAXON_MATCH_TAXON_ID_IGNORED;INSTITUTION_MATCH_FUZZY
3994201291	50c9509d-22c7-4a22-a47d-8c48425ef4a7	https://www.inaturalist.org/observations/144315075	Fungi	Basidiomycota	Agaricomycetes	Russulales	Russulaceae	Lactarius	Lactarius helvus		SPECIES	Lactarius helvus (Fr.) Fr.	Lactarius helvus		CA		Québec	PRESENT		28eb1a3f-1c15-4a95-931a-4af90ecb574d	49.277233	-68.071608	8.0						2022-08-29T14:33:52	29	8	2022	5248660	5248660	HUMAN_OBSERVATION	iNaturalist	Observations	144315075		madelineboys	2022-12-13T20:19:30	CC_BY_NC_4_0	madelineboys	madelineboys			2025-01-14T12:34:27.230Z	StillImage	COORDINATE_ROUNDED;CONTINENT_DERIVED_FROM_COORDINATES;TAXON_MATCH_TAXON_ID_IGNORED
3965638254	0ec61c42-6eda-441e-b327-7ec241c8ec95	c795b7cb-5465-4f5a-b04a-9027c07ef0c3	Fungi	Basidiomycota	Agaricomycetes	Russulales	Russulaceae	Lactarius	Lactarius helvus		SPECIES	Lactarius helvus (Fr.) Fr.	Lactarius helvus	(Fr.) Fr.	CA	Tourville	Quebec	PRESENT		00ff478a-9da6-4c8d-b60d-43ee8c88cd1f	47.1	-69.983333							1955-09-17	17	9	1955	5248660	5248660	PRESERVED_SPECIMEN	WSP	WSP	WSP65099		J.W. Groves		CC_BY_4_0		J.W. Groves; H.A.C. Jackson			2025-01-15T08:29:33.387Z		GEODETIC_DATUM_ASSUMED_WGS84;CONTINENT_DERIVED_FROM_COORDINATES;TAXON_MATCH_TAXON_ID_IGNORED;AMBIGUOUS_COLLECTION;INSTITUTION_MATCH_FUZZY
3915282633	50c9509d-22c7-4a22-a47d-8c48425ef4a7	https://www.inaturalist.org/observations/135473438	Fungi	Basidiomycota	Agaricomycetes	Russulales	Russulaceae	Lactarius	Lactarius helvus		SPECIES	Lactarius helvus (Fr.) Fr.	Lactarius helvus		CA		Québec	PRESENT		28eb1a3f-1c15-4a95-931a-4af90ecb574d	46.025117	-73.434088	29.0						2022-09-17T22:25:47	17	9	2022	5248660	5248660	HUMAN_OBSERVATION	iNaturalist	Observations	135473438		Bethany Beech	2022-09-18T03:28:44	CC_BY_NC_4_0	Bethany Beech	Bethany Beech			2025-01-14T13:17:22.397Z	StillImage	COORDINATE_ROUNDED;CONTINENT_DERIVED_FROM_COORDINATES;TAXON_MATCH_TAXON_ID_IGNORED
3912206034	50c9509d-22c7-4a22-a47d-8c48425ef4a7	https://www.inaturalist.org/observations/135199537	Fungi	Basidiomycota	Agaricomycetes	Russulales	Russulaceae	Lactarius	Lactarius helvus		SPECIES	Lactarius helvus (Fr.) Fr.	Lactarius helvus		CA		Prince Edward Island	PRESENT		28eb1a3f-1c15-4a95-931a-4af90ecb574d	46.508978	-64.076743	50.0						2022-09-15T14:57	15	9	2022	5248660	5248660	HUMAN_OBSERVATION	iNaturalist	Observations	135199537		Denis Gallant	2022-09-16T01:35:32	CC_BY_NC_4_0	Denis Gallant	Denis Gallant			2025-01-14T13:25:08.066Z	StillImage	COORDINATE_ROUNDED;CONTINENT_DERIVED_FROM_COORDINATES;TAXON_MATCH_TAXON_ID_IGNORED
3903435552	50c9509d-22c7-4a22-a47d-8c48425ef4a7	https://www.inaturalist.org/observations/133545666	Fungi	Basidiomycota	Agaricomycetes	Russulales	Russulaceae	Lactarius	Lactarius helvus		SPECIES	Lactarius helvus (Fr.) Fr.	Lactarius helvus		CA		Prince Edward Island	PRESENT		28eb1a3f-1c15-4a95-931a-4af90ecb574d	46.509132	-64.073383	100.0						2022-09-03T14:32	3	9	2022	5248660	5248660	HUMAN_OBSERVATION	iNaturalist	Observations	133545666		Denis Gallant	2022-09-04T00:27:36	CC_BY_NC_4_0	Denis Gallant	Denis Gallant			2025-01-14T12:31:24.480Z	StillImage	COORDINATE_ROUNDED;CONTINENT_DERIVED_FROM_COORDINATES;TAXON_MATCH_TAXON_ID_IGNORED
3903289547	50c9509d-22c7-4a22-a47d-8c48425ef4a7	https://www.inaturalist.org/observations/133025289	Fungi	Basidiomycota	Agaricomycetes	Russulales	Russulaceae	Lactarius	Lactarius helvus		SPECIES	Lactarius helvus (Fr.) Fr.	Lactarius helvus		CA		Prince Edward Island	PRESENT		28eb1a3f-1c15-4a95-931a-4af90ecb574d	46.509823	-64.081037	50.0						2022-08-30T10:12	30	8	2022	5248660	5248660	HUMAN_OBSERVATION	iNaturalist	Observations	133025289		Denis Gallant	2022-08-31T00:55:29	CC_BY_NC_4_0	Denis Gallant	Denis Gallant			2025-01-14T13:25:10.358Z	StillImage	COORDINATE_ROUNDED;CONTINENT_DERIVED_FROM_COORDINATES;TAXON_MATCH_TAXON_ID_IGNORED
3408107821	50c9509d-22c7-4a22-a47d-8c48425ef4a7	https://www.inaturalist.org/observations/99840868	Fungi	Basidiomycota	Agaricomycetes	Russulales	Russulaceae	Lactarius	Lactarius helvus		SPECIES	Lactarius helvus (Fr.) Fr.	Lactarius helvus		CA		Ontario	PRESENT		28eb1a3f-1c15-4a95-931a-4af90ecb574d	45.457197	-75.547987	62.0						2021-10-29T14:53	29	10	2021	5248660	5248660	HUMAN_OBSERVATION	iNaturalist	Observations	99840868		jonathan_mack	2021-10-31T02:09:56	CC_BY_NC_4_0	jonathan_mack	jonathan_mack			2025-01-14T13:11:05.484Z	StillImage	COORDINATE_ROUNDED;CONTINENT_DERIVED_FROM_COORDINATES;TAXON_MATCH_TAXON_ID_IGNORED
3355408969	50c9509d-22c7-4a22-a47d-8c48425ef4a7	https://www.inaturalist.org/observations/93664140	Fungi	Basidiomycota	Agaricomycetes	Russulales	Russulaceae	Lactarius	Lactarius helvus		SPECIES	Lactarius helvus (Fr.) Fr.	Lactarius helvus		CA		Québec	PRESENT		28eb1a3f-1c15-4a95-931a-4af90ecb574d	46.245885	-74.718552	3299.0						2021-09-04T15:27:52	4	9	2021	5248660	5248660	HUMAN_OBSERVATION	iNaturalist	Observations	93664140		cinna_latifolia	2021-09-06T05:13:44	CC_BY_NC_4_0	Patrick Marchand	Patrick Marchand			2025-01-14T12:22:01.305Z	StillImage	COORDINATE_ROUNDED;CONTINENT_DERIVED_FROM_COORDINATES;TAXON_MATCH_TAXON_ID_IGNORED
3355005785	50c9509d-22c7-4a22-a47d-8c48425ef4a7	https://www.inaturalist.org/observations/91528814	Fungi	Basidiomycota	Agaricomycetes	Russulales	Russulaceae	Lactarius	Lactarius helvus		SPECIES	Lactarius helvus (Fr.) Fr.	Lactarius helvus		CA		Ontario	PRESENT		28eb1a3f-1c15-4a95-931a-4af90ecb574d	45.844961	-77.696405	71.0						2021-08-14T09:49:07	14	8	2021	5248660	5248660	HUMAN_OBSERVATION	iNaturalist	Observations	91528814		cinna_latifolia	2021-08-19T03:27:52	CC_BY_NC_4_0	alexamaccoy	alexamaccoy			2025-01-14T13:13:30.358Z	StillImage	COORDINATE_ROUNDED;CONTINENT_DERIVED_FROM_COORDINATES;TAXON_MATCH_TAXON_ID_IGNORED
3351799255	d8cd16ba-bb74-4420-821e-083f2bac17c2	MN992610	Fungi	Basidiomycota	Agaricomycetes	Russulales	Russulaceae	Lactarius	Lactarius helvus		SPECIES	Lactarius helvus (Fr.) Fr.	Lactarius helvus		CA	Quebec, Chibougamau		PRESENT		ada9d123-ddb4-467d-8891-806ea8d94230	49.76	-74.36							2017-09-05	5	9	2017	5248660	5248660	PRESERVED_SPECIMEN			MQ17023-QFB29531		Renee Lebeuf		CC_BY_4_0					2025-01-18T13:05:50.837Z		GEODETIC_DATUM_ASSUMED_WGS84;CONTINENT_DERIVED_FROM_COORDINATES;TAXON_MATCH_TAXON_CONCEPT_ID_IGNORED;TAXON_MATCH_TAXON_ID_IGNORED
3337467211	50c9509d-22c7-4a22-a47d-8c48425ef4a7	https://www.inaturalist.org/observations/91310053	Fungi	Basidiomycota	Agaricomycetes	Russulales	Russulaceae	Lactarius	Lactarius helvus		SPECIES	Lactarius helvus (Fr.) Fr.	Lactarius helvus		CA		Québec	PRESENT		28eb1a3f-1c15-4a95-931a-4af90ecb574d	46.546647	-72.403062	5.0						2021-08-15T14:58:27	15	8	2021	5248660	5248660	HUMAN_OBSERVATION	iNaturalist	Observations	91310053		Mical	2021-08-15T19:39:46	CC_BY_4_0	Mical	Mical			2025-01-14T13:11:25.623Z	StillImage	COORDINATE_ROUNDED;CONTINENT_DERIVED_FROM_COORDINATES;TAXON_MATCH_TAXON_ID_IGNORED
2988487356	50c9509d-22c7-4a22-a47d-8c48425ef4a7	https://www.inaturalist.org/observations/25336855	Fungi	Basidiomycota	Agaricomycetes	Russulales	Russulaceae	Lactarius	Lactarius helvus		SPECIES	Lactarius helvus (Fr.) Fr.	Lactarius helvus		CA		Québec	PRESENT		28eb1a3f-1c15-4a95-931a-4af90ecb574d	46.3792	-71.8294	1121.0						2013-09-01T12:48	1	9	2013	5248660	5248660	HUMAN_OBSERVATION	iNaturalist	Observations	25336855		Isabelle Pothier	2019-05-18T19:50:53	CC_BY_NC_4_0	Isabelle Pothier	Isabelle Pothier			2025-01-14T12:58:53.549Z	StillImage	CONTINENT_DERIVED_FROM_COORDINATES;TAXON_MATCH_TAXON_ID_IGNORED
2597884810	50c9509d-22c7-4a22-a47d-8c48425ef4a7	https://www.inaturalist.org/observations/35621690	Fungi	Basidiomycota	Agaricomycetes	Russulales	Russulaceae	Lactarius	Lactarius helvus		SPECIES	Lactarius helvus (Fr.) Fr.	Lactarius helvus helvus		CA		New Brunswick	PRESENT		28eb1a3f-1c15-4a95-931a-4af90ecb574d	46.188778	-64.553246	122.0						2015-09-21T14:15	21	9	2015	5248660	5248660	HUMAN_OBSERVATION	iNaturalist	Observations	35621690		Raymonde G Chartier	2019-11-12T21:38:32	CC_BY_NC_4_0	Raymonde G Chartier	Raymonde G Chartier			2025-01-14T13:09:55.182Z	StillImage	COORDINATE_ROUNDED;CONTINENT_DERIVED_FROM_COORDINATES;TAXON_MATCH_HIGHERRANK;TAXON_MATCH_TAXON_ID_IGNORED
2423611040	21705170-d2b6-42de-8904-c3bca4b83591	CMMF018865	Fungi	Basidiomycota	Agaricomycetes	Russulales	Russulaceae	Lactarius	Lactarius helvus		SPECIES	Lactarius aquifluus Peck	Lactarius aquifluus Peck	Peck	CA	Station de biologie des Laurentides, Université de Montréal	Québec	PRESENT		ff7bd5db-b724-4932-b496-10ea298851f9	45.988108	-74.005679	25000.0						1986-08-31	31	8	1986	5248662	5248660	PRESERVED_SPECIMEN	Université de Montréal Biodiversity Centre	CMMF	CMMF018865	s.n.	Nantel, Patrick		CC0_1_0	Université de Montréal Biodiversity Centre	Nantel, Patrick			2024-01-24T16:38:18.693Z		INSTITUTION_MATCH_FUZZY;COLLECTION_MATCH_FUZZY;DIFFERENT_OWNER_INSTITUTION
1990297939	032f1fbe-d21f-407d-be46-5cd1bb1ea397	808e1268-ef14-454e-87a4-3e19dc385986	Fungi	Basidiomycota	Agaricomycetes	Russulales	Russulaceae	Lactarius	Lactarius helvus		SPECIES	Lactarius helvus (Fr.) Fr.	Lactarius helvus	(Fr.) Fr.	CA	Kanata, South March	Ontario	PRESENT		61c539d8-47e0-4b82-875f-b95aad66dcd4	45.343056	-75.916667							1958-09-11	11	9	1958	5248660	5248660	PRESERVED_SPECIMEN	TENN-F		TENN-F-024640	LRH24640			CC0_1_0		J.W. Groves			2025-01-12T10:33:40.261Z	StillImage	COORDINATE_ROUNDED;GEODETIC_DATUM_ASSUMED_WGS84;CONTINENT_DERIVED_FROM_COORDINATES;TAXON_MATCH_TAXON_ID_IGNORED;INSTITUTION_MATCH_NONE
1807258570	e8a25a42-f125-476c-8554-3ec21cd51a84	ACAD:115178	Fungi	Basidiomycota	Agaricomycetes	Russulales	Russulaceae	Lactarius	Lactarius helvus		SPECIES	Lactarius helvus (Fr.) Fr.	Lactarius helvus	(Fr.) Fr., 1838	CA	Evangeline Beach	Nova Scotia	PRESENT		6491ad8c-8e49-4bd4-a089-0ddb3bbe0890	45.13795	-64.308091							1936-08-30	30	8	1936	5248660	5248660	PRESERVED_SPECIMEN	Acadia University	ACAD	841F	841			CC0_1_0	Acadia University	H, KA			2024-01-25T01:36:59.572Z	StillImage	COORDINATE_ROUNDED;GEODETIC_DATUM_INVALID;GEODETIC_DATUM_ASSUMED_WGS84;TAXON_MATCH_TAXON_ID_IGNORED;INSTITUTION_MATCH_FUZZY;COLLECTION_MATCH_FUZZY
1807255611	e8a25a42-f125-476c-8554-3ec21cd51a84	ACAD:112179	Fungi	Basidiomycota	Agaricomycetes	Russulales	Russulaceae	Lactarius	Lactarius helvus		SPECIES	Lactarius helvus (Fr.) Fr.	Lactarius helvus	(Fr.) Fr., 1838	CA	Harbourville	Nova Scotia	PRESENT		6491ad8c-8e49-4bd4-a089-0ddb3bbe0890	45.14961	-64.80249							1952-09-29	29	9	1952	5248660	5248660	PRESERVED_SPECIMEN	Acadia University	ACAD	1888F	1888			CC0_1_0	Acadia University	H, KA			2024-01-25T01:37:05.912Z	StillImage	GEODETIC_DATUM_INVALID;GEODETIC_DATUM_ASSUMED_WGS84;TAXON_MATCH_TAXON_ID_IGNORED;INSTITUTION_MATCH_FUZZY;COLLECTION_MATCH_FUZZY
1412706502	21705170-d2b6-42de-8904-c3bca4b83591	CMMF015020	Fungi	Basidiomycota	Agaricomycetes	Russulales	Russulaceae	Lactarius	Lactarius helvus		SPECIES	Lactarius helvus (Fr.) Fr.	Lactarius helvus (Fr.) Fr.	(Fr.) Fr.	CA	Dolbeau, Québec.	Québec	PRESENT		ff7bd5db-b724-4932-b496-10ea298851f9	48.872751	-72.216576	5000.0						1994-08-27	27	8	1994	5248660	5248660	PRESERVED_SPECIMEN	Université de Montréal Biodiversity Centre	CMMF	CMMF015020	1325	Guérin, Gérard		CC0_1_0	Université de Montréal Biodiversity Centre	Guérin, Gérard			2024-01-24T16:38:16.659Z		INSTITUTION_MATCH_FUZZY;COLLECTION_MATCH_FUZZY;DIFFERENT_OWNER_INSTITUTION
1412703134	21705170-d2b6-42de-8904-c3bca4b83591	CMMF011575	Fungi	Basidiomycota	Agaricomycetes	Russulales	Russulaceae	Lactarius	Lactarius helvus		SPECIES	Lactarius helvus (Fr.) Fr.	Lactarius helvus (Fr.) Fr.	(Fr.) Fr.	CA	Sainte-Anne de la Pocatière, Kamouraska, Québec.	Québec	PRESENT		ff7bd5db-b724-4932-b496-10ea298851f9	47.366667	-70.033333	8000.0						1944-09-09	9	9	1944	5248660	5248660	PRESERVED_SPECIMEN	Université de Montréal Biodiversity Centre	CMMF	CMMF011575	18363	Campagna, Elzéar; Dubé, Lucien		CC0_1_0	Université de Montréal Biodiversity Centre	Campagna, Elzéar; Dubé, Lucien			2024-01-24T16:38:18.047Z		INSTITUTION_MATCH_FUZZY;COLLECTION_MATCH_FUZZY;DIFFERENT_OWNER_INSTITUTION
1135071394	21705170-d2b6-42de-8904-c3bca4b83591	CMMF009935	Fungi	Basidiomycota	Agaricomycetes	Russulales	Russulaceae	Lactarius	Lactarius helvus		SPECIES	Lactarius helvus (Fr.) Fr.	Lactarius helvus (Fr.) Fr.	(Fr.) Fr.	CA	Chemin du Caillou, Lac-Beauport.	Québec	PRESENT		ff7bd5db-b724-4932-b496-10ea298851f9	46.988318	-71.326007	1000.0						2007-09-06	6	9	2007	5248660	5248660	PRESERVED_SPECIMEN	Université de Montréal Biodiversity Centre	CMMF	CMMF009935	1519	Labrecque, Jacqueline		CC0_1_0	Université de Montréal Biodiversity Centre	Labrecque, Jacqueline			2024-01-24T16:38:21.412Z		INSTITUTION_MATCH_FUZZY;COLLECTION_MATCH_FUZZY;DIFFERENT_OWNER_INSTITUTION
1135070284	21705170-d2b6-42de-8904-c3bca4b83591	CMMF008907	Fungi	Basidiomycota	Agaricomycetes	Russulales	Russulaceae	Lactarius	Lactarius helvus		SPECIES	Lactarius helvus (Fr.) Fr.	Lactarius helvus (Fr.) Fr.	(Fr.) Fr.	CA	Boisé Ulrich, Lac-Beauport.	Québec	PRESENT		ff7bd5db-b724-4932-b496-10ea298851f9	46.953091	-71.275238	5000.0						2006-08-09	9	8	2006	5248660	5248660	PRESERVED_SPECIMEN	Université de Montréal Biodiversity Centre	CMMF	CMMF008907	490	Labrecque, Jacqueline		CC0_1_0	Université de Montréal Biodiversity Centre	Labrecque, Jacqueline			2024-01-24T16:38:18.929Z		INSTITUTION_MATCH_FUZZY;COLLECTION_MATCH_FUZZY;DIFFERENT_OWNER_INSTITUTION
1135069762	21705170-d2b6-42de-8904-c3bca4b83591	CMMF008381	Fungi	Basidiomycota	Agaricomycetes	Russulales	Russulaceae	Lactarius	Lactarius helvus		SPECIES	Lactarius helvus (Fr.) Fr.	Lactarius helvus (Fr.) Fr.	(Fr.) Fr.	CA	Baie-Comeau	Québec	PRESENT		ff7bd5db-b724-4932-b496-10ea298851f9	49.323333	-68.422333	100.0						2005-09-17	17	9	2005	5248660	5248660	PRESERVED_SPECIMEN	Université de Montréal Biodiversity Centre	CMMF	CMMF008381	Inexistant	McNeil, Raymond		CC0_1_0	Université de Montréal Biodiversity Centre	McNeil, Raymond			2024-01-24T16:38:17.755Z	StillImage	COORDINATE_ROUNDED;INSTITUTION_MATCH_FUZZY;COLLECTION_MATCH_FUZZY;DIFFERENT_OWNER_INSTITUTION
1135069403	21705170-d2b6-42de-8904-c3bca4b83591	CMMF008001	Fungi	Basidiomycota	Agaricomycetes	Russulales	Russulaceae	Lactarius	Lactarius helvus		SPECIES	Lactarius helvus (Fr.) Fr.	Lactarius helvus (Fr.) Fr.	(Fr.) Fr.	CA	Montmagny	Québec	PRESENT		ff7bd5db-b724-4932-b496-10ea298851f9	46.876667	-70.432917	100.0						2004-10-04	4	10	2004	5248660	5248660	PRESERVED_SPECIMEN	Université de Montréal Biodiversity Centre	CMMF	CMMF008001	Inexistant	McNeil, Raymond		CC0_1_0	Université de Montréal Biodiversity Centre	McNeil, Raymond			2024-01-24T16:38:18.071Z	StillImage	COORDINATE_ROUNDED;INSTITUTION_MATCH_FUZZY;COLLECTION_MATCH_FUZZY;DIFFERENT_OWNER_INSTITUTION
1135069363	21705170-d2b6-42de-8904-c3bca4b83591	CMMF007931	Fungi	Basidiomycota	Agaricomycetes	Russulales	Russulaceae	Lactarius	Lactarius helvus		SPECIES	Lactarius helvus (Fr.) Fr.	Lactarius helvus (Fr.) Fr.	(Fr.) Fr.	CA	Sainte-Euphémie	Québec	PRESENT		ff7bd5db-b724-4932-b496-10ea298851f9	46.7689	-70.445417	100.0						2012-09-13	13	9	2012	5248660	5248660	PRESERVED_SPECIMEN	Université de Montréal Biodiversity Centre	CMMF	CMMF007931	C4074	McNeil, Raymond		CC0_1_0	Université de Montréal Biodiversity Centre	McNeil, Raymond			2024-01-24T16:38:15.602Z	StillImage	COORDINATE_ROUNDED;INSTITUTION_MATCH_FUZZY;COLLECTION_MATCH_FUZZY;DIFFERENT_OWNER_INSTITUTION
1135069304	21705170-d2b6-42de-8904-c3bca4b83591	CMMF007855	Fungi	Basidiomycota	Agaricomycetes	Russulales	Russulaceae	Lactarius	Lactarius helvus		SPECIES	Lactarius helvus (Fr.) Fr.	Lactarius helvus (Fr.) Fr.	(Fr.) Fr.	CA	St-Fabien-de-Panet	Québec	PRESENT		ff7bd5db-b724-4932-b496-10ea298851f9	46.638667	-70.128333	100.0						1977-09-03	3	9	1977	5248660	5248660	PRESERVED_SPECIMEN	Université de Montréal Biodiversity Centre	CMMF	CMMF007855	Inexistant	McNeil, Raymond		CC0_1_0	Université de Montréal Biodiversity Centre	McNeil, Raymond			2024-01-24T16:38:14.783Z	StillImage	COORDINATE_ROUNDED;INSTITUTION_MATCH_FUZZY;COLLECTION_MATCH_FUZZY;DIFFERENT_OWNER_INSTITUTION
