gbifID	datasetKey	occurrenceID	kingdom	phylum	class	order	family	genus	species	infraspecificEpithet	taxonRank	scientificName	verbatimScientificName	verbatimScientificNameAuthorship	countryCode	locality	stateProvince	occurrenceStatus	individualCount	publishingOrgKey	decimalLatitude	decimalLongitude	coordinateUncertaintyInMeters	coordinatePrecision	elevation	elevationAccuracy	depth	depthAccuracy	eventDate	day	month	year	taxonKey	speciesKey	basisOfRecord	institutionCode	collectionCode	catalogNumber	recordNumber	identifiedBy	dateIdentified	license	rightsHolder	recordedBy	typeStatus	establishmentMeans	lastInterpreted	mediaType	issue
617554814	21705170-d2b6-42de-8904-c3bca4b83591	CMMF000053	Fungi	Basidiomycota	Agaricomycetes	Agaricales	Marasmiaceae	Marasmius	Marasmius oreades		SPECIES	Marasmius oreades (Bolton) Fr.	Marasmius oreades (Bolton) Fr.	(Bolton) Fr.	CA	Montréal	Québec	PRESENT		ff7bd5db-b724-4932-b496-10ea298851f9	45.509625	-73.662984	25000.0						1988-07-16	16	7	1988	2537250	2537250	PRESERVED_SPECIMEN	Université de Montréal Biodiversity Centre	CMMF	CMMF000053		Lamoureux, Yves		CC0_1_0	Université de Montréal Biodiversity Centre	Lamoureux, Yves			2024-01-24T16:38:20.372Z	StillImage	INSTITUTION_MATCH_FUZZY;COLLECTION_MATCH_FUZZY;DIFFERENT_OWNER_INSTITUTION
617554731	21705170-d2b6-42de-8904-c3bca4b83591	CMMF000491	Fungi	Basidiomycota	Agaricomycetes	Agaricales	Marasmiaceae	Marasmius	Marasmius oreades		SPECIES	Marasmius oreades (Bolton) Fr.	Marasmius oreades (Bolton) Fr.	(Bolton) Fr.	CA	Sainte-Julienne	Québec	PRESENT		ff7bd5db-b724-4932-b496-10ea298851f9	45.964758	-73.7201	8500.0						1989-06-05	5	6	1989	2537250	2537250	PRESERVED_SPECIMEN	Université de Montréal Biodiversity Centre	CMMF	CMMF000491		Lamoureux, Yves		CC0_1_0	Université de Montréal Biodiversity Centre	Lamoureux, Yves			2024-01-24T16:38:20.012Z	StillImage	INSTITUTION_MATCH_FUZZY;COLLECTION_MATCH_FUZZY;DIFFERENT_OWNER_INSTITUTION
617549499	21705170-d2b6-42de-8904-c3bca4b83591	CMMF001867	Fungi	Basidiomycota	Agaricomycetes	Agaricales	Marasmiaceae	Marasmius	Marasmius oreades		SPECIES	Marasmius oreades (Bolton) Fr.	Marasmius oreades (Bolton) Fr.	(Bolton) Fr.	CA	Longueuil	Québec	PRESENT		ff7bd5db-b724-4932-b496-10ea298851f9	45.544154	-73.477185	5000.0						1993-06-22	22	6	1993	2537250	2537250	PRESERVED_SPECIMEN	Université de Montréal Biodiversity Centre	CMMF	CMMF001867		Lamoureux, Yves		CC0_1_0	Université de Montréal Biodiversity Centre	Lamoureux, Yves			2024-01-24T16:38:17.218Z	StillImage	INSTITUTION_MATCH_FUZZY;COLLECTION_MATCH_FUZZY;DIFFERENT_OWNER_INSTITUTION
4978464352	50c9509d-22c7-4a22-a47d-8c48425ef4a7	https://www.inaturalist.org/observations/239465213	Fungi	Basidiomycota	Agaricomycetes	Agaricales	Marasmiaceae	Marasmius	Marasmius oreades		SPECIES	Marasmius oreades (Bolton) Fr.	Marasmius oreades		CA		Québec	PRESENT		28eb1a3f-1c15-4a95-931a-4af90ecb574d	45.4772	-73.643845	4.0						2024-09-02T15:49:31	2	9	2024	2537250	2537250	HUMAN_OBSERVATION	iNaturalist	Observations	239465213		kayjei	2024-09-02T19:50:38	CC_BY_NC_4_0	kayjei	kayjei			2025-01-14T12:53:08.242Z	StillImage	CONTINENT_DERIVED_FROM_COORDINATES;TAXON_MATCH_TAXON_ID_IGNORED
4936970450	50c9509d-22c7-4a22-a47d-8c48425ef4a7	https://www.inaturalist.org/observations/239069155	Fungi	Basidiomycota	Agaricomycetes	Agaricales	Marasmiaceae	Marasmius	Marasmius oreades		SPECIES	Marasmius oreades (Bolton) Fr.	Marasmius oreades		CA		Ontario	PRESENT		28eb1a3f-1c15-4a95-931a-4af90ecb574d	45.457361	-75.475672							2024-08-31T19:16:21	31	8	2024	2537250	2537250	HUMAN_OBSERVATION	iNaturalist	Observations	239069155		nikschmidt	2024-08-31T23:17:41	CC_BY_NC_4_0	nikschmidt	nikschmidt			2025-01-14T12:50:23.071Z	StillImage	COORDINATE_ROUNDED;CONTINENT_DERIVED_FROM_COORDINATES;TAXON_MATCH_TAXON_ID_IGNORED
4936498469	50c9509d-22c7-4a22-a47d-8c48425ef4a7	https://www.inaturalist.org/observations/174394306	Fungi	Basidiomycota	Agaricomycetes	Agaricales	Marasmiaceae	Marasmius	Marasmius oreades		SPECIES	Marasmius oreades (Bolton) Fr.	Marasmius oreades		CA		Québec	PRESENT		28eb1a3f-1c15-4a95-931a-4af90ecb574d	45.458836	-73.561561							2023-07-22T20:20:24	22	7	2023	2537250	2537250	HUMAN_OBSERVATION	iNaturalist	Observations	174394306		viandemoisie	2023-07-23T01:37:30	CC_BY_4_0	viandemoisie	viandemoisie			2025-01-14T12:42:48.341Z		COORDINATE_ROUNDED;CONTINENT_DERIVED_FROM_COORDINATES;TAXON_MATCH_TAXON_ID_IGNORED
4921521567	50c9509d-22c7-4a22-a47d-8c48425ef4a7	https://www.inaturalist.org/observations/232808477	Fungi	Basidiomycota	Agaricomycetes	Agaricales	Marasmiaceae	Marasmius	Marasmius oreades		SPECIES	Marasmius oreades (Bolton) Fr.	Marasmius oreades		CA		Québec	PRESENT		28eb1a3f-1c15-4a95-931a-4af90ecb574d	45.872811	-76.4339	501.0						2024-07-25T10:19	25	7	2024	2537250	2537250	HUMAN_OBSERVATION	iNaturalist	Observations	232808477		L Joan Heyding	2024-07-31T00:46:54	CC_BY_NC_4_0	L Joan Heyding	L Joan Heyding			2025-01-14T12:48:32.378Z	StillImage	COORDINATE_ROUNDED;CONTINENT_DERIVED_FROM_COORDINATES;TAXON_MATCH_TAXON_ID_IGNORED
4901817100	50c9509d-22c7-4a22-a47d-8c48425ef4a7	https://www.inaturalist.org/observations/222339964	Fungi	Basidiomycota	Agaricomycetes	Agaricales	Marasmiaceae	Marasmius	Marasmius oreades		SPECIES	Marasmius oreades (Bolton) Fr.	Marasmius oreades		CA		Québec	PRESENT		28eb1a3f-1c15-4a95-931a-4af90ecb574d	45.872811	-76.4339	501.0						2024-06-11T13:33	11	6	2024	2537250	2537250	HUMAN_OBSERVATION	iNaturalist	Observations	222339964		L Joan Heyding	2024-06-12T23:08:36	CC_BY_NC_4_0	L Joan Heyding	L Joan Heyding			2025-01-14T13:41:24.733Z	StillImage	COORDINATE_ROUNDED;CONTINENT_DERIVED_FROM_COORDINATES;TAXON_MATCH_TAXON_ID_IGNORED
4901075369	50c9509d-22c7-4a22-a47d-8c48425ef4a7	https://www.inaturalist.org/observations/222829533	Fungi	Basidiomycota	Agaricomycetes	Agaricales	Marasmiaceae	Marasmius	Marasmius oreades		SPECIES	Marasmius oreades (Bolton) Fr.	Marasmius oreades		CA		Ontario	PRESENT		28eb1a3f-1c15-4a95-931a-4af90ecb574d	45.417492	-75.645508	32.0						2024-06-15T05:56:37	15	6	2024	2537250	2537250	HUMAN_OBSERVATION	iNaturalist	Observations	222829533		Erin	2024-06-15T11:06:42	CC_BY_NC_4_0	Erin	Erin			2025-01-14T13:45:16.511Z	StillImage	COORDINATE_ROUNDED;CONTINENT_DERIVED_FROM_COORDINATES;TAXON_MATCH_TAXON_ID_IGNORED
4901072094	50c9509d-22c7-4a22-a47d-8c48425ef4a7	https://www.inaturalist.org/observations/222548766	Fungi	Basidiomycota	Agaricomycetes	Agaricales	Marasmiaceae	Marasmius	Marasmius oreades		SPECIES	Marasmius oreades (Bolton) Fr.	Marasmius oreades		CA		Ontario	PRESENT		28eb1a3f-1c15-4a95-931a-4af90ecb574d	45.417663	-75.645042	70.0						2024-06-13T12:01:47	13	6	2024	2537250	2537250	HUMAN_OBSERVATION	iNaturalist	Observations	222548766		Taylor Routledge	2024-06-14T06:15:47	CC_BY_NC_4_0	Erin	Erin			2025-01-14T12:46:13.711Z	StillImage	COORDINATE_ROUNDED;CONTINENT_DERIVED_FROM_COORDINATES;TAXON_MATCH_TAXON_ID_IGNORED
4875573989	50c9509d-22c7-4a22-a47d-8c48425ef4a7	https://www.inaturalist.org/observations/86437824	Fungi	Basidiomycota	Agaricomycetes	Agaricales	Marasmiaceae	Marasmius	Marasmius oreades		SPECIES	Marasmius oreades (Bolton) Fr.	Marasmius oreades		CA		Québec	PRESENT		28eb1a3f-1c15-4a95-931a-4af90ecb574d	46.629473	-70.971056	1385.0						2021-07-07T03:36	7	7	2021	2537250	2537250	HUMAN_OBSERVATION	iNaturalist	Observations	86437824		guelerin	2021-07-14T17:18:39	CC_BY_NC_4_0	guelerin	guelerin			2025-01-14T13:13:05.083Z	StillImage	COORDINATE_ROUNDED;CONTINENT_DERIVED_FROM_COORDINATES;TAXON_MATCH_TAXON_ID_IGNORED
4453951864	50c9509d-22c7-4a22-a47d-8c48425ef4a7	https://www.inaturalist.org/observations/177211280	Fungi	Basidiomycota	Agaricomycetes	Agaricales	Marasmiaceae	Marasmius	Marasmius oreades		SPECIES	Marasmius oreades (Bolton) Fr.	Marasmius oreades		CA		Québec	PRESENT		28eb1a3f-1c15-4a95-931a-4af90ecb574d	45.436361	-73.583454	33.0						2023-08-05T16:20:08	5	8	2023	2537250	2537250	HUMAN_OBSERVATION	iNaturalist	Observations	177211280		Fabian Orozco	2023-08-07T18:27:11	CC_BY_4_0	Fabian Orozco	Fabian Orozco			2025-01-14T12:39:22.913Z	StillImage	COORDINATE_ROUNDED;CONTINENT_DERIVED_FROM_COORDINATES;TAXON_MATCH_TAXON_ID_IGNORED
4436117684	50c9509d-22c7-4a22-a47d-8c48425ef4a7	https://www.inaturalist.org/observations/189141423	Fungi	Basidiomycota	Agaricomycetes	Agaricales	Marasmiaceae	Marasmius	Marasmius oreades		SPECIES	Marasmius oreades (Bolton) Fr.	Marasmius oreades		CA		Québec	PRESENT		28eb1a3f-1c15-4a95-931a-4af90ecb574d	45.49595	-73.490387	5.0						2023-10-26T12:19:03	26	10	2023	2537250	2537250	HUMAN_OBSERVATION	iNaturalist	Observations	189141423		amberstjames	2023-10-27T18:25:07	CC_BY_NC_4_0	amberstjames	amberstjames			2025-01-14T12:43:04.176Z	StillImage	COORDINATE_ROUNDED;CONTINENT_DERIVED_FROM_COORDINATES;TAXON_MATCH_TAXON_ID_IGNORED
4417130473	50c9509d-22c7-4a22-a47d-8c48425ef4a7	https://www.inaturalist.org/observations/184522496	Fungi	Basidiomycota	Agaricomycetes	Agaricales	Marasmiaceae	Marasmius	Marasmius oreades		SPECIES	Marasmius oreades (Bolton) Fr.	Marasmius oreades		CA		Ontario	PRESENT		28eb1a3f-1c15-4a95-931a-4af90ecb574d	45.535795	-74.665029	1643.0						2023-08-31T15:43	31	8	2023	2537250	2537250	HUMAN_OBSERVATION	iNaturalist	Observations	184522496		Alan Rockefeller	2023-09-23T15:44:20	CC_BY_NC_4_0	strongbear147	strongbear147			2025-01-14T13:32:33.805Z	StillImage	COORDINATE_ROUNDED;CONTINENT_DERIVED_FROM_COORDINATES;TAXON_MATCH_TAXON_ID_IGNORED
4405026204	50c9509d-22c7-4a22-a47d-8c48425ef4a7	https://www.inaturalist.org/observations/180315279	Fungi	Basidiomycota	Agaricomycetes	Agaricales	Marasmiaceae	Marasmius	Marasmius oreades		SPECIES	Marasmius oreades (Bolton) Fr.	Marasmius oreades		CA		Ontario	PRESENT		28eb1a3f-1c15-4a95-931a-4af90ecb574d	45.487725	-76.219976	172.0						2023-08-26T14:15:42	26	8	2023	2537250	2537250	HUMAN_OBSERVATION	iNaturalist	Observations	180315279		else	2023-08-26T21:56:25	CC_BY_NC_4_0	tjbonell	tjbonell			2025-01-14T13:32:22.453Z	StillImage	COORDINATE_ROUNDED;CONTINENT_DERIVED_FROM_COORDINATES;TAXON_MATCH_TAXON_ID_IGNORED
4404990465	50c9509d-22c7-4a22-a47d-8c48425ef4a7	https://www.inaturalist.org/observations/134850299	Fungi	Basidiomycota	Agaricomycetes	Agaricales	Marasmiaceae	Marasmius	Marasmius oreades		SPECIES	Marasmius oreades (Bolton) Fr.	Marasmius oreades		CA		Ontario	PRESENT		28eb1a3f-1c15-4a95-931a-4af90ecb574d	45.483455	-76.213789	945.0						2022-09-09T19:45:02	9	9	2022	2537250	2537250	HUMAN_OBSERVATION	iNaturalist	Observations	134850299		sarahfillmore	2022-09-13T12:48:38	CC_BY_NC_4_0	sarahfillmore	sarahfillmore			2025-01-14T12:32:45.214Z	StillImage	COORDINATE_ROUNDED;CONTINENT_DERIVED_FROM_COORDINATES;TAXON_MATCH_TAXON_ID_IGNORED
4177425905	50c9509d-22c7-4a22-a47d-8c48425ef4a7	https://www.inaturalist.org/observations/177964330	Fungi	Basidiomycota	Agaricomycetes	Agaricales	Marasmiaceae	Marasmius	Marasmius oreades		SPECIES	Marasmius oreades (Bolton) Fr.	Marasmius oreades		CA		Québec	PRESENT		28eb1a3f-1c15-4a95-931a-4af90ecb574d	45.984603	-76.505114	27095.0						2023-08-02T11:41	2	8	2023	2537250	2537250	HUMAN_OBSERVATION	iNaturalist	Observations	177964330		L Joan Heyding	2023-08-12T09:37:02	CC_BY_NC_4_0	L Joan Heyding	L Joan Heyding			2025-01-14T13:28:32.199Z	StillImage	COORDINATE_ROUNDED;CONTINENT_DERIVED_FROM_COORDINATES;TAXON_MATCH_TAXON_ID_IGNORED
4177313204	50c9509d-22c7-4a22-a47d-8c48425ef4a7	https://www.inaturalist.org/observations/178409357	Fungi	Basidiomycota	Agaricomycetes	Agaricales	Marasmiaceae	Marasmius	Marasmius oreades		SPECIES	Marasmius oreades (Bolton) Fr.	Marasmius oreades		CA		Québec	PRESENT		28eb1a3f-1c15-4a95-931a-4af90ecb574d	46.016468	-74.341118	27063.0						2023-08-14T12:10	14	8	2023	2537250	2537250	HUMAN_OBSERVATION	iNaturalist	Observations	178409357		nanner	2023-08-14T18:38:42	CC_BY_NC_4_0	nanner	nanner			2025-01-14T13:32:37.612Z	StillImage	COORDINATE_ROUNDED;CONTINENT_DERIVED_FROM_COORDINATES;TAXON_MATCH_TAXON_ID_IGNORED
4172222452	50c9509d-22c7-4a22-a47d-8c48425ef4a7	https://www.inaturalist.org/observations/177316759	Fungi	Basidiomycota	Agaricomycetes	Agaricales	Marasmiaceae	Marasmius	Marasmius oreades		SPECIES	Marasmius oreades (Bolton) Fr.	Marasmius oreades		CA		Québec	PRESENT		28eb1a3f-1c15-4a95-931a-4af90ecb574d	45.618715	-72.95786							2023-07-27T15:04:02	27	7	2023	2537250	2537250	HUMAN_OBSERVATION	iNaturalist	Observations	177316759		egrenier	2023-08-08T09:12:16	CC_BY_NC_4_0	egrenier	egrenier			2025-01-14T13:28:48.373Z	StillImage	COORDINATE_ROUNDED;CONTINENT_DERIVED_FROM_COORDINATES;TAXON_MATCH_TAXON_ID_IGNORED
4171932079	50c9509d-22c7-4a22-a47d-8c48425ef4a7	https://www.inaturalist.org/observations/175733744	Fungi	Basidiomycota	Agaricomycetes	Agaricales	Marasmiaceae	Marasmius	Marasmius oreades		SPECIES	Marasmius oreades (Bolton) Fr.	Marasmius oreades		CA		Québec	PRESENT		28eb1a3f-1c15-4a95-931a-4af90ecb574d	45.643419	-74.112205	27126.0						2023-07-30T10:31:09	30	7	2023	2537250	2537250	HUMAN_OBSERVATION	iNaturalist	Observations	175733744		Lori Pearson	2023-07-30T14:44:16	CC_BY_NC_4_0	Lori Pearson	Lori Pearson			2025-01-14T12:37:19.544Z	StillImage	COORDINATE_ROUNDED;CONTINENT_DERIVED_FROM_COORDINATES;TAXON_MATCH_TAXON_ID_IGNORED
4166415561	695cef75-b65f-4776-b2ed-74565eebb16e	02-01000978107	Fungi	Basidiomycota	Agaricomycetes	Agaricales	Marasmiaceae	Marasmius	Marasmius oreades		SPECIES	Marasmius oreades (Bolton) Fr.	Marasmius oreades	(Bolton) Fr.	CA	museum lawn near washrooms	Ontario	PRESENT		055bd978-2daa-4543-b3f0-44e0e87e86ca	45.55	-78.641667							1974-08-06	6	8	1974	2537250	2537250	PRESERVED_SPECIMEN	AAFC	DAOM	186566		J.H. Ginns		CC_BY_4_0	©His Majesty the King in Right of Canada, as represented by the Minister of Agriculture and Agri-Food	P. Johnson			2025-01-12T05:11:16.615Z		GEODETIC_DATUM_ASSUMED_WGS84;CONTINENT_DERIVED_FROM_COORDINATES;TAXON_MATCH_TAXON_ID_IGNORED;INSTITUTION_MATCH_FUZZY
4165837538	50c9509d-22c7-4a22-a47d-8c48425ef4a7	https://www.inaturalist.org/observations/174856617	Fungi	Basidiomycota	Agaricomycetes	Agaricales	Marasmiaceae	Marasmius	Marasmius oreades		SPECIES	Marasmius oreades (Bolton) Fr.	Marasmius oreades		CA		Ontario	PRESENT		28eb1a3f-1c15-4a95-931a-4af90ecb574d	45.447564	-75.658081	8.0						2023-07-25T09:14:18	25	7	2023	2537250	2537250	HUMAN_OBSERVATION	iNaturalist	Observations	174856617		willowvw	2023-07-25T13:21:20	CC_BY_NC_4_0	willowvw	willowvw			2025-01-14T13:26:02.443Z	StillImage	COORDINATE_ROUNDED;CONTINENT_DERIVED_FROM_COORDINATES;TAXON_MATCH_TAXON_ID_IGNORED
4165736447	50c9509d-22c7-4a22-a47d-8c48425ef4a7	https://www.inaturalist.org/observations/174157228	Fungi	Basidiomycota	Agaricomycetes	Agaricales	Marasmiaceae	Marasmius	Marasmius oreades		SPECIES	Marasmius oreades (Bolton) Fr.	Marasmius oreades		CA		New Brunswick	PRESENT		28eb1a3f-1c15-4a95-931a-4af90ecb574d	48.015963	-66.422096	4250.0						1980-01-01T00:01	1	1	1980	2537250	2537250	HUMAN_OBSERVATION	iNaturalist	Observations	174157228		David-Nathan Jerome	2023-07-23T19:04:57	CC_BY_NC_4_0	jokerjon	jokerjon			2025-01-14T12:39:56.254Z	StillImage	COORDINATE_ROUNDED;CONTINENT_DERIVED_FROM_COORDINATES;TAXON_MATCH_TAXON_ID_IGNORED
4165473696	50c9509d-22c7-4a22-a47d-8c48425ef4a7	https://www.inaturalist.org/observations/173673380	Fungi	Basidiomycota	Agaricomycetes	Agaricales	Marasmiaceae	Marasmius	Marasmius oreades		SPECIES	Marasmius oreades (Bolton) Fr.	Marasmius oreades		CA		Québec	PRESENT		28eb1a3f-1c15-4a95-931a-4af90ecb574d	46.814192	-71.248415	37.0						2023-07-18T17:13:08	18	7	2023	2537250	2537250	HUMAN_OBSERVATION	iNaturalist	Observations	173673380		Camille Boucher	2023-07-18T22:20:08	CC_BY_NC_4_0	Camille Boucher	Camille Boucher			2025-01-14T13:31:36.065Z	StillImage	COORDINATE_ROUNDED;CONTINENT_DERIVED_FROM_COORDINATES;TAXON_MATCH_TAXON_ID_IGNORED
4162392389	50c9509d-22c7-4a22-a47d-8c48425ef4a7	https://www.inaturalist.org/observations/172746843	Fungi	Basidiomycota	Agaricomycetes	Agaricales	Marasmiaceae	Marasmius	Marasmius oreades		SPECIES	Marasmius oreades (Bolton) Fr.	Marasmius oreades		CA		Québec	PRESENT		28eb1a3f-1c15-4a95-931a-4af90ecb574d	49.205719	-68.182579	12.0						2023-07-13T17:23:26	13	7	2023	2537250	2537250	HUMAN_OBSERVATION	iNaturalist	Observations	172746843		guillaumedesro	2023-07-13T21:23:36	CC_BY_NC_4_0	guillaumedesro	guillaumedesro			2025-01-14T12:36:54.565Z	StillImage	COORDINATE_ROUNDED;CONTINENT_DERIVED_FROM_COORDINATES;TAXON_MATCH_TAXON_ID_IGNORED
4162304860	50c9509d-22c7-4a22-a47d-8c48425ef4a7	https://www.inaturalist.org/observations/173234658	Fungi	Basidiomycota	Agaricomycetes	Agaricales	Marasmiaceae	Marasmius	Marasmius oreades		SPECIES	Marasmius oreades (Bolton) Fr.	Marasmius oreades		CA		Québec	PRESENT		28eb1a3f-1c15-4a95-931a-4af90ecb574d	45.568642	-73.564995	4.0						2023-07-16T12:00:16	16	7	2023	2537250	2537250	HUMAN_OBSERVATION	iNaturalist	Observations	173234658		Mical	2023-07-16T16:11:56	CC_BY_4_0	Mical	Mical			2025-01-14T13:25:51.033Z	StillImage	COORDINATE_ROUNDED;CONTINENT_DERIVED_FROM_COORDINATES;TAXON_MATCH_TAXON_ID_IGNORED
4153777408	50c9509d-22c7-4a22-a47d-8c48425ef4a7	https://www.inaturalist.org/observations/172102457	Fungi	Basidiomycota	Agaricomycetes	Agaricales	Marasmiaceae	Marasmius	Marasmius oreades		SPECIES	Marasmius oreades (Bolton) Fr.	Marasmius oreades		CA		Québec	PRESENT		28eb1a3f-1c15-4a95-931a-4af90ecb574d	45.637642	-74.082456	27126.0						2023-07-09T12:06:15	9	7	2023	2537250	2537250	HUMAN_OBSERVATION	iNaturalist	Observations	172102457		Lori Pearson	2023-07-10T04:02:05	CC_BY_NC_4_0	Lori Pearson	Lori Pearson			2025-01-14T13:27:13.810Z	StillImage	COORDINATE_ROUNDED;CONTINENT_DERIVED_FROM_COORDINATES;TAXON_MATCH_TAXON_ID_IGNORED
4153572394	50c9509d-22c7-4a22-a47d-8c48425ef4a7	https://www.inaturalist.org/observations/128889516	Fungi	Basidiomycota	Agaricomycetes	Agaricales	Marasmiaceae	Marasmius	Marasmius oreades		SPECIES	Marasmius oreades (Bolton) Fr.	Marasmius oreades		CA		Québec	PRESENT		28eb1a3f-1c15-4a95-931a-4af90ecb574d	45.507614	-73.460196							2022-07-31T16:07:41	31	7	2022	2537250	2537250	HUMAN_OBSERVATION	iNaturalist	Observations	128889516		Jean C.	2022-07-31T23:02:01	CC_BY_NC_4_0	Jean C.	Jean C.			2025-01-14T12:31:49.355Z	StillImage	COORDINATE_ROUNDED;CONTINENT_DERIVED_FROM_COORDINATES;TAXON_MATCH_TAXON_ID_IGNORED
4120938473	50c9509d-22c7-4a22-a47d-8c48425ef4a7	https://www.inaturalist.org/observations/133763433	Fungi	Basidiomycota	Agaricomycetes	Agaricales	Marasmiaceae	Marasmius	Marasmius oreades		SPECIES	Marasmius oreades (Bolton) Fr.	Marasmius oreades		CA		Ontario	PRESENT		28eb1a3f-1c15-4a95-931a-4af90ecb574d	45.516968	-74.647408	55.0						2022-09-05T10:31:58	5	9	2022	2537250	2537250	HUMAN_OBSERVATION	iNaturalist	Observations	133763433		curtis4127	2022-09-05T14:32:37	CC_BY_NC_4_0	curtis4127	curtis4127			2025-01-14T12:31:31.573Z	StillImage	COORDINATE_ROUNDED;CONTINENT_DERIVED_FROM_COORDINATES;TAXON_MATCH_TAXON_ID_IGNORED
4067179652	50c9509d-22c7-4a22-a47d-8c48425ef4a7	https://www.inaturalist.org/observations/137668844	Fungi	Basidiomycota	Agaricomycetes	Agaricales	Marasmiaceae	Marasmius	Marasmius oreades		SPECIES	Marasmius oreades (Bolton) Fr.	Marasmius oreades		CA		New Brunswick	PRESENT		28eb1a3f-1c15-4a95-931a-4af90ecb574d	47.627035	-65.683799	23.0						2022-09-29T16:45:43	29	9	2022	2537250	2537250	HUMAN_OBSERVATION	iNaturalist	Observations	137668844		Anas MADRANI	2022-10-05T19:32:13	CC_BY_NC_4_0	Anas MADRANI	Anas MADRANI			2025-01-14T12:32:35.301Z	StillImage	COORDINATE_ROUNDED;CONTINENT_DERIVED_FROM_COORDINATES;TAXON_MATCH_TAXON_ID_IGNORED
4034717950	50c9509d-22c7-4a22-a47d-8c48425ef4a7	https://www.inaturalist.org/observations/148400943	Fungi	Basidiomycota	Agaricomycetes	Agaricales	Marasmiaceae	Marasmius	Marasmius oreades		SPECIES	Marasmius oreades (Bolton) Fr.	Marasmius oreades		CA		Québec	PRESENT		28eb1a3f-1c15-4a95-931a-4af90ecb574d	46.750222	-71.344908	55.0						2018-07-14T19:12	14	7	2018	2537250	2537250	HUMAN_OBSERVATION	iNaturalist	Observations	148400943		birderbb	2023-02-09T20:03:15	CC_BY_NC_4_0	birderbb	birderbb			2025-01-14T12:34:04.577Z	StillImage	COORDINATE_ROUNDED;CONTINENT_DERIVED_FROM_COORDINATES;TAXON_MATCH_TAXON_ID_IGNORED
3985878001	50c9509d-22c7-4a22-a47d-8c48425ef4a7	https://www.inaturalist.org/observations/142816692	Fungi	Basidiomycota	Agaricomycetes	Agaricales	Marasmiaceae	Marasmius	Marasmius oreades		SPECIES	Marasmius oreades (Bolton) Fr.	Marasmius oreades		CA		Québec	PRESENT		28eb1a3f-1c15-4a95-931a-4af90ecb574d	45.590457	-73.458438	33.0						2022-09-20T11:04	20	9	2022	2537250	2537250	HUMAN_OBSERVATION	iNaturalist	Observations	142816692		lara-isabella	2022-11-25T13:45:58	CC_BY_NC_4_0	lara-isabella	lara-isabella			2025-01-14T12:32:58.770Z	StillImage	COORDINATE_ROUNDED;CONTINENT_DERIVED_FROM_COORDINATES;TAXON_MATCH_TAXON_ID_IGNORED
3965614230	0ec61c42-6eda-441e-b327-7ec241c8ec95	79cfa203-0c42-4e19-9b12-61e651906352	Fungi	Basidiomycota	Agaricomycetes	Agaricales	Marasmiaceae	Marasmius	Marasmius oreades		SPECIES	Marasmius oreades (Bolton) Fr.	Marasmius oreades	(Bolton) Fr.	CA	Bonaventure, Gaspe Peninsula	Quebec	PRESENT		00ff478a-9da6-4c8d-b60d-43ee8c88cd1f	48.666667	-65.833333							1959-08-18	18	8	1959	2537250	2537250	PRESERVED_SPECIMEN	WSP	WSP	WSP49011		R. Pomerleau		CC_BY_4_0		W. B. Cooke; V. G. Cooke; J. N. Couch			2025-01-15T08:28:23.878Z		GEODETIC_DATUM_ASSUMED_WGS84;CONTINENT_DERIVED_FROM_COORDINATES;TAXON_MATCH_TAXON_ID_IGNORED;AMBIGUOUS_COLLECTION;INSTITUTION_MATCH_FUZZY
3923406430	50c9509d-22c7-4a22-a47d-8c48425ef4a7	https://www.inaturalist.org/observations/97761554	Fungi	Basidiomycota	Agaricomycetes	Agaricales	Marasmiaceae	Marasmius	Marasmius oreades		SPECIES	Marasmius oreades (Bolton) Fr.	Marasmius oreades		CA		Québec	PRESENT		28eb1a3f-1c15-4a95-931a-4af90ecb574d	45.443056	-74.179167							2021-10-04T17:21	4	10	2021	2537250	2537250	HUMAN_OBSERVATION	iNaturalist	Observations	97761554		Kilby Gordon	2021-10-10T13:02:42	CC_BY_NC_4_0	Kilby Gordon	Kilby Gordon			2025-01-14T12:21:48.001Z	StillImage	COORDINATE_ROUNDED;CONTINENT_DERIVED_FROM_COORDINATES;TAXON_MATCH_TAXON_ID_IGNORED
3915737314	50c9509d-22c7-4a22-a47d-8c48425ef4a7	https://www.inaturalist.org/observations/135994102	Fungi	Basidiomycota	Agaricomycetes	Agaricales	Marasmiaceae	Marasmius	Marasmius oreades		SPECIES	Marasmius oreades (Bolton) Fr.	Marasmius oreades		CA		Ontario	PRESENT		28eb1a3f-1c15-4a95-931a-4af90ecb574d	45.118309	-75.869703	61.0						2022-09-21T10:12:54	21	9	2022	2537250	2537250	HUMAN_OBSERVATION	iNaturalist	Observations	135994102		Alexis Williams	2022-09-22T02:29:50	CC_BY_4_0	Alexis Williams	Alexis Williams			2025-01-14T12:32:11.752Z	StillImage	COORDINATE_ROUNDED;CONTINENT_DERIVED_FROM_COORDINATES;TAXON_MATCH_TAXON_ID_IGNORED
3911273539	55585622-7aeb-4921-a07c-5ddc97de9c5b	MGYA00524962_Eukaryota:Fungi:Basidiomycota:Agaricomycetes:Agaricales:Marasmiaceae:Marasmius:Marasmius_oreades	Fungi	Basidiomycota	Agaricomycetes	Agaricales	Marasmiaceae	Marasmius	Marasmius oreades		SPECIES	Marasmius oreades (Bolton) Fr.	Marasmius oreades		CA	Varennes		PRESENT		ab733144-7043-4e88-bd4f-fca7bf858880	45.72	-73.37					0.15	0.0					2537250	2537250	MATERIAL_SAMPLE							CC_BY_4_0					2025-01-15T11:18:37.367Z		GEODETIC_DATUM_ASSUMED_WGS84;CONTINENT_DERIVED_FROM_COORDINATES
3903023721	50c9509d-22c7-4a22-a47d-8c48425ef4a7	https://www.inaturalist.org/observations/133284537	Fungi	Basidiomycota	Agaricomycetes	Agaricales	Marasmiaceae	Marasmius	Marasmius oreades		SPECIES	Marasmius oreades (Bolton) Fr.	Marasmius oreades		CA		Prince Edward Island	PRESENT		28eb1a3f-1c15-4a95-931a-4af90ecb574d	46.648501	-64.369852	5.0						2022-08-28T11:58	28	8	2022	2537250	2537250	HUMAN_OBSERVATION	iNaturalist	Observations	133284537		Rosemary Curley	2022-09-02T01:43:24	CC_BY_NC_4_0	Rosemary Curley	Rosemary Curley			2025-01-14T12:32:52.655Z	StillImage	COORDINATE_ROUNDED;CONTINENT_DERIVED_FROM_COORDINATES;TAXON_MATCH_TAXON_ID_IGNORED
3860576993	50c9509d-22c7-4a22-a47d-8c48425ef4a7	https://www.inaturalist.org/observations/123241273	Fungi	Basidiomycota	Agaricomycetes	Agaricales	Marasmiaceae	Marasmius	Marasmius oreades		SPECIES	Marasmius oreades (Bolton) Fr.	Marasmius oreades		CA		Québec	PRESENT		28eb1a3f-1c15-4a95-931a-4af90ecb574d	45.472232	-73.846306	1143.0						2022-06-24T12:23	24	6	2022	2537250	2537250	HUMAN_OBSERVATION	iNaturalist	Observations	123241273		boorach	2022-06-24T16:31:40	CC_BY_NC_4_0	boorach	boorach			2025-01-14T12:29:19.401Z	StillImage	COORDINATE_ROUNDED;CONTINENT_DERIVED_FROM_COORDINATES;TAXON_MATCH_TAXON_ID_IGNORED
3859816780	50c9509d-22c7-4a22-a47d-8c48425ef4a7	https://www.inaturalist.org/observations/123110078	Fungi	Basidiomycota	Agaricomycetes	Agaricales	Marasmiaceae	Marasmius	Marasmius oreades		SPECIES	Marasmius oreades (Bolton) Fr.	Marasmius oreades		CA		New Brunswick	PRESENT		28eb1a3f-1c15-4a95-931a-4af90ecb574d	47.067963	-65.384127	9.0						2022-06-23T14:13	23	6	2022	2537250	2537250	HUMAN_OBSERVATION	iNaturalist	Observations	123110078		cinna_latifolia	2022-06-23T18:10:13	CC_BY_NC_4_0	Zachary Dowling	Zachary Dowling			2025-01-14T13:22:41.278Z	StillImage	COORDINATE_ROUNDED;CONTINENT_DERIVED_FROM_COORDINATES;TAXON_MATCH_TAXON_ID_IGNORED
3759831403	50c9509d-22c7-4a22-a47d-8c48425ef4a7	https://www.inaturalist.org/observations/32235377	Fungi	Basidiomycota	Agaricomycetes	Agaricales	Marasmiaceae	Marasmius	Marasmius oreades		SPECIES	Marasmius oreades (Bolton) Fr.	Marasmius oreades		CA		Ontario	PRESENT		28eb1a3f-1c15-4a95-931a-4af90ecb574d	45.542524	-74.486945	27158.0						2019-09-06T16:48:02	6	9	2019	2537250	2537250	HUMAN_OBSERVATION	iNaturalist	Observations	32235377		cinna_latifolia	2021-07-19T21:03:28	CC_BY_NC_4_0	c8linr	c8linr			2025-01-14T12:09:58.945Z	StillImage	COORDINATE_ROUNDED;CONTINENT_DERIVED_FROM_COORDINATES;TAXON_MATCH_TAXON_ID_IGNORED
3399202910	50c9509d-22c7-4a22-a47d-8c48425ef4a7	https://www.inaturalist.org/observations/98038278	Fungi	Basidiomycota	Agaricomycetes	Agaricales	Marasmiaceae	Marasmius	Marasmius oreades		SPECIES	Marasmius oreades (Bolton) Fr.	Marasmius oreades		CA		Québec	PRESENT		28eb1a3f-1c15-4a95-931a-4af90ecb574d	45.514656	-73.583314	275.0						2021-10-05T16:05	5	10	2021	2537250	2537250	HUMAN_OBSERVATION	iNaturalist	Observations	98038278		artpat	2021-10-12T20:19:53	CC_BY_NC_4_0	artpat	artpat			2025-01-14T13:13:20.131Z	StillImage	COORDINATE_ROUNDED;CONTINENT_DERIVED_FROM_COORDINATES;TAXON_MATCH_TAXON_ID_IGNORED
3398736905	50c9509d-22c7-4a22-a47d-8c48425ef4a7	https://www.inaturalist.org/observations/97282665	Fungi	Basidiomycota	Agaricomycetes	Agaricales	Marasmiaceae	Marasmius	Marasmius oreades		SPECIES	Marasmius oreades (Bolton) Fr.	Marasmius oreades		CA		Québec	PRESENT		28eb1a3f-1c15-4a95-931a-4af90ecb574d	45.511796	-73.58104	7.0						2021-10-05T15:05:53	5	10	2021	2537250	2537250	HUMAN_OBSERVATION	iNaturalist	Observations	97282665		isidore_	2021-10-05T20:55:14	CC_BY_NC_4_0	isidore_	isidore_			2025-01-14T13:10:45.848Z	StillImage	COORDINATE_ROUNDED;CONTINENT_DERIVED_FROM_COORDINATES;TAXON_MATCH_TAXON_ID_IGNORED
3391720596	50c9509d-22c7-4a22-a47d-8c48425ef4a7	https://www.inaturalist.org/observations/97271943	Fungi	Basidiomycota	Agaricomycetes	Agaricales	Marasmiaceae	Marasmius	Marasmius oreades		SPECIES	Marasmius oreades (Bolton) Fr.	Marasmius oreades		CA		Québec	PRESENT		28eb1a3f-1c15-4a95-931a-4af90ecb574d	45.511845	-73.580413	5.0						2021-10-05T15:10:45	5	10	2021	2537250	2537250	HUMAN_OBSERVATION	iNaturalist	Observations	97271943		roanblakeley	2021-10-05T19:13:54	CC_BY_NC_4_0	roanblakeley	roanblakeley			2025-01-14T13:15:37.195Z	StillImage	COORDINATE_ROUNDED;CONTINENT_DERIVED_FROM_COORDINATES;TAXON_MATCH_TAXON_ID_IGNORED
3391698579	50c9509d-22c7-4a22-a47d-8c48425ef4a7	https://www.inaturalist.org/observations/97374766	Fungi	Basidiomycota	Agaricomycetes	Agaricales	Marasmiaceae	Marasmius	Marasmius oreades		SPECIES	Marasmius oreades (Bolton) Fr.	Marasmius oreades		CA		Québec	PRESENT		28eb1a3f-1c15-4a95-931a-4af90ecb574d	45.511475	-73.578306	52.0						2021-10-06T15:19:02	6	10	2021	2537250	2537250	HUMAN_OBSERVATION	iNaturalist	Observations	97374766		rturnbull	2021-10-08T00:31:02	CC_BY_NC_4_0	rturnbull	rturnbull			2025-01-14T12:22:33.675Z	StillImage	COORDINATE_ROUNDED;CONTINENT_DERIVED_FROM_COORDINATES;TAXON_MATCH_TAXON_ID_IGNORED
3391634879	50c9509d-22c7-4a22-a47d-8c48425ef4a7	https://www.inaturalist.org/observations/97785814	Fungi	Basidiomycota	Agaricomycetes	Agaricales	Marasmiaceae	Marasmius	Marasmius oreades		SPECIES	Marasmius oreades (Bolton) Fr.	Marasmius oreades		CA		Québec	PRESENT		28eb1a3f-1c15-4a95-931a-4af90ecb574d	46.047272	-70.571512	480.0						2021-10-10T12:34:48	10	10	2021	2537250	2537250	HUMAN_OBSERVATION	iNaturalist	Observations	97785814		Loïc Mathieu	2021-10-10T16:46:36	CC_BY_NC_4_0	chantout	chantout			2025-01-14T12:23:58.080Z	StillImage	COORDINATE_ROUNDED;CONTINENT_DERIVED_FROM_COORDINATES;TAXON_MATCH_TAXON_ID_IGNORED
3391364326	50c9509d-22c7-4a22-a47d-8c48425ef4a7	https://www.inaturalist.org/observations/32514358	Fungi	Basidiomycota	Agaricomycetes	Agaricales	Marasmiaceae	Marasmius	Marasmius oreades		SPECIES	Marasmius oreades (Bolton) Fr.	Marasmius oreades		CA		Québec	PRESENT		28eb1a3f-1c15-4a95-931a-4af90ecb574d	45.383368	-74.021827	917.0						2019-09-10T15:36	10	9	2019	2537250	2537250	HUMAN_OBSERVATION	iNaturalist	Observations	32514358		cinna_latifolia	2021-10-08T15:32:48	CC_BY_NC_4_0	Yannick ST-Jacques Prescod	Yannick ST-Jacques Prescod			2025-01-14T12:09:17.352Z	StillImage	COORDINATE_ROUNDED;CONTINENT_DERIVED_FROM_COORDINATES;TAXON_MATCH_TAXON_ID_IGNORED
3391310578	50c9509d-22c7-4a22-a47d-8c48425ef4a7	https://www.inaturalist.org/observations/97387449	Fungi	Basidiomycota	Agaricomycetes	Agaricales	Marasmiaceae	Marasmius	Marasmius oreades		SPECIES	Marasmius oreades (Bolton) Fr.	Marasmius oreades		CA		Québec	PRESENT		28eb1a3f-1c15-4a95-931a-4af90ecb574d	45.715635	-73.646717	184.0						2021-10-06T15:15	6	10	2021	2537250	2537250	HUMAN_OBSERVATION	iNaturalist	Observations	97387449		else	2021-10-16T15:54:01	CC_BY_NC_4_0	Stephane Le Tirant	Stephane Le Tirant			2025-01-14T13:15:23.011Z	StillImage	COORDINATE_ROUNDED;CONTINENT_DERIVED_FROM_COORDINATES;TAXON_MATCH_TAXON_ID_IGNORED
3385214469	50c9509d-22c7-4a22-a47d-8c48425ef4a7	https://www.inaturalist.org/observations/97271812	Fungi	Basidiomycota	Agaricomycetes	Agaricales	Marasmiaceae	Marasmius	Marasmius oreades		SPECIES	Marasmius oreades (Bolton) Fr.	Marasmius oreades		CA		Québec	PRESENT		28eb1a3f-1c15-4a95-931a-4af90ecb574d	45.512421	-73.58266	4.0						2021-10-05T15:11:42	5	10	2021	2537250	2537250	HUMAN_OBSERVATION	iNaturalist	Observations	97271812		lhills	2021-10-05T19:12:12	CC_BY_NC_4_0	lhills	lhills			2025-01-14T12:22:03.286Z	StillImage	COORDINATE_ROUNDED;CONTINENT_DERIVED_FROM_COORDINATES;TAXON_MATCH_TAXON_ID_IGNORED
3385153517	50c9509d-22c7-4a22-a47d-8c48425ef4a7	https://www.inaturalist.org/observations/97271747	Fungi	Basidiomycota	Agaricomycetes	Agaricales	Marasmiaceae	Marasmius	Marasmius oreades		SPECIES	Marasmius oreades (Bolton) Fr.	Marasmius oreades		CA		Québec	PRESENT		28eb1a3f-1c15-4a95-931a-4af90ecb574d	45.511745	-73.580349	8.0						2021-10-05T15:10:27	5	10	2021	2537250	2537250	HUMAN_OBSERVATION	iNaturalist	Observations	97271747		zoe_y	2021-10-05T19:11:34	CC_BY_NC_4_0	zoe_y	zoe_y			2025-01-14T12:26:07.001Z	StillImage	COORDINATE_ROUNDED;CONTINENT_DERIVED_FROM_COORDINATES;TAXON_MATCH_TAXON_ID_IGNORED
3385145528	50c9509d-22c7-4a22-a47d-8c48425ef4a7	https://www.inaturalist.org/observations/97372597	Fungi	Basidiomycota	Agaricomycetes	Agaricales	Marasmiaceae	Marasmius	Marasmius oreades		SPECIES	Marasmius oreades (Bolton) Fr.	Marasmius oreades		CA		Québec	PRESENT		28eb1a3f-1c15-4a95-931a-4af90ecb574d	45.513525	-73.5812	7.0						2021-10-06T14:56:50	6	10	2021	2537250	2537250	HUMAN_OBSERVATION	iNaturalist	Observations	97372597		delphinepilon	2021-10-06T18:57:16	CC_BY_NC_4_0	delphinepilon	delphinepilon			2025-01-14T12:24:55.102Z	StillImage	COORDINATE_ROUNDED;CONTINENT_DERIVED_FROM_COORDINATES;TAXON_MATCH_TAXON_ID_IGNORED
3385052434	50c9509d-22c7-4a22-a47d-8c48425ef4a7	https://www.inaturalist.org/observations/97272370	Fungi	Basidiomycota	Agaricomycetes	Agaricales	Marasmiaceae	Marasmius	Marasmius oreades		SPECIES	Marasmius oreades (Bolton) Fr.	Marasmius oreades		CA		Québec	PRESENT		28eb1a3f-1c15-4a95-931a-4af90ecb574d	45.512393	-73.582646	24.0						2021-10-05T15:16:24	5	10	2021	2537250	2537250	HUMAN_OBSERVATION	iNaturalist	Observations	97272370		alexchernoff	2021-10-05T19:17:49	CC_BY_NC_4_0	alexchernoff	alexchernoff			2025-01-14T13:15:56.806Z	StillImage	COORDINATE_ROUNDED;CONTINENT_DERIVED_FROM_COORDINATES;TAXON_MATCH_TAXON_ID_IGNORED
3384910945	50c9509d-22c7-4a22-a47d-8c48425ef4a7	https://www.inaturalist.org/observations/95822053	Fungi	Basidiomycota	Agaricomycetes	Agaricales	Marasmiaceae	Marasmius	Marasmius oreades		SPECIES	Marasmius oreades (Bolton) Fr.	Marasmius oreades		CA		Ontario	PRESENT		28eb1a3f-1c15-4a95-931a-4af90ecb574d	45.118423	-75.86969							2021-09-22T12:05:11	22	9	2021	2537250	2537250	HUMAN_OBSERVATION	iNaturalist	Observations	95822053		Alexis Williams	2021-09-23T02:37:49	CC_BY_4_0	Alexis Williams	Alexis Williams			2025-01-14T13:10:41.047Z	StillImage	COORDINATE_ROUNDED;CONTINENT_DERIVED_FROM_COORDINATES;TAXON_MATCH_TAXON_ID_IGNORED
3384907392	50c9509d-22c7-4a22-a47d-8c48425ef4a7	https://www.inaturalist.org/observations/97269525	Fungi	Basidiomycota	Agaricomycetes	Agaricales	Marasmiaceae	Marasmius	Marasmius oreades		SPECIES	Marasmius oreades (Bolton) Fr.	Marasmius oreades		CA		Québec	PRESENT		28eb1a3f-1c15-4a95-931a-4af90ecb574d	45.513643	-73.581489	6.0						2021-10-05T14:48:14	5	10	2021	2537250	2537250	HUMAN_OBSERVATION	iNaturalist	Observations	97269525		oliviacostanzo	2021-10-05T18:49:42	CC_BY_NC_4_0	oliviacostanzo	oliviacostanzo			2025-01-14T13:14:56.826Z	StillImage	COORDINATE_ROUNDED;CONTINENT_DERIVED_FROM_COORDINATES;TAXON_MATCH_TAXON_ID_IGNORED
3384893595	50c9509d-22c7-4a22-a47d-8c48425ef4a7	https://www.inaturalist.org/observations/97272355	Fungi	Basidiomycota	Agaricomycetes	Agaricales	Marasmiaceae	Marasmius	Marasmius oreades		SPECIES	Marasmius oreades (Bolton) Fr.	Marasmius oreades		CA		Québec	PRESENT		28eb1a3f-1c15-4a95-931a-4af90ecb574d	45.512394	-73.582599	16.0						2021-10-05T15:17:02	5	10	2021	2537250	2537250	HUMAN_OBSERVATION	iNaturalist	Observations	97272355		ameliageheran	2021-10-05T19:17:35	CC_BY_NC_4_0	ameliageheran	ameliageheran			2025-01-14T12:21:39.999Z	StillImage	COORDINATE_ROUNDED;CONTINENT_DERIVED_FROM_COORDINATES;TAXON_MATCH_TAXON_ID_IGNORED
3384791546	50c9509d-22c7-4a22-a47d-8c48425ef4a7	https://www.inaturalist.org/observations/97372405	Fungi	Basidiomycota	Agaricomycetes	Agaricales	Marasmiaceae	Marasmius	Marasmius oreades		SPECIES	Marasmius oreades (Bolton) Fr.	Marasmius oreades		CA		Québec	PRESENT		28eb1a3f-1c15-4a95-931a-4af90ecb574d	45.513537	-73.581198	15.0						2021-10-06T14:54:43	6	10	2021	2537250	2537250	HUMAN_OBSERVATION	iNaturalist	Observations	97372405		delphinepilon	2021-10-06T18:55:11	CC_BY_NC_4_0	delphinepilon	delphinepilon			2025-01-14T13:10:50.825Z	StillImage	COORDINATE_ROUNDED;CONTINENT_DERIVED_FROM_COORDINATES;TAXON_MATCH_TAXON_ID_IGNORED
3384595457	50c9509d-22c7-4a22-a47d-8c48425ef4a7	https://www.inaturalist.org/observations/97274611	Fungi	Basidiomycota	Agaricomycetes	Agaricales	Marasmiaceae	Marasmius	Marasmius oreades		SPECIES	Marasmius oreades (Bolton) Fr.	Marasmius oreades		CA		Québec	PRESENT		28eb1a3f-1c15-4a95-931a-4af90ecb574d	45.51352	-73.581283	4.0						2021-10-05T14:50:20	5	10	2021	2537250	2537250	HUMAN_OBSERVATION	iNaturalist	Observations	97274611		scarlet_chapman	2021-10-05T19:36:00	CC_BY_NC_4_0	scarlet_chapman	scarlet_chapman			2025-01-14T12:25:08.357Z	StillImage	COORDINATE_ROUNDED;CONTINENT_DERIVED_FROM_COORDINATES;TAXON_MATCH_TAXON_ID_IGNORED
3384571457	50c9509d-22c7-4a22-a47d-8c48425ef4a7	https://www.inaturalist.org/observations/97273661	Fungi	Basidiomycota	Agaricomycetes	Agaricales	Marasmiaceae	Marasmius	Marasmius oreades		SPECIES	Marasmius oreades (Bolton) Fr.	Marasmius oreades		CA		Québec	PRESENT		28eb1a3f-1c15-4a95-931a-4af90ecb574d	45.512187	-73.583258	10.0						2021-10-05T15:27:27	5	10	2021	2537250	2537250	HUMAN_OBSERVATION	iNaturalist	Observations	97273661		allisonyen	2021-10-05T19:27:49	CC_BY_NC_4_0	allisonyen	allisonyen			2025-01-14T12:21:35.176Z	StillImage	COORDINATE_ROUNDED;CONTINENT_DERIVED_FROM_COORDINATES;TAXON_MATCH_TAXON_ID_IGNORED
3384256979	50c9509d-22c7-4a22-a47d-8c48425ef4a7	https://www.inaturalist.org/observations/94880023	Fungi	Basidiomycota	Agaricomycetes	Agaricales	Marasmiaceae	Marasmius	Marasmius oreades		SPECIES	Marasmius oreades (Bolton) Fr.	Marasmius oreades		CA		Ontario	PRESENT		28eb1a3f-1c15-4a95-931a-4af90ecb574d	45.118435	-75.869751							2021-09-14T16:53:58	14	9	2021	2537250	2537250	HUMAN_OBSERVATION	iNaturalist	Observations	94880023		Alexis Williams	2021-09-14T23:35:58	CC_BY_4_0	Alexis Williams	Alexis Williams			2025-01-14T13:11:37.347Z	StillImage	COORDINATE_ROUNDED;CONTINENT_DERIVED_FROM_COORDINATES;TAXON_MATCH_TAXON_ID_IGNORED
3384249462	50c9509d-22c7-4a22-a47d-8c48425ef4a7	https://www.inaturalist.org/observations/97283090	Fungi	Basidiomycota	Agaricomycetes	Agaricales	Marasmiaceae	Marasmius	Marasmius oreades		SPECIES	Marasmius oreades (Bolton) Fr.	Marasmius oreades		CA		Québec	PRESENT		28eb1a3f-1c15-4a95-931a-4af90ecb574d	45.51217	-73.583162	17.0						2021-10-05T16:20:20	5	10	2021	2537250	2537250	HUMAN_OBSERVATION	iNaturalist	Observations	97283090		camerondavies	2021-10-05T20:55:27	CC_BY_NC_4_0	camerondavies	camerondavies			2025-01-14T13:10:57.118Z	StillImage	COORDINATE_ROUNDED;CONTINENT_DERIVED_FROM_COORDINATES;TAXON_MATCH_TAXON_ID_IGNORED
3384189411	50c9509d-22c7-4a22-a47d-8c48425ef4a7	https://www.inaturalist.org/observations/97273576	Fungi	Basidiomycota	Agaricomycetes	Agaricales	Marasmiaceae	Marasmius	Marasmius oreades		SPECIES	Marasmius oreades (Bolton) Fr.	Marasmius oreades		CA		Québec	PRESENT		28eb1a3f-1c15-4a95-931a-4af90ecb574d	45.512191	-73.583202	8.0						2021-10-05T15:27:01	5	10	2021	2537250	2537250	HUMAN_OBSERVATION	iNaturalist	Observations	97273576		serenamuller	2021-10-05T19:27:12	CC_BY_NC_4_0	serenamuller	serenamuller			2025-01-14T12:21:56.502Z	StillImage	COORDINATE_ROUNDED;CONTINENT_DERIVED_FROM_COORDINATES;TAXON_MATCH_TAXON_ID_IGNORED
3335427653	50c9509d-22c7-4a22-a47d-8c48425ef4a7	https://www.inaturalist.org/observations/89175915	Fungi	Basidiomycota	Agaricomycetes	Agaricales	Marasmiaceae	Marasmius	Marasmius oreades		SPECIES	Marasmius oreades (Bolton) Fr.	Marasmius oreades		CA		Québec	PRESENT		28eb1a3f-1c15-4a95-931a-4af90ecb574d	45.430698	-73.161209							2021-07-19T11:08:39	19	7	2021	2537250	2537250	HUMAN_OBSERVATION	iNaturalist	Observations	89175915		egrenier	2021-07-30T11:40:11	CC_BY_NC_4_0	egrenier	egrenier			2025-01-14T13:13:28.517Z	StillImage	COORDINATE_ROUNDED;CONTINENT_DERIVED_FROM_COORDINATES;TAXON_MATCH_TAXON_ID_IGNORED
3335397922	50c9509d-22c7-4a22-a47d-8c48425ef4a7	https://www.inaturalist.org/observations/89448132	Fungi	Basidiomycota	Agaricomycetes	Agaricales	Marasmiaceae	Marasmius	Marasmius oreades		SPECIES	Marasmius oreades (Bolton) Fr.	Marasmius oreades		CA		Prince Edward Island	PRESENT		28eb1a3f-1c15-4a95-931a-4af90ecb574d	46.921073	-64.192694	416.0						2021-07-31T18:32:10	31	7	2021	2537250	2537250	HUMAN_OBSERVATION	iNaturalist	Observations	89448132		Valentina Dovzhuk Kenny	2021-08-01T08:29:57	CC_BY_NC_4_0	Valentina Dovzhuk Kenny	Valentina Dovzhuk Kenny			2025-01-14T12:22:28.027Z	StillImage	COORDINATE_ROUNDED;CONTINENT_DERIVED_FROM_COORDINATES;TAXON_MATCH_TAXON_ID_IGNORED
3314269480	50c9509d-22c7-4a22-a47d-8c48425ef4a7	https://www.inaturalist.org/observations/84304120	Fungi	Basidiomycota	Agaricomycetes	Agaricales	Marasmiaceae	Marasmius	Marasmius oreades		SPECIES	Marasmius oreades (Bolton) Fr.	Marasmius oreades		CA		Québec	PRESENT		28eb1a3f-1c15-4a95-931a-4af90ecb574d	47.842487	-69.87625	6.0						2021-06-19T13:33:50	19	6	2021	2537250	2537250	HUMAN_OBSERVATION	iNaturalist	Observations	84304120		cinna_latifolia	2021-06-24T17:09:51	CC_BY_4_0	Marilyne Busque-Dubois	Marilyne Busque-Dubois			2025-01-14T12:21:07.143Z	StillImage	COORDINATE_ROUNDED;CONTINENT_DERIVED_FROM_COORDINATES;TAXON_MATCH_TAXON_ID_IGNORED
3031670894	50c9509d-22c7-4a22-a47d-8c48425ef4a7	https://www.inaturalist.org/observations/57450411	Fungi	Basidiomycota	Agaricomycetes	Agaricales	Marasmiaceae	Marasmius	Marasmius oreades		SPECIES	Marasmius oreades (Bolton) Fr.	Marasmius oreades		CA		Québec	PRESENT		28eb1a3f-1c15-4a95-931a-4af90ecb574d	48.624274	-64.280474	65.0						2020-08-24T11:20:14	24	8	2020	2537250	2537250	HUMAN_OBSERVATION	iNaturalist	Observations	57450411		barachois	2020-08-26T15:43:08	CC_BY_NC_4_0	barachois	barachois			2025-01-14T12:14:20.713Z	StillImage	COORDINATE_ROUNDED;CONTINENT_DERIVED_FROM_COORDINATES;TAXON_MATCH_TAXON_ID_IGNORED
2873901795	50c9509d-22c7-4a22-a47d-8c48425ef4a7	https://www.inaturalist.org/observations/61242040	Fungi	Basidiomycota	Agaricomycetes	Agaricales	Marasmiaceae	Marasmius	Marasmius oreades		SPECIES	Marasmius oreades (Bolton) Fr.	Marasmius oreades		CA		New Brunswick	PRESENT		28eb1a3f-1c15-4a95-931a-4af90ecb574d	47.617805	-65.675897	15.0						2020-09-24T14:00:56	24	9	2020	2537250	2537250	HUMAN_OBSERVATION	iNaturalist	Observations	61242040		lebouthillier_h	2020-09-29T20:10:52	CC_BY_NC_4_0	lebouthillier_h	lebouthillier_h			2025-01-14T12:15:04.689Z	StillImage	COORDINATE_ROUNDED;CONTINENT_DERIVED_FROM_COORDINATES;TAXON_MATCH_TAXON_ID_IGNORED
2873714325	50c9509d-22c7-4a22-a47d-8c48425ef4a7	https://www.inaturalist.org/observations/26944848	Fungi	Basidiomycota	Agaricomycetes	Agaricales	Marasmiaceae	Marasmius	Marasmius oreades		SPECIES	Marasmius oreades (Bolton) Fr.	Marasmius oreades		CA		Ontario	PRESENT		28eb1a3f-1c15-4a95-931a-4af90ecb574d	45.371667	-75.786167							2012-10-20T09:14:22	20	10	2012	2537250	2537250	HUMAN_OBSERVATION	iNaturalist	Observations	26944848		Derek Dunnett	2019-06-14T00:52:26	CC_BY_NC_4_0	Derek Dunnett	Derek Dunnett			2025-01-14T12:59:01.843Z	StillImage	COORDINATE_ROUNDED;CONTINENT_DERIVED_FROM_COORDINATES;TAXON_MATCH_TAXON_ID_IGNORED
2818723194	50c9509d-22c7-4a22-a47d-8c48425ef4a7	https://www.inaturalist.org/observations/52946989	Fungi	Basidiomycota	Agaricomycetes	Agaricales	Marasmiaceae	Marasmius	Marasmius oreades		SPECIES	Marasmius oreades (Bolton) Fr.	Marasmius oreades		CA		Québec	PRESENT		28eb1a3f-1c15-4a95-931a-4af90ecb574d	45.46548	-73.564543	65.0						2020-07-13T11:45:28	13	7	2020	2537250	2537250	HUMAN_OBSERVATION	iNaturalist	Observations	52946989		manutchoupi	2020-07-13T15:46:01	CC_BY_NC_4_0	manutchoupi	manutchoupi			2025-01-14T12:13:43.934Z	StillImage	COORDINATE_ROUNDED;CONTINENT_DERIVED_FROM_COORDINATES;TAXON_MATCH_TAXON_ID_IGNORED
2576279107	50c9509d-22c7-4a22-a47d-8c48425ef4a7	https://www.inaturalist.org/observations/34828510	Fungi	Basidiomycota	Agaricomycetes	Agaricales	Marasmiaceae	Marasmius	Marasmius oreades		SPECIES	Marasmius oreades (Bolton) Fr.	Marasmius oreades		CA		New Brunswick	PRESENT		28eb1a3f-1c15-4a95-931a-4af90ecb574d	46.16595	-64.330641	1502.0						2013-09-14T16:21	14	9	2013	2537250	2537250	HUMAN_OBSERVATION	iNaturalist	Observations	34828510		Raymonde G Chartier	2019-10-24T14:41:59	CC_BY_NC_4_0	Raymonde G Chartier	Raymonde G Chartier			2025-01-14T12:09:41.014Z	StillImage	COORDINATE_ROUNDED;CONTINENT_DERIVED_FROM_COORDINATES;TAXON_MATCH_TAXON_ID_IGNORED
2576270086	50c9509d-22c7-4a22-a47d-8c48425ef4a7	https://www.inaturalist.org/observations/34629658	Fungi	Basidiomycota	Agaricomycetes	Agaricales	Marasmiaceae	Marasmius	Marasmius oreades		SPECIES	Marasmius oreades (Bolton) Fr.	Marasmius oreades		CA		Ontario	PRESENT		28eb1a3f-1c15-4a95-931a-4af90ecb574d	45.279631	-76.691751	8.0						2019-10-19T15:52	19	10	2019	2537250	2537250	HUMAN_OBSERVATION	iNaturalist	Observations	34629658		Sandy Garland	2019-10-20T13:59:32	CC_BY_NC_4_0	Sandy Garland	Sandy Garland			2025-01-14T12:10:32.181Z	StillImage	COORDINATE_ROUNDED;CONTINENT_DERIVED_FROM_COORDINATES;TAXON_MATCH_TAXON_ID_IGNORED
2456513244	50c9509d-22c7-4a22-a47d-8c48425ef4a7	https://www.inaturalist.org/observations/35011293	Fungi	Basidiomycota	Agaricomycetes	Agaricales	Marasmiaceae	Marasmius	Marasmius oreades		SPECIES	Marasmius oreades (Bolton) Fr.	Marasmius oreades		CA		Ontario	PRESENT		28eb1a3f-1c15-4a95-931a-4af90ecb574d	45.433842	-76.031855	11.0						2019-10-25	25	10	2019	2537250	2537250	HUMAN_OBSERVATION	iNaturalist	Observations	35011293		kevinwallace	2019-10-29T00:43:52	CC_BY_NC_4_0	kevinwallace	kevinwallace			2025-01-14T13:04:57.071Z	StillImage	CONTINENT_DERIVED_FROM_COORDINATES;TAXON_MATCH_TAXON_ID_IGNORED
2423611871	21705170-d2b6-42de-8904-c3bca4b83591	CMMF020603	Fungi	Basidiomycota	Agaricomycetes	Agaricales	Marasmiaceae	Marasmius	Marasmius oreades		SPECIES	Marasmius oreades (Bolton) Fr.	Marasmius oreades (Bolton) Fr.	(Bolton) Fr.	CA	Granby, P.Q.	Quebec	PRESENT		ff7bd5db-b724-4932-b496-10ea298851f9	45.403229	-72.734066	7500.0						1947-07-29	29	7	1947	2537250	2537250	PRESERVED_SPECIMEN	Université de Montréal Biodiversity Centre	CMMF	CMMF020603	1542	Pomerleau, René		CC0_1_0	Université de Montréal Biodiversity Centre	Fabius, Fr.			2024-01-24T16:38:16.043Z		INSTITUTION_MATCH_FUZZY;COLLECTION_MATCH_FUZZY;DIFFERENT_OWNER_INSTITUTION
2350400447	50c9509d-22c7-4a22-a47d-8c48425ef4a7	https://www.inaturalist.org/observations/30726057	Fungi	Basidiomycota	Agaricomycetes	Agaricales	Marasmiaceae	Marasmius	Marasmius oreades		SPECIES	Marasmius oreades (Bolton) Fr.	Marasmius oreades		CA		Québec	PRESENT		28eb1a3f-1c15-4a95-931a-4af90ecb574d	48.433962	-71.227105	32.0						2019-08-12T19:41:29	12	8	2019	2537250	2537250	HUMAN_OBSERVATION	iNaturalist	Observations	30726057		Jacques Ibarzabal	2019-08-13T01:47:21	CC_BY_NC_4_0	Jacques Ibarzabal	Jacques Ibarzabal			2025-01-14T13:06:08.724Z	StillImage	COORDINATE_ROUNDED;CONTINENT_DERIVED_FROM_COORDINATES;TAXON_MATCH_TAXON_ID_IGNORED
2350374317	50c9509d-22c7-4a22-a47d-8c48425ef4a7	https://www.inaturalist.org/observations/30629346	Fungi	Basidiomycota	Agaricomycetes	Agaricales	Marasmiaceae	Marasmius	Marasmius oreades		SPECIES	Marasmius oreades (Bolton) Fr.	Marasmius oreades		CA		Québec	PRESENT		28eb1a3f-1c15-4a95-931a-4af90ecb574d	48.456013	-71.010353	5.0						2019-08-11T13:56:36	11	8	2019	2537250	2537250	HUMAN_OBSERVATION	iNaturalist	Observations	30629346		germain_savard	2019-08-11T18:28:18	CC_BY_NC_4_0	germain_savard	germain_savard			2025-01-14T12:08:55.129Z	StillImage	COORDINATE_ROUNDED;CONTINENT_DERIVED_FROM_COORDINATES;TAXON_MATCH_TAXON_ID_IGNORED
2350312045	50c9509d-22c7-4a22-a47d-8c48425ef4a7	https://www.inaturalist.org/observations/27397756	Fungi	Basidiomycota	Agaricomycetes	Agaricales	Marasmiaceae	Marasmius	Marasmius oreades		SPECIES	Marasmius oreades (Bolton) Fr.	Marasmius oreades		CA		Québec	PRESENT		28eb1a3f-1c15-4a95-931a-4af90ecb574d	46.881585	-71.288905	8.0						2019-06-21T17:13:26	21	6	2019	2537250	2537250	HUMAN_OBSERVATION	iNaturalist	Observations	27397756		birderbb	2019-06-21T21:15:38	CC_BY_NC_4_0	birderbb	birderbb			2025-01-14T12:59:42.933Z	StillImage	COORDINATE_ROUNDED;CONTINENT_DERIVED_FROM_COORDINATES;TAXON_MATCH_TAXON_ID_IGNORED
1990301877	032f1fbe-d21f-407d-be46-5cd1bb1ea397	8e5e2307-0475-424e-b453-9fdb169b8173	Fungi	Basidiomycota	Agaricomycetes	Agaricales	Marasmiaceae	Marasmius	Marasmius oreades		SPECIES	Marasmius oreades (Bolton) Fr.	Marasmius oreades	(Bolton) Fr.	CA	Kentville, Kentville Research Station	Nova Scotia	PRESENT		61c539d8-47e0-4b82-875f-b95aad66dcd4	45.065278	-64.484722							1965-07-30	30	7	1965	2537250	2537250	PRESERVED_SPECIMEN	TENN-F		TENN-F-028650	RHP28650			CC0_1_0		R.H. Petersen & P.D. Olexia			2025-01-12T10:33:38.961Z		COORDINATE_ROUNDED;GEODETIC_DATUM_ASSUMED_WGS84;CONTINENT_DERIVED_FROM_COORDINATES;TAXON_MATCH_TAXON_ID_IGNORED;INSTITUTION_MATCH_NONE
1944376804	50c9509d-22c7-4a22-a47d-8c48425ef4a7	https://www.inaturalist.org/observations/17279791	Fungi	Basidiomycota	Agaricomycetes	Agaricales	Marasmiaceae	Marasmius	Marasmius oreades		SPECIES	Marasmius oreades (Bolton) Fr.	Marasmius oreades		CA		New Brunswick	PRESENT		28eb1a3f-1c15-4a95-931a-4af90ecb574d	46.230835	-64.404442							2018-10-07T11:17:48	7	10	2018	2537250	2537250	HUMAN_OBSERVATION	iNaturalist	Observations	17279791		Andrew	2018-10-07T14:37:08	CC_BY_NC_4_0	Andrew	Andrew			2025-01-14T12:58:17.292Z	StillImage	COORDINATE_ROUNDED;CONTINENT_DERIVED_FROM_COORDINATES;TAXON_MATCH_TAXON_ID_IGNORED
1847646969	50c9509d-22c7-4a22-a47d-8c48425ef4a7	https://www.inaturalist.org/observations/9592517	Fungi	Basidiomycota	Agaricomycetes	Agaricales	Marasmiaceae	Marasmius	Marasmius oreades		SPECIES	Marasmius oreades (Bolton) Fr.	Marasmius oreades		CA		Ontario	PRESENT		28eb1a3f-1c15-4a95-931a-4af90ecb574d	45.33095	-79.0115	1525.0						2016-09-18	18	9	2016	2537250	2537250	HUMAN_OBSERVATION	iNaturalist	Observations	9592517		mycowalt	2018-01-24T01:04:51	CC_BY_NC_4_0	mycowalt	mycowalt			2025-01-14T12:05:21.283Z	StillImage	CONTINENT_DERIVED_FROM_COORDINATES;TAXON_MATCH_TAXON_ID_IGNORED
1847646555	50c9509d-22c7-4a22-a47d-8c48425ef4a7	https://www.inaturalist.org/observations/9590679	Fungi	Basidiomycota	Agaricomycetes	Agaricales	Marasmiaceae	Marasmius	Marasmius oreades		SPECIES	Marasmius oreades (Bolton) Fr.	Marasmius oreades		CA		Ontario	PRESENT		28eb1a3f-1c15-4a95-931a-4af90ecb574d	45.33095	-79.0115	1525.0						2015-09-14	14	9	2015	2537250	2537250	HUMAN_OBSERVATION	iNaturalist	Observations	9590679		mycowalt	2018-01-23T22:35:17	CC_BY_NC_4_0	mycowalt	mycowalt			2025-01-14T13:03:26.848Z	StillImage	CONTINENT_DERIVED_FROM_COORDINATES;TAXON_MATCH_TAXON_ID_IGNORED
1807261534	e8a25a42-f125-476c-8554-3ec21cd51a84	ACAD:118124	Fungi	Basidiomycota	Agaricomycetes	Agaricales	Marasmiaceae	Marasmius	Marasmius oreades		SPECIES	Marasmius oreades (Bolton) Fr.	Marasmius oreades (Bolton) Fr.	(Bolton) Fr.	CA	Kentville	Nova Scotia	PRESENT		6491ad8c-8e49-4bd4-a089-0ddb3bbe0890	45.07662	-64.49592							1974-09-03	3	9	1974	2537250	2537250	PRESERVED_SPECIMEN	Acadia University	ACAD	11123F	11123	H, KA		CC0_1_0	Acadia University	H, KA			2024-01-25T01:37:16.595Z	StillImage	GEODETIC_DATUM_INVALID;GEODETIC_DATUM_ASSUMED_WGS84;TAXON_MATCH_TAXON_ID_IGNORED;INSTITUTION_MATCH_FUZZY;COLLECTION_MATCH_FUZZY
1807261213	e8a25a42-f125-476c-8554-3ec21cd51a84	ACAD:117768	Fungi	Basidiomycota	Agaricomycetes	Agaricales	Marasmiaceae	Marasmius	Marasmius oreades		SPECIES	Marasmius oreades (Bolton) Fr.	Marasmius oreades (Bolton) Fr.	(Bolton) Fr.	CA	Wolfville	Nova Scotia	PRESENT		6491ad8c-8e49-4bd4-a089-0ddb3bbe0890	45.09271	-64.36132							1973-08-08	8	8	1973	2537250	2537250	PRESERVED_SPECIMEN	Acadia University	ACAD	10537F	10537			CC0_1_0	Acadia University	G, D			2024-01-25T01:37:09.116Z	StillImage	GEODETIC_DATUM_INVALID;GEODETIC_DATUM_ASSUMED_WGS84;TAXON_MATCH_TAXON_ID_IGNORED;INSTITUTION_MATCH_FUZZY;COLLECTION_MATCH_FUZZY
1807256278	e8a25a42-f125-476c-8554-3ec21cd51a84	ACAD:112878	Fungi	Basidiomycota	Agaricomycetes	Agaricales	Marasmiaceae	Marasmius	Marasmius oreades		SPECIES	Marasmius oreades (Bolton) Fr.	Marasmius oreades (Bolton) Fr.	(Bolton) Fr.	CA	(Kentville)	Nova Scotia	PRESENT		6491ad8c-8e49-4bd4-a089-0ddb3bbe0890	45.07662	-64.49592							1930-08-18	18	8	1930	2537250	2537250	PRESERVED_SPECIMEN	Acadia University	ACAD	381F	381			CC0_1_0	Acadia University	H, KA			2024-01-25T01:37:10.611Z	StillImage	GEODETIC_DATUM_INVALID;GEODETIC_DATUM_ASSUMED_WGS84;TAXON_MATCH_TAXON_ID_IGNORED;INSTITUTION_MATCH_FUZZY;COLLECTION_MATCH_FUZZY
1807256165	e8a25a42-f125-476c-8554-3ec21cd51a84	ACAD:112751	Fungi	Basidiomycota	Agaricomycetes	Agaricales	Marasmiaceae	Marasmius	Marasmius oreades		SPECIES	Marasmius oreades (Bolton) Fr.	Marasmius oreades (Bolton) Fr.	(Bolton) Fr.	CA	Kentville	Nova Scotia	PRESENT		6491ad8c-8e49-4bd4-a089-0ddb3bbe0890	45.07662	-64.49592							1953-09-23	23	9	1953	2537250	2537250	PRESERVED_SPECIMEN	Acadia University	ACAD	2702F	2702			CC0_1_0	Acadia University	Harrison, KA			2024-01-25T01:37:10.755Z	StillImage	GEODETIC_DATUM_INVALID;GEODETIC_DATUM_ASSUMED_WGS84;TAXON_MATCH_TAXON_ID_IGNORED;INSTITUTION_MATCH_FUZZY;COLLECTION_MATCH_FUZZY
1453093486	50c9509d-22c7-4a22-a47d-8c48425ef4a7	http://inaturalist.ca/observations/3490471	Fungi	Basidiomycota	Agaricomycetes	Agaricales	Marasmiaceae	Marasmius	Marasmius oreades		SPECIES	Marasmius oreades (Bolton) Fr.	Marasmius oreades		CA		New Brunswick	PRESENT		28eb1a3f-1c15-4a95-931a-4af90ecb574d	45.550697	-65.014712	5.0						2016-06-14T14:01:35	14	6	2016	2537250	2537250	HUMAN_OBSERVATION	iNaturalist	Observations	3490471		Gordon Rattray	2016-06-20T17:05:41	CC_BY_NC_4_0	Gordon Rattray	Gordon Rattray			2025-01-14T12:02:31.635Z	StillImage	CONTINENT_DERIVED_FROM_COORDINATES;TAXON_MATCH_TAXON_ID_IGNORED
1412707831	21705170-d2b6-42de-8904-c3bca4b83591	CMMF016332	Fungi	Basidiomycota	Agaricomycetes	Agaricales	Marasmiaceae	Marasmius	Marasmius oreades		SPECIES	Marasmius oreades (Bolton) Fr.	Marasmius oreades (Bolton) Fr.	(Bolton) Fr.	CA	Chicoutimi, Québec.	Québec	PRESENT		ff7bd5db-b724-4932-b496-10ea298851f9	48.368277	-71.119642	15000.0						1994-07-11	11	7	1994	2537250	2537250	PRESERVED_SPECIMEN	Université de Montréal Biodiversity Centre	CMMF	CMMF016332	1758	Guérin, Gérard		CC0_1_0	Université de Montréal Biodiversity Centre	Guérin, Gérard			2024-01-24T16:38:19.616Z	StillImage	INSTITUTION_MATCH_FUZZY;COLLECTION_MATCH_FUZZY;DIFFERENT_OWNER_INSTITUTION
1412707805	21705170-d2b6-42de-8904-c3bca4b83591	CMMF016331	Fungi	Basidiomycota	Agaricomycetes	Agaricales	Marasmiaceae	Marasmius	Marasmius oreades		SPECIES	Marasmius oreades (Bolton) Fr.	Marasmius oreades (Bolton) Fr.	(Bolton) Fr.	CA	Saint-Ubalde, Québec.	Québec	PRESENT		ff7bd5db-b724-4932-b496-10ea298851f9	46.799305	-72.267036	10000.0						1985-07-28	28	7	1985	2537250	2537250	PRESERVED_SPECIMEN	Université de Montréal Biodiversity Centre	CMMF	CMMF016331	1757	Guérin, Gérard		CC0_1_0	Université de Montréal Biodiversity Centre	Guérin, Gérard			2024-01-24T16:38:19.622Z	StillImage	INSTITUTION_MATCH_FUZZY;COLLECTION_MATCH_FUZZY;DIFFERENT_OWNER_INSTITUTION
1412704026	21705170-d2b6-42de-8904-c3bca4b83591	CMMF012190	Fungi	Basidiomycota	Agaricomycetes	Agaricales	Marasmiaceae	Marasmius	Marasmius oreades		SPECIES	Marasmius oreades (Bolton) Fr.	Marasmius oreades (Bolton) Fr.	(Bolton) Fr.	CA	Metis Beach, comté de Matane.	Québec	PRESENT		ff7bd5db-b724-4932-b496-10ea298851f9	48.672675	-67.994834	6000.0						1944-08-09	9	8	1944	2537250	2537250	PRESERVED_SPECIMEN	Université de Montréal Biodiversity Centre	CMMF	CMMF012190	NA	Brunel, Jules		CC0_1_0	Université de Montréal Biodiversity Centre	Earl Birks, J.			2024-01-24T16:38:20.732Z		INSTITUTION_MATCH_FUZZY;COLLECTION_MATCH_FUZZY;DIFFERENT_OWNER_INSTITUTION
1412703460	21705170-d2b6-42de-8904-c3bca4b83591	CMMF012404	Fungi	Basidiomycota	Agaricomycetes	Agaricales	Marasmiaceae	Marasmius	Marasmius oreades		SPECIES	Marasmius oreades (Bolton) Fr.	Marasmius oreades (Bolton) Fr.	(Bolton) Fr.	CA	Granby, Québec.	Québec	PRESENT		ff7bd5db-b724-4932-b496-10ea298851f9	45.4	-72.733333	5000.0						1947-07-29	29	7	1947	2537250	2537250	PRESERVED_SPECIMEN	Université de Montréal Biodiversity Centre	CMMF	CMMF012404	1542	Pomerleau, René		CC0_1_0	Université de Montréal Biodiversity Centre	Fabius, Fr.			2024-01-24T16:38:19.970Z		INSTITUTION_MATCH_FUZZY;COLLECTION_MATCH_FUZZY;DIFFERENT_OWNER_INSTITUTION
1412703148	21705170-d2b6-42de-8904-c3bca4b83591	CMMF011612	Fungi	Basidiomycota	Agaricomycetes	Agaricales	Marasmiaceae	Marasmius	Marasmius oreades		SPECIES	Marasmius oreades (Bolton) Fr.	Marasmius oreades (Bolton) Fr.	(Bolton) Fr.	CA	Sainte-Anne de la Pocatière, Kamouraska, Québec.	Québec	PRESENT		ff7bd5db-b724-4932-b496-10ea298851f9	47.366667	-70.033333	8000.0						1944-09-09	9	9	1944	2537250	2537250	PRESERVED_SPECIMEN	Université de Montréal Biodiversity Centre	CMMF	CMMF011612	18373	Pomerleau, René		CC0_1_0	Université de Montréal Biodiversity Centre	Campagna, Elzéar; Dubé, Lucien			2024-01-24T16:38:18.123Z		INSTITUTION_MATCH_FUZZY;COLLECTION_MATCH_FUZZY;DIFFERENT_OWNER_INSTITUTION
1135071147	21705170-d2b6-42de-8904-c3bca4b83591	CMMF009718	Fungi	Basidiomycota	Agaricomycetes	Agaricales	Marasmiaceae	Marasmius	Marasmius oreades		SPECIES	Marasmius oreades (Bolton) Fr.	Marasmius oreades (Bolton) Fr.	(Bolton) Fr.	CA	Parc des Moulins, Québec.	Québec	PRESENT		ff7bd5db-b724-4932-b496-10ea298851f9	46.887678	-71.301288	600.0						2007-08-09	9	8	2007	2537250	2537250	PRESERVED_SPECIMEN	Université de Montréal Biodiversity Centre	CMMF	CMMF009718	1302	Labrecque, Jacqueline		CC0_1_0	Université de Montréal Biodiversity Centre	Labrecque, Jacqueline			2024-01-24T16:38:21.122Z		INSTITUTION_MATCH_FUZZY;COLLECTION_MATCH_FUZZY;DIFFERENT_OWNER_INSTITUTION
1135071066	21705170-d2b6-42de-8904-c3bca4b83591	CMMF009690	Fungi	Basidiomycota	Agaricomycetes	Agaricales	Marasmiaceae	Marasmius	Marasmius oreades		SPECIES	Marasmius oreades (Bolton) Fr.	Marasmius oreades (Bolton) Fr.	(Bolton) Fr.	CA	Parc des Moulins, Québec.	Québec	PRESENT		ff7bd5db-b724-4932-b496-10ea298851f9	46.887678	-71.301288	600.0						2007-08-05	5	8	2007	2537250	2537250	PRESERVED_SPECIMEN	Université de Montréal Biodiversity Centre	CMMF	CMMF009690	1274	Labrecque, Jacqueline		CC0_1_0	Université de Montréal Biodiversity Centre	Labrecque, Jacqueline			2024-01-24T16:38:20.870Z		INSTITUTION_MATCH_FUZZY;COLLECTION_MATCH_FUZZY;DIFFERENT_OWNER_INSTITUTION
1135070993	21705170-d2b6-42de-8904-c3bca4b83591	CMMF009448	Fungi	Basidiomycota	Agaricomycetes	Agaricales	Marasmiaceae	Marasmius	Marasmius oreades		SPECIES	Marasmius oreades (Bolton) Fr.	Marasmius oreades (Bolton) Fr.	(Bolton) Fr.	CA	Parc des Moulins, Québec.	Québec	PRESENT		ff7bd5db-b724-4932-b496-10ea298851f9	46.887678	-71.301288	600.0						2007-06-28	28	6	2007	2537250	2537250	PRESERVED_SPECIMEN	Université de Montréal Biodiversity Centre	CMMF	CMMF009448	1032	Labrecque, Jacqueline		CC0_1_0	Université de Montréal Biodiversity Centre	Labrecque, Jacqueline			2024-01-24T16:38:21.653Z	StillImage	INSTITUTION_MATCH_FUZZY;COLLECTION_MATCH_FUZZY;DIFFERENT_OWNER_INSTITUTION
1135070902	21705170-d2b6-42de-8904-c3bca4b83591	CMMF009522	Fungi	Basidiomycota	Agaricomycetes	Agaricales	Marasmiaceae	Marasmius	Marasmius oreades		SPECIES	Marasmius oreades (Bolton) Fr.	Marasmius oreades (Bolton) Fr.	(Bolton) Fr.	CA	École Montagnac, Lac-Beauport.	Québec	PRESENT		ff7bd5db-b724-4932-b496-10ea298851f9	46.946241	-71.297755	400.0						2007-07-13	13	7	2007	2537250	2537250	PRESERVED_SPECIMEN	Université de Montréal Biodiversity Centre	CMMF	CMMF009522	1106	Labrecque, Jacqueline		CC0_1_0	Université de Montréal Biodiversity Centre	Labrecque, Jacqueline			2024-01-24T16:38:21.750Z		INSTITUTION_MATCH_FUZZY;COLLECTION_MATCH_FUZZY;DIFFERENT_OWNER_INSTITUTION
1135067867	21705170-d2b6-42de-8904-c3bca4b83591	CMMF006379	Fungi	Basidiomycota	Agaricomycetes	Agaricales	Marasmiaceae	Marasmius	Marasmius oreades		SPECIES	Marasmius oreades (Bolton) Fr.	Marasmius oreades (Bolton) Fr.	(Bolton) Fr.	CA	Châteauguay	Québec	PRESENT		ff7bd5db-b724-4932-b496-10ea298851f9	45.3731	-73.737433	100.0						2005-09-07	7	9	2005	2537250	2537250	PRESERVED_SPECIMEN	Université de Montréal Biodiversity Centre	CMMF	CMMF006379	C2423	McNeil, Raymond		CC0_1_0	Université de Montréal Biodiversity Centre	McNeil, Raymond			2024-01-24T16:38:19.033Z	StillImage	COORDINATE_ROUNDED;INSTITUTION_MATCH_FUZZY;COLLECTION_MATCH_FUZZY;DIFFERENT_OWNER_INSTITUTION
1135067648	21705170-d2b6-42de-8904-c3bca4b83591	CMMF006319	Fungi	Basidiomycota	Agaricomycetes	Agaricales	Marasmiaceae	Marasmius	Marasmius oreades		SPECIES	Marasmius oreades (Bolton) Fr.	Marasmius oreades (Bolton) Fr.	(Bolton) Fr.	CA	Châteauguay	Québec	PRESENT		ff7bd5db-b724-4932-b496-10ea298851f9	45.356433	-73.737433	100.0						1980-07-23	23	7	1980	2537250	2537250	PRESERVED_SPECIMEN	Université de Montréal Biodiversity Centre	CMMF	CMMF006319	642	McNeil, Raymond		CC0_1_0	Université de Montréal Biodiversity Centre	McNeil, Raymond			2024-01-24T16:38:18.954Z	StillImage	COORDINATE_ROUNDED;INSTITUTION_MATCH_FUZZY;COLLECTION_MATCH_FUZZY;DIFFERENT_OWNER_INSTITUTION
1135066919	21705170-d2b6-42de-8904-c3bca4b83591	CMMF010323	Fungi	Basidiomycota	Agaricomycetes	Agaricales	Marasmiaceae	Marasmius	Marasmius oreades		SPECIES	Marasmius oreades (Bolton) Fr.	Marasmius oreades (Bolton) Fr.	(Bolton) Fr.	CA	Jardins Van Den Hende, Sainte-Foy, Québec.	Québec	PRESENT		ff7bd5db-b724-4932-b496-10ea298851f9	46.776357	-71.280826	200.0						2008-06-23	23	6	2008	2537250	2537250	PRESERVED_SPECIMEN	Université de Montréal Biodiversity Centre	CMMF	CMMF010323	1909	Labrecque, Jacqueline		CC0_1_0	Université de Montréal Biodiversity Centre	Labrecque, Jacqueline			2024-01-24T16:38:21.591Z		INSTITUTION_MATCH_FUZZY;COLLECTION_MATCH_FUZZY;DIFFERENT_OWNER_INSTITUTION
