gbifID	datasetKey	occurrenceID	kingdom	phylum	class	order	family	genus	species	infraspecificEpithet	taxonRank	scientificName	verbatimScientificName	verbatimScientificNameAuthorship	countryCode	locality	stateProvince	occurrenceStatus	individualCount	publishingOrgKey	decimalLatitude	decimalLongitude	coordinateUncertaintyInMeters	coordinatePrecision	elevation	elevationAccuracy	depth	depthAccuracy	eventDate	day	month	year	taxonKey	speciesKey	basisOfRecord	institutionCode	collectionCode	catalogNumber	recordNumber	identifiedBy	dateIdentified	license	rightsHolder	recordedBy	typeStatus	establishmentMeans	lastInterpreted	mediaType	issue
617554818	21705170-d2b6-42de-8904-c3bca4b83591	CMMF000531	Fungi	Basidiomycota	Agaricomycetes	Auriculariales		Ductifera	Ductifera pululahuana		SPECIES	Ductifera pululahuana (Pat.) Donk	Ductifera pululahuana (Pat.) Donk	(Pat.) Donk	CA	Montréal	Québec	PRESENT		ff7bd5db-b724-4932-b496-10ea298851f9	45.509625	-73.662984	25000.0						1989-06-27	27	6	1989	3314622	3314622	PRESERVED_SPECIMEN	Université de Montréal Biodiversity Centre	CMMF	CMMF000531		Lamoureux, Yves		CC0_1_0	Université de Montréal Biodiversity Centre	Lamoureux, Yves			2024-01-24T16:38:20.041Z	StillImage	INSTITUTION_MATCH_FUZZY;COLLECTION_MATCH_FUZZY;DIFFERENT_OWNER_INSTITUTION
617553537	21705170-d2b6-42de-8904-c3bca4b83591	CMMF003647	Fungi	Basidiomycota	Agaricomycetes	Auriculariales		Ductifera	Ductifera pululahuana		SPECIES	Ductifera pululahuana (Pat.) Donk	Ductifera pululahuana (Pat.) Donk	(Pat.) Donk	CA	Montréal	Québec	PRESENT		ff7bd5db-b724-4932-b496-10ea298851f9	45.509625	-73.662984	25000.0						2002-07-31	31	7	2002	3314622	3314622	PRESERVED_SPECIMEN	Université de Montréal Biodiversity Centre	CMMF	CMMF003647		Lamoureux, Yves		CC0_1_0	Université de Montréal Biodiversity Centre	Després, Jean			2024-01-24T16:38:16.293Z	StillImage	INSTITUTION_MATCH_FUZZY;COLLECTION_MATCH_FUZZY;DIFFERENT_OWNER_INSTITUTION
617550941	21705170-d2b6-42de-8904-c3bca4b83591	CMMF000025	Fungi	Basidiomycota	Agaricomycetes	Auriculariales		Ductifera	Ductifera pululahuana		SPECIES	Ductifera pululahuana (Pat.) Donk	Ductifera pululahuana (Pat.) Donk	(Pat.) Donk	CA	Montréal	Québec	PRESENT		ff7bd5db-b724-4932-b496-10ea298851f9	45.509625	-73.662984	25000.0						1988-07-05	5	7	1988	3314622	3314622	PRESERVED_SPECIMEN	Université de Montréal Biodiversity Centre	CMMF	CMMF000025		Lamoureux, Yves		CC0_1_0	Université de Montréal Biodiversity Centre	Lamoureux, Yves			2024-01-24T16:38:20.354Z	StillImage	INSTITUTION_MATCH_FUZZY;COLLECTION_MATCH_FUZZY;DIFFERENT_OWNER_INSTITUTION
617549508	21705170-d2b6-42de-8904-c3bca4b83591	CMMF001870	Fungi	Basidiomycota	Agaricomycetes	Auriculariales		Ductifera	Ductifera pululahuana		SPECIES	Ductifera pululahuana (Pat.) Donk	Ductifera pululahuana (Pat.) Donk	(Pat.) Donk	CA	Montréal	Québec	PRESENT		ff7bd5db-b724-4932-b496-10ea298851f9	45.509625	-73.662984	25000.0						1993-06-23	23	6	1993	3314622	3314622	PRESERVED_SPECIMEN	Université de Montréal Biodiversity Centre	CMMF	CMMF001870		Lamoureux, Yves		CC0_1_0	Université de Montréal Biodiversity Centre	Lamoureux, Yves			2024-01-24T16:38:17.228Z	StillImage	INSTITUTION_MATCH_FUZZY;COLLECTION_MATCH_FUZZY;DIFFERENT_OWNER_INSTITUTION
4987685052	50c9509d-22c7-4a22-a47d-8c48425ef4a7	https://www.inaturalist.org/observations/89392300	Fungi	Basidiomycota	Agaricomycetes	Auriculariales		Ductifera	Ductifera pululahuana		SPECIES	Ductifera pululahuana (Pat.) Donk	Ductifera pululahuana		CA		Ontario	PRESENT		28eb1a3f-1c15-4a95-931a-4af90ecb574d	45.391139	-75.706167	185.0						2021-07-31T16:27:21	31	7	2021	3314622	3314622	HUMAN_OBSERVATION	iNaturalist	Observations	89392300		Jan Thornhill	2021-12-29T15:38:00	CC_BY_NC_4_0	Amy Shantz	Amy Shantz			2025-01-14T13:13:55.771Z	StillImage	COORDINATE_ROUNDED;CONTINENT_DERIVED_FROM_COORDINATES;TAXON_MATCH_TAXON_ID_IGNORED
4945669530	50c9509d-22c7-4a22-a47d-8c48425ef4a7	https://www.inaturalist.org/observations/238113001	Fungi	Basidiomycota	Agaricomycetes	Auriculariales		Ductifera	Ductifera pululahuana		SPECIES	Ductifera pululahuana (Pat.) Donk	Ductifera pululahuana		CA		Québec	PRESENT		28eb1a3f-1c15-4a95-931a-4af90ecb574d	45.485633	-73.82125	15.0						2024-08-15T12:47	15	8	2024	3314622	3314622	HUMAN_OBSERVATION	iNaturalist	Observations	238113001		Alexis Tinker-Tsavalas	2024-08-26T18:27:51	CC_BY_4_0	Alexis Tinker-Tsavalas	Alexis Tinker-Tsavalas			2025-01-14T13:43:45.753Z	StillImage	COORDINATE_ROUNDED;CONTINENT_DERIVED_FROM_COORDINATES;TAXON_MATCH_TAXON_ID_IGNORED
4936467588	50c9509d-22c7-4a22-a47d-8c48425ef4a7	https://www.inaturalist.org/observations/222924751	Fungi	Basidiomycota	Agaricomycetes	Auriculariales		Ductifera	Ductifera pululahuana		SPECIES	Ductifera pululahuana (Pat.) Donk	Ductifera pululahuana		CA		Québec	PRESENT		28eb1a3f-1c15-4a95-931a-4af90ecb574d	45.497549	-73.590231							2024-06-15T12:48:33	15	6	2024	3314622	3314622	HUMAN_OBSERVATION	iNaturalist	Observations	222924751		Ariel Bonkoski	2024-06-15T19:14:24	CC_BY_4_0	viandemoisie	viandemoisie			2025-01-14T12:53:55.635Z		CONTINENT_DERIVED_FROM_COORDINATES;TAXON_MATCH_TAXON_ID_IGNORED
4935807480	50c9509d-22c7-4a22-a47d-8c48425ef4a7	https://www.inaturalist.org/observations/238113004	Fungi	Basidiomycota	Agaricomycetes	Auriculariales		Ductifera	Ductifera pululahuana		SPECIES	Ductifera pululahuana (Pat.) Donk	Ductifera pululahuana		CA		Québec	PRESENT		28eb1a3f-1c15-4a95-931a-4af90ecb574d	45.485739	-73.821422	15.0						2024-08-15T12:47	15	8	2024	3314622	3314622	HUMAN_OBSERVATION	iNaturalist	Observations	238113004		Alexis Tinker-Tsavalas	2024-08-26T18:27:52	CC_BY_4_0	Alexis Tinker-Tsavalas	Alexis Tinker-Tsavalas			2025-01-14T13:42:37.015Z	StillImage	COORDINATE_ROUNDED;CONTINENT_DERIVED_FROM_COORDINATES;TAXON_MATCH_TAXON_ID_IGNORED
4926067967	50c9509d-22c7-4a22-a47d-8c48425ef4a7	https://www.inaturalist.org/observations/235721965	Fungi	Basidiomycota	Agaricomycetes	Auriculariales		Ductifera	Ductifera pululahuana		SPECIES	Ductifera pululahuana (Pat.) Donk	Ductifera pululahuana		CA		Ontario	PRESENT		28eb1a3f-1c15-4a95-931a-4af90ecb574d	45.294961	-75.82395	15.0						2024-08-10T16:20	10	8	2024	3314622	3314622	HUMAN_OBSERVATION	iNaturalist	Observations	235721965		Alexis Tinker-Tsavalas	2024-08-14T14:07:04	CC_BY_4_0	Alexis Tinker-Tsavalas	Alexis Tinker-Tsavalas			2025-01-14T12:56:32.279Z	StillImage	COORDINATE_ROUNDED;CONTINENT_DERIVED_FROM_COORDINATES;TAXON_MATCH_TAXON_ID_IGNORED
4925970823	50c9509d-22c7-4a22-a47d-8c48425ef4a7	https://www.inaturalist.org/observations/235216753	Fungi	Basidiomycota	Agaricomycetes	Auriculariales		Ductifera	Ductifera pululahuana		SPECIES	Ductifera pululahuana (Pat.) Donk	Ductifera pululahuana		CA		Québec	PRESENT		28eb1a3f-1c15-4a95-931a-4af90ecb574d	45.478785	-74.069833							2024-08-11T15:45:27	11	8	2024	3314622	3314622	HUMAN_OBSERVATION	iNaturalist	Observations	235216753		Chantal Gauthier	2024-08-15T17:13:40	CC_BY_NC_4_0	crystalynnwrites	crystalynnwrites			2025-01-14T13:43:03.818Z	StillImage	CONTINENT_DERIVED_FROM_COORDINATES;TAXON_MATCH_TAXON_ID_IGNORED
4925931847	50c9509d-22c7-4a22-a47d-8c48425ef4a7	https://www.inaturalist.org/observations/235836397	Fungi	Basidiomycota	Agaricomycetes	Auriculariales		Ductifera	Ductifera pululahuana		SPECIES	Ductifera pululahuana (Pat.) Donk	Ductifera pululahuana		CA		Ontario	PRESENT		28eb1a3f-1c15-4a95-931a-4af90ecb574d	45.294989	-75.823944							2024-08-10T17:19	10	8	2024	3314622	3314622	HUMAN_OBSERVATION	iNaturalist	Observations	235836397		Alexis Tinker-Tsavalas	2024-08-15T02:12:40	CC_BY_4_0	Alexis Tinker-Tsavalas	Alexis Tinker-Tsavalas			2025-01-14T12:51:34.948Z	StillImage	COORDINATE_ROUNDED;CONTINENT_DERIVED_FROM_COORDINATES;TAXON_MATCH_TAXON_ID_IGNORED
4909233110	50c9509d-22c7-4a22-a47d-8c48425ef4a7	https://www.inaturalist.org/observations/227881412	Fungi	Basidiomycota	Agaricomycetes	Auriculariales		Ductifera	Ductifera pululahuana		SPECIES	Ductifera pululahuana (Pat.) Donk	Ductifera pululahuana		CA		Québec	PRESENT		28eb1a3f-1c15-4a95-931a-4af90ecb574d	45.480003	-74.063331							2024-07-07T09:52:49	7	7	2024	3314622	3314622	HUMAN_OBSERVATION	iNaturalist	Observations	227881412		Michelle Norcéide	2024-07-07T21:54:23	CC_BY_4_0	Michelle Norcéide	Michelle Norcéide			2025-01-14T13:42:02.906Z	StillImage	CONTINENT_DERIVED_FROM_COORDINATES;TAXON_MATCH_TAXON_ID_IGNORED
4909078180	50c9509d-22c7-4a22-a47d-8c48425ef4a7	https://www.inaturalist.org/observations/229377274	Fungi	Basidiomycota	Agaricomycetes	Auriculariales		Ductifera	Ductifera pululahuana		SPECIES	Ductifera pululahuana (Pat.) Donk	Ductifera pululahuana		CA		Québec	PRESENT		28eb1a3f-1c15-4a95-931a-4af90ecb574d	45.506783	-75.797761	31.0						2024-07-13T15:47	13	7	2024	3314622	3314622	HUMAN_OBSERVATION	iNaturalist	Observations	229377274		jonathan_mack	2024-07-14T22:53:25	CC_BY_NC_4_0	jonathan_mack	jonathan_mack			2025-01-14T13:42:12.040Z	StillImage	COORDINATE_ROUNDED;CONTINENT_DERIVED_FROM_COORDINATES;TAXON_MATCH_TAXON_ID_IGNORED
4908760869	50c9509d-22c7-4a22-a47d-8c48425ef4a7	https://www.inaturalist.org/observations/227601715	Fungi	Basidiomycota	Agaricomycetes	Auriculariales		Ductifera	Ductifera pululahuana		SPECIES	Ductifera pululahuana (Pat.) Donk	Ductifera pululahuana		CA		Ontario	PRESENT		28eb1a3f-1c15-4a95-931a-4af90ecb574d	45.449921	-75.667168	4.0						2024-07-06T16:00:50	6	7	2024	3314622	3314622	HUMAN_OBSERVATION	iNaturalist	Observations	227601715		hebsta	2024-07-06T20:01:00	CC_BY_NC_4_0	hebsta	hebsta			2025-01-14T13:41:48.643Z	StillImage	COORDINATE_ROUNDED;CONTINENT_DERIVED_FROM_COORDINATES;TAXON_MATCH_TAXON_ID_IGNORED
4908559223	50c9509d-22c7-4a22-a47d-8c48425ef4a7	https://www.inaturalist.org/observations/228934813	Fungi	Basidiomycota	Agaricomycetes	Auriculariales		Ductifera	Ductifera pululahuana		SPECIES	Ductifera pululahuana (Pat.) Donk	Ductifera pululahuana		CA		Ontario	PRESENT		28eb1a3f-1c15-4a95-931a-4af90ecb574d	45.403436	-75.719995	35.0						2024-07-12T17:13:33	12	7	2024	3314622	3314622	HUMAN_OBSERVATION	iNaturalist	Observations	228934813		allseeds	2024-07-13T01:02:43	CC_BY_NC_4_0	allseeds	allseeds			2025-01-14T12:46:54.978Z	StillImage	COORDINATE_ROUNDED;CONTINENT_DERIVED_FROM_COORDINATES;TAXON_MATCH_TAXON_ID_IGNORED
4908378120	50c9509d-22c7-4a22-a47d-8c48425ef4a7	https://www.inaturalist.org/observations/227639995	Fungi	Basidiomycota	Agaricomycetes	Auriculariales		Ductifera	Ductifera pululahuana		SPECIES	Ductifera pululahuana (Pat.) Donk	Ductifera pululahuana		CA		Québec	PRESENT		28eb1a3f-1c15-4a95-931a-4af90ecb574d	45.470343	-73.924486	584.0						2024-07-06T12:49	6	7	2024	3314622	3314622	HUMAN_OBSERVATION	iNaturalist	Observations	227639995		Michelle Norcéide	2024-07-06T22:59:18	CC_BY_4_0	Michelle Norcéide	Michelle Norcéide			2025-01-14T12:54:34.381Z	StillImage	COORDINATE_ROUNDED;CONTINENT_DERIVED_FROM_COORDINATES;TAXON_MATCH_TAXON_ID_IGNORED
4908359128	50c9509d-22c7-4a22-a47d-8c48425ef4a7	https://www.inaturalist.org/observations/226968705	Fungi	Basidiomycota	Agaricomycetes	Auriculariales		Ductifera	Ductifera pululahuana		SPECIES	Ductifera pululahuana (Pat.) Donk	Ductifera pululahuana		CA		Québec	PRESENT		28eb1a3f-1c15-4a95-931a-4af90ecb574d	45.506078	-73.881753	5.0						2024-07-02T14:36:20	2	7	2024	3314622	3314622	HUMAN_OBSERVATION	iNaturalist	Observations	226968705		katenormand	2024-07-03T20:28:55	CC_BY_NC_4_0	katenormand	katenormand			2025-01-14T13:41:33.923Z	StillImage	COORDINATE_ROUNDED;CONTINENT_DERIVED_FROM_COORDINATES;TAXON_MATCH_TAXON_ID_IGNORED
4908339843	50c9509d-22c7-4a22-a47d-8c48425ef4a7	https://www.inaturalist.org/observations/227619569	Fungi	Basidiomycota	Agaricomycetes	Auriculariales		Ductifera	Ductifera pululahuana		SPECIES	Ductifera pululahuana (Pat.) Donk	Ductifera pululahuana		CA		Ontario	PRESENT		28eb1a3f-1c15-4a95-931a-4af90ecb574d	45.404372	-75.667647							2024-07-06T16:47:44	6	7	2024	3314622	3314622	HUMAN_OBSERVATION	iNaturalist	Observations	227619569		Johann Wagner	2024-07-06T21:20:35	CC_BY_NC_4_0	Johann Wagner	Johann Wagner			2025-01-14T12:55:51.876Z	StillImage	CONTINENT_DERIVED_FROM_COORDINATES;TAXON_MATCH_TAXON_ID_IGNORED
4908096546	50c9509d-22c7-4a22-a47d-8c48425ef4a7	https://www.inaturalist.org/observations/229106963	Fungi	Basidiomycota	Agaricomycetes	Auriculariales		Ductifera	Ductifera pululahuana		SPECIES	Ductifera pululahuana (Pat.) Donk	Ductifera pululahuana		CA		Ontario	PRESENT		28eb1a3f-1c15-4a95-931a-4af90ecb574d	45.391537	-75.650583							2024-06-24T10:44:26	24	6	2024	3314622	3314622	HUMAN_OBSERVATION	iNaturalist	Observations	229106963		carolynewers	2024-07-13T20:19:18	CC_BY_NC_4_0	carolynewers	carolynewers			2025-01-14T12:49:43.747Z	StillImage	COORDINATE_ROUNDED;CONTINENT_DERIVED_FROM_COORDINATES;TAXON_MATCH_TAXON_ID_IGNORED
4904301995	50c9509d-22c7-4a22-a47d-8c48425ef4a7	https://www.inaturalist.org/observations/226276076	Fungi	Basidiomycota	Agaricomycetes	Auriculariales		Ductifera	Ductifera pululahuana		SPECIES	Ductifera pululahuana (Pat.) Donk	Ductifera pululahuana		CA		Québec	PRESENT		28eb1a3f-1c15-4a95-931a-4af90ecb574d	45.506985	-73.708542	269.0						2024-06-30T16:07:43	30	6	2024	3314622	3314622	HUMAN_OBSERVATION	iNaturalist	Observations	226276076		frazzle	2024-06-30T20:07:55	CC_BY_NC_4_0	frazzle	frazzle			2025-01-14T13:36:10.293Z	StillImage	COORDINATE_ROUNDED;CONTINENT_DERIVED_FROM_COORDINATES;TAXON_MATCH_TAXON_ID_IGNORED
4904107814	50c9509d-22c7-4a22-a47d-8c48425ef4a7	https://www.inaturalist.org/observations/225256148	Fungi	Basidiomycota	Agaricomycetes	Auriculariales		Ductifera	Ductifera pululahuana		SPECIES	Ductifera pululahuana (Pat.) Donk	Ductifera pululahuana		CA		Ontario	PRESENT		28eb1a3f-1c15-4a95-931a-4af90ecb574d	45.371378	-75.797103							2024-06-25T08:32:10	25	6	2024	3314622	3314622	HUMAN_OBSERVATION	iNaturalist	Observations	225256148		Nina	2024-06-26T07:02:51	CC_BY_NC_4_0	Nina	Nina			2025-01-14T12:49:13.243Z	StillImage	COORDINATE_ROUNDED;CONTINENT_DERIVED_FROM_COORDINATES;TAXON_MATCH_TAXON_ID_IGNORED
4902027535	50c9509d-22c7-4a22-a47d-8c48425ef4a7	https://www.inaturalist.org/observations/222475727	Fungi	Basidiomycota	Agaricomycetes	Auriculariales		Ductifera	Ductifera pululahuana		SPECIES	Ductifera pululahuana (Pat.) Donk	Ductifera pululahuana		CA		Québec	PRESENT		28eb1a3f-1c15-4a95-931a-4af90ecb574d	45.498458	-73.775819	43.0						2024-06-13T12:56:19	13	6	2024	3314622	3314622	HUMAN_OBSERVATION	iNaturalist	Observations	222475727		Frederic Desmeules	2024-06-13T18:32:58	CC_BY_NC_4_0	curiousglimpses	curiousglimpses			2025-01-14T13:34:59.780Z	StillImage	COORDINATE_ROUNDED;CONTINENT_DERIVED_FROM_COORDINATES;TAXON_MATCH_TAXON_ID_IGNORED
4901260452	50c9509d-22c7-4a22-a47d-8c48425ef4a7	https://www.inaturalist.org/observations/224891489	Fungi	Basidiomycota	Agaricomycetes	Auriculariales		Ductifera	Ductifera pululahuana		SPECIES	Ductifera pululahuana (Pat.) Donk	Ductifera pululahuana		CA		New Brunswick	PRESENT		28eb1a3f-1c15-4a95-931a-4af90ecb574d	45.29457	-66.033669	184.0						2024-06-24T11:22:26	24	6	2024	3314622	3314622	HUMAN_OBSERVATION	iNaturalist	Observations	224891489		Ariel Bonkoski	2024-06-24T19:37:02	CC_BY_NC_4_0	Toni Doucette	Toni Doucette			2025-01-14T13:41:28.524Z	StillImage	COORDINATE_ROUNDED;CONTINENT_DERIVED_FROM_COORDINATES;TAXON_MATCH_TAXON_ID_IGNORED
4891832605	50c9509d-22c7-4a22-a47d-8c48425ef4a7	https://www.inaturalist.org/observations/221190314	Fungi	Basidiomycota	Agaricomycetes	Auriculariales		Ductifera	Ductifera pululahuana		SPECIES	Ductifera pululahuana (Pat.) Donk	Ductifera pululahuana		CA		Québec	PRESENT		28eb1a3f-1c15-4a95-931a-4af90ecb574d	45.398728	-73.754048	31.0						2024-06-07T09:07	7	6	2024	3314622	3314622	HUMAN_OBSERVATION	iNaturalist	Observations	221190314		Antoine Fortin	2024-06-08T14:23:05	CC_BY_NC_4_0	tom1989	tom1989			2025-01-14T12:54:38.822Z	StillImage	COORDINATE_ROUNDED;CONTINENT_DERIVED_FROM_COORDINATES;TAXON_MATCH_TAXON_ID_IGNORED
4891690687	50c9509d-22c7-4a22-a47d-8c48425ef4a7	https://www.inaturalist.org/observations/176343301	Fungi	Basidiomycota	Agaricomycetes	Auriculariales		Ductifera	Ductifera pululahuana		SPECIES	Ductifera pululahuana (Pat.) Donk	Ductifera pululahuana		CA		Québec	PRESENT		28eb1a3f-1c15-4a95-931a-4af90ecb574d	45.50538	-73.58423							2023-08-02T09:05:04	2	8	2023	3314622	3314622	HUMAN_OBSERVATION	iNaturalist	Observations	176343301		Antoine Fortin	2023-08-02T23:30:48	CC_BY_NC_4_0	John Carlson	John Carlson			2025-01-14T13:31:48.506Z	StillImage	CONTINENT_DERIVED_FROM_COORDINATES;TAXON_MATCH_TAXON_ID_IGNORED
4522690910	50c9509d-22c7-4a22-a47d-8c48425ef4a7	https://www.inaturalist.org/observations/198946413	Fungi	Basidiomycota	Agaricomycetes	Auriculariales		Ductifera	Ductifera pululahuana		SPECIES	Ductifera pululahuana (Pat.) Donk	Ductifera pululahuana		CA		Ontario	PRESENT		28eb1a3f-1c15-4a95-931a-4af90ecb574d	45.406339	-75.676384	1772.0						2023-07-16T17:41	16	7	2023	3314622	3314622	HUMAN_OBSERVATION	iNaturalist	Observations	198946413		slavi	2024-02-10T23:46:47	CC_BY_NC_4_0	slavi	slavi			2025-01-14T12:48:22.551Z	StillImage	COORDINATE_ROUNDED;CONTINENT_DERIVED_FROM_COORDINATES;TAXON_MATCH_TAXON_ID_IGNORED
4416742327	50c9509d-22c7-4a22-a47d-8c48425ef4a7	https://www.inaturalist.org/observations/57116504	Fungi	Basidiomycota	Agaricomycetes	Auriculariales		Ductifera	Ductifera pululahuana		SPECIES	Ductifera pululahuana (Pat.) Donk	Ductifera pululahuana		CA		Ontario	PRESENT		28eb1a3f-1c15-4a95-931a-4af90ecb574d	45.148841	-75.449211	49.0						2020-08-20T12:28:45	20	8	2020	3314622	3314622	HUMAN_OBSERVATION	iNaturalist	Observations	57116504		Ariel Bonkoski	2022-04-24T07:09:13	CC_BY_NC_4_0	Randy	Randy			2025-01-14T12:14:30.826Z	StillImage	COORDINATE_ROUNDED;CONTINENT_DERIVED_FROM_COORDINATES;TAXON_MATCH_TAXON_ID_IGNORED
4405372567	50c9509d-22c7-4a22-a47d-8c48425ef4a7	https://www.inaturalist.org/observations/180133255	Fungi	Basidiomycota	Agaricomycetes	Auriculariales		Ductifera	Ductifera pululahuana		SPECIES	Ductifera pululahuana (Pat.) Donk	Ductifera pululahuana		CA		Québec	PRESENT		28eb1a3f-1c15-4a95-931a-4af90ecb574d	45.504198	-73.590188	797.0						2023-06-15T19:07:26	15	6	2023	3314622	3314622	HUMAN_OBSERVATION	iNaturalist	Observations	180133255		Jeremy	2023-08-25T16:09:28	CC_BY_NC_4_0	Jeremy	Jeremy			2025-01-14T13:32:32.982Z	StillImage	COORDINATE_ROUNDED;CONTINENT_DERIVED_FROM_COORDINATES;TAXON_MATCH_TAXON_ID_IGNORED
4405100827	50c9509d-22c7-4a22-a47d-8c48425ef4a7	https://www.inaturalist.org/observations/180146240	Fungi	Basidiomycota	Agaricomycetes	Auriculariales		Ductifera	Ductifera pululahuana		SPECIES	Ductifera pululahuana (Pat.) Donk	Ductifera pululahuana		CA		Québec	PRESENT		28eb1a3f-1c15-4a95-931a-4af90ecb574d	45.365082	-71.849037	1414.0						2023-08-25T13:37:16	25	8	2023	3314622	3314622	HUMAN_OBSERVATION	iNaturalist	Observations	180146240		gmccormi	2023-08-25T17:37:29	CC_BY_NC_4_0	gmccormi	gmccormi			2025-01-14T13:26:45.689Z	StillImage	COORDINATE_ROUNDED;CONTINENT_DERIVED_FROM_COORDINATES;TAXON_MATCH_TAXON_ID_IGNORED
4400418012	50c9509d-22c7-4a22-a47d-8c48425ef4a7	https://www.inaturalist.org/observations/178534212	Fungi	Basidiomycota	Agaricomycetes	Auriculariales		Ductifera	Ductifera pululahuana		SPECIES	Ductifera pululahuana (Pat.) Donk	Ductifera pululahuana		CA		Ontario	PRESENT		28eb1a3f-1c15-4a95-931a-4af90ecb574d	45.391026	-75.741319	5.0						2023-08-15T10:39:04	15	8	2023	3314622	3314622	HUMAN_OBSERVATION	iNaturalist	Observations	178534212		Heather Pickard	2023-08-15T14:39:55	CC_BY_NC_4_0	Heather Pickard	Heather Pickard			2025-01-14T12:40:52.492Z	StillImage	COORDINATE_ROUNDED;CONTINENT_DERIVED_FROM_COORDINATES;TAXON_MATCH_TAXON_ID_IGNORED
4400239482	50c9509d-22c7-4a22-a47d-8c48425ef4a7	https://www.inaturalist.org/observations/178271956	Fungi	Basidiomycota	Agaricomycetes	Auriculariales		Ductifera	Ductifera pululahuana		SPECIES	Ductifera pululahuana (Pat.) Donk	Ductifera pululahuana		CA		Québec	PRESENT		28eb1a3f-1c15-4a95-931a-4af90ecb574d	45.450844	-75.727496	9.0						2023-08-13T18:42:08	13	8	2023	3314622	3314622	HUMAN_OBSERVATION	iNaturalist	Observations	178271956		ca11um	2023-08-13T22:42:55	CC_BY_NC_4_0	ca11um	ca11um			2025-01-14T13:26:24.188Z	StillImage	COORDINATE_ROUNDED;CONTINENT_DERIVED_FROM_COORDINATES;TAXON_MATCH_TAXON_ID_IGNORED
4177385116	50c9509d-22c7-4a22-a47d-8c48425ef4a7	https://www.inaturalist.org/observations/178018413	Fungi	Basidiomycota	Agaricomycetes	Auriculariales		Ductifera	Ductifera pululahuana		SPECIES	Ductifera pululahuana (Pat.) Donk	Ductifera pululahuana		CA		Ontario	PRESENT		28eb1a3f-1c15-4a95-931a-4af90ecb574d	45.342567	-75.69523							2023-08-12T11:08:02	12	8	2023	3314622	3314622	HUMAN_OBSERVATION	iNaturalist	Observations	178018413		imakeprettythings	2023-08-12T16:47:33	CC_BY_NC_4_0	imakeprettythings	imakeprettythings			2025-01-14T12:44:04.342Z	StillImage	COORDINATE_ROUNDED;CONTINENT_DERIVED_FROM_COORDINATES;TAXON_MATCH_TAXON_ID_IGNORED
4177375790	50c9509d-22c7-4a22-a47d-8c48425ef4a7	https://www.inaturalist.org/observations/178312649	Fungi	Basidiomycota	Agaricomycetes	Auriculariales		Ductifera	Ductifera pululahuana		SPECIES	Ductifera pululahuana (Pat.) Donk	Ductifera pululahuana		CA		Québec	PRESENT		28eb1a3f-1c15-4a95-931a-4af90ecb574d	45.494098	-73.776198	133.0						2023-08-13T17:56:11	13	8	2023	3314622	3314622	HUMAN_OBSERVATION	iNaturalist	Observations	178312649		M. C.	2023-08-14T03:50:10	CC_BY_NC_4_0	M. C.	M. C.			2025-01-14T12:39:43.075Z	StillImage	COORDINATE_ROUNDED;CONTINENT_DERIVED_FROM_COORDINATES;TAXON_MATCH_TAXON_ID_IGNORED
4172249147	50c9509d-22c7-4a22-a47d-8c48425ef4a7	https://www.inaturalist.org/observations/176830664	Fungi	Basidiomycota	Agaricomycetes	Auriculariales		Ductifera	Ductifera pululahuana		SPECIES	Ductifera pululahuana (Pat.) Donk	Ductifera pululahuana		CA		Québec	PRESENT		28eb1a3f-1c15-4a95-931a-4af90ecb574d	45.433151	-73.889162	20.0						2023-08-05T15:34:06	5	8	2023	3314622	3314622	HUMAN_OBSERVATION	iNaturalist	Observations	176830664		photojoco	2023-08-05T19:34:24	CC_BY_NC_4_0	photojoco	photojoco			2025-01-14T12:43:43.285Z	StillImage	COORDINATE_ROUNDED;CONTINENT_DERIVED_FROM_COORDINATES;TAXON_MATCH_TAXON_ID_IGNORED
4171897198	50c9509d-22c7-4a22-a47d-8c48425ef4a7	https://www.inaturalist.org/observations/175814836	Fungi	Basidiomycota	Agaricomycetes	Auriculariales		Ductifera	Ductifera pululahuana		SPECIES	Ductifera pululahuana (Pat.) Donk	Ductifera pululahuana		CA		Ontario	PRESENT		28eb1a3f-1c15-4a95-931a-4af90ecb574d	45.370109	-75.796631	423.0						2023-07-30T16:04:07	30	7	2023	3314622	3314622	HUMAN_OBSERVATION	iNaturalist	Observations	175814836		Amy Shantz	2023-07-30T21:13:56	CC_BY_NC_4_0	Amy Shantz	Amy Shantz			2025-01-14T13:26:05.061Z	StillImage	COORDINATE_ROUNDED;CONTINENT_DERIVED_FROM_COORDINATES;TAXON_MATCH_TAXON_ID_IGNORED
4171479807	50c9509d-22c7-4a22-a47d-8c48425ef4a7	https://www.inaturalist.org/observations/175136992	Fungi	Basidiomycota	Agaricomycetes	Auriculariales		Ductifera	Ductifera pululahuana		SPECIES	Ductifera pululahuana (Pat.) Donk	Ductifera pululahuana		CA		Ontario	PRESENT		28eb1a3f-1c15-4a95-931a-4af90ecb574d	45.432512	-76.320878	4.0						2023-07-26T10:55:39	26	7	2023	3314622	3314622	HUMAN_OBSERVATION	iNaturalist	Observations	175136992		Keith Seifert	2023-07-27T01:35:27	CC0_1_0	Keith Seifert	Keith Seifert			2025-01-14T12:37:09.822Z	StillImage	COORDINATE_ROUNDED;CONTINENT_DERIVED_FROM_COORDINATES;TAXON_MATCH_TAXON_ID_IGNORED
4171338273	50c9509d-22c7-4a22-a47d-8c48425ef4a7	https://www.inaturalist.org/observations/175928641	Fungi	Basidiomycota	Agaricomycetes	Auriculariales		Ductifera	Ductifera pululahuana		SPECIES	Ductifera pululahuana (Pat.) Donk	Ductifera pululahuana		CA		Québec	PRESENT		28eb1a3f-1c15-4a95-931a-4af90ecb574d	45.445053	-73.904237	35.0						2023-07-30T16:02:44	30	7	2023	3314622	3314622	HUMAN_OBSERVATION	iNaturalist	Observations	175928641		muscariafly	2023-07-31T13:42:29	CC_BY_NC_4_0	muscariafly	muscariafly			2025-01-14T13:31:32.041Z	StillImage	COORDINATE_ROUNDED;CONTINENT_DERIVED_FROM_COORDINATES;TAXON_MATCH_TAXON_ID_IGNORED
4162526488	50c9509d-22c7-4a22-a47d-8c48425ef4a7	https://www.inaturalist.org/observations/173255771	Fungi	Basidiomycota	Agaricomycetes	Auriculariales		Ductifera	Ductifera pululahuana		SPECIES	Ductifera pululahuana (Pat.) Donk	Ductifera pululahuana		CA		Québec	PRESENT		28eb1a3f-1c15-4a95-931a-4af90ecb574d	45.441269	-73.726286							2023-07-16T13:52:24	16	7	2023	3314622	3314622	HUMAN_OBSERVATION	iNaturalist	Observations	173255771		heika	2023-07-16T17:57:11	CC0_1_0	heika	heika			2025-01-14T13:25:48.837Z	StillImage	COORDINATE_ROUNDED;CONTINENT_DERIVED_FROM_COORDINATES;TAXON_MATCH_TAXON_ID_IGNORED
4162410083	50c9509d-22c7-4a22-a47d-8c48425ef4a7	https://www.inaturalist.org/observations/173212354	Fungi	Basidiomycota	Agaricomycetes	Auriculariales		Ductifera	Ductifera pululahuana		SPECIES	Ductifera pululahuana (Pat.) Donk	Ductifera pululahuana		CA		Québec	PRESENT		28eb1a3f-1c15-4a95-931a-4af90ecb574d	45.5024	-73.621062	22.0						2023-07-16T10:17:03	16	7	2023	3314622	3314622	HUMAN_OBSERVATION	iNaturalist	Observations	173212354		nn9doors	2023-07-16T14:17:22	CC_BY_NC_4_0	nn9doors	nn9doors			2025-01-14T12:39:06.162Z	StillImage	COORDINATE_ROUNDED;CONTINENT_DERIVED_FROM_COORDINATES;TAXON_MATCH_TAXON_ID_IGNORED
4162363106	50c9509d-22c7-4a22-a47d-8c48425ef4a7	https://www.inaturalist.org/observations/173273981	Fungi	Basidiomycota	Agaricomycetes	Auriculariales		Ductifera	Ductifera pululahuana		SPECIES	Ductifera pululahuana (Pat.) Donk	Ductifera pululahuana		CA		Québec	PRESENT		28eb1a3f-1c15-4a95-931a-4af90ecb574d	45.441307	-73.726366	7.0						2023-07-16T14:53:33	16	7	2023	3314622	3314622	HUMAN_OBSERVATION	iNaturalist	Observations	173273981		Antoine Fortin	2023-07-16T19:54:29	CC0_1_0	heika	heika			2025-01-14T12:38:53.129Z	StillImage	COORDINATE_ROUNDED;CONTINENT_DERIVED_FROM_COORDINATES;TAXON_MATCH_TAXON_ID_IGNORED
4162309332	50c9509d-22c7-4a22-a47d-8c48425ef4a7	https://www.inaturalist.org/observations/172584146	Fungi	Basidiomycota	Agaricomycetes	Auriculariales		Ductifera	Ductifera pululahuana		SPECIES	Ductifera pululahuana (Pat.) Donk	Ductifera pululahuana		CA		Québec	PRESENT		28eb1a3f-1c15-4a95-931a-4af90ecb574d	45.311046	-74.097988	17.0						2023-07-12T14:53:30	12	7	2023	3314622	3314622	HUMAN_OBSERVATION	iNaturalist	Observations	172584146		Camille Boucher	2023-07-12T22:42:10	CC_BY_NC_4_0	Camille Boucher	Camille Boucher			2025-01-14T12:39:48.432Z	StillImage	COORDINATE_ROUNDED;CONTINENT_DERIVED_FROM_COORDINATES;TAXON_MATCH_TAXON_ID_IGNORED
4162130017	50c9509d-22c7-4a22-a47d-8c48425ef4a7	https://www.inaturalist.org/observations/172953381	Fungi	Basidiomycota	Agaricomycetes	Auriculariales		Ductifera	Ductifera pululahuana		SPECIES	Ductifera pululahuana (Pat.) Donk	Ductifera pululahuana		CA		Ontario	PRESENT		28eb1a3f-1c15-4a95-931a-4af90ecb574d	45.098503	-77.748895	3417.0						2023-07-14T13:29:10	14	7	2023	3314622	3314622	HUMAN_OBSERVATION	iNaturalist	Observations	172953381		Julianne Payne	2023-07-15T03:34:27	CC_BY_NC_4_0	Julianne Payne	Julianne Payne			2025-01-14T13:40:52.519Z	StillImage	COORDINATE_ROUNDED;CONTINENT_DERIVED_FROM_COORDINATES;TAXON_MATCH_TAXON_ID_IGNORED
4162039725	50c9509d-22c7-4a22-a47d-8c48425ef4a7	https://www.inaturalist.org/observations/172913390	Fungi	Basidiomycota	Agaricomycetes	Auriculariales		Ductifera	Ductifera pululahuana		SPECIES	Ductifera pululahuana (Pat.) Donk	Ductifera pululahuana		CA		Ontario	PRESENT		28eb1a3f-1c15-4a95-931a-4af90ecb574d	45.023588	-77.57014	7.0						2023-07-14T13:29:09	14	7	2023	3314622	3314622	HUMAN_OBSERVATION	iNaturalist	Observations	172913390		Graham Cameron	2023-07-14T21:47:41	CC_BY_NC_4_0	Graham Cameron	Graham Cameron			2025-01-14T12:38:53.763Z	StillImage	COORDINATE_ROUNDED;CONTINENT_DERIVED_FROM_COORDINATES;TAXON_MATCH_TAXON_ID_IGNORED
4153977042	50c9509d-22c7-4a22-a47d-8c48425ef4a7	https://www.inaturalist.org/observations/171253910	Fungi	Basidiomycota	Agaricomycetes	Auriculariales		Ductifera	Ductifera pululahuana		SPECIES	Ductifera pululahuana (Pat.) Donk	Ductifera pululahuana		CA		Québec	PRESENT		28eb1a3f-1c15-4a95-931a-4af90ecb574d	45.500197	-73.588348	15.0						2022-06-22T08:54	22	6	2022	3314622	3314622	HUMAN_OBSERVATION	iNaturalist	Observations	171253910		Antoine Fortin	2023-07-05T18:59:19	CC_BY_NC_4_0	Antoine Fortin	Antoine Fortin			2025-01-14T12:39:01.308Z	StillImage	COORDINATE_ROUNDED;CONTINENT_DERIVED_FROM_COORDINATES;TAXON_MATCH_TAXON_ID_IGNORED
4153967668	50c9509d-22c7-4a22-a47d-8c48425ef4a7	https://www.inaturalist.org/observations/171408685	Fungi	Basidiomycota	Agaricomycetes	Auriculariales		Ductifera	Ductifera pululahuana		SPECIES	Ductifera pululahuana (Pat.) Donk	Ductifera pululahuana		CA		Québec	PRESENT		28eb1a3f-1c15-4a95-931a-4af90ecb574d	45.434437	-73.948395	24.0						2023-07-04T10:39:56	4	7	2023	3314622	3314622	HUMAN_OBSERVATION	iNaturalist	Observations	171408685		frogtime2837	2023-07-06T16:51:32	CC_BY_NC_4_0	frogtime2837	frogtime2837			2025-01-14T12:36:25.611Z	StillImage	COORDINATE_ROUNDED;CONTINENT_DERIVED_FROM_COORDINATES;TAXON_MATCH_TAXON_ID_IGNORED
4153620568	50c9509d-22c7-4a22-a47d-8c48425ef4a7	https://www.inaturalist.org/observations/171253909	Fungi	Basidiomycota	Agaricomycetes	Auriculariales		Ductifera	Ductifera pululahuana		SPECIES	Ductifera pululahuana (Pat.) Donk	Ductifera pululahuana		CA		Québec	PRESENT		28eb1a3f-1c15-4a95-931a-4af90ecb574d	45.500421	-73.588856	15.0						2022-06-22T08:52	22	6	2022	3314622	3314622	HUMAN_OBSERVATION	iNaturalist	Observations	171253909		Antoine Fortin	2023-07-05T18:59:19	CC_BY_NC_4_0	Antoine Fortin	Antoine Fortin			2025-01-14T12:38:06.937Z	StillImage	COORDINATE_ROUNDED;CONTINENT_DERIVED_FROM_COORDINATES;TAXON_MATCH_TAXON_ID_IGNORED
4153509617	50c9509d-22c7-4a22-a47d-8c48425ef4a7	https://www.inaturalist.org/observations/171253907	Fungi	Basidiomycota	Agaricomycetes	Auriculariales		Ductifera	Ductifera pululahuana		SPECIES	Ductifera pululahuana (Pat.) Donk	Ductifera pululahuana		CA		Québec	PRESENT		28eb1a3f-1c15-4a95-931a-4af90ecb574d	45.50047	-73.588221	31.0						2022-06-10T10:41	10	6	2022	3314622	3314622	HUMAN_OBSERVATION	iNaturalist	Observations	171253907		Antoine Fortin	2023-07-05T18:59:18	CC_BY_NC_4_0	Antoine Fortin	Antoine Fortin			2025-01-14T12:38:37.286Z	StillImage	COORDINATE_ROUNDED;CONTINENT_DERIVED_FROM_COORDINATES;TAXON_MATCH_TAXON_ID_IGNORED
4145611021	50c9509d-22c7-4a22-a47d-8c48425ef4a7	https://www.inaturalist.org/observations/170537949	Fungi	Basidiomycota	Agaricomycetes	Auriculariales		Ductifera	Ductifera pululahuana		SPECIES	Ductifera pululahuana (Pat.) Donk	Ductifera pululahuana		CA		Québec	PRESENT		28eb1a3f-1c15-4a95-931a-4af90ecb574d	45.468889	-74.025855	27158.0						2023-07-01T12:10	1	7	2023	3314622	3314622	HUMAN_OBSERVATION	iNaturalist	Observations	170537949		Antoine Fortin	2023-07-02T00:21:30	CC_BY_NC_4_0	Étienne Godin	Étienne Godin			2025-01-14T12:39:14.615Z	StillImage	COORDINATE_ROUNDED;CONTINENT_DERIVED_FROM_COORDINATES;TAXON_MATCH_TAXON_ID_IGNORED
4145593955	50c9509d-22c7-4a22-a47d-8c48425ef4a7	https://www.inaturalist.org/observations/170767263	Fungi	Basidiomycota	Agaricomycetes	Auriculariales		Ductifera	Ductifera pululahuana		SPECIES	Ductifera pululahuana (Pat.) Donk	Ductifera pululahuana		CA		Ontario	PRESENT		28eb1a3f-1c15-4a95-931a-4af90ecb574d	45.470854	-75.513409	7.0						2023-07-02T15:40	2	7	2023	3314622	3314622	HUMAN_OBSERVATION	iNaturalist	Observations	170767263		jonathan_mack	2023-07-03T01:50:44	CC_BY_NC_4_0	jonathan_mack	jonathan_mack			2025-01-14T12:36:23.740Z	StillImage	COORDINATE_ROUNDED;CONTINENT_DERIVED_FROM_COORDINATES;TAXON_MATCH_TAXON_ID_IGNORED
4138717871	50c9509d-22c7-4a22-a47d-8c48425ef4a7	https://www.inaturalist.org/observations/168741396	Fungi	Basidiomycota	Agaricomycetes	Auriculariales		Ductifera	Ductifera pululahuana		SPECIES	Ductifera pululahuana (Pat.) Donk	Ductifera pululahuana		CA		Québec	PRESENT		28eb1a3f-1c15-4a95-931a-4af90ecb574d	45.396316	-73.753377	4.0						2023-06-21T07:05	21	6	2023	3314622	3314622	HUMAN_OBSERVATION	iNaturalist	Observations	168741396		tom1989	2023-06-21T23:28:33	CC_BY_NC_4_0	tom1989	tom1989			2025-01-14T12:36:12.890Z	StillImage	COORDINATE_ROUNDED;CONTINENT_DERIVED_FROM_COORDINATES;TAXON_MATCH_TAXON_ID_IGNORED
4137995571	50c9509d-22c7-4a22-a47d-8c48425ef4a7	https://www.inaturalist.org/observations/142978630	Fungi	Basidiomycota	Agaricomycetes	Auriculariales		Ductifera	Ductifera pululahuana		SPECIES	Ductifera pululahuana (Pat.) Donk	Ductifera pululahuana		CA		Québec	PRESENT		28eb1a3f-1c15-4a95-931a-4af90ecb574d	45.82991	-76.48852	27095.0						2022-11-26T12:29	26	11	2022	3314622	3314622	HUMAN_OBSERVATION	iNaturalist	Observations	142978630		L Joan Heyding	2022-11-27T00:28:41	CC_BY_NC_4_0	L Joan Heyding	L Joan Heyding			2025-01-14T13:32:33.085Z	StillImage	COORDINATE_ROUNDED;CONTINENT_DERIVED_FROM_COORDINATES;TAXON_MATCH_TAXON_ID_IGNORED
4129927481	50c9509d-22c7-4a22-a47d-8c48425ef4a7	https://www.inaturalist.org/observations/134595294	Fungi	Basidiomycota	Agaricomycetes	Auriculariales		Ductifera	Ductifera pululahuana		SPECIES	Ductifera pululahuana (Pat.) Donk	Ductifera pululahuana		CA		Ontario	PRESENT		28eb1a3f-1c15-4a95-931a-4af90ecb574d	45.410938	-75.671792	2.0						2022-09-11T12:12:12	11	9	2022	3314622	3314622	HUMAN_OBSERVATION	iNaturalist	Observations	134595294		dleduc	2022-09-11T16:13:53	CC_BY_NC_4_0	dleduc	dleduc			2025-01-14T12:31:54.112Z	StillImage	COORDINATE_ROUNDED;CONTINENT_DERIVED_FROM_COORDINATES;TAXON_MATCH_TAXON_ID_IGNORED
4129696491	50c9509d-22c7-4a22-a47d-8c48425ef4a7	https://www.inaturalist.org/observations/135946557	Fungi	Basidiomycota	Agaricomycetes	Auriculariales		Ductifera	Ductifera pululahuana		SPECIES	Ductifera pululahuana (Pat.) Donk	Ductifera pululahuana		CA		Ontario	PRESENT		28eb1a3f-1c15-4a95-931a-4af90ecb574d	45.39065	-75.739218	122.0						2022-09-21T13:19	21	9	2022	3314622	3314622	HUMAN_OBSERVATION	iNaturalist	Observations	135946557		Sharon Boddy	2022-09-21T18:45:10	CC_BY_NC_4_0	Sharon Boddy	Sharon Boddy			2025-01-14T13:32:32.177Z	StillImage	COORDINATE_ROUNDED;CONTINENT_DERIVED_FROM_COORDINATES;TAXON_MATCH_TAXON_ID_IGNORED
3963277602	50c9509d-22c7-4a22-a47d-8c48425ef4a7	https://www.inaturalist.org/observations/138742705	Fungi	Basidiomycota	Agaricomycetes	Auriculariales		Ductifera	Ductifera pululahuana		SPECIES	Ductifera pululahuana (Pat.) Donk	Ductifera pululahuana		CA		Ontario	PRESENT		28eb1a3f-1c15-4a95-931a-4af90ecb574d	45.390283	-75.703039	25.0						2022-09-26T20:40	26	9	2022	3314622	3314622	HUMAN_OBSERVATION	iNaturalist	Observations	138742705		Lily	2022-10-19T15:55:04	CC_BY_NC_4_0	Lily	Lily			2025-01-14T13:25:52Z	StillImage	COORDINATE_ROUNDED;CONTINENT_DERIVED_FROM_COORDINATES;TAXON_MATCH_TAXON_ID_IGNORED
3925436424	50c9509d-22c7-4a22-a47d-8c48425ef4a7	https://www.inaturalist.org/observations/88178515	Fungi	Basidiomycota	Agaricomycetes	Auriculariales		Ductifera	Ductifera pululahuana		SPECIES	Ductifera pululahuana (Pat.) Donk	Ductifera pululahuana		CA		Québec	PRESENT		28eb1a3f-1c15-4a95-931a-4af90ecb574d	45.440912	-73.601794	8.0						2021-07-22T13:21	22	7	2021	3314622	3314622	HUMAN_OBSERVATION	iNaturalist	Observations	88178515		Frederic Desmeules	2021-07-22T21:22:12	CC_BY_NC_4_0	Frederic Desmeules	Frederic Desmeules			2025-01-14T12:20:37.317Z	StillImage	COORDINATE_ROUNDED;CONTINENT_DERIVED_FROM_COORDINATES;TAXON_MATCH_TAXON_ID_IGNORED
3925175558	50c9509d-22c7-4a22-a47d-8c48425ef4a7	https://www.inaturalist.org/observations/127341016	Fungi	Basidiomycota	Agaricomycetes	Auriculariales		Ductifera	Ductifera pululahuana		SPECIES	Ductifera pululahuana (Pat.) Donk	Ductifera pululahuana		CA		Ontario	PRESENT		28eb1a3f-1c15-4a95-931a-4af90ecb574d	45.1491	-75.449638							2022-07-14T11:43:34	14	7	2022	3314622	3314622	HUMAN_OBSERVATION	iNaturalist	Observations	127341016		mycowalt	2022-07-23T01:42:50	CC_BY_NC_4_0	Randy	Randy			2025-01-14T12:31:53.730Z	StillImage	COORDINATE_ROUNDED;CONTINENT_DERIVED_FROM_COORDINATES;TAXON_MATCH_TAXON_ID_IGNORED
3925121372	50c9509d-22c7-4a22-a47d-8c48425ef4a7	https://www.inaturalist.org/observations/57578869	Fungi	Basidiomycota	Agaricomycetes	Auriculariales		Ductifera	Ductifera pululahuana		SPECIES	Ductifera pululahuana (Pat.) Donk	Ductifera pululahuana		CA		Québec	PRESENT		28eb1a3f-1c15-4a95-931a-4af90ecb574d	45.453495	-73.805887	10.0						2020-08-25T15:44:55	25	8	2020	3314622	3314622	HUMAN_OBSERVATION	iNaturalist	Observations	57578869		thetoaster	2020-08-25T20:34:47	CC_BY_NC_4_0	thetoaster	thetoaster			2025-01-14T13:10:00.136Z	StillImage	COORDINATE_ROUNDED;CONTINENT_DERIVED_FROM_COORDINATES;TAXON_MATCH_TAXON_ID_IGNORED
3925093413	50c9509d-22c7-4a22-a47d-8c48425ef4a7	https://www.inaturalist.org/observations/85575208	Fungi	Basidiomycota	Agaricomycetes	Auriculariales		Ductifera	Ductifera pululahuana		SPECIES	Ductifera pululahuana (Pat.) Donk	Ductifera pululahuana		CA		Québec	PRESENT		28eb1a3f-1c15-4a95-931a-4af90ecb574d	45.488905	-74.009318							2021-07-03T10:05	3	7	2021	3314622	3314622	HUMAN_OBSERVATION	iNaturalist	Observations	85575208		Philippe Hénault	2021-07-04T04:48:02	CC_BY_NC_4_0	Philippe Hénault	Philippe Hénault			2025-01-14T12:19:03.615Z	StillImage	COORDINATE_ROUNDED;CONTINENT_DERIVED_FROM_COORDINATES;TAXON_MATCH_TAXON_ID_IGNORED
3925067421	50c9509d-22c7-4a22-a47d-8c48425ef4a7	https://www.inaturalist.org/observations/88037821	Fungi	Basidiomycota	Agaricomycetes	Auriculariales		Ductifera	Ductifera pululahuana		SPECIES	Ductifera pululahuana (Pat.) Donk	Ductifera pululahuana		CA		Québec	PRESENT		28eb1a3f-1c15-4a95-931a-4af90ecb574d	45.45322	-73.804222	65.0						2021-07-21T15:40:34	21	7	2021	3314622	3314622	HUMAN_OBSERVATION	iNaturalist	Observations	88037821		thetoaster	2021-07-21T20:35:00	CC_BY_NC_4_0	thetoaster	thetoaster			2025-01-14T13:13:22.435Z	StillImage	COORDINATE_ROUNDED;CONTINENT_DERIVED_FROM_COORDINATES;TAXON_MATCH_TAXON_ID_IGNORED
3925065349	50c9509d-22c7-4a22-a47d-8c48425ef4a7	https://www.inaturalist.org/observations/32075255	Fungi	Basidiomycota	Agaricomycetes	Auriculariales		Ductifera	Ductifera pululahuana		SPECIES	Ductifera pululahuana (Pat.) Donk	Ductifera pululahuana		CA		Ontario	PRESENT		28eb1a3f-1c15-4a95-931a-4af90ecb574d	45.457244	-75.673489	263.0						2019-09-03T17:01:03	3	9	2019	3314622	3314622	HUMAN_OBSERVATION	iNaturalist	Observations	32075255		David Thomas Glover	2019-09-27T18:53:07	CC_BY_NC_4_0	David Thomas Glover	David Thomas Glover			2025-01-14T12:09:04.604Z	StillImage	COORDINATE_ROUNDED;CONTINENT_DERIVED_FROM_COORDINATES;TAXON_MATCH_TAXON_ID_IGNORED
3915440993	50c9509d-22c7-4a22-a47d-8c48425ef4a7	https://www.inaturalist.org/observations/135852611	Fungi	Basidiomycota	Agaricomycetes	Auriculariales		Ductifera	Ductifera pululahuana		SPECIES	Ductifera pululahuana (Pat.) Donk	Ductifera pululahuana		CA		Ontario	PRESENT		28eb1a3f-1c15-4a95-931a-4af90ecb574d	45.266655	-75.798462							2022-09-20T18:18	20	9	2022	3314622	3314622	HUMAN_OBSERVATION	iNaturalist	Observations	135852611		Alexis Williams	2022-09-20T23:49:20	CC_BY_4_0	Alexis Williams	Alexis Williams			2025-01-14T12:32:10.835Z	StillImage	COORDINATE_ROUNDED;CONTINENT_DERIVED_FROM_COORDINATES;TAXON_MATCH_TAXON_ID_IGNORED
3903133002	50c9509d-22c7-4a22-a47d-8c48425ef4a7	https://www.inaturalist.org/observations/133273596	Fungi	Basidiomycota	Agaricomycetes	Auriculariales		Ductifera	Ductifera pululahuana		SPECIES	Ductifera pululahuana (Pat.) Donk	Ductifera pululahuana		CA		Québec	PRESENT		28eb1a3f-1c15-4a95-931a-4af90ecb574d	45.821324	-76.431917	27095.0						2022-08-31T09:24	31	8	2022	3314622	3314622	HUMAN_OBSERVATION	iNaturalist	Observations	133273596		L Joan Heyding	2022-09-01T23:41:33	CC_BY_NC_4_0	L Joan Heyding	L Joan Heyding			2025-01-14T12:31:44.278Z	StillImage	COORDINATE_ROUNDED;CONTINENT_DERIVED_FROM_COORDINATES;TAXON_MATCH_TAXON_ID_IGNORED
3888714225	50c9509d-22c7-4a22-a47d-8c48425ef4a7	https://www.inaturalist.org/observations/130124254	Fungi	Basidiomycota	Agaricomycetes	Auriculariales		Ductifera	Ductifera pululahuana		SPECIES	Ductifera pululahuana (Pat.) Donk	Ductifera pululahuana		CA		Ontario	PRESENT		28eb1a3f-1c15-4a95-931a-4af90ecb574d	45.07154	-75.758189	24.0						2022-08-09T12:01:44	9	8	2022	3314622	3314622	HUMAN_OBSERVATION	iNaturalist	Observations	130124254		fomes_fomentarius	2022-08-09T16:16:12	CC_BY_NC_4_0	fomes_fomentarius	fomes_fomentarius			2025-01-14T12:31:20.415Z	StillImage	COORDINATE_ROUNDED;CONTINENT_DERIVED_FROM_COORDINATES;TAXON_MATCH_TAXON_ID_IGNORED
3881453140	50c9509d-22c7-4a22-a47d-8c48425ef4a7	https://www.inaturalist.org/observations/128478171	Fungi	Basidiomycota	Agaricomycetes	Auriculariales		Ductifera	Ductifera pululahuana		SPECIES	Ductifera pululahuana (Pat.) Donk	Ductifera pululahuana		CA		Ontario	PRESENT		28eb1a3f-1c15-4a95-931a-4af90ecb574d	45.453567	-75.670578	5.0						2022-07-29T12:35:52	29	7	2022	3314622	3314622	HUMAN_OBSERVATION	iNaturalist	Observations	128478171		Olivia May Galloway	2022-07-29T17:27:06	CC_BY_NC_4_0	Olivia May Galloway	Olivia May Galloway			2025-01-14T12:30:51.327Z	StillImage	COORDINATE_ROUNDED;CONTINENT_DERIVED_FROM_COORDINATES;TAXON_MATCH_TAXON_ID_IGNORED
3872868974	50c9509d-22c7-4a22-a47d-8c48425ef4a7	https://www.inaturalist.org/observations/125109337	Fungi	Basidiomycota	Agaricomycetes	Auriculariales		Ductifera	Ductifera pululahuana		SPECIES	Ductifera pululahuana (Pat.) Donk	Ductifera pululahuana		CA		Québec	PRESENT		28eb1a3f-1c15-4a95-931a-4af90ecb574d	45.853692	-76.435809	27095.0						2022-07-06T09:08	6	7	2022	3314622	3314622	HUMAN_OBSERVATION	iNaturalist	Observations	125109337		L Joan Heyding	2022-07-07T01:29:35	CC_BY_NC_4_0	L Joan Heyding	L Joan Heyding			2025-01-14T12:30:19.388Z	StillImage	COORDINATE_ROUNDED;CONTINENT_DERIVED_FROM_COORDINATES;TAXON_MATCH_TAXON_ID_IGNORED
3858762559	50c9509d-22c7-4a22-a47d-8c48425ef4a7	https://www.inaturalist.org/observations/123914859	Fungi	Basidiomycota	Agaricomycetes	Auriculariales		Ductifera	Ductifera pululahuana		SPECIES	Ductifera pululahuana (Pat.) Donk	Ductifera pululahuana		CA		Ontario	PRESENT		28eb1a3f-1c15-4a95-931a-4af90ecb574d	45.385455	-75.701611	15.0						2022-06-28T14:39	28	6	2022	3314622	3314622	HUMAN_OBSERVATION	iNaturalist	Observations	123914859		jonathan_mack	2022-06-29T01:39:59	CC_BY_NC_4_0	jonathan_mack	jonathan_mack			2025-01-14T13:23:07.544Z	StillImage	COORDINATE_ROUNDED;CONTINENT_DERIVED_FROM_COORDINATES;TAXON_MATCH_TAXON_ID_IGNORED
3759886501	50c9509d-22c7-4a22-a47d-8c48425ef4a7	https://www.inaturalist.org/observations/66344810	Fungi	Basidiomycota	Agaricomycetes	Auriculariales		Ductifera	Ductifera pululahuana		SPECIES	Ductifera pululahuana (Pat.) Donk	Ductifera pululahuana		CA		Ontario	PRESENT		28eb1a3f-1c15-4a95-931a-4af90ecb574d	45.290805	-75.704383							2017-07-12T19:55:57	12	7	2017	3314622	3314622	HUMAN_OBSERVATION	iNaturalist	Observations	66344810		lukeconradw	2020-12-09T20:09:16	CC_BY_NC_4_0	lukeconradw	lukeconradw			2025-01-14T13:10:51.311Z	StillImage	COORDINATE_ROUNDED;CONTINENT_DERIVED_FROM_COORDINATES;TAXON_MATCH_TAXON_ID_IGNORED
3759162784	50c9509d-22c7-4a22-a47d-8c48425ef4a7	https://www.inaturalist.org/observations/101666014	Fungi	Basidiomycota	Agaricomycetes	Auriculariales		Ductifera	Ductifera pululahuana		SPECIES	Ductifera pululahuana (Pat.) Donk	Ductifera pululahuana		CA		Ontario	PRESENT		28eb1a3f-1c15-4a95-931a-4af90ecb574d	45.401664	-75.756503	100.0						2021-08-01T12:31:48	1	8	2021	3314622	3314622	HUMAN_OBSERVATION	iNaturalist	Observations	101666014		Jan Thornhill	2021-12-21T23:21:51	CC_BY_NC_4_0	Owen Clarkin	Owen Clarkin			2025-01-14T13:12:11.144Z	StillImage	CONTINENT_DERIVED_FROM_COORDINATES;TAXON_MATCH_TAXON_ID_IGNORED
3759147465	50c9509d-22c7-4a22-a47d-8c48425ef4a7	https://www.inaturalist.org/observations/55604844	Fungi	Basidiomycota	Agaricomycetes	Auriculariales		Ductifera	Ductifera pululahuana		SPECIES	Ductifera pululahuana (Pat.) Donk	Ductifera pululahuana		CA		Ontario	PRESENT		28eb1a3f-1c15-4a95-931a-4af90ecb574d	45.464462	-75.504608	65.0						2020-08-05T17:38:13	5	8	2020	3314622	3314622	HUMAN_OBSERVATION	iNaturalist	Observations	55604844		kelly-madelaine	2020-08-06T15:35:31	CC_BY_NC_4_0	kelly-madelaine	kelly-madelaine			2025-01-14T12:14:06.489Z	StillImage	COORDINATE_ROUNDED;CONTINENT_DERIVED_FROM_COORDINATES;TAXON_MATCH_TAXON_ID_IGNORED
3759120485	50c9509d-22c7-4a22-a47d-8c48425ef4a7	https://www.inaturalist.org/observations/57958705	Fungi	Basidiomycota	Agaricomycetes	Auriculariales		Ductifera	Ductifera pululahuana		SPECIES	Ductifera pululahuana (Pat.) Donk	Ductifera pululahuana		CA		Ontario	PRESENT		28eb1a3f-1c15-4a95-931a-4af90ecb574d	45.356193	-75.674125	48.0						2020-08-29T20:17:17Z	29	8	2020	3314622	3314622	HUMAN_OBSERVATION	iNaturalist	Observations	57958705		natureboy69	2020-08-29T20:17:32	CC_BY_NC_4_0	natureboy69	natureboy69			2025-01-14T12:14:38.216Z	StillImage	COORDINATE_ROUNDED;CONTINENT_DERIVED_FROM_COORDINATES;TAXON_MATCH_TAXON_ID_IGNORED
3456654646	50c9509d-22c7-4a22-a47d-8c48425ef4a7	https://www.inaturalist.org/observations/86326631	Fungi	Basidiomycota	Agaricomycetes	Auriculariales		Ductifera	Ductifera pululahuana		SPECIES	Ductifera pululahuana (Pat.) Donk	Ductifera pululahuana		CA		Québec	PRESENT		28eb1a3f-1c15-4a95-931a-4af90ecb574d	45.454345	-73.808717	65.0						2021-07-09T13:32:06	9	7	2021	3314622	3314622	HUMAN_OBSERVATION	iNaturalist	Observations	86326631		thetoaster	2021-07-09T21:12:21	CC_BY_NC_4_0	thetoaster	thetoaster			2025-01-14T12:19:44.041Z	StillImage	COORDINATE_ROUNDED;CONTINENT_DERIVED_FROM_COORDINATES;TAXON_MATCH_TAXON_ID_IGNORED
3456421329	50c9509d-22c7-4a22-a47d-8c48425ef4a7	https://www.inaturalist.org/observations/88903455	Fungi	Basidiomycota	Agaricomycetes	Auriculariales		Ductifera	Ductifera pululahuana		SPECIES	Ductifera pululahuana (Pat.) Donk	Ductifera pululahuana		CA		Ontario	PRESENT		28eb1a3f-1c15-4a95-931a-4af90ecb574d	45.406171	-75.671888	425.0						2021-07-19T09:13:51	19	7	2021	3314622	3314622	HUMAN_OBSERVATION	iNaturalist	Observations	88903455		fivetreesatonce	2021-07-28T03:46:27	CC_BY_NC_4_0	fivetreesatonce	fivetreesatonce			2025-01-14T12:19:46.290Z	StillImage	COORDINATE_ROUNDED;CONTINENT_DERIVED_FROM_COORDINATES;TAXON_MATCH_TAXON_ID_IGNORED
3407901031	50c9509d-22c7-4a22-a47d-8c48425ef4a7	https://www.inaturalist.org/observations/100008300	Fungi	Basidiomycota	Agaricomycetes	Auriculariales		Ductifera	Ductifera pululahuana		SPECIES	Ductifera pululahuana (Pat.) Donk	Ductifera pululahuana		CA		Ontario	PRESENT		28eb1a3f-1c15-4a95-931a-4af90ecb574d	45.395158	-75.510862							2021-11-01T09:43	1	11	2021	3314622	3314622	HUMAN_OBSERVATION	iNaturalist	Observations	100008300		jonathan_mack	2021-11-01T22:06:40	CC_BY_NC_4_0	Igor Khomenko	Igor Khomenko			2025-01-14T12:23:56.465Z	StillImage	COORDINATE_ROUNDED;CONTINENT_DERIVED_FROM_COORDINATES;TAXON_MATCH_TAXON_ID_IGNORED
3383951920	50c9509d-22c7-4a22-a47d-8c48425ef4a7	https://www.inaturalist.org/observations/87747575	Fungi	Basidiomycota	Agaricomycetes	Auriculariales		Ductifera	Ductifera pululahuana		SPECIES	Ductifera pululahuana (Pat.) Donk	Ductifera pululahuana		CA		Québec	PRESENT		28eb1a3f-1c15-4a95-931a-4af90ecb574d	45.492842	-73.574688	122222.0						2021-07-19T13:45:01	19	7	2021	3314622	3314622	HUMAN_OBSERVATION	iNaturalist	Observations	87747575		iggy	2021-07-19T18:24:50	CC_BY_NC_4_0	iggy	iggy			2025-01-14T13:23:47.341Z		COORDINATE_ROUNDED;CONTINENT_DERIVED_FROM_COORDINATES;TAXON_MATCH_TAXON_ID_IGNORED
3355397610	50c9509d-22c7-4a22-a47d-8c48425ef4a7	https://www.inaturalist.org/observations/93306839	Fungi	Basidiomycota	Agaricomycetes	Auriculariales		Ductifera	Ductifera pululahuana		SPECIES	Ductifera pululahuana (Pat.) Donk	Ductifera pululahuana		CA		Québec	PRESENT		28eb1a3f-1c15-4a95-931a-4af90ecb574d	45.468644	-75.818301	29.0						2021-09-01T13:38	1	9	2021	3314622	3314622	HUMAN_OBSERVATION	iNaturalist	Observations	93306839		Igor Khomenko	2021-09-01T22:40:12	CC_BY_NC_4_0	Igor Khomenko	Igor Khomenko			2025-01-14T12:20:45.206Z	StillImage	COORDINATE_ROUNDED;CONTINENT_DERIVED_FROM_COORDINATES;TAXON_MATCH_TAXON_ID_IGNORED
3337636844	50c9509d-22c7-4a22-a47d-8c48425ef4a7	https://www.inaturalist.org/observations/91175704	Fungi	Basidiomycota	Agaricomycetes	Auriculariales		Ductifera	Ductifera pululahuana		SPECIES	Ductifera pululahuana (Pat.) Donk	Ductifera pululahuana		CA		Ontario	PRESENT		28eb1a3f-1c15-4a95-931a-4af90ecb574d	45.432695	-76.320682							2021-08-14T13:45	14	8	2021	3314622	3314622	HUMAN_OBSERVATION	iNaturalist	Observations	91175704		Igor Khomenko	2021-08-14T21:15:34	CC_BY_NC_4_0	Igor Khomenko	Igor Khomenko			2025-01-14T13:14:22.348Z	StillImage	COORDINATE_ROUNDED;CONTINENT_DERIVED_FROM_COORDINATES;TAXON_MATCH_TAXON_ID_IGNORED
3328164586	50c9509d-22c7-4a22-a47d-8c48425ef4a7	https://www.inaturalist.org/observations/87077628	Fungi	Basidiomycota	Agaricomycetes	Auriculariales		Ductifera	Ductifera pululahuana		SPECIES	Ductifera pululahuana (Pat.) Donk	Ductifera pululahuana		CA		Ontario	PRESENT		28eb1a3f-1c15-4a95-931a-4af90ecb574d	45.438155	-76.335525	128.0						2021-07-14T14:57:19	14	7	2021	3314622	3314622	HUMAN_OBSERVATION	iNaturalist	Observations	87077628		Keith Seifert	2021-07-15T02:25:56	CC0_1_0	Keith Seifert	Keith Seifert			2025-01-14T12:20:11.598Z	StillImage	CONTINENT_DERIVED_FROM_COORDINATES;TAXON_MATCH_TAXON_ID_IGNORED
2883093104	50c9509d-22c7-4a22-a47d-8c48425ef4a7	https://www.inaturalist.org/observations/61633844	Fungi	Basidiomycota	Agaricomycetes	Auriculariales		Ductifera	Ductifera pululahuana		SPECIES	Ductifera pululahuana (Pat.) Donk	Ductifera pululahuana		CA		Ontario	PRESENT		28eb1a3f-1c15-4a95-931a-4af90ecb574d	45.438333	-76.336293	4.0						2020-10-03T09:18	3	10	2020	3314622	3314622	HUMAN_OBSERVATION	iNaturalist	Observations	61633844		jonathan_mack	2020-10-04T01:57:24	CC_BY_NC_4_0	jonathan_mack	jonathan_mack			2025-01-14T13:10:08.612Z	StillImage	COORDINATE_ROUNDED;CONTINENT_DERIVED_FROM_COORDINATES;TAXON_MATCH_TAXON_ID_IGNORED
2862325654	50c9509d-22c7-4a22-a47d-8c48425ef4a7	https://www.inaturalist.org/observations/58546203	Fungi	Basidiomycota	Agaricomycetes	Auriculariales		Ductifera	Ductifera pululahuana		SPECIES	Ductifera pululahuana (Pat.) Donk	Ductifera pululahuana		CA		Ontario	PRESENT		28eb1a3f-1c15-4a95-931a-4af90ecb574d	45.432547	-76.319838	6.0						2020-09-04T14:08:21	4	9	2020	3314622	3314622	HUMAN_OBSERVATION	iNaturalist	Observations	58546203		jonathan_mack	2020-09-04T22:28:34	CC0_1_0	Keith Seifert	Keith Seifert			2025-01-14T13:04:00.736Z	StillImage	COORDINATE_ROUNDED;CONTINENT_DERIVED_FROM_COORDINATES;TAXON_MATCH_TAXON_ID_IGNORED
2860152398	50c9509d-22c7-4a22-a47d-8c48425ef4a7	https://www.inaturalist.org/observations/48644026	Fungi	Basidiomycota	Agaricomycetes	Auriculariales		Ductifera	Ductifera pululahuana		SPECIES	Ductifera pululahuana (Pat.) Donk	Ductifera pululahuana		CA		Québec	PRESENT		28eb1a3f-1c15-4a95-931a-4af90ecb574d	45.517939	-73.740654	65.0						2020-06-06T09:10:09	6	6	2020	3314622	3314622	HUMAN_OBSERVATION	iNaturalist	Observations	48644026		timfoster	2020-06-06T15:12:12	CC_BY_NC_4_0	timfoster	timfoster			2025-01-14T12:13:03.811Z	StillImage	COORDINATE_ROUNDED;CONTINENT_DERIVED_FROM_COORDINATES;TAXON_MATCH_TAXON_ID_IGNORED
2850733835	50c9509d-22c7-4a22-a47d-8c48425ef4a7	https://www.inaturalist.org/observations/55811602	Fungi	Basidiomycota	Agaricomycetes	Auriculariales		Ductifera	Ductifera pululahuana		SPECIES	Ductifera pululahuana (Pat.) Donk	Ductifera pululahuana		CA		Québec	PRESENT		28eb1a3f-1c15-4a95-931a-4af90ecb574d	45.465737	-73.933075	10.0						2020-08-08T10:46:39	8	8	2020	3314622	3314622	HUMAN_OBSERVATION	iNaturalist	Observations	55811602		Mical	2020-08-08T16:54:30	CC_BY_4_0	Mical	Mical			2025-01-14T13:12:28.545Z	StillImage	COORDINATE_ROUNDED;CONTINENT_DERIVED_FROM_COORDINATES;TAXON_MATCH_TAXON_ID_IGNORED
2818702439	50c9509d-22c7-4a22-a47d-8c48425ef4a7	https://www.inaturalist.org/observations/48644908	Fungi	Basidiomycota	Agaricomycetes	Auriculariales		Ductifera	Ductifera pululahuana		SPECIES	Ductifera pululahuana (Pat.) Donk	Ductifera pululahuana		CA		Québec	PRESENT		28eb1a3f-1c15-4a95-931a-4af90ecb574d	45.517055	-73.74018	10.0						2020-06-06T09:14:21	6	6	2020	3314622	3314622	HUMAN_OBSERVATION	iNaturalist	Observations	48644908		Mical	2020-06-06T13:19:51	CC_BY_4_0	Mical	Mical			2025-01-14T13:01:38.688Z	StillImage	CONTINENT_DERIVED_FROM_COORDINATES;TAXON_MATCH_TAXON_ID_IGNORED
2423613761	21705170-d2b6-42de-8904-c3bca4b83591	CMMF020509	Fungi	Basidiomycota	Agaricomycetes	Auriculariales		Ductifera	Ductifera pululahuana		SPECIES	Ductifera pululahuana (Pat.) Donk	Ductifera pululahuana (Pat.) Donk	(Pat.) Donk	CA	Cap St-Jacques (1)	Quebec	PRESENT		ff7bd5db-b724-4932-b496-10ea298851f9	45.469103	-73.928955	500.0						1980-06-03	3	6	1980	3314622	3314622	PRESERVED_SPECIMEN	Université de Montréal Biodiversity Centre	CMMF	CMMF020509	1980-26	McNeil, Raymond		CC0_1_0	Université de Montréal Biodiversity Centre	Haméon, G.			2024-01-24T16:38:15.960Z		INSTITUTION_MATCH_FUZZY;COLLECTION_MATCH_FUZZY;DIFFERENT_OWNER_INSTITUTION
2423613107	21705170-d2b6-42de-8904-c3bca4b83591	CMMF020510	Fungi	Basidiomycota	Agaricomycetes	Auriculariales		Ductifera	Ductifera pululahuana		SPECIES	Ductifera pululahuana (Pat.) Donk	Ductifera pululahuana (Pat.) Donk	(Pat.) Donk	CA	Cap St-Jacques (1)	Quebec	PRESENT		ff7bd5db-b724-4932-b496-10ea298851f9	45.469103	-73.928955	500.0						1980-06-25	25	6	1980	3314622	3314622	PRESERVED_SPECIMEN	Université de Montréal Biodiversity Centre	CMMF	CMMF020510	1980-26c	McNeil, Raymond		CC0_1_0	Université de Montréal Biodiversity Centre	Haméon, G.			2024-01-24T16:38:15.955Z		INSTITUTION_MATCH_FUZZY;COLLECTION_MATCH_FUZZY;DIFFERENT_OWNER_INSTITUTION
1807258260	e8a25a42-f125-476c-8554-3ec21cd51a84	ACAD:114816	Fungi	Basidiomycota	Agaricomycetes	Auriculariales		Ductifera	Ductifera pululahuana		SPECIES	Gloeotromera alba (Lloyd) Ervin	Gloeotromera alba (Lloyd) Ervin	(Lloyd) Ervin	CA	Kentville	Nova Scotia	PRESENT		6491ad8c-8e49-4bd4-a089-0ddb3bbe0890	45.07662	-64.49592							1951-10-15	15	10	1951	2553976	3314622	PRESERVED_SPECIMEN	Acadia University	ACAD	6256F		Creelman, D		CC0_1_0	Acadia University	Harrison, KA			2024-01-25T01:37:14.981Z	StillImage	GEODETIC_DATUM_INVALID;GEODETIC_DATUM_ASSUMED_WGS84;TAXON_MATCH_TAXON_ID_IGNORED;INSTITUTION_MATCH_FUZZY;COLLECTION_MATCH_FUZZY
1807258066	e8a25a42-f125-476c-8554-3ec21cd51a84	ACAD:114810	Fungi	Basidiomycota	Agaricomycetes	Auriculariales		Ductifera	Ductifera pululahuana		SPECIES	Gloeotromera alba (Lloyd) Ervin	Gloeotromera alba (Lloyd) Ervin	(Lloyd) Ervin	CA	Kentville	Nova Scotia	PRESENT		6491ad8c-8e49-4bd4-a089-0ddb3bbe0890	45.07662	-64.49592							1952-11-26	26	11	1952	2553976	3314622	PRESERVED_SPECIMEN	Acadia University	ACAD	6250F				CC0_1_0	Acadia University	Creelman, D			2024-01-25T01:37:14.981Z	StillImage	GEODETIC_DATUM_INVALID;GEODETIC_DATUM_ASSUMED_WGS84;TAXON_MATCH_TAXON_ID_IGNORED;INSTITUTION_MATCH_FUZZY;COLLECTION_MATCH_FUZZY
1807257866	e8a25a42-f125-476c-8554-3ec21cd51a84	ACAD:114490	Fungi	Basidiomycota	Agaricomycetes	Auriculariales		Ductifera	Ductifera pululahuana		SPECIES	Gloeotromera alba (Lloyd) Ervin	Gloeotromera alba (Lloyd) Ervin	(Lloyd) Ervin	CA	Kentville	Nova Scotia	PRESENT		6491ad8c-8e49-4bd4-a089-0ddb3bbe0890	45.07662	-64.49592							1953-04-07	7	4	1953	2553976	3314622	PRESERVED_SPECIMEN	Acadia University	ACAD	5706F				CC0_1_0	Acadia University	H, KA			2024-01-25T01:37:14.104Z	StillImage	GEODETIC_DATUM_INVALID;GEODETIC_DATUM_ASSUMED_WGS84;TAXON_MATCH_TAXON_ID_IGNORED;INSTITUTION_MATCH_FUZZY;COLLECTION_MATCH_FUZZY
1807255593	e8a25a42-f125-476c-8554-3ec21cd51a84	ACAD:112344	Fungi	Basidiomycota	Agaricomycetes	Auriculariales		Ductifera	Ductifera pululahuana		SPECIES	Gloeotromera alba (Lloyd) Ervin	Gloeotromera alba (Lloyd) Ervin	(Lloyd) Ervin	CA	Canaan	Nova Scotia	PRESENT		6491ad8c-8e49-4bd4-a089-0ddb3bbe0890	45.03173	-64.48681							1952-11-26	26	11	1952	2553976	3314622	PRESERVED_SPECIMEN	Acadia University	ACAD	2082CF	2082			CC0_1_0	Acadia University	H, KA			2024-01-25T01:37:05.789Z	StillImage	GEODETIC_DATUM_INVALID;GEODETIC_DATUM_ASSUMED_WGS84;TAXON_MATCH_TAXON_ID_IGNORED;INSTITUTION_MATCH_FUZZY;COLLECTION_MATCH_FUZZY
1807255551	e8a25a42-f125-476c-8554-3ec21cd51a84	ACAD:112346	Fungi	Basidiomycota	Agaricomycetes	Auriculariales		Ductifera	Ductifera pululahuana		SPECIES	Gloeotromera alba (Lloyd) Ervin	Gloeotromera alba (Lloyd) Ervin	(Lloyd) Ervin	CA	(Kentville)	Nova Scotia	PRESENT		6491ad8c-8e49-4bd4-a089-0ddb3bbe0890	45.07662	-64.49592							1952-10-31	31	10	1952	2553976	3314622	PRESERVED_SPECIMEN	Acadia University	ACAD	2083BF	2083			CC0_1_0	Acadia University	H, KA			2024-01-25T01:37:05.787Z	StillImage	GEODETIC_DATUM_INVALID;GEODETIC_DATUM_ASSUMED_WGS84;TAXON_MATCH_TAXON_ID_IGNORED;INSTITUTION_MATCH_FUZZY;COLLECTION_MATCH_FUZZY
1412709023	21705170-d2b6-42de-8904-c3bca4b83591	CMMF017455	Fungi	Basidiomycota	Agaricomycetes	Auriculariales		Ductifera	Ductifera pululahuana		SPECIES	Ductifera pululahuana (Pat.) Donk	Ductifera pululahuana (Pat.) Donk	(Pat.) Donk	CA	Cap Saint-Jacques, Québec.	Québec	PRESENT		ff7bd5db-b724-4932-b496-10ea298851f9	45.465391	-73.920995	4000.0						1981-06-17	17	6	1981	3314622	3314622	PRESERVED_SPECIMEN	Université de Montréal Biodiversity Centre	CMMF	CMMF017455	1981-24	McNeil, Raymond		CC0_1_0	Université de Montréal Biodiversity Centre	Cyr, A.			2024-01-24T16:38:15.750Z		INSTITUTION_MATCH_FUZZY;COLLECTION_MATCH_FUZZY;DIFFERENT_OWNER_INSTITUTION
1412708669	21705170-d2b6-42de-8904-c3bca4b83591	CMMF017224	Fungi	Basidiomycota	Agaricomycetes	Auriculariales		Ductifera	Ductifera pululahuana		SPECIES	Ductifera pululahuana (Pat.) Donk	Ductifera pululahuana (Pat.) Donk	(Pat.) Donk	CA	Cap Saint-Jacques, Québec.	Québec	PRESENT		ff7bd5db-b724-4932-b496-10ea298851f9	45.465391	-73.920995	4000.0						1981-06-26	26	6	1981	3314622	3314622	PRESERVED_SPECIMEN	Université de Montréal Biodiversity Centre	CMMF	CMMF017224	1981-56	McNeil, Raymond		CC0_1_0	Université de Montréal Biodiversity Centre	Cyr, A.			2024-01-24T16:38:14.834Z		INSTITUTION_MATCH_FUZZY;COLLECTION_MATCH_FUZZY;DIFFERENT_OWNER_INSTITUTION
1412707189	21705170-d2b6-42de-8904-c3bca4b83591	CMMF015714	Fungi	Basidiomycota	Agaricomycetes	Auriculariales		Ductifera	Ductifera pululahuana		SPECIES	Ductifera pululahuana (Pat.) Donk	Ductifera pululahuana (Pat.) Donk	(Pat.) Donk	CA	Saint-Ubalde, Québec.	Québec	PRESENT		ff7bd5db-b724-4932-b496-10ea298851f9	46.799305	-72.267036	10000.0						1997-08-31	31	8	1997	3314622	3314622	PRESERVED_SPECIMEN	Université de Montréal Biodiversity Centre	CMMF	CMMF015714	464	Guérin, Gérard		CC0_1_0	Université de Montréal Biodiversity Centre	Guérin, Gérard			2024-01-24T16:38:16.425Z	StillImage	INSTITUTION_MATCH_FUZZY;COLLECTION_MATCH_FUZZY;DIFFERENT_OWNER_INSTITUTION
1135068121	21705170-d2b6-42de-8904-c3bca4b83591	CMMF006675	Fungi	Basidiomycota	Agaricomycetes	Auriculariales		Ductifera	Ductifera pululahuana		SPECIES	Ductifera pululahuana (Pat.) Donk	Ductifera pululahuana (Pat.) Donk	(Pat.) Donk	CA	Montréal (Parc du Cap St-Jacques)	Québec	PRESENT		ff7bd5db-b724-4932-b496-10ea298851f9	45.481667	-73.931667	100.0						1980-06-05	5	6	1980	3314622	3314622	PRESERVED_SPECIMEN	Université de Montréal Biodiversity Centre	CMMF	CMMF006675	555	McNeil, Raymond		CC0_1_0	Université de Montréal Biodiversity Centre	McNeil, Raymond			2024-01-24T16:38:18.456Z	StillImage	COORDINATE_ROUNDED;INSTITUTION_MATCH_FUZZY;COLLECTION_MATCH_FUZZY;DIFFERENT_OWNER_INSTITUTION
