gbifID	datasetKey	occurrenceID	kingdom	phylum	class	order	family	genus	species	infraspecificEpithet	taxonRank	scientificName	verbatimScientificName	verbatimScientificNameAuthorship	countryCode	locality	stateProvince	occurrenceStatus	individualCount	publishingOrgKey	decimalLatitude	decimalLongitude	coordinateUncertaintyInMeters	coordinatePrecision	elevation	elevationAccuracy	depth	depthAccuracy	eventDate	day	month	year	taxonKey	speciesKey	basisOfRecord	institutionCode	collectionCode	catalogNumber	recordNumber	identifiedBy	dateIdentified	license	rightsHolder	recordedBy	typeStatus	establishmentMeans	lastInterpreted	mediaType	issue
617555529	21705170-d2b6-42de-8904-c3bca4b83591	CMMF000849	Fungi	Basidiomycota	Agaricomycetes	Russulales	Russulaceae	Lactarius	Lactarius rufus		SPECIES	Lactarius rufus (Scop.) Fr.	Lactarius rufus (Scop.) Fr.	(Scop.) Fr.	CA	Lachute	Québec	PRESENT		ff7bd5db-b724-4932-b496-10ea298851f9	45.664878	-74.292134	8500.0						1989-09-24	24	9	1989	5248684	5248684	PRESERVED_SPECIMEN	Université de Montréal Biodiversity Centre	CMMF	CMMF000849		Lamoureux, Yves		CC0_1_0	Université de Montréal Biodiversity Centre	Lamoureux, Yves			2024-01-24T16:38:21.565Z	StillImage	INSTITUTION_MATCH_FUZZY;COLLECTION_MATCH_FUZZY;DIFFERENT_OWNER_INSTITUTION
617553705	21705170-d2b6-42de-8904-c3bca4b83591	CMMF000372	Fungi	Basidiomycota	Agaricomycetes	Russulales	Russulaceae	Lactarius	Lactarius rufus		SPECIES	Lactarius rufus (Scop.) Fr.	Lactarius rufus (Scop.) Fr.	(Scop.) Fr.	CA	Lachute	Québec	PRESENT		ff7bd5db-b724-4932-b496-10ea298851f9	45.664878	-74.292134	8500.0						1988-09-21	21	9	1988	5248684	5248684	PRESERVED_SPECIMEN	Université de Montréal Biodiversity Centre	CMMF	CMMF000372		Lamoureux, Yves		CC0_1_0	Université de Montréal Biodiversity Centre	Lamoureux, Yves			2024-01-24T16:38:20.812Z	StillImage	INSTITUTION_MATCH_FUZZY;COLLECTION_MATCH_FUZZY;DIFFERENT_OWNER_INSTITUTION
617552706	21705170-d2b6-42de-8904-c3bca4b83591	CMMF003280	Fungi	Basidiomycota	Agaricomycetes	Russulales	Russulaceae	Lactarius	Lactarius rufus		SPECIES	Lactarius rufus (Scop.) Fr.	Lactarius rufus (Scop.) Fr.	(Scop.) Fr.	CA	Lachute	Québec	PRESENT		ff7bd5db-b724-4932-b496-10ea298851f9	45.664878	-74.292134	8500.0						1998-09-09	9	9	1998	5248684	5248684	PRESERVED_SPECIMEN	Université de Montréal Biodiversity Centre	CMMF	CMMF003280		Lamoureux, Yves		CC0_1_0	Université de Montréal Biodiversity Centre	Lamoureux, Yves			2024-01-24T16:38:17.044Z	StillImage	INSTITUTION_MATCH_FUZZY;COLLECTION_MATCH_FUZZY;DIFFERENT_OWNER_INSTITUTION
4417152393	50c9509d-22c7-4a22-a47d-8c48425ef4a7	https://www.inaturalist.org/observations/184987810	Fungi	Basidiomycota	Agaricomycetes	Russulales	Russulaceae	Lactarius	Lactarius rufus		SPECIES	Lactarius rufus (Scop.) Fr.	Lactarius rufus		CA		Québec	PRESENT		28eb1a3f-1c15-4a95-931a-4af90ecb574d	46.183484	-70.669921	18743.0						2023-09-14T15:16:01	14	9	2023	5248684	5248684	HUMAN_OBSERVATION	iNaturalist	Observations	184987810		bourgaultl4	2023-09-26T13:25:23	CC_BY_NC_4_0	bourgaultl4	bourgaultl4			2025-01-14T13:33:33.196Z	StillImage	COORDINATE_ROUNDED;CONTINENT_DERIVED_FROM_COORDINATES;TAXON_MATCH_TAXON_ID_IGNORED
4104560671	5a6538b8-e35c-46c4-8978-6858a657a75f	c1a741fd-e1ac-4eeb-9e25-1cf1087cbe0b	Fungi	Basidiomycota	Agaricomycetes	Russulales	Russulaceae	Lactarius	Lactarius rufus		SPECIES	Lactarius rufus (Scop.) Fr.	Lactarius rufus	(Scop.) Fr.	CA	La Verendrye Park	Quebec	PRESENT		a26dde42-dd82-4d07-a763-353ab27fc02c	46.783333	-76.25	301.0						1965-09-16	16	9	1965	5248684	5248684	PRESERVED_SPECIMEN	CUP		CUP-055940	65-111	J. W. Groves		CC0_1_0		J. W. Groves			2025-01-15T04:26:05.359Z	StillImage	GEODETIC_DATUM_ASSUMED_WGS84;CONTINENT_DERIVED_FROM_COORDINATES;TAXON_MATCH_TAXON_ID_IGNORED;COLLECTION_MATCH_NONE;INSTITUTION_MATCH_FUZZY
4104557495	5a6538b8-e35c-46c4-8978-6858a657a75f	3b1da0e3-7a7b-4e02-8a30-539c0dfeea3d	Fungi	Basidiomycota	Agaricomycetes	Russulales	Russulaceae	Lactarius	Lactarius rufus		SPECIES	Lactarius rubescens (Sacc.) Britzelm.	Lactarius rubescens	(Sacc.) Britzelm.	CA	Sackville	New Brunswick	PRESENT		a26dde42-dd82-4d07-a763-353ab27fc02c	45.883333	-64.35	7470.0						1902-10-16	16	10	1902	7809523	5248684	PRESERVED_SPECIMEN	CUP		CUP-A-018304		Atkinson, George		CC0_1_0		Gates, Reginald			2025-01-15T04:26:00.426Z	StillImage	GEODETIC_DATUM_ASSUMED_WGS84;CONTINENT_DERIVED_FROM_COORDINATES;TAXON_MATCH_TAXON_ID_IGNORED;COLLECTION_MATCH_NONE;INSTITUTION_MATCH_FUZZY
4104432522	5a6538b8-e35c-46c4-8978-6858a657a75f	2ded7459-05d2-4d47-b588-f4c07a419008	Fungi	Basidiomycota	Agaricomycetes	Russulales	Russulaceae	Lactarius	Lactarius rufus		SPECIES	Lactarius rufus (Scop.) Fr.	Lactarius rufus	(Scop.) Fr.	CA	Sackville	New Brunswick	PRESENT		a26dde42-dd82-4d07-a763-353ab27fc02c	45.883333	-64.35	7470.0						1902-10-16	16	10	1902	5248684	5248684	PRESERVED_SPECIMEN	CUP		CUP-A-018302		Atkinson, George		CC0_1_0		Gates, Reginald			2025-01-15T04:26:00.299Z	StillImage	GEODETIC_DATUM_ASSUMED_WGS84;CONTINENT_DERIVED_FROM_COORDINATES;TAXON_MATCH_TAXON_ID_IGNORED;COLLECTION_MATCH_NONE;INSTITUTION_MATCH_FUZZY
4104430716	5a6538b8-e35c-46c4-8978-6858a657a75f	fb55bf1c-654c-4aa6-97f6-a02780776d08	Fungi	Basidiomycota	Agaricomycetes	Russulales	Russulaceae	Lactarius	Lactarius rufus		SPECIES	Lactarius rufus (Scop.) Fr.	Lactarius rufus	(Scop.) Fr.	CA	La Verendrye Park	Quebec	PRESENT		a26dde42-dd82-4d07-a763-353ab27fc02c	46.783333	-76.25	301.0						1965-09-16	16	9	1965	5248684	5248684	PRESERVED_SPECIMEN	CUP		CUP-055941	65-111	J. W. Groves		CC0_1_0		J. W. Groves			2025-01-15T04:26:06.145Z	StillImage	GEODETIC_DATUM_ASSUMED_WGS84;CONTINENT_DERIVED_FROM_COORDINATES;TAXON_MATCH_TAXON_ID_IGNORED;COLLECTION_MATCH_NONE;INSTITUTION_MATCH_FUZZY
4099929416	d1a3b128-b406-46bb-a6d1-f3591dcc8a7b	8e3b9ed0-fbeb-4747-b53d-33ee239da3cb	Fungi	Basidiomycota	Agaricomycetes	Russulales	Russulaceae	Lactarius	Lactarius rufus		SPECIES	Lactarius boughtonii Peck	Lactarius boughtonii	Peck	CA	Mer Bleue	Ontario	PRESENT		e43cf4b8-849e-4fac-b075-e652d019d2cf	45.400833	-75.499722	301.0						1957-08-15	15	8	1957	5463111	5248684	PRESERVED_SPECIMEN	BPI		BPI 758935		Groves, J. W.		CC0_1_0		Groves, J. W.; Pantidou, M.			2025-01-15T04:59:41.093Z		GEODETIC_DATUM_ASSUMED_WGS84;CONTINENT_DERIVED_FROM_COORDINATES;TAXON_MATCH_TAXON_ID_IGNORED;INSTITUTION_MATCH_FUZZY
4099454427	d1a3b128-b406-46bb-a6d1-f3591dcc8a7b	3ce51e75-7b62-4c8e-9644-435c45f56eb4	Fungi	Basidiomycota	Agaricomycetes	Russulales	Russulaceae	Lactarius	Lactarius rufus		SPECIES	Lactarius boughtonii Peck	Lactarius boughtonii	Peck	CA	Mer Bleue near Hawthorne among sphagnum	Ontario	PRESENT		e43cf4b8-849e-4fac-b075-e652d019d2cf	45.393611	-75.600278	301.0						1955-09-27	27	9	1955	5463111	5248684	PRESERVED_SPECIMEN	BPI		BPI 758934		Groves, J. W.		CC0_1_0		Groves, J. W.; Shoemaker, R. A.			2025-01-15T04:59:41.837Z		GEODETIC_DATUM_ASSUMED_WGS84;CONTINENT_DERIVED_FROM_COORDINATES;TAXON_MATCH_TAXON_ID_IGNORED;INSTITUTION_MATCH_FUZZY
4023673455	fb9d7c38-5759-4c30-9e09-5b6bd43f78a6	http://id.luomus.fi/MY.12443741	Fungi	Basidiomycota	Agaricomycetes	Russulales	Russulaceae	Lactarius	Lactarius rufus		SPECIES	Lactarius rufus (Scop.) Fr.	Lactarius rufus (Scop.:Fr.) Fr.		CA	La Verendrye Park	Quebec	PRESENT		04fd2e13-6881-4e5c-9dd1-8fdd9ab993c1	47.03	-76.53							1965-09-16T00:00Z	16	9	1965	5248684	5248684	PRESERVED_SPECIMEN	H		http://id.luomus.fi/HA.H7076273	J.W. Groves 65-111			CC_BY_4_0		Groves, J. W.			2025-01-17T02:41:20.162Z		CONTINENT_DERIVED_FROM_COORDINATES;TAXON_MATCH_TAXON_ID_IGNORED;COLLECTION_MATCH_NONE;INSTITUTION_MATCH_FUZZY
4023664407	fb9d7c38-5759-4c30-9e09-5b6bd43f78a6	http://id.luomus.fi/MY.12183025	Fungi	Basidiomycota	Agaricomycetes	Russulales	Russulaceae	Lactarius	Lactarius rufus		SPECIES	Lactarius rufus (Scop.) Fr.	Lactarius rufus (Scop.:Fr.) Fr.		CA	Near Hawthorne, Mer Bleue	Ontario	PRESENT		04fd2e13-6881-4e5c-9dd1-8fdd9ab993c1	45.4	-75.5							1955-09-27T00:00Z	27	9	1955	5248684	5248684	PRESERVED_SPECIMEN	H		http://id.luomus.fi/HA.H7074948				CC_BY_4_0		Shoemaker, R. A.;Groves, J. W.			2025-01-17T02:41:17.484Z		CONTINENT_DERIVED_FROM_COORDINATES;TAXON_MATCH_TAXON_ID_IGNORED;COLLECTION_MATCH_NONE;INSTITUTION_MATCH_FUZZY
4023664392	fb9d7c38-5759-4c30-9e09-5b6bd43f78a6	http://id.luomus.fi/MY.12183029	Fungi	Basidiomycota	Agaricomycetes	Russulales	Russulaceae	Lactarius	Lactarius rufus		SPECIES	Lactarius rufus (Scop.) Fr.	Lactarius rufus (Scop.:Fr.) Fr.		CA	Mer Bleue	Ontario	PRESENT		04fd2e13-6881-4e5c-9dd1-8fdd9ab993c1	45.4	-75.5							1957-08-15T00:00Z	15	8	1957	5248684	5248684	PRESERVED_SPECIMEN	H		http://id.luomus.fi/HA.H7074949				CC_BY_4_0		Groves, J. W.;Pantidou, Maria			2025-01-17T02:41:17.478Z		CONTINENT_DERIVED_FROM_COORDINATES;TAXON_MATCH_TAXON_ID_IGNORED;COLLECTION_MATCH_NONE;INSTITUTION_MATCH_FUZZY
4023662048	fb9d7c38-5759-4c30-9e09-5b6bd43f78a6	http://id.luomus.fi/MY.3699222	Fungi	Basidiomycota	Agaricomycetes	Russulales	Russulaceae	Lactarius	Lactarius rufus		SPECIES	Lactarius rufus (Scop.) Fr.	Lactarius rufus (Scop.:Fr.) Fr.		CA	La Vérendrye Park	Quebec	PRESENT		04fd2e13-6881-4e5c-9dd1-8fdd9ab993c1	47.033333	-76.533333							1963-09-12T00:00Z	12	9	1963	5248684	5248684	PRESERVED_SPECIMEN	H		http://id.luomus.fi/HA.H7035929		Groves, J.W.		CC_BY_4_0		Elliott, M. E.			2025-01-17T02:41:16.292Z		CONTINENT_DERIVED_FROM_COORDINATES;TAXON_MATCH_TAXON_ID_IGNORED;COLLECTION_MATCH_NONE;INSTITUTION_MATCH_FUZZY
4018243307	50c9509d-22c7-4a22-a47d-8c48425ef4a7	https://www.inaturalist.org/observations/9577718	Fungi	Basidiomycota	Agaricomycetes	Russulales	Russulaceae	Lactarius	Lactarius rufus		SPECIES	Lactarius rufus (Scop.) Fr.	Lactarius rufus		CA		Ontario	PRESENT		28eb1a3f-1c15-4a95-931a-4af90ecb574d	45.69085	-78.32155	84661.0						2014-09-22	22	9	2014	5248684	5248684	HUMAN_OBSERVATION	iNaturalist	Observations	9577718		mycowalt	2018-01-23T19:32:53	CC_BY_NC_4_0	mycowalt	mycowalt			2025-01-14T12:59:47.668Z	StillImage	CONTINENT_DERIVED_FROM_COORDINATES;TAXON_MATCH_TAXON_ID_IGNORED
3351911298	d8cd16ba-bb74-4420-821e-083f2bac17c2	MN992614	Fungi	Basidiomycota	Agaricomycetes	Russulales	Russulaceae	Lactarius	Lactarius rufus		SPECIES	Lactarius rufus (Scop.) Fr.	Lactarius rufus		CA	Quebec, Chibougamau		PRESENT		ada9d123-ddb4-467d-8891-806ea8d94230	49.76	-74.36							2017-09-05	5	9	2017	5248684	5248684	PRESERVED_SPECIMEN			MQ17028-QFB29536		Renee Lebeuf		CC_BY_4_0					2025-01-18T13:06:00.504Z		GEODETIC_DATUM_ASSUMED_WGS84;CONTINENT_DERIVED_FROM_COORDINATES;TAXON_MATCH_TAXON_CONCEPT_ID_IGNORED;TAXON_MATCH_TAXON_ID_IGNORED
3351724623	d8cd16ba-bb74-4420-821e-083f2bac17c2	MN992613	Fungi	Basidiomycota	Agaricomycetes	Russulales	Russulaceae	Lactarius	Lactarius rufus		SPECIES	Lactarius rufus (Scop.) Fr.	Lactarius rufus		CA	Quebec, Chibougamau		PRESENT		ada9d123-ddb4-467d-8891-806ea8d94230	49.76	-74.36							2017-09-05	5	9	2017	5248684	5248684	PRESERVED_SPECIMEN			MQ17044-QFB29552		Pauline Dube		CC_BY_4_0					2025-01-18T13:04:48.455Z		GEODETIC_DATUM_ASSUMED_WGS84;CONTINENT_DERIVED_FROM_COORDINATES;TAXON_MATCH_TAXON_CONCEPT_ID_IGNORED;TAXON_MATCH_TAXON_ID_IGNORED
3349387551	d8cd16ba-bb74-4420-821e-083f2bac17c2	MN992443	Fungi	Basidiomycota	Agaricomycetes	Russulales	Russulaceae	Lactarius	Lactarius rufus		SPECIES	Lactarius rufus (Scop.) Fr.	Lactarius rufus		CA	Quebec, Anticosti		PRESENT		ada9d123-ddb4-467d-8891-806ea8d94230	49.87	-64.43							2015-09-10	10	9	2015	5248684	5248684	PRESERVED_SPECIMEN			ANT286-QFB28807		Herman Lambert		CC_BY_4_0					2025-01-18T13:05:50.793Z		GEODETIC_DATUM_ASSUMED_WGS84;CONTINENT_DERIVED_FROM_COORDINATES;TAXON_MATCH_TAXON_CONCEPT_ID_IGNORED;TAXON_MATCH_TAXON_ID_IGNORED
2802538348	50c9509d-22c7-4a22-a47d-8c48425ef4a7	https://www.inaturalist.org/observations/15709110	Fungi	Basidiomycota	Agaricomycetes	Russulales	Russulaceae	Lactarius	Lactarius rufus		SPECIES	Lactarius rufus (Scop.) Fr.	Lactarius rufus		CA		New Brunswick	PRESENT		28eb1a3f-1c15-4a95-931a-4af90ecb574d	46.121673	-64.563977	508.0						2018-08-19T10:30	19	8	2018	5248684	5248684	HUMAN_OBSERVATION	iNaturalist	Observations	15709110		Raymonde G Chartier	2020-04-15T23:43:58	CC_BY_NC_4_0	Nick Belliveau	Nick Belliveau			2025-01-14T13:01:18.255Z	StillImage	COORDINATE_ROUNDED;CONTINENT_DERIVED_FROM_COORDINATES;TAXON_MATCH_TAXON_ID_IGNORED
2397465347	50c9509d-22c7-4a22-a47d-8c48425ef4a7	https://www.inaturalist.org/observations/21091559	Fungi	Basidiomycota	Agaricomycetes	Russulales	Russulaceae	Lactarius	Lactarius rufus		SPECIES	Lactarius rufus (Scop.) Fr.	Lactarius rufus		CA		Ontario	PRESENT		28eb1a3f-1c15-4a95-931a-4af90ecb574d	45.362617	-76.024372	122.0						2018-10-20T16:01	20	10	2018	5248684	5248684	HUMAN_OBSERVATION	iNaturalist	Observations	21091559		Serguei Ponomarenko	2019-03-09T21:47:22	CC_BY_NC_4_0	Serguei Ponomarenko	Serguei Ponomarenko			2025-01-14T13:00:53.566Z	StillImage	COORDINATE_ROUNDED;CONTINENT_DERIVED_FROM_COORDINATES;TAXON_MATCH_TAXON_ID_IGNORED
1847647418	50c9509d-22c7-4a22-a47d-8c48425ef4a7	https://www.inaturalist.org/observations/9595234	Fungi	Basidiomycota	Agaricomycetes	Russulales	Russulaceae	Lactarius	Lactarius rufus		SPECIES	Lactarius rufus (Scop.) Fr.	Lactarius rufus		CA		Ontario	PRESENT		28eb1a3f-1c15-4a95-931a-4af90ecb574d	45.69085	-78.32155	84661.0						2017-09-22	22	9	2017	5248684	5248684	HUMAN_OBSERVATION	iNaturalist	Observations	9595234		mycowalt	2018-01-24T03:42:31	CC_BY_NC_4_0	mycowalt	mycowalt			2025-01-14T12:57:42.217Z	StillImage	CONTINENT_DERIVED_FROM_COORDINATES;TAXON_MATCH_TAXON_ID_IGNORED
1847646570	50c9509d-22c7-4a22-a47d-8c48425ef4a7	https://www.inaturalist.org/observations/9590814	Fungi	Basidiomycota	Agaricomycetes	Russulales	Russulaceae	Lactarius	Lactarius rufus		SPECIES	Lactarius rufus (Scop.) Fr.	Lactarius rufus		CA		Ontario	PRESENT		28eb1a3f-1c15-4a95-931a-4af90ecb574d	45.69085	-78.32155	84661.0						2015-09-14	14	9	2015	5248684	5248684	HUMAN_OBSERVATION	iNaturalist	Observations	9590814		mycowalt	2018-01-23T22:47:10	CC_BY_NC_4_0	mycowalt	mycowalt			2025-01-14T12:58:08.551Z	StillImage	CONTINENT_DERIVED_FROM_COORDINATES;TAXON_MATCH_TAXON_ID_IGNORED
1847644851	50c9509d-22c7-4a22-a47d-8c48425ef4a7	https://www.inaturalist.org/observations/9572107	Fungi	Basidiomycota	Agaricomycetes	Russulales	Russulaceae	Lactarius	Lactarius rufus		SPECIES	Lactarius rufus (Scop.) Fr.	Lactarius rufus		CA		Ontario	PRESENT		28eb1a3f-1c15-4a95-931a-4af90ecb574d	45.5794	-78.51955	385.0						2012-09-24	24	9	2012	5248684	5248684	HUMAN_OBSERVATION	iNaturalist	Observations	9572107		mycowalt	2018-01-23T07:56:36	CC_BY_NC_4_0	mycowalt	mycowalt			2025-01-14T13:00:14.229Z	StillImage	CONTINENT_DERIVED_FROM_COORDINATES;TAXON_MATCH_TAXON_ID_IGNORED
1412709592	21705170-d2b6-42de-8904-c3bca4b83591	CMMF018061	Fungi	Basidiomycota	Agaricomycetes	Russulales	Russulaceae	Lactarius	Lactarius rufus		SPECIES	Lactarius rufus (Scop.) Fr.	Lactarius rufus (Scop.) Fr.	(Scop.) Fr.	CA	Entre le lac Croche et le chemin, début du chemin du lac Geai, Station de biologie des Laurentides, Saint-Hippolyte, Québec.	Québec	PRESENT		ff7bd5db-b724-4932-b496-10ea298851f9	45.990692	-74.002148	500.0						1977-08-24	24	8	1977	5248684	5248684	PRESERVED_SPECIMEN	Université de Montréal Biodiversity Centre	CMMF	CMMF018061	78	Neumann, Peterjurgen; R., S.		CC0_1_0	Université de Montréal Biodiversity Centre	Neumann, Peterjurgen; R., S.			2024-01-24T16:38:17.934Z		INSTITUTION_MATCH_FUZZY;COLLECTION_MATCH_FUZZY;DIFFERENT_OWNER_INSTITUTION
1412709545	21705170-d2b6-42de-8904-c3bca4b83591	CMMF018028	Fungi	Basidiomycota	Agaricomycetes	Russulales	Russulaceae	Lactarius	Lactarius rufus		SPECIES	Lactarius rufus (Scop.) Fr.	Lactarius rufus (Scop.) Fr.	(Scop.) Fr.	CA	Autour du lac Triton, Station de biologie des Laurentides, Saint-Hippolyte, Québec.	Québec	PRESENT		ff7bd5db-b724-4932-b496-10ea298851f9	45.987784	-74.007871	250.0						1977-08-08	8	8	1977	5248684	5248684	PRESERVED_SPECIMEN	Université de Montréal Biodiversity Centre	CMMF	CMMF018028	53	B., A.M.; T., A.; R., S.		CC0_1_0	Université de Montréal Biodiversity Centre	B., A.M.; T., A.; R., S.			2024-01-24T16:38:17.932Z		INSTITUTION_MATCH_FUZZY;COLLECTION_MATCH_FUZZY;DIFFERENT_OWNER_INSTITUTION
1412703231	21705170-d2b6-42de-8904-c3bca4b83591	CMMF011725	Fungi	Basidiomycota	Agaricomycetes	Russulales	Russulaceae	Lactarius	Lactarius rufus		SPECIES	Lactarius rufus (Scop.) Fr.	Lactarius rufus (Scop.) Fr.	(Scop.) Fr.	CA	Sainte-Irène, Matapédia, Québec.	Québec	PRESENT		ff7bd5db-b724-4932-b496-10ea298851f9	48.434787	-67.590575	8000.0						1972-08-21	21	8	1972	5248684	5248684	PRESERVED_SPECIMEN	Université de Montréal Biodiversity Centre	CMMF	CMMF011725	33	Chamberland, C.A.		CC0_1_0	Université de Montréal Biodiversity Centre	Abud, Louise; Campagna, Elzéar			2024-01-24T16:38:18.282Z		INSTITUTION_MATCH_FUZZY;COLLECTION_MATCH_FUZZY;DIFFERENT_OWNER_INSTITUTION
1135071345	21705170-d2b6-42de-8904-c3bca4b83591	CMMF009962	Fungi	Basidiomycota	Agaricomycetes	Russulales	Russulaceae	Lactarius	Lactarius rufus		SPECIES	Lactarius rufus (Scop.) Fr.	Lactarius rufus (Scop.) Fr.	(Scop.) Fr.	CA	Rivière aux Pins, Sainte-Brigitte-de-Laval.	Québec	PRESENT		ff7bd5db-b724-4932-b496-10ea298851f9	47.002354	-71.193781	2000.0						2007-09-09	9	9	2007	5248684	5248684	PRESERVED_SPECIMEN	Université de Montréal Biodiversity Centre	CMMF	CMMF009962	1547	Labrecque, Jacqueline		CC0_1_0	Université de Montréal Biodiversity Centre	Labrecque, Jacqueline			2024-01-24T16:38:21.429Z		INSTITUTION_MATCH_FUZZY;COLLECTION_MATCH_FUZZY;DIFFERENT_OWNER_INSTITUTION
1135068311	21705170-d2b6-42de-8904-c3bca4b83591	CMMF006872	Fungi	Basidiomycota	Agaricomycetes	Russulales	Russulaceae	Lactarius	Lactarius rufus		SPECIES	Lactarius rufus (Scop.) Fr.	Lactarius rufus (Scop.) Fr.	(Scop.) Fr.	CA	Lachute	Québec	PRESENT		ff7bd5db-b724-4932-b496-10ea298851f9	45.66275	-74.241983	100.0						2004-09-20	20	9	2004	5248684	5248684	PRESERVED_SPECIMEN	Université de Montréal Biodiversity Centre	CMMF	CMMF006872	C2031	McNeil, Raymond		CC0_1_0	Université de Montréal Biodiversity Centre	McNeil, Raymond			2024-01-24T16:38:18.662Z	StillImage	COORDINATE_ROUNDED;INSTITUTION_MATCH_FUZZY;COLLECTION_MATCH_FUZZY;DIFFERENT_OWNER_INSTITUTION
1135068283	21705170-d2b6-42de-8904-c3bca4b83591	CMMF006865	Fungi	Basidiomycota	Agaricomycetes	Russulales	Russulaceae	Lactarius	Lactarius rufus		SPECIES	Lactarius rufus (Scop.) Fr.	Lactarius rufus (Scop.) Fr.	(Scop.) Fr.	CA	Lachute	Québec	PRESENT		ff7bd5db-b724-4932-b496-10ea298851f9	45.66275	-74.241983	100.0						1986-09-14	14	9	1986	5248684	5248684	PRESERVED_SPECIMEN	Université de Montréal Biodiversity Centre	CMMF	CMMF006865	1899	McNeil, Raymond		CC0_1_0	Université de Montréal Biodiversity Centre	McNeil, Raymond			2024-01-24T16:38:18.680Z	StillImage	COORDINATE_ROUNDED;INSTITUTION_MATCH_FUZZY;COLLECTION_MATCH_FUZZY;DIFFERENT_OWNER_INSTITUTION
1135067921	21705170-d2b6-42de-8904-c3bca4b83591	CMMF006476	Fungi	Basidiomycota	Agaricomycetes	Russulales	Russulaceae	Lactarius	Lactarius rufus		SPECIES	Lactarius rufus (Scop.) Fr.	Lactarius rufus (Scop.) Fr.	(Scop.) Fr.	CA	Saint-Lazare	Québec	PRESENT		ff7bd5db-b724-4932-b496-10ea298851f9	45.393333	-74.215833	100.0						2005-10-04	4	10	2005	5248684	5248684	PRESERVED_SPECIMEN	Université de Montréal Biodiversity Centre	CMMF	CMMF006476	Inexistant	McNeil, Raymond		CC0_1_0	Université de Montréal Biodiversity Centre	McNeil, Raymond			2024-01-24T16:38:19.160Z	StillImage	COORDINATE_ROUNDED;INSTITUTION_MATCH_FUZZY;COLLECTION_MATCH_FUZZY;DIFFERENT_OWNER_INSTITUTION
1135067886	21705170-d2b6-42de-8904-c3bca4b83591	CMMF006477	Fungi	Basidiomycota	Agaricomycetes	Russulales	Russulaceae	Lactarius	Lactarius rufus		SPECIES	Lactarius rufus (Scop.) Fr.	Lactarius rufus (Scop.) Fr.	(Scop.) Fr.	CA	Saint-Lazare	Québec	PRESENT		ff7bd5db-b724-4932-b496-10ea298851f9	45.393333	-74.215833	100.0						1977-09-22	22	9	1977	5248684	5248684	PRESERVED_SPECIMEN	Université de Montréal Biodiversity Centre	CMMF	CMMF006477	Inexistant	McNeil, Raymond		CC0_1_0	Université de Montréal Biodiversity Centre	McNeil, Raymond			2024-01-24T16:38:19.154Z	StillImage	COORDINATE_ROUNDED;INSTITUTION_MATCH_FUZZY;COLLECTION_MATCH_FUZZY;DIFFERENT_OWNER_INSTITUTION
