gbifID	datasetKey	occurrenceID	kingdom	phylum	class	order	family	genus	species	infraspecificEpithet	taxonRank	scientificName	verbatimScientificName	verbatimScientificNameAuthorship	countryCode	locality	stateProvince	occurrenceStatus	individualCount	publishingOrgKey	decimalLatitude	decimalLongitude	coordinateUncertaintyInMeters	coordinatePrecision	elevation	elevationAccuracy	depth	depthAccuracy	eventDate	day	month	year	taxonKey	speciesKey	basisOfRecord	institutionCode	collectionCode	catalogNumber	recordNumber	identifiedBy	dateIdentified	license	rightsHolder	recordedBy	typeStatus	establishmentMeans	lastInterpreted	mediaType	issue
617555725	21705170-d2b6-42de-8904-c3bca4b83591	CMMF000938	Fungi	Basidiomycota	Agaricomycetes	Agaricales	Hygrophoraceae	Hygrocybe	Hygrocybe chlorophana		SPECIES	Hygrocybe chlorophana (Fr.) Wünsche	Hygrocybe chlorophana (Fr.) Wünsche	(Fr.) Wünsche	CA	Laval	Québec	PRESENT		ff7bd5db-b724-4932-b496-10ea298851f9	45.609608	-73.705867	17500.0						1990-06-26	26	6	1990	2538630	2538630	PRESERVED_SPECIMEN	Université de Montréal Biodiversity Centre	CMMF	CMMF000938		Lamoureux, Yves		CC0_1_0	Université de Montréal Biodiversity Centre	Lamoureux, Yves			2024-01-24T16:38:21.630Z	StillImage	INSTITUTION_MATCH_FUZZY;COLLECTION_MATCH_FUZZY;DIFFERENT_OWNER_INSTITUTION
617554825	21705170-d2b6-42de-8904-c3bca4b83591	CMMF000535	Fungi	Basidiomycota	Agaricomycetes	Agaricales	Hygrophoraceae	Hygrocybe	Hygrocybe chlorophana		SPECIES	Hygrocybe chlorophana (Fr.) Wünsche	Hygrocybe chlorophana (Fr.) Wünsche	(Fr.) Wünsche	CA	Sainte-Marguerite-Station	Québec	PRESENT		ff7bd5db-b724-4932-b496-10ea298851f9	45.990446	-74.119788	3000.0						1989-07-02	2	7	1989	2538630	2538630	PRESERVED_SPECIMEN	Université de Montréal Biodiversity Centre	CMMF	CMMF000535		Lamoureux, Yves		CC0_1_0	Université de Montréal Biodiversity Centre	Lamoureux, Yves			2024-01-24T16:38:20.040Z	StillImage	INSTITUTION_MATCH_FUZZY;COLLECTION_MATCH_FUZZY;DIFFERENT_OWNER_INSTITUTION
617548909	21705170-d2b6-42de-8904-c3bca4b83591	CMMF001613	Fungi	Basidiomycota	Agaricomycetes	Agaricales	Hygrophoraceae	Hygrocybe	Hygrocybe chlorophana		SPECIES	Hygrocybe chlorophana (Fr.) Wünsche	Hygrocybe chlorophana (Fr.) Wünsche	(Fr.) Wünsche	CA	Saint-Bruno-de-Montarville	Québec	PRESENT		ff7bd5db-b724-4932-b496-10ea298851f9	45.526599	-73.344507	5500.0						1992-06-21	21	6	1992	2538630	2538630	PRESERVED_SPECIMEN	Université de Montréal Biodiversity Centre	CMMF	CMMF001613		Lamoureux, Yves		CC0_1_0	Université de Montréal Biodiversity Centre	Rocheleau, Louise			2024-01-24T16:38:17.679Z	StillImage	INSTITUTION_MATCH_FUZZY;COLLECTION_MATCH_FUZZY;DIFFERENT_OWNER_INSTITUTION
617547540	21705170-d2b6-42de-8904-c3bca4b83591	CMMF000101	Fungi	Basidiomycota	Agaricomycetes	Agaricales	Hygrophoraceae	Hygrocybe	Hygrocybe chlorophana		SPECIES	Hygrocybe chlorophana (Fr.) Wünsche	Hygrocybe chlorophana (Fr.) Wünsche	(Fr.) Wünsche	CA	Saint-Adolphe-d'Howard	Québec	PRESENT		ff7bd5db-b724-4932-b496-10ea298851f9	45.973194	-74.331714	4000.0						1988-07-24	24	7	1988	2538630	2538630	PRESERVED_SPECIMEN	Université de Montréal Biodiversity Centre	CMMF	CMMF000101		Sicard, Matthieu		CC0_1_0	Université de Montréal Biodiversity Centre	Sicard, Matthieu			2024-01-24T16:38:20.505Z	StillImage	INSTITUTION_MATCH_FUZZY;COLLECTION_MATCH_FUZZY;DIFFERENT_OWNER_INSTITUTION
4994643103	50c9509d-22c7-4a22-a47d-8c48425ef4a7	https://www.inaturalist.org/observations/254331091	Fungi	Basidiomycota	Agaricomycetes	Agaricales	Hygrophoraceae	Hygrocybe	Hygrocybe chlorophana		SPECIES	Hygrocybe chlorophana (Fr.) Wünsche	Hygrocybe chlorophana		CA		New Brunswick	PRESENT		28eb1a3f-1c15-4a95-931a-4af90ecb574d	46.806131	-66.579753							2022-08-13T09:38	13	8	2022	2538630	2538630	HUMAN_OBSERVATION	iNaturalist	Observations	254331091		David Malloch	2024-12-06T20:33:22	CC_BY_NC_4_0	David Malloch	David Malloch			2025-01-14T12:56:13.115Z	StillImage	CONTINENT_DERIVED_FROM_COORDINATES;TAXON_MATCH_TAXON_ID_IGNORED
4946182759	50c9509d-22c7-4a22-a47d-8c48425ef4a7	https://www.inaturalist.org/observations/241369663	Fungi	Basidiomycota	Agaricomycetes	Agaricales	Hygrophoraceae	Hygrocybe	Hygrocybe chlorophana		SPECIES	Hygrocybe chlorophana (Fr.) Wünsche	Hygrocybe chlorophana		CA		Québec	PRESENT		28eb1a3f-1c15-4a95-931a-4af90ecb574d	45.586906	-72.140005	2016.0						2024-09-03T12:44	3	9	2024	2538630	2538630	HUMAN_OBSERVATION	iNaturalist	Observations	241369663		Antoine Fortin	2024-09-13T15:10:25	CC_BY_NC_4_0	Wendy Conn	Wendy Conn			2025-01-14T12:57:22.571Z	StillImage	COORDINATE_ROUNDED;CONTINENT_DERIVED_FROM_COORDINATES;TAXON_MATCH_TAXON_ID_IGNORED
4919504848	50c9509d-22c7-4a22-a47d-8c48425ef4a7	https://www.inaturalist.org/observations/232567729	Fungi	Basidiomycota	Agaricomycetes	Agaricales	Hygrophoraceae	Hygrocybe	Hygrocybe chlorophana		SPECIES	Hygrocybe chlorophana (Fr.) Wünsche	Hygrocybe chlorophana		CA		Québec	PRESENT		28eb1a3f-1c15-4a95-931a-4af90ecb574d	45.863866	-72.254011	3045.0						2024-07-27T10:43:43	27	7	2024	2538630	2538630	HUMAN_OBSERVATION	iNaturalist	Observations	232567729		egrenier	2024-07-29T20:43:33	CC_BY_NC_4_0	egrenier	egrenier			2025-01-14T12:56:12.798Z	StillImage	CONTINENT_DERIVED_FROM_COORDINATES;TAXON_MATCH_TAXON_ID_IGNORED
4909234760	50c9509d-22c7-4a22-a47d-8c48425ef4a7	https://www.inaturalist.org/observations/227887866	Fungi	Basidiomycota	Agaricomycetes	Agaricales	Hygrophoraceae	Hygrocybe	Hygrocybe chlorophana		SPECIES	Hygrocybe chlorophana (Fr.) Wünsche	Hygrocybe chlorophana		CA		Québec	PRESENT		28eb1a3f-1c15-4a95-931a-4af90ecb574d	45.810567	-75.783492	4.0						2024-07-07T15:13:59	7	7	2024	2538630	2538630	HUMAN_OBSERVATION	iNaturalist	Observations	227887866		Antoine Fortin	2024-07-08T17:56:48	CC_BY_NC_4_0	Maria Bastas	Maria Bastas			2025-01-14T13:42:34.310Z	StillImage	COORDINATE_ROUNDED;CONTINENT_DERIVED_FROM_COORDINATES;TAXON_MATCH_TAXON_ID_IGNORED
4908861297	50c9509d-22c7-4a22-a47d-8c48425ef4a7	https://www.inaturalist.org/observations/228541721	Fungi	Basidiomycota	Agaricomycetes	Agaricales	Hygrophoraceae	Hygrocybe	Hygrocybe chlorophana		SPECIES	Hygrocybe chlorophana (Fr.) Wünsche	Hygrocybe chlorophana		CA		Québec	PRESENT		28eb1a3f-1c15-4a95-931a-4af90ecb574d	45.872811	-76.4339	501.0						2024-07-09T17:13	9	7	2024	2538630	2538630	HUMAN_OBSERVATION	iNaturalist	Observations	228541721		L Joan Heyding	2024-07-10T23:46:16	CC_BY_NC_4_0	L Joan Heyding	L Joan Heyding			2025-01-14T12:47:08.847Z	StillImage	COORDINATE_ROUNDED;CONTINENT_DERIVED_FROM_COORDINATES;TAXON_MATCH_TAXON_ID_IGNORED
4172027338	50c9509d-22c7-4a22-a47d-8c48425ef4a7	https://www.inaturalist.org/observations/177174434	Fungi	Basidiomycota	Agaricomycetes	Agaricales	Hygrophoraceae	Hygrocybe	Hygrocybe chlorophana		SPECIES	Hygrocybe chlorophana (Fr.) Wünsche	Hygrocybe chlorophana		CA		Ontario	PRESENT		28eb1a3f-1c15-4a95-931a-4af90ecb574d	45.323522	-75.812304	41.0						2023-08-06T14:15	6	8	2023	2538630	2538630	HUMAN_OBSERVATION	iNaturalist	Observations	177174434		jonathan_mack	2023-08-07T14:53:56	CC_BY_NC_4_0	jonathan_mack	jonathan_mack			2025-01-14T12:37:36.655Z	StillImage	COORDINATE_ROUNDED;CONTINENT_DERIVED_FROM_COORDINATES;TAXON_MATCH_TAXON_ID_IGNORED
4129842374	50c9509d-22c7-4a22-a47d-8c48425ef4a7	https://www.inaturalist.org/observations/136466707	Fungi	Basidiomycota	Agaricomycetes	Agaricales	Hygrophoraceae	Hygrocybe	Hygrocybe chlorophana		SPECIES	Hygrocybe chlorophana (Fr.) Wünsche	Hygrocybe chlorophana		CA		Ontario	PRESENT		28eb1a3f-1c15-4a95-931a-4af90ecb574d	45.51377	-75.339656	31.0						2022-09-24T11:41	24	9	2022	2538630	2538630	HUMAN_OBSERVATION	iNaturalist	Observations	136466707		jonathan_mack	2022-09-25T18:39:45	CC_BY_NC_4_0	jonathan_mack	jonathan_mack			2025-01-14T12:31:56.771Z	StillImage	COORDINATE_ROUNDED;CONTINENT_DERIVED_FROM_COORDINATES;TAXON_MATCH_TAXON_ID_IGNORED
4011798618	50c9509d-22c7-4a22-a47d-8c48425ef4a7	https://www.inaturalist.org/observations/144357943	Fungi	Basidiomycota	Agaricomycetes	Agaricales	Hygrophoraceae	Hygrocybe	Hygrocybe chlorophana		SPECIES	Hygrocybe chlorophana (Fr.) Wünsche	Hygrocybe chlorophana		CA		Québec	PRESENT		28eb1a3f-1c15-4a95-931a-4af90ecb574d	46.835344	-71.313394	15.0						2022-09-02	2	9	2022	2538630	2538630	HUMAN_OBSERVATION	iNaturalist	Observations	144357943		cinna_latifolia	2022-12-28T05:20:14	CC_BY_NC_4_0	Christian Grenier	Christian Grenier			2025-01-14T13:19:51.644Z	StillImage	COORDINATE_ROUNDED;CONTINENT_DERIVED_FROM_COORDINATES;TAXON_MATCH_TAXON_ID_IGNORED
3966466857	50c9509d-22c7-4a22-a47d-8c48425ef4a7	https://www.inaturalist.org/observations/141627945	Fungi	Basidiomycota	Agaricomycetes	Agaricales	Hygrophoraceae	Hygrocybe	Hygrocybe chlorophana		SPECIES	Hygrocybe chlorophana (Fr.) Wünsche	Hygrocybe chlorophana		CA		New Brunswick	PRESENT		28eb1a3f-1c15-4a95-931a-4af90ecb574d	45.639661	-65.124327	500.0						2021-09-08T14:30	8	9	2021	2538630	2538630	HUMAN_OBSERVATION	iNaturalist	Observations	141627945		Alfredo Justo	2022-11-10T18:17:23	CC_BY_NC_4_0	Alfredo Justo	Alfredo Justo			2025-01-14T13:18:57.146Z	StillImage	COORDINATE_ROUNDED;CONTINENT_DERIVED_FROM_COORDINATES;TAXON_MATCH_TAXON_ID_IGNORED
3923311369	50c9509d-22c7-4a22-a47d-8c48425ef4a7	https://www.inaturalist.org/observations/137285365	Fungi	Basidiomycota	Agaricomycetes	Agaricales	Hygrophoraceae	Hygrocybe	Hygrocybe chlorophana		SPECIES	Hygrocybe chlorophana (Fr.) Wünsche	Hygrocybe chlorophana		CA		Québec	PRESENT		28eb1a3f-1c15-4a95-931a-4af90ecb574d	45.621985	-75.028128							2022-10-01T10:17	1	10	2022	2538630	2538630	HUMAN_OBSERVATION	iNaturalist	Observations	137285365		jonathan_mack	2022-10-02T15:12:34	CC_BY_NC_4_0	jonathan_mack	jonathan_mack			2025-01-14T12:32:42.252Z	StillImage	COORDINATE_ROUNDED;CONTINENT_DERIVED_FROM_COORDINATES;TAXON_MATCH_TAXON_ID_IGNORED
3903140980	50c9509d-22c7-4a22-a47d-8c48425ef4a7	https://www.inaturalist.org/observations/133000101	Fungi	Basidiomycota	Agaricomycetes	Agaricales	Hygrophoraceae	Hygrocybe	Hygrocybe chlorophana		SPECIES	Hygrocybe chlorophana (Fr.) Wünsche	Hygrocybe chlorophana		CA		Prince Edward Island	PRESENT		28eb1a3f-1c15-4a95-931a-4af90ecb574d	46.698044	-64.167175	50.0						2022-08-26T13:23	26	8	2022	2538630	2538630	HUMAN_OBSERVATION	iNaturalist	Observations	133000101		Rosemary Curley	2022-08-30T21:00:18	CC_BY_NC_4_0	Rosemary Curley	Rosemary Curley			2025-01-14T12:31:36.527Z	StillImage	COORDINATE_ROUNDED;CONTINENT_DERIVED_FROM_COORDINATES;TAXON_MATCH_TAXON_ID_IGNORED
3457092884	50c9509d-22c7-4a22-a47d-8c48425ef4a7	https://www.inaturalist.org/observations/104616417	Fungi	Basidiomycota	Agaricomycetes	Agaricales	Hygrophoraceae	Hygrocybe	Hygrocybe chlorophana		SPECIES	Hygrocybe chlorophana (Fr.) Wünsche	Hygrocybe chlorophana		CA		Québec	PRESENT		28eb1a3f-1c15-4a95-931a-4af90ecb574d	45.852272	-76.517443	27095.0						2021-08-05T09:24	5	8	2021	2538630	2538630	HUMAN_OBSERVATION	iNaturalist	Observations	104616417		L Joan Heyding	2022-01-09T02:36:04	CC_BY_NC_4_0	L Joan Heyding	L Joan Heyding			2025-01-14T13:17:25.741Z	StillImage	COORDINATE_ROUNDED;CONTINENT_DERIVED_FROM_COORDINATES;TAXON_MATCH_TAXON_ID_IGNORED
3408005738	50c9509d-22c7-4a22-a47d-8c48425ef4a7	https://www.inaturalist.org/observations/99752172	Fungi	Basidiomycota	Agaricomycetes	Agaricales	Hygrophoraceae	Hygrocybe	Hygrocybe chlorophana		SPECIES	Hygrocybe chlorophana (Fr.) Wünsche	Hygrocybe chlorophana		CA		Ontario	PRESENT		28eb1a3f-1c15-4a95-931a-4af90ecb574d	45.361166	-75.532881	183.0						2021-10-29T11:54	29	10	2021	2538630	2538630	HUMAN_OBSERVATION	iNaturalist	Observations	99752172		L Joan Heyding	2021-10-30T01:16:01	CC_BY_NC_4_0	L Joan Heyding	L Joan Heyding			2025-01-14T12:22:22.892Z	StillImage	COORDINATE_ROUNDED;CONTINENT_DERIVED_FROM_COORDINATES;TAXON_MATCH_TAXON_ID_IGNORED
3337666669	50c9509d-22c7-4a22-a47d-8c48425ef4a7	https://www.inaturalist.org/observations/85786839	Fungi	Basidiomycota	Agaricomycetes	Agaricales	Hygrophoraceae	Hygrocybe	Hygrocybe chlorophana		SPECIES	Hygrocybe chlorophana (Fr.) Wünsche	Hygrocybe chlorophana		CA		Québec	PRESENT		28eb1a3f-1c15-4a95-931a-4af90ecb574d	46.845	-79.190728	4.0						2021-07-03T13:43:27	3	7	2021	2538630	2538630	HUMAN_OBSERVATION	iNaturalist	Observations	85786839		Jonathan Jensen-Lynch	2021-08-15T05:43:50	CC_BY_NC_4_0	Jonathan Fréchette	Jonathan Fréchette			2025-01-14T12:19:14.131Z	StillImage	COORDINATE_ROUNDED;CONTINENT_DERIVED_FROM_COORDINATES;TAXON_MATCH_TAXON_ID_IGNORED
1701558047	39bd4817-9530-4341-a918-4f16b8db1419	UdeM:CMMF:Blitz2017:48	Fungi	Basidiomycota	Agaricomycetes	Agaricales	Hygrophoraceae	Hygrocybe	Hygrocybe chlorophana		SPECIES	Hygrocybe chlorophana (Fr.) Wünsche	Hygrocybe chlorophana (Fr.) Wünsche, 1877	(Fr.) Wünsche, 1877	CA	Parc des Chutes de Sainte-Ursule	Québec	PRESENT		ff7bd5db-b724-4932-b496-10ea298851f9	46.300422	-73.094321	500.0						2017-08-09	9	8	2017	2538630	2538630	HUMAN_OBSERVATION	Université de Montréal Biodiversity Centre	CMMF			Raymond Archambault et Joseph Nuzzolese	2017-08-09T00:00:00	CC0_1_0		IRBV's graduate students			2024-01-24T17:29:10.646Z		
1412709528	21705170-d2b6-42de-8904-c3bca4b83591	CMMF018035	Fungi	Basidiomycota	Agaricomycetes	Agaricales	Hygrophoraceae	Hygrocybe	Hygrocybe chlorophana		SPECIES	Hygrophorus chlorophanus (Fr.) Fr.	Hygrophorus chlorophanus (Fr.) Fr.	(Fr.) Fr.	CA	Avant érablière entre les lacs Croche et Triton, Station de biologie des Laurentides, Saint-Hippolyte, Québec.	Québec	PRESENT		ff7bd5db-b724-4932-b496-10ea298851f9	45.988691	-74.00708	250.0						1977-08-24	24	8	1977	2538638	2538630	PRESERVED_SPECIMEN	Université de Montréal Biodiversity Centre	CMMF	CMMF018035	73	Neumann, Peterjurgen; R., S.		CC0_1_0	Université de Montréal Biodiversity Centre	Neumann, Peterjurgen; R., S.			2024-01-24T16:38:17.931Z		INSTITUTION_MATCH_FUZZY;COLLECTION_MATCH_FUZZY;DIFFERENT_OWNER_INSTITUTION
1135071253	21705170-d2b6-42de-8904-c3bca4b83591	CMMF009786	Fungi	Basidiomycota	Agaricomycetes	Agaricales	Hygrophoraceae	Hygrocybe	Hygrocybe chlorophana		SPECIES	Hygrocybe chlorophana (Fr.) Wünsche	Hygrocybe chlorophana (Fr.) Wünsche	(Fr.) Wünsche	CA	Château Bigot (rue Rouleau), Québec.	Québec	PRESENT		ff7bd5db-b724-4932-b496-10ea298851f9	46.898375	-71.266801	2000.0						2007-08-18	18	8	2007	2538630	2538630	PRESERVED_SPECIMEN	Université de Montréal Biodiversity Centre	CMMF	CMMF009786	1370	Labbé, Roland		CC0_1_0	Université de Montréal Biodiversity Centre	Labrecque, Jacqueline			2024-01-24T16:38:21.181Z		INSTITUTION_MATCH_FUZZY;COLLECTION_MATCH_FUZZY;DIFFERENT_OWNER_INSTITUTION
1135071246	21705170-d2b6-42de-8904-c3bca4b83591	CMMF009733	Fungi	Basidiomycota	Agaricomycetes	Agaricales	Hygrophoraceae	Hygrocybe	Hygrocybe chlorophana		SPECIES	Hygrocybe chlorophana (Fr.) Wünsche	Hygrocybe chlorophana (Fr.) Wünsche	(Fr.) Wünsche	CA	Chemin Chapelle sud, Lac-Beauport.	Québec	PRESENT		ff7bd5db-b724-4932-b496-10ea298851f9	46.948621	-71.283499	150.0						2007-08-11	11	8	2007	2538630	2538630	PRESERVED_SPECIMEN	Université de Montréal Biodiversity Centre	CMMF	CMMF009733	1317	Labbé, Roland		CC0_1_0	Université de Montréal Biodiversity Centre	Labrecque, Jacqueline			2024-01-24T16:38:21.133Z		INSTITUTION_MATCH_FUZZY;COLLECTION_MATCH_FUZZY;DIFFERENT_OWNER_INSTITUTION
1135070988	21705170-d2b6-42de-8904-c3bca4b83591	CMMF009528	Fungi	Basidiomycota	Agaricomycetes	Agaricales	Hygrophoraceae	Hygrocybe	Hygrocybe chlorophana		SPECIES	Hygrocybe chlorophana (Fr.) Wünsche	Hygrocybe chlorophana (Fr.) Wünsche	(Fr.) Wünsche	CA	Chemin de la Chapelle, Lac-Beauport.	Québec	PRESENT		ff7bd5db-b724-4932-b496-10ea298851f9	46.949281	-71.284722	250.0						2007-07-14	14	7	2007	2538630	2538630	PRESERVED_SPECIMEN	Université de Montréal Biodiversity Centre	CMMF	CMMF009528	1112	Labbé, Roland		CC0_1_0	Université de Montréal Biodiversity Centre	Labrecque, Jacqueline			2024-01-24T16:38:21.730Z		INSTITUTION_MATCH_FUZZY;COLLECTION_MATCH_FUZZY;DIFFERENT_OWNER_INSTITUTION
1135070235	21705170-d2b6-42de-8904-c3bca4b83591	CMMF008744	Fungi	Basidiomycota	Agaricomycetes	Agaricales	Hygrophoraceae	Hygrocybe	Hygrocybe chlorophana		SPECIES	Hygrocybe chlorophana (Fr.) Wünsche	Hygrocybe chlorophana (Fr.) Wünsche	(Fr.) Wünsche	CA	Érablière Lac-Beauport.	Québec	PRESENT		ff7bd5db-b724-4932-b496-10ea298851f9	46.953091	-71.275238	5000.0						2006-07-13	13	7	2006	2538630	2538630	PRESERVED_SPECIMEN	Université de Montréal Biodiversity Centre	CMMF	CMMF008744	325	Labbé, Roland		CC0_1_0	Université de Montréal Biodiversity Centre	Labrecque, Jacqueline			2024-01-24T16:38:18.804Z		INSTITUTION_MATCH_FUZZY;COLLECTION_MATCH_FUZZY;DIFFERENT_OWNER_INSTITUTION
1135069442	21705170-d2b6-42de-8904-c3bca4b83591	CMMF007948	Fungi	Basidiomycota	Agaricomycetes	Agaricales	Hygrophoraceae	Hygrocybe	Hygrocybe chlorophana		SPECIES	Hygrocybe chlorophana (Fr.) Wünsche	Hygrocybe chlorophana (Fr.) Wünsche	(Fr.) Wünsche	CA	Notre-Dame-du-Rosaire	Québec	PRESENT		ff7bd5db-b724-4932-b496-10ea298851f9	46.801567	-70.357633	100.0						2006-07-03	3	7	2006	2538630	2538630	PRESERVED_SPECIMEN	Université de Montréal Biodiversity Centre	CMMF	CMMF007948	C2774	McNeil, Raymond		CC0_1_0	Université de Montréal Biodiversity Centre	McNeil, Raymond			2024-01-24T16:38:15.589Z	StillImage	COORDINATE_ROUNDED;INSTITUTION_MATCH_FUZZY;COLLECTION_MATCH_FUZZY;DIFFERENT_OWNER_INSTITUTION
1135069316	21705170-d2b6-42de-8904-c3bca4b83591	CMMF007819	Fungi	Basidiomycota	Agaricomycetes	Agaricales	Hygrophoraceae	Hygrocybe	Hygrocybe chlorophana		SPECIES	Hygrocybe chlorophana (Fr.) Wünsche	Hygrocybe chlorophana (Fr.) Wünsche	(Fr.) Wünsche	CA	St-Fabien-de-Panet	Québec	PRESENT		ff7bd5db-b724-4932-b496-10ea298851f9	46.6275	-70.11105	100.0						1980-07-26	26	7	1980	2538630	2538630	PRESERVED_SPECIMEN	Université de Montréal Biodiversity Centre	CMMF	CMMF007819	667	McNeil, Raymond		CC0_1_0	Université de Montréal Biodiversity Centre	McNeil, Raymond			2024-01-24T16:38:14.749Z	StillImage	INSTITUTION_MATCH_FUZZY;COLLECTION_MATCH_FUZZY;DIFFERENT_OWNER_INSTITUTION
1135067722	21705170-d2b6-42de-8904-c3bca4b83591	CMMF006228	Fungi	Basidiomycota	Agaricomycetes	Agaricales	Hygrophoraceae	Hygrocybe	Hygrocybe chlorophana		SPECIES	Hygrocybe chlorophana (Fr.) Wünsche	Hygrocybe chlorophana (Fr.) Wünsche	(Fr.) Wünsche	CA	Châteauguay	Québec	PRESENT		ff7bd5db-b724-4932-b496-10ea298851f9	45.35433	-73.774083	100.0						2005-09-26	26	9	2005	2538630	2538630	PRESERVED_SPECIMEN	Université de Montréal Biodiversity Centre	CMMF	CMMF006228	C2567	McNeil, Raymond		CC0_1_0	Université de Montréal Biodiversity Centre	McNeil, Raymond			2024-01-24T16:38:18.891Z	StillImage	COORDINATE_ROUNDED;INSTITUTION_MATCH_FUZZY;COLLECTION_MATCH_FUZZY;DIFFERENT_OWNER_INSTITUTION
1135067711	21705170-d2b6-42de-8904-c3bca4b83591	CMMF006225	Fungi	Basidiomycota	Agaricomycetes	Agaricales	Hygrophoraceae	Hygrocybe	Hygrocybe chlorophana		SPECIES	Hygrocybe chlorophana (Fr.) Wünsche	Hygrocybe chlorophana (Fr.) Wünsche	(Fr.) Wünsche	CA	Châteauguay	Québec	PRESENT		ff7bd5db-b724-4932-b496-10ea298851f9	45.35433	-73.774083	100.0						1986-08-24	24	8	1986	2538630	2538630	PRESERVED_SPECIMEN	Université de Montréal Biodiversity Centre	CMMF	CMMF006225	1839	McNeil, Raymond		CC0_1_0	Université de Montréal Biodiversity Centre	McNeil, Raymond			2024-01-24T16:38:18.889Z	StillImage	COORDINATE_ROUNDED;INSTITUTION_MATCH_FUZZY;COLLECTION_MATCH_FUZZY;DIFFERENT_OWNER_INSTITUTION
1135066951	21705170-d2b6-42de-8904-c3bca4b83591	CMMF010402	Fungi	Basidiomycota	Agaricomycetes	Agaricales	Hygrophoraceae	Hygrocybe	Hygrocybe chlorophana		SPECIES	Hygrocybe chlorophana (Fr.) Wünsche	Hygrocybe chlorophana (Fr.) Wünsche	(Fr.) Wünsche	CA	Côte Bédard, rue Saint-Jean, Québec.	Québec	PRESENT		ff7bd5db-b724-4932-b496-10ea298851f9	46.907478	-71.312257	1000.0						2008-07-19	19	7	2008	2538630	2538630	PRESERVED_SPECIMEN	Université de Montréal Biodiversity Centre	CMMF	CMMF010402	1988	Labrecque, Jacqueline		CC0_1_0	Université de Montréal Biodiversity Centre	Labrecque, Jacqueline			2024-01-24T16:38:21.694Z		INSTITUTION_MATCH_FUZZY;COLLECTION_MATCH_FUZZY;DIFFERENT_OWNER_INSTITUTION
1024558704	21705170-d2b6-42de-8904-c3bca4b83591	CMMF004194	Fungi	Basidiomycota	Agaricomycetes	Agaricales	Hygrophoraceae	Hygrocybe	Hygrocybe chlorophana		SPECIES	Hygrocybe chlorophana (Fr.) Wünsche	Hygrocybe chlorophana (Fr.) Wünsche	(Fr.) Wünsche	CA	Réserve écologique du Boisé-des-Muir, Hinchinbrooke.	Québec	PRESENT		ff7bd5db-b724-4932-b496-10ea298851f9	45.085951	-74.113602	10.0						2012-06-10	10	6	2012	2538630	2538630	PRESERVED_SPECIMEN	Université de Montréal Biodiversity Centre	CMMF	CMMF004194	198	Turgon, Jean-Pierre		CC0_1_0	Université de Montréal Biodiversity Centre	Langlois, Annabelle; Turgon, Jean-Pierre			2024-01-24T16:38:18.624Z	StillImage	INSTITUTION_MATCH_FUZZY;COLLECTION_MATCH_FUZZY;DIFFERENT_OWNER_INSTITUTION
