gbifID	datasetKey	occurrenceID	kingdom	phylum	class	order	family	genus	species	infraspecificEpithet	taxonRank	scientificName	verbatimScientificName	verbatimScientificNameAuthorship	countryCode	locality	stateProvince	occurrenceStatus	individualCount	publishingOrgKey	decimalLatitude	decimalLongitude	coordinateUncertaintyInMeters	coordinatePrecision	elevation	elevationAccuracy	depth	depthAccuracy	eventDate	day	month	year	taxonKey	speciesKey	basisOfRecord	institutionCode	collectionCode	catalogNumber	recordNumber	identifiedBy	dateIdentified	license	rightsHolder	recordedBy	typeStatus	establishmentMeans	lastInterpreted	mediaType	issue
4994168001	50c9509d-22c7-4a22-a47d-8c48425ef4a7	https://www.inaturalist.org/observations/21532536	Fungi	Basidiomycota	Agaricomycetes	Russulales	Stereaceae	Aleurodiscus	Aleurodiscus amorphus		SPECIES	Aleurodiscus amorphus (Pers.) J.Schröt.	Aleurodiscus amorphus		CA		Ontario	PRESENT		28eb1a3f-1c15-4a95-931a-4af90ecb574d	45.362165	-75.523814	100.0						2018-12-22T09:43:07	22	12	2018	9200548	9200548	HUMAN_OBSERVATION	iNaturalist	Observations	21532536		Carl-Adam Wegenschimmel	2019-04-11T12:50:22	CC_BY_NC_4_0	Owen Clarkin	Owen Clarkin			2025-01-14T13:01:13.411Z	StillImage	CONTINENT_DERIVED_FROM_COORDINATES;TAXON_MATCH_TAXON_ID_IGNORED
4994027138	50c9509d-22c7-4a22-a47d-8c48425ef4a7	https://www.inaturalist.org/observations/21527065	Fungi	Basidiomycota	Agaricomycetes	Russulales	Stereaceae	Aleurodiscus	Aleurodiscus amorphus		SPECIES	Aleurodiscus amorphus (Pers.) J.Schröt.	Aleurodiscus amorphus		CA		Ontario	PRESENT		28eb1a3f-1c15-4a95-931a-4af90ecb574d	45.362866	-75.521367	100.0						2018-12-22T09:01:05	22	12	2018	9200548	9200548	HUMAN_OBSERVATION	iNaturalist	Observations	21527065		Carl-Adam Wegenschimmel	2019-04-08T15:24:43	CC_BY_NC_4_0	Owen Clarkin	Owen Clarkin			2025-01-14T12:06:29.919Z	StillImage	CONTINENT_DERIVED_FROM_COORDINATES;TAXON_MATCH_TAXON_ID_IGNORED
4976672550	50c9509d-22c7-4a22-a47d-8c48425ef4a7	https://www.inaturalist.org/observations/248817392	Fungi	Basidiomycota	Agaricomycetes	Russulales	Stereaceae	Aleurodiscus	Aleurodiscus amorphus		SPECIES	Aleurodiscus amorphus (Pers.) J.Schröt.	Aleurodiscus amorphus		CA		Québec	PRESENT		28eb1a3f-1c15-4a95-931a-4af90ecb574d	45.872811	-76.4339	501.0						2024-10-20T12:33	20	10	2024	9200548	9200548	HUMAN_OBSERVATION	iNaturalist	Observations	248817392		L Joan Heyding	2024-10-23T23:41:36	CC_BY_NC_4_0	L Joan Heyding	L Joan Heyding			2025-01-14T12:54:59.803Z	StillImage	COORDINATE_ROUNDED;CONTINENT_DERIVED_FROM_COORDINATES;TAXON_MATCH_TAXON_ID_IGNORED
4936797605	50c9509d-22c7-4a22-a47d-8c48425ef4a7	https://www.inaturalist.org/observations/237567712	Fungi	Basidiomycota	Agaricomycetes	Russulales	Stereaceae	Aleurodiscus	Aleurodiscus amorphus		SPECIES	Aleurodiscus amorphus (Pers.) J.Schröt.	Aleurodiscus amorphus		CA		New Brunswick	PRESENT		28eb1a3f-1c15-4a95-931a-4af90ecb574d	45.22151	-66.37797							2024-08-21T10:36	21	8	2024	9200548	9200548	HUMAN_OBSERVATION	iNaturalist	Observations	237567712		Greg Thorn	2024-08-24T02:10:39	CC_BY_NC_4_0	Greg Thorn	Greg Thorn			2025-01-14T13:43:39.095Z	StillImage	CONTINENT_DERIVED_FROM_COORDINATES;TAXON_MATCH_TAXON_ID_IGNORED
4935674465	50c9509d-22c7-4a22-a47d-8c48425ef4a7	https://www.inaturalist.org/observations/237567718	Fungi	Basidiomycota	Agaricomycetes	Russulales	Stereaceae	Aleurodiscus	Aleurodiscus amorphus		SPECIES	Aleurodiscus amorphus (Pers.) J.Schröt.	Aleurodiscus amorphus		CA		New Brunswick	PRESENT		28eb1a3f-1c15-4a95-931a-4af90ecb574d	45.22122	-66.37704	5.0						2024-08-21T10:59	21	8	2024	9200548	9200548	HUMAN_OBSERVATION	iNaturalist	Observations	237567718		Greg Thorn	2024-08-24T02:10:41	CC_BY_NC_4_0	Greg Thorn	Greg Thorn			2025-01-14T13:42:57.963Z	StillImage	CONTINENT_DERIVED_FROM_COORDINATES;TAXON_MATCH_TAXON_ID_IGNORED
4893133772	eeaf050f-23d0-4557-9084-ec545cd3d9a7	1fd6b84e-4b1e-492f-9d15-1334639d94c3	Fungi	Basidiomycota	Agaricomycetes	Russulales	Stereaceae	Aleurodiscus	Aleurodiscus amorphus		SPECIES	Aleurodiscus amorphus (Pers.) J.Schröt.	Aleurodiscus amorphus	(Pers.) J.Schröt.	CA	Ottawa	Ontario	PRESENT		325c883e-46a7-4be3-9d77-7dde654fd1d3	45.423949	-75.695445											9200548	9200548	PRESERVED_SPECIMEN	DPI	DAR	DAR00045968				CC_BY_4_0					2025-01-02T23:50:24.132Z		CONTINENT_DERIVED_FROM_COORDINATES;TAXON_MATCH_TAXON_CONCEPT_ID_IGNORED;INSTITUTION_MATCH_NONE
4892807219	eeaf050f-23d0-4557-9084-ec545cd3d9a7	3f091b1a-2c85-46ed-ab0d-3cf358cb3182	Fungi	Basidiomycota	Agaricomycetes	Russulales	Stereaceae	Aleurodiscus	Aleurodiscus amorphus		SPECIES	Aleurodiscus amorphus (Pers.) J.Schröt.	Aleurodiscus amorphus	(Pers.) J.Schröt.	CA	Ottawa	Ontario	PRESENT		325c883e-46a7-4be3-9d77-7dde654fd1d3	45.423949	-75.695445											9200548	9200548	PRESERVED_SPECIMEN	DPI	DAR	DAR00045969				CC_BY_4_0					2025-01-02T23:50:25.256Z		CONTINENT_DERIVED_FROM_COORDINATES;TAXON_MATCH_TAXON_CONCEPT_ID_IGNORED;INSTITUTION_MATCH_NONE
4607219856	50c9509d-22c7-4a22-a47d-8c48425ef4a7	https://www.inaturalist.org/observations/206485544	Fungi	Basidiomycota	Agaricomycetes	Russulales	Stereaceae	Aleurodiscus	Aleurodiscus amorphus		SPECIES	Aleurodiscus amorphus (Pers.) J.Schröt.	Aleurodiscus amorphus		CA		Québec	PRESENT		28eb1a3f-1c15-4a95-931a-4af90ecb574d	45.872811	-76.4339	501.0						2024-04-09T13:42	9	4	2024	9200548	9200548	HUMAN_OBSERVATION	iNaturalist	Observations	206485544		L Joan Heyding	2024-04-10T21:03:45	CC_BY_NC_4_0	L Joan Heyding	L Joan Heyding			2025-01-14T13:39:50.243Z	StillImage	COORDINATE_ROUNDED;CONTINENT_DERIVED_FROM_COORDINATES;TAXON_MATCH_TAXON_ID_IGNORED
4510340451	50c9509d-22c7-4a22-a47d-8c48425ef4a7	https://www.inaturalist.org/observations/195009259	Fungi	Basidiomycota	Agaricomycetes	Russulales	Stereaceae	Aleurodiscus	Aleurodiscus amorphus		SPECIES	Aleurodiscus amorphus (Pers.) J.Schröt.	Aleurodiscus amorphus		CA		Ontario	PRESENT		28eb1a3f-1c15-4a95-931a-4af90ecb574d	45.411609	-75.597869	27158.0						2023-12-27T11:59	27	12	2023	9200548	9200548	HUMAN_OBSERVATION	iNaturalist	Observations	195009259		L Joan Heyding	2023-12-27T20:39:42	CC_BY_NC_4_0	L Joan Heyding	L Joan Heyding			2025-01-14T13:36:07.692Z	StillImage	COORDINATE_ROUNDED;CONTINENT_DERIVED_FROM_COORDINATES;TAXON_MATCH_TAXON_ID_IGNORED
4436455173	50c9509d-22c7-4a22-a47d-8c48425ef4a7	https://www.inaturalist.org/observations/189293107	Fungi	Basidiomycota	Agaricomycetes	Russulales	Stereaceae	Aleurodiscus	Aleurodiscus amorphus		SPECIES	Aleurodiscus amorphus (Pers.) J.Schröt.	Aleurodiscus amorphus		CA		Québec	PRESENT		28eb1a3f-1c15-4a95-931a-4af90ecb574d	45.872811	-76.4339	501.0						2023-10-28T09:02	28	10	2023	9200548	9200548	HUMAN_OBSERVATION	iNaturalist	Observations	189293107		L Joan Heyding	2023-10-29T00:23:32	CC_BY_NC_4_0	L Joan Heyding	L Joan Heyding			2025-01-14T13:33:04.350Z	StillImage	COORDINATE_ROUNDED;CONTINENT_DERIVED_FROM_COORDINATES;TAXON_MATCH_TAXON_ID_IGNORED
4177032142	50c9509d-22c7-4a22-a47d-8c48425ef4a7	https://www.inaturalist.org/observations/178094147	Fungi	Basidiomycota	Agaricomycetes	Russulales	Stereaceae	Aleurodiscus	Aleurodiscus amorphus		SPECIES	Aleurodiscus amorphus (Pers.) J.Schröt.	Aleurodiscus amorphus		CA		Ontario	PRESENT		28eb1a3f-1c15-4a95-931a-4af90ecb574d	45.583103	-78.392495	12.0						2023-08-12T16:18:32	12	8	2023	9200548	9200548	HUMAN_OBSERVATION	iNaturalist	Observations	178094147		herexton	2023-08-13T00:41:57	CC_BY_NC_4_0	herexton	herexton			2025-01-14T12:39:13.734Z	StillImage	COORDINATE_ROUNDED;CONTINENT_DERIVED_FROM_COORDINATES;TAXON_MATCH_TAXON_ID_IGNORED
4166341422	695cef75-b65f-4776-b2ed-74565eebb16e	02-01000732620	Fungi	Basidiomycota	Agaricomycetes	Russulales	Stereaceae	Aleurodiscus	Aleurodiscus amorphus		SPECIES	Aleurodiscus amorphus (Pers.) J.Schröt.	Aleurodiscus amorphus	(Pers.) J. Schröt.	CA	Sproule Bay	Ontario	PRESENT		055bd978-2daa-4543-b3f0-44e0e87e86ca	45.633333	-78.366667							1950-09-21	21	9	1950	9200548	9200548	PRESERVED_SPECIMEN	AAFC	DAOM	186514		J.H. Ginns		CC_BY_4_0	©His Majesty the King in Right of Canada, as represented by the Minister of Agriculture and Agri-Food	J.D. Roseborough			2025-01-12T05:11:16.566Z		GEODETIC_DATUM_ASSUMED_WGS84;CONTINENT_DERIVED_FROM_COORDINATES;TAXON_MATCH_TAXON_ID_IGNORED;INSTITUTION_MATCH_FUZZY
4162432379	50c9509d-22c7-4a22-a47d-8c48425ef4a7	https://www.inaturalist.org/observations/172752013	Fungi	Basidiomycota	Agaricomycetes	Russulales	Stereaceae	Aleurodiscus	Aleurodiscus amorphus		SPECIES	Aleurodiscus amorphus (Pers.) J.Schröt.	Aleurodiscus amorphus		CA		Ontario	PRESENT		28eb1a3f-1c15-4a95-931a-4af90ecb574d	45.10505	-76.338919							2023-07-13T16:05	13	7	2023	9200548	9200548	HUMAN_OBSERVATION	iNaturalist	Observations	172752013		Igor Khomenko	2023-07-13T22:05:20	CC_BY_NC_4_0	Igor Khomenko	Igor Khomenko			2025-01-14T12:36:54.613Z	StillImage	COORDINATE_ROUNDED;CONTINENT_DERIVED_FROM_COORDINATES;TAXON_MATCH_TAXON_ID_IGNORED
4104531580	5a6538b8-e35c-46c4-8978-6858a657a75f	11b7ae5b-1b22-4a17-bcd2-e570aa96d243	Fungi	Basidiomycota	Agaricomycetes	Russulales	Stereaceae	Aleurodiscus	Aleurodiscus amorphus		SPECIES	Aleurodiscus amorphus (Pers.) J.Schröt.	Aleurodiscus amorphus	(Pers.) J. Schröt.	CA	Duchesnay, Forest Ranger School	Quebec	PRESENT		a26dde42-dd82-4d07-a763-353ab27fc02c	49.166667	-65.916667							1938-08-24	24	8	1938	9200548	9200548	PRESERVED_SPECIMEN	CUP		CUP-027836		Jackson, Herbert Spencer		CC0_1_0		Sproston, T.			2025-01-15T04:25:58.552Z	StillImage	GEODETIC_DATUM_ASSUMED_WGS84;CONTINENT_DERIVED_FROM_COORDINATES;TAXON_MATCH_TAXON_ID_IGNORED;COLLECTION_MATCH_NONE;INSTITUTION_MATCH_FUZZY
4104408839	5a6538b8-e35c-46c4-8978-6858a657a75f	87582714-8fbf-4316-a931-90aea752d894	Fungi	Basidiomycota	Agaricomycetes	Russulales	Stereaceae	Aleurodiscus	Aleurodiscus amorphus		SPECIES	Aleurodiscus amorphus (Pers.) J.Schröt.	Aleurodiscus amorphus	(Pers.) J. Schröt.	CA	Algonquin Park, road near Oxtonge River	Ontario	PRESENT		a26dde42-dd82-4d07-a763-353ab27fc02c	45.55	-78.6							1938-09-18	18	9	1938	9200548	9200548	PRESERVED_SPECIMEN	CUP		CUP-052870		Jackson, Herbert Spencer		CC0_1_0		Jackson, Herbert Spencer			2025-01-15T04:25:58.819Z		GEODETIC_DATUM_ASSUMED_WGS84;CONTINENT_DERIVED_FROM_COORDINATES;TAXON_MATCH_TAXON_ID_IGNORED;COLLECTION_MATCH_NONE;INSTITUTION_MATCH_FUZZY
4104403791	5a6538b8-e35c-46c4-8978-6858a657a75f	3ccccec1-6c1e-4538-97a0-49258a0481a3	Fungi	Basidiomycota	Agaricomycetes	Russulales	Stereaceae	Aleurodiscus	Aleurodiscus amorphus		SPECIES	Aleurodiscus amorphus (Pers.) J.Schröt.	Aleurodiscus amorphus	(Pers.) J. Schröt.	CA	Algonquin Park, road to Opeongo Lake	Ontario	PRESENT		a26dde42-dd82-4d07-a763-353ab27fc02c	45.55	-78.6							1938-09-18	18	9	1938	9200548	9200548	PRESERVED_SPECIMEN	CUP		CUP-045728		Jackson, Herbert Spencer		CC0_1_0		Jackson, Herbert Spencer			2025-01-15T04:25:58.656Z		GEODETIC_DATUM_ASSUMED_WGS84;CONTINENT_DERIVED_FROM_COORDINATES;TAXON_MATCH_TAXON_ID_IGNORED;COLLECTION_MATCH_NONE;INSTITUTION_MATCH_FUZZY
4099935273	d1a3b128-b406-46bb-a6d1-f3591dcc8a7b	4adf5b2f-b3ad-49b6-b423-7cd0cf1e3f52	Fungi	Basidiomycota	Agaricomycetes	Russulales	Stereaceae	Aleurodiscus	Aleurodiscus amorphus		SPECIES	Aleurodiscus amorphus (Pers.) J.Schröt.	Aleurodiscus amorphus	(Pers.) J. Schröt.	CA	Duchesnay	Quebec	PRESENT		e43cf4b8-849e-4fac-b075-e652d019d2cf	49.166667	-65.916667	301.0						1938-08-24	24	8	1938	9200548	9200548	PRESERVED_SPECIMEN	BPI		BPI 284142	4184	Cash Edith K.		CC0_1_0		Shear C. L.			2025-01-15T04:59:26.352Z		GEODETIC_DATUM_ASSUMED_WGS84;CONTINENT_DERIVED_FROM_COORDINATES;TAXON_MATCH_TAXON_ID_IGNORED;INSTITUTION_MATCH_FUZZY
4099935247	d1a3b128-b406-46bb-a6d1-f3591dcc8a7b	8984c754-a932-4a7f-9e1c-7e6d42a3891a	Fungi	Basidiomycota	Agaricomycetes	Russulales	Stereaceae	Aleurodiscus	Aleurodiscus amorphus		SPECIES	Aleurodiscus amorphus (Pers.) J.Schröt.	Aleurodiscus amorphus	(Pers.) J. Schröt.	CA	Fredericton Odell Woods	New Brunswick	PRESENT		e43cf4b8-849e-4fac-b075-e652d019d2cf	45.952837	-66.670614	1209.0						1946-09-26	26	9	1946	9200548	9200548	PRESERVED_SPECIMEN	BPI		BPI 283927		Hansbrough J. R.		CC0_1_0		Hansbrough J. R.			2025-01-15T04:59:26.348Z		CONTINENT_DERIVED_FROM_COORDINATES;TAXON_MATCH_TAXON_ID_IGNORED;INSTITUTION_MATCH_FUZZY
4099729301	d1a3b128-b406-46bb-a6d1-f3591dcc8a7b	a9bb1ef0-c64d-4df8-be40-7463dd00658a	Fungi	Basidiomycota	Agaricomycetes	Russulales	Stereaceae	Aleurodiscus	Aleurodiscus amorphus		SPECIES	Aleurodiscus amorphus (Pers.) J.Schröt.	Aleurodiscus amorphus	(Pers.) J. Schröt.	CA	Gaspe	Quebec	PRESENT		e43cf4b8-849e-4fac-b075-e652d019d2cf	48.833333	-64.483333	3036.0						1933-09-13	13	9	1933	9200548	9200548	PRESERVED_SPECIMEN	BPI		BPI 284276		Hansbrough J. R.		CC0_1_0		Eno H. G.			2025-01-15T04:59:26.351Z		GEODETIC_DATUM_ASSUMED_WGS84;CONTINENT_DERIVED_FROM_COORDINATES;TAXON_MATCH_TAXON_ID_IGNORED;INSTITUTION_MATCH_FUZZY
4099536937	d1a3b128-b406-46bb-a6d1-f3591dcc8a7b	09168e74-ca03-4905-b2aa-35284f639386	Fungi	Basidiomycota	Agaricomycetes	Russulales	Stereaceae	Aleurodiscus	Aleurodiscus amorphus		SPECIES	Aleurodiscus amorphus (Pers.) J.Schröt.	Aleurodiscus amorphus	(Pers.) J. Schröt.	CA	Ingleside	New Brunswick	PRESENT		e43cf4b8-849e-4fac-b075-e652d019d2cf	45.328329	-66.198876	301.0						1907-09-10	10	9	1907	9200548	9200548	PRESERVED_SPECIMEN	BPI		BPI 331178		Lloyd C. G.		CC0_1_0		Hay G. V.			2025-01-15T04:59:27.251Z		GEODETIC_DATUM_ASSUMED_WGS84;CONTINENT_DERIVED_FROM_COORDINATES;TAXON_MATCH_TAXON_ID_IGNORED;INSTITUTION_MATCH_FUZZY
4099472290	d1a3b128-b406-46bb-a6d1-f3591dcc8a7b	9a4d480a-6942-4238-a332-59aa58555024	Fungi	Basidiomycota	Agaricomycetes	Russulales	Stereaceae	Aleurodiscus	Aleurodiscus amorphus		SPECIES	Aleurodiscus amorphus (Pers.) J.Schröt.	Aleurodiscus amorphus	(Pers.) J. Schröt.	CA	East Clifton	Quebec	PRESENT		e43cf4b8-849e-4fac-b075-e652d019d2cf	45.258655	-71.571197	301.0						1933-09-10	10	9	1933	9200548	9200548	PRESERVED_SPECIMEN	BPI		BPI 284262		Hansbrough J. R.		CC0_1_0		Eno H. G.			2025-01-15T04:59:25.922Z		GEODETIC_DATUM_ASSUMED_WGS84;CONTINENT_DERIVED_FROM_COORDINATES;TAXON_MATCH_TAXON_ID_IGNORED;INSTITUTION_MATCH_FUZZY
4062731404	50c9509d-22c7-4a22-a47d-8c48425ef4a7	https://www.inaturalist.org/observations/102969897	Fungi	Basidiomycota	Agaricomycetes	Russulales	Stereaceae	Aleurodiscus	Aleurodiscus amorphus		SPECIES	Aleurodiscus amorphus (Pers.) J.Schröt.	Aleurodiscus amorphus		CA		Québec	PRESENT		28eb1a3f-1c15-4a95-931a-4af90ecb574d	46.308579	-73.760063	182.0						2021-12-09T13:24	9	12	2021	9200548	9200548	HUMAN_OBSERVATION	iNaturalist	Observations	102969897		David Bird	2021-12-13T02:20:39	CC0_1_0	David Bird	David Bird			2025-01-14T13:17:41.265Z	StillImage	COORDINATE_ROUNDED;CONTINENT_DERIVED_FROM_COORDINATES;TAXON_MATCH_TAXON_ID_IGNORED
4023422458	0f83123f-0c04-4556-8f4d-5a4e2a9bac66	http://id.luomus.fi/MY.4177477	Fungi	Basidiomycota	Agaricomycetes	Russulales	Stereaceae	Aleurodiscus	Aleurodiscus amorphus		SPECIES	Aleurodiscus amorphus (Pers.) J.Schröt.	Aleurodiscus amorphus (Pers.:Fr) J. Schröt.		CA	Ginns' Farm	Quebec	PRESENT		04fd2e13-6881-4e5c-9dd1-8fdd9ab993c1	45.56	-75.78							1980-11-01T00:00Z	1	11	1980	9200548	9200548	PRESERVED_SPECIMEN	H		http://id.luomus.fi/HA.H7042626	J. Ginns 6291			CC_BY_4_0		Ginns, J.			2025-01-12T05:29:48.901Z		CONTINENT_DERIVED_FROM_COORDINATES;TAXON_MATCH_TAXON_ID_IGNORED;COLLECTION_MATCH_NONE;INSTITUTION_MATCH_FUZZY
4023422439	0f83123f-0c04-4556-8f4d-5a4e2a9bac66	http://id.luomus.fi/MY.4177468	Fungi	Basidiomycota	Agaricomycetes	Russulales	Stereaceae	Aleurodiscus	Aleurodiscus amorphus		SPECIES	Aleurodiscus amorphus (Pers.) J.Schröt.	Aleurodiscus amorphus (Pers.:Fr) J. Schröt.		CA	Elgin Rd.	Quebec	PRESENT		04fd2e13-6881-4e5c-9dd1-8fdd9ab993c1	47.1	-70.35							1966-08-29T00:00Z	29	8	1966	9200548	9200548	PRESERVED_SPECIMEN	H		http://id.luomus.fi/HA.H7042625	J.W. Groves 66-105			CC_BY_4_0		Groves, J. W.			2025-01-12T05:29:48.897Z		CONTINENT_DERIVED_FROM_COORDINATES;TAXON_MATCH_TAXON_ID_IGNORED;COLLECTION_MATCH_NONE;INSTITUTION_MATCH_FUZZY
4023422437	0f83123f-0c04-4556-8f4d-5a4e2a9bac66	http://id.luomus.fi/MY.4177462	Fungi	Basidiomycota	Agaricomycetes	Russulales	Stereaceae	Aleurodiscus	Aleurodiscus amorphus		SPECIES	Aleurodiscus amorphus (Pers.) J.Schröt.	Aleurodiscus amorphus (Pers.:Fr) J. Schröt.		CA	Gaspé Peninsula, Perce, Mont St. Anne	Quebec	PRESENT		04fd2e13-6881-4e5c-9dd1-8fdd9ab993c1	48.53	-64.21							1959-08-15T00:00Z	15	8	1959	9200548	9200548	PRESERVED_SPECIMEN	H		http://id.luomus.fi/HA.H7042657				CC_BY_4_0		Shushan, S.			2025-01-12T05:29:48.897Z		CONTINENT_DERIVED_FROM_COORDINATES;TAXON_MATCH_TAXON_ID_IGNORED;COLLECTION_MATCH_NONE;INSTITUTION_MATCH_FUZZY
3965614371	0ec61c42-6eda-441e-b327-7ec241c8ec95	7db71740-5d2e-4815-adee-43b724201291	Fungi	Basidiomycota	Agaricomycetes	Russulales	Stereaceae	Aleurodiscus	Aleurodiscus amorphus		SPECIES	Aleurodiscus amorphus (Pers.) J.Schröt.	Aleurodiscus amorphus	(Pers.) J. Schröt.	CA	Perce, Gaspe Peninsula	Quebec	PRESENT		00ff478a-9da6-4c8d-b60d-43ee8c88cd1f	48.666667	-65.833333							1959-08-14	14	8	1959	9200548	9200548	PRESERVED_SPECIMEN	WSP	WSP	WSP48989				CC_BY_4_0		W.B. Cooke			2025-01-15T08:28:23.910Z		GEODETIC_DATUM_ASSUMED_WGS84;CONTINENT_DERIVED_FROM_COORDINATES;TAXON_MATCH_TAXON_ID_IGNORED;AMBIGUOUS_COLLECTION;INSTITUTION_MATCH_FUZZY
3947497377	50c9509d-22c7-4a22-a47d-8c48425ef4a7	https://www.inaturalist.org/observations/138668206	Fungi	Basidiomycota	Agaricomycetes	Russulales	Stereaceae	Aleurodiscus	Aleurodiscus amorphus		SPECIES	Aleurodiscus amorphus (Pers.) J.Schröt.	Aleurodiscus amorphus		CA		Québec	PRESENT		28eb1a3f-1c15-4a95-931a-4af90ecb574d	45.97054	-76.548536	27095.0						2022-10-09T11:37	9	10	2022	9200548	9200548	HUMAN_OBSERVATION	iNaturalist	Observations	138668206		L Joan Heyding	2022-10-14T00:12:40	CC_BY_NC_4_0	L Joan Heyding	L Joan Heyding			2025-01-14T12:32:10.738Z	StillImage	COORDINATE_ROUNDED;CONTINENT_DERIVED_FROM_COORDINATES;TAXON_MATCH_TAXON_ID_IGNORED
3760181934	50c9509d-22c7-4a22-a47d-8c48425ef4a7	https://www.inaturalist.org/observations/111383262	Fungi	Basidiomycota	Agaricomycetes	Russulales	Stereaceae	Aleurodiscus	Aleurodiscus amorphus		SPECIES	Aleurodiscus amorphus (Pers.) J.Schröt.	Aleurodiscus amorphus		CA		Ontario	PRESENT		28eb1a3f-1c15-4a95-931a-4af90ecb574d	45.355961	-75.602494	16.0						2022-04-13T13:27	13	4	2022	9200548	9200548	HUMAN_OBSERVATION	iNaturalist	Observations	111383262		Igor Khomenko	2022-04-16T03:05:43	CC_BY_NC_4_0	Igor Khomenko	Igor Khomenko			2025-01-14T13:20:17.361Z	StillImage	COORDINATE_ROUNDED;CONTINENT_DERIVED_FROM_COORDINATES;TAXON_MATCH_TAXON_ID_IGNORED
3759744056	50c9509d-22c7-4a22-a47d-8c48425ef4a7	https://www.inaturalist.org/observations/111603780	Fungi	Basidiomycota	Agaricomycetes	Russulales	Stereaceae	Aleurodiscus	Aleurodiscus amorphus		SPECIES	Aleurodiscus amorphus (Pers.) J.Schröt.	Aleurodiscus amorphus		CA		Ontario	PRESENT		28eb1a3f-1c15-4a95-931a-4af90ecb574d	45.402685	-75.56707							2022-04-15T13:30	15	4	2022	9200548	9200548	HUMAN_OBSERVATION	iNaturalist	Observations	111603780		Igor Khomenko	2022-04-16T03:06:54	CC_BY_NC_4_0	Igor Khomenko	Igor Khomenko			2025-01-14T12:28:51.968Z	StillImage	CONTINENT_DERIVED_FROM_COORDINATES;TAXON_MATCH_TAXON_ID_IGNORED
3696079806	eaabc211-f8a2-4d0f-8983-51fe16b71a36	cde2c37c-554c-40e8-b978-a765037e3b0c	Fungi	Basidiomycota	Agaricomycetes	Russulales	Stereaceae	Aleurodiscus	Aleurodiscus amorphus		SPECIES	Aleurodiscus amorphus (Pers.) J.Schröt.	Aleurodiscus amorphus	(Pers.) J. Schröt.	CA	Percé	Quebec	PRESENT		0eabc674-8106-401e-9613-5f10164b562d	48.533333	-64.216667	5000.0						1959-08-14	14	8	1959	9200548	9200548	PRESERVED_SPECIMEN	NCU	Fungi	NCU-F-0000130	15176	Lemke, P. A.		CC0_1_0		Couch, John Nathaniel			2025-01-17T19:30:36.543Z	StillImage	GEODETIC_DATUM_ASSUMED_WGS84;CONTINENT_DERIVED_FROM_COORDINATES;TAXON_MATCH_TAXON_ID_IGNORED;IDENTIFIED_DATE_INVALID;INSTITUTION_MATCH_FUZZY;INSTITUTION_COLLECTION_MISMATCH
3457094057	50c9509d-22c7-4a22-a47d-8c48425ef4a7	https://www.inaturalist.org/observations/104143389	Fungi	Basidiomycota	Agaricomycetes	Russulales	Stereaceae	Aleurodiscus	Aleurodiscus amorphus		SPECIES	Aleurodiscus amorphus (Pers.) J.Schröt.	Aleurodiscus amorphus		CA		Québec	PRESENT		28eb1a3f-1c15-4a95-931a-4af90ecb574d	45.9489	-76.565706	27095.0						2021-07-19T09:34	19	7	2021	9200548	9200548	HUMAN_OBSERVATION	iNaturalist	Observations	104143389		L Joan Heyding	2022-01-02T00:11:10	CC_BY_NC_4_0	L Joan Heyding	L Joan Heyding			2025-01-14T13:18:14.703Z	StillImage	COORDINATE_ROUNDED;CONTINENT_DERIVED_FROM_COORDINATES;TAXON_MATCH_TAXON_ID_IGNORED
3456291175	50c9509d-22c7-4a22-a47d-8c48425ef4a7	https://www.inaturalist.org/observations/96305068	Fungi	Basidiomycota	Agaricomycetes	Russulales	Stereaceae	Aleurodiscus	Aleurodiscus amorphus		SPECIES	Aleurodiscus amorphus (Pers.) J.Schröt.	Aleurodiscus amorphus		CA		Québec	PRESENT		28eb1a3f-1c15-4a95-931a-4af90ecb574d	47.894921	-78.81955	4.0						2021-09-26T10:15	26	9	2021	9200548	9200548	HUMAN_OBSERVATION	iNaturalist	Observations	96305068		Jan Thornhill	2022-01-11T23:35:49	CC_BY_NC_4_0	Pierre Cartier	Pierre Cartier			2025-01-14T12:24:48.826Z	StillImage	COORDINATE_ROUNDED;CONTINENT_DERIVED_FROM_COORDINATES;TAXON_MATCH_TAXON_ID_IGNORED
3456123015	50c9509d-22c7-4a22-a47d-8c48425ef4a7	https://www.inaturalist.org/observations/74962527	Fungi	Basidiomycota	Agaricomycetes	Russulales	Stereaceae	Aleurodiscus	Aleurodiscus amorphus		SPECIES	Aleurodiscus amorphus (Pers.) J.Schröt.	Aleurodiscus amorphus		CA		Ontario	PRESENT		28eb1a3f-1c15-4a95-931a-4af90ecb574d	46.247703	-79.123376	8.0						2021-04-23T11:31	23	4	2021	9200548	9200548	HUMAN_OBSERVATION	iNaturalist	Observations	74962527		Jan Thornhill	2022-01-11T23:16:33	CC_BY_NC_4_0	Lucas Beaver	Lucas Beaver			2025-01-14T13:16:35.825Z	StillImage	CONTINENT_DERIVED_FROM_COORDINATES;TAXON_MATCH_TAXON_ID_IGNORED
3455592375	50c9509d-22c7-4a22-a47d-8c48425ef4a7	https://www.inaturalist.org/observations/104005480	Fungi	Basidiomycota	Agaricomycetes	Russulales	Stereaceae	Aleurodiscus	Aleurodiscus amorphus		SPECIES	Aleurodiscus amorphus (Pers.) J.Schröt.	Aleurodiscus amorphus		CA		New Brunswick	PRESENT		28eb1a3f-1c15-4a95-931a-4af90ecb574d	46.385178	-64.649755	298.0						2021-12-30T15:29	30	12	2021	9200548	9200548	HUMAN_OBSERVATION	iNaturalist	Observations	104005480		Stuart Tingley	2021-12-31T02:29:01	CC_BY_NC_4_0	Stuart Tingley	Stuart Tingley			2025-01-14T12:24:36.481Z	StillImage	COORDINATE_ROUNDED;CONTINENT_DERIVED_FROM_COORDINATES;TAXON_MATCH_TAXON_ID_IGNORED
3415536494	50c9509d-22c7-4a22-a47d-8c48425ef4a7	https://www.inaturalist.org/observations/101151000	Fungi	Basidiomycota	Agaricomycetes	Russulales	Stereaceae	Aleurodiscus	Aleurodiscus amorphus		SPECIES	Aleurodiscus amorphus (Pers.) J.Schröt.	Aleurodiscus amorphus		CA		Ontario	PRESENT		28eb1a3f-1c15-4a95-931a-4af90ecb574d	46.008156	-77.509955	12.0						2021-11-14T11:03:14	14	11	2021	9200548	9200548	HUMAN_OBSERVATION	iNaturalist	Observations	101151000		cinna_latifolia	2021-11-20T05:00:12	CC_BY_NC_4_0	Mike Theil	Mike Theil			2025-01-14T13:16:36.997Z	StillImage	COORDINATE_ROUNDED;CONTINENT_DERIVED_FROM_COORDINATES;TAXON_MATCH_TAXON_ID_IGNORED
3079766688	50c9509d-22c7-4a22-a47d-8c48425ef4a7	https://www.inaturalist.org/observations/37311400	Fungi	Basidiomycota	Agaricomycetes	Russulales	Stereaceae	Aleurodiscus	Aleurodiscus amorphus		SPECIES	Aleurodiscus amorphus (Pers.) J.Schröt.	Aleurodiscus amorphus		CA		Ontario	PRESENT		28eb1a3f-1c15-4a95-931a-4af90ecb574d	45.106011	-76.322717	216.0						2020-01-05T11:01:56	5	1	2020	9200548	9200548	HUMAN_OBSERVATION	iNaturalist	Observations	37311400		Igor Khomenko	2020-01-06T00:49:36	CC_BY_NC_4_0	Igor Khomenko	Igor Khomenko			2025-01-14T13:00:13.844Z	StillImage	COORDINATE_ROUNDED;CONTINENT_DERIVED_FROM_COORDINATES;TAXON_MATCH_TAXON_ID_IGNORED
3079492062	50c9509d-22c7-4a22-a47d-8c48425ef4a7	https://www.inaturalist.org/observations/64256028	Fungi	Basidiomycota	Agaricomycetes	Russulales	Stereaceae	Aleurodiscus	Aleurodiscus amorphus		SPECIES	Aleurodiscus amorphus (Pers.) J.Schröt.	Aleurodiscus amorphus		CA		Ontario	PRESENT		28eb1a3f-1c15-4a95-931a-4af90ecb574d	45.36388	-75.530122	8.0						2020-11-05T12:43:14	5	11	2020	9200548	9200548	HUMAN_OBSERVATION	iNaturalist	Observations	64256028		Igor Khomenko	2020-11-06T16:55:16	CC_BY_NC_4_0	Igor Khomenko	Igor Khomenko			2025-01-14T12:15:24.915Z	StillImage	COORDINATE_ROUNDED;CONTINENT_DERIVED_FROM_COORDINATES;TAXON_MATCH_TAXON_ID_IGNORED
3059166467	50c9509d-22c7-4a22-a47d-8c48425ef4a7	https://www.inaturalist.org/observations/70847561	Fungi	Basidiomycota	Agaricomycetes	Russulales	Stereaceae	Aleurodiscus	Aleurodiscus amorphus		SPECIES	Aleurodiscus amorphus (Pers.) J.Schröt.	Aleurodiscus amorphus		CA		Québec	PRESENT		28eb1a3f-1c15-4a95-931a-4af90ecb574d	48.464542	-78.652773	15.0						2021-03-06T14:31	6	3	2021	9200548	9200548	HUMAN_OBSERVATION	iNaturalist	Observations	70847561		Pierre Cartier	2021-03-09T12:38:42	CC_BY_NC_4_0	Pierre Cartier	Pierre Cartier			2025-01-14T13:06:26.006Z	StillImage	COORDINATE_ROUNDED;CONTINENT_DERIVED_FROM_COORDINATES;TAXON_MATCH_TAXON_ID_IGNORED
3043116073	f8f35535-8c10-43fc-89dc-eb0843f25394	GB-0015468	Fungi	Basidiomycota	Agaricomycetes	Russulales	Stereaceae	Aleurodiscus	Aleurodiscus amorphus		SPECIES	Aleurodiscus amorphus (Pers.) J.Schröt.	Aleurodiscus amorphus		CA	Algonquin Provincial Park	Ontario	PRESENT		0ed04352-6745-4665-9e11-7117ee91a96b	45.800278	-78.340278							1938-09-18	18	9	1938	9200548	9200548	PRESERVED_SPECIMEN	GB	GB	GB-0015468	13419			CC0_1_0		Jackson, Herbert Spencer			2024-12-19T12:17:44.111Z		COORDINATE_ROUNDED;GEODETIC_DATUM_ASSUMED_WGS84;INSTITUTION_MATCH_FUZZY;COLLECTION_MATCH_FUZZY
3043000075	f8f35535-8c10-43fc-89dc-eb0843f25394	GB-0015476	Fungi	Basidiomycota	Agaricomycetes	Russulales	Stereaceae	Aleurodiscus	Aleurodiscus amorphus		SPECIES	Aleurodiscus amorphus (Pers.) J.Schröt.	Aleurodiscus amorphus		CA	Algonquin Provincial Park	Ontario	PRESENT		0ed04352-6745-4665-9e11-7117ee91a96b	45.800278	-78.340278							1982-09-21	21	9	1982	9200548	9200548	PRESERVED_SPECIMEN	GB	GB	GB-0015476	NH7458			CC0_1_0		Hallenberg, Nils & Ginns, J.			2024-12-19T12:17:44.155Z		COORDINATE_ROUNDED;GEODETIC_DATUM_ASSUMED_WGS84;INSTITUTION_MATCH_FUZZY;COLLECTION_MATCH_FUZZY
2988457573	50c9509d-22c7-4a22-a47d-8c48425ef4a7	https://www.inaturalist.org/observations/54622042	Fungi	Basidiomycota	Agaricomycetes	Russulales	Stereaceae	Aleurodiscus	Aleurodiscus amorphus		SPECIES	Aleurodiscus amorphus (Pers.) J.Schröt.	Aleurodiscus amorphus		CA		Québec	PRESENT		28eb1a3f-1c15-4a95-931a-4af90ecb574d	46.757585	-72.708313	490.0						2020-07-27T14:17	27	7	2020	9200548	9200548	HUMAN_OBSERVATION	iNaturalist	Observations	54622042		Carl-Adam Wegenschimmel	2020-11-23T15:51:13	CC0_1_0	David Bird	David Bird			2025-01-14T12:14:41.802Z	StillImage	COORDINATE_ROUNDED;CONTINENT_DERIVED_FROM_COORDINATES;TAXON_MATCH_TAXON_ID_IGNORED
2868184767	50c9509d-22c7-4a22-a47d-8c48425ef4a7	https://www.inaturalist.org/observations/60046037	Fungi	Basidiomycota	Agaricomycetes	Russulales	Stereaceae	Aleurodiscus	Aleurodiscus amorphus		SPECIES	Aleurodiscus amorphus (Pers.) J.Schröt.	Aleurodiscus amorphus		CA		Québec	PRESENT		28eb1a3f-1c15-4a95-931a-4af90ecb574d	48.4036	-68.57575	22730.0						2013-08-07	7	8	2013	9200548	9200548	HUMAN_OBSERVATION	iNaturalist	Observations	60046037		John Plischke	2020-09-19T06:26:18	CC_BY_NC_4_0	John Plischke	John Plischke			2025-01-14T13:09:33.205Z	StillImage	CONTINENT_DERIVED_FROM_COORDINATES;TAXON_MATCH_TAXON_ID_IGNORED
2868180633	50c9509d-22c7-4a22-a47d-8c48425ef4a7	https://www.inaturalist.org/observations/60046031	Fungi	Basidiomycota	Agaricomycetes	Russulales	Stereaceae	Aleurodiscus	Aleurodiscus amorphus		SPECIES	Aleurodiscus amorphus (Pers.) J.Schröt.	Aleurodiscus amorphus		CA		Québec	PRESENT		28eb1a3f-1c15-4a95-931a-4af90ecb574d	48.4036	-68.57575	22730.0						2013-08-07	7	8	2013	9200548	9200548	HUMAN_OBSERVATION	iNaturalist	Observations	60046031		John Plischke	2020-09-19T06:25:57	CC_BY_NC_4_0	John Plischke	John Plischke			2025-01-14T13:09:34.624Z	StillImage	CONTINENT_DERIVED_FROM_COORDINATES;TAXON_MATCH_TAXON_ID_IGNORED
2868112710	50c9509d-22c7-4a22-a47d-8c48425ef4a7	https://www.inaturalist.org/observations/60046017	Fungi	Basidiomycota	Agaricomycetes	Russulales	Stereaceae	Aleurodiscus	Aleurodiscus amorphus		SPECIES	Aleurodiscus amorphus (Pers.) J.Schröt.	Aleurodiscus amorphus		CA		Québec	PRESENT		28eb1a3f-1c15-4a95-931a-4af90ecb574d	48.4036	-68.57575	22730.0						2013-08-07	7	8	2013	9200548	9200548	HUMAN_OBSERVATION	iNaturalist	Observations	60046017		John Plischke	2020-09-19T06:25:23	CC_BY_NC_4_0	John Plischke	John Plischke			2025-01-14T12:14:54.825Z	StillImage	CONTINENT_DERIVED_FROM_COORDINATES;TAXON_MATCH_TAXON_ID_IGNORED
2611030273	50c9509d-22c7-4a22-a47d-8c48425ef4a7	https://www.inaturalist.org/observations/43740230	Fungi	Basidiomycota	Agaricomycetes	Russulales	Stereaceae	Aleurodiscus	Aleurodiscus amorphus		SPECIES	Aleurodiscus amorphus (Pers.) J.Schröt.	Aleurodiscus amorphus		CA		Ontario	PRESENT		28eb1a3f-1c15-4a95-931a-4af90ecb574d	45.200162	-75.979483	64.0						2020-04-24T15:05:09	24	4	2020	9200548	9200548	HUMAN_OBSERVATION	iNaturalist	Observations	43740230		Keith Seifert	2020-04-26T21:35:33	CC0_1_0	Keith Seifert	Keith Seifert			2025-01-14T13:00:37.110Z	StillImage	COORDINATE_ROUNDED;CONTINENT_DERIVED_FROM_COORDINATES;TAXON_MATCH_TAXON_ID_IGNORED
2603346452	50c9509d-22c7-4a22-a47d-8c48425ef4a7	https://www.inaturalist.org/observations/42048113	Fungi	Basidiomycota	Agaricomycetes	Russulales	Stereaceae	Aleurodiscus	Aleurodiscus amorphus		SPECIES	Aleurodiscus amorphus (Pers.) J.Schröt.	Aleurodiscus amorphus		CA		Ontario	PRESENT		28eb1a3f-1c15-4a95-931a-4af90ecb574d	45.364952	-75.526593							2020-04-12T14:52	12	4	2020	9200548	9200548	HUMAN_OBSERVATION	iNaturalist	Observations	42048113		jonathan_mack	2020-04-12T23:44:52	CC_BY_NC_4_0	jonathan_mack	jonathan_mack			2025-01-14T13:05:46.527Z	StillImage	COORDINATE_ROUNDED;CONTINENT_DERIVED_FROM_COORDINATES;TAXON_MATCH_TAXON_ID_IGNORED
2603274955	50c9509d-22c7-4a22-a47d-8c48425ef4a7	https://www.inaturalist.org/observations/10816448	Fungi	Basidiomycota	Agaricomycetes	Russulales	Stereaceae	Aleurodiscus	Aleurodiscus amorphus		SPECIES	Aleurodiscus amorphus (Pers.) J.Schröt.	Aleurodiscus amorphus		CA		Québec	PRESENT		28eb1a3f-1c15-4a95-931a-4af90ecb574d	45.569443	-70.775276							2018-04-12T10:51:14	12	4	2018	9200548	9200548	HUMAN_OBSERVATION	iNaturalist	Observations	10816448		cinna_latifolia	2020-01-05T20:44:03	CC_BY_NC_4_0	Danavan Rouillard	Danavan Rouillard			2025-01-14T12:59:39.054Z	StillImage	COORDINATE_ROUNDED;CONTINENT_DERIVED_FROM_COORDINATES;TAXON_MATCH_TAXON_ID_IGNORED
2596228123	50c9509d-22c7-4a22-a47d-8c48425ef4a7	https://www.inaturalist.org/observations/39612661	Fungi	Basidiomycota	Agaricomycetes	Russulales	Stereaceae	Aleurodiscus	Aleurodiscus amorphus		SPECIES	Aleurodiscus amorphus (Pers.) J.Schröt.	Aleurodiscus amorphus		CA		Québec	PRESENT		28eb1a3f-1c15-4a95-931a-4af90ecb574d	46.302037	-73.756767							2020-02-17T12:35	17	2	2020	9200548	9200548	HUMAN_OBSERVATION	iNaturalist	Observations	39612661		David Bird	2020-03-06T16:17:10	CC0_1_0	David Bird	David Bird			2025-01-14T12:12:14.964Z	StillImage	COORDINATE_ROUNDED;CONTINENT_DERIVED_FROM_COORDINATES;TAXON_MATCH_TAXON_ID_IGNORED
2573272002	40660363-6d19-4989-99e8-395f5b12ded8	1e88301c-383d-464d-8d8b-636ad19ccff6	Fungi	Basidiomycota	Agaricomycetes	Russulales	Stereaceae	Aleurodiscus	Aleurodiscus amorphus		SPECIES	Aleurodiscus amorphus (Pers.) J.Schröt.	Aleurodiscus amorphus	(Pers.) J. Schröt.	CA	Duchesnay	Quebec	PRESENT		fee1eb85-53bb-4edb-91cc-de55f11b3cee	47.010226	-72.064819	51069.0						1938-08-24	24	8	1938	9200548	9200548	PRESERVED_SPECIMEN	VT		UVMVT300368	431			CC0_1_0	University of Vermont	T. Sproston			2025-01-16T11:55:11.294Z	StillImage	COORDINATE_ROUNDED;CONTINENT_DERIVED_FROM_COORDINATES;TAXON_MATCH_TAXON_ID_IGNORED;COLLECTION_MATCH_NONE;INSTITUTION_MATCH_FUZZY
2283246526	50c9509d-22c7-4a22-a47d-8c48425ef4a7	https://www.inaturalist.org/observations/28513975	Fungi	Basidiomycota	Agaricomycetes	Russulales	Stereaceae	Aleurodiscus	Aleurodiscus amorphus		SPECIES	Aleurodiscus amorphus (Pers.) J.Schröt.	Aleurodiscus amorphus		CA		Québec	PRESENT		28eb1a3f-1c15-4a95-931a-4af90ecb574d	47.568333	-79.317778							2018-03-11T16:56	11	3	2018	9200548	9200548	HUMAN_OBSERVATION	iNaturalist	Observations	28513975		Jonathan Jensen-Lynch	2019-07-09T19:08:05	CC_BY_NC_4_0	Jonathan Jensen-Lynch	Jonathan Jensen-Lynch			2025-01-14T12:59:45.659Z	StillImage	COORDINATE_ROUNDED;CONTINENT_DERIVED_FROM_COORDINATES;TAXON_MATCH_TAXON_ID_IGNORED
2236835767	50c9509d-22c7-4a22-a47d-8c48425ef4a7	https://www.inaturalist.org/observations/22171838	Fungi	Basidiomycota	Agaricomycetes	Russulales	Stereaceae	Aleurodiscus	Aleurodiscus amorphus		SPECIES	Aleurodiscus amorphus (Pers.) J.Schröt.	Aleurodiscus amorphus		CA		Québec	PRESENT		28eb1a3f-1c15-4a95-931a-4af90ecb574d	45.212803	-72.528846	27190.0						2019-04-07T15:19	7	4	2019	9200548	9200548	HUMAN_OBSERVATION	iNaturalist	Observations	22171838		Carl-Adam Wegenschimmel	2019-04-16T15:17:45	CC_BY_NC_4_0	Janie Collin	Janie Collin			2025-01-14T12:06:36.235Z	StillImage	COORDINATE_ROUNDED;CONTINENT_DERIVED_FROM_COORDINATES;TAXON_MATCH_TAXON_ID_IGNORED
2013712507	50c9509d-22c7-4a22-a47d-8c48425ef4a7	https://www.inaturalist.org/observations/21093991	Fungi	Basidiomycota	Agaricomycetes	Russulales	Stereaceae	Aleurodiscus	Aleurodiscus amorphus		SPECIES	Aleurodiscus amorphus (Pers.) J.Schröt.	Aleurodiscus amorphus		CA		Québec	PRESENT		28eb1a3f-1c15-4a95-931a-4af90ecb574d	47.239546	-70.656433	1359.0						2019-03-02T18:44	2	3	2019	9200548	9200548	HUMAN_OBSERVATION	iNaturalist	Observations	21093991		nambec	2019-03-09T23:03:24	CC_BY_NC_4_0	nambec	nambec			2025-01-14T12:59:03.599Z	StillImage	COORDINATE_ROUNDED;CONTINENT_DERIVED_FROM_COORDINATES;TAXON_MATCH_TAXON_ID_IGNORED
2006041973	50c9509d-22c7-4a22-a47d-8c48425ef4a7	https://www.inaturalist.org/observations/20548063	Fungi	Basidiomycota	Agaricomycetes	Russulales	Stereaceae	Aleurodiscus	Aleurodiscus amorphus		SPECIES	Aleurodiscus amorphus (Pers.) J.Schröt.	Aleurodiscus amorphus		CA		Ontario	PRESENT		28eb1a3f-1c15-4a95-931a-4af90ecb574d	45.577559	-78.522914	31.0						2019-02-20T11:30	20	2	2019	9200548	9200548	HUMAN_OBSERVATION	iNaturalist	Observations	20548063		Owen Strickland	2019-02-22T05:05:45	CC_BY_4_0	Owen Strickland	Owen Strickland			2025-01-14T13:01:01.103Z	StillImage	COORDINATE_ROUNDED;CONTINENT_DERIVED_FROM_COORDINATES;TAXON_MATCH_TAXON_ID_IGNORED
2005257018	50c9509d-22c7-4a22-a47d-8c48425ef4a7	https://www.inaturalist.org/observations/10888027	Fungi	Basidiomycota	Agaricomycetes	Russulales	Stereaceae	Aleurodiscus	Aleurodiscus amorphus		SPECIES	Aleurodiscus amorphus (Pers.) J.Schröt.	Aleurodiscus amorphus		CA		Québec	PRESENT		28eb1a3f-1c15-4a95-931a-4af90ecb574d	48.452589	-68.512458							2013-08-08T11:09:26	8	8	2013	9200548	9200548	HUMAN_OBSERVATION	iNaturalist	Observations	10888027		John Plischke	2018-04-14T05:24:15	CC_BY_NC_4_0	John Plischke	John Plischke			2025-01-14T12:04:44.340Z		CONTINENT_DERIVED_FROM_COORDINATES;TAXON_MATCH_TAXON_ID_IGNORED
1990300667	032f1fbe-d21f-407d-be46-5cd1bb1ea397	94b2aa90-20f3-470f-9387-e8a8b5a81f4a	Fungi	Basidiomycota	Agaricomycetes	Russulales	Stereaceae	Aleurodiscus	Aleurodiscus amorphus		SPECIES	Aleurodiscus amorphus (Pers.) J.Schröt.	Aleurodiscus amorphus	(Pers.) J. Schröt.	CA	Dorset, At University of Toronto Forest	Ontario	PRESENT		61c539d8-47e0-4b82-875f-b95aad66dcd4	45.026389	-78.516667							1962-09-09	9	9	1962	9200548	9200548	PRESERVED_SPECIMEN	TENN-F		TENN-F-027443	OP831			CC0_1_0		O. Phelps			2025-01-12T10:33:48.789Z		COORDINATE_ROUNDED;GEODETIC_DATUM_ASSUMED_WGS84;CONTINENT_DERIVED_FROM_COORDINATES;TAXON_MATCH_TAXON_ID_IGNORED;INSTITUTION_MATCH_NONE
1847645419	50c9509d-22c7-4a22-a47d-8c48425ef4a7	https://www.inaturalist.org/observations/9573729	Fungi	Basidiomycota	Agaricomycetes	Russulales	Stereaceae	Aleurodiscus	Aleurodiscus amorphus		SPECIES	Aleurodiscus amorphus (Pers.) J.Schröt.	Aleurodiscus amorphus		CA		Québec	PRESENT		28eb1a3f-1c15-4a95-931a-4af90ecb574d	48.4036	-68.57575	22730.0						2013-08-09	9	8	2013	9200548	9200548	HUMAN_OBSERVATION	iNaturalist	Observations	9573729		mycowalt	2018-01-23T11:00:23	CC_BY_NC_4_0	mycowalt	mycowalt			2025-01-14T13:00:15.409Z	StillImage	CONTINENT_DERIVED_FROM_COORDINATES;TAXON_MATCH_TAXON_ID_IGNORED
1807258740	e8a25a42-f125-476c-8554-3ec21cd51a84	ACAD:115263	Fungi	Basidiomycota	Agaricomycetes	Russulales	Stereaceae	Aleurodiscus	Aleurodiscus amorphus		SPECIES	Aleurodiscus amorphus (Pers.) J.Schröt.	Aleurodiscus amorphus (Pers.) J. Schrot.	(Pers.) J. Schrot.	CA	Kentville	Nova Scotia	PRESENT		6491ad8c-8e49-4bd4-a089-0ddb3bbe0890	45.07662	-64.49592							1928-05-03	3	5	1928	9200548	9200548	PRESERVED_SPECIMEN	Acadia University	ACAD	96F	96			CC0_1_0	Acadia University	H, KA			2024-01-25T01:36:59.341Z	StillImage	GEODETIC_DATUM_INVALID;GEODETIC_DATUM_ASSUMED_WGS84;TAXON_MATCH_TAXON_ID_IGNORED;INSTITUTION_MATCH_FUZZY;COLLECTION_MATCH_FUZZY
1807258580	e8a25a42-f125-476c-8554-3ec21cd51a84	ACAD:115247	Fungi	Basidiomycota	Agaricomycetes	Russulales	Stereaceae	Aleurodiscus	Aleurodiscus amorphus		SPECIES	Aleurodiscus amorphus (Pers.) J.Schröt.	Aleurodiscus amorphus (Pers.) J. Schrot.	(Pers.) J. Schrot.	CA	Kentville	Nova Scotia	PRESENT		6491ad8c-8e49-4bd4-a089-0ddb3bbe0890	45.07662	-64.49592							1938-07-27	27	7	1938	9200548	9200548	PRESERVED_SPECIMEN	Acadia University	ACAD	948F	948			CC0_1_0	Acadia University	H, KA			2024-01-25T01:36:59.328Z	StillImage	GEODETIC_DATUM_INVALID;GEODETIC_DATUM_ASSUMED_WGS84;TAXON_MATCH_TAXON_ID_IGNORED;INSTITUTION_MATCH_FUZZY;COLLECTION_MATCH_FUZZY
1807258578	e8a25a42-f125-476c-8554-3ec21cd51a84	ACAD:115377	Fungi	Basidiomycota	Agaricomycetes	Russulales	Stereaceae	Aleurodiscus	Aleurodiscus amorphus		SPECIES	Aleurodiscus amorphus (Pers.) J.Schröt.	Aleurodiscus amorphus (Pers.) J. Schrot.	(Pers.) J. Schrot.	CA	Kentville	Nova Scotia	PRESENT		6491ad8c-8e49-4bd4-a089-0ddb3bbe0890	45.07662	-64.49592							1953-11-18	18	11	1953	9200548	9200548	PRESERVED_SPECIMEN	Acadia University	ACAD	2764F	2764			CC0_1_0	Acadia University	Harrison, KA			2024-01-25T01:36:59.156Z	StillImage	GEODETIC_DATUM_INVALID;GEODETIC_DATUM_ASSUMED_WGS84;TAXON_MATCH_TAXON_ID_IGNORED;INSTITUTION_MATCH_FUZZY;COLLECTION_MATCH_FUZZY
1807258291	e8a25a42-f125-476c-8554-3ec21cd51a84	ACAD:114953	Fungi	Basidiomycota	Agaricomycetes	Russulales	Stereaceae	Aleurodiscus	Aleurodiscus amorphus		SPECIES	Aleurodiscus amorphus (Pers.) J.Schröt.	Aleurodiscus amorphus (Pers.) J. Schrot.	(Pers.) J. Schrot.	CA	Kentville	Nova Scotia	PRESENT		6491ad8c-8e49-4bd4-a089-0ddb3bbe0890	45.07662	-64.49592							1932-04-02	2	4	1932	9200548	9200548	PRESERVED_SPECIMEN	Acadia University	ACAD	6599F				CC0_1_0	Acadia University	Harrison, KA			2024-01-25T01:37:14.750Z	StillImage	GEODETIC_DATUM_INVALID;GEODETIC_DATUM_ASSUMED_WGS84;TAXON_MATCH_TAXON_ID_IGNORED;INSTITUTION_MATCH_FUZZY;COLLECTION_MATCH_FUZZY
1807255627	e8a25a42-f125-476c-8554-3ec21cd51a84	ACAD:112022	Fungi	Basidiomycota	Agaricomycetes	Russulales	Stereaceae	Aleurodiscus	Aleurodiscus amorphus		SPECIES	Aleurodiscus amorphus (Pers.) J.Schröt.	Aleurodiscus amorphus (Pers.) J. Schrot.	(Pers.) J. Schrot.	CA	(Kentville)	Nova Scotia	PRESENT		6491ad8c-8e49-4bd4-a089-0ddb3bbe0890	45.07662	-64.49592							1952-10-17	17	10	1952	9200548	9200548	PRESERVED_SPECIMEN	Acadia University	ACAD	1702F	1702			CC0_1_0	Acadia University	H, KA			2024-01-25T01:37:06.134Z	StillImage	GEODETIC_DATUM_INVALID;GEODETIC_DATUM_ASSUMED_WGS84;TAXON_MATCH_TAXON_ID_IGNORED;INSTITUTION_MATCH_FUZZY;COLLECTION_MATCH_FUZZY
1807255043	e8a25a42-f125-476c-8554-3ec21cd51a84	ACAD:111682	Fungi	Basidiomycota	Agaricomycetes	Russulales	Stereaceae	Aleurodiscus	Aleurodiscus amorphus		SPECIES	Aleurodiscus amorphus (Pers.) J.Schröt.	Aleurodiscus amorphus (Pers.) J. Schrot.	(Pers.) J. Schrot.	CA	Kentville	Nova Scotia	PRESENT		6491ad8c-8e49-4bd4-a089-0ddb3bbe0890	45.07662	-64.49592											9200548	9200548	PRESERVED_SPECIMEN	Acadia University	ACAD	1310F	1310			CC0_1_0	Acadia University	Lewis, RM			2024-01-25T01:37:07.183Z	StillImage	GEODETIC_DATUM_INVALID;GEODETIC_DATUM_ASSUMED_WGS84;TAXON_MATCH_TAXON_ID_IGNORED;INSTITUTION_MATCH_FUZZY;COLLECTION_MATCH_FUZZY
1586094987	50c9509d-22c7-4a22-a47d-8c48425ef4a7	https://www.inaturalist.org/observations/6692051	Fungi	Basidiomycota	Agaricomycetes	Russulales	Stereaceae	Aleurodiscus	Aleurodiscus amorphus		SPECIES	Aleurodiscus amorphus (Pers.) J.Schröt.	Aleurodiscus amorphus		CA		Québec	PRESENT		28eb1a3f-1c15-4a95-931a-4af90ecb574d	45.991725	-74.004481							2017-05-27	27	5	2017	9200548	9200548	HUMAN_OBSERVATION	iNaturalist	Observations	6692051		suzanne béland	2017-06-17T16:36:46	CC_BY_NC_4_0	suzanne béland	suzanne béland			2025-01-14T12:03:31.569Z		CONTINENT_DERIVED_FROM_COORDINATES;TAXON_MATCH_TAXON_ID_IGNORED
1412706591	21705170-d2b6-42de-8904-c3bca4b83591	CMMF015039	Fungi	Basidiomycota	Agaricomycetes	Russulales	Stereaceae	Aleurodiscus	Aleurodiscus amorphus		SPECIES	Aleurodiscus amorphus (Pers.) J.Schröt.	Aleurodiscus amorphus (Pers.) J. Schröt.	(Pers.) J. Schröt.	CA	Chicoutimi, Québec.	Québec	PRESENT		ff7bd5db-b724-4932-b496-10ea298851f9	48.368277	-71.119642	15000.0						1989-06-14	14	6	1989	9200548	9200548	PRESERVED_SPECIMEN	Université de Montréal Biodiversity Centre	CMMF	CMMF015039	913	Guérin, Gérard		CC0_1_0	Université de Montréal Biodiversity Centre	Guérin, Gérard			2024-01-24T16:38:16.667Z		INSTITUTION_MATCH_FUZZY;COLLECTION_MATCH_FUZZY;DIFFERENT_OWNER_INSTITUTION
1412706582	21705170-d2b6-42de-8904-c3bca4b83591	CMMF015038	Fungi	Basidiomycota	Agaricomycetes	Russulales	Stereaceae	Aleurodiscus	Aleurodiscus amorphus		SPECIES	Aleurodiscus amorphus (Pers.) J.Schröt.	Aleurodiscus amorphus (Pers.) J. Schröt.	(Pers.) J. Schröt.	CA	Rang Saint-Paul, Chicoutimi, Québec.	Québec	PRESENT		ff7bd5db-b724-4932-b496-10ea298851f9	48.361148	-71.135546	4000.0						1995-10-09	9	10	1995	9200548	9200548	PRESERVED_SPECIMEN	Université de Montréal Biodiversity Centre	CMMF	CMMF015038	914	Guérin, Gérard		CC0_1_0	Université de Montréal Biodiversity Centre	Guérin, Gérard			2024-01-24T16:38:16.667Z	StillImage	INSTITUTION_MATCH_FUZZY;COLLECTION_MATCH_FUZZY;DIFFERENT_OWNER_INSTITUTION
1412704857	21705170-d2b6-42de-8904-c3bca4b83591	CMMF013263	Fungi	Basidiomycota	Agaricomycetes	Russulales	Stereaceae	Aleurodiscus	Aleurodiscus amorphus		SPECIES	Aleurodiscus amorphus (Pers.) J.Schröt.	Aleurodiscus amorphus (Pers.) J. Schröt.	(Pers.) J. Schröt.	CA	Griffith, Ontario.	Ontario	PRESENT		ff7bd5db-b724-4932-b496-10ea298851f9	45.243902	-77.164831	4000.0						1956-08-19	19	8	1956	9200548	9200548	PRESERVED_SPECIMEN	Université de Montréal Biodiversity Centre	CMMF	CMMF013263	742	Atwell, E.A.		CC0_1_0	Université de Montréal Biodiversity Centre	Atwell, E.A.			2024-01-24T16:38:17.539Z		INSTITUTION_MATCH_FUZZY;COLLECTION_MATCH_FUZZY;DIFFERENT_OWNER_INSTITUTION
1269735905	0d4af118-b79e-40c7-9cc6-142c5027cb16	8869bb08-a4a5-4817-8ddd-bbb0943cca63	Fungi	Basidiomycota	Agaricomycetes	Russulales	Stereaceae	Aleurodiscus	Aleurodiscus amorphus		SPECIES	Aleurodiscus amorphus (Pers.) J.Schröt.	Aleurodiscus amorphus	(Pers.) J. Schröt.	CA	Near Lake of Two Rivers, Algonquin Park.	Ontario	PRESENT		38a69420-bd2a-11dd-b15e-b8a03c50a862	45.578799	-78.480741	3420.0						1938-09-16	16	9	1938	9200548	9200548	PRESERVED_SPECIMEN	LSUM	Fungi	LSU00172538	s.n.	Herbert S. Jackson; Paul A. Lemke		CC0_1_0		Herbert S. Jackson			2025-01-12T11:02:08.151Z	StillImage	CONTINENT_DERIVED_FROM_COORDINATES;TAXON_MATCH_TAXON_ID_IGNORED;INSTITUTION_MATCH_FUZZY;INSTITUTION_COLLECTION_MISMATCH
1269735883	0d4af118-b79e-40c7-9cc6-142c5027cb16	42864da8-5e9a-44c0-80d2-219c64267e38	Fungi	Basidiomycota	Agaricomycetes	Russulales	Stereaceae	Aleurodiscus	Aleurodiscus amorphus		SPECIES	Aleurodiscus amorphus (Pers.) J.Schröt.	Aleurodiscus amorphus	(Pers.) J. Schröt.	CA	Les Méchins	Quebec	PRESENT		38a69420-bd2a-11dd-b15e-b8a03c50a862	48.99879	-66.980933	4150.0						1959-08-12	12	8	1959	9200548	9200548	PRESERVED_SPECIMEN	LSUM	Fungi	LSU00172536	s.n.	Bernard Lowy		CC0_1_0		Bernard Lowy			2025-01-12T11:02:08.154Z	StillImage	CONTINENT_DERIVED_FROM_COORDINATES;TAXON_MATCH_TAXON_ID_IGNORED;INSTITUTION_MATCH_FUZZY;INSTITUTION_COLLECTION_MISMATCH
1269735872	0d4af118-b79e-40c7-9cc6-142c5027cb16	0c7e26df-c092-4cca-995b-a9770bc38799	Fungi	Basidiomycota	Agaricomycetes	Russulales	Stereaceae	Aleurodiscus	Aleurodiscus amorphus		SPECIES	Aleurodiscus amorphus (Pers.) J.Schröt.	Aleurodiscus amorphus	(Pers.) J. Schröt.	CA	Road to Opeongo Lake, Algonquin Park.	Ontario	PRESENT		38a69420-bd2a-11dd-b15e-b8a03c50a862	45.700254	-78.368922	12700.0						1938-09-18	18	9	1938	9200548	9200548	PRESERVED_SPECIMEN	LSUM	Fungi	LSU00172537	s.n.13419	Herbert S. Jackson		CC0_1_0		Herbert S. Jackson			2025-01-12T11:02:08.152Z	StillImage	CONTINENT_DERIVED_FROM_COORDINATES;TAXON_MATCH_TAXON_ID_IGNORED;INSTITUTION_MATCH_FUZZY;INSTITUTION_COLLECTION_MISMATCH
1135070897	21705170-d2b6-42de-8904-c3bca4b83591	CMMF009402	Fungi	Basidiomycota	Agaricomycetes	Russulales	Stereaceae	Aleurodiscus	Aleurodiscus amorphus		SPECIES	Aleurodiscus amorphus (Pers.) J.Schröt.	Aleurodiscus amorphus (Pers.) J. Schröt.	(Pers.) J. Schröt.	CA	Rue des Castors, Québec.	Québec	PRESENT		ff7bd5db-b724-4932-b496-10ea298851f9	46.891264	-71.290968	500.0						2006-10-19	19	10	2006	9200548	9200548	PRESERVED_SPECIMEN	Université de Montréal Biodiversity Centre	CMMF	CMMF009402	986	Labbé, Roland		CC0_1_0	Université de Montréal Biodiversity Centre	Labrecque, Jacqueline			2024-01-24T16:38:21.688Z		INSTITUTION_MATCH_FUZZY;COLLECTION_MATCH_FUZZY;DIFFERENT_OWNER_INSTITUTION
1135069973	21705170-d2b6-42de-8904-c3bca4b83591	CMMF008490	Fungi	Basidiomycota	Agaricomycetes	Russulales	Stereaceae	Aleurodiscus	Aleurodiscus amorphus		SPECIES	Aleurodiscus amorphus (Pers.) J.Schröt.	Aleurodiscus amorphus (Pers.) J. Schröt.	(Pers.) J. Schröt.	CA	Rue des Acadiens	Québec	PRESENT		ff7bd5db-b724-4932-b496-10ea298851f9	46.918501	-71.254455	4000.0						2006-04-21	21	4	2006	9200548	9200548	PRESERVED_SPECIMEN	Université de Montréal Biodiversity Centre	CMMF	CMMF008490	62	Labbé, Roland		CC0_1_0	Université de Montréal Biodiversity Centre	Labrecque, Jacqueline			2024-01-24T16:38:17.823Z	StillImage	INSTITUTION_MATCH_FUZZY;COLLECTION_MATCH_FUZZY;DIFFERENT_OWNER_INSTITUTION
1024559987	21705170-d2b6-42de-8904-c3bca4b83591	CMMF005440	Fungi	Basidiomycota	Agaricomycetes	Russulales	Stereaceae	Aleurodiscus	Aleurodiscus amorphus		SPECIES	Aleurodiscus amorphus (Pers.) J.Schröt.	Aleurodiscus amorphus (Pers.) J. Schröt.	(Pers.) J. Schröt.	CA	Montebello	Québec	PRESENT		ff7bd5db-b724-4932-b496-10ea298851f9	45.64633	-74.953666	100.0						1979-03-06	6	3	1979	9200548	9200548	PRESERVED_SPECIMEN	Université de Montréal Biodiversity Centre	CMMF	CMMF005440	330	McNeil, Raymond		CC0_1_0	Université de Montréal Biodiversity Centre	McNeil, Raymond			2024-01-24T16:38:15.737Z	StillImage	INSTITUTION_MATCH_FUZZY;COLLECTION_MATCH_FUZZY;DIFFERENT_OWNER_INSTITUTION
1024559968	21705170-d2b6-42de-8904-c3bca4b83591	CMMF005439	Fungi	Basidiomycota	Agaricomycetes	Russulales	Stereaceae	Aleurodiscus	Aleurodiscus amorphus		SPECIES	Aleurodiscus amorphus (Pers.) J.Schröt.	Aleurodiscus amorphus (Pers.) J. Schröt.	(Pers.) J. Schröt.	CA	St-Timothée	Québec	PRESENT		ff7bd5db-b724-4932-b496-10ea298851f9	45.28873	-74.04115	100.0						1979-09-08	8	9	1979	9200548	9200548	PRESERVED_SPECIMEN	Université de Montréal Biodiversity Centre	CMMF	CMMF005439	442	McNeil, Raymond		CC0_1_0	Université de Montréal Biodiversity Centre	McNeil, Raymond			2024-01-24T16:38:15.737Z	StillImage	INSTITUTION_MATCH_FUZZY;COLLECTION_MATCH_FUZZY;DIFFERENT_OWNER_INSTITUTION
1024559923	21705170-d2b6-42de-8904-c3bca4b83591	CMMF005441	Fungi	Basidiomycota	Agaricomycetes	Russulales	Stereaceae	Aleurodiscus	Aleurodiscus amorphus		SPECIES	Aleurodiscus amorphus (Pers.) J.Schröt.	Aleurodiscus amorphus (Pers.) J. Schröt.	(Pers.) J. Schröt.	CA	Sainte-Euphémie	Québec	PRESENT		ff7bd5db-b724-4932-b496-10ea298851f9	46.759817	-70.439833	100.0						2012-07-05	5	7	2012	9200548	9200548	PRESERVED_SPECIMEN	Université de Montréal Biodiversity Centre	CMMF	CMMF005441	C4009	McNeil, Raymond		CC0_1_0	Université de Montréal Biodiversity Centre	McNeil, Raymond			2024-01-24T16:38:15.737Z	StillImage	COORDINATE_ROUNDED;INSTITUTION_MATCH_FUZZY;COLLECTION_MATCH_FUZZY;DIFFERENT_OWNER_INSTITUTION
