gbifID	datasetKey	occurrenceID	kingdom	phylum	class	order	family	genus	species	infraspecificEpithet	taxonRank	scientificName	verbatimScientificName	verbatimScientificNameAuthorship	countryCode	locality	stateProvince	occurrenceStatus	individualCount	publishingOrgKey	decimalLatitude	decimalLongitude	coordinateUncertaintyInMeters	coordinatePrecision	elevation	elevationAccuracy	depth	depthAccuracy	eventDate	day	month	year	taxonKey	speciesKey	basisOfRecord	institutionCode	collectionCode	catalogNumber	recordNumber	identifiedBy	dateIdentified	license	rightsHolder	recordedBy	typeStatus	establishmentMeans	lastInterpreted	mediaType	issue
694157928	d7cfd2ed-8af4-427f-a16e-eb66b7e2c419	18110	Fungi	Basidiomycota	Agaricomycetes	Agaricales	Tricholomataceae	Collybia	Collybia tuberosa		SPECIES	Collybia tuberosa (Bull.) P.Kumm.	Collybia tuberosa (Bull.) P. Kumm.	(Bull.) P. Kumm.	CA	University of Toronto forest	Ontario	PRESENT		ff418020-1d67-11d9-8435-b8a03c50a862	45.183005	-78.85025	7575.0						1961-09-14	14	9	1961	2532472	2532472	PRESERVED_SPECIMEN	Royal Ontario Museum	TRTC	TRTC037649		Cain, R.F.		CC0_1_0	Royal Ontario Museum	Cain, R.F.;			2024-01-25T00:59:40.756Z		COORDINATE_ROUNDED;AMBIGUOUS_INSTITUTION
694157039	d7cfd2ed-8af4-427f-a16e-eb66b7e2c419	14203	Fungi	Basidiomycota	Agaricomycetes	Agaricales	Tricholomataceae	Collybia	Collybia tuberosa		SPECIES	Collybia tuberosa (Bull.) P.Kumm.	Collybia tuberosa (Bull.) P. Kumm.	(Bull.) P. Kumm.	CA	University of Toronto Forest	Ontario	PRESENT		ff418020-1d67-11d9-8435-b8a03c50a862	45.183005	-78.85025	7575.0						1966-09-15	15	9	1966	2532472	2532472	PRESERVED_SPECIMEN	Royal Ontario Museum	TRTC	TRTC044634				CC0_1_0	Royal Ontario Museum	Cain, R.F.			2024-01-25T00:59:40.377Z		COORDINATE_ROUNDED;AMBIGUOUS_INSTITUTION
694157035	d7cfd2ed-8af4-427f-a16e-eb66b7e2c419	14173	Fungi	Basidiomycota	Agaricomycetes	Agaricales	Tricholomataceae	Collybia	Collybia tuberosa		SPECIES	Collybia tuberosa (Bull.) P.Kumm.	Collybia tuberosa (Bull.) P. Kumm.	(Bull.) P. Kumm.	CA	University of Toronto Forest	Ontario	PRESENT		ff418020-1d67-11d9-8435-b8a03c50a862	45.183005	-78.85025	7575.0						1966-09-17	17	9	1966	2532472	2532472	PRESERVED_SPECIMEN	Royal Ontario Museum	TRTC	TRTC044629				CC0_1_0	Royal Ontario Museum	Cain, R.F.			2024-01-25T00:59:40.256Z		COORDINATE_ROUNDED;AMBIGUOUS_INSTITUTION
694157034	d7cfd2ed-8af4-427f-a16e-eb66b7e2c419	14172	Fungi	Basidiomycota	Agaricomycetes	Agaricales	Tricholomataceae	Collybia	Collybia tuberosa		SPECIES	Collybia tuberosa (Bull.) P.Kumm.	Collybia tuberosa (Bull.) P. Kumm.	(Bull.) P. Kumm.	CA	University of Toronto Forest	Ontario	PRESENT		ff418020-1d67-11d9-8435-b8a03c50a862	45.183005	-78.85025	7575.0						1963-09-15	15	9	1963	2532472	2532472	PRESERVED_SPECIMEN	Royal Ontario Museum	TRTC	TRTC040590		Cain, R.F.		CC0_1_0	Royal Ontario Museum	Cain, R.F.			2024-01-25T00:59:40.256Z		COORDINATE_ROUNDED;AMBIGUOUS_INSTITUTION
694157033	d7cfd2ed-8af4-427f-a16e-eb66b7e2c419	14171	Fungi	Basidiomycota	Agaricomycetes	Agaricales	Tricholomataceae	Collybia	Collybia tuberosa		SPECIES	Collybia tuberosa (Bull.) P.Kumm.	Collybia tuberosa (Bull.) P. Kumm.	(Bull.) P. Kumm.	CA	University of Toronto Forest	Ontario	PRESENT		ff418020-1d67-11d9-8435-b8a03c50a862	45.183005	-78.85025	7575.0						1965-09-18	18	9	1965	2532472	2532472	PRESERVED_SPECIMEN	Royal Ontario Museum	TRTC	TRTC042868		Cain, R.F.		CC0_1_0	Royal Ontario Museum	Cain, R.F.			2024-01-25T00:59:40.255Z		COORDINATE_ROUNDED;AMBIGUOUS_INSTITUTION
694157032	d7cfd2ed-8af4-427f-a16e-eb66b7e2c419	14170	Fungi	Basidiomycota	Agaricomycetes	Agaricales	Tricholomataceae	Collybia	Collybia tuberosa		SPECIES	Collybia tuberosa (Bull.) P.Kumm.	Collybia tuberosa (Bull.) P. Kumm.	(Bull.) P. Kumm.	CA	University of Toronto Forest	Ontario	PRESENT		ff418020-1d67-11d9-8435-b8a03c50a862	45.183005	-78.85025	7575.0						1967-09-14	14	9	1967	2532472	2532472	PRESERVED_SPECIMEN	Royal Ontario Museum	TRTC	TRTC050132		Cain, R.F.		CC0_1_0	Royal Ontario Museum	Malloch, D.W.			2024-01-25T00:59:40.257Z		COORDINATE_ROUNDED;AMBIGUOUS_INSTITUTION
694157007	d7cfd2ed-8af4-427f-a16e-eb66b7e2c419	14048	Fungi	Basidiomycota	Agaricomycetes	Agaricales	Tricholomataceae	Collybia	Collybia tuberosa		SPECIES	Collybia tuberosa (Bull.) P.Kumm.	Collybia tuberosa (Bull.) P. Kumm.	(Bull.) P. Kumm.	CA	Algonquin Provincial Park	Ontario	PRESENT		ff418020-1d67-11d9-8435-b8a03c50a862	45.759859	-78.376465	67511.0						2007-09-30	30	9	2007	2532472	2532472	PRESERVED_SPECIMEN	Royal Ontario Museum	TRTC	TRTC156885	ALG07_61			CC0_1_0	Royal Ontario Museum	Maryna Didukh; Dentiger Bryn			2024-01-25T00:59:40.036Z	StillImage	COORDINATE_ROUNDED;AMBIGUOUS_INSTITUTION
617549969	21705170-d2b6-42de-8904-c3bca4b83591	CMMF000207	Fungi	Basidiomycota	Agaricomycetes	Agaricales	Tricholomataceae	Collybia	Collybia tuberosa		SPECIES	Collybia tuberosa (Bull.) P.Kumm.	Collybia tuberosa (Bull.) P. Kumm.	(Bull.) P. Kumm.	CA	Saint-Herménégilde	Québec	PRESENT		ff7bd5db-b724-4932-b496-10ea298851f9	45.105574	-71.672847	3000.0						1988-08-21	21	8	1988	2532472	2532472	PRESERVED_SPECIMEN	Université de Montréal Biodiversity Centre	CMMF	CMMF000207		Lamoureux, Yves		CC0_1_0	Université de Montréal Biodiversity Centre	Lamoureux, Yves			2024-01-24T16:38:20.655Z	StillImage	INSTITUTION_MATCH_FUZZY;COLLECTION_MATCH_FUZZY;DIFFERENT_OWNER_INSTITUTION
617548723	21705170-d2b6-42de-8904-c3bca4b83591	CMMF001529	Fungi	Basidiomycota	Agaricomycetes	Agaricales	Tricholomataceae	Collybia	Collybia tuberosa		SPECIES	Collybia tuberosa (Bull.) P.Kumm.	Collybia tuberosa (Bull.) P. Kumm.	(Bull.) P. Kumm.	CA	Contrecoeur	Québec	PRESENT		ff7bd5db-b724-4932-b496-10ea298851f9	45.876777	-73.209987	12000.0						1991-09-28	28	9	1991	2532472	2532472	PRESERVED_SPECIMEN	Université de Montréal Biodiversity Centre	CMMF	CMMF001529		Lamoureux, Yves		CC0_1_0	Université de Montréal Biodiversity Centre	Lamoureux, Yves			2024-01-24T16:38:17.635Z	StillImage	INSTITUTION_MATCH_FUZZY;COLLECTION_MATCH_FUZZY;DIFFERENT_OWNER_INSTITUTION
4950113383	50c9509d-22c7-4a22-a47d-8c48425ef4a7	https://www.inaturalist.org/observations/242705345	Fungi	Basidiomycota	Agaricomycetes	Agaricales	Tricholomataceae	Collybia	Collybia tuberosa		SPECIES	Collybia tuberosa (Bull.) P.Kumm.	Collybia tuberosa		CA		New Brunswick	PRESENT		28eb1a3f-1c15-4a95-931a-4af90ecb574d	46.798121	-66.466591							2022-08-11T10:40	11	8	2022	2532472	2532472	HUMAN_OBSERVATION	iNaturalist	Observations	242705345		David Malloch	2024-09-19T16:43:23	CC_BY_NC_4_0	David Malloch	David Malloch			2025-01-14T13:43:52.814Z	StillImage	CONTINENT_DERIVED_FROM_COORDINATES;TAXON_MATCH_TAXON_ID_IGNORED
4528271971	50c9509d-22c7-4a22-a47d-8c48425ef4a7	https://www.inaturalist.org/observations/178773631	Fungi	Basidiomycota	Agaricomycetes	Agaricales	Tricholomataceae	Collybia	Collybia tuberosa		SPECIES	Collybia tuberosa (Bull.) P.Kumm.	Collybia tuberosa		CA		Prince Edward Island	PRESENT		28eb1a3f-1c15-4a95-931a-4af90ecb574d	46.647869	-64.251961	6.0						2023-08-15T13:42	15	8	2023	2532472	2532472	HUMAN_OBSERVATION	iNaturalist	Observations	178773631		Ken Sanderson	2023-08-17T00:57:11	CC_BY_NC_4_0	Ken Sanderson	Ken Sanderson			2025-01-14T12:39:50.556Z	StillImage	COORDINATE_ROUNDED;CONTINENT_DERIVED_FROM_COORDINATES;TAXON_MATCH_TAXON_ID_IGNORED
4436355509	50c9509d-22c7-4a22-a47d-8c48425ef4a7	https://www.inaturalist.org/observations/189520894	Fungi	Basidiomycota	Agaricomycetes	Agaricales	Tricholomataceae	Collybia	Collybia tuberosa		SPECIES	Collybia tuberosa (Bull.) P.Kumm.	Collybia tuberosa		CA		New Brunswick	PRESENT		28eb1a3f-1c15-4a95-931a-4af90ecb574d	45.913661	-66.670767							2023-10-20T13:09	20	10	2023	2532472	2532472	HUMAN_OBSERVATION	iNaturalist	Observations	189520894		Dwayne Sabine	2023-10-30T23:54:55	CC_BY_NC_4_0	Dwayne Sabine	Dwayne Sabine			2025-01-14T12:46:22.845Z	StillImage	COORDINATE_ROUNDED;CONTINENT_DERIVED_FROM_COORDINATES;TAXON_MATCH_TAXON_ID_IGNORED
4430624312	50c9509d-22c7-4a22-a47d-8c48425ef4a7	https://www.inaturalist.org/observations/187633134	Fungi	Basidiomycota	Agaricomycetes	Agaricales	Tricholomataceae	Collybia	Collybia tuberosa		SPECIES	Collybia tuberosa (Bull.) P.Kumm.	Collybia tuberosa		CA		Québec	PRESENT		28eb1a3f-1c15-4a95-931a-4af90ecb574d	45.872811	-76.4339	501.0						2023-10-13T13:49	13	10	2023	2532472	2532472	HUMAN_OBSERVATION	iNaturalist	Observations	187633134		L Joan Heyding	2023-10-15T14:13:55	CC_BY_NC_4_0	L Joan Heyding	L Joan Heyding			2025-01-14T12:42:31.391Z	StillImage	COORDINATE_ROUNDED;CONTINENT_DERIVED_FROM_COORDINATES;TAXON_MATCH_TAXON_ID_IGNORED
4417093439	50c9509d-22c7-4a22-a47d-8c48425ef4a7	https://www.inaturalist.org/observations/184597152	Fungi	Basidiomycota	Agaricomycetes	Agaricales	Tricholomataceae	Collybia	Collybia tuberosa		SPECIES	Collybia tuberosa (Bull.) P.Kumm.	Collybia tuberosa		CA		Ontario	PRESENT		28eb1a3f-1c15-4a95-931a-4af90ecb574d	45.516472	-75.346041	183.0						2023-09-23T13:18	23	9	2023	2532472	2532472	HUMAN_OBSERVATION	iNaturalist	Observations	184597152		L Joan Heyding	2023-09-23T21:39:28	CC_BY_NC_4_0	L Joan Heyding	L Joan Heyding			2025-01-14T13:33:44.474Z	StillImage	COORDINATE_ROUNDED;CONTINENT_DERIVED_FROM_COORDINATES;TAXON_MATCH_TAXON_ID_IGNORED
4414375525	50c9509d-22c7-4a22-a47d-8c48425ef4a7	https://www.inaturalist.org/observations/183740244	Fungi	Basidiomycota	Agaricomycetes	Agaricales	Tricholomataceae	Collybia	Collybia tuberosa		SPECIES	Collybia tuberosa (Bull.) P.Kumm.	Collybia tuberosa		CA		Ontario	PRESENT		28eb1a3f-1c15-4a95-931a-4af90ecb574d	46.31748	-78.702193	1323.0						2022-09-16T17:54	16	9	2022	2532472	2532472	HUMAN_OBSERVATION	iNaturalist	Observations	183740244		earthgoodies	2023-09-17T21:19:29	CC_BY_NC_4_0	earthgoodies	earthgoodies			2025-01-14T12:41:25.722Z	StillImage	CONTINENT_DERIVED_FROM_COORDINATES;TAXON_MATCH_TAXON_ID_IGNORED
4414045266	50c9509d-22c7-4a22-a47d-8c48425ef4a7	https://www.inaturalist.org/observations/183011054	Fungi	Basidiomycota	Agaricomycetes	Agaricales	Tricholomataceae	Collybia	Collybia tuberosa		SPECIES	Collybia tuberosa (Bull.) P.Kumm.	Collybia tuberosa		CA		New Brunswick	PRESENT		28eb1a3f-1c15-4a95-931a-4af90ecb574d	45.903947	-64.368447	4.0						2023-09-12T18:45:57	12	9	2023	2532472	2532472	HUMAN_OBSERVATION	iNaturalist	Observations	183011054		Dylan Lewis	2023-09-12T23:00:06	CC_BY_4_0	Dylan Lewis	Dylan Lewis			2025-01-14T12:42:37.426Z	StillImage	COORDINATE_ROUNDED;CONTINENT_DERIVED_FROM_COORDINATES;TAXON_MATCH_TAXON_ID_IGNORED
4413936814	50c9509d-22c7-4a22-a47d-8c48425ef4a7	https://www.inaturalist.org/observations/173870041	Fungi	Basidiomycota	Agaricomycetes	Agaricales	Tricholomataceae	Collybia	Collybia tuberosa		SPECIES	Collybia tuberosa (Bull.) P.Kumm.	Collybia tuberosa		CA		Québec	PRESENT		28eb1a3f-1c15-4a95-931a-4af90ecb574d	45.948357	-76.432413	27095.0						2023-07-15T09:18	15	7	2023	2532472	2532472	HUMAN_OBSERVATION	iNaturalist	Observations	173870041		jonathan_mack	2023-07-21T14:28:08	CC_BY_NC_4_0	L Joan Heyding	L Joan Heyding			2025-01-14T12:43:17.569Z	StillImage	COORDINATE_ROUNDED;CONTINENT_DERIVED_FROM_COORDINATES;TAXON_MATCH_TAXON_ID_IGNORED
4413851309	50c9509d-22c7-4a22-a47d-8c48425ef4a7	https://www.inaturalist.org/observations/181536989	Fungi	Basidiomycota	Agaricomycetes	Agaricales	Tricholomataceae	Collybia	Collybia tuberosa		SPECIES	Collybia tuberosa (Bull.) P.Kumm.	Collybia tuberosa		CA		New Brunswick	PRESENT		28eb1a3f-1c15-4a95-931a-4af90ecb574d	45.920916	-66.155338							2023-09-02T12:25:59	2	9	2023	2532472	2532472	HUMAN_OBSERVATION	iNaturalist	Observations	181536989		Andrew MacPherson	2023-09-03T11:07:11	CC0_1_0	Andrew MacPherson	Andrew MacPherson			2025-01-14T12:41:29.636Z	StillImage	COORDINATE_ROUNDED;CONTINENT_DERIVED_FROM_COORDINATES;TAXON_MATCH_TAXON_ID_IGNORED
4407274846	50c9509d-22c7-4a22-a47d-8c48425ef4a7	https://www.inaturalist.org/observations/180842544	Fungi	Basidiomycota	Agaricomycetes	Agaricales	Tricholomataceae	Collybia	Collybia tuberosa		SPECIES	Collybia tuberosa (Bull.) P.Kumm.	Collybia tuberosa		CA		Québec	PRESENT		28eb1a3f-1c15-4a95-931a-4af90ecb574d	45.34643	-71.750763	3243.0						2023-08-27T10:26:59	27	8	2023	2532472	2532472	HUMAN_OBSERVATION	iNaturalist	Observations	180842544		gabboilard	2023-08-29T23:12:45	CC_BY_NC_4_0	gabboilard	gabboilard			2025-01-14T12:40:48.405Z	StillImage	COORDINATE_ROUNDED;CONTINENT_DERIVED_FROM_COORDINATES;TAXON_MATCH_TAXON_ID_IGNORED
4177261347	50c9509d-22c7-4a22-a47d-8c48425ef4a7	https://www.inaturalist.org/observations/177968761	Fungi	Basidiomycota	Agaricomycetes	Agaricales	Tricholomataceae	Collybia	Collybia tuberosa		SPECIES	Collybia tuberosa (Bull.) P.Kumm.	Collybia tuberosa		CA		Québec	PRESENT		28eb1a3f-1c15-4a95-931a-4af90ecb574d	45.944151	-76.41864	27095.0						2023-08-03T09:37	3	8	2023	2532472	2532472	HUMAN_OBSERVATION	iNaturalist	Observations	177968761		L Joan Heyding	2023-08-12T10:32:11	CC_BY_NC_4_0	L Joan Heyding	L Joan Heyding			2025-01-14T12:38:12.930Z	StillImage	COORDINATE_ROUNDED;CONTINENT_DERIVED_FROM_COORDINATES;TAXON_MATCH_TAXON_ID_IGNORED
4166442437	695cef75-b65f-4776-b2ed-74565eebb16e	02-01000975856	Fungi	Basidiomycota	Agaricomycetes	Agaricales	Tricholomataceae	Collybia	Collybia tuberosa		SPECIES	Collybia tuberosa (Bull.) P.Kumm.	Collybia tuberosa	(Bull.) P. Kumm.	CA	near Spruce Bog Boardwalk	Ontario	PRESENT		055bd978-2daa-4543-b3f0-44e0e87e86ca	45.5875	-78.3875							1975-07-25	25	7	1975	2532472	2532472	PRESERVED_SPECIMEN	AAFC	DAOM	186811		J.F. Ammirati		CC_BY_4_0	©His Majesty the King in Right of Canada, as represented by the Minister of Agriculture and Agri-Food	J.F. Ammirati 7070			2025-01-12T05:11:16.417Z		GEODETIC_DATUM_ASSUMED_WGS84;CONTINENT_DERIVED_FROM_COORDINATES;TAXON_MATCH_TAXON_ID_IGNORED;INSTITUTION_MATCH_FUZZY
4099909102	d1a3b128-b406-46bb-a6d1-f3591dcc8a7b	7abbcda0-a187-4a92-af07-63e136ac25fd	Fungi	Basidiomycota	Agaricomycetes	Agaricales	Tricholomataceae	Collybia	Collybia tuberosa		SPECIES	Collybia tuberosa (Bull.) P.Kumm.	Collybia tuberosa	(Bull.) P. Kumm.	CA	Claude Lake	Quebec	PRESENT		e43cf4b8-849e-4fac-b075-e652d019d2cf	45.485	-78.68183	587.0						1928-09-11	11	9	1928	2532472	2532472	PRESERVED_SPECIMEN	BPI		BPI 756438				CC0_1_0		Faull, J. H.			2025-01-15T04:59:41.768Z		GEODETIC_DATUM_ASSUMED_WGS84;CONTINENT_DERIVED_FROM_COORDINATES;TAXON_MATCH_TAXON_ID_IGNORED;INSTITUTION_MATCH_FUZZY
3986136735	50c9509d-22c7-4a22-a47d-8c48425ef4a7	https://www.inaturalist.org/observations/133620125	Fungi	Basidiomycota	Agaricomycetes	Agaricales	Tricholomataceae	Collybia	Collybia tuberosa		SPECIES	Collybia tuberosa (Bull.) P.Kumm.	Collybia tuberosa		CA		Ontario	PRESENT		28eb1a3f-1c15-4a95-931a-4af90ecb574d	45.352359	-75.142293	35.0						2022-09-03T10:32	3	9	2022	2532472	2532472	HUMAN_OBSERVATION	iNaturalist	Observations	133620125		jonathan_mack	2022-09-04T15:19:54	CC_BY_NC_4_0	jonathan_mack	jonathan_mack			2025-01-14T12:31:49.482Z	StillImage	COORDINATE_ROUNDED;CONTINENT_DERIVED_FROM_COORDINATES;TAXON_MATCH_TAXON_ID_IGNORED
3947701842	50c9509d-22c7-4a22-a47d-8c48425ef4a7	https://www.inaturalist.org/observations/136359721	Fungi	Basidiomycota	Agaricomycetes	Agaricales	Tricholomataceae	Collybia	Collybia tuberosa		SPECIES	Collybia tuberosa (Bull.) P.Kumm.	Collybia tuberosa		CA		Ontario	PRESENT		28eb1a3f-1c15-4a95-931a-4af90ecb574d	45.187054	-78.857221	181.0						2022-09-24T10:37:42	24	9	2022	2532472	2532472	HUMAN_OBSERVATION	iNaturalist	Observations	136359721		Lee Cumming	2022-09-25T00:14:48	CC_BY_NC_4_0	Lee Cumming	Lee Cumming			2025-01-14T13:32:35.067Z		COORDINATE_ROUNDED;CONTINENT_DERIVED_FROM_COORDINATES;TAXON_MATCH_TAXON_ID_IGNORED
3947621800	50c9509d-22c7-4a22-a47d-8c48425ef4a7	https://www.inaturalist.org/observations/133376739	Fungi	Basidiomycota	Agaricomycetes	Agaricales	Tricholomataceae	Collybia	Collybia tuberosa		SPECIES	Collybia tuberosa (Bull.) P.Kumm.	Collybia tuberosa		CA		Prince Edward Island	PRESENT		28eb1a3f-1c15-4a95-931a-4af90ecb574d	46.693456	-64.07798	10.0						2022-09-02T13:33:45	2	9	2022	2532472	2532472	HUMAN_OBSERVATION	iNaturalist	Observations	133376739		Julie-Lynn Zahavich	2022-11-04T11:13:13	CC_BY_NC_4_0	Julie-Lynn Zahavich	Julie-Lynn Zahavich			2025-01-14T12:33:01.989Z	StillImage	COORDINATE_ROUNDED;CONTINENT_DERIVED_FROM_COORDINATES;TAXON_MATCH_TAXON_ID_IGNORED
3925191960	50c9509d-22c7-4a22-a47d-8c48425ef4a7	https://www.inaturalist.org/observations/137790147	Fungi	Basidiomycota	Agaricomycetes	Agaricales	Tricholomataceae	Collybia	Collybia tuberosa		SPECIES	Collybia tuberosa (Bull.) P.Kumm.	Collybia tuberosa		CA		Québec	PRESENT		28eb1a3f-1c15-4a95-931a-4af90ecb574d	45.831533	-76.545162	27095.0						2022-10-04T12:38	4	10	2022	2532472	2532472	HUMAN_OBSERVATION	iNaturalist	Observations	137790147		L Joan Heyding	2022-10-06T20:27:10	CC_BY_NC_4_0	L Joan Heyding	L Joan Heyding			2025-01-14T12:33:04.948Z	StillImage	COORDINATE_ROUNDED;CONTINENT_DERIVED_FROM_COORDINATES;TAXON_MATCH_TAXON_ID_IGNORED
3923329613	50c9509d-22c7-4a22-a47d-8c48425ef4a7	https://www.inaturalist.org/observations/132346595	Fungi	Basidiomycota	Agaricomycetes	Agaricales	Tricholomataceae	Collybia	Collybia tuberosa		SPECIES	Collybia tuberosa (Bull.) P.Kumm.	Collybia tuberosa		CA		New Brunswick	PRESENT		28eb1a3f-1c15-4a95-931a-4af90ecb574d	46.898408	-65.366006	9.0						2019-09-16T10:58	16	9	2019	2532472	2532472	HUMAN_OBSERVATION	iNaturalist	Observations	132346595		Alfredo Justo	2022-09-28T11:56:49	CC_BY_NC_4_0	Alfredo Justo	Alfredo Justo			2025-01-14T13:24:46.121Z	StillImage	COORDINATE_ROUNDED;CONTINENT_DERIVED_FROM_COORDINATES;TAXON_MATCH_TAXON_ID_IGNORED
3912392522	50c9509d-22c7-4a22-a47d-8c48425ef4a7	https://www.inaturalist.org/observations/135204113	Fungi	Basidiomycota	Agaricomycetes	Agaricales	Tricholomataceae	Collybia	Collybia tuberosa		SPECIES	Collybia tuberosa (Bull.) P.Kumm.	Collybia tuberosa		CA		Québec	PRESENT		28eb1a3f-1c15-4a95-931a-4af90ecb574d	45.97894	-76.520415	27095.0						2022-09-15T09:20	15	9	2022	2532472	2532472	HUMAN_OBSERVATION	iNaturalist	Observations	135204113		Igor Khomenko	2022-09-16T13:25:23	CC_BY_NC_4_0	L Joan Heyding	L Joan Heyding			2025-01-14T12:31:56.574Z	StillImage	COORDINATE_ROUNDED;CONTINENT_DERIVED_FROM_COORDINATES;TAXON_MATCH_TAXON_ID_IGNORED
3912054671	50c9509d-22c7-4a22-a47d-8c48425ef4a7	https://www.inaturalist.org/observations/135170934	Fungi	Basidiomycota	Agaricomycetes	Agaricales	Tricholomataceae	Collybia	Collybia tuberosa		SPECIES	Collybia tuberosa (Bull.) P.Kumm.	Collybia tuberosa		CA		Ontario	PRESENT		28eb1a3f-1c15-4a95-931a-4af90ecb574d	45.404565	-75.562087							2022-09-15T12:09	15	9	2022	2532472	2532472	HUMAN_OBSERVATION	iNaturalist	Observations	135170934		Igor Khomenko	2022-09-15T21:09:23	CC_BY_NC_4_0	Igor Khomenko	Igor Khomenko			2025-01-14T12:33:19.453Z	StillImage	COORDINATE_ROUNDED;CONTINENT_DERIVED_FROM_COORDINATES;TAXON_MATCH_TAXON_ID_IGNORED
3903521878	50c9509d-22c7-4a22-a47d-8c48425ef4a7	https://www.inaturalist.org/observations/134189265	Fungi	Basidiomycota	Agaricomycetes	Agaricales	Tricholomataceae	Collybia	Collybia tuberosa		SPECIES	Collybia tuberosa (Bull.) P.Kumm.	Collybia tuberosa		CA		Québec	PRESENT		28eb1a3f-1c15-4a95-931a-4af90ecb574d	45.977208	-76.403625	27095.0						2022-09-05T08:35	5	9	2022	2532472	2532472	HUMAN_OBSERVATION	iNaturalist	Observations	134189265		cinna_latifolia	2022-09-08T17:37:41	CC_BY_NC_4_0	L Joan Heyding	L Joan Heyding			2025-01-14T13:16:53.855Z	StillImage	COORDINATE_ROUNDED;CONTINENT_DERIVED_FROM_COORDINATES;TAXON_MATCH_TAXON_ID_IGNORED
3903292907	50c9509d-22c7-4a22-a47d-8c48425ef4a7	https://www.inaturalist.org/observations/133411314	Fungi	Basidiomycota	Agaricomycetes	Agaricales	Tricholomataceae	Collybia	Collybia tuberosa		SPECIES	Collybia tuberosa (Bull.) P.Kumm.	Collybia tuberosa		CA		Ontario	PRESENT		28eb1a3f-1c15-4a95-931a-4af90ecb574d	45.515215	-75.342501	15.0						2022-09-02T11:26	2	9	2022	2532472	2532472	HUMAN_OBSERVATION	iNaturalist	Observations	133411314		jonathan_mack	2022-09-03T01:47:30	CC_BY_NC_4_0	jonathan_mack	jonathan_mack			2025-01-14T12:31:24.398Z	StillImage	COORDINATE_ROUNDED;CONTINENT_DERIVED_FROM_COORDINATES;TAXON_MATCH_TAXON_ID_IGNORED
3903292047	50c9509d-22c7-4a22-a47d-8c48425ef4a7	https://www.inaturalist.org/observations/133823620	Fungi	Basidiomycota	Agaricomycetes	Agaricales	Tricholomataceae	Collybia	Collybia tuberosa		SPECIES	Collybia tuberosa (Bull.) P.Kumm.	Collybia tuberosa		CA		Ontario	PRESENT		28eb1a3f-1c15-4a95-931a-4af90ecb574d	45.40873	-75.545003							2022-09-05T14:13	5	9	2022	2532472	2532472	HUMAN_OBSERVATION	iNaturalist	Observations	133823620		Igor Khomenko	2022-09-05T21:29:37	CC_BY_NC_4_0	Igor Khomenko	Igor Khomenko			2025-01-14T12:31:43.013Z	StillImage	COORDINATE_ROUNDED;CONTINENT_DERIVED_FROM_COORDINATES;TAXON_MATCH_TAXON_ID_IGNORED
3902282914	50c9509d-22c7-4a22-a47d-8c48425ef4a7	https://www.inaturalist.org/observations/131656285	Fungi	Basidiomycota	Agaricomycetes	Agaricales	Tricholomataceae	Collybia	Collybia tuberosa		SPECIES	Collybia tuberosa (Bull.) P.Kumm.	Collybia tuberosa		CA		New Brunswick	PRESENT		28eb1a3f-1c15-4a95-931a-4af90ecb574d	46.806194	-66.462922	4.0						2022-08-18T17:31	18	8	2022	2532472	2532472	HUMAN_OBSERVATION	iNaturalist	Observations	131656285		Alfredo Justo	2022-08-20T23:24:59	CC_BY_NC_4_0	Alfredo Justo	Alfredo Justo			2025-01-14T12:31:22.456Z	StillImage	CONTINENT_DERIVED_FROM_COORDINATES;TAXON_MATCH_TAXON_ID_IGNORED
3456022911	50c9509d-22c7-4a22-a47d-8c48425ef4a7	https://www.inaturalist.org/observations/59085844	Fungi	Basidiomycota	Agaricomycetes	Agaricales	Tricholomataceae	Collybia	Collybia tuberosa		SPECIES	Collybia tuberosa (Bull.) P.Kumm.	Collybia tuberosa		CA		Québec	PRESENT		28eb1a3f-1c15-4a95-931a-4af90ecb574d	45.083967	-71.585511	5.0						2020-09-06T11:37:19	6	9	2020	2532472	2532472	HUMAN_OBSERVATION	iNaturalist	Observations	59085844		cinna_latifolia	2020-12-03T03:28:04	CC_BY_NC_4_0	constancesp	constancesp			2025-01-14T12:14:45.965Z	StillImage	COORDINATE_ROUNDED;CONTINENT_DERIVED_FROM_COORDINATES;TAXON_MATCH_TAXON_ID_IGNORED
3455268982	50c9509d-22c7-4a22-a47d-8c48425ef4a7	https://www.inaturalist.org/observations/71302487	Fungi	Basidiomycota	Agaricomycetes	Agaricales	Tricholomataceae	Collybia	Collybia tuberosa		SPECIES	Collybia tuberosa (Bull.) P.Kumm.	Collybia tuberosa		CA		Québec	PRESENT		28eb1a3f-1c15-4a95-931a-4af90ecb574d	47.318292	-71.134687	15.0						2016-09-16	16	9	2016	2532472	2532472	HUMAN_OBSERVATION	iNaturalist	Observations	71302487		Christian Grenier	2021-03-15T15:27:05	CC_BY_NC_4_0	Christian Grenier	Christian Grenier			2025-01-14T12:16:31.198Z	StillImage	COORDINATE_ROUNDED;CONTINENT_DERIVED_FROM_COORDINATES;TAXON_MATCH_TAXON_ID_IGNORED
3455174743	50c9509d-22c7-4a22-a47d-8c48425ef4a7	https://www.inaturalist.org/observations/57278749	Fungi	Basidiomycota	Agaricomycetes	Agaricales	Tricholomataceae	Collybia	Collybia tuberosa		SPECIES	Collybia tuberosa (Bull.) P.Kumm.	Collybia tuberosa		CA		Ontario	PRESENT		28eb1a3f-1c15-4a95-931a-4af90ecb574d	45.466529	-75.509572	31.0						2020-08-22T14:38	22	8	2020	2532472	2532472	HUMAN_OBSERVATION	iNaturalist	Observations	57278749		jonathan_mack	2020-08-22T23:38:34	CC_BY_NC_4_0	jonathan_mack	jonathan_mack			2025-01-14T13:09:48.698Z	StillImage	COORDINATE_ROUNDED;CONTINENT_DERIVED_FROM_COORDINATES;TAXON_MATCH_TAXON_ID_IGNORED
3399184862	50c9509d-22c7-4a22-a47d-8c48425ef4a7	https://www.inaturalist.org/observations/96032207	Fungi	Basidiomycota	Agaricomycetes	Agaricales	Tricholomataceae	Collybia	Collybia tuberosa		SPECIES	Collybia tuberosa (Bull.) P.Kumm.	Collybia tuberosa		CA		Ontario	PRESENT		28eb1a3f-1c15-4a95-931a-4af90ecb574d	45.516167	-75.343986	23.0						2021-09-24T13:18	24	9	2021	2532472	2532472	HUMAN_OBSERVATION	iNaturalist	Observations	96032207		jonathan_mack	2021-09-25T01:27:59	CC_BY_NC_4_0	jonathan_mack	jonathan_mack			2025-01-14T13:14:02.692Z	StillImage	COORDINATE_ROUNDED;CONTINENT_DERIVED_FROM_COORDINATES;TAXON_MATCH_TAXON_ID_IGNORED
3398916868	50c9509d-22c7-4a22-a47d-8c48425ef4a7	https://www.inaturalist.org/observations/95996518	Fungi	Basidiomycota	Agaricomycetes	Agaricales	Tricholomataceae	Collybia	Collybia tuberosa		SPECIES	Collybia tuberosa (Bull.) P.Kumm.	Collybia tuberosa		CA		Ontario	PRESENT		28eb1a3f-1c15-4a95-931a-4af90ecb574d	45.515112	-75.342208	58.0						2021-09-24T14:09:22	24	9	2021	2532472	2532472	HUMAN_OBSERVATION	iNaturalist	Observations	95996518		Nina	2024-01-18T23:13:43	CC_BY_NC_4_0	Nina	Nina			2025-01-14T13:15:43.031Z	StillImage	COORDINATE_ROUNDED;CONTINENT_DERIVED_FROM_COORDINATES;TAXON_MATCH_TAXON_ID_IGNORED
3384452138	50c9509d-22c7-4a22-a47d-8c48425ef4a7	https://www.inaturalist.org/observations/95996951	Fungi	Basidiomycota	Agaricomycetes	Agaricales	Tricholomataceae	Collybia	Collybia tuberosa		SPECIES	Collybia tuberosa (Bull.) P.Kumm.	Collybia tuberosa		CA		Ontario	PRESENT		28eb1a3f-1c15-4a95-931a-4af90ecb574d	45.513992	-75.3366	1193.0						2021-09-24T13:55:09	24	9	2021	2532472	2532472	HUMAN_OBSERVATION	iNaturalist	Observations	95996951		jonathan_mack	2021-09-24T21:02:04	CC_BY_NC_4_0	Igor Khomenko	Igor Khomenko			2025-01-14T13:11:45.898Z	StillImage	COORDINATE_ROUNDED;CONTINENT_DERIVED_FROM_COORDINATES;TAXON_MATCH_TAXON_ID_IGNORED
3351714230	d8cd16ba-bb74-4420-821e-083f2bac17c2	MN992575	Fungi	Basidiomycota	Agaricomycetes	Agaricales	Tricholomataceae	Collybia	Collybia tuberosa		SPECIES	Collybia tuberosa (Bull.) P.Kumm.	Collybia tuberosa		CA	Quebec, Chibougamau		PRESENT		ada9d123-ddb4-467d-8891-806ea8d94230	49.76	-74.36							2017-09-05	5	9	2017	2532472	2532472	PRESERVED_SPECIMEN			MQ17019-QFB29527		Pauline Dube		CC_BY_4_0					2025-01-18T13:05:50.794Z		GEODETIC_DATUM_ASSUMED_WGS84;CONTINENT_DERIVED_FROM_COORDINATES;TAXON_MATCH_TAXON_CONCEPT_ID_IGNORED;TAXON_MATCH_TAXON_ID_IGNORED
3351714224	d8cd16ba-bb74-4420-821e-083f2bac17c2	MN992322	Fungi	Basidiomycota	Agaricomycetes	Agaricales	Tricholomataceae	Collybia	Collybia tuberosa		SPECIES	Collybia tuberosa (Bull.) P.Kumm.	Collybia tuberosa		CA	Quebec, Anticosti		PRESENT		ada9d123-ddb4-467d-8891-806ea8d94230	49.85	-64.43							2015-09-08	8	9	2015	2532472	2532472	PRESERVED_SPECIMEN			ANT116-QFB28739		Pauline Dube		CC_BY_4_0		Lebeuf, R.			2025-01-18T13:04:48.415Z		GEODETIC_DATUM_ASSUMED_WGS84;CONTINENT_DERIVED_FROM_COORDINATES;TAXON_MATCH_TAXON_CONCEPT_ID_IGNORED;TAXON_MATCH_TAXON_ID_IGNORED
3351710206	d8cd16ba-bb74-4420-821e-083f2bac17c2	MN992323	Fungi	Basidiomycota	Agaricomycetes	Agaricales	Tricholomataceae	Collybia	Collybia tuberosa		SPECIES	Collybia tuberosa (Bull.) P.Kumm.	Collybia tuberosa		CA	Quebec, Anticosti		PRESENT		ada9d123-ddb4-467d-8891-806ea8d94230	49.9	-64.4							2015-09-09	9	9	2015	2532472	2532472	PRESERVED_SPECIMEN			ANT217-QFB28689		Herman Lambert		CC_BY_4_0					2025-01-18T13:04:48.407Z		GEODETIC_DATUM_ASSUMED_WGS84;CONTINENT_DERIVED_FROM_COORDINATES;TAXON_MATCH_TAXON_CONCEPT_ID_IGNORED;TAXON_MATCH_TAXON_ID_IGNORED
3058981013	50c9509d-22c7-4a22-a47d-8c48425ef4a7	https://www.inaturalist.org/observations/70769956	Fungi	Basidiomycota	Agaricomycetes	Agaricales	Tricholomataceae	Collybia	Collybia tuberosa		SPECIES	Collybia tuberosa (Bull.) P.Kumm.	Collybia tuberosa		CA		Ontario	PRESENT		28eb1a3f-1c15-4a95-931a-4af90ecb574d	45.833332	-78.483494	61355.0						2016-09-16T11:04	16	9	2016	2532472	2532472	HUMAN_OBSERVATION	iNaturalist	Observations	70769956		Paula DeSanto	2021-03-07T23:54:59	CC0_1_0	Garrett Taylor	Garrett Taylor			2025-01-14T13:11:21.005Z	StillImage	COORDINATE_ROUNDED;CONTINENT_DERIVED_FROM_COORDINATES;TAXON_MATCH_TAXON_ID_IGNORED
2851000323	50c9509d-22c7-4a22-a47d-8c48425ef4a7	https://www.inaturalist.org/observations/8136326	Fungi	Basidiomycota	Agaricomycetes	Agaricales	Tricholomataceae	Collybia	Collybia tuberosa		SPECIES	Collybia tuberosa (Bull.) P.Kumm.	Collybia tuberosa		CA		Ontario	PRESENT		28eb1a3f-1c15-4a95-931a-4af90ecb574d	45.589657	-78.536508	1953.0						2017-09-22T10:49	22	9	2017	2532472	2532472	HUMAN_OBSERVATION	iNaturalist	Observations	8136326		Garrett Taylor	2017-09-27T13:29:43	CC0_1_0	Garrett Taylor	Garrett Taylor			2025-01-14T12:03:56.976Z	StillImage	COORDINATE_ROUNDED;CONTINENT_DERIVED_FROM_COORDINATES;TAXON_MATCH_TAXON_ID_IGNORED
2423611193	21705170-d2b6-42de-8904-c3bca4b83591	CMMF018882	Fungi	Basidiomycota	Agaricomycetes	Agaricales	Tricholomataceae	Collybia	Collybia tuberosa		SPECIES	Collybia tuberosa (Bull.) P.Kumm.	Collybia tuberosa (Bull.) P. Kumm.	(Bull.) P. Kumm.	CA	Station de biologie des Laurentides, Université de Montréal	Québec	PRESENT		ff7bd5db-b724-4932-b496-10ea298851f9	45.988108	-74.005679	25000.0						1986-08-15	15	8	1986	2532472	2532472	PRESERVED_SPECIMEN	Université de Montréal Biodiversity Centre	CMMF	CMMF018882	s.n.	Nantel, Patrick		CC0_1_0	Université de Montréal Biodiversity Centre	Nantel, Patrick			2024-01-24T16:38:18.683Z		INSTITUTION_MATCH_FUZZY;COLLECTION_MATCH_FUZZY;DIFFERENT_OWNER_INSTITUTION
1990340905	032f1fbe-d21f-407d-be46-5cd1bb1ea397	34c52c7d-2a4f-4354-8871-9df3c75c27b5	Fungi	Basidiomycota	Agaricomycetes	Agaricales	Tricholomataceae	Collybia	Collybia tuberosa		SPECIES	Collybia tuberosa (Bull.) P.Kumm.	Collybia tuberosa	(Bull.) P. Kumm.	CA	Alma, Vic. Alma, Fundy Prov. Pk., East Branch Trail.	New Brunswick	PRESENT		61c539d8-47e0-4b82-875f-b95aad66dcd4	45.649722	-65.126111							2013-09-25	25	9	2013	2532472	2532472	PRESERVED_SPECIMEN	TENN-F		TENN-F-069060	TFB 14396			CC0_1_0		R.H. Petersen			2025-01-12T10:33:36.231Z	StillImage	COORDINATE_ROUNDED;GEODETIC_DATUM_ASSUMED_WGS84;CONTINENT_DERIVED_FROM_COORDINATES;TAXON_MATCH_TAXON_ID_IGNORED;INSTITUTION_MATCH_NONE
1847647082	50c9509d-22c7-4a22-a47d-8c48425ef4a7	https://www.inaturalist.org/observations/9593132	Fungi	Basidiomycota	Agaricomycetes	Agaricales	Tricholomataceae	Collybia	Collybia tuberosa		SPECIES	Collybia tuberosa (Bull.) P.Kumm.	Collybia tuberosa		CA		Ontario	PRESENT		28eb1a3f-1c15-4a95-931a-4af90ecb574d	45.39615	-79.19605	427.0						2016-09-19	19	9	2016	2532472	2532472	HUMAN_OBSERVATION	iNaturalist	Observations	9593132		mycowalt	2018-01-24T01:48:28	CC_BY_NC_4_0	mycowalt	mycowalt			2025-01-14T12:05:16.692Z	StillImage	CONTINENT_DERIVED_FROM_COORDINATES;TAXON_MATCH_TAXON_ID_IGNORED
1847646745	50c9509d-22c7-4a22-a47d-8c48425ef4a7	https://www.inaturalist.org/observations/9590732	Fungi	Basidiomycota	Agaricomycetes	Agaricales	Tricholomataceae	Collybia	Collybia tuberosa		SPECIES	Collybia tuberosa (Bull.) P.Kumm.	Collybia tuberosa		CA		Ontario	PRESENT		28eb1a3f-1c15-4a95-931a-4af90ecb574d	45.69085	-78.32155	84661.0						2015-09-14	14	9	2015	2532472	2532472	HUMAN_OBSERVATION	iNaturalist	Observations	9590732		mycowalt	2018-01-23T22:39:45	CC_BY_NC_4_0	mycowalt	mycowalt			2025-01-14T12:59:40.428Z	StillImage	CONTINENT_DERIVED_FROM_COORDINATES;TAXON_MATCH_TAXON_ID_IGNORED
1847646663	50c9509d-22c7-4a22-a47d-8c48425ef4a7	https://www.inaturalist.org/observations/9590906	Fungi	Basidiomycota	Agaricomycetes	Agaricales	Tricholomataceae	Collybia	Collybia tuberosa		SPECIES	Collybia tuberosa (Bull.) P.Kumm.	Collybia tuberosa		CA		Ontario	PRESENT		28eb1a3f-1c15-4a95-931a-4af90ecb574d	45.69085	-78.32155	84661.0						2015-09-15	15	9	2015	2532472	2532472	HUMAN_OBSERVATION	iNaturalist	Observations	9590906		mycowalt	2018-01-23T22:55:51	CC_BY_NC_4_0	mycowalt	mycowalt			2025-01-14T12:04:21.425Z	StillImage	CONTINENT_DERIVED_FROM_COORDINATES;TAXON_MATCH_TAXON_ID_IGNORED
1807256111	e8a25a42-f125-476c-8554-3ec21cd51a84	ACAD:112552	Fungi	Basidiomycota	Agaricomycetes	Agaricales	Tricholomataceae	Collybia	Collybia tuberosa		SPECIES	Collybia tuberosa (Bull.) P.Kumm.	Collybia tuberosa (Bull.) P. Kumm.	(Bull.) P. Kumm.	CA	(Kentville)	Nova Scotia	PRESENT		6491ad8c-8e49-4bd4-a089-0ddb3bbe0890	45.07662	-64.49592							1932-08-30	30	8	1932	2532472	2532472	PRESERVED_SPECIMEN	Acadia University	ACAD	243F	243			CC0_1_0	Acadia University	H, KA			2024-01-25T01:37:10.977Z	StillImage	GEODETIC_DATUM_INVALID;GEODETIC_DATUM_ASSUMED_WGS84;TAXON_MATCH_TAXON_ID_IGNORED;INSTITUTION_MATCH_FUZZY;COLLECTION_MATCH_FUZZY
1807255706	e8a25a42-f125-476c-8554-3ec21cd51a84	ACAD:112421	Fungi	Basidiomycota	Agaricomycetes	Agaricales	Tricholomataceae	Collybia	Collybia tuberosa		SPECIES	Collybia tuberosa (Bull.) P.Kumm.	Collybia tuberosa (Bull.) P. Kumm.	(Bull.) P. Kumm.	CA	(Kentville)	Nova Scotia	PRESENT		6491ad8c-8e49-4bd4-a089-0ddb3bbe0890	45.07662	-64.49592							1952-08-23	23	8	1952	2532472	2532472	PRESERVED_SPECIMEN	Acadia University	ACAD	2173F	2173			CC0_1_0	Acadia University	H, KA			2024-01-25T01:37:05.639Z	StillImage	GEODETIC_DATUM_INVALID;GEODETIC_DATUM_ASSUMED_WGS84;TAXON_MATCH_TAXON_ID_IGNORED;INSTITUTION_MATCH_FUZZY;COLLECTION_MATCH_FUZZY
1807255555	e8a25a42-f125-476c-8554-3ec21cd51a84	ACAD:112139	Fungi	Basidiomycota	Agaricomycetes	Agaricales	Tricholomataceae	Collybia	Collybia tuberosa		SPECIES	Collybia tuberosa (Bull.) P.Kumm.	Collybia tuberosa (Bull.) P. Kumm.	(Bull.) P. Kumm.	CA	(Kentville)	Nova Scotia	PRESENT		6491ad8c-8e49-4bd4-a089-0ddb3bbe0890	45.07662	-64.49592							1952-09-24	24	9	1952	2532472	2532472	PRESERVED_SPECIMEN	Acadia University	ACAD	1840F	1840			CC0_1_0	Acadia University	H, KA			2024-01-25T01:37:05.885Z	StillImage	GEODETIC_DATUM_INVALID;GEODETIC_DATUM_ASSUMED_WGS84;TAXON_MATCH_TAXON_ID_IGNORED;INSTITUTION_MATCH_FUZZY;COLLECTION_MATCH_FUZZY
1412707912	21705170-d2b6-42de-8904-c3bca4b83591	CMMF016364	Fungi	Basidiomycota	Agaricomycetes	Agaricales	Tricholomataceae	Collybia	Collybia tuberosa		SPECIES	Collybia tuberosa (Bull.) P.Kumm.	Collybia tuberosa (Bull.) P. Kumm.	(Bull.) P. Kumm.	CA	LaBaie, Québec.	Québec	PRESENT		ff7bd5db-b724-4932-b496-10ea298851f9	48.329203	-70.885721	12000.0						1985-09-16	16	9	1985	2532472	2532472	PRESERVED_SPECIMEN	Université de Montréal Biodiversity Centre	CMMF	CMMF016364	NA	Guérin, Gérard		CC0_1_0	Université de Montréal Biodiversity Centre	Guérin, Gérard			2024-01-24T16:38:19.627Z		INSTITUTION_MATCH_FUZZY;COLLECTION_MATCH_FUZZY;DIFFERENT_OWNER_INSTITUTION
1412707904	21705170-d2b6-42de-8904-c3bca4b83591	CMMF016345	Fungi	Basidiomycota	Agaricomycetes	Agaricales	Tricholomataceae	Collybia	Collybia tuberosa		SPECIES	Collybia tuberosa (Bull.) P.Kumm.	Collybia tuberosa (Bull.) P. Kumm.	(Bull.) P. Kumm.	CA	Chicoutimi, Québec.	Québec	PRESENT		ff7bd5db-b724-4932-b496-10ea298851f9	48.368277	-71.119642	15000.0						1985-10-04	4	10	1985	2532472	2532472	PRESERVED_SPECIMEN	Université de Montréal Biodiversity Centre	CMMF	CMMF016345	NA	Guérin, Gérard		CC0_1_0	Université de Montréal Biodiversity Centre	Guérin, Gérard			2024-01-24T16:38:19.633Z		INSTITUTION_MATCH_FUZZY;COLLECTION_MATCH_FUZZY;DIFFERENT_OWNER_INSTITUTION
1144858833	81e6cff2-b409-417e-8c72-e1bbafb7c61f	fadae636-4864-4259-8a17-7bdc67fc31c0	Fungi	Basidiomycota	Agaricomycetes	Agaricales	Tricholomataceae	Collybia	Collybia tuberosa		SPECIES	Collybia tuberosa (Bull.) P.Kumm.	Collybia tuberosa (Bull. ex Fr.) P. Kumm.	(Bull. ex Fr.) P. Kumm.	CA	Lake St. Joseph	Québec	PRESENT		7b8aff00-a9f8-11d8-944b-b8a03c50a862	46.904524	-71.63228	4542.0						1938-08-21	21	8	1938	2532472	2532472	PRESERVED_SPECIMEN	F	Botany	C0214550F	s.n.			CC0_1_0	The Field Museum of Natural History	A. E. Edgecombe			2024-02-20T16:06:21.302Z	StillImage	GEODETIC_DATUM_ASSUMED_WGS84;MODIFIED_DATE_INVALID;AMBIGUOUS_COLLECTION;INSTITUTION_MATCH_FUZZY
1135071359	21705170-d2b6-42de-8904-c3bca4b83591	CMMF009933	Fungi	Basidiomycota	Agaricomycetes	Agaricales	Tricholomataceae	Collybia	Collybia tuberosa		SPECIES	Collybia tuberosa (Bull.) P.Kumm.	Collybia tuberosa (Bull.) P. Kumm.	(Bull.) P. Kumm.	CA	Chemin du Caillou, Lac-Beauport.	Québec	PRESENT		ff7bd5db-b724-4932-b496-10ea298851f9	46.988318	-71.326007	1000.0						2007-09-06	6	9	2007	2532472	2532472	PRESERVED_SPECIMEN	Université de Montréal Biodiversity Centre	CMMF	CMMF009933	1517	Labrecque, Jacqueline		CC0_1_0	Université de Montréal Biodiversity Centre	Labrecque, Jacqueline			2024-01-24T16:38:21.415Z		INSTITUTION_MATCH_FUZZY;COLLECTION_MATCH_FUZZY;DIFFERENT_OWNER_INSTITUTION
1135070340	21705170-d2b6-42de-8904-c3bca4b83591	CMMF008922	Fungi	Basidiomycota	Agaricomycetes	Agaricales	Tricholomataceae	Collybia	Collybia tuberosa		SPECIES	Collybia tuberosa (Bull.) P.Kumm.	Collybia tuberosa (Bull.) P. Kumm.	(Bull.) P. Kumm.	CA	Boisé Ulrich, Lac-Beauport.	Québec	PRESENT		ff7bd5db-b724-4932-b496-10ea298851f9	46.953091	-71.275238	5000.0						2006-08-10	10	8	2006	2532472	2532472	PRESERVED_SPECIMEN	Université de Montréal Biodiversity Centre	CMMF	CMMF008922	505	Labbé, Roland		CC0_1_0	Université de Montréal Biodiversity Centre	Labrecque, Jacqueline			2024-01-24T16:38:19.150Z	StillImage	INSTITUTION_MATCH_FUZZY;COLLECTION_MATCH_FUZZY;DIFFERENT_OWNER_INSTITUTION
1135069751	21705170-d2b6-42de-8904-c3bca4b83591	CMMF008372	Fungi	Basidiomycota	Agaricomycetes	Agaricales	Tricholomataceae	Collybia	Collybia tuberosa		SPECIES	Collybia tuberosa (Bull.) P.Kumm.	Collybia tuberosa (Bull.) P. Kumm.	(Bull.) P. Kumm.	CA	Sainte-Anne-des-Monts	Québec	PRESENT		ff7bd5db-b724-4932-b496-10ea298851f9	49.108333	-66.497883	100.0						2004-09-06	6	9	2004	2532472	2532472	PRESERVED_SPECIMEN	Université de Montréal Biodiversity Centre	CMMF	CMMF008372	C1977	McNeil, Raymond		CC0_1_0	Université de Montréal Biodiversity Centre	McNeil, Raymond			2024-01-24T16:38:17.761Z	StillImage	COORDINATE_ROUNDED;INSTITUTION_MATCH_FUZZY;COLLECTION_MATCH_FUZZY;DIFFERENT_OWNER_INSTITUTION
1135069738	21705170-d2b6-42de-8904-c3bca4b83591	CMMF008272	Fungi	Basidiomycota	Agaricomycetes	Agaricales	Tricholomataceae	Collybia	Collybia tuberosa		SPECIES	Collybia tuberosa (Bull.) P.Kumm.	Collybia tuberosa (Bull.) P. Kumm.	(Bull.) P. Kumm.	CA	Parc de la Gaspésie (sortie sud)	Québec	PRESENT		ff7bd5db-b724-4932-b496-10ea298851f9	48.856883	-66.20075	100.0						2005-08-14	14	8	2005	2532472	2532472	PRESERVED_SPECIMEN	Université de Montréal Biodiversity Centre	CMMF	CMMF008272	C2365	McNeil, Raymond		CC0_1_0	Université de Montréal Biodiversity Centre	McNeil, Raymond			2024-01-24T16:38:18.322Z	StillImage	COORDINATE_ROUNDED;INSTITUTION_MATCH_FUZZY;COLLECTION_MATCH_FUZZY;DIFFERENT_OWNER_INSTITUTION
1135068652	21705170-d2b6-42de-8904-c3bca4b83591	CMMF007225	Fungi	Basidiomycota	Agaricomycetes	Agaricales	Tricholomataceae	Collybia	Collybia tuberosa		SPECIES	Collybia tuberosa (Bull.) P.Kumm.	Collybia tuberosa (Bull.) P. Kumm.	(Bull.) P. Kumm.	CA	Mirabel (Chemin de la Rivière du Nord)	Québec	PRESENT		ff7bd5db-b724-4932-b496-10ea298851f9	45.683917	-74.2185	100.0						2010-09-11	11	9	2010	2532472	2532472	PRESERVED_SPECIMEN	Université de Montréal Biodiversity Centre	CMMF	CMMF007225	C3742	McNeil, Raymond		CC0_1_0	Université de Montréal Biodiversity Centre	McNeil, Raymond			2024-01-24T16:38:21.305Z	StillImage	COORDINATE_ROUNDED;INSTITUTION_MATCH_FUZZY;COLLECTION_MATCH_FUZZY;DIFFERENT_OWNER_INSTITUTION
