gbifID	datasetKey	occurrenceID	kingdom	phylum	class	order	family	genus	species	infraspecificEpithet	taxonRank	scientificName	verbatimScientificName	verbatimScientificNameAuthorship	countryCode	locality	stateProvince	occurrenceStatus	individualCount	publishingOrgKey	decimalLatitude	decimalLongitude	coordinateUncertaintyInMeters	coordinatePrecision	elevation	elevationAccuracy	depth	depthAccuracy	eventDate	day	month	year	taxonKey	speciesKey	basisOfRecord	institutionCode	collectionCode	catalogNumber	recordNumber	identifiedBy	dateIdentified	license	rightsHolder	recordedBy	typeStatus	establishmentMeans	lastInterpreted	mediaType	issue
617552592	21705170-d2b6-42de-8904-c3bca4b83591	CMMF003230	Fungi	Basidiomycota	Agaricomycetes	Agaricales	Hydnangiaceae	Laccaria	Laccaria laccata	pallidifolia	VARIETY	Laccaria laccata var. pallidifolia (Peck) Peck	Laccaria laccata var. pallidifolia (Peck) Peck	(Peck) Peck	CA	Boucherville	Québec	PRESENT		ff7bd5db-b724-4932-b496-10ea298851f9	45.597683	-73.43011	5500.0						1998-07-21	21	7	1998	2530932	2530926	PRESERVED_SPECIMEN	Université de Montréal Biodiversity Centre	CMMF	CMMF003230		Lamoureux, Yves		CC0_1_0	Université de Montréal Biodiversity Centre	Lamoureux, Yves			2024-01-24T16:38:16.968Z	StillImage	INSTITUTION_MATCH_FUZZY;COLLECTION_MATCH_FUZZY;DIFFERENT_OWNER_INSTITUTION
617552512	21705170-d2b6-42de-8904-c3bca4b83591	CMMF003194	Fungi	Basidiomycota	Agaricomycetes	Agaricales	Hydnangiaceae	Laccaria	Laccaria laccata	pallidifolia	VARIETY	Laccaria laccata var. pallidifolia (Peck) Peck	Laccaria laccata var. pallidifolia (Peck) Peck	(Peck) Peck	CA	Boucherville	Québec	PRESENT		ff7bd5db-b724-4932-b496-10ea298851f9	45.597683	-73.43011	5500.0						1998-07-06	6	7	1998	2530932	2530926	PRESERVED_SPECIMEN	Université de Montréal Biodiversity Centre	CMMF	CMMF003194		Lamoureux, Yves		CC0_1_0	Université de Montréal Biodiversity Centre	Lamoureux, Yves			2024-01-24T16:38:16.891Z	StillImage	INSTITUTION_MATCH_FUZZY;COLLECTION_MATCH_FUZZY;DIFFERENT_OWNER_INSTITUTION
617548307	21705170-d2b6-42de-8904-c3bca4b83591	CMMF001347	Fungi	Basidiomycota	Agaricomycetes	Agaricales	Hydnangiaceae	Laccaria	Laccaria laccata	pallidifolia	VARIETY	Laccaria laccata var. pallidifolia (Peck) Peck	Laccaria laccata var. pallidifolia (Peck) Peck	(Peck) Peck	CA	Nicolet	Québec	PRESENT		ff7bd5db-b724-4932-b496-10ea298851f9	46.216667	-72.6	10000.0						1991-08-10	10	8	1991	2530932	2530926	PRESERVED_SPECIMEN	Université de Montréal Biodiversity Centre	CMMF	CMMF001347		Lamoureux, Yves		CC0_1_0	Université de Montréal Biodiversity Centre	Lamoureux, Yves			2024-01-24T16:38:17.511Z	StillImage	INSTITUTION_MATCH_FUZZY;COLLECTION_MATCH_FUZZY;DIFFERENT_OWNER_INSTITUTION
4980715747	50c9509d-22c7-4a22-a47d-8c48425ef4a7	https://www.inaturalist.org/observations/243584624	Fungi	Basidiomycota	Agaricomycetes	Agaricales	Hydnangiaceae	Laccaria	Laccaria laccata	pallidifolia	VARIETY	Laccaria laccata var. pallidifolia (Peck) Peck	Laccaria laccata pallidifolia		CA		New Brunswick	PRESENT		28eb1a3f-1c15-4a95-931a-4af90ecb574d	46.920893	-66.573597							2022-08-20T10:17	20	8	2022	2530932	2530926	HUMAN_OBSERVATION	iNaturalist	Observations	243584624		David Malloch	2024-09-23T13:30:02	CC_BY_NC_4_0	David Malloch	David Malloch			2025-01-14T12:51:40.433Z	StillImage	CONTINENT_DERIVED_FROM_COORDINATES;TAXON_MATCH_TAXON_ID_IGNORED
4976539878	50c9509d-22c7-4a22-a47d-8c48425ef4a7	https://www.inaturalist.org/observations/246206800	Fungi	Basidiomycota	Agaricomycetes	Agaricales	Hydnangiaceae	Laccaria	Laccaria laccata		SPECIES	Laccaria laccata (Scop.) Cooke	Laccaria laccata		CA		Prince Edward Island	PRESENT		28eb1a3f-1c15-4a95-931a-4af90ecb574d	46.690783	-64.019875	14.0						2024-10-07T15:22	7	10	2024	2530926	2530926	HUMAN_OBSERVATION	iNaturalist	Observations	246206800		Thelma Phillips	2024-10-07T19:24:20	CC_BY_NC_4_0	Thelma Phillips	Thelma Phillips			2025-01-14T12:54:30.595Z	StillImage	COORDINATE_ROUNDED;CONTINENT_DERIVED_FROM_COORDINATES;TAXON_MATCH_TAXON_ID_IGNORED
4973944213	50c9509d-22c7-4a22-a47d-8c48425ef4a7	https://www.inaturalist.org/observations/137669187	Fungi	Basidiomycota	Agaricomycetes	Agaricales	Hydnangiaceae	Laccaria	Laccaria laccata		SPECIES	Laccaria laccata (Scop.) Cooke	Laccaria laccata		CA		Prince Edward Island	PRESENT		28eb1a3f-1c15-4a95-931a-4af90ecb574d	46.635438	-64.381345	10.0						2022-10-05T11:26:13	5	10	2022	2530926	2530926	HUMAN_OBSERVATION	iNaturalist	Observations	137669187				CC_BY_NC_4_0	Julie-Lynn Zahavich	Julie-Lynn Zahavich			2025-01-14T13:25:43.516Z	StillImage	COORDINATE_ROUNDED;CONTINENT_DERIVED_FROM_COORDINATES;TAXON_MATCH_TAXON_ID_IGNORED
4846767697	50c9509d-22c7-4a22-a47d-8c48425ef4a7	https://www.inaturalist.org/observations/183758575	Fungi	Basidiomycota	Agaricomycetes	Agaricales	Hydnangiaceae	Laccaria	Laccaria laccata	pallidifolia	VARIETY	Laccaria laccata var. pallidifolia (Peck) Peck	Laccaria laccata pallidifolia		CA		New Brunswick	PRESENT		28eb1a3f-1c15-4a95-931a-4af90ecb574d	46.820675	-64.903022	4.0						2023-09-15T14:53	15	9	2023	2530932	2530926	HUMAN_OBSERVATION	iNaturalist	Observations	183758575		Sigrid Jakob	2024-04-11T00:49:41	CC_BY_NC_4_0	Ken Sanderson	Ken Sanderson			2025-01-14T12:44:38.556Z	StillImage	COORDINATE_ROUNDED;CONTINENT_DERIVED_FROM_COORDINATES;TAXON_MATCH_TAXON_ID_IGNORED
4413440232	50c9509d-22c7-4a22-a47d-8c48425ef4a7	https://www.inaturalist.org/observations/182808691	Fungi	Basidiomycota	Agaricomycetes	Agaricales	Hydnangiaceae	Laccaria	Laccaria laccata		SPECIES	Laccaria laccata (Scop.) Cooke	Laccaria laccata		CA		New Brunswick	PRESENT		28eb1a3f-1c15-4a95-931a-4af90ecb574d	45.962231	-66.908308	160.0						2023-09-10T14:10:12	10	9	2023	2530926	2530926	HUMAN_OBSERVATION	iNaturalist	Observations	182808691		Andrew Lewis	2023-09-11T14:20:03	CC_BY_4_0	Andrew Lewis	Andrew Lewis			2025-01-14T13:32:21.924Z	StillImage	COORDINATE_ROUNDED;CONTINENT_DERIVED_FROM_COORDINATES;TAXON_MATCH_TAXON_ID_IGNORED
4405033948	50c9509d-22c7-4a22-a47d-8c48425ef4a7	https://www.inaturalist.org/observations/179443451	Fungi	Basidiomycota	Agaricomycetes	Agaricales	Hydnangiaceae	Laccaria	Laccaria laccata		SPECIES	Laccaria laccata (Scop.) Cooke	Laccaria laccata		CA		Prince Edward Island	PRESENT		28eb1a3f-1c15-4a95-931a-4af90ecb574d	46.696423	-64.159073							2023-08-19T14:24	19	8	2023	2530926	2530926	HUMAN_OBSERVATION	iNaturalist	Observations	179443451				CC_BY_NC_4_0	Rosemary Curley	Rosemary Curley			2025-01-14T12:41:19.613Z	StillImage	COORDINATE_ROUNDED;CONTINENT_DERIVED_FROM_COORDINATES;TAXON_MATCH_TAXON_ID_IGNORED
4177591313	50c9509d-22c7-4a22-a47d-8c48425ef4a7	https://www.inaturalist.org/observations/178573242	Fungi	Basidiomycota	Agaricomycetes	Agaricales	Hydnangiaceae	Laccaria	Laccaria laccata		SPECIES	Laccaria laccata (Scop.) Cooke	Laccaria laccata		CA		Ontario	PRESENT		28eb1a3f-1c15-4a95-931a-4af90ecb574d	45.405005	-75.922646	9.0						2023-08-14T13:07:13	14	8	2023	2530926	2530926	HUMAN_OBSERVATION	iNaturalist	Observations	178573242		Decklyn Brodersen	2023-08-15T18:59:22	CC_BY_NC_4_0	Decklyn Brodersen	Decklyn Brodersen			2025-01-14T13:26:28.350Z	StillImage	COORDINATE_ROUNDED;CONTINENT_DERIVED_FROM_COORDINATES;TAXON_MATCH_TAXON_ID_IGNORED
4171790120	50c9509d-22c7-4a22-a47d-8c48425ef4a7	https://www.inaturalist.org/observations/176779331	Fungi	Basidiomycota	Agaricomycetes	Agaricales	Hydnangiaceae	Laccaria	Laccaria laccata	pallidifolia	VARIETY	Laccaria laccata var. pallidifolia (Peck) Peck	Laccaria laccata pallidifolia		CA		Québec	PRESENT		28eb1a3f-1c15-4a95-931a-4af90ecb574d	45.3842	-74.199587	6.0						2023-08-05T11:08:01	5	8	2023	2530932	2530926	HUMAN_OBSERVATION	iNaturalist	Observations	176779331		Patrice Dauzet	2023-08-06T13:10:39	CC_BY_4_0	Mical	Mical			2025-01-14T12:43:02.154Z	StillImage	COORDINATE_ROUNDED;CONTINENT_DERIVED_FROM_COORDINATES;TAXON_MATCH_TAXON_ID_IGNORED
4171181028	50c9509d-22c7-4a22-a47d-8c48425ef4a7	https://www.inaturalist.org/observations/169837767	Fungi	Basidiomycota	Agaricomycetes	Agaricales	Hydnangiaceae	Laccaria	Laccaria laccata		SPECIES	Laccaria laccata (Scop.) Cooke	Laccaria laccata		CA		New Brunswick	PRESENT		28eb1a3f-1c15-4a95-931a-4af90ecb574d	45.946963	-64.405862	12.0						2023-06-27T17:42:53	27	6	2023	2530926	2530926	HUMAN_OBSERVATION	iNaturalist	Observations	169837767		gwendw	2023-06-27T20:44:49	CC_BY_NC_4_0	gwendw	gwendw			2025-01-14T12:36:36.634Z	StillImage	COORDINATE_ROUNDED;CONTINENT_DERIVED_FROM_COORDINATES;TAXON_MATCH_TAXON_ID_IGNORED
4166303513	695cef75-b65f-4776-b2ed-74565eebb16e	02-01000976602	Fungi	Basidiomycota	Agaricomycetes	Agaricales	Hydnangiaceae	Laccaria	Laccaria laccata		SPECIES	Laccaria laccata (Scop.) Cooke	Laccaria laccata	(Scop.) Cooke	CA	Hardwood Hill Trail	Ontario	PRESENT		055bd978-2daa-4543-b3f0-44e0e87e86ca	45.541667	-78.675							1974-08-24	24	8	1974	2530926	2530926	PRESERVED_SPECIMEN	AAFC	DAOM	186712		D. Malloch		CC_BY_4_0	©His Majesty the King in Right of Canada, as represented by the Minister of Agriculture and Agri-Food	P. Johnson			2025-01-12T05:11:16.599Z		GEODETIC_DATUM_ASSUMED_WGS84;CONTINENT_DERIVED_FROM_COORDINATES;TAXON_MATCH_TAXON_ID_IGNORED;INSTITUTION_MATCH_FUZZY
4166288265	695cef75-b65f-4776-b2ed-74565eebb16e	02-01000976601	Fungi	Basidiomycota	Agaricomycetes	Agaricales	Hydnangiaceae	Laccaria	Laccaria laccata		SPECIES	Laccaria laccata (Scop.) Cooke	Laccaria laccata	(Scop.) Cooke	CA	[not on label]	Ontario	PRESENT		055bd978-2daa-4543-b3f0-44e0e87e86ca	45.520833	-78.395833							1975-08-14	14	8	1975	2530926	2530926	PRESERVED_SPECIMEN	AAFC	DAOM	186492		J.F. Ammirati		CC_BY_4_0	©His Majesty the King in Right of Canada, as represented by the Minister of Agriculture and Agri-Food	O.C. Zubra 25			2025-01-12T05:11:16.328Z		GEODETIC_DATUM_ASSUMED_WGS84;CONTINENT_DERIVED_FROM_COORDINATES;TAXON_MATCH_TAXON_ID_IGNORED;INSTITUTION_MATCH_FUZZY
4099909795	d1a3b128-b406-46bb-a6d1-f3591dcc8a7b	22a11fe1-1fad-401a-a9b0-ff407a875f6a	Fungi	Basidiomycota	Agaricomycetes	Agaricales	Hydnangiaceae	Laccaria	Laccaria laccata		SPECIES	Clitocybe laccata (Scop.) P.Kumm.	Clitocybe laccata	(Scop.) P. Kumm.	CA	Le Verendrye Park, near Lac des Loups	Quebec	PRESENT		e43cf4b8-849e-4fac-b075-e652d019d2cf	46.534167	-78.863889	587.0						1958-07-08	8	7	1958	2530948	2530926	PRESERVED_SPECIMEN	BPI		BPI 754115		Pantidou, M.		CC0_1_0		Pantidou, M.			2025-01-15T04:59:41.605Z		GEODETIC_DATUM_ASSUMED_WGS84;CONTINENT_DERIVED_FROM_COORDINATES;TAXON_MATCH_TAXON_ID_IGNORED;INSTITUTION_MATCH_FUZZY
4023668601	fb9d7c38-5759-4c30-9e09-5b6bd43f78a6	http://id.luomus.fi/MY.12013518	Fungi	Basidiomycota	Agaricomycetes	Agaricales	Hydnangiaceae	Laccaria	Laccaria laccata		SPECIES	Laccaria laccata (Scop.) Berk. & Broome	Laccaria laccata (Scop. : Fr.) Berk. & Broome		CA		Ontario	PRESENT		04fd2e13-6881-4e5c-9dd1-8fdd9ab993c1	45.9	-77.28							1960-06-29T00:00Z	29	6	1960	7415330	2530926	PRESERVED_SPECIMEN	H		http://id.luomus.fi/HA.H7074680				CC_BY_4_0		Elliot, M.			2025-01-17T02:41:18.772Z		CONTINENT_DERIVED_FROM_COORDINATES;TAXON_MATCH_TAXON_ID_IGNORED;COLLECTION_MATCH_NONE;INSTITUTION_MATCH_FUZZY
3912449514	50c9509d-22c7-4a22-a47d-8c48425ef4a7	https://www.inaturalist.org/observations/135730265	Fungi	Basidiomycota	Agaricomycetes	Agaricales	Hydnangiaceae	Laccaria	Laccaria laccata		SPECIES	Laccaria laccata (Scop.) Cooke	Laccaria laccata		CA		Prince Edward Island	PRESENT		28eb1a3f-1c15-4a95-931a-4af90ecb574d	47.048375	-64.005148	20.0						2022-09-19T15:07	19	9	2022	2530926	2530926	HUMAN_OBSERVATION	iNaturalist	Observations	135730265		Rosemary Curley	2022-09-20T00:21:50	CC_BY_NC_4_0	Rosemary Curley	Rosemary Curley			2025-01-14T13:25:11.479Z	StillImage	COORDINATE_ROUNDED;CONTINENT_DERIVED_FROM_COORDINATES;TAXON_MATCH_TAXON_ID_IGNORED
3349350151	d8cd16ba-bb74-4420-821e-083f2bac17c2	MN992433	Fungi	Basidiomycota	Agaricomycetes	Agaricales	Hydnangiaceae	Laccaria	Laccaria laccata		SPECIES	Laccaria laccata (Scop.) Cooke	Laccaria laccata		CA	Quebec, Anticosti		PRESENT		ada9d123-ddb4-467d-8891-806ea8d94230	49.88	-64.18							2015-09-07	7	9	2015	2530926	2530926	PRESERVED_SPECIMEN			ANT020-QFB28586		Renee Lebeuf		CC_BY_4_0		Cadotte, M.			2025-01-18T13:04:48.279Z		GEODETIC_DATUM_ASSUMED_WGS84;CONTINENT_DERIVED_FROM_COORDINATES;TAXON_MATCH_TAXON_CONCEPT_ID_IGNORED;TAXON_MATCH_TAXON_ID_IGNORED
3349272009	d8cd16ba-bb74-4420-821e-083f2bac17c2	MN992434	Fungi	Basidiomycota	Agaricomycetes	Agaricales	Hydnangiaceae	Laccaria	Laccaria laccata		SPECIES	Laccaria laccata (Scop.) Cooke	Laccaria laccata		CA	Quebec, Anticosti		PRESENT		ada9d123-ddb4-467d-8891-806ea8d94230	49.9	-64.4							2015-09-09	9	9	2015	2530926	2530926	PRESERVED_SPECIMEN			ANT199-QFB28655		Renee Lebeuf		CC_BY_4_0					2025-01-18T13:04:48.274Z		GEODETIC_DATUM_ASSUMED_WGS84;CONTINENT_DERIVED_FROM_COORDINATES;TAXON_MATCH_TAXON_CONCEPT_ID_IGNORED;TAXON_MATCH_TAXON_ID_IGNORED
2999216494	50c9509d-22c7-4a22-a47d-8c48425ef4a7	https://www.inaturalist.org/observations/58115638	Fungi	Basidiomycota	Agaricomycetes	Agaricales	Hydnangiaceae	Laccaria	Laccaria laccata		SPECIES	Laccaria laccata (Scop.) Cooke	Laccaria laccata		CA		Ontario	PRESENT		28eb1a3f-1c15-4a95-931a-4af90ecb574d	45.446037	-77.820695	5005.0						2020-08-29T09:10:58	29	8	2020	2530926	2530926	HUMAN_OBSERVATION	iNaturalist	Observations	58115638		bharkness	2020-08-31T02:53:43	CC_BY_NC_4_0	bharkness	bharkness			2025-01-14T12:14:31.356Z	StillImage	COORDINATE_ROUNDED;CONTINENT_DERIVED_FROM_COORDINATES;TAXON_MATCH_TAXON_ID_IGNORED
2898257278	50c9509d-22c7-4a22-a47d-8c48425ef4a7	https://www.inaturalist.org/observations/62670614	Fungi	Basidiomycota	Agaricomycetes	Agaricales	Hydnangiaceae	Laccaria	Laccaria laccata		SPECIES	Laccaria laccata (Scop.) Cooke	Laccaria laccata		CA		Ontario	PRESENT		28eb1a3f-1c15-4a95-931a-4af90ecb574d	45.553969	-78.59676	1523.0						2020-10-15T18:10:23	15	10	2020	2530926	2530926	HUMAN_OBSERVATION	iNaturalist	Observations	62670614		Hugo Basurto	2020-10-15T22:48:48	CC_BY_NC_4_0	Myca	Myca			2025-01-14T13:05:04.198Z	StillImage	COORDINATE_ROUNDED;CONTINENT_DERIVED_FROM_COORDINATES;TAXON_MATCH_TAXON_ID_IGNORED
2883049300	50c9509d-22c7-4a22-a47d-8c48425ef4a7	https://www.inaturalist.org/observations/61767019	Fungi	Basidiomycota	Agaricomycetes	Agaricales	Hydnangiaceae	Laccaria	Laccaria laccata		SPECIES	Laccaria laccata (Scop.) Cooke	Laccaria laccata		CA		Nova Scotia	PRESENT		28eb1a3f-1c15-4a95-931a-4af90ecb574d	45.678834	-64.061082	46.0						2020-10-03T11:34	3	10	2020	2530926	2530926	HUMAN_OBSERVATION	iNaturalist	Observations	61767019		Ben	2020-10-05T11:18:03	CC_BY_NC_4_0	Ben	Ben			2025-01-14T12:15:07.744Z	StillImage	COORDINATE_ROUNDED;CONTINENT_DERIVED_FROM_COORDINATES;TAXON_MATCH_TAXON_ID_IGNORED
2429392862	50c9509d-22c7-4a22-a47d-8c48425ef4a7	https://www.inaturalist.org/observations/33919220	Fungi	Basidiomycota	Agaricomycetes	Agaricales	Hydnangiaceae	Laccaria	Laccaria laccata		SPECIES	Laccaria laccata (Scop.) Cooke	Laccaria laccata		CA		Ontario	PRESENT		28eb1a3f-1c15-4a95-931a-4af90ecb574d	45.35368	-76.002389	3161.0						2019-10-05T14:16:05	5	10	2019	2530926	2530926	HUMAN_OBSERVATION	iNaturalist	Observations	33919220		Angela Skevington	2019-10-05T22:35:51	CC_BY_NC_4_0	Angela Skevington	Angela Skevington			2025-01-14T13:00:30.921Z	StillImage	COORDINATE_ROUNDED;CONTINENT_DERIVED_FROM_COORDINATES;TAXON_MATCH_TAXON_ID_IGNORED
1990806112	d68dd1e3-60be-4ef0-89a0-7fc85241f6cc	8709cbed-4c7b-49b8-afc4-b4d3a9cc7487	Fungi	Basidiomycota	Agaricomycetes	Agaricales	Hydnangiaceae	Laccaria	Laccaria laccata		SPECIES	Laccaria laccata (Scop.) Cooke	Laccaria laccata	(Scop.) Cooke	CA	Montreal	Quebec	PRESENT		4c0e9f60-c489-11d8-bf60-b8a03c50a862	45.5	-73.583333	82948.0						2001			2001	2530926	2530926	PRESERVED_SPECIMEN	USU	UTC	UTC00266242		Fred Baker	2001-01-01T00:00:00	CC0_1_0		Fred Baker			2025-01-16T14:46:00.668Z		CONTINENT_DERIVED_FROM_COORDINATES;RECORDED_DATE_INVALID;TAXON_MATCH_TAXON_ID_IGNORED;INSTITUTION_MATCH_FUZZY;COLLECTION_MATCH_FUZZY
1990315445	032f1fbe-d21f-407d-be46-5cd1bb1ea397	86283145-e84c-46e5-9f12-baa44652b50b	Fungi	Basidiomycota	Agaricomycetes	Agaricales	Hydnangiaceae	Laccaria	Laccaria laccata		SPECIES	Laccaria laccata (Scop.) Cooke	Laccaria laccata	(Scop.) Cooke	CA	Scots Bay, Split Bay Trail	Nova Scotia	PRESENT		61c539d8-47e0-4b82-875f-b95aad66dcd4	45.326389	-64.438889							1978-08-28	28	8	1978	2530926	2530926	PRESERVED_SPECIMEN	TENN-F		TENN-F-042533	GM428			CC0_1_0		G. Mueller			2025-01-12T10:33:38.160Z		COORDINATE_ROUNDED;GEODETIC_DATUM_ASSUMED_WGS84;CONTINENT_DERIVED_FROM_COORDINATES;TAXON_MATCH_TAXON_ID_IGNORED;INSTITUTION_MATCH_NONE
1990301753	032f1fbe-d21f-407d-be46-5cd1bb1ea397	2de96fba-3033-4f7a-97d2-5ec82152eadf	Fungi	Basidiomycota	Agaricomycetes	Agaricales	Hydnangiaceae	Laccaria	Laccaria laccata		SPECIES	Laccaria laccata (Scop.) Cooke	Laccaria laccata	(Scop.) Cooke	CA	Kentville, Kentville Research Station, Ravine	Nova Scotia	PRESENT		61c539d8-47e0-4b82-875f-b95aad66dcd4	45.065278	-64.484722							1965-07-25	25	7	1965	2530926	2530926	PRESERVED_SPECIMEN	TENN-F		TENN-F-028632	RHP28632			CC0_1_0		R.H. Petersen & P.D. Olexia			2025-01-12T10:33:39.433Z		COORDINATE_ROUNDED;GEODETIC_DATUM_ASSUMED_WGS84;CONTINENT_DERIVED_FROM_COORDINATES;TAXON_MATCH_TAXON_ID_IGNORED;INSTITUTION_MATCH_NONE
1990300791	032f1fbe-d21f-407d-be46-5cd1bb1ea397	082dc765-9c15-4f13-82c6-0c432b2dac94	Fungi	Basidiomycota	Agaricomycetes	Agaricales	Hydnangiaceae	Laccaria	Laccaria laccata		SPECIES	Laccaria laccata (Scop.) Cooke	Laccaria laccata	(Scop.) Cooke	CA	Whitney	Ontario	PRESENT		61c539d8-47e0-4b82-875f-b95aad66dcd4	45.494444	-78.234722							2007-09-10	10	9	2007	2530926	2530926	PRESERVED_SPECIMEN	TENN-F		TENN-F-027604	RHP660			CC0_1_0		R.H. Petersen			2025-01-12T10:33:52.892Z		COORDINATE_ROUNDED;GEODETIC_DATUM_ASSUMED_WGS84;CONTINENT_DERIVED_FROM_COORDINATES;TAXON_MATCH_TAXON_ID_IGNORED;INSTITUTION_MATCH_NONE
1990300483	032f1fbe-d21f-407d-be46-5cd1bb1ea397	558a9c92-3158-4c89-a97b-7ca4ee1db9de	Fungi	Basidiomycota	Agaricomycetes	Agaricales	Hydnangiaceae	Laccaria	Laccaria laccata		SPECIES	Laccaria laccata (Scop.) Cooke	Laccaria laccata	(Scop.) Cooke	CA	Whitney, Algonquin Province Park, Rock Lake Road	Ontario	PRESENT		61c539d8-47e0-4b82-875f-b95aad66dcd4	45.559722	-78.395833							1962-08-02	2	8	1962	2530926	2530926	PRESERVED_SPECIMEN	TENN-F		TENN-F-027214	RP591			CC0_1_0		R.H. Petersen			2025-01-12T10:33:49.106Z		COORDINATE_ROUNDED;GEODETIC_DATUM_ASSUMED_WGS84;CONTINENT_DERIVED_FROM_COORDINATES;TAXON_MATCH_TAXON_ID_IGNORED;INSTITUTION_MATCH_NONE
1990300272	032f1fbe-d21f-407d-be46-5cd1bb1ea397	ed6ef320-b138-4982-8216-19a7370603c8	Fungi	Basidiomycota	Agaricomycetes	Agaricales	Hydnangiaceae	Laccaria	Laccaria laccata		SPECIES	Laccaria laccata (Scop.) Cooke	Laccaria laccata	(Scop.) Cooke	CA	Whitney, Whitney	Ontario	PRESENT		61c539d8-47e0-4b82-875f-b95aad66dcd4	45.494444	-78.234722							1962-09-01	1	9	1962	2530926	2530926	PRESERVED_SPECIMEN	TENN-F		TENN-F-027036	LRH27036			CC0_1_0		R.H. Petersen			2025-01-12T10:33:49.495Z		COORDINATE_ROUNDED;GEODETIC_DATUM_ASSUMED_WGS84;CONTINENT_DERIVED_FROM_COORDINATES;TAXON_MATCH_TAXON_ID_IGNORED;INSTITUTION_MATCH_NONE
1987941384	ca1bcd7e-7387-42f9-81ba-1470db55e3e8	C3CDEED6-C386-484E-BE94-6E3620EB581B	Fungi	Basidiomycota	Agaricomycetes	Agaricales	Hydnangiaceae	Laccaria	Laccaria laccata		SPECIES	Laccaria laccata (Scop.) Cooke	Laccaria laccata	(Scop.) Cooke	CA	Sackville, Amherst Point	New Brunswick	PRESENT		b542788f-0dc2-4a2b-b652-fceced449591	45.9	-64.366667							1977-09		9	1977	2530926	2530926	PRESERVED_SPECIMEN	BBM	UBC	F013332	sn			CC0_1_0	The University of British Columbia	T. Goward			2024-11-19T11:27:40.002Z		GEODETIC_DATUM_ASSUMED_WGS84;CONTINENT_DERIVED_FROM_COORDINATES;INSTITUTION_MATCH_FUZZY
1914341122	50c9509d-22c7-4a22-a47d-8c48425ef4a7	https://www.inaturalist.org/observations/17085712	Fungi	Basidiomycota	Agaricomycetes	Agaricales	Hydnangiaceae	Laccaria	Laccaria laccata		SPECIES	Laccaria laccata (Scop.) Cooke	Laccaria laccata		CA		Ontario	PRESENT		28eb1a3f-1c15-4a95-931a-4af90ecb574d	45.172203	-78.829258	8.0						2018-09-29T09:55:54	29	9	2018	2530926	2530926	HUMAN_OBSERVATION	iNaturalist	Observations	17085712		antoniocillero	2018-10-01T01:17:56	CC_BY_NC_4_0	antoniocillero	antoniocillero			2025-01-14T12:05:54.106Z	StillImage	COORDINATE_ROUNDED;CONTINENT_DERIVED_FROM_COORDINATES;TAXON_MATCH_TAXON_ID_IGNORED
1901036567	50c9509d-22c7-4a22-a47d-8c48425ef4a7	https://www.inaturalist.org/observations/16031097	Fungi	Basidiomycota	Agaricomycetes	Agaricales	Hydnangiaceae	Laccaria	Laccaria laccata		SPECIES	Laccaria laccata (Scop.) Cooke	Laccaria laccata		CA		Ontario	PRESENT		28eb1a3f-1c15-4a95-931a-4af90ecb574d	45.577858	-78.456642	8.0						2018-08-26T15:33:59	26	8	2018	2530926	2530926	HUMAN_OBSERVATION	iNaturalist	Observations	16031097		Jeffrey H. Skevington	2018-08-30T16:16:53	CC_BY_NC_4_0	Jeffrey H. Skevington	Jeffrey H. Skevington			2025-01-14T12:58:10.363Z	StillImage	COORDINATE_ROUNDED;CONTINENT_DERIVED_FROM_COORDINATES;TAXON_MATCH_TAXON_ID_IGNORED
1807261016	e8a25a42-f125-476c-8554-3ec21cd51a84	ACAD:117751	Fungi	Basidiomycota	Agaricomycetes	Agaricales	Hydnangiaceae	Laccaria	Laccaria laccata		SPECIES	Laccaria laccata (Scop.) Cooke	Laccaria laccata (Scop.) Cooke	(Scop.) Cooke	CA	Scotts Bay	Nova Scotia	PRESENT		6491ad8c-8e49-4bd4-a089-0ddb3bbe0890	45.3	-64.424167							1973-08-29	29	8	1973	2530926	2530926	PRESERVED_SPECIMEN	Acadia University	ACAD	10522F	10522			CC0_1_0	Acadia University				2024-01-25T01:37:09.175Z	StillImage	COORDINATE_ROUNDED;GEODETIC_DATUM_INVALID;GEODETIC_DATUM_ASSUMED_WGS84;TAXON_MATCH_TAXON_ID_IGNORED;INSTITUTION_MATCH_FUZZY;COLLECTION_MATCH_FUZZY
1807255557	e8a25a42-f125-476c-8554-3ec21cd51a84	ACAD:112313	Fungi	Basidiomycota	Agaricomycetes	Agaricales	Hydnangiaceae	Laccaria	Laccaria laccata		SPECIES	Laccaria laccata (Scop.) Cooke	Laccaria laccata (Scop.) Cooke	(Scop.) Cooke	CA	(Kentville)	Nova Scotia	PRESENT		6491ad8c-8e49-4bd4-a089-0ddb3bbe0890	45.07662	-64.49592							1931			1931	2530926	2530926	PRESERVED_SPECIMEN	Acadia University	ACAD	204F	204	Bigelow,HE		CC0_1_0	Acadia University	H, KA			2024-01-25T01:37:05.777Z	StillImage	GEODETIC_DATUM_INVALID;GEODETIC_DATUM_ASSUMED_WGS84;TAXON_MATCH_TAXON_ID_IGNORED;INSTITUTION_MATCH_FUZZY;COLLECTION_MATCH_FUZZY
1412709073	21705170-d2b6-42de-8904-c3bca4b83591	CMMF017562	Fungi	Basidiomycota	Agaricomycetes	Agaricales	Hydnangiaceae	Laccaria	Laccaria laccata		SPECIES	Laccaria laccata (Scop.) Cooke	Laccaria laccata (Scop.) Cooke	(Scop.) Cooke	CA	Île des Soeurs, Québec.	Québec	PRESENT		ff7bd5db-b724-4932-b496-10ea298851f9	45.461124	-73.547316	2000.0						1981-08-13	13	8	1981	2530926	2530926	PRESERVED_SPECIMEN	Université de Montréal Biodiversity Centre	CMMF	CMMF017562	1981-221	Cyr, A.		CC0_1_0	Université de Montréal Biodiversity Centre	Cyr, A.			2024-01-24T16:38:15.798Z		INSTITUTION_MATCH_FUZZY;COLLECTION_MATCH_FUZZY;DIFFERENT_OWNER_INSTITUTION
1412708824	21705170-d2b6-42de-8904-c3bca4b83591	CMMF017268	Fungi	Basidiomycota	Agaricomycetes	Agaricales	Hydnangiaceae	Laccaria	Laccaria laccata		SPECIES	Laccaria laccata (Scop.) Cooke	Laccaria laccata (Scop.) Cooke	(Scop.) Cooke	CA	Île des Soeurs, Québec.	Québec	PRESENT		ff7bd5db-b724-4932-b496-10ea298851f9	45.461124	-73.547316	2000.0						1981-08-04	4	8	1981	2530926	2530926	PRESERVED_SPECIMEN	Université de Montréal Biodiversity Centre	CMMF	CMMF017268	1981-171	Cyr, A.		CC0_1_0	Université de Montréal Biodiversity Centre	Cyr, A.			2024-01-24T16:38:15.573Z		INSTITUTION_MATCH_FUZZY;COLLECTION_MATCH_FUZZY;DIFFERENT_OWNER_INSTITUTION
1412707743	21705170-d2b6-42de-8904-c3bca4b83591	CMMF016189	Fungi	Basidiomycota	Agaricomycetes	Agaricales	Hydnangiaceae	Laccaria	Laccaria laccata	pusilla	VARIETY	Laccaria laccata var. pusilla (P.Larsen) Singer	Laccaria laccata var. pusilla (P. Larsen) Singer	(P. Larsen) Singer	CA	Route 10, Brossard, Québec.	Québec	PRESENT		ff7bd5db-b724-4932-b496-10ea298851f9	45.459256	-73.449557	4000.0						1981-06-29	29	6	1981	3351451	2530926	PRESERVED_SPECIMEN	Université de Montréal Biodiversity Centre	CMMF	CMMF016189	1649	Guérin, Gérard		CC0_1_0	Université de Montréal Biodiversity Centre	Guérin, Gérard			2024-01-24T16:38:18.629Z	StillImage	INSTITUTION_MATCH_FUZZY;COLLECTION_MATCH_FUZZY;DIFFERENT_OWNER_INSTITUTION
1412707666	21705170-d2b6-42de-8904-c3bca4b83591	CMMF016185	Fungi	Basidiomycota	Agaricomycetes	Agaricales	Hydnangiaceae	Laccaria	Laccaria laccata		SPECIES	Laccaria laccata (Scop.) Cooke	Laccaria laccata (Scop.) Cooke	(Scop.) Cooke	CA	Lac Emeraude, Québec.	Québec	PRESENT		ff7bd5db-b724-4932-b496-10ea298851f9	46.820449	-72.234717	2000.0						1995-07-16	16	7	1995	2530926	2530926	PRESERVED_SPECIMEN	Université de Montréal Biodiversity Centre	CMMF	CMMF016185	NA	Guérin, Gérard		CC0_1_0	Université de Montréal Biodiversity Centre	Guérin, Gérard			2024-01-24T16:38:18.621Z		INSTITUTION_MATCH_FUZZY;COLLECTION_MATCH_FUZZY;DIFFERENT_OWNER_INSTITUTION
1412707662	21705170-d2b6-42de-8904-c3bca4b83591	CMMF016186	Fungi	Basidiomycota	Agaricomycetes	Agaricales	Hydnangiaceae	Laccaria	Laccaria laccata	laccata	VARIETY	Laccaria laccata var. laccata	Laccaria laccata var. laccata (Scop.) Cooke	(Scop.) Cooke	CA	LaBaie, Québec.	Québec	PRESENT		ff7bd5db-b724-4932-b496-10ea298851f9	48.329203	-70.885721	12000.0						1995-09-16	16	9	1995	6331489	2530926	PRESERVED_SPECIMEN	Université de Montréal Biodiversity Centre	CMMF	CMMF016186	1648	Guérin, Gérard		CC0_1_0	Université de Montréal Biodiversity Centre	Guérin, Gérard			2024-01-24T16:38:18.619Z	StillImage	INSTITUTION_MATCH_FUZZY;COLLECTION_MATCH_FUZZY;DIFFERENT_OWNER_INSTITUTION
1412703200	21705170-d2b6-42de-8904-c3bca4b83591	CMMF011700	Fungi	Basidiomycota	Agaricomycetes	Agaricales	Hydnangiaceae	Laccaria	Laccaria laccata		SPECIES	Laccaria laccata (Scop.) Cooke	Laccaria laccata (Scop.) Cooke	(Scop.) Cooke	CA	Érablière Josaph Lambert, agronome, Sainte-Catherine, Portneuf, Québec.	Québec	PRESENT		ff7bd5db-b724-4932-b496-10ea298851f9	46.876291	-71.561735	13000.0						1980-08-17	17	8	1980	2530926	2530926	PRESERVED_SPECIMEN	Université de Montréal Biodiversity Centre	CMMF	CMMF011700	30001	Pomerleau, René		CC0_1_0	Université de Montréal Biodiversity Centre	Lambert, Fernande C.; Campagna, Elzéar			2024-01-24T16:38:18.267Z		INSTITUTION_MATCH_FUZZY;COLLECTION_MATCH_FUZZY;DIFFERENT_OWNER_INSTITUTION
1412703146	21705170-d2b6-42de-8904-c3bca4b83591	CMMF011597	Fungi	Basidiomycota	Agaricomycetes	Agaricales	Hydnangiaceae	Laccaria	Laccaria laccata		SPECIES	Clitocybe laccata (Scop.) P.Kumm.	Clitocybe laccata (Scop.) P. Kumm.	(Scop.) P. Kumm.	CA	Sainte-Anne de la Pocatière, Kamouraska, Québec.	Québec	PRESENT		ff7bd5db-b724-4932-b496-10ea298851f9	47.366667	-70.033333	8000.0						1944-09-09	9	9	1944	2530948	2530926	PRESERVED_SPECIMEN	Université de Montréal Biodiversity Centre	CMMF	CMMF011597	18314	Pomerleau, René		CC0_1_0	Université de Montréal Biodiversity Centre	Campagna, Elzéar; Dubé, Lucien			2024-01-24T16:38:18.052Z		INSTITUTION_MATCH_FUZZY;COLLECTION_MATCH_FUZZY;DIFFERENT_OWNER_INSTITUTION
1135071124	21705170-d2b6-42de-8904-c3bca4b83591	CMMF009608	Fungi	Basidiomycota	Agaricomycetes	Agaricales	Hydnangiaceae	Laccaria	Laccaria laccata	pallidifolia	VARIETY	Laccaria laccata var. pallidifolia (Peck) Peck	Laccaria laccata var. pallidifolia (Peck) Peck	(Peck) Peck	CA	Lac Neigette sud, Lac-Beauport.	Québec	PRESENT		ff7bd5db-b724-4932-b496-10ea298851f9	46.949694	-71.300041	450.0						2007-07-23	23	7	2007	2530932	2530926	PRESERVED_SPECIMEN	Université de Montréal Biodiversity Centre	CMMF	CMMF009608	1192	Labbé, Roland		CC0_1_0	Université de Montréal Biodiversity Centre	Labrecque, Jacqueline			2024-01-24T16:38:20.988Z		INSTITUTION_MATCH_FUZZY;COLLECTION_MATCH_FUZZY;DIFFERENT_OWNER_INSTITUTION
1135070183	21705170-d2b6-42de-8904-c3bca4b83591	CMMF008736	Fungi	Basidiomycota	Agaricomycetes	Agaricales	Hydnangiaceae	Laccaria	Laccaria laccata		SPECIES	Laccaria laccata (Scop.) Cooke	Laccaria laccata (Scop.) Cooke	(Scop.) Cooke	CA	Rue des Castors, Québec.	Québec	PRESENT		ff7bd5db-b724-4932-b496-10ea298851f9	46.891264	-71.290968	500.0						2006-07-09	9	7	2006	2530926	2530926	PRESERVED_SPECIMEN	Université de Montréal Biodiversity Centre	CMMF	CMMF008736	317	Labrecque, Jacqueline		CC0_1_0	Université de Montréal Biodiversity Centre	Labrecque, Jacqueline			2024-01-24T16:38:18.795Z		INSTITUTION_MATCH_FUZZY;COLLECTION_MATCH_FUZZY;DIFFERENT_OWNER_INSTITUTION
1135067503	21705170-d2b6-42de-8904-c3bca4b83591	CMMF005992	Fungi	Basidiomycota	Agaricomycetes	Agaricales	Hydnangiaceae	Laccaria	Laccaria laccata	pallidifolia	VARIETY	Laccaria laccata var. pallidifolia (Peck) Peck	Laccaria laccata var. pallidifolia (Peck) Peck	(Peck) Peck	CA	Châteauguay (Centre écologique Fernand-Seguin)	Québec	PRESENT		ff7bd5db-b724-4932-b496-10ea298851f9	45.33983	-73.773917	100.0						2011-08-30	30	8	2011	2530932	2530926	PRESERVED_SPECIMEN	Université de Montréal Biodiversity Centre	CMMF	CMMF005992	C3884	McNeil, Raymond		CC0_1_0	Université de Montréal Biodiversity Centre	McNeil, Raymond			2024-01-24T16:38:17.067Z	StillImage	COORDINATE_ROUNDED;INSTITUTION_MATCH_FUZZY;COLLECTION_MATCH_FUZZY;DIFFERENT_OWNER_INSTITUTION
1135066877	21705170-d2b6-42de-8904-c3bca4b83591	CMMF010345	Fungi	Basidiomycota	Agaricomycetes	Agaricales	Hydnangiaceae	Laccaria	Laccaria laccata	pallidifolia	VARIETY	Laccaria laccata var. pallidifolia (Peck) Peck	Laccaria laccata var. pallidifolia (Peck) Peck	(Peck) Peck	CA	Parc des Moulins, Québec.	Québec	PRESENT		ff7bd5db-b724-4932-b496-10ea298851f9	46.887678	-71.301288	600.0						2008-06-23	23	6	2008	2530932	2530926	PRESERVED_SPECIMEN	Université de Montréal Biodiversity Centre	CMMF	CMMF010345	1931	Labrecque, Jacqueline; Labbé, Roland		CC0_1_0	Université de Montréal Biodiversity Centre	Labrecque, Jacqueline			2024-01-24T16:38:21.603Z		INSTITUTION_MATCH_FUZZY;COLLECTION_MATCH_FUZZY;DIFFERENT_OWNER_INSTITUTION
1024559048	21705170-d2b6-42de-8904-c3bca4b83591	CMMF004572	Fungi	Basidiomycota	Agaricomycetes	Agaricales	Hydnangiaceae	Laccaria	Laccaria laccata	pallidifolia	VARIETY	Laccaria laccata var. pallidifolia (Peck) Peck	Laccaria laccata var. pallidifolia (Peck) Peck	(Peck) Peck	CA	Réserve écologique du Boisé-des-Muir, Hinchinbrooke.	Québec	PRESENT		ff7bd5db-b724-4932-b496-10ea298851f9	45.086762	-74.114209	10.0						2012-09-30	30	9	2012	2530932	2530926	PRESERVED_SPECIMEN	Université de Montréal Biodiversity Centre	CMMF	CMMF004572	617	Langlois, Annabelle		CC0_1_0	Université de Montréal Biodiversity Centre	Langlois, Annabelle; Turgon, Jean-Pierre			2024-01-24T16:38:19.848Z	StillImage	INSTITUTION_MATCH_FUZZY;COLLECTION_MATCH_FUZZY;DIFFERENT_OWNER_INSTITUTION
