gbifID	datasetKey	occurrenceID	kingdom	phylum	class	order	family	genus	species	infraspecificEpithet	taxonRank	scientificName	verbatimScientificName	verbatimScientificNameAuthorship	countryCode	locality	stateProvince	occurrenceStatus	individualCount	publishingOrgKey	decimalLatitude	decimalLongitude	coordinateUncertaintyInMeters	coordinatePrecision	elevation	elevationAccuracy	depth	depthAccuracy	eventDate	day	month	year	taxonKey	speciesKey	basisOfRecord	institutionCode	collectionCode	catalogNumber	recordNumber	identifiedBy	dateIdentified	license	rightsHolder	recordedBy	typeStatus	establishmentMeans	lastInterpreted	mediaType	issue
694156963	d7cfd2ed-8af4-427f-a16e-eb66b7e2c419	13895	Fungi	Basidiomycota	Agaricomycetes	Agaricales	Omphalotaceae	Gymnopus	Gymnopus dryophilus		SPECIES	Gymnopus dryophilus (Bull.) Murrill	Gymnopus dryophilus (Bull.) Murrill	(Bull.) Murrill	CA	Algonquin Provincial Park	Ontario	PRESENT		ff418020-1d67-11d9-8435-b8a03c50a862	45.759859	-78.376465	67511.0						2007-10-04	4	10	2007	5243756	5243756	PRESERVED_SPECIMEN	Royal Ontario Museum	TRTC	TRTC157017	ALG07_193			CC0_1_0	Royal Ontario Museum	Maryna Didukh; Dentiger Bryn			2024-01-25T00:59:38.601Z	StillImage	COORDINATE_ROUNDED;AMBIGUOUS_INSTITUTION
617555462	21705170-d2b6-42de-8904-c3bca4b83591	CMMF000082	Fungi	Basidiomycota	Agaricomycetes	Agaricales	Omphalotaceae	Gymnopus	Gymnopus dryophilus		SPECIES	Gymnopus dryophilus (Bull.) Murrill	Gymnopus dryophilus (Bull.) Murrill	(Bull.) Murrill	CA	Saint-Herménégilde	Québec	PRESENT		ff7bd5db-b724-4932-b496-10ea298851f9	45.105574	-71.672847	3000.0						1988-07-22	22	7	1988	5243756	5243756	PRESERVED_SPECIMEN	Université de Montréal Biodiversity Centre	CMMF	CMMF000082		Lamoureux, Yves		CC0_1_0	Université de Montréal Biodiversity Centre	Lamoureux, Yves			2024-01-24T16:38:20.606Z	StillImage	INSTITUTION_MATCH_FUZZY;COLLECTION_MATCH_FUZZY;DIFFERENT_OWNER_INSTITUTION
617550698	21705170-d2b6-42de-8904-c3bca4b83591	CMMF002387	Fungi	Basidiomycota	Agaricomycetes	Agaricales	Omphalotaceae	Gymnopus	Gymnopus dryophilus		SPECIES	Gymnopus dryophilus (Bull.) Murrill	Gymnopus dryophilus (Bull.) Murrill	(Bull.) Murrill	CA	Bonsecours	Québec	PRESENT		ff7bd5db-b724-4932-b496-10ea298851f9	45.40504	-72.305386	4500.0						1995-07-22	22	7	1995	5243756	5243756	PRESERVED_SPECIMEN	Université de Montréal Biodiversity Centre	CMMF	CMMF002387		Lamoureux, Yves		CC0_1_0	Université de Montréal Biodiversity Centre	Lamoureux, Yves			2024-01-24T16:38:19.524Z	StillImage	INSTITUTION_MATCH_FUZZY;COLLECTION_MATCH_FUZZY;DIFFERENT_OWNER_INSTITUTION
617548229	21705170-d2b6-42de-8904-c3bca4b83591	CMMF001314	Fungi	Basidiomycota	Agaricomycetes	Agaricales	Omphalotaceae	Gymnopus	Gymnopus dryophilus		SPECIES	Gymnopus dryophilus (Bull.) Murrill	Gymnopus dryophilus (Bull.) Murrill	(Bull.) Murrill	CA	Longueuil	Québec	PRESENT		ff7bd5db-b724-4932-b496-10ea298851f9	45.544154	-73.477185	5000.0						1991-05-28	28	5	1991	5243756	5243756	PRESERVED_SPECIMEN	Université de Montréal Biodiversity Centre	CMMF	CMMF001314		Lamoureux, Yves		CC0_1_0	Université de Montréal Biodiversity Centre	Lamoureux, Yves			2024-01-24T16:38:17.503Z	StillImage	INSTITUTION_MATCH_FUZZY;COLLECTION_MATCH_FUZZY;DIFFERENT_OWNER_INSTITUTION
4974017935	50c9509d-22c7-4a22-a47d-8c48425ef4a7	https://www.inaturalist.org/observations/248062876	Fungi	Basidiomycota	Agaricomycetes	Agaricales	Omphalotaceae	Gymnopus	Gymnopus dryophilus		SPECIES	Gymnopus dryophilus (Bull.) Murrill	Gymnopus dryophilus		CA		Prince Edward Island	PRESENT		28eb1a3f-1c15-4a95-931a-4af90ecb574d	46.849267	-64.016122	50.0						2024-10-11T10:32:44	11	10	2024	5243756	5243756	HUMAN_OBSERVATION	iNaturalist	Observations	248062876		Rosemary Curley	2024-10-19T13:29:27	CC_BY_NC_4_0	Rosemary Curley	Rosemary Curley			2025-01-14T13:44:08.226Z	StillImage	COORDINATE_ROUNDED;CONTINENT_DERIVED_FROM_COORDINATES;TAXON_MATCH_TAXON_ID_IGNORED
4954263439	50c9509d-22c7-4a22-a47d-8c48425ef4a7	https://www.inaturalist.org/observations/240766317	Fungi	Basidiomycota	Agaricomycetes	Agaricales	Omphalotaceae	Gymnopus	Gymnopus dryophilus		SPECIES	Gymnopus dryophilus (Bull.) Murrill	Gymnopus dryophilus		CA		Ontario	PRESENT		28eb1a3f-1c15-4a95-931a-4af90ecb574d	45.103998	-76.341966	353.0						2024-09-08T15:56	8	9	2024	5243756	5243756	HUMAN_OBSERVATION	iNaturalist	Observations	240766317		Igor Khomenko	2024-09-09T15:24:35	CC_BY_NC_4_0	Igor Khomenko	Igor Khomenko			2025-01-14T12:50:59.125Z	StillImage	COORDINATE_ROUNDED;CONTINENT_DERIVED_FROM_COORDINATES;TAXON_MATCH_TAXON_ID_IGNORED
4953129865	50c9509d-22c7-4a22-a47d-8c48425ef4a7	https://www.inaturalist.org/observations/245495189	Fungi	Basidiomycota	Agaricomycetes	Agaricales	Omphalotaceae	Gymnopus	Gymnopus dryophilus		SPECIES	Gymnopus dryophilus (Bull.) Murrill	Gymnopus dryophilus		CA		Prince Edward Island	PRESENT		28eb1a3f-1c15-4a95-931a-4af90ecb574d	46.867495	-64.209778	4.0						2024-10-03T13:08:17	3	10	2024	5243756	5243756	HUMAN_OBSERVATION	iNaturalist	Observations	245495189		Rosemary Curley	2024-10-04T00:20:27	CC_BY_NC_4_0	Rosemary Curley	Rosemary Curley			2025-01-14T12:51:05.280Z	StillImage	COORDINATE_ROUNDED;CONTINENT_DERIVED_FROM_COORDINATES;TAXON_MATCH_TAXON_ID_IGNORED
4946676098	50c9509d-22c7-4a22-a47d-8c48425ef4a7	https://www.inaturalist.org/observations/240186640	Fungi	Basidiomycota	Agaricomycetes	Agaricales	Omphalotaceae	Gymnopus	Gymnopus dryophilus		SPECIES	Gymnopus dryophilus (Bull.) Murrill	Gymnopus dryophilus		CA		New Brunswick	PRESENT		28eb1a3f-1c15-4a95-931a-4af90ecb574d	45.324467	-66.380188	16.0						2024-09-02T16:53:29	2	9	2024	5243756	5243756	HUMAN_OBSERVATION	iNaturalist	Observations	240186640		Laura O'Connor	2024-09-06T18:46:37	CC_BY_NC_4_0	Laura O'Connor	Laura O'Connor			2025-01-14T12:57:55.237Z	StillImage	COORDINATE_ROUNDED;CONTINENT_DERIVED_FROM_COORDINATES;TAXON_MATCH_TAXON_ID_IGNORED
4945972982	50c9509d-22c7-4a22-a47d-8c48425ef4a7	https://www.inaturalist.org/observations/242078151	Fungi	Basidiomycota	Agaricomycetes	Agaricales	Omphalotaceae	Gymnopus	Gymnopus dryophilus		SPECIES	Gymnopus dryophilus (Bull.) Murrill	Gymnopus dryophilus		CA		Ontario	PRESENT		28eb1a3f-1c15-4a95-931a-4af90ecb574d	45.240151	-77.167512	30.0						2024-06-27T12:20	27	6	2024	5243756	5243756	HUMAN_OBSERVATION	iNaturalist	Observations	242078151		bogend	2024-09-16T12:11:23	CC_BY_NC_4_0	bogend	bogend			2025-01-14T13:43:00.373Z	StillImage	COORDINATE_ROUNDED;CONTINENT_DERIVED_FROM_COORDINATES;TAXON_MATCH_TAXON_ID_IGNORED
4919308217	50c9509d-22c7-4a22-a47d-8c48425ef4a7	https://www.inaturalist.org/observations/231670000	Fungi	Basidiomycota	Agaricomycetes	Agaricales	Omphalotaceae	Gymnopus	Gymnopus dryophilus		SPECIES	Gymnopus dryophilus (Bull.) Murrill	Gymnopus dryophilus		CA		Ontario	PRESENT		28eb1a3f-1c15-4a95-931a-4af90ecb574d	45.264505	-76.16403							2024-07-25T13:03	25	7	2024	5243756	5243756	HUMAN_OBSERVATION	iNaturalist	Observations	231670000		Igor Khomenko	2024-07-25T18:34:54	CC_BY_NC_4_0	Igor Khomenko	Igor Khomenko			2025-01-14T13:34:30.379Z	StillImage	CONTINENT_DERIVED_FROM_COORDINATES;TAXON_MATCH_TAXON_ID_IGNORED
4910740603	50c9509d-22c7-4a22-a47d-8c48425ef4a7	https://www.inaturalist.org/observations/128221724	Fungi	Basidiomycota	Agaricomycetes	Agaricales	Omphalotaceae	Gymnopus	Gymnopus dryophilus		SPECIES	Gymnopus dryophilus (Bull.) Murrill	Gymnopus dryophilus		CA		Québec	PRESENT		28eb1a3f-1c15-4a95-931a-4af90ecb574d	46.453886	-75.738864	236.0						2019-07-14T10:16	14	7	2019	5243756	5243756	HUMAN_OBSERVATION	iNaturalist	Observations	128221724		Mark Ardis	2022-07-27T23:45:39	CC_BY_NC_4_0	Mark Ardis	Mark Ardis			2025-01-14T13:23:47.995Z	StillImage	COORDINATE_ROUNDED;CONTINENT_DERIVED_FROM_COORDINATES;TAXON_MATCH_TAXON_ID_IGNORED
4908995115	50c9509d-22c7-4a22-a47d-8c48425ef4a7	https://www.inaturalist.org/observations/228548478	Fungi	Basidiomycota	Agaricomycetes	Agaricales	Omphalotaceae	Gymnopus	Gymnopus dryophilus		SPECIES	Gymnopus dryophilus (Bull.) Murrill	Gymnopus dryophilus		CA		Québec	PRESENT		28eb1a3f-1c15-4a95-931a-4af90ecb574d	45.872811	-76.4339	501.0						2024-07-10T08:18	10	7	2024	5243756	5243756	HUMAN_OBSERVATION	iNaturalist	Observations	228548478		L Joan Heyding	2024-07-11T00:36:27	CC_BY_NC_4_0	L Joan Heyding	L Joan Heyding			2025-01-14T13:41:57.747Z	StillImage	COORDINATE_ROUNDED;CONTINENT_DERIVED_FROM_COORDINATES;TAXON_MATCH_TAXON_ID_IGNORED
4908230154	50c9509d-22c7-4a22-a47d-8c48425ef4a7	https://www.inaturalist.org/observations/227009000	Fungi	Basidiomycota	Agaricomycetes	Agaricales	Omphalotaceae	Gymnopus	Gymnopus dryophilus		SPECIES	Gymnopus dryophilus (Bull.) Murrill	Gymnopus dryophilus		CA		Québec	PRESENT		28eb1a3f-1c15-4a95-931a-4af90ecb574d	45.962761	-74.336327							2024-07-03T16:28	3	7	2024	5243756	5243756	HUMAN_OBSERVATION	iNaturalist	Observations	227009000		Taylor Routledge	2024-07-04T06:23:27	CC_BY_NC_4_0	karolanegb	karolanegb			2025-01-14T12:48:49.863Z	StillImage	COORDINATE_ROUNDED;CONTINENT_DERIVED_FROM_COORDINATES;TAXON_MATCH_TAXON_ID_IGNORED
4903795163	50c9509d-22c7-4a22-a47d-8c48425ef4a7	https://www.inaturalist.org/observations/226323472	Fungi	Basidiomycota	Agaricomycetes	Agaricales	Omphalotaceae	Gymnopus	Gymnopus dryophilus		SPECIES	Gymnopus dryophilus (Bull.) Murrill	Gymnopus dryophilus		CA		Québec	PRESENT		28eb1a3f-1c15-4a95-931a-4af90ecb574d	48.368043	-68.804677							2024-06-29T14:39:32	29	6	2024	5243756	5243756	HUMAN_OBSERVATION	iNaturalist	Observations	226323472		Nali T.-Paradis	2024-06-30T23:45:54	CC_BY_NC_4_0	Nali T.-Paradis	Nali T.-Paradis			2025-01-14T13:41:47.936Z	StillImage	COORDINATE_ROUNDED;CONTINENT_DERIVED_FROM_COORDINATES;TAXON_MATCH_TAXON_ID_IGNORED
4851958307	50c9509d-22c7-4a22-a47d-8c48425ef4a7	https://www.inaturalist.org/observations/208334096	Fungi	Basidiomycota	Agaricomycetes	Agaricales	Omphalotaceae	Gymnopus	Gymnopus dryophilus		SPECIES	Gymnopus dryophilus (Bull.) Murrill	Gymnopus dryophilus		CA		Québec	PRESENT		28eb1a3f-1c15-4a95-931a-4af90ecb574d	45.120962	-72.433236	506.0						2013-07-31T14:47	31	7	2013	5243756	5243756	HUMAN_OBSERVATION	iNaturalist	Observations	208334096		René Faucher	2024-04-20T19:28:40	CC_BY_NC_4_0	René Faucher	René Faucher			2025-01-14T13:32:22.178Z	StillImage	COORDINATE_ROUNDED;CONTINENT_DERIVED_FROM_COORDINATES;TAXON_MATCH_TAXON_ID_IGNORED
4405291523	50c9509d-22c7-4a22-a47d-8c48425ef4a7	https://www.inaturalist.org/observations/179072826	Fungi	Basidiomycota	Agaricomycetes	Agaricales	Omphalotaceae	Gymnopus	Gymnopus dryophilus		SPECIES	Gymnopus dryophilus (Bull.) Murrill	Gymnopus dryophilus		CA		New Brunswick	PRESENT		28eb1a3f-1c15-4a95-931a-4af90ecb574d	45.950843	-66.67151	156.0						2023-08-18T15:20:51	18	8	2023	5243756	5243756	HUMAN_OBSERVATION	iNaturalist	Observations	179072826		Alfredo Justo	2023-08-22T12:25:24	CC0_1_0	Andrew MacPherson	Andrew MacPherson			2025-01-14T12:38:44.431Z	StillImage	COORDINATE_ROUNDED;CONTINENT_DERIVED_FROM_COORDINATES;TAXON_MATCH_TAXON_ID_IGNORED
4405017972	50c9509d-22c7-4a22-a47d-8c48425ef4a7	https://www.inaturalist.org/observations/179589655	Fungi	Basidiomycota	Agaricomycetes	Agaricales	Omphalotaceae	Gymnopus	Gymnopus dryophilus		SPECIES	Gymnopus dryophilus (Bull.) Murrill	Gymnopus dryophilus		CA		Prince Edward Island	PRESENT		28eb1a3f-1c15-4a95-931a-4af90ecb574d	46.698149	-64.165149	20.0						2023-08-19T14:54	19	8	2023	5243756	5243756	HUMAN_OBSERVATION	iNaturalist	Observations	179589655		Rosemary Curley	2023-08-21T21:47:12	CC_BY_NC_4_0	Rosemary Curley	Rosemary Curley			2025-01-14T13:32:22.220Z	StillImage	COORDINATE_ROUNDED;CONTINENT_DERIVED_FROM_COORDINATES;TAXON_MATCH_TAXON_ID_IGNORED
4177417175	50c9509d-22c7-4a22-a47d-8c48425ef4a7	https://www.inaturalist.org/observations/178040031	Fungi	Basidiomycota	Agaricomycetes	Agaricales	Omphalotaceae	Gymnopus	Gymnopus dryophilus		SPECIES	Gymnopus dryophilus (Bull.) Murrill	Gymnopus dryophilus		CA		Québec	PRESENT		28eb1a3f-1c15-4a95-931a-4af90ecb574d	45.893791	-76.568826	27095.0						2023-08-03T10:06	3	8	2023	5243756	5243756	HUMAN_OBSERVATION	iNaturalist	Observations	178040031		L Joan Heyding	2023-08-12T18:47:31	CC_BY_NC_4_0	L Joan Heyding	L Joan Heyding			2025-01-14T13:32:34.659Z	StillImage	COORDINATE_ROUNDED;CONTINENT_DERIVED_FROM_COORDINATES;TAXON_MATCH_TAXON_ID_IGNORED
4171737734	50c9509d-22c7-4a22-a47d-8c48425ef4a7	https://www.inaturalist.org/observations/175063818	Fungi	Basidiomycota	Agaricomycetes	Agaricales	Omphalotaceae	Gymnopus	Gymnopus dryophilus		SPECIES	Gymnopus dryophilus (Bull.) Murrill	Gymnopus dryophilus		CA		Québec	PRESENT		28eb1a3f-1c15-4a95-931a-4af90ecb574d	48.58685	-72.49768	4.0						2022-09-04T14:22:26	4	9	2022	5243756	5243756	HUMAN_OBSERVATION	iNaturalist	Observations	175063818		ricomycologie	2023-07-26T16:52:00	CC_BY_NC_4_0	ricomycologie	ricomycologie			2025-01-14T12:37:07.265Z	StillImage	CONTINENT_DERIVED_FROM_COORDINATES;TAXON_MATCH_TAXON_ID_IGNORED
4166442423	695cef75-b65f-4776-b2ed-74565eebb16e	02-01000975737	Fungi	Basidiomycota	Agaricomycetes	Agaricales	Omphalotaceae	Gymnopus	Gymnopus dryophilus		SPECIES	Collybia dryophila (Bull.) P.Kumm.	Collybia dryophila	(Bull.) P. Kumm.	CA	Grand Lake Dam Access Rd.	Ontario	PRESENT		055bd978-2daa-4543-b3f0-44e0e87e86ca	45.858333	-77.75							1975-06-10	10	6	1975	2537591	5243756	PRESERVED_SPECIMEN	AAFC	DAOM	186767		J.F. Ammirati		CC_BY_4_0	©His Majesty the King in Right of Canada, as represented by the Minister of Agriculture and Agri-Food	P. Johnson			2025-01-12T05:11:16.417Z		GEODETIC_DATUM_ASSUMED_WGS84;CONTINENT_DERIVED_FROM_COORDINATES;TAXON_MATCH_TAXON_ID_IGNORED;INSTITUTION_MATCH_FUZZY
4166287108	695cef75-b65f-4776-b2ed-74565eebb16e	02-01000975739	Fungi	Basidiomycota	Agaricomycetes	Agaricales	Omphalotaceae	Gymnopus	Gymnopus dryophilus		SPECIES	Collybia dryophila (Bull.) P.Kumm.	Collybia dryophila	(Bull.) P. Kumm.	CA	Hardwood Hill	Ontario	PRESENT		055bd978-2daa-4543-b3f0-44e0e87e86ca	45.541667	-78.675							1975-07-05	5	7	1975	2537591	5243756	PRESERVED_SPECIMEN	AAFC	DAOM	186459		J.F. Ammirati 6626		CC_BY_4_0	©His Majesty the King in Right of Canada, as represented by the Minister of Agriculture and Agri-Food	Paul Johnson			2025-01-12T05:11:16.219Z		GEODETIC_DATUM_ASSUMED_WGS84;CONTINENT_DERIVED_FROM_COORDINATES;TAXON_MATCH_TAXON_ID_IGNORED;INSTITUTION_MATCH_FUZZY
4165454149	50c9509d-22c7-4a22-a47d-8c48425ef4a7	https://www.inaturalist.org/observations/173868738	Fungi	Basidiomycota	Agaricomycetes	Agaricales	Omphalotaceae	Gymnopus	Gymnopus dryophilus		SPECIES	Gymnopus dryophilus (Bull.) Murrill	Gymnopus dryophilus		CA		Québec	PRESENT		28eb1a3f-1c15-4a95-931a-4af90ecb574d	45.993464	-76.574215	27095.0						2023-07-14T08:48	14	7	2023	5243756	5243756	HUMAN_OBSERVATION	iNaturalist	Observations	173868738		L Joan Heyding	2023-07-20T01:25:49	CC_BY_NC_4_0	L Joan Heyding	L Joan Heyding			2025-01-14T12:38:10.303Z	StillImage	COORDINATE_ROUNDED;CONTINENT_DERIVED_FROM_COORDINATES;TAXON_MATCH_TAXON_ID_IGNORED
4162400710	50c9509d-22c7-4a22-a47d-8c48425ef4a7	https://www.inaturalist.org/observations/173281221	Fungi	Basidiomycota	Agaricomycetes	Agaricales	Omphalotaceae	Gymnopus	Gymnopus dryophilus		SPECIES	Gymnopus dryophilus (Bull.) Murrill	Gymnopus dryophilus		CA		Québec	PRESENT		28eb1a3f-1c15-4a95-931a-4af90ecb574d	46.742309	-71.392565	23.0						2023-07-16T12:39:51	16	7	2023	5243756	5243756	HUMAN_OBSERVATION	iNaturalist	Observations	173281221		Camille Boucher	2023-07-16T20:04:54	CC_BY_NC_4_0	Camille Boucher	Camille Boucher			2025-01-14T12:38:37.624Z	StillImage	COORDINATE_ROUNDED;CONTINENT_DERIVED_FROM_COORDINATES;TAXON_MATCH_TAXON_ID_IGNORED
4153357209	50c9509d-22c7-4a22-a47d-8c48425ef4a7	https://www.inaturalist.org/observations/172091707	Fungi	Basidiomycota	Agaricomycetes	Agaricales	Omphalotaceae	Gymnopus	Gymnopus dryophilus		SPECIES	Gymnopus dryophilus (Bull.) Murrill	Gymnopus dryophilus		CA		Québec	PRESENT		28eb1a3f-1c15-4a95-931a-4af90ecb574d	46.011819	-74.277956							2023-07-09T12:00:34	9	7	2023	5243756	5243756	HUMAN_OBSERVATION	iNaturalist	Observations	172091707		iliana_antonova	2023-07-10T02:37:51	CC_BY_NC_4_0	iliana_antonova	iliana_antonova			2025-01-14T13:31:12.651Z	StillImage	COORDINATE_ROUNDED;CONTINENT_DERIVED_FROM_COORDINATES;TAXON_MATCH_TAXON_ID_IGNORED
4145695905	50c9509d-22c7-4a22-a47d-8c48425ef4a7	https://www.inaturalist.org/observations/170817726	Fungi	Basidiomycota	Agaricomycetes	Agaricales	Omphalotaceae	Gymnopus	Gymnopus dryophilus		SPECIES	Gymnopus dryophilus (Bull.) Murrill	Gymnopus dryophilus		CA		New Brunswick	PRESENT		28eb1a3f-1c15-4a95-931a-4af90ecb574d	45.190533	-66.372925	100.0						2023-07-02T09:18	2	7	2023	5243756	5243756	HUMAN_OBSERVATION	iNaturalist	Observations	170817726		Alfredo Justo	2023-07-03T11:27:37	CC_BY_NC_4_0	Alfredo Justo	Alfredo Justo			2025-01-14T13:31:40.102Z	StillImage	CONTINENT_DERIVED_FROM_COORDINATES;TAXON_MATCH_TAXON_ID_IGNORED
4145310644	50c9509d-22c7-4a22-a47d-8c48425ef4a7	https://www.inaturalist.org/observations/170517736	Fungi	Basidiomycota	Agaricomycetes	Agaricales	Omphalotaceae	Gymnopus	Gymnopus dryophilus		SPECIES	Gymnopus dryophilus (Bull.) Murrill	Gymnopus dryophilus		CA		Québec	PRESENT		28eb1a3f-1c15-4a95-931a-4af90ecb574d	47.468238	-70.370567	4.0						2023-07-01T16:27:05	1	7	2023	5243756	5243756	HUMAN_OBSERVATION	iNaturalist	Observations	170517736		piroxxi	2023-07-01T20:28:59	CC_BY_NC_4_0	piroxxi	piroxxi			2025-01-14T13:31:29.129Z	StillImage	COORDINATE_ROUNDED;CONTINENT_DERIVED_FROM_COORDINATES;TAXON_MATCH_TAXON_ID_IGNORED
4015200437	50c9509d-22c7-4a22-a47d-8c48425ef4a7	https://www.inaturalist.org/observations/87800633	Fungi	Basidiomycota	Agaricomycetes	Agaricales	Omphalotaceae	Gymnopus	Gymnopus dryophilus		SPECIES	Gymnopus dryophilus (Bull.) Murrill	Gymnopus dryophilus		CA		Ontario	PRESENT		28eb1a3f-1c15-4a95-931a-4af90ecb574d	45.21258	-78.117478	16.0						2021-07-19T11:14:43	19	7	2021	5243756	5243756	HUMAN_OBSERVATION	iNaturalist	Observations	87800633		Alexandra Gillespie	2021-07-20T01:52:47	CC0_1_0	Alexandra Gillespie	Alexandra Gillespie			2025-01-14T13:12:13.481Z	StillImage	COORDINATE_ROUNDED;CONTINENT_DERIVED_FROM_COORDINATES;TAXON_MATCH_TAXON_ID_IGNORED
4011677582	50c9509d-22c7-4a22-a47d-8c48425ef4a7	https://www.inaturalist.org/observations/140597433	Fungi	Basidiomycota	Agaricomycetes	Agaricales	Omphalotaceae	Gymnopus	Gymnopus dryophilus		SPECIES	Gymnopus dryophilus (Bull.) Murrill	Gymnopus dryophilus		CA		New Brunswick	PRESENT		28eb1a3f-1c15-4a95-931a-4af90ecb574d	46.763078	-66.491211	5.0						2019-06-27T11:54	27	6	2019	5243756	5243756	HUMAN_OBSERVATION	iNaturalist	Observations	140597433		Alfredo Justo	2022-10-31T00:51:13	CC_BY_NC_4_0	Alfredo Justo	Alfredo Justo			2025-01-14T13:18:45.261Z	StillImage	COORDINATE_ROUNDED;CONTINENT_DERIVED_FROM_COORDINATES;TAXON_MATCH_TAXON_ID_IGNORED
4009694632	50c9509d-22c7-4a22-a47d-8c48425ef4a7	https://www.inaturalist.org/observations/144576408	Fungi	Basidiomycota	Agaricomycetes	Agaricales	Omphalotaceae	Gymnopus	Gymnopus dryophilus		SPECIES	Gymnopus dryophilus (Bull.) Murrill	Gymnopus dryophilus		CA		Ontario	PRESENT		28eb1a3f-1c15-4a95-931a-4af90ecb574d	45.057076	-78.456551							2021-07-01T11:40	1	7	2021	5243756	5243756	HUMAN_OBSERVATION	iNaturalist	Observations	144576408		Lee Cumming	2022-12-18T02:45:13	CC_BY_NC_4_0	Lee Cumming	Lee Cumming			2025-01-14T13:25:57.464Z	StillImage	CONTINENT_DERIVED_FROM_COORDINATES;TAXON_MATCH_TAXON_ID_IGNORED
3966373535	50c9509d-22c7-4a22-a47d-8c48425ef4a7	https://www.inaturalist.org/observations/133089191	Fungi	Basidiomycota	Agaricomycetes	Agaricales	Omphalotaceae	Gymnopus	Gymnopus dryophilus		SPECIES	Gymnopus dryophilus (Bull.) Murrill	Gymnopus dryophilus		CA		Ontario	PRESENT		28eb1a3f-1c15-4a95-931a-4af90ecb574d	45.502547	-76.944467							2022-08-31T10:57:50	31	8	2022	5243756	5243756	HUMAN_OBSERVATION	iNaturalist	Observations	133089191		cinna_latifolia	2022-08-31T19:23:04	CC_BY_NC_4_0	steph_xyz	steph_xyz			2025-01-14T12:31:22.461Z	StillImage	COORDINATE_ROUNDED;CONTINENT_DERIVED_FROM_COORDINATES;TAXON_MATCH_TAXON_ID_IGNORED
3947809788	50c9509d-22c7-4a22-a47d-8c48425ef4a7	https://www.inaturalist.org/observations/133257674	Fungi	Basidiomycota	Agaricomycetes	Agaricales	Omphalotaceae	Gymnopus	Gymnopus dryophilus		SPECIES	Gymnopus dryophilus (Bull.) Murrill	Gymnopus dryophilus		CA		Ontario	PRESENT		28eb1a3f-1c15-4a95-931a-4af90ecb574d	45.502694	-76.944603							2022-09-01T08:30:50	1	9	2022	5243756	5243756	HUMAN_OBSERVATION	iNaturalist	Observations	133257674		steph_xyz	2022-09-01T21:08:18	CC_BY_NC_4_0	steph_xyz	steph_xyz			2025-01-14T13:25:11.103Z	StillImage	COORDINATE_ROUNDED;CONTINENT_DERIVED_FROM_COORDINATES;TAXON_MATCH_TAXON_ID_IGNORED
3902008119	50c9509d-22c7-4a22-a47d-8c48425ef4a7	https://www.inaturalist.org/observations/130508580	Fungi	Basidiomycota	Agaricomycetes	Agaricales	Omphalotaceae	Gymnopus	Gymnopus dryophilus		SPECIES	Gymnopus dryophilus (Bull.) Murrill	Gymnopus dryophilus		CA		New Brunswick	PRESENT		28eb1a3f-1c15-4a95-931a-4af90ecb574d	45.447638	-65.976638	41.0						2022-08-12T11:17:55	12	8	2022	5243756	5243756	HUMAN_OBSERVATION	iNaturalist	Observations	130508580		cinna_latifolia	2022-08-19T20:35:13	CC_BY_NC_4_0	Todd Ross	Todd Ross			2025-01-14T13:24:48.273Z	StillImage	COORDINATE_ROUNDED;CONTINENT_DERIVED_FROM_COORDINATES;TAXON_MATCH_TAXON_ID_IGNORED
3892661671	50c9509d-22c7-4a22-a47d-8c48425ef4a7	https://www.inaturalist.org/observations/130321286	Fungi	Basidiomycota	Agaricomycetes	Agaricales	Omphalotaceae	Gymnopus	Gymnopus dryophilus		SPECIES	Gymnopus dryophilus (Bull.) Murrill	Gymnopus dryophilus		CA		Québec	PRESENT		28eb1a3f-1c15-4a95-931a-4af90ecb574d	45.94773	-76.51086	27095.0						2022-08-09T11:31	9	8	2022	5243756	5243756	HUMAN_OBSERVATION	iNaturalist	Observations	130321286		L Joan Heyding	2022-08-11T01:31:05	CC_BY_NC_4_0	L Joan Heyding	L Joan Heyding			2025-01-14T13:18:35.783Z	StillImage	COORDINATE_ROUNDED;CONTINENT_DERIVED_FROM_COORDINATES;TAXON_MATCH_TAXON_ID_IGNORED
3888998951	50c9509d-22c7-4a22-a47d-8c48425ef4a7	https://www.inaturalist.org/observations/129427920	Fungi	Basidiomycota	Agaricomycetes	Agaricales	Omphalotaceae	Gymnopus	Gymnopus dryophilus		SPECIES	Gymnopus dryophilus (Bull.) Murrill	Gymnopus dryophilus		CA		Québec	PRESENT		28eb1a3f-1c15-4a95-931a-4af90ecb574d	45.924207	-76.40271	27095.0						2022-07-26T13:02	26	7	2022	5243756	5243756	HUMAN_OBSERVATION	iNaturalist	Observations	129427920		L Joan Heyding	2022-08-04T16:42:26	CC_BY_NC_4_0	L Joan Heyding	L Joan Heyding			2025-01-14T13:23:39.026Z	StillImage	COORDINATE_ROUNDED;CONTINENT_DERIVED_FROM_COORDINATES;TAXON_MATCH_TAXON_ID_IGNORED
3874031513	50c9509d-22c7-4a22-a47d-8c48425ef4a7	https://www.inaturalist.org/observations/127005487	Fungi	Basidiomycota	Agaricomycetes	Agaricales	Omphalotaceae	Gymnopus	Gymnopus dryophilus		SPECIES	Gymnopus dryophilus (Bull.) Murrill	Gymnopus dryophilus		CA		New Brunswick	PRESENT		28eb1a3f-1c15-4a95-931a-4af90ecb574d	45.711651	-66.846994							2022-07-19T11:51:38	19	7	2022	5243756	5243756	HUMAN_OBSERVATION	iNaturalist	Observations	127005487		Damien Mullin	2022-07-19T20:31:13	CC_BY_4_0	Damien Mullin	Damien Mullin			2025-01-14T13:30:29.019Z	StillImage	COORDINATE_ROUNDED;CONTINENT_DERIVED_FROM_COORDINATES;TAXON_MATCH_TAXON_ID_IGNORED
3860653553	50c9509d-22c7-4a22-a47d-8c48425ef4a7	https://www.inaturalist.org/observations/122724133	Fungi	Basidiomycota	Agaricomycetes	Agaricales	Omphalotaceae	Gymnopus	Gymnopus dryophilus		SPECIES	Gymnopus dryophilus (Bull.) Murrill	Gymnopus dryophilus		CA		New Brunswick	PRESENT		28eb1a3f-1c15-4a95-931a-4af90ecb574d	45.991425	-66.74917	16.0						2022-06-20T19:26:17	20	6	2022	5243756	5243756	HUMAN_OBSERVATION	iNaturalist	Observations	122724133		David-Nathan Jerome	2022-06-21T10:41:22	CC_BY_NC_4_0	jbilli	jbilli			2025-01-14T12:31:20.800Z	StillImage	CONTINENT_DERIVED_FROM_COORDINATES;TAXON_MATCH_TAXON_ID_IGNORED
3456755282	50c9509d-22c7-4a22-a47d-8c48425ef4a7	https://www.inaturalist.org/observations/104140704	Fungi	Basidiomycota	Agaricomycetes	Agaricales	Omphalotaceae	Gymnopus	Gymnopus dryophilus		SPECIES	Gymnopus dryophilus (Bull.) Murrill	Gymnopus dryophilus		CA		Québec	PRESENT		28eb1a3f-1c15-4a95-931a-4af90ecb574d	45.806951	-76.41892	27095.0						2021-07-19T08:41	19	7	2021	5243756	5243756	HUMAN_OBSERVATION	iNaturalist	Observations	104140704		L Joan Heyding	2022-01-01T23:34:10	CC_BY_NC_4_0	L Joan Heyding	L Joan Heyding			2025-01-14T12:25:12.941Z	StillImage	COORDINATE_ROUNDED;CONTINENT_DERIVED_FROM_COORDINATES;TAXON_MATCH_TAXON_ID_IGNORED
3407927506	50c9509d-22c7-4a22-a47d-8c48425ef4a7	https://www.inaturalist.org/observations/89837833	Fungi	Basidiomycota	Agaricomycetes	Agaricales	Omphalotaceae	Gymnopus	Gymnopus dryophilus		SPECIES	Gymnopus dryophilus (Bull.) Murrill	Gymnopus dryophilus		CA		Ontario	PRESENT		28eb1a3f-1c15-4a95-931a-4af90ecb574d	45.373863	-75.23574	15.0						2021-08-03T16:13	3	8	2021	5243756	5243756	HUMAN_OBSERVATION	iNaturalist	Observations	89837833		cinna_latifolia	2021-11-04T18:01:05	CC_BY_NC_4_0	David Thomas Glover	David Thomas Glover			2025-01-14T12:20:19.720Z	StillImage	COORDINATE_ROUNDED;CONTINENT_DERIVED_FROM_COORDINATES;TAXON_MATCH_TAXON_ID_IGNORED
3355017683	50c9509d-22c7-4a22-a47d-8c48425ef4a7	https://www.inaturalist.org/observations/89375618	Fungi	Basidiomycota	Agaricomycetes	Agaricales	Omphalotaceae	Gymnopus	Gymnopus dryophilus		SPECIES	Gymnopus dryophilus (Bull.) Murrill	Gymnopus dryophilus		CA		Ontario	PRESENT		28eb1a3f-1c15-4a95-931a-4af90ecb574d	45.014222	-77.788925	1709.0						2021-07-31T15:51:24	31	7	2021	5243756	5243756	HUMAN_OBSERVATION	iNaturalist	Observations	89375618		lynnec	2021-07-31T20:15:34	CC_BY_NC_4_0	lynnec	lynnec			2025-01-14T12:20:20.725Z	StillImage	COORDINATE_ROUNDED;CONTINENT_DERIVED_FROM_COORDINATES;TAXON_MATCH_TAXON_ID_IGNORED
3349344304	d8cd16ba-bb74-4420-821e-083f2bac17c2	MN992404	Fungi	Basidiomycota	Agaricomycetes	Agaricales	Omphalotaceae	Gymnopus	Gymnopus dryophilus		SPECIES	Gymnopus dryophilus (Bull.) Murrill	Gymnopus dryophilus		CA	Quebec, Anticosti		PRESENT		ada9d123-ddb4-467d-8891-806ea8d94230	49.85	-64.43							2015-09-08	8	9	2015	5243756	5243756	PRESERVED_SPECIMEN			ANT131-QFB28762		Renee Lebeuf		CC_BY_4_0		Lebeuf, R.			2025-01-18T13:06:00.167Z		GEODETIC_DATUM_ASSUMED_WGS84;CONTINENT_DERIVED_FROM_COORDINATES;TAXON_MATCH_TAXON_CONCEPT_ID_IGNORED;TAXON_MATCH_TAXON_ID_IGNORED
3349213358	d8cd16ba-bb74-4420-821e-083f2bac17c2	MN992401	Fungi	Basidiomycota	Agaricomycetes	Agaricales	Omphalotaceae	Gymnopus	Gymnopus dryophilus		SPECIES	Gymnopus dryophilus (Bull.) Murrill	Gymnopus aff. dryophilus		CA	Quebec, Anticosti		PRESENT		ada9d123-ddb4-467d-8891-806ea8d94230	49.88	-64.18							2015-09-07	7	9	2015	5243756	5243756	PRESERVED_SPECIMEN			ANT034-QFB28614		Renee Lebeuf		CC_BY_4_0		Cadotte, M.			2025-01-18T13:04:48.273Z		GEODETIC_DATUM_ASSUMED_WGS84;CONTINENT_DERIVED_FROM_COORDINATES;TAXON_MATCH_TAXON_CONCEPT_ID_IGNORED;TAXON_MATCH_TAXON_ID_IGNORED
3333350214	50c9509d-22c7-4a22-a47d-8c48425ef4a7	https://www.inaturalist.org/observations/88769849	Fungi	Basidiomycota	Agaricomycetes	Agaricales	Omphalotaceae	Gymnopus	Gymnopus dryophilus		SPECIES	Gymnopus dryophilus (Bull.) Murrill	Gymnopus dryophilus		CA		Ontario	PRESENT		28eb1a3f-1c15-4a95-931a-4af90ecb574d	45.466323	-75.509488	72.0						2021-07-25T13:56	25	7	2021	5243756	5243756	HUMAN_OBSERVATION	iNaturalist	Observations	88769849		jonathan_mack	2021-07-27T01:54:11	CC_BY_NC_4_0	jonathan_mack	jonathan_mack			2025-01-14T13:13:15.459Z	StillImage	COORDINATE_ROUNDED;CONTINENT_DERIVED_FROM_COORDINATES;TAXON_MATCH_TAXON_ID_IGNORED
3328061634	50c9509d-22c7-4a22-a47d-8c48425ef4a7	https://www.inaturalist.org/observations/87195495	Fungi	Basidiomycota	Agaricomycetes	Agaricales	Omphalotaceae	Gymnopus	Gymnopus dryophilus		SPECIES	Gymnopus dryophilus (Bull.) Murrill	Gymnopus dryophilus		CA		Québec	PRESENT		28eb1a3f-1c15-4a95-931a-4af90ecb574d	45.390921	-74.18491	638.0						2021-07-15T17:30	15	7	2021	5243756	5243756	HUMAN_OBSERVATION	iNaturalist	Observations	87195495		cinna_latifolia	2021-07-16T04:37:47	CC_BY_NC_4_0	Benjamin Leo	Benjamin Leo			2025-01-14T13:14:07.764Z	StillImage	COORDINATE_ROUNDED;CONTINENT_DERIVED_FROM_COORDINATES;TAXON_MATCH_TAXON_ID_IGNORED
3321175382	50c9509d-22c7-4a22-a47d-8c48425ef4a7	https://www.inaturalist.org/observations/54466875	Fungi	Basidiomycota	Agaricomycetes	Agaricales	Omphalotaceae	Gymnopus	Gymnopus dryophilus		SPECIES	Gymnopus dryophilus (Bull.) Murrill	Gymnopus dryophilus		CA		Québec	PRESENT		28eb1a3f-1c15-4a95-931a-4af90ecb574d	45.604703	-75.87407	16.0						2020-07-26T13:14:05	26	7	2020	5243756	5243756	HUMAN_OBSERVATION	iNaturalist	Observations	54466875		bobtyler	2020-07-26T23:59:43	CC_BY_NC_4_0	bobtyler	bobtyler			2025-01-14T13:09:04.619Z	StillImage	COORDINATE_ROUNDED;CONTINENT_DERIVED_FROM_COORDINATES;TAXON_MATCH_TAXON_ID_IGNORED
3079840108	50c9509d-22c7-4a22-a47d-8c48425ef4a7	https://www.inaturalist.org/observations/73289754	Fungi	Basidiomycota	Agaricomycetes	Agaricales	Omphalotaceae	Gymnopus	Gymnopus dryophilus		SPECIES	Gymnopus dryophilus (Bull.) Murrill	Gymnopus dryophilus		CA		New Brunswick	PRESENT		28eb1a3f-1c15-4a95-931a-4af90ecb574d	46.342654	-64.623758	153.0						2020-07-12T14:53	12	7	2020	5243756	5243756	HUMAN_OBSERVATION	iNaturalist	Observations	73289754		Raymonde G Chartier	2021-04-08T20:37:53	CC_BY_NC_4_0	Stuart Tingley	Stuart Tingley			2025-01-14T12:17:00.266Z	StillImage	COORDINATE_ROUNDED;CONTINENT_DERIVED_FROM_COORDINATES;TAXON_MATCH_TAXON_ID_IGNORED
3079675898	50c9509d-22c7-4a22-a47d-8c48425ef4a7	https://www.inaturalist.org/observations/57850153	Fungi	Basidiomycota	Agaricomycetes	Agaricales	Omphalotaceae	Gymnopus	Gymnopus dryophilus		SPECIES	Gymnopus dryophilus (Bull.) Murrill	Gymnopus dryophilus		CA		Ontario	PRESENT		28eb1a3f-1c15-4a95-931a-4af90ecb574d	45.294455	-75.81492	16.0						2020-08-28T14:15:33	28	8	2020	5243756	5243756	HUMAN_OBSERVATION	iNaturalist	Observations	57850153		Igor Khomenko	2020-08-28T18:26:16	CC_BY_NC_4_0	Igor Khomenko	Igor Khomenko			2025-01-14T12:14:37.429Z	StillImage	CONTINENT_DERIVED_FROM_COORDINATES;TAXON_MATCH_TAXON_ID_IGNORED
3039382641	50c9509d-22c7-4a22-a47d-8c48425ef4a7	https://www.inaturalist.org/observations/55004413	Fungi	Basidiomycota	Agaricomycetes	Agaricales	Omphalotaceae	Gymnopus	Gymnopus dryophilus		SPECIES	Gymnopus dryophilus (Bull.) Murrill	Gymnopus dryophilus		CA		Québec	PRESENT		28eb1a3f-1c15-4a95-931a-4af90ecb574d	47.136073	-76.472066	862.0						2020-07-30T10:04:21	30	7	2020	5243756	5243756	HUMAN_OBSERVATION	iNaturalist	Observations	55004413		geoffreyboulange	2020-08-01T04:42:18	CC_BY_NC_4_0	geoffreyboulange	geoffreyboulange			2025-01-14T12:14:07.640Z	StillImage	COORDINATE_ROUNDED;CONTINENT_DERIVED_FROM_COORDINATES;TAXON_MATCH_TAXON_ID_IGNORED
2860178962	50c9509d-22c7-4a22-a47d-8c48425ef4a7	https://www.inaturalist.org/observations/58108684	Fungi	Basidiomycota	Agaricomycetes	Agaricales	Omphalotaceae	Gymnopus	Gymnopus dryophilus		SPECIES	Gymnopus dryophilus (Bull.) Murrill	Gymnopus dryophilus		CA		Ontario	PRESENT		28eb1a3f-1c15-4a95-931a-4af90ecb574d	45.199755	-75.979195	6.0						2020-08-30T10:56:25	30	8	2020	5243756	5243756	HUMAN_OBSERVATION	iNaturalist	Observations	58108684		Keith Seifert	2020-08-31T01:25:33	CC0_1_0	Keith Seifert	Keith Seifert			2025-01-14T13:10:46.401Z	StillImage	CONTINENT_DERIVED_FROM_COORDINATES;TAXON_MATCH_TAXON_ID_IGNORED
2826525525	50c9509d-22c7-4a22-a47d-8c48425ef4a7	https://www.inaturalist.org/observations/54700839	Fungi	Basidiomycota	Agaricomycetes	Agaricales	Omphalotaceae	Gymnopus	Gymnopus dryophilus		SPECIES	Gymnopus dryophilus (Bull.) Murrill	Gymnopus dryophilus		CA		Ontario	PRESENT		28eb1a3f-1c15-4a95-931a-4af90ecb574d	45.123857	-77.837898	166.0						2020-07-23T18:41	23	7	2020	5243756	5243756	HUMAN_OBSERVATION	iNaturalist	Observations	54700839		Kim	2020-07-29T03:02:22	CC_BY_NC_4_0	Kim	Kim			2025-01-14T13:04:29.239Z	StillImage	COORDINATE_ROUNDED;CONTINENT_DERIVED_FROM_COORDINATES;TAXON_MATCH_TAXON_ID_IGNORED
2460165439	50c9509d-22c7-4a22-a47d-8c48425ef4a7	https://www.inaturalist.org/observations/32987503	Fungi	Basidiomycota	Agaricomycetes	Agaricales	Omphalotaceae	Gymnopus	Gymnopus dryophilus		SPECIES	Gymnopus dryophilus (Bull.) Murrill	Gymnopus dryophilus		CA		Ontario	PRESENT		28eb1a3f-1c15-4a95-931a-4af90ecb574d	45.278718	-76.68819							2019-09-15T11:09	15	9	2019	5243756	5243756	HUMAN_OBSERVATION	iNaturalist	Observations	32987503		cinna_latifolia	2019-11-22T03:34:35	CC_BY_NC_4_0	Serguei Ponomarenko	Serguei Ponomarenko			2025-01-14T12:10:38.209Z	StillImage	COORDINATE_ROUNDED;CONTINENT_DERIVED_FROM_COORDINATES;TAXON_MATCH_TAXON_ID_IGNORED
2423613609	21705170-d2b6-42de-8904-c3bca4b83591	CMMF019753	Fungi	Basidiomycota	Agaricomycetes	Agaricales	Omphalotaceae	Gymnopus	Gymnopus dryophilus		SPECIES	Collybia dryophila (Bull.) P.Kumm.	Collybia dryophila (Bull.) P. Kumm.	(Bull.) P. Kumm.	CA	Station de biologie des Laurentides, Université de Montréal, quadrat 5.	Québec	PRESENT		ff7bd5db-b724-4932-b496-10ea298851f9	45.996939	-73.993352	75.0		348.0				1986-06-18	18	6	1986	2537591	5243756	PRESERVED_SPECIMEN	Université de Montréal Biodiversity Centre	CMMF	CMMF019753	Q5.1806.9	Nantel, Patrick		CC0_1_0	Université de Montréal Biodiversity Centre	Nantel, Patrick; Marois, Nathalie			2024-01-24T16:38:16.176Z		INSTITUTION_MATCH_FUZZY;COLLECTION_MATCH_FUZZY;DIFFERENT_OWNER_INSTITUTION
2423613110	21705170-d2b6-42de-8904-c3bca4b83591	CMMF018621	Fungi	Basidiomycota	Agaricomycetes	Agaricales	Omphalotaceae	Gymnopus	Gymnopus dryophilus		SPECIES	Collybia dryophila (Bull.) P.Kumm.	Collybia dryophila (Bull.) P. Kumm.	(Bull.) P. Kumm.	CA	Station de biologie des Laurentides, Université de Montréal, quadrat 1.	Québec	PRESENT		ff7bd5db-b724-4932-b496-10ea298851f9	45.983387	-74.016094	100.0		371.0				1985-07-02	2	7	1985	2537591	5243756	PRESERVED_SPECIMEN	Université de Montréal Biodiversity Centre	CMMF	CMMF018621	Q1.207.3 et .5	Nantel, Patrick		CC0_1_0	Université de Montréal Biodiversity Centre	Nantel, Patrick			2024-01-24T16:38:18.450Z		INSTITUTION_MATCH_FUZZY;COLLECTION_MATCH_FUZZY;DIFFERENT_OWNER_INSTITUTION
2423612972	21705170-d2b6-42de-8904-c3bca4b83591	CMMF018718	Fungi	Basidiomycota	Agaricomycetes	Agaricales	Omphalotaceae	Gymnopus	Gymnopus dryophilus		SPECIES	Collybia dryophila (Bull.) P.Kumm.	Collybia dryophila (Bull.) P. Kumm.	(Bull.) P. Kumm.	CA	Sentier Geai.	Québec	PRESENT		ff7bd5db-b724-4932-b496-10ea298851f9	45.991697	-73.997854	750.0						1985-06-20	20	6	1985	2537591	5243756	PRESERVED_SPECIMEN	Université de Montréal Biodiversity Centre	CMMF	CMMF018718	s.n.	Nantel, Patrick		CC0_1_0	Université de Montréal Biodiversity Centre	Nantel, Patrick			2024-01-24T16:38:18.549Z		INSTITUTION_MATCH_FUZZY;COLLECTION_MATCH_FUZZY;DIFFERENT_OWNER_INSTITUTION
2423612762	21705170-d2b6-42de-8904-c3bca4b83591	CMMF019747	Fungi	Basidiomycota	Agaricomycetes	Agaricales	Omphalotaceae	Gymnopus	Gymnopus dryophilus		SPECIES	Collybia dryophila (Bull.) P.Kumm.	Collybia dryophila (Bull.) P. Kumm.	(Bull.) P. Kumm.	CA	Station de biologie des Laurentides, Université de Montréal, quadrat 5.	Québec	PRESENT		ff7bd5db-b724-4932-b496-10ea298851f9	45.996939	-73.993352	75.0		348.0				1986-06-11	11	6	1986	2537591	5243756	PRESERVED_SPECIMEN	Université de Montréal Biodiversity Centre	CMMF	CMMF019747	Q5.1106.8	Nantel, Patrick		CC0_1_0	Université de Montréal Biodiversity Centre	Nantel, Patrick; Marois, Nathalie			2024-01-24T16:38:16.155Z		INSTITUTION_MATCH_FUZZY;COLLECTION_MATCH_FUZZY;DIFFERENT_OWNER_INSTITUTION
2423612524	21705170-d2b6-42de-8904-c3bca4b83591	CMMF018891	Fungi	Basidiomycota	Agaricomycetes	Agaricales	Omphalotaceae	Gymnopus	Gymnopus dryophilus		SPECIES	Collybia dryophila (Bull.) P.Kumm.	Collybia dryophila (Bull.) P. Kumm.	(Bull.) P. Kumm.	CA	Station de biologie des Laurentide, Université de Montréal, St-Hippolyte: Quadrat 7	Québec	PRESENT		ff7bd5db-b724-4932-b496-10ea298851f9	45.991007	-74.001521	150.0		386.0				1987-06-11	11	6	1987	2537591	5243756	PRESERVED_SPECIMEN	Université de Montréal Biodiversity Centre	CMMF	CMMF018891	Q7.1106.2	Nantel, Patrick		CC0_1_0	Université de Montréal Biodiversity Centre	Nantel, Patrick; Marois, Nathalie			2024-01-24T16:38:18.706Z		INSTITUTION_MATCH_FUZZY;COLLECTION_MATCH_FUZZY;DIFFERENT_OWNER_INSTITUTION
2423611374	21705170-d2b6-42de-8904-c3bca4b83591	CMMF019555	Fungi	Basidiomycota	Agaricomycetes	Agaricales	Omphalotaceae	Gymnopus	Gymnopus dryophilus		SPECIES	Collybia dryophila (Bull.) P.Kumm.	Collybia dryophila (Bull.) P. Kumm.	(Bull.) P. Kumm.	CA	Station de biologie des Laurentides, Université de Montréal, quadrat 1.	Québec	PRESENT		ff7bd5db-b724-4932-b496-10ea298851f9	45.983387	-74.016094	100.0		371.0				1986-06-09	9	6	1986	2537591	5243756	PRESERVED_SPECIMEN	Université de Montréal Biodiversity Centre	CMMF	CMMF019555	Q1.906.1	Nantel, Patrick		CC0_1_0	Université de Montréal Biodiversity Centre	Nantel, Patrick; Marois, Nathalie			2024-01-24T16:38:16Z		INSTITUTION_MATCH_FUZZY;COLLECTION_MATCH_FUZZY;DIFFERENT_OWNER_INSTITUTION
2350430964	50c9509d-22c7-4a22-a47d-8c48425ef4a7	https://www.inaturalist.org/observations/30845953	Fungi	Basidiomycota	Agaricomycetes	Agaricales	Omphalotaceae	Gymnopus	Gymnopus dryophilus		SPECIES	Gymnopus dryophilus (Bull.) Murrill	Gymnopus dryophilus		CA		New Brunswick	PRESENT		28eb1a3f-1c15-4a95-931a-4af90ecb574d	45.297569	-66.051361	5.0						2019-08-13T09:29	13	8	2019	5243756	5243756	HUMAN_OBSERVATION	iNaturalist	Observations	30845953		Alfredo Justo	2019-08-15T00:45:43	CC_BY_NC_4_0	Alfredo Justo	Alfredo Justo			2025-01-14T13:04:18.199Z	StillImage	COORDINATE_ROUNDED;CONTINENT_DERIVED_FROM_COORDINATES;TAXON_MATCH_TAXON_ID_IGNORED
2294636911	50c9509d-22c7-4a22-a47d-8c48425ef4a7	https://www.inaturalist.org/observations/29345917	Fungi	Basidiomycota	Agaricomycetes	Agaricales	Omphalotaceae	Gymnopus	Gymnopus dryophilus		SPECIES	Gymnopus dryophilus (Bull.) Murrill	Gymnopus dryophilus		CA		New Brunswick	PRESENT		28eb1a3f-1c15-4a95-931a-4af90ecb574d	46.022563	-66.914116	10.0						2019-07-22T19:35:18	22	7	2019	5243756	5243756	HUMAN_OBSERVATION	iNaturalist	Observations	29345917		else	2019-07-22T23:19:51	CC_BY_NC_4_0	pagemurphy	pagemurphy			2025-01-14T12:09:36.303Z	StillImage	COORDINATE_ROUNDED;CONTINENT_DERIVED_FROM_COORDINATES;TAXON_MATCH_TAXON_ID_IGNORED
1990323723	032f1fbe-d21f-407d-be46-5cd1bb1ea397	583f086e-8f40-4e94-a2f5-7deb2f5a56b7	Fungi	Basidiomycota	Agaricomycetes	Agaricales	Omphalotaceae	Gymnopus	Gymnopus dryophilus		SPECIES	Gymnopus dryophilus (Bull.) Murrill	Gymnopus dryophilus	(Bull.) Murrill	CA	Scots Bay, Cape Split Area	Nova Scotia	PRESENT		61c539d8-47e0-4b82-875f-b95aad66dcd4	45.326389	-64.438889							1992-08-03	3	8	1992	5243756	5243756	PRESERVED_SPECIMEN	TENN-F		TENN-F-051438	TFB5027			CC0_1_0		S.A. Gordon			2025-01-12T10:33:45.827Z		COORDINATE_ROUNDED;GEODETIC_DATUM_ASSUMED_WGS84;CONTINENT_DERIVED_FROM_COORDINATES;TAXON_MATCH_TAXON_ID_IGNORED;INSTITUTION_MATCH_NONE
1990300538	032f1fbe-d21f-407d-be46-5cd1bb1ea397	488a83d5-bd09-4f78-aca3-71495064ebbb	Fungi	Basidiomycota	Agaricomycetes	Agaricales	Omphalotaceae	Gymnopus	Gymnopus dryophilus		SPECIES	Gymnopus dryophilus (Bull.) Murrill	Gymnopus dryophilus	(Bull.) Murrill	CA	Whitney, Algonquin Province Park, Pog Lake, Route 60	Ontario	PRESENT		61c539d8-47e0-4b82-875f-b95aad66dcd4	45.576389	-78.454167							1962-08-06	6	8	1962	5243756	5243756	PRESERVED_SPECIMEN	TENN-F		TENN-F-027327	RHP678			CC0_1_0		R.H. Petersen			2025-01-12T10:33:49.293Z		COORDINATE_ROUNDED;GEODETIC_DATUM_ASSUMED_WGS84;CONTINENT_DERIVED_FROM_COORDINATES;TAXON_MATCH_TAXON_ID_IGNORED;INSTITUTION_MATCH_NONE
1880489685	50c9509d-22c7-4a22-a47d-8c48425ef4a7	https://www.inaturalist.org/observations/13483310	Fungi	Basidiomycota	Agaricomycetes	Agaricales	Omphalotaceae	Gymnopus	Gymnopus dryophilus		SPECIES	Gymnopus dryophilus (Bull.) Murrill	Gymnopus dryophilus		CA		New Brunswick	PRESENT		28eb1a3f-1c15-4a95-931a-4af90ecb574d	45.423713	-67.323654	7935.0						2018-06-14T11:29:42	14	6	2018	5243756	5243756	HUMAN_OBSERVATION	iNaturalist	Observations	13483310		Emma Harrower	2018-06-16T16:43:30	CC_BY_NC_4_0	Emma Harrower	Emma Harrower			2025-01-14T13:05:08.230Z	StillImage	COORDINATE_ROUNDED;CONTINENT_DERIVED_FROM_COORDINATES;TAXON_MATCH_TAXON_ID_IGNORED
1807263989	e8a25a42-f125-476c-8554-3ec21cd51a84	ACAD:120547	Fungi	Basidiomycota	Agaricomycetes	Agaricales	Omphalotaceae	Gymnopus	Gymnopus dryophilus		SPECIES	Gymnopus dryophilus (Bull.) Murrill	Gymnopus dryophilus (Bull.) Murrill	(Bull.) Murrill	CA	Kentville	Nova Scotia	PRESENT		6491ad8c-8e49-4bd4-a089-0ddb3bbe0890	45.07662	-64.49592							1968-06-18	18	6	1968	5243756	5243756	PRESERVED_SPECIMEN	Acadia University	ACAD	8879F	8879	H, KA		CC0_1_0	Acadia University	Harrison, KA			2024-01-25T01:37:03.820Z	StillImage	GEODETIC_DATUM_INVALID;GEODETIC_DATUM_ASSUMED_WGS84;TAXON_MATCH_TAXON_ID_IGNORED;INSTITUTION_MATCH_FUZZY;COLLECTION_MATCH_FUZZY
1807256077	e8a25a42-f125-476c-8554-3ec21cd51a84	ACAD:112656	Fungi	Basidiomycota	Agaricomycetes	Agaricales	Omphalotaceae	Gymnopus	Gymnopus dryophilus		SPECIES	Gymnopus dryophilus (Bull.) Murrill	Gymnopus dryophilus (Bull.) Murrill	(Bull.) Murrill	CA	Parrsboro	Nova Scotia	PRESENT		6491ad8c-8e49-4bd4-a089-0ddb3bbe0890	45.40657	-64.32954							1953-08-08	8	8	1953	5243756	5243756	PRESERVED_SPECIMEN	Acadia University	ACAD	2588F	2588			CC0_1_0	Acadia University	Harrison, KA			2024-01-25T01:37:10.873Z	StillImage	GEODETIC_DATUM_INVALID;GEODETIC_DATUM_ASSUMED_WGS84;TAXON_MATCH_TAXON_ID_IGNORED;INSTITUTION_MATCH_FUZZY;COLLECTION_MATCH_FUZZY
1807255745	e8a25a42-f125-476c-8554-3ec21cd51a84	ACAD:112471	Fungi	Basidiomycota	Agaricomycetes	Agaricales	Omphalotaceae	Gymnopus	Gymnopus dryophilus		SPECIES	Gymnopus dryophilus (Bull.) Murrill	Gymnopus dryophilus (Bull.) Murrill	(Bull.) Murrill	CA	(Kentville)	Nova Scotia	PRESENT		6491ad8c-8e49-4bd4-a089-0ddb3bbe0890	45.07662	-64.49592							1930-08-26	26	8	1930	5243756	5243756	PRESERVED_SPECIMEN	Acadia University	ACAD	232F	232			CC0_1_0	Acadia University	H, KA			2024-01-25T01:37:10.935Z	StillImage	GEODETIC_DATUM_INVALID;GEODETIC_DATUM_ASSUMED_WGS84;TAXON_MATCH_TAXON_ID_IGNORED;INSTITUTION_MATCH_FUZZY;COLLECTION_MATCH_FUZZY
1802677978	50c9509d-22c7-4a22-a47d-8c48425ef4a7	https://www.inaturalist.org/observations/9113633	Fungi	Basidiomycota	Agaricomycetes	Agaricales	Omphalotaceae	Gymnopus	Gymnopus dryophilus		SPECIES	Gymnopus dryophilus (Bull.) Murrill	Gymnopus dryophilus		CA		Ontario	PRESENT		28eb1a3f-1c15-4a95-931a-4af90ecb574d	45.548759	-78.639835							2003-08-06T15:35	6	8	2003	5243756	5243756	HUMAN_OBSERVATION	iNaturalist	Observations	9113633		else	2017-12-11T20:34:30	CC_BY_NC_4_0	Jason J. Dombroskie	Jason J. Dombroskie			2025-01-14T13:03:31.561Z	StillImage	COORDINATE_ROUNDED;CONTINENT_DERIVED_FROM_COORDINATES;TAXON_MATCH_TAXON_ID_IGNORED
1412709560	21705170-d2b6-42de-8904-c3bca4b83591	CMMF018079	Fungi	Basidiomycota	Agaricomycetes	Agaricales	Omphalotaceae	Gymnopus	Gymnopus dryophilus		SPECIES	Collybia dryophila (Bull.) P.Kumm.	Collybia dryophila (Bull.) P. Kumm.	(Bull.) P. Kumm.	CA	Entre le lac Cromwell et le chemin du lac Geai, Station de biologie des Laurentides, Saint-Hippolyte, Québec.	Québec	PRESENT		ff7bd5db-b724-4932-b496-10ea298851f9	45.990692	-74.002148	500.0						1977-08-24	24	8	1977	2537591	5243756	PRESERVED_SPECIMEN	Université de Montréal Biodiversity Centre	CMMF	CMMF018079		Neumann, Peterjurgen; R., S.		CC0_1_0	Université de Montréal Biodiversity Centre	Neumann, Peterjurgen; R., S.			2024-01-24T16:38:17.954Z		INSTITUTION_MATCH_FUZZY;COLLECTION_MATCH_FUZZY;DIFFERENT_OWNER_INSTITUTION
1412709241	21705170-d2b6-42de-8904-c3bca4b83591	CMMF017794	Fungi	Basidiomycota	Agaricomycetes	Agaricales	Omphalotaceae	Gymnopus	Gymnopus dryophilus		SPECIES	Collybia dryophila (Bull.) P.Kumm.	Collybia dryophila (Bull.) P. Kumm.	(Bull.) P. Kumm.	CA	Arboretum Morgan A, Québec.	Québec	PRESENT		ff7bd5db-b724-4932-b496-10ea298851f9	45.43	-73.946667	2500.0						1980-07-24	24	7	1980	2537591	5243756	PRESERVED_SPECIMEN	Université de Montréal Biodiversity Centre	CMMF	CMMF017794	1980-271	McNeil, Raymond		CC0_1_0	Université de Montréal Biodiversity Centre	Haméon, G.			2024-01-24T16:38:16.728Z		COORDINATE_ROUNDED;INSTITUTION_MATCH_FUZZY;COLLECTION_MATCH_FUZZY;DIFFERENT_OWNER_INSTITUTION
1412709101	21705170-d2b6-42de-8904-c3bca4b83591	CMMF017533	Fungi	Basidiomycota	Agaricomycetes	Agaricales	Omphalotaceae	Gymnopus	Gymnopus dryophilus		SPECIES	Collybia dryophila (Bull.) P.Kumm.	Collybia dryophila (Bull.) P. Kumm.	(Bull.) P. Kumm.	CA	Arboretum Morgan C, Québec.	Québec	PRESENT		ff7bd5db-b724-4932-b496-10ea298851f9	45.43	-73.946667	2500.0						1980-07-31	31	7	1980	2537591	5243756	PRESERVED_SPECIMEN	Université de Montréal Biodiversity Centre	CMMF	CMMF017533	1980-311	Haméon, G.		CC0_1_0	Université de Montréal Biodiversity Centre	Haméon, G.			2024-01-24T16:38:15.788Z		COORDINATE_ROUNDED;INSTITUTION_MATCH_FUZZY;COLLECTION_MATCH_FUZZY;DIFFERENT_OWNER_INSTITUTION
1412708855	21705170-d2b6-42de-8904-c3bca4b83591	CMMF017406	Fungi	Basidiomycota	Agaricomycetes	Agaricales	Omphalotaceae	Gymnopus	Gymnopus dryophilus		SPECIES	Collybia dryophila (Bull.) P.Kumm.	Collybia dryophila (Bull.) P. Kumm.	(Bull.) P. Kumm.	CA	Arboretum Morgan B, Québec.	Québec	PRESENT		ff7bd5db-b724-4932-b496-10ea298851f9	45.43	-73.946667	2500.0						1980-07-09	9	7	1980	2537591	5243756	PRESERVED_SPECIMEN	Université de Montréal Biodiversity Centre	CMMF	CMMF017406	1980-171	McNeil, Raymond		CC0_1_0	Université de Montréal Biodiversity Centre	Haméon, G.			2024-01-24T16:38:15.727Z		COORDINATE_ROUNDED;INSTITUTION_MATCH_FUZZY;COLLECTION_MATCH_FUZZY;DIFFERENT_OWNER_INSTITUTION
1412707984	21705170-d2b6-42de-8904-c3bca4b83591	CMMF016366	Fungi	Basidiomycota	Agaricomycetes	Agaricales	Omphalotaceae	Gymnopus	Gymnopus dryophilus		SPECIES	Collybia dryophila (Bull.) P.Kumm.	Collybia dryophila (Bull.) P. Kumm.	(Bull.) P. Kumm.	CA	Chicoutimi, Québec.	Québec	PRESENT		ff7bd5db-b724-4932-b496-10ea298851f9	48.368277	-71.119642	15000.0						1982-07-09	9	7	1982	2537591	5243756	PRESERVED_SPECIMEN	Université de Montréal Biodiversity Centre	CMMF	CMMF016366	1789	Guérin, Gérard		CC0_1_0	Université de Montréal Biodiversity Centre	Guérin, Gérard			2024-01-24T16:38:19.640Z	StillImage	INSTITUTION_MATCH_FUZZY;COLLECTION_MATCH_FUZZY;DIFFERENT_OWNER_INSTITUTION
1412707928	21705170-d2b6-42de-8904-c3bca4b83591	CMMF016368	Fungi	Basidiomycota	Agaricomycetes	Agaricales	Omphalotaceae	Gymnopus	Gymnopus dryophilus		SPECIES	Collybia dryophila (Bull.) P.Kumm.	Collybia dryophila (Bull.) P. Kumm.	(Bull.) P. Kumm.	CA	Carrière, Chicoutimi, Québec.	Québec	PRESENT		ff7bd5db-b724-4932-b496-10ea298851f9	48.368277	-71.119642	15000.0						1996-07-01	1	7	1996	2537591	5243756	PRESERVED_SPECIMEN	Université de Montréal Biodiversity Centre	CMMF	CMMF016368	1794	Guérin, Gérard		CC0_1_0	Université de Montréal Biodiversity Centre	Guérin, Gérard			2024-01-24T16:38:19.640Z	StillImage	INSTITUTION_MATCH_FUZZY;COLLECTION_MATCH_FUZZY;DIFFERENT_OWNER_INSTITUTION
1412707869	21705170-d2b6-42de-8904-c3bca4b83591	CMMF016349	Fungi	Basidiomycota	Agaricomycetes	Agaricales	Omphalotaceae	Gymnopus	Gymnopus dryophilus		SPECIES	Collybia dryophila (Bull.) P.Kumm.	Collybia dryophila (Bull.) P. Kumm.	(Bull.) P. Kumm.	CA	Lac Emeraude, Saint-Ubalde, Québec.	Québec	PRESENT		ff7bd5db-b724-4932-b496-10ea298851f9	46.820449	-72.234717	2000.0						1994-07-20	20	7	1994	2537591	5243756	PRESERVED_SPECIMEN	Université de Montréal Biodiversity Centre	CMMF	CMMF016349	1792	Guérin, Gérard		CC0_1_0	Université de Montréal Biodiversity Centre	Guérin, Gérard			2024-01-24T16:38:19.635Z	StillImage	INSTITUTION_MATCH_FUZZY;COLLECTION_MATCH_FUZZY;DIFFERENT_OWNER_INSTITUTION
1412707820	21705170-d2b6-42de-8904-c3bca4b83591	CMMF016367	Fungi	Basidiomycota	Agaricomycetes	Agaricales	Omphalotaceae	Gymnopus	Gymnopus dryophilus		SPECIES	Collybia dryophila (Bull.) P.Kumm.	Collybia dryophila (Bull.) P. Kumm.	(Bull.) P. Kumm.	CA	Rang C, Saint-Ubalde, Québec.	Québec	PRESENT		ff7bd5db-b724-4932-b496-10ea298851f9	46.794751	-72.20945	2500.0						1977-08-01	1	8	1977	2537591	5243756	PRESERVED_SPECIMEN	Université de Montréal Biodiversity Centre	CMMF	CMMF016367	1787	Guérin, Gérard		CC0_1_0	Université de Montréal Biodiversity Centre	Guérin, Gérard			2024-01-24T16:38:19.640Z	StillImage	INSTITUTION_MATCH_FUZZY;COLLECTION_MATCH_FUZZY;DIFFERENT_OWNER_INSTITUTION
1412707812	21705170-d2b6-42de-8904-c3bca4b83591	CMMF016365	Fungi	Basidiomycota	Agaricomycetes	Agaricales	Omphalotaceae	Gymnopus	Gymnopus dryophilus		SPECIES	Collybia dryophila (Bull.) P.Kumm.	Collybia dryophila (Bull.) P. Kumm.	(Bull.) P. Kumm.	CA	Lac Émeraude, Saint-Ubalde, Québec.	Québec	PRESENT		ff7bd5db-b724-4932-b496-10ea298851f9	46.820449	-72.234717	2000.0						1979-08-15	15	8	1979	2537591	5243756	PRESERVED_SPECIMEN	Université de Montréal Biodiversity Centre	CMMF	CMMF016365	1788	Guérin, Gérard		CC0_1_0	Université de Montréal Biodiversity Centre	Guérin, Gérard			2024-01-24T16:38:19.640Z	StillImage	INSTITUTION_MATCH_FUZZY;COLLECTION_MATCH_FUZZY;DIFFERENT_OWNER_INSTITUTION
1144858294	81e6cff2-b409-417e-8c72-e1bbafb7c61f	f878becc-3bcf-4a8b-8228-1a0cf44e17df	Fungi	Basidiomycota	Agaricomycetes	Agaricales	Omphalotaceae	Gymnopus	Gymnopus dryophilus		SPECIES	Collybia dryophila (Bull.) P.Kumm.	Collybia dryophila (Bull.) P. Kumm.	(Bull.) P. Kumm.	CA		Québec	PRESENT		7b8aff00-a9f8-11d8-944b-b8a03c50a862	46.75	-71.7	11517.0						1938-09-24	24	9	1938	2537591	5243756	PRESERVED_SPECIMEN	F	Botany	C0214338F	13836			CC0_1_0	The Field Museum of Natural History	Frère Marie-Anselme			2024-02-20T16:06:19.178Z	StillImage	GEODETIC_DATUM_ASSUMED_WGS84;MODIFIED_DATE_INVALID;AMBIGUOUS_COLLECTION;INSTITUTION_MATCH_FUZZY
1144836965	81e6cff2-b409-417e-8c72-e1bbafb7c61f	978ff5c2-17c1-4db5-a890-8dc80a0232e7	Fungi	Basidiomycota	Agaricomycetes	Agaricales	Omphalotaceae	Gymnopus	Gymnopus dryophilus		SPECIES	Collybia dryophila (Bull.) P.Kumm.	Collybia dryophila (Bull.) P. Kumm.	(Bull.) P. Kumm.	CA		Québec	PRESENT		7b8aff00-a9f8-11d8-944b-b8a03c50a862	46.75	-71.7	11517.0						1938-07-18	18	7	1938	2537591	5243756	PRESERVED_SPECIMEN	F	Botany	C0214337F	4282			CC0_1_0	The Field Museum of Natural History	Frère Marie-Anselme			2024-02-20T16:06:13.946Z	StillImage	GEODETIC_DATUM_ASSUMED_WGS84;MODIFIED_DATE_INVALID;AMBIGUOUS_COLLECTION;INSTITUTION_MATCH_FUZZY
1135071042	21705170-d2b6-42de-8904-c3bca4b83591	CMMF009593	Fungi	Basidiomycota	Agaricomycetes	Agaricales	Omphalotaceae	Gymnopus	Gymnopus dryophilus		SPECIES	Gymnopus dryophilus (Bull.) Murrill	Gymnopus dryophilus (Bull.) Murrill	(Bull.) Murrill	CA	Château Bigot, Québec.	Québec	PRESENT		ff7bd5db-b724-4932-b496-10ea298851f9	46.898375	-71.266801	2000.0						2007-07-22	22	7	2007	5243756	5243756	PRESERVED_SPECIMEN	Université de Montréal Biodiversity Centre	CMMF	CMMF009593	1177	Labrecque, Jacqueline		CC0_1_0	Université de Montréal Biodiversity Centre	Labrecque, Jacqueline			2024-01-24T16:38:21.709Z		INSTITUTION_MATCH_FUZZY;COLLECTION_MATCH_FUZZY;DIFFERENT_OWNER_INSTITUTION
1135071030	21705170-d2b6-42de-8904-c3bca4b83591	CMMF009553	Fungi	Basidiomycota	Agaricomycetes	Agaricales	Omphalotaceae	Gymnopus	Gymnopus dryophilus		SPECIES	Gymnopus dryophilus (Bull.) Murrill	Gymnopus dryophilus (Bull.) Murrill	(Bull.) Murrill	CA	Rue Rouleau, Château Bigot, Québec.	Québec	PRESENT		ff7bd5db-b724-4932-b496-10ea298851f9	46.898375	-71.266801	2000.0						2007-07-16	16	7	2007	5243756	5243756	PRESERVED_SPECIMEN	Université de Montréal Biodiversity Centre	CMMF	CMMF009553	1137	Labrecque, Jacqueline		CC0_1_0	Université de Montréal Biodiversity Centre	Labrecque, Jacqueline			2024-01-24T16:38:21.753Z		INSTITUTION_MATCH_FUZZY;COLLECTION_MATCH_FUZZY;DIFFERENT_OWNER_INSTITUTION
1135070368	21705170-d2b6-42de-8904-c3bca4b83591	CMMF008927	Fungi	Basidiomycota	Agaricomycetes	Agaricales	Omphalotaceae	Gymnopus	Gymnopus dryophilus		SPECIES	Gymnopus dryophilus (Bull.) Murrill	Gymnopus dryophilus (Bull.) Murrill	(Bull.) Murrill	CA	Chemin O'Neil, Lac-Beauport.	Québec	PRESENT		ff7bd5db-b724-4932-b496-10ea298851f9	46.953091	-71.275238	5000.0						2006-08-11	11	8	2006	5243756	5243756	PRESERVED_SPECIMEN	Université de Montréal Biodiversity Centre	CMMF	CMMF008927	510	Labbé, Roland		CC0_1_0	Université de Montréal Biodiversity Centre	Labrecque, Jacqueline			2024-01-24T16:38:18.932Z		INSTITUTION_MATCH_FUZZY;COLLECTION_MATCH_FUZZY;DIFFERENT_OWNER_INSTITUTION
1135070124	21705170-d2b6-42de-8904-c3bca4b83591	CMMF008657	Fungi	Basidiomycota	Agaricomycetes	Agaricales	Omphalotaceae	Gymnopus	Gymnopus dryophilus		SPECIES	Gymnopus dryophilus (Bull.) Murrill	Gymnopus dryophilus (Bull.) Murrill	(Bull.) Murrill	CA	210 de l'Éperon, boisé arrière, Lac-Beauport.	Québec	PRESENT		ff7bd5db-b724-4932-b496-10ea298851f9	46.964353	-71.306427	200.0						2006-06-21	21	6	2006	5243756	5243756	PRESERVED_SPECIMEN	Université de Montréal Biodiversity Centre	CMMF	CMMF008657	235	Labrecque, Jacqueline		CC0_1_0	Université de Montréal Biodiversity Centre	Labrecque, Jacqueline			2024-01-24T16:38:17.965Z		INSTITUTION_MATCH_FUZZY;COLLECTION_MATCH_FUZZY;DIFFERENT_OWNER_INSTITUTION
1135070116	21705170-d2b6-42de-8904-c3bca4b83591	CMMF008696	Fungi	Basidiomycota	Agaricomycetes	Agaricales	Omphalotaceae	Gymnopus	Gymnopus dryophilus		SPECIES	Gymnopus dryophilus (Bull.) Murrill	Gymnopus dryophilus (Bull.) Murrill	(Bull.) Murrill	CA	Chemin O'Neil, Lac-Beauport.	Québec	PRESENT		ff7bd5db-b724-4932-b496-10ea298851f9	46.953091	-71.275238	5000.0						2006-07-04	4	7	2006	5243756	5243756	PRESERVED_SPECIMEN	Université de Montréal Biodiversity Centre	CMMF	CMMF008696	277	Labrecque, Jacqueline; Labbé, Roland		CC0_1_0	Université de Montréal Biodiversity Centre	Labrecque, Jacqueline			2024-01-24T16:38:18.026Z		INSTITUTION_MATCH_FUZZY;COLLECTION_MATCH_FUZZY;DIFFERENT_OWNER_INSTITUTION
1135070115	21705170-d2b6-42de-8904-c3bca4b83591	CMMF008632	Fungi	Basidiomycota	Agaricomycetes	Agaricales	Omphalotaceae	Gymnopus	Gymnopus dryophilus		SPECIES	Gymnopus dryophilus (Bull.) Murrill	Gymnopus dryophilus (Bull.) Murrill	(Bull.) Murrill	CA	Containers Ouest, Lac-Beauport.	Québec	PRESENT		ff7bd5db-b724-4932-b496-10ea298851f9	46.953091	-71.275238	5000.0						2006-06-14	14	6	2006	5243756	5243756	PRESERVED_SPECIMEN	Université de Montréal Biodiversity Centre	CMMF	CMMF008632	207	Labrecque, Jacqueline		CC0_1_0	Université de Montréal Biodiversity Centre	Labrecque, Jacqueline			2024-01-24T16:38:17.962Z		INSTITUTION_MATCH_FUZZY;COLLECTION_MATCH_FUZZY;DIFFERENT_OWNER_INSTITUTION
1135070099	21705170-d2b6-42de-8904-c3bca4b83591	CMMF008697	Fungi	Basidiomycota	Agaricomycetes	Agaricales	Omphalotaceae	Gymnopus	Gymnopus dryophilus		SPECIES	Gymnopus dryophilus (Bull.) Murrill	Gymnopus dryophilus (Bull.) Murrill	(Bull.) Murrill	CA	Chemin M. Houde, Lac-Beauport.	Québec	PRESENT		ff7bd5db-b724-4932-b496-10ea298851f9	46.953091	-71.275238	5000.0						2006-07-04	4	7	2006	5243756	5243756	PRESERVED_SPECIMEN	Université de Montréal Biodiversity Centre	CMMF	CMMF008697	278	Labrecque, Jacqueline; Labbé, Roland		CC0_1_0	Université de Montréal Biodiversity Centre	Labrecque, Jacqueline			2024-01-24T16:38:18.025Z		INSTITUTION_MATCH_FUZZY;COLLECTION_MATCH_FUZZY;DIFFERENT_OWNER_INSTITUTION
1135070045	21705170-d2b6-42de-8904-c3bca4b83591	CMMF008636	Fungi	Basidiomycota	Agaricomycetes	Agaricales	Omphalotaceae	Gymnopus	Gymnopus dryophilus		SPECIES	Gymnopus dryophilus (Bull.) Murrill	Gymnopus dryophilus (Bull.) Murrill	(Bull.) Murrill	CA	Sainte-Brigitte-de-Laval, rivière des Pins (pont).	Québec	PRESENT		ff7bd5db-b724-4932-b496-10ea298851f9	47.002354	-71.193781	2000.0						2006-06-15	15	6	2006	5243756	5243756	PRESERVED_SPECIMEN	Université de Montréal Biodiversity Centre	CMMF	CMMF008636	212	Labbé, Roland		CC0_1_0	Université de Montréal Biodiversity Centre	Labrecque, Jacqueline			2024-01-24T16:38:17.960Z		INSTITUTION_MATCH_FUZZY;COLLECTION_MATCH_FUZZY;DIFFERENT_OWNER_INSTITUTION
1135069795	21705170-d2b6-42de-8904-c3bca4b83591	CMMF008363	Fungi	Basidiomycota	Agaricomycetes	Agaricales	Omphalotaceae	Gymnopus	Gymnopus dryophilus		SPECIES	Gymnopus dryophilus (Bull.) Murrill	Gymnopus dryophilus (Bull.) Murrill	(Bull.) Murrill	CA	Sainte-Anne-des-Monts	Québec	PRESENT		ff7bd5db-b724-4932-b496-10ea298851f9	49.108333	-66.497883	100.0						2008-08-05	5	8	2008	5243756	5243756	PRESERVED_SPECIMEN	Université de Montréal Biodiversity Centre	CMMF	CMMF008363	Inexistant	McNeil, Raymond		CC0_1_0	Université de Montréal Biodiversity Centre	McNeil, Raymond			2024-01-24T16:38:17.745Z	StillImage	COORDINATE_ROUNDED;INSTITUTION_MATCH_FUZZY;COLLECTION_MATCH_FUZZY;DIFFERENT_OWNER_INSTITUTION
1135069443	21705170-d2b6-42de-8904-c3bca4b83591	CMMF007970	Fungi	Basidiomycota	Agaricomycetes	Agaricales	Omphalotaceae	Gymnopus	Gymnopus dryophilus		SPECIES	Gymnopus dryophilus (Bull.) Murrill	Gymnopus dryophilus (Bull.) Murrill	(Bull.) Murrill	CA	Notre-Dame-du-Rosaire	Québec	PRESENT		ff7bd5db-b724-4932-b496-10ea298851f9	46.801567	-70.357633	100.0						2006-07-05	5	7	2006	5243756	5243756	PRESERVED_SPECIMEN	Université de Montréal Biodiversity Centre	CMMF	CMMF007970	Inexistant	McNeil, Raymond		CC0_1_0	Université de Montréal Biodiversity Centre	McNeil, Raymond			2024-01-24T16:38:15.618Z	StillImage	COORDINATE_ROUNDED;INSTITUTION_MATCH_FUZZY;COLLECTION_MATCH_FUZZY;DIFFERENT_OWNER_INSTITUTION
1135069435	21705170-d2b6-42de-8904-c3bca4b83591	CMMF007957	Fungi	Basidiomycota	Agaricomycetes	Agaricales	Omphalotaceae	Gymnopus	Gymnopus dryophilus		SPECIES	Gymnopus dryophilus (Bull.) Murrill	Gymnopus dryophilus (Bull.) Murrill	(Bull.) Murrill	CA	Notre-Dame-du-Rosaire	Québec	PRESENT		ff7bd5db-b724-4932-b496-10ea298851f9	46.801567	-70.357633	100.0						2006-08-16	16	8	2006	5243756	5243756	PRESERVED_SPECIMEN	Université de Montréal Biodiversity Centre	CMMF	CMMF007957	C2890	McNeil, Raymond		CC0_1_0	Université de Montréal Biodiversity Centre	McNeil, Raymond			2024-01-24T16:38:15.620Z	StillImage	COORDINATE_ROUNDED;INSTITUTION_MATCH_FUZZY;COLLECTION_MATCH_FUZZY;DIFFERENT_OWNER_INSTITUTION
1135069326	21705170-d2b6-42de-8904-c3bca4b83591	CMMF007831	Fungi	Basidiomycota	Agaricomycetes	Agaricales	Omphalotaceae	Gymnopus	Gymnopus dryophilus		SPECIES	Gymnopus dryophilus (Bull.) Murrill	Gymnopus dryophilus (Bull.) Murrill	(Bull.) Murrill	CA	St-Fabien-de-Panet	Québec	PRESENT		ff7bd5db-b724-4932-b496-10ea298851f9	46.6275	-70.11105	100.0						1979-08-11	11	8	1979	5243756	5243756	PRESERVED_SPECIMEN	Université de Montréal Biodiversity Centre	CMMF	CMMF007831	Inexistant	McNeil, Raymond		CC0_1_0	Université de Montréal Biodiversity Centre	McNeil, Raymond			2024-01-24T16:38:14.760Z	StillImage	INSTITUTION_MATCH_FUZZY;COLLECTION_MATCH_FUZZY;DIFFERENT_OWNER_INSTITUTION
1135068616	21705170-d2b6-42de-8904-c3bca4b83591	CMMF007169	Fungi	Basidiomycota	Agaricomycetes	Agaricales	Omphalotaceae	Gymnopus	Gymnopus dryophilus		SPECIES	Gymnopus dryophilus (Bull.) Murrill	Gymnopus dryophilus (Bull.) Murrill	(Bull.) Murrill	CA	Mirabel (Chemin de la Rivière du Nord)	Québec	PRESENT		ff7bd5db-b724-4932-b496-10ea298851f9	45.683917	-74.2185	100.0						2009-08-03	3	8	2009	5243756	5243756	PRESERVED_SPECIMEN	Université de Montréal Biodiversity Centre	CMMF	CMMF007169	C3518	McNeil, Raymond		CC0_1_0	Université de Montréal Biodiversity Centre	McNeil, Raymond			2024-01-24T16:38:21.036Z	StillImage	COORDINATE_ROUNDED;INSTITUTION_MATCH_FUZZY;COLLECTION_MATCH_FUZZY;DIFFERENT_OWNER_INSTITUTION
1135066991	21705170-d2b6-42de-8904-c3bca4b83591	CMMF010397	Fungi	Basidiomycota	Agaricomycetes	Agaricales	Omphalotaceae	Gymnopus	Gymnopus dryophilus		SPECIES	Gymnopus dryophilus (Bull.) Murrill	Gymnopus dryophilus (Bull.) Murrill	(Bull.) Murrill	CA	Forêt Sherwood, Québec.	Québec	PRESENT		ff7bd5db-b724-4932-b496-10ea298851f9	46.86201	-71.307678	15000.0						2008-07-17	17	7	2008	5243756	5243756	PRESERVED_SPECIMEN	Université de Montréal Biodiversity Centre	CMMF	CMMF010397	1983	Labrecque, Jacqueline		CC0_1_0	Université de Montréal Biodiversity Centre	Labrecque, Jacqueline			2024-01-24T16:38:21.617Z		INSTITUTION_MATCH_FUZZY;COLLECTION_MATCH_FUZZY;DIFFERENT_OWNER_INSTITUTION
1135066897	21705170-d2b6-42de-8904-c3bca4b83591	CMMF010303	Fungi	Basidiomycota	Agaricomycetes	Agaricales	Omphalotaceae	Gymnopus	Gymnopus dryophilus		SPECIES	Gymnopus dryophilus (Bull.) Murrill	Gymnopus dryophilus (Bull.) Murrill	(Bull.) Murrill	CA	Chemin Chapelle nord, Lac-Beauport.	Québec	PRESENT		ff7bd5db-b724-4932-b496-10ea298851f9	46.950203	-71.284979	150.0						2008-06-18	18	6	2008	5243756	5243756	PRESERVED_SPECIMEN	Université de Montréal Biodiversity Centre	CMMF	CMMF010303	1889	Labrecque, Jacqueline		CC0_1_0	Université de Montréal Biodiversity Centre	Labrecque, Jacqueline			2024-01-24T16:38:21.575Z		INSTITUTION_MATCH_FUZZY;COLLECTION_MATCH_FUZZY;DIFFERENT_OWNER_INSTITUTION
1024559777	21705170-d2b6-42de-8904-c3bca4b83591	CMMF005263	Fungi	Basidiomycota	Agaricomycetes	Agaricales	Omphalotaceae	Gymnopus	Gymnopus dryophilus		SPECIES	Gymnopus dryophilus (Bull.) Murrill	Gymnopus dryophilus (Bull.) Murrill	(Bull.) Murrill	CA	Réserve écologique du Boisé-des-Muir, Hinchinbrooke.	Québec	PRESENT		ff7bd5db-b724-4932-b496-10ea298851f9	45.086009	-74.115309	10.0						2013-06-08	8	6	2013	5243756	5243756	PRESERVED_SPECIMEN	Université de Montréal Biodiversity Centre	CMMF	CMMF005263	2013-22	Lebeuf, Renée		CC0_1_0	Université de Montréal Biodiversity Centre	Langlois, Annabelle; Turgon, Jean-Pierre			2024-01-24T16:38:15.572Z	StillImage	INSTITUTION_MATCH_FUZZY;COLLECTION_MATCH_FUZZY;DIFFERENT_OWNER_INSTITUTION
1024559020	21705170-d2b6-42de-8904-c3bca4b83591	CMMF004378	Fungi	Basidiomycota	Agaricomycetes	Agaricales	Omphalotaceae	Gymnopus	Gymnopus dryophilus		SPECIES	Gymnopus dryophilus (Bull.) Murrill	Gymnopus dryophilus (Bull.) Murrill	(Bull.) Murrill	CA	Réserve écologique du Boisé-des-Muir, Hinchinbrooke.	Québec	PRESENT		ff7bd5db-b724-4932-b496-10ea298851f9	45.085831	-74.112807	10.0						2012-08-13	13	8	2012	5243756	5243756	PRESERVED_SPECIMEN	Université de Montréal Biodiversity Centre	CMMF	CMMF004378	388	Archambault, Raymond		CC0_1_0	Université de Montréal Biodiversity Centre	Archambault, Raymond; Langlois, Annabelle; Turgon, Jean-Pierre			2024-01-24T16:38:19.625Z	StillImage	INSTITUTION_MATCH_FUZZY;COLLECTION_MATCH_FUZZY;DIFFERENT_OWNER_INSTITUTION
