gbifID	datasetKey	occurrenceID	kingdom	phylum	class	order	family	genus	species	infraspecificEpithet	taxonRank	scientificName	verbatimScientificName	verbatimScientificNameAuthorship	countryCode	locality	stateProvince	occurrenceStatus	individualCount	publishingOrgKey	decimalLatitude	decimalLongitude	coordinateUncertaintyInMeters	coordinatePrecision	elevation	elevationAccuracy	depth	depthAccuracy	eventDate	day	month	year	taxonKey	speciesKey	basisOfRecord	institutionCode	collectionCode	catalogNumber	recordNumber	identifiedBy	dateIdentified	license	rightsHolder	recordedBy	typeStatus	establishmentMeans	lastInterpreted	mediaType	issue
694157059	d7cfd2ed-8af4-427f-a16e-eb66b7e2c419	14234	Fungi	Basidiomycota	Agaricomycetes	Agaricales	Psathyrellaceae	Coprinopsis	Coprinopsis atramentaria		SPECIES	Coprinus atramentarius (Bull.) Fr.	Coprinus atramentarius (Bull.) Fr.	(Bull.) Fr.	CA	University of Toronto Forest	Ontario	PRESENT		ff418020-1d67-11d9-8435-b8a03c50a862	45.183005	-78.85025	7575.0						1963-09-11	11	9	1963	2534388	5242740	PRESERVED_SPECIMEN	Royal Ontario Museum	TRTC	TRTC040816		Krug, J.C.		CC0_1_0	Royal Ontario Museum	Krug, J.C.			2024-01-25T00:59:40.415Z		COORDINATE_ROUNDED;AMBIGUOUS_INSTITUTION
694157058	d7cfd2ed-8af4-427f-a16e-eb66b7e2c419	14233	Fungi	Basidiomycota	Agaricomycetes	Agaricales	Psathyrellaceae	Coprinopsis	Coprinopsis atramentaria		SPECIES	Coprinus atramentarius (Bull.) Fr.	Coprinus atramentarius (Bull.) Fr.	(Bull.) Fr.	CA	University of Toronto Forest	Ontario	PRESENT		ff418020-1d67-11d9-8435-b8a03c50a862	45.183005	-78.85025	7575.0						1964-09-18	18	9	1964	2534388	5242740	PRESERVED_SPECIMEN	Royal Ontario Museum	TRTC	TRTC042728		Luck-Allen, E.R.		CC0_1_0	Royal Ontario Museum	Luck-Allen, E.R.			2024-01-25T00:59:40.415Z		COORDINATE_ROUNDED;AMBIGUOUS_INSTITUTION
694157057	d7cfd2ed-8af4-427f-a16e-eb66b7e2c419	14232	Fungi	Basidiomycota	Agaricomycetes	Agaricales	Psathyrellaceae	Coprinopsis	Coprinopsis atramentaria		SPECIES	Coprinus atramentarius (Bull.) Fr.	Coprinus atramentarius (Bull.) Fr.	(Bull.) Fr.	CA	University of Toronto Forest	Ontario	PRESENT		ff418020-1d67-11d9-8435-b8a03c50a862	45.183005	-78.85025	7575.0						1964-09-19	19	9	1964	2534388	5242740	PRESERVED_SPECIMEN	Royal Ontario Museum	TRTC	TRTC151861		Cain, R.F.		CC0_1_0	Royal Ontario Museum	Cain, R.F.			2024-01-25T00:59:40.412Z		COORDINATE_ROUNDED;AMBIGUOUS_INSTITUTION
617552437	21705170-d2b6-42de-8904-c3bca4b83591	CMMF000316	Fungi	Basidiomycota	Agaricomycetes	Agaricales	Psathyrellaceae	Coprinopsis	Coprinopsis atramentaria		SPECIES	Coprinus atramentarius (Bull.) Fr.	Coprinus atramentarius (Bull.) Fr.	(Bull.) Fr.	CA	Montréal	Québec	PRESENT		ff7bd5db-b724-4932-b496-10ea298851f9	45.509625	-73.662984	25000.0						1988-09-06	6	9	1988	2534388	5242740	PRESERVED_SPECIMEN	Université de Montréal Biodiversity Centre	CMMF	CMMF000316		Lamoureux, Yves		CC0_1_0	Université de Montréal Biodiversity Centre	Lamoureux, Yves			2024-01-24T16:38:20.765Z	StillImage	INSTITUTION_MATCH_FUZZY;COLLECTION_MATCH_FUZZY;DIFFERENT_OWNER_INSTITUTION
617551013	21705170-d2b6-42de-8904-c3bca4b83591	CMMF002530	Fungi	Basidiomycota	Agaricomycetes	Agaricales	Psathyrellaceae	Coprinopsis	Coprinopsis atramentaria		SPECIES	Coprinus atramentarius (Bull.) Fr.	Coprinus atramentarius (Bull.) Fr.	(Bull.) Fr.	CA	Saint-Majorique	Québec	PRESENT		ff7bd5db-b724-4932-b496-10ea298851f9	45.931221	-72.584529	5000.0						1995-08-27	27	8	1995	2534388	5242740	PRESERVED_SPECIMEN	Université de Montréal Biodiversity Centre	CMMF	CMMF002530		Lamoureux, Yves		CC0_1_0	Université de Montréal Biodiversity Centre	Lamoureux, Yves			2024-01-24T16:38:19.545Z	StillImage	INSTITUTION_MATCH_FUZZY;COLLECTION_MATCH_FUZZY;DIFFERENT_OWNER_INSTITUTION
4994404618	50c9509d-22c7-4a22-a47d-8c48425ef4a7	https://www.inaturalist.org/observations/61317908	Fungi	Basidiomycota	Agaricomycetes	Agaricales	Psathyrellaceae	Coprinopsis	Coprinopsis atramentaria		SPECIES	Coprinopsis atramentaria (Bull.) Redhead, Vilgalys & Moncalvo	Coprinopsis atramentaria		CA		New Brunswick	PRESENT		28eb1a3f-1c15-4a95-931a-4af90ecb574d	47.61782	-65.684569	4.0						2020-09-24	24	9	2020	5242740	5242740	HUMAN_OBSERVATION	iNaturalist	Observations	61317908		noemieb95	2020-09-30T17:46:50	CC_BY_NC_4_0	noemieb95	noemieb95			2025-01-14T12:14:54.458Z	StillImage	COORDINATE_ROUNDED;CONTINENT_DERIVED_FROM_COORDINATES;TAXON_MATCH_TAXON_ID_IGNORED
4936697474	50c9509d-22c7-4a22-a47d-8c48425ef4a7	https://www.inaturalist.org/observations/236774389	Fungi	Basidiomycota	Agaricomycetes	Agaricales	Psathyrellaceae	Coprinopsis	Coprinopsis atramentaria		SPECIES	Coprinopsis atramentaria (Bull.) Redhead, Vilgalys & Moncalvo	Coprinopsis atramentaria		CA		Québec	PRESENT		28eb1a3f-1c15-4a95-931a-4af90ecb574d	45.409048	-71.266171	12458.0						2024-08-18T15:17:52	18	8	2024	5242740	5242740	HUMAN_OBSERVATION	iNaturalist	Observations	236774389		Emilie Dumont-Blanchette	2024-08-19T19:17:29	CC_BY_NC_4_0	Emilie Dumont-Blanchette	Emilie Dumont-Blanchette			2025-01-14T12:52:41.512Z	StillImage	COORDINATE_ROUNDED;CONTINENT_DERIVED_FROM_COORDINATES;TAXON_MATCH_TAXON_ID_IGNORED
4908735011	50c9509d-22c7-4a22-a47d-8c48425ef4a7	https://www.inaturalist.org/observations/228329751	Fungi	Basidiomycota	Agaricomycetes	Agaricales	Psathyrellaceae	Coprinopsis	Coprinopsis atramentaria		SPECIES	Coprinopsis atramentaria (Bull.) Redhead, Vilgalys & Moncalvo	Coprinopsis atramentaria		CA		Nova Scotia	PRESENT		28eb1a3f-1c15-4a95-931a-4af90ecb574d	45.026103	-64.631317	19.0						2023-08-18T13:44:37	18	8	2023	5242740	5242740	HUMAN_OBSERVATION	iNaturalist	Observations	228329751		Brian Laureijs	2024-07-09T22:39:38	CC_BY_NC_4_0	Brian Laureijs	Brian Laureijs			2025-01-14T13:41:48.645Z	StillImage	COORDINATE_ROUNDED;CONTINENT_DERIVED_FROM_COORDINATES;TAXON_MATCH_TAXON_ID_IGNORED
4872453137	50c9509d-22c7-4a22-a47d-8c48425ef4a7	https://www.inaturalist.org/observations/217399727	Fungi	Basidiomycota	Agaricomycetes	Agaricales	Psathyrellaceae	Coprinopsis	Coprinopsis atramentaria		SPECIES	Coprinopsis atramentaria (Bull.) Redhead, Vilgalys & Moncalvo	Coprinopsis atramentaria		CA		Québec	PRESENT		28eb1a3f-1c15-4a95-931a-4af90ecb574d	45.6421	-73.599678							2024-05-15T13:32	15	5	2024	5242740	5242740	HUMAN_OBSERVATION	iNaturalist	Observations	217399727		weilival	2024-05-22T00:47:34	CC_BY_NC_4_0	weilival	weilival			2025-01-14T13:40:34.194Z	StillImage	COORDINATE_ROUNDED;CONTINENT_DERIVED_FROM_COORDINATES;TAXON_MATCH_TAXON_ID_IGNORED
4872420593	50c9509d-22c7-4a22-a47d-8c48425ef4a7	https://www.inaturalist.org/observations/96074248	Fungi	Basidiomycota	Agaricomycetes	Agaricales	Psathyrellaceae	Coprinopsis	Coprinopsis atramentaria		SPECIES	Coprinopsis atramentaria (Bull.) Redhead, Vilgalys & Moncalvo	Coprinopsis atramentaria		CA		Québec	PRESENT		28eb1a3f-1c15-4a95-931a-4af90ecb574d	45.629086	-73.80171							2021-09-24T17:41:43	24	9	2021	5242740	5242740	HUMAN_OBSERVATION	iNaturalist	Observations	96074248		Frédérik M.	2021-09-25T12:48:36	CC_BY_NC_4_0	Frédérik M.	Frédérik M.			2025-01-14T12:22:13.920Z	StillImage	COORDINATE_ROUNDED;CONTINENT_DERIVED_FROM_COORDINATES;TAXON_MATCH_TAXON_ID_IGNORED
4867727506	50c9509d-22c7-4a22-a47d-8c48425ef4a7	https://www.inaturalist.org/observations/216145328	Fungi	Basidiomycota	Agaricomycetes	Agaricales	Psathyrellaceae	Coprinopsis	Coprinopsis atramentaria		SPECIES	Coprinopsis atramentaria (Bull.) Redhead, Vilgalys & Moncalvo	Coprinopsis atramentaria		CA		Ontario	PRESENT		28eb1a3f-1c15-4a95-931a-4af90ecb574d	45.033569	-74.666183	7.0						2024-05-16T13:15:01	16	5	2024	5242740	5242740	HUMAN_OBSERVATION	iNaturalist	Observations	216145328		timberlord14	2024-05-16T17:15:17	CC_BY_NC_4_0	timberlord14	timberlord14			2025-01-14T13:31:47.664Z	StillImage	COORDINATE_ROUNDED;CONTINENT_DERIVED_FROM_COORDINATES;TAXON_MATCH_TAXON_ID_IGNORED
4863682990	50c9509d-22c7-4a22-a47d-8c48425ef4a7	https://www.inaturalist.org/observations/215618203	Fungi	Basidiomycota	Agaricomycetes	Agaricales	Psathyrellaceae	Coprinopsis	Coprinopsis atramentaria		SPECIES	Coprinopsis atramentaria (Bull.) Redhead, Vilgalys & Moncalvo	Coprinopsis atramentaria		CA		Québec	PRESENT		28eb1a3f-1c15-4a95-931a-4af90ecb574d	45.544632	-73.617815	11.0						2024-05-12T13:06	12	5	2024	5242740	5242740	HUMAN_OBSERVATION	iNaturalist	Observations	215618203		Taylor Routledge	2024-05-14T04:21:28	CC_BY_NC_4_0	michelcournoyer	michelcournoyer			2025-01-14T13:40:32.175Z	StillImage	COORDINATE_ROUNDED;CONTINENT_DERIVED_FROM_COORDINATES;TAXON_MATCH_TAXON_ID_IGNORED
4854977856	50c9509d-22c7-4a22-a47d-8c48425ef4a7	https://www.inaturalist.org/observations/188848994	Fungi	Basidiomycota	Agaricomycetes	Agaricales	Psathyrellaceae	Coprinopsis	Coprinopsis atramentaria		SPECIES	Coprinopsis atramentaria (Bull.) Redhead, Vilgalys & Moncalvo	Coprinopsis atramentaria		CA		Québec	PRESENT		28eb1a3f-1c15-4a95-931a-4af90ecb574d	46.731658	-71.295448	36.0						2023-10-24T08:46:01	24	10	2023	5242740	5242740	HUMAN_OBSERVATION	iNaturalist	Observations	188848994		Camille Boucher	2023-10-25T01:19:28	CC_BY_NC_4_0	Camille Boucher	Camille Boucher			2025-01-14T12:40:56.812Z	StillImage	COORDINATE_ROUNDED;CONTINENT_DERIVED_FROM_COORDINATES;TAXON_MATCH_TAXON_ID_IGNORED
4852762271	50c9509d-22c7-4a22-a47d-8c48425ef4a7	https://www.inaturalist.org/observations/190084862	Fungi	Basidiomycota	Agaricomycetes	Agaricales	Psathyrellaceae	Coprinopsis	Coprinopsis atramentaria		SPECIES	Coprinopsis atramentaria (Bull.) Redhead, Vilgalys & Moncalvo	Coprinopsis atramentaria		CA		Québec	PRESENT		28eb1a3f-1c15-4a95-931a-4af90ecb574d	48.853942	-72.22328	4.0						2023-08-14T11:31:10	14	8	2023	5242740	5242740	HUMAN_OBSERVATION	iNaturalist	Observations	190084862		lavoiedom	2023-11-05T16:29:16	CC_BY_NC_4_0	lavoiedom	lavoiedom			2025-01-14T13:34:56.191Z	StillImage	COORDINATE_ROUNDED;CONTINENT_DERIVED_FROM_COORDINATES;TAXON_MATCH_TAXON_ID_IGNORED
4852750639	50c9509d-22c7-4a22-a47d-8c48425ef4a7	https://www.inaturalist.org/observations/72045917	Fungi	Basidiomycota	Agaricomycetes	Agaricales	Psathyrellaceae	Coprinopsis	Coprinopsis atramentaria		SPECIES	Coprinopsis atramentaria (Bull.) Redhead, Vilgalys & Moncalvo	Coprinopsis atramentaria		CA		Ontario	PRESENT		28eb1a3f-1c15-4a95-931a-4af90ecb574d	45.393978	-79.213737	10.0						2018-10-01T14:47:34	1	10	2018	5242740	5242740	HUMAN_OBSERVATION	iNaturalist	Observations	72045917		Doc_ Lingo	2021-03-25T23:21:19	CC_BY_NC_4_0	danapj	danapj			2025-01-14T13:14:59.763Z	StillImage	COORDINATE_ROUNDED;CONTINENT_DERIVED_FROM_COORDINATES;TAXON_MATCH_TAXON_ID_IGNORED
4852557447	50c9509d-22c7-4a22-a47d-8c48425ef4a7	https://www.inaturalist.org/observations/211761560	Fungi	Basidiomycota	Agaricomycetes	Agaricales	Psathyrellaceae	Coprinopsis	Coprinopsis atramentaria		SPECIES	Coprinopsis atramentaria (Bull.) Redhead, Vilgalys & Moncalvo	Coprinopsis atramentaria		CA		Québec	PRESENT		28eb1a3f-1c15-4a95-931a-4af90ecb574d	45.36792	-73.73147	17.0						2024-04-29T14:55:13	29	4	2024	5242740	5242740	HUMAN_OBSERVATION	iNaturalist	Observations	211761560		turkeypoor1	2024-04-29T18:55:57	CC_BY_NC_4_0	turkeypoor1	turkeypoor1			2025-01-14T13:40:36.837Z	StillImage	CONTINENT_DERIVED_FROM_COORDINATES;TAXON_MATCH_TAXON_ID_IGNORED
4851957652	50c9509d-22c7-4a22-a47d-8c48425ef4a7	https://www.inaturalist.org/observations/211761790	Fungi	Basidiomycota	Agaricomycetes	Agaricales	Psathyrellaceae	Coprinopsis	Coprinopsis atramentaria		SPECIES	Coprinopsis atramentaria (Bull.) Redhead, Vilgalys & Moncalvo	Coprinopsis atramentaria		CA		Québec	PRESENT		28eb1a3f-1c15-4a95-931a-4af90ecb574d	45.367888	-73.731362	12.0						2024-04-29T14:55:19	29	4	2024	5242740	5242740	HUMAN_OBSERVATION	iNaturalist	Observations	211761790		turkeypoor1	2024-04-29T18:56:22	CC_BY_NC_4_0	turkeypoor1	turkeypoor1			2025-01-14T12:44:43.432Z	StillImage	COORDINATE_ROUNDED;CONTINENT_DERIVED_FROM_COORDINATES;TAXON_MATCH_TAXON_ID_IGNORED
4607236462	50c9509d-22c7-4a22-a47d-8c48425ef4a7	https://www.inaturalist.org/observations/63919693	Fungi	Basidiomycota	Agaricomycetes	Agaricales	Psathyrellaceae	Coprinopsis	Coprinopsis atramentaria		SPECIES	Coprinopsis atramentaria (Bull.) Redhead, Vilgalys & Moncalvo	Coprinopsis atramentaria		CA		Québec	PRESENT		28eb1a3f-1c15-4a95-931a-4af90ecb574d	45.408863	-73.932709							2020-10-31T15:22:06	31	10	2020	5242740	5242740	HUMAN_OBSERVATION	iNaturalist	Observations	63919693		Renato Robert	2021-01-01T20:48:42	CC_BY_NC_4_0	cotinga	cotinga			2025-01-14T13:10:34.370Z	StillImage	COORDINATE_ROUNDED;CONTINENT_DERIVED_FROM_COORDINATES;TAXON_MATCH_TAXON_ID_IGNORED
4596866424	50c9509d-22c7-4a22-a47d-8c48425ef4a7	https://www.inaturalist.org/observations/185649514	Fungi	Basidiomycota	Agaricomycetes	Agaricales	Psathyrellaceae	Coprinopsis	Coprinopsis atramentaria		SPECIES	Coprinopsis atramentaria (Bull.) Redhead, Vilgalys & Moncalvo	Coprinopsis atramentaria		CA		Québec	PRESENT		28eb1a3f-1c15-4a95-931a-4af90ecb574d	47.832117	-69.529764	350.0						2023-09-30T14:12	30	9	2023	5242740	5242740	HUMAN_OBSERVATION	iNaturalist	Observations	185649514		vladykov	2023-09-30T22:42:20	CC_BY_NC_4_0	vladykov	vladykov			2025-01-14T12:42:12.163Z	StillImage	COORDINATE_ROUNDED;CONTINENT_DERIVED_FROM_COORDINATES;TAXON_MATCH_TAXON_ID_IGNORED
4528127225	50c9509d-22c7-4a22-a47d-8c48425ef4a7	https://www.inaturalist.org/observations/195076888	Fungi	Basidiomycota	Agaricomycetes	Agaricales	Psathyrellaceae	Coprinopsis	Coprinopsis atramentaria		SPECIES	Coprinopsis atramentaria (Bull.) Redhead, Vilgalys & Moncalvo	Coprinopsis atramentaria		CA		Québec	PRESENT		28eb1a3f-1c15-4a95-931a-4af90ecb574d	46.955673	-71.404045	15.0						2023-09-23	23	9	2023	5242740	5242740	HUMAN_OBSERVATION	iNaturalist	Observations	195076888		Antoine Fortin	2024-02-26T18:09:40	CC_BY_NC_4_0	Christian Grenier	Christian Grenier			2025-01-14T12:44:07.753Z	StillImage	COORDINATE_ROUNDED;CONTINENT_DERIVED_FROM_COORDINATES;TAXON_MATCH_TAXON_ID_IGNORED
4512040430	50c9509d-22c7-4a22-a47d-8c48425ef4a7	https://www.inaturalist.org/observations/59471156	Fungi	Basidiomycota	Agaricomycetes	Agaricales	Psathyrellaceae	Coprinopsis	Coprinopsis atramentaria		SPECIES	Coprinopsis atramentaria (Bull.) Redhead, Vilgalys & Moncalvo	Coprinopsis atramentaria		CA		Ontario	PRESENT		28eb1a3f-1c15-4a95-931a-4af90ecb574d	45.511074	-75.34167	46.0						2020-09-03	3	9	2020	5242740	5242740	HUMAN_OBSERVATION	iNaturalist	Observations	59471156		jonathan_mack	2020-10-10T18:14:35	CC_BY_NC_4_0	kevinwallace	kevinwallace			2025-01-14T13:04:10.409Z	StillImage	CONTINENT_DERIVED_FROM_COORDINATES;TAXON_MATCH_TAXON_ID_IGNORED
4510009556	50c9509d-22c7-4a22-a47d-8c48425ef4a7	https://www.inaturalist.org/observations/98045681	Fungi	Basidiomycota	Agaricomycetes	Agaricales	Psathyrellaceae	Coprinopsis	Coprinopsis atramentaria		SPECIES	Coprinopsis atramentaria (Bull.) Redhead, Vilgalys & Moncalvo	Coprinopsis atramentaria		CA		Ontario	PRESENT		28eb1a3f-1c15-4a95-931a-4af90ecb574d	45.340672	-75.781897	4.0						2021-10-12T17:25:46	12	10	2021	5242740	5242740	HUMAN_OBSERVATION	iNaturalist	Observations	98045681		chzplz	2021-10-12T21:27:28	CC_BY_NC_4_0	chzplz	chzplz			2025-01-14T12:21:51.978Z	StillImage	COORDINATE_ROUNDED;CONTINENT_DERIVED_FROM_COORDINATES;TAXON_MATCH_TAXON_ID_IGNORED
4507568205	50c9509d-22c7-4a22-a47d-8c48425ef4a7	https://www.inaturalist.org/observations/187794907	Fungi	Basidiomycota	Agaricomycetes	Agaricales	Psathyrellaceae	Coprinopsis	Coprinopsis atramentaria		SPECIES	Coprinopsis atramentaria (Bull.) Redhead, Vilgalys & Moncalvo	Coprinopsis atramentaria		CA		Ontario	PRESENT		28eb1a3f-1c15-4a95-931a-4af90ecb574d	45.445983	-76.375022	5.0						2023-10-16T12:34:07	16	10	2023	5242740	5242740	HUMAN_OBSERVATION	iNaturalist	Observations	187794907		gordv	2023-10-16T16:36:21	CC_BY_NC_4_0	gordv	gordv			2025-01-14T12:42:53.973Z	StillImage	COORDINATE_ROUNDED;CONTINENT_DERIVED_FROM_COORDINATES;TAXON_MATCH_TAXON_ID_IGNORED
4442522099	50c9509d-22c7-4a22-a47d-8c48425ef4a7	https://www.inaturalist.org/observations/189247024	Fungi	Basidiomycota	Agaricomycetes	Agaricales	Psathyrellaceae	Coprinopsis	Coprinopsis atramentaria		SPECIES	Coprinopsis atramentaria (Bull.) Redhead, Vilgalys & Moncalvo	Coprinopsis atramentaria		CA		Québec	PRESENT		28eb1a3f-1c15-4a95-931a-4af90ecb574d	45.5927	-73.52047	3.0						2023-10-28T09:49:35	28	10	2023	5242740	5242740	HUMAN_OBSERVATION	iNaturalist	Observations	189247024		S Boisvert	2023-11-17T15:49:25	CC_BY_NC_4_0	sichechilia	sichechilia			2025-01-14T12:43:09.570Z	StillImage	CONTINENT_DERIVED_FROM_COORDINATES;TAXON_MATCH_TAXON_ID_IGNORED
4439013688	50c9509d-22c7-4a22-a47d-8c48425ef4a7	https://www.inaturalist.org/observations/189849311	Fungi	Basidiomycota	Agaricomycetes	Agaricales	Psathyrellaceae	Coprinopsis	Coprinopsis atramentaria		SPECIES	Coprinopsis atramentaria (Bull.) Redhead, Vilgalys & Moncalvo	Coprinopsis atramentaria		CA		Québec	PRESENT		28eb1a3f-1c15-4a95-931a-4af90ecb574d	46.805302	-71.247917	12.0						2023-11-01T13:10:14	1	11	2023	5242740	5242740	HUMAN_OBSERVATION	iNaturalist	Observations	189849311		Camille Boucher	2023-11-03T12:35:50	CC_BY_NC_4_0	Camille Boucher	Camille Boucher			2025-01-14T12:46:26.804Z	StillImage	COORDINATE_ROUNDED;CONTINENT_DERIVED_FROM_COORDINATES;TAXON_MATCH_TAXON_ID_IGNORED
4438896338	50c9509d-22c7-4a22-a47d-8c48425ef4a7	https://www.inaturalist.org/observations/32343170	Fungi	Basidiomycota	Agaricomycetes	Agaricales	Psathyrellaceae	Coprinopsis	Coprinopsis atramentaria		SPECIES	Coprinopsis atramentaria (Bull.) Redhead, Vilgalys & Moncalvo	Coprinopsis atramentaria		CA		Ontario	PRESENT		28eb1a3f-1c15-4a95-931a-4af90ecb574d	45.395383	-75.742828	8.0						2019-09-08T11:05:28	8	9	2019	5242740	5242740	HUMAN_OBSERVATION	iNaturalist	Observations	32343170		joe_vienneau	2019-09-08T15:07:09	CC_BY_NC_4_0	joe_vienneau	joe_vienneau			2025-01-14T13:04:43.072Z	StillImage	COORDINATE_ROUNDED;CONTINENT_DERIVED_FROM_COORDINATES;TAXON_MATCH_TAXON_ID_IGNORED
4438802400	50c9509d-22c7-4a22-a47d-8c48425ef4a7	https://www.inaturalist.org/observations/60820084	Fungi	Basidiomycota	Agaricomycetes	Agaricales	Psathyrellaceae	Coprinopsis	Coprinopsis atramentaria		SPECIES	Coprinopsis atramentaria (Bull.) Redhead, Vilgalys & Moncalvo	Coprinopsis atramentaria		CA		Ontario	PRESENT		28eb1a3f-1c15-4a95-931a-4af90ecb574d	45.334726	-75.414102	27190.0						2020-09-26T08:30:24	26	9	2020	5242740	5242740	HUMAN_OBSERVATION	iNaturalist	Observations	60820084		weeezy	2020-09-26T13:54:59	CC_BY_NC_4_0	weeezy	weeezy			2025-01-14T13:58:40.462Z	StillImage	COORDINATE_ROUNDED;CONTINENT_DERIVED_FROM_COORDINATES;TAXON_MATCH_TAXON_ID_IGNORED
4436215917	50c9509d-22c7-4a22-a47d-8c48425ef4a7	https://www.inaturalist.org/observations/189167219	Fungi	Basidiomycota	Agaricomycetes	Agaricales	Psathyrellaceae	Coprinopsis	Coprinopsis atramentaria		SPECIES	Coprinopsis atramentaria (Bull.) Redhead, Vilgalys & Moncalvo	Coprinopsis atramentaria		CA		Ontario	PRESENT		28eb1a3f-1c15-4a95-931a-4af90ecb574d	45.477398	-75.537003							2023-10-27T15:09:56	27	10	2023	5242740	5242740	HUMAN_OBSERVATION	iNaturalist	Observations	189167219		Lindsay Boudreau	2023-10-27T22:57:34	CC_BY_NC_4_0	Lindsay Boudreau	Lindsay Boudreau			2025-01-14T12:42:38.443Z	StillImage	COORDINATE_ROUNDED;CONTINENT_DERIVED_FROM_COORDINATES;TAXON_MATCH_TAXON_ID_IGNORED
4436184343	50c9509d-22c7-4a22-a47d-8c48425ef4a7	https://www.inaturalist.org/observations/189089853	Fungi	Basidiomycota	Agaricomycetes	Agaricales	Psathyrellaceae	Coprinopsis	Coprinopsis atramentaria		SPECIES	Coprinopsis atramentaria (Bull.) Redhead, Vilgalys & Moncalvo	Coprinopsis atramentaria		CA		Ontario	PRESENT		28eb1a3f-1c15-4a95-931a-4af90ecb574d	45.129483	-75.418225							2023-10-18T09:28:07	18	10	2023	5242740	5242740	HUMAN_OBSERVATION	iNaturalist	Observations	189089853		Randy	2023-10-27T06:07:47	CC_BY_NC_4_0	Randy	Randy			2025-01-14T12:42:53.928Z	StillImage	COORDINATE_ROUNDED;CONTINENT_DERIVED_FROM_COORDINATES;TAXON_MATCH_TAXON_ID_IGNORED
4416967150	50c9509d-22c7-4a22-a47d-8c48425ef4a7	https://www.inaturalist.org/observations/184851206	Fungi	Basidiomycota	Agaricomycetes	Agaricales	Psathyrellaceae	Coprinopsis	Coprinopsis atramentaria		SPECIES	Coprinopsis atramentaria (Bull.) Redhead, Vilgalys & Moncalvo	Coprinopsis atramentaria		CA		Québec	PRESENT		28eb1a3f-1c15-4a95-931a-4af90ecb574d	47.438063	-70.53882	6.0						2023-09-11T10:25:57	11	9	2023	5242740	5242740	HUMAN_OBSERVATION	iNaturalist	Observations	184851206		Antoine Fortin	2023-09-26T13:12:40	CC_BY_4_0	Marilyne Busque-Dubois	Marilyne Busque-Dubois			2025-01-14T12:42:48.574Z	StillImage	COORDINATE_ROUNDED;CONTINENT_DERIVED_FROM_COORDINATES;TAXON_MATCH_TAXON_ID_IGNORED
4414236790	50c9509d-22c7-4a22-a47d-8c48425ef4a7	https://www.inaturalist.org/observations/183571940	Fungi	Basidiomycota	Agaricomycetes	Agaricales	Psathyrellaceae	Coprinopsis	Coprinopsis atramentaria		SPECIES	Coprinopsis atramentaria (Bull.) Redhead, Vilgalys & Moncalvo	Coprinopsis atramentaria		CA		Québec	PRESENT		28eb1a3f-1c15-4a95-931a-4af90ecb574d	48.084202	-78.998553	4.0						2023-09-16T17:28:26	16	9	2023	5242740	5242740	HUMAN_OBSERVATION	iNaturalist	Observations	183571940		wasopc	2023-09-16T21:30:58	CC_BY_NC_4_0	wasopc	wasopc			2025-01-14T13:33:51.893Z	StillImage	COORDINATE_ROUNDED;CONTINENT_DERIVED_FROM_COORDINATES;TAXON_MATCH_TAXON_ID_IGNORED
4414116900	50c9509d-22c7-4a22-a47d-8c48425ef4a7	https://www.inaturalist.org/observations/183555837	Fungi	Basidiomycota	Agaricomycetes	Agaricales	Psathyrellaceae	Coprinopsis	Coprinopsis atramentaria		SPECIES	Coprinopsis atramentaria (Bull.) Redhead, Vilgalys & Moncalvo	Coprinopsis atramentaria		CA		Québec	PRESENT		28eb1a3f-1c15-4a95-931a-4af90ecb574d	45.75422	-75.847788	50.0						2023-08-12T12:01:02	12	8	2023	5242740	5242740	HUMAN_OBSERVATION	iNaturalist	Observations	183555837		allseeds	2023-09-16T19:54:37	CC_BY_NC_4_0	allseeds	allseeds			2025-01-14T12:40:19.772Z	StillImage	COORDINATE_ROUNDED;CONTINENT_DERIVED_FROM_COORDINATES;TAXON_MATCH_TAXON_ID_IGNORED
4413979624	50c9509d-22c7-4a22-a47d-8c48425ef4a7	https://www.inaturalist.org/observations/182035214	Fungi	Basidiomycota	Agaricomycetes	Agaricales	Psathyrellaceae	Coprinopsis	Coprinopsis atramentaria		SPECIES	Coprinopsis atramentaria (Bull.) Redhead, Vilgalys & Moncalvo	Coprinopsis atramentaria		CA		Québec	PRESENT		28eb1a3f-1c15-4a95-931a-4af90ecb574d	45.267953	-72.989511	4783.0						2023-09-05T11:35	5	9	2023	5242740	5242740	HUMAN_OBSERVATION	iNaturalist	Observations	182035214		larose_annie	2023-09-06T11:32:49	CC_BY_NC_4_0	larose_annie	larose_annie			2025-01-14T12:44:28.251Z	StillImage	COORDINATE_ROUNDED;CONTINENT_DERIVED_FROM_COORDINATES;TAXON_MATCH_TAXON_ID_IGNORED
4153882379	50c9509d-22c7-4a22-a47d-8c48425ef4a7	https://www.inaturalist.org/observations/98489216	Fungi	Basidiomycota	Agaricomycetes	Agaricales	Psathyrellaceae	Coprinopsis	Coprinopsis atramentaria		SPECIES	Coprinopsis atramentaria (Bull.) Redhead, Vilgalys & Moncalvo	Coprinopsis atramentaria		CA		Québec	PRESENT		28eb1a3f-1c15-4a95-931a-4af90ecb574d	45.844501	-72.568649	65.0						2021-10-17T10:04:46	17	10	2021	5242740	5242740	HUMAN_OBSERVATION	iNaturalist	Observations	98489216		vanessareg	2021-10-17T14:05:00	CC_BY_NC_4_0	vanessareg	vanessareg			2025-01-14T12:22:42.374Z	StillImage	COORDINATE_ROUNDED;CONTINENT_DERIVED_FROM_COORDINATES;TAXON_MATCH_TAXON_ID_IGNORED
4075603480	50c9509d-22c7-4a22-a47d-8c48425ef4a7	https://www.inaturalist.org/observations/72054786	Fungi	Basidiomycota	Agaricomycetes	Agaricales	Psathyrellaceae	Coprinopsis	Coprinopsis atramentaria		SPECIES	Coprinopsis atramentaria (Bull.) Redhead, Vilgalys & Moncalvo	Coprinopsis atramentaria		CA		Ontario	PRESENT		28eb1a3f-1c15-4a95-931a-4af90ecb574d	45.137214	-77.946572	26.0						2020-09-06T16:29:52	6	9	2020	5242740	5242740	HUMAN_OBSERVATION	iNaturalist	Observations	72054786		cinna_latifolia	2021-04-22T22:05:18	CC_BY_NC_4_0	tobyvan1	tobyvan1			2025-01-14T13:11:29.302Z	StillImage	COORDINATE_ROUNDED;CONTINENT_DERIVED_FROM_COORDINATES;TAXON_MATCH_TAXON_ID_IGNORED
4067186819	50c9509d-22c7-4a22-a47d-8c48425ef4a7	https://www.inaturalist.org/observations/151174287	Fungi	Basidiomycota	Agaricomycetes	Agaricales	Psathyrellaceae	Coprinopsis	Coprinopsis atramentaria		SPECIES	Coprinopsis atramentaria (Bull.) Redhead, Vilgalys & Moncalvo	Coprinopsis atramentaria		CA		Québec	PRESENT		28eb1a3f-1c15-4a95-931a-4af90ecb574d	45.447417	-73.255085	18.0						2011-09-23T11:55	23	9	2011	5242740	5242740	HUMAN_OBSERVATION	iNaturalist	Observations	151174287		Jacques Ranger	2023-03-15T01:18:49	CC_BY_NC_4_0	Jacques Ranger	Jacques Ranger			2025-01-14T12:33:27.035Z	StillImage	COORDINATE_ROUNDED;CONTINENT_DERIVED_FROM_COORDINATES;TAXON_MATCH_TAXON_ID_IGNORED
4046670568	50c9509d-22c7-4a22-a47d-8c48425ef4a7	https://www.inaturalist.org/observations/137085897	Fungi	Basidiomycota	Agaricomycetes	Agaricales	Psathyrellaceae	Coprinopsis	Coprinopsis atramentaria		SPECIES	Coprinopsis atramentaria (Bull.) Redhead, Vilgalys & Moncalvo	Coprinopsis atramentaria		CA		Ontario	PRESENT		28eb1a3f-1c15-4a95-931a-4af90ecb574d	45.204538	-76.22431	370.0						2022-09-30T07:46	30	9	2022	5242740	5242740	HUMAN_OBSERVATION	iNaturalist	Observations	137085897		Ken Allison	2022-09-30T23:15:59	CC_BY_NC_4_0	Ken Allison	Ken Allison			2025-01-14T12:31:46.564Z	StillImage	COORDINATE_ROUNDED;CONTINENT_DERIVED_FROM_COORDINATES;TAXON_MATCH_TAXON_ID_IGNORED
4028904631	50c9509d-22c7-4a22-a47d-8c48425ef4a7	https://www.inaturalist.org/observations/97103679	Fungi	Basidiomycota	Agaricomycetes	Agaricales	Psathyrellaceae	Coprinopsis	Coprinopsis atramentaria		SPECIES	Coprinopsis atramentaria (Bull.) Redhead, Vilgalys & Moncalvo	Coprinopsis atramentaria		CA		Ontario	PRESENT		28eb1a3f-1c15-4a95-931a-4af90ecb574d	45.459009	-75.465197	76.0						2021-10-03T13:35	3	10	2021	5242740	5242740	HUMAN_OBSERVATION	iNaturalist	Observations	97103679		jonathan_mack	2021-10-04T02:14:51	CC_BY_NC_4_0	jonathan_mack	jonathan_mack			2025-01-14T12:22:35.377Z	StillImage	COORDINATE_ROUNDED;CONTINENT_DERIVED_FROM_COORDINATES;TAXON_MATCH_TAXON_ID_IGNORED
4015231346	50c9509d-22c7-4a22-a47d-8c48425ef4a7	https://www.inaturalist.org/observations/33100586	Fungi	Basidiomycota	Agaricomycetes	Agaricales	Psathyrellaceae	Coprinopsis	Coprinopsis atramentaria		SPECIES	Coprinopsis atramentaria (Bull.) Redhead, Vilgalys & Moncalvo	Coprinopsis atramentaria		CA		Québec	PRESENT		28eb1a3f-1c15-4a95-931a-4af90ecb574d	46.784714	-71.28696	15.0						2019-09-18	18	9	2019	5242740	5242740	HUMAN_OBSERVATION	iNaturalist	Observations	33100586		Ludo Leclerc	2019-09-20T23:19:25	CC_BY_NC_4_0	Ludo Leclerc	Ludo Leclerc			2025-01-14T12:10:34.303Z	StillImage	COORDINATE_ROUNDED;CONTINENT_DERIVED_FROM_COORDINATES;TAXON_MATCH_TAXON_ID_IGNORED
4006705772	50c9509d-22c7-4a22-a47d-8c48425ef4a7	https://www.inaturalist.org/observations/144392645	Fungi	Basidiomycota	Agaricomycetes	Agaricales	Psathyrellaceae	Coprinopsis	Coprinopsis atramentaria		SPECIES	Coprinopsis atramentaria (Bull.) Redhead, Vilgalys & Moncalvo	Coprinopsis atramentaria		CA		New Brunswick	PRESENT		28eb1a3f-1c15-4a95-931a-4af90ecb574d	47.521186	-64.983916							2022-09-12T16:13:27	12	9	2022	5242740	5242740	HUMAN_OBSERVATION	iNaturalist	Observations	144392645		Raymonde G Chartier	2022-12-15T03:12:52	CC_BY_NC_4_0	Lewnanny Richardson	Lewnanny Richardson			2025-01-14T13:31:41.524Z	StillImage	COORDINATE_ROUNDED;CONTINENT_DERIVED_FROM_COORDINATES;TAXON_MATCH_TAXON_ID_IGNORED
3966734178	50c9509d-22c7-4a22-a47d-8c48425ef4a7	https://www.inaturalist.org/observations/141910805	Fungi	Basidiomycota	Agaricomycetes	Agaricales	Psathyrellaceae	Coprinopsis	Coprinopsis atramentaria		SPECIES	Coprinopsis atramentaria (Bull.) Redhead, Vilgalys & Moncalvo	Coprinopsis atramentaria		CA		Nova Scotia	PRESENT		28eb1a3f-1c15-4a95-931a-4af90ecb574d	45.079472	-64.49427	4.0						2022-11-12T14:46:53	12	11	2022	5242740	5242740	HUMAN_OBSERVATION	iNaturalist	Observations	141910805		seanbasquill	2022-11-13T18:35:35	CC_BY_NC_4_0	seanbasquill	seanbasquill			2025-01-14T13:26:22.382Z	StillImage	COORDINATE_ROUNDED;CONTINENT_DERIVED_FROM_COORDINATES;TAXON_MATCH_TAXON_ID_IGNORED
3966507770	50c9509d-22c7-4a22-a47d-8c48425ef4a7	https://www.inaturalist.org/observations/141574041	Fungi	Basidiomycota	Agaricomycetes	Agaricales	Psathyrellaceae	Coprinopsis	Coprinopsis atramentaria		SPECIES	Coprinopsis atramentaria (Bull.) Redhead, Vilgalys & Moncalvo	Coprinopsis atramentaria		CA		New Brunswick	PRESENT		28eb1a3f-1c15-4a95-931a-4af90ecb574d	45.268325	-66.081964	65.0						2021-08-13T12:54	13	8	2021	5242740	5242740	HUMAN_OBSERVATION	iNaturalist	Observations	141574041		Alfredo Justo	2022-11-10T00:15:15	CC_BY_NC_4_0	Alfredo Justo	Alfredo Justo			2025-01-14T13:26:38.147Z	StillImage	COORDINATE_ROUNDED;CONTINENT_DERIVED_FROM_COORDINATES;TAXON_MATCH_TAXON_ID_IGNORED
3947543872	50c9509d-22c7-4a22-a47d-8c48425ef4a7	https://www.inaturalist.org/observations/137085904	Fungi	Basidiomycota	Agaricomycetes	Agaricales	Psathyrellaceae	Coprinopsis	Coprinopsis atramentaria		SPECIES	Coprinopsis atramentaria (Bull.) Redhead, Vilgalys & Moncalvo	Coprinopsis atramentaria		CA		Ontario	PRESENT		28eb1a3f-1c15-4a95-931a-4af90ecb574d	45.204538	-76.22431	370.0						2022-09-26T08:33	26	9	2022	5242740	5242740	HUMAN_OBSERVATION	iNaturalist	Observations	137085904		Ken Allison	2022-09-30T23:16:01	CC_BY_NC_4_0	Ken Allison	Ken Allison			2025-01-14T12:32:08.414Z	StillImage	COORDINATE_ROUNDED;CONTINENT_DERIVED_FROM_COORDINATES;TAXON_MATCH_TAXON_ID_IGNORED
3947405952	50c9509d-22c7-4a22-a47d-8c48425ef4a7	https://www.inaturalist.org/observations/137085901	Fungi	Basidiomycota	Agaricomycetes	Agaricales	Psathyrellaceae	Coprinopsis	Coprinopsis atramentaria		SPECIES	Coprinopsis atramentaria (Bull.) Redhead, Vilgalys & Moncalvo	Coprinopsis atramentaria		CA		Ontario	PRESENT		28eb1a3f-1c15-4a95-931a-4af90ecb574d	45.204538	-76.22431	370.0						2022-09-28T13:14	28	9	2022	5242740	5242740	HUMAN_OBSERVATION	iNaturalist	Observations	137085901		Ken Allison	2022-09-30T23:16:00	CC_BY_NC_4_0	Ken Allison	Ken Allison			2025-01-14T12:32:34.645Z	StillImage	COORDINATE_ROUNDED;CONTINENT_DERIVED_FROM_COORDINATES;TAXON_MATCH_TAXON_ID_IGNORED
3925446287	50c9509d-22c7-4a22-a47d-8c48425ef4a7	https://www.inaturalist.org/observations/138052120	Fungi	Basidiomycota	Agaricomycetes	Agaricales	Psathyrellaceae	Coprinopsis	Coprinopsis atramentaria		SPECIES	Coprinopsis atramentaria (Bull.) Redhead, Vilgalys & Moncalvo	Coprinopsis atramentaria		CA		Ontario	PRESENT		28eb1a3f-1c15-4a95-931a-4af90ecb574d	46.253605	-78.915078	3.0						2022-10-08T15:53:46	8	10	2022	5242740	5242740	HUMAN_OBSERVATION	iNaturalist	Observations	138052120		Katrina Wynne	2022-10-08T23:54:40	CC_BY_NC_4_0	Katrina Wynne	Katrina Wynne			2025-01-14T13:25:48.044Z	StillImage	COORDINATE_ROUNDED;CONTINENT_DERIVED_FROM_COORDINATES;TAXON_MATCH_TAXON_ID_IGNORED
3925020854	50c9509d-22c7-4a22-a47d-8c48425ef4a7	https://www.inaturalist.org/observations/137625620	Fungi	Basidiomycota	Agaricomycetes	Agaricales	Psathyrellaceae	Coprinopsis	Coprinopsis atramentaria		SPECIES	Coprinopsis atramentaria (Bull.) Redhead, Vilgalys & Moncalvo	Coprinopsis atramentaria		CA		Ontario	PRESENT		28eb1a3f-1c15-4a95-931a-4af90ecb574d	45.399082	-79.001343	204.0						2022-10-01T11:08	1	10	2022	5242740	5242740	HUMAN_OBSERVATION	iNaturalist	Observations	137625620		louisetrussler	2022-10-05T12:23:15	CC_BY_NC_4_0	louisetrussler	louisetrussler			2025-01-14T12:31:47.862Z	StillImage	COORDINATE_ROUNDED;CONTINENT_DERIVED_FROM_COORDINATES;TAXON_MATCH_TAXON_ID_IGNORED
3923646479	50c9509d-22c7-4a22-a47d-8c48425ef4a7	https://www.inaturalist.org/observations/137395372	Fungi	Basidiomycota	Agaricomycetes	Agaricales	Psathyrellaceae	Coprinopsis	Coprinopsis atramentaria		SPECIES	Coprinopsis atramentaria (Bull.) Redhead, Vilgalys & Moncalvo	Coprinopsis atramentaria		CA		New Brunswick	PRESENT		28eb1a3f-1c15-4a95-931a-4af90ecb574d	45.484138	-65.91105	83.0						2022-10-02T14:29:38	2	10	2022	5242740	5242740	HUMAN_OBSERVATION	iNaturalist	Observations	137395372		Todd Ross	2022-10-03T10:09:48	CC_BY_NC_4_0	Todd Ross	Todd Ross			2025-01-14T13:21:04.579Z	StillImage	COORDINATE_ROUNDED;CONTINENT_DERIVED_FROM_COORDINATES;TAXON_MATCH_TAXON_ID_IGNORED
3912233314	50c9509d-22c7-4a22-a47d-8c48425ef4a7	https://www.inaturalist.org/observations/135311183	Fungi	Basidiomycota	Agaricomycetes	Agaricales	Psathyrellaceae	Coprinopsis	Coprinopsis atramentaria		SPECIES	Coprinopsis atramentaria (Bull.) Redhead, Vilgalys & Moncalvo	Coprinopsis atramentaria		CA		New Brunswick	PRESENT		28eb1a3f-1c15-4a95-931a-4af90ecb574d	47.520971	-64.984035							2022-09-15T14:40:13	15	9	2022	5242740	5242740	HUMAN_OBSERVATION	iNaturalist	Observations	135311183		alaska14	2022-09-18T17:03:25	CC_BY_NC_4_0	Lewnanny Richardson	Lewnanny Richardson			2025-01-14T12:32:44.539Z	StillImage	COORDINATE_ROUNDED;CONTINENT_DERIVED_FROM_COORDINATES;TAXON_MATCH_TAXON_ID_IGNORED
3912078683	50c9509d-22c7-4a22-a47d-8c48425ef4a7	https://www.inaturalist.org/observations/133805720	Fungi	Basidiomycota	Agaricomycetes	Agaricales	Psathyrellaceae	Coprinopsis	Coprinopsis atramentaria		SPECIES	Coprinopsis atramentaria (Bull.) Redhead, Vilgalys & Moncalvo	Coprinopsis atramentaria		CA		New Brunswick	PRESENT		28eb1a3f-1c15-4a95-931a-4af90ecb574d	45.403839	-65.9832	14.0						2022-09-05T16:08:48	5	9	2022	5242740	5242740	HUMAN_OBSERVATION	iNaturalist	Observations	133805720		krb202	2022-09-05T19:09:05	CC_BY_NC_4_0	krb202	krb202			2025-01-14T13:31:03.406Z	StillImage	COORDINATE_ROUNDED;CONTINENT_DERIVED_FROM_COORDINATES;TAXON_MATCH_TAXON_ID_IGNORED
3911634427	55585622-7aeb-4921-a07c-5ddc97de9c5b	MGYA00578647_Eukaryota:Fungi:Basidiomycota:Agaricomycetes:Agaricales:Psathyrellaceae:Coprinopsis:Coprinopsis_atramentaria	Fungi	Basidiomycota	Agaricomycetes	Agaricales	Psathyrellaceae	Coprinopsis	Coprinopsis atramentaria		SPECIES	Coprinopsis atramentaria (Bull.) Redhead, Vilgalys & Moncalvo	Coprinopsis atramentaria		CA	Varennes		PRESENT		ab733144-7043-4e88-bd4f-fca7bf858880	45.72	-73.37					0.15	0.0					5242740	5242740	MATERIAL_SAMPLE							CC_BY_4_0					2025-01-15T11:18:52.206Z		GEODETIC_DATUM_ASSUMED_WGS84;CONTINENT_DERIVED_FROM_COORDINATES
3910999944	55585622-7aeb-4921-a07c-5ddc97de9c5b	MGYA00524962_Eukaryota:Fungi:Basidiomycota:Agaricomycetes:Agaricales:Psathyrellaceae:Coprinopsis:Coprinopsis_atramentaria	Fungi	Basidiomycota	Agaricomycetes	Agaricales	Psathyrellaceae	Coprinopsis	Coprinopsis atramentaria		SPECIES	Coprinopsis atramentaria (Bull.) Redhead, Vilgalys & Moncalvo	Coprinopsis atramentaria		CA	Varennes		PRESENT		ab733144-7043-4e88-bd4f-fca7bf858880	45.72	-73.37					0.15	0.0					5242740	5242740	MATERIAL_SAMPLE							CC_BY_4_0					2025-01-15T11:18:32.656Z		GEODETIC_DATUM_ASSUMED_WGS84;CONTINENT_DERIVED_FROM_COORDINATES
3455936477	50c9509d-22c7-4a22-a47d-8c48425ef4a7	https://www.inaturalist.org/observations/95857594	Fungi	Basidiomycota	Agaricomycetes	Agaricales	Psathyrellaceae	Coprinopsis	Coprinopsis atramentaria		SPECIES	Coprinopsis atramentaria (Bull.) Redhead, Vilgalys & Moncalvo	Coprinopsis atramentaria		CA		Québec	PRESENT		28eb1a3f-1c15-4a95-931a-4af90ecb574d	46.044722	-71.973056							2021-09-23T10:52:12	23	9	2021	5242740	5242740	HUMAN_OBSERVATION	iNaturalist	Observations	95857594		Patrick Marchand	2021-09-23T16:01:31	CC_BY_NC_4_0	Patrick Marchand	Patrick Marchand			2025-01-14T12:25:25.962Z	StillImage	COORDINATE_ROUNDED;CONTINENT_DERIVED_FROM_COORDINATES;TAXON_MATCH_TAXON_ID_IGNORED
3399410538	50c9509d-22c7-4a22-a47d-8c48425ef4a7	https://www.inaturalist.org/observations/98792839	Fungi	Basidiomycota	Agaricomycetes	Agaricales	Psathyrellaceae	Coprinopsis	Coprinopsis atramentaria		SPECIES	Coprinopsis atramentaria (Bull.) Redhead, Vilgalys & Moncalvo	Coprinopsis atramentaria		CA		Québec	PRESENT		28eb1a3f-1c15-4a95-931a-4af90ecb574d	45.51258	-73.581597	357.0						2021-10-06T15:31:27	6	10	2021	5242740	5242740	HUMAN_OBSERVATION	iNaturalist	Observations	98792839		Johann Pacheco-Veissiere	2021-10-20T14:34:32	CC_BY_NC_4_0	Johann Pacheco-Veissiere	Johann Pacheco-Veissiere			2025-01-14T12:22:01.273Z	StillImage	COORDINATE_ROUNDED;CONTINENT_DERIVED_FROM_COORDINATES;TAXON_MATCH_TAXON_ID_IGNORED
3399296433	50c9509d-22c7-4a22-a47d-8c48425ef4a7	https://www.inaturalist.org/observations/98678138	Fungi	Basidiomycota	Agaricomycetes	Agaricales	Psathyrellaceae	Coprinopsis	Coprinopsis atramentaria		SPECIES	Coprinopsis atramentaria (Bull.) Redhead, Vilgalys & Moncalvo	Coprinopsis atramentaria		CA		Québec	PRESENT		28eb1a3f-1c15-4a95-931a-4af90ecb574d	45.512355	-73.583192	65.0						2021-10-05T16:19:55	5	10	2021	5242740	5242740	HUMAN_OBSERVATION	iNaturalist	Observations	98678138		aminah_brown	2021-10-19T05:29:44	CC_BY_NC_4_0	aminah_brown	aminah_brown			2025-01-14T12:23:22.450Z	StillImage	COORDINATE_ROUNDED;CONTINENT_DERIVED_FROM_COORDINATES;TAXON_MATCH_TAXON_ID_IGNORED
3399248548	50c9509d-22c7-4a22-a47d-8c48425ef4a7	https://www.inaturalist.org/observations/98787966	Fungi	Basidiomycota	Agaricomycetes	Agaricales	Psathyrellaceae	Coprinopsis	Coprinopsis atramentaria		SPECIES	Coprinopsis atramentaria (Bull.) Redhead, Vilgalys & Moncalvo	Coprinopsis atramentaria		CA		New Brunswick	PRESENT		28eb1a3f-1c15-4a95-931a-4af90ecb574d	45.994019	-66.638217	27095.0						2021-10-18T17:38	18	10	2021	5242740	5242740	HUMAN_OBSERVATION	iNaturalist	Observations	98787966		Eric Knopf	2021-10-20T13:27:43	CC_BY_NC_4_0	Eric Knopf	Eric Knopf			2025-01-14T13:14:27.703Z	StillImage	COORDINATE_ROUNDED;CONTINENT_DERIVED_FROM_COORDINATES;TAXON_MATCH_TAXON_ID_IGNORED
3399158004	50c9509d-22c7-4a22-a47d-8c48425ef4a7	https://www.inaturalist.org/observations/98152402	Fungi	Basidiomycota	Agaricomycetes	Agaricales	Psathyrellaceae	Coprinopsis	Coprinopsis atramentaria		SPECIES	Coprinopsis atramentaria (Bull.) Redhead, Vilgalys & Moncalvo	Coprinopsis atramentaria		CA		Québec	PRESENT		28eb1a3f-1c15-4a95-931a-4af90ecb574d	45.513205	-73.582122	48.0						2021-10-05T15:06:27	5	10	2021	5242740	5242740	HUMAN_OBSERVATION	iNaturalist	Observations	98152402		gabbymandel1	2021-10-13T23:54:32	CC_BY_NC_4_0	gabbymandel1	gabbymandel1			2025-01-14T12:23:18.704Z	StillImage	COORDINATE_ROUNDED;CONTINENT_DERIVED_FROM_COORDINATES;TAXON_MATCH_TAXON_ID_IGNORED
3399128897	50c9509d-22c7-4a22-a47d-8c48425ef4a7	https://www.inaturalist.org/observations/97376112	Fungi	Basidiomycota	Agaricomycetes	Agaricales	Psathyrellaceae	Coprinopsis	Coprinopsis atramentaria		SPECIES	Coprinopsis atramentaria (Bull.) Redhead, Vilgalys & Moncalvo	Coprinopsis atramentaria		CA		Québec	PRESENT		28eb1a3f-1c15-4a95-931a-4af90ecb574d	45.511719	-73.58147	529.0						2021-10-06T15:30:59	6	10	2021	5242740	5242740	HUMAN_OBSERVATION	iNaturalist	Observations	97376112		ellaenns	2021-10-14T12:52:43	CC_BY_NC_4_0	anaisrubsamen	anaisrubsamen			2025-01-14T13:16:18.574Z	StillImage	COORDINATE_ROUNDED;CONTINENT_DERIVED_FROM_COORDINATES;TAXON_MATCH_TAXON_ID_IGNORED
3391654234	50c9509d-22c7-4a22-a47d-8c48425ef4a7	https://www.inaturalist.org/observations/98118929	Fungi	Basidiomycota	Agaricomycetes	Agaricales	Psathyrellaceae	Coprinopsis	Coprinopsis atramentaria		SPECIES	Coprinopsis atramentaria (Bull.) Redhead, Vilgalys & Moncalvo	Coprinopsis atramentaria		CA		Québec	PRESENT		28eb1a3f-1c15-4a95-931a-4af90ecb574d	45.457943	-73.569763	65.0						2021-10-13T13:25:59	13	10	2021	5242740	5242740	HUMAN_OBSERVATION	iNaturalist	Observations	98118929		ratberryjam	2021-10-13T17:26:08	CC_BY_NC_4_0	ratberryjam	ratberryjam			2025-01-14T13:15:44.957Z	StillImage	COORDINATE_ROUNDED;CONTINENT_DERIVED_FROM_COORDINATES;TAXON_MATCH_TAXON_ID_IGNORED
3391547568	50c9509d-22c7-4a22-a47d-8c48425ef4a7	https://www.inaturalist.org/observations/97281655	Fungi	Basidiomycota	Agaricomycetes	Agaricales	Psathyrellaceae	Coprinopsis	Coprinopsis atramentaria		SPECIES	Coprinopsis atramentaria (Bull.) Redhead, Vilgalys & Moncalvo	Coprinopsis atramentaria		CA		Québec	PRESENT		28eb1a3f-1c15-4a95-931a-4af90ecb574d	45.512312	-73.583213	5.0						2021-10-05T15:34:58	5	10	2021	5242740	5242740	HUMAN_OBSERVATION	iNaturalist	Observations	97281655		rayanaghavi	2021-10-05T20:42:23	CC_BY_NC_4_0	rayanaghavi	rayanaghavi			2025-01-14T13:14:37.230Z	StillImage	COORDINATE_ROUNDED;CONTINENT_DERIVED_FROM_COORDINATES;TAXON_MATCH_TAXON_ID_IGNORED
3385224460	50c9509d-22c7-4a22-a47d-8c48425ef4a7	https://www.inaturalist.org/observations/97273287	Fungi	Basidiomycota	Agaricomycetes	Agaricales	Psathyrellaceae	Coprinopsis	Coprinopsis atramentaria		SPECIES	Coprinopsis atramentaria (Bull.) Redhead, Vilgalys & Moncalvo	Coprinopsis atramentaria		CA		Ontario	PRESENT		28eb1a3f-1c15-4a95-931a-4af90ecb574d	45.37322	-75.78395	13.0						2021-10-05T10:17:54	5	10	2021	5242740	5242740	HUMAN_OBSERVATION	iNaturalist	Observations	97273287		Nina	2021-10-05T19:24:40	CC_BY_NC_4_0	Nina	Nina			2025-01-14T12:21:40.719Z	StillImage	CONTINENT_DERIVED_FROM_COORDINATES;TAXON_MATCH_TAXON_ID_IGNORED
3385118244	50c9509d-22c7-4a22-a47d-8c48425ef4a7	https://www.inaturalist.org/observations/96072864	Fungi	Basidiomycota	Agaricomycetes	Agaricales	Psathyrellaceae	Coprinopsis	Coprinopsis atramentaria		SPECIES	Coprinopsis atramentaria (Bull.) Redhead, Vilgalys & Moncalvo	Coprinopsis atramentaria		CA		Québec	PRESENT		28eb1a3f-1c15-4a95-931a-4af90ecb574d	45.510682	-73.582344	5.0						2021-09-25T08:30:34	25	9	2021	5242740	5242740	HUMAN_OBSERVATION	iNaturalist	Observations	96072864		Zoe Mozola	2021-09-25T12:32:41	CC_BY_NC_4_0	Zoe Mozola	Zoe Mozola			2025-01-14T14:02:31.145Z	StillImage	COORDINATE_ROUNDED;CONTINENT_DERIVED_FROM_COORDINATES;TAXON_MATCH_TAXON_ID_IGNORED
3385074694	50c9509d-22c7-4a22-a47d-8c48425ef4a7	https://www.inaturalist.org/observations/96587080	Fungi	Basidiomycota	Agaricomycetes	Agaricales	Psathyrellaceae	Coprinopsis	Coprinopsis atramentaria		SPECIES	Coprinopsis atramentaria (Bull.) Redhead, Vilgalys & Moncalvo	Coprinopsis atramentaria		CA		Ontario	PRESENT		28eb1a3f-1c15-4a95-931a-4af90ecb574d	45.052011	-79.342147	9.0						2021-09-29T11:36:17	29	9	2021	5242740	5242740	HUMAN_OBSERVATION	iNaturalist	Observations	96587080		drgoodyear	2021-09-29T15:38:01	CC_BY_NC_4_0	drgoodyear	drgoodyear			2025-01-14T13:11:43.761Z	StillImage	COORDINATE_ROUNDED;CONTINENT_DERIVED_FROM_COORDINATES;TAXON_MATCH_TAXON_ID_IGNORED
3384878847	50c9509d-22c7-4a22-a47d-8c48425ef4a7	https://www.inaturalist.org/observations/96587330	Fungi	Basidiomycota	Agaricomycetes	Agaricales	Psathyrellaceae	Coprinopsis	Coprinopsis atramentaria		SPECIES	Coprinopsis atramentaria (Bull.) Redhead, Vilgalys & Moncalvo	Coprinopsis atramentaria		CA		Ontario	PRESENT		28eb1a3f-1c15-4a95-931a-4af90ecb574d	45.052067	-79.342005	11.0						2021-09-29T11:38:28	29	9	2021	5242740	5242740	HUMAN_OBSERVATION	iNaturalist	Observations	96587330		drgoodyear	2021-09-29T15:39:54	CC_BY_NC_4_0	drgoodyear	drgoodyear			2025-01-14T12:22:53.881Z	StillImage	COORDINATE_ROUNDED;CONTINENT_DERIVED_FROM_COORDINATES;TAXON_MATCH_TAXON_ID_IGNORED
3384724928	50c9509d-22c7-4a22-a47d-8c48425ef4a7	https://www.inaturalist.org/observations/94843262	Fungi	Basidiomycota	Agaricomycetes	Agaricales	Psathyrellaceae	Coprinopsis	Coprinopsis atramentaria		SPECIES	Coprinopsis atramentaria (Bull.) Redhead, Vilgalys & Moncalvo	Coprinopsis atramentaria		CA		New Brunswick	PRESENT		28eb1a3f-1c15-4a95-931a-4af90ecb574d	45.965164	-66.93338	65.0						2021-09-14T14:21:57	14	9	2021	5242740	5242740	HUMAN_OBSERVATION	iNaturalist	Observations	94843262		smashley2000	2021-09-14T17:31:50	CC_BY_NC_4_0	smashley2000	smashley2000			2025-01-14T12:21:15.856Z	StillImage	COORDINATE_ROUNDED;CONTINENT_DERIVED_FROM_COORDINATES;TAXON_MATCH_TAXON_ID_IGNORED
3384540392	50c9509d-22c7-4a22-a47d-8c48425ef4a7	https://www.inaturalist.org/observations/97285350	Fungi	Basidiomycota	Agaricomycetes	Agaricales	Psathyrellaceae	Coprinopsis	Coprinopsis atramentaria		SPECIES	Coprinopsis atramentaria (Bull.) Redhead, Vilgalys & Moncalvo	Coprinopsis atramentaria		CA		Ontario	PRESENT		28eb1a3f-1c15-4a95-931a-4af90ecb574d	45.199105	-75.980492	6.0						2021-10-05T16:17:48	5	10	2021	5242740	5242740	HUMAN_OBSERVATION	iNaturalist	Observations	97285350		Keith Seifert	2021-10-05T21:20:29	CC0_1_0	Keith Seifert	Keith Seifert			2025-01-14T13:10:50.191Z	StillImage	COORDINATE_ROUNDED;CONTINENT_DERIVED_FROM_COORDINATES;TAXON_MATCH_TAXON_ID_IGNORED
3384529503	50c9509d-22c7-4a22-a47d-8c48425ef4a7	https://www.inaturalist.org/observations/97377743	Fungi	Basidiomycota	Agaricomycetes	Agaricales	Psathyrellaceae	Coprinopsis	Coprinopsis atramentaria		SPECIES	Coprinopsis atramentaria (Bull.) Redhead, Vilgalys & Moncalvo	Coprinopsis atramentaria		CA		Québec	PRESENT		28eb1a3f-1c15-4a95-931a-4af90ecb574d	45.511733	-73.580937	8.0						2021-10-06T15:38:56	6	10	2021	5242740	5242740	HUMAN_OBSERVATION	iNaturalist	Observations	97377743		ellaenns	2021-10-06T20:33:09	CC_BY_NC_4_0	ellaenns	ellaenns			2025-01-14T13:11:40.866Z	StillImage	COORDINATE_ROUNDED;CONTINENT_DERIVED_FROM_COORDINATES;TAXON_MATCH_TAXON_ID_IGNORED
3384440721	50c9509d-22c7-4a22-a47d-8c48425ef4a7	https://www.inaturalist.org/observations/95694871	Fungi	Basidiomycota	Agaricomycetes	Agaricales	Psathyrellaceae	Coprinopsis	Coprinopsis atramentaria		SPECIES	Coprinopsis atramentaria (Bull.) Redhead, Vilgalys & Moncalvo	Coprinopsis atramentaria		CA		Ontario	PRESENT		28eb1a3f-1c15-4a95-931a-4af90ecb574d	45.204538	-76.22431	370.0						2021-09-21T11:15	21	9	2021	5242740	5242740	HUMAN_OBSERVATION	iNaturalist	Observations	95694871		Ken Allison	2021-09-21T20:48:40	CC_BY_NC_4_0	Ken Allison	Ken Allison			2025-01-14T12:21:11.957Z	StillImage	COORDINATE_ROUNDED;CONTINENT_DERIVED_FROM_COORDINATES;TAXON_MATCH_TAXON_ID_IGNORED
3384018271	50c9509d-22c7-4a22-a47d-8c48425ef4a7	https://www.inaturalist.org/observations/96126250	Fungi	Basidiomycota	Agaricomycetes	Agaricales	Psathyrellaceae	Coprinopsis	Coprinopsis atramentaria		SPECIES	Coprinopsis atramentaria (Bull.) Redhead, Vilgalys & Moncalvo	Coprinopsis atramentaria		CA		Québec	PRESENT		28eb1a3f-1c15-4a95-931a-4af90ecb574d	45.241222	-73.295884	33.0						2021-09-25T15:24:11	25	9	2021	5242740	5242740	HUMAN_OBSERVATION	iNaturalist	Observations	96126250		Benoit Des Roches	2021-09-25T19:28:12	CC_BY_NC_4_0	Benoit Des Roches	Benoit Des Roches			2025-01-14T12:23:43.463Z	StillImage	COORDINATE_ROUNDED;CONTINENT_DERIVED_FROM_COORDINATES;TAXON_MATCH_TAXON_ID_IGNORED
3384005568	50c9509d-22c7-4a22-a47d-8c48425ef4a7	https://www.inaturalist.org/observations/94509625	Fungi	Basidiomycota	Agaricomycetes	Agaricales	Psathyrellaceae	Coprinopsis	Coprinopsis atramentaria		SPECIES	Coprinopsis atramentaria (Bull.) Redhead, Vilgalys & Moncalvo	Coprinopsis atramentaria		CA		Québec	PRESENT		28eb1a3f-1c15-4a95-931a-4af90ecb574d	45.288333	-70.889555	4.0						2021-09-11T12:59:21	11	9	2021	5242740	5242740	HUMAN_OBSERVATION	iNaturalist	Observations	94509625		cinna_latifolia	2021-09-12T04:24:30	CC_BY_NC_4_0	mcmeunier	mcmeunier			2025-01-14T13:14:36.747Z	StillImage	COORDINATE_ROUNDED;CONTINENT_DERIVED_FROM_COORDINATES;TAXON_MATCH_TAXON_ID_IGNORED
3355058959	50c9509d-22c7-4a22-a47d-8c48425ef4a7	https://www.inaturalist.org/observations/92740034	Fungi	Basidiomycota	Agaricomycetes	Agaricales	Psathyrellaceae	Coprinopsis	Coprinopsis atramentaria		SPECIES	Coprinopsis atramentaria (Bull.) Redhead, Vilgalys & Moncalvo	Coprinopsis atramentaria		CA		Québec	PRESENT		28eb1a3f-1c15-4a95-931a-4af90ecb574d	45.268812	-70.872408	1098.0						2021-08-08T15:17:19	8	8	2021	5242740	5242740	HUMAN_OBSERVATION	iNaturalist	Observations	92740034		caroruel	2021-08-28T03:20:42	CC_BY_NC_4_0	caroruel	caroruel			2025-01-14T13:13:30.572Z	StillImage	COORDINATE_ROUNDED;CONTINENT_DERIVED_FROM_COORDINATES;TAXON_MATCH_TAXON_ID_IGNORED
3335386501	50c9509d-22c7-4a22-a47d-8c48425ef4a7	https://www.inaturalist.org/observations/86268759	Fungi	Basidiomycota	Agaricomycetes	Agaricales	Psathyrellaceae	Coprinopsis	Coprinopsis atramentaria		SPECIES	Coprinopsis atramentaria (Bull.) Redhead, Vilgalys & Moncalvo	Coprinopsis atramentaria		CA		New Brunswick	PRESENT		28eb1a3f-1c15-4a95-931a-4af90ecb574d	45.255056	-66.088971							2021-07-08T19:01:33	8	7	2021	5242740	5242740	HUMAN_OBSERVATION	iNaturalist	Observations	86268759		Raymonde G Chartier	2021-08-03T10:30:32	CC_BY_NC_4_0	Jesse Wilson	Jesse Wilson			2025-01-14T12:20:37.160Z	StillImage	CONTINENT_DERIVED_FROM_COORDINATES;TAXON_MATCH_TAXON_ID_IGNORED
3330787381	50c9509d-22c7-4a22-a47d-8c48425ef4a7	https://www.inaturalist.org/observations/62946276	Fungi	Basidiomycota	Agaricomycetes	Agaricales	Psathyrellaceae	Coprinopsis	Coprinopsis atramentaria		SPECIES	Coprinopsis atramentaria (Bull.) Redhead, Vilgalys & Moncalvo	Coprinopsis atramentaria		CA		Québec	PRESENT		28eb1a3f-1c15-4a95-931a-4af90ecb574d	45.446335	-74.289974	2797.0						2020-10-18T13:58:36	18	10	2020	5242740	5242740	HUMAN_OBSERVATION	iNaturalist	Observations	62946276		katenormand	2020-10-18T21:42:23	CC_BY_NC_4_0	katenormand	katenormand			2025-01-14T13:05:27.674Z	StillImage	COORDINATE_ROUNDED;CONTINENT_DERIVED_FROM_COORDINATES;TAXON_MATCH_TAXON_ID_IGNORED
3327708390	50c9509d-22c7-4a22-a47d-8c48425ef4a7	https://www.inaturalist.org/observations/71154441	Fungi	Basidiomycota	Agaricomycetes	Agaricales	Psathyrellaceae	Coprinopsis	Coprinopsis atramentaria		SPECIES	Coprinopsis atramentaria (Bull.) Redhead, Vilgalys & Moncalvo	Coprinopsis atramentaria		CA		Québec	PRESENT		28eb1a3f-1c15-4a95-931a-4af90ecb574d	46.957733	-71.400901	15.0						2016-10-04	4	10	2016	5242740	5242740	HUMAN_OBSERVATION	iNaturalist	Observations	71154441		Christian Grenier	2021-03-13T20:09:57	CC_BY_NC_4_0	Christian Grenier	Christian Grenier			2025-01-14T13:11:24.050Z	StillImage	COORDINATE_ROUNDED;CONTINENT_DERIVED_FROM_COORDINATES;TAXON_MATCH_TAXON_ID_IGNORED
3321049050	50c9509d-22c7-4a22-a47d-8c48425ef4a7	https://www.inaturalist.org/observations/84747332	Fungi	Basidiomycota	Agaricomycetes	Agaricales	Psathyrellaceae	Coprinopsis	Coprinopsis atramentaria		SPECIES	Coprinopsis atramentaria (Bull.) Redhead, Vilgalys & Moncalvo	Coprinopsis atramentaria		CA		Ontario	PRESENT		28eb1a3f-1c15-4a95-931a-4af90ecb574d	45.29865	-75.854867	28.0						2021-06-27T14:49:38	27	6	2021	5242740	5242740	HUMAN_OBSERVATION	iNaturalist	Observations	84747332		lizlong123	2021-06-27T19:21:25	CC_BY_NC_4_0	lizlong123	lizlong123			2025-01-14T12:19:19.918Z	StillImage	COORDINATE_ROUNDED;CONTINENT_DERIVED_FROM_COORDINATES;TAXON_MATCH_TAXON_ID_IGNORED
3061716356	50c9509d-22c7-4a22-a47d-8c48425ef4a7	https://www.inaturalist.org/observations/30777077	Fungi	Basidiomycota	Agaricomycetes	Agaricales	Psathyrellaceae	Coprinopsis	Coprinopsis atramentaria		SPECIES	Coprinopsis atramentaria (Bull.) Redhead, Vilgalys & Moncalvo	Coprinopsis atramentaria		CA		New Brunswick	PRESENT		28eb1a3f-1c15-4a95-931a-4af90ecb574d	45.904269	-66.669785	8.0						2018-10-12T17:01	12	10	2018	5242740	5242740	HUMAN_OBSERVATION	iNaturalist	Observations	30777077		Erika Betts	2019-08-13T22:08:00	CC_BY_NC_4_0	Erika Betts	Erika Betts			2025-01-14T12:09:33.516Z	StillImage	COORDINATE_ROUNDED;CONTINENT_DERIVED_FROM_COORDINATES;TAXON_MATCH_TAXON_ID_IGNORED
3058857609	50c9509d-22c7-4a22-a47d-8c48425ef4a7	https://www.inaturalist.org/observations/59441306	Fungi	Basidiomycota	Agaricomycetes	Agaricales	Psathyrellaceae	Coprinopsis	Coprinopsis atramentaria		SPECIES	Coprinopsis atramentaria (Bull.) Redhead, Vilgalys & Moncalvo	Coprinopsis atramentaria		CA		Québec	PRESENT		28eb1a3f-1c15-4a95-931a-4af90ecb574d	47.414222	-70.380303	4.0						2020-09-13T09:30:26	13	9	2020	5242740	5242740	HUMAN_OBSERVATION	iNaturalist	Observations	59441306		birdvibes	2020-09-13T13:43:20	CC_BY_NC_4_0	birdvibes	birdvibes			2025-01-14T12:14:53.725Z	StillImage	COORDINATE_ROUNDED;CONTINENT_DERIVED_FROM_COORDINATES;TAXON_MATCH_TAXON_ID_IGNORED
3031880876	50c9509d-22c7-4a22-a47d-8c48425ef4a7	https://www.inaturalist.org/observations/58557892	Fungi	Basidiomycota	Agaricomycetes	Agaricales	Psathyrellaceae	Coprinopsis	Coprinopsis atramentaria		SPECIES	Coprinopsis atramentaria (Bull.) Redhead, Vilgalys & Moncalvo	Coprinopsis atramentaria		CA		Ontario	PRESENT		28eb1a3f-1c15-4a95-931a-4af90ecb574d	45.288662	-76.787889	9.0						2020-09-04T17:18:21	4	9	2020	5242740	5242740	HUMAN_OBSERVATION	iNaturalist	Observations	58557892		Jim Keegan	2020-09-05T14:09:09	CC_BY_NC_4_0	ggloor	ggloor			2025-01-14T13:03:35.498Z	StillImage	COORDINATE_ROUNDED;CONTINENT_DERIVED_FROM_COORDINATES;TAXON_MATCH_TAXON_ID_IGNORED
3018126514	50c9509d-22c7-4a22-a47d-8c48425ef4a7	https://www.inaturalist.org/observations/59158929	Fungi	Basidiomycota	Agaricomycetes	Agaricales	Psathyrellaceae	Coprinopsis	Coprinopsis atramentaria		SPECIES	Coprinopsis atramentaria (Bull.) Redhead, Vilgalys & Moncalvo	Coprinopsis atramentaria		CA		Québec	PRESENT		28eb1a3f-1c15-4a95-931a-4af90ecb574d	45.915247	-74.193457	5.0						2020-09-10T16:13:03	10	9	2020	5242740	5242740	HUMAN_OBSERVATION	iNaturalist	Observations	59158929		rfraser1	2020-09-10T20:13:31	CC_BY_NC_4_0	rfraser1	rfraser1			2025-01-14T13:14:08.013Z	StillImage	COORDINATE_ROUNDED;CONTINENT_DERIVED_FROM_COORDINATES;TAXON_MATCH_TAXON_ID_IGNORED
3017970496	50c9509d-22c7-4a22-a47d-8c48425ef4a7	https://www.inaturalist.org/observations/56994990	Fungi	Basidiomycota	Agaricomycetes	Agaricales	Psathyrellaceae	Coprinopsis	Coprinopsis atramentaria		SPECIES	Coprinopsis atramentaria (Bull.) Redhead, Vilgalys & Moncalvo	Coprinopsis atramentaria		CA		Ontario	PRESENT		28eb1a3f-1c15-4a95-931a-4af90ecb574d	45.569503	-78.485062							2020-08-19T15:54:46	19	8	2020	5242740	5242740	HUMAN_OBSERVATION	iNaturalist	Observations	56994990		Erwin Kooi	2020-08-20T02:52:23	CC_BY_NC_4_0	Erwin Kooi	Erwin Kooi			2025-01-14T13:03:10.140Z	StillImage	COORDINATE_ROUNDED;CONTINENT_DERIVED_FROM_COORDINATES;TAXON_MATCH_TAXON_ID_IGNORED
3005255364	50c9509d-22c7-4a22-a47d-8c48425ef4a7	https://www.inaturalist.org/observations/32857478	Fungi	Basidiomycota	Agaricomycetes	Agaricales	Psathyrellaceae	Coprinopsis	Coprinopsis atramentaria		SPECIES	Coprinopsis atramentaria (Bull.) Redhead, Vilgalys & Moncalvo	Coprinopsis atramentaria		CA		Ontario	PRESENT		28eb1a3f-1c15-4a95-931a-4af90ecb574d	45.57188	-78.475853	5202.0						2019-09-16T13:55:06	16	9	2019	5242740	5242740	HUMAN_OBSERVATION	iNaturalist	Observations	32857478		cinna_latifolia	2020-12-13T02:46:31	CC_BY_NC_4_0	Sarah Lamond	Sarah Lamond			2025-01-14T13:06:17.475Z	StillImage	COORDINATE_ROUNDED;CONTINENT_DERIVED_FROM_COORDINATES;TAXON_MATCH_TAXON_ID_IGNORED
3005074492	50c9509d-22c7-4a22-a47d-8c48425ef4a7	https://www.inaturalist.org/observations/59174106	Fungi	Basidiomycota	Agaricomycetes	Agaricales	Psathyrellaceae	Coprinopsis	Coprinopsis atramentaria		SPECIES	Coprinopsis atramentaria (Bull.) Redhead, Vilgalys & Moncalvo	Coprinopsis atramentaria		CA		Ontario	PRESENT		28eb1a3f-1c15-4a95-931a-4af90ecb574d	45.048424	-75.869026							2020-09-10T18:02:05	10	9	2020	5242740	5242740	HUMAN_OBSERVATION	iNaturalist	Observations	59174106		Alexis Williams	2020-09-10T23:13:50	CC_BY_4_0	Alexis Williams	Alexis Williams			2025-01-14T13:10:09.926Z	StillImage	COORDINATE_ROUNDED;CONTINENT_DERIVED_FROM_COORDINATES;TAXON_MATCH_TAXON_ID_IGNORED
2963958874	50c9509d-22c7-4a22-a47d-8c48425ef4a7	https://www.inaturalist.org/observations/63535320	Fungi	Basidiomycota	Agaricomycetes	Agaricales	Psathyrellaceae	Coprinopsis	Coprinopsis atramentaria		SPECIES	Coprinopsis atramentaria (Bull.) Redhead, Vilgalys & Moncalvo	Coprinopsis atramentaria		CA		Ontario	PRESENT		28eb1a3f-1c15-4a95-931a-4af90ecb574d	45.082	-75.705488	165.0						2020-09-28T09:57:59	28	9	2020	5242740	5242740	HUMAN_OBSERVATION	iNaturalist	Observations	63535320		gingerbananas	2020-10-26T00:27:47	CC_BY_NC_4_0	gingerbananas	gingerbananas			2025-01-14T13:05:17.435Z	StillImage	COORDINATE_ROUNDED;CONTINENT_DERIVED_FROM_COORDINATES;TAXON_MATCH_TAXON_ID_IGNORED
2883085677	50c9509d-22c7-4a22-a47d-8c48425ef4a7	https://www.inaturalist.org/observations/61903465	Fungi	Basidiomycota	Agaricomycetes	Agaricales	Psathyrellaceae	Coprinopsis	Coprinopsis atramentaria		SPECIES	Coprinopsis atramentaria (Bull.) Redhead, Vilgalys & Moncalvo	Coprinopsis atramentaria		CA		Québec	PRESENT		28eb1a3f-1c15-4a95-931a-4af90ecb574d	45.471972	-74.066375	12.0						2020-10-06T14:57:19	6	10	2020	5242740	5242740	HUMAN_OBSERVATION	iNaturalist	Observations	61903465		andreaga	2020-10-06T22:30:37	CC_BY_NC_4_0	andreaga	andreaga			2025-01-14T12:15:18.643Z	StillImage	COORDINATE_ROUNDED;CONTINENT_DERIVED_FROM_COORDINATES;TAXON_MATCH_TAXON_ID_IGNORED
2882978587	50c9509d-22c7-4a22-a47d-8c48425ef4a7	https://www.inaturalist.org/observations/61597477	Fungi	Basidiomycota	Agaricomycetes	Agaricales	Psathyrellaceae	Coprinopsis	Coprinopsis atramentaria		SPECIES	Coprinopsis atramentaria (Bull.) Redhead, Vilgalys & Moncalvo	Coprinopsis atramentaria		CA		Québec	PRESENT		28eb1a3f-1c15-4a95-931a-4af90ecb574d	45.587853	-73.356658	5.0						2020-10-03T14:14:28	3	10	2020	5242740	5242740	HUMAN_OBSERVATION	iNaturalist	Observations	61597477		Bethany Mckenzie	2020-10-03T19:52:37	CC_BY_NC_4_0	Maya Marcotte	Maya Marcotte			2025-01-14T13:13:04.381Z	StillImage	COORDINATE_ROUNDED;CONTINENT_DERIVED_FROM_COORDINATES;TAXON_MATCH_TAXON_ID_IGNORED
2882977538	50c9509d-22c7-4a22-a47d-8c48425ef4a7	https://www.inaturalist.org/observations/61597867	Fungi	Basidiomycota	Agaricomycetes	Agaricales	Psathyrellaceae	Coprinopsis	Coprinopsis atramentaria		SPECIES	Coprinopsis atramentaria (Bull.) Redhead, Vilgalys & Moncalvo	Coprinopsis atramentaria		CA		Nova Scotia	PRESENT		28eb1a3f-1c15-4a95-931a-4af90ecb574d	45.091828	-64.359835	2248.0						2020-10-01T17:11:51	1	10	2020	5242740	5242740	HUMAN_OBSERVATION	iNaturalist	Observations	61597867		Dr. Allison Walker	2020-10-03T19:44:01	CC_BY_NC_4_0	Dr. Allison Walker	Dr. Allison Walker			2025-01-14T12:15:55.520Z	StillImage	COORDINATE_ROUNDED;CONTINENT_DERIVED_FROM_COORDINATES;TAXON_MATCH_TAXON_ID_IGNORED
2868328469	50c9509d-22c7-4a22-a47d-8c48425ef4a7	https://www.inaturalist.org/observations/60441939	Fungi	Basidiomycota	Agaricomycetes	Agaricales	Psathyrellaceae	Coprinopsis	Coprinopsis atramentaria		SPECIES	Coprinopsis atramentaria (Bull.) Redhead, Vilgalys & Moncalvo	Coprinopsis atramentaria		CA		Québec	PRESENT		28eb1a3f-1c15-4a95-931a-4af90ecb574d	45.51317	-73.582328							2020-09-19T16:13:52	19	9	2020	5242740	5242740	HUMAN_OBSERVATION	iNaturalist	Observations	60441939		fannyelli_c	2020-09-22T18:26:36	CC_BY_NC_4_0	fannyelli_c	fannyelli_c			2025-01-14T13:13:04.780Z	StillImage	COORDINATE_ROUNDED;CONTINENT_DERIVED_FROM_COORDINATES;TAXON_MATCH_TAXON_ID_IGNORED
2864846531	50c9509d-22c7-4a22-a47d-8c48425ef4a7	https://www.inaturalist.org/observations/59795129	Fungi	Basidiomycota	Agaricomycetes	Agaricales	Psathyrellaceae	Coprinopsis	Coprinopsis atramentaria		SPECIES	Coprinopsis atramentaria (Bull.) Redhead, Vilgalys & Moncalvo	Coprinopsis atramentaria		CA		Québec	PRESENT		28eb1a3f-1c15-4a95-931a-4af90ecb574d	45.139267	-74.359695							2020-09-16T14:49:18Z	16	9	2020	5242740	5242740	HUMAN_OBSERVATION	iNaturalist	Observations	59795129		Justin	2020-09-16T17:40:28	CC_BY_NC_4_0	Justin	Justin			2025-01-14T13:09:56.482Z	StillImage	COORDINATE_ROUNDED;CONTINENT_DERIVED_FROM_COORDINATES;TAXON_MATCH_TAXON_ID_IGNORED
2864665652	50c9509d-22c7-4a22-a47d-8c48425ef4a7	https://www.inaturalist.org/observations/59279836	Fungi	Basidiomycota	Agaricomycetes	Agaricales	Psathyrellaceae	Coprinopsis	Coprinopsis atramentaria		SPECIES	Coprinopsis atramentaria (Bull.) Redhead, Vilgalys & Moncalvo	Coprinopsis atramentaria		CA		Ontario	PRESENT		28eb1a3f-1c15-4a95-931a-4af90ecb574d	45.389416	-75.549067	124.0						2020-09-11T17:05	11	9	2020	5242740	5242740	HUMAN_OBSERVATION	iNaturalist	Observations	59279836		jonathan_mack	2020-09-12T01:59:48	CC_BY_NC_4_0	jonathan_mack	jonathan_mack			2025-01-14T13:09:57.166Z	StillImage	COORDINATE_ROUNDED;CONTINENT_DERIVED_FROM_COORDINATES;TAXON_MATCH_TAXON_ID_IGNORED
2862324261	50c9509d-22c7-4a22-a47d-8c48425ef4a7	https://www.inaturalist.org/observations/59002544	Fungi	Basidiomycota	Agaricomycetes	Agaricales	Psathyrellaceae	Coprinopsis	Coprinopsis atramentaria		SPECIES	Coprinopsis atramentaria (Bull.) Redhead, Vilgalys & Moncalvo	Coprinopsis atramentaria		CA		Ontario	PRESENT		28eb1a3f-1c15-4a95-931a-4af90ecb574d	45.204538	-76.22431	370.0						2020-09-07T20:31	7	9	2020	5242740	5242740	HUMAN_OBSERVATION	iNaturalist	Observations	59002544		Ken Allison	2020-09-09T00:07:28	CC_BY_NC_4_0	Ken Allison	Ken Allison			2025-01-14T12:14:51.041Z	StillImage	COORDINATE_ROUNDED;CONTINENT_DERIVED_FROM_COORDINATES;TAXON_MATCH_TAXON_ID_IGNORED
2856779322	50c9509d-22c7-4a22-a47d-8c48425ef4a7	https://www.inaturalist.org/observations/57603730	Fungi	Basidiomycota	Agaricomycetes	Agaricales	Psathyrellaceae	Coprinopsis	Coprinopsis atramentaria		SPECIES	Coprinopsis atramentaria (Bull.) Redhead, Vilgalys & Moncalvo	Coprinopsis atramentaria		CA		Québec	PRESENT		28eb1a3f-1c15-4a95-931a-4af90ecb574d	46.380755	-74.877853							2020-08-25T17:26:14	25	8	2020	5242740	5242740	HUMAN_OBSERVATION	iNaturalist	Observations	57603730		geoffreyboulange	2020-08-26T01:45:25	CC_BY_NC_4_0	geoffreyboulange	geoffreyboulange			2025-01-14T12:14:31.284Z	StillImage	COORDINATE_ROUNDED;CONTINENT_DERIVED_FROM_COORDINATES;TAXON_MATCH_TAXON_ID_IGNORED
2579234699	50c9509d-22c7-4a22-a47d-8c48425ef4a7	https://www.inaturalist.org/observations/32194392	Fungi	Basidiomycota	Agaricomycetes	Agaricales	Psathyrellaceae	Coprinopsis	Coprinopsis atramentaria		SPECIES	Coprinopsis atramentaria (Bull.) Redhead, Vilgalys & Moncalvo	Coprinopsis atramentaria		CA		New Brunswick	PRESENT		28eb1a3f-1c15-4a95-931a-4af90ecb574d	46.026483	-67.548414	8.0						2019-09-04T15:57	4	9	2019	5242740	5242740	HUMAN_OBSERVATION	iNaturalist	Observations	32194392		Erika Betts	2019-09-06T01:07:51	CC_BY_NC_4_0	Erika Betts	Erika Betts			2025-01-14T13:03:43.325Z	StillImage	COORDINATE_ROUNDED;CONTINENT_DERIVED_FROM_COORDINATES;TAXON_MATCH_TAXON_ID_IGNORED
2579233689	50c9509d-22c7-4a22-a47d-8c48425ef4a7	https://www.inaturalist.org/observations/32798794	Fungi	Basidiomycota	Agaricomycetes	Agaricales	Psathyrellaceae	Coprinopsis	Coprinopsis atramentaria		SPECIES	Coprinopsis atramentaria (Bull.) Redhead, Vilgalys & Moncalvo	Coprinopsis atramentaria		CA		New Brunswick	PRESENT		28eb1a3f-1c15-4a95-931a-4af90ecb574d	46.470174	-64.713639	66.0						2019-09-15T10:28	15	9	2019	5242740	5242740	HUMAN_OBSERVATION	iNaturalist	Observations	32798794		Emily Donovan	2019-09-22T11:33:51	CC_BY_NC_4_0	Nick Belliveau	Nick Belliveau			2025-01-14T13:04:32.053Z	StillImage	COORDINATE_ROUNDED;CONTINENT_DERIVED_FROM_COORDINATES;TAXON_MATCH_TAXON_ID_IGNORED
2576301227	50c9509d-22c7-4a22-a47d-8c48425ef4a7	https://www.inaturalist.org/observations/34354598	Fungi	Basidiomycota	Agaricomycetes	Agaricales	Psathyrellaceae	Coprinopsis	Coprinopsis atramentaria		SPECIES	Coprinopsis atramentaria (Bull.) Redhead, Vilgalys & Moncalvo	Coprinopsis atramentaria		CA		New Brunswick	PRESENT		28eb1a3f-1c15-4a95-931a-4af90ecb574d	46.220197	-64.534687	3733.0						2011-10-21T11:44	21	10	2011	5242740	5242740	HUMAN_OBSERVATION	iNaturalist	Observations	34354598		Raymonde G Chartier	2019-10-14T12:47:25	CC_BY_NC_4_0	Raymonde G Chartier	Raymonde G Chartier			2025-01-14T13:04:02.591Z	StillImage	COORDINATE_ROUNDED;CONTINENT_DERIVED_FROM_COORDINATES;TAXON_MATCH_TAXON_ID_IGNORED
2573791145	50c9509d-22c7-4a22-a47d-8c48425ef4a7	https://www.inaturalist.org/observations/16613754	Fungi	Basidiomycota	Agaricomycetes	Agaricales	Psathyrellaceae	Coprinopsis	Coprinopsis atramentaria		SPECIES	Coprinopsis atramentaria (Bull.) Redhead, Vilgalys & Moncalvo	Coprinopsis atramentaria		CA		Ontario	PRESENT		28eb1a3f-1c15-4a95-931a-4af90ecb574d	45.579643	-78.406794	132.0						2018-09-15T18:56:55	15	9	2018	5242740	5242740	HUMAN_OBSERVATION	iNaturalist	Observations	16613754		Janette	2018-09-17T01:38:59	CC_BY_NC_4_0	Janette	Janette			2025-01-14T13:00:40.514Z	StillImage	COORDINATE_ROUNDED;CONTINENT_DERIVED_FROM_COORDINATES;TAXON_MATCH_TAXON_ID_IGNORED
2445118557	50c9509d-22c7-4a22-a47d-8c48425ef4a7	https://www.inaturalist.org/observations/34533132	Fungi	Basidiomycota	Agaricomycetes	Agaricales	Psathyrellaceae	Coprinopsis	Coprinopsis atramentaria		SPECIES	Coprinopsis atramentaria (Bull.) Redhead, Vilgalys & Moncalvo	Coprinopsis atramentaria		CA		New Brunswick	PRESENT		28eb1a3f-1c15-4a95-931a-4af90ecb574d	46.212049	-64.286996	2609.0						2014-08-24T13:53	24	8	2014	5242740	5242740	HUMAN_OBSERVATION	iNaturalist	Observations	34533132		Raymonde G Chartier	2019-10-18T12:36:29	CC_BY_NC_4_0	Raymonde G Chartier	Raymonde G Chartier			2025-01-14T12:09:37.921Z	StillImage	COORDINATE_ROUNDED;CONTINENT_DERIVED_FROM_COORDINATES;TAXON_MATCH_TAXON_ID_IGNORED
2429519216	50c9509d-22c7-4a22-a47d-8c48425ef4a7	https://www.inaturalist.org/observations/34113086	Fungi	Basidiomycota	Agaricomycetes	Agaricales	Psathyrellaceae	Coprinopsis	Coprinopsis atramentaria		SPECIES	Coprinopsis atramentaria (Bull.) Redhead, Vilgalys & Moncalvo	Coprinopsis atramentaria		CA		Ontario	PRESENT		28eb1a3f-1c15-4a95-931a-4af90ecb574d	45.243888	-75.638742	6.0						2019-10-08T11:47:28	8	10	2019	5242740	5242740	HUMAN_OBSERVATION	iNaturalist	Observations	34113086		Jamie Spence	2019-10-09T13:16:35	CC_BY_NC_4_0	Jamie Spence	Jamie Spence			2025-01-14T12:09:32.481Z	StillImage	COORDINATE_ROUNDED;CONTINENT_DERIVED_FROM_COORDINATES;TAXON_MATCH_TAXON_ID_IGNORED
2429359257	50c9509d-22c7-4a22-a47d-8c48425ef4a7	https://www.inaturalist.org/observations/33800768	Fungi	Basidiomycota	Agaricomycetes	Agaricales	Psathyrellaceae	Coprinopsis	Coprinopsis atramentaria		SPECIES	Coprinopsis atramentaria (Bull.) Redhead, Vilgalys & Moncalvo	Coprinopsis atramentaria		CA		Québec	PRESENT		28eb1a3f-1c15-4a95-931a-4af90ecb574d	48.42777	-71.216667	12.0						2019-10-03T10:29:39	3	10	2019	5242740	5242740	HUMAN_OBSERVATION	iNaturalist	Observations	33800768		eric_wilmot	2019-10-03T15:40:43	CC_BY_NC_4_0	eric_wilmot	eric_wilmot			2025-01-14T13:04:55.102Z	StillImage	COORDINATE_ROUNDED;CONTINENT_DERIVED_FROM_COORDINATES;TAXON_MATCH_TAXON_ID_IGNORED
2429262980	50c9509d-22c7-4a22-a47d-8c48425ef4a7	https://www.inaturalist.org/observations/33433490	Fungi	Basidiomycota	Agaricomycetes	Agaricales	Psathyrellaceae	Coprinopsis	Coprinopsis atramentaria		SPECIES	Coprinopsis atramentaria (Bull.) Redhead, Vilgalys & Moncalvo	Coprinopsis atramentaria		CA		Ontario	PRESENT		28eb1a3f-1c15-4a95-931a-4af90ecb574d	45.44769	-75.641878	73.0						2019-09-25T11:36	25	9	2019	5242740	5242740	HUMAN_OBSERVATION	iNaturalist	Observations	33433490		desmondbromwich	2019-09-26T16:31:07	CC_BY_NC_4_0	desmondbromwich	desmondbromwich			2025-01-14T12:59:38.090Z	StillImage	COORDINATE_ROUNDED;CONTINENT_DERIVED_FROM_COORDINATES;TAXON_MATCH_TAXON_ID_IGNORED
2423246897	50c9509d-22c7-4a22-a47d-8c48425ef4a7	https://www.inaturalist.org/observations/33431855	Fungi	Basidiomycota	Agaricomycetes	Agaricales	Psathyrellaceae	Coprinopsis	Coprinopsis atramentaria		SPECIES	Coprinopsis atramentaria (Bull.) Redhead, Vilgalys & Moncalvo	Coprinopsis atramentaria		CA		Ontario	PRESENT		28eb1a3f-1c15-4a95-931a-4af90ecb574d	45.42153	-75.697193	37425.0						2019-09-25T12:29	25	9	2019	5242740	5242740	HUMAN_OBSERVATION	iNaturalist	Observations	33431855		kara_c	2019-09-26T16:02:44	CC_BY_NC_4_0	kara_c	kara_c			2025-01-14T12:09:26.273Z	StillImage	COORDINATE_ROUNDED;CONTINENT_DERIVED_FROM_COORDINATES;TAXON_MATCH_TAXON_ID_IGNORED
2423239931	50c9509d-22c7-4a22-a47d-8c48425ef4a7	https://www.inaturalist.org/observations/33400825	Fungi	Basidiomycota	Agaricomycetes	Agaricales	Psathyrellaceae	Coprinopsis	Coprinopsis atramentaria		SPECIES	Coprinopsis atramentaria (Bull.) Redhead, Vilgalys & Moncalvo	Coprinopsis atramentaria		CA		Québec	PRESENT		28eb1a3f-1c15-4a95-931a-4af90ecb574d	45.771994	-73.365118	65.0						2019-09-25T16:50:24	25	9	2019	5242740	5242740	HUMAN_OBSERVATION	iNaturalist	Observations	33400825		aaaubertin04	2019-09-25T23:12:31	CC_BY_NC_4_0	aaaubertin04	aaaubertin04			2025-01-14T12:09:22.005Z	StillImage	COORDINATE_ROUNDED;CONTINENT_DERIVED_FROM_COORDINATES;TAXON_MATCH_TAXON_ID_IGNORED
2423199632	50c9509d-22c7-4a22-a47d-8c48425ef4a7	https://www.inaturalist.org/observations/33239157	Fungi	Basidiomycota	Agaricomycetes	Agaricales	Psathyrellaceae	Coprinopsis	Coprinopsis atramentaria		SPECIES	Coprinopsis atramentaria (Bull.) Redhead, Vilgalys & Moncalvo	Coprinopsis atramentaria		CA		Ontario	PRESENT		28eb1a3f-1c15-4a95-931a-4af90ecb574d	45.510266	-75.337406							2019-09-21T11:59	21	9	2019	5242740	5242740	HUMAN_OBSERVATION	iNaturalist	Observations	33239157		Serguei Ponomarenko	2019-09-23T03:02:26	CC_BY_NC_4_0	Serguei Ponomarenko	Serguei Ponomarenko			2025-01-14T12:10:06.239Z	StillImage	COORDINATE_ROUNDED;CONTINENT_DERIVED_FROM_COORDINATES;TAXON_MATCH_TAXON_ID_IGNORED
2397503494	50c9509d-22c7-4a22-a47d-8c48425ef4a7	https://www.inaturalist.org/observations/30991231	Fungi	Basidiomycota	Agaricomycetes	Agaricales	Psathyrellaceae	Coprinopsis	Coprinopsis atramentaria		SPECIES	Coprinopsis atramentaria (Bull.) Redhead, Vilgalys & Moncalvo	Coprinopsis atramentaria		CA		New Brunswick	PRESENT		28eb1a3f-1c15-4a95-931a-4af90ecb574d	46.027386	-66.620709	8.0						2004-09-18T00:14	18	9	2004	5242740	5242740	HUMAN_OBSERVATION	iNaturalist	Observations	30991231		Clay Merrithew	2019-08-17T15:06:05	CC_BY_NC_4_0	Clay Merrithew	Clay Merrithew			2025-01-14T13:06:04.759Z	StillImage	COORDINATE_ROUNDED;CONTINENT_DERIVED_FROM_COORDINATES;TAXON_MATCH_TAXON_ID_IGNORED
2283364632	50c9509d-22c7-4a22-a47d-8c48425ef4a7	https://www.inaturalist.org/observations/8850644	Fungi	Basidiomycota	Agaricomycetes	Agaricales	Psathyrellaceae	Coprinopsis	Coprinopsis atramentaria		SPECIES	Coprinopsis atramentaria (Bull.) Redhead, Vilgalys & Moncalvo	Coprinopsis atramentaria		CA		Ontario	PRESENT		28eb1a3f-1c15-4a95-931a-4af90ecb574d	45.476725	-78.396127							2005-09-08T13:19	8	9	2005	5242740	5242740	HUMAN_OBSERVATION	iNaturalist	Observations	8850644		Garrett Taylor	2017-11-21T03:03:09	CC_BY_NC_4_0	Jason J. Dombroskie	Jason J. Dombroskie			2025-01-14T12:04:25.264Z	StillImage	COORDINATE_ROUNDED;CONTINENT_DERIVED_FROM_COORDINATES;TAXON_MATCH_TAXON_ID_IGNORED
2013746017	50c9509d-22c7-4a22-a47d-8c48425ef4a7	https://www.inaturalist.org/observations/21197304	Fungi	Basidiomycota	Agaricomycetes	Agaricales	Psathyrellaceae	Coprinopsis	Coprinopsis atramentaria		SPECIES	Coprinopsis atramentaria (Bull.) Redhead, Vilgalys & Moncalvo	Coprinopsis atramentaria		CA		New Brunswick	PRESENT		28eb1a3f-1c15-4a95-931a-4af90ecb574d	45.90344	-66.668887	4.0						2018-10-12T17:01	12	10	2018	5242740	5242740	HUMAN_OBSERVATION	iNaturalist	Observations	21197304		Erika Betts	2019-03-13T04:57:33	CC_BY_NC_4_0	Erika Betts	Erika Betts			2025-01-14T13:01:38.730Z	StillImage	COORDINATE_ROUNDED;CONTINENT_DERIVED_FROM_COORDINATES;TAXON_MATCH_TAXON_ID_IGNORED
1987943948	ca1bcd7e-7387-42f9-81ba-1470db55e3e8	BDCEC3A6-B9F5-CE41-BC86-38AA87BCE126	Fungi	Basidiomycota	Agaricomycetes	Agaricales	Psathyrellaceae	Coprinopsis	Coprinopsis atramentaria		SPECIES	Coprinus atramentarius (Bull.) Fr.	Coprinus atramentarius	(Bull.) Fr.	CA	Sackville	New Brunswick	PRESENT		b542788f-0dc2-4a2b-b652-fceced449591	45.9	-64.366667							1977-09		9	1977	2534388	5242740	PRESERVED_SPECIMEN	BBM	UBC	F013326	sn			CC0_1_0	The University of British Columbia	T. Goward			2024-11-19T11:27:39.781Z		GEODETIC_DATUM_ASSUMED_WGS84;CONTINENT_DERIVED_FROM_COORDINATES;INSTITUTION_MATCH_FUZZY
1914317245	50c9509d-22c7-4a22-a47d-8c48425ef4a7	https://www.inaturalist.org/observations/16703555	Fungi	Basidiomycota	Agaricomycetes	Agaricales	Psathyrellaceae	Coprinopsis	Coprinopsis atramentaria		SPECIES	Coprinopsis atramentaria (Bull.) Redhead, Vilgalys & Moncalvo	Coprinopsis atramentaria		CA		New Brunswick	PRESENT		28eb1a3f-1c15-4a95-931a-4af90ecb574d	45.945814	-66.615365	2.0						2018-09-19T16:00	19	9	2018	5242740	5242740	HUMAN_OBSERVATION	iNaturalist	Observations	16703555		Lewnanny Richardson	2018-09-20T00:58:13	CC_BY_NC_4_0	Lewnanny Richardson	Lewnanny Richardson			2025-01-14T12:05:51.792Z	StillImage	COORDINATE_ROUNDED;CONTINENT_DERIVED_FROM_COORDINATES;TAXON_MATCH_TAXON_ID_IGNORED
1847644922	50c9509d-22c7-4a22-a47d-8c48425ef4a7	https://www.inaturalist.org/observations/9571988	Fungi	Basidiomycota	Agaricomycetes	Agaricales	Psathyrellaceae	Coprinopsis	Coprinopsis atramentaria		SPECIES	Coprinopsis atramentaria (Bull.) Redhead, Vilgalys & Moncalvo	Coprinopsis atramentaria		CA		Ontario	PRESENT		28eb1a3f-1c15-4a95-931a-4af90ecb574d	45.35695	-79.0971	33539.0						2012-09-20	20	9	2012	5242740	5242740	HUMAN_OBSERVATION	iNaturalist	Observations	9571988		mycowalt	2018-01-23T07:42:04	CC_BY_NC_4_0	mycowalt	mycowalt			2025-01-14T12:57:42.177Z	StillImage	CONTINENT_DERIVED_FROM_COORDINATES;TAXON_MATCH_TAXON_ID_IGNORED
1831155563	50c9509d-22c7-4a22-a47d-8c48425ef4a7	https://www.inaturalist.org/observations/8850645	Fungi	Basidiomycota	Agaricomycetes	Agaricales	Psathyrellaceae	Coprinopsis	Coprinopsis atramentaria		SPECIES	Coprinopsis atramentaria (Bull.) Redhead, Vilgalys & Moncalvo	Coprinopsis atramentaria		CA		Ontario	PRESENT		28eb1a3f-1c15-4a95-931a-4af90ecb574d	45.775358	-77.546997	500.0						2000-07-05T10:50	5	7	2000	5242740	5242740	HUMAN_OBSERVATION	iNaturalist	Observations	8850645		Peter Vahlberg	2018-02-26T22:05:45	CC_BY_NC_4_0	Jason J. Dombroskie	Jason J. Dombroskie			2025-01-14T12:05:16.566Z	StillImage	COORDINATE_ROUNDED;CONTINENT_DERIVED_FROM_COORDINATES;TAXON_MATCH_TAXON_ID_IGNORED
1807256466	e8a25a42-f125-476c-8554-3ec21cd51a84	ACAD:113054	Fungi	Basidiomycota	Agaricomycetes	Agaricales	Psathyrellaceae	Coprinopsis	Coprinopsis atramentaria		SPECIES	Coprinopsis atramentaria (Bull.) Redhead, Vilgalys & Moncalvo	Coprinopsis atramentaria (Bull.) Redhead, Vilgalys & Moncalvo	(Bull.) Redhead, Vilgalys & Moncalvo	CA	Kentville	Nova Scotia	PRESENT		6491ad8c-8e49-4bd4-a089-0ddb3bbe0890	45.07662	-64.49592							1936-06-05	5	6	1936	5242740	5242740	PRESERVED_SPECIMEN	Acadia University	ACAD	550F	550			CC0_1_0	Acadia University	H, KA			2024-01-25T01:37:09.584Z	StillImage	GEODETIC_DATUM_INVALID;GEODETIC_DATUM_ASSUMED_WGS84;TAXON_MATCH_TAXON_ID_IGNORED;INSTITUTION_MATCH_FUZZY;COLLECTION_MATCH_FUZZY
1453230027	50c9509d-22c7-4a22-a47d-8c48425ef4a7	http://inaturalist.ca/observations/4604651	Fungi	Basidiomycota	Agaricomycetes	Agaricales	Psathyrellaceae	Coprinopsis	Coprinopsis atramentaria		SPECIES	Coprinopsis atramentaria (Bull.) Redhead, Vilgalys & Moncalvo	Coprinopsis atramentaria		CA		Ontario	PRESENT		28eb1a3f-1c15-4a95-931a-4af90ecb574d	45.446247	-75.651847							2016-11-18	18	11	2016	5242740	5242740	HUMAN_OBSERVATION	iNaturalist	Observations	4604651		Mike Leveille	2016-11-20T14:38:41	CC_BY_NC_4_0	Mike Leveille	Mike Leveille			2025-01-14T12:58:02.561Z	StillImage	CONTINENT_DERIVED_FROM_COORDINATES;TAXON_MATCH_TAXON_ID_IGNORED
1412709571	21705170-d2b6-42de-8904-c3bca4b83591	CMMF018017	Fungi	Basidiomycota	Agaricomycetes	Agaricales	Psathyrellaceae	Coprinopsis	Coprinopsis atramentaria		SPECIES	Coprinus atramentarius (Bull.) Fr.	Coprinus atramentarius (Bull.) Fr.	(Bull.) Fr.	CA	Chemin du lac Geai, Station de biologie des Laurentides, Saint-Hippolyte, Québec.	Québec	PRESENT		ff7bd5db-b724-4932-b496-10ea298851f9	45.992206	-73.998484	1000.0						1977-08-06	6	8	1977	2534388	5242740	PRESERVED_SPECIMEN	Université de Montréal Biodiversity Centre	CMMF	CMMF018017	30	unknown		CC0_1_0	Université de Montréal Biodiversity Centre	unknown			2024-01-24T16:38:18.011Z		INSTITUTION_MATCH_FUZZY;COLLECTION_MATCH_FUZZY;DIFFERENT_OWNER_INSTITUTION
1412708938	21705170-d2b6-42de-8904-c3bca4b83591	CMMF017377	Fungi	Basidiomycota	Agaricomycetes	Agaricales	Psathyrellaceae	Coprinopsis	Coprinopsis atramentaria		SPECIES	Coprinus atramentarius (Bull.) Fr.	Coprinus atramentarius (Bull.) Fr.	(Bull.) Fr.	CA	Saraguay, Québec.	Québec	PRESENT		ff7bd5db-b724-4932-b496-10ea298851f9	45.514983	-73.741417	1000.0						1981-08-25	25	8	1981	2534388	5242740	PRESERVED_SPECIMEN	Université de Montréal Biodiversity Centre	CMMF	CMMF017377	1981-269	Cyr, A.		CC0_1_0	Université de Montréal Biodiversity Centre	Cyr, A.			2024-01-24T16:38:15.712Z		INSTITUTION_MATCH_FUZZY;COLLECTION_MATCH_FUZZY;DIFFERENT_OWNER_INSTITUTION
1412705806	21705170-d2b6-42de-8904-c3bca4b83591	CMMF014327	Fungi	Basidiomycota	Agaricomycetes	Agaricales	Psathyrellaceae	Coprinopsis	Coprinopsis atramentaria		SPECIES	Coprinus atramentarius (Bull.) Fr.	Coprinus atramentarius (Bull.) Fr.	(Bull.) Fr.	CA	Chicoutimi, Québec.	Québec	PRESENT		ff7bd5db-b724-4932-b496-10ea298851f9	48.368277	-71.119642	15000.0						1982-07-03	3	7	1982	2534388	5242740	PRESERVED_SPECIMEN	Université de Montréal Biodiversity Centre	CMMF	CMMF014327	2341	Guérin, Gérard		CC0_1_0	Université de Montréal Biodiversity Centre	Guérin, Gérard			2024-01-24T16:38:19.459Z	StillImage	INSTITUTION_MATCH_FUZZY;COLLECTION_MATCH_FUZZY;DIFFERENT_OWNER_INSTITUTION
1412705793	21705170-d2b6-42de-8904-c3bca4b83591	CMMF014326	Fungi	Basidiomycota	Agaricomycetes	Agaricales	Psathyrellaceae	Coprinopsis	Coprinopsis atramentaria		SPECIES	Coprinus atramentarius (Bull.) Fr.	Coprinus atramentarius (Bull.) Fr.	(Bull.) Fr.	CA	Brossard, Québec.	Québec	PRESENT		ff7bd5db-b724-4932-b496-10ea298851f9	45.447591	-73.453807	6500.0						1978-09-15	15	9	1978	2534388	5242740	PRESERVED_SPECIMEN	Université de Montréal Biodiversity Centre	CMMF	CMMF014326	2339	Guérin, Gérard		CC0_1_0	Université de Montréal Biodiversity Centre	Guérin, Gérard			2024-01-24T16:38:19.458Z	StillImage	INSTITUTION_MATCH_FUZZY;COLLECTION_MATCH_FUZZY;DIFFERENT_OWNER_INSTITUTION
1135071363	21705170-d2b6-42de-8904-c3bca4b83591	CMMF009998	Fungi	Basidiomycota	Agaricomycetes	Agaricales	Psathyrellaceae	Coprinopsis	Coprinopsis atramentaria		SPECIES	Coprinus atramentarius (Bull.) Fr.	Coprinus atramentarius (Bull.) Fr.	(Bull.) Fr.	CA	Rue des Acadiens, Québec.	Québec	PRESENT		ff7bd5db-b724-4932-b496-10ea298851f9	46.918501	-71.254455	4000.0						2007-09-14	14	9	2007	2534388	5242740	PRESERVED_SPECIMEN	Université de Montréal Biodiversity Centre	CMMF	CMMF009998	1583	Labrecque, Jacqueline		CC0_1_0	Université de Montréal Biodiversity Centre	Labrecque, Jacqueline			2024-01-24T16:38:21.454Z		INSTITUTION_MATCH_FUZZY;COLLECTION_MATCH_FUZZY;DIFFERENT_OWNER_INSTITUTION
1135070772	21705170-d2b6-42de-8904-c3bca4b83591	CMMF009361	Fungi	Basidiomycota	Agaricomycetes	Agaricales	Psathyrellaceae	Coprinopsis	Coprinopsis atramentaria		SPECIES	Coprinus atramentarius (Bull.) Fr.	Coprinus atramentarius (Bull.) Fr.	(Bull.) Fr.	CA	Château Bigot, Québec.	Québec	PRESENT		ff7bd5db-b724-4932-b496-10ea298851f9	46.898375	-71.266801	2000.0						2006-10-09	9	10	2006	2534388	5242740	PRESERVED_SPECIMEN	Université de Montréal Biodiversity Centre	CMMF	CMMF009361	945	Labrecque, Jacqueline		CC0_1_0	Université de Montréal Biodiversity Centre	Labrecque, Jacqueline			2024-01-24T16:38:21.606Z		INSTITUTION_MATCH_FUZZY;COLLECTION_MATCH_FUZZY;DIFFERENT_OWNER_INSTITUTION
1135070771	21705170-d2b6-42de-8904-c3bca4b83591	CMMF009348	Fungi	Basidiomycota	Agaricomycetes	Agaricales	Psathyrellaceae	Coprinopsis	Coprinopsis atramentaria		SPECIES	Coprinus atramentarius (Bull.) Fr.	Coprinus atramentarius (Bull.) Fr.	(Bull.) Fr.	CA	Parc des Moulins, Québec.	Québec	PRESENT		ff7bd5db-b724-4932-b496-10ea298851f9	46.887678	-71.301288	600.0						2006-10-07	7	10	2006	2534388	5242740	PRESERVED_SPECIMEN	Université de Montréal Biodiversity Centre	CMMF	CMMF009348	932	Labrecque, Jacqueline		CC0_1_0	Université de Montréal Biodiversity Centre	Labrecque, Jacqueline			2024-01-24T16:38:21.582Z		INSTITUTION_MATCH_FUZZY;COLLECTION_MATCH_FUZZY;DIFFERENT_OWNER_INSTITUTION
1135070648	21705170-d2b6-42de-8904-c3bca4b83591	CMMF009181	Fungi	Basidiomycota	Agaricomycetes	Agaricales	Psathyrellaceae	Coprinopsis	Coprinopsis atramentaria		SPECIES	Coprinus atramentarius (Bull.) Fr.	Coprinus atramentarius (Bull.) Fr.	(Bull.) Fr.	CA	Chemin Chapelle, Lac-Beauport.	Québec	PRESENT		ff7bd5db-b724-4932-b496-10ea298851f9	46.949281	-71.284722	250.0						2006-09-14	14	9	2006	2534388	5242740	PRESERVED_SPECIMEN	Université de Montréal Biodiversity Centre	CMMF	CMMF009181	765	Labrecque, Jacqueline		CC0_1_0	Université de Montréal Biodiversity Centre	Labrecque, Jacqueline			2024-01-24T16:38:20.278Z		INSTITUTION_MATCH_FUZZY;COLLECTION_MATCH_FUZZY;DIFFERENT_OWNER_INSTITUTION
1135070596	21705170-d2b6-42de-8904-c3bca4b83591	CMMF009106	Fungi	Basidiomycota	Agaricomycetes	Agaricales	Psathyrellaceae	Coprinopsis	Coprinopsis atramentaria		SPECIES	Coprinus atramentarius (Bull.) Fr.	Coprinus atramentarius (Bull.) Fr.	(Bull.) Fr.	CA	Chemin Chapelle, Lac-Beauport.	Québec	PRESENT		ff7bd5db-b724-4932-b496-10ea298851f9	46.949281	-71.284722	250.0						2006-09-02	2	9	2006	2534388	5242740	PRESERVED_SPECIMEN	Université de Montréal Biodiversity Centre	CMMF	CMMF009106	689	Labbé, Roland		CC0_1_0	Université de Montréal Biodiversity Centre	Labrecque, Jacqueline			2024-01-24T16:38:20.221Z		INSTITUTION_MATCH_FUZZY;COLLECTION_MATCH_FUZZY;DIFFERENT_OWNER_INSTITUTION
1135070008	21705170-d2b6-42de-8904-c3bca4b83591	CMMF008549	Fungi	Basidiomycota	Agaricomycetes	Agaricales	Psathyrellaceae	Coprinopsis	Coprinopsis atramentaria		SPECIES	Coprinus atramentarius (Bull.) Fr.	Coprinus atramentarius (Bull.) Fr.	(Bull.) Fr.	CA	N.D.L. ouest (Mr. A.). Québec.	Québec	PRESENT		ff7bd5db-b724-4932-b496-10ea298851f9	46.86201	-71.307678	15000.0						2006-05-20	20	5	2006	2534388	5242740	PRESERVED_SPECIMEN	Université de Montréal Biodiversity Centre	CMMF	CMMF008549	122	Labbé, Roland		CC0_1_0	Université de Montréal Biodiversity Centre	Labrecque, Jacqueline			2024-01-24T16:38:17.913Z	StillImage	INSTITUTION_MATCH_FUZZY;COLLECTION_MATCH_FUZZY;DIFFERENT_OWNER_INSTITUTION
1135069877	21705170-d2b6-42de-8904-c3bca4b83591	CMMF008359	Fungi	Basidiomycota	Agaricomycetes	Agaricales	Psathyrellaceae	Coprinopsis	Coprinopsis atramentaria		SPECIES	Coprinopsis atramentaria (Bull.) Redhead, Vilgalys & Moncalvo	Coprinopsis atramentaria (Bull.) Redhead, Vilgalys & Moncalvo	(Bull.) Redhead, Vilgalys & Moncalvo	CA	Sainte-Anne-des-Monts	Québec	PRESENT		ff7bd5db-b724-4932-b496-10ea298851f9	49.108333	-66.497883	100.0						2004-09-07	7	9	2004	5242740	5242740	PRESERVED_SPECIMEN	Université de Montréal Biodiversity Centre	CMMF	CMMF008359	Inexistant	McNeil, Raymond		CC0_1_0	Université de Montréal Biodiversity Centre	McNeil, Raymond			2024-01-24T16:38:17.742Z	StillImage	COORDINATE_ROUNDED;INSTITUTION_MATCH_FUZZY;COLLECTION_MATCH_FUZZY;DIFFERENT_OWNER_INSTITUTION
1135069147	21705170-d2b6-42de-8904-c3bca4b83591	CMMF007810	Fungi	Basidiomycota	Agaricomycetes	Agaricales	Psathyrellaceae	Coprinopsis	Coprinopsis atramentaria		SPECIES	Coprinopsis atramentaria (Bull.) Redhead, Vilgalys & Moncalvo	Coprinopsis atramentaria (Bull.) Redhead, Vilgalys & Moncalvo	(Bull.) Redhead, Vilgalys & Moncalvo	CA	St-Fabien-de-Panet	Québec	PRESENT		ff7bd5db-b724-4932-b496-10ea298851f9	46.595	-70.174167	100.0						2006-07-05	5	7	2006	5242740	5242740	PRESERVED_SPECIMEN	Université de Montréal Biodiversity Centre	CMMF	CMMF007810	Inexistant	McNeil, Raymond		CC0_1_0	Université de Montréal Biodiversity Centre	McNeil, Raymond			2024-01-24T16:38:14.745Z	StillImage	COORDINATE_ROUNDED;INSTITUTION_MATCH_FUZZY;COLLECTION_MATCH_FUZZY;DIFFERENT_OWNER_INSTITUTION
1135067101	21705170-d2b6-42de-8904-c3bca4b83591	CMMF010548	Fungi	Basidiomycota	Agaricomycetes	Agaricales	Psathyrellaceae	Coprinopsis	Coprinopsis atramentaria		SPECIES	Coprinus atramentarius (Bull.) Fr.	Coprinus atramentarius (Bull.) Fr.	(Bull.) Fr.	CA	Parc des Moulins, Québec.	Québec	PRESENT		ff7bd5db-b724-4932-b496-10ea298851f9	46.887678	-71.301288	600.0						2008-10-08	8	10	2008	2534388	5242740	PRESERVED_SPECIMEN	Université de Montréal Biodiversity Centre	CMMF	CMMF010548	2134	Labrecque, Jacqueline		CC0_1_0	Université de Montréal Biodiversity Centre	Labrecque, Jacqueline			2024-01-24T16:38:21.701Z		INSTITUTION_MATCH_FUZZY;COLLECTION_MATCH_FUZZY;DIFFERENT_OWNER_INSTITUTION
