gbifID	datasetKey	occurrenceID	kingdom	phylum	class	order	family	genus	species	infraspecificEpithet	taxonRank	scientificName	verbatimScientificName	verbatimScientificNameAuthorship	countryCode	locality	stateProvince	occurrenceStatus	individualCount	publishingOrgKey	decimalLatitude	decimalLongitude	coordinateUncertaintyInMeters	coordinatePrecision	elevation	elevationAccuracy	depth	depthAccuracy	eventDate	day	month	year	taxonKey	speciesKey	basisOfRecord	institutionCode	collectionCode	catalogNumber	recordNumber	identifiedBy	dateIdentified	license	rightsHolder	recordedBy	typeStatus	establishmentMeans	lastInterpreted	mediaType	issue
617555232	21705170-d2b6-42de-8904-c3bca4b83591	CMMF000715	Fungi	Basidiomycota	Agaricomycetes	Boletales	Paxillaceae	Paxillus	Paxillus involutus		SPECIES	Paxillus involutus (Batsch) Fr.	Paxillus involutus (Batsch) Fr.	(Batsch) Fr.	CA	Châteauguay	Québec	PRESENT		ff7bd5db-b724-4932-b496-10ea298851f9	45.359455	-73.734207	5000.0						1989-09-03	3	9	1989	5240002	5240002	PRESERVED_SPECIMEN	Université de Montréal Biodiversity Centre	CMMF	CMMF000715		Lamoureux, Yves		CC0_1_0	Université de Montréal Biodiversity Centre	Lamoureux, Yves			2024-01-24T16:38:20.294Z	StillImage	INSTITUTION_MATCH_FUZZY;COLLECTION_MATCH_FUZZY;DIFFERENT_OWNER_INSTITUTION
617552013	21705170-d2b6-42de-8904-c3bca4b83591	CMMF000296	Fungi	Basidiomycota	Agaricomycetes	Boletales	Paxillaceae	Paxillus	Paxillus involutus		SPECIES	Paxillus involutus (Batsch) Fr.	Paxillus involutus (Batsch) Fr.	(Batsch) Fr.	CA	Contrecoeur	Québec	PRESENT		ff7bd5db-b724-4932-b496-10ea298851f9	45.876777	-73.209987	12000.0						1988-09-04	4	9	1988	5240002	5240002	PRESERVED_SPECIMEN	Université de Montréal Biodiversity Centre	CMMF	CMMF000296		Lamoureux, Yves		CC0_1_0	Université de Montréal Biodiversity Centre	Lamoureux, Yves			2024-01-24T16:38:20.709Z	StillImage	INSTITUTION_MATCH_FUZZY;COLLECTION_MATCH_FUZZY;DIFFERENT_OWNER_INSTITUTION
617551056	21705170-d2b6-42de-8904-c3bca4b83591	CMMF002548	Fungi	Basidiomycota	Agaricomycetes	Boletales	Paxillaceae	Paxillus	Paxillus involutus		SPECIES	Paxillus involutus (Batsch) Fr.	Paxillus involutus (Batsch) Fr.	(Batsch) Fr.	CA	Rawdon	Québec	PRESENT		ff7bd5db-b724-4932-b496-10ea298851f9	46.052398	-73.748752	11000.0						1995-09-03	3	9	1995	5240002	5240002	PRESERVED_SPECIMEN	Université de Montréal Biodiversity Centre	CMMF	CMMF002548		Lamoureux, Yves		CC0_1_0	Université de Montréal Biodiversity Centre	Lamoureux, Yves			2024-01-24T16:38:19.551Z	StillImage	INSTITUTION_MATCH_FUZZY;COLLECTION_MATCH_FUZZY;DIFFERENT_OWNER_INSTITUTION
4993731257	50c9509d-22c7-4a22-a47d-8c48425ef4a7	https://www.inaturalist.org/observations/198708023	Fungi	Basidiomycota	Agaricomycetes	Boletales	Paxillaceae	Paxillus	Paxillus involutus		SPECIES	Paxillus involutus (Batsch) Fr.	Paxillus involutus		CA		Ontario	PRESENT		28eb1a3f-1c15-4a95-931a-4af90ecb574d	45.459323	-76.269566	100.0						2022-09-10T15:59:03	10	9	2022	5240002	5240002	HUMAN_OBSERVATION	iNaturalist	Observations	198708023		Jan Thornhill	2024-11-30T15:39:16	CC_BY_NC_4_0	Owen Clarkin	Owen Clarkin			2025-01-14T12:46:54.660Z	StillImage	COORDINATE_ROUNDED;CONTINENT_DERIVED_FROM_COORDINATES;TAXON_MATCH_TAXON_ID_IGNORED
4978455760	50c9509d-22c7-4a22-a47d-8c48425ef4a7	https://www.inaturalist.org/observations/249814547	Fungi	Basidiomycota	Agaricomycetes	Boletales	Paxillaceae	Paxillus	Paxillus involutus		SPECIES	Paxillus involutus (Batsch) Fr.	Paxillus involutus		CA		Québec	PRESENT		28eb1a3f-1c15-4a95-931a-4af90ecb574d	46.27925	-74.501267	24.0						2024-09-01T11:48	1	9	2024	5240002	5240002	HUMAN_OBSERVATION	iNaturalist	Observations	249814547		gabboilard	2024-10-30T22:27:58	CC_BY_NC_4_0	gabboilard	gabboilard			2025-01-14T12:54:57.968Z	StillImage	COORDINATE_ROUNDED;CONTINENT_DERIVED_FROM_COORDINATES;TAXON_MATCH_TAXON_ID_IGNORED
4954334324	50c9509d-22c7-4a22-a47d-8c48425ef4a7	https://www.inaturalist.org/observations/247465259	Fungi	Basidiomycota	Agaricomycetes	Boletales	Paxillaceae	Paxillus	Paxillus involutus		SPECIES	Paxillus involutus (Batsch) Fr.	Paxillus involutus		CA		New Brunswick	PRESENT		28eb1a3f-1c15-4a95-931a-4af90ecb574d	45.999881	-66.763825	1.0						2024-08-27T18:01	27	8	2024	5240002	5240002	HUMAN_OBSERVATION	iNaturalist	Observations	247465259		Dwayne Sabine	2024-10-15T13:06:37	CC_BY_NC_4_0	Dwayne Sabine	Dwayne Sabine			2025-01-14T12:53:15.439Z	StillImage	COORDINATE_ROUNDED;CONTINENT_DERIVED_FROM_COORDINATES;TAXON_MATCH_TAXON_ID_IGNORED
4952827621	50c9509d-22c7-4a22-a47d-8c48425ef4a7	https://www.inaturalist.org/observations/246018260	Fungi	Basidiomycota	Agaricomycetes	Boletales	Paxillaceae	Paxillus	Paxillus involutus		SPECIES	Paxillus involutus (Batsch) Fr.	Paxillus involutus		CA		New Brunswick	PRESENT		28eb1a3f-1c15-4a95-931a-4af90ecb574d	45.395083	-65.991638	4.0						2024-10-06T11:49:13	6	10	2024	5240002	5240002	HUMAN_OBSERVATION	iNaturalist	Observations	246018260		laura-the-explorer	2024-10-06T19:58:32	CC_BY_NC_4_0	laura-the-explorer	laura-the-explorer			2025-01-14T13:44:33.471Z	StillImage	COORDINATE_ROUNDED;CONTINENT_DERIVED_FROM_COORDINATES;TAXON_MATCH_TAXON_ID_IGNORED
4952303108	50c9509d-22c7-4a22-a47d-8c48425ef4a7	https://www.inaturalist.org/observations/245865594	Fungi	Basidiomycota	Agaricomycetes	Boletales	Paxillaceae	Paxillus	Paxillus involutus		SPECIES	Paxillus involutus (Batsch) Fr.	Paxillus involutus		CA		Ontario	PRESENT		28eb1a3f-1c15-4a95-931a-4af90ecb574d	45.437952	-76.334565							2024-10-05T10:51	5	10	2024	5240002	5240002	HUMAN_OBSERVATION	iNaturalist	Observations	245865594		jonathan_mack	2024-10-06T01:53:06	CC_BY_NC_4_0	jonathan_mack	jonathan_mack			2025-01-14T13:44:10.996Z	StillImage	COORDINATE_ROUNDED;CONTINENT_DERIVED_FROM_COORDINATES;TAXON_MATCH_TAXON_ID_IGNORED
4949947200	50c9509d-22c7-4a22-a47d-8c48425ef4a7	https://www.inaturalist.org/observations/243859342	Fungi	Basidiomycota	Agaricomycetes	Boletales	Paxillaceae	Paxillus	Paxillus involutus		SPECIES	Paxillus involutus (Batsch) Fr.	Paxillus involutus		CA		Ontario	PRESENT		28eb1a3f-1c15-4a95-931a-4af90ecb574d	45.25325	-77.243875	3975.0						2024-09-21T16:44	21	9	2024	5240002	5240002	HUMAN_OBSERVATION	iNaturalist	Observations	243859342		Lee Cumming	2024-09-24T20:45:32	CC_BY_NC_4_0	Lee Cumming	Lee Cumming			2025-01-14T13:43:33.833Z	StillImage	COORDINATE_ROUNDED;CONTINENT_DERIVED_FROM_COORDINATES;TAXON_MATCH_TAXON_ID_IGNORED
4946175993	50c9509d-22c7-4a22-a47d-8c48425ef4a7	https://www.inaturalist.org/observations/240762152	Fungi	Basidiomycota	Agaricomycetes	Boletales	Paxillaceae	Paxillus	Paxillus involutus		SPECIES	Paxillus involutus (Batsch) Fr.	Paxillus involutus		CA		Québec	PRESENT		28eb1a3f-1c15-4a95-931a-4af90ecb574d	48.143571	-69.245558	3.0						2024-09-09T10:58:16	9	9	2024	5240002	5240002	HUMAN_OBSERVATION	iNaturalist	Observations	240762152		Lise Leclerc	2024-09-09T14:58:58	CC_BY_NC_4_0	Lise Leclerc	Lise Leclerc			2025-01-14T13:39:50.078Z	StillImage	COORDINATE_ROUNDED;CONTINENT_DERIVED_FROM_COORDINATES;TAXON_MATCH_TAXON_ID_IGNORED
4945874105	50c9509d-22c7-4a22-a47d-8c48425ef4a7	https://www.inaturalist.org/observations/240959034	Fungi	Basidiomycota	Agaricomycetes	Boletales	Paxillaceae	Paxillus	Paxillus involutus		SPECIES	Paxillus involutus (Batsch) Fr.	Paxillus involutus		CA		New Brunswick	PRESENT		28eb1a3f-1c15-4a95-931a-4af90ecb574d	45.19307	-67.106528	4.0						2024-09-10T10:19:18	10	9	2024	5240002	5240002	HUMAN_OBSERVATION	iNaturalist	Observations	240959034		chels_01	2024-09-10T16:53:47	CC_BY_NC_4_0	chels_01	chels_01			2025-01-14T13:39:52.139Z	StillImage	COORDINATE_ROUNDED;CONTINENT_DERIVED_FROM_COORDINATES;TAXON_MATCH_TAXON_ID_IGNORED
4937010510	50c9509d-22c7-4a22-a47d-8c48425ef4a7	https://www.inaturalist.org/observations/239313266	Fungi	Basidiomycota	Agaricomycetes	Boletales	Paxillaceae	Paxillus	Paxillus involutus		SPECIES	Paxillus involutus (Batsch) Fr.	Paxillus involutus		CA		New Brunswick	PRESENT		28eb1a3f-1c15-4a95-931a-4af90ecb574d	45.39505	-65.991447	4.0						2024-09-01T18:02:58	1	9	2024	5240002	5240002	HUMAN_OBSERVATION	iNaturalist	Observations	239313266		laura-the-explorer	2024-09-02T01:51:28	CC_BY_NC_4_0	laura-the-explorer	laura-the-explorer			2025-01-14T13:43:37.852Z	StillImage	COORDINATE_ROUNDED;CONTINENT_DERIVED_FROM_COORDINATES;TAXON_MATCH_TAXON_ID_IGNORED
4936232694	50c9509d-22c7-4a22-a47d-8c48425ef4a7	https://www.inaturalist.org/observations/239689375	Fungi	Basidiomycota	Agaricomycetes	Boletales	Paxillaceae	Paxillus	Paxillus involutus		SPECIES	Paxillus involutus (Batsch) Fr.	Paxillus involutus		CA		Québec	PRESENT		28eb1a3f-1c15-4a95-931a-4af90ecb574d	48.545231	-71.624979	67.0						2024-09-01T09:54	1	9	2024	5240002	5240002	HUMAN_OBSERVATION	iNaturalist	Observations	239689375		jonathan_mack	2024-09-03T21:42:52	CC_BY_NC_4_0	jonathan_mack	jonathan_mack			2025-01-14T12:57:53.960Z	StillImage	COORDINATE_ROUNDED;CONTINENT_DERIVED_FROM_COORDINATES;TAXON_MATCH_TAXON_ID_IGNORED
4921957461	50c9509d-22c7-4a22-a47d-8c48425ef4a7	https://www.inaturalist.org/observations/232821199	Fungi	Basidiomycota	Agaricomycetes	Boletales	Paxillaceae	Paxillus	Paxillus involutus		SPECIES	Paxillus involutus (Batsch) Fr.	Paxillus involutus		CA		Québec	PRESENT		28eb1a3f-1c15-4a95-931a-4af90ecb574d	45.872811	-76.4339	501.0						2024-07-30T09:45	30	7	2024	5240002	5240002	HUMAN_OBSERVATION	iNaturalist	Observations	232821199		L Joan Heyding	2024-07-31T02:11:43	CC_BY_NC_4_0	L Joan Heyding	L Joan Heyding			2025-01-14T12:47:38.288Z	StillImage	COORDINATE_ROUNDED;CONTINENT_DERIVED_FROM_COORDINATES;TAXON_MATCH_TAXON_ID_IGNORED
4921884125	50c9509d-22c7-4a22-a47d-8c48425ef4a7	https://www.inaturalist.org/observations/234164722	Fungi	Basidiomycota	Agaricomycetes	Boletales	Paxillaceae	Paxillus	Paxillus involutus		SPECIES	Paxillus involutus (Batsch) Fr.	Paxillus involutus		CA		Québec	PRESENT		28eb1a3f-1c15-4a95-931a-4af90ecb574d	47.321098	-71.147705	73.0						2024-08-05T12:42:16	5	8	2024	5240002	5240002	HUMAN_OBSERVATION	iNaturalist	Observations	234164722		egrenier	2024-08-06T15:53:38	CC_BY_NC_4_0	egrenier	egrenier			2025-01-14T13:43:07.557Z	StillImage	COORDINATE_ROUNDED;CONTINENT_DERIVED_FROM_COORDINATES;TAXON_MATCH_TAXON_ID_IGNORED
4908223762	50c9509d-22c7-4a22-a47d-8c48425ef4a7	https://www.inaturalist.org/observations/226963783	Fungi	Basidiomycota	Agaricomycetes	Boletales	Paxillaceae	Paxillus	Paxillus involutus		SPECIES	Paxillus involutus (Batsch) Fr.	Paxillus involutus		CA		Québec	PRESENT		28eb1a3f-1c15-4a95-931a-4af90ecb574d	45.529906	-73.549755	14.0						2023-10-25T10:03:12	25	10	2023	5240002	5240002	HUMAN_OBSERVATION	iNaturalist	Observations	226963783		Misa R. Beaudet	2024-07-03T20:05:34	CC_BY_NC_4_0	Misa R. Beaudet	Misa R. Beaudet			2025-01-14T13:41:55.262Z	StillImage	COORDINATE_ROUNDED;CONTINENT_DERIVED_FROM_COORDINATES;TAXON_MATCH_TAXON_ID_IGNORED
4903861343	50c9509d-22c7-4a22-a47d-8c48425ef4a7	https://www.inaturalist.org/observations/225989295	Fungi	Basidiomycota	Agaricomycetes	Boletales	Paxillaceae	Paxillus	Paxillus involutus		SPECIES	Paxillus involutus (Batsch) Fr.	Paxillus involutus		CA		Québec	PRESENT		28eb1a3f-1c15-4a95-931a-4af90ecb574d	48.317616	-70.325767	1953.0						2023-08-20T15:47	20	8	2023	5240002	5240002	HUMAN_OBSERVATION	iNaturalist	Observations	225989295		Peter	2024-06-29T18:12:59	CC_BY_NC_4_0	Peter	Peter			2025-01-14T12:48:58.806Z	StillImage	COORDINATE_ROUNDED;CONTINENT_DERIVED_FROM_COORDINATES;TAXON_MATCH_TAXON_ID_IGNORED
4901905349	50c9509d-22c7-4a22-a47d-8c48425ef4a7	https://www.inaturalist.org/observations/179452068	Fungi	Basidiomycota	Agaricomycetes	Boletales	Paxillaceae	Paxillus	Paxillus involutus		SPECIES	Paxillus involutus (Batsch) Fr.	Paxillus involutus		CA		New Brunswick	PRESENT		28eb1a3f-1c15-4a95-931a-4af90ecb574d	45.922075	-66.645763							2023-08-19T10:07:48	19	8	2023	5240002	5240002	HUMAN_OBSERVATION	iNaturalist	Observations	179452068		Andrew MacPherson	2023-08-21T00:57:20	CC0_1_0	Andrew MacPherson	Andrew MacPherson			2025-01-14T12:39:15.785Z	StillImage	COORDINATE_ROUNDED;CONTINENT_DERIVED_FROM_COORDINATES;TAXON_MATCH_TAXON_ID_IGNORED
4852715932	50c9509d-22c7-4a22-a47d-8c48425ef4a7	https://www.inaturalist.org/observations/212337352	Fungi	Basidiomycota	Agaricomycetes	Boletales	Paxillaceae	Paxillus	Paxillus involutus		SPECIES	Paxillus involutus (Batsch) Fr.	Paxillus involutus		CA		Québec	PRESENT		28eb1a3f-1c15-4a95-931a-4af90ecb574d	45.395686	-73.397541	1776.0						2021-09-30T12:08	30	9	2021	5240002	5240002	HUMAN_OBSERVATION	iNaturalist	Observations	212337352		Isabelle Pouliot	2024-04-30T18:36:40	CC_BY_NC_4_0	Isabelle Pouliot	Isabelle Pouliot			2025-01-14T12:45:46.831Z	StillImage	COORDINATE_ROUNDED;CONTINENT_DERIVED_FROM_COORDINATES;TAXON_MATCH_TAXON_ID_IGNORED
4852006410	50c9509d-22c7-4a22-a47d-8c48425ef4a7	https://www.inaturalist.org/observations/208523400	Fungi	Basidiomycota	Agaricomycetes	Boletales	Paxillaceae	Paxillus	Paxillus involutus		SPECIES	Paxillus involutus (Batsch) Fr.	Paxillus involutus		CA		New Brunswick	PRESENT		28eb1a3f-1c15-4a95-931a-4af90ecb574d	45.135653	-66.521136							2023-08-27T17:39	27	8	2023	5240002	5240002	HUMAN_OBSERVATION	iNaturalist	Observations	208523400		Dwayne Sabine	2024-04-21T17:21:53	CC_BY_NC_4_0	Dwayne Sabine	Dwayne Sabine			2025-01-14T13:32:18.257Z	StillImage	COORDINATE_ROUNDED;CONTINENT_DERIVED_FROM_COORDINATES;TAXON_MATCH_TAXON_ID_IGNORED
4606811487	50c9509d-22c7-4a22-a47d-8c48425ef4a7	https://www.inaturalist.org/observations/204379078	Fungi	Basidiomycota	Agaricomycetes	Boletales	Paxillaceae	Paxillus	Paxillus involutus		SPECIES	Paxillus involutus (Batsch) Fr.	Paxillus involutus		CA		Québec	PRESENT		28eb1a3f-1c15-4a95-931a-4af90ecb574d	46.850622	-71.254232	8.0						2023-06-30	30	6	2023	5240002	5240002	HUMAN_OBSERVATION	iNaturalist	Observations	204379078		Christian Grenier	2024-03-29T11:06:38	CC_BY_NC_4_0	Christian Grenier	Christian Grenier			2025-01-14T12:43:35.029Z	StillImage	COORDINATE_ROUNDED;CONTINENT_DERIVED_FROM_COORDINATES;TAXON_MATCH_TAXON_ID_IGNORED
4599779801	50c9509d-22c7-4a22-a47d-8c48425ef4a7	https://www.inaturalist.org/observations/137991631	Fungi	Basidiomycota	Agaricomycetes	Boletales	Paxillaceae	Paxillus	Paxillus involutus		SPECIES	Paxillus involutus (Batsch) Fr.	Paxillus involutus		CA		Québec	PRESENT		28eb1a3f-1c15-4a95-931a-4af90ecb574d	45.747303	-73.621147	4.0						2022-10-08T11:12:22	8	10	2022	5240002	5240002	HUMAN_OBSERVATION	iNaturalist	Observations	137991631		timfoster	2022-10-08T16:13:21	CC_BY_NC_4_0	timfoster	timfoster			2025-01-14T13:25:51.434Z	StillImage	COORDINATE_ROUNDED;CONTINENT_DERIVED_FROM_COORDINATES;TAXON_MATCH_TAXON_ID_IGNORED
4527972226	50c9509d-22c7-4a22-a47d-8c48425ef4a7	https://www.inaturalist.org/observations/194501639	Fungi	Basidiomycota	Agaricomycetes	Boletales	Paxillaceae	Paxillus	Paxillus involutus		SPECIES	Paxillus involutus (Batsch) Fr.	Paxillus involutus		CA		Québec	PRESENT		28eb1a3f-1c15-4a95-931a-4af90ecb574d	48.336218	-69.392776	15.0						2023-09-13	13	9	2023	5240002	5240002	HUMAN_OBSERVATION	iNaturalist	Observations	194501639		Christian Grenier	2023-12-21T12:41:34	CC_BY_NC_4_0	Christian Grenier	Christian Grenier			2025-01-14T12:45:37.797Z	StillImage	COORDINATE_ROUNDED;CONTINENT_DERIVED_FROM_COORDINATES;TAXON_MATCH_TAXON_ID_IGNORED
4525215582	50c9509d-22c7-4a22-a47d-8c48425ef4a7	https://www.inaturalist.org/observations/199366156	Fungi	Basidiomycota	Agaricomycetes	Boletales	Paxillaceae	Paxillus	Paxillus involutus		SPECIES	Paxillus involutus (Batsch) Fr.	Paxillus involutus		CA		Québec	PRESENT		28eb1a3f-1c15-4a95-931a-4af90ecb574d	46.850622	-71.254298	4.0						2023-08-09	9	8	2023	5240002	5240002	HUMAN_OBSERVATION	iNaturalist	Observations	199366156		Christian Grenier	2024-02-15T15:17:51	CC_BY_NC_4_0	Christian Grenier	Christian Grenier			2025-01-14T12:44:15.388Z	StillImage	COORDINATE_ROUNDED;CONTINENT_DERIVED_FROM_COORDINATES;TAXON_MATCH_TAXON_ID_IGNORED
4522770541	50c9509d-22c7-4a22-a47d-8c48425ef4a7	https://www.inaturalist.org/observations/199099277	Fungi	Basidiomycota	Agaricomycetes	Boletales	Paxillaceae	Paxillus	Paxillus involutus		SPECIES	Paxillus involutus (Batsch) Fr.	Paxillus involutus		CA		Québec	PRESENT		28eb1a3f-1c15-4a95-931a-4af90ecb574d	46.918279	-71.239001	31.0						2023-08-21	21	8	2023	5240002	5240002	HUMAN_OBSERVATION	iNaturalist	Observations	199099277		Christian Grenier	2024-02-12T13:20:26	CC_BY_NC_4_0	Christian Grenier	Christian Grenier			2025-01-14T13:31:18.942Z	StillImage	COORDINATE_ROUNDED;CONTINENT_DERIVED_FROM_COORDINATES;TAXON_MATCH_TAXON_ID_IGNORED
4416643751	50c9509d-22c7-4a22-a47d-8c48425ef4a7	https://www.inaturalist.org/observations/184177628	Fungi	Basidiomycota	Agaricomycetes	Boletales	Paxillaceae	Paxillus	Paxillus involutus		SPECIES	Paxillus involutus (Batsch) Fr.	Paxillus involutus		CA		Québec	PRESENT		28eb1a3f-1c15-4a95-931a-4af90ecb574d	45.55074	-73.476657	91.0						2023-09-20T09:37	20	9	2023	5240002	5240002	HUMAN_OBSERVATION	iNaturalist	Observations	184177628		Antoine Fortin	2023-09-20T21:42:22	CC_BY_NC_4_0	Antoine Fortin	Antoine Fortin			2025-01-14T13:32:47.202Z	StillImage	COORDINATE_ROUNDED;CONTINENT_DERIVED_FROM_COORDINATES;TAXON_MATCH_TAXON_ID_IGNORED
4414420567	50c9509d-22c7-4a22-a47d-8c48425ef4a7	https://www.inaturalist.org/observations/183917818	Fungi	Basidiomycota	Agaricomycetes	Boletales	Paxillaceae	Paxillus	Paxillus involutus		SPECIES	Paxillus involutus (Batsch) Fr.	Paxillus involutus		CA		Québec	PRESENT		28eb1a3f-1c15-4a95-931a-4af90ecb574d	47.179938	-71.381653	89.0						2023-09-16T11:55:33	16	9	2023	5240002	5240002	HUMAN_OBSERVATION	iNaturalist	Observations	183917818		Antoine Fortin	2023-09-20T16:50:58	CC_BY_NC_4_0	ariane-rlesage	ariane-rlesage			2025-01-14T12:42:00.443Z	StillImage	COORDINATE_ROUNDED;CONTINENT_DERIVED_FROM_COORDINATES;TAXON_MATCH_TAXON_ID_IGNORED
4177038049	50c9509d-22c7-4a22-a47d-8c48425ef4a7	https://www.inaturalist.org/observations/178150445	Fungi	Basidiomycota	Agaricomycetes	Boletales	Paxillaceae	Paxillus	Paxillus involutus		SPECIES	Paxillus involutus (Batsch) Fr.	Paxillus involutus		CA		Québec	PRESENT		28eb1a3f-1c15-4a95-931a-4af90ecb574d	45.856586	-76.532872	27095.0						2023-08-09T15:14	9	8	2023	5240002	5240002	HUMAN_OBSERVATION	iNaturalist	Observations	178150445		L Joan Heyding	2023-08-13T10:45:52	CC_BY_NC_4_0	L Joan Heyding	L Joan Heyding			2025-01-14T13:32:41.940Z	StillImage	COORDINATE_ROUNDED;CONTINENT_DERIVED_FROM_COORDINATES;TAXON_MATCH_TAXON_ID_IGNORED
4166391730	695cef75-b65f-4776-b2ed-74565eebb16e	02-01000937462	Fungi	Basidiomycota	Agaricomycetes	Boletales	Paxillaceae	Paxillus	Paxillus involutus		SPECIES	Paxillus involutus (Batsch) Fr.	Paxillus involutus	(Batsch) Fr.	CA	Peck Lake Trail	Ontario	PRESENT		055bd978-2daa-4543-b3f0-44e0e87e86ca	45.548889	-78.654167							1974-08-24	24	8	1974	5240002	5240002	PRESERVED_SPECIMEN	AAFC	DAOM	186634		D. Malloch		CC_BY_4_0	©His Majesty the King in Right of Canada, as represented by the Minister of Agriculture and Agri-Food	P. Johnson			2025-01-12T05:11:16.187Z		GEODETIC_DATUM_ASSUMED_WGS84;CONTINENT_DERIVED_FROM_COORDINATES;TAXON_MATCH_TAXON_ID_IGNORED;INSTITUTION_MATCH_FUZZY
4166266973	695cef75-b65f-4776-b2ed-74565eebb16e	02-01000937478	Fungi	Basidiomycota	Agaricomycetes	Boletales	Paxillaceae	Paxillus	Paxillus involutus		SPECIES	Paxillus involutus (Batsch) Fr.	Paxillus involutus	(Batsch) Fr.	CA	Rte. Principal	Quebec	PRESENT		055bd978-2daa-4543-b3f0-44e0e87e86ca	47.455556	-71.245833							1981-08-15	15	8	1981	5240002	5240002	PRESERVED_SPECIMEN	AAFC	DAOM	180849		S.A. Redhead et. al.		CC_BY_4_0	©His Majesty the King in Right of Canada, as represented by the Minister of Agriculture and Agri-Food	M.E. Elliott Foray Group			2025-01-12T05:11:16.152Z		GEODETIC_DATUM_ASSUMED_WGS84;CONTINENT_DERIVED_FROM_COORDINATES;TAXON_MATCH_TAXON_ID_IGNORED;INSTITUTION_MATCH_FUZZY
4166257736	695cef75-b65f-4776-b2ed-74565eebb16e	02-01000937473	Fungi	Basidiomycota	Agaricomycetes	Boletales	Paxillaceae	Paxillus	Paxillus involutus		SPECIES	Paxillus involutus (Batsch) Fr.	Paxillus involutus	(Batsch) Fr.	CA	Pointe du Bout	Quebec	PRESENT		055bd978-2daa-4543-b3f0-44e0e87e86ca	49.466667	-68.041667							1984-08-09	9	8	1984	5240002	5240002	PRESERVED_SPECIMEN	AAFC	DAOM	190642		Y. Dalpé		CC_BY_4_0	©His Majesty the King in Right of Canada, as represented by the Minister of Agriculture and Agri-Food	Y. Dalpé 884			2025-01-12T05:11:15.965Z		GEODETIC_DATUM_ASSUMED_WGS84;CONTINENT_DERIVED_FROM_COORDINATES;TAXON_MATCH_TAXON_ID_IGNORED;INSTITUTION_MATCH_FUZZY
4130856422	fb9d7c38-5759-4c30-9e09-5b6bd43f78a6	http://id.luomus.fi/MY.14511540	Fungi	Basidiomycota	Agaricomycetes	Boletales	Paxillaceae	Paxillus	Paxillus involutus		SPECIES	Paxillus involutus (Batsch) Fr.	Paxillus involutus coll.		CA	Agricultural Experiment Station	Nova Scotia	PRESENT		04fd2e13-6881-4e5c-9dd1-8fdd9ab993c1	45.06	-64.4							1930-09-02T00:00Z	2	9	1930	5240002	5240002	PRESERVED_SPECIMEN	H		http://id.luomus.fi/HA.H7078869	K.A. Harrison 422			CC_BY_4_0		Harrison, K. A.			2025-01-17T02:41:15.873Z		CONTINENT_DERIVED_FROM_COORDINATES;TAXON_MATCH_HIGHERRANK;TAXON_MATCH_TAXON_ID_IGNORED;COLLECTION_MATCH_NONE;INSTITUTION_MATCH_FUZZY
4104478538	5a6538b8-e35c-46c4-8978-6858a657a75f	2f79db66-2ff8-46bf-979f-50c4da535d18	Fungi	Basidiomycota	Agaricomycetes	Boletales	Paxillaceae	Paxillus	Paxillus involutus		SPECIES	Paxillus involutus (Batsch) Fr.	Paxillus involutus	(Batsch) Fr.	CA	Sackville	New Brunswick	PRESENT		a26dde42-dd82-4d07-a763-353ab27fc02c	45.883333	-64.35	7470.0						1902-10-05	5	10	1902	5240002	5240002	PRESERVED_SPECIMEN	CUP		CUP-A-018294				CC0_1_0		Gates, Reginald			2025-01-15T04:26:00.436Z		GEODETIC_DATUM_ASSUMED_WGS84;CONTINENT_DERIVED_FROM_COORDINATES;TAXON_MATCH_TAXON_ID_IGNORED;COLLECTION_MATCH_NONE;INSTITUTION_MATCH_FUZZY
3988691313	50c9509d-22c7-4a22-a47d-8c48425ef4a7	https://www.inaturalist.org/observations/143798622	Fungi	Basidiomycota	Agaricomycetes	Boletales	Paxillaceae	Paxillus	Paxillus involutus		SPECIES	Paxillus involutus (Batsch) Fr.	Paxillus involutus		CA		Québec	PRESENT		28eb1a3f-1c15-4a95-931a-4af90ecb574d	46.793227	-71.330724	8.0						2022-09-06	6	9	2022	5240002	5240002	HUMAN_OBSERVATION	iNaturalist	Observations	143798622		Christian Grenier	2022-12-06T15:35:05	CC_BY_NC_4_0	Christian Grenier	Christian Grenier			2025-01-14T13:26:37.393Z	StillImage	COORDINATE_ROUNDED;CONTINENT_DERIVED_FROM_COORDINATES;TAXON_MATCH_TAXON_ID_IGNORED
3988606275	50c9509d-22c7-4a22-a47d-8c48425ef4a7	https://www.inaturalist.org/observations/143797969	Fungi	Basidiomycota	Agaricomycetes	Boletales	Paxillaceae	Paxillus	Paxillus involutus		SPECIES	Paxillus involutus (Batsch) Fr.	Paxillus involutus		CA		Québec	PRESENT		28eb1a3f-1c15-4a95-931a-4af90ecb574d	46.793341	-71.330407	15.0						2022-09-06	6	9	2022	5240002	5240002	HUMAN_OBSERVATION	iNaturalist	Observations	143797969		cinna_latifolia	2022-12-06T16:35:50	CC_BY_NC_4_0	Christian Grenier	Christian Grenier			2025-01-14T12:33:22.005Z	StillImage	COORDINATE_ROUNDED;CONTINENT_DERIVED_FROM_COORDINATES;TAXON_MATCH_TAXON_ID_IGNORED
3963677549	50c9509d-22c7-4a22-a47d-8c48425ef4a7	https://www.inaturalist.org/observations/136075458	Fungi	Basidiomycota	Agaricomycetes	Boletales	Paxillaceae	Paxillus	Paxillus involutus		SPECIES	Paxillus involutus (Batsch) Fr.	Paxillus involutus		CA		New Brunswick	PRESENT		28eb1a3f-1c15-4a95-931a-4af90ecb574d	47.621081	-65.678619							2022-09-16T13:55:54	16	9	2022	5240002	5240002	HUMAN_OBSERVATION	iNaturalist	Observations	136075458		peguyngono	2022-09-22T19:26:04	CC_BY_NC_4_0	peguyngono	peguyngono			2025-01-14T12:31:39.818Z	StillImage	COORDINATE_ROUNDED;CONTINENT_DERIVED_FROM_COORDINATES;TAXON_MATCH_TAXON_ID_IGNORED
3925513613	50c9509d-22c7-4a22-a47d-8c48425ef4a7	https://www.inaturalist.org/observations/138343723	Fungi	Basidiomycota	Agaricomycetes	Boletales	Paxillaceae	Paxillus	Paxillus involutus		SPECIES	Paxillus involutus (Batsch) Fr.	Paxillus involutus		CA		Ontario	PRESENT		28eb1a3f-1c15-4a95-931a-4af90ecb574d	45.407117	-75.107811	5.0						2022-10-10T14:28:49	10	10	2022	5240002	5240002	HUMAN_OBSERVATION	iNaturalist	Observations	138343723		Lynn Ovenden	2022-10-11T02:35:01	CC_BY_NC_4_0	Lynn Ovenden	Lynn Ovenden			2025-01-14T12:32:26.460Z	StillImage	COORDINATE_ROUNDED;CONTINENT_DERIVED_FROM_COORDINATES;TAXON_MATCH_TAXON_ID_IGNORED
3915546352	50c9509d-22c7-4a22-a47d-8c48425ef4a7	https://www.inaturalist.org/observations/136026001	Fungi	Basidiomycota	Agaricomycetes	Boletales	Paxillaceae	Paxillus	Paxillus involutus		SPECIES	Paxillus involutus (Batsch) Fr.	Paxillus involutus		CA		New Brunswick	PRESENT		28eb1a3f-1c15-4a95-931a-4af90ecb574d	47.62106	-65.680005	82.0						2022-09-16T13:56:27	16	9	2022	5240002	5240002	HUMAN_OBSERVATION	iNaturalist	Observations	136026001		idacoulib	2022-09-22T12:08:59	CC_BY_NC_4_0	idacoulib	idacoulib			2025-01-14T13:25:33.520Z	StillImage	COORDINATE_ROUNDED;CONTINENT_DERIVED_FROM_COORDINATES;TAXON_MATCH_TAXON_ID_IGNORED
3915263722	50c9509d-22c7-4a22-a47d-8c48425ef4a7	https://www.inaturalist.org/observations/136026716	Fungi	Basidiomycota	Agaricomycetes	Boletales	Paxillaceae	Paxillus	Paxillus involutus		SPECIES	Paxillus involutus (Batsch) Fr.	Paxillus involutus		CA		New Brunswick	PRESENT		28eb1a3f-1c15-4a95-931a-4af90ecb574d	47.621188	-65.674513	41.0						2022-09-16T14:33:52	16	9	2022	5240002	5240002	HUMAN_OBSERVATION	iNaturalist	Observations	136026716		naxellearmande	2022-09-22T12:19:05	CC_BY_NC_4_0	naxellearmande	naxellearmande			2025-01-14T12:31:39.832Z	StillImage	COORDINATE_ROUNDED;CONTINENT_DERIVED_FROM_COORDINATES;TAXON_MATCH_TAXON_ID_IGNORED
3912352545	50c9509d-22c7-4a22-a47d-8c48425ef4a7	https://www.inaturalist.org/observations/135497094	Fungi	Basidiomycota	Agaricomycetes	Boletales	Paxillaceae	Paxillus	Paxillus involutus		SPECIES	Paxillus involutus (Batsch) Fr.	Paxillus involutus		CA		New Brunswick	PRESENT		28eb1a3f-1c15-4a95-931a-4af90ecb574d	45.983528	-66.755195	14.0						2022-09-17T14:44:32	17	9	2022	5240002	5240002	HUMAN_OBSERVATION	iNaturalist	Observations	135497094		Laura O'Connor	2022-09-18T10:35:18	CC_BY_NC_4_0	Laura O'Connor	Laura O'Connor			2025-01-14T12:31:49.122Z	StillImage	COORDINATE_ROUNDED;CONTINENT_DERIVED_FROM_COORDINATES;TAXON_MATCH_TAXON_ID_IGNORED
3912247400	50c9509d-22c7-4a22-a47d-8c48425ef4a7	https://www.inaturalist.org/observations/135259132	Fungi	Basidiomycota	Agaricomycetes	Boletales	Paxillaceae	Paxillus	Paxillus involutus		SPECIES	Paxillus involutus (Batsch) Fr.	Paxillus involutus		CA		New Brunswick	PRESENT		28eb1a3f-1c15-4a95-931a-4af90ecb574d	47.622809	-65.678687	110.0						2022-09-16T13:09:58	16	9	2022	5240002	5240002	HUMAN_OBSERVATION	iNaturalist	Observations	135259132		Emilie	2022-09-16T17:30:57	CC_BY_NC_4_0	Emilie	Emilie			2025-01-14T12:32:12.735Z	StillImage	COORDINATE_ROUNDED;CONTINENT_DERIVED_FROM_COORDINATES;TAXON_MATCH_TAXON_ID_IGNORED
3903272624	50c9509d-22c7-4a22-a47d-8c48425ef4a7	https://www.inaturalist.org/observations/133146783	Fungi	Basidiomycota	Agaricomycetes	Boletales	Paxillaceae	Paxillus	Paxillus involutus		SPECIES	Paxillus involutus (Batsch) Fr.	Paxillus involutus		CA		Prince Edward Island	PRESENT		28eb1a3f-1c15-4a95-931a-4af90ecb574d	46.612501	-64.046091							2022-08-31T10:31	31	8	2022	5240002	5240002	HUMAN_OBSERVATION	iNaturalist	Observations	133146783		Denis Gallant	2022-08-31T23:57:24	CC_BY_NC_4_0	Denis Gallant	Denis Gallant			2025-01-14T13:25:09.460Z	StillImage	CONTINENT_DERIVED_FROM_COORDINATES;TAXON_MATCH_TAXON_ID_IGNORED
3902702118	50c9509d-22c7-4a22-a47d-8c48425ef4a7	https://www.inaturalist.org/observations/132054002	Fungi	Basidiomycota	Agaricomycetes	Boletales	Paxillaceae	Paxillus	Paxillus involutus		SPECIES	Paxillus involutus (Batsch) Fr.	Paxillus involutus		CA		Québec	PRESENT		28eb1a3f-1c15-4a95-931a-4af90ecb574d	45.910702	-76.587334	27095.0						2022-08-20T09:56	20	8	2022	5240002	5240002	HUMAN_OBSERVATION	iNaturalist	Observations	132054002		L Joan Heyding	2022-08-23T20:14:14	CC_BY_NC_4_0	L Joan Heyding	L Joan Heyding			2025-01-14T13:16:12.298Z	StillImage	COORDINATE_ROUNDED;CONTINENT_DERIVED_FROM_COORDINATES;TAXON_MATCH_TAXON_ID_IGNORED
3902462326	50c9509d-22c7-4a22-a47d-8c48425ef4a7	https://www.inaturalist.org/observations/131361755	Fungi	Basidiomycota	Agaricomycetes	Boletales	Paxillaceae	Paxillus	Paxillus involutus		SPECIES	Paxillus involutus (Batsch) Fr.	Paxillus involutus		CA		New Brunswick	PRESENT		28eb1a3f-1c15-4a95-931a-4af90ecb574d	45.12935	-66.524522	36.0						2022-08-16T17:05:32	16	8	2022	5240002	5240002	HUMAN_OBSERVATION	iNaturalist	Observations	131361755		Todd Ross	2022-08-18T18:29:46	CC_BY_NC_4_0	Todd Ross	Todd Ross			2025-01-14T12:32:45.949Z	StillImage	COORDINATE_ROUNDED;CONTINENT_DERIVED_FROM_COORDINATES;TAXON_MATCH_TAXON_ID_IGNORED
3764532370	50c9509d-22c7-4a22-a47d-8c48425ef4a7	https://www.inaturalist.org/observations/96944222	Fungi	Basidiomycota	Agaricomycetes	Boletales	Paxillaceae	Paxillus	Paxillus involutus		SPECIES	Paxillus involutus (Batsch) Fr.	Paxillus involutus		CA		Québec	PRESENT		28eb1a3f-1c15-4a95-931a-4af90ecb574d	46.773487	-71.322617	7.0						2021-10-02T17:32:24	2	10	2021	5240002	5240002	HUMAN_OBSERVATION	iNaturalist	Observations	96944222		kajah3	2021-10-02T21:32:53	CC_BY_NC_4_0	kajah3	kajah3			2025-01-14T13:10:47.708Z	StillImage	COORDINATE_ROUNDED;CONTINENT_DERIVED_FROM_COORDINATES;TAXON_MATCH_TAXON_ID_IGNORED
3456262183	50c9509d-22c7-4a22-a47d-8c48425ef4a7	https://www.inaturalist.org/observations/97061977	Fungi	Basidiomycota	Agaricomycetes	Boletales	Paxillaceae	Paxillus	Paxillus involutus		SPECIES	Paxillus involutus (Batsch) Fr.	Paxillus involutus		CA		Ontario	PRESENT		28eb1a3f-1c15-4a95-931a-4af90ecb574d	45.662825	-77.570899	487.0						2021-09-28T10:50	28	9	2021	5240002	5240002	HUMAN_OBSERVATION	iNaturalist	Observations	97061977		kboiv6	2021-10-03T20:06:43	CC_BY_NC_4_0	kboiv6	kboiv6			2025-01-14T13:14:20.543Z	StillImage	COORDINATE_ROUNDED;CONTINENT_DERIVED_FROM_COORDINATES;TAXON_MATCH_TAXON_ID_IGNORED
3399429377	50c9509d-22c7-4a22-a47d-8c48425ef4a7	https://www.inaturalist.org/observations/98659191	Fungi	Basidiomycota	Agaricomycetes	Boletales	Paxillaceae	Paxillus	Paxillus involutus		SPECIES	Paxillus involutus (Batsch) Fr.	Paxillus involutus		CA		Québec	PRESENT		28eb1a3f-1c15-4a95-931a-4af90ecb574d	45.510842	-73.584412	5.0						2021-10-06T15:51:07	6	10	2021	5240002	5240002	HUMAN_OBSERVATION	iNaturalist	Observations	98659191		aliciabontes	2021-10-19T00:25:54	CC_BY_NC_4_0	aliciabontes	aliciabontes			2025-01-14T13:12:03.295Z	StillImage	COORDINATE_ROUNDED;CONTINENT_DERIVED_FROM_COORDINATES;TAXON_MATCH_TAXON_ID_IGNORED
3398720987	50c9509d-22c7-4a22-a47d-8c48425ef4a7	https://www.inaturalist.org/observations/98199365	Fungi	Basidiomycota	Agaricomycetes	Boletales	Paxillaceae	Paxillus	Paxillus involutus		SPECIES	Paxillus involutus (Batsch) Fr.	Paxillus involutus		CA		Québec	PRESENT		28eb1a3f-1c15-4a95-931a-4af90ecb574d	45.512445	-73.58297	10.0						2021-10-07T14:53:53	7	10	2021	5240002	5240002	HUMAN_OBSERVATION	iNaturalist	Observations	98199365		raghadmet	2021-10-14T15:24:11	CC_BY_NC_4_0	raghadmet	raghadmet			2025-01-14T13:25:14.040Z	StillImage	CONTINENT_DERIVED_FROM_COORDINATES;TAXON_MATCH_TAXON_ID_IGNORED
3391344025	50c9509d-22c7-4a22-a47d-8c48425ef4a7	https://www.inaturalist.org/observations/97955563	Fungi	Basidiomycota	Agaricomycetes	Boletales	Paxillaceae	Paxillus	Paxillus involutus		SPECIES	Paxillus involutus (Batsch) Fr.	Paxillus involutus		CA		Québec	PRESENT		28eb1a3f-1c15-4a95-931a-4af90ecb574d	45.070361	-73.7296	4.0						2021-10-11T13:49:32	11	10	2021	5240002	5240002	HUMAN_OBSERVATION	iNaturalist	Observations	97955563		Mical	2021-10-11T23:46:41	CC_BY_4_0	Mical	Mical			2025-01-14T12:24:02.332Z	StillImage	COORDINATE_ROUNDED;CONTINENT_DERIVED_FROM_COORDINATES;TAXON_MATCH_TAXON_ID_IGNORED
3385211450	50c9509d-22c7-4a22-a47d-8c48425ef4a7	https://www.inaturalist.org/observations/97292952	Fungi	Basidiomycota	Agaricomycetes	Boletales	Paxillaceae	Paxillus	Paxillus involutus		SPECIES	Paxillus involutus (Batsch) Fr.	Paxillus involutus		CA		Québec	PRESENT		28eb1a3f-1c15-4a95-931a-4af90ecb574d	45.775368	-74.010059	977.0						2021-10-04T16:38	4	10	2021	5240002	5240002	HUMAN_OBSERVATION	iNaturalist	Observations	97292952		Carole Beauchesne	2021-10-05T22:44:07	CC_BY_NC_4_0	Carole Beauchesne	Carole Beauchesne			2025-01-14T13:10:45.869Z	StillImage	COORDINATE_ROUNDED;CONTINENT_DERIVED_FROM_COORDINATES;TAXON_MATCH_TAXON_ID_IGNORED
3385123729	50c9509d-22c7-4a22-a47d-8c48425ef4a7	https://www.inaturalist.org/observations/94712630	Fungi	Basidiomycota	Agaricomycetes	Boletales	Paxillaceae	Paxillus	Paxillus involutus		SPECIES	Paxillus involutus (Batsch) Fr.	Paxillus involutus		CA		Québec	PRESENT		28eb1a3f-1c15-4a95-931a-4af90ecb574d	45.045833	-73.416442	19.0						2021-09-13T10:46:45	13	9	2021	5240002	5240002	HUMAN_OBSERVATION	iNaturalist	Observations	94712630		cinna_latifolia	2021-10-06T19:59:26	CC_BY_NC_4_0	mc_joncas	mc_joncas			2025-01-14T12:21:46.808Z	StillImage	COORDINATE_ROUNDED;CONTINENT_DERIVED_FROM_COORDINATES;TAXON_MATCH_TAXON_ID_IGNORED
3349350155	d8cd16ba-bb74-4420-821e-083f2bac17c2	MN992631	Fungi	Basidiomycota	Agaricomycetes	Boletales	Paxillaceae	Paxillus	Paxillus involutus		SPECIES	Paxillus involutus (Batsch) Fr.	Paxillus involutus		CA	Quebec, Chibougamau		PRESENT		ada9d123-ddb4-467d-8891-806ea8d94230	49.75	-74.4							2017-09-05	5	9	2017	5240002	5240002	PRESERVED_SPECIMEN			MQ17046-QFB29554		Pauline Dube		CC_BY_4_0					2025-01-18T13:04:48.280Z		GEODETIC_DATUM_ASSUMED_WGS84;CONTINENT_DERIVED_FROM_COORDINATES;TAXON_MATCH_TAXON_CONCEPT_ID_IGNORED;TAXON_MATCH_TAXON_ID_IGNORED
3349223208	d8cd16ba-bb74-4420-821e-083f2bac17c2	MN992481	Fungi	Basidiomycota	Agaricomycetes	Boletales	Paxillaceae	Paxillus	Paxillus involutus		SPECIES	Paxillus involutus (Batsch) Fr.	Paxillus involutus		CA	Quebec, Anticosti		PRESENT		ada9d123-ddb4-467d-8891-806ea8d94230	49.9	-64.4							2015-09-09	9	9	2015	5240002	5240002	PRESERVED_SPECIMEN			ANT185-QFB28618		Herman Lambert		CC_BY_4_0					2025-01-18T13:05:50.834Z		GEODETIC_DATUM_ASSUMED_WGS84;CONTINENT_DERIVED_FROM_COORDINATES;TAXON_MATCH_TAXON_CONCEPT_ID_IGNORED;TAXON_MATCH_TAXON_ID_IGNORED
3321133369	50c9509d-22c7-4a22-a47d-8c48425ef4a7	https://www.inaturalist.org/observations/56448500	Fungi	Basidiomycota	Agaricomycetes	Boletales	Paxillaceae	Paxillus	Paxillus involutus		SPECIES	Paxillus involutus (Batsch) Fr.	Paxillus involutus		CA		Québec	PRESENT		28eb1a3f-1c15-4a95-931a-4af90ecb574d	45.540132	-75.716829	27158.0						2020-08-14T16:11:52	14	8	2020	5240002	5240002	HUMAN_OBSERVATION	iNaturalist	Observations	56448500		bobtyler	2020-08-14T20:17:53	CC_BY_NC_4_0	bobtyler	bobtyler			2025-01-14T13:03:14.750Z	StillImage	COORDINATE_ROUNDED;CONTINENT_DERIVED_FROM_COORDINATES;TAXON_MATCH_TAXON_ID_IGNORED
3079516504	50c9509d-22c7-4a22-a47d-8c48425ef4a7	https://www.inaturalist.org/observations/17451438	Fungi	Basidiomycota	Agaricomycetes	Boletales	Paxillaceae	Paxillus	Paxillus involutus		SPECIES	Paxillus involutus (Batsch) Fr.	Paxillus involutus		CA		Ontario	PRESENT		28eb1a3f-1c15-4a95-931a-4af90ecb574d	45.409042	-75.574339	1000.0						2018-10-11T16:34	11	10	2018	5240002	5240002	HUMAN_OBSERVATION	iNaturalist	Observations	17451438		Igor Khomenko	2018-10-13T05:18:02	CC_BY_NC_4_0	Igor Khomenko	Igor Khomenko			2025-01-14T13:01:04.585Z	StillImage	COORDINATE_ROUNDED;CONTINENT_DERIVED_FROM_COORDINATES;TAXON_MATCH_TAXON_ID_IGNORED
3018147520	50c9509d-22c7-4a22-a47d-8c48425ef4a7	https://www.inaturalist.org/observations/61249103	Fungi	Basidiomycota	Agaricomycetes	Boletales	Paxillaceae	Paxillus	Paxillus involutus		SPECIES	Paxillus involutus (Batsch) Fr.	Paxillus involutus		CA		Ontario	PRESENT		28eb1a3f-1c15-4a95-931a-4af90ecb574d	45.5622	-78.281391	516.0						2020-09-17T13:58	17	9	2020	5240002	5240002	HUMAN_OBSERVATION	iNaturalist	Observations	61249103		Tim Thorington	2020-09-29T21:27:38	CC_BY_NC_4_0	Tim Thorington	Tim Thorington			2025-01-14T12:14:56.850Z	StillImage	COORDINATE_ROUNDED;CONTINENT_DERIVED_FROM_COORDINATES;TAXON_MATCH_TAXON_ID_IGNORED
2883158624	50c9509d-22c7-4a22-a47d-8c48425ef4a7	https://www.inaturalist.org/observations/61445925	Fungi	Basidiomycota	Agaricomycetes	Boletales	Paxillaceae	Paxillus	Paxillus involutus		SPECIES	Paxillus involutus (Batsch) Fr.	Paxillus involutus		CA		New Brunswick	PRESENT		28eb1a3f-1c15-4a95-931a-4af90ecb574d	47.624157	-65.673283	46.0						2020-09-24T14:11:31	24	9	2020	5240002	5240002	HUMAN_OBSERVATION	iNaturalist	Observations	61445925		Christabelle Ngougni	2020-10-02T02:35:48	CC_BY_NC_4_0	manuellaccnb	manuellaccnb			2025-01-14T12:14:56.047Z	StillImage	COORDINATE_ROUNDED;CONTINENT_DERIVED_FROM_COORDINATES;TAXON_MATCH_TAXON_ID_IGNORED
2873737698	50c9509d-22c7-4a22-a47d-8c48425ef4a7	https://www.inaturalist.org/observations/60880896	Fungi	Basidiomycota	Agaricomycetes	Boletales	Paxillaceae	Paxillus	Paxillus involutus		SPECIES	Paxillus involutus (Batsch) Fr.	Paxillus involutus		CA		New Brunswick	PRESENT		28eb1a3f-1c15-4a95-931a-4af90ecb574d	47.618224	-65.67552	6.0						2020-09-26T17:54:40	26	9	2020	5240002	5240002	HUMAN_OBSERVATION	iNaturalist	Observations	60880896		Berthelot	2020-09-26T21:44:32	CC_BY_NC_4_0	Berthelot	Berthelot			2025-01-14T13:04:05.522Z	StillImage	COORDINATE_ROUNDED;CONTINENT_DERIVED_FROM_COORDINATES;TAXON_MATCH_TAXON_ID_IGNORED
2862674492	50c9509d-22c7-4a22-a47d-8c48425ef4a7	https://www.inaturalist.org/observations/59172693	Fungi	Basidiomycota	Agaricomycetes	Boletales	Paxillaceae	Paxillus	Paxillus involutus		SPECIES	Paxillus involutus (Batsch) Fr.	Paxillus involutus		CA		Ontario	PRESENT		28eb1a3f-1c15-4a95-931a-4af90ecb574d	45.456923	-75.475123							2020-09-10T16:48	10	9	2020	5240002	5240002	HUMAN_OBSERVATION	iNaturalist	Observations	59172693		jonathan_mack	2020-09-10T22:55:46	CC_BY_NC_4_0	jonathan_mack	jonathan_mack			2025-01-14T12:15:38.085Z	StillImage	COORDINATE_ROUNDED;CONTINENT_DERIVED_FROM_COORDINATES;TAXON_MATCH_TAXON_ID_IGNORED
2851110207	50c9509d-22c7-4a22-a47d-8c48425ef4a7	https://www.inaturalist.org/observations/56739591	Fungi	Basidiomycota	Agaricomycetes	Boletales	Paxillaceae	Paxillus	Paxillus involutus		SPECIES	Paxillus involutus (Batsch) Fr.	Paxillus involutus		CA		Ontario	PRESENT		28eb1a3f-1c15-4a95-931a-4af90ecb574d	45.256122	-75.92398	128.0						2020-08-17T09:30:07	17	8	2020	5240002	5240002	HUMAN_OBSERVATION	iNaturalist	Observations	56739591		Keith Seifert	2020-08-17T13:56:44	CC0_1_0	Keith Seifert	Keith Seifert			2025-01-14T13:09:30.167Z	StillImage	COORDINATE_ROUNDED;CONTINENT_DERIVED_FROM_COORDINATES;TAXON_MATCH_TAXON_ID_IGNORED
2596361140	50c9509d-22c7-4a22-a47d-8c48425ef4a7	https://www.inaturalist.org/observations/41164628	Fungi	Basidiomycota	Agaricomycetes	Boletales	Paxillaceae	Paxillus	Paxillus involutus		SPECIES	Paxillus involutus (Batsch) Fr.	Paxillus involutus		CA		Québec	PRESENT		28eb1a3f-1c15-4a95-931a-4af90ecb574d	46.833828	-71.309902	15.0						2012-08-21	21	8	2012	5240002	5240002	HUMAN_OBSERVATION	iNaturalist	Observations	41164628		Christian Grenier	2020-04-01T14:06:12	CC_BY_NC_4_0	Christian Grenier	Christian Grenier			2025-01-14T12:11:13.748Z	StillImage	COORDINATE_ROUNDED;CONTINENT_DERIVED_FROM_COORDINATES;TAXON_MATCH_TAXON_ID_IGNORED
2563468122	50c9509d-22c7-4a22-a47d-8c48425ef4a7	https://www.inaturalist.org/observations/34641786	Fungi	Basidiomycota	Agaricomycetes	Boletales	Paxillaceae	Paxillus	Paxillus involutus		SPECIES	Paxillus involutus (Batsch) Fr.	Paxillus involutus		CA		New Brunswick	PRESENT		28eb1a3f-1c15-4a95-931a-4af90ecb574d	46.209198	-64.288713	2636.0						2013-09-28T09:45	28	9	2013	5240002	5240002	HUMAN_OBSERVATION	iNaturalist	Observations	34641786		Raymonde G Chartier	2019-10-20T17:33:47	CC_BY_NC_4_0	Raymonde G Chartier	Raymonde G Chartier			2025-01-14T12:09:37.454Z	StillImage	COORDINATE_ROUNDED;CONTINENT_DERIVED_FROM_COORDINATES;TAXON_MATCH_TAXON_ID_IGNORED
2460103614	50c9509d-22c7-4a22-a47d-8c48425ef4a7	https://www.inaturalist.org/observations/32933507	Fungi	Basidiomycota	Agaricomycetes	Boletales	Paxillaceae	Paxillus	Paxillus involutus		SPECIES	Paxillus involutus (Batsch) Fr.	Paxillus involutus		CA		Ontario	PRESENT		28eb1a3f-1c15-4a95-931a-4af90ecb574d	45.279525	-76.689311							2019-09-15T10:29	15	9	2019	5240002	5240002	HUMAN_OBSERVATION	iNaturalist	Observations	32933507		Serguei Ponomarenko	2019-09-18T05:05:40	CC_BY_NC_4_0	Serguei Ponomarenko	Serguei Ponomarenko			2025-01-14T13:06:18.154Z	StillImage	COORDINATE_ROUNDED;CONTINENT_DERIVED_FROM_COORDINATES;TAXON_MATCH_TAXON_ID_IGNORED
2429450534	50c9509d-22c7-4a22-a47d-8c48425ef4a7	https://www.inaturalist.org/observations/34048019	Fungi	Basidiomycota	Agaricomycetes	Boletales	Paxillaceae	Paxillus	Paxillus involutus		SPECIES	Paxillus involutus (Batsch) Fr.	Paxillus involutus		CA		Ontario	PRESENT		28eb1a3f-1c15-4a95-931a-4af90ecb574d	45.837159	-78.379124	45593.0						2019-09-12	12	9	2019	5240002	5240002	HUMAN_OBSERVATION	iNaturalist	Observations	34048019		mycowalt	2019-10-08T02:45:53	CC_BY_NC_4_0	mycowalt	mycowalt			2025-01-14T13:04:10.476Z	StillImage	COORDINATE_ROUNDED;CONTINENT_DERIVED_FROM_COORDINATES;TAXON_MATCH_TAXON_ID_IGNORED
2429261861	50c9509d-22c7-4a22-a47d-8c48425ef4a7	https://www.inaturalist.org/observations/33406457	Fungi	Basidiomycota	Agaricomycetes	Boletales	Paxillaceae	Paxillus	Paxillus involutus		SPECIES	Paxillus involutus (Batsch) Fr.	Paxillus involutus		CA		Ontario	PRESENT		28eb1a3f-1c15-4a95-931a-4af90ecb574d	45.497124	-77.955819	183.0						2019-09-12T10:48	12	9	2019	5240002	5240002	HUMAN_OBSERVATION	iNaturalist	Observations	33406457		mycowalt	2019-09-26T01:27:27	CC_BY_NC_4_0	mycowalt	mycowalt			2025-01-14T13:04:51.063Z	StillImage	COORDINATE_ROUNDED;CONTINENT_DERIVED_FROM_COORDINATES;TAXON_MATCH_TAXON_ID_IGNORED
2423177122	50c9509d-22c7-4a22-a47d-8c48425ef4a7	https://www.inaturalist.org/observations/33145139	Fungi	Basidiomycota	Agaricomycetes	Boletales	Paxillaceae	Paxillus	Paxillus involutus		SPECIES	Paxillus involutus (Batsch) Fr.	Paxillus involutus		CA		Ontario	PRESENT		28eb1a3f-1c15-4a95-931a-4af90ecb574d	45.428676	-75.616414							2019-09-21	21	9	2019	5240002	5240002	HUMAN_OBSERVATION	iNaturalist	Observations	33145139		ninahals	2019-09-21T18:38:30	CC_BY_NC_4_0	ninahals	ninahals			2025-01-14T12:09:17.506Z	StillImage	COORDINATE_ROUNDED;CONTINENT_DERIVED_FROM_COORDINATES;TAXON_MATCH_TAXON_ID_IGNORED
1990340932	032f1fbe-d21f-407d-be46-5cd1bb1ea397	0f8040b7-4a47-49e3-8d03-86e1e954beab	Fungi	Basidiomycota	Agaricomycetes	Boletales	Paxillaceae	Paxillus	Paxillus involutus		SPECIES	Paxillus involutus (Batsch) Fr.	Paxillus involutus	(Batsch) Fr.	CA	Alma, Vic. Alma, Fundy Prov. Pk., Wolfe Point, Copper Mine Trail.	New Brunswick	PRESENT		61c539d8-47e0-4b82-875f-b95aad66dcd4	45.559722	-65.021111							2013-09-26	26	9	2013	5240002	5240002	PRESERVED_SPECIMEN	TENN-F		TENN-F-069076	TFB 14412			CC0_1_0		R.H. Petersen & K.W. Hughes			2025-01-12T10:33:50.643Z	StillImage	COORDINATE_ROUNDED;GEODETIC_DATUM_ASSUMED_WGS84;CONTINENT_DERIVED_FROM_COORDINATES;TAXON_MATCH_TAXON_ID_IGNORED;INSTITUTION_MATCH_NONE
1990340894	032f1fbe-d21f-407d-be46-5cd1bb1ea397	0e321052-2592-4c0b-8407-8254833abc56	Fungi	Basidiomycota	Agaricomycetes	Boletales	Paxillaceae	Paxillus	Paxillus involutus		SPECIES	Paxillus involutus (Batsch) Fr.	Paxillus involutus	(Batsch) Fr.	CA	Alma, Vic. Alma, Fundy Prov. Pk., East Branch Trail.	New Brunswick	PRESENT		61c539d8-47e0-4b82-875f-b95aad66dcd4	45.649722	-65.126111							2013-09-25	25	9	2013	5240002	5240002	PRESERVED_SPECIMEN	TENN-F		TENN-F-069058	TFB 14394			CC0_1_0		R.H. Petersen			2025-01-12T10:33:36.230Z	StillImage	COORDINATE_ROUNDED;GEODETIC_DATUM_ASSUMED_WGS84;CONTINENT_DERIVED_FROM_COORDINATES;TAXON_MATCH_TAXON_ID_IGNORED;INSTITUTION_MATCH_NONE
1990299820	032f1fbe-d21f-407d-be46-5cd1bb1ea397	a4e8fdbd-4a76-4cd0-a2c0-4d96865cf4e4	Fungi	Basidiomycota	Agaricomycetes	Boletales	Paxillaceae	Paxillus	Paxillus involutus		SPECIES	Paxillus involutus (Batsch) Fr.	Paxillus involutus	(Batsch) Fr.	CA	Whitney	Ontario	PRESENT		61c539d8-47e0-4b82-875f-b95aad66dcd4	45.494444	-78.234722							1962-08-03	3	8	1962	5240002	5240002	PRESERVED_SPECIMEN	TENN-F		TENN-F-026578	RHP615			CC0_1_0		R.H. Petersen			2025-01-12T10:33:52.850Z		COORDINATE_ROUNDED;GEODETIC_DATUM_ASSUMED_WGS84;CONTINENT_DERIVED_FROM_COORDINATES;TAXON_MATCH_TAXON_ID_IGNORED;INSTITUTION_MATCH_NONE
1987939714	ca1bcd7e-7387-42f9-81ba-1470db55e3e8	DC90A5A9-A51C-004A-BE93-0D0A44E16A2D	Fungi	Basidiomycota	Agaricomycetes	Boletales	Paxillaceae	Paxillus	Paxillus involutus		SPECIES	Paxillus involutus (Batsch) Fr.	Paxillus involutus	(Batsch) Fr.	CA	Sackville, Amherst Point	New Brunswick	PRESENT		b542788f-0dc2-4a2b-b652-fceced449591	45.9	-64.366667							1977-09		9	1977	5240002	5240002	PRESERVED_SPECIMEN	BBM	UBC	F013338	sn			CC0_1_0	The University of British Columbia	T. Goward			2024-11-19T11:23:55.859Z		GEODETIC_DATUM_ASSUMED_WGS84;CONTINENT_DERIVED_FROM_COORDINATES;INSTITUTION_MATCH_FUZZY
1944423784	50c9509d-22c7-4a22-a47d-8c48425ef4a7	https://www.inaturalist.org/observations/8136317	Fungi	Basidiomycota	Agaricomycetes	Boletales	Paxillaceae	Paxillus	Paxillus involutus		SPECIES	Paxillus involutus (Batsch) Fr.	Paxillus involutus		CA		Ontario	PRESENT		28eb1a3f-1c15-4a95-931a-4af90ecb574d	45.59254	-78.537881	1953.0						2017-09-22T09:34	22	9	2017	5240002	5240002	HUMAN_OBSERVATION	iNaturalist	Observations	8136317		Garrett Taylor	2017-09-27T13:29:40	CC0_1_0	Garrett Taylor	Garrett Taylor			2025-01-14T12:57:37.110Z	StillImage	COORDINATE_ROUNDED;CONTINENT_DERIVED_FROM_COORDINATES;TAXON_MATCH_TAXON_ID_IGNORED
1935581519	50c9509d-22c7-4a22-a47d-8c48425ef4a7	https://www.inaturalist.org/observations/16781630	Fungi	Basidiomycota	Agaricomycetes	Boletales	Paxillaceae	Paxillus	Paxillus involutus		SPECIES	Paxillus involutus (Batsch) Fr.	Paxillus involutus		CA		Québec	PRESENT		28eb1a3f-1c15-4a95-931a-4af90ecb574d	45.49	-75.630494							2016-09-25T16:52	25	9	2016	5240002	5240002	HUMAN_OBSERVATION	iNaturalist	Observations	16781630		jonathan_mack	2018-09-22T02:16:51	CC_BY_NC_4_0	jonathan_mack	jonathan_mack			2025-01-14T12:05:52.210Z	StillImage	COORDINATE_ROUNDED;CONTINENT_DERIVED_FROM_COORDINATES;TAXON_MATCH_TAXON_ID_IGNORED
1935581518	50c9509d-22c7-4a22-a47d-8c48425ef4a7	https://www.inaturalist.org/observations/16781610	Fungi	Basidiomycota	Agaricomycetes	Boletales	Paxillaceae	Paxillus	Paxillus involutus		SPECIES	Paxillus involutus (Batsch) Fr.	Paxillus involutus		CA		Ontario	PRESENT		28eb1a3f-1c15-4a95-931a-4af90ecb574d	45.407236	-75.572865	309.0						2016-09-01T15:30	1	9	2016	5240002	5240002	HUMAN_OBSERVATION	iNaturalist	Observations	16781610		jonathan_mack	2018-09-22T02:16:38	CC_BY_NC_4_0	jonathan_mack	jonathan_mack			2025-01-14T13:00:36.437Z	StillImage	COORDINATE_ROUNDED;CONTINENT_DERIVED_FROM_COORDINATES;TAXON_MATCH_TAXON_ID_IGNORED
1920815530	50c9509d-22c7-4a22-a47d-8c48425ef4a7	https://www.inaturalist.org/observations/17295804	Fungi	Basidiomycota	Agaricomycetes	Boletales	Paxillaceae	Paxillus	Paxillus involutus		SPECIES	Paxillus involutus (Batsch) Fr.	Paxillus involutus		CA		Ontario	PRESENT		28eb1a3f-1c15-4a95-931a-4af90ecb574d	45.577258	-78.701645	16.0						2018-10-07T11:50:18	7	10	2018	5240002	5240002	HUMAN_OBSERVATION	iNaturalist	Observations	17295804		Angela Skevington	2018-10-07T21:53:33	CC_BY_NC_4_0	Angela Skevington	Angela Skevington			2025-01-14T12:06:34.071Z	StillImage	COORDINATE_ROUNDED;CONTINENT_DERIVED_FROM_COORDINATES;TAXON_MATCH_TAXON_ID_IGNORED
1847647321	50c9509d-22c7-4a22-a47d-8c48425ef4a7	https://www.inaturalist.org/observations/9593350	Fungi	Basidiomycota	Agaricomycetes	Boletales	Paxillaceae	Paxillus	Paxillus involutus		SPECIES	Paxillus involutus (Batsch) Fr.	Paxillus involutus		CA		Ontario	PRESENT		28eb1a3f-1c15-4a95-931a-4af90ecb574d	45.39615	-79.19605	427.0						2016-09-20	20	9	2016	5240002	5240002	HUMAN_OBSERVATION	iNaturalist	Observations	9593350		mycowalt	2018-02-14T20:55:57	CC_BY_NC_4_0	mycowalt	mycowalt			2025-01-14T12:58:18.015Z	StillImage	CONTINENT_DERIVED_FROM_COORDINATES;TAXON_MATCH_TAXON_ID_IGNORED
1847647112	50c9509d-22c7-4a22-a47d-8c48425ef4a7	https://www.inaturalist.org/observations/9593264	Fungi	Basidiomycota	Agaricomycetes	Boletales	Paxillaceae	Paxillus	Paxillus involutus		SPECIES	Paxillus involutus (Batsch) Fr.	Paxillus involutus		CA		Ontario	PRESENT		28eb1a3f-1c15-4a95-931a-4af90ecb574d	45.5794	-78.51955	385.0						2016-09-19	19	9	2016	5240002	5240002	HUMAN_OBSERVATION	iNaturalist	Observations	9593264		mycowalt	2018-02-14T20:58:36	CC_BY_NC_4_0	mycowalt	mycowalt			2025-01-14T12:04:23.104Z	StillImage	CONTINENT_DERIVED_FROM_COORDINATES;TAXON_MATCH_TAXON_ID_IGNORED
1847644777	50c9509d-22c7-4a22-a47d-8c48425ef4a7	https://www.inaturalist.org/observations/9572150	Fungi	Basidiomycota	Agaricomycetes	Boletales	Paxillaceae	Paxillus	Paxillus involutus		SPECIES	Paxillus involutus (Batsch) Fr.	Paxillus involutus		CA		Ontario	PRESENT		28eb1a3f-1c15-4a95-931a-4af90ecb574d	45.64865	-77.5247	9718.0						2012-09-26	26	9	2012	5240002	5240002	HUMAN_OBSERVATION	iNaturalist	Observations	9572150		mycowalt	2018-01-23T08:02:40	CC_BY_NC_4_0	mycowalt	mycowalt			2025-01-14T12:59:50.417Z	StillImage	CONTINENT_DERIVED_FROM_COORDINATES;TAXON_MATCH_TAXON_ID_IGNORED
1807256395	e8a25a42-f125-476c-8554-3ec21cd51a84	ACAD:112913	Fungi	Basidiomycota	Agaricomycetes	Boletales	Paxillaceae	Paxillus	Paxillus involutus		SPECIES	Paxillus involutus (Batsch) Fr.	Paxillus involutus	(Batsch) Fr., 1838	CA	(Kentville)	Nova Scotia	PRESENT		6491ad8c-8e49-4bd4-a089-0ddb3bbe0890	45.07662	-64.49592							1930-09-02	2	9	1930	5240002	5240002	PRESERVED_SPECIMEN	Acadia University	ACAD	422F	422			CC0_1_0	Acadia University	H, KA			2024-01-25T01:37:11.623Z	StillImage	GEODETIC_DATUM_INVALID;GEODETIC_DATUM_ASSUMED_WGS84;TAXON_MATCH_TAXON_ID_IGNORED;INSTITUTION_MATCH_FUZZY;COLLECTION_MATCH_FUZZY
1701558113	39bd4817-9530-4341-a918-4f16b8db1419	UdeM:CMMF:Blitz2017:105	Fungi	Basidiomycota	Agaricomycetes	Boletales	Paxillaceae	Paxillus	Paxillus involutus		SPECIES	Paxillus involutus (Batsch) Fr.	Paxillus involutus (Batsch) Fr., 1838	(Batsch) Fr., 1838	CA	Parc des Chutes de Sainte-Ursule	Québec	PRESENT		ff7bd5db-b724-4932-b496-10ea298851f9	46.300422	-73.094321	500.0						2017-08-09	9	8	2017	5240002	5240002	HUMAN_OBSERVATION	Université de Montréal Biodiversity Centre	CMMF			Raymond Archambault et Joseph Nuzzolese	2017-08-09T00:00:00	CC0_1_0		IRBV's graduate students			2024-01-24T17:29:10.418Z		
1412709603	21705170-d2b6-42de-8904-c3bca4b83591	CMMF018085	Fungi	Basidiomycota	Agaricomycetes	Boletales	Paxillaceae	Paxillus	Paxillus involutus		SPECIES	Paxillus involutus (Batsch) Fr.	Paxillus involutus (Batsch) Fr.	(Batsch) Fr.	CA	Chemin du lac Geai, Station de biologie des Laurentides, Saint-Hippolyte, Québec.	Québec	PRESENT		ff7bd5db-b724-4932-b496-10ea298851f9	45.992206	-73.998484	1000.0						1977-07-22	22	7	1977	5240002	5240002	PRESERVED_SPECIMEN	Université de Montréal Biodiversity Centre	CMMF	CMMF018085		unknown		CC0_1_0	Université de Montréal Biodiversity Centre	unknown			2024-01-24T16:38:17.946Z		INSTITUTION_MATCH_FUZZY;COLLECTION_MATCH_FUZZY;DIFFERENT_OWNER_INSTITUTION
1412709588	21705170-d2b6-42de-8904-c3bca4b83591	CMMF018066	Fungi	Basidiomycota	Agaricomycetes	Boletales	Paxillaceae	Paxillus	Paxillus involutus		SPECIES	Paxillus involutus (Batsch) Fr.	Paxillus involutus (Batsch) Fr.	(Batsch) Fr.	CA	Lac Triton, Station de biologie des Laurentides, Saint-Hippolyte, Québec.	Québec	PRESENT		ff7bd5db-b724-4932-b496-10ea298851f9	45.987784	-74.007871	250.0						1977-08-08	8	8	1977	5240002	5240002	PRESERVED_SPECIMEN	Université de Montréal Biodiversity Centre	CMMF	CMMF018066	65	B., A.M.; T., A.; Neumann, Peterjurgen; R., S.		CC0_1_0	Université de Montréal Biodiversity Centre	B., A.M.; T., A.; Neumann, Peterjurgen; R., S.			2024-01-24T16:38:17.936Z		INSTITUTION_MATCH_FUZZY;COLLECTION_MATCH_FUZZY;DIFFERENT_OWNER_INSTITUTION
1412709526	21705170-d2b6-42de-8904-c3bca4b83591	CMMF018034	Fungi	Basidiomycota	Agaricomycetes	Boletales	Paxillaceae	Paxillus	Paxillus involutus		SPECIES	Paxillus involutus (Batsch) Fr.	Paxillus involutus (Batsch) Fr.	(Batsch) Fr.	CA	Début du chemin du lac Geai, entre le lac Croche et le chemin, Station de biologie des Laurentides, Saint-Hippolyte, Québec.	Québec	PRESENT		ff7bd5db-b724-4932-b496-10ea298851f9	45.990692	-74.002148	500.0						1977-08-24	24	8	1977	5240002	5240002	PRESERVED_SPECIMEN	Université de Montréal Biodiversity Centre	CMMF	CMMF018034	76	Neumann, Peterjurgen; R., S.		CC0_1_0	Université de Montréal Biodiversity Centre	Neumann, Peterjurgen; R., S.			2024-01-24T16:38:17.929Z		INSTITUTION_MATCH_FUZZY;COLLECTION_MATCH_FUZZY;DIFFERENT_OWNER_INSTITUTION
1412709510	21705170-d2b6-42de-8904-c3bca4b83591	CMMF018018	Fungi	Basidiomycota	Agaricomycetes	Boletales	Paxillaceae	Paxillus	Paxillus involutus		SPECIES	Paxillus involutus (Batsch) Fr.	Paxillus involutus (Batsch) Fr.	(Batsch) Fr.	CA	Chemin du lac Geai, Station de biologie des Laurentides, Saint-Hippolyte, Québec.	Québec	PRESENT		ff7bd5db-b724-4932-b496-10ea298851f9	45.992206	-73.998484	1000.0						1977-08-06	6	8	1977	5240002	5240002	PRESERVED_SPECIMEN	Université de Montréal Biodiversity Centre	CMMF	CMMF018018	31	unknown		CC0_1_0	Université de Montréal Biodiversity Centre	unknown			2024-01-24T16:38:18.017Z		INSTITUTION_MATCH_FUZZY;COLLECTION_MATCH_FUZZY;DIFFERENT_OWNER_INSTITUTION
1412706754	21705170-d2b6-42de-8904-c3bca4b83591	CMMF015188	Fungi	Basidiomycota	Agaricomycetes	Boletales	Paxillaceae	Paxillus	Paxillus involutus		SPECIES	Paxillus involutus (Batsch) Fr.	Paxillus involutus (Batsch) Fr.	(Batsch) Fr.	CA	Rang Saint-Martin, Chicoutimi, Québec.	Québec	PRESENT		ff7bd5db-b724-4932-b496-10ea298851f9	48.42951	-70.956161	6000.0						1983-09-30	30	9	1983	5240002	5240002	PRESERVED_SPECIMEN	Université de Montréal Biodiversity Centre	CMMF	CMMF015188	1129	Guérin, Gérard		CC0_1_0	Université de Montréal Biodiversity Centre	Guérin, Gérard			2024-01-24T16:38:16.896Z	StillImage	INSTITUTION_MATCH_FUZZY;COLLECTION_MATCH_FUZZY;DIFFERENT_OWNER_INSTITUTION
1412706687	21705170-d2b6-42de-8904-c3bca4b83591	CMMF015189	Fungi	Basidiomycota	Agaricomycetes	Boletales	Paxillaceae	Paxillus	Paxillus involutus		SPECIES	Paxillus involutus (Batsch) Fr.	Paxillus involutus (Batsch) Fr.	(Batsch) Fr.	CA	Shipshaw, Québec.	Québec	PRESENT		ff7bd5db-b724-4932-b496-10ea298851f9	48.466834	-71.263421	2500.0						1992-09-26	26	9	1992	5240002	5240002	PRESERVED_SPECIMEN	Université de Montréal Biodiversity Centre	CMMF	CMMF015189	1130	Guérin, Gérard		CC0_1_0	Université de Montréal Biodiversity Centre	Guérin, Gérard			2024-01-24T16:38:16.895Z	StillImage	INSTITUTION_MATCH_FUZZY;COLLECTION_MATCH_FUZZY;DIFFERENT_OWNER_INSTITUTION
1412703101	21705170-d2b6-42de-8904-c3bca4b83591	CMMF011583	Fungi	Basidiomycota	Agaricomycetes	Boletales	Paxillaceae	Paxillus	Paxillus involutus		SPECIES	Paxillus involutus (Batsch) Fr.	Paxillus involutus (Batsch) Fr.	(Batsch) Fr.	CA	Sainte-Anne de la Pocatière, Kamouraska, Québec.	Québec	PRESENT		ff7bd5db-b724-4932-b496-10ea298851f9	47.366667	-70.033333	8000.0						1944-09-09	9	9	1944	5240002	5240002	PRESERVED_SPECIMEN	Université de Montréal Biodiversity Centre	CMMF	CMMF011583	18408	Pomerleau, René		CC0_1_0	Université de Montréal Biodiversity Centre	Campagna, Elzéar; Dubé, Lucien			2024-01-24T16:38:18.045Z		INSTITUTION_MATCH_FUZZY;COLLECTION_MATCH_FUZZY;DIFFERENT_OWNER_INSTITUTION
1135071328	21705170-d2b6-42de-8904-c3bca4b83591	CMMF009829	Fungi	Basidiomycota	Agaricomycetes	Boletales	Paxillaceae	Paxillus	Paxillus involutus		SPECIES	Paxillus involutus (Batsch) Fr.	Paxillus involutus (Batsch) Fr.	(Batsch) Fr.	CA	Chemin Chapelle nord, Lac-Beauport.	Québec	PRESENT		ff7bd5db-b724-4932-b496-10ea298851f9	46.950203	-71.284979	150.0						2007-08-23	23	8	2007	5240002	5240002	PRESERVED_SPECIMEN	Université de Montréal Biodiversity Centre	CMMF	CMMF009829	1413	Labrecque, Jacqueline		CC0_1_0	Université de Montréal Biodiversity Centre	Labrecque, Jacqueline			2024-01-24T16:38:21.275Z		INSTITUTION_MATCH_FUZZY;COLLECTION_MATCH_FUZZY;DIFFERENT_OWNER_INSTITUTION
1135071250	21705170-d2b6-42de-8904-c3bca4b83591	CMMF009842	Fungi	Basidiomycota	Agaricomycetes	Boletales	Paxillaceae	Paxillus	Paxillus involutus		SPECIES	Paxillus involutus (Batsch) Fr.	Paxillus involutus (Batsch) Fr.	(Batsch) Fr.	CA	Côte Bédard, Hector Bédard, Québec.	Québec	PRESENT		ff7bd5db-b724-4932-b496-10ea298851f9	46.907478	-71.312257	400.0						2007-08-23	23	8	2007	5240002	5240002	PRESERVED_SPECIMEN	Université de Montréal Biodiversity Centre	CMMF	CMMF009842	1426	Labrecque, Jacqueline		CC0_1_0	Université de Montréal Biodiversity Centre	Labrecque, Jacqueline			2024-01-24T16:38:21.281Z		INSTITUTION_MATCH_FUZZY;COLLECTION_MATCH_FUZZY;DIFFERENT_OWNER_INSTITUTION
1135070510	21705170-d2b6-42de-8904-c3bca4b83591	CMMF009076	Fungi	Basidiomycota	Agaricomycetes	Boletales	Paxillaceae	Paxillus	Paxillus involutus		SPECIES	Paxillus involutus (Batsch) Fr.	Paxillus involutus (Batsch) Fr.	(Batsch) Fr.	CA	Chemin O'Neil, Lac-Beauport.	Québec	PRESENT		ff7bd5db-b724-4932-b496-10ea298851f9	46.953091	-71.275238	5000.0						2006-08-30	30	8	2006	5240002	5240002	PRESERVED_SPECIMEN	Université de Montréal Biodiversity Centre	CMMF	CMMF009076	659	Labrecque, Jacqueline		CC0_1_0	Université de Montréal Biodiversity Centre	Labrecque, Jacqueline			2024-01-24T16:38:20.181Z	StillImage	INSTITUTION_MATCH_FUZZY;COLLECTION_MATCH_FUZZY;DIFFERENT_OWNER_INSTITUTION
1135070483	21705170-d2b6-42de-8904-c3bca4b83591	CMMF009073	Fungi	Basidiomycota	Agaricomycetes	Boletales	Paxillaceae	Paxillus	Paxillus involutus		SPECIES	Paxillus involutus (Batsch) Fr.	Paxillus involutus (Batsch) Fr.	(Batsch) Fr.	CA	Pinède Rourke, Lac-Beauport.	Québec	PRESENT		ff7bd5db-b724-4932-b496-10ea298851f9	46.953091	-71.275238	5000.0						2006-08-29	29	8	2006	5240002	5240002	PRESERVED_SPECIMEN	Université de Montréal Biodiversity Centre	CMMF	CMMF009073	656	Labrecque, Jacqueline		CC0_1_0	Université de Montréal Biodiversity Centre	Labrecque, Jacqueline			2024-01-24T16:38:20.178Z		INSTITUTION_MATCH_FUZZY;COLLECTION_MATCH_FUZZY;DIFFERENT_OWNER_INSTITUTION
1135069313	21705170-d2b6-42de-8904-c3bca4b83591	CMMF007972	Fungi	Basidiomycota	Agaricomycetes	Boletales	Paxillaceae	Paxillus	Paxillus involutus		SPECIES	Paxillus involutus (Batsch) Fr.	Paxillus involutus (Batsch) Fr.	(Batsch) Fr.	CA	Notre-Dame-du-Rosaire	Québec	PRESENT		ff7bd5db-b724-4932-b496-10ea298851f9	46.801567	-70.357633	100.0						2005-09-28	28	9	2005	5240002	5240002	PRESERVED_SPECIMEN	Université de Montréal Biodiversity Centre	CMMF	CMMF007972	Inexistant	McNeil, Raymond		CC0_1_0	Université de Montréal Biodiversity Centre	McNeil, Raymond			2024-01-24T16:38:15.640Z	StillImage	COORDINATE_ROUNDED;INSTITUTION_MATCH_FUZZY;COLLECTION_MATCH_FUZZY;DIFFERENT_OWNER_INSTITUTION
1135069094	21705170-d2b6-42de-8904-c3bca4b83591	CMMF007623	Fungi	Basidiomycota	Agaricomycetes	Boletales	Paxillaceae	Paxillus	Paxillus involutus		SPECIES	Paxillus involutus (Batsch) Fr.	Paxillus involutus (Batsch) Fr.	(Batsch) Fr.	CA	St-Hippolyte	Québec	PRESENT		ff7bd5db-b724-4932-b496-10ea298851f9	45.989333	-74.003633	100.0						2004-09-21	21	9	2004	5240002	5240002	PRESERVED_SPECIMEN	Université de Montréal Biodiversity Centre	CMMF	CMMF007623	C2046	McNeil, Raymond		CC0_1_0	Université de Montréal Biodiversity Centre	McNeil, Raymond			2024-01-24T16:38:16.026Z	StillImage	INSTITUTION_MATCH_FUZZY;COLLECTION_MATCH_FUZZY;DIFFERENT_OWNER_INSTITUTION
1135068704	21705170-d2b6-42de-8904-c3bca4b83591	CMMF007201	Fungi	Basidiomycota	Agaricomycetes	Boletales	Paxillaceae	Paxillus	Paxillus involutus		SPECIES	Paxillus involutus (Batsch) Fr.	Paxillus involutus (Batsch) Fr.	(Batsch) Fr.	CA	Mirabel (Chemin de la Rivière du Nord)	Québec	PRESENT		ff7bd5db-b724-4932-b496-10ea298851f9	45.683917	-74.2185	100.0						1979-09-22	22	9	1979	5240002	5240002	PRESERVED_SPECIMEN	Université de Montréal Biodiversity Centre	CMMF	CMMF007201	Inexistant	McNeil, Raymond		CC0_1_0	Université de Montréal Biodiversity Centre	McNeil, Raymond			2024-01-24T16:38:21.305Z	StillImage	COORDINATE_ROUNDED;INSTITUTION_MATCH_FUZZY;COLLECTION_MATCH_FUZZY;DIFFERENT_OWNER_INSTITUTION
1135068645	21705170-d2b6-42de-8904-c3bca4b83591	CMMF007184	Fungi	Basidiomycota	Agaricomycetes	Boletales	Paxillaceae	Paxillus	Paxillus involutus		SPECIES	Paxillus involutus (Batsch) Fr.	Paxillus involutus (Batsch) Fr.	(Batsch) Fr.	CA	Mirabel (Chemin de la Rivière du Nord)	Québec	PRESENT		ff7bd5db-b724-4932-b496-10ea298851f9	45.683917	-74.2185	100.0						2012-08-23	23	8	2012	5240002	5240002	PRESERVED_SPECIMEN	Université de Montréal Biodiversity Centre	CMMF	CMMF007184	C4047	McNeil, Raymond		CC0_1_0	Université de Montréal Biodiversity Centre	McNeil, Raymond			2024-01-24T16:38:21.059Z	StillImage	COORDINATE_ROUNDED;INSTITUTION_MATCH_FUZZY;COLLECTION_MATCH_FUZZY;DIFFERENT_OWNER_INSTITUTION
1135068633	21705170-d2b6-42de-8904-c3bca4b83591	CMMF007183	Fungi	Basidiomycota	Agaricomycetes	Boletales	Paxillaceae	Paxillus	Paxillus involutus		SPECIES	Paxillus involutus (Batsch) Fr.	Paxillus involutus (Batsch) Fr.	(Batsch) Fr.	CA	Mirabel (Chemin de la Rivière du Nord)	Québec	PRESENT		ff7bd5db-b724-4932-b496-10ea298851f9	45.683917	-74.2185	100.0						2012-08-23	23	8	2012	5240002	5240002	PRESERVED_SPECIMEN	Université de Montréal Biodiversity Centre	CMMF	CMMF007183	C4046	McNeil, Raymond		CC0_1_0	Université de Montréal Biodiversity Centre	McNeil, Raymond			2024-01-24T16:38:21.059Z	StillImage	COORDINATE_ROUNDED;INSTITUTION_MATCH_FUZZY;COLLECTION_MATCH_FUZZY;DIFFERENT_OWNER_INSTITUTION
1135068468	21705170-d2b6-42de-8904-c3bca4b83591	CMMF007002	Fungi	Basidiomycota	Agaricomycetes	Boletales	Paxillaceae	Paxillus	Paxillus involutus		SPECIES	Paxillus involutus (Batsch) Fr.	Paxillus involutus (Batsch) Fr.	(Batsch) Fr.	CA	Lachute	Québec	PRESENT		ff7bd5db-b724-4932-b496-10ea298851f9	45.66275	-74.241983	100.0						2007-09-30	30	9	2007	5240002	5240002	PRESERVED_SPECIMEN	Université de Montréal Biodiversity Centre	CMMF	CMMF007002	Inexistant	McNeil, Raymond		CC0_1_0	Université de Montréal Biodiversity Centre	McNeil, Raymond			2024-01-24T16:38:21.016Z	StillImage	COORDINATE_ROUNDED;INSTITUTION_MATCH_FUZZY;COLLECTION_MATCH_FUZZY;DIFFERENT_OWNER_INSTITUTION
1135066719	21705170-d2b6-42de-8904-c3bca4b83591	CMMF010139	Fungi	Basidiomycota	Agaricomycetes	Boletales	Paxillaceae	Paxillus	Paxillus involutus		SPECIES	Paxillus involutus (Batsch) Fr.	Paxillus involutus (Batsch) Fr.	(Batsch) Fr.	CA	Château Bigot, Québec.	Québec	PRESENT		ff7bd5db-b724-4932-b496-10ea298851f9	46.898375	-71.266801	2000.0						2007-10-03	3	10	2007	5240002	5240002	PRESERVED_SPECIMEN	Université de Montréal Biodiversity Centre	CMMF	CMMF010139	1725	Labrecque, Jacqueline		CC0_1_0	Université de Montréal Biodiversity Centre	Labrecque, Jacqueline			2024-01-24T16:38:20.245Z		INSTITUTION_MATCH_FUZZY;COLLECTION_MATCH_FUZZY;DIFFERENT_OWNER_INSTITUTION
1024558775	21705170-d2b6-42de-8904-c3bca4b83591	CMMF004255	Fungi	Basidiomycota	Agaricomycetes	Boletales	Paxillaceae	Paxillus	Paxillus involutus		SPECIES	Paxillus involutus (Batsch) Fr.	Paxillus involutus (Batsch) Fr.	(Batsch) Fr.	CA	Réserve écologique du Boisé-des-Muir, Hinchinbrooke.	Québec	PRESENT		ff7bd5db-b724-4932-b496-10ea298851f9	45.085661	-74.118517	30.0						2012-07-03	3	7	2012	5240002	5240002	PRESERVED_SPECIMEN	Université de Montréal Biodiversity Centre	CMMF	CMMF004255	263	Archambault, Raymond		CC0_1_0	Université de Montréal Biodiversity Centre	Archambault, Raymond; Langlois, Annabelle; Turgon, Jean-Pierre			2024-01-24T16:38:18.697Z	StillImage	INSTITUTION_MATCH_FUZZY;COLLECTION_MATCH_FUZZY;DIFFERENT_OWNER_INSTITUTION
