gbifID	datasetKey	occurrenceID	kingdom	phylum	class	order	family	genus	species	infraspecificEpithet	taxonRank	scientificName	verbatimScientificName	verbatimScientificNameAuthorship	countryCode	locality	stateProvince	occurrenceStatus	individualCount	publishingOrgKey	decimalLatitude	decimalLongitude	coordinateUncertaintyInMeters	coordinatePrecision	elevation	elevationAccuracy	depth	depthAccuracy	eventDate	day	month	year	taxonKey	speciesKey	basisOfRecord	institutionCode	collectionCode	catalogNumber	recordNumber	identifiedBy	dateIdentified	license	rightsHolder	recordedBy	typeStatus	establishmentMeans	lastInterpreted	mediaType	issue
617554658	21705170-d2b6-42de-8904-c3bca4b83591	CMMF000455	Fungi	Basidiomycota	Agaricomycetes	Gloeophyllales	Gloeophyllaceae	Neolentinus	Neolentinus lepideus		SPECIES	Neolentinus lepideus (Fr.) Redhead & Ginns	Neolentinus lepideus (Fr.) Redhead & Ginns	(Fr.) Redhead & Ginns	CA	Oka	Québec	PRESENT		ff7bd5db-b724-4932-b496-10ea298851f9	45.485445	-74.079213	8500.0						1989-05-27	27	5	1989	9129313	9129313	PRESERVED_SPECIMEN	Université de Montréal Biodiversity Centre	CMMF	CMMF000455		Lamoureux, Yves		CC0_1_0	Université de Montréal Biodiversity Centre	Garneau, Yves			2024-01-24T16:38:19.975Z	StillImage	INSTITUTION_MATCH_FUZZY;COLLECTION_MATCH_FUZZY;DIFFERENT_OWNER_INSTITUTION
617553466	21705170-d2b6-42de-8904-c3bca4b83591	CMMF003614	Fungi	Basidiomycota	Agaricomycetes	Gloeophyllales	Gloeophyllaceae	Neolentinus	Neolentinus lepideus		SPECIES	Neolentinus lepideus (Fr.) Redhead & Ginns	Neolentinus lepideus (Fr.) Redhead & Ginns	(Fr.) Redhead & Ginns	CA	Rawdon	Québec	PRESENT		ff7bd5db-b724-4932-b496-10ea298851f9	46.052398	-73.748752	11000.0						2002-07-08	8	7	2002	9129313	9129313	PRESERVED_SPECIMEN	Université de Montréal Biodiversity Centre	CMMF	CMMF003614		Lamoureux, Yves		CC0_1_0	Université de Montréal Biodiversity Centre	Lamoureux, Yves			2024-01-24T16:38:16.300Z	StillImage	INSTITUTION_MATCH_FUZZY;COLLECTION_MATCH_FUZZY;DIFFERENT_OWNER_INSTITUTION
617553460	21705170-d2b6-42de-8904-c3bca4b83591	CMMF003611	Fungi	Basidiomycota	Agaricomycetes	Gloeophyllales	Gloeophyllaceae	Neolentinus	Neolentinus lepideus		SPECIES	Neolentinus lepideus (Fr.) Redhead & Ginns	Neolentinus lepideus (Fr.) Redhead & Ginns	(Fr.) Redhead & Ginns	CA	Rawdon	Québec	PRESENT		ff7bd5db-b724-4932-b496-10ea298851f9	46.052398	-73.748752	11000.0						2002-07-04	4	7	2002	9129313	9129313	PRESERVED_SPECIMEN	Université de Montréal Biodiversity Centre	CMMF	CMMF003611		Lamoureux, Yves		CC0_1_0	Université de Montréal Biodiversity Centre	Després, Jean			2024-01-24T16:38:16.292Z	StillImage	INSTITUTION_MATCH_FUZZY;COLLECTION_MATCH_FUZZY;DIFFERENT_OWNER_INSTITUTION
617553082	21705170-d2b6-42de-8904-c3bca4b83591	CMMF003439	Fungi	Basidiomycota	Agaricomycetes	Gloeophyllales	Gloeophyllaceae	Neolentinus	Neolentinus lepideus		SPECIES	Neolentinus lepideus (Fr.) Redhead & Ginns	Neolentinus lepideus (Fr.) Redhead & Ginns	(Fr.) Redhead & Ginns	CA	Rawdon	Québec	PRESENT		ff7bd5db-b724-4932-b496-10ea298851f9	46.052398	-73.748752	11000.0						2000-08-03	3	8	2000	9129313	9129313	PRESERVED_SPECIMEN	Université de Montréal Biodiversity Centre	CMMF	CMMF003439		Lamoureux, Yves		CC0_1_0	Université de Montréal Biodiversity Centre	Lamoureux, Yves			2024-01-24T16:38:17.058Z	StillImage	INSTITUTION_MATCH_FUZZY;COLLECTION_MATCH_FUZZY;DIFFERENT_OWNER_INSTITUTION
617552466	21705170-d2b6-42de-8904-c3bca4b83591	CMMF003174	Fungi	Basidiomycota	Agaricomycetes	Gloeophyllales	Gloeophyllaceae	Neolentinus	Neolentinus lepideus		SPECIES	Neolentinus lepideus (Fr.) Redhead & Ginns	Neolentinus lepideus (Fr.) Redhead & Ginns	(Fr.) Redhead & Ginns	CA	Mascouche	Québec	PRESENT		ff7bd5db-b724-4932-b496-10ea298851f9	45.76054	-73.608926	5000.0						1998-06-27	27	6	1998	9129313	9129313	PRESERVED_SPECIMEN	Université de Montréal Biodiversity Centre	CMMF	CMMF003174		Després, Jean		CC0_1_0	Université de Montréal Biodiversity Centre	Després, Jean			2024-01-24T16:38:16.743Z	StillImage	INSTITUTION_MATCH_FUZZY;COLLECTION_MATCH_FUZZY;DIFFERENT_OWNER_INSTITUTION
4980331039	50c9509d-22c7-4a22-a47d-8c48425ef4a7	https://www.inaturalist.org/observations/28905703	Fungi	Basidiomycota	Agaricomycetes	Gloeophyllales	Gloeophyllaceae	Neolentinus	Neolentinus lepideus		SPECIES	Neolentinus lepideus (Fr.) Redhead & Ginns	Neolentinus lepideus		CA		Ontario	PRESENT		28eb1a3f-1c15-4a95-931a-4af90ecb574d	45.447983	-75.655401	31.0						2019-07-15T14:48	15	7	2019	9129313	9129313	HUMAN_OBSERVATION	iNaturalist	Observations	28905703		Ariel Bonkoski	2022-04-28T23:32:49	CC_BY_NC_4_0	Mike Leveille	Mike Leveille			2025-01-14T12:08:18.478Z	StillImage	COORDINATE_ROUNDED;CONTINENT_DERIVED_FROM_COORDINATES;TAXON_MATCH_TAXON_ID_IGNORED
4924080932	50c9509d-22c7-4a22-a47d-8c48425ef4a7	https://www.inaturalist.org/observations/234884268	Fungi	Basidiomycota	Agaricomycetes	Gloeophyllales	Gloeophyllaceae	Neolentinus	Neolentinus lepideus		SPECIES	Neolentinus lepideus (Fr.) Redhead & Ginns	Neolentinus lepideus		CA		Ontario	PRESENT		28eb1a3f-1c15-4a95-931a-4af90ecb574d	45.568389	-78.451333	5.0						2024-08-03T16:52	3	8	2024	9129313	9129313	HUMAN_OBSERVATION	iNaturalist	Observations	234884268		Dan MacNeal	2024-08-10T14:42:21	CC_BY_4_0	Dan MacNeal	Dan MacNeal			2025-01-14T12:49:08.174Z	StillImage	COORDINATE_ROUNDED;CONTINENT_DERIVED_FROM_COORDINATES;TAXON_MATCH_TAXON_ID_IGNORED
4923908422	50c9509d-22c7-4a22-a47d-8c48425ef4a7	https://www.inaturalist.org/observations/233395694	Fungi	Basidiomycota	Agaricomycetes	Gloeophyllales	Gloeophyllaceae	Neolentinus	Neolentinus lepideus		SPECIES	Neolentinus lepideus (Fr.) Redhead & Ginns	Neolentinus lepideus		CA		New Brunswick	PRESENT		28eb1a3f-1c15-4a95-931a-4af90ecb574d	47.761878	-64.883187	4.0						2024-08-02T18:42:14	2	8	2024	9129313	9129313	HUMAN_OBSERVATION	iNaturalist	Observations	233395694		joannedaniel	2024-08-03T01:24:16	CC_BY_NC_4_0	joannedaniel	joannedaniel			2025-01-14T13:38:02.207Z	StillImage	COORDINATE_ROUNDED;CONTINENT_DERIVED_FROM_COORDINATES;TAXON_MATCH_TAXON_ID_IGNORED
4908220417	50c9509d-22c7-4a22-a47d-8c48425ef4a7	https://www.inaturalist.org/observations/228611986	Fungi	Basidiomycota	Agaricomycetes	Gloeophyllales	Gloeophyllaceae	Neolentinus	Neolentinus lepideus		SPECIES	Neolentinus lepideus (Fr.) Redhead & Ginns	Neolentinus lepideus		CA		New Brunswick	PRESENT		28eb1a3f-1c15-4a95-931a-4af90ecb574d	47.761285	-64.882676	31.0						2024-07-01T16:37	1	7	2024	9129313	9129313	HUMAN_OBSERVATION	iNaturalist	Observations	228611986		Carlene Cliver	2024-07-11T13:03:08	CC_BY_NC_4_0	joannedaniel	joannedaniel			2025-01-14T12:49:53.005Z	StillImage	COORDINATE_ROUNDED;CONTINENT_DERIVED_FROM_COORDINATES;TAXON_MATCH_TAXON_ID_IGNORED
4903725211	50c9509d-22c7-4a22-a47d-8c48425ef4a7	https://www.inaturalist.org/observations/51350382	Fungi	Basidiomycota	Agaricomycetes	Gloeophyllales	Gloeophyllaceae	Neolentinus	Neolentinus lepideus		SPECIES	Neolentinus lepideus (Fr.) Redhead & Ginns	Neolentinus lepideus		CA		Ontario	PRESENT		28eb1a3f-1c15-4a95-931a-4af90ecb574d	45.385147	-75.686558	15.0						2020-06-28T14:04	28	6	2020	9129313	9129313	HUMAN_OBSERVATION	iNaturalist	Observations	51350382		Massimo Tabone	2020-06-29T13:05:38	CC_BY_NC_4_0	Sandy Garland	Sandy Garland			2025-01-14T12:13:34.286Z	StillImage	COORDINATE_ROUNDED;CONTINENT_DERIVED_FROM_COORDINATES;TAXON_MATCH_TAXON_ID_IGNORED
4875423005	50c9509d-22c7-4a22-a47d-8c48425ef4a7	https://www.inaturalist.org/observations/218105729	Fungi	Basidiomycota	Agaricomycetes	Gloeophyllales	Gloeophyllaceae	Neolentinus	Neolentinus lepideus		SPECIES	Neolentinus lepideus (Fr.) Redhead & Ginns	Neolentinus lepideus		CA		Québec	PRESENT		28eb1a3f-1c15-4a95-931a-4af90ecb574d	46.068092	-76.275594	121.0						2024-05-25T09:19:07	25	5	2024	9129313	9129313	HUMAN_OBSERVATION	iNaturalist	Observations	218105729		Ariel Bonkoski	2024-05-27T03:15:24	CC_BY_NC_4_0	JQtheFETT	JQtheFETT			2025-01-14T13:45:31.520Z	StillImage	COORDINATE_ROUNDED;CONTINENT_DERIVED_FROM_COORDINATES;TAXON_MATCH_TAXON_ID_IGNORED
4872453862	50c9509d-22c7-4a22-a47d-8c48425ef4a7	https://www.inaturalist.org/observations/217802933	Fungi	Basidiomycota	Agaricomycetes	Gloeophyllales	Gloeophyllaceae	Neolentinus	Neolentinus lepideus		SPECIES	Neolentinus lepideus (Fr.) Redhead & Ginns	Neolentinus lepideus		CA		Québec	PRESENT		28eb1a3f-1c15-4a95-931a-4af90ecb574d	45.502371	-73.473124	9.0						2024-05-23T20:13:40	23	5	2024	9129313	9129313	HUMAN_OBSERVATION	iNaturalist	Observations	217802933		Ariel Bonkoski	2024-05-24T02:18:44	CC_BY_NC_4_0	Lilith	Lilith			2025-01-14T12:44:58.477Z	StillImage	COORDINATE_ROUNDED;CONTINENT_DERIVED_FROM_COORDINATES;TAXON_MATCH_TAXON_ID_IGNORED
4872272911	50c9509d-22c7-4a22-a47d-8c48425ef4a7	https://www.inaturalist.org/observations/218723727	Fungi	Basidiomycota	Agaricomycetes	Gloeophyllales	Gloeophyllaceae	Neolentinus	Neolentinus lepideus		SPECIES	Neolentinus lepideus (Fr.) Redhead & Ginns	Neolentinus lepideus		CA		New Brunswick	PRESENT		28eb1a3f-1c15-4a95-931a-4af90ecb574d	45.956662	-66.661133							2024-05-27T16:40:50	27	5	2024	9129313	9129313	HUMAN_OBSERVATION	iNaturalist	Observations	218723727		Andrew MacPherson	2024-05-27T19:44:10	CC0_1_0	Andrew MacPherson	Andrew MacPherson			2025-01-14T12:47:05.629Z	StillImage	CONTINENT_DERIVED_FROM_COORDINATES;TAXON_MATCH_TAXON_ID_IGNORED
4430575733	50c9509d-22c7-4a22-a47d-8c48425ef4a7	https://www.inaturalist.org/observations/187384958	Fungi	Basidiomycota	Agaricomycetes	Gloeophyllales	Gloeophyllaceae	Neolentinus	Neolentinus lepideus		SPECIES	Neolentinus lepideus (Fr.) Redhead & Ginns	Neolentinus lepideus		CA		Ontario	PRESENT		28eb1a3f-1c15-4a95-931a-4af90ecb574d	45.283875	-75.875992	34.0						2023-10-13T12:39:05	13	10	2023	9129313	9129313	HUMAN_OBSERVATION	iNaturalist	Observations	187384958		Kat	2023-10-14T23:22:16	CC_BY_4_0	Acacia Frempong-Manso	Acacia Frempong-Manso			2025-01-14T12:42:48.874Z	StillImage	COORDINATE_ROUNDED;CONTINENT_DERIVED_FROM_COORDINATES;TAXON_MATCH_TAXON_ID_IGNORED
4416787469	50c9509d-22c7-4a22-a47d-8c48425ef4a7	https://www.inaturalist.org/observations/168907226	Fungi	Basidiomycota	Agaricomycetes	Gloeophyllales	Gloeophyllaceae	Neolentinus	Neolentinus lepideus		SPECIES	Neolentinus lepideus (Fr.) Redhead & Ginns	Neolentinus lepideus		CA		Ontario	PRESENT		28eb1a3f-1c15-4a95-931a-4af90ecb574d	45.441708	-76.352317							2023-06-19T16:02:44	19	6	2023	9129313	9129313	HUMAN_OBSERVATION	iNaturalist	Observations	168907226		Cerys_just_Cerys	2023-06-22T22:52:58	CC_BY_NC_4_0	Cerys_just_Cerys	Cerys_just_Cerys			2025-01-14T13:26:32.172Z	StillImage	COORDINATE_ROUNDED;CONTINENT_DERIVED_FROM_COORDINATES;TAXON_MATCH_TAXON_ID_IGNORED
4166438006	695cef75-b65f-4776-b2ed-74565eebb16e	02-01000962571	Fungi	Basidiomycota	Agaricomycetes	Gloeophyllales	Gloeophyllaceae	Neolentinus	Neolentinus lepideus		SPECIES	Neolentinus lepideus (Fr.) Redhead & Ginns	Neolentinus lepideus	(Fr.) Redhead & Ginns	CA	Cache Lake Rwy.	Ontario	PRESENT		055bd978-2daa-4543-b3f0-44e0e87e86ca	45.55	-78.583333							1977-06-25	25	6	1977	9129313	9129313	PRESERVED_SPECIMEN	AAFC	DAOM	186682		S.A. Redhead		CC_BY_4_0	©His Majesty the King in Right of Canada, as represented by the Minister of Agriculture and Agri-Food	Greg Thorn			2025-01-12T05:11:16.183Z		GEODETIC_DATUM_ASSUMED_WGS84;CONTINENT_DERIVED_FROM_COORDINATES;TAXON_MATCH_TAXON_ID_IGNORED;INSTITUTION_MATCH_FUZZY
4145571831	50c9509d-22c7-4a22-a47d-8c48425ef4a7	https://www.inaturalist.org/observations/169367257	Fungi	Basidiomycota	Agaricomycetes	Gloeophyllales	Gloeophyllaceae	Neolentinus	Neolentinus lepideus		SPECIES	Neolentinus lepideus (Fr.) Redhead & Ginns	Neolentinus lepideus		CA		Ontario	PRESENT		28eb1a3f-1c15-4a95-931a-4af90ecb574d	45.53031	-77.860853	3.0						2023-06-25T08:38:50	25	6	2023	9129313	9129313	HUMAN_OBSERVATION	iNaturalist	Observations	169367257		Ariel Bonkoski	2023-06-26T04:00:20	CC_BY_NC_4_0	Kirsten Van Goethem	Kirsten Van Goethem			2025-01-14T12:35:55.163Z	StillImage	COORDINATE_ROUNDED;CONTINENT_DERIVED_FROM_COORDINATES;TAXON_MATCH_TAXON_ID_IGNORED
4137813663	50c9509d-22c7-4a22-a47d-8c48425ef4a7	https://www.inaturalist.org/observations/167426017	Fungi	Basidiomycota	Agaricomycetes	Gloeophyllales	Gloeophyllaceae	Neolentinus	Neolentinus lepideus		SPECIES	Neolentinus lepideus (Fr.) Redhead & Ginns	Neolentinus lepideus		CA		Québec	PRESENT		28eb1a3f-1c15-4a95-931a-4af90ecb574d	45.681691	-73.840906	365.0						2023-06-14T10:14	14	6	2023	9129313	9129313	HUMAN_OBSERVATION	iNaturalist	Observations	167426017		Lucie Guindon	2023-06-14T20:56:51	CC_BY_NC_4_0	Lucie Guindon	Lucie Guindon			2025-01-14T13:30:41.826Z	StillImage	COORDINATE_ROUNDED;CONTINENT_DERIVED_FROM_COORDINATES;TAXON_MATCH_TAXON_ID_IGNORED
4133885176	50c9509d-22c7-4a22-a47d-8c48425ef4a7	https://www.inaturalist.org/observations/166189660	Fungi	Basidiomycota	Agaricomycetes	Gloeophyllales	Gloeophyllaceae	Neolentinus	Neolentinus lepideus		SPECIES	Neolentinus lepideus (Fr.) Redhead & Ginns	Neolentinus lepideus		CA		Ontario	PRESENT		28eb1a3f-1c15-4a95-931a-4af90ecb574d	45.43973	-76.364442							2023-06-07T16:43:04	7	6	2023	9129313	9129313	HUMAN_OBSERVATION	iNaturalist	Observations	166189660		Cerys_just_Cerys	2023-06-08T04:15:40	CC_BY_NC_4_0	Cerys_just_Cerys	Cerys_just_Cerys			2025-01-14T13:30:37.800Z	StillImage	COORDINATE_ROUNDED;CONTINENT_DERIVED_FROM_COORDINATES;TAXON_MATCH_TAXON_ID_IGNORED
4133868088	50c9509d-22c7-4a22-a47d-8c48425ef4a7	https://www.inaturalist.org/observations/166189581	Fungi	Basidiomycota	Agaricomycetes	Gloeophyllales	Gloeophyllaceae	Neolentinus	Neolentinus lepideus		SPECIES	Neolentinus lepideus (Fr.) Redhead & Ginns	Neolentinus lepideus		CA		Ontario	PRESENT		28eb1a3f-1c15-4a95-931a-4af90ecb574d	45.441742	-76.36435							2023-06-07T16:40:03	7	6	2023	9129313	9129313	HUMAN_OBSERVATION	iNaturalist	Observations	166189581		Cerys_just_Cerys	2023-06-08T04:14:30	CC_BY_NC_4_0	Cerys_just_Cerys	Cerys_just_Cerys			2025-01-14T12:37:11.993Z	StillImage	COORDINATE_ROUNDED;CONTINENT_DERIVED_FROM_COORDINATES;TAXON_MATCH_TAXON_ID_IGNORED
4133808865	50c9509d-22c7-4a22-a47d-8c48425ef4a7	https://www.inaturalist.org/observations/166161201	Fungi	Basidiomycota	Agaricomycetes	Gloeophyllales	Gloeophyllaceae	Neolentinus	Neolentinus lepideus		SPECIES	Neolentinus lepideus (Fr.) Redhead & Ginns	Neolentinus lepideus		CA		Ontario	PRESENT		28eb1a3f-1c15-4a95-931a-4af90ecb574d	45.508866	-75.337862	28.0						2023-06-06T12:34:12	6	6	2023	9129313	9129313	HUMAN_OBSERVATION	iNaturalist	Observations	166161201		Ariel Bonkoski	2023-06-08T03:09:20	CC_BY_NC_4_0	kevinwallace	kevinwallace			2025-01-14T13:30:52.204Z	StillImage	COORDINATE_ROUNDED;CONTINENT_DERIVED_FROM_COORDINATES;TAXON_MATCH_TAXON_ID_IGNORED
4133784493	50c9509d-22c7-4a22-a47d-8c48425ef4a7	https://www.inaturalist.org/observations/166082504	Fungi	Basidiomycota	Agaricomycetes	Gloeophyllales	Gloeophyllaceae	Neolentinus	Neolentinus lepideus		SPECIES	Neolentinus lepideus (Fr.) Redhead & Ginns	Neolentinus lepideus		CA		Ontario	PRESENT		28eb1a3f-1c15-4a95-931a-4af90ecb574d	45.395292	-75.714195	35.0						2023-06-07T10:07:08	7	6	2023	9129313	9129313	HUMAN_OBSERVATION	iNaturalist	Observations	166082504		amanitamozart	2023-06-07T17:32:40	CC_BY_NC_4_0	Donna	Donna			2025-01-14T12:35:34.351Z	StillImage	COORDINATE_ROUNDED;CONTINENT_DERIVED_FROM_COORDINATES;TAXON_MATCH_TAXON_ID_IGNORED
4133676877	50c9509d-22c7-4a22-a47d-8c48425ef4a7	https://www.inaturalist.org/observations/165994655	Fungi	Basidiomycota	Agaricomycetes	Gloeophyllales	Gloeophyllaceae	Neolentinus	Neolentinus lepideus		SPECIES	Neolentinus lepideus (Fr.) Redhead & Ginns	Neolentinus lepideus		CA		Ontario	PRESENT		28eb1a3f-1c15-4a95-931a-4af90ecb574d	45.428687	-76.346633	5.0						2023-06-06T17:34:22	6	6	2023	9129313	9129313	HUMAN_OBSERVATION	iNaturalist	Observations	165994655		gordv	2023-06-07T00:37:24	CC_BY_NC_4_0	gordv	gordv			2025-01-14T12:35:01.967Z	StillImage	COORDINATE_ROUNDED;CONTINENT_DERIVED_FROM_COORDINATES;TAXON_MATCH_TAXON_ID_IGNORED
4130298489	50c9509d-22c7-4a22-a47d-8c48425ef4a7	https://www.inaturalist.org/observations/165907714	Fungi	Basidiomycota	Agaricomycetes	Gloeophyllales	Gloeophyllaceae	Neolentinus	Neolentinus lepideus		SPECIES	Neolentinus lepideus (Fr.) Redhead & Ginns	Neolentinus lepideus		CA		Québec	PRESENT		28eb1a3f-1c15-4a95-931a-4af90ecb574d	45.558285	-75.812028	5382.0						2023-06-03T15:44:27	3	6	2023	9129313	9129313	HUMAN_OBSERVATION	iNaturalist	Observations	165907714		jabarkham	2023-06-06T15:01:04	CC_BY_NC_4_0	jabarkham	jabarkham			2025-01-14T12:40:03.209Z	StillImage	COORDINATE_ROUNDED;CONTINENT_DERIVED_FROM_COORDINATES;TAXON_MATCH_TAXON_ID_IGNORED
4129704908	50c9509d-22c7-4a22-a47d-8c48425ef4a7	https://www.inaturalist.org/observations/165225906	Fungi	Basidiomycota	Agaricomycetes	Gloeophyllales	Gloeophyllaceae	Neolentinus	Neolentinus lepideus		SPECIES	Neolentinus lepideus (Fr.) Redhead & Ginns	Neolentinus lepideus		CA		Ontario	PRESENT		28eb1a3f-1c15-4a95-931a-4af90ecb574d	45.335635	-75.789857	6.0						2023-06-02T20:25:22	2	6	2023	9129313	9129313	HUMAN_OBSERVATION	iNaturalist	Observations	165225906		G Nicoll	2023-06-03T00:26:20	CC_BY_NC_4_0	G Nicoll	G Nicoll			2025-01-14T13:26:02.030Z	StillImage	COORDINATE_ROUNDED;CONTINENT_DERIVED_FROM_COORDINATES;TAXON_MATCH_TAXON_ID_IGNORED
4099924514	d1a3b128-b406-46bb-a6d1-f3591dcc8a7b	718ec156-977c-4e26-bd0f-35896b109086	Fungi	Basidiomycota	Agaricomycetes	Gloeophyllales	Gloeophyllaceae	Neolentinus	Neolentinus lepideus		SPECIES	Lentinus lepideus (Fr.) Fr.	Lentinus lepideus	(Fr.) Fr.	CA	Magnerawan near Indian Point	Ontario	PRESENT		e43cf4b8-849e-4fac-b075-e652d019d2cf	45.92527	-77.26762	602.0						1932-09-05	5	9	1932	2548859	9129313	PRESERVED_SPECIMEN	BPI		BPI 767743		Krieger, L. C. C.		CC0_1_0		Kelley, H. A.			2025-01-15T04:59:42.075Z		GEODETIC_DATUM_ASSUMED_WGS84;CONTINENT_DERIVED_FROM_COORDINATES;TAXON_MATCH_TAXON_ID_IGNORED;INSTITUTION_MATCH_FUZZY
4099462518	d1a3b128-b406-46bb-a6d1-f3591dcc8a7b	8bd22dc0-62f1-4554-86b8-362f99112b79	Fungi	Basidiomycota	Agaricomycetes	Gloeophyllales	Gloeophyllaceae	Neolentinus	Neolentinus lepideus		SPECIES	Lentinus spretus Peck	Lentinus spretus	Peck	CA	Masson	Quebec	PRESENT		e43cf4b8-849e-4fac-b075-e652d019d2cf	45.55	-75.416667	3036.0						1955-05-29	29	5	1955	2548848	9129313	PRESERVED_SPECIMEN	BPI		BPI 767929		Thomson, S. C.		CC0_1_0		Payette, A.			2025-01-15T04:59:41.918Z		GEODETIC_DATUM_ASSUMED_WGS84;CONTINENT_DERIVED_FROM_COORDINATES;TAXON_MATCH_TAXON_ID_IGNORED;INSTITUTION_MATCH_FUZZY
4034878393	50c9509d-22c7-4a22-a47d-8c48425ef4a7	https://www.inaturalist.org/observations/83072029	Fungi	Basidiomycota	Agaricomycetes	Gloeophyllales	Gloeophyllaceae	Neolentinus	Neolentinus lepideus		SPECIES	Neolentinus lepideus (Fr.) Redhead & Ginns	Neolentinus lepideus		CA		Ontario	PRESENT		28eb1a3f-1c15-4a95-931a-4af90ecb574d	45.278967	-76.694488							2021-06-13T14:49	13	6	2021	9129313	9129313	HUMAN_OBSERVATION	iNaturalist	Observations	83072029		Adam Gordon	2023-02-09T01:39:45	CC_BY_NC_4_0	Sandy Garland	Sandy Garland			2025-01-14T13:12:38.840Z	StillImage	COORDINATE_ROUNDED;CONTINENT_DERIVED_FROM_COORDINATES;TAXON_MATCH_TAXON_ID_IGNORED
4032223684	fb9d7c38-5759-4c30-9e09-5b6bd43f78a6	http://id.luomus.fi/MY.13967761	Fungi	Basidiomycota	Agaricomycetes	Gloeophyllales	Gloeophyllaceae	Neolentinus	Neolentinus lepideus		SPECIES	Neolentinus lepideus (Fr.) Redhead & Ginns	Neolentinus lepideus (Fr. : Fr.) Redhead & Ginns		CA		Quebec	PRESENT		04fd2e13-6881-4e5c-9dd1-8fdd9ab993c1	45.53	-75.41							1955-05-29T00:00Z	29	5	1955	9129313	9129313	PRESERVED_SPECIMEN	H		http://id.luomus.fi/HA.H7077271		Thomson, Sheila C.		CC_BY_4_0		Payette, A.			2025-01-17T02:41:17.557Z		CONTINENT_DERIVED_FROM_COORDINATES;TAXON_MATCH_TAXON_ID_IGNORED;COLLECTION_MATCH_NONE;INSTITUTION_MATCH_FUZZY
4006501402	50c9509d-22c7-4a22-a47d-8c48425ef4a7	https://www.inaturalist.org/observations/93591257	Fungi	Basidiomycota	Agaricomycetes	Gloeophyllales	Gloeophyllaceae	Neolentinus	Neolentinus lepideus		SPECIES	Neolentinus lepideus (Fr.) Redhead & Ginns	Neolentinus lepideus		CA		Québec	PRESENT		28eb1a3f-1c15-4a95-931a-4af90ecb574d	45.465829	-74.169032	35.0						2021-09-03T17:23	3	9	2021	9129313	9129313	HUMAN_OBSERVATION	iNaturalist	Observations	93591257		Kilby Gordon	2021-09-04T15:18:32	CC_BY_NC_4_0	Kilby Gordon	Kilby Gordon			2025-01-14T13:14:39.952Z	StillImage	CONTINENT_DERIVED_FROM_COORDINATES;TAXON_MATCH_TAXON_ID_IGNORED
3873234439	50c9509d-22c7-4a22-a47d-8c48425ef4a7	https://www.inaturalist.org/observations/126150777	Fungi	Basidiomycota	Agaricomycetes	Gloeophyllales	Gloeophyllaceae	Neolentinus	Neolentinus lepideus		SPECIES	Neolentinus lepideus (Fr.) Redhead & Ginns	Neolentinus lepideus		CA		Ontario	PRESENT		28eb1a3f-1c15-4a95-931a-4af90ecb574d	45.324174	-75.81483	62.0						2022-07-13T10:47	13	7	2022	9129313	9129313	HUMAN_OBSERVATION	iNaturalist	Observations	126150777		jonathan_mack	2022-07-14T01:58:36	CC_BY_NC_4_0	jonathan_mack	jonathan_mack			2025-01-14T13:23:23.652Z	StillImage	COORDINATE_ROUNDED;CONTINENT_DERIVED_FROM_COORDINATES;TAXON_MATCH_TAXON_ID_IGNORED
3860127654	50c9509d-22c7-4a22-a47d-8c48425ef4a7	https://www.inaturalist.org/observations/120602237	Fungi	Basidiomycota	Agaricomycetes	Gloeophyllales	Gloeophyllaceae	Neolentinus	Neolentinus lepideus		SPECIES	Neolentinus lepideus (Fr.) Redhead & Ginns	Neolentinus lepideus		CA		Québec	PRESENT		28eb1a3f-1c15-4a95-931a-4af90ecb574d	45.852354	-76.470078	27095.0						2022-06-04T08:57	4	6	2022	9129313	9129313	HUMAN_OBSERVATION	iNaturalist	Observations	120602237		L Joan Heyding	2022-06-07T00:59:42	CC_BY_NC_4_0	L Joan Heyding	L Joan Heyding			2025-01-14T12:29:13.149Z	StillImage	COORDINATE_ROUNDED;CONTINENT_DERIVED_FROM_COORDINATES;TAXON_MATCH_TAXON_ID_IGNORED
3355710489	50c9509d-22c7-4a22-a47d-8c48425ef4a7	https://www.inaturalist.org/observations/94146445	Fungi	Basidiomycota	Agaricomycetes	Gloeophyllales	Gloeophyllaceae	Neolentinus	Neolentinus lepideus		SPECIES	Neolentinus lepideus (Fr.) Redhead & Ginns	Neolentinus lepideus		CA		Québec	PRESENT		28eb1a3f-1c15-4a95-931a-4af90ecb574d	45.439338	-75.750472	48.0						2021-09-08T15:44:34	8	9	2021	9129313	9129313	HUMAN_OBSERVATION	iNaturalist	Observations	94146445		bobtyler	2021-09-08T20:57:47	CC_BY_NC_4_0	bobtyler	bobtyler			2025-01-14T12:24:58.117Z	StillImage	COORDINATE_ROUNDED;CONTINENT_DERIVED_FROM_COORDINATES;TAXON_MATCH_TAXON_ID_IGNORED
3079577647	50c9509d-22c7-4a22-a47d-8c48425ef4a7	https://www.inaturalist.org/observations/32450947	Fungi	Basidiomycota	Agaricomycetes	Gloeophyllales	Gloeophyllaceae	Neolentinus	Neolentinus lepideus		SPECIES	Neolentinus lepideus (Fr.) Redhead & Ginns	Neolentinus lepideus		CA		Ontario	PRESENT		28eb1a3f-1c15-4a95-931a-4af90ecb574d	45.401161	-75.553956	549.0						2019-09-09T16:30	9	9	2019	9129313	9129313	HUMAN_OBSERVATION	iNaturalist	Observations	32450947		Igor Khomenko	2019-09-10T03:31:24	CC_BY_NC_4_0	Igor Khomenko	Igor Khomenko			2025-01-14T12:09:08.410Z	StillImage	COORDINATE_ROUNDED;CONTINENT_DERIVED_FROM_COORDINATES;TAXON_MATCH_TAXON_ID_IGNORED
3079557624	50c9509d-22c7-4a22-a47d-8c48425ef4a7	https://www.inaturalist.org/observations/27457348	Fungi	Basidiomycota	Agaricomycetes	Gloeophyllales	Gloeophyllaceae	Neolentinus	Neolentinus lepideus		SPECIES	Neolentinus lepideus (Fr.) Redhead & Ginns	Neolentinus lepideus		CA		Ontario	PRESENT		28eb1a3f-1c15-4a95-931a-4af90ecb574d	45.370678	-75.796762	8.0						2019-06-21T12:43:09	21	6	2019	9129313	9129313	HUMAN_OBSERVATION	iNaturalist	Observations	27457348		Igor Khomenko	2019-06-22T20:27:24	CC_BY_NC_4_0	Igor Khomenko	Igor Khomenko			2025-01-14T12:08:20.837Z	StillImage	COORDINATE_ROUNDED;CONTINENT_DERIVED_FROM_COORDINATES;TAXON_MATCH_TAXON_ID_IGNORED
2856671104	50c9509d-22c7-4a22-a47d-8c48425ef4a7	https://www.inaturalist.org/observations/57451267	Fungi	Basidiomycota	Agaricomycetes	Gloeophyllales	Gloeophyllaceae	Neolentinus	Neolentinus lepideus		SPECIES	Neolentinus lepideus (Fr.) Redhead & Ginns	Neolentinus lepideus		CA		Ontario	PRESENT		28eb1a3f-1c15-4a95-931a-4af90ecb574d	45.368312	-75.794789	100.0						2020-07-17T20:40	17	7	2020	9129313	9129313	HUMAN_OBSERVATION	iNaturalist	Observations	57451267		Igor Khomenko	2020-08-24T16:08:07	CC_BY_NC_4_0	Serguei Ponomarenko	Serguei Ponomarenko			2025-01-14T13:09:45.583Z	StillImage	COORDINATE_ROUNDED;CONTINENT_DERIVED_FROM_COORDINATES;TAXON_MATCH_TAXON_ID_IGNORED
2803050841	50c9509d-22c7-4a22-a47d-8c48425ef4a7	https://www.inaturalist.org/observations/50342132	Fungi	Basidiomycota	Agaricomycetes	Gloeophyllales	Gloeophyllaceae	Neolentinus	Neolentinus lepideus		SPECIES	Neolentinus lepideus (Fr.) Redhead & Ginns	Neolentinus lepideus		CA		Ontario	PRESENT		28eb1a3f-1c15-4a95-931a-4af90ecb574d	45.368943	-75.792899	61.0						2020-06-20T13:01	20	6	2020	9129313	9129313	HUMAN_OBSERVATION	iNaturalist	Observations	50342132		Igor Khomenko	2020-06-21T21:20:01	CC_BY_NC_4_0	Mike Leveille	Mike Leveille			2025-01-14T12:13:26.703Z	StillImage	COORDINATE_ROUNDED;CONTINENT_DERIVED_FROM_COORDINATES;TAXON_MATCH_TAXON_ID_IGNORED
2802614739	50c9509d-22c7-4a22-a47d-8c48425ef4a7	https://www.inaturalist.org/observations/48074706	Fungi	Basidiomycota	Agaricomycetes	Gloeophyllales	Gloeophyllaceae	Neolentinus	Neolentinus lepideus		SPECIES	Neolentinus lepideus (Fr.) Redhead & Ginns	Neolentinus lepideus		CA		Ontario	PRESENT		28eb1a3f-1c15-4a95-931a-4af90ecb574d	45.366224	-75.527014	31.0						2020-05-31T15:11	31	5	2020	9129313	9129313	HUMAN_OBSERVATION	iNaturalist	Observations	48074706		jonathan_mack	2020-06-01T01:53:42	CC_BY_NC_4_0	jonathan_mack	jonathan_mack			2025-01-14T13:06:48.477Z	StillImage	COORDINATE_ROUNDED;CONTINENT_DERIVED_FROM_COORDINATES;TAXON_MATCH_TAXON_ID_IGNORED
2423612690	21705170-d2b6-42de-8904-c3bca4b83591	CMMF019990	Fungi	Basidiomycota	Agaricomycetes	Gloeophyllales	Gloeophyllaceae	Neolentinus	Neolentinus lepideus		SPECIES	Lentinus lepideus (Fr.) Fr.	Lentinus lepideus (Fr.) Fr.	(Fr.) Fr.	CA	Terrebonne (comté Terrebonne), Qué.	Quebec	PRESENT		ff7bd5db-b724-4932-b496-10ea298851f9	45.7	-73.63333	7500.0						1951-06-04	4	6	1951	2548859	9129313	PRESERVED_SPECIMEN	Université de Montréal Biodiversity Centre	CMMF	CMMF019990	JB227	Brunel, Jules		CC0_1_0	Université de Montréal Biodiversity Centre	Ouimet, M.			2024-01-24T16:38:15.652Z		GEODETIC_DATUM_INVALID;GEODETIC_DATUM_ASSUMED_WGS84;INSTITUTION_MATCH_FUZZY;COLLECTION_MATCH_FUZZY;DIFFERENT_OWNER_INSTITUTION
2423612168	21705170-d2b6-42de-8904-c3bca4b83591	CMMF018683	Fungi	Basidiomycota	Agaricomycetes	Gloeophyllales	Gloeophyllaceae	Neolentinus	Neolentinus lepideus		SPECIES	Lentinus lepideus (Fr.) Fr.	Lentinus lepideus (Fr.) Fr.	(Fr.) Fr.	CA	Lac Croche, près du labo des eaux douces.	Québec	PRESENT		ff7bd5db-b724-4932-b496-10ea298851f9	45.98895	-74.005598	50.0						1985-06-11	11	6	1985	2548859	9129313	PRESERVED_SPECIMEN	Université de Montréal Biodiversity Centre	CMMF	CMMF018683	s.n.	Nantel, Patrick		CC0_1_0	Université de Montréal Biodiversity Centre	Nantel, Patrick			2024-01-24T16:38:18.476Z		INSTITUTION_MATCH_FUZZY;COLLECTION_MATCH_FUZZY;DIFFERENT_OWNER_INSTITUTION
2423611580	21705170-d2b6-42de-8904-c3bca4b83591	CMMF020233	Fungi	Basidiomycota	Agaricomycetes	Gloeophyllales	Gloeophyllaceae	Neolentinus	Neolentinus lepideus		SPECIES	Lentinus lepideus (Fr.) Fr.	Lentinus lepideus (Fr.) Fr.	(Fr.) Fr.	CA	unknown	Québec	PRESENT		ff7bd5db-b724-4932-b496-10ea298851f9	45.503371	-73.600492	1500.0						1974-10		10	1974	2548859	9129313	PRESERVED_SPECIMEN	Université de Montréal Biodiversity Centre	CMMF	CMMF020233	X-4.22	Neumann, Peterjurgen		CC0_1_0	Université de Montréal Biodiversity Centre	Archambault, Raymond; Neumann, Peterjurgen			2024-01-24T16:38:21.198Z		INSTITUTION_MATCH_FUZZY;COLLECTION_MATCH_FUZZY;DIFFERENT_OWNER_INSTITUTION
2423611556	21705170-d2b6-42de-8904-c3bca4b83591	CMMF018828	Fungi	Basidiomycota	Agaricomycetes	Gloeophyllales	Gloeophyllaceae	Neolentinus	Neolentinus lepideus		SPECIES	Lentinus lepideus (Fr.) Fr.	Lentinus lepideus (Fr.) Fr.	(Fr.) Fr.	CA	Lac Croche.	Québec	PRESENT		ff7bd5db-b724-4932-b496-10ea298851f9	45.992549	-74.008677	600.0						1986-07-28	28	7	1986	2548859	9129313	PRESERVED_SPECIMEN	Université de Montréal Biodiversity Centre	CMMF	CMMF018828	s.n.	Nantel, Patrick		CC0_1_0	Université de Montréal Biodiversity Centre	Nantel, Patrick			2024-01-24T16:38:18.671Z		INSTITUTION_MATCH_FUZZY;COLLECTION_MATCH_FUZZY;DIFFERENT_OWNER_INSTITUTION
2423611148	21705170-d2b6-42de-8904-c3bca4b83591	CMMF019903	Fungi	Basidiomycota	Agaricomycetes	Gloeophyllales	Gloeophyllaceae	Neolentinus	Neolentinus lepideus		SPECIES	Lentinus lepideus (Fr.) Fr.	Lentinus lepideus (Fr.) Fr.	(Fr.) Fr.	CA	Terrebonne (comté Terrebonne), Qué.	Quebec	PRESENT		ff7bd5db-b724-4932-b496-10ea298851f9	45.7	-73.63333	7500.0						1951-06-04	4	6	1951	2548859	9129313	PRESERVED_SPECIMEN	Université de Montréal Biodiversity Centre	CMMF	CMMF019903	BJ227	Brunel, Jules		CC0_1_0	Université de Montréal Biodiversity Centre	Ouimet, M.			2024-01-24T16:38:14.718Z		GEODETIC_DATUM_INVALID;GEODETIC_DATUM_ASSUMED_WGS84;INSTITUTION_MATCH_FUZZY;COLLECTION_MATCH_FUZZY;DIFFERENT_OWNER_INSTITUTION
1949981366	50c9509d-22c7-4a22-a47d-8c48425ef4a7	https://www.inaturalist.org/observations/16086848	Fungi	Basidiomycota	Agaricomycetes	Gloeophyllales	Gloeophyllaceae	Neolentinus	Neolentinus lepideus		SPECIES	Neolentinus lepideus (Fr.) Redhead & Ginns	Neolentinus lepideus		CA		Ontario	PRESENT		28eb1a3f-1c15-4a95-931a-4af90ecb574d	45.370006	-75.796817	18.0						2014-07-03T10:19	3	7	2014	9129313	9129313	HUMAN_OBSERVATION	iNaturalist	Observations	16086848		jonathan_mack	2018-09-01T01:58:47	CC_BY_NC_4_0	jonathan_mack	jonathan_mack			2025-01-14T12:05:46.837Z	StillImage	COORDINATE_ROUNDED;CONTINENT_DERIVED_FROM_COORDINATES;TAXON_MATCH_TAXON_ID_IGNORED
1807256407	e8a25a42-f125-476c-8554-3ec21cd51a84	ACAD:112868	Fungi	Basidiomycota	Agaricomycetes	Gloeophyllales	Gloeophyllaceae	Neolentinus	Neolentinus lepideus		SPECIES	Neolentinus lepideus (Fr.) Redhead & Ginns	Neolentinus lepideus (Fr.) Redhead & Ginns	(Fr.) Redhead & Ginns	CA	(Kentville)	Nova Scotia	PRESENT		6491ad8c-8e49-4bd4-a089-0ddb3bbe0890	45.07662	-64.49592							1930-08-16	16	8	1930	9129313	9129313	PRESERVED_SPECIMEN	Acadia University	ACAD	366F	366			CC0_1_0	Acadia University	H, KA			2024-01-25T01:37:10.727Z	StillImage	GEODETIC_DATUM_INVALID;GEODETIC_DATUM_ASSUMED_WGS84;TAXON_MATCH_TAXON_ID_IGNORED;INSTITUTION_MATCH_FUZZY;COLLECTION_MATCH_FUZZY
1412709024	21705170-d2b6-42de-8904-c3bca4b83591	CMMF017520	Fungi	Basidiomycota	Agaricomycetes	Gloeophyllales	Gloeophyllaceae	Neolentinus	Neolentinus lepideus		SPECIES	Lentinus lepideus (Fr.) Fr.	Lentinus lepideus (Fr.) Fr.	(Fr.) Fr.	CA	Arboretum Morgan C, Québec.	Québec	PRESENT		ff7bd5db-b724-4932-b496-10ea298851f9	45.43	-73.946667	2500.0						1980-07-31	31	7	1980	2548859	9129313	PRESERVED_SPECIMEN	Université de Montréal Biodiversity Centre	CMMF	CMMF017520	1980-305	McNeil, Raymond		CC0_1_0	Université de Montréal Biodiversity Centre	Haméon, G.			2024-01-24T16:38:15.776Z		COORDINATE_ROUNDED;INSTITUTION_MATCH_FUZZY;COLLECTION_MATCH_FUZZY;DIFFERENT_OWNER_INSTITUTION
1412707801	21705170-d2b6-42de-8904-c3bca4b83591	CMMF016238	Fungi	Basidiomycota	Agaricomycetes	Gloeophyllales	Gloeophyllaceae	Neolentinus	Neolentinus lepideus		SPECIES	Neolentinus lepideus (Fr.) Redhead & Ginns	Neolentinus lepideus (Fr.) Redhead & Ginns	(Fr.) Redhead & Ginns	CA	Larouche, Québec.	Québec	PRESENT		ff7bd5db-b724-4932-b496-10ea298851f9	48.445482	-71.523984	2500.0						1993-06-24	24	6	1993	9129313	9129313	PRESERVED_SPECIMEN	Université de Montréal Biodiversity Centre	CMMF	CMMF016238	1893	Guérin, Gérard		CC0_1_0	Université de Montréal Biodiversity Centre	Guérin, Gérard			2024-01-24T16:38:18.703Z	StillImage	INSTITUTION_MATCH_FUZZY;COLLECTION_MATCH_FUZZY;DIFFERENT_OWNER_INSTITUTION
1412707789	21705170-d2b6-42de-8904-c3bca4b83591	CMMF016235	Fungi	Basidiomycota	Agaricomycetes	Gloeophyllales	Gloeophyllaceae	Neolentinus	Neolentinus lepideus		SPECIES	Neolentinus lepideus (Fr.) Redhead & Ginns	Neolentinus lepideus (Fr.) Redhead & Ginns	(Fr.) Redhead & Ginns	CA	Chute Chaudières, Parc Chibougamau, Québec.	Québec	PRESENT		ff7bd5db-b724-4932-b496-10ea298851f9	48.987143	-73.070136	5000.0						1995-08-02	2	8	1995	9129313	9129313	PRESERVED_SPECIMEN	Université de Montréal Biodiversity Centre	CMMF	CMMF016235	1895	Guérin, Gérard		CC0_1_0	Université de Montréal Biodiversity Centre	Guérin, Gérard			2024-01-24T16:38:18.701Z	StillImage	INSTITUTION_MATCH_FUZZY;COLLECTION_MATCH_FUZZY;DIFFERENT_OWNER_INSTITUTION
1412707788	21705170-d2b6-42de-8904-c3bca4b83591	CMMF016236	Fungi	Basidiomycota	Agaricomycetes	Gloeophyllales	Gloeophyllaceae	Neolentinus	Neolentinus lepideus		SPECIES	Neolentinus lepideus (Fr.) Redhead & Ginns	Neolentinus lepideus (Fr.) Redhead & Ginns	(Fr.) Redhead & Ginns	CA	Carignan, Québec.	Québec	PRESENT		ff7bd5db-b724-4932-b496-10ea298851f9	45.459874	-73.304807	5000.0						1981-06-25	25	6	1981	9129313	9129313	PRESERVED_SPECIMEN	Université de Montréal Biodiversity Centre	CMMF	CMMF016236	1891	Guérin, Gérard		CC0_1_0	Université de Montréal Biodiversity Centre	Guérin, Gérard			2024-01-24T16:38:18.701Z	StillImage	INSTITUTION_MATCH_FUZZY;COLLECTION_MATCH_FUZZY;DIFFERENT_OWNER_INSTITUTION
1412707755	21705170-d2b6-42de-8904-c3bca4b83591	CMMF016239	Fungi	Basidiomycota	Agaricomycetes	Gloeophyllales	Gloeophyllaceae	Neolentinus	Neolentinus lepideus		SPECIES	Neolentinus lepideus (Fr.) Redhead & Ginns	Neolentinus lepideus (Fr.) Redhead & Ginns	(Fr.) Redhead & Ginns	CA	Shipshaw, Québec.	Québec	PRESENT		ff7bd5db-b724-4932-b496-10ea298851f9	48.466834	-71.263421	2500.0						1994-06-24	24	6	1994	9129313	9129313	PRESERVED_SPECIMEN	Université de Montréal Biodiversity Centre	CMMF	CMMF016239	1894	Guérin, Gérard		CC0_1_0	Université de Montréal Biodiversity Centre	Guérin, Gérard			2024-01-24T16:38:18.703Z	StillImage	INSTITUTION_MATCH_FUZZY;COLLECTION_MATCH_FUZZY;DIFFERENT_OWNER_INSTITUTION
1412707753	21705170-d2b6-42de-8904-c3bca4b83591	CMMF016237	Fungi	Basidiomycota	Agaricomycetes	Gloeophyllales	Gloeophyllaceae	Neolentinus	Neolentinus lepideus		SPECIES	Neolentinus lepideus (Fr.) Redhead & Ginns	Neolentinus lepideus (Fr.) Redhead & Ginns	(Fr.) Redhead & Ginns	CA	Chicoutimi, Québec.	Québec	PRESENT		ff7bd5db-b724-4932-b496-10ea298851f9	48.368277	-71.119642	15000.0						1992-06-24	24	6	1992	9129313	9129313	PRESERVED_SPECIMEN	Université de Montréal Biodiversity Centre	CMMF	CMMF016237	1892	Guérin, Gérard		CC0_1_0	Université de Montréal Biodiversity Centre	Guérin, Gérard			2024-01-24T16:38:18.704Z	StillImage	INSTITUTION_MATCH_FUZZY;COLLECTION_MATCH_FUZZY;DIFFERENT_OWNER_INSTITUTION
1412703482	21705170-d2b6-42de-8904-c3bca4b83591	CMMF012396	Fungi	Basidiomycota	Agaricomycetes	Gloeophyllales	Gloeophyllaceae	Neolentinus	Neolentinus lepideus		SPECIES	Lentinus lepideus (Fr.) Fr.	Lentinus lepideus (Fr.) Fr.	(Fr.) Fr.	CA	Terrebonne, comté de Terrebonne, Québec.	Québec	PRESENT		ff7bd5db-b724-4932-b496-10ea298851f9	45.696284	-73.626467	8000.0						1951-06-04	4	6	1951	2548859	9129313	PRESERVED_SPECIMEN	Université de Montréal Biodiversity Centre	CMMF	CMMF012396	JB 227	Brunel, Jules		CC0_1_0	Université de Montréal Biodiversity Centre	Ouimet, M.			2024-01-24T16:38:20.847Z		INSTITUTION_MATCH_FUZZY;COLLECTION_MATCH_FUZZY;DIFFERENT_OWNER_INSTITUTION
1135068941	21705170-d2b6-42de-8904-c3bca4b83591	CMMF007521	Fungi	Basidiomycota	Agaricomycetes	Gloeophyllales	Gloeophyllaceae	Neolentinus	Neolentinus lepideus		SPECIES	Neolentinus lepideus (Fr.) Redhead & Ginns	Neolentinus lepideus (Fr.) Redhead & Ginns	(Fr.) Redhead & Ginns	CA	Drummondville	Québec	PRESENT		ff7bd5db-b724-4932-b496-10ea298851f9	45.95	-72.538333	100.0						2006-08-13	13	8	2006	9129313	9129313	PRESERVED_SPECIMEN	Université de Montréal Biodiversity Centre	CMMF	CMMF007521	Inexistant	McNeil, Raymond		CC0_1_0	Université de Montréal Biodiversity Centre	McNeil, Raymond			2024-01-24T16:38:15.944Z	StillImage	COORDINATE_ROUNDED;INSTITUTION_MATCH_FUZZY;COLLECTION_MATCH_FUZZY;DIFFERENT_OWNER_INSTITUTION
1135068014	21705170-d2b6-42de-8904-c3bca4b83591	CMMF006577	Fungi	Basidiomycota	Agaricomycetes	Gloeophyllales	Gloeophyllaceae	Neolentinus	Neolentinus lepideus		SPECIES	Neolentinus lepideus (Fr.) Redhead & Ginns	Neolentinus lepideus (Fr.) Redhead & Ginns	(Fr.) Redhead & Ginns	CA	Ste-Anne-de-Bellevue (Arboretum Morgan)	Québec	PRESENT		ff7bd5db-b724-4932-b496-10ea298851f9	45.43	-73.946667	1000.0						1980-07-31	31	7	1980	9129313	9129313	PRESERVED_SPECIMEN	Université de Montréal Biodiversity Centre	CMMF	CMMF006577	712	McNeil, Raymond		CC0_1_0	Université de Montréal Biodiversity Centre	McNeil, Raymond			2024-01-24T16:38:18.383Z	StillImage	COORDINATE_ROUNDED;INSTITUTION_MATCH_FUZZY;COLLECTION_MATCH_FUZZY;DIFFERENT_OWNER_INSTITUTION
