gbifID	datasetKey	occurrenceID	kingdom	phylum	class	order	family	genus	species	infraspecificEpithet	taxonRank	scientificName	verbatimScientificName	verbatimScientificNameAuthorship	countryCode	locality	stateProvince	occurrenceStatus	individualCount	publishingOrgKey	decimalLatitude	decimalLongitude	coordinateUncertaintyInMeters	coordinatePrecision	elevation	elevationAccuracy	depth	depthAccuracy	eventDate	day	month	year	taxonKey	speciesKey	basisOfRecord	institutionCode	collectionCode	catalogNumber	recordNumber	identifiedBy	dateIdentified	license	rightsHolder	recordedBy	typeStatus	establishmentMeans	lastInterpreted	mediaType	issue
727876754	d7cfd2ed-8af4-427f-a16e-eb66b7e2c419	17031	Fungi	Basidiomycota	Agaricomycetes	Agaricales	Psathyrellaceae	Coprinellus	Coprinellus disseminatus		SPECIES	Coprinus disseminatus (Pers.) Gray	Coprinus disseminatus (Pers.) Gray	(Pers.) Gray	CA	1.6 km S of South March	Ontario	PRESENT		ff418020-1d67-11d9-8435-b8a03c50a862	45.320772	-75.909691	1794.0						1971-07-22	22	7	1971	2534629	2534625	PRESERVED_SPECIMEN	Royal Ontario Museum	TRTC	TRTC048111	22.7.71/14	Malloch, D.W.W. & D.G. Lahaie		CC0_1_0	Royal Ontario Museum	Malloch, D.W.			2024-01-25T00:59:41.051Z		COORDINATE_ROUNDED;AMBIGUOUS_INSTITUTION
617554608	21705170-d2b6-42de-8904-c3bca4b83591	CMMF000434	Fungi	Basidiomycota	Agaricomycetes	Agaricales	Psathyrellaceae	Coprinellus	Coprinellus disseminatus		SPECIES	Coprinus disseminatus (Pers.) Gray	Coprinus disseminatus (Pers.) Gray	(Pers.) Gray	CA	Montréal	Québec	PRESENT		ff7bd5db-b724-4932-b496-10ea298851f9	45.509625	-73.662984	25000.0						1989-05-13	13	5	1989	2534629	2534625	PRESERVED_SPECIMEN	Université de Montréal Biodiversity Centre	CMMF	CMMF000434		Lamoureux, Yves		CC0_1_0	Université de Montréal Biodiversity Centre	Lamoureux, Yves			2024-01-24T16:38:19.967Z	StillImage	INSTITUTION_MATCH_FUZZY;COLLECTION_MATCH_FUZZY;DIFFERENT_OWNER_INSTITUTION
617552176	21705170-d2b6-42de-8904-c3bca4b83591	CMMF003038	Fungi	Basidiomycota	Agaricomycetes	Agaricales	Psathyrellaceae	Coprinellus	Coprinellus disseminatus		SPECIES	Coprinus disseminatus (Pers.) Gray	Coprinus disseminatus (Pers.) Gray	(Pers.) Gray	CA	Longueuil	Québec	PRESENT		ff7bd5db-b724-4932-b496-10ea298851f9	45.544154	-73.477185	5000.0						1997-07-18	18	7	1997	2534629	2534625	PRESERVED_SPECIMEN	Université de Montréal Biodiversity Centre	CMMF	CMMF003038		Lamoureux, Yves		CC0_1_0	Université de Montréal Biodiversity Centre	Lamoureux, Yves			2024-01-24T16:38:16.658Z	StillImage	INSTITUTION_MATCH_FUZZY;COLLECTION_MATCH_FUZZY;DIFFERENT_OWNER_INSTITUTION
617547969	21705170-d2b6-42de-8904-c3bca4b83591	CMMF000012	Fungi	Basidiomycota	Agaricomycetes	Agaricales	Psathyrellaceae	Coprinellus	Coprinellus disseminatus		SPECIES	Coprinus disseminatus (Pers.) Gray	Coprinus disseminatus (Pers.) Gray	(Pers.) Gray	CA	Montréal	Québec	PRESENT		ff7bd5db-b724-4932-b496-10ea298851f9	45.509625	-73.662984	25000.0						1988-07-03	3	7	1988	2534629	2534625	PRESERVED_SPECIMEN	Université de Montréal Biodiversity Centre	CMMF	CMMF000012		Lamoureux, Yves		CC0_1_0	Université de Montréal Biodiversity Centre	Lamoureux, Yves			2024-01-24T16:38:20.346Z	StillImage	INSTITUTION_MATCH_FUZZY;COLLECTION_MATCH_FUZZY;DIFFERENT_OWNER_INSTITUTION
4982362271	50c9509d-22c7-4a22-a47d-8c48425ef4a7	https://www.inaturalist.org/observations/63445727	Fungi	Basidiomycota	Agaricomycetes	Agaricales	Psathyrellaceae	Coprinellus	Coprinellus disseminatus		SPECIES	Coprinellus disseminatus (Pers.) J.E.Lange	Coprinellus disseminatus		CA		Ontario	PRESENT		28eb1a3f-1c15-4a95-931a-4af90ecb574d	45.34391	-75.628719							2020-09-02T16:48:15	2	9	2020	2534625	2534625	HUMAN_OBSERVATION	iNaturalist	Observations	63445727		else	2020-11-07T05:21:11	CC_BY_NC_4_0	staingen	staingen			2025-01-14T13:10:27.214Z	StillImage	CONTINENT_DERIVED_FROM_COORDINATES;TAXON_MATCH_TAXON_ID_IGNORED
4946140330	50c9509d-22c7-4a22-a47d-8c48425ef4a7	https://www.inaturalist.org/observations/241777593	Fungi	Basidiomycota	Agaricomycetes	Agaricales	Psathyrellaceae	Coprinellus	Coprinellus disseminatus		SPECIES	Coprinellus disseminatus (Pers.) J.E.Lange	Coprinellus disseminatus		CA		Ontario	PRESENT		28eb1a3f-1c15-4a95-931a-4af90ecb574d	45.02768	-75.333905	45.0						2024-09-14T11:40	14	9	2024	2534625	2534625	HUMAN_OBSERVATION	iNaturalist	Observations	241777593		jonathan_mack	2024-09-15T01:45:31	CC_BY_NC_4_0	jonathan_mack	jonathan_mack			2025-01-14T12:53:28.107Z	StillImage	COORDINATE_ROUNDED;CONTINENT_DERIVED_FROM_COORDINATES;TAXON_MATCH_TAXON_ID_IGNORED
4936237612	50c9509d-22c7-4a22-a47d-8c48425ef4a7	https://www.inaturalist.org/observations/174393955	Fungi	Basidiomycota	Agaricomycetes	Agaricales	Psathyrellaceae	Coprinellus	Coprinellus disseminatus		SPECIES	Coprinellus disseminatus (Pers.) J.E.Lange	Coprinellus disseminatus		CA		Québec	PRESENT		28eb1a3f-1c15-4a95-931a-4af90ecb574d	45.458995	-73.561719							2023-07-22T20:23:20	22	7	2023	2534625	2534625	HUMAN_OBSERVATION	iNaturalist	Observations	174393955		viandemoisie	2023-07-23T01:33:58	CC_BY_4_0	viandemoisie	viandemoisie			2025-01-14T12:36:57.459Z		COORDINATE_ROUNDED;CONTINENT_DERIVED_FROM_COORDINATES;TAXON_MATCH_TAXON_ID_IGNORED
4925990011	50c9509d-22c7-4a22-a47d-8c48425ef4a7	https://www.inaturalist.org/observations/235988482	Fungi	Basidiomycota	Agaricomycetes	Agaricales	Psathyrellaceae	Coprinellus	Coprinellus disseminatus		SPECIES	Coprinellus disseminatus (Pers.) J.E.Lange	Coprinellus disseminatus		CA		Québec	PRESENT		28eb1a3f-1c15-4a95-931a-4af90ecb574d	45.413487	-75.833848	391.0						2024-08-14T09:01	14	8	2024	2534625	2534625	HUMAN_OBSERVATION	iNaturalist	Observations	235988482		L Joan Heyding	2024-08-15T22:14:44	CC_BY_NC_4_0	L Joan Heyding	L Joan Heyding			2025-01-14T12:48:47.434Z	StillImage	COORDINATE_ROUNDED;CONTINENT_DERIVED_FROM_COORDINATES;TAXON_MATCH_TAXON_ID_IGNORED
4923656858	50c9509d-22c7-4a22-a47d-8c48425ef4a7	https://www.inaturalist.org/observations/235418365	Fungi	Basidiomycota	Agaricomycetes	Agaricales	Psathyrellaceae	Coprinellus	Coprinellus disseminatus		SPECIES	Coprinellus disseminatus (Pers.) J.E.Lange	Coprinellus disseminatus		CA		Québec	PRESENT		28eb1a3f-1c15-4a95-931a-4af90ecb574d	45.416011	-75.8321	391.0						2024-08-12T12:49	12	8	2024	2534625	2534625	HUMAN_OBSERVATION	iNaturalist	Observations	235418365		L Joan Heyding	2024-08-12T21:41:24	CC_BY_NC_4_0	L Joan Heyding	L Joan Heyding			2025-01-14T12:57:28.411Z	StillImage	COORDINATE_ROUNDED;CONTINENT_DERIVED_FROM_COORDINATES;TAXON_MATCH_TAXON_ID_IGNORED
4910780139	50c9509d-22c7-4a22-a47d-8c48425ef4a7	https://www.inaturalist.org/observations/230992384	Fungi	Basidiomycota	Agaricomycetes	Agaricales	Psathyrellaceae	Coprinellus	Coprinellus disseminatus		SPECIES	Coprinellus disseminatus (Pers.) J.E.Lange	Coprinellus disseminatus		CA		Québec	PRESENT		28eb1a3f-1c15-4a95-931a-4af90ecb574d	45.420827	-75.831259	197.0						2024-07-16T19:04:21	16	7	2024	2534625	2534625	HUMAN_OBSERVATION	iNaturalist	Observations	230992384		pascal_samson	2024-07-22T14:34:29	CC_BY_NC_4_0	pascal_samson	pascal_samson			2025-01-14T12:57:01.712Z	StillImage	COORDINATE_ROUNDED;CONTINENT_DERIVED_FROM_COORDINATES;TAXON_MATCH_TAXON_ID_IGNORED
4908686954	50c9509d-22c7-4a22-a47d-8c48425ef4a7	https://www.inaturalist.org/observations/226769456	Fungi	Basidiomycota	Agaricomycetes	Agaricales	Psathyrellaceae	Coprinellus	Coprinellus disseminatus		SPECIES	Coprinellus disseminatus (Pers.) J.E.Lange	Coprinellus disseminatus		CA		Québec	PRESENT		28eb1a3f-1c15-4a95-931a-4af90ecb574d	45.44998	-75.708337	5.0						2024-05-22T10:56:07	22	5	2024	2534625	2534625	HUMAN_OBSERVATION	iNaturalist	Observations	226769456		ilovefrogsmorethanyoudo	2024-07-02T21:35:12	CC_BY_NC_4_0	ilovefrogsmorethanyoudo	ilovefrogsmorethanyoudo			2025-01-14T13:41:48.676Z	StillImage	COORDINATE_ROUNDED;CONTINENT_DERIVED_FROM_COORDINATES;TAXON_MATCH_TAXON_ID_IGNORED
4904321213	50c9509d-22c7-4a22-a47d-8c48425ef4a7	https://www.inaturalist.org/observations/226288286	Fungi	Basidiomycota	Agaricomycetes	Agaricales	Psathyrellaceae	Coprinellus	Coprinellus disseminatus		SPECIES	Coprinellus disseminatus (Pers.) J.E.Lange	Coprinellus disseminatus		CA		Québec	PRESENT		28eb1a3f-1c15-4a95-931a-4af90ecb574d	45.851303	-75.225883	14.0						2024-06-30T16:03:45	30	6	2024	2534625	2534625	HUMAN_OBSERVATION	iNaturalist	Observations	226288286		noeyelle	2024-06-30T20:54:51	CC_BY_NC_4_0	noeyelle	noeyelle			2025-01-14T13:32:53.330Z	StillImage	COORDINATE_ROUNDED;CONTINENT_DERIVED_FROM_COORDINATES;TAXON_MATCH_TAXON_ID_IGNORED
4893108657	eeaf050f-23d0-4557-9084-ec545cd3d9a7	b569073f-01ff-4725-b76d-ead72f67da05	Fungi	Basidiomycota	Agaricomycetes	Agaricales	Psathyrellaceae	Coprinellus	Coprinellus disseminatus		SPECIES	Coprinellus disseminatus (Pers.) J.E.Lange	Coprinellus disseminatus	(Pers.) J.E.Lange	CA	Ottawa	Ontario	PRESENT		325c883e-46a7-4be3-9d77-7dde654fd1d3	45.423949	-75.695445											2534625	2534625	PRESERVED_SPECIMEN	DPI	DAR	DAR00062501a				CC_BY_4_0					2025-01-02T23:50:28.194Z		CONTINENT_DERIVED_FROM_COORDINATES;TAXON_MATCH_TAXON_CONCEPT_ID_IGNORED;INSTITUTION_MATCH_NONE
4516240941	50c9509d-22c7-4a22-a47d-8c48425ef4a7	https://www.inaturalist.org/observations/132819564	Fungi	Basidiomycota	Agaricomycetes	Agaricales	Psathyrellaceae	Coprinellus	Coprinellus disseminatus		SPECIES	Coprinellus disseminatus (Pers.) J.E.Lange	Coprinellus disseminatus		CA		Québec	PRESENT		28eb1a3f-1c15-4a95-931a-4af90ecb574d	45.443062	-73.713433	4.0						2022-08-29T09:11:43	29	8	2022	2534625	2534625	HUMAN_OBSERVATION	iNaturalist	Observations	132819564		etmtl	2022-08-29T14:32:01	CC_BY_NC_4_0	etmtl	etmtl			2025-01-14T12:31:30.627Z	StillImage	COORDINATE_ROUNDED;CONTINENT_DERIVED_FROM_COORDINATES;TAXON_MATCH_TAXON_ID_IGNORED
4442640825	50c9509d-22c7-4a22-a47d-8c48425ef4a7	https://www.inaturalist.org/observations/176428717	Fungi	Basidiomycota	Agaricomycetes	Agaricales	Psathyrellaceae	Coprinellus	Coprinellus disseminatus		SPECIES	Coprinellus disseminatus (Pers.) J.E.Lange	Coprinellus disseminatus		CA		Ontario	PRESENT		28eb1a3f-1c15-4a95-931a-4af90ecb574d	45.4347	-75.549713	4.0						2021-08-19T18:14:57	19	8	2021	2534625	2534625	HUMAN_OBSERVATION	iNaturalist	Observations	176428717		clouidia	2023-08-03T13:34:15	CC_BY_NC_4_0	clouidia	clouidia			2025-01-14T13:31:39.566Z	StillImage	COORDINATE_ROUNDED;CONTINENT_DERIVED_FROM_COORDINATES;TAXON_MATCH_TAXON_ID_IGNORED
4442630447	50c9509d-22c7-4a22-a47d-8c48425ef4a7	https://www.inaturalist.org/observations/87138052	Fungi	Basidiomycota	Agaricomycetes	Agaricales	Psathyrellaceae	Coprinellus	Coprinellus disseminatus		SPECIES	Coprinellus disseminatus (Pers.) J.E.Lange	Coprinellus disseminatus		CA		Ontario	PRESENT		28eb1a3f-1c15-4a95-931a-4af90ecb574d	45.304315	-75.83473	15.0						2021-07-13T11:28	13	7	2021	2534625	2534625	HUMAN_OBSERVATION	iNaturalist	Observations	87138052		Aubrey Dreaming	2021-07-15T13:46:52	CC_BY_NC_4_0	Aubrey Dreaming	Aubrey Dreaming			2025-01-14T13:13:07.377Z	StillImage	COORDINATE_ROUNDED;CONTINENT_DERIVED_FROM_COORDINATES;TAXON_MATCH_TAXON_ID_IGNORED
4442564419	50c9509d-22c7-4a22-a47d-8c48425ef4a7	https://www.inaturalist.org/observations/85132168	Fungi	Basidiomycota	Agaricomycetes	Agaricales	Psathyrellaceae	Coprinellus	Coprinellus disseminatus		SPECIES	Coprinellus disseminatus (Pers.) J.E.Lange	Coprinellus disseminatus		CA		Ontario	PRESENT		28eb1a3f-1c15-4a95-931a-4af90ecb574d	45.373701	-75.790362	60.0						2021-06-30T13:17:54	30	6	2021	2534625	2534625	HUMAN_OBSERVATION	iNaturalist	Observations	85132168		Nina	2021-06-30T20:37:22	CC_BY_NC_4_0	Nina	Nina			2025-01-14T13:12:55.191Z	StillImage	COORDINATE_ROUNDED;CONTINENT_DERIVED_FROM_COORDINATES;TAXON_MATCH_TAXON_ID_IGNORED
4442548594	50c9509d-22c7-4a22-a47d-8c48425ef4a7	https://www.inaturalist.org/observations/136085124	Fungi	Basidiomycota	Agaricomycetes	Agaricales	Psathyrellaceae	Coprinellus	Coprinellus disseminatus		SPECIES	Coprinellus disseminatus (Pers.) J.E.Lange	Coprinellus disseminatus		CA		Ontario	PRESENT		28eb1a3f-1c15-4a95-931a-4af90ecb574d	45.150133	-75.39485	130.0						2022-09-20T11:44:41	20	9	2022	2534625	2534625	HUMAN_OBSERVATION	iNaturalist	Observations	136085124		Randy	2022-09-22T20:52:41	CC_BY_NC_4_0	Randy	Randy			2025-01-14T13:25:30.066Z	StillImage	COORDINATE_ROUNDED;CONTINENT_DERIVED_FROM_COORDINATES;TAXON_MATCH_TAXON_ID_IGNORED
4442492491	50c9509d-22c7-4a22-a47d-8c48425ef4a7	https://www.inaturalist.org/observations/118378492	Fungi	Basidiomycota	Agaricomycetes	Agaricales	Psathyrellaceae	Coprinellus	Coprinellus disseminatus		SPECIES	Coprinellus disseminatus (Pers.) J.E.Lange	Coprinellus disseminatus		CA		Ontario	PRESENT		28eb1a3f-1c15-4a95-931a-4af90ecb574d	45.455779	-75.504733	7914.0						2022-05-23T10:00:15	23	5	2022	2534625	2534625	HUMAN_OBSERVATION	iNaturalist	Observations	118378492		a-tara-xy	2022-05-23T15:32:44	CC_BY_NC_4_0	a-tara-xy	a-tara-xy			2025-01-14T12:31:07.904Z	StillImage	COORDINATE_ROUNDED;CONTINENT_DERIVED_FROM_COORDINATES;TAXON_MATCH_TAXON_ID_IGNORED
4442469434	50c9509d-22c7-4a22-a47d-8c48425ef4a7	https://www.inaturalist.org/observations/88384859	Fungi	Basidiomycota	Agaricomycetes	Agaricales	Psathyrellaceae	Coprinellus	Coprinellus disseminatus		SPECIES	Coprinellus disseminatus (Pers.) J.E.Lange	Coprinellus disseminatus		CA		Ontario	PRESENT		28eb1a3f-1c15-4a95-931a-4af90ecb574d	45.44812	-75.655316	9.0						2021-07-24T09:36:40	24	7	2021	2534625	2534625	HUMAN_OBSERVATION	iNaturalist	Observations	88384859		Anthony Gaston	2021-07-24T13:38:16	CC_BY_NC_4_0	Anthony Gaston	Anthony Gaston			2025-01-14T12:20:06.360Z	StillImage	COORDINATE_ROUNDED;CONTINENT_DERIVED_FROM_COORDINATES;TAXON_MATCH_TAXON_ID_IGNORED
4442404509	50c9509d-22c7-4a22-a47d-8c48425ef4a7	https://www.inaturalist.org/observations/128549103	Fungi	Basidiomycota	Agaricomycetes	Agaricales	Psathyrellaceae	Coprinellus	Coprinellus disseminatus		SPECIES	Coprinellus disseminatus (Pers.) J.E.Lange	Coprinellus disseminatus		CA		Québec	PRESENT		28eb1a3f-1c15-4a95-931a-4af90ecb574d	45.419533	-75.835813	5.0						2022-07-29T12:10:52	29	7	2022	2534625	2534625	HUMAN_OBSERVATION	iNaturalist	Observations	128549103		Lynn Ovenden	2022-07-30T02:26:01	CC_BY_NC_4_0	Lynn Ovenden	Lynn Ovenden			2025-01-14T12:30:45.323Z	StillImage	COORDINATE_ROUNDED;CONTINENT_DERIVED_FROM_COORDINATES;TAXON_MATCH_TAXON_ID_IGNORED
4442394530	50c9509d-22c7-4a22-a47d-8c48425ef4a7	https://www.inaturalist.org/observations/121519011	Fungi	Basidiomycota	Agaricomycetes	Agaricales	Psathyrellaceae	Coprinellus	Coprinellus disseminatus		SPECIES	Coprinellus disseminatus (Pers.) J.E.Lange	Coprinellus disseminatus		CA		Ontario	PRESENT		28eb1a3f-1c15-4a95-931a-4af90ecb574d	45.474879	-75.499756	1525.0						2022-06-11T09:20:06	11	6	2022	2534625	2534625	HUMAN_OBSERVATION	iNaturalist	Observations	121519011		a-tara-xy	2022-06-13T00:57:53	CC_BY_NC_4_0	a-tara-xy	a-tara-xy			2025-01-14T13:21:50.367Z	StillImage	COORDINATE_ROUNDED;CONTINENT_DERIVED_FROM_COORDINATES;TAXON_MATCH_TAXON_ID_IGNORED
4442393600	50c9509d-22c7-4a22-a47d-8c48425ef4a7	https://www.inaturalist.org/observations/136969957	Fungi	Basidiomycota	Agaricomycetes	Agaricales	Psathyrellaceae	Coprinellus	Coprinellus disseminatus		SPECIES	Coprinellus disseminatus (Pers.) J.E.Lange	Coprinellus disseminatus		CA		Ontario	PRESENT		28eb1a3f-1c15-4a95-931a-4af90ecb574d	45.502388	-75.487495							2022-09-28T08:09:50	28	9	2022	2534625	2534625	HUMAN_OBSERVATION	iNaturalist	Observations	136969957		Nina	2022-09-29T23:00:03	CC_BY_NC_4_0	Nina	Nina			2025-01-14T13:21:02.647Z	StillImage	COORDINATE_ROUNDED;CONTINENT_DERIVED_FROM_COORDINATES;TAXON_MATCH_TAXON_ID_IGNORED
4442382985	50c9509d-22c7-4a22-a47d-8c48425ef4a7	https://www.inaturalist.org/observations/183544482	Fungi	Basidiomycota	Agaricomycetes	Agaricales	Psathyrellaceae	Coprinellus	Coprinellus disseminatus		SPECIES	Coprinellus disseminatus (Pers.) J.E.Lange	Coprinellus disseminatus		CA		Ontario	PRESENT		28eb1a3f-1c15-4a95-931a-4af90ecb574d	45.492123	-74.715415	27158.0						2023-09-16T14:45:10	16	9	2023	2534625	2534625	HUMAN_OBSERVATION	iNaturalist	Observations	183544482		sandy2023	2023-09-16T18:45:23	CC_BY_NC_4_0	sandy2023	sandy2023			2025-01-14T12:41:50.350Z	StillImage	COORDINATE_ROUNDED;CONTINENT_DERIVED_FROM_COORDINATES;TAXON_MATCH_TAXON_ID_IGNORED
4442380450	50c9509d-22c7-4a22-a47d-8c48425ef4a7	https://www.inaturalist.org/observations/97204317	Fungi	Basidiomycota	Agaricomycetes	Agaricales	Psathyrellaceae	Coprinellus	Coprinellus disseminatus		SPECIES	Coprinellus disseminatus (Pers.) J.E.Lange	Coprinellus disseminatus		CA		Ontario	PRESENT		28eb1a3f-1c15-4a95-931a-4af90ecb574d	45.365179	-75.79903	15.0						2021-09-28T18:17	28	9	2021	2534625	2534625	HUMAN_OBSERVATION	iNaturalist	Observations	97204317		Serguei Ponomarenko	2021-10-05T01:22:57	CC_BY_NC_4_0	Serguei Ponomarenko	Serguei Ponomarenko			2025-01-14T12:22:23.414Z	StillImage	COORDINATE_ROUNDED;CONTINENT_DERIVED_FROM_COORDINATES;TAXON_MATCH_TAXON_ID_IGNORED
4442376506	50c9509d-22c7-4a22-a47d-8c48425ef4a7	https://www.inaturalist.org/observations/128912929	Fungi	Basidiomycota	Agaricomycetes	Agaricales	Psathyrellaceae	Coprinellus	Coprinellus disseminatus		SPECIES	Coprinellus disseminatus (Pers.) J.E.Lange	Coprinellus disseminatus		CA		Ontario	PRESENT		28eb1a3f-1c15-4a95-931a-4af90ecb574d	45.480951	-75.539366	163.0						2022-07-31T14:36:15	31	7	2022	2534625	2534625	HUMAN_OBSERVATION	iNaturalist	Observations	128912929		a-tara-xy	2022-08-01T01:46:06	CC_BY_NC_4_0	a-tara-xy	a-tara-xy			2025-01-14T14:06:16.878Z	StillImage	COORDINATE_ROUNDED;CONTINENT_DERIVED_FROM_COORDINATES;TAXON_MATCH_TAXON_ID_IGNORED
4442370914	50c9509d-22c7-4a22-a47d-8c48425ef4a7	https://www.inaturalist.org/observations/180248333	Fungi	Basidiomycota	Agaricomycetes	Agaricales	Psathyrellaceae	Coprinellus	Coprinellus disseminatus		SPECIES	Coprinellus disseminatus (Pers.) J.E.Lange	Coprinellus disseminatus		CA		Ontario	PRESENT		28eb1a3f-1c15-4a95-931a-4af90ecb574d	45.149139	-75.450072							2023-08-25T11:41:02	25	8	2023	2534625	2534625	HUMAN_OBSERVATION	iNaturalist	Observations	180248333		Randy	2023-08-26T11:03:28	CC_BY_NC_4_0	Randy	Randy			2025-01-14T12:41:06.694Z	StillImage	COORDINATE_ROUNDED;CONTINENT_DERIVED_FROM_COORDINATES;TAXON_MATCH_TAXON_ID_IGNORED
4442365914	50c9509d-22c7-4a22-a47d-8c48425ef4a7	https://www.inaturalist.org/observations/183544299	Fungi	Basidiomycota	Agaricomycetes	Agaricales	Psathyrellaceae	Coprinellus	Coprinellus disseminatus		SPECIES	Coprinellus disseminatus (Pers.) J.E.Lange	Coprinellus disseminatus		CA		Ontario	PRESENT		28eb1a3f-1c15-4a95-931a-4af90ecb574d	45.580454	-74.690448	27158.0						2023-09-16T14:42:52	16	9	2023	2534625	2534625	HUMAN_OBSERVATION	iNaturalist	Observations	183544299		sandy2023	2023-09-16T18:44:27	CC_BY_NC_4_0	sandy2023	sandy2023			2025-01-14T13:32:13.158Z	StillImage	COORDINATE_ROUNDED;CONTINENT_DERIVED_FROM_COORDINATES;TAXON_MATCH_TAXON_ID_IGNORED
4442361426	50c9509d-22c7-4a22-a47d-8c48425ef4a7	https://www.inaturalist.org/observations/95530747	Fungi	Basidiomycota	Agaricomycetes	Agaricales	Psathyrellaceae	Coprinellus	Coprinellus disseminatus		SPECIES	Coprinellus disseminatus (Pers.) J.E.Lange	Coprinellus disseminatus		CA		Ontario	PRESENT		28eb1a3f-1c15-4a95-931a-4af90ecb574d	45.090144	-75.918184							2021-09-19T15:27	19	9	2021	2534625	2534625	HUMAN_OBSERVATION	iNaturalist	Observations	95530747		cinna_latifolia	2021-09-25T23:22:36	CC_BY_NC_4_0	Nata Culhane	Nata Culhane			2025-01-14T12:21:28.979Z	StillImage	COORDINATE_ROUNDED;CONTINENT_DERIVED_FROM_COORDINATES;TAXON_MATCH_TAXON_ID_IGNORED
4424479432	50c9509d-22c7-4a22-a47d-8c48425ef4a7	https://www.inaturalist.org/observations/186235622	Fungi	Basidiomycota	Agaricomycetes	Agaricales	Psathyrellaceae	Coprinellus	Coprinellus disseminatus		SPECIES	Coprinellus disseminatus (Pers.) J.E.Lange	Coprinellus disseminatus		CA		Québec	PRESENT		28eb1a3f-1c15-4a95-931a-4af90ecb574d	45.628235	-73.792063	74.0						2023-09-17T14:37	17	9	2023	2534625	2534625	HUMAN_OBSERVATION	iNaturalist	Observations	186235622		michelcournoyer	2023-10-05T01:50:17	CC_BY_NC_4_0	michelcournoyer	michelcournoyer			2025-01-14T12:40:11.288Z	StillImage	COORDINATE_ROUNDED;CONTINENT_DERIVED_FROM_COORDINATES;TAXON_MATCH_TAXON_ID_IGNORED
4416893342	50c9509d-22c7-4a22-a47d-8c48425ef4a7	https://www.inaturalist.org/observations/130708971	Fungi	Basidiomycota	Agaricomycetes	Agaricales	Psathyrellaceae	Coprinellus	Coprinellus disseminatus		SPECIES	Coprinellus disseminatus (Pers.) J.E.Lange	Coprinellus disseminatus		CA		Québec	PRESENT		28eb1a3f-1c15-4a95-931a-4af90ecb574d	45.92807	-73.530609	16.0						2022-08-13T20:01:59	13	8	2022	2534625	2534625	HUMAN_OBSERVATION	iNaturalist	Observations	130708971		maximelazure	2022-08-14T00:02:13	CC_BY_NC_4_0	maximelazure	maximelazure			2025-01-14T12:31:21.427Z	StillImage	COORDINATE_ROUNDED;CONTINENT_DERIVED_FROM_COORDINATES;TAXON_MATCH_TAXON_ID_IGNORED
4416811666	50c9509d-22c7-4a22-a47d-8c48425ef4a7	https://www.inaturalist.org/observations/180750455	Fungi	Basidiomycota	Agaricomycetes	Agaricales	Psathyrellaceae	Coprinellus	Coprinellus disseminatus		SPECIES	Coprinellus disseminatus (Pers.) J.E.Lange	Coprinellus disseminatus		CA		Ontario	PRESENT		28eb1a3f-1c15-4a95-931a-4af90ecb574d	45.45636	-75.680534	1967.0						2023-08-26T15:28:50	26	8	2023	2534625	2534625	HUMAN_OBSERVATION	iNaturalist	Observations	180750455		hendrixmom	2023-08-29T11:03:01	CC_BY_NC_4_0	hendrixmom	hendrixmom			2025-01-14T13:42:31.368Z	StillImage	COORDINATE_ROUNDED;CONTINENT_DERIVED_FROM_COORDINATES;TAXON_MATCH_TAXON_ID_IGNORED
4414270420	50c9509d-22c7-4a22-a47d-8c48425ef4a7	https://www.inaturalist.org/observations/183119425	Fungi	Basidiomycota	Agaricomycetes	Agaricales	Psathyrellaceae	Coprinellus	Coprinellus disseminatus		SPECIES	Coprinellus disseminatus (Pers.) J.E.Lange	Coprinellus disseminatus		CA		Québec	PRESENT		28eb1a3f-1c15-4a95-931a-4af90ecb574d	45.132928	-73.273977	5923.0						2023-09-13T14:43:54	13	9	2023	2534625	2534625	HUMAN_OBSERVATION	iNaturalist	Observations	183119425		sylviedesmarais	2023-09-13T19:18:46	CC_BY_NC_4_0	sylviedesmarais	sylviedesmarais			2025-01-14T12:42:27.757Z	StillImage	COORDINATE_ROUNDED;CONTINENT_DERIVED_FROM_COORDINATES;TAXON_MATCH_TAXON_ID_IGNORED
4414115188	50c9509d-22c7-4a22-a47d-8c48425ef4a7	https://www.inaturalist.org/observations/183745760	Fungi	Basidiomycota	Agaricomycetes	Agaricales	Psathyrellaceae	Coprinellus	Coprinellus disseminatus		SPECIES	Coprinellus disseminatus (Pers.) J.E.Lange	Coprinellus disseminatus		CA		Québec	PRESENT		28eb1a3f-1c15-4a95-931a-4af90ecb574d	45.623411	-74.075043	183.0						2023-09-17T14:06:36	17	9	2023	2534625	2534625	HUMAN_OBSERVATION	iNaturalist	Observations	183745760		calibouare	2023-09-17T21:54:14	CC_BY_NC_4_0	calibouare	calibouare			2025-01-14T13:32:28.361Z	StillImage	COORDINATE_ROUNDED;CONTINENT_DERIVED_FROM_COORDINATES;TAXON_MATCH_TAXON_ID_IGNORED
4413767493	50c9509d-22c7-4a22-a47d-8c48425ef4a7	https://www.inaturalist.org/observations/182064786	Fungi	Basidiomycota	Agaricomycetes	Agaricales	Psathyrellaceae	Coprinellus	Coprinellus disseminatus		SPECIES	Coprinellus disseminatus (Pers.) J.E.Lange	Coprinellus disseminatus		CA		Québec	PRESENT		28eb1a3f-1c15-4a95-931a-4af90ecb574d	45.513008	-73.585305	4.0						2023-09-06T12:03:42	6	9	2023	2534625	2534625	HUMAN_OBSERVATION	iNaturalist	Observations	182064786		timfoster	2023-09-06T16:10:39	CC_BY_NC_4_0	timfoster	timfoster			2025-01-14T12:41:00.558Z	StillImage	COORDINATE_ROUNDED;CONTINENT_DERIVED_FROM_COORDINATES;TAXON_MATCH_TAXON_ID_IGNORED
4413587364	50c9509d-22c7-4a22-a47d-8c48425ef4a7	https://www.inaturalist.org/observations/85280864	Fungi	Basidiomycota	Agaricomycetes	Agaricales	Psathyrellaceae	Coprinellus	Coprinellus disseminatus		SPECIES	Coprinellus disseminatus (Pers.) J.E.Lange	Coprinellus disseminatus		CA		Ontario	PRESENT		28eb1a3f-1c15-4a95-931a-4af90ecb574d	45.454616	-75.671042	41.0						2021-07-01T13:59	1	7	2021	2534625	2534625	HUMAN_OBSERVATION	iNaturalist	Observations	85280864		jonathan_mack	2021-07-02T00:13:22	CC_BY_NC_4_0	jonathan_mack	jonathan_mack			2025-01-14T12:19:56.043Z	StillImage	COORDINATE_ROUNDED;CONTINENT_DERIVED_FROM_COORDINATES;TAXON_MATCH_TAXON_ID_IGNORED
4413552714	50c9509d-22c7-4a22-a47d-8c48425ef4a7	https://www.inaturalist.org/observations/180786099	Fungi	Basidiomycota	Agaricomycetes	Agaricales	Psathyrellaceae	Coprinellus	Coprinellus disseminatus		SPECIES	Coprinellus disseminatus (Pers.) J.E.Lange	Coprinellus disseminatus		CA		Ontario	PRESENT		28eb1a3f-1c15-4a95-931a-4af90ecb574d	45.450894	-75.66758	61.0						2023-08-20T17:37	20	8	2023	2534625	2534625	HUMAN_OBSERVATION	iNaturalist	Observations	180786099		amanitamozart	2023-09-05T00:55:18	CC_BY_NC_4_0	elise_bkh	elise_bkh			2025-01-14T12:43:35.469Z	StillImage	COORDINATE_ROUNDED;CONTINENT_DERIVED_FROM_COORDINATES;TAXON_MATCH_TAXON_ID_IGNORED
4413545383	50c9509d-22c7-4a22-a47d-8c48425ef4a7	https://www.inaturalist.org/observations/85280874	Fungi	Basidiomycota	Agaricomycetes	Agaricales	Psathyrellaceae	Coprinellus	Coprinellus disseminatus		SPECIES	Coprinellus disseminatus (Pers.) J.E.Lange	Coprinellus disseminatus		CA		Ontario	PRESENT		28eb1a3f-1c15-4a95-931a-4af90ecb574d	45.452539	-75.668353	15.0						2021-07-01T14:17	1	7	2021	2534625	2534625	HUMAN_OBSERVATION	iNaturalist	Observations	85280874		jonathan_mack	2021-07-02T00:13:28	CC_BY_NC_4_0	jonathan_mack	jonathan_mack			2025-01-14T12:19:48.262Z	StillImage	COORDINATE_ROUNDED;CONTINENT_DERIVED_FROM_COORDINATES;TAXON_MATCH_TAXON_ID_IGNORED
4413477213	50c9509d-22c7-4a22-a47d-8c48425ef4a7	https://www.inaturalist.org/observations/183605194	Fungi	Basidiomycota	Agaricomycetes	Agaricales	Psathyrellaceae	Coprinellus	Coprinellus disseminatus		SPECIES	Coprinellus disseminatus (Pers.) J.E.Lange	Coprinellus disseminatus		CA		Ontario	PRESENT		28eb1a3f-1c15-4a95-931a-4af90ecb574d	45.455536	-74.72476	27158.0						2023-09-16T14:44	16	9	2023	2534625	2534625	HUMAN_OBSERVATION	iNaturalist	Observations	183605194		jonathan_mack	2023-09-17T02:06:00	CC_BY_NC_4_0	jonathan_mack	jonathan_mack			2025-01-14T13:27:35.885Z	StillImage	COORDINATE_ROUNDED;CONTINENT_DERIVED_FROM_COORDINATES;TAXON_MATCH_TAXON_ID_IGNORED
4413408982	50c9509d-22c7-4a22-a47d-8c48425ef4a7	https://www.inaturalist.org/observations/182129176	Fungi	Basidiomycota	Agaricomycetes	Agaricales	Psathyrellaceae	Coprinellus	Coprinellus disseminatus		SPECIES	Coprinellus disseminatus (Pers.) J.E.Lange	Coprinellus disseminatus		CA		Québec	PRESENT		28eb1a3f-1c15-4a95-931a-4af90ecb574d	45.5129	-73.58545	4.0						2023-09-06T12:10:27	6	9	2023	2534625	2534625	HUMAN_OBSERVATION	iNaturalist	Observations	182129176		Mical	2023-09-07T01:33:32	CC_BY_4_0	Mical	Mical			2025-01-14T13:32:46.504Z	StillImage	CONTINENT_DERIVED_FROM_COORDINATES;TAXON_MATCH_TAXON_ID_IGNORED
4407275363	50c9509d-22c7-4a22-a47d-8c48425ef4a7	https://www.inaturalist.org/observations/54203603	Fungi	Basidiomycota	Agaricomycetes	Agaricales	Psathyrellaceae	Coprinellus	Coprinellus disseminatus		SPECIES	Coprinellus disseminatus (Pers.) J.E.Lange	Coprinellus disseminatus		CA		Québec	PRESENT		28eb1a3f-1c15-4a95-931a-4af90ecb574d	45.424301	-75.82914	21.0						2020-07-24T10:03:43	24	7	2020	2534625	2534625	HUMAN_OBSERVATION	iNaturalist	Observations	54203603		Igor Khomenko	2022-07-30T18:44:40	CC_BY_NC_4_0	gonature1	gonature1			2025-01-14T13:09:36.317Z	StillImage	COORDINATE_ROUNDED;CONTINENT_DERIVED_FROM_COORDINATES;TAXON_MATCH_TAXON_ID_IGNORED
4407219366	50c9509d-22c7-4a22-a47d-8c48425ef4a7	https://www.inaturalist.org/observations/61925909	Fungi	Basidiomycota	Agaricomycetes	Agaricales	Psathyrellaceae	Coprinellus	Coprinellus disseminatus		SPECIES	Coprinellus disseminatus (Pers.) J.E.Lange	Coprinellus disseminatus		CA		Québec	PRESENT		28eb1a3f-1c15-4a95-931a-4af90ecb574d	45.47533	-73.270515							2020-10-06T23:42:08	6	10	2020	2534625	2534625	HUMAN_OBSERVATION	iNaturalist	Observations	61925909		grosgarshroom	2020-10-07T05:18:19	CC_BY_NC_4_0	grosgarshroom	grosgarshroom			2025-01-14T12:15:01.504Z	StillImage	COORDINATE_ROUNDED;CONTINENT_DERIVED_FROM_COORDINATES;TAXON_MATCH_TAXON_ID_IGNORED
4405201807	50c9509d-22c7-4a22-a47d-8c48425ef4a7	https://www.inaturalist.org/observations/178287256	Fungi	Basidiomycota	Agaricomycetes	Agaricales	Psathyrellaceae	Coprinellus	Coprinellus disseminatus		SPECIES	Coprinellus disseminatus (Pers.) J.E.Lange	Coprinellus disseminatus		CA		Ontario	PRESENT		28eb1a3f-1c15-4a95-931a-4af90ecb574d	45.366425	-75.743843	35.0						2023-08-12T19:21:16	12	8	2023	2534625	2534625	HUMAN_OBSERVATION	iNaturalist	Observations	178287256		pricklybriar	2023-08-14T00:31:02	CC0_1_0	pricklybriar	pricklybriar			2025-01-14T13:32:09.622Z	StillImage	COORDINATE_ROUNDED;CONTINENT_DERIVED_FROM_COORDINATES;TAXON_MATCH_TAXON_ID_IGNORED
4172208522	50c9509d-22c7-4a22-a47d-8c48425ef4a7	https://www.inaturalist.org/observations/176520595	Fungi	Basidiomycota	Agaricomycetes	Agaricales	Psathyrellaceae	Coprinellus	Coprinellus disseminatus		SPECIES	Coprinellus disseminatus (Pers.) J.E.Lange	Coprinellus disseminatus		CA		Ontario	PRESENT		28eb1a3f-1c15-4a95-931a-4af90ecb574d	45.460471	-75.610934	31.0						2023-07-29T18:59	29	7	2023	2534625	2534625	HUMAN_OBSERVATION	iNaturalist	Observations	176520595		mmunc	2023-08-03T23:47:19	CC_BY_NC_4_0	mmunc	mmunc			2025-01-14T13:31:47.953Z	StillImage	COORDINATE_ROUNDED;CONTINENT_DERIVED_FROM_COORDINATES;TAXON_MATCH_TAXON_ID_IGNORED
4172120840	50c9509d-22c7-4a22-a47d-8c48425ef4a7	https://www.inaturalist.org/observations/176281071	Fungi	Basidiomycota	Agaricomycetes	Agaricales	Psathyrellaceae	Coprinellus	Coprinellus disseminatus		SPECIES	Coprinellus disseminatus (Pers.) J.E.Lange	Coprinellus disseminatus		CA		Québec	PRESENT		28eb1a3f-1c15-4a95-931a-4af90ecb574d	45.624878	-73.785446	200.0						2023-08-02T11:00:39	2	8	2023	2534625	2534625	HUMAN_OBSERVATION	iNaturalist	Observations	176281071		nicole-monast	2023-08-02T15:04:47	CC_BY_NC_4_0	nicole-monast	nicole-monast			2025-01-14T12:41:04.535Z	StillImage	COORDINATE_ROUNDED;CONTINENT_DERIVED_FROM_COORDINATES;TAXON_MATCH_TAXON_ID_IGNORED
4171989254	50c9509d-22c7-4a22-a47d-8c48425ef4a7	https://www.inaturalist.org/observations/176536444	Fungi	Basidiomycota	Agaricomycetes	Agaricales	Psathyrellaceae	Coprinellus	Coprinellus disseminatus		SPECIES	Coprinellus disseminatus (Pers.) J.E.Lange	Coprinellus disseminatus		CA		Québec	PRESENT		28eb1a3f-1c15-4a95-931a-4af90ecb574d	46.821136	-71.317971	35.0						2023-08-03T17:36:37	3	8	2023	2534625	2534625	HUMAN_OBSERVATION	iNaturalist	Observations	176536444		gensav	2023-08-04T01:54:22	CC_BY_NC_4_0	gensav	gensav			2025-01-14T13:31:35.777Z	StillImage	COORDINATE_ROUNDED;CONTINENT_DERIVED_FROM_COORDINATES;TAXON_MATCH_TAXON_ID_IGNORED
4171921207	50c9509d-22c7-4a22-a47d-8c48425ef4a7	https://www.inaturalist.org/observations/176353500	Fungi	Basidiomycota	Agaricomycetes	Agaricales	Psathyrellaceae	Coprinellus	Coprinellus disseminatus		SPECIES	Coprinellus disseminatus (Pers.) J.E.Lange	Coprinellus disseminatus		CA		Québec	PRESENT		28eb1a3f-1c15-4a95-931a-4af90ecb574d	45.550371	-73.46919	831.0						2023-08-02T09:32	2	8	2023	2534625	2534625	HUMAN_OBSERVATION	iNaturalist	Observations	176353500		Antoine Fortin	2023-08-02T23:25:22	CC_BY_NC_4_0	Antoine Fortin	Antoine Fortin			2025-01-14T12:39:14.871Z	StillImage	COORDINATE_ROUNDED;CONTINENT_DERIVED_FROM_COORDINATES;TAXON_MATCH_TAXON_ID_IGNORED
4171871572	50c9509d-22c7-4a22-a47d-8c48425ef4a7	https://www.inaturalist.org/observations/175982943	Fungi	Basidiomycota	Agaricomycetes	Agaricales	Psathyrellaceae	Coprinellus	Coprinellus disseminatus		SPECIES	Coprinellus disseminatus (Pers.) J.E.Lange	Coprinellus disseminatus		CA		Québec	PRESENT		28eb1a3f-1c15-4a95-931a-4af90ecb574d	45.468945	-73.61525	4.0						2023-07-26T06:55:37	26	7	2023	2534625	2534625	HUMAN_OBSERVATION	iNaturalist	Observations	175982943		missmoira	2023-07-31T19:19:08	CC_BY_NC_4_0	missmoira	missmoira			2025-01-14T13:31:53.114Z	StillImage	CONTINENT_DERIVED_FROM_COORDINATES;TAXON_MATCH_TAXON_ID_IGNORED
4171672341	50c9509d-22c7-4a22-a47d-8c48425ef4a7	https://www.inaturalist.org/observations/174466544	Fungi	Basidiomycota	Agaricomycetes	Agaricales	Psathyrellaceae	Coprinellus	Coprinellus disseminatus		SPECIES	Coprinellus disseminatus (Pers.) J.E.Lange	Coprinellus disseminatus		CA		Ontario	PRESENT		28eb1a3f-1c15-4a95-931a-4af90ecb574d	45.462597	-75.496147	82.0						2023-07-23T09:20:32	23	7	2023	2534625	2534625	HUMAN_OBSERVATION	iNaturalist	Observations	174466544		andyleblanc83	2023-07-23T13:21:53	CC_BY_NC_4_0	andyleblanc83	andyleblanc83			2025-01-14T12:39:27.550Z	StillImage	COORDINATE_ROUNDED;CONTINENT_DERIVED_FROM_COORDINATES;TAXON_MATCH_TAXON_ID_IGNORED
4171366950	50c9509d-22c7-4a22-a47d-8c48425ef4a7	https://www.inaturalist.org/observations/171253900	Fungi	Basidiomycota	Agaricomycetes	Agaricales	Psathyrellaceae	Coprinellus	Coprinellus disseminatus		SPECIES	Coprinellus disseminatus (Pers.) J.E.Lange	Coprinellus disseminatus		CA		Québec	PRESENT		28eb1a3f-1c15-4a95-931a-4af90ecb574d	45.500854	-73.589471	15.0						2022-06-15T09:43	15	6	2022	2534625	2534625	HUMAN_OBSERVATION	iNaturalist	Observations	171253900		Antoine Fortin	2023-07-05T18:59:17	CC_BY_NC_4_0	Antoine Fortin	Antoine Fortin			2025-01-14T12:38:07.238Z	StillImage	COORDINATE_ROUNDED;CONTINENT_DERIVED_FROM_COORDINATES;TAXON_MATCH_TAXON_ID_IGNORED
4171365310	50c9509d-22c7-4a22-a47d-8c48425ef4a7	https://www.inaturalist.org/observations/13172413	Fungi	Basidiomycota	Agaricomycetes	Agaricales	Psathyrellaceae	Coprinellus	Coprinellus disseminatus		SPECIES	Coprinellus disseminatus (Pers.) J.E.Lange	Coprinellus disseminatus		CA		Québec	PRESENT		28eb1a3f-1c15-4a95-931a-4af90ecb574d	45.6229	-74.08633							2018-06-03T14:00	3	6	2018	2534625	2534625	HUMAN_OBSERVATION	iNaturalist	Observations	13172413		Cercle des Mycologues de Montréal	2018-06-06T12:57:43	CC_BY_NC_4_0	Cercle des Mycologues de Montréal	Cercle des Mycologues de Montréal			2025-01-14T12:58:35.408Z	StillImage	CONTINENT_DERIVED_FROM_COORDINATES;TAXON_MATCH_TAXON_ID_IGNORED
4171331376	50c9509d-22c7-4a22-a47d-8c48425ef4a7	https://www.inaturalist.org/observations/58107562	Fungi	Basidiomycota	Agaricomycetes	Agaricales	Psathyrellaceae	Coprinellus	Coprinellus disseminatus		SPECIES	Coprinellus disseminatus (Pers.) J.E.Lange	Coprinellus disseminatus		CA		Québec	PRESENT		28eb1a3f-1c15-4a95-931a-4af90ecb574d	45.427637	-73.936263	19.0						2020-08-29T14:49:42	29	8	2020	2534625	2534625	HUMAN_OBSERVATION	iNaturalist	Observations	58107562		meer_cat	2020-08-31T01:14:06	CC_BY_NC_4_0	meer_cat	meer_cat			2025-01-14T13:09:58.918Z	StillImage	COORDINATE_ROUNDED;CONTINENT_DERIVED_FROM_COORDINATES;TAXON_MATCH_TAXON_ID_IGNORED
4171310384	50c9509d-22c7-4a22-a47d-8c48425ef4a7	https://www.inaturalist.org/observations/55032640	Fungi	Basidiomycota	Agaricomycetes	Agaricales	Psathyrellaceae	Coprinellus	Coprinellus disseminatus		SPECIES	Coprinellus disseminatus (Pers.) J.E.Lange	Coprinellus disseminatus		CA		Québec	PRESENT		28eb1a3f-1c15-4a95-931a-4af90ecb574d	45.584285	-73.930185	18.0						2020-08-01T09:54:27	1	8	2020	2534625	2534625	HUMAN_OBSERVATION	iNaturalist	Observations	55032640		Morin Raymonde	2020-08-01T13:54:50	CC_BY_NC_4_0	Morin Raymonde	Morin Raymonde			2025-01-14T12:14:11.976Z	StillImage	COORDINATE_ROUNDED;CONTINENT_DERIVED_FROM_COORDINATES;TAXON_MATCH_TAXON_ID_IGNORED
4162535306	50c9509d-22c7-4a22-a47d-8c48425ef4a7	https://www.inaturalist.org/observations/173303647	Fungi	Basidiomycota	Agaricomycetes	Agaricales	Psathyrellaceae	Coprinellus	Coprinellus disseminatus		SPECIES	Coprinellus disseminatus (Pers.) J.E.Lange	Coprinellus disseminatus		CA		Québec	PRESENT		28eb1a3f-1c15-4a95-931a-4af90ecb574d	45.504797	-73.791235							2023-07-16T17:02:07	16	7	2023	2534625	2534625	HUMAN_OBSERVATION	iNaturalist	Observations	173303647		Antoine Fortin	2023-07-17T00:52:25	CC_BY_NC_4_0	Lukas Kramosch	Lukas Kramosch			2025-01-14T12:42:33.106Z	StillImage	COORDINATE_ROUNDED;CONTINENT_DERIVED_FROM_COORDINATES;TAXON_MATCH_TAXON_ID_IGNORED
4162172991	50c9509d-22c7-4a22-a47d-8c48425ef4a7	https://www.inaturalist.org/observations/173190716	Fungi	Basidiomycota	Agaricomycetes	Agaricales	Psathyrellaceae	Coprinellus	Coprinellus disseminatus		SPECIES	Coprinellus disseminatus (Pers.) J.E.Lange	Coprinellus disseminatus		CA		Ontario	PRESENT		28eb1a3f-1c15-4a95-931a-4af90ecb574d	45.355713	-75.65123	3287.0						2023-07-16T07:44:27	16	7	2023	2534625	2534625	HUMAN_OBSERVATION	iNaturalist	Observations	173190716		jose_dg	2023-07-16T11:44:39	CC_BY_NC_4_0	jose_dg	jose_dg			2025-01-14T12:39:28.254Z	StillImage	COORDINATE_ROUNDED;CONTINENT_DERIVED_FROM_COORDINATES;TAXON_MATCH_TAXON_ID_IGNORED
4154005353	50c9509d-22c7-4a22-a47d-8c48425ef4a7	https://www.inaturalist.org/observations/130932260	Fungi	Basidiomycota	Agaricomycetes	Agaricales	Psathyrellaceae	Coprinellus	Coprinellus disseminatus		SPECIES	Coprinellus disseminatus (Pers.) J.E.Lange	Coprinellus disseminatus		CA		Ontario	PRESENT		28eb1a3f-1c15-4a95-931a-4af90ecb574d	45.312173	-75.846039	1721.0						2022-08-14T15:00:19	14	8	2022	2534625	2534625	HUMAN_OBSERVATION	iNaturalist	Observations	130932260		hendrixmom	2022-08-15T13:48:56	CC_BY_NC_4_0	hendrixmom	hendrixmom			2025-01-14T13:23:17.420Z	StillImage	COORDINATE_ROUNDED;CONTINENT_DERIVED_FROM_COORDINATES;TAXON_MATCH_TAXON_ID_IGNORED
4153970376	50c9509d-22c7-4a22-a47d-8c48425ef4a7	https://www.inaturalist.org/observations/95783759	Fungi	Basidiomycota	Agaricomycetes	Agaricales	Psathyrellaceae	Coprinellus	Coprinellus disseminatus		SPECIES	Coprinellus disseminatus (Pers.) J.E.Lange	Coprinellus disseminatus		CA		Ontario	PRESENT		28eb1a3f-1c15-4a95-931a-4af90ecb574d	45.303548	-75.834527	38.0						2021-09-20T16:41:19	20	9	2021	2534625	2534625	HUMAN_OBSERVATION	iNaturalist	Observations	95783759		bea267	2021-09-22T19:26:54	CC_BY_NC_4_0	bea267	bea267			2025-01-14T13:10:41.517Z	StillImage	COORDINATE_ROUNDED;CONTINENT_DERIVED_FROM_COORDINATES;TAXON_MATCH_TAXON_ID_IGNORED
4153953328	50c9509d-22c7-4a22-a47d-8c48425ef4a7	https://www.inaturalist.org/observations/55605520	Fungi	Basidiomycota	Agaricomycetes	Agaricales	Psathyrellaceae	Coprinellus	Coprinellus disseminatus		SPECIES	Coprinellus disseminatus (Pers.) J.E.Lange	Coprinellus disseminatus		CA		Ontario	PRESENT		28eb1a3f-1c15-4a95-931a-4af90ecb574d	45.373632	-75.742549	136.0						2020-08-05T15:39:24	5	8	2020	2534625	2534625	HUMAN_OBSERVATION	iNaturalist	Observations	55605520		Kieran Shepherd	2020-08-06T15:41:40	CC_BY_NC_4_0	Kieran Shepherd	Kieran Shepherd			2025-01-14T12:14:05.726Z	StillImage	COORDINATE_ROUNDED;CONTINENT_DERIVED_FROM_COORDINATES;TAXON_MATCH_TAXON_ID_IGNORED
4153947317	50c9509d-22c7-4a22-a47d-8c48425ef4a7	https://www.inaturalist.org/observations/53207297	Fungi	Basidiomycota	Agaricomycetes	Agaricales	Psathyrellaceae	Coprinellus	Coprinellus disseminatus		SPECIES	Coprinellus disseminatus (Pers.) J.E.Lange	Coprinellus disseminatus		CA		Ontario	PRESENT		28eb1a3f-1c15-4a95-931a-4af90ecb574d	45.465538	-75.507165	31.0						2020-07-15T14:13	15	7	2020	2534625	2534625	HUMAN_OBSERVATION	iNaturalist	Observations	53207297		jonathan_mack	2020-07-15T23:25:04	CC_BY_NC_4_0	jonathan_mack	jonathan_mack			2025-01-14T12:13:42.422Z	StillImage	COORDINATE_ROUNDED;CONTINENT_DERIVED_FROM_COORDINATES;TAXON_MATCH_TAXON_ID_IGNORED
4153869336	50c9509d-22c7-4a22-a47d-8c48425ef4a7	https://www.inaturalist.org/observations/100578809	Fungi	Basidiomycota	Agaricomycetes	Agaricales	Psathyrellaceae	Coprinellus	Coprinellus disseminatus		SPECIES	Coprinellus disseminatus (Pers.) J.E.Lange	Coprinellus disseminatus		CA		Québec	PRESENT		28eb1a3f-1c15-4a95-931a-4af90ecb574d	45.383368	-74.021827	917.0						2009-01-01T01:07	1	1	2009	2534625	2534625	HUMAN_OBSERVATION	iNaturalist	Observations	100578809		Yannick ST-Jacques Prescod	2021-11-08T08:02:32	CC_BY_4_0	Yannick ST-Jacques Prescod	Yannick ST-Jacques Prescod			2025-01-14T13:16:58.340Z	StillImage	COORDINATE_ROUNDED;CONTINENT_DERIVED_FROM_COORDINATES;TAXON_MATCH_TAXON_ID_IGNORED
4153750478	50c9509d-22c7-4a22-a47d-8c48425ef4a7	https://www.inaturalist.org/observations/136326057	Fungi	Basidiomycota	Agaricomycetes	Agaricales	Psathyrellaceae	Coprinellus	Coprinellus disseminatus		SPECIES	Coprinellus disseminatus (Pers.) J.E.Lange	Coprinellus disseminatus		CA		Ontario	PRESENT		28eb1a3f-1c15-4a95-931a-4af90ecb574d	45.455938	-75.673928	5.0						2022-09-24T14:47:39	24	9	2022	2534625	2534625	HUMAN_OBSERVATION	iNaturalist	Observations	136326057		Olivia May Galloway	2022-09-24T19:51:22	CC_BY_NC_4_0	Olivia May Galloway	Olivia May Galloway			2025-01-14T13:32:34.956Z	StillImage	COORDINATE_ROUNDED;CONTINENT_DERIVED_FROM_COORDINATES;TAXON_MATCH_TAXON_ID_IGNORED
4153692343	50c9509d-22c7-4a22-a47d-8c48425ef4a7	https://www.inaturalist.org/observations/57223186	Fungi	Basidiomycota	Agaricomycetes	Agaricales	Psathyrellaceae	Coprinellus	Coprinellus disseminatus		SPECIES	Coprinellus disseminatus (Pers.) J.E.Lange	Coprinellus disseminatus		CA		Ontario	PRESENT		28eb1a3f-1c15-4a95-931a-4af90ecb574d	45.354753	-75.685555	16.0						2020-08-22T15:08:29Z	22	8	2020	2534625	2534625	HUMAN_OBSERVATION	iNaturalist	Observations	57223186		natureboy69	2020-08-22T15:08:39	CC_BY_NC_4_0	natureboy69	natureboy69			2025-01-14T12:14:34.440Z	StillImage	COORDINATE_ROUNDED;CONTINENT_DERIVED_FROM_COORDINATES;TAXON_MATCH_TAXON_ID_IGNORED
4153672309	50c9509d-22c7-4a22-a47d-8c48425ef4a7	https://www.inaturalist.org/observations/33689770	Fungi	Basidiomycota	Agaricomycetes	Agaricales	Psathyrellaceae	Coprinellus	Coprinellus disseminatus		SPECIES	Coprinellus disseminatus (Pers.) J.E.Lange	Coprinellus disseminatus		CA		Ontario	PRESENT		28eb1a3f-1c15-4a95-931a-4af90ecb574d	45.261177	-75.831375							2019-09-30T18:01:06	30	9	2019	2534625	2534625	HUMAN_OBSERVATION	iNaturalist	Observations	33689770		Alexis Williams	2019-10-01T06:46:13	CC_BY_4_0	Alexis Williams	Alexis Williams			2025-01-14T13:09:49.797Z	StillImage	COORDINATE_ROUNDED;CONTINENT_DERIVED_FROM_COORDINATES;TAXON_MATCH_TAXON_ID_IGNORED
4153628557	50c9509d-22c7-4a22-a47d-8c48425ef4a7	https://www.inaturalist.org/observations/164003573	Fungi	Basidiomycota	Agaricomycetes	Agaricales	Psathyrellaceae	Coprinellus	Coprinellus disseminatus		SPECIES	Coprinellus disseminatus (Pers.) J.E.Lange	Coprinellus disseminatus		CA		Ontario	PRESENT		28eb1a3f-1c15-4a95-931a-4af90ecb574d	45.30357	-75.834097	90.0						2023-05-27T11:21:56	27	5	2023	2534625	2534625	HUMAN_OBSERVATION	iNaturalist	Observations	164003573		G Nicoll	2023-05-27T15:23:42	CC_BY_NC_4_0	G Nicoll	G Nicoll			2025-01-14T12:35:00.288Z	StillImage	COORDINATE_ROUNDED;CONTINENT_DERIVED_FROM_COORDINATES;TAXON_MATCH_TAXON_ID_IGNORED
4153615360	50c9509d-22c7-4a22-a47d-8c48425ef4a7	https://www.inaturalist.org/observations/98509874	Fungi	Basidiomycota	Agaricomycetes	Agaricales	Psathyrellaceae	Coprinellus	Coprinellus disseminatus		SPECIES	Coprinellus disseminatus (Pers.) J.E.Lange	Coprinellus disseminatus		CA		Ontario	PRESENT		28eb1a3f-1c15-4a95-931a-4af90ecb574d	45.397728	-75.695647	8.0						2021-10-17T13:13:36	17	10	2021	2534625	2534625	HUMAN_OBSERVATION	iNaturalist	Observations	98509874		thrinley	2021-10-17T17:14:37	CC_BY_NC_4_0	thrinley	thrinley			2025-01-14T13:11:04.906Z	StillImage	COORDINATE_ROUNDED;CONTINENT_DERIVED_FROM_COORDINATES;TAXON_MATCH_TAXON_ID_IGNORED
4153562322	50c9509d-22c7-4a22-a47d-8c48425ef4a7	https://www.inaturalist.org/observations/81952290	Fungi	Basidiomycota	Agaricomycetes	Agaricales	Psathyrellaceae	Coprinellus	Coprinellus disseminatus		SPECIES	Coprinellus disseminatus (Pers.) J.E.Lange	Coprinellus disseminatus		CA		Ontario	PRESENT		28eb1a3f-1c15-4a95-931a-4af90ecb574d	45.508245	-75.455096	400.0						2021-06-06T15:24	6	6	2021	2534625	2534625	HUMAN_OBSERVATION	iNaturalist	Observations	81952290		jonathan_mack	2021-06-06T23:57:52	CC_BY_NC_4_0	jonathan_mack	jonathan_mack			2025-01-14T12:19:56.478Z	StillImage	COORDINATE_ROUNDED;CONTINENT_DERIVED_FROM_COORDINATES;TAXON_MATCH_TAXON_ID_IGNORED
4153560347	50c9509d-22c7-4a22-a47d-8c48425ef4a7	https://www.inaturalist.org/observations/90914580	Fungi	Basidiomycota	Agaricomycetes	Agaricales	Psathyrellaceae	Coprinellus	Coprinellus disseminatus		SPECIES	Coprinellus disseminatus (Pers.) J.E.Lange	Coprinellus disseminatus		CA		Ontario	PRESENT		28eb1a3f-1c15-4a95-931a-4af90ecb574d	45.451795	-75.547827	98.0						2021-08-12T08:56	12	8	2021	2534625	2534625	HUMAN_OBSERVATION	iNaturalist	Observations	90914580		Igor Khomenko	2021-08-13T16:18:45	CC_BY_NC_4_0	Igor Khomenko	Igor Khomenko			2025-01-14T13:13:25.530Z	StillImage	COORDINATE_ROUNDED;CONTINENT_DERIVED_FROM_COORDINATES;TAXON_MATCH_TAXON_ID_IGNORED
4153525794	50c9509d-22c7-4a22-a47d-8c48425ef4a7	https://www.inaturalist.org/observations/170875634	Fungi	Basidiomycota	Agaricomycetes	Agaricales	Psathyrellaceae	Coprinellus	Coprinellus disseminatus		SPECIES	Coprinellus disseminatus (Pers.) J.E.Lange	Coprinellus disseminatus		CA		Ontario	PRESENT		28eb1a3f-1c15-4a95-931a-4af90ecb574d	45.361096	-75.788088	176.0						2023-07-01T20:27:17	1	7	2023	2534625	2534625	HUMAN_OBSERVATION	iNaturalist	Observations	170875634		Amy Shantz	2023-07-03T17:47:27	CC_BY_NC_4_0	Amy Shantz	Amy Shantz			2025-01-14T12:36:15.634Z	StillImage	COORDINATE_ROUNDED;CONTINENT_DERIVED_FROM_COORDINATES;TAXON_MATCH_TAXON_ID_IGNORED
4153489319	50c9509d-22c7-4a22-a47d-8c48425ef4a7	https://www.inaturalist.org/observations/33980668	Fungi	Basidiomycota	Agaricomycetes	Agaricales	Psathyrellaceae	Coprinellus	Coprinellus disseminatus		SPECIES	Coprinellus disseminatus (Pers.) J.E.Lange	Coprinellus disseminatus		CA		Ontario	PRESENT		28eb1a3f-1c15-4a95-931a-4af90ecb574d	45.448837	-75.663067	263.0						2019-10-06T14:01:27	6	10	2019	2534625	2534625	HUMAN_OBSERVATION	iNaturalist	Observations	33980668		David Thomas Glover	2019-10-06T22:39:21	CC_BY_NC_4_0	David Thomas Glover	David Thomas Glover			2025-01-14T12:09:34.713Z	StillImage	COORDINATE_ROUNDED;CONTINENT_DERIVED_FROM_COORDINATES;TAXON_MATCH_TAXON_ID_IGNORED
4153482336	50c9509d-22c7-4a22-a47d-8c48425ef4a7	https://www.inaturalist.org/observations/58233259	Fungi	Basidiomycota	Agaricomycetes	Agaricales	Psathyrellaceae	Coprinellus	Coprinellus disseminatus		SPECIES	Coprinellus disseminatus (Pers.) J.E.Lange	Coprinellus disseminatus		CA		Ontario	PRESENT		28eb1a3f-1c15-4a95-931a-4af90ecb574d	45.163978	-75.45997							2020-08-30T09:48:48	30	8	2020	2534625	2534625	HUMAN_OBSERVATION	iNaturalist	Observations	58233259		Randy	2020-09-01T12:18:59	CC_BY_NC_4_0	Randy	Randy			2025-01-14T12:14:46.093Z	StillImage	COORDINATE_ROUNDED;CONTINENT_DERIVED_FROM_COORDINATES;TAXON_MATCH_TAXON_ID_IGNORED
4153467452	50c9509d-22c7-4a22-a47d-8c48425ef4a7	https://www.inaturalist.org/observations/134359311	Fungi	Basidiomycota	Agaricomycetes	Agaricales	Psathyrellaceae	Coprinellus	Coprinellus disseminatus		SPECIES	Coprinellus disseminatus (Pers.) J.E.Lange	Coprinellus disseminatus		CA		Ontario	PRESENT		28eb1a3f-1c15-4a95-931a-4af90ecb574d	45.372634	-75.787146	102.0						2022-09-07T17:35:39	7	9	2022	2534625	2534625	HUMAN_OBSERVATION	iNaturalist	Observations	134359311		Nina	2022-09-09T23:25:23	CC_BY_NC_4_0	Nina	Nina			2025-01-14T12:31:40.741Z	StillImage	COORDINATE_ROUNDED;CONTINENT_DERIVED_FROM_COORDINATES;TAXON_MATCH_TAXON_ID_IGNORED
4153438439	50c9509d-22c7-4a22-a47d-8c48425ef4a7	https://www.inaturalist.org/observations/132678467	Fungi	Basidiomycota	Agaricomycetes	Agaricales	Psathyrellaceae	Coprinellus	Coprinellus disseminatus		SPECIES	Coprinellus disseminatus (Pers.) J.E.Lange	Coprinellus disseminatus		CA		Ontario	PRESENT		28eb1a3f-1c15-4a95-931a-4af90ecb574d	45.387178	-75.866034	27190.0						2022-08-05T16:11:12	5	8	2022	2534625	2534625	HUMAN_OBSERVATION	iNaturalist	Observations	132678467		tanstaafl22	2022-08-28T20:12:03	CC_BY_NC_4_0	tanstaafl22	tanstaafl22			2025-01-14T12:31:42.846Z	StillImage	COORDINATE_ROUNDED;CONTINENT_DERIVED_FROM_COORDINATES;TAXON_MATCH_TAXON_ID_IGNORED
4153410443	50c9509d-22c7-4a22-a47d-8c48425ef4a7	https://www.inaturalist.org/observations/134636937	Fungi	Basidiomycota	Agaricomycetes	Agaricales	Psathyrellaceae	Coprinellus	Coprinellus disseminatus		SPECIES	Coprinellus disseminatus (Pers.) J.E.Lange	Coprinellus disseminatus		CA		Ontario	PRESENT		28eb1a3f-1c15-4a95-931a-4af90ecb574d	45.351527	-75.815739	95.0						2022-09-11T16:09:08	11	9	2022	2534625	2534625	HUMAN_OBSERVATION	iNaturalist	Observations	134636937		Amy Shantz	2022-09-11T20:37:50	CC_BY_NC_4_0	Amy Shantz	Amy Shantz			2025-01-14T12:32:26.463Z	StillImage	COORDINATE_ROUNDED;CONTINENT_DERIVED_FROM_COORDINATES;TAXON_MATCH_TAXON_ID_IGNORED
4153397350	50c9509d-22c7-4a22-a47d-8c48425ef4a7	https://www.inaturalist.org/observations/57233222	Fungi	Basidiomycota	Agaricomycetes	Agaricales	Psathyrellaceae	Coprinellus	Coprinellus disseminatus		SPECIES	Coprinellus disseminatus (Pers.) J.E.Lange	Coprinellus disseminatus		CA		Ontario	PRESENT		28eb1a3f-1c15-4a95-931a-4af90ecb574d	45.440068	-75.572762	263.0						2020-08-22T11:40:33	22	8	2020	2534625	2534625	HUMAN_OBSERVATION	iNaturalist	Observations	57233222		Peri Unligil	2020-08-22T16:35:56	CC_BY_NC_4_0	Peri Unligil	Peri Unligil			2025-01-14T12:14:37.680Z	StillImage	COORDINATE_ROUNDED;CONTINENT_DERIVED_FROM_COORDINATES;TAXON_MATCH_TAXON_ID_IGNORED
4153392402	50c9509d-22c7-4a22-a47d-8c48425ef4a7	https://www.inaturalist.org/observations/132726246	Fungi	Basidiomycota	Agaricomycetes	Agaricales	Psathyrellaceae	Coprinellus	Coprinellus disseminatus		SPECIES	Coprinellus disseminatus (Pers.) J.E.Lange	Coprinellus disseminatus		CA		Ontario	PRESENT		28eb1a3f-1c15-4a95-931a-4af90ecb574d	45.266674	-75.810417							2022-08-27T15:39:29	27	8	2022	2534625	2534625	HUMAN_OBSERVATION	iNaturalist	Observations	132726246		Alexis Williams	2022-08-29T01:28:18	CC_BY_4_0	Alexis Williams	Alexis Williams			2025-01-14T12:32:32.422Z	StillImage	COORDINATE_ROUNDED;CONTINENT_DERIVED_FROM_COORDINATES;TAXON_MATCH_TAXON_ID_IGNORED
4153387362	50c9509d-22c7-4a22-a47d-8c48425ef4a7	https://www.inaturalist.org/observations/92833437	Fungi	Basidiomycota	Agaricomycetes	Agaricales	Psathyrellaceae	Coprinellus	Coprinellus disseminatus		SPECIES	Coprinellus disseminatus (Pers.) J.E.Lange	Coprinellus disseminatus		CA		Ontario	PRESENT		28eb1a3f-1c15-4a95-931a-4af90ecb574d	45.455167	-75.548759	36.0						2021-08-27T15:08	27	8	2021	2534625	2534625	HUMAN_OBSERVATION	iNaturalist	Observations	92833437		jonathan_mack	2021-08-28T21:27:31	CC_BY_NC_4_0	jonathan_mack	jonathan_mack			2025-01-14T13:14:22.481Z	StillImage	COORDINATE_ROUNDED;CONTINENT_DERIVED_FROM_COORDINATES;TAXON_MATCH_TAXON_ID_IGNORED
4145402549	50c9509d-22c7-4a22-a47d-8c48425ef4a7	https://www.inaturalist.org/observations/156429823	Fungi	Basidiomycota	Agaricomycetes	Agaricales	Psathyrellaceae	Coprinellus	Coprinellus disseminatus		SPECIES	Coprinellus disseminatus (Pers.) J.E.Lange	Coprinellus disseminatus		CA		Ontario	PRESENT		28eb1a3f-1c15-4a95-931a-4af90ecb574d	45.214072	-75.61412	10.0						2022-09-20T12:49	20	9	2022	2534625	2534625	HUMAN_OBSERVATION	iNaturalist	Observations	156429823		hopeboyle	2023-04-24T15:37:35	CC_BY_NC_4_0	hopeboyle	hopeboyle			2025-01-14T12:34:49.952Z	StillImage	COORDINATE_ROUNDED;CONTINENT_DERIVED_FROM_COORDINATES;TAXON_MATCH_TAXON_ID_IGNORED
4145359232	50c9509d-22c7-4a22-a47d-8c48425ef4a7	https://www.inaturalist.org/observations/170958391	Fungi	Basidiomycota	Agaricomycetes	Agaricales	Psathyrellaceae	Coprinellus	Coprinellus disseminatus		SPECIES	Coprinellus disseminatus (Pers.) J.E.Lange	Coprinellus disseminatus		CA		Ontario	PRESENT		28eb1a3f-1c15-4a95-931a-4af90ecb574d	45.482769	-76.222381	141.0						2023-07-02T10:11	2	7	2023	2534625	2534625	HUMAN_OBSERVATION	iNaturalist	Observations	170958391		Kelsey Verboom	2023-07-04T03:02:54	CC_BY_NC_4_0	Kelsey Verboom	Kelsey Verboom			2025-01-14T13:40:37.201Z	StillImage	COORDINATE_ROUNDED;CONTINENT_DERIVED_FROM_COORDINATES;TAXON_MATCH_TAXON_ID_IGNORED
4145296512	50c9509d-22c7-4a22-a47d-8c48425ef4a7	https://www.inaturalist.org/observations/169181620	Fungi	Basidiomycota	Agaricomycetes	Agaricales	Psathyrellaceae	Coprinellus	Coprinellus disseminatus		SPECIES	Coprinellus disseminatus (Pers.) J.E.Lange	Coprinellus disseminatus		CA		Québec	PRESENT		28eb1a3f-1c15-4a95-931a-4af90ecb574d	45.546669	-73.472717	15.0						2023-06-22T10:26	22	6	2023	2534625	2534625	HUMAN_OBSERVATION	iNaturalist	Observations	169181620		Antoine Fortin	2023-06-24T14:48:09	CC_BY_NC_4_0	Antoine Fortin	Antoine Fortin			2025-01-14T12:37:40.782Z	StillImage	COORDINATE_ROUNDED;CONTINENT_DERIVED_FROM_COORDINATES;TAXON_MATCH_TAXON_ID_IGNORED
4138464542	50c9509d-22c7-4a22-a47d-8c48425ef4a7	https://www.inaturalist.org/observations/168920953	Fungi	Basidiomycota	Agaricomycetes	Agaricales	Psathyrellaceae	Coprinellus	Coprinellus disseminatus		SPECIES	Coprinellus disseminatus (Pers.) J.E.Lange	Coprinellus disseminatus		CA		Québec	PRESENT		28eb1a3f-1c15-4a95-931a-4af90ecb574d	45.443383	-73.597408							2023-06-22T16:10:04	22	6	2023	2534625	2534625	HUMAN_OBSERVATION	iNaturalist	Observations	168920953		mushroomdaddy96	2023-06-23T00:38:54	CC_BY_NC_4_0	mushroomdaddy96	mushroomdaddy96			2025-01-14T12:37:50.390Z	StillImage	COORDINATE_ROUNDED;CONTINENT_DERIVED_FROM_COORDINATES;TAXON_MATCH_TAXON_ID_IGNORED
4138411188	50c9509d-22c7-4a22-a47d-8c48425ef4a7	https://www.inaturalist.org/observations/168348328	Fungi	Basidiomycota	Agaricomycetes	Agaricales	Psathyrellaceae	Coprinellus	Coprinellus disseminatus		SPECIES	Coprinellus disseminatus (Pers.) J.E.Lange	Coprinellus disseminatus		CA		Ontario	PRESENT		28eb1a3f-1c15-4a95-931a-4af90ecb574d	45.340303	-75.696236	6.0						2023-06-19T14:51:43	19	6	2023	2534625	2534625	HUMAN_OBSERVATION	iNaturalist	Observations	168348328		amanitamozart	2023-06-22T01:22:56	CC_BY_NC_4_0	macbel	macbel			2025-01-14T13:40:15.962Z	StillImage	COORDINATE_ROUNDED;CONTINENT_DERIVED_FROM_COORDINATES;TAXON_MATCH_TAXON_ID_IGNORED
4138275412	50c9509d-22c7-4a22-a47d-8c48425ef4a7	https://www.inaturalist.org/observations/96707248	Fungi	Basidiomycota	Agaricomycetes	Agaricales	Psathyrellaceae	Coprinellus	Coprinellus disseminatus		SPECIES	Coprinellus disseminatus (Pers.) J.E.Lange	Coprinellus disseminatus		CA		Québec	PRESENT		28eb1a3f-1c15-4a95-931a-4af90ecb574d	45.524343	-73.494998	40.0						2021-09-30T08:06:45	30	9	2021	2534625	2534625	HUMAN_OBSERVATION	iNaturalist	Observations	96707248		cinna_latifolia	2021-09-30T20:30:37	CC_BY_NC_4_0	olivier_houle	olivier_houle			2025-01-14T12:24:40.584Z	StillImage	COORDINATE_ROUNDED;CONTINENT_DERIVED_FROM_COORDINATES;TAXON_MATCH_TAXON_ID_IGNORED
4138211047	50c9509d-22c7-4a22-a47d-8c48425ef4a7	https://www.inaturalist.org/observations/169032152	Fungi	Basidiomycota	Agaricomycetes	Agaricales	Psathyrellaceae	Coprinellus	Coprinellus disseminatus		SPECIES	Coprinellus disseminatus (Pers.) J.E.Lange	Coprinellus disseminatus		CA		Québec	PRESENT		28eb1a3f-1c15-4a95-931a-4af90ecb574d	45.460267	-74.154939							2021-09-13T11:04:33	13	9	2021	2534625	2534625	HUMAN_OBSERVATION	iNaturalist	Observations	169032152		Antoine Fortin	2023-06-23T22:06:42	CC_BY_NC_4_0	notyourdoctor	notyourdoctor			2025-01-14T12:41:55.313Z	StillImage	COORDINATE_ROUNDED;CONTINENT_DERIVED_FROM_COORDINATES;TAXON_MATCH_TAXON_ID_IGNORED
4133653938	50c9509d-22c7-4a22-a47d-8c48425ef4a7	https://www.inaturalist.org/observations/167249290	Fungi	Basidiomycota	Agaricomycetes	Agaricales	Psathyrellaceae	Coprinellus	Coprinellus disseminatus		SPECIES	Coprinellus disseminatus (Pers.) J.E.Lange	Coprinellus disseminatus		CA		Ontario	PRESENT		28eb1a3f-1c15-4a95-931a-4af90ecb574d	45.392423	-75.551055	189.0						2023-06-13T11:47	13	6	2023	2534625	2534625	HUMAN_OBSERVATION	iNaturalist	Observations	167249290		jonathan_mack	2023-06-14T02:14:17	CC_BY_NC_4_0	L Joan Heyding	L Joan Heyding			2025-01-14T12:42:27.605Z	StillImage	COORDINATE_ROUNDED;CONTINENT_DERIVED_FROM_COORDINATES;TAXON_MATCH_TAXON_ID_IGNORED
4103110346	50c9509d-22c7-4a22-a47d-8c48425ef4a7	https://www.inaturalist.org/observations/61265789	Fungi	Basidiomycota	Agaricomycetes	Agaricales	Psathyrellaceae	Coprinellus	Coprinellus disseminatus		SPECIES	Coprinellus disseminatus (Pers.) J.E.Lange	Coprinellus disseminatus		CA		New Brunswick	PRESENT		28eb1a3f-1c15-4a95-931a-4af90ecb574d	46.086096	-64.816744	44.0						2020-09-29T16:08:27	29	9	2020	2534625	2534625	HUMAN_OBSERVATION	iNaturalist	Observations	61265789		Jessika Gauvin	2020-12-26T16:10:16	CC_BY_NC_4_0	henderlombe	henderlombe			2025-01-14T12:14:55.413Z	StillImage	COORDINATE_ROUNDED;CONTINENT_DERIVED_FROM_COORDINATES;TAXON_MATCH_TAXON_ID_IGNORED
3966695565	50c9509d-22c7-4a22-a47d-8c48425ef4a7	https://www.inaturalist.org/observations/139344150	Fungi	Basidiomycota	Agaricomycetes	Agaricales	Psathyrellaceae	Coprinellus	Coprinellus disseminatus		SPECIES	Coprinellus disseminatus (Pers.) J.E.Lange	Coprinellus disseminatus		CA		Québec	PRESENT		28eb1a3f-1c15-4a95-931a-4af90ecb574d	45.482559	-74.219634	2.0						2022-09-20T17:11	20	9	2022	2534625	2534625	HUMAN_OBSERVATION	iNaturalist	Observations	139344150		John Plischke	2022-11-12T05:39:12	CC_BY_NC_4_0	Kilby Gordon	Kilby Gordon			2025-01-14T12:32:02.798Z	StillImage	COORDINATE_ROUNDED;CONTINENT_DERIVED_FROM_COORDINATES;TAXON_MATCH_TAXON_ID_IGNORED
3923529645	50c9509d-22c7-4a22-a47d-8c48425ef4a7	https://www.inaturalist.org/observations/133845052	Fungi	Basidiomycota	Agaricomycetes	Agaricales	Psathyrellaceae	Coprinellus	Coprinellus disseminatus		SPECIES	Coprinellus disseminatus (Pers.) J.E.Lange	Coprinellus disseminatus		CA		Québec	PRESENT		28eb1a3f-1c15-4a95-931a-4af90ecb574d	45.475841	-73.759592	1066.0						2022-09-05T15:39:49	5	9	2022	2534625	2534625	HUMAN_OBSERVATION	iNaturalist	Observations	133845052		kat-l	2022-09-05T23:30:26	CC_BY_NC_4_0	kat-l	kat-l			2025-01-14T12:32:03.572Z	StillImage	COORDINATE_ROUNDED;CONTINENT_DERIVED_FROM_COORDINATES;TAXON_MATCH_TAXON_ID_IGNORED
3923282776	50c9509d-22c7-4a22-a47d-8c48425ef4a7	https://www.inaturalist.org/observations/136751999	Fungi	Basidiomycota	Agaricomycetes	Agaricales	Psathyrellaceae	Coprinellus	Coprinellus disseminatus		SPECIES	Coprinellus disseminatus (Pers.) J.E.Lange	Coprinellus disseminatus		CA		Ontario	PRESENT		28eb1a3f-1c15-4a95-931a-4af90ecb574d	45.376385	-75.572266							2022-09-27T16:30:30	27	9	2022	2534625	2534625	HUMAN_OBSERVATION	iNaturalist	Observations	136751999		Alexis Williams	2022-09-27T23:49:06	CC_BY_4_0	Alexis Williams	Alexis Williams			2025-01-14T13:25:40.679Z	StillImage	COORDINATE_ROUNDED;CONTINENT_DERIVED_FROM_COORDINATES;TAXON_MATCH_TAXON_ID_IGNORED
3903323389	50c9509d-22c7-4a22-a47d-8c48425ef4a7	https://www.inaturalist.org/observations/133939648	Fungi	Basidiomycota	Agaricomycetes	Agaricales	Psathyrellaceae	Coprinellus	Coprinellus disseminatus		SPECIES	Coprinellus disseminatus (Pers.) J.E.Lange	Coprinellus disseminatus		CA		Québec	PRESENT		28eb1a3f-1c15-4a95-931a-4af90ecb574d	45.453588	-73.591027	40.0						2022-09-06T13:29:45	6	9	2022	2534625	2534625	HUMAN_OBSERVATION	iNaturalist	Observations	133939648		demelokev	2022-09-06T18:14:33	CC_BY_NC_4_0	demelokev	demelokev			2025-01-14T13:25:20.090Z	StillImage	COORDINATE_ROUNDED;CONTINENT_DERIVED_FROM_COORDINATES;TAXON_MATCH_TAXON_ID_IGNORED
3881479265	50c9509d-22c7-4a22-a47d-8c48425ef4a7	https://www.inaturalist.org/observations/128916279	Fungi	Basidiomycota	Agaricomycetes	Agaricales	Psathyrellaceae	Coprinellus	Coprinellus disseminatus		SPECIES	Coprinellus disseminatus (Pers.) J.E.Lange	Coprinellus disseminatus		CA		Ontario	PRESENT		28eb1a3f-1c15-4a95-931a-4af90ecb574d	45.275158	-75.676104	31.0						2022-07-31T15:56	31	7	2022	2534625	2534625	HUMAN_OBSERVATION	iNaturalist	Observations	128916279		jonathan_mack	2022-08-01T02:09:33	CC_BY_NC_4_0	jonathan_mack	jonathan_mack			2025-01-14T12:30:54.657Z	StillImage	COORDINATE_ROUNDED;CONTINENT_DERIVED_FROM_COORDINATES;TAXON_MATCH_TAXON_ID_IGNORED
3872982763	50c9509d-22c7-4a22-a47d-8c48425ef4a7	https://www.inaturalist.org/observations/123716683	Fungi	Basidiomycota	Agaricomycetes	Agaricales	Psathyrellaceae	Coprinellus	Coprinellus disseminatus		SPECIES	Coprinellus disseminatus (Pers.) J.E.Lange	Coprinellus disseminatus		CA		Ontario	PRESENT		28eb1a3f-1c15-4a95-931a-4af90ecb574d	45.267222	-75.813572							2022-06-27T09:14	27	6	2022	2534625	2534625	HUMAN_OBSERVATION	iNaturalist	Observations	123716683		Igor Khomenko	2022-06-27T22:16:58	CC_BY_NC_4_0	Igor Khomenko	Igor Khomenko			2025-01-14T12:29:37.490Z	StillImage	COORDINATE_ROUNDED;CONTINENT_DERIVED_FROM_COORDINATES;TAXON_MATCH_TAXON_ID_IGNORED
3859327301	50c9509d-22c7-4a22-a47d-8c48425ef4a7	https://www.inaturalist.org/observations/123609834	Fungi	Basidiomycota	Agaricomycetes	Agaricales	Psathyrellaceae	Coprinellus	Coprinellus disseminatus		SPECIES	Coprinellus disseminatus (Pers.) J.E.Lange	Coprinellus disseminatus		CA		Ontario	PRESENT		28eb1a3f-1c15-4a95-931a-4af90ecb574d	45.508245	-75.455096	400.0						2022-06-26T15:33	26	6	2022	2534625	2534625	HUMAN_OBSERVATION	iNaturalist	Observations	123609834		jonathan_mack	2022-06-26T22:35:01	CC_BY_NC_4_0	jonathan_mack	jonathan_mack			2025-01-14T13:22:58.141Z	StillImage	COORDINATE_ROUNDED;CONTINENT_DERIVED_FROM_COORDINATES;TAXON_MATCH_TAXON_ID_IGNORED
3802551112	50c9509d-22c7-4a22-a47d-8c48425ef4a7	https://www.inaturalist.org/observations/118707696	Fungi	Basidiomycota	Agaricomycetes	Agaricales	Psathyrellaceae	Coprinellus	Coprinellus disseminatus		SPECIES	Coprinellus disseminatus (Pers.) J.E.Lange	Coprinellus disseminatus		CA		Ontario	PRESENT		28eb1a3f-1c15-4a95-931a-4af90ecb574d	45.372127	-75.705119	17.0						2022-05-25T18:27:46	25	5	2022	2534625	2534625	HUMAN_OBSERVATION	iNaturalist	Observations	118707696		Andrew Macumber	2022-05-26T01:08:31	CC_BY_NC_4_0	stephisabroad	stephisabroad			2025-01-14T12:31:34.390Z	StillImage	COORDINATE_ROUNDED;CONTINENT_DERIVED_FROM_COORDINATES;TAXON_MATCH_TAXON_ID_IGNORED
3773080941	50c9509d-22c7-4a22-a47d-8c48425ef4a7	https://www.inaturalist.org/observations/113564802	Fungi	Basidiomycota	Agaricomycetes	Agaricales	Psathyrellaceae	Coprinellus	Coprinellus disseminatus		SPECIES	Coprinellus disseminatus (Pers.) J.E.Lange	Coprinellus disseminatus		CA		Ontario	PRESENT		28eb1a3f-1c15-4a95-931a-4af90ecb574d	45.433678	-76.320462	5.0						2021-10-02T16:26:24	2	10	2021	2534625	2534625	HUMAN_OBSERVATION	iNaturalist	Observations	113564802		gordv	2022-04-29T21:24:10	CC_BY_NC_4_0	gordv	gordv			2025-01-14T13:13:59.179Z	StillImage	COORDINATE_ROUNDED;CONTINENT_DERIVED_FROM_COORDINATES;TAXON_MATCH_TAXON_ID_IGNORED
3747086452	50c9509d-22c7-4a22-a47d-8c48425ef4a7	https://www.inaturalist.org/observations/98525301	Fungi	Basidiomycota	Agaricomycetes	Agaricales	Psathyrellaceae	Coprinellus	Coprinellus disseminatus		SPECIES	Coprinellus disseminatus (Pers.) J.E.Lange	Coprinellus disseminatus		CA		Ontario	PRESENT		28eb1a3f-1c15-4a95-931a-4af90ecb574d	45.491079	-75.528346							2021-10-03T15:36:33	3	10	2021	2534625	2534625	HUMAN_OBSERVATION	iNaturalist	Observations	98525301		Lindsay Boudreau	2021-10-17T19:19:06	CC_BY_NC_4_0	Lindsay Boudreau	Lindsay Boudreau			2025-01-14T12:25:33.191Z	StillImage	COORDINATE_ROUNDED;CONTINENT_DERIVED_FROM_COORDINATES;TAXON_MATCH_TAXON_ID_IGNORED
3705553355	50c9509d-22c7-4a22-a47d-8c48425ef4a7	https://www.inaturalist.org/observations/55082494	Fungi	Basidiomycota	Agaricomycetes	Agaricales	Psathyrellaceae	Coprinellus	Coprinellus disseminatus		SPECIES	Coprinellus disseminatus (Pers.) J.E.Lange	Coprinellus disseminatus		CA		Ontario	PRESENT		28eb1a3f-1c15-4a95-931a-4af90ecb574d	45.037822	-75.664917							2020-08-01T10:16:58	1	8	2020	2534625	2534625	HUMAN_OBSERVATION	iNaturalist	Observations	55082494		Randy	2020-08-01T21:13:30	CC_BY_NC_4_0	Randy	Randy			2025-01-14T13:07:30.510Z	StillImage	COORDINATE_ROUNDED;CONTINENT_DERIVED_FROM_COORDINATES;TAXON_MATCH_TAXON_ID_IGNORED
3415816822	50c9509d-22c7-4a22-a47d-8c48425ef4a7	https://www.inaturalist.org/observations/94597623	Fungi	Basidiomycota	Agaricomycetes	Agaricales	Psathyrellaceae	Coprinellus	Coprinellus disseminatus		SPECIES	Coprinellus disseminatus (Pers.) J.E.Lange	Coprinellus disseminatus		CA		Québec	PRESENT		28eb1a3f-1c15-4a95-931a-4af90ecb574d	45.559313	-73.64335							2021-09-12T09:22:12	12	9	2021	2534625	2534625	HUMAN_OBSERVATION	iNaturalist	Observations	94597623		felixgagne	2021-09-12T17:13:44	CC_BY_NC_4_0	felixgagne	felixgagne			2025-01-14T13:14:32.443Z	StillImage	COORDINATE_ROUNDED;CONTINENT_DERIVED_FROM_COORDINATES;TAXON_MATCH_TAXON_ID_IGNORED
3399320476	50c9509d-22c7-4a22-a47d-8c48425ef4a7	https://www.inaturalist.org/observations/98699751	Fungi	Basidiomycota	Agaricomycetes	Agaricales	Psathyrellaceae	Coprinellus	Coprinellus disseminatus		SPECIES	Coprinellus disseminatus (Pers.) J.E.Lange	Coprinellus disseminatus		CA		Québec	PRESENT		28eb1a3f-1c15-4a95-931a-4af90ecb574d	45.505974	-73.574004	31.0						2021-10-05T15:15:07	5	10	2021	2534625	2534625	HUMAN_OBSERVATION	iNaturalist	Observations	98699751		laurent_tarabout	2021-10-19T13:52:29	CC_BY_NC_4_0	laurent_tarabout	laurent_tarabout			2025-01-14T12:21:55.960Z		COORDINATE_ROUNDED;CONTINENT_DERIVED_FROM_COORDINATES;TAXON_MATCH_TAXON_ID_IGNORED
3399221476	50c9509d-22c7-4a22-a47d-8c48425ef4a7	https://www.inaturalist.org/observations/98676165	Fungi	Basidiomycota	Agaricomycetes	Agaricales	Psathyrellaceae	Coprinellus	Coprinellus disseminatus		SPECIES	Coprinellus disseminatus (Pers.) J.E.Lange	Coprinellus disseminatus		CA		Québec	PRESENT		28eb1a3f-1c15-4a95-931a-4af90ecb574d	45.511353	-73.58645	4.0						2021-10-05T15:24	5	10	2021	2534625	2534625	HUMAN_OBSERVATION	iNaturalist	Observations	98676165		layanaljandan	2021-10-19T04:38:49	CC_BY_NC_4_0	layanaljandan	layanaljandan			2025-01-14T13:26:20.611Z	StillImage	COORDINATE_ROUNDED;CONTINENT_DERIVED_FROM_COORDINATES;TAXON_MATCH_TAXON_ID_IGNORED
3399145925	50c9509d-22c7-4a22-a47d-8c48425ef4a7	https://www.inaturalist.org/observations/96750669	Fungi	Basidiomycota	Agaricomycetes	Agaricales	Psathyrellaceae	Coprinellus	Coprinellus disseminatus		SPECIES	Coprinellus disseminatus (Pers.) J.E.Lange	Coprinellus disseminatus		CA		Ontario	PRESENT		28eb1a3f-1c15-4a95-931a-4af90ecb574d	45.264156	-75.819817							2021-09-30T18:04:15	30	9	2021	2534625	2534625	HUMAN_OBSERVATION	iNaturalist	Observations	96750669		Alexis Williams	2021-10-01T02:44:23	CC_BY_4_0	Alexis Williams	Alexis Williams			2025-01-14T12:22:57.227Z	StillImage	COORDINATE_ROUNDED;CONTINENT_DERIVED_FROM_COORDINATES;TAXON_MATCH_TAXON_ID_IGNORED
3398715913	50c9509d-22c7-4a22-a47d-8c48425ef4a7	https://www.inaturalist.org/observations/97344512	Fungi	Basidiomycota	Agaricomycetes	Agaricales	Psathyrellaceae	Coprinellus	Coprinellus disseminatus		SPECIES	Coprinellus disseminatus (Pers.) J.E.Lange	Coprinellus disseminatus		CA		Québec	PRESENT		28eb1a3f-1c15-4a95-931a-4af90ecb574d	45.498079	-73.594344	862.0						2021-10-05T15:43:35	5	10	2021	2534625	2534625	HUMAN_OBSERVATION	iNaturalist	Observations	97344512		leilapivato	2021-10-18T03:22:42	CC_BY_NC_4_0	yixuan_li	yixuan_li			2025-01-14T12:21:40.523Z	StillImage	COORDINATE_ROUNDED;CONTINENT_DERIVED_FROM_COORDINATES;TAXON_MATCH_TAXON_ID_IGNORED
3398685948	50c9509d-22c7-4a22-a47d-8c48425ef4a7	https://www.inaturalist.org/observations/97376669	Fungi	Basidiomycota	Agaricomycetes	Agaricales	Psathyrellaceae	Coprinellus	Coprinellus disseminatus		SPECIES	Coprinellus disseminatus (Pers.) J.E.Lange	Coprinellus disseminatus		CA		Québec	PRESENT		28eb1a3f-1c15-4a95-931a-4af90ecb574d	45.512023	-73.586195	38.0						2021-10-06T15:37:07	6	10	2021	2534625	2534625	HUMAN_OBSERVATION	iNaturalist	Observations	97376669		tracycheng11	2021-10-06T19:37:43	CC_BY_NC_4_0	tracycheng11	tracycheng11			2025-01-14T13:14:40.352Z	StillImage	COORDINATE_ROUNDED;CONTINENT_DERIVED_FROM_COORDINATES;TAXON_MATCH_TAXON_ID_IGNORED
3398654009	50c9509d-22c7-4a22-a47d-8c48425ef4a7	https://www.inaturalist.org/observations/98165498	Fungi	Basidiomycota	Agaricomycetes	Agaricales	Psathyrellaceae	Coprinellus	Coprinellus disseminatus		SPECIES	Coprinellus disseminatus (Pers.) J.E.Lange	Coprinellus disseminatus		CA		Québec	PRESENT		28eb1a3f-1c15-4a95-931a-4af90ecb574d	45.511158	-73.584883	9.0						2021-10-06T17:29:33	6	10	2021	2534625	2534625	HUMAN_OBSERVATION	iNaturalist	Observations	98165498		erikawalback	2021-10-14T02:59:24	CC_BY_NC_4_0	erikawalback	erikawalback			2025-01-14T12:21:57.046Z	StillImage	COORDINATE_ROUNDED;CONTINENT_DERIVED_FROM_COORDINATES;TAXON_MATCH_TAXON_ID_IGNORED
3391674584	50c9509d-22c7-4a22-a47d-8c48425ef4a7	https://www.inaturalist.org/observations/97474435	Fungi	Basidiomycota	Agaricomycetes	Agaricales	Psathyrellaceae	Coprinellus	Coprinellus disseminatus		SPECIES	Coprinellus disseminatus (Pers.) J.E.Lange	Coprinellus disseminatus		CA		Québec	PRESENT		28eb1a3f-1c15-4a95-931a-4af90ecb574d	45.51197	-73.58219	5.0						2021-10-07T15:23:31	7	10	2021	2534625	2534625	HUMAN_OBSERVATION	iNaturalist	Observations	97474435		Zoe Mozola	2021-10-07T19:24:20	CC_BY_NC_4_0	Zoe Mozola	Zoe Mozola			2025-01-14T13:15:26.208Z	StillImage	COORDINATE_ROUNDED;CONTINENT_DERIVED_FROM_COORDINATES;TAXON_MATCH_TAXON_ID_IGNORED
3391526160	50c9509d-22c7-4a22-a47d-8c48425ef4a7	https://www.inaturalist.org/observations/98092486	Fungi	Basidiomycota	Agaricomycetes	Agaricales	Psathyrellaceae	Coprinellus	Coprinellus disseminatus		SPECIES	Coprinellus disseminatus (Pers.) J.E.Lange	Coprinellus disseminatus		CA		Québec	PRESENT		28eb1a3f-1c15-4a95-931a-4af90ecb574d	45.544972	-73.436992	619.0						2021-10-12T12:41	12	10	2021	2534625	2534625	HUMAN_OBSERVATION	iNaturalist	Observations	98092486		David Bird	2021-10-13T11:45:48	CC0_1_0	David Bird	David Bird			2025-01-14T13:15:45.904Z	StillImage	COORDINATE_ROUNDED;CONTINENT_DERIVED_FROM_COORDINATES;TAXON_MATCH_TAXON_ID_IGNORED
3391319622	50c9509d-22c7-4a22-a47d-8c48425ef4a7	https://www.inaturalist.org/observations/97471191	Fungi	Basidiomycota	Agaricomycetes	Agaricales	Psathyrellaceae	Coprinellus	Coprinellus disseminatus		SPECIES	Coprinellus disseminatus (Pers.) J.E.Lange	Coprinellus disseminatus		CA		Québec	PRESENT		28eb1a3f-1c15-4a95-931a-4af90ecb574d	45.512354	-73.582266	4.0						2021-10-07T14:51:14	7	10	2021	2534625	2534625	HUMAN_OBSERVATION	iNaturalist	Observations	97471191		lexifiler	2021-10-07T18:53:33	CC_BY_NC_4_0	lexifiler	lexifiler			2025-01-14T12:22:42.447Z	StillImage	COORDINATE_ROUNDED;CONTINENT_DERIVED_FROM_COORDINATES;TAXON_MATCH_TAXON_ID_IGNORED
3391315084	50c9509d-22c7-4a22-a47d-8c48425ef4a7	https://www.inaturalist.org/observations/98011789	Fungi	Basidiomycota	Agaricomycetes	Agaricales	Psathyrellaceae	Coprinellus	Coprinellus disseminatus		SPECIES	Coprinellus disseminatus (Pers.) J.E.Lange	Coprinellus disseminatus		CA		Québec	PRESENT		28eb1a3f-1c15-4a95-931a-4af90ecb574d	45.510755	-73.586605	1085.0						2021-10-05T15:42:54	5	10	2021	2534625	2534625	HUMAN_OBSERVATION	iNaturalist	Observations	98011789		alexandrasfez	2021-10-12T15:43:06	CC_BY_NC_4_0	alexandrasfez	alexandrasfez			2025-01-14T12:22:16.976Z	StillImage	COORDINATE_ROUNDED;CONTINENT_DERIVED_FROM_COORDINATES;TAXON_MATCH_TAXON_ID_IGNORED
3385214482	50c9509d-22c7-4a22-a47d-8c48425ef4a7	https://www.inaturalist.org/observations/97280975	Fungi	Basidiomycota	Agaricomycetes	Agaricales	Psathyrellaceae	Coprinellus	Coprinellus disseminatus		SPECIES	Coprinellus disseminatus (Pers.) J.E.Lange	Coprinellus disseminatus		CA		Québec	PRESENT		28eb1a3f-1c15-4a95-931a-4af90ecb574d	45.513622	-73.586941	18.0						2021-10-05T16:34:27	5	10	2021	2534625	2534625	HUMAN_OBSERVATION	iNaturalist	Observations	97280975		nicholasmckinley	2021-10-05T20:35:24	CC_BY_NC_4_0	nicholasmckinley	nicholasmckinley			2025-01-14T13:15:32.279Z	StillImage	COORDINATE_ROUNDED;CONTINENT_DERIVED_FROM_COORDINATES;TAXON_MATCH_TAXON_ID_IGNORED
3385125415	50c9509d-22c7-4a22-a47d-8c48425ef4a7	https://www.inaturalist.org/observations/97275355	Fungi	Basidiomycota	Agaricomycetes	Agaricales	Psathyrellaceae	Coprinellus	Coprinellus disseminatus		SPECIES	Coprinellus disseminatus (Pers.) J.E.Lange	Coprinellus disseminatus		CA		Québec	PRESENT		28eb1a3f-1c15-4a95-931a-4af90ecb574d	45.511105	-73.584778	6.0						2021-10-05T15:41:01	5	10	2021	2534625	2534625	HUMAN_OBSERVATION	iNaturalist	Observations	97275355		victoriasavenok	2021-10-05T19:43:47	CC_BY_NC_4_0	victoriasavenok	victoriasavenok			2025-01-14T12:21:41.022Z	StillImage	COORDINATE_ROUNDED;CONTINENT_DERIVED_FROM_COORDINATES;TAXON_MATCH_TAXON_ID_IGNORED
3384913542	50c9509d-22c7-4a22-a47d-8c48425ef4a7	https://www.inaturalist.org/observations/97337215	Fungi	Basidiomycota	Agaricomycetes	Agaricales	Psathyrellaceae	Coprinellus	Coprinellus disseminatus		SPECIES	Coprinellus disseminatus (Pers.) J.E.Lange	Coprinellus disseminatus		CA		Québec	PRESENT		28eb1a3f-1c15-4a95-931a-4af90ecb574d	45.511138	-73.584747	5.0						2021-10-05T15:21:46	5	10	2021	2534625	2534625	HUMAN_OBSERVATION	iNaturalist	Observations	97337215		karina_mr	2021-10-06T12:37:42	CC_BY_NC_4_0	karina_mr	karina_mr			2025-01-14T13:14:20.830Z	StillImage	COORDINATE_ROUNDED;CONTINENT_DERIVED_FROM_COORDINATES;TAXON_MATCH_TAXON_ID_IGNORED
3384536492	50c9509d-22c7-4a22-a47d-8c48425ef4a7	https://www.inaturalist.org/observations/97375370	Fungi	Basidiomycota	Agaricomycetes	Agaricales	Psathyrellaceae	Coprinellus	Coprinellus disseminatus		SPECIES	Coprinellus disseminatus (Pers.) J.E.Lange	Coprinellus disseminatus		CA		Québec	PRESENT		28eb1a3f-1c15-4a95-931a-4af90ecb574d	45.511103	-73.585212	13.0						2021-10-06T15:23:50	6	10	2021	2534625	2534625	HUMAN_OBSERVATION	iNaturalist	Observations	97375370		clarestephens	2021-10-06T19:25:17	CC_BY_NC_4_0	clarestephens	clarestephens			2025-01-14T12:22:48.867Z	StillImage	COORDINATE_ROUNDED;CONTINENT_DERIVED_FROM_COORDINATES;TAXON_MATCH_TAXON_ID_IGNORED
3383878516	50c9509d-22c7-4a22-a47d-8c48425ef4a7	https://www.inaturalist.org/observations/58089618	Fungi	Basidiomycota	Agaricomycetes	Agaricales	Psathyrellaceae	Coprinellus	Coprinellus disseminatus		SPECIES	Coprinellus disseminatus (Pers.) J.E.Lange	Coprinellus disseminatus		CA		Québec	PRESENT		28eb1a3f-1c15-4a95-931a-4af90ecb574d	45.457934	-74.131298	162.0						2020-08-30T10:31:09	30	8	2020	2534625	2534625	HUMAN_OBSERVATION	iNaturalist	Observations	58089618		David Pharand	2020-09-02T02:08:40	CC_BY_NC_4_0	saulecloutier	saulecloutier			2025-01-14T12:15:29.338Z	StillImage	COORDINATE_ROUNDED;CONTINENT_DERIVED_FROM_COORDINATES;TAXON_MATCH_TAXON_ID_IGNORED
3351507454	d8cd16ba-bb74-4420-821e-083f2bac17c2	MK077923	Fungi	Basidiomycota	Agaricomycetes	Agaricales	Psathyrellaceae	Coprinellus	Coprinellus disseminatus		SPECIES	Coprinellus disseminatus (Pers.) J.E.Lange	Coprinellus disseminatus		CA	Quebec		PRESENT		ada9d123-ddb4-467d-8891-806ea8d94230	46.47	-71.16							2014-06-20	20	6	2014	2534625	2534625	PRESERVED_SPECIMEN			MICH:232888				CC_BY_4_0		C. Kaufholtz-Couture			2025-01-18T13:05:55.631Z		GEODETIC_DATUM_ASSUMED_WGS84;CONTINENT_DERIVED_FROM_COORDINATES;TAXON_MATCH_TAXON_CONCEPT_ID_IGNORED;TAXON_MATCH_TAXON_ID_IGNORED
3328116410	50c9509d-22c7-4a22-a47d-8c48425ef4a7	https://www.inaturalist.org/observations/86906243	Fungi	Basidiomycota	Agaricomycetes	Agaricales	Psathyrellaceae	Coprinellus	Coprinellus disseminatus		SPECIES	Coprinellus disseminatus (Pers.) J.E.Lange	Coprinellus disseminatus		CA		Ontario	PRESENT		28eb1a3f-1c15-4a95-931a-4af90ecb574d	45.055347	-76.117286	4.0						2021-07-12T17:46:04	12	7	2021	2534625	2534625	HUMAN_OBSERVATION	iNaturalist	Observations	86906243		Windstone Farm	2021-07-13T21:17:00	CC_BY_NC_4_0	Windstone Farm	Windstone Farm			2025-01-14T12:22:28.201Z	StillImage	COORDINATE_ROUNDED;CONTINENT_DERIVED_FROM_COORDINATES;TAXON_MATCH_TAXON_ID_IGNORED
2826277733	50c9509d-22c7-4a22-a47d-8c48425ef4a7	https://www.inaturalist.org/observations/54160270	Fungi	Basidiomycota	Agaricomycetes	Agaricales	Psathyrellaceae	Coprinellus	Coprinellus disseminatus		SPECIES	Coprinellus disseminatus (Pers.) J.E.Lange	Coprinellus disseminatus		CA		Ontario	PRESENT		28eb1a3f-1c15-4a95-931a-4af90ecb574d	45.025985	-79.321416	135.0						2020-07-24T10:33:01	24	7	2020	2534625	2534625	HUMAN_OBSERVATION	iNaturalist	Observations	54160270		drgoodyear	2020-07-24T14:35:55	CC_BY_NC_4_0	drgoodyear	drgoodyear			2025-01-14T13:09:00.851Z	StillImage	COORDINATE_ROUNDED;CONTINENT_DERIVED_FROM_COORDINATES;TAXON_MATCH_TAXON_ID_IGNORED
2429328105	50c9509d-22c7-4a22-a47d-8c48425ef4a7	https://www.inaturalist.org/observations/33689667	Fungi	Basidiomycota	Agaricomycetes	Agaricales	Psathyrellaceae	Coprinellus	Coprinellus disseminatus		SPECIES	Coprinellus disseminatus (Pers.) J.E.Lange	Coprinellus disseminatus		CA		Ontario	PRESENT		28eb1a3f-1c15-4a95-931a-4af90ecb574d	45.255779	-75.842888							2019-09-30T16:57:47	30	9	2019	2534625	2534625	HUMAN_OBSERVATION	iNaturalist	Observations	33689667		Alexis Williams	2019-10-01T06:33:40	CC_BY_4_0	Alexis Williams	Alexis Williams			2025-01-14T12:09:23.843Z	StillImage	COORDINATE_ROUNDED;CONTINENT_DERIVED_FROM_COORDINATES;TAXON_MATCH_TAXON_ID_IGNORED
2423613493	21705170-d2b6-42de-8904-c3bca4b83591	CMMF020573	Fungi	Basidiomycota	Agaricomycetes	Agaricales	Psathyrellaceae	Coprinellus	Coprinellus disseminatus		SPECIES	Coprinus disseminatus (Pers.) Gray	Coprinus disseminatus (Pers.) Gray	(Pers.) Gray	CA	Saraguay	Quebec	PRESENT		ff7bd5db-b724-4932-b496-10ea298851f9	45.515803	-73.739874	600.0						1980-07-16	16	7	1980	2534629	2534625	PRESERVED_SPECIMEN	Université de Montréal Biodiversity Centre	CMMF	CMMF020573	1980-209	McNeil, Raymond		CC0_1_0	Université de Montréal Biodiversity Centre	Haméon, G.			2024-01-24T16:38:16.007Z		INSTITUTION_MATCH_FUZZY;COLLECTION_MATCH_FUZZY;DIFFERENT_OWNER_INSTITUTION
2273330478	50c9509d-22c7-4a22-a47d-8c48425ef4a7	https://www.inaturalist.org/observations/8043130	Fungi	Basidiomycota	Agaricomycetes	Agaricales	Psathyrellaceae	Coprinellus	Coprinellus disseminatus		SPECIES	Coprinellus disseminatus (Pers.) J.E.Lange	Coprinellus disseminatus		CA		Ontario	PRESENT		28eb1a3f-1c15-4a95-931a-4af90ecb574d	45.072758	-76.215068	25.0						2017-09-17T14:17	17	9	2017	2534625	2534625	HUMAN_OBSERVATION	iNaturalist	Observations	8043130		jlmason	2017-09-22T20:08:56	CC_BY_NC_4_0	jlmason	jlmason			2025-01-14T12:03:56.945Z	StillImage	CONTINENT_DERIVED_FROM_COORDINATES;TAXON_MATCH_TAXON_ID_IGNORED
2269303790	50c9509d-22c7-4a22-a47d-8c48425ef4a7	https://www.inaturalist.org/observations/27246559	Fungi	Basidiomycota	Agaricomycetes	Agaricales	Psathyrellaceae	Coprinellus	Coprinellus disseminatus		SPECIES	Coprinellus disseminatus (Pers.) J.E.Lange	Coprinellus disseminatus		CA		Ontario	PRESENT		28eb1a3f-1c15-4a95-931a-4af90ecb574d	45.444903	-75.661257							2019-06-18T10:59	18	6	2019	2534625	2534625	HUMAN_OBSERVATION	iNaturalist	Observations	27246559		jonathan_mack	2019-06-19T02:09:49	CC_BY_NC_4_0	jonathan_mack	jonathan_mack			2025-01-14T12:07:50.560Z	StillImage	COORDINATE_ROUNDED;CONTINENT_DERIVED_FROM_COORDINATES;TAXON_MATCH_TAXON_ID_IGNORED
1988798957	c8d12f8a-7e39-4e2c-92d7-825d590ad15b	35dadfbf-b94c-418a-9c05-70f2c8703b3e	Fungi	Basidiomycota	Agaricomycetes	Agaricales	Psathyrellaceae	Coprinellus	Coprinellus disseminatus		SPECIES	Coprinellus disseminatus (Pers.) J.E.Lange	Coprinellus disseminatus		CA	La Jacques-Cartier, Québec, Boisé de l'Université, Laval.	Quebec	PRESENT		174c6da2-e002-42fe-9f56-2f9d670240f4	46.470111	-71.160406			81.0				2014-06-20	20	6	2014	2534625	2534625	PRESERVED_SPECIMEN	MICH	Fungi	232888	cKc0170	R. A. Powers	2015-01-01T00:00:00	CC_BY_NC_4_0		C. Kaufholtz-Couture			2025-01-02T19:34:23.263Z	StillImage	GEODETIC_DATUM_ASSUMED_WGS84
1986505528	50c9509d-22c7-4a22-a47d-8c48425ef4a7	https://www.inaturalist.org/observations/16170217	Fungi	Basidiomycota	Agaricomycetes	Agaricales	Psathyrellaceae	Coprinellus	Coprinellus disseminatus		SPECIES	Coprinellus disseminatus (Pers.) J.E.Lange	Coprinellus disseminatus		CA		Ontario	PRESENT		28eb1a3f-1c15-4a95-931a-4af90ecb574d	45.429055	-75.626291	61.0						2014-09-17T11:23	17	9	2014	2534625	2534625	HUMAN_OBSERVATION	iNaturalist	Observations	16170217		jonathan_mack	2018-09-03T15:34:39	CC_BY_NC_4_0	jonathan_mack	jonathan_mack			2025-01-14T12:06:05.081Z	StillImage	COORDINATE_ROUNDED;CONTINENT_DERIVED_FROM_COORDINATES;TAXON_MATCH_TAXON_ID_IGNORED
1949987176	50c9509d-22c7-4a22-a47d-8c48425ef4a7	https://www.inaturalist.org/observations/18794849	Fungi	Basidiomycota	Agaricomycetes	Agaricales	Psathyrellaceae	Coprinellus	Coprinellus disseminatus		SPECIES	Coprinellus disseminatus (Pers.) J.E.Lange	Coprinellus disseminatus		CA		Québec	PRESENT		28eb1a3f-1c15-4a95-931a-4af90ecb574d	45.451553	-73.897626	122.0						2018-08-01	1	8	2018	2534625	2534625	HUMAN_OBSERVATION	iNaturalist	Observations	18794849		else	2018-12-03T06:12:43	CC_BY_NC_4_0	olatofu	olatofu			2025-01-14T12:58:53.704Z	StillImage	COORDINATE_ROUNDED;CONTINENT_DERIVED_FROM_COORDINATES;TAXON_MATCH_TAXON_ID_IGNORED
1571063224	50c9509d-22c7-4a22-a47d-8c48425ef4a7	http://inaturalist.ca/observations/4140713	Fungi	Basidiomycota	Agaricomycetes	Agaricales	Psathyrellaceae	Coprinellus	Coprinellus disseminatus		SPECIES	Coprinellus disseminatus (Pers.) J.E.Lange	Coprinellus disseminatus		CA		Ontario	PRESENT		28eb1a3f-1c15-4a95-931a-4af90ecb574d	45.445721	-75.653604							2016-09-17	17	9	2016	2534625	2534625	HUMAN_OBSERVATION	iNaturalist	Observations	4140713		Mike Leveille	2016-09-18T18:39:18	CC_BY_NC_4_0	Mike Leveille	Mike Leveille			2025-01-14T12:59:31.544Z	StillImage	CONTINENT_DERIVED_FROM_COORDINATES;TAXON_MATCH_TAXON_ID_IGNORED
1135068007	21705170-d2b6-42de-8904-c3bca4b83591	CMMF006552	Fungi	Basidiomycota	Agaricomycetes	Agaricales	Psathyrellaceae	Coprinellus	Coprinellus disseminatus		SPECIES	Coprinellus disseminatus (Pers.) J.E.Lange	Coprinellus disseminatus (Pers.) J.E. Lange	(Pers.) J.E. Lange	CA	Châteauguay (Île St-Bernard)	Québec	PRESENT		ff7bd5db-b724-4932-b496-10ea298851f9	45.396833	-73.755667	100.0						2008-06-26	26	6	2008	2534625	2534625	PRESERVED_SPECIMEN	Université de Montréal Biodiversity Centre	CMMF	CMMF006552	C3250	McNeil, Raymond		CC0_1_0	Université de Montréal Biodiversity Centre	McNeil, Raymond			2024-01-24T16:38:18.382Z	StillImage	COORDINATE_ROUNDED;INSTITUTION_MATCH_FUZZY;COLLECTION_MATCH_FUZZY;DIFFERENT_OWNER_INSTITUTION
1135067864	21705170-d2b6-42de-8904-c3bca4b83591	CMMF006382	Fungi	Basidiomycota	Agaricomycetes	Agaricales	Psathyrellaceae	Coprinellus	Coprinellus disseminatus		SPECIES	Coprinellus disseminatus (Pers.) J.E.Lange	Coprinellus disseminatus (Pers.) J.E. Lange	(Pers.) J.E. Lange	CA	Châteauguay	Québec	PRESENT		ff7bd5db-b724-4932-b496-10ea298851f9	45.3731	-73.737433	100.0						2010-05-05	5	5	2010	2534625	2534625	PRESERVED_SPECIMEN	Université de Montréal Biodiversity Centre	CMMF	CMMF006382	C3629	McNeil, Raymond		CC0_1_0	Université de Montréal Biodiversity Centre	McNeil, Raymond			2024-01-24T16:38:19.041Z	StillImage	COORDINATE_ROUNDED;INSTITUTION_MATCH_FUZZY;COLLECTION_MATCH_FUZZY;DIFFERENT_OWNER_INSTITUTION
1135067438	21705170-d2b6-42de-8904-c3bca4b83591	CMMF005966	Fungi	Basidiomycota	Agaricomycetes	Agaricales	Psathyrellaceae	Coprinellus	Coprinellus disseminatus		SPECIES	Coprinellus disseminatus (Pers.) J.E.Lange	Coprinellus disseminatus (Pers.) J.E. Lange	(Pers.) J.E. Lange	CA	Châteauguay (Centre écologique Fernand-Seguin)	Québec	PRESENT		ff7bd5db-b724-4932-b496-10ea298851f9	45.33983	-73.773917	100.0						2012-09-11	11	9	2012	2534625	2534625	PRESERVED_SPECIMEN	Université de Montréal Biodiversity Centre	CMMF	CMMF005966	C4068	McNeil, Raymond		CC0_1_0	Université de Montréal Biodiversity Centre	McNeil, Raymond			2024-01-24T16:38:16.932Z	StillImage	COORDINATE_ROUNDED;INSTITUTION_MATCH_FUZZY;COLLECTION_MATCH_FUZZY;DIFFERENT_OWNER_INSTITUTION
1135067402	21705170-d2b6-42de-8904-c3bca4b83591	CMMF005960	Fungi	Basidiomycota	Agaricomycetes	Agaricales	Psathyrellaceae	Coprinellus	Coprinellus disseminatus		SPECIES	Coprinellus disseminatus (Pers.) J.E.Lange	Coprinellus disseminatus (Pers.) J.E. Lange	(Pers.) J.E. Lange	CA	Châteauguay (Centre écologique Fernand-Seguin)	Québec	PRESENT		ff7bd5db-b724-4932-b496-10ea298851f9	45.33983	-73.773917	100.0						2010-06-11	11	6	2010	2534625	2534625	PRESERVED_SPECIMEN	Université de Montréal Biodiversity Centre	CMMF	CMMF005960	C3637	McNeil, Raymond		CC0_1_0	Université de Montréal Biodiversity Centre	McNeil, Raymond			2024-01-24T16:38:16.935Z	StillImage	COORDINATE_ROUNDED;INSTITUTION_MATCH_FUZZY;COLLECTION_MATCH_FUZZY;DIFFERENT_OWNER_INSTITUTION
1024560217	21705170-d2b6-42de-8904-c3bca4b83591	CMMF005689	Fungi	Basidiomycota	Agaricomycetes	Agaricales	Psathyrellaceae	Coprinellus	Coprinellus disseminatus		SPECIES	Coprinellus disseminatus (Pers.) J.E.Lange	Coprinellus disseminatus (Pers.) J.E. Lange	(Pers.) J.E. Lange	CA	Bois-de-Saraguay, Montréal	Québec	PRESENT		ff7bd5db-b724-4932-b496-10ea298851f9	45.518417	-73.736983	1000.0						1980-07-16	16	7	1980	2534625	2534625	PRESERVED_SPECIMEN	Université de Montréal Biodiversity Centre	CMMF	CMMF005689	624	McNeil, Raymond		CC0_1_0	Université de Montréal Biodiversity Centre	McNeil, Raymond			2024-01-24T16:38:16.647Z	StillImage	COORDINATE_ROUNDED;INSTITUTION_MATCH_FUZZY;COLLECTION_MATCH_FUZZY;DIFFERENT_OWNER_INSTITUTION
1024558824	21705170-d2b6-42de-8904-c3bca4b83591	CMMF004205	Fungi	Basidiomycota	Agaricomycetes	Agaricales	Psathyrellaceae	Coprinellus	Coprinellus disseminatus		SPECIES	Coprinellus disseminatus (Pers.) J.E.Lange	Coprinellus disseminatus (Pers.) J.E. Lange	(Pers.) J.E. Lange	CA	Réserve écologique du Boisé-des-Muir, Hinchinbrooke.	Québec	PRESENT		ff7bd5db-b724-4932-b496-10ea298851f9	45.084591	-74.116954	10.0						2012-06-10	10	6	2012	2534625	2534625	PRESERVED_SPECIMEN	Université de Montréal Biodiversity Centre	CMMF	CMMF004205	209	Turgon, Jean-Pierre		CC0_1_0	Université de Montréal Biodiversity Centre	Langlois, Annabelle; Turgon, Jean-Pierre			2024-01-24T16:38:18.676Z	StillImage	INSTITUTION_MATCH_FUZZY;COLLECTION_MATCH_FUZZY;DIFFERENT_OWNER_INSTITUTION
1024558781	21705170-d2b6-42de-8904-c3bca4b83591	CMMF004243	Fungi	Basidiomycota	Agaricomycetes	Agaricales	Psathyrellaceae	Coprinellus	Coprinellus disseminatus		SPECIES	Coprinellus disseminatus (Pers.) J.E.Lange	Coprinellus disseminatus (Pers.) J.E. Lange	(Pers.) J.E. Lange	CA	Réserve écologique du Boisé-des-Muir, Hinchinbrooke.	Québec	PRESENT		ff7bd5db-b724-4932-b496-10ea298851f9	45.086047	-74.11404	10.0						2012-07-03	3	7	2012	2534625	2534625	PRESERVED_SPECIMEN	Université de Montréal Biodiversity Centre	CMMF	CMMF004243	251	Archambault, Raymond		CC0_1_0	Université de Montréal Biodiversity Centre	Archambault, Raymond; Langlois, Annabelle; Turgon, Jean-Pierre			2024-01-24T16:38:18.706Z	StillImage	INSTITUTION_MATCH_FUZZY;COLLECTION_MATCH_FUZZY;DIFFERENT_OWNER_INSTITUTION
