gbifID	datasetKey	occurrenceID	kingdom	phylum	class	order	family	genus	species	infraspecificEpithet	taxonRank	scientificName	verbatimScientificName	verbatimScientificNameAuthorship	countryCode	locality	stateProvince	occurrenceStatus	individualCount	publishingOrgKey	decimalLatitude	decimalLongitude	coordinateUncertaintyInMeters	coordinatePrecision	elevation	elevationAccuracy	depth	depthAccuracy	eventDate	day	month	year	taxonKey	speciesKey	basisOfRecord	institutionCode	collectionCode	catalogNumber	recordNumber	identifiedBy	dateIdentified	license	rightsHolder	recordedBy	typeStatus	establishmentMeans	lastInterpreted	mediaType	issue
617555362	21705170-d2b6-42de-8904-c3bca4b83591	CMMF000771	Fungi	Basidiomycota	Agaricomycetes	Phallales	Phallaceae	Phallus	Phallus ravenelii		SPECIES	Phallus ravenelii Berk. & M.A.Curtis	Phallus ravenelii Berk. & M.A. Curtis	Berk. & M.A. Curtis	CA	Rawdon	Québec	PRESENT		ff7bd5db-b724-4932-b496-10ea298851f9	46.052398	-73.748752	11000.0						1989-09-09	9	9	1989	6014309	6014309	PRESERVED_SPECIMEN	Université de Montréal Biodiversity Centre	CMMF	CMMF000771		Lamoureux, Yves		CC0_1_0	Université de Montréal Biodiversity Centre	Guiffard, Pascal			2024-01-24T16:38:20.221Z	StillImage	INSTITUTION_MATCH_FUZZY;COLLECTION_MATCH_FUZZY;DIFFERENT_OWNER_INSTITUTION
5008287277	50c9509d-22c7-4a22-a47d-8c48425ef4a7	https://www.inaturalist.org/observations/255124404	Fungi	Basidiomycota	Agaricomycetes	Phallales	Phallaceae	Phallus	Phallus ravenelii		SPECIES	Phallus ravenelii Berk. & M.A.Curtis	Phallus ravenelii		CA		Ontario	PRESENT		28eb1a3f-1c15-4a95-931a-4af90ecb574d	45.44177	-75.187103	10.0						2021-10-10T12:22:55	10	10	2021	6014309	6014309	HUMAN_OBSERVATION	iNaturalist	Observations	255124404		Lynn Ovenden	2024-12-15T00:08:19	CC_BY_NC_4_0	Lynn Ovenden	Lynn Ovenden			2025-01-14T13:44:50.966Z	StillImage	COORDINATE_ROUNDED;CONTINENT_DERIVED_FROM_COORDINATES;TAXON_MATCH_TAXON_ID_IGNORED
5006974795	50c9509d-22c7-4a22-a47d-8c48425ef4a7	https://www.inaturalist.org/observations/61484367	Fungi	Basidiomycota	Agaricomycetes	Phallales	Phallaceae	Phallus	Phallus ravenelii		SPECIES	Phallus ravenelii Berk. & M.A.Curtis	Phallus ravenelii		CA		Ontario	PRESENT		28eb1a3f-1c15-4a95-931a-4af90ecb574d	45.024258	-79.311119	801.0						2020-10-02T11:50:50	2	10	2020	6014309	6014309	HUMAN_OBSERVATION	iNaturalist	Observations	61484367		davidenrique	2020-10-02T16:51:59	CC_BY_NC_4_0	drgoodyear	drgoodyear			2025-01-14T12:14:52.358Z	StillImage	COORDINATE_ROUNDED;CONTINENT_DERIVED_FROM_COORDINATES;TAXON_MATCH_TAXON_ID_IGNORED
4994549466	50c9509d-22c7-4a22-a47d-8c48425ef4a7	https://www.inaturalist.org/observations/244483825	Fungi	Basidiomycota	Agaricomycetes	Phallales	Phallaceae	Phallus	Phallus ravenelii		SPECIES	Phallus ravenelii Berk. & M.A.Curtis	Phallus ravenelii		CA		Ontario	PRESENT		28eb1a3f-1c15-4a95-931a-4af90ecb574d	45.51067	-77.544154	1982539.0						2024-09-28T08:08:09	28	9	2024	6014309	6014309	HUMAN_OBSERVATION	iNaturalist	Observations	244483825		davidenrique	2024-12-01T15:46:58	CC_BY_NC_4_0	jmoore0978	jmoore0978			2025-01-14T12:54:33.573Z	StillImage	COORDINATE_ROUNDED;CONTINENT_DERIVED_FROM_COORDINATES;TAXON_MATCH_TAXON_ID_IGNORED
4994477675	50c9509d-22c7-4a22-a47d-8c48425ef4a7	https://www.inaturalist.org/observations/242695698	Fungi	Basidiomycota	Agaricomycetes	Phallales	Phallaceae	Phallus	Phallus ravenelii		SPECIES	Phallus ravenelii Berk. & M.A.Curtis	Phallus ravenelii		CA		Ontario	PRESENT		28eb1a3f-1c15-4a95-931a-4af90ecb574d	45.124092	-76.129897	11.0						2024-09-19T11:42:56	19	9	2024	6014309	6014309	HUMAN_OBSERVATION	iNaturalist	Observations	242695698		davidenrique	2024-09-19T17:01:23	CC_BY_NC_4_0	thomly	thomly			2025-01-14T13:40:13.502Z	StillImage	COORDINATE_ROUNDED;CONTINENT_DERIVED_FROM_COORDINATES;TAXON_MATCH_TAXON_ID_IGNORED
4994162074	50c9509d-22c7-4a22-a47d-8c48425ef4a7	https://www.inaturalist.org/observations/243338676	Fungi	Basidiomycota	Agaricomycetes	Phallales	Phallaceae	Phallus	Phallus ravenelii		SPECIES	Phallus ravenelii Berk. & M.A.Curtis	Phallus ravenelii		CA		Ontario	PRESENT		28eb1a3f-1c15-4a95-931a-4af90ecb574d	45.129506	-76.132072	4.0						2024-09-22T10:10:04	22	9	2024	6014309	6014309	HUMAN_OBSERVATION	iNaturalist	Observations	243338676		davidenrique	2024-09-22T21:00:59	CC_BY_NC_4_0	nikkirop	nikkirop			2025-01-14T13:44:04.370Z	StillImage	COORDINATE_ROUNDED;CONTINENT_DERIVED_FROM_COORDINATES;TAXON_MATCH_TAXON_ID_IGNORED
4993935938	50c9509d-22c7-4a22-a47d-8c48425ef4a7	https://www.inaturalist.org/observations/237179994	Fungi	Basidiomycota	Agaricomycetes	Phallales	Phallaceae	Phallus	Phallus ravenelii		SPECIES	Phallus ravenelii Berk. & M.A.Curtis	Phallus ravenelii		CA		Ontario	PRESENT		28eb1a3f-1c15-4a95-931a-4af90ecb574d	45.217192	-75.153493	475.0						2024-08-21T12:42:10	21	8	2024	6014309	6014309	HUMAN_OBSERVATION	iNaturalist	Observations	237179994		davidenrique	2024-08-27T13:44:41	CC_BY_NC_4_0	madflower	madflower			2025-01-14T13:42:54.321Z	StillImage	COORDINATE_ROUNDED;CONTINENT_DERIVED_FROM_COORDINATES;TAXON_MATCH_TAXON_ID_IGNORED
4987776503	50c9509d-22c7-4a22-a47d-8c48425ef4a7	https://www.inaturalist.org/observations/252684967	Fungi	Basidiomycota	Agaricomycetes	Phallales	Phallaceae	Phallus	Phallus ravenelii		SPECIES	Phallus ravenelii Berk. & M.A.Curtis	Phallus ravenelii		CA		Québec	PRESENT		28eb1a3f-1c15-4a95-931a-4af90ecb574d	45.240857	-72.026179	207.0						2024-10-08T14:35	8	10	2024	6014309	6014309	HUMAN_OBSERVATION	iNaturalist	Observations	252684967		Annabelle Langlois	2024-11-23T06:02:16	CC_BY_NC_4_0	Annabelle Langlois	Annabelle Langlois			2025-01-14T12:55:59.600Z	StillImage	COORDINATE_ROUNDED;CONTINENT_DERIVED_FROM_COORDINATES;TAXON_MATCH_TAXON_ID_IGNORED
4980243035	50c9509d-22c7-4a22-a47d-8c48425ef4a7	https://www.inaturalist.org/observations/251237990	Fungi	Basidiomycota	Agaricomycetes	Phallales	Phallaceae	Phallus	Phallus ravenelii		SPECIES	Phallus ravenelii Berk. & M.A.Curtis	Phallus ravenelii		CA		Québec	PRESENT		28eb1a3f-1c15-4a95-931a-4af90ecb574d	45.729464	-74.277258	53.0						2024-09-23T12:34:34	23	9	2024	6014309	6014309	HUMAN_OBSERVATION	iNaturalist	Observations	251237990		davidenrique	2024-11-11T01:26:23	CC_BY_NC_4_0	Stephanie Christ	Stephanie Christ			2025-01-14T12:55:22.786Z	StillImage	COORDINATE_ROUNDED;CONTINENT_DERIVED_FROM_COORDINATES;TAXON_MATCH_TAXON_ID_IGNORED
4976255684	50c9509d-22c7-4a22-a47d-8c48425ef4a7	https://www.inaturalist.org/observations/248769254	Fungi	Basidiomycota	Agaricomycetes	Phallales	Phallaceae	Phallus	Phallus ravenelii		SPECIES	Phallus ravenelii Berk. & M.A.Curtis	Phallus ravenelii		CA		Québec	PRESENT		28eb1a3f-1c15-4a95-931a-4af90ecb574d	45.872811	-76.4339	501.0						2024-10-19T13:45	19	10	2024	6014309	6014309	HUMAN_OBSERVATION	iNaturalist	Observations	248769254		L Joan Heyding	2024-10-23T17:36:10	CC_BY_NC_4_0	L Joan Heyding	L Joan Heyding			2025-01-14T12:54:26.124Z	StillImage	COORDINATE_ROUNDED;CONTINENT_DERIVED_FROM_COORDINATES;TAXON_MATCH_TAXON_ID_IGNORED
4974266650	50c9509d-22c7-4a22-a47d-8c48425ef4a7	https://www.inaturalist.org/observations/247822437	Fungi	Basidiomycota	Agaricomycetes	Phallales	Phallaceae	Phallus	Phallus ravenelii		SPECIES	Phallus ravenelii Berk. & M.A.Curtis	Phallus ravenelii		CA		Ontario	PRESENT		28eb1a3f-1c15-4a95-931a-4af90ecb574d	45.301535	-75.816246							2024-10-11T14:53:28	11	10	2024	6014309	6014309	HUMAN_OBSERVATION	iNaturalist	Observations	247822437		davidenrique	2024-10-18T11:46:24	CC_BY_NC_4_0	anneruthmclaren	anneruthmclaren			2025-01-14T12:58:40.456Z	StillImage	COORDINATE_ROUNDED;CONTINENT_DERIVED_FROM_COORDINATES;TAXON_MATCH_TAXON_ID_IGNORED
4974192693	50c9509d-22c7-4a22-a47d-8c48425ef4a7	https://www.inaturalist.org/observations/244479317	Fungi	Basidiomycota	Agaricomycetes	Phallales	Phallaceae	Phallus	Phallus ravenelii		SPECIES	Phallus ravenelii Berk. & M.A.Curtis	Phallus ravenelii		CA		Québec	PRESENT		28eb1a3f-1c15-4a95-931a-4af90ecb574d	46.302912	-72.650581	10.0						2024-09-26T13:21:57	26	9	2024	6014309	6014309	HUMAN_OBSERVATION	iNaturalist	Observations	244479317		davidenrique	2024-10-02T23:46:25	CC_BY_NC_4_0	huxleyr	huxleyr			2025-01-14T12:54:36.119Z	StillImage	COORDINATE_ROUNDED;CONTINENT_DERIVED_FROM_COORDINATES;TAXON_MATCH_TAXON_ID_IGNORED
4973980064	50c9509d-22c7-4a22-a47d-8c48425ef4a7	https://www.inaturalist.org/observations/247805074	Fungi	Basidiomycota	Agaricomycetes	Phallales	Phallaceae	Phallus	Phallus ravenelii		SPECIES	Phallus ravenelii Berk. & M.A.Curtis	Phallus ravenelii		CA		New Brunswick	PRESENT		28eb1a3f-1c15-4a95-931a-4af90ecb574d	45.135697	-66.491906	2.0						2024-10-17T16:10	17	10	2024	6014309	6014309	HUMAN_OBSERVATION	iNaturalist	Observations	247805074		David Malloch	2024-10-17T19:13:26	CC_BY_NC_4_0	David Malloch	David Malloch			2025-01-14T12:55:08.534Z	StillImage	CONTINENT_DERIVED_FROM_COORDINATES;TAXON_MATCH_TAXON_ID_IGNORED
4954611560	50c9509d-22c7-4a22-a47d-8c48425ef4a7	https://www.inaturalist.org/observations/246142233	Fungi	Basidiomycota	Agaricomycetes	Phallales	Phallaceae	Phallus	Phallus ravenelii		SPECIES	Phallus ravenelii Berk. & M.A.Curtis	Phallus ravenelii		CA		New Brunswick	PRESENT		28eb1a3f-1c15-4a95-931a-4af90ecb574d	45.871551	-66.902134	3263.0						2024-10-06T16:28:24	6	10	2024	6014309	6014309	HUMAN_OBSERVATION	iNaturalist	Observations	246142233		davidenrique	2024-10-07T22:21:04	CC_BY_NC_4_0	flightmom	flightmom			2025-01-14T12:52:44.100Z	StillImage	COORDINATE_ROUNDED;CONTINENT_DERIVED_FROM_COORDINATES;TAXON_MATCH_TAXON_ID_IGNORED
4952800893	50c9509d-22c7-4a22-a47d-8c48425ef4a7	https://www.inaturalist.org/observations/245865583	Fungi	Basidiomycota	Agaricomycetes	Phallales	Phallaceae	Phallus	Phallus ravenelii		SPECIES	Phallus ravenelii Berk. & M.A.Curtis	Phallus ravenelii		CA		Ontario	PRESENT		28eb1a3f-1c15-4a95-931a-4af90ecb574d	45.438082	-76.335297							2024-10-05T10:32	5	10	2024	6014309	6014309	HUMAN_OBSERVATION	iNaturalist	Observations	245865583		jonathan_mack	2024-10-06T01:53:04	CC_BY_NC_4_0	jonathan_mack	jonathan_mack			2025-01-14T12:51:22.648Z	StillImage	COORDINATE_ROUNDED;CONTINENT_DERIVED_FROM_COORDINATES;TAXON_MATCH_TAXON_ID_IGNORED
4952694218	50c9509d-22c7-4a22-a47d-8c48425ef4a7	https://www.inaturalist.org/observations/244153953	Fungi	Basidiomycota	Agaricomycetes	Phallales	Phallaceae	Phallus	Phallus ravenelii		SPECIES	Phallus ravenelii Berk. & M.A.Curtis	Phallus ravenelii		CA		Ontario	PRESENT		28eb1a3f-1c15-4a95-931a-4af90ecb574d	45.222802	-75.680998	5.0						2024-09-24T13:44:46	24	9	2024	6014309	6014309	HUMAN_OBSERVATION	iNaturalist	Observations	244153953		sophiarodrigues	2024-09-26T16:24:25	CC_BY_NC_4_0	sophiarodrigues	sophiarodrigues			2025-01-14T13:37:49.502Z	StillImage	COORDINATE_ROUNDED;CONTINENT_DERIVED_FROM_COORDINATES;TAXON_MATCH_TAXON_ID_IGNORED
4950135789	50c9509d-22c7-4a22-a47d-8c48425ef4a7	https://www.inaturalist.org/observations/242590283	Fungi	Basidiomycota	Agaricomycetes	Phallales	Phallaceae	Phallus	Phallus ravenelii		SPECIES	Phallus ravenelii Berk. & M.A.Curtis	Phallus ravenelii		CA		Québec	PRESENT		28eb1a3f-1c15-4a95-931a-4af90ecb574d	45.872811	-76.4339	501.0						2024-09-15T13:14	15	9	2024	6014309	6014309	HUMAN_OBSERVATION	iNaturalist	Observations	242590283		L Joan Heyding	2024-09-19T00:19:56	CC_BY_NC_4_0	L Joan Heyding	L Joan Heyding			2025-01-14T13:37:39.822Z	StillImage	COORDINATE_ROUNDED;CONTINENT_DERIVED_FROM_COORDINATES;TAXON_MATCH_TAXON_ID_IGNORED
4950072086	50c9509d-22c7-4a22-a47d-8c48425ef4a7	https://www.inaturalist.org/observations/242567613	Fungi	Basidiomycota	Agaricomycetes	Phallales	Phallaceae	Phallus	Phallus ravenelii		SPECIES	Phallus ravenelii Berk. & M.A.Curtis	Phallus ravenelii		CA		Québec	PRESENT		28eb1a3f-1c15-4a95-931a-4af90ecb574d	45.872811	-76.4339	501.0						2024-09-13	13	9	2024	6014309	6014309	HUMAN_OBSERVATION	iNaturalist	Observations	242567613		L Joan Heyding	2024-09-18T21:37:13	CC_BY_NC_4_0	L Joan Heyding	L Joan Heyding			2025-01-14T13:43:26.216Z	StillImage	COORDINATE_ROUNDED;CONTINENT_DERIVED_FROM_COORDINATES;TAXON_MATCH_TAXON_ID_IGNORED
4950041779	50c9509d-22c7-4a22-a47d-8c48425ef4a7	https://www.inaturalist.org/observations/242391304	Fungi	Basidiomycota	Agaricomycetes	Phallales	Phallaceae	Phallus	Phallus ravenelii		SPECIES	Phallus ravenelii Berk. & M.A.Curtis	Phallus ravenelii		CA		Ontario	PRESENT		28eb1a3f-1c15-4a95-931a-4af90ecb574d	45.658445	-77.579025	3.0						2024-09-14T16:29:19	14	9	2024	6014309	6014309	HUMAN_OBSERVATION	iNaturalist	Observations	242391304		davidenrique	2024-09-18T12:08:42	CC_BY_NC_4_0	Courtney Lafleur	Courtney Lafleur			2025-01-14T13:43:59.762Z	StillImage	CONTINENT_DERIVED_FROM_COORDINATES;TAXON_MATCH_TAXON_ID_IGNORED
4946423540	50c9509d-22c7-4a22-a47d-8c48425ef4a7	https://www.inaturalist.org/observations/241798832	Fungi	Basidiomycota	Agaricomycetes	Phallales	Phallaceae	Phallus	Phallus ravenelii		SPECIES	Phallus ravenelii Berk. & M.A.Curtis	Phallus ravenelii		CA		Québec	PRESENT		28eb1a3f-1c15-4a95-931a-4af90ecb574d	46.065456	-73.450408	5.0						2024-09-14T12:48:42	14	9	2024	6014309	6014309	HUMAN_OBSERVATION	iNaturalist	Observations	241798832		Marc-Olivier Beausoleil	2024-09-15T04:11:11	CC_BY_4_0	Marc-Olivier Beausoleil	Marc-Olivier Beausoleil			2025-01-14T13:44:14.727Z	StillImage	COORDINATE_ROUNDED;CONTINENT_DERIVED_FROM_COORDINATES;TAXON_MATCH_TAXON_ID_IGNORED
4936907810	50c9509d-22c7-4a22-a47d-8c48425ef4a7	https://www.inaturalist.org/observations/238533339	Fungi	Basidiomycota	Agaricomycetes	Phallales	Phallaceae	Phallus	Phallus ravenelii		SPECIES	Phallus ravenelii Berk. & M.A.Curtis	Phallus ravenelii		CA		Québec	PRESENT		28eb1a3f-1c15-4a95-931a-4af90ecb574d	46.293864	-74.516274	9.0						2024-08-27T10:45:48	27	8	2024	6014309	6014309	HUMAN_OBSERVATION	iNaturalist	Observations	238533339		davidenrique	2024-09-02T12:02:46	CC_BY_NC_4_0	sajala	sajala			2025-01-14T12:53:35.535Z	StillImage	COORDINATE_ROUNDED;CONTINENT_DERIVED_FROM_COORDINATES;TAXON_MATCH_TAXON_ID_IGNORED
4507901304	50c9509d-22c7-4a22-a47d-8c48425ef4a7	https://www.inaturalist.org/observations/195225389	Fungi	Basidiomycota	Agaricomycetes	Phallales	Phallaceae	Phallus	Phallus ravenelii		SPECIES	Phallus ravenelii Berk. & M.A.Curtis	Phallus ravenelii		CA		Ontario	PRESENT		28eb1a3f-1c15-4a95-931a-4af90ecb574d	45.448207	-75.186938	20.0						2022-09-29T12:43	29	9	2022	6014309	6014309	HUMAN_OBSERVATION	iNaturalist	Observations	195225389		christine123	2023-12-30T01:37:09	CC_BY_4_0	christine123	christine123			2025-01-14T12:42:51.880Z	StillImage	COORDINATE_ROUNDED;CONTINENT_DERIVED_FROM_COORDINATES;TAXON_MATCH_TAXON_ID_IGNORED
4436148779	50c9509d-22c7-4a22-a47d-8c48425ef4a7	https://www.inaturalist.org/observations/189280011	Fungi	Basidiomycota	Agaricomycetes	Phallales	Phallaceae	Phallus	Phallus ravenelii		SPECIES	Phallus ravenelii Berk. & M.A.Curtis	Phallus ravenelii		CA		Québec	PRESENT		28eb1a3f-1c15-4a95-931a-4af90ecb574d	45.75102	-74.050481	5.0						2023-10-28T18:07:56	28	10	2023	6014309	6014309	HUMAN_OBSERVATION	iNaturalist	Observations	189280011		biogil	2023-10-28T22:08:20	CC_BY_NC_4_0	biogil	biogil			2025-01-14T13:35:07.254Z	StillImage	COORDINATE_ROUNDED;CONTINENT_DERIVED_FROM_COORDINATES;TAXON_MATCH_TAXON_ID_IGNORED
4431028207	50c9509d-22c7-4a22-a47d-8c48425ef4a7	https://www.inaturalist.org/observations/187542258	Fungi	Basidiomycota	Agaricomycetes	Phallales	Phallaceae	Phallus	Phallus ravenelii		SPECIES	Phallus ravenelii Berk. & M.A.Curtis	Phallus ravenelii		CA		Ontario	PRESENT		28eb1a3f-1c15-4a95-931a-4af90ecb574d	45.40233	-79.233652	23018.0						2023-10-14T12:49:36	14	10	2023	6014309	6014309	HUMAN_OBSERVATION	iNaturalist	Observations	187542258		davidenrique	2023-10-15T00:08:46	CC_BY_NC_4_0	suecque	suecque			2025-01-14T12:44:11.767Z	StillImage	COORDINATE_ROUNDED;CONTINENT_DERIVED_FROM_COORDINATES;TAXON_MATCH_TAXON_ID_IGNORED
4430558271	50c9509d-22c7-4a22-a47d-8c48425ef4a7	https://www.inaturalist.org/observations/187571793	Fungi	Basidiomycota	Agaricomycetes	Phallales	Phallaceae	Phallus	Phallus ravenelii		SPECIES	Phallus ravenelii Berk. & M.A.Curtis	Phallus ravenelii		CA		Québec	PRESENT		28eb1a3f-1c15-4a95-931a-4af90ecb574d	45.872811	-76.4339	501.0						2023-10-13T12:49	13	10	2023	6014309	6014309	HUMAN_OBSERVATION	iNaturalist	Observations	187571793		L Joan Heyding	2023-10-15T01:05:13	CC_BY_NC_4_0	L Joan Heyding	L Joan Heyding			2025-01-14T13:34:57.918Z	StillImage	COORDINATE_ROUNDED;CONTINENT_DERIVED_FROM_COORDINATES;TAXON_MATCH_TAXON_ID_IGNORED
4430492569	50c9509d-22c7-4a22-a47d-8c48425ef4a7	https://www.inaturalist.org/observations/186693014	Fungi	Basidiomycota	Agaricomycetes	Phallales	Phallaceae	Phallus	Phallus ravenelii		SPECIES	Phallus ravenelii Berk. & M.A.Curtis	Phallus ravenelii		CA		Ontario	PRESENT		28eb1a3f-1c15-4a95-931a-4af90ecb574d	45.199031	-76.239282							2023-10-08T08:40	8	10	2023	6014309	6014309	HUMAN_OBSERVATION	iNaturalist	Observations	186693014		almonteallisons	2023-10-08T14:10:47	CC_BY_NC_4_0	almonteallisons	almonteallisons			2025-01-14T13:33:26.572Z	StillImage	COORDINATE_ROUNDED;CONTINENT_DERIVED_FROM_COORDINATES;TAXON_MATCH_TAXON_ID_IGNORED
4417030860	50c9509d-22c7-4a22-a47d-8c48425ef4a7	https://www.inaturalist.org/observations/184528707	Fungi	Basidiomycota	Agaricomycetes	Phallales	Phallaceae	Phallus	Phallus ravenelii		SPECIES	Phallus ravenelii Berk. & M.A.Curtis	Phallus ravenelii		CA		Québec	PRESENT		28eb1a3f-1c15-4a95-931a-4af90ecb574d	45.574447	-73.711678	11.0						2023-09-21T19:12:40	21	9	2023	6014309	6014309	HUMAN_OBSERVATION	iNaturalist	Observations	184528707		davidenrique	2023-09-24T15:48:58	CC_BY_NC_4_0	marc4509	marc4509			2025-01-14T13:29:20.314Z	StillImage	COORDINATE_ROUNDED;CONTINENT_DERIVED_FROM_COORDINATES;TAXON_MATCH_TAXON_ID_IGNORED
4416645975	50c9509d-22c7-4a22-a47d-8c48425ef4a7	https://www.inaturalist.org/observations/184096097	Fungi	Basidiomycota	Agaricomycetes	Phallales	Phallaceae	Phallus	Phallus ravenelii		SPECIES	Phallus ravenelii Berk. & M.A.Curtis	Phallus ravenelii		CA		Québec	PRESENT		28eb1a3f-1c15-4a95-931a-4af90ecb574d	48.172922	-68.789828	29.0						2023-09-16T09:41	16	9	2023	6014309	6014309	HUMAN_OBSERVATION	iNaturalist	Observations	184096097		ludovicjolicoeur	2023-09-20T09:41:01	CC_BY_NC_4_0	ludovicjolicoeur	ludovicjolicoeur			2025-01-14T13:33:56.583Z	StillImage	COORDINATE_ROUNDED;CONTINENT_DERIVED_FROM_COORDINATES;TAXON_MATCH_TAXON_ID_IGNORED
4414265887	50c9509d-22c7-4a22-a47d-8c48425ef4a7	https://www.inaturalist.org/observations/183525799	Fungi	Basidiomycota	Agaricomycetes	Phallales	Phallaceae	Phallus	Phallus ravenelii		SPECIES	Phallus ravenelii Berk. & M.A.Curtis	Phallus ravenelii		CA		Ontario	PRESENT		28eb1a3f-1c15-4a95-931a-4af90ecb574d	45.124122	-76.129897	10.0						2023-09-16T12:44:57	16	9	2023	6014309	6014309	HUMAN_OBSERVATION	iNaturalist	Observations	183525799		thomly	2023-09-16T16:50:51	CC_BY_NC_4_0	thomly	thomly			2025-01-14T12:42:22.782Z	StillImage	COORDINATE_ROUNDED;CONTINENT_DERIVED_FROM_COORDINATES;TAXON_MATCH_TAXON_ID_IGNORED
4413919043	50c9509d-22c7-4a22-a47d-8c48425ef4a7	https://www.inaturalist.org/observations/182799068	Fungi	Basidiomycota	Agaricomycetes	Phallales	Phallaceae	Phallus	Phallus ravenelii		SPECIES	Phallus ravenelii Berk. & M.A.Curtis	Phallus ravenelii		CA		Ontario	PRESENT		28eb1a3f-1c15-4a95-931a-4af90ecb574d	45.231785	-75.691646	386.0						2023-09-11T08:44:56	11	9	2023	6014309	6014309	HUMAN_OBSERVATION	iNaturalist	Observations	182799068		Eric R.	2023-09-11T14:10:13	CC_BY_NC_4_0	johchen	johchen			2025-01-14T12:39:55.705Z	StillImage	COORDINATE_ROUNDED;CONTINENT_DERIVED_FROM_COORDINATES;TAXON_MATCH_TAXON_ID_IGNORED
4413773749	50c9509d-22c7-4a22-a47d-8c48425ef4a7	https://www.inaturalist.org/observations/182532440	Fungi	Basidiomycota	Agaricomycetes	Phallales	Phallaceae	Phallus	Phallus ravenelii		SPECIES	Phallus ravenelii Berk. & M.A.Curtis	Phallus ravenelii		CA		Québec	PRESENT		28eb1a3f-1c15-4a95-931a-4af90ecb574d	45.937043	-72.451695	27095.0						2023-09-09T16:49:51	9	9	2023	6014309	6014309	HUMAN_OBSERVATION	iNaturalist	Observations	182532440		gabboilard	2023-09-09T21:48:11	CC_BY_NC_4_0	mathieu_d	mathieu_d			2025-01-14T12:44:28.990Z	StillImage	COORDINATE_ROUNDED;CONTINENT_DERIVED_FROM_COORDINATES;TAXON_MATCH_TAXON_ID_IGNORED
4407532173	50c9509d-22c7-4a22-a47d-8c48425ef4a7	https://www.inaturalist.org/observations/181735830	Fungi	Basidiomycota	Agaricomycetes	Phallales	Phallaceae	Phallus	Phallus ravenelii		SPECIES	Phallus ravenelii Berk. & M.A.Curtis	Phallus ravenelii		CA		Québec	PRESENT		28eb1a3f-1c15-4a95-931a-4af90ecb574d	45.415453	-72.732955	10.0						2023-09-04T09:37:36	4	9	2023	6014309	6014309	HUMAN_OBSERVATION	iNaturalist	Observations	181735830		myche68	2023-09-04T13:51:51	CC_BY_NC_4_0	myche68	myche68			2025-01-14T12:41:43.808Z	StillImage	COORDINATE_ROUNDED;CONTINENT_DERIVED_FROM_COORDINATES;TAXON_MATCH_TAXON_ID_IGNORED
4407473665	50c9509d-22c7-4a22-a47d-8c48425ef4a7	https://www.inaturalist.org/observations/181765263	Fungi	Basidiomycota	Agaricomycetes	Phallales	Phallaceae	Phallus	Phallus ravenelii		SPECIES	Phallus ravenelii Berk. & M.A.Curtis	Phallus ravenelii		CA		Ontario	PRESENT		28eb1a3f-1c15-4a95-931a-4af90ecb574d	45.438087	-76.33532	10.0						2023-09-03T16:59:08	3	9	2023	6014309	6014309	HUMAN_OBSERVATION	iNaturalist	Observations	181765263		gordv	2023-09-04T17:03:06	CC_BY_NC_4_0	gordv	gordv			2025-01-14T12:41:44.988Z	StillImage	COORDINATE_ROUNDED;CONTINENT_DERIVED_FROM_COORDINATES;TAXON_MATCH_TAXON_ID_IGNORED
4407342021	50c9509d-22c7-4a22-a47d-8c48425ef4a7	https://www.inaturalist.org/observations/181394957	Fungi	Basidiomycota	Agaricomycetes	Phallales	Phallaceae	Phallus	Phallus ravenelii		SPECIES	Phallus ravenelii Berk. & M.A.Curtis	Phallus ravenelii		CA		Ontario	PRESENT		28eb1a3f-1c15-4a95-931a-4af90ecb574d	45.249317	-75.59663	37.0						2023-09-02T11:32:25	2	9	2023	6014309	6014309	HUMAN_OBSERVATION	iNaturalist	Observations	181394957		Meloaf	2023-09-03T03:09:21	CC_BY_NC_4_0	Linda H	Linda H			2025-01-14T12:41:37.369Z	StillImage	COORDINATE_ROUNDED;CONTINENT_DERIVED_FROM_COORDINATES;TAXON_MATCH_TAXON_ID_IGNORED
4400469277	50c9509d-22c7-4a22-a47d-8c48425ef4a7	https://www.inaturalist.org/observations/179365530	Fungi	Basidiomycota	Agaricomycetes	Phallales	Phallaceae	Phallus	Phallus ravenelii		SPECIES	Phallus ravenelii Berk. & M.A.Curtis	Phallus ravenelii		CA		Ontario	PRESENT		28eb1a3f-1c15-4a95-931a-4af90ecb574d	45.481987	-76.211058	172.0						2023-08-20T11:23:19	20	8	2023	6014309	6014309	HUMAN_OBSERVATION	iNaturalist	Observations	179365530		tjbonell	2023-08-20T16:18:00	CC_BY_NC_4_0	tjbonell	tjbonell			2025-01-14T12:41:16.836Z	StillImage	COORDINATE_ROUNDED;CONTINENT_DERIVED_FROM_COORDINATES;TAXON_MATCH_TAXON_ID_IGNORED
4171817356	50c9509d-22c7-4a22-a47d-8c48425ef4a7	https://www.inaturalist.org/observations/175483097	Fungi	Basidiomycota	Agaricomycetes	Phallales	Phallaceae	Phallus	Phallus ravenelii		SPECIES	Phallus ravenelii Berk. & M.A.Curtis	Phallus ravenelii		CA		Québec	PRESENT		28eb1a3f-1c15-4a95-931a-4af90ecb574d	45.02225	-72.722144	10.0						2020-09-13T09:39	13	9	2020	6014309	6014309	HUMAN_OBSERVATION	iNaturalist	Observations	175483097		davidenrique	2023-07-29T13:16:31	CC_BY_NC_4_0	wez	wez			2025-01-14T12:39:55.295Z	StillImage	COORDINATE_ROUNDED;CONTINENT_DERIVED_FROM_COORDINATES;TAXON_MATCH_TAXON_ID_IGNORED
4138517244	50c9509d-22c7-4a22-a47d-8c48425ef4a7	https://www.inaturalist.org/observations/168739862	Fungi	Basidiomycota	Agaricomycetes	Phallales	Phallaceae	Phallus	Phallus ravenelii		SPECIES	Phallus ravenelii Berk. & M.A.Curtis	Phallus ravenelii		CA		Québec	PRESENT		28eb1a3f-1c15-4a95-931a-4af90ecb574d	45.461392	-73.931533							2022-09-25T15:44:21	25	9	2022	6014309	6014309	HUMAN_OBSERVATION	iNaturalist	Observations	168739862		davidenrique	2023-06-21T23:52:55	CC_BY_NC_4_0	mushroomdaddy96	mushroomdaddy96			2025-01-14T12:36:14.599Z	StillImage	COORDINATE_ROUNDED;CONTINENT_DERIVED_FROM_COORDINATES;TAXON_MATCH_TAXON_ID_IGNORED
4099897567	d1a3b128-b406-46bb-a6d1-f3591dcc8a7b	c0b5753d-397a-484d-bd9e-46f5e5dcc0d4	Fungi	Basidiomycota	Agaricomycetes	Phallales	Phallaceae	Phallus	Phallus ravenelii		SPECIES	Phallus ravenelii Berk. & M.A.Curtis	Phallus ravenelii	Berk. & M.A. Curtis	CA	Tourville	Quebec	PRESENT		e43cf4b8-849e-4fac-b075-e652d019d2cf	47.1	-69.983333	18019.0						1963-09-25	25	9	1963	6014309	6014309	PRESERVED_SPECIMEN	BPI		BPI 726727		Groves J. W.		CC0_1_0		Groves J. W.			2025-01-15T04:59:40.004Z		GEODETIC_DATUM_ASSUMED_WGS84;CONTINENT_DERIVED_FROM_COORDINATES;TAXON_MATCH_TAXON_ID_IGNORED;INSTITUTION_MATCH_FUZZY
4099873609	d1a3b128-b406-46bb-a6d1-f3591dcc8a7b	e97d8d76-dc0c-4185-be67-da80fcc93212	Fungi	Basidiomycota	Agaricomycetes	Phallales	Phallaceae	Phallus	Phallus ravenelii		SPECIES	Phallus ravenelii Berk. & M.A.Curtis	Phallus ravenelii	Berk. & M.A. Curtis	CA	Ottawa	Ontario	PRESENT		e43cf4b8-849e-4fac-b075-e652d019d2cf	45.416667	-75.7	52150.0										6014309	6014309	PRESERVED_SPECIMEN	BPI		BPI 703115		Lloyd C. G.		CC0_1_0		MACOUN John			2025-01-15T04:59:39.549Z		GEODETIC_DATUM_ASSUMED_WGS84;CONTINENT_DERIVED_FROM_COORDINATES;TAXON_MATCH_TAXON_ID_IGNORED;INSTITUTION_MATCH_FUZZY
4062552060	50c9509d-22c7-4a22-a47d-8c48425ef4a7	https://www.inaturalist.org/observations/150876305	Fungi	Basidiomycota	Agaricomycetes	Phallales	Phallaceae	Phallus	Phallus ravenelii		SPECIES	Phallus ravenelii Berk. & M.A.Curtis	Phallus ravenelii		CA		Québec	PRESENT		28eb1a3f-1c15-4a95-931a-4af90ecb574d	45.452936	-73.266795	2.0						2016-09-19T14:26	19	9	2016	6014309	6014309	HUMAN_OBSERVATION	iNaturalist	Observations	150876305		Jacques Ranger	2023-03-12T00:58:59	CC_BY_NC_4_0	Jacques Ranger	Jacques Ranger			2025-01-14T13:28:36.350Z	StillImage	COORDINATE_ROUNDED;CONTINENT_DERIVED_FROM_COORDINATES;TAXON_MATCH_TAXON_ID_IGNORED
4029175238	50c9509d-22c7-4a22-a47d-8c48425ef4a7	https://www.inaturalist.org/observations/148043391	Fungi	Basidiomycota	Agaricomycetes	Phallales	Phallaceae	Phallus	Phallus ravenelii		SPECIES	Phallus ravenelii Berk. & M.A.Curtis	Phallus ravenelii		CA		Ontario	PRESENT		28eb1a3f-1c15-4a95-931a-4af90ecb574d	45.012722	-78.284038	500.0						2018-10-04T03:36	4	10	2018	6014309	6014309	HUMAN_OBSERVATION	iNaturalist	Observations	148043391		Belinda Gallagher	2023-02-04T20:31:07	CC_BY_NC_4_0	Belinda Gallagher	Belinda Gallagher			2025-01-14T13:28:06.915Z	StillImage	COORDINATE_ROUNDED;CONTINENT_DERIVED_FROM_COORDINATES;TAXON_MATCH_TAXON_ID_IGNORED
3986182823	50c9509d-22c7-4a22-a47d-8c48425ef4a7	https://www.inaturalist.org/observations/138014542	Fungi	Basidiomycota	Agaricomycetes	Phallales	Phallaceae	Phallus	Phallus ravenelii		SPECIES	Phallus ravenelii Berk. & M.A.Curtis	Phallus ravenelii		CA		Ontario	PRESENT		28eb1a3f-1c15-4a95-931a-4af90ecb574d	45.634689	-77.063323	142.0						2022-10-08T12:21:09	8	10	2022	6014309	6014309	HUMAN_OBSERVATION	iNaturalist	Observations	138014542		ps26	2022-10-08T18:54:29	CC_BY_NC_4_0	ps26	ps26			2025-01-14T13:25:29.215Z	StillImage	COORDINATE_ROUNDED;CONTINENT_DERIVED_FROM_COORDINATES;TAXON_MATCH_TAXON_ID_IGNORED
3985650866	50c9509d-22c7-4a22-a47d-8c48425ef4a7	https://www.inaturalist.org/observations/138064334	Fungi	Basidiomycota	Agaricomycetes	Phallales	Phallaceae	Phallus	Phallus ravenelii		SPECIES	Phallus ravenelii Berk. & M.A.Curtis	Phallus ravenelii		CA		Ontario	PRESENT		28eb1a3f-1c15-4a95-931a-4af90ecb574d	45.195402	-75.049115							2022-10-08T11:07	8	10	2022	6014309	6014309	HUMAN_OBSERVATION	iNaturalist	Observations	138064334		jonathan_mack	2022-10-09T02:04:01	CC_BY_NC_4_0	jonathan_mack	jonathan_mack			2025-01-14T13:25:32.863Z	StillImage	COORDINATE_ROUNDED;CONTINENT_DERIVED_FROM_COORDINATES;TAXON_MATCH_TAXON_ID_IGNORED
3985624846	50c9509d-22c7-4a22-a47d-8c48425ef4a7	https://www.inaturalist.org/observations/138063622	Fungi	Basidiomycota	Agaricomycetes	Phallales	Phallaceae	Phallus	Phallus ravenelii		SPECIES	Phallus ravenelii Berk. & M.A.Curtis	Phallus ravenelii		CA		Ontario	PRESENT		28eb1a3f-1c15-4a95-931a-4af90ecb574d	45.195096	-75.049868	397.0						2022-10-08T11:08	8	10	2022	6014309	6014309	HUMAN_OBSERVATION	iNaturalist	Observations	138063622		Igor Khomenko	2022-10-09T01:56:29	CC_BY_NC_4_0	Igor Khomenko	Igor Khomenko			2025-01-14T12:32:54.695Z	StillImage	COORDINATE_ROUNDED;CONTINENT_DERIVED_FROM_COORDINATES;TAXON_MATCH_TAXON_ID_IGNORED
3963534193	50c9509d-22c7-4a22-a47d-8c48425ef4a7	https://www.inaturalist.org/observations/141312267	Fungi	Basidiomycota	Agaricomycetes	Phallales	Phallaceae	Phallus	Phallus ravenelii		SPECIES	Phallus ravenelii Berk. & M.A.Curtis	Phallus ravenelii		CA		Québec	PRESENT		28eb1a3f-1c15-4a95-931a-4af90ecb574d	45.46597	-74.160164	14.0						2022-11-03T11:15:05	3	11	2022	6014309	6014309	HUMAN_OBSERVATION	iNaturalist	Observations	141312267		sabrinal	2022-11-06T22:14:12	CC_BY_NC_4_0	sabrinal	sabrinal			2025-01-14T12:32:12.779Z	StillImage	COORDINATE_ROUNDED;CONTINENT_DERIVED_FROM_COORDINATES;TAXON_MATCH_TAXON_ID_IGNORED
3963247827	50c9509d-22c7-4a22-a47d-8c48425ef4a7	https://www.inaturalist.org/observations/141010442	Fungi	Basidiomycota	Agaricomycetes	Phallales	Phallaceae	Phallus	Phallus ravenelii		SPECIES	Phallus ravenelii Berk. & M.A.Curtis	Phallus ravenelii		CA		Québec	PRESENT		28eb1a3f-1c15-4a95-931a-4af90ecb574d	45.46628	-74.160217							2022-11-03T11:06:27	3	11	2022	6014309	6014309	HUMAN_OBSERVATION	iNaturalist	Observations	141010442		emmafortin2144	2022-11-03T20:47:06	CC_BY_NC_4_0	emmafortin2144	emmafortin2144			2025-01-14T13:26:26.871Z	StillImage	COORDINATE_ROUNDED;CONTINENT_DERIVED_FROM_COORDINATES;TAXON_MATCH_TAXON_ID_IGNORED
3961468583	50c9509d-22c7-4a22-a47d-8c48425ef4a7	https://www.inaturalist.org/observations/135415314	Fungi	Basidiomycota	Agaricomycetes	Phallales	Phallaceae	Phallus	Phallus ravenelii		SPECIES	Phallus ravenelii Berk. & M.A.Curtis	Phallus ravenelii		CA		New Brunswick	PRESENT		28eb1a3f-1c15-4a95-931a-4af90ecb574d	45.982528	-66.753242	12.0						2022-09-17T11:59:52	17	9	2022	6014309	6014309	HUMAN_OBSERVATION	iNaturalist	Observations	135415314		Laura O'Connor	2022-09-17T19:11:16	CC_BY_NC_4_0	Laura O'Connor	Laura O'Connor			2025-01-14T12:32:03.521Z	StillImage	COORDINATE_ROUNDED;CONTINENT_DERIVED_FROM_COORDINATES;TAXON_MATCH_TAXON_ID_IGNORED
3961364573	50c9509d-22c7-4a22-a47d-8c48425ef4a7	https://www.inaturalist.org/observations/135028391	Fungi	Basidiomycota	Agaricomycetes	Phallales	Phallaceae	Phallus	Phallus ravenelii		SPECIES	Phallus ravenelii Berk. & M.A.Curtis	Phallus ravenelii		CA		Québec	PRESENT		28eb1a3f-1c15-4a95-931a-4af90ecb574d	45.045996	-73.314593	406.0						2022-09-14T15:39:59	14	9	2022	6014309	6014309	HUMAN_OBSERVATION	iNaturalist	Observations	135028391		mc_joncas	2022-09-14T19:42:20	CC_BY_NC_4_0	mc_joncas	mc_joncas			2025-01-14T12:32:16.331Z	StillImage	COORDINATE_ROUNDED;CONTINENT_DERIVED_FROM_COORDINATES;TAXON_MATCH_TAXON_ID_IGNORED
3961206593	50c9509d-22c7-4a22-a47d-8c48425ef4a7	https://www.inaturalist.org/observations/135425244	Fungi	Basidiomycota	Agaricomycetes	Phallales	Phallaceae	Phallus	Phallus ravenelii		SPECIES	Phallus ravenelii Berk. & M.A.Curtis	Phallus ravenelii		CA		New Brunswick	PRESENT		28eb1a3f-1c15-4a95-931a-4af90ecb574d	45.983155	-66.755417	4.0						2022-09-17T12:37:35	17	9	2022	6014309	6014309	HUMAN_OBSERVATION	iNaturalist	Observations	135425244		Laura O'Connor	2022-09-17T20:20:09	CC_BY_NC_4_0	Laura O'Connor	Laura O'Connor			2025-01-14T13:25:31.332Z	StillImage	COORDINATE_ROUNDED;CONTINENT_DERIVED_FROM_COORDINATES;TAXON_MATCH_TAXON_ID_IGNORED
3947610722	50c9509d-22c7-4a22-a47d-8c48425ef4a7	https://www.inaturalist.org/observations/139067874	Fungi	Basidiomycota	Agaricomycetes	Phallales	Phallaceae	Phallus	Phallus ravenelii		SPECIES	Phallus ravenelii Berk. & M.A.Curtis	Phallus ravenelii		CA		Québec	PRESENT		28eb1a3f-1c15-4a95-931a-4af90ecb574d	45.850206	-76.491529	27095.0						2022-10-15T16:53	15	10	2022	6014309	6014309	HUMAN_OBSERVATION	iNaturalist	Observations	139067874		L Joan Heyding	2022-10-17T02:07:11	CC_BY_NC_4_0	L Joan Heyding	L Joan Heyding			2025-01-14T13:18:17.795Z	StillImage	COORDINATE_ROUNDED;CONTINENT_DERIVED_FROM_COORDINATES;TAXON_MATCH_TAXON_ID_IGNORED
3947297409	50c9509d-22c7-4a22-a47d-8c48425ef4a7	https://www.inaturalist.org/observations/138790543	Fungi	Basidiomycota	Agaricomycetes	Phallales	Phallaceae	Phallus	Phallus ravenelii		SPECIES	Phallus ravenelii Berk. & M.A.Curtis	Phallus ravenelii		CA		Ontario	PRESENT		28eb1a3f-1c15-4a95-931a-4af90ecb574d	45.345022	-75.225228	5.0						2022-10-14T16:45:20	14	10	2022	6014309	6014309	HUMAN_OBSERVATION	iNaturalist	Observations	138790543		Lynn Ovenden	2022-10-15T02:22:26	CC_BY_NC_4_0	Lynn Ovenden	Lynn Ovenden			2025-01-14T13:21:07.784Z	StillImage	COORDINATE_ROUNDED;CONTINENT_DERIVED_FROM_COORDINATES;TAXON_MATCH_TAXON_ID_IGNORED
3947051962	50c9509d-22c7-4a22-a47d-8c48425ef4a7	https://www.inaturalist.org/observations/138332495	Fungi	Basidiomycota	Agaricomycetes	Phallales	Phallaceae	Phallus	Phallus ravenelii		SPECIES	Phallus ravenelii Berk. & M.A.Curtis	Phallus ravenelii		CA		Québec	PRESENT		28eb1a3f-1c15-4a95-931a-4af90ecb574d	45.474903	-71.200722	30.0						2022-10-08T13:22:27	8	10	2022	6014309	6014309	HUMAN_OBSERVATION	iNaturalist	Observations	138332495		fungilovingfungal	2022-10-11T00:40:49	CC_BY_NC_4_0	fungilovingfungal	fungilovingfungal			2025-01-14T12:33:02.928Z	StillImage	COORDINATE_ROUNDED;CONTINENT_DERIVED_FROM_COORDINATES;TAXON_MATCH_TAXON_ID_IGNORED
3923601419	50c9509d-22c7-4a22-a47d-8c48425ef4a7	https://www.inaturalist.org/observations/137401669	Fungi	Basidiomycota	Agaricomycetes	Phallales	Phallaceae	Phallus	Phallus ravenelii		SPECIES	Phallus ravenelii Berk. & M.A.Curtis	Phallus ravenelii		CA		Ontario	PRESENT		28eb1a3f-1c15-4a95-931a-4af90ecb574d	45.027675	-75.7443	24.0						2022-09-17T08:53:03	17	9	2022	6014309	6014309	HUMAN_OBSERVATION	iNaturalist	Observations	137401669		rhondapttr	2022-10-03T12:01:20	CC_BY_NC_4_0	rhondapttr	rhondapttr			2025-01-14T13:17:46.996Z	StillImage	CONTINENT_DERIVED_FROM_COORDINATES;TAXON_MATCH_TAXON_ID_IGNORED
3923532525	50c9509d-22c7-4a22-a47d-8c48425ef4a7	https://www.inaturalist.org/observations/137459297	Fungi	Basidiomycota	Agaricomycetes	Phallales	Phallaceae	Phallus	Phallus ravenelii		SPECIES	Phallus ravenelii Berk. & M.A.Curtis	Phallus ravenelii		CA		Québec	PRESENT		28eb1a3f-1c15-4a95-931a-4af90ecb574d	45.751023	-74.050522	5.0						2022-10-03T17:10:10	3	10	2022	6014309	6014309	HUMAN_OBSERVATION	iNaturalist	Observations	137459297		biogil	2022-10-03T21:11:24	CC_BY_NC_4_0	biogil	biogil			2025-01-14T12:32:33.803Z	StillImage	COORDINATE_ROUNDED;CONTINENT_DERIVED_FROM_COORDINATES;TAXON_MATCH_TAXON_ID_IGNORED
3923462109	50c9509d-22c7-4a22-a47d-8c48425ef4a7	https://www.inaturalist.org/observations/137025831	Fungi	Basidiomycota	Agaricomycetes	Phallales	Phallaceae	Phallus	Phallus ravenelii		SPECIES	Phallus ravenelii Berk. & M.A.Curtis	Phallus ravenelii		CA		Québec	PRESENT		28eb1a3f-1c15-4a95-931a-4af90ecb574d	45.729466	-72.246201	2.0						2022-09-29T17:19	29	9	2022	6014309	6014309	HUMAN_OBSERVATION	iNaturalist	Observations	137025831		François Demers	2022-09-30T14:18:23	CC_BY_NC_4_0	François Demers	François Demers			2025-01-14T12:32:05.814Z	StillImage	COORDINATE_ROUNDED;CONTINENT_DERIVED_FROM_COORDINATES;TAXON_MATCH_TAXON_ID_IGNORED
3923336125	50c9509d-22c7-4a22-a47d-8c48425ef4a7	https://www.inaturalist.org/observations/137054475	Fungi	Basidiomycota	Agaricomycetes	Phallales	Phallaceae	Phallus	Phallus ravenelii		SPECIES	Phallus ravenelii Berk. & M.A.Curtis	Phallus ravenelii		CA		New Brunswick	PRESENT		28eb1a3f-1c15-4a95-931a-4af90ecb574d	45.888722	-66.77047	3.0						2022-09-30T14:44:32	30	9	2022	6014309	6014309	HUMAN_OBSERVATION	iNaturalist	Observations	137054475		davidenrique	2022-09-30T20:04:50	CC_BY_NC_4_0	astackmills	astackmills			2025-01-14T12:32:12.758Z	StillImage	COORDINATE_ROUNDED;CONTINENT_DERIVED_FROM_COORDINATES;TAXON_MATCH_TAXON_ID_IGNORED
3903255812	50c9509d-22c7-4a22-a47d-8c48425ef4a7	https://www.inaturalist.org/observations/133199981	Fungi	Basidiomycota	Agaricomycetes	Phallales	Phallaceae	Phallus	Phallus ravenelii		SPECIES	Phallus ravenelii Berk. & M.A.Curtis	Phallus ravenelii		CA		Ontario	PRESENT		28eb1a3f-1c15-4a95-931a-4af90ecb574d	45.457031	-75.529892	35.0						2022-09-01T09:09:52	1	9	2022	6014309	6014309	HUMAN_OBSERVATION	iNaturalist	Observations	133199981		amecelte	2022-09-01T13:09:59	CC_BY_NC_4_0	amecelte	amecelte			2025-01-14T12:32:52.035Z	StillImage	COORDINATE_ROUNDED;CONTINENT_DERIVED_FROM_COORDINATES;TAXON_MATCH_TAXON_ID_IGNORED
3903249833	50c9509d-22c7-4a22-a47d-8c48425ef4a7	https://www.inaturalist.org/observations/132133435	Fungi	Basidiomycota	Agaricomycetes	Phallales	Phallaceae	Phallus	Phallus ravenelii		SPECIES	Phallus ravenelii Berk. & M.A.Curtis	Phallus ravenelii		CA		Ontario	PRESENT		28eb1a3f-1c15-4a95-931a-4af90ecb574d	45.397108	-75.703175	157.0						2022-08-24T09:10:36	24	8	2022	6014309	6014309	HUMAN_OBSERVATION	iNaturalist	Observations	132133435		thrinley	2022-08-24T13:11:04	CC_BY_NC_4_0	thrinley	thrinley			2025-01-14T13:30:52.098Z	StillImage	COORDINATE_ROUNDED;CONTINENT_DERIVED_FROM_COORDINATES;TAXON_MATCH_TAXON_ID_IGNORED
3903202033	50c9509d-22c7-4a22-a47d-8c48425ef4a7	https://www.inaturalist.org/observations/132705894	Fungi	Basidiomycota	Agaricomycetes	Phallales	Phallaceae	Phallus	Phallus ravenelii		SPECIES	Phallus ravenelii Berk. & M.A.Curtis	Phallus ravenelii		CA		Québec	PRESENT		28eb1a3f-1c15-4a95-931a-4af90ecb574d	45.493144	-74.013389							2022-08-28T14:35:52	28	8	2022	6014309	6014309	HUMAN_OBSERVATION	iNaturalist	Observations	132705894		muscariafly	2022-08-28T22:46:32	CC_BY_NC_4_0	muscariafly	muscariafly			2025-01-14T13:25:00.942Z	StillImage	COORDINATE_ROUNDED;CONTINENT_DERIVED_FROM_COORDINATES;TAXON_MATCH_TAXON_ID_IGNORED
3903094684	50c9509d-22c7-4a22-a47d-8c48425ef4a7	https://www.inaturalist.org/observations/132600656	Fungi	Basidiomycota	Agaricomycetes	Phallales	Phallaceae	Phallus	Phallus ravenelii		SPECIES	Phallus ravenelii Berk. & M.A.Curtis	Phallus ravenelii		CA		Québec	PRESENT		28eb1a3f-1c15-4a95-931a-4af90ecb574d	45.832722	-72.729675	981.0						2022-08-26T17:27:26	26	8	2022	6014309	6014309	HUMAN_OBSERVATION	iNaturalist	Observations	132600656		Chapados	2022-08-28T15:40:22	CC_BY_NC_4_0	Chapados	Chapados			2025-01-14T12:31:16.844Z	StillImage	COORDINATE_ROUNDED;CONTINENT_DERIVED_FROM_COORDINATES;TAXON_MATCH_TAXON_ID_IGNORED
3888953282	50c9509d-22c7-4a22-a47d-8c48425ef4a7	https://www.inaturalist.org/observations/130160704	Fungi	Basidiomycota	Agaricomycetes	Phallales	Phallaceae	Phallus	Phallus ravenelii		SPECIES	Phallus ravenelii Berk. & M.A.Curtis	Phallus ravenelii		CA		Ontario	PRESENT		28eb1a3f-1c15-4a95-931a-4af90ecb574d	45.012722	-78.284038	500.0						2022-08-08T11:56	8	8	2022	6014309	6014309	HUMAN_OBSERVATION	iNaturalist	Observations	130160704		Belinda Gallagher	2022-08-09T20:58:54	CC_BY_NC_4_0	Belinda Gallagher	Belinda Gallagher			2025-01-14T13:24:37.514Z	StillImage	COORDINATE_ROUNDED;CONTINENT_DERIVED_FROM_COORDINATES;TAXON_MATCH_TAXON_ID_IGNORED
3764519382	50c9509d-22c7-4a22-a47d-8c48425ef4a7	https://www.inaturalist.org/observations/97270044	Fungi	Basidiomycota	Agaricomycetes	Phallales	Phallaceae	Phallus	Phallus ravenelii		SPECIES	Phallus ravenelii Berk. & M.A.Curtis	Phallus ravenelii		CA		New Brunswick	PRESENT		28eb1a3f-1c15-4a95-931a-4af90ecb574d	45.917591	-66.648817	300.0						2021-10-05T15:54:07	5	10	2021	6014309	6014309	HUMAN_OBSERVATION	iNaturalist	Observations	97270044		davidenrique	2021-10-06T12:48:37	CC_BY_NC_4_0	Ella Bragdon	Ella Bragdon			2025-01-14T13:14:19.576Z	StillImage	COORDINATE_ROUNDED;CONTINENT_DERIVED_FROM_COORDINATES;TAXON_MATCH_TAXON_ID_IGNORED
3457100871	50c9509d-22c7-4a22-a47d-8c48425ef4a7	https://www.inaturalist.org/observations/103541217	Fungi	Basidiomycota	Agaricomycetes	Phallales	Phallaceae	Phallus	Phallus ravenelii		SPECIES	Phallus ravenelii Berk. & M.A.Curtis	Phallus ravenelii		CA		Québec	PRESENT		28eb1a3f-1c15-4a95-931a-4af90ecb574d	46.364561	-72.553431	15.0						2010-11-24T14:48	24	11	2010	6014309	6014309	HUMAN_OBSERVATION	iNaturalist	Observations	103541217		Alain Maire	2021-12-23T19:56:02	CC_BY_NC_4_0	Alain Maire	Alain Maire			2025-01-14T12:27:37.713Z	StillImage	COORDINATE_ROUNDED;CONTINENT_DERIVED_FROM_COORDINATES;TAXON_MATCH_TAXON_ID_IGNORED
3456988589	50c9509d-22c7-4a22-a47d-8c48425ef4a7	https://www.inaturalist.org/observations/103541216	Fungi	Basidiomycota	Agaricomycetes	Phallales	Phallaceae	Phallus	Phallus ravenelii		SPECIES	Phallus ravenelii Berk. & M.A.Curtis	Phallus ravenelii		CA		Québec	PRESENT		28eb1a3f-1c15-4a95-931a-4af90ecb574d	46.364526	-72.553186	8.0						2010-10-08T14:48	8	10	2010	6014309	6014309	HUMAN_OBSERVATION	iNaturalist	Observations	103541216		Alain Maire	2021-12-23T19:56:02	CC_BY_NC_4_0	Alain Maire	Alain Maire			2025-01-14T12:26:11.865Z	StillImage	COORDINATE_ROUNDED;CONTINENT_DERIVED_FROM_COORDINATES;TAXON_MATCH_TAXON_ID_IGNORED
3456869381	50c9509d-22c7-4a22-a47d-8c48425ef4a7	https://www.inaturalist.org/observations/97269983	Fungi	Basidiomycota	Agaricomycetes	Phallales	Phallaceae	Phallus	Phallus ravenelii		SPECIES	Phallus ravenelii Berk. & M.A.Curtis	Phallus ravenelii		CA		New Brunswick	PRESENT		28eb1a3f-1c15-4a95-931a-4af90ecb574d	45.917612	-66.648807	99.0						2021-10-05T15:54	5	10	2021	6014309	6014309	HUMAN_OBSERVATION	iNaturalist	Observations	97269983		davidenrique	2021-10-05T23:56:50	CC_BY_NC_4_0	aramsey1	aramsey1			2025-01-14T12:25:08.335Z	StillImage	COORDINATE_ROUNDED;CONTINENT_DERIVED_FROM_COORDINATES;TAXON_MATCH_TAXON_ID_IGNORED
3456839677	50c9509d-22c7-4a22-a47d-8c48425ef4a7	https://www.inaturalist.org/observations/102468478	Fungi	Basidiomycota	Agaricomycetes	Phallales	Phallaceae	Phallus	Phallus ravenelii		SPECIES	Phallus ravenelii Berk. & M.A.Curtis	Phallus ravenelii		CA		Québec	PRESENT		28eb1a3f-1c15-4a95-931a-4af90ecb574d	45.948667	-74.530542	24.0						2021-10-23T14:58:52	23	10	2021	6014309	6014309	HUMAN_OBSERVATION	iNaturalist	Observations	102468478		davidenrique	2021-12-04T20:14:23	CC_BY_NC_4_0	Olga Onishchenko	Olga Onishchenko			2025-01-14T13:17:10.736Z	StillImage	COORDINATE_ROUNDED;CONTINENT_DERIVED_FROM_COORDINATES;TAXON_MATCH_TAXON_ID_IGNORED
3456515693	50c9509d-22c7-4a22-a47d-8c48425ef4a7	https://www.inaturalist.org/observations/103580900	Fungi	Basidiomycota	Agaricomycetes	Phallales	Phallaceae	Phallus	Phallus ravenelii		SPECIES	Phallus ravenelii Berk. & M.A.Curtis	Phallus ravenelii		CA		Québec	PRESENT		28eb1a3f-1c15-4a95-931a-4af90ecb574d	45.543614	-75.442151	61.0						2021-10-11	11	10	2021	6014309	6014309	HUMAN_OBSERVATION	iNaturalist	Observations	103580900		Christian Grenier	2021-12-24T14:12:46	CC_BY_NC_4_0	Christian Grenier	Christian Grenier			2025-01-14T12:26:06.352Z	StillImage	COORDINATE_ROUNDED;CONTINENT_DERIVED_FROM_COORDINATES;TAXON_MATCH_TAXON_ID_IGNORED
3456338802	50c9509d-22c7-4a22-a47d-8c48425ef4a7	https://www.inaturalist.org/observations/97307856	Fungi	Basidiomycota	Agaricomycetes	Phallales	Phallaceae	Phallus	Phallus ravenelii		SPECIES	Phallus ravenelii Berk. & M.A.Curtis	Phallus ravenelii		CA		Ontario	PRESENT		28eb1a3f-1c15-4a95-931a-4af90ecb574d	45.457962	-75.467724	4.0						2021-10-05T17:55	5	10	2021	6014309	6014309	HUMAN_OBSERVATION	iNaturalist	Observations	97307856		davidenrique	2021-10-06T12:50:27	CC_BY_NC_4_0	jonathan_mack	jonathan_mack			2025-01-14T12:22:35.240Z	StillImage	COORDINATE_ROUNDED;CONTINENT_DERIVED_FROM_COORDINATES;TAXON_MATCH_TAXON_ID_IGNORED
3455588143	50c9509d-22c7-4a22-a47d-8c48425ef4a7	https://www.inaturalist.org/observations/103209691	Fungi	Basidiomycota	Agaricomycetes	Phallales	Phallaceae	Phallus	Phallus ravenelii		SPECIES	Phallus ravenelii Berk. & M.A.Curtis	Phallus ravenelii		CA		Ontario	PRESENT		28eb1a3f-1c15-4a95-931a-4af90ecb574d	45.010965	-78.282894	379.0						2021-12-17T14:09:06	17	12	2021	6014309	6014309	HUMAN_OBSERVATION	iNaturalist	Observations	103209691		Belinda Gallagher	2021-12-17T19:52:00	CC_BY_NC_4_0	Belinda Gallagher	Belinda Gallagher			2025-01-14T13:17:16.041Z	StillImage	COORDINATE_ROUNDED;CONTINENT_DERIVED_FROM_COORDINATES;TAXON_MATCH_TAXON_ID_IGNORED
3455572885	50c9509d-22c7-4a22-a47d-8c48425ef4a7	https://www.inaturalist.org/observations/103906491	Fungi	Basidiomycota	Agaricomycetes	Phallales	Phallaceae	Phallus	Phallus ravenelii		SPECIES	Phallus ravenelii Berk. & M.A.Curtis	Phallus ravenelii		CA		Ontario	PRESENT		28eb1a3f-1c15-4a95-931a-4af90ecb574d	45.44164	-75.186862	100.0						2021-10-10T12:23:08	10	10	2021	6014309	6014309	HUMAN_OBSERVATION	iNaturalist	Observations	103906491		imaginaryconstruct	2021-12-29T23:57:06	CC_BY_NC_4_0	Owen Clarkin	Owen Clarkin			2025-01-14T13:12:37.830Z	StillImage	CONTINENT_DERIVED_FROM_COORDINATES;TAXON_MATCH_TAXON_ID_IGNORED
3415440925	50c9509d-22c7-4a22-a47d-8c48425ef4a7	https://www.inaturalist.org/observations/99347953	Fungi	Basidiomycota	Agaricomycetes	Phallales	Phallaceae	Phallus	Phallus ravenelii		SPECIES	Phallus ravenelii Berk. & M.A.Curtis	Phallus ravenelii		CA		New Brunswick	PRESENT		28eb1a3f-1c15-4a95-931a-4af90ecb574d	45.873124	-66.889789	4.0						2021-10-25T11:24:15	25	10	2021	6014309	6014309	HUMAN_OBSERVATION	iNaturalist	Observations	99347953		Jackson Nugent	2021-10-25T22:41:12	CC_BY_NC_4_0	gerrrggg	gerrrggg			2025-01-14T12:25:26.446Z	StillImage	COORDINATE_ROUNDED;CONTINENT_DERIVED_FROM_COORDINATES;TAXON_MATCH_TAXON_ID_IGNORED
3408127710	50c9509d-22c7-4a22-a47d-8c48425ef4a7	https://www.inaturalist.org/observations/99722549	Fungi	Basidiomycota	Agaricomycetes	Phallales	Phallaceae	Phallus	Phallus ravenelii		SPECIES	Phallus ravenelii Berk. & M.A.Curtis	Phallus ravenelii		CA		Ontario	PRESENT		28eb1a3f-1c15-4a95-931a-4af90ecb574d	45.442697	-75.187183	15.0						2021-10-27T11:33	27	10	2021	6014309	6014309	HUMAN_OBSERVATION	iNaturalist	Observations	99722549		christine123	2021-10-29T17:58:25	CC_BY_4_0	christine123	christine123			2025-01-14T13:15:42.654Z	StillImage	COORDINATE_ROUNDED;CONTINENT_DERIVED_FROM_COORDINATES;TAXON_MATCH_TAXON_ID_IGNORED
3399489101	50c9509d-22c7-4a22-a47d-8c48425ef4a7	https://www.inaturalist.org/observations/99348140	Fungi	Basidiomycota	Agaricomycetes	Phallales	Phallaceae	Phallus	Phallus ravenelii		SPECIES	Phallus ravenelii Berk. & M.A.Curtis	Phallus ravenelii		CA		Ontario	PRESENT		28eb1a3f-1c15-4a95-931a-4af90ecb574d	45.447203	-75.183325							2021-10-23T12:43	23	10	2021	6014309	6014309	HUMAN_OBSERVATION	iNaturalist	Observations	99348140		Igor Khomenko	2021-10-25T14:26:39	CC_BY_NC_4_0	Igor Khomenko	Igor Khomenko			2025-01-14T12:22:42.652Z	StillImage	COORDINATE_ROUNDED;CONTINENT_DERIVED_FROM_COORDINATES;TAXON_MATCH_TAXON_ID_IGNORED
3399429031	50c9509d-22c7-4a22-a47d-8c48425ef4a7	https://www.inaturalist.org/observations/99276819	Fungi	Basidiomycota	Agaricomycetes	Phallales	Phallaceae	Phallus	Phallus ravenelii		SPECIES	Phallus ravenelii Berk. & M.A.Curtis	Phallus ravenelii		CA		Ontario	PRESENT		28eb1a3f-1c15-4a95-931a-4af90ecb574d	45.447193	-75.18309							2021-10-23T13:44	23	10	2021	6014309	6014309	HUMAN_OBSERVATION	iNaturalist	Observations	99276819		jonathan_mack	2021-10-24T22:51:47	CC_BY_NC_4_0	jonathan_mack	jonathan_mack			2025-01-14T12:24:48.196Z	StillImage	COORDINATE_ROUNDED;CONTINENT_DERIVED_FROM_COORDINATES;TAXON_MATCH_TAXON_ID_IGNORED
3399348320	50c9509d-22c7-4a22-a47d-8c48425ef4a7	https://www.inaturalist.org/observations/98534637	Fungi	Basidiomycota	Agaricomycetes	Phallales	Phallaceae	Phallus	Phallus ravenelii		SPECIES	Phallus ravenelii Berk. & M.A.Curtis	Phallus ravenelii		CA		Québec	PRESENT		28eb1a3f-1c15-4a95-931a-4af90ecb574d	45.904717	-76.477142	27095.0						2021-10-08T12:38	8	10	2021	6014309	6014309	HUMAN_OBSERVATION	iNaturalist	Observations	98534637		L Joan Heyding	2021-10-17T20:37:18	CC_BY_NC_4_0	L Joan Heyding	L Joan Heyding			2025-01-14T12:22:57.624Z	StillImage	COORDINATE_ROUNDED;CONTINENT_DERIVED_FROM_COORDINATES;TAXON_MATCH_TAXON_ID_IGNORED
3399300507	50c9509d-22c7-4a22-a47d-8c48425ef4a7	https://www.inaturalist.org/observations/98725806	Fungi	Basidiomycota	Agaricomycetes	Phallales	Phallaceae	Phallus	Phallus ravenelii		SPECIES	Phallus ravenelii Berk. & M.A.Curtis	Phallus ravenelii		CA		Ontario	PRESENT		28eb1a3f-1c15-4a95-931a-4af90ecb574d	45.503821	-77.576688	10.0						2021-10-18T15:13	18	10	2021	6014309	6014309	HUMAN_OBSERVATION	iNaturalist	Observations	98725806		bshulist	2021-10-19T19:06:23	CC_BY_NC_4_0	bshulist	bshulist			2025-01-14T12:24:18.985Z	StillImage	COORDINATE_ROUNDED;CONTINENT_DERIVED_FROM_COORDINATES;TAXON_MATCH_TAXON_ID_IGNORED
3399254936	50c9509d-22c7-4a22-a47d-8c48425ef4a7	https://www.inaturalist.org/observations/99142012	Fungi	Basidiomycota	Agaricomycetes	Phallales	Phallaceae	Phallus	Phallus ravenelii		SPECIES	Phallus ravenelii Berk. & M.A.Curtis	Phallus ravenelii		CA		Ontario	PRESENT		28eb1a3f-1c15-4a95-931a-4af90ecb574d	45.443113	-75.180916	183.0						2021-10-23T12:47	23	10	2021	6014309	6014309	HUMAN_OBSERVATION	iNaturalist	Observations	99142012		L Joan Heyding	2021-10-23T22:21:40	CC_BY_NC_4_0	L Joan Heyding	L Joan Heyding			2025-01-14T13:15:33.090Z	StillImage	COORDINATE_ROUNDED;CONTINENT_DERIVED_FROM_COORDINATES;TAXON_MATCH_TAXON_ID_IGNORED
3399222708	50c9509d-22c7-4a22-a47d-8c48425ef4a7	https://www.inaturalist.org/observations/98895253	Fungi	Basidiomycota	Agaricomycetes	Phallales	Phallaceae	Phallus	Phallus ravenelii		SPECIES	Phallus ravenelii Berk. & M.A.Curtis	Phallus ravenelii		CA		Ontario	PRESENT		28eb1a3f-1c15-4a95-931a-4af90ecb574d	45.448736	-75.186636	4.0						2021-10-15T12:01	15	10	2021	6014309	6014309	HUMAN_OBSERVATION	iNaturalist	Observations	98895253		christine123	2021-10-21T17:05:59	CC_BY_4_0	christine123	christine123			2025-01-14T12:26:16.800Z	StillImage	COORDINATE_ROUNDED;CONTINENT_DERIVED_FROM_COORDINATES;TAXON_MATCH_TAXON_ID_IGNORED
3399092304	50c9509d-22c7-4a22-a47d-8c48425ef4a7	https://www.inaturalist.org/observations/98537501	Fungi	Basidiomycota	Agaricomycetes	Phallales	Phallaceae	Phallus	Phallus ravenelii		SPECIES	Phallus ravenelii Berk. & M.A.Curtis	Phallus ravenelii		CA		Ontario	PRESENT		28eb1a3f-1c15-4a95-931a-4af90ecb574d	45.288777	-75.8296							2021-10-17T14:47:47	17	10	2021	6014309	6014309	HUMAN_OBSERVATION	iNaturalist	Observations	98537501		Jackson Nugent	2021-10-17T22:46:39	CC_BY_NC_4_0	bharkness	bharkness			2025-01-14T12:22:53.357Z	StillImage	COORDINATE_ROUNDED;CONTINENT_DERIVED_FROM_COORDINATES;TAXON_MATCH_TAXON_ID_IGNORED
3398980219	50c9509d-22c7-4a22-a47d-8c48425ef4a7	https://www.inaturalist.org/observations/98447105	Fungi	Basidiomycota	Agaricomycetes	Phallales	Phallaceae	Phallus	Phallus ravenelii		SPECIES	Phallus ravenelii Berk. & M.A.Curtis	Phallus ravenelii		CA		Ontario	PRESENT		28eb1a3f-1c15-4a95-931a-4af90ecb574d	45.034798	-75.588356	51.0						2021-10-16T15:11:47	16	10	2021	6014309	6014309	HUMAN_OBSERVATION	iNaturalist	Observations	98447105		hendrixmom	2021-10-17T02:03:19	CC_BY_NC_4_0	hendrixmom	hendrixmom			2025-01-14T12:22:56.228Z	StillImage	COORDINATE_ROUNDED;CONTINENT_DERIVED_FROM_COORDINATES;TAXON_MATCH_TAXON_ID_IGNORED
3398830955	50c9509d-22c7-4a22-a47d-8c48425ef4a7	https://www.inaturalist.org/observations/99221327	Fungi	Basidiomycota	Agaricomycetes	Phallales	Phallaceae	Phallus	Phallus ravenelii		SPECIES	Phallus ravenelii Berk. & M.A.Curtis	Phallus ravenelii		CA		Ontario	PRESENT		28eb1a3f-1c15-4a95-931a-4af90ecb574d	45.447103	-75.18312	5.0						2021-10-23T13:42:42	23	10	2021	6014309	6014309	HUMAN_OBSERVATION	iNaturalist	Observations	99221327		Lynn Ovenden	2021-10-24T15:11:44	CC_BY_NC_4_0	Lynn Ovenden	Lynn Ovenden			2025-01-14T13:15:55.086Z	StillImage	COORDINATE_ROUNDED;CONTINENT_DERIVED_FROM_COORDINATES;TAXON_MATCH_TAXON_ID_IGNORED
3398663286	50c9509d-22c7-4a22-a47d-8c48425ef4a7	https://www.inaturalist.org/observations/98543468	Fungi	Basidiomycota	Agaricomycetes	Phallales	Phallaceae	Phallus	Phallus ravenelii		SPECIES	Phallus ravenelii Berk. & M.A.Curtis	Phallus ravenelii		CA		Québec	PRESENT		28eb1a3f-1c15-4a95-931a-4af90ecb574d	45.986478	-76.541445	27095.0						2021-10-10T12:54	10	10	2021	6014309	6014309	HUMAN_OBSERVATION	iNaturalist	Observations	98543468		davidenrique	2021-10-17T23:40:13	CC_BY_NC_4_0	L Joan Heyding	L Joan Heyding			2025-01-14T12:23:37.628Z	StillImage	COORDINATE_ROUNDED;CONTINENT_DERIVED_FROM_COORDINATES;TAXON_MATCH_TAXON_ID_IGNORED
3391831309	50c9509d-22c7-4a22-a47d-8c48425ef4a7	https://www.inaturalist.org/observations/98200030	Fungi	Basidiomycota	Agaricomycetes	Phallales	Phallaceae	Phallus	Phallus ravenelii		SPECIES	Phallus ravenelii Berk. & M.A.Curtis	Phallus ravenelii		CA		Québec	PRESENT		28eb1a3f-1c15-4a95-931a-4af90ecb574d	45.760297	-75.995776	644.0						2021-10-14T11:20:42	14	10	2021	6014309	6014309	HUMAN_OBSERVATION	iNaturalist	Observations	98200030		ashmire	2021-10-14T15:32:59	CC_BY_NC_4_0	ashmire	ashmire			2025-01-14T13:15:45.466Z	StillImage	COORDINATE_ROUNDED;CONTINENT_DERIVED_FROM_COORDINATES;TAXON_MATCH_TAXON_ID_IGNORED
3391487984	50c9509d-22c7-4a22-a47d-8c48425ef4a7	https://www.inaturalist.org/observations/97904622	Fungi	Basidiomycota	Agaricomycetes	Phallales	Phallaceae	Phallus	Phallus ravenelii		SPECIES	Phallus ravenelii Berk. & M.A.Curtis	Phallus ravenelii		CA		Ontario	PRESENT		28eb1a3f-1c15-4a95-931a-4af90ecb574d	45.441563	-75.186945							2021-10-10T12:23	10	10	2021	6014309	6014309	HUMAN_OBSERVATION	iNaturalist	Observations	97904622		jonathan_mack	2021-10-11T16:11:20	CC_BY_NC_4_0	jonathan_mack	jonathan_mack			2025-01-14T13:15:42.326Z	StillImage	COORDINATE_ROUNDED;CONTINENT_DERIVED_FROM_COORDINATES;TAXON_MATCH_TAXON_ID_IGNORED
3391334892	50c9509d-22c7-4a22-a47d-8c48425ef4a7	https://www.inaturalist.org/observations/97784921	Fungi	Basidiomycota	Agaricomycetes	Phallales	Phallaceae	Phallus	Phallus ravenelii		SPECIES	Phallus ravenelii Berk. & M.A.Curtis	Phallus ravenelii		CA		Ontario	PRESENT		28eb1a3f-1c15-4a95-931a-4af90ecb574d	45.441675	-75.186975	5.0						2021-10-10T12:24:52	10	10	2021	6014309	6014309	HUMAN_OBSERVATION	iNaturalist	Observations	97784921		davidenrique	2021-10-10T22:20:43	CC_BY_NC_4_0	erik_p	erik_p			2025-01-14T12:24:53.674Z	StillImage	COORDINATE_ROUNDED;CONTINENT_DERIVED_FROM_COORDINATES;TAXON_MATCH_TAXON_ID_IGNORED
3385006836	50c9509d-22c7-4a22-a47d-8c48425ef4a7	https://www.inaturalist.org/observations/94807466	Fungi	Basidiomycota	Agaricomycetes	Phallales	Phallaceae	Phallus	Phallus ravenelii		SPECIES	Phallus ravenelii Berk. & M.A.Curtis	Phallus ravenelii		CA		Ontario	PRESENT		28eb1a3f-1c15-4a95-931a-4af90ecb574d	45.199887	-76.237894	1.0						2021-09-11T15:21	11	9	2021	6014309	6014309	HUMAN_OBSERVATION	iNaturalist	Observations	94807466		almonteallisons	2021-09-14T11:19:07	CC_BY_NC_4_0	almonteallisons	almonteallisons			2025-01-14T12:25:29.165Z	StillImage	COORDINATE_ROUNDED;CONTINENT_DERIVED_FROM_COORDINATES;TAXON_MATCH_TAXON_ID_IGNORED
3384605555	50c9509d-22c7-4a22-a47d-8c48425ef4a7	https://www.inaturalist.org/observations/97392351	Fungi	Basidiomycota	Agaricomycetes	Phallales	Phallaceae	Phallus	Phallus ravenelii		SPECIES	Phallus ravenelii Berk. & M.A.Curtis	Phallus ravenelii		CA		Québec	PRESENT		28eb1a3f-1c15-4a95-931a-4af90ecb574d	45.366503	-72.618388	24.0						2021-10-06T18:12:38	6	10	2021	6014309	6014309	HUMAN_OBSERVATION	iNaturalist	Observations	97392351		pierrechastenay	2021-10-06T22:13:10	CC_BY_NC_4_0	pierrechastenay	pierrechastenay			2025-01-14T12:26:03.127Z	StillImage	COORDINATE_ROUNDED;CONTINENT_DERIVED_FROM_COORDINATES;TAXON_MATCH_TAXON_ID_IGNORED
3384512044	50c9509d-22c7-4a22-a47d-8c48425ef4a7	https://www.inaturalist.org/observations/96891890	Fungi	Basidiomycota	Agaricomycetes	Phallales	Phallaceae	Phallus	Phallus ravenelii		SPECIES	Phallus ravenelii Berk. & M.A.Curtis	Phallus ravenelii		CA		New Brunswick	PRESENT		28eb1a3f-1c15-4a95-931a-4af90ecb574d	45.950668	-66.890981	4.0						2021-10-02T11:26:40	2	10	2021	6014309	6014309	HUMAN_OBSERVATION	iNaturalist	Observations	96891890		davidenrique	2021-10-02T17:51:32	CC_BY_NC_4_0	michaellynch	michaellynch			2025-01-14T12:22:31.596Z	StillImage	COORDINATE_ROUNDED;CONTINENT_DERIVED_FROM_COORDINATES;TAXON_MATCH_TAXON_ID_IGNORED
3384408473	50c9509d-22c7-4a22-a47d-8c48425ef4a7	https://www.inaturalist.org/observations/95314960	Fungi	Basidiomycota	Agaricomycetes	Phallales	Phallaceae	Phallus	Phallus ravenelii		SPECIES	Phallus ravenelii Berk. & M.A.Curtis	Phallus ravenelii		CA		Québec	PRESENT		28eb1a3f-1c15-4a95-931a-4af90ecb574d	46.609531	-72.702438							2021-09-18T16:09:45	18	9	2021	6014309	6014309	HUMAN_OBSERVATION	iNaturalist	Observations	95314960		Tania Thiffeault	2021-09-18T20:56:37	CC_BY_NC_4_0	Tania Thiffeault	Tania Thiffeault			2025-01-14T13:14:07.840Z	StillImage	COORDINATE_ROUNDED;CONTINENT_DERIVED_FROM_COORDINATES;TAXON_MATCH_TAXON_ID_IGNORED
3384340997	50c9509d-22c7-4a22-a47d-8c48425ef4a7	https://www.inaturalist.org/observations/94858431	Fungi	Basidiomycota	Agaricomycetes	Phallales	Phallaceae	Phallus	Phallus ravenelii		SPECIES	Phallus ravenelii Berk. & M.A.Curtis	Phallus ravenelii		CA		Ontario	PRESENT		28eb1a3f-1c15-4a95-931a-4af90ecb574d	45.205404	-75.224144	4.0						2015-10-10T12:31	10	10	2015	6014309	6014309	HUMAN_OBSERVATION	iNaturalist	Observations	94858431		davidenrique	2021-09-14T21:34:47	CC_BY_NC_4_0	jimburger	jimburger			2025-01-14T12:24:02.463Z	StillImage	COORDINATE_ROUNDED;CONTINENT_DERIVED_FROM_COORDINATES;TAXON_MATCH_TAXON_ID_IGNORED
3384244474	50c9509d-22c7-4a22-a47d-8c48425ef4a7	https://www.inaturalist.org/observations/97352905	Fungi	Basidiomycota	Agaricomycetes	Phallales	Phallaceae	Phallus	Phallus ravenelii		SPECIES	Phallus ravenelii Berk. & M.A.Curtis	Phallus ravenelii		CA		Ontario	PRESENT		28eb1a3f-1c15-4a95-931a-4af90ecb574d	45.058228	-79.276337							2021-10-06T11:48:19	6	10	2021	6014309	6014309	HUMAN_OBSERVATION	iNaturalist	Observations	97352905		davidenrique	2021-10-06T16:14:28	CC_BY_NC_4_0	slglen	slglen			2025-01-14T13:16:08.833Z	StillImage	COORDINATE_ROUNDED;CONTINENT_DERIVED_FROM_COORDINATES;TAXON_MATCH_TAXON_ID_IGNORED
3384166201	50c9509d-22c7-4a22-a47d-8c48425ef4a7	https://www.inaturalist.org/observations/96107528	Fungi	Basidiomycota	Agaricomycetes	Phallales	Phallaceae	Phallus	Phallus ravenelii		SPECIES	Phallus ravenelii Berk. & M.A.Curtis	Phallus ravenelii		CA		Ontario	PRESENT		28eb1a3f-1c15-4a95-931a-4af90ecb574d	45.104939	-77.885139	10.0						2021-09-25T13:14:33	25	9	2021	6014309	6014309	HUMAN_OBSERVATION	iNaturalist	Observations	96107528		Diana Smith	2021-09-25T17:19:45	CC_BY_NC_4_0	Diana Smith	Diana Smith			2025-01-14T12:22:32.977Z	StillImage	COORDINATE_ROUNDED;CONTINENT_DERIVED_FROM_COORDINATES;TAXON_MATCH_TAXON_ID_IGNORED
3355060205	50c9509d-22c7-4a22-a47d-8c48425ef4a7	https://www.inaturalist.org/observations/92966817	Fungi	Basidiomycota	Agaricomycetes	Phallales	Phallaceae	Phallus	Phallus ravenelii		SPECIES	Phallus ravenelii Berk. & M.A.Curtis	Phallus ravenelii		CA		New Brunswick	PRESENT		28eb1a3f-1c15-4a95-931a-4af90ecb574d	46.170841	-64.848553	12557.0						2021-08-28T11:27:44	28	8	2021	6014309	6014309	HUMAN_OBSERVATION	iNaturalist	Observations	92966817		davidenrique	2021-08-30T02:25:23	CC_BY_NC_4_0	joannedaniel	joannedaniel			2025-01-14T12:20:56.513Z	StillImage	COORDINATE_ROUNDED;CONTINENT_DERIVED_FROM_COORDINATES;TAXON_MATCH_TAXON_ID_IGNORED
3343944948	50c9509d-22c7-4a22-a47d-8c48425ef4a7	https://www.inaturalist.org/observations/92489872	Fungi	Basidiomycota	Agaricomycetes	Phallales	Phallaceae	Phallus	Phallus ravenelii		SPECIES	Phallus ravenelii Berk. & M.A.Curtis	Phallus ravenelii		CA		Ontario	PRESENT		28eb1a3f-1c15-4a95-931a-4af90ecb574d	45.104984	-77.885033	4.0						2021-08-25T14:07:23	25	8	2021	6014309	6014309	HUMAN_OBSERVATION	iNaturalist	Observations	92489872		Diana Smith	2021-08-25T18:07:36	CC_BY_NC_4_0	Diana Smith	Diana Smith			2025-01-14T12:21:11.456Z	StillImage	COORDINATE_ROUNDED;CONTINENT_DERIVED_FROM_COORDINATES;TAXON_MATCH_TAXON_ID_IGNORED
3079808497	50c9509d-22c7-4a22-a47d-8c48425ef4a7	https://www.inaturalist.org/observations/16948557	Fungi	Basidiomycota	Agaricomycetes	Phallales	Phallaceae	Phallus	Phallus ravenelii		SPECIES	Phallus ravenelii Berk. & M.A.Curtis	Phallus ravenelii		CA		Ontario	PRESENT		28eb1a3f-1c15-4a95-931a-4af90ecb574d	45.402833	-75.562462	16.0						2018-09-26T13:21:38	26	9	2018	6014309	6014309	HUMAN_OBSERVATION	iNaturalist	Observations	16948557		Jackson Nugent	2018-09-26T23:14:47	CC_BY_NC_4_0	Igor Khomenko	Igor Khomenko			2025-01-14T12:05:52.736Z	StillImage	COORDINATE_ROUNDED;CONTINENT_DERIVED_FROM_COORDINATES;TAXON_MATCH_TAXON_ID_IGNORED
3079736481	50c9509d-22c7-4a22-a47d-8c48425ef4a7	https://www.inaturalist.org/observations/17152983	Fungi	Basidiomycota	Agaricomycetes	Phallales	Phallaceae	Phallus	Phallus ravenelii		SPECIES	Phallus ravenelii Berk. & M.A.Curtis	Phallus ravenelii		CA		Ontario	PRESENT		28eb1a3f-1c15-4a95-931a-4af90ecb574d	45.382966	-75.186171	100.0						2018-10-01T13:20	1	10	2018	6014309	6014309	HUMAN_OBSERVATION	iNaturalist	Observations	17152983		Igor Khomenko	2018-10-03T11:55:26	CC_BY_NC_4_0	Igor Khomenko	Igor Khomenko			2025-01-14T12:06:32.887Z	StillImage	CONTINENT_DERIVED_FROM_COORDINATES;TAXON_MATCH_TAXON_ID_IGNORED
3079657510	50c9509d-22c7-4a22-a47d-8c48425ef4a7	https://www.inaturalist.org/observations/17113816	Fungi	Basidiomycota	Agaricomycetes	Phallales	Phallaceae	Phallus	Phallus ravenelii		SPECIES	Phallus ravenelii Berk. & M.A.Curtis	Phallus ravenelii		CA		Ontario	PRESENT		28eb1a3f-1c15-4a95-931a-4af90ecb574d	45.406272	-75.143036	64.0						2018-10-01T16:58:05	1	10	2018	6014309	6014309	HUMAN_OBSERVATION	iNaturalist	Observations	17113816		Igor Khomenko	2018-10-01T23:35:19	CC_BY_NC_4_0	Igor Khomenko	Igor Khomenko			2025-01-14T12:05:54.460Z	StillImage	COORDINATE_ROUNDED;CONTINENT_DERIVED_FROM_COORDINATES;TAXON_MATCH_TAXON_ID_IGNORED
3067665261	50c9509d-22c7-4a22-a47d-8c48425ef4a7	https://www.inaturalist.org/observations/60572004	Fungi	Basidiomycota	Agaricomycetes	Phallales	Phallaceae	Phallus	Phallus ravenelii		SPECIES	Phallus ravenelii Berk. & M.A.Curtis	Phallus ravenelii		CA		Ontario	PRESENT		28eb1a3f-1c15-4a95-931a-4af90ecb574d	45.409342	-75.116101	31.0						2020-09-22T15:21	22	9	2020	6014309	6014309	HUMAN_OBSERVATION	iNaturalist	Observations	60572004		Garrett Taylor	2021-02-07T23:54:43	CC_BY_4_0	christine123	christine123			2025-01-14T13:10:19.847Z	StillImage	COORDINATE_ROUNDED;CONTINENT_DERIVED_FROM_COORDINATES;TAXON_MATCH_TAXON_ID_IGNORED
3044872065	50c9509d-22c7-4a22-a47d-8c48425ef4a7	https://www.inaturalist.org/observations/70045804	Fungi	Basidiomycota	Agaricomycetes	Phallales	Phallaceae	Phallus	Phallus ravenelii		SPECIES	Phallus ravenelii Berk. & M.A.Curtis	Phallus ravenelii		CA		Ontario	PRESENT		28eb1a3f-1c15-4a95-931a-4af90ecb574d	45.503892	-77.576795	8.0						2018-10-09T11:54	9	10	2018	6014309	6014309	HUMAN_OBSERVATION	iNaturalist	Observations	70045804		bshulist	2021-02-23T18:00:23	CC_BY_NC_4_0	bshulist	bshulist			2025-01-14T13:11:04.598Z	StillImage	COORDINATE_ROUNDED;CONTINENT_DERIVED_FROM_COORDINATES;TAXON_MATCH_TAXON_ID_IGNORED
2980974545	50c9509d-22c7-4a22-a47d-8c48425ef4a7	https://www.inaturalist.org/observations/62138408	Fungi	Basidiomycota	Agaricomycetes	Phallales	Phallaceae	Phallus	Phallus ravenelii		SPECIES	Phallus ravenelii Berk. & M.A.Curtis	Phallus ravenelii		CA		Ontario	PRESENT		28eb1a3f-1c15-4a95-931a-4af90ecb574d	45.555899	-78.411188	1399.0						2020-10-08T12:10:18	8	10	2020	6014309	6014309	HUMAN_OBSERVATION	iNaturalist	Observations	62138408		davidenrique	2020-10-12T20:39:22	CC_BY_NC_4_0	gillg-s	gillg-s			2025-01-14T13:09:56.929Z	StillImage	COORDINATE_ROUNDED;CONTINENT_DERIVED_FROM_COORDINATES;TAXON_MATCH_TAXON_ID_IGNORED
2980875440	50c9509d-22c7-4a22-a47d-8c48425ef4a7	https://www.inaturalist.org/observations/55087287	Fungi	Basidiomycota	Agaricomycetes	Phallales	Phallaceae	Phallus	Phallus ravenelii		SPECIES	Phallus ravenelii Berk. & M.A.Curtis	Phallus ravenelii		CA		Ontario	PRESENT		28eb1a3f-1c15-4a95-931a-4af90ecb574d	45.78537	-78.435913	4.0						2020-07-21T10:50:23	21	7	2020	6014309	6014309	HUMAN_OBSERVATION	iNaturalist	Observations	55087287		davidenrique	2020-08-03T12:11:00	CC_BY_NC_4_0	hotsonh	hotsonh			2025-01-14T12:14:54.671Z	StillImage	COORDINATE_ROUNDED;CONTINENT_DERIVED_FROM_COORDINATES;TAXON_MATCH_TAXON_ID_IGNORED
2898468755	50c9509d-22c7-4a22-a47d-8c48425ef4a7	https://www.inaturalist.org/observations/62224627	Fungi	Basidiomycota	Agaricomycetes	Phallales	Phallaceae	Phallus	Phallus ravenelii		SPECIES	Phallus ravenelii Berk. & M.A.Curtis	Phallus ravenelii		CA		Ontario	PRESENT		28eb1a3f-1c15-4a95-931a-4af90ecb574d	45.511003	-75.328428	4.0						2020-10-10T15:21:14	10	10	2020	6014309	6014309	HUMAN_OBSERVATION	iNaturalist	Observations	62224627		jfbeaulnes	2020-10-10T19:22:36	CC_BY_NC_4_0	jfbeaulnes	jfbeaulnes			2025-01-14T13:10:07.094Z	StillImage	COORDINATE_ROUNDED;CONTINENT_DERIVED_FROM_COORDINATES;TAXON_MATCH_TAXON_ID_IGNORED
2898339287	50c9509d-22c7-4a22-a47d-8c48425ef4a7	https://www.inaturalist.org/observations/62643643	Fungi	Basidiomycota	Agaricomycetes	Phallales	Phallaceae	Phallus	Phallus ravenelii		SPECIES	Phallus ravenelii Berk. & M.A.Curtis	Phallus ravenelii		CA		Ontario	PRESENT		28eb1a3f-1c15-4a95-931a-4af90ecb574d	45.358275	-75.598258	65.0						2020-10-15T10:50:13	15	10	2020	6014309	6014309	HUMAN_OBSERVATION	iNaturalist	Observations	62643643		Anne-Marie Latulippe	2020-10-15T15:47:23	CC_BY_NC_4_0	Anne-Marie Latulippe	Anne-Marie Latulippe			2025-01-14T12:16:16.065Z	StillImage	COORDINATE_ROUNDED;CONTINENT_DERIVED_FROM_COORDINATES;TAXON_MATCH_TAXON_ID_IGNORED
2898270733	50c9509d-22c7-4a22-a47d-8c48425ef4a7	https://www.inaturalist.org/observations/62202034	Fungi	Basidiomycota	Agaricomycetes	Phallales	Phallaceae	Phallus	Phallus ravenelii		SPECIES	Phallus ravenelii Berk. & M.A.Curtis	Phallus ravenelii		CA		Ontario	PRESENT		28eb1a3f-1c15-4a95-931a-4af90ecb574d	45.377649	-75.943717	13201.0						2020-10-10T11:27:30	10	10	2020	6014309	6014309	HUMAN_OBSERVATION	iNaturalist	Observations	62202034		susanfarrell	2020-10-10T15:31:08	CC_BY_NC_4_0	susanfarrell	susanfarrell			2025-01-14T12:15:03.208Z	StillImage	COORDINATE_ROUNDED;CONTINENT_DERIVED_FROM_COORDINATES;TAXON_MATCH_TAXON_ID_IGNORED
2883043596	50c9509d-22c7-4a22-a47d-8c48425ef4a7	https://www.inaturalist.org/observations/61443253	Fungi	Basidiomycota	Agaricomycetes	Phallales	Phallaceae	Phallus	Phallus ravenelii		SPECIES	Phallus ravenelii Berk. & M.A.Curtis	Phallus ravenelii		CA		Ontario	PRESENT		28eb1a3f-1c15-4a95-931a-4af90ecb574d	45.491153	-78.248812	25.0						2020-09-30T18:26:05	30	9	2020	6014309	6014309	HUMAN_OBSERVATION	iNaturalist	Observations	61443253		davidenrique	2020-10-12T19:44:05	CC_BY_NC_4_0	Nina	Nina			2025-01-14T13:09:52.291Z	StillImage	COORDINATE_ROUNDED;CONTINENT_DERIVED_FROM_COORDINATES;TAXON_MATCH_TAXON_ID_IGNORED
2874005461	50c9509d-22c7-4a22-a47d-8c48425ef4a7	https://www.inaturalist.org/observations/61384103	Fungi	Basidiomycota	Agaricomycetes	Phallales	Phallaceae	Phallus	Phallus ravenelii		SPECIES	Phallus ravenelii Berk. & M.A.Curtis	Phallus ravenelii		CA		Ontario	PRESENT		28eb1a3f-1c15-4a95-931a-4af90ecb574d	45.480275	-76.076417	19.0						2020-09-30T13:06:20	30	9	2020	6014309	6014309	HUMAN_OBSERVATION	iNaturalist	Observations	61384103		Jeffrey H. Skevington	2020-10-01T12:27:40	CC_BY_NC_4_0	Jeffrey H. Skevington	Jeffrey H. Skevington			2025-01-14T13:04:28.856Z	StillImage	COORDINATE_ROUNDED;CONTINENT_DERIVED_FROM_COORDINATES;TAXON_MATCH_TAXON_ID_IGNORED
2873962784	50c9509d-22c7-4a22-a47d-8c48425ef4a7	https://www.inaturalist.org/observations/61073402	Fungi	Basidiomycota	Agaricomycetes	Phallales	Phallaceae	Phallus	Phallus ravenelii		SPECIES	Phallus ravenelii Berk. & M.A.Curtis	Phallus ravenelii		CA		Ontario	PRESENT		28eb1a3f-1c15-4a95-931a-4af90ecb574d	45.705072	-77.086277	652.0						2020-09-27T19:00	27	9	2020	6014309	6014309	HUMAN_OBSERVATION	iNaturalist	Observations	61073402		davidenrique	2020-09-28T13:30:57	CC_BY_NC_4_0	Jordan	Jordan			2025-01-14T13:12:45.941Z	StillImage	COORDINATE_ROUNDED;CONTINENT_DERIVED_FROM_COORDINATES;TAXON_MATCH_TAXON_ID_IGNORED
2873851176	50c9509d-22c7-4a22-a47d-8c48425ef4a7	https://www.inaturalist.org/observations/60910973	Fungi	Basidiomycota	Agaricomycetes	Phallales	Phallaceae	Phallus	Phallus ravenelii		SPECIES	Phallus ravenelii Berk. & M.A.Curtis	Phallus ravenelii		CA		Ontario	PRESENT		28eb1a3f-1c15-4a95-931a-4af90ecb574d	45.491195	-78.249237	4.0						2020-09-26T18:25:09	26	9	2020	6014309	6014309	HUMAN_OBSERVATION	iNaturalist	Observations	60910973		Nina	2020-09-27T01:37:56	CC_BY_NC_4_0	Nina	Nina			2025-01-14T13:10:03.507Z	StillImage	COORDINATE_ROUNDED;CONTINENT_DERIVED_FROM_COORDINATES;TAXON_MATCH_TAXON_ID_IGNORED
2864831388	50c9509d-22c7-4a22-a47d-8c48425ef4a7	https://www.inaturalist.org/observations/59707739	Fungi	Basidiomycota	Agaricomycetes	Phallales	Phallaceae	Phallus	Phallus ravenelii		SPECIES	Phallus ravenelii Berk. & M.A.Curtis	Phallus ravenelii		CA		Ontario	PRESENT		28eb1a3f-1c15-4a95-931a-4af90ecb574d	45.398142	-75.704082	22.0						2020-09-15T08:40:26	15	9	2020	6014309	6014309	HUMAN_OBSERVATION	iNaturalist	Observations	59707739		thrinley	2020-09-15T19:10:45	CC_BY_NC_4_0	thrinley	thrinley			2025-01-14T12:14:47.416Z	StillImage	COORDINATE_ROUNDED;CONTINENT_DERIVED_FROM_COORDINATES;TAXON_MATCH_TAXON_ID_IGNORED
2864688454	50c9509d-22c7-4a22-a47d-8c48425ef4a7	https://www.inaturalist.org/observations/59654223	Fungi	Basidiomycota	Agaricomycetes	Phallales	Phallaceae	Phallus	Phallus ravenelii		SPECIES	Phallus ravenelii Berk. & M.A.Curtis	Phallus ravenelii		CA		Ontario	PRESENT		28eb1a3f-1c15-4a95-931a-4af90ecb574d	46.192482	-77.814098	149.0						2020-09-08T14:13	8	9	2020	6014309	6014309	HUMAN_OBSERVATION	iNaturalist	Observations	59654223		William (Bill) Lamond	2020-09-15T05:14:05	CC_BY_NC_4_0	William (Bill) Lamond	William (Bill) Lamond			2025-01-14T12:14:58.160Z	StillImage	COORDINATE_ROUNDED;CONTINENT_DERIVED_FROM_COORDINATES;TAXON_MATCH_TAXON_ID_IGNORED
2862533923	50c9509d-22c7-4a22-a47d-8c48425ef4a7	https://www.inaturalist.org/observations/58784591	Fungi	Basidiomycota	Agaricomycetes	Phallales	Phallaceae	Phallus	Phallus ravenelii		SPECIES	Phallus ravenelii Berk. & M.A.Curtis	Phallus ravenelii		CA		Ontario	PRESENT		28eb1a3f-1c15-4a95-931a-4af90ecb574d	45.4804	-76.076286	20.0						2020-09-06T16:12:43	6	9	2020	6014309	6014309	HUMAN_OBSERVATION	iNaturalist	Observations	58784591		Jeffrey H. Skevington	2020-09-06T23:44:51	CC_BY_NC_4_0	Jeffrey H. Skevington	Jeffrey H. Skevington			2025-01-14T12:14:35.022Z	StillImage	COORDINATE_ROUNDED;CONTINENT_DERIVED_FROM_COORDINATES;TAXON_MATCH_TAXON_ID_IGNORED
2850575554	50c9509d-22c7-4a22-a47d-8c48425ef4a7	https://www.inaturalist.org/observations/43428686	Fungi	Basidiomycota	Agaricomycetes	Phallales	Phallaceae	Phallus	Phallus ravenelii		SPECIES	Phallus ravenelii Berk. & M.A.Curtis	Phallus ravenelii		CA		Ontario	PRESENT		28eb1a3f-1c15-4a95-931a-4af90ecb574d	45.284164	-75.823287	122.0						2017-10-06T15:20	6	10	2017	6014309	6014309	HUMAN_OBSERVATION	iNaturalist	Observations	43428686		davidenrique	2020-06-27T16:40:55	CC_BY_NC_4_0	Derek Dunnett	Derek Dunnett			2025-01-14T12:12:48.956Z	StillImage	COORDINATE_ROUNDED;CONTINENT_DERIVED_FROM_COORDINATES;TAXON_MATCH_TAXON_ID_IGNORED
2823328693	50c9509d-22c7-4a22-a47d-8c48425ef4a7	https://www.inaturalist.org/observations/53387213	Fungi	Basidiomycota	Agaricomycetes	Phallales	Phallaceae	Phallus	Phallus ravenelii		SPECIES	Phallus ravenelii Berk. & M.A.Curtis	Phallus ravenelii		CA		Ontario	PRESENT		28eb1a3f-1c15-4a95-931a-4af90ecb574d	45.266514	-76.729692	10.0						2015-09-27T13:13	27	9	2015	6014309	6014309	HUMAN_OBSERVATION	iNaturalist	Observations	53387213		Paul Pratt	2020-07-17T18:04:43	CC_BY_NC_4_0	Paul Pratt	Paul Pratt			2025-01-14T12:13:47.581Z	StillImage	COORDINATE_ROUNDED;CONTINENT_DERIVED_FROM_COORDINATES;TAXON_MATCH_TAXON_ID_IGNORED
2603276348	50c9509d-22c7-4a22-a47d-8c48425ef4a7	https://www.inaturalist.org/observations/14704491	Fungi	Basidiomycota	Agaricomycetes	Phallales	Phallaceae	Phallus	Phallus ravenelii		SPECIES	Phallus ravenelii Berk. & M.A.Curtis	Phallus ravenelii		CA		New Brunswick	PRESENT		28eb1a3f-1c15-4a95-931a-4af90ecb574d	47.888206	-67.134026							2018-07-24T16:16:09	24	7	2018	6014309	6014309	HUMAN_OBSERVATION	iNaturalist	Observations	14704491		davidenrique	2019-09-23T00:07:17	CC0_1_0	agbelliveau	agbelliveau			2025-01-14T13:00:22.773Z	StillImage	COORDINATE_ROUNDED;CONTINENT_DERIVED_FROM_COORDINATES;TAXON_MATCH_TAXON_ID_IGNORED
2573912068	50c9509d-22c7-4a22-a47d-8c48425ef4a7	https://www.inaturalist.org/observations/30351179	Fungi	Basidiomycota	Agaricomycetes	Phallales	Phallaceae	Phallus	Phallus ravenelii		SPECIES	Phallus ravenelii Berk. & M.A.Curtis	Phallus ravenelii		CA		Québec	PRESENT		28eb1a3f-1c15-4a95-931a-4af90ecb574d	45.341761	-71.743781	15.0						2019-07-19T09:10	19	7	2019	6014309	6014309	HUMAN_OBSERVATION	iNaturalist	Observations	30351179		davidenrique	2019-09-19T16:02:26	CC0_1_0	Étienne Lacroix-Carignan	Étienne Lacroix-Carignan			2025-01-14T12:08:35.271Z	StillImage	COORDINATE_ROUNDED;CONTINENT_DERIVED_FROM_COORDINATES;TAXON_MATCH_TAXON_ID_IGNORED
2447980409	50c9509d-22c7-4a22-a47d-8c48425ef4a7	https://www.inaturalist.org/observations/35044919	Fungi	Basidiomycota	Agaricomycetes	Phallales	Phallaceae	Phallus	Phallus ravenelii		SPECIES	Phallus ravenelii Berk. & M.A.Curtis	Phallus ravenelii		CA		Ontario	PRESENT		28eb1a3f-1c15-4a95-931a-4af90ecb574d	45.475103	-75.539283	4.0						2019-10-28T10:17:20	28	10	2019	6014309	6014309	HUMAN_OBSERVATION	iNaturalist	Observations	35044919		essinem	2019-10-29T13:04:32	CC_BY_NC_4_0	essinem	essinem			2025-01-14T13:05:24.008Z	StillImage	COORDINATE_ROUNDED;CONTINENT_DERIVED_FROM_COORDINATES;TAXON_MATCH_TAXON_ID_IGNORED
2429596170	50c9509d-22c7-4a22-a47d-8c48425ef4a7	https://www.inaturalist.org/observations/34386769	Fungi	Basidiomycota	Agaricomycetes	Phallales	Phallaceae	Phallus	Phallus ravenelii		SPECIES	Phallus ravenelii Berk. & M.A.Curtis	Phallus ravenelii		CA		Ontario	PRESENT		28eb1a3f-1c15-4a95-931a-4af90ecb574d	45.480428	-76.076478	9.0						2019-10-14T15:17:50	14	10	2019	6014309	6014309	HUMAN_OBSERVATION	iNaturalist	Observations	34386769		Jeffrey H. Skevington	2019-10-15T00:06:11	CC_BY_NC_4_0	Jeffrey H. Skevington	Jeffrey H. Skevington			2025-01-14T13:00:26.049Z	StillImage	COORDINATE_ROUNDED;CONTINENT_DERIVED_FROM_COORDINATES;TAXON_MATCH_TAXON_ID_IGNORED
2429549115	50c9509d-22c7-4a22-a47d-8c48425ef4a7	https://www.inaturalist.org/observations/34223353	Fungi	Basidiomycota	Agaricomycetes	Phallales	Phallaceae	Phallus	Phallus ravenelii		SPECIES	Phallus ravenelii Berk. & M.A.Curtis	Phallus ravenelii		CA		Québec	PRESENT		28eb1a3f-1c15-4a95-931a-4af90ecb574d	45.593464	-73.567657							2019-10-11T13:31:10	11	10	2019	6014309	6014309	HUMAN_OBSERVATION	iNaturalist	Observations	34223353		Virginie	2019-10-11T22:32:52	CC_BY_NC_4_0	Virginie	Virginie			2025-01-14T12:09:39.980Z	StillImage	COORDINATE_ROUNDED;CONTINENT_DERIVED_FROM_COORDINATES;TAXON_MATCH_TAXON_ID_IGNORED
2429448339	50c9509d-22c7-4a22-a47d-8c48425ef4a7	https://www.inaturalist.org/observations/34047592	Fungi	Basidiomycota	Agaricomycetes	Phallales	Phallaceae	Phallus	Phallus ravenelii		SPECIES	Phallus ravenelii Berk. & M.A.Curtis	Phallus ravenelii		CA		Ontario	PRESENT		28eb1a3f-1c15-4a95-931a-4af90ecb574d	45.296015	-75.823622	488.0						2019-09-29T10:34	29	9	2019	6014309	6014309	HUMAN_OBSERVATION	iNaturalist	Observations	34047592		Garrett Taylor	2019-10-08T03:37:20	CC_BY_NC_4_0	Christopher Clute	Christopher Clute			2025-01-14T12:09:31.704Z	StillImage	COORDINATE_ROUNDED;CONTINENT_DERIVED_FROM_COORDINATES;TAXON_MATCH_TAXON_ID_IGNORED
2423613633	21705170-d2b6-42de-8904-c3bca4b83591	CMMF020287	Fungi	Basidiomycota	Agaricomycetes	Phallales	Phallaceae	Phallus	Phallus ravenelii		SPECIES	Phallus ravenelii Berk. & M.A.Curtis	Phallus ravenelii Berk. & M.A. Curtis	Berk. & M.A. Curtis	CA	Montréal	Québec	PRESENT		ff7bd5db-b724-4932-b496-10ea298851f9	45.528745	-73.60963	10000.0						1990-09-18	18	9	1990	6014309	6014309	PRESERVED_SPECIMEN	Université de Montréal Biodiversity Centre	CMMF	CMMF020287	X-10.6	Neumann, Peterjurgen		CC0_1_0	Université de Montréal Biodiversity Centre	Neumann, Peterjurgen			2024-01-24T16:38:21.271Z		INSTITUTION_MATCH_FUZZY;COLLECTION_MATCH_FUZZY;DIFFERENT_OWNER_INSTITUTION
1412707341	21705170-d2b6-42de-8904-c3bca4b83591	CMMF015771	Fungi	Basidiomycota	Agaricomycetes	Phallales	Phallaceae	Phallus	Phallus ravenelii		SPECIES	Phallus ravenelii Berk. & M.A.Curtis	Phallus ravenelii Berk. & M.A. Curtis	Berk. & M.A. Curtis	CA	Rivière Éternité, Québec.	Québec	PRESENT		ff7bd5db-b724-4932-b496-10ea298851f9	48.255057	-70.413487	3000.0						1989-09-17	17	9	1989	6014309	6014309	PRESERVED_SPECIMEN	Université de Montréal Biodiversity Centre	CMMF	CMMF015771	482	Guérin, Gérard		CC0_1_0	Université de Montréal Biodiversity Centre	Guérin, Gérard			2024-01-24T16:38:16.470Z	StillImage	INSTITUTION_MATCH_FUZZY;COLLECTION_MATCH_FUZZY;DIFFERENT_OWNER_INSTITUTION
1412707173	21705170-d2b6-42de-8904-c3bca4b83591	CMMF015670	Fungi	Basidiomycota	Agaricomycetes	Phallales	Phallaceae	Phallus	Phallus ravenelii		SPECIES	Phallus ravenelii Berk. & M.A.Curtis	Phallus ravenelii Berk. & M.A. Curtis	Berk. & M.A. Curtis	CA	Bec-Scie, LaBaie, Québec.	Québec	PRESENT		ff7bd5db-b724-4932-b496-10ea298851f9	48.301722	-70.987443	4000.0						1998-08-21	21	8	1998	6014309	6014309	PRESERVED_SPECIMEN	Université de Montréal Biodiversity Centre	CMMF	CMMF015670	2557	Guérin, Gérard		CC0_1_0	Université de Montréal Biodiversity Centre	Guérin, Gérard			2024-01-24T16:38:16.370Z	StillImage	INSTITUTION_MATCH_FUZZY;COLLECTION_MATCH_FUZZY;DIFFERENT_OWNER_INSTITUTION
1135070978	21705170-d2b6-42de-8904-c3bca4b83591	CMMF009472	Fungi	Basidiomycota	Agaricomycetes	Phallales	Phallaceae	Phallus	Phallus ravenelii		SPECIES	Phallus ravenelii Berk. & M.A.Curtis	Phallus ravenelii Berk. & M.A. Curtis	Berk. & M.A. Curtis	CA	Parc des Moulins, Québec.	Québec	PRESENT		ff7bd5db-b724-4932-b496-10ea298851f9	46.887678	-71.301288	600.0						2007-07-05	5	7	2007	6014309	6014309	PRESERVED_SPECIMEN	Université de Montréal Biodiversity Centre	CMMF	CMMF009472	1056	Labrecque, Jacqueline		CC0_1_0	Université de Montréal Biodiversity Centre	Labrecque, Jacqueline			2024-01-24T16:38:21.676Z		INSTITUTION_MATCH_FUZZY;COLLECTION_MATCH_FUZZY;DIFFERENT_OWNER_INSTITUTION
1024558732	21705170-d2b6-42de-8904-c3bca4b83591	CMMF004457	Fungi	Basidiomycota	Agaricomycetes	Phallales	Phallaceae	Phallus	Phallus ravenelii		SPECIES	Phallus ravenelii Berk. & M.A.Curtis	Phallus ravenelii Berk. & M.A. Curtis	Berk. & M.A. Curtis	CA	Réserve écologique du Boisé-des-Muir, Hinchinbrooke.	Québec	PRESENT		ff7bd5db-b724-4932-b496-10ea298851f9	45.086445	-74.115156	10.0						2012-09-09	9	9	2012	6014309	6014309	PRESERVED_SPECIMEN	Université de Montréal Biodiversity Centre	CMMF	CMMF004457	483	Archambault, Raymond		CC0_1_0	Université de Montréal Biodiversity Centre	Archambault, Raymond; Langlois, Annabelle; Turgon, Jean-Pierre			2024-01-24T16:38:19.728Z	StillImage	INSTITUTION_MATCH_FUZZY;COLLECTION_MATCH_FUZZY;DIFFERENT_OWNER_INSTITUTION
