gbifID	datasetKey	occurrenceID	kingdom	phylum	class	order	family	genus	species	infraspecificEpithet	taxonRank	scientificName	verbatimScientificName	verbatimScientificNameAuthorship	countryCode	locality	stateProvince	occurrenceStatus	individualCount	publishingOrgKey	decimalLatitude	decimalLongitude	coordinateUncertaintyInMeters	coordinatePrecision	elevation	elevationAccuracy	depth	depthAccuracy	eventDate	day	month	year	taxonKey	speciesKey	basisOfRecord	institutionCode	collectionCode	catalogNumber	recordNumber	identifiedBy	dateIdentified	license	rightsHolder	recordedBy	typeStatus	establishmentMeans	lastInterpreted	mediaType	issue
727875518	d7cfd2ed-8af4-427f-a16e-eb66b7e2c419	15179	Fungi	Basidiomycota	Agaricomycetes	Cantharellales	Hydnaceae	Cantharellus	Cantharellus cibarius		SPECIES	Cantharellus cibarius Fr.	Cantharellus cibarius Fr.	Fr.	CA	Sand Lake	Ontario	PRESENT		ff418020-1d67-11d9-8435-b8a03c50a862	45.150357	-78.850486	332.0						1961-09-12	12	9	1961	5249504	5249504	PRESERVED_SPECIMEN	Royal Ontario Museum	TRTC	TRTC037715		Lemke, P.A.A.		CC0_1_0	Royal Ontario Museum	Cain, R.F.			2024-01-25T00:59:39.319Z		COORDINATE_ROUNDED;AMBIGUOUS_INSTITUTION
694159415	d7cfd2ed-8af4-427f-a16e-eb66b7e2c419	31849	Fungi	Basidiomycota	Agaricomycetes	Cantharellales	Hydnaceae	Cantharellus	Cantharellus cibarius		SPECIES	Cantharellus cibarius Fr.	Cantharellus cibarius Fr.	Fr.	CA	Algonquin Provincial Park, Opeongo Lake	Ontario	PRESENT		ff418020-1d67-11d9-8435-b8a03c50a862	45.698027	-78.369598	8499.0						1958-09-11	11	9	1958	5249504	5249504	PRESERVED_SPECIMEN	Royal Ontario Museum	TRTC	TRTC150095		Payne, N.R.		CC0_1_0	Royal Ontario Museum	Payne, N.R.;			2024-01-25T00:59:39.115Z		COORDINATE_ROUNDED;AMBIGUOUS_INSTITUTION
694157324	d7cfd2ed-8af4-427f-a16e-eb66b7e2c419	16020	Fungi	Basidiomycota	Agaricomycetes	Cantharellales	Hydnaceae	Cantharellus	Cantharellus cibarius		SPECIES	Cantharellus cibarius Fr.	Cantharellus cibarius Fr.	Fr.	CA	Wren Lake	Ontario	PRESENT		ff418020-1d67-11d9-8435-b8a03c50a862	45.184064	-78.866601	790.0						1966-09-15	15	9	1966	5249504	5249504	PRESERVED_SPECIMEN	Royal Ontario Museum	TRTC	TRTC044552		C,R.F		CC0_1_0	Royal Ontario Museum	Cain, R.F.			2024-01-25T00:59:38.582Z		COORDINATE_ROUNDED;AMBIGUOUS_INSTITUTION
694157259	d7cfd2ed-8af4-427f-a16e-eb66b7e2c419	15471	Fungi	Basidiomycota	Agaricomycetes	Cantharellales	Hydnaceae	Cantharellus	Cantharellus cibarius		SPECIES	Cantharellus cibarius Fr.	Cantharellus cibarius Fr.	Fr.	CA	University of Toronto Forest	Ontario	PRESENT		ff418020-1d67-11d9-8435-b8a03c50a862	45.183005	-78.85025	7575.0						1964-09-16	16	9	1964	5249504	5249504	PRESERVED_SPECIMEN	Royal Ontario Museum	TRTC	TRTC043959				CC0_1_0	Royal Ontario Museum	Luck-Allen, E.R.			2024-01-25T00:59:40.278Z		COORDINATE_ROUNDED;AMBIGUOUS_INSTITUTION
694157199	d7cfd2ed-8af4-427f-a16e-eb66b7e2c419	15034	Fungi	Basidiomycota	Agaricomycetes	Cantharellales	Hydnaceae	Cantharellus	Cantharellus cibarius		SPECIES	Cantharellus cibarius Fr.	Cantharellus cibarius Fr.	Fr.	CA	Bracebridge	Ontario	PRESENT		ff418020-1d67-11d9-8435-b8a03c50a862	45.041508	-79.312363	3577.0						1954-09-22	22	9	1954	5249504	5249504	PRESERVED_SPECIMEN	Royal Ontario Museum	TRTC	TRTC030512		R.F.C		CC0_1_0	Royal Ontario Museum	Cain, R.F.			2024-01-25T00:59:39.248Z		COORDINATE_ROUNDED;AMBIGUOUS_INSTITUTION
694157195	d7cfd2ed-8af4-427f-a16e-eb66b7e2c419	15002	Fungi	Basidiomycota	Agaricomycetes	Cantharellales	Hydnaceae	Cantharellus	Cantharellus cibarius		SPECIES	Cantharellus cibarius Fr.	Cantharellus cibarius Fr.	Fr.	CA	S of Dorset	Ontario	PRESENT		ff418020-1d67-11d9-8435-b8a03c50a862	45.23936	-78.888359	1499.0						1963-09-15	15	9	1963	5249504	5249504	PRESERVED_SPECIMEN	Royal Ontario Museum	TRTC	TRTC040927		Luck, E.R.		CC0_1_0	Royal Ontario Museum	Luck, E.R.			2024-01-25T00:59:39.253Z		COORDINATE_ROUNDED;AMBIGUOUS_INSTITUTION
694157164	d7cfd2ed-8af4-427f-a16e-eb66b7e2c419	14809	Fungi	Basidiomycota	Agaricomycetes	Cantharellales	Hydnaceae	Cantharellus	Cantharellus cibarius		SPECIES	Cantharellus cibarius Fr.	Cantharellus cibarius Fr.	Fr.	CA	University of Toronto Forest	Ontario	PRESENT		ff418020-1d67-11d9-8435-b8a03c50a862	45.183005	-78.85025	7575.0						1964-09-16	16	9	1964	5249504	5249504	PRESERVED_SPECIMEN	Royal Ontario Museum	TRTC	TRTC042717		Cain, R.F.		CC0_1_0	Royal Ontario Museum	Cain, R.F.			2024-01-25T00:59:41.122Z		COORDINATE_ROUNDED;AMBIGUOUS_INSTITUTION
694157150	d7cfd2ed-8af4-427f-a16e-eb66b7e2c419	14587	Fungi	Basidiomycota	Agaricomycetes	Cantharellales	Hydnaceae	Cantharellus	Cantharellus cibarius		SPECIES	Cantharellus cibarius Fr.	Cantharellus cibarius Fr.	Fr.	CA	University of Toronto Forest	Ontario	PRESENT		ff418020-1d67-11d9-8435-b8a03c50a862	45.183005	-78.85025	7575.0						1963-09-11	11	9	1963	5249504	5249504	PRESERVED_SPECIMEN	Royal Ontario Museum	TRTC	TRTC040476		Luck, E.R.		CC0_1_0	Royal Ontario Museum	Luck, E.R.			2024-01-25T00:59:40.838Z		COORDINATE_ROUNDED;AMBIGUOUS_INSTITUTION
694156937	d7cfd2ed-8af4-427f-a16e-eb66b7e2c419	13750	Fungi	Basidiomycota	Agaricomycetes	Cantharellales	Hydnaceae	Cantharellus	Cantharellus cibarius		SPECIES	Cantharellus cibarius Fr.	Cantharellus cibarius Fr.	Fr.	CA	Algonquin Provincial Park	Ontario	PRESENT		ff418020-1d67-11d9-8435-b8a03c50a862	45.759859	-78.376465	67511.0						2006-09-30	30	9	2006	5249504	5249504	PRESERVED_SPECIMEN	Royal Ontario Museum	TRTC	TRTC150916	MD_ALG06_4	Maryna Didukh		CC0_1_0	Royal Ontario Museum	Jean-Marc Moncalvo			2024-01-25T00:59:38.106Z	StillImage	COORDINATE_ROUNDED;AMBIGUOUS_INSTITUTION
694156931	d7cfd2ed-8af4-427f-a16e-eb66b7e2c419	13713	Fungi	Basidiomycota	Agaricomycetes	Cantharellales	Hydnaceae	Cantharellus	Cantharellus cibarius		SPECIES	Cantharellus cibarius Fr.	Cantharellus cibarius Fr.	Fr.	CA	Algonquin Provincial Park, Sproule Lake Portage	Ontario	PRESENT		ff418020-1d67-11d9-8435-b8a03c50a862	45.634026	-78.369083	1347.0						1954-09-17	17	9	1954	5249504	5249504	PRESERVED_SPECIMEN	Royal Ontario Museum	TRTC	TRTC030536		R.F.C		CC0_1_0	Royal Ontario Museum	Cain, R.F.			2024-01-25T00:59:38.127Z		COORDINATE_ROUNDED;AMBIGUOUS_INSTITUTION
694156893	d7cfd2ed-8af4-427f-a16e-eb66b7e2c419	13583	Fungi	Basidiomycota	Agaricomycetes	Cantharellales	Hydnaceae	Cantharellus	Cantharellus cibarius		SPECIES	Cantharellus cibarius Fr.	Cantharellus cibarius Fr.	Fr.	CA	Algonquin Provincial Park	Ontario	PRESENT		ff418020-1d67-11d9-8435-b8a03c50a862	45.759859	-78.376465	67511.0						2006-09-30	30	9	2006	5249504	5249504	PRESERVED_SPECIMEN	Royal Ontario Museum	TRTC	TRTC150997	MD_ALG06_45	Maryna Didukh		CC0_1_0	Royal Ontario Museum	Rowan Sage			2024-01-25T00:59:41.549Z		COORDINATE_ROUNDED;AMBIGUOUS_INSTITUTION
694156853	d7cfd2ed-8af4-427f-a16e-eb66b7e2c419	13305	Fungi	Basidiomycota	Agaricomycetes	Cantharellales	Hydnaceae	Cantharellus	Cantharellus cibarius		SPECIES	Cantharellus cibarius Fr.	Cantharellus cibarius Fr.	Fr.	CA	Algonquin Provincial Park, Opeongo Lake, trail	Ontario	PRESENT		ff418020-1d67-11d9-8435-b8a03c50a862	45.700665	-78.370628	16968.0						1958-09-11	11	9	1958	5249504	5249504	PRESERVED_SPECIMEN	Royal Ontario Museum	TRTC	TRTC034015		R.F.C		CC0_1_0	Royal Ontario Museum	Cain, R.F.			2024-01-25T00:59:41.010Z		COORDINATE_ROUNDED;AMBIGUOUS_INSTITUTION
694156840	d7cfd2ed-8af4-427f-a16e-eb66b7e2c419	13210	Fungi	Basidiomycota	Agaricomycetes	Cantharellales	Hydnaceae	Cantharellus	Cantharellus cibarius		SPECIES	Cantharellus cibarius Fr.	Cantharellus cibarius Fr.	Fr.	CA	Algonquin Provincial Park	Ontario	PRESENT		ff418020-1d67-11d9-8435-b8a03c50a862	45.759859	-78.376465	67511.0						1956-09-22	22	9	1956	5249504	5249504	PRESERVED_SPECIMEN	Royal Ontario Museum	TRTC	TRTC032776		R.F.C		CC0_1_0	Royal Ontario Museum	Cain, R.F.			2024-01-25T00:59:40.847Z		COORDINATE_ROUNDED;AMBIGUOUS_INSTITUTION
617553995	21705170-d2b6-42de-8904-c3bca4b83591	CMMF003851	Fungi	Basidiomycota	Agaricomycetes	Cantharellales	Hydnaceae	Cantharellus	Cantharellus cibarius		SPECIES	Cantharellus cibarius Fr.	Cantharellus cibarius var. roseocanus f. cremeus Y. Lamoureux nom. prov.	Y. Lamoureux nom. prov.	CA	Sainte-Julienne	Québec	PRESENT		ff7bd5db-b724-4932-b496-10ea298851f9	45.964758	-73.7201	8500.0						2004-08-05	5	8	2004	5249504	5249504	PRESERVED_SPECIMEN	Université de Montréal Biodiversity Centre	CMMF	CMMF003851		Lamoureux, Yves		CC0_1_0	Université de Montréal Biodiversity Centre	Lamoureux, Yves			2024-01-24T16:38:16.543Z	StillImage	TAXON_MATCH_HIGHERRANK;INSTITUTION_MATCH_FUZZY;COLLECTION_MATCH_FUZZY;DIFFERENT_OWNER_INSTITUTION
617552516	21705170-d2b6-42de-8904-c3bca4b83591	CMMF003196	Fungi	Basidiomycota	Agaricomycetes	Cantharellales	Hydnaceae	Cantharellus	Cantharellus cibarius	pallidifolius	VARIETY	Cantharellus cibarius var. pallidifolius A.H.Sm.	Cantharellus cibarius var. pallidifolius A.H. Sm.	A.H. Sm.	CA	Boucherville	Québec	PRESENT		ff7bd5db-b724-4932-b496-10ea298851f9	45.597683	-73.43011	5500.0						1998-07-06	6	7	1998	5467039	5249504	PRESERVED_SPECIMEN	Université de Montréal Biodiversity Centre	CMMF	CMMF003196		Lamoureux, Yves		CC0_1_0	Université de Montréal Biodiversity Centre	Lamoureux, Yves			2024-01-24T16:38:16.890Z	StillImage	INSTITUTION_MATCH_FUZZY;COLLECTION_MATCH_FUZZY;DIFFERENT_OWNER_INSTITUTION
4946419703	50c9509d-22c7-4a22-a47d-8c48425ef4a7	https://www.inaturalist.org/observations/241696553	Fungi	Basidiomycota	Agaricomycetes	Cantharellales	Hydnaceae	Cantharellus	Cantharellus cibarius		SPECIES	Cantharellus cibarius Fr.	Cantharellus cibarius		CA		Ontario	PRESENT		28eb1a3f-1c15-4a95-931a-4af90ecb574d	45.027218	-78.257498	31.0						2024-07-02T10:07	2	7	2024	5249504	5249504	HUMAN_OBSERVATION	iNaturalist	Observations	241696553		Curtis Hackney	2024-09-14T19:31:44	CC_BY_NC_4_0	PC Smith	PC Smith			2025-01-14T12:53:26.494Z	StillImage	COORDINATE_ROUNDED;CONTINENT_DERIVED_FROM_COORDINATES;TAXON_MATCH_TAXON_ID_IGNORED
4921959969	50c9509d-22c7-4a22-a47d-8c48425ef4a7	https://www.inaturalist.org/observations/233739671	Fungi	Basidiomycota	Agaricomycetes	Cantharellales	Hydnaceae	Cantharellus	Cantharellus cibarius		SPECIES	Cantharellus cibarius Fr.	Cantharellus cibarius		CA		Québec	PRESENT		28eb1a3f-1c15-4a95-931a-4af90ecb574d	45.494155	-75.736394	18.0						2024-08-04T12:22:18	4	8	2024	5249504	5249504	HUMAN_OBSERVATION	iNaturalist	Observations	233739671		bibitte2pattes	2024-08-04T16:22:37	CC_BY_NC_4_0	bibitte2pattes	bibitte2pattes			2025-01-14T13:35:08.458Z	StillImage	COORDINATE_ROUNDED;CONTINENT_DERIVED_FROM_COORDINATES;TAXON_MATCH_TAXON_ID_IGNORED
4919448681	50c9509d-22c7-4a22-a47d-8c48425ef4a7	https://www.inaturalist.org/observations/232694252	Fungi	Basidiomycota	Agaricomycetes	Cantharellales	Hydnaceae	Cantharellus	Cantharellus cibarius		SPECIES	Cantharellus cibarius Fr.	Cantharellus cibarius		CA		New Brunswick	PRESENT		28eb1a3f-1c15-4a95-931a-4af90ecb574d	45.821209	-64.583839	113.0						2024-07-30T10:49:50	30	7	2024	5249504	5249504	HUMAN_OBSERVATION	iNaturalist	Observations	232694252		Olga Leonenko	2024-07-30T14:04:31	CC_BY_NC_4_0	Olga Leonenko	Olga Leonenko			2025-01-14T12:55:46.128Z	StillImage	COORDINATE_ROUNDED;CONTINENT_DERIVED_FROM_COORDINATES;TAXON_MATCH_TAXON_ID_IGNORED
4908368935	50c9509d-22c7-4a22-a47d-8c48425ef4a7	https://www.inaturalist.org/observations/228512563	Fungi	Basidiomycota	Agaricomycetes	Cantharellales	Hydnaceae	Cantharellus	Cantharellus cibarius		SPECIES	Cantharellus cibarius Fr.	Cantharellus cibarius		CA		Québec	PRESENT		28eb1a3f-1c15-4a95-931a-4af90ecb574d	45.850655	-75.228762	17.0						2024-07-10T14:54:21	10	7	2024	5249504	5249504	HUMAN_OBSERVATION	iNaturalist	Observations	228512563		noeyelle	2024-07-10T20:35:01	CC_BY_NC_4_0	noeyelle	noeyelle			2025-01-14T13:42:15.984Z	StillImage	COORDINATE_ROUNDED;CONTINENT_DERIVED_FROM_COORDINATES;TAXON_MATCH_TAXON_ID_IGNORED
4903719029	50c9509d-22c7-4a22-a47d-8c48425ef4a7	https://www.inaturalist.org/observations/224980667	Fungi	Basidiomycota	Agaricomycetes	Cantharellales	Hydnaceae	Cantharellus	Cantharellus cibarius		SPECIES	Cantharellus cibarius Fr.	Cantharellus cibarius		CA		Québec	PRESENT		28eb1a3f-1c15-4a95-931a-4af90ecb574d	45.544487	-73.468491	61.0						2024-06-24T11:13	24	6	2024	5249504	5249504	HUMAN_OBSERVATION	iNaturalist	Observations	224980667		Antoine Fortin	2024-06-24T22:18:04	CC_BY_NC_4_0	Antoine Fortin	Antoine Fortin			2025-01-14T12:49:03.385Z	StillImage	COORDINATE_ROUNDED;CONTINENT_DERIVED_FROM_COORDINATES;TAXON_MATCH_TAXON_ID_IGNORED
4599765063	50c9509d-22c7-4a22-a47d-8c48425ef4a7	https://www.inaturalist.org/observations/173337444	Fungi	Basidiomycota	Agaricomycetes	Cantharellales	Hydnaceae	Cantharellus	Cantharellus cibarius		SPECIES	Cantharellus cibarius Fr.	Cantharellus cibarius		CA		Québec	PRESENT		28eb1a3f-1c15-4a95-931a-4af90ecb574d	45.59185	-73.574141	27158.0						2023-07-15T18:03	15	7	2023	5249504	5249504	HUMAN_OBSERVATION	iNaturalist	Observations	173337444		Antoine Fortin	2023-07-17T01:41:41	CC_BY_NC_4_0	Antoine Fortin	Antoine Fortin			2025-01-14T13:27:29.740Z	StillImage	COORDINATE_ROUNDED;CONTINENT_DERIVED_FROM_COORDINATES;TAXON_MATCH_TAXON_ID_IGNORED
4400357951	50c9509d-22c7-4a22-a47d-8c48425ef4a7	https://www.inaturalist.org/observations/179629521	Fungi	Basidiomycota	Agaricomycetes	Cantharellales	Hydnaceae	Cantharellus	Cantharellus cibarius		SPECIES	Cantharellus cibarius Fr.	Cantharellus cibarius		CA		Québec	PRESENT		28eb1a3f-1c15-4a95-931a-4af90ecb574d	45.393092	-73.957944							2023-08-12T11:16:48	12	8	2023	5249504	5249504	HUMAN_OBSERVATION	iNaturalist	Observations	179629521		Don-Jean Leandri-Breton	2023-08-22T03:29:58	CC_BY_NC_4_0	Don-Jean Leandri-Breton	Don-Jean Leandri-Breton			2025-01-14T13:32:04.823Z		COORDINATE_ROUNDED;CONTINENT_DERIVED_FROM_COORDINATES;TAXON_MATCH_TAXON_ID_IGNORED
4400253531	50c9509d-22c7-4a22-a47d-8c48425ef4a7	https://www.inaturalist.org/observations/179274675	Fungi	Basidiomycota	Agaricomycetes	Cantharellales	Hydnaceae	Cantharellus	Cantharellus cibarius		SPECIES	Cantharellus cibarius Fr.	Cantharellus cibarius		CA		Ontario	PRESENT		28eb1a3f-1c15-4a95-931a-4af90ecb574d	45.135894	-78.739379	1669.0						2023-08-19T12:48:36	19	8	2023	5249504	5249504	HUMAN_OBSERVATION	iNaturalist	Observations	179274675		Storm Peschel	2023-08-20T03:09:39	CC_BY_NC_4_0	Storm Peschel	Storm Peschel			2025-01-14T12:40:57.235Z	StillImage	COORDINATE_ROUNDED;CONTINENT_DERIVED_FROM_COORDINATES;TAXON_MATCH_TAXON_ID_IGNORED
4400063111	50c9509d-22c7-4a22-a47d-8c48425ef4a7	https://www.inaturalist.org/observations/179580810	Fungi	Basidiomycota	Agaricomycetes	Cantharellales	Hydnaceae	Cantharellus	Cantharellus cibarius		SPECIES	Cantharellus cibarius Fr.	Cantharellus cibarius		CA		New Brunswick	PRESENT		28eb1a3f-1c15-4a95-931a-4af90ecb574d	46.203522	-66.760795	5.0						2023-08-21T17:39:09	21	8	2023	5249504	5249504	HUMAN_OBSERVATION	iNaturalist	Observations	179580810		ranclrkmrtn	2023-08-21T20:41:31	CC_BY_NC_4_0	ranclrkmrtn	ranclrkmrtn			2025-01-14T12:41:10.128Z	StillImage	COORDINATE_ROUNDED;CONTINENT_DERIVED_FROM_COORDINATES;TAXON_MATCH_TAXON_ID_IGNORED
4400026861	50c9509d-22c7-4a22-a47d-8c48425ef4a7	https://www.inaturalist.org/observations/179188387	Fungi	Basidiomycota	Agaricomycetes	Cantharellales	Hydnaceae	Cantharellus	Cantharellus cibarius		SPECIES	Cantharellus cibarius Fr.	Cantharellus cibarius		CA		Québec	PRESENT		28eb1a3f-1c15-4a95-931a-4af90ecb574d	45.469531	-74.200227	91.0						2023-08-19T10:01	19	8	2023	5249504	5249504	HUMAN_OBSERVATION	iNaturalist	Observations	179188387		wgrubert	2023-08-19T17:46:31	CC_BY_NC_4_0	wgrubert	wgrubert			2025-01-14T12:40:28.015Z	StillImage	COORDINATE_ROUNDED;CONTINENT_DERIVED_FROM_COORDINATES;TAXON_MATCH_TAXON_ID_IGNORED
4177555947	50c9509d-22c7-4a22-a47d-8c48425ef4a7	https://www.inaturalist.org/observations/178465742	Fungi	Basidiomycota	Agaricomycetes	Cantharellales	Hydnaceae	Cantharellus	Cantharellus cibarius		SPECIES	Cantharellus cibarius Fr.	Cantharellus cibarius		CA		Québec	PRESENT		28eb1a3f-1c15-4a95-931a-4af90ecb574d	45.548662	-73.468203	623.0						2023-08-09T08:28	9	8	2023	5249504	5249504	HUMAN_OBSERVATION	iNaturalist	Observations	178465742		Antoine Fortin	2023-08-15T01:45:56	CC_BY_NC_4_0	Antoine Fortin	Antoine Fortin			2025-01-14T12:43:59.421Z	StillImage	COORDINATE_ROUNDED;CONTINENT_DERIVED_FROM_COORDINATES;TAXON_MATCH_TAXON_ID_IGNORED
4177319663	50c9509d-22c7-4a22-a47d-8c48425ef4a7	https://www.inaturalist.org/observations/177766189	Fungi	Basidiomycota	Agaricomycetes	Cantharellales	Hydnaceae	Cantharellus	Cantharellus cibarius		SPECIES	Cantharellus cibarius Fr.	Cantharellus cibarius		CA		Québec	PRESENT		28eb1a3f-1c15-4a95-931a-4af90ecb574d	45.743862	-75.798438	8.0						2023-08-06T15:20:09	6	8	2023	5249504	5249504	HUMAN_OBSERVATION	iNaturalist	Observations	177766189		hendrixmom	2023-08-11T02:40:47	CC_BY_NC_4_0	hendrixmom	hendrixmom			2025-01-14T13:32:18.901Z	StillImage	COORDINATE_ROUNDED;CONTINENT_DERIVED_FROM_COORDINATES;TAXON_MATCH_TAXON_ID_IGNORED
4177136877	50c9509d-22c7-4a22-a47d-8c48425ef4a7	https://www.inaturalist.org/observations/177184883	Fungi	Basidiomycota	Agaricomycetes	Cantharellales	Hydnaceae	Cantharellus	Cantharellus cibarius		SPECIES	Cantharellus cibarius Fr.	Cantharellus cibarius		CA		Québec	PRESENT		28eb1a3f-1c15-4a95-931a-4af90ecb574d	47.402357	-70.556457	2.0						2023-08-07T11:56:47	7	8	2023	5249504	5249504	HUMAN_OBSERVATION	iNaturalist	Observations	177184883		lejocelyn	2023-08-07T15:58:10	CC_BY_NC_4_0	lejocelyn	lejocelyn			2025-01-14T12:37:50.207Z	StillImage	COORDINATE_ROUNDED;CONTINENT_DERIVED_FROM_COORDINATES;TAXON_MATCH_TAXON_ID_IGNORED
4171910379	50c9509d-22c7-4a22-a47d-8c48425ef4a7	https://www.inaturalist.org/observations/175447401	Fungi	Basidiomycota	Agaricomycetes	Cantharellales	Hydnaceae	Cantharellus	Cantharellus cibarius		SPECIES	Cantharellus cibarius Fr.	Cantharellus cibarius		CA		Québec	PRESENT		28eb1a3f-1c15-4a95-931a-4af90ecb574d	45.677513	-75.84925	4.0						2023-07-28T16:52:04	28	7	2023	5249504	5249504	HUMAN_OBSERVATION	iNaturalist	Observations	175447401		Antoine Fortin	2023-07-29T12:01:13	CC_BY_NC_4_0	Celine Perrier	Celine Perrier			2025-01-14T12:40:44.017Z	StillImage	COORDINATE_ROUNDED;CONTINENT_DERIVED_FROM_COORDINATES;TAXON_MATCH_TAXON_ID_IGNORED
4171907949	50c9509d-22c7-4a22-a47d-8c48425ef4a7	https://www.inaturalist.org/observations/177319909	Fungi	Basidiomycota	Agaricomycetes	Cantharellales	Hydnaceae	Cantharellus	Cantharellus cibarius		SPECIES	Cantharellus cibarius Fr.	Cantharellus cibarius		CA		Québec	PRESENT		28eb1a3f-1c15-4a95-931a-4af90ecb574d	45.53935	-73.325557							2023-07-12T11:10:22	12	7	2023	5249504	5249504	HUMAN_OBSERVATION	iNaturalist	Observations	177319909		egrenier	2023-08-08T10:00:34	CC_BY_NC_4_0	egrenier	egrenier			2025-01-14T12:40:04.471Z	StillImage	COORDINATE_ROUNDED;CONTINENT_DERIVED_FROM_COORDINATES;TAXON_MATCH_TAXON_ID_IGNORED
4171267008	50c9509d-22c7-4a22-a47d-8c48425ef4a7	https://www.inaturalist.org/observations/172087744	Fungi	Basidiomycota	Agaricomycetes	Cantharellales	Hydnaceae	Cantharellus	Cantharellus cibarius		SPECIES	Cantharellus cibarius Fr.	Cantharellus cibarius		CA		Québec	PRESENT		28eb1a3f-1c15-4a95-931a-4af90ecb574d	45.447734	-73.418571	27158.0						2023-07-08T10:58	8	7	2023	5249504	5249504	HUMAN_OBSERVATION	iNaturalist	Observations	172087744		Antoine Fortin	2023-07-10T02:12:09	CC_BY_NC_4_0	Antoine Fortin	Antoine Fortin			2025-01-14T12:36:47.875Z	StillImage	COORDINATE_ROUNDED;CONTINENT_DERIVED_FROM_COORDINATES;TAXON_MATCH_TAXON_ID_IGNORED
4171213987	50c9509d-22c7-4a22-a47d-8c48425ef4a7	https://www.inaturalist.org/observations/172087745	Fungi	Basidiomycota	Agaricomycetes	Cantharellales	Hydnaceae	Cantharellus	Cantharellus cibarius		SPECIES	Cantharellus cibarius Fr.	Cantharellus cibarius		CA		Québec	PRESENT		28eb1a3f-1c15-4a95-931a-4af90ecb574d	45.501573	-73.502356	27158.0						2023-07-08T11:11	8	7	2023	5249504	5249504	HUMAN_OBSERVATION	iNaturalist	Observations	172087745		Antoine Fortin	2023-07-10T02:12:09	CC_BY_NC_4_0	Antoine Fortin	Antoine Fortin			2025-01-14T12:42:36.486Z	StillImage	COORDINATE_ROUNDED;CONTINENT_DERIVED_FROM_COORDINATES;TAXON_MATCH_TAXON_ID_IGNORED
4171201203	50c9509d-22c7-4a22-a47d-8c48425ef4a7	https://www.inaturalist.org/observations/175373725	Fungi	Basidiomycota	Agaricomycetes	Cantharellales	Hydnaceae	Cantharellus	Cantharellus cibarius		SPECIES	Cantharellus cibarius Fr.	Cantharellus cibarius		CA		Québec	PRESENT		28eb1a3f-1c15-4a95-931a-4af90ecb574d	45.655827	-75.675113	9.0						2023-07-28T10:27:47	28	7	2023	5249504	5249504	HUMAN_OBSERVATION	iNaturalist	Observations	175373725		Antoine Fortin	2023-07-28T17:10:43	CC_BY_NC_4_0	Anthony Gaston	Anthony Gaston			2025-01-14T13:30:42.959Z	StillImage	COORDINATE_ROUNDED;CONTINENT_DERIVED_FROM_COORDINATES;TAXON_MATCH_TAXON_ID_IGNORED
4171199604	50c9509d-22c7-4a22-a47d-8c48425ef4a7	https://www.inaturalist.org/observations/171821263	Fungi	Basidiomycota	Agaricomycetes	Cantharellales	Hydnaceae	Cantharellus	Cantharellus cibarius		SPECIES	Cantharellus cibarius Fr.	Cantharellus cibarius		CA		Québec	PRESENT		28eb1a3f-1c15-4a95-931a-4af90ecb574d	45.47858	-73.515865	27158.0						2023-07-06T09:10	6	7	2023	5249504	5249504	HUMAN_OBSERVATION	iNaturalist	Observations	171821263		Antoine Fortin	2023-07-10T16:00:18	CC_BY_NC_4_0	Antoine Fortin	Antoine Fortin			2025-01-14T12:38:29.799Z	StillImage	COORDINATE_ROUNDED;CONTINENT_DERIVED_FROM_COORDINATES;TAXON_MATCH_TAXON_ID_IGNORED
4171169012	50c9509d-22c7-4a22-a47d-8c48425ef4a7	https://www.inaturalist.org/observations/173012833	Fungi	Basidiomycota	Agaricomycetes	Cantharellales	Hydnaceae	Cantharellus	Cantharellus cibarius		SPECIES	Cantharellus cibarius Fr.	Cantharellus cibarius		CA		Québec	PRESENT		28eb1a3f-1c15-4a95-931a-4af90ecb574d	45.444959	-73.46718	27158.0						2023-07-14T09:49	14	7	2023	5249504	5249504	HUMAN_OBSERVATION	iNaturalist	Observations	173012833		Antoine Fortin	2023-07-15T14:07:10	CC_BY_NC_4_0	Antoine Fortin	Antoine Fortin			2025-01-14T12:43:20.429Z	StillImage	COORDINATE_ROUNDED;CONTINENT_DERIVED_FROM_COORDINATES;TAXON_MATCH_TAXON_ID_IGNORED
4162345726	50c9509d-22c7-4a22-a47d-8c48425ef4a7	https://www.inaturalist.org/observations/173235306	Fungi	Basidiomycota	Agaricomycetes	Cantharellales	Hydnaceae	Cantharellus	Cantharellus cibarius		SPECIES	Cantharellus cibarius Fr.	Cantharellus cibarius		CA		Québec	PRESENT		28eb1a3f-1c15-4a95-931a-4af90ecb574d	45.508566	-75.815316	275.0						2023-07-16T10:53	16	7	2023	5249504	5249504	HUMAN_OBSERVATION	iNaturalist	Observations	173235306		beedle_mcdeedle	2023-07-16T16:15:14	CC_BY_NC_4_0	beedle_mcdeedle	beedle_mcdeedle			2025-01-14T12:39:03.004Z	StillImage	COORDINATE_ROUNDED;CONTINENT_DERIVED_FROM_COORDINATES;TAXON_MATCH_TAXON_ID_IGNORED
4162334158	50c9509d-22c7-4a22-a47d-8c48425ef4a7	https://www.inaturalist.org/observations/173059651	Fungi	Basidiomycota	Agaricomycetes	Cantharellales	Hydnaceae	Cantharellus	Cantharellus cibarius		SPECIES	Cantharellus cibarius Fr.	Cantharellus cibarius		CA		Québec	PRESENT		28eb1a3f-1c15-4a95-931a-4af90ecb574d	46.831299	-71.112244	35.0						2023-07-15T14:11:23	15	7	2023	5249504	5249504	HUMAN_OBSERVATION	iNaturalist	Observations	173059651		Jean Gilbert	2023-07-15T18:11:33	CC_BY_NC_4_0	Jean Gilbert	Jean Gilbert			2025-01-14T13:40:31.450Z	StillImage	COORDINATE_ROUNDED;CONTINENT_DERIVED_FROM_COORDINATES;TAXON_MATCH_TAXON_ID_IGNORED
4023449389	0f83123f-0c04-4556-8f4d-5a4e2a9bac66	http://id.luomus.fi/MY.6302824	Fungi	Basidiomycota	Agaricomycetes	Cantharellales	Hydnaceae	Cantharellus	Cantharellus cibarius		SPECIES	Cantharellus cibarius Fr.	Cantharellus cibarius Fr.:Fr.		CA	Petawawa Experiment Station	Ontario	PRESENT		04fd2e13-6881-4e5c-9dd1-8fdd9ab993c1	45.9	-77.28							1960-06-29T00:00Z	29	6	1960	5249504	5249504	PRESERVED_SPECIMEN	H		http://id.luomus.fi/HA.H7046374				CC_BY_4_0		Elliot, M.			2025-01-12T05:29:55.216Z		CONTINENT_DERIVED_FROM_COORDINATES;TAXON_MATCH_TAXON_ID_IGNORED;COLLECTION_MATCH_NONE;INSTITUTION_MATCH_FUZZY
4023439983	0f83123f-0c04-4556-8f4d-5a4e2a9bac66	http://id.luomus.fi/MY.3707136	Fungi	Basidiomycota	Agaricomycetes	Cantharellales	Hydnaceae	Cantharellus	Cantharellus cibarius		SPECIES	Cantharellus cibarius Fr.	Cantharellus cibarius Fr.:Fr.		CA		Quebec	PRESENT		04fd2e13-6881-4e5c-9dd1-8fdd9ab993c1	47.183333	-70.216666							1963-09-15T00:00Z	15	9	1963	5249504	5249504	PRESERVED_SPECIMEN	H		http://id.luomus.fi/HA.H7036155				CC_BY_4_0		Groves, J. W.;Groves, N.			2025-01-12T05:29:53.188Z		CONTINENT_DERIVED_FROM_COORDINATES;TAXON_MATCH_TAXON_ID_IGNORED;COLLECTION_MATCH_NONE;INSTITUTION_MATCH_FUZZY
3911634646	55585622-7aeb-4921-a07c-5ddc97de9c5b	MGYA00578647_Eukaryota:Fungi:Basidiomycota:Agaricomycetes:Cantharellales:Cantharellaceae:Cantharellus:Cantharellus_cibarius	Fungi	Basidiomycota	Agaricomycetes	Cantharellales	Hydnaceae	Cantharellus	Cantharellus cibarius		SPECIES	Cantharellus cibarius Fr.	Cantharellus cibarius		CA	Varennes		PRESENT		ab733144-7043-4e88-bd4f-fca7bf858880	45.72	-73.37					0.15	0.0					5249504	5249504	MATERIAL_SAMPLE							CC_BY_4_0					2025-01-15T11:18:52.263Z		GEODETIC_DATUM_ASSUMED_WGS84;CONTINENT_DERIVED_FROM_COORDINATES
3911615794	55585622-7aeb-4921-a07c-5ddc97de9c5b	MGYA00524962_Eukaryota:Fungi:Basidiomycota:Agaricomycetes:Cantharellales:Cantharellaceae:Cantharellus:Cantharellus_cibarius	Fungi	Basidiomycota	Agaricomycetes	Cantharellales	Hydnaceae	Cantharellus	Cantharellus cibarius		SPECIES	Cantharellus cibarius Fr.	Cantharellus cibarius		CA	Varennes		PRESENT		ab733144-7043-4e88-bd4f-fca7bf858880	45.72	-73.37					0.15	0.0					5249504	5249504	MATERIAL_SAMPLE							CC_BY_4_0					2025-01-15T11:18:52.038Z		GEODETIC_DATUM_ASSUMED_WGS84;CONTINENT_DERIVED_FROM_COORDINATES
3911499153	55585622-7aeb-4921-a07c-5ddc97de9c5b	MGYA00523572_Eukaryota:Fungi:Basidiomycota:Agaricomycetes:Cantharellales:Cantharellaceae:Cantharellus:Cantharellus_cibarius	Fungi	Basidiomycota	Agaricomycetes	Cantharellales	Hydnaceae	Cantharellus	Cantharellus cibarius		SPECIES	Cantharellus cibarius Fr.	Cantharellus cibarius		CA	Varennes		PRESENT		ab733144-7043-4e88-bd4f-fca7bf858880	45.72	-73.37					0.15	0.0					5249504	5249504	MATERIAL_SAMPLE							CC_BY_4_0					2025-01-15T11:18:48.965Z		GEODETIC_DATUM_ASSUMED_WGS84;CONTINENT_DERIVED_FROM_COORDINATES
3911482989	55585622-7aeb-4921-a07c-5ddc97de9c5b	MGYA00578608_Eukaryota:Fungi:Basidiomycota:Agaricomycetes:Cantharellales:Cantharellaceae:Cantharellus:Cantharellus_cibarius	Fungi	Basidiomycota	Agaricomycetes	Cantharellales	Hydnaceae	Cantharellus	Cantharellus cibarius		SPECIES	Cantharellus cibarius Fr.	Cantharellus cibarius		CA	Varennes		PRESENT		ab733144-7043-4e88-bd4f-fca7bf858880	45.72	-73.37					0.15	0.0					5249504	5249504	MATERIAL_SAMPLE							CC_BY_4_0					2025-01-15T11:18:48.316Z		GEODETIC_DATUM_ASSUMED_WGS84;CONTINENT_DERIVED_FROM_COORDINATES
3911463325	55585622-7aeb-4921-a07c-5ddc97de9c5b	MGYA00578645_Eukaryota:Fungi:Basidiomycota:Agaricomycetes:Cantharellales:Cantharellaceae:Cantharellus:Cantharellus_cibarius	Fungi	Basidiomycota	Agaricomycetes	Cantharellales	Hydnaceae	Cantharellus	Cantharellus cibarius		SPECIES	Cantharellus cibarius Fr.	Cantharellus cibarius		CA	Varennes		PRESENT		ab733144-7043-4e88-bd4f-fca7bf858880	45.72	-73.37					0.15	0.0					5249504	5249504	MATERIAL_SAMPLE							CC_BY_4_0					2025-01-15T11:18:47.048Z		GEODETIC_DATUM_ASSUMED_WGS84;CONTINENT_DERIVED_FROM_COORDINATES
3911454172	55585622-7aeb-4921-a07c-5ddc97de9c5b	MGYA00523569_Eukaryota:Fungi:Basidiomycota:Agaricomycetes:Cantharellales:Cantharellaceae:Cantharellus:Cantharellus_cibarius	Fungi	Basidiomycota	Agaricomycetes	Cantharellales	Hydnaceae	Cantharellus	Cantharellus cibarius		SPECIES	Cantharellus cibarius Fr.	Cantharellus cibarius		CA	Varennes		PRESENT		ab733144-7043-4e88-bd4f-fca7bf858880	45.72	-73.37					0.15	0.0					5249504	5249504	MATERIAL_SAMPLE							CC_BY_4_0					2025-01-15T11:18:46.995Z		GEODETIC_DATUM_ASSUMED_WGS84;CONTINENT_DERIVED_FROM_COORDINATES
3911453482	55585622-7aeb-4921-a07c-5ddc97de9c5b	MGYA00578667_Eukaryota:Fungi:Basidiomycota:Agaricomycetes:Cantharellales:Cantharellaceae:Cantharellus:Cantharellus_cibarius	Fungi	Basidiomycota	Agaricomycetes	Cantharellales	Hydnaceae	Cantharellus	Cantharellus cibarius		SPECIES	Cantharellus cibarius Fr.	Cantharellus cibarius		CA	Varennes		PRESENT		ab733144-7043-4e88-bd4f-fca7bf858880	45.72	-73.37					0.15	0.0					5249504	5249504	MATERIAL_SAMPLE							CC_BY_4_0					2025-01-15T11:18:46.404Z		GEODETIC_DATUM_ASSUMED_WGS84;CONTINENT_DERIVED_FROM_COORDINATES
3911420014	55585622-7aeb-4921-a07c-5ddc97de9c5b	MGYA00578612_Eukaryota:Fungi:Basidiomycota:Agaricomycetes:Cantharellales:Cantharellaceae:Cantharellus:Cantharellus_cibarius	Fungi	Basidiomycota	Agaricomycetes	Cantharellales	Hydnaceae	Cantharellus	Cantharellus cibarius		SPECIES	Cantharellus cibarius Fr.	Cantharellus cibarius		CA	Varennes		PRESENT		ab733144-7043-4e88-bd4f-fca7bf858880	45.72	-73.37					0.15	0.0					5249504	5249504	MATERIAL_SAMPLE							CC_BY_4_0					2025-01-15T11:18:44.552Z		GEODETIC_DATUM_ASSUMED_WGS84;CONTINENT_DERIVED_FROM_COORDINATES
3911356453	55585622-7aeb-4921-a07c-5ddc97de9c5b	MGYA00523226_Eukaryota:Fungi:Basidiomycota:Agaricomycetes:Cantharellales:Cantharellaceae:Cantharellus:Cantharellus_cibarius	Fungi	Basidiomycota	Agaricomycetes	Cantharellales	Hydnaceae	Cantharellus	Cantharellus cibarius		SPECIES	Cantharellus cibarius Fr.	Cantharellus cibarius		CA	Varennes		PRESENT		ab733144-7043-4e88-bd4f-fca7bf858880	45.72	-73.37					0.15	0.0					5249504	5249504	MATERIAL_SAMPLE							CC_BY_4_0					2025-01-15T11:18:40.862Z		GEODETIC_DATUM_ASSUMED_WGS84;CONTINENT_DERIVED_FROM_COORDINATES
3911353504	55585622-7aeb-4921-a07c-5ddc97de9c5b	MGYA00523578_Eukaryota:Fungi:Basidiomycota:Agaricomycetes:Cantharellales:Cantharellaceae:Cantharellus:Cantharellus_cibarius	Fungi	Basidiomycota	Agaricomycetes	Cantharellales	Hydnaceae	Cantharellus	Cantharellus cibarius		SPECIES	Cantharellus cibarius Fr.	Cantharellus cibarius		CA	Varennes		PRESENT		ab733144-7043-4e88-bd4f-fca7bf858880	45.72	-73.37					0.15	0.0					5249504	5249504	MATERIAL_SAMPLE							CC_BY_4_0					2025-01-15T11:18:40.650Z		GEODETIC_DATUM_ASSUMED_WGS84;CONTINENT_DERIVED_FROM_COORDINATES
3911345363	55585622-7aeb-4921-a07c-5ddc97de9c5b	MGYA00578586_Eukaryota:Fungi:Basidiomycota:Agaricomycetes:Cantharellales:Cantharellaceae:Cantharellus:Cantharellus_cibarius	Fungi	Basidiomycota	Agaricomycetes	Cantharellales	Hydnaceae	Cantharellus	Cantharellus cibarius		SPECIES	Cantharellus cibarius Fr.	Cantharellus cibarius		CA	Varennes		PRESENT		ab733144-7043-4e88-bd4f-fca7bf858880	45.72	-73.37					0.15	0.0					5249504	5249504	MATERIAL_SAMPLE							CC_BY_4_0					2025-01-15T11:18:40.138Z		GEODETIC_DATUM_ASSUMED_WGS84;CONTINENT_DERIVED_FROM_COORDINATES
3911252717	55585622-7aeb-4921-a07c-5ddc97de9c5b	MGYA00523582_Eukaryota:Fungi:Basidiomycota:Agaricomycetes:Cantharellales:Cantharellaceae:Cantharellus:Cantharellus_cibarius	Fungi	Basidiomycota	Agaricomycetes	Cantharellales	Hydnaceae	Cantharellus	Cantharellus cibarius		SPECIES	Cantharellus cibarius Fr.	Cantharellus cibarius		CA	Varennes		PRESENT		ab733144-7043-4e88-bd4f-fca7bf858880	45.72	-73.37					0.15	0.0					5249504	5249504	MATERIAL_SAMPLE							CC_BY_4_0					2025-01-15T11:18:36.709Z		GEODETIC_DATUM_ASSUMED_WGS84;CONTINENT_DERIVED_FROM_COORDINATES
3911200245	55585622-7aeb-4921-a07c-5ddc97de9c5b	MGYA00523587_Eukaryota:Fungi:Basidiomycota:Agaricomycetes:Cantharellales:Cantharellaceae:Cantharellus:Cantharellus_cibarius	Fungi	Basidiomycota	Agaricomycetes	Cantharellales	Hydnaceae	Cantharellus	Cantharellus cibarius		SPECIES	Cantharellus cibarius Fr.	Cantharellus cibarius		CA	Varennes		PRESENT		ab733144-7043-4e88-bd4f-fca7bf858880	45.72	-73.37					0.15	0.0					5249504	5249504	MATERIAL_SAMPLE							CC_BY_4_0					2025-01-15T11:18:34.632Z		GEODETIC_DATUM_ASSUMED_WGS84;CONTINENT_DERIVED_FROM_COORDINATES
3911183661	55585622-7aeb-4921-a07c-5ddc97de9c5b	MGYA00525094_Eukaryota:Fungi:Basidiomycota:Agaricomycetes:Cantharellales:Cantharellaceae:Cantharellus:Cantharellus_cibarius	Fungi	Basidiomycota	Agaricomycetes	Cantharellales	Hydnaceae	Cantharellus	Cantharellus cibarius		SPECIES	Cantharellus cibarius Fr.	Cantharellus cibarius		CA	Varennes		PRESENT		ab733144-7043-4e88-bd4f-fca7bf858880	45.72	-73.37					0.15	0.0					5249504	5249504	MATERIAL_SAMPLE							CC_BY_4_0					2025-01-15T11:18:33.519Z		GEODETIC_DATUM_ASSUMED_WGS84;CONTINENT_DERIVED_FROM_COORDINATES
3911133404	55585622-7aeb-4921-a07c-5ddc97de9c5b	MGYA00578675_Eukaryota:Fungi:Basidiomycota:Agaricomycetes:Cantharellales:Cantharellaceae:Cantharellus:Cantharellus_cibarius	Fungi	Basidiomycota	Agaricomycetes	Cantharellales	Hydnaceae	Cantharellus	Cantharellus cibarius		SPECIES	Cantharellus cibarius Fr.	Cantharellus cibarius		CA	Varennes		PRESENT		ab733144-7043-4e88-bd4f-fca7bf858880	45.72	-73.37					0.15	0.0					5249504	5249504	MATERIAL_SAMPLE							CC_BY_4_0					2025-01-15T11:18:32.990Z		GEODETIC_DATUM_ASSUMED_WGS84;CONTINENT_DERIVED_FROM_COORDINATES
3892496259	50c9509d-22c7-4a22-a47d-8c48425ef4a7	https://www.inaturalist.org/observations/131076364	Fungi	Basidiomycota	Agaricomycetes	Cantharellales	Hydnaceae	Cantharellus	Cantharellus cibarius		SPECIES	Cantharellus cibarius Fr.	Cantharellus cibarius		CA		Québec	PRESENT		28eb1a3f-1c15-4a95-931a-4af90ecb574d	46.207211	-70.719116	3000.0						2022-08-16T11:22:29	16	8	2022	5249504	5249504	HUMAN_OBSERVATION	iNaturalist	Observations	131076364		Danavan Rouillard	2022-08-16T15:22:39	CC_BY_NC_4_0	Danavan Rouillard	Danavan Rouillard			2025-01-14T13:24:53.453Z	StillImage	COORDINATE_ROUNDED;CONTINENT_DERIVED_FROM_COORDINATES;TAXON_MATCH_TAXON_ID_IGNORED
2900321281	9168f50d-350e-4af1-ba97-17274f1faeaf	f15a6d4b-51da-44eb-aee3-b6b61d1f2244	Fungi	Basidiomycota	Agaricomycetes	Cantharellales	Hydnaceae	Cantharellus	Cantharellus cibarius		SPECIES	Cantharellus cibarius Fr.	Cantharellus cibarius		CA	7 miles northwest of L'Islet City.	Qu颥c	PRESENT		845f3630-812c-11de-86fe-b8a03c50a862	47.13	-70.38							1963-09-15	15	9	1963	5249504	5249504	PRESERVED_SPECIMEN	Milwaukee Public Museum (MPM)	MIL	136377				CC_BY_4_0		J. W. Groves;N. Groves			2024-12-09T18:29:24.282Z		GEODETIC_DATUM_ASSUMED_WGS84;INSTITUTION_MATCH_FUZZY;COLLECTION_MATCH_FUZZY;DIFFERENT_OWNER_INSTITUTION
2423613043	21705170-d2b6-42de-8904-c3bca4b83591	CMMF020180	Fungi	Basidiomycota	Agaricomycetes	Cantharellales	Hydnaceae	Cantharellus	Cantharellus cibarius		SPECIES	Cantharellus cibarius Fr.	Cantharellus cibarius Fr.	Fr.	CA	Lachute	Québec	PRESENT		ff7bd5db-b724-4932-b496-10ea298851f9	45.660939	-74.246835	500.0						1995-09-18	18	9	1995	5249504	5249504	PRESERVED_SPECIMEN	Université de Montréal Biodiversity Centre	CMMF	CMMF020180	X-3.5	Neumann, Peterjurgen		CC0_1_0	Université de Montréal Biodiversity Centre	unknown			2024-01-24T16:38:21.063Z		INSTITUTION_MATCH_FUZZY;COLLECTION_MATCH_FUZZY;DIFFERENT_OWNER_INSTITUTION
1807263824	e8a25a42-f125-476c-8554-3ec21cd51a84	ACAD:120611	Fungi	Basidiomycota	Agaricomycetes	Cantharellales	Hydnaceae	Cantharellus	Cantharellus cibarius		SPECIES	Cantharellus cibarius Fr.	Cantharellus cibarius Fr.	Fr.	CA	Cape Split	Nova Scotia	PRESENT		6491ad8c-8e49-4bd4-a089-0ddb3bbe0890	45.316224	-64.434987							1963-09-26	26	9	1963	5249504	5249504	PRESERVED_SPECIMEN	Acadia University	ACAD	8608F	8608			CC0_1_0	Acadia University	Harrison, KA			2024-01-25T01:37:03.540Z	StillImage	GEODETIC_DATUM_INVALID;GEODETIC_DATUM_ASSUMED_WGS84;TAXON_MATCH_TAXON_ID_IGNORED;INSTITUTION_MATCH_FUZZY;COLLECTION_MATCH_FUZZY
1807261121	e8a25a42-f125-476c-8554-3ec21cd51a84	ACAD:117963	Fungi	Basidiomycota	Agaricomycetes	Cantharellales	Hydnaceae	Cantharellus	Cantharellus cibarius		SPECIES	Cantharellus cibarius Fr.	Cantharellus cibarius Fr.	Fr.	CA	Kentville	Nova Scotia	PRESENT		6491ad8c-8e49-4bd4-a089-0ddb3bbe0890	45.07662	-64.49592							1967-07-15	15	7	1967	5249504	5249504	PRESERVED_SPECIMEN	Acadia University	ACAD	10741F	10741			CC0_1_0	Acadia University				2024-01-25T01:37:08.961Z	StillImage	GEODETIC_DATUM_INVALID;GEODETIC_DATUM_ASSUMED_WGS84;TAXON_MATCH_TAXON_ID_IGNORED;INSTITUTION_MATCH_FUZZY;COLLECTION_MATCH_FUZZY
1807260760	e8a25a42-f125-476c-8554-3ec21cd51a84	ACAD:117470	Fungi	Basidiomycota	Agaricomycetes	Cantharellales	Hydnaceae	Cantharellus	Cantharellus cibarius		SPECIES	Cantharellus cibarius Fr.	Cantharellus cibarius Fr.	Fr.	CA	Kentville	Nova Scotia	PRESENT		6491ad8c-8e49-4bd4-a089-0ddb3bbe0890	45.07662	-64.49592							1932-10-21	21	10	1932	5249504	5249504	PRESERVED_SPECIMEN	Acadia University	ACAD	10068F	10068			CC0_1_0	Acadia University				2024-01-25T01:37:08.412Z	StillImage	GEODETIC_DATUM_INVALID;GEODETIC_DATUM_ASSUMED_WGS84;TAXON_MATCH_TAXON_ID_IGNORED;INSTITUTION_MATCH_FUZZY;COLLECTION_MATCH_FUZZY
1807260630	e8a25a42-f125-476c-8554-3ec21cd51a84	ACAD:117324	Fungi	Basidiomycota	Agaricomycetes	Cantharellales	Hydnaceae	Cantharellus	Cantharellus cibarius		SPECIES	Cantharellus cibarius Fr.	Cantharellus cibarius Fr.	Fr.	CA	Fredericton	New Brunswick	PRESENT		6491ad8c-8e49-4bd4-a089-0ddb3bbe0890	45.945278	-66.666667							1959-09-04	4	9	1959	5249504	5249504	PRESERVED_SPECIMEN	Acadia University	ACAD	6159F	6159			CC0_1_0	Acadia University	Harrison, KA			2024-01-25T01:37:08.528Z	StillImage	COORDINATE_ROUNDED;GEODETIC_DATUM_INVALID;GEODETIC_DATUM_ASSUMED_WGS84;TAXON_MATCH_TAXON_ID_IGNORED;INSTITUTION_MATCH_FUZZY;COLLECTION_MATCH_FUZZY
1807259520	e8a25a42-f125-476c-8554-3ec21cd51a84	ACAD:116246	Fungi	Basidiomycota	Agaricomycetes	Cantharellales	Hydnaceae	Cantharellus	Cantharellus cibarius		SPECIES	Cantharellus cibarius Fr.	Cantharellus cibarius Fr.	Fr.	CA	Cape Split	Nova Scotia	PRESENT		6491ad8c-8e49-4bd4-a089-0ddb3bbe0890	45.334283	-64.49612							1957-10-04	4	10	1957	5249504	5249504	PRESERVED_SPECIMEN	Acadia University	ACAD	3990F	3990			CC0_1_0	Acadia University	H, KA			2024-01-25T01:37:04.082Z	StillImage	COORDINATE_ROUNDED;GEODETIC_DATUM_INVALID;GEODETIC_DATUM_ASSUMED_WGS84;TAXON_MATCH_TAXON_ID_IGNORED;INSTITUTION_MATCH_FUZZY;COLLECTION_MATCH_FUZZY
1807258393	e8a25a42-f125-476c-8554-3ec21cd51a84	ACAD:115233	Fungi	Basidiomycota	Agaricomycetes	Cantharellales	Hydnaceae	Cantharellus	Cantharellus cibarius		SPECIES	Cantharellus cibarius Fr.	Cantharellus cibarius Fr.	Fr.	CA	Parrsboro	Nova Scotia	PRESENT		6491ad8c-8e49-4bd4-a089-0ddb3bbe0890	45.40657	-64.32954							1938-08-06	6	8	1938	5249504	5249504	PRESERVED_SPECIMEN	Acadia University	ACAD	928F	928			CC0_1_0	Acadia University	H, KA			2024-01-25T01:36:59.317Z	StillImage	GEODETIC_DATUM_INVALID;GEODETIC_DATUM_ASSUMED_WGS84;TAXON_MATCH_TAXON_ID_IGNORED;INSTITUTION_MATCH_FUZZY;COLLECTION_MATCH_FUZZY
1807255570	e8a25a42-f125-476c-8554-3ec21cd51a84	ACAD:112111	Fungi	Basidiomycota	Agaricomycetes	Cantharellales	Hydnaceae	Cantharellus	Cantharellus cibarius		SPECIES	Cantharellus cibarius Fr.	Cantharellus cibarius Fr.	Fr.	CA	(Kentville)	Nova Scotia	PRESENT		6491ad8c-8e49-4bd4-a089-0ddb3bbe0890	45.07662	-64.49592							1930-07-19	19	7	1930	5249504	5249504	PRESERVED_SPECIMEN	Acadia University	ACAD	179F	179			CC0_1_0	Acadia University	H, KA			2024-01-25T01:37:05.878Z	StillImage	GEODETIC_DATUM_INVALID;GEODETIC_DATUM_ASSUMED_WGS84;TAXON_MATCH_TAXON_ID_IGNORED;INSTITUTION_MATCH_FUZZY;COLLECTION_MATCH_FUZZY
1701558043	39bd4817-9530-4341-a918-4f16b8db1419	UdeM:CMMF:Blitz2017:42	Fungi	Basidiomycota	Agaricomycetes	Cantharellales	Hydnaceae	Cantharellus	Cantharellus cibarius		SPECIES	Cantharellus cibarius Fr.	Cantharellus cibarius Fr., 1821	Fr.	CA	Parc des Chutes de Sainte-Ursule	Québec	PRESENT		ff7bd5db-b724-4932-b496-10ea298851f9	46.300422	-73.094321	500.0						2017-08-09	9	8	2017	5249504	5249504	HUMAN_OBSERVATION	Université de Montréal Biodiversity Centre	CMMF			Raymond Archambault et Joseph Nuzzolese	2017-08-09T00:00:00	CC0_1_0		IRBV's graduate students			2024-01-24T17:29:10.656Z		
1412709587	21705170-d2b6-42de-8904-c3bca4b83591	CMMF018072	Fungi	Basidiomycota	Agaricomycetes	Cantharellales	Hydnaceae	Cantharellus	Cantharellus cibarius		SPECIES	Cantharellus cibarius Fr.	Cantharellus cibarius Fr.	Fr.	CA	Chemin du lac Mélèze, Station de biologie des Laurentides, Saint-Hippolyte, Québec.	Québec	PRESENT		ff7bd5db-b724-4932-b496-10ea298851f9	45.98815	-74.00581	3000.0						1976-08-02	2	8	1976	5249504	5249504	PRESERVED_SPECIMEN	Université de Montréal Biodiversity Centre	CMMF	CMMF018072		B., L.		CC0_1_0	Université de Montréal Biodiversity Centre	B., L.			2024-01-24T16:38:17.949Z		INSTITUTION_MATCH_FUZZY;COLLECTION_MATCH_FUZZY;DIFFERENT_OWNER_INSTITUTION
1412709509	21705170-d2b6-42de-8904-c3bca4b83591	CMMF018026	Fungi	Basidiomycota	Agaricomycetes	Cantharellales	Hydnaceae	Cantharellus	Cantharellus cibarius		SPECIES	Cantharellus cibarius Fr.	Cantharellus cibarius Fr.	Fr.	CA	Érablière entre les lacs Croche et Triton, Station de biologie des Laurentides, Saint-Hippolyte, Québec.	Québec	PRESENT		ff7bd5db-b724-4932-b496-10ea298851f9	45.988691	-74.00708	250.0						1977-08-24	24	8	1977	5249504	5249504	PRESERVED_SPECIMEN	Université de Montréal Biodiversity Centre	CMMF	CMMF018026	71	Neumann, Peterjurgen; R., S.		CC0_1_0	Université de Montréal Biodiversity Centre	Neumann, Peterjurgen; R., S.			2024-01-24T16:38:17.930Z		INSTITUTION_MATCH_FUZZY;COLLECTION_MATCH_FUZZY;DIFFERENT_OWNER_INSTITUTION
1412709060	21705170-d2b6-42de-8904-c3bca4b83591	CMMF017492	Fungi	Basidiomycota	Agaricomycetes	Cantharellales	Hydnaceae	Cantharellus	Cantharellus cibarius		SPECIES	Cantharellus cibarius Fr.	Cantharellus cibarius Fr.	Fr.	CA	Saraguay, Québec.	Québec	PRESENT		ff7bd5db-b724-4932-b496-10ea298851f9	45.514983	-73.741417	1000.0						1980-07-25	25	7	1980	5249504	5249504	PRESERVED_SPECIMEN	Université de Montréal Biodiversity Centre	CMMF	CMMF017492	1980-277	McNeil, Raymond		CC0_1_0	Université de Montréal Biodiversity Centre	Haméon, G.			2024-01-24T16:38:15.757Z		INSTITUTION_MATCH_FUZZY;COLLECTION_MATCH_FUZZY;DIFFERENT_OWNER_INSTITUTION
1412708809	21705170-d2b6-42de-8904-c3bca4b83591	CMMF017327	Fungi	Basidiomycota	Agaricomycetes	Cantharellales	Hydnaceae	Cantharellus	Cantharellus cibarius		SPECIES	Cantharellus cibarius Fr.	Cantharellus cibarius Fr.	Fr.	CA	Île des Soeurs, Québec.	Québec	PRESENT		ff7bd5db-b724-4932-b496-10ea298851f9	45.461124	-73.547316	2000.0						1981-07-20	20	7	1981	5249504	5249504	PRESERVED_SPECIMEN	Université de Montréal Biodiversity Centre	CMMF	CMMF017327	1981-117	Cyr, A.		CC0_1_0	Université de Montréal Biodiversity Centre	Cyr, A.			2024-01-24T16:38:15.660Z		INSTITUTION_MATCH_FUZZY;COLLECTION_MATCH_FUZZY;DIFFERENT_OWNER_INSTITUTION
1412706055	21705170-d2b6-42de-8904-c3bca4b83591	CMMF014524	Fungi	Basidiomycota	Agaricomycetes	Cantharellales	Hydnaceae	Cantharellus	Cantharellus cibarius		SPECIES	Cantharellus cibarius Fr.	Cantharellus cibarius Fr.	Fr.	CA	Saint-Ubalde, Québec.	Québec	PRESENT		ff7bd5db-b724-4932-b496-10ea298851f9	46.799305	-72.267036	10000.0						1994-07-24	24	7	1994	5249504	5249504	PRESERVED_SPECIMEN	Université de Montréal Biodiversity Centre	CMMF	CMMF014524	546	Guérin, Gérard		CC0_1_0	Université de Montréal Biodiversity Centre	Guérin, Gérard			2024-01-24T16:38:19.553Z	StillImage	INSTITUTION_MATCH_FUZZY;COLLECTION_MATCH_FUZZY;DIFFERENT_OWNER_INSTITUTION
1412705982	21705170-d2b6-42de-8904-c3bca4b83591	CMMF014523	Fungi	Basidiomycota	Agaricomycetes	Cantharellales	Hydnaceae	Cantharellus	Cantharellus cibarius		SPECIES	Cantharellus cibarius Fr.	Cantharellus cibarius Fr.	Fr.	CA	Chicoutimi, Québec.	Québec	PRESENT		ff7bd5db-b724-4932-b496-10ea298851f9	48.368277	-71.119642	15000.0						1985-08-09	9	8	1985	5249504	5249504	PRESERVED_SPECIMEN	Université de Montréal Biodiversity Centre	CMMF	CMMF014523	545	Guérin, Gérard		CC0_1_0	Université de Montréal Biodiversity Centre	Guérin, Gérard			2024-01-24T16:38:19.553Z	StillImage	INSTITUTION_MATCH_FUZZY;COLLECTION_MATCH_FUZZY;DIFFERENT_OWNER_INSTITUTION
1412704222	21705170-d2b6-42de-8904-c3bca4b83591	CMMF012300	Fungi	Basidiomycota	Agaricomycetes	Cantharellales	Hydnaceae	Cantharellus	Cantharellus cibarius		SPECIES	Cantharellus cibarius Fr.	Cantharellus cibarius Fr.	Fr.	CA	Mont Shefford, Québec.	Québec	PRESENT		ff7bd5db-b724-4932-b496-10ea298851f9	45.362262	-72.611227	5000.0						1947-07-14	14	7	1947	5249504	5249504	PRESERVED_SPECIMEN	Université de Montréal Biodiversity Centre	CMMF	CMMF012300	1443	Pomerleau, René		CC0_1_0	Université de Montréal Biodiversity Centre	Fabius, Fr.			2024-01-24T16:38:20.799Z		INSTITUTION_MATCH_FUZZY;COLLECTION_MATCH_FUZZY;DIFFERENT_OWNER_INSTITUTION
1412703096	21705170-d2b6-42de-8904-c3bca4b83591	CMMF011603	Fungi	Basidiomycota	Agaricomycetes	Cantharellales	Hydnaceae	Cantharellus	Cantharellus cibarius		SPECIES	Cantharellus cibarius Fr.	Cantharellus cibarius Fr.	Fr.	CA	Saint-Roch, L'Islet, Québec.	Québec	PRESENT		ff7bd5db-b724-4932-b496-10ea298851f9	47.298975	-70.150374	8000.0						1944-09-10	10	9	1944	5249504	5249504	PRESERVED_SPECIMEN	Université de Montréal Biodiversity Centre	CMMF	CMMF011603	18446	Pomerleau, René		CC0_1_0	Université de Montréal Biodiversity Centre	Campagna, Elzéar; Dubé, Lucien			2024-01-24T16:38:18.120Z		INSTITUTION_MATCH_FUZZY;COLLECTION_MATCH_FUZZY;DIFFERENT_OWNER_INSTITUTION
1135071418	21705170-d2b6-42de-8904-c3bca4b83591	CMMF009908	Fungi	Basidiomycota	Agaricomycetes	Cantharellales	Hydnaceae	Cantharellus	Cantharellus cibarius		SPECIES	Cantharellus cibarius Fr.	Cantharellus cibarius Fr.	Fr.	CA	Pinède Rourke, Lac-Beauport.	Québec	PRESENT		ff7bd5db-b724-4932-b496-10ea298851f9	46.953091	-71.275238	5000.0						2007-09-02	2	9	2007	5249504	5249504	PRESERVED_SPECIMEN	Université de Montréal Biodiversity Centre	CMMF	CMMF009908	1492	Labrecque, Jacqueline		CC0_1_0	Université de Montréal Biodiversity Centre	Labrecque, Jacqueline			2024-01-24T16:38:21.399Z		INSTITUTION_MATCH_FUZZY;COLLECTION_MATCH_FUZZY;DIFFERENT_OWNER_INSTITUTION
1135071292	21705170-d2b6-42de-8904-c3bca4b83591	CMMF009848	Fungi	Basidiomycota	Agaricomycetes	Cantharellales	Hydnaceae	Cantharellus	Cantharellus cibarius		SPECIES	Cantharellus cibarius Fr.	Cantharellus cibarius Fr.	Fr.	CA	Côte Bédard, Hector Bédard, Québec.	Québec	PRESENT		ff7bd5db-b724-4932-b496-10ea298851f9	46.907478	-71.312257	400.0						2007-08-25	25	8	2007	5249504	5249504	PRESERVED_SPECIMEN	Université de Montréal Biodiversity Centre	CMMF	CMMF009848	1432	Labrecque, Jacqueline		CC0_1_0	Université de Montréal Biodiversity Centre	Labrecque, Jacqueline			2024-01-24T16:38:21.280Z		INSTITUTION_MATCH_FUZZY;COLLECTION_MATCH_FUZZY;DIFFERENT_OWNER_INSTITUTION
1135070304	21705170-d2b6-42de-8904-c3bca4b83591	CMMF008858	Fungi	Basidiomycota	Agaricomycetes	Cantharellales	Hydnaceae	Cantharellus	Cantharellus cibarius	pallidifolius	VARIETY	Cantharellus cibarius var. pallidifolius A.H.Sm.	Cantharellus cibarius var. pallidifolius A.H. Sm.	A.H. Sm.	CA	Château Bigot, Québec.	Québec	PRESENT		ff7bd5db-b724-4932-b496-10ea298851f9	46.898375	-71.266801	2000.0						2006-08-03	3	8	2006	5467039	5249504	PRESERVED_SPECIMEN	Université de Montréal Biodiversity Centre	CMMF	CMMF008858	441	Labbé, Roland		CC0_1_0	Université de Montréal Biodiversity Centre	Labrecque, Jacqueline			2024-01-24T16:38:18.866Z	StillImage	INSTITUTION_MATCH_FUZZY;COLLECTION_MATCH_FUZZY;DIFFERENT_OWNER_INSTITUTION
1135070195	21705170-d2b6-42de-8904-c3bca4b83591	CMMF008730	Fungi	Basidiomycota	Agaricomycetes	Cantharellales	Hydnaceae	Cantharellus	Cantharellus cibarius		SPECIES	Cantharellus cibarius Fr.	Cantharellus cibarius Fr.	Fr.	CA	Sainte-Brigitte-de-Laval.	Québec	PRESENT		ff7bd5db-b724-4932-b496-10ea298851f9	47.002354	-71.193781	2000.0						2006-07-09	9	7	2006	5249504	5249504	PRESERVED_SPECIMEN	Université de Montréal Biodiversity Centre	CMMF	CMMF008730	311	Labrecque, Jacqueline		CC0_1_0	Université de Montréal Biodiversity Centre	Labrecque, Jacqueline			2024-01-24T16:38:18.800Z		INSTITUTION_MATCH_FUZZY;COLLECTION_MATCH_FUZZY;DIFFERENT_OWNER_INSTITUTION
1135069635	21705170-d2b6-42de-8904-c3bca4b83591	CMMF008157	Fungi	Basidiomycota	Agaricomycetes	Cantharellales	Hydnaceae	Cantharellus	Cantharellus cibarius		SPECIES	Cantharellus cibarius Fr.	Cantharellus cibarius Fr.	Fr.	CA	Rimouski	Québec	PRESENT		ff7bd5db-b724-4932-b496-10ea298851f9	48.4206	-68.589317	100.0						2007-07-20	20	7	2007	5249504	5249504	PRESERVED_SPECIMEN	Université de Montréal Biodiversity Centre	CMMF	CMMF008157	Inexistant	McNeil, Raymond		CC0_1_0	Université de Montréal Biodiversity Centre	McNeil, Raymond			2024-01-24T16:38:18.246Z	StillImage	COORDINATE_ROUNDED;INSTITUTION_MATCH_FUZZY;COLLECTION_MATCH_FUZZY;DIFFERENT_OWNER_INSTITUTION
1135069251	21705170-d2b6-42de-8904-c3bca4b83591	CMMF007856	Fungi	Basidiomycota	Agaricomycetes	Cantharellales	Hydnaceae	Cantharellus	Cantharellus cibarius		SPECIES	Cantharellus cibarius Fr.	Cantharellus cibarius Fr.	Fr.	CA	St-Fabien-de-Panet	Québec	PRESENT		ff7bd5db-b724-4932-b496-10ea298851f9	46.638667	-70.128333	100.0						1977-08-13	13	8	1977	5249504	5249504	PRESERVED_SPECIMEN	Université de Montréal Biodiversity Centre	CMMF	CMMF007856	Inexistant	McNeil, Raymond		CC0_1_0	Université de Montréal Biodiversity Centre	McNeil, Raymond			2024-01-24T16:38:14.781Z	StillImage	COORDINATE_ROUNDED;INSTITUTION_MATCH_FUZZY;COLLECTION_MATCH_FUZZY;DIFFERENT_OWNER_INSTITUTION
1135068832	21705170-d2b6-42de-8904-c3bca4b83591	CMMF007424	Fungi	Basidiomycota	Agaricomycetes	Cantharellales	Hydnaceae	Cantharellus	Cantharellus cibarius	pallidifolius	VARIETY	Cantharellus cibarius var. pallidifolius A.H.Sm.	Cantharellus cibarius var. pallidifolius A.H. Sm.	A.H. Sm.	CA	Huntingdon, Boisé-des-Muir	Québec	PRESENT		ff7bd5db-b724-4932-b496-10ea298851f9	45.084583	-74.114033	100.0						2013-07-22	22	7	2013	5467039	5249504	PRESERVED_SPECIMEN	Université de Montréal Biodiversity Centre	CMMF	CMMF007424	C4206	McNeil, Raymond		CC0_1_0	Université de Montréal Biodiversity Centre	McNeil, Raymond			2024-01-24T16:38:15.822Z	StillImage	COORDINATE_ROUNDED;INSTITUTION_MATCH_FUZZY;COLLECTION_MATCH_FUZZY;DIFFERENT_OWNER_INSTITUTION
1135067594	21705170-d2b6-42de-8904-c3bca4b83591	CMMF006095	Fungi	Basidiomycota	Agaricomycetes	Cantharellales	Hydnaceae	Cantharellus	Cantharellus cibarius	pallidifolius	VARIETY	Cantharellus cibarius var. pallidifolius A.H.Sm.	Cantharellus cibarius var. pallidifolius A.H. Sm.	A.H. Sm.	CA	Châteauguay	Québec	PRESENT		ff7bd5db-b724-4932-b496-10ea298851f9	45.349833	-73.773917	100.0						2005-07-23	23	7	2005	5467039	5249504	PRESERVED_SPECIMEN	Université de Montréal Biodiversity Centre	CMMF	CMMF006095	Inexistant	McNeil, Raymond		CC0_1_0	Université de Montréal Biodiversity Centre	McNeil, Raymond			2024-01-24T16:38:17.951Z	StillImage	COORDINATE_ROUNDED;INSTITUTION_MATCH_FUZZY;COLLECTION_MATCH_FUZZY;DIFFERENT_OWNER_INSTITUTION
1135067517	21705170-d2b6-42de-8904-c3bca4b83591	CMMF005998	Fungi	Basidiomycota	Agaricomycetes	Cantharellales	Hydnaceae	Cantharellus	Cantharellus cibarius	pallidifolius	VARIETY	Cantharellus cibarius var. pallidifolius A.H.Sm.	Cantharellus cibarius var. pallidifolius A.H. Sm.	A.H. Sm.	CA	Châteauguay (Centre écologique Fernand-Seguin)	Québec	PRESENT		ff7bd5db-b724-4932-b496-10ea298851f9	45.33983	-73.773917	100.0						2010-08-06	6	8	2010	5467039	5249504	PRESERVED_SPECIMEN	Université de Montréal Biodiversity Centre	CMMF	CMMF005998	C3685	McNeil, Raymond		CC0_1_0	Université de Montréal Biodiversity Centre	McNeil, Raymond			2024-01-24T16:38:17.066Z	StillImage	COORDINATE_ROUNDED;INSTITUTION_MATCH_FUZZY;COLLECTION_MATCH_FUZZY;DIFFERENT_OWNER_INSTITUTION
1135067496	21705170-d2b6-42de-8904-c3bca4b83591	CMMF005996	Fungi	Basidiomycota	Agaricomycetes	Cantharellales	Hydnaceae	Cantharellus	Cantharellus cibarius	pallidifolius	VARIETY	Cantharellus cibarius var. pallidifolius A.H.Sm.	Cantharellus cibarius var. pallidifolius A.H. Sm.	A.H. Sm.	CA	Châteauguay (Centre écologique Fernand-Seguin)	Québec	PRESENT		ff7bd5db-b724-4932-b496-10ea298851f9	45.33983	-73.773917	100.0						2008-07-30	30	7	2008	5467039	5249504	PRESERVED_SPECIMEN	Université de Montréal Biodiversity Centre	CMMF	CMMF005996	C3335	McNeil, Raymond		CC0_1_0	Université de Montréal Biodiversity Centre	McNeil, Raymond			2024-01-24T16:38:17.067Z	StillImage	COORDINATE_ROUNDED;INSTITUTION_MATCH_FUZZY;COLLECTION_MATCH_FUZZY;DIFFERENT_OWNER_INSTITUTION
1135067484	21705170-d2b6-42de-8904-c3bca4b83591	CMMF005997	Fungi	Basidiomycota	Agaricomycetes	Cantharellales	Hydnaceae	Cantharellus	Cantharellus cibarius	pallidifolius	VARIETY	Cantharellus cibarius var. pallidifolius A.H.Sm.	Cantharellus cibarius var. pallidifolius A.H. Sm.	A.H. Sm.	CA	Châteauguay (Centre écologique Fernand-Seguin)	Québec	PRESENT		ff7bd5db-b724-4932-b496-10ea298851f9	45.33983	-73.773917	100.0						2013-07-23	23	7	2013	5467039	5249504	PRESERVED_SPECIMEN	Université de Montréal Biodiversity Centre	CMMF	CMMF005997	C4208	McNeil, Raymond		CC0_1_0	Université de Montréal Biodiversity Centre	McNeil, Raymond			2024-01-24T16:38:17.069Z	StillImage	COORDINATE_ROUNDED;INSTITUTION_MATCH_FUZZY;COLLECTION_MATCH_FUZZY;DIFFERENT_OWNER_INSTITUTION
1135067258	21705170-d2b6-42de-8904-c3bca4b83591	CMMF005794	Fungi	Basidiomycota	Agaricomycetes	Cantharellales	Hydnaceae	Cantharellus	Cantharellus cibarius	pallidifolius	VARIETY	Cantharellus cibarius var. pallidifolius A.H.Sm.	Cantharellus cibarius var. pallidifolius A.H. Sm.	A.H. Sm.	CA	Châteauguay (Centre écologique Fernand-Seguin)	Québec	PRESENT		ff7bd5db-b724-4932-b496-10ea298851f9	45.33983	-73.773917	100.0						2006-07-26	26	7	2006	5467039	5249504	PRESERVED_SPECIMEN	Université de Montréal Biodiversity Centre	CMMF	CMMF005794	Inexistant	McNeil, Raymond		CC0_1_0	Université de Montréal Biodiversity Centre	McNeil, Raymond			2024-01-24T16:38:16.734Z	StillImage	COORDINATE_ROUNDED;INSTITUTION_MATCH_FUZZY;COLLECTION_MATCH_FUZZY;DIFFERENT_OWNER_INSTITUTION
1135067231	21705170-d2b6-42de-8904-c3bca4b83591	CMMF005795	Fungi	Basidiomycota	Agaricomycetes	Cantharellales	Hydnaceae	Cantharellus	Cantharellus cibarius	pallidifolius	VARIETY	Cantharellus cibarius var. pallidifolius A.H.Sm.	Cantharellus cibarius var. pallidifolius A.H. Sm.	A.H. Sm.	CA	Châteauguay (Centre écologique Fernand-Seguin)	Québec	PRESENT		ff7bd5db-b724-4932-b496-10ea298851f9	45.33983	-73.773917	100.0						2009-07-27	27	7	2009	5467039	5249504	PRESERVED_SPECIMEN	Université de Montréal Biodiversity Centre	CMMF	CMMF005795	C3499	McNeil, Raymond		CC0_1_0	Université de Montréal Biodiversity Centre	McNeil, Raymond			2024-01-24T16:38:16.734Z	StillImage	COORDINATE_ROUNDED;INSTITUTION_MATCH_FUZZY;COLLECTION_MATCH_FUZZY;DIFFERENT_OWNER_INSTITUTION
1135067223	21705170-d2b6-42de-8904-c3bca4b83591	CMMF005738	Fungi	Basidiomycota	Agaricomycetes	Cantharellales	Hydnaceae	Cantharellus	Cantharellus cibarius		SPECIES	Cantharellus cibarius Fr.	Cantharellus cibarius Fr.	Fr.	CA	Châteauguay (centre écologique Fernand-Seguin)	Québec	PRESENT		ff7bd5db-b724-4932-b496-10ea298851f9	45.33983	-73.773917	100.0						2006-07-19	19	7	2006	5249504	5249504	PRESERVED_SPECIMEN	Université de Montréal Biodiversity Centre	CMMF	CMMF005738	Inexistant	McNeil, Raymond		CC0_1_0	Université de Montréal Biodiversity Centre	McNeil, Raymond			2024-01-24T16:38:16.612Z	StillImage	COORDINATE_ROUNDED;INSTITUTION_MATCH_FUZZY;COLLECTION_MATCH_FUZZY;DIFFERENT_OWNER_INSTITUTION
1135067049	21705170-d2b6-42de-8904-c3bca4b83591	CMMF010483	Fungi	Basidiomycota	Agaricomycetes	Cantharellales	Hydnaceae	Cantharellus	Cantharellus cibarius		SPECIES	Cantharellus cibarius Fr.	Cantharellus cibarius Fr.	Fr.	CA	Chemin Bigot, rue Rouleau, Québec.	Québec	PRESENT		ff7bd5db-b724-4932-b496-10ea298851f9	46.898375	-71.266801	2000.0						2008-08-09	9	8	2008	5249504	5249504	PRESERVED_SPECIMEN	Université de Montréal Biodiversity Centre	CMMF	CMMF010483	2069	Labrecque, Jacqueline		CC0_1_0	Université de Montréal Biodiversity Centre	Labrecque, Jacqueline			2024-01-24T16:38:21.686Z		INSTITUTION_MATCH_FUZZY;COLLECTION_MATCH_FUZZY;DIFFERENT_OWNER_INSTITUTION
