gbifID	datasetKey	occurrenceID	kingdom	phylum	class	order	family	genus	species	infraspecificEpithet	taxonRank	scientificName	verbatimScientificName	verbatimScientificNameAuthorship	countryCode	locality	stateProvince	occurrenceStatus	individualCount	publishingOrgKey	decimalLatitude	decimalLongitude	coordinateUncertaintyInMeters	coordinatePrecision	elevation	elevationAccuracy	depth	depthAccuracy	eventDate	day	month	year	taxonKey	speciesKey	basisOfRecord	institutionCode	collectionCode	catalogNumber	recordNumber	identifiedBy	dateIdentified	license	rightsHolder	recordedBy	typeStatus	establishmentMeans	lastInterpreted	mediaType	issue
617554382	21705170-d2b6-42de-8904-c3bca4b83591	CMMF004023	Fungi	Basidiomycota	Agaricomycetes	Gomphales	Gomphaceae	Gomphus	Gomphus clavatus		SPECIES	Gomphus clavatus (Pers.) Gray	Gomphus clavatus (Pers.) Gray	(Pers.) Gray	CA	Saint-Côme	Québec	PRESENT		ff7bd5db-b724-4932-b496-10ea298851f9	46.269761	-73.774867	15000.0						2006-07-12	12	7	2006	5238786	5238786	PRESERVED_SPECIMEN	Université de Montréal Biodiversity Centre	CMMF	CMMF004023		Lamoureux, Yves		CC0_1_0	Université de Montréal Biodiversity Centre	Lamoureux, Yves			2024-01-24T16:38:18.488Z	StillImage	INSTITUTION_MATCH_FUZZY;COLLECTION_MATCH_FUZZY;DIFFERENT_OWNER_INSTITUTION
617554153	21705170-d2b6-42de-8904-c3bca4b83591	CMMF003921	Fungi	Basidiomycota	Agaricomycetes	Gomphales	Gomphaceae	Gomphus	Gomphus clavatus		SPECIES	Gomphus clavatus (Pers.) Gray	Gomphus clavatus (Pers.) Gray	(Pers.) Gray	CA	Bonsecours	Québec	PRESENT		ff7bd5db-b724-4932-b496-10ea298851f9	45.40504	-72.305386	4500.0						2005-08-26	26	8	2005	5238786	5238786	PRESERVED_SPECIMEN	Université de Montréal Biodiversity Centre	CMMF	CMMF003921		Lamoureux, Yves		CC0_1_0	Université de Montréal Biodiversity Centre	Lamoureux, Yves			2024-01-24T16:38:17.478Z	StillImage	INSTITUTION_MATCH_FUZZY;COLLECTION_MATCH_FUZZY;DIFFERENT_OWNER_INSTITUTION
617553996	21705170-d2b6-42de-8904-c3bca4b83591	CMMF003852	Fungi	Basidiomycota	Agaricomycetes	Gomphales	Gomphaceae	Gomphus	Gomphus clavatus		SPECIES	Gomphus clavatus (Pers.) Gray	Gomphus clavatus (Pers.) Gray	(Pers.) Gray	CA	Sainte-Julienne	Québec	PRESENT		ff7bd5db-b724-4932-b496-10ea298851f9	45.964758	-73.7201	8500.0						2004-08-05	5	8	2004	5238786	5238786	PRESERVED_SPECIMEN	Université de Montréal Biodiversity Centre	CMMF	CMMF003852		Lamoureux, Yves		CC0_1_0	Université de Montréal Biodiversity Centre	Lamoureux, Yves			2024-01-24T16:38:16.530Z	StillImage	INSTITUTION_MATCH_FUZZY;COLLECTION_MATCH_FUZZY;DIFFERENT_OWNER_INSTITUTION
617553117	21705170-d2b6-42de-8904-c3bca4b83591	CMMF003454	Fungi	Basidiomycota	Agaricomycetes	Gomphales	Gomphaceae	Gomphus	Gomphus clavatus		SPECIES	Gomphus clavatus (Pers.) Gray	Gomphus clavatus (Pers.) Gray	(Pers.) Gray	CA	Rawdon	Québec	PRESENT		ff7bd5db-b724-4932-b496-10ea298851f9	46.052398	-73.748752	11000.0						2000-08-11	11	8	2000	5238786	5238786	PRESERVED_SPECIMEN	Université de Montréal Biodiversity Centre	CMMF	CMMF003454		Lamoureux, Yves		CC0_1_0	Université de Montréal Biodiversity Centre	Lamoureux, Yves			2024-01-24T16:38:16.260Z	StillImage	INSTITUTION_MATCH_FUZZY;COLLECTION_MATCH_FUZZY;DIFFERENT_OWNER_INSTITUTION
617549745	21705170-d2b6-42de-8904-c3bca4b83591	CMMF001970	Fungi	Basidiomycota	Agaricomycetes	Gomphales	Gomphaceae	Gomphus	Gomphus clavatus		SPECIES	Gomphus clavatus (Pers.) Gray	Gomphus clavatus (Pers.) Gray	(Pers.) Gray	CA	Saint-Herménégilde	Québec	PRESENT		ff7bd5db-b724-4932-b496-10ea298851f9	45.105574	-71.672847	3000.0						1993-08-16	16	8	1993	5238786	5238786	PRESERVED_SPECIMEN	Université de Montréal Biodiversity Centre	CMMF	CMMF001970		Lamoureux, Yves		CC0_1_0	Université de Montréal Biodiversity Centre	Lamoureux, Yves			2024-01-24T16:38:17.293Z	StillImage	INSTITUTION_MATCH_FUZZY;COLLECTION_MATCH_FUZZY;DIFFERENT_OWNER_INSTITUTION
617547886	21705170-d2b6-42de-8904-c3bca4b83591	CMMF001163	Fungi	Basidiomycota	Agaricomycetes	Gomphales	Gomphaceae	Gomphus	Gomphus clavatus		SPECIES	Gomphus clavatus (Pers.) Gray	Gomphus clavatus (Pers.) Gray	(Pers.) Gray	CA	Saint-Hippolyte	Québec	PRESENT		ff7bd5db-b724-4932-b496-10ea298851f9	45.931985	-74.025434	13000.0						1990-08-19	19	8	1990	5238786	5238786	PRESERVED_SPECIMEN	Université de Montréal Biodiversity Centre	CMMF	CMMF001163		Lamoureux, Yves		CC0_1_0	Université de Montréal Biodiversity Centre	Siné, Simon			2024-01-24T16:38:16.577Z	StillImage	INSTITUTION_MATCH_FUZZY;COLLECTION_MATCH_FUZZY;DIFFERENT_OWNER_INSTITUTION
4994343929	50c9509d-22c7-4a22-a47d-8c48425ef4a7	https://www.inaturalist.org/observations/67540577	Fungi	Basidiomycota	Agaricomycetes	Gomphales	Gomphaceae	Gomphus	Gomphus clavatus		SPECIES	Gomphus clavatus (Pers.) Gray	Gomphus clavatus		CA		Québec	PRESENT		28eb1a3f-1c15-4a95-931a-4af90ecb574d	48.65144	-72.448978	25956.0						2017-09-20	20	9	2017	5238786	5238786	HUMAN_OBSERVATION	iNaturalist	Observations	67540577		Marc-Aurèle Vallée	2021-01-03T22:58:23	CC0_1_0	Marc-Aurèle Vallée	Marc-Aurèle Vallée			2025-01-14T13:10:46.605Z	StillImage	COORDINATE_ROUNDED;CONTINENT_DERIVED_FROM_COORDINATES;TAXON_MATCH_TAXON_ID_IGNORED
4413797761	50c9509d-22c7-4a22-a47d-8c48425ef4a7	https://www.inaturalist.org/observations/182955451	Fungi	Basidiomycota	Agaricomycetes	Gomphales	Gomphaceae	Gomphus	Gomphus clavatus		SPECIES	Gomphus clavatus (Pers.) Gray	Gomphus clavatus		CA		Québec	PRESENT		28eb1a3f-1c15-4a95-931a-4af90ecb574d	45.386967	-72.721192	378.0						2023-09-11T15:47	11	9	2023	5238786	5238786	HUMAN_OBSERVATION	iNaturalist	Observations	182955451		Antoine Fortin	2023-09-12T15:41:05	CC_BY_NC_4_0	Antoine Fortin	Antoine Fortin			2025-01-14T12:40:11.016Z	StillImage	COORDINATE_ROUNDED;CONTINENT_DERIVED_FROM_COORDINATES;TAXON_MATCH_TAXON_ID_IGNORED
4413433129	50c9509d-22c7-4a22-a47d-8c48425ef4a7	https://www.inaturalist.org/observations/180860818	Fungi	Basidiomycota	Agaricomycetes	Gomphales	Gomphaceae	Gomphus	Gomphus clavatus		SPECIES	Gomphus clavatus (Pers.) Gray	Gomphus clavatus		CA		Ontario	PRESENT		28eb1a3f-1c15-4a95-931a-4af90ecb574d	45.558916	-78.27448							2023-08-23T14:13:49	23	8	2023	5238786	5238786	HUMAN_OBSERVATION	iNaturalist	Observations	180860818		Jazz (aka turtlehelper)	2023-08-30T02:13:02	CC_BY_NC_4_0	Jazz (aka turtlehelper)	Jazz (aka turtlehelper)			2025-01-14T12:40:33.143Z	StillImage	COORDINATE_ROUNDED;CONTINENT_DERIVED_FROM_COORDINATES;TAXON_MATCH_TAXON_ID_IGNORED
4413369225	50c9509d-22c7-4a22-a47d-8c48425ef4a7	https://www.inaturalist.org/observations/181791284	Fungi	Basidiomycota	Agaricomycetes	Gomphales	Gomphaceae	Gomphus	Gomphus clavatus		SPECIES	Gomphus clavatus (Pers.) Gray	Gomphus clavatus		CA		Québec	PRESENT		28eb1a3f-1c15-4a95-931a-4af90ecb574d	48.487372	-71.20295	17.0						2023-09-04T10:52:13	4	9	2023	5238786	5238786	HUMAN_OBSERVATION	iNaturalist	Observations	181791284		eric_wilmot	2023-09-04T19:40:04	CC_BY_NC_4_0	eric_wilmot	eric_wilmot			2025-01-14T13:28:52.452Z	StillImage	COORDINATE_ROUNDED;CONTINENT_DERIVED_FROM_COORDINATES;TAXON_MATCH_TAXON_ID_IGNORED
4405216676	50c9509d-22c7-4a22-a47d-8c48425ef4a7	https://www.inaturalist.org/observations/179508497	Fungi	Basidiomycota	Agaricomycetes	Gomphales	Gomphaceae	Gomphus	Gomphus clavatus		SPECIES	Gomphus clavatus (Pers.) Gray	Gomphus clavatus		CA		Québec	PRESENT		28eb1a3f-1c15-4a95-931a-4af90ecb574d	48.032981	-69.417217	4.0						2023-08-18T09:41:21	18	8	2023	5238786	5238786	HUMAN_OBSERVATION	iNaturalist	Observations	179508497		trejdil	2023-08-21T12:07:30	CC_BY_NC_4_0	trejdil	trejdil			2025-01-14T12:39:23.926Z	StillImage	COORDINATE_ROUNDED;CONTINENT_DERIVED_FROM_COORDINATES;TAXON_MATCH_TAXON_ID_IGNORED
4177444757	50c9509d-22c7-4a22-a47d-8c48425ef4a7	https://www.inaturalist.org/observations/177654047	Fungi	Basidiomycota	Agaricomycetes	Gomphales	Gomphaceae	Gomphus	Gomphus clavatus		SPECIES	Gomphus clavatus (Pers.) Gray	Gomphus clavatus		CA		Québec	PRESENT		28eb1a3f-1c15-4a95-931a-4af90ecb574d	48.57735	-72.495637	4.0						2023-08-09T16:47:19	9	8	2023	5238786	5238786	HUMAN_OBSERVATION	iNaturalist	Observations	177654047		ricomycologie	2023-08-10T12:26:14	CC_BY_NC_4_0	ricomycologie	ricomycologie			2025-01-14T13:31:59.738Z	StillImage	COORDINATE_ROUNDED;CONTINENT_DERIVED_FROM_COORDINATES;TAXON_MATCH_TAXON_ID_IGNORED
4177431752	50c9509d-22c7-4a22-a47d-8c48425ef4a7	https://www.inaturalist.org/observations/177761731	Fungi	Basidiomycota	Agaricomycetes	Gomphales	Gomphaceae	Gomphus	Gomphus clavatus		SPECIES	Gomphus clavatus (Pers.) Gray	Gomphus clavatus		CA		Québec	PRESENT		28eb1a3f-1c15-4a95-931a-4af90ecb574d	48.375263	-71.9729	4.0						2023-08-10T14:42:51	10	8	2023	5238786	5238786	HUMAN_OBSERVATION	iNaturalist	Observations	177761731		Séléna Bergeron	2023-08-11T01:55:30	CC_BY_NC_4_0	Séléna Bergeron	Séléna Bergeron			2025-01-14T13:31:44.513Z	StillImage	COORDINATE_ROUNDED;CONTINENT_DERIVED_FROM_COORDINATES;TAXON_MATCH_TAXON_ID_IGNORED
4177001095	50c9509d-22c7-4a22-a47d-8c48425ef4a7	https://www.inaturalist.org/observations/176692051	Fungi	Basidiomycota	Agaricomycetes	Gomphales	Gomphaceae	Gomphus	Gomphus clavatus		SPECIES	Gomphus clavatus (Pers.) Gray	Gomphus clavatus		CA		Québec	PRESENT		28eb1a3f-1c15-4a95-931a-4af90ecb574d	48.579753	-72.490735							2023-08-04T17:33	4	8	2023	5238786	5238786	HUMAN_OBSERVATION	iNaturalist	Observations	176692051		Paul Vézina	2023-08-05T00:18:13	CC_BY_NC_4_0	Paul Vézina	Paul Vézina			2025-01-14T13:31:41.200Z	StillImage	COORDINATE_ROUNDED;CONTINENT_DERIVED_FROM_COORDINATES;TAXON_MATCH_TAXON_ID_IGNORED
4023439992	0f83123f-0c04-4556-8f4d-5a4e2a9bac66	http://id.luomus.fi/MY.3707166	Fungi	Basidiomycota	Agaricomycetes	Gomphales	Gomphaceae	Gomphus	Gomphus clavatus		SPECIES	Gomphus clavatus (Pers.) Gray	Gomphus clavatus (Pers.:Fr.) Gray		CA		Quebec	PRESENT		04fd2e13-6881-4e5c-9dd1-8fdd9ab993c1	47.183333	-70.216666							1941-08-15T00:00Z	15	8	1941	5238786	5238786	PRESERVED_SPECIMEN	H		http://id.luomus.fi/HA.H7036200		Groves, J.W.		CC_BY_4_0		Jackson, H. A. C.			2025-01-12T05:29:53.190Z		CONTINENT_DERIVED_FROM_COORDINATES;TAXON_MATCH_TAXON_ID_IGNORED;COLLECTION_MATCH_NONE;INSTITUTION_MATCH_FUZZY
3966389889	50c9509d-22c7-4a22-a47d-8c48425ef4a7	https://www.inaturalist.org/observations/141657188	Fungi	Basidiomycota	Agaricomycetes	Gomphales	Gomphaceae	Gomphus	Gomphus clavatus		SPECIES	Gomphus clavatus (Pers.) Gray	Gomphus clavatus		CA		New Brunswick	PRESENT		28eb1a3f-1c15-4a95-931a-4af90ecb574d	45.548367	-65.021172	200.0						2021-09-29T11:27	29	9	2021	5238786	5238786	HUMAN_OBSERVATION	iNaturalist	Observations	141657188		Alfredo Justo	2022-11-11T01:08:28	CC_BY_NC_4_0	Alfredo Justo	Alfredo Justo			2025-01-14T13:25:52.812Z	StillImage	COORDINATE_ROUNDED;CONTINENT_DERIVED_FROM_COORDINATES;TAXON_MATCH_TAXON_ID_IGNORED
3965614295	0ec61c42-6eda-441e-b327-7ec241c8ec95	d81b0067-a300-4e01-971a-c8bca8bc525d	Fungi	Basidiomycota	Agaricomycetes	Gomphales	Gomphaceae	Gomphus	Gomphus clavatus		SPECIES	Cantharellus clavatus (Pers.) Fr.	Cantharellus clavatus	(Pers.) Fr.	CA	Bonaventure Island off Gaspe Peninsula	Quebec	PRESENT		00ff478a-9da6-4c8d-b60d-43ee8c88cd1f	48.5	-64.166667							1959-08-15	15	8	1959	5238793	5238786	PRESERVED_SPECIMEN	WSP	WSP	WSP49005				CC_BY_4_0		WM. Bridge Cooke; V. G. Cooke; Goos			2025-01-15T08:28:23.892Z		GEODETIC_DATUM_ASSUMED_WGS84;CONTINENT_DERIVED_FROM_COORDINATES;TAXON_MATCH_TAXON_ID_IGNORED;AMBIGUOUS_COLLECTION;INSTITUTION_MATCH_FUZZY
3947323260	50c9509d-22c7-4a22-a47d-8c48425ef4a7	https://www.inaturalist.org/observations/138666034	Fungi	Basidiomycota	Agaricomycetes	Gomphales	Gomphaceae	Gomphus	Gomphus clavatus		SPECIES	Gomphus clavatus (Pers.) Gray	Gomphus clavatus		CA		New Brunswick	PRESENT		28eb1a3f-1c15-4a95-931a-4af90ecb574d	45.544064	-65.025069	4428.0						2022-10-12T11:17	12	10	2022	5238786	5238786	HUMAN_OBSERVATION	iNaturalist	Observations	138666034		Alfredo Justo	2022-10-13T23:43:05	CC_BY_NC_4_0	Alfredo Justo	Alfredo Justo			2025-01-14T12:34:09.758Z	StillImage	COORDINATE_ROUNDED;CONTINENT_DERIVED_FROM_COORDINATES;TAXON_MATCH_TAXON_ID_IGNORED
3355702277	50c9509d-22c7-4a22-a47d-8c48425ef4a7	https://www.inaturalist.org/observations/94027319	Fungi	Basidiomycota	Agaricomycetes	Gomphales	Gomphaceae	Gomphus	Gomphus clavatus		SPECIES	Gomphus clavatus (Pers.) Gray	Gomphus clavatus		CA		New Brunswick	PRESENT		28eb1a3f-1c15-4a95-931a-4af90ecb574d	48.021893	-66.412881	10.0						2021-09-07T16:19:29	7	9	2021	5238786	5238786	HUMAN_OBSERVATION	iNaturalist	Observations	94027319		mistertomatohead	2021-09-07T19:20:42	CC_BY_NC_4_0	mistertomatohead	mistertomatohead			2025-01-14T12:21:37.632Z	StillImage	COORDINATE_ROUNDED;CONTINENT_DERIVED_FROM_COORDINATES;TAXON_MATCH_TAXON_ID_IGNORED
2423612420	21705170-d2b6-42de-8904-c3bca4b83591	CMMF018798	Fungi	Basidiomycota	Agaricomycetes	Gomphales	Gomphaceae	Gomphus	Gomphus clavatus		SPECIES	Gomphus clavatus (Pers.) Gray	Gomphus clavatus (Pers.) Gray	(Pers.) Gray	CA	SBUM	Québec	PRESENT		ff7bd5db-b724-4932-b496-10ea298851f9	45.988108	-74.005679	2500.0						1978-08-06	6	8	1978	5238786	5238786	PRESERVED_SPECIMEN	Université de Montréal Biodiversity Centre	CMMF	CMMF018798	s.n.	Nantel, Patrick		CC0_1_0	Université de Montréal Biodiversity Centre	Nantel, Patrick			2024-01-24T16:38:18.601Z		INSTITUTION_MATCH_FUZZY;COLLECTION_MATCH_FUZZY;DIFFERENT_OWNER_INSTITUTION
1990310922	032f1fbe-d21f-407d-be46-5cd1bb1ea397	56b76dbf-4191-4881-9240-46e9435a1576	Fungi	Basidiomycota	Agaricomycetes	Gomphales	Gomphaceae	Gomphus	Gomphus clavatus		SPECIES	Gomphus clavatus (Pers.) Gray	Gomphus clavatus	(Pers.) Gray	CA	Scots Bay, Cape Split	Nova Scotia	PRESENT		61c539d8-47e0-4b82-875f-b95aad66dcd4	45.326389	-64.438889							1973-08-29	29	8	1973	5238786	5238786	PRESERVED_SPECIMEN	TENN-F		TENN-F-037915	RHP37915			CC0_1_0		R.H. Petersen			2025-01-12T10:33:51.265Z		COORDINATE_ROUNDED;GEODETIC_DATUM_ASSUMED_WGS84;CONTINENT_DERIVED_FROM_COORDINATES;TAXON_MATCH_TAXON_ID_IGNORED;INSTITUTION_MATCH_NONE
1990290349	032f1fbe-d21f-407d-be46-5cd1bb1ea397	d7d1b2f6-9a23-46f0-9e6b-8d51ca4742cf	Fungi	Basidiomycota	Agaricomycetes	Gomphales	Gomphaceae	Gomphus	Gomphus clavatus		SPECIES	Gomphus clavatus (Pers.) Gray	Gomphus clavatus	(Pers.) Gray	CA	Glenmont	Nova Scotia	PRESENT		61c539d8-47e0-4b82-875f-b95aad66dcd4	45.1875	-64.493056							1959-09-18	18	9	1959	5238786	5238786	PRESERVED_SPECIMEN	TENN-F		TENN-F-016872	KAH113729			CC0_1_0		K.A. Harrison			2025-01-12T10:33:52.780Z		COORDINATE_ROUNDED;GEODETIC_DATUM_ASSUMED_WGS84;CONTINENT_DERIVED_FROM_COORDINATES;TAXON_MATCH_TAXON_ID_IGNORED;INSTITUTION_MATCH_NONE
1807260839	e8a25a42-f125-476c-8554-3ec21cd51a84	ACAD:117135	Fungi	Basidiomycota	Agaricomycetes	Gomphales	Gomphaceae	Gomphus	Gomphus clavatus		SPECIES	Gomphus clavatus (Pers.) Gray	Gomphus clavatus (Pers.) Gray	(Pers.) Gray	CA	Glenmont	Nova Scotia	PRESENT		6491ad8c-8e49-4bd4-a089-0ddb3bbe0890	45.18614	-64.50197							1955-10-25	25	10	1955	5238786	5238786	PRESERVED_SPECIMEN	Acadia University	ACAD	5403F	5403	H, KA		CC0_1_0	Acadia University	Harrison, KA			2024-01-25T01:37:12.318Z	StillImage	GEODETIC_DATUM_INVALID;GEODETIC_DATUM_ASSUMED_WGS84;TAXON_MATCH_TAXON_ID_IGNORED;INSTITUTION_MATCH_FUZZY;COLLECTION_MATCH_FUZZY
1807260579	e8a25a42-f125-476c-8554-3ec21cd51a84	ACAD:117136	Fungi	Basidiomycota	Agaricomycetes	Gomphales	Gomphaceae	Gomphus	Gomphus clavatus		SPECIES	Gomphus clavatus (Pers.) Gray	Gomphus clavatus (Pers.) Gray	(Pers.) Gray	CA	Glenmont	Nova Scotia	PRESENT		6491ad8c-8e49-4bd4-a089-0ddb3bbe0890	45.18614	-64.50197							1959-09-18	18	9	1959	5238786	5238786	PRESERVED_SPECIMEN	Acadia University	ACAD	5404F	5404	H, KA		CC0_1_0	Acadia University	Harrison, KA			2024-01-25T01:37:12.324Z	StillImage	GEODETIC_DATUM_INVALID;GEODETIC_DATUM_ASSUMED_WGS84;TAXON_MATCH_TAXON_ID_IGNORED;INSTITUTION_MATCH_FUZZY;COLLECTION_MATCH_FUZZY
1807256223	e8a25a42-f125-476c-8554-3ec21cd51a84	ACAD:112988	Fungi	Basidiomycota	Agaricomycetes	Gomphales	Gomphaceae	Gomphus	Gomphus clavatus		SPECIES	Gomphus clavatus (Pers.) Gray	Gomphus clavatus (Pers.) Gray	(Pers.) Gray	CA	Scots Bay	Nova Scotia	PRESENT		6491ad8c-8e49-4bd4-a089-0ddb3bbe0890	45.30702	-64.39322							1935-08-28	28	8	1935	5238786	5238786	PRESERVED_SPECIMEN	Acadia University	ACAD	526F	526			CC0_1_0	Acadia University	H, KA			2024-01-25T01:37:11.678Z	StillImage	GEODETIC_DATUM_INVALID;GEODETIC_DATUM_ASSUMED_WGS84;TAXON_MATCH_TAXON_ID_IGNORED;INSTITUTION_MATCH_FUZZY;COLLECTION_MATCH_FUZZY
1412706859	21705170-d2b6-42de-8904-c3bca4b83591	CMMF015282	Fungi	Basidiomycota	Agaricomycetes	Gomphales	Gomphaceae	Gomphus	Gomphus clavatus		SPECIES	Gomphus clavatus (Pers.) Gray	Gomphus clavatus (Pers.) Gray	(Pers.) Gray	CA	Rang Saint-Martin, Chicoutimi, Québec.	Québec	PRESENT		ff7bd5db-b724-4932-b496-10ea298851f9	48.42951	-70.956161	6000.0						1996-08-07	7	8	1996	5238786	5238786	PRESERVED_SPECIMEN	Université de Montréal Biodiversity Centre	CMMF	CMMF015282	635	Guérin, Gérard		CC0_1_0	Université de Montréal Biodiversity Centre	Guérin, Gérard			2024-01-24T16:38:17.042Z	StillImage	INSTITUTION_MATCH_FUZZY;COLLECTION_MATCH_FUZZY;DIFFERENT_OWNER_INSTITUTION
1412706761	21705170-d2b6-42de-8904-c3bca4b83591	CMMF015281	Fungi	Basidiomycota	Agaricomycetes	Gomphales	Gomphaceae	Gomphus	Gomphus clavatus		SPECIES	Gomphus clavatus (Pers.) Gray	Gomphus clavatus (Pers.) Gray	(Pers.) Gray	CA	Saint-Gédéon, Québec.	Québec	PRESENT		ff7bd5db-b724-4932-b496-10ea298851f9	48.494484	-71.775457	15000.0						1982-08-14	14	8	1982	5238786	5238786	PRESERVED_SPECIMEN	Université de Montréal Biodiversity Centre	CMMF	CMMF015281	634	Guérin, Gérard		CC0_1_0	Université de Montréal Biodiversity Centre	Guérin, Gérard			2024-01-24T16:38:17.047Z	StillImage	INSTITUTION_MATCH_FUZZY;COLLECTION_MATCH_FUZZY;DIFFERENT_OWNER_INSTITUTION
1412703263	21705170-d2b6-42de-8904-c3bca4b83591	CMMF011720	Fungi	Basidiomycota	Agaricomycetes	Gomphales	Gomphaceae	Gomphus	Gomphus clavatus		SPECIES	Cantharellus clavatus (Pers.) Fr.	Cantharellus clavatus (Pers.) Fr.	(Pers.) Fr.	CA	Sainte-Irène, Matapédia, Québec.	Québec	PRESENT		ff7bd5db-b724-4932-b496-10ea298851f9	48.434787	-67.590575	8000.0						1972-08-21	21	8	1972	5238793	5238786	PRESERVED_SPECIMEN	Université de Montréal Biodiversity Centre	CMMF	CMMF011720	2	Chamberland, C.A.		CC0_1_0	Université de Montréal Biodiversity Centre	Abud, Louise; Campagna, Elzéar			2024-01-24T16:38:18.269Z		INSTITUTION_MATCH_FUZZY;COLLECTION_MATCH_FUZZY;DIFFERENT_OWNER_INSTITUTION
1412703145	21705170-d2b6-42de-8904-c3bca4b83591	CMMF011577	Fungi	Basidiomycota	Agaricomycetes	Gomphales	Gomphaceae	Gomphus	Gomphus clavatus		SPECIES	Cantharellus clavatus (Pers.) Fr.	Cantharellus clavatus (Pers.) Fr.	(Pers.) Fr.	CA	Sainte-Anne de la Pocatière, Kamouraska, Québec.	Québec	PRESENT		ff7bd5db-b724-4932-b496-10ea298851f9	47.366667	-70.033333	8000.0						1944-09-09	9	9	1944	5238793	5238786	PRESERVED_SPECIMEN	Université de Montréal Biodiversity Centre	CMMF	CMMF011577	18439	Pomerleau, René		CC0_1_0	Université de Montréal Biodiversity Centre	Campagna, Elzéar; Dubé, Lucien			2024-01-24T16:38:18.047Z		INSTITUTION_MATCH_FUZZY;COLLECTION_MATCH_FUZZY;DIFFERENT_OWNER_INSTITUTION
1135069600	21705170-d2b6-42de-8904-c3bca4b83591	CMMF008095	Fungi	Basidiomycota	Agaricomycetes	Gomphales	Gomphaceae	Gomphus	Gomphus clavatus		SPECIES	Gomphus clavatus (Pers.) Gray	Gomphus clavatus (Pers.) Gray	(Pers.) Gray	CA	Centre écologique Port-au-Saumon	Québec	PRESENT		ff7bd5db-b724-4932-b496-10ea298851f9	47.773333	-69.949333	100.0						1981-08-19	19	8	1981	5238786	5238786	PRESERVED_SPECIMEN	Université de Montréal Biodiversity Centre	CMMF	CMMF008095	1242	McNeil, Raymond		CC0_1_0	Université de Montréal Biodiversity Centre	McNeil, Raymond			2024-01-24T16:38:18.114Z	StillImage	COORDINATE_ROUNDED;INSTITUTION_MATCH_FUZZY;COLLECTION_MATCH_FUZZY;DIFFERENT_OWNER_INSTITUTION
