gbifID	datasetKey	occurrenceID	kingdom	phylum	class	order	family	genus	species	infraspecificEpithet	taxonRank	scientificName	verbatimScientificName	verbatimScientificNameAuthorship	countryCode	locality	stateProvince	occurrenceStatus	individualCount	publishingOrgKey	decimalLatitude	decimalLongitude	coordinateUncertaintyInMeters	coordinatePrecision	elevation	elevationAccuracy	depth	depthAccuracy	eventDate	day	month	year	taxonKey	speciesKey	basisOfRecord	institutionCode	collectionCode	catalogNumber	recordNumber	identifiedBy	dateIdentified	license	rightsHolder	recordedBy	typeStatus	establishmentMeans	lastInterpreted	mediaType	issue
617555005	21705170-d2b6-42de-8904-c3bca4b83591	CMMF000614	Fungi	Basidiomycota	Agaricomycetes	Russulales	Auriscalpiaceae	Lentinellus	Lentinellus ursinus		SPECIES	Lentinellus ursinus (Fr.) Kühner	Lentinellus ursinus (Fr.) Kühner	(Fr.) Kühner	CA	Laval	Québec	PRESENT		ff7bd5db-b724-4932-b496-10ea298851f9	45.609608	-73.705867	17500.0						1989-08-07	7	8	1989	9044184	9044184	PRESERVED_SPECIMEN	Université de Montréal Biodiversity Centre	CMMF	CMMF000614		Lamoureux, Yves		CC0_1_0	Université de Montréal Biodiversity Centre	Lamoureux, Yves			2024-01-24T16:38:20.204Z	StillImage	INSTITUTION_MATCH_FUZZY;COLLECTION_MATCH_FUZZY;DIFFERENT_OWNER_INSTITUTION
617552145	21705170-d2b6-42de-8904-c3bca4b83591	CMMF003022	Fungi	Basidiomycota	Agaricomycetes	Russulales	Auriscalpiaceae	Lentinellus	Lentinellus ursinus		SPECIES	Lentinellus ursinus (Fr.) Kühner	Lentinellus ursinus (Fr.) Kühner	(Fr.) Kühner	CA	Québec	Québec	PRESENT		ff7bd5db-b724-4932-b496-10ea298851f9	46.86201	-71.307678	15000.0						1996-09-30	30	9	1996	9044184	9044184	PRESERVED_SPECIMEN	Université de Montréal Biodiversity Centre	CMMF	CMMF003022		Lamoureux, Yves		CC0_1_0	Université de Montréal Biodiversity Centre	Labrecque, Jacqueline			2024-01-24T16:38:16.634Z	StillImage	INSTITUTION_MATCH_FUZZY;COLLECTION_MATCH_FUZZY;DIFFERENT_OWNER_INSTITUTION
617549506	21705170-d2b6-42de-8904-c3bca4b83591	CMMF000187	Fungi	Basidiomycota	Agaricomycetes	Russulales	Auriscalpiaceae	Lentinellus	Lentinellus ursinus		SPECIES	Lentinellus ursinus (Fr.) Kühner	Lentinellus ursinus (Fr.) Kühner	(Fr.) Kühner	CA	Montréal	Québec	PRESENT		ff7bd5db-b724-4932-b496-10ea298851f9	45.509625	-73.662984	25000.0						1988-08-19	19	8	1988	9044184	9044184	PRESERVED_SPECIMEN	Université de Montréal Biodiversity Centre	CMMF	CMMF000187		Lamoureux, Yves		CC0_1_0	Université de Montréal Biodiversity Centre	Lamoureux, Yves			2024-01-24T16:38:20.723Z	StillImage	INSTITUTION_MATCH_FUZZY;COLLECTION_MATCH_FUZZY;DIFFERENT_OWNER_INSTITUTION
617549434	21705170-d2b6-42de-8904-c3bca4b83591	CMMF000184	Fungi	Basidiomycota	Agaricomycetes	Russulales	Auriscalpiaceae	Lentinellus	Lentinellus ursinus		SPECIES	Lentinellus ursinus (Fr.) Kühner	Lentinellus ursinus (Fr.) Kühner	(Fr.) Kühner	CA	Laval	Québec	PRESENT		ff7bd5db-b724-4932-b496-10ea298851f9	45.609608	-73.705867	17500.0						1988-08-19	19	8	1988	9044184	9044184	PRESERVED_SPECIMEN	Université de Montréal Biodiversity Centre	CMMF	CMMF000184		Lamoureux, Yves		CC0_1_0	Université de Montréal Biodiversity Centre	Lamoureux, Yves			2024-01-24T16:38:20.723Z	StillImage	INSTITUTION_MATCH_FUZZY;COLLECTION_MATCH_FUZZY;DIFFERENT_OWNER_INSTITUTION
617549128	21705170-d2b6-42de-8904-c3bca4b83591	CMMF001708	Fungi	Basidiomycota	Agaricomycetes	Russulales	Auriscalpiaceae	Lentinellus	Lentinellus ursinus		SPECIES	Lentinellus ursinus (Fr.) Kühner	Lentinellus ursinus (Fr.) Kühner	(Fr.) Kühner	CA	Longueuil	Québec	PRESENT		ff7bd5db-b724-4932-b496-10ea298851f9	45.544154	-73.477185	5000.0						1992-07-30	30	7	1992	9044184	9044184	PRESERVED_SPECIMEN	Université de Montréal Biodiversity Centre	CMMF	CMMF001708		Lamoureux, Yves		CC0_1_0	Université de Montréal Biodiversity Centre	Lamoureux, Yves			2024-01-24T16:38:17.208Z	StillImage	INSTITUTION_MATCH_FUZZY;COLLECTION_MATCH_FUZZY;DIFFERENT_OWNER_INSTITUTION
4987759493	50c9509d-22c7-4a22-a47d-8c48425ef4a7	https://www.inaturalist.org/observations/252683565	Fungi	Basidiomycota	Agaricomycetes	Russulales	Auriscalpiaceae	Lentinellus	Lentinellus ursinus		SPECIES	Lentinellus ursinus (Fr.) Kühner	Lentinellus ursinus		CA		Québec	PRESENT		28eb1a3f-1c15-4a95-931a-4af90ecb574d	45.037455	-74.071997	1953.0						2024-09-17T08:38	17	9	2024	9044184	9044184	HUMAN_OBSERVATION	iNaturalist	Observations	252683565		Annabelle Langlois	2024-11-23T05:42:22	CC_BY_NC_4_0	Annabelle Langlois	Annabelle Langlois			2025-01-14T12:55:03.134Z	StillImage	COORDINATE_ROUNDED;CONTINENT_DERIVED_FROM_COORDINATES;TAXON_MATCH_TAXON_ID_IGNORED
4946161415	50c9509d-22c7-4a22-a47d-8c48425ef4a7	https://www.inaturalist.org/observations/242011943	Fungi	Basidiomycota	Agaricomycetes	Russulales	Auriscalpiaceae	Lentinellus	Lentinellus ursinus		SPECIES	Lentinellus ursinus (Fr.) Kühner	Lentinellus ursinus		CA		Ontario	PRESENT		28eb1a3f-1c15-4a95-931a-4af90ecb574d	45.456424	-75.548949	31.0						2024-09-15T15:16	15	9	2024	9044184	9044184	HUMAN_OBSERVATION	iNaturalist	Observations	242011943		jonathan_mack	2024-09-16T02:09:22	CC_BY_NC_4_0	jonathan_mack	jonathan_mack			2025-01-14T13:37:34.939Z	StillImage	COORDINATE_ROUNDED;CONTINENT_DERIVED_FROM_COORDINATES;TAXON_MATCH_TAXON_ID_IGNORED
4436164109	50c9509d-22c7-4a22-a47d-8c48425ef4a7	https://www.inaturalist.org/observations/189087668	Fungi	Basidiomycota	Agaricomycetes	Russulales	Auriscalpiaceae	Lentinellus	Lentinellus ursinus		SPECIES	Lentinellus ursinus (Fr.) Kühner	Lentinellus ursinus		CA		Ontario	PRESENT		28eb1a3f-1c15-4a95-931a-4af90ecb574d	45.1639	-75.460155							2023-10-26T11:01:04	26	10	2023	9044184	9044184	HUMAN_OBSERVATION	iNaturalist	Observations	189087668		Randy	2023-10-27T05:28:41	CC_BY_NC_4_0	Randy	Randy			2025-01-14T12:42:58.879Z	StillImage	CONTINENT_DERIVED_FROM_COORDINATES;TAXON_MATCH_TAXON_ID_IGNORED
4417071917	50c9509d-22c7-4a22-a47d-8c48425ef4a7	https://www.inaturalist.org/observations/184953639	Fungi	Basidiomycota	Agaricomycetes	Russulales	Auriscalpiaceae	Lentinellus	Lentinellus ursinus		SPECIES	Lentinellus ursinus (Fr.) Kühner	Lentinellus ursinus		CA		Ontario	PRESENT		28eb1a3f-1c15-4a95-931a-4af90ecb574d	45.40219	-75.58584	183.0						2023-09-25T09:22	25	9	2023	9044184	9044184	HUMAN_OBSERVATION	iNaturalist	Observations	184953639		L Joan Heyding	2023-09-26T01:48:02	CC_BY_NC_4_0	L Joan Heyding	L Joan Heyding			2025-01-14T12:42:39.633Z	StillImage	COORDINATE_ROUNDED;CONTINENT_DERIVED_FROM_COORDINATES;TAXON_MATCH_TAXON_ID_IGNORED
4416793445	50c9509d-22c7-4a22-a47d-8c48425ef4a7	https://www.inaturalist.org/observations/179770317	Fungi	Basidiomycota	Agaricomycetes	Russulales	Auriscalpiaceae	Lentinellus	Lentinellus ursinus		SPECIES	Lentinellus ursinus (Fr.) Kühner	Lentinellus ursinus		CA		Québec	PRESENT		28eb1a3f-1c15-4a95-931a-4af90ecb574d	45.387164	-72.723252	712.0						2023-08-18T15:21	18	8	2023	9044184	9044184	HUMAN_OBSERVATION	iNaturalist	Observations	179770317		Antoine Fortin	2023-08-23T01:56:31	CC_BY_NC_4_0	Antoine Fortin	Antoine Fortin			2025-01-14T12:42:10.145Z	StillImage	COORDINATE_ROUNDED;CONTINENT_DERIVED_FROM_COORDINATES;TAXON_MATCH_TAXON_ID_IGNORED
4405203899	50c9509d-22c7-4a22-a47d-8c48425ef4a7	https://www.inaturalist.org/observations/179768364	Fungi	Basidiomycota	Agaricomycetes	Russulales	Auriscalpiaceae	Lentinellus	Lentinellus ursinus		SPECIES	Lentinellus ursinus (Fr.) Kühner	Lentinellus ursinus		CA		Ontario	PRESENT		28eb1a3f-1c15-4a95-931a-4af90ecb574d	45.457375	-75.467774	9.0						2023-08-22T18:58	22	8	2023	9044184	9044184	HUMAN_OBSERVATION	iNaturalist	Observations	179768364		jonathan_mack	2023-08-23T01:36:54	CC_BY_NC_4_0	jonathan_mack	jonathan_mack			2025-01-14T12:40:00.170Z	StillImage	COORDINATE_ROUNDED;CONTINENT_DERIVED_FROM_COORDINATES;TAXON_MATCH_TAXON_ID_IGNORED
4400059239	50c9509d-22c7-4a22-a47d-8c48425ef4a7	https://www.inaturalist.org/observations/179548410	Fungi	Basidiomycota	Agaricomycetes	Russulales	Auriscalpiaceae	Lentinellus	Lentinellus ursinus		SPECIES	Lentinellus ursinus (Fr.) Kühner	Lentinellus ursinus		CA		Ontario	PRESENT		28eb1a3f-1c15-4a95-931a-4af90ecb574d	45.549324	-78.633515	1007.0						2023-08-20T14:39:08	20	8	2023	9044184	9044184	HUMAN_OBSERVATION	iNaturalist	Observations	179548410		shawn is he	2023-08-21T16:59:46	CC_BY_NC_4_0	shawn is he	shawn is he			2025-01-14T13:32:39.500Z	StillImage	COORDINATE_ROUNDED;CONTINENT_DERIVED_FROM_COORDINATES;TAXON_MATCH_TAXON_ID_IGNORED
4166286657	695cef75-b65f-4776-b2ed-74565eebb16e	02-01000962251	Fungi	Basidiomycota	Agaricomycetes	Russulales	Auriscalpiaceae	Lentinellus	Lentinellus ursinus		SPECIES	Lentinellus ursinus (Fr.) Kühner	Lentinellus ursinus	(Fr.) Kühner	CA	Portage into W. end of Misty Lake from Petawawa River	Ontario	PRESENT		055bd978-2daa-4543-b3f0-44e0e87e86ca	45.691667	-78.85							1977-08-28	28	8	1977	9044184	9044184	PRESERVED_SPECIMEN	AAFC	DAOM	186525		S.A. Redhead		CC_BY_4_0	©His Majesty the King in Right of Canada, as represented by the Minister of Agriculture and Agri-Food	G. Thorn			2025-01-12T05:11:16.557Z		GEODETIC_DATUM_ASSUMED_WGS84;CONTINENT_DERIVED_FROM_COORDINATES;TAXON_MATCH_TAXON_ID_IGNORED;INSTITUTION_MATCH_FUZZY
4162062676	50c9509d-22c7-4a22-a47d-8c48425ef4a7	https://www.inaturalist.org/observations/171821313	Fungi	Basidiomycota	Agaricomycetes	Russulales	Auriscalpiaceae	Lentinellus	Lentinellus ursinus		SPECIES	Lentinellus ursinus (Fr.) Kühner	Lentinellus ursinus		CA		Québec	PRESENT		28eb1a3f-1c15-4a95-931a-4af90ecb574d	45.555761	-73.470882	31.0						2023-07-08T10:23	8	7	2023	9044184	9044184	HUMAN_OBSERVATION	iNaturalist	Observations	171821313		Antoine Fortin	2023-07-08T20:38:42	CC_BY_NC_4_0	Antoine Fortin	Antoine Fortin			2025-01-14T13:31:03.854Z	StillImage	COORDINATE_ROUNDED;CONTINENT_DERIVED_FROM_COORDINATES;TAXON_MATCH_TAXON_ID_IGNORED
4153360776	50c9509d-22c7-4a22-a47d-8c48425ef4a7	https://www.inaturalist.org/observations/171253937	Fungi	Basidiomycota	Agaricomycetes	Russulales	Auriscalpiaceae	Lentinellus	Lentinellus ursinus		SPECIES	Lentinellus ursinus (Fr.) Kühner	Lentinellus ursinus		CA		Québec	PRESENT		28eb1a3f-1c15-4a95-931a-4af90ecb574d	45.503619	-73.588622	8.0						2022-08-12T15:51	12	8	2022	9044184	9044184	HUMAN_OBSERVATION	iNaturalist	Observations	171253937		Antoine Fortin	2023-07-05T18:59:25	CC_BY_NC_4_0	Antoine Fortin	Antoine Fortin			2025-01-14T13:31:27.127Z	StillImage	COORDINATE_ROUNDED;CONTINENT_DERIVED_FROM_COORDINATES;TAXON_MATCH_TAXON_ID_IGNORED
3988633282	50c9509d-22c7-4a22-a47d-8c48425ef4a7	https://www.inaturalist.org/observations/143798374	Fungi	Basidiomycota	Agaricomycetes	Russulales	Auriscalpiaceae	Lentinellus	Lentinellus ursinus		SPECIES	Lentinellus ursinus (Fr.) Kühner	Lentinellus ursinus		CA		Québec	PRESENT		28eb1a3f-1c15-4a95-931a-4af90ecb574d	46.79389	-71.329744	15.0						2022-09-06	6	9	2022	9044184	9044184	HUMAN_OBSERVATION	iNaturalist	Observations	143798374		Christian Grenier	2022-12-06T15:30:15	CC_BY_NC_4_0	Christian Grenier	Christian Grenier			2025-01-14T12:32:44.722Z	StillImage	COORDINATE_ROUNDED;CONTINENT_DERIVED_FROM_COORDINATES;TAXON_MATCH_TAXON_ID_IGNORED
3915639192	50c9509d-22c7-4a22-a47d-8c48425ef4a7	https://www.inaturalist.org/observations/136681994	Fungi	Basidiomycota	Agaricomycetes	Russulales	Auriscalpiaceae	Lentinellus	Lentinellus ursinus		SPECIES	Lentinellus ursinus (Fr.) Kühner	Lentinellus ursinus		CA		Ontario	PRESENT		28eb1a3f-1c15-4a95-931a-4af90ecb574d	45.403142	-75.587188	5.0						2022-09-26T10:29:13	26	9	2022	9044184	9044184	HUMAN_OBSERVATION	iNaturalist	Observations	136681994		Lynn Ovenden	2022-09-27T13:01:45	CC_BY_NC_4_0	Lynn Ovenden	Lynn Ovenden			2025-01-14T14:07:11.011Z	StillImage	COORDINATE_ROUNDED;CONTINENT_DERIVED_FROM_COORDINATES;TAXON_MATCH_TAXON_ID_IGNORED
3915426740	50c9509d-22c7-4a22-a47d-8c48425ef4a7	https://www.inaturalist.org/observations/136063017	Fungi	Basidiomycota	Agaricomycetes	Russulales	Auriscalpiaceae	Lentinellus	Lentinellus ursinus		SPECIES	Lentinellus ursinus (Fr.) Kühner	Lentinellus ursinus		CA		Ontario	PRESENT		28eb1a3f-1c15-4a95-931a-4af90ecb574d	45.149331	-75.396413	4.0						2022-09-20T11:37:06	20	9	2022	9044184	9044184	HUMAN_OBSERVATION	iNaturalist	Observations	136063017		Randy	2022-09-22T17:56:14	CC_BY_NC_4_0	Randy	Randy			2025-01-14T13:26:15.160Z	StillImage	COORDINATE_ROUNDED;CONTINENT_DERIVED_FROM_COORDINATES;TAXON_MATCH_TAXON_ID_IGNORED
3915310009	50c9509d-22c7-4a22-a47d-8c48425ef4a7	https://www.inaturalist.org/observations/135864600	Fungi	Basidiomycota	Agaricomycetes	Russulales	Auriscalpiaceae	Lentinellus	Lentinellus ursinus		SPECIES	Lentinellus ursinus (Fr.) Kühner	Lentinellus ursinus		CA		Québec	PRESENT		28eb1a3f-1c15-4a95-931a-4af90ecb574d	46.095721	-73.567129	14.0						2022-09-17T14:18	17	9	2022	9044184	9044184	HUMAN_OBSERVATION	iNaturalist	Observations	135864600		jonathan_mack	2022-09-21T01:57:45	CC_BY_NC_4_0	jonathan_mack	jonathan_mack			2025-01-14T13:24:43.701Z	StillImage	COORDINATE_ROUNDED;CONTINENT_DERIVED_FROM_COORDINATES;TAXON_MATCH_TAXON_ID_IGNORED
3912445671	50c9509d-22c7-4a22-a47d-8c48425ef4a7	https://www.inaturalist.org/observations/135236368	Fungi	Basidiomycota	Agaricomycetes	Russulales	Auriscalpiaceae	Lentinellus	Lentinellus ursinus		SPECIES	Lentinellus ursinus (Fr.) Kühner	Lentinellus ursinus		CA		Québec	PRESENT		28eb1a3f-1c15-4a95-931a-4af90ecb574d	45.431549	-73.946351	4.0						2022-09-16T08:53:16	16	9	2022	9044184	9044184	HUMAN_OBSERVATION	iNaturalist	Observations	135236368		abrunet27	2022-09-16T12:54:29	CC_BY_NC_4_0	abrunet27	abrunet27			2025-01-14T12:31:47.427Z	StillImage	COORDINATE_ROUNDED;CONTINENT_DERIVED_FROM_COORDINATES;TAXON_MATCH_TAXON_ID_IGNORED
3912439654	50c9509d-22c7-4a22-a47d-8c48425ef4a7	https://www.inaturalist.org/observations/135743477	Fungi	Basidiomycota	Agaricomycetes	Russulales	Auriscalpiaceae	Lentinellus	Lentinellus ursinus		SPECIES	Lentinellus ursinus (Fr.) Kühner	Lentinellus ursinus		CA		Québec	PRESENT		28eb1a3f-1c15-4a95-931a-4af90ecb574d	46.004492	-73.411546	53.0						2022-09-16T13:48	16	9	2022	9044184	9044184	HUMAN_OBSERVATION	iNaturalist	Observations	135743477		jonathan_mack	2022-09-20T02:40:53	CC_BY_NC_4_0	jonathan_mack	jonathan_mack			2025-01-14T13:25:12.037Z	StillImage	COORDINATE_ROUNDED;CONTINENT_DERIVED_FROM_COORDINATES;TAXON_MATCH_TAXON_ID_IGNORED
3911978182	50c9509d-22c7-4a22-a47d-8c48425ef4a7	https://www.inaturalist.org/observations/135173443	Fungi	Basidiomycota	Agaricomycetes	Russulales	Auriscalpiaceae	Lentinellus	Lentinellus ursinus		SPECIES	Lentinellus ursinus (Fr.) Kühner	Lentinellus ursinus		CA		Québec	PRESENT		28eb1a3f-1c15-4a95-931a-4af90ecb574d	45.877705	-74.07488	305.0						2022-09-15T13:32:49	15	9	2022	9044184	9044184	HUMAN_OBSERVATION	iNaturalist	Observations	135173443		Séléna Bergeron	2022-09-15T21:33:28	CC_BY_NC_4_0	Séléna Bergeron	Séléna Bergeron			2025-01-14T13:25:39.241Z	StillImage	COORDINATE_ROUNDED;CONTINENT_DERIVED_FROM_COORDINATES;TAXON_MATCH_TAXON_ID_IGNORED
3902008097	50c9509d-22c7-4a22-a47d-8c48425ef4a7	https://www.inaturalist.org/observations/129911917	Fungi	Basidiomycota	Agaricomycetes	Russulales	Auriscalpiaceae	Lentinellus	Lentinellus ursinus		SPECIES	Lentinellus ursinus (Fr.) Kühner	Lentinellus ursinus		CA		Québec	PRESENT		28eb1a3f-1c15-4a95-931a-4af90ecb574d	46.258275	-72.641469	333.0						2022-08-06T10:55	6	8	2022	9044184	9044184	HUMAN_OBSERVATION	iNaturalist	Observations	129911917		Vincent Auclair	2022-08-08T00:20:08	CC_BY_NC_4_0	Vincent Auclair	Vincent Auclair			2025-01-14T12:31:10.438Z	StillImage	COORDINATE_ROUNDED;CONTINENT_DERIVED_FROM_COORDINATES;TAXON_MATCH_TAXON_ID_IGNORED
3415847895	50c9509d-22c7-4a22-a47d-8c48425ef4a7	https://www.inaturalist.org/observations/98300211	Fungi	Basidiomycota	Agaricomycetes	Russulales	Auriscalpiaceae	Lentinellus	Lentinellus ursinus		SPECIES	Lentinellus ursinus (Fr.) Kühner	Lentinellus ursinus		CA		Québec	PRESENT		28eb1a3f-1c15-4a95-931a-4af90ecb574d	45.958446	-74.802788	7.0						2021-10-15T14:26:57	15	10	2021	9044184	9044184	HUMAN_OBSERVATION	iNaturalist	Observations	98300211		timfoster	2021-10-15T23:54:15	CC_BY_NC_4_0	timfoster	timfoster			2025-01-14T13:16:34.554Z	StillImage	COORDINATE_ROUNDED;CONTINENT_DERIVED_FROM_COORDINATES;TAXON_MATCH_TAXON_ID_IGNORED
3391319038	50c9509d-22c7-4a22-a47d-8c48425ef4a7	https://www.inaturalist.org/observations/97940129	Fungi	Basidiomycota	Agaricomycetes	Russulales	Auriscalpiaceae	Lentinellus	Lentinellus ursinus		SPECIES	Lentinellus ursinus (Fr.) Kühner	Lentinellus ursinus		CA		Ontario	PRESENT		28eb1a3f-1c15-4a95-931a-4af90ecb574d	45.633697	-77.068428	16.0						2021-10-11T12:00:04	11	10	2021	9044184	9044184	HUMAN_OBSERVATION	iNaturalist	Observations	97940129		Keith Seifert	2021-10-11T21:21:30	CC0_1_0	Keith Seifert	Keith Seifert			2025-01-14T13:15:30.187Z	StillImage	COORDINATE_ROUNDED;CONTINENT_DERIVED_FROM_COORDINATES;TAXON_MATCH_TAXON_ID_IGNORED
3384141680	50c9509d-22c7-4a22-a47d-8c48425ef4a7	https://www.inaturalist.org/observations/96529106	Fungi	Basidiomycota	Agaricomycetes	Russulales	Auriscalpiaceae	Lentinellus	Lentinellus ursinus		SPECIES	Lentinellus ursinus (Fr.) Kühner	Lentinellus ursinus		CA		Ontario	PRESENT		28eb1a3f-1c15-4a95-931a-4af90ecb574d	45.355255	-75.674492	64.0						2021-09-26T14:31	26	9	2021	9044184	9044184	HUMAN_OBSERVATION	iNaturalist	Observations	96529106		jonathan_mack	2021-09-28T23:42:12	CC_BY_NC_4_0	jonathan_mack	jonathan_mack			2025-01-14T13:10:41.436Z	StillImage	COORDINATE_ROUNDED;CONTINENT_DERIVED_FROM_COORDINATES;TAXON_MATCH_TAXON_ID_IGNORED
3338125275	50c9509d-22c7-4a22-a47d-8c48425ef4a7	https://www.inaturalist.org/observations/91360324	Fungi	Basidiomycota	Agaricomycetes	Russulales	Auriscalpiaceae	Lentinellus	Lentinellus ursinus		SPECIES	Lentinellus ursinus (Fr.) Kühner	Lentinellus ursinus		CA		Ontario	PRESENT		28eb1a3f-1c15-4a95-931a-4af90ecb574d	45.449273	-75.510512							2021-08-15T14:42	15	8	2021	9044184	9044184	HUMAN_OBSERVATION	iNaturalist	Observations	91360324		jonathan_mack	2021-08-16T02:11:42	CC_BY_NC_4_0	jonathan_mack	jonathan_mack			2025-01-14T12:23:50.183Z	StillImage	COORDINATE_ROUNDED;CONTINENT_DERIVED_FROM_COORDINATES;TAXON_MATCH_TAXON_ID_IGNORED
3337476425	50c9509d-22c7-4a22-a47d-8c48425ef4a7	https://www.inaturalist.org/observations/59768397	Fungi	Basidiomycota	Agaricomycetes	Russulales	Auriscalpiaceae	Lentinellus	Lentinellus ursinus		SPECIES	Lentinellus ursinus (Fr.) Kühner	Lentinellus ursinus		CA		Ontario	PRESENT		28eb1a3f-1c15-4a95-931a-4af90ecb574d	46.011242	-78.952308	4.0						2020-09-03T09:25:48	3	9	2020	9044184	9044184	HUMAN_OBSERVATION	iNaturalist	Observations	59768397		cinna_latifolia	2021-02-04T23:11:04	CC_BY_NC_4_0	hotsonh	hotsonh			2025-01-14T13:04:03.662Z	StillImage	COORDINATE_ROUNDED;CONTINENT_DERIVED_FROM_COORDINATES;TAXON_MATCH_TAXON_ID_IGNORED
3079678912	50c9509d-22c7-4a22-a47d-8c48425ef4a7	https://www.inaturalist.org/observations/58073347	Fungi	Basidiomycota	Agaricomycetes	Russulales	Auriscalpiaceae	Lentinellus	Lentinellus ursinus		SPECIES	Lentinellus ursinus (Fr.) Kühner	Lentinellus ursinus		CA		Ontario	PRESENT		28eb1a3f-1c15-4a95-931a-4af90ecb574d	45.35838	-75.59783	16.0						2020-08-30T14:27:20	30	8	2020	9044184	9044184	HUMAN_OBSERVATION	iNaturalist	Observations	58073347		Igor Khomenko	2020-08-30T20:27:13	CC_BY_NC_4_0	Igor Khomenko	Igor Khomenko			2025-01-14T12:15:28.997Z	StillImage	CONTINENT_DERIVED_FROM_COORDINATES;TAXON_MATCH_TAXON_ID_IGNORED
3079526787	50c9509d-22c7-4a22-a47d-8c48425ef4a7	https://www.inaturalist.org/observations/40853357	Fungi	Basidiomycota	Agaricomycetes	Russulales	Auriscalpiaceae	Lentinellus	Lentinellus ursinus		SPECIES	Lentinellus ursinus (Fr.) Kühner	Lentinellus ursinus		CA		Ontario	PRESENT		28eb1a3f-1c15-4a95-931a-4af90ecb574d	45.406814	-75.593492	12.0						2020-03-27T12:39	27	3	2020	9044184	9044184	HUMAN_OBSERVATION	iNaturalist	Observations	40853357		Igor Khomenko	2020-03-28T00:40:54	CC_BY_NC_4_0	Igor Khomenko	Igor Khomenko			2025-01-14T13:05:57.500Z	StillImage	COORDINATE_ROUNDED;CONTINENT_DERIVED_FROM_COORDINATES;TAXON_MATCH_TAXON_ID_IGNORED
2999125463	50c9509d-22c7-4a22-a47d-8c48425ef4a7	https://www.inaturalist.org/observations/57754461	Fungi	Basidiomycota	Agaricomycetes	Russulales	Auriscalpiaceae	Lentinellus	Lentinellus ursinus		SPECIES	Lentinellus ursinus (Fr.) Kühner	Lentinellus ursinus		CA		Ontario	PRESENT		28eb1a3f-1c15-4a95-931a-4af90ecb574d	45.568333	-74.45264	3299.0						2020-08-27T14:00:04	27	8	2020	9044184	9044184	HUMAN_OBSERVATION	iNaturalist	Observations	57754461		amyorr	2020-08-27T18:01:43	CC_BY_NC_4_0	amyorr	amyorr			2025-01-14T12:14:36.259Z	StillImage	COORDINATE_ROUNDED;CONTINENT_DERIVED_FROM_COORDINATES;TAXON_MATCH_TAXON_ID_IGNORED
2873801374	50c9509d-22c7-4a22-a47d-8c48425ef4a7	https://www.inaturalist.org/observations/41369612	Fungi	Basidiomycota	Agaricomycetes	Russulales	Auriscalpiaceae	Lentinellus	Lentinellus ursinus		SPECIES	Lentinellus ursinus (Fr.) Kühner	Lentinellus ursinus		CA		Québec	PRESENT		28eb1a3f-1c15-4a95-931a-4af90ecb574d	46.961575	-71.392833	159.0						2012-09-10	10	9	2012	9044184	9044184	HUMAN_OBSERVATION	iNaturalist	Observations	41369612		Greg Thorn	2020-10-03T00:35:49	CC_BY_NC_4_0	Christian Grenier	Christian Grenier			2025-01-14T12:11:19.078Z	StillImage	COORDINATE_ROUNDED;CONTINENT_DERIVED_FROM_COORDINATES;TAXON_MATCH_TAXON_ID_IGNORED
2862292299	50c9509d-22c7-4a22-a47d-8c48425ef4a7	https://www.inaturalist.org/observations/59002537	Fungi	Basidiomycota	Agaricomycetes	Russulales	Auriscalpiaceae	Lentinellus	Lentinellus ursinus		SPECIES	Lentinellus ursinus (Fr.) Kühner	Lentinellus ursinus		CA		Ontario	PRESENT		28eb1a3f-1c15-4a95-931a-4af90ecb574d	45.204538	-76.22431	370.0						2020-09-06T01:07	6	9	2020	9044184	9044184	HUMAN_OBSERVATION	iNaturalist	Observations	59002537		Ken Allison	2020-09-09T00:07:25	CC_BY_NC_4_0	Ken Allison	Ken Allison			2025-01-14T12:15:28.851Z	StillImage	COORDINATE_ROUNDED;CONTINENT_DERIVED_FROM_COORDINATES;TAXON_MATCH_TAXON_ID_IGNORED
2856731339	50c9509d-22c7-4a22-a47d-8c48425ef4a7	https://www.inaturalist.org/observations/34230450	Fungi	Basidiomycota	Agaricomycetes	Russulales	Auriscalpiaceae	Lentinellus	Lentinellus ursinus		SPECIES	Lentinellus ursinus (Fr.) Kühner	Lentinellus ursinus		CA		Ontario	PRESENT		28eb1a3f-1c15-4a95-931a-4af90ecb574d	45.350368	-75.392372	961.0						2019-10-11T13:31:42	11	10	2019	9044184	9044184	HUMAN_OBSERVATION	iNaturalist	Observations	34230450		Lynn Ovenden	2019-10-12T02:28:01	CC_BY_NC_4_0	Lynn Ovenden	Lynn Ovenden			2025-01-14T13:09:53.420Z	StillImage	COORDINATE_ROUNDED;CONTINENT_DERIVED_FROM_COORDINATES;TAXON_MATCH_TAXON_ID_IGNORED
2013689515	50c9509d-22c7-4a22-a47d-8c48425ef4a7	https://www.inaturalist.org/observations/20259345	Fungi	Basidiomycota	Agaricomycetes	Russulales	Auriscalpiaceae	Lentinellus	Lentinellus ursinus		SPECIES	Lentinellus ursinus (Fr.) Kühner	Lentinellus ursinus		CA		Ontario	PRESENT		28eb1a3f-1c15-4a95-931a-4af90ecb574d	45.45787	-75.467876	6.0						2009-10-07T14:57	7	10	2009	9044184	9044184	HUMAN_OBSERVATION	iNaturalist	Observations	20259345		jonathan_mack	2019-02-10T19:28:10	CC_BY_NC_4_0	jonathan_mack	jonathan_mack			2025-01-14T12:06:44.134Z	StillImage	COORDINATE_ROUNDED;CONTINENT_DERIVED_FROM_COORDINATES;TAXON_MATCH_TAXON_ID_IGNORED
2013685140	50c9509d-22c7-4a22-a47d-8c48425ef4a7	https://www.inaturalist.org/observations/16540854	Fungi	Basidiomycota	Agaricomycetes	Russulales	Auriscalpiaceae	Lentinellus	Lentinellus ursinus		SPECIES	Lentinellus ursinus (Fr.) Kühner	Lentinellus ursinus		CA		Ontario	PRESENT		28eb1a3f-1c15-4a95-931a-4af90ecb574d	45.456763	-75.5475	114.0						2018-09-14T09:22	14	9	2018	9044184	9044184	HUMAN_OBSERVATION	iNaturalist	Observations	16540854		jonathan_mack	2018-09-15T02:14:36	CC_BY_NC_4_0	jonathan_mack	jonathan_mack			2025-01-14T13:00:20.652Z	StillImage	COORDINATE_ROUNDED;CONTINENT_DERIVED_FROM_COORDINATES;TAXON_MATCH_TAXON_ID_IGNORED
1807262234	e8a25a42-f125-476c-8554-3ec21cd51a84	ACAD:118810	Fungi	Basidiomycota	Agaricomycetes	Russulales	Auriscalpiaceae	Lentinellus	Lentinellus ursinus		SPECIES	Lentinellus ursinus (Fr.) Kühner	Lentinellus ursinus (Fr.) Kuhner	(Fr.) Kuhner	CA	Black Hole	Nova Scotia	PRESENT		6491ad8c-8e49-4bd4-a089-0ddb3bbe0890	45.234971	-64.495683							1959-10-04	4	10	1959	9044184	9044184	PRESERVED_SPECIMEN	Acadia University	ACAD	7512F	7512			CC0_1_0	Acadia University	Harrison, KA			2024-01-25T01:37:12.956Z	StillImage	COORDINATE_ROUNDED;GEODETIC_DATUM_INVALID;GEODETIC_DATUM_ASSUMED_WGS84;TAXON_MATCH_TAXON_ID_IGNORED;INSTITUTION_MATCH_FUZZY;COLLECTION_MATCH_FUZZY
1807261624	e8a25a42-f125-476c-8554-3ec21cd51a84	ACAD:118472	Fungi	Basidiomycota	Agaricomycetes	Russulales	Auriscalpiaceae	Lentinellus	Lentinellus ursinus		SPECIES	Lentinellus ursinus (Fr.) Kühner	Lentinellus ursinus (Fr.) Kuhner	(Fr.) Kuhner	CA	Parrsboro	Nova Scotia	PRESENT		6491ad8c-8e49-4bd4-a089-0ddb3bbe0890	45.40657	-64.32954							1956-08-14	14	8	1956	9044184	9044184	PRESERVED_SPECIMEN	Acadia University	ACAD	6357F	6357			CC0_1_0	Acadia University	Harrison, KA			2024-01-25T01:37:17.339Z	StillImage	GEODETIC_DATUM_INVALID;GEODETIC_DATUM_ASSUMED_WGS84;TAXON_MATCH_TAXON_ID_IGNORED;INSTITUTION_MATCH_FUZZY;COLLECTION_MATCH_FUZZY
1807260783	e8a25a42-f125-476c-8554-3ec21cd51a84	ACAD:117479	Fungi	Basidiomycota	Agaricomycetes	Russulales	Auriscalpiaceae	Lentinellus	Lentinellus ursinus		SPECIES	Lentinellus ursinus (Fr.) Kühner	Lentinellus ursinus (Fr.) Kuhner	(Fr.) Kuhner	CA	Kentville	Nova Scotia	PRESENT		6491ad8c-8e49-4bd4-a089-0ddb3bbe0890	45.07662	-64.49592							1932-10-28	28	10	1932	9044184	9044184	PRESERVED_SPECIMEN	Acadia University	ACAD	10077F	10077			CC0_1_0	Acadia University				2024-01-25T01:37:08.420Z	StillImage	GEODETIC_DATUM_INVALID;GEODETIC_DATUM_ASSUMED_WGS84;TAXON_MATCH_TAXON_ID_IGNORED;INSTITUTION_MATCH_FUZZY;COLLECTION_MATCH_FUZZY
1807256229	e8a25a42-f125-476c-8554-3ec21cd51a84	ACAD:112871	Fungi	Basidiomycota	Agaricomycetes	Russulales	Auriscalpiaceae	Lentinellus	Lentinellus ursinus		SPECIES	Lentinellus ursinus (Fr.) Kühner	Lentinellus ursinus (Fr.) Kuhner	(Fr.) Kuhner	CA	(Kentville)	Nova Scotia	PRESENT		6491ad8c-8e49-4bd4-a089-0ddb3bbe0890	45.07662	-64.49592							1932-10-21	21	10	1932	9044184	9044184	PRESERVED_SPECIMEN	Acadia University	ACAD	369F	369	H, KA		CC0_1_0	Acadia University	H, KA			2024-01-25T01:37:10.612Z	StillImage	GEODETIC_DATUM_INVALID;GEODETIC_DATUM_ASSUMED_WGS84;TAXON_MATCH_TAXON_ID_IGNORED;INSTITUTION_MATCH_FUZZY;COLLECTION_MATCH_FUZZY
1807255647	e8a25a42-f125-476c-8554-3ec21cd51a84	ACAD:112116	Fungi	Basidiomycota	Agaricomycetes	Russulales	Auriscalpiaceae	Lentinellus	Lentinellus ursinus		SPECIES	Lentinellus ursinus (Fr.) Kühner	Lentinellus ursinus (Fr.) Kuhner	(Fr.) Kuhner	CA	(Kentville)	Nova Scotia	PRESENT		6491ad8c-8e49-4bd4-a089-0ddb3bbe0890	45.07662	-64.49592							1952-10-21	21	10	1952	9044184	9044184	PRESERVED_SPECIMEN	Acadia University	ACAD	1814F	1814			CC0_1_0	Acadia University	H, KA			2024-01-25T01:37:05.880Z	StillImage	GEODETIC_DATUM_INVALID;GEODETIC_DATUM_ASSUMED_WGS84;TAXON_MATCH_TAXON_ID_IGNORED;INSTITUTION_MATCH_FUZZY;COLLECTION_MATCH_FUZZY
1412708978	21705170-d2b6-42de-8904-c3bca4b83591	CMMF017405	Fungi	Basidiomycota	Agaricomycetes	Russulales	Auriscalpiaceae	Lentinellus	Lentinellus ursinus		SPECIES	Lentinellus ursinus (Fr.) Kühner	Lentinellus ursinus (Fr.) Kühner	(Fr.) Kühner	CA	Île des Soeurs, Québec.	Québec	PRESENT		ff7bd5db-b724-4932-b496-10ea298851f9	45.461124	-73.547316	2000.0						1980-07-23	23	7	1980	9044184	9044184	PRESERVED_SPECIMEN	Université de Montréal Biodiversity Centre	CMMF	CMMF017405	1980-233	McNeil, Raymond		CC0_1_0	Université de Montréal Biodiversity Centre	Haméon, G.			2024-01-24T16:38:15.722Z		INSTITUTION_MATCH_FUZZY;COLLECTION_MATCH_FUZZY;DIFFERENT_OWNER_INSTITUTION
1412708900	21705170-d2b6-42de-8904-c3bca4b83591	CMMF017400	Fungi	Basidiomycota	Agaricomycetes	Russulales	Auriscalpiaceae	Lentinellus	Lentinellus ursinus		SPECIES	Lentinellus ursinus (Fr.) Kühner	Lentinellus ursinus (Fr.) Kühner	(Fr.) Kühner	CA	Héritage, Québec.	Québec	PRESENT		ff7bd5db-b724-4932-b496-10ea298851f9	45.680872	-73.495831	750.0						1980-07-14	14	7	1980	9044184	9044184	PRESERVED_SPECIMEN	Université de Montréal Biodiversity Centre	CMMF	CMMF017400	1980-193	McNeil, Raymond		CC0_1_0	Université de Montréal Biodiversity Centre	Haméon, G.			2024-01-24T16:38:15.721Z		INSTITUTION_MATCH_FUZZY;COLLECTION_MATCH_FUZZY;DIFFERENT_OWNER_INSTITUTION
1412707223	21705170-d2b6-42de-8904-c3bca4b83591	CMMF015659	Fungi	Basidiomycota	Agaricomycetes	Russulales	Auriscalpiaceae	Lentinellus	Lentinellus ursinus		SPECIES	Lentinellus ursinus (Fr.) Kühner	Lentinellus ursinus (Fr.) Kühner	(Fr.) Kühner	CA	Mont Orford, Québec.	Québec	PRESENT		ff7bd5db-b724-4932-b496-10ea298851f9	45.340394	-72.208677	6500.0						1998-09-05	5	9	1998	9044184	9044184	PRESERVED_SPECIMEN	Université de Montréal Biodiversity Centre	CMMF	CMMF015659	2608	Guérin, Gérard		CC0_1_0	Université de Montréal Biodiversity Centre	Guérin, Gérard			2024-01-24T16:38:16.347Z	StillImage	INSTITUTION_MATCH_FUZZY;COLLECTION_MATCH_FUZZY;DIFFERENT_OWNER_INSTITUTION
1412707162	21705170-d2b6-42de-8904-c3bca4b83591	CMMF015663	Fungi	Basidiomycota	Agaricomycetes	Russulales	Auriscalpiaceae	Lentinellus	Lentinellus ursinus		SPECIES	Lentinellus ursinus (Fr.) Kühner	Lentinellus ursinus (Fr.) Kühner	(Fr.) Kühner	CA	Mont Saint-Bruno, Québec.	Québec	PRESENT		ff7bd5db-b724-4932-b496-10ea298851f9	45.550278	-73.319167	4500.0						1978-10-05	5	10	1978	9044184	9044184	PRESERVED_SPECIMEN	Université de Montréal Biodiversity Centre	CMMF	CMMF015663	1935	Guérin, Gérard		CC0_1_0	Université de Montréal Biodiversity Centre	Guérin, Gérard			2024-01-24T16:38:16.403Z	StillImage	INSTITUTION_MATCH_FUZZY;COLLECTION_MATCH_FUZZY;DIFFERENT_OWNER_INSTITUTION
1135069908	21705170-d2b6-42de-8904-c3bca4b83591	CMMF008427	Fungi	Basidiomycota	Agaricomycetes	Russulales	Auriscalpiaceae	Lentinellus	Lentinellus ursinus		SPECIES	Lentinellus ursinus (Fr.) Kühner	Lentinellus ursinus (Fr.) Kühner	(Fr.) Kühner	CA	Châteauguay, Centre écologique Fernand-Seguin	Québec	PRESENT		ff7bd5db-b724-4932-b496-10ea298851f9	45.33983	-73.773917	100.0						2013-09-06	6	9	2013	9044184	9044184	PRESERVED_SPECIMEN	Université de Montréal Biodiversity Centre	CMMF	CMMF008427	C4277	McNeil, Raymond		CC0_1_0	Université de Montréal Biodiversity Centre	McNeil, Raymond			2024-01-24T16:38:17.882Z	StillImage	COORDINATE_ROUNDED;INSTITUTION_MATCH_FUZZY;COLLECTION_MATCH_FUZZY;DIFFERENT_OWNER_INSTITUTION
1135068764	21705170-d2b6-42de-8904-c3bca4b83591	CMMF007272	Fungi	Basidiomycota	Agaricomycetes	Russulales	Auriscalpiaceae	Lentinellus	Lentinellus ursinus		SPECIES	Lentinellus ursinus (Fr.) Kühner	Lentinellus ursinus (Fr.) Kühner	(Fr.) Kühner	CA	St-Canut	Québec	PRESENT		ff7bd5db-b724-4932-b496-10ea298851f9	45.7001	-74.09015	100.0						1976-08-07	7	8	1976	9044184	9044184	PRESERVED_SPECIMEN	Université de Montréal Biodiversity Centre	CMMF	CMMF007272	Inexistant	McNeil, Raymond		CC0_1_0	Université de Montréal Biodiversity Centre	McNeil, Raymond			2024-01-24T16:38:21.196Z	StillImage	INSTITUTION_MATCH_FUZZY;COLLECTION_MATCH_FUZZY;DIFFERENT_OWNER_INSTITUTION
1135068110	21705170-d2b6-42de-8904-c3bca4b83591	CMMF006587	Fungi	Basidiomycota	Agaricomycetes	Russulales	Auriscalpiaceae	Lentinellus	Lentinellus ursinus		SPECIES	Lentinellus ursinus (Fr.) Kühner	Lentinellus ursinus (Fr.) Kühner	(Fr.) Kühner	CA	Île-des-Soeurs, Montréal	Québec	PRESENT		ff7bd5db-b724-4932-b496-10ea298851f9	45.458217	-73.550583	100.0						1980-07-23	23	7	1980	9044184	9044184	PRESERVED_SPECIMEN	Université de Montréal Biodiversity Centre	CMMF	CMMF006587	645	McNeil, Raymond		CC0_1_0	Université de Montréal Biodiversity Centre	McNeil, Raymond			2024-01-24T16:38:18.396Z	StillImage	COORDINATE_ROUNDED;INSTITUTION_MATCH_FUZZY;COLLECTION_MATCH_FUZZY;DIFFERENT_OWNER_INSTITUTION
1135067774	21705170-d2b6-42de-8904-c3bca4b83591	CMMF006293	Fungi	Basidiomycota	Agaricomycetes	Russulales	Auriscalpiaceae	Lentinellus	Lentinellus ursinus		SPECIES	Lentinellus ursinus (Fr.) Kühner	Lentinellus ursinus (Fr.) Kühner	(Fr.) Kühner	CA	Châteauguay	Québec	PRESENT		ff7bd5db-b724-4932-b496-10ea298851f9	45.35433	-73.774083	100.0						2005-10-01	1	10	2005	9044184	9044184	PRESERVED_SPECIMEN	Université de Montréal Biodiversity Centre	CMMF	CMMF006293	C2591	McNeil, Raymond		CC0_1_0	Université de Montréal Biodiversity Centre	McNeil, Raymond			2024-01-24T16:38:18.854Z	StillImage	COORDINATE_ROUNDED;INSTITUTION_MATCH_FUZZY;COLLECTION_MATCH_FUZZY;DIFFERENT_OWNER_INSTITUTION
1135067704	21705170-d2b6-42de-8904-c3bca4b83591	CMMF006169	Fungi	Basidiomycota	Agaricomycetes	Russulales	Auriscalpiaceae	Lentinellus	Lentinellus ursinus		SPECIES	Lentinellus ursinus (Fr.) Kühner	Lentinellus ursinus (Fr.) Kühner	(Fr.) Kühner	CA	Châteauguay	Québec	PRESENT		ff7bd5db-b724-4932-b496-10ea298851f9	45.35433	-73.774083	100.0						2011-09-23	23	9	2011	9044184	9044184	PRESERVED_SPECIMEN	Université de Montréal Biodiversity Centre	CMMF	CMMF006169	C3970	McNeil, Raymond		CC0_1_0	Université de Montréal Biodiversity Centre	McNeil, Raymond			2024-01-24T16:38:18.732Z	StillImage	COORDINATE_ROUNDED;INSTITUTION_MATCH_FUZZY;COLLECTION_MATCH_FUZZY;DIFFERENT_OWNER_INSTITUTION
1135067643	21705170-d2b6-42de-8904-c3bca4b83591	CMMF006209	Fungi	Basidiomycota	Agaricomycetes	Russulales	Auriscalpiaceae	Lentinellus	Lentinellus ursinus		SPECIES	Lentinellus ursinus (Fr.) Kühner	Lentinellus ursinus (Fr.) Kühner	(Fr.) Kühner	CA	Châteauguay	Québec	PRESENT		ff7bd5db-b724-4932-b496-10ea298851f9	45.35433	-73.774083	100.0						2006-08-07	7	8	2006	9044184	9044184	PRESERVED_SPECIMEN	Université de Montréal Biodiversity Centre	CMMF	CMMF006209	Inexistant	McNeil, Raymond		CC0_1_0	Université de Montréal Biodiversity Centre	McNeil, Raymond			2024-01-24T16:38:18.881Z	StillImage	COORDINATE_ROUNDED;INSTITUTION_MATCH_FUZZY;COLLECTION_MATCH_FUZZY;DIFFERENT_OWNER_INSTITUTION
1135067639	21705170-d2b6-42de-8904-c3bca4b83591	CMMF006171	Fungi	Basidiomycota	Agaricomycetes	Russulales	Auriscalpiaceae	Lentinellus	Lentinellus ursinus		SPECIES	Lentinellus ursinus (Fr.) Kühner	Lentinellus ursinus (Fr.) Kühner	(Fr.) Kühner	CA	Châteauguay	Québec	PRESENT		ff7bd5db-b724-4932-b496-10ea298851f9	45.35433	-73.774083	100.0						1981-08-09	9	8	1981	9044184	9044184	PRESERVED_SPECIMEN	Université de Montréal Biodiversity Centre	CMMF	CMMF006171	1198	McNeil, Raymond		CC0_1_0	Université de Montréal Biodiversity Centre	McNeil, Raymond			2024-01-24T16:38:18.742Z	StillImage	COORDINATE_ROUNDED;INSTITUTION_MATCH_FUZZY;COLLECTION_MATCH_FUZZY;DIFFERENT_OWNER_INSTITUTION
1135067444	21705170-d2b6-42de-8904-c3bca4b83591	CMMF005988	Fungi	Basidiomycota	Agaricomycetes	Russulales	Auriscalpiaceae	Lentinellus	Lentinellus ursinus		SPECIES	Lentinellus ursinus (Fr.) Kühner	Lentinellus ursinus (Fr.) Kühner	(Fr.) Kühner	CA	Châteauguay (Centre écologique Fernand-Seguin)	Québec	PRESENT		ff7bd5db-b724-4932-b496-10ea298851f9	45.33983	-73.773917	100.0						2012-09-06	6	9	2012	9044184	9044184	PRESERVED_SPECIMEN	Université de Montréal Biodiversity Centre	CMMF	CMMF005988	C4067	McNeil, Raymond		CC0_1_0	Université de Montréal Biodiversity Centre	McNeil, Raymond			2024-01-24T16:38:16.943Z	StillImage	COORDINATE_ROUNDED;INSTITUTION_MATCH_FUZZY;COLLECTION_MATCH_FUZZY;DIFFERENT_OWNER_INSTITUTION
1135067090	21705170-d2b6-42de-8904-c3bca4b83591	CMMF010487	Fungi	Basidiomycota	Agaricomycetes	Russulales	Auriscalpiaceae	Lentinellus	Lentinellus ursinus		SPECIES	Lentinellus ursinus (Fr.) Kühner	Lentinellus ursinus (Fr.) Kühner	(Fr.) Kühner	CA	Forêt de Sherwood, Québec.	Québec	PRESENT		ff7bd5db-b724-4932-b496-10ea298851f9	46.86201	-71.307678	15000.0						2008-08-11	11	8	2008	9044184	9044184	PRESERVED_SPECIMEN	Université de Montréal Biodiversity Centre	CMMF	CMMF010487	2073	Labrecque, Jacqueline		CC0_1_0	Université de Montréal Biodiversity Centre	Labrecque, Jacqueline			2024-01-24T16:38:21.684Z		INSTITUTION_MATCH_FUZZY;COLLECTION_MATCH_FUZZY;DIFFERENT_OWNER_INSTITUTION
1024558988	21705170-d2b6-42de-8904-c3bca4b83591	CMMF004356	Fungi	Basidiomycota	Agaricomycetes	Russulales	Auriscalpiaceae	Lentinellus	Lentinellus ursinus		SPECIES	Lentinellus ursinus (Fr.) Kühner	Lentinellus ursinus (Fr.) Kühner	(Fr.) Kühner	CA	Réserve écologique du Boisé-des-Muir, Hinchinbrooke.	Québec	PRESENT		ff7bd5db-b724-4932-b496-10ea298851f9	45.086736	-74.113851	20.0						2012-08-05	5	8	2012	9044184	9044184	PRESERVED_SPECIMEN	Université de Montréal Biodiversity Centre	CMMF	CMMF004356	365	Turgon, Jean-Pierre		CC0_1_0	Université de Montréal Biodiversity Centre	Langlois, Annabelle; Turgon, Jean-Pierre			2024-01-24T16:38:19.615Z		INSTITUTION_MATCH_FUZZY;COLLECTION_MATCH_FUZZY;DIFFERENT_OWNER_INSTITUTION
1024558949	21705170-d2b6-42de-8904-c3bca4b83591	CMMF004513	Fungi	Basidiomycota	Agaricomycetes	Russulales	Auriscalpiaceae	Lentinellus	Lentinellus ursinus		SPECIES	Lentinellus ursinus (Fr.) Kühner	Lentinellus ursinus (Fr.) Kühner	(Fr.) Kühner	CA	Réserve écologique du Boisé-des-Muir, Hinchinbrooke.	Québec	PRESENT		ff7bd5db-b724-4932-b496-10ea298851f9	45.085647	-74.112923	10.0						2012-09-23	23	9	2012	9044184	9044184	PRESERVED_SPECIMEN	Université de Montréal Biodiversity Centre	CMMF	CMMF004513	549	Langlois, Annabelle		CC0_1_0	Université de Montréal Biodiversity Centre	Langlois, Annabelle; Lebeuf, Renée; Turgon, Jean-Pierre			2024-01-24T16:38:19.705Z	StillImage	INSTITUTION_MATCH_FUZZY;COLLECTION_MATCH_FUZZY;DIFFERENT_OWNER_INSTITUTION
1024558762	21705170-d2b6-42de-8904-c3bca4b83591	CMMF004176	Fungi	Basidiomycota	Agaricomycetes	Russulales	Auriscalpiaceae	Lentinellus	Lentinellus ursinus		SPECIES	Lentinellus ursinus (Fr.) Kühner	Lentinellus ursinus (Fr.) Kühner	(Fr.) Kühner	CA	Réserve écologique du Boisé-des-Muir, Hinchinbrooke.	Québec	PRESENT		ff7bd5db-b724-4932-b496-10ea298851f9	45.085218	-74.115872	10.0						2011-10-11	11	10	2011	9044184	9044184	PRESERVED_SPECIMEN	Université de Montréal Biodiversity Centre	CMMF	CMMF004176	175	Lebeuf, Renée		CC0_1_0	Université de Montréal Biodiversity Centre	Lebeuf, Renée			2024-01-24T16:38:18.618Z		INSTITUTION_MATCH_FUZZY;COLLECTION_MATCH_FUZZY;DIFFERENT_OWNER_INSTITUTION
