gbifID	datasetKey	occurrenceID	kingdom	phylum	class	order	family	genus	species	infraspecificEpithet	taxonRank	scientificName	verbatimScientificName	verbatimScientificNameAuthorship	countryCode	locality	stateProvince	occurrenceStatus	individualCount	publishingOrgKey	decimalLatitude	decimalLongitude	coordinateUncertaintyInMeters	coordinatePrecision	elevation	elevationAccuracy	depth	depthAccuracy	eventDate	day	month	year	taxonKey	speciesKey	basisOfRecord	institutionCode	collectionCode	catalogNumber	recordNumber	identifiedBy	dateIdentified	license	rightsHolder	recordedBy	typeStatus	establishmentMeans	lastInterpreted	mediaType	issue
727875872	d7cfd2ed-8af4-427f-a16e-eb66b7e2c419	15871	Fungi	Basidiomycota	Agaricomycetes	Agaricales	Cortinariaceae	Cortinarius	Cortinarius violaceus		SPECIES	Cortinarius violaceus (L.) Gray	Cortinarius violaceus (L.) Gray	(L.) Gray	CA	S of Dorset	Ontario	PRESENT		ff418020-1d67-11d9-8435-b8a03c50a862	45.23936	-78.888359	1499.0						1979-09-22	22	9	1979	2529040	2529040	PRESERVED_SPECIMEN	Royal Ontario Museum	TRTC	TRTC151942	DWM 1046	Ovrebo, C.		CC0_1_0	Royal Ontario Museum	Malloch, D.W.			2024-01-25T00:59:40.847Z		COORDINATE_ROUNDED;AMBIGUOUS_INSTITUTION
727873551	d7cfd2ed-8af4-427f-a16e-eb66b7e2c419	10853	Fungi	Basidiomycota	Agaricomycetes	Agaricales	Cortinariaceae	Cortinarius	Cortinarius violaceus		SPECIES	Cortinarius violaceus (L.) Gray	Cortinarius violaceus (L.) Gray	(L.) Gray	CA	Algonquin Provincial Park, Opeongo Lake	Ontario	PRESENT		ff418020-1d67-11d9-8435-b8a03c50a862	45.698027	-78.369598	8499.0						1958-09-11	11	9	1958	2529040	2529040	PRESERVED_SPECIMEN	Royal Ontario Museum	TRTC	TRTC152013				CC0_1_0	Royal Ontario Museum	Payne, N.R.			2024-01-25T00:59:40.492Z		COORDINATE_ROUNDED;AMBIGUOUS_INSTITUTION
727873549	d7cfd2ed-8af4-427f-a16e-eb66b7e2c419	10852	Fungi	Basidiomycota	Agaricomycetes	Agaricales	Cortinariaceae	Cortinarius	Cortinarius violaceus		SPECIES	Cortinarius violaceus (L.) Gray	Cortinarius violaceus (L.) Gray	(L.) Gray	CA	Algonquin Provincial Park, Opeongo Lake	Ontario	PRESENT		ff418020-1d67-11d9-8435-b8a03c50a862	45.698027	-78.369598	8499.0						1958-09-11	11	9	1958	2529040	2529040	PRESERVED_SPECIMEN	Royal Ontario Museum	TRTC	TRTC034016		Cain, R.F.		CC0_1_0	Royal Ontario Museum	Cain, R.F.			2024-01-25T00:59:40.493Z		COORDINATE_ROUNDED;AMBIGUOUS_INSTITUTION
617555086	21705170-d2b6-42de-8904-c3bca4b83591	CMMF000651	Fungi	Basidiomycota	Agaricomycetes	Agaricales	Cortinariaceae	Cortinarius	Cortinarius violaceus		SPECIES	Cortinarius violaceus (L.) Gray	Cortinarius violaceus (L.) Gray	(L.) Gray	CA	Saint-Herménégilde	Québec	PRESENT		ff7bd5db-b724-4932-b496-10ea298851f9	45.105574	-71.672847	3000.0						1989-08-23	23	8	1989	2529040	2529040	PRESERVED_SPECIMEN	Université de Montréal Biodiversity Centre	CMMF	CMMF000651		Lamoureux, Yves		CC0_1_0	Université de Montréal Biodiversity Centre	Pronovost, Josée			2024-01-24T16:38:20.108Z	StillImage	INSTITUTION_MATCH_FUZZY;COLLECTION_MATCH_FUZZY;DIFFERENT_OWNER_INSTITUTION
617552720	21705170-d2b6-42de-8904-c3bca4b83591	CMMF003286	Fungi	Basidiomycota	Agaricomycetes	Agaricales	Cortinariaceae	Cortinarius	Cortinarius violaceus		SPECIES	Cortinarius violaceus (L.) Gray	Cortinarius violaceus (L.) Gray	(L.) Gray	CA	Parc de la Yamaska	Québec	PRESENT		ff7bd5db-b724-4932-b496-10ea298851f9	45.429761	-72.616506	6000.0						1998-09-14	14	9	1998	2529040	2529040	PRESERVED_SPECIMEN	Université de Montréal Biodiversity Centre	CMMF	CMMF003286		Lamoureux, Yves		CC0_1_0	Université de Montréal Biodiversity Centre	Lamoureux, Yves			2024-01-24T16:38:17.033Z	StillImage	INSTITUTION_MATCH_FUZZY;COLLECTION_MATCH_FUZZY;DIFFERENT_OWNER_INSTITUTION
4994300309	50c9509d-22c7-4a22-a47d-8c48425ef4a7	https://www.inaturalist.org/observations/67425658	Fungi	Basidiomycota	Agaricomycetes	Agaricales	Cortinariaceae	Cortinarius	Cortinarius violaceus		SPECIES	Cortinarius violaceus (L.) Gray	Cortinarius violaceus		CA		Québec	PRESENT		28eb1a3f-1c15-4a95-931a-4af90ecb574d	47.174089	-71.367727	184.0						2019-09-20	20	9	2019	2529040	2529040	HUMAN_OBSERVATION	iNaturalist	Observations	67425658		Marc-Aurèle Vallée	2021-01-01T23:18:10	CC0_1_0	Marc-Aurèle Vallée	Marc-Aurèle Vallée			2025-01-14T13:06:05.284Z	StillImage	COORDINATE_ROUNDED;CONTINENT_DERIVED_FROM_COORDINATES;TAXON_MATCH_TAXON_ID_IGNORED
4980378766	50c9509d-22c7-4a22-a47d-8c48425ef4a7	https://www.inaturalist.org/observations/59184831	Fungi	Basidiomycota	Agaricomycetes	Agaricales	Cortinariaceae	Cortinarius	Cortinarius violaceus		SPECIES	Cortinarius violaceus (L.) Gray	Cortinarius violaceus		CA		Ontario	PRESENT		28eb1a3f-1c15-4a95-931a-4af90ecb574d	45.811054	-78.320402	15130.0						2020-09-06T13:37:36	6	9	2020	2529040	2529040	HUMAN_OBSERVATION	iNaturalist	Observations	59184831		Carl-Adam Wegenschimmel	2020-09-11T15:35:19	CC_BY_NC_4_0	amywebster	amywebster			2025-01-14T13:04:12.497Z	StillImage	COORDINATE_ROUNDED;CONTINENT_DERIVED_FROM_COORDINATES;TAXON_MATCH_TAXON_ID_IGNORED
4954378996	50c9509d-22c7-4a22-a47d-8c48425ef4a7	https://www.inaturalist.org/observations/97658100	Fungi	Basidiomycota	Agaricomycetes	Agaricales	Cortinariaceae	Cortinarius	Cortinarius violaceus		SPECIES	Cortinarius violaceus (L.) Gray	Cortinarius violaceus		CA		Ontario	PRESENT		28eb1a3f-1c15-4a95-931a-4af90ecb574d	45.21122	-79.165997	27190.0						2021-10-09T12:08:28	9	10	2021	2529040	2529040	HUMAN_OBSERVATION	iNaturalist	Observations	97658100		tee-eh	2021-10-09T16:08:42	CC_BY_NC_4_0	tee-eh	tee-eh			2025-01-14T13:16:11.271Z	StillImage	COORDINATE_ROUNDED;CONTINENT_DERIVED_FROM_COORDINATES;TAXON_MATCH_TAXON_ID_IGNORED
4954322599	50c9509d-22c7-4a22-a47d-8c48425ef4a7	https://www.inaturalist.org/observations/58890735	Fungi	Basidiomycota	Agaricomycetes	Agaricales	Cortinariaceae	Cortinarius	Cortinarius violaceus		SPECIES	Cortinarius violaceus (L.) Gray	Cortinarius violaceus		CA		Ontario	PRESENT		28eb1a3f-1c15-4a95-931a-4af90ecb574d	45.012542	-77.100713	27222.0						2020-09-06T11:27:15	6	9	2020	2529040	2529040	HUMAN_OBSERVATION	iNaturalist	Observations	58890735		bharkness	2020-09-08T02:00:14	CC_BY_NC_4_0	Tobi McIntyre Szufranowicz	Tobi McIntyre Szufranowicz			2025-01-14T13:03:40.375Z	StillImage	COORDINATE_ROUNDED;CONTINENT_DERIVED_FROM_COORDINATES;TAXON_MATCH_TAXON_ID_IGNORED
4945851943	50c9509d-22c7-4a22-a47d-8c48425ef4a7	https://www.inaturalist.org/observations/240068951	Fungi	Basidiomycota	Agaricomycetes	Agaricales	Cortinariaceae	Cortinarius	Cortinarius violaceus		SPECIES	Cortinarius violaceus (L.) Gray	Cortinarius violaceus		CA		Ontario	PRESENT		28eb1a3f-1c15-4a95-931a-4af90ecb574d	45.350528	-75.381588							2024-09-05T15:26	5	9	2024	2529040	2529040	HUMAN_OBSERVATION	iNaturalist	Observations	240068951		jonathan_mack	2024-09-06T01:47:25	CC_BY_NC_4_0	jonathan_mack	jonathan_mack			2025-01-14T12:49:34.450Z	StillImage	COORDINATE_ROUNDED;CONTINENT_DERIVED_FROM_COORDINATES;TAXON_MATCH_TAXON_ID_IGNORED
4936981237	50c9509d-22c7-4a22-a47d-8c48425ef4a7	https://www.inaturalist.org/observations/236245740	Fungi	Basidiomycota	Agaricomycetes	Agaricales	Cortinariaceae	Cortinarius	Cortinarius violaceus		SPECIES	Cortinarius violaceus (L.) Gray	Cortinarius violaceus		CA		Québec	PRESENT		28eb1a3f-1c15-4a95-931a-4af90ecb574d	47.3411	-71.129761	4.0						2024-08-15T10:58:32	15	8	2024	2529040	2529040	HUMAN_OBSERVATION	iNaturalist	Observations	236245740		Martine Lapointe	2024-08-17T10:27:22	CC_BY_4_0	Martine Lapointe	Martine Lapointe			2025-01-14T13:38:38.694Z	StillImage	COORDINATE_ROUNDED;CONTINENT_DERIVED_FROM_COORDINATES;TAXON_MATCH_TAXON_ID_IGNORED
4607377980	50c9509d-22c7-4a22-a47d-8c48425ef4a7	https://www.inaturalist.org/observations/178192085	Fungi	Basidiomycota	Agaricomycetes	Agaricales	Cortinariaceae	Cortinarius	Cortinarius violaceus		SPECIES	Cortinarius violaceus (L.) Gray	Cortinarius violaceus		CA		Ontario	PRESENT		28eb1a3f-1c15-4a95-931a-4af90ecb574d	45.552826	-78.591354	6301.0						2023-08-13T11:26:55	13	8	2023	2529040	2529040	HUMAN_OBSERVATION	iNaturalist	Observations	178192085		beltwist	2023-08-13T15:27:02	CC_BY_NC_4_0	beltwist	beltwist			2025-01-14T13:31:26.492Z	StillImage	COORDINATE_ROUNDED;CONTINENT_DERIVED_FROM_COORDINATES;TAXON_MATCH_TAXON_ID_IGNORED
4607377961	50c9509d-22c7-4a22-a47d-8c48425ef4a7	https://www.inaturalist.org/observations/177545615	Fungi	Basidiomycota	Agaricomycetes	Agaricales	Cortinariaceae	Cortinarius	Cortinarius violaceus		SPECIES	Cortinarius violaceus (L.) Gray	Cortinarius violaceus		CA		Québec	PRESENT		28eb1a3f-1c15-4a95-931a-4af90ecb574d	45.43475	-71.133126	307.0						2023-08-06T16:33	6	8	2023	2529040	2529040	HUMAN_OBSERVATION	iNaturalist	Observations	177545615		Antoine Fortin	2023-08-10T01:24:48	CC_BY_NC_4_0	Ben	Ben			2025-01-14T13:41:16.050Z	StillImage	COORDINATE_ROUNDED;CONTINENT_DERIVED_FROM_COORDINATES;TAXON_MATCH_TAXON_ID_IGNORED
4607347406	50c9509d-22c7-4a22-a47d-8c48425ef4a7	https://www.inaturalist.org/observations/59364705	Fungi	Basidiomycota	Agaricomycetes	Agaricales	Cortinariaceae	Cortinarius	Cortinarius violaceus		SPECIES	Cortinarius violaceus (L.) Gray	Cortinarius violaceus		CA		Québec	PRESENT		28eb1a3f-1c15-4a95-931a-4af90ecb574d	46.009517	-75.703775	507.0						2020-09-12T14:20:10	12	9	2020	2529040	2529040	HUMAN_OBSERVATION	iNaturalist	Observations	59364705		gillrowanlegg	2020-09-12T20:31:20	CC_BY_NC_4_0	gillrowanlegg	gillrowanlegg			2025-01-14T13:06:03.618Z	StillImage	COORDINATE_ROUNDED;CONTINENT_DERIVED_FROM_COORDINATES;TAXON_MATCH_TAXON_ID_IGNORED
4607304266	50c9509d-22c7-4a22-a47d-8c48425ef4a7	https://www.inaturalist.org/observations/183749038	Fungi	Basidiomycota	Agaricomycetes	Agaricales	Cortinariaceae	Cortinarius	Cortinarius violaceus		SPECIES	Cortinarius violaceus (L.) Gray	Cortinarius violaceus		CA		New Brunswick	PRESENT		28eb1a3f-1c15-4a95-931a-4af90ecb574d	46.465162	-65.284178	149559.0						2023-09-16T17:39	16	9	2023	2529040	2529040	HUMAN_OBSERVATION	iNaturalist	Observations	183749038		Brittany Crossman	2023-09-17T22:12:37	CC_BY_NC_4_0	Brittany Crossman	Brittany Crossman			2025-01-14T12:41:42.688Z		COORDINATE_ROUNDED;CONTINENT_DERIVED_FROM_COORDINATES;TAXON_MATCH_TAXON_ID_IGNORED
4607304234	50c9509d-22c7-4a22-a47d-8c48425ef4a7	https://www.inaturalist.org/observations/181949977	Fungi	Basidiomycota	Agaricomycetes	Agaricales	Cortinariaceae	Cortinarius	Cortinarius violaceus		SPECIES	Cortinarius violaceus (L.) Gray	Cortinarius violaceus		CA		Nova Scotia	PRESENT		28eb1a3f-1c15-4a95-931a-4af90ecb574d	45.054603	-64.41585							2023-09-05T12:25:11	5	9	2023	2529040	2529040	HUMAN_OBSERVATION	iNaturalist	Observations	181949977		mrs_trask	2023-09-05T19:12:51	CC_BY_NC_4_0	mrs_trask	mrs_trask			2025-01-14T13:28:57.584Z	StillImage	COORDINATE_ROUNDED;CONTINENT_DERIVED_FROM_COORDINATES;TAXON_MATCH_TAXON_ID_IGNORED
4607278064	50c9509d-22c7-4a22-a47d-8c48425ef4a7	https://www.inaturalist.org/observations/132724355	Fungi	Basidiomycota	Agaricomycetes	Agaricales	Cortinariaceae	Cortinarius	Cortinarius violaceus		SPECIES	Cortinarius violaceus (L.) Gray	Cortinarius violaceus		CA		Québec	PRESENT		28eb1a3f-1c15-4a95-931a-4af90ecb574d	45.380546	-74.184747							2022-08-27T13:59:12	27	8	2022	2529040	2529040	HUMAN_OBSERVATION	iNaturalist	Observations	132724355		Nella	2022-08-29T00:44:07	CC_BY_NC_4_0	Nella	Nella			2025-01-14T13:19:42.138Z	StillImage	COORDINATE_ROUNDED;CONTINENT_DERIVED_FROM_COORDINATES;TAXON_MATCH_TAXON_ID_IGNORED
4607185314	50c9509d-22c7-4a22-a47d-8c48425ef4a7	https://www.inaturalist.org/observations/130145821	Fungi	Basidiomycota	Agaricomycetes	Agaricales	Cortinariaceae	Cortinarius	Cortinarius violaceus		SPECIES	Cortinarius violaceus (L.) Gray	Cortinarius violaceus		CA		Québec	PRESENT		28eb1a3f-1c15-4a95-931a-4af90ecb574d	45.447125	-71.127205	793.0						2022-08-01T12:05	1	8	2022	2529040	2529040	HUMAN_OBSERVATION	iNaturalist	Observations	130145821		Brennon	2024-02-17T21:05:54	CC_BY_NC_4_0	Simon Laverdière	Simon Laverdière			2025-01-14T13:30:34.569Z	StillImage	COORDINATE_ROUNDED;CONTINENT_DERIVED_FROM_COORDINATES;TAXON_MATCH_TAXON_ID_IGNORED
4607144506	50c9509d-22c7-4a22-a47d-8c48425ef4a7	https://www.inaturalist.org/observations/57648520	Fungi	Basidiomycota	Agaricomycetes	Agaricales	Cortinariaceae	Cortinarius	Cortinarius violaceus		SPECIES	Cortinarius violaceus (L.) Gray	Cortinarius violaceus		CA		Québec	PRESENT		28eb1a3f-1c15-4a95-931a-4af90ecb574d	47.765463	-70.361525	3658.0						2020-08-23T15:44:15Z	23	8	2020	2529040	2529040	HUMAN_OBSERVATION	iNaturalist	Observations	57648520		thalier	2020-08-26T16:16:49	CC_BY_NC_4_0	thalier	thalier			2025-01-14T13:05:47.734Z	StillImage	COORDINATE_ROUNDED;CONTINENT_DERIVED_FROM_COORDINATES;TAXON_MATCH_TAXON_ID_IGNORED
4607046639	50c9509d-22c7-4a22-a47d-8c48425ef4a7	https://www.inaturalist.org/observations/59234891	Fungi	Basidiomycota	Agaricomycetes	Agaricales	Cortinariaceae	Cortinarius	Cortinarius violaceus		SPECIES	Cortinarius violaceus (L.) Gray	Cortinarius violaceus		CA		Ontario	PRESENT		28eb1a3f-1c15-4a95-931a-4af90ecb574d	45.496749	-76.077534	65.0						2020-09-11T17:35:22Z	11	9	2020	2529040	2529040	HUMAN_OBSERVATION	iNaturalist	Observations	59234891		hluc	2020-09-11T17:36:26	CC_BY_NC_4_0	hluc	hluc			2025-01-14T13:05:40.565Z	StillImage	COORDINATE_ROUNDED;CONTINENT_DERIVED_FROM_COORDINATES;TAXON_MATCH_TAXON_ID_IGNORED
4607039448	50c9509d-22c7-4a22-a47d-8c48425ef4a7	https://www.inaturalist.org/observations/58343090	Fungi	Basidiomycota	Agaricomycetes	Agaricales	Cortinariaceae	Cortinarius	Cortinarius violaceus		SPECIES	Cortinarius violaceus (L.) Gray	Cortinarius violaceus		CA		Ontario	PRESENT		28eb1a3f-1c15-4a95-931a-4af90ecb574d	45.195238	-79.070283	32.0						2020-08-31T12:43:40	31	8	2020	2529040	2529040	HUMAN_OBSERVATION	iNaturalist	Observations	58343090		am387	2020-09-02T16:59:10	CC_BY_NC_4_0	am387	am387			2025-01-14T13:09:22.244Z	StillImage	COORDINATE_ROUNDED;CONTINENT_DERIVED_FROM_COORDINATES;TAXON_MATCH_TAXON_ID_IGNORED
4607036589	50c9509d-22c7-4a22-a47d-8c48425ef4a7	https://www.inaturalist.org/observations/57274684	Fungi	Basidiomycota	Agaricomycetes	Agaricales	Cortinariaceae	Cortinarius	Cortinarius violaceus		SPECIES	Cortinarius violaceus (L.) Gray	Cortinarius violaceus		CA		Québec	PRESENT		28eb1a3f-1c15-4a95-931a-4af90ecb574d	46.221627	-74.031882	13.0						2020-08-22T12:38:30	22	8	2020	2529040	2529040	HUMAN_OBSERVATION	iNaturalist	Observations	57274684		rantoie	2020-08-22T22:53:29	CC_BY_NC_4_0	rantoie	rantoie			2025-01-14T13:09:55.984Z	StillImage	COORDINATE_ROUNDED;CONTINENT_DERIVED_FROM_COORDINATES;TAXON_MATCH_TAXON_ID_IGNORED
4606902871	50c9509d-22c7-4a22-a47d-8c48425ef4a7	https://www.inaturalist.org/observations/96837814	Fungi	Basidiomycota	Agaricomycetes	Agaricales	Cortinariaceae	Cortinarius	Cortinarius violaceus		SPECIES	Cortinarius violaceus (L.) Gray	Cortinarius violaceus		CA		Québec	PRESENT		28eb1a3f-1c15-4a95-931a-4af90ecb574d	45.775683	-75.786562	12.0						2021-09-25T12:17:12	25	9	2021	2529040	2529040	HUMAN_OBSERVATION	iNaturalist	Observations	96837814		lsgjanet	2021-10-01T23:25:30	CC_BY_NC_4_0	lsgjanet	lsgjanet			2025-01-14T13:11:39.287Z	StillImage	COORDINATE_ROUNDED;CONTINENT_DERIVED_FROM_COORDINATES;TAXON_MATCH_TAXON_ID_IGNORED
4606902791	50c9509d-22c7-4a22-a47d-8c48425ef4a7	https://www.inaturalist.org/observations/89720440	Fungi	Basidiomycota	Agaricomycetes	Agaricales	Cortinariaceae	Cortinarius	Cortinarius violaceus		SPECIES	Cortinarius violaceus (L.) Gray	Cortinarius violaceus		CA		Québec	PRESENT		28eb1a3f-1c15-4a95-931a-4af90ecb574d	47.645559	-69.219141	764.0						2021-07-29T11:32:29	29	7	2021	2529040	2529040	HUMAN_OBSERVATION	iNaturalist	Observations	89720440		Marco Beaulieu	2021-08-03T00:41:07	CC_BY_NC_4_0	Marco Beaulieu	Marco Beaulieu			2025-01-14T12:20:27.968Z	StillImage	COORDINATE_ROUNDED;CONTINENT_DERIVED_FROM_COORDINATES;TAXON_MATCH_TAXON_ID_IGNORED
4606881606	50c9509d-22c7-4a22-a47d-8c48425ef4a7	https://www.inaturalist.org/observations/187478938	Fungi	Basidiomycota	Agaricomycetes	Agaricales	Cortinariaceae	Cortinarius	Cortinarius violaceus		SPECIES	Cortinarius violaceus (L.) Gray	Cortinarius violaceus		CA		Ontario	PRESENT		28eb1a3f-1c15-4a95-931a-4af90ecb574d	45.584867	-78.760795	4.0						2023-09-01T17:02:04	1	9	2023	2529040	2529040	HUMAN_OBSERVATION	iNaturalist	Observations	187478938		ctuckii	2023-10-14T14:30:20	CC_BY_NC_4_0	ctuckii	ctuckii			2025-01-14T13:29:58.027Z	StillImage	COORDINATE_ROUNDED;CONTINENT_DERIVED_FROM_COORDINATES;TAXON_MATCH_TAXON_ID_IGNORED
4606850247	50c9509d-22c7-4a22-a47d-8c48425ef4a7	https://www.inaturalist.org/observations/135917448	Fungi	Basidiomycota	Agaricomycetes	Agaricales	Cortinariaceae	Cortinarius	Cortinarius violaceus		SPECIES	Cortinarius violaceus (L.) Gray	Cortinarius violaceus		CA		Ontario	PRESENT		28eb1a3f-1c15-4a95-931a-4af90ecb574d	45.354588	-78.117644	12.0						2022-09-21T10:27:54	21	9	2022	2529040	2529040	HUMAN_OBSERVATION	iNaturalist	Observations	135917448		micaelacooper	2022-09-21T14:59:13	CC_BY_NC_4_0	micaelacooper	micaelacooper			2025-01-14T13:20:12.148Z	StillImage	COORDINATE_ROUNDED;CONTINENT_DERIVED_FROM_COORDINATES;TAXON_MATCH_TAXON_ID_IGNORED
4606850246	50c9509d-22c7-4a22-a47d-8c48425ef4a7	https://www.inaturalist.org/observations/135905744	Fungi	Basidiomycota	Agaricomycetes	Agaricales	Cortinariaceae	Cortinarius	Cortinarius violaceus		SPECIES	Cortinarius violaceus (L.) Gray	Cortinarius violaceus		CA		Québec	PRESENT		28eb1a3f-1c15-4a95-931a-4af90ecb574d	45.34367	-72.208237	26.0						2022-08-29T14:14:41	29	8	2022	2529040	2529040	HUMAN_OBSERVATION	iNaturalist	Observations	135905744		Brennon	2024-02-17T19:23:24	CC_BY_NC_4_0	cedriclamon	cedriclamon			2025-01-14T13:17:30.298Z	StillImage	COORDINATE_ROUNDED;CONTINENT_DERIVED_FROM_COORDINATES;TAXON_MATCH_TAXON_ID_IGNORED
4606769956	50c9509d-22c7-4a22-a47d-8c48425ef4a7	https://www.inaturalist.org/observations/181474090	Fungi	Basidiomycota	Agaricomycetes	Agaricales	Cortinariaceae	Cortinarius	Cortinarius violaceus		SPECIES	Cortinarius violaceus (L.) Gray	Cortinarius violaceus		CA		New Brunswick	PRESENT		28eb1a3f-1c15-4a95-931a-4af90ecb574d	47.429485	-66.947432	200.0						2023-09-01T13:28:29	1	9	2023	2529040	2529040	HUMAN_OBSERVATION	iNaturalist	Observations	181474090		daisyb0i	2023-09-02T23:38:18	CC_BY_NC_4_0	daisyb0i	daisyb0i			2025-01-14T13:28:43.759Z	StillImage	COORDINATE_ROUNDED;CONTINENT_DERIVED_FROM_COORDINATES;TAXON_MATCH_TAXON_ID_IGNORED
4606602299	50c9509d-22c7-4a22-a47d-8c48425ef4a7	https://www.inaturalist.org/observations/178821545	Fungi	Basidiomycota	Agaricomycetes	Agaricales	Cortinariaceae	Cortinarius	Cortinarius violaceus		SPECIES	Cortinarius violaceus (L.) Gray	Cortinarius violaceus		CA		Ontario	PRESENT		28eb1a3f-1c15-4a95-931a-4af90ecb574d	45.027434	-77.569823	4.0						2023-08-16T14:02:50	16	8	2023	2529040	2529040	HUMAN_OBSERVATION	iNaturalist	Observations	178821545		Brennon	2024-02-22T05:12:22	CC_BY_NC_4_0	Graham Cameron	Graham Cameron			2025-01-14T12:40:57.932Z	StillImage	COORDINATE_ROUNDED;CONTINENT_DERIVED_FROM_COORDINATES;TAXON_MATCH_TAXON_ID_IGNORED
4606593875	50c9509d-22c7-4a22-a47d-8c48425ef4a7	https://www.inaturalist.org/observations/180542796	Fungi	Basidiomycota	Agaricomycetes	Agaricales	Cortinariaceae	Cortinarius	Cortinarius violaceus		SPECIES	Cortinarius violaceus (L.) Gray	Cortinarius violaceus		CA		Ontario	PRESENT		28eb1a3f-1c15-4a95-931a-4af90ecb574d	45.148779	-79.114045	458.0						2023-08-27T13:55:40	27	8	2023	2529040	2529040	HUMAN_OBSERVATION	iNaturalist	Observations	180542796		orokidz2021	2023-08-28T00:06:36	CC_BY_NC_4_0	orokidz2021	orokidz2021			2025-01-14T12:40:28.092Z	StillImage	COORDINATE_ROUNDED;CONTINENT_DERIVED_FROM_COORDINATES;TAXON_MATCH_TAXON_ID_IGNORED
4606582217	50c9509d-22c7-4a22-a47d-8c48425ef4a7	https://www.inaturalist.org/observations/177336225	Fungi	Basidiomycota	Agaricomycetes	Agaricales	Cortinariaceae	Cortinarius	Cortinarius violaceus		SPECIES	Cortinarius violaceus (L.) Gray	Cortinarius violaceus		CA		Québec	PRESENT		28eb1a3f-1c15-4a95-931a-4af90ecb574d	46.697947	-70.751288	64827.0						2023-07-29T14:51:45	29	7	2023	2529040	2529040	HUMAN_OBSERVATION	iNaturalist	Observations	177336225		doreenp8	2023-08-08T13:11:37	CC_BY_NC_4_0	doreenp8	doreenp8			2025-01-14T12:39:34.263Z	StillImage	COORDINATE_ROUNDED;CONTINENT_DERIVED_FROM_COORDINATES;TAXON_MATCH_TAXON_ID_IGNORED
4606580586	50c9509d-22c7-4a22-a47d-8c48425ef4a7	https://www.inaturalist.org/observations/179088621	Fungi	Basidiomycota	Agaricomycetes	Agaricales	Cortinariaceae	Cortinarius	Cortinarius violaceus		SPECIES	Cortinarius violaceus (L.) Gray	Cortinarius violaceus		CA		Ontario	PRESENT		28eb1a3f-1c15-4a95-931a-4af90ecb574d	45.597018	-78.517796	778.0						2023-08-13T12:06	13	8	2023	2529040	2529040	HUMAN_OBSERVATION	iNaturalist	Observations	179088621		byron murray	2023-08-19T02:58:32	CC0_1_0	byron murray	byron murray			2025-01-14T13:32:00.798Z	StillImage	COORDINATE_ROUNDED;CONTINENT_DERIVED_FROM_COORDINATES;TAXON_MATCH_TAXON_ID_IGNORED
4606577880	50c9509d-22c7-4a22-a47d-8c48425ef4a7	https://www.inaturalist.org/observations/178289524	Fungi	Basidiomycota	Agaricomycetes	Agaricales	Cortinariaceae	Cortinarius	Cortinarius violaceus		SPECIES	Cortinarius violaceus (L.) Gray	Cortinarius violaceus		CA		Québec	PRESENT		28eb1a3f-1c15-4a95-931a-4af90ecb574d	45.773412	-75.785988	1082.0						2023-08-12T12:32:17	12	8	2023	2529040	2529040	HUMAN_OBSERVATION	iNaturalist	Observations	178289524		Antoine Fortin	2023-08-14T14:42:13	CC_BY_NC_4_0	julek	julek			2025-01-14T13:28:34.267Z	StillImage	COORDINATE_ROUNDED;CONTINENT_DERIVED_FROM_COORDINATES;TAXON_MATCH_TAXON_ID_IGNORED
4606545346	50c9509d-22c7-4a22-a47d-8c48425ef4a7	https://www.inaturalist.org/observations/31957771	Fungi	Basidiomycota	Agaricomycetes	Agaricales	Cortinariaceae	Cortinarius	Cortinarius violaceus		SPECIES	Cortinarius violaceus (L.) Gray	Cortinarius violaceus		CA		New Brunswick	PRESENT		28eb1a3f-1c15-4a95-931a-4af90ecb574d	45.007492	-66.981575	5.0						2019-08-31T16:44:54	31	8	2019	2529040	2529040	HUMAN_OBSERVATION	iNaturalist	Observations	31957771		Brennon	2024-02-21T03:22:51	CC_BY_NC_4_0	macphail	macphail			2025-01-14T13:56:04.364Z	StillImage	COORDINATE_ROUNDED;CONTINENT_DERIVED_FROM_COORDINATES;TAXON_MATCH_TAXON_ID_IGNORED
4606537532	50c9509d-22c7-4a22-a47d-8c48425ef4a7	https://www.inaturalist.org/observations/58540204	Fungi	Basidiomycota	Agaricomycetes	Agaricales	Cortinariaceae	Cortinarius	Cortinarius violaceus		SPECIES	Cortinarius violaceus (L.) Gray	Cortinarius violaceus		CA		Québec	PRESENT		28eb1a3f-1c15-4a95-931a-4af90ecb574d	45.773255	-76.530542	10.0						2020-09-04T15:48:20	4	9	2020	2529040	2529040	HUMAN_OBSERVATION	iNaturalist	Observations	58540204		bharkness	2020-09-04T20:33:21	CC_BY_NC_4_0	bharkness	bharkness			2025-01-14T13:09:49.003Z	StillImage	COORDINATE_ROUNDED;CONTINENT_DERIVED_FROM_COORDINATES;TAXON_MATCH_TAXON_ID_IGNORED
4606535484	50c9509d-22c7-4a22-a47d-8c48425ef4a7	https://www.inaturalist.org/observations/59880920	Fungi	Basidiomycota	Agaricomycetes	Agaricales	Cortinariaceae	Cortinarius	Cortinarius violaceus		SPECIES	Cortinarius violaceus (L.) Gray	Cortinarius violaceus		CA		Ontario	PRESENT		28eb1a3f-1c15-4a95-931a-4af90ecb574d	45.580075	-78.513503	10.0						2020-09-03T15:12:17	3	9	2020	2529040	2529040	HUMAN_OBSERVATION	iNaturalist	Observations	59880920		cinna_latifolia	2021-01-11T20:37:22	CC_BY_NC_4_0	Marisa Roefs	Marisa Roefs			2025-01-14T13:09:41.413Z	StillImage	COORDINATE_ROUNDED;CONTINENT_DERIVED_FROM_COORDINATES;TAXON_MATCH_TAXON_ID_IGNORED
4606534591	50c9509d-22c7-4a22-a47d-8c48425ef4a7	https://www.inaturalist.org/observations/58540165	Fungi	Basidiomycota	Agaricomycetes	Agaricales	Cortinariaceae	Cortinarius	Cortinarius violaceus		SPECIES	Cortinarius violaceus (L.) Gray	Cortinarius violaceus		CA		Québec	PRESENT		28eb1a3f-1c15-4a95-931a-4af90ecb574d	45.773237	-76.530587	5.0						2020-09-04T15:47:51	4	9	2020	2529040	2529040	HUMAN_OBSERVATION	iNaturalist	Observations	58540165		bharkness	2020-09-04T20:32:58	CC_BY_NC_4_0	bharkness	bharkness			2025-01-14T12:14:46.209Z	StillImage	COORDINATE_ROUNDED;CONTINENT_DERIVED_FROM_COORDINATES;TAXON_MATCH_TAXON_ID_IGNORED
4606525530	50c9509d-22c7-4a22-a47d-8c48425ef4a7	https://www.inaturalist.org/observations/57381353	Fungi	Basidiomycota	Agaricomycetes	Agaricales	Cortinariaceae	Cortinarius	Cortinarius violaceus		SPECIES	Cortinarius violaceus (L.) Gray	Cortinarius violaceus		CA		Québec	PRESENT		28eb1a3f-1c15-4a95-931a-4af90ecb574d	46.279955	-73.316313	132.0						2020-08-22T20:26:14Z	22	8	2020	2529040	2529040	HUMAN_OBSERVATION	iNaturalist	Observations	57381353		Brennon	2024-02-21T02:44:23	CC_BY_NC_4_0	natalou1	natalou1			2025-01-14T13:09:43.894Z	StillImage	COORDINATE_ROUNDED;CONTINENT_DERIVED_FROM_COORDINATES;TAXON_MATCH_TAXON_ID_IGNORED
4606509111	50c9509d-22c7-4a22-a47d-8c48425ef4a7	https://www.inaturalist.org/observations/178216081	Fungi	Basidiomycota	Agaricomycetes	Agaricales	Cortinariaceae	Cortinarius	Cortinarius violaceus		SPECIES	Cortinarius violaceus (L.) Gray	Cortinarius violaceus		CA		Québec	PRESENT		28eb1a3f-1c15-4a95-931a-4af90ecb574d	45.924105	-74.019546	3.0						2023-08-13T13:32:09	13	8	2023	2529040	2529040	HUMAN_OBSERVATION	iNaturalist	Observations	178216081		paruline	2023-08-13T17:32:25	CC_BY_NC_4_0	paruline	paruline			2025-01-14T13:32:04.265Z	StillImage	COORDINATE_ROUNDED;CONTINENT_DERIVED_FROM_COORDINATES;TAXON_MATCH_TAXON_ID_IGNORED
4597228893	50c9509d-22c7-4a22-a47d-8c48425ef4a7	https://www.inaturalist.org/observations/143946618	Fungi	Basidiomycota	Agaricomycetes	Agaricales	Cortinariaceae	Cortinarius	Cortinarius violaceus		SPECIES	Cortinarius violaceus (L.) Gray	Cortinarius violaceus		CA		Québec	PRESENT		28eb1a3f-1c15-4a95-931a-4af90ecb574d	45.268561	-72.992294	2762.0						2022-09-25T11:20	25	9	2022	2529040	2529040	HUMAN_OBSERVATION	iNaturalist	Observations	143946618		Brennon	2024-02-23T01:09:00	CC_BY_NC_4_0	larose_annie	larose_annie			2025-01-14T12:33:17.014Z	StillImage	COORDINATE_ROUNDED;CONTINENT_DERIVED_FROM_COORDINATES;TAXON_MATCH_TAXON_ID_IGNORED
4596815317	50c9509d-22c7-4a22-a47d-8c48425ef4a7	https://www.inaturalist.org/observations/178760828	Fungi	Basidiomycota	Agaricomycetes	Agaricales	Cortinariaceae	Cortinarius	Cortinarius violaceus		SPECIES	Cortinarius violaceus (L.) Gray	Cortinarius violaceus		CA		Ontario	PRESENT		28eb1a3f-1c15-4a95-931a-4af90ecb574d	45.572728	-78.52515	182.0						2023-08-13T15:31:46	13	8	2023	2529040	2529040	HUMAN_OBSERVATION	iNaturalist	Observations	178760828		Nicolas Schwab	2023-08-16T23:12:37	CC_BY_NC_4_0	cheese-	cheese-			2025-01-14T13:32:32.486Z	StillImage	COORDINATE_ROUNDED;CONTINENT_DERIVED_FROM_COORDINATES;TAXON_MATCH_TAXON_ID_IGNORED
4516397768	50c9509d-22c7-4a22-a47d-8c48425ef4a7	https://www.inaturalist.org/observations/134902888	Fungi	Basidiomycota	Agaricomycetes	Agaricales	Cortinariaceae	Cortinarius	Cortinarius violaceus		SPECIES	Cortinarius violaceus (L.) Gray	Cortinarius violaceus		CA		Nova Scotia	PRESENT		28eb1a3f-1c15-4a95-931a-4af90ecb574d	45.326868	-64.475483							2022-09-13T12:36:57	13	9	2022	2529040	2529040	HUMAN_OBSERVATION	iNaturalist	Observations	134902888		Matt Pelikan	2022-09-13T19:48:01	CC_BY_4_0	Matt Pelikan	Matt Pelikan			2025-01-14T12:31:53.207Z	StillImage	COORDINATE_ROUNDED;CONTINENT_DERIVED_FROM_COORDINATES;TAXON_MATCH_TAXON_ID_IGNORED
4500721858	50c9509d-22c7-4a22-a47d-8c48425ef4a7	https://www.inaturalist.org/observations/132496996	Fungi	Basidiomycota	Agaricomycetes	Agaricales	Cortinariaceae	Cortinarius	Cortinarius violaceus		SPECIES	Cortinarius violaceus (L.) Gray	Cortinarius violaceus		CA		Québec	PRESENT		28eb1a3f-1c15-4a95-931a-4af90ecb574d	47.321731	-71.140892							2022-08-24T13:52	24	8	2022	2529040	2529040	HUMAN_OBSERVATION	iNaturalist	Observations	132496996		Martine Lapointe	2022-08-27T02:38:43	CC_BY_4_0	Martine Lapointe	Martine Lapointe			2025-01-14T12:31:18.077Z	StillImage	COORDINATE_ROUNDED;CONTINENT_DERIVED_FROM_COORDINATES;TAXON_MATCH_TAXON_ID_IGNORED
4416871579	50c9509d-22c7-4a22-a47d-8c48425ef4a7	https://www.inaturalist.org/observations/183914081	Fungi	Basidiomycota	Agaricomycetes	Agaricales	Cortinariaceae	Cortinarius	Cortinarius violaceus		SPECIES	Cortinarius violaceus (L.) Gray	Cortinarius violaceus		CA		Québec	PRESENT		28eb1a3f-1c15-4a95-931a-4af90ecb574d	46.088115	-73.947142	897.0						2023-09-18T11:54:32	18	9	2023	2529040	2529040	HUMAN_OBSERVATION	iNaturalist	Observations	183914081		Antoine Fortin	2023-09-19T01:01:40	CC_BY_NC_4_0	lelfe	lelfe			2025-01-14T13:32:29.471Z	StillImage	COORDINATE_ROUNDED;CONTINENT_DERIVED_FROM_COORDINATES;TAXON_MATCH_TAXON_ID_IGNORED
4414202189	50c9509d-22c7-4a22-a47d-8c48425ef4a7	https://www.inaturalist.org/observations/183785249	Fungi	Basidiomycota	Agaricomycetes	Agaricales	Cortinariaceae	Cortinarius	Cortinarius violaceus		SPECIES	Cortinarius violaceus (L.) Gray	Cortinarius violaceus		CA		Québec	PRESENT		28eb1a3f-1c15-4a95-931a-4af90ecb574d	46.243062	-74.014425	1717.0						2023-08-28T09:10:02	28	8	2023	2529040	2529040	HUMAN_OBSERVATION	iNaturalist	Observations	183785249		Serguei Ponomarenko	2023-09-18T02:16:10	CC_BY_NC_4_0	aribelanger	aribelanger			2025-01-14T12:42:23.279Z	StillImage	COORDINATE_ROUNDED;CONTINENT_DERIVED_FROM_COORDINATES;TAXON_MATCH_TAXON_ID_IGNORED
4413757089	50c9509d-22c7-4a22-a47d-8c48425ef4a7	https://www.inaturalist.org/observations/184030524	Fungi	Basidiomycota	Agaricomycetes	Agaricales	Cortinariaceae	Cortinarius	Cortinarius violaceus		SPECIES	Cortinarius violaceus (L.) Gray	Cortinarius violaceus		CA		Québec	PRESENT		28eb1a3f-1c15-4a95-931a-4af90ecb574d	46.398236	-74.292935	8.0						2023-08-11T13:44:17	11	8	2023	2529040	2529040	HUMAN_OBSERVATION	iNaturalist	Observations	184030524		James Pagé	2023-09-19T20:34:01	CC_BY_NC_4_0	James Pagé	James Pagé			2025-01-14T13:29:20.246Z	StillImage	COORDINATE_ROUNDED;CONTINENT_DERIVED_FROM_COORDINATES;TAXON_MATCH_TAXON_ID_IGNORED
4405304583	50c9509d-22c7-4a22-a47d-8c48425ef4a7	https://www.inaturalist.org/observations/179870737	Fungi	Basidiomycota	Agaricomycetes	Agaricales	Cortinariaceae	Cortinarius	Cortinarius violaceus		SPECIES	Cortinarius violaceus (L.) Gray	Cortinarius violaceus		CA		Ontario	PRESENT		28eb1a3f-1c15-4a95-931a-4af90ecb574d	45.438145	-76.026623							2023-08-23T10:17	23	8	2023	2529040	2529040	HUMAN_OBSERVATION	iNaturalist	Observations	179870737		Igor Khomenko	2023-08-23T19:30:20	CC_BY_NC_4_0	Igor Khomenko	Igor Khomenko			2025-01-14T12:41:03.413Z	StillImage	COORDINATE_ROUNDED;CONTINENT_DERIVED_FROM_COORDINATES;TAXON_MATCH_TAXON_ID_IGNORED
4405085168	50c9509d-22c7-4a22-a47d-8c48425ef4a7	https://www.inaturalist.org/observations/179901124	Fungi	Basidiomycota	Agaricomycetes	Agaricales	Cortinariaceae	Cortinarius	Cortinarius violaceus		SPECIES	Cortinarius violaceus (L.) Gray	Cortinarius violaceus		CA		Ontario	PRESENT		28eb1a3f-1c15-4a95-931a-4af90ecb574d	45.438093	-76.026267							2023-08-23T11:38	23	8	2023	2529040	2529040	HUMAN_OBSERVATION	iNaturalist	Observations	179901124		jonathan_mack	2023-08-23T23:55:20	CC_BY_NC_4_0	jonathan_mack	jonathan_mack			2025-01-14T12:41:13.060Z	StillImage	COORDINATE_ROUNDED;CONTINENT_DERIVED_FROM_COORDINATES;TAXON_MATCH_TAXON_ID_IGNORED
4400152671	50c9509d-22c7-4a22-a47d-8c48425ef4a7	https://www.inaturalist.org/observations/178914728	Fungi	Basidiomycota	Agaricomycetes	Agaricales	Cortinariaceae	Cortinarius	Cortinarius violaceus		SPECIES	Cortinarius violaceus (L.) Gray	Cortinarius violaceus		CA		New Brunswick	PRESENT		28eb1a3f-1c15-4a95-931a-4af90ecb574d	45.777953	-64.736727	46.0						2023-08-17T15:32	17	8	2023	2529040	2529040	HUMAN_OBSERVATION	iNaturalist	Observations	178914728		Ben	2023-08-18T00:59:25	CC_BY_NC_4_0	jenniferthewriter	jenniferthewriter			2025-01-14T13:41:36.931Z	StillImage	CONTINENT_DERIVED_FROM_COORDINATES;TAXON_MATCH_TAXON_ID_IGNORED
4177497654	50c9509d-22c7-4a22-a47d-8c48425ef4a7	https://www.inaturalist.org/observations/178464784	Fungi	Basidiomycota	Agaricomycetes	Agaricales	Cortinariaceae	Cortinarius	Cortinarius violaceus		SPECIES	Cortinarius violaceus (L.) Gray	Cortinarius violaceus		CA		Ontario	PRESENT		28eb1a3f-1c15-4a95-931a-4af90ecb574d	45.595854	-78.518388	983.0						2023-08-13T12:06	13	8	2023	2529040	2529040	HUMAN_OBSERVATION	iNaturalist	Observations	178464784		byron murray	2023-08-15T01:37:19	CC0_1_0	byron murray	byron murray			2025-01-14T12:39:45.505Z	StillImage	COORDINATE_ROUNDED;CONTINENT_DERIVED_FROM_COORDINATES;TAXON_MATCH_TAXON_ID_IGNORED
4177241241	50c9509d-22c7-4a22-a47d-8c48425ef4a7	https://www.inaturalist.org/observations/178301152	Fungi	Basidiomycota	Agaricomycetes	Agaricales	Cortinariaceae	Cortinarius	Cortinarius violaceus		SPECIES	Cortinarius violaceus (L.) Gray	Cortinarius violaceus		CA		Québec	PRESENT		28eb1a3f-1c15-4a95-931a-4af90ecb574d	46.245903	-74.293403	4.0						2023-08-13T16:17:06	13	8	2023	2529040	2529040	HUMAN_OBSERVATION	iNaturalist	Observations	178301152		maddylucas420	2023-08-14T02:11:33	CC_BY_NC_4_0	maddylucas420	maddylucas420			2025-01-14T13:26:24.926Z	StillImage	COORDINATE_ROUNDED;CONTINENT_DERIVED_FROM_COORDINATES;TAXON_MATCH_TAXON_ID_IGNORED
4171598709	50c9509d-22c7-4a22-a47d-8c48425ef4a7	https://www.inaturalist.org/observations/171253906	Fungi	Basidiomycota	Agaricomycetes	Agaricales	Cortinariaceae	Cortinarius	Cortinarius violaceus		SPECIES	Cortinarius violaceus (L.) Gray	Cortinarius violaceus		CA		Québec	PRESENT		28eb1a3f-1c15-4a95-931a-4af90ecb574d	45.316944	-72.25	4852.0						2022-08-05T16:26	5	8	2022	2529040	2529040	HUMAN_OBSERVATION	iNaturalist	Observations	171253906		Antoine Fortin	2023-07-05T18:59:18	CC_BY_NC_4_0	Antoine Fortin	Antoine Fortin			2025-01-14T12:38:48.003Z	StillImage	COORDINATE_ROUNDED;CONTINENT_DERIVED_FROM_COORDINATES;TAXON_MATCH_TAXON_ID_IGNORED
4022239374	50c9509d-22c7-4a22-a47d-8c48425ef4a7	https://www.inaturalist.org/observations/57887420	Fungi	Basidiomycota	Agaricomycetes	Agaricales	Cortinariaceae	Cortinarius	Cortinarius violaceus		SPECIES	Cortinarius violaceus (L.) Gray	Cortinarius violaceus		CA		Ontario	PRESENT		28eb1a3f-1c15-4a95-931a-4af90ecb574d	45.55397	-78.59676	1519.0						2020-08-26T17:46	26	8	2020	2529040	2529040	HUMAN_OBSERVATION	iNaturalist	Observations	57887420		Nata Culhane	2020-08-29T02:30:19	CC_BY_NC_4_0	Nata Culhane	Nata Culhane			2025-01-14T12:15:17.610Z	StillImage	CONTINENT_DERIVED_FROM_COORDINATES;TAXON_MATCH_TAXON_ID_IGNORED
4018564648	50c9509d-22c7-4a22-a47d-8c48425ef4a7	https://www.inaturalist.org/observations/133270101	Fungi	Basidiomycota	Agaricomycetes	Agaricales	Cortinariaceae	Cortinarius	Cortinarius violaceus		SPECIES	Cortinarius violaceus (L.) Gray	Cortinarius violaceus		CA		Ontario	PRESENT		28eb1a3f-1c15-4a95-931a-4af90ecb574d	45.438971	-76.026185	186.0						2022-09-01	1	9	2022	2529040	2529040	HUMAN_OBSERVATION	iNaturalist	Observations	133270101		Jan Thornhill	2022-09-02T13:34:51	CC_BY_NC_4_0	kevinwallace	kevinwallace			2025-01-14T13:19:26.457Z	StillImage	CONTINENT_DERIVED_FROM_COORDINATES;TAXON_MATCH_TAXON_ID_IGNORED
4018172638	50c9509d-22c7-4a22-a47d-8c48425ef4a7	https://www.inaturalist.org/observations/134637527	Fungi	Basidiomycota	Agaricomycetes	Agaricales	Cortinariaceae	Cortinarius	Cortinarius violaceus		SPECIES	Cortinarius violaceus (L.) Gray	Cortinarius violaceus		CA		Québec	PRESENT		28eb1a3f-1c15-4a95-931a-4af90ecb574d	45.773167	-75.785933	5.0						2022-09-10T11:26:18	10	9	2022	2529040	2529040	HUMAN_OBSERVATION	iNaturalist	Observations	134637527		Mark	2022-09-11T20:42:20	CC_BY_4_0	Mark	Mark			2025-01-14T13:25:25.435Z	StillImage	COORDINATE_ROUNDED;CONTINENT_DERIVED_FROM_COORDINATES;TAXON_MATCH_TAXON_ID_IGNORED
4018148633	50c9509d-22c7-4a22-a47d-8c48425ef4a7	https://www.inaturalist.org/observations/130937140	Fungi	Basidiomycota	Agaricomycetes	Agaricales	Cortinariaceae	Cortinarius	Cortinarius violaceus		SPECIES	Cortinarius violaceus (L.) Gray	Cortinarius violaceus		CA		Québec	PRESENT		28eb1a3f-1c15-4a95-931a-4af90ecb574d	48.803298	-66.063664	116.0						2022-08-13T10:59:53	13	8	2022	2529040	2529040	HUMAN_OBSERVATION	iNaturalist	Observations	130937140		ludovicjolicoeur	2022-08-15T14:31:56	CC_BY_NC_4_0	ludovicjolicoeur	ludovicjolicoeur			2025-01-14T13:22:54.188Z	StillImage	COORDINATE_ROUNDED;CONTINENT_DERIVED_FROM_COORDINATES;TAXON_MATCH_TAXON_ID_IGNORED
3994255947	50c9509d-22c7-4a22-a47d-8c48425ef4a7	https://www.inaturalist.org/observations/144038655	Fungi	Basidiomycota	Agaricomycetes	Agaricales	Cortinariaceae	Cortinarius	Cortinarius violaceus		SPECIES	Cortinarius violaceus (L.) Gray	Cortinarius violaceus		CA		Québec	PRESENT		28eb1a3f-1c15-4a95-931a-4af90ecb574d	45.268852	-72.992668	31.0						2022-09-19T19:17	19	9	2022	2529040	2529040	HUMAN_OBSERVATION	iNaturalist	Observations	144038655		cinna_latifolia	2022-12-11T03:02:02	CC_BY_NC_4_0	larose_annie	larose_annie			2025-01-14T12:32:54.567Z	StillImage	COORDINATE_ROUNDED;CONTINENT_DERIVED_FROM_COORDINATES;TAXON_MATCH_TAXON_ID_IGNORED
3985656393	50c9509d-22c7-4a22-a47d-8c48425ef4a7	https://www.inaturalist.org/observations/58540839	Fungi	Basidiomycota	Agaricomycetes	Agaricales	Cortinariaceae	Cortinarius	Cortinarius violaceus		SPECIES	Cortinarius violaceus (L.) Gray	Cortinarius violaceus		CA		Québec	PRESENT		28eb1a3f-1c15-4a95-931a-4af90ecb574d	45.77345	-76.530678	5.0						2020-09-04T16:09:04	4	9	2020	2529040	2529040	HUMAN_OBSERVATION	iNaturalist	Observations	58540839		bharkness	2020-09-04T20:40:36	CC_BY_NC_4_0	bharkness	bharkness			2025-01-14T13:10:48.612Z	StillImage	COORDINATE_ROUNDED;CONTINENT_DERIVED_FROM_COORDINATES;TAXON_MATCH_TAXON_ID_IGNORED
3961235550	50c9509d-22c7-4a22-a47d-8c48425ef4a7	https://www.inaturalist.org/observations/134718843	Fungi	Basidiomycota	Agaricomycetes	Agaricales	Cortinariaceae	Cortinarius	Cortinarius violaceus		SPECIES	Cortinarius violaceus (L.) Gray	Cortinarius violaceus		CA		Québec	PRESENT		28eb1a3f-1c15-4a95-931a-4af90ecb574d	45.449478	-71.113128	36.0						2022-09-11T14:03:26	11	9	2022	2529040	2529040	HUMAN_OBSERVATION	iNaturalist	Observations	134718843		Ming_Ni	2022-09-12T12:14:16	CC_BY_NC_4_0	Ming_Ni	Ming_Ni			2025-01-14T13:25:38.913Z	StillImage	COORDINATE_ROUNDED;CONTINENT_DERIVED_FROM_COORDINATES;TAXON_MATCH_TAXON_ID_IGNORED
3961234582	50c9509d-22c7-4a22-a47d-8c48425ef4a7	https://www.inaturalist.org/observations/135180982	Fungi	Basidiomycota	Agaricomycetes	Agaricales	Cortinariaceae	Cortinarius	Cortinarius violaceus		SPECIES	Cortinarius violaceus (L.) Gray	Cortinarius violaceus		CA		Québec	PRESENT		28eb1a3f-1c15-4a95-931a-4af90ecb574d	45.469688	-73.0307	4.0						2022-09-15T10:38:07	15	9	2022	2529040	2529040	HUMAN_OBSERVATION	iNaturalist	Observations	135180982		vincent_dumontier	2022-09-15T22:35:49	CC_BY_NC_4_0	vincent_dumontier	vincent_dumontier			2025-01-14T12:31:35.367Z	StillImage	COORDINATE_ROUNDED;CONTINENT_DERIVED_FROM_COORDINATES;TAXON_MATCH_TAXON_ID_IGNORED
3961104584	50c9509d-22c7-4a22-a47d-8c48425ef4a7	https://www.inaturalist.org/observations/136288440	Fungi	Basidiomycota	Agaricomycetes	Agaricales	Cortinariaceae	Cortinarius	Cortinarius violaceus		SPECIES	Cortinarius violaceus (L.) Gray	Cortinarius violaceus		CA		Québec	PRESENT		28eb1a3f-1c15-4a95-931a-4af90ecb574d	45.793948	-74.607374	200.0						2022-09-24T11:34:52	24	9	2022	2529040	2529040	HUMAN_OBSERVATION	iNaturalist	Observations	136288440		mckestershet	2022-09-24T15:38:57	CC_BY_NC_4_0	mckestershet	mckestershet			2025-01-14T12:31:54.124Z	StillImage	COORDINATE_ROUNDED;CONTINENT_DERIVED_FROM_COORDINATES;TAXON_MATCH_TAXON_ID_IGNORED
3961001595	50c9509d-22c7-4a22-a47d-8c48425ef4a7	https://www.inaturalist.org/observations/134638485	Fungi	Basidiomycota	Agaricomycetes	Agaricales	Cortinariaceae	Cortinarius	Cortinarius violaceus		SPECIES	Cortinarius violaceus (L.) Gray	Cortinarius violaceus		CA		Québec	PRESENT		28eb1a3f-1c15-4a95-931a-4af90ecb574d	45.773495	-75.786163	10.0						2022-09-10T11:24:39	10	9	2022	2529040	2529040	HUMAN_OBSERVATION	iNaturalist	Observations	134638485		Mark	2022-09-11T20:48:42	CC_BY_4_0	Mark	Mark			2025-01-14T12:33:12.620Z	StillImage	COORDINATE_ROUNDED;CONTINENT_DERIVED_FROM_COORDINATES;TAXON_MATCH_TAXON_ID_IGNORED
3960983603	50c9509d-22c7-4a22-a47d-8c48425ef4a7	https://www.inaturalist.org/observations/135648615	Fungi	Basidiomycota	Agaricomycetes	Agaricales	Cortinariaceae	Cortinarius	Cortinarius violaceus		SPECIES	Cortinarius violaceus (L.) Gray	Cortinarius violaceus		CA		Ontario	PRESENT		28eb1a3f-1c15-4a95-931a-4af90ecb574d	45.122558	-77.973763	16.0						2022-09-17T13:15:58	17	9	2022	2529040	2529040	HUMAN_OBSERVATION	iNaturalist	Observations	135648615		amkirb	2022-09-19T11:27:03	CC_BY_NC_4_0	amkirb	amkirb			2025-01-14T13:25:08.698Z	StillImage	COORDINATE_ROUNDED;CONTINENT_DERIVED_FROM_COORDINATES;TAXON_MATCH_TAXON_ID_IGNORED
3925023656	50c9509d-22c7-4a22-a47d-8c48425ef4a7	https://www.inaturalist.org/observations/136056110	Fungi	Basidiomycota	Agaricomycetes	Agaricales	Cortinariaceae	Cortinarius	Cortinarius violaceus		SPECIES	Cortinarius violaceus (L.) Gray	Cortinarius violaceus		CA		Québec	PRESENT		28eb1a3f-1c15-4a95-931a-4af90ecb574d	45.616666	-75.3	1522.0						2022-09-22T11:57:12	22	9	2022	2529040	2529040	HUMAN_OBSERVATION	iNaturalist	Observations	136056110		a-tara-xy	2022-09-22T17:01:12	CC_BY_NC_4_0	a-tara-xy	a-tara-xy			2025-01-14T13:17:25.375Z	StillImage	COORDINATE_ROUNDED;CONTINENT_DERIVED_FROM_COORDINATES;TAXON_MATCH_TAXON_ID_IGNORED
3923284673	50c9509d-22c7-4a22-a47d-8c48425ef4a7	https://www.inaturalist.org/observations/134328222	Fungi	Basidiomycota	Agaricomycetes	Agaricales	Cortinariaceae	Cortinarius	Cortinarius violaceus		SPECIES	Cortinarius violaceus (L.) Gray	Cortinarius violaceus		CA		Québec	PRESENT		28eb1a3f-1c15-4a95-931a-4af90ecb574d	45.11541	-72.610694	2865.0						2022-09-09T12:37:29	9	9	2022	2529040	2529040	HUMAN_OBSERVATION	iNaturalist	Observations	134328222		Lucie Roy	2022-09-09T18:51:40	CC_BY_NC_4_0	Lucie Roy	Lucie Roy			2025-01-14T12:31:48.782Z	StillImage	COORDINATE_ROUNDED;CONTINENT_DERIVED_FROM_COORDINATES;TAXON_MATCH_TAXON_ID_IGNORED
3915727586	50c9509d-22c7-4a22-a47d-8c48425ef4a7	https://www.inaturalist.org/observations/136644258	Fungi	Basidiomycota	Agaricomycetes	Agaricales	Cortinariaceae	Cortinarius	Cortinarius violaceus		SPECIES	Cortinarius violaceus (L.) Gray	Cortinarius violaceus		CA		Ontario	PRESENT		28eb1a3f-1c15-4a95-931a-4af90ecb574d	45.358644	-75.284257	108.0						2022-09-25T10:40	25	9	2022	2529040	2529040	HUMAN_OBSERVATION	iNaturalist	Observations	136644258		jonathan_mack	2022-09-27T01:31:03	CC_BY_NC_4_0	jonathan_mack	jonathan_mack			2025-01-14T13:24:56.849Z	StillImage	COORDINATE_ROUNDED;CONTINENT_DERIVED_FROM_COORDINATES;TAXON_MATCH_TAXON_ID_IGNORED
3903481378	50c9509d-22c7-4a22-a47d-8c48425ef4a7	https://www.inaturalist.org/observations/132592254	Fungi	Basidiomycota	Agaricomycetes	Agaricales	Cortinariaceae	Cortinarius	Cortinarius violaceus		SPECIES	Cortinarius violaceus (L.) Gray	Cortinarius violaceus		CA		Québec	PRESENT		28eb1a3f-1c15-4a95-931a-4af90ecb574d	45.833733	-72.729142	54.0						2022-08-27T15:25:17	27	8	2022	2529040	2529040	HUMAN_OBSERVATION	iNaturalist	Observations	132592254		Chapados	2022-08-28T15:00:51	CC_BY_NC_4_0	Chapados	Chapados			2025-01-14T12:33:04.906Z	StillImage	COORDINATE_ROUNDED;CONTINENT_DERIVED_FROM_COORDINATES;TAXON_MATCH_TAXON_ID_IGNORED
3903227132	50c9509d-22c7-4a22-a47d-8c48425ef4a7	https://www.inaturalist.org/observations/131889208	Fungi	Basidiomycota	Agaricomycetes	Agaricales	Cortinariaceae	Cortinarius	Cortinarius violaceus		SPECIES	Cortinarius violaceus (L.) Gray	Cortinarius violaceus		CA		Québec	PRESENT		28eb1a3f-1c15-4a95-931a-4af90ecb574d	46.928282	-72.467839	181.0						2022-08-20T18:05:59	20	8	2022	2529040	2529040	HUMAN_OBSERVATION	iNaturalist	Observations	131889208		Cindy	2022-08-22T14:41:16	CC_BY_NC_4_0	Cindy	Cindy			2025-01-14T12:31:53.171Z	StillImage	COORDINATE_ROUNDED;CONTINENT_DERIVED_FROM_COORDINATES;TAXON_MATCH_TAXON_ID_IGNORED
3903196448	50c9509d-22c7-4a22-a47d-8c48425ef4a7	https://www.inaturalist.org/observations/131606969	Fungi	Basidiomycota	Agaricomycetes	Agaricales	Cortinariaceae	Cortinarius	Cortinarius violaceus		SPECIES	Cortinarius violaceus (L.) Gray	Cortinarius violaceus		CA		Québec	PRESENT		28eb1a3f-1c15-4a95-931a-4af90ecb574d	45.263458	-70.875812	1704.0						2022-08-13T12:31:13	13	8	2022	2529040	2529040	HUMAN_OBSERVATION	iNaturalist	Observations	131606969		Ben	2022-08-22T16:17:37	CC_BY_NC_4_0	alexgiroux	alexgiroux			2025-01-14T12:31:54.564Z	StillImage	COORDINATE_ROUNDED;CONTINENT_DERIVED_FROM_COORDINATES;TAXON_MATCH_TAXON_ID_IGNORED
3902966446	50c9509d-22c7-4a22-a47d-8c48425ef4a7	https://www.inaturalist.org/observations/133708864	Fungi	Basidiomycota	Agaricomycetes	Agaricales	Cortinariaceae	Cortinarius	Cortinarius violaceus		SPECIES	Cortinarius violaceus (L.) Gray	Cortinarius violaceus		CA		Ontario	PRESENT		28eb1a3f-1c15-4a95-931a-4af90ecb574d	45.351055	-75.141389	5.0						2022-09-03T11:55:44	3	9	2022	2529040	2529040	HUMAN_OBSERVATION	iNaturalist	Observations	133708864		Lynn Ovenden	2022-09-05T01:38:25	CC_BY_NC_4_0	Lynn Ovenden	Lynn Ovenden			2025-01-14T12:31:24.275Z	StillImage	COORDINATE_ROUNDED;CONTINENT_DERIVED_FROM_COORDINATES;TAXON_MATCH_TAXON_ID_IGNORED
3902906586	50c9509d-22c7-4a22-a47d-8c48425ef4a7	https://www.inaturalist.org/observations/132305863	Fungi	Basidiomycota	Agaricomycetes	Agaricales	Cortinariaceae	Cortinarius	Cortinarius violaceus		SPECIES	Cortinarius violaceus (L.) Gray	Cortinarius violaceus		CA		Québec	PRESENT		28eb1a3f-1c15-4a95-931a-4af90ecb574d	45.738903	-70.696732	2599.0						2022-08-25T14:19:35	25	8	2022	2529040	2529040	HUMAN_OBSERVATION	iNaturalist	Observations	132305863		Danavan Rouillard	2022-08-25T18:19:47	CC_BY_NC_4_0	Danavan Rouillard	Danavan Rouillard			2025-01-14T13:25:18.980Z	StillImage	COORDINATE_ROUNDED;CONTINENT_DERIVED_FROM_COORDINATES;TAXON_MATCH_TAXON_ID_IGNORED
3902351683	50c9509d-22c7-4a22-a47d-8c48425ef4a7	https://www.inaturalist.org/observations/130172326	Fungi	Basidiomycota	Agaricomycetes	Agaricales	Cortinariaceae	Cortinarius	Cortinarius violaceus		SPECIES	Cortinarius violaceus (L.) Gray	Cortinarius violaceus		CA		Québec	PRESENT		28eb1a3f-1c15-4a95-931a-4af90ecb574d	45.553733	-71.738289							2022-08-07T08:48:09	7	8	2022	2529040	2529040	HUMAN_OBSERVATION	iNaturalist	Observations	130172326		pierlucmv	2022-08-09T22:40:08	CC_BY_NC_4_0	pierlucmv	pierlucmv			2025-01-14T12:32:58.583Z	StillImage	COORDINATE_ROUNDED;CONTINENT_DERIVED_FROM_COORDINATES;TAXON_MATCH_TAXON_ID_IGNORED
3385061618	50c9509d-22c7-4a22-a47d-8c48425ef4a7	https://www.inaturalist.org/observations/96504199	Fungi	Basidiomycota	Agaricomycetes	Agaricales	Cortinariaceae	Cortinarius	Cortinarius violaceus		SPECIES	Cortinarius violaceus (L.) Gray	Cortinarius violaceus		CA		New Brunswick	PRESENT		28eb1a3f-1c15-4a95-931a-4af90ecb574d	45.924737	-66.658403	64.0						2021-09-28T16:16:49	28	9	2021	2529040	2529040	HUMAN_OBSERVATION	iNaturalist	Observations	96504199		s7x	2021-09-28T19:19:53	CC_BY_NC_4_0	s7x	s7x			2025-01-14T13:15:20.870Z	StillImage	COORDINATE_ROUNDED;CONTINENT_DERIVED_FROM_COORDINATES;TAXON_MATCH_TAXON_ID_IGNORED
3351801286	d8cd16ba-bb74-4420-821e-083f2bac17c2	MN992366	Fungi	Basidiomycota	Agaricomycetes	Agaricales	Cortinariaceae	Cortinarius	Cortinarius violaceus		SPECIES	Cortinarius violaceus (L.) Gray	Cortinarius violaceus		CA	Quebec, Anticosti		PRESENT		ada9d123-ddb4-467d-8891-806ea8d94230	49.87	-64.43							2015-09-10	10	9	2015	2529040	2529040	PRESERVED_SPECIMEN			ANT270-QFB28793		Andre Paul		CC_BY_4_0		Landry, J.			2025-01-18T13:05:59.277Z		GEODETIC_DATUM_ASSUMED_WGS84;CONTINENT_DERIVED_FROM_COORDINATES;TAXON_MATCH_TAXON_CONCEPT_ID_IGNORED;TAXON_MATCH_TAXON_ID_IGNORED
3349442462	d8cd16ba-bb74-4420-821e-083f2bac17c2	MN751777	Fungi	Basidiomycota	Agaricomycetes	Agaricales	Cortinariaceae	Cortinarius	Cortinarius violaceus		SPECIES	Cortinarius violaceus (L.) Gray	Cortinarius violaceus		CA	Quebec, Chibougamau		PRESENT		ada9d123-ddb4-467d-8891-806ea8d94230	49.91	-74.21							2017-09-06	6	9	2017	2529040	2529040	PRESERVED_SPECIMEN			MQ17134-QFB29642		Jacques Landry		CC_BY_4_0		Mycoquebec			2025-01-18T13:04:47.484Z		GEODETIC_DATUM_ASSUMED_WGS84;CONTINENT_DERIVED_FROM_COORDINATES;TAXON_MATCH_TAXON_CONCEPT_ID_IGNORED;TAXON_MATCH_TAXON_ID_IGNORED
3349401486	d8cd16ba-bb74-4420-821e-083f2bac17c2	MN751778	Fungi	Basidiomycota	Agaricomycetes	Agaricales	Cortinariaceae	Cortinarius	Cortinarius violaceus		SPECIES	Cortinarius violaceus (L.) Gray	Cortinarius violaceus		CA	Quebec, Abitibi-Temiscamingue, Val-d'Or, Cote de 100 pieds		PRESENT		ada9d123-ddb4-467d-8891-806ea8d94230	48.09	-77.78							2018-09-08	8	9	2018	2529040	2529040	PRESERVED_SPECIMEN			MQ19-PAT0174		Jacques Landry		CC_BY_4_0					2025-01-18T13:05:59.643Z		GEODETIC_DATUM_ASSUMED_WGS84;CONTINENT_DERIVED_FROM_COORDINATES;TAXON_MATCH_TAXON_CONCEPT_ID_IGNORED;TAXON_MATCH_TAXON_ID_IGNORED
3349364679	d8cd16ba-bb74-4420-821e-083f2bac17c2	MN751774	Fungi	Basidiomycota	Agaricomycetes	Agaricales	Cortinariaceae	Cortinarius	Cortinarius violaceus		SPECIES	Cortinarius violaceus (L.) Gray	Cortinarius violaceus		CA	Quebec, Saint-Alban, Parc regional		PRESENT		ada9d123-ddb4-467d-8891-806ea8d94230	46.7	-72.07							2017-08-30	30	8	2017	2529040	2529040	PRESERVED_SPECIMEN			MQ18-HRL2436-QFB29991		Jacques Landry		CC_BY_4_0		AP-RL			2025-01-18T13:05:50.406Z		GEODETIC_DATUM_ASSUMED_WGS84;CONTINENT_DERIVED_FROM_COORDINATES;TAXON_MATCH_TAXON_CONCEPT_ID_IGNORED;TAXON_MATCH_TAXON_ID_IGNORED
3349304184	d8cd16ba-bb74-4420-821e-083f2bac17c2	MN751775	Fungi	Basidiomycota	Agaricomycetes	Agaricales	Cortinariaceae	Cortinarius	Cortinarius violaceus		SPECIES	Cortinarius violaceus (L.) Gray	Cortinarius violaceus		CA	Quebec, Saint-Hermenegilde		PRESENT		ada9d123-ddb4-467d-8891-806ea8d94230	45.11	-71.67							1989-08-23	23	8	1989	2529040	2529040	PRESERVED_SPECIMEN			MQ19-CMMF000651		Jacques Landry		CC_BY_4_0		Josee Pronovost			2025-01-18T13:05:50.338Z		GEODETIC_DATUM_ASSUMED_WGS84;CONTINENT_DERIVED_FROM_COORDINATES;TAXON_MATCH_TAXON_CONCEPT_ID_IGNORED;TAXON_MATCH_TAXON_ID_IGNORED
3349222318	d8cd16ba-bb74-4420-821e-083f2bac17c2	MN751776	Fungi	Basidiomycota	Agaricomycetes	Agaricales	Cortinariaceae	Cortinarius	Cortinarius violaceus		SPECIES	Cortinarius violaceus (L.) Gray	Cortinarius violaceus		CA	Quebec, Parc de la Yamaska		PRESENT		ada9d123-ddb4-467d-8891-806ea8d94230	45.43	-72.62							1998-09-14	14	9	1998	2529040	2529040	PRESERVED_SPECIMEN			MQ19-CMMF003286		Jacques Landry		CC_BY_4_0		Yves Lamoureux			2025-01-18T13:05:50.312Z		GEODETIC_DATUM_ASSUMED_WGS84;CONTINENT_DERIVED_FROM_COORDINATES;TAXON_MATCH_TAXON_CONCEPT_ID_IGNORED;TAXON_MATCH_TAXON_ID_IGNORED
3337898460	50c9509d-22c7-4a22-a47d-8c48425ef4a7	https://www.inaturalist.org/observations/90828647	Fungi	Basidiomycota	Agaricomycetes	Agaricales	Cortinariaceae	Cortinarius	Cortinarius violaceus		SPECIES	Cortinarius violaceus (L.) Gray	Cortinarius violaceus		CA		New Brunswick	PRESENT		28eb1a3f-1c15-4a95-931a-4af90ecb574d	46.036883	-66.712242	24.0						2021-08-11T17:20:02	11	8	2021	2529040	2529040	HUMAN_OBSERVATION	iNaturalist	Observations	90828647		mariahbelyea	2021-08-11T22:39:19	CC_BY_NC_4_0	mariahbelyea	mariahbelyea			2025-01-14T12:21:15.831Z	StillImage	COORDINATE_ROUNDED;CONTINENT_DERIVED_FROM_COORDINATES;TAXON_MATCH_TAXON_ID_IGNORED
3079669478	50c9509d-22c7-4a22-a47d-8c48425ef4a7	https://www.inaturalist.org/observations/15427913	Fungi	Basidiomycota	Agaricomycetes	Agaricales	Cortinariaceae	Cortinarius	Cortinarius violaceus		SPECIES	Cortinarius violaceus (L.) Gray	Cortinarius violaceus		CA		New Brunswick	PRESENT		28eb1a3f-1c15-4a95-931a-4af90ecb574d	45.480697	-65.63353	5.0						2018-08-14T14:32:08	14	8	2018	2529040	2529040	HUMAN_OBSERVATION	iNaturalist	Observations	15427913		Christopher J. Kennedy	2018-08-14T19:40:35	CC_BY_NC_4_0	Christopher J. Kennedy	Christopher J. Kennedy			2025-01-14T12:05:42.716Z	StillImage	COORDINATE_ROUNDED;CONTINENT_DERIVED_FROM_COORDINATES;TAXON_MATCH_TAXON_ID_IGNORED
3079668990	50c9509d-22c7-4a22-a47d-8c48425ef4a7	https://www.inaturalist.org/observations/59639788	Fungi	Basidiomycota	Agaricomycetes	Agaricales	Cortinariaceae	Cortinarius	Cortinarius violaceus		SPECIES	Cortinarius violaceus (L.) Gray	Cortinarius violaceus		CA		Ontario	PRESENT		28eb1a3f-1c15-4a95-931a-4af90ecb574d	45.406897	-75.573988	16.0						2020-09-14T13:07:05	14	9	2020	2529040	2529040	HUMAN_OBSERVATION	iNaturalist	Observations	59639788		Igor Khomenko	2020-09-15T03:51:49	CC_BY_NC_4_0	Igor Khomenko	Igor Khomenko			2025-01-14T13:09:44.568Z	StillImage	COORDINATE_ROUNDED;CONTINENT_DERIVED_FROM_COORDINATES;TAXON_MATCH_TAXON_ID_IGNORED
3058887354	50c9509d-22c7-4a22-a47d-8c48425ef4a7	https://www.inaturalist.org/observations/70769979	Fungi	Basidiomycota	Agaricomycetes	Agaricales	Cortinariaceae	Cortinarius	Cortinarius violaceus		SPECIES	Cortinarius violaceus (L.) Gray	Cortinarius violaceus		CA		Ontario	PRESENT		28eb1a3f-1c15-4a95-931a-4af90ecb574d	45.833332	-78.483494	61355.0						2016-09-17T10:51	17	9	2016	2529040	2529040	HUMAN_OBSERVATION	iNaturalist	Observations	70769979		Garrett Taylor	2021-03-07T21:43:08	CC0_1_0	Garrett Taylor	Garrett Taylor			2025-01-14T12:17:53.527Z	StillImage	COORDINATE_ROUNDED;CONTINENT_DERIVED_FROM_COORDINATES;TAXON_MATCH_TAXON_ID_IGNORED
3031964935	50c9509d-22c7-4a22-a47d-8c48425ef4a7	https://www.inaturalist.org/observations/59508433	Fungi	Basidiomycota	Agaricomycetes	Agaricales	Cortinariaceae	Cortinarius	Cortinarius violaceus		SPECIES	Cortinarius violaceus (L.) Gray	Cortinarius violaceus		CA		Ontario	PRESENT		28eb1a3f-1c15-4a95-931a-4af90ecb574d	45.580489	-78.399341	178.0						2020-08-22T14:41	22	8	2020	2529040	2529040	HUMAN_OBSERVATION	iNaturalist	Observations	59508433		ejankowski	2020-09-13T22:06:38	CC_BY_NC_4_0	ejankowski	ejankowski			2025-01-14T12:15:43.555Z	StillImage	COORDINATE_ROUNDED;CONTINENT_DERIVED_FROM_COORDINATES;TAXON_MATCH_TAXON_ID_IGNORED
3031959893	50c9509d-22c7-4a22-a47d-8c48425ef4a7	https://www.inaturalist.org/observations/56799671	Fungi	Basidiomycota	Agaricomycetes	Agaricales	Cortinariaceae	Cortinarius	Cortinarius violaceus		SPECIES	Cortinarius violaceus (L.) Gray	Cortinarius violaceus		CA		Ontario	PRESENT		28eb1a3f-1c15-4a95-931a-4af90ecb574d	45.55583	-78.5615	4.0						2020-08-17T15:19:52	17	8	2020	2529040	2529040	HUMAN_OBSERVATION	iNaturalist	Observations	56799671		katsmith3	2020-08-18T00:57:23	CC_BY_NC_4_0	katsmith3	katsmith3			2025-01-14T13:09:44.456Z	StillImage	CONTINENT_DERIVED_FROM_COORDINATES;TAXON_MATCH_TAXON_ID_IGNORED
3031858888	50c9509d-22c7-4a22-a47d-8c48425ef4a7	https://www.inaturalist.org/observations/58554047	Fungi	Basidiomycota	Agaricomycetes	Agaricales	Cortinariaceae	Cortinarius	Cortinarius violaceus		SPECIES	Cortinarius violaceus (L.) Gray	Cortinarius violaceus		CA		Ontario	PRESENT		28eb1a3f-1c15-4a95-931a-4af90ecb574d	45.467045	-78.676895	20.0						2020-09-03T09:23:23	3	9	2020	2529040	2529040	HUMAN_OBSERVATION	iNaturalist	Observations	58554047		turlough_ohare	2020-09-04T23:10:38	CC_BY_NC_4_0	turlough_ohare	turlough_ohare			2025-01-14T13:04:20.874Z	StillImage	CONTINENT_DERIVED_FROM_COORDINATES;TAXON_MATCH_TAXON_ID_IGNORED
3031826950	50c9509d-22c7-4a22-a47d-8c48425ef4a7	https://www.inaturalist.org/observations/57396857	Fungi	Basidiomycota	Agaricomycetes	Agaricales	Cortinariaceae	Cortinarius	Cortinarius violaceus		SPECIES	Cortinarius violaceus (L.) Gray	Cortinarius violaceus		CA		Ontario	PRESENT		28eb1a3f-1c15-4a95-931a-4af90ecb574d	45.480915	-78.833931							2020-08-22T16:08:07Z	22	8	2020	2529040	2529040	HUMAN_OBSERVATION	iNaturalist	Observations	57396857		joannawoo	2020-08-23T23:54:06	CC_BY_NC_4_0	joannawoo	joannawoo			2025-01-14T12:14:19.337Z	StillImage	COORDINATE_ROUNDED;CONTINENT_DERIVED_FROM_COORDINATES;TAXON_MATCH_TAXON_ID_IGNORED
3031787341	50c9509d-22c7-4a22-a47d-8c48425ef4a7	https://www.inaturalist.org/observations/68344709	Fungi	Basidiomycota	Agaricomycetes	Agaricales	Cortinariaceae	Cortinarius	Cortinarius violaceus		SPECIES	Cortinarius violaceus (L.) Gray	Cortinarius violaceus		CA		Ontario	PRESENT		28eb1a3f-1c15-4a95-931a-4af90ecb574d	45.464942	-78.800362	16.0						2020-10-11T08:13:53	11	10	2020	2529040	2529040	HUMAN_OBSERVATION	iNaturalist	Observations	68344709		clarisacurtis	2021-01-19T23:01:47	CC_BY_NC_4_0	clarisacurtis	clarisacurtis			2025-01-14T13:11:05.177Z	StillImage	COORDINATE_ROUNDED;CONTINENT_DERIVED_FROM_COORDINATES;TAXON_MATCH_TAXON_ID_IGNORED
3031659876	50c9509d-22c7-4a22-a47d-8c48425ef4a7	https://www.inaturalist.org/observations/58778312	Fungi	Basidiomycota	Agaricomycetes	Agaricales	Cortinariaceae	Cortinarius	Cortinarius violaceus		SPECIES	Cortinarius violaceus (L.) Gray	Cortinarius violaceus		CA		Ontario	PRESENT		28eb1a3f-1c15-4a95-931a-4af90ecb574d	45.403592	-79.012658	64.0						2020-09-06T12:24:50	6	9	2020	2529040	2529040	HUMAN_OBSERVATION	iNaturalist	Observations	58778312		annettefriedenreich	2020-09-06T22:40:27	CC_BY_NC_4_0	annettefriedenreich	annettefriedenreich			2025-01-14T12:14:36.314Z	StillImage	COORDINATE_ROUNDED;CONTINENT_DERIVED_FROM_COORDINATES;TAXON_MATCH_TAXON_ID_IGNORED
3031656909	50c9509d-22c7-4a22-a47d-8c48425ef4a7	https://www.inaturalist.org/observations/57556283	Fungi	Basidiomycota	Agaricomycetes	Agaricales	Cortinariaceae	Cortinarius	Cortinarius violaceus		SPECIES	Cortinarius violaceus (L.) Gray	Cortinarius violaceus		CA		Ontario	PRESENT		28eb1a3f-1c15-4a95-931a-4af90ecb574d	45.391553	-79.214678	263.0						2020-08-25T12:32:44	25	8	2020	2529040	2529040	HUMAN_OBSERVATION	iNaturalist	Observations	57556283		halfway_to_crazy	2020-08-25T16:34:55	CC_BY_NC_4_0	halfway_to_crazy	halfway_to_crazy			2025-01-14T13:09:35.137Z	StillImage	COORDINATE_ROUNDED;CONTINENT_DERIVED_FROM_COORDINATES;TAXON_MATCH_TAXON_ID_IGNORED
2883110546	50c9509d-22c7-4a22-a47d-8c48425ef4a7	https://www.inaturalist.org/observations/61249101	Fungi	Basidiomycota	Agaricomycetes	Agaricales	Cortinariaceae	Cortinarius	Cortinarius violaceus		SPECIES	Cortinarius violaceus (L.) Gray	Cortinarius violaceus		CA		Ontario	PRESENT		28eb1a3f-1c15-4a95-931a-4af90ecb574d	45.5622	-78.281391	516.0						2020-09-17T13:26	17	9	2020	2529040	2529040	HUMAN_OBSERVATION	iNaturalist	Observations	61249101		Tim Thorington	2020-09-29T21:27:37	CC_BY_NC_4_0	Tim Thorington	Tim Thorington			2025-01-14T12:15:55.877Z	StillImage	COORDINATE_ROUNDED;CONTINENT_DERIVED_FROM_COORDINATES;TAXON_MATCH_TAXON_ID_IGNORED
2868380676	50c9509d-22c7-4a22-a47d-8c48425ef4a7	https://www.inaturalist.org/observations/60470809	Fungi	Basidiomycota	Agaricomycetes	Agaricales	Cortinariaceae	Cortinarius	Cortinarius violaceus		SPECIES	Cortinarius violaceus (L.) Gray	Cortinarius violaceus		CA		Québec	PRESENT		28eb1a3f-1c15-4a95-931a-4af90ecb574d	45.911628	-76.422837	8.0						2020-09-06T16:12:55	6	9	2020	2529040	2529040	HUMAN_OBSERVATION	iNaturalist	Observations	60470809		bobtyler	2020-09-22T23:28:14	CC_BY_NC_4_0	bobtyler	bobtyler			2025-01-14T12:15:03.691Z	StillImage	COORDINATE_ROUNDED;CONTINENT_DERIVED_FROM_COORDINATES;TAXON_MATCH_TAXON_ID_IGNORED
2864635838	50c9509d-22c7-4a22-a47d-8c48425ef4a7	https://www.inaturalist.org/observations/59522052	Fungi	Basidiomycota	Agaricomycetes	Agaricales	Cortinariaceae	Cortinarius	Cortinarius violaceus		SPECIES	Cortinarius violaceus (L.) Gray	Cortinarius violaceus		CA		Québec	PRESENT		28eb1a3f-1c15-4a95-931a-4af90ecb574d	45.814444	-74.225833	5.0						2020-09-06T14:29:25	6	9	2020	2529040	2529040	HUMAN_OBSERVATION	iNaturalist	Observations	59522052		Don-Jean Leandri-Breton	2020-09-13T23:54:09	CC_BY_NC_4_0	Don-Jean Leandri-Breton	Don-Jean Leandri-Breton			2025-01-14T13:12:58.090Z		COORDINATE_ROUNDED;CONTINENT_DERIVED_FROM_COORDINATES;TAXON_MATCH_TAXON_ID_IGNORED
2862322764	50c9509d-22c7-4a22-a47d-8c48425ef4a7	https://www.inaturalist.org/observations/58624482	Fungi	Basidiomycota	Agaricomycetes	Agaricales	Cortinariaceae	Cortinarius	Cortinarius violaceus		SPECIES	Cortinarius violaceus (L.) Gray	Cortinarius violaceus		CA		Ontario	PRESENT		28eb1a3f-1c15-4a95-931a-4af90ecb574d	45.556053	-78.577033	200.0						2020-09-05T10:27:39	5	9	2020	2529040	2529040	HUMAN_OBSERVATION	iNaturalist	Observations	58624482		ashlynenorris	2020-09-05T17:56:41	CC_BY_NC_4_0	ashlynenorris	ashlynenorris			2025-01-14T13:09:53.113Z	StillImage	COORDINATE_ROUNDED;CONTINENT_DERIVED_FROM_COORDINATES;TAXON_MATCH_TAXON_ID_IGNORED
2860102016	50c9509d-22c7-4a22-a47d-8c48425ef4a7	https://www.inaturalist.org/observations/58112288	Fungi	Basidiomycota	Agaricomycetes	Agaricales	Cortinariaceae	Cortinarius	Cortinarius violaceus		SPECIES	Cortinarius violaceus (L.) Gray	Cortinarius violaceus		CA		Ontario	PRESENT		28eb1a3f-1c15-4a95-931a-4af90ecb574d	45.479333	-78.811447	19.0						2020-08-30T14:31:25	30	8	2020	2529040	2529040	HUMAN_OBSERVATION	iNaturalist	Observations	58112288		Brooke Michell	2020-08-31T02:08:44	CC_BY_NC_4_0	Brooke Michell	Brooke Michell			2025-01-14T13:09:40.216Z	StillImage	COORDINATE_ROUNDED;CONTINENT_DERIVED_FROM_COORDINATES;TAXON_MATCH_TAXON_ID_IGNORED
2859940692	50c9509d-22c7-4a22-a47d-8c48425ef4a7	https://www.inaturalist.org/observations/57890946	Fungi	Basidiomycota	Agaricomycetes	Agaricales	Cortinariaceae	Cortinarius	Cortinarius violaceus		SPECIES	Cortinarius violaceus (L.) Gray	Cortinarius violaceus		CA		Québec	PRESENT		28eb1a3f-1c15-4a95-931a-4af90ecb574d	46.272591	-73.985847							2020-08-22T10:42:04	22	8	2020	2529040	2529040	HUMAN_OBSERVATION	iNaturalist	Observations	57890946		Sandrine Corriveau	2020-08-29T03:36:50	CC_BY_NC_4_0	Sandrine Corriveau	Sandrine Corriveau			2025-01-14T13:03:46.877Z	StillImage	COORDINATE_ROUNDED;CONTINENT_DERIVED_FROM_COORDINATES;TAXON_MATCH_TAXON_ID_IGNORED
2856815479	50c9509d-22c7-4a22-a47d-8c48425ef4a7	https://www.inaturalist.org/observations/57758160	Fungi	Basidiomycota	Agaricomycetes	Agaricales	Cortinariaceae	Cortinarius	Cortinarius violaceus		SPECIES	Cortinarius violaceus (L.) Gray	Cortinarius violaceus		CA		Ontario	PRESENT		28eb1a3f-1c15-4a95-931a-4af90ecb574d	45.575537	-78.408203	41.0						2020-08-27T14:32:34	27	8	2020	2529040	2529040	HUMAN_OBSERVATION	iNaturalist	Observations	57758160		Jeffrey H. Skevington	2020-08-27T18:37:50	CC_BY_NC_4_0	Jeffrey H. Skevington	Jeffrey H. Skevington			2025-01-14T12:14:55.458Z	StillImage	COORDINATE_ROUNDED;CONTINENT_DERIVED_FROM_COORDINATES;TAXON_MATCH_TAXON_ID_IGNORED
2856622038	50c9509d-22c7-4a22-a47d-8c48425ef4a7	https://www.inaturalist.org/observations/57409330	Fungi	Basidiomycota	Agaricomycetes	Agaricales	Cortinariaceae	Cortinarius	Cortinarius violaceus		SPECIES	Cortinarius violaceus (L.) Gray	Cortinarius violaceus		CA		Ontario	PRESENT		28eb1a3f-1c15-4a95-931a-4af90ecb574d	45.575112	-78.684263	4.0						2020-08-23T16:20:18	23	8	2020	2529040	2529040	HUMAN_OBSERVATION	iNaturalist	Observations	57409330		Jeffrey H. Skevington	2020-08-24T02:27:52	CC_BY_NC_4_0	Jeffrey H. Skevington	Jeffrey H. Skevington			2025-01-14T13:05:43.805Z	StillImage	COORDINATE_ROUNDED;CONTINENT_DERIVED_FROM_COORDINATES;TAXON_MATCH_TAXON_ID_IGNORED
2850677620	50c9509d-22c7-4a22-a47d-8c48425ef4a7	https://www.inaturalist.org/observations/55645890	Fungi	Basidiomycota	Agaricomycetes	Agaricales	Cortinariaceae	Cortinarius	Cortinarius violaceus		SPECIES	Cortinarius violaceus (L.) Gray	Cortinarius violaceus		CA		New Brunswick	PRESENT		28eb1a3f-1c15-4a95-931a-4af90ecb574d	47.386755	-66.793696	7506.0						2020-08-01T13:56:20	1	8	2020	2529040	2529040	HUMAN_OBSERVATION	iNaturalist	Observations	55645890		mhenry78	2020-08-06T22:23:20	CC_BY_NC_4_0	mhenry78	mhenry78			2025-01-14T12:14:15.422Z	StillImage	COORDINATE_ROUNDED;CONTINENT_DERIVED_FROM_COORDINATES;TAXON_MATCH_TAXON_ID_IGNORED
2850602120	50c9509d-22c7-4a22-a47d-8c48425ef4a7	https://www.inaturalist.org/observations/55325257	Fungi	Basidiomycota	Agaricomycetes	Agaricales	Cortinariaceae	Cortinarius	Cortinarius violaceus		SPECIES	Cortinarius violaceus (L.) Gray	Cortinarius violaceus		CA		New Brunswick	PRESENT		28eb1a3f-1c15-4a95-931a-4af90ecb574d	47.363281	-66.906296							2020-08-01T12:17:39	1	8	2020	2529040	2529040	HUMAN_OBSERVATION	iNaturalist	Observations	55325257		Chris Norfolk	2020-08-03T21:45:31	CC_BY_4_0	Chris Norfolk	Chris Norfolk			2025-01-14T13:58:14.732Z	StillImage	COORDINATE_ROUNDED;CONTINENT_DERIVED_FROM_COORDINATES;TAXON_MATCH_TAXON_ID_IGNORED
2596171171	50c9509d-22c7-4a22-a47d-8c48425ef4a7	https://www.inaturalist.org/observations/41224305	Fungi	Basidiomycota	Agaricomycetes	Agaricales	Cortinariaceae	Cortinarius	Cortinarius violaceus		SPECIES	Cortinarius violaceus (L.) Gray	Cortinarius violaceus		CA		Québec	PRESENT		28eb1a3f-1c15-4a95-931a-4af90ecb574d	46.92479	-71.223058	488.0						2016-09-23	23	9	2016	2529040	2529040	HUMAN_OBSERVATION	iNaturalist	Observations	41224305		Christian Grenier	2020-04-02T12:37:09	CC_BY_NC_4_0	Christian Grenier	Christian Grenier			2025-01-14T12:11:09.933Z	StillImage	COORDINATE_ROUNDED;CONTINENT_DERIVED_FROM_COORDINATES;TAXON_MATCH_TAXON_ID_IGNORED
2596144103	50c9509d-22c7-4a22-a47d-8c48425ef4a7	https://www.inaturalist.org/observations/41224240	Fungi	Basidiomycota	Agaricomycetes	Agaricales	Cortinariaceae	Cortinarius	Cortinarius violaceus		SPECIES	Cortinarius violaceus (L.) Gray	Cortinarius violaceus		CA		Québec	PRESENT		28eb1a3f-1c15-4a95-931a-4af90ecb574d	46.920569	-71.230611	488.0						2016-09-23	23	9	2016	2529040	2529040	HUMAN_OBSERVATION	iNaturalist	Observations	41224240		Christian Grenier	2020-04-02T12:35:06	CC_BY_NC_4_0	Christian Grenier	Christian Grenier			2025-01-14T12:11:20.275Z	StillImage	COORDINATE_ROUNDED;CONTINENT_DERIVED_FROM_COORDINATES;TAXON_MATCH_TAXON_ID_IGNORED
2576374894	50c9509d-22c7-4a22-a47d-8c48425ef4a7	https://www.inaturalist.org/observations/35137506	Fungi	Basidiomycota	Agaricomycetes	Agaricales	Cortinariaceae	Cortinarius	Cortinarius violaceus		SPECIES	Cortinarius violaceus (L.) Gray	Cortinarius violaceus		CA		New Brunswick	PRESENT		28eb1a3f-1c15-4a95-931a-4af90ecb574d	46.164192	-64.78702	1502.0						2014-08-30T10:31	30	8	2014	2529040	2529040	HUMAN_OBSERVATION	iNaturalist	Observations	35137506		Raymonde G Chartier	2019-10-31T16:54:34	CC_BY_NC_4_0	Raymonde G Chartier	Raymonde G Chartier			2025-01-14T13:09:52.737Z	StillImage	COORDINATE_ROUNDED;CONTINENT_DERIVED_FROM_COORDINATES;TAXON_MATCH_TAXON_ID_IGNORED
2563644169	50c9509d-22c7-4a22-a47d-8c48425ef4a7	https://www.inaturalist.org/observations/38098403	Fungi	Basidiomycota	Agaricomycetes	Agaricales	Cortinariaceae	Cortinarius	Cortinarius violaceus		SPECIES	Cortinarius violaceus (L.) Gray	Cortinarius violaceus		CA		Québec	PRESENT		28eb1a3f-1c15-4a95-931a-4af90ecb574d	45.543454	-75.41917	8299.0						2018-09-02	2	9	2018	2529040	2529040	HUMAN_OBSERVATION	iNaturalist	Observations	38098403		Christian Grenier	2020-01-29T20:00:15	CC_BY_NC_4_0	Christian Grenier	Christian Grenier			2025-01-14T12:10:28.154Z	StillImage	COORDINATE_ROUNDED;CONTINENT_DERIVED_FROM_COORDINATES;TAXON_MATCH_TAXON_ID_IGNORED
2423612944	21705170-d2b6-42de-8904-c3bca4b83591	CMMF018665	Fungi	Basidiomycota	Agaricomycetes	Agaricales	Cortinariaceae	Cortinarius	Cortinarius violaceus		SPECIES	Cortinarius violaceus (L.) Gray	Cortinarius violaceus (L.) Gray	(L.) Gray	CA	Sentier Lac Rond	Québec	PRESENT		ff7bd5db-b724-4932-b496-10ea298851f9	45.991049	-73.990997	500.0						1986-08-25	25	8	1986	2529040	2529040	PRESERVED_SPECIMEN	Université de Montréal Biodiversity Centre	CMMF	CMMF018665	s.n.	Nantel, Patrick		CC0_1_0	Université de Montréal Biodiversity Centre	Nantel, Patrick			2024-01-24T16:38:18.493Z		INSTITUTION_MATCH_FUZZY;COLLECTION_MATCH_FUZZY;DIFFERENT_OWNER_INSTITUTION
2423611404	21705170-d2b6-42de-8904-c3bca4b83591	CMMF018681	Fungi	Basidiomycota	Agaricomycetes	Agaricales	Cortinariaceae	Cortinarius	Cortinarius violaceus		SPECIES	Cortinarius violaceus (L.) Gray	Cortinarius violaceus (L.) Gray	(L.) Gray	CA	Chemin du lac Rond.	Québec	PRESENT		ff7bd5db-b724-4932-b496-10ea298851f9	45.991049	-73.990997	500.0						1978-08-24	24	8	1978	2529040	2529040	PRESERVED_SPECIMEN	Université de Montréal Biodiversity Centre	CMMF	CMMF018681	s.n.	Nantel, Patrick		CC0_1_0	Université de Montréal Biodiversity Centre	Nantel, Patrick			2024-01-24T16:38:18.474Z		INSTITUTION_MATCH_FUZZY;COLLECTION_MATCH_FUZZY;DIFFERENT_OWNER_INSTITUTION
2423611307	21705170-d2b6-42de-8904-c3bca4b83591	CMMF020777	Fungi	Basidiomycota	Agaricomycetes	Agaricales	Cortinariaceae	Cortinarius	Cortinarius violaceus		SPECIES	Cortinarius violaceus (L.) Gray	Cortinarius violaceus (L.) Gray	(L.) Gray	CA	Côte de 100 pieds, Val-d'Or, Abitibi-Témiscamingue		PRESENT		ff7bd5db-b724-4932-b496-10ea298851f9	48.094034	-77.779186	500.0						2018-09-08	8	9	2018	2529040	2529040	PRESERVED_SPECIMEN	Université de Montréal Biodiversity Centre	CMMF	CMMF020777	pat0174	Poitras, Patrick		CC0_1_0	Université de Montréal Biodiversity Centre	MYAM-AT			2024-01-24T16:38:16.182Z		GEODETIC_DATUM_INVALID;GEODETIC_DATUM_ASSUMED_WGS84;COUNTRY_DERIVED_FROM_COORDINATES;CONTINENT_DERIVED_FROM_COORDINATES;INSTITUTION_MATCH_FUZZY;COLLECTION_MATCH_FUZZY;DIFFERENT_OWNER_INSTITUTION
2366150141	50c9509d-22c7-4a22-a47d-8c48425ef4a7	https://www.inaturalist.org/observations/31295564	Fungi	Basidiomycota	Agaricomycetes	Agaricales	Cortinariaceae	Cortinarius	Cortinarius violaceus		SPECIES	Cortinarius violaceus (L.) Gray	Cortinarius violaceus		CA		New Brunswick	PRESENT		28eb1a3f-1c15-4a95-931a-4af90ecb574d	45.450066	-67.158492	15.0						2019-08-21T12:09	21	8	2019	2529040	2529040	HUMAN_OBSERVATION	iNaturalist	Observations	31295564		Carlene Cliver	2019-08-22T16:41:02	CC_BY_NC_4_0	Eric Knopf	Eric Knopf			2025-01-14T12:59:30.951Z	StillImage	COORDINATE_ROUNDED;CONTINENT_DERIVED_FROM_COORDINATES;TAXON_MATCH_TAXON_ID_IGNORED
1990311027	032f1fbe-d21f-407d-be46-5cd1bb1ea397	566bf3ea-ce20-4fd3-adce-4ab35b4ca51c	Fungi	Basidiomycota	Agaricomycetes	Agaricales	Cortinariaceae	Cortinarius	Cortinarius violaceus		SPECIES	Cortinarius violaceus (L.) Gray	Cortinarius violaceus	(L.) Gray	CA	Baxter's Harbor, Black Hole, Near Baxter's Harbor	Nova Scotia	PRESENT		61c539d8-47e0-4b82-875f-b95aad66dcd4	45.233333	-64.494444							1973-08-30	30	8	1973	2529040	2529040	PRESERVED_SPECIMEN	TENN-F		TENN-F-038038	RHP38038			CC0_1_0		R.H. Petersen			2025-01-12T10:33:51.412Z		COORDINATE_ROUNDED;GEODETIC_DATUM_ASSUMED_WGS84;CONTINENT_DERIVED_FROM_COORDINATES;TAXON_MATCH_TAXON_ID_IGNORED;INSTITUTION_MATCH_NONE
1946201124	50c9509d-22c7-4a22-a47d-8c48425ef4a7	https://www.inaturalist.org/observations/16634422	Fungi	Basidiomycota	Agaricomycetes	Agaricales	Cortinariaceae	Cortinarius	Cortinarius violaceus		SPECIES	Cortinarius violaceus (L.) Gray	Cortinarius violaceus		CA		Ontario	PRESENT		28eb1a3f-1c15-4a95-931a-4af90ecb574d	45.405324	-79.150687	98.0						2018-09-09T11:47	9	9	2018	2529040	2529040	HUMAN_OBSERVATION	iNaturalist	Observations	16634422		David LeGros	2018-09-17T18:38:44	CC_BY_NC_4_0	David LeGros	David LeGros			2025-01-14T12:05:49.642Z	StillImage	COORDINATE_ROUNDED;CONTINENT_DERIVED_FROM_COORDINATES;TAXON_MATCH_TAXON_ID_IGNORED
1914197120	50c9509d-22c7-4a22-a47d-8c48425ef4a7	https://www.inaturalist.org/observations/16114970	Fungi	Basidiomycota	Agaricomycetes	Agaricales	Cortinariaceae	Cortinarius	Cortinarius violaceus		SPECIES	Cortinarius violaceus (L.) Gray	Cortinarius violaceus		CA		Québec	PRESENT		28eb1a3f-1c15-4a95-931a-4af90ecb574d	45.624722	-71.021667							2018-09-01T18:02:41	1	9	2018	2529040	2529040	HUMAN_OBSERVATION	iNaturalist	Observations	16114970		Danavan Rouillard	2018-09-01T23:13:27	CC_BY_NC_4_0	Danavan Rouillard	Danavan Rouillard			2025-01-14T12:58:12.296Z	StillImage	COORDINATE_ROUNDED;CONTINENT_DERIVED_FROM_COORDINATES;TAXON_MATCH_TAXON_ID_IGNORED
1913690938	50c9509d-22c7-4a22-a47d-8c48425ef4a7	https://www.inaturalist.org/observations/16628153	Fungi	Basidiomycota	Agaricomycetes	Agaricales	Cortinariaceae	Cortinarius	Cortinarius violaceus		SPECIES	Cortinarius violaceus (L.) Gray	Cortinarius violaceus		CA		Ontario	PRESENT		28eb1a3f-1c15-4a95-931a-4af90ecb574d	45.402456	-79.017364	324.0						2018-09-16T12:08	16	9	2018	2529040	2529040	HUMAN_OBSERVATION	iNaturalist	Observations	16628153		David LeGros	2018-09-17T15:17:48	CC_BY_NC_4_0	David LeGros	David LeGros			2025-01-14T12:58:13.608Z	StillImage	COORDINATE_ROUNDED;CONTINENT_DERIVED_FROM_COORDINATES;TAXON_MATCH_TAXON_ID_IGNORED
1913149392	50c9509d-22c7-4a22-a47d-8c48425ef4a7	https://www.inaturalist.org/observations/15853462	Fungi	Basidiomycota	Agaricomycetes	Agaricales	Cortinariaceae	Cortinarius	Cortinarius violaceus		SPECIES	Cortinarius violaceus (L.) Gray	Cortinarius violaceus		CA		New Brunswick	PRESENT		28eb1a3f-1c15-4a95-931a-4af90ecb574d	46.223206	-66.400063							2018-08-22T16:01:50	22	8	2018	2529040	2529040	HUMAN_OBSERVATION	iNaturalist	Observations	15853462		lvicaire	2018-08-24T20:02:52	CC_BY_NC_4_0	lvicaire	lvicaire			2025-01-14T12:58:08.010Z	StillImage	COORDINATE_ROUNDED;CONTINENT_DERIVED_FROM_COORDINATES;TAXON_MATCH_TAXON_ID_IGNORED
1901032739	50c9509d-22c7-4a22-a47d-8c48425ef4a7	https://www.inaturalist.org/observations/15621869	Fungi	Basidiomycota	Agaricomycetes	Agaricales	Cortinariaceae	Cortinarius	Cortinarius violaceus		SPECIES	Cortinarius violaceus (L.) Gray	Cortinarius violaceus		CA		Québec	PRESENT		28eb1a3f-1c15-4a95-931a-4af90ecb574d	49.052224	-76.979984	704.0						2018-08-18T07:57:30	18	8	2018	2529040	2529040	HUMAN_OBSERVATION	iNaturalist	Observations	15621869		jgenest	2018-08-30T13:02:24	CC_BY_NC_4_0	Jonathan Bonin Bourgault	Jonathan Bonin Bourgault			2025-01-14T13:00:22.273Z		COORDINATE_ROUNDED;CONTINENT_DERIVED_FROM_COORDINATES;TAXON_MATCH_TAXON_ID_IGNORED
1847647202	50c9509d-22c7-4a22-a47d-8c48425ef4a7	https://www.inaturalist.org/observations/9593365	Fungi	Basidiomycota	Agaricomycetes	Agaricales	Cortinariaceae	Cortinarius	Cortinarius violaceus		SPECIES	Cortinarius violaceus (L.) Gray	Cortinarius violaceus		CA		Ontario	PRESENT		28eb1a3f-1c15-4a95-931a-4af90ecb574d	45.39615	-79.19605	427.0						2016-09-20	20	9	2016	2529040	2529040	HUMAN_OBSERVATION	iNaturalist	Observations	9593365		mycowalt	2018-01-24T02:02:23	CC_BY_NC_4_0	mycowalt	mycowalt			2025-01-14T12:04:22.314Z	StillImage	CONTINENT_DERIVED_FROM_COORDINATES;TAXON_MATCH_TAXON_ID_IGNORED
1807260022	e8a25a42-f125-476c-8554-3ec21cd51a84	ACAD:117010	Fungi	Basidiomycota	Agaricomycetes	Agaricales	Cortinariaceae	Cortinarius	Cortinarius violaceus		SPECIES	Cortinarius violaceus (L.) Gray	Cortinarius violaceus (L.) Gray	(L.) Gray	CA	Glenmont	Nova Scotia	PRESENT		6491ad8c-8e49-4bd4-a089-0ddb3bbe0890	45.18614	-64.50197							1963-09-26	26	9	1963	2529040	2529040	PRESERVED_SPECIMEN	Acadia University	ACAD	5270F	5270			CC0_1_0	Acadia University	H, KA			2024-01-25T01:37:12.498Z	StillImage	GEODETIC_DATUM_INVALID;GEODETIC_DATUM_ASSUMED_WGS84;TAXON_MATCH_TAXON_ID_IGNORED;INSTITUTION_MATCH_FUZZY;COLLECTION_MATCH_FUZZY
1807259830	e8a25a42-f125-476c-8554-3ec21cd51a84	ACAD:117008	Fungi	Basidiomycota	Agaricomycetes	Agaricales	Cortinariaceae	Cortinarius	Cortinarius violaceus		SPECIES	Cortinarius violaceus (L.) Gray	Cortinarius violaceus (L.) Gray	(L.) Gray	CA	Plaster Rock	New Brunswick	PRESENT		6491ad8c-8e49-4bd4-a089-0ddb3bbe0890	46.908823	-67.395268							1965-09-19	19	9	1965	2529040	2529040	PRESERVED_SPECIMEN	Acadia University	ACAD	5268F	5268			CC0_1_0	Acadia University	H, KA			2024-01-25T01:37:12.497Z	StillImage	GEODETIC_DATUM_INVALID;GEODETIC_DATUM_ASSUMED_WGS84;TAXON_MATCH_TAXON_ID_IGNORED;INSTITUTION_MATCH_FUZZY;COLLECTION_MATCH_FUZZY
1701212186	81e6cff2-b409-417e-8c72-e1bbafb7c61f	9f49c3d7-176f-4092-b617-43b8bf810ccb	Fungi	Basidiomycota	Agaricomycetes	Agaricales	Cortinariaceae	Cortinarius	Cortinarius violaceus		SPECIES	Cortinarius violaceus (L.) Fr.	Cortinarius violaceus (L. ex Fr.) Fr.	(L. ex Fr.) Fr.	CA	Beauce, St-Georges; Sept Chutes Park	Québec	PRESENT		7b8aff00-a9f8-11d8-944b-b8a03c50a862	47.117399	-70.825025	3556.0						2003-08-30	30	8	2003	8381999	2529040	PRESERVED_SPECIMEN	F	Botany	C0294385F	NAMA 2003-275			CC0_1_0	The Field Museum of Natural History	N. Menashe			2024-02-20T16:06:22.824Z		GEODETIC_DATUM_ASSUMED_WGS84;MODIFIED_DATE_INVALID;AMBIGUOUS_COLLECTION;INSTITUTION_MATCH_FUZZY
1701210565	81e6cff2-b409-417e-8c72-e1bbafb7c61f	e5e43d37-60a0-4f86-b520-30eabf2f4571	Fungi	Basidiomycota	Agaricomycetes	Agaricales	Cortinariaceae	Cortinarius	Cortinarius violaceus		SPECIES	Cortinarius violaceus (L.) Fr.	Cortinarius violaceus (L. ex Fr.) Fr.	(L. ex Fr.) Fr.	CA	Lac Beauport, Trans-Québec trail	Québec	PRESENT		7b8aff00-a9f8-11d8-944b-b8a03c50a862	46.950852	-71.281044	7000.0						2003-08-30	30	8	2003	8381999	2529040	PRESERVED_SPECIMEN	F	Botany	C0294384F	NAMA 2003-068			CC0_1_0	The Field Museum of Natural History	J. Aldoy			2024-02-20T16:06:15.042Z		GEODETIC_DATUM_ASSUMED_WGS84;MODIFIED_DATE_INVALID;MULTIMEDIA_URI_INVALID;AMBIGUOUS_COLLECTION;INSTITUTION_MATCH_FUZZY
1412706167	21705170-d2b6-42de-8904-c3bca4b83591	CMMF014611	Fungi	Basidiomycota	Agaricomycetes	Agaricales	Cortinariaceae	Cortinarius	Cortinarius violaceus		SPECIES	Cortinarius violaceus (L.) Gray	Cortinarius violaceus (L.) Gray	(L.) Gray	CA	Falardeau, Québec.	Québec	PRESENT		ff7bd5db-b724-4932-b496-10ea298851f9	48.618673	-71.111283	8000.0						1984-08-13	13	8	1984	2529040	2529040	PRESERVED_SPECIMEN	Université de Montréal Biodiversity Centre	CMMF	CMMF014611	2218	Guérin, Gérard		CC0_1_0	Université de Montréal Biodiversity Centre	Guérin, Gérard			2024-01-24T16:38:20.318Z	StillImage	INSTITUTION_MATCH_FUZZY;COLLECTION_MATCH_FUZZY;DIFFERENT_OWNER_INSTITUTION
1412706120	21705170-d2b6-42de-8904-c3bca4b83591	CMMF014612	Fungi	Basidiomycota	Agaricomycetes	Agaricales	Cortinariaceae	Cortinarius	Cortinarius violaceus		SPECIES	Cortinarius violaceus (L.) Gray	Cortinarius violaceus (L.) Gray	(L.) Gray	CA	Shipshaw, Québec.	Québec	PRESENT		ff7bd5db-b724-4932-b496-10ea298851f9	48.466834	-71.263421	2500.0						1984-09-14	14	9	1984	2529040	2529040	PRESERVED_SPECIMEN	Université de Montréal Biodiversity Centre	CMMF	CMMF014612	2219	Guérin, Gérard		CC0_1_0	Université de Montréal Biodiversity Centre	Guérin, Gérard			2024-01-24T16:38:20.318Z	StillImage	INSTITUTION_MATCH_FUZZY;COLLECTION_MATCH_FUZZY;DIFFERENT_OWNER_INSTITUTION
1412703102	21705170-d2b6-42de-8904-c3bca4b83591	CMMF011608	Fungi	Basidiomycota	Agaricomycetes	Agaricales	Cortinariaceae	Cortinarius	Cortinarius violaceus		SPECIES	Cortinarius violaceus (L.) Gray	Cortinarius violaceus (L.) Gray	(L.) Gray	CA	Saint-Roch, L'Islet, Québec.	Québec	PRESENT		ff7bd5db-b724-4932-b496-10ea298851f9	47.298975	-70.150374	8000.0						1944-09-10	10	9	1944	2529040	2529040	PRESERVED_SPECIMEN	Université de Montréal Biodiversity Centre	CMMF	CMMF011608	18449	Pomerleau, René		CC0_1_0	Université de Montréal Biodiversity Centre	Campagna, Elzéar; Dubé, Lucien			2024-01-24T16:38:18.120Z		INSTITUTION_MATCH_FUZZY;COLLECTION_MATCH_FUZZY;DIFFERENT_OWNER_INSTITUTION
1135069120	21705170-d2b6-42de-8904-c3bca4b83591	CMMF007649	Fungi	Basidiomycota	Agaricomycetes	Agaricales	Cortinariaceae	Cortinarius	Cortinarius violaceus		SPECIES	Cortinarius violaceus (L.) Gray	Cortinarius violaceus (L.) Gray	(L.) Gray	CA	St-Hippolyte	Québec	PRESENT		ff7bd5db-b724-4932-b496-10ea298851f9	45.989333	-74.003633	100.0						1979-09-15	15	9	1979	2529040	2529040	PRESERVED_SPECIMEN	Université de Montréal Biodiversity Centre	CMMF	CMMF007649	Inexistant	McNeil, Raymond		CC0_1_0	Université de Montréal Biodiversity Centre	McNeil, Raymond			2024-01-24T16:38:16.034Z	StillImage	INSTITUTION_MATCH_FUZZY;COLLECTION_MATCH_FUZZY;DIFFERENT_OWNER_INSTITUTION
1135068802	21705170-d2b6-42de-8904-c3bca4b83591	CMMF007276	Fungi	Basidiomycota	Agaricomycetes	Agaricales	Cortinariaceae	Cortinarius	Cortinarius violaceus		SPECIES	Cortinarius violaceus (L.) Gray	Cortinarius violaceus (L.) Gray	(L.) Gray	CA	St-André-Avellin	Québec	PRESENT		ff7bd5db-b724-4932-b496-10ea298851f9	45.728583	-73.0653	100.0						2008-08-13	13	8	2008	2529040	2529040	PRESERVED_SPECIMEN	Université de Montréal Biodiversity Centre	CMMF	CMMF007276	C3359	McNeil, Raymond		CC0_1_0	Université de Montréal Biodiversity Centre	McNeil, Raymond			2024-01-24T16:38:21.242Z	StillImage	COORDINATE_ROUNDED;INSTITUTION_MATCH_FUZZY;COLLECTION_MATCH_FUZZY;DIFFERENT_OWNER_INSTITUTION
1135068795	21705170-d2b6-42de-8904-c3bca4b83591	CMMF007321	Fungi	Basidiomycota	Agaricomycetes	Agaricales	Cortinariaceae	Cortinarius	Cortinarius violaceus		SPECIES	Cortinarius violaceus (L.) Gray	Cortinarius violaceus (L.) Gray	(L.) Gray	CA	Mascouche	Québec	PRESENT		ff7bd5db-b724-4932-b496-10ea298851f9	45.77635	-73.52495	100.0						2009-08-08	8	8	2009	2529040	2529040	PRESERVED_SPECIMEN	Université de Montréal Biodiversity Centre	CMMF	CMMF007321	C3527	McNeil, Raymond		CC0_1_0	Université de Montréal Biodiversity Centre	McNeil, Raymond			2024-01-24T16:38:21.442Z	StillImage	INSTITUTION_MATCH_FUZZY;COLLECTION_MATCH_FUZZY;DIFFERENT_OWNER_INSTITUTION
