gbifID	datasetKey	occurrenceID	kingdom	phylum	class	order	family	genus	species	infraspecificEpithet	taxonRank	scientificName	verbatimScientificName	verbatimScientificNameAuthorship	countryCode	locality	stateProvince	occurrenceStatus	individualCount	publishingOrgKey	decimalLatitude	decimalLongitude	coordinateUncertaintyInMeters	coordinatePrecision	elevation	elevationAccuracy	depth	depthAccuracy	eventDate	day	month	year	taxonKey	speciesKey	basisOfRecord	institutionCode	collectionCode	catalogNumber	recordNumber	identifiedBy	dateIdentified	license	rightsHolder	recordedBy	typeStatus	establishmentMeans	lastInterpreted	mediaType	issue
617555727	21705170-d2b6-42de-8904-c3bca4b83591	CMMF000939	Fungi	Basidiomycota	Agaricomycetes	Boletales	Boletaceae	Boletus	Boletus chippewaensis		SPECIES	Boletus chippewaensis A.H.Sm. & Thiers	Boletus chippewaensis A.H. Sm. & Thiers	A.H. Sm. & Thiers	CA	Saint-Joseph-du-Lac	Québec	PRESENT		ff7bd5db-b724-4932-b496-10ea298851f9	45.534465	-74.013251	5000.0						1990-06-26	26	6	1990	6015464	6015464	PRESERVED_SPECIMEN	Université de Montréal Biodiversity Centre	CMMF	CMMF000939		Lamoureux, Yves		CC0_1_0	Université de Montréal Biodiversity Centre	Lamoureux, Yves			2024-01-24T16:38:21.631Z	StillImage	INSTITUTION_MATCH_FUZZY;COLLECTION_MATCH_FUZZY;DIFFERENT_OWNER_INSTITUTION
617554922	21705170-d2b6-42de-8904-c3bca4b83591	CMMF000577	Fungi	Basidiomycota	Agaricomycetes	Boletales	Boletaceae	Boletus	Boletus chippewaensis		SPECIES	Boletus chippewaensis A.H.Sm. & Thiers	Boletus chippewaensis A.H. Sm. & Thiers	A.H. Sm. & Thiers	CA	Saint-Didace	Québec	PRESENT		ff7bd5db-b724-4932-b496-10ea298851f9	46.350802	-73.261802	6000.0						1989-07-15	15	7	1989	6015464	6015464	PRESERVED_SPECIMEN	Université de Montréal Biodiversity Centre	CMMF	CMMF000577		Lamoureux, Yves		CC0_1_0	Université de Montréal Biodiversity Centre	Lamoureux, Yves			2024-01-24T16:38:20.067Z	StillImage	INSTITUTION_MATCH_FUZZY;COLLECTION_MATCH_FUZZY;DIFFERENT_OWNER_INSTITUTION
617554279	21705170-d2b6-42de-8904-c3bca4b83591	CMMF003978	Fungi	Basidiomycota	Agaricomycetes	Boletales	Boletaceae	Boletus	Boletus chippewaensis		SPECIES	Boletus chippewaensis A.H.Sm. & Thiers	Boletus chippewaensis A.H. Sm. & Thiers	A.H. Sm. & Thiers	CA	Sainte-Béatrix	Québec	PRESENT		ff7bd5db-b724-4932-b496-10ea298851f9	46.194291	-73.619583	6000.0						2006-06-30	30	6	2006	6015464	6015464	PRESERVED_SPECIMEN	Université de Montréal Biodiversity Centre	CMMF	CMMF003978		Lamoureux, Yves		CC0_1_0	Université de Montréal Biodiversity Centre	Lamoureux, Yves			2024-01-24T16:38:17.508Z	StillImage	INSTITUTION_MATCH_FUZZY;COLLECTION_MATCH_FUZZY;DIFFERENT_OWNER_INSTITUTION
617552867	21705170-d2b6-42de-8904-c3bca4b83591	CMMF003345	Fungi	Basidiomycota	Agaricomycetes	Boletales	Boletaceae	Boletus	Boletus chippewaensis		SPECIES	Boletus chippewaensis A.H.Sm. & Thiers	Boletus chippewaensis A.H. Sm. & Thiers	A.H. Sm. & Thiers	CA	Rawdon	Québec	PRESENT		ff7bd5db-b724-4932-b496-10ea298851f9	46.052398	-73.748752	11000.0						1999-08-11	11	8	1999	6015464	6015464	PRESERVED_SPECIMEN	Université de Montréal Biodiversity Centre	CMMF	CMMF003345		Lamoureux, Yves		CC0_1_0	Université de Montréal Biodiversity Centre	Lamoureux, Yves			2024-01-24T16:38:17.061Z	StillImage	INSTITUTION_MATCH_FUZZY;COLLECTION_MATCH_FUZZY;DIFFERENT_OWNER_INSTITUTION
617551684	21705170-d2b6-42de-8904-c3bca4b83591	CMMF002811	Fungi	Basidiomycota	Agaricomycetes	Boletales	Boletaceae	Boletus	Boletus chippewaensis		SPECIES	Boletus chippewaensis A.H.Sm. & Thiers	Boletus chippewaensis A.H. Sm. & Thiers	A.H. Sm. & Thiers	CA	Saint-Herménégilde	Québec	PRESENT		ff7bd5db-b724-4932-b496-10ea298851f9	45.105574	-71.672847	3000.0						1996-07-14	14	7	1996	6015464	6015464	PRESERVED_SPECIMEN	Université de Montréal Biodiversity Centre	CMMF	CMMF002811		Lamoureux, Yves		CC0_1_0	Université de Montréal Biodiversity Centre	Lamoureux, Yves			2024-01-24T16:38:20.627Z	StillImage	INSTITUTION_MATCH_FUZZY;COLLECTION_MATCH_FUZZY;DIFFERENT_OWNER_INSTITUTION
617551607	21705170-d2b6-42de-8904-c3bca4b83591	CMMF002778	Fungi	Basidiomycota	Agaricomycetes	Boletales	Boletaceae	Boletus	Boletus chippewaensis		SPECIES	Boletus chippewaensis A.H.Sm. & Thiers	Boletus chippewaensis A.H. Sm. & Thiers	A.H. Sm. & Thiers	CA	Saint-Roch-sur-Richelieu	Québec	PRESENT		ff7bd5db-b724-4932-b496-10ea298851f9	45.891936	-73.179027	4000.0						1996-06-27	27	6	1996	6015464	6015464	PRESERVED_SPECIMEN	Université de Montréal Biodiversity Centre	CMMF	CMMF002778		Lamoureux, Yves		CC0_1_0	Université de Montréal Biodiversity Centre	Lamoureux, Yves			2024-01-24T16:38:20.502Z	StillImage	INSTITUTION_MATCH_FUZZY;COLLECTION_MATCH_FUZZY;DIFFERENT_OWNER_INSTITUTION
617550060	21705170-d2b6-42de-8904-c3bca4b83591	CMMF000211	Fungi	Basidiomycota	Agaricomycetes	Boletales	Boletaceae	Boletus	Boletus chippewaensis		SPECIES	Boletus chippewaensis A.H.Sm. & Thiers	Boletus chippewaensis A.H. Sm. & Thiers	A.H. Sm. & Thiers	CA	Saint-Herménégilde	Québec	PRESENT		ff7bd5db-b724-4932-b496-10ea298851f9	45.105574	-71.672847	3000.0						1988-08-21	21	8	1988	6015464	6015464	PRESERVED_SPECIMEN	Université de Montréal Biodiversity Centre	CMMF	CMMF000211		Lamoureux, Yves		CC0_1_0	Université de Montréal Biodiversity Centre	Lamoureux, Yves			2024-01-24T16:38:20.647Z	StillImage	INSTITUTION_MATCH_FUZZY;COLLECTION_MATCH_FUZZY;DIFFERENT_OWNER_INSTITUTION
4994375602	50c9509d-22c7-4a22-a47d-8c48425ef4a7	https://www.inaturalist.org/observations/99996240	Fungi	Basidiomycota	Agaricomycetes	Boletales	Boletaceae	Boletus	Boletus chippewaensis		SPECIES	Boletus chippewaensis A.H.Sm. & Thiers	Boletus chippewaensis		CA		Québec	PRESENT		28eb1a3f-1c15-4a95-931a-4af90ecb574d	48.374041	-68.468238							2021-09-25T14:18:03	25	9	2021	6015464	6015464	HUMAN_OBSERVATION	iNaturalist	Observations	99996240		Marc-Aurèle Vallée	2021-11-01T18:26:20	CC0_1_0	Marc-Aurèle Vallée	Marc-Aurèle Vallée			2025-01-14T13:16:40.778Z	StillImage	COORDINATE_ROUNDED;CONTINENT_DERIVED_FROM_COORDINATES;TAXON_MATCH_TAXON_ID_IGNORED
4994369698	50c9509d-22c7-4a22-a47d-8c48425ef4a7	https://www.inaturalist.org/observations/66349166	Fungi	Basidiomycota	Agaricomycetes	Boletales	Boletaceae	Boletus	Boletus chippewaensis		SPECIES	Boletus chippewaensis A.H.Sm. & Thiers	Boletus chippewaensis		CA		Québec	PRESENT		28eb1a3f-1c15-4a95-931a-4af90ecb574d	48.67787	-72.473866	43.0						2019-09-28T17:04:08	28	9	2019	6015464	6015464	HUMAN_OBSERVATION	iNaturalist	Observations	66349166		Marc-Aurèle Vallée	2020-12-09T21:57:33	CC0_1_0	Marc-Aurèle Vallée	Marc-Aurèle Vallée			2025-01-14T13:14:11.738Z	StillImage	COORDINATE_ROUNDED;CONTINENT_DERIVED_FROM_COORDINATES;TAXON_MATCH_TAXON_ID_IGNORED
4950120613	50c9509d-22c7-4a22-a47d-8c48425ef4a7	https://www.inaturalist.org/observations/242566457	Fungi	Basidiomycota	Agaricomycetes	Boletales	Boletaceae	Boletus	Boletus chippewaensis		SPECIES	Boletus chippewaensis A.H.Sm. & Thiers	Boletus chippewaensis		CA		Québec	PRESENT		28eb1a3f-1c15-4a95-931a-4af90ecb574d	45.872811	-76.4339	501.0						2024-09-13T15:55	13	9	2024	6015464	6015464	HUMAN_OBSERVATION	iNaturalist	Observations	242566457		L Joan Heyding	2024-09-18T21:30:24	CC_BY_NC_4_0	L Joan Heyding	L Joan Heyding			2025-01-14T12:54:27.325Z	StillImage	COORDINATE_ROUNDED;CONTINENT_DERIVED_FROM_COORDINATES;TAXON_MATCH_TAXON_ID_IGNORED
4949855175	50c9509d-22c7-4a22-a47d-8c48425ef4a7	https://www.inaturalist.org/observations/243824799	Fungi	Basidiomycota	Agaricomycetes	Boletales	Boletaceae	Boletus	Boletus chippewaensis		SPECIES	Boletus chippewaensis A.H.Sm. & Thiers	Boletus chippewaensis		CA		Ontario	PRESENT		28eb1a3f-1c15-4a95-931a-4af90ecb574d	45.024165	-78.27128	244.0						2020-09-17T15:15	17	9	2020	6015464	6015464	HUMAN_OBSERVATION	iNaturalist	Observations	243824799		PC Smith	2024-09-24T17:19:59	CC_BY_NC_4_0	PC Smith	PC Smith			2025-01-14T12:58:17.793Z	StillImage	COORDINATE_ROUNDED;CONTINENT_DERIVED_FROM_COORDINATES;TAXON_MATCH_TAXON_ID_IGNORED
4946331300	50c9509d-22c7-4a22-a47d-8c48425ef4a7	https://www.inaturalist.org/observations/228912890	Fungi	Basidiomycota	Agaricomycetes	Boletales	Boletaceae	Boletus	Boletus chippewaensis		SPECIES	Boletus chippewaensis A.H.Sm. & Thiers	Boletus chippewaensis		CA		Ontario	PRESENT		28eb1a3f-1c15-4a95-931a-4af90ecb574d	45.023911	-78.507788	27222.0						2024-07-12T18:17:41	12	7	2024	6015464	6015464	HUMAN_OBSERVATION	iNaturalist	Observations	228912890		Lee Cumming	2024-07-12T22:27:20	CC_BY_NC_4_0	Lee Cumming	Lee Cumming			2025-01-14T13:33:40.040Z	StillImage	COORDINATE_ROUNDED;CONTINENT_DERIVED_FROM_COORDINATES;TAXON_MATCH_TAXON_ID_IGNORED
4945716441	50c9509d-22c7-4a22-a47d-8c48425ef4a7	https://www.inaturalist.org/observations/240232576	Fungi	Basidiomycota	Agaricomycetes	Boletales	Boletaceae	Boletus	Boletus chippewaensis		SPECIES	Boletus chippewaensis A.H.Sm. & Thiers	Boletus chippewaensis		CA		Québec	PRESENT		28eb1a3f-1c15-4a95-931a-4af90ecb574d	45.872811	-76.4339	501.0						2024-08-31T14:33	31	8	2024	6015464	6015464	HUMAN_OBSERVATION	iNaturalist	Observations	240232576		L Joan Heyding	2024-09-07T00:16:45	CC_BY_NC_4_0	L Joan Heyding	L Joan Heyding			2025-01-14T14:17:00.306Z	StillImage	COORDINATE_ROUNDED;CONTINENT_DERIVED_FROM_COORDINATES;TAXON_MATCH_TAXON_ID_IGNORED
4945538203	50c9509d-22c7-4a22-a47d-8c48425ef4a7	https://www.inaturalist.org/observations/240825613	Fungi	Basidiomycota	Agaricomycetes	Boletales	Boletaceae	Boletus	Boletus chippewaensis		SPECIES	Boletus chippewaensis A.H.Sm. & Thiers	Boletus chippewaensis		CA		Québec	PRESENT		28eb1a3f-1c15-4a95-931a-4af90ecb574d	45.54895	-73.461593	31.0						2024-08-25T11:02	25	8	2024	6015464	6015464	HUMAN_OBSERVATION	iNaturalist	Observations	240825613		Antoine Fortin	2024-09-09T21:09:29	CC_BY_NC_4_0	Antoine Fortin	Antoine Fortin			2025-01-14T12:49:43.853Z	StillImage	COORDINATE_ROUNDED;CONTINENT_DERIVED_FROM_COORDINATES;TAXON_MATCH_TAXON_ID_IGNORED
4936461573	50c9509d-22c7-4a22-a47d-8c48425ef4a7	https://www.inaturalist.org/observations/237976866	Fungi	Basidiomycota	Agaricomycetes	Boletales	Boletaceae	Boletus	Boletus chippewaensis		SPECIES	Boletus chippewaensis A.H.Sm. & Thiers	Boletus chippewaensis		CA		Québec	PRESENT		28eb1a3f-1c15-4a95-931a-4af90ecb574d	45.654075	-75.725158	5.0						2024-08-25T15:06:16	25	8	2024	6015464	6015464	HUMAN_OBSERVATION	iNaturalist	Observations	237976866		jabouk	2024-08-26T00:17:28	CC_BY_NC_4_0	jabouk	jabouk			2025-01-14T12:49:37.920Z	StillImage	COORDINATE_ROUNDED;CONTINENT_DERIVED_FROM_COORDINATES;TAXON_MATCH_TAXON_ID_IGNORED
4936420642	50c9509d-22c7-4a22-a47d-8c48425ef4a7	https://www.inaturalist.org/observations/236386408	Fungi	Basidiomycota	Agaricomycetes	Boletales	Boletaceae	Boletus	Boletus chippewaensis		SPECIES	Boletus chippewaensis A.H.Sm. & Thiers	Boletus chippewaensis		CA		Québec	PRESENT		28eb1a3f-1c15-4a95-931a-4af90ecb574d	45.082025	-73.154907	4286.0						2024-08-17T11:51:04	17	8	2024	6015464	6015464	HUMAN_OBSERVATION	iNaturalist	Observations	236386408		egrenier	2024-08-17T22:35:19	CC_BY_NC_4_0	egrenier	egrenier			2025-01-14T12:48:23.372Z	StillImage	COORDINATE_ROUNDED;CONTINENT_DERIVED_FROM_COORDINATES;TAXON_MATCH_TAXON_ID_IGNORED
4936183786	50c9509d-22c7-4a22-a47d-8c48425ef4a7	https://www.inaturalist.org/observations/131803813	Fungi	Basidiomycota	Agaricomycetes	Boletales	Boletaceae	Boletus	Boletus chippewaensis		SPECIES	Boletus chippewaensis A.H.Sm. & Thiers	Boletus chippewaensis		CA		Québec	PRESENT		28eb1a3f-1c15-4a95-931a-4af90ecb574d	45.585362	-72.136064	4.0						2022-08-21T13:42:39	21	8	2022	6015464	6015464	HUMAN_OBSERVATION	iNaturalist	Observations	131803813		Chapados	2022-08-21T22:00:37	CC_BY_NC_4_0	Chapados	Chapados			2025-01-14T13:25:02.838Z	StillImage	COORDINATE_ROUNDED;CONTINENT_DERIVED_FROM_COORDINATES;TAXON_MATCH_TAXON_ID_IGNORED
4936080408	50c9509d-22c7-4a22-a47d-8c48425ef4a7	https://www.inaturalist.org/observations/237896996	Fungi	Basidiomycota	Agaricomycetes	Boletales	Boletaceae	Boletus	Boletus chippewaensis		SPECIES	Boletus chippewaensis A.H.Sm. & Thiers	Boletus chippewaensis		CA		Québec	PRESENT		28eb1a3f-1c15-4a95-931a-4af90ecb574d	47.074556	-70.875288	4.0						2024-08-25T13:03:08	25	8	2024	6015464	6015464	HUMAN_OBSERVATION	iNaturalist	Observations	237896996		lyoung30	2024-08-25T17:22:07	CC_BY_NC_4_0	lyoung30	lyoung30			2025-01-14T12:52:42.055Z	StillImage	COORDINATE_ROUNDED;CONTINENT_DERIVED_FROM_COORDINATES;TAXON_MATCH_TAXON_ID_IGNORED
4935626537	50c9509d-22c7-4a22-a47d-8c48425ef4a7	https://www.inaturalist.org/observations/237016507	Fungi	Basidiomycota	Agaricomycetes	Boletales	Boletaceae	Boletus	Boletus chippewaensis		SPECIES	Boletus chippewaensis A.H.Sm. & Thiers	Boletus chippewaensis		CA		Québec	PRESENT		28eb1a3f-1c15-4a95-931a-4af90ecb574d	45.611653	-76.0101	36.0						2024-08-20T18:56:18	20	8	2024	6015464	6015464	HUMAN_OBSERVATION	iNaturalist	Observations	237016507		mmkarpinski	2024-08-21T00:08:10	CC_BY_NC_4_0	mmkarpinski	mmkarpinski			2025-01-14T12:57:10.002Z	StillImage	COORDINATE_ROUNDED;CONTINENT_DERIVED_FROM_COORDINATES;TAXON_MATCH_TAXON_ID_IGNORED
4908118742	50c9509d-22c7-4a22-a47d-8c48425ef4a7	https://www.inaturalist.org/observations/227733109	Fungi	Basidiomycota	Agaricomycetes	Boletales	Boletaceae	Boletus	Boletus chippewaensis		SPECIES	Boletus chippewaensis A.H.Sm. & Thiers	Boletus chippewaensis		CA		Québec	PRESENT		28eb1a3f-1c15-4a95-931a-4af90ecb574d	47.787229	-68.570108	19727.0						2022-08-13T11:29	13	8	2022	6015464	6015464	HUMAN_OBSERVATION	iNaturalist	Observations	227733109		juliebreton	2024-07-07T10:38:32	CC_BY_NC_4_0	juliebreton	juliebreton			2025-01-14T13:42:02.994Z	StillImage	COORDINATE_ROUNDED;CONTINENT_DERIVED_FROM_COORDINATES;TAXON_MATCH_TAXON_ID_IGNORED
4596804914	50c9509d-22c7-4a22-a47d-8c48425ef4a7	https://www.inaturalist.org/observations/201397586	Fungi	Basidiomycota	Agaricomycetes	Boletales	Boletaceae	Boletus	Boletus chippewaensis		SPECIES	Boletus chippewaensis A.H.Sm. & Thiers	Boletus chippewaensis		CA		Québec	PRESENT		28eb1a3f-1c15-4a95-931a-4af90ecb574d	45.361185	-72.117593	27190.0						2013-09-14T16:26	14	9	2013	6015464	6015464	HUMAN_OBSERVATION	iNaturalist	Observations	201397586		René Faucher	2024-03-05T19:38:00	CC_BY_NC_4_0	René Faucher	René Faucher			2025-01-14T13:37:43.890Z	StillImage	COORDINATE_ROUNDED;CONTINENT_DERIVED_FROM_COORDINATES;TAXON_MATCH_TAXON_ID_IGNORED
4506249563	50c9509d-22c7-4a22-a47d-8c48425ef4a7	https://www.inaturalist.org/observations/95286684	Fungi	Basidiomycota	Agaricomycetes	Boletales	Boletaceae	Boletus	Boletus chippewaensis		SPECIES	Boletus chippewaensis A.H.Sm. & Thiers	Boletus chippewaensis		CA		Prince Edward Island	PRESENT		28eb1a3f-1c15-4a95-931a-4af90ecb574d	46.921073	-64.192694	416.0						2021-09-18T13:58:05	18	9	2021	6015464	6015464	HUMAN_OBSERVATION	iNaturalist	Observations	95286684		cinna_latifolia	2021-09-18T17:36:21	CC_BY_NC_4_0	Valentina Dovzhuk Kenny	Valentina Dovzhuk Kenny			2025-01-14T13:16:46.942Z	StillImage	COORDINATE_ROUNDED;CONTINENT_DERIVED_FROM_COORDINATES;TAXON_MATCH_TAXON_ID_IGNORED
4430641156	50c9509d-22c7-4a22-a47d-8c48425ef4a7	https://www.inaturalist.org/observations/187913235	Fungi	Basidiomycota	Agaricomycetes	Boletales	Boletaceae	Boletus	Boletus chippewaensis		SPECIES	Boletus chippewaensis A.H.Sm. & Thiers	Boletus chippewaensis		CA		Québec	PRESENT		28eb1a3f-1c15-4a95-931a-4af90ecb574d	46.709827	-71.316246	87.0						2023-10-01T12:16	1	10	2023	6015464	6015464	HUMAN_OBSERVATION	iNaturalist	Observations	187913235		Antoine Fortin	2023-10-18T18:17:42	CC_BY_NC_4_0	birderbb	birderbb			2025-01-14T13:33:22.237Z	StillImage	COORDINATE_ROUNDED;CONTINENT_DERIVED_FROM_COORDINATES;TAXON_MATCH_TAXON_ID_IGNORED
4424364525	50c9509d-22c7-4a22-a47d-8c48425ef4a7	https://www.inaturalist.org/observations/186319515	Fungi	Basidiomycota	Agaricomycetes	Boletales	Boletaceae	Boletus	Boletus chippewaensis		SPECIES	Boletus chippewaensis A.H.Sm. & Thiers	Boletus chippewaensis		CA		Québec	PRESENT		28eb1a3f-1c15-4a95-931a-4af90ecb574d	45.604537	-76.092679	15.0						2023-10-03T14:12	3	10	2023	6015464	6015464	HUMAN_OBSERVATION	iNaturalist	Observations	186319515		Antoine Fortin	2023-10-06T01:13:24	CC_BY_NC_4_0	Serguei Ponomarenko	Serguei Ponomarenko			2025-01-14T13:34:48.197Z	StillImage	COORDINATE_ROUNDED;CONTINENT_DERIVED_FROM_COORDINATES;TAXON_MATCH_TAXON_ID_IGNORED
4414354749	50c9509d-22c7-4a22-a47d-8c48425ef4a7	https://www.inaturalist.org/observations/184000297	Fungi	Basidiomycota	Agaricomycetes	Boletales	Boletaceae	Boletus	Boletus chippewaensis		SPECIES	Boletus chippewaensis A.H.Sm. & Thiers	Boletus chippewaensis		CA		Québec	PRESENT		28eb1a3f-1c15-4a95-931a-4af90ecb574d	47.894809	-78.817012	350.0						2023-08-19T13:06	19	8	2023	6015464	6015464	HUMAN_OBSERVATION	iNaturalist	Observations	184000297		Antoine Fortin	2023-09-19T22:09:04	CC_BY_NC_4_0	Pierre Cartier	Pierre Cartier			2025-01-14T12:42:08.743Z	StillImage	COORDINATE_ROUNDED;CONTINENT_DERIVED_FROM_COORDINATES;TAXON_MATCH_TAXON_ID_IGNORED
4414137091	50c9509d-22c7-4a22-a47d-8c48425ef4a7	https://www.inaturalist.org/observations/182955439	Fungi	Basidiomycota	Agaricomycetes	Boletales	Boletaceae	Boletus	Boletus chippewaensis		SPECIES	Boletus chippewaensis A.H.Sm. & Thiers	Boletus chippewaensis		CA		Québec	PRESENT		28eb1a3f-1c15-4a95-931a-4af90ecb574d	45.386967	-72.721192	378.0						2023-09-11T16:18	11	9	2023	6015464	6015464	HUMAN_OBSERVATION	iNaturalist	Observations	182955439		Antoine Fortin	2023-09-12T15:41:01	CC_BY_NC_4_0	Antoine Fortin	Antoine Fortin			2025-01-14T13:33:21.778Z	StillImage	COORDINATE_ROUNDED;CONTINENT_DERIVED_FROM_COORDINATES;TAXON_MATCH_TAXON_ID_IGNORED
4414048517	50c9509d-22c7-4a22-a47d-8c48425ef4a7	https://www.inaturalist.org/observations/183492600	Fungi	Basidiomycota	Agaricomycetes	Boletales	Boletaceae	Boletus	Boletus chippewaensis		SPECIES	Boletus chippewaensis A.H.Sm. & Thiers	Boletus chippewaensis		CA		Québec	PRESENT		28eb1a3f-1c15-4a95-931a-4af90ecb574d	45.577185	-71.995144	40.0						2023-09-16T07:28:42	16	9	2023	6015464	6015464	HUMAN_OBSERVATION	iNaturalist	Observations	183492600		Antoine Fortin	2023-09-17T14:20:16	CC_BY_NC_4_0	karri-ann	karri-ann			2025-01-14T13:32:37.704Z	StillImage	CONTINENT_DERIVED_FROM_COORDINATES;TAXON_MATCH_TAXON_ID_IGNORED
4407632893	50c9509d-22c7-4a22-a47d-8c48425ef4a7	https://www.inaturalist.org/observations/181562437	Fungi	Basidiomycota	Agaricomycetes	Boletales	Boletaceae	Boletus	Boletus chippewaensis		SPECIES	Boletus chippewaensis A.H.Sm. & Thiers	Boletus chippewaensis		CA		Québec	PRESENT		28eb1a3f-1c15-4a95-931a-4af90ecb574d	45.680985	-73.437497	11745.0						2023-09-02T16:35	2	9	2023	6015464	6015464	HUMAN_OBSERVATION	iNaturalist	Observations	181562437		Gaby Beland	2023-09-03T21:36:26	CC_BY_NC_4_0	victoriyak	victoriyak			2025-01-14T12:42:08.006Z		COORDINATE_ROUNDED;CONTINENT_DERIVED_FROM_COORDINATES;TAXON_MATCH_TAXON_ID_IGNORED
4407434002	50c9509d-22c7-4a22-a47d-8c48425ef4a7	https://www.inaturalist.org/observations/181564277	Fungi	Basidiomycota	Agaricomycetes	Boletales	Boletaceae	Boletus	Boletus chippewaensis		SPECIES	Boletus chippewaensis A.H.Sm. & Thiers	Boletus chippewaensis		CA		Québec	PRESENT		28eb1a3f-1c15-4a95-931a-4af90ecb574d	48.125824	-77.600605	26743.0						2023-09-03T10:23:36	3	9	2023	6015464	6015464	HUMAN_OBSERVATION	iNaturalist	Observations	181564277		timfoster	2023-09-03T14:43:18	CC_BY_NC_4_0	timfoster	timfoster			2025-01-14T12:40:32.375Z	StillImage	COORDINATE_ROUNDED;CONTINENT_DERIVED_FROM_COORDINATES;TAXON_MATCH_TAXON_ID_IGNORED
4407260495	50c9509d-22c7-4a22-a47d-8c48425ef4a7	https://www.inaturalist.org/observations/180426173	Fungi	Basidiomycota	Agaricomycetes	Boletales	Boletaceae	Boletus	Boletus chippewaensis		SPECIES	Boletus chippewaensis A.H.Sm. & Thiers	Boletus chippewaensis		CA		Nova Scotia	PRESENT		28eb1a3f-1c15-4a95-931a-4af90ecb574d	45.642255	-64.085213	12.0						2023-08-26T14:45	26	8	2023	6015464	6015464	HUMAN_OBSERVATION	iNaturalist	Observations	180426173		Ben	2023-08-27T12:17:20	CC_BY_NC_4_0	Ben	Ben			2025-01-14T12:42:15.492Z	StillImage	COORDINATE_ROUNDED;CONTINENT_DERIVED_FROM_COORDINATES;TAXON_MATCH_TAXON_ID_IGNORED
4407085806	50c9509d-22c7-4a22-a47d-8c48425ef4a7	https://www.inaturalist.org/observations/181604150	Fungi	Basidiomycota	Agaricomycetes	Boletales	Boletaceae	Boletus	Boletus chippewaensis		SPECIES	Boletus chippewaensis A.H.Sm. & Thiers	Boletus chippewaensis		CA		Québec	PRESENT		28eb1a3f-1c15-4a95-931a-4af90ecb574d	45.249105	-72.334275	551.0						2023-09-03T14:08:07	3	9	2023	6015464	6015464	HUMAN_OBSERVATION	iNaturalist	Observations	181604150		Gaby Beland	2023-09-03T21:30:33	CC_BY_NC_4_0	e11a02	e11a02			2025-01-14T12:42:18.263Z	StillImage	COORDINATE_ROUNDED;CONTINENT_DERIVED_FROM_COORDINATES;TAXON_MATCH_TAXON_ID_IGNORED
4405305964	50c9509d-22c7-4a22-a47d-8c48425ef4a7	https://www.inaturalist.org/observations/180350635	Fungi	Basidiomycota	Agaricomycetes	Boletales	Boletaceae	Boletus	Boletus chippewaensis		SPECIES	Boletus chippewaensis A.H.Sm. & Thiers	Boletus chippewaensis		CA		Ontario	PRESENT		28eb1a3f-1c15-4a95-931a-4af90ecb574d	45.172875	-76.260397	30.0						2023-08-26T14:48:48	26	8	2023	6015464	6015464	HUMAN_OBSERVATION	iNaturalist	Observations	180350635		Lynn Ovenden	2023-08-26T23:03:27	CC_BY_NC_4_0	Lynn Ovenden	Lynn Ovenden			2025-01-14T12:38:51.407Z	StillImage	COORDINATE_ROUNDED;CONTINENT_DERIVED_FROM_COORDINATES;TAXON_MATCH_TAXON_ID_IGNORED
4400208215	50c9509d-22c7-4a22-a47d-8c48425ef4a7	https://www.inaturalist.org/observations/179064894	Fungi	Basidiomycota	Agaricomycetes	Boletales	Boletaceae	Boletus	Boletus chippewaensis		SPECIES	Boletus chippewaensis A.H.Sm. & Thiers	Boletus chippewaensis		CA		Québec	PRESENT		28eb1a3f-1c15-4a95-931a-4af90ecb574d	45.48882	-75.615095	232.0						2023-08-18T14:14:53	18	8	2023	6015464	6015464	HUMAN_OBSERVATION	iNaturalist	Observations	179064894		Gaby Beland	2023-08-18T23:36:08	CC_BY_NC_4_0	claimh	claimh			2025-01-14T12:39:34.237Z	StillImage	COORDINATE_ROUNDED;CONTINENT_DERIVED_FROM_COORDINATES;TAXON_MATCH_TAXON_ID_IGNORED
4177532827	50c9509d-22c7-4a22-a47d-8c48425ef4a7	https://www.inaturalist.org/observations/178511354	Fungi	Basidiomycota	Agaricomycetes	Boletales	Boletaceae	Boletus	Boletus chippewaensis		SPECIES	Boletus chippewaensis A.H.Sm. & Thiers	Boletus chippewaensis		CA		Québec	PRESENT		28eb1a3f-1c15-4a95-931a-4af90ecb574d	45.428549	-73.945539	951.0						2023-08-15T07:32:38	15	8	2023	6015464	6015464	HUMAN_OBSERVATION	iNaturalist	Observations	178511354		Don-Jean Leandri-Breton	2023-08-15T19:48:26	CC_BY_NC_4_0	anna_borealis	anna_borealis			2025-01-14T13:32:23.493Z	StillImage	COORDINATE_ROUNDED;CONTINENT_DERIVED_FROM_COORDINATES;TAXON_MATCH_TAXON_ID_IGNORED
4177383892	50c9509d-22c7-4a22-a47d-8c48425ef4a7	https://www.inaturalist.org/observations/177910638	Fungi	Basidiomycota	Agaricomycetes	Boletales	Boletaceae	Boletus	Boletus chippewaensis		SPECIES	Boletus chippewaensis A.H.Sm. & Thiers	Boletus chippewaensis		CA		Québec	PRESENT		28eb1a3f-1c15-4a95-931a-4af90ecb574d	45.895194	-76.534362	27095.0						2023-07-31T14:55	31	7	2023	6015464	6015464	HUMAN_OBSERVATION	iNaturalist	Observations	177910638		L Joan Heyding	2023-08-11T23:45:57	CC_BY_NC_4_0	L Joan Heyding	L Joan Heyding			2025-01-14T12:38:49.481Z	StillImage	COORDINATE_ROUNDED;CONTINENT_DERIVED_FROM_COORDINATES;TAXON_MATCH_TAXON_ID_IGNORED
4165689537	50c9509d-22c7-4a22-a47d-8c48425ef4a7	https://www.inaturalist.org/observations/174368869	Fungi	Basidiomycota	Agaricomycetes	Boletales	Boletaceae	Boletus	Boletus chippewaensis		SPECIES	Boletus chippewaensis A.H.Sm. & Thiers	Boletus chippewaensis		CA		Québec	PRESENT		28eb1a3f-1c15-4a95-931a-4af90ecb574d	48.675859	-72.47794							2023-07-22T14:59	22	7	2023	6015464	6015464	HUMAN_OBSERVATION	iNaturalist	Observations	174368869		Paul Vézina	2023-07-22T22:50:24	CC_BY_NC_4_0	Paul Vézina	Paul Vézina			2025-01-14T12:43:24.893Z	StillImage	COORDINATE_ROUNDED;CONTINENT_DERIVED_FROM_COORDINATES;TAXON_MATCH_TAXON_ID_IGNORED
4162545314	50c9509d-22c7-4a22-a47d-8c48425ef4a7	https://www.inaturalist.org/observations/173636552	Fungi	Basidiomycota	Agaricomycetes	Boletales	Boletaceae	Boletus	Boletus chippewaensis		SPECIES	Boletus chippewaensis A.H.Sm. & Thiers	Boletus chippewaensis		CA		Québec	PRESENT		28eb1a3f-1c15-4a95-931a-4af90ecb574d	45.687249	-73.749568	5.0						2023-07-18T14:28:53	18	7	2023	6015464	6015464	HUMAN_OBSERVATION	iNaturalist	Observations	173636552		Antoine Fortin	2023-07-18T22:59:20	CC_BY_NC_4_0	louschraeder	louschraeder			2025-01-14T13:31:12.650Z	StillImage	COORDINATE_ROUNDED;CONTINENT_DERIVED_FROM_COORDINATES;TAXON_MATCH_TAXON_ID_IGNORED
4145766348	50c9509d-22c7-4a22-a47d-8c48425ef4a7	https://www.inaturalist.org/observations/170883724	Fungi	Basidiomycota	Agaricomycetes	Boletales	Boletaceae	Boletus	Boletus chippewaensis		SPECIES	Boletus chippewaensis A.H.Sm. & Thiers	Boletus chippewaensis		CA		Québec	PRESENT		28eb1a3f-1c15-4a95-931a-4af90ecb574d	48.404075	-71.241783	1597.0						2023-07-01T20:08:34	1	7	2023	6015464	6015464	HUMAN_OBSERVATION	iNaturalist	Observations	170883724		endymorneau	2023-07-03T18:32:56	CC_BY_NC_4_0	endymorneau	endymorneau			2025-01-14T12:36:45.771Z	StillImage	COORDINATE_ROUNDED;CONTINENT_DERIVED_FROM_COORDINATES;TAXON_MATCH_TAXON_ID_IGNORED
4063039620	50c9509d-22c7-4a22-a47d-8c48425ef4a7	https://www.inaturalist.org/observations/150447865	Fungi	Basidiomycota	Agaricomycetes	Boletales	Boletaceae	Boletus	Boletus chippewaensis		SPECIES	Boletus chippewaensis A.H.Sm. & Thiers	Boletus chippewaensis		CA		Québec	PRESENT		28eb1a3f-1c15-4a95-931a-4af90ecb574d	46.078341	-75.856395	155.0						2022-09-10T17:38	10	9	2022	6015464	6015464	HUMAN_OBSERVATION	iNaturalist	Observations	150447865		Annabelle Langlois	2023-03-07T08:36:39	CC_BY_NC_4_0	pascal_samson	pascal_samson			2025-01-14T12:33:17.242Z	StillImage	COORDINATE_ROUNDED;CONTINENT_DERIVED_FROM_COORDINATES;TAXON_MATCH_TAXON_ID_IGNORED
4022264742	50c9509d-22c7-4a22-a47d-8c48425ef4a7	https://www.inaturalist.org/observations/145230872	Fungi	Basidiomycota	Agaricomycetes	Boletales	Boletaceae	Boletus	Boletus chippewaensis		SPECIES	Boletus chippewaensis A.H.Sm. & Thiers	Boletus chippewaensis		CA		Québec	PRESENT		28eb1a3f-1c15-4a95-931a-4af90ecb574d	45.81317	-76.521288	27095.0						2022-08-30T11:05	30	8	2022	6015464	6015464	HUMAN_OBSERVATION	iNaturalist	Observations	145230872		L Joan Heyding	2022-12-28T02:17:56	CC_BY_NC_4_0	L Joan Heyding	L Joan Heyding			2025-01-14T13:20:10.275Z	StillImage	COORDINATE_ROUNDED;CONTINENT_DERIVED_FROM_COORDINATES;TAXON_MATCH_TAXON_ID_IGNORED
4011642437	50c9509d-22c7-4a22-a47d-8c48425ef4a7	https://www.inaturalist.org/observations/102373366	Fungi	Basidiomycota	Agaricomycetes	Boletales	Boletaceae	Boletus	Boletus chippewaensis		SPECIES	Boletus chippewaensis A.H.Sm. & Thiers	Boletus chippewaensis		CA		Québec	PRESENT		28eb1a3f-1c15-4a95-931a-4af90ecb574d	48.182213	-79.152792	61.0						2021-09-26T20:17	26	9	2021	6015464	6015464	HUMAN_OBSERVATION	iNaturalist	Observations	102373366		cinna_latifolia	2022-11-18T17:37:13	CC_BY_NC_4_0	nambec	nambec			2025-01-14T12:24:37.622Z	StillImage	COORDINATE_ROUNDED;CONTINENT_DERIVED_FROM_COORDINATES;TAXON_MATCH_TAXON_ID_IGNORED
4009712996	50c9509d-22c7-4a22-a47d-8c48425ef4a7	https://www.inaturalist.org/observations/144989546	Fungi	Basidiomycota	Agaricomycetes	Boletales	Boletaceae	Boletus	Boletus chippewaensis		SPECIES	Boletus chippewaensis A.H.Sm. & Thiers	Boletus chippewaensis		CA		Québec	PRESENT		28eb1a3f-1c15-4a95-931a-4af90ecb574d	46.854975	-71.242934	4.0						2022-08-28	28	8	2022	6015464	6015464	HUMAN_OBSERVATION	iNaturalist	Observations	144989546		Christian Grenier	2022-12-24T15:39:37	CC_BY_NC_4_0	Christian Grenier	Christian Grenier			2025-01-14T13:26:55.136Z	StillImage	COORDINATE_ROUNDED;CONTINENT_DERIVED_FROM_COORDINATES;TAXON_MATCH_TAXON_ID_IGNORED
4009690696	50c9509d-22c7-4a22-a47d-8c48425ef4a7	https://www.inaturalist.org/observations/144698941	Fungi	Basidiomycota	Agaricomycetes	Boletales	Boletaceae	Boletus	Boletus chippewaensis		SPECIES	Boletus chippewaensis A.H.Sm. & Thiers	Boletus chippewaensis		CA		Québec	PRESENT		28eb1a3f-1c15-4a95-931a-4af90ecb574d	45.53692	-72.043157	61.0						2015-08-16T10:20	16	8	2015	6015464	6015464	HUMAN_OBSERVATION	iNaturalist	Observations	144698941		cinna_latifolia	2022-12-22T18:33:23	CC_BY_NC_4_0	bhusk	bhusk			2025-01-14T12:33:43.258Z	StillImage	COORDINATE_ROUNDED;CONTINENT_DERIVED_FROM_COORDINATES;TAXON_MATCH_TAXON_ID_IGNORED
3903669735	50c9509d-22c7-4a22-a47d-8c48425ef4a7	https://www.inaturalist.org/observations/134784499	Fungi	Basidiomycota	Agaricomycetes	Boletales	Boletaceae	Boletus	Boletus chippewaensis		SPECIES	Boletus chippewaensis A.H.Sm. & Thiers	Boletus chippewaensis		CA		Québec	PRESENT		28eb1a3f-1c15-4a95-931a-4af90ecb574d	45.777759	-70.808504	122.0						2020-09-06T14:32	6	9	2020	6015464	6015464	HUMAN_OBSERVATION	iNaturalist	Observations	134784499		Chantal Rosa	2022-09-12T21:34:46	CC_BY_NC_4_0	Chantal Rosa	Chantal Rosa			2025-01-14T13:25:44.838Z	StillImage	COORDINATE_ROUNDED;CONTINENT_DERIVED_FROM_COORDINATES;TAXON_MATCH_TAXON_ID_IGNORED
3903376773	50c9509d-22c7-4a22-a47d-8c48425ef4a7	https://www.inaturalist.org/observations/133687952	Fungi	Basidiomycota	Agaricomycetes	Boletales	Boletaceae	Boletus	Boletus chippewaensis		SPECIES	Boletus chippewaensis A.H.Sm. & Thiers	Boletus chippewaensis		CA		Québec	PRESENT		28eb1a3f-1c15-4a95-931a-4af90ecb574d	46.217461	-74.705329	129.0						2022-09-04T18:37:05	4	9	2022	6015464	6015464	HUMAN_OBSERVATION	iNaturalist	Observations	133687952		Patrick Marchand	2022-09-04T22:43:31	CC_BY_NC_4_0	Patrick Marchand	Patrick Marchand			2025-01-14T13:25:18.711Z	StillImage	COORDINATE_ROUNDED;CONTINENT_DERIVED_FROM_COORDINATES;TAXON_MATCH_TAXON_ID_IGNORED
3873000873	50c9509d-22c7-4a22-a47d-8c48425ef4a7	https://www.inaturalist.org/observations/124431766	Fungi	Basidiomycota	Agaricomycetes	Boletales	Boletaceae	Boletus	Boletus chippewaensis		SPECIES	Boletus chippewaensis A.H.Sm. & Thiers	Boletus chippewaensis		CA		Ontario	PRESENT		28eb1a3f-1c15-4a95-931a-4af90ecb574d	45.450742	-75.547387	24.0						2022-07-02T13:25:24	2	7	2022	6015464	6015464	HUMAN_OBSERVATION	iNaturalist	Observations	124431766		Igor Khomenko	2022-07-02T19:02:39	CC_BY_NC_4_0	Igor Khomenko	Igor Khomenko			2025-01-14T12:30:02.736Z	StillImage	COORDINATE_ROUNDED;CONTINENT_DERIVED_FROM_COORDINATES;TAXON_MATCH_TAXON_ID_IGNORED
3802499382	50c9509d-22c7-4a22-a47d-8c48425ef4a7	https://www.inaturalist.org/observations/94884811	Fungi	Basidiomycota	Agaricomycetes	Boletales	Boletaceae	Boletus	Boletus chippewaensis		SPECIES	Boletus chippewaensis A.H.Sm. & Thiers	Boletus chippewaensis		CA		Ontario	PRESENT		28eb1a3f-1c15-4a95-931a-4af90ecb574d	45.379475	-75.224167	5.0						2021-09-14T12:28:17	14	9	2021	6015464	6015464	HUMAN_OBSERVATION	iNaturalist	Observations	94884811		Lynn Ovenden	2021-09-15T00:45:08	CC_BY_NC_4_0	Lynn Ovenden	Lynn Ovenden			2025-01-14T12:22:58.803Z	StillImage	COORDINATE_ROUNDED;CONTINENT_DERIVED_FROM_COORDINATES;TAXON_MATCH_TAXON_ID_IGNORED
3802373450	50c9509d-22c7-4a22-a47d-8c48425ef4a7	https://www.inaturalist.org/observations/112765324	Fungi	Basidiomycota	Agaricomycetes	Boletales	Boletaceae	Boletus	Boletus chippewaensis		SPECIES	Boletus chippewaensis A.H.Sm. & Thiers	Boletus chippewaensis		CA		Québec	PRESENT		28eb1a3f-1c15-4a95-931a-4af90ecb574d	45.837454	-74.335371	17642.0						2020-09-27T18:33:13	27	9	2020	6015464	6015464	HUMAN_OBSERVATION	iNaturalist	Observations	112765324		pmatute	2022-04-25T00:13:54	CC_BY_NC_4_0	pmatute	pmatute			2025-01-14T12:26:53.781Z	StillImage	COORDINATE_ROUNDED;CONTINENT_DERIVED_FROM_COORDINATES;TAXON_MATCH_TAXON_ID_IGNORED
3772692470	50c9509d-22c7-4a22-a47d-8c48425ef4a7	https://www.inaturalist.org/observations/99935387	Fungi	Basidiomycota	Agaricomycetes	Boletales	Boletaceae	Boletus	Boletus chippewaensis		SPECIES	Boletus chippewaensis A.H.Sm. & Thiers	Boletus chippewaensis		CA		Ontario	PRESENT		28eb1a3f-1c15-4a95-931a-4af90ecb574d	45.428987	-76.729705	10.0						2021-10-31T12:07:39	31	10	2021	6015464	6015464	HUMAN_OBSERVATION	iNaturalist	Observations	99935387		Jan Thornhill	2022-04-18T14:53:22	CC_BY_NC_4_0	Sheila McBride	Sheila McBride			2025-01-14T12:23:20.619Z	StillImage	COORDINATE_ROUNDED;CONTINENT_DERIVED_FROM_COORDINATES;TAXON_MATCH_TAXON_ID_IGNORED
3469016478	50c9509d-22c7-4a22-a47d-8c48425ef4a7	https://www.inaturalist.org/observations/103578702	Fungi	Basidiomycota	Agaricomycetes	Boletales	Boletaceae	Boletus	Boletus chippewaensis		SPECIES	Boletus chippewaensis A.H.Sm. & Thiers	Boletus chippewaensis		CA		Québec	PRESENT		28eb1a3f-1c15-4a95-931a-4af90ecb574d	45.54635	-75.436701	61.0						2021-10-11	11	10	2021	6015464	6015464	HUMAN_OBSERVATION	iNaturalist	Observations	103578702		Christian Grenier	2021-12-24T13:10:47	CC_BY_NC_4_0	Christian Grenier	Christian Grenier			2025-01-14T13:11:25.632Z	StillImage	COORDINATE_ROUNDED;CONTINENT_DERIVED_FROM_COORDINATES;TAXON_MATCH_TAXON_ID_IGNORED
3466084501	50c9509d-22c7-4a22-a47d-8c48425ef4a7	https://www.inaturalist.org/observations/96906272	Fungi	Basidiomycota	Agaricomycetes	Boletales	Boletaceae	Boletus	Boletus chippewaensis		SPECIES	Boletus chippewaensis A.H.Sm. & Thiers	Boletus chippewaensis		CA		Québec	PRESENT		28eb1a3f-1c15-4a95-931a-4af90ecb574d	45.167617	-72.27137	24.0						2021-10-02T10:33:03	2	10	2021	6015464	6015464	HUMAN_OBSERVATION	iNaturalist	Observations	96906272		Marc-Aurèle Vallée	2022-02-06T17:47:14	CC_BY_NC_4_0	Marie Blain	Marie Blain			2025-01-14T12:22:07.995Z	StillImage	COORDINATE_ROUNDED;CONTINENT_DERIVED_FROM_COORDINATES;TAXON_MATCH_TAXON_ID_IGNORED
3456945821	50c9509d-22c7-4a22-a47d-8c48425ef4a7	https://www.inaturalist.org/observations/94638203	Fungi	Basidiomycota	Agaricomycetes	Boletales	Boletaceae	Boletus	Boletus chippewaensis		SPECIES	Boletus chippewaensis A.H.Sm. & Thiers	Boletus chippewaensis		CA		Québec	PRESENT		28eb1a3f-1c15-4a95-931a-4af90ecb574d	45.041183	-72.818313	30.0						2021-09-12T17:04:43	12	9	2021	6015464	6015464	HUMAN_OBSERVATION	iNaturalist	Observations	94638203		l_bienvenue	2021-09-12T21:56:30	CC_BY_NC_4_0	l_bienvenue	l_bienvenue			2025-01-14T12:21:02.012Z	StillImage	COORDINATE_ROUNDED;CONTINENT_DERIVED_FROM_COORDINATES;TAXON_MATCH_TAXON_ID_IGNORED
3456875709	50c9509d-22c7-4a22-a47d-8c48425ef4a7	https://www.inaturalist.org/observations/103471969	Fungi	Basidiomycota	Agaricomycetes	Boletales	Boletaceae	Boletus	Boletus chippewaensis		SPECIES	Boletus chippewaensis A.H.Sm. & Thiers	Boletus chippewaensis		CA		Québec	PRESENT		28eb1a3f-1c15-4a95-931a-4af90ecb574d	45.570591	-75.420053	31.0						2021-10-10	10	10	2021	6015464	6015464	HUMAN_OBSERVATION	iNaturalist	Observations	103471969		Christian Grenier	2021-12-22T14:38:01	CC_BY_NC_4_0	Christian Grenier	Christian Grenier			2025-01-14T13:25:13.772Z	StillImage	COORDINATE_ROUNDED;CONTINENT_DERIVED_FROM_COORDINATES;TAXON_MATCH_TAXON_ID_IGNORED
3456858069	50c9509d-22c7-4a22-a47d-8c48425ef4a7	https://www.inaturalist.org/observations/103310219	Fungi	Basidiomycota	Agaricomycetes	Boletales	Boletaceae	Boletus	Boletus chippewaensis		SPECIES	Boletus chippewaensis A.H.Sm. & Thiers	Boletus chippewaensis		CA		Québec	PRESENT		28eb1a3f-1c15-4a95-931a-4af90ecb574d	45.566331	-75.444915	15.0						2021-10-09	9	10	2021	6015464	6015464	HUMAN_OBSERVATION	iNaturalist	Observations	103310219		Christian Grenier	2021-12-19T15:44:15	CC_BY_NC_4_0	Christian Grenier	Christian Grenier			2025-01-14T13:16:56.347Z	StillImage	COORDINATE_ROUNDED;CONTINENT_DERIVED_FROM_COORDINATES;TAXON_MATCH_TAXON_ID_IGNORED
3456696851	50c9509d-22c7-4a22-a47d-8c48425ef4a7	https://www.inaturalist.org/observations/103578763	Fungi	Basidiomycota	Agaricomycetes	Boletales	Boletaceae	Boletus	Boletus chippewaensis		SPECIES	Boletus chippewaensis A.H.Sm. & Thiers	Boletus chippewaensis		CA		Québec	PRESENT		28eb1a3f-1c15-4a95-931a-4af90ecb574d	45.545898	-75.43846	122.0						2021-10-11	11	10	2021	6015464	6015464	HUMAN_OBSERVATION	iNaturalist	Observations	103578763		Christian Grenier	2021-12-24T13:12:08	CC_BY_NC_4_0	Christian Grenier	Christian Grenier			2025-01-14T12:24:32.827Z	StillImage	COORDINATE_ROUNDED;CONTINENT_DERIVED_FROM_COORDINATES;TAXON_MATCH_TAXON_ID_IGNORED
3456611179	50c9509d-22c7-4a22-a47d-8c48425ef4a7	https://www.inaturalist.org/observations/102373373	Fungi	Basidiomycota	Agaricomycetes	Boletales	Boletaceae	Boletus	Boletus chippewaensis		SPECIES	Boletus chippewaensis A.H.Sm. & Thiers	Boletus chippewaensis		CA		Québec	PRESENT		28eb1a3f-1c15-4a95-931a-4af90ecb574d	48.182184	-79.152749	15.0						2021-09-26T21:04	26	9	2021	6015464	6015464	HUMAN_OBSERVATION	iNaturalist	Observations	102373373		nambec	2021-12-02T20:56:54	CC_BY_NC_4_0	nambec	nambec			2025-01-14T12:24:40.588Z	StillImage	COORDINATE_ROUNDED;CONTINENT_DERIVED_FROM_COORDINATES;TAXON_MATCH_TAXON_ID_IGNORED
3456266918	50c9509d-22c7-4a22-a47d-8c48425ef4a7	https://www.inaturalist.org/observations/71712592	Fungi	Basidiomycota	Agaricomycetes	Boletales	Boletaceae	Boletus	Boletus chippewaensis		SPECIES	Boletus chippewaensis A.H.Sm. & Thiers	Boletus chippewaensis		CA		Québec	PRESENT		28eb1a3f-1c15-4a95-931a-4af90ecb574d	46.837116	-71.313448	8.0						2020-09-25	25	9	2020	6015464	6015464	HUMAN_OBSERVATION	iNaturalist	Observations	71712592		Christian Grenier	2021-03-21T16:09:47	CC_BY_NC_4_0	Christian Grenier	Christian Grenier			2025-01-14T12:16:46.072Z	StillImage	COORDINATE_ROUNDED;CONTINENT_DERIVED_FROM_COORDINATES;TAXON_MATCH_TAXON_ID_IGNORED
3456243659	50c9509d-22c7-4a22-a47d-8c48425ef4a7	https://www.inaturalist.org/observations/33060692	Fungi	Basidiomycota	Agaricomycetes	Boletales	Boletaceae	Boletus	Boletus chippewaensis		SPECIES	Boletus chippewaensis A.H.Sm. & Thiers	Boletus chippewaensis		CA		Québec	PRESENT		28eb1a3f-1c15-4a95-931a-4af90ecb574d	47.314746	-71.144964	15.0						2019-09-18T08:58	18	9	2019	6015464	6015464	HUMAN_OBSERVATION	iNaturalist	Observations	33060692		Christian Grenier	2019-09-20T13:00:58	CC_BY_NC_4_0	Christian Grenier	Christian Grenier			2025-01-14T13:09:44.172Z	StillImage	COORDINATE_ROUNDED;CONTINENT_DERIVED_FROM_COORDINATES;TAXON_MATCH_TAXON_ID_IGNORED
3456241056	50c9509d-22c7-4a22-a47d-8c48425ef4a7	https://www.inaturalist.org/observations/90338236	Fungi	Basidiomycota	Agaricomycetes	Boletales	Boletaceae	Boletus	Boletus chippewaensis		SPECIES	Boletus chippewaensis A.H.Sm. & Thiers	Boletus chippewaensis		CA		Québec	PRESENT		28eb1a3f-1c15-4a95-931a-4af90ecb574d	45.495036	-71.233908							2021-08-04T14:44:08	4	8	2021	6015464	6015464	HUMAN_OBSERVATION	iNaturalist	Observations	90338236		Étienne Léveillé-Bourret	2021-08-08T01:13:22	CC_BY_NC_4_0	Étienne Léveillé-Bourret	Étienne Léveillé-Bourret			2025-01-14T13:13:33.963Z	StillImage	COORDINATE_ROUNDED;CONTINENT_DERIVED_FROM_COORDINATES;TAXON_MATCH_TAXON_ID_IGNORED
3456125744	50c9509d-22c7-4a22-a47d-8c48425ef4a7	https://www.inaturalist.org/observations/37945404	Fungi	Basidiomycota	Agaricomycetes	Boletales	Boletaceae	Boletus	Boletus chippewaensis		SPECIES	Boletus chippewaensis A.H.Sm. & Thiers	Boletus chippewaensis		CA		Québec	PRESENT		28eb1a3f-1c15-4a95-931a-4af90ecb574d	47.322001	-71.147301	182.0						2019-09-18	18	9	2019	6015464	6015464	HUMAN_OBSERVATION	iNaturalist	Observations	37945404		Christian Grenier	2020-01-25T13:54:32	CC_BY_NC_4_0	Christian Grenier	Christian Grenier			2025-01-14T13:56:31.320Z	StillImage	COORDINATE_ROUNDED;CONTINENT_DERIVED_FROM_COORDINATES;TAXON_MATCH_TAXON_ID_IGNORED
3455876085	50c9509d-22c7-4a22-a47d-8c48425ef4a7	https://www.inaturalist.org/observations/97838302	Fungi	Basidiomycota	Agaricomycetes	Boletales	Boletaceae	Boletus	Boletus chippewaensis		SPECIES	Boletus chippewaensis A.H.Sm. & Thiers	Boletus chippewaensis		CA		Québec	PRESENT		28eb1a3f-1c15-4a95-931a-4af90ecb574d	47.306595	-70.615592	12.0						2021-10-10T15:50:53	10	10	2021	6015464	6015464	HUMAN_OBSERVATION	iNaturalist	Observations	97838302		cinna_latifolia	2021-12-29T01:43:03	CC_BY_4_0	Marilyne Busque-Dubois	Marilyne Busque-Dubois			2025-01-14T12:22:39.606Z	StillImage	COORDINATE_ROUNDED;CONTINENT_DERIVED_FROM_COORDINATES;TAXON_MATCH_TAXON_ID_IGNORED
3455731666	50c9509d-22c7-4a22-a47d-8c48425ef4a7	https://www.inaturalist.org/observations/94996341	Fungi	Basidiomycota	Agaricomycetes	Boletales	Boletaceae	Boletus	Boletus chippewaensis		SPECIES	Boletus chippewaensis A.H.Sm. & Thiers	Boletus chippewaensis		CA		Québec	PRESENT		28eb1a3f-1c15-4a95-931a-4af90ecb574d	45.184746	-72.775124	27222.0						2021-09-15T17:17:01	15	9	2021	6015464	6015464	HUMAN_OBSERVATION	iNaturalist	Observations	94996341		wez	2021-09-16T02:18:10	CC_BY_NC_4_0	wez	wez			2025-01-14T13:10:32.313Z	StillImage	COORDINATE_ROUNDED;CONTINENT_DERIVED_FROM_COORDINATES;TAXON_MATCH_TAXON_ID_IGNORED
3455300895	50c9509d-22c7-4a22-a47d-8c48425ef4a7	https://www.inaturalist.org/observations/72013429	Fungi	Basidiomycota	Agaricomycetes	Boletales	Boletaceae	Boletus	Boletus chippewaensis		SPECIES	Boletus chippewaensis A.H.Sm. & Thiers	Boletus chippewaensis		CA		Québec	PRESENT		28eb1a3f-1c15-4a95-931a-4af90ecb574d	47.007667	-71.398601	61.0						2020-09-26	26	9	2020	6015464	6015464	HUMAN_OBSERVATION	iNaturalist	Observations	72013429		Christian Grenier	2021-03-25T12:52:11	CC_BY_NC_4_0	Christian Grenier	Christian Grenier			2025-01-14T13:11:35.980Z	StillImage	COORDINATE_ROUNDED;CONTINENT_DERIVED_FROM_COORDINATES;TAXON_MATCH_TAXON_ID_IGNORED
3384547638	50c9509d-22c7-4a22-a47d-8c48425ef4a7	https://www.inaturalist.org/observations/96510240	Fungi	Basidiomycota	Agaricomycetes	Boletales	Boletaceae	Boletus	Boletus chippewaensis		SPECIES	Boletus chippewaensis A.H.Sm. & Thiers	Boletus chippewaensis		CA		Québec	PRESENT		28eb1a3f-1c15-4a95-931a-4af90ecb574d	48.578617	-68.187363	4.0						2021-09-28T16:15:59	28	9	2021	6015464	6015464	HUMAN_OBSERVATION	iNaturalist	Observations	96510240		Benjamin Grégoire	2021-10-02T23:50:38	CC_BY_NC_4_0	Claude Nozères	Claude Nozères			2025-01-14T12:25:43.204Z	StillImage	COORDINATE_ROUNDED;CONTINENT_DERIVED_FROM_COORDINATES;TAXON_MATCH_TAXON_ID_IGNORED
3384006043	50c9509d-22c7-4a22-a47d-8c48425ef4a7	https://www.inaturalist.org/observations/94969238	Fungi	Basidiomycota	Agaricomycetes	Boletales	Boletaceae	Boletus	Boletus chippewaensis		SPECIES	Boletus chippewaensis A.H.Sm. & Thiers	Boletus chippewaensis		CA		Ontario	PRESENT		28eb1a3f-1c15-4a95-931a-4af90ecb574d	45.048638	-78.723787	27222.0						2021-09-15T17:01:41	15	9	2021	6015464	6015464	HUMAN_OBSERVATION	iNaturalist	Observations	94969238		cinna_latifolia	2021-09-16T03:15:57	CC_BY_4_0	Mike Young	Mike Young			2025-01-14T13:16:40.797Z	StillImage	COORDINATE_ROUNDED;CONTINENT_DERIVED_FROM_COORDINATES;TAXON_MATCH_TAXON_ID_IGNORED
3349381477	d8cd16ba-bb74-4420-821e-083f2bac17c2	MN992303	Fungi	Basidiomycota	Agaricomycetes	Boletales	Boletaceae	Boletus	Boletus chippewaensis		SPECIES	Boletus chippewaensis A.H.Sm. & Thiers	Boletus chippewaensis		CA	Quebec, Anticosti		PRESENT		ada9d123-ddb4-467d-8891-806ea8d94230	49.85	-64.43							2015-09-08	8	9	2015	6015464	6015464	PRESERVED_SPECIMEN			ANT127-QFB28754		Pauline Dube		CC_BY_4_0		Dube, P.			2025-01-18T13:04:48.310Z		GEODETIC_DATUM_ASSUMED_WGS84;CONTINENT_DERIVED_FROM_COORDINATES;TAXON_MATCH_TAXON_CONCEPT_ID_IGNORED;TAXON_MATCH_TAXON_ID_IGNORED
3349213355	d8cd16ba-bb74-4420-821e-083f2bac17c2	MN992302	Fungi	Basidiomycota	Agaricomycetes	Boletales	Boletaceae	Boletus	Boletus chippewaensis		SPECIES	Boletus chippewaensis A.H.Sm. & Thiers	Boletus chippewaensis		CA	Quebec, Anticosti		PRESENT		ada9d123-ddb4-467d-8891-806ea8d94230	49.87	-64.43							2015-09-10	10	9	2015	6015464	6015464	PRESERVED_SPECIMEN			ANT301-QFB28833		Pauline Dube		CC_BY_4_0					2025-01-18T13:04:48.259Z		GEODETIC_DATUM_ASSUMED_WGS84;CONTINENT_DERIVED_FROM_COORDINATES;TAXON_MATCH_TAXON_CONCEPT_ID_IGNORED;TAXON_MATCH_TAXON_ID_IGNORED
3330773362	50c9509d-22c7-4a22-a47d-8c48425ef4a7	https://www.inaturalist.org/observations/54762602	Fungi	Basidiomycota	Agaricomycetes	Boletales	Boletaceae	Boletus	Boletus chippewaensis		SPECIES	Boletus chippewaensis A.H.Sm. & Thiers	Boletus chippewaensis		CA		Québec	PRESENT		28eb1a3f-1c15-4a95-931a-4af90ecb574d	46.191151	-74.437797	64.0						2020-07-29T15:04:12	29	7	2020	6015464	6015464	HUMAN_OBSERVATION	iNaturalist	Observations	54762602		cinna_latifolia	2021-06-23T03:21:56	CC_BY_NC_4_0	manutchoupi	manutchoupi			2025-01-14T13:58:12.075Z	StillImage	COORDINATE_ROUNDED;CONTINENT_DERIVED_FROM_COORDINATES;TAXON_MATCH_TAXON_ID_IGNORED
3070629387	50c9509d-22c7-4a22-a47d-8c48425ef4a7	https://www.inaturalist.org/observations/72081794	Fungi	Basidiomycota	Agaricomycetes	Boletales	Boletaceae	Boletus	Boletus chippewaensis		SPECIES	Boletus chippewaensis A.H.Sm. & Thiers	Boletus chippewaensis		CA		Québec	PRESENT		28eb1a3f-1c15-4a95-931a-4af90ecb574d	46.788106	-71.341566	61.0						2020-09-23	23	9	2020	6015464	6015464	HUMAN_OBSERVATION	iNaturalist	Observations	72081794		Christian Grenier	2021-03-26T12:00:44	CC_BY_NC_4_0	Christian Grenier	Christian Grenier			2025-01-14T12:16:52.017Z	StillImage	COORDINATE_ROUNDED;CONTINENT_DERIVED_FROM_COORDINATES;TAXON_MATCH_TAXON_ID_IGNORED
2868306319	50c9509d-22c7-4a22-a47d-8c48425ef4a7	https://www.inaturalist.org/observations/60276115	Fungi	Basidiomycota	Agaricomycetes	Boletales	Boletaceae	Boletus	Boletus chippewaensis		SPECIES	Boletus chippewaensis A.H.Sm. & Thiers	Boletus chippewaensis		CA		Ontario	PRESENT		28eb1a3f-1c15-4a95-931a-4af90ecb574d	45.363326	-75.527671	15.0						2020-09-20T15:53	20	9	2020	6015464	6015464	HUMAN_OBSERVATION	iNaturalist	Observations	60276115		jonathan_mack	2020-09-21T01:48:59	CC_BY_NC_4_0	jonathan_mack	jonathan_mack			2025-01-14T12:14:44.655Z	StillImage	COORDINATE_ROUNDED;CONTINENT_DERIVED_FROM_COORDINATES;TAXON_MATCH_TAXON_ID_IGNORED
2864643639	50c9509d-22c7-4a22-a47d-8c48425ef4a7	https://www.inaturalist.org/observations/59400402	Fungi	Basidiomycota	Agaricomycetes	Boletales	Boletaceae	Boletus	Boletus chippewaensis		SPECIES	Boletus chippewaensis A.H.Sm. & Thiers	Boletus chippewaensis		CA		Ontario	PRESENT		28eb1a3f-1c15-4a95-931a-4af90ecb574d	45.457641	-75.54773	43.0						2020-09-12T14:51	12	9	2020	6015464	6015464	HUMAN_OBSERVATION	iNaturalist	Observations	59400402		jonathan_mack	2020-09-13T01:58:30	CC_BY_NC_4_0	jonathan_mack	jonathan_mack			2025-01-14T12:14:53.803Z	StillImage	COORDINATE_ROUNDED;CONTINENT_DERIVED_FROM_COORDINATES;TAXON_MATCH_TAXON_ID_IGNORED
2851042241	50c9509d-22c7-4a22-a47d-8c48425ef4a7	https://www.inaturalist.org/observations/56086024	Fungi	Basidiomycota	Agaricomycetes	Boletales	Boletaceae	Boletus	Boletus chippewaensis		SPECIES	Boletus chippewaensis A.H.Sm. & Thiers	Boletus chippewaensis		CA		Québec	PRESENT		28eb1a3f-1c15-4a95-931a-4af90ecb574d	45.171976	-72.694649	27222.0						2020-08-10T19:42:41	10	8	2020	6015464	6015464	HUMAN_OBSERVATION	iNaturalist	Observations	56086024		wez	2021-09-16T02:13:22	CC_BY_NC_4_0	wez	wez			2025-01-14T12:14:17.673Z	StillImage	COORDINATE_ROUNDED;CONTINENT_DERIVED_FROM_COORDINATES;TAXON_MATCH_TAXON_ID_IGNORED
2633993330	50c9509d-22c7-4a22-a47d-8c48425ef4a7	https://www.inaturalist.org/observations/9575761	Fungi	Basidiomycota	Agaricomycetes	Boletales	Boletaceae	Boletus	Boletus chippewaensis		SPECIES	Boletus chippewaensis A.H.Sm. & Thiers	Boletus chippewaensis		CA		New Brunswick	PRESENT		28eb1a3f-1c15-4a95-931a-4af90ecb574d	45.87595	-66.96975	182.0						2014-06-27	27	6	2014	6015464	6015464	HUMAN_OBSERVATION	iNaturalist	Observations	9575761		Raymonde G Chartier	2020-04-11T10:50:16	CC_BY_NC_4_0	mycowalt	mycowalt			2025-01-14T12:04:21.322Z	StillImage	CONTINENT_DERIVED_FROM_COORDINATES;TAXON_MATCH_TAXON_ID_IGNORED
2597887352	50c9509d-22c7-4a22-a47d-8c48425ef4a7	https://www.inaturalist.org/observations/41435860	Fungi	Basidiomycota	Agaricomycetes	Boletales	Boletaceae	Boletus	Boletus chippewaensis		SPECIES	Boletus chippewaensis A.H.Sm. & Thiers	Boletus chippewaensis		CA		Québec	PRESENT		28eb1a3f-1c15-4a95-931a-4af90ecb574d	46.961575	-71.392833	159.0						2012-09-10	10	9	2012	6015464	6015464	HUMAN_OBSERVATION	iNaturalist	Observations	41435860		Christian Grenier	2020-04-05T12:23:43	CC_BY_NC_4_0	Christian Grenier	Christian Grenier			2025-01-14T13:06:19.727Z	StillImage	COORDINATE_ROUNDED;CONTINENT_DERIVED_FROM_COORDINATES;TAXON_MATCH_TAXON_ID_IGNORED
2573777528	50c9509d-22c7-4a22-a47d-8c48425ef4a7	https://www.inaturalist.org/observations/10631477	Fungi	Basidiomycota	Agaricomycetes	Boletales	Boletaceae	Boletus	Boletus chippewaensis		SPECIES	Boletus chippewaensis A.H.Sm. & Thiers	Boletus chippewaensis		CA		Québec	PRESENT		28eb1a3f-1c15-4a95-931a-4af90ecb574d	45.65305	-74.9453	2899.0						2009-09-02	2	9	2009	6015464	6015464	HUMAN_OBSERVATION	iNaturalist	Observations	10631477		John Plischke	2018-04-05T05:47:54	CC_BY_NC_4_0	John Plischke	John Plischke			2025-01-14T12:04:40.433Z	StillImage	CONTINENT_DERIVED_FROM_COORDINATES;TAXON_MATCH_TAXON_ID_IGNORED
2251850661	50c9509d-22c7-4a22-a47d-8c48425ef4a7	https://www.inaturalist.org/observations/25337895	Fungi	Basidiomycota	Agaricomycetes	Boletales	Boletaceae	Boletus	Boletus chippewaensis		SPECIES	Boletus chippewaensis A.H.Sm. & Thiers	Boletus chippewaensis		CA		Québec	PRESENT		28eb1a3f-1c15-4a95-931a-4af90ecb574d	46.3792	-71.8294	1120.0						2013-09-01T16:07	1	9	2013	6015464	6015464	HUMAN_OBSERVATION	iNaturalist	Observations	25337895		John Plischke	2020-11-15T16:05:49	CC_BY_NC_4_0	Isabelle Pothier	Isabelle Pothier			2025-01-14T12:59:01.745Z	StillImage	CONTINENT_DERIVED_FROM_COORDINATES;TAXON_MATCH_TAXON_ID_IGNORED
2012944653	50c9509d-22c7-4a22-a47d-8c48425ef4a7	https://www.inaturalist.org/observations/10888648	Fungi	Basidiomycota	Agaricomycetes	Boletales	Boletaceae	Boletus	Boletus chippewaensis		SPECIES	Boletus chippewaensis A.H.Sm. & Thiers	Boletus chippewaensis		CA		Québec	PRESENT		28eb1a3f-1c15-4a95-931a-4af90ecb574d	45.675961	-74.95182							2009-09-04T12:38:37	4	9	2009	6015464	6015464	HUMAN_OBSERVATION	iNaturalist	Observations	10888648		John Plischke	2018-04-15T04:38:50	CC_BY_NC_4_0	John Plischke	John Plischke			2025-01-14T12:57:48.407Z		CONTINENT_DERIVED_FROM_COORDINATES;TAXON_MATCH_TAXON_ID_IGNORED
2012944648	50c9509d-22c7-4a22-a47d-8c48425ef4a7	https://www.inaturalist.org/observations/10888487	Fungi	Basidiomycota	Agaricomycetes	Boletales	Boletaceae	Boletus	Boletus chippewaensis		SPECIES	Boletus chippewaensis A.H.Sm. & Thiers	Boletus chippewaensis		CA		Québec	PRESENT		28eb1a3f-1c15-4a95-931a-4af90ecb574d	45.94733	-74.912595							2009-09-04T12:33:25	4	9	2009	6015464	6015464	HUMAN_OBSERVATION	iNaturalist	Observations	10888487		John Plischke	2018-04-14T05:37:37	CC_BY_NC_4_0	John Plischke	John Plischke			2025-01-14T13:00:21.450Z		CONTINENT_DERIVED_FROM_COORDINATES;TAXON_MATCH_TAXON_ID_IGNORED
1847645508	50c9509d-22c7-4a22-a47d-8c48425ef4a7	https://www.inaturalist.org/observations/9573736	Fungi	Basidiomycota	Agaricomycetes	Boletales	Boletaceae	Boletus	Boletus chippewaensis		SPECIES	Boletus chippewaensis A.H.Sm. & Thiers	Boletus chippewaensis		CA		Québec	PRESENT		28eb1a3f-1c15-4a95-931a-4af90ecb574d	48.4036	-68.57575	22730.0						2013-08-07	7	8	2013	6015464	6015464	HUMAN_OBSERVATION	iNaturalist	Observations	9573736		mycowalt	2018-01-23T11:01:11	CC_BY_NC_4_0	mycowalt	mycowalt			2025-01-14T12:57:42.898Z	StillImage	CONTINENT_DERIVED_FROM_COORDINATES;TAXON_MATCH_TAXON_ID_IGNORED
1699435607	21705170-d2b6-42de-8904-c3bca4b83591	CMMF008493	Fungi	Basidiomycota	Agaricomycetes	Boletales	Boletaceae	Boletus	Boletus chippewaensis		SPECIES	Boletus chippewaensis A.H.Sm. & Thiers	Boletus chippewaensis A.H. Sm. & Thiers	A.H. Sm. & Thiers	CA	Montréal, La localité correspond à l'adresse de la Mycoboutique; Champignons cueillit dans Lanaudière	Quebec	PRESENT		ff7bd5db-b724-4932-b496-10ea298851f9	45.52255	-73.580185							2013-06-18	18	6	2013	6015464	6015464	PRESERVED_SPECIMEN	Université de Montréal Biodiversity Centre	CMMF	CMMF008493	02			CC0_1_0	Université de Montréal Biodiversity Centre	unknown			2024-01-24T16:38:17.823Z		INSTITUTION_MATCH_FUZZY;COLLECTION_MATCH_FUZZY;DIFFERENT_OWNER_INSTITUTION
1699435601	21705170-d2b6-42de-8904-c3bca4b83591	CMMF008448	Fungi	Basidiomycota	Agaricomycetes	Boletales	Boletaceae	Boletus	Boletus chippewaensis		SPECIES	Boletus chippewaensis A.H.Sm. & Thiers	Boletus chippewaensis A.H. Sm. & Thiers	A.H. Sm. & Thiers	CA	Montréal, La localité correspond à l'adresse de la Mycoboutique; Champignons cueillit dans Lanaudière	Quebec	PRESENT		ff7bd5db-b724-4932-b496-10ea298851f9	45.52255	-73.580185							2013-06-21	21	6	2013	6015464	6015464	PRESERVED_SPECIMEN	Université de Montréal Biodiversity Centre	CMMF	CMMF008448	02			CC0_1_0	Université de Montréal Biodiversity Centre	Noël, Pierre			2024-01-24T16:38:17.888Z		INSTITUTION_MATCH_FUZZY;COLLECTION_MATCH_FUZZY;DIFFERENT_OWNER_INSTITUTION
1699435600	21705170-d2b6-42de-8904-c3bca4b83591	CMMF008425	Fungi	Basidiomycota	Agaricomycetes	Boletales	Boletaceae	Boletus	Boletus chippewaensis		SPECIES	Boletus chippewaensis A.H.Sm. & Thiers	Boletus chippewaensis A.H. Sm. & Thiers	A.H. Sm. & Thiers	CA	Montréal, La localité correspond à l'adresse de la Mycoboutique; Champignons cueillit dans Lanaudière	Quebec	PRESENT		ff7bd5db-b724-4932-b496-10ea298851f9	45.52255	-73.580185							2013-06-21	21	6	2013	6015464	6015464	PRESERVED_SPECIMEN	Université de Montréal Biodiversity Centre	CMMF	CMMF008425	01			CC0_1_0	Université de Montréal Biodiversity Centre	Noël, Pierre			2024-01-24T16:38:17.882Z		INSTITUTION_MATCH_FUZZY;COLLECTION_MATCH_FUZZY;DIFFERENT_OWNER_INSTITUTION
1699435599	21705170-d2b6-42de-8904-c3bca4b83591	CMMF008192	Fungi	Basidiomycota	Agaricomycetes	Boletales	Boletaceae	Boletus	Boletus chippewaensis		SPECIES	Boletus chippewaensis A.H.Sm. & Thiers	Boletus chippewaensis A.H. Sm. & Thiers	A.H. Sm. & Thiers	CA	Montréal, La localité correspond à l'adresse de la Mycoboutique; Champignons cueillit dans Lanaudière	Quebec	PRESENT		ff7bd5db-b724-4932-b496-10ea298851f9	45.52255	-73.580185							2013-06-18	18	6	2013	6015464	6015464	PRESERVED_SPECIMEN	Université de Montréal Biodiversity Centre	CMMF	CMMF008192	01		2013-06-21T00:00:00	CC0_1_0	Université de Montréal Biodiversity Centre	Noël, Pierre			2024-01-24T16:38:18.259Z		INSTITUTION_MATCH_FUZZY;COLLECTION_MATCH_FUZZY;DIFFERENT_OWNER_INSTITUTION
1024560204	21705170-d2b6-42de-8904-c3bca4b83591	CMMF005652	Fungi	Basidiomycota	Agaricomycetes	Boletales	Boletaceae	Boletus	Boletus chippewaensis		SPECIES	Boletus chippewaensis A.H.Sm. & Thiers	Boletus chippewaensis A.H. Sm. & Thiers	A.H. Sm. & Thiers	CA	Rimouski	Québec	PRESENT		ff7bd5db-b724-4932-b496-10ea298851f9	48.420633	-68.589483	100.0						2005-09-12	12	9	2005	6015464	6015464	PRESERVED_SPECIMEN	Université de Montréal Biodiversity Centre	CMMF	CMMF005652	Inexistant	McNeil, Raymond		CC0_1_0	Université de Montréal Biodiversity Centre	McNeil, Raymond			2024-01-24T16:38:16.630Z	StillImage	COORDINATE_ROUNDED;INSTITUTION_MATCH_FUZZY;COLLECTION_MATCH_FUZZY;DIFFERENT_OWNER_INSTITUTION
1024560188	21705170-d2b6-42de-8904-c3bca4b83591	CMMF005655	Fungi	Basidiomycota	Agaricomycetes	Boletales	Boletaceae	Boletus	Boletus chippewaensis		SPECIES	Boletus chippewaensis A.H.Sm. & Thiers	Boletus chippewaensis A.H. Sm. & Thiers	A.H. Sm. & Thiers	CA	Sainte-Euphémie	Québec	PRESENT		ff7bd5db-b724-4932-b496-10ea298851f9	46.7689	-70.445417	100.0						2013-09-04	4	9	2013	6015464	6015464	PRESERVED_SPECIMEN	Université de Montréal Biodiversity Centre	CMMF	CMMF005655	C4253	McNeil, Raymond		CC0_1_0	Université de Montréal Biodiversity Centre	McNeil, Raymond			2024-01-24T16:38:16.631Z	StillImage	COORDINATE_ROUNDED;INSTITUTION_MATCH_FUZZY;COLLECTION_MATCH_FUZZY;DIFFERENT_OWNER_INSTITUTION
1024560181	21705170-d2b6-42de-8904-c3bca4b83591	CMMF005651	Fungi	Basidiomycota	Agaricomycetes	Boletales	Boletaceae	Boletus	Boletus chippewaensis		SPECIES	Boletus chippewaensis A.H.Sm. & Thiers	Boletus chippewaensis A.H. Sm. & Thiers	A.H. Sm. & Thiers	CA	Camping de Matane	Québec	PRESENT		ff7bd5db-b724-4932-b496-10ea298851f9	48.821667	-67.537667	100.0						2005-09-02	2	9	2005	6015464	6015464	PRESERVED_SPECIMEN	Université de Montréal Biodiversity Centre	CMMF	CMMF005651	C2391	McNeil, Raymond		CC0_1_0	Université de Montréal Biodiversity Centre	McNeil, Raymond			2024-01-24T16:38:16.630Z	StillImage	COORDINATE_ROUNDED;INSTITUTION_MATCH_FUZZY;COLLECTION_MATCH_FUZZY;DIFFERENT_OWNER_INSTITUTION
1024560166	21705170-d2b6-42de-8904-c3bca4b83591	CMMF005654	Fungi	Basidiomycota	Agaricomycetes	Boletales	Boletaceae	Boletus	Boletus chippewaensis		SPECIES	Boletus chippewaensis A.H.Sm. & Thiers	Boletus chippewaensis A.H. Sm. & Thiers	A.H. Sm. & Thiers	CA	Sainte-Euphémie	Québec	PRESENT		ff7bd5db-b724-4932-b496-10ea298851f9	46.7689	-70.445417	100.0						2013-09-04	4	9	2013	6015464	6015464	PRESERVED_SPECIMEN	Université de Montréal Biodiversity Centre	CMMF	CMMF005654	Inexistant	McNeil, Raymond		CC0_1_0	Université de Montréal Biodiversity Centre	McNeil, Raymond			2024-01-24T16:38:16.632Z	StillImage	COORDINATE_ROUNDED;INSTITUTION_MATCH_FUZZY;COLLECTION_MATCH_FUZZY;DIFFERENT_OWNER_INSTITUTION
1024560139	21705170-d2b6-42de-8904-c3bca4b83591	CMMF005653	Fungi	Basidiomycota	Agaricomycetes	Boletales	Boletaceae	Boletus	Boletus chippewaensis		SPECIES	Boletus chippewaensis A.H.Sm. & Thiers	Boletus chippewaensis A.H. Sm. & Thiers	A.H. Sm. & Thiers	CA	Saint-Paul-de-Montminy	Québec	PRESENT		ff7bd5db-b724-4932-b496-10ea298851f9	46.71545	-70.289383	100.0						2013-07-01	1	7	2013	6015464	6015464	PRESERVED_SPECIMEN	Université de Montréal Biodiversity Centre	CMMF	CMMF005653	C4188	McNeil, Raymond		CC0_1_0	Université de Montréal Biodiversity Centre	McNeil, Raymond			2024-01-24T16:38:16.632Z	StillImage	COORDINATE_ROUNDED;INSTITUTION_MATCH_FUZZY;COLLECTION_MATCH_FUZZY;DIFFERENT_OWNER_INSTITUTION
