gbifID	datasetKey	occurrenceID	kingdom	phylum	class	order	family	genus	species	infraspecificEpithet	taxonRank	scientificName	verbatimScientificName	verbatimScientificNameAuthorship	countryCode	locality	stateProvince	occurrenceStatus	individualCount	publishingOrgKey	decimalLatitude	decimalLongitude	coordinateUncertaintyInMeters	coordinatePrecision	elevation	elevationAccuracy	depth	depthAccuracy	eventDate	day	month	year	taxonKey	speciesKey	basisOfRecord	institutionCode	collectionCode	catalogNumber	recordNumber	identifiedBy	dateIdentified	license	rightsHolder	recordedBy	typeStatus	establishmentMeans	lastInterpreted	mediaType	issue
617552219	21705170-d2b6-42de-8904-c3bca4b83591	CMMF000306	Fungi	Basidiomycota	Agaricomycetes	Boletales	Suillaceae	Suillus	Suillus granulatus		SPECIES	Suillus granulatus (L.) Roussel	Suillus granulatus (L.) Roussel	(L.) Roussel	CA	Contrecoeur	Québec	PRESENT		ff7bd5db-b724-4932-b496-10ea298851f9	45.876777	-73.209987	12000.0						1988-09-04	4	9	1988	8146046	8146046	PRESERVED_SPECIMEN	Université de Montréal Biodiversity Centre	CMMF	CMMF000306		Lamoureux, Yves		CC0_1_0	Université de Montréal Biodiversity Centre	Lamoureux, Yves			2024-01-24T16:38:20.771Z	StillImage	INSTITUTION_MATCH_FUZZY;COLLECTION_MATCH_FUZZY;DIFFERENT_OWNER_INSTITUTION
617551654	21705170-d2b6-42de-8904-c3bca4b83591	CMMF002799	Fungi	Basidiomycota	Agaricomycetes	Boletales	Suillaceae	Suillus	Suillus granulatus		SPECIES	Suillus granulatus (L.) Roussel	Suillus granulatus (L.) Roussel	(L.) Roussel	CA	Saint-Bruno-de-Montarville	Québec	PRESENT		ff7bd5db-b724-4932-b496-10ea298851f9	45.526599	-73.344507	5500.0						1996-07-08	8	7	1996	8146046	8146046	PRESERVED_SPECIMEN	Université de Montréal Biodiversity Centre	CMMF	CMMF002799		Lamoureux, Yves		CC0_1_0	Université de Montréal Biodiversity Centre	Lamoureux, Yves			2024-01-24T16:38:20.515Z	StillImage	INSTITUTION_MATCH_FUZZY;COLLECTION_MATCH_FUZZY;DIFFERENT_OWNER_INSTITUTION
4892909322	eeaf050f-23d0-4557-9084-ec545cd3d9a7	beefc0d0-6e3d-4d20-afae-e0ebbeb39172	Fungi	Basidiomycota	Agaricomycetes	Boletales	Suillaceae	Suillus	Suillus granulatus		SPECIES	Suillus granulatus (L.) Roussel	Suillus granulatus	(L.) Roussel	CA	Ottawa	Ontario	PRESENT		325c883e-46a7-4be3-9d77-7dde654fd1d3	45.423949	-75.695445											8146046	8146046	PRESERVED_SPECIMEN	DPI	DAR	DAR00046228				CC_BY_4_0					2025-01-02T23:50:28.767Z		CONTINENT_DERIVED_FROM_COORDINATES;TAXON_MATCH_TAXON_CONCEPT_ID_IGNORED;INSTITUTION_MATCH_NONE
4166264680	695cef75-b65f-4776-b2ed-74565eebb16e	02-01000936300	Fungi	Basidiomycota	Agaricomycetes	Boletales	Suillaceae	Suillus	Suillus granulatus		SPECIES	Suillus granulatus (L.) Roussel	Suillus granulatus	(L.) Roussel	CA	Booth's Rock Trail	Ontario	PRESENT		055bd978-2daa-4543-b3f0-44e0e87e86ca	45.508333	-78.391667							1974-08-30	30	8	1974	8146046	8146046	PRESERVED_SPECIMEN	AAFC	DAOM	186752		Conf. D.A.O.M. D. Malloch		CC_BY_4_0	©His Majesty the King in Right of Canada, as represented by the Minister of Agriculture and Agri-Food	P. Johnson			2025-01-12T05:11:16.161Z		GEODETIC_DATUM_ASSUMED_WGS84;CONTINENT_DERIVED_FROM_COORDINATES;TAXON_MATCH_TAXON_ID_IGNORED;INSTITUTION_MATCH_FUZZY
4166264618	695cef75-b65f-4776-b2ed-74565eebb16e	02-01000935716	Fungi	Basidiomycota	Agaricomycetes	Boletales	Suillaceae	Suillus	Suillus granulatus		SPECIES	Suillus granulatus (L.) Roussel	Suillus granulatus	(L.) Roussel	CA	Lac Long Canton de Lochaber	Quebec	PRESENT		055bd978-2daa-4543-b3f0-44e0e87e86ca	45.7	-75.325							1986-06-30	30	6	1986	8146046	8146046	PRESERVED_SPECIMEN	AAFC	DAOM	195977		Y. Dalpé		CC_BY_4_0	©His Majesty the King in Right of Canada, as represented by the Minister of Agriculture and Agri-Food	Y. Dalpé 1641			2025-01-12T05:11:16.186Z		GEODETIC_DATUM_ASSUMED_WGS84;CONTINENT_DERIVED_FROM_COORDINATES;TAXON_MATCH_TAXON_ID_IGNORED;INSTITUTION_MATCH_FUZZY
4166257440	695cef75-b65f-4776-b2ed-74565eebb16e	02-01000936301	Fungi	Basidiomycota	Agaricomycetes	Boletales	Suillaceae	Suillus	Suillus granulatus		SPECIES	Suillus granulatus (L.) Roussel	Suillus granulatus	(L.) Roussel	CA	Tote Road, Wildlife Research Station	Ontario	PRESENT		055bd978-2daa-4543-b3f0-44e0e87e86ca	45.591667	-78.520833							1975-07-29	29	7	1975	8146046	8146046	PRESERVED_SPECIMEN	AAFC	DAOM	186481		J.F. Ammirati		CC_BY_4_0	©His Majesty the King in Right of Canada, as represented by the Minister of Agriculture and Agri-Food	J.F. Ammirati 7047			2025-01-12T05:11:16.235Z		GEODETIC_DATUM_ASSUMED_WGS84;CONTINENT_DERIVED_FROM_COORDINATES;TAXON_MATCH_TAXON_ID_IGNORED;INSTITUTION_MATCH_FUZZY
4166256399	695cef75-b65f-4776-b2ed-74565eebb16e	02-01000936303	Fungi	Basidiomycota	Agaricomycetes	Boletales	Suillaceae	Suillus	Suillus granulatus		SPECIES	Suillus granulatus (L.) Roussel	Suillus granulatus	(L.) Roussel	CA	Chibougamau Parc	Quebec	PRESENT		055bd978-2daa-4543-b3f0-44e0e87e86ca	48.783333	-72.666667							1982-08-25	25	8	1982	8146046	8146046	PRESERVED_SPECIMEN	AAFC	DAOM	186969		Y. Dalpé		CC_BY_4_0	©His Majesty the King in Right of Canada, as represented by the Minister of Agriculture and Agri-Food	Y. Dalpé 240			2025-01-12T05:11:16.189Z		GEODETIC_DATUM_ASSUMED_WGS84;CONTINENT_DERIVED_FROM_COORDINATES;TAXON_MATCH_TAXON_ID_IGNORED;INSTITUTION_MATCH_FUZZY
4104517395	5a6538b8-e35c-46c4-8978-6858a657a75f	ddbb68dd-f01f-4127-ae95-ea99a608ad93	Fungi	Basidiomycota	Agaricomycetes	Boletales	Suillaceae	Suillus	Suillus granulatus		SPECIES	Suillus granulatus (L.) Roussel	Suillus granulatus	(L.) Roussel	CA		Quebec	PRESENT		a26dde42-dd82-4d07-a763-353ab27fc02c	47.0	-70.0	301.0						1966-08-27	27	8	1966	8146046	8146046	PRESERVED_SPECIMEN	CUP		CUP-055968	66-103	J. W. Groves		CC0_1_0		J. W. Groves			2025-01-15T04:26:05.394Z	StillImage	GEODETIC_DATUM_ASSUMED_WGS84;CONTINENT_DERIVED_FROM_COORDINATES;TAXON_MATCH_TAXON_ID_IGNORED;COLLECTION_MATCH_NONE;INSTITUTION_MATCH_FUZZY
4099946148	d1a3b128-b406-46bb-a6d1-f3591dcc8a7b	a1599677-8487-4402-bf7e-4f0fa98df713	Fungi	Basidiomycota	Agaricomycetes	Boletales	Suillaceae	Suillus	Suillus granulatus		SPECIES	Boletus granulatus L.	Boletus granulatus	L.	CA	Burnet	Quebec	PRESENT		e43cf4b8-849e-4fac-b075-e652d019d2cf	45.568108	-75.849677	301.0						1948-09-06	6	9	1948	7864731	8146046	PRESERVED_SPECIMEN	BPI		BPI 780864		Groves, J. W.		CC0_1_0		Gussow, H. T.			2025-01-15T04:59:41.944Z		GEODETIC_DATUM_ASSUMED_WGS84;CONTINENT_DERIVED_FROM_COORDINATES;TAXON_MATCH_TAXON_ID_IGNORED;INSTITUTION_MATCH_FUZZY
4023662069	fb9d7c38-5759-4c30-9e09-5b6bd43f78a6	http://id.luomus.fi/MY.11547995	Fungi	Basidiomycota	Agaricomycetes	Boletales	Suillaceae	Suillus	Suillus granulatus		SPECIES	Suillus granulatus (L.) Roussel	Suillus granulatus (L.:Fr.) Roussel		CA	Gatineau Park, Mackenzie King Estate	Quebeck	PRESENT		04fd2e13-6881-4e5c-9dd1-8fdd9ab993c1	45.48	-75.84							1957-10-09T00:00Z	9	10	1957	8146046	8146046	PRESERVED_SPECIMEN	H		http://id.luomus.fi/HA.H7071864				CC_BY_4_0		Pantidou, Maria			2025-01-17T02:41:16.302Z		CONTINENT_DERIVED_FROM_COORDINATES;TAXON_MATCH_TAXON_ID_IGNORED;COLLECTION_MATCH_NONE;INSTITUTION_MATCH_FUZZY
4023662068	fb9d7c38-5759-4c30-9e09-5b6bd43f78a6	http://id.luomus.fi/MY.11547999	Fungi	Basidiomycota	Agaricomycetes	Boletales	Suillaceae	Suillus	Suillus granulatus		SPECIES	Suillus granulatus (L.) Roussel	Suillus granulatus (L.:Fr.) Roussel		CA		Quebec	PRESENT		04fd2e13-6881-4e5c-9dd1-8fdd9ab993c1	47.18	-70.21							1966-08-26T00:00Z	26	8	1966	8146046	8146046	PRESERVED_SPECIMEN	H		http://id.luomus.fi/HA.H7071865	J.W. Growes 66-87			CC_BY_4_0		Groves, J. W.			2025-01-17T02:41:16.302Z		CONTINENT_DERIVED_FROM_COORDINATES;TAXON_MATCH_TAXON_ID_IGNORED;COLLECTION_MATCH_NONE;INSTITUTION_MATCH_FUZZY
4023662067	fb9d7c38-5759-4c30-9e09-5b6bd43f78a6	http://id.luomus.fi/MY.11547979	Fungi	Basidiomycota	Agaricomycetes	Boletales	Suillaceae	Suillus	Suillus granulatus		SPECIES	Suillus granulatus (L.) Roussel	Suillus granulatus (L.:Fr.) Roussel		CA		Quebec	PRESENT		04fd2e13-6881-4e5c-9dd1-8fdd9ab993c1	47.18	-70.21							1966-08-27T00:00Z	27	8	1966	8146046	8146046	PRESERVED_SPECIMEN	H		http://id.luomus.fi/HA.H7071860	J.W. Growes 66-103			CC_BY_4_0		Groves, J. W.			2025-01-17T02:41:16.302Z		CONTINENT_DERIVED_FROM_COORDINATES;TAXON_MATCH_TAXON_ID_IGNORED;COLLECTION_MATCH_NONE;INSTITUTION_MATCH_FUZZY
4023662059	fb9d7c38-5759-4c30-9e09-5b6bd43f78a6	http://id.luomus.fi/MY.11547983	Fungi	Basidiomycota	Agaricomycetes	Boletales	Suillaceae	Suillus	Suillus granulatus		SPECIES	Suillus granulatus (L.) Roussel	Suillus granulatus (L.:Fr.) Roussel		CA	Conroy Rd.	Ontario	PRESENT		04fd2e13-6881-4e5c-9dd1-8fdd9ab993c1	45.41	-75.68							1965-08-24T00:00Z	24	8	1965	8146046	8146046	PRESERVED_SPECIMEN	H		http://id.luomus.fi/HA.H7071861				CC_BY_4_0		Elliott, M. E.;Growes, J. W.			2025-01-17T02:41:16.298Z		CONTINENT_DERIVED_FROM_COORDINATES;TAXON_MATCH_TAXON_ID_IGNORED;COLLECTION_MATCH_NONE;INSTITUTION_MATCH_FUZZY
3415861957	50c9509d-22c7-4a22-a47d-8c48425ef4a7	https://www.inaturalist.org/observations/97298090	Fungi	Basidiomycota	Agaricomycetes	Boletales	Suillaceae	Suillus	Suillus granulatus		SPECIES	Suillus granulatus (L.) Roussel	Suillus granulatus		CA		Ontario	PRESENT		28eb1a3f-1c15-4a95-931a-4af90ecb574d	45.290516	-75.805205	20.0						2021-09-27T18:10	27	9	2021	8146046	8146046	HUMAN_OBSERVATION	iNaturalist	Observations	97298090		Serguei Ponomarenko	2021-10-05T23:42:48	CC_BY_NC_4_0	Serguei Ponomarenko	Serguei Ponomarenko			2025-01-14T13:15:23.890Z	StillImage	COORDINATE_ROUNDED;CONTINENT_DERIVED_FROM_COORDINATES;TAXON_MATCH_TAXON_ID_IGNORED
3385008140	50c9509d-22c7-4a22-a47d-8c48425ef4a7	https://www.inaturalist.org/observations/97043944	Fungi	Basidiomycota	Agaricomycetes	Boletales	Suillaceae	Suillus	Suillus granulatus		SPECIES	Suillus granulatus (L.) Roussel	Suillus granulatus		CA		Québec	PRESENT		28eb1a3f-1c15-4a95-931a-4af90ecb574d	45.770718	-75.848156	16500.0						2021-10-03T10:50:15	3	10	2021	8146046	8146046	HUMAN_OBSERVATION	iNaturalist	Observations	97043944		allseeds	2021-10-03T18:00:42	CC_BY_NC_4_0	allseeds	allseeds			2025-01-14T12:22:27.595Z	StillImage	COORDINATE_ROUNDED;CONTINENT_DERIVED_FROM_COORDINATES;TAXON_MATCH_TAXON_ID_IGNORED
3384342509	50c9509d-22c7-4a22-a47d-8c48425ef4a7	https://www.inaturalist.org/observations/56189395	Fungi	Basidiomycota	Agaricomycetes	Boletales	Suillaceae	Suillus	Suillus granulatus		SPECIES	Suillus granulatus (L.) Roussel	Suillus granulatus		CA		Québec	PRESENT		28eb1a3f-1c15-4a95-931a-4af90ecb574d	46.081106	-73.948793	25758.0						2020-08-09T18:59:36	9	8	2020	8146046	8146046	HUMAN_OBSERVATION	iNaturalist	Observations	56189395		skyluna	2020-08-12T02:52:41	CC_BY_NC_4_0	skyluna	skyluna			2025-01-14T12:14:21.287Z	StillImage	COORDINATE_ROUNDED;CONTINENT_DERIVED_FROM_COORDINATES;TAXON_MATCH_TAXON_ID_IGNORED
3383852536	50c9509d-22c7-4a22-a47d-8c48425ef4a7	https://www.inaturalist.org/observations/59473258	Fungi	Basidiomycota	Agaricomycetes	Boletales	Suillaceae	Suillus	Suillus granulatus		SPECIES	Suillus granulatus (L.) Roussel	Suillus granulatus		CA		Ontario	PRESENT		28eb1a3f-1c15-4a95-931a-4af90ecb574d	45.320007	-75.738618							2020-09-04T16:54:31	4	9	2020	8146046	8146046	HUMAN_OBSERVATION	iNaturalist	Observations	59473258		cinna_latifolia	2021-09-17T17:21:27	CC_BY_NC_4_0	Lindsay Boudreau	Lindsay Boudreau			2025-01-14T13:09:01.564Z	StillImage	COORDINATE_ROUNDED;CONTINENT_DERIVED_FROM_COORDINATES;TAXON_MATCH_TAXON_ID_IGNORED
3337483388	50c9509d-22c7-4a22-a47d-8c48425ef4a7	https://www.inaturalist.org/observations/57015637	Fungi	Basidiomycota	Agaricomycetes	Boletales	Suillaceae	Suillus	Suillus granulatus		SPECIES	Suillus granulatus (L.) Roussel	Suillus granulatus		CA		Ontario	PRESENT		28eb1a3f-1c15-4a95-931a-4af90ecb574d	45.238749	-78.914982	24.0						2020-08-20T07:50:04	20	8	2020	8146046	8146046	HUMAN_OBSERVATION	iNaturalist	Observations	57015637		artiepotts	2020-08-20T11:51:55	CC_BY_NC_4_0	artiepotts	artiepotts			2025-01-14T13:09:47.834Z	StillImage	COORDINATE_ROUNDED;CONTINENT_DERIVED_FROM_COORDINATES;TAXON_MATCH_TAXON_ID_IGNORED
3333386906	50c9509d-22c7-4a22-a47d-8c48425ef4a7	https://www.inaturalist.org/observations/88470482	Fungi	Basidiomycota	Agaricomycetes	Boletales	Suillaceae	Suillus	Suillus granulatus		SPECIES	Suillus granulatus (L.) Roussel	Suillus granulatus		CA		Québec	PRESENT		28eb1a3f-1c15-4a95-931a-4af90ecb574d	45.387592	-74.193375	61.0						2021-07-24T19:21	24	7	2021	8146046	8146046	HUMAN_OBSERVATION	iNaturalist	Observations	88470482		cinna_latifolia	2021-07-25T04:09:15	CC_BY_NC_4_0	Bink June	Bink June			2025-01-14T13:09:52.937Z	StillImage	COORDINATE_ROUNDED;CONTINENT_DERIVED_FROM_COORDINATES;TAXON_MATCH_TAXON_ID_IGNORED
2883102901	50c9509d-22c7-4a22-a47d-8c48425ef4a7	https://www.inaturalist.org/observations/61584329	Fungi	Basidiomycota	Agaricomycetes	Boletales	Suillaceae	Suillus	Suillus granulatus		SPECIES	Suillus granulatus (L.) Roussel	Suillus granulatus		CA		Ontario	PRESENT		28eb1a3f-1c15-4a95-931a-4af90ecb574d	45.337598	-75.951657	100.0						2020-09-12T15:47	12	9	2020	8146046	8146046	HUMAN_OBSERVATION	iNaturalist	Observations	61584329		Serguei Ponomarenko	2020-10-03T17:34:40	CC_BY_NC_4_0	Serguei Ponomarenko	Serguei Ponomarenko			2025-01-14T13:10:18.426Z	StillImage	COORDINATE_ROUNDED;CONTINENT_DERIVED_FROM_COORDINATES;TAXON_MATCH_TAXON_ID_IGNORED
2460064287	50c9509d-22c7-4a22-a47d-8c48425ef4a7	https://www.inaturalist.org/observations/35631045	Fungi	Basidiomycota	Agaricomycetes	Boletales	Suillaceae	Suillus	Suillus granulatus		SPECIES	Suillus granulatus (L.) Roussel	Suillus granulatus		CA		Ontario	PRESENT		28eb1a3f-1c15-4a95-931a-4af90ecb574d	45.292553	-75.803088							2019-09-23T18:51	23	9	2019	8146046	8146046	HUMAN_OBSERVATION	iNaturalist	Observations	35631045		Serguei Ponomarenko	2019-11-13T03:14:24	CC_BY_NC_4_0	Serguei Ponomarenko	Serguei Ponomarenko			2025-01-14T12:59:57.688Z	StillImage	COORDINATE_ROUNDED;CONTINENT_DERIVED_FROM_COORDINATES;TAXON_MATCH_TAXON_ID_IGNORED
2423612621	21705170-d2b6-42de-8904-c3bca4b83591	CMMF018697	Fungi	Basidiomycota	Agaricomycetes	Boletales	Suillaceae	Suillus	Suillus granulatus		SPECIES	Suillus granulatus (L.) Roussel	Suillus granulatus (L.) Roussel	(L.) Roussel	CA	Sentier lac Geai.	Québec	PRESENT		ff7bd5db-b724-4932-b496-10ea298851f9	45.991697	-73.997854	750.0						1985-07-10	10	7	1985	8146046	8146046	PRESERVED_SPECIMEN	Université de Montréal Biodiversity Centre	CMMF	CMMF018697	s.n.	Nantel, Patrick		CC0_1_0	Université de Montréal Biodiversity Centre	Nantel, Patrick			2024-01-24T16:38:18.499Z		INSTITUTION_MATCH_FUZZY;COLLECTION_MATCH_FUZZY;DIFFERENT_OWNER_INSTITUTION
2423612123	21705170-d2b6-42de-8904-c3bca4b83591	CMMF018764	Fungi	Basidiomycota	Agaricomycetes	Boletales	Suillaceae	Suillus	Suillus granulatus		SPECIES	Suillus granulatus (L.) Roussel	Suillus granulatus (L.) Roussel	(L.) Roussel	CA	St-Hippolyte	Québec	PRESENT		ff7bd5db-b724-4932-b496-10ea298851f9	45.988108	-74.005679	2500.0						1988-07-15	15	7	1988	8146046	8146046	PRESERVED_SPECIMEN	Université de Montréal Biodiversity Centre	CMMF	CMMF018764	s.n.	Nantel, Patrick		CC0_1_0	Université de Montréal Biodiversity Centre	Nantel, Patrick			2024-01-24T16:38:18.595Z		INSTITUTION_MATCH_FUZZY;COLLECTION_MATCH_FUZZY;DIFFERENT_OWNER_INSTITUTION
2423611690	21705170-d2b6-42de-8904-c3bca4b83591	CMMF018803	Fungi	Basidiomycota	Agaricomycetes	Boletales	Suillaceae	Suillus	Suillus granulatus		SPECIES	Suillus granulatus (L.) Roussel	Suillus granulatus (L.) Roussel	(L.) Roussel	CA	1e côte, chemin du lac Geai.	Québec	PRESENT		ff7bd5db-b724-4932-b496-10ea298851f9	45.991697	-73.997854	750.0						1979-07-03	3	7	1979	8146046	8146046	PRESERVED_SPECIMEN	Université de Montréal Biodiversity Centre	CMMF	CMMF018803	s.n.	Nantel, Patrick		CC0_1_0	Université de Montréal Biodiversity Centre	Nantel, Patrick			2024-01-24T16:38:18.541Z		INSTITUTION_MATCH_FUZZY;COLLECTION_MATCH_FUZZY;DIFFERENT_OWNER_INSTITUTION
2423181082	50c9509d-22c7-4a22-a47d-8c48425ef4a7	https://www.inaturalist.org/observations/33152634	Fungi	Basidiomycota	Agaricomycetes	Boletales	Suillaceae	Suillus	Suillus granulatus		SPECIES	Suillus granulatus (L.) Roussel	Suillus granulatus		CA		Ontario	PRESENT		28eb1a3f-1c15-4a95-931a-4af90ecb574d	45.491358	-76.114617	65.0						2019-09-18T12:39:38	18	9	2019	8146046	8146046	HUMAN_OBSERVATION	iNaturalist	Observations	33152634		Peter Ruetters	2019-09-21T20:29:32	CC_BY_NC_4_0	Peter Ruetters	Peter Ruetters			2025-01-14T12:10:06.175Z	StillImage	COORDINATE_ROUNDED;CONTINENT_DERIVED_FROM_COORDINATES;TAXON_MATCH_TAXON_ID_IGNORED
2397523490	50c9509d-22c7-4a22-a47d-8c48425ef4a7	https://www.inaturalist.org/observations/31367633	Fungi	Basidiomycota	Agaricomycetes	Boletales	Suillaceae	Suillus	Suillus granulatus		SPECIES	Suillus granulatus (L.) Roussel	Suillus granulatus		CA		Ontario	PRESENT		28eb1a3f-1c15-4a95-931a-4af90ecb574d	45.55075	-78.584822	128.0						2019-08-23T11:37:15	23	8	2019	8146046	8146046	HUMAN_OBSERVATION	iNaturalist	Observations	31367633		Angela Skevington	2019-08-23T20:58:31	CC_BY_NC_4_0	Angela Skevington	Angela Skevington			2025-01-14T13:03:06.033Z	StillImage	COORDINATE_ROUNDED;CONTINENT_DERIVED_FROM_COORDINATES;TAXON_MATCH_TAXON_ID_IGNORED
2283251156	50c9509d-22c7-4a22-a47d-8c48425ef4a7	https://www.inaturalist.org/observations/28533008	Fungi	Basidiomycota	Agaricomycetes	Boletales	Suillaceae	Suillus	Suillus granulatus		SPECIES	Suillus granulatus (L.) Roussel	Suillus granulatus		CA		Québec	PRESENT		28eb1a3f-1c15-4a95-931a-4af90ecb574d	45.663767	-76.070657	27126.0						2018-09-01T22:26:16	1	9	2018	8146046	8146046	HUMAN_OBSERVATION	iNaturalist	Observations	28533008		mmkarpinski	2019-07-10T01:40:19	CC_BY_NC_4_0	mmkarpinski	mmkarpinski			2025-01-14T12:08:06.941Z	StillImage	COORDINATE_ROUNDED;CONTINENT_DERIVED_FROM_COORDINATES;TAXON_MATCH_TAXON_ID_IGNORED
2283231637	50c9509d-22c7-4a22-a47d-8c48425ef4a7	https://www.inaturalist.org/observations/28460654	Fungi	Basidiomycota	Agaricomycetes	Boletales	Suillaceae	Suillus	Suillus granulatus		SPECIES	Suillus granulatus (L.) Roussel	Suillus granulatus		CA		Québec	PRESENT		28eb1a3f-1c15-4a95-931a-4af90ecb574d	45.631919	-75.909255	10.0						2019-07-08T17:15:33	8	7	2019	8146046	8146046	HUMAN_OBSERVATION	iNaturalist	Observations	28460654		Robert,Karen,Gillian	2019-07-10T14:40:09	CC0_1_0	Bruce Taylor	Bruce Taylor			2025-01-14T12:59:53.178Z	StillImage	COORDINATE_ROUNDED;CONTINENT_DERIVED_FROM_COORDINATES;TAXON_MATCH_TAXON_ID_IGNORED
1990302938	032f1fbe-d21f-407d-be46-5cd1bb1ea397	9b05f0d7-2202-42f7-9665-81c8019fb908	Fungi	Basidiomycota	Agaricomycetes	Boletales	Suillaceae	Suillus	Suillus granulatus		SPECIES	Suillus granulatus (L.) Roussel	Suillus granulatus	(L.) Roussel	CA	St. Aubert	Quebec	PRESENT		61c539d8-47e0-4b82-875f-b95aad66dcd4	47.180556	-70.219444							1966-08-26	26	8	1966	8146046	8146046	PRESERVED_SPECIMEN	TENN-F		TENN-F-029806	RHP29806			CC0_1_0		J.W. Groves			2025-01-12T10:33:43.680Z		COORDINATE_ROUNDED;GEODETIC_DATUM_ASSUMED_WGS84;CONTINENT_DERIVED_FROM_COORDINATES;TAXON_MATCH_TAXON_ID_IGNORED;INSTITUTION_MATCH_NONE
1990291478	032f1fbe-d21f-407d-be46-5cd1bb1ea397	dae7d060-608f-4af6-a23b-0310db95ccf3	Fungi	Basidiomycota	Agaricomycetes	Boletales	Suillaceae	Suillus	Suillus granulatus		SPECIES	Suillus granulatus (L.) Roussel	Suillus granulatus	(L.) Roussel	CA	St. Aubert	Quebec	PRESENT		61c539d8-47e0-4b82-875f-b95aad66dcd4	47.180556	-70.219444							1966-08-27	27	8	1966	8146046	8146046	PRESERVED_SPECIMEN	TENN-F		TENN-F-018114	JWG66-103			CC0_1_0		J.W. Groves			2025-01-12T10:33:52.933Z		COORDINATE_ROUNDED;GEODETIC_DATUM_ASSUMED_WGS84;CONTINENT_DERIVED_FROM_COORDINATES;TAXON_MATCH_TAXON_ID_IGNORED;INSTITUTION_MATCH_NONE
1990288379	032f1fbe-d21f-407d-be46-5cd1bb1ea397	59ef78d3-768f-4e47-8435-c788ee0b92f8	Fungi	Basidiomycota	Agaricomycetes	Boletales	Suillaceae	Suillus	Suillus granulatus		SPECIES	Boletus granulatus L.	Boletus granulatus	L.	CA	Whitney, Sproule River, Algonquin Park	Ontario	PRESENT		61c539d8-47e0-4b82-875f-b95aad66dcd4	45.6125	-78.376389							1939-08-28	28	8	1939	7864731	8146046	PRESERVED_SPECIMEN	TENN-F		TENN-F-014836	RFC15698			CC0_1_0		R.F. Cain			2025-01-12T10:33:40.669Z		COORDINATE_ROUNDED;GEODETIC_DATUM_ASSUMED_WGS84;CONTINENT_DERIVED_FROM_COORDINATES;TAXON_MATCH_TAXON_ID_IGNORED;INSTITUTION_MATCH_NONE
1847644756	50c9509d-22c7-4a22-a47d-8c48425ef4a7	https://www.inaturalist.org/observations/9572131	Fungi	Basidiomycota	Agaricomycetes	Boletales	Suillaceae	Suillus	Suillus granulatus		SPECIES	Suillus granulatus (L.) Roussel	Suillus granulatus		CA		Ontario	PRESENT		28eb1a3f-1c15-4a95-931a-4af90ecb574d	45.69085	-78.32155	84661.0						2012-09-25	25	9	2012	8146046	8146046	HUMAN_OBSERVATION	iNaturalist	Observations	9572131		mycowalt	2018-01-23T07:59:40	CC_BY_NC_4_0	mycowalt	mycowalt			2025-01-14T12:04:23.040Z	StillImage	CONTINENT_DERIVED_FROM_COORDINATES;TAXON_MATCH_TAXON_ID_IGNORED
1807263495	e8a25a42-f125-476c-8554-3ec21cd51a84	ACAD:120498	Fungi	Basidiomycota	Agaricomycetes	Boletales	Suillaceae	Suillus	Suillus granulatus		SPECIES	Suillus granulatus (L.) Roussel	Suillus granulatus (L.) Roussel	(L.) Roussel	CA	Coldbrook	Nova Scotia	PRESENT		6491ad8c-8e49-4bd4-a089-0ddb3bbe0890	45.064255	-64.582855							1968-07-05	5	7	1968	8146046	8146046	PRESERVED_SPECIMEN	Acadia University	ACAD	8888F	8888	H, KA		CC0_1_0	Acadia University	Harrison, KA			2024-01-25T01:37:02.595Z	StillImage	GEODETIC_DATUM_INVALID;GEODETIC_DATUM_ASSUMED_WGS84;INSTITUTION_MATCH_FUZZY;COLLECTION_MATCH_FUZZY
1807261936	e8a25a42-f125-476c-8554-3ec21cd51a84	ACAD:118323	Fungi	Basidiomycota	Agaricomycetes	Boletales	Suillaceae	Suillus	Suillus granulatus		SPECIES	Suillus granulatus (L.) Roussel	Suillus granulatus (L.) Roussel	(L.) Roussel	CA	Aylesford	Nova Scotia	PRESENT		6491ad8c-8e49-4bd4-a089-0ddb3bbe0890	45.04205	-64.84418							1975-09-25	25	9	1975	8146046	8146046	PRESERVED_SPECIMEN	Acadia University	ACAD	11475F	11475			CC0_1_0	Acadia University	Harrison, KA			2024-01-25T01:37:17.362Z	StillImage	GEODETIC_DATUM_INVALID;GEODETIC_DATUM_ASSUMED_WGS84;INSTITUTION_MATCH_FUZZY;COLLECTION_MATCH_FUZZY
1807261605	e8a25a42-f125-476c-8554-3ec21cd51a84	ACAD:118322	Fungi	Basidiomycota	Agaricomycetes	Boletales	Suillaceae	Suillus	Suillus granulatus		SPECIES	Suillus granulatus (L.) Roussel	Suillus granulatus (L.) Roussel	(L.) Roussel	CA	Auburn	Nova Scotia	PRESENT		6491ad8c-8e49-4bd4-a089-0ddb3bbe0890	45.01822	-64.87038							1975-09-25	25	9	1975	8146046	8146046	PRESERVED_SPECIMEN	Acadia University	ACAD	11474F	11474			CC0_1_0	Acadia University	Harrison, KA			2024-01-25T01:37:17.362Z	StillImage	GEODETIC_DATUM_INVALID;GEODETIC_DATUM_ASSUMED_WGS84;INSTITUTION_MATCH_FUZZY;COLLECTION_MATCH_FUZZY
1807261522	e8a25a42-f125-476c-8554-3ec21cd51a84	ACAD:118251	Fungi	Basidiomycota	Agaricomycetes	Boletales	Suillaceae	Suillus	Suillus granulatus		SPECIES	Suillus granulatus (L.) Roussel	Suillus granulatus (L.) Roussel	(L.) Roussel	CA	Cambridge	Nova Scotia	PRESENT		6491ad8c-8e49-4bd4-a089-0ddb3bbe0890	45.05879	-64.63167							1975-08-14	14	8	1975	8146046	8146046	PRESERVED_SPECIMEN	Acadia University	ACAD	11404F	11404			CC0_1_0	Acadia University	Harrison, KA			2024-01-25T01:37:17.681Z	StillImage	GEODETIC_DATUM_INVALID;GEODETIC_DATUM_ASSUMED_WGS84;INSTITUTION_MATCH_FUZZY;COLLECTION_MATCH_FUZZY
1807261399	e8a25a42-f125-476c-8554-3ec21cd51a84	ACAD:118245	Fungi	Basidiomycota	Agaricomycetes	Boletales	Suillaceae	Suillus	Suillus granulatus		SPECIES	Suillus granulatus (L.) Roussel	Suillus granulatus (L.) Roussel	(L.) Roussel	CA	Gaspereau	Nova Scotia	PRESENT		6491ad8c-8e49-4bd4-a089-0ddb3bbe0890	45.06806	-64.35247							1975-08-13	13	8	1975	8146046	8146046	PRESERVED_SPECIMEN	Acadia University	ACAD	11398F	11398			CC0_1_0	Acadia University	Harrison, KA; Party			2024-01-25T01:37:17.693Z	StillImage	GEODETIC_DATUM_INVALID;GEODETIC_DATUM_ASSUMED_WGS84;INSTITUTION_MATCH_FUZZY;COLLECTION_MATCH_FUZZY
1807261268	e8a25a42-f125-476c-8554-3ec21cd51a84	ACAD:117719	Fungi	Basidiomycota	Agaricomycetes	Boletales	Suillaceae	Suillus	Suillus granulatus		SPECIES	Suillus granulatus (L.) Roussel	Suillus granulatus (L.) Roussel	(L.) Roussel	CA	Kentville	Nova Scotia	PRESENT		6491ad8c-8e49-4bd4-a089-0ddb3bbe0890	45.07662	-64.49592							1973-08-17	17	8	1973	8146046	8146046	PRESERVED_SPECIMEN	Acadia University	ACAD	10488F	10488			CC0_1_0	Acadia University				2024-01-25T01:37:09.156Z	StillImage	GEODETIC_DATUM_INVALID;GEODETIC_DATUM_ASSUMED_WGS84;INSTITUTION_MATCH_FUZZY;COLLECTION_MATCH_FUZZY
1807261225	e8a25a42-f125-476c-8554-3ec21cd51a84	ACAD:117653	Fungi	Basidiomycota	Agaricomycetes	Boletales	Suillaceae	Suillus	Suillus granulatus		SPECIES	Suillus granulatus (L.) Roussel	Suillus granulatus (L.) Roussel	(L.) Roussel	CA	Centreville	Nova Scotia	PRESENT		6491ad8c-8e49-4bd4-a089-0ddb3bbe0890	45.136	-64.53276							1975-08-03	3	8	1975	8146046	8146046	PRESERVED_SPECIMEN	Acadia University	ACAD	10420F	10420			CC0_1_0	Acadia University	H, KA			2024-01-25T01:37:08.093Z	StillImage	GEODETIC_DATUM_INVALID;GEODETIC_DATUM_ASSUMED_WGS84;INSTITUTION_MATCH_FUZZY;COLLECTION_MATCH_FUZZY
1807260940	e8a25a42-f125-476c-8554-3ec21cd51a84	ACAD:117634	Fungi	Basidiomycota	Agaricomycetes	Boletales	Suillaceae	Suillus	Suillus granulatus		SPECIES	Suillus granulatus (L.) Roussel	Suillus granulatus (L.) Roussel	(L.) Roussel	CA	Coldbrook	Nova Scotia	PRESENT		6491ad8c-8e49-4bd4-a089-0ddb3bbe0890	45.06325	-64.58638							1973-07-30	30	7	1973	8146046	8146046	PRESERVED_SPECIMEN	Acadia University	ACAD	10394F	10394			CC0_1_0	Acadia University	H, KA; F, S			2024-01-25T01:37:08.144Z	StillImage	GEODETIC_DATUM_INVALID;GEODETIC_DATUM_ASSUMED_WGS84;INSTITUTION_MATCH_FUZZY;COLLECTION_MATCH_FUZZY
1807260387	e8a25a42-f125-476c-8554-3ec21cd51a84	ACAD:117082	Fungi	Basidiomycota	Agaricomycetes	Boletales	Suillaceae	Suillus	Suillus granulatus		SPECIES	Suillus granulatus (L.) Roussel	Suillus granulatus (L.) Roussel	(L.) Roussel	CA	Chatham	New Brunswick	PRESENT		6491ad8c-8e49-4bd4-a089-0ddb3bbe0890	47.032062	-65.449211							1965-09-21	21	9	1965	8146046	8146046	PRESERVED_SPECIMEN	Acadia University	ACAD	5348F	5348			CC0_1_0	Acadia University	H, KA			2024-01-25T01:37:12.441Z	StillImage	COORDINATE_ROUNDED;GEODETIC_DATUM_INVALID;GEODETIC_DATUM_ASSUMED_WGS84;INSTITUTION_MATCH_FUZZY;COLLECTION_MATCH_FUZZY
1807258883	e8a25a42-f125-476c-8554-3ec21cd51a84	ACAD:115567	Fungi	Basidiomycota	Agaricomycetes	Boletales	Suillaceae	Suillus	Suillus granulatus		SPECIES	Suillus granulatus (L.) Roussel	Suillus granulatus (L.) Roussel	(L.) Roussel	CA	Kentville	Nova Scotia	PRESENT		6491ad8c-8e49-4bd4-a089-0ddb3bbe0890	45.07662	-64.49592							1954-08-12	12	8	1954	8146046	8146046	PRESERVED_SPECIMEN	Acadia University	ACAD	2991F	2991			CC0_1_0	Acadia University	Harrison, KA			2024-01-25T01:37:00.559Z	StillImage	GEODETIC_DATUM_INVALID;GEODETIC_DATUM_ASSUMED_WGS84;INSTITUTION_MATCH_FUZZY;COLLECTION_MATCH_FUZZY
1807256101	e8a25a42-f125-476c-8554-3ec21cd51a84	ACAD:112567	Fungi	Basidiomycota	Agaricomycetes	Boletales	Suillaceae	Suillus	Suillus granulatus		SPECIES	Suillus granulatus (L.) Roussel	Suillus granulatus (L.) Roussel	(L.) Roussel	CA	Kentville	Nova Scotia	PRESENT		6491ad8c-8e49-4bd4-a089-0ddb3bbe0890	45.07662	-64.49592							1953-08-12	12	8	1953	8146046	8146046	PRESERVED_SPECIMEN	Acadia University	ACAD	2459F	2459			CC0_1_0	Acadia University	Harrison, KA			2024-01-25T01:37:10.981Z	StillImage	GEODETIC_DATUM_INVALID;GEODETIC_DATUM_ASSUMED_WGS84;INSTITUTION_MATCH_FUZZY;COLLECTION_MATCH_FUZZY
1807255942	e8a25a42-f125-476c-8554-3ec21cd51a84	ACAD:112547	Fungi	Basidiomycota	Agaricomycetes	Boletales	Suillaceae	Suillus	Suillus granulatus		SPECIES	Suillus granulatus (L.) Roussel	Suillus granulatus (L.) Roussel	(L.) Roussel	CA	Kentville	Nova Scotia	PRESENT		6491ad8c-8e49-4bd4-a089-0ddb3bbe0890	45.07662	-64.49592							1953-08-12	12	8	1953	8146046	8146046	PRESERVED_SPECIMEN	Acadia University	ACAD	2435F	2435			CC0_1_0	Acadia University	Harrison, KA			2024-01-25T01:37:10.963Z	StillImage	GEODETIC_DATUM_INVALID;GEODETIC_DATUM_ASSUMED_WGS84;INSTITUTION_MATCH_FUZZY;COLLECTION_MATCH_FUZZY
1807255702	e8a25a42-f125-476c-8554-3ec21cd51a84	ACAD:112296	Fungi	Basidiomycota	Agaricomycetes	Boletales	Suillaceae	Suillus	Suillus granulatus		SPECIES	Suillus granulatus (L.) Roussel	Suillus granulatus (L.) Roussel	(L.) Roussel	CA	(Kentville)	Nova Scotia	PRESENT		6491ad8c-8e49-4bd4-a089-0ddb3bbe0890	45.07662	-64.49592							1952-10-07	7	10	1952	8146046	8146046	PRESERVED_SPECIMEN	Acadia University	ACAD	2019F	2019			CC0_1_0	Acadia University	H, KA			2024-01-25T01:37:05.761Z	StillImage	GEODETIC_DATUM_INVALID;GEODETIC_DATUM_ASSUMED_WGS84;INSTITUTION_MATCH_FUZZY;COLLECTION_MATCH_FUZZY
1412707261	21705170-d2b6-42de-8904-c3bca4b83591	CMMF015697	Fungi	Basidiomycota	Agaricomycetes	Boletales	Suillaceae	Suillus	Suillus granulatus		SPECIES	Suillus granulatus (L.) Roussel	Suillus granulatus (L.) Roussel	(L.) Roussel	CA	Mont Orford, Québec.	Québec	PRESENT		ff7bd5db-b724-4932-b496-10ea298851f9	45.340394	-72.208677	6500.0						1998-09-05	5	9	1998	8146046	8146046	PRESERVED_SPECIMEN	Université de Montréal Biodiversity Centre	CMMF	CMMF015697	2584	Guérin, Gérard		CC0_1_0	Université de Montréal Biodiversity Centre	Guérin, Gérard			2024-01-24T16:38:16.493Z	StillImage	INSTITUTION_MATCH_FUZZY;COLLECTION_MATCH_FUZZY;DIFFERENT_OWNER_INSTITUTION
1412706602	21705170-d2b6-42de-8904-c3bca4b83591	CMMF015058	Fungi	Basidiomycota	Agaricomycetes	Boletales	Suillaceae	Suillus	Suillus granulatus		SPECIES	Suillus granulatus (L.) Roussel	Suillus granulatus (L.) Roussel	(L.) Roussel	CA	Shipshaw, Québec.	Québec	PRESENT		ff7bd5db-b724-4932-b496-10ea298851f9	48.466834	-71.263421	2500.0						1993-08-15	15	8	1993	8146046	8146046	PRESERVED_SPECIMEN	Université de Montréal Biodiversity Centre	CMMF	CMMF015058	2583	Guérin, Gérard		CC0_1_0	Université de Montréal Biodiversity Centre	Guérin, Gérard			2024-01-24T16:38:16.673Z	StillImage	INSTITUTION_MATCH_FUZZY;COLLECTION_MATCH_FUZZY;DIFFERENT_OWNER_INSTITUTION
1269743333	0d4af118-b79e-40c7-9cc6-142c5027cb16	b6b34310-fa0d-49c6-b329-08ca71d7d31c	Fungi	Basidiomycota	Agaricomycetes	Boletales	Suillaceae	Suillus	Suillus granulatus		SPECIES	Suillus granulatus (L.) Roussel	Suillus granulatus	(L.) Roussel	CA	Mackenzie King Estate; Gatineau Park.	Quebec	PRESENT		38a69420-bd2a-11dd-b15e-b8a03c50a862	45.483449	-75.847934	500.0						1957-10-09	9	10	1957	8146046	8146046	PRESERVED_SPECIMEN	LSUM	Fungi	LSU00154786	56682	Maria Pantidou		CC0_1_0		Maria Pantidou			2025-01-12T11:02:10.914Z	StillImage	CONTINENT_DERIVED_FROM_COORDINATES;TAXON_MATCH_TAXON_ID_IGNORED;INSTITUTION_MATCH_FUZZY;INSTITUTION_COLLECTION_MISMATCH
1135070949	21705170-d2b6-42de-8904-c3bca4b83591	CMMF009575	Fungi	Basidiomycota	Agaricomycetes	Boletales	Suillaceae	Suillus	Suillus granulatus		SPECIES	Suillus granulatus (L.) Roussel	Suillus granulatus (L.) Roussel	(L.) Roussel	CA	École Montagnac, Lac-Beauport.	Québec	PRESENT		ff7bd5db-b724-4932-b496-10ea298851f9	46.946241	-71.297755	400.0						2007-07-21	21	7	2007	8146046	8146046	PRESERVED_SPECIMEN	Université de Montréal Biodiversity Centre	CMMF	CMMF009575	1159	Labrecque, Jacqueline		CC0_1_0	Université de Montréal Biodiversity Centre	Labrecque, Jacqueline			2024-01-24T16:38:21.699Z		INSTITUTION_MATCH_FUZZY;COLLECTION_MATCH_FUZZY;DIFFERENT_OWNER_INSTITUTION
1135070442	21705170-d2b6-42de-8904-c3bca4b83591	CMMF008986	Fungi	Basidiomycota	Agaricomycetes	Boletales	Suillaceae	Suillus	Suillus granulatus		SPECIES	Suillus granulatus (L.) Roussel	Suillus granulatus (L.) Roussel	(L.) Roussel	CA	Sentier Vallée Autrichienne, Lac-Beauport.	Québec	PRESENT		ff7bd5db-b724-4932-b496-10ea298851f9	46.953091	-71.275238	5000.0						2006-08-17	17	8	2006	8146046	8146046	PRESERVED_SPECIMEN	Université de Montréal Biodiversity Centre	CMMF	CMMF008986	569	Labrecque, Jacqueline		CC0_1_0	Université de Montréal Biodiversity Centre	Labrecque, Jacqueline			2024-01-24T16:38:18.983Z	StillImage	INSTITUTION_MATCH_FUZZY;COLLECTION_MATCH_FUZZY;DIFFERENT_OWNER_INSTITUTION
1135068706	21705170-d2b6-42de-8904-c3bca4b83591	CMMF007204	Fungi	Basidiomycota	Agaricomycetes	Boletales	Suillaceae	Suillus	Suillus granulatus		SPECIES	Suillus granulatus (L.) Roussel	Suillus granulatus (L.) Roussel	(L.) Roussel	CA	Mirabel (Chemin de la Rivière du Nord)	Québec	PRESENT		ff7bd5db-b724-4932-b496-10ea298851f9	45.683917	-74.2185	100.0						2005-09-09	9	9	2005	8146046	8146046	PRESERVED_SPECIMEN	Université de Montréal Biodiversity Centre	CMMF	CMMF007204	Inexistant	McNeil, Raymond		CC0_1_0	Université de Montréal Biodiversity Centre	McNeil, Raymond			2024-01-24T16:38:21.291Z	StillImage	COORDINATE_ROUNDED;INSTITUTION_MATCH_FUZZY;COLLECTION_MATCH_FUZZY;DIFFERENT_OWNER_INSTITUTION
1135068251	21705170-d2b6-42de-8904-c3bca4b83591	CMMF006862	Fungi	Basidiomycota	Agaricomycetes	Boletales	Suillaceae	Suillus	Suillus granulatus		SPECIES	Suillus granulatus (L.) Roussel	Suillus granulatus (L.) Roussel	(L.) Roussel	CA	Lachute	Québec	PRESENT		ff7bd5db-b724-4932-b496-10ea298851f9	45.66275	-74.241983	100.0						1984-09-01	1	9	1984	8146046	8146046	PRESERVED_SPECIMEN	Université de Montréal Biodiversity Centre	CMMF	CMMF006862	1701	McNeil, Raymond		CC0_1_0	Université de Montréal Biodiversity Centre	McNeil, Raymond			2024-01-24T16:38:18.677Z	StillImage	COORDINATE_ROUNDED;INSTITUTION_MATCH_FUZZY;COLLECTION_MATCH_FUZZY;DIFFERENT_OWNER_INSTITUTION
1135068100	21705170-d2b6-42de-8904-c3bca4b83591	CMMF006627	Fungi	Basidiomycota	Agaricomycetes	Boletales	Suillaceae	Suillus	Suillus granulatus		SPECIES	Suillus granulatus (L.) Roussel	Suillus granulatus (L.) Roussel	(L.) Roussel	CA	Oka (Parc provincial)	Québec	PRESENT		ff7bd5db-b724-4932-b496-10ea298851f9	45.469917	-74.040417	100.0						2004-10-30	30	10	2004	8146046	8146046	PRESERVED_SPECIMEN	Université de Montréal Biodiversity Centre	CMMF	CMMF006627	C2072	McNeil, Raymond		CC0_1_0	Université de Montréal Biodiversity Centre	McNeil, Raymond			2024-01-24T16:38:18.443Z	StillImage	COORDINATE_ROUNDED;INSTITUTION_MATCH_FUZZY;COLLECTION_MATCH_FUZZY;DIFFERENT_OWNER_INSTITUTION
1135067986	21705170-d2b6-42de-8904-c3bca4b83591	CMMF006507	Fungi	Basidiomycota	Agaricomycetes	Boletales	Suillaceae	Suillus	Suillus granulatus		SPECIES	Suillus granulatus (L.) Roussel	Suillus granulatus (L.) Roussel	(L.) Roussel	CA	Saint-Lazare	Québec	PRESENT		ff7bd5db-b724-4932-b496-10ea298851f9	45.393333	-74.215833	100.0						2005-10-04	4	10	2005	8146046	8146046	PRESERVED_SPECIMEN	Université de Montréal Biodiversity Centre	CMMF	CMMF006507	Inexistant	McNeil, Raymond		CC0_1_0	Université de Montréal Biodiversity Centre	McNeil, Raymond			2024-01-24T16:38:18.359Z	StillImage	COORDINATE_ROUNDED;INSTITUTION_MATCH_FUZZY;COLLECTION_MATCH_FUZZY;DIFFERENT_OWNER_INSTITUTION
