gbifID	datasetKey	occurrenceID	kingdom	phylum	class	order	family	genus	species	infraspecificEpithet	taxonRank	scientificName	verbatimScientificName	verbatimScientificNameAuthorship	countryCode	locality	stateProvince	occurrenceStatus	individualCount	publishingOrgKey	decimalLatitude	decimalLongitude	coordinateUncertaintyInMeters	coordinatePrecision	elevation	elevationAccuracy	depth	depthAccuracy	eventDate	day	month	year	taxonKey	speciesKey	basisOfRecord	institutionCode	collectionCode	catalogNumber	recordNumber	identifiedBy	dateIdentified	license	rightsHolder	recordedBy	typeStatus	establishmentMeans	lastInterpreted	mediaType	issue
617555127	21705170-d2b6-42de-8904-c3bca4b83591	CMMF000669	Fungi	Basidiomycota	Agaricomycetes	Agaricales	Tricholomataceae	Tricholoma	Tricholoma saponaceum		SPECIES	Tricholoma saponaceum (Fr.) P.Kumm.	Tricholoma saponaceum (Fr.) P. Kumm.	(Fr.) P. Kumm.	CA	Saint-Herménégilde	Québec	PRESENT		ff7bd5db-b724-4932-b496-10ea298851f9	45.105574	-71.672847	3000.0						1989-08-23	23	8	1989	3324249	3324249	PRESERVED_SPECIMEN	Université de Montréal Biodiversity Centre	CMMF	CMMF000669		Lamoureux, Yves		CC0_1_0	Université de Montréal Biodiversity Centre	Lamoureux, Yves			2024-01-24T16:38:20.156Z	StillImage	INSTITUTION_MATCH_FUZZY;COLLECTION_MATCH_FUZZY;DIFFERENT_OWNER_INSTITUTION
617553839	21705170-d2b6-42de-8904-c3bca4b83591	CMMF003782	Fungi	Basidiomycota	Agaricomycetes	Agaricales	Tricholomataceae	Tricholoma	Tricholoma saponaceum		SPECIES	Tricholoma saponaceum (Fr.) P.Kumm.	Tricholoma saponaceum (Fr.) P. Kumm.	(Fr.) P. Kumm.	CA	Rawdon	Québec	PRESENT		ff7bd5db-b724-4932-b496-10ea298851f9	46.052398	-73.748752	11000.0						2003-08-08	8	8	2003	3324249	3324249	PRESERVED_SPECIMEN	Université de Montréal Biodiversity Centre	CMMF	CMMF003782		Lamoureux, Yves		CC0_1_0	Université de Montréal Biodiversity Centre	Lamoureux, Yves			2024-01-24T16:38:16.437Z	StillImage	INSTITUTION_MATCH_FUZZY;COLLECTION_MATCH_FUZZY;DIFFERENT_OWNER_INSTITUTION
617550432	21705170-d2b6-42de-8904-c3bca4b83591	CMMF002273	Fungi	Basidiomycota	Agaricomycetes	Agaricales	Tricholomataceae	Tricholoma	Tricholoma saponaceum		SPECIES	Tricholoma saponaceum (Fr.) P.Kumm.	Tricholoma saponaceum (Fr.) P. Kumm.	(Fr.) P. Kumm.	CA	Saint-Herménégilde	Québec	PRESENT		ff7bd5db-b724-4932-b496-10ea298851f9	45.105574	-71.672847	3000.0						1994-08-23	23	8	1994	3324249	3324249	PRESERVED_SPECIMEN	Université de Montréal Biodiversity Centre	CMMF	CMMF002273		Lamoureux, Yves		CC0_1_0	Université de Montréal Biodiversity Centre	Lamoureux, Yves			2024-01-24T16:38:19.479Z	StillImage	INSTITUTION_MATCH_FUZZY;COLLECTION_MATCH_FUZZY;DIFFERENT_OWNER_INSTITUTION
617550126	21705170-d2b6-42de-8904-c3bca4b83591	CMMF000214	Fungi	Basidiomycota	Agaricomycetes	Agaricales	Tricholomataceae	Tricholoma	Tricholoma saponaceum		SPECIES	Tricholoma saponaceum (Fr.) P.Kumm.	Tricholoma saponaceum (Fr.) P. Kumm.	(Fr.) P. Kumm.	CA	Saint-Herménégilde	Québec	PRESENT		ff7bd5db-b724-4932-b496-10ea298851f9	45.105574	-71.672847	3000.0						1988-08-21	21	8	1988	3324249	3324249	PRESERVED_SPECIMEN	Université de Montréal Biodiversity Centre	CMMF	CMMF000214		Lamoureux, Yves		CC0_1_0	Université de Montréal Biodiversity Centre	Lamoureux, Yves			2024-01-24T16:38:20.649Z	StillImage	INSTITUTION_MATCH_FUZZY;COLLECTION_MATCH_FUZZY;DIFFERENT_OWNER_INSTITUTION
4892827914	eeaf050f-23d0-4557-9084-ec545cd3d9a7	46d1c3fa-d6ca-490d-a0be-f5ca5f1d6868	Fungi	Basidiomycota	Agaricomycetes	Agaricales	Tricholomataceae	Tricholoma	Tricholoma saponaceum		SPECIES	Tricholoma saponaceum (Fr.) P.Kumm.	Tricholoma saponaceum	(Fr.) P.Kumm.	CA	St. Aubert	Quebec	PRESENT		325c883e-46a7-4be3-9d77-7dde654fd1d3	47.181815	-70.217071							1963-09-19	19	9	1963	3324249	3324249	PRESERVED_SPECIMEN	DPI	DAR	DAR00068906a		Groves, James Walton		CC_BY_4_0		Groves, James Walton			2025-01-02T23:50:25.493Z		CONTINENT_DERIVED_FROM_COORDINATES;TAXON_MATCH_TAXON_CONCEPT_ID_IGNORED;INSTITUTION_MATCH_NONE
4430746574	50c9509d-22c7-4a22-a47d-8c48425ef4a7	https://www.inaturalist.org/observations/188384983	Fungi	Basidiomycota	Agaricomycetes	Agaricales	Tricholomataceae	Tricholoma	Tricholoma saponaceum		SPECIES	Tricholoma saponaceum (Fr.) P.Kumm.	Tricholoma saponaceum		CA		Québec	PRESENT		28eb1a3f-1c15-4a95-931a-4af90ecb574d	45.660204	-74.246258	404.0						2023-10-14T10:41	14	10	2023	3324249	3324249	HUMAN_OBSERVATION	iNaturalist	Observations	188384983		Antoine Fortin	2023-10-21T15:00:46	CC_BY_NC_4_0	Antoine Fortin	Antoine Fortin			2025-01-14T12:41:12.408Z	StillImage	COORDINATE_ROUNDED;CONTINENT_DERIVED_FROM_COORDINATES;TAXON_MATCH_TAXON_ID_IGNORED
4414309309	50c9509d-22c7-4a22-a47d-8c48425ef4a7	https://www.inaturalist.org/observations/182888977	Fungi	Basidiomycota	Agaricomycetes	Agaricales	Tricholomataceae	Tricholoma	Tricholoma saponaceum		SPECIES	Tricholoma saponaceum (Fr.) P.Kumm.	Tricholoma saponaceum		CA		Québec	PRESENT		28eb1a3f-1c15-4a95-931a-4af90ecb574d	45.039956	-72.819213	5.0						2023-09-11T19:01:07	11	9	2023	3324249	3324249	HUMAN_OBSERVATION	iNaturalist	Observations	182888977		l_bienvenue	2023-09-12T01:15:05	CC_BY_NC_4_0	l_bienvenue	l_bienvenue			2025-01-14T13:27:24.038Z	StillImage	COORDINATE_ROUNDED;CONTINENT_DERIVED_FROM_COORDINATES;TAXON_MATCH_TAXON_ID_IGNORED
4166305220	695cef75-b65f-4776-b2ed-74565eebb16e	02-01000964189	Fungi	Basidiomycota	Agaricomycetes	Agaricales	Tricholomataceae	Tricholoma	Tricholoma saponaceum		SPECIES	Tricholoma saponaceum (Fr.) P.Kumm.	Tricholoma saponaceum	(Fr.) P. Kumm.	CA	Canton de Lochaber, Mayo	Quebec	PRESENT		055bd978-2daa-4543-b3f0-44e0e87e86ca	45.675	-75.35							1986-06-30	30	6	1986	3324249	3324249	PRESERVED_SPECIMEN	AAFC	DAOM	195669		Y. Dalpé		CC_BY_4_0	©His Majesty the King in Right of Canada, as represented by the Minister of Agriculture and Agri-Food	Y. Dalpé			2025-01-12T05:11:16.453Z		GEODETIC_DATUM_ASSUMED_WGS84;CONTINENT_DERIVED_FROM_COORDINATES;TAXON_MATCH_TAXON_ID_IGNORED;INSTITUTION_MATCH_FUZZY
4023663112	fb9d7c38-5759-4c30-9e09-5b6bd43f78a6	http://id.luomus.fi/MY.10773506	Fungi	Basidiomycota	Agaricomycetes	Agaricales	Tricholomataceae	Tricholoma	Tricholoma saponaceum		SPECIES	Tricholoma saponaceum (Fr.) P.Kumm.	Tricholoma saponaceum (Fr.:Fr.) P.Kumm.		CA		Quebec	PRESENT		04fd2e13-6881-4e5c-9dd1-8fdd9ab993c1	45.75	-74.25							1965-09-20T00:00Z	20	9	1965	3324249	3324249	PRESERVED_SPECIMEN	H		http://id.luomus.fi/HA.H7071077		Groves, J. W.		CC_BY_4_0					2025-01-17T02:41:16.637Z		CONTINENT_DERIVED_FROM_COORDINATES;TAXON_MATCH_TAXON_ID_IGNORED;COLLECTION_MATCH_NONE;INSTITUTION_MATCH_FUZZY
4023663106	fb9d7c38-5759-4c30-9e09-5b6bd43f78a6	http://id.luomus.fi/MY.10773502	Fungi	Basidiomycota	Agaricomycetes	Agaricales	Tricholomataceae	Tricholoma	Tricholoma saponaceum		SPECIES	Tricholoma saponaceum (Fr.) P.Kumm.	Tricholoma saponaceum (Fr.:Fr.) P.Kumm.		CA		Quebec	PRESENT		04fd2e13-6881-4e5c-9dd1-8fdd9ab993c1	47.18	-70.21							1963-09-19T00:00Z	19	9	1963	3324249	3324249	PRESERVED_SPECIMEN	H		http://id.luomus.fi/HA.H7063475		Groves, J. W.		CC_BY_4_0		Groves, J. W.			2025-01-17T02:41:16.634Z		CONTINENT_DERIVED_FROM_COORDINATES;TAXON_MATCH_TAXON_ID_IGNORED;COLLECTION_MATCH_NONE;INSTITUTION_MATCH_FUZZY
4023661449	fb9d7c38-5759-4c30-9e09-5b6bd43f78a6	http://id.luomus.fi/MY.10773274	Fungi	Basidiomycota	Agaricomycetes	Agaricales	Tricholomataceae	Tricholoma	Tricholoma saponaceum		SPECIES	Tricholoma saponaceum (Fr.) P.Kumm.	Tricholoma saponaceum (Fr.:Fr.) P.Kumm.		CA		Quebec	PRESENT		04fd2e13-6881-4e5c-9dd1-8fdd9ab993c1	47.18	-70.21							1966-04-09T00:00Z	9	4	1966	3324249	3324249	PRESERVED_SPECIMEN	H		http://id.luomus.fi/HA.H7071043	J. W. Groves 66-179	Groves, J. W.		CC_BY_4_0		Groves, J. W.			2025-01-17T02:41:15.925Z		CONTINENT_DERIVED_FROM_COORDINATES;TAXON_MATCH_TAXON_ID_IGNORED;COLLECTION_MATCH_NONE;INSTITUTION_MATCH_FUZZY
3351949439	d8cd16ba-bb74-4420-821e-083f2bac17c2	MW628071	Fungi	Basidiomycota	Agaricomycetes	Agaricales	Tricholomataceae	Tricholoma	Tricholoma saponaceum		SPECIES	Tricholoma saponaceum (Fr.) P.Kumm.	Tricholoma aff. saponaceum		CA	Quebec, Lachute		PRESENT		ada9d123-ddb4-467d-8891-806ea8d94230	45.66	-74.29							1991-10-05	5	10	1991	3324249	3324249	PRESERVED_SPECIMEN			MQ20-YL-CMMF001544		Jacques Landry		CC_BY_4_0		Yves Lamoureux			2025-01-18T13:06:03.493Z		GEODETIC_DATUM_ASSUMED_WGS84;CONTINENT_DERIVED_FROM_COORDINATES;TAXON_MATCH_TAXON_CONCEPT_ID_IGNORED;TAXON_MATCH_TAXON_ID_IGNORED
3351886464	d8cd16ba-bb74-4420-821e-083f2bac17c2	MW628097	Fungi	Basidiomycota	Agaricomycetes	Agaricales	Tricholomataceae	Tricholoma	Tricholoma saponaceum		SPECIES	Tricholoma saponaceum (Fr.) P.Kumm.	Tricholoma saponaceum		CA	Quebec, Baie Ste-Marguerite		PRESENT		ada9d123-ddb4-467d-8891-806ea8d94230	48.26	-69.94							2009-09-27	27	9	2009	3324249	3324249	PRESERVED_SPECIMEN			MQ20-HL0683-QFB31077		Herman Lambert		CC_BY_4_0		Herman Lambert			2025-01-18T13:05:53.703Z		GEODETIC_DATUM_ASSUMED_WGS84;CONTINENT_DERIVED_FROM_COORDINATES;TAXON_MATCH_TAXON_CONCEPT_ID_IGNORED;TAXON_MATCH_TAXON_ID_IGNORED
3351819349	d8cd16ba-bb74-4420-821e-083f2bac17c2	MW628041	Fungi	Basidiomycota	Agaricomycetes	Agaricales	Tricholomataceae	Tricholoma	Tricholoma saponaceum		SPECIES	Tricholoma saponaceum (Fr.) P.Kumm.	Tricholoma saponaceum		CA	Quebec, Tadoussac, dunes		PRESENT		ada9d123-ddb4-467d-8891-806ea8d94230	48.16	-69.67							2010-07-26	26	7	2010	3324249	3324249	PRESERVED_SPECIMEN			MQ20-HL0818-QFB31078		Herman Lambert		CC_BY_4_0		Herman Lambert			2025-01-18T13:04:53.289Z		GEODETIC_DATUM_ASSUMED_WGS84;CONTINENT_DERIVED_FROM_COORDINATES;TAXON_MATCH_TAXON_CONCEPT_ID_IGNORED;TAXON_MATCH_TAXON_ID_IGNORED
3351767542	d8cd16ba-bb74-4420-821e-083f2bac17c2	MW628019	Fungi	Basidiomycota	Agaricomycetes	Agaricales	Tricholomataceae	Tricholoma	Tricholoma saponaceum		SPECIES	Tricholoma saponaceum (Fr.) P.Kumm.	Tricholoma aff. saponaceum		CA	Quebec, Saint-Hermenegilde		PRESENT		ada9d123-ddb4-467d-8891-806ea8d94230	45.11	-71.67							1988-08-21	21	8	1988	3324249	3324249	PRESERVED_SPECIMEN			MQ20-YL-CMMF000214		Jacques Landry		CC_BY_4_0		Yves Lamoureux			2025-01-18T13:04:53.267Z		GEODETIC_DATUM_ASSUMED_WGS84;CONTINENT_DERIVED_FROM_COORDINATES;TAXON_MATCH_TAXON_CONCEPT_ID_IGNORED;TAXON_MATCH_TAXON_ID_IGNORED
3351734573	d8cd16ba-bb74-4420-821e-083f2bac17c2	MW628007	Fungi	Basidiomycota	Agaricomycetes	Agaricales	Tricholomataceae	Tricholoma	Tricholoma saponaceum		SPECIES	Tricholoma saponaceum (Fr.) P.Kumm.	Tricholoma aff. saponaceum		CA	Quebec, Lac-Bouchette, Lac-Bouchette		PRESENT		ada9d123-ddb4-467d-8891-806ea8d94230	48.27	-72.2							2020-08-25	25	8	2020	3324249	3324249	PRESERVED_SPECIMEN			MQ21-HRL3259-QFB32947				CC_BY_4_0		Renee Lebeuf			2025-01-18T13:04:53.387Z		GEODETIC_DATUM_ASSUMED_WGS84;CONTINENT_DERIVED_FROM_COORDINATES;TAXON_MATCH_TAXON_CONCEPT_ID_IGNORED;TAXON_MATCH_TAXON_ID_IGNORED
3349541525	d8cd16ba-bb74-4420-821e-083f2bac17c2	MW627930	Fungi	Basidiomycota	Agaricomycetes	Agaricales	Tricholomataceae	Tricholoma	Tricholoma saponaceum		SPECIES	Tricholoma saponaceum (Fr.) P.Kumm.	Tricholoma aff. saponaceum		CA	Quebec, Chicoutimi, Lac Kenogami		PRESENT		ada9d123-ddb4-467d-8891-806ea8d94230	48.32	-71.33							1998-09-29	29	9	1998	3324249	3324249	PRESERVED_SPECIMEN			MQ20-GUE2521-CMMF015853		Jacques Landry		CC_BY_4_0		Guerin, Gerard			2025-01-18T13:04:53.324Z		GEODETIC_DATUM_ASSUMED_WGS84;CONTINENT_DERIVED_FROM_COORDINATES;TAXON_MATCH_TAXON_CONCEPT_ID_IGNORED;TAXON_MATCH_TAXON_ID_IGNORED
3349541524	d8cd16ba-bb74-4420-821e-083f2bac17c2	MW627886	Fungi	Basidiomycota	Agaricomycetes	Agaricales	Tricholomataceae	Tricholoma	Tricholoma saponaceum		SPECIES	Tricholoma saponaceum (Fr.) P.Kumm.	Tricholoma aff. saponaceum		CA	Quebec, Saint-Hermenegilde		PRESENT		ada9d123-ddb4-467d-8891-806ea8d94230	45.11	-71.67							1989-08-23	23	8	1989	3324249	3324249	PRESERVED_SPECIMEN			MQ20-YL-CMMF000669		Jacques Landry		CC_BY_4_0		Yves Lamoureux			2025-01-18T13:04:53.236Z		GEODETIC_DATUM_ASSUMED_WGS84;CONTINENT_DERIVED_FROM_COORDINATES;TAXON_MATCH_TAXON_CONCEPT_ID_IGNORED;TAXON_MATCH_TAXON_ID_IGNORED
3349514531	d8cd16ba-bb74-4420-821e-083f2bac17c2	MW628110	Fungi	Basidiomycota	Agaricomycetes	Agaricales	Tricholomataceae	Tricholoma	Tricholoma saponaceum		SPECIES	Tricholoma boudieri Barla	Tricholoma boudieri		CA	Quebec, Val-d'Or, Cote de 100 pieds		PRESENT		ada9d123-ddb4-467d-8891-806ea8d94230	48.09	-77.78							2018-08-25	25	8	2018	8397732	3324249	PRESERVED_SPECIMEN			MQ20-pat0115		Jacques Landry		CC_BY_4_0					2025-01-18T13:04:53.284Z		GEODETIC_DATUM_ASSUMED_WGS84;CONTINENT_DERIVED_FROM_COORDINATES;TAXON_MATCH_TAXON_CONCEPT_ID_IGNORED;TAXON_MATCH_TAXON_ID_IGNORED
3349488684	d8cd16ba-bb74-4420-821e-083f2bac17c2	MW627982	Fungi	Basidiomycota	Agaricomycetes	Agaricales	Tricholomataceae	Tricholoma	Tricholoma saponaceum		SPECIES	Tricholoma saponaceum (Fr.) P.Kumm.	Tricholoma aff. saponaceum		CA	Quebec, Sacre-Coeur, Cimetiere		PRESENT		ada9d123-ddb4-467d-8891-806ea8d94230	48.23	-69.78							2019-10-11	11	10	2019	3324249	3324249	PRESERVED_SPECIMEN			MQ20-HL1674-QFB32596		Jacques Landry		CC_BY_4_0		Herman Lambert			2025-01-18T13:06:02.349Z		GEODETIC_DATUM_ASSUMED_WGS84;CONTINENT_DERIVED_FROM_COORDINATES;TAXON_MATCH_TAXON_CONCEPT_ID_IGNORED;TAXON_MATCH_TAXON_ID_IGNORED
3349443395	d8cd16ba-bb74-4420-821e-083f2bac17c2	MW627942	Fungi	Basidiomycota	Agaricomycetes	Agaricales	Tricholomataceae	Tricholoma	Tricholoma saponaceum		SPECIES	Tricholoma saponaceum (Fr.) P.Kumm.	Tricholoma aff. saponaceum		CA	Quebec, Tadoussac, dunes		PRESENT		ada9d123-ddb4-467d-8891-806ea8d94230	48.16	-69.67							2019-09-20	20	9	2019	3324249	3324249	PRESERVED_SPECIMEN			MQ20-HL1648-QFB32590		Jacques Landry		CC_BY_4_0		Herman Lambert			2025-01-18T13:04:53.247Z		GEODETIC_DATUM_ASSUMED_WGS84;CONTINENT_DERIVED_FROM_COORDINATES;TAXON_MATCH_TAXON_CONCEPT_ID_IGNORED;TAXON_MATCH_TAXON_ID_IGNORED
3349434700	d8cd16ba-bb74-4420-821e-083f2bac17c2	MW627994	Fungi	Basidiomycota	Agaricomycetes	Agaricales	Tricholomataceae	Tricholoma	Tricholoma saponaceum		SPECIES	Tricholoma saponaceum (Fr.) P.Kumm.	Tricholoma aff. saponaceum		CA	Quebec, Saint-Casimir, Plantation chez Luce		PRESENT		ada9d123-ddb4-467d-8891-806ea8d94230	46.66	-72.14							2011-08-18	18	8	2011	3324249	3324249	PRESERVED_SPECIMEN			MQ20-HRL0787-QFB32612		Jacques Landry		CC_BY_4_0		Renee Lebeuf			2025-01-18T13:05:53.702Z		GEODETIC_DATUM_ASSUMED_WGS84;CONTINENT_DERIVED_FROM_COORDINATES;TAXON_MATCH_TAXON_CONCEPT_ID_IGNORED;TAXON_MATCH_TAXON_ID_IGNORED
3349386760	d8cd16ba-bb74-4420-821e-083f2bac17c2	MW628079	Fungi	Basidiomycota	Agaricomycetes	Agaricales	Tricholomataceae	Tricholoma	Tricholoma saponaceum		SPECIES	Tricholoma saponaceum (Fr.) P.Kumm.	Tricholoma aff. saponaceum		CA	Quebec, Saint-Hermenegilde		PRESENT		ada9d123-ddb4-467d-8891-806ea8d94230	45.11	-71.67							1994-08-22	22	8	1994	3324249	3324249	PRESERVED_SPECIMEN			MQ19-CMMF002273		Jacques Landry		CC_BY_4_0		Lamoureux, Yves			2025-01-18T13:04:53.481Z		GEODETIC_DATUM_ASSUMED_WGS84;CONTINENT_DERIVED_FROM_COORDINATES;TAXON_MATCH_TAXON_CONCEPT_ID_IGNORED;TAXON_MATCH_TAXON_ID_IGNORED
3349385489	d8cd16ba-bb74-4420-821e-083f2bac17c2	MN992541	Fungi	Basidiomycota	Agaricomycetes	Agaricales	Tricholomataceae	Tricholoma	Tricholoma saponaceum		SPECIES	Tricholoma saponaceum (Fr.) P.Kumm.	Tricholoma saponaceum		CA	Quebec, Anticosti		PRESENT		ada9d123-ddb4-467d-8891-806ea8d94230	49.84	-64.42							2015-09-08	8	9	2015	3324249	3324249	PRESERVED_SPECIMEN			ANT063-QFB28657		Renee Lebeuf		CC_BY_4_0					2025-01-18T13:05:51.039Z		GEODETIC_DATUM_ASSUMED_WGS84;CONTINENT_DERIVED_FROM_COORDINATES;TAXON_MATCH_TAXON_CONCEPT_ID_IGNORED;TAXON_MATCH_TAXON_ID_IGNORED
3349382376	d8cd16ba-bb74-4420-821e-083f2bac17c2	MW628028	Fungi	Basidiomycota	Agaricomycetes	Agaricales	Tricholomataceae	Tricholoma	Tricholoma saponaceum		SPECIES	Tricholoma saponaceum (Fr.) P.Kumm.	Tricholoma aff. saponaceum		CA	Quebec, Sacre-Coeur, Cimetiere		PRESENT		ada9d123-ddb4-467d-8891-806ea8d94230	48.23	-69.78							2019-10-11	11	10	2019	3324249	3324249	PRESERVED_SPECIMEN			MQ20-HL1673-QFB32595		Jacques Landry		CC_BY_4_0		Herman Lambert			2025-01-18T13:05:53.702Z		GEODETIC_DATUM_ASSUMED_WGS84;CONTINENT_DERIVED_FROM_COORDINATES;TAXON_MATCH_TAXON_CONCEPT_ID_IGNORED;TAXON_MATCH_TAXON_ID_IGNORED
2573778541	50c9509d-22c7-4a22-a47d-8c48425ef4a7	https://www.inaturalist.org/observations/10888311	Fungi	Basidiomycota	Agaricomycetes	Agaricales	Tricholomataceae	Tricholoma	Tricholoma saponaceum		SPECIES	Tricholoma saponaceum (Fr.) P.Kumm.	Tricholoma saponaceum		CA		Québec	PRESENT		28eb1a3f-1c15-4a95-931a-4af90ecb574d	45.94733	-74.912595							2009-09-06T14:27:45	6	9	2009	3324249	3324249	HUMAN_OBSERVATION	iNaturalist	Observations	10888311		John Plischke	2018-04-14T05:31:51	CC_BY_NC_4_0	John Plischke	John Plischke			2025-01-14T13:01:16.191Z		CONTINENT_DERIVED_FROM_COORDINATES;TAXON_MATCH_TAXON_ID_IGNORED
1847644745	50c9509d-22c7-4a22-a47d-8c48425ef4a7	https://www.inaturalist.org/observations/9572017	Fungi	Basidiomycota	Agaricomycetes	Agaricales	Tricholomataceae	Tricholoma	Tricholoma saponaceum		SPECIES	Tricholoma saponaceum (Fr.) P.Kumm.	Tricholoma saponaceum		CA		Ontario	PRESENT		28eb1a3f-1c15-4a95-931a-4af90ecb574d	45.5794	-78.51955	385.0						2012-09-21	21	9	2012	3324249	3324249	HUMAN_OBSERVATION	iNaturalist	Observations	9572017		mycowalt	2018-01-23T07:46:02	CC_BY_NC_4_0	mycowalt	mycowalt			2025-01-14T12:05:23.052Z	StillImage	CONTINENT_DERIVED_FROM_COORDINATES;TAXON_MATCH_TAXON_ID_IGNORED
1807262613	e8a25a42-f125-476c-8554-3ec21cd51a84	ACAD:119194	Fungi	Basidiomycota	Agaricomycetes	Agaricales	Tricholomataceae	Tricholoma	Tricholoma saponaceum		SPECIES	Tricholoma saponaceum (Fr.) P.Kumm.	Tricholoma saponaceum (Fr.) P. Kumm.	(Fr.) P. Kumm.	CA	Cape Split	Nova Scotia	PRESENT		6491ad8c-8e49-4bd4-a089-0ddb3bbe0890	45.316224	-64.434987							1959-07-27	27	7	1959	3324249	3324249	PRESERVED_SPECIMEN	Acadia University	ACAD	7898F	7898			CC0_1_0	Acadia University	Harrison, KA			2024-01-25T01:37:03.197Z	StillImage	GEODETIC_DATUM_INVALID;GEODETIC_DATUM_ASSUMED_WGS84;INSTITUTION_MATCH_FUZZY;COLLECTION_MATCH_FUZZY
1807260409	e8a25a42-f125-476c-8554-3ec21cd51a84	ACAD:117059	Fungi	Basidiomycota	Agaricomycetes	Agaricales	Tricholomataceae	Tricholoma	Tricholoma saponaceum		SPECIES	Tricholoma saponaceum (Fr.) P.Kumm.	Tricholoma saponaceum (Fr.) P. Kumm.	(Fr.) P. Kumm.	CA	Fredericton	New Brunswick	PRESENT		6491ad8c-8e49-4bd4-a089-0ddb3bbe0890	45.945278	-66.666667							1965-09-16	16	9	1965	3324249	3324249	PRESERVED_SPECIMEN	Acadia University	ACAD	5325F	5325			CC0_1_0	Acadia University	H, KA			2024-01-25T01:37:12.517Z	StillImage	COORDINATE_ROUNDED;GEODETIC_DATUM_INVALID;GEODETIC_DATUM_ASSUMED_WGS84;INSTITUTION_MATCH_FUZZY;COLLECTION_MATCH_FUZZY
1807256534	e8a25a42-f125-476c-8554-3ec21cd51a84	ACAD:112979	Fungi	Basidiomycota	Agaricomycetes	Agaricales	Tricholomataceae	Tricholoma	Tricholoma saponaceum		SPECIES	Tricholoma saponaceum (Fr.) P.Kumm.	Tricholoma saponaceum (Fr.) P. Kumm.	(Fr.) P. Kumm.	CA	(Kentville)	Nova Scotia	PRESENT		6491ad8c-8e49-4bd4-a089-0ddb3bbe0890	45.07662	-64.49592							1931-09		9	1931	3324249	3324249	PRESERVED_SPECIMEN	Acadia University	ACAD	515F	515			CC0_1_0	Acadia University	H, KA			2024-01-25T01:37:11.669Z	StillImage	GEODETIC_DATUM_INVALID;GEODETIC_DATUM_ASSUMED_WGS84;INSTITUTION_MATCH_FUZZY;COLLECTION_MATCH_FUZZY
1807256356	e8a25a42-f125-476c-8554-3ec21cd51a84	ACAD:112787	Fungi	Basidiomycota	Agaricomycetes	Agaricales	Tricholomataceae	Tricholoma	Tricholoma saponaceum		SPECIES	Tricholoma saponaceum (Fr.) P.Kumm.	Tricholoma saponaceum (Fr.) P. Kumm.	(Fr.) P. Kumm.	CA	Glenmont	Nova Scotia	PRESENT		6491ad8c-8e49-4bd4-a089-0ddb3bbe0890	45.18614	-64.50197							1953-09-28	28	9	1953	3324249	3324249	PRESERVED_SPECIMEN	Acadia University	ACAD	2748F	2748			CC0_1_0	Acadia University	Harrison, KA			2024-01-25T01:37:10.790Z	StillImage	GEODETIC_DATUM_INVALID;GEODETIC_DATUM_ASSUMED_WGS84;INSTITUTION_MATCH_FUZZY;COLLECTION_MATCH_FUZZY
1807254976	e8a25a42-f125-476c-8554-3ec21cd51a84	ACAD:111940	Fungi	Basidiomycota	Agaricomycetes	Agaricales	Tricholomataceae	Tricholoma	Tricholoma saponaceum		SPECIES	Tricholoma saponaceum (Fr.) P.Kumm.	Tricholoma saponaceum (Fr.) P. Kumm.	(Fr.) P. Kumm.	CA	Cape Split	Nova Scotia	PRESENT		6491ad8c-8e49-4bd4-a089-0ddb3bbe0890	45.334283	-64.49612							1952-08-24	24	8	1952	3324249	3324249	PRESERVED_SPECIMEN	Acadia University	ACAD	1616F	1616			CC0_1_0	Acadia University	H, KA			2024-01-25T01:37:06.769Z	StillImage	COORDINATE_ROUNDED;GEODETIC_DATUM_INVALID;GEODETIC_DATUM_ASSUMED_WGS84;INSTITUTION_MATCH_FUZZY;COLLECTION_MATCH_FUZZY
1806351290	50c9509d-22c7-4a22-a47d-8c48425ef4a7	https://www.inaturalist.org/observations/9589984	Fungi	Basidiomycota	Agaricomycetes	Agaricales	Tricholomataceae	Tricholoma	Tricholoma saponaceum		SPECIES	Tricholoma saponaceum (Fr.) P.Kumm.	Tricholoma saponaceum		CA		Ontario	PRESENT		28eb1a3f-1c15-4a95-931a-4af90ecb574d	45.5794	-78.51955	385.0						2015-09-11	11	9	2015	3324249	3324249	HUMAN_OBSERVATION	iNaturalist	Observations	9589984		mycowalt	2018-01-23T21:49:17	CC_BY_NC_4_0	mycowalt	mycowalt			2025-01-14T12:57:42.936Z	StillImage	CONTINENT_DERIVED_FROM_COORDINATES;TAXON_MATCH_TAXON_ID_IGNORED
1701558065	39bd4817-9530-4341-a918-4f16b8db1419	UdeM:CMMF:Blitz2017:55	Fungi	Basidiomycota	Agaricomycetes	Agaricales	Tricholomataceae	Tricholoma	Tricholoma saponaceum		SPECIES	Tricholoma saponaceum (Fr.) P.Kumm.	Tricholoma saponaceum (Fr.) P. Kumm., 1871	(Fr.) P. Kumm., 1871	CA	Parc des Chutes de Sainte-Ursule	Québec	PRESENT		ff7bd5db-b724-4932-b496-10ea298851f9	46.300422	-73.094321	500.0						2017-08-09	9	8	2017	3324249	3324249	HUMAN_OBSERVATION	Université de Montréal Biodiversity Centre	CMMF			Raymond Archambault et Joseph Nuzzolese	2017-08-09T00:00:00	CC0_1_0		IRBV's graduate students			2024-01-24T17:29:10.778Z		
1701211485	81e6cff2-b409-417e-8c72-e1bbafb7c61f	1b217ad6-b700-441b-86a0-27db53c36301	Fungi	Basidiomycota	Agaricomycetes	Agaricales	Tricholomataceae	Tricholoma	Tricholoma saponaceum		SPECIES	Tricholoma saponaceum (Fr.) P.Kumm.	Tricholoma saponaceum (Fr.) P. Kumm.	(Fr.) P. Kumm.	CA	Lac Beauport, le Saisonnier	Québec	PRESENT		7b8aff00-a9f8-11d8-944b-b8a03c50a862	46.950852	-71.281044	3306.0						2003-08-30	30	8	2003	3324249	3324249	PRESERVED_SPECIMEN	F	Botany	C0335694F	NAMA 2003-225			CC0_1_0	The Field Museum of Natural History	H. Tschekunow			2024-02-20T16:06:34.539Z		GEODETIC_DATUM_ASSUMED_WGS84;MODIFIED_DATE_INVALID;MULTIMEDIA_URI_INVALID;AMBIGUOUS_COLLECTION;INSTITUTION_MATCH_FUZZY
1701207691	81e6cff2-b409-417e-8c72-e1bbafb7c61f	b5bad9ee-b567-4de2-bb05-19fa2f8a3848	Fungi	Basidiomycota	Agaricomycetes	Agaricales	Tricholomataceae	Tricholoma	Tricholoma saponaceum		SPECIES	Tricholoma saponaceum (Fr.) P.Kumm.	Tricholoma saponaceum (Fr.) P. Kumm.	(Fr.) P. Kumm.	CA	Lac Beauport, le Saisonnier	Québec	PRESENT		7b8aff00-a9f8-11d8-944b-b8a03c50a862	46.950852	-71.281044	3306.0						2003-08-30	30	8	2003	3324249	3324249	PRESERVED_SPECIMEN	F	Botany	C0296487F	NAMA 2003-301			CC0_1_0	The Field Museum of Natural History	H. Tschekunow			2024-02-20T16:06:26.938Z		GEODETIC_DATUM_ASSUMED_WGS84;MODIFIED_DATE_INVALID;AMBIGUOUS_COLLECTION;INSTITUTION_MATCH_FUZZY
1412706372	21705170-d2b6-42de-8904-c3bca4b83591	CMMF014807	Fungi	Basidiomycota	Agaricomycetes	Agaricales	Tricholomataceae	Tricholoma	Tricholoma saponaceum		SPECIES	Tricholoma pseudocnista Bon	Tricholoma pseudocnista Bon	Bon	CA	Saint-Gédéon, Québec.	Québec	PRESENT		ff7bd5db-b724-4932-b496-10ea298851f9	48.494484	-71.775457	15000.0						1984-08-26	26	8	1984	8105015	3324249	PRESERVED_SPECIMEN	Université de Montréal Biodiversity Centre	CMMF	CMMF014807	1516	Guérin, Gérard		CC0_1_0	Université de Montréal Biodiversity Centre	Guérin, Gérard			2024-01-24T16:38:20.641Z	StillImage	INSTITUTION_MATCH_FUZZY;COLLECTION_MATCH_FUZZY;DIFFERENT_OWNER_INSTITUTION
1412706335	21705170-d2b6-42de-8904-c3bca4b83591	CMMF014806	Fungi	Basidiomycota	Agaricomycetes	Agaricales	Tricholomataceae	Tricholoma	Tricholoma saponaceum		SPECIES	Tricholoma saponaceum (Fr.) P.Kumm.	Tricholoma saponaceum (Fr.) P. Kumm.	(Fr.) P. Kumm.	CA	Laterrière, Québec.	Québec	PRESENT		ff7bd5db-b724-4932-b496-10ea298851f9	48.30504	-71.110222	5000.0						1993-07-25	25	7	1993	3324249	3324249	PRESERVED_SPECIMEN	Université de Montréal Biodiversity Centre	CMMF	CMMF014806	1515	Guérin, Gérard		CC0_1_0	Université de Montréal Biodiversity Centre	Guérin, Gérard			2024-01-24T16:38:20.640Z	StillImage	INSTITUTION_MATCH_FUZZY;COLLECTION_MATCH_FUZZY;DIFFERENT_OWNER_INSTITUTION
1412706328	21705170-d2b6-42de-8904-c3bca4b83591	CMMF014805	Fungi	Basidiomycota	Agaricomycetes	Agaricales	Tricholomataceae	Tricholoma	Tricholoma saponaceum		SPECIES	Tricholoma saponaceum (Fr.) P.Kumm.	Tricholoma saponaceum (Fr.) P. Kumm.	(Fr.) P. Kumm.	CA	Chicoutimi, Québec.	Québec	PRESENT		ff7bd5db-b724-4932-b496-10ea298851f9	48.368277	-71.119642	15000.0						1983-10-08	8	10	1983	3324249	3324249	PRESERVED_SPECIMEN	Université de Montréal Biodiversity Centre	CMMF	CMMF014805	1514	Guérin, Gérard		CC0_1_0	Université de Montréal Biodiversity Centre	Guérin, Gérard			2024-01-24T16:38:20.639Z	StillImage	INSTITUTION_MATCH_FUZZY;COLLECTION_MATCH_FUZZY;DIFFERENT_OWNER_INSTITUTION
1135071402	21705170-d2b6-42de-8904-c3bca4b83591	CMMF009959	Fungi	Basidiomycota	Agaricomycetes	Agaricales	Tricholomataceae	Tricholoma	Tricholoma saponaceum		SPECIES	Tricholoma saponaceum (Fr.) P.Kumm.	Tricholoma saponaceum (Fr.) P. Kumm.	(Fr.) P. Kumm.	CA	Rivière aux Pins, Sainte-Brigitte-de-Laval.	Québec	PRESENT		ff7bd5db-b724-4932-b496-10ea298851f9	47.002354	-71.193781	2000.0						2007-09-09	9	9	2007	3324249	3324249	PRESERVED_SPECIMEN	Université de Montréal Biodiversity Centre	CMMF	CMMF009959	1544	Labrecque, Jacqueline		CC0_1_0	Université de Montréal Biodiversity Centre	Labrecque, Jacqueline			2024-01-24T16:38:21.426Z		INSTITUTION_MATCH_FUZZY;COLLECTION_MATCH_FUZZY;DIFFERENT_OWNER_INSTITUTION
1135069587	21705170-d2b6-42de-8904-c3bca4b83591	CMMF008156	Fungi	Basidiomycota	Agaricomycetes	Agaricales	Tricholomataceae	Tricholoma	Tricholoma saponaceum		SPECIES	Tricholoma saponaceum (Fr.) P.Kumm.	Tricholoma saponaceum (Fr.) P. Kumm.	(Fr.) P. Kumm.	CA	Rimouski	Québec	PRESENT		ff7bd5db-b724-4932-b496-10ea298851f9	48.4206	-68.589317	100.0						2007-07-20	20	7	2007	3324249	3324249	PRESERVED_SPECIMEN	Université de Montréal Biodiversity Centre	CMMF	CMMF008156	Inexistant	McNeil, Raymond		CC0_1_0	Université de Montréal Biodiversity Centre	McNeil, Raymond			2024-01-24T16:38:18.247Z	StillImage	COORDINATE_ROUNDED;INSTITUTION_MATCH_FUZZY;COLLECTION_MATCH_FUZZY;DIFFERENT_OWNER_INSTITUTION
1135069296	21705170-d2b6-42de-8904-c3bca4b83591	CMMF007860	Fungi	Basidiomycota	Agaricomycetes	Agaricales	Tricholomataceae	Tricholoma	Tricholoma saponaceum		SPECIES	Tricholoma saponaceum (Fr.) P.Kumm.	Tricholoma saponaceum (Fr.) P. Kumm.	(Fr.) P. Kumm.	CA	Lachute	Québec	PRESENT		ff7bd5db-b724-4932-b496-10ea298851f9	45.66275	-74.241983	100.0						2005-10-12	12	10	2005	3324249	3324249	PRESERVED_SPECIMEN	Université de Montréal Biodiversity Centre	CMMF	CMMF007860	Inexistant	McNeil, Raymond		CC0_1_0	Université de Montréal Biodiversity Centre	McNeil, Raymond			2024-01-24T16:38:14.805Z	StillImage	COORDINATE_ROUNDED;INSTITUTION_MATCH_FUZZY;COLLECTION_MATCH_FUZZY;DIFFERENT_OWNER_INSTITUTION
1135069158	21705170-d2b6-42de-8904-c3bca4b83591	CMMF007721	Fungi	Basidiomycota	Agaricomycetes	Agaricales	Tricholomataceae	Tricholoma	Tricholoma saponaceum		SPECIES	Tricholoma saponaceum (Fr.) P.Kumm.	Tricholoma saponaceum (Fr.) P. Kumm.	(Fr.) P. Kumm.	CA	Notre-Dame-de-la-Merci (Forêt Ouareau, secteur du Pont Suspendu)	Québec	PRESENT		ff7bd5db-b724-4932-b496-10ea298851f9	46.260467	-73.947683	100.0						2010-08-10	10	8	2010	3324249	3324249	PRESERVED_SPECIMEN	Université de Montréal Biodiversity Centre	CMMF	CMMF007721	C3712	McNeil, Raymond		CC0_1_0	Université de Montréal Biodiversity Centre	McNeil, Raymond			2024-01-24T16:38:16.116Z	StillImage	COORDINATE_ROUNDED;INSTITUTION_MATCH_FUZZY;COLLECTION_MATCH_FUZZY;DIFFERENT_OWNER_INSTITUTION
1135069070	21705170-d2b6-42de-8904-c3bca4b83591	CMMF007653	Fungi	Basidiomycota	Agaricomycetes	Agaricales	Tricholomataceae	Tricholoma	Tricholoma saponaceum		SPECIES	Tricholoma saponaceum (Fr.) P.Kumm.	Tricholoma saponaceum (Fr.) P. Kumm.	(Fr.) P. Kumm.	CA	St-Hippolyte	Québec	PRESENT		ff7bd5db-b724-4932-b496-10ea298851f9	45.989333	-74.003633	100.0						1979-09-16	16	9	1979	3324249	3324249	PRESERVED_SPECIMEN	Université de Montréal Biodiversity Centre	CMMF	CMMF007653	Inexistant	McNeil, Raymond		CC0_1_0	Université de Montréal Biodiversity Centre	McNeil, Raymond			2024-01-24T16:38:16.050Z	StillImage	INSTITUTION_MATCH_FUZZY;COLLECTION_MATCH_FUZZY;DIFFERENT_OWNER_INSTITUTION
1135068369	21705170-d2b6-42de-8904-c3bca4b83591	CMMF006961	Fungi	Basidiomycota	Agaricomycetes	Agaricales	Tricholomataceae	Tricholoma	Tricholoma saponaceum		SPECIES	Tricholoma saponaceum (Fr.) P.Kumm.	Tricholoma saponaceum (Fr.) P. Kumm.	(Fr.) P. Kumm.	CA	Lachute	Québec	PRESENT		ff7bd5db-b724-4932-b496-10ea298851f9	45.66275	-74.241983	100.0						2009-10-06	6	10	2009	3324249	3324249	PRESERVED_SPECIMEN	Université de Montréal Biodiversity Centre	CMMF	CMMF006961	C3591	McNeil, Raymond		CC0_1_0	Université de Montréal Biodiversity Centre	McNeil, Raymond			2024-01-24T16:38:19.596Z	StillImage	COORDINATE_ROUNDED;INSTITUTION_MATCH_FUZZY;COLLECTION_MATCH_FUZZY;DIFFERENT_OWNER_INSTITUTION
1135067991	21705170-d2b6-42de-8904-c3bca4b83591	CMMF006532	Fungi	Basidiomycota	Agaricomycetes	Agaricales	Tricholomataceae	Tricholoma	Tricholoma saponaceum		SPECIES	Tricholoma saponaceum (Fr.) P.Kumm.	Tricholoma saponaceum (Fr.) P. Kumm.	(Fr.) P. Kumm.	CA	Saint-Lazare	Québec	PRESENT		ff7bd5db-b724-4932-b496-10ea298851f9	45.393333	-74.215833	100.0						2005-10-04	4	10	2005	3324249	3324249	PRESERVED_SPECIMEN	Université de Montréal Biodiversity Centre	CMMF	CMMF006532	Inexistant	McNeil, Raymond		CC0_1_0	Université de Montréal Biodiversity Centre	McNeil, Raymond			2024-01-24T16:38:18.361Z	StillImage	COORDINATE_ROUNDED;INSTITUTION_MATCH_FUZZY;COLLECTION_MATCH_FUZZY;DIFFERENT_OWNER_INSTITUTION
1135067930	21705170-d2b6-42de-8904-c3bca4b83591	CMMF006468	Fungi	Basidiomycota	Agaricomycetes	Agaricales	Tricholomataceae	Tricholoma	Tricholoma saponaceum		SPECIES	Tricholoma saponaceum (Fr.) P.Kumm.	Tricholoma saponaceum (Fr.) P. Kumm.	(Fr.) P. Kumm.	CA	Saint-Lazare	Québec	PRESENT		ff7bd5db-b724-4932-b496-10ea298851f9	45.393333	-74.215833	100.0						2005-10-04	4	10	2005	3324249	3324249	PRESERVED_SPECIMEN	Université de Montréal Biodiversity Centre	CMMF	CMMF006468	Inexistant	McNeil, Raymond		CC0_1_0	Université de Montréal Biodiversity Centre	McNeil, Raymond			2024-01-24T16:38:19.161Z	StillImage	COORDINATE_ROUNDED;INSTITUTION_MATCH_FUZZY;COLLECTION_MATCH_FUZZY;DIFFERENT_OWNER_INSTITUTION
