gbifID	datasetKey	occurrenceID	kingdom	phylum	class	order	family	genus	species	infraspecificEpithet	taxonRank	scientificName	verbatimScientificName	verbatimScientificNameAuthorship	countryCode	locality	stateProvince	occurrenceStatus	individualCount	publishingOrgKey	decimalLatitude	decimalLongitude	coordinateUncertaintyInMeters	coordinatePrecision	elevation	elevationAccuracy	depth	depthAccuracy	eventDate	day	month	year	taxonKey	speciesKey	basisOfRecord	institutionCode	collectionCode	catalogNumber	recordNumber	identifiedBy	dateIdentified	license	rightsHolder	recordedBy	typeStatus	establishmentMeans	lastInterpreted	mediaType	issue
617553561	21705170-d2b6-42de-8904-c3bca4b83591	CMMF003659	Fungi	Basidiomycota	Agaricomycetes	Polyporales	Polyporaceae	Trametes	Trametes pubescens		SPECIES	Trametes pubescens (Schumach.) Pilát	Trametes pubescens (Schumach.) Pil	(Schumach.) Pil	CA	Rawdon	Québec	PRESENT		ff7bd5db-b724-4932-b496-10ea298851f9	46.052398	-73.748752	11000.0						2002-08-05	5	8	2002	7621208	7621208	PRESERVED_SPECIMEN	Université de Montréal Biodiversity Centre	CMMF	CMMF003659		Lamoureux, Yves		CC0_1_0	Université de Montréal Biodiversity Centre	Lamoureux, Yves			2024-01-24T16:38:16.400Z	StillImage	INSTITUTION_MATCH_FUZZY;COLLECTION_MATCH_FUZZY;DIFFERENT_OWNER_INSTITUTION
617551220	21705170-d2b6-42de-8904-c3bca4b83591	CMMF002611	Fungi	Basidiomycota	Agaricomycetes	Polyporales	Polyporaceae	Trametes	Trametes pubescens		SPECIES	Trametes pubescens (Schumach.) Pilát	Trametes pubescens (Schumach.) Pil	(Schumach.) Pil	CA	Saint-Majorique	Québec	PRESENT		ff7bd5db-b724-4932-b496-10ea298851f9	45.931221	-72.584529	5000.0						1995-09-20	20	9	1995	7621208	7621208	PRESERVED_SPECIMEN	Université de Montréal Biodiversity Centre	CMMF	CMMF002611		Lamoureux, Yves		CC0_1_0	Université de Montréal Biodiversity Centre	Lamoureux, Yves			2024-01-24T16:38:20.305Z	StillImage	INSTITUTION_MATCH_FUZZY;COLLECTION_MATCH_FUZZY;DIFFERENT_OWNER_INSTITUTION
617550549	21705170-d2b6-42de-8904-c3bca4b83591	CMMF002327	Fungi	Basidiomycota	Agaricomycetes	Polyporales	Polyporaceae	Trametes	Trametes pubescens		SPECIES	Trametes pubescens (Schumach.) Pilát	Trametes pubescens (Schumach.) Pil	(Schumach.) Pil	CA	Montréal	Québec	PRESENT		ff7bd5db-b724-4932-b496-10ea298851f9	45.509625	-73.662984	25000.0						1994-10-08	8	10	1994	7621208	7621208	PRESERVED_SPECIMEN	Université de Montréal Biodiversity Centre	CMMF	CMMF002327		Audet, Serge		CC0_1_0	Université de Montréal Biodiversity Centre	Lamoureux, Yves			2024-01-24T16:38:19.445Z	StillImage	INSTITUTION_MATCH_FUZZY;COLLECTION_MATCH_FUZZY;DIFFERENT_OWNER_INSTITUTION
5008232661	50c9509d-22c7-4a22-a47d-8c48425ef4a7	https://www.inaturalist.org/observations/241186563	Fungi	Basidiomycota	Agaricomycetes	Polyporales	Polyporaceae	Trametes	Trametes pubescens		SPECIES	Trametes pubescens (Schumach.) Pilát	Trametes pubescens		CA		Québec	PRESENT		28eb1a3f-1c15-4a95-931a-4af90ecb574d	45.65531	-75.675163	4.0						2024-09-11T18:11:27	11	9	2024	7621208	7621208	HUMAN_OBSERVATION	iNaturalist	Observations	241186563		Anthony Gaston	2024-09-11T22:12:17	CC_BY_NC_4_0	Anthony Gaston	Anthony Gaston			2025-01-14T12:54:13.760Z	StillImage	COORDINATE_ROUNDED;CONTINENT_DERIVED_FROM_COORDINATES;TAXON_MATCH_TAXON_ID_IGNORED
4978221730	50c9509d-22c7-4a22-a47d-8c48425ef4a7	https://www.inaturalist.org/observations/250196349	Fungi	Basidiomycota	Agaricomycetes	Polyporales	Polyporaceae	Trametes	Trametes pubescens		SPECIES	Trametes pubescens (Schumach.) Pilát	Trametes pubescens		CA		Prince Edward Island	PRESENT		28eb1a3f-1c15-4a95-931a-4af90ecb574d	46.684532	-64.193805	8.0						2024-11-02T10:54:28	2	11	2024	7621208	7621208	HUMAN_OBSERVATION	iNaturalist	Observations	250196349		zova	2024-11-02T21:10:13	CC_BY_NC_4_0	zova	zova			2025-01-14T12:55:46.513Z	StillImage	COORDINATE_ROUNDED;CONTINENT_DERIVED_FROM_COORDINATES;TAXON_MATCH_TAXON_ID_IGNORED
4950421215	50c9509d-22c7-4a22-a47d-8c48425ef4a7	https://www.inaturalist.org/observations/243094951	Fungi	Basidiomycota	Agaricomycetes	Polyporales	Polyporaceae	Trametes	Trametes pubescens		SPECIES	Trametes pubescens (Schumach.) Pilát	Trametes pubescens		CA		Québec	PRESENT		28eb1a3f-1c15-4a95-931a-4af90ecb574d	45.652428	-75.672446	2088.0						2024-09-21T10:42:19	21	9	2024	7621208	7621208	HUMAN_OBSERVATION	iNaturalist	Observations	243094951		thrinley	2024-09-21T14:42:52	CC_BY_NC_4_0	thrinley	thrinley			2025-01-14T12:51:57.489Z	StillImage	COORDINATE_ROUNDED;CONTINENT_DERIVED_FROM_COORDINATES;TAXON_MATCH_TAXON_ID_IGNORED
4893006588	eeaf050f-23d0-4557-9084-ec545cd3d9a7	215435b0-7e1b-4b82-a82a-a1f606c215bb	Fungi	Basidiomycota	Agaricomycetes	Polyporales	Polyporaceae	Trametes	Trametes pubescens		SPECIES	Trametes pubescens (Schumach.) Pilát	Trametes pubescens	(Schumach.) Pilát	CA	Ottawa	Ontario	PRESENT		325c883e-46a7-4be3-9d77-7dde654fd1d3	45.423949	-75.695445											7621208	7621208	PRESERVED_SPECIMEN	DPI	DAR	DAR00054024a				CC_BY_4_0					2025-01-02T23:50:24.111Z		CONTINENT_DERIVED_FROM_COORDINATES;TAXON_MATCH_TAXON_CONCEPT_ID_IGNORED;INSTITUTION_MATCH_NONE
4892779617	eeaf050f-23d0-4557-9084-ec545cd3d9a7	015b4104-8b54-4647-934a-19d1d00c41e9	Fungi	Basidiomycota	Agaricomycetes	Polyporales	Polyporaceae	Trametes	Trametes pubescens		SPECIES	Trametes pubescens (Schumach.) Pilát	Trametes pubescens	(Schumach.) Pilát	CA	Ottawa	Ontario	PRESENT		325c883e-46a7-4be3-9d77-7dde654fd1d3	45.423949	-75.695445											7621208	7621208	PRESERVED_SPECIMEN	DPI	DAR	DAR00062463a				CC_BY_4_0					2025-01-02T23:50:22.574Z		CONTINENT_DERIVED_FROM_COORDINATES;TAXON_MATCH_TAXON_CONCEPT_ID_IGNORED;INSTITUTION_MATCH_NONE
4872122107	50c9509d-22c7-4a22-a47d-8c48425ef4a7	https://www.inaturalist.org/observations/138245548	Fungi	Basidiomycota	Agaricomycetes	Polyporales	Polyporaceae	Trametes	Trametes pubescens		SPECIES	Trametes pubescens (Schumach.) Pilát	Trametes pubescens		CA		Québec	PRESENT		28eb1a3f-1c15-4a95-931a-4af90ecb574d	45.354828	-72.263553	8.0						2022-10-10T08:14:19	10	10	2022	7621208	7621208	HUMAN_OBSERVATION	iNaturalist	Observations	138245548		Ariel Bonkoski	2024-05-24T02:52:01	CC_BY_NC_4_0	trejdil	trejdil			2025-01-14T12:32:18.534Z	StillImage	COORDINATE_ROUNDED;CONTINENT_DERIVED_FROM_COORDINATES;TAXON_MATCH_TAXON_ID_IGNORED
4506437401	50c9509d-22c7-4a22-a47d-8c48425ef4a7	https://www.inaturalist.org/observations/193985792	Fungi	Basidiomycota	Agaricomycetes	Polyporales	Polyporaceae	Trametes	Trametes pubescens		SPECIES	Trametes pubescens (Schumach.) Pilát	Trametes pubescens		CA		New Brunswick	PRESENT		28eb1a3f-1c15-4a95-931a-4af90ecb574d	47.61837	-65.823805	24.0						2023-12-14T16:06:48	14	12	2023	7621208	7621208	HUMAN_OBSERVATION	iNaturalist	Observations	193985792		clara_bri	2023-12-15T00:33:30	CC_BY_NC_4_0	clara_bri	clara_bri			2025-01-14T12:43:44.651Z	StillImage	CONTINENT_DERIVED_FROM_COORDINATES;TAXON_MATCH_TAXON_ID_IGNORED
4500585842	50c9509d-22c7-4a22-a47d-8c48425ef4a7	https://www.inaturalist.org/observations/194165470	Fungi	Basidiomycota	Agaricomycetes	Polyporales	Polyporaceae	Trametes	Trametes pubescens		SPECIES	Trametes pubescens (Schumach.) Pilát	Trametes pubescens		CA		Prince Edward Island	PRESENT		28eb1a3f-1c15-4a95-931a-4af90ecb574d	46.768786	-64.235368	9.0						2023-12-16T11:57:33	16	12	2023	7621208	7621208	HUMAN_OBSERVATION	iNaturalist	Observations	194165470		zova	2023-12-17T04:53:30	CC_BY_NC_4_0	zova	zova			2025-01-14T13:36:00.248Z	StillImage	COORDINATE_ROUNDED;CONTINENT_DERIVED_FROM_COORDINATES;TAXON_MATCH_TAXON_ID_IGNORED
4465465457	50c9509d-22c7-4a22-a47d-8c48425ef4a7	https://www.inaturalist.org/observations/192678047	Fungi	Basidiomycota	Agaricomycetes	Polyporales	Polyporaceae	Trametes	Trametes pubescens		SPECIES	Trametes pubescens (Schumach.) Pilát	Trametes pubescens		CA		Ontario	PRESENT		28eb1a3f-1c15-4a95-931a-4af90ecb574d	45.402989	-75.586773	183.0						2023-11-30T14:29	30	11	2023	7621208	7621208	HUMAN_OBSERVATION	iNaturalist	Observations	192678047		L Joan Heyding	2023-11-30T23:39:34	CC_BY_NC_4_0	L Joan Heyding	L Joan Heyding			2025-01-14T13:32:43.441Z	StillImage	COORDINATE_ROUNDED;CONTINENT_DERIVED_FROM_COORDINATES;TAXON_MATCH_TAXON_ID_IGNORED
4424316507	50c9509d-22c7-4a22-a47d-8c48425ef4a7	https://www.inaturalist.org/observations/186351357	Fungi	Basidiomycota	Agaricomycetes	Polyporales	Polyporaceae	Trametes	Trametes pubescens		SPECIES	Trametes pubescens (Schumach.) Pilát	Trametes pubescens		CA		Ontario	PRESENT		28eb1a3f-1c15-4a95-931a-4af90ecb574d	45.513938	-75.441328							2023-10-05T16:38:07	5	10	2023	7621208	7621208	HUMAN_OBSERVATION	iNaturalist	Observations	186351357		Jean Sorensen	2023-10-06T00:37:04	CC_BY_4_0	Jean Sorensen	Jean Sorensen			2025-01-14T14:12:05.277Z	StillImage	COORDINATE_ROUNDED;CONTINENT_DERIVED_FROM_COORDINATES;TAXON_MATCH_TAXON_ID_IGNORED
4129855398	50c9509d-22c7-4a22-a47d-8c48425ef4a7	https://www.inaturalist.org/observations/151165708	Fungi	Basidiomycota	Agaricomycetes	Polyporales	Polyporaceae	Trametes	Trametes pubescens		SPECIES	Trametes pubescens (Schumach.) Pilát	Trametes pubescens		CA		Ontario	PRESENT		28eb1a3f-1c15-4a95-931a-4af90ecb574d	45.828245	-77.27887	4.0						2022-09-12T19:08:13	12	9	2022	7621208	7621208	HUMAN_OBSERVATION	iNaturalist	Observations	151165708		cinna_latifolia	2023-03-15T04:05:13	CC_BY_NC_4_0	iamsamantha	iamsamantha			2025-01-14T12:34:35.652Z	StillImage	CONTINENT_DERIVED_FROM_COORDINATES;TAXON_MATCH_TAXON_ID_IGNORED
4121208505	50c9509d-22c7-4a22-a47d-8c48425ef4a7	https://www.inaturalist.org/observations/160114573	Fungi	Basidiomycota	Agaricomycetes	Polyporales	Polyporaceae	Trametes	Trametes pubescens		SPECIES	Trametes pubescens (Schumach.) Pilát	Trametes pubescens		CA		Québec	PRESENT		28eb1a3f-1c15-4a95-931a-4af90ecb574d	47.468279	-70.373472	90.0						2023-05-06T10:34:33	6	5	2023	7621208	7621208	HUMAN_OBSERVATION	iNaturalist	Observations	160114573		v-vincent	2023-05-06T17:30:58	CC_BY_NC_4_0	v-vincent	v-vincent			2025-01-14T13:25:36.685Z	StillImage	COORDINATE_ROUNDED;CONTINENT_DERIVED_FROM_COORDINATES;TAXON_MATCH_TAXON_ID_IGNORED
4100038043	d1a3b128-b406-46bb-a6d1-f3591dcc8a7b	d8903303-1827-4c84-a51d-763b02bc06e7	Fungi	Basidiomycota	Agaricomycetes	Polyporales	Polyporaceae	Trametes	Trametes pubescens		SPECIES	Polyporus pubescens (Schumach.) Fr.	Polyporus pubescens	(Schumach.) Fr.	CA	O'dell Forest, Fredericton	New Brunswick	PRESENT		e43cf4b8-849e-4fac-b075-e652d019d2cf	45.952771	-66.670384	1093.0						1946-09-29	29	9	1946	5247637	7621208	PRESERVED_SPECIMEN	BPI		BPI 218240		Eno H. G.		CC0_1_0		Hansbrough J. R.			2025-01-15T04:59:23.378Z		CONTINENT_DERIVED_FROM_COORDINATES;TAXON_MATCH_TAXON_ID_IGNORED;INSTITUTION_MATCH_FUZZY
4100038041	d1a3b128-b406-46bb-a6d1-f3591dcc8a7b	ada8b9b3-d9d0-41fe-b76b-ded3c2aba90a	Fungi	Basidiomycota	Agaricomycetes	Polyporales	Polyporaceae	Trametes	Trametes pubescens		SPECIES	Polyporus pubescens (Schumach.) Fr.	Polyporus pubescens	(Schumach.) Fr.	CA	Fredericton	New Brunswick	PRESENT		e43cf4b8-849e-4fac-b075-e652d019d2cf	45.95	-66.633333	11997.0						1946-09-27	27	9	1946	5247637	7621208	PRESERVED_SPECIMEN	BPI		BPI 218218		Hansbrough J. R.		CC0_1_0		Hansbrough J. R.			2025-01-15T04:59:23.423Z		GEODETIC_DATUM_ASSUMED_WGS84;CONTINENT_DERIVED_FROM_COORDINATES;TAXON_MATCH_TAXON_ID_IGNORED;INSTITUTION_MATCH_FUZZY
4099873032	d1a3b128-b406-46bb-a6d1-f3591dcc8a7b	980f536e-4939-4160-bdf5-32347bef9f9c	Fungi	Basidiomycota	Agaricomycetes	Polyporales	Polyporaceae	Trametes	Trametes pubescens		SPECIES	Polyporus pubescens (Schumach.) Fr.	Polyporus pubescens	(Schumach.) Fr.	CA	Montreal	Ontario	PRESENT		e43cf4b8-849e-4fac-b075-e652d019d2cf	45.5	-73.583333	3036.0						1917			1917	5247637	7621208	PRESERVED_SPECIMEN	BPI		BPI 218198				CC0_1_0		Blair J. R.			2025-01-15T04:59:23.525Z		GEODETIC_DATUM_ASSUMED_WGS84;CONTINENT_DERIVED_FROM_COORDINATES;TAXON_MATCH_TAXON_ID_IGNORED;INSTITUTION_MATCH_FUZZY
4099805228	d1a3b128-b406-46bb-a6d1-f3591dcc8a7b	933f6a61-1ff1-4831-b749-f7f0ecb65948	Fungi	Basidiomycota	Agaricomycetes	Polyporales	Polyporaceae	Trametes	Trametes pubescens		SPECIES	Polyporus velutinus Pers.	Polyporus velutinus	E.H.L. Krause	CA	Ormstown		PRESENT		e43cf4b8-849e-4fac-b075-e652d019d2cf	45.133333	-74.0	12059.0						1915-11-01	1	11	1915	5247654	7621208	PRESERVED_SPECIMEN	BPI		BPI 887973	288			CC0_1_0		Blair, R. J.			2025-01-15T04:59:47.372Z		GEODETIC_DATUM_ASSUMED_WGS84;CONTINENT_DERIVED_FROM_COORDINATES;TAXON_MATCH_TAXON_ID_IGNORED;INSTITUTION_MATCH_FUZZY
4099398015	d1a3b128-b406-46bb-a6d1-f3591dcc8a7b	9bac17dd-d990-4522-9d36-b71772588f19	Fungi	Basidiomycota	Agaricomycetes	Polyporales	Polyporaceae	Trametes	Trametes pubescens		SPECIES	Polyporus pubescens (Schumach.) Fr.	Polyporus pubescens	(Schumach.) Fr.	CA	Dorset	Ontario	PRESENT		e43cf4b8-849e-4fac-b075-e652d019d2cf	45.233333	-78.883333	3036.0						1950-05-30	30	5	1950	5247637	7621208	PRESERVED_SPECIMEN	BPI		BPI 218136				CC0_1_0		Cafley J.; Dance B.			2025-01-15T04:59:24.033Z		GEODETIC_DATUM_ASSUMED_WGS84;CONTINENT_DERIVED_FROM_COORDINATES;TAXON_MATCH_TAXON_ID_IGNORED;INSTITUTION_MATCH_FUZZY
4099392044	d1a3b128-b406-46bb-a6d1-f3591dcc8a7b	19f9dd83-d2c6-4bcf-ac25-54e8e8c38fc7	Fungi	Basidiomycota	Agaricomycetes	Polyporales	Polyporaceae	Trametes	Trametes pubescens		SPECIES	Polyporus pubescens (Schumach.) Fr.	Polyporus pubescens	(Schumach.) Fr.	CA	Algonquin Park	Ontario	PRESENT		e43cf4b8-849e-4fac-b075-e652d019d2cf	45.55	-78.6	3036.0						1914-09-04	4	9	1914	5247637	7621208	PRESERVED_SPECIMEN	BPI		BPI 218241		Faull J. H.		CC0_1_0		Faull J. H.			2025-01-15T04:59:23.374Z		GEODETIC_DATUM_ASSUMED_WGS84;CONTINENT_DERIVED_FROM_COORDINATES;TAXON_MATCH_TAXON_ID_IGNORED;INSTITUTION_MATCH_FUZZY
4099392042	d1a3b128-b406-46bb-a6d1-f3591dcc8a7b	72fbcd14-1d75-414c-9383-48918586b709	Fungi	Basidiomycota	Agaricomycetes	Polyporales	Polyporaceae	Trametes	Trametes pubescens		SPECIES	Polyporus pubescens (Schumach.) Fr.	Polyporus pubescens	(Schumach.) Fr.	CA	Eardley	Quebec	PRESENT		e43cf4b8-849e-4fac-b075-e652d019d2cf	45.55	-76.016667	301.0						1937-10-10	10	10	1937	5247637	7621208	PRESERVED_SPECIMEN	BPI		BPI 218230		Mounce Irene		CC0_1_0		Mounce Irene			2025-01-15T04:59:23.377Z		GEODETIC_DATUM_ASSUMED_WGS84;CONTINENT_DERIVED_FROM_COORDINATES;TAXON_MATCH_TAXON_ID_IGNORED;INSTITUTION_MATCH_FUZZY
3966681534	50c9509d-22c7-4a22-a47d-8c48425ef4a7	https://www.inaturalist.org/observations/135663139	Fungi	Basidiomycota	Agaricomycetes	Polyporales	Polyporaceae	Trametes	Trametes pubescens		SPECIES	Trametes pubescens (Schumach.) Pilát	Trametes pubescens		CA		Québec	PRESENT		28eb1a3f-1c15-4a95-931a-4af90ecb574d	46.331287	-76.884189	15625.0						2022-09-17T13:57	17	9	2022	7621208	7621208	HUMAN_OBSERVATION	iNaturalist	Observations	135663139		see-em	2022-09-19T14:17:56	CC_BY_NC_4_0	see-em	see-em			2025-01-14T13:25:52.274Z	StillImage	COORDINATE_ROUNDED;CONTINENT_DERIVED_FROM_COORDINATES;TAXON_MATCH_TAXON_ID_IGNORED
3965624977	0ec61c42-6eda-441e-b327-7ec241c8ec95	7d22bf27-7748-438c-82c0-36872d130322	Fungi	Basidiomycota	Agaricomycetes	Polyporales	Polyporaceae	Trametes	Trametes pubescens		SPECIES	Coriolus pubescens (Schumach.) Quél.	Coriolus pubescens	(Schumach.) Quél.	CA	Muskoka District, east of Clear Lake, University Forest	Ontario	PRESENT		00ff478a-9da6-4c8d-b60d-43ee8c88cd1f	45.4333	-77.2							1961-09-15	15	9	1961	5247644	7621208	PRESERVED_SPECIMEN	WSP	WSP	WSP56797		R. F. Cain		CC_BY_4_0		R. F. Cain			2025-01-15T08:29:28.599Z		GEODETIC_DATUM_ASSUMED_WGS84;CONTINENT_DERIVED_FROM_COORDINATES;TAXON_MATCH_TAXON_ID_IGNORED;AMBIGUOUS_COLLECTION;INSTITUTION_MATCH_FUZZY
3965613904	0ec61c42-6eda-441e-b327-7ec241c8ec95	3180a2ac-7b87-4251-936c-56f25e21e223	Fungi	Basidiomycota	Agaricomycetes	Polyporales	Polyporaceae	Trametes	Trametes pubescens		SPECIES	Polyporus pubescens (Schumach.) Fr.	Polyporus pubescens	(Schumach.) Fr.	CA	Parkway and Trail Ridge Road, Gatineau Park	Quebec	PRESENT		00ff478a-9da6-4c8d-b60d-43ee8c88cd1f	46.5	-76.0							1959-09-01	1	9	1959	5247637	7621208	PRESERVED_SPECIMEN	WSP	WSP	WSP48945				CC_BY_4_0		W. B. Cooke; V. G. Cooke			2025-01-15T08:28:23.764Z		GEODETIC_DATUM_ASSUMED_WGS84;CONTINENT_DERIVED_FROM_COORDINATES;TAXON_MATCH_TAXON_ID_IGNORED;AMBIGUOUS_COLLECTION;INSTITUTION_MATCH_FUZZY
3915716532	50c9509d-22c7-4a22-a47d-8c48425ef4a7	https://www.inaturalist.org/observations/136652762	Fungi	Basidiomycota	Agaricomycetes	Polyporales	Polyporaceae	Trametes	Trametes pubescens		SPECIES	Trametes pubescens (Schumach.) Pilát	Trametes pubescens		CA		Québec	PRESENT		28eb1a3f-1c15-4a95-931a-4af90ecb574d	45.475395	-73.760707	198.0						2022-09-24T15:15	24	9	2022	7621208	7621208	HUMAN_OBSERVATION	iNaturalist	Observations	136652762		M. C.	2022-09-27T03:21:38	CC_BY_NC_4_0	M. C.	M. C.			2025-01-14T13:25:33.943Z	StillImage	COORDINATE_ROUNDED;CONTINENT_DERIVED_FROM_COORDINATES;TAXON_MATCH_TAXON_ID_IGNORED
3915299421	50c9509d-22c7-4a22-a47d-8c48425ef4a7	https://www.inaturalist.org/observations/97573380	Fungi	Basidiomycota	Agaricomycetes	Polyporales	Polyporaceae	Trametes	Trametes pubescens		SPECIES	Trametes pubescens (Schumach.) Pilát	Trametes pubescens		CA		Québec	PRESENT		28eb1a3f-1c15-4a95-931a-4af90ecb574d	45.512311	-73.586707	7.0						2021-10-08T15:18:20	8	10	2021	7621208	7621208	HUMAN_OBSERVATION	iNaturalist	Observations	97573380		vanessarong	2021-10-22T02:51:54	CC_BY_NC_4_0	vanessarong	vanessarong			2025-01-14T12:22:51.368Z	StillImage	COORDINATE_ROUNDED;CONTINENT_DERIVED_FROM_COORDINATES;TAXON_MATCH_TAXON_ID_IGNORED
3912169088	50c9509d-22c7-4a22-a47d-8c48425ef4a7	https://www.inaturalist.org/observations/135725570	Fungi	Basidiomycota	Agaricomycetes	Polyporales	Polyporaceae	Trametes	Trametes pubescens		SPECIES	Trametes pubescens (Schumach.) Pilát	Trametes pubescens		CA		Ontario	PRESENT		28eb1a3f-1c15-4a95-931a-4af90ecb574d	45.298444	-75.821292	201.0						2022-09-19T18:52:29	19	9	2022	7621208	7621208	HUMAN_OBSERVATION	iNaturalist	Observations	135725570		cattie	2022-09-19T23:39:21	CC_BY_NC_4_0	cattie	cattie			2025-01-14T12:31:56.718Z	StillImage	COORDINATE_ROUNDED;CONTINENT_DERIVED_FROM_COORDINATES;TAXON_MATCH_TAXON_ID_IGNORED
3911468151	55585622-7aeb-4921-a07c-5ddc97de9c5b	MGYA00578612_Eukaryota:Fungi:Basidiomycota:Agaricomycetes:Polyporales:Polyporaceae:Trametes:Trametes_pubescens	Fungi	Basidiomycota	Agaricomycetes	Polyporales	Polyporaceae	Trametes	Trametes pubescens		SPECIES	Trametes pubescens (Schumach.) Pilát	Trametes pubescens		CA	Varennes		PRESENT		ab733144-7043-4e88-bd4f-fca7bf858880	45.72	-73.37					0.15	0.0					7621208	7621208	MATERIAL_SAMPLE							CC_BY_4_0					2025-01-15T11:18:47.656Z		GEODETIC_DATUM_ASSUMED_WGS84;CONTINENT_DERIVED_FROM_COORDINATES
3911410895	55585622-7aeb-4921-a07c-5ddc97de9c5b	MGYA00524498_Eukaryota:Fungi:Basidiomycota:Agaricomycetes:Polyporales:Polyporaceae:Trametes:Trametes_pubescens	Fungi	Basidiomycota	Agaricomycetes	Polyporales	Polyporaceae	Trametes	Trametes pubescens		SPECIES	Trametes pubescens (Schumach.) Pilát	Trametes pubescens		CA	Varennes		PRESENT		ab733144-7043-4e88-bd4f-fca7bf858880	45.72	-73.37					0.15	0.0					7621208	7621208	MATERIAL_SAMPLE							CC_BY_4_0					2025-01-15T11:18:43.786Z		GEODETIC_DATUM_ASSUMED_WGS84;CONTINENT_DERIVED_FROM_COORDINATES
3911356938	55585622-7aeb-4921-a07c-5ddc97de9c5b	MGYA00578675_Eukaryota:Fungi:Basidiomycota:Agaricomycetes:Polyporales:Polyporaceae:Trametes:Trametes_pubescens	Fungi	Basidiomycota	Agaricomycetes	Polyporales	Polyporaceae	Trametes	Trametes pubescens		SPECIES	Trametes pubescens (Schumach.) Pilát	Trametes pubescens		CA	Varennes		PRESENT		ab733144-7043-4e88-bd4f-fca7bf858880	45.72	-73.37					0.15	0.0					7621208	7621208	MATERIAL_SAMPLE							CC_BY_4_0					2025-01-15T11:18:40.979Z		GEODETIC_DATUM_ASSUMED_WGS84;CONTINENT_DERIVED_FROM_COORDINATES
3911315352	55585622-7aeb-4921-a07c-5ddc97de9c5b	MGYA00525094_Eukaryota:Fungi:Basidiomycota:Agaricomycetes:Polyporales:Polyporaceae:Trametes:Trametes_pubescens	Fungi	Basidiomycota	Agaricomycetes	Polyporales	Polyporaceae	Trametes	Trametes pubescens		SPECIES	Trametes pubescens (Schumach.) Pilát	Trametes pubescens		CA	Varennes		PRESENT		ab733144-7043-4e88-bd4f-fca7bf858880	45.72	-73.37					0.15	0.0					7621208	7621208	MATERIAL_SAMPLE							CC_BY_4_0					2025-01-15T11:18:38.688Z		GEODETIC_DATUM_ASSUMED_WGS84;CONTINENT_DERIVED_FROM_COORDINATES
3911291388	55585622-7aeb-4921-a07c-5ddc97de9c5b	MGYA00578613_Eukaryota:Fungi:Basidiomycota:Agaricomycetes:Polyporales:Polyporaceae:Trametes:Trametes_pubescens	Fungi	Basidiomycota	Agaricomycetes	Polyporales	Polyporaceae	Trametes	Trametes pubescens		SPECIES	Trametes pubescens (Schumach.) Pilát	Trametes pubescens		CA	Varennes		PRESENT		ab733144-7043-4e88-bd4f-fca7bf858880	45.72	-73.37					0.15	0.0					7621208	7621208	MATERIAL_SAMPLE							CC_BY_4_0					2025-01-15T11:18:37.780Z		GEODETIC_DATUM_ASSUMED_WGS84;CONTINENT_DERIVED_FROM_COORDINATES
3911017982	55585622-7aeb-4921-a07c-5ddc97de9c5b	MGYA00578645_Eukaryota:Fungi:Basidiomycota:Agaricomycetes:Polyporales:Polyporaceae:Trametes:Trametes_pubescens	Fungi	Basidiomycota	Agaricomycetes	Polyporales	Polyporaceae	Trametes	Trametes pubescens		SPECIES	Trametes pubescens (Schumach.) Pilát	Trametes pubescens		CA	Varennes		PRESENT		ab733144-7043-4e88-bd4f-fca7bf858880	45.72	-73.37					0.15	0.0					7621208	7621208	MATERIAL_SAMPLE							CC_BY_4_0					2025-01-15T11:18:32.891Z		GEODETIC_DATUM_ASSUMED_WGS84;CONTINENT_DERIVED_FROM_COORDINATES
3903257076	50c9509d-22c7-4a22-a47d-8c48425ef4a7	https://www.inaturalist.org/observations/133247741	Fungi	Basidiomycota	Agaricomycetes	Polyporales	Polyporaceae	Trametes	Trametes pubescens		SPECIES	Trametes pubescens (Schumach.) Pilát	Trametes pubescens		CA		Québec	PRESENT		28eb1a3f-1c15-4a95-931a-4af90ecb574d	45.988207	-76.43732	27095.0						2022-08-30T08:08	30	8	2022	7621208	7621208	HUMAN_OBSERVATION	iNaturalist	Observations	133247741		L Joan Heyding	2022-09-01T19:39:31	CC_BY_NC_4_0	L Joan Heyding	L Joan Heyding			2025-01-14T13:25:15.562Z	StillImage	COORDINATE_ROUNDED;CONTINENT_DERIVED_FROM_COORDINATES;TAXON_MATCH_TAXON_ID_IGNORED
3893621183	8fe64528-38fe-47c8-938a-b2ab603a653a	MSC0231906	Fungi	Basidiomycota	Agaricomycetes	Polyporales	Polyporaceae	Trametes	Trametes pubescens		SPECIES	Trametes pubescens (Schumach.) Pilát	Trametes pubescens	(Schumach.) Pilát	CA	Costello Lake, Algonquin	Ontario	PRESENT		41d6acb0-48b5-11db-a1c2-b8a03c50a862	45.59779	-78.320015	620.0						1939-09-06	6	9	1939	7621208	7621208	PRESERVED_SPECIMEN	MSC		MSC0231906	15717	R. F. Cain		CC_BY_4_0		R. F. Cain			2025-01-15T11:18:50.697Z	StillImage	CONTINENT_DERIVED_FROM_COORDINATES;TAXON_MATCH_TAXON_ID_IGNORED;COLLECTION_MATCH_NONE;INSTITUTION_MATCH_FUZZY
3889152628	50c9509d-22c7-4a22-a47d-8c48425ef4a7	https://www.inaturalist.org/observations/129233507	Fungi	Basidiomycota	Agaricomycetes	Polyporales	Polyporaceae	Trametes	Trametes pubescens		SPECIES	Trametes pubescens (Schumach.) Pilát	Trametes pubescens		CA		Québec	PRESENT		28eb1a3f-1c15-4a95-931a-4af90ecb574d	45.460185	-74.135701	4.0						2022-07-30T07:21	30	7	2022	7621208	7621208	HUMAN_OBSERVATION	iNaturalist	Observations	129233507		Elizabeth Buchanan	2022-08-03T03:33:55	CC_BY_NC_4_0	Elizabeth Buchanan	Elizabeth Buchanan			2025-01-14T12:31:05.605Z	StillImage	COORDINATE_ROUNDED;CONTINENT_DERIVED_FROM_COORDINATES;TAXON_MATCH_TAXON_ID_IGNORED
3773226869	50c9509d-22c7-4a22-a47d-8c48425ef4a7	https://www.inaturalist.org/observations/114177176	Fungi	Basidiomycota	Agaricomycetes	Polyporales	Polyporaceae	Trametes	Trametes pubescens		SPECIES	Trametes pubescens (Schumach.) Pilát	Trametes pubescens		CA		Ontario	PRESENT		28eb1a3f-1c15-4a95-931a-4af90ecb574d	45.372929	-75.796982	74.0						2022-05-01T07:41:50	1	5	2022	7621208	7621208	HUMAN_OBSERVATION	iNaturalist	Observations	114177176		Adam Geber	2022-05-01T13:08:48	CC_BY_NC_4_0	Nina	Nina			2025-01-14T13:21:03.059Z	StillImage	COORDINATE_ROUNDED;CONTINENT_DERIVED_FROM_COORDINATES;TAXON_MATCH_TAXON_ID_IGNORED
3764101990	50c9509d-22c7-4a22-a47d-8c48425ef4a7	https://www.inaturalist.org/observations/112909698	Fungi	Basidiomycota	Agaricomycetes	Polyporales	Polyporaceae	Trametes	Trametes pubescens		SPECIES	Trametes pubescens (Schumach.) Pilát	Trametes pubescens		CA		Ontario	PRESENT		28eb1a3f-1c15-4a95-931a-4af90ecb574d	45.360821	-75.621726	466.0						2022-04-25T18:14:34	25	4	2022	7621208	7621208	HUMAN_OBSERVATION	iNaturalist	Observations	112909698		staingen	2022-04-26T00:28:09	CC_BY_NC_4_0	staingen	staingen			2025-01-14T13:21:10.658Z	StillImage	COORDINATE_ROUNDED;CONTINENT_DERIVED_FROM_COORDINATES;TAXON_MATCH_TAXON_ID_IGNORED
3759417005	50c9509d-22c7-4a22-a47d-8c48425ef4a7	https://www.inaturalist.org/observations/111550296	Fungi	Basidiomycota	Agaricomycetes	Polyporales	Polyporaceae	Trametes	Trametes pubescens		SPECIES	Trametes pubescens (Schumach.) Pilát	Trametes pubescens		CA		Ontario	PRESENT		28eb1a3f-1c15-4a95-931a-4af90ecb574d	45.320116	-75.792091							2022-04-15T12:59	15	4	2022	7621208	7621208	HUMAN_OBSERVATION	iNaturalist	Observations	111550296		Ian Whyte	2022-04-15T18:36:17	CC0_1_0	Ian Whyte	Ian Whyte			2025-01-14T12:27:31.382Z	StillImage	COORDINATE_ROUNDED;CONTINENT_DERIVED_FROM_COORDINATES;TAXON_MATCH_TAXON_ID_IGNORED
3455749139	50c9509d-22c7-4a22-a47d-8c48425ef4a7	https://www.inaturalist.org/observations/105193120	Fungi	Basidiomycota	Agaricomycetes	Polyporales	Polyporaceae	Trametes	Trametes pubescens		SPECIES	Trametes pubescens (Schumach.) Pilát	Trametes pubescens		CA		Ontario	PRESENT		28eb1a3f-1c15-4a95-931a-4af90ecb574d	45.20919	-75.230882	10.0						2021-10-11T14:41	11	10	2021	7621208	7621208	HUMAN_OBSERVATION	iNaturalist	Observations	105193120		imaginaryconstruct	2022-01-19T23:57:14	CC_BY_NC_4_0	Jakob Mueller	Jakob Mueller			2025-01-14T13:11:39.764Z	StillImage	COORDINATE_ROUNDED;CONTINENT_DERIVED_FROM_COORDINATES;TAXON_MATCH_TAXON_ID_IGNORED
3384487367	50c9509d-22c7-4a22-a47d-8c48425ef4a7	https://www.inaturalist.org/observations/97285344	Fungi	Basidiomycota	Agaricomycetes	Polyporales	Polyporaceae	Trametes	Trametes pubescens		SPECIES	Trametes pubescens (Schumach.) Pilát	Trametes pubescens		CA		Ontario	PRESENT		28eb1a3f-1c15-4a95-931a-4af90ecb574d	45.199253	-75.980187	16.0						2021-10-05T16:16:34	5	10	2021	7621208	7621208	HUMAN_OBSERVATION	iNaturalist	Observations	97285344		Keith Seifert	2021-10-05T21:20:17	CC0_1_0	Keith Seifert	Keith Seifert			2025-01-14T13:15:30.218Z	StillImage	COORDINATE_ROUNDED;CONTINENT_DERIVED_FROM_COORDINATES;TAXON_MATCH_TAXON_ID_IGNORED
3325811358	50c9509d-22c7-4a22-a47d-8c48425ef4a7	https://www.inaturalist.org/observations/59325873	Fungi	Basidiomycota	Agaricomycetes	Polyporales	Polyporaceae	Trametes	Trametes pubescens		SPECIES	Trametes pubescens (Schumach.) Pilát	Trametes pubescens		CA		Ontario	PRESENT		28eb1a3f-1c15-4a95-931a-4af90ecb574d	45.81191	-77.541576	122.0						2020-09-02T13:09	2	9	2020	7621208	7621208	HUMAN_OBSERVATION	iNaturalist	Observations	59325873		cinna_latifolia	2021-06-28T02:31:37	CC_BY_NC_4_0	oleq	oleq			2025-01-14T12:14:37.883Z	StillImage	COORDINATE_ROUNDED;CONTINENT_DERIVED_FROM_COORDINATES;TAXON_MATCH_TAXON_ID_IGNORED
2619918178	50c9509d-22c7-4a22-a47d-8c48425ef4a7	https://www.inaturalist.org/observations/44917851	Fungi	Basidiomycota	Agaricomycetes	Polyporales	Polyporaceae	Trametes	Trametes pubescens		SPECIES	Trametes pubescens (Schumach.) Pilát	Trametes pubescens		CA		New Brunswick	PRESENT		28eb1a3f-1c15-4a95-931a-4af90ecb574d	46.082698	-64.814457	22.0						2020-05-04T16:20:13	4	5	2020	7621208	7621208	HUMAN_OBSERVATION	iNaturalist	Observations	44917851		nearlydelirious	2020-05-04T21:27:05	CC_BY_NC_4_0	nearlydelirious	nearlydelirious			2025-01-14T12:12:03.746Z	StillImage	COORDINATE_ROUNDED;CONTINENT_DERIVED_FROM_COORDINATES;TAXON_MATCH_TAXON_ID_IGNORED
2580087003	50c9509d-22c7-4a22-a47d-8c48425ef4a7	https://www.inaturalist.org/observations/35886620	Fungi	Basidiomycota	Agaricomycetes	Polyporales	Polyporaceae	Trametes	Trametes pubescens		SPECIES	Trametes pubescens (Schumach.) Pilát	Trametes pubescens		CA		New Brunswick	PRESENT		28eb1a3f-1c15-4a95-931a-4af90ecb574d	46.354837	-64.757827	182.0						2015-09-05T11:07	5	9	2015	7621208	7621208	HUMAN_OBSERVATION	iNaturalist	Observations	35886620		Raymonde G Chartier	2019-11-20T16:07:05	CC_BY_NC_4_0	Raymonde G Chartier	Raymonde G Chartier			2025-01-14T13:00:33.265Z	StillImage	COORDINATE_ROUNDED;CONTINENT_DERIVED_FROM_COORDINATES;TAXON_MATCH_TAXON_ID_IGNORED
1990288588	032f1fbe-d21f-407d-be46-5cd1bb1ea397	c59d7460-0d50-498c-9248-3e7a1df666ea	Fungi	Basidiomycota	Agaricomycetes	Polyporales	Polyporaceae	Trametes	Trametes pubescens		SPECIES	Polyporus velutinus Pers.	Polyporus velutinus	E.H.L. Krause	CA	Whitney, Algonquin Park, Lake of Two Rivers	Ontario	PRESENT		61c539d8-47e0-4b82-875f-b95aad66dcd4	45.584722	-78.476389							1939-09-13	13	9	1939	5247654	7621208	PRESERVED_SPECIMEN	TENN-F		TENN-F-015020	LRH15020			CC0_1_0		R.F. Cain			2025-01-12T10:33:40.906Z		COORDINATE_ROUNDED;GEODETIC_DATUM_ASSUMED_WGS84;CONTINENT_DERIVED_FROM_COORDINATES;TAXON_MATCH_TAXON_ID_IGNORED;INSTITUTION_MATCH_NONE
1946201910	50c9509d-22c7-4a22-a47d-8c48425ef4a7	https://www.inaturalist.org/observations/17115845	Fungi	Basidiomycota	Agaricomycetes	Polyporales	Polyporaceae	Trametes	Trametes pubescens		SPECIES	Trametes pubescens (Schumach.) Pilát	Trametes pubescens		CA		Québec	PRESENT		28eb1a3f-1c15-4a95-931a-4af90ecb574d	49.812886	-74.397411	197.0						2018-08-04T13:03:18	4	8	2018	7621208	7621208	HUMAN_OBSERVATION	iNaturalist	Observations	17115845		Hilde Marie Johansen	2018-10-02T00:51:22	CC_BY_NC_4_0	Hilde Marie Johansen	Hilde Marie Johansen			2025-01-14T12:05:54.502Z	StillImage	COORDINATE_ROUNDED;CONTINENT_DERIVED_FROM_COORDINATES;TAXON_MATCH_TAXON_ID_IGNORED
1807258431	e8a25a42-f125-476c-8554-3ec21cd51a84	ACAD:114880	Fungi	Basidiomycota	Agaricomycetes	Polyporales	Polyporaceae	Trametes	Trametes pubescens		SPECIES	Trametes pubescens (Schumach.) Pilát	Trametes pubescens (Schumach.) Pilat	(Schumach.) Pilat	CA	Kentville	Nova Scotia	PRESENT		6491ad8c-8e49-4bd4-a089-0ddb3bbe0890	45.07662	-64.49592							1929-04-15	15	4	1929	7621208	7621208	PRESERVED_SPECIMEN	Acadia University	ACAD	6528F				CC0_1_0	Acadia University	Harrison, KA			2024-01-25T01:37:14.995Z	StillImage	GEODETIC_DATUM_INVALID;GEODETIC_DATUM_ASSUMED_WGS84;INSTITUTION_MATCH_FUZZY;COLLECTION_MATCH_FUZZY
1807256079	e8a25a42-f125-476c-8554-3ec21cd51a84	ACAD:112844	Fungi	Basidiomycota	Agaricomycetes	Polyporales	Polyporaceae	Trametes	Trametes pubescens		SPECIES	Trametes pubescens (Schumach.) Pilát	Trametes pubescens (Schumach.) Pilat	(Schumach.) Pilat	CA	(Kentville)	Nova Scotia	PRESENT		6491ad8c-8e49-4bd4-a089-0ddb3bbe0890	45.07662	-64.49592							1931-11-23	23	11	1931	7621208	7621208	PRESERVED_SPECIMEN	Acadia University	ACAD	33F	33			CC0_1_0	Acadia University	H, KA			2024-01-25T01:37:10.712Z	StillImage	GEODETIC_DATUM_INVALID;GEODETIC_DATUM_ASSUMED_WGS84;INSTITUTION_MATCH_FUZZY;COLLECTION_MATCH_FUZZY
1807255384	e8a25a42-f125-476c-8554-3ec21cd51a84	ACAD:111720	Fungi	Basidiomycota	Agaricomycetes	Polyporales	Polyporaceae	Trametes	Trametes pubescens		SPECIES	Trametes pubescens (Schumach.) Pilát	Trametes pubescens (Schumach.) Pilat	(Schumach.) Pilat	CA	Kentville	Nova Scotia	PRESENT		6491ad8c-8e49-4bd4-a089-0ddb3bbe0890	45.07662	-64.49592							1951-06-11	11	6	1951	7621208	7621208	PRESERVED_SPECIMEN	Acadia University	ACAD	1350F	1350			CC0_1_0	Acadia University	H, KA			2024-01-25T01:37:07.115Z	StillImage	GEODETIC_DATUM_INVALID;GEODETIC_DATUM_ASSUMED_WGS84;INSTITUTION_MATCH_FUZZY;COLLECTION_MATCH_FUZZY
1453360442	50c9509d-22c7-4a22-a47d-8c48425ef4a7	https://www.inaturalist.org/observations/4963225	Fungi	Basidiomycota	Agaricomycetes	Polyporales	Polyporaceae	Trametes	Trametes pubescens		SPECIES	Trametes pubescens (Schumach.) Pilát	Trametes pubescens		CA		Nova Scotia	PRESENT		28eb1a3f-1c15-4a95-931a-4af90ecb574d	45.081093	-64.366495	344.0						2016-10-06T15:20:29	6	10	2016	7621208	7621208	HUMAN_OBSERVATION	iNaturalist	Observations	4963225		Tyler d'Entremont	2017-01-17T19:23:54	CC_BY_NC_4_0	Tyler d'Entremont	Tyler d'Entremont			2025-01-14T12:03:01.410Z	StillImage	COORDINATE_ROUNDED;CONTINENT_DERIVED_FROM_COORDINATES;TAXON_MATCH_TAXON_ID_IGNORED
1412707525	21705170-d2b6-42de-8904-c3bca4b83591	CMMF015940	Fungi	Basidiomycota	Agaricomycetes	Polyporales	Polyporaceae	Trametes	Trametes pubescens		SPECIES	Trametes pubescens (Schumach.) Pilát	Trametes pubescens (Schumach.) Pil	(Schumach.) Pil	CA	Sainte-Thérèse de Gatineau, Québec.	Québec	PRESENT		ff7bd5db-b724-4932-b496-10ea298851f9	46.300949	-75.86725	8000.0						1994-08-12	12	8	1994	7621208	7621208	PRESERVED_SPECIMEN	Université de Montréal Biodiversity Centre	CMMF	CMMF015940		Sirard, Léas; Boulet, Bruno		CC0_1_0	Université de Montréal Biodiversity Centre	Sirard, Léas; Boulet, Bruno			2024-01-24T16:38:17.497Z		INSTITUTION_MATCH_FUZZY;COLLECTION_MATCH_FUZZY;DIFFERENT_OWNER_INSTITUTION
1412707523	21705170-d2b6-42de-8904-c3bca4b83591	CMMF015945	Fungi	Basidiomycota	Agaricomycetes	Polyporales	Polyporaceae	Trametes	Trametes pubescens		SPECIES	Trametes pubescens (Schumach.) Pilát	Trametes pubescens (Schumach.) Pil	(Schumach.) Pil	CA	Bois de Coulonges, Québec.	Québec	PRESENT		ff7bd5db-b724-4932-b496-10ea298851f9	46.788919	-71.24025	1000.0						1972-09-30	30	9	1972	7621208	7621208	PRESERVED_SPECIMEN	Université de Montréal Biodiversity Centre	CMMF	CMMF015945		Sirard, Léas; Boulet, Bruno		CC0_1_0	Université de Montréal Biodiversity Centre	Sirard, Léas; Boulet, Bruno			2024-01-24T16:38:17.492Z		INSTITUTION_MATCH_FUZZY;COLLECTION_MATCH_FUZZY;DIFFERENT_OWNER_INSTITUTION
1412707473	21705170-d2b6-42de-8904-c3bca4b83591	CMMF015944	Fungi	Basidiomycota	Agaricomycetes	Polyporales	Polyporaceae	Trametes	Trametes pubescens		SPECIES	Trametes pubescens (Schumach.) Pilát	Trametes pubescens (Schumach.) Pil	(Schumach.) Pil	CA	Granby, Québec.	Québec	PRESENT		ff7bd5db-b724-4932-b496-10ea298851f9	45.4	-72.733333	5000.0						2000-09		9	2000	7621208	7621208	PRESERVED_SPECIMEN	Université de Montréal Biodiversity Centre	CMMF	CMMF015944		Boulet, Bruno		CC0_1_0	Université de Montréal Biodiversity Centre	Boulet, Bruno			2024-01-24T16:38:17.493Z		INSTITUTION_MATCH_FUZZY;COLLECTION_MATCH_FUZZY;DIFFERENT_OWNER_INSTITUTION
1412707459	21705170-d2b6-42de-8904-c3bca4b83591	CMMF015942	Fungi	Basidiomycota	Agaricomycetes	Polyporales	Polyporaceae	Trametes	Trametes pubescens		SPECIES	Trametes pubescens (Schumach.) Pilát	Trametes pubescens (Schumach.) Pil	(Schumach.) Pil	CA	Québec, Québec.	Québec	PRESENT		ff7bd5db-b724-4932-b496-10ea298851f9	46.86201	-71.307678	15000.0						1970-10-05	5	10	1970	7621208	7621208	PRESERVED_SPECIMEN	Université de Montréal Biodiversity Centre	CMMF	CMMF015942		Sirard, Léas; Boulet, Bruno		CC0_1_0	Université de Montréal Biodiversity Centre	Sirard, Léas; Boulet, Bruno			2024-01-24T16:38:17.492Z		INSTITUTION_MATCH_FUZZY;COLLECTION_MATCH_FUZZY;DIFFERENT_OWNER_INSTITUTION
1412707456	21705170-d2b6-42de-8904-c3bca4b83591	CMMF015941	Fungi	Basidiomycota	Agaricomycetes	Polyporales	Polyporaceae	Trametes	Trametes pubescens		SPECIES	Trametes pubescens (Schumach.) Pilát	Trametes pubescens (Schumach.) Pil	(Schumach.) Pil	CA	Québec, Québec.	Québec	PRESENT		ff7bd5db-b724-4932-b496-10ea298851f9	46.86201	-71.307678	15000.0						2001-09		9	2001	7621208	7621208	PRESERVED_SPECIMEN	Université de Montréal Biodiversity Centre	CMMF	CMMF015941		Boulet, Bruno		CC0_1_0	Université de Montréal Biodiversity Centre	Boulet, Bruno			2024-01-24T16:38:17.491Z		INSTITUTION_MATCH_FUZZY;COLLECTION_MATCH_FUZZY;DIFFERENT_OWNER_INSTITUTION
1412707455	21705170-d2b6-42de-8904-c3bca4b83591	CMMF015943	Fungi	Basidiomycota	Agaricomycetes	Polyporales	Polyporaceae	Trametes	Trametes pubescens		SPECIES	Trametes pubescens (Schumach.) Pilát	Trametes pubescens (Schumach.) Pil	(Schumach.) Pil	CA	Montmagny, Québec.	Québec	PRESENT		ff7bd5db-b724-4932-b496-10ea298851f9	46.980077	-70.556636	20000.0						1984-09		9	1984	7621208	7621208	PRESERVED_SPECIMEN	Université de Montréal Biodiversity Centre	CMMF	CMMF015943		Boulet, Bruno		CC0_1_0	Université de Montréal Biodiversity Centre	Boulet, Bruno			2024-01-24T16:38:17.492Z		INSTITUTION_MATCH_FUZZY;COLLECTION_MATCH_FUZZY;DIFFERENT_OWNER_INSTITUTION
1412707444	21705170-d2b6-42de-8904-c3bca4b83591	CMMF015937	Fungi	Basidiomycota	Agaricomycetes	Polyporales	Polyporaceae	Trametes	Trametes pubescens		SPECIES	Trametes pubescens (Schumach.) Pilát	Trametes pubescens (Schumach.) Pil	(Schumach.) Pil	CA	Loretteville, Québec.	Québec	PRESENT		ff7bd5db-b724-4932-b496-10ea298851f9	46.867482	-71.384379	8000.0						1987-09-12	12	9	1987	7621208	7621208	PRESERVED_SPECIMEN	Université de Montréal Biodiversity Centre	CMMF	CMMF015937		Boulet, Bruno		CC0_1_0	Université de Montréal Biodiversity Centre	Boulet, Bruno			2024-01-24T16:38:17.495Z		INSTITUTION_MATCH_FUZZY;COLLECTION_MATCH_FUZZY;DIFFERENT_OWNER_INSTITUTION
1412707404	21705170-d2b6-42de-8904-c3bca4b83591	CMMF015936	Fungi	Basidiomycota	Agaricomycetes	Polyporales	Polyporaceae	Trametes	Trametes pubescens		SPECIES	Trametes pubescens (Schumach.) Pilát	Trametes pubescens (Schumach.) Pil	(Schumach.) Pil	CA	Île à Deux Têtes, Québec.	Québec	PRESENT		ff7bd5db-b724-4932-b496-10ea298851f9	45.06184	-73.325484	1000.0						1990-09-20	20	9	1990	7621208	7621208	PRESERVED_SPECIMEN	Université de Montréal Biodiversity Centre	CMMF	CMMF015936		Sirard, Léas; Boulet, Bruno		CC0_1_0	Université de Montréal Biodiversity Centre	Sirard, Léas; Boulet, Bruno			2024-01-24T16:38:17.496Z		INSTITUTION_MATCH_FUZZY;COLLECTION_MATCH_FUZZY;DIFFERENT_OWNER_INSTITUTION
1412707388	21705170-d2b6-42de-8904-c3bca4b83591	CMMF015939	Fungi	Basidiomycota	Agaricomycetes	Polyporales	Polyporaceae	Trametes	Trametes pubescens		SPECIES	Trametes pubescens (Schumach.) Pilát	Trametes pubescens (Schumach.) Pil	(Schumach.) Pil	CA	Ville-Marie de Lévis, Québec.	Québec	PRESENT		ff7bd5db-b724-4932-b496-10ea298851f9	46.780249	-71.013352	10000.0						1973-11-24	24	11	1973	7621208	7621208	PRESERVED_SPECIMEN	Université de Montréal Biodiversity Centre	CMMF	CMMF015939		Sirard, Léas		CC0_1_0	Université de Montréal Biodiversity Centre	Sirard, Léas			2024-01-24T16:38:17.496Z		INSTITUTION_MATCH_FUZZY;COLLECTION_MATCH_FUZZY;DIFFERENT_OWNER_INSTITUTION
1412707374	21705170-d2b6-42de-8904-c3bca4b83591	CMMF015938	Fungi	Basidiomycota	Agaricomycetes	Polyporales	Polyporaceae	Trametes	Trametes pubescens		SPECIES	Trametes pubescens (Schumach.) Pilát	Trametes pubescens (Schumach.) Pil	(Schumach.) Pil	CA	Université, Sainte-Foy, Québec.	Québec	PRESENT		ff7bd5db-b724-4932-b496-10ea298851f9	46.781692	-71.274964	1000.0						1973-12-08	8	12	1973	7621208	7621208	PRESERVED_SPECIMEN	Université de Montréal Biodiversity Centre	CMMF	CMMF015938		Sirard, Léas		CC0_1_0	Université de Montréal Biodiversity Centre	Sirard, Léas			2024-01-24T16:38:17.496Z		INSTITUTION_MATCH_FUZZY;COLLECTION_MATCH_FUZZY;DIFFERENT_OWNER_INSTITUTION
1412706994	21705170-d2b6-42de-8904-c3bca4b83591	CMMF015348	Fungi	Basidiomycota	Agaricomycetes	Polyporales	Polyporaceae	Trametes	Trametes pubescens		SPECIES	Trametes velutina (P.Karst.) G.Cunn.	Trametes velutina (Pers.) G. Cunn.	(Pers.) G. Cunn.	CA	Chicoutimi, Québec.	Québec	PRESENT		ff7bd5db-b724-4932-b496-10ea298851f9	48.368277	-71.119642	15000.0						1987-10-04	4	10	1987	2548159	7621208	PRESERVED_SPECIMEN	Université de Montréal Biodiversity Centre	CMMF	CMMF015348	841	Guérin, Gérard		CC0_1_0	Université de Montréal Biodiversity Centre	Guérin, Gérard			2024-01-24T16:38:17.075Z	StillImage	INSTITUTION_MATCH_FUZZY;COLLECTION_MATCH_FUZZY;DIFFERENT_OWNER_INSTITUTION
1412706872	21705170-d2b6-42de-8904-c3bca4b83591	CMMF015351	Fungi	Basidiomycota	Agaricomycetes	Polyporales	Polyporaceae	Trametes	Trametes pubescens		SPECIES	Trametes pubescens (Schumach.) Pilát	Trametes pubescens (Schumach.) Pil	(Schumach.) Pil	CA	Dolbeau, Québec.	Québec	PRESENT		ff7bd5db-b724-4932-b496-10ea298851f9	48.872751	-72.216576	5000.0						1994-08-27	27	8	1994	7621208	7621208	PRESERVED_SPECIMEN	Université de Montréal Biodiversity Centre	CMMF	CMMF015351	845	Guérin, Gérard		CC0_1_0	Université de Montréal Biodiversity Centre	Guérin, Gérard			2024-01-24T16:38:17.073Z	StillImage	INSTITUTION_MATCH_FUZZY;COLLECTION_MATCH_FUZZY;DIFFERENT_OWNER_INSTITUTION
1412706846	21705170-d2b6-42de-8904-c3bca4b83591	CMMF015352	Fungi	Basidiomycota	Agaricomycetes	Polyporales	Polyporaceae	Trametes	Trametes pubescens		SPECIES	Trametes pubescens (Schumach.) Pilát	Trametes pubescens (Schumach.) Pil	(Schumach.) Pil	CA	Lac Émeraude, Saint-Ubalde, Québec.	Québec	PRESENT		ff7bd5db-b724-4932-b496-10ea298851f9	46.820449	-72.234717	2000.0						1979-08-02	2	8	1979	7621208	7621208	PRESERVED_SPECIMEN	Université de Montréal Biodiversity Centre	CMMF	CMMF015352	844	Guérin, Gérard		CC0_1_0	Université de Montréal Biodiversity Centre	Guérin, Gérard			2024-01-24T16:38:17.073Z	StillImage	INSTITUTION_MATCH_FUZZY;COLLECTION_MATCH_FUZZY;DIFFERENT_OWNER_INSTITUTION
1412706810	21705170-d2b6-42de-8904-c3bca4b83591	CMMF015349	Fungi	Basidiomycota	Agaricomycetes	Polyporales	Polyporaceae	Trametes	Trametes pubescens		SPECIES	Trametes velutina (P.Karst.) G.Cunn.	Trametes velutina (Pers.) G. Cunn.	(Pers.) G. Cunn.	CA	Petit-Saguenay, Québec.	Québec	PRESENT		ff7bd5db-b724-4932-b496-10ea298851f9	48.211445	-70.071049	3500.0						1994-09-24	24	9	1994	2548159	7621208	PRESERVED_SPECIMEN	Université de Montréal Biodiversity Centre	CMMF	CMMF015349	842	Guérin, Gérard		CC0_1_0	Université de Montréal Biodiversity Centre	Guérin, Gérard			2024-01-24T16:38:17.074Z	StillImage	INSTITUTION_MATCH_FUZZY;COLLECTION_MATCH_FUZZY;DIFFERENT_OWNER_INSTITUTION
1412706708	21705170-d2b6-42de-8904-c3bca4b83591	CMMF015177	Fungi	Basidiomycota	Agaricomycetes	Polyporales	Polyporaceae	Trametes	Trametes pubescens		SPECIES	Trametes pubescens (Schumach.) Pilát	Trametes pubescens (Schumach.) Pil	(Schumach.) Pil	CA	Anse-à-Peltier, Saint-Fulgence, Québec.	Québec	PRESENT		ff7bd5db-b724-4932-b496-10ea298851f9	48.423275	-70.739032	7000.0						1995-08-26	26	8	1995	7621208	7621208	PRESERVED_SPECIMEN	Université de Montréal Biodiversity Centre	CMMF	CMMF015177	846	Guérin, Gérard		CC0_1_0	Université de Montréal Biodiversity Centre	Guérin, Gérard			2024-01-24T16:38:16.897Z	StillImage	INSTITUTION_MATCH_FUZZY;COLLECTION_MATCH_FUZZY;DIFFERENT_OWNER_INSTITUTION
1412703166	21705170-d2b6-42de-8904-c3bca4b83591	CMMF011644	Fungi	Basidiomycota	Agaricomycetes	Polyporales	Polyporaceae	Trametes	Trametes pubescens		SPECIES	Polyporus pubescens (Schumach.) Fr.	Polyporus pubescens (Schumach.) Fr.	(Schumach.) Fr.	CA	Lac disparu, Sainte-Anne de la Pocatière, Kamouraska, Québec.	Québec	PRESENT		ff7bd5db-b724-4932-b496-10ea298851f9	47.3105	-70.03165	6000.0						1941-10-04	4	10	1941	5247637	7621208	PRESERVED_SPECIMEN	Université de Montréal Biodiversity Centre	CMMF	CMMF011644	17118b	Pomerleau, René		CC0_1_0	Université de Montréal Biodiversity Centre	Campagna, Elzéar			2024-01-24T16:38:18.057Z		INSTITUTION_MATCH_FUZZY;COLLECTION_MATCH_FUZZY;DIFFERENT_OWNER_INSTITUTION
1412703113	21705170-d2b6-42de-8904-c3bca4b83591	CMMF011619	Fungi	Basidiomycota	Agaricomycetes	Polyporales	Polyporaceae	Trametes	Trametes pubescens		SPECIES	Polyporus pubescens (Schumach.) Fr.	Polyporus pubescens (Schumach.) Fr.	(Schumach.) Fr.	CA	Sainte-Anne de la Pocatière, Kamouraska, Québec.	Québec	PRESENT		ff7bd5db-b724-4932-b496-10ea298851f9	47.366667	-70.033333	8000.0						1941-10-15	15	10	1941	5247637	7621208	PRESERVED_SPECIMEN	Université de Montréal Biodiversity Centre	CMMF	CMMF011619	17210	Pomerleau, René		CC0_1_0	Université de Montréal Biodiversity Centre	Campagna, Elzéar; Dubé, Lucien			2024-01-24T16:38:18.129Z		INSTITUTION_MATCH_FUZZY;COLLECTION_MATCH_FUZZY;DIFFERENT_OWNER_INSTITUTION
1269737346	0d4af118-b79e-40c7-9cc6-142c5027cb16	633f37cf-0600-484e-9bf6-638228f05416	Fungi	Basidiomycota	Agaricomycetes	Polyporales	Polyporaceae	Trametes	Trametes pubescens		SPECIES	Coriolus pubescens (Schumach.) Quél.	Coriolus pubescens	(Schumach.) Quél.	CA	Griffith	Ontario	PRESENT		38a69420-bd2a-11dd-b15e-b8a03c50a862	45.244187	-77.166209	2250.0						1958-09-16	16	9	1958	5247644	7621208	PRESERVED_SPECIMEN	LSUM	Fungi	LSU00173980	34167	Roy F. Cain		CC0_1_0		Roy F. Cain			2025-01-12T11:02:07.689Z	StillImage	CONTINENT_DERIVED_FROM_COORDINATES;TAXON_MATCH_TAXON_ID_IGNORED;INSTITUTION_MATCH_FUZZY;INSTITUTION_COLLECTION_MISMATCH
1135070819	21705170-d2b6-42de-8904-c3bca4b83591	CMMF009399	Fungi	Basidiomycota	Agaricomycetes	Polyporales	Polyporaceae	Trametes	Trametes pubescens		SPECIES	Trametes velutina (P.Karst.) G.Cunn.	Trametes velutina (Pers.) G. Cunn.	(Pers.) G. Cunn.	CA	Rue des Castors, Québec.	Québec	PRESENT		ff7bd5db-b724-4932-b496-10ea298851f9	46.891264	-71.290968	500.0						2006-10-19	19	10	2006	2548159	7621208	PRESERVED_SPECIMEN	Université de Montréal Biodiversity Centre	CMMF	CMMF009399	983	Labbé, Roland		CC0_1_0	Université de Montréal Biodiversity Centre	Labrecque, Jacqueline			2024-01-24T16:38:21.610Z		INSTITUTION_MATCH_FUZZY;COLLECTION_MATCH_FUZZY;DIFFERENT_OWNER_INSTITUTION
1135068410	21705170-d2b6-42de-8904-c3bca4b83591	CMMF006921	Fungi	Basidiomycota	Agaricomycetes	Polyporales	Polyporaceae	Trametes	Trametes pubescens		SPECIES	Trametes pubescens (Schumach.) Pilát	Trametes pubescens (Schumach.) Pil	(Schumach.) Pil	CA	Lachute	Québec	PRESENT		ff7bd5db-b724-4932-b496-10ea298851f9	45.66275	-74.241983	100.0						2005-10-21	21	10	2005	7621208	7621208	PRESERVED_SPECIMEN	Université de Montréal Biodiversity Centre	CMMF	CMMF006921	C2684	McNeil, Raymond		CC0_1_0	Université de Montréal Biodiversity Centre	McNeil, Raymond			2024-01-24T16:38:18.640Z	StillImage	COORDINATE_ROUNDED;INSTITUTION_MATCH_FUZZY;COLLECTION_MATCH_FUZZY;DIFFERENT_OWNER_INSTITUTION
1135068148	21705170-d2b6-42de-8904-c3bca4b83591	CMMF006800	Fungi	Basidiomycota	Agaricomycetes	Polyporales	Polyporaceae	Trametes	Trametes pubescens		SPECIES	Trametes pubescens (Schumach.) Pilát	Trametes pubescens (Schumach.) Pil	(Schumach.) Pil	CA	Lorraine	Québec	PRESENT		ff7bd5db-b724-4932-b496-10ea298851f9	45.661917	-73.789583	100.0						1980-04-26	26	4	1980	7621208	7621208	PRESERVED_SPECIMEN	Université de Montréal Biodiversity Centre	CMMF	CMMF006800	150	McNeil, Raymond		CC0_1_0	Université de Montréal Biodiversity Centre	McNeil, Raymond			2024-01-24T16:38:18.536Z	StillImage	COORDINATE_ROUNDED;INSTITUTION_MATCH_FUZZY;COLLECTION_MATCH_FUZZY;DIFFERENT_OWNER_INSTITUTION
1135067628	21705170-d2b6-42de-8904-c3bca4b83591	CMMF006176	Fungi	Basidiomycota	Agaricomycetes	Polyporales	Polyporaceae	Trametes	Trametes pubescens		SPECIES	Trametes pubescens (Schumach.) Pilát	Trametes pubescens (Schumach.) Pil	(Schumach.) Pil	CA	Châteauguay	Québec	PRESENT		ff7bd5db-b724-4932-b496-10ea298851f9	45.35433	-73.774083	100.0						1978-10-08	8	10	1978	7621208	7621208	PRESERVED_SPECIMEN	Université de Montréal Biodiversity Centre	CMMF	CMMF006176	1086	McNeil, Raymond		CC0_1_0	Université de Montréal Biodiversity Centre	McNeil, Raymond			2024-01-24T16:38:18.744Z		COORDINATE_ROUNDED;INSTITUTION_MATCH_FUZZY;COLLECTION_MATCH_FUZZY;DIFFERENT_OWNER_INSTITUTION
1024560251	21705170-d2b6-42de-8904-c3bca4b83591	CMMF005728	Fungi	Basidiomycota	Agaricomycetes	Polyporales	Polyporaceae	Trametes	Trametes pubescens		SPECIES	Trametes pubescens (Schumach.) Pilát	Trametes pubescens (Schumach.) Pil	(Schumach.) Pil	CA	Tracy (Parc régional)	Québec	PRESENT		ff7bd5db-b724-4932-b496-10ea298851f9	45.318783	-73.1651	100.0						2013-09-28	28	9	2013	7621208	7621208	PRESERVED_SPECIMEN	Université de Montréal Biodiversity Centre	CMMF	CMMF005728	C4316	McNeil, Raymond		CC0_1_0	Université de Montréal Biodiversity Centre	McNeil, Raymond			2024-01-24T16:38:16.603Z	StillImage	COORDINATE_ROUNDED;INSTITUTION_MATCH_FUZZY;COLLECTION_MATCH_FUZZY;DIFFERENT_OWNER_INSTITUTION
1024558817	21705170-d2b6-42de-8904-c3bca4b83591	CMMF004267	Fungi	Basidiomycota	Agaricomycetes	Polyporales	Polyporaceae	Trametes	Trametes pubescens		SPECIES	Trametes pubescens (Schumach.) Pilát	Trametes pubescens (Schumach.) Pil	(Schumach.) Pil	CA	Réserve écologique du Boisé-des-Muir, Hinchinbrooke.	Québec	PRESENT		ff7bd5db-b724-4932-b496-10ea298851f9	45.086255	-74.114281	10.0						2012-07-09	9	7	2012	7621208	7621208	PRESERVED_SPECIMEN	Université de Montréal Biodiversity Centre	CMMF	CMMF004267	275	Nuzzolese, Joseph		CC0_1_0	Université de Montréal Biodiversity Centre	Archambault, Raymond; Langlois, Annabelle; McNeil, Raymond; Nuzzolese, Joseph; Turgon, Jean-Pierre			2024-01-24T16:38:18.715Z		INSTITUTION_MATCH_FUZZY;COLLECTION_MATCH_FUZZY;DIFFERENT_OWNER_INSTITUTION
