gbifID	datasetKey	occurrenceID	kingdom	phylum	class	order	family	genus	species	infraspecificEpithet	taxonRank	scientificName	verbatimScientificName	verbatimScientificNameAuthorship	countryCode	locality	stateProvince	occurrenceStatus	individualCount	publishingOrgKey	decimalLatitude	decimalLongitude	coordinateUncertaintyInMeters	coordinatePrecision	elevation	elevationAccuracy	depth	depthAccuracy	eventDate	day	month	year	taxonKey	speciesKey	basisOfRecord	institutionCode	collectionCode	catalogNumber	recordNumber	identifiedBy	dateIdentified	license	rightsHolder	recordedBy	typeStatus	establishmentMeans	lastInterpreted	mediaType	issue
617549073	21705170-d2b6-42de-8904-c3bca4b83591	CMMF001684	Fungi	Basidiomycota	Agaricomycetes	Agaricales	Hygrophoraceae	Hygrocybe	Hygrocybe miniata		SPECIES	Hygrocybe miniata (Fr.) P.Kumm.	Hygrocybe miniata (Fr.) P. Kumm.	(Fr.) P. Kumm.	CA	Saint-Bruno-de-Montarville	Québec	PRESENT		ff7bd5db-b724-4932-b496-10ea298851f9	45.526599	-73.344507	5500.0						1992-07-20	20	7	1992	2538580	2538580	PRESERVED_SPECIMEN	Université de Montréal Biodiversity Centre	CMMF	CMMF001684		Lamoureux, Yves		CC0_1_0	Université de Montréal Biodiversity Centre	Lamoureux, Yves			2024-01-24T16:38:17.703Z	StillImage	INSTITUTION_MATCH_FUZZY;COLLECTION_MATCH_FUZZY;DIFFERENT_OWNER_INSTITUTION
617548608	21705170-d2b6-42de-8904-c3bca4b83591	CMMF000148	Fungi	Basidiomycota	Agaricomycetes	Agaricales	Hygrophoraceae	Hygrocybe	Hygrocybe miniata		SPECIES	Hygrocybe miniata (Fr.) P.Kumm.	Hygrocybe miniata (Fr.) P. Kumm.	(Fr.) P. Kumm.	CA	Sainte-Marguerite-Station	Québec	PRESENT		ff7bd5db-b724-4932-b496-10ea298851f9	45.990446	-74.119788	3000.0						1988-08-08	8	8	1988	2538580	2538580	PRESERVED_SPECIMEN	Université de Montréal Biodiversity Centre	CMMF	CMMF000148		Lamoureux, Yves		CC0_1_0	Université de Montréal Biodiversity Centre	Lamoureux, Yves			2024-01-24T16:38:20.539Z	StillImage	INSTITUTION_MATCH_FUZZY;COLLECTION_MATCH_FUZZY;DIFFERENT_OWNER_INSTITUTION
617548086	21705170-d2b6-42de-8904-c3bca4b83591	CMMF001252	Fungi	Basidiomycota	Agaricomycetes	Agaricales	Hygrophoraceae	Hygrocybe	Hygrocybe miniata		SPECIES	Hygrocybe miniata (Fr.) P.Kumm.	Hygrocybe miniata (Fr.) P. Kumm.	(Fr.) P. Kumm.	CA	Saint-Hippolyte	Québec	PRESENT		ff7bd5db-b724-4932-b496-10ea298851f9	45.931985	-74.025434	13000.0						1990-09-23	23	9	1990	2538580	2538580	PRESERVED_SPECIMEN	Université de Montréal Biodiversity Centre	CMMF	CMMF001252		Lamoureux, Yves		CC0_1_0	Université de Montréal Biodiversity Centre	Lamoureux, Yves			2024-01-24T16:38:16.569Z	StillImage	INSTITUTION_MATCH_FUZZY;COLLECTION_MATCH_FUZZY;DIFFERENT_OWNER_INSTITUTION
4994366172	50c9509d-22c7-4a22-a47d-8c48425ef4a7	https://www.inaturalist.org/observations/89685484	Fungi	Basidiomycota	Agaricomycetes	Agaricales	Hygrophoraceae	Hygrocybe	Hygrocybe miniata		SPECIES	Hygrocybe miniata (Fr.) P.Kumm.	Hygrocybe miniata		CA		Ontario	PRESENT		28eb1a3f-1c15-4a95-931a-4af90ecb574d	45.059372	-76.126686	17.0						2021-08-02T14:23:04	2	8	2021	2538580	2538580	HUMAN_OBSERVATION	iNaturalist	Observations	89685484		Windstone Farm	2021-08-02T20:00:31	CC_BY_NC_4_0	Windstone Farm	Windstone Farm			2025-01-14T12:21:00.996Z	StillImage	COORDINATE_ROUNDED;CONTINENT_DERIVED_FROM_COORDINATES;TAXON_MATCH_TAXON_ID_IGNORED
4994055652	50c9509d-22c7-4a22-a47d-8c48425ef4a7	https://www.inaturalist.org/observations/133906090	Fungi	Basidiomycota	Agaricomycetes	Agaricales	Hygrophoraceae	Hygrocybe	Hygrocybe miniata		SPECIES	Hygrocybe miniata (Fr.) P.Kumm.	Hygrocybe miniata		CA		Prince Edward Island	PRESENT		28eb1a3f-1c15-4a95-931a-4af90ecb574d	46.693528	-64.0783	4.0						2022-09-02T13:29:29	2	9	2022	2538580	2538580	HUMAN_OBSERVATION	iNaturalist	Observations	133906090		Harriet Dreise	2022-09-06T14:31:48	CC_BY_NC_4_0	Harriet Dreise	Harriet Dreise			2025-01-14T12:31:25.398Z	StillImage	COORDINATE_ROUNDED;CONTINENT_DERIVED_FROM_COORDINATES;TAXON_MATCH_TAXON_ID_IGNORED
4993853449	50c9509d-22c7-4a22-a47d-8c48425ef4a7	https://www.inaturalist.org/observations/236377933	Fungi	Basidiomycota	Agaricomycetes	Agaricales	Hygrophoraceae	Hygrocybe	Hygrocybe miniata		SPECIES	Hygrocybe miniata (Fr.) P.Kumm.	Hygrocybe miniata		CA		Québec	PRESENT		28eb1a3f-1c15-4a95-931a-4af90ecb574d	45.08152	-73.146677	3116.0						2024-08-17T10:12:02	17	8	2024	2538580	2538580	HUMAN_OBSERVATION	iNaturalist	Observations	236377933		egrenier	2024-11-23T14:20:52	CC_BY_NC_4_0	egrenier	egrenier			2025-01-14T12:57:25.337Z	StillImage	COORDINATE_ROUNDED;CONTINENT_DERIVED_FROM_COORDINATES;TAXON_MATCH_TAXON_ID_IGNORED
4974317060	50c9509d-22c7-4a22-a47d-8c48425ef4a7	https://www.inaturalist.org/observations/238160162	Fungi	Basidiomycota	Agaricomycetes	Agaricales	Hygrophoraceae	Hygrocybe	Hygrocybe miniata		SPECIES	Hygrocybe miniata (Fr.) P.Kumm.	Hygrocybe miniata		CA		Prince Edward Island	PRESENT		28eb1a3f-1c15-4a95-931a-4af90ecb574d	46.645978	-64.341753	4.0						2024-08-26T11:28:39	26	8	2024	2538580	2538580	HUMAN_OBSERVATION	iNaturalist	Observations	238160162		Rosemary Curley	2024-08-26T23:32:52	CC_BY_NC_4_0	Rosemary Curley	Rosemary Curley			2025-01-14T13:40:17.903Z	StillImage	COORDINATE_ROUNDED;CONTINENT_DERIVED_FROM_COORDINATES;TAXON_MATCH_TAXON_ID_IGNORED
4946028798	50c9509d-22c7-4a22-a47d-8c48425ef4a7	https://www.inaturalist.org/observations/241505087	Fungi	Basidiomycota	Agaricomycetes	Agaricales	Hygrophoraceae	Hygrocybe	Hygrocybe miniata		SPECIES	Hygrocybe miniata (Fr.) P.Kumm.	Hygrocybe miniata		CA		Ontario	PRESENT		28eb1a3f-1c15-4a95-931a-4af90ecb574d	45.370469	-75.796706	5.0						2024-09-13T09:36	13	9	2024	2538580	2538580	HUMAN_OBSERVATION	iNaturalist	Observations	241505087		Deborah Mosher	2024-09-13T18:23:34	CC_BY_NC_4_0	Deborah Mosher	Deborah Mosher			2025-01-14T12:57:23.165Z	StillImage	COORDINATE_ROUNDED;CONTINENT_DERIVED_FROM_COORDINATES;TAXON_MATCH_TAXON_ID_IGNORED
4924025074	50c9509d-22c7-4a22-a47d-8c48425ef4a7	https://www.inaturalist.org/observations/234936094	Fungi	Basidiomycota	Agaricomycetes	Agaricales	Hygrophoraceae	Hygrocybe	Hygrocybe miniata		SPECIES	Hygrocybe miniata (Fr.) P.Kumm.	Hygrocybe miniata		CA		Ontario	PRESENT		28eb1a3f-1c15-4a95-931a-4af90ecb574d	45.199657	-76.237035							2024-08-10T14:01	10	8	2024	2538580	2538580	HUMAN_OBSERVATION	iNaturalist	Observations	234936094		almonteallisons	2024-08-10T18:40:15	CC_BY_NC_4_0	almonteallisons	almonteallisons			2025-01-14T12:51:20.446Z	StillImage	COORDINATE_ROUNDED;CONTINENT_DERIVED_FROM_COORDINATES;TAXON_MATCH_TAXON_ID_IGNORED
4921822577	50c9509d-22c7-4a22-a47d-8c48425ef4a7	https://www.inaturalist.org/observations/232815475	Fungi	Basidiomycota	Agaricomycetes	Agaricales	Hygrophoraceae	Hygrocybe	Hygrocybe miniata		SPECIES	Hygrocybe miniata (Fr.) P.Kumm.	Hygrocybe miniata		CA		Québec	PRESENT		28eb1a3f-1c15-4a95-931a-4af90ecb574d	45.872811	-76.4339	501.0						2024-07-26T12:17	26	7	2024	2538580	2538580	HUMAN_OBSERVATION	iNaturalist	Observations	232815475		L Joan Heyding	2024-07-31T01:33:34	CC_BY_NC_4_0	L Joan Heyding	L Joan Heyding			2025-01-14T12:47:38.232Z	StillImage	COORDINATE_ROUNDED;CONTINENT_DERIVED_FROM_COORDINATES;TAXON_MATCH_TAXON_ID_IGNORED
4919703394	50c9509d-22c7-4a22-a47d-8c48425ef4a7	https://www.inaturalist.org/observations/231843949	Fungi	Basidiomycota	Agaricomycetes	Agaricales	Hygrophoraceae	Hygrocybe	Hygrocybe miniata		SPECIES	Hygrocybe miniata (Fr.) P.Kumm.	Hygrocybe miniata		CA		Ontario	PRESENT		28eb1a3f-1c15-4a95-931a-4af90ecb574d	45.362926	-77.618449	1524.0						2024-07-26T12:06:59	26	7	2024	2538580	2538580	HUMAN_OBSERVATION	iNaturalist	Observations	231843949		Andrew Claassen	2024-07-26T16:19:53	CC_BY_NC_4_0	Kaelyn	Kaelyn			2025-01-14T13:34:30.712Z	StillImage	COORDINATE_ROUNDED;CONTINENT_DERIVED_FROM_COORDINATES;TAXON_MATCH_TAXON_ID_IGNORED
4910986183	50c9509d-22c7-4a22-a47d-8c48425ef4a7	https://www.inaturalist.org/observations/229521129	Fungi	Basidiomycota	Agaricomycetes	Agaricales	Hygrophoraceae	Hygrocybe	Hygrocybe miniata		SPECIES	Hygrocybe miniata (Fr.) P.Kumm.	Hygrocybe miniata		CA		Ontario	PRESENT		28eb1a3f-1c15-4a95-931a-4af90ecb574d	45.585517	-78.392813	12.0						2024-07-15T11:02:03	15	7	2024	2538580	2538580	HUMAN_OBSERVATION	iNaturalist	Observations	229521129		Sarah Lamond	2024-07-15T16:18:18	CC_BY_NC_4_0	Sarah Lamond	Sarah Lamond			2025-01-14T13:42:47.340Z	StillImage	COORDINATE_ROUNDED;CONTINENT_DERIVED_FROM_COORDINATES;TAXON_MATCH_TAXON_ID_IGNORED
4908551355	50c9509d-22c7-4a22-a47d-8c48425ef4a7	https://www.inaturalist.org/observations/228898775	Fungi	Basidiomycota	Agaricomycetes	Agaricales	Hygrophoraceae	Hygrocybe	Hygrocybe miniata		SPECIES	Hygrocybe miniata (Fr.) P.Kumm.	Hygrocybe miniata		CA		Québec	PRESENT		28eb1a3f-1c15-4a95-931a-4af90ecb574d	48.378638	-71.984825	1130.0						2024-07-10T12:35:31	10	7	2024	2538580	2538580	HUMAN_OBSERVATION	iNaturalist	Observations	228898775		garme	2024-07-15T22:50:51	CC_BY_NC_4_0	jacobll	jacobll			2025-01-14T12:48:43.349Z	StillImage	COORDINATE_ROUNDED;CONTINENT_DERIVED_FROM_COORDINATES;TAXON_MATCH_TAXON_ID_IGNORED
4606577802	50c9509d-22c7-4a22-a47d-8c48425ef4a7	https://www.inaturalist.org/observations/174183037	Fungi	Basidiomycota	Agaricomycetes	Agaricales	Hygrophoraceae	Hygrocybe	Hygrocybe miniata		SPECIES	Hygrocybe miniata (Fr.) P.Kumm.	Hygrocybe miniata		CA		Québec	PRESENT		28eb1a3f-1c15-4a95-931a-4af90ecb574d	45.367787	-73.194305	8.0						2023-07-19T14:29:29	19	7	2023	2538580	2538580	HUMAN_OBSERVATION	iNaturalist	Observations	174183037		alexe111	2023-07-21T23:28:20	CC_BY_NC_4_0	alexe111	alexe111			2025-01-14T13:31:56.866Z	StillImage	COORDINATE_ROUNDED;CONTINENT_DERIVED_FROM_COORDINATES;TAXON_MATCH_TAXON_ID_IGNORED
4535737132	50c9509d-22c7-4a22-a47d-8c48425ef4a7	https://www.inaturalist.org/observations/201282294	Fungi	Basidiomycota	Agaricomycetes	Agaricales	Hygrophoraceae	Hygrocybe	Hygrocybe miniata		SPECIES	Hygrocybe miniata (Fr.) P.Kumm.	Hygrocybe miniata		CA		Québec	PRESENT		28eb1a3f-1c15-4a95-931a-4af90ecb574d	45.91978	-75.621089	74.0						2003-07-19T13:28	19	7	2003	2538580	2538580	HUMAN_OBSERVATION	iNaturalist	Observations	201282294		François L.	2024-03-04T18:32:09	CC_BY_NC_4_0	François L.	François L.			2025-01-14T12:45:12.271Z	StillImage	COORDINATE_ROUNDED;CONTINENT_DERIVED_FROM_COORDINATES;TAXON_MATCH_TAXON_ID_IGNORED
4465409968	50c9509d-22c7-4a22-a47d-8c48425ef4a7	https://www.inaturalist.org/observations/173400908	Fungi	Basidiomycota	Agaricomycetes	Agaricales	Hygrophoraceae	Hygrocybe	Hygrocybe miniata		SPECIES	Hygrocybe miniata (Fr.) P.Kumm.	Hygrocybe miniata		CA		Prince Edward Island	PRESENT		28eb1a3f-1c15-4a95-931a-4af90ecb574d	46.91774	-64.104126	20.0						2023-07-16T12:39	16	7	2023	2538580	2538580	HUMAN_OBSERVATION	iNaturalist	Observations	173400908		Rosemary Curley	2023-07-17T12:48:46	CC_BY_NC_4_0	Rosemary Curley	Rosemary Curley			2025-01-14T12:39:56.538Z	StillImage	COORDINATE_ROUNDED;CONTINENT_DERIVED_FROM_COORDINATES;TAXON_MATCH_TAXON_ID_IGNORED
4430934100	50c9509d-22c7-4a22-a47d-8c48425ef4a7	https://www.inaturalist.org/observations/182501217	Fungi	Basidiomycota	Agaricomycetes	Agaricales	Hygrophoraceae	Hygrocybe	Hygrocybe miniata		SPECIES	Hygrocybe miniata (Fr.) P.Kumm.	Hygrocybe miniata		CA		Ontario	PRESENT		28eb1a3f-1c15-4a95-931a-4af90ecb574d	45.433145	-76.326662	10.0						2023-09-08T16:10:12	8	9	2023	2538580	2538580	HUMAN_OBSERVATION	iNaturalist	Observations	182501217		gordv	2023-09-09T17:43:33	CC_BY_NC_4_0	gordv	gordv			2025-01-14T12:40:57.317Z	StillImage	COORDINATE_ROUNDED;CONTINENT_DERIVED_FROM_COORDINATES;TAXON_MATCH_TAXON_ID_IGNORED
4420788265	50c9509d-22c7-4a22-a47d-8c48425ef4a7	https://www.inaturalist.org/observations/185330126	Fungi	Basidiomycota	Agaricomycetes	Agaricales	Hygrophoraceae	Hygrocybe	Hygrocybe miniata		SPECIES	Hygrocybe miniata (Fr.) P.Kumm.	Hygrocybe miniata		CA		Québec	PRESENT		28eb1a3f-1c15-4a95-931a-4af90ecb574d	45.492483	-74.012754							2023-09-18T10:47:09	18	9	2023	2538580	2538580	HUMAN_OBSERVATION	iNaturalist	Observations	185330126		Chantal Gauthier	2023-09-28T20:12:45	CC_BY_NC_4_0	Chantal Gauthier	Chantal Gauthier			2025-01-14T13:29:33.652Z		CONTINENT_DERIVED_FROM_COORDINATES;TAXON_MATCH_TAXON_ID_IGNORED
4405254349	50c9509d-22c7-4a22-a47d-8c48425ef4a7	https://www.inaturalist.org/observations/104493715	Fungi	Basidiomycota	Agaricomycetes	Agaricales	Hygrophoraceae	Hygrocybe	Hygrocybe miniata		SPECIES	Hygrocybe miniata (Fr.) P.Kumm.	Hygrocybe miniata		CA		Québec	PRESENT		28eb1a3f-1c15-4a95-931a-4af90ecb574d	45.917513	-76.504367	27095.0						2021-07-26T14:08	26	7	2021	2538580	2538580	HUMAN_OBSERVATION	iNaturalist	Observations	104493715		L Joan Heyding	2022-01-07T01:19:58	CC_BY_NC_4_0	L Joan Heyding	L Joan Heyding			2025-01-14T12:24:43.520Z	StillImage	COORDINATE_ROUNDED;CONTINENT_DERIVED_FROM_COORDINATES;TAXON_MATCH_TAXON_ID_IGNORED
4405147948	50c9509d-22c7-4a22-a47d-8c48425ef4a7	https://www.inaturalist.org/observations/179600132	Fungi	Basidiomycota	Agaricomycetes	Agaricales	Hygrophoraceae	Hygrocybe	Hygrocybe miniata		SPECIES	Hygrocybe miniata (Fr.) P.Kumm.	Hygrocybe miniata		CA		Prince Edward Island	PRESENT		28eb1a3f-1c15-4a95-931a-4af90ecb574d	46.697872	-64.167335	30.0						2023-08-19T15:19	19	8	2023	2538580	2538580	HUMAN_OBSERVATION	iNaturalist	Observations	179600132		Rosemary Curley	2023-08-21T23:07:43	CC_BY_NC_4_0	Rosemary Curley	Rosemary Curley			2025-01-14T12:39:29.775Z	StillImage	COORDINATE_ROUNDED;CONTINENT_DERIVED_FROM_COORDINATES;TAXON_MATCH_TAXON_ID_IGNORED
4405016354	50c9509d-22c7-4a22-a47d-8c48425ef4a7	https://www.inaturalist.org/observations/104145589	Fungi	Basidiomycota	Agaricomycetes	Agaricales	Hygrophoraceae	Hygrocybe	Hygrocybe miniata		SPECIES	Hygrocybe miniata (Fr.) P.Kumm.	Hygrocybe miniata		CA		Québec	PRESENT		28eb1a3f-1c15-4a95-931a-4af90ecb574d	45.90279	-76.427094	27095.0						2021-07-19T10:34	19	7	2021	2538580	2538580	HUMAN_OBSERVATION	iNaturalist	Observations	104145589		L Joan Heyding	2022-01-02T00:42:42	CC_BY_NC_4_0	L Joan Heyding	L Joan Heyding			2025-01-14T13:11:31.723Z	StillImage	COORDINATE_ROUNDED;CONTINENT_DERIVED_FROM_COORDINATES;TAXON_MATCH_TAXON_ID_IGNORED
4400492466	50c9509d-22c7-4a22-a47d-8c48425ef4a7	https://www.inaturalist.org/observations/179592176	Fungi	Basidiomycota	Agaricomycetes	Agaricales	Hygrophoraceae	Hygrocybe	Hygrocybe miniata		SPECIES	Hygrocybe miniata (Fr.) P.Kumm.	Hygrocybe miniata		CA		Québec	PRESENT		28eb1a3f-1c15-4a95-931a-4af90ecb574d	45.872811	-76.4339	501.0						2023-08-20T08:07	20	8	2023	2538580	2538580	HUMAN_OBSERVATION	iNaturalist	Observations	179592176		L Joan Heyding	2023-08-21T22:05:14	CC_BY_NC_4_0	L Joan Heyding	L Joan Heyding			2025-01-14T12:38:39.758Z	StillImage	COORDINATE_ROUNDED;CONTINENT_DERIVED_FROM_COORDINATES;TAXON_MATCH_TAXON_ID_IGNORED
4165441095	50c9509d-22c7-4a22-a47d-8c48425ef4a7	https://www.inaturalist.org/observations/174086775	Fungi	Basidiomycota	Agaricomycetes	Agaricales	Hygrophoraceae	Hygrocybe	Hygrocybe miniata		SPECIES	Hygrocybe miniata (Fr.) P.Kumm.	Hygrocybe miniata		CA		Québec	PRESENT		28eb1a3f-1c15-4a95-931a-4af90ecb574d	45.898536	-76.405849	27095.0						2023-07-17T18:25	17	7	2023	2538580	2538580	HUMAN_OBSERVATION	iNaturalist	Observations	174086775		L Joan Heyding	2023-07-21T12:46:43	CC_BY_NC_4_0	L Joan Heyding	L Joan Heyding			2025-01-14T13:31:27.114Z	StillImage	COORDINATE_ROUNDED;CONTINENT_DERIVED_FROM_COORDINATES;TAXON_MATCH_TAXON_ID_IGNORED
4121350356	50c9509d-22c7-4a22-a47d-8c48425ef4a7	https://www.inaturalist.org/observations/54836825	Fungi	Basidiomycota	Agaricomycetes	Agaricales	Hygrophoraceae	Hygrocybe	Hygrocybe miniata		SPECIES	Hygrocybe miniata (Fr.) P.Kumm.	Hygrocybe miniata		CA		Ontario	PRESENT		28eb1a3f-1c15-4a95-931a-4af90ecb574d	45.42153	-75.697193	67314.0						2018-09-08	8	9	2018	2538580	2538580	HUMAN_OBSERVATION	iNaturalist	Observations	54836825		nanisthenaturalist	2020-07-30T14:09:46	CC_BY_NC_4_0	nanisthenaturalist	nanisthenaturalist			2025-01-14T12:14:52.054Z	StillImage	COORDINATE_ROUNDED;CONTINENT_DERIVED_FROM_COORDINATES;TAXON_MATCH_TAXON_ID_IGNORED
4104525529	5a6538b8-e35c-46c4-8978-6858a657a75f	a6ded3c4-c7d9-4d7e-9bac-bb827c31e3ec	Fungi	Basidiomycota	Agaricomycetes	Agaricales	Hygrophoraceae	Hygrocybe	Hygrocybe miniata		SPECIES	Hygrophorus miniatus (Fr.) Fr.	Hygrophorus miniatus	(Fr.) Fr.	CA	Middletown, Middletown	New Brunswick	PRESENT		a26dde42-dd82-4d07-a763-353ab27fc02c	46.5	-66.0	301.0						1905-03-16	16	3	1905	2538584	2538580	PRESERVED_SPECIMEN	CUP		CUP-A-018313				CC0_1_0		Gates, Reginald			2025-01-15T04:26:00.529Z		GEODETIC_DATUM_ASSUMED_WGS84;CONTINENT_DERIVED_FROM_COORDINATES;TAXON_MATCH_TAXON_ID_IGNORED;COLLECTION_MATCH_NONE;INSTITUTION_MATCH_FUZZY
4029049938	50c9509d-22c7-4a22-a47d-8c48425ef4a7	https://www.inaturalist.org/observations/131265612	Fungi	Basidiomycota	Agaricomycetes	Agaricales	Hygrophoraceae	Hygrocybe	Hygrocybe miniata		SPECIES	Hygrocybe miniata (Fr.) P.Kumm.	Hygrocybe miniata		CA		New Brunswick	PRESENT		28eb1a3f-1c15-4a95-931a-4af90ecb574d	46.850825	-66.613153	4.0						2022-08-17T09:23	17	8	2022	2538580	2538580	HUMAN_OBSERVATION	iNaturalist	Observations	131265612		Alfredo Justo	2022-08-17T23:09:21	CC_BY_NC_4_0	Alfredo Justo	Alfredo Justo			2025-01-14T14:06:32.288Z	StillImage	COORDINATE_ROUNDED;CONTINENT_DERIVED_FROM_COORDINATES;TAXON_MATCH_TAXON_ID_IGNORED
3994274394	50c9509d-22c7-4a22-a47d-8c48425ef4a7	https://www.inaturalist.org/observations/90059918	Fungi	Basidiomycota	Agaricomycetes	Agaricales	Hygrophoraceae	Hygrocybe	Hygrocybe miniata		SPECIES	Hygrocybe miniata (Fr.) P.Kumm.	Hygrocybe miniata		CA		Québec	PRESENT		28eb1a3f-1c15-4a95-931a-4af90ecb574d	46.224058	-76.092598	263.0						2021-07-21T18:22:20	21	7	2021	2538580	2538580	HUMAN_OBSERVATION	iNaturalist	Observations	90059918		emcox4	2021-08-05T18:52:06	CC_BY_NC_4_0	emcox4	emcox4			2025-01-14T12:21:08.495Z	StillImage	COORDINATE_ROUNDED;CONTINENT_DERIVED_FROM_COORDINATES;TAXON_MATCH_TAXON_ID_IGNORED
3968888322	d8cd16ba-bb74-4420-821e-083f2bac17c2	JN021035	Fungi	Basidiomycota	Agaricomycetes	Agaricales	Hygrophoraceae	Hygrocybe	Hygrocybe miniata		SPECIES	Hygrocybe miniata (Fr.) P.Kumm.	Hygrocybe miniata		CA	Wildlife Research Station, Algonquin Provincial Park		PRESENT		ada9d123-ddb4-467d-8891-806ea8d94230	45.56	-78.58							2006-01-10	10	1	2006	2538580	2538580	PRESERVED_SPECIMEN			TRTC150982		Bryn T. M. Dentinger		CC_BY_4_0		Maryna Didukh			2025-01-18T13:03:52.157Z		GEODETIC_DATUM_ASSUMED_WGS84;CONTINENT_DERIVED_FROM_COORDINATES;TAXON_MATCH_TAXON_CONCEPT_ID_IGNORED;TAXON_MATCH_TAXON_ID_IGNORED
3925192881	50c9509d-22c7-4a22-a47d-8c48425ef4a7	https://www.inaturalist.org/observations/137685712	Fungi	Basidiomycota	Agaricomycetes	Agaricales	Hygrophoraceae	Hygrocybe	Hygrocybe miniata		SPECIES	Hygrocybe miniata (Fr.) P.Kumm.	Hygrocybe miniata		CA		Ontario	PRESENT		28eb1a3f-1c15-4a95-931a-4af90ecb574d	45.14741	-74.774863	90.0						2022-10-05T17:10	5	10	2022	2538580	2538580	HUMAN_OBSERVATION	iNaturalist	Observations	137685712		cdewerowe	2022-10-05T22:03:53	CC_BY_NC_4_0	cdewerowe	cdewerowe			2025-01-14T13:25:47.218Z	StillImage	COORDINATE_ROUNDED;CONTINENT_DERIVED_FROM_COORDINATES;TAXON_MATCH_TAXON_ID_IGNORED
3903577804	50c9509d-22c7-4a22-a47d-8c48425ef4a7	https://www.inaturalist.org/observations/134359067	Fungi	Basidiomycota	Agaricomycetes	Agaricales	Hygrophoraceae	Hygrocybe	Hygrocybe miniata		SPECIES	Hygrocybe miniata (Fr.) P.Kumm.	Hygrocybe miniata		CA		Ontario	PRESENT		28eb1a3f-1c15-4a95-931a-4af90ecb574d	45.371147	-75.788878	116.0						2022-09-07T17:58:47	7	9	2022	2538580	2538580	HUMAN_OBSERVATION	iNaturalist	Observations	134359067		Nina	2022-09-09T23:22:47	CC_BY_NC_4_0	Nina	Nina			2025-01-14T12:33:45.105Z	StillImage	COORDINATE_ROUNDED;CONTINENT_DERIVED_FROM_COORDINATES;TAXON_MATCH_TAXON_ID_IGNORED
3902741561	50c9509d-22c7-4a22-a47d-8c48425ef4a7	https://www.inaturalist.org/observations/133062389	Fungi	Basidiomycota	Agaricomycetes	Agaricales	Hygrophoraceae	Hygrocybe	Hygrocybe miniata		SPECIES	Hygrocybe miniata (Fr.) P.Kumm.	Hygrocybe miniata		CA		New Brunswick	PRESENT		28eb1a3f-1c15-4a95-931a-4af90ecb574d	47.449158	-65.484342	4.0						2022-08-31T07:43:23	31	8	2022	2538580	2538580	HUMAN_OBSERVATION	iNaturalist	Observations	133062389		earthdream	2022-08-31T12:01:34	CC_BY_NC_4_0	woodbeauties	woodbeauties			2025-01-14T12:31:38.399Z	StillImage	COORDINATE_ROUNDED;CONTINENT_DERIVED_FROM_COORDINATES;TAXON_MATCH_TAXON_ID_IGNORED
3902630955	50c9509d-22c7-4a22-a47d-8c48425ef4a7	https://www.inaturalist.org/observations/95273430	Fungi	Basidiomycota	Agaricomycetes	Agaricales	Hygrophoraceae	Hygrocybe	Hygrocybe miniata		SPECIES	Hygrocybe miniata (Fr.) P.Kumm.	Hygrocybe miniata		CA		New Brunswick	PRESENT		28eb1a3f-1c15-4a95-931a-4af90ecb574d	46.836111	-64.950307	24.0						2021-09-18T12:28:19	18	9	2021	2538580	2538580	HUMAN_OBSERVATION	iNaturalist	Observations	95273430		michaellynch	2021-09-18T15:29:39	CC_BY_NC_4_0	michaellynch	michaellynch			2025-01-14T13:10:38.704Z	StillImage	COORDINATE_ROUNDED;CONTINENT_DERIVED_FROM_COORDINATES;TAXON_MATCH_TAXON_ID_IGNORED
3874126033	50c9509d-22c7-4a22-a47d-8c48425ef4a7	https://www.inaturalist.org/observations/125855703	Fungi	Basidiomycota	Agaricomycetes	Agaricales	Hygrophoraceae	Hygrocybe	Hygrocybe miniata		SPECIES	Hygrocybe miniata (Fr.) P.Kumm.	Hygrocybe miniata		CA		New Brunswick	PRESENT		28eb1a3f-1c15-4a95-931a-4af90ecb574d	47.653195	-64.988945	4.0						2022-07-11T19:47:03	11	7	2022	2538580	2538580	HUMAN_OBSERVATION	iNaturalist	Observations	125855703		juliegallien	2022-07-11T23:45:04	CC_BY_NC_4_0	juliegallien	juliegallien			2025-01-14T13:22:59.534Z	StillImage	CONTINENT_DERIVED_FROM_COORDINATES;TAXON_MATCH_TAXON_ID_IGNORED
3874074362	50c9509d-22c7-4a22-a47d-8c48425ef4a7	https://www.inaturalist.org/observations/125545882	Fungi	Basidiomycota	Agaricomycetes	Agaricales	Hygrophoraceae	Hygrocybe	Hygrocybe miniata		SPECIES	Hygrocybe miniata (Fr.) P.Kumm.	Hygrocybe miniata		CA		Prince Edward Island	PRESENT		28eb1a3f-1c15-4a95-931a-4af90ecb574d	46.38955	-64.001075	5.0						2022-07-09T11:02	9	7	2022	2538580	2538580	HUMAN_OBSERVATION	iNaturalist	Observations	125545882		Ken Sanderson	2022-07-12T20:35:17	CC_BY_NC_4_0	Ken Sanderson	Ken Sanderson			2025-01-14T12:31:39.408Z	StillImage	CONTINENT_DERIVED_FROM_COORDINATES;TAXON_MATCH_TAXON_ID_IGNORED
3873694327	50c9509d-22c7-4a22-a47d-8c48425ef4a7	https://www.inaturalist.org/observations/126843184	Fungi	Basidiomycota	Agaricomycetes	Agaricales	Hygrophoraceae	Hygrocybe	Hygrocybe miniata		SPECIES	Hygrocybe miniata (Fr.) P.Kumm.	Hygrocybe miniata		CA		New Brunswick	PRESENT		28eb1a3f-1c15-4a95-931a-4af90ecb574d	45.4329	-66.036878	2211.0						2022-07-18T10:10:16	18	7	2022	2538580	2538580	HUMAN_OBSERVATION	iNaturalist	Observations	126843184		Todd Ross	2022-07-18T18:05:31	CC_BY_NC_4_0	Todd Ross	Todd Ross			2025-01-14T13:24:02Z	StillImage	COORDINATE_ROUNDED;CONTINENT_DERIVED_FROM_COORDINATES;TAXON_MATCH_TAXON_ID_IGNORED
3873539073	50c9509d-22c7-4a22-a47d-8c48425ef4a7	https://www.inaturalist.org/observations/126009437	Fungi	Basidiomycota	Agaricomycetes	Agaricales	Hygrophoraceae	Hygrocybe	Hygrocybe miniata		SPECIES	Hygrocybe miniata (Fr.) P.Kumm.	Hygrocybe miniata		CA		Québec	PRESENT		28eb1a3f-1c15-4a95-931a-4af90ecb574d	46.842163	-72.383147	4.0						2022-07-12T18:28:20	12	7	2022	2538580	2538580	HUMAN_OBSERVATION	iNaturalist	Observations	126009437		raphaeldeselys	2022-07-13T01:10:46	CC_BY_NC_4_0	raphaeldeselys	raphaeldeselys			2025-01-14T13:23:15.714Z	StillImage	COORDINATE_ROUNDED;CONTINENT_DERIVED_FROM_COORDINATES;TAXON_MATCH_TAXON_ID_IGNORED
3873456372	50c9509d-22c7-4a22-a47d-8c48425ef4a7	https://www.inaturalist.org/observations/125604225	Fungi	Basidiomycota	Agaricomycetes	Agaricales	Hygrophoraceae	Hygrocybe	Hygrocybe miniata		SPECIES	Hygrocybe miniata (Fr.) P.Kumm.	Hygrocybe miniata		CA		Québec	PRESENT		28eb1a3f-1c15-4a95-931a-4af90ecb574d	45.416354	-72.70517	7.0						2022-07-10T09:28:04	10	7	2022	2538580	2538580	HUMAN_OBSERVATION	iNaturalist	Observations	125604225		Lucie Roy	2022-07-10T13:29:17	CC_BY_NC_4_0	Lucie Roy	Lucie Roy			2025-01-14T12:31:01.491Z	StillImage	COORDINATE_ROUNDED;CONTINENT_DERIVED_FROM_COORDINATES;TAXON_MATCH_TAXON_ID_IGNORED
3859584904	50c9509d-22c7-4a22-a47d-8c48425ef4a7	https://www.inaturalist.org/observations/123110451	Fungi	Basidiomycota	Agaricomycetes	Agaricales	Hygrophoraceae	Hygrocybe	Hygrocybe miniata		SPECIES	Hygrocybe miniata (Fr.) P.Kumm.	Hygrocybe miniata		CA		Nova Scotia	PRESENT		28eb1a3f-1c15-4a95-931a-4af90ecb574d	45.760705	-64.195863	27126.0						2022-06-22T17:55	22	6	2022	2538580	2538580	HUMAN_OBSERVATION	iNaturalist	Observations	123110451		cinna_latifolia	2022-06-23T17:53:06	CC_BY_NC_4_0	Ben	Ben			2025-01-14T12:29:18.635Z	StillImage	COORDINATE_ROUNDED;CONTINENT_DERIVED_FROM_COORDINATES;TAXON_MATCH_TAXON_ID_IGNORED
3773302353	50c9509d-22c7-4a22-a47d-8c48425ef4a7	https://www.inaturalist.org/observations/57682718	Fungi	Basidiomycota	Agaricomycetes	Agaricales	Hygrophoraceae	Hygrocybe	Hygrocybe miniata		SPECIES	Hygrocybe miniata (Fr.) P.Kumm.	Hygrocybe miniata		CA		Ontario	PRESENT		28eb1a3f-1c15-4a95-931a-4af90ecb574d	45.2	-79.23							2020-08-26T18:42:53Z	26	8	2020	2538580	2538580	HUMAN_OBSERVATION	iNaturalist	Observations	57682718		cinna_latifolia	2022-05-13T20:08:17	CC_BY_NC_4_0	megandoherty	megandoherty			2025-01-14T12:14:27.135Z	StillImage	CONTINENT_DERIVED_FROM_COORDINATES;TAXON_MATCH_TAXON_ID_IGNORED
3456364848	50c9509d-22c7-4a22-a47d-8c48425ef4a7	https://www.inaturalist.org/observations/94580048	Fungi	Basidiomycota	Agaricomycetes	Agaricales	Hygrophoraceae	Hygrocybe	Hygrocybe miniata		SPECIES	Hygrocybe miniata (Fr.) P.Kumm.	Hygrocybe miniata		CA		Québec	PRESENT		28eb1a3f-1c15-4a95-931a-4af90ecb574d	45.729555	-72.246055	5.0						2021-09-12T09:00	12	9	2021	2538580	2538580	HUMAN_OBSERVATION	iNaturalist	Observations	94580048		François Demers	2021-09-12T15:10:17	CC_BY_NC_4_0	François Demers	François Demers			2025-01-14T12:21:32.624Z	StillImage	COORDINATE_ROUNDED;CONTINENT_DERIVED_FROM_COORDINATES;TAXON_MATCH_TAXON_ID_IGNORED
3384189592	50c9509d-22c7-4a22-a47d-8c48425ef4a7	https://www.inaturalist.org/observations/97483555	Fungi	Basidiomycota	Agaricomycetes	Agaricales	Hygrophoraceae	Hygrocybe	Hygrocybe miniata		SPECIES	Hygrocybe miniata (Fr.) P.Kumm.	Hygrocybe miniata		CA		Ontario	PRESENT		28eb1a3f-1c15-4a95-931a-4af90ecb574d	45.509176	-75.333472	182.0						2021-10-07T08:49	7	10	2021	2538580	2538580	HUMAN_OBSERVATION	iNaturalist	Observations	97483555		Mike Leveille	2021-10-07T20:59:07	CC_BY_NC_4_0	Mike Leveille	Mike Leveille			2025-01-14T12:22:09.410Z	StillImage	COORDINATE_ROUNDED;CONTINENT_DERIVED_FROM_COORDINATES;TAXON_MATCH_TAXON_ID_IGNORED
3355492820	50c9509d-22c7-4a22-a47d-8c48425ef4a7	https://www.inaturalist.org/observations/91869288	Fungi	Basidiomycota	Agaricomycetes	Agaricales	Hygrophoraceae	Hygrocybe	Hygrocybe miniata		SPECIES	Hygrocybe miniata (Fr.) P.Kumm.	Hygrocybe miniata		CA		Ontario	PRESENT		28eb1a3f-1c15-4a95-931a-4af90ecb574d	46.301261	-78.855876	395.0						2021-08-15T13:24:37	15	8	2021	2538580	2538580	HUMAN_OBSERVATION	iNaturalist	Observations	91869288		Mathieu St-Jules	2021-09-07T17:54:41	CC_BY_NC_4_0	taylorbc	taylorbc			2025-01-14T13:10:18.293Z	StillImage	COORDINATE_ROUNDED;CONTINENT_DERIVED_FROM_COORDINATES;TAXON_MATCH_TAXON_ID_IGNORED
3355454709	50c9509d-22c7-4a22-a47d-8c48425ef4a7	https://www.inaturalist.org/observations/90024611	Fungi	Basidiomycota	Agaricomycetes	Agaricales	Hygrophoraceae	Hygrocybe	Hygrocybe miniata		SPECIES	Hygrocybe miniata (Fr.) P.Kumm.	Hygrocybe miniata		CA		Ontario	PRESENT		28eb1a3f-1c15-4a95-931a-4af90ecb574d	46.300117	-78.866208	395.0						2021-08-02T14:12:59	2	8	2021	2538580	2538580	HUMAN_OBSERVATION	iNaturalist	Observations	90024611		taylorbc	2021-08-05T13:36:27	CC_BY_NC_4_0	taylorbc	taylorbc			2025-01-14T13:13:12.473Z	StillImage	COORDINATE_ROUNDED;CONTINENT_DERIVED_FROM_COORDINATES;TAXON_MATCH_TAXON_ID_IGNORED
3350102730	d8cd16ba-bb74-4420-821e-083f2bac17c2	JN029449	Fungi	Basidiomycota	Agaricomycetes	Agaricales	Hygrophoraceae	Hygrocybe	Hygrocybe miniata		SPECIES	Hygrocybe miniata (Fr.) P.Kumm.	Hygrocybe miniata		CA	Ontario, Wildlife Research Station, Algonquin Provincial Park		PRESENT		ada9d123-ddb4-467d-8891-806ea8d94230	45.6	-78.52							2007-09-30	30	9	2007	2538580	2538580	PRESERVED_SPECIMEN			TRTC156887		Bryn T. M. Dentinger		CC_BY_4_0		Bryn Dentinger, Maryna Didukh			2025-01-18T13:05:21.144Z		GEODETIC_DATUM_ASSUMED_WGS84;CONTINENT_DERIVED_FROM_COORDINATES;TAXON_MATCH_TAXON_CONCEPT_ID_IGNORED;TAXON_MATCH_TAXON_ID_IGNORED
3349361227	d8cd16ba-bb74-4420-821e-083f2bac17c2	MN992417	Fungi	Basidiomycota	Agaricomycetes	Agaricales	Hygrophoraceae	Hygrocybe	Hygrocybe miniata		SPECIES	Hygrocybe miniata (Fr.) P.Kumm.	Hygrocybe miniata		CA	Quebec, Anticosti		PRESENT		ada9d123-ddb4-467d-8891-806ea8d94230	49.88	-64.18							2015-09-07	7	9	2015	2538580	2538580	PRESERVED_SPECIMEN			ANT015-QFB28578		Renee Lebeuf		CC_BY_4_0		Cadotte, M.			2025-01-18T13:04:48.462Z		GEODETIC_DATUM_ASSUMED_WGS84;CONTINENT_DERIVED_FROM_COORDINATES;TAXON_MATCH_TAXON_CONCEPT_ID_IGNORED;TAXON_MATCH_TAXON_ID_IGNORED
3349331080	d8cd16ba-bb74-4420-821e-083f2bac17c2	MN992598	Fungi	Basidiomycota	Agaricomycetes	Agaricales	Hygrophoraceae	Hygrocybe	Hygrocybe miniata		SPECIES	Hygrocybe miniata (Fr.) P.Kumm.	Hygrocybe miniata		CA	Quebec, Chibougamau		PRESENT		ada9d123-ddb4-467d-8891-806ea8d94230	49.77	-74.38							2017-09-07	7	9	2017	2538580	2538580	PRESERVED_SPECIMEN			MQ17241-QFB29749		Renee Lebeuf		CC_BY_4_0					2025-01-18T13:04:48.279Z		GEODETIC_DATUM_ASSUMED_WGS84;CONTINENT_DERIVED_FROM_COORDINATES;TAXON_MATCH_TAXON_CONCEPT_ID_IGNORED;TAXON_MATCH_TAXON_ID_IGNORED
3349310535	d8cd16ba-bb74-4420-821e-083f2bac17c2	MN992418	Fungi	Basidiomycota	Agaricomycetes	Agaricales	Hygrophoraceae	Hygrocybe	Hygrocybe miniata		SPECIES	Hygrocybe miniata (Fr.) P.Kumm.	Hygrocybe miniata		CA	Quebec, Anticosti		PRESENT		ada9d123-ddb4-467d-8891-806ea8d94230	49.87	-64.43							2015-09-10	10	9	2015	2538580	2538580	PRESERVED_SPECIMEN			ANT305-QFB28837		Herman Lambert		CC_BY_4_0					2025-01-18T13:04:48.416Z		GEODETIC_DATUM_ASSUMED_WGS84;CONTINENT_DERIVED_FROM_COORDINATES;TAXON_MATCH_TAXON_CONCEPT_ID_IGNORED;TAXON_MATCH_TAXON_ID_IGNORED
3039258426	50c9509d-22c7-4a22-a47d-8c48425ef4a7	https://www.inaturalist.org/observations/29274707	Fungi	Basidiomycota	Agaricomycetes	Agaricales	Hygrophoraceae	Hygrocybe	Hygrocybe miniata		SPECIES	Hygrocybe miniata (Fr.) P.Kumm.	Hygrocybe miniata		CA		Québec	PRESENT		28eb1a3f-1c15-4a95-931a-4af90ecb574d	48.016789	-67.11203	32.0						2019-07-21T13:00:01	21	7	2019	2538580	2538580	HUMAN_OBSERVATION	iNaturalist	Observations	29274707		laurenforrest	2019-07-21T21:39:09	CC_BY_NC_4_0	laurenforrest	laurenforrest			2025-01-14T12:08:21.480Z	StillImage	COORDINATE_ROUNDED;CONTINENT_DERIVED_FROM_COORDINATES;TAXON_MATCH_TAXON_ID_IGNORED
2862451662	50c9509d-22c7-4a22-a47d-8c48425ef4a7	https://www.inaturalist.org/observations/58545238	Fungi	Basidiomycota	Agaricomycetes	Agaricales	Hygrophoraceae	Hygrocybe	Hygrocybe miniata		SPECIES	Hygrocybe miniata (Fr.) P.Kumm.	Hygrocybe miniata		CA		Ontario	PRESENT		28eb1a3f-1c15-4a95-931a-4af90ecb574d	45.10737	-77.997653	33.0						2020-09-04T14:12:17	4	9	2020	2538580	2538580	HUMAN_OBSERVATION	iNaturalist	Observations	58545238		Kevinl100	2020-09-04T21:23:16	CC_BY_NC_4_0	Kevinl100	Kevinl100			2025-01-14T12:14:44.169Z	StillImage	COORDINATE_ROUNDED;CONTINENT_DERIVED_FROM_COORDINATES;TAXON_MATCH_TAXON_ID_IGNORED
2856858371	50c9509d-22c7-4a22-a47d-8c48425ef4a7	https://www.inaturalist.org/observations/57659322	Fungi	Basidiomycota	Agaricomycetes	Agaricales	Hygrophoraceae	Hygrocybe	Hygrocybe miniata		SPECIES	Hygrocybe miniata (Fr.) P.Kumm.	Hygrocybe miniata		CA		Ontario	PRESENT		28eb1a3f-1c15-4a95-931a-4af90ecb574d	45.956393	-79.225354	31.0						2020-07-26T10:44:14	26	7	2020	2538580	2538580	HUMAN_OBSERVATION	iNaturalist	Observations	57659322		inthebigworld	2020-08-26T18:10:33	CC_BY_NC_4_0	inthebigworld	inthebigworld			2025-01-14T12:14:30.563Z	StillImage	COORDINATE_ROUNDED;CONTINENT_DERIVED_FROM_COORDINATES;TAXON_MATCH_TAXON_ID_IGNORED
2856557800	50c9509d-22c7-4a22-a47d-8c48425ef4a7	https://www.inaturalist.org/observations/57276604	Fungi	Basidiomycota	Agaricomycetes	Agaricales	Hygrophoraceae	Hygrocybe	Hygrocybe miniata		SPECIES	Hygrocybe miniata (Fr.) P.Kumm.	Hygrocybe miniata		CA		Ontario	PRESENT		28eb1a3f-1c15-4a95-931a-4af90ecb574d	45.434556	-77.581364	16.0						2020-08-22T19:11:51	22	8	2020	2538580	2538580	HUMAN_OBSERVATION	iNaturalist	Observations	57276604		mycowalt	2020-08-23T00:04:24	CC_BY_NC_4_0	pmilan	pmilan			2025-01-14T12:15:04.398Z	StillImage	COORDINATE_ROUNDED;CONTINENT_DERIVED_FROM_COORDINATES;TAXON_MATCH_TAXON_ID_IGNORED
2634257336	50c9509d-22c7-4a22-a47d-8c48425ef4a7	https://www.inaturalist.org/observations/9572110	Fungi	Basidiomycota	Agaricomycetes	Agaricales	Hygrophoraceae	Hygrocybe	Hygrocybe miniata		SPECIES	Hygrocybe miniata (Fr.) P.Kumm.	Hygrocybe miniata		CA		Ontario	PRESENT		28eb1a3f-1c15-4a95-931a-4af90ecb574d	45.5794	-78.51955	385.0						2012-09-24	24	9	2012	2538580	2538580	HUMAN_OBSERVATION	iNaturalist	Observations	9572110		mycowalt	2018-01-23T07:57:00	CC_BY_NC_4_0	mycowalt	mycowalt			2025-01-14T12:58:09.187Z	StillImage	CONTINENT_DERIVED_FROM_COORDINATES;TAXON_MATCH_TAXON_ID_IGNORED
2423611554	21705170-d2b6-42de-8904-c3bca4b83591	CMMF018726	Fungi	Basidiomycota	Agaricomycetes	Agaricales	Hygrophoraceae	Hygrocybe	Hygrocybe miniata		SPECIES	Hygrophorus miniatus (Fr.) Fr.	Hygrophorus miniatus (Fr.) Fr.	(Fr.) Fr.	CA	Station de biologie des Laurentides, Université de Montréal.	Québec	PRESENT		ff7bd5db-b724-4932-b496-10ea298851f9	45.988108	-74.005679	2500.0						1985-07-09	9	7	1985	2538584	2538580	PRESERVED_SPECIMEN	Université de Montréal Biodiversity Centre	CMMF	CMMF018726	Q3.907.5, Q1.2307.4	Nantel, Patrick		CC0_1_0	Université de Montréal Biodiversity Centre	Nantel, Patrick			2024-01-24T16:38:18.562Z		INSTITUTION_MATCH_FUZZY;COLLECTION_MATCH_FUZZY;DIFFERENT_OWNER_INSTITUTION
1990300962	032f1fbe-d21f-407d-be46-5cd1bb1ea397	8ae49baa-60b4-4991-8c3a-04cdbe7240ca	Fungi	Basidiomycota	Agaricomycetes	Agaricales	Hygrophoraceae	Hygrocybe	Hygrocybe miniata		SPECIES	Hygrophorus miniatus (Fr.) Fr.	Hygrophorus miniatus	(Fr.) Fr.	CA	Algonquin Provincial Park, Mile 33	Ontario	PRESENT		61c539d8-47e0-4b82-875f-b95aad66dcd4	45.553889	-78.596667							1962-08-06	6	8	1962	2538584	2538580	PRESERVED_SPECIMEN	TENN-F		TENN-F-027746	RHP27746			CC0_1_0		R.H. Petersen			2025-01-12T10:33:49.633Z		COORDINATE_ROUNDED;GEODETIC_DATUM_ASSUMED_WGS84;CONTINENT_DERIVED_FROM_COORDINATES;TAXON_MATCH_TAXON_ID_IGNORED;INSTITUTION_MATCH_NONE
1807258761	e8a25a42-f125-476c-8554-3ec21cd51a84	ACAD:115207	Fungi	Basidiomycota	Agaricomycetes	Agaricales	Hygrophoraceae	Hygrocybe	Hygrocybe miniata		SPECIES	Hygrophorus miniatus (Fr.) Fr.	Hygrophorus miniatus	(Fr.) Fr., 1838	CA	Kentville	Nova Scotia	PRESENT		6491ad8c-8e49-4bd4-a089-0ddb3bbe0890	45.07662	-64.49592							1938-07-31	31	7	1938	2538584	2538580	PRESERVED_SPECIMEN	Acadia University	ACAD	894F	894			CC0_1_0	Acadia University	H, KA			2024-01-25T01:36:59.407Z	StillImage	GEODETIC_DATUM_INVALID;GEODETIC_DATUM_ASSUMED_WGS84;TAXON_MATCH_TAXON_ID_IGNORED;INSTITUTION_MATCH_FUZZY;COLLECTION_MATCH_FUZZY
1701558066	39bd4817-9530-4341-a918-4f16b8db1419	UdeM:CMMF:Blitz2017:50	Fungi	Basidiomycota	Agaricomycetes	Agaricales	Hygrophoraceae	Hygrocybe	Hygrocybe miniata		SPECIES	Hygrocybe miniata (Fr.) P.Kumm.	Hygrocybe miniata (Fr.) P. Kumm., 1871	(Fr.) P. Kumm., 1871	CA	Parc des Chutes de Sainte-Ursule	Québec	PRESENT		ff7bd5db-b724-4932-b496-10ea298851f9	46.300422	-73.094321	500.0						2017-08-09	9	8	2017	2538580	2538580	HUMAN_OBSERVATION	Université de Montréal Biodiversity Centre	CMMF			Raymond Archambault et Joseph Nuzzolese	2017-08-09T00:00:00	CC0_1_0		IRBV's graduate students			2024-01-24T17:29:10.767Z		
1580507857	50c9509d-22c7-4a22-a47d-8c48425ef4a7	https://www.inaturalist.org/observations/7103049	Fungi	Basidiomycota	Agaricomycetes	Agaricales	Hygrophoraceae	Hygrocybe	Hygrocybe miniata		SPECIES	Hygrocybe miniata (Fr.) P.Kumm.	Hygrocybe miniata		CA		Québec	PRESENT		28eb1a3f-1c15-4a95-931a-4af90ecb574d	45.634746	-75.657229	4429.0						2017-07-18T09:10	18	7	2017	2538580	2538580	HUMAN_OBSERVATION	iNaturalist	Observations	7103049		Karl Bard	2017-07-18T15:45:33	CC_BY_NC_4_0	thejasperpatch	thejasperpatch			2025-01-14T12:57:32.750Z	StillImage	COORDINATE_ROUNDED;CONTINENT_DERIVED_FROM_COORDINATES;TAXON_MATCH_TAXON_ID_IGNORED
1412705865	21705170-d2b6-42de-8904-c3bca4b83591	CMMF014294	Fungi	Basidiomycota	Agaricomycetes	Agaricales	Hygrophoraceae	Hygrocybe	Hygrocybe miniata		SPECIES	Hygrocybe strangulata (P.D.Orton) Svrček	Hygrocybe strangulata (P.D. Orton) Svr ek	(P.D. Orton) Svr ek	CA	Cap-à-l'Ouest, Québec	Québec	PRESENT		ff7bd5db-b724-4932-b496-10ea298851f9	48.378331	-70.82036	6000.0						1994-08-03	3	8	1994	2538583	2538580	PRESERVED_SPECIMEN	Université de Montréal Biodiversity Centre	CMMF	CMMF014294	1390	Guérin, Gérard		CC0_1_0	Université de Montréal Biodiversity Centre	Guérin, Gérard			2024-01-24T16:38:19.489Z	StillImage	TAXON_MATCH_HIGHERRANK;INSTITUTION_MATCH_FUZZY;COLLECTION_MATCH_FUZZY;DIFFERENT_OWNER_INSTITUTION
1412705820	21705170-d2b6-42de-8904-c3bca4b83591	CMMF014293	Fungi	Basidiomycota	Agaricomycetes	Agaricales	Hygrophoraceae	Hygrocybe	Hygrocybe miniata		SPECIES	Hygrocybe strangulata (P.D.Orton) Svrček	Hygrocybe strangulata (P.D. Orton) Svr ek	(P.D. Orton) Svr ek	CA	Cap-à-l'Ouest, Québec	Québec	PRESENT		ff7bd5db-b724-4932-b496-10ea298851f9	48.378331	-70.82036	6000.0						1993-08-03	3	8	1993	2538583	2538580	PRESERVED_SPECIMEN	Université de Montréal Biodiversity Centre	CMMF	CMMF014293	1389	Guérin, Gérard		CC0_1_0	Université de Montréal Biodiversity Centre	Guérin, Gérard			2024-01-24T16:38:19.489Z	StillImage	TAXON_MATCH_HIGHERRANK;INSTITUTION_MATCH_FUZZY;COLLECTION_MATCH_FUZZY;DIFFERENT_OWNER_INSTITUTION
1412705809	21705170-d2b6-42de-8904-c3bca4b83591	CMMF014290	Fungi	Basidiomycota	Agaricomycetes	Agaricales	Hygrophoraceae	Hygrocybe	Hygrocybe miniata		SPECIES	Hygrocybe miniata (Fr.) P.Kumm.	Hygrocybe miniata (Fr.) P. Kumm.	(Fr.) P. Kumm.	CA	Chicoutimi, St-Paul (ou Laterriere?), Québec	Québec	PRESENT		ff7bd5db-b724-4932-b496-10ea298851f9	48.361148	-71.135546	4000.0						1992-07-08	8	7	1992	2538580	2538580	PRESERVED_SPECIMEN	Université de Montréal Biodiversity Centre	CMMF	CMMF014290	1385	Guérin, Gérard		CC0_1_0	Université de Montréal Biodiversity Centre	Larouche, Benoît			2024-01-24T16:38:19.486Z	StillImage	INSTITUTION_MATCH_FUZZY;COLLECTION_MATCH_FUZZY;DIFFERENT_OWNER_INSTITUTION
1135068981	21705170-d2b6-42de-8904-c3bca4b83591	CMMF007512	Fungi	Basidiomycota	Agaricomycetes	Agaricales	Hygrophoraceae	Hygrocybe	Hygrocybe miniata		SPECIES	Hygrocybe miniata (Fr.) P.Kumm.	Hygrocybe miniata (Fr.) P. Kumm.	(Fr.) P. Kumm.	CA	Mont-Rolland	Québec	PRESENT		ff7bd5db-b724-4932-b496-10ea298851f9	45.9425	-74.1115	100.0						1981-08-29	29	8	1981	2538580	2538580	PRESERVED_SPECIMEN	Université de Montréal Biodiversity Centre	CMMF	CMMF007512	1267	McNeil, Raymond		CC0_1_0	Université de Montréal Biodiversity Centre	McNeil, Raymond			2024-01-24T16:38:15.948Z	StillImage	INSTITUTION_MATCH_FUZZY;COLLECTION_MATCH_FUZZY;DIFFERENT_OWNER_INSTITUTION
