gbifID	datasetKey	occurrenceID	kingdom	phylum	class	order	family	genus	species	infraspecificEpithet	taxonRank	scientificName	verbatimScientificName	verbatimScientificNameAuthorship	countryCode	locality	stateProvince	occurrenceStatus	individualCount	publishingOrgKey	decimalLatitude	decimalLongitude	coordinateUncertaintyInMeters	coordinatePrecision	elevation	elevationAccuracy	depth	depthAccuracy	eventDate	day	month	year	taxonKey	speciesKey	basisOfRecord	institutionCode	collectionCode	catalogNumber	recordNumber	identifiedBy	dateIdentified	license	rightsHolder	recordedBy	typeStatus	establishmentMeans	lastInterpreted	mediaType	issue
617551505	21705170-d2b6-42de-8904-c3bca4b83591	CMMF002733	Fungi	Basidiomycota	Agaricomycetes	Polyporales	Meruliaceae	Phlebia	Phlebia radiata		SPECIES	Phlebia merismoides (Fr.) Fr.	Phlebia merismoides (Fr.) Fr.	(Fr.) Fr.	CA	Mont-Saint-Hilaire	Québec	PRESENT		ff7bd5db-b724-4932-b496-10ea298851f9	45.569155	-73.169757	7000.0						1995-10-09	9	10	1995	2545100	2545089	PRESERVED_SPECIMEN	Université de Montréal Biodiversity Centre	CMMF	CMMF002733		Audet, Serge		CC0_1_0	Université de Montréal Biodiversity Centre	Marzitelli, Francesca			2024-01-24T16:38:20.488Z	StillImage	INSTITUTION_MATCH_FUZZY;COLLECTION_MATCH_FUZZY;DIFFERENT_OWNER_INSTITUTION
5008307309	50c9509d-22c7-4a22-a47d-8c48425ef4a7	https://www.inaturalist.org/observations/249956022	Fungi	Basidiomycota	Agaricomycetes	Polyporales	Meruliaceae	Phlebia	Phlebia radiata		SPECIES	Phlebia radiata Fr.	Phlebia radiata		CA		Québec	PRESENT		28eb1a3f-1c15-4a95-931a-4af90ecb574d	45.53289	-75.793671	27158.0						2024-10-31T12:03	31	10	2024	2545089	2545089	HUMAN_OBSERVATION	iNaturalist	Observations	249956022		L Joan Heyding	2024-11-01T01:55:26	CC_BY_NC_4_0	L Joan Heyding	L Joan Heyding			2025-01-14T12:55:32.262Z	StillImage	COORDINATE_ROUNDED;CONTINENT_DERIVED_FROM_COORDINATES;TAXON_MATCH_TAXON_ID_IGNORED
5008183962	50c9509d-22c7-4a22-a47d-8c48425ef4a7	https://www.inaturalist.org/observations/99822107	Fungi	Basidiomycota	Agaricomycetes	Polyporales	Meruliaceae	Phlebia	Phlebia radiata		SPECIES	Phlebia radiata Fr.	Phlebia radiata		CA		Ontario	PRESENT		28eb1a3f-1c15-4a95-931a-4af90ecb574d	45.037964	-75.650927	31.0						2021-10-24T12:03	24	10	2021	2545089	2545089	HUMAN_OBSERVATION	iNaturalist	Observations	99822107		christine123	2021-10-30T21:15:50	CC_BY_4_0	christine123	christine123			2025-01-14T13:16:02.588Z	StillImage	COORDINATE_ROUNDED;CONTINENT_DERIVED_FROM_COORDINATES;TAXON_MATCH_TAXON_ID_IGNORED
5008155415	50c9509d-22c7-4a22-a47d-8c48425ef4a7	https://www.inaturalist.org/observations/60020067	Fungi	Basidiomycota	Agaricomycetes	Polyporales	Meruliaceae	Phlebia	Phlebia radiata		SPECIES	Phlebia radiata Fr.	Phlebia radiata		CA		Ontario	PRESENT		28eb1a3f-1c15-4a95-931a-4af90ecb574d	45.457387	-75.467486	11.0						2020-09-18T14:08	18	9	2020	2545089	2545089	HUMAN_OBSERVATION	iNaturalist	Observations	60020067		jonathan_mack	2020-09-18T23:08:49	CC_BY_NC_4_0	jonathan_mack	jonathan_mack			2025-01-14T13:13:06.280Z	StillImage	COORDINATE_ROUNDED;CONTINENT_DERIVED_FROM_COORDINATES;TAXON_MATCH_TAXON_ID_IGNORED
5008153748	50c9509d-22c7-4a22-a47d-8c48425ef4a7	https://www.inaturalist.org/observations/59546289	Fungi	Basidiomycota	Agaricomycetes	Polyporales	Meruliaceae	Phlebia	Phlebia radiata		SPECIES	Phlebia radiata Fr.	Phlebia radiata		CA		Ontario	PRESENT		28eb1a3f-1c15-4a95-931a-4af90ecb574d	45.163574	-75.937508							2020-09-13T17:07:28	13	9	2020	2545089	2545089	HUMAN_OBSERVATION	iNaturalist	Observations	59546289		Alexis Williams	2020-09-14T04:09:48	CC_BY_4_0	Alexis Williams	Alexis Williams			2025-01-14T13:03:59.954Z	StillImage	COORDINATE_ROUNDED;CONTINENT_DERIVED_FROM_COORDINATES;TAXON_MATCH_TAXON_ID_IGNORED
5007856801	50c9509d-22c7-4a22-a47d-8c48425ef4a7	https://www.inaturalist.org/observations/35951892	Fungi	Basidiomycota	Agaricomycetes	Polyporales	Meruliaceae	Phlebia	Phlebia radiata		SPECIES	Phlebia radiata Fr.	Phlebia radiata		CA		Ontario	PRESENT		28eb1a3f-1c15-4a95-931a-4af90ecb574d	45.510712	-75.33818	11.0						2019-11-21	21	11	2019	2545089	2545089	HUMAN_OBSERVATION	iNaturalist	Observations	35951892		kevinwallace	2019-11-24T15:39:28	CC_BY_NC_4_0	kevinwallace	kevinwallace			2025-01-14T13:00:03.472Z	StillImage	CONTINENT_DERIVED_FROM_COORDINATES;TAXON_MATCH_TAXON_ID_IGNORED
5007850293	50c9509d-22c7-4a22-a47d-8c48425ef4a7	https://www.inaturalist.org/observations/250846049	Fungi	Basidiomycota	Agaricomycetes	Polyporales	Meruliaceae	Phlebia	Phlebia radiata		SPECIES	Phlebia radiata Fr.	Phlebia radiata		CA		Québec	PRESENT		28eb1a3f-1c15-4a95-931a-4af90ecb574d	45.444519	-73.601732	1171.0						2024-11-06T13:26:40	6	11	2024	2545089	2545089	HUMAN_OBSERVATION	iNaturalist	Observations	250846049		sanguinaria-canadensis	2024-11-07T23:18:57	CC0_1_0	sanguinaria-canadensis	sanguinaria-canadensis			2025-01-14T12:58:02.905Z	StillImage	COORDINATE_ROUNDED;CONTINENT_DERIVED_FROM_COORDINATES;TAXON_MATCH_TAXON_ID_IGNORED
5007672182	50c9509d-22c7-4a22-a47d-8c48425ef4a7	https://www.inaturalist.org/observations/99840875	Fungi	Basidiomycota	Agaricomycetes	Polyporales	Meruliaceae	Phlebia	Phlebia radiata		SPECIES	Phlebia radiata Fr.	Phlebia radiata		CA		Ontario	PRESENT		28eb1a3f-1c15-4a95-931a-4af90ecb574d	45.458273	-75.549342							2021-10-29T15:23	29	10	2021	2545089	2545089	HUMAN_OBSERVATION	iNaturalist	Observations	99840875		jonathan_mack	2021-10-31T02:09:58	CC_BY_NC_4_0	jonathan_mack	jonathan_mack			2025-01-14T12:23:52.350Z	StillImage	COORDINATE_ROUNDED;CONTINENT_DERIVED_FROM_COORDINATES;TAXON_MATCH_TAXON_ID_IGNORED
5007556097	50c9509d-22c7-4a22-a47d-8c48425ef4a7	https://www.inaturalist.org/observations/257132572	Fungi	Basidiomycota	Agaricomycetes	Polyporales	Meruliaceae	Phlebia	Phlebia radiata		SPECIES	Phlebia radiata Fr.	Phlebia radiata		CA		Ontario	PRESENT		28eb1a3f-1c15-4a95-931a-4af90ecb574d	45.453185	-75.547819	33.0						2024-12-31T14:59	31	12	2024	2545089	2545089	HUMAN_OBSERVATION	iNaturalist	Observations	257132572		jonathan_mack	2025-01-02T15:32:42	CC_BY_NC_4_0	jonathan_mack	jonathan_mack			2025-01-14T13:45:11.117Z	StillImage	COORDINATE_ROUNDED;CONTINENT_DERIVED_FROM_COORDINATES;TAXON_MATCH_TAXON_ID_IGNORED
5007325623	50c9509d-22c7-4a22-a47d-8c48425ef4a7	https://www.inaturalist.org/observations/189427690	Fungi	Basidiomycota	Agaricomycetes	Polyporales	Meruliaceae	Phlebia	Phlebia radiata		SPECIES	Phlebia radiata Fr.	Phlebia radiata		CA		Québec	PRESENT		28eb1a3f-1c15-4a95-931a-4af90ecb574d	45.477603	-75.851983	69.0						2023-10-28T13:00:03	28	10	2023	2545089	2545089	HUMAN_OBSERVATION	iNaturalist	Observations	189427690		Ariel Bonkoski	2023-11-16T03:37:16	CC_BY_NC_4_0	Sian Bryson	Sian Bryson			2025-01-14T12:46:21.321Z	StillImage	COORDINATE_ROUNDED;CONTINENT_DERIVED_FROM_COORDINATES;TAXON_MATCH_TAXON_ID_IGNORED
5006871805	50c9509d-22c7-4a22-a47d-8c48425ef4a7	https://www.inaturalist.org/observations/248148142	Fungi	Basidiomycota	Agaricomycetes	Polyporales	Meruliaceae	Phlebia	Phlebia radiata		SPECIES	Phlebia radiata Fr.	Phlebia radiata		CA		Ontario	PRESENT		28eb1a3f-1c15-4a95-931a-4af90ecb574d	45.371117	-75.788719	5.0						2024-10-19T14:27	19	10	2024	2545089	2545089	HUMAN_OBSERVATION	iNaturalist	Observations	248148142		Deborah Mosher	2024-10-19T21:22:00	CC_BY_NC_4_0	Deborah Mosher	Deborah Mosher			2025-01-14T13:38:42.892Z	StillImage	COORDINATE_ROUNDED;CONTINENT_DERIVED_FROM_COORDINATES;TAXON_MATCH_TAXON_ID_IGNORED
5006786767	50c9509d-22c7-4a22-a47d-8c48425ef4a7	https://www.inaturalist.org/observations/246184467	Fungi	Basidiomycota	Agaricomycetes	Polyporales	Meruliaceae	Phlebia	Phlebia radiata		SPECIES	Phlebia radiata Fr.	Phlebia radiata		CA		Ontario	PRESENT		28eb1a3f-1c15-4a95-931a-4af90ecb574d	45.633278	-77.073234	4.0						2024-10-07T13:01:15	7	10	2024	2545089	2545089	HUMAN_OBSERVATION	iNaturalist	Observations	246184467		janesly	2024-10-07T17:02:05	CC_BY_NC_4_0	janesly	janesly			2025-01-14T12:54:18.740Z	StillImage	COORDINATE_ROUNDED;CONTINENT_DERIVED_FROM_COORDINATES;TAXON_MATCH_TAXON_ID_IGNORED
4993891727	50c9509d-22c7-4a22-a47d-8c48425ef4a7	https://www.inaturalist.org/observations/253570420	Fungi	Basidiomycota	Agaricomycetes	Polyporales	Meruliaceae	Phlebia	Phlebia radiata		SPECIES	Phlebia radiata Fr.	Phlebia radiata		CA		Ontario	PRESENT		28eb1a3f-1c15-4a95-931a-4af90ecb574d	45.371929	-75.794516	423.0						2024-11-29T12:15	29	11	2024	2545089	2545089	HUMAN_OBSERVATION	iNaturalist	Observations	253570420		Heather Pickard	2024-11-30T00:37:53	CC_BY_NC_4_0	Heather Pickard	Heather Pickard			2025-01-14T12:54:12.591Z	StillImage	COORDINATE_ROUNDED;CONTINENT_DERIVED_FROM_COORDINATES;TAXON_MATCH_TAXON_ID_IGNORED
4987521583	50c9509d-22c7-4a22-a47d-8c48425ef4a7	https://www.inaturalist.org/observations/252334325	Fungi	Basidiomycota	Agaricomycetes	Polyporales	Meruliaceae	Phlebia	Phlebia radiata		SPECIES	Phlebia radiata Fr.	Phlebia radiata		CA		Ontario	PRESENT		28eb1a3f-1c15-4a95-931a-4af90ecb574d	45.329068	-75.739173	122.0						2024-11-19T11:07	19	11	2024	2545089	2545089	HUMAN_OBSERVATION	iNaturalist	Observations	252334325		Heather Pickard	2024-11-20T00:10:07	CC_BY_NC_4_0	Heather Pickard	Heather Pickard			2025-01-14T12:58:29.241Z	StillImage	COORDINATE_ROUNDED;CONTINENT_DERIVED_FROM_COORDINATES;TAXON_MATCH_TAXON_ID_IGNORED
4980551735	50c9509d-22c7-4a22-a47d-8c48425ef4a7	https://www.inaturalist.org/observations/251161060	Fungi	Basidiomycota	Agaricomycetes	Polyporales	Meruliaceae	Phlebia	Phlebia radiata		SPECIES	Phlebia radiata Fr.	Phlebia radiata		CA		New Brunswick	PRESENT		28eb1a3f-1c15-4a95-931a-4af90ecb574d	45.29457	-66.033669	180.0						2024-11-10T08:12:54	10	11	2024	2545089	2545089	HUMAN_OBSERVATION	iNaturalist	Observations	251161060		Toni Doucette	2024-11-10T12:51:44	CC_BY_NC_4_0	Toni Doucette	Toni Doucette			2025-01-14T12:54:00.473Z	StillImage	COORDINATE_ROUNDED;CONTINENT_DERIVED_FROM_COORDINATES;TAXON_MATCH_TAXON_ID_IGNORED
4980336308	50c9509d-22c7-4a22-a47d-8c48425ef4a7	https://www.inaturalist.org/observations/250207931	Fungi	Basidiomycota	Agaricomycetes	Polyporales	Meruliaceae	Phlebia	Phlebia radiata		SPECIES	Phlebia radiata Fr.	Phlebia radiata		CA		Québec	PRESENT		28eb1a3f-1c15-4a95-931a-4af90ecb574d	45.41876	-75.835946	186.0						2024-11-02T13:17	2	11	2024	2545089	2545089	HUMAN_OBSERVATION	iNaturalist	Observations	250207931		L Joan Heyding	2024-11-02T22:37:05	CC_BY_NC_4_0	L Joan Heyding	L Joan Heyding			2025-01-14T12:56:06.192Z	StillImage	COORDINATE_ROUNDED;CONTINENT_DERIVED_FROM_COORDINATES;TAXON_MATCH_TAXON_ID_IGNORED
4980266246	50c9509d-22c7-4a22-a47d-8c48425ef4a7	https://www.inaturalist.org/observations/250744894	Fungi	Basidiomycota	Agaricomycetes	Polyporales	Meruliaceae	Phlebia	Phlebia radiata		SPECIES	Phlebia radiata Fr.	Phlebia radiata		CA		Ontario	PRESENT		28eb1a3f-1c15-4a95-931a-4af90ecb574d	45.266504	-75.8119	184.0						2024-11-06T09:54	6	11	2024	2545089	2545089	HUMAN_OBSERVATION	iNaturalist	Observations	250744894		L Joan Heyding	2024-11-07T02:00:42	CC_BY_NC_4_0	L Joan Heyding	L Joan Heyding			2025-01-14T13:48:57.917Z	StillImage	COORDINATE_ROUNDED;CONTINENT_DERIVED_FROM_COORDINATES;TAXON_MATCH_TAXON_ID_IGNORED
4978442825	50c9509d-22c7-4a22-a47d-8c48425ef4a7	https://www.inaturalist.org/observations/250364871	Fungi	Basidiomycota	Agaricomycetes	Polyporales	Meruliaceae	Phlebia	Phlebia radiata		SPECIES	Phlebia radiata Fr.	Phlebia radiata		CA		Québec	PRESENT		28eb1a3f-1c15-4a95-931a-4af90ecb574d	45.501566	-73.593218	180.0						2024-11-02T09:01:56	2	11	2024	2545089	2545089	HUMAN_OBSERVATION	iNaturalist	Observations	250364871		sanguinaria-canadensis	2024-11-03T23:16:38	CC0_1_0	sanguinaria-canadensis	sanguinaria-canadensis			2025-01-14T12:54:48.002Z	StillImage	COORDINATE_ROUNDED;CONTINENT_DERIVED_FROM_COORDINATES;TAXON_MATCH_TAXON_ID_IGNORED
4976267635	50c9509d-22c7-4a22-a47d-8c48425ef4a7	https://www.inaturalist.org/observations/246530357	Fungi	Basidiomycota	Agaricomycetes	Polyporales	Meruliaceae	Phlebia	Phlebia radiata		SPECIES	Phlebia radiata Fr.	Phlebia radiata		CA		New Brunswick	PRESENT		28eb1a3f-1c15-4a95-931a-4af90ecb574d	45.863012	-66.064369	14.0						2024-10-09T13:58:59	9	10	2024	2545089	2545089	HUMAN_OBSERVATION	iNaturalist	Observations	246530357		chels_01	2024-10-09T20:58:09	CC_BY_NC_4_0	chels_01	chels_01			2025-01-14T12:54:48.468Z	StillImage	COORDINATE_ROUNDED;CONTINENT_DERIVED_FROM_COORDINATES;TAXON_MATCH_TAXON_ID_IGNORED
4953054339	50c9509d-22c7-4a22-a47d-8c48425ef4a7	https://www.inaturalist.org/observations/244799295	Fungi	Basidiomycota	Agaricomycetes	Polyporales	Meruliaceae	Phlebia	Phlebia radiata		SPECIES	Phlebia radiata Fr.	Phlebia radiata		CA		Ontario	PRESENT		28eb1a3f-1c15-4a95-931a-4af90ecb574d	45.346665	-79.021579	27190.0						2024-09-29T11:03:16	29	9	2024	2545089	2545089	HUMAN_OBSERVATION	iNaturalist	Observations	244799295		Lee Cumming	2024-09-29T22:41:08	CC_BY_NC_4_0	Lee Cumming	Lee Cumming			2025-01-14T12:58:14.391Z	StillImage	COORDINATE_ROUNDED;CONTINENT_DERIVED_FROM_COORDINATES;TAXON_MATCH_TAXON_ID_IGNORED
4952822819	50c9509d-22c7-4a22-a47d-8c48425ef4a7	https://www.inaturalist.org/observations/244355578	Fungi	Basidiomycota	Agaricomycetes	Polyporales	Meruliaceae	Phlebia	Phlebia radiata		SPECIES	Phlebia radiata Fr.	Phlebia radiata		CA		Ontario	PRESENT		28eb1a3f-1c15-4a95-931a-4af90ecb574d	45.371114	-75.788728	5.0						2024-09-27T11:09	27	9	2024	2545089	2545089	HUMAN_OBSERVATION	iNaturalist	Observations	244355578		Deborah Mosher	2024-09-27T18:29:47	CC_BY_NC_4_0	Deborah Mosher	Deborah Mosher			2025-01-14T12:54:38.144Z	StillImage	COORDINATE_ROUNDED;CONTINENT_DERIVED_FROM_COORDINATES;TAXON_MATCH_TAXON_ID_IGNORED
4950385449	50c9509d-22c7-4a22-a47d-8c48425ef4a7	https://www.inaturalist.org/observations/242604393	Fungi	Basidiomycota	Agaricomycetes	Polyporales	Meruliaceae	Phlebia	Phlebia radiata		SPECIES	Phlebia radiata Fr.	Phlebia radiata		CA		Québec	PRESENT		28eb1a3f-1c15-4a95-931a-4af90ecb574d	45.872811	-76.4339	501.0						2024-09-17T11:25	17	9	2024	2545089	2545089	HUMAN_OBSERVATION	iNaturalist	Observations	242604393		L Joan Heyding	2024-09-19T02:15:19	CC_BY_NC_4_0	L Joan Heyding	L Joan Heyding			2025-01-14T13:43:29.450Z	StillImage	COORDINATE_ROUNDED;CONTINENT_DERIVED_FROM_COORDINATES;TAXON_MATCH_TAXON_ID_IGNORED
4950124287	50c9509d-22c7-4a22-a47d-8c48425ef4a7	https://www.inaturalist.org/observations/244039919	Fungi	Basidiomycota	Agaricomycetes	Polyporales	Meruliaceae	Phlebia	Phlebia radiata		SPECIES	Phlebia radiata Fr.	Phlebia radiata		CA		Ontario	PRESENT		28eb1a3f-1c15-4a95-931a-4af90ecb574d	45.370464	-75.796753	9.0						2024-09-25T15:34	25	9	2024	2545089	2545089	HUMAN_OBSERVATION	iNaturalist	Observations	244039919		Deborah Mosher	2024-09-25T21:23:55	CC_BY_NC_4_0	Deborah Mosher	Deborah Mosher			2025-01-14T12:54:12.237Z	StillImage	COORDINATE_ROUNDED;CONTINENT_DERIVED_FROM_COORDINATES;TAXON_MATCH_TAXON_ID_IGNORED
4946254154	50c9509d-22c7-4a22-a47d-8c48425ef4a7	https://www.inaturalist.org/observations/242011888	Fungi	Basidiomycota	Agaricomycetes	Polyporales	Meruliaceae	Phlebia	Phlebia radiata		SPECIES	Phlebia radiata Fr.	Phlebia radiata		CA		Ontario	PRESENT		28eb1a3f-1c15-4a95-931a-4af90ecb574d	45.453458	-75.548221	31.0						2024-09-15T13:40	15	9	2024	2545089	2545089	HUMAN_OBSERVATION	iNaturalist	Observations	242011888		jonathan_mack	2024-09-16T02:09:13	CC_BY_NC_4_0	jonathan_mack	jonathan_mack			2025-01-14T12:53:35.633Z	StillImage	COORDINATE_ROUNDED;CONTINENT_DERIVED_FROM_COORDINATES;TAXON_MATCH_TAXON_ID_IGNORED
4926391652	50c9509d-22c7-4a22-a47d-8c48425ef4a7	https://www.inaturalist.org/observations/236178415	Fungi	Basidiomycota	Agaricomycetes	Polyporales	Meruliaceae	Phlebia	Phlebia radiata		SPECIES	Phlebia radiata Fr.	Phlebia radiata		CA		Ontario	PRESENT		28eb1a3f-1c15-4a95-931a-4af90ecb574d	45.369649	-75.796521	8.0						2017-10-17T14:39	17	10	2017	2545089	2545089	HUMAN_OBSERVATION	iNaturalist	Observations	236178415		Deborah Mosher	2024-08-16T23:14:36	CC_BY_NC_4_0	Deborah Mosher	Deborah Mosher			2025-01-14T14:16:41.208Z	StillImage	COORDINATE_ROUNDED;CONTINENT_DERIVED_FROM_COORDINATES;TAXON_MATCH_TAXON_ID_IGNORED
4892011571	50c9509d-22c7-4a22-a47d-8c48425ef4a7	https://www.inaturalist.org/observations/180634701	Fungi	Basidiomycota	Agaricomycetes	Polyporales	Meruliaceae	Phlebia	Phlebia radiata		SPECIES	Phlebia radiata Fr.	Phlebia radiata		CA		New Brunswick	PRESENT		28eb1a3f-1c15-4a95-931a-4af90ecb574d	45.738663	-65.66407	146.0						2023-08-28T12:09:27	28	8	2023	2545089	2545089	HUMAN_OBSERVATION	iNaturalist	Observations	180634701		Abby Lamrock	2023-08-28T16:02:26	CC_BY_NC_4_0	Abby Lamrock	Abby Lamrock			2025-01-14T13:28:42.706Z	StillImage	COORDINATE_ROUNDED;CONTINENT_DERIVED_FROM_COORDINATES;TAXON_MATCH_TAXON_ID_IGNORED
4872601883	50c9509d-22c7-4a22-a47d-8c48425ef4a7	https://www.inaturalist.org/observations/97373975	Fungi	Basidiomycota	Agaricomycetes	Polyporales	Meruliaceae	Phlebia	Phlebia radiata		SPECIES	Phlebia radiata Fr.	Phlebia radiata		CA		Québec	PRESENT		28eb1a3f-1c15-4a95-931a-4af90ecb574d	45.511395	-73.584612	62.0						2021-10-06T15:11:42	6	10	2021	2545089	2545089	HUMAN_OBSERVATION	iNaturalist	Observations	97373975		evelyn2100	2021-10-06T19:11:55	CC_BY_NC_4_0	evelyn2100	evelyn2100			2025-01-14T12:25:24.839Z	StillImage	COORDINATE_ROUNDED;CONTINENT_DERIVED_FROM_COORDINATES;TAXON_MATCH_TAXON_ID_IGNORED
4872369584	50c9509d-22c7-4a22-a47d-8c48425ef4a7	https://www.inaturalist.org/observations/43304649	Fungi	Basidiomycota	Agaricomycetes	Polyporales	Meruliaceae	Phlebia	Phlebia radiata		SPECIES	Phlebia radiata Fr.	Phlebia radiata		CA		Québec	PRESENT		28eb1a3f-1c15-4a95-931a-4af90ecb574d	45.027526	-73.071324	47.0						2019-01-01T14:24	1	1	2019	2545089	2545089	HUMAN_OBSERVATION	iNaturalist	Observations	43304649		David Bird	2020-04-25T12:29:53	CC0_1_0	David Bird	David Bird			2025-01-14T12:11:39.435Z	StillImage	COORDINATE_ROUNDED;CONTINENT_DERIVED_FROM_COORDINATES;TAXON_MATCH_TAXON_ID_IGNORED
4872351552	50c9509d-22c7-4a22-a47d-8c48425ef4a7	https://www.inaturalist.org/observations/158940780	Fungi	Basidiomycota	Agaricomycetes	Polyporales	Meruliaceae	Phlebia	Phlebia radiata		SPECIES	Phlebia radiata Fr.	Phlebia radiata		CA		Québec	PRESENT		28eb1a3f-1c15-4a95-931a-4af90ecb574d	45.506363	-73.763548	2804.0						2022-11-28	28	11	2022	2545089	2545089	HUMAN_OBSERVATION	iNaturalist	Observations	158940780		Lukas Kramosch	2023-05-01T23:48:37	CC_BY_NC_4_0	Lukas Kramosch	Lukas Kramosch			2025-01-14T12:40:17.478Z	StillImage	COORDINATE_ROUNDED;CONTINENT_DERIVED_FROM_COORDINATES;TAXON_MATCH_TAXON_ID_IGNORED
4872344554	50c9509d-22c7-4a22-a47d-8c48425ef4a7	https://www.inaturalist.org/observations/145620248	Fungi	Basidiomycota	Agaricomycetes	Polyporales	Meruliaceae	Phlebia	Phlebia radiata		SPECIES	Phlebia radiata Fr.	Phlebia radiata		CA		Québec	PRESENT		28eb1a3f-1c15-4a95-931a-4af90ecb574d	46.16859	-74.35508	353.0						2023-01-01T14:54	1	1	2023	2545089	2545089	HUMAN_OBSERVATION	iNaturalist	Observations	145620248		michelcournoyer	2023-01-01T23:44:28	CC_BY_NC_4_0	michelcournoyer	michelcournoyer			2025-01-14T13:27:11.832Z	StillImage	COORDINATE_ROUNDED;CONTINENT_DERIVED_FROM_COORDINATES;TAXON_MATCH_TAXON_ID_IGNORED
4872280646	50c9509d-22c7-4a22-a47d-8c48425ef4a7	https://www.inaturalist.org/observations/202094827	Fungi	Basidiomycota	Agaricomycetes	Polyporales	Meruliaceae	Phlebia	Phlebia radiata		SPECIES	Phlebia radiata Fr.	Phlebia radiata		CA		Québec	PRESENT		28eb1a3f-1c15-4a95-931a-4af90ecb574d	46.170006	-74.350174	398.0						2024-03-04T18:05	4	3	2024	2545089	2545089	HUMAN_OBSERVATION	iNaturalist	Observations	202094827		michelcournoyer	2024-03-11T22:02:34	CC_BY_NC_4_0	michelcournoyer	michelcournoyer			2025-01-14T12:44:13.121Z	StillImage	COORDINATE_ROUNDED;CONTINENT_DERIVED_FROM_COORDINATES;TAXON_MATCH_TAXON_ID_IGNORED
4872191324	50c9509d-22c7-4a22-a47d-8c48425ef4a7	https://www.inaturalist.org/observations/192514112	Fungi	Basidiomycota	Agaricomycetes	Polyporales	Meruliaceae	Phlebia	Phlebia radiata		SPECIES	Phlebia radiata Fr.	Phlebia radiata		CA		Québec	PRESENT		28eb1a3f-1c15-4a95-931a-4af90ecb574d	46.775964	-71.350963	46.0						2023-11-26T13:57:55	26	11	2023	2545089	2545089	HUMAN_OBSERVATION	iNaturalist	Observations	192514112		Camille Boucher	2023-11-29T03:16:50	CC_BY_NC_4_0	Camille Boucher	Camille Boucher			2025-01-14T12:43:29.707Z	StillImage	COORDINATE_ROUNDED;CONTINENT_DERIVED_FROM_COORDINATES;TAXON_MATCH_TAXON_ID_IGNORED
4872131582	50c9509d-22c7-4a22-a47d-8c48425ef4a7	https://www.inaturalist.org/observations/218230837	Fungi	Basidiomycota	Agaricomycetes	Polyporales	Meruliaceae	Phlebia	Phlebia radiata		SPECIES	Phlebia radiata Fr.	Phlebia radiata		CA		Québec	PRESENT		28eb1a3f-1c15-4a95-931a-4af90ecb574d	45.529542	-75.944994	4.0						2021-10-24T14:26:28	24	10	2021	2545089	2545089	HUMAN_OBSERVATION	iNaturalist	Observations	218230837		gabboilard	2024-05-26T22:37:01	CC_BY_NC_4_0	its_ok	its_ok			2025-01-14T13:40:58.199Z	StillImage	COORDINATE_ROUNDED;CONTINENT_DERIVED_FROM_COORDINATES;TAXON_MATCH_TAXON_ID_IGNORED
4852663411	50c9509d-22c7-4a22-a47d-8c48425ef4a7	https://www.inaturalist.org/observations/98728383	Fungi	Basidiomycota	Agaricomycetes	Polyporales	Meruliaceae	Phlebia	Phlebia radiata		SPECIES	Phlebia radiata Fr.	Phlebia radiata		CA		Ontario	PRESENT		28eb1a3f-1c15-4a95-931a-4af90ecb574d	45.356339	-75.618913	31.0						2021-10-12T10:04	12	10	2021	2545089	2545089	HUMAN_OBSERVATION	iNaturalist	Observations	98728383		Ariel Bonkoski	2022-04-25T03:26:47	CC_BY_4_0	christine123	christine123			2025-01-14T12:23:21.970Z	StillImage	COORDINATE_ROUNDED;CONTINENT_DERIVED_FROM_COORDINATES;TAXON_MATCH_TAXON_ID_IGNORED
4607573660	50c9509d-22c7-4a22-a47d-8c48425ef4a7	https://www.inaturalist.org/observations/204927501	Fungi	Basidiomycota	Agaricomycetes	Polyporales	Meruliaceae	Phlebia	Phlebia radiata		SPECIES	Phlebia radiata Fr.	Phlebia radiata		CA		New Brunswick	PRESENT		28eb1a3f-1c15-4a95-931a-4af90ecb574d	45.779885	-66.669213	71.0						2024-03-31T16:52:50	31	3	2024	2545089	2545089	HUMAN_OBSERVATION	iNaturalist	Observations	204927501		Andrew MacPherson	2024-04-05T19:20:56	CC_BY_NC_4_0	mollypoppins	mollypoppins			2025-01-14T13:38:11.533Z	StillImage	COORDINATE_ROUNDED;CONTINENT_DERIVED_FROM_COORDINATES;TAXON_MATCH_TAXON_ID_IGNORED
4597097357	50c9509d-22c7-4a22-a47d-8c48425ef4a7	https://www.inaturalist.org/observations/202567650	Fungi	Basidiomycota	Agaricomycetes	Polyporales	Meruliaceae	Phlebia	Phlebia radiata		SPECIES	Phlebia radiata Fr.	Phlebia radiata		CA		Ontario	PRESENT		28eb1a3f-1c15-4a95-931a-4af90ecb574d	45.555823	-75.598551	27158.0						2024-03-15T11:49	15	3	2024	2545089	2545089	HUMAN_OBSERVATION	iNaturalist	Observations	202567650		L Joan Heyding	2024-03-15T20:21:09	CC_BY_NC_4_0	L Joan Heyding	L Joan Heyding			2025-01-14T13:37:39.944Z	StillImage	COORDINATE_ROUNDED;CONTINENT_DERIVED_FROM_COORDINATES;TAXON_MATCH_TAXON_ID_IGNORED
4528223198	50c9509d-22c7-4a22-a47d-8c48425ef4a7	https://www.inaturalist.org/observations/196048263	Fungi	Basidiomycota	Agaricomycetes	Polyporales	Meruliaceae	Phlebia	Phlebia radiata		SPECIES	Phlebia radiata Fr.	Phlebia radiata		CA		Ontario	PRESENT		28eb1a3f-1c15-4a95-931a-4af90ecb574d	45.060061	-76.125808	4.0						2024-01-05T11:59:43	5	1	2024	2545089	2545089	HUMAN_OBSERVATION	iNaturalist	Observations	196048263		Windstone Farm	2024-01-07T19:04:26	CC_BY_NC_4_0	Windstone Farm	Windstone Farm			2025-01-14T12:42:35.894Z	StillImage	COORDINATE_ROUNDED;CONTINENT_DERIVED_FROM_COORDINATES;TAXON_MATCH_TAXON_ID_IGNORED
4528165121	50c9509d-22c7-4a22-a47d-8c48425ef4a7	https://www.inaturalist.org/observations/189066285	Fungi	Basidiomycota	Agaricomycetes	Polyporales	Meruliaceae	Phlebia	Phlebia radiata		SPECIES	Phlebia radiata Fr.	Phlebia radiata		CA		Québec	PRESENT		28eb1a3f-1c15-4a95-931a-4af90ecb574d	45.535013	-75.870742	24.0						2023-10-26T14:09:55	26	10	2023	2545089	2545089	HUMAN_OBSERVATION	iNaturalist	Observations	189066285		Ariel Bonkoski	2023-11-16T03:37:58	CC_BY_NC_4_0	Erin	Erin			2025-01-14T13:33:00.903Z	StillImage	COORDINATE_ROUNDED;CONTINENT_DERIVED_FROM_COORDINATES;TAXON_MATCH_TAXON_ID_IGNORED
4527869151	861e6afe-f762-11e1-a439-00145eb45e9a	9a833aba-b16f-4564-b978-4e9f5ba15688	Fungi	Basidiomycota	Agaricomycetes	Polyporales	Meruliaceae	Phlebia	Phlebia radiata		SPECIES	Phlebia radiata Fr.	Phlebia radiata Fries	Fries	CA	Fundy National Park, Maple Grove Trail, along both sides of forest road	New Brunswick	PRESENT		485ff490-e3b7-11db-9acc-b8a03c50a862	45.59008	-64.98361							2013-09-24	24	9	2013	2545089	2545089	PRESERVED_SPECIMEN	FH	FH	barcode-01131606	13092403	Karakehian, Jason Michael		CC_BY_4_0	President and Fellows of Harvard College	J. M. Karakehian			2025-01-12T00:01:06.031Z		GEODETIC_DATUM_INVALID;GEODETIC_DATUM_ASSUMED_WGS84
4525045618	50c9509d-22c7-4a22-a47d-8c48425ef4a7	https://www.inaturalist.org/observations/97673229	Fungi	Basidiomycota	Agaricomycetes	Polyporales	Meruliaceae	Phlebia	Phlebia radiata		SPECIES	Phlebia radiata Fr.	Phlebia radiata		CA		Ontario	PRESENT		28eb1a3f-1c15-4a95-931a-4af90ecb574d	45.262602	-75.714663	58.0						2021-10-09T10:51	9	10	2021	2545089	2545089	HUMAN_OBSERVATION	iNaturalist	Observations	97673229		Matt Osborne	2021-10-09T18:06:40	CC_BY_NC_4_0	Matt Osborne	Matt Osborne			2025-01-14T12:23:12.549Z	StillImage	COORDINATE_ROUNDED;CONTINENT_DERIVED_FROM_COORDINATES;TAXON_MATCH_TAXON_ID_IGNORED
4525000954	50c9509d-22c7-4a22-a47d-8c48425ef4a7	https://www.inaturalist.org/observations/199204091	Fungi	Basidiomycota	Agaricomycetes	Polyporales	Meruliaceae	Phlebia	Phlebia radiata		SPECIES	Phlebia radiata Fr.	Phlebia radiata		CA		Ontario	PRESENT		28eb1a3f-1c15-4a95-931a-4af90ecb574d	45.294526	-75.809622	8.0						2024-02-09T15:33	9	2	2024	2545089	2545089	HUMAN_OBSERVATION	iNaturalist	Observations	199204091		Adam Kalab	2024-02-13T16:49:04	CC_BY_NC_4_0	Adam Kalab	Adam Kalab			2025-01-14T13:36:48.751Z	StillImage	COORDINATE_ROUNDED;CONTINENT_DERIVED_FROM_COORDINATES;TAXON_MATCH_TAXON_ID_IGNORED
4524977692	50c9509d-22c7-4a22-a47d-8c48425ef4a7	https://www.inaturalist.org/observations/195695471	Fungi	Basidiomycota	Agaricomycetes	Polyporales	Meruliaceae	Phlebia	Phlebia radiata		SPECIES	Phlebia radiata Fr.	Phlebia radiata		CA		Ontario	PRESENT		28eb1a3f-1c15-4a95-931a-4af90ecb574d	45.039486	-75.653355							2024-01-03T14:07:21	3	1	2024	2545089	2545089	HUMAN_OBSERVATION	iNaturalist	Observations	195695471		moira	2024-01-03T21:24:09	CC_BY_NC_4_0	moira	moira			2025-01-14T12:43:25.652Z	StillImage	COORDINATE_ROUNDED;CONTINENT_DERIVED_FROM_COORDINATES;TAXON_MATCH_TAXON_ID_IGNORED
4524916440	50c9509d-22c7-4a22-a47d-8c48425ef4a7	https://www.inaturalist.org/observations/35951194	Fungi	Basidiomycota	Agaricomycetes	Polyporales	Meruliaceae	Phlebia	Phlebia radiata		SPECIES	Phlebia radiata Fr.	Phlebia radiata		CA		Ontario	PRESENT		28eb1a3f-1c15-4a95-931a-4af90ecb574d	45.491497	-75.508591							2019-11-03T15:33:58	3	11	2019	2545089	2545089	HUMAN_OBSERVATION	iNaturalist	Observations	35951194		Lindsay Boudreau	2019-11-22T17:04:47	CC_BY_NC_4_0	Lindsay Boudreau	Lindsay Boudreau			2025-01-14T13:00:27.716Z	StillImage	COORDINATE_ROUNDED;CONTINENT_DERIVED_FROM_COORDINATES;TAXON_MATCH_TAXON_ID_IGNORED
4524915668	50c9509d-22c7-4a22-a47d-8c48425ef4a7	https://www.inaturalist.org/observations/146836939	Fungi	Basidiomycota	Agaricomycetes	Polyporales	Meruliaceae	Phlebia	Phlebia radiata		SPECIES	Phlebia radiata Fr.	Phlebia radiata		CA		Ontario	PRESENT		28eb1a3f-1c15-4a95-931a-4af90ecb574d	45.379579	-78.898493	357.0						2023-01-13T10:57:10	13	1	2023	2545089	2545089	HUMAN_OBSERVATION	iNaturalist	Observations	146836939		Dawn Sherman	2023-01-18T18:01:01	CC_BY_NC_4_0	Dawn Sherman	Dawn Sherman			2025-01-14T13:22:55.415Z	StillImage	COORDINATE_ROUNDED;CONTINENT_DERIVED_FROM_COORDINATES;TAXON_MATCH_TAXON_ID_IGNORED
4516327137	50c9509d-22c7-4a22-a47d-8c48425ef4a7	https://www.inaturalist.org/observations/196993375	Fungi	Basidiomycota	Agaricomycetes	Polyporales	Meruliaceae	Phlebia	Phlebia radiata		SPECIES	Phlebia radiata Fr.	Phlebia radiata		CA		Nova Scotia	PRESENT		28eb1a3f-1c15-4a95-931a-4af90ecb574d	45.030875	-64.185828	4.0						2024-01-17T16:05:18	17	1	2024	2545089	2545089	HUMAN_OBSERVATION	iNaturalist	Observations	196993375		kremme	2024-01-18T15:24:03	CC_BY_NC_4_0	kremme	kremme			2025-01-14T13:43:42.505Z	StillImage	COORDINATE_ROUNDED;CONTINENT_DERIVED_FROM_COORDINATES;TAXON_MATCH_TAXON_ID_IGNORED
4512280617	50c9509d-22c7-4a22-a47d-8c48425ef4a7	https://www.inaturalist.org/observations/196435689	Fungi	Basidiomycota	Agaricomycetes	Polyporales	Meruliaceae	Phlebia	Phlebia radiata		SPECIES	Phlebia radiata Fr.	Phlebia radiata		CA		Ontario	PRESENT		28eb1a3f-1c15-4a95-931a-4af90ecb574d	45.308095	-75.860301	8.0						2024-01-08T14:30	8	1	2024	2545089	2545089	HUMAN_OBSERVATION	iNaturalist	Observations	196435689		Adam Kalab	2024-01-12T17:00:18	CC_BY_NC_4_0	Adam Kalab	Adam Kalab			2025-01-14T13:36:20.041Z	StillImage	COORDINATE_ROUNDED;CONTINENT_DERIVED_FROM_COORDINATES;TAXON_MATCH_TAXON_ID_IGNORED
4507908722	50c9509d-22c7-4a22-a47d-8c48425ef4a7	https://www.inaturalist.org/observations/195007806	Fungi	Basidiomycota	Agaricomycetes	Polyporales	Meruliaceae	Phlebia	Phlebia radiata		SPECIES	Phlebia radiata Fr.	Phlebia radiata		CA		Ontario	PRESENT		28eb1a3f-1c15-4a95-931a-4af90ecb574d	45.446138	-75.544444	27158.0						2023-12-27T11:35	27	12	2023	2545089	2545089	HUMAN_OBSERVATION	iNaturalist	Observations	195007806		L Joan Heyding	2023-12-27T20:20:46	CC_BY_NC_4_0	L Joan Heyding	L Joan Heyding			2025-01-14T12:43:15.187Z	StillImage	COORDINATE_ROUNDED;CONTINENT_DERIVED_FROM_COORDINATES;TAXON_MATCH_TAXON_ID_IGNORED
4506404548	50c9509d-22c7-4a22-a47d-8c48425ef4a7	https://www.inaturalist.org/observations/97374025	Fungi	Basidiomycota	Agaricomycetes	Polyporales	Meruliaceae	Phlebia	Phlebia radiata		SPECIES	Phlebia radiata Fr.	Phlebia radiata		CA		Québec	PRESENT		28eb1a3f-1c15-4a95-931a-4af90ecb574d	45.511175	-73.584964	5.0						2021-10-06T15:12:15	6	10	2021	2545089	2545089	HUMAN_OBSERVATION	iNaturalist	Observations	97374025		dayleywood	2021-10-06T19:13:38	CC_BY_NC_4_0	dayleywood	dayleywood			2025-01-14T12:24:43.664Z	StillImage	COORDINATE_ROUNDED;CONTINENT_DERIVED_FROM_COORDINATES;TAXON_MATCH_TAXON_ID_IGNORED
4506364877	50c9509d-22c7-4a22-a47d-8c48425ef4a7	https://www.inaturalist.org/observations/194845183	Fungi	Basidiomycota	Agaricomycetes	Polyporales	Meruliaceae	Phlebia	Phlebia radiata		SPECIES	Phlebia radiata Fr.	Phlebia radiata		CA		Québec	PRESENT		28eb1a3f-1c15-4a95-931a-4af90ecb574d	45.546472	-73.338228							2023-11-19T12:15:34	19	11	2023	2545089	2545089	HUMAN_OBSERVATION	iNaturalist	Observations	194845183		noeliebonnefoy5	2023-12-25T22:25:33	CC_BY_NC_4_0	noeliebonnefoy5	noeliebonnefoy5			2025-01-14T13:29:09.822Z	StillImage	COORDINATE_ROUNDED;CONTINENT_DERIVED_FROM_COORDINATES;TAXON_MATCH_TAXON_ID_IGNORED
4506308377	50c9509d-22c7-4a22-a47d-8c48425ef4a7	https://www.inaturalist.org/observations/194143669	Fungi	Basidiomycota	Agaricomycetes	Polyporales	Meruliaceae	Phlebia	Phlebia radiata		SPECIES	Phlebia radiata Fr.	Phlebia radiata		CA		Ontario	PRESENT		28eb1a3f-1c15-4a95-931a-4af90ecb574d	45.294362	-75.815133	5.0						2023-12-16T14:47:50	16	12	2023	2545089	2545089	HUMAN_OBSERVATION	iNaturalist	Observations	194143669		Derek Dunnett	2023-12-16T22:38:55	CC_BY_NC_4_0	Derek Dunnett	Derek Dunnett			2025-01-14T13:28:59.581Z	StillImage	COORDINATE_ROUNDED;CONTINENT_DERIVED_FROM_COORDINATES;TAXON_MATCH_TAXON_ID_IGNORED
4442688462	50c9509d-22c7-4a22-a47d-8c48425ef4a7	https://www.inaturalist.org/observations/191057476	Fungi	Basidiomycota	Agaricomycetes	Polyporales	Meruliaceae	Phlebia	Phlebia radiata		SPECIES	Phlebia radiata Fr.	Phlebia radiata		CA		Québec	PRESENT		28eb1a3f-1c15-4a95-931a-4af90ecb574d	45.73	-74.275	183.0						2023-11-10T08:41	10	11	2023	2545089	2545089	HUMAN_OBSERVATION	iNaturalist	Observations	191057476		katycricket	2023-11-15T03:09:41	CC_BY_NC_4_0	katycricket	katycricket			2025-01-14T13:35:36.450Z	StillImage	CONTINENT_DERIVED_FROM_COORDINATES;TAXON_MATCH_TAXON_ID_IGNORED
4442658834	50c9509d-22c7-4a22-a47d-8c48425ef4a7	https://www.inaturalist.org/observations/191229198	Fungi	Basidiomycota	Agaricomycetes	Polyporales	Meruliaceae	Phlebia	Phlebia radiata		SPECIES	Phlebia radiata Fr.	Phlebia radiata		CA		Ontario	PRESENT		28eb1a3f-1c15-4a95-931a-4af90ecb574d	45.50917	-75.340021	143.0						2023-11-16T08:48:48	16	11	2023	2545089	2545089	HUMAN_OBSERVATION	iNaturalist	Observations	191229198		Ariel Bonkoski	2023-11-17T02:04:05	CC_BY_NC_4_0	kevinwallace	kevinwallace			2025-01-14T12:42:44.306Z	StillImage	COORDINATE_ROUNDED;CONTINENT_DERIVED_FROM_COORDINATES;TAXON_MATCH_TAXON_ID_IGNORED
4442638054	50c9509d-22c7-4a22-a47d-8c48425ef4a7	https://www.inaturalist.org/observations/190401162	Fungi	Basidiomycota	Agaricomycetes	Polyporales	Meruliaceae	Phlebia	Phlebia radiata		SPECIES	Phlebia radiata Fr.	Phlebia radiata		CA		New Brunswick	PRESENT		28eb1a3f-1c15-4a95-931a-4af90ecb574d	46.123539	-64.833579	289.0						2023-11-05T13:09	5	11	2023	2545089	2545089	HUMAN_OBSERVATION	iNaturalist	Observations	190401162		Ivy Austin	2023-11-08T14:01:56	CC_BY_NC_4_0	Ivy Austin	Ivy Austin			2025-01-14T13:28:36.740Z	StillImage	COORDINATE_ROUNDED;CONTINENT_DERIVED_FROM_COORDINATES;TAXON_MATCH_TAXON_ID_IGNORED
4442626162	50c9509d-22c7-4a22-a47d-8c48425ef4a7	https://www.inaturalist.org/observations/190242468	Fungi	Basidiomycota	Agaricomycetes	Polyporales	Meruliaceae	Phlebia	Phlebia radiata		SPECIES	Phlebia radiata Fr.	Phlebia radiata		CA		Québec	PRESENT		28eb1a3f-1c15-4a95-931a-4af90ecb574d	45.385442	-71.928925	1414.0						2023-11-06T14:54:03	6	11	2023	2545089	2545089	HUMAN_OBSERVATION	iNaturalist	Observations	190242468		gabboilard	2023-11-06T20:52:40	CC_BY_NC_4_0	gabboilard	gabboilard			2025-01-14T13:34:44.084Z	StillImage	COORDINATE_ROUNDED;CONTINENT_DERIVED_FROM_COORDINATES;TAXON_MATCH_TAXON_ID_IGNORED
4442606023	50c9509d-22c7-4a22-a47d-8c48425ef4a7	https://www.inaturalist.org/observations/189969485	Fungi	Basidiomycota	Agaricomycetes	Polyporales	Meruliaceae	Phlebia	Phlebia radiata		SPECIES	Phlebia radiata Fr.	Phlebia radiata		CA		Québec	PRESENT		28eb1a3f-1c15-4a95-931a-4af90ecb574d	45.563864	-73.328644							2023-11-04T12:49:13	4	11	2023	2545089	2545089	HUMAN_OBSERVATION	iNaturalist	Observations	189969485		Ariel Bonkoski	2023-11-16T03:42:40	CC_BY_NC_4_0	Michel Saint-Germain	Michel Saint-Germain			2025-01-14T13:33:16.379Z	StillImage	COORDINATE_ROUNDED;CONTINENT_DERIVED_FROM_COORDINATES;TAXON_MATCH_TAXON_ID_IGNORED
4442591990	50c9509d-22c7-4a22-a47d-8c48425ef4a7	https://www.inaturalist.org/observations/188200725	Fungi	Basidiomycota	Agaricomycetes	Polyporales	Meruliaceae	Phlebia	Phlebia radiata		SPECIES	Phlebia radiata Fr.	Phlebia radiata		CA		Ontario	PRESENT		28eb1a3f-1c15-4a95-931a-4af90ecb574d	45.481712	-78.802797	1771.0						2023-10-19T13:56	19	10	2023	2545089	2545089	HUMAN_OBSERVATION	iNaturalist	Observations	188200725		Dawn Sherman	2023-10-19T23:15:21	CC_BY_NC_4_0	Dawn Sherman	Dawn Sherman			2025-01-14T13:30:02.810Z	StillImage	COORDINATE_ROUNDED;CONTINENT_DERIVED_FROM_COORDINATES;TAXON_MATCH_TAXON_ID_IGNORED
4442568927	50c9509d-22c7-4a22-a47d-8c48425ef4a7	https://www.inaturalist.org/observations/191149232	Fungi	Basidiomycota	Agaricomycetes	Polyporales	Meruliaceae	Phlebia	Phlebia radiata		SPECIES	Phlebia radiata Fr.	Phlebia radiata		CA		Québec	PRESENT		28eb1a3f-1c15-4a95-931a-4af90ecb574d	45.413473	-75.832556	183.0						2023-11-15T15:24	15	11	2023	2545089	2545089	HUMAN_OBSERVATION	iNaturalist	Observations	191149232		L Joan Heyding	2023-11-16T03:46:49	CC_BY_NC_4_0	L Joan Heyding	L Joan Heyding			2025-01-14T12:45:16.537Z	StillImage	COORDINATE_ROUNDED;CONTINENT_DERIVED_FROM_COORDINATES;TAXON_MATCH_TAXON_ID_IGNORED
4442532920	50c9509d-22c7-4a22-a47d-8c48425ef4a7	https://www.inaturalist.org/observations/191417908	Fungi	Basidiomycota	Agaricomycetes	Polyporales	Meruliaceae	Phlebia	Phlebia radiata		SPECIES	Phlebia radiata Fr.	Phlebia radiata		CA		Ontario	PRESENT		28eb1a3f-1c15-4a95-931a-4af90ecb574d	45.369603	-75.796188	5.0						2023-11-18T13:53:33	18	11	2023	2545089	2545089	HUMAN_OBSERVATION	iNaturalist	Observations	191417908		Vanessa Hum	2023-11-18T23:39:46	CC_BY_NC_4_0	Vanessa Hum	Vanessa Hum			2025-01-14T12:41:56.451Z	StillImage	COORDINATE_ROUNDED;CONTINENT_DERIVED_FROM_COORDINATES;TAXON_MATCH_TAXON_ID_IGNORED
4442500416	50c9509d-22c7-4a22-a47d-8c48425ef4a7	https://www.inaturalist.org/observations/191236717	Fungi	Basidiomycota	Agaricomycetes	Polyporales	Meruliaceae	Phlebia	Phlebia radiata		SPECIES	Phlebia radiata Fr.	Phlebia radiata		CA		Québec	PRESENT		28eb1a3f-1c15-4a95-931a-4af90ecb574d	45.537202	-75.899895	183.0						2023-11-16T13:42	16	11	2023	2545089	2545089	HUMAN_OBSERVATION	iNaturalist	Observations	191236717		L Joan Heyding	2023-11-17T03:02:48	CC_BY_NC_4_0	L Joan Heyding	L Joan Heyding			2025-01-14T13:33:38.082Z	StillImage	COORDINATE_ROUNDED;CONTINENT_DERIVED_FROM_COORDINATES;TAXON_MATCH_TAXON_ID_IGNORED
4442385085	50c9509d-22c7-4a22-a47d-8c48425ef4a7	https://www.inaturalist.org/observations/189283964	Fungi	Basidiomycota	Agaricomycetes	Polyporales	Meruliaceae	Phlebia	Phlebia radiata		SPECIES	Phlebia radiata Fr.	Phlebia radiata		CA		Québec	PRESENT		28eb1a3f-1c15-4a95-931a-4af90ecb574d	45.536999	-75.992519	449.0						2023-10-28T12:38:30	28	10	2023	2545089	2545089	HUMAN_OBSERVATION	iNaturalist	Observations	189283964		lucopatts	2023-10-28T22:47:03	CC_BY_NC_4_0	lucopatts	lucopatts			2025-01-14T12:42:30.617Z	StillImage	COORDINATE_ROUNDED;CONTINENT_DERIVED_FROM_COORDINATES;TAXON_MATCH_TAXON_ID_IGNORED
4442353016	50c9509d-22c7-4a22-a47d-8c48425ef4a7	https://www.inaturalist.org/observations/190020301	Fungi	Basidiomycota	Agaricomycetes	Polyporales	Meruliaceae	Phlebia	Phlebia radiata		SPECIES	Phlebia radiata Fr.	Phlebia radiata		CA		Québec	PRESENT		28eb1a3f-1c15-4a95-931a-4af90ecb574d	45.615381	-75.999537	174.0						2023-11-04T12:29	4	11	2023	2545089	2545089	HUMAN_OBSERVATION	iNaturalist	Observations	190020301		L Joan Heyding	2023-11-05T01:07:33	CC_BY_NC_4_0	L Joan Heyding	L Joan Heyding			2025-01-14T12:46:27.376Z	StillImage	COORDINATE_ROUNDED;CONTINENT_DERIVED_FROM_COORDINATES;TAXON_MATCH_TAXON_ID_IGNORED
4442347041	50c9509d-22c7-4a22-a47d-8c48425ef4a7	https://www.inaturalist.org/observations/189286955	Fungi	Basidiomycota	Agaricomycetes	Polyporales	Meruliaceae	Phlebia	Phlebia radiata		SPECIES	Phlebia radiata Fr.	Phlebia radiata		CA		New Brunswick	PRESENT		28eb1a3f-1c15-4a95-931a-4af90ecb574d	45.921463	-66.156522							2023-10-28T14:50:39	28	10	2023	2545089	2545089	HUMAN_OBSERVATION	iNaturalist	Observations	189286955		Andrew MacPherson	2023-10-28T23:16:03	CC0_1_0	Andrew MacPherson	Andrew MacPherson			2025-01-14T12:42:50.209Z	StillImage	COORDINATE_ROUNDED;CONTINENT_DERIVED_FROM_COORDINATES;TAXON_MATCH_TAXON_ID_IGNORED
4440941737	50c9509d-22c7-4a22-a47d-8c48425ef4a7	https://www.inaturalist.org/observations/190457098	Fungi	Basidiomycota	Agaricomycetes	Polyporales	Meruliaceae	Phlebia	Phlebia radiata		SPECIES	Phlebia radiata Fr.	Phlebia radiata		CA		Québec	PRESENT		28eb1a3f-1c15-4a95-931a-4af90ecb574d	45.537202	-75.899895	183.0						2023-11-08T14:32	8	11	2023	2545089	2545089	HUMAN_OBSERVATION	iNaturalist	Observations	190457098		L Joan Heyding	2023-11-09T01:52:56	CC_BY_NC_4_0	L Joan Heyding	L Joan Heyding			2025-01-14T13:34:58.971Z	StillImage	COORDINATE_ROUNDED;CONTINENT_DERIVED_FROM_COORDINATES;TAXON_MATCH_TAXON_ID_IGNORED
4440780194	50c9509d-22c7-4a22-a47d-8c48425ef4a7	https://www.inaturalist.org/observations/188506610	Fungi	Basidiomycota	Agaricomycetes	Polyporales	Meruliaceae	Phlebia	Phlebia radiata		SPECIES	Phlebia radiata Fr.	Phlebia radiata		CA		Ontario	PRESENT		28eb1a3f-1c15-4a95-931a-4af90ecb574d	45.30533	-75.84983							2023-10-19T09:28:45	19	10	2023	2545089	2545089	HUMAN_OBSERVATION	iNaturalist	Observations	188506610		Nina	2023-10-22T12:10:19	CC_BY_NC_4_0	Nina	Nina			2025-01-14T12:44:40.480Z	StillImage	CONTINENT_DERIVED_FROM_COORDINATES;TAXON_MATCH_TAXON_ID_IGNORED
4436484488	50c9509d-22c7-4a22-a47d-8c48425ef4a7	https://www.inaturalist.org/observations/189501568	Fungi	Basidiomycota	Agaricomycetes	Polyporales	Meruliaceae	Phlebia	Phlebia radiata		SPECIES	Phlebia radiata Fr.	Phlebia radiata		CA		Québec	PRESENT		28eb1a3f-1c15-4a95-931a-4af90ecb574d	45.872811	-76.4339	501.0						2023-10-28T15:03	28	10	2023	2545089	2545089	HUMAN_OBSERVATION	iNaturalist	Observations	189501568		L Joan Heyding	2023-10-30T20:02:03	CC_BY_NC_4_0	L Joan Heyding	L Joan Heyding			2025-01-14T12:42:52.109Z	StillImage	COORDINATE_ROUNDED;CONTINENT_DERIVED_FROM_COORDINATES;TAXON_MATCH_TAXON_ID_IGNORED
4436327266	50c9509d-22c7-4a22-a47d-8c48425ef4a7	https://www.inaturalist.org/observations/188837884	Fungi	Basidiomycota	Agaricomycetes	Polyporales	Meruliaceae	Phlebia	Phlebia radiata		SPECIES	Phlebia radiata Fr.	Phlebia radiata		CA		Québec	PRESENT		28eb1a3f-1c15-4a95-931a-4af90ecb574d	45.483025	-75.858445	169.0						2023-10-24T18:53:30	24	10	2023	2545089	2545089	HUMAN_OBSERVATION	iNaturalist	Observations	188837884		Erin	2023-10-24T23:09:41	CC_BY_NC_4_0	Erin	Erin			2025-01-14T13:35:12.187Z	StillImage	CONTINENT_DERIVED_FROM_COORDINATES;TAXON_MATCH_TAXON_ID_IGNORED
4431047279	50c9509d-22c7-4a22-a47d-8c48425ef4a7	https://www.inaturalist.org/observations/187626557	Fungi	Basidiomycota	Agaricomycetes	Polyporales	Meruliaceae	Phlebia	Phlebia radiata		SPECIES	Phlebia radiata Fr.	Phlebia radiata		CA		Ontario	PRESENT		28eb1a3f-1c15-4a95-931a-4af90ecb574d	45.374216	-75.789657	197.0						2023-10-13T14:14:38	13	10	2023	2545089	2545089	HUMAN_OBSERVATION	iNaturalist	Observations	187626557		Nina	2023-10-15T13:09:34	CC_BY_NC_4_0	Nina	Nina			2025-01-14T12:42:44.166Z	StillImage	COORDINATE_ROUNDED;CONTINENT_DERIVED_FROM_COORDINATES;TAXON_MATCH_TAXON_ID_IGNORED
4431004498	50c9509d-22c7-4a22-a47d-8c48425ef4a7	https://www.inaturalist.org/observations/186303034	Fungi	Basidiomycota	Agaricomycetes	Polyporales	Meruliaceae	Phlebia	Phlebia radiata		SPECIES	Phlebia radiata Fr.	Phlebia radiata		CA		Québec	PRESENT		28eb1a3f-1c15-4a95-931a-4af90ecb574d	45.534966	-75.870797	8.0						2023-10-05T10:27:03	5	10	2023	2545089	2545089	HUMAN_OBSERVATION	iNaturalist	Observations	186303034		thrinley	2023-10-05T17:19:06	CC_BY_NC_4_0	thrinley	thrinley			2025-01-14T12:44:02.935Z	StillImage	COORDINATE_ROUNDED;CONTINENT_DERIVED_FROM_COORDINATES;TAXON_MATCH_TAXON_ID_IGNORED
4399935843	50c9509d-22c7-4a22-a47d-8c48425ef4a7	https://www.inaturalist.org/observations/179077672	Fungi	Basidiomycota	Agaricomycetes	Polyporales	Meruliaceae	Phlebia	Phlebia radiata		SPECIES	Phlebia radiata Fr.	Phlebia radiata		CA		Ontario	PRESENT		28eb1a3f-1c15-4a95-931a-4af90ecb574d	45.447751	-75.686264	2.0						2023-08-17T12:28	17	8	2023	2545089	2545089	HUMAN_OBSERVATION	iNaturalist	Observations	179077672		Ariel Bonkoski	2023-08-19T02:10:17	CC_BY_4_0	christine123	christine123			2025-01-14T12:40:05.996Z	StillImage	COORDINATE_ROUNDED;CONTINENT_DERIVED_FROM_COORDINATES;TAXON_MATCH_TAXON_ID_IGNORED
4177204494	50c9509d-22c7-4a22-a47d-8c48425ef4a7	https://www.inaturalist.org/observations/178459808	Fungi	Basidiomycota	Agaricomycetes	Polyporales	Meruliaceae	Phlebia	Phlebia radiata		SPECIES	Phlebia radiata Fr.	Phlebia radiata		CA		Ontario	PRESENT		28eb1a3f-1c15-4a95-931a-4af90ecb574d	45.447705	-75.686426	31.0						2023-08-14T13:49	14	8	2023	2545089	2545089	HUMAN_OBSERVATION	iNaturalist	Observations	178459808		Ariel Bonkoski	2023-08-15T03:28:10	CC_BY_4_0	christine123	christine123			2025-01-14T13:31:49.099Z	StillImage	COORDINATE_ROUNDED;CONTINENT_DERIVED_FROM_COORDINATES;TAXON_MATCH_TAXON_ID_IGNORED
4138180371	50c9509d-22c7-4a22-a47d-8c48425ef4a7	https://www.inaturalist.org/observations/69881934	Fungi	Basidiomycota	Agaricomycetes	Polyporales	Meruliaceae	Phlebia	Phlebia radiata		SPECIES	Phlebia radiata Fr.	Phlebia radiata		CA		Québec	PRESENT		28eb1a3f-1c15-4a95-931a-4af90ecb574d	45.635678	-75.657026	31.0						2021-02-20T09:52	20	2	2021	2545089	2545089	HUMAN_OBSERVATION	iNaturalist	Observations	69881934		Ben	2022-02-12T21:40:31	CC_BY_NC_4_0	thejasperpatch	thejasperpatch			2025-01-14T13:11:19.249Z	StillImage	COORDINATE_ROUNDED;CONTINENT_DERIVED_FROM_COORDINATES;TAXON_MATCH_TAXON_ID_IGNORED
4129914496	50c9509d-22c7-4a22-a47d-8c48425ef4a7	https://www.inaturalist.org/observations/146212410	Fungi	Basidiomycota	Agaricomycetes	Polyporales	Meruliaceae	Phlebia	Phlebia radiata		SPECIES	Phlebia radiata Fr.	Phlebia radiata		CA		Québec	PRESENT		28eb1a3f-1c15-4a95-931a-4af90ecb574d	45.39833	-73.755138	4.0						2023-01-04T08:27	4	1	2023	2545089	2545089	HUMAN_OBSERVATION	iNaturalist	Observations	146212410		Ben	2023-03-20T17:56:09	CC_BY_NC_4_0	tom1989	tom1989			2025-01-14T13:22:44.280Z	StillImage	COORDINATE_ROUNDED;CONTINENT_DERIVED_FROM_COORDINATES;TAXON_MATCH_TAXON_ID_IGNORED
4129726409	50c9509d-22c7-4a22-a47d-8c48425ef4a7	https://www.inaturalist.org/observations/100552670	Fungi	Basidiomycota	Agaricomycetes	Polyporales	Meruliaceae	Phlebia	Phlebia radiata		SPECIES	Phlebia radiata Fr.	Phlebia radiata		CA		Québec	PRESENT		28eb1a3f-1c15-4a95-931a-4af90ecb574d	46.912857	-71.231512	31.0						2021-11-04	4	11	2021	2545089	2545089	HUMAN_OBSERVATION	iNaturalist	Observations	100552670		Christian Grenier	2021-11-08T01:01:10	CC_BY_NC_4_0	Christian Grenier	Christian Grenier			2025-01-14T13:16:58.176Z	StillImage	COORDINATE_ROUNDED;CONTINENT_DERIVED_FROM_COORDINATES;TAXON_MATCH_TAXON_ID_IGNORED
4104429576	5a6538b8-e35c-46c4-8978-6858a657a75f	fdfa82c6-92d3-4342-ab32-bc616c2f47ae	Fungi	Basidiomycota	Agaricomycetes	Polyporales	Meruliaceae	Phlebia	Phlebia radiata		SPECIES	Phlebia merismoides (Fr.) Fr.	Phlebia merismoides	(Fr.) Fr.	CA	St. John, New Brunswick		PRESENT		a26dde42-dd82-4d07-a763-353ab27fc02c	46.5	-66.0							1904-12		12	1904	2545100	2545089	PRESERVED_SPECIMEN	CUP		CUP-A-018751		Atkinson, George		CC0_1_0		Hay, George; Clements, E			2025-01-15T04:26:00.448Z		GEODETIC_DATUM_ASSUMED_WGS84;CONTINENT_DERIVED_FROM_COORDINATES;TAXON_MATCH_TAXON_ID_IGNORED;COLLECTION_MATCH_NONE;INSTITUTION_MATCH_FUZZY
4100049751	d1a3b128-b406-46bb-a6d1-f3591dcc8a7b	77f86e51-7c7c-4c3a-b7fe-451421c9f46d	Fungi	Basidiomycota	Agaricomycetes	Polyporales	Meruliaceae	Phlebia	Phlebia radiata		SPECIES	Phlebia radiata Fr.	Phlebia radiata	Fr.	CA	Fredericton	New Brunswick	PRESENT		e43cf4b8-849e-4fac-b075-e652d019d2cf	45.95	-66.633333	11997.0						1946-09-28	28	9	1946	2545089	2545089	PRESERVED_SPECIMEN	BPI		BPI 263953		Hansbrough J. R.		CC0_1_0		Hansbrough J. R.			2025-01-15T04:59:25.451Z		GEODETIC_DATUM_ASSUMED_WGS84;CONTINENT_DERIVED_FROM_COORDINATES;TAXON_MATCH_TAXON_ID_IGNORED;INSTITUTION_MATCH_FUZZY
4100049742	d1a3b128-b406-46bb-a6d1-f3591dcc8a7b	ecf7cdbe-6731-46e0-8d9c-db520c6d2207	Fungi	Basidiomycota	Agaricomycetes	Polyporales	Meruliaceae	Phlebia	Phlebia radiata		SPECIES	Phlebia merismoides (Fr.) Fr.	Phlebia merismoides	(Fr.) Fr.	CA	Ottawa	Ontario	PRESENT		e43cf4b8-849e-4fac-b075-e652d019d2cf	45.416667	-75.7	52150.0						1883-10-15	15	10	1883	2545100	2545089	PRESERVED_SPECIMEN	BPI		BPI 263884	43			CC0_1_0		MACOUN			2025-01-15T04:59:25.511Z		GEODETIC_DATUM_ASSUMED_WGS84;CONTINENT_DERIVED_FROM_COORDINATES;TAXON_MATCH_TAXON_ID_IGNORED;INSTITUTION_MATCH_FUZZY
4099919764	d1a3b128-b406-46bb-a6d1-f3591dcc8a7b	99f36dfc-d97c-45b4-8dbf-b4009ef952a2	Fungi	Basidiomycota	Agaricomycetes	Polyporales	Meruliaceae	Phlebia	Phlebia radiata		SPECIES	Phlebia radiata Fr.	Phlebia radiata	Fr.	CA	Ottawa	Ontario	PRESENT		e43cf4b8-849e-4fac-b075-e652d019d2cf	45.416667	-75.7	52150.0						1883-09-27	27	9	1883	2545089	2545089	PRESERVED_SPECIMEN	BPI		BPI 264064	18			CC0_1_0		MACOUN			2025-01-15T04:59:25.630Z		GEODETIC_DATUM_ASSUMED_WGS84;CONTINENT_DERIVED_FROM_COORDINATES;TAXON_MATCH_TAXON_ID_IGNORED;INSTITUTION_MATCH_FUZZY
4099451768	d1a3b128-b406-46bb-a6d1-f3591dcc8a7b	4eaa3141-b109-4f9e-b77c-18e7c0e64a69	Fungi	Basidiomycota	Agaricomycetes	Polyporales	Meruliaceae	Phlebia	Phlebia radiata		SPECIES	Phlebia radiata Fr.	Phlebia radiata	Fr.	CA	Ravine, Kentville Agricultural Experiment Station	Nova Scotia	PRESENT		e43cf4b8-849e-4fac-b075-e652d019d2cf	45.066667	-64.5	2203.0						1952-11-07	7	11	1952	2545089	2545089	PRESERVED_SPECIMEN	BPI		BPI 264085		Harrison K. A.; MACRAE Ruth		CC0_1_0		Harrison K. A.			2025-01-15T04:59:25.309Z		CONTINENT_DERIVED_FROM_COORDINATES;TAXON_MATCH_TAXON_ID_IGNORED;INSTITUTION_MATCH_FUZZY
4099450768	d1a3b128-b406-46bb-a6d1-f3591dcc8a7b	e119680b-e387-4bc1-a7d6-1844f8641ee1	Fungi	Basidiomycota	Agaricomycetes	Polyporales	Meruliaceae	Phlebia	Phlebia radiata		SPECIES	Phlebia radiata Fr.	Phlebia radiata	Fr.	CA	Pink Lake, near Kingsmere	Quebec	PRESENT		e43cf4b8-849e-4fac-b075-e652d019d2cf	45.490885	-75.841622	301.0						1941-10-09	9	10	1941	2545089	2545089	PRESERVED_SPECIMEN	BPI		BPI 264026		Ginns J.		CC0_1_0		MACRAE Ruth			2025-01-15T04:59:25.708Z		GEODETIC_DATUM_ASSUMED_WGS84;CONTINENT_DERIVED_FROM_COORDINATES;TAXON_MATCH_TAXON_ID_IGNORED;INSTITUTION_MATCH_FUZZY
4099450761	d1a3b128-b406-46bb-a6d1-f3591dcc8a7b	5f4016d4-ac71-4f42-b552-7dd1be1e954a	Fungi	Basidiomycota	Agaricomycetes	Polyporales	Meruliaceae	Phlebia	Phlebia radiata		SPECIES	Phlebia radiata Fr.	Phlebia radiata	Fr.	CA	O'dell Forest, Fredericton	New Brunswick	PRESENT		e43cf4b8-849e-4fac-b075-e652d019d2cf	45.952771	-66.670384	1093.0						1946-09-27	27	9	1946	2545089	2545089	PRESERVED_SPECIMEN	BPI		BPI 263966		Hansbrough J. R.		CC0_1_0		Hansbrough J. R.			2025-01-15T04:59:25.525Z		CONTINENT_DERIVED_FROM_COORDINATES;TAXON_MATCH_TAXON_ID_IGNORED;INSTITUTION_MATCH_FUZZY
4039275622	50c9509d-22c7-4a22-a47d-8c48425ef4a7	https://www.inaturalist.org/observations/145687271	Fungi	Basidiomycota	Agaricomycetes	Polyporales	Meruliaceae	Phlebia	Phlebia radiata		SPECIES	Phlebia radiata Fr.	Phlebia radiata		CA		Québec	PRESENT		28eb1a3f-1c15-4a95-931a-4af90ecb574d	45.422561	-75.865555	27158.0						2022-09-28T13:04	28	9	2022	2545089	2545089	HUMAN_OBSERVATION	iNaturalist	Observations	145687271		maricel patino	2023-02-17T13:49:44	CC_BY_NC_4_0	L Joan Heyding	L Joan Heyding			2025-01-14T12:32:43.867Z	StillImage	COORDINATE_ROUNDED;CONTINENT_DERIVED_FROM_COORDINATES;TAXON_MATCH_TAXON_ID_IGNORED
4029014521	50c9509d-22c7-4a22-a47d-8c48425ef4a7	https://www.inaturalist.org/observations/147338302	Fungi	Basidiomycota	Agaricomycetes	Polyporales	Meruliaceae	Phlebia	Phlebia radiata		SPECIES	Phlebia radiata Fr.	Phlebia radiata		CA		Ontario	PRESENT		28eb1a3f-1c15-4a95-931a-4af90ecb574d	45.307947	-75.847237							2023-01-25T09:37:25	25	1	2023	2545089	2545089	HUMAN_OBSERVATION	iNaturalist	Observations	147338302		Nina	2023-01-25T17:43:42	CC_BY_NC_4_0	Nina	Nina			2025-01-14T13:28:02.578Z	StillImage	COORDINATE_ROUNDED;CONTINENT_DERIVED_FROM_COORDINATES;TAXON_MATCH_TAXON_ID_IGNORED
4023432896	0f83123f-0c04-4556-8f4d-5a4e2a9bac66	http://id.luomus.fi/MY.3699201	Fungi	Basidiomycota	Agaricomycetes	Polyporales	Meruliaceae	Phlebia	Phlebia radiata		SPECIES	Phlebia radiata Fr.	Phlebia radiata Fr.:Fr.		CA	Parent's Bush | Near Britannia	Ontario	PRESENT		04fd2e13-6881-4e5c-9dd1-8fdd9ab993c1	45.416666	-75.683333							1936-09-18T00:00Z	18	9	1936	2545089	2545089	PRESERVED_SPECIMEN	H		http://id.luomus.fi/HA.H7035949		Macrae, Ruth		CC_BY_4_0		Conners, I. L.			2025-01-12T05:29:51.265Z		CONTINENT_DERIVED_FROM_COORDINATES;TAXON_MATCH_TAXON_ID_IGNORED;COLLECTION_MATCH_NONE;INSTITUTION_MATCH_FUZZY
4023432882	0f83123f-0c04-4556-8f4d-5a4e2a9bac66	http://id.luomus.fi/MY.3699219	Fungi	Basidiomycota	Agaricomycetes	Polyporales	Meruliaceae	Phlebia	Phlebia radiata		SPECIES	Phlebia radiata Fr.	Phlebia radiata Fr.:Fr.		CA	Farmer's Rapids	Quebec	PRESENT		04fd2e13-6881-4e5c-9dd1-8fdd9ab993c1	45.483333	-75.65							1931-09-25T00:00Z	25	9	1931	2545089	2545089	PRESERVED_SPECIMEN	H		http://id.luomus.fi/HA.H7035896		Macrae, Ruth		CC_BY_4_0		Conners, I. L.			2025-01-12T05:29:51.264Z		CONTINENT_DERIVED_FROM_COORDINATES;TAXON_MATCH_TAXON_ID_IGNORED;COLLECTION_MATCH_NONE;INSTITUTION_MATCH_FUZZY
4023432828	0f83123f-0c04-4556-8f4d-5a4e2a9bac66	http://id.luomus.fi/MY.3699234	Fungi	Basidiomycota	Agaricomycetes	Polyporales	Meruliaceae	Phlebia	Phlebia radiata		SPECIES	Phlebia radiata Fr.	Phlebia radiata Fr.:Fr.		CA	Parent's Bush | Near Britannia	Ontario	PRESENT		04fd2e13-6881-4e5c-9dd1-8fdd9ab993c1	45.416666	-75.683333							1936-09-18T00:00Z	18	9	1936	2545089	2545089	PRESERVED_SPECIMEN	H		http://id.luomus.fi/HA.H7035865		Macrae, Ruth		CC_BY_4_0		Conners, I. L.			2025-01-12T05:29:51.252Z		CONTINENT_DERIVED_FROM_COORDINATES;TAXON_MATCH_TAXON_ID_IGNORED;COLLECTION_MATCH_NONE;INSTITUTION_MATCH_FUZZY
4023421239	0f83123f-0c04-4556-8f4d-5a4e2a9bac66	http://id.luomus.fi/MY.8254929	Fungi	Basidiomycota	Agaricomycetes	Polyporales	Meruliaceae	Phlebia	Phlebia radiata		SPECIES	Phlebia radiata Fr.	Phlebia radiata Fr.:Fr.		CA	Ginns' farm	Quebec	PRESENT		04fd2e13-6881-4e5c-9dd1-8fdd9ab993c1	45.56	-75.78							1981-11-14T00:00Z	14	11	1981	2545089	2545089	PRESERVED_SPECIMEN	H		http://id.luomus.fi/HA.H7059179	6413			CC_BY_4_0		Ginns, J.			2025-01-12T05:29:48.535Z		CONTINENT_DERIVED_FROM_COORDINATES;TAXON_MATCH_TAXON_ID_IGNORED;COLLECTION_MATCH_NONE;INSTITUTION_MATCH_FUZZY
3963653599	50c9509d-22c7-4a22-a47d-8c48425ef4a7	https://www.inaturalist.org/observations/139380068	Fungi	Basidiomycota	Agaricomycetes	Polyporales	Meruliaceae	Phlebia	Phlebia radiata		SPECIES	Phlebia radiata Fr.	Phlebia radiata		CA		New Brunswick	PRESENT		28eb1a3f-1c15-4a95-931a-4af90ecb574d	46.061239	-64.805218	6414.0						2022-10-18	18	10	2022	2545089	2545089	HUMAN_OBSERVATION	iNaturalist	Observations	139380068		Mrs.Ali	2022-10-19T23:31:09	CC_BY_NC_4_0	Mrs.Ali	Mrs.Ali			2025-01-14T13:22:17.987Z	StillImage	COORDINATE_ROUNDED;CONTINENT_DERIVED_FROM_COORDINATES;TAXON_MATCH_TAXON_ID_IGNORED
3963625049	50c9509d-22c7-4a22-a47d-8c48425ef4a7	https://www.inaturalist.org/observations/141167584	Fungi	Basidiomycota	Agaricomycetes	Polyporales	Meruliaceae	Phlebia	Phlebia radiata		SPECIES	Phlebia radiata Fr.	Phlebia radiata		CA		Québec	PRESENT		28eb1a3f-1c15-4a95-931a-4af90ecb574d	46.787662	-71.341232	15.0						2022-10-05	5	10	2022	2545089	2545089	HUMAN_OBSERVATION	iNaturalist	Observations	141167584		Christian Grenier	2022-11-05T16:07:01	CC_BY_NC_4_0	Christian Grenier	Christian Grenier			2025-01-14T13:33:34.329Z	StillImage	COORDINATE_ROUNDED;CONTINENT_DERIVED_FROM_COORDINATES;TAXON_MATCH_TAXON_ID_IGNORED
3963552250	50c9509d-22c7-4a22-a47d-8c48425ef4a7	https://www.inaturalist.org/observations/141322344	Fungi	Basidiomycota	Agaricomycetes	Polyporales	Meruliaceae	Phlebia	Phlebia radiata		SPECIES	Phlebia radiata Fr.	Phlebia radiata		CA		Québec	PRESENT		28eb1a3f-1c15-4a95-931a-4af90ecb574d	45.846198	-76.542975	27095.0						2022-11-04T16:10	4	11	2022	2545089	2545089	HUMAN_OBSERVATION	iNaturalist	Observations	141322344		L Joan Heyding	2022-11-07T00:08:09	CC_BY_NC_4_0	L Joan Heyding	L Joan Heyding			2025-01-14T12:32:31.840Z	StillImage	COORDINATE_ROUNDED;CONTINENT_DERIVED_FROM_COORDINATES;TAXON_MATCH_TAXON_ID_IGNORED
3947723169	50c9509d-22c7-4a22-a47d-8c48425ef4a7	https://www.inaturalist.org/observations/138556451	Fungi	Basidiomycota	Agaricomycetes	Polyporales	Meruliaceae	Phlebia	Phlebia radiata		SPECIES	Phlebia radiata Fr.	Phlebia radiata		CA		Ontario	PRESENT		28eb1a3f-1c15-4a95-931a-4af90ecb574d	45.043389	-78.500995							2022-10-12T17:37:49	12	10	2022	2545089	2545089	HUMAN_OBSERVATION	iNaturalist	Observations	138556451		Lee Cumming	2022-10-12T22:50:27	CC_BY_NC_4_0	Lee Cumming	Lee Cumming			2025-01-14T13:25:47.799Z		COORDINATE_ROUNDED;CONTINENT_DERIVED_FROM_COORDINATES;TAXON_MATCH_TAXON_ID_IGNORED
3947671025	50c9509d-22c7-4a22-a47d-8c48425ef4a7	https://www.inaturalist.org/observations/139287846	Fungi	Basidiomycota	Agaricomycetes	Polyporales	Meruliaceae	Phlebia	Phlebia radiata		SPECIES	Phlebia radiata Fr.	Phlebia radiata		CA		Ontario	PRESENT		28eb1a3f-1c15-4a95-931a-4af90ecb574d	45.203848	-75.880842	27190.0						2022-10-18T11:19	18	10	2022	2545089	2545089	HUMAN_OBSERVATION	iNaturalist	Observations	139287846		L Joan Heyding	2022-10-19T01:01:28	CC_BY_NC_4_0	L Joan Heyding	L Joan Heyding			2025-01-14T12:32:01.328Z	StillImage	COORDINATE_ROUNDED;CONTINENT_DERIVED_FROM_COORDINATES;TAXON_MATCH_TAXON_ID_IGNORED
3947449301	50c9509d-22c7-4a22-a47d-8c48425ef4a7	https://www.inaturalist.org/observations/138670507	Fungi	Basidiomycota	Agaricomycetes	Polyporales	Meruliaceae	Phlebia	Phlebia radiata		SPECIES	Phlebia radiata Fr.	Phlebia radiata		CA		Québec	PRESENT		28eb1a3f-1c15-4a95-931a-4af90ecb574d	45.776057	-76.32386	27126.0						2022-10-11T09:12:33	11	10	2022	2545089	2545089	HUMAN_OBSERVATION	iNaturalist	Observations	138670507		errantlight	2022-10-14T00:41:35	CC_BY_NC_4_0	errantlight	errantlight			2025-01-14T13:26:01.716Z	StillImage	COORDINATE_ROUNDED;CONTINENT_DERIVED_FROM_COORDINATES;TAXON_MATCH_TAXON_ID_IGNORED
3947228325	50c9509d-22c7-4a22-a47d-8c48425ef4a7	https://www.inaturalist.org/observations/139580698	Fungi	Basidiomycota	Agaricomycetes	Polyporales	Meruliaceae	Phlebia	Phlebia radiata		SPECIES	Phlebia radiata Fr.	Phlebia radiata		CA		Ontario	PRESENT		28eb1a3f-1c15-4a95-931a-4af90ecb574d	45.458004	-76.170783	27158.0						2022-10-21T10:37	21	10	2022	2545089	2545089	HUMAN_OBSERVATION	iNaturalist	Observations	139580698		L Joan Heyding	2022-10-22T00:43:22	CC_BY_NC_4_0	L Joan Heyding	L Joan Heyding			2025-01-14T12:32:26.279Z	StillImage	COORDINATE_ROUNDED;CONTINENT_DERIVED_FROM_COORDINATES;TAXON_MATCH_TAXON_ID_IGNORED
3925044250	50c9509d-22c7-4a22-a47d-8c48425ef4a7	https://www.inaturalist.org/observations/138015637	Fungi	Basidiomycota	Agaricomycetes	Polyporales	Meruliaceae	Phlebia	Phlebia radiata		SPECIES	Phlebia radiata Fr.	Phlebia radiata		CA		Ontario	PRESENT		28eb1a3f-1c15-4a95-931a-4af90ecb574d	45.409838	-75.925287	27.0						2022-10-08T09:28:26	8	10	2022	2545089	2545089	HUMAN_OBSERVATION	iNaturalist	Observations	138015637		Derek Dunnett	2022-10-08T19:02:42	CC_BY_NC_4_0	Derek Dunnett	Derek Dunnett			2025-01-14T13:25:51.496Z	StillImage	COORDINATE_ROUNDED;CONTINENT_DERIVED_FROM_COORDINATES;TAXON_MATCH_TAXON_ID_IGNORED
3858869818	50c9509d-22c7-4a22-a47d-8c48425ef4a7	https://www.inaturalist.org/observations/123035442	Fungi	Basidiomycota	Agaricomycetes	Polyporales	Meruliaceae	Phlebia	Phlebia radiata		SPECIES	Phlebia radiata Fr.	Phlebia radiata		CA		Québec	PRESENT		28eb1a3f-1c15-4a95-931a-4af90ecb574d	45.679853	-75.854837	4.0						2021-09-29T11:28:04	29	9	2021	2545089	2545089	HUMAN_OBSERVATION	iNaturalist	Observations	123035442		Celine Perrier	2022-06-23T02:31:52	CC_BY_NC_4_0	Celine Perrier	Celine Perrier			2025-01-14T12:29:21.397Z	StillImage	COORDINATE_ROUNDED;CONTINENT_DERIVED_FROM_COORDINATES;TAXON_MATCH_TAXON_ID_IGNORED
3772409364	50c9509d-22c7-4a22-a47d-8c48425ef4a7	https://www.inaturalist.org/observations/66552523	Fungi	Basidiomycota	Agaricomycetes	Polyporales	Meruliaceae	Phlebia	Phlebia radiata		SPECIES	Phlebia radiata Fr.	Phlebia radiata		CA		Ontario	PRESENT		28eb1a3f-1c15-4a95-931a-4af90ecb574d	45.347754	-75.589609	54.0						2020-12-13T15:31	13	12	2020	2545089	2545089	HUMAN_OBSERVATION	iNaturalist	Observations	66552523		jonathan_mack	2020-12-14T02:34:13	CC_BY_NC_4_0	jonathan_mack	jonathan_mack			2025-01-14T13:11:35.597Z	StillImage	COORDINATE_ROUNDED;CONTINENT_DERIVED_FROM_COORDINATES;TAXON_MATCH_TAXON_ID_IGNORED
3764723337	50c9509d-22c7-4a22-a47d-8c48425ef4a7	https://www.inaturalist.org/observations/113281491	Fungi	Basidiomycota	Agaricomycetes	Polyporales	Meruliaceae	Phlebia	Phlebia radiata		SPECIES	Phlebia radiata Fr.	Phlebia radiata		CA		Ontario	PRESENT		28eb1a3f-1c15-4a95-931a-4af90ecb574d	45.403742	-75.560334	116.0						2021-10-27T12:48	27	10	2021	2545089	2545089	HUMAN_OBSERVATION	iNaturalist	Observations	113281491		Heather Pickard	2022-04-28T23:14:40	CC_BY_NC_4_0	Heather Pickard	Heather Pickard			2025-01-14T12:26:25.916Z	StillImage	COORDINATE_ROUNDED;CONTINENT_DERIVED_FROM_COORDINATES;TAXON_MATCH_TAXON_ID_IGNORED
3764510328	50c9509d-22c7-4a22-a47d-8c48425ef4a7	https://www.inaturalist.org/observations/62081562	Fungi	Basidiomycota	Agaricomycetes	Polyporales	Meruliaceae	Phlebia	Phlebia radiata		SPECIES	Phlebia radiata Fr.	Phlebia radiata		CA		Ontario	PRESENT		28eb1a3f-1c15-4a95-931a-4af90ecb574d	45.405425	-75.567633	61.0						2020-10-08T15:33	8	10	2020	2545089	2545089	HUMAN_OBSERVATION	iNaturalist	Observations	62081562		jonathan_mack	2020-10-09T01:48:30	CC_BY_NC_4_0	jonathan_mack	jonathan_mack			2025-01-14T12:15:16.739Z	StillImage	COORDINATE_ROUNDED;CONTINENT_DERIVED_FROM_COORDINATES;TAXON_MATCH_TAXON_ID_IGNORED
3764507354	50c9509d-22c7-4a22-a47d-8c48425ef4a7	https://www.inaturalist.org/observations/63329865	Fungi	Basidiomycota	Agaricomycetes	Polyporales	Meruliaceae	Phlebia	Phlebia radiata		SPECIES	Phlebia radiata Fr.	Phlebia radiata		CA		Ontario	PRESENT		28eb1a3f-1c15-4a95-931a-4af90ecb574d	45.262638	-75.714387	67.0						2020-10-23T10:08	23	10	2020	2545089	2545089	HUMAN_OBSERVATION	iNaturalist	Observations	63329865		Matt Osborne	2020-10-23T17:38:07	CC_BY_NC_4_0	Matt Osborne	Matt Osborne			2025-01-14T13:09:53.421Z	StillImage	COORDINATE_ROUNDED;CONTINENT_DERIVED_FROM_COORDINATES;TAXON_MATCH_TAXON_ID_IGNORED
3764429329	50c9509d-22c7-4a22-a47d-8c48425ef4a7	https://www.inaturalist.org/observations/57938080	Fungi	Basidiomycota	Agaricomycetes	Polyporales	Meruliaceae	Phlebia	Phlebia radiata		SPECIES	Phlebia radiata Fr.	Phlebia radiata		CA		Ontario	PRESENT		28eb1a3f-1c15-4a95-931a-4af90ecb574d	45.364739	-75.526365	32.0						2020-08-28T15:09	28	8	2020	2545089	2545089	HUMAN_OBSERVATION	iNaturalist	Observations	57938080		jonathan_mack	2020-08-29T17:14:27	CC_BY_NC_4_0	jonathan_mack	jonathan_mack			2025-01-14T13:03:51.808Z	StillImage	COORDINATE_ROUNDED;CONTINENT_DERIVED_FROM_COORDINATES;TAXON_MATCH_TAXON_ID_IGNORED
3764333334	50c9509d-22c7-4a22-a47d-8c48425ef4a7	https://www.inaturalist.org/observations/57590938	Fungi	Basidiomycota	Agaricomycetes	Polyporales	Meruliaceae	Phlebia	Phlebia radiata		SPECIES	Phlebia radiata Fr.	Phlebia radiata		CA		Ontario	PRESENT		28eb1a3f-1c15-4a95-931a-4af90ecb574d	45.457384	-75.467441	2.0						2020-08-25T13:56	25	8	2020	2545089	2545089	HUMAN_OBSERVATION	iNaturalist	Observations	57590938		jonathan_mack	2020-08-25T22:53:35	CC_BY_NC_4_0	jonathan_mack	jonathan_mack			2025-01-14T12:15:24.138Z	StillImage	COORDINATE_ROUNDED;CONTINENT_DERIVED_FROM_COORDINATES;TAXON_MATCH_TAXON_ID_IGNORED
3764178328	50c9509d-22c7-4a22-a47d-8c48425ef4a7	https://www.inaturalist.org/observations/63289686	Fungi	Basidiomycota	Agaricomycetes	Polyporales	Meruliaceae	Phlebia	Phlebia radiata		SPECIES	Phlebia radiata Fr.	Phlebia radiata		CA		Ontario	PRESENT		28eb1a3f-1c15-4a95-931a-4af90ecb574d	45.429687	-76.498456	4.0						2020-10-18T15:18	18	10	2020	2545089	2545089	HUMAN_OBSERVATION	iNaturalist	Observations	63289686		maricel patino	2020-10-23T02:00:44	CC_BY_4_0	christine123	christine123			2025-01-14T12:16:20.398Z	StillImage	COORDINATE_ROUNDED;CONTINENT_DERIVED_FROM_COORDINATES;TAXON_MATCH_TAXON_ID_IGNORED
3764086307	50c9509d-22c7-4a22-a47d-8c48425ef4a7	https://www.inaturalist.org/observations/9316024	Fungi	Basidiomycota	Agaricomycetes	Polyporales	Meruliaceae	Phlebia	Phlebia radiata		SPECIES	Phlebia radiata Fr.	Phlebia radiata		CA		Ontario	PRESENT		28eb1a3f-1c15-4a95-931a-4af90ecb574d	45.567477	-78.551087	185.0						2017-12-30T12:23:34	30	12	2017	2545089	2545089	HUMAN_OBSERVATION	iNaturalist	Observations	9316024		Jason J. Dombroskie	2017-12-31T03:24:37	CC_BY_NC_4_0	Jason J. Dombroskie	Jason J. Dombroskie			2025-01-14T13:00:09.819Z	StillImage	CONTINENT_DERIVED_FROM_COORDINATES;TAXON_MATCH_TAXON_ID_IGNORED
3760030874	50c9509d-22c7-4a22-a47d-8c48425ef4a7	https://www.inaturalist.org/observations/110351480	Fungi	Basidiomycota	Agaricomycetes	Polyporales	Meruliaceae	Phlebia	Phlebia radiata		SPECIES	Phlebia radiata Fr.	Phlebia radiata		CA		Ontario	PRESENT		28eb1a3f-1c15-4a95-931a-4af90ecb574d	45.433756	-75.433032	27158.0						2022-04-03T14:40	3	4	2022	2545089	2545089	HUMAN_OBSERVATION	iNaturalist	Observations	110351480		L Joan Heyding	2022-04-04T00:50:58	CC_BY_NC_4_0	L Joan Heyding	L Joan Heyding			2025-01-14T12:29:23.370Z	StillImage	COORDINATE_ROUNDED;CONTINENT_DERIVED_FROM_COORDINATES;TAXON_MATCH_TAXON_ID_IGNORED
3759886989	50c9509d-22c7-4a22-a47d-8c48425ef4a7	https://www.inaturalist.org/observations/109562673	Fungi	Basidiomycota	Agaricomycetes	Polyporales	Meruliaceae	Phlebia	Phlebia radiata		SPECIES	Phlebia radiata Fr.	Phlebia radiata		CA		Ontario	PRESENT		28eb1a3f-1c15-4a95-931a-4af90ecb574d	45.299805	-75.822041	32.0						2022-03-26T11:02:23	26	3	2022	2545089	2545089	HUMAN_OBSERVATION	iNaturalist	Observations	109562673		greentinad	2022-03-26T18:04:22	CC_BY_NC_4_0	greentinad	greentinad			2025-01-14T13:19:03.488Z	StillImage	COORDINATE_ROUNDED;CONTINENT_DERIVED_FROM_COORDINATES;TAXON_MATCH_TAXON_ID_IGNORED
3759822757	50c9509d-22c7-4a22-a47d-8c48425ef4a7	https://www.inaturalist.org/observations/99748843	Fungi	Basidiomycota	Agaricomycetes	Polyporales	Meruliaceae	Phlebia	Phlebia radiata		SPECIES	Phlebia radiata Fr.	Phlebia radiata		CA		Ontario	PRESENT		28eb1a3f-1c15-4a95-931a-4af90ecb574d	45.361158	-75.532731	183.0						2021-10-29T10:44	29	10	2021	2545089	2545089	HUMAN_OBSERVATION	iNaturalist	Observations	99748843		L Joan Heyding	2021-10-30T00:13:53	CC_BY_NC_4_0	L Joan Heyding	L Joan Heyding			2025-01-14T13:15:50.824Z	StillImage	COORDINATE_ROUNDED;CONTINENT_DERIVED_FROM_COORDINATES;TAXON_MATCH_TAXON_ID_IGNORED
3759682032	50c9509d-22c7-4a22-a47d-8c48425ef4a7	https://www.inaturalist.org/observations/110492684	Fungi	Basidiomycota	Agaricomycetes	Polyporales	Meruliaceae	Phlebia	Phlebia radiata		SPECIES	Phlebia radiata Fr.	Phlebia radiata		CA		Québec	PRESENT		28eb1a3f-1c15-4a95-931a-4af90ecb574d	45.456502	-75.790355	4.0						2022-04-05T12:32:44	5	4	2022	2545089	2545089	HUMAN_OBSERVATION	iNaturalist	Observations	110492684		vivienratcliffe	2022-04-05T15:33:06	CC_BY_NC_4_0	vivienratcliffe	vivienratcliffe			2025-01-14T13:18:59.226Z	StillImage	COORDINATE_ROUNDED;CONTINENT_DERIVED_FROM_COORDINATES;TAXON_MATCH_TAXON_ID_IGNORED
3759670758	50c9509d-22c7-4a22-a47d-8c48425ef4a7	https://www.inaturalist.org/observations/100031567	Fungi	Basidiomycota	Agaricomycetes	Polyporales	Meruliaceae	Phlebia	Phlebia radiata		SPECIES	Phlebia radiata Fr.	Phlebia radiata		CA		Ontario	PRESENT		28eb1a3f-1c15-4a95-931a-4af90ecb574d	45.30875	-75.894997	17.0						2021-10-31T11:18:44	31	10	2021	2545089	2545089	HUMAN_OBSERVATION	iNaturalist	Observations	100031567		naturedirk	2021-11-02T01:41:40	CC_BY_NC_4_0	naturedirk	naturedirk			2025-01-14T13:16:35.634Z	StillImage	COORDINATE_ROUNDED;CONTINENT_DERIVED_FROM_COORDINATES;TAXON_MATCH_TAXON_ID_IGNORED
3759192717	50c9509d-22c7-4a22-a47d-8c48425ef4a7	https://www.inaturalist.org/observations/98006036	Fungi	Basidiomycota	Agaricomycetes	Polyporales	Meruliaceae	Phlebia	Phlebia radiata		SPECIES	Phlebia radiata Fr.	Phlebia radiata		CA		Ontario	PRESENT		28eb1a3f-1c15-4a95-931a-4af90ecb574d	45.37217	-75.784905	1866.0						2021-10-11T11:37:04	11	10	2021	2545089	2545089	HUMAN_OBSERVATION	iNaturalist	Observations	98006036		Angela Skevington	2021-10-12T14:37:57	CC_BY_NC_4_0	Angela Skevington	Angela Skevington			2025-01-14T13:10:54.071Z	StillImage	CONTINENT_DERIVED_FROM_COORDINATES;TAXON_MATCH_TAXON_ID_IGNORED
3759102705	50c9509d-22c7-4a22-a47d-8c48425ef4a7	https://www.inaturalist.org/observations/98002791	Fungi	Basidiomycota	Agaricomycetes	Polyporales	Meruliaceae	Phlebia	Phlebia radiata		SPECIES	Phlebia radiata Fr.	Phlebia radiata		CA		Ontario	PRESENT		28eb1a3f-1c15-4a95-931a-4af90ecb574d	45.323978	-75.812645	17.0						2021-10-12T08:23:02	12	10	2021	2545089	2545089	HUMAN_OBSERVATION	iNaturalist	Observations	98002791		Adam Kalab	2021-10-12T13:58:50	CC_BY_NC_4_0	Adam Kalab	Adam Kalab			2025-01-14T12:22:42.812Z	StillImage	COORDINATE_ROUNDED;CONTINENT_DERIVED_FROM_COORDINATES;TAXON_MATCH_TAXON_ID_IGNORED
3759065767	50c9509d-22c7-4a22-a47d-8c48425ef4a7	https://www.inaturalist.org/observations/99126883	Fungi	Basidiomycota	Agaricomycetes	Polyporales	Meruliaceae	Phlebia	Phlebia radiata		SPECIES	Phlebia radiata Fr.	Phlebia radiata		CA		Ontario	PRESENT		28eb1a3f-1c15-4a95-931a-4af90ecb574d	45.370416	-75.796611	5.0						2021-10-23T16:11:17	23	10	2021	2545089	2545089	HUMAN_OBSERVATION	iNaturalist	Observations	99126883		Heather Pickard	2021-10-23T20:12:05	CC_BY_NC_4_0	Heather Pickard	Heather Pickard			2025-01-14T12:22:53.865Z	StillImage	COORDINATE_ROUNDED;CONTINENT_DERIVED_FROM_COORDINATES;TAXON_MATCH_TAXON_ID_IGNORED
3747297797	50c9509d-22c7-4a22-a47d-8c48425ef4a7	https://www.inaturalist.org/observations/108974433	Fungi	Basidiomycota	Agaricomycetes	Polyporales	Meruliaceae	Phlebia	Phlebia radiata		SPECIES	Phlebia radiata Fr.	Phlebia radiata		CA		Ontario	PRESENT		28eb1a3f-1c15-4a95-931a-4af90ecb574d	45.449026	-75.186557	61.0						2021-10-17T15:02	17	10	2021	2545089	2545089	HUMAN_OBSERVATION	iNaturalist	Observations	108974433		christine123	2022-03-19T19:04:01	CC_BY_4_0	christine123	christine123			2025-01-14T12:25:51.030Z	StillImage	COORDINATE_ROUNDED;CONTINENT_DERIVED_FROM_COORDINATES;TAXON_MATCH_TAXON_ID_IGNORED
3743111406	50c9509d-22c7-4a22-a47d-8c48425ef4a7	https://www.inaturalist.org/observations/99249186	Fungi	Basidiomycota	Agaricomycetes	Polyporales	Meruliaceae	Phlebia	Phlebia radiata		SPECIES	Phlebia radiata Fr.	Phlebia radiata		CA		Québec	PRESENT		28eb1a3f-1c15-4a95-931a-4af90ecb574d	45.636582	-75.657652	15.0						2021-10-22T12:27	22	10	2021	2545089	2545089	HUMAN_OBSERVATION	iNaturalist	Observations	99249186		thejasperpatch	2021-10-24T18:59:54	CC_BY_NC_4_0	thejasperpatch	thejasperpatch			2025-01-14T12:22:37.094Z	StillImage	COORDINATE_ROUNDED;CONTINENT_DERIVED_FROM_COORDINATES;TAXON_MATCH_TAXON_ID_IGNORED
3712670458	50c9509d-22c7-4a22-a47d-8c48425ef4a7	https://www.inaturalist.org/observations/100637123	Fungi	Basidiomycota	Agaricomycetes	Polyporales	Meruliaceae	Phlebia	Phlebia radiata		SPECIES	Phlebia radiata Fr.	Phlebia radiata		CA		Nova Scotia	PRESENT		28eb1a3f-1c15-4a95-931a-4af90ecb574d	45.733018	-64.166373	74.0						2021-11-08T17:25	8	11	2021	2545089	2545089	HUMAN_OBSERVATION	iNaturalist	Observations	100637123		Ben	2021-11-08T23:51:23	CC_BY_NC_4_0	Ben	Ben			2025-01-14T12:23:26.890Z	StillImage	COORDINATE_ROUNDED;CONTINENT_DERIVED_FROM_COORDINATES;TAXON_MATCH_TAXON_ID_IGNORED
3468949657	50c9509d-22c7-4a22-a47d-8c48425ef4a7	https://www.inaturalist.org/observations/106201969	Fungi	Basidiomycota	Agaricomycetes	Polyporales	Meruliaceae	Phlebia	Phlebia radiata		SPECIES	Phlebia radiata Fr.	Phlebia radiata		CA		Québec	PRESENT		28eb1a3f-1c15-4a95-931a-4af90ecb574d	45.60494	-73.690954	16.0						2022-02-05T15:41:23	5	2	2022	2545089	2545089	HUMAN_OBSERVATION	iNaturalist	Observations	106201969		D. Marullo-Masson	2022-02-06T01:13:47	CC_BY_NC_4_0	D. Marullo-Masson	D. Marullo-Masson			2025-01-14T12:27:21.250Z	StillImage	COORDINATE_ROUNDED;CONTINENT_DERIVED_FROM_COORDINATES;TAXON_MATCH_TAXON_ID_IGNORED
3468670587	50c9509d-22c7-4a22-a47d-8c48425ef4a7	https://www.inaturalist.org/observations/106196875	Fungi	Basidiomycota	Agaricomycetes	Polyporales	Meruliaceae	Phlebia	Phlebia radiata		SPECIES	Phlebia radiata Fr.	Phlebia radiata		CA		Québec	PRESENT		28eb1a3f-1c15-4a95-931a-4af90ecb574d	45.606179	-73.688144	8.0						2022-02-05T15:55:22	5	2	2022	2545089	2545089	HUMAN_OBSERVATION	iNaturalist	Observations	106196875		D. Marullo-Masson	2022-02-06T01:29:19	CC_BY_NC_4_0	D. Marullo-Masson	D. Marullo-Masson			2025-01-14T13:16:45.511Z	StillImage	COORDINATE_ROUNDED;CONTINENT_DERIVED_FROM_COORDINATES;TAXON_MATCH_TAXON_ID_IGNORED
3466488441	50c9509d-22c7-4a22-a47d-8c48425ef4a7	https://www.inaturalist.org/observations/105676197	Fungi	Basidiomycota	Agaricomycetes	Polyporales	Meruliaceae	Phlebia	Phlebia radiata		SPECIES	Phlebia radiata Fr.	Phlebia radiata		CA		Québec	PRESENT		28eb1a3f-1c15-4a95-931a-4af90ecb574d	45.603913	-73.688992	6.0						2022-01-27T14:24	27	1	2022	2545089	2545089	HUMAN_OBSERVATION	iNaturalist	Observations	105676197		D. Marullo-Masson	2022-01-27T19:25:55	CC_BY_NC_4_0	D. Marullo-Masson	D. Marullo-Masson			2025-01-14T13:11:43.152Z	StillImage	COORDINATE_ROUNDED;CONTINENT_DERIVED_FROM_COORDINATES;TAXON_MATCH_TAXON_ID_IGNORED
3466002218	50c9509d-22c7-4a22-a47d-8c48425ef4a7	https://www.inaturalist.org/observations/105466183	Fungi	Basidiomycota	Agaricomycetes	Polyporales	Meruliaceae	Phlebia	Phlebia radiata		SPECIES	Phlebia radiata Fr.	Phlebia radiata		CA		Québec	PRESENT		28eb1a3f-1c15-4a95-931a-4af90ecb574d	45.603936	-73.6893	159.0						2022-01-23T15:59:52	23	1	2022	2545089	2545089	HUMAN_OBSERVATION	iNaturalist	Observations	105466183		sabacon	2022-01-24T01:07:19	CC_BY_NC_4_0	D. Marullo-Masson	D. Marullo-Masson			2025-01-14T12:25:04.762Z	StillImage	COORDINATE_ROUNDED;CONTINENT_DERIVED_FROM_COORDINATES;TAXON_MATCH_TAXON_ID_IGNORED
3456596650	50c9509d-22c7-4a22-a47d-8c48425ef4a7	https://www.inaturalist.org/observations/103827061	Fungi	Basidiomycota	Agaricomycetes	Polyporales	Meruliaceae	Phlebia	Phlebia radiata		SPECIES	Phlebia radiata Fr.	Phlebia radiata		CA		Ontario	PRESENT		28eb1a3f-1c15-4a95-931a-4af90ecb574d	45.337138	-75.927294	50.0						2021-12-28T09:15	28	12	2021	2545089	2545089	HUMAN_OBSERVATION	iNaturalist	Observations	103827061		jlmason	2021-12-28T16:39:55	CC_BY_NC_4_0	jlmason	jlmason			2025-01-14T13:12:24.311Z	StillImage	CONTINENT_DERIVED_FROM_COORDINATES;TAXON_MATCH_TAXON_ID_IGNORED
3455621769	50c9509d-22c7-4a22-a47d-8c48425ef4a7	https://www.inaturalist.org/observations/103095940	Fungi	Basidiomycota	Agaricomycetes	Polyporales	Meruliaceae	Phlebia	Phlebia radiata		SPECIES	Phlebia radiata Fr.	Phlebia radiata		CA		Ontario	PRESENT		28eb1a3f-1c15-4a95-931a-4af90ecb574d	45.468219	-75.430994	27158.0						2021-12-14T14:45	14	12	2021	2545089	2545089	HUMAN_OBSERVATION	iNaturalist	Observations	103095940		L Joan Heyding	2021-12-15T14:28:58	CC_BY_NC_4_0	L Joan Heyding	L Joan Heyding			2025-01-14T13:15:39.960Z	StillImage	COORDINATE_ROUNDED;CONTINENT_DERIVED_FROM_COORDINATES;TAXON_MATCH_TAXON_ID_IGNORED
3416230494	50c9509d-22c7-4a22-a47d-8c48425ef4a7	https://www.inaturalist.org/observations/101122967	Fungi	Basidiomycota	Agaricomycetes	Polyporales	Meruliaceae	Phlebia	Phlebia radiata		SPECIES	Phlebia radiata Fr.	Phlebia radiata		CA		Ontario	PRESENT		28eb1a3f-1c15-4a95-931a-4af90ecb574d	45.360733	-75.628738	65.0						2021-11-14T13:21:43	14	11	2021	2545089	2545089	HUMAN_OBSERVATION	iNaturalist	Observations	101122967		staingen	2021-11-14T18:55:07	CC_BY_NC_4_0	staingen	staingen			2025-01-14T13:11:10.270Z	StillImage	COORDINATE_ROUNDED;CONTINENT_DERIVED_FROM_COORDINATES;TAXON_MATCH_TAXON_ID_IGNORED
3415633720	50c9509d-22c7-4a22-a47d-8c48425ef4a7	https://www.inaturalist.org/observations/101355685	Fungi	Basidiomycota	Agaricomycetes	Polyporales	Meruliaceae	Phlebia	Phlebia radiata		SPECIES	Phlebia radiata Fr.	Phlebia radiata		CA		Ontario	PRESENT		28eb1a3f-1c15-4a95-931a-4af90ecb574d	45.489317	-75.534531							2021-10-03T15:10:31	3	10	2021	2545089	2545089	HUMAN_OBSERVATION	iNaturalist	Observations	101355685		Lindsay Boudreau	2021-11-17T21:29:32	CC_BY_NC_4_0	Lindsay Boudreau	Lindsay Boudreau			2025-01-14T12:23:36.828Z	StillImage	COORDINATE_ROUNDED;CONTINENT_DERIVED_FROM_COORDINATES;TAXON_MATCH_TAXON_ID_IGNORED
3415510347	50c9509d-22c7-4a22-a47d-8c48425ef4a7	https://www.inaturalist.org/observations/100632869	Fungi	Basidiomycota	Agaricomycetes	Polyporales	Meruliaceae	Phlebia	Phlebia radiata		SPECIES	Phlebia radiata Fr.	Phlebia radiata		CA		Nova Scotia	PRESENT		28eb1a3f-1c15-4a95-931a-4af90ecb574d	45.796466	-64.259142	29.0						2021-11-08T14:07	8	11	2021	2545089	2545089	HUMAN_OBSERVATION	iNaturalist	Observations	100632869		Ben	2021-11-08T22:45:32	CC_BY_NC_4_0	Ben	Ben			2025-01-14T13:12:15.346Z	StillImage	COORDINATE_ROUNDED;CONTINENT_DERIVED_FROM_COORDINATES;TAXON_MATCH_TAXON_ID_IGNORED
3415496884	50c9509d-22c7-4a22-a47d-8c48425ef4a7	https://www.inaturalist.org/observations/98817178	Fungi	Basidiomycota	Agaricomycetes	Polyporales	Meruliaceae	Phlebia	Phlebia radiata		SPECIES	Phlebia radiata Fr.	Phlebia radiata		CA		Québec	PRESENT		28eb1a3f-1c15-4a95-931a-4af90ecb574d	45.601995	-76.093544	4.0						2021-10-20T10:08:03	20	10	2021	2545089	2545089	HUMAN_OBSERVATION	iNaturalist	Observations	98817178		Nina	2021-10-20T19:40:18	CC_BY_NC_4_0	Nina	Nina			2025-01-14T13:13:24.818Z	StillImage	COORDINATE_ROUNDED;CONTINENT_DERIVED_FROM_COORDINATES;TAXON_MATCH_TAXON_ID_IGNORED
3408235625	50c9509d-22c7-4a22-a47d-8c48425ef4a7	https://www.inaturalist.org/observations/99425146	Fungi	Basidiomycota	Agaricomycetes	Polyporales	Meruliaceae	Phlebia	Phlebia radiata		SPECIES	Phlebia radiata Fr.	Phlebia radiata		CA		New Brunswick	PRESENT		28eb1a3f-1c15-4a95-931a-4af90ecb574d	45.958992	-66.593909							2021-10-24T16:20:47	24	10	2021	2545089	2545089	HUMAN_OBSERVATION	iNaturalist	Observations	99425146		Phil H.	2021-10-26T04:46:21	CC_BY_NC_4_0	Phil H.	Phil H.			2025-01-14T12:22:43.669Z	StillImage	COORDINATE_ROUNDED;CONTINENT_DERIVED_FROM_COORDINATES;TAXON_MATCH_TAXON_ID_IGNORED
3408178961	50c9509d-22c7-4a22-a47d-8c48425ef4a7	https://www.inaturalist.org/observations/99969653	Fungi	Basidiomycota	Agaricomycetes	Polyporales	Meruliaceae	Phlebia	Phlebia radiata		SPECIES	Phlebia radiata Fr.	Phlebia radiata		CA		Ontario	PRESENT		28eb1a3f-1c15-4a95-931a-4af90ecb574d	45.378715	-78.904464	1334.0						2021-10-31T15:32:32	31	10	2021	2545089	2545089	HUMAN_OBSERVATION	iNaturalist	Observations	99969653		Dawn Sherman	2021-11-01T12:21:23	CC_BY_NC_4_0	Dawn Sherman	Dawn Sherman			2025-01-14T13:25:27.905Z	StillImage	COORDINATE_ROUNDED;CONTINENT_DERIVED_FROM_COORDINATES;TAXON_MATCH_TAXON_ID_IGNORED
3399366328	50c9509d-22c7-4a22-a47d-8c48425ef4a7	https://www.inaturalist.org/observations/98564121	Fungi	Basidiomycota	Agaricomycetes	Polyporales	Meruliaceae	Phlebia	Phlebia radiata		SPECIES	Phlebia radiata Fr.	Phlebia radiata		CA		Québec	PRESENT		28eb1a3f-1c15-4a95-931a-4af90ecb574d	45.977198	-76.571957	27095.0						2021-10-12T13:30	12	10	2021	2545089	2545089	HUMAN_OBSERVATION	iNaturalist	Observations	98564121		L Joan Heyding	2021-10-18T01:29:22	CC_BY_NC_4_0	L Joan Heyding	L Joan Heyding			2025-01-14T12:23:30.666Z	StillImage	COORDINATE_ROUNDED;CONTINENT_DERIVED_FROM_COORDINATES;TAXON_MATCH_TAXON_ID_IGNORED
3398863093	50c9509d-22c7-4a22-a47d-8c48425ef4a7	https://www.inaturalist.org/observations/99276181	Fungi	Basidiomycota	Agaricomycetes	Polyporales	Meruliaceae	Phlebia	Phlebia radiata		SPECIES	Phlebia radiata Fr.	Phlebia radiata		CA		Ontario	PRESENT		28eb1a3f-1c15-4a95-931a-4af90ecb574d	45.218143	-75.327763	27190.0						2021-10-24T12:55	24	10	2021	2545089	2545089	HUMAN_OBSERVATION	iNaturalist	Observations	99276181		L Joan Heyding	2021-10-24T22:44:45	CC_BY_NC_4_0	L Joan Heyding	L Joan Heyding			2025-01-14T12:26:20.689Z	StillImage	COORDINATE_ROUNDED;CONTINENT_DERIVED_FROM_COORDINATES;TAXON_MATCH_TAXON_ID_IGNORED
3391398596	50c9509d-22c7-4a22-a47d-8c48425ef4a7	https://www.inaturalist.org/observations/97271745	Fungi	Basidiomycota	Agaricomycetes	Polyporales	Meruliaceae	Phlebia	Phlebia radiata		SPECIES	Phlebia radiata Fr.	Phlebia radiata		CA		Québec	PRESENT		28eb1a3f-1c15-4a95-931a-4af90ecb574d	45.512831	-73.584027	3.0						2021-10-05T15:11:21	5	10	2021	2545089	2545089	HUMAN_OBSERVATION	iNaturalist	Observations	97271745		annadepencier1	2021-10-05T19:11:33	CC_BY_NC_4_0	annadepencier1	annadepencier1			2025-01-14T12:23:11.559Z	StillImage	COORDINATE_ROUNDED;CONTINENT_DERIVED_FROM_COORDINATES;TAXON_MATCH_TAXON_ID_IGNORED
3385138053	50c9509d-22c7-4a22-a47d-8c48425ef4a7	https://www.inaturalist.org/observations/96969412	Fungi	Basidiomycota	Agaricomycetes	Polyporales	Meruliaceae	Phlebia	Phlebia radiata		SPECIES	Phlebia radiata Fr.	Phlebia radiata		CA		Ontario	PRESENT		28eb1a3f-1c15-4a95-931a-4af90ecb574d	45.376413	-75.28792	5.0						2021-10-01T14:27:24	1	10	2021	2545089	2545089	HUMAN_OBSERVATION	iNaturalist	Observations	96969412		Lynn Ovenden	2021-10-03T01:30:29	CC_BY_NC_4_0	Lynn Ovenden	Lynn Ovenden			2025-01-14T12:23:07.413Z	StillImage	COORDINATE_ROUNDED;CONTINENT_DERIVED_FROM_COORDINATES;TAXON_MATCH_TAXON_ID_IGNORED
3384821628	50c9509d-22c7-4a22-a47d-8c48425ef4a7	https://www.inaturalist.org/observations/97386080	Fungi	Basidiomycota	Agaricomycetes	Polyporales	Meruliaceae	Phlebia	Phlebia radiata		SPECIES	Phlebia radiata Fr.	Phlebia radiata		CA		Québec	PRESENT		28eb1a3f-1c15-4a95-931a-4af90ecb574d	45.511112	-73.584213	165.0						2021-10-06T15:30:18	6	10	2021	2545089	2545089	HUMAN_OBSERVATION	iNaturalist	Observations	97386080		laurenofarrell	2021-10-06T21:08:30	CC_BY_NC_4_0	laurenofarrell	laurenofarrell			2025-01-14T12:22:48.952Z	StillImage	COORDINATE_ROUNDED;CONTINENT_DERIVED_FROM_COORDINATES;TAXON_MATCH_TAXON_ID_IGNORED
3384789569	50c9509d-22c7-4a22-a47d-8c48425ef4a7	https://www.inaturalist.org/observations/97375762	Fungi	Basidiomycota	Agaricomycetes	Polyporales	Meruliaceae	Phlebia	Phlebia radiata		SPECIES	Phlebia radiata Fr.	Phlebia radiata		CA		Québec	PRESENT		28eb1a3f-1c15-4a95-931a-4af90ecb574d	45.512669	-73.584161	14.0						2021-10-05T14:57	5	10	2021	2545089	2545089	HUMAN_OBSERVATION	iNaturalist	Observations	97375762		ninahardt	2021-10-06T19:29:49	CC_BY_NC_4_0	ninahardt	ninahardt			2025-01-14T12:22:35.294Z	StillImage	COORDINATE_ROUNDED;CONTINENT_DERIVED_FROM_COORDINATES;TAXON_MATCH_TAXON_ID_IGNORED
3384626547	50c9509d-22c7-4a22-a47d-8c48425ef4a7	https://www.inaturalist.org/observations/59749204	Fungi	Basidiomycota	Agaricomycetes	Polyporales	Meruliaceae	Phlebia	Phlebia radiata		SPECIES	Phlebia radiata Fr.	Phlebia radiata		CA		Ontario	PRESENT		28eb1a3f-1c15-4a95-931a-4af90ecb574d	45.488839	-75.534337							2020-09-14T15:18:14	14	9	2020	2545089	2545089	HUMAN_OBSERVATION	iNaturalist	Observations	59749204		Lindsay Boudreau	2020-09-16T03:25:15	CC_BY_NC_4_0	Lindsay Boudreau	Lindsay Boudreau			2025-01-14T12:14:53.892Z	StillImage	COORDINATE_ROUNDED;CONTINENT_DERIVED_FROM_COORDINATES;TAXON_MATCH_TAXON_ID_IGNORED
3079798522	50c9509d-22c7-4a22-a47d-8c48425ef4a7	https://www.inaturalist.org/observations/19466285	Fungi	Basidiomycota	Agaricomycetes	Polyporales	Meruliaceae	Phlebia	Phlebia radiata		SPECIES	Phlebia radiata Fr.	Phlebia radiata		CA		Ontario	PRESENT		28eb1a3f-1c15-4a95-931a-4af90ecb574d	45.391467	-75.548989	32.0						2019-01-05T13:35	5	1	2019	2545089	2545089	HUMAN_OBSERVATION	iNaturalist	Observations	19466285		Igor Khomenko	2019-01-06T14:50:43	CC_BY_NC_4_0	Igor Khomenko	Igor Khomenko			2025-01-14T13:01:20.353Z	StillImage	COORDINATE_ROUNDED;CONTINENT_DERIVED_FROM_COORDINATES;TAXON_MATCH_TAXON_ID_IGNORED
3068056026	50c9509d-22c7-4a22-a47d-8c48425ef4a7	https://www.inaturalist.org/observations/72044304	Fungi	Basidiomycota	Agaricomycetes	Polyporales	Meruliaceae	Phlebia	Phlebia radiata		SPECIES	Phlebia radiata Fr.	Phlebia radiata		CA		Québec	PRESENT		28eb1a3f-1c15-4a95-931a-4af90ecb574d	45.493274	-75.843297							2021-03-25T09:43Z	25	3	2021	2545089	2545089	HUMAN_OBSERVATION	iNaturalist	Observations	72044304		Johann Wagner	2021-03-25T21:39:54	CC_BY_NC_4_0	Johann Wagner	Johann Wagner			2025-01-14T12:17:41.745Z	StillImage	COORDINATE_ROUNDED;CONTINENT_DERIVED_FROM_COORDINATES;TAXON_MATCH_TAXON_ID_IGNORED
2988586237	50c9509d-22c7-4a22-a47d-8c48425ef4a7	https://www.inaturalist.org/observations/65051414	Fungi	Basidiomycota	Agaricomycetes	Polyporales	Meruliaceae	Phlebia	Phlebia radiata		SPECIES	Phlebia radiata Fr.	Phlebia radiata		CA		Ontario	PRESENT		28eb1a3f-1c15-4a95-931a-4af90ecb574d	45.28235	-76.68327							2020-11-16T12:33	16	11	2020	2545089	2545089	HUMAN_OBSERVATION	iNaturalist	Observations	65051414		Sandy Garland	2020-11-17T02:05:45	CC_BY_NC_4_0	Sandy Garland	Sandy Garland			2025-01-14T12:15:47.003Z	StillImage	CONTINENT_DERIVED_FROM_COORDINATES;TAXON_MATCH_TAXON_ID_IGNORED
2898328497	50c9509d-22c7-4a22-a47d-8c48425ef4a7	https://www.inaturalist.org/observations/60519930	Fungi	Basidiomycota	Agaricomycetes	Polyporales	Meruliaceae	Phlebia	Phlebia radiata		SPECIES	Phlebia radiata Fr.	Phlebia radiata		CA		Ontario	PRESENT		28eb1a3f-1c15-4a95-931a-4af90ecb574d	45.51067	-75.338089	11.0						2020-09-16	16	9	2020	2545089	2545089	HUMAN_OBSERVATION	iNaturalist	Observations	60519930		Ben	2020-09-23T17:30:44	CC_BY_NC_4_0	kevinwallace	kevinwallace			2025-01-14T13:04:28.748Z	StillImage	CONTINENT_DERIVED_FROM_COORDINATES;TAXON_MATCH_TAXON_ID_IGNORED
2868102987	50c9509d-22c7-4a22-a47d-8c48425ef4a7	https://www.inaturalist.org/observations/60145336	Fungi	Basidiomycota	Agaricomycetes	Polyporales	Meruliaceae	Phlebia	Phlebia radiata		SPECIES	Phlebia radiata Fr.	Phlebia radiata		CA		Québec	PRESENT		28eb1a3f-1c15-4a95-931a-4af90ecb574d	45.622846	-75.027945	31.0						2020-09-19T10:52	19	9	2020	2545089	2545089	HUMAN_OBSERVATION	iNaturalist	Observations	60145336		jonathan_mack	2020-09-20T02:04:36	CC_BY_NC_4_0	jonathan_mack	jonathan_mack			2025-01-14T12:15:48.453Z	StillImage	COORDINATE_ROUNDED;CONTINENT_DERIVED_FROM_COORDINATES;TAXON_MATCH_TAXON_ID_IGNORED
2802591391	50c9509d-22c7-4a22-a47d-8c48425ef4a7	https://www.inaturalist.org/observations/19456041	Fungi	Basidiomycota	Agaricomycetes	Polyporales	Meruliaceae	Phlebia	Phlebia radiata		SPECIES	Phlebia radiata Fr.	Phlebia radiata		CA		Ontario	PRESENT		28eb1a3f-1c15-4a95-931a-4af90ecb574d	45.457485	-75.467453	4.0						2019-01-05T15:27	5	1	2019	2545089	2545089	HUMAN_OBSERVATION	iNaturalist	Observations	19456041		jonathan_mack	2019-01-06T02:39:22	CC_BY_NC_4_0	jonathan_mack	jonathan_mack			2025-01-14T12:07:07.105Z	StillImage	COORDINATE_ROUNDED;CONTINENT_DERIVED_FROM_COORDINATES;TAXON_MATCH_TAXON_ID_IGNORED
2543077340	50c9509d-22c7-4a22-a47d-8c48425ef4a7	https://www.inaturalist.org/observations/37142054	Fungi	Basidiomycota	Agaricomycetes	Polyporales	Meruliaceae	Phlebia	Phlebia radiata		SPECIES	Phlebia radiata Fr.	Phlebia radiata		CA		Ontario	PRESENT		28eb1a3f-1c15-4a95-931a-4af90ecb574d	45.118404	-75.869583							2019-12-25T12:04:29	25	12	2019	2545089	2545089	HUMAN_OBSERVATION	iNaturalist	Observations	37142054		Alexis Williams	2019-12-31T22:07:59	CC_BY_4_0	Alexis Williams	Alexis Williams			2025-01-14T13:10:06.214Z	StillImage	COORDINATE_ROUNDED;CONTINENT_DERIVED_FROM_COORDINATES;TAXON_MATCH_TAXON_ID_IGNORED
2423123264	50c9509d-22c7-4a22-a47d-8c48425ef4a7	https://www.inaturalist.org/observations/32918030	Fungi	Basidiomycota	Agaricomycetes	Polyporales	Meruliaceae	Phlebia	Phlebia radiata		SPECIES	Phlebia radiata Fr.	Phlebia radiata		CA		Ontario	PRESENT		28eb1a3f-1c15-4a95-931a-4af90ecb574d	45.57922	-78.385942	1818.0						2019-09-17T17:47:12	17	9	2019	2545089	2545089	HUMAN_OBSERVATION	iNaturalist	Observations	32918030		Igor Khomenko	2019-09-18T12:05:52	CC_BY_NC_4_0	Sarah Lamond	Sarah Lamond			2025-01-14T12:09:17.514Z	StillImage	COORDINATE_ROUNDED;CONTINENT_DERIVED_FROM_COORDINATES;TAXON_MATCH_TAXON_ID_IGNORED
2422824434	50c9509d-22c7-4a22-a47d-8c48425ef4a7	https://www.inaturalist.org/observations/20067779	Fungi	Basidiomycota	Agaricomycetes	Polyporales	Meruliaceae	Phlebia	Phlebia radiata		SPECIES	Phlebia radiata Fr.	Phlebia radiata		CA		Ontario	PRESENT		28eb1a3f-1c15-4a95-931a-4af90ecb574d	45.400769	-79.017879	1586.0						2011-11-20T02:55	20	11	2011	2545089	2545089	HUMAN_OBSERVATION	iNaturalist	Observations	20067779		Dawn Sherman	2019-02-04T00:26:40	CC_BY_NC_4_0	Dawn Sherman	Dawn Sherman			2025-01-14T13:00:57.203Z	StillImage	COORDINATE_ROUNDED;CONTINENT_DERIVED_FROM_COORDINATES;TAXON_MATCH_TAXON_ID_IGNORED
2013685735	50c9509d-22c7-4a22-a47d-8c48425ef4a7	https://www.inaturalist.org/observations/17453605	Fungi	Basidiomycota	Agaricomycetes	Polyporales	Meruliaceae	Phlebia	Phlebia radiata		SPECIES	Phlebia radiata Fr.	Phlebia radiata		CA		Ontario	PRESENT		28eb1a3f-1c15-4a95-931a-4af90ecb574d	45.466701	-75.510536	22.0						2018-10-12T09:09	12	10	2018	2545089	2545089	HUMAN_OBSERVATION	iNaturalist	Observations	17453605		jonathan_mack	2018-10-13T02:05:36	CC_BY_NC_4_0	jonathan_mack	jonathan_mack			2025-01-14T12:05:57.859Z	StillImage	COORDINATE_ROUNDED;CONTINENT_DERIVED_FROM_COORDINATES;TAXON_MATCH_TAXON_ID_IGNORED
1986616739	50c9509d-22c7-4a22-a47d-8c48425ef4a7	https://www.inaturalist.org/observations/19524044	Fungi	Basidiomycota	Agaricomycetes	Polyporales	Meruliaceae	Phlebia	Phlebia radiata		SPECIES	Phlebia radiata Fr.	Phlebia radiata		CA		Ontario	PRESENT		28eb1a3f-1c15-4a95-931a-4af90ecb574d	45.572263	-78.408928	8.0						2019-01-06T15:55:30	6	1	2019	2545089	2545089	HUMAN_OBSERVATION	iNaturalist	Observations	19524044		Igor Khomenko	2019-01-10T04:16:57	CC_BY_NC_4_0	Anna Sheppard	Anna Sheppard			2025-01-14T13:01:31.444Z	StillImage	COORDINATE_ROUNDED;CONTINENT_DERIVED_FROM_COORDINATES;TAXON_MATCH_TAXON_ID_IGNORED
1946216062	50c9509d-22c7-4a22-a47d-8c48425ef4a7	https://www.inaturalist.org/observations/17698416	Fungi	Basidiomycota	Agaricomycetes	Polyporales	Meruliaceae	Phlebia	Phlebia radiata		SPECIES	Phlebia radiata Fr.	Phlebia radiata		CA		Ontario	PRESENT		28eb1a3f-1c15-4a95-931a-4af90ecb574d	45.456156	-75.548683							2018-10-18T09:23	18	10	2018	2545089	2545089	HUMAN_OBSERVATION	iNaturalist	Observations	17698416		jonathan_mack	2018-10-21T01:53:33	CC_BY_NC_4_0	jonathan_mack	jonathan_mack			2025-01-14T13:00:31.784Z	StillImage	COORDINATE_ROUNDED;CONTINENT_DERIVED_FROM_COORDINATES;TAXON_MATCH_TAXON_ID_IGNORED
1929288949	d415c253-4d61-4459-9d25-4015b9084fb0	6ba31458-aab6-4712-b059-5594b255aa43	Fungi	Basidiomycota	Agaricomycetes	Polyporales	Meruliaceae	Phlebia	Phlebia radiata		SPECIES	Phlebia radiata Fr.	Phlebia radiata Fr.	Fr.	CA	Algonquin Park, Canisbay Lake	Ontario	PRESENT		ae447c50-b8a8-11d8-92a4-b8a03c50a862	45.575278	-78.589444							1966-10-22	22	10	1966	2545089	2545089	PRESERVED_SPECIMEN	NY	NY	450397		R. F. Cain		CC0_1_0	The New York Botanical Garden	R. F. Cain			2024-12-25T06:19:32.022Z		COORDINATE_ROUNDED;MODIFIED_DATE_INVALID
1807256103	e8a25a42-f125-476c-8554-3ec21cd51a84	ACAD:112608	Fungi	Basidiomycota	Agaricomycetes	Polyporales	Meruliaceae	Phlebia	Phlebia radiata		SPECIES	Phlebia merismoides (Fr.) Fr.	Phlebia merismoides Fr.	Fr.	CA	Kentville	Nova Scotia	PRESENT		6491ad8c-8e49-4bd4-a089-0ddb3bbe0890	45.07662	-64.49592							1953-11-19	19	11	1953	2545100	2545089	PRESERVED_SPECIMEN	Acadia University	ACAD	2518F	2518			CC0_1_0	Acadia University	Harrison, KA			2024-01-25T01:37:10.927Z	StillImage	GEODETIC_DATUM_INVALID;GEODETIC_DATUM_ASSUMED_WGS84;TAXON_MATCH_TAXON_ID_IGNORED;INSTITUTION_MATCH_FUZZY;COLLECTION_MATCH_FUZZY
1807255959	e8a25a42-f125-476c-8554-3ec21cd51a84	ACAD:112609	Fungi	Basidiomycota	Agaricomycetes	Polyporales	Meruliaceae	Phlebia	Phlebia radiata		SPECIES	Phlebia merismoides (Fr.) Fr.	Phlebia merismoides Fr.	Fr.	CA	Kentville	Nova Scotia	PRESENT		6491ad8c-8e49-4bd4-a089-0ddb3bbe0890	45.07662	-64.49592											2545100	2545089	PRESERVED_SPECIMEN	Acadia University	ACAD	2519F	2519			CC0_1_0	Acadia University	Harrison, KA			2024-01-25T01:37:10.926Z	StillImage	GEODETIC_DATUM_INVALID;GEODETIC_DATUM_ASSUMED_WGS84;TAXON_MATCH_TAXON_ID_IGNORED;INSTITUTION_MATCH_FUZZY;COLLECTION_MATCH_FUZZY
1807255659	e8a25a42-f125-476c-8554-3ec21cd51a84	ACAD:112084	Fungi	Basidiomycota	Agaricomycetes	Polyporales	Meruliaceae	Phlebia	Phlebia radiata		SPECIES	Phlebia merismoides (Fr.) Fr.	Phlebia merismoides Fr.	Fr.	CA	(Kentville)	Nova Scotia	PRESENT		6491ad8c-8e49-4bd4-a089-0ddb3bbe0890	45.07662	-64.49592							1952-07-11	11	7	1952	2545100	2545089	PRESERVED_SPECIMEN	Acadia University	ACAD	1748F	1748			CC0_1_0	Acadia University	H, KA			2024-01-25T01:37:05.961Z	StillImage	GEODETIC_DATUM_INVALID;GEODETIC_DATUM_ASSUMED_WGS84;TAXON_MATCH_TAXON_ID_IGNORED;INSTITUTION_MATCH_FUZZY;COLLECTION_MATCH_FUZZY
1701212177	81e6cff2-b409-417e-8c72-e1bbafb7c61f	055c690c-9f26-4fc2-908c-fbcbfed3448f	Fungi	Basidiomycota	Agaricomycetes	Polyporales	Meruliaceae	Phlebia	Phlebia radiata		SPECIES	Phlebia radiata Fr.	Phlebia radiata	Schwein. ex Fr.	CA	Sainte-Foy; Airport forest	Québec	PRESENT		7b8aff00-a9f8-11d8-944b-b8a03c50a862	46.783668	-71.393568	8000.0						2003-08-29	29	8	2003	2545089	2545089	PRESERVED_SPECIMEN	F	Botany	C0295736F	NAMA 2003-279			CC0_1_0	The Field Museum of Natural History	H. Lachance			2024-02-20T16:06:11.297Z		GEODETIC_DATUM_ASSUMED_WGS84;MODIFIED_DATE_INVALID;AMBIGUOUS_COLLECTION;INSTITUTION_MATCH_FUZZY
1412706714	21705170-d2b6-42de-8904-c3bca4b83591	CMMF015207	Fungi	Basidiomycota	Agaricomycetes	Polyporales	Meruliaceae	Phlebia	Phlebia radiata		SPECIES	Phlebia merismoides (Fr.) Fr.	Phlebia merismoides (Fr.) Fr.	(Fr.) Fr.	CA	Rivière Éternité, Québec.	Québec	PRESENT		ff7bd5db-b724-4932-b496-10ea298851f9	48.255057	-70.413487	3000.0						1985-10-03	3	10	1985	2545100	2545089	PRESERVED_SPECIMEN	Université de Montréal Biodiversity Centre	CMMF	CMMF015207	928	Guérin, Gérard		CC0_1_0	Université de Montréal Biodiversity Centre	Guérin, Gérard			2024-01-24T16:38:17.023Z	StillImage	INSTITUTION_MATCH_FUZZY;COLLECTION_MATCH_FUZZY;DIFFERENT_OWNER_INSTITUTION
1412705151	21705170-d2b6-42de-8904-c3bca4b83591	CMMF013589	Fungi	Basidiomycota	Agaricomycetes	Polyporales	Meruliaceae	Phlebia	Phlebia radiata		SPECIES	Phlebia radiata Fr.	Phlebia radiata Fr.	Fr.	CA	Gatineau Park, Québec.	Québec	PRESENT		ff7bd5db-b724-4932-b496-10ea298851f9	45.558161	-75.971349	20000.0						1968-09		9	1968	2545089	2545089	PRESERVED_SPECIMEN	Université de Montréal Biodiversity Centre	CMMF	CMMF013589	2596	Illman, William I.		CC0_1_0	Université de Montréal Biodiversity Centre	Illman, William I.			2024-01-24T16:38:17.658Z		INSTITUTION_MATCH_FUZZY;COLLECTION_MATCH_FUZZY;DIFFERENT_OWNER_INSTITUTION
1412705106	21705170-d2b6-42de-8904-c3bca4b83591	CMMF013591	Fungi	Basidiomycota	Agaricomycetes	Polyporales	Meruliaceae	Phlebia	Phlebia radiata		SPECIES	Phlebia radiata Fr.	Phlebia radiata Fr.	Fr.	CA	Nature Trail, Gatineau Park, Québec.	Québec	PRESENT		ff7bd5db-b724-4932-b496-10ea298851f9	45.558161	-75.971349	20000.0						1963-10-14	14	10	1963	2545089	2545089	PRESERVED_SPECIMEN	Université de Montréal Biodiversity Centre	CMMF	CMMF013591	1979	Macrae, R.		CC0_1_0	Université de Montréal Biodiversity Centre	Illman, William I.			2024-01-24T16:38:17.661Z		INSTITUTION_MATCH_FUZZY;COLLECTION_MATCH_FUZZY;DIFFERENT_OWNER_INSTITUTION
1135069264	21705170-d2b6-42de-8904-c3bca4b83591	CMMF007779	Fungi	Basidiomycota	Agaricomycetes	Polyporales	Meruliaceae	Phlebia	Phlebia radiata		SPECIES	Phlebia radiata Fr.	Phlebia radiata Fr.	Fr.	CA	Cap-Rouge, Québec	Québec	PRESENT		ff7bd5db-b724-4932-b496-10ea298851f9	46.420983	-71.33515	100.0						1980-02-10	10	2	1980	2545089	2545089	PRESERVED_SPECIMEN	Université de Montréal Biodiversity Centre	CMMF	CMMF007779	530	McNeil, Raymond		CC0_1_0	Université de Montréal Biodiversity Centre	McNeil, Raymond			2024-01-24T16:38:16.172Z	StillImage	COORDINATE_ROUNDED;INSTITUTION_MATCH_FUZZY;COLLECTION_MATCH_FUZZY;DIFFERENT_OWNER_INSTITUTION
1135068750	21705170-d2b6-42de-8904-c3bca4b83591	CMMF007301	Fungi	Basidiomycota	Agaricomycetes	Polyporales	Meruliaceae	Phlebia	Phlebia radiata		SPECIES	Phlebia radiata Fr.	Phlebia radiata Fr.	Fr.	CA	St-Michel-de-Wentworth	Québec	PRESENT		ff7bd5db-b724-4932-b496-10ea298851f9	45.75925	-74.483883	100.0						1979-09-22	22	9	1979	2545089	2545089	PRESERVED_SPECIMEN	Université de Montréal Biodiversity Centre	CMMF	CMMF007301	485	McNeil, Raymond		CC0_1_0	Université de Montréal Biodiversity Centre	McNeil, Raymond			2024-01-24T16:38:21.421Z	StillImage	COORDINATE_ROUNDED;INSTITUTION_MATCH_FUZZY;COLLECTION_MATCH_FUZZY;DIFFERENT_OWNER_INSTITUTION
1135067400	21705170-d2b6-42de-8904-c3bca4b83591	CMMF005942	Fungi	Basidiomycota	Agaricomycetes	Polyporales	Meruliaceae	Phlebia	Phlebia radiata		SPECIES	Phlebia radiata Fr.	Phlebia radiata Fr.	Fr.	CA	Châteauguay (Centre écologique Fernand-Seguin)	Québec	PRESENT		ff7bd5db-b724-4932-b496-10ea298851f9	45.33983	-73.773917	100.0						2013-10-02	2	10	2013	2545089	2545089	PRESERVED_SPECIMEN	Université de Montréal Biodiversity Centre	CMMF	CMMF005942	C4326	McNeil, Raymond		CC0_1_0	Université de Montréal Biodiversity Centre	McNeil, Raymond			2024-01-24T16:38:16.920Z	StillImage	COORDINATE_ROUNDED;INSTITUTION_MATCH_FUZZY;COLLECTION_MATCH_FUZZY;DIFFERENT_OWNER_INSTITUTION
