gbifID	datasetKey	occurrenceID	kingdom	phylum	class	order	family	genus	species	infraspecificEpithet	taxonRank	scientificName	verbatimScientificName	verbatimScientificNameAuthorship	countryCode	locality	stateProvince	occurrenceStatus	individualCount	publishingOrgKey	decimalLatitude	decimalLongitude	coordinateUncertaintyInMeters	coordinatePrecision	elevation	elevationAccuracy	depth	depthAccuracy	eventDate	day	month	year	taxonKey	speciesKey	basisOfRecord	institutionCode	collectionCode	catalogNumber	recordNumber	identifiedBy	dateIdentified	license	rightsHolder	recordedBy	typeStatus	establishmentMeans	lastInterpreted	mediaType	issue
617553026	21705170-d2b6-42de-8904-c3bca4b83591	CMMF003415	Fungi	Basidiomycota	Agaricomycetes	Hymenochaetales	Oxyporaceae	Oxyporus	Oxyporus populinus		SPECIES	Oxyporus populinus (Schumach.) Donk	Oxyporus populinus (Schumach.) Donk	(Schumach.) Donk	CA	Longueuil	Québec	PRESENT		ff7bd5db-b724-4932-b496-10ea298851f9	45.544154	-73.477185	5000.0						1999-10-17	17	10	1999	5239325	5239325	PRESERVED_SPECIMEN	Université de Montréal Biodiversity Centre	CMMF	CMMF003415		Lamoureux, Yves		CC0_1_0	Université de Montréal Biodiversity Centre	Lamoureux, Yves			2024-01-24T16:38:17.053Z	StillImage	INSTITUTION_MATCH_FUZZY;COLLECTION_MATCH_FUZZY;DIFFERENT_OWNER_INSTITUTION
5008348003	50c9509d-22c7-4a22-a47d-8c48425ef4a7	https://www.inaturalist.org/observations/255672820	Fungi	Basidiomycota	Agaricomycetes	Hymenochaetales	Oxyporaceae	Oxyporus	Oxyporus populinus		SPECIES	Rigidoporus populinus (Schumach.) Pouzar	Rigidoporus populinus		CA		Québec	PRESENT		28eb1a3f-1c15-4a95-931a-4af90ecb574d	46.913024	-70.793462	31.0						2024-11-30T13:49	30	11	2024	2523440	5239325	HUMAN_OBSERVATION	iNaturalist	Observations	255672820		Loïs Rancilhac	2024-12-20T12:53:24	CC_BY_NC_4_0	Loïs Rancilhac	Loïs Rancilhac			2025-01-14T12:54:43.016Z	StillImage	COORDINATE_ROUNDED;CONTINENT_DERIVED_FROM_COORDINATES;TAXON_MATCH_TAXON_ID_IGNORED
5007742187	50c9509d-22c7-4a22-a47d-8c48425ef4a7	https://www.inaturalist.org/observations/63832771	Fungi	Basidiomycota	Agaricomycetes	Hymenochaetales	Oxyporaceae	Oxyporus	Oxyporus populinus		SPECIES	Rigidoporus populinus (Schumach.) Pouzar	Rigidoporus populinus		CA		Québec	PRESENT		28eb1a3f-1c15-4a95-931a-4af90ecb574d	45.428813	-73.941391	189.0						2020-10-30T11:04	30	10	2020	2523440	5239325	HUMAN_OBSERVATION	iNaturalist	Observations	63832771		Ariel Bonkoski	2024-12-21T23:57:07	CC_BY_NC_4_0	inspector_crow	inspector_crow			2025-01-14T12:16:05.621Z	StillImage	COORDINATE_ROUNDED;CONTINENT_DERIVED_FROM_COORDINATES;TAXON_MATCH_TAXON_ID_IGNORED
5007521319	50c9509d-22c7-4a22-a47d-8c48425ef4a7	https://www.inaturalist.org/observations/255618214	Fungi	Basidiomycota	Agaricomycetes	Hymenochaetales	Oxyporaceae	Oxyporus	Oxyporus populinus		SPECIES	Rigidoporus populinus (Schumach.) Pouzar	Rigidoporus populinus		CA		Québec	PRESENT		28eb1a3f-1c15-4a95-931a-4af90ecb574d	45.482147	-71.185775	48.0						2024-10-01T10:40	1	10	2024	2523440	5239325	HUMAN_OBSERVATION	iNaturalist	Observations	255618214		gabboilard	2024-12-19T21:13:56	CC_BY_NC_4_0	gabboilard	gabboilard			2025-01-14T13:45:00.331Z	StillImage	COORDINATE_ROUNDED;CONTINENT_DERIVED_FROM_COORDINATES;TAXON_MATCH_TAXON_ID_IGNORED
4994547612	50c9509d-22c7-4a22-a47d-8c48425ef4a7	https://www.inaturalist.org/observations/236554233	Fungi	Basidiomycota	Agaricomycetes	Hymenochaetales	Oxyporaceae	Oxyporus	Oxyporus populinus		SPECIES	Rigidoporus populinus (Schumach.) Pouzar	Rigidoporus populinus		CA		Québec	PRESENT		28eb1a3f-1c15-4a95-931a-4af90ecb574d	45.860787	-74.783403	26.0						2024-08-18T12:13:51	18	8	2024	2523440	5239325	HUMAN_OBSERVATION	iNaturalist	Observations	236554233		Charlie S	2024-08-18T17:51:30	CC_BY_NC_4_0	Charlie S	Charlie S			2025-01-14T12:52:06.734Z	StillImage	COORDINATE_ROUNDED;CONTINENT_DERIVED_FROM_COORDINATES;TAXON_MATCH_TAXON_ID_IGNORED
4994547126	50c9509d-22c7-4a22-a47d-8c48425ef4a7	https://www.inaturalist.org/observations/248917150	Fungi	Basidiomycota	Agaricomycetes	Hymenochaetales	Oxyporaceae	Oxyporus	Oxyporus populinus		SPECIES	Rigidoporus populinus (Schumach.) Pouzar	Rigidoporus populinus		CA		Québec	PRESENT		28eb1a3f-1c15-4a95-931a-4af90ecb574d	45.422295	-75.816902	5.0						2024-10-24T14:45:07	24	10	2024	2523440	5239325	HUMAN_OBSERVATION	iNaturalist	Observations	248917150		flemster	2024-10-24T18:46:21	CC_BY_NC_4_0	flemster	flemster			2025-01-14T12:54:48.092Z	StillImage	COORDINATE_ROUNDED;CONTINENT_DERIVED_FROM_COORDINATES;TAXON_MATCH_TAXON_ID_IGNORED
4994539634	50c9509d-22c7-4a22-a47d-8c48425ef4a7	https://www.inaturalist.org/observations/252675256	Fungi	Basidiomycota	Agaricomycetes	Hymenochaetales	Oxyporaceae	Oxyporus	Oxyporus populinus		SPECIES	Rigidoporus populinus (Schumach.) Pouzar	Rigidoporus populinus		CA		Québec	PRESENT		28eb1a3f-1c15-4a95-931a-4af90ecb574d	45.037455	-74.071997	1953.0						2024-08-20T15:49	20	8	2024	2523440	5239325	HUMAN_OBSERVATION	iNaturalist	Observations	252675256		Annabelle Langlois	2024-11-23T03:43:07	CC_BY_NC_4_0	Annabelle Langlois	Annabelle Langlois			2025-01-14T13:44:36.590Z	StillImage	COORDINATE_ROUNDED;CONTINENT_DERIVED_FROM_COORDINATES;TAXON_MATCH_TAXON_ID_IGNORED
4994536094	50c9509d-22c7-4a22-a47d-8c48425ef4a7	https://www.inaturalist.org/observations/241940274	Fungi	Basidiomycota	Agaricomycetes	Hymenochaetales	Oxyporaceae	Oxyporus	Oxyporus populinus		SPECIES	Rigidoporus populinus (Schumach.) Pouzar	Rigidoporus populinus		CA		Québec	PRESENT		28eb1a3f-1c15-4a95-931a-4af90ecb574d	45.544405	-73.667205	5.0						2024-09-15T13:19:16	15	9	2024	2523440	5239325	HUMAN_OBSERVATION	iNaturalist	Observations	241940274		Marie Blain	2024-09-15T19:28:31	CC_BY_NC_4_0	Marie Blain	Marie Blain			2025-01-14T12:54:23.124Z	StillImage	CONTINENT_DERIVED_FROM_COORDINATES;TAXON_MATCH_TAXON_ID_IGNORED
4994517536	50c9509d-22c7-4a22-a47d-8c48425ef4a7	https://www.inaturalist.org/observations/133654348	Fungi	Basidiomycota	Agaricomycetes	Hymenochaetales	Oxyporaceae	Oxyporus	Oxyporus populinus		SPECIES	Rigidoporus populinus (Schumach.) Pouzar	Rigidoporus populinus		CA		Québec	PRESENT		28eb1a3f-1c15-4a95-931a-4af90ecb574d	45.365578	-73.993492							2022-09-04T13:52:36	4	9	2022	2523440	5239325	HUMAN_OBSERVATION	iNaturalist	Observations	133654348		Deniz Kuru	2022-09-04T18:55:43	CC_BY_NC_4_0	Deniz Kuru	Deniz Kuru			2025-01-14T12:31:22.440Z	StillImage	COORDINATE_ROUNDED;CONTINENT_DERIVED_FROM_COORDINATES;TAXON_MATCH_TAXON_ID_IGNORED
4994492338	50c9509d-22c7-4a22-a47d-8c48425ef4a7	https://www.inaturalist.org/observations/244544730	Fungi	Basidiomycota	Agaricomycetes	Hymenochaetales	Oxyporaceae	Oxyporus	Oxyporus populinus		SPECIES	Rigidoporus populinus (Schumach.) Pouzar	Rigidoporus populinus		CA		Québec	PRESENT		28eb1a3f-1c15-4a95-931a-4af90ecb574d	45.778723	-72.003592	571.0						2024-09-28T10:11:16	28	9	2024	2523440	5239325	HUMAN_OBSERVATION	iNaturalist	Observations	244544730		egrenier	2024-09-28T18:49:22	CC_BY_NC_4_0	egrenier	egrenier			2025-01-14T12:54:16.079Z	StillImage	COORDINATE_ROUNDED;CONTINENT_DERIVED_FROM_COORDINATES;TAXON_MATCH_TAXON_ID_IGNORED
4994491305	50c9509d-22c7-4a22-a47d-8c48425ef4a7	https://www.inaturalist.org/observations/236385465	Fungi	Basidiomycota	Agaricomycetes	Hymenochaetales	Oxyporaceae	Oxyporus	Oxyporus populinus		SPECIES	Rigidoporus populinus (Schumach.) Pouzar	Rigidoporus populinus		CA		Québec	PRESENT		28eb1a3f-1c15-4a95-931a-4af90ecb574d	45.081527	-73.15563	4472.0						2024-08-17T11:25:51	17	8	2024	2523440	5239325	HUMAN_OBSERVATION	iNaturalist	Observations	236385465		egrenier	2024-08-17T22:29:59	CC_BY_NC_4_0	egrenier	egrenier			2025-01-14T13:42:42.875Z	StillImage	COORDINATE_ROUNDED;CONTINENT_DERIVED_FROM_COORDINATES;TAXON_MATCH_TAXON_ID_IGNORED
4994415179	50c9509d-22c7-4a22-a47d-8c48425ef4a7	https://www.inaturalist.org/observations/239189698	Fungi	Basidiomycota	Agaricomycetes	Hymenochaetales	Oxyporaceae	Oxyporus	Oxyporus populinus		SPECIES	Rigidoporus populinus (Schumach.) Pouzar	Rigidoporus populinus		CA		Québec	PRESENT		28eb1a3f-1c15-4a95-931a-4af90ecb574d	45.474553	-71.378753							2024-08-28T13:14	28	8	2024	2523440	5239325	HUMAN_OBSERVATION	iNaturalist	Observations	239189698		Martine Lapointe	2024-09-01T15:11:55	CC_BY_4_0	Martine Lapointe	Martine Lapointe			2025-01-14T12:53:03.656Z	StillImage	COORDINATE_ROUNDED;CONTINENT_DERIVED_FROM_COORDINATES;TAXON_MATCH_TAXON_ID_IGNORED
4994189878	50c9509d-22c7-4a22-a47d-8c48425ef4a7	https://www.inaturalist.org/observations/251926426	Fungi	Basidiomycota	Agaricomycetes	Hymenochaetales	Oxyporaceae	Oxyporus	Oxyporus populinus		SPECIES	Rigidoporus populinus (Schumach.) Pouzar	Rigidoporus populinus		CA		Québec	PRESENT		28eb1a3f-1c15-4a95-931a-4af90ecb574d	45.435825	-75.80082	1705.0						2024-11-16T15:23:27	16	11	2024	2523440	5239325	HUMAN_OBSERVATION	iNaturalist	Observations	251926426		drpyser	2024-11-16T20:25:02	CC_BY_NC_4_0	drpyser	drpyser			2025-01-14T13:41:06.588Z	StillImage	COORDINATE_ROUNDED;CONTINENT_DERIVED_FROM_COORDINATES;TAXON_MATCH_TAXON_ID_IGNORED
4994094159	50c9509d-22c7-4a22-a47d-8c48425ef4a7	https://www.inaturalist.org/observations/187404099	Fungi	Basidiomycota	Agaricomycetes	Hymenochaetales	Oxyporaceae	Oxyporus	Oxyporus populinus		SPECIES	Rigidoporus populinus (Schumach.) Pouzar	Rigidoporus populinus		CA		Québec	PRESENT		28eb1a3f-1c15-4a95-931a-4af90ecb574d	45.432576	-73.889407	4.0						2023-10-13T15:48:48	13	10	2023	2523440	5239325	HUMAN_OBSERVATION	iNaturalist	Observations	187404099		photojoco	2023-10-13T19:51:19	CC_BY_NC_4_0	photojoco	photojoco			2025-01-14T12:42:24.258Z	StillImage	COORDINATE_ROUNDED;CONTINENT_DERIVED_FROM_COORDINATES;TAXON_MATCH_TAXON_ID_IGNORED
4994057825	50c9509d-22c7-4a22-a47d-8c48425ef4a7	https://www.inaturalist.org/observations/249055799	Fungi	Basidiomycota	Agaricomycetes	Hymenochaetales	Oxyporaceae	Oxyporus	Oxyporus populinus		SPECIES	Rigidoporus populinus (Schumach.) Pouzar	Rigidoporus populinus		CA		Québec	PRESENT		28eb1a3f-1c15-4a95-931a-4af90ecb574d	45.562096	-75.889008	4.0						2024-10-25T14:36:09	25	10	2024	2523440	5239325	HUMAN_OBSERVATION	iNaturalist	Observations	249055799		christinecantley	2024-10-25T18:41:02	CC_BY_NC_4_0	christinecantley	christinecantley			2025-01-14T12:54:51.435Z	StillImage	COORDINATE_ROUNDED;CONTINENT_DERIVED_FROM_COORDINATES;TAXON_MATCH_TAXON_ID_IGNORED
4993977561	50c9509d-22c7-4a22-a47d-8c48425ef4a7	https://www.inaturalist.org/observations/179203389	Fungi	Basidiomycota	Agaricomycetes	Hymenochaetales	Oxyporaceae	Oxyporus	Oxyporus populinus		SPECIES	Rigidoporus populinus (Schumach.) Pouzar	Rigidoporus populinus		CA		Prince Edward Island	PRESENT		28eb1a3f-1c15-4a95-931a-4af90ecb574d	46.695511	-64.155126	8.0						2023-08-19T15:30:07	19	8	2023	2523440	5239325	HUMAN_OBSERVATION	iNaturalist	Observations	179203389		Rosemary Curley	2024-12-03T15:34:25	CC_BY_NC_4_0	Jean-Jacques Strydom	Jean-Jacques Strydom			2025-01-14T12:41:32.054Z	StillImage	COORDINATE_ROUNDED;CONTINENT_DERIVED_FROM_COORDINATES;TAXON_MATCH_TAXON_ID_IGNORED
4993954246	50c9509d-22c7-4a22-a47d-8c48425ef4a7	https://www.inaturalist.org/observations/245846270	Fungi	Basidiomycota	Agaricomycetes	Hymenochaetales	Oxyporaceae	Oxyporus	Oxyporus populinus		SPECIES	Rigidoporus populinus (Schumach.) Pouzar	Rigidoporus populinus		CA		Québec	PRESENT		28eb1a3f-1c15-4a95-931a-4af90ecb574d	45.461493	-73.039708	81.0						2024-10-05T10:18	5	10	2024	2523440	5239325	HUMAN_OBSERVATION	iNaturalist	Observations	245846270		Fabian Orozco	2024-10-05T23:32:13	CC_BY_4_0	Fabian Orozco	Fabian Orozco			2025-01-14T13:43:53.956Z	StillImage	COORDINATE_ROUNDED;CONTINENT_DERIVED_FROM_COORDINATES;TAXON_MATCH_TAXON_ID_IGNORED
4993868574	50c9509d-22c7-4a22-a47d-8c48425ef4a7	https://www.inaturalist.org/observations/238529109	Fungi	Basidiomycota	Agaricomycetes	Hymenochaetales	Oxyporaceae	Oxyporus	Oxyporus populinus		SPECIES	Rigidoporus populinus (Schumach.) Pouzar	Rigidoporus populinus		CA		Québec	PRESENT		28eb1a3f-1c15-4a95-931a-4af90ecb574d	45.47293	-75.802817	939.0						2024-08-27T13:46	27	8	2024	2523440	5239325	HUMAN_OBSERVATION	iNaturalist	Observations	238529109		François L.	2024-08-29T02:31:07	CC_BY_NC_4_0	François L.	François L.			2025-01-14T12:53:35.463Z	StillImage	COORDINATE_ROUNDED;CONTINENT_DERIVED_FROM_COORDINATES;TAXON_MATCH_TAXON_ID_IGNORED
4980495335	50c9509d-22c7-4a22-a47d-8c48425ef4a7	https://www.inaturalist.org/observations/250962925	Fungi	Basidiomycota	Agaricomycetes	Hymenochaetales	Oxyporaceae	Oxyporus	Oxyporus populinus		SPECIES	Rigidoporus populinus (Schumach.) Pouzar	Rigidoporus populinus		CA		Québec	PRESENT		28eb1a3f-1c15-4a95-931a-4af90ecb574d	45.503764	-75.795273	13110.0						2024-11-08T12:14	8	11	2024	2523440	5239325	HUMAN_OBSERVATION	iNaturalist	Observations	250962925		L Joan Heyding	2024-11-08T23:21:05	CC_BY_NC_4_0	L Joan Heyding	L Joan Heyding			2025-01-14T12:55:59.061Z	StillImage	COORDINATE_ROUNDED;CONTINENT_DERIVED_FROM_COORDINATES;TAXON_MATCH_TAXON_ID_IGNORED
4980334434	50c9509d-22c7-4a22-a47d-8c48425ef4a7	https://www.inaturalist.org/observations/224625960	Fungi	Basidiomycota	Agaricomycetes	Hymenochaetales	Oxyporaceae	Oxyporus	Oxyporus populinus		SPECIES	Rigidoporus populinus (Schumach.) Pouzar	Rigidoporus populinus		CA		Prince Edward Island	PRESENT		28eb1a3f-1c15-4a95-931a-4af90ecb574d	46.642711	-64.369444	4.0						2024-06-21T11:06	21	6	2024	2523440	5239325	HUMAN_OBSERVATION	iNaturalist	Observations	224625960		Rosemary Curley	2024-10-25T01:16:09	CC_BY_NC_4_0	Rosemary Curley	Rosemary Curley			2025-01-14T12:46:27.364Z	StillImage	COORDINATE_ROUNDED;CONTINENT_DERIVED_FROM_COORDINATES;TAXON_MATCH_TAXON_ID_IGNORED
4978404518	50c9509d-22c7-4a22-a47d-8c48425ef4a7	https://www.inaturalist.org/observations/34909510	Fungi	Basidiomycota	Agaricomycetes	Hymenochaetales	Oxyporaceae	Oxyporus	Oxyporus populinus		SPECIES	Rigidoporus populinus (Schumach.) Pouzar	Rigidoporus populinus		CA		New Brunswick	PRESENT		28eb1a3f-1c15-4a95-931a-4af90ecb574d	46.340725	-64.621784	1227.0						2013-05-28T11:18	28	5	2013	2523440	5239325	HUMAN_OBSERVATION	iNaturalist	Observations	34909510		Raymonde G Chartier	2020-11-11T00:15:07	CC_BY_NC_4_0	Raymonde G Chartier	Raymonde G Chartier			2025-01-14T12:09:40.807Z	StillImage	COORDINATE_ROUNDED;CONTINENT_DERIVED_FROM_COORDINATES;TAXON_MATCH_TAXON_ID_IGNORED
4946575776	50c9509d-22c7-4a22-a47d-8c48425ef4a7	https://www.inaturalist.org/observations/234690929	Fungi	Basidiomycota	Agaricomycetes	Hymenochaetales	Oxyporaceae	Oxyporus	Oxyporus populinus		SPECIES	Oxyporus populinus (Schumach.) Donk	Oxyporus populinus populinus		CA		Ontario	PRESENT		28eb1a3f-1c15-4a95-931a-4af90ecb574d	45.644597	-79.067803	5.0						2024-07-19T09:48:31	19	7	2024	5239325	5239325	HUMAN_OBSERVATION	iNaturalist	Observations	234690929		thuilia	2024-09-06T11:29:30	CC_BY_NC_4_0	thuilia	thuilia			2025-01-14T12:48:09.485Z	StillImage	COORDINATE_ROUNDED;CONTINENT_DERIVED_FROM_COORDINATES;TAXON_MATCH_HIGHERRANK;TAXON_MATCH_TAXON_ID_IGNORED
4946518290	50c9509d-22c7-4a22-a47d-8c48425ef4a7	https://www.inaturalist.org/observations/158464053	Fungi	Basidiomycota	Agaricomycetes	Hymenochaetales	Oxyporaceae	Oxyporus	Oxyporus populinus		SPECIES	Rigidoporus populinus (Schumach.) Pouzar	Rigidoporus populinus		CA		Québec	PRESENT		28eb1a3f-1c15-4a95-931a-4af90ecb574d	45.461383	-73.669433	3.0						2023-04-28T19:03	28	4	2023	2523440	5239325	HUMAN_OBSERVATION	iNaturalist	Observations	158464053		precupdoina	2023-05-01T03:18:17	CC_BY_NC_4_0	precupdoina	precupdoina			2025-01-14T13:28:54.491Z	StillImage	COORDINATE_ROUNDED;CONTINENT_DERIVED_FROM_COORDINATES;TAXON_MATCH_TAXON_ID_IGNORED
4946171437	50c9509d-22c7-4a22-a47d-8c48425ef4a7	https://www.inaturalist.org/observations/242113316	Fungi	Basidiomycota	Agaricomycetes	Hymenochaetales	Oxyporaceae	Oxyporus	Oxyporus populinus		SPECIES	Rigidoporus populinus (Schumach.) Pouzar	Rigidoporus populinus		CA		New Brunswick	PRESENT		28eb1a3f-1c15-4a95-931a-4af90ecb574d	46.314065	-64.635132	8.0						2024-09-16T11:07:56	16	9	2024	2523440	5239325	HUMAN_OBSERVATION	iNaturalist	Observations	242113316		cocagne	2024-09-16T16:02:40	CC_BY_NC_4_0	cocagne	cocagne			2025-01-14T12:50:59.218Z	StillImage	COORDINATE_ROUNDED;CONTINENT_DERIVED_FROM_COORDINATES;TAXON_MATCH_TAXON_ID_IGNORED
4902013953	50c9509d-22c7-4a22-a47d-8c48425ef4a7	https://www.inaturalist.org/observations/221400309	Fungi	Basidiomycota	Agaricomycetes	Hymenochaetales	Oxyporaceae	Oxyporus	Oxyporus populinus		SPECIES	Rigidoporus populinus (Schumach.) Pouzar	Rigidoporus populinus		CA		New Brunswick	PRESENT		28eb1a3f-1c15-4a95-931a-4af90ecb574d	45.930592	-67.234465							2024-06-08T13:36:45	8	6	2024	2523440	5239325	HUMAN_OBSERVATION	iNaturalist	Observations	221400309		Andrew MacPherson	2024-06-08T20:29:37	CC0_1_0	Andrew MacPherson	Andrew MacPherson			2025-01-14T12:48:28.663Z	StillImage	COORDINATE_ROUNDED;CONTINENT_DERIVED_FROM_COORDINATES;TAXON_MATCH_TAXON_ID_IGNORED
4901264138	50c9509d-22c7-4a22-a47d-8c48425ef4a7	https://www.inaturalist.org/observations/213291624	Fungi	Basidiomycota	Agaricomycetes	Hymenochaetales	Oxyporaceae	Oxyporus	Oxyporus populinus		SPECIES	Rigidoporus populinus (Schumach.) Pouzar	Rigidoporus populinus		CA		New Brunswick	PRESENT		28eb1a3f-1c15-4a95-931a-4af90ecb574d	45.922195	-66.650874							2024-05-03T12:06	3	5	2024	2523440	5239325	HUMAN_OBSERVATION	iNaturalist	Observations	213291624		Andrew MacPherson	2024-05-04T00:55:11	CC0_1_0	Andrew MacPherson	Andrew MacPherson			2025-01-14T12:46:47.296Z	StillImage	COORDINATE_ROUNDED;CONTINENT_DERIVED_FROM_COORDINATES;TAXON_MATCH_TAXON_ID_IGNORED
4872637392	50c9509d-22c7-4a22-a47d-8c48425ef4a7	https://www.inaturalist.org/observations/145994790	Fungi	Basidiomycota	Agaricomycetes	Hymenochaetales	Oxyporaceae	Oxyporus	Oxyporus populinus		SPECIES	Rigidoporus populinus (Schumach.) Pouzar	Rigidoporus populinus		CA		Québec	PRESENT		28eb1a3f-1c15-4a95-931a-4af90ecb574d	46.242564	-74.468105	851.0						2023-01-04T13:53	4	1	2023	2523440	5239325	HUMAN_OBSERVATION	iNaturalist	Observations	145994790		michelcournoyer	2023-01-06T22:51:41	CC_BY_NC_4_0	michelcournoyer	michelcournoyer			2025-01-14T12:35:09.206Z	StillImage	COORDINATE_ROUNDED;CONTINENT_DERIVED_FROM_COORDINATES;TAXON_MATCH_TAXON_ID_IGNORED
4872585964	50c9509d-22c7-4a22-a47d-8c48425ef4a7	https://www.inaturalist.org/observations/206994343	Fungi	Basidiomycota	Agaricomycetes	Hymenochaetales	Oxyporaceae	Oxyporus	Oxyporus populinus		SPECIES	Rigidoporus populinus (Schumach.) Pouzar	Rigidoporus populinus		CA		Québec	PRESENT		28eb1a3f-1c15-4a95-931a-4af90ecb574d	45.548663	-73.460574	477.0						2024-04-13T11:57:40	13	4	2024	2523440	5239325	HUMAN_OBSERVATION	iNaturalist	Observations	206994343		Michelle Norcéide	2024-04-13T17:35:26	CC_BY_4_0	Michelle Norcéide	Michelle Norcéide			2025-01-14T12:44:07.517Z	StillImage	COORDINATE_ROUNDED;CONTINENT_DERIVED_FROM_COORDINATES;TAXON_MATCH_TAXON_ID_IGNORED
4872584584	50c9509d-22c7-4a22-a47d-8c48425ef4a7	https://www.inaturalist.org/observations/173771250	Fungi	Basidiomycota	Agaricomycetes	Hymenochaetales	Oxyporaceae	Oxyporus	Oxyporus populinus		SPECIES	Rigidoporus populinus (Schumach.) Pouzar	Rigidoporus populinus		CA		Québec	PRESENT		28eb1a3f-1c15-4a95-931a-4af90ecb574d	45.665353	-73.903543	6.0						2023-07-19T10:38:43	19	7	2023	2523440	5239325	HUMAN_OBSERVATION	iNaturalist	Observations	173771250		lexoue34	2023-07-19T15:33:56	CC_BY_NC_4_0	lexoue34	lexoue34			2025-01-14T13:31:47.979Z	StillImage	COORDINATE_ROUNDED;CONTINENT_DERIVED_FROM_COORDINATES;TAXON_MATCH_TAXON_ID_IGNORED
4872532822	50c9509d-22c7-4a22-a47d-8c48425ef4a7	https://www.inaturalist.org/observations/138050958	Fungi	Basidiomycota	Agaricomycetes	Hymenochaetales	Oxyporaceae	Oxyporus	Oxyporus populinus		SPECIES	Rigidoporus populinus (Schumach.) Pouzar	Rigidoporus populinus		CA		Québec	PRESENT		28eb1a3f-1c15-4a95-931a-4af90ecb574d	45.490067	-75.865403	4.0						2022-10-08T17:42:26	8	10	2022	2523440	5239325	HUMAN_OBSERVATION	iNaturalist	Observations	138050958		cinna_latifolia	2022-10-09T06:31:03	CC_BY_NC_4_0	Maria Bastas	Maria Bastas			2025-01-14T13:26:09.437Z	StillImage	COORDINATE_ROUNDED;CONTINENT_DERIVED_FROM_COORDINATES;TAXON_MATCH_TAXON_ID_IGNORED
4872489189	50c9509d-22c7-4a22-a47d-8c48425ef4a7	https://www.inaturalist.org/observations/171605344	Fungi	Basidiomycota	Agaricomycetes	Hymenochaetales	Oxyporaceae	Oxyporus	Oxyporus populinus		SPECIES	Rigidoporus populinus (Schumach.) Pouzar	Rigidoporus populinus		CA		Québec	PRESENT		28eb1a3f-1c15-4a95-931a-4af90ecb574d	46.830658	-71.114037	50.0						2023-07-07T15:00:18	7	7	2023	2523440	5239325	HUMAN_OBSERVATION	iNaturalist	Observations	171605344		Jean Gilbert	2023-07-07T19:00:31	CC_BY_NC_4_0	Jean Gilbert	Jean Gilbert			2025-01-14T12:43:00.379Z	StillImage	COORDINATE_ROUNDED;CONTINENT_DERIVED_FROM_COORDINATES;TAXON_MATCH_TAXON_ID_IGNORED
4863768133	50c9509d-22c7-4a22-a47d-8c48425ef4a7	https://www.inaturalist.org/observations/215020911	Fungi	Basidiomycota	Agaricomycetes	Hymenochaetales	Oxyporaceae	Oxyporus	Oxyporus populinus		SPECIES	Rigidoporus populinus (Schumach.) Pouzar	Rigidoporus populinus		CA		Québec	PRESENT		28eb1a3f-1c15-4a95-931a-4af90ecb574d	45.508067	-73.532527	5.0						2024-05-11T11:41:48	11	5	2024	2523440	5239325	HUMAN_OBSERVATION	iNaturalist	Observations	215020911		klorophyl	2024-05-11T15:47:57	CC_BY_NC_4_0	klorophyl	klorophyl			2025-01-14T13:40:35.526Z	StillImage	COORDINATE_ROUNDED;CONTINENT_DERIVED_FROM_COORDINATES;TAXON_MATCH_TAXON_ID_IGNORED
4863376382	50c9509d-22c7-4a22-a47d-8c48425ef4a7	https://www.inaturalist.org/observations/214383140	Fungi	Basidiomycota	Agaricomycetes	Hymenochaetales	Oxyporaceae	Oxyporus	Oxyporus populinus		SPECIES	Rigidoporus populinus (Schumach.) Pouzar	Rigidoporus populinus		CA		Québec	PRESENT		28eb1a3f-1c15-4a95-931a-4af90ecb574d	45.376558	-71.921314	9.0						2024-05-08T09:40:04	8	5	2024	2523440	5239325	HUMAN_OBSERVATION	iNaturalist	Observations	214383140		Jacob Beauregard	2024-05-08T13:47:52	CC_BY_NC_4_0	Jacob Beauregard	Jacob Beauregard			2025-01-14T13:40:20.837Z	StillImage	COORDINATE_ROUNDED;CONTINENT_DERIVED_FROM_COORDINATES;TAXON_MATCH_TAXON_ID_IGNORED
4854829409	50c9509d-22c7-4a22-a47d-8c48425ef4a7	https://www.inaturalist.org/observations/213504554	Fungi	Basidiomycota	Agaricomycetes	Hymenochaetales	Oxyporaceae	Oxyporus	Oxyporus populinus		SPECIES	Rigidoporus populinus (Schumach.) Pouzar	Rigidoporus populinus		CA		Nova Scotia	PRESENT		28eb1a3f-1c15-4a95-931a-4af90ecb574d	45.555256	-64.265019	27158.0						2024-05-04T09:40	4	5	2024	2523440	5239325	HUMAN_OBSERVATION	iNaturalist	Observations	213504554		Ben	2024-05-04T20:14:45	CC_BY_NC_4_0	Ben	Ben			2025-01-14T12:46:13.444Z	StillImage	COORDINATE_ROUNDED;CONTINENT_DERIVED_FROM_COORDINATES;TAXON_MATCH_TAXON_ID_IGNORED
4607450595	50c9509d-22c7-4a22-a47d-8c48425ef4a7	https://www.inaturalist.org/observations/194844823	Fungi	Basidiomycota	Agaricomycetes	Hymenochaetales	Oxyporaceae	Oxyporus	Oxyporus populinus		SPECIES	Rigidoporus populinus (Schumach.) Pouzar	Rigidoporus populinus		CA		Québec	PRESENT		28eb1a3f-1c15-4a95-931a-4af90ecb574d	45.552522	-73.329811							2023-11-19T12:41:03	19	11	2023	2523440	5239325	HUMAN_OBSERVATION	iNaturalist	Observations	194844823		noeliebonnefoy5	2023-12-25T22:18:55	CC_BY_NC_4_0	noeliebonnefoy5	noeliebonnefoy5			2025-01-14T13:35:45.478Z	StillImage	COORDINATE_ROUNDED;CONTINENT_DERIVED_FROM_COORDINATES;TAXON_MATCH_TAXON_ID_IGNORED
4607180889	50c9509d-22c7-4a22-a47d-8c48425ef4a7	https://www.inaturalist.org/observations/180707556	Fungi	Basidiomycota	Agaricomycetes	Hymenochaetales	Oxyporaceae	Oxyporus	Oxyporus populinus		SPECIES	Rigidoporus populinus (Schumach.) Pouzar	Rigidoporus populinus		CA		Ontario	PRESENT		28eb1a3f-1c15-4a95-931a-4af90ecb574d	45.028522	-75.165728							2023-08-28T16:48:10	28	8	2023	2523440	5239325	HUMAN_OBSERVATION	iNaturalist	Observations	180707556		brianbarkley	2023-08-29T01:10:27	CC_BY_NC_4_0	brianbarkley	brianbarkley			2025-01-14T12:39:42.245Z	StillImage	COORDINATE_ROUNDED;CONTINENT_DERIVED_FROM_COORDINATES;TAXON_MATCH_TAXON_ID_IGNORED
4606658490	50c9509d-22c7-4a22-a47d-8c48425ef4a7	https://www.inaturalist.org/observations/188835237	Fungi	Basidiomycota	Agaricomycetes	Hymenochaetales	Oxyporaceae	Oxyporus	Oxyporus populinus		SPECIES	Rigidoporus populinus (Schumach.) Pouzar	Rigidoporus populinus		CA		Québec	PRESENT		28eb1a3f-1c15-4a95-931a-4af90ecb574d	45.48335	-75.852767	1960.0						2023-10-24T15:39:13	24	10	2023	2523440	5239325	HUMAN_OBSERVATION	iNaturalist	Observations	188835237		Erin	2024-02-21T02:09:40	CC_BY_NC_4_0	Erin	Erin			2025-01-14T12:43:20.630Z	StillImage	COORDINATE_ROUNDED;CONTINENT_DERIVED_FROM_COORDINATES;TAXON_MATCH_TAXON_ID_IGNORED
4606620873	50c9509d-22c7-4a22-a47d-8c48425ef4a7	https://www.inaturalist.org/observations/188940518	Fungi	Basidiomycota	Agaricomycetes	Hymenochaetales	Oxyporaceae	Oxyporus	Oxyporus populinus		SPECIES	Rigidoporus populinus (Schumach.) Pouzar	Rigidoporus populinus		CA		Ontario	PRESENT		28eb1a3f-1c15-4a95-931a-4af90ecb574d	45.609204	-77.589114	6.0						2023-10-25T16:27:56	25	10	2023	2523440	5239325	HUMAN_OBSERVATION	iNaturalist	Observations	188940518		Ariel Bonkoski	2024-04-06T20:51:13	CC_BY_NC_4_0	Jason J. Dombroskie	Jason J. Dombroskie			2025-01-14T13:34:20.773Z	StillImage	COORDINATE_ROUNDED;CONTINENT_DERIVED_FROM_COORDINATES;TAXON_MATCH_TAXON_ID_IGNORED
4606614906	50c9509d-22c7-4a22-a47d-8c48425ef4a7	https://www.inaturalist.org/observations/190306879	Fungi	Basidiomycota	Agaricomycetes	Hymenochaetales	Oxyporaceae	Oxyporus	Oxyporus populinus		SPECIES	Rigidoporus populinus (Schumach.) Pouzar	Rigidoporus populinus		CA		Québec	PRESENT		28eb1a3f-1c15-4a95-931a-4af90ecb574d	45.375988	-71.922828	32.0						2023-11-06T14:38:19	6	11	2023	2523440	5239325	HUMAN_OBSERVATION	iNaturalist	Observations	190306879		gabboilard	2023-11-07T14:18:35	CC_BY_NC_4_0	gabboilard	gabboilard			2025-01-14T12:46:29.477Z	StillImage	COORDINATE_ROUNDED;CONTINENT_DERIVED_FROM_COORDINATES;TAXON_MATCH_TAXON_ID_IGNORED
4606607777	50c9509d-22c7-4a22-a47d-8c48425ef4a7	https://www.inaturalist.org/observations/197827588	Fungi	Basidiomycota	Agaricomycetes	Hymenochaetales	Oxyporaceae	Oxyporus	Oxyporus populinus		SPECIES	Rigidoporus populinus (Schumach.) Pouzar	Rigidoporus populinus		CA		Ontario	PRESENT		28eb1a3f-1c15-4a95-931a-4af90ecb574d	45.40741	-75.543569	82.0						2024-01-28T14:00	28	1	2024	2523440	5239325	HUMAN_OBSERVATION	iNaturalist	Observations	197827588		jonathan_mack	2024-01-28T20:56:28	CC_BY_NC_4_0	jonathan_mack	jonathan_mack			2025-01-14T12:44:08.116Z	StillImage	COORDINATE_ROUNDED;CONTINENT_DERIVED_FROM_COORDINATES;TAXON_MATCH_TAXON_ID_IGNORED
4606562780	50c9509d-22c7-4a22-a47d-8c48425ef4a7	https://www.inaturalist.org/observations/129543448	Fungi	Basidiomycota	Agaricomycetes	Hymenochaetales	Oxyporaceae	Oxyporus	Oxyporus populinus		SPECIES	Rigidoporus populinus (Schumach.) Pouzar	Rigidoporus populinus		CA		Québec	PRESENT		28eb1a3f-1c15-4a95-931a-4af90ecb574d	45.472186	-73.931121	241.0						2022-08-05T10:19	5	8	2022	2523440	5239325	HUMAN_OBSERVATION	iNaturalist	Observations	129543448		Ariel Bonkoski	2024-04-07T06:28:02	CC_BY_NC_4_0	Michel Goulet	Michel Goulet			2025-01-14T12:31:06.962Z	StillImage	COORDINATE_ROUNDED;CONTINENT_DERIVED_FROM_COORDINATES;TAXON_MATCH_TAXON_ID_IGNORED
4597362170	50c9509d-22c7-4a22-a47d-8c48425ef4a7	https://www.inaturalist.org/observations/201820827	Fungi	Basidiomycota	Agaricomycetes	Hymenochaetales	Oxyporaceae	Oxyporus	Oxyporus populinus		SPECIES	Rigidoporus populinus (Schumach.) Pouzar	Rigidoporus populinus		CA		Québec	PRESENT		28eb1a3f-1c15-4a95-931a-4af90ecb574d	46.222631	-74.195489	8.0						2024-03-08T13:48	8	3	2024	2523440	5239325	HUMAN_OBSERVATION	iNaturalist	Observations	201820827		michelcournoyer	2024-03-09T19:08:00	CC_BY_NC_4_0	michelcournoyer	michelcournoyer			2025-01-14T13:38:20.343Z	StillImage	COORDINATE_ROUNDED;CONTINENT_DERIVED_FROM_COORDINATES;TAXON_MATCH_TAXON_ID_IGNORED
4535880937	50c9509d-22c7-4a22-a47d-8c48425ef4a7	https://www.inaturalist.org/observations/187417549	Fungi	Basidiomycota	Agaricomycetes	Hymenochaetales	Oxyporaceae	Oxyporus	Oxyporus populinus		SPECIES	Rigidoporus populinus (Schumach.) Pouzar	Rigidoporus populinus		CA		Québec	PRESENT		28eb1a3f-1c15-4a95-931a-4af90ecb574d	45.43386	-73.890239	4.0						2023-10-13T16:38:50	13	10	2023	2523440	5239325	HUMAN_OBSERVATION	iNaturalist	Observations	187417549		photojoco	2023-10-14T01:57:20	CC_BY_NC_4_0	photojoco	photojoco			2025-01-14T13:33:36.655Z	StillImage	COORDINATE_ROUNDED;CONTINENT_DERIVED_FROM_COORDINATES;TAXON_MATCH_TAXON_ID_IGNORED
4535852461	50c9509d-22c7-4a22-a47d-8c48425ef4a7	https://www.inaturalist.org/observations/87177675	Fungi	Basidiomycota	Agaricomycetes	Hymenochaetales	Oxyporaceae	Oxyporus	Oxyporus populinus		SPECIES	Rigidoporus populinus (Schumach.) Pouzar	Rigidoporus populinus		CA		Ontario	PRESENT		28eb1a3f-1c15-4a95-931a-4af90ecb574d	46.204607	-79.237465	10.0						2021-07-15T13:28:34	15	7	2021	2523440	5239325	HUMAN_OBSERVATION	iNaturalist	Observations	87177675		diz21	2021-07-15T19:20:06	CC_BY_NC_4_0	diz21	diz21			2025-01-14T13:12:42.544Z	StillImage	COORDINATE_ROUNDED;CONTINENT_DERIVED_FROM_COORDINATES;TAXON_MATCH_TAXON_ID_IGNORED
4535846655	50c9509d-22c7-4a22-a47d-8c48425ef4a7	https://www.inaturalist.org/observations/135781099	Fungi	Basidiomycota	Agaricomycetes	Hymenochaetales	Oxyporaceae	Oxyporus	Oxyporus populinus		SPECIES	Rigidoporus populinus (Schumach.) Pouzar	Rigidoporus populinus		CA		Ontario	PRESENT		28eb1a3f-1c15-4a95-931a-4af90ecb574d	45.161767	-75.467922							2022-09-19T12:27:53	19	9	2022	2523440	5239325	HUMAN_OBSERVATION	iNaturalist	Observations	135781099		Randy	2022-09-20T13:23:51	CC_BY_NC_4_0	Randy	Randy			2025-01-14T13:25:31.215Z	StillImage	COORDINATE_ROUNDED;CONTINENT_DERIVED_FROM_COORDINATES;TAXON_MATCH_TAXON_ID_IGNORED
4535802532	50c9509d-22c7-4a22-a47d-8c48425ef4a7	https://www.inaturalist.org/observations/108478071	Fungi	Basidiomycota	Agaricomycetes	Hymenochaetales	Oxyporaceae	Oxyporus	Oxyporus populinus		SPECIES	Rigidoporus populinus (Schumach.) Pouzar	Rigidoporus populinus		CA		Ontario	PRESENT		28eb1a3f-1c15-4a95-931a-4af90ecb574d	45.071753	-79.117632	229.0						2022-03-12T14:41	12	3	2022	2523440	5239325	HUMAN_OBSERVATION	iNaturalist	Observations	108478071		Peter Jessen	2022-03-13T02:32:44	CC_BY_NC_4_0	Peter Jessen	Peter Jessen			2025-01-14T13:18:48.385Z	StillImage	COORDINATE_ROUNDED;CONTINENT_DERIVED_FROM_COORDINATES;TAXON_MATCH_TAXON_ID_IGNORED
4535605596	50c9509d-22c7-4a22-a47d-8c48425ef4a7	https://www.inaturalist.org/observations/129289906	Fungi	Basidiomycota	Agaricomycetes	Hymenochaetales	Oxyporaceae	Oxyporus	Oxyporus populinus		SPECIES	Rigidoporus populinus (Schumach.) Pouzar	Rigidoporus populinus		CA		Ontario	PRESENT		28eb1a3f-1c15-4a95-931a-4af90ecb574d	45.435454	-75.576855	499.0						2022-08-02T09:54:24	2	8	2022	2523440	5239325	HUMAN_OBSERVATION	iNaturalist	Observations	129289906		James	2022-08-03T15:50:14	CC_BY_NC_4_0	James	James			2025-01-14T12:31:52.323Z	StillImage	COORDINATE_ROUNDED;CONTINENT_DERIVED_FROM_COORDINATES;TAXON_MATCH_TAXON_ID_IGNORED
4535588416	50c9509d-22c7-4a22-a47d-8c48425ef4a7	https://www.inaturalist.org/observations/60094147	Fungi	Basidiomycota	Agaricomycetes	Hymenochaetales	Oxyporaceae	Oxyporus	Oxyporus populinus		SPECIES	Rigidoporus populinus (Schumach.) Pouzar	Rigidoporus populinus		CA		Ontario	PRESENT		28eb1a3f-1c15-4a95-931a-4af90ecb574d	46.262553	-79.300333	77.0						2020-09-19T10:24:36	19	9	2020	2523440	5239325	HUMAN_OBSERVATION	iNaturalist	Observations	60094147		Lucas Beaver	2020-11-11T00:18:20	CC_BY_NC_4_0	Lucas Beaver	Lucas Beaver			2025-01-14T13:10:05.819Z	StillImage	COORDINATE_ROUNDED;CONTINENT_DERIVED_FROM_COORDINATES;TAXON_MATCH_TAXON_ID_IGNORED
4535577904	50c9509d-22c7-4a22-a47d-8c48425ef4a7	https://www.inaturalist.org/observations/180028904	Fungi	Basidiomycota	Agaricomycetes	Hymenochaetales	Oxyporaceae	Oxyporus	Oxyporus populinus		SPECIES	Rigidoporus populinus (Schumach.) Pouzar	Rigidoporus populinus		CA		Ontario	PRESENT		28eb1a3f-1c15-4a95-931a-4af90ecb574d	45.556933	-78.6896	75.0						2023-08-24T14:07:36	24	8	2023	2523440	5239325	HUMAN_OBSERVATION	iNaturalist	Observations	180028904		shawn is he	2023-08-24T20:56:39	CC_BY_NC_4_0	shawn is he	shawn is he			2025-01-14T12:42:06.371Z	StillImage	COORDINATE_ROUNDED;CONTINENT_DERIVED_FROM_COORDINATES;TAXON_MATCH_TAXON_ID_IGNORED
4528211146	50c9509d-22c7-4a22-a47d-8c48425ef4a7	https://www.inaturalist.org/observations/192765219	Fungi	Basidiomycota	Agaricomycetes	Hymenochaetales	Oxyporaceae	Oxyporus	Oxyporus populinus		SPECIES	Rigidoporus populinus (Schumach.) Pouzar	Rigidoporus populinus		CA		Québec	PRESENT		28eb1a3f-1c15-4a95-931a-4af90ecb574d	45.20418	-74.329247	5.0						2023-11-16T13:41:19	16	11	2023	2523440	5239325	HUMAN_OBSERVATION	iNaturalist	Observations	192765219		danyelkay	2023-12-01T23:30:21	CC_BY_NC_4_0	danyelkay	danyelkay			2025-01-14T12:43:18.551Z	StillImage	COORDINATE_ROUNDED;CONTINENT_DERIVED_FROM_COORDINATES;TAXON_MATCH_TAXON_ID_IGNORED
4524956991	50c9509d-22c7-4a22-a47d-8c48425ef4a7	https://www.inaturalist.org/observations/138052643	Fungi	Basidiomycota	Agaricomycetes	Hymenochaetales	Oxyporaceae	Oxyporus	Oxyporus populinus		SPECIES	Rigidoporus populinus (Schumach.) Pouzar	Rigidoporus populinus		CA		Ontario	PRESENT		28eb1a3f-1c15-4a95-931a-4af90ecb574d	46.253075	-78.91797	3.0						2022-10-08T16:03:07	8	10	2022	2523440	5239325	HUMAN_OBSERVATION	iNaturalist	Observations	138052643		Katrina Wynne	2022-10-09T00:00:26	CC_BY_NC_4_0	Katrina Wynne	Katrina Wynne			2025-01-14T13:31:56.686Z	StillImage	CONTINENT_DERIVED_FROM_COORDINATES;TAXON_MATCH_TAXON_ID_IGNORED
4524941026	50c9509d-22c7-4a22-a47d-8c48425ef4a7	https://www.inaturalist.org/observations/137307710	Fungi	Basidiomycota	Agaricomycetes	Hymenochaetales	Oxyporaceae	Oxyporus	Oxyporus populinus		SPECIES	Rigidoporus populinus (Schumach.) Pouzar	Rigidoporus populinus		CA		Ontario	PRESENT		28eb1a3f-1c15-4a95-931a-4af90ecb574d	45.098642	-74.608262	10.0						2022-10-01T13:23:23	1	10	2022	2523440	5239325	HUMAN_OBSERVATION	iNaturalist	Observations	137307710		Lynn Ovenden	2022-10-02T17:53:55	CC_BY_NC_4_0	Lynn Ovenden	Lynn Ovenden			2025-01-14T13:25:21.366Z	StillImage	COORDINATE_ROUNDED;CONTINENT_DERIVED_FROM_COORDINATES;TAXON_MATCH_TAXON_ID_IGNORED
4524938483	50c9509d-22c7-4a22-a47d-8c48425ef4a7	https://www.inaturalist.org/observations/56339874	Fungi	Basidiomycota	Agaricomycetes	Hymenochaetales	Oxyporaceae	Oxyporus	Oxyporus populinus		SPECIES	Rigidoporus populinus (Schumach.) Pouzar	Rigidoporus populinus		CA		Ontario	PRESENT		28eb1a3f-1c15-4a95-931a-4af90ecb574d	45.017651	-78.952137	615.0						2020-08-08T16:17	8	8	2020	2523440	5239325	HUMAN_OBSERVATION	iNaturalist	Observations	56339874		Paula DeSanto	2020-11-11T00:17:44	CC_BY_NC_4_0	Melinda Thompson	Melinda Thompson			2025-01-14T13:09:48.181Z	StillImage	COORDINATE_ROUNDED;CONTINENT_DERIVED_FROM_COORDINATES;TAXON_MATCH_TAXON_ID_IGNORED
4522742059	50c9509d-22c7-4a22-a47d-8c48425ef4a7	https://www.inaturalist.org/observations/199054362	Fungi	Basidiomycota	Agaricomycetes	Hymenochaetales	Oxyporaceae	Oxyporus	Oxyporus populinus		SPECIES	Rigidoporus populinus (Schumach.) Pouzar	Rigidoporus populinus		CA		Ontario	PRESENT		28eb1a3f-1c15-4a95-931a-4af90ecb574d	45.467302	-75.510804	36.0						2024-02-11T14:31	11	2	2024	2523440	5239325	HUMAN_OBSERVATION	iNaturalist	Observations	199054362		jonathan_mack	2024-02-12T00:09:06	CC_BY_NC_4_0	jonathan_mack	jonathan_mack			2025-01-14T13:30:06.946Z	StillImage	COORDINATE_ROUNDED;CONTINENT_DERIVED_FROM_COORDINATES;TAXON_MATCH_TAXON_ID_IGNORED
4516706589	50c9509d-22c7-4a22-a47d-8c48425ef4a7	https://www.inaturalist.org/observations/184538818	Fungi	Basidiomycota	Agaricomycetes	Hymenochaetales	Oxyporaceae	Oxyporus	Oxyporus populinus		SPECIES	Rigidoporus populinus (Schumach.) Pouzar	Rigidoporus populinus		CA		Québec	PRESENT		28eb1a3f-1c15-4a95-931a-4af90ecb574d	45.817256	-72.889721	244.0						2023-09-22T15:09	22	9	2023	2523440	5239325	HUMAN_OBSERVATION	iNaturalist	Observations	184538818		simmar01	2023-09-23T15:13:13	CC_BY_NC_4_0	simmar01	simmar01			2025-01-14T12:42:14.777Z	StillImage	COORDINATE_ROUNDED;CONTINENT_DERIVED_FROM_COORDINATES;TAXON_MATCH_TAXON_ID_IGNORED
4516229076	50c9509d-22c7-4a22-a47d-8c48425ef4a7	https://www.inaturalist.org/observations/197405813	Fungi	Basidiomycota	Agaricomycetes	Hymenochaetales	Oxyporaceae	Oxyporus	Oxyporus populinus		SPECIES	Rigidoporus populinus (Schumach.) Pouzar	Rigidoporus populinus		CA		Ontario	PRESENT		28eb1a3f-1c15-4a95-931a-4af90ecb574d	45.261101	-75.71257	7.0						2024-01-23T14:58:05	23	1	2024	2523440	5239325	HUMAN_OBSERVATION	iNaturalist	Observations	197405813		icypenguins	2024-01-23T20:37:20	CC_BY_NC_4_0	icypenguins	icypenguins			2025-01-14T12:44:27.204Z	StillImage	COORDINATE_ROUNDED;CONTINENT_DERIVED_FROM_COORDINATES;TAXON_MATCH_TAXON_ID_IGNORED
4512328917	50c9509d-22c7-4a22-a47d-8c48425ef4a7	https://www.inaturalist.org/observations/196478277	Fungi	Basidiomycota	Agaricomycetes	Hymenochaetales	Oxyporaceae	Oxyporus	Oxyporus populinus		SPECIES	Rigidoporus populinus (Schumach.) Pouzar	Rigidoporus populinus		CA		Ontario	PRESENT		28eb1a3f-1c15-4a95-931a-4af90ecb574d	45.058278	-76.111297	23.0						2024-01-01T11:33	1	1	2024	2523440	5239325	HUMAN_OBSERVATION	iNaturalist	Observations	196478277		Jan Thornhill	2024-01-13T14:08:01	CC_BY_NC_4_0	Windstone Farm	Windstone Farm			2025-01-14T12:42:39.539Z	StillImage	COORDINATE_ROUNDED;CONTINENT_DERIVED_FROM_COORDINATES;TAXON_MATCH_TAXON_ID_IGNORED
4512157694	50c9509d-22c7-4a22-a47d-8c48425ef4a7	https://www.inaturalist.org/observations/196202453	Fungi	Basidiomycota	Agaricomycetes	Hymenochaetales	Oxyporaceae	Oxyporus	Oxyporus populinus		SPECIES	Rigidoporus populinus (Schumach.) Pouzar	Rigidoporus populinus		CA		New Brunswick	PRESENT		28eb1a3f-1c15-4a95-931a-4af90ecb574d	46.002281	-66.881891	456.0						2024-01-09T09:38:26	9	1	2024	2523440	5239325	HUMAN_OBSERVATION	iNaturalist	Observations	196202453		Jan Thornhill	2024-01-14T13:47:01	CC_BY_NC_4_0	laucam	laucam			2025-01-14T12:43:51.056Z	StillImage	COORDINATE_ROUNDED;CONTINENT_DERIVED_FROM_COORDINATES;TAXON_MATCH_TAXON_ID_IGNORED
4507650462	50c9509d-22c7-4a22-a47d-8c48425ef4a7	https://www.inaturalist.org/observations/194940288	Fungi	Basidiomycota	Agaricomycetes	Hymenochaetales	Oxyporaceae	Oxyporus	Oxyporus populinus		SPECIES	Rigidoporus populinus (Schumach.) Pouzar	Rigidoporus populinus		CA		Ontario	PRESENT		28eb1a3f-1c15-4a95-931a-4af90ecb574d	45.324175	-75.810781	191.0						2023-12-26T14:10	26	12	2023	2523440	5239325	HUMAN_OBSERVATION	iNaturalist	Observations	194940288		L Joan Heyding	2023-12-27T01:17:48	CC_BY_NC_4_0	L Joan Heyding	L Joan Heyding			2025-01-14T12:42:25.717Z	StillImage	COORDINATE_ROUNDED;CONTINENT_DERIVED_FROM_COORDINATES;TAXON_MATCH_TAXON_ID_IGNORED
4507608020	50c9509d-22c7-4a22-a47d-8c48425ef4a7	https://www.inaturalist.org/observations/175634614	Fungi	Basidiomycota	Agaricomycetes	Hymenochaetales	Oxyporaceae	Oxyporus	Oxyporus populinus		SPECIES	Rigidoporus populinus (Schumach.) Pouzar	Rigidoporus populinus		CA		Québec	PRESENT		28eb1a3f-1c15-4a95-931a-4af90ecb574d	45.490119	-75.623935	416.0						2023-07-29T10:44	29	7	2023	2523440	5239325	HUMAN_OBSERVATION	iNaturalist	Observations	175634614		L Joan Heyding	2023-07-29T23:30:33	CC_BY_NC_4_0	L Joan Heyding	L Joan Heyding			2025-01-14T12:38:17.532Z	StillImage	COORDINATE_ROUNDED;CONTINENT_DERIVED_FROM_COORDINATES;TAXON_MATCH_TAXON_ID_IGNORED
4430987987	50c9509d-22c7-4a22-a47d-8c48425ef4a7	https://www.inaturalist.org/observations/187160237	Fungi	Basidiomycota	Agaricomycetes	Hymenochaetales	Oxyporaceae	Oxyporus	Oxyporus populinus		SPECIES	Rigidoporus populinus (Schumach.) Pouzar	Rigidoporus populinus		CA		Québec	PRESENT		28eb1a3f-1c15-4a95-931a-4af90ecb574d	45.583307	-75.768735	27158.0						2023-10-11T10:10	11	10	2023	2523440	5239325	HUMAN_OBSERVATION	iNaturalist	Observations	187160237		L Joan Heyding	2023-10-11T20:15:16	CC_BY_NC_4_0	L Joan Heyding	L Joan Heyding			2025-01-14T13:32:58.552Z	StillImage	COORDINATE_ROUNDED;CONTINENT_DERIVED_FROM_COORDINATES;TAXON_MATCH_TAXON_ID_IGNORED
4407177290	50c9509d-22c7-4a22-a47d-8c48425ef4a7	https://www.inaturalist.org/observations/181804597	Fungi	Basidiomycota	Agaricomycetes	Hymenochaetales	Oxyporaceae	Oxyporus	Oxyporus populinus		SPECIES	Rigidoporus populinus (Schumach.) Pouzar	Rigidoporus populinus		CA		Ontario	PRESENT		28eb1a3f-1c15-4a95-931a-4af90ecb574d	45.138607	-76.082107							2023-09-04T14:51	4	9	2023	2523440	5239325	HUMAN_OBSERVATION	iNaturalist	Observations	181804597		almonteallisons	2023-09-04T20:58:05	CC_BY_NC_4_0	almonteallisons	almonteallisons			2025-01-14T13:32:38.481Z	StillImage	COORDINATE_ROUNDED;CONTINENT_DERIVED_FROM_COORDINATES;TAXON_MATCH_TAXON_ID_IGNORED
4171688390	50c9509d-22c7-4a22-a47d-8c48425ef4a7	https://www.inaturalist.org/observations/99004091	Fungi	Basidiomycota	Agaricomycetes	Hymenochaetales	Oxyporaceae	Oxyporus	Oxyporus populinus		SPECIES	Rigidoporus populinus (Schumach.) Pouzar	Rigidoporus populinus		CA		Ontario	PRESENT		28eb1a3f-1c15-4a95-931a-4af90ecb574d	45.392977	-75.162116	188.0						2021-10-04T14:46	4	10	2021	2523440	5239325	HUMAN_OBSERVATION	iNaturalist	Observations	99004091		christine123	2021-10-22T18:49:35	CC_BY_4_0	christine123	christine123			2025-01-14T12:23:43.443Z	StillImage	COORDINATE_ROUNDED;CONTINENT_DERIVED_FROM_COORDINATES;TAXON_MATCH_TAXON_ID_IGNORED
4165680552	50c9509d-22c7-4a22-a47d-8c48425ef4a7	https://www.inaturalist.org/observations/174330358	Fungi	Basidiomycota	Agaricomycetes	Hymenochaetales	Oxyporaceae	Oxyporus	Oxyporus populinus		SPECIES	Rigidoporus populinus (Schumach.) Pouzar	Rigidoporus populinus		CA		Québec	PRESENT		28eb1a3f-1c15-4a95-931a-4af90ecb574d	45.42663	-72.617801	554.0						2023-07-22T14:15:25	22	7	2023	2523440	5239325	HUMAN_OBSERVATION	iNaturalist	Observations	174330358		jose44pepe	2023-07-22T19:15:11	CC_BY_NC_4_0	jose44pepe	jose44pepe			2025-01-14T12:36:49.290Z	StillImage	COORDINATE_ROUNDED;CONTINENT_DERIVED_FROM_COORDINATES;TAXON_MATCH_TAXON_ID_IGNORED
4121353298	50c9509d-22c7-4a22-a47d-8c48425ef4a7	https://www.inaturalist.org/observations/163177499	Fungi	Basidiomycota	Agaricomycetes	Hymenochaetales	Oxyporaceae	Oxyporus	Oxyporus populinus		SPECIES	Rigidoporus populinus (Schumach.) Pouzar	Rigidoporus populinus		CA		Ontario	PRESENT		28eb1a3f-1c15-4a95-931a-4af90ecb574d	45.459933	-76.269037	12.0						2023-05-22T08:45:29	22	5	2023	2523440	5239325	HUMAN_OBSERVATION	iNaturalist	Observations	163177499		Igor Khomenko	2023-05-22T19:24:32	CC_BY_NC_4_0	Igor Khomenko	Igor Khomenko			2025-01-14T13:25:57.904Z	StillImage	COORDINATE_ROUNDED;CONTINENT_DERIVED_FROM_COORDINATES;TAXON_MATCH_TAXON_ID_IGNORED
4116141541	50c9509d-22c7-4a22-a47d-8c48425ef4a7	https://www.inaturalist.org/observations/141745889	Fungi	Basidiomycota	Agaricomycetes	Hymenochaetales	Oxyporaceae	Oxyporus	Oxyporus populinus		SPECIES	Rigidoporus populinus (Schumach.) Pouzar	Rigidoporus populinus		CA		Prince Edward Island	PRESENT		28eb1a3f-1c15-4a95-931a-4af90ecb574d	46.712677	-64.224304	20.0						2022-11-11T11:35	11	11	2022	2523440	5239325	HUMAN_OBSERVATION	iNaturalist	Observations	141745889		Rosemary Curley	2022-11-12T02:03:28	CC_BY_NC_4_0	Rosemary Curley	Rosemary Curley			2025-01-14T12:32:50.310Z	StillImage	COORDINATE_ROUNDED;CONTINENT_DERIVED_FROM_COORDINATES;TAXON_MATCH_TAXON_ID_IGNORED
4100041409	d1a3b128-b406-46bb-a6d1-f3591dcc8a7b	340c6602-19e2-4fd1-9fa4-6b6af2fb891e	Fungi	Basidiomycota	Agaricomycetes	Hymenochaetales	Oxyporaceae	Oxyporus	Oxyporus populinus		SPECIES	Fomes connatus (Weinm.) Gillet	Fomes connatus	(Weinm.) Gillet	CA	Meductie	New Brunswick	PRESENT		e43cf4b8-849e-4fac-b075-e652d019d2cf	45.992612	-67.480731	2597.0						1946-09-29	29	9	1946	2523431	5239325	PRESERVED_SPECIMEN	BPI		BPI 229170		Hansbrough J. R.		CC0_1_0		Hansbrough J. R.			2025-01-15T04:59:23.841Z		CONTINENT_DERIVED_FROM_COORDINATES;TAXON_MATCH_TAXON_ID_IGNORED;INSTITUTION_MATCH_FUZZY
4100041392	d1a3b128-b406-46bb-a6d1-f3591dcc8a7b	5b9813e6-dc65-4d96-b4b3-d35d7c46a0b9	Fungi	Basidiomycota	Agaricomycetes	Hymenochaetales	Oxyporaceae	Oxyporus	Oxyporus populinus		SPECIES	Fomes connatus (Weinm.) Gillet	Fomes connatus	(Weinm.) Gillet	CA	Chalk River	Ontario	PRESENT		e43cf4b8-849e-4fac-b075-e652d019d2cf	46.016667	-77.45	3036.0						1948-09-10	10	9	1948	2523431	5239325	PRESERVED_SPECIMEN	BPI		BPI 229043				CC0_1_0		Berbee John			2025-01-15T04:59:24.128Z		GEODETIC_DATUM_ASSUMED_WGS84;CONTINENT_DERIVED_FROM_COORDINATES;TAXON_MATCH_TAXON_ID_IGNORED;INSTITUTION_MATCH_FUZZY
4099888389	d1a3b128-b406-46bb-a6d1-f3591dcc8a7b	f1392a16-6086-43be-acd0-86e247c7c838	Fungi	Basidiomycota	Agaricomycetes	Hymenochaetales	Oxyporaceae	Oxyporus	Oxyporus populinus		SPECIES	Fomes connatus (Weinm.) Gillet	Fomes connatus	(Weinm.) Gillet	CA	Chalk River	Ontario	PRESENT		e43cf4b8-849e-4fac-b075-e652d019d2cf	46.016667	-77.45	3036.0						1949-08-23	23	8	1949	2523431	5239325	PRESERVED_SPECIMEN	BPI		BPI 229034				CC0_1_0		Dance B. W.			2025-01-15T04:59:24.127Z		GEODETIC_DATUM_ASSUMED_WGS84;CONTINENT_DERIVED_FROM_COORDINATES;TAXON_MATCH_TAXON_ID_IGNORED;INSTITUTION_MATCH_FUZZY
4099417385	d1a3b128-b406-46bb-a6d1-f3591dcc8a7b	8000afbb-0fbd-4906-8425-eddf22386078	Fungi	Basidiomycota	Agaricomycetes	Hymenochaetales	Oxyporaceae	Oxyporus	Oxyporus populinus		SPECIES	Fomes connatus (Weinm.) Gillet	Fomes connatus	(Weinm.) Gillet	CA	Iberville	Quebec	PRESENT		e43cf4b8-849e-4fac-b075-e652d019d2cf	45.25	-73.166667	301.0						1951-10-01	1	10	1951	2523431	5239325	PRESERVED_SPECIMEN	BPI		BPI 229074				CC0_1_0		Marie-anselme			2025-01-15T04:59:23.963Z		GEODETIC_DATUM_ASSUMED_WGS84;CONTINENT_DERIVED_FROM_COORDINATES;TAXON_MATCH_TAXON_ID_IGNORED;INSTITUTION_MATCH_FUZZY
4099416397	d1a3b128-b406-46bb-a6d1-f3591dcc8a7b	21fa1354-df23-4c70-b8de-be44e0b85bb4	Fungi	Basidiomycota	Agaricomycetes	Hymenochaetales	Oxyporaceae	Oxyporus	Oxyporus populinus		SPECIES	Fomes connatus (Weinm.) Gillet	Fomes connatus	(Weinm.) Gillet	CA	Chalk River	Ontario	PRESENT		e43cf4b8-849e-4fac-b075-e652d019d2cf	46.016667	-77.45	3036.0						1948-09-10	10	9	1948	2523431	5239325	PRESERVED_SPECIMEN	BPI		BPI 229162				CC0_1_0		Berbee John			2025-01-15T04:59:23.937Z		GEODETIC_DATUM_ASSUMED_WGS84;CONTINENT_DERIVED_FROM_COORDINATES;TAXON_MATCH_TAXON_ID_IGNORED;INSTITUTION_MATCH_FUZZY
4099411409	d1a3b128-b406-46bb-a6d1-f3591dcc8a7b	0ae995b4-75a4-4c0f-8e75-f2a7c1f2ae18	Fungi	Basidiomycota	Agaricomycetes	Hymenochaetales	Oxyporaceae	Oxyporus	Oxyporus populinus		SPECIES	Fomes connatus (Weinm.) Gillet	Fomes connatus	(Weinm.) Gillet	CA	O'dell Forest, Fredericton	New Brunswick	PRESENT		e43cf4b8-849e-4fac-b075-e652d019d2cf	45.952771	-66.670384	1093.0						1946-09-26	26	9	1946	2523431	5239325	PRESERVED_SPECIMEN	BPI		BPI 229160		Hansbrough J. R.		CC0_1_0		Hansbrough J. R.			2025-01-15T04:59:23.924Z		CONTINENT_DERIVED_FROM_COORDINATES;TAXON_MATCH_TAXON_ID_IGNORED;INSTITUTION_MATCH_FUZZY
4099411394	d1a3b128-b406-46bb-a6d1-f3591dcc8a7b	b0fbf0d9-72fc-4d89-9589-920f35a37999	Fungi	Basidiomycota	Agaricomycetes	Hymenochaetales	Oxyporaceae	Oxyporus	Oxyporus populinus		SPECIES	Fomes connatus (Weinm.) Gillet	Fomes connatus	(Weinm.) Gillet	CA	Paxton	Ontario	PRESENT		e43cf4b8-849e-4fac-b075-e652d019d2cf	45.833056	-79.081944	301.0						1948-08-15	15	8	1948	2523431	5239325	PRESERVED_SPECIMEN	BPI		BPI 229044				CC0_1_0		Basham J.			2025-01-15T04:59:23.891Z		GEODETIC_DATUM_ASSUMED_WGS84;CONTINENT_DERIVED_FROM_COORDINATES;TAXON_MATCH_TAXON_ID_IGNORED;INSTITUTION_MATCH_FUZZY
4096933403	50c9509d-22c7-4a22-a47d-8c48425ef4a7	https://www.inaturalist.org/observations/156160492	Fungi	Basidiomycota	Agaricomycetes	Hymenochaetales	Oxyporaceae	Oxyporus	Oxyporus populinus		SPECIES	Rigidoporus populinus (Schumach.) Pouzar	Rigidoporus populinus		CA		New Brunswick	PRESENT		28eb1a3f-1c15-4a95-931a-4af90ecb574d	45.947925	-64.369003							2023-04-22T18:33:58	22	4	2023	2523440	5239325	HUMAN_OBSERVATION	iNaturalist	Observations	156160492		Devin R. de Zwaan	2023-04-23T01:25:30	CC_BY_NC_4_0	Devin R. de Zwaan	Devin R. de Zwaan			2025-01-14T13:28:55.345Z	StillImage	COORDINATE_ROUNDED;CONTINENT_DERIVED_FROM_COORDINATES;TAXON_MATCH_TAXON_ID_IGNORED
4091398721	50c9509d-22c7-4a22-a47d-8c48425ef4a7	https://www.inaturalist.org/observations/154554924	Fungi	Basidiomycota	Agaricomycetes	Hymenochaetales	Oxyporaceae	Oxyporus	Oxyporus populinus		SPECIES	Rigidoporus populinus (Schumach.) Pouzar	Rigidoporus populinus		CA		Ontario	PRESENT		28eb1a3f-1c15-4a95-931a-4af90ecb574d	45.409011	-75.547367	183.0						2023-04-10T15:09	10	4	2023	2523440	5239325	HUMAN_OBSERVATION	iNaturalist	Observations	154554924		L Joan Heyding	2023-04-12T12:32:23	CC_BY_NC_4_0	L Joan Heyding	L Joan Heyding			2025-01-14T13:28:38.700Z	StillImage	COORDINATE_ROUNDED;CONTINENT_DERIVED_FROM_COORDINATES;TAXON_MATCH_TAXON_ID_IGNORED
4054914569	50c9509d-22c7-4a22-a47d-8c48425ef4a7	https://www.inaturalist.org/observations/149377601	Fungi	Basidiomycota	Agaricomycetes	Hymenochaetales	Oxyporaceae	Oxyporus	Oxyporus populinus		SPECIES	Rigidoporus populinus (Schumach.) Pouzar	Rigidoporus populinus		CA		Québec	PRESENT		28eb1a3f-1c15-4a95-931a-4af90ecb574d	45.45969	-73.839653							2022-09-09T13:18	9	9	2022	2523440	5239325	HUMAN_OBSERVATION	iNaturalist	Observations	149377601		mmacnair13	2023-02-22T03:31:39	CC_BY_NC_4_0	mmacnair13	mmacnair13			2025-01-14T13:27:51.631Z	StillImage	COORDINATE_ROUNDED;CONTINENT_DERIVED_FROM_COORDINATES;TAXON_MATCH_TAXON_ID_IGNORED
4018568683	50c9509d-22c7-4a22-a47d-8c48425ef4a7	https://www.inaturalist.org/observations/137804716	Fungi	Basidiomycota	Agaricomycetes	Hymenochaetales	Oxyporaceae	Oxyporus	Oxyporus populinus		SPECIES	Rigidoporus populinus (Schumach.) Pouzar	Rigidoporus populinus		CA		Ontario	PRESENT		28eb1a3f-1c15-4a95-931a-4af90ecb574d	45.837159	-78.379124	45593.0						2022-09-20T13:42	20	9	2022	2523440	5239325	HUMAN_OBSERVATION	iNaturalist	Observations	137804716		mycowalt	2022-10-06T22:49:17	CC_BY_NC_4_0	mycowalt	mycowalt			2025-01-14T13:26:07.678Z	StillImage	COORDINATE_ROUNDED;CONTINENT_DERIVED_FROM_COORDINATES;TAXON_MATCH_TAXON_ID_IGNORED
3985710386	50c9509d-22c7-4a22-a47d-8c48425ef4a7	https://www.inaturalist.org/observations/62084802	Fungi	Basidiomycota	Agaricomycetes	Hymenochaetales	Oxyporaceae	Oxyporus	Oxyporus populinus		SPECIES	Rigidoporus populinus (Schumach.) Pouzar	Rigidoporus populinus		CA		Québec	PRESENT		28eb1a3f-1c15-4a95-931a-4af90ecb574d	45.483489	-75.849908							2020-10-08T16:50:40	8	10	2020	2523440	5239325	HUMAN_OBSERVATION	iNaturalist	Observations	62084802		Ben	2022-11-22T17:03:21	CC_BY_NC_4_0	Joseph Petch	Joseph Petch			2025-01-14T12:15:24.124Z	StillImage	COORDINATE_ROUNDED;CONTINENT_DERIVED_FROM_COORDINATES;TAXON_MATCH_TAXON_ID_IGNORED
3965614356	0ec61c42-6eda-441e-b327-7ec241c8ec95	1c19ca4f-9485-4d90-a6c5-cdb02b0bced3	Fungi	Basidiomycota	Agaricomycetes	Hymenochaetales	Oxyporaceae	Oxyporus	Oxyporus populinus		SPECIES	Oxyporus populinus (Schumach.) Donk	Oxyporus populinus	(Schumach.) Donk	CA	Parkway and Trail Ridge Road, Gatineau Park	Quebec	PRESENT		00ff478a-9da6-4c8d-b60d-43ee8c88cd1f	46.5	-76.0							1959-09-01	1	9	1959	5239325	5239325	PRESERVED_SPECIMEN	WSP	WSP	WSP48974				CC_BY_4_0		W.B. Cooke; V.G. Cooke			2025-01-15T08:28:23.907Z		GEODETIC_DATUM_ASSUMED_WGS84;CONTINENT_DERIVED_FROM_COORDINATES;TAXON_MATCH_TAXON_ID_IGNORED;AMBIGUOUS_COLLECTION;INSTITUTION_MATCH_FUZZY
3911436995	55585622-7aeb-4921-a07c-5ddc97de9c5b	MGYA00578645_Eukaryota:Fungi:Basidiomycota:Agaricomycetes:Hymenochaetales:Schizoporaceae:Oxyporus:Oxyporus_populinus	Fungi	Basidiomycota	Agaricomycetes	Hymenochaetales	Oxyporaceae	Oxyporus	Oxyporus populinus		SPECIES	Oxyporus populinus (Schumach.) Donk	Oxyporus populinus		CA	Varennes		PRESENT		ab733144-7043-4e88-bd4f-fca7bf858880	45.72	-73.37					0.15	0.0					5239325	5239325	MATERIAL_SAMPLE							CC_BY_4_0					2025-01-15T11:18:45.952Z		GEODETIC_DATUM_ASSUMED_WGS84;CONTINENT_DERIVED_FROM_COORDINATES
3760311734	50c9509d-22c7-4a22-a47d-8c48425ef4a7	https://www.inaturalist.org/observations/110242999	Fungi	Basidiomycota	Agaricomycetes	Hymenochaetales	Oxyporaceae	Oxyporus	Oxyporus populinus		SPECIES	Rigidoporus populinus (Schumach.) Pouzar	Rigidoporus populinus		CA		Québec	PRESENT		28eb1a3f-1c15-4a95-931a-4af90ecb574d	45.490049	-75.626393	66.0						2022-04-02T10:33	2	4	2022	2523440	5239325	HUMAN_OBSERVATION	iNaturalist	Observations	110242999		jonathan_mack	2022-04-03T01:42:14	CC_BY_NC_4_0	jonathan_mack	jonathan_mack			2025-01-14T12:26:13.980Z	StillImage	COORDINATE_ROUNDED;CONTINENT_DERIVED_FROM_COORDINATES;TAXON_MATCH_TAXON_ID_IGNORED
3456566377	50c9509d-22c7-4a22-a47d-8c48425ef4a7	https://www.inaturalist.org/observations/104127645	Fungi	Basidiomycota	Agaricomycetes	Hymenochaetales	Oxyporaceae	Oxyporus	Oxyporus populinus		SPECIES	Rigidoporus populinus (Schumach.) Pouzar	Rigidoporus populinus		CA		Québec	PRESENT		28eb1a3f-1c15-4a95-931a-4af90ecb574d	45.916959	-72.01107	10.0						2022-01-01T13:00:49	1	1	2022	2523440	5239325	HUMAN_OBSERVATION	iNaturalist	Observations	104127645		willoughbyarevalo	2022-01-01T20:53:30	CC_BY_NC_4_0	willoughbyarevalo	willoughbyarevalo			2025-01-14T13:17:56.798Z	StillImage	COORDINATE_ROUNDED;CONTINENT_DERIVED_FROM_COORDINATES;TAXON_MATCH_TAXON_ID_IGNORED
3399364490	50c9509d-22c7-4a22-a47d-8c48425ef4a7	https://www.inaturalist.org/observations/98693105	Fungi	Basidiomycota	Agaricomycetes	Hymenochaetales	Oxyporaceae	Oxyporus	Oxyporus populinus		SPECIES	Rigidoporus populinus (Schumach.) Pouzar	Rigidoporus populinus		CA		Québec	PRESENT		28eb1a3f-1c15-4a95-931a-4af90ecb574d	45.5125	-73.588229	31.0						2021-10-05T11:38Z	5	10	2021	2523440	5239325	HUMAN_OBSERVATION	iNaturalist	Observations	98693105		laoufi	2021-10-19T11:57:28	CC_BY_NC_4_0	laoufi	laoufi			2025-01-14T13:15:30.921Z	StillImage	COORDINATE_ROUNDED;CONTINENT_DERIVED_FROM_COORDINATES;TAXON_MATCH_TAXON_ID_IGNORED
3399157065	50c9509d-22c7-4a22-a47d-8c48425ef4a7	https://www.inaturalist.org/observations/98312925	Fungi	Basidiomycota	Agaricomycetes	Hymenochaetales	Oxyporaceae	Oxyporus	Oxyporus populinus		SPECIES	Rigidoporus populinus (Schumach.) Pouzar	Rigidoporus populinus		CA		Québec	PRESENT		28eb1a3f-1c15-4a95-931a-4af90ecb574d	45.511303	-73.584672	4.0						2021-10-06T15:14:51	6	10	2021	2523440	5239325	HUMAN_OBSERVATION	iNaturalist	Observations	98312925		alliefolger	2021-10-15T20:39:09	CC_BY_NC_4_0	alliefolger	alliefolger			2025-01-14T12:23:22.957Z	StillImage	COORDINATE_ROUNDED;CONTINENT_DERIVED_FROM_COORDINATES;TAXON_MATCH_TAXON_ID_IGNORED
3398662923	50c9509d-22c7-4a22-a47d-8c48425ef4a7	https://www.inaturalist.org/observations/97475423	Fungi	Basidiomycota	Agaricomycetes	Hymenochaetales	Oxyporaceae	Oxyporus	Oxyporus populinus		SPECIES	Rigidoporus populinus (Schumach.) Pouzar	Rigidoporus populinus		CA		Québec	PRESENT		28eb1a3f-1c15-4a95-931a-4af90ecb574d	45.501981	-73.567256	23825.0						2021-10-06T15:23:45	6	10	2021	2523440	5239325	HUMAN_OBSERVATION	iNaturalist	Observations	97475423		ldenney	2021-10-07T19:32:54	CC_BY_NC_4_0	ldenney	ldenney			2025-01-14T13:15:24.162Z	StillImage	COORDINATE_ROUNDED;CONTINENT_DERIVED_FROM_COORDINATES;TAXON_MATCH_TAXON_ID_IGNORED
3391428573	50c9509d-22c7-4a22-a47d-8c48425ef4a7	https://www.inaturalist.org/observations/97474854	Fungi	Basidiomycota	Agaricomycetes	Hymenochaetales	Oxyporaceae	Oxyporus	Oxyporus populinus		SPECIES	Rigidoporus populinus (Schumach.) Pouzar	Rigidoporus populinus		CA		Québec	PRESENT		28eb1a3f-1c15-4a95-931a-4af90ecb574d	45.51755	-73.576734	1100.0						2021-10-07T15:27:40	7	10	2021	2523440	5239325	HUMAN_OBSERVATION	iNaturalist	Observations	97474854		maja_splawinski	2021-10-07T19:29:05	CC_BY_NC_4_0	maja_splawinski	maja_splawinski			2025-01-14T12:21:45.572Z	StillImage	COORDINATE_ROUNDED;CONTINENT_DERIVED_FROM_COORDINATES;TAXON_MATCH_TAXON_ID_IGNORED
3391342113	50c9509d-22c7-4a22-a47d-8c48425ef4a7	https://www.inaturalist.org/observations/98011475	Fungi	Basidiomycota	Agaricomycetes	Hymenochaetales	Oxyporaceae	Oxyporus	Oxyporus populinus		SPECIES	Rigidoporus populinus (Schumach.) Pouzar	Rigidoporus populinus		CA		Québec	PRESENT		28eb1a3f-1c15-4a95-931a-4af90ecb574d	45.511129	-73.586725	395.0						2021-10-06T17:17:39	6	10	2021	2523440	5239325	HUMAN_OBSERVATION	iNaturalist	Observations	98011475		annelieskochschulte	2021-10-12T15:39:21	CC_BY_NC_4_0	annelieskochschulte	annelieskochschulte			2025-01-14T12:21:51.773Z	StillImage	COORDINATE_ROUNDED;CONTINENT_DERIVED_FROM_COORDINATES;TAXON_MATCH_TAXON_ID_IGNORED
3391331623	50c9509d-22c7-4a22-a47d-8c48425ef4a7	https://www.inaturalist.org/observations/97475883	Fungi	Basidiomycota	Agaricomycetes	Hymenochaetales	Oxyporaceae	Oxyporus	Oxyporus populinus		SPECIES	Rigidoporus populinus (Schumach.) Pouzar	Rigidoporus populinus		CA		Québec	PRESENT		28eb1a3f-1c15-4a95-931a-4af90ecb574d	45.51152	-73.583628	30.0						2021-10-07T15:37	7	10	2021	2523440	5239325	HUMAN_OBSERVATION	iNaturalist	Observations	97475883				CC_BY_NC_4_0	jonathan_meyer	jonathan_meyer			2025-01-14T12:22:37.793Z	StillImage	COORDINATE_ROUNDED;CONTINENT_DERIVED_FROM_COORDINATES;TAXON_MATCH_TAXON_ID_IGNORED
3384875629	50c9509d-22c7-4a22-a47d-8c48425ef4a7	https://www.inaturalist.org/observations/97474439	Fungi	Basidiomycota	Agaricomycetes	Hymenochaetales	Oxyporaceae	Oxyporus	Oxyporus populinus		SPECIES	Rigidoporus populinus (Schumach.) Pouzar	Rigidoporus populinus		CA		Québec	PRESENT		28eb1a3f-1c15-4a95-931a-4af90ecb574d	45.511201	-73.583945	13.0						2021-10-07T15:13:21	7	10	2021	2523440	5239325	HUMAN_OBSERVATION	iNaturalist	Observations	97474439		chiararyals	2021-10-07T19:24:23	CC_BY_NC_4_0	chiararyals	chiararyals			2025-01-14T13:10:44.926Z	StillImage	COORDINATE_ROUNDED;CONTINENT_DERIVED_FROM_COORDINATES;TAXON_MATCH_TAXON_ID_IGNORED
3384557583	50c9509d-22c7-4a22-a47d-8c48425ef4a7	https://www.inaturalist.org/observations/97376835	Fungi	Basidiomycota	Agaricomycetes	Hymenochaetales	Oxyporaceae	Oxyporus	Oxyporus populinus		SPECIES	Rigidoporus populinus (Schumach.) Pouzar	Rigidoporus populinus		CA		Québec	PRESENT		28eb1a3f-1c15-4a95-931a-4af90ecb574d	45.51125	-73.583734	23.0						2021-10-06T15:38:26	6	10	2021	2523440	5239325	HUMAN_OBSERVATION	iNaturalist	Observations	97376835		janetzeng	2021-10-07T02:46:26	CC_BY_NC_4_0	milaboucher	milaboucher			2025-01-14T12:23:13.904Z	StillImage	COORDINATE_ROUNDED;CONTINENT_DERIVED_FROM_COORDINATES;TAXON_MATCH_TAXON_ID_IGNORED
3384152366	50c9509d-22c7-4a22-a47d-8c48425ef4a7	https://www.inaturalist.org/observations/97275444	Fungi	Basidiomycota	Agaricomycetes	Hymenochaetales	Oxyporaceae	Oxyporus	Oxyporus populinus		SPECIES	Rigidoporus populinus (Schumach.) Pouzar	Rigidoporus populinus		CA		Québec	PRESENT		28eb1a3f-1c15-4a95-931a-4af90ecb574d	45.511475	-73.584638	85.0						2021-10-05T15:34:43	5	10	2021	2523440	5239325	HUMAN_OBSERVATION	iNaturalist	Observations	97275444		victoriasavenok	2021-10-05T19:44:50	CC_BY_NC_4_0	victoriasavenok	victoriasavenok			2025-01-14T13:12:06.773Z	StillImage	COORDINATE_ROUNDED;CONTINENT_DERIVED_FROM_COORDINATES;TAXON_MATCH_TAXON_ID_IGNORED
3383886560	50c9509d-22c7-4a22-a47d-8c48425ef4a7	https://www.inaturalist.org/observations/64194372	Fungi	Basidiomycota	Agaricomycetes	Hymenochaetales	Oxyporaceae	Oxyporus	Oxyporus populinus		SPECIES	Rigidoporus populinus (Schumach.) Pouzar	Rigidoporus populinus		CA		Ontario	PRESENT		28eb1a3f-1c15-4a95-931a-4af90ecb574d	45.490328	-75.531342							2020-10-11T15:15:53	11	10	2020	2523440	5239325	HUMAN_OBSERVATION	iNaturalist	Observations	64194372		cinna_latifolia	2021-09-17T17:08:46	CC_BY_NC_4_0	Lindsay Boudreau	Lindsay Boudreau			2025-01-14T13:10:32.617Z	StillImage	COORDINATE_ROUNDED;CONTINENT_DERIVED_FROM_COORDINATES;TAXON_MATCH_TAXON_ID_IGNORED
3355326722	50c9509d-22c7-4a22-a47d-8c48425ef4a7	https://www.inaturalist.org/observations/93381407	Fungi	Basidiomycota	Agaricomycetes	Hymenochaetales	Oxyporaceae	Oxyporus	Oxyporus populinus		SPECIES	Rigidoporus populinus (Schumach.) Pouzar	Rigidoporus populinus		CA		Ontario	PRESENT		28eb1a3f-1c15-4a95-931a-4af90ecb574d	45.341673	-75.952687	8.0						2021-09-02T13:11:01	2	9	2021	2523440	5239325	HUMAN_OBSERVATION	iNaturalist	Observations	93381407		Igor Khomenko	2021-09-02T20:56:49	CC_BY_NC_4_0	Igor Khomenko	Igor Khomenko			2025-01-14T12:21:23.484Z	StillImage	COORDINATE_ROUNDED;CONTINENT_DERIVED_FROM_COORDINATES;TAXON_MATCH_TAXON_ID_IGNORED
3343985458	50c9509d-22c7-4a22-a47d-8c48425ef4a7	https://www.inaturalist.org/observations/78287924	Fungi	Basidiomycota	Agaricomycetes	Hymenochaetales	Oxyporaceae	Oxyporus	Oxyporus populinus		SPECIES	Rigidoporus populinus (Schumach.) Pouzar	Rigidoporus populinus		CA		Québec	PRESENT		28eb1a3f-1c15-4a95-931a-4af90ecb574d	47.736534	-79.084059	15.0						2021-05-08T14:14	8	5	2021	2523440	5239325	HUMAN_OBSERVATION	iNaturalist	Observations	78287924		Jonathan Jensen-Lynch	2021-07-01T06:12:38	CC_BY_NC_4_0	Pierre Cartier	Pierre Cartier			2025-01-14T12:18:50.160Z	StillImage	COORDINATE_ROUNDED;CONTINENT_DERIVED_FROM_COORDINATES;TAXON_MATCH_TAXON_ID_IGNORED
3107823900	032f1fbe-d21f-407d-be46-5cd1bb1ea397	5579bca1-70b6-46cf-aca2-6ceb551d7ba2	Fungi	Basidiomycota	Agaricomycetes	Hymenochaetales	Oxyporaceae	Oxyporus	Oxyporus populinus		SPECIES	Oxyporus populinus (Schumach.) Donk	Oxyporus populinus	(Schumach.) Donk	CA		Quebec	PRESENT		61c539d8-47e0-4b82-875f-b95aad66dcd4	45.685642	-75.992045	786.0						1973-09-23	23	9	1973	5239325	5239325	PRESERVED_SPECIMEN	TENN-F		TENN-F-075143	L-15310	E. Setliff	2019-07-15T00:00:00	CC0_1_0		JL Lowe			2025-01-12T10:33:46.624Z		CONTINENT_DERIVED_FROM_COORDINATES;TAXON_MATCH_TAXON_ID_IGNORED;INSTITUTION_MATCH_NONE
3039268596	50c9509d-22c7-4a22-a47d-8c48425ef4a7	https://www.inaturalist.org/observations/56970675	Fungi	Basidiomycota	Agaricomycetes	Hymenochaetales	Oxyporaceae	Oxyporus	Oxyporus populinus		SPECIES	Rigidoporus populinus (Schumach.) Pouzar	Rigidoporus populinus		CA		Québec	PRESENT		28eb1a3f-1c15-4a95-931a-4af90ecb574d	45.53692	-75.936028	4.0						2020-08-19T13:14:25	19	8	2020	2523440	5239325	HUMAN_OBSERVATION	iNaturalist	Observations	56970675		cinna_latifolia	2021-02-01T21:23:41	CC_BY_NC_4_0	Clare Kilgour	Clare Kilgour			2025-01-14T12:14:28.354Z	StillImage	COORDINATE_ROUNDED;CONTINENT_DERIVED_FROM_COORDINATES;TAXON_MATCH_TAXON_ID_IGNORED
3031894803	50c9509d-22c7-4a22-a47d-8c48425ef4a7	https://www.inaturalist.org/observations/68040997	Fungi	Basidiomycota	Agaricomycetes	Hymenochaetales	Oxyporaceae	Oxyporus	Oxyporus populinus		SPECIES	Rigidoporus populinus (Schumach.) Pouzar	Rigidoporus populinus		CA		Ontario	PRESENT		28eb1a3f-1c15-4a95-931a-4af90ecb574d	45.488254	-75.533069							2020-12-13T15:24:34	13	12	2020	2523440	5239325	HUMAN_OBSERVATION	iNaturalist	Observations	68040997		Carl-Adam Wegenschimmel	2021-01-14T20:31:27	CC_BY_NC_4_0	Lindsay Boudreau	Lindsay Boudreau			2025-01-14T13:10:20.845Z	StillImage	COORDINATE_ROUNDED;CONTINENT_DERIVED_FROM_COORDINATES;TAXON_MATCH_TAXON_ID_IGNORED
2999089502	50c9509d-22c7-4a22-a47d-8c48425ef4a7	https://www.inaturalist.org/observations/57865246	Fungi	Basidiomycota	Agaricomycetes	Hymenochaetales	Oxyporaceae	Oxyporus	Oxyporus populinus		SPECIES	Rigidoporus populinus (Schumach.) Pouzar	Rigidoporus populinus		CA		Ontario	PRESENT		28eb1a3f-1c15-4a95-931a-4af90ecb574d	46.192042	-77.863936	86.0						2020-08-26T12:29:06	26	8	2020	2523440	5239325	HUMAN_OBSERVATION	iNaturalist	Observations	57865246		Kieran Shepherd	2020-11-11T00:17:57	CC_BY_NC_4_0	Kieran Shepherd	Kieran Shepherd			2025-01-14T13:09:20.916Z	StillImage	COORDINATE_ROUNDED;CONTINENT_DERIVED_FROM_COORDINATES;TAXON_MATCH_TAXON_ID_IGNORED
2988558011	50c9509d-22c7-4a22-a47d-8c48425ef4a7	https://www.inaturalist.org/observations/64873096	Fungi	Basidiomycota	Agaricomycetes	Hymenochaetales	Oxyporaceae	Oxyporus	Oxyporus populinus		SPECIES	Rigidoporus populinus (Schumach.) Pouzar	Rigidoporus populinus		CA		Ontario	PRESENT		28eb1a3f-1c15-4a95-931a-4af90ecb574d	45.400001	-75.174038	840.0						2020-11-13T15:23:25	13	11	2020	2523440	5239325	HUMAN_OBSERVATION	iNaturalist	Observations	64873096		Lynn Ovenden	2020-11-14T18:35:13	CC_BY_NC_4_0	Lynn Ovenden	Lynn Ovenden			2025-01-14T13:13:11.722Z	StillImage	COORDINATE_ROUNDED;CONTINENT_DERIVED_FROM_COORDINATES;TAXON_MATCH_TAXON_ID_IGNORED
2963852770	50c9509d-22c7-4a22-a47d-8c48425ef4a7	https://www.inaturalist.org/observations/63448684	Fungi	Basidiomycota	Agaricomycetes	Hymenochaetales	Oxyporaceae	Oxyporus	Oxyporus populinus		SPECIES	Rigidoporus populinus (Schumach.) Pouzar	Rigidoporus populinus		CA		Ontario	PRESENT		28eb1a3f-1c15-4a95-931a-4af90ecb574d	45.39479	-75.154242	273.0						2020-10-24T16:03:48	24	10	2020	2523440	5239325	HUMAN_OBSERVATION	iNaturalist	Observations	63448684		Lynn Ovenden	2020-11-11T00:19:08	CC_BY_NC_4_0	Lynn Ovenden	Lynn Ovenden			2025-01-14T13:09:57.004Z	StillImage	COORDINATE_ROUNDED;CONTINENT_DERIVED_FROM_COORDINATES;TAXON_MATCH_TAXON_ID_IGNORED
2868234418	50c9509d-22c7-4a22-a47d-8c48425ef4a7	https://www.inaturalist.org/observations/60367411	Fungi	Basidiomycota	Agaricomycetes	Hymenochaetales	Oxyporaceae	Oxyporus	Oxyporus populinus		SPECIES	Rigidoporus populinus (Schumach.) Pouzar	Rigidoporus populinus		CA		Ontario	PRESENT		28eb1a3f-1c15-4a95-931a-4af90ecb574d	46.192153	-77.863967	42.0						2020-08-26T12:29	26	8	2020	2523440	5239325	HUMAN_OBSERVATION	iNaturalist	Observations	60367411		Kieran Shepherd	2020-11-11T00:18:24	CC_BY_NC_4_0	Kieran Shepherd	Kieran Shepherd			2025-01-14T13:10:09.425Z	StillImage	COORDINATE_ROUNDED;CONTINENT_DERIVED_FROM_COORDINATES;TAXON_MATCH_TAXON_ID_IGNORED
2802922998	50c9509d-22c7-4a22-a47d-8c48425ef4a7	https://www.inaturalist.org/observations/49351595	Fungi	Basidiomycota	Agaricomycetes	Hymenochaetales	Oxyporaceae	Oxyporus	Oxyporus populinus		SPECIES	Rigidoporus populinus (Schumach.) Pouzar	Rigidoporus populinus		CA		Ontario	PRESENT		28eb1a3f-1c15-4a95-931a-4af90ecb574d	45.057391	-79.30642	250.0						2020-06-12T12:57	12	6	2020	2523440	5239325	HUMAN_OBSERVATION	iNaturalist	Observations	49351595		stolpmann	2020-11-11T00:17:08	CC_BY_NC_4_0	stolpmann	stolpmann			2025-01-14T13:04:12.864Z	StillImage	COORDINATE_ROUNDED;CONTINENT_DERIVED_FROM_COORDINATES;TAXON_MATCH_TAXON_ID_IGNORED
2802620598	50c9509d-22c7-4a22-a47d-8c48425ef4a7	https://www.inaturalist.org/observations/42536862	Fungi	Basidiomycota	Agaricomycetes	Hymenochaetales	Oxyporaceae	Oxyporus	Oxyporus populinus		SPECIES	Rigidoporus populinus (Schumach.) Pouzar	Rigidoporus populinus		CA		Ontario	PRESENT		28eb1a3f-1c15-4a95-931a-4af90ecb574d	45.467877	-75.510163	57.0						2020-04-18T13:43	18	4	2020	2523440	5239325	HUMAN_OBSERVATION	iNaturalist	Observations	42536862		jonathan_mack	2020-11-11T00:16:29	CC_BY_NC_4_0	jonathan_mack	jonathan_mack			2025-01-14T12:12:24.633Z	StillImage	COORDINATE_ROUNDED;CONTINENT_DERIVED_FROM_COORDINATES;TAXON_MATCH_TAXON_ID_IGNORED
2596258004	50c9509d-22c7-4a22-a47d-8c48425ef4a7	https://www.inaturalist.org/observations/34938434	Fungi	Basidiomycota	Agaricomycetes	Hymenochaetales	Oxyporaceae	Oxyporus	Oxyporus populinus		SPECIES	Rigidoporus populinus (Schumach.) Pouzar	Rigidoporus populinus		CA		Ontario	PRESENT		28eb1a3f-1c15-4a95-931a-4af90ecb574d	45.280362	-76.688965	49.0						2019-10-26T16:17	26	10	2019	2523440	5239325	HUMAN_OBSERVATION	iNaturalist	Observations	34938434		Ben	2020-11-11T00:16:12	CC_BY_NC_4_0	Sandy Garland	Sandy Garland			2025-01-14T12:09:44.127Z	StillImage	COORDINATE_ROUNDED;CONTINENT_DERIVED_FROM_COORDINATES;TAXON_MATCH_TAXON_ID_IGNORED
2429322026	50c9509d-22c7-4a22-a47d-8c48425ef4a7	https://www.inaturalist.org/observations/33670174	Fungi	Basidiomycota	Agaricomycetes	Hymenochaetales	Oxyporaceae	Oxyporus	Oxyporus populinus		SPECIES	Rigidoporus populinus (Schumach.) Pouzar	Rigidoporus populinus		CA		Ontario	PRESENT		28eb1a3f-1c15-4a95-931a-4af90ecb574d	45.33907	-75.926737	6.0						2019-09-30T17:03:20	30	9	2019	2523440	5239325	HUMAN_OBSERVATION	iNaturalist	Observations	33670174		ryleigh66	2020-11-11T00:14:53	CC_BY_NC_4_0	ryleigh66	ryleigh66			2025-01-14T13:04:17.909Z	StillImage	COORDINATE_ROUNDED;CONTINENT_DERIVED_FROM_COORDINATES;TAXON_MATCH_TAXON_ID_IGNORED
2013745359	50c9509d-22c7-4a22-a47d-8c48425ef4a7	https://www.inaturalist.org/observations/21195760	Fungi	Basidiomycota	Agaricomycetes	Hymenochaetales	Oxyporaceae	Oxyporus	Oxyporus populinus		SPECIES	Rigidoporus populinus (Schumach.) Pouzar	Rigidoporus populinus		CA		Ontario	PRESENT		28eb1a3f-1c15-4a95-931a-4af90ecb574d	45.448709	-75.545214	100.0						2018-10-21T12:26:20	21	10	2018	2523440	5239325	HUMAN_OBSERVATION	iNaturalist	Observations	21195760		Oliver K. Reichl	2020-11-11T00:14:09	CC_BY_NC_4_0	Owen Clarkin	Owen Clarkin			2025-01-14T12:07:47.431Z	StillImage	CONTINENT_DERIVED_FROM_COORDINATES;TAXON_MATCH_TAXON_ID_IGNORED
2013689505	50c9509d-22c7-4a22-a47d-8c48425ef4a7	https://www.inaturalist.org/observations/20257246	Fungi	Basidiomycota	Agaricomycetes	Hymenochaetales	Oxyporaceae	Oxyporus	Oxyporus populinus		SPECIES	Rigidoporus populinus (Schumach.) Pouzar	Rigidoporus populinus		CA		Québec	PRESENT		28eb1a3f-1c15-4a95-931a-4af90ecb574d	45.492051	-75.625101	122.0						2009-08-30T11:55	30	8	2009	2523440	5239325	HUMAN_OBSERVATION	iNaturalist	Observations	20257246		jonathan_mack	2020-11-11T00:13:51	CC_BY_NC_4_0	jonathan_mack	jonathan_mack			2025-01-14T13:03:36.188Z	StillImage	COORDINATE_ROUNDED;CONTINENT_DERIVED_FROM_COORDINATES;TAXON_MATCH_TAXON_ID_IGNORED
1990288326	032f1fbe-d21f-407d-be46-5cd1bb1ea397	6614cac8-b26d-49a7-a21e-c367580aba9c	Fungi	Basidiomycota	Agaricomycetes	Hymenochaetales	Oxyporaceae	Oxyporus	Oxyporus populinus		SPECIES	Fomes connatus (Weinm.) Gillet	Fomes connatus	(Weinm.) Gillet	CA	Whitney, Cache Lake, Algonquin Park	Ontario	PRESENT		61c539d8-47e0-4b82-875f-b95aad66dcd4	45.551389	-78.588889							1939-09-01	1	9	1939	2523431	5239325	PRESERVED_SPECIMEN	TENN-F		TENN-F-014794	RFC15579			CC0_1_0		R.F. Cain			2025-01-12T10:33:43.311Z		COORDINATE_ROUNDED;GEODETIC_DATUM_ASSUMED_WGS84;CONTINENT_DERIVED_FROM_COORDINATES;TAXON_MATCH_TAXON_ID_IGNORED;INSTITUTION_MATCH_NONE
1848815861	50c9509d-22c7-4a22-a47d-8c48425ef4a7	https://www.inaturalist.org/observations/7592120	Fungi	Basidiomycota	Agaricomycetes	Hymenochaetales	Oxyporaceae	Oxyporus	Oxyporus populinus		SPECIES	Rigidoporus populinus (Schumach.) Pouzar	Rigidoporus populinus		CA		Québec	PRESENT		28eb1a3f-1c15-4a95-931a-4af90ecb574d	45.66706	-70.995251	708.0						2017-08-21T12:53:06	21	8	2017	2523440	5239325	HUMAN_OBSERVATION	iNaturalist	Observations	7592120		Jean-Marc	2020-11-11T00:12:21	CC_BY_NC_4_0	Jean-Marc	Jean-Marc			2025-01-14T12:58:54.690Z	StillImage	COORDINATE_ROUNDED;CONTINENT_DERIVED_FROM_COORDINATES;TAXON_MATCH_TAXON_ID_IGNORED
1831226532	50c9509d-22c7-4a22-a47d-8c48425ef4a7	https://www.inaturalist.org/observations/9962779	Fungi	Basidiomycota	Agaricomycetes	Hymenochaetales	Oxyporaceae	Oxyporus	Oxyporus populinus		SPECIES	Rigidoporus populinus (Schumach.) Pouzar	Rigidoporus populinus		CA		Québec	PRESENT		28eb1a3f-1c15-4a95-931a-4af90ecb574d	45.571836	-70.785194							2018-02-22T10:32	22	2	2018	2523440	5239325	HUMAN_OBSERVATION	iNaturalist	Observations	9962779		Evan Moisan	2020-11-11T00:12:43	CC_BY_NC_4_0	Evan Moisan	Evan Moisan			2025-01-14T12:04:48.599Z	StillImage	COORDINATE_ROUNDED;CONTINENT_DERIVED_FROM_COORDINATES;TAXON_MATCH_TAXON_ID_IGNORED
1807256299	e8a25a42-f125-476c-8554-3ec21cd51a84	ACAD:112991	Fungi	Basidiomycota	Agaricomycetes	Hymenochaetales	Oxyporaceae	Oxyporus	Oxyporus populinus		SPECIES	Oxyporus populinus (Schumach.) Donk	Oxyporus populinus (Schumach.) Donk	(Schumach.) Donk	CA	(Kentville)	Nova Scotia	PRESENT		6491ad8c-8e49-4bd4-a089-0ddb3bbe0890	45.07662	-64.49592							1931-11-28	28	11	1931	5239325	5239325	PRESERVED_SPECIMEN	Acadia University	ACAD	52F	52	H, KA		CC0_1_0	Acadia University	H, KA			2024-01-25T01:37:11.567Z	StillImage	GEODETIC_DATUM_INVALID;GEODETIC_DATUM_ASSUMED_WGS84;TAXON_MATCH_TAXON_ID_IGNORED;INSTITUTION_MATCH_FUZZY;COLLECTION_MATCH_FUZZY
1412707752	21705170-d2b6-42de-8904-c3bca4b83591	CMMF016135	Fungi	Basidiomycota	Agaricomycetes	Hymenochaetales	Oxyporaceae	Oxyporus	Oxyporus populinus		SPECIES	Oxyporus populinus (Schumach.) Donk	Oxyporus populinus (Schumach.) Donk	(Schumach.) Donk	CA	Université, Sainte-Foy, Québec.	Québec	PRESENT		ff7bd5db-b724-4932-b496-10ea298851f9	46.781692	-71.274964	1000.0						1973-12-08	8	12	1973	5239325	5239325	PRESERVED_SPECIMEN	Université de Montréal Biodiversity Centre	CMMF	CMMF016135		Sirard, Léas		CC0_1_0	Université de Montréal Biodiversity Centre	Sirard, Léas			2024-01-24T16:38:18.598Z		INSTITUTION_MATCH_FUZZY;COLLECTION_MATCH_FUZZY;DIFFERENT_OWNER_INSTITUTION
1412707727	21705170-d2b6-42de-8904-c3bca4b83591	CMMF016132	Fungi	Basidiomycota	Agaricomycetes	Hymenochaetales	Oxyporaceae	Oxyporus	Oxyporus populinus		SPECIES	Oxyporus populinus (Schumach.) Donk	Oxyporus populinus (Schumach.) Donk	(Schumach.) Donk	CA	Loretteville, Québec.	Québec	PRESENT		ff7bd5db-b724-4932-b496-10ea298851f9	46.867482	-71.384379	8000.0						1987-11-01	1	11	1987	5239325	5239325	PRESERVED_SPECIMEN	Université de Montréal Biodiversity Centre	CMMF	CMMF016132		Sirard, Léas; Boulet, Bruno		CC0_1_0	Université de Montréal Biodiversity Centre	Sirard, Léas; Boulet, Bruno			2024-01-24T16:38:18.606Z		INSTITUTION_MATCH_FUZZY;COLLECTION_MATCH_FUZZY;DIFFERENT_OWNER_INSTITUTION
1412707724	21705170-d2b6-42de-8904-c3bca4b83591	CMMF016134	Fungi	Basidiomycota	Agaricomycetes	Hymenochaetales	Oxyporaceae	Oxyporus	Oxyporus populinus		SPECIES	Oxyporus populinus (Schumach.) Donk	Oxyporus populinus (Schumach.) Donk	(Schumach.) Donk	CA	Saint-Augustin, Québec.	Québec	PRESENT		ff7bd5db-b724-4932-b496-10ea298851f9	46.754803	-71.451132	6000.0						1973-08-20	20	8	1973	5239325	5239325	PRESERVED_SPECIMEN	Université de Montréal Biodiversity Centre	CMMF	CMMF016134		Sirard, Léas; Boulet, Bruno		CC0_1_0	Université de Montréal Biodiversity Centre	Sirard, Léas; Boulet, Bruno			2024-01-24T16:38:18.600Z		INSTITUTION_MATCH_FUZZY;COLLECTION_MATCH_FUZZY;DIFFERENT_OWNER_INSTITUTION
1412707683	21705170-d2b6-42de-8904-c3bca4b83591	CMMF016128	Fungi	Basidiomycota	Agaricomycetes	Hymenochaetales	Oxyporaceae	Oxyporus	Oxyporus populinus		SPECIES	Oxyporus populinus (Schumach.) Donk	Oxyporus populinus (Schumach.) Donk	(Schumach.) Donk	CA	Loretteville, Québec.	Québec	PRESENT		ff7bd5db-b724-4932-b496-10ea298851f9	46.867482	-71.384379	8000.0						1985-01-01/1985-03-20			1985	5239325	5239325	PRESERVED_SPECIMEN	Université de Montréal Biodiversity Centre	CMMF	CMMF016128		Sirard, Léas; Boulet, Bruno		CC0_1_0	Université de Montréal Biodiversity Centre	Sirard, Léas			2024-01-24T16:38:18.608Z		INSTITUTION_MATCH_FUZZY;COLLECTION_MATCH_FUZZY;DIFFERENT_OWNER_INSTITUTION
1412707655	21705170-d2b6-42de-8904-c3bca4b83591	CMMF016129	Fungi	Basidiomycota	Agaricomycetes	Hymenochaetales	Oxyporaceae	Oxyporus	Oxyporus populinus		SPECIES	Oxyporus populinus (Schumach.) Donk	Oxyporus populinus (Schumach.) Donk	(Schumach.) Donk	CA	Sainte-Marie, Beauce, Québec.	Québec	PRESENT		ff7bd5db-b724-4932-b496-10ea298851f9	46.436281	-71.020388	8000.0						1970-10-31	31	10	1970	5239325	5239325	PRESERVED_SPECIMEN	Université de Montréal Biodiversity Centre	CMMF	CMMF016129		Sirard, Léas; Boulet, Bruno		CC0_1_0	Université de Montréal Biodiversity Centre	Sirard, Léas; Boulet, Bruno			2024-01-24T16:38:18.607Z		INSTITUTION_MATCH_FUZZY;COLLECTION_MATCH_FUZZY;DIFFERENT_OWNER_INSTITUTION
1412707638	21705170-d2b6-42de-8904-c3bca4b83591	CMMF016136	Fungi	Basidiomycota	Agaricomycetes	Hymenochaetales	Oxyporaceae	Oxyporus	Oxyporus populinus		SPECIES	Oxyporus populinus (Schumach.) Donk	Oxyporus populinus (Schumach.) Donk	(Schumach.) Donk	CA	Île Perrot, Québec.	Québec	PRESENT		ff7bd5db-b724-4932-b496-10ea298851f9	45.369561	-73.928526	6000.0						1988-09-25	25	9	1988	5239325	5239325	PRESERVED_SPECIMEN	Université de Montréal Biodiversity Centre	CMMF	CMMF016136		Ginns, Jim H.	1989-10-01T00:00:00	CC0_1_0	Université de Montréal Biodiversity Centre	Boulet, Bruno			2024-01-24T16:38:18.604Z		INSTITUTION_MATCH_FUZZY;COLLECTION_MATCH_FUZZY;DIFFERENT_OWNER_INSTITUTION
1412707632	21705170-d2b6-42de-8904-c3bca4b83591	CMMF016133	Fungi	Basidiomycota	Agaricomycetes	Hymenochaetales	Oxyporaceae	Oxyporus	Oxyporus populinus		SPECIES	Oxyporus populinus (Schumach.) Donk	Oxyporus populinus (Schumach.) Donk	(Schumach.) Donk	CA	Sainte-Foy, Québec.	Québec	PRESENT		ff7bd5db-b724-4932-b496-10ea298851f9	46.780042	-71.374844	9000.0						1974-10-29	29	10	1974	5239325	5239325	PRESERVED_SPECIMEN	Université de Montréal Biodiversity Centre	CMMF	CMMF016133		Sirard, Léas; Boulet, Bruno		CC0_1_0	Université de Montréal Biodiversity Centre	Sirard, Léas; Boulet, Bruno			2024-01-24T16:38:18.604Z		INSTITUTION_MATCH_FUZZY;COLLECTION_MATCH_FUZZY;DIFFERENT_OWNER_INSTITUTION
1412707618	21705170-d2b6-42de-8904-c3bca4b83591	CMMF016130	Fungi	Basidiomycota	Agaricomycetes	Hymenochaetales	Oxyporaceae	Oxyporus	Oxyporus populinus		SPECIES	Oxyporus populinus (Schumach.) Donk	Oxyporus populinus (Schumach.) Donk	(Schumach.) Donk	CA	Sainte-Foy, Québec.	Québec	PRESENT		ff7bd5db-b724-4932-b496-10ea298851f9	46.780042	-71.374844	9000.0						1974-02-05	5	2	1974	5239325	5239325	PRESERVED_SPECIMEN	Université de Montréal Biodiversity Centre	CMMF	CMMF016130		Sirard, Léas; Boulet, Bruno		CC0_1_0	Université de Montréal Biodiversity Centre	Sirard, Léas; Boulet, Bruno			2024-01-24T16:38:18.618Z		INSTITUTION_MATCH_FUZZY;COLLECTION_MATCH_FUZZY;DIFFERENT_OWNER_INSTITUTION
1412707616	21705170-d2b6-42de-8904-c3bca4b83591	CMMF016131	Fungi	Basidiomycota	Agaricomycetes	Hymenochaetales	Oxyporaceae	Oxyporus	Oxyporus populinus		SPECIES	Oxyporus populinus (Schumach.) Donk	Oxyporus populinus (Schumach.) Donk	(Schumach.) Donk	CA	Cap Rouge, Québec.	Québec	PRESENT		ff7bd5db-b724-4932-b496-10ea298851f9	46.763778	-71.355145	5000.0						1970-08-20	20	8	1970	5239325	5239325	PRESERVED_SPECIMEN	Université de Montréal Biodiversity Centre	CMMF	CMMF016131		Sirard, Léas; Boulet, Bruno		CC0_1_0	Université de Montréal Biodiversity Centre	Sirard, Léas; Boulet, Bruno			2024-01-24T16:38:18.604Z		INSTITUTION_MATCH_FUZZY;COLLECTION_MATCH_FUZZY;DIFFERENT_OWNER_INSTITUTION
1412706797	21705170-d2b6-42de-8904-c3bca4b83591	CMMF015289	Fungi	Basidiomycota	Agaricomycetes	Hymenochaetales	Oxyporaceae	Oxyporus	Oxyporus populinus		SPECIES	Oxyporus populinus (Schumach.) Donk	Oxyporus populinus (Schumach.) Donk	(Schumach.) Donk	CA	Cap-à-l'Ouest, Ville de LaBaie, Québec.	Québec	PRESENT		ff7bd5db-b724-4932-b496-10ea298851f9	48.378331	-70.82036	6000.0						1994-08-03	3	8	1994	5239325	5239325	PRESERVED_SPECIMEN	Université de Montréal Biodiversity Centre	CMMF	CMMF015289	875	Guérin, Gérard		CC0_1_0	Université de Montréal Biodiversity Centre	Guérin, Gérard			2024-01-24T16:38:17.042Z	StillImage	INSTITUTION_MATCH_FUZZY;COLLECTION_MATCH_FUZZY;DIFFERENT_OWNER_INSTITUTION
1144849045	81e6cff2-b409-417e-8c72-e1bbafb7c61f	ce76a0a9-3ceb-42b3-b841-241157f4de55	Fungi	Basidiomycota	Agaricomycetes	Hymenochaetales	Oxyporaceae	Oxyporus	Oxyporus populinus		SPECIES	Oxyporus populinus (Schumach.) Donk	Oxyporus populinus	(Schumach. ex Fr.) Donk	CA	Near Iberville	Québec	PRESENT		7b8aff00-a9f8-11d8-944b-b8a03c50a862	45.307496	-73.227092	6000.0						1951-10-15	15	10	1951	5239325	5239325	PRESERVED_SPECIMEN	F	Botany	C0204779F	F-75	P. O. Schallert		CC0_1_0	The Field Museum of Natural History	Frère Marie-Anselme			2024-02-20T16:06:22.255Z		GEODETIC_DATUM_ASSUMED_WGS84;MODIFIED_DATE_INVALID;AMBIGUOUS_COLLECTION;INSTITUTION_MATCH_FUZZY
1135071131	21705170-d2b6-42de-8904-c3bca4b83591	CMMF009672	Fungi	Basidiomycota	Agaricomycetes	Hymenochaetales	Oxyporaceae	Oxyporus	Oxyporus populinus		SPECIES	Oxyporus populinus (Schumach.) Donk	Oxyporus populinus (Schumach.) Donk	(Schumach.) Donk	CA	Forêt de Sherwood, Québec.	Québec	PRESENT		ff7bd5db-b724-4932-b496-10ea298851f9	46.86201	-71.307678	15000.0						2007-08-02	2	8	2007	5239325	5239325	PRESERVED_SPECIMEN	Université de Montréal Biodiversity Centre	CMMF	CMMF009672	1256	Labbé, Roland		CC0_1_0	Université de Montréal Biodiversity Centre	Labrecque, Jacqueline			2024-01-24T16:38:21.015Z		INSTITUTION_MATCH_FUZZY;COLLECTION_MATCH_FUZZY;DIFFERENT_OWNER_INSTITUTION
1135070829	21705170-d2b6-42de-8904-c3bca4b83591	CMMF009405	Fungi	Basidiomycota	Agaricomycetes	Hymenochaetales	Oxyporaceae	Oxyporus	Oxyporus populinus		SPECIES	Oxyporus populinus (Schumach.) Donk	Oxyporus populinus (Schumach.) Donk	(Schumach.) Donk	CA	Rue des Castors, Québec.	Québec	PRESENT		ff7bd5db-b724-4932-b496-10ea298851f9	46.891264	-71.290968	500.0						2006-10-19	19	10	2006	5239325	5239325	PRESERVED_SPECIMEN	Université de Montréal Biodiversity Centre	CMMF	CMMF009405	989	Labbé, Roland		CC0_1_0	Université de Montréal Biodiversity Centre	Labrecque, Jacqueline			2024-01-24T16:38:21.689Z	StillImage	INSTITUTION_MATCH_FUZZY;COLLECTION_MATCH_FUZZY;DIFFERENT_OWNER_INSTITUTION
1135070263	21705170-d2b6-42de-8904-c3bca4b83591	CMMF008768	Fungi	Basidiomycota	Agaricomycetes	Hymenochaetales	Oxyporaceae	Oxyporus	Oxyporus populinus		SPECIES	Oxyporus populinus (Schumach.) Donk	Oxyporus populinus (Schumach.) Donk	(Schumach.) Donk	CA	Sentier Trans-Québec est. Lac-Beauport.	Québec	PRESENT		ff7bd5db-b724-4932-b496-10ea298851f9	46.953091	-71.275238	5000.0						2006-07-21	21	7	2006	5239325	5239325	PRESERVED_SPECIMEN	Université de Montréal Biodiversity Centre	CMMF	CMMF008768	350	Labbé, Roland		CC0_1_0	Université de Montréal Biodiversity Centre	Labrecque, Jacqueline			2024-01-24T16:38:18.814Z		INSTITUTION_MATCH_FUZZY;COLLECTION_MATCH_FUZZY;DIFFERENT_OWNER_INSTITUTION
1135067657	21705170-d2b6-42de-8904-c3bca4b83591	CMMF006178	Fungi	Basidiomycota	Agaricomycetes	Hymenochaetales	Oxyporaceae	Oxyporus	Oxyporus populinus		SPECIES	Oxyporus populinus (Schumach.) Donk	Oxyporus populinus (Schumach.) Donk	(Schumach.) Donk	CA	Châteauguay	Québec	PRESENT		ff7bd5db-b724-4932-b496-10ea298851f9	45.35433	-73.774083	100.0						2005-10-30	30	10	2005	5239325	5239325	PRESERVED_SPECIMEN	Université de Montréal Biodiversity Centre	CMMF	CMMF006178	Inexistant	McNeil, Raymond		CC0_1_0	Université de Montréal Biodiversity Centre	McNeil, Raymond			2024-01-24T16:38:18.792Z	StillImage	COORDINATE_ROUNDED;INSTITUTION_MATCH_FUZZY;COLLECTION_MATCH_FUZZY;DIFFERENT_OWNER_INSTITUTION
1135067433	21705170-d2b6-42de-8904-c3bca4b83591	CMMF005977	Fungi	Basidiomycota	Agaricomycetes	Hymenochaetales	Oxyporaceae	Oxyporus	Oxyporus populinus		SPECIES	Oxyporus populinus (Schumach.) Donk	Oxyporus populinus (Schumach.) Donk	(Schumach.) Donk	CA	Châteauguay (Centre écologique Fernand-Seguin)	Québec	PRESENT		ff7bd5db-b724-4932-b496-10ea298851f9	45.33983	-73.773917	100.0						2012-09-11	11	9	2012	5239325	5239325	PRESERVED_SPECIMEN	Université de Montréal Biodiversity Centre	CMMF	CMMF005977	C4071	McNeil, Raymond		CC0_1_0	Université de Montréal Biodiversity Centre	McNeil, Raymond			2024-01-24T16:38:16.952Z	StillImage	COORDINATE_ROUNDED;INSTITUTION_MATCH_FUZZY;COLLECTION_MATCH_FUZZY;DIFFERENT_OWNER_INSTITUTION
1135067269	21705170-d2b6-42de-8904-c3bca4b83591	CMMF005788	Fungi	Basidiomycota	Agaricomycetes	Hymenochaetales	Oxyporaceae	Oxyporus	Oxyporus populinus		SPECIES	Oxyporus populinus (Schumach.) Donk	Oxyporus populinus (Schumach.) Donk	(Schumach.) Donk	CA	Châteauguay (Centre écologique Fernand-Seguin)	Québec	PRESENT		ff7bd5db-b724-4932-b496-10ea298851f9	45.33983	-73.773917	100.0						2009-07-27	27	7	2009	5239325	5239325	PRESERVED_SPECIMEN	Université de Montréal Biodiversity Centre	CMMF	CMMF005788	C3498	McNeil, Raymond		CC0_1_0	Université de Montréal Biodiversity Centre	McNeil, Raymond			2024-01-24T16:38:16.716Z	StillImage	COORDINATE_ROUNDED;INSTITUTION_MATCH_FUZZY;COLLECTION_MATCH_FUZZY;DIFFERENT_OWNER_INSTITUTION
1135066673	21705170-d2b6-42de-8904-c3bca4b83591	CMMF010091	Fungi	Basidiomycota	Agaricomycetes	Hymenochaetales	Oxyporaceae	Oxyporus	Oxyporus populinus		SPECIES	Oxyporus populinus (Schumach.) Donk	Oxyporus populinus (Schumach.) Donk	(Schumach.) Donk	CA	Côte Bédard, rue Hector, Québec.	Québec	PRESENT		ff7bd5db-b724-4932-b496-10ea298851f9	46.907478	-71.312257	400.0						2007-09-26	26	9	2007	5239325	5239325	PRESERVED_SPECIMEN	Université de Montréal Biodiversity Centre	CMMF	CMMF010091	1677	Labbé, Roland		CC0_1_0	Université de Montréal Biodiversity Centre	Labrecque, Jacqueline			2024-01-24T16:38:20.203Z		INSTITUTION_MATCH_FUZZY;COLLECTION_MATCH_FUZZY;DIFFERENT_OWNER_INSTITUTION
1135066587	21705170-d2b6-42de-8904-c3bca4b83591	CMMF010007	Fungi	Basidiomycota	Agaricomycetes	Hymenochaetales	Oxyporaceae	Oxyporus	Oxyporus populinus		SPECIES	Oxyporus populinus (Schumach.) Donk	Oxyporus populinus (Schumach.) Donk	(Schumach.) Donk	CA	Réserve Tantaré, Stoneham. Récolte autorisée pour fin d'inventaire (étude).	Québec	PRESENT		ff7bd5db-b724-4932-b496-10ea298851f9	47.069562	-71.537331	2000.0						2007-09-16	16	9	2007	5239325	5239325	PRESERVED_SPECIMEN	Université de Montréal Biodiversity Centre	CMMF	CMMF010007	1592	Labbé, Roland		CC0_1_0	Université de Montréal Biodiversity Centre	Labrecque, Jacqueline			2024-01-24T16:38:20.154Z		INSTITUTION_MATCH_FUZZY;COLLECTION_MATCH_FUZZY;DIFFERENT_OWNER_INSTITUTION
