gbifID	datasetKey	occurrenceID	kingdom	phylum	class	order	family	genus	species	infraspecificEpithet	taxonRank	scientificName	verbatimScientificName	verbatimScientificNameAuthorship	countryCode	locality	stateProvince	occurrenceStatus	individualCount	publishingOrgKey	decimalLatitude	decimalLongitude	coordinateUncertaintyInMeters	coordinatePrecision	elevation	elevationAccuracy	depth	depthAccuracy	eventDate	day	month	year	taxonKey	speciesKey	basisOfRecord	institutionCode	collectionCode	catalogNumber	recordNumber	identifiedBy	dateIdentified	license	rightsHolder	recordedBy	typeStatus	establishmentMeans	lastInterpreted	mediaType	issue
617554833	21705170-d2b6-42de-8904-c3bca4b83591	CMMF000539	Fungi	Basidiomycota	Agaricomycetes	Agaricales	Psathyrellaceae	Coprinopsis	Coprinopsis variegata		SPECIES	Coprinus variegatus Peck	Coprinus variegatus Peck	Peck	CA	Montréal	Québec	PRESENT		ff7bd5db-b724-4932-b496-10ea298851f9	45.509625	-73.662984	25000.0						1989-07-04	4	7	1989	2536668	5448870	PRESERVED_SPECIMEN	Université de Montréal Biodiversity Centre	CMMF	CMMF000539		Lamoureux, Yves		CC0_1_0	Université de Montréal Biodiversity Centre	Lamoureux, Yves			2024-01-24T16:38:20.042Z	StillImage	INSTITUTION_MATCH_FUZZY;COLLECTION_MATCH_FUZZY;DIFFERENT_OWNER_INSTITUTION
617554670	21705170-d2b6-42de-8904-c3bca4b83591	CMMF000461	Fungi	Basidiomycota	Agaricomycetes	Agaricales	Psathyrellaceae	Coprinopsis	Coprinopsis variegata		SPECIES	Coprinus variegatus Peck	Coprinus variegatus Peck	Peck	CA	Montréal	Québec	PRESENT		ff7bd5db-b724-4932-b496-10ea298851f9	45.509625	-73.662984	25000.0						1989-05-28	28	5	1989	2536668	5448870	PRESERVED_SPECIMEN	Université de Montréal Biodiversity Centre	CMMF	CMMF000461		Lamoureux, Yves		CC0_1_0	Université de Montréal Biodiversity Centre	Lamoureux, Yves			2024-01-24T16:38:19.992Z	StillImage	INSTITUTION_MATCH_FUZZY;COLLECTION_MATCH_FUZZY;DIFFERENT_OWNER_INSTITUTION
617554102	21705170-d2b6-42de-8904-c3bca4b83591	CMMF000039	Fungi	Basidiomycota	Agaricomycetes	Agaricales	Psathyrellaceae	Coprinopsis	Coprinopsis variegata		SPECIES	Coprinus variegatus Peck	Coprinus variegatus Peck	Peck	CA	Montréal	Québec	PRESENT		ff7bd5db-b724-4932-b496-10ea298851f9	45.509625	-73.662984	25000.0						1988-07-15	15	7	1988	2536668	5448870	PRESERVED_SPECIMEN	Université de Montréal Biodiversity Centre	CMMF	CMMF000039		Lamoureux, Yves		CC0_1_0	Université de Montréal Biodiversity Centre	Alary, Antoine			2024-01-24T16:38:20.346Z	StillImage	INSTITUTION_MATCH_FUZZY;COLLECTION_MATCH_FUZZY;DIFFERENT_OWNER_INSTITUTION
617553332	21705170-d2b6-42de-8904-c3bca4b83591	CMMF003550	Fungi	Basidiomycota	Agaricomycetes	Agaricales	Psathyrellaceae	Coprinopsis	Coprinopsis variegata		SPECIES	Coprinus variegatus Peck	Coprinus variegatus Peck	Peck	CA	Longueuil	Québec	PRESENT		ff7bd5db-b724-4932-b496-10ea298851f9	45.544154	-73.477185	5000.0						2001-05-29	29	5	2001	2536668	5448870	PRESERVED_SPECIMEN	Université de Montréal Biodiversity Centre	CMMF	CMMF003550		Lamoureux, Yves		CC0_1_0	Université de Montréal Biodiversity Centre	Lamoureux, Yves			2024-01-24T16:38:16.263Z	StillImage	INSTITUTION_MATCH_FUZZY;COLLECTION_MATCH_FUZZY;DIFFERENT_OWNER_INSTITUTION
617552537	21705170-d2b6-42de-8904-c3bca4b83591	CMMF003205	Fungi	Basidiomycota	Agaricomycetes	Agaricales	Psathyrellaceae	Coprinopsis	Coprinopsis variegata		SPECIES	Coprinus variegatus Peck	Coprinus variegatus Peck	Peck	CA	Saint-Bruno-de-Montarville	Québec	PRESENT		ff7bd5db-b724-4932-b496-10ea298851f9	45.526599	-73.344507	5500.0						1998-07-09	9	7	1998	2536668	5448870	PRESERVED_SPECIMEN	Université de Montréal Biodiversity Centre	CMMF	CMMF003205		Lamoureux, Yves		CC0_1_0	Université de Montréal Biodiversity Centre	Lamoureux, Yves			2024-01-24T16:38:16.698Z	StillImage	INSTITUTION_MATCH_FUZZY;COLLECTION_MATCH_FUZZY;DIFFERENT_OWNER_INSTITUTION
5008004293	50c9509d-22c7-4a22-a47d-8c48425ef4a7	https://www.inaturalist.org/observations/255356853	Fungi	Basidiomycota	Agaricomycetes	Agaricales	Psathyrellaceae	Coprinopsis	Coprinopsis variegata		SPECIES	Coprinopsis variegata (Peck) Redhead, Vilgalys & Moncalvo	Coprinopsis variegata		CA		Québec	PRESENT		28eb1a3f-1c15-4a95-931a-4af90ecb574d	48.188286	-65.538497	89.0						2024-06-18T16:33	18	6	2024	5448870	5448870	HUMAN_OBSERVATION	iNaturalist	Observations	255356853		Fen Levy	2024-12-17T03:14:41	CC_BY_NC_4_0	Fen Levy	Fen Levy			2025-01-14T13:40:31.279Z	StillImage	COORDINATE_ROUNDED;CONTINENT_DERIVED_FROM_COORDINATES;TAXON_MATCH_TAXON_ID_IGNORED
4980443434	50c9509d-22c7-4a22-a47d-8c48425ef4a7	https://www.inaturalist.org/observations/30418104	Fungi	Basidiomycota	Agaricomycetes	Agaricales	Psathyrellaceae	Coprinopsis	Coprinopsis variegata		SPECIES	Coprinopsis variegata (Peck) Redhead, Vilgalys & Moncalvo	Coprinopsis variegata		CA		Ontario	PRESENT		28eb1a3f-1c15-4a95-931a-4af90ecb574d	45.266692	-75.718327	27190.0						2019-08-08T08:15:30	8	8	2019	5448870	5448870	HUMAN_OBSERVATION	iNaturalist	Observations	30418104		mimushroomguy	2022-09-09T13:37:53	CC_BY_NC_4_0	geneticsgirl	geneticsgirl			2025-01-14T12:09:52.057Z	StillImage	COORDINATE_ROUNDED;CONTINENT_DERIVED_FROM_COORDINATES;TAXON_MATCH_TAXON_ID_IGNORED
4949938434	50c9509d-22c7-4a22-a47d-8c48425ef4a7	https://www.inaturalist.org/observations/243645108	Fungi	Basidiomycota	Agaricomycetes	Agaricales	Psathyrellaceae	Coprinopsis	Coprinopsis variegata		SPECIES	Coprinopsis variegata (Peck) Redhead, Vilgalys & Moncalvo	Coprinopsis variegata		CA		Ontario	PRESENT		28eb1a3f-1c15-4a95-931a-4af90ecb574d	45.024049	-78.270512	122.0						2022-07-01T13:38	1	7	2022	5448870	5448870	HUMAN_OBSERVATION	iNaturalist	Observations	243645108		PC Smith	2024-09-23T18:48:51	CC_BY_NC_4_0	PC Smith	PC Smith			2025-01-14T13:43:14.424Z	StillImage	COORDINATE_ROUNDED;CONTINENT_DERIVED_FROM_COORDINATES;TAXON_MATCH_TAXON_ID_IGNORED
4936102529	50c9509d-22c7-4a22-a47d-8c48425ef4a7	https://www.inaturalist.org/observations/174610382	Fungi	Basidiomycota	Agaricomycetes	Agaricales	Psathyrellaceae	Coprinopsis	Coprinopsis variegata		SPECIES	Coprinopsis variegata (Peck) Redhead, Vilgalys & Moncalvo	Coprinopsis variegata		CA		Québec	PRESENT		28eb1a3f-1c15-4a95-931a-4af90ecb574d	45.445004	-73.571427							2023-07-23T18:23:48	23	7	2023	5448870	5448870	HUMAN_OBSERVATION	iNaturalist	Observations	174610382		Antoine Fortin	2023-07-24T15:20:05	CC_BY_4_0	viandemoisie	viandemoisie			2025-01-14T12:40:17.451Z		COORDINATE_ROUNDED;CONTINENT_DERIVED_FROM_COORDINATES;TAXON_MATCH_TAXON_ID_IGNORED
4935853613	50c9509d-22c7-4a22-a47d-8c48425ef4a7	https://www.inaturalist.org/observations/80929608	Fungi	Basidiomycota	Agaricomycetes	Agaricales	Psathyrellaceae	Coprinopsis	Coprinopsis variegata		SPECIES	Coprinopsis variegata (Peck) Redhead, Vilgalys & Moncalvo	Coprinopsis variegata		CA		Ontario	PRESENT		28eb1a3f-1c15-4a95-931a-4af90ecb574d	45.399958	-75.756024	65.0						2021-05-30T15:26:24	30	5	2021	5448870	5448870	HUMAN_OBSERVATION	iNaturalist	Observations	80929608		mycowalt	2021-05-31T00:27:08	CC_BY_4_0	adamfritz	adamfritz			2025-01-14T12:18:49.859Z	StillImage	COORDINATE_ROUNDED;CONTINENT_DERIVED_FROM_COORDINATES;TAXON_MATCH_TAXON_ID_IGNORED
4924088336	50c9509d-22c7-4a22-a47d-8c48425ef4a7	https://www.inaturalist.org/observations/235307149	Fungi	Basidiomycota	Agaricomycetes	Agaricales	Psathyrellaceae	Coprinopsis	Coprinopsis variegata		SPECIES	Coprinopsis variegata (Peck) Redhead, Vilgalys & Moncalvo	Coprinopsis variegata		CA		Ontario	PRESENT		28eb1a3f-1c15-4a95-931a-4af90ecb574d	45.368486	-75.796236	31.0						2024-05-23T09:09	23	5	2024	5448870	5448870	HUMAN_OBSERVATION	iNaturalist	Observations	235307149		Deborah Mosher	2024-08-12T10:57:48	CC_BY_NC_4_0	Deborah Mosher	Deborah Mosher			2025-01-14T12:51:23.673Z	StillImage	COORDINATE_ROUNDED;CONTINENT_DERIVED_FROM_COORDINATES;TAXON_MATCH_TAXON_ID_IGNORED
4919446034	50c9509d-22c7-4a22-a47d-8c48425ef4a7	https://www.inaturalist.org/observations/231696600	Fungi	Basidiomycota	Agaricomycetes	Agaricales	Psathyrellaceae	Coprinopsis	Coprinopsis variegata		SPECIES	Coprinopsis variegata (Peck) Redhead, Vilgalys & Moncalvo	Coprinopsis variegata		CA		Québec	PRESENT		28eb1a3f-1c15-4a95-931a-4af90ecb574d	45.649242	-74.943938	4.0						2024-07-19T17:28:59	19	7	2024	5448870	5448870	HUMAN_OBSERVATION	iNaturalist	Observations	231696600		Kathy Daniel	2024-07-25T20:48:22	CC0_1_0	Kathy Daniel	Kathy Daniel			2025-01-14T13:42:06.095Z	StillImage	COORDINATE_ROUNDED;CONTINENT_DERIVED_FROM_COORDINATES;TAXON_MATCH_TAXON_ID_IGNORED
4919145582	50c9509d-22c7-4a22-a47d-8c48425ef4a7	https://www.inaturalist.org/observations/232479651	Fungi	Basidiomycota	Agaricomycetes	Agaricales	Psathyrellaceae	Coprinopsis	Coprinopsis variegata		SPECIES	Coprinopsis variegata (Peck) Redhead, Vilgalys & Moncalvo	Coprinopsis variegata		CA		Québec	PRESENT		28eb1a3f-1c15-4a95-931a-4af90ecb574d	45.551377	-73.325015	107.0						2024-07-27T10:06:31	27	7	2024	5448870	5448870	HUMAN_OBSERVATION	iNaturalist	Observations	232479651		andrewbtmn	2024-07-29T12:54:57	CC_BY_NC_4_0	andrewbtmn	andrewbtmn			2025-01-14T13:42:12.317Z	StillImage	COORDINATE_ROUNDED;CONTINENT_DERIVED_FROM_COORDINATES;TAXON_MATCH_TAXON_ID_IGNORED
4908221774	50c9509d-22c7-4a22-a47d-8c48425ef4a7	https://www.inaturalist.org/observations/228361498	Fungi	Basidiomycota	Agaricomycetes	Agaricales	Psathyrellaceae	Coprinopsis	Coprinopsis variegata		SPECIES	Coprinopsis variegata (Peck) Redhead, Vilgalys & Moncalvo	Coprinopsis variegata		CA		Québec	PRESENT		28eb1a3f-1c15-4a95-931a-4af90ecb574d	45.450178	-75.780336	490.0						2024-07-09T13:30	9	7	2024	5448870	5448870	HUMAN_OBSERVATION	iNaturalist	Observations	228361498		Taylor Routledge	2024-07-11T03:23:02	CC_BY_NC_4_0	François L.	François L.			2025-01-14T13:41:53.599Z	StillImage	COORDINATE_ROUNDED;CONTINENT_DERIVED_FROM_COORDINATES;TAXON_MATCH_TAXON_ID_IGNORED
4908024583	50c9509d-22c7-4a22-a47d-8c48425ef4a7	https://www.inaturalist.org/observations/226799546	Fungi	Basidiomycota	Agaricomycetes	Agaricales	Psathyrellaceae	Coprinopsis	Coprinopsis variegata		SPECIES	Coprinopsis variegata (Peck) Redhead, Vilgalys & Moncalvo	Coprinopsis variegata		CA		Ontario	PRESENT		28eb1a3f-1c15-4a95-931a-4af90ecb574d	45.417197	-75.646172	6.0						2024-07-02T19:45:30	2	7	2024	5448870	5448870	HUMAN_OBSERVATION	iNaturalist	Observations	226799546		Erin	2024-07-03T00:46:42	CC_BY_NC_4_0	Erin	Erin			2025-01-14T13:42:27.005Z	StillImage	COORDINATE_ROUNDED;CONTINENT_DERIVED_FROM_COORDINATES;TAXON_MATCH_TAXON_ID_IGNORED
4904301368	50c9509d-22c7-4a22-a47d-8c48425ef4a7	https://www.inaturalist.org/observations/226009128	Fungi	Basidiomycota	Agaricomycetes	Agaricales	Psathyrellaceae	Coprinopsis	Coprinopsis variegata		SPECIES	Coprinopsis variegata (Peck) Redhead, Vilgalys & Moncalvo	Coprinopsis variegata		CA		Ontario	PRESENT		28eb1a3f-1c15-4a95-931a-4af90ecb574d	45.333548	-75.775492	77.0						2024-06-29T14:41:14	29	6	2024	5448870	5448870	HUMAN_OBSERVATION	iNaturalist	Observations	226009128		Darren Gordon	2024-06-29T20:58:54	CC_BY_NC_4_0	G Nicoll	G Nicoll			2025-01-14T13:32:55.811Z	StillImage	COORDINATE_ROUNDED;CONTINENT_DERIVED_FROM_COORDINATES;TAXON_MATCH_TAXON_ID_IGNORED
4904178747	50c9509d-22c7-4a22-a47d-8c48425ef4a7	https://www.inaturalist.org/observations/225405195	Fungi	Basidiomycota	Agaricomycetes	Agaricales	Psathyrellaceae	Coprinopsis	Coprinopsis variegata		SPECIES	Coprinopsis variegata (Peck) Redhead, Vilgalys & Moncalvo	Coprinopsis variegata		CA		Québec	PRESENT		28eb1a3f-1c15-4a95-931a-4af90ecb574d	45.872811	-76.4339	501.0						2024-06-26T10:09	26	6	2024	5448870	5448870	HUMAN_OBSERVATION	iNaturalist	Observations	225405195		L Joan Heyding	2024-06-26T23:07:21	CC_BY_NC_4_0	L Joan Heyding	L Joan Heyding			2025-01-14T12:48:38.064Z	StillImage	COORDINATE_ROUNDED;CONTINENT_DERIVED_FROM_COORDINATES;TAXON_MATCH_TAXON_ID_IGNORED
4904057367	50c9509d-22c7-4a22-a47d-8c48425ef4a7	https://www.inaturalist.org/observations/225777509	Fungi	Basidiomycota	Agaricomycetes	Agaricales	Psathyrellaceae	Coprinopsis	Coprinopsis variegata		SPECIES	Coprinopsis variegata (Peck) Redhead, Vilgalys & Moncalvo	Coprinopsis variegata		CA		Ontario	PRESENT		28eb1a3f-1c15-4a95-931a-4af90ecb574d	45.251111	-75.702336	7.0						2024-06-28T15:33:14	28	6	2024	5448870	5448870	HUMAN_OBSERVATION	iNaturalist	Observations	225777509		airhart	2024-06-28T19:33:34	CC_BY_NC_4_0	airhart	airhart			2025-01-14T12:47:00.369Z	StillImage	COORDINATE_ROUNDED;CONTINENT_DERIVED_FROM_COORDINATES;TAXON_MATCH_TAXON_ID_IGNORED
4901708097	50c9509d-22c7-4a22-a47d-8c48425ef4a7	https://www.inaturalist.org/observations/223801453	Fungi	Basidiomycota	Agaricomycetes	Agaricales	Psathyrellaceae	Coprinopsis	Coprinopsis variegata		SPECIES	Coprinopsis variegata (Peck) Redhead, Vilgalys & Moncalvo	Coprinopsis variegata		CA		Québec	PRESENT		28eb1a3f-1c15-4a95-931a-4af90ecb574d	45.630996	-75.959097	27126.0						2024-06-19T10:56:36	19	6	2024	5448870	5448870	HUMAN_OBSERVATION	iNaturalist	Observations	223801453		Antoine Fortin	2024-06-21T23:16:39	CC_BY_NC_4_0	rshea21	rshea21			2025-01-14T13:41:11.811Z	StillImage	COORDINATE_ROUNDED;CONTINENT_DERIVED_FROM_COORDINATES;TAXON_MATCH_TAXON_ID_IGNORED
4901565902	50c9509d-22c7-4a22-a47d-8c48425ef4a7	https://www.inaturalist.org/observations/223308550	Fungi	Basidiomycota	Agaricomycetes	Agaricales	Psathyrellaceae	Coprinopsis	Coprinopsis variegata		SPECIES	Coprinopsis variegata (Peck) Redhead, Vilgalys & Moncalvo	Coprinopsis variegata		CA		Ontario	PRESENT		28eb1a3f-1c15-4a95-931a-4af90ecb574d	45.37232	-75.78332							2024-06-16T11:15:43	16	6	2024	5448870	5448870	HUMAN_OBSERVATION	iNaturalist	Observations	223308550		Nina	2024-06-17T10:33:40	CC_BY_NC_4_0	Nina	Nina			2025-01-14T12:48:09.370Z	StillImage	CONTINENT_DERIVED_FROM_COORDINATES;TAXON_MATCH_TAXON_ID_IGNORED
4901290796	50c9509d-22c7-4a22-a47d-8c48425ef4a7	https://www.inaturalist.org/observations/224304175	Fungi	Basidiomycota	Agaricomycetes	Agaricales	Psathyrellaceae	Coprinopsis	Coprinopsis variegata		SPECIES	Coprinopsis variegata (Peck) Redhead, Vilgalys & Moncalvo	Coprinopsis variegata		CA		Ontario	PRESENT		28eb1a3f-1c15-4a95-931a-4af90ecb574d	45.45565	-75.536475	45.0						2024-06-21T10:38:26	21	6	2024	5448870	5448870	HUMAN_OBSERVATION	iNaturalist	Observations	224304175		greenscreekwalker	2024-06-22T01:44:22	CC_BY_NC_4_0	greenscreekwalker	greenscreekwalker			2025-01-14T12:54:09.445Z	StillImage	CONTINENT_DERIVED_FROM_COORDINATES;TAXON_MATCH_TAXON_ID_IGNORED
4891891715	50c9509d-22c7-4a22-a47d-8c48425ef4a7	https://www.inaturalist.org/observations/221388553	Fungi	Basidiomycota	Agaricomycetes	Agaricales	Psathyrellaceae	Coprinopsis	Coprinopsis variegata		SPECIES	Coprinopsis variegata (Peck) Redhead, Vilgalys & Moncalvo	Coprinopsis variegata		CA		Québec	PRESENT		28eb1a3f-1c15-4a95-931a-4af90ecb574d	45.444589	-75.906002	13.0						2024-06-08T15:39:54	8	6	2024	5448870	5448870	HUMAN_OBSERVATION	iNaturalist	Observations	221388553		pascal_samson	2024-06-08T19:40:36	CC_BY_NC_4_0	pascal_samson	pascal_samson			2025-01-14T12:48:01.033Z	StillImage	COORDINATE_ROUNDED;CONTINENT_DERIVED_FROM_COORDINATES;TAXON_MATCH_TAXON_ID_IGNORED
4891860594	50c9509d-22c7-4a22-a47d-8c48425ef4a7	https://www.inaturalist.org/observations/220655363	Fungi	Basidiomycota	Agaricomycetes	Agaricales	Psathyrellaceae	Coprinopsis	Coprinopsis variegata		SPECIES	Coprinopsis variegata (Peck) Redhead, Vilgalys & Moncalvo	Coprinopsis variegata		CA		Québec	PRESENT		28eb1a3f-1c15-4a95-931a-4af90ecb574d	45.459662	-73.642379	22.0						2024-06-04T19:44:40	4	6	2024	5448870	5448870	HUMAN_OBSERVATION	iNaturalist	Observations	220655363		wcolby	2024-06-05T11:35:26	CC_BY_NC_4_0	wcolby	wcolby			2025-01-14T13:34:25.802Z	StillImage	COORDINATE_ROUNDED;CONTINENT_DERIVED_FROM_COORDINATES;TAXON_MATCH_TAXON_ID_IGNORED
4891694586	50c9509d-22c7-4a22-a47d-8c48425ef4a7	https://www.inaturalist.org/observations/220925215	Fungi	Basidiomycota	Agaricomycetes	Agaricales	Psathyrellaceae	Coprinopsis	Coprinopsis variegata		SPECIES	Coprinopsis variegata (Peck) Redhead, Vilgalys & Moncalvo	Coprinopsis variegata		CA		Québec	PRESENT		28eb1a3f-1c15-4a95-931a-4af90ecb574d	45.581396	-73.654621	6.0						2024-06-06T13:18:47	6	6	2024	5448870	5448870	HUMAN_OBSERVATION	iNaturalist	Observations	220925215		earl woolsey	2024-06-06T19:14:04	CC_BY_NC_4_0	heffie	heffie			2025-01-14T12:45:44.042Z	StillImage	COORDINATE_ROUNDED;CONTINENT_DERIVED_FROM_COORDINATES;TAXON_MATCH_TAXON_ID_IGNORED
4875018265	50c9509d-22c7-4a22-a47d-8c48425ef4a7	https://www.inaturalist.org/observations/220351178	Fungi	Basidiomycota	Agaricomycetes	Agaricales	Psathyrellaceae	Coprinopsis	Coprinopsis variegata		SPECIES	Coprinopsis variegata (Peck) Redhead, Vilgalys & Moncalvo	Coprinopsis variegata		CA		Ontario	PRESENT		28eb1a3f-1c15-4a95-931a-4af90ecb574d	45.107995	-76.341628	16.0						2024-06-03T11:51:03	3	6	2024	5448870	5448870	HUMAN_OBSERVATION	iNaturalist	Observations	220351178		Igor Khomenko	2024-06-03T22:34:55	CC_BY_NC_4_0	Igor Khomenko	Igor Khomenko			2025-01-14T12:47:48.478Z	StillImage	COORDINATE_ROUNDED;CONTINENT_DERIVED_FROM_COORDINATES;TAXON_MATCH_TAXON_ID_IGNORED
4846851452	50c9509d-22c7-4a22-a47d-8c48425ef4a7	https://www.inaturalist.org/observations/206638372	Fungi	Basidiomycota	Agaricomycetes	Agaricales	Psathyrellaceae	Coprinopsis	Coprinopsis variegata		SPECIES	Coprinopsis variegata (Peck) Redhead, Vilgalys & Moncalvo	Coprinopsis variegata		CA		Ontario	PRESENT		28eb1a3f-1c15-4a95-931a-4af90ecb574d	46.29858	-78.876013	4.0						2023-10-22T17:48:09	22	10	2023	5448870	5448870	HUMAN_OBSERVATION	iNaturalist	Observations	206638372		Taylor Routledge	2024-04-11T17:15:48	CC_BY_NC_4_0	ecampbell_	ecampbell_			2025-01-14T12:45:53.512Z	StillImage	COORDINATE_ROUNDED;CONTINENT_DERIVED_FROM_COORDINATES;TAXON_MATCH_TAXON_ID_IGNORED
4607095733	50c9509d-22c7-4a22-a47d-8c48425ef4a7	https://www.inaturalist.org/observations/172313709	Fungi	Basidiomycota	Agaricomycetes	Agaricales	Psathyrellaceae	Coprinopsis	Coprinopsis variegata		SPECIES	Coprinopsis variegata (Peck) Redhead, Vilgalys & Moncalvo	Coprinopsis variegata		CA		Québec	PRESENT		28eb1a3f-1c15-4a95-931a-4af90ecb574d	47.8397	-69.526233							2023-07-07T14:04:02	7	7	2023	5448870	5448870	HUMAN_OBSERVATION	iNaturalist	Observations	172313709		amanitamozart	2023-07-11T11:44:41	CC_BY_NC_4_0	audball007	audball007			2025-01-14T12:36:30.760Z	StillImage	COORDINATE_ROUNDED;CONTINENT_DERIVED_FROM_COORDINATES;TAXON_MATCH_TAXON_ID_IGNORED
4606621337	50c9509d-22c7-4a22-a47d-8c48425ef4a7	https://www.inaturalist.org/observations/173173879	Fungi	Basidiomycota	Agaricomycetes	Agaricales	Psathyrellaceae	Coprinopsis	Coprinopsis variegata		SPECIES	Coprinopsis variegata (Peck) Redhead, Vilgalys & Moncalvo	Coprinopsis variegata		CA		Québec	PRESENT		28eb1a3f-1c15-4a95-931a-4af90ecb574d	47.8397	-69.526233							2023-07-07T14:04:02	7	7	2023	5448870	5448870	HUMAN_OBSERVATION	iNaturalist	Observations	173173879		amanitamozart	2023-07-16T10:51:43	CC_BY_NC_4_0	audball007	audball007			2025-01-14T12:43:21.975Z	StillImage	COORDINATE_ROUNDED;CONTINENT_DERIVED_FROM_COORDINATES;TAXON_MATCH_TAXON_ID_IGNORED
4599798730	50c9509d-22c7-4a22-a47d-8c48425ef4a7	https://www.inaturalist.org/observations/128188781	Fungi	Basidiomycota	Agaricomycetes	Agaricales	Psathyrellaceae	Coprinopsis	Coprinopsis variegata		SPECIES	Coprinopsis variegata (Peck) Redhead, Vilgalys & Moncalvo	Coprinopsis variegata		CA		Québec	PRESENT		28eb1a3f-1c15-4a95-931a-4af90ecb574d	45.192505	-72.788582	5658.0						2022-07-27T15:22:37	27	7	2022	5448870	5448870	HUMAN_OBSERVATION	iNaturalist	Observations	128188781		Simon	2022-07-27T19:22:44	CC_BY_NC_4_0	Simon	Simon			2025-01-14T12:31:26.504Z	StillImage	COORDINATE_ROUNDED;CONTINENT_DERIVED_FROM_COORDINATES;TAXON_MATCH_TAXON_ID_IGNORED
4597231783	50c9509d-22c7-4a22-a47d-8c48425ef4a7	https://www.inaturalist.org/observations/125345095	Fungi	Basidiomycota	Agaricomycetes	Agaricales	Psathyrellaceae	Coprinopsis	Coprinopsis variegata		SPECIES	Coprinopsis variegata (Peck) Redhead, Vilgalys & Moncalvo	Coprinopsis variegata		CA		Québec	PRESENT		28eb1a3f-1c15-4a95-931a-4af90ecb574d	45.475487	-73.585495	13.0						2022-07-08T15:19:24	8	7	2022	5448870	5448870	HUMAN_OBSERVATION	iNaturalist	Observations	125345095		colin567	2022-07-08T19:20:27	CC_BY_NC_4_0	colin567	colin567			2025-01-14T13:22:52.894Z	StillImage	COORDINATE_ROUNDED;CONTINENT_DERIVED_FROM_COORDINATES;TAXON_MATCH_TAXON_ID_IGNORED
4519192243	50c9509d-22c7-4a22-a47d-8c48425ef4a7	https://www.inaturalist.org/observations/198403271	Fungi	Basidiomycota	Agaricomycetes	Agaricales	Psathyrellaceae	Coprinopsis	Coprinopsis variegata		SPECIES	Coprinopsis variegata (Peck) Redhead, Vilgalys & Moncalvo	Coprinopsis variegata		CA		Ontario	PRESENT		28eb1a3f-1c15-4a95-931a-4af90ecb574d	45.214698	-77.153868	31.0						2021-07-17T14:15	17	7	2021	5448870	5448870	HUMAN_OBSERVATION	iNaturalist	Observations	198403271		bogend	2024-02-04T16:32:16	CC_BY_NC_4_0	bogend	bogend			2025-01-14T12:43:45.512Z	StillImage	COORDINATE_ROUNDED;CONTINENT_DERIVED_FROM_COORDINATES;TAXON_MATCH_TAXON_ID_IGNORED
4512035869	50c9509d-22c7-4a22-a47d-8c48425ef4a7	https://www.inaturalist.org/observations/170999757	Fungi	Basidiomycota	Agaricomycetes	Agaricales	Psathyrellaceae	Coprinopsis	Coprinopsis variegata		SPECIES	Coprinopsis variegata (Peck) Redhead, Vilgalys & Moncalvo	Coprinopsis variegata		CA		Ontario	PRESENT		28eb1a3f-1c15-4a95-931a-4af90ecb574d	45.265987	-79.22463	32.0						2023-07-04T07:28:34	4	7	2023	5448870	5448870	HUMAN_OBSERVATION	iNaturalist	Observations	170999757		Abby Ciona	2023-07-04T11:48:06	CC_BY_4_0	Abby Ciona	Abby Ciona			2025-01-14T12:36:17.486Z	StillImage	COORDINATE_ROUNDED;CONTINENT_DERIVED_FROM_COORDINATES;TAXON_MATCH_TAXON_ID_IGNORED
4506195598	50c9509d-22c7-4a22-a47d-8c48425ef4a7	https://www.inaturalist.org/observations/120608458	Fungi	Basidiomycota	Agaricomycetes	Agaricales	Psathyrellaceae	Coprinopsis	Coprinopsis variegata		SPECIES	Coprinopsis variegata (Peck) Redhead, Vilgalys & Moncalvo	Coprinopsis variegata		CA		Québec	PRESENT		28eb1a3f-1c15-4a95-931a-4af90ecb574d	45.591355	-75.207388	9.0						2022-05-31T08:02:11	31	5	2022	5448870	5448870	HUMAN_OBSERVATION	iNaturalist	Observations	120608458		rebgiroux	2022-06-07T01:55:07	CC_BY_NC_4_0	rebgiroux	rebgiroux			2025-01-14T12:28:59.714Z	StillImage	COORDINATE_ROUNDED;CONTINENT_DERIVED_FROM_COORDINATES;TAXON_MATCH_TAXON_ID_IGNORED
4442645505	50c9509d-22c7-4a22-a47d-8c48425ef4a7	https://www.inaturalist.org/observations/119355260	Fungi	Basidiomycota	Agaricomycetes	Agaricales	Psathyrellaceae	Coprinopsis	Coprinopsis variegata		SPECIES	Coprinopsis variegata (Peck) Redhead, Vilgalys & Moncalvo	Coprinopsis variegata		CA		Québec	PRESENT		28eb1a3f-1c15-4a95-931a-4af90ecb574d	45.490663	-75.62987	10.0						2022-05-29T10:31:07	29	5	2022	5448870	5448870	HUMAN_OBSERVATION	iNaturalist	Observations	119355260		Lynn Ovenden	2022-05-30T01:51:57	CC_BY_NC_4_0	Lynn Ovenden	Lynn Ovenden			2025-01-14T13:21:56.283Z	StillImage	COORDINATE_ROUNDED;CONTINENT_DERIVED_FROM_COORDINATES;TAXON_MATCH_TAXON_ID_IGNORED
4442638432	50c9509d-22c7-4a22-a47d-8c48425ef4a7	https://www.inaturalist.org/observations/84579278	Fungi	Basidiomycota	Agaricomycetes	Agaricales	Psathyrellaceae	Coprinopsis	Coprinopsis variegata		SPECIES	Coprinopsis variegata (Peck) Redhead, Vilgalys & Moncalvo	Coprinopsis variegata		CA		Ontario	PRESENT		28eb1a3f-1c15-4a95-931a-4af90ecb574d	45.339357	-75.630417	55.0						2021-06-26T12:11	26	6	2021	5448870	5448870	HUMAN_OBSERVATION	iNaturalist	Observations	84579278		emmaks	2021-06-26T17:37:24	CC_BY_NC_4_0	emmaks	emmaks			2025-01-14T13:13:02.579Z	StillImage	COORDINATE_ROUNDED;CONTINENT_DERIVED_FROM_COORDINATES;TAXON_MATCH_TAXON_ID_IGNORED
4442637514	50c9509d-22c7-4a22-a47d-8c48425ef4a7	https://www.inaturalist.org/observations/121083036	Fungi	Basidiomycota	Agaricomycetes	Agaricales	Psathyrellaceae	Coprinopsis	Coprinopsis variegata		SPECIES	Coprinopsis variegata (Peck) Redhead, Vilgalys & Moncalvo	Coprinopsis variegata		CA		Ontario	PRESENT		28eb1a3f-1c15-4a95-931a-4af90ecb574d	45.396473	-75.700469	7.0						2022-06-10T09:05:47	10	6	2022	5448870	5448870	HUMAN_OBSERVATION	iNaturalist	Observations	121083036		thrinley	2022-06-10T13:06:05	CC_BY_NC_4_0	thrinley	thrinley			2025-01-14T13:13:17.617Z	StillImage	COORDINATE_ROUNDED;CONTINENT_DERIVED_FROM_COORDINATES;TAXON_MATCH_TAXON_ID_IGNORED
4442605370	50c9509d-22c7-4a22-a47d-8c48425ef4a7	https://www.inaturalist.org/observations/50761766	Fungi	Basidiomycota	Agaricomycetes	Agaricales	Psathyrellaceae	Coprinopsis	Coprinopsis variegata		SPECIES	Coprinopsis variegata (Peck) Redhead, Vilgalys & Moncalvo	Coprinopsis variegata		CA		Ontario	PRESENT		28eb1a3f-1c15-4a95-931a-4af90ecb574d	45.453964	-75.674896	10.0						2020-06-24T07:48:03	24	6	2020	5448870	5448870	HUMAN_OBSERVATION	iNaturalist	Observations	50761766		kalamazoo	2020-06-24T11:48:52	CC_BY_NC_4_0	kalamazoo	kalamazoo			2025-01-14T13:08:35.642Z	StillImage	COORDINATE_ROUNDED;CONTINENT_DERIVED_FROM_COORDINATES;TAXON_MATCH_TAXON_ID_IGNORED
4442571511	50c9509d-22c7-4a22-a47d-8c48425ef4a7	https://www.inaturalist.org/observations/120267504	Fungi	Basidiomycota	Agaricomycetes	Agaricales	Psathyrellaceae	Coprinopsis	Coprinopsis variegata		SPECIES	Coprinopsis variegata (Peck) Redhead, Vilgalys & Moncalvo	Coprinopsis variegata		CA		Québec	PRESENT		28eb1a3f-1c15-4a95-931a-4af90ecb574d	45.564062	-75.784898	16.0						2022-06-04T20:09:01	4	6	2022	5448870	5448870	HUMAN_OBSERVATION	iNaturalist	Observations	120267504		sohelene	2022-06-05T02:23:16	CC_BY_NC_4_0	sohelene	sohelene			2025-01-14T12:29:20.945Z	StillImage	COORDINATE_ROUNDED;CONTINENT_DERIVED_FROM_COORDINATES;TAXON_MATCH_TAXON_ID_IGNORED
4442526870	50c9509d-22c7-4a22-a47d-8c48425ef4a7	https://www.inaturalist.org/observations/179696568	Fungi	Basidiomycota	Agaricomycetes	Agaricales	Psathyrellaceae	Coprinopsis	Coprinopsis variegata		SPECIES	Coprinopsis variegata (Peck) Redhead, Vilgalys & Moncalvo	Coprinopsis variegata		CA		Ontario	PRESENT		28eb1a3f-1c15-4a95-931a-4af90ecb574d	45.473227	-75.57012	6.0						2023-08-22T12:15:48	22	8	2023	5448870	5448870	HUMAN_OBSERVATION	iNaturalist	Observations	179696568		Andrew Macumber	2023-08-22T16:17:46	CC0_1_0	Andrew Macumber	Andrew Macumber			2025-01-14T13:31:57.835Z	StillImage	COORDINATE_ROUNDED;CONTINENT_DERIVED_FROM_COORDINATES;TAXON_MATCH_TAXON_ID_IGNORED
4442380773	50c9509d-22c7-4a22-a47d-8c48425ef4a7	https://www.inaturalist.org/observations/171399220	Fungi	Basidiomycota	Agaricomycetes	Agaricales	Psathyrellaceae	Coprinopsis	Coprinopsis variegata		SPECIES	Coprinopsis variegata (Peck) Redhead, Vilgalys & Moncalvo	Coprinopsis variegata		CA		Ontario	PRESENT		28eb1a3f-1c15-4a95-931a-4af90ecb574d	45.438145	-75.688197	15.0						2023-07-05T07:04	5	7	2023	5448870	5448870	HUMAN_OBSERVATION	iNaturalist	Observations	171399220		K.A.Wickens	2023-07-06T15:55:03	CC_BY_NC_4_0	K.A.Wickens	K.A.Wickens			2025-01-14T13:31:30.139Z	StillImage	COORDINATE_ROUNDED;CONTINENT_DERIVED_FROM_COORDINATES;TAXON_MATCH_TAXON_ID_IGNORED
4442378458	50c9509d-22c7-4a22-a47d-8c48425ef4a7	https://www.inaturalist.org/observations/88813773	Fungi	Basidiomycota	Agaricomycetes	Agaricales	Psathyrellaceae	Coprinopsis	Coprinopsis variegata		SPECIES	Coprinopsis variegata (Peck) Redhead, Vilgalys & Moncalvo	Coprinopsis variegata		CA		Ontario	PRESENT		28eb1a3f-1c15-4a95-931a-4af90ecb574d	45.421807	-75.697193	37425.0						2021-07-24T17:52:07	24	7	2021	5448870	5448870	HUMAN_OBSERVATION	iNaturalist	Observations	88813773		sacics	2021-07-27T13:33:06	CC_BY_NC_4_0	sacics	sacics			2025-01-14T12:20:31.596Z	StillImage	COORDINATE_ROUNDED;CONTINENT_DERIVED_FROM_COORDINATES;TAXON_MATCH_TAXON_ID_IGNORED
4442375796	50c9509d-22c7-4a22-a47d-8c48425ef4a7	https://www.inaturalist.org/observations/171764227	Fungi	Basidiomycota	Agaricomycetes	Agaricales	Psathyrellaceae	Coprinopsis	Coprinopsis variegata		SPECIES	Coprinopsis variegata (Peck) Redhead, Vilgalys & Moncalvo	Coprinopsis variegata		CA		Québec	PRESENT		28eb1a3f-1c15-4a95-931a-4af90ecb574d	45.480865	-76.241669	4136.0						2023-07-08T12:01:43	8	7	2023	5448870	5448870	HUMAN_OBSERVATION	iNaturalist	Observations	171764227		qiotriot	2023-07-08T16:02:14	CC_BY_NC_4_0	qiotriot	qiotriot			2025-01-14T12:39:14.580Z	StillImage	COORDINATE_ROUNDED;CONTINENT_DERIVED_FROM_COORDINATES;TAXON_MATCH_TAXON_ID_IGNORED
4442360374	50c9509d-22c7-4a22-a47d-8c48425ef4a7	https://www.inaturalist.org/observations/51734336	Fungi	Basidiomycota	Agaricomycetes	Agaricales	Psathyrellaceae	Coprinopsis	Coprinopsis variegata		SPECIES	Coprinopsis variegata (Peck) Redhead, Vilgalys & Moncalvo	Coprinopsis variegata		CA		Ontario	PRESENT		28eb1a3f-1c15-4a95-931a-4af90ecb574d	45.451325	-75.665275	10.0						2020-06-19T09:31:03	19	6	2020	5448870	5448870	HUMAN_OBSERVATION	iNaturalist	Observations	51734336		janiedella	2020-07-02T21:15:19	CC_BY_NC_4_0	janiedella	janiedella			2025-01-14T13:09:53.378Z	StillImage	CONTINENT_DERIVED_FROM_COORDINATES;TAXON_MATCH_TAXON_ID_IGNORED
4442346900	50c9509d-22c7-4a22-a47d-8c48425ef4a7	https://www.inaturalist.org/observations/182388061	Fungi	Basidiomycota	Agaricomycetes	Agaricales	Psathyrellaceae	Coprinopsis	Coprinopsis variegata		SPECIES	Coprinopsis variegata (Peck) Redhead, Vilgalys & Moncalvo	Coprinopsis variegata		CA		Ontario	PRESENT		28eb1a3f-1c15-4a95-931a-4af90ecb574d	45.374517	-75.795636	61.0						2023-07-05T07:04	5	7	2023	5448870	5448870	HUMAN_OBSERVATION	iNaturalist	Observations	182388061		K.A.Wickens	2023-09-08T22:49:43	CC_BY_NC_4_0	K.A.Wickens	K.A.Wickens			2025-01-14T12:42:24.743Z	StillImage	COORDINATE_ROUNDED;CONTINENT_DERIVED_FROM_COORDINATES;TAXON_MATCH_TAXON_ID_IGNORED
4413841133	50c9509d-22c7-4a22-a47d-8c48425ef4a7	https://www.inaturalist.org/observations/183062478	Fungi	Basidiomycota	Agaricomycetes	Agaricales	Psathyrellaceae	Coprinopsis	Coprinopsis variegata		SPECIES	Coprinopsis variegata (Peck) Redhead, Vilgalys & Moncalvo	Coprinopsis variegata		CA		Québec	PRESENT		28eb1a3f-1c15-4a95-931a-4af90ecb574d	45.510258	-73.58525	10.0						2017-07-02T02:12:11	2	7	2017	5448870	5448870	HUMAN_OBSERVATION	iNaturalist	Observations	183062478		Antoine Fortin	2023-09-14T01:38:58	CC_BY_4_0	Saira Manns	Saira Manns			2025-01-14T13:32:19.875Z	StillImage	COORDINATE_ROUNDED;CONTINENT_DERIVED_FROM_COORDINATES;TAXON_MATCH_TAXON_ID_IGNORED
4413552360	50c9509d-22c7-4a22-a47d-8c48425ef4a7	https://www.inaturalist.org/observations/86326284	Fungi	Basidiomycota	Agaricomycetes	Agaricales	Psathyrellaceae	Coprinopsis	Coprinopsis variegata		SPECIES	Coprinopsis variegata (Peck) Redhead, Vilgalys & Moncalvo	Coprinopsis variegata		CA		Québec	PRESENT		28eb1a3f-1c15-4a95-931a-4af90ecb574d	45.45347	-73.805512	10.0						2021-07-09T13:36:37	9	7	2021	5448870	5448870	HUMAN_OBSERVATION	iNaturalist	Observations	86326284		thetoaster	2021-07-09T21:09:10	CC_BY_NC_4_0	thetoaster	thetoaster			2025-01-14T13:10:25.236Z	StillImage	COORDINATE_ROUNDED;CONTINENT_DERIVED_FROM_COORDINATES;TAXON_MATCH_TAXON_ID_IGNORED
4413417564	50c9509d-22c7-4a22-a47d-8c48425ef4a7	https://www.inaturalist.org/observations/128666320	Fungi	Basidiomycota	Agaricomycetes	Agaricales	Psathyrellaceae	Coprinopsis	Coprinopsis variegata		SPECIES	Coprinopsis variegata (Peck) Redhead, Vilgalys & Moncalvo	Coprinopsis variegata		CA		Ontario	PRESENT		28eb1a3f-1c15-4a95-931a-4af90ecb574d	45.466035	-75.507626	39.0						2022-07-30T13:58	30	7	2022	5448870	5448870	HUMAN_OBSERVATION	iNaturalist	Observations	128666320		Paula DeSanto	2022-07-31T15:22:46	CC_BY_NC_4_0	jonathan_mack	jonathan_mack			2025-01-14T13:18:28.806Z	StillImage	COORDINATE_ROUNDED;CONTINENT_DERIVED_FROM_COORDINATES;TAXON_MATCH_TAXON_ID_IGNORED
4171363530	50c9509d-22c7-4a22-a47d-8c48425ef4a7	https://www.inaturalist.org/observations/120586364	Fungi	Basidiomycota	Agaricomycetes	Agaricales	Psathyrellaceae	Coprinopsis	Coprinopsis variegata		SPECIES	Coprinopsis variegata (Peck) Redhead, Vilgalys & Moncalvo	Coprinopsis variegata		CA		Québec	PRESENT		28eb1a3f-1c15-4a95-931a-4af90ecb574d	46.09502	-73.257837	12.0						2022-06-06T13:33:59	6	6	2022	5448870	5448870	HUMAN_OBSERVATION	iNaturalist	Observations	120586364		andreaga	2022-06-06T22:43:46	CC_BY_NC_4_0	andreaga	andreaga			2025-01-14T12:28:18.743Z	StillImage	COORDINATE_ROUNDED;CONTINENT_DERIVED_FROM_COORDINATES;TAXON_MATCH_TAXON_ID_IGNORED
4171335376	50c9509d-22c7-4a22-a47d-8c48425ef4a7	https://www.inaturalist.org/observations/53207515	Fungi	Basidiomycota	Agaricomycetes	Agaricales	Psathyrellaceae	Coprinopsis	Coprinopsis variegata		SPECIES	Coprinopsis variegata (Peck) Redhead, Vilgalys & Moncalvo	Coprinopsis variegata		CA		Ontario	PRESENT		28eb1a3f-1c15-4a95-931a-4af90ecb574d	45.465042	-75.508826	40.0						2020-07-15T15:25	15	7	2020	5448870	5448870	HUMAN_OBSERVATION	iNaturalist	Observations	53207515		jonathan_mack	2020-07-15T23:27:07	CC_BY_NC_4_0	jonathan_mack	jonathan_mack			2025-01-14T12:14:39.331Z	StillImage	COORDINATE_ROUNDED;CONTINENT_DERIVED_FROM_COORDINATES;TAXON_MATCH_TAXON_ID_IGNORED
4171263388	50c9509d-22c7-4a22-a47d-8c48425ef4a7	https://www.inaturalist.org/observations/54063493	Fungi	Basidiomycota	Agaricomycetes	Agaricales	Psathyrellaceae	Coprinopsis	Coprinopsis variegata		SPECIES	Coprinopsis variegata (Peck) Redhead, Vilgalys & Moncalvo	Coprinopsis variegata		CA		Québec	PRESENT		28eb1a3f-1c15-4a95-931a-4af90ecb574d	45.514141	-73.592514	134.0						2020-07-22T11:45:35Z	22	7	2020	5448870	5448870	HUMAN_OBSERVATION	iNaturalist	Observations	54063493		fmenage	2020-07-23T15:54:36	CC_BY_NC_4_0	fmenage	fmenage			2025-01-14T12:14:41.673Z	StillImage	COORDINATE_ROUNDED;CONTINENT_DERIVED_FROM_COORDINATES;TAXON_MATCH_TAXON_ID_IGNORED
4171186254	50c9509d-22c7-4a22-a47d-8c48425ef4a7	https://www.inaturalist.org/observations/175092056	Fungi	Basidiomycota	Agaricomycetes	Agaricales	Psathyrellaceae	Coprinopsis	Coprinopsis variegata		SPECIES	Coprinopsis variegata (Peck) Redhead, Vilgalys & Moncalvo	Coprinopsis variegata		CA		Ontario	PRESENT		28eb1a3f-1c15-4a95-931a-4af90ecb574d	45.421028	-75.697193	37425.0						2023-07-22T17:22:26	22	7	2023	5448870	5448870	HUMAN_OBSERVATION	iNaturalist	Observations	175092056		sacics	2023-07-26T19:51:30	CC_BY_NC_4_0	sacics	sacics			2025-01-14T13:28:09.980Z	StillImage	COORDINATE_ROUNDED;CONTINENT_DERIVED_FROM_COORDINATES;TAXON_MATCH_TAXON_ID_IGNORED
4165754138	50c9509d-22c7-4a22-a47d-8c48425ef4a7	https://www.inaturalist.org/observations/174420499	Fungi	Basidiomycota	Agaricomycetes	Agaricales	Psathyrellaceae	Coprinopsis	Coprinopsis variegata		SPECIES	Coprinopsis variegata (Peck) Redhead, Vilgalys & Moncalvo	Coprinopsis variegata		CA		Ontario	PRESENT		28eb1a3f-1c15-4a95-931a-4af90ecb574d	45.388423	-75.738411	101.0						2023-07-21T11:19:13	21	7	2023	5448870	5448870	HUMAN_OBSERVATION	iNaturalist	Observations	174420499		Sam Lauchlan	2023-07-23T05:25:34	CC_BY_NC_4_0	Sam Lauchlan	Sam Lauchlan			2025-01-14T12:42:28.568Z	StillImage	COORDINATE_ROUNDED;CONTINENT_DERIVED_FROM_COORDINATES;TAXON_MATCH_TAXON_ID_IGNORED
4165574974	50c9509d-22c7-4a22-a47d-8c48425ef4a7	https://www.inaturalist.org/observations/173673760	Fungi	Basidiomycota	Agaricomycetes	Agaricales	Psathyrellaceae	Coprinopsis	Coprinopsis variegata		SPECIES	Coprinopsis variegata (Peck) Redhead, Vilgalys & Moncalvo	Coprinopsis variegata		CA		Québec	PRESENT		28eb1a3f-1c15-4a95-931a-4af90ecb574d	45.496049	-73.617099	15.0						2023-07-18T18:14:29	18	7	2023	5448870	5448870	HUMAN_OBSERVATION	iNaturalist	Observations	173673760		Nicolas Schwab	2023-07-18T22:23:48	CC_BY_NC_4_0	surprisedpikachu	surprisedpikachu			2025-01-14T13:31:39.684Z	StillImage	COORDINATE_ROUNDED;CONTINENT_DERIVED_FROM_COORDINATES;TAXON_MATCH_TAXON_ID_IGNORED
4162090379	50c9509d-22c7-4a22-a47d-8c48425ef4a7	https://www.inaturalist.org/observations/89658138	Fungi	Basidiomycota	Agaricomycetes	Agaricales	Psathyrellaceae	Coprinopsis	Coprinopsis variegata		SPECIES	Coprinopsis variegata (Peck) Redhead, Vilgalys & Moncalvo	Coprinopsis variegata		CA		Ontario	PRESENT		28eb1a3f-1c15-4a95-931a-4af90ecb574d	45.450397	-75.578927	395.0						2021-07-29T19:28:17	29	7	2021	5448870	5448870	HUMAN_OBSERVATION	iNaturalist	Observations	89658138		amanitamozart	2023-06-02T00:48:07	CC_BY_NC_4_0	carmigi	carmigi			2025-01-14T14:01:50.318Z	StillImage	COORDINATE_ROUNDED;CONTINENT_DERIVED_FROM_COORDINATES;TAXON_MATCH_TAXON_ID_IGNORED
4153966221	50c9509d-22c7-4a22-a47d-8c48425ef4a7	https://www.inaturalist.org/observations/172066830	Fungi	Basidiomycota	Agaricomycetes	Agaricales	Psathyrellaceae	Coprinopsis	Coprinopsis variegata		SPECIES	Coprinopsis variegata (Peck) Redhead, Vilgalys & Moncalvo	Coprinopsis variegata		CA		Québec	PRESENT		28eb1a3f-1c15-4a95-931a-4af90ecb574d	45.424285	-75.819852							2023-07-09T16:22	9	7	2023	5448870	5448870	HUMAN_OBSERVATION	iNaturalist	Observations	172066830		jonathan_mack	2023-07-09T23:50:56	CC_BY_NC_4_0	jonathan_mack	jonathan_mack			2025-01-14T13:31:43.060Z	StillImage	COORDINATE_ROUNDED;CONTINENT_DERIVED_FROM_COORDINATES;TAXON_MATCH_TAXON_ID_IGNORED
4153961881	50c9509d-22c7-4a22-a47d-8c48425ef4a7	https://www.inaturalist.org/observations/171253902	Fungi	Basidiomycota	Agaricomycetes	Agaricales	Psathyrellaceae	Coprinopsis	Coprinopsis variegata		SPECIES	Coprinopsis variegata (Peck) Redhead, Vilgalys & Moncalvo	Coprinopsis variegata		CA		Québec	PRESENT		28eb1a3f-1c15-4a95-931a-4af90ecb574d	45.498675	-73.590118	31.0						2022-06-24T09:56	24	6	2022	5448870	5448870	HUMAN_OBSERVATION	iNaturalist	Observations	171253902		Antoine Fortin	2023-07-05T18:59:17	CC_BY_NC_4_0	Antoine Fortin	Antoine Fortin			2025-01-14T12:37:52.897Z	StillImage	COORDINATE_ROUNDED;CONTINENT_DERIVED_FROM_COORDINATES;TAXON_MATCH_TAXON_ID_IGNORED
4153553969	50c9509d-22c7-4a22-a47d-8c48425ef4a7	https://www.inaturalist.org/observations/171253901	Fungi	Basidiomycota	Agaricomycetes	Agaricales	Psathyrellaceae	Coprinopsis	Coprinopsis variegata		SPECIES	Coprinopsis variegata (Peck) Redhead, Vilgalys & Moncalvo	Coprinopsis variegata		CA		Québec	PRESENT		28eb1a3f-1c15-4a95-931a-4af90ecb574d	45.498755	-73.590097	15.0						2022-06-22T09:54	22	6	2022	5448870	5448870	HUMAN_OBSERVATION	iNaturalist	Observations	171253901		Antoine Fortin	2023-07-05T18:59:17	CC_BY_NC_4_0	Antoine Fortin	Antoine Fortin			2025-01-14T12:37:53.797Z	StillImage	COORDINATE_ROUNDED;CONTINENT_DERIVED_FROM_COORDINATES;TAXON_MATCH_TAXON_ID_IGNORED
4145791025	50c9509d-22c7-4a22-a47d-8c48425ef4a7	https://www.inaturalist.org/observations/170487757	Fungi	Basidiomycota	Agaricomycetes	Agaricales	Psathyrellaceae	Coprinopsis	Coprinopsis variegata		SPECIES	Coprinopsis variegata (Peck) Redhead, Vilgalys & Moncalvo	Coprinopsis variegata		CA		New Brunswick	PRESENT		28eb1a3f-1c15-4a95-931a-4af90ecb574d	45.893106	-64.370753							2023-07-01T14:40:28	1	7	2023	5448870	5448870	HUMAN_OBSERVATION	iNaturalist	Observations	170487757		amanitamozart	2023-07-01T18:36:34	CC_BY_NC_4_0	Devin R. de Zwaan	Devin R. de Zwaan			2025-01-14T12:36:11.711Z	StillImage	COORDINATE_ROUNDED;CONTINENT_DERIVED_FROM_COORDINATES;TAXON_MATCH_TAXON_ID_IGNORED
4145565439	50c9509d-22c7-4a22-a47d-8c48425ef4a7	https://www.inaturalist.org/observations/170194471	Fungi	Basidiomycota	Agaricomycetes	Agaricales	Psathyrellaceae	Coprinopsis	Coprinopsis variegata		SPECIES	Coprinopsis variegata (Peck) Redhead, Vilgalys & Moncalvo	Coprinopsis variegata		CA		Ontario	PRESENT		28eb1a3f-1c15-4a95-931a-4af90ecb574d	45.432838	-76.32118	10.0						2023-06-29T13:55:01	29	6	2023	5448870	5448870	HUMAN_OBSERVATION	iNaturalist	Observations	170194471		gordv	2023-06-29T23:23:44	CC_BY_NC_4_0	gordv	gordv			2025-01-14T12:37:33.989Z	StillImage	COORDINATE_ROUNDED;CONTINENT_DERIVED_FROM_COORDINATES;TAXON_MATCH_TAXON_ID_IGNORED
4145548917	50c9509d-22c7-4a22-a47d-8c48425ef4a7	https://www.inaturalist.org/observations/169874965	Fungi	Basidiomycota	Agaricomycetes	Agaricales	Psathyrellaceae	Coprinopsis	Coprinopsis variegata		SPECIES	Coprinopsis variegata (Peck) Redhead, Vilgalys & Moncalvo	Coprinopsis variegata		CA		Québec	PRESENT		28eb1a3f-1c15-4a95-931a-4af90ecb574d	45.555846	-73.471179	31.0						2023-06-27T09:13	27	6	2023	5448870	5448870	HUMAN_OBSERVATION	iNaturalist	Observations	169874965		Antoine Fortin	2023-06-28T01:21:29	CC_BY_NC_4_0	Antoine Fortin	Antoine Fortin			2025-01-14T12:36:15.343Z	StillImage	COORDINATE_ROUNDED;CONTINENT_DERIVED_FROM_COORDINATES;TAXON_MATCH_TAXON_ID_IGNORED
4145368308	50c9509d-22c7-4a22-a47d-8c48425ef4a7	https://www.inaturalist.org/observations/49484308	Fungi	Basidiomycota	Agaricomycetes	Agaricales	Psathyrellaceae	Coprinopsis	Coprinopsis variegata		SPECIES	Coprinopsis variegata (Peck) Redhead, Vilgalys & Moncalvo	Coprinopsis variegata		CA		Québec	PRESENT		28eb1a3f-1c15-4a95-931a-4af90ecb574d	45.457726	-73.563387	65.0						2020-06-13T15:50:55	13	6	2020	5448870	5448870	HUMAN_OBSERVATION	iNaturalist	Observations	49484308		manutchoupi	2020-06-13T19:51:58	CC_BY_NC_4_0	manutchoupi	manutchoupi			2025-01-14T12:13:03.379Z	StillImage	COORDINATE_ROUNDED;CONTINENT_DERIVED_FROM_COORDINATES;TAXON_MATCH_TAXON_ID_IGNORED
4145351154	50c9509d-22c7-4a22-a47d-8c48425ef4a7	https://www.inaturalist.org/observations/169953874	Fungi	Basidiomycota	Agaricomycetes	Agaricales	Psathyrellaceae	Coprinopsis	Coprinopsis variegata		SPECIES	Coprinopsis variegata (Peck) Redhead, Vilgalys & Moncalvo	Coprinopsis variegata		CA		Ontario	PRESENT		28eb1a3f-1c15-4a95-931a-4af90ecb574d	45.402977	-75.920815	90.0						2023-06-28T11:15:15	28	6	2023	5448870	5448870	HUMAN_OBSERVATION	iNaturalist	Observations	169953874		AdElysium	2023-06-28T15:15:31	CC_BY_NC_4_0	AdElysium	AdElysium			2025-01-14T13:31:22.074Z	StillImage	COORDINATE_ROUNDED;CONTINENT_DERIVED_FROM_COORDINATES;TAXON_MATCH_TAXON_ID_IGNORED
4138701238	50c9509d-22c7-4a22-a47d-8c48425ef4a7	https://www.inaturalist.org/observations/169420387	Fungi	Basidiomycota	Agaricomycetes	Agaricales	Psathyrellaceae	Coprinopsis	Coprinopsis variegata		SPECIES	Coprinopsis variegata (Peck) Redhead, Vilgalys & Moncalvo	Coprinopsis variegata		CA		Ontario	PRESENT		28eb1a3f-1c15-4a95-931a-4af90ecb574d	45.453855	-75.674837	37.0						2023-06-22T13:58	22	6	2023	5448870	5448870	HUMAN_OBSERVATION	iNaturalist	Observations	169420387		amanitamozart	2023-06-26T01:38:31	CC_BY_NC_4_0	mesijo_tnetenba	mesijo_tnetenba			2025-01-14T12:36:25.898Z	StillImage	COORDINATE_ROUNDED;CONTINENT_DERIVED_FROM_COORDINATES;TAXON_MATCH_TAXON_ID_IGNORED
4138259649	50c9509d-22c7-4a22-a47d-8c48425ef4a7	https://www.inaturalist.org/observations/168303231	Fungi	Basidiomycota	Agaricomycetes	Agaricales	Psathyrellaceae	Coprinopsis	Coprinopsis variegata		SPECIES	Coprinopsis variegata (Peck) Redhead, Vilgalys & Moncalvo	Coprinopsis variegata		CA		Québec	PRESENT		28eb1a3f-1c15-4a95-931a-4af90ecb574d	45.49877	-73.590262	47.0						2023-06-17T10:56	17	6	2023	5448870	5448870	HUMAN_OBSERVATION	iNaturalist	Observations	168303231		Antoine Fortin	2023-06-19T14:57:12	CC_BY_NC_4_0	Antoine Fortin	Antoine Fortin			2025-01-14T12:38:07.381Z	StillImage	COORDINATE_ROUNDED;CONTINENT_DERIVED_FROM_COORDINATES;TAXON_MATCH_TAXON_ID_IGNORED
4138028606	50c9509d-22c7-4a22-a47d-8c48425ef4a7	https://www.inaturalist.org/observations/168366755	Fungi	Basidiomycota	Agaricomycetes	Agaricales	Psathyrellaceae	Coprinopsis	Coprinopsis variegata		SPECIES	Coprinopsis variegata (Peck) Redhead, Vilgalys & Moncalvo	Coprinopsis variegata		CA		Québec	PRESENT		28eb1a3f-1c15-4a95-931a-4af90ecb574d	45.980501	-76.404194	27095.0						2023-06-17T13:56	17	6	2023	5448870	5448870	HUMAN_OBSERVATION	iNaturalist	Observations	168366755		L Joan Heyding	2023-06-19T20:29:41	CC_BY_NC_4_0	L Joan Heyding	L Joan Heyding			2025-01-14T13:31:13.163Z	StillImage	COORDINATE_ROUNDED;CONTINENT_DERIVED_FROM_COORDINATES;TAXON_MATCH_TAXON_ID_IGNORED
4137785039	50c9509d-22c7-4a22-a47d-8c48425ef4a7	https://www.inaturalist.org/observations/167733004	Fungi	Basidiomycota	Agaricomycetes	Agaricales	Psathyrellaceae	Coprinopsis	Coprinopsis variegata		SPECIES	Coprinopsis variegata (Peck) Redhead, Vilgalys & Moncalvo	Coprinopsis variegata		CA		Québec	PRESENT		28eb1a3f-1c15-4a95-931a-4af90ecb574d	45.462142	-73.62092	4.0						2023-06-15T15:37:16	15	6	2023	5448870	5448870	HUMAN_OBSERVATION	iNaturalist	Observations	167733004		gabdsc	2023-06-16T17:41:33	CC_BY_NC_4_0	gabdsc	gabdsc			2025-01-14T13:25:12.974Z	StillImage	COORDINATE_ROUNDED;CONTINENT_DERIVED_FROM_COORDINATES;TAXON_MATCH_TAXON_ID_IGNORED
4133782339	50c9509d-22c7-4a22-a47d-8c48425ef4a7	https://www.inaturalist.org/observations/49356873	Fungi	Basidiomycota	Agaricomycetes	Agaricales	Psathyrellaceae	Coprinopsis	Coprinopsis variegata		SPECIES	Coprinopsis variegata (Peck) Redhead, Vilgalys & Moncalvo	Coprinopsis variegata		CA		Ontario	PRESENT		28eb1a3f-1c15-4a95-931a-4af90ecb574d	45.284063	-75.82045	16.0						2020-06-12T11:59:44	12	6	2020	5448870	5448870	HUMAN_OBSERVATION	iNaturalist	Observations	49356873		Igor Khomenko	2020-06-12T18:54:20	CC_BY_NC_4_0	Igor Khomenko	Igor Khomenko			2025-01-14T12:13:44.997Z	StillImage	COORDINATE_ROUNDED;CONTINENT_DERIVED_FROM_COORDINATES;TAXON_MATCH_TAXON_ID_IGNORED
4129972372	50c9509d-22c7-4a22-a47d-8c48425ef4a7	https://www.inaturalist.org/observations/121501409	Fungi	Basidiomycota	Agaricomycetes	Agaricales	Psathyrellaceae	Coprinopsis	Coprinopsis variegata		SPECIES	Coprinopsis variegata (Peck) Redhead, Vilgalys & Moncalvo	Coprinopsis variegata		CA		Ontario	PRESENT		28eb1a3f-1c15-4a95-931a-4af90ecb574d	45.409467	-75.682053	29.0						2022-06-12T16:34:55	12	6	2022	5448870	5448870	HUMAN_OBSERVATION	iNaturalist	Observations	121501409		Jason Fleischer	2022-06-12T22:46:10	CC_BY_NC_4_0	Jason Fleischer	Jason Fleischer			2025-01-14T13:22:48.724Z	StillImage	COORDINATE_ROUNDED;CONTINENT_DERIVED_FROM_COORDINATES;TAXON_MATCH_TAXON_ID_IGNORED
4129963888	50c9509d-22c7-4a22-a47d-8c48425ef4a7	https://www.inaturalist.org/observations/165326853	Fungi	Basidiomycota	Agaricomycetes	Agaricales	Psathyrellaceae	Coprinopsis	Coprinopsis variegata		SPECIES	Coprinopsis variegata (Peck) Redhead, Vilgalys & Moncalvo	Coprinopsis variegata		CA		Ontario	PRESENT		28eb1a3f-1c15-4a95-931a-4af90ecb574d	45.388895	-75.53638							2023-06-03T12:06:45	3	6	2023	5448870	5448870	HUMAN_OBSERVATION	iNaturalist	Observations	165326853		Johann Wagner	2023-06-03T16:07:49	CC_BY_NC_4_0	Johann Wagner	Johann Wagner			2025-01-14T12:35:10.912Z	StillImage	COORDINATE_ROUNDED;CONTINENT_DERIVED_FROM_COORDINATES;TAXON_MATCH_TAXON_ID_IGNORED
4121194388	50c9509d-22c7-4a22-a47d-8c48425ef4a7	https://www.inaturalist.org/observations/144939202	Fungi	Basidiomycota	Agaricomycetes	Agaricales	Psathyrellaceae	Coprinopsis	Coprinopsis variegata		SPECIES	Coprinopsis variegata (Peck) Redhead, Vilgalys & Moncalvo	Coprinopsis variegata		CA		Ontario	PRESENT		28eb1a3f-1c15-4a95-931a-4af90ecb574d	45.459565	-76.261182	10.0						2019-06-17T15:31	17	6	2019	5448870	5448870	HUMAN_OBSERVATION	iNaturalist	Observations	144939202		Jakob Mueller	2022-12-23T19:59:20	CC_BY_NC_4_0	Jakob Mueller	Jakob Mueller			2025-01-14T13:26:42.590Z	StillImage	COORDINATE_ROUNDED;CONTINENT_DERIVED_FROM_COORDINATES;TAXON_MATCH_TAXON_ID_IGNORED
4009763891	50c9509d-22c7-4a22-a47d-8c48425ef4a7	https://www.inaturalist.org/observations/144941320	Fungi	Basidiomycota	Agaricomycetes	Agaricales	Psathyrellaceae	Coprinopsis	Coprinopsis variegata		SPECIES	Coprinopsis variegata (Peck) Redhead, Vilgalys & Moncalvo	Coprinopsis variegata		CA		Ontario	PRESENT		28eb1a3f-1c15-4a95-931a-4af90ecb574d	45.459678	-76.258173	10.0						2019-06-17T16:14	17	6	2019	5448870	5448870	HUMAN_OBSERVATION	iNaturalist	Observations	144941320		Jakob Mueller	2022-12-23T20:45:32	CC_BY_NC_4_0	Jakob Mueller	Jakob Mueller			2025-01-14T13:27:24.055Z	StillImage	COORDINATE_ROUNDED;CONTINENT_DERIVED_FROM_COORDINATES;TAXON_MATCH_TAXON_ID_IGNORED
3985623685	50c9509d-22c7-4a22-a47d-8c48425ef4a7	https://www.inaturalist.org/observations/126260196	Fungi	Basidiomycota	Agaricomycetes	Agaricales	Psathyrellaceae	Coprinopsis	Coprinopsis variegata		SPECIES	Coprinopsis variegata (Peck) Redhead, Vilgalys & Moncalvo	Coprinopsis variegata		CA		Ontario	PRESENT		28eb1a3f-1c15-4a95-931a-4af90ecb574d	45.405484	-75.586938	565.0						2022-07-09T15:56	9	7	2022	5448870	5448870	HUMAN_OBSERVATION	iNaturalist	Observations	126260196		slavi	2022-07-14T21:30:33	CC_BY_NC_4_0	slavi	slavi			2025-01-14T12:30:44.806Z	StillImage	COORDINATE_ROUNDED;CONTINENT_DERIVED_FROM_COORDINATES;TAXON_MATCH_TAXON_ID_IGNORED
3889002419	50c9509d-22c7-4a22-a47d-8c48425ef4a7	https://www.inaturalist.org/observations/122090206	Fungi	Basidiomycota	Agaricomycetes	Agaricales	Psathyrellaceae	Coprinopsis	Coprinopsis variegata		SPECIES	Coprinopsis variegata (Peck) Redhead, Vilgalys & Moncalvo	Coprinopsis variegata		CA		Québec	PRESENT		28eb1a3f-1c15-4a95-931a-4af90ecb574d	45.983294	-76.513755	27095.0						2022-06-15T10:17	15	6	2022	5448870	5448870	HUMAN_OBSERVATION	iNaturalist	Observations	122090206		L Joan Heyding	2022-06-16T23:35:53	CC_BY_NC_4_0	L Joan Heyding	L Joan Heyding			2025-01-14T13:13:28.853Z	StillImage	COORDINATE_ROUNDED;CONTINENT_DERIVED_FROM_COORDINATES;TAXON_MATCH_TAXON_ID_IGNORED
3888722420	50c9509d-22c7-4a22-a47d-8c48425ef4a7	https://www.inaturalist.org/observations/121020679	Fungi	Basidiomycota	Agaricomycetes	Agaricales	Psathyrellaceae	Coprinopsis	Coprinopsis variegata		SPECIES	Coprinopsis variegata (Peck) Redhead, Vilgalys & Moncalvo	Coprinopsis variegata		CA		Ontario	PRESENT		28eb1a3f-1c15-4a95-931a-4af90ecb574d	45.44442	-75.414019	27158.0						2022-06-09T15:56	9	6	2022	5448870	5448870	HUMAN_OBSERVATION	iNaturalist	Observations	121020679		L Joan Heyding	2022-06-09T22:46:52	CC_BY_NC_4_0	L Joan Heyding	L Joan Heyding			2025-01-14T12:29:47.708Z	StillImage	COORDINATE_ROUNDED;CONTINENT_DERIVED_FROM_COORDINATES;TAXON_MATCH_TAXON_ID_IGNORED
3881940387	50c9509d-22c7-4a22-a47d-8c48425ef4a7	https://www.inaturalist.org/observations/129080803	Fungi	Basidiomycota	Agaricomycetes	Agaricales	Psathyrellaceae	Coprinopsis	Coprinopsis variegata		SPECIES	Coprinopsis variegata (Peck) Redhead, Vilgalys & Moncalvo	Coprinopsis variegata		CA		Québec	PRESENT		28eb1a3f-1c15-4a95-931a-4af90ecb574d	45.459071	-74.139188	8.0						2022-07-30T17:45	30	7	2022	5448870	5448870	HUMAN_OBSERVATION	iNaturalist	Observations	129080803		Elizabeth Buchanan	2022-08-02T02:05:25	CC_BY_NC_4_0	Elizabeth Buchanan	Elizabeth Buchanan			2025-01-14T13:24:56.490Z	StillImage	COORDINATE_ROUNDED;CONTINENT_DERIVED_FROM_COORDINATES;TAXON_MATCH_TAXON_ID_IGNORED
3881861866	50c9509d-22c7-4a22-a47d-8c48425ef4a7	https://www.inaturalist.org/observations/129081791	Fungi	Basidiomycota	Agaricomycetes	Agaricales	Psathyrellaceae	Coprinopsis	Coprinopsis variegata		SPECIES	Coprinopsis variegata (Peck) Redhead, Vilgalys & Moncalvo	Coprinopsis variegata		CA		Québec	PRESENT		28eb1a3f-1c15-4a95-931a-4af90ecb574d	45.459079	-74.139115							2022-07-31T01:48	31	7	2022	5448870	5448870	HUMAN_OBSERVATION	iNaturalist	Observations	129081791		Elizabeth Buchanan	2022-08-02T02:14:11	CC_BY_NC_4_0	Elizabeth Buchanan	Elizabeth Buchanan			2025-01-14T12:31:09.458Z	StillImage	CONTINENT_DERIVED_FROM_COORDINATES;TAXON_MATCH_TAXON_ID_IGNORED
3881416184	50c9509d-22c7-4a22-a47d-8c48425ef4a7	https://www.inaturalist.org/observations/128829509	Fungi	Basidiomycota	Agaricomycetes	Agaricales	Psathyrellaceae	Coprinopsis	Coprinopsis variegata		SPECIES	Coprinopsis variegata (Peck) Redhead, Vilgalys & Moncalvo	Coprinopsis variegata		CA		Québec	PRESENT		28eb1a3f-1c15-4a95-931a-4af90ecb574d	45.458761	-74.136922	8.0						2022-07-30T17:44	30	7	2022	5448870	5448870	HUMAN_OBSERVATION	iNaturalist	Observations	128829509		Kilby Gordon	2022-07-31T17:21:50	CC_BY_NC_4_0	Kilby Gordon	Kilby Gordon			2025-01-14T13:30:43.837Z	StillImage	COORDINATE_ROUNDED;CONTINENT_DERIVED_FROM_COORDINATES;TAXON_MATCH_TAXON_ID_IGNORED
3873525141	50c9509d-22c7-4a22-a47d-8c48425ef4a7	https://www.inaturalist.org/observations/126143292	Fungi	Basidiomycota	Agaricomycetes	Agaricales	Psathyrellaceae	Coprinopsis	Coprinopsis variegata		SPECIES	Coprinopsis variegata (Peck) Redhead, Vilgalys & Moncalvo	Coprinopsis variegata		CA		Québec	PRESENT		28eb1a3f-1c15-4a95-931a-4af90ecb574d	45.800478	-76.405577	27095.0						2022-07-09T13:10	9	7	2022	5448870	5448870	HUMAN_OBSERVATION	iNaturalist	Observations	126143292		L Joan Heyding	2022-07-14T00:48:54	CC_BY_NC_4_0	L Joan Heyding	L Joan Heyding			2025-01-14T13:14:20.178Z	StillImage	COORDINATE_ROUNDED;CONTINENT_DERIVED_FROM_COORDINATES;TAXON_MATCH_TAXON_ID_IGNORED
3860720391	50c9509d-22c7-4a22-a47d-8c48425ef4a7	https://www.inaturalist.org/observations/121475739	Fungi	Basidiomycota	Agaricomycetes	Agaricales	Psathyrellaceae	Coprinopsis	Coprinopsis variegata		SPECIES	Coprinopsis variegata (Peck) Redhead, Vilgalys & Moncalvo	Coprinopsis variegata		CA		Québec	PRESENT		28eb1a3f-1c15-4a95-931a-4af90ecb574d	45.51663	-73.533389	5.0						2022-06-12T16:09:43	12	6	2022	5448870	5448870	HUMAN_OBSERVATION	iNaturalist	Observations	121475739		xilonel	2022-06-12T20:11:13	CC_BY_NC_4_0	xilonel	xilonel			2025-01-14T13:15:50.803Z	StillImage	COORDINATE_ROUNDED;CONTINENT_DERIVED_FROM_COORDINATES;TAXON_MATCH_TAXON_ID_IGNORED
3860104202	50c9509d-22c7-4a22-a47d-8c48425ef4a7	https://www.inaturalist.org/observations/122318521	Fungi	Basidiomycota	Agaricomycetes	Agaricales	Psathyrellaceae	Coprinopsis	Coprinopsis variegata		SPECIES	Coprinopsis variegata (Peck) Redhead, Vilgalys & Moncalvo	Coprinopsis variegata		CA		Québec	PRESENT		28eb1a3f-1c15-4a95-931a-4af90ecb574d	45.417041	-75.83768	27.0						2022-06-17T12:58	17	6	2022	5448870	5448870	HUMAN_OBSERVATION	iNaturalist	Observations	122318521		jonathan_mack	2022-06-18T15:11:31	CC_BY_NC_4_0	jonathan_mack	jonathan_mack			2025-01-14T13:22:34.616Z	StillImage	COORDINATE_ROUNDED;CONTINENT_DERIVED_FROM_COORDINATES;TAXON_MATCH_TAXON_ID_IGNORED
3860062885	50c9509d-22c7-4a22-a47d-8c48425ef4a7	https://www.inaturalist.org/observations/119596328	Fungi	Basidiomycota	Agaricomycetes	Agaricales	Psathyrellaceae	Coprinopsis	Coprinopsis variegata		SPECIES	Coprinopsis variegata (Peck) Redhead, Vilgalys & Moncalvo	Coprinopsis variegata		CA		Ontario	PRESENT		28eb1a3f-1c15-4a95-931a-4af90ecb574d	45.462685	-75.608658	35.0						2022-05-31T11:26:27	31	5	2022	5448870	5448870	HUMAN_OBSERVATION	iNaturalist	Observations	119596328		rjayork	2022-05-31T15:27:07	CC_BY_NC_4_0	rjayork	rjayork			2025-01-14T12:29:29.663Z	StillImage	COORDINATE_ROUNDED;CONTINENT_DERIVED_FROM_COORDINATES;TAXON_MATCH_TAXON_ID_IGNORED
3859567307	50c9509d-22c7-4a22-a47d-8c48425ef4a7	https://www.inaturalist.org/observations/121270186	Fungi	Basidiomycota	Agaricomycetes	Agaricales	Psathyrellaceae	Coprinopsis	Coprinopsis variegata		SPECIES	Coprinopsis variegata (Peck) Redhead, Vilgalys & Moncalvo	Coprinopsis variegata		CA		Ontario	PRESENT		28eb1a3f-1c15-4a95-931a-4af90ecb574d	45.338837	-75.926392	4.0						2022-06-11T11:01:34	11	6	2022	5448870	5448870	HUMAN_OBSERVATION	iNaturalist	Observations	121270186		meswift	2022-06-11T17:46:59	CC_BY_NC_4_0	meswift	meswift			2025-01-14T12:29:36.725Z	StillImage	COORDINATE_ROUNDED;CONTINENT_DERIVED_FROM_COORDINATES;TAXON_MATCH_TAXON_ID_IGNORED
3859561139	50c9509d-22c7-4a22-a47d-8c48425ef4a7	https://www.inaturalist.org/observations/122202186	Fungi	Basidiomycota	Agaricomycetes	Agaricales	Psathyrellaceae	Coprinopsis	Coprinopsis variegata		SPECIES	Coprinopsis variegata (Peck) Redhead, Vilgalys & Moncalvo	Coprinopsis variegata		CA		Québec	PRESENT		28eb1a3f-1c15-4a95-931a-4af90ecb574d	45.418036	-75.836852	391.0						2022-06-17T08:49	17	6	2022	5448870	5448870	HUMAN_OBSERVATION	iNaturalist	Observations	122202186		L Joan Heyding	2022-06-17T19:29:36	CC_BY_NC_4_0	L Joan Heyding	L Joan Heyding			2025-01-14T13:16:02.152Z	StillImage	COORDINATE_ROUNDED;CONTINENT_DERIVED_FROM_COORDINATES;TAXON_MATCH_TAXON_ID_IGNORED
3858752386	50c9509d-22c7-4a22-a47d-8c48425ef4a7	https://www.inaturalist.org/observations/123687879	Fungi	Basidiomycota	Agaricomycetes	Agaricales	Psathyrellaceae	Coprinopsis	Coprinopsis variegata		SPECIES	Coprinopsis variegata (Peck) Redhead, Vilgalys & Moncalvo	Coprinopsis variegata		CA		Ontario	PRESENT		28eb1a3f-1c15-4a95-931a-4af90ecb574d	45.266075	-75.813811	8.0						2022-06-27T09:54:18	27	6	2022	5448870	5448870	HUMAN_OBSERVATION	iNaturalist	Observations	123687879		Igor Khomenko	2022-06-27T13:54:33	CC_BY_NC_4_0	Igor Khomenko	Igor Khomenko			2025-01-14T12:30:49.312Z	StillImage	COORDINATE_ROUNDED;CONTINENT_DERIVED_FROM_COORDINATES;TAXON_MATCH_TAXON_ID_IGNORED
3858507605	50c9509d-22c7-4a22-a47d-8c48425ef4a7	https://www.inaturalist.org/observations/119354925	Fungi	Basidiomycota	Agaricomycetes	Agaricales	Psathyrellaceae	Coprinopsis	Coprinopsis variegata		SPECIES	Coprinopsis variegata (Peck) Redhead, Vilgalys & Moncalvo	Coprinopsis variegata		CA		Québec	PRESENT		28eb1a3f-1c15-4a95-931a-4af90ecb574d	45.490596	-75.630204	15.0						2022-05-29T10:31	29	5	2022	5448870	5448870	HUMAN_OBSERVATION	iNaturalist	Observations	119354925		jonathan_mack	2022-05-30T01:49:03	CC_BY_NC_4_0	jonathan_mack	jonathan_mack			2025-01-14T13:15:38.213Z	StillImage	COORDINATE_ROUNDED;CONTINENT_DERIVED_FROM_COORDINATES;TAXON_MATCH_TAXON_ID_IGNORED
3858384268	50c9509d-22c7-4a22-a47d-8c48425ef4a7	https://www.inaturalist.org/observations/121294309	Fungi	Basidiomycota	Agaricomycetes	Agaricales	Psathyrellaceae	Coprinopsis	Coprinopsis variegata		SPECIES	Coprinopsis variegata (Peck) Redhead, Vilgalys & Moncalvo	Coprinopsis variegata		CA		Ontario	PRESENT		28eb1a3f-1c15-4a95-931a-4af90ecb574d	45.410014	-76.495827	8.0						2022-06-11T13:48:19	11	6	2022	5448870	5448870	HUMAN_OBSERVATION	iNaturalist	Observations	121294309		Lee Cumming	2022-06-11T21:09:48	CC_BY_NC_4_0	Cerys_just_Cerys	Cerys_just_Cerys			2025-01-14T13:22:20.648Z	StillImage	COORDINATE_ROUNDED;CONTINENT_DERIVED_FROM_COORDINATES;TAXON_MATCH_TAXON_ID_IGNORED
3456781866	50c9509d-22c7-4a22-a47d-8c48425ef4a7	https://www.inaturalist.org/observations/87278621	Fungi	Basidiomycota	Agaricomycetes	Agaricales	Psathyrellaceae	Coprinopsis	Coprinopsis variegata		SPECIES	Coprinopsis variegata (Peck) Redhead, Vilgalys & Moncalvo	Coprinopsis variegata		CA		Ontario	PRESENT		28eb1a3f-1c15-4a95-931a-4af90ecb574d	45.44805	-75.666503	4.0						2021-07-12T13:31	12	7	2021	5448870	5448870	HUMAN_OBSERVATION	iNaturalist	Observations	87278621		Manuel Mendoza	2021-12-14T19:48:31	CC_BY_NC_4_0	David Thomas Glover	David Thomas Glover			2025-01-14T13:13:10.214Z	StillImage	COORDINATE_ROUNDED;CONTINENT_DERIVED_FROM_COORDINATES;TAXON_MATCH_TAXON_ID_IGNORED
3455785418	50c9509d-22c7-4a22-a47d-8c48425ef4a7	https://www.inaturalist.org/observations/6803888	Fungi	Basidiomycota	Agaricomycetes	Agaricales	Psathyrellaceae	Coprinopsis	Coprinopsis variegata		SPECIES	Coprinopsis variegata (Peck) Redhead, Vilgalys & Moncalvo	Coprinopsis variegata		CA		Ontario	PRESENT		28eb1a3f-1c15-4a95-931a-4af90ecb574d	45.209291	-75.229016	254.0						2017-06-25T13:06	25	6	2017	5448870	5448870	HUMAN_OBSERVATION	iNaturalist	Observations	6803888		Manuel Mendoza	2021-12-14T19:48:55	CC_BY_4_0	christine123	christine123			2025-01-14T12:03:33.543Z	StillImage	COORDINATE_ROUNDED;CONTINENT_DERIVED_FROM_COORDINATES;TAXON_MATCH_TAXON_ID_IGNORED
3455310867	50c9509d-22c7-4a22-a47d-8c48425ef4a7	https://www.inaturalist.org/observations/48368041	Fungi	Basidiomycota	Agaricomycetes	Agaricales	Psathyrellaceae	Coprinopsis	Coprinopsis variegata		SPECIES	Coprinopsis variegata (Peck) Redhead, Vilgalys & Moncalvo	Coprinopsis variegata		CA		Ontario	PRESENT		28eb1a3f-1c15-4a95-931a-4af90ecb574d	45.20239	-76.224866	15.0						2020-06-03T13:37	3	6	2020	5448870	5448870	HUMAN_OBSERVATION	iNaturalist	Observations	48368041		Ken Allison	2020-06-03T19:43:09	CC_BY_NC_4_0	Ken Allison	Ken Allison			2025-01-14T12:12:54.457Z	StillImage	COORDINATE_ROUNDED;CONTINENT_DERIVED_FROM_COORDINATES;TAXON_MATCH_TAXON_ID_IGNORED
3399149942	50c9509d-22c7-4a22-a47d-8c48425ef4a7	https://www.inaturalist.org/observations/98199177	Fungi	Basidiomycota	Agaricomycetes	Agaricales	Psathyrellaceae	Coprinopsis	Coprinopsis variegata		SPECIES	Coprinopsis variegata (Peck) Redhead, Vilgalys & Moncalvo	Coprinopsis variegata		CA		Québec	PRESENT		28eb1a3f-1c15-4a95-931a-4af90ecb574d	45.5122	-73.583708	165.0						2021-10-07T15:02:09	7	10	2021	5448870	5448870	HUMAN_OBSERVATION	iNaturalist	Observations	98199177		raghadmet	2021-10-14T15:22:32	CC_BY_NC_4_0	raghadmet	raghadmet			2025-01-14T13:25:15.212Z	StillImage	COORDINATE_ROUNDED;CONTINENT_DERIVED_FROM_COORDINATES;TAXON_MATCH_TAXON_ID_IGNORED
3391683583	50c9509d-22c7-4a22-a47d-8c48425ef4a7	https://www.inaturalist.org/observations/97272425	Fungi	Basidiomycota	Agaricomycetes	Agaricales	Psathyrellaceae	Coprinopsis	Coprinopsis variegata		SPECIES	Coprinopsis variegata (Peck) Redhead, Vilgalys & Moncalvo	Coprinopsis variegata		CA		Québec	PRESENT		28eb1a3f-1c15-4a95-931a-4af90ecb574d	45.513939	-73.584813	171.0						2021-10-05T15:18:01	5	10	2021	5448870	5448870	HUMAN_OBSERVATION	iNaturalist	Observations	97272425		albertchoi26	2021-10-05T19:18:30	CC_BY_NC_4_0	albertchoi26	albertchoi26			2025-01-14T12:22:05.204Z	StillImage	COORDINATE_ROUNDED;CONTINENT_DERIVED_FROM_COORDINATES;TAXON_MATCH_TAXON_ID_IGNORED
3337845401	50c9509d-22c7-4a22-a47d-8c48425ef4a7	https://www.inaturalist.org/observations/53800784	Fungi	Basidiomycota	Agaricomycetes	Agaricales	Psathyrellaceae	Coprinopsis	Coprinopsis variegata		SPECIES	Coprinopsis variegata (Peck) Redhead, Vilgalys & Moncalvo	Coprinopsis variegata		CA		Ontario	PRESENT		28eb1a3f-1c15-4a95-931a-4af90ecb574d	45.312941	-75.708891	1278.0						2020-07-20T17:19:35	20	7	2020	5448870	5448870	HUMAN_OBSERVATION	iNaturalist	Observations	53800784		mistertomatohead	2020-07-21T02:29:29	CC_BY_NC_4_0	mistertomatohead	mistertomatohead			2025-01-14T12:13:46.828Z	StillImage	COORDINATE_ROUNDED;CONTINENT_DERIVED_FROM_COORDINATES;TAXON_MATCH_TAXON_ID_IGNORED
3327879612	50c9509d-22c7-4a22-a47d-8c48425ef4a7	https://www.inaturalist.org/observations/87174755	Fungi	Basidiomycota	Agaricomycetes	Agaricales	Psathyrellaceae	Coprinopsis	Coprinopsis variegata		SPECIES	Coprinopsis variegata (Peck) Redhead, Vilgalys & Moncalvo	Coprinopsis variegata		CA		Québec	PRESENT		28eb1a3f-1c15-4a95-931a-4af90ecb574d	45.895225	-76.402502	27095.0						2021-07-14T10:36	14	7	2021	5448870	5448870	HUMAN_OBSERVATION	iNaturalist	Observations	87174755		L Joan Heyding	2021-07-15T18:57:12	CC_BY_NC_4_0	L Joan Heyding	L Joan Heyding			2025-01-14T13:13:08.296Z	StillImage	COORDINATE_ROUNDED;CONTINENT_DERIVED_FROM_COORDINATES;TAXON_MATCH_TAXON_ID_IGNORED
3325809894	50c9509d-22c7-4a22-a47d-8c48425ef4a7	https://www.inaturalist.org/observations/85561295	Fungi	Basidiomycota	Agaricomycetes	Agaricales	Psathyrellaceae	Coprinopsis	Coprinopsis variegata		SPECIES	Coprinopsis variegata (Peck) Redhead, Vilgalys & Moncalvo	Coprinopsis variegata		CA		Ontario	PRESENT		28eb1a3f-1c15-4a95-931a-4af90ecb574d	45.459687	-76.258572	108.0						2021-07-03T12:50	3	7	2021	5448870	5448870	HUMAN_OBSERVATION	iNaturalist	Observations	85561295		jonathan_mack	2021-07-04T01:57:43	CC_BY_NC_4_0	jonathan_mack	jonathan_mack			2025-01-14T13:12:52.372Z	StillImage	COORDINATE_ROUNDED;CONTINENT_DERIVED_FROM_COORDINATES;TAXON_MATCH_TAXON_ID_IGNORED
3321317588	50c9509d-22c7-4a22-a47d-8c48425ef4a7	https://www.inaturalist.org/observations/85280901	Fungi	Basidiomycota	Agaricomycetes	Agaricales	Psathyrellaceae	Coprinopsis	Coprinopsis variegata		SPECIES	Coprinopsis variegata (Peck) Redhead, Vilgalys & Moncalvo	Coprinopsis variegata		CA		Ontario	PRESENT		28eb1a3f-1c15-4a95-931a-4af90ecb574d	45.455173	-75.671817	76.0						2021-07-01T15:33	1	7	2021	5448870	5448870	HUMAN_OBSERVATION	iNaturalist	Observations	85280901		jonathan_mack	2021-07-02T00:13:38	CC_BY_NC_4_0	jonathan_mack	jonathan_mack			2025-01-14T12:18:55.694Z	StillImage	COORDINATE_ROUNDED;CONTINENT_DERIVED_FROM_COORDINATES;TAXON_MATCH_TAXON_ID_IGNORED
3314419477	50c9509d-22c7-4a22-a47d-8c48425ef4a7	https://www.inaturalist.org/observations/84297153	Fungi	Basidiomycota	Agaricomycetes	Agaricales	Psathyrellaceae	Coprinopsis	Coprinopsis variegata		SPECIES	Coprinopsis variegata (Peck) Redhead, Vilgalys & Moncalvo	Coprinopsis variegata		CA		Québec	PRESENT		28eb1a3f-1c15-4a95-931a-4af90ecb574d	45.424608	-75.795256	65.0						2021-06-24T09:17:42	24	6	2021	5448870	5448870	HUMAN_OBSERVATION	iNaturalist	Observations	84297153		cinna_latifolia	2021-06-24T17:19:43	CC_BY_NC_4_0	alex_skynet	alex_skynet			2025-01-14T12:19:31.690Z	StillImage	COORDINATE_ROUNDED;CONTINENT_DERIVED_FROM_COORDINATES;TAXON_MATCH_TAXON_ID_IGNORED
3124666696	50c9509d-22c7-4a22-a47d-8c48425ef4a7	https://www.inaturalist.org/observations/79643724	Fungi	Basidiomycota	Agaricomycetes	Agaricales	Psathyrellaceae	Coprinopsis	Coprinopsis variegata		SPECIES	Coprinopsis variegata (Peck) Redhead, Vilgalys & Moncalvo	Coprinopsis variegata		CA		Ontario	PRESENT		28eb1a3f-1c15-4a95-931a-4af90ecb574d	45.363011	-75.801708	5.0						2021-05-21T10:09:04	21	5	2021	5448870	5448870	HUMAN_OBSERVATION	iNaturalist	Observations	79643724		Andrew Macumber	2021-05-21T15:42:23	CC0_1_0	Andrew Macumber	Andrew Macumber			2025-01-14T12:18:34.468Z	StillImage	COORDINATE_ROUNDED;CONTINENT_DERIVED_FROM_COORDINATES;TAXON_MATCH_TAXON_ID_IGNORED
2984554956	50c9509d-22c7-4a22-a47d-8c48425ef4a7	https://www.inaturalist.org/observations/64633485	Fungi	Basidiomycota	Agaricomycetes	Agaricales	Psathyrellaceae	Coprinopsis	Coprinopsis variegata		SPECIES	Coprinopsis variegata (Peck) Redhead, Vilgalys & Moncalvo	Coprinopsis variegata		CA		Québec	PRESENT		28eb1a3f-1c15-4a95-931a-4af90ecb574d	45.530883	-73.473817	5.0						2020-09-27T12:34:07	27	9	2020	5448870	5448870	HUMAN_OBSERVATION	iNaturalist	Observations	64633485		hugof	2020-11-10T23:43:09	CC_BY_NC_4_0	hugof	hugof			2025-01-14T12:16:07.295Z	StillImage	COORDINATE_ROUNDED;CONTINENT_DERIVED_FROM_COORDINATES;TAXON_MATCH_TAXON_ID_IGNORED
2851200869	50c9509d-22c7-4a22-a47d-8c48425ef4a7	https://www.inaturalist.org/observations/55805520	Fungi	Basidiomycota	Agaricomycetes	Agaricales	Psathyrellaceae	Coprinopsis	Coprinopsis variegata		SPECIES	Coprinopsis variegata (Peck) Redhead, Vilgalys & Moncalvo	Coprinopsis variegata		CA		Québec	PRESENT		28eb1a3f-1c15-4a95-931a-4af90ecb574d	45.47338	-73.96045	4489.0						2020-08-08T11:55:48	8	8	2020	5448870	5448870	HUMAN_OBSERVATION	iNaturalist	Observations	55805520		Mical	2020-08-08T15:59:17	CC_BY_4_0	Mical	Mical			2025-01-14T12:14:08.194Z	StillImage	CONTINENT_DERIVED_FROM_COORDINATES;TAXON_MATCH_TAXON_ID_IGNORED
2826170534	50c9509d-22c7-4a22-a47d-8c48425ef4a7	https://www.inaturalist.org/observations/49050480	Fungi	Basidiomycota	Agaricomycetes	Agaricales	Psathyrellaceae	Coprinopsis	Coprinopsis variegata		SPECIES	Coprinopsis variegata (Peck) Redhead, Vilgalys & Moncalvo	Coprinopsis variegata		CA		Ontario	PRESENT		28eb1a3f-1c15-4a95-931a-4af90ecb574d	45.253288	-75.928558	24.0						2020-06-09T14:22:16	9	6	2020	5448870	5448870	HUMAN_OBSERVATION	iNaturalist	Observations	49050480		Keith Seifert	2020-06-09T19:04:26	CC0_1_0	Keith Seifert	Keith Seifert			2025-01-14T13:07:17.536Z	StillImage	COORDINATE_ROUNDED;CONTINENT_DERIVED_FROM_COORDINATES;TAXON_MATCH_TAXON_ID_IGNORED
2818525527	50c9509d-22c7-4a22-a47d-8c48425ef4a7	https://www.inaturalist.org/observations/52093801	Fungi	Basidiomycota	Agaricomycetes	Agaricales	Psathyrellaceae	Coprinopsis	Coprinopsis variegata		SPECIES	Coprinopsis variegata (Peck) Redhead, Vilgalys & Moncalvo	Coprinopsis variegata		CA		Québec	PRESENT		28eb1a3f-1c15-4a95-931a-4af90ecb574d	45.518008	-73.736022	5.0						2020-07-05T12:19:27	5	7	2020	5448870	5448870	HUMAN_OBSERVATION	iNaturalist	Observations	52093801		Mical	2020-07-06T00:20:55	CC_BY_4_0	Mical	Mical			2025-01-14T12:13:37.813Z	StillImage	COORDINATE_ROUNDED;CONTINENT_DERIVED_FROM_COORDINATES;TAXON_MATCH_TAXON_ID_IGNORED
2814262016	50c9509d-22c7-4a22-a47d-8c48425ef4a7	https://www.inaturalist.org/observations/52084864	Fungi	Basidiomycota	Agaricomycetes	Agaricales	Psathyrellaceae	Coprinopsis	Coprinopsis variegata		SPECIES	Coprinopsis variegata (Peck) Redhead, Vilgalys & Moncalvo	Coprinopsis variegata		CA		Québec	PRESENT		28eb1a3f-1c15-4a95-931a-4af90ecb574d	45.516913	-73.740366	5.0						2020-07-05T10:36:33	5	7	2020	5448870	5448870	HUMAN_OBSERVATION	iNaturalist	Observations	52084864		Michelle Saint-Martin	2020-07-05T23:01:55	CC_BY_NC_4_0	timfoster	timfoster			2025-01-14T12:14:16.099Z	StillImage	COORDINATE_ROUNDED;CONTINENT_DERIVED_FROM_COORDINATES;TAXON_MATCH_TAXON_ID_IGNORED
2331886319	50c9509d-22c7-4a22-a47d-8c48425ef4a7	https://www.inaturalist.org/observations/30141384	Fungi	Basidiomycota	Agaricomycetes	Agaricales	Psathyrellaceae	Coprinopsis	Coprinopsis variegata		SPECIES	Coprinopsis variegata (Peck) Redhead, Vilgalys & Moncalvo	Coprinopsis variegata		CA		Ontario	PRESENT		28eb1a3f-1c15-4a95-931a-4af90ecb574d	45.459309	-76.260683	905.0						2017-07-02T11:15:43	2	7	2017	5448870	5448870	HUMAN_OBSERVATION	iNaturalist	Observations	30141384		Derek Dunnett	2019-08-04T00:19:50	CC_BY_NC_4_0	Derek Dunnett	Derek Dunnett			2025-01-14T12:08:35.420Z	StillImage	COORDINATE_ROUNDED;CONTINENT_DERIVED_FROM_COORDINATES;TAXON_MATCH_TAXON_ID_IGNORED
2311286166	50c9509d-22c7-4a22-a47d-8c48425ef4a7	https://www.inaturalist.org/observations/27904533	Fungi	Basidiomycota	Agaricomycetes	Agaricales	Psathyrellaceae	Coprinopsis	Coprinopsis variegata		SPECIES	Coprinopsis variegata (Peck) Redhead, Vilgalys & Moncalvo	Coprinopsis variegata		CA		Ontario	PRESENT		28eb1a3f-1c15-4a95-931a-4af90ecb574d	45.38535	-75.701575	5.0						2019-06-29T15:01:42	29	6	2019	5448870	5448870	HUMAN_OBSERVATION	iNaturalist	Observations	27904533		jonathan_mack	2019-06-30T15:47:52	CC_BY_NC_4_0	Mark Davidson	Mark Davidson			2025-01-14T12:08:02.905Z	StillImage	CONTINENT_DERIVED_FROM_COORDINATES;TAXON_MATCH_TAXON_ID_IGNORED
2294669129	50c9509d-22c7-4a22-a47d-8c48425ef4a7	https://www.inaturalist.org/observations/29480357	Fungi	Basidiomycota	Agaricomycetes	Agaricales	Psathyrellaceae	Coprinopsis	Coprinopsis variegata		SPECIES	Coprinopsis variegata (Peck) Redhead, Vilgalys & Moncalvo	Coprinopsis variegata		CA		Ontario	PRESENT		28eb1a3f-1c15-4a95-931a-4af90ecb574d	45.503808	-75.493614	1820.0						2019-07-23T19:23:35	23	7	2019	5448870	5448870	HUMAN_OBSERVATION	iNaturalist	Observations	29480357		Sherry Nigro	2019-07-25T00:20:39	CC_BY_NC_4_0	Sherry Nigro	Sherry Nigro			2025-01-14T12:08:57.181Z	StillImage	COORDINATE_ROUNDED;CONTINENT_DERIVED_FROM_COORDINATES;TAXON_MATCH_TAXON_ID_IGNORED
2269285433	50c9509d-22c7-4a22-a47d-8c48425ef4a7	https://www.inaturalist.org/observations/27167312	Fungi	Basidiomycota	Agaricomycetes	Agaricales	Psathyrellaceae	Coprinopsis	Coprinopsis variegata		SPECIES	Coprinopsis variegata (Peck) Redhead, Vilgalys & Moncalvo	Coprinopsis variegata		CA		Ontario	PRESENT		28eb1a3f-1c15-4a95-931a-4af90ecb574d	45.452825	-76.177159	1953.0						2019-06-16T11:24	16	6	2019	5448870	5448870	HUMAN_OBSERVATION	iNaturalist	Observations	27167312		mycowalt	2019-06-18T03:32:36	CC_BY_NC_4_0	jaliya	jaliya			2025-01-14T13:08:30.650Z	StillImage	COORDINATE_ROUNDED;CONTINENT_DERIVED_FROM_COORDINATES;TAXON_MATCH_TAXON_ID_IGNORED
2265779292	50c9509d-22c7-4a22-a47d-8c48425ef4a7	https://www.inaturalist.org/observations/16377461	Fungi	Basidiomycota	Agaricomycetes	Agaricales	Psathyrellaceae	Coprinopsis	Coprinopsis variegata		SPECIES	Coprinopsis variegata (Peck) Redhead, Vilgalys & Moncalvo	Coprinopsis variegata		CA		Ontario	PRESENT		28eb1a3f-1c15-4a95-931a-4af90ecb574d	45.465603	-75.50925							2015-08-07T08:52	7	8	2015	5448870	5448870	HUMAN_OBSERVATION	iNaturalist	Observations	16377461		jonathan_mack	2018-09-10T02:13:29	CC_BY_NC_4_0	jonathan_mack	jonathan_mack			2025-01-14T12:05:48.470Z	StillImage	COORDINATE_ROUNDED;CONTINENT_DERIVED_FROM_COORDINATES;TAXON_MATCH_TAXON_ID_IGNORED
1412705943	21705170-d2b6-42de-8904-c3bca4b83591	CMMF014331	Fungi	Basidiomycota	Agaricomycetes	Agaricales	Psathyrellaceae	Coprinopsis	Coprinopsis variegata		SPECIES	Coprinus variegatus Peck	Coprinus variegatus Peck	Peck	CA	Shipshaw, Québec.	Québec	PRESENT		ff7bd5db-b724-4932-b496-10ea298851f9	48.466834	-71.263421	2500.0						1985-06-23	23	6	1985	2536668	5448870	PRESERVED_SPECIMEN	Université de Montréal Biodiversity Centre	CMMF	CMMF014331	2348	Labbé, Roland		CC0_1_0	Université de Montréal Biodiversity Centre	Guérin, Gérard			2024-01-24T16:38:19.450Z	StillImage	INSTITUTION_MATCH_FUZZY;COLLECTION_MATCH_FUZZY;DIFFERENT_OWNER_INSTITUTION
1412705908	21705170-d2b6-42de-8904-c3bca4b83591	CMMF014330	Fungi	Basidiomycota	Agaricomycetes	Agaricales	Psathyrellaceae	Coprinopsis	Coprinopsis variegata		SPECIES	Coprinus variegatus Peck	Coprinus variegatus Peck	Peck	CA	Chicoutimi, Québec.	Québec	PRESENT		ff7bd5db-b724-4932-b496-10ea298851f9	48.368277	-71.119642	15000.0						1982-06-28	28	6	1982	2536668	5448870	PRESERVED_SPECIMEN	Université de Montréal Biodiversity Centre	CMMF	CMMF014330	2347	Labbé, Roland		CC0_1_0	Université de Montréal Biodiversity Centre	Guérin, Gérard			2024-01-24T16:38:19.451Z		INSTITUTION_MATCH_FUZZY;COLLECTION_MATCH_FUZZY;DIFFERENT_OWNER_INSTITUTION
1412705888	21705170-d2b6-42de-8904-c3bca4b83591	CMMF014322	Fungi	Basidiomycota	Agaricomycetes	Agaricales	Psathyrellaceae	Coprinopsis	Coprinopsis variegata		SPECIES	Coprinus variegatus Peck	Coprinus variegatus Peck	Peck	CA	Shipshaw, Québec.	Québec	PRESENT		ff7bd5db-b724-4932-b496-10ea298851f9	48.466834	-71.263421	2500.0						1995-06-25	25	6	1995	2536668	5448870	PRESERVED_SPECIMEN	Université de Montréal Biodiversity Centre	CMMF	CMMF014322	2350	Labbé, Roland		CC0_1_0	Université de Montréal Biodiversity Centre	Guérin, Gérard			2024-01-24T16:38:19.459Z	StillImage	INSTITUTION_MATCH_FUZZY;COLLECTION_MATCH_FUZZY;DIFFERENT_OWNER_INSTITUTION
1412705815	21705170-d2b6-42de-8904-c3bca4b83591	CMMF014332	Fungi	Basidiomycota	Agaricomycetes	Agaricales	Psathyrellaceae	Coprinopsis	Coprinopsis variegata		SPECIES	Coprinus variegatus Peck	Coprinus variegatus Peck	Peck	CA	Shipshaw, Québec.	Québec	PRESENT		ff7bd5db-b724-4932-b496-10ea298851f9	48.466834	-71.263421	2500.0						1985-07-09	9	7	1985	2536668	5448870	PRESERVED_SPECIMEN	Université de Montréal Biodiversity Centre	CMMF	CMMF014332	2349	Labbé, Roland		CC0_1_0	Université de Montréal Biodiversity Centre	Guérin, Gérard			2024-01-24T16:38:19.451Z	StillImage	INSTITUTION_MATCH_FUZZY;COLLECTION_MATCH_FUZZY;DIFFERENT_OWNER_INSTITUTION
1135068095	21705170-d2b6-42de-8904-c3bca4b83591	CMMF006550	Fungi	Basidiomycota	Agaricomycetes	Agaricales	Psathyrellaceae	Coprinopsis	Coprinopsis variegata		SPECIES	Coprinopsis variegata (Peck) Redhead, Vilgalys & Moncalvo	Coprinopsis variegata (Peck) Redhead, Vilgalys & MoncalvoPeck	(Peck) Redhead, Vilgalys & MoncalvoPeck	CA	Châteauguay (Île St-Bernard)	Québec	PRESENT		ff7bd5db-b724-4932-b496-10ea298851f9	45.39625	-73.76295	100.0						2008-06-26	26	6	2008	5448870	5448870	PRESERVED_SPECIMEN	Université de Montréal Biodiversity Centre	CMMF	CMMF006550	C3249	McNeil, Raymond		CC0_1_0	Université de Montréal Biodiversity Centre	McNeil, Raymond			2024-01-24T16:38:18.385Z	StillImage	INSTITUTION_MATCH_FUZZY;COLLECTION_MATCH_FUZZY;DIFFERENT_OWNER_INSTITUTION
1135067771	21705170-d2b6-42de-8904-c3bca4b83591	CMMF006334	Fungi	Basidiomycota	Agaricomycetes	Agaricales	Psathyrellaceae	Coprinopsis	Coprinopsis variegata		SPECIES	Coprinopsis variegata (Peck) Redhead, Vilgalys & Moncalvo	Coprinopsis variegata (Peck) Redhead, Vilgalys & MoncalvoPeck	(Peck) Redhead, Vilgalys & MoncalvoPeck	CA	Châteauguay	Québec	PRESENT		ff7bd5db-b724-4932-b496-10ea298851f9	45.368333	-73.715783	100.0						1977-08-08	8	8	1977	5448870	5448870	PRESERVED_SPECIMEN	Université de Montréal Biodiversity Centre	CMMF	CMMF006334	Inexistant	McNeil, Raymond		CC0_1_0	Université de Montréal Biodiversity Centre	McNeil, Raymond			2024-01-24T16:38:18.961Z	StillImage	COORDINATE_ROUNDED;INSTITUTION_MATCH_FUZZY;COLLECTION_MATCH_FUZZY;DIFFERENT_OWNER_INSTITUTION
1135067243	21705170-d2b6-42de-8904-c3bca4b83591	CMMF005770	Fungi	Basidiomycota	Agaricomycetes	Agaricales	Psathyrellaceae	Coprinopsis	Coprinopsis variegata		SPECIES	Coprinopsis variegata (Peck) Redhead, Vilgalys & Moncalvo	Coprinopsis variegata (Peck) Redhead, Vilgalys & MoncalvoPeck	(Peck) Redhead, Vilgalys & MoncalvoPeck	CA	Châteauguay (Centre écologique Fernand-Seguin)	Québec	PRESENT		ff7bd5db-b724-4932-b496-10ea298851f9	45.33983	-73.773917	100.0						2010-05-28	28	5	2010	5448870	5448870	PRESERVED_SPECIMEN	Université de Montréal Biodiversity Centre	CMMF	CMMF005770	C3630	McNeil, Raymond		CC0_1_0	Université de Montréal Biodiversity Centre	McNeil, Raymond			2024-01-24T16:38:16.710Z	StillImage	COORDINATE_ROUNDED;INSTITUTION_MATCH_FUZZY;COLLECTION_MATCH_FUZZY;DIFFERENT_OWNER_INSTITUTION
1135067236	21705170-d2b6-42de-8904-c3bca4b83591	CMMF005758	Fungi	Basidiomycota	Agaricomycetes	Agaricales	Psathyrellaceae	Coprinopsis	Coprinopsis variegata		SPECIES	Coprinopsis variegata (Peck) Redhead, Vilgalys & Moncalvo	Coprinopsis variegata (Peck) Redhead, Vilgalys & MoncalvoPeck	(Peck) Redhead, Vilgalys & MoncalvoPeck	CA	Châteauguay (Centre écologique Fernand-Seguin)	Québec	PRESENT		ff7bd5db-b724-4932-b496-10ea298851f9	45.33983	-73.773917	100.0						2008-06-11	11	6	2008	5448870	5448870	PRESERVED_SPECIMEN	Université de Montréal Biodiversity Centre	CMMF	CMMF005758	C3233	McNeil, Raymond		CC0_1_0	Université de Montréal Biodiversity Centre	McNeil, Raymond			2024-01-24T16:38:16.712Z	StillImage	COORDINATE_ROUNDED;INSTITUTION_MATCH_FUZZY;COLLECTION_MATCH_FUZZY;DIFFERENT_OWNER_INSTITUTION
1135067234	21705170-d2b6-42de-8904-c3bca4b83591	CMMF005768	Fungi	Basidiomycota	Agaricomycetes	Agaricales	Psathyrellaceae	Coprinopsis	Coprinopsis variegata		SPECIES	Coprinopsis variegata (Peck) Redhead, Vilgalys & Moncalvo	Coprinopsis variegata (Peck) Redhead, Vilgalys & MoncalvoPeck	(Peck) Redhead, Vilgalys & MoncalvoPeck	CA	Châteauguay (Centre écologique Fernand-Seguin)	Québec	PRESENT		ff7bd5db-b724-4932-b496-10ea298851f9	45.33983	-73.773917	100.0						2013-06-10	10	6	2013	5448870	5448870	PRESERVED_SPECIMEN	Université de Montréal Biodiversity Centre	CMMF	CMMF005768	C4166	McNeil, Raymond		CC0_1_0	Université de Montréal Biodiversity Centre	McNeil, Raymond			2024-01-24T16:38:16.707Z	StillImage	COORDINATE_ROUNDED;INSTITUTION_MATCH_FUZZY;COLLECTION_MATCH_FUZZY;DIFFERENT_OWNER_INSTITUTION
1135067227	21705170-d2b6-42de-8904-c3bca4b83591	CMMF005769	Fungi	Basidiomycota	Agaricomycetes	Agaricales	Psathyrellaceae	Coprinopsis	Coprinopsis variegata		SPECIES	Coprinopsis variegata (Peck) Redhead, Vilgalys & Moncalvo	Coprinopsis variegata (Peck) Redhead, Vilgalys & MoncalvoPeck	(Peck) Redhead, Vilgalys & MoncalvoPeck	CA	Châteauguay (Centre écologique Fernand-Seguin)	Québec	PRESENT		ff7bd5db-b724-4932-b496-10ea298851f9	45.33983	-73.773917	100.0						2009-06-13	13	6	2009	5448870	5448870	PRESERVED_SPECIMEN	Université de Montréal Biodiversity Centre	CMMF	CMMF005769	C3471	McNeil, Raymond		CC0_1_0	Université de Montréal Biodiversity Centre	McNeil, Raymond			2024-01-24T16:38:16.709Z	StillImage	COORDINATE_ROUNDED;INSTITUTION_MATCH_FUZZY;COLLECTION_MATCH_FUZZY;DIFFERENT_OWNER_INSTITUTION
1135067206	21705170-d2b6-42de-8904-c3bca4b83591	CMMF005750	Fungi	Basidiomycota	Agaricomycetes	Agaricales	Psathyrellaceae	Coprinopsis	Coprinopsis variegata		SPECIES	Coprinopsis variegata (Peck) Redhead, Vilgalys & Moncalvo	Coprinopsis variegata (Peck) Redhead, Vilgalys & MoncalvoPeck	(Peck) Redhead, Vilgalys & MoncalvoPeck	CA	Châteauguay (Centre écologique Fernand-Seguin)	Québec	PRESENT		ff7bd5db-b724-4932-b496-10ea298851f9	45.33983	-73.773917	100.0						2006-07-30	30	7	2006	5448870	5448870	PRESERVED_SPECIMEN	Université de Montréal Biodiversity Centre	CMMF	CMMF005750	C2849	McNeil, Raymond		CC0_1_0	Université de Montréal Biodiversity Centre	McNeil, Raymond			2024-01-24T16:38:16.711Z	StillImage	COORDINATE_ROUNDED;INSTITUTION_MATCH_FUZZY;COLLECTION_MATCH_FUZZY;DIFFERENT_OWNER_INSTITUTION
1024558883	21705170-d2b6-42de-8904-c3bca4b83591	CMMF004310	Fungi	Basidiomycota	Agaricomycetes	Agaricales	Psathyrellaceae	Coprinopsis	Coprinopsis variegata		SPECIES	Coprinopsis variegata (Peck) Redhead, Vilgalys & Moncalvo	Coprinopsis variegata (Peck) Redhead, Vilgalys & MoncalvoPeck	(Peck) Redhead, Vilgalys & MoncalvoPeck	CA	Réserve écologique du Boisé-des-Muir, Hinchinbrooke.	Québec	PRESENT		ff7bd5db-b724-4932-b496-10ea298851f9	45.086471	-74.115514	10.0						2012-07-23	23	7	2012	5448870	5448870	PRESERVED_SPECIMEN	Université de Montréal Biodiversity Centre	CMMF	CMMF004310	318	McNeil, Raymond		CC0_1_0	Université de Montréal Biodiversity Centre	Langlois, Annabelle; McNeil, Raymond			2024-01-24T16:38:19.586Z	StillImage	INSTITUTION_MATCH_FUZZY;COLLECTION_MATCH_FUZZY;DIFFERENT_OWNER_INSTITUTION
1024558790	21705170-d2b6-42de-8904-c3bca4b83591	CMMF004251	Fungi	Basidiomycota	Agaricomycetes	Agaricales	Psathyrellaceae	Coprinopsis	Coprinopsis variegata		SPECIES	Coprinopsis variegata (Peck) Redhead, Vilgalys & Moncalvo	Coprinopsis variegata (Peck) Redhead, Vilgalys & MoncalvoPeck	(Peck) Redhead, Vilgalys & MoncalvoPeck	CA	Réserve écologique du Boisé-des-Muir, Hinchinbrooke.	Québec	PRESENT		ff7bd5db-b724-4932-b496-10ea298851f9	45.084211	-74.115203	10.0						2012-07-03	3	7	2012	5448870	5448870	PRESERVED_SPECIMEN	Université de Montréal Biodiversity Centre	CMMF	CMMF004251	259	Archambault, Raymond		CC0_1_0	Université de Montréal Biodiversity Centre	Archambault, Raymond; Langlois, Annabelle; Turgon, Jean-Pierre			2024-01-24T16:38:18.714Z	StillImage	INSTITUTION_MATCH_FUZZY;COLLECTION_MATCH_FUZZY;DIFFERENT_OWNER_INSTITUTION
