gbifID	datasetKey	occurrenceID	kingdom	phylum	class	order	family	genus	species	infraspecificEpithet	taxonRank	scientificName	verbatimScientificName	verbatimScientificNameAuthorship	countryCode	locality	stateProvince	occurrenceStatus	individualCount	publishingOrgKey	decimalLatitude	decimalLongitude	coordinateUncertaintyInMeters	coordinatePrecision	elevation	elevationAccuracy	depth	depthAccuracy	eventDate	day	month	year	taxonKey	speciesKey	basisOfRecord	institutionCode	collectionCode	catalogNumber	recordNumber	identifiedBy	dateIdentified	license	rightsHolder	recordedBy	typeStatus	establishmentMeans	lastInterpreted	mediaType	issue
617553041	21705170-d2b6-42de-8904-c3bca4b83591	CMMF003420	Fungi	Basidiomycota	Agaricomycetes	Agaricales	Pleurotaceae	Pleurotus	Pleurotus populinus		SPECIES	Pleurotus populinus O.Hilber & O.K.Mill.	Pleurotus populinus O. Hilber & O.K. Mill.	O. Hilber & O.K. Mill.	CA	Laval	Québec	PRESENT		ff7bd5db-b724-4932-b496-10ea298851f9	45.609608	-73.705867	17500.0						2000-05-22	22	5	2000	2526667	2526667	PRESERVED_SPECIMEN	Université de Montréal Biodiversity Centre	CMMF	CMMF003420		Lamoureux, Yves		CC0_1_0	Université de Montréal Biodiversity Centre	Lamoureux, Yves			2024-01-24T16:38:17.049Z	StillImage	INSTITUTION_MATCH_FUZZY;COLLECTION_MATCH_FUZZY;DIFFERENT_OWNER_INSTITUTION
617550599	21705170-d2b6-42de-8904-c3bca4b83591	CMMF002347	Fungi	Basidiomycota	Agaricomycetes	Agaricales	Pleurotaceae	Pleurotus	Pleurotus populinus		SPECIES	Pleurotus populinus O.Hilber & O.K.Mill.	Pleurotus populinus O. Hilber & O.K. Mill.	O. Hilber & O.K. Mill.	CA	Saint-Bruno-de-Montarville	Québec	PRESENT		ff7bd5db-b724-4932-b496-10ea298851f9	45.526599	-73.344507	5500.0						1995-05-24	24	5	1995	2526667	2526667	PRESERVED_SPECIMEN	Université de Montréal Biodiversity Centre	CMMF	CMMF002347		Lamoureux, Yves		CC0_1_0	Université de Montréal Biodiversity Centre	Lamoureux, Yves			2024-01-24T16:38:19.455Z	StillImage	INSTITUTION_MATCH_FUZZY;COLLECTION_MATCH_FUZZY;DIFFERENT_OWNER_INSTITUTION
5007234388	50c9509d-22c7-4a22-a47d-8c48425ef4a7	https://www.inaturalist.org/observations/256268615	Fungi	Basidiomycota	Agaricomycetes	Agaricales	Pleurotaceae	Pleurotus	Pleurotus populinus		SPECIES	Pleurotus populinus O.Hilber & O.K.Mill.	Pleurotus populinus		CA		New Brunswick	PRESENT		28eb1a3f-1c15-4a95-931a-4af90ecb574d	45.873511	-66.621856							2024-06-14T13:04	14	6	2024	2526667	2526667	HUMAN_OBSERVATION	iNaturalist	Observations	256268615		Dwayne Sabine	2024-12-26T13:55:53	CC_BY_NC_4_0	Dwayne Sabine	Dwayne Sabine			2025-01-14T13:44:54.557Z	StillImage	COORDINATE_ROUNDED;CONTINENT_DERIVED_FROM_COORDINATES;TAXON_MATCH_TAXON_ID_IGNORED
4936424472	50c9509d-22c7-4a22-a47d-8c48425ef4a7	https://www.inaturalist.org/observations/79143449	Fungi	Basidiomycota	Agaricomycetes	Agaricales	Pleurotaceae	Pleurotus	Pleurotus populinus		SPECIES	Pleurotus populinus O.Hilber & O.K.Mill.	Pleurotus populinus		CA		Ontario	PRESENT		28eb1a3f-1c15-4a95-931a-4af90ecb574d	45.397217	-75.760374	16.0						2021-05-17T09:02:44	17	5	2021	2526667	2526667	HUMAN_OBSERVATION	iNaturalist	Observations	79143449		adamfritz	2021-05-17T13:16:33	CC_BY_4_0	adamfritz	adamfritz			2025-01-14T13:12:08.917Z	StillImage	COORDINATE_ROUNDED;CONTINENT_DERIVED_FROM_COORDINATES;TAXON_MATCH_TAXON_ID_IGNORED
4919521535	50c9509d-22c7-4a22-a47d-8c48425ef4a7	https://www.inaturalist.org/observations/86860035	Fungi	Basidiomycota	Agaricomycetes	Agaricales	Pleurotaceae	Pleurotus	Pleurotus populinus		SPECIES	Pleurotus populinus O.Hilber & O.K.Mill.	Pleurotus populinus		CA		New Brunswick	PRESENT		28eb1a3f-1c15-4a95-931a-4af90ecb574d	46.759479	-64.907922							2021-06-22T12:07:17	22	6	2021	2526667	2526667	HUMAN_OBSERVATION	iNaturalist	Observations	86860035		Holly Abbandonato	2021-07-16T02:22:04	CC_BY_4_0	Asia Ruby Fuoco	Asia Ruby Fuoco			2025-01-14T13:13:13.271Z	StillImage	COORDINATE_ROUNDED;CONTINENT_DERIVED_FROM_COORDINATES;TAXON_MATCH_TAXON_ID_IGNORED
4919335472	50c9509d-22c7-4a22-a47d-8c48425ef4a7	https://www.inaturalist.org/observations/85259114	Fungi	Basidiomycota	Agaricomycetes	Agaricales	Pleurotaceae	Pleurotus	Pleurotus populinus		SPECIES	Pleurotus populinus O.Hilber & O.K.Mill.	Pleurotus populinus		CA		New Brunswick	PRESENT		28eb1a3f-1c15-4a95-931a-4af90ecb574d	46.759479	-64.907922							2021-06-22T12:07:17	22	6	2021	2526667	2526667	HUMAN_OBSERVATION	iNaturalist	Observations	85259114		Tristan Hallett	2021-11-04T12:01:15	CC_BY_4_0	Asia Ruby Fuoco	Asia Ruby Fuoco			2025-01-14T13:09:33.177Z	StillImage	COORDINATE_ROUNDED;CONTINENT_DERIVED_FROM_COORDINATES;TAXON_MATCH_TAXON_ID_IGNORED
4909250713	50c9509d-22c7-4a22-a47d-8c48425ef4a7	https://www.inaturalist.org/observations/217817197	Fungi	Basidiomycota	Agaricomycetes	Agaricales	Pleurotaceae	Pleurotus	Pleurotus populinus		SPECIES	Pleurotus populinus O.Hilber & O.K.Mill.	Pleurotus populinus		CA		Québec	PRESENT		28eb1a3f-1c15-4a95-931a-4af90ecb574d	45.552392	-73.476505	163.0						2024-05-22T18:15	22	5	2024	2526667	2526667	HUMAN_OBSERVATION	iNaturalist	Observations	217817197		Tony Pavone	2024-06-03T13:17:03	CC_BY_NC_4_0	Antoine Fortin	Antoine Fortin			2025-01-14T13:41:20.441Z	StillImage	COORDINATE_ROUNDED;CONTINENT_DERIVED_FROM_COORDINATES;TAXON_MATCH_TAXON_ID_IGNORED
4909163440	50c9509d-22c7-4a22-a47d-8c48425ef4a7	https://www.inaturalist.org/observations/224874734	Fungi	Basidiomycota	Agaricomycetes	Agaricales	Pleurotaceae	Pleurotus	Pleurotus populinus		SPECIES	Pleurotus populinus O.Hilber & O.K.Mill.	Pleurotus populinus		CA		Québec	PRESENT		28eb1a3f-1c15-4a95-931a-4af90ecb574d	47.828097	-69.74955	4.0						2024-06-22T09:24:19	22	6	2024	2526667	2526667	HUMAN_OBSERVATION	iNaturalist	Observations	224874734		mauderobichaud	2024-06-24T13:32:20	CC_BY_NC_4_0	mauderobichaud	mauderobichaud			2025-01-14T13:42:18.600Z	StillImage	COORDINATE_ROUNDED;CONTINENT_DERIVED_FROM_COORDINATES;TAXON_MATCH_TAXON_ID_IGNORED
4908977551	50c9509d-22c7-4a22-a47d-8c48425ef4a7	https://www.inaturalist.org/observations/227891145	Fungi	Basidiomycota	Agaricomycetes	Agaricales	Pleurotaceae	Pleurotus	Pleurotus populinus		SPECIES	Pleurotus populinus O.Hilber & O.K.Mill.	Pleurotus populinus		CA		Québec	PRESENT		28eb1a3f-1c15-4a95-931a-4af90ecb574d	48.36458	-68.768913	21.0						2024-07-06T09:23:53	6	7	2024	2526667	2526667	HUMAN_OBSERVATION	iNaturalist	Observations	227891145		Randy	2024-07-07T22:44:55	CC_BY_NC_4_0	Randy	Randy			2025-01-14T13:41:51.920Z	StillImage	COORDINATE_ROUNDED;CONTINENT_DERIVED_FROM_COORDINATES;TAXON_MATCH_TAXON_ID_IGNORED
4904117538	50c9509d-22c7-4a22-a47d-8c48425ef4a7	https://www.inaturalist.org/observations/226226165	Fungi	Basidiomycota	Agaricomycetes	Agaricales	Pleurotaceae	Pleurotus	Pleurotus populinus		SPECIES	Pleurotus populinus O.Hilber & O.K.Mill.	Pleurotus populinus		CA		Québec	PRESENT		28eb1a3f-1c15-4a95-931a-4af90ecb574d	48.637564	-72.329522							2024-06-29T14:38	29	6	2024	2526667	2526667	HUMAN_OBSERVATION	iNaturalist	Observations	226226165		Paul Vézina	2024-06-30T16:54:49	CC_BY_NC_4_0	Paul Vézina	Paul Vézina			2025-01-14T13:41:41.658Z	StillImage	COORDINATE_ROUNDED;CONTINENT_DERIVED_FROM_COORDINATES;TAXON_MATCH_TAXON_ID_IGNORED
4904115453	50c9509d-22c7-4a22-a47d-8c48425ef4a7	https://www.inaturalist.org/observations/226063949	Fungi	Basidiomycota	Agaricomycetes	Agaricales	Pleurotaceae	Pleurotus	Pleurotus populinus		SPECIES	Pleurotus populinus O.Hilber & O.K.Mill.	Pleurotus populinus		CA		Prince Edward Island	PRESENT		28eb1a3f-1c15-4a95-931a-4af90ecb574d	46.736689	-64.350297	62.0						2024-06-28T14:24	28	6	2024	2526667	2526667	HUMAN_OBSERVATION	iNaturalist	Observations	226063949		Rosemary Curley	2024-06-29T23:59:30	CC_BY_NC_4_0	Rosemary Curley	Rosemary Curley			2025-01-14T13:42:12.584Z	StillImage	COORDINATE_ROUNDED;CONTINENT_DERIVED_FROM_COORDINATES;TAXON_MATCH_TAXON_ID_IGNORED
4903787110	50c9509d-22c7-4a22-a47d-8c48425ef4a7	https://www.inaturalist.org/observations/226000198	Fungi	Basidiomycota	Agaricomycetes	Agaricales	Pleurotaceae	Pleurotus	Pleurotus populinus		SPECIES	Pleurotus populinus O.Hilber & O.K.Mill.	Pleurotus populinus		CA		Québec	PRESENT		28eb1a3f-1c15-4a95-931a-4af90ecb574d	48.365173	-68.799294							2024-06-29T14:55:51	29	6	2024	2526667	2526667	HUMAN_OBSERVATION	iNaturalist	Observations	226000198		Nali T.-Paradis	2024-06-29T18:57:43	CC_BY_NC_4_0	Nali T.-Paradis	Nali T.-Paradis			2025-01-14T12:46:50.110Z	StillImage	COORDINATE_ROUNDED;CONTINENT_DERIVED_FROM_COORDINATES;TAXON_MATCH_TAXON_ID_IGNORED
4901562014	50c9509d-22c7-4a22-a47d-8c48425ef4a7	https://www.inaturalist.org/observations/222496739	Fungi	Basidiomycota	Agaricomycetes	Agaricales	Pleurotaceae	Pleurotus	Pleurotus populinus		SPECIES	Pleurotus populinus O.Hilber & O.K.Mill.	Pleurotus populinus		CA		Québec	PRESENT		28eb1a3f-1c15-4a95-931a-4af90ecb574d	48.316455	-71.222917	922.0						2024-06-13T09:41:17	13	6	2024	2526667	2526667	HUMAN_OBSERVATION	iNaturalist	Observations	222496739		Antoine Fortin	2024-06-14T23:17:58	CC_BY_4_0	Diane Auberson-Lavoie	Diane Auberson-Lavoie			2025-01-14T12:47:29.718Z	StillImage	COORDINATE_ROUNDED;CONTINENT_DERIVED_FROM_COORDINATES;TAXON_MATCH_TAXON_ID_IGNORED
4901139896	50c9509d-22c7-4a22-a47d-8c48425ef4a7	https://www.inaturalist.org/observations/224614059	Fungi	Basidiomycota	Agaricomycetes	Agaricales	Pleurotaceae	Pleurotus	Pleurotus populinus		SPECIES	Pleurotus populinus O.Hilber & O.K.Mill.	Pleurotus populinus		CA		Prince Edward Island	PRESENT		28eb1a3f-1c15-4a95-931a-4af90ecb574d	46.644847	-64.342217	4.0						2024-06-21T10:18	21	6	2024	2526667	2526667	HUMAN_OBSERVATION	iNaturalist	Observations	224614059		Rosemary Curley	2024-06-23T12:19:21	CC_BY_NC_4_0	Rosemary Curley	Rosemary Curley			2025-01-14T12:49:17.580Z	StillImage	COORDINATE_ROUNDED;CONTINENT_DERIVED_FROM_COORDINATES;TAXON_MATCH_TAXON_ID_IGNORED
4892188279	50c9509d-22c7-4a22-a47d-8c48425ef4a7	https://www.inaturalist.org/observations/221317219	Fungi	Basidiomycota	Agaricomycetes	Agaricales	Pleurotaceae	Pleurotus	Pleurotus populinus		SPECIES	Pleurotus populinus O.Hilber & O.K.Mill.	Pleurotus populinus		CA		New Brunswick	PRESENT		28eb1a3f-1c15-4a95-931a-4af90ecb574d	45.962226	-66.766949	22.0						2024-06-08T11:49:22	8	6	2024	2526667	2526667	HUMAN_OBSERVATION	iNaturalist	Observations	221317219		ouellette	2024-06-08T14:50:45	CC_BY_NC_4_0	ouellette	ouellette			2025-01-14T12:48:01.298Z	StillImage	COORDINATE_ROUNDED;CONTINENT_DERIVED_FROM_COORDINATES;TAXON_MATCH_TAXON_ID_IGNORED
4892171390	50c9509d-22c7-4a22-a47d-8c48425ef4a7	https://www.inaturalist.org/observations/221485134	Fungi	Basidiomycota	Agaricomycetes	Agaricales	Pleurotaceae	Pleurotus	Pleurotus populinus		SPECIES	Pleurotus populinus O.Hilber & O.K.Mill.	Pleurotus populinus		CA		Québec	PRESENT		28eb1a3f-1c15-4a95-931a-4af90ecb574d	48.639258	-72.330375							2024-06-08T13:56	8	6	2024	2526667	2526667	HUMAN_OBSERVATION	iNaturalist	Observations	221485134		Paul Vézina	2024-06-09T04:19:24	CC_BY_NC_4_0	Paul Vézina	Paul Vézina			2025-01-14T13:41:35.595Z	StillImage	COORDINATE_ROUNDED;CONTINENT_DERIVED_FROM_COORDINATES;TAXON_MATCH_TAXON_ID_IGNORED
4892007048	50c9509d-22c7-4a22-a47d-8c48425ef4a7	https://www.inaturalist.org/observations/221486182	Fungi	Basidiomycota	Agaricomycetes	Agaricales	Pleurotaceae	Pleurotus	Pleurotus populinus		SPECIES	Pleurotus populinus O.Hilber & O.K.Mill.	Pleurotus populinus		CA		Québec	PRESENT		28eb1a3f-1c15-4a95-931a-4af90ecb574d	48.639332	-72.329572							2024-06-08T14:10	8	6	2024	2526667	2526667	HUMAN_OBSERVATION	iNaturalist	Observations	221486182		Paul Vézina	2024-06-09T04:28:11	CC_BY_NC_4_0	Paul Vézina	Paul Vézina			2025-01-14T13:34:28.915Z	StillImage	COORDINATE_ROUNDED;CONTINENT_DERIVED_FROM_COORDINATES;TAXON_MATCH_TAXON_ID_IGNORED
4891993644	50c9509d-22c7-4a22-a47d-8c48425ef4a7	https://www.inaturalist.org/observations/222018025	Fungi	Basidiomycota	Agaricomycetes	Agaricales	Pleurotaceae	Pleurotus	Pleurotus populinus		SPECIES	Pleurotus populinus O.Hilber & O.K.Mill.	Pleurotus populinus		CA		Québec	PRESENT		28eb1a3f-1c15-4a95-931a-4af90ecb574d	45.379137	-71.91652	48.0						2024-06-09T12:58:24	9	6	2024	2526667	2526667	HUMAN_OBSERVATION	iNaturalist	Observations	222018025		gabboilard	2024-06-11T12:46:15	CC_BY_NC_4_0	gabboilard	gabboilard			2025-01-14T13:41:21.405Z	StillImage	COORDINATE_ROUNDED;CONTINENT_DERIVED_FROM_COORDINATES;TAXON_MATCH_TAXON_ID_IGNORED
4891897838	50c9509d-22c7-4a22-a47d-8c48425ef4a7	https://www.inaturalist.org/observations/220482352	Fungi	Basidiomycota	Agaricomycetes	Agaricales	Pleurotaceae	Pleurotus	Pleurotus populinus		SPECIES	Pleurotus populinus O.Hilber & O.K.Mill.	Pleurotus populinus		CA		Ontario	PRESENT		28eb1a3f-1c15-4a95-931a-4af90ecb574d	45.298826	-75.814887	42.0						2024-06-04T11:08:29	4	6	2024	2526667	2526667	HUMAN_OBSERVATION	iNaturalist	Observations	220482352		janesly	2024-06-04T15:12:46	CC_BY_NC_4_0	janesly	janesly			2025-01-14T13:34:14.983Z	StillImage	COORDINATE_ROUNDED;CONTINENT_DERIVED_FROM_COORDINATES;TAXON_MATCH_TAXON_ID_IGNORED
4891838177	50c9509d-22c7-4a22-a47d-8c48425ef4a7	https://www.inaturalist.org/observations/221908451	Fungi	Basidiomycota	Agaricomycetes	Agaricales	Pleurotaceae	Pleurotus	Pleurotus populinus		SPECIES	Pleurotus populinus O.Hilber & O.K.Mill.	Pleurotus populinus		CA		Québec	PRESENT		28eb1a3f-1c15-4a95-931a-4af90ecb574d	48.676099	-72.478457							2024-06-10T16:51	10	6	2024	2526667	2526667	HUMAN_OBSERVATION	iNaturalist	Observations	221908451		Paul Vézina	2024-06-10T21:49:16	CC_BY_NC_4_0	Paul Vézina	Paul Vézina			2025-01-14T12:52:56.964Z	StillImage	COORDINATE_ROUNDED;CONTINENT_DERIVED_FROM_COORDINATES;TAXON_MATCH_TAXON_ID_IGNORED
4891777085	50c9509d-22c7-4a22-a47d-8c48425ef4a7	https://www.inaturalist.org/observations/221401349	Fungi	Basidiomycota	Agaricomycetes	Agaricales	Pleurotaceae	Pleurotus	Pleurotus populinus		SPECIES	Pleurotus populinus O.Hilber & O.K.Mill.	Pleurotus populinus		CA		Québec	PRESENT		28eb1a3f-1c15-4a95-931a-4af90ecb574d	48.640719	-72.331491							2024-06-08T13:20	8	6	2024	2526667	2526667	HUMAN_OBSERVATION	iNaturalist	Observations	221401349		Paul Vézina	2024-06-08T20:34:37	CC_BY_NC_4_0	Paul Vézina	Paul Vézina			2025-01-14T12:46:15.201Z	StillImage	COORDINATE_ROUNDED;CONTINENT_DERIVED_FROM_COORDINATES;TAXON_MATCH_TAXON_ID_IGNORED
4891722583	50c9509d-22c7-4a22-a47d-8c48425ef4a7	https://www.inaturalist.org/observations/221485729	Fungi	Basidiomycota	Agaricomycetes	Agaricales	Pleurotaceae	Pleurotus	Pleurotus populinus		SPECIES	Pleurotus populinus O.Hilber & O.K.Mill.	Pleurotus populinus		CA		Québec	PRESENT		28eb1a3f-1c15-4a95-931a-4af90ecb574d	48.637498	-72.329438							2024-06-08T14:02	8	6	2024	2526667	2526667	HUMAN_OBSERVATION	iNaturalist	Observations	221485729		Paul Vézina	2024-06-09T04:23:08	CC_BY_NC_4_0	Paul Vézina	Paul Vézina			2025-01-14T13:41:19.368Z	StillImage	COORDINATE_ROUNDED;CONTINENT_DERIVED_FROM_COORDINATES;TAXON_MATCH_TAXON_ID_IGNORED
4891654571	50c9509d-22c7-4a22-a47d-8c48425ef4a7	https://www.inaturalist.org/observations/221468296	Fungi	Basidiomycota	Agaricomycetes	Agaricales	Pleurotaceae	Pleurotus	Pleurotus populinus		SPECIES	Pleurotus populinus O.Hilber & O.K.Mill.	Pleurotus populinus		CA		Québec	PRESENT		28eb1a3f-1c15-4a95-931a-4af90ecb574d	47.365211	-69.949464	5.0						2024-06-08T18:03:43	8	6	2024	2526667	2526667	HUMAN_OBSERVATION	iNaturalist	Observations	221468296		birderbb	2024-06-09T02:19:44	CC_BY_NC_4_0	birderbb	birderbb			2025-01-14T13:41:39.330Z	StillImage	COORDINATE_ROUNDED;CONTINENT_DERIVED_FROM_COORDINATES;TAXON_MATCH_TAXON_ID_IGNORED
4875553253	50c9509d-22c7-4a22-a47d-8c48425ef4a7	https://www.inaturalist.org/observations/220249523	Fungi	Basidiomycota	Agaricomycetes	Agaricales	Pleurotaceae	Pleurotus	Pleurotus populinus		SPECIES	Pleurotus populinus O.Hilber & O.K.Mill.	Pleurotus populinus		CA		Québec	PRESENT		28eb1a3f-1c15-4a95-931a-4af90ecb574d	46.408543	-72.592808	6.0						2024-06-02T13:15:17	2	6	2024	2526667	2526667	HUMAN_OBSERVATION	iNaturalist	Observations	220249523		mbelisle2828	2024-06-03T14:13:26	CC_BY_NC_4_0	mbelisle2828	mbelisle2828			2025-01-14T13:40:53.940Z	StillImage	COORDINATE_ROUNDED;CONTINENT_DERIVED_FROM_COORDINATES;TAXON_MATCH_TAXON_ID_IGNORED
4875277597	50c9509d-22c7-4a22-a47d-8c48425ef4a7	https://www.inaturalist.org/observations/219367594	Fungi	Basidiomycota	Agaricomycetes	Agaricales	Pleurotaceae	Pleurotus	Pleurotus populinus		SPECIES	Pleurotus populinus O.Hilber & O.K.Mill.	Pleurotus populinus		CA		Québec	PRESENT		28eb1a3f-1c15-4a95-931a-4af90ecb574d	47.365211	-69.949464							2024-05-30T08:59	30	5	2024	2526667	2526667	HUMAN_OBSERVATION	iNaturalist	Observations	219367594		Taylor Routledge	2024-05-31T03:54:45	CC_BY_NC_4_0	Jean-François Rousseau	Jean-François Rousseau			2025-01-14T13:40:57.199Z	StillImage	CONTINENT_DERIVED_FROM_COORDINATES;TAXON_MATCH_TAXON_ID_IGNORED
4875218698	50c9509d-22c7-4a22-a47d-8c48425ef4a7	https://www.inaturalist.org/observations/218973816	Fungi	Basidiomycota	Agaricomycetes	Agaricales	Pleurotaceae	Pleurotus	Pleurotus populinus		SPECIES	Pleurotus populinus O.Hilber & O.K.Mill.	Pleurotus populinus		CA		Québec	PRESENT		28eb1a3f-1c15-4a95-931a-4af90ecb574d	45.641466	-75.130991	2.0						2024-05-28T14:43	28	5	2024	2526667	2526667	HUMAN_OBSERVATION	iNaturalist	Observations	218973816		Jean-Marc Vallières	2024-05-28T20:42:45	CC_BY_NC_4_0	Jean-Marc Vallières	Jean-Marc Vallières			2025-01-14T12:47:13.663Z	StillImage	COORDINATE_ROUNDED;CONTINENT_DERIVED_FROM_COORDINATES;TAXON_MATCH_TAXON_ID_IGNORED
4875161143	50c9509d-22c7-4a22-a47d-8c48425ef4a7	https://www.inaturalist.org/observations/218860976	Fungi	Basidiomycota	Agaricomycetes	Agaricales	Pleurotaceae	Pleurotus	Pleurotus populinus		SPECIES	Pleurotus populinus O.Hilber & O.K.Mill.	Pleurotus populinus		CA		Québec	PRESENT		28eb1a3f-1c15-4a95-931a-4af90ecb574d	45.872811	-76.4339	501.0						2024-05-24T13:31	24	5	2024	2526667	2526667	HUMAN_OBSERVATION	iNaturalist	Observations	218860976		L Joan Heyding	2024-05-28T10:06:22	CC_BY_NC_4_0	L Joan Heyding	L Joan Heyding			2025-01-14T12:47:35.159Z	StillImage	COORDINATE_ROUNDED;CONTINENT_DERIVED_FROM_COORDINATES;TAXON_MATCH_TAXON_ID_IGNORED
4872377587	50c9509d-22c7-4a22-a47d-8c48425ef4a7	https://www.inaturalist.org/observations/218782965	Fungi	Basidiomycota	Agaricomycetes	Agaricales	Pleurotaceae	Pleurotus	Pleurotus populinus		SPECIES	Pleurotus populinus O.Hilber & O.K.Mill.	Pleurotus populinus		CA		New Brunswick	PRESENT		28eb1a3f-1c15-4a95-931a-4af90ecb574d	45.794808	-66.689819							2024-05-27T15:06:38	27	5	2024	2526667	2526667	HUMAN_OBSERVATION	iNaturalist	Observations	218782965		Sean Rhindress	2024-05-28T00:13:56	CC_BY_NC_4_0	Sean Rhindress	Sean Rhindress			2025-01-14T12:47:53.654Z	StillImage	COORDINATE_ROUNDED;CONTINENT_DERIVED_FROM_COORDINATES;TAXON_MATCH_TAXON_ID_IGNORED
4867569762	50c9509d-22c7-4a22-a47d-8c48425ef4a7	https://www.inaturalist.org/observations/216206923	Fungi	Basidiomycota	Agaricomycetes	Agaricales	Pleurotaceae	Pleurotus	Pleurotus populinus		SPECIES	Pleurotus populinus O.Hilber & O.K.Mill.	Pleurotus populinus		CA		Nova Scotia	PRESENT		28eb1a3f-1c15-4a95-931a-4af90ecb574d	45.08315	-64.416985	126.0						2024-05-16T19:36:20	16	5	2024	2526667	2526667	HUMAN_OBSERVATION	iNaturalist	Observations	216206923		edawe	2024-05-16T23:16:17	CC_BY_NC_4_0	edawe	edawe			2025-01-14T12:46:57.688Z	StillImage	COORDINATE_ROUNDED;CONTINENT_DERIVED_FROM_COORDINATES;TAXON_MATCH_TAXON_ID_IGNORED
4847013716	50c9509d-22c7-4a22-a47d-8c48425ef4a7	https://www.inaturalist.org/observations/207374331	Fungi	Basidiomycota	Agaricomycetes	Agaricales	Pleurotaceae	Pleurotus	Pleurotus populinus		SPECIES	Pleurotus populinus O.Hilber & O.K.Mill.	Pleurotus populinus		CA		Québec	PRESENT		28eb1a3f-1c15-4a95-931a-4af90ecb574d	46.793296	-71.330423	15.0						2023-05-22	22	5	2023	2526667	2526667	HUMAN_OBSERVATION	iNaturalist	Observations	207374331		Christian Grenier	2024-04-15T11:43:41	CC_BY_NC_4_0	Christian Grenier	Christian Grenier			2025-01-14T12:44:13.527Z	StillImage	COORDINATE_ROUNDED;CONTINENT_DERIVED_FROM_COORDINATES;TAXON_MATCH_TAXON_ID_IGNORED
4607395367	50c9509d-22c7-4a22-a47d-8c48425ef4a7	https://www.inaturalist.org/observations/206405768	Fungi	Basidiomycota	Agaricomycetes	Agaricales	Pleurotaceae	Pleurotus	Pleurotus populinus		SPECIES	Pleurotus populinus O.Hilber & O.K.Mill.	Pleurotus populinus		CA		Québec	PRESENT		28eb1a3f-1c15-4a95-931a-4af90ecb574d	46.79029	-71.329937	4.0						2023-05-30	30	5	2023	2526667	2526667	HUMAN_OBSERVATION	iNaturalist	Observations	206405768		Adam Gordon	2024-04-10T19:05:58	CC_BY_NC_4_0	Christian Grenier	Christian Grenier			2025-01-14T12:50:59.837Z	StillImage	COORDINATE_ROUNDED;CONTINENT_DERIVED_FROM_COORDINATES;TAXON_MATCH_TAXON_ID_IGNORED
4597225716	50c9509d-22c7-4a22-a47d-8c48425ef4a7	https://www.inaturalist.org/observations/111272832	Fungi	Basidiomycota	Agaricomycetes	Agaricales	Pleurotaceae	Pleurotus	Pleurotus populinus		SPECIES	Pleurotus populinus O.Hilber & O.K.Mill.	Pleurotus populinus		CA		Québec	PRESENT		28eb1a3f-1c15-4a95-931a-4af90ecb574d	45.510647	-75.911492	4457.0						2019-06-11T10:58:09	11	6	2019	2526667	2526667	HUMAN_OBSERVATION	iNaturalist	Observations	111272832		Laara Cerman	2022-04-13T03:06:37	CC_BY_NC_4_0	Laara Cerman	Laara Cerman			2025-01-14T13:12:28.792Z		COORDINATE_ROUNDED;CONTINENT_DERIVED_FROM_COORDINATES;TAXON_MATCH_TAXON_ID_IGNORED
4458543967	50c9509d-22c7-4a22-a47d-8c48425ef4a7	https://www.inaturalist.org/observations/170283520	Fungi	Basidiomycota	Agaricomycetes	Agaricales	Pleurotaceae	Pleurotus	Pleurotus populinus		SPECIES	Pleurotus populinus O.Hilber & O.K.Mill.	Pleurotus populinus		CA		Prince Edward Island	PRESENT		28eb1a3f-1c15-4a95-931a-4af90ecb574d	46.837269	-64.060112	20.0						2023-06-29T13:37	29	6	2023	2526667	2526667	HUMAN_OBSERVATION	iNaturalist	Observations	170283520		Rosemary Curley	2023-06-30T15:05:25	CC_BY_NC_4_0	Rosemary Curley	Rosemary Curley			2025-01-14T12:39:22.821Z	StillImage	COORDINATE_ROUNDED;CONTINENT_DERIVED_FROM_COORDINATES;TAXON_MATCH_TAXON_ID_IGNORED
4162204375	50c9509d-22c7-4a22-a47d-8c48425ef4a7	https://www.inaturalist.org/observations/118976823	Fungi	Basidiomycota	Agaricomycetes	Agaricales	Pleurotaceae	Pleurotus	Pleurotus populinus		SPECIES	Pleurotus populinus O.Hilber & O.K.Mill.	Pleurotus populinus		CA		Québec	PRESENT		28eb1a3f-1c15-4a95-931a-4af90ecb574d	45.52036	-73.437767	286.0						2022-05-27T14:30:24	27	5	2022	2526667	2526667	HUMAN_OBSERVATION	iNaturalist	Observations	118976823		Antoine Fortin	2023-06-20T02:03:52	CC_BY_NC_4_0	wiy_alxn	wiy_alxn			2025-01-14T13:20:55.030Z	StillImage	COORDINATE_ROUNDED;CONTINENT_DERIVED_FROM_COORDINATES;TAXON_MATCH_TAXON_ID_IGNORED
4145632357	50c9509d-22c7-4a22-a47d-8c48425ef4a7	https://www.inaturalist.org/observations/170196548	Fungi	Basidiomycota	Agaricomycetes	Agaricales	Pleurotaceae	Pleurotus	Pleurotus populinus		SPECIES	Pleurotus populinus O.Hilber & O.K.Mill.	Pleurotus populinus		CA		Prince Edward Island	PRESENT		28eb1a3f-1c15-4a95-931a-4af90ecb574d	46.431458	-64.09423	50.0						2023-06-29T10:49	29	6	2023	2526667	2526667	HUMAN_OBSERVATION	iNaturalist	Observations	170196548		Denis Gallant	2023-06-29T23:41:25	CC_BY_NC_4_0	Denis Gallant	Denis Gallant			2025-01-14T12:38:45.612Z	StillImage	COORDINATE_ROUNDED;CONTINENT_DERIVED_FROM_COORDINATES;TAXON_MATCH_TAXON_ID_IGNORED
4145486777	50c9509d-22c7-4a22-a47d-8c48425ef4a7	https://www.inaturalist.org/observations/170311163	Fungi	Basidiomycota	Agaricomycetes	Agaricales	Pleurotaceae	Pleurotus	Pleurotus populinus		SPECIES	Pleurotus populinus O.Hilber & O.K.Mill.	Pleurotus populinus		CA		Prince Edward Island	PRESENT		28eb1a3f-1c15-4a95-931a-4af90ecb574d	46.881779	-64.132332	50.0						2023-06-29T16:51	29	6	2023	2526667	2526667	HUMAN_OBSERVATION	iNaturalist	Observations	170311163		Rosemary Curley	2023-06-30T18:02:21	CC_BY_NC_4_0	Rosemary Curley	Rosemary Curley			2025-01-14T12:42:22.999Z	StillImage	COORDINATE_ROUNDED;CONTINENT_DERIVED_FROM_COORDINATES;TAXON_MATCH_TAXON_ID_IGNORED
4145264180	50c9509d-22c7-4a22-a47d-8c48425ef4a7	https://www.inaturalist.org/observations/170530933	Fungi	Basidiomycota	Agaricomycetes	Agaricales	Pleurotaceae	Pleurotus	Pleurotus populinus		SPECIES	Pleurotus populinus O.Hilber & O.K.Mill.	Pleurotus populinus		CA		Québec	PRESENT		28eb1a3f-1c15-4a95-931a-4af90ecb574d	47.610728	-69.766503							2023-07-01T16:09:16	1	7	2023	2526667	2526667	HUMAN_OBSERVATION	iNaturalist	Observations	170530933		audball007	2023-07-01T21:42:39	CC_BY_NC_4_0	audball007	audball007			2025-01-14T12:38:29.678Z	StillImage	COORDINATE_ROUNDED;CONTINENT_DERIVED_FROM_COORDINATES;TAXON_MATCH_TAXON_ID_IGNORED
4138637526	50c9509d-22c7-4a22-a47d-8c48425ef4a7	https://www.inaturalist.org/observations/168004252	Fungi	Basidiomycota	Agaricomycetes	Agaricales	Pleurotaceae	Pleurotus	Pleurotus populinus		SPECIES	Pleurotus populinus O.Hilber & O.K.Mill.	Pleurotus populinus		CA		Québec	PRESENT		28eb1a3f-1c15-4a95-931a-4af90ecb574d	48.611761	-68.114867							2023-06-17T13:23:50	17	6	2023	2526667	2526667	HUMAN_OBSERVATION	iNaturalist	Observations	168004252		Michel Larrivée	2023-06-18T01:39:05	CC_BY_NC_4_0	Michel Larrivée	Michel Larrivée			2025-01-14T13:30:56.044Z	StillImage	COORDINATE_ROUNDED;CONTINENT_DERIVED_FROM_COORDINATES;TAXON_MATCH_TAXON_ID_IGNORED
4138433334	50c9509d-22c7-4a22-a47d-8c48425ef4a7	https://www.inaturalist.org/observations/168146837	Fungi	Basidiomycota	Agaricomycetes	Agaricales	Pleurotaceae	Pleurotus	Pleurotus populinus		SPECIES	Pleurotus populinus O.Hilber & O.K.Mill.	Pleurotus populinus		CA		Québec	PRESENT		28eb1a3f-1c15-4a95-931a-4af90ecb574d	48.640504	-72.331532							2023-06-17T10:28	17	6	2023	2526667	2526667	HUMAN_OBSERVATION	iNaturalist	Observations	168146837		Paul Vézina	2023-06-18T18:59:18	CC_BY_NC_4_0	Paul Vézina	Paul Vézina			2025-01-14T13:25:12.601Z	StillImage	COORDINATE_ROUNDED;CONTINENT_DERIVED_FROM_COORDINATES;TAXON_MATCH_TAXON_ID_IGNORED
4138179476	50c9509d-22c7-4a22-a47d-8c48425ef4a7	https://www.inaturalist.org/observations/168286883	Fungi	Basidiomycota	Agaricomycetes	Agaricales	Pleurotaceae	Pleurotus	Pleurotus populinus		SPECIES	Pleurotus populinus O.Hilber & O.K.Mill.	Pleurotus populinus		CA		Ontario	PRESENT		28eb1a3f-1c15-4a95-931a-4af90ecb574d	46.197772	-77.84478	7.0						2023-06-17T10:42:16	17	6	2023	2526667	2526667	HUMAN_OBSERVATION	iNaturalist	Observations	168286883		Ariel Bonkoski	2023-06-21T05:04:10	CC_BY_NC_4_0	Maria Bastas	Maria Bastas			2025-01-14T13:26:33.814Z	StillImage	COORDINATE_ROUNDED;CONTINENT_DERIVED_FROM_COORDINATES;TAXON_MATCH_TAXON_ID_IGNORED
4138109701	50c9509d-22c7-4a22-a47d-8c48425ef4a7	https://www.inaturalist.org/observations/168004099	Fungi	Basidiomycota	Agaricomycetes	Agaricales	Pleurotaceae	Pleurotus	Pleurotus populinus		SPECIES	Pleurotus populinus O.Hilber & O.K.Mill.	Pleurotus populinus		CA		Québec	PRESENT		28eb1a3f-1c15-4a95-931a-4af90ecb574d	48.590881	-68.128758							2023-06-17T13:25:45	17	6	2023	2526667	2526667	HUMAN_OBSERVATION	iNaturalist	Observations	168004099		Gaby Beland	2023-06-26T03:58:12	CC_BY_NC_4_0	Michel Larrivée	Michel Larrivée			2025-01-14T12:35:29.323Z	StillImage	COORDINATE_ROUNDED;CONTINENT_DERIVED_FROM_COORDINATES;TAXON_MATCH_TAXON_ID_IGNORED
4138066032	50c9509d-22c7-4a22-a47d-8c48425ef4a7	https://www.inaturalist.org/observations/168147048	Fungi	Basidiomycota	Agaricomycetes	Agaricales	Pleurotaceae	Pleurotus	Pleurotus populinus		SPECIES	Pleurotus populinus O.Hilber & O.K.Mill.	Pleurotus populinus		CA		Québec	PRESENT		28eb1a3f-1c15-4a95-931a-4af90ecb574d	46.789193	-71.327949	4.0						2023-06-18T14:59:53	18	6	2023	2526667	2526667	HUMAN_OBSERVATION	iNaturalist	Observations	168147048		Véronik de la Chenelière	2023-06-18T19:00:09	CC_BY_NC_4_0	Véronik de la Chenelière	Véronik de la Chenelière			2025-01-14T12:41:57.647Z	StillImage	COORDINATE_ROUNDED;CONTINENT_DERIVED_FROM_COORDINATES;TAXON_MATCH_TAXON_ID_IGNORED
4137902449	50c9509d-22c7-4a22-a47d-8c48425ef4a7	https://www.inaturalist.org/observations/167418852	Fungi	Basidiomycota	Agaricomycetes	Agaricales	Pleurotaceae	Pleurotus	Pleurotus populinus		SPECIES	Pleurotus populinus O.Hilber & O.K.Mill.	Pleurotus populinus		CA		Québec	PRESENT		28eb1a3f-1c15-4a95-931a-4af90ecb574d	46.380378	-74.878937	4.0						2023-06-12T16:35:04	12	6	2023	2526667	2526667	HUMAN_OBSERVATION	iNaturalist	Observations	167418852		geoffreyboulange	2023-06-14T20:09:23	CC_BY_NC_4_0	geoffreyboulange	geoffreyboulange			2025-01-14T13:30:39.705Z	StillImage	COORDINATE_ROUNDED;CONTINENT_DERIVED_FROM_COORDINATES;TAXON_MATCH_TAXON_ID_IGNORED
4137839190	50c9509d-22c7-4a22-a47d-8c48425ef4a7	https://www.inaturalist.org/observations/169110612	Fungi	Basidiomycota	Agaricomycetes	Agaricales	Pleurotaceae	Pleurotus	Pleurotus populinus		SPECIES	Pleurotus populinus O.Hilber & O.K.Mill.	Pleurotus populinus		CA		New Brunswick	PRESENT		28eb1a3f-1c15-4a95-931a-4af90ecb574d	45.93501	-66.647907	372.0						2023-06-16T19:30:59	16	6	2023	2526667	2526667	HUMAN_OBSERVATION	iNaturalist	Observations	169110612		ethengmu23	2023-06-24T03:11:28	CC_BY_NC_4_0	ethengmu23	ethengmu23			2025-01-14T13:30:42.861Z	StillImage	COORDINATE_ROUNDED;CONTINENT_DERIVED_FROM_COORDINATES;TAXON_MATCH_TAXON_ID_IGNORED
4137758111	50c9509d-22c7-4a22-a47d-8c48425ef4a7	https://www.inaturalist.org/observations/166849106	Fungi	Basidiomycota	Agaricomycetes	Agaricales	Pleurotaceae	Pleurotus	Pleurotus populinus		SPECIES	Pleurotus populinus O.Hilber & O.K.Mill.	Pleurotus populinus		CA		Québec	PRESENT		28eb1a3f-1c15-4a95-931a-4af90ecb574d	45.548058	-73.469031	61.0						2023-05-27T12:28	27	5	2023	2526667	2526667	HUMAN_OBSERVATION	iNaturalist	Observations	166849106		Antoine Fortin	2023-06-11T18:00:08	CC_BY_NC_4_0	Antoine Fortin	Antoine Fortin			2025-01-14T12:36:37.289Z	StillImage	COORDINATE_ROUNDED;CONTINENT_DERIVED_FROM_COORDINATES;TAXON_MATCH_TAXON_ID_IGNORED
4137748532	50c9509d-22c7-4a22-a47d-8c48425ef4a7	https://www.inaturalist.org/observations/92563569	Fungi	Basidiomycota	Agaricomycetes	Agaricales	Pleurotaceae	Pleurotus	Pleurotus populinus		SPECIES	Pleurotus populinus O.Hilber & O.K.Mill.	Pleurotus populinus		CA		Québec	PRESENT		28eb1a3f-1c15-4a95-931a-4af90ecb574d	47.667432	-70.619044	236.0						2021-07-14T15:41:50	14	7	2021	2526667	2526667	HUMAN_OBSERVATION	iNaturalist	Observations	92563569		meyerhansmonica	2021-08-26T12:39:48	CC_BY_NC_4_0	meyerhansmonica	meyerhansmonica			2025-01-14T12:22:30.282Z	StillImage	COORDINATE_ROUNDED;CONTINENT_DERIVED_FROM_COORDINATES;TAXON_MATCH_TAXON_ID_IGNORED
4137706449	50c9509d-22c7-4a22-a47d-8c48425ef4a7	https://www.inaturalist.org/observations/68245454	Fungi	Basidiomycota	Agaricomycetes	Agaricales	Pleurotaceae	Pleurotus	Pleurotus populinus		SPECIES	Pleurotus populinus O.Hilber & O.K.Mill.	Pleurotus populinus		CA		Québec	PRESENT		28eb1a3f-1c15-4a95-931a-4af90ecb574d	46.785453	-71.267926	15.0						2020-06-11T00:00	11	6	2020	2526667	2526667	HUMAN_OBSERVATION	iNaturalist	Observations	68245454		Pierrick Bloin	2021-01-18T00:32:06	CC_BY_NC_4_0	Pierrick Bloin	Pierrick Bloin			2025-01-14T13:11:21.829Z	StillImage	COORDINATE_ROUNDED;CONTINENT_DERIVED_FROM_COORDINATES;TAXON_MATCH_TAXON_ID_IGNORED
4137693926	50c9509d-22c7-4a22-a47d-8c48425ef4a7	https://www.inaturalist.org/observations/168191613	Fungi	Basidiomycota	Agaricomycetes	Agaricales	Pleurotaceae	Pleurotus	Pleurotus populinus		SPECIES	Pleurotus populinus O.Hilber & O.K.Mill.	Pleurotus populinus		CA		Québec	PRESENT		28eb1a3f-1c15-4a95-931a-4af90ecb574d	48.109341	-77.85073	8.0						2023-06-18T08:07	18	6	2023	2526667	2526667	HUMAN_OBSERVATION	iNaturalist	Observations	168191613		Ariel Bonkoski	2023-06-19T03:39:40	CC_BY_NC_4_0	François Dubois	François Dubois			2025-01-14T12:35:53.382Z	StillImage	COORDINATE_ROUNDED;CONTINENT_DERIVED_FROM_COORDINATES;TAXON_MATCH_TAXON_ID_IGNORED
4137597591	50c9509d-22c7-4a22-a47d-8c48425ef4a7	https://www.inaturalist.org/observations/120384398	Fungi	Basidiomycota	Agaricomycetes	Agaricales	Pleurotaceae	Pleurotus	Pleurotus populinus		SPECIES	Pleurotus populinus O.Hilber & O.K.Mill.	Pleurotus populinus		CA		Québec	PRESENT		28eb1a3f-1c15-4a95-931a-4af90ecb574d	48.670296	-72.473779							2021-06-09T17:47	9	6	2021	2526667	2526667	HUMAN_OBSERVATION	iNaturalist	Observations	120384398		Paul Vézina	2022-06-05T19:05:52	CC_BY_NC_4_0	Paul Vézina	Paul Vézina			2025-01-14T13:15:28.384Z	StillImage	COORDINATE_ROUNDED;CONTINENT_DERIVED_FROM_COORDINATES;TAXON_MATCH_TAXON_ID_IGNORED
4134040649	50c9509d-22c7-4a22-a47d-8c48425ef4a7	https://www.inaturalist.org/observations/166568135	Fungi	Basidiomycota	Agaricomycetes	Agaricales	Pleurotaceae	Pleurotus	Pleurotus populinus		SPECIES	Pleurotus populinus O.Hilber & O.K.Mill.	Pleurotus populinus		CA		Québec	PRESENT		28eb1a3f-1c15-4a95-931a-4af90ecb574d	46.411747	-72.499367	4.0						2023-06-08T14:00:34	8	6	2023	2526667	2526667	HUMAN_OBSERVATION	iNaturalist	Observations	166568135		vincent_dumontier	2023-06-10T11:25:02	CC_BY_NC_4_0	vincent_dumontier	vincent_dumontier			2025-01-14T12:41:17.490Z	StillImage	COORDINATE_ROUNDED;CONTINENT_DERIVED_FROM_COORDINATES;TAXON_MATCH_TAXON_ID_IGNORED
4130085414	50c9509d-22c7-4a22-a47d-8c48425ef4a7	https://www.inaturalist.org/observations/165144113	Fungi	Basidiomycota	Agaricomycetes	Agaricales	Pleurotaceae	Pleurotus	Pleurotus populinus		SPECIES	Pleurotus populinus O.Hilber & O.K.Mill.	Pleurotus populinus		CA		Ontario	PRESENT		28eb1a3f-1c15-4a95-931a-4af90ecb574d	45.21749	-75.623124	6.0						2023-06-02T10:56:21	2	6	2023	2526667	2526667	HUMAN_OBSERVATION	iNaturalist	Observations	165144113		Ariel Bonkoski	2023-06-05T00:55:57	CC_BY_NC_4_0	Lorraine E	Lorraine E			2025-01-14T12:35:58.746Z	StillImage	COORDINATE_ROUNDED;CONTINENT_DERIVED_FROM_COORDINATES;TAXON_MATCH_TAXON_ID_IGNORED
4129779131	50c9509d-22c7-4a22-a47d-8c48425ef4a7	https://www.inaturalist.org/observations/165970958	Fungi	Basidiomycota	Agaricomycetes	Agaricales	Pleurotaceae	Pleurotus	Pleurotus populinus		SPECIES	Pleurotus populinus O.Hilber & O.K.Mill.	Pleurotus populinus		CA		Québec	PRESENT		28eb1a3f-1c15-4a95-931a-4af90ecb574d	45.960757	-76.408482	27095.0						2023-06-06T11:03	6	6	2023	2526667	2526667	HUMAN_OBSERVATION	iNaturalist	Observations	165970958		L Joan Heyding	2023-06-06T21:36:57	CC_BY_NC_4_0	L Joan Heyding	L Joan Heyding			2025-01-14T13:30:39.538Z	StillImage	COORDINATE_ROUNDED;CONTINENT_DERIVED_FROM_COORDINATES;TAXON_MATCH_TAXON_ID_IGNORED
4127011093	50c9509d-22c7-4a22-a47d-8c48425ef4a7	https://www.inaturalist.org/observations/164340684	Fungi	Basidiomycota	Agaricomycetes	Agaricales	Pleurotaceae	Pleurotus	Pleurotus populinus		SPECIES	Pleurotus populinus O.Hilber & O.K.Mill.	Pleurotus populinus		CA		Ontario	PRESENT		28eb1a3f-1c15-4a95-931a-4af90ecb574d	45.563439	-75.271224	31.0						2023-05-28T13:45	28	5	2023	2526667	2526667	HUMAN_OBSERVATION	iNaturalist	Observations	164340684		jonathan_mack	2023-05-29T01:51:56	CC_BY_NC_4_0	jonathan_mack	jonathan_mack			2025-01-14T12:36:27.782Z	StillImage	COORDINATE_ROUNDED;CONTINENT_DERIVED_FROM_COORDINATES;TAXON_MATCH_TAXON_ID_IGNORED
4018223548	50c9509d-22c7-4a22-a47d-8c48425ef4a7	https://www.inaturalist.org/observations/120715310	Fungi	Basidiomycota	Agaricomycetes	Agaricales	Pleurotaceae	Pleurotus	Pleurotus populinus		SPECIES	Pleurotus populinus O.Hilber & O.K.Mill.	Pleurotus populinus		CA		Québec	PRESENT		28eb1a3f-1c15-4a95-931a-4af90ecb574d	46.749418	-71.311316	8.0						2022-06-05T10:32	5	6	2022	2526667	2526667	HUMAN_OBSERVATION	iNaturalist	Observations	120715310		Brevan Wagner	2022-06-07T19:53:52	CC0_1_0	Brevan Wagner	Brevan Wagner			2025-01-14T12:29:32.834Z	StillImage	COORDINATE_ROUNDED;CONTINENT_DERIVED_FROM_COORDINATES;TAXON_MATCH_TAXON_ID_IGNORED
4006688710	50c9509d-22c7-4a22-a47d-8c48425ef4a7	https://www.inaturalist.org/observations/144337941	Fungi	Basidiomycota	Agaricomycetes	Agaricales	Pleurotaceae	Pleurotus	Pleurotus populinus		SPECIES	Pleurotus populinus O.Hilber & O.K.Mill.	Pleurotus populinus		CA		Québec	PRESENT		28eb1a3f-1c15-4a95-931a-4af90ecb574d	48.309928	-68.538008	8.0						2022-06-28T11:22:15	28	6	2022	2526667	2526667	HUMAN_OBSERVATION	iNaturalist	Observations	144337941		madelineboys	2022-12-14T03:44:48	CC_BY_NC_4_0	madelineboys	madelineboys			2025-01-14T13:19:52.586Z	StillImage	COORDINATE_ROUNDED;CONTINENT_DERIVED_FROM_COORDINATES;TAXON_MATCH_TAXON_ID_IGNORED
3873229545	50c9509d-22c7-4a22-a47d-8c48425ef4a7	https://www.inaturalist.org/observations/127009951	Fungi	Basidiomycota	Agaricomycetes	Agaricales	Pleurotaceae	Pleurotus	Pleurotus populinus		SPECIES	Pleurotus populinus O.Hilber & O.K.Mill.	Pleurotus populinus		CA		Québec	PRESENT		28eb1a3f-1c15-4a95-931a-4af90ecb574d	47.428947	-72.783931	185806.0						2022-07-13T11:22:51	13	7	2022	2526667	2526667	HUMAN_OBSERVATION	iNaturalist	Observations	127009951		emmanuellemarot	2022-07-19T21:10:49	CC_BY_NC_4_0	emmanuellemarot	emmanuellemarot			2025-01-14T12:32:34.835Z	StillImage	COORDINATE_ROUNDED;CONTINENT_DERIVED_FROM_COORDINATES;TAXON_MATCH_TAXON_ID_IGNORED
3860478047	50c9509d-22c7-4a22-a47d-8c48425ef4a7	https://www.inaturalist.org/observations/121037689	Fungi	Basidiomycota	Agaricomycetes	Agaricales	Pleurotaceae	Pleurotus	Pleurotus populinus		SPECIES	Pleurotus populinus O.Hilber & O.K.Mill.	Pleurotus populinus		CA		Québec	PRESENT		28eb1a3f-1c15-4a95-931a-4af90ecb574d	45.549597	-73.430806	95.0						2022-06-09T16:25	9	6	2022	2526667	2526667	HUMAN_OBSERVATION	iNaturalist	Observations	121037689		Garrett Taylor	2022-06-10T02:25:30	CC_BY_NC_4_0	wiy_alxn	wiy_alxn			2025-01-14T12:31:07.916Z	StillImage	COORDINATE_ROUNDED;CONTINENT_DERIVED_FROM_COORDINATES;TAXON_MATCH_TAXON_ID_IGNORED
3860424021	50c9509d-22c7-4a22-a47d-8c48425ef4a7	https://www.inaturalist.org/observations/119782176	Fungi	Basidiomycota	Agaricomycetes	Agaricales	Pleurotaceae	Pleurotus	Pleurotus populinus		SPECIES	Pleurotus populinus O.Hilber & O.K.Mill.	Pleurotus populinus		CA		Ontario	PRESENT		28eb1a3f-1c15-4a95-931a-4af90ecb574d	45.409122	-75.56842	100.0						2022-06-01T14:44:54	1	6	2022	2526667	2526667	HUMAN_OBSERVATION	iNaturalist	Observations	119782176		Igor Khomenko	2022-06-01T20:19:10	CC_BY_NC_4_0	Igor Khomenko	Igor Khomenko			2025-01-14T13:16:40.549Z	StillImage	COORDINATE_ROUNDED;CONTINENT_DERIVED_FROM_COORDINATES;TAXON_MATCH_TAXON_ID_IGNORED
3859902598	50c9509d-22c7-4a22-a47d-8c48425ef4a7	https://www.inaturalist.org/observations/120511380	Fungi	Basidiomycota	Agaricomycetes	Agaricales	Pleurotaceae	Pleurotus	Pleurotus populinus		SPECIES	Pleurotus populinus O.Hilber & O.K.Mill.	Pleurotus populinus		CA		Québec	PRESENT		28eb1a3f-1c15-4a95-931a-4af90ecb574d	46.212228	-74.756169	27031.0						2022-06-04T13:00:30	4	6	2022	2526667	2526667	HUMAN_OBSERVATION	iNaturalist	Observations	120511380		manonboulais	2022-06-06T14:13:06	CC_BY_NC_4_0	manonboulais	manonboulais			2025-01-14T12:29:38.108Z	StillImage	COORDINATE_ROUNDED;CONTINENT_DERIVED_FROM_COORDINATES;TAXON_MATCH_TAXON_ID_IGNORED
3858469361	50c9509d-22c7-4a22-a47d-8c48425ef4a7	https://www.inaturalist.org/observations/121290213	Fungi	Basidiomycota	Agaricomycetes	Agaricales	Pleurotaceae	Pleurotus	Pleurotus populinus		SPECIES	Pleurotus populinus O.Hilber & O.K.Mill.	Pleurotus populinus		CA		Ontario	PRESENT		28eb1a3f-1c15-4a95-931a-4af90ecb574d	45.320539	-75.584464	798.0						2022-06-11T13:12	11	6	2022	2526667	2526667	HUMAN_OBSERVATION	iNaturalist	Observations	121290213		Ray Snook	2022-06-11T19:42:30	CC_BY_NC_4_0	Ray Snook	Ray Snook			2025-01-14T13:30:31.927Z	StillImage	COORDINATE_ROUNDED;CONTINENT_DERIVED_FROM_COORDINATES;TAXON_MATCH_TAXON_ID_IGNORED
3858368911	50c9509d-22c7-4a22-a47d-8c48425ef4a7	https://www.inaturalist.org/observations/119664177	Fungi	Basidiomycota	Agaricomycetes	Agaricales	Pleurotaceae	Pleurotus	Pleurotus populinus		SPECIES	Pleurotus populinus O.Hilber & O.K.Mill.	Pleurotus populinus		CA		Québec	PRESENT		28eb1a3f-1c15-4a95-931a-4af90ecb574d	45.924659	-76.425452	27095.0						2022-05-30T10:48	30	5	2022	2526667	2526667	HUMAN_OBSERVATION	iNaturalist	Observations	119664177		L Joan Heyding	2022-05-31T23:54:50	CC_BY_NC_4_0	L Joan Heyding	L Joan Heyding			2025-01-14T12:29:35.254Z	StillImage	COORDINATE_ROUNDED;CONTINENT_DERIVED_FROM_COORDINATES;TAXON_MATCH_TAXON_ID_IGNORED
3802622660	50c9509d-22c7-4a22-a47d-8c48425ef4a7	https://www.inaturalist.org/observations/117854028	Fungi	Basidiomycota	Agaricomycetes	Agaricales	Pleurotaceae	Pleurotus	Pleurotus populinus		SPECIES	Pleurotus populinus O.Hilber & O.K.Mill.	Pleurotus populinus		CA		Québec	PRESENT		28eb1a3f-1c15-4a95-931a-4af90ecb574d	45.451073	-73.808972	6.0						2022-05-20T08:40:39	20	5	2022	2526667	2526667	HUMAN_OBSERVATION	iNaturalist	Observations	117854028		cinna_latifolia	2022-05-20T19:42:25	CC_BY_NC_4_0	trejdil	trejdil			2025-01-14T12:27:33.777Z	StillImage	COORDINATE_ROUNDED;CONTINENT_DERIVED_FROM_COORDINATES;TAXON_MATCH_TAXON_ID_IGNORED
3456921477	50c9509d-22c7-4a22-a47d-8c48425ef4a7	https://www.inaturalist.org/observations/102196256	Fungi	Basidiomycota	Agaricomycetes	Agaricales	Pleurotaceae	Pleurotus	Pleurotus populinus		SPECIES	Pleurotus populinus O.Hilber & O.K.Mill.	Pleurotus populinus		CA		Québec	PRESENT		28eb1a3f-1c15-4a95-931a-4af90ecb574d	45.602655	-75.125798	31.0						2021-11-29T16:28	29	11	2021	2526667	2526667	HUMAN_OBSERVATION	iNaturalist	Observations	102196256		Massimo Tabone	2021-12-01T05:12:38	CC_BY_NC_4_0	Jean-Marc Vallières	Jean-Marc Vallières			2025-01-14T12:26:06Z	StillImage	COORDINATE_ROUNDED;CONTINENT_DERIVED_FROM_COORDINATES;TAXON_MATCH_TAXON_ID_IGNORED
3408088329	50c9509d-22c7-4a22-a47d-8c48425ef4a7	https://www.inaturalist.org/observations/34491677	Fungi	Basidiomycota	Agaricomycetes	Agaricales	Pleurotaceae	Pleurotus	Pleurotus populinus		SPECIES	Pleurotus populinus O.Hilber & O.K.Mill.	Pleurotus populinus		CA		New Brunswick	PRESENT		28eb1a3f-1c15-4a95-931a-4af90ecb574d	46.214608	-64.289488	488.0						2015-06-14T09:30	14	6	2015	2526667	2526667	HUMAN_OBSERVATION	iNaturalist	Observations	34491677		Raymonde G Chartier	2019-10-17T12:19:24	CC_BY_NC_4_0	Raymonde G Chartier	Raymonde G Chartier			2025-01-14T13:05:16.882Z	StillImage	COORDINATE_ROUNDED;CONTINENT_DERIVED_FROM_COORDINATES;TAXON_MATCH_TAXON_ID_IGNORED
3408014332	50c9509d-22c7-4a22-a47d-8c48425ef4a7	https://www.inaturalist.org/observations/34909883	Fungi	Basidiomycota	Agaricomycetes	Agaricales	Pleurotaceae	Pleurotus	Pleurotus populinus		SPECIES	Pleurotus populinus O.Hilber & O.K.Mill.	Pleurotus populinus		CA		New Brunswick	PRESENT		28eb1a3f-1c15-4a95-931a-4af90ecb574d	46.340725	-64.621784	1227.0						2014-06-14T15:31	14	6	2014	2526667	2526667	HUMAN_OBSERVATION	iNaturalist	Observations	34909883		Raymonde G Chartier	2019-10-26T13:18:59	CC_BY_NC_4_0	Raymonde G Chartier	Raymonde G Chartier			2025-01-14T12:10:23.569Z	StillImage	COORDINATE_ROUNDED;CONTINENT_DERIVED_FROM_COORDINATES;TAXON_MATCH_TAXON_ID_IGNORED
3407943328	50c9509d-22c7-4a22-a47d-8c48425ef4a7	https://www.inaturalist.org/observations/34783223	Fungi	Basidiomycota	Agaricomycetes	Agaricales	Pleurotaceae	Pleurotus	Pleurotus populinus		SPECIES	Pleurotus populinus O.Hilber & O.K.Mill.	Pleurotus populinus		CA		New Brunswick	PRESENT		28eb1a3f-1c15-4a95-931a-4af90ecb574d	46.16595	-64.330641	1502.0						2011-06-16T17:24	16	6	2011	2526667	2526667	HUMAN_OBSERVATION	iNaturalist	Observations	34783223		Raymonde G Chartier	2019-10-23T14:43:21	CC_BY_NC_4_0	Raymonde G Chartier	Raymonde G Chartier			2025-01-14T12:09:38.365Z	StillImage	COORDINATE_ROUNDED;CONTINENT_DERIVED_FROM_COORDINATES;TAXON_MATCH_TAXON_ID_IGNORED
3314264025	50c9509d-22c7-4a22-a47d-8c48425ef4a7	https://www.inaturalist.org/observations/83882511	Fungi	Basidiomycota	Agaricomycetes	Agaricales	Pleurotaceae	Pleurotus	Pleurotus populinus		SPECIES	Pleurotus populinus O.Hilber & O.K.Mill.	Pleurotus populinus		CA		Ontario	PRESENT		28eb1a3f-1c15-4a95-931a-4af90ecb574d	45.371902	-75.69784	426.0						2021-06-19T15:08Z	19	6	2021	2526667	2526667	HUMAN_OBSERVATION	iNaturalist	Observations	83882511		Garrett Taylor	2021-06-21T02:00:13	CC_BY_NC_4_0	lstarzyn	lstarzyn			2025-01-14T12:20:19.393Z	StillImage	COORDINATE_ROUNDED;CONTINENT_DERIVED_FROM_COORDINATES;TAXON_MATCH_TAXON_ID_IGNORED
3301822432	50c9509d-22c7-4a22-a47d-8c48425ef4a7	https://www.inaturalist.org/observations/81800412	Fungi	Basidiomycota	Agaricomycetes	Agaricales	Pleurotaceae	Pleurotus	Pleurotus populinus		SPECIES	Pleurotus populinus O.Hilber & O.K.Mill.	Pleurotus populinus		CA		Ontario	PRESENT		28eb1a3f-1c15-4a95-931a-4af90ecb574d	45.457559	-75.467441	14.0						2021-06-05T13:46	5	6	2021	2526667	2526667	HUMAN_OBSERVATION	iNaturalist	Observations	81800412		jonathan_mack	2021-06-06T01:47:04	CC_BY_NC_4_0	jonathan_mack	jonathan_mack			2025-01-14T12:19:49.150Z	StillImage	COORDINATE_ROUNDED;CONTINENT_DERIVED_FROM_COORDINATES;TAXON_MATCH_TAXON_ID_IGNORED
3301789959	50c9509d-22c7-4a22-a47d-8c48425ef4a7	https://www.inaturalist.org/observations/81211160	Fungi	Basidiomycota	Agaricomycetes	Agaricales	Pleurotaceae	Pleurotus	Pleurotus populinus		SPECIES	Pleurotus populinus O.Hilber & O.K.Mill.	Pleurotus populinus		CA		Ontario	PRESENT		28eb1a3f-1c15-4a95-931a-4af90ecb574d	45.481798	-77.56078	15559.0						2021-06-01T13:42:50Z	1	6	2021	2526667	2526667	HUMAN_OBSERVATION	iNaturalist	Observations	81211160		Anna	2021-06-01T19:04:41	CC_BY_NC_4_0	Anna	Anna			2025-01-14T13:12:39.198Z	StillImage	COORDINATE_ROUNDED;CONTINENT_DERIVED_FROM_COORDINATES;TAXON_MATCH_TAXON_ID_IGNORED
3117832766	50c9509d-22c7-4a22-a47d-8c48425ef4a7	https://www.inaturalist.org/observations/78773267	Fungi	Basidiomycota	Agaricomycetes	Agaricales	Pleurotaceae	Pleurotus	Pleurotus populinus		SPECIES	Pleurotus populinus O.Hilber & O.K.Mill.	Pleurotus populinus		CA		Ontario	PRESENT		28eb1a3f-1c15-4a95-931a-4af90ecb574d	45.550726	-75.53785	27158.0						2021-05-14T09:18	14	5	2021	2526667	2526667	HUMAN_OBSERVATION	iNaturalist	Observations	78773267		L Joan Heyding	2021-05-15T00:38:55	CC_BY_NC_4_0	L Joan Heyding	L Joan Heyding			2025-01-14T13:12:04.112Z	StillImage	COORDINATE_ROUNDED;CONTINENT_DERIVED_FROM_COORDINATES;TAXON_MATCH_TAXON_ID_IGNORED
3117777214	50c9509d-22c7-4a22-a47d-8c48425ef4a7	https://www.inaturalist.org/observations/79175595	Fungi	Basidiomycota	Agaricomycetes	Agaricales	Pleurotaceae	Pleurotus	Pleurotus populinus		SPECIES	Pleurotus populinus O.Hilber & O.K.Mill.	Pleurotus populinus		CA		Ontario	PRESENT		28eb1a3f-1c15-4a95-931a-4af90ecb574d	45.350739	-75.589374	454.0						2021-05-17T10:38:14	17	5	2021	2526667	2526667	HUMAN_OBSERVATION	iNaturalist	Observations	79175595		Igor Khomenko	2021-05-17T18:03:28	CC_BY_NC_4_0	Igor Khomenko	Igor Khomenko			2025-01-14T13:07:56.098Z	StillImage	CONTINENT_DERIVED_FROM_COORDINATES;TAXON_MATCH_TAXON_ID_IGNORED
3113538371	50c9509d-22c7-4a22-a47d-8c48425ef4a7	https://www.inaturalist.org/observations/78261861	Fungi	Basidiomycota	Agaricomycetes	Agaricales	Pleurotaceae	Pleurotus	Pleurotus populinus		SPECIES	Pleurotus populinus O.Hilber & O.K.Mill.	Pleurotus populinus		CA		Ontario	PRESENT		28eb1a3f-1c15-4a95-931a-4af90ecb574d	45.543049	-75.448563	27158.0						2021-05-10T10:43	10	5	2021	2526667	2526667	HUMAN_OBSERVATION	iNaturalist	Observations	78261861		L Joan Heyding	2021-05-10T19:32:42	CC_BY_NC_4_0	L Joan Heyding	L Joan Heyding			2025-01-14T12:17:56.177Z	StillImage	COORDINATE_ROUNDED;CONTINENT_DERIVED_FROM_COORDINATES;TAXON_MATCH_TAXON_ID_IGNORED
3079718598	50c9509d-22c7-4a22-a47d-8c48425ef4a7	https://www.inaturalist.org/observations/25632779	Fungi	Basidiomycota	Agaricomycetes	Agaricales	Pleurotaceae	Pleurotus	Pleurotus populinus		SPECIES	Pleurotus populinus O.Hilber & O.K.Mill.	Pleurotus populinus		CA		Ontario	PRESENT		28eb1a3f-1c15-4a95-931a-4af90ecb574d	45.406312	-75.592175	250.0						2019-05-23T11:51	23	5	2019	2526667	2526667	HUMAN_OBSERVATION	iNaturalist	Observations	25632779		Igor Khomenko	2019-05-23T19:19:23	CC_BY_NC_4_0	Igor Khomenko	Igor Khomenko			2025-01-14T12:59:03.142Z	StillImage	COORDINATE_ROUNDED;CONTINENT_DERIVED_FROM_COORDINATES;TAXON_MATCH_TAXON_ID_IGNORED
3079512635	50c9509d-22c7-4a22-a47d-8c48425ef4a7	https://www.inaturalist.org/observations/26093160	Fungi	Basidiomycota	Agaricomycetes	Agaricales	Pleurotaceae	Pleurotus	Pleurotus populinus		SPECIES	Pleurotus populinus O.Hilber & O.K.Mill.	Pleurotus populinus		CA		Ontario	PRESENT		28eb1a3f-1c15-4a95-931a-4af90ecb574d	45.402192	-75.556436	32.0						2019-05-30T12:23	30	5	2019	2526667	2526667	HUMAN_OBSERVATION	iNaturalist	Observations	26093160		Igor Khomenko	2019-05-31T02:07:04	CC_BY_NC_4_0	Igor Khomenko	Igor Khomenko			2025-01-14T12:58:56.012Z	StillImage	COORDINATE_ROUNDED;CONTINENT_DERIVED_FROM_COORDINATES;TAXON_MATCH_TAXON_ID_IGNORED
2898272740	50c9509d-22c7-4a22-a47d-8c48425ef4a7	https://www.inaturalist.org/observations/62234968	Fungi	Basidiomycota	Agaricomycetes	Agaricales	Pleurotaceae	Pleurotus	Pleurotus populinus		SPECIES	Pleurotus populinus O.Hilber & O.K.Mill.	Pleurotus populinus		CA		Ontario	PRESENT		28eb1a3f-1c15-4a95-931a-4af90ecb574d	45.314228	-79.227671	65.0						2020-10-10T17:04:49	10	10	2020	2526667	2526667	HUMAN_OBSERVATION	iNaturalist	Observations	62234968		lillypad8	2020-10-10T21:05:37	CC_BY_NC_4_0	lillypad8	lillypad8			2025-01-14T13:10:18.749Z	StillImage	COORDINATE_ROUNDED;CONTINENT_DERIVED_FROM_COORDINATES;TAXON_MATCH_TAXON_ID_IGNORED
2856780383	50c9509d-22c7-4a22-a47d-8c48425ef4a7	https://www.inaturalist.org/observations/57699835	Fungi	Basidiomycota	Agaricomycetes	Agaricales	Pleurotaceae	Pleurotus	Pleurotus populinus		SPECIES	Pleurotus populinus O.Hilber & O.K.Mill.	Pleurotus populinus		CA		Ontario	PRESENT		28eb1a3f-1c15-4a95-931a-4af90ecb574d	46.264461	-79.304143							2020-08-26T16:22:22	26	8	2020	2526667	2526667	HUMAN_OBSERVATION	iNaturalist	Observations	57699835		Lucas Beaver	2020-08-27T02:16:13	CC_BY_NC_4_0	Lucas Beaver	Lucas Beaver			2025-01-14T12:14:39.188Z	StillImage	COORDINATE_ROUNDED;CONTINENT_DERIVED_FROM_COORDINATES;TAXON_MATCH_TAXON_ID_IGNORED
2802592375	50c9509d-22c7-4a22-a47d-8c48425ef4a7	https://www.inaturalist.org/observations/15964037	Fungi	Basidiomycota	Agaricomycetes	Agaricales	Pleurotaceae	Pleurotus	Pleurotus populinus		SPECIES	Pleurotus populinus O.Hilber & O.K.Mill.	Pleurotus populinus		CA		Ontario	PRESENT		28eb1a3f-1c15-4a95-931a-4af90ecb574d	45.457389	-75.467823	15.0						2013-06-01T13:54	1	6	2013	2526667	2526667	HUMAN_OBSERVATION	iNaturalist	Observations	15964037		Igor Khomenko	2019-06-01T02:46:08	CC_BY_NC_4_0	jonathan_mack	jonathan_mack			2025-01-14T13:00:52.031Z	StillImage	COORDINATE_ROUNDED;CONTINENT_DERIVED_FROM_COORDINATES;TAXON_MATCH_TAXON_ID_IGNORED
2634388185	50c9509d-22c7-4a22-a47d-8c48425ef4a7	https://www.inaturalist.org/observations/48351273	Fungi	Basidiomycota	Agaricomycetes	Agaricales	Pleurotaceae	Pleurotus	Pleurotus populinus		SPECIES	Pleurotus populinus O.Hilber & O.K.Mill.	Pleurotus populinus		CA		New Brunswick	PRESENT		28eb1a3f-1c15-4a95-931a-4af90ecb574d	47.626012	-65.697937	10.0						2020-06-03T11:28:22	3	6	2020	2526667	2526667	HUMAN_OBSERVATION	iNaturalist	Observations	48351273		Binta Mariko	2020-06-03T17:00:58	CC_BY_NC_4_0	Binta Mariko	Binta Mariko			2025-01-14T12:12:54.957Z	StillImage	COORDINATE_ROUNDED;CONTINENT_DERIVED_FROM_COORDINATES;TAXON_MATCH_TAXON_ID_IGNORED
2626451846	50c9509d-22c7-4a22-a47d-8c48425ef4a7	https://www.inaturalist.org/observations/45895624	Fungi	Basidiomycota	Agaricomycetes	Agaricales	Pleurotaceae	Pleurotus	Pleurotus populinus		SPECIES	Pleurotus populinus O.Hilber & O.K.Mill.	Pleurotus populinus		CA		New Brunswick	PRESENT		28eb1a3f-1c15-4a95-931a-4af90ecb574d	47.621366	-65.692479	185.0						2019-07-08T12:58:40	8	7	2019	2526667	2526667	HUMAN_OBSERVATION	iNaturalist	Observations	45895624		Paula DeSanto	2020-05-14T20:32:44	CC_BY_NC_4_0	Lisa Martin	Lisa Martin			2025-01-14T12:12:19.045Z	StillImage	COORDINATE_ROUNDED;CONTINENT_DERIVED_FROM_COORDINATES;TAXON_MATCH_TAXON_ID_IGNORED
2283077747	50c9509d-22c7-4a22-a47d-8c48425ef4a7	https://www.inaturalist.org/observations/27907936	Fungi	Basidiomycota	Agaricomycetes	Agaricales	Pleurotaceae	Pleurotus	Pleurotus populinus		SPECIES	Pleurotus populinus O.Hilber & O.K.Mill.	Pleurotus populinus		CA		Prince Edward Island	PRESENT		28eb1a3f-1c15-4a95-931a-4af90ecb574d	46.728225	-64.327854							2019-06-29T09:08	29	6	2019	2526667	2526667	HUMAN_OBSERVATION	iNaturalist	Observations	27907936		Don McLelland	2019-07-01T00:40:32	CC_BY_NC_4_0	Don McLelland	Don McLelland			2025-01-14T13:03:16.427Z	StillImage	COORDINATE_ROUNDED;CONTINENT_DERIVED_FROM_COORDINATES;TAXON_MATCH_TAXON_ID_IGNORED
2283043261	50c9509d-22c7-4a22-a47d-8c48425ef4a7	https://www.inaturalist.org/observations/27733021	Fungi	Basidiomycota	Agaricomycetes	Agaricales	Pleurotaceae	Pleurotus	Pleurotus populinus		SPECIES	Pleurotus populinus O.Hilber & O.K.Mill.	Pleurotus populinus		CA		Ontario	PRESENT		28eb1a3f-1c15-4a95-931a-4af90ecb574d	45.88518	-78.400817	5.0						2019-06-26T14:16:21	26	6	2019	2526667	2526667	HUMAN_OBSERVATION	iNaturalist	Observations	27733021		Igor Khomenko	2019-07-02T01:56:34	CC_BY_NC_4_0	Alison Lake	Alison Lake			2025-01-14T12:07:56.802Z	StillImage	COORDINATE_ROUNDED;CONTINENT_DERIVED_FROM_COORDINATES;TAXON_MATCH_TAXON_ID_IGNORED
2283033680	50c9509d-22c7-4a22-a47d-8c48425ef4a7	https://www.inaturalist.org/observations/27307152	Fungi	Basidiomycota	Agaricomycetes	Agaricales	Pleurotaceae	Pleurotus	Pleurotus populinus		SPECIES	Pleurotus populinus O.Hilber & O.K.Mill.	Pleurotus populinus		CA		Ontario	PRESENT		28eb1a3f-1c15-4a95-931a-4af90ecb574d	45.278986	-76.688313							2019-06-16T11:30	16	6	2019	2526667	2526667	HUMAN_OBSERVATION	iNaturalist	Observations	27307152		Serguei Ponomarenko	2019-06-20T04:09:56	CC_BY_NC_4_0	Serguei Ponomarenko	Serguei Ponomarenko			2025-01-14T13:03:47.715Z	StillImage	COORDINATE_ROUNDED;CONTINENT_DERIVED_FROM_COORDINATES;TAXON_MATCH_TAXON_ID_IGNORED
2269256650	50c9509d-22c7-4a22-a47d-8c48425ef4a7	https://www.inaturalist.org/observations/27052025	Fungi	Basidiomycota	Agaricomycetes	Agaricales	Pleurotaceae	Pleurotus	Pleurotus populinus		SPECIES	Pleurotus populinus O.Hilber & O.K.Mill.	Pleurotus populinus		CA		Ontario	PRESENT		28eb1a3f-1c15-4a95-931a-4af90ecb574d	45.488005	-76.224183	1579.0						2019-06-15T14:30:39	15	6	2019	2526667	2526667	HUMAN_OBSERVATION	iNaturalist	Observations	27052025		Igor Khomenko	2019-06-15T23:56:35	CC_BY_NC_4_0	Kieran Shepherd	Kieran Shepherd			2025-01-14T13:02:56.870Z	StillImage	COORDINATE_ROUNDED;CONTINENT_DERIVED_FROM_COORDINATES;TAXON_MATCH_TAXON_ID_IGNORED
1880489726	50c9509d-22c7-4a22-a47d-8c48425ef4a7	https://www.inaturalist.org/observations/13483434	Fungi	Basidiomycota	Agaricomycetes	Agaricales	Pleurotaceae	Pleurotus	Pleurotus populinus		SPECIES	Pleurotus populinus O.Hilber & O.K.Mill.	Pleurotus populinus		CA		New Brunswick	PRESENT		28eb1a3f-1c15-4a95-931a-4af90ecb574d	45.71423	-67.59314							2018-06-13T13:11:29	13	6	2018	2526667	2526667	HUMAN_OBSERVATION	iNaturalist	Observations	13483434		Emma Harrower	2018-06-16T16:46:58	CC_BY_NC_4_0	Emma Harrower	Emma Harrower			2025-01-14T13:06:37.667Z	StillImage	COORDINATE_ROUNDED;CONTINENT_DERIVED_FROM_COORDINATES;TAXON_MATCH_TAXON_ID_IGNORED
1135069213	21705170-d2b6-42de-8904-c3bca4b83591	CMMF007707	Fungi	Basidiomycota	Agaricomycetes	Agaricales	Pleurotaceae	Pleurotus	Pleurotus populinus		SPECIES	Pleurotus populinus O.Hilber & O.K.Mill.	Pleurotus populinus O. Hilber & O.K. Mill.	O. Hilber & O.K. Mill.	CA	Lac Blue Sea, Maniwaki	Québec	PRESENT		ff7bd5db-b724-4932-b496-10ea298851f9	46.24965	-76.150333	100.0						2006-06-03	3	6	2006	2526667	2526667	PRESERVED_SPECIMEN	Université de Montréal Biodiversity Centre	CMMF	CMMF007707	C2738	McNeil, Raymond		CC0_1_0	Université de Montréal Biodiversity Centre	McNeil, Raymond			2024-01-24T16:38:16.116Z	StillImage	INSTITUTION_MATCH_FUZZY;COLLECTION_MATCH_FUZZY;DIFFERENT_OWNER_INSTITUTION
1135069169	21705170-d2b6-42de-8904-c3bca4b83591	CMMF007706	Fungi	Basidiomycota	Agaricomycetes	Agaricales	Pleurotaceae	Pleurotus	Pleurotus populinus		SPECIES	Pleurotus populinus O.Hilber & O.K.Mill.	Pleurotus populinus O. Hilber & O.K. Mill.	O. Hilber & O.K. Mill.	CA	Lac Blue Sea, Maniwaki	Québec	PRESENT		ff7bd5db-b724-4932-b496-10ea298851f9	46.24965	-76.150333	100.0						2006-06-03	3	6	2006	2526667	2526667	PRESERVED_SPECIMEN	Université de Montréal Biodiversity Centre	CMMF	CMMF007706	C2737	McNeil, Raymond		CC0_1_0	Université de Montréal Biodiversity Centre	McNeil, Raymond			2024-01-24T16:38:16.115Z	StillImage	INSTITUTION_MATCH_FUZZY;COLLECTION_MATCH_FUZZY;DIFFERENT_OWNER_INSTITUTION
1135069114	21705170-d2b6-42de-8904-c3bca4b83591	CMMF007629	Fungi	Basidiomycota	Agaricomycetes	Agaricales	Pleurotaceae	Pleurotus	Pleurotus populinus		SPECIES	Pleurotus populinus O.Hilber & O.K.Mill.	Pleurotus populinus O. Hilber & O.K. Mill.	O. Hilber & O.K. Mill.	CA	St-Hippolyte	Québec	PRESENT		ff7bd5db-b724-4932-b496-10ea298851f9	45.989333	-74.003633	100.0						2009-06-17	17	6	2009	2526667	2526667	PRESERVED_SPECIMEN	Université de Montréal Biodiversity Centre	CMMF	CMMF007629	C3478	McNeil, Raymond		CC0_1_0	Université de Montréal Biodiversity Centre	McNeil, Raymond			2024-01-24T16:38:16.032Z	StillImage	INSTITUTION_MATCH_FUZZY;COLLECTION_MATCH_FUZZY;DIFFERENT_OWNER_INSTITUTION
1135068201	21705170-d2b6-42de-8904-c3bca4b83591	CMMF006717	Fungi	Basidiomycota	Agaricomycetes	Agaricales	Pleurotaceae	Pleurotus	Pleurotus populinus		SPECIES	Pleurotus populinus O.Hilber & O.K.Mill.	Pleurotus populinus O. Hilber & O.K. Mill.	O. Hilber & O.K. Mill.	CA	Parc régional de Longueuil, Longueuil	Québec	PRESENT		ff7bd5db-b724-4932-b496-10ea298851f9	45.551717	-73.473817	100.0						2010-05-29	29	5	2010	2526667	2526667	PRESERVED_SPECIMEN	Université de Montréal Biodiversity Centre	CMMF	CMMF006717	C3631	McNeil, Raymond		CC0_1_0	Université de Montréal Biodiversity Centre	McNeil, Raymond			2024-01-24T16:38:18.414Z	StillImage	COORDINATE_ROUNDED;INSTITUTION_MATCH_FUZZY;COLLECTION_MATCH_FUZZY;DIFFERENT_OWNER_INSTITUTION
1135067871	21705170-d2b6-42de-8904-c3bca4b83591	CMMF006415	Fungi	Basidiomycota	Agaricomycetes	Agaricales	Pleurotaceae	Pleurotus	Pleurotus populinus		SPECIES	Pleurotus populinus O.Hilber & O.K.Mill.	Pleurotus populinus O. Hilber & O.K. Mill.	O. Hilber & O.K. Mill.	CA	St-Lazare (Colonie des Cèdres)	Québec	PRESENT		ff7bd5db-b724-4932-b496-10ea298851f9	45.378333	-74.185	100.0						2008-06-05	5	6	2008	2526667	2526667	PRESERVED_SPECIMEN	Université de Montréal Biodiversity Centre	CMMF	CMMF006415	Inexistant	McNeil, Raymond		CC0_1_0	Université de Montréal Biodiversity Centre	McNeil, Raymond			2024-01-24T16:38:19.092Z	StillImage	COORDINATE_ROUNDED;INSTITUTION_MATCH_FUZZY;COLLECTION_MATCH_FUZZY;DIFFERENT_OWNER_INSTITUTION
1135067826	21705170-d2b6-42de-8904-c3bca4b83591	CMMF006412	Fungi	Basidiomycota	Agaricomycetes	Agaricales	Pleurotaceae	Pleurotus	Pleurotus populinus		SPECIES	Pleurotus populinus O.Hilber & O.K.Mill.	Pleurotus populinus O. Hilber & O.K. Mill.	O. Hilber & O.K. Mill.	CA	St-Lazare (Colonie des Cèdres)	Québec	PRESENT		ff7bd5db-b724-4932-b496-10ea298851f9	45.378333	-74.185	100.0						2009-05-23	23	5	2009	2526667	2526667	PRESERVED_SPECIMEN	Université de Montréal Biodiversity Centre	CMMF	CMMF006412	Inexistant	McNeil, Raymond		CC0_1_0	Université de Montréal Biodiversity Centre	McNeil, Raymond			2024-01-24T16:38:19.084Z	StillImage	COORDINATE_ROUNDED;INSTITUTION_MATCH_FUZZY;COLLECTION_MATCH_FUZZY;DIFFERENT_OWNER_INSTITUTION
1135066978	21705170-d2b6-42de-8904-c3bca4b83591	CMMF010386	Fungi	Basidiomycota	Agaricomycetes	Agaricales	Pleurotaceae	Pleurotus	Pleurotus populinus		SPECIES	Pleurotus populinus O.Hilber & O.K.Mill.	Pleurotus populinus O. Hilber & O.K. Mill.	O. Hilber & O.K. Mill.	CA	Île Enchanteresse, Sainte-Brigitte-de-Laval.	Québec	PRESENT		ff7bd5db-b724-4932-b496-10ea298851f9	46.96215	-71.205037	600.0						2008-07-09	9	7	2008	2526667	2526667	PRESERVED_SPECIMEN	Université de Montréal Biodiversity Centre	CMMF	CMMF010386	1972	Labrecque, Jacqueline		CC0_1_0	Université de Montréal Biodiversity Centre	Labrecque, Jacqueline			2024-01-24T16:38:21.620Z		INSTITUTION_MATCH_FUZZY;COLLECTION_MATCH_FUZZY;DIFFERENT_OWNER_INSTITUTION
