gbifID	datasetKey	occurrenceID	kingdom	phylum	class	order	family	genus	species	infraspecificEpithet	taxonRank	scientificName	verbatimScientificName	verbatimScientificNameAuthorship	countryCode	locality	stateProvince	occurrenceStatus	individualCount	publishingOrgKey	decimalLatitude	decimalLongitude	coordinateUncertaintyInMeters	coordinatePrecision	elevation	elevationAccuracy	depth	depthAccuracy	eventDate	day	month	year	taxonKey	speciesKey	basisOfRecord	institutionCode	collectionCode	catalogNumber	recordNumber	identifiedBy	dateIdentified	license	rightsHolder	recordedBy	typeStatus	establishmentMeans	lastInterpreted	mediaType	issue
694157088	d7cfd2ed-8af4-427f-a16e-eb66b7e2c419	14269	Fungi	Basidiomycota	Agaricomycetes	Agaricales	Hymenogastraceae	Galerina	Galerina marginata		SPECIES	Galerina marginata (Batsch) Kühner	Galerina marginata (Batsch) Kühner	(Batsch) Kühner	CA	Grindstone Lake	Ontario	PRESENT		ff418020-1d67-11d9-8435-b8a03c50a862	45.19655	-78.87587	692.0						1965-09-17	17	9	1965	8118872	8118872	PRESERVED_SPECIMEN	Royal Ontario Museum	TRTC	TRTC042866		Cain, R.F.		CC0_1_0	Royal Ontario Museum	Cain, R.F.			2024-01-25T00:59:40.413Z		AMBIGUOUS_INSTITUTION
694157087	d7cfd2ed-8af4-427f-a16e-eb66b7e2c419	14268	Fungi	Basidiomycota	Agaricomycetes	Agaricales	Hymenogastraceae	Galerina	Galerina marginata		SPECIES	Galerina marginata (Batsch) Kühner	Galerina marginata (Batsch) Kühner	(Batsch) Kühner	CA	University of Toronto Forest	Ontario	PRESENT		ff418020-1d67-11d9-8435-b8a03c50a862	45.183005	-78.85025	7575.0						1963-09-10	10	9	1963	8118872	8118872	PRESERVED_SPECIMEN	Royal Ontario Museum	TRTC	TRTC050094		Cain, R.F.		CC0_1_0	Royal Ontario Museum	Cain, R.F.			2024-01-25T00:59:40.411Z		COORDINATE_ROUNDED;AMBIGUOUS_INSTITUTION
694157063	d7cfd2ed-8af4-427f-a16e-eb66b7e2c419	14238	Fungi	Basidiomycota	Agaricomycetes	Agaricales	Hymenogastraceae	Galerina	Galerina marginata		SPECIES	Galerina marginata (Batsch) Kühner	Galerina marginata (Batsch) Kühner	(Batsch) Kühner	CA	University of Toronto Forest	Ontario	PRESENT		ff418020-1d67-11d9-8435-b8a03c50a862	45.183005	-78.85025	7575.0						1964-09-19	19	9	1964	8118872	8118872	PRESERVED_SPECIMEN	Royal Ontario Museum	TRTC	TRTC042736		Cain, R.F.		CC0_1_0	Royal Ontario Museum	Cain, R.F.			2024-01-25T00:59:40.417Z		COORDINATE_ROUNDED;AMBIGUOUS_INSTITUTION
694156996	d7cfd2ed-8af4-427f-a16e-eb66b7e2c419	13996	Fungi	Basidiomycota	Agaricomycetes	Agaricales	Hymenogastraceae	Galerina	Galerina marginata		SPECIES	Galerina marginata (Batsch) Kühner	Galerina marginata (Batsch) Kühner	(Batsch) Kühner	CA	Algonquin Provincial Park	Ontario	PRESENT		ff418020-1d67-11d9-8435-b8a03c50a862	45.759859	-78.376465	67511.0						2007-09-29	29	9	2007	8118872	8118872	PRESERVED_SPECIMEN	Royal Ontario Museum	TRTC	TRTC156833	ALG07_9			CC0_1_0	Royal Ontario Museum	Maryna Didukh; Dentiger Bryn			2024-01-25T00:59:38.897Z	StillImage	COORDINATE_ROUNDED;AMBIGUOUS_INSTITUTION
617554644	21705170-d2b6-42de-8904-c3bca4b83591	CMMF000450	Fungi	Basidiomycota	Agaricomycetes	Agaricales	Hymenogastraceae	Galerina	Galerina marginata		SPECIES	Galerina autumnalis (Peck) A.H.Sm. & Singer	Galerina autumnalis (Peck) A.H. Sm. & Singer	(Peck) A.H. Sm. & Singer	CA	Montréal	Québec	PRESENT		ff7bd5db-b724-4932-b496-10ea298851f9	45.509625	-73.662984	25000.0						1989-05-22	22	5	1989	2533854	8118872	PRESERVED_SPECIMEN	Université de Montréal Biodiversity Centre	CMMF	CMMF000450		Lamoureux, Yves		CC0_1_0	Université de Montréal Biodiversity Centre	Lamoureux, Yves			2024-01-24T16:38:19.974Z	StillImage	INSTITUTION_MATCH_FUZZY;COLLECTION_MATCH_FUZZY;DIFFERENT_OWNER_INSTITUTION
617552754	21705170-d2b6-42de-8904-c3bca4b83591	CMMF000330	Fungi	Basidiomycota	Agaricomycetes	Agaricales	Hymenogastraceae	Galerina	Galerina marginata		SPECIES	Galerina autumnalis (Peck) A.H.Sm. & Singer	Galerina autumnalis (Peck) A.H. Sm. & Singer	(Peck) A.H. Sm. & Singer	CA	Montréal	Québec	PRESENT		ff7bd5db-b724-4932-b496-10ea298851f9	45.509625	-73.662984	25000.0						1988-09-12	12	9	1988	2533854	8118872	PRESERVED_SPECIMEN	Université de Montréal Biodiversity Centre	CMMF	CMMF000330		Lamoureux, Yves		CC0_1_0	Université de Montréal Biodiversity Centre	Lamoureux, Yves			2024-01-24T16:38:20.778Z	StillImage	INSTITUTION_MATCH_FUZZY;COLLECTION_MATCH_FUZZY;DIFFERENT_OWNER_INSTITUTION
617549973	21705170-d2b6-42de-8904-c3bca4b83591	CMMF002071	Fungi	Basidiomycota	Agaricomycetes	Agaricales	Hymenogastraceae	Galerina	Galerina marginata		SPECIES	Galerina autumnalis (Peck) A.H.Sm. & Singer	Galerina autumnalis (Peck) A.H. Sm. & Singer	(Peck) A.H. Sm. & Singer	CA	Saint-Adolphe-d'Howard	Québec	PRESENT		ff7bd5db-b724-4932-b496-10ea298851f9	45.973194	-74.331714	4000.0						1993-09-24	24	9	1993	2533854	8118872	PRESERVED_SPECIMEN	Université de Montréal Biodiversity Centre	CMMF	CMMF002071		Lamoureux, Yves		CC0_1_0	Université de Montréal Biodiversity Centre	Lamoureux, Yves			2024-01-24T16:38:19.949Z	StillImage	INSTITUTION_MATCH_FUZZY;COLLECTION_MATCH_FUZZY;DIFFERENT_OWNER_INSTITUTION
4987754747	50c9509d-22c7-4a22-a47d-8c48425ef4a7	https://www.inaturalist.org/observations/163240722	Fungi	Basidiomycota	Agaricomycetes	Agaricales	Hymenogastraceae	Galerina	Galerina marginata		SPECIES	Galerina marginata (Batsch) Kühner	Galerina marginata		CA		Ontario	PRESENT		28eb1a3f-1c15-4a95-931a-4af90ecb574d	45.37198	-75.797383	33.0						2023-05-22T15:25:49	22	5	2023	8118872	8118872	HUMAN_OBSERVATION	iNaturalist	Observations	163240722		mycowalt	2023-05-31T19:58:28	CC_BY_NC_4_0	catldy	catldy			2025-01-14T13:29:05.014Z	StillImage	COORDINATE_ROUNDED;CONTINENT_DERIVED_FROM_COORDINATES;TAXON_MATCH_TAXON_ID_IGNORED
4978483744	50c9509d-22c7-4a22-a47d-8c48425ef4a7	https://www.inaturalist.org/observations/249914885	Fungi	Basidiomycota	Agaricomycetes	Agaricales	Hymenogastraceae	Galerina	Galerina marginata		SPECIES	Galerina marginata (Batsch) Kühner	Galerina marginata		CA		Ontario	PRESENT		28eb1a3f-1c15-4a95-931a-4af90ecb574d	45.09595	-78.732017	13.0						2024-10-13T12:32	13	10	2024	8118872	8118872	HUMAN_OBSERVATION	iNaturalist	Observations	249914885		pes_c515	2024-10-31T18:34:49	CC_BY_NC_4_0	pes_c515	pes_c515			2025-01-14T12:55:13.543Z	StillImage	COORDINATE_ROUNDED;CONTINENT_DERIVED_FROM_COORDINATES;TAXON_MATCH_TAXON_ID_IGNORED
4973807671	50c9509d-22c7-4a22-a47d-8c48425ef4a7	https://www.inaturalist.org/observations/247584016	Fungi	Basidiomycota	Agaricomycetes	Agaricales	Hymenogastraceae	Galerina	Galerina marginata		SPECIES	Galerina marginata (Batsch) Kühner	Galerina marginata		CA		Québec	PRESENT		28eb1a3f-1c15-4a95-931a-4af90ecb574d	45.439933	-73.604963	25.0						2024-10-15T15:37:45	15	10	2024	8118872	8118872	HUMAN_OBSERVATION	iNaturalist	Observations	247584016		gr3yhound	2024-10-16T05:43:28	CC_BY_NC_4_0	gr3yhound	gr3yhound			2025-01-14T12:57:57.599Z	StillImage	COORDINATE_ROUNDED;CONTINENT_DERIVED_FROM_COORDINATES;TAXON_MATCH_TAXON_ID_IGNORED
4954591724	50c9509d-22c7-4a22-a47d-8c48425ef4a7	https://www.inaturalist.org/observations/247389574	Fungi	Basidiomycota	Agaricomycetes	Agaricales	Hymenogastraceae	Galerina	Galerina marginata		SPECIES	Galerina marginata (Batsch) Kühner	Galerina marginata		CA		Ontario	PRESENT		28eb1a3f-1c15-4a95-931a-4af90ecb574d	45.465809	-75.506768	17.0						2024-10-14T13:55	14	10	2024	8118872	8118872	HUMAN_OBSERVATION	iNaturalist	Observations	247389574		jonathan_mack	2024-10-14T23:00:28	CC_BY_NC_4_0	jonathan_mack	jonathan_mack			2025-01-14T13:44:40.355Z	StillImage	COORDINATE_ROUNDED;CONTINENT_DERIVED_FROM_COORDINATES;TAXON_MATCH_TAXON_ID_IGNORED
4952919100	50c9509d-22c7-4a22-a47d-8c48425ef4a7	https://www.inaturalist.org/observations/245865626	Fungi	Basidiomycota	Agaricomycetes	Agaricales	Hymenogastraceae	Galerina	Galerina marginata		SPECIES	Galerina marginata (Batsch) Kühner	Galerina marginata		CA		Ontario	PRESENT		28eb1a3f-1c15-4a95-931a-4af90ecb574d	45.43588	-76.331483							2024-10-05T12:05	5	10	2024	8118872	8118872	HUMAN_OBSERVATION	iNaturalist	Observations	245865626		jonathan_mack	2024-10-06T01:53:13	CC_BY_NC_4_0	jonathan_mack	jonathan_mack			2025-01-14T13:38:09.996Z	StillImage	COORDINATE_ROUNDED;CONTINENT_DERIVED_FROM_COORDINATES;TAXON_MATCH_TAXON_ID_IGNORED
4952212770	50c9509d-22c7-4a22-a47d-8c48425ef4a7	https://www.inaturalist.org/observations/244405833	Fungi	Basidiomycota	Agaricomycetes	Agaricales	Hymenogastraceae	Galerina	Galerina marginata		SPECIES	Galerina marginata (Batsch) Kühner	Galerina marginata		CA		Québec	PRESENT		28eb1a3f-1c15-4a95-931a-4af90ecb574d	45.872811	-76.4339	501.0						2024-09-26T10:45	26	9	2024	8118872	8118872	HUMAN_OBSERVATION	iNaturalist	Observations	244405833		L Joan Heyding	2024-09-28T00:27:32	CC_BY_NC_4_0	L Joan Heyding	L Joan Heyding			2025-01-14T13:40:22.781Z	StillImage	COORDINATE_ROUNDED;CONTINENT_DERIVED_FROM_COORDINATES;TAXON_MATCH_TAXON_ID_IGNORED
4950447993	50c9509d-22c7-4a22-a47d-8c48425ef4a7	https://www.inaturalist.org/observations/242607601	Fungi	Basidiomycota	Agaricomycetes	Agaricales	Hymenogastraceae	Galerina	Galerina marginata		SPECIES	Galerina marginata (Batsch) Kühner	Galerina marginata		CA		Québec	PRESENT		28eb1a3f-1c15-4a95-931a-4af90ecb574d	45.872811	-76.4339	501.0						2024-09-18T09:03	18	9	2024	8118872	8118872	HUMAN_OBSERVATION	iNaturalist	Observations	242607601		L Joan Heyding	2024-09-19T02:43:21	CC_BY_NC_4_0	L Joan Heyding	L Joan Heyding			2025-01-14T13:43:30.854Z	StillImage	COORDINATE_ROUNDED;CONTINENT_DERIVED_FROM_COORDINATES;TAXON_MATCH_TAXON_ID_IGNORED
4945957946	50c9509d-22c7-4a22-a47d-8c48425ef4a7	https://www.inaturalist.org/observations/17503534	Fungi	Basidiomycota	Agaricomycetes	Agaricales	Hymenogastraceae	Galerina	Galerina marginata		SPECIES	Galerina marginata (Batsch) Kühner	Galerina marginata		CA		Ontario	PRESENT		28eb1a3f-1c15-4a95-931a-4af90ecb574d	45.350762	-79.293883	24.0						2018-10-13T15:44:17	13	10	2018	8118872	8118872	HUMAN_OBSERVATION	iNaturalist	Observations	17503534		Peter Simons	2018-10-14T18:25:32	CC0_1_0	Peter Simons	Peter Simons			2025-01-14T13:01:35.686Z		COORDINATE_ROUNDED;CONTINENT_DERIVED_FROM_COORDINATES;TAXON_MATCH_TAXON_ID_IGNORED
4872506848	50c9509d-22c7-4a22-a47d-8c48425ef4a7	https://www.inaturalist.org/observations/217591326	Fungi	Basidiomycota	Agaricomycetes	Agaricales	Hymenogastraceae	Galerina	Galerina marginata		SPECIES	Galerina marginata (Batsch) Kühner	Galerina marginata		CA		Québec	PRESENT		28eb1a3f-1c15-4a95-931a-4af90ecb574d	45.872811	-76.4339	501.0						2024-05-18T15:31	18	5	2024	8118872	8118872	HUMAN_OBSERVATION	iNaturalist	Observations	217591326		L Joan Heyding	2024-05-22T23:11:46	CC_BY_NC_4_0	L Joan Heyding	L Joan Heyding			2025-01-14T13:41:14.360Z	StillImage	COORDINATE_ROUNDED;CONTINENT_DERIVED_FROM_COORDINATES;TAXON_MATCH_TAXON_ID_IGNORED
4867980534	50c9509d-22c7-4a22-a47d-8c48425ef4a7	https://www.inaturalist.org/observations/216217881	Fungi	Basidiomycota	Agaricomycetes	Agaricales	Hymenogastraceae	Galerina	Galerina marginata		SPECIES	Galerina marginata (Batsch) Kühner	Galerina marginata		CA		Ontario	PRESENT		28eb1a3f-1c15-4a95-931a-4af90ecb574d	45.324	-75.814	195.0						2024-05-13T16:04:30	13	5	2024	8118872	8118872	HUMAN_OBSERVATION	iNaturalist	Observations	216217881		trailtime55	2024-05-17T00:40:00	CC_BY_NC_4_0	trailtime55	trailtime55			2025-01-14T13:40:36.339Z	StillImage	CONTINENT_DERIVED_FROM_COORDINATES;TAXON_MATCH_TAXON_ID_IGNORED
4863599913	50c9509d-22c7-4a22-a47d-8c48425ef4a7	https://www.inaturalist.org/observations/215689185	Fungi	Basidiomycota	Agaricomycetes	Agaricales	Hymenogastraceae	Galerina	Galerina marginata		SPECIES	Galerina marginata (Batsch) Kühner	Galerina marginata		CA		Québec	PRESENT		28eb1a3f-1c15-4a95-931a-4af90ecb574d	45.549612	-73.472362	248.0						2024-05-12T09:58	12	5	2024	8118872	8118872	HUMAN_OBSERVATION	iNaturalist	Observations	215689185		Antoine Fortin	2024-05-14T12:09:21	CC_BY_NC_4_0	Antoine Fortin	Antoine Fortin			2025-01-14T12:44:34.062Z	StillImage	COORDINATE_ROUNDED;CONTINENT_DERIVED_FROM_COORDINATES;TAXON_MATCH_TAXON_ID_IGNORED
4854906190	50c9509d-22c7-4a22-a47d-8c48425ef4a7	https://www.inaturalist.org/observations/212649330	Fungi	Basidiomycota	Agaricomycetes	Agaricales	Hymenogastraceae	Galerina	Galerina marginata		SPECIES	Galerina marginata (Batsch) Kühner	Galerina marginata		CA		Québec	PRESENT		28eb1a3f-1c15-4a95-931a-4af90ecb574d	45.41923	-75.751468	10.0						2024-04-28T13:18:56	28	4	2024	8118872	8118872	HUMAN_OBSERVATION	iNaturalist	Observations	212649330		James Pagé	2024-05-01T17:08:34	CC_BY_NC_4_0	James Pagé	James Pagé			2025-01-14T12:49:42.460Z	StillImage	COORDINATE_ROUNDED;CONTINENT_DERIVED_FROM_COORDINATES;TAXON_MATCH_TAXON_ID_IGNORED
4852667133	50c9509d-22c7-4a22-a47d-8c48425ef4a7	https://www.inaturalist.org/observations/190021082	Fungi	Basidiomycota	Agaricomycetes	Agaricales	Hymenogastraceae	Galerina	Galerina marginata		SPECIES	Galerina marginata (Batsch) Kühner	Galerina marginata		CA		Québec	PRESENT		28eb1a3f-1c15-4a95-931a-4af90ecb574d	45.612979	-76.010094	174.0						2023-11-04T11:18	4	11	2023	8118872	8118872	HUMAN_OBSERVATION	iNaturalist	Observations	190021082		L Joan Heyding	2023-11-05T01:16:03	CC_BY_NC_4_0	L Joan Heyding	L Joan Heyding			2025-01-14T12:41:17.548Z	StillImage	COORDINATE_ROUNDED;CONTINENT_DERIVED_FROM_COORDINATES;TAXON_MATCH_TAXON_ID_IGNORED
4852302076	50c9509d-22c7-4a22-a47d-8c48425ef4a7	https://www.inaturalist.org/observations/189051779	Fungi	Basidiomycota	Agaricomycetes	Agaricales	Hymenogastraceae	Galerina	Galerina marginata		SPECIES	Galerina marginata (Batsch) Kühner	Galerina marginata		CA		Québec	PRESENT		28eb1a3f-1c15-4a95-931a-4af90ecb574d	45.531083	-75.865005	64.0						2023-10-26T13:23:26	26	10	2023	8118872	8118872	HUMAN_OBSERVATION	iNaturalist	Observations	189051779		Erin	2023-11-05T18:29:21	CC_BY_NC_4_0	Erin	Erin			2025-01-14T13:33:00.774Z	StillImage	COORDINATE_ROUNDED;CONTINENT_DERIVED_FROM_COORDINATES;TAXON_MATCH_TAXON_ID_IGNORED
4596810936	50c9509d-22c7-4a22-a47d-8c48425ef4a7	https://www.inaturalist.org/observations/201390754	Fungi	Basidiomycota	Agaricomycetes	Agaricales	Hymenogastraceae	Galerina	Galerina marginata		SPECIES	Galerina marginata (Batsch) Kühner	Galerina marginata		CA		Québec	PRESENT		28eb1a3f-1c15-4a95-931a-4af90ecb574d	45.426865	-75.755766	146.0						2024-03-04T17:20:29	4	3	2024	8118872	8118872	HUMAN_OBSERVATION	iNaturalist	Observations	201390754		misstay	2024-03-05T18:17:22	CC_BY_NC_4_0	misstay	misstay			2025-01-14T13:31:33.817Z	StillImage	COORDINATE_ROUNDED;CONTINENT_DERIVED_FROM_COORDINATES;TAXON_MATCH_TAXON_ID_IGNORED
4535727804	50c9509d-22c7-4a22-a47d-8c48425ef4a7	https://www.inaturalist.org/observations/201188272	Fungi	Basidiomycota	Agaricomycetes	Agaricales	Hymenogastraceae	Galerina	Galerina marginata		SPECIES	Galerina marginata (Batsch) Kühner	Galerina marginata		CA		Québec	PRESENT		28eb1a3f-1c15-4a95-931a-4af90ecb574d	45.551076	-73.47033	522.0						2023-10-26T08:58	26	10	2023	8118872	8118872	HUMAN_OBSERVATION	iNaturalist	Observations	201188272		Antoine Fortin	2024-03-03T22:43:11	CC_BY_NC_4_0	Antoine Fortin	Antoine Fortin			2025-01-14T12:43:34.652Z	StillImage	COORDINATE_ROUNDED;CONTINENT_DERIVED_FROM_COORDINATES;TAXON_MATCH_TAXON_ID_IGNORED
4458335254	50c9509d-22c7-4a22-a47d-8c48425ef4a7	https://www.inaturalist.org/observations/186543277	Fungi	Basidiomycota	Agaricomycetes	Agaricales	Hymenogastraceae	Galerina	Galerina marginata		SPECIES	Galerina marginata (Batsch) Kühner	Galerina marginata		CA		Québec	PRESENT		28eb1a3f-1c15-4a95-931a-4af90ecb574d	45.43262	-73.95677	189.0						2023-10-05T09:35	5	10	2023	8118872	8118872	HUMAN_OBSERVATION	iNaturalist	Observations	186543277		Madz	2023-10-07T14:30:15	CC_BY_NC_4_0	Madz	Madz			2025-01-14T13:34:18.674Z	StillImage	CONTINENT_DERIVED_FROM_COORDINATES;TAXON_MATCH_TAXON_ID_IGNORED
4453813027	50c9509d-22c7-4a22-a47d-8c48425ef4a7	https://www.inaturalist.org/observations/185425006	Fungi	Basidiomycota	Agaricomycetes	Agaricales	Hymenogastraceae	Galerina	Galerina marginata		SPECIES	Galerina marginata (Batsch) Kühner	Galerina marginata		CA		Québec	PRESENT		28eb1a3f-1c15-4a95-931a-4af90ecb574d	45.483622	-71.209625	2952.0						2023-09-23T10:16	23	9	2023	8118872	8118872	HUMAN_OBSERVATION	iNaturalist	Observations	185425006		gabboilard	2023-09-29T14:27:51	CC_BY_NC_4_0	gabboilard	gabboilard			2025-01-14T13:33:00.894Z	StillImage	COORDINATE_ROUNDED;CONTINENT_DERIVED_FROM_COORDINATES;TAXON_MATCH_TAXON_ID_IGNORED
4442364175	50c9509d-22c7-4a22-a47d-8c48425ef4a7	https://www.inaturalist.org/observations/190081398	Fungi	Basidiomycota	Agaricomycetes	Agaricales	Hymenogastraceae	Galerina	Galerina marginata		SPECIES	Galerina marginata (Batsch) Kühner	Galerina marginata		CA		Ontario	PRESENT		28eb1a3f-1c15-4a95-931a-4af90ecb574d	45.320539	-75.584464	798.0						2023-11-05T09:05	5	11	2023	8118872	8118872	HUMAN_OBSERVATION	iNaturalist	Observations	190081398		Ray Snook	2023-11-05T15:58:25	CC_BY_NC_4_0	Ray Snook	Ray Snook			2025-01-14T12:43:04.308Z	StillImage	COORDINATE_ROUNDED;CONTINENT_DERIVED_FROM_COORDINATES;TAXON_MATCH_TAXON_ID_IGNORED
4436116005	50c9509d-22c7-4a22-a47d-8c48425ef4a7	https://www.inaturalist.org/observations/189051268	Fungi	Basidiomycota	Agaricomycetes	Agaricales	Hymenogastraceae	Galerina	Galerina marginata		SPECIES	Galerina marginata (Batsch) Kühner	Galerina marginata		CA		Québec	PRESENT		28eb1a3f-1c15-4a95-931a-4af90ecb574d	45.530342	-75.864455	1185.0						2023-10-26T13:20:04	26	10	2023	8118872	8118872	HUMAN_OBSERVATION	iNaturalist	Observations	189051268		Erin	2023-10-26T21:13:16	CC_BY_NC_4_0	Erin	Erin			2025-01-14T12:46:09.068Z	StillImage	COORDINATE_ROUNDED;CONTINENT_DERIVED_FROM_COORDINATES;TAXON_MATCH_TAXON_ID_IGNORED
4431236763	50c9509d-22c7-4a22-a47d-8c48425ef4a7	https://www.inaturalist.org/observations/188513149	Fungi	Basidiomycota	Agaricomycetes	Agaricales	Hymenogastraceae	Galerina	Galerina marginata		SPECIES	Galerina marginata (Batsch) Kühner	Galerina marginata		CA		Ontario	PRESENT		28eb1a3f-1c15-4a95-931a-4af90ecb574d	45.303313	-75.850922							2023-10-19T08:54:18	19	10	2023	8118872	8118872	HUMAN_OBSERVATION	iNaturalist	Observations	188513149		Nina	2023-10-22T13:22:14	CC_BY_NC_4_0	Nina	Nina			2025-01-14T13:35:12.185Z	StillImage	COORDINATE_ROUNDED;CONTINENT_DERIVED_FROM_COORDINATES;TAXON_MATCH_TAXON_ID_IGNORED
4431222399	50c9509d-22c7-4a22-a47d-8c48425ef4a7	https://www.inaturalist.org/observations/188364911	Fungi	Basidiomycota	Agaricomycetes	Agaricales	Hymenogastraceae	Galerina	Galerina marginata		SPECIES	Galerina marginata (Batsch) Kühner	Galerina marginata		CA		Québec	PRESENT		28eb1a3f-1c15-4a95-931a-4af90ecb574d	46.75076	-71.329866	75.0						2023-10-15T15:20:20	15	10	2023	8118872	8118872	HUMAN_OBSERVATION	iNaturalist	Observations	188364911		Camille Boucher	2023-10-21T11:16:26	CC_BY_NC_4_0	Camille Boucher	Camille Boucher			2025-01-14T13:34:19.836Z	StillImage	COORDINATE_ROUNDED;CONTINENT_DERIVED_FROM_COORDINATES;TAXON_MATCH_TAXON_ID_IGNORED
4431213366	50c9509d-22c7-4a22-a47d-8c48425ef4a7	https://www.inaturalist.org/observations/188332863	Fungi	Basidiomycota	Agaricomycetes	Agaricales	Hymenogastraceae	Galerina	Galerina marginata		SPECIES	Galerina marginata (Batsch) Kühner	Galerina marginata		CA		Québec	PRESENT		28eb1a3f-1c15-4a95-931a-4af90ecb574d	45.553836	-73.474177	31.0						2023-10-09T09:49	9	10	2023	8118872	8118872	HUMAN_OBSERVATION	iNaturalist	Observations	188332863		Antoine Fortin	2023-10-21T02:40:08	CC_BY_NC_4_0	Antoine Fortin	Antoine Fortin			2025-01-14T13:30:05.455Z	StillImage	COORDINATE_ROUNDED;CONTINENT_DERIVED_FROM_COORDINATES;TAXON_MATCH_TAXON_ID_IGNORED
4431187027	50c9509d-22c7-4a22-a47d-8c48425ef4a7	https://www.inaturalist.org/observations/188256903	Fungi	Basidiomycota	Agaricomycetes	Agaricales	Hymenogastraceae	Galerina	Galerina marginata		SPECIES	Galerina marginata (Batsch) Kühner	Galerina marginata		CA		Ontario	PRESENT		28eb1a3f-1c15-4a95-931a-4af90ecb574d	45.30457	-75.851945							2023-10-19T12:44:40	19	10	2023	8118872	8118872	HUMAN_OBSERVATION	iNaturalist	Observations	188256903		Nina	2023-10-20T13:54:25	CC_BY_NC_4_0	Nina	Nina			2025-01-14T12:42:30.030Z	StillImage	CONTINENT_DERIVED_FROM_COORDINATES;TAXON_MATCH_TAXON_ID_IGNORED
4431116017	50c9509d-22c7-4a22-a47d-8c48425ef4a7	https://www.inaturalist.org/observations/187834025	Fungi	Basidiomycota	Agaricomycetes	Agaricales	Hymenogastraceae	Galerina	Galerina marginata		SPECIES	Galerina marginata (Batsch) Kühner	Galerina marginata		CA		Québec	PRESENT		28eb1a3f-1c15-4a95-931a-4af90ecb574d	45.319612	-71.909745	4.0						2023-10-16T17:01:11	16	10	2023	8118872	8118872	HUMAN_OBSERVATION	iNaturalist	Observations	187834025		knochenkatze	2023-10-16T22:37:32	CC_BY_NC_4_0	knochenkatze	knochenkatze			2025-01-14T12:40:35.185Z	StillImage	COORDINATE_ROUNDED;CONTINENT_DERIVED_FROM_COORDINATES;TAXON_MATCH_TAXON_ID_IGNORED
4431081597	50c9509d-22c7-4a22-a47d-8c48425ef4a7	https://www.inaturalist.org/observations/187706131	Fungi	Basidiomycota	Agaricomycetes	Agaricales	Hymenogastraceae	Galerina	Galerina marginata		SPECIES	Galerina marginata (Batsch) Kühner	Galerina marginata		CA		Québec	PRESENT		28eb1a3f-1c15-4a95-931a-4af90ecb574d	45.465211	-72.198934	25.0						2023-10-09T12:05	9	10	2023	8118872	8118872	HUMAN_OBSERVATION	iNaturalist	Observations	187706131		michelcournoyer	2023-10-15T22:53:50	CC_BY_NC_4_0	michelcournoyer	michelcournoyer			2025-01-14T13:28:16.975Z	StillImage	COORDINATE_ROUNDED;CONTINENT_DERIVED_FROM_COORDINATES;TAXON_MATCH_TAXON_ID_IGNORED
4431035679	50c9509d-22c7-4a22-a47d-8c48425ef4a7	https://www.inaturalist.org/observations/187403436	Fungi	Basidiomycota	Agaricomycetes	Agaricales	Hymenogastraceae	Galerina	Galerina marginata		SPECIES	Galerina marginata (Batsch) Kühner	Galerina marginata		CA		Québec	PRESENT		28eb1a3f-1c15-4a95-931a-4af90ecb574d	45.358989	-72.228456	16.0						2023-10-09T12:38	9	10	2023	8118872	8118872	HUMAN_OBSERVATION	iNaturalist	Observations	187403436		gabboilard	2023-10-13T19:45:36	CC_BY_NC_4_0	gabboilard	gabboilard			2025-01-14T12:42:19.943Z	StillImage	COORDINATE_ROUNDED;CONTINENT_DERIVED_FROM_COORDINATES;TAXON_MATCH_TAXON_ID_IGNORED
4430981058	50c9509d-22c7-4a22-a47d-8c48425ef4a7	https://www.inaturalist.org/observations/187164202	Fungi	Basidiomycota	Agaricomycetes	Agaricales	Hymenogastraceae	Galerina	Galerina marginata		SPECIES	Galerina marginata (Batsch) Kühner	Galerina marginata		CA		Québec	PRESENT		28eb1a3f-1c15-4a95-931a-4af90ecb574d	45.490119	-75.623935	416.0						2023-10-11T11:12	11	10	2023	8118872	8118872	HUMAN_OBSERVATION	iNaturalist	Observations	187164202		L Joan Heyding	2023-10-11T20:51:14	CC_BY_NC_4_0	L Joan Heyding	L Joan Heyding			2025-01-14T12:42:28.459Z	StillImage	COORDINATE_ROUNDED;CONTINENT_DERIVED_FROM_COORDINATES;TAXON_MATCH_TAXON_ID_IGNORED
4430666299	50c9509d-22c7-4a22-a47d-8c48425ef4a7	https://www.inaturalist.org/observations/187971655	Fungi	Basidiomycota	Agaricomycetes	Agaricales	Hymenogastraceae	Galerina	Galerina marginata		SPECIES	Galerina marginata (Batsch) Kühner	Galerina marginata		CA		Québec	PRESENT		28eb1a3f-1c15-4a95-931a-4af90ecb574d	45.358192	-72.23555	32.0						2023-10-09T14:00	9	10	2023	8118872	8118872	HUMAN_OBSERVATION	iNaturalist	Observations	187971655		gabboilard	2023-10-18T01:05:07	CC_BY_NC_4_0	gabboilard	gabboilard			2025-01-14T12:42:51.216Z	StillImage	COORDINATE_ROUNDED;CONTINENT_DERIVED_FROM_COORDINATES;TAXON_MATCH_TAXON_ID_IGNORED
4430502199	50c9509d-22c7-4a22-a47d-8c48425ef4a7	https://www.inaturalist.org/observations/187198246	Fungi	Basidiomycota	Agaricomycetes	Agaricales	Hymenogastraceae	Galerina	Galerina marginata		SPECIES	Galerina marginata (Batsch) Kühner	Galerina marginata		CA		New Brunswick	PRESENT		28eb1a3f-1c15-4a95-931a-4af90ecb574d	45.955207	-66.674747							2023-10-11T12:45:33	11	10	2023	8118872	8118872	HUMAN_OBSERVATION	iNaturalist	Observations	187198246		Andrew MacPherson	2023-10-12T02:22:35	CC0_1_0	Andrew MacPherson	Andrew MacPherson			2025-01-14T13:33:35.636Z	StillImage	COORDINATE_ROUNDED;CONTINENT_DERIVED_FROM_COORDINATES;TAXON_MATCH_TAXON_ID_IGNORED
4424706422	50c9509d-22c7-4a22-a47d-8c48425ef4a7	https://www.inaturalist.org/observations/186895059	Fungi	Basidiomycota	Agaricomycetes	Agaricales	Hymenogastraceae	Galerina	Galerina marginata		SPECIES	Galerina marginata (Batsch) Kühner	Galerina marginata		CA		Québec	PRESENT		28eb1a3f-1c15-4a95-931a-4af90ecb574d	45.420657	-75.835092	391.0						2023-10-09T10:58	9	10	2023	8118872	8118872	HUMAN_OBSERVATION	iNaturalist	Observations	186895059		L Joan Heyding	2023-10-09T20:14:56	CC_BY_NC_4_0	L Joan Heyding	L Joan Heyding			2025-01-14T13:33:31.854Z	StillImage	COORDINATE_ROUNDED;CONTINENT_DERIVED_FROM_COORDINATES;TAXON_MATCH_TAXON_ID_IGNORED
4424639488	50c9509d-22c7-4a22-a47d-8c48425ef4a7	https://www.inaturalist.org/observations/186485690	Fungi	Basidiomycota	Agaricomycetes	Agaricales	Hymenogastraceae	Galerina	Galerina marginata		SPECIES	Galerina marginata (Batsch) Kühner	Galerina marginata		CA		Québec	PRESENT		28eb1a3f-1c15-4a95-931a-4af90ecb574d	45.451972	-73.475888							2023-10-06T12:24:23	6	10	2023	8118872	8118872	HUMAN_OBSERVATION	iNaturalist	Observations	186485690		intodream	2023-10-07T01:41:06	CC_BY_NC_4_0	intodream	intodream			2025-01-14T12:42:59.153Z	StillImage	COORDINATE_ROUNDED;CONTINENT_DERIVED_FROM_COORDINATES;TAXON_MATCH_TAXON_ID_IGNORED
4421168618	50c9509d-22c7-4a22-a47d-8c48425ef4a7	https://www.inaturalist.org/observations/185942315	Fungi	Basidiomycota	Agaricomycetes	Agaricales	Hymenogastraceae	Galerina	Galerina marginata		SPECIES	Galerina marginata (Batsch) Kühner	Galerina marginata		CA		Québec	PRESENT		28eb1a3f-1c15-4a95-931a-4af90ecb574d	45.872811	-76.4339	501.0						2023-09-28T12:31	28	9	2023	8118872	8118872	HUMAN_OBSERVATION	iNaturalist	Observations	185942315		L Joan Heyding	2023-10-02T19:15:20	CC_BY_NC_4_0	L Joan Heyding	L Joan Heyding			2025-01-14T13:28:05.218Z	StillImage	COORDINATE_ROUNDED;CONTINENT_DERIVED_FROM_COORDINATES;TAXON_MATCH_TAXON_ID_IGNORED
4405287419	50c9509d-22c7-4a22-a47d-8c48425ef4a7	https://www.inaturalist.org/observations/139788604	Fungi	Basidiomycota	Agaricomycetes	Agaricales	Hymenogastraceae	Galerina	Galerina marginata		SPECIES	Galerina marginata (Batsch) Kühner	Galerina marginata		CA		Prince Edward Island	PRESENT		28eb1a3f-1c15-4a95-931a-4af90ecb574d	46.741658	-64.17433	61.0						2022-10-23T11:51:44	23	10	2022	8118872	8118872	HUMAN_OBSERVATION	iNaturalist	Observations	139788604		Jessika Gauvin	2022-10-23T21:46:09	CC_BY_NC_4_0	Laura O'Connor	Laura O'Connor			2025-01-14T13:26:11.054Z	StillImage	COORDINATE_ROUNDED;CONTINENT_DERIVED_FROM_COORDINATES;TAXON_MATCH_TAXON_ID_IGNORED
4405155483	50c9509d-22c7-4a22-a47d-8c48425ef4a7	https://www.inaturalist.org/observations/139788673	Fungi	Basidiomycota	Agaricomycetes	Agaricales	Hymenogastraceae	Galerina	Galerina marginata		SPECIES	Galerina marginata (Batsch) Kühner	Galerina marginata		CA		Prince Edward Island	PRESENT		28eb1a3f-1c15-4a95-931a-4af90ecb574d	46.741833	-64.174163	95.0						2022-10-23T11:52:49	23	10	2022	8118872	8118872	HUMAN_OBSERVATION	iNaturalist	Observations	139788673		Jessika Gauvin	2022-10-23T21:45:43	CC_BY_NC_4_0	Laura O'Connor	Laura O'Connor			2025-01-14T12:32:32.105Z	StillImage	COORDINATE_ROUNDED;CONTINENT_DERIVED_FROM_COORDINATES;TAXON_MATCH_TAXON_ID_IGNORED
4129685468	50c9509d-22c7-4a22-a47d-8c48425ef4a7	https://www.inaturalist.org/observations/140187589	Fungi	Basidiomycota	Agaricomycetes	Agaricales	Hymenogastraceae	Galerina	Galerina marginata		SPECIES	Galerina marginata (Batsch) Kühner	Galerina marginata		CA		Québec	PRESENT		28eb1a3f-1c15-4a95-931a-4af90ecb574d	46.259277	-72.754964	27031.0						2022-10-27T14:45	27	10	2022	8118872	8118872	HUMAN_OBSERVATION	iNaturalist	Observations	140187589		Étienne Godin	2022-10-27T20:52:11	CC_BY_NC_4_0	Étienne Godin	Étienne Godin			2025-01-14T13:26:03.430Z	StillImage	COORDINATE_ROUNDED;CONTINENT_DERIVED_FROM_COORDINATES;TAXON_MATCH_TAXON_ID_IGNORED
4075574825	50c9509d-22c7-4a22-a47d-8c48425ef4a7	https://www.inaturalist.org/observations/141024621	Fungi	Basidiomycota	Agaricomycetes	Agaricales	Hymenogastraceae	Galerina	Galerina marginata		SPECIES	Galerina marginata (Batsch) Kühner	Galerina marginata		CA		Québec	PRESENT		28eb1a3f-1c15-4a95-931a-4af90ecb574d	45.966613	-73.164642	4.0						2022-11-03T12:09:39	3	11	2022	8118872	8118872	HUMAN_OBSERVATION	iNaturalist	Observations	141024621		vincent_dumontier	2022-11-03T23:58:44	CC_BY_NC_4_0	vincent_dumontier	vincent_dumontier			2025-01-14T12:33:25.130Z	StillImage	COORDINATE_ROUNDED;CONTINENT_DERIVED_FROM_COORDINATES;TAXON_MATCH_TAXON_ID_IGNORED
4028624120	50c9509d-22c7-4a22-a47d-8c48425ef4a7	https://www.inaturalist.org/observations/147726285	Fungi	Basidiomycota	Agaricomycetes	Agaricales	Hymenogastraceae	Galerina	Galerina marginata		SPECIES	Galerina marginata (Batsch) Kühner	Galerina marginata		CA		Québec	PRESENT		28eb1a3f-1c15-4a95-931a-4af90ecb574d	45.848256	-76.579972	27095.0						2022-11-05T11:43	5	11	2022	8118872	8118872	HUMAN_OBSERVATION	iNaturalist	Observations	147726285		L Joan Heyding	2023-01-30T22:33:56	CC_BY_NC_4_0	L Joan Heyding	L Joan Heyding			2025-01-14T13:26:05.738Z	StillImage	COORDINATE_ROUNDED;CONTINENT_DERIVED_FROM_COORDINATES;TAXON_MATCH_TAXON_ID_IGNORED
4015223316	50c9509d-22c7-4a22-a47d-8c48425ef4a7	https://www.inaturalist.org/observations/17479016	Fungi	Basidiomycota	Agaricomycetes	Agaricales	Hymenogastraceae	Galerina	Galerina marginata		SPECIES	Galerina marginata (Batsch) Kühner	Galerina marginata		CA		Québec	PRESENT		28eb1a3f-1c15-4a95-931a-4af90ecb574d	46.833678	-71.340426	8.0						2018-10-13	13	10	2018	8118872	8118872	HUMAN_OBSERVATION	iNaturalist	Observations	17479016		Matt Welter	2023-01-05T18:09:19	CC_BY_NC_4_0	Ludo Leclerc	Ludo Leclerc			2025-01-14T12:05:57.912Z	StillImage	COORDINATE_ROUNDED;CONTINENT_DERIVED_FROM_COORDINATES;TAXON_MATCH_TAXON_ID_IGNORED
3994107611	50c9509d-22c7-4a22-a47d-8c48425ef4a7	https://www.inaturalist.org/observations/142149398	Fungi	Basidiomycota	Agaricomycetes	Agaricales	Hymenogastraceae	Galerina	Galerina marginata		SPECIES	Galerina marginata (Batsch) Kühner	Galerina marginata		CA		Québec	PRESENT		28eb1a3f-1c15-4a95-931a-4af90ecb574d	46.953931	-71.40088	15.0						2022-09-25	25	9	2022	8118872	8118872	HUMAN_OBSERVATION	iNaturalist	Observations	142149398		cinna_latifolia	2022-12-14T00:38:01	CC_BY_NC_4_0	Christian Grenier	Christian Grenier			2025-01-14T13:26:22.737Z	StillImage	COORDINATE_ROUNDED;CONTINENT_DERIVED_FROM_COORDINATES;TAXON_MATCH_TAXON_ID_IGNORED
3966629925	50c9509d-22c7-4a22-a47d-8c48425ef4a7	https://www.inaturalist.org/observations/141714053	Fungi	Basidiomycota	Agaricomycetes	Agaricales	Hymenogastraceae	Galerina	Galerina marginata		SPECIES	Galerina marginata (Batsch) Kühner	Galerina marginata		CA		Québec	PRESENT		28eb1a3f-1c15-4a95-931a-4af90ecb574d	46.421508	-72.526087	5.0						2022-11-11T08:25:12	11	11	2022	8118872	8118872	HUMAN_OBSERVATION	iNaturalist	Observations	141714053		vincent_dumontier	2022-11-11T18:47:25	CC_BY_NC_4_0	vincent_dumontier	vincent_dumontier			2025-01-14T12:32:14.862Z	StillImage	COORDINATE_ROUNDED;CONTINENT_DERIVED_FROM_COORDINATES;TAXON_MATCH_TAXON_ID_IGNORED
3963668595	50c9509d-22c7-4a22-a47d-8c48425ef4a7	https://www.inaturalist.org/observations/138645675	Fungi	Basidiomycota	Agaricomycetes	Agaricales	Hymenogastraceae	Galerina	Galerina marginata		SPECIES	Galerina marginata (Batsch) Kühner	Galerina marginata		CA		Québec	PRESENT		28eb1a3f-1c15-4a95-931a-4af90ecb574d	46.411103	-72.493042	4.0						2022-10-13T11:36:15	13	10	2022	8118872	8118872	HUMAN_OBSERVATION	iNaturalist	Observations	138645675		vincent_dumontier	2022-10-13T20:02:04	CC_BY_NC_4_0	vincent_dumontier	vincent_dumontier			2025-01-14T13:26:31.161Z	StillImage	COORDINATE_ROUNDED;CONTINENT_DERIVED_FROM_COORDINATES;TAXON_MATCH_TAXON_ID_IGNORED
3963414255	50c9509d-22c7-4a22-a47d-8c48425ef4a7	https://www.inaturalist.org/observations/141331505	Fungi	Basidiomycota	Agaricomycetes	Agaricales	Hymenogastraceae	Galerina	Galerina marginata		SPECIES	Galerina marginata (Batsch) Kühner	Galerina marginata		CA		Québec	PRESENT		28eb1a3f-1c15-4a95-931a-4af90ecb574d	45.836494	-76.534951	27095.0						2022-11-06T11:12	6	11	2022	8118872	8118872	HUMAN_OBSERVATION	iNaturalist	Observations	141331505		L Joan Heyding	2022-11-07T01:48:00	CC_BY_NC_4_0	L Joan Heyding	L Joan Heyding			2025-01-14T13:26:30.157Z	StillImage	COORDINATE_ROUNDED;CONTINENT_DERIVED_FROM_COORDINATES;TAXON_MATCH_TAXON_ID_IGNORED
3963318280	50c9509d-22c7-4a22-a47d-8c48425ef4a7	https://www.inaturalist.org/observations/141326546	Fungi	Basidiomycota	Agaricomycetes	Agaricales	Hymenogastraceae	Galerina	Galerina marginata		SPECIES	Galerina marginata (Batsch) Kühner	Galerina marginata		CA		Québec	PRESENT		28eb1a3f-1c15-4a95-931a-4af90ecb574d	45.933975	-76.456244	27095.0						2022-11-05T11:43	5	11	2022	8118872	8118872	HUMAN_OBSERVATION	iNaturalist	Observations	141326546		L Joan Heyding	2022-11-07T00:50:29	CC_BY_NC_4_0	L Joan Heyding	L Joan Heyding			2025-01-14T12:32:12.280Z	StillImage	COORDINATE_ROUNDED;CONTINENT_DERIVED_FROM_COORDINATES;TAXON_MATCH_TAXON_ID_IGNORED
3961236769	50c9509d-22c7-4a22-a47d-8c48425ef4a7	https://www.inaturalist.org/observations/140021251	Fungi	Basidiomycota	Agaricomycetes	Agaricales	Hymenogastraceae	Galerina	Galerina marginata		SPECIES	Galerina marginata (Batsch) Kühner	Galerina marginata		CA		Québec	PRESENT		28eb1a3f-1c15-4a95-931a-4af90ecb574d	45.958639	-76.511916	27095.0						2022-10-24T09:37	24	10	2022	8118872	8118872	HUMAN_OBSERVATION	iNaturalist	Observations	140021251		L Joan Heyding	2022-10-26T01:35:24	CC_BY_NC_4_0	L Joan Heyding	L Joan Heyding			2025-01-14T12:32:23.754Z	StillImage	COORDINATE_ROUNDED;CONTINENT_DERIVED_FROM_COORDINATES;TAXON_MATCH_TAXON_ID_IGNORED
3947565732	50c9509d-22c7-4a22-a47d-8c48425ef4a7	https://www.inaturalist.org/observations/139065257	Fungi	Basidiomycota	Agaricomycetes	Agaricales	Hymenogastraceae	Galerina	Galerina marginata		SPECIES	Galerina marginata (Batsch) Kühner	Galerina marginata		CA		Ontario	PRESENT		28eb1a3f-1c15-4a95-931a-4af90ecb574d	45.508245	-75.455096	400.0						2022-10-16T14:21	16	10	2022	8118872	8118872	HUMAN_OBSERVATION	iNaturalist	Observations	139065257		jonathan_mack	2022-10-17T01:38:33	CC_BY_NC_4_0	jonathan_mack	jonathan_mack			2025-01-14T13:18:16.902Z	StillImage	COORDINATE_ROUNDED;CONTINENT_DERIVED_FROM_COORDINATES;TAXON_MATCH_TAXON_ID_IGNORED
3947365341	50c9509d-22c7-4a22-a47d-8c48425ef4a7	https://www.inaturalist.org/observations/138670941	Fungi	Basidiomycota	Agaricomycetes	Agaricales	Hymenogastraceae	Galerina	Galerina marginata		SPECIES	Galerina marginata (Batsch) Kühner	Galerina marginata		CA		Québec	PRESENT		28eb1a3f-1c15-4a95-931a-4af90ecb574d	45.887455	-76.55438	27095.0						2022-10-10T12:47	10	10	2022	8118872	8118872	HUMAN_OBSERVATION	iNaturalist	Observations	138670941		L Joan Heyding	2022-10-14T00:47:27	CC_BY_NC_4_0	L Joan Heyding	L Joan Heyding			2025-01-14T12:32:41.429Z	StillImage	COORDINATE_ROUNDED;CONTINENT_DERIVED_FROM_COORDINATES;TAXON_MATCH_TAXON_ID_IGNORED
3947287969	50c9509d-22c7-4a22-a47d-8c48425ef4a7	https://www.inaturalist.org/observations/139286362	Fungi	Basidiomycota	Agaricomycetes	Agaricales	Hymenogastraceae	Galerina	Galerina marginata		SPECIES	Galerina marginata (Batsch) Kühner	Galerina marginata		CA		Ontario	PRESENT		28eb1a3f-1c15-4a95-931a-4af90ecb574d	45.324347	-75.812219	193.0						2022-10-18T10:32	18	10	2022	8118872	8118872	HUMAN_OBSERVATION	iNaturalist	Observations	139286362		L Joan Heyding	2022-10-19T00:44:03	CC_BY_NC_4_0	L Joan Heyding	L Joan Heyding			2025-01-14T13:18:25.661Z	StillImage	COORDINATE_ROUNDED;CONTINENT_DERIVED_FROM_COORDINATES;TAXON_MATCH_TAXON_ID_IGNORED
3925437265	50c9509d-22c7-4a22-a47d-8c48425ef4a7	https://www.inaturalist.org/observations/138045287	Fungi	Basidiomycota	Agaricomycetes	Agaricales	Hymenogastraceae	Galerina	Galerina marginata		SPECIES	Galerina marginata (Batsch) Kühner	Galerina marginata		CA		Québec	PRESENT		28eb1a3f-1c15-4a95-931a-4af90ecb574d	45.49145	-75.859825	4.0						2022-10-08T18:17:06	8	10	2022	8118872	8118872	HUMAN_OBSERVATION	iNaturalist	Observations	138045287		cinna_latifolia	2022-10-09T06:27:19	CC_BY_NC_4_0	Maria Bastas	Maria Bastas			2025-01-14T12:32:22.735Z	StillImage	CONTINENT_DERIVED_FROM_COORDINATES;TAXON_MATCH_TAXON_ID_IGNORED
3925366603	50c9509d-22c7-4a22-a47d-8c48425ef4a7	https://www.inaturalist.org/observations/138285745	Fungi	Basidiomycota	Agaricomycetes	Agaricales	Hymenogastraceae	Galerina	Galerina marginata		SPECIES	Galerina marginata (Batsch) Kühner	Galerina marginata		CA		Ontario	PRESENT		28eb1a3f-1c15-4a95-931a-4af90ecb574d	45.406946	-75.593901							2022-10-10T11:27:43	10	10	2022	8118872	8118872	HUMAN_OBSERVATION	iNaturalist	Observations	138285745		staingen	2022-10-10T18:17:46	CC_BY_NC_4_0	staingen	staingen			2025-01-14T12:32:34.452Z	StillImage	COORDINATE_ROUNDED;CONTINENT_DERIVED_FROM_COORDINATES;TAXON_MATCH_TAXON_ID_IGNORED
3925131291	50c9509d-22c7-4a22-a47d-8c48425ef4a7	https://www.inaturalist.org/observations/138010365	Fungi	Basidiomycota	Agaricomycetes	Agaricales	Hymenogastraceae	Galerina	Galerina marginata		SPECIES	Galerina marginata (Batsch) Kühner	Galerina marginata		CA		Ontario	PRESENT		28eb1a3f-1c15-4a95-931a-4af90ecb574d	45.118528	-78.034492	4.0						2022-10-08T11:20:07	8	10	2022	8118872	8118872	HUMAN_OBSERVATION	iNaturalist	Observations	138010365		cinna_latifolia	2022-10-09T03:43:43	CC_BY_NC_4_0	Maria Bastas	Maria Bastas			2025-01-14T13:25:47.756Z	StillImage	COORDINATE_ROUNDED;CONTINENT_DERIVED_FROM_COORDINATES;TAXON_MATCH_TAXON_ID_IGNORED
3911209047	55585622-7aeb-4921-a07c-5ddc97de9c5b	MGYA00523557_Eukaryota:Fungi:Basidiomycota:Agaricomycetes:Agaricales:Strophariaceae:Galerina:Galerina_marginata	Fungi	Basidiomycota	Agaricomycetes	Agaricales	Hymenogastraceae	Galerina	Galerina marginata		SPECIES	Galerina marginata (Batsch) Kühner	Galerina marginata		CA	Varennes		PRESENT		ab733144-7043-4e88-bd4f-fca7bf858880	45.72	-73.37					0.15	0.0					8118872	8118872	MATERIAL_SAMPLE							CC_BY_4_0					2025-01-15T11:18:35.456Z		GEODETIC_DATUM_ASSUMED_WGS84;CONTINENT_DERIVED_FROM_COORDINATES
3860411600	50c9509d-22c7-4a22-a47d-8c48425ef4a7	https://www.inaturalist.org/observations/119283011	Fungi	Basidiomycota	Agaricomycetes	Agaricales	Hymenogastraceae	Galerina	Galerina marginata		SPECIES	Galerina marginata (Batsch) Kühner	Galerina marginata		CA		Ontario	PRESENT		28eb1a3f-1c15-4a95-931a-4af90ecb574d	45.367065	-75.794436	1010.0						2022-05-29T12:20	29	5	2022	8118872	8118872	HUMAN_OBSERVATION	iNaturalist	Observations	119283011		cattie	2022-05-29T18:13:41	CC_BY_NC_4_0	cattie	cattie			2025-01-14T13:22:09.024Z	StillImage	COORDINATE_ROUNDED;CONTINENT_DERIVED_FROM_COORDINATES;TAXON_MATCH_TAXON_ID_IGNORED
3747281383	50c9509d-22c7-4a22-a47d-8c48425ef4a7	https://www.inaturalist.org/observations/61634861	Fungi	Basidiomycota	Agaricomycetes	Agaricales	Hymenogastraceae	Galerina	Galerina marginata		SPECIES	Galerina marginata (Batsch) Kühner	Galerina marginata		CA		Ontario	PRESENT		28eb1a3f-1c15-4a95-931a-4af90ecb574d	45.508245	-75.455096	400.0						2020-10-03T16:22	3	10	2020	8118872	8118872	HUMAN_OBSERVATION	iNaturalist	Observations	61634861		jonathan_mack	2020-10-04T02:11:18	CC_BY_NC_4_0	jonathan_mack	jonathan_mack			2025-01-14T12:15:07.749Z	StillImage	COORDINATE_ROUNDED;CONTINENT_DERIVED_FROM_COORDINATES;TAXON_MATCH_TAXON_ID_IGNORED
3746966451	50c9509d-22c7-4a22-a47d-8c48425ef4a7	https://www.inaturalist.org/observations/98564895	Fungi	Basidiomycota	Agaricomycetes	Agaricales	Hymenogastraceae	Galerina	Galerina marginata		SPECIES	Galerina marginata (Batsch) Kühner	Galerina marginata		CA		Ontario	PRESENT		28eb1a3f-1c15-4a95-931a-4af90ecb574d	45.508245	-75.455096	400.0						2021-10-17T13:52	17	10	2021	8118872	8118872	HUMAN_OBSERVATION	iNaturalist	Observations	98564895		jonathan_mack	2021-10-18T01:38:40	CC_BY_NC_4_0	jonathan_mack	jonathan_mack			2025-01-14T12:22:53.482Z	StillImage	COORDINATE_ROUNDED;CONTINENT_DERIVED_FROM_COORDINATES;TAXON_MATCH_TAXON_ID_IGNORED
3466376664	50c9509d-22c7-4a22-a47d-8c48425ef4a7	https://www.inaturalist.org/observations/105811704	Fungi	Basidiomycota	Agaricomycetes	Agaricales	Hymenogastraceae	Galerina	Galerina marginata		SPECIES	Galerina marginata (Batsch) Kühner	Galerina marginata		CA		Québec	PRESENT		28eb1a3f-1c15-4a95-931a-4af90ecb574d	45.903745	-76.463844	27095.0						2021-09-28T10:45	28	9	2021	8118872	8118872	HUMAN_OBSERVATION	iNaturalist	Observations	105811704		L Joan Heyding	2022-01-30T02:15:29	CC_BY_NC_4_0	L Joan Heyding	L Joan Heyding			2025-01-14T12:25:40.010Z	StillImage	COORDINATE_ROUNDED;CONTINENT_DERIVED_FROM_COORDINATES;TAXON_MATCH_TAXON_ID_IGNORED
3466287429	50c9509d-22c7-4a22-a47d-8c48425ef4a7	https://www.inaturalist.org/observations/105881261	Fungi	Basidiomycota	Agaricomycetes	Agaricales	Hymenogastraceae	Galerina	Galerina marginata		SPECIES	Galerina marginata (Batsch) Kühner	Galerina marginata		CA		Québec	PRESENT		28eb1a3f-1c15-4a95-931a-4af90ecb574d	45.970375	-76.538367	27095.0						2021-09-30T10:08	30	9	2021	8118872	8118872	HUMAN_OBSERVATION	iNaturalist	Observations	105881261		L Joan Heyding	2022-01-31T02:23:28	CC_BY_NC_4_0	L Joan Heyding	L Joan Heyding			2025-01-14T12:25:10.887Z	StillImage	COORDINATE_ROUNDED;CONTINENT_DERIVED_FROM_COORDINATES;TAXON_MATCH_TAXON_ID_IGNORED
3456924204	50c9509d-22c7-4a22-a47d-8c48425ef4a7	https://www.inaturalist.org/observations/104367559	Fungi	Basidiomycota	Agaricomycetes	Agaricales	Hymenogastraceae	Galerina	Galerina marginata		SPECIES	Galerina marginata (Batsch) Kühner	Galerina marginata		CA		Québec	PRESENT		28eb1a3f-1c15-4a95-931a-4af90ecb574d	45.919577	-72.004705	10.0						2022-01-04T08:54:57	4	1	2022	8118872	8118872	HUMAN_OBSERVATION	iNaturalist	Observations	104367559		willoughbyarevalo	2022-01-04T21:40:47	CC_BY_NC_4_0	willoughbyarevalo	willoughbyarevalo			2025-01-14T12:23:50.069Z	StillImage	COORDINATE_ROUNDED;CONTINENT_DERIVED_FROM_COORDINATES;TAXON_MATCH_TAXON_ID_IGNORED
3456098034	50c9509d-22c7-4a22-a47d-8c48425ef4a7	https://www.inaturalist.org/observations/103578959	Fungi	Basidiomycota	Agaricomycetes	Agaricales	Hymenogastraceae	Galerina	Galerina marginata		SPECIES	Galerina marginata (Batsch) Kühner	Galerina marginata		CA		Québec	PRESENT		28eb1a3f-1c15-4a95-931a-4af90ecb574d	46.294345	-72.522657	61.0						2010-10-10T08:11	10	10	2010	8118872	8118872	HUMAN_OBSERVATION	iNaturalist	Observations	103578959		willoughbyarevalo	2022-01-02T02:21:14	CC_BY_NC_4_0	Alain Maire	Alain Maire			2025-01-14T12:25:03.154Z	StillImage	COORDINATE_ROUNDED;CONTINENT_DERIVED_FROM_COORDINATES;TAXON_MATCH_TAXON_ID_IGNORED
3455774713	50c9509d-22c7-4a22-a47d-8c48425ef4a7	https://www.inaturalist.org/observations/104574283	Fungi	Basidiomycota	Agaricomycetes	Agaricales	Hymenogastraceae	Galerina	Galerina marginata		SPECIES	Galerina marginata (Batsch) Kühner	Galerina marginata		CA		Québec	PRESENT		28eb1a3f-1c15-4a95-931a-4af90ecb574d	46.910764	-71.216434	61.0						2021-10-04	4	10	2021	8118872	8118872	HUMAN_OBSERVATION	iNaturalist	Observations	104574283		Christian Grenier	2022-01-08T13:29:19	CC_BY_NC_4_0	Christian Grenier	Christian Grenier			2025-01-14T13:12:31.351Z	StillImage	COORDINATE_ROUNDED;CONTINENT_DERIVED_FROM_COORDINATES;TAXON_MATCH_TAXON_ID_IGNORED
3416168826	50c9509d-22c7-4a22-a47d-8c48425ef4a7	https://www.inaturalist.org/observations/101355333	Fungi	Basidiomycota	Agaricomycetes	Agaricales	Hymenogastraceae	Galerina	Galerina marginata		SPECIES	Galerina marginata (Batsch) Kühner	Galerina marginata		CA		Ontario	PRESENT		28eb1a3f-1c15-4a95-931a-4af90ecb574d	45.393619	-79.268445	47.0						2021-11-17T12:58:18	17	11	2021	8118872	8118872	HUMAN_OBSERVATION	iNaturalist	Observations	101355333		angelblotters	2021-11-17T21:23:27	CC_BY_NC_4_0	angelblotters	angelblotters			2025-01-14T12:23:34.858Z	StillImage	COORDINATE_ROUNDED;CONTINENT_DERIVED_FROM_COORDINATES;TAXON_MATCH_TAXON_ID_IGNORED
3415851947	50c9509d-22c7-4a22-a47d-8c48425ef4a7	https://www.inaturalist.org/observations/99744684	Fungi	Basidiomycota	Agaricomycetes	Agaricales	Hymenogastraceae	Galerina	Galerina marginata		SPECIES	Galerina marginata (Batsch) Kühner	Galerina marginata		CA		Ontario	PRESENT		28eb1a3f-1c15-4a95-931a-4af90ecb574d	45.290785	-75.805093	31.0						2021-10-27T13:57	27	10	2021	8118872	8118872	HUMAN_OBSERVATION	iNaturalist	Observations	99744684		Serguei Ponomarenko	2021-10-29T23:02:14	CC_BY_NC_4_0	Serguei Ponomarenko	Serguei Ponomarenko			2025-01-14T12:23:11.946Z	StillImage	COORDINATE_ROUNDED;CONTINENT_DERIVED_FROM_COORDINATES;TAXON_MATCH_TAXON_ID_IGNORED
3415585209	50c9509d-22c7-4a22-a47d-8c48425ef4a7	https://www.inaturalist.org/observations/101633028	Fungi	Basidiomycota	Agaricomycetes	Agaricales	Hymenogastraceae	Galerina	Galerina marginata		SPECIES	Galerina marginata (Batsch) Kühner	Galerina marginata		CA		Ontario	PRESENT		28eb1a3f-1c15-4a95-931a-4af90ecb574d	45.393691	-75.512005							2021-11-21T11:10:58	21	11	2021	8118872	8118872	HUMAN_OBSERVATION	iNaturalist	Observations	101633028		Johann Wagner	2021-11-21T17:05:01	CC_BY_NC_4_0	Johann Wagner	Johann Wagner			2025-01-14T12:27:14.817Z	StillImage	COORDINATE_ROUNDED;CONTINENT_DERIVED_FROM_COORDINATES;TAXON_MATCH_TAXON_ID_IGNORED
3408104842	50c9509d-22c7-4a22-a47d-8c48425ef4a7	https://www.inaturalist.org/observations/99840867	Fungi	Basidiomycota	Agaricomycetes	Agaricales	Hymenogastraceae	Galerina	Galerina marginata		SPECIES	Galerina marginata (Batsch) Kühner	Galerina marginata		CA		Ontario	PRESENT		28eb1a3f-1c15-4a95-931a-4af90ecb574d	45.458185	-75.547935							2021-10-29T14:47	29	10	2021	8118872	8118872	HUMAN_OBSERVATION	iNaturalist	Observations	99840867		jonathan_mack	2021-10-31T02:09:56	CC_BY_NC_4_0	jonathan_mack	jonathan_mack			2025-01-14T13:12:10.447Z	StillImage	CONTINENT_DERIVED_FROM_COORDINATES;TAXON_MATCH_TAXON_ID_IGNORED
3399432561	50c9509d-22c7-4a22-a47d-8c48425ef4a7	https://www.inaturalist.org/observations/98796545	Fungi	Basidiomycota	Agaricomycetes	Agaricales	Hymenogastraceae	Galerina	Galerina marginata		SPECIES	Galerina marginata (Batsch) Kühner	Galerina marginata		CA		Québec	PRESENT		28eb1a3f-1c15-4a95-931a-4af90ecb574d	45.512325	-73.585092	6.0						2021-10-06T15:14:34	6	10	2021	8118872	8118872	HUMAN_OBSERVATION	iNaturalist	Observations	98796545		rose_brisebois	2021-10-20T15:26:28	CC_BY_NC_4_0	rose_brisebois	rose_brisebois			2025-01-14T12:23:16.233Z	StillImage	COORDINATE_ROUNDED;CONTINENT_DERIVED_FROM_COORDINATES;TAXON_MATCH_TAXON_ID_IGNORED
3399181925	50c9509d-22c7-4a22-a47d-8c48425ef4a7	https://www.inaturalist.org/observations/97385652	Fungi	Basidiomycota	Agaricomycetes	Agaricales	Hymenogastraceae	Galerina	Galerina marginata		SPECIES	Galerina marginata (Batsch) Kühner	Galerina marginata		CA		Ontario	PRESENT		28eb1a3f-1c15-4a95-931a-4af90ecb574d	45.816063	-77.092239	922.0						2021-10-06T17:04:02	6	10	2021	8118872	8118872	HUMAN_OBSERVATION	iNaturalist	Observations	97385652		dero001	2021-10-06T21:04:25	CC_BY_NC_4_0	dero001	dero001			2025-01-14T13:10:44.243Z	StillImage	COORDINATE_ROUNDED;CONTINENT_DERIVED_FROM_COORDINATES;TAXON_MATCH_TAXON_ID_IGNORED
3399080684	50c9509d-22c7-4a22-a47d-8c48425ef4a7	https://www.inaturalist.org/observations/98895138	Fungi	Basidiomycota	Agaricomycetes	Agaricales	Hymenogastraceae	Galerina	Galerina marginata		SPECIES	Galerina marginata (Batsch) Kühner	Galerina marginata		CA		Ontario	PRESENT		28eb1a3f-1c15-4a95-931a-4af90ecb574d	45.448934	-75.186606	4.0						2021-10-15T11:54	15	10	2021	8118872	8118872	HUMAN_OBSERVATION	iNaturalist	Observations	98895138		cinna_latifolia	2021-10-21T17:19:41	CC_BY_4_0	christine123	christine123			2025-01-14T12:22:12.289Z	StillImage	COORDINATE_ROUNDED;CONTINENT_DERIVED_FROM_COORDINATES;TAXON_MATCH_TAXON_ID_IGNORED
3398780800	50c9509d-22c7-4a22-a47d-8c48425ef4a7	https://www.inaturalist.org/observations/99036376	Fungi	Basidiomycota	Agaricomycetes	Agaricales	Hymenogastraceae	Galerina	Galerina marginata		SPECIES	Galerina marginata (Batsch) Kühner	Galerina marginata		CA		Ontario	PRESENT		28eb1a3f-1c15-4a95-931a-4af90ecb574d	45.33862	-75.675063	5.0						2021-10-22T14:00:08	22	10	2021	8118872	8118872	HUMAN_OBSERVATION	iNaturalist	Observations	99036376		Lynn Ovenden	2021-10-23T00:55:48	CC_BY_NC_4_0	Lynn Ovenden	Lynn Ovenden			2025-01-14T12:22:06.165Z	StillImage	COORDINATE_ROUNDED;CONTINENT_DERIVED_FROM_COORDINATES;TAXON_MATCH_TAXON_ID_IGNORED
3391421558	50c9509d-22c7-4a22-a47d-8c48425ef4a7	https://www.inaturalist.org/observations/97297342	Fungi	Basidiomycota	Agaricomycetes	Agaricales	Hymenogastraceae	Galerina	Galerina marginata		SPECIES	Galerina marginata (Batsch) Kühner	Galerina marginata		CA		Québec	PRESENT		28eb1a3f-1c15-4a95-931a-4af90ecb574d	45.510342	-73.585183							2021-10-05T15:45:52	5	10	2021	8118872	8118872	HUMAN_OBSERVATION	iNaturalist	Observations	97297342		mjmclyons	2021-10-05T23:33:34	CC_BY_NC_4_0	mjmclyons	mjmclyons			2025-01-14T12:21:35.432Z	StillImage	COORDINATE_ROUNDED;CONTINENT_DERIVED_FROM_COORDINATES;TAXON_MATCH_TAXON_ID_IGNORED
3384465059	50c9509d-22c7-4a22-a47d-8c48425ef4a7	https://www.inaturalist.org/observations/96945324	Fungi	Basidiomycota	Agaricomycetes	Agaricales	Hymenogastraceae	Galerina	Galerina marginata		SPECIES	Galerina marginata (Batsch) Kühner	Galerina marginata		CA		Québec	PRESENT		28eb1a3f-1c15-4a95-931a-4af90ecb574d	45.95948	-76.410815	27095.0						2021-09-29T11:10	29	9	2021	8118872	8118872	HUMAN_OBSERVATION	iNaturalist	Observations	96945324		L Joan Heyding	2021-10-02T21:41:01	CC_BY_NC_4_0	L Joan Heyding	L Joan Heyding			2025-01-14T13:16:12.265Z	StillImage	COORDINATE_ROUNDED;CONTINENT_DERIVED_FROM_COORDINATES;TAXON_MATCH_TAXON_ID_IGNORED
3384141952	50c9509d-22c7-4a22-a47d-8c48425ef4a7	https://www.inaturalist.org/observations/96782051	Fungi	Basidiomycota	Agaricomycetes	Agaricales	Hymenogastraceae	Galerina	Galerina marginata		SPECIES	Galerina marginata (Batsch) Kühner	Galerina marginata		CA		Québec	PRESENT		28eb1a3f-1c15-4a95-931a-4af90ecb574d	45.491555	-75.859011							2021-09-30T13:12Z	30	9	2021	8118872	8118872	HUMAN_OBSERVATION	iNaturalist	Observations	96782051		Johann Wagner	2021-10-01T13:55:33	CC_BY_NC_4_0	Johann Wagner	Johann Wagner			2025-01-14T12:23:04.245Z	StillImage	COORDINATE_ROUNDED;CONTINENT_DERIVED_FROM_COORDINATES;TAXON_MATCH_TAXON_ID_IGNORED
3349368047	d8cd16ba-bb74-4420-821e-083f2bac17c2	MN992586	Fungi	Basidiomycota	Agaricomycetes	Agaricales	Hymenogastraceae	Galerina	Galerina marginata		SPECIES	Galerina marginata (Batsch) Kühner	Galerina marginata		CA	Quebec, Chibougamau		PRESENT		ada9d123-ddb4-467d-8891-806ea8d94230	49.76	-74.41							2017-09-07	7	9	2017	8118872	8118872	PRESERVED_SPECIMEN			MQ17227-QFB29735				CC_BY_4_0					2025-01-18T13:04:48.418Z		GEODETIC_DATUM_ASSUMED_WGS84;CONTINENT_DERIVED_FROM_COORDINATES;TAXON_MATCH_TAXON_CONCEPT_ID_IGNORED;TAXON_MATCH_TAXON_ID_IGNORED
3349368043	d8cd16ba-bb74-4420-821e-083f2bac17c2	MN992388	Fungi	Basidiomycota	Agaricomycetes	Agaricales	Hymenogastraceae	Galerina	Galerina marginata		SPECIES	Galerina marginata (Batsch) Kühner	Galerina marginata		CA	Quebec, Anticosti		PRESENT		ada9d123-ddb4-467d-8891-806ea8d94230	49.86	-64.4							2015-09-10	10	9	2015	8118872	8118872	PRESERVED_SPECIMEN			ANT253-QFB28771		Pauline Dube		CC_BY_4_0					2025-01-18T13:04:48.415Z		GEODETIC_DATUM_ASSUMED_WGS84;CONTINENT_DERIVED_FROM_COORDINATES;TAXON_MATCH_TAXON_CONCEPT_ID_IGNORED;TAXON_MATCH_TAXON_ID_IGNORED
3330701371	50c9509d-22c7-4a22-a47d-8c48425ef4a7	https://www.inaturalist.org/observations/63541065	Fungi	Basidiomycota	Agaricomycetes	Agaricales	Hymenogastraceae	Galerina	Galerina marginata		SPECIES	Galerina marginata (Batsch) Kühner	Galerina marginata		CA		Québec	PRESENT		28eb1a3f-1c15-4a95-931a-4af90ecb574d	45.435243	-74.297969	2170.0						2020-10-25T16:10:57	25	10	2020	8118872	8118872	HUMAN_OBSERVATION	iNaturalist	Observations	63541065		katenormand	2020-10-26T02:03:41	CC_BY_NC_4_0	katenormand	katenormand			2025-01-14T12:16:22.240Z	StillImage	COORDINATE_ROUNDED;CONTINENT_DERIVED_FROM_COORDINATES;TAXON_MATCH_TAXON_ID_IGNORED
3079656621	50c9509d-22c7-4a22-a47d-8c48425ef4a7	https://www.inaturalist.org/observations/25752680	Fungi	Basidiomycota	Agaricomycetes	Agaricales	Hymenogastraceae	Galerina	Galerina marginata		SPECIES	Galerina marginata (Batsch) Kühner	Galerina marginata		CA		Ontario	PRESENT		28eb1a3f-1c15-4a95-931a-4af90ecb574d	45.407139	-75.588142	8.0						2019-05-23T12:11	23	5	2019	8118872	8118872	HUMAN_OBSERVATION	iNaturalist	Observations	25752680		Igor Khomenko	2019-05-25T22:11:23	CC_BY_NC_4_0	Igor Khomenko	Igor Khomenko			2025-01-14T12:07:21.040Z	StillImage	COORDINATE_ROUNDED;CONTINENT_DERIVED_FROM_COORDINATES;TAXON_MATCH_TAXON_ID_IGNORED
3031583010	50c9509d-22c7-4a22-a47d-8c48425ef4a7	https://www.inaturalist.org/observations/63443195	Fungi	Basidiomycota	Agaricomycetes	Agaricales	Hymenogastraceae	Galerina	Galerina marginata		SPECIES	Galerina marginata (Batsch) Kühner	Galerina marginata		CA		Ontario	PRESENT		28eb1a3f-1c15-4a95-931a-4af90ecb574d	45.353912	-75.618225	8.0						2020-09-19T18:06:05	19	9	2020	8118872	8118872	HUMAN_OBSERVATION	iNaturalist	Observations	63443195		staingen	2020-10-25T00:43:01	CC_BY_NC_4_0	staingen	staingen			2025-01-14T13:10:19.671Z	StillImage	COORDINATE_ROUNDED;CONTINENT_DERIVED_FROM_COORDINATES;TAXON_MATCH_TAXON_ID_IGNORED
2963940063	50c9509d-22c7-4a22-a47d-8c48425ef4a7	https://www.inaturalist.org/observations/63669120	Fungi	Basidiomycota	Agaricomycetes	Agaricales	Hymenogastraceae	Galerina	Galerina marginata		SPECIES	Galerina marginata (Batsch) Kühner	Galerina marginata		CA		Ontario	PRESENT		28eb1a3f-1c15-4a95-931a-4af90ecb574d	45.490251	-75.530769							2020-10-11T15:04:48	11	10	2020	8118872	8118872	HUMAN_OBSERVATION	iNaturalist	Observations	63669120		Ryan Patrick	2020-10-28T05:03:43	CC_BY_NC_4_0	Lindsay Boudreau	Lindsay Boudreau			2025-01-14T12:15:20.288Z	StillImage	CONTINENT_DERIVED_FROM_COORDINATES;TAXON_MATCH_TAXON_ID_IGNORED
2901828798	50c9509d-22c7-4a22-a47d-8c48425ef4a7	https://www.inaturalist.org/observations/62842434	Fungi	Basidiomycota	Agaricomycetes	Agaricales	Hymenogastraceae	Galerina	Galerina marginata		SPECIES	Galerina marginata (Batsch) Kühner	Galerina marginata		CA		Ontario	PRESENT		28eb1a3f-1c15-4a95-931a-4af90ecb574d	45.09475	-75.629783	5.0						2020-10-17T17:42:45	17	10	2020	8118872	8118872	HUMAN_OBSERVATION	iNaturalist	Observations	62842434		bharkness	2020-10-17T23:40:58	CC_BY_NC_4_0	bharkness	bharkness			2025-01-14T13:10:22.821Z	StillImage	COORDINATE_ROUNDED;CONTINENT_DERIVED_FROM_COORDINATES;TAXON_MATCH_TAXON_ID_IGNORED
2901570817	50c9509d-22c7-4a22-a47d-8c48425ef4a7	https://www.inaturalist.org/observations/62839431	Fungi	Basidiomycota	Agaricomycetes	Agaricales	Hymenogastraceae	Galerina	Galerina marginata		SPECIES	Galerina marginata (Batsch) Kühner	Galerina marginata		CA		Ontario	PRESENT		28eb1a3f-1c15-4a95-931a-4af90ecb574d	45.095711	-75.62822	5.0						2020-10-17T17:35:19	17	10	2020	8118872	8118872	HUMAN_OBSERVATION	iNaturalist	Observations	62839431		bharkness	2020-10-17T23:04:13	CC_BY_NC_4_0	bharkness	bharkness			2025-01-14T13:06:13.117Z	StillImage	COORDINATE_ROUNDED;CONTINENT_DERIVED_FROM_COORDINATES;TAXON_MATCH_TAXON_ID_IGNORED
2898348570	50c9509d-22c7-4a22-a47d-8c48425ef4a7	https://www.inaturalist.org/observations/61829789	Fungi	Basidiomycota	Agaricomycetes	Agaricales	Hymenogastraceae	Galerina	Galerina marginata		SPECIES	Galerina marginata (Batsch) Kühner	Galerina marginata		CA		Ontario	PRESENT		28eb1a3f-1c15-4a95-931a-4af90ecb574d	45.509316	-75.33839	28.0						2020-10-05T13:23	5	10	2020	8118872	8118872	HUMAN_OBSERVATION	iNaturalist	Observations	61829789		jonathan_mack	2020-10-06T01:27:59	CC_BY_NC_4_0	jonathan_mack	jonathan_mack			2025-01-14T13:06:27.988Z	StillImage	COORDINATE_ROUNDED;CONTINENT_DERIVED_FROM_COORDINATES;TAXON_MATCH_TAXON_ID_IGNORED
2883232585	50c9509d-22c7-4a22-a47d-8c48425ef4a7	https://www.inaturalist.org/observations/61866335	Fungi	Basidiomycota	Agaricomycetes	Agaricales	Hymenogastraceae	Galerina	Galerina marginata		SPECIES	Galerina marginata (Batsch) Kühner	Galerina marginata		CA		Ontario	PRESENT		28eb1a3f-1c15-4a95-931a-4af90ecb574d	45.552401	-74.41896	194.0						2020-10-04T13:51:50	4	10	2020	8118872	8118872	HUMAN_OBSERVATION	iNaturalist	Observations	61866335		Lynn Ovenden	2020-10-06T15:28:13	CC_BY_NC_4_0	Lynn Ovenden	Lynn Ovenden			2025-01-14T12:16:16.079Z	StillImage	COORDINATE_ROUNDED;CONTINENT_DERIVED_FROM_COORDINATES;TAXON_MATCH_TAXON_ID_IGNORED
2883079266	50c9509d-22c7-4a22-a47d-8c48425ef4a7	https://www.inaturalist.org/observations/61743269	Fungi	Basidiomycota	Agaricomycetes	Agaricales	Hymenogastraceae	Galerina	Galerina marginata		SPECIES	Galerina marginata (Batsch) Kühner	Galerina marginata		CA		Ontario	PRESENT		28eb1a3f-1c15-4a95-931a-4af90ecb574d	45.457994	-75.468052	4.0						2020-10-04T14:30	4	10	2020	8118872	8118872	HUMAN_OBSERVATION	iNaturalist	Observations	61743269		jonathan_mack	2020-10-05T01:40:13	CC_BY_NC_4_0	jonathan_mack	jonathan_mack			2025-01-14T12:16:00.794Z	StillImage	COORDINATE_ROUNDED;CONTINENT_DERIVED_FROM_COORDINATES;TAXON_MATCH_TAXON_ID_IGNORED
2802898353	50c9509d-22c7-4a22-a47d-8c48425ef4a7	https://www.inaturalist.org/observations/8990621	Fungi	Basidiomycota	Agaricomycetes	Agaricales	Hymenogastraceae	Galerina	Galerina marginata		SPECIES	Galerina marginata (Batsch) Kühner	Galerina marginata		CA		Québec	PRESENT		28eb1a3f-1c15-4a95-931a-4af90ecb574d	45.495918	-75.844138	69.0						2017-10-27T13:28:51	27	10	2017	8118872	8118872	HUMAN_OBSERVATION	iNaturalist	Observations	8990621		else	2017-11-29T23:53:39	CC_BY_4_0	Ryan Hodnett	Ryan Hodnett			2025-01-14T13:54:09.614Z	StillImage	CONTINENT_DERIVED_FROM_COORDINATES;TAXON_MATCH_TAXON_ID_IGNORED
2802891513	50c9509d-22c7-4a22-a47d-8c48425ef4a7	https://www.inaturalist.org/observations/34656353	Fungi	Basidiomycota	Agaricomycetes	Agaricales	Hymenogastraceae	Galerina	Galerina marginata		SPECIES	Galerina marginata (Batsch) Kühner	Galerina marginata		CA		Québec	PRESENT		28eb1a3f-1c15-4a95-931a-4af90ecb574d	45.631225	-75.237614	31.0						2019-10-19T10:21	19	10	2019	8118872	8118872	HUMAN_OBSERVATION	iNaturalist	Observations	34656353		jonathan_mack	2019-10-20T21:46:20	CC_BY_NC_4_0	jonathan_mack	jonathan_mack			2025-01-14T13:09:56.367Z	StillImage	COORDINATE_ROUNDED;CONTINENT_DERIVED_FROM_COORDINATES;TAXON_MATCH_TAXON_ID_IGNORED
2802891372	50c9509d-22c7-4a22-a47d-8c48425ef4a7	https://www.inaturalist.org/observations/17014433	Fungi	Basidiomycota	Agaricomycetes	Agaricales	Hymenogastraceae	Galerina	Galerina marginata		SPECIES	Galerina marginata (Batsch) Kühner	Galerina marginata		CA		Ontario	PRESENT		28eb1a3f-1c15-4a95-931a-4af90ecb574d	45.513538	-75.340036	141.0						2018-09-22T13:28	22	9	2018	8118872	8118872	HUMAN_OBSERVATION	iNaturalist	Observations	17014433		jonathan_mack	2018-09-29T12:04:11	CC_BY_NC_4_0	jonathan_mack	jonathan_mack			2025-01-14T12:05:52.358Z	StillImage	COORDINATE_ROUNDED;CONTINENT_DERIVED_FROM_COORDINATES;TAXON_MATCH_TAXON_ID_IGNORED
2802617404	50c9509d-22c7-4a22-a47d-8c48425ef4a7	https://www.inaturalist.org/observations/25854459	Fungi	Basidiomycota	Agaricomycetes	Agaricales	Hymenogastraceae	Galerina	Galerina marginata		SPECIES	Galerina marginata (Batsch) Kühner	Galerina marginata		CA		Ontario	PRESENT		28eb1a3f-1c15-4a95-931a-4af90ecb574d	45.364253	-75.528664	84.0						2019-05-26T13:52	26	5	2019	8118872	8118872	HUMAN_OBSERVATION	iNaturalist	Observations	25854459		jonathan_mack	2019-05-27T03:00:49	CC_BY_NC_4_0	jonathan_mack	jonathan_mack			2025-01-14T13:03:44.344Z	StillImage	COORDINATE_ROUNDED;CONTINENT_DERIVED_FROM_COORDINATES;TAXON_MATCH_TAXON_ID_IGNORED
2802594376	50c9509d-22c7-4a22-a47d-8c48425ef4a7	https://www.inaturalist.org/observations/16475896	Fungi	Basidiomycota	Agaricomycetes	Agaricales	Hymenogastraceae	Galerina	Galerina marginata		SPECIES	Galerina marginata (Batsch) Kühner	Galerina marginata		CA		Ontario	PRESENT		28eb1a3f-1c15-4a95-931a-4af90ecb574d	45.320345	-75.737692	31.0						2015-11-03T16:08	3	11	2015	8118872	8118872	HUMAN_OBSERVATION	iNaturalist	Observations	16475896		jonathan_mack	2018-09-13T01:57:53	CC_BY_NC_4_0	jonathan_mack	jonathan_mack			2025-01-14T12:05:50.229Z	StillImage	COORDINATE_ROUNDED;CONTINENT_DERIVED_FROM_COORDINATES;TAXON_MATCH_TAXON_ID_IGNORED
2802584477	50c9509d-22c7-4a22-a47d-8c48425ef4a7	https://www.inaturalist.org/observations/33923378	Fungi	Basidiomycota	Agaricomycetes	Agaricales	Hymenogastraceae	Galerina	Galerina marginata		SPECIES	Galerina marginata (Batsch) Kühner	Galerina marginata		CA		Ontario	PRESENT		28eb1a3f-1c15-4a95-931a-4af90ecb574d	45.457953	-75.468158	8.0						2019-10-05T14:21	5	10	2019	8118872	8118872	HUMAN_OBSERVATION	iNaturalist	Observations	33923378		jonathan_mack	2019-10-05T23:58:22	CC_BY_NC_4_0	jonathan_mack	jonathan_mack			2025-01-14T13:04:40.954Z	StillImage	COORDINATE_ROUNDED;CONTINENT_DERIVED_FROM_COORDINATES;TAXON_MATCH_TAXON_ID_IGNORED
2802535366	50c9509d-22c7-4a22-a47d-8c48425ef4a7	https://www.inaturalist.org/observations/16187446	Fungi	Basidiomycota	Agaricomycetes	Agaricales	Hymenogastraceae	Galerina	Galerina marginata		SPECIES	Galerina marginata (Batsch) Kühner	Galerina marginata		CA		Ontario	PRESENT		28eb1a3f-1c15-4a95-931a-4af90ecb574d	45.45773	-75.467781	30.0						2014-10-05T16:04	5	10	2014	8118872	8118872	HUMAN_OBSERVATION	iNaturalist	Observations	16187446		jonathan_mack	2018-09-04T00:04:33	CC_BY_NC_4_0	jonathan_mack	jonathan_mack			2025-01-14T13:00:46.506Z	StillImage	COORDINATE_ROUNDED;CONTINENT_DERIVED_FROM_COORDINATES;TAXON_MATCH_TAXON_ID_IGNORED
2429338748	50c9509d-22c7-4a22-a47d-8c48425ef4a7	https://www.inaturalist.org/observations/33723548	Fungi	Basidiomycota	Agaricomycetes	Agaricales	Hymenogastraceae	Galerina	Galerina marginata		SPECIES	Galerina marginata (Batsch) Kühner	Galerina marginata		CA		Ontario	PRESENT		28eb1a3f-1c15-4a95-931a-4af90ecb574d	45.44598	-75.65185	31.0						2019-09-30T11:01	30	9	2019	8118872	8118872	HUMAN_OBSERVATION	iNaturalist	Observations	33723548		Ryan Patrick	2019-10-01T23:15:52	CC_BY_NC_4_0	Mike Leveille	Mike Leveille			2025-01-14T12:09:37.881Z	StillImage	COORDINATE_ROUNDED;CONTINENT_DERIVED_FROM_COORDINATES;TAXON_MATCH_TAXON_ID_IGNORED
2429327301	50c9509d-22c7-4a22-a47d-8c48425ef4a7	https://www.inaturalist.org/observations/33689636	Fungi	Basidiomycota	Agaricomycetes	Agaricales	Hymenogastraceae	Galerina	Galerina marginata		SPECIES	Galerina marginata (Batsch) Kühner	Galerina marginata		CA		Ontario	PRESENT		28eb1a3f-1c15-4a95-931a-4af90ecb574d	45.268333	-75.809662							2019-09-30T16:37:46	30	9	2019	8118872	8118872	HUMAN_OBSERVATION	iNaturalist	Observations	33689636		Alexis Williams	2019-10-01T06:29:31	CC_BY_4_0	Alexis Williams	Alexis Williams			2025-01-14T13:05:00.867Z	StillImage	COORDINATE_ROUNDED;CONTINENT_DERIVED_FROM_COORDINATES;TAXON_MATCH_TAXON_ID_IGNORED
2429264802	50c9509d-22c7-4a22-a47d-8c48425ef4a7	https://www.inaturalist.org/observations/33461557	Fungi	Basidiomycota	Agaricomycetes	Agaricales	Hymenogastraceae	Galerina	Galerina marginata		SPECIES	Galerina marginata (Batsch) Kühner	Galerina marginata		CA		Québec	PRESENT		28eb1a3f-1c15-4a95-931a-4af90ecb574d	46.833484	-71.308927	2.0						2019-09-21	21	9	2019	8118872	8118872	HUMAN_OBSERVATION	iNaturalist	Observations	33461557		Matt Welter	2019-09-27T15:08:26	CC_BY_NC_4_0	Ludo Leclerc	Ludo Leclerc			2025-01-14T12:59:36.541Z	StillImage	COORDINATE_ROUNDED;CONTINENT_DERIVED_FROM_COORDINATES;TAXON_MATCH_TAXON_ID_IGNORED
2423611639	21705170-d2b6-42de-8904-c3bca4b83591	CMMF018604	Fungi	Basidiomycota	Agaricomycetes	Agaricales	Hymenogastraceae	Galerina	Galerina marginata		SPECIES	Galerina autumnalis (Peck) A.H.Sm. & Singer	Galerina autumnalis (Peck) A.H. Sm. & Singer	(Peck) A.H. Sm. & Singer	CA	SBUM	Québec	PRESENT		ff7bd5db-b724-4932-b496-10ea298851f9	45.988108	-74.005679	2500.0						1987-09-20	20	9	1987	2533854	8118872	PRESERVED_SPECIMEN	Université de Montréal Biodiversity Centre	CMMF	CMMF018604	s.n.	Nantel, Patrick		CC0_1_0	Université de Montréal Biodiversity Centre	Nantel, Patrick			2024-01-24T16:38:18.437Z		INSTITUTION_MATCH_FUZZY;COLLECTION_MATCH_FUZZY;DIFFERENT_OWNER_INSTITUTION
2252057872	50c9509d-22c7-4a22-a47d-8c48425ef4a7	https://www.inaturalist.org/observations/26420120	Fungi	Basidiomycota	Agaricomycetes	Agaricales	Hymenogastraceae	Galerina	Galerina marginata		SPECIES	Galerina marginata (Batsch) Kühner	Galerina marginata		CA		Ontario	PRESENT		28eb1a3f-1c15-4a95-931a-4af90ecb574d	45.01704	-75.484154	70.0						2019-06-04T12:45	4	6	2019	8118872	8118872	HUMAN_OBSERVATION	iNaturalist	Observations	26420120		jonathan_mack	2019-06-05T02:08:05	CC_BY_NC_4_0	jonathan_mack	jonathan_mack			2025-01-14T12:59:45.345Z	StillImage	COORDINATE_ROUNDED;CONTINENT_DERIVED_FROM_COORDINATES;TAXON_MATCH_TAXON_ID_IGNORED
2006037249	50c9509d-22c7-4a22-a47d-8c48425ef4a7	https://www.inaturalist.org/observations/20259366	Fungi	Basidiomycota	Agaricomycetes	Agaricales	Hymenogastraceae	Galerina	Galerina marginata		SPECIES	Galerina marginata (Batsch) Kühner	Galerina marginata		CA		Ontario	PRESENT		28eb1a3f-1c15-4a95-931a-4af90ecb574d	45.460026	-75.462614	164.0						2009-10-12T15:49	12	10	2009	8118872	8118872	HUMAN_OBSERVATION	iNaturalist	Observations	20259366		jonathan_mack	2019-02-10T19:28:21	CC_BY_NC_4_0	jonathan_mack	jonathan_mack			2025-01-14T12:59:09.999Z	StillImage	COORDINATE_ROUNDED;CONTINENT_DERIVED_FROM_COORDINATES;TAXON_MATCH_TAXON_ID_IGNORED
1932356186	50c9509d-22c7-4a22-a47d-8c48425ef4a7	https://www.inaturalist.org/observations/17842513	Fungi	Basidiomycota	Agaricomycetes	Agaricales	Hymenogastraceae	Galerina	Galerina marginata		SPECIES	Galerina marginata (Batsch) Kühner	Galerina marginata		CA		Ontario	PRESENT		28eb1a3f-1c15-4a95-931a-4af90ecb574d	45.633725	-77.069295	91.0						2018-10-24T13:40	24	10	2018	8118872	8118872	HUMAN_OBSERVATION	iNaturalist	Observations	17842513		jonathan_mack	2018-10-26T02:03:49	CC_BY_NC_4_0	jonathan_mack	jonathan_mack			2025-01-14T13:00:40.981Z	StillImage	COORDINATE_ROUNDED;CONTINENT_DERIVED_FROM_COORDINATES;TAXON_MATCH_TAXON_ID_IGNORED
1920824404	50c9509d-22c7-4a22-a47d-8c48425ef4a7	https://www.inaturalist.org/observations/17334837	Fungi	Basidiomycota	Agaricomycetes	Agaricales	Hymenogastraceae	Galerina	Galerina marginata		SPECIES	Galerina marginata (Batsch) Kühner	Galerina marginata		CA		Ontario	PRESENT		28eb1a3f-1c15-4a95-931a-4af90ecb574d	45.365772	-75.528244							2018-10-07T14:49	7	10	2018	8118872	8118872	HUMAN_OBSERVATION	iNaturalist	Observations	17334837		jonathan_mack	2018-10-08T23:21:21	CC_BY_NC_4_0	jonathan_mack	jonathan_mack			2025-01-14T12:05:55.457Z	StillImage	COORDINATE_ROUNDED;CONTINENT_DERIVED_FROM_COORDINATES;TAXON_MATCH_TAXON_ID_IGNORED
1807262059	e8a25a42-f125-476c-8554-3ec21cd51a84	ACAD:118967	Fungi	Basidiomycota	Agaricomycetes	Agaricales	Hymenogastraceae	Galerina	Galerina marginata		SPECIES	Galerina marginata (Batsch) Kühner	Galerina marginata (Batsch) Kuhner	(Batsch) Kuhner	CA	Fredericton	New Brunswick	PRESENT		6491ad8c-8e49-4bd4-a089-0ddb3bbe0890	45.945278	-66.666667							1959-09-04	4	9	1959	8118872	8118872	PRESERVED_SPECIMEN	Acadia University	ACAD	7668F	7668			CC0_1_0	Acadia University	Party, Congress			2024-01-25T01:37:12.769Z	StillImage	COORDINATE_ROUNDED;GEODETIC_DATUM_INVALID;GEODETIC_DATUM_ASSUMED_WGS84;TAXON_MATCH_TAXON_ID_IGNORED;INSTITUTION_MATCH_FUZZY;COLLECTION_MATCH_FUZZY
1412705960	21705170-d2b6-42de-8904-c3bca4b83591	CMMF014392	Fungi	Basidiomycota	Agaricomycetes	Agaricales	Hymenogastraceae	Galerina	Galerina marginata		SPECIES	Galerina autumnalis (Peck) A.H.Sm. & Singer	Galerina autumnalis (Peck) A.H. Sm. & Singer	(Peck) A.H. Sm. & Singer	CA	Shipshaw, Québec.	Québec	PRESENT		ff7bd5db-b724-4932-b496-10ea298851f9	48.466834	-71.263421	2500.0						1989-10-01	1	10	1989	2533854	8118872	PRESERVED_SPECIMEN	Université de Montréal Biodiversity Centre	CMMF	CMMF014392	2235	Guérin, Gérard		CC0_1_0	Université de Montréal Biodiversity Centre	Guérin, Gérard			2024-01-24T16:38:19.533Z	StillImage	INSTITUTION_MATCH_FUZZY;COLLECTION_MATCH_FUZZY;DIFFERENT_OWNER_INSTITUTION
1412705955	21705170-d2b6-42de-8904-c3bca4b83591	CMMF014394	Fungi	Basidiomycota	Agaricomycetes	Agaricales	Hymenogastraceae	Galerina	Galerina marginata		SPECIES	Galerina marginata (Batsch) Kühner	Galerina marginata (Batsch) Kühner	(Batsch) Kühner	CA	Lac Kenogami, Québec.	Québec	PRESENT		ff7bd5db-b724-4932-b496-10ea298851f9	48.323075	-71.334535	20000.0						1989-09-24	24	9	1989	8118872	8118872	PRESERVED_SPECIMEN	Université de Montréal Biodiversity Centre	CMMF	CMMF014394	NA	Guérin, Gérard		CC0_1_0	Université de Montréal Biodiversity Centre	Guérin, Gérard			2024-01-24T16:38:19.532Z		INSTITUTION_MATCH_FUZZY;COLLECTION_MATCH_FUZZY;DIFFERENT_OWNER_INSTITUTION
1412705924	21705170-d2b6-42de-8904-c3bca4b83591	CMMF014395	Fungi	Basidiomycota	Agaricomycetes	Agaricales	Hymenogastraceae	Galerina	Galerina marginata		SPECIES	Galerina marginata (Batsch) Kühner	Galerina marginata (Batsch) Kühner	(Batsch) Kühner	CA	Shipshaw, Québec.	Québec	PRESENT		ff7bd5db-b724-4932-b496-10ea298851f9	48.466834	-71.263421	2500.0						1989-10-08	8	10	1989	8118872	8118872	PRESERVED_SPECIMEN	Université de Montréal Biodiversity Centre	CMMF	CMMF014395	NA	Guérin, Gérard		CC0_1_0	Université de Montréal Biodiversity Centre	Larouche, Benoît			2024-01-24T16:38:19.533Z		INSTITUTION_MATCH_FUZZY;COLLECTION_MATCH_FUZZY;DIFFERENT_OWNER_INSTITUTION
1412705851	21705170-d2b6-42de-8904-c3bca4b83591	CMMF014393	Fungi	Basidiomycota	Agaricomycetes	Agaricales	Hymenogastraceae	Galerina	Galerina marginata		SPECIES	Galerina marginata (Batsch) Kühner	Galerina marginata (Batsch) Kühner	(Batsch) Kühner	CA	Shipshaw, Québec.	Québec	PRESENT		ff7bd5db-b724-4932-b496-10ea298851f9	48.466834	-71.263421	2500.0						1984-05-29	29	5	1984	8118872	8118872	PRESERVED_SPECIMEN	Université de Montréal Biodiversity Centre	CMMF	CMMF014393	NA	Guérin, Gérard		CC0_1_0	Université de Montréal Biodiversity Centre	Guérin, Gérard			2024-01-24T16:38:19.529Z		INSTITUTION_MATCH_FUZZY;COLLECTION_MATCH_FUZZY;DIFFERENT_OWNER_INSTITUTION
1135070798	21705170-d2b6-42de-8904-c3bca4b83591	CMMF009410	Fungi	Basidiomycota	Agaricomycetes	Agaricales	Hymenogastraceae	Galerina	Galerina marginata		SPECIES	Galerina marginata (Batsch) Kühner	Galerina marginata (Batsch) Kühner	(Batsch) Kühner	CA	Containers Ouest, Lac-Beauport.	Québec	PRESENT		ff7bd5db-b724-4932-b496-10ea298851f9	46.953091	-71.306427	5000.0						2006-10-20	20	10	2006	8118872	8118872	PRESERVED_SPECIMEN	Université de Montréal Biodiversity Centre	CMMF	CMMF009410	994	Labrecque, Jacqueline		CC0_1_0	Université de Montréal Biodiversity Centre	Labrecque, Jacqueline			2024-01-24T16:38:21.691Z		INSTITUTION_MATCH_FUZZY;COLLECTION_MATCH_FUZZY;DIFFERENT_OWNER_INSTITUTION
1135070728	21705170-d2b6-42de-8904-c3bca4b83591	CMMF009227	Fungi	Basidiomycota	Agaricomycetes	Agaricales	Hymenogastraceae	Galerina	Galerina marginata		SPECIES	Galerina marginata (Batsch) Kühner	Galerina marginata (Batsch) Kühner	(Batsch) Kühner	CA	Chemin Chapelle, Lac-Beauport.	Québec	PRESENT		ff7bd5db-b724-4932-b496-10ea298851f9	46.949281	-71.284722	250.0						2006-09-20	20	9	2006	8118872	8118872	PRESERVED_SPECIMEN	Université de Montréal Biodiversity Centre	CMMF	CMMF009227	811	Labrecque, Jacqueline		CC0_1_0	Université de Montréal Biodiversity Centre	Labrecque, Jacqueline			2024-01-24T16:38:21.490Z	StillImage	INSTITUTION_MATCH_FUZZY;COLLECTION_MATCH_FUZZY;DIFFERENT_OWNER_INSTITUTION
1135070671	21705170-d2b6-42de-8904-c3bca4b83591	CMMF009222	Fungi	Basidiomycota	Agaricomycetes	Agaricales	Hymenogastraceae	Galerina	Galerina marginata		SPECIES	Galerina marginata (Batsch) Kühner	Galerina marginata (Batsch) Kühner	(Batsch) Kühner	CA	Containers Ouest, Lac-Beauport.	Québec	PRESENT		ff7bd5db-b724-4932-b496-10ea298851f9	46.953091	-71.306427	5000.0						2006-09-17	17	9	2006	8118872	8118872	PRESERVED_SPECIMEN	Université de Montréal Biodiversity Centre	CMMF	CMMF009222	806	Labrecque, Jacqueline; Labbé, Roland		CC0_1_0	Université de Montréal Biodiversity Centre	Labrecque, Jacqueline			2024-01-24T16:38:21.511Z	StillImage	INSTITUTION_MATCH_FUZZY;COLLECTION_MATCH_FUZZY;DIFFERENT_OWNER_INSTITUTION
1135068189	21705170-d2b6-42de-8904-c3bca4b83591	CMMF006637	Fungi	Basidiomycota	Agaricomycetes	Agaricales	Hymenogastraceae	Galerina	Galerina marginata		SPECIES	Galerina marginata (Batsch) Kühner	Galerina marginata (Batsch) Kühner	(Batsch) Kühner	CA	Oka (Forêt de Kanesatake)	Québec	PRESENT		ff7bd5db-b724-4932-b496-10ea298851f9	45.47015	-74.0873	100.0						1983-10-09	9	10	1983	8118872	8118872	PRESERVED_SPECIMEN	Université de Montréal Biodiversity Centre	CMMF	CMMF006637	1600	McNeil, Raymond		CC0_1_0	Université de Montréal Biodiversity Centre	McNeil, Raymond			2024-01-24T16:38:18.425Z	StillImage	INSTITUTION_MATCH_FUZZY;COLLECTION_MATCH_FUZZY;DIFFERENT_OWNER_INSTITUTION
1135068159	21705170-d2b6-42de-8904-c3bca4b83591	CMMF006681	Fungi	Basidiomycota	Agaricomycetes	Agaricales	Hymenogastraceae	Galerina	Galerina marginata		SPECIES	Galerina marginata (Batsch) Kühner	Galerina marginata (Batsch) Kühner	(Batsch) Kühner	CA	St-Élie-de-Caxton	Québec	PRESENT		ff7bd5db-b724-4932-b496-10ea298851f9	46.4922	-72.9619	100.0						1981-09-26	26	9	1981	8118872	8118872	PRESERVED_SPECIMEN	Université de Montréal Biodiversity Centre	CMMF	CMMF006681	1346	McNeil, Raymond		CC0_1_0	Université de Montréal Biodiversity Centre	McNeil, Raymond			2024-01-24T16:38:18.462Z	StillImage	INSTITUTION_MATCH_FUZZY;COLLECTION_MATCH_FUZZY;DIFFERENT_OWNER_INSTITUTION
1135067598	21705170-d2b6-42de-8904-c3bca4b83591	CMMF006135	Fungi	Basidiomycota	Agaricomycetes	Agaricales	Hymenogastraceae	Galerina	Galerina marginata		SPECIES	Galerina marginata (Batsch) Kühner	Galerina marginata (Batsch) Kühner	(Batsch) Kühner	CA	Châteauguay	Québec	PRESENT		ff7bd5db-b724-4932-b496-10ea298851f9	45.35433	-73.774083	100.0						2008-10-07	7	10	2008	8118872	8118872	PRESERVED_SPECIMEN	Université de Montréal Biodiversity Centre	CMMF	CMMF006135	C3455	McNeil, Raymond		CC0_1_0	Université de Montréal Biodiversity Centre	McNeil, Raymond			2024-01-24T16:38:18.823Z	StillImage	COORDINATE_ROUNDED;INSTITUTION_MATCH_FUZZY;COLLECTION_MATCH_FUZZY;DIFFERENT_OWNER_INSTITUTION
1135067571	21705170-d2b6-42de-8904-c3bca4b83591	CMMF006064	Fungi	Basidiomycota	Agaricomycetes	Agaricales	Hymenogastraceae	Galerina	Galerina marginata		SPECIES	Galerina marginata (Batsch) Kühner	Galerina marginata (Batsch) Kühner	(Batsch) Kühner	CA	Châteauguay	Québec	PRESENT		ff7bd5db-b724-4932-b496-10ea298851f9	45.349833	-73.771	100.0						2005-09-22	22	9	2005	8118872	8118872	PRESERVED_SPECIMEN	Université de Montréal Biodiversity Centre	CMMF	CMMF006064	C2539	McNeil, Raymond		CC0_1_0	Université de Montréal Biodiversity Centre	McNeil, Raymond			2024-01-24T16:38:17.927Z	StillImage	COORDINATE_ROUNDED;INSTITUTION_MATCH_FUZZY;COLLECTION_MATCH_FUZZY;DIFFERENT_OWNER_INSTITUTION
1135066726	21705170-d2b6-42de-8904-c3bca4b83591	CMMF010148	Fungi	Basidiomycota	Agaricomycetes	Agaricales	Hymenogastraceae	Galerina	Galerina marginata		SPECIES	Galerina marginata (Batsch) Kühner	Galerina marginata (Batsch) Kühner	(Batsch) Kühner	CA	Chemin de la Chapelle sud, Lac-Beauport.	Québec	PRESENT		ff7bd5db-b724-4932-b496-10ea298851f9	46.948621	-71.283499	150.0						2007-10-05	5	10	2007	8118872	8118872	PRESERVED_SPECIMEN	Université de Montréal Biodiversity Centre	CMMF	CMMF010148	1734	Labrecque, Jacqueline		CC0_1_0	Université de Montréal Biodiversity Centre	Labrecque, Jacqueline			2024-01-24T16:38:20.269Z		INSTITUTION_MATCH_FUZZY;COLLECTION_MATCH_FUZZY;DIFFERENT_OWNER_INSTITUTION
1135066725	21705170-d2b6-42de-8904-c3bca4b83591	CMMF010149	Fungi	Basidiomycota	Agaricomycetes	Agaricales	Hymenogastraceae	Galerina	Galerina marginata		SPECIES	Galerina marginata (Batsch) Kühner	Galerina marginata (Batsch) Kühner	(Batsch) Kühner	CA	Chemin de la Chapelle sud, Lac-Beauport.	Québec	PRESENT		ff7bd5db-b724-4932-b496-10ea298851f9	46.948621	-71.283499	150.0						2007-10-05	5	10	2007	8118872	8118872	PRESERVED_SPECIMEN	Université de Montréal Biodiversity Centre	CMMF	CMMF010149	1735	Labbé, Roland		CC0_1_0	Université de Montréal Biodiversity Centre	Labrecque, Jacqueline			2024-01-24T16:38:20.270Z		INSTITUTION_MATCH_FUZZY;COLLECTION_MATCH_FUZZY;DIFFERENT_OWNER_INSTITUTION
1135066576	21705170-d2b6-42de-8904-c3bca4b83591	CMMF010008	Fungi	Basidiomycota	Agaricomycetes	Agaricales	Hymenogastraceae	Galerina	Galerina marginata		SPECIES	Galerina marginata (Batsch) Kühner	Galerina marginata (Batsch) Kühner	(Batsch) Kühner	CA	Réserve Tantaré, Stoneham. Récolte autorisée pour fin d'inventaire (étude).	Québec	PRESENT		ff7bd5db-b724-4932-b496-10ea298851f9	47.069562	-71.537331	2000.0						2007-09-16	16	9	2007	8118872	8118872	PRESERVED_SPECIMEN	Université de Montréal Biodiversity Centre	CMMF	CMMF010008	1593	Labrecque, Jacqueline		CC0_1_0	Université de Montréal Biodiversity Centre	Labrecque, Jacqueline			2024-01-24T16:38:20.153Z		INSTITUTION_MATCH_FUZZY;COLLECTION_MATCH_FUZZY;DIFFERENT_OWNER_INSTITUTION
1024558939	21705170-d2b6-42de-8904-c3bca4b83591	CMMF004580	Fungi	Basidiomycota	Agaricomycetes	Agaricales	Hymenogastraceae	Galerina	Galerina marginata		SPECIES	Galerina marginata (Batsch) Kühner	Galerina marginata (Batsch) Kühner	(Batsch) Kühner	CA	Réserve écologique du Boisé-des-Muir, Hinchinbrooke.	Québec	PRESENT		ff7bd5db-b724-4932-b496-10ea298851f9	45.085533	-74.113119	10.0						2012-09-30	30	9	2012	8118872	8118872	PRESERVED_SPECIMEN	Université de Montréal Biodiversity Centre	CMMF	CMMF004580	626	Turgon, Jean-Pierre		CC0_1_0	Université de Montréal Biodiversity Centre	Langlois, Annabelle; Turgon, Jean-Pierre			2024-01-24T16:38:19.843Z	StillImage	INSTITUTION_MATCH_FUZZY;COLLECTION_MATCH_FUZZY;DIFFERENT_OWNER_INSTITUTION
