gbifID	datasetKey	occurrenceID	kingdom	phylum	class	order	family	genus	species	infraspecificEpithet	taxonRank	scientificName	verbatimScientificName	verbatimScientificNameAuthorship	countryCode	locality	stateProvince	occurrenceStatus	individualCount	publishingOrgKey	decimalLatitude	decimalLongitude	coordinateUncertaintyInMeters	coordinatePrecision	elevation	elevationAccuracy	depth	depthAccuracy	eventDate	day	month	year	taxonKey	speciesKey	basisOfRecord	institutionCode	collectionCode	catalogNumber	recordNumber	identifiedBy	dateIdentified	license	rightsHolder	recordedBy	typeStatus	establishmentMeans	lastInterpreted	mediaType	issue
617554366	21705170-d2b6-42de-8904-c3bca4b83591	CMMF004016	Fungi	Basidiomycota	Agaricomycetes	Thelephorales	Bankeraceae	Sarcodon	Sarcodon stereosarcinon		SPECIES	Sarcodon stereosarcinon Wehm.	Sarcodon stereosarcinon Wehm.	Wehm.	CA	Sainte-Béatrix	Québec	PRESENT		ff7bd5db-b724-4932-b496-10ea298851f9	46.194291	-73.619583	6000.0						2006-07-05	5	7	2006	5238857	5238857	PRESERVED_SPECIMEN	Université de Montréal Biodiversity Centre	CMMF	CMMF004016		Lamoureux, Yves		CC0_1_0	Université de Montréal Biodiversity Centre	Lamoureux, Yves			2024-01-24T16:38:18.454Z	StillImage	INSTITUTION_MATCH_FUZZY;COLLECTION_MATCH_FUZZY;DIFFERENT_OWNER_INSTITUTION
617553987	21705170-d2b6-42de-8904-c3bca4b83591	CMMF003849	Fungi	Basidiomycota	Agaricomycetes	Thelephorales	Bankeraceae	Sarcodon	Sarcodon stereosarcinon		SPECIES	Sarcodon stereosarcinon Wehm.	Sarcodon stereosarcinon Wehm.	Wehm.	CA	Saint-Alphonse-Rodriguez	Québec	PRESENT		ff7bd5db-b724-4932-b496-10ea298851f9	46.183333	-73.7	7500.0						2004-07-22	22	7	2004	5238857	5238857	PRESERVED_SPECIMEN	Université de Montréal Biodiversity Centre	CMMF	CMMF003849		Lamoureux, Yves		CC0_1_0	Université de Montréal Biodiversity Centre	Lamoureux, Yves			2024-01-24T16:38:16.518Z	StillImage	INSTITUTION_MATCH_FUZZY;COLLECTION_MATCH_FUZZY;DIFFERENT_OWNER_INSTITUTION
617553065	21705170-d2b6-42de-8904-c3bca4b83591	CMMF003430	Fungi	Basidiomycota	Agaricomycetes	Thelephorales	Bankeraceae	Sarcodon	Sarcodon stereosarcinon		SPECIES	Sarcodon stereosarcinon Wehm.	Sarcodon stereosarcinon Wehm.	Wehm.	CA	Rawdon	Québec	PRESENT		ff7bd5db-b724-4932-b496-10ea298851f9	46.052398	-73.748752	11000.0						2000-07-13	13	7	2000	5238857	5238857	PRESERVED_SPECIMEN	Université de Montréal Biodiversity Centre	CMMF	CMMF003430		Lamoureux, Yves		CC0_1_0	Université de Montréal Biodiversity Centre	Lamoureux, Yves			2024-01-24T16:38:17.055Z	StillImage	INSTITUTION_MATCH_FUZZY;COLLECTION_MATCH_FUZZY;DIFFERENT_OWNER_INSTITUTION
617548023	21705170-d2b6-42de-8904-c3bca4b83591	CMMF001224	Fungi	Basidiomycota	Agaricomycetes	Thelephorales	Bankeraceae	Sarcodon	Sarcodon stereosarcinon		SPECIES	Sarcodon stereosarcinon Wehm.	Sarcodon stereosarcinon Wehm.	Wehm.	CA	Saint-Herménégilde	Québec	PRESENT		ff7bd5db-b724-4932-b496-10ea298851f9	45.105574	-71.672847	3000.0						1990-09-14	14	9	1990	5238857	5238857	PRESERVED_SPECIMEN	Université de Montréal Biodiversity Centre	CMMF	CMMF001224		Lamoureux, Yves		CC0_1_0	Université de Montréal Biodiversity Centre	Lamoureux, Yves			2024-01-24T16:38:16.537Z	StillImage	INSTITUTION_MATCH_FUZZY;COLLECTION_MATCH_FUZZY;DIFFERENT_OWNER_INSTITUTION
4440705983	50c9509d-22c7-4a22-a47d-8c48425ef4a7	https://www.inaturalist.org/observations/190500628	Fungi	Basidiomycota	Agaricomycetes	Thelephorales	Bankeraceae	Sarcodon	Sarcodon stereosarcinon		SPECIES	Hydnellum stereosarcinon (Wehm.) Stalpers	Hydnellum stereosarcinon		CA		Nova Scotia	PRESENT		28eb1a3f-1c15-4a95-931a-4af90ecb574d	45.219179	-64.436647	629.0						2023-10-14T22:45:31	14	10	2023	5238858	5238857	HUMAN_OBSERVATION	iNaturalist	Observations	190500628		beccam333	2024-06-18T01:47:11	CC_BY_NC_4_0	beccam333	beccam333			2025-01-14T12:42:47.546Z	StillImage	COORDINATE_ROUNDED;CONTINENT_DERIVED_FROM_COORDINATES;TAXON_MATCH_TAXON_ID_IGNORED
4166313590	695cef75-b65f-4776-b2ed-74565eebb16e	02-01000917398	Fungi	Basidiomycota	Agaricomycetes	Thelephorales	Bankeraceae	Sarcodon	Sarcodon stereosarcinon		SPECIES	Hydnum stereosarcinon (Wehm.) K.A.Harrison	Hydnum stereosarcinon	(Wehm.) K.A. Harrison	CA	Chambord	Quebec	PRESENT		055bd978-2daa-4543-b3f0-44e0e87e86ca	48.4	-72.0							1982-08-22	22	8	1982	2522364	5238857	PRESERVED_SPECIMEN	AAFC	DAOM	186895		Y. Dalpé		CC_BY_4_0	©His Majesty the King in Right of Canada, as represented by the Minister of Agriculture and Agri-Food	Y. Dalpé & C. Babcock 117			2025-01-12T05:11:16.484Z		GEODETIC_DATUM_ASSUMED_WGS84;CONTINENT_DERIVED_FROM_COORDINATES;TAXON_MATCH_TAXON_ID_IGNORED;INSTITUTION_MATCH_FUZZY
4100048283	d1a3b128-b406-46bb-a6d1-f3591dcc8a7b	e32fbc3e-faca-4354-95d6-1d0a0261f44d	Fungi	Basidiomycota	Agaricomycetes	Thelephorales	Bankeraceae	Sarcodon	Sarcodon stereosarcinon		SPECIES	Hydnum stereosarcinon (Wehm.) K.A.Harrison	Hydnum stereosarcinon	(Wehm.) K.A. Harrison	CA	Cape Split	Nova Scotia	PRESENT		e43cf4b8-849e-4fac-b075-e652d019d2cf	45.333333	-64.5	602.0						1956-09-12	12	9	1956	2522364	5238857	PRESERVED_SPECIMEN	BPI		BPI 260201	2266	Harrison K.		CC0_1_0		Harrison K. A.			2025-01-15T04:59:25.317Z		GEODETIC_DATUM_ASSUMED_WGS84;CONTINENT_DERIVED_FROM_COORDINATES;TAXON_MATCH_TAXON_ID_IGNORED;INSTITUTION_MATCH_FUZZY
4100048282	d1a3b128-b406-46bb-a6d1-f3591dcc8a7b	f423c12f-c76f-4afb-9fe6-81a60190d02b	Fungi	Basidiomycota	Agaricomycetes	Thelephorales	Bankeraceae	Sarcodon	Sarcodon stereosarcinon		SPECIES	Hydnum stereosarcinon (Wehm.) K.A.Harrison	Hydnum stereosarcinon	(Wehm.) K.A. Harrison	CA	Glenmont	Nova Scotia	PRESENT		e43cf4b8-849e-4fac-b075-e652d019d2cf	45.186944	-64.493889	301.0						1953-10-14	14	10	1953	2522364	5238857	PRESERVED_SPECIMEN	BPI		BPI 260190		Harrison K. A.		CC0_1_0		Harrison K. A.			2025-01-15T04:59:25.342Z		GEODETIC_DATUM_ASSUMED_WGS84;CONTINENT_DERIVED_FROM_COORDINATES;TAXON_MATCH_TAXON_ID_IGNORED;INSTITUTION_MATCH_FUZZY
4099928315	d1a3b128-b406-46bb-a6d1-f3591dcc8a7b	6be4d889-bff4-4204-a489-51682a308f9b	Fungi	Basidiomycota	Agaricomycetes	Thelephorales	Bankeraceae	Sarcodon	Sarcodon stereosarcinon		SPECIES	Hydnum stereosarcinon (Wehm.) K.A.Harrison	Hydnum stereosarcinon	(Wehm.) K.A. Harrison	CA	Parrsboro	Nova Scotia	PRESENT		e43cf4b8-849e-4fac-b075-e652d019d2cf	45.4	-64.316667	4186.0						1953-08-08	8	8	1953	2522364	5238857	PRESERVED_SPECIMEN	BPI		BPI 260464	2258	Harrison K. A.		CC0_1_0		Harrison K. A.			2025-01-15T04:59:25.155Z		GEODETIC_DATUM_ASSUMED_WGS84;CONTINENT_DERIVED_FROM_COORDINATES;TAXON_MATCH_TAXON_ID_IGNORED;INSTITUTION_MATCH_FUZZY
4099921281	d1a3b128-b406-46bb-a6d1-f3591dcc8a7b	771e1075-1114-4939-b64a-e0085b0847ca	Fungi	Basidiomycota	Agaricomycetes	Thelephorales	Bankeraceae	Sarcodon	Sarcodon stereosarcinon		SPECIES	Hydnum stereosarcinon (Wehm.) K.A.Harrison	Hydnum stereosarcinon	(Wehm.) K.A. Harrison	CA	Glenmont	Nova Scotia	PRESENT		e43cf4b8-849e-4fac-b075-e652d019d2cf	45.186944	-64.493889	301.0						1953-10-14	14	10	1953	2522364	5238857	PRESERVED_SPECIMEN	BPI		BPI 260200	2265	Harrison K.		CC0_1_0		Harrison K. A.			2025-01-15T04:59:25.528Z		GEODETIC_DATUM_ASSUMED_WGS84;CONTINENT_DERIVED_FROM_COORDINATES;TAXON_MATCH_TAXON_ID_IGNORED;INSTITUTION_MATCH_FUZZY
4099921280	d1a3b128-b406-46bb-a6d1-f3591dcc8a7b	d33631b2-1006-4979-b247-ace7cb7f8285	Fungi	Basidiomycota	Agaricomycetes	Thelephorales	Bankeraceae	Sarcodon	Sarcodon stereosarcinon		SPECIES	Hydnum stereosarcinon (Wehm.) K.A.Harrison	Hydnum stereosarcinon	(Wehm.) K.A. Harrison	CA	Cape Split	Nova Scotia	PRESENT		e43cf4b8-849e-4fac-b075-e652d019d2cf	45.333333	-64.5	602.0						1953-09-12	12	9	1953	2522364	5238857	PRESERVED_SPECIMEN	BPI		BPI 260189	2267	Harrison K. A.		CC0_1_0		Harrison K. A.			2025-01-15T04:59:25.434Z		GEODETIC_DATUM_ASSUMED_WGS84;CONTINENT_DERIVED_FROM_COORDINATES;TAXON_MATCH_TAXON_ID_IGNORED;INSTITUTION_MATCH_FUZZY
4099912283	d1a3b128-b406-46bb-a6d1-f3591dcc8a7b	a4852ce8-f0b9-46fb-9bc0-553861ec7b6b	Fungi	Basidiomycota	Agaricomycetes	Thelephorales	Bankeraceae	Sarcodon	Sarcodon stereosarcinon		SPECIES	Hydnum stereosarcinon (Wehm.) K.A.Harrison	Hydnum stereosarcinon	(Wehm.) K.A. Harrison	CA	Casey's Corners	Nova Scotia	PRESENT		e43cf4b8-849e-4fac-b075-e652d019d2cf	45.016667	-64.550343	2736.0						1953-09-30	30	9	1953	2522364	5238857	PRESERVED_SPECIMEN	BPI		BPI 260203	2261	Harrison K.		CC0_1_0		Harrison K. A.			2025-01-15T04:59:25.483Z		CONTINENT_DERIVED_FROM_COORDINATES;TAXON_MATCH_TAXON_ID_IGNORED;INSTITUTION_MATCH_FUZZY
4099699316	d1a3b128-b406-46bb-a6d1-f3591dcc8a7b	be00a7f8-4830-4b2b-8aaa-c12ac0e73b9a	Fungi	Basidiomycota	Agaricomycetes	Thelephorales	Bankeraceae	Sarcodon	Sarcodon stereosarcinon		SPECIES	Hydnum stereosarcinon (Wehm.) K.A.Harrison	Hydnum stereosarcinon	(Wehm.) K.A. Harrison	CA	Cape Split	Nova Scotia	PRESENT		e43cf4b8-849e-4fac-b075-e652d019d2cf	45.333333	-64.5	602.0						1953-09-12	12	9	1953	2522364	5238857	PRESERVED_SPECIMEN	BPI		BPI 260461	2259	Harrison K. A.		CC0_1_0		Harrison K. A.			2025-01-15T04:59:25.348Z		GEODETIC_DATUM_ASSUMED_WGS84;CONTINENT_DERIVED_FROM_COORDINATES;TAXON_MATCH_TAXON_ID_IGNORED;INSTITUTION_MATCH_FUZZY
4099690283	d1a3b128-b406-46bb-a6d1-f3591dcc8a7b	94fda25c-a0b2-4927-8fdd-9e1fe904445f	Fungi	Basidiomycota	Agaricomycetes	Thelephorales	Bankeraceae	Sarcodon	Sarcodon stereosarcinon		SPECIES	Hydnum stereosarcinon (Wehm.) K.A.Harrison	Hydnum stereosarcinon	(Wehm.) K.A. Harrison	CA	Cape Split	Nova Scotia	PRESENT		e43cf4b8-849e-4fac-b075-e652d019d2cf	45.333333	-64.5	602.0						1962-08-21	21	8	1962	2522364	5238857	PRESERVED_SPECIMEN	BPI		BPI 260197		Harrison K.		CC0_1_0		Dick Esther; MCLAUGHLIN D.			2025-01-15T04:59:25.278Z		GEODETIC_DATUM_ASSUMED_WGS84;CONTINENT_DERIVED_FROM_COORDINATES;TAXON_MATCH_TAXON_ID_IGNORED;INSTITUTION_MATCH_FUZZY
4099457318	d1a3b128-b406-46bb-a6d1-f3591dcc8a7b	5c254e2d-afec-451d-a251-91e71fc76534	Fungi	Basidiomycota	Agaricomycetes	Thelephorales	Bankeraceae	Sarcodon	Sarcodon stereosarcinon		SPECIES	Hydnum stereosarcinon (Wehm.) K.A.Harrison	Hydnum stereosarcinon	(Wehm.) K.A. Harrison	CA	Glenmont	Nova Scotia	PRESENT		e43cf4b8-849e-4fac-b075-e652d019d2cf	45.186944	-64.493889	301.0						1953-10-09	9	10	1953	2522364	5238857	PRESERVED_SPECIMEN	BPI		BPI 260463	2263	Harrison K. A.		CC0_1_0		Harrison K. A.			2025-01-15T04:59:25.320Z		GEODETIC_DATUM_ASSUMED_WGS84;CONTINENT_DERIVED_FROM_COORDINATES;TAXON_MATCH_TAXON_ID_IGNORED;INSTITUTION_MATCH_FUZZY
4099456312	d1a3b128-b406-46bb-a6d1-f3591dcc8a7b	0426bffe-3068-4530-ac2a-282ead85cb2d	Fungi	Basidiomycota	Agaricomycetes	Thelephorales	Bankeraceae	Sarcodon	Sarcodon stereosarcinon		SPECIES	Hydnum stereosarcinon (Wehm.) K.A.Harrison	Hydnum stereosarcinon	(Wehm.) K.A. Harrison	CA	Glenmont	Nova Scotia	PRESENT		e43cf4b8-849e-4fac-b075-e652d019d2cf	45.186944	-64.493889	301.0						1952-09-21	21	9	1952	2522364	5238857	PRESERVED_SPECIMEN	BPI		BPI 260460	701	Harrison K. A.		CC0_1_0		Harrison K. A.			2025-01-15T04:59:25.440Z		GEODETIC_DATUM_ASSUMED_WGS84;CONTINENT_DERIVED_FROM_COORDINATES;TAXON_MATCH_TAXON_ID_IGNORED;INSTITUTION_MATCH_FUZZY
4099448284	d1a3b128-b406-46bb-a6d1-f3591dcc8a7b	d2875734-87c5-4a87-895d-202f8f896baf	Fungi	Basidiomycota	Agaricomycetes	Thelephorales	Bankeraceae	Sarcodon	Sarcodon stereosarcinon		SPECIES	Hydnum stereosarcinon (Wehm.) K.A.Harrison	Hydnum stereosarcinon	(Wehm.) K.A. Harrison	CA	Glenmont	Nova Scotia	PRESENT		e43cf4b8-849e-4fac-b075-e652d019d2cf	45.186944	-64.493889	301.0						1953-10-09	9	10	1953	2522364	5238857	PRESERVED_SPECIMEN	BPI		BPI 260210	2268	Harrison K. A.		CC0_1_0		Harrison K. A.			2025-01-15T04:59:25.317Z		GEODETIC_DATUM_ASSUMED_WGS84;CONTINENT_DERIVED_FROM_COORDINATES;TAXON_MATCH_TAXON_ID_IGNORED;INSTITUTION_MATCH_FUZZY
4099442284	d1a3b128-b406-46bb-a6d1-f3591dcc8a7b	52213352-dd4a-49a1-95bf-5002e10fee47	Fungi	Basidiomycota	Agaricomycetes	Thelephorales	Bankeraceae	Sarcodon	Sarcodon stereosarcinon		SPECIES	Hydnum stereosarcinon (Wehm.) K.A.Harrison	Hydnum stereosarcinon	(Wehm.) K.A. Harrison	CA	Glenmont	Nova Scotia	PRESENT		e43cf4b8-849e-4fac-b075-e652d019d2cf	45.186944	-64.493889	301.0						1953-09-20	20	9	1953	2522364	5238857	PRESERVED_SPECIMEN	BPI		BPI 260202	2264			CC0_1_0		Harrison K. A.			2025-01-15T04:59:25.321Z		GEODETIC_DATUM_ASSUMED_WGS84;CONTINENT_DERIVED_FROM_COORDINATES;TAXON_MATCH_TAXON_ID_IGNORED;INSTITUTION_MATCH_FUZZY
4099441286	d1a3b128-b406-46bb-a6d1-f3591dcc8a7b	212989a2-bdc7-419e-bdf3-29e8cd197ff2	Fungi	Basidiomycota	Agaricomycetes	Thelephorales	Bankeraceae	Sarcodon	Sarcodon stereosarcinon		SPECIES	Hydnum stereosarcinon (Wehm.) K.A.Harrison	Hydnum stereosarcinon	(Wehm.) K.A. Harrison	CA	North Mountain, Glenmont, Kings Co.	Nova Scotia	PRESENT		e43cf4b8-849e-4fac-b075-e652d019d2cf	45.186944	-64.493889	2416.0						1962-08-19	19	8	1962	2522364	5238857	PRESERVED_SPECIMEN	BPI		BPI 260209		Harrison K. A.		CC0_1_0		Harrison K. A.			2025-01-15T04:59:25.528Z		CONTINENT_DERIVED_FROM_COORDINATES;TAXON_MATCH_TAXON_ID_IGNORED;INSTITUTION_MATCH_FUZZY
4046410559	50c9509d-22c7-4a22-a47d-8c48425ef4a7	https://www.inaturalist.org/observations/141576457	Fungi	Basidiomycota	Agaricomycetes	Thelephorales	Bankeraceae	Sarcodon	Sarcodon stereosarcinon		SPECIES	Hydnellum stereosarcinon (Wehm.) Stalpers	Hydnellum stereosarcinon		CA		New Brunswick	PRESENT		28eb1a3f-1c15-4a95-931a-4af90ecb574d	45.953944	-66.903571	46.0						2021-08-17T15:23	17	8	2021	5238858	5238857	HUMAN_OBSERVATION	iNaturalist	Observations	141576457		Alfredo Justo	2024-06-18T01:43:56	CC_BY_NC_4_0	Alfredo Justo	Alfredo Justo			2025-01-14T13:26:19.530Z	StillImage	CONTINENT_DERIVED_FROM_COORDINATES;TAXON_MATCH_TAXON_ID_IGNORED
3965624923	0ec61c42-6eda-441e-b327-7ec241c8ec95	d3314ae6-a2e8-4a2e-940d-a5730599fc5f	Fungi	Basidiomycota	Agaricomycetes	Thelephorales	Bankeraceae	Sarcodon	Sarcodon stereosarcinon		SPECIES	Hydnum stereosarcinon (Wehm.) K.A.Harrison	Hydnum stereosarcinon	(Wehm.) K.A. Harrison	CA	Saint Jean Mont Joli	Quebec	PRESENT		00ff478a-9da6-4c8d-b60d-43ee8c88cd1f	45.4	-73.933333							1959-09-05	5	9	1959	2522364	5238857	PRESERVED_SPECIMEN	WSP	WSP	WSP56865		K.A. Harrison		CC_BY_4_0		R.F. Cain			2025-01-15T08:29:28.563Z		GEODETIC_DATUM_ASSUMED_WGS84;CONTINENT_DERIVED_FROM_COORDINATES;TAXON_MATCH_TAXON_ID_IGNORED;AMBIGUOUS_COLLECTION;INSTITUTION_MATCH_FUZZY
3965613853	0ec61c42-6eda-441e-b327-7ec241c8ec95	0febf56c-301f-4d74-b50a-8efc10b352cf	Fungi	Basidiomycota	Agaricomycetes	Thelephorales	Bankeraceae	Sarcodon	Sarcodon stereosarcinon		SPECIES	Hydnum brevipes Coker ex Snell	Hydnum brevipes	(Coker) Snell	CA	Grand Riviere, Gaspe Peninsula	Quebec	PRESENT		00ff478a-9da6-4c8d-b60d-43ee8c88cd1f	48.666667	-65.833333							1959-08-16	16	8	1959	2522363	5238857	PRESERVED_SPECIMEN	WSP	WSP	WSP48912		K.H. Harrison		CC_BY_4_0		W.B. Cooke; V.G.Cooke			2025-01-15T08:28:23.736Z		GEODETIC_DATUM_ASSUMED_WGS84;CONTINENT_DERIVED_FROM_COORDINATES;TAXON_MATCH_TAXON_ID_IGNORED;AMBIGUOUS_COLLECTION;INSTITUTION_MATCH_FUZZY
3456113312	50c9509d-22c7-4a22-a47d-8c48425ef4a7	https://www.inaturalist.org/observations/103161158	Fungi	Basidiomycota	Agaricomycetes	Thelephorales	Bankeraceae	Sarcodon	Sarcodon stereosarcinon		SPECIES	Hydnellum stereosarcinon (Wehm.) Stalpers	Hydnellum stereosarcinon		CA		New Brunswick	PRESENT		28eb1a3f-1c15-4a95-931a-4af90ecb574d	46.385178	-64.649755	298.0						2021-10-01T16:42	1	10	2021	5238858	5238857	HUMAN_OBSERVATION	iNaturalist	Observations	103161158		Stuart Tingley	2024-06-18T01:40:46	CC_BY_NC_4_0	Stuart Tingley	Stuart Tingley			2025-01-14T12:26:29.088Z	StillImage	COORDINATE_ROUNDED;CONTINENT_DERIVED_FROM_COORDINATES;TAXON_MATCH_TAXON_ID_IGNORED
3351658474	d8cd16ba-bb74-4420-821e-083f2bac17c2	MN992524	Fungi	Basidiomycota	Agaricomycetes	Thelephorales	Bankeraceae	Sarcodon	Sarcodon stereosarcinon		SPECIES	Sarcodon stereosarcinon Wehm.	Sarcodon stereosarcinon		CA	Quebec, Anticosti		PRESENT		ada9d123-ddb4-467d-8891-806ea8d94230	49.87	-64.43							2015-09-10	10	9	2015	5238857	5238857	PRESERVED_SPECIMEN			ANT282-QFB28802		Pauline Dube		CC_BY_4_0		Landry, J.			2025-01-18T13:04:48.265Z		GEODETIC_DATUM_ASSUMED_WGS84;CONTINENT_DERIVED_FROM_COORDINATES;TAXON_MATCH_TAXON_CONCEPT_ID_IGNORED;TAXON_MATCH_TAXON_ID_IGNORED
2609070908	50c9509d-22c7-4a22-a47d-8c48425ef4a7	https://www.inaturalist.org/observations/16831006	Fungi	Basidiomycota	Agaricomycetes	Thelephorales	Bankeraceae	Sarcodon	Sarcodon stereosarcinon		SPECIES	Hydnellum stereosarcinon (Wehm.) Stalpers	Hydnellum stereosarcinon		CA		New Brunswick	PRESENT		28eb1a3f-1c15-4a95-931a-4af90ecb574d	46.182331	-64.648846	526.0						2018-09-22T17:09:02	22	9	2018	5238858	5238857	HUMAN_OBSERVATION	iNaturalist	Observations	16831006		Raymonde G Chartier	2024-06-18T01:36:43	CC_BY_NC_4_0	Laura Berry	Laura Berry			2025-01-14T13:00:33.366Z	StillImage	COORDINATE_ROUNDED;CONTINENT_DERIVED_FROM_COORDINATES;TAXON_MATCH_TAXON_ID_IGNORED
2422826953	50c9509d-22c7-4a22-a47d-8c48425ef4a7	https://www.inaturalist.org/observations/21391080	Fungi	Basidiomycota	Agaricomycetes	Thelephorales	Bankeraceae	Sarcodon	Sarcodon stereosarcinon		SPECIES	Hydnellum stereosarcinon (Wehm.) Stalpers	Hydnellum stereosarcinon		CA		Québec	PRESENT		28eb1a3f-1c15-4a95-931a-4af90ecb574d	48.361222	-68.760743	65.0						2013-08-08T10:47	8	8	2013	5238858	5238857	HUMAN_OBSERVATION	iNaturalist	Observations	21391080		tombigelow	2024-06-18T01:35:48	CC_BY_NC_4_0	tombigelow	tombigelow			2025-01-14T12:06:27.081Z	StillImage	COORDINATE_ROUNDED;CONTINENT_DERIVED_FROM_COORDINATES;TAXON_MATCH_TAXON_ID_IGNORED
1990310894	032f1fbe-d21f-407d-be46-5cd1bb1ea397	ca867b24-2346-442b-a305-7c4cddc1a20e	Fungi	Basidiomycota	Agaricomycetes	Thelephorales	Bankeraceae	Sarcodon	Sarcodon stereosarcinon		SPECIES	Sarcodon stereosarcinon Wehm.	Sarcodon stereosarcinon	Wehm.	CA	Scots Bay, Cape Split	Nova Scotia	PRESENT		61c539d8-47e0-4b82-875f-b95aad66dcd4	45.326389	-64.438889							1973-08-29	29	8	1973	5238857	5238857	PRESERVED_SPECIMEN	TENN-F		TENN-F-037923	NS37923			CC0_1_0					2025-01-12T10:33:51.268Z		COORDINATE_ROUNDED;GEODETIC_DATUM_ASSUMED_WGS84;CONTINENT_DERIVED_FROM_COORDINATES;TAXON_MATCH_TAXON_ID_IGNORED;INSTITUTION_MATCH_NONE
1990301932	032f1fbe-d21f-407d-be46-5cd1bb1ea397	cf22f641-0ea3-4410-9694-66575c3ee71f	Fungi	Basidiomycota	Agaricomycetes	Thelephorales	Bankeraceae	Sarcodon	Sarcodon stereosarcinon		SPECIES	Hydnellum stereosarcinon (Wehm.) Stalpers	Hydnellum stereosarcinon	(Wehm.) Stalpers	CA	Scots Bay, Cape Split	Nova Scotia	PRESENT		61c539d8-47e0-4b82-875f-b95aad66dcd4	45.326389	-64.438889							1965-07-09	9	7	1965	5238858	5238857	PRESERVED_SPECIMEN	TENN-F		TENN-F-028696	RHP28696			CC0_1_0		R.H. Petersen & P.D. Olexia			2025-01-12T10:33:39.026Z		COORDINATE_ROUNDED;GEODETIC_DATUM_ASSUMED_WGS84;CONTINENT_DERIVED_FROM_COORDINATES;TAXON_MATCH_TAXON_ID_IGNORED;INSTITUTION_MATCH_NONE
1990301886	032f1fbe-d21f-407d-be46-5cd1bb1ea397	3a55d316-6721-4610-949f-f180cc273aa2	Fungi	Basidiomycota	Agaricomycetes	Thelephorales	Bankeraceae	Sarcodon	Sarcodon stereosarcinon		SPECIES	Sarcodon stereosarcinon Wehm.	Sarcodon stereosarcinon	Wehm.	CA	Glenmont	Nova Scotia	PRESENT		61c539d8-47e0-4b82-875f-b95aad66dcd4	45.1875	-64.493056							1964-10		10	1964	5238857	5238857	PRESERVED_SPECIMEN	TENN-F		TENN-F-028701	RHP28701			CC0_1_0					2025-01-12T10:33:39.025Z		COORDINATE_ROUNDED;GEODETIC_DATUM_ASSUMED_WGS84;CONTINENT_DERIVED_FROM_COORDINATES;TAXON_MATCH_TAXON_ID_IGNORED;INSTITUTION_MATCH_NONE
1990301822	032f1fbe-d21f-407d-be46-5cd1bb1ea397	9041abb9-4288-448d-9ff5-652b13f6b51c	Fungi	Basidiomycota	Agaricomycetes	Thelephorales	Bankeraceae	Sarcodon	Sarcodon stereosarcinon		SPECIES	Hydnellum stereosarcinon (Wehm.) Stalpers	Hydnellum stereosarcinon	(Wehm.) Stalpers	CA	Scots Bay, Cape Split	Nova Scotia	PRESENT		61c539d8-47e0-4b82-875f-b95aad66dcd4	45.326389	-64.438889							1965-07-20	20	7	1965	5238858	5238857	PRESERVED_SPECIMEN	TENN-F		TENN-F-028596	RHP28596			CC0_1_0		R.H. Petersen & P.D. Olexia			2025-01-12T10:33:39.406Z		COORDINATE_ROUNDED;GEODETIC_DATUM_ASSUMED_WGS84;CONTINENT_DERIVED_FROM_COORDINATES;TAXON_MATCH_TAXON_ID_IGNORED;INSTITUTION_MATCH_NONE
1990301813	032f1fbe-d21f-407d-be46-5cd1bb1ea397	6daf537c-93f8-463f-9d30-83224e0d9ee0	Fungi	Basidiomycota	Agaricomycetes	Thelephorales	Bankeraceae	Sarcodon	Sarcodon stereosarcinon		SPECIES	Hydnellum stereosarcinon (Wehm.) Stalpers	Hydnellum stereosarcinon	(Wehm.) Stalpers	CA	Scots Bay, Cape Split	Nova Scotia	PRESENT		61c539d8-47e0-4b82-875f-b95aad66dcd4	45.326389	-64.438889							1965-07-27	27	7	1965	5238858	5238857	PRESERVED_SPECIMEN	TENN-F		TENN-F-028639	RHP28639			CC0_1_0		R.H. Petersen & P.D. Olexia			2025-01-12T10:33:39.427Z		COORDINATE_ROUNDED;GEODETIC_DATUM_ASSUMED_WGS84;CONTINENT_DERIVED_FROM_COORDINATES;TAXON_MATCH_TAXON_ID_IGNORED;INSTITUTION_MATCH_NONE
1990301792	032f1fbe-d21f-407d-be46-5cd1bb1ea397	c2615c52-c85a-4c47-a91e-8591eb8745b8	Fungi	Basidiomycota	Agaricomycetes	Thelephorales	Bankeraceae	Sarcodon	Sarcodon stereosarcinon		SPECIES	Hydnellum stereosarcinon (Wehm.) Stalpers	Hydnellum stereosarcinon	(Wehm.) Stalpers	CA	Scots Bay, Cape Split	Nova Scotia	PRESENT		61c539d8-47e0-4b82-875f-b95aad66dcd4	45.326389	-64.438889							1965-07-20	20	7	1965	5238858	5238857	PRESERVED_SPECIMEN	TENN-F		TENN-F-028647	RHP28647			CC0_1_0		R.H. Petersen & P.D. Olexia			2025-01-12T10:33:38.963Z		COORDINATE_ROUNDED;GEODETIC_DATUM_ASSUMED_WGS84;CONTINENT_DERIVED_FROM_COORDINATES;TAXON_MATCH_TAXON_ID_IGNORED;INSTITUTION_MATCH_NONE
1990301770	032f1fbe-d21f-407d-be46-5cd1bb1ea397	3af4f4d4-d54f-4f31-8084-4ec67a818241	Fungi	Basidiomycota	Agaricomycetes	Thelephorales	Bankeraceae	Sarcodon	Sarcodon stereosarcinon		SPECIES	Hydnellum stereosarcinon (Wehm.) Stalpers	Hydnellum stereosarcinon	(Wehm.) Stalpers	CA	Scots Bay, Cape Split	Nova Scotia	PRESENT		61c539d8-47e0-4b82-875f-b95aad66dcd4	45.326389	-64.438889							1965-07-26	26	7	1965	5238858	5238857	PRESERVED_SPECIMEN	TENN-F		TENN-F-028622	RHP28622			CC0_1_0		R.H. Petersen & P.D. Olexia			2025-01-12T10:33:39.432Z		COORDINATE_ROUNDED;GEODETIC_DATUM_ASSUMED_WGS84;CONTINENT_DERIVED_FROM_COORDINATES;TAXON_MATCH_TAXON_ID_IGNORED;INSTITUTION_MATCH_NONE
1990301757	032f1fbe-d21f-407d-be46-5cd1bb1ea397	cac0cfe1-d0ca-4575-8673-dbc4af94b18d	Fungi	Basidiomycota	Agaricomycetes	Thelephorales	Bankeraceae	Sarcodon	Sarcodon stereosarcinon		SPECIES	Hydnellum stereosarcinon (Wehm.) Stalpers	Hydnellum stereosarcinon	(Wehm.) Stalpers	CA	Glenmont	Nova Scotia	PRESENT		61c539d8-47e0-4b82-875f-b95aad66dcd4	45.1875	-64.493056							1964-10-04	4	10	1964	5238858	5238857	PRESERVED_SPECIMEN	TENN-F		TENN-F-028590	RHP28590			CC0_1_0		K.A. Harrison			2025-01-12T10:33:39.422Z		COORDINATE_ROUNDED;GEODETIC_DATUM_ASSUMED_WGS84;CONTINENT_DERIVED_FROM_COORDINATES;TAXON_MATCH_TAXON_ID_IGNORED;INSTITUTION_MATCH_NONE
1807263172	e8a25a42-f125-476c-8554-3ec21cd51a84	ACAD:119805	Fungi	Basidiomycota	Agaricomycetes	Thelephorales	Bankeraceae	Sarcodon	Sarcodon stereosarcinon		SPECIES	Sarcodon stereosarcinon Wehm.	Sarcodon stereosarcinon Wehm.	Wehm.	CA	Fredericton	New Brunswick	PRESENT		6491ad8c-8e49-4bd4-a089-0ddb3bbe0890	45.945278	-66.666667							1959-09-15	15	9	1959	5238857	5238857	PRESERVED_SPECIMEN	Acadia University	ACAD	8526F	8526			CC0_1_0	Acadia University	Davidson, Grant			2024-01-25T01:37:03.319Z	StillImage	COORDINATE_ROUNDED;GEODETIC_DATUM_INVALID;GEODETIC_DATUM_ASSUMED_WGS84;INSTITUTION_MATCH_FUZZY;COLLECTION_MATCH_FUZZY
1807262949	e8a25a42-f125-476c-8554-3ec21cd51a84	ACAD:119800	Fungi	Basidiomycota	Agaricomycetes	Thelephorales	Bankeraceae	Sarcodon	Sarcodon stereosarcinon		SPECIES	Sarcodon stereosarcinon Wehm.	Sarcodon stereosarcinon Wehm.	Wehm.	CA	Fredericton	New Brunswick	PRESENT		6491ad8c-8e49-4bd4-a089-0ddb3bbe0890	45.945278	-66.666667							1959-09-15	15	9	1959	5238857	5238857	PRESERVED_SPECIMEN	Acadia University	ACAD	8524F	8524			CC0_1_0	Acadia University	Davidson, Grant			2024-01-25T01:37:03.318Z	StillImage	COORDINATE_ROUNDED;GEODETIC_DATUM_INVALID;GEODETIC_DATUM_ASSUMED_WGS84;INSTITUTION_MATCH_FUZZY;COLLECTION_MATCH_FUZZY
1807262919	e8a25a42-f125-476c-8554-3ec21cd51a84	ACAD:119655	Fungi	Basidiomycota	Agaricomycetes	Thelephorales	Bankeraceae	Sarcodon	Sarcodon stereosarcinon		SPECIES	Sarcodon stereosarcinon Wehm.	Sarcodon stereosarcinon Wehm.	Wehm.	CA	Cape Split	Nova Scotia	PRESENT		6491ad8c-8e49-4bd4-a089-0ddb3bbe0890	45.316224	-64.434987							1964-07-19	19	7	1964	5238857	5238857	PRESERVED_SPECIMEN	Acadia University	ACAD	8361F	8361			CC0_1_0	Acadia University	Harrison, KA			2024-01-25T01:37:03.573Z	StillImage	GEODETIC_DATUM_INVALID;GEODETIC_DATUM_ASSUMED_WGS84;INSTITUTION_MATCH_FUZZY;COLLECTION_MATCH_FUZZY
1807262836	e8a25a42-f125-476c-8554-3ec21cd51a84	ACAD:119654	Fungi	Basidiomycota	Agaricomycetes	Thelephorales	Bankeraceae	Sarcodon	Sarcodon stereosarcinon		SPECIES	Sarcodon stereosarcinon Wehm.	Sarcodon stereosarcinon Wehm.	Wehm.	CA	Cape Split	Nova Scotia	PRESENT		6491ad8c-8e49-4bd4-a089-0ddb3bbe0890	45.316224	-64.434987							1964-07-19	19	7	1964	5238857	5238857	PRESERVED_SPECIMEN	Acadia University	ACAD	8360F	8360			CC0_1_0	Acadia University	Harrison, KA			2024-01-25T01:37:03.573Z	StillImage	GEODETIC_DATUM_INVALID;GEODETIC_DATUM_ASSUMED_WGS84;INSTITUTION_MATCH_FUZZY;COLLECTION_MATCH_FUZZY
1807262786	e8a25a42-f125-476c-8554-3ec21cd51a84	ACAD:119660	Fungi	Basidiomycota	Agaricomycetes	Thelephorales	Bankeraceae	Sarcodon	Sarcodon stereosarcinon		SPECIES	Sarcodon stereosarcinon Wehm.	Sarcodon stereosarcinon Wehm.	Wehm.	CA	Newcastle	New Brunswick	PRESENT		6491ad8c-8e49-4bd4-a089-0ddb3bbe0890	47.085301	-65.575246							1965-09-20	20	9	1965	5238857	5238857	PRESERVED_SPECIMEN	Acadia University	ACAD	8364F	8364			CC0_1_0	Acadia University	Harrison, KA			2024-01-25T01:37:03.663Z	StillImage	COORDINATE_ROUNDED;GEODETIC_DATUM_INVALID;GEODETIC_DATUM_ASSUMED_WGS84;INSTITUTION_MATCH_FUZZY;COLLECTION_MATCH_FUZZY
1807261799	e8a25a42-f125-476c-8554-3ec21cd51a84	ACAD:118462	Fungi	Basidiomycota	Agaricomycetes	Thelephorales	Bankeraceae	Sarcodon	Sarcodon stereosarcinon		SPECIES	Sarcodon stereosarcinon Wehm.	Sarcodon stereosarcinon Wehm.	Wehm.	CA	Cape Split	Nova Scotia	PRESENT		6491ad8c-8e49-4bd4-a089-0ddb3bbe0890	45.334283	-64.49612							1956-08-05	5	8	1956	5238857	5238857	PRESERVED_SPECIMEN	Acadia University	ACAD	6346F	6346			CC0_1_0	Acadia University	Harrison, KA			2024-01-25T01:37:17.336Z	StillImage	COORDINATE_ROUNDED;GEODETIC_DATUM_INVALID;GEODETIC_DATUM_ASSUMED_WGS84;INSTITUTION_MATCH_FUZZY;COLLECTION_MATCH_FUZZY
1807261412	e8a25a42-f125-476c-8554-3ec21cd51a84	ACAD:118459	Fungi	Basidiomycota	Agaricomycetes	Thelephorales	Bankeraceae	Sarcodon	Sarcodon stereosarcinon		SPECIES	Sarcodon stereosarcinon Wehm.	Sarcodon stereosarcinon Wehm.	Wehm.	CA	Parrsboro	Nova Scotia	PRESENT		6491ad8c-8e49-4bd4-a089-0ddb3bbe0890	45.40657	-64.32954							1956-08-18	18	8	1956	5238857	5238857	PRESERVED_SPECIMEN	Acadia University	ACAD	6343F	6343			CC0_1_0	Acadia University	Harrison, KA			2024-01-25T01:37:17.333Z	StillImage	GEODETIC_DATUM_INVALID;GEODETIC_DATUM_ASSUMED_WGS84;INSTITUTION_MATCH_FUZZY;COLLECTION_MATCH_FUZZY
1807260343	e8a25a42-f125-476c-8554-3ec21cd51a84	ACAD:116710	Fungi	Basidiomycota	Agaricomycetes	Thelephorales	Bankeraceae	Sarcodon	Sarcodon stereosarcinon		SPECIES	Sarcodon stereosarcinon Wehm.	Sarcodon stereosarcinon Wehm.	Wehm.	CA	Kentville	Nova Scotia	PRESENT		6491ad8c-8e49-4bd4-a089-0ddb3bbe0890	45.07662	-64.49592							1961-10-08	8	10	1961	5238857	5238857	PRESERVED_SPECIMEN	Acadia University	ACAD	4862F	4862			CC0_1_0	Acadia University	H, KA			2024-01-25T01:37:04.537Z	StillImage	GEODETIC_DATUM_INVALID;GEODETIC_DATUM_ASSUMED_WGS84;INSTITUTION_MATCH_FUZZY;COLLECTION_MATCH_FUZZY
1807260169	e8a25a42-f125-476c-8554-3ec21cd51a84	ACAD:116581	Fungi	Basidiomycota	Agaricomycetes	Thelephorales	Bankeraceae	Sarcodon	Sarcodon stereosarcinon		SPECIES	Sarcodon stereosarcinon Wehm.	Sarcodon stereosarcinon Wehm.	Wehm.	CA	Glenmont	Nova Scotia	PRESENT		6491ad8c-8e49-4bd4-a089-0ddb3bbe0890	45.18614	-64.50197							1959-10-11	11	10	1959	5238857	5238857	PRESERVED_SPECIMEN	Acadia University	ACAD	4560F	4560			CC0_1_0	Acadia University	H, KA			2024-01-25T01:37:04.790Z	StillImage	GEODETIC_DATUM_INVALID;GEODETIC_DATUM_ASSUMED_WGS84;INSTITUTION_MATCH_FUZZY;COLLECTION_MATCH_FUZZY
1807260161	e8a25a42-f125-476c-8554-3ec21cd51a84	ACAD:116705	Fungi	Basidiomycota	Agaricomycetes	Thelephorales	Bankeraceae	Sarcodon	Sarcodon stereosarcinon		SPECIES	Sarcodon stereosarcinon Wehm.	Sarcodon stereosarcinon Wehm.	Wehm.	CA	Glenmont	Nova Scotia	PRESENT		6491ad8c-8e49-4bd4-a089-0ddb3bbe0890	45.18614	-64.50197							1962-10-02	2	10	1962	5238857	5238857	PRESERVED_SPECIMEN	Acadia University	ACAD	4853F	4853			CC0_1_0	Acadia University	H, KA			2024-01-25T01:37:04.714Z	StillImage	GEODETIC_DATUM_INVALID;GEODETIC_DATUM_ASSUMED_WGS84;INSTITUTION_MATCH_FUZZY;COLLECTION_MATCH_FUZZY
1807260141	e8a25a42-f125-476c-8554-3ec21cd51a84	ACAD:116576	Fungi	Basidiomycota	Agaricomycetes	Thelephorales	Bankeraceae	Sarcodon	Sarcodon stereosarcinon		SPECIES	Sarcodon stereosarcinon Wehm.	Sarcodon stereosarcinon Wehm.	Wehm.	CA	Cape Split	Nova Scotia	PRESENT		6491ad8c-8e49-4bd4-a089-0ddb3bbe0890	45.334283	-64.49612							1959-07-26	26	7	1959	5238857	5238857	PRESERVED_SPECIMEN	Acadia University	ACAD	4552F	4552			CC0_1_0	Acadia University	H, KA			2024-01-25T01:37:04.789Z	StillImage	COORDINATE_ROUNDED;GEODETIC_DATUM_INVALID;GEODETIC_DATUM_ASSUMED_WGS84;INSTITUTION_MATCH_FUZZY;COLLECTION_MATCH_FUZZY
1807260117	e8a25a42-f125-476c-8554-3ec21cd51a84	ACAD:116574	Fungi	Basidiomycota	Agaricomycetes	Thelephorales	Bankeraceae	Sarcodon	Sarcodon stereosarcinon		SPECIES	Sarcodon stereosarcinon Wehm.	Sarcodon stereosarcinon Wehm.	Wehm.	CA	Baxters Harbour	Nova Scotia	PRESENT		6491ad8c-8e49-4bd4-a089-0ddb3bbe0890	45.22736	-64.51611							1959-08-14	14	8	1959	5238857	5238857	PRESERVED_SPECIMEN	Acadia University	ACAD	4550F	4550			CC0_1_0	Acadia University	H, KA			2024-01-25T01:37:04.787Z	StillImage	GEODETIC_DATUM_INVALID;GEODETIC_DATUM_ASSUMED_WGS84;INSTITUTION_MATCH_FUZZY;COLLECTION_MATCH_FUZZY
1807260106	e8a25a42-f125-476c-8554-3ec21cd51a84	ACAD:116573	Fungi	Basidiomycota	Agaricomycetes	Thelephorales	Bankeraceae	Sarcodon	Sarcodon stereosarcinon		SPECIES	Sarcodon stereosarcinon Wehm.	Sarcodon stereosarcinon Wehm.	Wehm.	CA	Fredericton	New Brunswick	PRESENT		6491ad8c-8e49-4bd4-a089-0ddb3bbe0890	45.945278	-66.666667							1959-09-05	5	9	1959	5238857	5238857	PRESERVED_SPECIMEN	Acadia University	ACAD	4546F	4546			CC0_1_0	Acadia University	H, KA			2024-01-25T01:37:04.787Z	StillImage	COORDINATE_ROUNDED;GEODETIC_DATUM_INVALID;GEODETIC_DATUM_ASSUMED_WGS84;INSTITUTION_MATCH_FUZZY;COLLECTION_MATCH_FUZZY
1807259883	e8a25a42-f125-476c-8554-3ec21cd51a84	ACAD:116707	Fungi	Basidiomycota	Agaricomycetes	Thelephorales	Bankeraceae	Sarcodon	Sarcodon stereosarcinon		SPECIES	Sarcodon stereosarcinon Wehm.	Sarcodon stereosarcinon Wehm.	Wehm.	CA	Cape Split	Nova Scotia	PRESENT		6491ad8c-8e49-4bd4-a089-0ddb3bbe0890	45.334283	-64.49612							1962-09-21	21	9	1962	5238857	5238857	PRESERVED_SPECIMEN	Acadia University	ACAD	4858F	4858			CC0_1_0	Acadia University	H, KA			2024-01-25T01:37:04.716Z	StillImage	COORDINATE_ROUNDED;GEODETIC_DATUM_INVALID;GEODETIC_DATUM_ASSUMED_WGS84;INSTITUTION_MATCH_FUZZY;COLLECTION_MATCH_FUZZY
1807259840	e8a25a42-f125-476c-8554-3ec21cd51a84	ACAD:116578	Fungi	Basidiomycota	Agaricomycetes	Thelephorales	Bankeraceae	Sarcodon	Sarcodon stereosarcinon		SPECIES	Sarcodon stereosarcinon Wehm.	Sarcodon stereosarcinon Wehm.	Wehm.	CA	Cape Split	Nova Scotia	PRESENT		6491ad8c-8e49-4bd4-a089-0ddb3bbe0890	45.334283	-64.49612							1959-07-26	26	7	1959	5238857	5238857	PRESERVED_SPECIMEN	Acadia University	ACAD	4554F	4554			CC0_1_0	Acadia University	H, KA			2024-01-25T01:37:04.787Z	StillImage	COORDINATE_ROUNDED;GEODETIC_DATUM_INVALID;GEODETIC_DATUM_ASSUMED_WGS84;INSTITUTION_MATCH_FUZZY;COLLECTION_MATCH_FUZZY
1807259820	e8a25a42-f125-476c-8554-3ec21cd51a84	ACAD:116575	Fungi	Basidiomycota	Agaricomycetes	Thelephorales	Bankeraceae	Sarcodon	Sarcodon stereosarcinon		SPECIES	Sarcodon stereosarcinon Wehm.	Sarcodon stereosarcinon Wehm.	Wehm.	CA	Baxters Harbour	Nova Scotia	PRESENT		6491ad8c-8e49-4bd4-a089-0ddb3bbe0890	45.22736	-64.51611							1959-08-14	14	8	1959	5238857	5238857	PRESERVED_SPECIMEN	Acadia University	ACAD	4551F	4551			CC0_1_0	Acadia University	H, KA			2024-01-25T01:37:04.789Z	StillImage	GEODETIC_DATUM_INVALID;GEODETIC_DATUM_ASSUMED_WGS84;INSTITUTION_MATCH_FUZZY;COLLECTION_MATCH_FUZZY
1807259810	e8a25a42-f125-476c-8554-3ec21cd51a84	ACAD:116708	Fungi	Basidiomycota	Agaricomycetes	Thelephorales	Bankeraceae	Sarcodon	Sarcodon stereosarcinon		SPECIES	Sarcodon stereosarcinon Wehm.	Sarcodon stereosarcinon Wehm.	Wehm.	CA	Cape Split	Nova Scotia	PRESENT		6491ad8c-8e49-4bd4-a089-0ddb3bbe0890	45.334283	-64.49612							1961-08-19	19	8	1961	5238857	5238857	PRESERVED_SPECIMEN	Acadia University	ACAD	4860F	4860			CC0_1_0	Acadia University	H, KA			2024-01-25T01:37:04.715Z	StillImage	COORDINATE_ROUNDED;GEODETIC_DATUM_INVALID;GEODETIC_DATUM_ASSUMED_WGS84;INSTITUTION_MATCH_FUZZY;COLLECTION_MATCH_FUZZY
1807259805	e8a25a42-f125-476c-8554-3ec21cd51a84	ACAD:116579	Fungi	Basidiomycota	Agaricomycetes	Thelephorales	Bankeraceae	Sarcodon	Sarcodon stereosarcinon		SPECIES	Sarcodon stereosarcinon Wehm.	Sarcodon stereosarcinon Wehm.	Wehm.	CA	Cape Split	Nova Scotia	PRESENT		6491ad8c-8e49-4bd4-a089-0ddb3bbe0890	45.334283	-64.49612							1959-09-26	26	9	1959	5238857	5238857	PRESERVED_SPECIMEN	Acadia University	ACAD	4555F	4555			CC0_1_0	Acadia University	H, KA			2024-01-25T01:37:04.786Z	StillImage	COORDINATE_ROUNDED;GEODETIC_DATUM_INVALID;GEODETIC_DATUM_ASSUMED_WGS84;INSTITUTION_MATCH_FUZZY;COLLECTION_MATCH_FUZZY
1807259795	e8a25a42-f125-476c-8554-3ec21cd51a84	ACAD:116577	Fungi	Basidiomycota	Agaricomycetes	Thelephorales	Bankeraceae	Sarcodon	Sarcodon stereosarcinon		SPECIES	Sarcodon stereosarcinon Wehm.	Sarcodon stereosarcinon Wehm.	Wehm.	CA	Cape Split	Nova Scotia	PRESENT		6491ad8c-8e49-4bd4-a089-0ddb3bbe0890	45.334283	-64.49612							1959-09-26	26	9	1959	5238857	5238857	PRESERVED_SPECIMEN	Acadia University	ACAD	4553F	4553			CC0_1_0	Acadia University	H, KA			2024-01-25T01:37:04.787Z	StillImage	COORDINATE_ROUNDED;GEODETIC_DATUM_INVALID;GEODETIC_DATUM_ASSUMED_WGS84;INSTITUTION_MATCH_FUZZY;COLLECTION_MATCH_FUZZY
1807259775	e8a25a42-f125-476c-8554-3ec21cd51a84	ACAD:116706	Fungi	Basidiomycota	Agaricomycetes	Thelephorales	Bankeraceae	Sarcodon	Sarcodon stereosarcinon		SPECIES	Sarcodon stereosarcinon Wehm.	Sarcodon stereosarcinon Wehm.	Wehm.	CA	Cape Split	Nova Scotia	PRESENT		6491ad8c-8e49-4bd4-a089-0ddb3bbe0890	45.334283	-64.49612							1962-09-21	21	9	1962	5238857	5238857	PRESERVED_SPECIMEN	Acadia University	ACAD	4854F	4854			CC0_1_0	Acadia University	H, KA			2024-01-25T01:37:04.713Z	StillImage	COORDINATE_ROUNDED;GEODETIC_DATUM_INVALID;GEODETIC_DATUM_ASSUMED_WGS84;INSTITUTION_MATCH_FUZZY;COLLECTION_MATCH_FUZZY
1807259764	e8a25a42-f125-476c-8554-3ec21cd51a84	ACAD:116709	Fungi	Basidiomycota	Agaricomycetes	Thelephorales	Bankeraceae	Sarcodon	Sarcodon stereosarcinon		SPECIES	Sarcodon stereosarcinon Wehm.	Sarcodon stereosarcinon Wehm.	Wehm.	CA	Kentville	Nova Scotia	PRESENT		6491ad8c-8e49-4bd4-a089-0ddb3bbe0890	45.07662	-64.49592							1961-10-08	8	10	1961	5238857	5238857	PRESERVED_SPECIMEN	Acadia University	ACAD	4861F	4861			CC0_1_0	Acadia University	H, KA			2024-01-25T01:37:04.714Z	StillImage	GEODETIC_DATUM_INVALID;GEODETIC_DATUM_ASSUMED_WGS84;INSTITUTION_MATCH_FUZZY;COLLECTION_MATCH_FUZZY
1807259654	e8a25a42-f125-476c-8554-3ec21cd51a84	ACAD:115956	Fungi	Basidiomycota	Agaricomycetes	Thelephorales	Bankeraceae	Sarcodon	Sarcodon stereosarcinon		SPECIES	Sarcodon stereosarcinon Wehm.	Sarcodon stereosarcinon Wehm.	Wehm.	CA	Cape Split	Nova Scotia	PRESENT		6491ad8c-8e49-4bd4-a089-0ddb3bbe0890	45.334283	-64.49612							1957-07-28	28	7	1957	5238857	5238857	PRESERVED_SPECIMEN	Acadia University	ACAD	3524F	3524			CC0_1_0	Acadia University	Harrison, KA			2024-01-25T01:36:59.844Z	StillImage	COORDINATE_ROUNDED;GEODETIC_DATUM_INVALID;GEODETIC_DATUM_ASSUMED_WGS84;INSTITUTION_MATCH_FUZZY;COLLECTION_MATCH_FUZZY
1807259631	e8a25a42-f125-476c-8554-3ec21cd51a84	ACAD:115950	Fungi	Basidiomycota	Agaricomycetes	Thelephorales	Bankeraceae	Sarcodon	Sarcodon stereosarcinon		SPECIES	Sarcodon stereosarcinon Wehm.	Sarcodon stereosarcinon Wehm.	Wehm.	CA	Cape Split	Nova Scotia	PRESENT		6491ad8c-8e49-4bd4-a089-0ddb3bbe0890	45.334283	-64.49612							1958-09-01	1	9	1958	5238857	5238857	PRESERVED_SPECIMEN	Acadia University	ACAD	3518F	3518			CC0_1_0	Acadia University	Harrison, KA			2024-01-25T01:36:59.844Z	StillImage	COORDINATE_ROUNDED;GEODETIC_DATUM_INVALID;GEODETIC_DATUM_ASSUMED_WGS84;INSTITUTION_MATCH_FUZZY;COLLECTION_MATCH_FUZZY
1807259618	e8a25a42-f125-476c-8554-3ec21cd51a84	ACAD:115951	Fungi	Basidiomycota	Agaricomycetes	Thelephorales	Bankeraceae	Sarcodon	Sarcodon stereosarcinon		SPECIES	Sarcodon stereosarcinon Wehm.	Sarcodon stereosarcinon Wehm.	Wehm.	CA	Cape Split	Nova Scotia	PRESENT		6491ad8c-8e49-4bd4-a089-0ddb3bbe0890	45.334283	-64.49612							1958-08-03	3	8	1958	5238857	5238857	PRESERVED_SPECIMEN	Acadia University	ACAD	3519F	3519			CC0_1_0	Acadia University	Harrison, KA			2024-01-25T01:36:59.845Z	StillImage	COORDINATE_ROUNDED;GEODETIC_DATUM_INVALID;GEODETIC_DATUM_ASSUMED_WGS84;INSTITUTION_MATCH_FUZZY;COLLECTION_MATCH_FUZZY
1807259616	e8a25a42-f125-476c-8554-3ec21cd51a84	ACAD:115952	Fungi	Basidiomycota	Agaricomycetes	Thelephorales	Bankeraceae	Sarcodon	Sarcodon stereosarcinon		SPECIES	Sarcodon stereosarcinon Wehm.	Sarcodon stereosarcinon Wehm.	Wehm.	CA	Cape Split	Nova Scotia	PRESENT		6491ad8c-8e49-4bd4-a089-0ddb3bbe0890	45.334283	-64.49612							1958-08-03	3	8	1958	5238857	5238857	PRESERVED_SPECIMEN	Acadia University	ACAD	3520F	3520			CC0_1_0	Acadia University	Harrison, KA			2024-01-25T01:36:59.844Z	StillImage	COORDINATE_ROUNDED;GEODETIC_DATUM_INVALID;GEODETIC_DATUM_ASSUMED_WGS84;INSTITUTION_MATCH_FUZZY;COLLECTION_MATCH_FUZZY
1807259606	e8a25a42-f125-476c-8554-3ec21cd51a84	ACAD:115711	Fungi	Basidiomycota	Agaricomycetes	Thelephorales	Bankeraceae	Sarcodon	Sarcodon stereosarcinon		SPECIES	Sarcodon stereosarcinon Wehm.	Sarcodon stereosarcinon Wehm.	Wehm.	CA	Cape Split	Nova Scotia	PRESENT		6491ad8c-8e49-4bd4-a089-0ddb3bbe0890	45.334283	-64.49612							1956-08-25	25	8	1956	5238857	5238857	PRESERVED_SPECIMEN	Acadia University	ACAD	3183F	3183			CC0_1_0	Acadia University	Harrison, KA			2024-01-25T01:37:00.367Z	StillImage	COORDINATE_ROUNDED;GEODETIC_DATUM_INVALID;GEODETIC_DATUM_ASSUMED_WGS84;INSTITUTION_MATCH_FUZZY;COLLECTION_MATCH_FUZZY
1807259479	e8a25a42-f125-476c-8554-3ec21cd51a84	ACAD:115947	Fungi	Basidiomycota	Agaricomycetes	Thelephorales	Bankeraceae	Sarcodon	Sarcodon stereosarcinon		SPECIES	Sarcodon stereosarcinon Wehm.	Sarcodon stereosarcinon Wehm.	Wehm.	CA	Cape Split	Nova Scotia	PRESENT		6491ad8c-8e49-4bd4-a089-0ddb3bbe0890	45.334283	-64.49612							1957-07-28	28	7	1957	5238857	5238857	PRESERVED_SPECIMEN	Acadia University	ACAD	3515F	3515			CC0_1_0	Acadia University	Harrison, KA			2024-01-25T01:36:59.832Z	StillImage	COORDINATE_ROUNDED;GEODETIC_DATUM_INVALID;GEODETIC_DATUM_ASSUMED_WGS84;INSTITUTION_MATCH_FUZZY;COLLECTION_MATCH_FUZZY
1807259319	e8a25a42-f125-476c-8554-3ec21cd51a84	ACAD:115954	Fungi	Basidiomycota	Agaricomycetes	Thelephorales	Bankeraceae	Sarcodon	Sarcodon stereosarcinon		SPECIES	Sarcodon stereosarcinon Wehm.	Sarcodon stereosarcinon Wehm.	Wehm.	CA	Cape Split	Nova Scotia	PRESENT		6491ad8c-8e49-4bd4-a089-0ddb3bbe0890	45.334283	-64.49612							1957-07-28	28	7	1957	5238857	5238857	PRESERVED_SPECIMEN	Acadia University	ACAD	3522F	3522			CC0_1_0	Acadia University	Harrison, KA			2024-01-25T01:36:59.841Z	StillImage	COORDINATE_ROUNDED;GEODETIC_DATUM_INVALID;GEODETIC_DATUM_ASSUMED_WGS84;INSTITUTION_MATCH_FUZZY;COLLECTION_MATCH_FUZZY
1807259302	e8a25a42-f125-476c-8554-3ec21cd51a84	ACAD:115949	Fungi	Basidiomycota	Agaricomycetes	Thelephorales	Bankeraceae	Sarcodon	Sarcodon stereosarcinon		SPECIES	Sarcodon stereosarcinon Wehm.	Sarcodon stereosarcinon Wehm.	Wehm.	CA	Cape Split	Nova Scotia	PRESENT		6491ad8c-8e49-4bd4-a089-0ddb3bbe0890	45.334283	-64.49612							1958-09-01	1	9	1958	5238857	5238857	PRESERVED_SPECIMEN	Acadia University	ACAD	3517F	3517			CC0_1_0	Acadia University	Harrison, KA			2024-01-25T01:36:59.833Z	StillImage	COORDINATE_ROUNDED;GEODETIC_DATUM_INVALID;GEODETIC_DATUM_ASSUMED_WGS84;INSTITUTION_MATCH_FUZZY;COLLECTION_MATCH_FUZZY
1807259264	e8a25a42-f125-476c-8554-3ec21cd51a84	ACAD:115955	Fungi	Basidiomycota	Agaricomycetes	Thelephorales	Bankeraceae	Sarcodon	Sarcodon stereosarcinon		SPECIES	Sarcodon stereosarcinon Wehm.	Sarcodon stereosarcinon Wehm.	Wehm.	CA	Cape Split	Nova Scotia	PRESENT		6491ad8c-8e49-4bd4-a089-0ddb3bbe0890	45.334283	-64.49612							1957-07-28	28	7	1957	5238857	5238857	PRESERVED_SPECIMEN	Acadia University	ACAD	3523F	3523			CC0_1_0	Acadia University	Harrison, KA			2024-01-25T01:36:59.841Z	StillImage	COORDINATE_ROUNDED;GEODETIC_DATUM_INVALID;GEODETIC_DATUM_ASSUMED_WGS84;INSTITUTION_MATCH_FUZZY;COLLECTION_MATCH_FUZZY
1807259253	e8a25a42-f125-476c-8554-3ec21cd51a84	ACAD:115948	Fungi	Basidiomycota	Agaricomycetes	Thelephorales	Bankeraceae	Sarcodon	Sarcodon stereosarcinon		SPECIES	Sarcodon stereosarcinon Wehm.	Sarcodon stereosarcinon Wehm.	Wehm.	CA	Cape Split	Nova Scotia	PRESENT		6491ad8c-8e49-4bd4-a089-0ddb3bbe0890	45.334283	-64.49612							1957-07-28	28	7	1957	5238857	5238857	PRESERVED_SPECIMEN	Acadia University	ACAD	3516F	3516			CC0_1_0	Acadia University	Harrison, KA			2024-01-25T01:36:59.832Z	StillImage	COORDINATE_ROUNDED;GEODETIC_DATUM_INVALID;GEODETIC_DATUM_ASSUMED_WGS84;INSTITUTION_MATCH_FUZZY;COLLECTION_MATCH_FUZZY
1807259246	e8a25a42-f125-476c-8554-3ec21cd51a84	ACAD:115959	Fungi	Basidiomycota	Agaricomycetes	Thelephorales	Bankeraceae	Sarcodon	Sarcodon stereosarcinon		SPECIES	Sarcodon stereosarcinon Wehm.	Sarcodon stereosarcinon Wehm.	Wehm.	CA	Fredericton	New Brunswick	PRESENT		6491ad8c-8e49-4bd4-a089-0ddb3bbe0890	45.945278	-66.666667							1958-07-21	21	7	1958	5238857	5238857	PRESERVED_SPECIMEN	Acadia University	ACAD	3527F	3527			CC0_1_0	Acadia University	Harrison, KA			2024-01-25T01:36:59.844Z	StillImage	COORDINATE_ROUNDED;GEODETIC_DATUM_INVALID;GEODETIC_DATUM_ASSUMED_WGS84;INSTITUTION_MATCH_FUZZY;COLLECTION_MATCH_FUZZY
1807259218	e8a25a42-f125-476c-8554-3ec21cd51a84	ACAD:115953	Fungi	Basidiomycota	Agaricomycetes	Thelephorales	Bankeraceae	Sarcodon	Sarcodon stereosarcinon		SPECIES	Sarcodon stereosarcinon Wehm.	Sarcodon stereosarcinon Wehm.	Wehm.	CA	Cape Split	Nova Scotia	PRESENT		6491ad8c-8e49-4bd4-a089-0ddb3bbe0890	45.334283	-64.49612							1958-09-27	27	9	1958	5238857	5238857	PRESERVED_SPECIMEN	Acadia University	ACAD	3521F	3521			CC0_1_0	Acadia University	Harrison, KA			2024-01-25T01:36:59.844Z	StillImage	COORDINATE_ROUNDED;GEODETIC_DATUM_INVALID;GEODETIC_DATUM_ASSUMED_WGS84;INSTITUTION_MATCH_FUZZY;COLLECTION_MATCH_FUZZY
1807259209	e8a25a42-f125-476c-8554-3ec21cd51a84	ACAD:115946	Fungi	Basidiomycota	Agaricomycetes	Thelephorales	Bankeraceae	Sarcodon	Sarcodon stereosarcinon		SPECIES	Sarcodon stereosarcinon Wehm.	Sarcodon stereosarcinon Wehm.	Wehm.	CA	Baxters Harbour	Nova Scotia	PRESENT		6491ad8c-8e49-4bd4-a089-0ddb3bbe0890	45.22736	-64.51611							1958-09-07	7	9	1958	5238857	5238857	PRESERVED_SPECIMEN	Acadia University	ACAD	3514F	3514			CC0_1_0	Acadia University	Harrison, KA			2024-01-25T01:36:59.835Z	StillImage	GEODETIC_DATUM_INVALID;GEODETIC_DATUM_ASSUMED_WGS84;INSTITUTION_MATCH_FUZZY;COLLECTION_MATCH_FUZZY
1807259200	e8a25a42-f125-476c-8554-3ec21cd51a84	ACAD:115708	Fungi	Basidiomycota	Agaricomycetes	Thelephorales	Bankeraceae	Sarcodon	Sarcodon stereosarcinon		SPECIES	Sarcodon stereosarcinon Wehm.	Sarcodon stereosarcinon Wehm.	Wehm.	CA	Cape Split	Nova Scotia	PRESENT		6491ad8c-8e49-4bd4-a089-0ddb3bbe0890	45.334283	-64.49612							1955-08-26	26	8	1955	5238857	5238857	PRESERVED_SPECIMEN	Acadia University	ACAD	3179F	3179			CC0_1_0	Acadia University	Harrison, KA			2024-01-25T01:37:00.357Z	StillImage	COORDINATE_ROUNDED;GEODETIC_DATUM_INVALID;GEODETIC_DATUM_ASSUMED_WGS84;INSTITUTION_MATCH_FUZZY;COLLECTION_MATCH_FUZZY
1807259171	e8a25a42-f125-476c-8554-3ec21cd51a84	ACAD:115705	Fungi	Basidiomycota	Agaricomycetes	Thelephorales	Bankeraceae	Sarcodon	Sarcodon stereosarcinon		SPECIES	Sarcodon stereosarcinon Wehm.	Sarcodon stereosarcinon Wehm.	Wehm.	CA	Glenmont	Nova Scotia	PRESENT		6491ad8c-8e49-4bd4-a089-0ddb3bbe0890	45.18614	-64.50197							1955-10-25	25	10	1955	5238857	5238857	PRESERVED_SPECIMEN	Acadia University	ACAD	3174F	3174			CC0_1_0	Acadia University	Harrison, KA			2024-01-25T01:37:00.355Z	StillImage	GEODETIC_DATUM_INVALID;GEODETIC_DATUM_ASSUMED_WGS84;INSTITUTION_MATCH_FUZZY;COLLECTION_MATCH_FUZZY
1807259144	e8a25a42-f125-476c-8554-3ec21cd51a84	ACAD:115488	Fungi	Basidiomycota	Agaricomycetes	Thelephorales	Bankeraceae	Sarcodon	Sarcodon stereosarcinon		SPECIES	Sarcodon stereosarcinon Wehm.	Sarcodon stereosarcinon Wehm.	Wehm.	CA	Cape Split	Nova Scotia	PRESENT		6491ad8c-8e49-4bd4-a089-0ddb3bbe0890	45.334283	-64.49612							1954-08-15	15	8	1954	5238857	5238857	PRESERVED_SPECIMEN	Acadia University	ACAD	2898F	2898			CC0_1_0	Acadia University	H, KA			2024-01-25T01:36:58.538Z	StillImage	COORDINATE_ROUNDED;GEODETIC_DATUM_INVALID;GEODETIC_DATUM_ASSUMED_WGS84;INSTITUTION_MATCH_FUZZY;COLLECTION_MATCH_FUZZY
1807259107	e8a25a42-f125-476c-8554-3ec21cd51a84	ACAD:115489	Fungi	Basidiomycota	Agaricomycetes	Thelephorales	Bankeraceae	Sarcodon	Sarcodon stereosarcinon		SPECIES	Sarcodon stereosarcinon Wehm.	Sarcodon stereosarcinon Wehm.	Wehm.	CA	Cape Split	Nova Scotia	PRESENT		6491ad8c-8e49-4bd4-a089-0ddb3bbe0890	45.334283	-64.49612							1954-08-15	15	8	1954	5238857	5238857	PRESERVED_SPECIMEN	Acadia University	ACAD	2899F	2899			CC0_1_0	Acadia University	H, KA			2024-01-25T01:36:58.539Z	StillImage	COORDINATE_ROUNDED;GEODETIC_DATUM_INVALID;GEODETIC_DATUM_ASSUMED_WGS84;INSTITUTION_MATCH_FUZZY;COLLECTION_MATCH_FUZZY
1807259061	e8a25a42-f125-476c-8554-3ec21cd51a84	ACAD:115716	Fungi	Basidiomycota	Agaricomycetes	Thelephorales	Bankeraceae	Sarcodon	Sarcodon stereosarcinon		SPECIES	Sarcodon stereosarcinon Wehm.	Sarcodon stereosarcinon Wehm.	Wehm.	CA	Cape Split	Nova Scotia	PRESENT		6491ad8c-8e49-4bd4-a089-0ddb3bbe0890	45.334283	-64.49612							1956-08-05	5	8	1956	5238857	5238857	PRESERVED_SPECIMEN	Acadia University	ACAD	3191F	3191			CC0_1_0	Acadia University	Harrison, KA			2024-01-25T01:37:00.362Z	StillImage	COORDINATE_ROUNDED;GEODETIC_DATUM_INVALID;GEODETIC_DATUM_ASSUMED_WGS84;INSTITUTION_MATCH_FUZZY;COLLECTION_MATCH_FUZZY
1807259046	e8a25a42-f125-476c-8554-3ec21cd51a84	ACAD:115958	Fungi	Basidiomycota	Agaricomycetes	Thelephorales	Bankeraceae	Sarcodon	Sarcodon stereosarcinon		SPECIES	Sarcodon stereosarcinon Wehm.	Sarcodon stereosarcinon Wehm.	Wehm.	CA	Cape Split	Nova Scotia	PRESENT		6491ad8c-8e49-4bd4-a089-0ddb3bbe0890	45.334283	-64.49612							1957-10-04	4	10	1957	5238857	5238857	PRESERVED_SPECIMEN	Acadia University	ACAD	3526F	3526			CC0_1_0	Acadia University	Harrison, KA			2024-01-25T01:36:59.840Z	StillImage	COORDINATE_ROUNDED;GEODETIC_DATUM_INVALID;GEODETIC_DATUM_ASSUMED_WGS84;INSTITUTION_MATCH_FUZZY;COLLECTION_MATCH_FUZZY
1807259033	e8a25a42-f125-476c-8554-3ec21cd51a84	ACAD:115706	Fungi	Basidiomycota	Agaricomycetes	Thelephorales	Bankeraceae	Sarcodon	Sarcodon stereosarcinon		SPECIES	Sarcodon stereosarcinon Wehm.	Sarcodon stereosarcinon Wehm.	Wehm.	CA	Glenmont	Nova Scotia	PRESENT		6491ad8c-8e49-4bd4-a089-0ddb3bbe0890	45.18614	-64.50197							1955-10-25	25	10	1955	5238857	5238857	PRESERVED_SPECIMEN	Acadia University	ACAD	3176F	3176			CC0_1_0	Acadia University	Harrison, KA			2024-01-25T01:37:00.358Z	StillImage	GEODETIC_DATUM_INVALID;GEODETIC_DATUM_ASSUMED_WGS84;INSTITUTION_MATCH_FUZZY;COLLECTION_MATCH_FUZZY
1807259028	e8a25a42-f125-476c-8554-3ec21cd51a84	ACAD:115710	Fungi	Basidiomycota	Agaricomycetes	Thelephorales	Bankeraceae	Sarcodon	Sarcodon stereosarcinon		SPECIES	Sarcodon stereosarcinon Wehm.	Sarcodon stereosarcinon Wehm.	Wehm.	CA	Cape Split	Nova Scotia	PRESENT		6491ad8c-8e49-4bd4-a089-0ddb3bbe0890	45.334283	-64.49612							1955-09-18	18	9	1955	5238857	5238857	PRESERVED_SPECIMEN	Acadia University	ACAD	3181F	3181			CC0_1_0	Acadia University	Harrison, KA			2024-01-25T01:37:00.365Z	StillImage	COORDINATE_ROUNDED;GEODETIC_DATUM_INVALID;GEODETIC_DATUM_ASSUMED_WGS84;INSTITUTION_MATCH_FUZZY;COLLECTION_MATCH_FUZZY
1807259021	e8a25a42-f125-476c-8554-3ec21cd51a84	ACAD:115957	Fungi	Basidiomycota	Agaricomycetes	Thelephorales	Bankeraceae	Sarcodon	Sarcodon stereosarcinon		SPECIES	Sarcodon stereosarcinon Wehm.	Sarcodon stereosarcinon Wehm.	Wehm.	CA	Cape Split	Nova Scotia	PRESENT		6491ad8c-8e49-4bd4-a089-0ddb3bbe0890	45.334283	-64.49612							1957-07-28	28	7	1957	5238857	5238857	PRESERVED_SPECIMEN	Acadia University	ACAD	3525F	3525			CC0_1_0	Acadia University	Harrison, KA			2024-01-25T01:36:59.841Z	StillImage	COORDINATE_ROUNDED;GEODETIC_DATUM_INVALID;GEODETIC_DATUM_ASSUMED_WGS84;INSTITUTION_MATCH_FUZZY;COLLECTION_MATCH_FUZZY
1807259003	e8a25a42-f125-476c-8554-3ec21cd51a84	ACAD:115703	Fungi	Basidiomycota	Agaricomycetes	Thelephorales	Bankeraceae	Sarcodon	Sarcodon stereosarcinon		SPECIES	Sarcodon stereosarcinon Wehm.	Sarcodon stereosarcinon Wehm.	Wehm.	CA	Glenmont	Nova Scotia	PRESENT		6491ad8c-8e49-4bd4-a089-0ddb3bbe0890	45.18614	-64.50197							1955-09-21	21	9	1955	5238857	5238857	PRESERVED_SPECIMEN	Acadia University	ACAD	3172F	3172			CC0_1_0	Acadia University	Harrison, KA			2024-01-25T01:37:00.358Z	StillImage	GEODETIC_DATUM_INVALID;GEODETIC_DATUM_ASSUMED_WGS84;INSTITUTION_MATCH_FUZZY;COLLECTION_MATCH_FUZZY
1807258989	e8a25a42-f125-476c-8554-3ec21cd51a84	ACAD:115486	Fungi	Basidiomycota	Agaricomycetes	Thelephorales	Bankeraceae	Sarcodon	Sarcodon stereosarcinon		SPECIES	Sarcodon stereosarcinon Wehm.	Sarcodon stereosarcinon Wehm.	Wehm.	CA	Cape Split	Nova Scotia	PRESENT		6491ad8c-8e49-4bd4-a089-0ddb3bbe0890	45.334283	-64.49612							1954-10-14	14	10	1954	5238857	5238857	PRESERVED_SPECIMEN	Acadia University	ACAD	2896F	2896			CC0_1_0	Acadia University	H, KA			2024-01-25T01:36:58.546Z	StillImage	COORDINATE_ROUNDED;GEODETIC_DATUM_INVALID;GEODETIC_DATUM_ASSUMED_WGS84;INSTITUTION_MATCH_FUZZY;COLLECTION_MATCH_FUZZY
1807258978	e8a25a42-f125-476c-8554-3ec21cd51a84	ACAD:115707	Fungi	Basidiomycota	Agaricomycetes	Thelephorales	Bankeraceae	Sarcodon	Sarcodon stereosarcinon		SPECIES	Sarcodon stereosarcinon Wehm.	Sarcodon stereosarcinon Wehm.	Wehm.	CA	Cape Split	Nova Scotia	PRESENT		6491ad8c-8e49-4bd4-a089-0ddb3bbe0890	45.334283	-64.49612							1955-08-21	21	8	1955	5238857	5238857	PRESERVED_SPECIMEN	Acadia University	ACAD	3178F	3178			CC0_1_0	Acadia University	Harrison, KA			2024-01-25T01:37:00.356Z	StillImage	COORDINATE_ROUNDED;GEODETIC_DATUM_INVALID;GEODETIC_DATUM_ASSUMED_WGS84;INSTITUTION_MATCH_FUZZY;COLLECTION_MATCH_FUZZY
1807258968	e8a25a42-f125-476c-8554-3ec21cd51a84	ACAD:115485	Fungi	Basidiomycota	Agaricomycetes	Thelephorales	Bankeraceae	Sarcodon	Sarcodon stereosarcinon		SPECIES	Sarcodon stereosarcinon Wehm.	Sarcodon stereosarcinon Wehm.	Wehm.	CA	Cape Split	Nova Scotia	PRESENT		6491ad8c-8e49-4bd4-a089-0ddb3bbe0890	45.334283	-64.49612							1954-08-15	15	8	1954	5238857	5238857	PRESERVED_SPECIMEN	Acadia University	ACAD	2895F	2895			CC0_1_0	Acadia University	H, KA			2024-01-25T01:36:58.542Z	StillImage	COORDINATE_ROUNDED;GEODETIC_DATUM_INVALID;GEODETIC_DATUM_ASSUMED_WGS84;INSTITUTION_MATCH_FUZZY;COLLECTION_MATCH_FUZZY
1807258967	e8a25a42-f125-476c-8554-3ec21cd51a84	ACAD:115546	Fungi	Basidiomycota	Agaricomycetes	Thelephorales	Bankeraceae	Sarcodon	Sarcodon stereosarcinon		SPECIES	Sarcodon stereosarcinon Wehm.	Sarcodon stereosarcinon Wehm.	Wehm.	CA	Cape Split	Nova Scotia	PRESENT		6491ad8c-8e49-4bd4-a089-0ddb3bbe0890	45.334283	-64.49612							1955-08-21	21	8	1955	5238857	5238857	PRESERVED_SPECIMEN	Acadia University	ACAD	2962F	2962			CC0_1_0	Acadia University	Harrison, KA			2024-01-25T01:37:00.552Z	StillImage	COORDINATE_ROUNDED;GEODETIC_DATUM_INVALID;GEODETIC_DATUM_ASSUMED_WGS84;INSTITUTION_MATCH_FUZZY;COLLECTION_MATCH_FUZZY
1807258955	e8a25a42-f125-476c-8554-3ec21cd51a84	ACAD:115487	Fungi	Basidiomycota	Agaricomycetes	Thelephorales	Bankeraceae	Sarcodon	Sarcodon stereosarcinon		SPECIES	Sarcodon stereosarcinon Wehm.	Sarcodon stereosarcinon Wehm.	Wehm.	CA	Cape Split	Nova Scotia	PRESENT		6491ad8c-8e49-4bd4-a089-0ddb3bbe0890	45.334283	-64.49612							1954-08-15	15	8	1954	5238857	5238857	PRESERVED_SPECIMEN	Acadia University	ACAD	2897F	2897			CC0_1_0	Acadia University	H, KA			2024-01-25T01:36:58.538Z	StillImage	COORDINATE_ROUNDED;GEODETIC_DATUM_INVALID;GEODETIC_DATUM_ASSUMED_WGS84;INSTITUTION_MATCH_FUZZY;COLLECTION_MATCH_FUZZY
1807258949	e8a25a42-f125-476c-8554-3ec21cd51a84	ACAD:115545	Fungi	Basidiomycota	Agaricomycetes	Thelephorales	Bankeraceae	Sarcodon	Sarcodon stereosarcinon		SPECIES	Sarcodon stereosarcinon Wehm.	Sarcodon stereosarcinon Wehm.	Wehm.	CA	Cape Split	Nova Scotia	PRESENT		6491ad8c-8e49-4bd4-a089-0ddb3bbe0890	45.334283	-64.49612							1955-08-20	20	8	1955	5238857	5238857	PRESERVED_SPECIMEN	Acadia University	ACAD	2961F	2961			CC0_1_0	Acadia University	Harrison, KA			2024-01-25T01:37:00.572Z	StillImage	COORDINATE_ROUNDED;GEODETIC_DATUM_INVALID;GEODETIC_DATUM_ASSUMED_WGS84;INSTITUTION_MATCH_FUZZY;COLLECTION_MATCH_FUZZY
1807258900	e8a25a42-f125-476c-8554-3ec21cd51a84	ACAD:115704	Fungi	Basidiomycota	Agaricomycetes	Thelephorales	Bankeraceae	Sarcodon	Sarcodon stereosarcinon		SPECIES	Sarcodon stereosarcinon Wehm.	Sarcodon stereosarcinon Wehm.	Wehm.	CA	Glenmont	Nova Scotia	PRESENT		6491ad8c-8e49-4bd4-a089-0ddb3bbe0890	45.18614	-64.50197							1955-10-25	25	10	1955	5238857	5238857	PRESERVED_SPECIMEN	Acadia University	ACAD	3173F	3173			CC0_1_0	Acadia University	Harrison, KA			2024-01-25T01:37:00.358Z	StillImage	GEODETIC_DATUM_INVALID;GEODETIC_DATUM_ASSUMED_WGS84;INSTITUTION_MATCH_FUZZY;COLLECTION_MATCH_FUZZY
1807258846	e8a25a42-f125-476c-8554-3ec21cd51a84	ACAD:115712	Fungi	Basidiomycota	Agaricomycetes	Thelephorales	Bankeraceae	Sarcodon	Sarcodon stereosarcinon		SPECIES	Sarcodon stereosarcinon Wehm.	Sarcodon stereosarcinon Wehm.	Wehm.	CA	Cape Split	Nova Scotia	PRESENT		6491ad8c-8e49-4bd4-a089-0ddb3bbe0890	45.334283	-64.49612							1956-08-25	25	8	1956	5238857	5238857	PRESERVED_SPECIMEN	Acadia University	ACAD	3184F	3184			CC0_1_0	Acadia University	Harrison, KA			2024-01-25T01:37:00.362Z	StillImage	COORDINATE_ROUNDED;GEODETIC_DATUM_INVALID;GEODETIC_DATUM_ASSUMED_WGS84;INSTITUTION_MATCH_FUZZY;COLLECTION_MATCH_FUZZY
1807258678	e8a25a42-f125-476c-8554-3ec21cd51a84	ACAD:115714	Fungi	Basidiomycota	Agaricomycetes	Thelephorales	Bankeraceae	Sarcodon	Sarcodon stereosarcinon		SPECIES	Sarcodon stereosarcinon Wehm.	Sarcodon stereosarcinon Wehm.	Wehm.	CA	Parrsboro	Nova Scotia	PRESENT		6491ad8c-8e49-4bd4-a089-0ddb3bbe0890	45.40657	-64.32954							1956-08-18	18	8	1956	5238857	5238857	PRESERVED_SPECIMEN	Acadia University	ACAD	3188F	3188			CC0_1_0	Acadia University	Harrison, KA			2024-01-25T01:37:00.363Z	StillImage	GEODETIC_DATUM_INVALID;GEODETIC_DATUM_ASSUMED_WGS84;INSTITUTION_MATCH_FUZZY;COLLECTION_MATCH_FUZZY
1807258613	e8a25a42-f125-476c-8554-3ec21cd51a84	ACAD:115311	Fungi	Basidiomycota	Agaricomycetes	Thelephorales	Bankeraceae	Sarcodon	Sarcodon stereosarcinon		SPECIES	Sarcodon stereosarcinon Wehm.	Sarcodon stereosarcinon Wehm.	Wehm.	CA	Cape Split	Nova Scotia	PRESENT		6491ad8c-8e49-4bd4-a089-0ddb3bbe0890	45.334283	-64.49612							1953-09-12	12	9	1953	5238857	5238857	PRESERVED_SPECIMEN	Acadia University	ACAD	2266F	2266			CC0_1_0	Acadia University	Harrison, KA			2024-01-25T01:36:59.246Z	StillImage	COORDINATE_ROUNDED;GEODETIC_DATUM_INVALID;GEODETIC_DATUM_ASSUMED_WGS84;INSTITUTION_MATCH_FUZZY;COLLECTION_MATCH_FUZZY
1807258596	e8a25a42-f125-476c-8554-3ec21cd51a84	ACAD:115310	Fungi	Basidiomycota	Agaricomycetes	Thelephorales	Bankeraceae	Sarcodon	Sarcodon stereosarcinon		SPECIES	Sarcodon stereosarcinon Wehm.	Sarcodon stereosarcinon Wehm.	Wehm.	CA	Glenmont	Nova Scotia	PRESENT		6491ad8c-8e49-4bd4-a089-0ddb3bbe0890	45.18614	-64.50197							1953-10-14	14	10	1953	5238857	5238857	PRESERVED_SPECIMEN	Acadia University	ACAD	2265F	2265			CC0_1_0	Acadia University	Harrison, KA			2024-01-25T01:36:59.246Z	StillImage	GEODETIC_DATUM_INVALID;GEODETIC_DATUM_ASSUMED_WGS84;INSTITUTION_MATCH_FUZZY;COLLECTION_MATCH_FUZZY
1807258595	e8a25a42-f125-476c-8554-3ec21cd51a84	ACAD:115315	Fungi	Basidiomycota	Agaricomycetes	Thelephorales	Bankeraceae	Sarcodon	Sarcodon stereosarcinon		SPECIES	Sarcodon stereosarcinon Wehm.	Sarcodon stereosarcinon Wehm.	Wehm.	CA	Glenmont	Nova Scotia	PRESENT		6491ad8c-8e49-4bd4-a089-0ddb3bbe0890	45.18614	-64.50197							1953-10-14	14	10	1953	5238857	5238857	PRESERVED_SPECIMEN	Acadia University	ACAD	2270F	2270			CC0_1_0	Acadia University	Harrison, KA			2024-01-25T01:36:59.245Z	StillImage	GEODETIC_DATUM_INVALID;GEODETIC_DATUM_ASSUMED_WGS84;INSTITUTION_MATCH_FUZZY;COLLECTION_MATCH_FUZZY
1807258572	e8a25a42-f125-476c-8554-3ec21cd51a84	ACAD:115309	Fungi	Basidiomycota	Agaricomycetes	Thelephorales	Bankeraceae	Sarcodon	Sarcodon stereosarcinon		SPECIES	Sarcodon stereosarcinon Wehm.	Sarcodon stereosarcinon Wehm.	Wehm.	CA	Glenmont	Nova Scotia	PRESENT		6491ad8c-8e49-4bd4-a089-0ddb3bbe0890	45.18614	-64.50197							1953-09-20	20	9	1953	5238857	5238857	PRESERVED_SPECIMEN	Acadia University	ACAD	2264F	2264			CC0_1_0	Acadia University	Harrison, KA			2024-01-25T01:36:59.240Z	StillImage	GEODETIC_DATUM_INVALID;GEODETIC_DATUM_ASSUMED_WGS84;INSTITUTION_MATCH_FUZZY;COLLECTION_MATCH_FUZZY
1807258562	e8a25a42-f125-476c-8554-3ec21cd51a84	ACAD:115313	Fungi	Basidiomycota	Agaricomycetes	Thelephorales	Bankeraceae	Sarcodon	Sarcodon stereosarcinon		SPECIES	Sarcodon stereosarcinon Wehm.	Sarcodon stereosarcinon Wehm.	Wehm.	CA	Glenmont	Nova Scotia	PRESENT		6491ad8c-8e49-4bd4-a089-0ddb3bbe0890	45.18614	-64.50197							1953-10-09	9	10	1953	5238857	5238857	PRESERVED_SPECIMEN	Acadia University	ACAD	2268F	2268			CC0_1_0	Acadia University	Harrison, KA			2024-01-25T01:36:59.247Z	StillImage	GEODETIC_DATUM_INVALID;GEODETIC_DATUM_ASSUMED_WGS84;INSTITUTION_MATCH_FUZZY;COLLECTION_MATCH_FUZZY
1807258533	e8a25a42-f125-476c-8554-3ec21cd51a84	ACAD:115312	Fungi	Basidiomycota	Agaricomycetes	Thelephorales	Bankeraceae	Sarcodon	Sarcodon stereosarcinon		SPECIES	Sarcodon stereosarcinon Wehm.	Sarcodon stereosarcinon Wehm.	Wehm.	CA	Cape Split	Nova Scotia	PRESENT		6491ad8c-8e49-4bd4-a089-0ddb3bbe0890	45.334283	-64.49612							1953-09-12	12	9	1953	5238857	5238857	PRESERVED_SPECIMEN	Acadia University	ACAD	2267F	2267			CC0_1_0	Acadia University	Harrison, KA			2024-01-25T01:36:59.245Z	StillImage	COORDINATE_ROUNDED;GEODETIC_DATUM_INVALID;GEODETIC_DATUM_ASSUMED_WGS84;INSTITUTION_MATCH_FUZZY;COLLECTION_MATCH_FUZZY
1807258520	e8a25a42-f125-476c-8554-3ec21cd51a84	ACAD:115306	Fungi	Basidiomycota	Agaricomycetes	Thelephorales	Bankeraceae	Sarcodon	Sarcodon stereosarcinon		SPECIES	Sarcodon stereosarcinon Wehm.	Sarcodon stereosarcinon Wehm.	Wehm.	CA	Cape Split	Nova Scotia	PRESENT		6491ad8c-8e49-4bd4-a089-0ddb3bbe0890	45.334283	-64.49612							1953-09-12	12	9	1953	5238857	5238857	PRESERVED_SPECIMEN	Acadia University	ACAD	2259F	2259			CC0_1_0	Acadia University	Harrison, KA			2024-01-25T01:36:59.239Z	StillImage	COORDINATE_ROUNDED;GEODETIC_DATUM_INVALID;GEODETIC_DATUM_ASSUMED_WGS84;INSTITUTION_MATCH_FUZZY;COLLECTION_MATCH_FUZZY
1807258510	e8a25a42-f125-476c-8554-3ec21cd51a84	ACAD:115316	Fungi	Basidiomycota	Agaricomycetes	Thelephorales	Bankeraceae	Sarcodon	Sarcodon stereosarcinon		SPECIES	Sarcodon stereosarcinon Wehm.	Sarcodon stereosarcinon Wehm.	Wehm.	CA	Glenmont	Nova Scotia	PRESENT		6491ad8c-8e49-4bd4-a089-0ddb3bbe0890	45.18614	-64.50197							1953-09-30	30	9	1953	5238857	5238857	PRESERVED_SPECIMEN	Acadia University	ACAD	2271F	2271			CC0_1_0	Acadia University	Harrison, KA			2024-01-25T01:36:59.244Z	StillImage	GEODETIC_DATUM_INVALID;GEODETIC_DATUM_ASSUMED_WGS84;INSTITUTION_MATCH_FUZZY;COLLECTION_MATCH_FUZZY
1807258452	e8a25a42-f125-476c-8554-3ec21cd51a84	ACAD:115074	Fungi	Basidiomycota	Agaricomycetes	Thelephorales	Bankeraceae	Sarcodon	Sarcodon stereosarcinon		SPECIES	Sarcodon stereosarcinon Wehm.	Sarcodon stereosarcinon Wehm.	Wehm.	CA	Glenmont	Nova Scotia	PRESENT		6491ad8c-8e49-4bd4-a089-0ddb3bbe0890	45.18614	-64.50197							1932-08-24	24	8	1932	5238857	5238857	PRESERVED_SPECIMEN	Acadia University	ACAD	699F				CC0_1_0	Acadia University	H, KA			2024-01-25T01:36:57.551Z	StillImage	GEODETIC_DATUM_INVALID;GEODETIC_DATUM_ASSUMED_WGS84;INSTITUTION_MATCH_FUZZY;COLLECTION_MATCH_FUZZY
1807258445	e8a25a42-f125-476c-8554-3ec21cd51a84	ACAD:115076	Fungi	Basidiomycota	Agaricomycetes	Thelephorales	Bankeraceae	Sarcodon	Sarcodon stereosarcinon		SPECIES	Sarcodon stereosarcinon Wehm.	Sarcodon stereosarcinon Wehm.	Wehm.	CA	Glenmont	Nova Scotia	PRESENT		6491ad8c-8e49-4bd4-a089-0ddb3bbe0890	45.18614	-64.50197							1932-08		8	1932	5238857	5238857	PRESERVED_SPECIMEN	Acadia University	ACAD	701F				CC0_1_0	Acadia University	H, KA			2024-01-25T01:36:57.550Z	StillImage	GEODETIC_DATUM_INVALID;GEODETIC_DATUM_ASSUMED_WGS84;INSTITUTION_MATCH_FUZZY;COLLECTION_MATCH_FUZZY
1807258426	e8a25a42-f125-476c-8554-3ec21cd51a84	ACAD:115073	Fungi	Basidiomycota	Agaricomycetes	Thelephorales	Bankeraceae	Sarcodon	Sarcodon stereosarcinon		SPECIES	Sarcodon stereosarcinon Wehm.	Sarcodon stereosarcinon Wehm.	Wehm.	CA	Glenmont	Nova Scotia	PRESENT		6491ad8c-8e49-4bd4-a089-0ddb3bbe0890	45.18614	-64.50197							1931-08-06	6	8	1931	5238857	5238857	PRESERVED_SPECIMEN	Acadia University	ACAD	698F				CC0_1_0	Acadia University	H, KA			2024-01-25T01:36:57.549Z	StillImage	GEODETIC_DATUM_INVALID;GEODETIC_DATUM_ASSUMED_WGS84;INSTITUTION_MATCH_FUZZY;COLLECTION_MATCH_FUZZY
1807258399	e8a25a42-f125-476c-8554-3ec21cd51a84	ACAD:115305	Fungi	Basidiomycota	Agaricomycetes	Thelephorales	Bankeraceae	Sarcodon	Sarcodon stereosarcinon		SPECIES	Sarcodon stereosarcinon Wehm.	Sarcodon stereosarcinon Wehm.	Wehm.	CA	Parrsboro	Nova Scotia	PRESENT		6491ad8c-8e49-4bd4-a089-0ddb3bbe0890	45.40657	-64.32954							1953-08-08	8	8	1953	5238857	5238857	PRESERVED_SPECIMEN	Acadia University	ACAD	2258F	2258			CC0_1_0	Acadia University	Harrison, KA			2024-01-25T01:36:59.241Z	StillImage	GEODETIC_DATUM_INVALID;GEODETIC_DATUM_ASSUMED_WGS84;INSTITUTION_MATCH_FUZZY;COLLECTION_MATCH_FUZZY
1807258374	e8a25a42-f125-476c-8554-3ec21cd51a84	ACAD:115304	Fungi	Basidiomycota	Agaricomycetes	Thelephorales	Bankeraceae	Sarcodon	Sarcodon stereosarcinon		SPECIES	Sarcodon stereosarcinon Wehm.	Sarcodon stereosarcinon Wehm.	Wehm.	CA	Black Rock	Nova Scotia	PRESENT		6491ad8c-8e49-4bd4-a089-0ddb3bbe0890	45.16669	-64.76103							1953-08-22	22	8	1953	5238857	5238857	PRESERVED_SPECIMEN	Acadia University	ACAD	2257F	2257			CC0_1_0	Acadia University	Harrison, KA			2024-01-25T01:36:59.242Z	StillImage	GEODETIC_DATUM_INVALID;GEODETIC_DATUM_ASSUMED_WGS84;INSTITUTION_MATCH_FUZZY;COLLECTION_MATCH_FUZZY
1807255680	e8a25a42-f125-476c-8554-3ec21cd51a84	ACAD:112224	Fungi	Basidiomycota	Agaricomycetes	Thelephorales	Bankeraceae	Sarcodon	Sarcodon stereosarcinon		SPECIES	Sarcodon stereosarcinon Wehm.	Sarcodon stereosarcinon Wehm.	Wehm.	CA	Coldbrook	Nova Scotia	PRESENT		6491ad8c-8e49-4bd4-a089-0ddb3bbe0890	45.06325	-64.58638							1952-10-17	17	10	1952	5238857	5238857	PRESERVED_SPECIMEN	Acadia University	ACAD	1935F	1935			CC0_1_0	Acadia University	H, KA			2024-01-25T01:37:05.916Z	StillImage	GEODETIC_DATUM_INVALID;GEODETIC_DATUM_ASSUMED_WGS84;INSTITUTION_MATCH_FUZZY;COLLECTION_MATCH_FUZZY
1807255605	e8a25a42-f125-476c-8554-3ec21cd51a84	ACAD:112100	Fungi	Basidiomycota	Agaricomycetes	Thelephorales	Bankeraceae	Sarcodon	Sarcodon stereosarcinon		SPECIES	Sarcodon stereosarcinon Wehm.	Sarcodon stereosarcinon Wehm.	Wehm.	CA	Cape Split	Nova Scotia	PRESENT		6491ad8c-8e49-4bd4-a089-0ddb3bbe0890	45.334283	-64.49612							1952-08-31	31	8	1952	5238857	5238857	PRESERVED_SPECIMEN	Acadia University	ACAD	1777F	1777			CC0_1_0	Acadia University	H, KA			2024-01-25T01:37:06.145Z	StillImage	COORDINATE_ROUNDED;GEODETIC_DATUM_INVALID;GEODETIC_DATUM_ASSUMED_WGS84;INSTITUTION_MATCH_FUZZY;COLLECTION_MATCH_FUZZY
1806350065	50c9509d-22c7-4a22-a47d-8c48425ef4a7	https://www.inaturalist.org/observations/9574373	Fungi	Basidiomycota	Agaricomycetes	Thelephorales	Bankeraceae	Sarcodon	Sarcodon stereosarcinon		SPECIES	Hydnellum stereosarcinon (Wehm.) Stalpers	Hydnellum stereosarcinon		CA		Québec	PRESENT		28eb1a3f-1c15-4a95-931a-4af90ecb574d	48.34645	-68.80425	5664.0						2013-08-06	6	8	2013	5238858	5238857	HUMAN_OBSERVATION	iNaturalist	Observations	9574373		mycowalt	2024-06-18T01:35:19	CC_BY_NC_4_0	mycowalt	mycowalt			2025-01-14T12:04:21.348Z	StillImage	CONTINENT_DERIVED_FROM_COORDINATES;TAXON_MATCH_TAXON_ID_IGNORED
1412706707	21705170-d2b6-42de-8904-c3bca4b83591	CMMF015163	Fungi	Basidiomycota	Agaricomycetes	Thelephorales	Bankeraceae	Sarcodon	Sarcodon stereosarcinon		SPECIES	Sarcodon stereosarcinon Wehm.	Sarcodon stereosarcinon Wehm.	Wehm.	CA	Parc Colline, Chicoutimi-Nord, Québec.	Québec	PRESENT		ff7bd5db-b724-4932-b496-10ea298851f9	48.449364	-71.073664	1000.0						1992-07-31	31	7	1992	5238857	5238857	PRESERVED_SPECIMEN	Université de Montréal Biodiversity Centre	CMMF	CMMF015163	728	Guérin, Gérard		CC0_1_0	Université de Montréal Biodiversity Centre	Guérin, Gérard			2024-01-24T16:38:16.890Z	StillImage	INSTITUTION_MATCH_FUZZY;COLLECTION_MATCH_FUZZY;DIFFERENT_OWNER_INSTITUTION
1412706668	21705170-d2b6-42de-8904-c3bca4b83591	CMMF015162	Fungi	Basidiomycota	Agaricomycetes	Thelephorales	Bankeraceae	Sarcodon	Sarcodon stereosarcinon		SPECIES	Sarcodon stereosarcinon Wehm.	Sarcodon stereosarcinon Wehm.	Wehm.	CA	Chicoutimi-Nord, Québec.	Québec	PRESENT		ff7bd5db-b724-4932-b496-10ea298851f9	48.441402	-71.054334	2500.0						1982-08-20	20	8	1982	5238857	5238857	PRESERVED_SPECIMEN	Université de Montréal Biodiversity Centre	CMMF	CMMF015162	727	Guérin, Gérard		CC0_1_0	Université de Montréal Biodiversity Centre	Guérin, Gérard			2024-01-24T16:38:16.896Z	StillImage	INSTITUTION_MATCH_FUZZY;COLLECTION_MATCH_FUZZY;DIFFERENT_OWNER_INSTITUTION
1135071380	21705170-d2b6-42de-8904-c3bca4b83591	CMMF009951	Fungi	Basidiomycota	Agaricomycetes	Thelephorales	Bankeraceae	Sarcodon	Sarcodon stereosarcinon		SPECIES	Sarcodon stereosarcinon Wehm.	Sarcodon stereosarcinon Wehm.	Wehm.	CA	École Montagnac, Lac-Beauport.	Québec	PRESENT		ff7bd5db-b724-4932-b496-10ea298851f9	46.946241	-71.297755	400.0						2007-09-07	7	9	2007	5238857	5238857	PRESERVED_SPECIMEN	Université de Montréal Biodiversity Centre	CMMF	CMMF009951	1535	Labbé, Roland		CC0_1_0	Université de Montréal Biodiversity Centre	Labrecque, Jacqueline			2024-01-24T16:38:21.412Z		INSTITUTION_MATCH_FUZZY;COLLECTION_MATCH_FUZZY;DIFFERENT_OWNER_INSTITUTION
1135071119	21705170-d2b6-42de-8904-c3bca4b83591	CMMF009677	Fungi	Basidiomycota	Agaricomycetes	Thelephorales	Bankeraceae	Sarcodon	Sarcodon stereosarcinon		SPECIES	Sarcodon stereosarcinon Wehm.	Sarcodon stereosarcinon Wehm.	Wehm.	CA	Chemin Chapelle, Lac-Beauport.	Québec	PRESENT		ff7bd5db-b724-4932-b496-10ea298851f9	46.949281	-71.284722	250.0						2007-08-03	3	8	2007	5238857	5238857	PRESERVED_SPECIMEN	Université de Montréal Biodiversity Centre	CMMF	CMMF009677	1261	Labbé, Roland		CC0_1_0	Université de Montréal Biodiversity Centre	Labrecque, Jacqueline			2024-01-24T16:38:20.876Z		INSTITUTION_MATCH_FUZZY;COLLECTION_MATCH_FUZZY;DIFFERENT_OWNER_INSTITUTION
1135070199	21705170-d2b6-42de-8904-c3bca4b83591	CMMF008759	Fungi	Basidiomycota	Agaricomycetes	Thelephorales	Bankeraceae	Sarcodon	Sarcodon stereosarcinon		SPECIES	Sarcodon stereosarcinon Wehm.	Sarcodon stereosarcinon Wehm.	Wehm.	CA	Lac Neigette nord, Lac-Beauport.	Québec	PRESENT		ff7bd5db-b724-4932-b496-10ea298851f9	46.954381	-71.301586	450.0						2006-07-19	19	7	2006	5238857	5238857	PRESERVED_SPECIMEN	Université de Montréal Biodiversity Centre	CMMF	CMMF008759	341	Labbé, Roland		CC0_1_0	Université de Montréal Biodiversity Centre	Labrecque, Jacqueline			2024-01-24T16:38:18.806Z	StillImage	INSTITUTION_MATCH_FUZZY;COLLECTION_MATCH_FUZZY;DIFFERENT_OWNER_INSTITUTION
1135070130	21705170-d2b6-42de-8904-c3bca4b83591	CMMF008740	Fungi	Basidiomycota	Agaricomycetes	Thelephorales	Bankeraceae	Sarcodon	Sarcodon stereosarcinon		SPECIES	Sarcodon stereosarcinon Wehm.	Sarcodon stereosarcinon Wehm.	Wehm.	CA	Lac Neigette Ouest, Lac-Beauport.	Québec	PRESENT		ff7bd5db-b724-4932-b496-10ea298851f9	46.951979	-71.302702	450.0						2006-07-12	12	7	2006	5238857	5238857	PRESERVED_SPECIMEN	Université de Montréal Biodiversity Centre	CMMF	CMMF008740	321	Labbé, Roland		CC0_1_0	Université de Montréal Biodiversity Centre	Labrecque, Jacqueline			2024-01-24T16:38:18.804Z		INSTITUTION_MATCH_FUZZY;COLLECTION_MATCH_FUZZY;DIFFERENT_OWNER_INSTITUTION
1135069664	21705170-d2b6-42de-8904-c3bca4b83591	CMMF008256	Fungi	Basidiomycota	Agaricomycetes	Thelephorales	Bankeraceae	Sarcodon	Sarcodon stereosarcinon		SPECIES	Sarcodon stereosarcinon Wehm.	Sarcodon stereosarcinon Wehm.	Wehm.	CA	Parc de la Gaspésie (sortie sud)	Québec	PRESENT		ff7bd5db-b724-4932-b496-10ea298851f9	48.856883	-66.20075	100.0						2010-08-10	10	8	2010	5238857	5238857	PRESERVED_SPECIMEN	Université de Montréal Biodiversity Centre	CMMF	CMMF008256	C3706	McNeil, Raymond		CC0_1_0	Université de Montréal Biodiversity Centre	McNeil, Raymond			2024-01-24T16:38:18.311Z	StillImage	COORDINATE_ROUNDED;INSTITUTION_MATCH_FUZZY;COLLECTION_MATCH_FUZZY;DIFFERENT_OWNER_INSTITUTION
1135069534	21705170-d2b6-42de-8904-c3bca4b83591	CMMF008116	Fungi	Basidiomycota	Agaricomycetes	Thelephorales	Bankeraceae	Sarcodon	Sarcodon stereosarcinon		SPECIES	Sarcodon stereosarcinon Wehm.	Sarcodon stereosarcinon Wehm.	Wehm.	CA	Lac Bouchette	Québec	PRESENT		ff7bd5db-b724-4932-b496-10ea298851f9	48.266667	-72.203333	100.0						2006-09-02	2	9	2006	5238857	5238857	PRESERVED_SPECIMEN	Université de Montréal Biodiversity Centre	CMMF	CMMF008116	C2910	McNeil, Raymond		CC0_1_0	Université de Montréal Biodiversity Centre	McNeil, Raymond			2024-01-24T16:38:18.128Z	StillImage	COORDINATE_ROUNDED;INSTITUTION_MATCH_FUZZY;COLLECTION_MATCH_FUZZY;DIFFERENT_OWNER_INSTITUTION
1135069228	21705170-d2b6-42de-8904-c3bca4b83591	CMMF007833	Fungi	Basidiomycota	Agaricomycetes	Thelephorales	Bankeraceae	Sarcodon	Sarcodon stereosarcinon		SPECIES	Sarcodon stereosarcinon Wehm.	Sarcodon stereosarcinon Wehm.	Wehm.	CA	St-Fabien-de-Panet	Québec	PRESENT		ff7bd5db-b724-4932-b496-10ea298851f9	46.6275	-70.11105	100.0						1979-07-07	7	7	1979	5238857	5238857	PRESERVED_SPECIMEN	Université de Montréal Biodiversity Centre	CMMF	CMMF007833	Inexistant	McNeil, Raymond		CC0_1_0	Université de Montréal Biodiversity Centre	McNeil, Raymond			2024-01-24T16:38:14.760Z	StillImage	INSTITUTION_MATCH_FUZZY;COLLECTION_MATCH_FUZZY;DIFFERENT_OWNER_INSTITUTION
1135069210	21705170-d2b6-42de-8904-c3bca4b83591	CMMF007714	Fungi	Basidiomycota	Agaricomycetes	Thelephorales	Bankeraceae	Sarcodon	Sarcodon stereosarcinon		SPECIES	Sarcodon stereosarcinon Wehm.	Sarcodon stereosarcinon Wehm.	Wehm.	CA	St-Côme	Québec	PRESENT		ff7bd5db-b724-4932-b496-10ea298851f9	46.259333	-73.922733	100.0						1978-08-12	12	8	1978	5238857	5238857	PRESERVED_SPECIMEN	Université de Montréal Biodiversity Centre	CMMF	CMMF007714	261	McNeil, Raymond		CC0_1_0	Université de Montréal Biodiversity Centre	McNeil, Raymond			2024-01-24T16:38:16.122Z	StillImage	COORDINATE_ROUNDED;INSTITUTION_MATCH_FUZZY;COLLECTION_MATCH_FUZZY;DIFFERENT_OWNER_INSTITUTION
1135066997	21705170-d2b6-42de-8904-c3bca4b83591	CMMF010384	Fungi	Basidiomycota	Agaricomycetes	Thelephorales	Bankeraceae	Sarcodon	Sarcodon stereosarcinon		SPECIES	Sarcodon stereosarcinon Wehm.	Sarcodon stereosarcinon Wehm.	Wehm.	CA	École Montagnac, tennis, Lac-Beauport.	Québec	PRESENT		ff7bd5db-b724-4932-b496-10ea298851f9	46.946241	-71.297755	400.0						2008-07-08	8	7	2008	5238857	5238857	PRESERVED_SPECIMEN	Université de Montréal Biodiversity Centre	CMMF	CMMF010384	1970	Labrecque, Jacqueline		CC0_1_0	Université de Montréal Biodiversity Centre	Labrecque, Jacqueline			2024-01-24T16:38:21.620Z		INSTITUTION_MATCH_FUZZY;COLLECTION_MATCH_FUZZY;DIFFERENT_OWNER_INSTITUTION
