gbifID	datasetKey	occurrenceID	kingdom	phylum	class	order	family	genus	species	infraspecificEpithet	taxonRank	scientificName	verbatimScientificName	verbatimScientificNameAuthorship	countryCode	locality	stateProvince	occurrenceStatus	individualCount	publishingOrgKey	decimalLatitude	decimalLongitude	coordinateUncertaintyInMeters	coordinatePrecision	elevation	elevationAccuracy	depth	depthAccuracy	eventDate	day	month	year	taxonKey	speciesKey	basisOfRecord	institutionCode	collectionCode	catalogNumber	recordNumber	identifiedBy	dateIdentified	license	rightsHolder	recordedBy	typeStatus	establishmentMeans	lastInterpreted	mediaType	issue
617555488	21705170-d2b6-42de-8904-c3bca4b83591	CMMF000831	Fungi	Basidiomycota	Agaricomycetes	Agaricales	Inocybaceae	Inocybe	Inocybe geophylla		SPECIES	Inocybe geophylla P.Kumm.	Inocybe geophylla (Fr.) P. Kumm.	(Fr.) P. Kumm.	CA	Laval	Québec	PRESENT		ff7bd5db-b724-4932-b496-10ea298851f9	45.609608	-73.705867	17500.0						1989-09-22	22	9	1989	3330851	3330851	PRESERVED_SPECIMEN	Université de Montréal Biodiversity Centre	CMMF	CMMF000831		Lamoureux, Yves		CC0_1_0	Université de Montréal Biodiversity Centre	Lamoureux, Yves			2024-01-24T16:38:21.553Z	StillImage	INSTITUTION_MATCH_FUZZY;COLLECTION_MATCH_FUZZY;DIFFERENT_OWNER_INSTITUTION
617555449	21705170-d2b6-42de-8904-c3bca4b83591	CMMF000814	Fungi	Basidiomycota	Agaricomycetes	Agaricales	Inocybaceae	Inocybe	Inocybe geophylla		SPECIES	Inocybe lilacina (Peck) Kauffman	Inocybe lilacina (Peck) Kauffman	(Peck) Kauffman	CA	Montréal	Québec	PRESENT		ff7bd5db-b724-4932-b496-10ea298851f9	45.509625	-73.662984	25000.0						1989-09-20	20	9	1989	3331644	3330851	PRESERVED_SPECIMEN	Université de Montréal Biodiversity Centre	CMMF	CMMF000814		Lamoureux, Yves		CC0_1_0	Université de Montréal Biodiversity Centre	Lamoureux, Yves			2024-01-24T16:38:21.548Z	StillImage	INSTITUTION_MATCH_FUZZY;COLLECTION_MATCH_FUZZY;DIFFERENT_OWNER_INSTITUTION
617552590	21705170-d2b6-42de-8904-c3bca4b83591	CMMF000323	Fungi	Basidiomycota	Agaricomycetes	Agaricales	Inocybaceae	Inocybe	Inocybe geophylla		SPECIES	Inocybe geophylla P.Kumm.	Inocybe geophylla (Fr.) P. Kumm.	(Fr.) P. Kumm.	CA	Laval	Québec	PRESENT		ff7bd5db-b724-4932-b496-10ea298851f9	45.609608	-73.705867	17500.0						1988-09-11	11	9	1988	3330851	3330851	PRESERVED_SPECIMEN	Université de Montréal Biodiversity Centre	CMMF	CMMF000323		Lamoureux, Yves		CC0_1_0	Université de Montréal Biodiversity Centre	Lamoureux, Yves			2024-01-24T16:38:20.785Z	StillImage	INSTITUTION_MATCH_FUZZY;COLLECTION_MATCH_FUZZY;DIFFERENT_OWNER_INSTITUTION
617552320	21705170-d2b6-42de-8904-c3bca4b83591	CMMF003105	Fungi	Basidiomycota	Agaricomycetes	Agaricales	Inocybaceae	Inocybe	Inocybe geophylla		SPECIES	Inocybe lilacina (Peck) Kauffman	Inocybe lilacina (Peck) Kauffman	(Peck) Kauffman	CA	La Prairie	Québec	PRESENT		ff7bd5db-b724-4932-b496-10ea298851f9	45.409313	-73.471076	4000.0						1997-09-02	2	9	1997	3331644	3330851	PRESERVED_SPECIMEN	Université de Montréal Biodiversity Centre	CMMF	CMMF003105		Lamoureux, Yves		CC0_1_0	Université de Montréal Biodiversity Centre	Lamoureux, Yves			2024-01-24T16:38:16.708Z	StillImage	INSTITUTION_MATCH_FUZZY;COLLECTION_MATCH_FUZZY;DIFFERENT_OWNER_INSTITUTION
617551406	21705170-d2b6-42de-8904-c3bca4b83591	CMMF002693	Fungi	Basidiomycota	Agaricomycetes	Agaricales	Inocybaceae	Inocybe	Inocybe geophylla		SPECIES	Inocybe lilacina (Peck) Kauffman	Inocybe lilacina (Peck) Kauffman	(Peck) Kauffman	CA	Saint-Majorique	Québec	PRESENT		ff7bd5db-b724-4932-b496-10ea298851f9	45.931221	-72.584529	5000.0						1995-09-27	27	9	1995	3331644	3330851	PRESERVED_SPECIMEN	Université de Montréal Biodiversity Centre	CMMF	CMMF002693		Lamoureux, Yves		CC0_1_0	Université de Montréal Biodiversity Centre	Lamoureux, Yves			2024-01-24T16:38:20.348Z	StillImage	INSTITUTION_MATCH_FUZZY;COLLECTION_MATCH_FUZZY;DIFFERENT_OWNER_INSTITUTION
617551360	21705170-d2b6-42de-8904-c3bca4b83591	CMMF002671	Fungi	Basidiomycota	Agaricomycetes	Agaricales	Inocybaceae	Inocybe	Inocybe geophylla		SPECIES	Inocybe geophylla P.Kumm.	Inocybe geophylla (Fr.) P. Kumm.	(Fr.) P. Kumm.	CA	Saint-Majorique	Québec	PRESENT		ff7bd5db-b724-4932-b496-10ea298851f9	45.931221	-72.584529	5000.0						1995-09-27	27	9	1995	3330851	3330851	PRESERVED_SPECIMEN	Université de Montréal Biodiversity Centre	CMMF	CMMF002671		Lamoureux, Yves		CC0_1_0	Université de Montréal Biodiversity Centre	Lamoureux, Yves			2024-01-24T16:38:20.343Z	StillImage	INSTITUTION_MATCH_FUZZY;COLLECTION_MATCH_FUZZY;DIFFERENT_OWNER_INSTITUTION
617549432	21705170-d2b6-42de-8904-c3bca4b83591	CMMF001839	Fungi	Basidiomycota	Agaricomycetes	Agaricales	Inocybaceae	Inocybe	Inocybe geophylla		SPECIES	Inocybe lilacina (Peck) Kauffman	Inocybe lilacina (Peck) Kauffman	(Peck) Kauffman	CA	Saint-Bruno-de-Montarville	Québec	PRESENT		ff7bd5db-b724-4932-b496-10ea298851f9	45.526599	-73.344507	5500.0						1992-09-27	27	9	1992	3331644	3330851	PRESERVED_SPECIMEN	Université de Montréal Biodiversity Centre	CMMF	CMMF001839		Lamoureux, Yves		CC0_1_0	Université de Montréal Biodiversity Centre	Lamoureux, Yves			2024-01-24T16:38:17.213Z	StillImage	INSTITUTION_MATCH_FUZZY;COLLECTION_MATCH_FUZZY;DIFFERENT_OWNER_INSTITUTION
4950103934	50c9509d-22c7-4a22-a47d-8c48425ef4a7	https://www.inaturalist.org/observations/135580975	Fungi	Basidiomycota	Agaricomycetes	Agaricales	Inocybaceae	Inocybe	Inocybe geophylla		SPECIES	Inocybe geophylla P.Kumm.	Inocybe geophylla		CA		Québec	PRESENT		28eb1a3f-1c15-4a95-931a-4af90ecb574d	46.019193	-73.680793	1472.0						2022-09-18T14:55:12	18	9	2022	3330851	3330851	HUMAN_OBSERVATION	iNaturalist	Observations	135580975		Sigrid Jakob	2022-09-26T02:18:49	CC0_1_0	Sigrid Jakob	Sigrid Jakob			2025-01-14T12:32:19.270Z	StillImage	CONTINENT_DERIVED_FROM_COORDINATES;TAXON_MATCH_TAXON_ID_IGNORED
4946042445	50c9509d-22c7-4a22-a47d-8c48425ef4a7	https://www.inaturalist.org/observations/239786859	Fungi	Basidiomycota	Agaricomycetes	Agaricales	Inocybaceae	Inocybe	Inocybe geophylla		SPECIES	Inocybe geophylla P.Kumm.	Inocybe geophylla		CA		Prince Edward Island	PRESENT		28eb1a3f-1c15-4a95-931a-4af90ecb574d	46.95063	-64.039842	4.0						2024-09-03T15:12:17	3	9	2024	3330851	3330851	HUMAN_OBSERVATION	iNaturalist	Observations	239786859				CC_BY_NC_4_0	Rosemary Curley	Rosemary Curley			2025-01-14T13:39:31.164Z	StillImage	COORDINATE_ROUNDED;CONTINENT_DERIVED_FROM_COORDINATES;TAXON_MATCH_TAXON_ID_IGNORED
4945509437	50c9509d-22c7-4a22-a47d-8c48425ef4a7	https://www.inaturalist.org/observations/241777620	Fungi	Basidiomycota	Agaricomycetes	Agaricales	Inocybaceae	Inocybe	Inocybe geophylla		SPECIES	Inocybe lilacina (Peck) Kauffman	Inocybe lilacina		CA		Ontario	PRESENT		28eb1a3f-1c15-4a95-931a-4af90ecb574d	45.027968	-75.332755							2024-09-14T12:31	14	9	2024	3331644	3330851	HUMAN_OBSERVATION	iNaturalist	Observations	241777620		jonathan_mack	2024-09-15T01:45:35	CC_BY_NC_4_0	jonathan_mack	jonathan_mack			2025-01-14T12:54:05.744Z	StillImage	COORDINATE_ROUNDED;CONTINENT_DERIVED_FROM_COORDINATES;TAXON_MATCH_TAXON_ID_IGNORED
4936509685	50c9509d-22c7-4a22-a47d-8c48425ef4a7	https://www.inaturalist.org/observations/238331497	Fungi	Basidiomycota	Agaricomycetes	Agaricales	Inocybaceae	Inocybe	Inocybe geophylla		SPECIES	Inocybe geophylla P.Kumm.	Inocybe geophylla		CA		Ontario	PRESENT		28eb1a3f-1c15-4a95-931a-4af90ecb574d	45.563228	-75.274492							2024-08-27T14:42	27	8	2024	3330851	3330851	HUMAN_OBSERVATION	iNaturalist	Observations	238331497		jonathan_mack	2024-08-27T23:24:49	CC_BY_NC_4_0	jonathan_mack	jonathan_mack			2025-01-14T12:50:23.986Z	StillImage	COORDINATE_ROUNDED;CONTINENT_DERIVED_FROM_COORDINATES;TAXON_MATCH_TAXON_ID_IGNORED
4606660464	50c9509d-22c7-4a22-a47d-8c48425ef4a7	https://www.inaturalist.org/observations/185083141	Fungi	Basidiomycota	Agaricomycetes	Agaricales	Inocybaceae	Inocybe	Inocybe geophylla		SPECIES	Inocybe lilacina (Peck) Kauffman	Inocybe lilacina		CA		Nova Scotia	PRESENT		28eb1a3f-1c15-4a95-931a-4af90ecb574d	45.423597	-64.424412	15.0						2023-09-26T15:36	26	9	2023	3331644	3330851	HUMAN_OBSERVATION	iNaturalist	Observations	185083141		Ben	2023-09-27T00:29:47	CC_BY_NC_4_0	Ben	Ben			2025-01-14T13:32:47.576Z	StillImage	COORDINATE_ROUNDED;CONTINENT_DERIVED_FROM_COORDINATES;TAXON_MATCH_TAXON_ID_IGNORED
4606558271	50c9509d-22c7-4a22-a47d-8c48425ef4a7	https://www.inaturalist.org/observations/185070127	Fungi	Basidiomycota	Agaricomycetes	Agaricales	Inocybaceae	Inocybe	Inocybe geophylla		SPECIES	Inocybe lilacina (Peck) Kauffman	Inocybe lilacina		CA		Nova Scotia	PRESENT		28eb1a3f-1c15-4a95-931a-4af90ecb574d	45.564463	-64.353323	14.0						2023-09-26T14:49	26	9	2023	3331644	3330851	HUMAN_OBSERVATION	iNaturalist	Observations	185070127		Ben	2023-09-26T23:07:18	CC_BY_NC_4_0	Ben	Ben			2025-01-14T13:32:40.741Z	StillImage	COORDINATE_ROUNDED;CONTINENT_DERIVED_FROM_COORDINATES;TAXON_MATCH_TAXON_ID_IGNORED
4606546167	50c9509d-22c7-4a22-a47d-8c48425ef4a7	https://www.inaturalist.org/observations/192778694	Fungi	Basidiomycota	Agaricomycetes	Agaricales	Inocybaceae	Inocybe	Inocybe geophylla		SPECIES	Inocybe lilacina (Peck) Kauffman	Inocybe lilacina		CA		Québec	PRESENT		28eb1a3f-1c15-4a95-931a-4af90ecb574d	45.204047	-74.329108	5.0						2023-10-15T13:23:24	15	10	2023	3331644	3330851	HUMAN_OBSERVATION	iNaturalist	Observations	192778694		danyelkay	2023-12-02T02:49:56	CC_BY_NC_4_0	danyelkay	danyelkay			2025-01-14T12:43:39.973Z	StillImage	COORDINATE_ROUNDED;CONTINENT_DERIVED_FROM_COORDINATES;TAXON_MATCH_TAXON_ID_IGNORED
4606517982	50c9509d-22c7-4a22-a47d-8c48425ef4a7	https://www.inaturalist.org/observations/183908873	Fungi	Basidiomycota	Agaricomycetes	Agaricales	Inocybaceae	Inocybe	Inocybe geophylla		SPECIES	Inocybe lilacina (Peck) Kauffman	Inocybe lilacina		CA		Ontario	PRESENT		28eb1a3f-1c15-4a95-931a-4af90ecb574d	45.201223	-76.23714							2023-09-17T13:49	17	9	2023	3331644	3330851	HUMAN_OBSERVATION	iNaturalist	Observations	183908873		almonteallisons	2023-09-18T22:20:33	CC_BY_NC_4_0	almonteallisons	almonteallisons			2025-01-14T13:30:01.967Z	StillImage	COORDINATE_ROUNDED;CONTINENT_DERIVED_FROM_COORDINATES;TAXON_MATCH_TAXON_ID_IGNORED
4442396549	50c9509d-22c7-4a22-a47d-8c48425ef4a7	https://www.inaturalist.org/observations/136190401	Fungi	Basidiomycota	Agaricomycetes	Agaricales	Inocybaceae	Inocybe	Inocybe geophylla		SPECIES	Inocybe lilacina (Peck) Kauffman	Inocybe lilacina		CA		Ontario	PRESENT		28eb1a3f-1c15-4a95-931a-4af90ecb574d	45.171192	-75.945992							2022-09-23T13:59:40	23	9	2022	3331644	3330851	HUMAN_OBSERVATION	iNaturalist	Observations	136190401		Alexis Williams	2022-09-23T19:02:49	CC_BY_4_0	Alexis Williams	Alexis Williams			2025-01-14T12:31:46.436Z	StillImage	COORDINATE_ROUNDED;CONTINENT_DERIVED_FROM_COORDINATES;TAXON_MATCH_TAXON_ID_IGNORED
4442395555	50c9509d-22c7-4a22-a47d-8c48425ef4a7	https://www.inaturalist.org/observations/135721722	Fungi	Basidiomycota	Agaricomycetes	Agaricales	Inocybaceae	Inocybe	Inocybe geophylla		SPECIES	Inocybe lilacina (Peck) Kauffman	Inocybe lilacina		CA		Ontario	PRESENT		28eb1a3f-1c15-4a95-931a-4af90ecb574d	45.304	-75.859							2022-09-17T13:04:18	17	9	2022	3331644	3330851	HUMAN_OBSERVATION	iNaturalist	Observations	135721722		trailtime55	2022-09-21T20:47:00	CC_BY_NC_4_0	trailtime55	trailtime55			2025-01-14T12:32:47.179Z	StillImage	CONTINENT_DERIVED_FROM_COORDINATES;TAXON_MATCH_TAXON_ID_IGNORED
4436472313	50c9509d-22c7-4a22-a47d-8c48425ef4a7	https://www.inaturalist.org/observations/189266605	Fungi	Basidiomycota	Agaricomycetes	Agaricales	Inocybaceae	Inocybe	Inocybe geophylla		SPECIES	Inocybe lilacina (Peck) Kauffman	Inocybe lilacina		CA		New Brunswick	PRESENT		28eb1a3f-1c15-4a95-931a-4af90ecb574d	45.287968	-66.058045	184.0						2023-10-28T14:45:07	28	10	2023	3331644	3330851	HUMAN_OBSERVATION	iNaturalist	Observations	189266605		Toni Doucette	2023-10-28T21:58:15	CC_BY_NC_4_0	Toni Doucette	Toni Doucette			2025-01-14T12:43:09.877Z	StillImage	COORDINATE_ROUNDED;CONTINENT_DERIVED_FROM_COORDINATES;TAXON_MATCH_TAXON_ID_IGNORED
4414174977	50c9509d-22c7-4a22-a47d-8c48425ef4a7	https://www.inaturalist.org/observations/182656575	Fungi	Basidiomycota	Agaricomycetes	Agaricales	Inocybaceae	Inocybe	Inocybe geophylla		SPECIES	Inocybe geophylla P.Kumm.	Inocybe geophylla		CA		Ontario	PRESENT		28eb1a3f-1c15-4a95-931a-4af90ecb574d	45.15888	-76.334989	27222.0						2023-09-09T15:17	9	9	2023	3330851	3330851	HUMAN_OBSERVATION	iNaturalist	Observations	182656575		Igor Khomenko	2023-09-10T16:27:37	CC_BY_NC_4_0	Igor Khomenko	Igor Khomenko			2025-01-14T13:32:32.252Z	StillImage	COORDINATE_ROUNDED;CONTINENT_DERIVED_FROM_COORDINATES;TAXON_MATCH_TAXON_ID_IGNORED
4413380861	50c9509d-22c7-4a22-a47d-8c48425ef4a7	https://www.inaturalist.org/observations/182515380	Fungi	Basidiomycota	Agaricomycetes	Agaricales	Inocybaceae	Inocybe	Inocybe geophylla		SPECIES	Inocybe geophylla P.Kumm.	Inocybe geophylla		CA		Ontario	PRESENT		28eb1a3f-1c15-4a95-931a-4af90ecb574d	45.49507	-75.280533	10.0						2023-09-09T10:14:47	9	9	2023	3330851	3330851	HUMAN_OBSERVATION	iNaturalist	Observations	182515380		Lynn Ovenden	2023-09-09T19:07:04	CC_BY_NC_4_0	Lynn Ovenden	Lynn Ovenden			2025-01-14T13:27:14.291Z	StillImage	COORDINATE_ROUNDED;CONTINENT_DERIVED_FROM_COORDINATES;TAXON_MATCH_TAXON_ID_IGNORED
4176997334	50c9509d-22c7-4a22-a47d-8c48425ef4a7	https://www.inaturalist.org/observations/33698823	Fungi	Basidiomycota	Agaricomycetes	Agaricales	Inocybaceae	Inocybe	Inocybe geophylla		SPECIES	Inocybe lilacina (Peck) Kauffman	Inocybe lilacina		CA		Québec	PRESENT		28eb1a3f-1c15-4a95-931a-4af90ecb574d	45.632542	-75.909075							2019-09-30T15:26	30	9	2019	3331644	3330851	HUMAN_OBSERVATION	iNaturalist	Observations	33698823		Bruce Taylor	2021-10-28T04:33:37	CC_BY_4_0	Bruce Taylor	Bruce Taylor			2025-01-14T12:59:54.479Z	StillImage	CONTINENT_DERIVED_FROM_COORDINATES;TAXON_MATCH_TAXON_ID_IGNORED
4166336257	695cef75-b65f-4776-b2ed-74565eebb16e	02-01000944120	Fungi	Basidiomycota	Agaricomycetes	Agaricales	Inocybaceae	Inocybe	Inocybe geophylla		SPECIES	Inocybe lilacina (Peck) Kauffman	Inocybe lilacina	(Peck) Kauffman	CA	Parc de la Gatineau, Secteur Masham	Quebec	PRESENT		055bd978-2daa-4543-b3f0-44e0e87e86ca	45.648547	-76.19095							2012-09-13	13	9	2012	3331644	3330851	PRESERVED_SPECIMEN	AAFC	DAOM	243375		Y. Dalpé		CC_BY_4_0	©His Majesty the King in Right of Canada, as represented by the Minister of Agriculture and Agri-Food	Y. Dalpé (YD 4945)			2025-01-12T05:11:16.916Z		GEODETIC_DATUM_ASSUMED_WGS84;CONTINENT_DERIVED_FROM_COORDINATES;TAXON_MATCH_TAXON_ID_IGNORED;INSTITUTION_MATCH_FUZZY
4137673422	50c9509d-22c7-4a22-a47d-8c48425ef4a7	https://www.inaturalist.org/observations/58910920	Fungi	Basidiomycota	Agaricomycetes	Agaricales	Inocybaceae	Inocybe	Inocybe geophylla		SPECIES	Inocybe lilacina (Peck) Kauffman	Inocybe lilacina		CA		Ontario	PRESENT		28eb1a3f-1c15-4a95-931a-4af90ecb574d	45.467673	-75.510275	31.0						2020-09-07T14:09	7	9	2020	3331644	3330851	HUMAN_OBSERVATION	iNaturalist	Observations	58910920		jonathan_mack	2021-10-30T15:55:59	CC_BY_NC_4_0	jonathan_mack	jonathan_mack			2025-01-14T13:10:15.542Z	StillImage	COORDINATE_ROUNDED;CONTINENT_DERIVED_FROM_COORDINATES;TAXON_MATCH_TAXON_ID_IGNORED
4133666346	50c9509d-22c7-4a22-a47d-8c48425ef4a7	https://www.inaturalist.org/observations/59650696	Fungi	Basidiomycota	Agaricomycetes	Agaricales	Inocybaceae	Inocybe	Inocybe geophylla		SPECIES	Inocybe lilacina (Peck) Kauffman	Inocybe lilacina		CA		Ontario	PRESENT		28eb1a3f-1c15-4a95-931a-4af90ecb574d	45.405769	-75.575325	16.0						2020-09-14T12:06	14	9	2020	3331644	3330851	HUMAN_OBSERVATION	iNaturalist	Observations	59650696		Igor Khomenko	2021-10-28T04:35:34	CC_BY_NC_4_0	Igor Khomenko	Igor Khomenko			2025-01-14T13:10:01.511Z	StillImage	COORDINATE_ROUNDED;CONTINENT_DERIVED_FROM_COORDINATES;TAXON_MATCH_TAXON_ID_IGNORED
4127025673	50c9509d-22c7-4a22-a47d-8c48425ef4a7	https://www.inaturalist.org/observations/33630786	Fungi	Basidiomycota	Agaricomycetes	Agaricales	Inocybaceae	Inocybe	Inocybe geophylla		SPECIES	Inocybe lilacina (Peck) Kauffman	Inocybe lilacina		CA		Ontario	PRESENT		28eb1a3f-1c15-4a95-931a-4af90ecb574d	45.46744	-75.51019	30.0						2019-09-29T14:38	29	9	2019	3331644	3330851	HUMAN_OBSERVATION	iNaturalist	Observations	33630786		jonathan_mack	2021-10-28T04:33:35	CC_BY_NC_4_0	jonathan_mack	jonathan_mack			2025-01-14T12:10:41.874Z	StillImage	COORDINATE_ROUNDED;CONTINENT_DERIVED_FROM_COORDINATES;TAXON_MATCH_TAXON_ID_IGNORED
4080575462	50c9509d-22c7-4a22-a47d-8c48425ef4a7	https://www.inaturalist.org/observations/138502264	Fungi	Basidiomycota	Agaricomycetes	Agaricales	Inocybaceae	Inocybe	Inocybe geophylla		SPECIES	Inocybe lilacina (Peck) Kauffman	Inocybe lilacina		CA		Québec	PRESENT		28eb1a3f-1c15-4a95-931a-4af90ecb574d	45.429103	-73.437255	7.0						2022-10-12T10:27:40	12	10	2022	3331644	3330851	HUMAN_OBSERVATION	iNaturalist	Observations	138502264		Mical	2022-10-12T14:28:46	CC_BY_4_0	Mical	Mical			2025-01-14T12:32:08.012Z	StillImage	COORDINATE_ROUNDED;CONTINENT_DERIVED_FROM_COORDINATES;TAXON_MATCH_TAXON_ID_IGNORED
3961229602	50c9509d-22c7-4a22-a47d-8c48425ef4a7	https://www.inaturalist.org/observations/136521116	Fungi	Basidiomycota	Agaricomycetes	Agaricales	Inocybaceae	Inocybe	Inocybe geophylla		SPECIES	Inocybe lilacina (Peck) Kauffman	Inocybe lilacina		CA		Québec	PRESENT		28eb1a3f-1c15-4a95-931a-4af90ecb574d	45.607127	-75.114274	1597.0						2022-09-25T15:48:22	25	9	2022	3331644	3330851	HUMAN_OBSERVATION	iNaturalist	Observations	136521116		Myca	2022-09-26T01:26:05	CC_BY_NC_4_0	Myca	Myca			2025-01-14T13:25:38.678Z	StillImage	COORDINATE_ROUNDED;CONTINENT_DERIVED_FROM_COORDINATES;TAXON_MATCH_TAXON_ID_IGNORED
3961061635	50c9509d-22c7-4a22-a47d-8c48425ef4a7	https://www.inaturalist.org/observations/140824701	Fungi	Basidiomycota	Agaricomycetes	Agaricales	Inocybaceae	Inocybe	Inocybe geophylla		SPECIES	Inocybe geophylla P.Kumm.	Inocybe geophylla		CA		Ontario	PRESENT		28eb1a3f-1c15-4a95-931a-4af90ecb574d	45.554001	-78.59676	1519.0						2022-10-31T14:13:46	31	10	2022	3330851	3330851	HUMAN_OBSERVATION	iNaturalist	Observations	140824701		Myca	2022-11-01T23:04:34	CC_BY_NC_4_0	Myca	Myca			2025-01-14T13:25:50.016Z	StillImage	COORDINATE_ROUNDED;CONTINENT_DERIVED_FROM_COORDINATES;TAXON_MATCH_TAXON_ID_IGNORED
3947551347	50c9509d-22c7-4a22-a47d-8c48425ef4a7	https://www.inaturalist.org/observations/139580126	Fungi	Basidiomycota	Agaricomycetes	Agaricales	Inocybaceae	Inocybe	Inocybe geophylla		SPECIES	Inocybe geophylla P.Kumm.	Inocybe geophylla		CA		Ontario	PRESENT		28eb1a3f-1c15-4a95-931a-4af90ecb574d	45.493229	-76.111858	27158.0						2022-10-21T10:10	21	10	2022	3330851	3330851	HUMAN_OBSERVATION	iNaturalist	Observations	139580126		L Joan Heyding	2022-10-22T00:36:28	CC_BY_NC_4_0	L Joan Heyding	L Joan Heyding			2025-01-14T13:26:44.752Z	StillImage	COORDINATE_ROUNDED;CONTINENT_DERIVED_FROM_COORDINATES;TAXON_MATCH_TAXON_ID_IGNORED
3947545837	50c9509d-22c7-4a22-a47d-8c48425ef4a7	https://www.inaturalist.org/observations/136651577	Fungi	Basidiomycota	Agaricomycetes	Agaricales	Inocybaceae	Inocybe	Inocybe geophylla		SPECIES	Inocybe lilacina (Peck) Kauffman	Inocybe lilacina		CA		Québec	PRESENT		28eb1a3f-1c15-4a95-931a-4af90ecb574d	45.475381	-73.760646	198.0						2022-09-24T15:45:24	24	9	2022	3331644	3330851	HUMAN_OBSERVATION	iNaturalist	Observations	136651577		M. C.	2022-09-27T03:06:04	CC_BY_NC_4_0	M. C.	M. C.			2025-01-14T13:20:56.907Z	StillImage	COORDINATE_ROUNDED;CONTINENT_DERIVED_FROM_COORDINATES;TAXON_MATCH_TAXON_ID_IGNORED
3925188272	50c9509d-22c7-4a22-a47d-8c48425ef4a7	https://www.inaturalist.org/observations/138052182	Fungi	Basidiomycota	Agaricomycetes	Agaricales	Inocybaceae	Inocybe	Inocybe geophylla		SPECIES	Inocybe lilacina (Peck) Kauffman	Inocybe lilacina		CA		Québec	PRESENT		28eb1a3f-1c15-4a95-931a-4af90ecb574d	45.506925	-75.904092	4.0						2022-10-08T17:16:30	8	10	2022	3331644	3330851	HUMAN_OBSERVATION	iNaturalist	Observations	138052182		cinna_latifolia	2022-10-09T06:35:22	CC_BY_NC_4_0	Maria Bastas	Maria Bastas			2025-01-14T13:30:57.794Z	StillImage	COORDINATE_ROUNDED;CONTINENT_DERIVED_FROM_COORDINATES;TAXON_MATCH_TAXON_ID_IGNORED
3925079718	50c9509d-22c7-4a22-a47d-8c48425ef4a7	https://www.inaturalist.org/observations/137144846	Fungi	Basidiomycota	Agaricomycetes	Agaricales	Inocybaceae	Inocybe	Inocybe geophylla		SPECIES	Inocybe lilacina (Peck) Kauffman	Inocybe lilacina		CA		Ontario	PRESENT		28eb1a3f-1c15-4a95-931a-4af90ecb574d	45.455779	-75.504733	7963.0						2022-10-01T08:30:29	1	10	2022	3331644	3330851	HUMAN_OBSERVATION	iNaturalist	Observations	137144846		a-tara-xy	2022-10-01T14:10:46	CC_BY_NC_4_0	a-tara-xy	a-tara-xy			2025-01-14T12:32:30.817Z	StillImage	COORDINATE_ROUNDED;CONTINENT_DERIVED_FROM_COORDINATES;TAXON_MATCH_TAXON_ID_IGNORED
3923353673	50c9509d-22c7-4a22-a47d-8c48425ef4a7	https://www.inaturalist.org/observations/134619797	Fungi	Basidiomycota	Agaricomycetes	Agaricales	Inocybaceae	Inocybe	Inocybe geophylla		SPECIES	Inocybe lilacina (Peck) Kauffman	Inocybe lilacina		CA		New Brunswick	PRESENT		28eb1a3f-1c15-4a95-931a-4af90ecb574d	45.95558	-66.670805	3936.0						2022-09-11T14:22:05	11	9	2022	3331644	3330851	HUMAN_OBSERVATION	iNaturalist	Observations	134619797		Alfredo Justo	2022-09-23T00:22:01	CC_BY_NC_4_0	toriruig	toriruig			2025-01-14T12:32:36.053Z	StillImage	CONTINENT_DERIVED_FROM_COORDINATES;TAXON_MATCH_TAXON_ID_IGNORED
3923226123	50c9509d-22c7-4a22-a47d-8c48425ef4a7	https://www.inaturalist.org/observations/137100101	Fungi	Basidiomycota	Agaricomycetes	Agaricales	Inocybaceae	Inocybe	Inocybe geophylla		SPECIES	Inocybe lilacina (Peck) Kauffman	Inocybe lilacina		CA		Ontario	PRESENT		28eb1a3f-1c15-4a95-931a-4af90ecb574d	45.502425	-75.488897							2022-09-30T15:53	30	9	2022	3331644	3330851	HUMAN_OBSERVATION	iNaturalist	Observations	137100101		jonathan_mack	2022-10-01T02:04:27	CC_BY_NC_4_0	jonathan_mack	jonathan_mack			2025-01-14T12:32:47.627Z	StillImage	COORDINATE_ROUNDED;CONTINENT_DERIVED_FROM_COORDINATES;TAXON_MATCH_TAXON_ID_IGNORED
3915279719	50c9509d-22c7-4a22-a47d-8c48425ef4a7	https://www.inaturalist.org/observations/133755332	Fungi	Basidiomycota	Agaricomycetes	Agaricales	Inocybaceae	Inocybe	Inocybe geophylla		SPECIES	Inocybe lilacina (Peck) Kauffman	Inocybe lilacina		CA		Ontario	PRESENT		28eb1a3f-1c15-4a95-931a-4af90ecb574d	45.398	-75.930991	27190.0						2022-09-04T18:38	4	9	2022	3331644	3330851	HUMAN_OBSERVATION	iNaturalist	Observations	133755332		amanitamozart	2022-09-05T13:13:53	CC_BY_NC_4_0	amanitamozart	amanitamozart			2025-01-14T12:31:49.344Z	StillImage	COORDINATE_ROUNDED;CONTINENT_DERIVED_FROM_COORDINATES;TAXON_MATCH_TAXON_ID_IGNORED
3903279847	50c9509d-22c7-4a22-a47d-8c48425ef4a7	https://www.inaturalist.org/observations/133700957	Fungi	Basidiomycota	Agaricomycetes	Agaricales	Inocybaceae	Inocybe	Inocybe geophylla		SPECIES	Inocybe lilacina (Peck) Kauffman	Inocybe lilacina		CA		Prince Edward Island	PRESENT		28eb1a3f-1c15-4a95-931a-4af90ecb574d	46.6908	-64.019386	4.0						2022-09-04T15:10:01	4	9	2022	3331644	3330851	HUMAN_OBSERVATION	iNaturalist	Observations	133700957		Thelma Phillips	2022-09-05T00:28:56	CC_BY_NC_4_0	Thelma Phillips	Thelma Phillips			2025-01-14T12:31:23.574Z	StillImage	COORDINATE_ROUNDED;CONTINENT_DERIVED_FROM_COORDINATES;TAXON_MATCH_TAXON_ID_IGNORED
3903263523	50c9509d-22c7-4a22-a47d-8c48425ef4a7	https://www.inaturalist.org/observations/133106327	Fungi	Basidiomycota	Agaricomycetes	Agaricales	Inocybaceae	Inocybe	Inocybe geophylla		SPECIES	Inocybe geophylla P.Kumm.	Inocybe geophylla		CA		Prince Edward Island	PRESENT		28eb1a3f-1c15-4a95-931a-4af90ecb574d	46.69661	-64.16019	100.0						2022-08-27T15:45	27	8	2022	3330851	3330851	HUMAN_OBSERVATION	iNaturalist	Observations	133106327		Rosemary Curley	2022-08-31T17:58:35	CC_BY_NC_4_0	Rosemary Curley	Rosemary Curley			2025-01-14T12:31:38.589Z	StillImage	CONTINENT_DERIVED_FROM_COORDINATES;TAXON_MATCH_TAXON_ID_IGNORED
3903241796	50c9509d-22c7-4a22-a47d-8c48425ef4a7	https://www.inaturalist.org/observations/133523486	Fungi	Basidiomycota	Agaricomycetes	Agaricales	Inocybaceae	Inocybe	Inocybe geophylla		SPECIES	Inocybe lilacina (Peck) Kauffman	Inocybe lilacina		CA		Prince Edward Island	PRESENT		28eb1a3f-1c15-4a95-931a-4af90ecb574d	46.690964	-64.019165							2022-09-02T11:30	2	9	2022	3331644	3330851	HUMAN_OBSERVATION	iNaturalist	Observations	133523486		Rosemary Curley	2022-09-03T21:18:09	CC_BY_NC_4_0	Rosemary Curley	Rosemary Curley			2025-01-14T12:31:45.826Z	StillImage	COORDINATE_ROUNDED;CONTINENT_DERIVED_FROM_COORDINATES;TAXON_MATCH_TAXON_ID_IGNORED
3455825989	50c9509d-22c7-4a22-a47d-8c48425ef4a7	https://www.inaturalist.org/observations/97062011	Fungi	Basidiomycota	Agaricomycetes	Agaricales	Inocybaceae	Inocybe	Inocybe geophylla		SPECIES	Inocybe geophylla P.Kumm.	Inocybe geophylla		CA		Ontario	PRESENT		28eb1a3f-1c15-4a95-931a-4af90ecb574d	45.662825	-77.570899	487.0						2021-10-01T11:37	1	10	2021	3330851	3330851	HUMAN_OBSERVATION	iNaturalist	Observations	97062011		kboiv6	2021-10-03T20:06:52	CC_BY_NC_4_0	kboiv6	kboiv6			2025-01-14T12:22:30.773Z	StillImage	COORDINATE_ROUNDED;CONTINENT_DERIVED_FROM_COORDINATES;TAXON_MATCH_TAXON_ID_IGNORED
3399404806	50c9509d-22c7-4a22-a47d-8c48425ef4a7	https://www.inaturalist.org/observations/99041108	Fungi	Basidiomycota	Agaricomycetes	Agaricales	Inocybaceae	Inocybe	Inocybe geophylla		SPECIES	Inocybe geophylla P.Kumm.	Inocybe geophylla		CA		Ontario	PRESENT		28eb1a3f-1c15-4a95-931a-4af90ecb574d	45.340033	-75.675693	79.0						2021-10-22T21:57:27	22	10	2021	3330851	3330851	HUMAN_OBSERVATION	iNaturalist	Observations	99041108		Lynn Ovenden	2021-10-23T02:02:13	CC_BY_NC_4_0	Lynn Ovenden	Lynn Ovenden			2025-01-14T13:11:00.511Z	StillImage	COORDINATE_ROUNDED;CONTINENT_DERIVED_FROM_COORDINATES;TAXON_MATCH_TAXON_ID_IGNORED
3384926319	50c9509d-22c7-4a22-a47d-8c48425ef4a7	https://www.inaturalist.org/observations/97176395	Fungi	Basidiomycota	Agaricomycetes	Agaricales	Inocybaceae	Inocybe	Inocybe geophylla		SPECIES	Inocybe lilacina (Peck) Kauffman	Inocybe lilacina		CA		Ontario	PRESENT		28eb1a3f-1c15-4a95-931a-4af90ecb574d	45.561193	-75.492792	27158.0						2021-10-04T10:16	4	10	2021	3331644	3330851	HUMAN_OBSERVATION	iNaturalist	Observations	97176395		L Joan Heyding	2021-10-28T04:38:38	CC_BY_NC_4_0	L Joan Heyding	L Joan Heyding			2025-01-14T12:25:07.016Z	StillImage	COORDINATE_ROUNDED;CONTINENT_DERIVED_FROM_COORDINATES;TAXON_MATCH_TAXON_ID_IGNORED
3384925380	50c9509d-22c7-4a22-a47d-8c48425ef4a7	https://www.inaturalist.org/observations/97197244	Fungi	Basidiomycota	Agaricomycetes	Agaricales	Inocybaceae	Inocybe	Inocybe geophylla		SPECIES	Inocybe lilacina (Peck) Kauffman	Inocybe lilacina		CA		New Brunswick	PRESENT		28eb1a3f-1c15-4a95-931a-4af90ecb574d	46.389245	-64.618661	8.0						2021-10-03T12:27	3	10	2021	3331644	3330851	HUMAN_OBSERVATION	iNaturalist	Observations	97197244		Stuart Tingley	2021-10-28T04:38:39	CC_BY_NC_4_0	Stuart Tingley	Stuart Tingley			2025-01-14T13:16:10.014Z	StillImage	COORDINATE_ROUNDED;CONTINENT_DERIVED_FROM_COORDINATES;TAXON_MATCH_TAXON_ID_IGNORED
3384111257	50c9509d-22c7-4a22-a47d-8c48425ef4a7	https://www.inaturalist.org/observations/97104109	Fungi	Basidiomycota	Agaricomycetes	Agaricales	Inocybaceae	Inocybe	Inocybe geophylla		SPECIES	Inocybe lilacina (Peck) Kauffman	Inocybe lilacina		CA		Ontario	PRESENT		28eb1a3f-1c15-4a95-931a-4af90ecb574d	45.457945	-75.467616	4.0						2021-10-03T15:06	3	10	2021	3331644	3330851	HUMAN_OBSERVATION	iNaturalist	Observations	97104109		jonathan_mack	2021-10-28T04:38:37	CC_BY_NC_4_0	jonathan_mack	jonathan_mack			2025-01-14T13:11:39.302Z	StillImage	COORDINATE_ROUNDED;CONTINENT_DERIVED_FROM_COORDINATES;TAXON_MATCH_TAXON_ID_IGNORED
3351714226	d8cd16ba-bb74-4420-821e-083f2bac17c2	MN992421	Fungi	Basidiomycota	Agaricomycetes	Agaricales	Inocybaceae	Inocybe	Inocybe geophylla		SPECIES	Inocybe geophylla P.Kumm.	Inocybe aff. geophylla		CA	Quebec, Anticosti		PRESENT		ada9d123-ddb4-467d-8891-806ea8d94230	49.85	-64.43							2015-09-08	8	9	2015	3330851	3330851	PRESERVED_SPECIMEN			ANT125-QFB28752		Renee Lebeuf		CC_BY_4_0		Lebeuf, R.			2025-01-18T13:04:48.416Z		GEODETIC_DATUM_ASSUMED_WGS84;CONTINENT_DERIVED_FROM_COORDINATES;TAXON_MATCH_TAXON_CONCEPT_ID_IGNORED;TAXON_MATCH_TAXON_ID_IGNORED
3330726388	50c9509d-22c7-4a22-a47d-8c48425ef4a7	https://www.inaturalist.org/observations/61887995	Fungi	Basidiomycota	Agaricomycetes	Agaricales	Inocybaceae	Inocybe	Inocybe geophylla		SPECIES	Inocybe lilacina (Peck) Kauffman	Inocybe lilacina		CA		Québec	PRESENT		28eb1a3f-1c15-4a95-931a-4af90ecb574d	45.422548	-74.026334	97.0						2020-10-04T15:11:52	4	10	2020	3331644	3330851	HUMAN_OBSERVATION	iNaturalist	Observations	61887995		cinna_latifolia	2021-10-28T04:37:49	CC_BY_NC_4_0	katenormand	katenormand			2025-01-14T12:15:06.226Z	StillImage	COORDINATE_ROUNDED;CONTINENT_DERIVED_FROM_COORDINATES;TAXON_MATCH_TAXON_ID_IGNORED
3018118506	50c9509d-22c7-4a22-a47d-8c48425ef4a7	https://www.inaturalist.org/observations/59399065	Fungi	Basidiomycota	Agaricomycetes	Agaricales	Inocybaceae	Inocybe	Inocybe geophylla		SPECIES	Inocybe geophylla P.Kumm.	Inocybe geophylla		CA		Ontario	PRESENT		28eb1a3f-1c15-4a95-931a-4af90ecb574d	45.454138	-75.548846	28.0						2020-09-12T13:46	12	9	2020	3330851	3330851	HUMAN_OBSERVATION	iNaturalist	Observations	59399065		jonathan_mack	2020-09-13T01:44:01	CC_BY_NC_4_0	jonathan_mack	jonathan_mack			2025-01-14T13:10:53.509Z	StillImage	COORDINATE_ROUNDED;CONTINENT_DERIVED_FROM_COORDINATES;TAXON_MATCH_TAXON_ID_IGNORED
3017992389	50c9509d-22c7-4a22-a47d-8c48425ef4a7	https://www.inaturalist.org/observations/36994450	Fungi	Basidiomycota	Agaricomycetes	Agaricales	Inocybaceae	Inocybe	Inocybe geophylla		SPECIES	Inocybe geophylla P.Kumm.	Inocybe geophylla		CA		Ontario	PRESENT		28eb1a3f-1c15-4a95-931a-4af90ecb574d	45.589213	-78.371331	15.0						2018-10-09	9	10	2018	3330851	3330851	HUMAN_OBSERVATION	iNaturalist	Observations	36994450		crazybirdy	2019-12-27T09:33:52	CC_BY_NC_4_0	crazybirdy	crazybirdy			2025-01-14T12:10:15.681Z	StillImage	COORDINATE_ROUNDED;CONTINENT_DERIVED_FROM_COORDINATES;TAXON_MATCH_TAXON_ID_IGNORED
2873858055	50c9509d-22c7-4a22-a47d-8c48425ef4a7	https://www.inaturalist.org/observations/61254898	Fungi	Basidiomycota	Agaricomycetes	Agaricales	Inocybaceae	Inocybe	Inocybe geophylla		SPECIES	Inocybe geophylla P.Kumm.	Inocybe geophylla		CA		Nova Scotia	PRESENT		28eb1a3f-1c15-4a95-931a-4af90ecb574d	45.08389	-64.368913	406.0						2020-09-29T16:20:28	29	9	2020	3330851	3330851	HUMAN_OBSERVATION	iNaturalist	Observations	61254898		Bri Hennigar	2020-09-29T22:41:03	CC_BY_NC_4_0	Bri Hennigar	Bri Hennigar			2025-01-14T12:15:40.996Z	StillImage	COORDINATE_ROUNDED;CONTINENT_DERIVED_FROM_COORDINATES;TAXON_MATCH_TAXON_ID_IGNORED
2864782553	50c9509d-22c7-4a22-a47d-8c48425ef4a7	https://www.inaturalist.org/observations/58886747	Fungi	Basidiomycota	Agaricomycetes	Agaricales	Inocybaceae	Inocybe	Inocybe geophylla		SPECIES	Inocybe geophylla P.Kumm.	Inocybe geophylla		CA		Ontario	PRESENT		28eb1a3f-1c15-4a95-931a-4af90ecb574d	45.362903	-75.231201	319.0						2020-09-07T12:47:23	7	9	2020	3330851	3330851	HUMAN_OBSERVATION	iNaturalist	Observations	58886747		Lynn Ovenden	2020-09-07T21:28:03	CC_BY_NC_4_0	Lynn Ovenden	Lynn Ovenden			2025-01-14T13:05:36.476Z	StillImage	COORDINATE_ROUNDED;CONTINENT_DERIVED_FROM_COORDINATES;TAXON_MATCH_TAXON_ID_IGNORED
2802659495	50c9509d-22c7-4a22-a47d-8c48425ef4a7	https://www.inaturalist.org/observations/33630799	Fungi	Basidiomycota	Agaricomycetes	Agaricales	Inocybaceae	Inocybe	Inocybe geophylla		SPECIES	Inocybe geophylla P.Kumm.	Inocybe geophylla		CA		Ontario	PRESENT		28eb1a3f-1c15-4a95-931a-4af90ecb574d	45.466833	-75.510423	15.0						2019-09-29T14:08	29	9	2019	3330851	3330851	HUMAN_OBSERVATION	iNaturalist	Observations	33630799		jonathan_mack	2019-09-30T02:11:59	CC_BY_NC_4_0	jonathan_mack	jonathan_mack			2025-01-14T13:03:41.137Z	StillImage	COORDINATE_ROUNDED;CONTINENT_DERIVED_FROM_COORDINATES;TAXON_MATCH_TAXON_ID_IGNORED
2460165417	50c9509d-22c7-4a22-a47d-8c48425ef4a7	https://www.inaturalist.org/observations/32933692	Fungi	Basidiomycota	Agaricomycetes	Agaricales	Inocybaceae	Inocybe	Inocybe geophylla		SPECIES	Inocybe geophylla P.Kumm.	Inocybe geophylla		CA		Ontario	PRESENT		28eb1a3f-1c15-4a95-931a-4af90ecb574d	45.279456	-76.688998							2019-09-15T10:35	15	9	2019	3330851	3330851	HUMAN_OBSERVATION	iNaturalist	Observations	32933692		cinna_latifolia	2019-11-22T03:30:59	CC_BY_NC_4_0	Serguei Ponomarenko	Serguei Ponomarenko			2025-01-14T12:09:14.744Z	StillImage	COORDINATE_ROUNDED;CONTINENT_DERIVED_FROM_COORDINATES;TAXON_MATCH_TAXON_ID_IGNORED
2013689522	50c9509d-22c7-4a22-a47d-8c48425ef4a7	https://www.inaturalist.org/observations/20261445	Fungi	Basidiomycota	Agaricomycetes	Agaricales	Inocybaceae	Inocybe	Inocybe geophylla		SPECIES	Inocybe geophylla P.Kumm.	Inocybe geophylla		CA		Ontario	PRESENT		28eb1a3f-1c15-4a95-931a-4af90ecb574d	45.45796	-75.467693	2.0						2010-09-23T16:50	23	9	2010	3330851	3330851	HUMAN_OBSERVATION	iNaturalist	Observations	20261445		jonathan_mack	2019-02-10T20:43:53	CC_BY_NC_4_0	jonathan_mack	jonathan_mack			2025-01-14T12:06:19.667Z	StillImage	COORDINATE_ROUNDED;CONTINENT_DERIVED_FROM_COORDINATES;TAXON_MATCH_TAXON_ID_IGNORED
1990343155	032f1fbe-d21f-407d-be46-5cd1bb1ea397	d35e0919-d829-43bb-a784-05385fa8b6bb	Fungi	Basidiomycota	Agaricomycetes	Agaricales	Inocybaceae	Inocybe	Inocybe geophylla		SPECIES	Inocybe lilacina (Peck) Kauffman	Inocybe lilacina	(Peck) Kauffman	CA	Ste-Anne-de-Bellevue	Québec	PRESENT		61c539d8-47e0-4b82-875f-b95aad66dcd4	45.403276	-73.950361							2015-10-17	17	10	2015	3331644	3330851	PRESERVED_SPECIMEN	TENN-F		TENN-F-071128	HRL2223	P. B. Matheny	2016-09-21T00:00:00	CC0_1_0		R. L.			2025-01-12T10:33:49.940Z		GEODETIC_DATUM_ASSUMED_WGS84;CONTINENT_DERIVED_FROM_COORDINATES;TAXON_MATCH_TAXON_ID_IGNORED;INSTITUTION_MATCH_NONE
1914207320	50c9509d-22c7-4a22-a47d-8c48425ef4a7	https://www.inaturalist.org/observations/16781639	Fungi	Basidiomycota	Agaricomycetes	Agaricales	Inocybaceae	Inocybe	Inocybe geophylla		SPECIES	Inocybe geophylla P.Kumm.	Inocybe geophylla		CA		Ontario	PRESENT		28eb1a3f-1c15-4a95-931a-4af90ecb574d	45.458011	-75.467748	15.0						2016-10-15T14:35	15	10	2016	3330851	3330851	HUMAN_OBSERVATION	iNaturalist	Observations	16781639		jonathan_mack	2018-09-22T02:16:57	CC_BY_NC_4_0	jonathan_mack	jonathan_mack			2025-01-14T12:05:52.768Z	StillImage	COORDINATE_ROUNDED;CONTINENT_DERIVED_FROM_COORDINATES;TAXON_MATCH_TAXON_ID_IGNORED
1807263216	e8a25a42-f125-476c-8554-3ec21cd51a84	ACAD:120324	Fungi	Basidiomycota	Agaricomycetes	Agaricales	Inocybaceae	Inocybe	Inocybe geophylla		SPECIES	Inocybe geophylla P.Kumm.	Inocybe geophylla (Bull.) P. Kumm.	(Bull.) P. Kumm.	CA	Kentville	Nova Scotia	PRESENT		6491ad8c-8e49-4bd4-a089-0ddb3bbe0890	45.07662	-64.49592							1970-09-22	22	9	1970	3330851	3330851	PRESERVED_SPECIMEN	Acadia University	ACAD	9921F	9921	G, D		CC0_1_0	Acadia University	G, D			2024-01-25T01:37:02.805Z	StillImage	GEODETIC_DATUM_INVALID;GEODETIC_DATUM_ASSUMED_WGS84;TAXON_MATCH_TAXON_ID_IGNORED;INSTITUTION_MATCH_FUZZY;COLLECTION_MATCH_FUZZY
1807256087	e8a25a42-f125-476c-8554-3ec21cd51a84	ACAD:112727	Fungi	Basidiomycota	Agaricomycetes	Agaricales	Inocybaceae	Inocybe	Inocybe geophylla		SPECIES	Inocybe geophylla P.Kumm.	Inocybe geophylla (Bull.) P. Kumm.	(Bull.) P. Kumm.	CA	(Kentville)	Nova Scotia	PRESENT		6491ad8c-8e49-4bd4-a089-0ddb3bbe0890	45.07662	-64.49592							1953-09-28	28	9	1953	3330851	3330851	PRESERVED_SPECIMEN	Acadia University	ACAD	2668F	2668			CC0_1_0	Acadia University	H, KA			2024-01-25T01:37:10.846Z	StillImage	GEODETIC_DATUM_INVALID;GEODETIC_DATUM_ASSUMED_WGS84;TAXON_MATCH_TAXON_ID_IGNORED;INSTITUTION_MATCH_FUZZY;COLLECTION_MATCH_FUZZY
1412705947	21705170-d2b6-42de-8904-c3bca4b83591	CMMF014484	Fungi	Basidiomycota	Agaricomycetes	Agaricales	Inocybaceae	Inocybe	Inocybe geophylla		SPECIES	Inocybe geophylla P.Kumm.	Inocybe geophylla (Fr.) P. Kumm.	(Fr.) P. Kumm.	CA	Shipshaw, Québec.	Québec	PRESENT		ff7bd5db-b724-4932-b496-10ea298851f9	48.466834	-71.263421	2500.0						1984-08-18	18	8	1984	3330851	3330851	PRESERVED_SPECIMEN	Université de Montréal Biodiversity Centre	CMMF	CMMF014484	2279	Guérin, Gérard		CC0_1_0	Université de Montréal Biodiversity Centre	Guérin, Gérard			2024-01-24T16:38:19.580Z	StillImage	INSTITUTION_MATCH_FUZZY;COLLECTION_MATCH_FUZZY;DIFFERENT_OWNER_INSTITUTION
1135071433	21705170-d2b6-42de-8904-c3bca4b83591	CMMF009976	Fungi	Basidiomycota	Agaricomycetes	Agaricales	Inocybaceae	Inocybe	Inocybe geophylla		SPECIES	Inocybe lilacina (Peck) Kauffman	Inocybe lilacina (Peck) Kauffman	(Peck) Kauffman	CA	Terrain Ulrich, Lac-Beauport.	Québec	PRESENT		ff7bd5db-b724-4932-b496-10ea298851f9	46.953091	-71.275238	5000.0						2007-09-10	10	9	2007	3331644	3330851	PRESERVED_SPECIMEN	Université de Montréal Biodiversity Centre	CMMF	CMMF009976	1561	Labrecque, Jacqueline		CC0_1_0	Université de Montréal Biodiversity Centre	Labrecque, Jacqueline			2024-01-24T16:38:21.439Z		INSTITUTION_MATCH_FUZZY;COLLECTION_MATCH_FUZZY;DIFFERENT_OWNER_INSTITUTION
1135071378	21705170-d2b6-42de-8904-c3bca4b83591	CMMF009920	Fungi	Basidiomycota	Agaricomycetes	Agaricales	Inocybaceae	Inocybe	Inocybe geophylla		SPECIES	Inocybe geophylla P.Kumm.	Inocybe geophylla (Fr.) P. Kumm.	(Fr.) P. Kumm.	CA	210 de l'Éperon, pelouse, Lac-Beauport.	Québec	PRESENT		ff7bd5db-b724-4932-b496-10ea298851f9	46.964353	-71.306427	100.0						2007-09-04	4	9	2007	3330851	3330851	PRESERVED_SPECIMEN	Université de Montréal Biodiversity Centre	CMMF	CMMF009920	1504	Labrecque, Jacqueline		CC0_1_0	Université de Montréal Biodiversity Centre	Labrecque, Jacqueline			2024-01-24T16:38:21.402Z		INSTITUTION_MATCH_FUZZY;COLLECTION_MATCH_FUZZY;DIFFERENT_OWNER_INSTITUTION
1135070584	21705170-d2b6-42de-8904-c3bca4b83591	CMMF009169	Fungi	Basidiomycota	Agaricomycetes	Agaricales	Inocybaceae	Inocybe	Inocybe geophylla		SPECIES	Inocybe geophylla P.Kumm.	Inocybe geophylla (Fr.) P. Kumm.	(Fr.) P. Kumm.	CA	210 de l'Éperon, pelouse avant, Lac-Beauport.	Québec	PRESENT		ff7bd5db-b724-4932-b496-10ea298851f9	46.964353	-71.306427	100.0						2006-09-13	13	9	2006	3330851	3330851	PRESERVED_SPECIMEN	Université de Montréal Biodiversity Centre	CMMF	CMMF009169	753	Labrecque, Jacqueline		CC0_1_0	Université de Montréal Biodiversity Centre	Labrecque, Jacqueline			2024-01-24T16:38:20.268Z	StillImage	INSTITUTION_MATCH_FUZZY;COLLECTION_MATCH_FUZZY;DIFFERENT_OWNER_INSTITUTION
1135070582	21705170-d2b6-42de-8904-c3bca4b83591	CMMF009135	Fungi	Basidiomycota	Agaricomycetes	Agaricales	Inocybaceae	Inocybe	Inocybe geophylla		SPECIES	Inocybe lilacina (Peck) Kauffman	Inocybe lilacina (Peck) Kauffman	(Peck) Kauffman	CA	Chemin O'Neil, Lac-Beauport.	Québec	PRESENT		ff7bd5db-b724-4932-b496-10ea298851f9	46.953091	-71.275238	5000.0						2006-09-05	5	9	2006	3331644	3330851	PRESERVED_SPECIMEN	Université de Montréal Biodiversity Centre	CMMF	CMMF009135	719	Labrecque, Jacqueline		CC0_1_0	Université de Montréal Biodiversity Centre	Labrecque, Jacqueline			2024-01-24T16:38:20.238Z		INSTITUTION_MATCH_FUZZY;COLLECTION_MATCH_FUZZY;DIFFERENT_OWNER_INSTITUTION
1135070536	21705170-d2b6-42de-8904-c3bca4b83591	CMMF009144	Fungi	Basidiomycota	Agaricomycetes	Agaricales	Inocybaceae	Inocybe	Inocybe geophylla		SPECIES	Inocybe lilacina (Peck) Kauffman	Inocybe lilacina (Peck) Kauffman	(Peck) Kauffman	CA	Chemin O'Neil, Lac-Beauport.	Québec	PRESENT		ff7bd5db-b724-4932-b496-10ea298851f9	46.953091	-71.275238	5000.0						2006-09-09	9	9	2006	3331644	3330851	PRESERVED_SPECIMEN	Université de Montréal Biodiversity Centre	CMMF	CMMF009144	728	Labrecque, Jacqueline		CC0_1_0	Université de Montréal Biodiversity Centre	Labrecque, Jacqueline			2024-01-24T16:38:20.258Z		INSTITUTION_MATCH_FUZZY;COLLECTION_MATCH_FUZZY;DIFFERENT_OWNER_INSTITUTION
1135069753	21705170-d2b6-42de-8904-c3bca4b83591	CMMF008299	Fungi	Basidiomycota	Agaricomycetes	Agaricales	Inocybaceae	Inocybe	Inocybe geophylla		SPECIES	Inocybe geophylla P.Kumm.	Inocybe geophylla (Fr.) P. Kumm.	(Fr.) P. Kumm.	CA	Parc de la Gaspésie (sortie sud)	Québec	PRESENT		ff7bd5db-b724-4932-b496-10ea298851f9	48.856883	-66.20075	100.0						2010-08-10	10	8	2010	3330851	3330851	PRESERVED_SPECIMEN	Université de Montréal Biodiversity Centre	CMMF	CMMF008299	C3694	McNeil, Raymond		CC0_1_0	Université de Montréal Biodiversity Centre	McNeil, Raymond			2024-01-24T16:38:18.331Z	StillImage	COORDINATE_ROUNDED;INSTITUTION_MATCH_FUZZY;COLLECTION_MATCH_FUZZY;DIFFERENT_OWNER_INSTITUTION
1135069640	21705170-d2b6-42de-8904-c3bca4b83591	CMMF008242	Fungi	Basidiomycota	Agaricomycetes	Agaricales	Inocybaceae	Inocybe	Inocybe geophylla		SPECIES	Inocybe geophylla P.Kumm.	Inocybe geophylla (Fr.) P. Kumm.	(Fr.) P. Kumm.	CA	Parc de la Gaspésie (sortie sud)	Québec	PRESENT		ff7bd5db-b724-4932-b496-10ea298851f9	48.856583	-66.19265	100.0						2011-08-10	10	8	2011	3330851	3330851	PRESERVED_SPECIMEN	Université de Montréal Biodiversity Centre	CMMF	CMMF008242	C3845	McNeil, Raymond		CC0_1_0	Université de Montréal Biodiversity Centre	McNeil, Raymond			2024-01-24T16:38:18.291Z	StillImage	COORDINATE_ROUNDED;INSTITUTION_MATCH_FUZZY;COLLECTION_MATCH_FUZZY;DIFFERENT_OWNER_INSTITUTION
1135069581	21705170-d2b6-42de-8904-c3bca4b83591	CMMF008222	Fungi	Basidiomycota	Agaricomycetes	Agaricales	Inocybaceae	Inocybe	Inocybe geophylla		SPECIES	Inocybe geophylla P.Kumm.	Inocybe geophylla (Fr.) P. Kumm.	(Fr.) P. Kumm.	CA	Matane	Québec	PRESENT		ff7bd5db-b724-4932-b496-10ea298851f9	48.821667	-67.537667	100.0						2005-09-02	2	9	2005	3330851	3330851	PRESERVED_SPECIMEN	Université de Montréal Biodiversity Centre	CMMF	CMMF008222	C2392	McNeil, Raymond		CC0_1_0	Université de Montréal Biodiversity Centre	McNeil, Raymond			2024-01-24T16:38:18.353Z	StillImage	COORDINATE_ROUNDED;INSTITUTION_MATCH_FUZZY;COLLECTION_MATCH_FUZZY;DIFFERENT_OWNER_INSTITUTION
1135069576	21705170-d2b6-42de-8904-c3bca4b83591	CMMF008072	Fungi	Basidiomycota	Agaricomycetes	Agaricales	Inocybaceae	Inocybe	Inocybe geophylla		SPECIES	Inocybe geophylla P.Kumm.	Inocybe geophylla (Fr.) P. Kumm.	(Fr.) P. Kumm.	CA	Rivière-Ouelle	Québec	PRESENT		ff7bd5db-b724-4932-b496-10ea298851f9	47.42875	-70.055767	100.0						1984-08-22	22	8	1984	3330851	3330851	PRESERVED_SPECIMEN	Université de Montréal Biodiversity Centre	CMMF	CMMF008072	1663	McNeil, Raymond		CC0_1_0	Université de Montréal Biodiversity Centre	McNeil, Raymond			2024-01-24T16:38:18.103Z	StillImage	COORDINATE_ROUNDED;INSTITUTION_MATCH_FUZZY;COLLECTION_MATCH_FUZZY;DIFFERENT_OWNER_INSTITUTION
1135069501	21705170-d2b6-42de-8904-c3bca4b83591	CMMF008076	Fungi	Basidiomycota	Agaricomycetes	Agaricales	Inocybaceae	Inocybe	Inocybe geophylla		SPECIES	Inocybe geophylla P.Kumm.	Inocybe geophylla (Fr.) P. Kumm.	(Fr.) P. Kumm.	CA	Rivière-Ouelle	Québec	PRESENT		ff7bd5db-b724-4932-b496-10ea298851f9	47.42875	-70.055767	100.0						2009-08-14	14	8	2009	3330851	3330851	PRESERVED_SPECIMEN	Université de Montréal Biodiversity Centre	CMMF	CMMF008076	C3543	McNeil, Raymond		CC0_1_0	Université de Montréal Biodiversity Centre	McNeil, Raymond			2024-01-24T16:38:18.105Z	StillImage	COORDINATE_ROUNDED;INSTITUTION_MATCH_FUZZY;COLLECTION_MATCH_FUZZY;DIFFERENT_OWNER_INSTITUTION
1135069261	21705170-d2b6-42de-8904-c3bca4b83591	CMMF007760	Fungi	Basidiomycota	Agaricomycetes	Agaricales	Inocybaceae	Inocybe	Inocybe geophylla		SPECIES	Inocybe geophylla P.Kumm.	Inocybe geophylla (Fr.) P. Kumm.	(Fr.) P. Kumm.	CA	Rawdon	Québec	PRESENT		ff7bd5db-b724-4932-b496-10ea298851f9	46.040717	-73.709233	100.0						1982-09-11	11	9	1982	3330851	3330851	PRESERVED_SPECIMEN	Université de Montréal Biodiversity Centre	CMMF	CMMF007760	1420	McNeil, Raymond		CC0_1_0	Université de Montréal Biodiversity Centre	McNeil, Raymond			2024-01-24T16:38:16.160Z	StillImage	COORDINATE_ROUNDED;INSTITUTION_MATCH_FUZZY;COLLECTION_MATCH_FUZZY;DIFFERENT_OWNER_INSTITUTION
1135068775	21705170-d2b6-42de-8904-c3bca4b83591	CMMF007284	Fungi	Basidiomycota	Agaricomycetes	Agaricales	Inocybaceae	Inocybe	Inocybe geophylla		SPECIES	Inocybe lilacina (Peck) Kauffman	Inocybe lilacina (Peck) Kauffman	(Peck) Kauffman	CA	St-André-Avellin	Québec	PRESENT		ff7bd5db-b724-4932-b496-10ea298851f9	45.728583	-73.0653	100.0						2011-09-09	9	9	2011	3331644	3330851	PRESERVED_SPECIMEN	Université de Montréal Biodiversity Centre	CMMF	CMMF007284	C3934	McNeil, Raymond		CC0_1_0	Université de Montréal Biodiversity Centre	McNeil, Raymond			2024-01-24T16:38:21.259Z	StillImage	COORDINATE_ROUNDED;INSTITUTION_MATCH_FUZZY;COLLECTION_MATCH_FUZZY;DIFFERENT_OWNER_INSTITUTION
1135067447	21705170-d2b6-42de-8904-c3bca4b83591	CMMF006035	Fungi	Basidiomycota	Agaricomycetes	Agaricales	Inocybaceae	Inocybe	Inocybe geophylla		SPECIES	Inocybe lilacina (Peck) Kauffman	Inocybe lilacina (Peck) Kauffman	(Peck) Kauffman	CA	Châteauguay (Centre écologique Fernand-Seguin)	Québec	PRESENT		ff7bd5db-b724-4932-b496-10ea298851f9	45.33983	-73.773917	100.0						2011-09-12	12	9	2011	3331644	3330851	PRESERVED_SPECIMEN	Université de Montréal Biodiversity Centre	CMMF	CMMF006035	C3950	McNeil, Raymond		CC0_1_0	Université de Montréal Biodiversity Centre	McNeil, Raymond			2024-01-24T16:38:18.028Z	StillImage	COORDINATE_ROUNDED;INSTITUTION_MATCH_FUZZY;COLLECTION_MATCH_FUZZY;DIFFERENT_OWNER_INSTITUTION
1135067431	21705170-d2b6-42de-8904-c3bca4b83591	CMMF005958	Fungi	Basidiomycota	Agaricomycetes	Agaricales	Inocybaceae	Inocybe	Inocybe geophylla		SPECIES	Inocybe lilacina (Peck) Kauffman	Inocybe lilacina (Peck) Kauffman	(Peck) Kauffman	CA	Châteauguay (Centre écologique Fernand-Seguin)	Québec	PRESENT		ff7bd5db-b724-4932-b496-10ea298851f9	45.33983	-73.773917	100.0						2011-09-12	12	9	2011	3331644	3330851	PRESERVED_SPECIMEN	Université de Montréal Biodiversity Centre	CMMF	CMMF005958	C3951	McNeil, Raymond		CC0_1_0	Université de Montréal Biodiversity Centre	McNeil, Raymond			2024-01-24T16:38:16.938Z	StillImage	COORDINATE_ROUNDED;INSTITUTION_MATCH_FUZZY;COLLECTION_MATCH_FUZZY;DIFFERENT_OWNER_INSTITUTION
1135067114	21705170-d2b6-42de-8904-c3bca4b83591	CMMF010534	Fungi	Basidiomycota	Agaricomycetes	Agaricales	Inocybaceae	Inocybe	Inocybe geophylla		SPECIES	Inocybe geophylla P.Kumm.	Inocybe geophylla (Fr.) P. Kumm.	(Fr.) P. Kumm.	CA	210 de l'Éperon, Lac-Beauport.	Québec	PRESENT		ff7bd5db-b724-4932-b496-10ea298851f9	46.964353	-71.306427	200.0						2008-09-17	17	9	2008	3330851	3330851	PRESERVED_SPECIMEN	Université de Montréal Biodiversity Centre	CMMF	CMMF010534	2120	Labrecque, Jacqueline		CC0_1_0	Université de Montréal Biodiversity Centre	Labrecque, Jacqueline			2024-01-24T16:38:21.751Z		INSTITUTION_MATCH_FUZZY;COLLECTION_MATCH_FUZZY;DIFFERENT_OWNER_INSTITUTION
1135066835	21705170-d2b6-42de-8904-c3bca4b83591	CMMF010248	Fungi	Basidiomycota	Agaricomycetes	Agaricales	Inocybaceae	Inocybe	Inocybe geophylla		SPECIES	Inocybe lilacina (Peck) Kauffman	Inocybe lilacina (Peck) Kauffman	(Peck) Kauffman	CA	Parc des Moulins, Québec.	Québec	PRESENT		ff7bd5db-b724-4932-b496-10ea298851f9	46.887678	-71.301288	600.0						2007-10-20	20	10	2007	3331644	3330851	PRESERVED_SPECIMEN	Université de Montréal Biodiversity Centre	CMMF	CMMF010248	1834	Labrecque, Jacqueline		CC0_1_0	Université de Montréal Biodiversity Centre	Labrecque, Jacqueline			2024-01-24T16:38:21.526Z		INSTITUTION_MATCH_FUZZY;COLLECTION_MATCH_FUZZY;DIFFERENT_OWNER_INSTITUTION
1024558798	21705170-d2b6-42de-8904-c3bca4b83591	CMMF004483	Fungi	Basidiomycota	Agaricomycetes	Agaricales	Inocybaceae	Inocybe	Inocybe geophylla		SPECIES	Inocybe geophylla P.Kumm.	Inocybe geophylla (Fr.) P. Kumm.	(Fr.) P. Kumm.	CA	Réserve écologique du Boisé-des-Muir, Hinchinbrooke.	Québec	PRESENT		ff7bd5db-b724-4932-b496-10ea298851f9	45.086901	-74.11437	30.0						2012-09-17	17	9	2012	3330851	3330851	PRESERVED_SPECIMEN	Université de Montréal Biodiversity Centre	CMMF	CMMF004483	510	McNeil, Raymond		CC0_1_0	Université de Montréal Biodiversity Centre	Langlois, Annabelle; McNeil, Raymond; Turgon, Jean-Pierre			2024-01-24T16:38:19.740Z	StillImage	INSTITUTION_MATCH_FUZZY;COLLECTION_MATCH_FUZZY;DIFFERENT_OWNER_INSTITUTION
