gbifID	datasetKey	occurrenceID	kingdom	phylum	class	order	family	genus	species	infraspecificEpithet	taxonRank	scientificName	verbatimScientificName	verbatimScientificNameAuthorship	countryCode	locality	stateProvince	occurrenceStatus	individualCount	publishingOrgKey	decimalLatitude	decimalLongitude	coordinateUncertaintyInMeters	coordinatePrecision	elevation	elevationAccuracy	depth	depthAccuracy	eventDate	day	month	year	taxonKey	speciesKey	basisOfRecord	institutionCode	collectionCode	catalogNumber	recordNumber	identifiedBy	dateIdentified	license	rightsHolder	recordedBy	typeStatus	establishmentMeans	lastInterpreted	mediaType	issue
617555095	21705170-d2b6-42de-8904-c3bca4b83591	CMMF000655	Fungi	Basidiomycota	Agaricomycetes	Agaricales	Mycenaceae	Mycena	Mycena pura		SPECIES	Mycena pura (Pers.) P.Kumm.	Mycena pura (Pers.) P. Kumm.	(Pers.) P. Kumm.	CA	Saint-Herménégilde	Québec	PRESENT		ff7bd5db-b724-4932-b496-10ea298851f9	45.105574	-71.672847	3000.0						1989-08-23	23	8	1989	2527219	2527219	PRESERVED_SPECIMEN	Université de Montréal Biodiversity Centre	CMMF	CMMF000655		Lamoureux, Yves		CC0_1_0	Université de Montréal Biodiversity Centre	Lamoureux, Yves			2024-01-24T16:38:20.109Z	StillImage	INSTITUTION_MATCH_FUZZY;COLLECTION_MATCH_FUZZY;DIFFERENT_OWNER_INSTITUTION
617550255	21705170-d2b6-42de-8904-c3bca4b83591	CMMF002194	Fungi	Basidiomycota	Agaricomycetes	Agaricales	Mycenaceae	Mycena	Mycena pura		SPECIES	Mycena pura (Pers.) P.Kumm.	Mycena pura (Pers.) P. Kumm.	(Pers.) P. Kumm.	CA	Saint-Herménégilde	Québec	PRESENT		ff7bd5db-b724-4932-b496-10ea298851f9	45.105574	-71.672847	3000.0						1994-07-20	20	7	1994	2527219	2527219	PRESERVED_SPECIMEN	Université de Montréal Biodiversity Centre	CMMF	CMMF002194		Lamoureux, Yves		CC0_1_0	Université de Montréal Biodiversity Centre	Lamoureux, Yves			2024-01-24T16:38:19.399Z	StillImage	INSTITUTION_MATCH_FUZZY;COLLECTION_MATCH_FUZZY;DIFFERENT_OWNER_INSTITUTION
617550150	21705170-d2b6-42de-8904-c3bca4b83591	CMMF000215	Fungi	Basidiomycota	Agaricomycetes	Agaricales	Mycenaceae	Mycena	Mycena pura		SPECIES	Mycena pura (Pers.) P.Kumm.	Mycena pura (Pers.) P. Kumm.	(Pers.) P. Kumm.	CA	Saint-Herménégilde	Québec	PRESENT		ff7bd5db-b724-4932-b496-10ea298851f9	45.105574	-71.672847	3000.0						1988-08-21	21	8	1988	2527219	2527219	PRESERVED_SPECIMEN	Université de Montréal Biodiversity Centre	CMMF	CMMF000215		Lamoureux, Yves		CC0_1_0	Université de Montréal Biodiversity Centre	Lamoureux, Yves			2024-01-24T16:38:20.652Z	StillImage	INSTITUTION_MATCH_FUZZY;COLLECTION_MATCH_FUZZY;DIFFERENT_OWNER_INSTITUTION
5008390362	50c9509d-22c7-4a22-a47d-8c48425ef4a7	https://www.inaturalist.org/observations/256446614	Fungi	Basidiomycota	Agaricomycetes	Agaricales	Mycenaceae	Mycena	Mycena pura		SPECIES	Mycena pura (Pers.) P.Kumm.	Mycena pura		CA		Québec	PRESENT		28eb1a3f-1c15-4a95-931a-4af90ecb574d	45.874324	-76.432934	1183.0						2024-08-30T13:27	30	8	2024	2527219	2527219	HUMAN_OBSERVATION	iNaturalist	Observations	256446614		L Joan Heyding	2024-12-28T01:17:54	CC_BY_NC_4_0	L Joan Heyding	L Joan Heyding			2025-01-14T13:42:05.313Z	StillImage	COORDINATE_ROUNDED;CONTINENT_DERIVED_FROM_COORDINATES;TAXON_MATCH_TAXON_ID_IGNORED
4950601319	50c9509d-22c7-4a22-a47d-8c48425ef4a7	https://www.inaturalist.org/observations/242567860	Fungi	Basidiomycota	Agaricomycetes	Agaricales	Mycenaceae	Mycena	Mycena pura		SPECIES	Mycena pura (Pers.) P.Kumm.	Mycena pura		CA		Québec	PRESENT		28eb1a3f-1c15-4a95-931a-4af90ecb574d	45.872811	-76.4339	501.0						2024-09-13T16:50	13	9	2024	2527219	2527219	HUMAN_OBSERVATION	iNaturalist	Observations	242567860		L Joan Heyding	2024-09-18T21:39:00	CC_BY_NC_4_0	L Joan Heyding	L Joan Heyding			2025-01-14T13:37:33.070Z	StillImage	COORDINATE_ROUNDED;CONTINENT_DERIVED_FROM_COORDINATES;TAXON_MATCH_TAXON_ID_IGNORED
4909246334	50c9509d-22c7-4a22-a47d-8c48425ef4a7	https://www.inaturalist.org/observations/230018483	Fungi	Basidiomycota	Agaricomycetes	Agaricales	Mycenaceae	Mycena	Mycena pura		SPECIES	Mycena pura (Pers.) P.Kumm.	Mycena pura		CA		Ontario	PRESENT		28eb1a3f-1c15-4a95-931a-4af90ecb574d	45.478662	-78.375587	10.0						2024-07-14T14:25:22	14	7	2024	2527219	2527219	HUMAN_OBSERVATION	iNaturalist	Observations	230018483		Lynn Ovenden	2024-07-18T02:05:52	CC_BY_NC_4_0	Lynn Ovenden	Lynn Ovenden			2025-01-14T13:42:38.658Z	StillImage	COORDINATE_ROUNDED;CONTINENT_DERIVED_FROM_COORDINATES;TAXON_MATCH_TAXON_ID_IGNORED
4606583383	50c9509d-22c7-4a22-a47d-8c48425ef4a7	https://www.inaturalist.org/observations/136228379	Fungi	Basidiomycota	Agaricomycetes	Agaricales	Mycenaceae	Mycena	Mycena pura		SPECIES	Mycena pura (Pers.) P.Kumm.	Mycena pura		CA		Ontario	PRESENT		28eb1a3f-1c15-4a95-931a-4af90ecb574d	45.454332	-75.548811	31.0						2022-09-23T13:38	23	9	2022	2527219	2527219	HUMAN_OBSERVATION	iNaturalist	Observations	136228379		jonathan_mack	2022-09-24T01:51:40	CC_BY_NC_4_0	jonathan_mack	jonathan_mack			2025-01-14T12:31:59.815Z	StillImage	COORDINATE_ROUNDED;CONTINENT_DERIVED_FROM_COORDINATES;TAXON_MATCH_TAXON_ID_IGNORED
4606553784	50c9509d-22c7-4a22-a47d-8c48425ef4a7	https://www.inaturalist.org/observations/97160563	Fungi	Basidiomycota	Agaricomycetes	Agaricales	Mycenaceae	Mycena	Mycena pura		SPECIES	Mycena pura (Pers.) P.Kumm.	Mycena pura		CA		Ontario	PRESENT		28eb1a3f-1c15-4a95-931a-4af90ecb574d	45.065746	-76.3919	8.0						2021-10-04T11:50:17	4	10	2021	2527219	2527219	HUMAN_OBSERVATION	iNaturalist	Observations	97160563		Janet Dagenais Rockburn	2021-10-04T21:47:56	CC_BY_NC_4_0	Janet Dagenais Rockburn	Janet Dagenais Rockburn			2025-01-14T12:22:34.485Z	StillImage	COORDINATE_ROUNDED;CONTINENT_DERIVED_FROM_COORDINATES;TAXON_MATCH_TAXON_ID_IGNORED
4606552806	50c9509d-22c7-4a22-a47d-8c48425ef4a7	https://www.inaturalist.org/observations/96032214	Fungi	Basidiomycota	Agaricomycetes	Agaricales	Mycenaceae	Mycena	Mycena pura		SPECIES	Mycena pura (Pers.) P.Kumm.	Mycena pura		CA		Ontario	PRESENT		28eb1a3f-1c15-4a95-931a-4af90ecb574d	45.516002	-75.343911	31.0						2021-09-24T13:25	24	9	2021	2527219	2527219	HUMAN_OBSERVATION	iNaturalist	Observations	96032214		jonathan_mack	2021-09-25T01:28:00	CC_BY_NC_4_0	jonathan_mack	jonathan_mack			2025-01-14T12:22:41.817Z	StillImage	COORDINATE_ROUNDED;CONTINENT_DERIVED_FROM_COORDINATES;TAXON_MATCH_TAXON_ID_IGNORED
4597273343	50c9509d-22c7-4a22-a47d-8c48425ef4a7	https://www.inaturalist.org/observations/181196702	Fungi	Basidiomycota	Agaricomycetes	Agaricales	Mycenaceae	Mycena	Mycena pura		SPECIES	Mycena pura (Pers.) P.Kumm.	Mycena pura		CA		Québec	PRESENT		28eb1a3f-1c15-4a95-931a-4af90ecb574d	45.912201	-71.128555	9004.0						2023-08-31T18:19:18	31	8	2023	2527219	2527219	HUMAN_OBSERVATION	iNaturalist	Observations	181196702		nananic	2023-09-01T13:43:19	CC_BY_NC_4_0	nananic	nananic			2025-01-14T13:28:52.224Z	StillImage	COORDINATE_ROUNDED;CONTINENT_DERIVED_FROM_COORDINATES;TAXON_MATCH_TAXON_ID_IGNORED
4597148295	50c9509d-22c7-4a22-a47d-8c48425ef4a7	https://www.inaturalist.org/observations/180661623	Fungi	Basidiomycota	Agaricomycetes	Agaricales	Mycenaceae	Mycena	Mycena pura		SPECIES	Mycena pura (Pers.) P.Kumm.	Mycena pura		CA		Québec	PRESENT		28eb1a3f-1c15-4a95-931a-4af90ecb574d	46.30227	-73.097411	4.0						2023-08-27T12:00:21	27	8	2023	2527219	2527219	HUMAN_OBSERVATION	iNaturalist	Observations	180661623		timfoster	2023-09-01T23:25:53	CC_BY_NC_4_0	timfoster	timfoster			2025-01-14T14:11:30.289Z	StillImage	COORDINATE_ROUNDED;CONTINENT_DERIVED_FROM_COORDINATES;TAXON_MATCH_TAXON_ID_IGNORED
4414228698	50c9509d-22c7-4a22-a47d-8c48425ef4a7	https://www.inaturalist.org/observations/183622858	Fungi	Basidiomycota	Agaricomycetes	Agaricales	Mycenaceae	Mycena	Mycena pura		SPECIES	Mycena pura (Pers.) P.Kumm.	Mycena pura		CA		Ontario	PRESENT		28eb1a3f-1c15-4a95-931a-4af90ecb574d	45.487777	-79.133399	27158.0						2023-09-16T10:46:01	16	9	2023	2527219	2527219	HUMAN_OBSERVATION	iNaturalist	Observations	183622858		Lee Cumming	2023-09-17T05:31:04	CC_BY_NC_4_0	Lee Cumming	Lee Cumming			2025-01-14T13:27:41.097Z	StillImage	COORDINATE_ROUNDED;CONTINENT_DERIVED_FROM_COORDINATES;TAXON_MATCH_TAXON_ID_IGNORED
4405282871	50c9509d-22c7-4a22-a47d-8c48425ef4a7	https://www.inaturalist.org/observations/179876150	Fungi	Basidiomycota	Agaricomycetes	Agaricales	Mycenaceae	Mycena	Mycena pura		SPECIES	Mycena pura (Pers.) P.Kumm.	Mycena pura		CA		Ontario	PRESENT		28eb1a3f-1c15-4a95-931a-4af90ecb574d	45.438115	-76.026002							2023-08-23T09:49	23	8	2023	2527219	2527219	HUMAN_OBSERVATION	iNaturalist	Observations	179876150		Nicolas Schwab	2023-08-23T21:04:40	CC_BY_NC_4_0	Igor Khomenko	Igor Khomenko			2025-01-14T12:42:10.834Z	StillImage	COORDINATE_ROUNDED;CONTINENT_DERIVED_FROM_COORDINATES;TAXON_MATCH_TAXON_ID_IGNORED
4166448821	695cef75-b65f-4776-b2ed-74565eebb16e	02-01000961506	Fungi	Basidiomycota	Agaricomycetes	Agaricales	Mycenaceae	Mycena	Mycena pura		SPECIES	Mycena pura (Pers.) P.Kumm.	Mycena pura	(Pers.) P. Kumm.	CA	Forêt Larose	Ontario	PRESENT		055bd978-2daa-4543-b3f0-44e0e87e86ca	45.383333	-75.25							1987-10-01	1	10	1987	2527219	2527219	PRESERVED_SPECIMEN	AAFC	DAOM	197991		Y. Dalpé		CC_BY_4_0	©His Majesty the King in Right of Canada, as represented by the Minister of Agriculture and Agri-Food	Y. Dalpé 2550			2025-01-12T05:11:16.518Z		GEODETIC_DATUM_ASSUMED_WGS84;CONTINENT_DERIVED_FROM_COORDINATES;TAXON_MATCH_TAXON_ID_IGNORED;INSTITUTION_MATCH_FUZZY
4166314742	695cef75-b65f-4776-b2ed-74565eebb16e	02-01000961510	Fungi	Basidiomycota	Agaricomycetes	Agaricales	Mycenaceae	Mycena	Mycena pura		SPECIES	Mycena pura (Pers.) P.Kumm.	Mycena pura	(Pers.) P. Kumm.	CA	South Lookout Trail	Ontario	PRESENT		055bd978-2daa-4543-b3f0-44e0e87e86ca	45.575	-78.408333							1974-08-23	23	8	1974	2527219	2527219	PRESERVED_SPECIMEN	AAFC	DAOM	186709		D. Malloch		CC_BY_4_0	©His Majesty the King in Right of Canada, as represented by the Minister of Agriculture and Agri-Food	P. Johnson			2025-01-12T05:11:16.287Z		GEODETIC_DATUM_ASSUMED_WGS84;CONTINENT_DERIVED_FROM_COORDINATES;TAXON_MATCH_TAXON_ID_IGNORED;INSTITUTION_MATCH_FUZZY
4166307561	695cef75-b65f-4776-b2ed-74565eebb16e	02-01000961509	Fungi	Basidiomycota	Agaricomycetes	Agaricales	Mycenaceae	Mycena	Mycena pura		SPECIES	Mycena pura (Pers.) P.Kumm.	Mycena pura	(Pers.) P. Kumm.	CA	Hemlock Bluff Trail	Ontario	PRESENT		055bd978-2daa-4543-b3f0-44e0e87e86ca	45.575	-78.55							1975-07-26	26	7	1975	2527219	2527219	PRESERVED_SPECIMEN	AAFC	DAOM	186810		J.F. Ammirati		CC_BY_4_0	©His Majesty the King in Right of Canada, as represented by the Minister of Agriculture and Agri-Food	J.F. Ammirati 6948			2025-01-12T05:11:16.372Z		GEODETIC_DATUM_ASSUMED_WGS84;CONTINENT_DERIVED_FROM_COORDINATES;TAXON_MATCH_TAXON_ID_IGNORED;INSTITUTION_MATCH_FUZZY
4102676460	50c9509d-22c7-4a22-a47d-8c48425ef4a7	https://www.inaturalist.org/observations/137285384	Fungi	Basidiomycota	Agaricomycetes	Agaricales	Mycenaceae	Mycena	Mycena pura		SPECIES	Mycena pura (Pers.) P.Kumm.	Mycena pura		CA		Québec	PRESENT		28eb1a3f-1c15-4a95-931a-4af90ecb574d	45.622493	-75.0308							2022-10-01T10:52	1	10	2022	2527219	2527219	HUMAN_OBSERVATION	iNaturalist	Observations	137285384		jonathan_mack	2022-10-02T15:12:41	CC_BY_NC_4_0	jonathan_mack	jonathan_mack			2025-01-14T12:31:47.369Z	StillImage	COORDINATE_ROUNDED;CONTINENT_DERIVED_FROM_COORDINATES;TAXON_MATCH_TAXON_ID_IGNORED
3947411328	50c9509d-22c7-4a22-a47d-8c48425ef4a7	https://www.inaturalist.org/observations/138663167	Fungi	Basidiomycota	Agaricomycetes	Agaricales	Mycenaceae	Mycena	Mycena pura		SPECIES	Mycena pura (Pers.) P.Kumm.	Mycena pura		CA		Québec	PRESENT		28eb1a3f-1c15-4a95-931a-4af90ecb574d	45.8021	-76.507663	27095.0						2022-10-08T15:14	8	10	2022	2527219	2527219	HUMAN_OBSERVATION	iNaturalist	Observations	138663167		L Joan Heyding	2022-10-13T23:06:06	CC_BY_NC_4_0	L Joan Heyding	L Joan Heyding			2025-01-14T12:31:56.732Z	StillImage	COORDINATE_ROUNDED;CONTINENT_DERIVED_FROM_COORDINATES;TAXON_MATCH_TAXON_ID_IGNORED
3912179495	50c9509d-22c7-4a22-a47d-8c48425ef4a7	https://www.inaturalist.org/observations/135166790	Fungi	Basidiomycota	Agaricomycetes	Agaricales	Mycenaceae	Mycena	Mycena pura		SPECIES	Mycena pura (Pers.) P.Kumm.	Mycena pura		CA		Ontario	PRESENT		28eb1a3f-1c15-4a95-931a-4af90ecb574d	45.404223	-75.560042							2022-09-15T11:34	15	9	2022	2527219	2527219	HUMAN_OBSERVATION	iNaturalist	Observations	135166790		Igor Khomenko	2022-09-15T20:35:08	CC_BY_NC_4_0	Igor Khomenko	Igor Khomenko			2025-01-14T12:31:35.151Z	StillImage	COORDINATE_ROUNDED;CONTINENT_DERIVED_FROM_COORDINATES;TAXON_MATCH_TAXON_ID_IGNORED
3912039057	50c9509d-22c7-4a22-a47d-8c48425ef4a7	https://www.inaturalist.org/observations/135016768	Fungi	Basidiomycota	Agaricomycetes	Agaricales	Mycenaceae	Mycena	Mycena pura		SPECIES	Mycena pura (Pers.) P.Kumm.	Mycena pura		CA		Ontario	PRESENT		28eb1a3f-1c15-4a95-931a-4af90ecb574d	45.352103	-75.587727							2022-09-14T12:05	14	9	2022	2527219	2527219	HUMAN_OBSERVATION	iNaturalist	Observations	135016768		Igor Khomenko	2022-09-14T19:31:02	CC_BY_NC_4_0	Igor Khomenko	Igor Khomenko			2025-01-14T12:32:48.444Z	StillImage	COORDINATE_ROUNDED;CONTINENT_DERIVED_FROM_COORDINATES;TAXON_MATCH_TAXON_ID_IGNORED
3881822379	50c9509d-22c7-4a22-a47d-8c48425ef4a7	https://www.inaturalist.org/observations/93485298	Fungi	Basidiomycota	Agaricomycetes	Agaricales	Mycenaceae	Mycena	Mycena pura		SPECIES	Mycena pura (Pers.) P.Kumm.	Mycena pura		CA		New Brunswick	PRESENT		28eb1a3f-1c15-4a95-931a-4af90ecb574d	45.679118	-65.670079	27126.0						2021-09-03T13:31:35	3	9	2021	2527219	2527219	HUMAN_OBSERVATION	iNaturalist	Observations	93485298		cinna_latifolia	2021-09-03T17:02:04	CC_BY_NC_4_0	Shane Mercer	Shane Mercer			2025-01-14T12:22:06.583Z	StillImage	COORDINATE_ROUNDED;CONTINENT_DERIVED_FROM_COORDINATES;TAXON_MATCH_TAXON_ID_IGNORED
3759853744	50c9509d-22c7-4a22-a47d-8c48425ef4a7	https://www.inaturalist.org/observations/95906664	Fungi	Basidiomycota	Agaricomycetes	Agaricales	Mycenaceae	Mycena	Mycena pura		SPECIES	Mycena pura (Pers.) P.Kumm.	Mycena pura		CA		New Brunswick	PRESENT		28eb1a3f-1c15-4a95-931a-4af90ecb574d	47.621044	-65.674761							2021-09-23T14:57:51	23	9	2021	2527219	2527219	HUMAN_OBSERVATION	iNaturalist	Observations	95906664		cinna_latifolia	2022-03-20T02:05:26	CC_BY_NC_4_0	axelle-armande	axelle-armande			2025-01-14T13:10:42.174Z	StillImage	COORDINATE_ROUNDED;CONTINENT_DERIVED_FROM_COORDINATES;TAXON_MATCH_TAXON_ID_IGNORED
3399470077	50c9509d-22c7-4a22-a47d-8c48425ef4a7	https://www.inaturalist.org/observations/99276743	Fungi	Basidiomycota	Agaricomycetes	Agaricales	Mycenaceae	Mycena	Mycena pura		SPECIES	Mycena pura (Pers.) P.Kumm.	Mycena pura		CA		Ontario	PRESENT		28eb1a3f-1c15-4a95-931a-4af90ecb574d	45.444019	-75.181909	31.0						2021-10-23T10:21	23	10	2021	2527219	2527219	HUMAN_OBSERVATION	iNaturalist	Observations	99276743		jonathan_mack	2021-10-24T22:51:17	CC_BY_NC_4_0	jonathan_mack	jonathan_mack			2025-01-14T12:23:48.230Z	StillImage	COORDINATE_ROUNDED;CONTINENT_DERIVED_FROM_COORDINATES;TAXON_MATCH_TAXON_ID_IGNORED
3385118196	50c9509d-22c7-4a22-a47d-8c48425ef4a7	https://www.inaturalist.org/observations/96034749	Fungi	Basidiomycota	Agaricomycetes	Agaricales	Mycenaceae	Mycena	Mycena pura		SPECIES	Mycena pura (Pers.) P.Kumm.	Mycena pura		CA		Ontario	PRESENT		28eb1a3f-1c15-4a95-931a-4af90ecb574d	45.05125	-75.861115							2021-09-24T16:53:05	24	9	2021	2527219	2527219	HUMAN_OBSERVATION	iNaturalist	Observations	96034749		Alexis Williams	2021-09-25T02:00:24	CC_BY_4_0	Alexis Williams	Alexis Williams			2025-01-14T12:21:39.372Z	StillImage	COORDINATE_ROUNDED;CONTINENT_DERIVED_FROM_COORDINATES;TAXON_MATCH_TAXON_ID_IGNORED
3384983582	50c9509d-22c7-4a22-a47d-8c48425ef4a7	https://www.inaturalist.org/observations/94494972	Fungi	Basidiomycota	Agaricomycetes	Agaricales	Mycenaceae	Mycena	Mycena pura		SPECIES	Mycena pura (Pers.) P.Kumm.	Mycena pura		CA		Ontario	PRESENT		28eb1a3f-1c15-4a95-931a-4af90ecb574d	45.047558	-79.30642	16.0						2021-09-11T15:05:21	11	9	2021	2527219	2527219	HUMAN_OBSERVATION	iNaturalist	Observations	94494972		⋆ 🐁 ♥ 𝔢𝔯𝔦𝔫 ♥ 🐁 ⋆	2021-09-11T21:28:12	CC_BY_NC_4_0	⋆ 🐁 ♥ 𝔢𝔯𝔦𝔫 ♥ 🐁 ⋆	⋆ 🐁 ♥ 𝔢𝔯𝔦𝔫 ♥ 🐁 ⋆			2025-01-14T12:24:23.278Z	StillImage	COORDINATE_ROUNDED;CONTINENT_DERIVED_FROM_COORDINATES;TAXON_MATCH_TAXON_ID_IGNORED
3384531447	50c9509d-22c7-4a22-a47d-8c48425ef4a7	https://www.inaturalist.org/observations/97236855	Fungi	Basidiomycota	Agaricomycetes	Agaricales	Mycenaceae	Mycena	Mycena pura		SPECIES	Mycena pura (Pers.) P.Kumm.	Mycena pura		CA		Ontario	PRESENT		28eb1a3f-1c15-4a95-931a-4af90ecb574d	45.199872	-75.979242	6.0						2021-10-04T16:17:56	4	10	2021	2527219	2527219	HUMAN_OBSERVATION	iNaturalist	Observations	97236855		Keith Seifert	2021-10-05T12:29:37	CC0_1_0	Keith Seifert	Keith Seifert			2025-01-14T12:23:06.384Z	StillImage	COORDINATE_ROUNDED;CONTINENT_DERIVED_FROM_COORDINATES;TAXON_MATCH_TAXON_ID_IGNORED
3351714227	d8cd16ba-bb74-4420-821e-083f2bac17c2	MN992476	Fungi	Basidiomycota	Agaricomycetes	Agaricales	Mycenaceae	Mycena	Mycena pura		SPECIES	Mycena pura (Pers.) P.Kumm.	Mycena pura		CA	Quebec, Anticosti		PRESENT		ada9d123-ddb4-467d-8891-806ea8d94230	49.85	-64.43							2015-09-08	8	9	2015	2527219	2527219	PRESERVED_SPECIMEN			ANT133-QFB28768		Renee Lebeuf		CC_BY_4_0		Lambert, H.			2025-01-18T13:05:50.793Z		GEODETIC_DATUM_ASSUMED_WGS84;CONTINENT_DERIVED_FROM_COORDINATES;TAXON_MATCH_TAXON_CONCEPT_ID_IGNORED;TAXON_MATCH_TAXON_ID_IGNORED
3351710209	d8cd16ba-bb74-4420-821e-083f2bac17c2	MN992477	Fungi	Basidiomycota	Agaricomycetes	Agaricales	Mycenaceae	Mycena	Mycena pura		SPECIES	Mycena pura (Pers.) P.Kumm.	Mycena pura		CA	Quebec, Anticosti		PRESENT		ada9d123-ddb4-467d-8891-806ea8d94230	49.9	-64.4							2015-09-09	9	9	2015	2527219	2527219	PRESERVED_SPECIMEN			ANT172-QFB28590		Renee Lebeuf		CC_BY_4_0					2025-01-18T13:05:50.720Z		GEODETIC_DATUM_ASSUMED_WGS84;CONTINENT_DERIVED_FROM_COORDINATES;TAXON_MATCH_TAXON_CONCEPT_ID_IGNORED;TAXON_MATCH_TAXON_ID_IGNORED
2901765581	50c9509d-22c7-4a22-a47d-8c48425ef4a7	https://www.inaturalist.org/observations/62249798	Fungi	Basidiomycota	Agaricomycetes	Agaricales	Mycenaceae	Mycena	Mycena pura		SPECIES	Mycena pura (Pers.) P.Kumm.	Mycena pura		CA		Ontario	PRESENT		28eb1a3f-1c15-4a95-931a-4af90ecb574d	45.371337	-75.233158	340.0						2020-10-08T14:15:46	8	10	2020	2527219	2527219	HUMAN_OBSERVATION	iNaturalist	Observations	62249798		Lynn Ovenden	2020-10-10T23:29:41	CC_BY_NC_4_0	Lynn Ovenden	Lynn Ovenden			2025-01-14T12:15:42.853Z	StillImage	COORDINATE_ROUNDED;CONTINENT_DERIVED_FROM_COORDINATES;TAXON_MATCH_TAXON_ID_IGNORED
2423613009	21705170-d2b6-42de-8904-c3bca4b83591	CMMF018629	Fungi	Basidiomycota	Agaricomycetes	Agaricales	Mycenaceae	Mycena	Mycena pura		SPECIES	Mycena pura (Pers.) P.Kumm.	Mycena pura (Pers.) P. Kumm.	(Pers.) P. Kumm.	CA	Station de biologie des Laurentides, Université de Montréal, quadrat 1.	Québec	PRESENT		ff7bd5db-b724-4932-b496-10ea298851f9	45.983387	-74.016094	100.0		371.0				1985-07-22	22	7	1985	2527219	2527219	PRESERVED_SPECIMEN	Université de Montréal Biodiversity Centre	CMMF	CMMF018629	Q1.2207.6	Nantel, Patrick		CC0_1_0	Université de Montréal Biodiversity Centre	Nantel, Patrick			2024-01-24T16:38:18.452Z		INSTITUTION_MATCH_FUZZY;COLLECTION_MATCH_FUZZY;DIFFERENT_OWNER_INSTITUTION
2350312887	50c9509d-22c7-4a22-a47d-8c48425ef4a7	https://www.inaturalist.org/observations/27732976	Fungi	Basidiomycota	Agaricomycetes	Agaricales	Mycenaceae	Mycena	Mycena pura		SPECIES	Mycena pura (Pers.) P.Kumm.	Mycena pura		CA		Ontario	PRESENT		28eb1a3f-1c15-4a95-931a-4af90ecb574d	45.861022	-78.396713	5.0						2019-06-26T14:44	26	6	2019	2527219	2527219	HUMAN_OBSERVATION	iNaturalist	Observations	27732976		cinna_latifolia	2019-08-09T18:27:20	CC_BY_NC_4_0	Alison Lake	Alison Lake			2025-01-14T13:01:06.268Z	StillImage	COORDINATE_ROUNDED;CONTINENT_DERIVED_FROM_COORDINATES;TAXON_MATCH_TAXON_ID_IGNORED
2013684968	50c9509d-22c7-4a22-a47d-8c48425ef4a7	https://www.inaturalist.org/observations/16325374	Fungi	Basidiomycota	Agaricomycetes	Agaricales	Mycenaceae	Mycena	Mycena pura		SPECIES	Mycena pura (Pers.) P.Kumm.	Mycena pura		CA		Ontario	PRESENT		28eb1a3f-1c15-4a95-931a-4af90ecb574d	45.31945	-75.74045	58.0						2015-07-09T10:26	9	7	2015	2527219	2527219	HUMAN_OBSERVATION	iNaturalist	Observations	16325374		jonathan_mack	2018-09-08T18:01:10	CC_BY_NC_4_0	jonathan_mack	jonathan_mack			2025-01-14T12:05:50.222Z	StillImage	COORDINATE_ROUNDED;CONTINENT_DERIVED_FROM_COORDINATES;TAXON_MATCH_TAXON_ID_IGNORED
1807255925	e8a25a42-f125-476c-8554-3ec21cd51a84	ACAD:112759	Fungi	Basidiomycota	Agaricomycetes	Agaricales	Mycenaceae	Mycena	Mycena pura		SPECIES	Mycena pura (Pers.) P.Kumm.	Mycena pura (Pers.) P. Kumm.	(Pers.) P. Kumm.	CA	Glenmont	Nova Scotia	PRESENT		6491ad8c-8e49-4bd4-a089-0ddb3bbe0890	45.18614	-64.50197							1953-09-28	28	9	1953	2527219	2527219	PRESERVED_SPECIMEN	Acadia University	ACAD	2710F	2710			CC0_1_0	Acadia University	Harrison, KA			2024-01-25T01:37:10.764Z	StillImage	GEODETIC_DATUM_INVALID;GEODETIC_DATUM_ASSUMED_WGS84;TAXON_MATCH_TAXON_ID_IGNORED;INSTITUTION_MATCH_FUZZY;COLLECTION_MATCH_FUZZY
1412707910	21705170-d2b6-42de-8904-c3bca4b83591	CMMF016304	Fungi	Basidiomycota	Agaricomycetes	Agaricales	Mycenaceae	Mycena	Mycena pura		SPECIES	Mycena pura (Pers.) P.Kumm.	Mycena pura (Pers.) P. Kumm.	(Pers.) P. Kumm.	CA	Saint-Gédéon, Québec.	Québec	PRESENT		ff7bd5db-b724-4932-b496-10ea298851f9	48.494484	-71.775457	15000.0						1993-08-07	7	8	1993	2527219	2527219	PRESERVED_SPECIMEN	Université de Montréal Biodiversity Centre	CMMF	CMMF016304	1868	Guérin, Gérard		CC0_1_0	Université de Montréal Biodiversity Centre	Guérin, Gérard			2024-01-24T16:38:19.615Z	StillImage	INSTITUTION_MATCH_FUZZY;COLLECTION_MATCH_FUZZY;DIFFERENT_OWNER_INSTITUTION
1412707891	21705170-d2b6-42de-8904-c3bca4b83591	CMMF016303	Fungi	Basidiomycota	Agaricomycetes	Agaricales	Mycenaceae	Mycena	Mycena pura		SPECIES	Mycena pura (Pers.) P.Kumm.	Mycena pura (Pers.) P. Kumm.	(Pers.) P. Kumm.	CA	Rang Saint-Martin, Chicoutimi, Québec.	Québec	PRESENT		ff7bd5db-b724-4932-b496-10ea298851f9	48.42951	-70.956161	6000.0						1992-10-03	3	10	1992	2527219	2527219	PRESERVED_SPECIMEN	Université de Montréal Biodiversity Centre	CMMF	CMMF016303	1867	Guérin, Gérard		CC0_1_0	Université de Montréal Biodiversity Centre	Guérin, Gérard			2024-01-24T16:38:19.615Z	StillImage	INSTITUTION_MATCH_FUZZY;COLLECTION_MATCH_FUZZY;DIFFERENT_OWNER_INSTITUTION
1412707806	21705170-d2b6-42de-8904-c3bca4b83591	CMMF016305	Fungi	Basidiomycota	Agaricomycetes	Agaricales	Mycenaceae	Mycena	Mycena pura		SPECIES	Mycena pura (Pers.) P.Kumm.	Mycena pura (Pers.) P. Kumm.	(Pers.) P. Kumm.	CA	Cap-Jaseux, Québec.	Québec	PRESENT		ff7bd5db-b724-4932-b496-10ea298851f9	48.428215	-70.822268	2500.0						1993-09-30	30	9	1993	2527219	2527219	PRESERVED_SPECIMEN	Université de Montréal Biodiversity Centre	CMMF	CMMF016305	1869	Guérin, Gérard		CC0_1_0	Université de Montréal Biodiversity Centre	Potvin, Annie; Larouche, Benoît			2024-01-24T16:38:19.614Z	StillImage	INSTITUTION_MATCH_FUZZY;COLLECTION_MATCH_FUZZY;DIFFERENT_OWNER_INSTITUTION
1135071446	21705170-d2b6-42de-8904-c3bca4b83591	CMMF009991	Fungi	Basidiomycota	Agaricomycetes	Agaricales	Mycenaceae	Mycena	Mycena pura		SPECIES	Mycena pura (Pers.) P.Kumm.	Mycena pura (Pers.) P. Kumm.	(Pers.) P. Kumm.	CA	Parc des Moulins, Québec.	Québec	PRESENT		ff7bd5db-b724-4932-b496-10ea298851f9	46.887678	-71.301288	600.0						2007-09-12	12	9	2007	2527219	2527219	PRESERVED_SPECIMEN	Université de Montréal Biodiversity Centre	CMMF	CMMF009991	1576	Labrecque, Jacqueline		CC0_1_0	Université de Montréal Biodiversity Centre	Labrecque, Jacqueline			2024-01-24T16:38:21.435Z		INSTITUTION_MATCH_FUZZY;COLLECTION_MATCH_FUZZY;DIFFERENT_OWNER_INSTITUTION
1135071362	21705170-d2b6-42de-8904-c3bca4b83591	CMMF009984	Fungi	Basidiomycota	Agaricomycetes	Agaricales	Mycenaceae	Mycena	Mycena pura		SPECIES	Mycena pura (Pers.) P.Kumm.	Mycena pura (Pers.) P. Kumm.	(Pers.) P. Kumm.	CA	Chemin Chapelle nord, Lac-Beauport.	Québec	PRESENT		ff7bd5db-b724-4932-b496-10ea298851f9	46.950203	-71.284979	150.0						2007-09-10	10	9	2007	2527219	2527219	PRESERVED_SPECIMEN	Université de Montréal Biodiversity Centre	CMMF	CMMF009984	1569	Labrecque, Jacqueline		CC0_1_0	Université de Montréal Biodiversity Centre	Labrecque, Jacqueline			2024-01-24T16:38:21.444Z		INSTITUTION_MATCH_FUZZY;COLLECTION_MATCH_FUZZY;DIFFERENT_OWNER_INSTITUTION
1135070674	21705170-d2b6-42de-8904-c3bca4b83591	CMMF009182	Fungi	Basidiomycota	Agaricomycetes	Agaricales	Mycenaceae	Mycena	Mycena pura		SPECIES	Mycena pura (Pers.) P.Kumm.	Mycena pura (Pers.) P. Kumm.	(Pers.) P. Kumm.	CA	Chemin Chapelle, Lac-Beauport.	Québec	PRESENT		ff7bd5db-b724-4932-b496-10ea298851f9	46.949281	-71.284722	250.0						2006-09-14	14	9	2006	2527219	2527219	PRESERVED_SPECIMEN	Université de Montréal Biodiversity Centre	CMMF	CMMF009182	766	Labrecque, Jacqueline		CC0_1_0	Université de Montréal Biodiversity Centre	Labrecque, Jacqueline			2024-01-24T16:38:20.278Z		INSTITUTION_MATCH_FUZZY;COLLECTION_MATCH_FUZZY;DIFFERENT_OWNER_INSTITUTION
1135069649	21705170-d2b6-42de-8904-c3bca4b83591	CMMF008145	Fungi	Basidiomycota	Agaricomycetes	Agaricales	Mycenaceae	Mycena	Mycena pura		SPECIES	Mycena pura (Pers.) P.Kumm.	Mycena pura (Pers.) P. Kumm.	(Pers.) P. Kumm.	CA	Rimouski	Québec	PRESENT		ff7bd5db-b724-4932-b496-10ea298851f9	48.4206	-68.589233	100.0						2007-09-01	1	9	2007	2527219	2527219	PRESERVED_SPECIMEN	Université de Montréal Biodiversity Centre	CMMF	CMMF008145	Inexistant	McNeil, Raymond		CC0_1_0	Université de Montréal Biodiversity Centre	McNeil, Raymond			2024-01-24T16:38:18.221Z	StillImage	COORDINATE_ROUNDED;INSTITUTION_MATCH_FUZZY;COLLECTION_MATCH_FUZZY;DIFFERENT_OWNER_INSTITUTION
1135069025	21705170-d2b6-42de-8904-c3bca4b83591	CMMF007552	Fungi	Basidiomycota	Agaricomycetes	Agaricales	Mycenaceae	Mycena	Mycena pura		SPECIES	Mycena pura (Pers.) P.Kumm.	Mycena pura (Pers.) P. Kumm.	(Pers.) P. Kumm.	CA	Tracy	Québec	PRESENT		ff7bd5db-b724-4932-b496-10ea298851f9	45.974167	-73.177433	100.0						2007-08-26	26	8	2007	2527219	2527219	PRESERVED_SPECIMEN	Université de Montréal Biodiversity Centre	CMMF	CMMF007552	C3157	McNeil, Raymond		CC0_1_0	Université de Montréal Biodiversity Centre	McNeil, Raymond			2024-01-24T16:38:15.955Z	StillImage	COORDINATE_ROUNDED;INSTITUTION_MATCH_FUZZY;COLLECTION_MATCH_FUZZY;DIFFERENT_OWNER_INSTITUTION
1135068959	21705170-d2b6-42de-8904-c3bca4b83591	CMMF007469	Fungi	Basidiomycota	Agaricomycetes	Agaricales	Mycenaceae	Mycena	Mycena pura		SPECIES	Mycena pura (Pers.) P.Kumm.	Mycena pura (Pers.) P. Kumm.	(Pers.) P. Kumm.	CA	St-Roch-de-Richelieu	Québec	PRESENT		ff7bd5db-b724-4932-b496-10ea298851f9	45.880833	-73.163	100.0						2009-10-08	8	10	2009	2527219	2527219	PRESERVED_SPECIMEN	Université de Montréal Biodiversity Centre	CMMF	CMMF007469	Inexistant	McNeil, Raymond		CC0_1_0	Université de Montréal Biodiversity Centre	McNeil, Raymond			2024-01-24T16:38:15.844Z	StillImage	COORDINATE_ROUNDED;INSTITUTION_MATCH_FUZZY;COLLECTION_MATCH_FUZZY;DIFFERENT_OWNER_INSTITUTION
1135068792	21705170-d2b6-42de-8904-c3bca4b83591	CMMF007308	Fungi	Basidiomycota	Agaricomycetes	Agaricales	Mycenaceae	Mycena	Mycena pura		SPECIES	Mycena pura (Pers.) P.Kumm.	Mycena pura (Pers.) P. Kumm.	(Pers.) P. Kumm.	CA	St-Michel-de-Wentworth	Québec	PRESENT		ff7bd5db-b724-4932-b496-10ea298851f9	45.75925	-74.483883	100.0						1970-09-22	22	9	1970	2527219	2527219	PRESERVED_SPECIMEN	Université de Montréal Biodiversity Centre	CMMF	CMMF007308	Inexistant	McNeil, Raymond		CC0_1_0	Université de Montréal Biodiversity Centre	McNeil, Raymond			2024-01-24T16:38:21.417Z	StillImage	COORDINATE_ROUNDED;INSTITUTION_MATCH_FUZZY;COLLECTION_MATCH_FUZZY;DIFFERENT_OWNER_INSTITUTION
1135068583	21705170-d2b6-42de-8904-c3bca4b83591	CMMF007176	Fungi	Basidiomycota	Agaricomycetes	Agaricales	Mycenaceae	Mycena	Mycena pura		SPECIES	Mycena pura (Pers.) P.Kumm.	Mycena pura (Pers.) P. Kumm.	(Pers.) P. Kumm.	CA	Mirabel (Chemin de la Rivière du Nord)	Québec	PRESENT		ff7bd5db-b724-4932-b496-10ea298851f9	45.683917	-74.2185	100.0						2011-08-31	31	8	2011	2527219	2527219	PRESERVED_SPECIMEN	Université de Montréal Biodiversity Centre	CMMF	CMMF007176	C3892	McNeil, Raymond		CC0_1_0	Université de Montréal Biodiversity Centre	McNeil, Raymond			2024-01-24T16:38:21.044Z	StillImage	COORDINATE_ROUNDED;INSTITUTION_MATCH_FUZZY;COLLECTION_MATCH_FUZZY;DIFFERENT_OWNER_INSTITUTION
1135068476	21705170-d2b6-42de-8904-c3bca4b83591	CMMF007001	Fungi	Basidiomycota	Agaricomycetes	Agaricales	Mycenaceae	Mycena	Mycena pura		SPECIES	Mycena pura (Pers.) P.Kumm.	Mycena pura (Pers.) P. Kumm.	(Pers.) P. Kumm.	CA	Lachute	Québec	PRESENT		ff7bd5db-b724-4932-b496-10ea298851f9	45.66275	-74.241983	100.0						1979-08-25	25	8	1979	2527219	2527219	PRESERVED_SPECIMEN	Université de Montréal Biodiversity Centre	CMMF	CMMF007001	Inexistant	McNeil, Raymond		CC0_1_0	Université de Montréal Biodiversity Centre	McNeil, Raymond			2024-01-24T16:38:21.020Z	StillImage	COORDINATE_ROUNDED;INSTITUTION_MATCH_FUZZY;COLLECTION_MATCH_FUZZY;DIFFERENT_OWNER_INSTITUTION
1135068379	21705170-d2b6-42de-8904-c3bca4b83591	CMMF006959	Fungi	Basidiomycota	Agaricomycetes	Agaricales	Mycenaceae	Mycena	Mycena pura		SPECIES	Mycena pura (Pers.) P.Kumm.	Mycena pura (Pers.) P. Kumm.	(Pers.) P. Kumm.	CA	Lachute	Québec	PRESENT		ff7bd5db-b724-4932-b496-10ea298851f9	45.66275	-74.241983	100.0						2009-10-06	6	10	2009	2527219	2527219	PRESERVED_SPECIMEN	Université de Montréal Biodiversity Centre	CMMF	CMMF006959	C3589	McNeil, Raymond		CC0_1_0	Université de Montréal Biodiversity Centre	McNeil, Raymond			2024-01-24T16:38:18.645Z	StillImage	COORDINATE_ROUNDED;INSTITUTION_MATCH_FUZZY;COLLECTION_MATCH_FUZZY;DIFFERENT_OWNER_INSTITUTION
1135066736	21705170-d2b6-42de-8904-c3bca4b83591	CMMF010141	Fungi	Basidiomycota	Agaricomycetes	Agaricales	Mycenaceae	Mycena	Mycena pura		SPECIES	Mycena pura (Pers.) P.Kumm.	Mycena pura (Pers.) P. Kumm.	(Pers.) P. Kumm.	CA	Sainte-Foy, Québec.	Québec	PRESENT		ff7bd5db-b724-4932-b496-10ea298851f9	46.780042	-71.374844	9000.0						2007-10-03	3	10	2007	2527219	2527219	PRESERVED_SPECIMEN	Université de Montréal Biodiversity Centre	CMMF	CMMF010141	1727	Labrecque, Jacqueline		CC0_1_0	Université de Montréal Biodiversity Centre	Labrecque, Jacqueline			2024-01-24T16:38:20.273Z		INSTITUTION_MATCH_FUZZY;COLLECTION_MATCH_FUZZY;DIFFERENT_OWNER_INSTITUTION
