gbifID	datasetKey	occurrenceID	kingdom	phylum	class	order	family	genus	species	infraspecificEpithet	taxonRank	scientificName	verbatimScientificName	verbatimScientificNameAuthorship	countryCode	locality	stateProvince	occurrenceStatus	individualCount	publishingOrgKey	decimalLatitude	decimalLongitude	coordinateUncertaintyInMeters	coordinatePrecision	elevation	elevationAccuracy	depth	depthAccuracy	eventDate	day	month	year	taxonKey	speciesKey	basisOfRecord	institutionCode	collectionCode	catalogNumber	recordNumber	identifiedBy	dateIdentified	license	rightsHolder	recordedBy	typeStatus	establishmentMeans	lastInterpreted	mediaType	issue
617551094	21705170-d2b6-42de-8904-c3bca4b83591	CMMF002565	Fungi	Basidiomycota	Agaricomycetes	Boletales	Boletaceae	Leccinum	Leccinum holopus		SPECIES	Leccinum holopus (Rostk.) Watling	Leccinum holopus (Rostk.) Watling	(Rostk.) Watling	CA	Contrecoeur	Québec	PRESENT		ff7bd5db-b724-4932-b496-10ea298851f9	45.876777	-73.209987	12000.0						1995-09-09	9	9	1995	2524503	2524503	PRESERVED_SPECIMEN	Université de Montréal Biodiversity Centre	CMMF	CMMF002565		Lamoureux, Yves		CC0_1_0	Université de Montréal Biodiversity Centre	Lamoureux, Yves			2024-01-24T16:38:19.558Z	StillImage	INSTITUTION_MATCH_FUZZY;COLLECTION_MATCH_FUZZY;DIFFERENT_OWNER_INSTITUTION
617550989	21705170-d2b6-42de-8904-c3bca4b83591	CMMF000252	Fungi	Basidiomycota	Agaricomycetes	Boletales	Boletaceae	Leccinum	Leccinum holopus		SPECIES	Leccinum holopus (Rostk.) Watling	Leccinum holopus (Rostk.) Watling	(Rostk.) Watling	CA	Saint-Côme	Québec	PRESENT		ff7bd5db-b724-4932-b496-10ea298851f9	46.269761	-73.774867	15000.0						1988-08-27	27	8	1988	2524503	2524503	PRESERVED_SPECIMEN	Université de Montréal Biodiversity Centre	CMMF	CMMF000252		Lamoureux, Yves		CC0_1_0	Université de Montréal Biodiversity Centre	Lamoureux, Yves			2024-01-24T16:38:20.683Z	StillImage	INSTITUTION_MATCH_FUZZY;COLLECTION_MATCH_FUZZY;DIFFERENT_OWNER_INSTITUTION
5007111055	50c9509d-22c7-4a22-a47d-8c48425ef4a7	https://www.inaturalist.org/observations/246233372	Fungi	Basidiomycota	Agaricomycetes	Boletales	Boletaceae	Leccinum	Leccinum holopus		SPECIES	Leccinum holopus (Rostk.) Watling	Leccinum holopus		CA		New Brunswick	PRESENT		28eb1a3f-1c15-4a95-931a-4af90ecb574d	46.836234	-64.94907							2024-10-07T17:09:07	7	10	2024	2524503	2524503	HUMAN_OBSERVATION	iNaturalist	Observations	246233372		Kaitlyn Page	2024-10-07T22:25:25	CC_BY_NC_4_0	Kaitlyn Page	Kaitlyn Page			2025-01-14T12:54:42.219Z	StillImage	COORDINATE_ROUNDED;CONTINENT_DERIVED_FROM_COORDINATES;TAXON_MATCH_TAXON_ID_IGNORED
4954719080	50c9509d-22c7-4a22-a47d-8c48425ef4a7	https://www.inaturalist.org/observations/246860765	Fungi	Basidiomycota	Agaricomycetes	Boletales	Boletaceae	Leccinum	Leccinum holopus		SPECIES	Leccinum holopus (Rostk.) Watling	Leccinum holopus		CA		Ontario	PRESENT		28eb1a3f-1c15-4a95-931a-4af90ecb574d	45.548363	-78.633513	8.0						2024-10-11T17:36:25	11	10	2024	2524503	2524503	HUMAN_OBSERVATION	iNaturalist	Observations	246860765		Sarah Lamond	2024-10-12T01:29:01	CC_BY_NC_4_0	Sarah Lamond	Sarah Lamond			2025-01-14T12:57:53.904Z	StillImage	COORDINATE_ROUNDED;CONTINENT_DERIVED_FROM_COORDINATES;TAXON_MATCH_TAXON_ID_IGNORED
4950323056	50c9509d-22c7-4a22-a47d-8c48425ef4a7	https://www.inaturalist.org/observations/243478979	Fungi	Basidiomycota	Agaricomycetes	Boletales	Boletaceae	Leccinum	Leccinum holopus		SPECIES	Leccinum holopus (Rostk.) Watling	Leccinum holopus		CA		Prince Edward Island	PRESENT		28eb1a3f-1c15-4a95-931a-4af90ecb574d	46.615763	-64.049803	10.0						2024-09-22T14:52	22	9	2024	2524503	2524503	HUMAN_OBSERVATION	iNaturalist	Observations	243478979		Denis Gallant	2024-09-23T00:10:27	CC_BY_NC_4_0	Denis Gallant	Denis Gallant			2025-01-14T12:52:03.814Z	StillImage	COORDINATE_ROUNDED;CONTINENT_DERIVED_FROM_COORDINATES;TAXON_MATCH_TAXON_ID_IGNORED
4946305549	50c9509d-22c7-4a22-a47d-8c48425ef4a7	https://www.inaturalist.org/observations/240843665	Fungi	Basidiomycota	Agaricomycetes	Boletales	Boletaceae	Leccinum	Leccinum holopus		SPECIES	Leccinum holopus (Rostk.) Watling	Leccinum holopus		CA		Prince Edward Island	PRESENT		28eb1a3f-1c15-4a95-931a-4af90ecb574d	46.508473	-64.080317	100.0						2024-09-09T16:08	9	9	2024	2524503	2524503	HUMAN_OBSERVATION	iNaturalist	Observations	240843665		Denis Gallant	2024-09-09T23:07:02	CC_BY_NC_4_0	Denis Gallant	Denis Gallant			2025-01-14T12:53:31.500Z	StillImage	COORDINATE_ROUNDED;CONTINENT_DERIVED_FROM_COORDINATES;TAXON_MATCH_TAXON_ID_IGNORED
4945851351	50c9509d-22c7-4a22-a47d-8c48425ef4a7	https://www.inaturalist.org/observations/239815151	Fungi	Basidiomycota	Agaricomycetes	Boletales	Boletaceae	Leccinum	Leccinum holopus		SPECIES	Leccinum holopus (Rostk.) Watling	Leccinum holopus		CA		Québec	PRESENT		28eb1a3f-1c15-4a95-931a-4af90ecb574d	45.817808	-73.476022	298.0						2024-09-01T12:18	1	9	2024	2524503	2524503	HUMAN_OBSERVATION	iNaturalist	Observations	239815151		michelcournoyer	2024-09-04T16:35:48	CC_BY_NC_4_0	michelcournoyer	michelcournoyer			2025-01-14T12:54:06.731Z	StillImage	CONTINENT_DERIVED_FROM_COORDINATES;TAXON_MATCH_TAXON_ID_IGNORED
4945645228	50c9509d-22c7-4a22-a47d-8c48425ef4a7	https://www.inaturalist.org/observations/241030888	Fungi	Basidiomycota	Agaricomycetes	Boletales	Boletaceae	Leccinum	Leccinum holopus		SPECIES	Leccinum holopus (Rostk.) Watling	Leccinum holopus		CA		New Brunswick	PRESENT		28eb1a3f-1c15-4a95-931a-4af90ecb574d	47.805906	-65.196863	2200.0						2024-09-07T10:26:41	7	9	2024	2524503	2524503	HUMAN_OBSERVATION	iNaturalist	Observations	241030888		Jean-Luc Boudreau	2024-09-11T00:45:18	CC_BY_NC_4_0	maoipogtapei	maoipogtapei			2025-01-14T13:39:53.358Z	StillImage	COORDINATE_ROUNDED;CONTINENT_DERIVED_FROM_COORDINATES;TAXON_MATCH_TAXON_ID_IGNORED
4937216351	50c9509d-22c7-4a22-a47d-8c48425ef4a7	https://www.inaturalist.org/observations/237567683	Fungi	Basidiomycota	Agaricomycetes	Boletales	Boletaceae	Leccinum	Leccinum holopus		SPECIES	Leccinum holopus (Rostk.) Watling	Leccinum holopus		CA		New Brunswick	PRESENT		28eb1a3f-1c15-4a95-931a-4af90ecb574d	45.21535	-66.39686							2024-08-19T13:43	19	8	2024	2524503	2524503	HUMAN_OBSERVATION	iNaturalist	Observations	237567683		Greg Thorn	2024-08-24T02:10:33	CC_BY_NC_4_0	Greg Thorn	Greg Thorn			2025-01-14T12:50:05.435Z	StillImage	CONTINENT_DERIVED_FROM_COORDINATES;TAXON_MATCH_TAXON_ID_IGNORED
4935638728	50c9509d-22c7-4a22-a47d-8c48425ef4a7	https://www.inaturalist.org/observations/237337407	Fungi	Basidiomycota	Agaricomycetes	Boletales	Boletaceae	Leccinum	Leccinum holopus		SPECIES	Leccinum holopus (Rostk.) Watling	Leccinum holopus		CA		Prince Edward Island	PRESENT		28eb1a3f-1c15-4a95-931a-4af90ecb574d	46.661119	-64.229312	10.0						2024-08-22T12:48	22	8	2024	2524503	2524503	HUMAN_OBSERVATION	iNaturalist	Observations	237337407		Don McLelland	2024-08-22T19:26:21	CC_BY_NC_4_0	Don McLelland	Don McLelland			2025-01-14T12:52:47.280Z	StillImage	COORDINATE_ROUNDED;CONTINENT_DERIVED_FROM_COORDINATES;TAXON_MATCH_TAXON_ID_IGNORED
4430651900	50c9509d-22c7-4a22-a47d-8c48425ef4a7	https://www.inaturalist.org/observations/187855041	Fungi	Basidiomycota	Agaricomycetes	Boletales	Boletaceae	Leccinum	Leccinum holopus		SPECIES	Leccinum holopus (Rostk.) Watling	Leccinum holopus		CA		New Brunswick	PRESENT		28eb1a3f-1c15-4a95-931a-4af90ecb574d	45.378877	-65.929028	24.0						2023-10-16T17:07:41	16	10	2023	2524503	2524503	HUMAN_OBSERVATION	iNaturalist	Observations	187855041		noppoly	2023-10-17T02:03:48	CC_BY_NC_4_0	noppoly	noppoly			2025-01-14T13:34:13.045Z	StillImage	COORDINATE_ROUNDED;CONTINENT_DERIVED_FROM_COORDINATES;TAXON_MATCH_TAXON_ID_IGNORED
4430549716	50c9509d-22c7-4a22-a47d-8c48425ef4a7	https://www.inaturalist.org/observations/187053496	Fungi	Basidiomycota	Agaricomycetes	Boletales	Boletaceae	Leccinum	Leccinum holopus		SPECIES	Leccinum holopus (Rostk.) Watling	Leccinum holopus		CA		Prince Edward Island	PRESENT		28eb1a3f-1c15-4a95-931a-4af90ecb574d	46.528155	-64.099365	10.0						2023-10-10T15:50	10	10	2023	2524503	2524503	HUMAN_OBSERVATION	iNaturalist	Observations	187053496		Denis Gallant	2023-10-10T22:47:07	CC_BY_NC_4_0	Denis Gallant	Denis Gallant			2025-01-14T13:33:19.947Z	StillImage	COORDINATE_ROUNDED;CONTINENT_DERIVED_FROM_COORDINATES;TAXON_MATCH_TAXON_ID_IGNORED
4407529936	50c9509d-22c7-4a22-a47d-8c48425ef4a7	https://www.inaturalist.org/observations/181411668	Fungi	Basidiomycota	Agaricomycetes	Boletales	Boletaceae	Leccinum	Leccinum holopus		SPECIES	Leccinum holopus (Rostk.) Watling	Leccinum holopus		CA		New Brunswick	PRESENT		28eb1a3f-1c15-4a95-931a-4af90ecb574d	45.593017	-64.968963	4.0						2023-09-01T11:47:52	1	9	2023	2524503	2524503	HUMAN_OBSERVATION	iNaturalist	Observations	181411668		Kira H	2023-09-02T18:17:12	CC_BY_NC_4_0	kait819	kait819			2025-01-14T13:32:28.031Z	StillImage	COORDINATE_ROUNDED;CONTINENT_DERIVED_FROM_COORDINATES;TAXON_MATCH_TAXON_ID_IGNORED
4166238039	695cef75-b65f-4776-b2ed-74565eebb16e	02-01000935153	Fungi	Basidiomycota	Agaricomycetes	Boletales	Boletaceae	Leccinum	Leccinum holopus		SPECIES	Leccinum holopus (Rostk.) Watling	Leccinum holopus	(Rostk.) Watling	CA	Rivière Bersimis	Quebec	PRESENT		055bd978-2daa-4543-b3f0-44e0e87e86ca	48.916667	-68.7							1984-08-08	8	8	1984	2524503	2524503	PRESERVED_SPECIMEN	AAFC	DAOM	190624		Y. Dalpé		CC_BY_4_0	©His Majesty the King in Right of Canada, as represented by the Minister of Agriculture and Agri-Food	Y. Dalpé 857			2025-01-12T05:11:14.023Z		GEODETIC_DATUM_ASSUMED_WGS84;CONTINENT_DERIVED_FROM_COORDINATES;TAXON_MATCH_TAXON_ID_IGNORED;INSTITUTION_MATCH_FUZZY
4166237035	695cef75-b65f-4776-b2ed-74565eebb16e	02-01000935170	Fungi	Basidiomycota	Agaricomycetes	Boletales	Boletaceae	Leccinum	Leccinum holopus		SPECIES	Leccinum holopus (Rostk.) Watling	Leccinum holopus	(Rostk.) Watling	CA	Pointe du Bout	Quebec	PRESENT		055bd978-2daa-4543-b3f0-44e0e87e86ca	49.466667	-68.041667							1984-08-09	9	8	1984	2524503	2524503	PRESERVED_SPECIMEN	AAFC	DAOM	190609		Y. Dalpé		CC_BY_4_0	©His Majesty the King in Right of Canada, as represented by the Minister of Agriculture and Agri-Food	Y. Dalpé 879			2025-01-12T05:11:13.822Z		GEODETIC_DATUM_ASSUMED_WGS84;CONTINENT_DERIVED_FROM_COORDINATES;TAXON_MATCH_TAXON_ID_IGNORED;INSTITUTION_MATCH_FUZZY
4099954466	d1a3b128-b406-46bb-a6d1-f3591dcc8a7b	f229d786-f97a-4d3c-ba51-e9cf021ea59b	Fungi	Basidiomycota	Agaricomycetes	Boletales	Boletaceae	Leccinum	Leccinum holopus		SPECIES	Leccinum holopus (Rostk.) Watling	Leccinum holopus	(Rostk.) Watling	CA	Vaucluse	Quebec	PRESENT		e43cf4b8-849e-4fac-b075-e652d019d2cf	45.896148	-73.43208	301.0						1938-09		9	1938	2524503	2524503	PRESERVED_SPECIMEN	BPI		BPI 783443		Jackson, H. A. C.		CC0_1_0		Jackson, H. A. C.			2025-01-15T04:59:42.608Z		GEODETIC_DATUM_ASSUMED_WGS84;CONTINENT_DERIVED_FROM_COORDINATES;TAXON_MATCH_TAXON_ID_IGNORED;INSTITUTION_MATCH_FUZZY
4023662467	fb9d7c38-5759-4c30-9e09-5b6bd43f78a6	http://id.luomus.fi/MY.13883161	Fungi	Basidiomycota	Agaricomycetes	Boletales	Boletaceae	Leccinum	Leccinum holopus		SPECIES	Leccinum holopus (Rostk.) Watling	Leccinum holopus (Rostk.) Watling		CA		Quebec	PRESENT		04fd2e13-6881-4e5c-9dd1-8fdd9ab993c1	47.18	-70.21							1966-08-26T00:00Z	26	8	1966	2524503	2524503	PRESERVED_SPECIMEN	H		http://id.luomus.fi/HA.H7077130				CC_BY_4_0		Groves, J. W.			2025-01-17T02:41:16.438Z		CONTINENT_DERIVED_FROM_COORDINATES;TAXON_MATCH_TAXON_ID_IGNORED;COLLECTION_MATCH_NONE;INSTITUTION_MATCH_FUZZY
4023662445	fb9d7c38-5759-4c30-9e09-5b6bd43f78a6	http://id.luomus.fi/MY.13883157	Fungi	Basidiomycota	Agaricomycetes	Boletales	Boletaceae	Leccinum	Leccinum holopus		SPECIES	Leccinum holopus (Rostk.) Watling	Leccinum holopus (Rostk.) Watling		CA	La Verendrye Park	Quebec	PRESENT		04fd2e13-6881-4e5c-9dd1-8fdd9ab993c1	47.03	-76.53							1965-09-15T00:00Z	15	9	1965	2524503	2524503	PRESERVED_SPECIMEN	H		http://id.luomus.fi/HA.H7077129	J.W. Groves 65-80	Groves, J.W.		CC_BY_4_0		Elliott, M. E.;Groves, J. W.			2025-01-17T02:41:16.436Z		CONTINENT_DERIVED_FROM_COORDINATES;TAXON_MATCH_TAXON_ID_IGNORED;COLLECTION_MATCH_NONE;INSTITUTION_MATCH_FUZZY
3873412349	50c9509d-22c7-4a22-a47d-8c48425ef4a7	https://www.inaturalist.org/observations/33236381	Fungi	Basidiomycota	Agaricomycetes	Boletales	Boletaceae	Leccinum	Leccinum holopus		SPECIES	Leccinum holopus (Rostk.) Watling	Leccinum holopus		CA		Ontario	PRESENT		28eb1a3f-1c15-4a95-931a-4af90ecb574d	45.51166	-75.33734							2019-09-21T10:40	21	9	2019	2524503	2524503	HUMAN_OBSERVATION	iNaturalist	Observations	33236381		Serguei Ponomarenko	2019-09-23T02:03:14	CC_BY_NC_4_0	Serguei Ponomarenko	Serguei Ponomarenko			2025-01-14T13:04:27.734Z	StillImage	COORDINATE_ROUNDED;CONTINENT_DERIVED_FROM_COORDINATES;TAXON_MATCH_TAXON_ID_IGNORED
3860143553	50c9509d-22c7-4a22-a47d-8c48425ef4a7	https://www.inaturalist.org/observations/122716178	Fungi	Basidiomycota	Agaricomycetes	Boletales	Boletaceae	Leccinum	Leccinum holopus		SPECIES	Leccinum holopus (Rostk.) Watling	Leccinum holopus		CA		Prince Edward Island	PRESENT		28eb1a3f-1c15-4a95-931a-4af90ecb574d	46.835561	-64.063719							2021-09-18T13:03:02	18	9	2021	2524503	2524503	HUMAN_OBSERVATION	iNaturalist	Observations	122716178		Ken Sanderson	2022-06-21T00:26:38	CC_BY_NC_4_0	Brandon Bernard	Brandon Bernard			2025-01-14T13:22:40.385Z	StillImage	COORDINATE_ROUNDED;CONTINENT_DERIVED_FROM_COORDINATES;TAXON_MATCH_TAXON_ID_IGNORED
3759683680	50c9509d-22c7-4a22-a47d-8c48425ef4a7	https://www.inaturalist.org/observations/99750560	Fungi	Basidiomycota	Agaricomycetes	Boletales	Boletaceae	Leccinum	Leccinum holopus		SPECIES	Leccinum holopus (Rostk.) Watling	Leccinum holopus		CA		Ontario	PRESENT		28eb1a3f-1c15-4a95-931a-4af90ecb574d	45.365387	-75.527322	5.0						2021-10-29T11:46:20	29	10	2021	2524503	2524503	HUMAN_OBSERVATION	iNaturalist	Observations	99750560		Lynn Ovenden	2021-10-30T00:44:22	CC_BY_NC_4_0	Lynn Ovenden	Lynn Ovenden			2025-01-14T12:25:42.026Z	StillImage	COORDINATE_ROUNDED;CONTINENT_DERIVED_FROM_COORDINATES;TAXON_MATCH_TAXON_ID_IGNORED
3759604763	50c9509d-22c7-4a22-a47d-8c48425ef4a7	https://www.inaturalist.org/observations/98055748	Fungi	Basidiomycota	Agaricomycetes	Boletales	Boletaceae	Leccinum	Leccinum holopus		SPECIES	Leccinum holopus (Rostk.) Watling	Leccinum holopus		CA		Ontario	PRESENT		28eb1a3f-1c15-4a95-931a-4af90ecb574d	45.408092	-75.545452	40.0						2021-10-12T11:51	12	10	2021	2524503	2524503	HUMAN_OBSERVATION	iNaturalist	Observations	98055748		Igor Khomenko	2021-10-12T23:13:34	CC_BY_NC_4_0	Igor Khomenko	Igor Khomenko			2025-01-14T13:15:45.031Z	StillImage	COORDINATE_ROUNDED;CONTINENT_DERIVED_FROM_COORDINATES;TAXON_MATCH_TAXON_ID_IGNORED
3384041356	50c9509d-22c7-4a22-a47d-8c48425ef4a7	https://www.inaturalist.org/observations/95303221	Fungi	Basidiomycota	Agaricomycetes	Boletales	Boletaceae	Leccinum	Leccinum holopus		SPECIES	Leccinum holopus (Rostk.) Watling	Leccinum holopus		CA		Ontario	PRESENT		28eb1a3f-1c15-4a95-931a-4af90ecb574d	45.363663	-75.528513							2021-09-18T11:25	18	9	2021	2524503	2524503	HUMAN_OBSERVATION	iNaturalist	Observations	95303221		jonathan_mack	2021-09-18T23:24:42	CC_BY_NC_4_0	Igor Khomenko	Igor Khomenko			2025-01-14T12:21:39.288Z	StillImage	COORDINATE_ROUNDED;CONTINENT_DERIVED_FROM_COORDINATES;TAXON_MATCH_TAXON_ID_IGNORED
3351911296	d8cd16ba-bb74-4420-821e-083f2bac17c2	MN992452	Fungi	Basidiomycota	Agaricomycetes	Boletales	Boletaceae	Leccinum	Leccinum holopus		SPECIES	Leccinum holopus (Rostk.) Watling	Leccinum holopus		CA	Quebec, Anticosti		PRESENT		ada9d123-ddb4-467d-8891-806ea8d94230	49.9	-64.4							2015-09-09	9	9	2015	2524503	2524503	PRESERVED_SPECIMEN			ANT240-QFB28741		Pauline Dube		CC_BY_4_0					2025-01-18T13:06:00.503Z		GEODETIC_DATUM_ASSUMED_WGS84;CONTINENT_DERIVED_FROM_COORDINATES;TAXON_MATCH_TAXON_CONCEPT_ID_IGNORED;TAXON_MATCH_TAXON_ID_IGNORED
3343890975	50c9509d-22c7-4a22-a47d-8c48425ef4a7	https://www.inaturalist.org/observations/92364959	Fungi	Basidiomycota	Agaricomycetes	Boletales	Boletaceae	Leccinum	Leccinum holopus		SPECIES	Leccinum holopus (Rostk.) Watling	Leccinum holopus		CA		Québec	PRESENT		28eb1a3f-1c15-4a95-931a-4af90ecb574d	46.318432	-74.755196	27031.0						2021-08-09T13:39:42	9	8	2021	2524503	2524503	HUMAN_OBSERVATION	iNaturalist	Observations	92364959		manonboulais	2021-08-24T15:11:21	CC_BY_NC_4_0	manonboulais	manonboulais			2025-01-14T12:21:48.500Z	StillImage	COORDINATE_ROUNDED;CONTINENT_DERIVED_FROM_COORDINATES;TAXON_MATCH_TAXON_ID_IGNORED
3343718242	50c9509d-22c7-4a22-a47d-8c48425ef4a7	https://www.inaturalist.org/observations/92412037	Fungi	Basidiomycota	Agaricomycetes	Boletales	Boletaceae	Leccinum	Leccinum holopus		SPECIES	Leccinum holopus (Rostk.) Watling	Leccinum holopus		CA		Ontario	PRESENT		28eb1a3f-1c15-4a95-931a-4af90ecb574d	45.218103	-78.649658	4.0						2021-08-24T15:51:23	24	8	2021	2524503	2524503	HUMAN_OBSERVATION	iNaturalist	Observations	92412037		Carlene Cliver	2021-08-25T01:18:53	CC_BY_NC_4_0	phenry64	phenry64			2025-01-14T13:22:44.709Z	StillImage	COORDINATE_ROUNDED;CONTINENT_DERIVED_FROM_COORDINATES;TAXON_MATCH_TAXON_ID_IGNORED
2429518400	50c9509d-22c7-4a22-a47d-8c48425ef4a7	https://www.inaturalist.org/observations/34110560	Fungi	Basidiomycota	Agaricomycetes	Boletales	Boletaceae	Leccinum	Leccinum holopus		SPECIES	Leccinum holopus (Rostk.) Watling	Leccinum holopus		CA		New Brunswick	PRESENT		28eb1a3f-1c15-4a95-931a-4af90ecb574d	46.148055	-64.399594	1503.0						2018-09-30T09:49	30	9	2018	2524503	2524503	HUMAN_OBSERVATION	iNaturalist	Observations	34110560		Raymonde G Chartier	2019-10-09T11:45:00	CC_BY_NC_4_0	Raymonde G Chartier	Raymonde G Chartier			2025-01-14T13:04:43.089Z	StillImage	COORDINATE_ROUNDED;CONTINENT_DERIVED_FROM_COORDINATES;TAXON_MATCH_TAXON_ID_IGNORED
1990314150	032f1fbe-d21f-407d-be46-5cd1bb1ea397	ca5aa6b0-a7a8-4853-9ce1-2c0a8bdd221b	Fungi	Basidiomycota	Agaricomycetes	Boletales	Boletaceae	Leccinum	Leccinum holopus		SPECIES	Leccinum holopus (Rostk.) Watling	Leccinum holopus	(Rostk.) Watling	CA	Baxter's Harbor, Baxter's Harbor, Edge of Black Hole	Nova Scotia	PRESENT		61c539d8-47e0-4b82-875f-b95aad66dcd4	45.233333	-64.494444							1978-08-31	31	8	1978	2524503	2524503	PRESERVED_SPECIMEN	TENN-F		TENN-F-041272	54267			CC0_1_0		R.H. Petersen			2025-01-12T10:33:44.756Z	StillImage	COORDINATE_ROUNDED;GEODETIC_DATUM_ASSUMED_WGS84;CONTINENT_DERIVED_FROM_COORDINATES;TAXON_MATCH_TAXON_ID_IGNORED;INSTITUTION_MATCH_NONE
1990310945	032f1fbe-d21f-407d-be46-5cd1bb1ea397	481e5f53-bc27-42ca-aaf7-0974be9b05b2	Fungi	Basidiomycota	Agaricomycetes	Boletales	Boletaceae	Leccinum	Leccinum holopus		SPECIES	Leccinum holopus (Rostk.) Watling	Leccinum holopus	(Rostk.) Watling	CA	Baxter's Harbor, Black Hole, Near Baxter's Harbor	Nova Scotia	PRESENT		61c539d8-47e0-4b82-875f-b95aad66dcd4	45.233333	-64.494444							1973-08-30	30	8	1973	2524503	2524503	PRESERVED_SPECIMEN	TENN-F		TENN-F-037940	RHP37940			CC0_1_0		R.H. Petersen			2025-01-12T10:33:51.308Z	StillImage	COORDINATE_ROUNDED;GEODETIC_DATUM_ASSUMED_WGS84;CONTINENT_DERIVED_FROM_COORDINATES;TAXON_MATCH_TAXON_ID_IGNORED;INSTITUTION_MATCH_NONE
1990310866	032f1fbe-d21f-407d-be46-5cd1bb1ea397	71877f96-e4e5-49d7-b0e8-ed20c80b0e0e	Fungi	Basidiomycota	Agaricomycetes	Boletales	Boletaceae	Leccinum	Leccinum holopus	americanum	VARIETY	Leccinum holopus var. americanum A.H.Sm. & Thiers	Leccinum holopus americanum		CA	Baxter's Harbor, Black Hole, Near Baxter's Harbor	Nova Scotia	PRESENT		61c539d8-47e0-4b82-875f-b95aad66dcd4	45.233333	-64.494444							1973-08-30	30	8	1973	2524511	2524503	PRESERVED_SPECIMEN	TENN-F		TENN-F-037941	RHP37941			CC0_1_0		R.H. Petersen			2025-01-12T10:33:51.307Z	StillImage	COORDINATE_ROUNDED;GEODETIC_DATUM_ASSUMED_WGS84;CONTINENT_DERIVED_FROM_COORDINATES;INSTITUTION_MATCH_NONE
1987944892	ca1bcd7e-7387-42f9-81ba-1470db55e3e8	AADE37A0-0838-BE43-9FA3-43F148FA0F7B	Fungi	Basidiomycota	Agaricomycetes	Boletales	Boletaceae	Leccinum	Leccinum holopus		SPECIES	Leccinum holopus (Rostk.) Watling	Leccinum holopus	(Rostk.) Watling	CA	Sackville, Mountview Road Area	New Brunswick	PRESENT		b542788f-0dc2-4a2b-b652-fceced449591	45.95	-64.383333							2003-09		9	2003	2524503	2524503	PRESERVED_SPECIMEN	BBM	UBC	F023843	Sackville B-6	T. Goward		CC0_1_0	The University of British Columbia	T. Goward			2024-11-19T11:27:40.130Z		GEODETIC_DATUM_ASSUMED_WGS84;CONTINENT_DERIVED_FROM_COORDINATES;INSTITUTION_MATCH_FUZZY
1847644920	50c9509d-22c7-4a22-a47d-8c48425ef4a7	https://www.inaturalist.org/observations/9572031	Fungi	Basidiomycota	Agaricomycetes	Boletales	Boletaceae	Leccinum	Leccinum holopus		SPECIES	Leccinum holopus (Rostk.) Watling	Leccinum holopus		CA		Ontario	PRESENT		28eb1a3f-1c15-4a95-931a-4af90ecb574d	45.5794	-78.51955	385.0						2012-09-21	21	9	2012	2524503	2524503	HUMAN_OBSERVATION	iNaturalist	Observations	9572031		mycowalt	2018-01-23T07:47:27	CC_BY_NC_4_0	mycowalt	mycowalt			2025-01-14T12:59:50.416Z	StillImage	CONTINENT_DERIVED_FROM_COORDINATES;TAXON_MATCH_TAXON_ID_IGNORED
1807261775	e8a25a42-f125-476c-8554-3ec21cd51a84	ACAD:118305	Fungi	Basidiomycota	Agaricomycetes	Boletales	Boletaceae	Leccinum	Leccinum holopus		SPECIES	Leccinum holopus (Rostk.) Watling	Leccinum holopus (Rostk.) Watling	(Rostk.) Watling	CA	Scotts Bay	Nova Scotia	PRESENT		6491ad8c-8e49-4bd4-a089-0ddb3bbe0890	45.3	-64.424167							1975-09-10	10	9	1975	2524503	2524503	PRESERVED_SPECIMEN	Acadia University	ACAD	11454F	11454			CC0_1_0	Acadia University	Harrison, KA			2024-01-25T01:37:17.357Z	StillImage	COORDINATE_ROUNDED;GEODETIC_DATUM_INVALID;GEODETIC_DATUM_ASSUMED_WGS84;TAXON_MATCH_TAXON_ID_IGNORED;INSTITUTION_MATCH_FUZZY;COLLECTION_MATCH_FUZZY
1807261753	e8a25a42-f125-476c-8554-3ec21cd51a84	ACAD:118306	Fungi	Basidiomycota	Agaricomycetes	Boletales	Boletaceae	Leccinum	Leccinum holopus		SPECIES	Leccinum holopus (Rostk.) Watling	Leccinum holopus (Rostk.) Watling	(Rostk.) Watling	CA	Scotts Bay	Nova Scotia	PRESENT		6491ad8c-8e49-4bd4-a089-0ddb3bbe0890	45.3	-64.424167							1975-09-10	10	9	1975	2524503	2524503	PRESERVED_SPECIMEN	Acadia University	ACAD	11455F	11455			CC0_1_0	Acadia University	Harrison, KA; Party			2024-01-25T01:37:17.359Z	StillImage	COORDINATE_ROUNDED;GEODETIC_DATUM_INVALID;GEODETIC_DATUM_ASSUMED_WGS84;TAXON_MATCH_TAXON_ID_IGNORED;INSTITUTION_MATCH_FUZZY;COLLECTION_MATCH_FUZZY
1807261567	e8a25a42-f125-476c-8554-3ec21cd51a84	ACAD:118303	Fungi	Basidiomycota	Agaricomycetes	Boletales	Boletaceae	Leccinum	Leccinum holopus		SPECIES	Leccinum holopus (Rostk.) Watling	Leccinum holopus (Rostk.) Watling	(Rostk.) Watling	CA	Scotts Bay	Nova Scotia	PRESENT		6491ad8c-8e49-4bd4-a089-0ddb3bbe0890	45.3	-64.424167							1975-09-10	10	9	1975	2524503	2524503	PRESERVED_SPECIMEN	Acadia University	ACAD	11452F	11452			CC0_1_0	Acadia University	Harrison, KA; Party			2024-01-25T01:37:17.357Z	StillImage	COORDINATE_ROUNDED;GEODETIC_DATUM_INVALID;GEODETIC_DATUM_ASSUMED_WGS84;TAXON_MATCH_TAXON_ID_IGNORED;INSTITUTION_MATCH_FUZZY;COLLECTION_MATCH_FUZZY
1807261480	e8a25a42-f125-476c-8554-3ec21cd51a84	ACAD:118311	Fungi	Basidiomycota	Agaricomycetes	Boletales	Boletaceae	Leccinum	Leccinum holopus		SPECIES	Leccinum holopus (Rostk.) Watling	Leccinum holopus (Rostk.) Watling	(Rostk.) Watling	CA	Scotts Bay	Nova Scotia	PRESENT		6491ad8c-8e49-4bd4-a089-0ddb3bbe0890	45.3	-64.424167							1975-09-15	15	9	1975	2524503	2524503	PRESERVED_SPECIMEN	Acadia University	ACAD	11461F	11461	H, KA		CC0_1_0	Acadia University	Harrison, KA			2024-01-25T01:37:17.359Z	StillImage	COORDINATE_ROUNDED;GEODETIC_DATUM_INVALID;GEODETIC_DATUM_ASSUMED_WGS84;TAXON_MATCH_TAXON_ID_IGNORED;INSTITUTION_MATCH_FUZZY;COLLECTION_MATCH_FUZZY
1807261469	e8a25a42-f125-476c-8554-3ec21cd51a84	ACAD:118304	Fungi	Basidiomycota	Agaricomycetes	Boletales	Boletaceae	Leccinum	Leccinum holopus		SPECIES	Leccinum holopus (Rostk.) Watling	Leccinum holopus (Rostk.) Watling	(Rostk.) Watling	CA	Scotts Bay	Nova Scotia	PRESENT		6491ad8c-8e49-4bd4-a089-0ddb3bbe0890	45.3	-64.424167							1975-09-10	10	9	1975	2524503	2524503	PRESERVED_SPECIMEN	Acadia University	ACAD	11453F	11453	H, KA		CC0_1_0	Acadia University	Harrison, KA			2024-01-25T01:37:17.356Z	StillImage	COORDINATE_ROUNDED;GEODETIC_DATUM_INVALID;GEODETIC_DATUM_ASSUMED_WGS84;TAXON_MATCH_TAXON_ID_IGNORED;INSTITUTION_MATCH_FUZZY;COLLECTION_MATCH_FUZZY
1807261441	e8a25a42-f125-476c-8554-3ec21cd51a84	ACAD:118309	Fungi	Basidiomycota	Agaricomycetes	Boletales	Boletaceae	Leccinum	Leccinum holopus		SPECIES	Leccinum holopus (Rostk.) Watling	Leccinum holopus (Rostk.) Watling	(Rostk.) Watling	CA	Scotts Bay	Nova Scotia	PRESENT		6491ad8c-8e49-4bd4-a089-0ddb3bbe0890	45.3	-64.424167							1975-09-10	10	9	1975	2524503	2524503	PRESERVED_SPECIMEN	Acadia University	ACAD	11458F	11458			CC0_1_0	Acadia University	Harrison, KA			2024-01-25T01:37:17.357Z	StillImage	COORDINATE_ROUNDED;GEODETIC_DATUM_INVALID;GEODETIC_DATUM_ASSUMED_WGS84;TAXON_MATCH_TAXON_ID_IGNORED;INSTITUTION_MATCH_FUZZY;COLLECTION_MATCH_FUZZY
1807261434	e8a25a42-f125-476c-8554-3ec21cd51a84	ACAD:118308	Fungi	Basidiomycota	Agaricomycetes	Boletales	Boletaceae	Leccinum	Leccinum holopus		SPECIES	Leccinum holopus (Rostk.) Watling	Leccinum holopus (Rostk.) Watling	(Rostk.) Watling	CA	Scotts Bay	Nova Scotia	PRESENT		6491ad8c-8e49-4bd4-a089-0ddb3bbe0890	45.3	-64.424167							1975-09-10	10	9	1975	2524503	2524503	PRESERVED_SPECIMEN	Acadia University	ACAD	11457F	11457	H, KA		CC0_1_0	Acadia University	Harrison, KA			2024-01-25T01:37:17.373Z	StillImage	COORDINATE_ROUNDED;GEODETIC_DATUM_INVALID;GEODETIC_DATUM_ASSUMED_WGS84;TAXON_MATCH_TAXON_ID_IGNORED;INSTITUTION_MATCH_FUZZY;COLLECTION_MATCH_FUZZY
1807261432	e8a25a42-f125-476c-8554-3ec21cd51a84	ACAD:118333	Fungi	Basidiomycota	Agaricomycetes	Boletales	Boletaceae	Leccinum	Leccinum holopus		SPECIES	Leccinum holopus (Rostk.) Watling	Leccinum holopus (Rostk.) Watling	(Rostk.) Watling	CA	Scotts Bay	Nova Scotia	PRESENT		6491ad8c-8e49-4bd4-a089-0ddb3bbe0890	45.3	-64.424167							1975-09-15	15	9	1975	2524503	2524503	PRESERVED_SPECIMEN	Acadia University	ACAD	11485F	11485			CC0_1_0	Acadia University	Harrison, KA			2024-01-25T01:37:17.448Z	StillImage	COORDINATE_ROUNDED;GEODETIC_DATUM_INVALID;GEODETIC_DATUM_ASSUMED_WGS84;TAXON_MATCH_TAXON_ID_IGNORED;INSTITUTION_MATCH_FUZZY;COLLECTION_MATCH_FUZZY
1453111251	50c9509d-22c7-4a22-a47d-8c48425ef4a7	http://www.inaturalist.org/observations/4064132	Fungi	Basidiomycota	Agaricomycetes	Boletales	Boletaceae	Leccinum	Leccinum holopus		SPECIES	Leccinum holopus (Rostk.) Watling	Leccinum holopus		CA		New Brunswick	PRESENT		28eb1a3f-1c15-4a95-931a-4af90ecb574d	47.674462	-65.141821	15.0						2016-07-10T17:12	10	7	2016	2524503	2524503	HUMAN_OBSERVATION	iNaturalist	Observations	4064132		anthony brooks	2016-11-17T19:19:37	CC_BY_NC_4_0	Lewnanny Richardson	Lewnanny Richardson			2025-01-14T12:02:49.810Z	StillImage	COORDINATE_ROUNDED;CONTINENT_DERIVED_FROM_COORDINATES;TAXON_MATCH_TAXON_ID_IGNORED
1412706507	21705170-d2b6-42de-8904-c3bca4b83591	CMMF014956	Fungi	Basidiomycota	Agaricomycetes	Boletales	Boletaceae	Leccinum	Leccinum holopus		SPECIES	Leccinum holopus (Rostk.) Watling	Leccinum holopus (Rostk.) Watling	(Rostk.) Watling	CA	Chicoutimi, Québec.	Québec	PRESENT		ff7bd5db-b724-4932-b496-10ea298851f9	48.368277	-71.119642	15000.0						1984-08-08	8	8	1984	2524503	2524503	PRESERVED_SPECIMEN	Université de Montréal Biodiversity Centre	CMMF	CMMF014956	2684	Guérin, Gérard		CC0_1_0	Université de Montréal Biodiversity Centre	Guérin, Gérard			2024-01-24T16:38:20.769Z	StillImage	INSTITUTION_MATCH_FUZZY;COLLECTION_MATCH_FUZZY;DIFFERENT_OWNER_INSTITUTION
1412706423	21705170-d2b6-42de-8904-c3bca4b83591	CMMF014955	Fungi	Basidiomycota	Agaricomycetes	Boletales	Boletaceae	Leccinum	Leccinum holopus		SPECIES	Leccinum holopus (Rostk.) Watling	Leccinum holopus (Rostk.) Watling	(Rostk.) Watling	CA	Rang Saint-Paul, Chicoutimi, Québec.	Québec	PRESENT		ff7bd5db-b724-4932-b496-10ea298851f9	48.361148	-71.135546	4000.0						1993-08-29	29	8	1993	2524503	2524503	PRESERVED_SPECIMEN	Université de Montréal Biodiversity Centre	CMMF	CMMF014955	NA	Guérin, Gérard		CC0_1_0	Université de Montréal Biodiversity Centre	Guérin, Gérard			2024-01-24T16:38:20.767Z		INSTITUTION_MATCH_FUZZY;COLLECTION_MATCH_FUZZY;DIFFERENT_OWNER_INSTITUTION
1269538024	50c9509d-22c7-4a22-a47d-8c48425ef4a7	http://inaturalist.ca/observations/1950219	Fungi	Basidiomycota	Agaricomycetes	Boletales	Boletaceae	Leccinum	Leccinum holopus		SPECIES	Leccinum holopus (Rostk.) Watling	Leccinum holopus		CA		New Brunswick	PRESENT		28eb1a3f-1c15-4a95-931a-4af90ecb574d	45.9066	-66.676195	500.0						2015-09-15T15:31:23	15	9	2015	2524503	2524503	HUMAN_OBSERVATION	iNaturalist	Observations	1950219		cdavis5	2016-04-20T17:32:02	CC_BY_NC_4_0	cdavis5	cdavis5			2025-01-14T12:02:05.952Z	StillImage	CONTINENT_DERIVED_FROM_COORDINATES;TAXON_MATCH_TAXON_ID_IGNORED
1135071420	21705170-d2b6-42de-8904-c3bca4b83591	CMMF009939	Fungi	Basidiomycota	Agaricomycetes	Boletales	Boletaceae	Leccinum	Leccinum holopus		SPECIES	Leccinum holopus (Rostk.) Watling	Leccinum holopus (Rostk.) Watling	(Rostk.) Watling	CA	210 de l'Éperon, cour arrière, Lac-Beauport.	Québec	PRESENT		ff7bd5db-b724-4932-b496-10ea298851f9	46.964353	-71.306427	200.0						2007-09-07	7	9	2007	2524503	2524503	PRESERVED_SPECIMEN	Université de Montréal Biodiversity Centre	CMMF	CMMF009939	1523	Labrecque, Jacqueline		CC0_1_0	Université de Montréal Biodiversity Centre	Labrecque, Jacqueline			2024-01-24T16:38:21.415Z		INSTITUTION_MATCH_FUZZY;COLLECTION_MATCH_FUZZY;DIFFERENT_OWNER_INSTITUTION
1135069895	21705170-d2b6-42de-8904-c3bca4b83591	CMMF008368	Fungi	Basidiomycota	Agaricomycetes	Boletales	Boletaceae	Leccinum	Leccinum holopus		SPECIES	Leccinum holopus (Rostk.) Watling	Leccinum holopus (Rostk.) Watling	(Rostk.) Watling	CA	Sainte-Anne-des-Monts	Québec	PRESENT		ff7bd5db-b724-4932-b496-10ea298851f9	49.11755	-66.498833	100.0						2005-09-15	15	9	2005	2524503	2524503	PRESERVED_SPECIMEN	Université de Montréal Biodiversity Centre	CMMF	CMMF008368	C2511	McNeil, Raymond		CC0_1_0	Université de Montréal Biodiversity Centre	McNeil, Raymond			2024-01-24T16:38:17.757Z	StillImage	COORDINATE_ROUNDED;INSTITUTION_MATCH_FUZZY;COLLECTION_MATCH_FUZZY;DIFFERENT_OWNER_INSTITUTION
1135069792	21705170-d2b6-42de-8904-c3bca4b83591	CMMF008365	Fungi	Basidiomycota	Agaricomycetes	Boletales	Boletaceae	Leccinum	Leccinum holopus		SPECIES	Leccinum holopus (Rostk.) Watling	Leccinum holopus (Rostk.) Watling	(Rostk.) Watling	CA	Sainte-Anne-des-Monts	Québec	PRESENT		ff7bd5db-b724-4932-b496-10ea298851f9	49.11755	-66.498833	100.0						2005-09-15	15	9	2005	2524503	2524503	PRESERVED_SPECIMEN	Université de Montréal Biodiversity Centre	CMMF	CMMF008365	C2505	McNeil, Raymond		CC0_1_0	Université de Montréal Biodiversity Centre	McNeil, Raymond			2024-01-24T16:38:17.748Z	StillImage	COORDINATE_ROUNDED;INSTITUTION_MATCH_FUZZY;COLLECTION_MATCH_FUZZY;DIFFERENT_OWNER_INSTITUTION
1135069766	21705170-d2b6-42de-8904-c3bca4b83591	CMMF008336	Fungi	Basidiomycota	Agaricomycetes	Boletales	Boletaceae	Leccinum	Leccinum holopus		SPECIES	Leccinum holopus (Rostk.) Watling	Leccinum holopus (Rostk.) Watling	(Rostk.) Watling	CA	Sainte-Anne-des-Monts	Québec	PRESENT		ff7bd5db-b724-4932-b496-10ea298851f9	49.108333	-66.497883	100.0						2004-09-05	5	9	2004	2524503	2524503	PRESERVED_SPECIMEN	Université de Montréal Biodiversity Centre	CMMF	CMMF008336	C1957	McNeil, Raymond		CC0_1_0	Université de Montréal Biodiversity Centre	McNeil, Raymond			2024-01-24T16:38:17.799Z	StillImage	COORDINATE_ROUNDED;INSTITUTION_MATCH_FUZZY;COLLECTION_MATCH_FUZZY;DIFFERENT_OWNER_INSTITUTION
1135069713	21705170-d2b6-42de-8904-c3bca4b83591	CMMF008286	Fungi	Basidiomycota	Agaricomycetes	Boletales	Boletaceae	Leccinum	Leccinum holopus		SPECIES	Leccinum holopus (Rostk.) Watling	Leccinum holopus (Rostk.) Watling	(Rostk.) Watling	CA	Parc de la Gaspésie (sortie sud)	Québec	PRESENT		ff7bd5db-b724-4932-b496-10ea298851f9	48.856883	-66.20075	100.0						2007-07-21	21	7	2007	2524503	2524503	PRESERVED_SPECIMEN	Université de Montréal Biodiversity Centre	CMMF	CMMF008286	C3109	McNeil, Raymond		CC0_1_0	Université de Montréal Biodiversity Centre	McNeil, Raymond			2024-01-24T16:38:18.313Z	StillImage	COORDINATE_ROUNDED;INSTITUTION_MATCH_FUZZY;COLLECTION_MATCH_FUZZY;DIFFERENT_OWNER_INSTITUTION
1135069682	21705170-d2b6-42de-8904-c3bca4b83591	CMMF008301	Fungi	Basidiomycota	Agaricomycetes	Boletales	Boletaceae	Leccinum	Leccinum holopus		SPECIES	Leccinum holopus (Rostk.) Watling	Leccinum holopus (Rostk.) Watling	(Rostk.) Watling	CA	Parc de la Gaspésie (sortie sud)	Québec	PRESENT		ff7bd5db-b724-4932-b496-10ea298851f9	48.856883	-66.20075	100.0						2010-08-10	10	8	2010	2524503	2524503	PRESERVED_SPECIMEN	Université de Montréal Biodiversity Centre	CMMF	CMMF008301	C3696	McNeil, Raymond		CC0_1_0	Université de Montréal Biodiversity Centre	McNeil, Raymond			2024-01-24T16:38:17.803Z	StillImage	COORDINATE_ROUNDED;INSTITUTION_MATCH_FUZZY;COLLECTION_MATCH_FUZZY;DIFFERENT_OWNER_INSTITUTION
1135069658	21705170-d2b6-42de-8904-c3bca4b83591	CMMF008249	Fungi	Basidiomycota	Agaricomycetes	Boletales	Boletaceae	Leccinum	Leccinum holopus		SPECIES	Leccinum holopus (Rostk.) Watling	Leccinum holopus (Rostk.) Watling	(Rostk.) Watling	CA	Parc de la Gaspésie (sortie sud)	Québec	PRESENT		ff7bd5db-b724-4932-b496-10ea298851f9	48.856583	-66.19265	100.0						2011-08-18	18	8	2011	2524503	2524503	PRESERVED_SPECIMEN	Université de Montréal Biodiversity Centre	CMMF	CMMF008249	C3852	McNeil, Raymond		CC0_1_0	Université de Montréal Biodiversity Centre	McNeil, Raymond			2024-01-24T16:38:18.302Z	StillImage	COORDINATE_ROUNDED;INSTITUTION_MATCH_FUZZY;COLLECTION_MATCH_FUZZY;DIFFERENT_OWNER_INSTITUTION
1135069617	21705170-d2b6-42de-8904-c3bca4b83591	CMMF008150	Fungi	Basidiomycota	Agaricomycetes	Boletales	Boletaceae	Leccinum	Leccinum holopus		SPECIES	Leccinum holopus (Rostk.) Watling	Leccinum holopus (Rostk.) Watling	(Rostk.) Watling	CA	Rimouski	Québec	PRESENT		ff7bd5db-b724-4932-b496-10ea298851f9	48.4206	-68.589317	100.0						2007-07-20	20	7	2007	2524503	2524503	PRESERVED_SPECIMEN	Université de Montréal Biodiversity Centre	CMMF	CMMF008150	C3095	McNeil, Raymond		CC0_1_0	Université de Montréal Biodiversity Centre	McNeil, Raymond			2024-01-24T16:38:18.241Z	StillImage	COORDINATE_ROUNDED;INSTITUTION_MATCH_FUZZY;COLLECTION_MATCH_FUZZY;DIFFERENT_OWNER_INSTITUTION
1135069597	21705170-d2b6-42de-8904-c3bca4b83591	CMMF008091	Fungi	Basidiomycota	Agaricomycetes	Boletales	Boletaceae	Leccinum	Leccinum holopus		SPECIES	Leccinum holopus (Rostk.) Watling	Leccinum holopus (Rostk.) Watling	(Rostk.) Watling	CA	Centre écologique Port-au-Saumon	Québec	PRESENT		ff7bd5db-b724-4932-b496-10ea298851f9	47.773333	-69.949333	100.0						1981-08-18	18	8	1981	2524503	2524503	PRESERVED_SPECIMEN	Université de Montréal Biodiversity Centre	CMMF	CMMF008091	1235	McNeil, Raymond		CC0_1_0	Université de Montréal Biodiversity Centre	McNeil, Raymond			2024-01-24T16:38:18.110Z	StillImage	COORDINATE_ROUNDED;INSTITUTION_MATCH_FUZZY;COLLECTION_MATCH_FUZZY;DIFFERENT_OWNER_INSTITUTION
1135069428	21705170-d2b6-42de-8904-c3bca4b83591	CMMF007930	Fungi	Basidiomycota	Agaricomycetes	Boletales	Boletaceae	Leccinum	Leccinum holopus		SPECIES	Leccinum holopus (Rostk.) Watling	Leccinum holopus (Rostk.) Watling	(Rostk.) Watling	CA	Sainte-Euphémie	Québec	PRESENT		ff7bd5db-b724-4932-b496-10ea298851f9	46.7689	-70.445417	100.0						2012-09-13	13	9	2012	2524503	2524503	PRESERVED_SPECIMEN	Université de Montréal Biodiversity Centre	CMMF	CMMF007930	inexistant	McNeil, Raymond		CC0_1_0	Université de Montréal Biodiversity Centre	McNeil, Raymond			2024-01-24T16:38:15.602Z	StillImage	COORDINATE_ROUNDED;INSTITUTION_MATCH_FUZZY;COLLECTION_MATCH_FUZZY;DIFFERENT_OWNER_INSTITUTION
