gbifID	datasetKey	occurrenceID	kingdom	phylum	class	order	family	genus	species	infraspecificEpithet	taxonRank	scientificName	verbatimScientificName	verbatimScientificNameAuthorship	countryCode	locality	stateProvince	occurrenceStatus	individualCount	publishingOrgKey	decimalLatitude	decimalLongitude	coordinateUncertaintyInMeters	coordinatePrecision	elevation	elevationAccuracy	depth	depthAccuracy	eventDate	day	month	year	taxonKey	speciesKey	basisOfRecord	institutionCode	collectionCode	catalogNumber	recordNumber	identifiedBy	dateIdentified	license	rightsHolder	recordedBy	typeStatus	establishmentMeans	lastInterpreted	mediaType	issue
617555141	21705170-d2b6-42de-8904-c3bca4b83591	CMMF000675	Fungi	Basidiomycota	Agaricomycetes	Polyporales	Incrustoporiaceae	Tyromyces	Tyromyces chioneus		SPECIES	Tyromyces chioneus (Fr.) P.Karst.	Tyromyces chioneus (Fr.) P. Karst.	(Fr.) P. Karst.	CA	Montréal	Québec	PRESENT		ff7bd5db-b724-4932-b496-10ea298851f9	45.509625	-73.662984	25000.0						1989-08-25	25	8	1989	2548515	2548515	PRESERVED_SPECIMEN	Université de Montréal Biodiversity Centre	CMMF	CMMF000675		Lamoureux, Yves		CC0_1_0	Université de Montréal Biodiversity Centre	Lamoureux, Yves			2024-01-24T16:38:20.123Z	StillImage	INSTITUTION_MATCH_FUZZY;COLLECTION_MATCH_FUZZY;DIFFERENT_OWNER_INSTITUTION
617551110	21705170-d2b6-42de-8904-c3bca4b83591	CMMF002570	Fungi	Basidiomycota	Agaricomycetes	Polyporales	Incrustoporiaceae	Tyromyces	Tyromyces chioneus		SPECIES	Tyromyces chioneus (Fr.) P.Karst.	Tyromyces chioneus (Fr.) P. Karst.	(Fr.) P. Karst.	CA	Saint-Roch-sur-Richelieu	Québec	PRESENT		ff7bd5db-b724-4932-b496-10ea298851f9	45.891936	-73.179027	4000.0						1995-09-09	9	9	1995	2548515	2548515	PRESERVED_SPECIMEN	Université de Montréal Biodiversity Centre	CMMF	CMMF002570		Lamoureux, Yves		CC0_1_0	Université de Montréal Biodiversity Centre	Lamoureux, Yves			2024-01-24T16:38:19.561Z	StillImage	INSTITUTION_MATCH_FUZZY;COLLECTION_MATCH_FUZZY;DIFFERENT_OWNER_INSTITUTION
5008307086	50c9509d-22c7-4a22-a47d-8c48425ef4a7	https://www.inaturalist.org/observations/255508496	Fungi	Basidiomycota	Agaricomycetes	Polyporales	Incrustoporiaceae	Tyromyces	Tyromyces chioneus		SPECIES	Tyromyces chioneus (Fr.) P.Karst.	Tyromyces chioneus		CA		Québec	PRESENT		28eb1a3f-1c15-4a95-931a-4af90ecb574d	45.476406	-71.199836	24.0						2024-10-01T09:57	1	10	2024	2548515	2548515	HUMAN_OBSERVATION	iNaturalist	Observations	255508496		gabboilard	2024-12-18T16:26:12	CC_BY_NC_4_0	gabboilard	gabboilard			2025-01-14T12:56:26.803Z	StillImage	COORDINATE_ROUNDED;CONTINENT_DERIVED_FROM_COORDINATES;TAXON_MATCH_TAXON_ID_IGNORED
4987776486	50c9509d-22c7-4a22-a47d-8c48425ef4a7	https://www.inaturalist.org/observations/252678160	Fungi	Basidiomycota	Agaricomycetes	Polyporales	Incrustoporiaceae	Tyromyces	Tyromyces chioneus		SPECIES	Tyromyces chioneus (Fr.) P.Karst.	Tyromyces chioneus		CA		Prince Edward Island	PRESENT		28eb1a3f-1c15-4a95-931a-4af90ecb574d	46.52828	-64.009208	4.0						2024-11-22T15:23:12	22	11	2024	2548515	2548515	HUMAN_OBSERVATION	iNaturalist	Observations	252678160		Rosemary Curley	2024-11-23T04:20:35	CC_BY_NC_4_0	Rosemary Curley	Rosemary Curley			2025-01-14T12:55:59.563Z	StillImage	COORDINATE_ROUNDED;CONTINENT_DERIVED_FROM_COORDINATES;TAXON_MATCH_TAXON_ID_IGNORED
4987409891	50c9509d-22c7-4a22-a47d-8c48425ef4a7	https://www.inaturalist.org/observations/252680669	Fungi	Basidiomycota	Agaricomycetes	Polyporales	Incrustoporiaceae	Tyromyces	Tyromyces chioneus		SPECIES	Tyromyces chioneus (Fr.) P.Karst.	Tyromyces chioneus		CA		Prince Edward Island	PRESENT		28eb1a3f-1c15-4a95-931a-4af90ecb574d	46.530228	-64.006753	4.0						2024-11-22T16:09:12	22	11	2024	2548515	2548515	HUMAN_OBSERVATION	iNaturalist	Observations	252680669		Rosemary Curley	2024-11-23T04:56:31	CC_BY_NC_4_0	Rosemary Curley	Rosemary Curley			2025-01-14T13:45:15.427Z	StillImage	COORDINATE_ROUNDED;CONTINENT_DERIVED_FROM_COORDINATES;TAXON_MATCH_TAXON_ID_IGNORED
4980301066	50c9509d-22c7-4a22-a47d-8c48425ef4a7	https://www.inaturalist.org/observations/188009763	Fungi	Basidiomycota	Agaricomycetes	Polyporales	Incrustoporiaceae	Tyromyces	Tyromyces chioneus		SPECIES	Tyromyces chioneus (Fr.) P.Karst.	Tyromyces chioneus		CA		Québec	PRESENT		28eb1a3f-1c15-4a95-931a-4af90ecb574d	45.830608	-75.090698							2023-10-15T16:56:28	15	10	2023	2548515	2548515	HUMAN_OBSERVATION	iNaturalist	Observations	188009763		Stephen Russell	2024-03-22T21:47:21	CC_BY_NC_4_0	Chantal Gauthier	Chantal Gauthier			2025-01-14T13:34:08.271Z		CONTINENT_DERIVED_FROM_COORDINATES;TAXON_MATCH_TAXON_ID_IGNORED
4978372161	50c9509d-22c7-4a22-a47d-8c48425ef4a7	https://www.inaturalist.org/observations/250197478	Fungi	Basidiomycota	Agaricomycetes	Polyporales	Incrustoporiaceae	Tyromyces	Tyromyces chioneus		SPECIES	Tyromyces chioneus (Fr.) P.Karst.	Tyromyces chioneus		CA		Prince Edward Island	PRESENT		28eb1a3f-1c15-4a95-931a-4af90ecb574d	46.666629	-64.230547	19.0						2024-11-02T14:02:48	2	11	2024	2548515	2548515	HUMAN_OBSERVATION	iNaturalist	Observations	250197478		zova	2024-11-02T21:17:38	CC_BY_NC_4_0	zova	zova			2025-01-14T12:54:48.118Z	StillImage	COORDINATE_ROUNDED;CONTINENT_DERIVED_FROM_COORDINATES;TAXON_MATCH_TAXON_ID_IGNORED
4973997510	50c9509d-22c7-4a22-a47d-8c48425ef4a7	https://www.inaturalist.org/observations/248502568	Fungi	Basidiomycota	Agaricomycetes	Polyporales	Incrustoporiaceae	Tyromyces	Tyromyces chioneus		SPECIES	Tyromyces chioneus (Fr.) P.Karst.	Tyromyces chioneus		CA		Prince Edward Island	PRESENT		28eb1a3f-1c15-4a95-931a-4af90ecb574d	46.692211	-64.019242	5.0						2024-10-21T16:24	21	10	2024	2548515	2548515	HUMAN_OBSERVATION	iNaturalist	Observations	248502568		Thelma Phillips	2024-10-21T20:15:10	CC_BY_NC_4_0	Thelma Phillips	Thelma Phillips			2025-01-14T13:38:40.934Z	StillImage	COORDINATE_ROUNDED;CONTINENT_DERIVED_FROM_COORDINATES;TAXON_MATCH_TAXON_ID_IGNORED
4953072145	50c9509d-22c7-4a22-a47d-8c48425ef4a7	https://www.inaturalist.org/observations/244803698	Fungi	Basidiomycota	Agaricomycetes	Polyporales	Incrustoporiaceae	Tyromyces	Tyromyces chioneus		SPECIES	Tyromyces chioneus (Fr.) P.Karst.	Tyromyces chioneus		CA		Prince Edward Island	PRESENT		28eb1a3f-1c15-4a95-931a-4af90ecb574d	46.691356	-64.018417	14.0						2024-09-29T14:46	29	9	2024	2548515	2548515	HUMAN_OBSERVATION	iNaturalist	Observations	244803698		Thelma Phillips	2024-09-29T23:05:48	CC_BY_NC_4_0	Thelma Phillips	Thelma Phillips			2025-01-14T12:54:28.750Z	StillImage	COORDINATE_ROUNDED;CONTINENT_DERIVED_FROM_COORDINATES;TAXON_MATCH_TAXON_ID_IGNORED
4952386639	50c9509d-22c7-4a22-a47d-8c48425ef4a7	https://www.inaturalist.org/observations/243844030	Fungi	Basidiomycota	Agaricomycetes	Polyporales	Incrustoporiaceae	Tyromyces	Tyromyces chioneus		SPECIES	Tyromyces chioneus (Fr.) P.Karst.	Tyromyces chioneus		CA		Ontario	PRESENT		28eb1a3f-1c15-4a95-931a-4af90ecb574d	45.410455	-75.546027	8.0						2024-09-24T13:09:19	24	9	2024	2548515	2548515	HUMAN_OBSERVATION	iNaturalist	Observations	243844030		Igor Khomenko	2024-09-24T19:08:46	CC_BY_NC_4_0	Igor Khomenko	Igor Khomenko			2025-01-14T12:51:35.129Z	StillImage	COORDINATE_ROUNDED;CONTINENT_DERIVED_FROM_COORDINATES;TAXON_MATCH_TAXON_ID_IGNORED
4950012169	50c9509d-22c7-4a22-a47d-8c48425ef4a7	https://www.inaturalist.org/observations/242148627	Fungi	Basidiomycota	Agaricomycetes	Polyporales	Incrustoporiaceae	Tyromyces	Tyromyces chioneus		SPECIES	Tyromyces chioneus (Fr.) P.Karst.	Tyromyces chioneus		CA		Ontario	PRESENT		28eb1a3f-1c15-4a95-931a-4af90ecb574d	45.370547	-75.792922	4.0						2024-09-16T09:47	16	9	2024	2548515	2548515	HUMAN_OBSERVATION	iNaturalist	Observations	242148627		Deborah Mosher	2024-09-16T19:13:32	CC_BY_NC_4_0	Deborah Mosher	Deborah Mosher			2025-01-14T13:43:28.280Z	StillImage	COORDINATE_ROUNDED;CONTINENT_DERIVED_FROM_COORDINATES;TAXON_MATCH_TAXON_ID_IGNORED
4946475427	50c9509d-22c7-4a22-a47d-8c48425ef4a7	https://www.inaturalist.org/observations/239707851	Fungi	Basidiomycota	Agaricomycetes	Polyporales	Incrustoporiaceae	Tyromyces	Tyromyces chioneus		SPECIES	Tyromyces chioneus (Fr.) P.Karst.	Tyromyces chioneus		CA		Prince Edward Island	PRESENT		28eb1a3f-1c15-4a95-931a-4af90ecb574d	46.84967	-64.015944	4.0						2024-09-03T10:14:24	3	9	2024	2548515	2548515	HUMAN_OBSERVATION	iNaturalist	Observations	239707851		Rosemary Curley	2024-09-03T23:51:16	CC_BY_NC_4_0	Rosemary Curley	Rosemary Curley			2025-01-14T12:50:47.692Z	StillImage	COORDINATE_ROUNDED;CONTINENT_DERIVED_FROM_COORDINATES;TAXON_MATCH_TAXON_ID_IGNORED
4946247048	50c9509d-22c7-4a22-a47d-8c48425ef4a7	https://www.inaturalist.org/observations/241198824	Fungi	Basidiomycota	Agaricomycetes	Polyporales	Incrustoporiaceae	Tyromyces	Tyromyces chioneus		SPECIES	Tyromyces chioneus (Fr.) P.Karst.	Tyromyces chioneus		CA		Prince Edward Island	PRESENT		28eb1a3f-1c15-4a95-931a-4af90ecb574d	46.738297	-64.352783	4.0						2024-09-11T13:08:24	11	9	2024	2548515	2548515	HUMAN_OBSERVATION	iNaturalist	Observations	241198824		Rosemary Curley	2024-09-11T23:39:13	CC_BY_NC_4_0	Rosemary Curley	Rosemary Curley			2025-01-14T13:43:02.911Z	StillImage	COORDINATE_ROUNDED;CONTINENT_DERIVED_FROM_COORDINATES;TAXON_MATCH_TAXON_ID_IGNORED
4945878273	50c9509d-22c7-4a22-a47d-8c48425ef4a7	https://www.inaturalist.org/observations/241191047	Fungi	Basidiomycota	Agaricomycetes	Polyporales	Incrustoporiaceae	Tyromyces	Tyromyces chioneus		SPECIES	Tyromyces chioneus (Fr.) P.Karst.	Tyromyces chioneus		CA		Prince Edward Island	PRESENT		28eb1a3f-1c15-4a95-931a-4af90ecb574d	46.737328	-64.352522	4.0						2024-09-11T14:25:24	11	9	2024	2548515	2548515	HUMAN_OBSERVATION	iNaturalist	Observations	241191047		Rosemary Curley	2024-09-11T22:43:14	CC_BY_NC_4_0	Rosemary Curley	Rosemary Curley			2025-01-14T12:51:13.416Z	StillImage	COORDINATE_ROUNDED;CONTINENT_DERIVED_FROM_COORDINATES;TAXON_MATCH_TAXON_ID_IGNORED
4945811771	50c9509d-22c7-4a22-a47d-8c48425ef4a7	https://www.inaturalist.org/observations/241008806	Fungi	Basidiomycota	Agaricomycetes	Polyporales	Incrustoporiaceae	Tyromyces	Tyromyces chioneus		SPECIES	Tyromyces chioneus (Fr.) P.Karst.	Tyromyces chioneus		CA		Ontario	PRESENT		28eb1a3f-1c15-4a95-931a-4af90ecb574d	45.353517	-75.590689	9.0						2024-09-10T17:51:26	10	9	2024	2548515	2548515	HUMAN_OBSERVATION	iNaturalist	Observations	241008806		Samantha McFarlane	2024-09-10T21:53:20	CC_BY_NC_4_0	Samantha McFarlane	Samantha McFarlane			2025-01-14T12:54:12.969Z	StillImage	COORDINATE_ROUNDED;CONTINENT_DERIVED_FROM_COORDINATES;TAXON_MATCH_TAXON_ID_IGNORED
4908284506	50c9509d-22c7-4a22-a47d-8c48425ef4a7	https://www.inaturalist.org/observations/229063733	Fungi	Basidiomycota	Agaricomycetes	Polyporales	Incrustoporiaceae	Tyromyces	Tyromyces chioneus		SPECIES	Tyromyces chioneus (Fr.) P.Karst.	Tyromyces chioneus		CA		Prince Edward Island	PRESENT		28eb1a3f-1c15-4a95-931a-4af90ecb574d	46.951753	-64.093133	5.0						2024-07-12T14:21	12	7	2024	2548515	2548515	HUMAN_OBSERVATION	iNaturalist	Observations	229063733		Rosemary Curley	2024-07-13T16:59:16	CC_BY_NC_4_0	Rosemary Curley	Rosemary Curley			2025-01-14T12:50:47.699Z	StillImage	COORDINATE_ROUNDED;CONTINENT_DERIVED_FROM_COORDINATES;TAXON_MATCH_TAXON_ID_IGNORED
4901432598	50c9509d-22c7-4a22-a47d-8c48425ef4a7	https://www.inaturalist.org/observations/91780208	Fungi	Basidiomycota	Agaricomycetes	Polyporales	Incrustoporiaceae	Tyromyces	Tyromyces chioneus		SPECIES	Tyromyces chioneus (Fr.) P.Karst.	Tyromyces chioneus		CA		New Brunswick	PRESENT		28eb1a3f-1c15-4a95-931a-4af90ecb574d	45.65008	-65.922591	27126.0						2021-08-19T15:33:52	19	8	2021	2548515	2548515	HUMAN_OBSERVATION	iNaturalist	Observations	91780208		Shane Mercer	2021-08-19T20:37:14	CC_BY_NC_4_0	Shane Mercer	Shane Mercer			2025-01-14T13:13:54.679Z	StillImage	COORDINATE_ROUNDED;CONTINENT_DERIVED_FROM_COORDINATES;TAXON_MATCH_TAXON_ID_IGNORED
4512404825	50c9509d-22c7-4a22-a47d-8c48425ef4a7	https://www.inaturalist.org/observations/196788535	Fungi	Basidiomycota	Agaricomycetes	Polyporales	Incrustoporiaceae	Tyromyces	Tyromyces chioneus		SPECIES	Tyromyces chioneus (Fr.) P.Karst.	Tyromyces chioneus		CA		Nova Scotia	PRESENT		28eb1a3f-1c15-4a95-931a-4af90ecb574d	45.034875	-64.1818	4.0						2024-01-15T15:02:25	15	1	2024	2548515	2548515	HUMAN_OBSERVATION	iNaturalist	Observations	196788535		zova	2024-01-15T22:44:30	CC_BY_NC_4_0	kremme	kremme			2025-01-14T13:36:41.242Z	StillImage	CONTINENT_DERIVED_FROM_COORDINATES;TAXON_MATCH_TAXON_ID_IGNORED
4510081452	50c9509d-22c7-4a22-a47d-8c48425ef4a7	https://www.inaturalist.org/observations/195197333	Fungi	Basidiomycota	Agaricomycetes	Polyporales	Incrustoporiaceae	Tyromyces	Tyromyces chioneus		SPECIES	Tyromyces chioneus (Fr.) P.Karst.	Tyromyces chioneus		CA		New Brunswick	PRESENT		28eb1a3f-1c15-4a95-931a-4af90ecb574d	45.24227	-66.14722							2023-12-29T15:56:14	29	12	2023	2548515	2548515	HUMAN_OBSERVATION	iNaturalist	Observations	195197333		Andrew MacPherson	2023-12-29T20:08:28	CC0_1_0	Andrew MacPherson	Andrew MacPherson			2025-01-14T12:43:37.579Z	StillImage	COORDINATE_ROUNDED;CONTINENT_DERIVED_FROM_COORDINATES;TAXON_MATCH_TAXON_ID_IGNORED
4442538810	50c9509d-22c7-4a22-a47d-8c48425ef4a7	https://www.inaturalist.org/observations/191500777	Fungi	Basidiomycota	Agaricomycetes	Polyporales	Incrustoporiaceae	Tyromyces	Tyromyces chioneus		SPECIES	Tyromyces chioneus (Fr.) P.Karst.	Tyromyces chioneus		CA		New Brunswick	PRESENT		28eb1a3f-1c15-4a95-931a-4af90ecb574d	45.791114	-66.857599							2023-11-19T13:15:36	19	11	2023	2548515	2548515	HUMAN_OBSERVATION	iNaturalist	Observations	191500777		Andrew MacPherson	2023-11-19T19:11:24	CC0_1_0	Andrew MacPherson	Andrew MacPherson			2025-01-14T12:43:18.686Z	StillImage	COORDINATE_ROUNDED;CONTINENT_DERIVED_FROM_COORDINATES;TAXON_MATCH_TAXON_ID_IGNORED
4430646141	50c9509d-22c7-4a22-a47d-8c48425ef4a7	https://www.inaturalist.org/observations/187889846	Fungi	Basidiomycota	Agaricomycetes	Polyporales	Incrustoporiaceae	Tyromyces	Tyromyces chioneus		SPECIES	Tyromyces chioneus (Fr.) P.Karst.	Tyromyces chioneus		CA		Ontario	PRESENT		28eb1a3f-1c15-4a95-931a-4af90ecb574d	45.382697	-78.909767	4.0						2023-10-13T14:01:21	13	10	2023	2548515	2548515	HUMAN_OBSERVATION	iNaturalist	Observations	187889846		Yevhen Salitrynskyi	2023-10-17T11:48:01	CC_BY_4_0	Yevhen Salitrynskyi	Yevhen Salitrynskyi			2025-01-14T12:42:30.111Z	StillImage	COORDINATE_ROUNDED;CONTINENT_DERIVED_FROM_COORDINATES;TAXON_MATCH_TAXON_ID_IGNORED
4424583407	50c9509d-22c7-4a22-a47d-8c48425ef4a7	https://www.inaturalist.org/observations/186217934	Fungi	Basidiomycota	Agaricomycetes	Polyporales	Incrustoporiaceae	Tyromyces	Tyromyces chioneus		SPECIES	Tyromyces chioneus (Fr.) P.Karst.	Tyromyces chioneus		CA		New Brunswick	PRESENT		28eb1a3f-1c15-4a95-931a-4af90ecb574d	47.620513	-65.680192	16.0						2023-10-04T14:49:41	4	10	2023	2548515	2548515	HUMAN_OBSERVATION	iNaturalist	Observations	186217934		clara_bri	2023-10-05T18:13:41	CC_BY_NC_4_0	clara_bri	clara_bri			2025-01-14T12:40:10.533Z	StillImage	COORDINATE_ROUNDED;CONTINENT_DERIVED_FROM_COORDINATES;TAXON_MATCH_TAXON_ID_IGNORED
4416946249	50c9509d-22c7-4a22-a47d-8c48425ef4a7	https://www.inaturalist.org/observations/184384348	Fungi	Basidiomycota	Agaricomycetes	Polyporales	Incrustoporiaceae	Tyromyces	Tyromyces chioneus		SPECIES	Tyromyces chioneus (Fr.) P.Karst.	Tyromyces chioneus		CA		Nova Scotia	PRESENT		28eb1a3f-1c15-4a95-931a-4af90ecb574d	45.160367	-64.56533	27222.0						2023-09-22T11:45:21	22	9	2023	2548515	2548515	HUMAN_OBSERVATION	iNaturalist	Observations	184384348		Thomas Davis-Moore	2023-09-22T14:46:16	CC0_1_0	Thomas Davis-Moore	Thomas Davis-Moore			2025-01-14T13:27:53.609Z	StillImage	COORDINATE_ROUNDED;CONTINENT_DERIVED_FROM_COORDINATES;TAXON_MATCH_TAXON_ID_IGNORED
4416756150	50c9509d-22c7-4a22-a47d-8c48425ef4a7	https://www.inaturalist.org/observations/184175247	Fungi	Basidiomycota	Agaricomycetes	Polyporales	Incrustoporiaceae	Tyromyces	Tyromyces chioneus		SPECIES	Tyromyces chioneus (Fr.) P.Karst.	Tyromyces chioneus		CA		Ontario	PRESENT		28eb1a3f-1c15-4a95-931a-4af90ecb574d	45.407153	-75.544139	217.0						2023-09-20T11:51	20	9	2023	2548515	2548515	HUMAN_OBSERVATION	iNaturalist	Observations	184175247		Igor Khomenko	2023-09-20T21:24:00	CC_BY_NC_4_0	Igor Khomenko	Igor Khomenko			2025-01-14T13:33:01.544Z	StillImage	COORDINATE_ROUNDED;CONTINENT_DERIVED_FROM_COORDINATES;TAXON_MATCH_TAXON_ID_IGNORED
4414254520	50c9509d-22c7-4a22-a47d-8c48425ef4a7	https://www.inaturalist.org/observations/183124892	Fungi	Basidiomycota	Agaricomycetes	Polyporales	Incrustoporiaceae	Tyromyces	Tyromyces chioneus		SPECIES	Tyromyces chioneus (Fr.) P.Karst.	Tyromyces chioneus		CA		New Brunswick	PRESENT		28eb1a3f-1c15-4a95-931a-4af90ecb574d	45.378655	-65.9291	24.0						2023-09-13T14:26:46	13	9	2023	2548515	2548515	HUMAN_OBSERVATION	iNaturalist	Observations	183124892		noppoly	2023-09-13T20:02:26	CC_BY_NC_4_0	noppoly	noppoly			2025-01-14T12:43:39.583Z	StillImage	COORDINATE_ROUNDED;CONTINENT_DERIVED_FROM_COORDINATES;TAXON_MATCH_TAXON_ID_IGNORED
4413736704	50c9509d-22c7-4a22-a47d-8c48425ef4a7	https://www.inaturalist.org/observations/182949952	Fungi	Basidiomycota	Agaricomycetes	Polyporales	Incrustoporiaceae	Tyromyces	Tyromyces chioneus		SPECIES	Tyromyces chioneus (Fr.) P.Karst.	Tyromyces chioneus		CA		Québec	PRESENT		28eb1a3f-1c15-4a95-931a-4af90ecb574d	46.776941	-71.272186	24.0						2023-09-07T09:07:06	7	9	2023	2548515	2548515	HUMAN_OBSERVATION	iNaturalist	Observations	182949952		Camille Boucher	2023-09-12T14:52:31	CC_BY_NC_4_0	Camille Boucher	Camille Boucher			2025-01-14T13:33:18.364Z	StillImage	COORDINATE_ROUNDED;CONTINENT_DERIVED_FROM_COORDINATES;TAXON_MATCH_TAXON_ID_IGNORED
4407320827	50c9509d-22c7-4a22-a47d-8c48425ef4a7	https://www.inaturalist.org/observations/179572441	Fungi	Basidiomycota	Agaricomycetes	Polyporales	Incrustoporiaceae	Tyromyces	Tyromyces chioneus		SPECIES	Tyromyces chioneus (Fr.) P.Karst.	Tyromyces chioneus		CA		New Brunswick	PRESENT		28eb1a3f-1c15-4a95-931a-4af90ecb574d	45.711713	-65.881564	27126.0						2023-08-21T16:28:53	21	8	2023	2548515	2548515	HUMAN_OBSERVATION	iNaturalist	Observations	179572441		Shane Mercer	2023-08-21T19:41:52	CC_BY_NC_4_0	Shane Mercer	Shane Mercer			2025-01-14T12:44:07.949Z	StillImage	COORDINATE_ROUNDED;CONTINENT_DERIVED_FROM_COORDINATES;TAXON_MATCH_TAXON_ID_IGNORED
4166235476	695cef75-b65f-4776-b2ed-74565eebb16e	02-01000628975	Fungi	Basidiomycota	Agaricomycetes	Polyporales	Incrustoporiaceae	Tyromyces	Tyromyces chioneus		SPECIES	Tyromyces chioneus (Fr.) P.Karst.	Tyromyces chioneus	(Fr.) P. Karst.	CA	Driveway to A.P.M.	Ontario	PRESENT		055bd978-2daa-4543-b3f0-44e0e87e86ca	45.55	-78.6417							1975-06-15	15	6	1975	2548515	2548515	PRESERVED_SPECIMEN	AAFC	DAOM	186637		J.F. Ammirati		CC_BY_4_0	©His Majesty the King in Right of Canada, as represented by the Minister of Agriculture and Agri-Food	P. Johnson			2025-01-12T05:11:13.767Z		GEODETIC_DATUM_ASSUMED_WGS84;CONTINENT_DERIVED_FROM_COORDINATES;TAXON_MATCH_TAXON_ID_IGNORED;INSTITUTION_MATCH_FUZZY
4166234472	695cef75-b65f-4776-b2ed-74565eebb16e	02-01000629012	Fungi	Basidiomycota	Agaricomycetes	Polyporales	Incrustoporiaceae	Tyromyces	Tyromyces chioneus		SPECIES	Tyromyces chioneus (Fr.) P.Karst.	Tyromyces chioneus	(Fr.) P. Karst.	CA	Algonquin Prov. Park, Hemlock Bluff Trail	Ontario	PRESENT		055bd978-2daa-4543-b3f0-44e0e87e86ca	45.575	-78.55							1975-07-15	15	7	1975	2548515	2548515	PRESERVED_SPECIMEN	AAFC	DAOM	186470		J.F. Ammirati		CC_BY_4_0	©His Majesty the King in Right of Canada, as represented by the Minister of Agriculture and Agri-Food	O.C. Zurba			2025-01-12T05:11:13.913Z		GEODETIC_DATUM_ASSUMED_WGS84;CONTINENT_DERIVED_FROM_COORDINATES;TAXON_MATCH_TAXON_ID_IGNORED;INSTITUTION_MATCH_FUZZY
4165686891	50c9509d-22c7-4a22-a47d-8c48425ef4a7	https://www.inaturalist.org/observations/174259249	Fungi	Basidiomycota	Agaricomycetes	Polyporales	Incrustoporiaceae	Tyromyces	Tyromyces chioneus		SPECIES	Tyromyces chioneus (Fr.) P.Karst.	Tyromyces chioneus		CA		New Brunswick	PRESENT		28eb1a3f-1c15-4a95-931a-4af90ecb574d	45.662495	-65.013656	19.0						2023-07-20T11:28:28	20	7	2023	2548515	2548515	HUMAN_OBSERVATION	iNaturalist	Observations	174259249		Laura O'Connor	2023-07-22T12:53:55	CC_BY_NC_4_0	Laura O'Connor	Laura O'Connor			2025-01-14T13:40:51.534Z	StillImage	COORDINATE_ROUNDED;CONTINENT_DERIVED_FROM_COORDINATES;TAXON_MATCH_TAXON_ID_IGNORED
4100031102	d1a3b128-b406-46bb-a6d1-f3591dcc8a7b	81a88ea0-609f-45e5-946b-ce2d6711bf5a	Fungi	Basidiomycota	Agaricomycetes	Polyporales	Incrustoporiaceae	Tyromyces	Tyromyces chioneus		SPECIES	Polyporus albellus Peck	Polyporus albellus	Massee	CA	Fredericton Odell Woods	New Brunswick	PRESENT		e43cf4b8-849e-4fac-b075-e652d019d2cf	45.952837	-66.670614	1209.0						1946-09-24	24	9	1946	5247834	2548515	PRESERVED_SPECIMEN	BPI		BPI 202695		Hansbrough J. R.		CC0_1_0		Hansbrough J. R.			2025-01-15T04:59:22.436Z		CONTINENT_DERIVED_FROM_COORDINATES;TAXON_MATCH_TAXON_ID_IGNORED;INSTITUTION_MATCH_FUZZY
4099864095	d1a3b128-b406-46bb-a6d1-f3591dcc8a7b	a7ae8a7f-6c29-460b-8e66-2f5769de6bbb	Fungi	Basidiomycota	Agaricomycetes	Polyporales	Incrustoporiaceae	Tyromyces	Tyromyces chioneus		SPECIES	Polyporus albellus Peck	Polyporus albellus	Massee	CA	Pont Rouge	Quebec	PRESENT		e43cf4b8-849e-4fac-b075-e652d019d2cf	47.456667	-69.0675	301.0						1938-12-01	1	12	1938	5247834	2548515	PRESERVED_SPECIMEN	BPI		BPI 202680		Stevenson J. A.		CC0_1_0		Anselm			2025-01-15T04:59:22.656Z		GEODETIC_DATUM_ASSUMED_WGS84;CONTINENT_DERIVED_FROM_COORDINATES;TAXON_MATCH_TAXON_ID_IGNORED;INSTITUTION_MATCH_FUZZY
4099864046	d1a3b128-b406-46bb-a6d1-f3591dcc8a7b	a428c4cb-abee-4138-a4e8-dd51b405c3f4	Fungi	Basidiomycota	Agaricomycetes	Polyporales	Incrustoporiaceae	Tyromyces	Tyromyces chioneus		SPECIES	Polyporus albellus Peck	Polyporus albellus	Massee	CA	Fredericton O'dell Forest	New Brunswick	PRESENT		e43cf4b8-849e-4fac-b075-e652d019d2cf	45.952506	-66.671099	1076.0						1946-09-27	27	9	1946	5247834	2548515	PRESERVED_SPECIMEN	BPI		BPI 202289		Hansbrough J. R.		CC0_1_0		Hansbrough J. R.			2025-01-15T04:59:22.328Z		CONTINENT_DERIVED_FROM_COORDINATES;TAXON_MATCH_TAXON_ID_IGNORED;INSTITUTION_MATCH_FUZZY
4099378041	d1a3b128-b406-46bb-a6d1-f3591dcc8a7b	af58e91a-ae98-4619-9b96-207193f13a61	Fungi	Basidiomycota	Agaricomycetes	Polyporales	Incrustoporiaceae	Tyromyces	Tyromyces chioneus		SPECIES	Polyporus albellus Peck	Polyporus albellus	Massee	CA	Meductic	New Brunswick	PRESENT		e43cf4b8-849e-4fac-b075-e652d019d2cf	45.992612	-67.480731	2597.0						1946-09-29	29	9	1946	5247834	2548515	PRESERVED_SPECIMEN	BPI		BPI 202288		Hansbrough J. R.		CC0_1_0		Hansbrough J. R.			2025-01-15T04:59:22.430Z		CONTINENT_DERIVED_FROM_COORDINATES;TAXON_MATCH_TAXON_ID_IGNORED;INSTITUTION_MATCH_FUZZY
4099371042	d1a3b128-b406-46bb-a6d1-f3591dcc8a7b	9c8d3558-726a-4a8b-8150-2783d4f57beb	Fungi	Basidiomycota	Agaricomycetes	Polyporales	Incrustoporiaceae	Tyromyces	Tyromyces chioneus		SPECIES	Polyporus albellus Peck	Polyporus albellus	Massee	CA	Fredericton	New Brunswick	PRESENT		e43cf4b8-849e-4fac-b075-e652d019d2cf	45.95	-66.633333	11997.0						1946-09-26	26	9	1946	5247834	2548515	PRESERVED_SPECIMEN	BPI		BPI 202342		Hansbrough J. R.		CC0_1_0		Hansbrough J. R.			2025-01-15T04:59:22.331Z		GEODETIC_DATUM_ASSUMED_WGS84;CONTINENT_DERIVED_FROM_COORDINATES;TAXON_MATCH_TAXON_ID_IGNORED;INSTITUTION_MATCH_FUZZY
4075646737	50c9509d-22c7-4a22-a47d-8c48425ef4a7	https://www.inaturalist.org/observations/134745719	Fungi	Basidiomycota	Agaricomycetes	Polyporales	Incrustoporiaceae	Tyromyces	Tyromyces chioneus		SPECIES	Tyromyces chioneus (Fr.) P.Karst.	Tyromyces chioneus		CA		New Brunswick	PRESENT		28eb1a3f-1c15-4a95-931a-4af90ecb574d	45.879822	-65.322113	5005.0						2022-09-12T13:27:08	12	9	2022	2548515	2548515	HUMAN_OBSERVATION	iNaturalist	Observations	134745719		sdpetley	2022-09-12T16:27:14	CC_BY_NC_4_0	sdpetley	sdpetley			2025-01-14T12:31:43.575Z	StillImage	COORDINATE_ROUNDED;CONTINENT_DERIVED_FROM_COORDINATES;TAXON_MATCH_TAXON_ID_IGNORED
4011809982	50c9509d-22c7-4a22-a47d-8c48425ef4a7	https://www.inaturalist.org/observations/145468035	Fungi	Basidiomycota	Agaricomycetes	Polyporales	Incrustoporiaceae	Tyromyces	Tyromyces chioneus		SPECIES	Tyromyces chioneus (Fr.) P.Karst.	Tyromyces chioneus		CA		Nova Scotia	PRESENT		28eb1a3f-1c15-4a95-931a-4af90ecb574d	45.053174	-64.728463	77.0						2022-12-30T13:41	30	12	2022	2548515	2548515	HUMAN_OBSERVATION	iNaturalist	Observations	145468035		Sydney Penner	2022-12-31T00:52:59	CC_BY_NC_4_0	Sydney Penner	Sydney Penner			2025-01-14T12:35:11.864Z	StillImage	COORDINATE_ROUNDED;CONTINENT_DERIVED_FROM_COORDINATES;TAXON_MATCH_TAXON_ID_IGNORED
3912445710	50c9509d-22c7-4a22-a47d-8c48425ef4a7	https://www.inaturalist.org/observations/135259875	Fungi	Basidiomycota	Agaricomycetes	Polyporales	Incrustoporiaceae	Tyromyces	Tyromyces chioneus		SPECIES	Tyromyces chioneus (Fr.) P.Karst.	Tyromyces chioneus		CA		New Brunswick	PRESENT		28eb1a3f-1c15-4a95-931a-4af90ecb574d	47.620414	-65.680221	7.0						2022-09-16T13:20:30	16	9	2022	2548515	2548515	HUMAN_OBSERVATION	iNaturalist	Observations	135259875		Emilie	2022-09-16T17:32:44	CC_BY_NC_4_0	Emilie	Emilie			2025-01-14T12:32:20.776Z	StillImage	COORDINATE_ROUNDED;CONTINENT_DERIVED_FROM_COORDINATES;TAXON_MATCH_TAXON_ID_IGNORED
3912381323	50c9509d-22c7-4a22-a47d-8c48425ef4a7	https://www.inaturalist.org/observations/135610113	Fungi	Basidiomycota	Agaricomycetes	Polyporales	Incrustoporiaceae	Tyromyces	Tyromyces chioneus		SPECIES	Tyromyces chioneus (Fr.) P.Karst.	Tyromyces chioneus		CA		New Brunswick	PRESENT		28eb1a3f-1c15-4a95-931a-4af90ecb574d	45.661797	-65.00225	30.0						2022-09-18T14:24:50	18	9	2022	2548515	2548515	HUMAN_OBSERVATION	iNaturalist	Observations	135610113		Laura O'Connor	2022-09-19T01:23:33	CC_BY_NC_4_0	Laura O'Connor	Laura O'Connor			2025-01-14T13:17:17.663Z	StillImage	COORDINATE_ROUNDED;CONTINENT_DERIVED_FROM_COORDINATES;TAXON_MATCH_TAXON_ID_IGNORED
3903008798	50c9509d-22c7-4a22-a47d-8c48425ef4a7	https://www.inaturalist.org/observations/132568003	Fungi	Basidiomycota	Agaricomycetes	Polyporales	Incrustoporiaceae	Tyromyces	Tyromyces chioneus		SPECIES	Tyromyces chioneus (Fr.) P.Karst.	Tyromyces chioneus		CA		Québec	PRESENT		28eb1a3f-1c15-4a95-931a-4af90ecb574d	46.171362	-73.891952	186.0						2022-08-27T15:12:03	27	8	2022	2548515	2548515	HUMAN_OBSERVATION	iNaturalist	Observations	132568003		Martin Tremblay	2022-08-28T13:05:49	CC_BY_NC_4_0	Martin Tremblay	Martin Tremblay			2025-01-14T13:25:10.746Z	StillImage	COORDINATE_ROUNDED;CONTINENT_DERIVED_FROM_COORDINATES;TAXON_MATCH_TAXON_ID_IGNORED
3902983553	50c9509d-22c7-4a22-a47d-8c48425ef4a7	https://www.inaturalist.org/observations/132055782	Fungi	Basidiomycota	Agaricomycetes	Polyporales	Incrustoporiaceae	Tyromyces	Tyromyces chioneus		SPECIES	Tyromyces chioneus (Fr.) P.Karst.	Tyromyces chioneus		CA		Québec	PRESENT		28eb1a3f-1c15-4a95-931a-4af90ecb574d	45.892469	-76.416135	27095.0						2022-08-20T10:17	20	8	2022	2548515	2548515	HUMAN_OBSERVATION	iNaturalist	Observations	132055782		L Joan Heyding	2022-08-23T20:29:22	CC_BY_NC_4_0	L Joan Heyding	L Joan Heyding			2025-01-14T13:25:44.630Z	StillImage	COORDINATE_ROUNDED;CONTINENT_DERIVED_FROM_COORDINATES;TAXON_MATCH_TAXON_ID_IGNORED
3902762797	50c9509d-22c7-4a22-a47d-8c48425ef4a7	https://www.inaturalist.org/observations/132071010	Fungi	Basidiomycota	Agaricomycetes	Polyporales	Incrustoporiaceae	Tyromyces	Tyromyces chioneus		SPECIES	Tyromyces chioneus (Fr.) P.Karst.	Tyromyces chioneus		CA		Québec	PRESENT		28eb1a3f-1c15-4a95-931a-4af90ecb574d	45.680733	-75.854575	4.0						2022-08-21T11:09:44	21	8	2022	2548515	2548515	HUMAN_OBSERVATION	iNaturalist	Observations	132071010		Celine Perrier	2022-08-23T22:45:42	CC_BY_NC_4_0	Celine Perrier	Celine Perrier			2025-01-14T13:16:37.328Z	StillImage	COORDINATE_ROUNDED;CONTINENT_DERIVED_FROM_COORDINATES;TAXON_MATCH_TAXON_ID_IGNORED
3902214782	50c9509d-22c7-4a22-a47d-8c48425ef4a7	https://www.inaturalist.org/observations/130309648	Fungi	Basidiomycota	Agaricomycetes	Polyporales	Incrustoporiaceae	Tyromyces	Tyromyces chioneus		SPECIES	Tyromyces chioneus (Fr.) P.Karst.	Tyromyces chioneus		CA		Québec	PRESENT		28eb1a3f-1c15-4a95-931a-4af90ecb574d	48.678523	-72.484036							2022-08-10T16:57	10	8	2022	2548515	2548515	HUMAN_OBSERVATION	iNaturalist	Observations	130309648		Paul Vézina	2022-08-10T23:27:30	CC_BY_NC_4_0	Paul Vézina	Paul Vézina			2025-01-14T13:25:08.632Z	StillImage	COORDINATE_ROUNDED;CONTINENT_DERIVED_FROM_COORDINATES;TAXON_MATCH_TAXON_ID_IGNORED
3399064415	50c9509d-22c7-4a22-a47d-8c48425ef4a7	https://www.inaturalist.org/observations/98667371	Fungi	Basidiomycota	Agaricomycetes	Polyporales	Incrustoporiaceae	Tyromyces	Tyromyces chioneus		SPECIES	Tyromyces chioneus (Fr.) P.Karst.	Tyromyces chioneus		CA		Québec	PRESENT		28eb1a3f-1c15-4a95-931a-4af90ecb574d	45.510988	-73.584463	24.0						2021-10-06T15:15:23	6	10	2021	2548515	2548515	HUMAN_OBSERVATION	iNaturalist	Observations	98667371		angeline-correia	2021-10-19T02:22:46	CC_BY_NC_4_0	angeline-correia	angeline-correia			2025-01-14T12:23:30.074Z	StillImage	COORDINATE_ROUNDED;CONTINENT_DERIVED_FROM_COORDINATES;TAXON_MATCH_TAXON_ID_IGNORED
3398837480	50c9509d-22c7-4a22-a47d-8c48425ef4a7	https://www.inaturalist.org/observations/98709472	Fungi	Basidiomycota	Agaricomycetes	Polyporales	Incrustoporiaceae	Tyromyces	Tyromyces chioneus		SPECIES	Tyromyces chioneus (Fr.) P.Karst.	Tyromyces chioneus		CA		Québec	PRESENT		28eb1a3f-1c15-4a95-931a-4af90ecb574d	45.512395	-73.586792	8.0						2021-10-05T15:34:52	5	10	2021	2548515	2548515	HUMAN_OBSERVATION	iNaturalist	Observations	98709472		laurenrjohnson2003	2021-10-19T15:57:15	CC_BY_NC_4_0	laurenrjohnson2003	laurenrjohnson2003			2025-01-14T13:15:53.984Z	StillImage	COORDINATE_ROUNDED;CONTINENT_DERIVED_FROM_COORDINATES;TAXON_MATCH_TAXON_ID_IGNORED
3391491032	50c9509d-22c7-4a22-a47d-8c48425ef4a7	https://www.inaturalist.org/observations/97940455	Fungi	Basidiomycota	Agaricomycetes	Polyporales	Incrustoporiaceae	Tyromyces	Tyromyces chioneus		SPECIES	Tyromyces chioneus (Fr.) P.Karst.	Tyromyces chioneus		CA		Québec	PRESENT		28eb1a3f-1c15-4a95-931a-4af90ecb574d	45.505248	-73.594799	2356.0						2021-10-05T15:12:52	5	10	2021	2548515	2548515	HUMAN_OBSERVATION	iNaturalist	Observations	97940455		marlonaish	2021-10-11T21:23:50	CC_BY_NC_4_0	marlonaish	marlonaish			2025-01-14T13:23:08.648Z	StillImage	COORDINATE_ROUNDED;CONTINENT_DERIVED_FROM_COORDINATES;TAXON_MATCH_TAXON_ID_IGNORED
3391294603	50c9509d-22c7-4a22-a47d-8c48425ef4a7	https://www.inaturalist.org/observations/97474325	Fungi	Basidiomycota	Agaricomycetes	Polyporales	Incrustoporiaceae	Tyromyces	Tyromyces chioneus		SPECIES	Tyromyces chioneus (Fr.) P.Karst.	Tyromyces chioneus		CA		Québec	PRESENT		28eb1a3f-1c15-4a95-931a-4af90ecb574d	45.511184	-73.585111	222.0						2021-10-07T15:22:39	7	10	2021	2548515	2548515	HUMAN_OBSERVATION	iNaturalist	Observations	97474325		samanthacohen	2021-10-07T19:23:18	CC_BY_NC_4_0	samanthacohen	samanthacohen			2025-01-14T12:22:50.924Z	StillImage	COORDINATE_ROUNDED;CONTINENT_DERIVED_FROM_COORDINATES;TAXON_MATCH_TAXON_ID_IGNORED
3385195414	50c9509d-22c7-4a22-a47d-8c48425ef4a7	https://www.inaturalist.org/observations/97274733	Fungi	Basidiomycota	Agaricomycetes	Polyporales	Incrustoporiaceae	Tyromyces	Tyromyces chioneus		SPECIES	Tyromyces chioneus (Fr.) P.Karst.	Tyromyces chioneus		CA		Québec	PRESENT		28eb1a3f-1c15-4a95-931a-4af90ecb574d	45.512287	-73.582569	32.0						2021-10-05T15:37:12	5	10	2021	2548515	2548515	HUMAN_OBSERVATION	iNaturalist	Observations	97274733		sandraben	2021-10-05T19:37:23	CC_BY_NC_4_0	sandraben	sandraben			2025-01-14T12:21:51.563Z	StillImage	COORDINATE_ROUNDED;CONTINENT_DERIVED_FROM_COORDINATES;TAXON_MATCH_TAXON_ID_IGNORED
3385150638	50c9509d-22c7-4a22-a47d-8c48425ef4a7	https://www.inaturalist.org/observations/97377096	Fungi	Basidiomycota	Agaricomycetes	Polyporales	Incrustoporiaceae	Tyromyces	Tyromyces chioneus		SPECIES	Tyromyces chioneus (Fr.) P.Karst.	Tyromyces chioneus		CA		Québec	PRESENT		28eb1a3f-1c15-4a95-931a-4af90ecb574d	45.510949	-73.584379	65.0						2021-10-06T15:41:10	6	10	2021	2548515	2548515	HUMAN_OBSERVATION	iNaturalist	Observations	97377096		abbeyyoung	2021-10-06T19:41:27	CC_BY_NC_4_0	abbeyyoung	abbeyyoung			2025-01-14T13:11:43.661Z	StillImage	COORDINATE_ROUNDED;CONTINENT_DERIVED_FROM_COORDINATES;TAXON_MATCH_TAXON_ID_IGNORED
3384359380	50c9509d-22c7-4a22-a47d-8c48425ef4a7	https://www.inaturalist.org/observations/97273910	Fungi	Basidiomycota	Agaricomycetes	Polyporales	Incrustoporiaceae	Tyromyces	Tyromyces chioneus		SPECIES	Tyromyces chioneus (Fr.) P.Karst.	Tyromyces chioneus		CA		Québec	PRESENT		28eb1a3f-1c15-4a95-931a-4af90ecb574d	45.511342	-73.584717	4.0						2021-10-05T15:21:46	5	10	2021	2548515	2548515	HUMAN_OBSERVATION	iNaturalist	Observations	97273910		dorsamos	2021-10-05T19:29:22	CC_BY_NC_4_0	dorsamos	dorsamos			2025-01-14T13:26:11.408Z	StillImage	COORDINATE_ROUNDED;CONTINENT_DERIVED_FROM_COORDINATES;TAXON_MATCH_TAXON_ID_IGNORED
3384121812	50c9509d-22c7-4a22-a47d-8c48425ef4a7	https://www.inaturalist.org/observations/96624804	Fungi	Basidiomycota	Agaricomycetes	Polyporales	Incrustoporiaceae	Tyromyces	Tyromyces chioneus		SPECIES	Tyromyces chioneus (Fr.) P.Karst.	Tyromyces chioneus		CA		New Brunswick	PRESENT		28eb1a3f-1c15-4a95-931a-4af90ecb574d	47.603173	-65.64978	4.0						2021-09-29T18:37:43	29	9	2021	2548515	2548515	HUMAN_OBSERVATION	iNaturalist	Observations	96624804		Lisa Martin	2021-10-01T12:02:15	CC_BY_NC_4_0	Marie-Josée Garand	Marie-Josée Garand			2025-01-14T13:11:43.998Z	StillImage	COORDINATE_ROUNDED;CONTINENT_DERIVED_FROM_COORDINATES;TAXON_MATCH_TAXON_ID_IGNORED
3337578356	50c9509d-22c7-4a22-a47d-8c48425ef4a7	https://www.inaturalist.org/observations/34328106	Fungi	Basidiomycota	Agaricomycetes	Polyporales	Incrustoporiaceae	Tyromyces	Tyromyces chioneus		SPECIES	Tyromyces chioneus (Fr.) P.Karst.	Tyromyces chioneus		CA		Québec	PRESENT		28eb1a3f-1c15-4a95-931a-4af90ecb574d	46.83618	-79.206855	27.0						2019-10-12T14:52:28	12	10	2019	2548515	2548515	HUMAN_OBSERVATION	iNaturalist	Observations	34328106		Jonathan Jensen-Lynch	2021-08-15T06:01:36	CC_BY_NC_4_0	Jonathan Fréchette	Jonathan Fréchette			2025-01-14T12:09:34.701Z	StillImage	CONTINENT_DERIVED_FROM_COORDINATES;TAXON_MATCH_TAXON_ID_IGNORED
3014079395	50c9509d-22c7-4a22-a47d-8c48425ef4a7	https://www.inaturalist.org/observations/34120007	Fungi	Basidiomycota	Agaricomycetes	Polyporales	Incrustoporiaceae	Tyromyces	Tyromyces chioneus		SPECIES	Tyromyces chioneus (Fr.) P.Karst.	Tyromyces chioneus		CA		Québec	PRESENT		28eb1a3f-1c15-4a95-931a-4af90ecb574d	46.239825	-74.577522	271.0						2019-10-03T15:38:32	3	10	2019	2548515	2548515	HUMAN_OBSERVATION	iNaturalist	Observations	34120007		Robert Hedges-Goettl	2019-10-09T16:30:31	CC_BY_NC_4_0	Robert Hedges-Goettl	Robert Hedges-Goettl			2025-01-14T12:09:38.307Z	StillImage	COORDINATE_ROUNDED;CONTINENT_DERIVED_FROM_COORDINATES;TAXON_MATCH_TAXON_ID_IGNORED
3014040632	50c9509d-22c7-4a22-a47d-8c48425ef4a7	https://www.inaturalist.org/observations/66520455	Fungi	Basidiomycota	Agaricomycetes	Polyporales	Incrustoporiaceae	Tyromyces	Tyromyces chioneus		SPECIES	Tyromyces chioneus (Fr.) P.Karst.	Tyromyces chioneus		CA		Ontario	PRESENT		28eb1a3f-1c15-4a95-931a-4af90ecb574d	45.080352	-75.697373	29.0						2020-12-13T09:38	13	12	2020	2548515	2548515	HUMAN_OBSERVATION	iNaturalist	Observations	66520455		wendtgower	2020-12-13T14:58:46	CC_BY_NC_4_0	wendtgower	wendtgower			2025-01-14T12:16:46.073Z	StillImage	COORDINATE_ROUNDED;CONTINENT_DERIVED_FROM_COORDINATES;TAXON_MATCH_TAXON_ID_IGNORED
3008453570	50c9509d-22c7-4a22-a47d-8c48425ef4a7	https://www.inaturalist.org/observations/66506748	Fungi	Basidiomycota	Agaricomycetes	Polyporales	Incrustoporiaceae	Tyromyces	Tyromyces chioneus		SPECIES	Tyromyces chioneus (Fr.) P.Karst.	Tyromyces chioneus		CA		Ontario	PRESENT		28eb1a3f-1c15-4a95-931a-4af90ecb574d	45.397248	-75.529605	1150.0						2020-12-12T11:46:59	12	12	2020	2548515	2548515	HUMAN_OBSERVATION	iNaturalist	Observations	66506748		David Thomas Glover	2020-12-13T06:25:09	CC_BY_NC_4_0	David Thomas Glover	David Thomas Glover			2025-01-14T12:16:01.084Z	StillImage	COORDINATE_ROUNDED;CONTINENT_DERIVED_FROM_COORDINATES;TAXON_MATCH_TAXON_ID_IGNORED
2862347214	50c9509d-22c7-4a22-a47d-8c48425ef4a7	https://www.inaturalist.org/observations/58951290	Fungi	Basidiomycota	Agaricomycetes	Polyporales	Incrustoporiaceae	Tyromyces	Tyromyces chioneus		SPECIES	Tyromyces chioneus (Fr.) P.Karst.	Tyromyces chioneus		CA		Québec	PRESENT		28eb1a3f-1c15-4a95-931a-4af90ecb574d	46.893088	-71.081016	8.0						2020-09-06	6	9	2020	2548515	2548515	HUMAN_OBSERVATION	iNaturalist	Observations	58951290		Ludo Leclerc	2020-09-08T14:38:36	CC_BY_NC_4_0	Ludo Leclerc	Ludo Leclerc			2025-01-14T13:09:14.551Z	StillImage	COORDINATE_ROUNDED;CONTINENT_DERIVED_FROM_COORDINATES;TAXON_MATCH_TAXON_ID_IGNORED
2423612254	21705170-d2b6-42de-8904-c3bca4b83591	CMMF018721	Fungi	Basidiomycota	Agaricomycetes	Polyporales	Incrustoporiaceae	Tyromyces	Tyromyces chioneus		SPECIES	Polyporus albellus Peck	Polyporus albellus Peck	Peck	CA	Sentier Geai.	Québec	PRESENT		ff7bd5db-b724-4932-b496-10ea298851f9	45.991697	-73.997854	750.0						1985-07-03	3	7	1985	5247834	2548515	PRESERVED_SPECIMEN	Université de Montréal Biodiversity Centre	CMMF	CMMF018721	s.n.	Nantel, Patrick		CC0_1_0	Université de Montréal Biodiversity Centre	Nantel, Patrick			2024-01-24T16:38:18.561Z		INSTITUTION_MATCH_FUZZY;COLLECTION_MATCH_FUZZY;DIFFERENT_OWNER_INSTITUTION
1807259597	e8a25a42-f125-476c-8554-3ec21cd51a84	ACAD:116364	Fungi	Basidiomycota	Agaricomycetes	Polyporales	Incrustoporiaceae	Tyromyces	Tyromyces chioneus		SPECIES	Polyporus albellus Peck	Polyporus albellus Peek	Peek	CA	Fredericton	New Brunswick	PRESENT		6491ad8c-8e49-4bd4-a089-0ddb3bbe0890	45.945278	-66.666667							1959-09-05	5	9	1959	5247834	2548515	PRESERVED_SPECIMEN	Acadia University	ACAD	4191F	4191			CC0_1_0	Acadia University	Congress			2024-01-25T01:37:03.918Z	StillImage	COORDINATE_ROUNDED;GEODETIC_DATUM_INVALID;GEODETIC_DATUM_ASSUMED_WGS84;TAXON_MATCH_TAXON_ID_IGNORED;INSTITUTION_MATCH_FUZZY;COLLECTION_MATCH_FUZZY
1807258527	e8a25a42-f125-476c-8554-3ec21cd51a84	ACAD:115165	Fungi	Basidiomycota	Agaricomycetes	Polyporales	Incrustoporiaceae	Tyromyces	Tyromyces chioneus		SPECIES	Tyromyces chioneus (Fr.) P.Karst.	Tyromyces chioneus (Fr.) P. Karst.	(Fr.) P. Karst.	CA	Kentville	Nova Scotia	PRESENT		6491ad8c-8e49-4bd4-a089-0ddb3bbe0890	45.07662	-64.49592							1930-08-23	23	8	1930	2548515	2548515	PRESERVED_SPECIMEN	Acadia University	ACAD	80AF	80A			CC0_1_0	Acadia University	H, KA			2024-01-25T01:36:59.563Z	StillImage	GEODETIC_DATUM_INVALID;GEODETIC_DATUM_ASSUMED_WGS84;INSTITUTION_MATCH_FUZZY;COLLECTION_MATCH_FUZZY
1807258237	e8a25a42-f125-476c-8554-3ec21cd51a84	ACAD:114909	Fungi	Basidiomycota	Agaricomycetes	Polyporales	Incrustoporiaceae	Tyromyces	Tyromyces chioneus		SPECIES	Polyporus albellus Peck	Polyporus albellus Peek	Peek	CA	Kentville	Nova Scotia	PRESENT		6491ad8c-8e49-4bd4-a089-0ddb3bbe0890	45.07662	-64.49592							1931-08-23	23	8	1931	5247834	2548515	PRESERVED_SPECIMEN	Acadia University	ACAD	6556F				CC0_1_0	Acadia University	Harrison, KA			2024-01-25T01:37:14.800Z	StillImage	GEODETIC_DATUM_INVALID;GEODETIC_DATUM_ASSUMED_WGS84;TAXON_MATCH_TAXON_ID_IGNORED;INSTITUTION_MATCH_FUZZY;COLLECTION_MATCH_FUZZY
1807258133	e8a25a42-f125-476c-8554-3ec21cd51a84	ACAD:114963	Fungi	Basidiomycota	Agaricomycetes	Polyporales	Incrustoporiaceae	Tyromyces	Tyromyces chioneus		SPECIES	Tyromyces chioneus (Fr.) P.Karst.	Tyromyces chioneus (Fr.) P. Karst.	(Fr.) P. Karst.	CA	Kentville	Nova Scotia	PRESENT		6491ad8c-8e49-4bd4-a089-0ddb3bbe0890	45.07662	-64.49592							1932-06-20	20	6	1932	2548515	2548515	PRESERVED_SPECIMEN	Acadia University	ACAD	6609F				CC0_1_0	Acadia University	Harrison, KA			2024-01-25T01:37:14.754Z	StillImage	GEODETIC_DATUM_INVALID;GEODETIC_DATUM_ASSUMED_WGS84;INSTITUTION_MATCH_FUZZY;COLLECTION_MATCH_FUZZY
1807256031	e8a25a42-f125-476c-8554-3ec21cd51a84	ACAD:112668	Fungi	Basidiomycota	Agaricomycetes	Polyporales	Incrustoporiaceae	Tyromyces	Tyromyces chioneus		SPECIES	Tyromyces chioneus (Fr.) P.Karst.	Tyromyces chioneus (Fr.) P. Karst.	(Fr.) P. Karst.	CA	(Kentville)	Nova Scotia	PRESENT		6491ad8c-8e49-4bd4-a089-0ddb3bbe0890	45.07662	-64.49592							1931-08-23	23	8	1931	2548515	2548515	PRESERVED_SPECIMEN	Acadia University	ACAD	25F	25	H, KA		CC0_1_0	Acadia University	H, KA			2024-01-25T01:37:10.877Z	StillImage	GEODETIC_DATUM_INVALID;GEODETIC_DATUM_ASSUMED_WGS84;INSTITUTION_MATCH_FUZZY;COLLECTION_MATCH_FUZZY
1806349781	50c9509d-22c7-4a22-a47d-8c48425ef4a7	https://www.inaturalist.org/observations/9573775	Fungi	Basidiomycota	Agaricomycetes	Polyporales	Incrustoporiaceae	Tyromyces	Tyromyces chioneus		SPECIES	Tyromyces chioneus (Fr.) P.Karst.	Tyromyces chioneus		CA		Québec	PRESENT		28eb1a3f-1c15-4a95-931a-4af90ecb574d	48.84385	-67.531	1427.0						2013-08-10	10	8	2013	2548515	2548515	HUMAN_OBSERVATION	iNaturalist	Observations	9573775		mycowalt	2018-01-23T11:09:07	CC_BY_NC_4_0	mycowalt	mycowalt			2025-01-14T12:59:50.425Z	StillImage	CONTINENT_DERIVED_FROM_COORDINATES;TAXON_MATCH_TAXON_ID_IGNORED
1802636880	50c9509d-22c7-4a22-a47d-8c48425ef4a7	https://www.inaturalist.org/observations/8324085	Fungi	Basidiomycota	Agaricomycetes	Polyporales	Incrustoporiaceae	Tyromyces	Tyromyces chioneus		SPECIES	Tyromyces chioneus (Fr.) P.Karst.	Tyromyces chioneus		CA		Québec	PRESENT		28eb1a3f-1c15-4a95-931a-4af90ecb574d	45.501994	-75.865092	5.0						2017-10-08T11:18:59	8	10	2017	2548515	2548515	HUMAN_OBSERVATION	iNaturalist	Observations	8324085		dschigel	2017-10-09T08:30:33	CC_BY_4_0	dschigel	dschigel			2025-01-14T12:03:59.154Z	StillImage	COORDINATE_ROUNDED;CONTINENT_DERIVED_FROM_COORDINATES;TAXON_MATCH_TAXON_ID_IGNORED
1412708880	21705170-d2b6-42de-8904-c3bca4b83591	CMMF017395	Fungi	Basidiomycota	Agaricomycetes	Polyporales	Incrustoporiaceae	Tyromyces	Tyromyces chioneus		SPECIES	Polyporus albellus Peck	Polyporus albellus Peck	Peck	CA	Cap Saint-Jacques, Québec.	Québec	PRESENT		ff7bd5db-b724-4932-b496-10ea298851f9	45.465391	-73.920995	4000.0						1980-06-27	27	6	1980	5247834	2548515	PRESERVED_SPECIMEN	Université de Montréal Biodiversity Centre	CMMF	CMMF017395	1980-117	McNeil, Raymond		CC0_1_0	Université de Montréal Biodiversity Centre	Haméon, G.			2024-01-24T16:38:15.709Z		INSTITUTION_MATCH_FUZZY;COLLECTION_MATCH_FUZZY;DIFFERENT_OWNER_INSTITUTION
1412708327	21705170-d2b6-42de-8904-c3bca4b83591	CMMF016793	Fungi	Basidiomycota	Agaricomycetes	Polyporales	Incrustoporiaceae	Tyromyces	Tyromyces chioneus		SPECIES	Polyporus albellus Peck	Polyporus albellus Peck	Peck	CA	Loretteville, Québec.	Québec	PRESENT		ff7bd5db-b724-4932-b496-10ea298851f9	46.867482	-71.384379	8000.0						1988-10-25	25	10	1988	5247834	2548515	PRESERVED_SPECIMEN	Université de Montréal Biodiversity Centre	CMMF	CMMF016793		Sirard, Léas		CC0_1_0	Université de Montréal Biodiversity Centre	Sirard, Léas			2024-01-24T16:38:19.379Z		INSTITUTION_MATCH_FUZZY;COLLECTION_MATCH_FUZZY;DIFFERENT_OWNER_INSTITUTION
1412708295	21705170-d2b6-42de-8904-c3bca4b83591	CMMF016759	Fungi	Basidiomycota	Agaricomycetes	Polyporales	Incrustoporiaceae	Tyromyces	Tyromyces chioneus		SPECIES	Tyromyces chioneus (Fr.) P.Karst.	Tyromyces chioneus (Fr.) P. Karst.	(Fr.) P. Karst.	CA	Duchesnay, Québec.	Québec	PRESENT		ff7bd5db-b724-4932-b496-10ea298851f9	46.869441	-71.63982	6000.0						1988-09-10	10	9	1988	2548515	2548515	PRESERVED_SPECIMEN	Université de Montréal Biodiversity Centre	CMMF	CMMF016759		Boulet, Bruno		CC0_1_0	Université de Montréal Biodiversity Centre	Boulet, Bruno			2024-01-24T16:38:19.890Z		INSTITUTION_MATCH_FUZZY;COLLECTION_MATCH_FUZZY;DIFFERENT_OWNER_INSTITUTION
1412708292	21705170-d2b6-42de-8904-c3bca4b83591	CMMF016748	Fungi	Basidiomycota	Agaricomycetes	Polyporales	Incrustoporiaceae	Tyromyces	Tyromyces chioneus		SPECIES	Tyromyces chioneus (Fr.) P.Karst.	Tyromyces chioneus (Fr.) P. Karst.	(Fr.) P. Karst.	CA	Québec.	Québec	PRESENT		ff7bd5db-b724-4932-b496-10ea298851f9	46.897966	-73.993837	750000.0						1997-03-01	1	3	1997	2548515	2548515	PRESERVED_SPECIMEN	Université de Montréal Biodiversity Centre	CMMF	CMMF016748		Audet, Serge		CC0_1_0	Université de Montréal Biodiversity Centre	Audet, Serge			2024-01-24T16:38:19.920Z		INSTITUTION_MATCH_FUZZY;COLLECTION_MATCH_FUZZY;DIFFERENT_OWNER_INSTITUTION
1412706802	21705170-d2b6-42de-8904-c3bca4b83591	CMMF015170	Fungi	Basidiomycota	Agaricomycetes	Polyporales	Incrustoporiaceae	Tyromyces	Tyromyces chioneus		SPECIES	Tyromyces chioneus (Fr.) P.Karst.	Tyromyces chioneus (Fr.) P. Karst.	(Fr.) P. Karst.	CA	Lac Émeraude, Saint-Ubalde, Québec.	Québec	PRESENT		ff7bd5db-b724-4932-b496-10ea298851f9	46.820449	-72.234717	2000.0						1977-07-30	30	7	1977	2548515	2548515	PRESERVED_SPECIMEN	Université de Montréal Biodiversity Centre	CMMF	CMMF015170	807	Guérin, Gérard		CC0_1_0	Université de Montréal Biodiversity Centre	Guérin, Gérard			2024-01-24T16:38:16.746Z	StillImage	INSTITUTION_MATCH_FUZZY;COLLECTION_MATCH_FUZZY;DIFFERENT_OWNER_INSTITUTION
1412706736	21705170-d2b6-42de-8904-c3bca4b83591	CMMF015169	Fungi	Basidiomycota	Agaricomycetes	Polyporales	Incrustoporiaceae	Tyromyces	Tyromyces chioneus		SPECIES	Tyromyces chioneus (Fr.) P.Karst.	Tyromyces chioneus (Fr.) P. Karst.	(Fr.) P. Karst.	CA	Chutes-Chaudières, Parc Chibougamau, Québec.	Québec	PRESENT		ff7bd5db-b724-4932-b496-10ea298851f9	48.987143	-73.070136	5000.0						1996-07-10	10	7	1996	2548515	2548515	PRESERVED_SPECIMEN	Université de Montréal Biodiversity Centre	CMMF	CMMF015169	811	Guérin, Gérard		CC0_1_0	Université de Montréal Biodiversity Centre	Guérin, Gérard			2024-01-24T16:38:16.886Z	StillImage	INSTITUTION_MATCH_FUZZY;COLLECTION_MATCH_FUZZY;DIFFERENT_OWNER_INSTITUTION
1412706727	21705170-d2b6-42de-8904-c3bca4b83591	CMMF015172	Fungi	Basidiomycota	Agaricomycetes	Polyporales	Incrustoporiaceae	Tyromyces	Tyromyces chioneus		SPECIES	Tyromyces chioneus (Fr.) P.Karst.	Tyromyces chioneus (Fr.) P. Karst.	(Fr.) P. Karst.	CA	Lac Émeraude, Saint-Ubalde, Québec.	Québec	PRESENT		ff7bd5db-b724-4932-b496-10ea298851f9	46.820449	-72.234717	2000.0						1994-07-23	23	7	1994	2548515	2548515	PRESERVED_SPECIMEN	Université de Montréal Biodiversity Centre	CMMF	CMMF015172	809	Guérin, Gérard		CC0_1_0	Université de Montréal Biodiversity Centre	Guérin, Gérard			2024-01-24T16:38:16.747Z	StillImage	INSTITUTION_MATCH_FUZZY;COLLECTION_MATCH_FUZZY;DIFFERENT_OWNER_INSTITUTION
1412706726	21705170-d2b6-42de-8904-c3bca4b83591	CMMF015171	Fungi	Basidiomycota	Agaricomycetes	Polyporales	Incrustoporiaceae	Tyromyces	Tyromyces chioneus		SPECIES	Tyromyces chioneus (Fr.) P.Karst.	Tyromyces chioneus (Fr.) P. Karst.	(Fr.) P. Karst.	CA	Route 10, Brossard, Québec.	Québec	PRESENT		ff7bd5db-b724-4932-b496-10ea298851f9	45.459256	-73.449557	4000.0						1980-08-15	15	8	1980	2548515	2548515	PRESERVED_SPECIMEN	Université de Montréal Biodiversity Centre	CMMF	CMMF015171	808	Guérin, Gérard		CC0_1_0	Université de Montréal Biodiversity Centre	Guérin, Gérard			2024-01-24T16:38:16.886Z	StillImage	INSTITUTION_MATCH_FUZZY;COLLECTION_MATCH_FUZZY;DIFFERENT_OWNER_INSTITUTION
1412706713	21705170-d2b6-42de-8904-c3bca4b83591	CMMF015167	Fungi	Basidiomycota	Agaricomycetes	Polyporales	Incrustoporiaceae	Tyromyces	Tyromyces chioneus		SPECIES	Tyromyces chioneus (Fr.) P.Karst.	Tyromyces chioneus (Fr.) P. Karst.	(Fr.) P. Karst.	CA	Falardeau, Québec.	Québec	PRESENT		ff7bd5db-b724-4932-b496-10ea298851f9	48.618673	-71.111283	8000.0						1994-09-24	24	9	1994	2548515	2548515	PRESERVED_SPECIMEN	Université de Montréal Biodiversity Centre	CMMF	CMMF015167	810	Guérin, Gérard		CC0_1_0	Université de Montréal Biodiversity Centre	Desbiens, J.			2024-01-24T16:38:16.888Z	StillImage	INSTITUTION_MATCH_FUZZY;COLLECTION_MATCH_FUZZY;DIFFERENT_OWNER_INSTITUTION
1412703190	21705170-d2b6-42de-8904-c3bca4b83591	CMMF011653	Fungi	Basidiomycota	Agaricomycetes	Polyporales	Incrustoporiaceae	Tyromyces	Tyromyces chioneus		SPECIES	Polyporus albellus Peck	Polyporus albellus Peck	Peck	CA	Lac Bédard, Portneuf, Québec.	Québec	PRESENT		ff7bd5db-b724-4932-b496-10ea298851f9	47.085833	-71.83	2000.0						1941-09-26/1941-09-30		9	1941	5247834	2548515	PRESERVED_SPECIMEN	Université de Montréal Biodiversity Centre	CMMF	CMMF011653	17171	Pomerleau, René		CC0_1_0	Université de Montréal Biodiversity Centre	Campagna, Elzéar			2024-01-24T16:38:18.071Z		INSTITUTION_MATCH_FUZZY;COLLECTION_MATCH_FUZZY;DIFFERENT_OWNER_INSTITUTION
1135071369	21705170-d2b6-42de-8904-c3bca4b83591	CMMF009902	Fungi	Basidiomycota	Agaricomycetes	Polyporales	Incrustoporiaceae	Tyromyces	Tyromyces chioneus		SPECIES	Tyromyces chioneus (Fr.) P.Karst.	Tyromyces chioneus (Fr.) P. Karst.	(Fr.) P. Karst.	CA	Château Bigot, Québec.	Québec	PRESENT		ff7bd5db-b724-4932-b496-10ea298851f9	46.898375	-71.266801	2000.0						2007-08-31	31	8	2007	2548515	2548515	PRESERVED_SPECIMEN	Université de Montréal Biodiversity Centre	CMMF	CMMF009902	1486	Labrecque, Jacqueline		CC0_1_0	Université de Montréal Biodiversity Centre	Labrecque, Jacqueline			2024-01-24T16:38:21.399Z		INSTITUTION_MATCH_FUZZY;COLLECTION_MATCH_FUZZY;DIFFERENT_OWNER_INSTITUTION
1135070887	21705170-d2b6-42de-8904-c3bca4b83591	CMMF009371	Fungi	Basidiomycota	Agaricomycetes	Polyporales	Incrustoporiaceae	Tyromyces	Tyromyces chioneus		SPECIES	Tyromyces chioneus (Fr.) P.Karst.	Tyromyces chioneus (Fr.) P. Karst.	(Fr.) P. Karst.	CA	Chemin O'Neil, Lac-Beauport.	Québec	PRESENT		ff7bd5db-b724-4932-b496-10ea298851f9	46.953091	-71.306427	5000.0						2006-10-12	12	10	2006	2548515	2548515	PRESERVED_SPECIMEN	Université de Montréal Biodiversity Centre	CMMF	CMMF009371	955	Labrecque, Jacqueline		CC0_1_0	Université de Montréal Biodiversity Centre	Labrecque, Jacqueline			2024-01-24T16:38:21.599Z	StillImage	INSTITUTION_MATCH_FUZZY;COLLECTION_MATCH_FUZZY;DIFFERENT_OWNER_INSTITUTION
1135070481	21705170-d2b6-42de-8904-c3bca4b83591	CMMF009035	Fungi	Basidiomycota	Agaricomycetes	Polyporales	Incrustoporiaceae	Tyromyces	Tyromyces chioneus		SPECIES	Tyromyces chioneus (Fr.) P.Karst.	Tyromyces chioneus (Fr.) P. Karst.	(Fr.) P. Karst.	CA	Containers Est, chemin Éperon, Lac-Beauport.	Québec	PRESENT		ff7bd5db-b724-4932-b496-10ea298851f9	46.953091	-71.275238	5000.0						2006-08-25	25	8	2006	2548515	2548515	PRESERVED_SPECIMEN	Université de Montréal Biodiversity Centre	CMMF	CMMF009035	618	Labbé, Roland		CC0_1_0	Université de Montréal Biodiversity Centre	Labrecque, Jacqueline			2024-01-24T16:38:20.150Z	StillImage	INSTITUTION_MATCH_FUZZY;COLLECTION_MATCH_FUZZY;DIFFERENT_OWNER_INSTITUTION
1135069306	21705170-d2b6-42de-8904-c3bca4b83591	CMMF007914	Fungi	Basidiomycota	Agaricomycetes	Polyporales	Incrustoporiaceae	Tyromyces	Tyromyces chioneus		SPECIES	Tyromyces chioneus (Fr.) P.Karst.	Tyromyces chioneus (Fr.) P. Karst.	(Fr.) P. Karst.	CA	Cap-Rouge	Québec	PRESENT		ff7bd5db-b724-4932-b496-10ea298851f9	46.754317	-71.33515	100.0						1980-02-10	10	2	1980	2548515	2548515	PRESERVED_SPECIMEN	Université de Montréal Biodiversity Centre	CMMF	CMMF007914	526	Ginns, Jim H.		CC0_1_0	Université de Montréal Biodiversity Centre	McNeil, Raymond			2024-01-24T16:38:14.738Z	StillImage	COORDINATE_ROUNDED;INSTITUTION_MATCH_FUZZY;COLLECTION_MATCH_FUZZY;DIFFERENT_OWNER_INSTITUTION
1135068715	21705170-d2b6-42de-8904-c3bca4b83591	CMMF007254	Fungi	Basidiomycota	Agaricomycetes	Polyporales	Incrustoporiaceae	Tyromyces	Tyromyces chioneus		SPECIES	Tyromyces chioneus (Fr.) P.Karst.	Tyromyces chioneus (Fr.) P. Karst.	(Fr.) P. Karst.	CA	St-Canut	Québec	PRESENT		ff7bd5db-b724-4932-b496-10ea298851f9	45.7001	-74.09015	100.0						1979-09-01	1	9	1979	2548515	2548515	PRESERVED_SPECIMEN	Université de Montréal Biodiversity Centre	CMMF	CMMF007254	430	McNeil, Raymond		CC0_1_0	Université de Montréal Biodiversity Centre	McNeil, Raymond			2024-01-24T16:38:21.334Z	StillImage	INSTITUTION_MATCH_FUZZY;COLLECTION_MATCH_FUZZY;DIFFERENT_OWNER_INSTITUTION
1135067703	21705170-d2b6-42de-8904-c3bca4b83591	CMMF006237	Fungi	Basidiomycota	Agaricomycetes	Polyporales	Incrustoporiaceae	Tyromyces	Tyromyces chioneus		SPECIES	Tyromyces chioneus (Fr.) P.Karst.	Tyromyces chioneus (Fr.) P. Karst.	(Fr.) P. Karst.	CA	Châteauguay	Québec	PRESENT		ff7bd5db-b724-4932-b496-10ea298851f9	45.35433	-73.774083	100.0						2005-10-09	9	10	2005	2548515	2548515	PRESERVED_SPECIMEN	Université de Montréal Biodiversity Centre	CMMF	CMMF006237	C2656	McNeil, Raymond		CC0_1_0	Université de Montréal Biodiversity Centre	McNeil, Raymond			2024-01-24T16:38:18.884Z	StillImage	COORDINATE_ROUNDED;INSTITUTION_MATCH_FUZZY;COLLECTION_MATCH_FUZZY;DIFFERENT_OWNER_INSTITUTION
1135067674	21705170-d2b6-42de-8904-c3bca4b83591	CMMF006239	Fungi	Basidiomycota	Agaricomycetes	Polyporales	Incrustoporiaceae	Tyromyces	Tyromyces chioneus		SPECIES	Tyromyces chioneus (Fr.) P.Karst.	Tyromyces chioneus (Fr.) P. Karst.	(Fr.) P. Karst.	CA	Châteauguay	Québec	PRESENT		ff7bd5db-b724-4932-b496-10ea298851f9	45.35433	-73.774083	100.0						2005-09-22	22	9	2005	2548515	2548515	PRESERVED_SPECIMEN	Université de Montréal Biodiversity Centre	CMMF	CMMF006239	C2549	McNeil, Raymond		CC0_1_0	Université de Montréal Biodiversity Centre	McNeil, Raymond			2024-01-24T16:38:18.885Z	StillImage	COORDINATE_ROUNDED;INSTITUTION_MATCH_FUZZY;COLLECTION_MATCH_FUZZY;DIFFERENT_OWNER_INSTITUTION
1135067482	21705170-d2b6-42de-8904-c3bca4b83591	CMMF006014	Fungi	Basidiomycota	Agaricomycetes	Polyporales	Incrustoporiaceae	Tyromyces	Tyromyces chioneus		SPECIES	Tyromyces chioneus (Fr.) P.Karst.	Tyromyces chioneus (Fr.) P. Karst.	(Fr.) P. Karst.	CA	Châteauguay (Centre écologique Fernand-Seguin)	Québec	PRESENT		ff7bd5db-b724-4932-b496-10ea298851f9	45.33983	-73.773917	100.0						2013-10-02	2	10	2013	2548515	2548515	PRESERVED_SPECIMEN	Université de Montréal Biodiversity Centre	CMMF	CMMF006014	C4325	McNeil, Raymond		CC0_1_0	Université de Montréal Biodiversity Centre	McNeil, Raymond			2024-01-24T16:38:18.017Z	StillImage	COORDINATE_ROUNDED;INSTITUTION_MATCH_FUZZY;COLLECTION_MATCH_FUZZY;DIFFERENT_OWNER_INSTITUTION
1135066871	21705170-d2b6-42de-8904-c3bca4b83591	CMMF010271	Fungi	Basidiomycota	Agaricomycetes	Polyporales	Incrustoporiaceae	Tyromyces	Tyromyces chioneus		SPECIES	Tyromyces chioneus (Fr.) P.Karst.	Tyromyces chioneus (Fr.) P. Karst.	(Fr.) P. Karst.	CA	Château Bigot, Québec.	Québec	PRESENT		ff7bd5db-b724-4932-b496-10ea298851f9	46.898375	-71.266801	2000.0						2007-10-24	24	10	2007	2548515	2548515	PRESERVED_SPECIMEN	Université de Montréal Biodiversity Centre	CMMF	CMMF010271	1857	Labrecque, Jacqueline		CC0_1_0	Université de Montréal Biodiversity Centre	Labrecque, Jacqueline			2024-01-24T16:38:21.531Z		INSTITUTION_MATCH_FUZZY;COLLECTION_MATCH_FUZZY;DIFFERENT_OWNER_INSTITUTION
