gbifID	datasetKey	occurrenceID	kingdom	phylum	class	order	family	genus	species	infraspecificEpithet	taxonRank	scientificName	verbatimScientificName	verbatimScientificNameAuthorship	countryCode	locality	stateProvince	occurrenceStatus	individualCount	publishingOrgKey	decimalLatitude	decimalLongitude	coordinateUncertaintyInMeters	coordinatePrecision	elevation	elevationAccuracy	depth	depthAccuracy	eventDate	day	month	year	taxonKey	speciesKey	basisOfRecord	institutionCode	collectionCode	catalogNumber	recordNumber	identifiedBy	dateIdentified	license	rightsHolder	recordedBy	typeStatus	establishmentMeans	lastInterpreted	mediaType	issue
694157644	d7cfd2ed-8af4-427f-a16e-eb66b7e2c419	16809	Fungi	Basidiomycota	Agaricomycetes	Boletales	Boletaceae	Tylopilus	Tylopilus rubrobrunneus		SPECIES	Tylopilus rubrobrunneus Mazzer & A.H.Sm.	Tylopilus rubrobrunneus Mazzer & Smith	Mazzer & Smith	CA	Mackenzie-King Estate	Québec	PRESENT		ff418020-1d67-11d9-8435-b8a03c50a862	45.484357	-75.833559	403.0						1972-07-18	18	7	1972	3354664	3354664	PRESERVED_SPECIMEN	Royal Ontario Museum	TRTC	TRTC047796		Malloch, D.W.		CC0_1_0	Royal Ontario Museum	Weresub, L.;			2024-01-25T00:59:40.105Z		COORDINATE_ROUNDED;AMBIGUOUS_INSTITUTION
617555848	21705170-d2b6-42de-8904-c3bca4b83591	CMMF000995	Fungi	Basidiomycota	Agaricomycetes	Boletales	Boletaceae	Tylopilus	Tylopilus rubrobrunneus		SPECIES	Tylopilus rubrobrunneus Mazzer & A.H.Sm.	Tylopilus rubrobrunneus Mazzer & A.H. Sm.	Mazzer & A.H. Sm.	CA	Laval	Québec	PRESENT		ff7bd5db-b724-4932-b496-10ea298851f9	45.609608	-73.705867	17500.0						1990-07-11	11	7	1990	3354664	3354664	PRESERVED_SPECIMEN	Université de Montréal Biodiversity Centre	CMMF	CMMF000995		Lamoureux, Yves		CC0_1_0	Université de Montréal Biodiversity Centre	Lamoureux, Yves			2024-01-24T16:38:21.572Z	StillImage	INSTITUTION_MATCH_FUZZY;COLLECTION_MATCH_FUZZY;DIFFERENT_OWNER_INSTITUTION
617552478	21705170-d2b6-42de-8904-c3bca4b83591	CMMF000318	Fungi	Basidiomycota	Agaricomycetes	Boletales	Boletaceae	Tylopilus	Tylopilus rubrobrunneus		SPECIES	Tylopilus rubrobrunneus Mazzer & A.H.Sm.	Tylopilus rubrobrunneus Mazzer & A.H. Sm.	Mazzer & A.H. Sm.	CA	Laval	Québec	PRESENT		ff7bd5db-b724-4932-b496-10ea298851f9	45.609608	-73.705867	17500.0						1988-09-07	7	9	1988	3354664	3354664	PRESERVED_SPECIMEN	Université de Montréal Biodiversity Centre	CMMF	CMMF000318		Lamoureux, Yves		CC0_1_0	Université de Montréal Biodiversity Centre	Lamoureux, Yves			2024-01-24T16:38:20.767Z	StillImage	INSTITUTION_MATCH_FUZZY;COLLECTION_MATCH_FUZZY;DIFFERENT_OWNER_INSTITUTION
617547532	21705170-d2b6-42de-8904-c3bca4b83591	CMMF001006	Fungi	Basidiomycota	Agaricomycetes	Boletales	Boletaceae	Tylopilus	Tylopilus rubrobrunneus		SPECIES	Tylopilus rubrobrunneus Mazzer & A.H.Sm.	Tylopilus rubrobrunneus Mazzer & A.H. Sm.	Mazzer & A.H. Sm.	CA	L'Assomption	Québec	PRESENT		ff7bd5db-b724-4932-b496-10ea298851f9	45.864396	-73.439575	9000.0						1990-07-12	12	7	1990	3354664	3354664	PRESERVED_SPECIMEN	Université de Montréal Biodiversity Centre	CMMF	CMMF001006		Lamoureux, Yves		CC0_1_0	Université de Montréal Biodiversity Centre	Lamoureux, Yves			2024-01-24T16:38:16.304Z	StillImage	INSTITUTION_MATCH_FUZZY;COLLECTION_MATCH_FUZZY;DIFFERENT_OWNER_INSTITUTION
4936005058	50c9509d-22c7-4a22-a47d-8c48425ef4a7	https://www.inaturalist.org/observations/237742310	Fungi	Basidiomycota	Agaricomycetes	Boletales	Boletaceae	Tylopilus	Tylopilus rubrobrunneus		SPECIES	Tylopilus rubrobrunneus Mazzer & A.H.Sm.	Tylopilus rubrobrunneus		CA		Québec	PRESENT		28eb1a3f-1c15-4a95-931a-4af90ecb574d	45.508087	-73.597549							2024-08-24T14:14	24	8	2024	3354664	3354664	HUMAN_OBSERVATION	iNaturalist	Observations	237742310		karolanegb	2024-08-24T22:41:50	CC_BY_NC_4_0	karolanegb	karolanegb			2025-01-14T12:52:36.574Z	StillImage	COORDINATE_ROUNDED;CONTINENT_DERIVED_FROM_COORDINATES;TAXON_MATCH_TAXON_ID_IGNORED
4910945213	50c9509d-22c7-4a22-a47d-8c48425ef4a7	https://www.inaturalist.org/observations/230660679	Fungi	Basidiomycota	Agaricomycetes	Boletales	Boletaceae	Tylopilus	Tylopilus rubrobrunneus		SPECIES	Tylopilus rubrobrunneus Mazzer & A.H.Sm.	Tylopilus rubrobrunneus		CA		Québec	PRESENT		28eb1a3f-1c15-4a95-931a-4af90ecb574d	45.477741	-74.021359	3596.0						2024-07-18T13:34	18	7	2024	3354664	3354664	HUMAN_OBSERVATION	iNaturalist	Observations	230660679		Annabelle Langlois	2024-07-21T03:38:06	CC_BY_NC_4_0	Annabelle Langlois	Annabelle Langlois			2025-01-14T12:47:08.023Z	StillImage	COORDINATE_ROUNDED;CONTINENT_DERIVED_FROM_COORDINATES;TAXON_MATCH_TAXON_ID_IGNORED
4853045117	50c9509d-22c7-4a22-a47d-8c48425ef4a7	https://www.inaturalist.org/observations/209145615	Fungi	Basidiomycota	Agaricomycetes	Boletales	Boletaceae	Tylopilus	Tylopilus rubrobrunneus		SPECIES	Tylopilus rubrobrunneus Mazzer & A.H.Sm.	Tylopilus rubrobrunneus		CA		Québec	PRESENT		28eb1a3f-1c15-4a95-931a-4af90ecb574d	45.395686	-73.397541	1776.0						2022-06-28T11:15	28	6	2022	3354664	3354664	HUMAN_OBSERVATION	iNaturalist	Observations	209145615		Isabelle Pouliot	2024-04-24T21:16:12	CC_BY_NC_4_0	Isabelle Pouliot	Isabelle Pouliot			2025-01-14T13:38:48.227Z	StillImage	COORDINATE_ROUNDED;CONTINENT_DERIVED_FROM_COORDINATES;TAXON_MATCH_TAXON_ID_IGNORED
4172028460	50c9509d-22c7-4a22-a47d-8c48425ef4a7	https://www.inaturalist.org/observations/175840307	Fungi	Basidiomycota	Agaricomycetes	Boletales	Boletaceae	Tylopilus	Tylopilus rubrobrunneus		SPECIES	Tylopilus rubrobrunneus Mazzer & A.H.Sm.	Tylopilus rubrobrunneus		CA		Québec	PRESENT		28eb1a3f-1c15-4a95-931a-4af90ecb574d	45.507063	-73.613455	40.0						2023-07-22T17:11:04	22	7	2023	3354664	3354664	HUMAN_OBSERVATION	iNaturalist	Observations	175840307		nikapshe	2023-07-30T23:41:49	CC_BY_NC_4_0	nikapshe	nikapshe			2025-01-14T13:31:36.806Z	StillImage	COORDINATE_ROUNDED;CONTINENT_DERIVED_FROM_COORDINATES;TAXON_MATCH_TAXON_ID_IGNORED
4171900048	50c9509d-22c7-4a22-a47d-8c48425ef4a7	https://www.inaturalist.org/observations/175634441	Fungi	Basidiomycota	Agaricomycetes	Boletales	Boletaceae	Tylopilus	Tylopilus rubrobrunneus		SPECIES	Tylopilus rubrobrunneus Mazzer & A.H.Sm.	Tylopilus rubrobrunneus		CA		Québec	PRESENT		28eb1a3f-1c15-4a95-931a-4af90ecb574d	45.489782	-75.626138	17.0						2023-07-29T11:30	29	7	2023	3354664	3354664	HUMAN_OBSERVATION	iNaturalist	Observations	175634441		jonathan_mack	2023-07-29T23:29:17	CC_BY_NC_4_0	jonathan_mack	jonathan_mack			2025-01-14T12:37:54.999Z	StillImage	COORDINATE_ROUNDED;CONTINENT_DERIVED_FROM_COORDINATES;TAXON_MATCH_TAXON_ID_IGNORED
4171843713	50c9509d-22c7-4a22-a47d-8c48425ef4a7	https://www.inaturalist.org/observations/175592035	Fungi	Basidiomycota	Agaricomycetes	Boletales	Boletaceae	Tylopilus	Tylopilus rubrobrunneus		SPECIES	Tylopilus rubrobrunneus Mazzer & A.H.Sm.	Tylopilus rubrobrunneus		CA		Québec	PRESENT		28eb1a3f-1c15-4a95-931a-4af90ecb574d	45.490481	-75.619086	416.0						2023-07-29T10:05	29	7	2023	3354664	3354664	HUMAN_OBSERVATION	iNaturalist	Observations	175592035		L Joan Heyding	2023-07-29T18:59:26	CC_BY_NC_4_0	L Joan Heyding	L Joan Heyding			2025-01-14T13:32:02.893Z	StillImage	COORDINATE_ROUNDED;CONTINENT_DERIVED_FROM_COORDINATES;TAXON_MATCH_TAXON_ID_IGNORED
4171771927	50c9509d-22c7-4a22-a47d-8c48425ef4a7	https://www.inaturalist.org/observations/175660464	Fungi	Basidiomycota	Agaricomycetes	Boletales	Boletaceae	Tylopilus	Tylopilus rubrobrunneus		SPECIES	Tylopilus rubrobrunneus Mazzer & A.H.Sm.	Tylopilus rubrobrunneus		CA		Québec	PRESENT		28eb1a3f-1c15-4a95-931a-4af90ecb574d	45.68068	-75.854653	82.0						2023-07-29T19:11:29	29	7	2023	3354664	3354664	HUMAN_OBSERVATION	iNaturalist	Observations	175660464		Celine Perrier	2023-07-30T02:58:07	CC_BY_NC_4_0	Celine Perrier	Celine Perrier			2025-01-14T12:38:49.479Z	StillImage	COORDINATE_ROUNDED;CONTINENT_DERIVED_FROM_COORDINATES;TAXON_MATCH_TAXON_ID_IGNORED
4171698019	50c9509d-22c7-4a22-a47d-8c48425ef4a7	https://www.inaturalist.org/observations/174556021	Fungi	Basidiomycota	Agaricomycetes	Boletales	Boletaceae	Tylopilus	Tylopilus rubrobrunneus		SPECIES	Tylopilus rubrobrunneus Mazzer & A.H.Sm.	Tylopilus rubrobrunneus		CA		Ontario	PRESENT		28eb1a3f-1c15-4a95-931a-4af90ecb574d	45.130814	-75.218768	3900.0						2023-07-23T16:47:13	23	7	2023	3354664	3354664	HUMAN_OBSERVATION	iNaturalist	Observations	174556021		Christine Matamoros	2023-07-23T20:50:47	CC_BY_NC_4_0	Christine Matamoros	Christine Matamoros			2025-01-14T12:43:22.375Z	StillImage	COORDINATE_ROUNDED;CONTINENT_DERIVED_FROM_COORDINATES;TAXON_MATCH_TAXON_ID_IGNORED
4171299934	50c9509d-22c7-4a22-a47d-8c48425ef4a7	https://www.inaturalist.org/observations/175817161	Fungi	Basidiomycota	Agaricomycetes	Boletales	Boletaceae	Tylopilus	Tylopilus rubrobrunneus		SPECIES	Tylopilus rubrobrunneus Mazzer & A.H.Sm.	Tylopilus rubrobrunneus		CA		Québec	PRESENT		28eb1a3f-1c15-4a95-931a-4af90ecb574d	45.50748	-73.613097	32.0						2023-07-22T17:01:54	22	7	2023	3354664	3354664	HUMAN_OBSERVATION	iNaturalist	Observations	175817161		nikapshe	2023-07-30T21:25:53	CC_BY_NC_4_0	nikapshe	nikapshe			2025-01-14T12:37:58.869Z	StillImage	COORDINATE_ROUNDED;CONTINENT_DERIVED_FROM_COORDINATES;TAXON_MATCH_TAXON_ID_IGNORED
4165747677	50c9509d-22c7-4a22-a47d-8c48425ef4a7	https://www.inaturalist.org/observations/174178544	Fungi	Basidiomycota	Agaricomycetes	Boletales	Boletaceae	Tylopilus	Tylopilus rubrobrunneus		SPECIES	Tylopilus rubrobrunneus Mazzer & A.H.Sm.	Tylopilus rubrobrunneus		CA		Québec	PRESENT		28eb1a3f-1c15-4a95-931a-4af90ecb574d	45.553452	-73.470876	623.0						2023-07-21T10:28	21	7	2023	3354664	3354664	HUMAN_OBSERVATION	iNaturalist	Observations	174178544		Antoine Fortin	2023-07-21T22:52:00	CC_BY_NC_4_0	Antoine Fortin	Antoine Fortin			2025-01-14T13:31:18.922Z	StillImage	COORDINATE_ROUNDED;CONTINENT_DERIVED_FROM_COORDINATES;TAXON_MATCH_TAXON_ID_IGNORED
4165552759	50c9509d-22c7-4a22-a47d-8c48425ef4a7	https://www.inaturalist.org/observations/174311908	Fungi	Basidiomycota	Agaricomycetes	Boletales	Boletaceae	Tylopilus	Tylopilus rubrobrunneus		SPECIES	Tylopilus rubrobrunneus Mazzer & A.H.Sm.	Tylopilus rubrobrunneus		CA		Québec	PRESENT		28eb1a3f-1c15-4a95-931a-4af90ecb574d	45.555565	-73.319904	8.0						2023-07-22T13:27:01	22	7	2023	3354664	3354664	HUMAN_OBSERVATION	iNaturalist	Observations	174311908		sajala	2023-07-22T21:15:54	CC_BY_NC_4_0	sajala	sajala			2025-01-14T13:25:57.502Z	StillImage	COORDINATE_ROUNDED;CONTINENT_DERIVED_FROM_COORDINATES;TAXON_MATCH_TAXON_ID_IGNORED
4162268563	50c9509d-22c7-4a22-a47d-8c48425ef4a7	https://www.inaturalist.org/observations/171821364	Fungi	Basidiomycota	Agaricomycetes	Boletales	Boletaceae	Tylopilus	Tylopilus rubrobrunneus		SPECIES	Tylopilus rubrobrunneus Mazzer & A.H.Sm.	Tylopilus rubrobrunneus		CA		Québec	PRESENT		28eb1a3f-1c15-4a95-931a-4af90ecb574d	45.550154	-73.472915	31.0						2023-07-07T08:38	7	7	2023	3354664	3354664	HUMAN_OBSERVATION	iNaturalist	Observations	171821364		Antoine Fortin	2023-07-08T20:38:53	CC_BY_NC_4_0	Antoine Fortin	Antoine Fortin			2025-01-14T13:31:15.425Z	StillImage	COORDINATE_ROUNDED;CONTINENT_DERIVED_FROM_COORDINATES;TAXON_MATCH_TAXON_ID_IGNORED
4162203702	50c9509d-22c7-4a22-a47d-8c48425ef4a7	https://www.inaturalist.org/observations/171821356	Fungi	Basidiomycota	Agaricomycetes	Boletales	Boletaceae	Tylopilus	Tylopilus rubrobrunneus		SPECIES	Tylopilus rubrobrunneus Mazzer & A.H.Sm.	Tylopilus rubrobrunneus		CA		Québec	PRESENT		28eb1a3f-1c15-4a95-931a-4af90ecb574d	45.548501	-73.473129	31.0						2023-07-06T09:14	6	7	2023	3354664	3354664	HUMAN_OBSERVATION	iNaturalist	Observations	171821356		Antoine Fortin	2023-07-08T20:38:50	CC_BY_NC_4_0	Antoine Fortin	Antoine Fortin			2025-01-14T13:31:26.164Z	StillImage	COORDINATE_ROUNDED;CONTINENT_DERIVED_FROM_COORDINATES;TAXON_MATCH_TAXON_ID_IGNORED
4161982751	50c9509d-22c7-4a22-a47d-8c48425ef4a7	https://www.inaturalist.org/observations/171821369	Fungi	Basidiomycota	Agaricomycetes	Boletales	Boletaceae	Tylopilus	Tylopilus rubrobrunneus		SPECIES	Tylopilus rubrobrunneus Mazzer & A.H.Sm.	Tylopilus rubrobrunneus		CA		Québec	PRESENT		28eb1a3f-1c15-4a95-931a-4af90ecb574d	45.552303	-73.472907	15.0						2023-07-08T10:05	8	7	2023	3354664	3354664	HUMAN_OBSERVATION	iNaturalist	Observations	171821369		Antoine Fortin	2023-07-08T20:38:55	CC_BY_NC_4_0	Antoine Fortin	Antoine Fortin			2025-01-14T13:25:38.040Z	StillImage	COORDINATE_ROUNDED;CONTINENT_DERIVED_FROM_COORDINATES;TAXON_MATCH_TAXON_ID_IGNORED
4102621371	50c9509d-22c7-4a22-a47d-8c48425ef4a7	https://www.inaturalist.org/observations/88943165	Fungi	Basidiomycota	Agaricomycetes	Boletales	Boletaceae	Tylopilus	Tylopilus rubrobrunneus		SPECIES	Tylopilus rubrobrunneus Mazzer & A.H.Sm.	Tylopilus rubrobrunneus		CA		Ontario	PRESENT		28eb1a3f-1c15-4a95-931a-4af90ecb574d	45.405697	-75.924417	5.0						2021-07-28T10:45:31	28	7	2021	3354664	3354664	HUMAN_OBSERVATION	iNaturalist	Observations	88943165		aelgiz	2023-04-30T20:38:49	CC_BY_NC_4_0	Nina	Nina			2025-01-14T13:13:22.341Z	StillImage	COORDINATE_ROUNDED;CONTINENT_DERIVED_FROM_COORDINATES;TAXON_MATCH_TAXON_ID_IGNORED
3892547740	50c9509d-22c7-4a22-a47d-8c48425ef4a7	https://www.inaturalist.org/observations/130381283	Fungi	Basidiomycota	Agaricomycetes	Boletales	Boletaceae	Tylopilus	Tylopilus rubrobrunneus		SPECIES	Tylopilus rubrobrunneus Mazzer & A.H.Sm.	Tylopilus rubrobrunneus		CA		Québec	PRESENT		28eb1a3f-1c15-4a95-931a-4af90ecb574d	45.050481	-72.571455	24.0						2022-08-10T16:56	10	8	2022	3354664	3354664	HUMAN_OBSERVATION	iNaturalist	Observations	130381283		cinna_latifolia	2022-08-11T15:26:35	CC_BY_NC_4_0	D. Marullo-Masson	D. Marullo-Masson			2025-01-14T13:25:07.351Z	StillImage	COORDINATE_ROUNDED;CONTINENT_DERIVED_FROM_COORDINATES;TAXON_MATCH_TAXON_ID_IGNORED
3888981048	50c9509d-22c7-4a22-a47d-8c48425ef4a7	https://www.inaturalist.org/observations/130163230	Fungi	Basidiomycota	Agaricomycetes	Boletales	Boletaceae	Tylopilus	Tylopilus rubrobrunneus		SPECIES	Tylopilus rubrobrunneus Mazzer & A.H.Sm.	Tylopilus rubrobrunneus		CA		Québec	PRESENT		28eb1a3f-1c15-4a95-931a-4af90ecb574d	45.920245	-72.007267	5.0						2022-08-09T13:54:49	9	8	2022	3354664	3354664	HUMAN_OBSERVATION	iNaturalist	Observations	130163230		willoughbyarevalo	2022-08-09T21:26:29	CC_BY_NC_4_0	willoughbyarevalo	willoughbyarevalo			2025-01-14T13:23:40.399Z	StillImage	COORDINATE_ROUNDED;CONTINENT_DERIVED_FROM_COORDINATES;TAXON_MATCH_TAXON_ID_IGNORED
3384360503	50c9509d-22c7-4a22-a47d-8c48425ef4a7	https://www.inaturalist.org/observations/55939169	Fungi	Basidiomycota	Agaricomycetes	Boletales	Boletaceae	Tylopilus	Tylopilus rubrobrunneus		SPECIES	Tylopilus rubrobrunneus Mazzer & A.H.Sm.	Tylopilus rubrobrunneus		CA		Québec	PRESENT		28eb1a3f-1c15-4a95-931a-4af90ecb574d	45.483486	-75.847908	259.0						2020-08-08T13:47	8	8	2020	3354664	3354664	HUMAN_OBSERVATION	iNaturalist	Observations	55939169		Mike Leveille	2020-08-09T18:09:11	CC_BY_NC_4_0	Mike Leveille	Mike Leveille			2025-01-14T13:09:22.888Z	StillImage	COORDINATE_ROUNDED;CONTINENT_DERIVED_FROM_COORDINATES;TAXON_MATCH_TAXON_ID_IGNORED
3355087670	50c9509d-22c7-4a22-a47d-8c48425ef4a7	https://www.inaturalist.org/observations/89842911	Fungi	Basidiomycota	Agaricomycetes	Boletales	Boletaceae	Tylopilus	Tylopilus rubrobrunneus		SPECIES	Tylopilus rubrobrunneus Mazzer & A.H.Sm.	Tylopilus rubrobrunneus		CA		Ontario	PRESENT		28eb1a3f-1c15-4a95-931a-4af90ecb574d	45.126244	-78.563843	165.0						2021-08-03T19:07:57	3	8	2021	3354664	3354664	HUMAN_OBSERVATION	iNaturalist	Observations	89842911		wilbee	2021-08-03T23:09:38	CC_BY_NC_4_0	wilbee	wilbee			2025-01-14T13:13:34.173Z	StillImage	COORDINATE_ROUNDED;CONTINENT_DERIVED_FROM_COORDINATES;TAXON_MATCH_TAXON_ID_IGNORED
3355062741	50c9509d-22c7-4a22-a47d-8c48425ef4a7	https://www.inaturalist.org/observations/90583710	Fungi	Basidiomycota	Agaricomycetes	Boletales	Boletaceae	Tylopilus	Tylopilus rubrobrunneus		SPECIES	Tylopilus rubrobrunneus Mazzer & A.H.Sm.	Tylopilus rubrobrunneus		CA		Ontario	PRESENT		28eb1a3f-1c15-4a95-931a-4af90ecb574d	45.126244	-78.563843	165.0						2021-08-03T19:09:23	3	8	2021	3354664	3354664	HUMAN_OBSERVATION	iNaturalist	Observations	90583710		wilbee	2021-08-09T21:17:04	CC_BY_NC_4_0	wilbee	wilbee			2025-01-14T12:20:09.570Z	StillImage	COORDINATE_ROUNDED;CONTINENT_DERIVED_FROM_COORDINATES;TAXON_MATCH_TAXON_ID_IGNORED
3355041665	50c9509d-22c7-4a22-a47d-8c48425ef4a7	https://www.inaturalist.org/observations/89842725	Fungi	Basidiomycota	Agaricomycetes	Boletales	Boletaceae	Tylopilus	Tylopilus rubrobrunneus		SPECIES	Tylopilus rubrobrunneus Mazzer & A.H.Sm.	Tylopilus rubrobrunneus		CA		Ontario	PRESENT		28eb1a3f-1c15-4a95-931a-4af90ecb574d	45.126244	-78.563843	165.0						2021-08-03T19:06:57	3	8	2021	3354664	3354664	HUMAN_OBSERVATION	iNaturalist	Observations	89842725		wilbee	2021-08-03T23:08:03	CC_BY_NC_4_0	wilbee	wilbee			2025-01-14T13:13:34.450Z	StillImage	COORDINATE_ROUNDED;CONTINENT_DERIVED_FROM_COORDINATES;TAXON_MATCH_TAXON_ID_IGNORED
3335081902	50c9509d-22c7-4a22-a47d-8c48425ef4a7	https://www.inaturalist.org/observations/89393189	Fungi	Basidiomycota	Agaricomycetes	Boletales	Boletaceae	Tylopilus	Tylopilus rubrobrunneus		SPECIES	Tylopilus rubrobrunneus Mazzer & A.H.Sm.	Tylopilus rubrobrunneus		CA		Ontario	PRESENT		28eb1a3f-1c15-4a95-931a-4af90ecb574d	45.123433	-77.838394							2021-07-31T17:19:26	31	7	2021	3354664	3354664	HUMAN_OBSERVATION	iNaturalist	Observations	89393189		Kim	2021-07-31T22:11:46	CC_BY_NC_4_0	Kim	Kim			2025-01-14T13:13:32.744Z	StillImage	COORDINATE_ROUNDED;CONTINENT_DERIVED_FROM_COORDINATES;TAXON_MATCH_TAXON_ID_IGNORED
3330624752	50c9509d-22c7-4a22-a47d-8c48425ef4a7	https://www.inaturalist.org/observations/87340609	Fungi	Basidiomycota	Agaricomycetes	Boletales	Boletaceae	Tylopilus	Tylopilus rubrobrunneus		SPECIES	Tylopilus rubrobrunneus Mazzer & A.H.Sm.	Tylopilus rubrobrunneus		CA		Ontario	PRESENT		28eb1a3f-1c15-4a95-931a-4af90ecb574d	45.204538	-76.22431	370.0						2021-07-16T16:23	16	7	2021	3354664	3354664	HUMAN_OBSERVATION	iNaturalist	Observations	87340609		Ken Allison	2021-07-17T00:42:15	CC_BY_NC_4_0	Ken Allison	Ken Allison			2025-01-14T12:19:23.737Z	StillImage	COORDINATE_ROUNDED;CONTINENT_DERIVED_FROM_COORDINATES;TAXON_MATCH_TAXON_ID_IGNORED
3320938373	50c9509d-22c7-4a22-a47d-8c48425ef4a7	https://www.inaturalist.org/observations/54650513	Fungi	Basidiomycota	Agaricomycetes	Boletales	Boletaceae	Tylopilus	Tylopilus rubrobrunneus		SPECIES	Tylopilus rubrobrunneus Mazzer & A.H.Sm.	Tylopilus rubrobrunneus		CA		Québec	PRESENT		28eb1a3f-1c15-4a95-931a-4af90ecb574d	45.599587	-75.877542	12.0						2020-07-27T14:17:28	27	7	2020	3354664	3354664	HUMAN_OBSERVATION	iNaturalist	Observations	54650513		bobtyler	2020-07-28T17:32:17	CC_BY_NC_4_0	bobtyler	bobtyler			2025-01-14T12:14:24.155Z	StillImage	COORDINATE_ROUNDED;CONTINENT_DERIVED_FROM_COORDINATES;TAXON_MATCH_TAXON_ID_IGNORED
3302307487	50c9509d-22c7-4a22-a47d-8c48425ef4a7	https://www.inaturalist.org/observations/70360410	Fungi	Basidiomycota	Agaricomycetes	Boletales	Boletaceae	Tylopilus	Tylopilus rubrobrunneus		SPECIES	Tylopilus rubrobrunneus Mazzer & A.H.Sm.	Tylopilus rubrobrunneus		CA		Ontario	PRESENT		28eb1a3f-1c15-4a95-931a-4af90ecb574d	45.282046	-75.799432	100.0						2020-08-22T12:49:47	22	8	2020	3354664	3354664	HUMAN_OBSERVATION	iNaturalist	Observations	70360410		Amber Wootton	2021-03-01T05:52:44	CC_BY_NC_4_0	Owen Clarkin	Owen Clarkin			2025-01-14T12:17:14.938Z	StillImage	CONTINENT_DERIVED_FROM_COORDINATES;TAXON_MATCH_TAXON_ID_IGNORED
3039125618	50c9509d-22c7-4a22-a47d-8c48425ef4a7	https://www.inaturalist.org/observations/57445793	Fungi	Basidiomycota	Agaricomycetes	Boletales	Boletaceae	Tylopilus	Tylopilus rubrobrunneus		SPECIES	Tylopilus rubrobrunneus Mazzer & A.H.Sm.	Tylopilus rubrobrunneus		CA		Québec	PRESENT		28eb1a3f-1c15-4a95-931a-4af90ecb574d	45.615494	-76.002544	1848.0						2020-08-22T11:54:20	22	8	2020	3354664	3354664	HUMAN_OBSERVATION	iNaturalist	Observations	57445793		nnisbet	2020-08-24T14:29:15	CC_BY_NC_4_0	nnisbet	nnisbet			2025-01-14T12:14:27.136Z	StillImage	COORDINATE_ROUNDED;CONTINENT_DERIVED_FROM_COORDINATES;TAXON_MATCH_TAXON_ID_IGNORED
2366027886	50c9509d-22c7-4a22-a47d-8c48425ef4a7	https://www.inaturalist.org/observations/29414159	Fungi	Basidiomycota	Agaricomycetes	Boletales	Boletaceae	Tylopilus	Tylopilus rubrobrunneus		SPECIES	Tylopilus rubrobrunneus Mazzer & A.H.Sm.	Tylopilus rubrobrunneus		CA		Québec	PRESENT		28eb1a3f-1c15-4a95-931a-4af90ecb574d	45.094179	-74.217046	526.0						2019-07-23T10:17:02	23	7	2019	3354664	3354664	HUMAN_OBSERVATION	iNaturalist	Observations	29414159		Garrett Taylor	2019-07-24T04:28:52	CC_BY_NC_4_0	Jake Harvey	Jake Harvey			2025-01-14T12:08:25.896Z	StillImage	COORDINATE_ROUNDED;CONTINENT_DERIVED_FROM_COORDINATES;TAXON_MATCH_TAXON_ID_IGNORED
2273301717	50c9509d-22c7-4a22-a47d-8c48425ef4a7	https://www.inaturalist.org/observations/27670931	Fungi	Basidiomycota	Agaricomycetes	Boletales	Boletaceae	Tylopilus	Tylopilus rubrobrunneus		SPECIES	Tylopilus rubrobrunneus Mazzer & A.H.Sm.	Tylopilus rubrobrunneus		CA		Québec	PRESENT		28eb1a3f-1c15-4a95-931a-4af90ecb574d	45.484813	-75.811899	61.0						2018-08-05T13:02	5	8	2018	3354664	3354664	HUMAN_OBSERVATION	iNaturalist	Observations	27670931		Ryan Patrick	2019-06-26T02:03:29	CC_BY_4_0	Alexis Williams	Alexis Williams			2025-01-14T12:09:11.615Z	StillImage	COORDINATE_ROUNDED;CONTINENT_DERIVED_FROM_COORDINATES;TAXON_MATCH_TAXON_ID_IGNORED
2273194982	50c9509d-22c7-4a22-a47d-8c48425ef4a7	https://www.inaturalist.org/observations/10593070	Fungi	Basidiomycota	Agaricomycetes	Boletales	Boletaceae	Tylopilus	Tylopilus rubrobrunneus		SPECIES	Tylopilus rubrobrunneus Mazzer & A.H.Sm.	Tylopilus rubrobrunneus		CA		Ontario	PRESENT		28eb1a3f-1c15-4a95-931a-4af90ecb574d	45.047815	-78.509159	488.0						2008-08-23T07:00	23	8	2008	3354664	3354664	HUMAN_OBSERVATION	iNaturalist	Observations	10593070		Bonnie Kinder	2018-04-03T16:07:18	CC_BY_NC_4_0	Bonnie Kinder	Bonnie Kinder			2025-01-14T12:04:41.573Z	StillImage	COORDINATE_ROUNDED;CONTINENT_DERIVED_FROM_COORDINATES;TAXON_MATCH_TAXON_ID_IGNORED
1807261276	e8a25a42-f125-476c-8554-3ec21cd51a84	ACAD:117733	Fungi	Basidiomycota	Agaricomycetes	Boletales	Boletaceae	Tylopilus	Tylopilus rubrobrunneus		SPECIES	Tylopilus rubrobrunneus Mazzer & A.H.Sm.	Tylopilus rubrobrunneus Mazzer & A.H. Sm.	Mazzer & A.H. Sm.	CA	Gaspereau	Nova Scotia	PRESENT		6491ad8c-8e49-4bd4-a089-0ddb3bbe0890	45.06806	-64.35247							1973-08-27	27	8	1973	3354664	3354664	PRESERVED_SPECIMEN	Acadia University	ACAD	10503DF	10503			CC0_1_0	Acadia University	H, KA; F, S			2024-01-25T01:37:09.169Z	StillImage	GEODETIC_DATUM_INVALID;GEODETIC_DATUM_ASSUMED_WGS84;INSTITUTION_MATCH_FUZZY;COLLECTION_MATCH_FUZZY
1807261236	e8a25a42-f125-476c-8554-3ec21cd51a84	ACAD:117732	Fungi	Basidiomycota	Agaricomycetes	Boletales	Boletaceae	Tylopilus	Tylopilus rubrobrunneus		SPECIES	Tylopilus rubrobrunneus Mazzer & A.H.Sm.	Tylopilus rubrobrunneus Mazzer & A.H. Sm.	Mazzer & A.H. Sm.	CA	Gaspereau	Nova Scotia	PRESENT		6491ad8c-8e49-4bd4-a089-0ddb3bbe0890	45.06806	-64.35247							1973-08-27	27	8	1973	3354664	3354664	PRESERVED_SPECIMEN	Acadia University	ACAD	10503CF	10503			CC0_1_0	Acadia University	H, KA; F, S			2024-01-25T01:37:09.170Z	StillImage	GEODETIC_DATUM_INVALID;GEODETIC_DATUM_ASSUMED_WGS84;INSTITUTION_MATCH_FUZZY;COLLECTION_MATCH_FUZZY
1807260950	e8a25a42-f125-476c-8554-3ec21cd51a84	ACAD:117734	Fungi	Basidiomycota	Agaricomycetes	Boletales	Boletaceae	Tylopilus	Tylopilus rubrobrunneus		SPECIES	Tylopilus rubrobrunneus Mazzer & A.H.Sm.	Tylopilus rubrobrunneus Mazzer & A.H. Sm.	Mazzer & A.H. Sm.	CA	Gaspereau	Nova Scotia	PRESENT		6491ad8c-8e49-4bd4-a089-0ddb3bbe0890	45.06806	-64.35247							1973-08-27	27	8	1973	3354664	3354664	PRESERVED_SPECIMEN	Acadia University	ACAD	10503F	10503			CC0_1_0	Acadia University				2024-01-25T01:37:09.171Z	StillImage	GEODETIC_DATUM_INVALID;GEODETIC_DATUM_ASSUMED_WGS84;INSTITUTION_MATCH_FUZZY;COLLECTION_MATCH_FUZZY
1807260897	e8a25a42-f125-476c-8554-3ec21cd51a84	ACAD:117731	Fungi	Basidiomycota	Agaricomycetes	Boletales	Boletaceae	Tylopilus	Tylopilus rubrobrunneus		SPECIES	Tylopilus rubrobrunneus Mazzer & A.H.Sm.	Tylopilus rubrobrunneus Mazzer & A.H. Sm.	Mazzer & A.H. Sm.	CA	Gaspereau	Nova Scotia	PRESENT		6491ad8c-8e49-4bd4-a089-0ddb3bbe0890	45.06806	-64.35247							1973-08-27	27	8	1973	3354664	3354664	PRESERVED_SPECIMEN	Acadia University	ACAD	10503BF	10503			CC0_1_0	Acadia University	H, KA; F, S			2024-01-25T01:37:09.170Z	StillImage	GEODETIC_DATUM_INVALID;GEODETIC_DATUM_ASSUMED_WGS84;INSTITUTION_MATCH_FUZZY;COLLECTION_MATCH_FUZZY
1135068002	21705170-d2b6-42de-8904-c3bca4b83591	CMMF006632	Fungi	Basidiomycota	Agaricomycetes	Boletales	Boletaceae	Tylopilus	Tylopilus rubrobrunneus		SPECIES	Tylopilus rubrobrunneus Mazzer & A.H.Sm.	Tylopilus rubrobrunneus Mazzer & A.H. Sm.	Mazzer & A.H. Sm.	CA	Oka (Parc provincial)	Québec	PRESENT		ff7bd5db-b724-4932-b496-10ea298851f9	45.469917	-74.040417	100.0						1986-08-23	23	8	1986	3354664	3354664	PRESERVED_SPECIMEN	Université de Montréal Biodiversity Centre	CMMF	CMMF006632	1838	McNeil, Raymond		CC0_1_0	Université de Montréal Biodiversity Centre	McNeil, Raymond			2024-01-24T16:38:18.424Z	StillImage	COORDINATE_ROUNDED;INSTITUTION_MATCH_FUZZY;COLLECTION_MATCH_FUZZY;DIFFERENT_OWNER_INSTITUTION
1135067514	21705170-d2b6-42de-8904-c3bca4b83591	CMMF006081	Fungi	Basidiomycota	Agaricomycetes	Boletales	Boletaceae	Tylopilus	Tylopilus rubrobrunneus		SPECIES	Tylopilus rubrobrunneus Mazzer & A.H.Sm.	Tylopilus rubrobrunneus Mazzer & A.H. Sm.	Mazzer & A.H. Sm.	CA	Châteauguay	Québec	PRESENT		ff7bd5db-b724-4932-b496-10ea298851f9	45.349833	-73.771	100.0						2005-07-01	1	7	2005	3354664	3354664	PRESERVED_SPECIMEN	Université de Montréal Biodiversity Centre	CMMF	CMMF006081	C2181	McNeil, Raymond		CC0_1_0	Université de Montréal Biodiversity Centre	McNeil, Raymond			2024-01-24T16:38:17.938Z	StillImage	COORDINATE_ROUNDED;INSTITUTION_MATCH_FUZZY;COLLECTION_MATCH_FUZZY;DIFFERENT_OWNER_INSTITUTION
1135067386	21705170-d2b6-42de-8904-c3bca4b83591	CMMF005894	Fungi	Basidiomycota	Agaricomycetes	Boletales	Boletaceae	Tylopilus	Tylopilus rubrobrunneus		SPECIES	Tylopilus rubrobrunneus Mazzer & A.H.Sm.	Tylopilus rubrobrunneus Mazzer & A.H. Sm.	Mazzer & A.H. Sm.	CA	Châteauguay (Centre écologique Fernand-Seguin)	Québec	PRESENT		ff7bd5db-b724-4932-b496-10ea298851f9	45.33983	-73.773917	100.0						2008-07-19	19	7	2008	3354664	3354664	PRESERVED_SPECIMEN	Université de Montréal Biodiversity Centre	CMMF	CMMF005894	C3284	McNeil, Raymond		CC0_1_0	Université de Montréal Biodiversity Centre	McNeil, Raymond			2024-01-24T16:38:17.001Z	StillImage	COORDINATE_ROUNDED;INSTITUTION_MATCH_FUZZY;COLLECTION_MATCH_FUZZY;DIFFERENT_OWNER_INSTITUTION
1135067353	21705170-d2b6-42de-8904-c3bca4b83591	CMMF005895	Fungi	Basidiomycota	Agaricomycetes	Boletales	Boletaceae	Tylopilus	Tylopilus rubrobrunneus		SPECIES	Tylopilus rubrobrunneus Mazzer & A.H.Sm.	Tylopilus rubrobrunneus Mazzer & A.H. Sm.	Mazzer & A.H. Sm.	CA	Châteauguay (Centre écologique Fernand-Seguin)	Québec	PRESENT		ff7bd5db-b724-4932-b496-10ea298851f9	45.33983	-73.773917	100.0						2006-08-05	5	8	2006	3354664	3354664	PRESERVED_SPECIMEN	Université de Montréal Biodiversity Centre	CMMF	CMMF005895	Inexistant	McNeil, Raymond		CC0_1_0	Université de Montréal Biodiversity Centre	McNeil, Raymond			2024-01-24T16:38:17.023Z	StillImage	COORDINATE_ROUNDED;INSTITUTION_MATCH_FUZZY;COLLECTION_MATCH_FUZZY;DIFFERENT_OWNER_INSTITUTION
1135067322	21705170-d2b6-42de-8904-c3bca4b83591	CMMF005896	Fungi	Basidiomycota	Agaricomycetes	Boletales	Boletaceae	Tylopilus	Tylopilus rubrobrunneus		SPECIES	Tylopilus rubrobrunneus Mazzer & A.H.Sm.	Tylopilus rubrobrunneus Mazzer & A.H. Sm.	Mazzer & A.H. Sm.	CA	Châteauguay (Centre écologique Fernand-Seguin)	Québec	PRESENT		ff7bd5db-b724-4932-b496-10ea298851f9	45.33983	-73.773917	100.0						2008-07-25	25	7	2008	3354664	3354664	PRESERVED_SPECIMEN	Université de Montréal Biodiversity Centre	CMMF	CMMF005896	Inexistant	McNeil, Raymond		CC0_1_0	Université de Montréal Biodiversity Centre	McNeil, Raymond			2024-01-24T16:38:16.996Z	StillImage	COORDINATE_ROUNDED;INSTITUTION_MATCH_FUZZY;COLLECTION_MATCH_FUZZY;DIFFERENT_OWNER_INSTITUTION
1024558888	21705170-d2b6-42de-8904-c3bca4b83591	CMMF004249	Fungi	Basidiomycota	Agaricomycetes	Boletales	Boletaceae	Tylopilus	Tylopilus rubrobrunneus		SPECIES	Tylopilus rubrobrunneus Mazzer & A.H.Sm.	Tylopilus rubrobrunneus Mazzer & A.H. Sm.	Mazzer & A.H. Sm.	CA	Réserve écologique du Boisé-des-Muir, Hinchinbrooke.	Québec	PRESENT		ff7bd5db-b724-4932-b496-10ea298851f9	45.084141	-74.115122	10.0						2012-07-03	3	7	2012	3354664	3354664	PRESERVED_SPECIMEN	Université de Montréal Biodiversity Centre	CMMF	CMMF004249	257	Archambault, Raymond		CC0_1_0	Université de Montréal Biodiversity Centre	Archambault, Raymond; Langlois, Annabelle; Turgon, Jean-Pierre			2024-01-24T16:38:18.706Z	StillImage	INSTITUTION_MATCH_FUZZY;COLLECTION_MATCH_FUZZY;DIFFERENT_OWNER_INSTITUTION
