gbifID	datasetKey	occurrenceID	kingdom	phylum	class	order	family	genus	species	infraspecificEpithet	taxonRank	scientificName	verbatimScientificName	verbatimScientificNameAuthorship	countryCode	locality	stateProvince	occurrenceStatus	individualCount	publishingOrgKey	decimalLatitude	decimalLongitude	coordinateUncertaintyInMeters	coordinatePrecision	elevation	elevationAccuracy	depth	depthAccuracy	eventDate	day	month	year	taxonKey	speciesKey	basisOfRecord	institutionCode	collectionCode	catalogNumber	recordNumber	identifiedBy	dateIdentified	license	rightsHolder	recordedBy	typeStatus	establishmentMeans	lastInterpreted	mediaType	issue
617555303	21705170-d2b6-42de-8904-c3bca4b83591	CMMF000744	Fungi	Basidiomycota	Agaricomycetes	Polyporales	Polyporaceae	Lentinus	Lentinus brumalis		SPECIES	Polyporus brumalis (Pers.) Fr.	Polyporus brumalis (Pers.) Fr.	(Pers.) Fr.	CA	Rawdon	Québec	PRESENT		ff7bd5db-b724-4932-b496-10ea298851f9	46.052398	-73.748752	11000.0						1989-09-09	9	9	1989	9204046	7838425	PRESERVED_SPECIMEN	Université de Montréal Biodiversity Centre	CMMF	CMMF000744		Lamoureux, Yves		CC0_1_0	Université de Montréal Biodiversity Centre	unknown			2024-01-24T16:38:20.220Z	StillImage	INSTITUTION_MATCH_FUZZY;COLLECTION_MATCH_FUZZY;DIFFERENT_OWNER_INSTITUTION
617551270	21705170-d2b6-42de-8904-c3bca4b83591	CMMF002632	Fungi	Basidiomycota	Agaricomycetes	Polyporales	Polyporaceae	Lentinus	Lentinus brumalis		SPECIES	Polyporus brumalis (Pers.) Fr.	Polyporus brumalis (Pers.) Fr.	(Pers.) Fr.	CA	Saint-Roch-sur-Richelieu	Québec	PRESENT		ff7bd5db-b724-4932-b496-10ea298851f9	45.891936	-73.179027	4000.0						1995-09-21	21	9	1995	9204046	7838425	PRESERVED_SPECIMEN	Université de Montréal Biodiversity Centre	CMMF	CMMF002632		Lamoureux, Yves		CC0_1_0	Université de Montréal Biodiversity Centre	Lamoureux, Yves			2024-01-24T16:38:20.315Z	StillImage	INSTITUTION_MATCH_FUZZY;COLLECTION_MATCH_FUZZY;DIFFERENT_OWNER_INSTITUTION
4987733274	50c9509d-22c7-4a22-a47d-8c48425ef4a7	https://www.inaturalist.org/observations/252683652	Fungi	Basidiomycota	Agaricomycetes	Polyporales	Polyporaceae	Lentinus	Lentinus brumalis		SPECIES	Lentinus brumalis (Pers.) Zmitr.	Lentinus brumalis		CA		Québec	PRESENT		28eb1a3f-1c15-4a95-931a-4af90ecb574d	45.037455	-74.071997	1953.0						2024-09-17T14:55	17	9	2024	7838425	7838425	HUMAN_OBSERVATION	iNaturalist	Observations	252683652		Annabelle Langlois	2024-11-23T05:42:49	CC_BY_NC_4_0	Annabelle Langlois	Annabelle Langlois			2025-01-14T12:59:12.526Z	StillImage	COORDINATE_ROUNDED;CONTINENT_DERIVED_FROM_COORDINATES;TAXON_MATCH_TAXON_ID_IGNORED
4980505126	50c9509d-22c7-4a22-a47d-8c48425ef4a7	https://www.inaturalist.org/observations/251227817	Fungi	Basidiomycota	Agaricomycetes	Polyporales	Polyporaceae	Lentinus	Lentinus brumalis		SPECIES	Lentinus brumalis (Pers.) Zmitr.	Lentinus brumalis		CA		New Brunswick	PRESENT		28eb1a3f-1c15-4a95-931a-4af90ecb574d	46.011476	-66.627385	230.0						2024-11-10T14:40:29	10	11	2024	7838425	7838425	HUMAN_OBSERVATION	iNaturalist	Observations	251227817		flightmom	2024-11-10T21:34:35	CC_BY_NC_4_0	flightmom	flightmom			2025-01-14T12:55:44.984Z	StillImage	COORDINATE_ROUNDED;CONTINENT_DERIVED_FROM_COORDINATES;TAXON_MATCH_TAXON_ID_IGNORED
4976580516	50c9509d-22c7-4a22-a47d-8c48425ef4a7	https://www.inaturalist.org/observations/249204144	Fungi	Basidiomycota	Agaricomycetes	Polyporales	Polyporaceae	Lentinus	Lentinus brumalis		SPECIES	Lentinus brumalis (Pers.) Zmitr.	Lentinus brumalis		CA		Québec	PRESENT		28eb1a3f-1c15-4a95-931a-4af90ecb574d	46.228115	-74.190177	5.0						2024-10-25T12:50	25	10	2024	7838425	7838425	HUMAN_OBSERVATION	iNaturalist	Observations	249204144		Étienne Lacroix-Carignan	2024-10-26T18:44:55	CC0_1_0	Étienne Lacroix-Carignan	Étienne Lacroix-Carignan			2025-01-14T12:54:38.312Z	StillImage	COORDINATE_ROUNDED;CONTINENT_DERIVED_FROM_COORDINATES;TAXON_MATCH_TAXON_ID_IGNORED
4976544217	50c9509d-22c7-4a22-a47d-8c48425ef4a7	https://www.inaturalist.org/observations/139932021	Fungi	Basidiomycota	Agaricomycetes	Polyporales	Polyporaceae	Lentinus	Lentinus brumalis		SPECIES	Lentinus brumalis (Pers.) Zmitr.	Lentinus brumalis		CA		New Brunswick	PRESENT		28eb1a3f-1c15-4a95-931a-4af90ecb574d	47.732405	-65.884706	30.0						2022-10-24T15:29:23	24	10	2022	7838425	7838425	HUMAN_OBSERVATION	iNaturalist	Observations	139932021		roachiecanada	2022-10-25T02:55:28	CC_BY_NC_4_0	roachiecanada	roachiecanada			2025-01-14T12:32:58.806Z	StillImage	COORDINATE_ROUNDED;CONTINENT_DERIVED_FROM_COORDINATES;TAXON_MATCH_TAXON_ID_IGNORED
4976511682	50c9509d-22c7-4a22-a47d-8c48425ef4a7	https://www.inaturalist.org/observations/248948520	Fungi	Basidiomycota	Agaricomycetes	Polyporales	Polyporaceae	Lentinus	Lentinus brumalis		SPECIES	Lentinus brumalis (Pers.) Zmitr.	Lentinus brumalis		CA		Québec	PRESENT		28eb1a3f-1c15-4a95-931a-4af90ecb574d	45.872811	-76.4339	501.0						2024-10-21T10:34	21	10	2024	7838425	7838425	HUMAN_OBSERVATION	iNaturalist	Observations	248948520		L Joan Heyding	2024-10-24T23:03:13	CC_BY_NC_4_0	L Joan Heyding	L Joan Heyding			2025-01-14T12:52:14.652Z	StillImage	COORDINATE_ROUNDED;CONTINENT_DERIVED_FROM_COORDINATES;TAXON_MATCH_TAXON_ID_IGNORED
4974047674	50c9509d-22c7-4a22-a47d-8c48425ef4a7	https://www.inaturalist.org/observations/244799453	Fungi	Basidiomycota	Agaricomycetes	Polyporales	Polyporaceae	Lentinus	Lentinus brumalis		SPECIES	Lentinus brumalis (Pers.) Zmitr.	Lentinus brumalis		CA		Ontario	PRESENT		28eb1a3f-1c15-4a95-931a-4af90ecb574d	45.266864	-79.177632	27190.0						2024-09-29T18:42	29	9	2024	7838425	7838425	HUMAN_OBSERVATION	iNaturalist	Observations	244799453		Lee Cumming	2024-09-29T22:42:15	CC_BY_NC_4_0	Lee Cumming	Lee Cumming			2025-01-14T13:44:24.919Z	StillImage	COORDINATE_ROUNDED;CONTINENT_DERIVED_FROM_COORDINATES;TAXON_MATCH_TAXON_ID_IGNORED
4952866791	50c9509d-22c7-4a22-a47d-8c48425ef4a7	https://www.inaturalist.org/observations/244695843	Fungi	Basidiomycota	Agaricomycetes	Polyporales	Polyporaceae	Lentinus	Lentinus brumalis		SPECIES	Lentinus brumalis (Pers.) Zmitr.	Lentinus brumalis		CA		New Brunswick	PRESENT		28eb1a3f-1c15-4a95-931a-4af90ecb574d	45.958226	-66.670226	7.0						2024-09-29T10:55:21	29	9	2024	7838425	7838425	HUMAN_OBSERVATION	iNaturalist	Observations	244695843		thuilia	2024-09-29T14:02:05	CC_BY_NC_4_0	thuilia	thuilia			2025-01-14T13:43:35.346Z	StillImage	COORDINATE_ROUNDED;CONTINENT_DERIVED_FROM_COORDINATES;TAXON_MATCH_TAXON_ID_IGNORED
4950395013	50c9509d-22c7-4a22-a47d-8c48425ef4a7	https://www.inaturalist.org/observations/243185297	Fungi	Basidiomycota	Agaricomycetes	Polyporales	Polyporaceae	Lentinus	Lentinus brumalis		SPECIES	Lentinus brumalis (Pers.) Zmitr.	Lentinus brumalis		CA		Québec	PRESENT		28eb1a3f-1c15-4a95-931a-4af90ecb574d	46.30357	-73.097947	8.0						2024-09-21T11:27:24	21	9	2024	7838425	7838425	HUMAN_OBSERVATION	iNaturalist	Observations	243185297		timfoster	2024-09-21T21:10:06	CC_BY_NC_4_0	timfoster	timfoster			2025-01-14T13:37:41.718Z	StillImage	COORDINATE_ROUNDED;CONTINENT_DERIVED_FROM_COORDINATES;TAXON_MATCH_TAXON_ID_IGNORED
4950262622	50c9509d-22c7-4a22-a47d-8c48425ef4a7	https://www.inaturalist.org/observations/243843826	Fungi	Basidiomycota	Agaricomycetes	Polyporales	Polyporaceae	Lentinus	Lentinus brumalis		SPECIES	Lentinus brumalis (Pers.) Zmitr.	Lentinus brumalis		CA		Ontario	PRESENT		28eb1a3f-1c15-4a95-931a-4af90ecb574d	45.409672	-75.546746	8.0						2024-09-24T11:58:44	24	9	2024	7838425	7838425	HUMAN_OBSERVATION	iNaturalist	Observations	243843826		Igor Khomenko	2024-09-24T19:09:52	CC_BY_NC_4_0	Igor Khomenko	Igor Khomenko			2025-01-14T12:58:17.895Z	StillImage	COORDINATE_ROUNDED;CONTINENT_DERIVED_FROM_COORDINATES;TAXON_MATCH_TAXON_ID_IGNORED
4950120617	50c9509d-22c7-4a22-a47d-8c48425ef4a7	https://www.inaturalist.org/observations/242568938	Fungi	Basidiomycota	Agaricomycetes	Polyporales	Polyporaceae	Lentinus	Lentinus brumalis		SPECIES	Lentinus brumalis (Pers.) Zmitr.	Lentinus brumalis		CA		Québec	PRESENT		28eb1a3f-1c15-4a95-931a-4af90ecb574d	45.872811	-76.4339	501.0						2024-09-13T17:29	13	9	2024	7838425	7838425	HUMAN_OBSERVATION	iNaturalist	Observations	242568938		L Joan Heyding	2024-09-18T21:45:14	CC_BY_NC_4_0	L Joan Heyding	L Joan Heyding			2025-01-14T13:43:08.846Z	StillImage	COORDINATE_ROUNDED;CONTINENT_DERIVED_FROM_COORDINATES;TAXON_MATCH_TAXON_ID_IGNORED
4950093648	50c9509d-22c7-4a22-a47d-8c48425ef4a7	https://www.inaturalist.org/observations/243505029	Fungi	Basidiomycota	Agaricomycetes	Polyporales	Polyporaceae	Lentinus	Lentinus brumalis		SPECIES	Lentinus brumalis (Pers.) Zmitr.	Lentinus brumalis		CA		Québec	PRESENT		28eb1a3f-1c15-4a95-931a-4af90ecb574d	45.794118	-71.489806							2024-09-22T10:34:17	22	9	2024	7838425	7838425	HUMAN_OBSERVATION	iNaturalist	Observations	243505029		egrenier	2024-09-23T02:38:13	CC_BY_NC_4_0	egrenier	egrenier			2025-01-14T13:43:06.065Z	StillImage	COORDINATE_ROUNDED;CONTINENT_DERIVED_FROM_COORDINATES;TAXON_MATCH_TAXON_ID_IGNORED
4950020333	50c9509d-22c7-4a22-a47d-8c48425ef4a7	https://www.inaturalist.org/observations/242609203	Fungi	Basidiomycota	Agaricomycetes	Polyporales	Polyporaceae	Lentinus	Lentinus brumalis		SPECIES	Lentinus brumalis (Pers.) Zmitr.	Lentinus brumalis		CA		Québec	PRESENT		28eb1a3f-1c15-4a95-931a-4af90ecb574d	45.872811	-76.4339	501.0						2024-09-18T09:34	18	9	2024	7838425	7838425	HUMAN_OBSERVATION	iNaturalist	Observations	242609203		L Joan Heyding	2024-09-19T02:55:05	CC_BY_NC_4_0	L Joan Heyding	L Joan Heyding			2025-01-14T12:51:37.095Z	StillImage	COORDINATE_ROUNDED;CONTINENT_DERIVED_FROM_COORDINATES;TAXON_MATCH_TAXON_ID_IGNORED
4872564115	50c9509d-22c7-4a22-a47d-8c48425ef4a7	https://www.inaturalist.org/observations/38901711	Fungi	Basidiomycota	Agaricomycetes	Polyporales	Polyporaceae	Lentinus	Lentinus brumalis		SPECIES	Lentinus brumalis (Pers.) Zmitr.	Lentinus brumalis		CA		Québec	PRESENT		28eb1a3f-1c15-4a95-931a-4af90ecb574d	47.12095	-71.409135	1476.0						2017-10-13	13	10	2017	7838425	7838425	HUMAN_OBSERVATION	iNaturalist	Observations	38901711		Ariel Bonkoski	2024-05-24T02:22:16	CC_BY_NC_4_0	Christian Grenier	Christian Grenier			2025-01-14T12:10:52.746Z	StillImage	CONTINENT_DERIVED_FROM_COORDINATES;TAXON_MATCH_TAXON_ID_IGNORED
4607230817	50c9509d-22c7-4a22-a47d-8c48425ef4a7	https://www.inaturalist.org/observations/204803889	Fungi	Basidiomycota	Agaricomycetes	Polyporales	Polyporaceae	Lentinus	Lentinus brumalis		SPECIES	Lentinus brumalis (Pers.) Zmitr.	Lentinus brumalis		CA		Prince Edward Island	PRESENT		28eb1a3f-1c15-4a95-931a-4af90ecb574d	46.428552	-64.041859	5.0						2024-03-31T15:29:11	31	3	2024	7838425	7838425	HUMAN_OBSERVATION	iNaturalist	Observations	204803889		zova	2024-03-31T20:36:11	CC_BY_NC_4_0	zova	zova			2025-01-14T13:38:41.007Z	StillImage	COORDINATE_ROUNDED;CONTINENT_DERIVED_FROM_COORDINATES;TAXON_MATCH_TAXON_ID_IGNORED
4606606040	50c9509d-22c7-4a22-a47d-8c48425ef4a7	https://www.inaturalist.org/observations/204256639	Fungi	Basidiomycota	Agaricomycetes	Polyporales	Polyporaceae	Lentinus	Lentinus brumalis		SPECIES	Lentinus brumalis (Pers.) Zmitr.	Lentinus brumalis		CA		Québec	PRESENT		28eb1a3f-1c15-4a95-931a-4af90ecb574d	46.910249	-71.217451	15.0						2023-07-05	5	7	2023	7838425	7838425	HUMAN_OBSERVATION	iNaturalist	Observations	204256639		Christian Grenier	2024-03-28T12:17:06	CC_BY_NC_4_0	Christian Grenier	Christian Grenier			2025-01-14T13:38:40.999Z	StillImage	COORDINATE_ROUNDED;CONTINENT_DERIVED_FROM_COORDINATES;TAXON_MATCH_TAXON_ID_IGNORED
4599738330	50c9509d-22c7-4a22-a47d-8c48425ef4a7	https://www.inaturalist.org/observations/192558223	Fungi	Basidiomycota	Agaricomycetes	Polyporales	Polyporaceae	Lentinus	Lentinus brumalis		SPECIES	Lentinus brumalis (Pers.) Zmitr.	Lentinus brumalis		CA		Québec	PRESENT		28eb1a3f-1c15-4a95-931a-4af90ecb574d	46.914065	-71.232764	31.0						2023-10-18	18	10	2023	7838425	7838425	HUMAN_OBSERVATION	iNaturalist	Observations	192558223		Christian Grenier	2023-11-29T16:13:47	CC_BY_NC_4_0	Christian Grenier	Christian Grenier			2025-01-14T12:43:09.819Z	StillImage	COORDINATE_ROUNDED;CONTINENT_DERIVED_FROM_COORDINATES;TAXON_MATCH_TAXON_ID_IGNORED
4597363370	50c9509d-22c7-4a22-a47d-8c48425ef4a7	https://www.inaturalist.org/observations/201575750	Fungi	Basidiomycota	Agaricomycetes	Polyporales	Polyporaceae	Lentinus	Lentinus brumalis		SPECIES	Lentinus brumalis (Pers.) Zmitr.	Lentinus brumalis		CA		Québec	PRESENT		28eb1a3f-1c15-4a95-931a-4af90ecb574d	46.317608	-74.497078	6.0						2024-03-06T13:57	6	3	2024	7838425	7838425	HUMAN_OBSERVATION	iNaturalist	Observations	201575750		michelcournoyer	2024-03-07T14:41:36	CC_BY_NC_4_0	michelcournoyer	michelcournoyer			2025-01-14T12:44:12.426Z	StillImage	COORDINATE_ROUNDED;CONTINENT_DERIVED_FROM_COORDINATES;TAXON_MATCH_TAXON_ID_IGNORED
4597299542	50c9509d-22c7-4a22-a47d-8c48425ef4a7	https://www.inaturalist.org/observations/193031326	Fungi	Basidiomycota	Agaricomycetes	Polyporales	Polyporaceae	Lentinus	Lentinus brumalis		SPECIES	Lentinus brumalis (Pers.) Zmitr.	Lentinus brumalis		CA		Québec	PRESENT		28eb1a3f-1c15-4a95-931a-4af90ecb574d	45.56265	-75.435823	8.0						2023-10-08	8	10	2023	7838425	7838425	HUMAN_OBSERVATION	iNaturalist	Observations	193031326		Christian Grenier	2023-12-04T13:14:55	CC_BY_NC_4_0	Christian Grenier	Christian Grenier			2025-01-14T12:43:06.732Z	StillImage	COORDINATE_ROUNDED;CONTINENT_DERIVED_FROM_COORDINATES;TAXON_MATCH_TAXON_ID_IGNORED
4596904084	50c9509d-22c7-4a22-a47d-8c48425ef4a7	https://www.inaturalist.org/observations/201815603	Fungi	Basidiomycota	Agaricomycetes	Polyporales	Polyporaceae	Lentinus	Lentinus brumalis		SPECIES	Lentinus brumalis (Pers.) Zmitr.	Lentinus brumalis		CA		Québec	PRESENT		28eb1a3f-1c15-4a95-931a-4af90ecb574d	45.607094	-75.114274	1602.0						2024-03-08T17:42:43	8	3	2024	7838425	7838425	HUMAN_OBSERVATION	iNaturalist	Observations	201815603		Myca	2024-03-09T18:23:45	CC_BY_NC_4_0	Myca	Myca			2025-01-14T13:37:41.184Z	StillImage	COORDINATE_ROUNDED;CONTINENT_DERIVED_FROM_COORDINATES;TAXON_MATCH_TAXON_ID_IGNORED
4535763616	50c9509d-22c7-4a22-a47d-8c48425ef4a7	https://www.inaturalist.org/observations/201115075	Fungi	Basidiomycota	Agaricomycetes	Polyporales	Polyporaceae	Lentinus	Lentinus brumalis		SPECIES	Lentinus brumalis (Pers.) Zmitr.	Lentinus brumalis		CA		New Brunswick	PRESENT		28eb1a3f-1c15-4a95-931a-4af90ecb574d	45.904755	-64.369987	9.0						2024-03-02T12:52:08	2	3	2024	7838425	7838425	HUMAN_OBSERVATION	iNaturalist	Observations	201115075		Laura O'Connor	2024-03-03T12:20:08	CC_BY_NC_4_0	Laura O'Connor	Laura O'Connor			2025-01-14T12:43:25.811Z	StillImage	COORDINATE_ROUNDED;CONTINENT_DERIVED_FROM_COORDINATES;TAXON_MATCH_TAXON_ID_IGNORED
4512236333	50c9509d-22c7-4a22-a47d-8c48425ef4a7	https://www.inaturalist.org/observations/195076314	Fungi	Basidiomycota	Agaricomycetes	Polyporales	Polyporaceae	Lentinus	Lentinus brumalis		SPECIES	Lentinus brumalis (Pers.) Zmitr.	Lentinus brumalis		CA		Québec	PRESENT		28eb1a3f-1c15-4a95-931a-4af90ecb574d	46.959157	-71.404243	15.0						2023-09-23	23	9	2023	7838425	7838425	HUMAN_OBSERVATION	iNaturalist	Observations	195076314		Christian Grenier	2023-12-28T15:21:58	CC_BY_NC_4_0	Christian Grenier	Christian Grenier			2025-01-14T13:29:06.113Z	StillImage	COORDINATE_ROUNDED;CONTINENT_DERIVED_FROM_COORDINATES;TAXON_MATCH_TAXON_ID_IGNORED
4512220375	50c9509d-22c7-4a22-a47d-8c48425ef4a7	https://www.inaturalist.org/observations/195115696	Fungi	Basidiomycota	Agaricomycetes	Polyporales	Polyporaceae	Lentinus	Lentinus brumalis		SPECIES	Lentinus brumalis (Pers.) Zmitr.	Lentinus brumalis		CA		Québec	PRESENT		28eb1a3f-1c15-4a95-931a-4af90ecb574d	46.173892	-74.350286	17.0						2023-12-28T14:30	28	12	2023	7838425	7838425	HUMAN_OBSERVATION	iNaturalist	Observations	195115696		michelcournoyer	2023-12-28T22:56:29	CC_BY_NC_4_0	michelcournoyer	michelcournoyer			2025-01-14T12:43:46.563Z	StillImage	COORDINATE_ROUNDED;CONTINENT_DERIVED_FROM_COORDINATES;TAXON_MATCH_TAXON_ID_IGNORED
4512181648	50c9509d-22c7-4a22-a47d-8c48425ef4a7	https://www.inaturalist.org/observations/195319311	Fungi	Basidiomycota	Agaricomycetes	Polyporales	Polyporaceae	Lentinus	Lentinus brumalis		SPECIES	Lentinus brumalis (Pers.) Zmitr.	Lentinus brumalis		CA		Québec	PRESENT		28eb1a3f-1c15-4a95-931a-4af90ecb574d	46.777471	-71.272953	35.0						2023-12-23T12:52:10	23	12	2023	7838425	7838425	HUMAN_OBSERVATION	iNaturalist	Observations	195319311		Camille Boucher	2023-12-31T00:20:07	CC_BY_NC_4_0	Camille Boucher	Camille Boucher			2025-01-14T13:34:55.885Z	StillImage	COORDINATE_ROUNDED;CONTINENT_DERIVED_FROM_COORDINATES;TAXON_MATCH_TAXON_ID_IGNORED
4507694373	50c9509d-22c7-4a22-a47d-8c48425ef4a7	https://www.inaturalist.org/observations/195200384	Fungi	Basidiomycota	Agaricomycetes	Polyporales	Polyporaceae	Lentinus	Lentinus brumalis		SPECIES	Lentinus brumalis (Pers.) Zmitr.	Lentinus brumalis		CA		Ontario	PRESENT		28eb1a3f-1c15-4a95-931a-4af90ecb574d	45.448322	-75.687804	4.0						2023-12-28T16:32	28	12	2023	7838425	7838425	HUMAN_OBSERVATION	iNaturalist	Observations	195200384		christine123	2023-12-29T20:42:35	CC_BY_4_0	christine123	christine123			2025-01-14T13:29:07.491Z	StillImage	COORDINATE_ROUNDED;CONTINENT_DERIVED_FROM_COORDINATES;TAXON_MATCH_TAXON_ID_IGNORED
4507672480	50c9509d-22c7-4a22-a47d-8c48425ef4a7	https://www.inaturalist.org/observations/194944528	Fungi	Basidiomycota	Agaricomycetes	Polyporales	Polyporaceae	Lentinus	Lentinus brumalis		SPECIES	Lentinus brumalis (Pers.) Zmitr.	Lentinus brumalis		CA		Ontario	PRESENT		28eb1a3f-1c15-4a95-931a-4af90ecb574d	45.324347	-75.812219	193.0						2023-12-26T15:20	26	12	2023	7838425	7838425	HUMAN_OBSERVATION	iNaturalist	Observations	194944528		L Joan Heyding	2023-12-27T02:18:57	CC_BY_NC_4_0	L Joan Heyding	L Joan Heyding			2025-01-14T12:42:49.981Z	StillImage	COORDINATE_ROUNDED;CONTINENT_DERIVED_FROM_COORDINATES;TAXON_MATCH_TAXON_ID_IGNORED
4453890004	50c9509d-22c7-4a22-a47d-8c48425ef4a7	https://www.inaturalist.org/observations/186609070	Fungi	Basidiomycota	Agaricomycetes	Polyporales	Polyporaceae	Lentinus	Lentinus brumalis		SPECIES	Lentinus brumalis (Pers.) Zmitr.	Lentinus brumalis		CA		Québec	PRESENT		28eb1a3f-1c15-4a95-931a-4af90ecb574d	45.477653	-71.20715							2023-09-23T12:25	23	9	2023	7838425	7838425	HUMAN_OBSERVATION	iNaturalist	Observations	186609070		gabboilard	2023-10-07T22:13:42	CC_BY_NC_4_0	gabboilard	gabboilard			2025-01-14T13:29:57.151Z	StillImage	COORDINATE_ROUNDED;CONTINENT_DERIVED_FROM_COORDINATES;TAXON_MATCH_TAXON_ID_IGNORED
4442715465	50c9509d-22c7-4a22-a47d-8c48425ef4a7	https://www.inaturalist.org/observations/191234718	Fungi	Basidiomycota	Agaricomycetes	Polyporales	Polyporaceae	Lentinus	Lentinus brumalis		SPECIES	Lentinus brumalis (Pers.) Zmitr.	Lentinus brumalis		CA		Québec	PRESENT		28eb1a3f-1c15-4a95-931a-4af90ecb574d	45.537202	-75.899895	183.0						2023-11-16T13:30	16	11	2023	7838425	7838425	HUMAN_OBSERVATION	iNaturalist	Observations	191234718		L Joan Heyding	2023-11-17T02:34:47	CC_BY_NC_4_0	L Joan Heyding	L Joan Heyding			2025-01-14T12:42:52.523Z	StillImage	COORDINATE_ROUNDED;CONTINENT_DERIVED_FROM_COORDINATES;TAXON_MATCH_TAXON_ID_IGNORED
4442711613	50c9509d-22c7-4a22-a47d-8c48425ef4a7	https://www.inaturalist.org/observations/191696299	Fungi	Basidiomycota	Agaricomycetes	Polyporales	Polyporaceae	Lentinus	Lentinus brumalis		SPECIES	Lentinus brumalis (Pers.) Zmitr.	Lentinus brumalis		CA		Ontario	PRESENT		28eb1a3f-1c15-4a95-931a-4af90ecb574d	45.32486	-75.80972	187.0						2023-11-20T12:03	20	11	2023	7838425	7838425	HUMAN_OBSERVATION	iNaturalist	Observations	191696299		L Joan Heyding	2023-11-21T19:33:56	CC_BY_NC_4_0	L Joan Heyding	L Joan Heyding			2025-01-14T12:45:19.408Z	StillImage	COORDINATE_ROUNDED;CONTINENT_DERIVED_FROM_COORDINATES;TAXON_MATCH_TAXON_ID_IGNORED
4438978417	50c9509d-22c7-4a22-a47d-8c48425ef4a7	https://www.inaturalist.org/observations/190096628	Fungi	Basidiomycota	Agaricomycetes	Polyporales	Polyporaceae	Lentinus	Lentinus brumalis		SPECIES	Lentinus brumalis (Pers.) Zmitr.	Lentinus brumalis		CA		New Brunswick	PRESENT		28eb1a3f-1c15-4a95-931a-4af90ecb574d	47.617089	-65.638132	5.0						2023-11-05T13:19:50	5	11	2023	7838425	7838425	HUMAN_OBSERVATION	iNaturalist	Observations	190096628		roachiecanada	2023-11-05T18:07:44	CC_BY_NC_4_0	roachiecanada	roachiecanada			2025-01-14T12:42:01.366Z	StillImage	COORDINATE_ROUNDED;CONTINENT_DERIVED_FROM_COORDINATES;TAXON_MATCH_TAXON_ID_IGNORED
4436211772	50c9509d-22c7-4a22-a47d-8c48425ef4a7	https://www.inaturalist.org/observations/189491678	Fungi	Basidiomycota	Agaricomycetes	Polyporales	Polyporaceae	Lentinus	Lentinus brumalis		SPECIES	Lentinus brumalis (Pers.) Zmitr.	Lentinus brumalis		CA		Québec	PRESENT		28eb1a3f-1c15-4a95-931a-4af90ecb574d	45.872811	-76.4339	501.0						2023-10-28T13:08	28	10	2023	7838425	7838425	HUMAN_OBSERVATION	iNaturalist	Observations	189491678		L Joan Heyding	2023-10-30T18:18:45	CC_BY_NC_4_0	L Joan Heyding	L Joan Heyding			2025-01-14T12:42:47.567Z	StillImage	COORDINATE_ROUNDED;CONTINENT_DERIVED_FROM_COORDINATES;TAXON_MATCH_TAXON_ID_IGNORED
4431037676	50c9509d-22c7-4a22-a47d-8c48425ef4a7	https://www.inaturalist.org/observations/187397853	Fungi	Basidiomycota	Agaricomycetes	Polyporales	Polyporaceae	Lentinus	Lentinus brumalis		SPECIES	Lentinus brumalis (Pers.) Zmitr.	Lentinus brumalis		CA		Québec	PRESENT		28eb1a3f-1c15-4a95-931a-4af90ecb574d	45.651947	-74.940872	2410.0						2023-10-13T13:16:51	13	10	2023	7838425	7838425	HUMAN_OBSERVATION	iNaturalist	Observations	187397853		Myca	2023-10-13T19:02:47	CC_BY_NC_4_0	Myca	Myca			2025-01-14T12:46:01.800Z	StillImage	COORDINATE_ROUNDED;CONTINENT_DERIVED_FROM_COORDINATES;TAXON_MATCH_TAXON_ID_IGNORED
4430693948	50c9509d-22c7-4a22-a47d-8c48425ef4a7	https://www.inaturalist.org/observations/188195158	Fungi	Basidiomycota	Agaricomycetes	Polyporales	Polyporaceae	Lentinus	Lentinus brumalis		SPECIES	Lentinus brumalis (Pers.) Zmitr.	Lentinus brumalis		CA		Québec	PRESENT		28eb1a3f-1c15-4a95-931a-4af90ecb574d	45.474771	-72.192583	151.0						2023-10-07T14:22	7	10	2023	7838425	7838425	HUMAN_OBSERVATION	iNaturalist	Observations	188195158		michelcournoyer	2023-10-19T22:15:42	CC_BY_NC_4_0	michelcournoyer	michelcournoyer			2025-01-14T12:42:47.839Z	StillImage	COORDINATE_ROUNDED;CONTINENT_DERIVED_FROM_COORDINATES;TAXON_MATCH_TAXON_ID_IGNORED
4424473383	50c9509d-22c7-4a22-a47d-8c48425ef4a7	https://www.inaturalist.org/observations/186644920	Fungi	Basidiomycota	Agaricomycetes	Polyporales	Polyporaceae	Lentinus	Lentinus brumalis		SPECIES	Lentinus brumalis (Pers.) Zmitr.	Lentinus brumalis		CA		Québec	PRESENT		28eb1a3f-1c15-4a95-931a-4af90ecb574d	47.115503	-71.364506							2023-10-07T16:52:44	7	10	2023	7838425	7838425	HUMAN_OBSERVATION	iNaturalist	Observations	186644920		Nella	2023-10-08T03:24:02	CC_BY_NC_4_0	Nella	Nella			2025-01-14T13:34:20.394Z	StillImage	COORDINATE_ROUNDED;CONTINENT_DERIVED_FROM_COORDINATES;TAXON_MATCH_TAXON_ID_IGNORED
4421287681	50c9509d-22c7-4a22-a47d-8c48425ef4a7	https://www.inaturalist.org/observations/185965404	Fungi	Basidiomycota	Agaricomycetes	Polyporales	Polyporaceae	Lentinus	Lentinus brumalis		SPECIES	Lentinus brumalis (Pers.) Zmitr.	Lentinus brumalis		CA		Québec	PRESENT		28eb1a3f-1c15-4a95-931a-4af90ecb574d	45.872811	-76.4339	501.0						2023-10-01T11:13	1	10	2023	7838425	7838425	HUMAN_OBSERVATION	iNaturalist	Observations	185965404		L Joan Heyding	2023-10-02T22:09:30	CC_BY_NC_4_0	L Joan Heyding	L Joan Heyding			2025-01-14T12:42:57.464Z	StillImage	COORDINATE_ROUNDED;CONTINENT_DERIVED_FROM_COORDINATES;TAXON_MATCH_TAXON_ID_IGNORED
4421157169	50c9509d-22c7-4a22-a47d-8c48425ef4a7	https://www.inaturalist.org/observations/185966395	Fungi	Basidiomycota	Agaricomycetes	Polyporales	Polyporaceae	Lentinus	Lentinus brumalis		SPECIES	Lentinus brumalis (Pers.) Zmitr.	Lentinus brumalis		CA		Québec	PRESENT		28eb1a3f-1c15-4a95-931a-4af90ecb574d	45.872811	-76.4339	501.0						2023-10-01T11:19	1	10	2023	7838425	7838425	HUMAN_OBSERVATION	iNaturalist	Observations	185966395		L Joan Heyding	2023-10-04T12:21:36	CC_BY_NC_4_0	L Joan Heyding	L Joan Heyding			2025-01-14T13:33:29.818Z	StillImage	COORDINATE_ROUNDED;CONTINENT_DERIVED_FROM_COORDINATES;TAXON_MATCH_TAXON_ID_IGNORED
4417133690	50c9509d-22c7-4a22-a47d-8c48425ef4a7	https://www.inaturalist.org/observations/184788519	Fungi	Basidiomycota	Agaricomycetes	Polyporales	Polyporaceae	Lentinus	Lentinus brumalis		SPECIES	Lentinus brumalis (Pers.) Zmitr.	Lentinus brumalis		CA		Québec	PRESENT		28eb1a3f-1c15-4a95-931a-4af90ecb574d	47.868428	-70.609812	19.0						2023-09-21T14:01:05	21	9	2023	7838425	7838425	HUMAN_OBSERVATION	iNaturalist	Observations	184788519		Christian Langlois	2023-09-25T00:07:20	CC_BY_4_0	Christian Langlois	Christian Langlois			2025-01-14T13:28:01.238Z	StillImage	COORDINATE_ROUNDED;CONTINENT_DERIVED_FROM_COORDINATES;TAXON_MATCH_TAXON_ID_IGNORED
4416896071	50c9509d-22c7-4a22-a47d-8c48425ef4a7	https://www.inaturalist.org/observations/184117788	Fungi	Basidiomycota	Agaricomycetes	Polyporales	Polyporaceae	Lentinus	Lentinus brumalis		SPECIES	Lentinus brumalis (Pers.) Zmitr.	Lentinus brumalis		CA		Québec	PRESENT		28eb1a3f-1c15-4a95-931a-4af90ecb574d	45.898289	-74.252327	100.0						2023-09-19T15:27:36	19	9	2023	7838425	7838425	HUMAN_OBSERVATION	iNaturalist	Observations	184117788		sarah macdonald	2023-09-20T14:07:22	CC_BY_4_0	sarah macdonald	sarah macdonald			2025-01-14T13:32:31.107Z	StillImage	COORDINATE_ROUNDED;CONTINENT_DERIVED_FROM_COORDINATES;TAXON_MATCH_TAXON_ID_IGNORED
4177135582	50c9509d-22c7-4a22-a47d-8c48425ef4a7	https://www.inaturalist.org/observations/138901934	Fungi	Basidiomycota	Agaricomycetes	Polyporales	Polyporaceae	Lentinus	Lentinus brumalis		SPECIES	Lentinus brumalis (Pers.) Zmitr.	Lentinus brumalis		CA		Ontario	PRESENT		28eb1a3f-1c15-4a95-931a-4af90ecb574d	45.390722	-75.151841	22.0						2022-10-15T17:32:04	15	10	2022	7838425	7838425	HUMAN_OBSERVATION	iNaturalist	Observations	138901934		Lynn Ovenden	2022-10-15T22:28:38	CC_BY_NC_4_0	Lynn Ovenden	Lynn Ovenden			2025-01-14T13:25:58.338Z	StillImage	COORDINATE_ROUNDED;CONTINENT_DERIVED_FROM_COORDINATES;TAXON_MATCH_TAXON_ID_IGNORED
4166235721	695cef75-b65f-4776-b2ed-74565eebb16e	02-01000627026	Fungi	Basidiomycota	Agaricomycetes	Polyporales	Polyporaceae	Lentinus	Lentinus brumalis		SPECIES	Polyporus brumalis (Pers.) Fr.	Polyporus brumalis	(Pers.) Fr.	CA	Algonquin Prov. Park, Hardwood Hill Trail	Ontario	PRESENT		055bd978-2daa-4543-b3f0-44e0e87e86ca	45.5417	-78.675							1977-09-03	3	9	1977	9204046	7838425	PRESERVED_SPECIMEN	AAFC	DAOM	186816				CC_BY_4_0	©His Majesty the King in Right of Canada, as represented by the Minister of Agriculture and Agri-Food	G. Thorn			2025-01-12T05:11:13.976Z		GEODETIC_DATUM_ASSUMED_WGS84;CONTINENT_DERIVED_FROM_COORDINATES;TAXON_MATCH_TAXON_ID_IGNORED;INSTITUTION_MATCH_FUZZY
4138320517	50c9509d-22c7-4a22-a47d-8c48425ef4a7	https://www.inaturalist.org/observations/139513847	Fungi	Basidiomycota	Agaricomycetes	Polyporales	Polyporaceae	Lentinus	Lentinus brumalis		SPECIES	Lentinus brumalis (Pers.) Zmitr.	Lentinus brumalis		CA		Québec	PRESENT		28eb1a3f-1c15-4a95-931a-4af90ecb574d	45.374769	-71.924066							2022-10-19T10:29:11	19	10	2022	7838425	7838425	HUMAN_OBSERVATION	iNaturalist	Observations	139513847		xavierlamontagne	2022-10-21T11:40:51	CC_BY_NC_4_0	xavierlamontagne	xavierlamontagne			2025-01-14T14:07:24.618Z	StillImage	COORDINATE_ROUNDED;CONTINENT_DERIVED_FROM_COORDINATES;TAXON_MATCH_TAXON_ID_IGNORED
4129965428	50c9509d-22c7-4a22-a47d-8c48425ef4a7	https://www.inaturalist.org/observations/136496213	Fungi	Basidiomycota	Agaricomycetes	Polyporales	Polyporaceae	Lentinus	Lentinus brumalis		SPECIES	Lentinus brumalis (Pers.) Zmitr.	Lentinus brumalis		CA		New Brunswick	PRESENT		28eb1a3f-1c15-4a95-931a-4af90ecb574d	47.728406	-65.887895	26.0						2022-09-25T14:28:27	25	9	2022	7838425	7838425	HUMAN_OBSERVATION	iNaturalist	Observations	136496213		roachiecanada	2022-09-25T21:54:25	CC_BY_NC_4_0	roachiecanada	roachiecanada			2025-01-14T13:20:39.295Z	StillImage	COORDINATE_ROUNDED;CONTINENT_DERIVED_FROM_COORDINATES;TAXON_MATCH_TAXON_ID_IGNORED
4126938735	50c9509d-22c7-4a22-a47d-8c48425ef4a7	https://www.inaturalist.org/observations/163758731	Fungi	Basidiomycota	Agaricomycetes	Polyporales	Polyporaceae	Lentinus	Lentinus brumalis		SPECIES	Lentinus brumalis (Pers.) Zmitr.	Lentinus brumalis		CA		Ontario	PRESENT		28eb1a3f-1c15-4a95-931a-4af90ecb574d	45.633719	-78.361114	4.0						2023-05-15T18:37	15	5	2023	7838425	7838425	HUMAN_OBSERVATION	iNaturalist	Observations	163758731		pes_c515	2023-05-26T03:31:32	CC_BY_NC_4_0	pes_c515	pes_c515			2025-01-14T13:30:42.955Z	StillImage	COORDINATE_ROUNDED;CONTINENT_DERIVED_FROM_COORDINATES;TAXON_MATCH_TAXON_ID_IGNORED
4099871329	d1a3b128-b406-46bb-a6d1-f3591dcc8a7b	5dc38a01-ad36-4965-9b2a-76b3f80d5578	Fungi	Basidiomycota	Agaricomycetes	Polyporales	Polyporaceae	Lentinus	Lentinus brumalis		SPECIES	Polyporus brumalis (Pers.) Fr.	Polyporus brumalis	(Pers.) Fr.	CA	Fredericton Odell Woods	New Brunswick	PRESENT		e43cf4b8-849e-4fac-b075-e652d019d2cf	45.952837	-66.670614	1209.0						1946-09-28	28	9	1946	9204046	7838425	PRESERVED_SPECIMEN	BPI		BPI 204536		Hansbrough J. R.		CC0_1_0		Hansbrough J. R.			2025-01-15T04:59:22.831Z		CONTINENT_DERIVED_FROM_COORDINATES;TAXON_MATCH_TAXON_ID_IGNORED;INSTITUTION_MATCH_FUZZY
4099865360	d1a3b128-b406-46bb-a6d1-f3591dcc8a7b	521789b7-1de8-402e-a440-8f60d70ac54f	Fungi	Basidiomycota	Agaricomycetes	Polyporales	Polyporaceae	Lentinus	Lentinus brumalis		SPECIES	Polyporus brumalis (Pers.) Fr.	Polyporus brumalis	(Pers.) Fr.	CA	Meductic	New Brunswick	PRESENT		e43cf4b8-849e-4fac-b075-e652d019d2cf	46.0	-67.466667	3036.0						1946-09-29	29	9	1946	9204046	7838425	PRESERVED_SPECIMEN	BPI		BPI 204811		Hansbrough J. R.		CC0_1_0		Hansbrough J. R.			2025-01-15T04:59:22.616Z		GEODETIC_DATUM_ASSUMED_WGS84;CONTINENT_DERIVED_FROM_COORDINATES;TAXON_MATCH_TAXON_ID_IGNORED;INSTITUTION_MATCH_FUZZY
4099619120	d1a3b128-b406-46bb-a6d1-f3591dcc8a7b	ddd635e3-17a8-48ea-bc13-9d7a00d62d29	Fungi	Basidiomycota	Agaricomycetes	Polyporales	Polyporaceae	Lentinus	Lentinus brumalis		SPECIES	Polyporus brumalis (Pers.) Fr.	Polyporus brumalis	(Pers.) Fr.	CA	Iberville	Quebec	PRESENT		e43cf4b8-849e-4fac-b075-e652d019d2cf	45.25	-73.166667	301.0						1952-05-30	30	5	1952	9204046	7838425	PRESERVED_SPECIMEN	BPI		BPI 202986		Stevenson J. A.		CC0_1_0		Marie-anselme			2025-01-15T04:59:22.454Z		GEODETIC_DATUM_ASSUMED_WGS84;CONTINENT_DERIVED_FROM_COORDINATES;TAXON_MATCH_TAXON_ID_IGNORED;INSTITUTION_MATCH_FUZZY
4099388332	d1a3b128-b406-46bb-a6d1-f3591dcc8a7b	4371f3f4-bc3e-4f2d-acc0-18783f3066f0	Fungi	Basidiomycota	Agaricomycetes	Polyporales	Polyporaceae	Lentinus	Lentinus brumalis		SPECIES	Polyporus brumalis (Pers.) Fr.	Polyporus brumalis	(Pers.) Fr.	CA	Fredericton	New Brunswick	PRESENT		e43cf4b8-849e-4fac-b075-e652d019d2cf	45.95	-66.633333	11997.0						1946-09-28	28	9	1946	9204046	7838425	PRESERVED_SPECIMEN	BPI		BPI 204664		Hansbrough J. R.		CC0_1_0		Hansbrough J. R.			2025-01-15T04:59:22.502Z		GEODETIC_DATUM_ASSUMED_WGS84;CONTINENT_DERIVED_FROM_COORDINATES;TAXON_MATCH_TAXON_ID_IGNORED;INSTITUTION_MATCH_FUZZY
4099381332	d1a3b128-b406-46bb-a6d1-f3591dcc8a7b	9b90fb63-788b-4d91-ab8a-90db4b716c7a	Fungi	Basidiomycota	Agaricomycetes	Polyporales	Polyporaceae	Lentinus	Lentinus brumalis		SPECIES	Polyporus brumalis (Pers.) Fr.	Polyporus brumalis	(Pers.) Fr.	CA	Burnet	Quebec	PRESENT		e43cf4b8-849e-4fac-b075-e652d019d2cf	45.568108	-75.849677	301.0						1935-10-01	1	10	1935	9204046	7838425	PRESERVED_SPECIMEN	BPI		BPI 204494				CC0_1_0		Timonin M.			2025-01-15T04:59:22.435Z		GEODETIC_DATUM_ASSUMED_WGS84;CONTINENT_DERIVED_FROM_COORDINATES;TAXON_MATCH_TAXON_ID_IGNORED;INSTITUTION_MATCH_FUZZY
4023440144	0f83123f-0c04-4556-8f4d-5a4e2a9bac66	http://id.luomus.fi/MY.8256296	Fungi	Basidiomycota	Agaricomycetes	Polyporales	Polyporaceae	Lentinus	Lentinus brumalis		SPECIES	Polyporus brumalis (Pers.) Fr.	Polyporus brumalis (Pers. : Fr.) Fr.		CA	Near Kingsmere	Quebec	PRESENT		04fd2e13-6881-4e5c-9dd1-8fdd9ab993c1	45.58	-76.0							1941-09-10T00:00Z	10	9	1941	9204046	7838425	PRESERVED_SPECIMEN	H		http://id.luomus.fi/HA.H7059432				CC_BY_4_0		Nobles, M. K.			2025-01-12T05:29:53.234Z		CONTINENT_DERIVED_FROM_COORDINATES;TAXON_MATCH_TAXON_ID_IGNORED;COLLECTION_MATCH_NONE;INSTITUTION_MATCH_FUZZY
4023423149	0f83123f-0c04-4556-8f4d-5a4e2a9bac66	http://id.luomus.fi/MY.5348733	Fungi	Basidiomycota	Agaricomycetes	Polyporales	Polyporaceae	Lentinus	Lentinus brumalis		SPECIES	Polyporus brumalis (Pers.) Fr.	Polyporus brumalis (Pers. : Fr.) Fr.		CA		Quebec	PRESENT		04fd2e13-6881-4e5c-9dd1-8fdd9ab993c1	45.5	-75.78							1935-11-01T00:00Z	1	11	1935	9204046	7838425	PRESERVED_SPECIMEN	H		http://id.luomus.fi/HA.H7044577				CC_BY_4_0		Mounce, Irene et al.			2025-01-12T05:29:49.081Z		CONTINENT_DERIVED_FROM_COORDINATES;TAXON_MATCH_TAXON_ID_IGNORED;COLLECTION_MATCH_NONE;INSTITUTION_MATCH_FUZZY
4023423141	0f83123f-0c04-4556-8f4d-5a4e2a9bac66	http://id.luomus.fi/MY.5348736	Fungi	Basidiomycota	Agaricomycetes	Polyporales	Polyporaceae	Lentinus	Lentinus brumalis		SPECIES	Polyporus brumalis (Pers.) Fr.	Polyporus brumalis (Pers. : Fr.) Fr.		CA	Gatineau Park | Camp Fortune	Quebec	PRESENT		04fd2e13-6881-4e5c-9dd1-8fdd9ab993c1	45.62	-76.18							1979-07-01T00:00Z/1979-10-31T00:00Z			1979	9204046	7838425	PRESERVED_SPECIMEN	H		http://id.luomus.fi/HA.H7044566	N. Rinyamini GCP 25			CC_BY_4_0		Rinyamini, N.			2025-01-12T05:29:49.078Z		CONTINENT_DERIVED_FROM_COORDINATES;TAXON_MATCH_TAXON_ID_IGNORED;COLLECTION_MATCH_NONE;INSTITUTION_MATCH_FUZZY
4011535594	50c9509d-22c7-4a22-a47d-8c48425ef4a7	https://www.inaturalist.org/observations/141419369	Fungi	Basidiomycota	Agaricomycetes	Polyporales	Polyporaceae	Lentinus	Lentinus brumalis		SPECIES	Lentinus brumalis (Pers.) Zmitr.	Lentinus brumalis		CA		Québec	PRESENT		28eb1a3f-1c15-4a95-931a-4af90ecb574d	45.906616	-76.514382	27095.0						2022-11-07T13:22	7	11	2022	7838425	7838425	HUMAN_OBSERVATION	iNaturalist	Observations	141419369		L Joan Heyding	2022-11-08T01:19:31	CC_BY_NC_4_0	L Joan Heyding	L Joan Heyding			2025-01-14T12:32:15.855Z	StillImage	COORDINATE_ROUNDED;CONTINENT_DERIVED_FROM_COORDINATES;TAXON_MATCH_TAXON_ID_IGNORED
3986173469	50c9509d-22c7-4a22-a47d-8c48425ef4a7	https://www.inaturalist.org/observations/143302890	Fungi	Basidiomycota	Agaricomycetes	Polyporales	Polyporaceae	Lentinus	Lentinus brumalis		SPECIES	Lentinus brumalis (Pers.) Zmitr.	Lentinus brumalis		CA		Ontario	PRESENT		28eb1a3f-1c15-4a95-931a-4af90ecb574d	45.455436	-75.547041	36.0						2022-11-29T14:17	29	11	2022	7838425	7838425	HUMAN_OBSERVATION	iNaturalist	Observations	143302890		jonathan_mack	2022-11-29T22:22:33	CC_BY_NC_4_0	jonathan_mack	jonathan_mack			2025-01-14T12:32:27.697Z	StillImage	COORDINATE_ROUNDED;CONTINENT_DERIVED_FROM_COORDINATES;TAXON_MATCH_TAXON_ID_IGNORED
3985750396	50c9509d-22c7-4a22-a47d-8c48425ef4a7	https://www.inaturalist.org/observations/63734133	Fungi	Basidiomycota	Agaricomycetes	Polyporales	Polyporaceae	Lentinus	Lentinus brumalis		SPECIES	Lentinus brumalis (Pers.) Zmitr.	Lentinus brumalis		CA		Ontario	PRESENT		28eb1a3f-1c15-4a95-931a-4af90ecb574d	45.356653	-75.676743							2020-10-28T15:12	28	10	2020	7838425	7838425	HUMAN_OBSERVATION	iNaturalist	Observations	63734133		Sandy Garland	2020-10-29T00:17:02	CC_BY_NC_4_0	Sandy Garland	Sandy Garland			2025-01-14T12:15:41.281Z	StillImage	COORDINATE_ROUNDED;CONTINENT_DERIVED_FROM_COORDINATES;TAXON_MATCH_TAXON_ID_IGNORED
3966364074	50c9509d-22c7-4a22-a47d-8c48425ef4a7	https://www.inaturalist.org/observations/141814763	Fungi	Basidiomycota	Agaricomycetes	Polyporales	Polyporaceae	Lentinus	Lentinus brumalis		SPECIES	Lentinus brumalis (Pers.) Zmitr.	Lentinus brumalis		CA		Québec	PRESENT		28eb1a3f-1c15-4a95-931a-4af90ecb574d	46.911262	-71.216361	31.0						2022-09-29	29	9	2022	7838425	7838425	HUMAN_OBSERVATION	iNaturalist	Observations	141814763		Christian Grenier	2022-11-12T20:09:24	CC_BY_NC_4_0	Christian Grenier	Christian Grenier			2025-01-14T13:26:08.619Z	StillImage	COORDINATE_ROUNDED;CONTINENT_DERIVED_FROM_COORDINATES;TAXON_MATCH_TAXON_ID_IGNORED
3961246864	50c9509d-22c7-4a22-a47d-8c48425ef4a7	https://www.inaturalist.org/observations/140114510	Fungi	Basidiomycota	Agaricomycetes	Polyporales	Polyporaceae	Lentinus	Lentinus brumalis		SPECIES	Lentinus brumalis (Pers.) Zmitr.	Lentinus brumalis		CA		Québec	PRESENT		28eb1a3f-1c15-4a95-931a-4af90ecb574d	45.841709	-76.488415	27095.0						2022-10-25T11:29	25	10	2022	7838425	7838425	HUMAN_OBSERVATION	iNaturalist	Observations	140114510		L Joan Heyding	2022-10-27T01:16:22	CC_BY_NC_4_0	L Joan Heyding	L Joan Heyding			2025-01-14T13:26:18.450Z	StillImage	COORDINATE_ROUNDED;CONTINENT_DERIVED_FROM_COORDINATES;TAXON_MATCH_TAXON_ID_IGNORED
3961093770	50c9509d-22c7-4a22-a47d-8c48425ef4a7	https://www.inaturalist.org/observations/140023376	Fungi	Basidiomycota	Agaricomycetes	Polyporales	Polyporaceae	Lentinus	Lentinus brumalis		SPECIES	Lentinus brumalis (Pers.) Zmitr.	Lentinus brumalis		CA		Québec	PRESENT		28eb1a3f-1c15-4a95-931a-4af90ecb574d	45.952687	-76.418968	27095.0						2022-10-24T10:24	24	10	2022	7838425	7838425	HUMAN_OBSERVATION	iNaturalist	Observations	140023376		L Joan Heyding	2022-10-26T02:07:19	CC_BY_NC_4_0	L Joan Heyding	L Joan Heyding			2025-01-14T12:32:51.765Z	StillImage	COORDINATE_ROUNDED;CONTINENT_DERIVED_FROM_COORDINATES;TAXON_MATCH_TAXON_ID_IGNORED
3923478472	50c9509d-22c7-4a22-a47d-8c48425ef4a7	https://www.inaturalist.org/observations/137423527	Fungi	Basidiomycota	Agaricomycetes	Polyporales	Polyporaceae	Lentinus	Lentinus brumalis		SPECIES	Lentinus brumalis (Pers.) Zmitr.	Lentinus brumalis		CA		Ontario	PRESENT		28eb1a3f-1c15-4a95-931a-4af90ecb574d	45.562456	-75.273696	35.0						2022-10-02T15:49	2	10	2022	7838425	7838425	HUMAN_OBSERVATION	iNaturalist	Observations	137423527		jonathan_mack	2022-10-03T15:54:00	CC_BY_NC_4_0	jonathan_mack	jonathan_mack			2025-01-14T13:25:44.595Z	StillImage	COORDINATE_ROUNDED;CONTINENT_DERIVED_FROM_COORDINATES;TAXON_MATCH_TAXON_ID_IGNORED
3773632368	50c9509d-22c7-4a22-a47d-8c48425ef4a7	https://www.inaturalist.org/observations/115288117	Fungi	Basidiomycota	Agaricomycetes	Polyporales	Polyporaceae	Lentinus	Lentinus brumalis		SPECIES	Lentinus brumalis (Pers.) Zmitr.	Lentinus brumalis		CA		Québec	PRESENT		28eb1a3f-1c15-4a95-931a-4af90ecb574d	45.537746	-73.435387	8.0						2022-05-03T14:18:09	3	5	2022	7838425	7838425	HUMAN_OBSERVATION	iNaturalist	Observations	115288117		Ariel Bonkoski	2022-05-12T02:47:48	CC_BY_NC_4_0	sajala	sajala			2025-01-14T12:26:45.541Z	StillImage	COORDINATE_ROUNDED;CONTINENT_DERIVED_FROM_COORDINATES;TAXON_MATCH_TAXON_ID_IGNORED
3773382631	50c9509d-22c7-4a22-a47d-8c48425ef4a7	https://www.inaturalist.org/observations/114524336	Fungi	Basidiomycota	Agaricomycetes	Polyporales	Polyporaceae	Lentinus	Lentinus brumalis		SPECIES	Lentinus brumalis (Pers.) Zmitr.	Lentinus brumalis		CA		Ontario	PRESENT		28eb1a3f-1c15-4a95-931a-4af90ecb574d	45.058575	-76.114311	4.0						2022-05-01T10:37:07	1	5	2022	7838425	7838425	HUMAN_OBSERVATION	iNaturalist	Observations	114524336		Windstone Farm	2022-05-02T02:33:48	CC_BY_NC_4_0	Windstone Farm	Windstone Farm			2025-01-14T13:22:24.294Z	StillImage	COORDINATE_ROUNDED;CONTINENT_DERIVED_FROM_COORDINATES;TAXON_MATCH_TAXON_ID_IGNORED
3772832389	50c9509d-22c7-4a22-a47d-8c48425ef4a7	https://www.inaturalist.org/observations/73452707	Fungi	Basidiomycota	Agaricomycetes	Polyporales	Polyporaceae	Lentinus	Lentinus brumalis		SPECIES	Lentinus brumalis (Pers.) Zmitr.	Lentinus brumalis		CA		Ontario	PRESENT		28eb1a3f-1c15-4a95-931a-4af90ecb574d	45.455321	-75.546989	15.0						2021-04-09T14:21	9	4	2021	7838425	7838425	HUMAN_OBSERVATION	iNaturalist	Observations	73452707		jonathan_mack	2021-04-10T02:12:42	CC_BY_NC_4_0	jonathan_mack	jonathan_mack			2025-01-14T12:17:08.834Z	StillImage	COORDINATE_ROUNDED;CONTINENT_DERIVED_FROM_COORDINATES;TAXON_MATCH_TAXON_ID_IGNORED
3772654826	50c9509d-22c7-4a22-a47d-8c48425ef4a7	https://www.inaturalist.org/observations/114050597	Fungi	Basidiomycota	Agaricomycetes	Polyporales	Polyporaceae	Lentinus	Lentinus brumalis		SPECIES	Lentinus brumalis (Pers.) Zmitr.	Lentinus brumalis		CA		Ontario	PRESENT		28eb1a3f-1c15-4a95-931a-4af90ecb574d	45.312053	-75.867469							2022-04-30T16:36:53	30	4	2022	7838425	7838425	HUMAN_OBSERVATION	iNaturalist	Observations	114050597		jonathan_mack	2022-05-02T00:17:49	CC0_1_0	Andrew Macumber	Andrew Macumber			2025-01-14T12:29:19.050Z	StillImage	COORDINATE_ROUNDED;CONTINENT_DERIVED_FROM_COORDINATES;TAXON_MATCH_TAXON_ID_IGNORED
3760315671	50c9509d-22c7-4a22-a47d-8c48425ef4a7	https://www.inaturalist.org/observations/111202518	Fungi	Basidiomycota	Agaricomycetes	Polyporales	Polyporaceae	Lentinus	Lentinus brumalis		SPECIES	Lentinus brumalis (Pers.) Zmitr.	Lentinus brumalis		CA		Ontario	PRESENT		28eb1a3f-1c15-4a95-931a-4af90ecb574d	45.362984	-75.52874	22.0						2022-04-12T12:07:20	12	4	2022	7838425	7838425	HUMAN_OBSERVATION	iNaturalist	Observations	111202518		Igor Khomenko	2022-04-12T15:11:05	CC_BY_NC_4_0	Igor Khomenko	Igor Khomenko			2025-01-14T12:27:19.097Z	StillImage	COORDINATE_ROUNDED;CONTINENT_DERIVED_FROM_COORDINATES;TAXON_MATCH_TAXON_ID_IGNORED
3468856706	50c9509d-22c7-4a22-a47d-8c48425ef4a7	https://www.inaturalist.org/observations/106149376	Fungi	Basidiomycota	Agaricomycetes	Polyporales	Polyporaceae	Lentinus	Lentinus brumalis		SPECIES	Lentinus brumalis (Pers.) Zmitr.	Lentinus brumalis		CA		Québec	PRESENT		28eb1a3f-1c15-4a95-931a-4af90ecb574d	45.990555	-76.586237	27095.0						2021-10-08T11:57	8	10	2021	7838425	7838425	HUMAN_OBSERVATION	iNaturalist	Observations	106149376		L Joan Heyding	2022-02-05T01:40:30	CC_BY_NC_4_0	L Joan Heyding	L Joan Heyding			2025-01-14T12:25:19.565Z	StillImage	COORDINATE_ROUNDED;CONTINENT_DERIVED_FROM_COORDINATES;TAXON_MATCH_TAXON_ID_IGNORED
3415624101	50c9509d-22c7-4a22-a47d-8c48425ef4a7	https://www.inaturalist.org/observations/100855161	Fungi	Basidiomycota	Agaricomycetes	Polyporales	Polyporaceae	Lentinus	Lentinus brumalis		SPECIES	Lentinus brumalis (Pers.) Zmitr.	Lentinus brumalis		CA		New Brunswick	PRESENT		28eb1a3f-1c15-4a95-931a-4af90ecb574d	46.318151	-64.57897	1498.0						2021-11-10T12:12	10	11	2021	7838425	7838425	HUMAN_OBSERVATION	iNaturalist	Observations	100855161		Stuart Tingley	2021-11-11T15:16:23	CC_BY_NC_4_0	Stuart Tingley	Stuart Tingley			2025-01-14T13:11:08.808Z	StillImage	CONTINENT_DERIVED_FROM_COORDINATES;TAXON_MATCH_TAXON_ID_IGNORED
3408187837	50c9509d-22c7-4a22-a47d-8c48425ef4a7	https://www.inaturalist.org/observations/99840873	Fungi	Basidiomycota	Agaricomycetes	Polyporales	Polyporaceae	Lentinus	Lentinus brumalis		SPECIES	Lentinus brumalis (Pers.) Zmitr.	Lentinus brumalis		CA		Ontario	PRESENT		28eb1a3f-1c15-4a95-931a-4af90ecb574d	45.45738	-75.54908							2021-10-29T15:18	29	10	2021	7838425	7838425	HUMAN_OBSERVATION	iNaturalist	Observations	99840873		jonathan_mack	2021-10-31T02:09:57	CC_BY_NC_4_0	jonathan_mack	jonathan_mack			2025-01-14T12:23:07.973Z	StillImage	CONTINENT_DERIVED_FROM_COORDINATES;TAXON_MATCH_TAXON_ID_IGNORED
3328004388	50c9509d-22c7-4a22-a47d-8c48425ef4a7	https://www.inaturalist.org/observations/71157243	Fungi	Basidiomycota	Agaricomycetes	Polyporales	Polyporaceae	Lentinus	Lentinus brumalis		SPECIES	Lentinus brumalis (Pers.) Zmitr.	Lentinus brumalis		CA		Québec	PRESENT		28eb1a3f-1c15-4a95-931a-4af90ecb574d	46.958078	-71.402112	15.0						2016-10-04	4	10	2016	7838425	7838425	HUMAN_OBSERVATION	iNaturalist	Observations	71157243		Christian Grenier	2021-03-13T20:46:13	CC_BY_NC_4_0	Christian Grenier	Christian Grenier			2025-01-14T13:59:46.828Z	StillImage	COORDINATE_ROUNDED;CONTINENT_DERIVED_FROM_COORDINATES;TAXON_MATCH_TAXON_ID_IGNORED
3327691381	50c9509d-22c7-4a22-a47d-8c48425ef4a7	https://www.inaturalist.org/observations/71157143	Fungi	Basidiomycota	Agaricomycetes	Polyporales	Polyporaceae	Lentinus	Lentinus brumalis		SPECIES	Lentinus brumalis (Pers.) Zmitr.	Lentinus brumalis		CA		Québec	PRESENT		28eb1a3f-1c15-4a95-931a-4af90ecb574d	46.960843	-71.39346	4.0						2016-10-04	4	10	2016	7838425	7838425	HUMAN_OBSERVATION	iNaturalist	Observations	71157143		Christian Grenier	2021-03-13T20:44:43	CC_BY_NC_4_0	Christian Grenier	Christian Grenier			2025-01-14T12:17:48.731Z	StillImage	COORDINATE_ROUNDED;CONTINENT_DERIVED_FROM_COORDINATES;TAXON_MATCH_TAXON_ID_IGNORED
3327688391	50c9509d-22c7-4a22-a47d-8c48425ef4a7	https://www.inaturalist.org/observations/71157362	Fungi	Basidiomycota	Agaricomycetes	Polyporales	Polyporaceae	Lentinus	Lentinus brumalis		SPECIES	Lentinus brumalis (Pers.) Zmitr.	Lentinus brumalis		CA		Québec	PRESENT		28eb1a3f-1c15-4a95-931a-4af90ecb574d	46.95794	-71.404609	15.0						2016-10-04	4	10	2016	7838425	7838425	HUMAN_OBSERVATION	iNaturalist	Observations	71157362		Christian Grenier	2021-03-13T20:47:43	CC_BY_NC_4_0	Christian Grenier	Christian Grenier			2025-01-14T13:59:46.831Z	StillImage	COORDINATE_ROUNDED;CONTINENT_DERIVED_FROM_COORDINATES;TAXON_MATCH_TAXON_ID_IGNORED
3079730970	50c9509d-22c7-4a22-a47d-8c48425ef4a7	https://www.inaturalist.org/observations/62582148	Fungi	Basidiomycota	Agaricomycetes	Polyporales	Polyporaceae	Lentinus	Lentinus brumalis		SPECIES	Lentinus brumalis (Pers.) Zmitr.	Lentinus brumalis		CA		Québec	PRESENT		28eb1a3f-1c15-4a95-931a-4af90ecb574d	45.557547	-75.903603	12.0						2020-10-14T11:31	14	10	2020	7838425	7838425	HUMAN_OBSERVATION	iNaturalist	Observations	62582148		Igor Khomenko	2020-10-14T20:10:28	CC_BY_NC_4_0	Igor Khomenko	Igor Khomenko			2025-01-14T12:15:04.819Z	StillImage	COORDINATE_ROUNDED;CONTINENT_DERIVED_FROM_COORDINATES;TAXON_MATCH_TAXON_ID_IGNORED
3043178382	f8f35535-8c10-43fc-89dc-eb0843f25394	GB-0121442	Fungi	Basidiomycota	Agaricomycetes	Polyporales	Polyporaceae	Lentinus	Lentinus brumalis		SPECIES	Lentinus brumalis (Pers.) Zmitr.	Lentinus brumalis		CA	Algonquin Provincial Park	Ontario	PRESENT		0ed04352-6745-4665-9e11-7117ee91a96b	45.800278	-78.340278							1982-09-18	18	9	1982	7838425	7838425	PRESERVED_SPECIMEN	GB	GB	GB-0121442	NH 7319			CC0_1_0		Hallenberg, Nils & Ginns, Jim			2024-12-19T12:17:53.891Z		COORDINATE_ROUNDED;GEODETIC_DATUM_ASSUMED_WGS84;INSTITUTION_MATCH_FUZZY;COLLECTION_MATCH_FUZZY
3031669126	50c9509d-22c7-4a22-a47d-8c48425ef4a7	https://www.inaturalist.org/observations/66552527	Fungi	Basidiomycota	Agaricomycetes	Polyporales	Polyporaceae	Lentinus	Lentinus brumalis		SPECIES	Lentinus brumalis (Pers.) Zmitr.	Lentinus brumalis		CA		Ontario	PRESENT		28eb1a3f-1c15-4a95-931a-4af90ecb574d	45.348994	-75.596258	31.0						2020-12-13T15:48	13	12	2020	7838425	7838425	HUMAN_OBSERVATION	iNaturalist	Observations	66552527		jonathan_mack	2020-12-14T02:34:15	CC_BY_NC_4_0	jonathan_mack	jonathan_mack			2025-01-14T13:10:39.153Z	StillImage	COORDINATE_ROUNDED;CONTINENT_DERIVED_FROM_COORDINATES;TAXON_MATCH_TAXON_ID_IGNORED
2597700250	50c9509d-22c7-4a22-a47d-8c48425ef4a7	https://www.inaturalist.org/observations/41414455	Fungi	Basidiomycota	Agaricomycetes	Polyporales	Polyporaceae	Lentinus	Lentinus brumalis		SPECIES	Lentinus brumalis (Pers.) Zmitr.	Lentinus brumalis		CA		Ontario	PRESENT		28eb1a3f-1c15-4a95-931a-4af90ecb574d	45.353463	-75.676512	8.0						2020-04-04T14:05	4	4	2020	7838425	7838425	HUMAN_OBSERVATION	iNaturalist	Observations	41414455		jonathan_mack	2020-04-05T02:10:42	CC_BY_NC_4_0	jonathan_mack	jonathan_mack			2025-01-14T12:12:09.426Z	StillImage	COORDINATE_ROUNDED;CONTINENT_DERIVED_FROM_COORDINATES;TAXON_MATCH_TAXON_ID_IGNORED
2576432897	50c9509d-22c7-4a22-a47d-8c48425ef4a7	https://www.inaturalist.org/observations/34008454	Fungi	Basidiomycota	Agaricomycetes	Polyporales	Polyporaceae	Lentinus	Lentinus brumalis		SPECIES	Lentinus brumalis (Pers.) Zmitr.	Lentinus brumalis		CA		New Brunswick	PRESENT		28eb1a3f-1c15-4a95-931a-4af90ecb574d	46.472276	-64.724265	3403.0						2019-09-30T14:52	30	9	2019	7838425	7838425	HUMAN_OBSERVATION	iNaturalist	Observations	34008454		Raymonde G Chartier	2019-11-16T05:33:09	CC_BY_NC_4_0	Raymonde G Chartier	Raymonde G Chartier			2025-01-14T13:00:20.017Z	StillImage	COORDINATE_ROUNDED;CONTINENT_DERIVED_FROM_COORDINATES;TAXON_MATCH_TAXON_ID_IGNORED
2576430890	50c9509d-22c7-4a22-a47d-8c48425ef4a7	https://www.inaturalist.org/observations/34008455	Fungi	Basidiomycota	Agaricomycetes	Polyporales	Polyporaceae	Lentinus	Lentinus brumalis		SPECIES	Lentinus brumalis (Pers.) Zmitr.	Lentinus brumalis		CA		New Brunswick	PRESENT		28eb1a3f-1c15-4a95-931a-4af90ecb574d	46.472276	-64.724265	3403.0						2019-09-30T14:51	30	9	2019	7838425	7838425	HUMAN_OBSERVATION	iNaturalist	Observations	34008455		Raymonde G Chartier	2019-11-16T05:33:09	CC_BY_NC_4_0	Raymonde G Chartier	Raymonde G Chartier			2025-01-14T12:59:40.742Z	StillImage	COORDINATE_ROUNDED;CONTINENT_DERIVED_FROM_COORDINATES;TAXON_MATCH_TAXON_ID_IGNORED
2423613770	21705170-d2b6-42de-8904-c3bca4b83591	CMMF020272	Fungi	Basidiomycota	Agaricomycetes	Polyporales	Polyporaceae	Lentinus	Lentinus brumalis		SPECIES	Polyporus brumalis (Pers.) Fr.	Polyporus brumalis (Pers.) Fr.	(Pers.) Fr.	CA	Berthierville	Québec	PRESENT		ff7bd5db-b724-4932-b496-10ea298851f9	46.033334	-73.193791	1000.0						1978-10-22	22	10	1978	9204046	7838425	PRESERVED_SPECIMEN	Université de Montréal Biodiversity Centre	CMMF	CMMF020272	X-3.64	Neumann, Peterjurgen		CC0_1_0	Université de Montréal Biodiversity Centre	Neumann, Peterjurgen			2024-01-24T16:38:21.261Z		INSTITUTION_MATCH_FUZZY;COLLECTION_MATCH_FUZZY;DIFFERENT_OWNER_INSTITUTION
1990288375	032f1fbe-d21f-407d-be46-5cd1bb1ea397	2f2dd0f0-8dbb-4224-89ab-010b5c96e04a	Fungi	Basidiomycota	Agaricomycetes	Polyporales	Polyporaceae	Lentinus	Lentinus brumalis		SPECIES	Polyporus brumalis (Pers.) Fr.	Polyporus brumalis	(Pers.) Fr.	CA	Whitney, Milepost 2, Algonquin Park	Ontario	PRESENT		61c539d8-47e0-4b82-875f-b95aad66dcd4	45.553889	-78.596667							1940-10-13	13	10	1940	9204046	7838425	PRESERVED_SPECIMEN	TENN-F		TENN-F-014842	HSJ17023			CC0_1_0		H.S. Jackson			2025-01-12T10:33:40.660Z		COORDINATE_ROUNDED;GEODETIC_DATUM_ASSUMED_WGS84;CONTINENT_DERIVED_FROM_COORDINATES;TAXON_MATCH_TAXON_ID_IGNORED;INSTITUTION_MATCH_NONE
1807258395	e8a25a42-f125-476c-8554-3ec21cd51a84	ACAD:115161	Fungi	Basidiomycota	Agaricomycetes	Polyporales	Polyporaceae	Lentinus	Lentinus brumalis		SPECIES	Polyporus brumalis (Pers.) Fr.	Polyporus brumalis (Pers.) Fr.	(Pers.) Fr.	CA	Kentville	Nova Scotia	PRESENT		6491ad8c-8e49-4bd4-a089-0ddb3bbe0890	45.07662	-64.49592							1938-09-25	25	9	1938	9204046	7838425	PRESERVED_SPECIMEN	Acadia University	ACAD	804F	804			CC0_1_0	Acadia University	H, KA			2024-01-25T01:36:59.549Z	StillImage	GEODETIC_DATUM_INVALID;GEODETIC_DATUM_ASSUMED_WGS84;TAXON_MATCH_TAXON_ID_IGNORED;INSTITUTION_MATCH_FUZZY;COLLECTION_MATCH_FUZZY
1807258228	e8a25a42-f125-476c-8554-3ec21cd51a84	ACAD:114887	Fungi	Basidiomycota	Agaricomycetes	Polyporales	Polyporaceae	Lentinus	Lentinus brumalis		SPECIES	Polyporus brumalis (Pers.) Fr.	Polyporus brumalis (Pers.) Fr.	(Pers.) Fr.	CA	Kentville	Nova Scotia	PRESENT		6491ad8c-8e49-4bd4-a089-0ddb3bbe0890	45.07662	-64.49592							1932-04-02	2	4	1932	9204046	7838425	PRESERVED_SPECIMEN	Acadia University	ACAD	6535F				CC0_1_0	Acadia University	Harrison, KA			2024-01-25T01:37:14.993Z	StillImage	GEODETIC_DATUM_INVALID;GEODETIC_DATUM_ASSUMED_WGS84;TAXON_MATCH_TAXON_ID_IGNORED;INSTITUTION_MATCH_FUZZY;COLLECTION_MATCH_FUZZY
1807258201	e8a25a42-f125-476c-8554-3ec21cd51a84	ACAD:114886	Fungi	Basidiomycota	Agaricomycetes	Polyporales	Polyporaceae	Lentinus	Lentinus brumalis		SPECIES	Polyporus brumalis (Pers.) Fr.	Polyporus brumalis (Pers.) Fr.	(Pers.) Fr.	CA	Kentville	Nova Scotia	PRESENT		6491ad8c-8e49-4bd4-a089-0ddb3bbe0890	45.07662	-64.49592							1930-09-22	22	9	1930	9204046	7838425	PRESERVED_SPECIMEN	Acadia University	ACAD	6534F				CC0_1_0	Acadia University	Harrison, KA			2024-01-25T01:37:14.993Z	StillImage	GEODETIC_DATUM_INVALID;GEODETIC_DATUM_ASSUMED_WGS84;TAXON_MATCH_TAXON_ID_IGNORED;INSTITUTION_MATCH_FUZZY;COLLECTION_MATCH_FUZZY
1807257882	e8a25a42-f125-476c-8554-3ec21cd51a84	ACAD:114407	Fungi	Basidiomycota	Agaricomycetes	Polyporales	Polyporaceae	Lentinus	Lentinus brumalis		SPECIES	Polyporus brumalis (Pers.) Fr.	Polyporus brumalis (Pers.) Fr.	(Pers.) Fr.	CA	Cape Split	Nova Scotia	PRESENT		6491ad8c-8e49-4bd4-a089-0ddb3bbe0890	45.334283	-64.49612							1957-10-04	4	10	1957	9204046	7838425	PRESERVED_SPECIMEN	Acadia University	ACAD	5623F				CC0_1_0	Acadia University	H, KA			2024-01-25T01:37:14.324Z	StillImage	COORDINATE_ROUNDED;GEODETIC_DATUM_INVALID;GEODETIC_DATUM_ASSUMED_WGS84;TAXON_MATCH_TAXON_ID_IGNORED;INSTITUTION_MATCH_FUZZY;COLLECTION_MATCH_FUZZY
1807256465	e8a25a42-f125-476c-8554-3ec21cd51a84	ACAD:112892	Fungi	Basidiomycota	Agaricomycetes	Polyporales	Polyporaceae	Lentinus	Lentinus brumalis		SPECIES	Polyporus brumalis (Pers.) Fr.	Polyporus brumalis (Pers.) Fr.	(Pers.) Fr.	CA	(Kentville)	Nova Scotia	PRESENT		6491ad8c-8e49-4bd4-a089-0ddb3bbe0890	45.07662	-64.49592							1930-11-23	23	11	1930	9204046	7838425	PRESERVED_SPECIMEN	Acadia University	ACAD	3F	3			CC0_1_0	Acadia University	H, KA			2024-01-25T01:37:10.632Z	StillImage	GEODETIC_DATUM_INVALID;GEODETIC_DATUM_ASSUMED_WGS84;TAXON_MATCH_TAXON_ID_IGNORED;INSTITUTION_MATCH_FUZZY;COLLECTION_MATCH_FUZZY
1412708260	21705170-d2b6-42de-8904-c3bca4b83591	CMMF016502	Fungi	Basidiomycota	Agaricomycetes	Polyporales	Polyporaceae	Lentinus	Lentinus brumalis		SPECIES	Polyporus brumalis (Pers.) Fr.	Polyporus brumalis (Pers.) Fr.	(Pers.) Fr.	CA	Université, Sainte-Foy, Québec.	Québec	PRESENT		ff7bd5db-b724-4932-b496-10ea298851f9	46.781692	-71.274964	1000.0						1973-12-08	8	12	1973	9204046	7838425	PRESERVED_SPECIMEN	Université de Montréal Biodiversity Centre	CMMF	CMMF016502		Sirard, Léas		CC0_1_0	Université de Montréal Biodiversity Centre	Sirard, Léas			2024-01-24T16:38:19.715Z		INSTITUTION_MATCH_FUZZY;COLLECTION_MATCH_FUZZY;DIFFERENT_OWNER_INSTITUTION
1412708236	21705170-d2b6-42de-8904-c3bca4b83591	CMMF016501	Fungi	Basidiomycota	Agaricomycetes	Polyporales	Polyporaceae	Lentinus	Lentinus brumalis		SPECIES	Polyporus brumalis (Pers.) Fr.	Polyporus brumalis (Pers.) Fr.	(Pers.) Fr.	CA	Université, Sainte-Foy, Québec.	Québec	PRESENT		ff7bd5db-b724-4932-b496-10ea298851f9	46.781692	-71.274964	1000.0						1973-12-08	8	12	1973	9204046	7838425	PRESERVED_SPECIMEN	Université de Montréal Biodiversity Centre	CMMF	CMMF016501		Sirard, Léas		CC0_1_0	Université de Montréal Biodiversity Centre	Sirard, Léas			2024-01-24T16:38:19.714Z		INSTITUTION_MATCH_FUZZY;COLLECTION_MATCH_FUZZY;DIFFERENT_OWNER_INSTITUTION
1412708210	21705170-d2b6-42de-8904-c3bca4b83591	CMMF016500	Fungi	Basidiomycota	Agaricomycetes	Polyporales	Polyporaceae	Lentinus	Lentinus brumalis		SPECIES	Polyporus brumalis (Pers.) Fr.	Polyporus brumalis (Pers.) Fr.	(Pers.) Fr.	CA	Chibougamau, Québec.	Québec	PRESENT		ff7bd5db-b724-4932-b496-10ea298851f9	49.911814	-74.372694	7000.0						1981-10-02	2	10	1981	9204046	7838425	PRESERVED_SPECIMEN	Université de Montréal Biodiversity Centre	CMMF	CMMF016500		Sirard, Léas; Boulet, Bruno		CC0_1_0	Université de Montréal Biodiversity Centre	Sirard, Léas; Boulet, Bruno			2024-01-24T16:38:19.718Z		INSTITUTION_MATCH_FUZZY;COLLECTION_MATCH_FUZZY;DIFFERENT_OWNER_INSTITUTION
1412708172	21705170-d2b6-42de-8904-c3bca4b83591	CMMF016499	Fungi	Basidiomycota	Agaricomycetes	Polyporales	Polyporaceae	Lentinus	Lentinus brumalis		SPECIES	Polyporus brumalis (Pers.) Fr.	Polyporus brumalis (Pers.) Fr.	(Pers.) Fr.	CA	Sainte-Foy, Québec.	Québec	PRESENT		ff7bd5db-b724-4932-b496-10ea298851f9	46.780042	-71.374844	9000.0						1971-11-04	4	11	1971	9204046	7838425	PRESERVED_SPECIMEN	Université de Montréal Biodiversity Centre	CMMF	CMMF016499		Sirard, Léas; Boulet, Bruno		CC0_1_0	Université de Montréal Biodiversity Centre	Sirard, Léas; Boulet, Bruno			2024-01-24T16:38:19.752Z		INSTITUTION_MATCH_FUZZY;COLLECTION_MATCH_FUZZY;DIFFERENT_OWNER_INSTITUTION
1412708145	21705170-d2b6-42de-8904-c3bca4b83591	CMMF016498	Fungi	Basidiomycota	Agaricomycetes	Polyporales	Polyporaceae	Lentinus	Lentinus brumalis		SPECIES	Polyporus brumalis (Pers.) Fr.	Polyporus brumalis (Pers.) Fr.	(Pers.) Fr.	CA	Sainte-Foy, Québec.	Québec	PRESENT		ff7bd5db-b724-4932-b496-10ea298851f9	46.780042	-71.374844	9000.0						1972-10-10	10	10	1972	9204046	7838425	PRESERVED_SPECIMEN	Université de Montréal Biodiversity Centre	CMMF	CMMF016498		Sirard, Léas; Boulet, Bruno		CC0_1_0	Université de Montréal Biodiversity Centre	Sirard, Léas; Boulet, Bruno			2024-01-24T16:38:19.753Z		INSTITUTION_MATCH_FUZZY;COLLECTION_MATCH_FUZZY;DIFFERENT_OWNER_INSTITUTION
1412708113	21705170-d2b6-42de-8904-c3bca4b83591	CMMF016497	Fungi	Basidiomycota	Agaricomycetes	Polyporales	Polyporaceae	Lentinus	Lentinus brumalis		SPECIES	Polyporus brumalis (Pers.) Fr.	Polyporus brumalis (Pers.) Fr.	(Pers.) Fr.	CA	Sainte-Foy, Québec.	Québec	PRESENT		ff7bd5db-b724-4932-b496-10ea298851f9	46.780042	-71.374844	9000.0						1974-11-05	5	11	1974	9204046	7838425	PRESERVED_SPECIMEN	Université de Montréal Biodiversity Centre	CMMF	CMMF016497		Sirard, Léas; Boulet, Bruno		CC0_1_0	Université de Montréal Biodiversity Centre	Sirard, Léas; Boulet, Bruno			2024-01-24T16:38:19.754Z		INSTITUTION_MATCH_FUZZY;COLLECTION_MATCH_FUZZY;DIFFERENT_OWNER_INSTITUTION
1412708094	21705170-d2b6-42de-8904-c3bca4b83591	CMMF016503	Fungi	Basidiomycota	Agaricomycetes	Polyporales	Polyporaceae	Lentinus	Lentinus brumalis		SPECIES	Polyporus brumalis (Pers.) Fr.	Polyporus brumalis (Pers.) Fr.	(Pers.) Fr.	CA	Île d'Orléans, Québec.	Québec	PRESENT		ff7bd5db-b724-4932-b496-10ea298851f9	46.929541	-70.956204	16000.0						1996			1996	9204046	7838425	PRESERVED_SPECIMEN	Université de Montréal Biodiversity Centre	CMMF	CMMF016503		Sirard, Léas; Boulet, Bruno		CC0_1_0	Université de Montréal Biodiversity Centre	Sirard, Léas; Boulet, Bruno			2024-01-24T16:38:19.738Z		INSTITUTION_MATCH_FUZZY;COLLECTION_MATCH_FUZZY;DIFFERENT_OWNER_INSTITUTION
1412706881	21705170-d2b6-42de-8904-c3bca4b83591	CMMF015316	Fungi	Basidiomycota	Agaricomycetes	Polyporales	Polyporaceae	Lentinus	Lentinus brumalis		SPECIES	Polyporus brumalis (Pers.) Fr.	Polyporus brumalis (Pers.) Fr.	(Pers.) Fr.	CA	Lac-à-la-Croix, Québec.	Québec	PRESENT		ff7bd5db-b724-4932-b496-10ea298851f9	48.427958	-71.866303	3500.0						1993-09-19	19	9	1993	9204046	7838425	PRESERVED_SPECIMEN	Université de Montréal Biodiversity Centre	CMMF	CMMF015316	747	Guérin, Gérard		CC0_1_0	Université de Montréal Biodiversity Centre	Guérin, Gérard			2024-01-24T16:38:17.070Z	StillImage	INSTITUTION_MATCH_FUZZY;COLLECTION_MATCH_FUZZY;DIFFERENT_OWNER_INSTITUTION
1412706875	21705170-d2b6-42de-8904-c3bca4b83591	CMMF015317	Fungi	Basidiomycota	Agaricomycetes	Polyporales	Polyporaceae	Lentinus	Lentinus brumalis		SPECIES	Polyporus brumalis (Pers.) Fr.	Polyporus brumalis (Pers.) Fr.	(Pers.) Fr.	CA	Hautes-Gorges, Charlevoix, Québec.	Québec	PRESENT		ff7bd5db-b724-4932-b496-10ea298851f9	47.902902	-70.443354	20000.0						1994-09-04	4	9	1994	9204046	7838425	PRESERVED_SPECIMEN	Université de Montréal Biodiversity Centre	CMMF	CMMF015317	748	Guérin, Gérard		CC0_1_0	Université de Montréal Biodiversity Centre	Guérin, Gérard			2024-01-24T16:38:17.071Z	StillImage	INSTITUTION_MATCH_FUZZY;COLLECTION_MATCH_FUZZY;DIFFERENT_OWNER_INSTITUTION
1412706767	21705170-d2b6-42de-8904-c3bca4b83591	CMMF015315	Fungi	Basidiomycota	Agaricomycetes	Polyporales	Polyporaceae	Lentinus	Lentinus brumalis		SPECIES	Polyporus brumalis (Pers.) Fr.	Polyporus brumalis (Pers.) Fr.	(Pers.) Fr.	CA	Rang Saint-Martin, Chicoutimi, Québec.	Québec	PRESENT		ff7bd5db-b724-4932-b496-10ea298851f9	48.42951	-70.956161	6000.0						1983-10-15	15	10	1983	9204046	7838425	PRESERVED_SPECIMEN	Université de Montréal Biodiversity Centre	CMMF	CMMF015315	746	Guérin, Gérard		CC0_1_0	Université de Montréal Biodiversity Centre	Guérin, Gérard			2024-01-24T16:38:17.070Z	StillImage	INSTITUTION_MATCH_FUZZY;COLLECTION_MATCH_FUZZY;DIFFERENT_OWNER_INSTITUTION
1135070594	21705170-d2b6-42de-8904-c3bca4b83591	CMMF009140	Fungi	Basidiomycota	Agaricomycetes	Polyporales	Polyporaceae	Lentinus	Lentinus brumalis		SPECIES	Polyporus brumalis (Pers.) Fr.	Polyporus brumalis (Pers.) Fr.	(Pers.) Fr.	CA	Containers Ouest, Lac-Beauport.	Québec	PRESENT		ff7bd5db-b724-4932-b496-10ea298851f9	46.953091	-71.275238	5000.0						2006-09-06	6	9	2006	9204046	7838425	PRESERVED_SPECIMEN	Université de Montréal Biodiversity Centre	CMMF	CMMF009140	724	Labrecque, Jacqueline		CC0_1_0	Université de Montréal Biodiversity Centre	Labrecque, Jacqueline			2024-01-24T16:38:20.257Z		INSTITUTION_MATCH_FUZZY;COLLECTION_MATCH_FUZZY;DIFFERENT_OWNER_INSTITUTION
1135069827	21705170-d2b6-42de-8904-c3bca4b83591	CMMF008364	Fungi	Basidiomycota	Agaricomycetes	Polyporales	Polyporaceae	Lentinus	Lentinus brumalis		SPECIES	Polyporus brumalis (Pers.) Fr.	Polyporus brumalis (Pers.) Fr.	(Pers.) Fr.	CA	Sainte-Anne-des-Monts	Québec	PRESENT		ff7bd5db-b724-4932-b496-10ea298851f9	49.11755	-66.498833	100.0						2005-09-15	15	9	2005	9204046	7838425	PRESERVED_SPECIMEN	Université de Montréal Biodiversity Centre	CMMF	CMMF008364	C2504	McNeil, Raymond		CC0_1_0	Université de Montréal Biodiversity Centre	McNeil, Raymond			2024-01-24T16:38:17.747Z	StillImage	COORDINATE_ROUNDED;INSTITUTION_MATCH_FUZZY;COLLECTION_MATCH_FUZZY;DIFFERENT_OWNER_INSTITUTION
1135069339	21705170-d2b6-42de-8904-c3bca4b83591	CMMF007870	Fungi	Basidiomycota	Agaricomycetes	Polyporales	Polyporaceae	Lentinus	Lentinus brumalis		SPECIES	Polyporus brumalis (Pers.) Fr.	Polyporus brumalis (Pers.) Fr.	(Pers.) Fr.	CA	Ste-Lucie-de-Beauregard	Québec	PRESENT		ff7bd5db-b724-4932-b496-10ea298851f9	46.683583	-70.042333	100.0						1979-10-07	7	10	1979	9204046	7838425	PRESERVED_SPECIMEN	Université de Montréal Biodiversity Centre	CMMF	CMMF007870	501	McNeil, Raymond		CC0_1_0	Université de Montréal Biodiversity Centre	McNeil, Raymond			2024-01-24T16:38:14.779Z	StillImage	COORDINATE_ROUNDED;INSTITUTION_MATCH_FUZZY;COLLECTION_MATCH_FUZZY;DIFFERENT_OWNER_INSTITUTION
1135068838	21705170-d2b6-42de-8904-c3bca4b83591	CMMF007416	Fungi	Basidiomycota	Agaricomycetes	Polyporales	Polyporaceae	Lentinus	Lentinus brumalis		SPECIES	Polyporus brumalis (Pers.) Fr.	Polyporus brumalis (Pers.) Fr.	(Pers.) Fr.	CA	Huntingdon, Boisé-des-Muir	Québec	PRESENT		ff7bd5db-b724-4932-b496-10ea298851f9	45.084583	-74.114033	100.0						2013-10-01	1	10	2013	9204046	7838425	PRESERVED_SPECIMEN	Université de Montréal Biodiversity Centre	CMMF	CMMF007416	C4322	McNeil, Raymond		CC0_1_0	Université de Montréal Biodiversity Centre	McNeil, Raymond			2024-01-24T16:38:15.830Z	StillImage	COORDINATE_ROUNDED;INSTITUTION_MATCH_FUZZY;COLLECTION_MATCH_FUZZY;DIFFERENT_OWNER_INSTITUTION
1135068540	21705170-d2b6-42de-8904-c3bca4b83591	CMMF007027	Fungi	Basidiomycota	Agaricomycetes	Polyporales	Polyporaceae	Lentinus	Lentinus brumalis		SPECIES	Polyporus brumalis (Pers.) Fr.	Polyporus brumalis (Pers.) Fr.	(Pers.) Fr.	CA	Lachute	Québec	PRESENT		ff7bd5db-b724-4932-b496-10ea298851f9	45.66275	-74.241983	100.0						2006-09-21	21	9	2006	9204046	7838425	PRESERVED_SPECIMEN	Université de Montréal Biodiversity Centre	CMMF	CMMF007027	Inexistant	McNeil, Raymond		CC0_1_0	Université de Montréal Biodiversity Centre	McNeil, Raymond			2024-01-24T16:38:20.864Z	StillImage	COORDINATE_ROUNDED;INSTITUTION_MATCH_FUZZY;COLLECTION_MATCH_FUZZY;DIFFERENT_OWNER_INSTITUTION
1135066836	21705170-d2b6-42de-8904-c3bca4b83591	CMMF010241	Fungi	Basidiomycota	Agaricomycetes	Polyporales	Polyporaceae	Lentinus	Lentinus brumalis		SPECIES	Polyporus brumalis (Pers.) Fr.	Polyporus brumalis (Pers.) Fr.	(Pers.) Fr.	CA	Château Bigot, Québec.	Québec	PRESENT		ff7bd5db-b724-4932-b496-10ea298851f9	46.898375	-71.266801	2000.0						2007-10-18	18	10	2007	9204046	7838425	PRESERVED_SPECIMEN	Université de Montréal Biodiversity Centre	CMMF	CMMF010241	1827	Labrecque, Jacqueline		CC0_1_0	Université de Montréal Biodiversity Centre	Labrecque, Jacqueline			2024-01-24T16:38:21.529Z		INSTITUTION_MATCH_FUZZY;COLLECTION_MATCH_FUZZY;DIFFERENT_OWNER_INSTITUTION
1135066728	21705170-d2b6-42de-8904-c3bca4b83591	CMMF010165	Fungi	Basidiomycota	Agaricomycetes	Polyporales	Polyporaceae	Lentinus	Lentinus brumalis		SPECIES	Polyporus brumalis (Pers.) Fr.	Polyporus brumalis (Pers.) Fr.	(Pers.) Fr.	CA	Parc des Moulins, Québec.	Québec	PRESENT		ff7bd5db-b724-4932-b496-10ea298851f9	46.887678	-71.301288	600.0						2007-10-06	6	10	2007	9204046	7838425	PRESERVED_SPECIMEN	Université de Montréal Biodiversity Centre	CMMF	CMMF010165	1751	Labrecque, Jacqueline		CC0_1_0	Université de Montréal Biodiversity Centre	Labrecque, Jacqueline			2024-01-24T16:38:20.279Z		INSTITUTION_MATCH_FUZZY;COLLECTION_MATCH_FUZZY;DIFFERENT_OWNER_INSTITUTION
1135066720	21705170-d2b6-42de-8904-c3bca4b83591	CMMF010168	Fungi	Basidiomycota	Agaricomycetes	Polyporales	Polyporaceae	Lentinus	Lentinus brumalis		SPECIES	Polyporus brumalis (Pers.) Fr.	Polyporus brumalis (Pers.) Fr.	(Pers.) Fr.	CA	Château Bigot, rue Rouleau, Québec.	Québec	PRESENT		ff7bd5db-b724-4932-b496-10ea298851f9	46.898375	-71.266801	2000.0						2007-10-03	3	10	2007	9204046	7838425	PRESERVED_SPECIMEN	Université de Montréal Biodiversity Centre	CMMF	CMMF010168	1754	Labrecque, Jacqueline		CC0_1_0	Université de Montréal Biodiversity Centre	Labrecque, Jacqueline			2024-01-24T16:38:20.277Z		INSTITUTION_MATCH_FUZZY;COLLECTION_MATCH_FUZZY;DIFFERENT_OWNER_INSTITUTION
1135066698	21705170-d2b6-42de-8904-c3bca4b83591	CMMF010134	Fungi	Basidiomycota	Agaricomycetes	Polyporales	Polyporaceae	Lentinus	Lentinus brumalis		SPECIES	Polyporus brumalis (Pers.) Fr.	Polyporus brumalis (Pers.) Fr.	(Pers.) Fr.	CA	210 de l'Éperon, plate-bande arrière, Lac-Beauport.	Québec	PRESENT		ff7bd5db-b724-4932-b496-10ea298851f9	46.964353	-71.306427	100.0						2007-09-29	29	9	2007	9204046	7838425	PRESERVED_SPECIMEN	Université de Montréal Biodiversity Centre	CMMF	CMMF010134	1720	Labrecque, Jacqueline		CC0_1_0	Université de Montréal Biodiversity Centre	Labrecque, Jacqueline			2024-01-24T16:38:20.246Z		INSTITUTION_MATCH_FUZZY;COLLECTION_MATCH_FUZZY;DIFFERENT_OWNER_INSTITUTION
1024558879	21705170-d2b6-42de-8904-c3bca4b83591	CMMF004508	Fungi	Basidiomycota	Agaricomycetes	Polyporales	Polyporaceae	Lentinus	Lentinus brumalis		SPECIES	Polyporus brumalis (Pers.) Fr.	Polyporus brumalis (Pers.) Fr.	(Pers.) Fr.	CA	Réserve écologique du Boisé-des-Muir, Hinchinbrooke.	Québec	PRESENT		ff7bd5db-b724-4932-b496-10ea298851f9	45.085394	-74.112958	10.0						2012-09-23	23	9	2012	9204046	7838425	PRESERVED_SPECIMEN	Université de Montréal Biodiversity Centre	CMMF	CMMF004508	538	Lebeuf, Renée		CC0_1_0	Université de Montréal Biodiversity Centre	Langlois, Annabelle; Lebeuf, Renée; Turgon, Jean-Pierre			2024-01-24T16:38:19.731Z		INSTITUTION_MATCH_FUZZY;COLLECTION_MATCH_FUZZY;DIFFERENT_OWNER_INSTITUTION
