gbifID	datasetKey	occurrenceID	kingdom	phylum	class	order	family	genus	species	infraspecificEpithet	taxonRank	scientificName	verbatimScientificName	verbatimScientificNameAuthorship	countryCode	locality	stateProvince	occurrenceStatus	individualCount	publishingOrgKey	decimalLatitude	decimalLongitude	coordinateUncertaintyInMeters	coordinatePrecision	elevation	elevationAccuracy	depth	depthAccuracy	eventDate	day	month	year	taxonKey	speciesKey	basisOfRecord	institutionCode	collectionCode	catalogNumber	recordNumber	identifiedBy	dateIdentified	license	rightsHolder	recordedBy	typeStatus	establishmentMeans	lastInterpreted	mediaType	issue
727875095	d7cfd2ed-8af4-427f-a16e-eb66b7e2c419	14397	Fungi	Basidiomycota	Agaricomycetes	Agaricales	Cortinariaceae	Cortinarius	Cortinarius collinitus		SPECIES	Cortinarius collinitus (Sow. ex Fr.) Fr.	Cortinarius collinitus (Pers.) Fr.	(Pers.) Fr.	CA	Forest Ranger School	Ontario	PRESENT		ff418020-1d67-11d9-8435-b8a03c50a862	45.159467	-78.8451	450.0						1961-09-09	9	9	1961	2528690	7476637	PRESERVED_SPECIMEN	Royal Ontario Museum	TRTC	TRTC151962				CC0_1_0	Royal Ontario Museum	Hamley, J.			2024-01-25T00:59:40.595Z		COORDINATE_ROUNDED;AMBIGUOUS_INSTITUTION
727875093	d7cfd2ed-8af4-427f-a16e-eb66b7e2c419	14396	Fungi	Basidiomycota	Agaricomycetes	Agaricales	Cortinariaceae	Cortinarius	Cortinarius collinitus		SPECIES	Cortinarius collinitus (Sow. ex Fr.) Fr.	Cortinarius collinitus (Pers.) Fr.	(Pers.) Fr.	CA	Forest Ranger School	Ontario	PRESENT		ff418020-1d67-11d9-8435-b8a03c50a862	45.159467	-78.8451	450.0						1961-09-09	9	9	1961	2528690	7476637	PRESERVED_SPECIMEN	Royal Ontario Museum	TRTC	TRTC038633				CC0_1_0	Royal Ontario Museum	Ruttan, F.H.			2024-01-25T00:59:40.596Z		COORDINATE_ROUNDED;AMBIGUOUS_INSTITUTION
727875066	d7cfd2ed-8af4-427f-a16e-eb66b7e2c419	14343	Fungi	Basidiomycota	Agaricomycetes	Agaricales	Cortinariaceae	Cortinarius	Cortinarius collinitus		SPECIES	Cortinarius collinitus (Sow. ex Fr.) Fr.	Cortinarius collinitus (Pers.) Fr.	(Pers.) Fr.	CA	University of Toronto Forest	Ontario	PRESENT		ff418020-1d67-11d9-8435-b8a03c50a862	45.183005	-78.85025	7575.0						1965-09-15	15	9	1965	2528690	7476637	PRESERVED_SPECIMEN	Royal Ontario Museum	TRTC	TRTC042877		Cain, R.F.		CC0_1_0	Royal Ontario Museum	Cain, R.F.			2024-01-25T00:59:40.563Z		COORDINATE_ROUNDED;AMBIGUOUS_INSTITUTION
727874896	d7cfd2ed-8af4-427f-a16e-eb66b7e2c419	14069	Fungi	Basidiomycota	Agaricomycetes	Agaricales	Cortinariaceae	Cortinarius	Cortinarius collinitus		SPECIES	Cortinarius collinitus (Sow. ex Fr.) Fr.	Cortinarius collinitus (Pers.) Fr.	(Pers.) Fr.	CA	Bracebridge	Ontario	PRESENT		ff418020-1d67-11d9-8435-b8a03c50a862	45.041508	-79.312363	3577.0						1954-09-22	22	9	1954	2528690	7476637	PRESERVED_SPECIMEN	Royal Ontario Museum	TRTC	TRTC030517				CC0_1_0	Royal Ontario Museum	Cain, R.F.			2024-01-25T00:59:40.027Z		COORDINATE_ROUNDED;AMBIGUOUS_INSTITUTION
727874849	d7cfd2ed-8af4-427f-a16e-eb66b7e2c419	13981	Fungi	Basidiomycota	Agaricomycetes	Agaricales	Cortinariaceae	Cortinarius	Cortinarius collinitus		SPECIES	Cortinarius collinitus (Sow. ex Fr.) Fr.	Cortinarius collinitus (Pers.) Fr.	(Pers.) Fr.	CA	Algonquin Provincial Park	Ontario	PRESENT		ff418020-1d67-11d9-8435-b8a03c50a862	45.759859	-78.376465	67511.0						2006-09-30	30	9	2006	2528690	7476637	PRESERVED_SPECIMEN	Royal Ontario Museum	TRTC	TRTC151172	EP-062			CC0_1_0	Royal Ontario Museum	Pankov, E.			2024-01-25T00:59:38.893Z	StillImage	COORDINATE_ROUNDED;AMBIGUOUS_INSTITUTION
727873525	d7cfd2ed-8af4-427f-a16e-eb66b7e2c419	10777	Fungi	Basidiomycota	Agaricomycetes	Agaricales	Cortinariaceae	Cortinarius	Cortinarius collinitus		SPECIES	Cortinarius collinitus (Sow. ex Fr.) Fr.	Cortinarius collinitus (Pers.) Fr.	(Pers.) Fr.	CA	Algonquin Provincial Park, Opeongo Lake	Ontario	PRESENT		ff418020-1d67-11d9-8435-b8a03c50a862	45.698027	-78.369598	8499.0						1956-09-22	22	9	1956	2528690	7476637	PRESERVED_SPECIMEN	Royal Ontario Museum	TRTC	TRTC032715				CC0_1_0	Royal Ontario Museum	Cain, R.F.			2024-01-25T00:59:40.295Z		COORDINATE_ROUNDED;AMBIGUOUS_INSTITUTION
727873511	d7cfd2ed-8af4-427f-a16e-eb66b7e2c419	10763	Fungi	Basidiomycota	Agaricomycetes	Agaricales	Cortinariaceae	Cortinarius	Cortinarius collinitus		SPECIES	Cortinarius collinitus (Sow. ex Fr.) Fr.	Cortinarius collinitus (Pers.) Fr.	(Pers.) Fr.	CA	Algonquin Provincial Park, Sproule Lake Portage	Ontario	PRESENT		ff418020-1d67-11d9-8435-b8a03c50a862	45.634026	-78.369083	1347.0						1958-09-08	8	9	1958	2528690	7476637	PRESERVED_SPECIMEN	Royal Ontario Museum	TRTC	TRTC151961				CC0_1_0	Royal Ontario Museum	Payne, N.R.			2024-01-25T00:59:40.310Z		COORDINATE_ROUNDED;AMBIGUOUS_INSTITUTION
727873505	d7cfd2ed-8af4-427f-a16e-eb66b7e2c419	10760	Fungi	Basidiomycota	Agaricomycetes	Agaricales	Cortinariaceae	Cortinarius	Cortinarius collinitus		SPECIES	Cortinarius collinitus (Sow. ex Fr.) Fr.	Cortinarius collinitus (Pers.) Fr.	(Pers.) Fr.	CA	Algonquin Provincial Park, Costello Lake	Ontario	PRESENT		ff418020-1d67-11d9-8435-b8a03c50a862	45.597645	-78.32149	648.0						1958-09-09	9	9	1958	2528690	7476637	PRESERVED_SPECIMEN	Royal Ontario Museum	TRTC	TRTC034013		Cain, R.F.		CC0_1_0	Royal Ontario Museum	Cain, R.F.			2024-01-25T00:59:40.312Z		COORDINATE_ROUNDED;AMBIGUOUS_INSTITUTION
617553925	21705170-d2b6-42de-8904-c3bca4b83591	CMMF003821	Fungi	Basidiomycota	Agaricomycetes	Agaricales	Cortinariaceae	Cortinarius	Cortinarius collinitus		SPECIES	Cortinarius collinitus (Sow. ex Fr.) Fr.	Cortinarius collinitus (Pers.) Fr.	(Pers.) Fr.	CA	Saint-Donat	Québec	PRESENT		ff7bd5db-b724-4932-b496-10ea298851f9	46.316667	-74.216667	6000.0						2003-09-18	18	9	2003	2528690	7476637	PRESERVED_SPECIMEN	Université de Montréal Biodiversity Centre	CMMF	CMMF003821		Lamoureux, Yves		CC0_1_0	Université de Montréal Biodiversity Centre	Lamoureux, Yves			2024-01-24T16:38:16.511Z	StillImage	INSTITUTION_MATCH_FUZZY;COLLECTION_MATCH_FUZZY;DIFFERENT_OWNER_INSTITUTION
4875112414	50c9509d-22c7-4a22-a47d-8c48425ef4a7	https://www.inaturalist.org/observations/183934531	Fungi	Basidiomycota	Agaricomycetes	Agaricales	Cortinariaceae	Cortinarius	Cortinarius collinitus		SPECIES	Cortinarius collinitus (Sowerby) Gray	Cortinarius collinitus		CA		Ontario	PRESENT		28eb1a3f-1c15-4a95-931a-4af90ecb574d	45.661925	-78.988404	565.0						2023-08-15T14:29:44	15	8	2023	7476637	7476637	HUMAN_OBSERVATION	iNaturalist	Observations	183934531		cinna_latifolia	2024-05-08T03:32:18	CC_BY_NC_4_0	ontarb	ontarb			2025-01-14T13:32:25.878Z	StillImage	COORDINATE_ROUNDED;CONTINENT_DERIVED_FROM_COORDINATES;TAXON_MATCH_TAXON_ID_IGNORED
4599714212	50c9509d-22c7-4a22-a47d-8c48425ef4a7	https://www.inaturalist.org/observations/187807506	Fungi	Basidiomycota	Agaricomycetes	Agaricales	Cortinariaceae	Cortinarius	Cortinarius collinitus		SPECIES	Cortinarius collinitus (Sowerby) Gray	Cortinarius collinitus		CA		New Brunswick	PRESENT		28eb1a3f-1c15-4a95-931a-4af90ecb574d	45.610356	-67.442231	86.0						2023-10-13T11:48	13	10	2023	7476637	7476637	HUMAN_OBSERVATION	iNaturalist	Observations	187807506		Alfredo Justo	2023-10-16T18:32:36	CC_BY_NC_4_0	Alfredo Justo	Alfredo Justo			2025-01-14T13:33:41.640Z	StillImage	COORDINATE_ROUNDED;CONTINENT_DERIVED_FROM_COORDINATES;TAXON_MATCH_TAXON_ID_IGNORED
4440847138	50c9509d-22c7-4a22-a47d-8c48425ef4a7	https://www.inaturalist.org/observations/187267235	Fungi	Basidiomycota	Agaricomycetes	Agaricales	Cortinariaceae	Cortinarius	Cortinarius collinitus		SPECIES	Cortinarius collinitus (Sowerby) Gray	Cortinarius collinitus		CA		New Brunswick	PRESENT		28eb1a3f-1c15-4a95-931a-4af90ecb574d	45.650922	-65.039283	56.0						2023-10-09T12:17:44	9	10	2023	7476637	7476637	HUMAN_OBSERVATION	iNaturalist	Observations	187267235		cinna_latifolia	2023-11-05T23:29:45	CC_BY_NC_4_0	Aaron Clausen	Aaron Clausen			2025-01-14T12:40:39.783Z	StillImage	COORDINATE_ROUNDED;CONTINENT_DERIVED_FROM_COORDINATES;TAXON_MATCH_TAXON_ID_IGNORED
4166313828	695cef75-b65f-4776-b2ed-74565eebb16e	02-01000711176	Fungi	Basidiomycota	Agaricomycetes	Agaricales	Cortinariaceae	Cortinarius	Cortinarius collinitus		SPECIES	Cortinarius collinitus (Sowerby) Gray	Cortinarius collinitus	(Sowerby) Gray	CA	secteur St-Dominique Hull Gatineau	Quebec	PRESENT		055bd978-2daa-4543-b3f0-44e0e87e86ca	45.428044	-75.752725							2013-08-14	14	8	2013	7476637	7476637	PRESERVED_SPECIMEN	AAFC	DAOM	242716		Y. Dalpé		CC_BY_4_0	©His Majesty the King in Right of Canada, as represented by the Minister of Agriculture and Agri-Food	Y. Dalpé YD 4960			2025-01-12T05:11:16.519Z		GEODETIC_DATUM_ASSUMED_WGS84;CONTINENT_DERIVED_FROM_COORDINATES;TAXON_MATCH_TAXON_ID_IGNORED;INSTITUTION_MATCH_FUZZY
4104436498	5a6538b8-e35c-46c4-8978-6858a657a75f	584ca900-29c2-419f-8784-affcc959a825	Fungi	Basidiomycota	Agaricomycetes	Agaricales	Cortinariaceae	Cortinarius	Cortinarius collinitus		SPECIES	Cortinarius collinitus (Sowerby) Gray	Cortinarius collinitus	(Sowerby) Gray	CA	New Brunswick, Sackville		PRESENT		a26dde42-dd82-4d07-a763-353ab27fc02c	46.5	-66.0							1902-10-16	16	10	1902	7476637	7476637	PRESERVED_SPECIMEN	CUP		CUP-A-018306		Atkinson, George		CC0_1_0		Gates, Reginald			2025-01-15T04:26:00.244Z		GEODETIC_DATUM_ASSUMED_WGS84;CONTINENT_DERIVED_FROM_COORDINATES;TAXON_MATCH_TAXON_ID_IGNORED;COLLECTION_MATCH_NONE;INSTITUTION_MATCH_FUZZY
4034855649	50c9509d-22c7-4a22-a47d-8c48425ef4a7	https://www.inaturalist.org/observations/141389357	Fungi	Basidiomycota	Agaricomycetes	Agaricales	Cortinariaceae	Cortinarius	Cortinarius collinitus		SPECIES	Cortinarius collinitus (Sowerby) Gray	Cortinarius collinitus		CA		New Brunswick	PRESENT		28eb1a3f-1c15-4a95-931a-4af90ecb574d	45.62221	-65.05953							2022-09-27	27	9	2022	7476637	7476637	HUMAN_OBSERVATION	iNaturalist	Observations	141389357		Stephen Russell	2023-02-06T03:29:55	CC_BY_NC_4_0	Alex Hood	Alex Hood			2025-01-14T12:32:17.936Z	StillImage	CONTINENT_DERIVED_FROM_COORDINATES;TAXON_MATCH_TAXON_ID_IGNORED
4034816606	50c9509d-22c7-4a22-a47d-8c48425ef4a7	https://www.inaturalist.org/observations/141389353	Fungi	Basidiomycota	Agaricomycetes	Agaricales	Cortinariaceae	Cortinarius	Cortinarius collinitus		SPECIES	Cortinarius collinitus (Sowerby) Gray	Cortinarius collinitus		CA		New Brunswick	PRESENT		28eb1a3f-1c15-4a95-931a-4af90ecb574d	45.62346	-65.05926							2022-09-27	27	9	2022	7476637	7476637	HUMAN_OBSERVATION	iNaturalist	Observations	141389353		Stephen Russell	2023-02-06T03:30:06	CC_BY_NC_4_0	Alex Hood	Alex Hood			2025-01-14T12:33:04.895Z	StillImage	CONTINENT_DERIVED_FROM_COORDINATES;TAXON_MATCH_TAXON_ID_IGNORED
4034628667	50c9509d-22c7-4a22-a47d-8c48425ef4a7	https://www.inaturalist.org/observations/141389358	Fungi	Basidiomycota	Agaricomycetes	Agaricales	Cortinariaceae	Cortinarius	Cortinarius collinitus		SPECIES	Cortinarius collinitus (Sowerby) Gray	Cortinarius collinitus		CA		New Brunswick	PRESENT		28eb1a3f-1c15-4a95-931a-4af90ecb574d	45.5488	-65.02059							2022-10-12	12	10	2022	7476637	7476637	HUMAN_OBSERVATION	iNaturalist	Observations	141389358		Stephen Russell	2023-02-06T03:30:40	CC_BY_NC_4_0	Alex Hood	Alex Hood			2025-01-14T12:33:56.392Z	StillImage	CONTINENT_DERIVED_FROM_COORDINATES;TAXON_MATCH_TAXON_ID_IGNORED
4028927902	50c9509d-22c7-4a22-a47d-8c48425ef4a7	https://www.inaturalist.org/observations/136869300	Fungi	Basidiomycota	Agaricomycetes	Agaricales	Cortinariaceae	Cortinarius	Cortinarius collinitus		SPECIES	Cortinarius collinitus (Sowerby) Gray	Cortinarius collinitus		CA		New Brunswick	PRESENT		28eb1a3f-1c15-4a95-931a-4af90ecb574d	45.623644	-65.059394	53.0						2022-09-27T11:50	27	9	2022	7476637	7476637	HUMAN_OBSERVATION	iNaturalist	Observations	136869300		Alfredo Justo	2022-09-29T01:12:11	CC_BY_NC_4_0	Alfredo Justo	Alfredo Justo			2025-01-14T12:32:09.817Z	StillImage	COORDINATE_ROUNDED;CONTINENT_DERIVED_FROM_COORDINATES;TAXON_MATCH_TAXON_ID_IGNORED
4023663521	fb9d7c38-5759-4c30-9e09-5b6bd43f78a6	http://id.luomus.fi/MY.10392896	Fungi	Basidiomycota	Agaricomycetes	Agaricales	Cortinariaceae	Cortinarius	Cortinarius collinitus		SPECIES	Cortinarius collinitus (Sowerby) Gray	Cortinarius collinitus (Sowerby:Fr.) Gray		CA	La Verendrye	Quebec	PRESENT		04fd2e13-6881-4e5c-9dd1-8fdd9ab993c1	47.03	-76.53							1965-09-15T00:00Z	15	9	1965	7476637	7476637	PRESERVED_SPECIMEN	H		http://id.luomus.fi/HA.H7069535	J.W. Groves 65-70			CC_BY_4_0		Elliott, M. E.;Groves, J. W.			2025-01-17T02:41:17.198Z		CONTINENT_DERIVED_FROM_COORDINATES;TAXON_MATCH_TAXON_ID_IGNORED;COLLECTION_MATCH_NONE;INSTITUTION_MATCH_FUZZY
3961147639	50c9509d-22c7-4a22-a47d-8c48425ef4a7	https://www.inaturalist.org/observations/138418259	Fungi	Basidiomycota	Agaricomycetes	Agaricales	Cortinariaceae	Cortinarius	Cortinarius collinitus		SPECIES	Cortinarius collinitus (Sowerby) Gray	Cortinarius collinitus		CA		New Brunswick	PRESENT		28eb1a3f-1c15-4a95-931a-4af90ecb574d	45.438138	-66.048924	200.0						2022-10-10T12:02	10	10	2022	7476637	7476637	HUMAN_OBSERVATION	iNaturalist	Observations	138418259		Alfredo Justo	2022-10-11T19:13:14	CC_BY_NC_4_0	Alfredo Justo	Alfredo Justo			2025-01-14T13:26:00.083Z	StillImage	COORDINATE_ROUNDED;CONTINENT_DERIVED_FROM_COORDINATES;TAXON_MATCH_TAXON_ID_IGNORED
3961146668	50c9509d-22c7-4a22-a47d-8c48425ef4a7	https://www.inaturalist.org/observations/139179874	Fungi	Basidiomycota	Agaricomycetes	Agaricales	Cortinariaceae	Cortinarius	Cortinarius collinitus		SPECIES	Cortinarius collinitus (Sowerby) Gray	Cortinarius collinitus		CA		New Brunswick	PRESENT		28eb1a3f-1c15-4a95-931a-4af90ecb574d	45.157025	-66.225328	2510.0						2022-10-16T12:13	16	10	2022	7476637	7476637	HUMAN_OBSERVATION	iNaturalist	Observations	139179874		Alfredo Justo	2022-10-18T00:36:36	CC_BY_NC_4_0	Alfredo Justo	Alfredo Justo			2025-01-14T12:31:59.789Z	StillImage	COORDINATE_ROUNDED;CONTINENT_DERIVED_FROM_COORDINATES;TAXON_MATCH_TAXON_ID_IGNORED
3351910388	d8cd16ba-bb74-4420-821e-083f2bac17c2	MN751134	Fungi	Basidiomycota	Agaricomycetes	Agaricales	Cortinariaceae	Cortinarius	Cortinarius collinitus		SPECIES	Cortinarius collinitus (Sowerby) Gray	Cortinarius collinitus		CA	Quebec, Chibougamau		PRESENT		ada9d123-ddb4-467d-8891-806ea8d94230	49.76	-74.36							2017-09-05	5	9	2017	7476637	7476637	PRESERVED_SPECIMEN			MQ17015-QFB29523		Jacques Landry		CC_BY_4_0		Mycoquebec			2025-01-18T13:04:47.482Z		GEODETIC_DATUM_ASSUMED_WGS84;CONTINENT_DERIVED_FROM_COORDINATES;TAXON_MATCH_TAXON_CONCEPT_ID_IGNORED;TAXON_MATCH_TAXON_ID_IGNORED
3349364664	d8cd16ba-bb74-4420-821e-083f2bac17c2	MN751125	Fungi	Basidiomycota	Agaricomycetes	Agaricales	Cortinariaceae	Cortinarius	Cortinarius collinitus		SPECIES	Cortinarius collinitus (Sowerby) Gray	Cortinarius collinitus		CA	Quebec, Chibougamau		PRESENT		ada9d123-ddb4-467d-8891-806ea8d94230	49.91	-74.21							2017-09-06	6	9	2017	7476637	7476637	PRESERVED_SPECIMEN			MQ17112-QFB29620		Jacques Landry		CC_BY_4_0		Mycoquebec			2025-01-18T13:04:47.409Z		GEODETIC_DATUM_ASSUMED_WGS84;CONTINENT_DERIVED_FROM_COORDINATES;TAXON_MATCH_TAXON_CONCEPT_ID_IGNORED;TAXON_MATCH_TAXON_ID_IGNORED
3349361616	d8cd16ba-bb74-4420-821e-083f2bac17c2	MN751124	Fungi	Basidiomycota	Agaricomycetes	Agaricales	Cortinariaceae	Cortinarius	Cortinarius collinitus		SPECIES	Cortinarius collinitus (Sowerby) Gray	Cortinarius collinitus		CA	Quebec, Chibougamau		PRESENT		ada9d123-ddb4-467d-8891-806ea8d94230	49.91	-74.21							2017-09-06	6	9	2017	7476637	7476637	PRESERVED_SPECIMEN			MQ17092-QFB29600		Jacques Landry		CC_BY_4_0		Mycoquebec			2025-01-18T13:04:47.360Z		GEODETIC_DATUM_ASSUMED_WGS84;CONTINENT_DERIVED_FROM_COORDINATES;TAXON_MATCH_TAXON_CONCEPT_ID_IGNORED;TAXON_MATCH_TAXON_ID_IGNORED
3349360340	d8cd16ba-bb74-4420-821e-083f2bac17c2	MN751135	Fungi	Basidiomycota	Agaricomycetes	Agaricales	Cortinariaceae	Cortinarius	Cortinarius collinitus		SPECIES	Cortinarius collinitus (Sowerby) Gray	Cortinarius collinitus		CA	Quebec, Matawinie, Saint-Donat		PRESENT		ada9d123-ddb4-467d-8891-806ea8d94230	46.32	-74.22							2003-09-18	18	9	2003	7476637	7476637	PRESERVED_SPECIMEN			MQ18-CMMF003821		Jacques Landry		CC_BY_4_0		Yves Lamoureux			2025-01-18T13:04:47.503Z		GEODETIC_DATUM_ASSUMED_WGS84;CONTINENT_DERIVED_FROM_COORDINATES;TAXON_MATCH_TAXON_CONCEPT_ID_IGNORED;TAXON_MATCH_TAXON_ID_IGNORED
3349289591	d8cd16ba-bb74-4420-821e-083f2bac17c2	MN751137	Fungi	Basidiomycota	Agaricomycetes	Agaricales	Cortinariaceae	Cortinarius	Cortinarius collinitus		SPECIES	Cortinarius collinitus (Sowerby) Gray	Cortinarius collinitus		CA	Quebec, Chibougamau, Chemin pres du lac David		PRESENT		ada9d123-ddb4-467d-8891-806ea8d94230	49.82	-74.47							2018-09-11	11	9	2018	7476637	7476637	PRESERVED_SPECIMEN			MQ19-HRL2739-QFB31018		Jacques Landry		CC_BY_4_0		Renee Lebeuf, Andre Paul			2025-01-18T13:04:47.499Z		GEODETIC_DATUM_ASSUMED_WGS84;CONTINENT_DERIVED_FROM_COORDINATES;TAXON_MATCH_TAXON_CONCEPT_ID_IGNORED;TAXON_MATCH_TAXON_ID_IGNORED
3349281615	d8cd16ba-bb74-4420-821e-083f2bac17c2	MN751136	Fungi	Basidiomycota	Agaricomycetes	Agaricales	Cortinariaceae	Cortinarius	Cortinarius collinitus		SPECIES	Cortinarius collinitus (Sowerby) Gray	Cortinarius collinitus		CA	Quebec, Chibougamau, Chemin pres du lac David		PRESENT		ada9d123-ddb4-467d-8891-806ea8d94230	49.82	-74.47							2018-09-11	11	9	2018	7476637	7476637	PRESERVED_SPECIMEN			MQ19-HRL2738-QFB31017		Jacques Landry		CC_BY_4_0		Renee Lebeuf, Andre Paul			2025-01-18T13:05:58.517Z		GEODETIC_DATUM_ASSUMED_WGS84;CONTINENT_DERIVED_FROM_COORDINATES;TAXON_MATCH_TAXON_CONCEPT_ID_IGNORED;TAXON_MATCH_TAXON_ID_IGNORED
2802913500	50c9509d-22c7-4a22-a47d-8c48425ef4a7	https://www.inaturalist.org/observations/34937834	Fungi	Basidiomycota	Agaricomycetes	Agaricales	Cortinariaceae	Cortinarius	Cortinarius collinitus		SPECIES	Cortinarius collinitus (Sowerby) Gray	Cortinarius collinitus		CA		Ontario	PRESENT		28eb1a3f-1c15-4a95-931a-4af90ecb574d	45.363348	-75.529271	41.0						2019-10-26T10:15	26	10	2019	7476637	7476637	HUMAN_OBSERVATION	iNaturalist	Observations	34937834		jonathan_mack	2019-10-26T23:54:59	CC_BY_NC_4_0	jonathan_mack	jonathan_mack			2025-01-14T13:00:22.358Z	StillImage	COORDINATE_ROUNDED;CONTINENT_DERIVED_FROM_COORDINATES;TAXON_MATCH_TAXON_ID_IGNORED
1987966090	ca1bcd7e-7387-42f9-81ba-1470db55e3e8	059D58AB-C697-0945-9C9E-D5E97623CE34	Fungi	Basidiomycota	Agaricomycetes	Agaricales	Cortinariaceae	Cortinarius	Cortinarius collinitus		SPECIES	Cortinarius collinitus (Sowerby) Gray	Cortinarius collinitus	(Sowerby) Gray	CA	Sackville, Mountview Road Area	New Brunswick	PRESENT		b542788f-0dc2-4a2b-b652-fceced449591	45.95	-64.383333							2003-09		9	2003	7476637	7476637	PRESERVED_SPECIMEN	BBM	UBC	F023845	Sackville B-9	T. Goward		CC0_1_0	The University of British Columbia	T. Goward			2024-11-19T11:24:51.408Z		GEODETIC_DATUM_ASSUMED_WGS84;CONTINENT_DERIVED_FROM_COORDINATES;INSTITUTION_MATCH_FUZZY
1412706185	21705170-d2b6-42de-8904-c3bca4b83591	CMMF014614	Fungi	Basidiomycota	Agaricomycetes	Agaricales	Cortinariaceae	Cortinarius	Cortinarius collinitus		SPECIES	Cortinarius muscigenus Peck	Cortinarius muscigenus Peck	Peck	CA	Chicoutimi, Québec.	Québec	PRESENT		ff7bd5db-b724-4932-b496-10ea298851f9	48.368277	-71.119642	15000.0						1986-10-04	4	10	1986	2528691	7476637	PRESERVED_SPECIMEN	Université de Montréal Biodiversity Centre	CMMF	CMMF014614	2197	Guérin, Gérard		CC0_1_0	Université de Montréal Biodiversity Centre	Guérin, Gérard			2024-01-24T16:38:20.319Z	StillImage	INSTITUTION_MATCH_FUZZY;COLLECTION_MATCH_FUZZY;DIFFERENT_OWNER_INSTITUTION
1412706171	21705170-d2b6-42de-8904-c3bca4b83591	CMMF014613	Fungi	Basidiomycota	Agaricomycetes	Agaricales	Cortinariaceae	Cortinarius	Cortinarius collinitus		SPECIES	Cortinarius muscigenus Peck	Cortinarius muscigenus Peck	Peck	CA	R. Langevin, Chicoutimi, Québec.	Québec	PRESENT		ff7bd5db-b724-4932-b496-10ea298851f9	48.400335	-71.03723	3500.0						1983-09-23	23	9	1983	2528691	7476637	PRESERVED_SPECIMEN	Université de Montréal Biodiversity Centre	CMMF	CMMF014613	2196	Guérin, Gérard		CC0_1_0	Université de Montréal Biodiversity Centre	Guérin, Gérard			2024-01-24T16:38:20.319Z	StillImage	INSTITUTION_MATCH_FUZZY;COLLECTION_MATCH_FUZZY;DIFFERENT_OWNER_INSTITUTION
