gbifID	datasetKey	occurrenceID	kingdom	phylum	class	order	family	genus	species	infraspecificEpithet	taxonRank	scientificName	verbatimScientificName	verbatimScientificNameAuthorship	countryCode	locality	stateProvince	occurrenceStatus	individualCount	publishingOrgKey	decimalLatitude	decimalLongitude	coordinateUncertaintyInMeters	coordinatePrecision	elevation	elevationAccuracy	depth	depthAccuracy	eventDate	day	month	year	taxonKey	speciesKey	basisOfRecord	institutionCode	collectionCode	catalogNumber	recordNumber	identifiedBy	dateIdentified	license	rightsHolder	recordedBy	typeStatus	establishmentMeans	lastInterpreted	mediaType	issue
694159260	d7cfd2ed-8af4-427f-a16e-eb66b7e2c419	31533	Fungi	Basidiomycota	Agaricomycetes	Polyporales	Polyporaceae	Ganoderma	Ganoderma lucidum		SPECIES	Ganoderma lucidum (Curtis) P.Karst.	Ganoderma lucidum (Curtis) P. Karst.	(Curtis) P. Karst.	CA	near Forest Ranger School	Ontario	PRESENT		ff418020-1d67-11d9-8435-b8a03c50a862	45.159467	-78.8451	768.0						1961-09-08	8	9	1961	2549730	2549730	PRESERVED_SPECIMEN	Royal Ontario Museum	TRTC	TRTC161249				CC0_1_0	Royal Ontario Museum	Hamley, J.;			2024-01-25T00:59:38.066Z		COORDINATE_ROUNDED;AMBIGUOUS_INSTITUTION
694156802	d7cfd2ed-8af4-427f-a16e-eb66b7e2c419	12927	Fungi	Basidiomycota	Agaricomycetes	Polyporales	Polyporaceae	Ganoderma	Ganoderma lucidum		SPECIES	Ganoderma lucidum (Curtis) P.Karst.	Ganoderma lucidum (Curtis) P. Karst.	(Curtis) P. Karst.	CA	Oxbow Lake	Ontario	PRESENT		ff418020-1d67-11d9-8435-b8a03c50a862	45.436105	-78.96698	1427.0						1941-08-16	16	8	1941	2549730	2549730	PRESERVED_SPECIMEN	Royal Ontario Museum	TRTC	TRTC018315		Cain, R.F.		CC0_1_0	Royal Ontario Museum	Cain, R.F.			2024-01-25T00:59:39.313Z		COORDINATE_ROUNDED;AMBIGUOUS_INSTITUTION
694156782	d7cfd2ed-8af4-427f-a16e-eb66b7e2c419	12611	Fungi	Basidiomycota	Agaricomycetes	Polyporales	Polyporaceae	Ganoderma	Ganoderma lucidum		SPECIES	Ganoderma lucidum (Curtis) P.Karst.	Ganoderma lucidum (Curtis) P. Karst.	(Curtis) P. Karst.	CA	Oxbow Lake	Ontario	PRESENT		ff418020-1d67-11d9-8435-b8a03c50a862	45.436105	-78.96698	1427.0						1941-08-14	14	8	1941	2549730	2549730	PRESERVED_SPECIMEN	Royal Ontario Museum	TRTC	TRTC018325		Cain, R.F.		CC0_1_0	Royal Ontario Museum	Cain, R.F.			2024-01-25T00:59:38.918Z		COORDINATE_ROUNDED;AMBIGUOUS_INSTITUTION
694156769	d7cfd2ed-8af4-427f-a16e-eb66b7e2c419	12464	Fungi	Basidiomycota	Agaricomycetes	Polyporales	Polyporaceae	Ganoderma	Ganoderma lucidum		SPECIES	Ganoderma lucidum (Curtis) P.Karst.	Ganoderma lucidum (Curtis) P. Karst.	(Curtis) P. Karst.	CA	Algonquin Provincial Park, Little McCauley Lake	Ontario	PRESENT		ff418020-1d67-11d9-8435-b8a03c50a862	45.593651	-78.280592	786.0						1940-08-24	24	8	1940	2549730	2549730	PRESERVED_SPECIMEN	Royal Ontario Museum	TRTC	TRTC017558		Cain, R.F.		CC0_1_0	Royal Ontario Museum	Cain, R.F.			2024-01-25T00:59:38.719Z		COORDINATE_ROUNDED;AMBIGUOUS_INSTITUTION
694156755	d7cfd2ed-8af4-427f-a16e-eb66b7e2c419	12362	Fungi	Basidiomycota	Agaricomycetes	Polyporales	Polyporaceae	Ganoderma	Ganoderma lucidum		SPECIES	Ganoderma lucidum (Curtis) P.Karst.	Ganoderma lucidum (Curtis) P. Karst.	(Curtis) P. Karst.	CA	Algonquin Provincial Park, Little Island Lake	Ontario	PRESENT		ff418020-1d67-11d9-8435-b8a03c50a862	45.527336	-78.642025	1028.0						1939-09-15	15	9	1939	2549730	2549730	PRESERVED_SPECIMEN	Royal Ontario Museum	TRTC	TRTC015725		Cain, R.F.		CC0_1_0	Royal Ontario Museum	Cain, R.F.			2024-01-25T00:59:38.174Z		COORDINATE_ROUNDED;AMBIGUOUS_INSTITUTION
4166248119	695cef75-b65f-4776-b2ed-74565eebb16e	02-01000610965	Fungi	Basidiomycota	Agaricomycetes	Polyporales	Polyporaceae	Ganoderma	Ganoderma lucidum		SPECIES	Ganoderma lucidum (Curtis) P.Karst.	Ganoderma lucidum	(Curtis) P. Karst.	CA	Nipissing Distr., Algonquin Provincial Park, behind staff house mile 13	Ontario	PRESENT		055bd978-2daa-4543-b3f0-44e0e87e86ca	45.55	-78.65							1974-05-18	18	5	1974	2549730	2549730	PRESERVED_SPECIMEN	AAFC	DAOM	186680		J.H. Ginns		CC_BY_4_0	©His Majesty the King in Right of Canada, as represented by the Minister of Agriculture and Agri-Food	P. Johnson			2025-01-12T05:11:16.137Z		GEODETIC_DATUM_ASSUMED_WGS84;CONTINENT_DERIVED_FROM_COORDINATES;TAXON_MATCH_TAXON_ID_IGNORED;INSTITUTION_MATCH_FUZZY
4100043319	d1a3b128-b406-46bb-a6d1-f3591dcc8a7b	01c127ec-1900-4ccb-ac31-d350491cd197	Fungi	Basidiomycota	Agaricomycetes	Polyporales	Polyporaceae	Ganoderma	Ganoderma lucidum		SPECIES	Ganoderma lucidum (Curtis) P.Karst.	Ganoderma lucidum	(Curtis) P. Karst.	CA	Fredricton	New Brunswick	PRESENT		e43cf4b8-849e-4fac-b075-e652d019d2cf	45.96359	-66.643115	4765.0						1947-09-01	1	9	1947	2549730	2549730	PRESERVED_SPECIMEN	BPI		BPI 236494				CC0_1_0		Spaulding P.			2025-01-15T04:59:24.323Z		CONTINENT_DERIVED_FROM_COORDINATES;TAXON_MATCH_TAXON_ID_IGNORED;INSTITUTION_MATCH_FUZZY
4099991413	d1a3b128-b406-46bb-a6d1-f3591dcc8a7b	e0da06a8-e8f2-4c7c-beaa-f06b6d0174a5	Fungi	Basidiomycota	Agaricomycetes	Polyporales	Polyporaceae	Ganoderma	Ganoderma lucidum		SPECIES	Ganoderma lucidum (Curtis) P.Karst.	Ganoderma lucidum	(Curtis) P. Karst.	CA	Kinburn	Ontario	PRESENT		e43cf4b8-849e-4fac-b075-e652d019d2cf	45.39164	-76.18905	301.0						1930-08-04	4	8	1930	2549730	2549730	PRESERVED_SPECIMEN	BPI		BPI 349626				CC0_1_0		Groves J. W.			2025-01-15T04:59:27.474Z		GEODETIC_DATUM_ASSUMED_WGS84;CONTINENT_DERIVED_FROM_COORDINATES;TAXON_MATCH_TAXON_ID_IGNORED;INSTITUTION_MATCH_FUZZY
4099895329	d1a3b128-b406-46bb-a6d1-f3591dcc8a7b	576180f6-cad7-4409-b4b9-61dc02b0b8ec	Fungi	Basidiomycota	Agaricomycetes	Polyporales	Polyporaceae	Ganoderma	Ganoderma lucidum		SPECIES	Ganoderma lucidum (Curtis) P.Karst.	Ganoderma lucidum	(Curtis) P. Karst.	CA	Burnet	Quebec	PRESENT		e43cf4b8-849e-4fac-b075-e652d019d2cf	45.568108	-75.849677	301.0										2549730	2549730	PRESERVED_SPECIMEN	BPI		BPI 236527				CC0_1_0		MACRAE Ruth			2025-01-15T04:59:24.425Z		GEODETIC_DATUM_ASSUMED_WGS84;CONTINENT_DERIVED_FROM_COORDINATES;TAXON_MATCH_TAXON_ID_IGNORED;INSTITUTION_MATCH_FUZZY
4099541411	d1a3b128-b406-46bb-a6d1-f3591dcc8a7b	0b10f202-c7d9-46e2-b6fb-19361d96e7d9	Fungi	Basidiomycota	Agaricomycetes	Polyporales	Polyporaceae	Ganoderma	Ganoderma lucidum		SPECIES	Ganoderma lucidum (Curtis) P.Karst.	Ganoderma lucidum	(Curtis) P. Karst.	CA	Farmers Rapids	Quebec	PRESENT		e43cf4b8-849e-4fac-b075-e652d019d2cf	45.495556	-75.761944	301.0						1931-09-25	25	9	1931	2549730	2549730	PRESERVED_SPECIMEN	BPI		BPI 349628				CC0_1_0		Riley C. G.; Conners; I. L.; MACRAE Ruth			2025-01-15T04:59:27.527Z		GEODETIC_DATUM_ASSUMED_WGS84;CONTINENT_DERIVED_FROM_COORDINATES;TAXON_MATCH_TAXON_ID_IGNORED;INSTITUTION_MATCH_FUZZY
4023440016	0f83123f-0c04-4556-8f4d-5a4e2a9bac66	http://id.luomus.fi/MY.4132707	Fungi	Basidiomycota	Agaricomycetes	Polyporales	Polyporaceae	Ganoderma	Ganoderma lucidum		SPECIES	Ganoderma lucidum (Curtis) P.Karst.	Ganoderma lucidum (Curtis : Fr.) P. Karst.		CA		Ontario	PRESENT		04fd2e13-6881-4e5c-9dd1-8fdd9ab993c1	45.4	-75.6							1930-08-04T00:00Z	4	8	1930	2549730	2549730	PRESERVED_SPECIMEN	H		http://id.luomus.fi/HA.H7042105				CC_BY_4_0		Groves, J. W.			2025-01-12T05:29:53.195Z		CONTINENT_DERIVED_FROM_COORDINATES;TAXON_MATCH_TAXON_ID_IGNORED;COLLECTION_MATCH_NONE;INSTITUTION_MATCH_FUZZY
3911603856	55585622-7aeb-4921-a07c-5ddc97de9c5b	MGYA00523567_Eukaryota:Fungi:Basidiomycota:Agaricomycetes:Polyporales:Polyporaceae:Ganoderma:Ganoderma_lucidum	Fungi	Basidiomycota	Agaricomycetes	Polyporales	Polyporaceae	Ganoderma	Ganoderma lucidum		SPECIES	Ganoderma lucidum (Curtis) P.Karst.	Ganoderma lucidum		CA	Varennes		PRESENT		ab733144-7043-4e88-bd4f-fca7bf858880	45.72	-73.37					0.15	0.0					2549730	2549730	MATERIAL_SAMPLE							CC_BY_4_0					2025-01-15T11:18:51.471Z		GEODETIC_DATUM_ASSUMED_WGS84;CONTINENT_DERIVED_FROM_COORDINATES
3911583429	55585622-7aeb-4921-a07c-5ddc97de9c5b	MGYA00524405_Eukaryota:Fungi:Basidiomycota:Agaricomycetes:Polyporales:Polyporaceae:Ganoderma:Ganoderma_lucidum	Fungi	Basidiomycota	Agaricomycetes	Polyporales	Polyporaceae	Ganoderma	Ganoderma lucidum		SPECIES	Ganoderma lucidum (Curtis) P.Karst.	Ganoderma lucidum		CA	Varennes		PRESENT		ab733144-7043-4e88-bd4f-fca7bf858880	45.72	-73.37					0.15	0.0					2549730	2549730	MATERIAL_SAMPLE							CC_BY_4_0					2025-01-15T11:18:51.067Z		GEODETIC_DATUM_ASSUMED_WGS84;CONTINENT_DERIVED_FROM_COORDINATES
3911565256	55585622-7aeb-4921-a07c-5ddc97de9c5b	MGYA00523572_Eukaryota:Fungi:Basidiomycota:Agaricomycetes:Polyporales:Polyporaceae:Ganoderma:Ganoderma_lucidum	Fungi	Basidiomycota	Agaricomycetes	Polyporales	Polyporaceae	Ganoderma	Ganoderma lucidum		SPECIES	Ganoderma lucidum (Curtis) P.Karst.	Ganoderma lucidum		CA	Varennes		PRESENT		ab733144-7043-4e88-bd4f-fca7bf858880	45.72	-73.37					0.15	0.0					2549730	2549730	MATERIAL_SAMPLE							CC_BY_4_0					2025-01-15T11:18:51.019Z		GEODETIC_DATUM_ASSUMED_WGS84;CONTINENT_DERIVED_FROM_COORDINATES
3911564578	55585622-7aeb-4921-a07c-5ddc97de9c5b	MGYA00578612_Eukaryota:Fungi:Basidiomycota:Agaricomycetes:Polyporales:Polyporaceae:Ganoderma:Ganoderma_lucidum	Fungi	Basidiomycota	Agaricomycetes	Polyporales	Polyporaceae	Ganoderma	Ganoderma lucidum		SPECIES	Ganoderma lucidum (Curtis) P.Karst.	Ganoderma lucidum		CA	Varennes		PRESENT		ab733144-7043-4e88-bd4f-fca7bf858880	45.72	-73.37					0.15	0.0					2549730	2549730	MATERIAL_SAMPLE							CC_BY_4_0					2025-01-15T11:18:50.839Z		GEODETIC_DATUM_ASSUMED_WGS84;CONTINENT_DERIVED_FROM_COORDINATES
3911479252	55585622-7aeb-4921-a07c-5ddc97de9c5b	MGYA00524651_Eukaryota:Fungi:Basidiomycota:Agaricomycetes:Polyporales:Polyporaceae:Ganoderma:Ganoderma_lucidum	Fungi	Basidiomycota	Agaricomycetes	Polyporales	Polyporaceae	Ganoderma	Ganoderma lucidum		SPECIES	Ganoderma lucidum (Curtis) P.Karst.	Ganoderma lucidum		CA	Varennes		PRESENT		ab733144-7043-4e88-bd4f-fca7bf858880	45.72	-73.37					0.15	0.0					2549730	2549730	MATERIAL_SAMPLE							CC_BY_4_0					2025-01-15T11:18:48Z		GEODETIC_DATUM_ASSUMED_WGS84;CONTINENT_DERIVED_FROM_COORDINATES
3911419650	55585622-7aeb-4921-a07c-5ddc97de9c5b	MGYA00523317_Eukaryota:Fungi:Basidiomycota:Agaricomycetes:Polyporales:Polyporaceae:Ganoderma:Ganoderma_lucidum	Fungi	Basidiomycota	Agaricomycetes	Polyporales	Polyporaceae	Ganoderma	Ganoderma lucidum		SPECIES	Ganoderma lucidum (Curtis) P.Karst.	Ganoderma lucidum		CA	Varennes		PRESENT		ab733144-7043-4e88-bd4f-fca7bf858880	45.72	-73.37					0.15	0.0					2549730	2549730	MATERIAL_SAMPLE							CC_BY_4_0					2025-01-15T11:18:44.403Z		GEODETIC_DATUM_ASSUMED_WGS84;CONTINENT_DERIVED_FROM_COORDINATES
3911416076	55585622-7aeb-4921-a07c-5ddc97de9c5b	MGYA00523557_Eukaryota:Fungi:Basidiomycota:Agaricomycetes:Polyporales:Polyporaceae:Ganoderma:Ganoderma_lucidum	Fungi	Basidiomycota	Agaricomycetes	Polyporales	Polyporaceae	Ganoderma	Ganoderma lucidum		SPECIES	Ganoderma lucidum (Curtis) P.Karst.	Ganoderma lucidum		CA	Varennes		PRESENT		ab733144-7043-4e88-bd4f-fca7bf858880	45.72	-73.37					0.15	0.0					2549730	2549730	MATERIAL_SAMPLE							CC_BY_4_0					2025-01-15T11:18:44.242Z		GEODETIC_DATUM_ASSUMED_WGS84;CONTINENT_DERIVED_FROM_COORDINATES
3911353428	55585622-7aeb-4921-a07c-5ddc97de9c5b	MGYA00578595_Eukaryota:Fungi:Basidiomycota:Agaricomycetes:Polyporales:Polyporaceae:Ganoderma:Ganoderma_lucidum	Fungi	Basidiomycota	Agaricomycetes	Polyporales	Polyporaceae	Ganoderma	Ganoderma lucidum		SPECIES	Ganoderma lucidum (Curtis) P.Karst.	Ganoderma lucidum		CA	Varennes		PRESENT		ab733144-7043-4e88-bd4f-fca7bf858880	45.72	-73.37					0.15	0.0					2549730	2549730	MATERIAL_SAMPLE							CC_BY_4_0					2025-01-15T11:18:40.634Z		GEODETIC_DATUM_ASSUMED_WGS84;CONTINENT_DERIVED_FROM_COORDINATES
3911340772	55585622-7aeb-4921-a07c-5ddc97de9c5b	MGYA00523070_Eukaryota:Fungi:Basidiomycota:Agaricomycetes:Polyporales:Polyporaceae:Ganoderma:Ganoderma_lucidum	Fungi	Basidiomycota	Agaricomycetes	Polyporales	Polyporaceae	Ganoderma	Ganoderma lucidum		SPECIES	Ganoderma lucidum (Curtis) P.Karst.	Ganoderma lucidum		CA	Varennes		PRESENT		ab733144-7043-4e88-bd4f-fca7bf858880	45.72	-73.37					0.15	0.0					2549730	2549730	MATERIAL_SAMPLE							CC_BY_4_0					2025-01-15T11:18:39.995Z		GEODETIC_DATUM_ASSUMED_WGS84;CONTINENT_DERIVED_FROM_COORDINATES
3911340592	55585622-7aeb-4921-a07c-5ddc97de9c5b	MGYA00578667_Eukaryota:Fungi:Basidiomycota:Agaricomycetes:Polyporales:Polyporaceae:Ganoderma:Ganoderma_lucidum	Fungi	Basidiomycota	Agaricomycetes	Polyporales	Polyporaceae	Ganoderma	Ganoderma lucidum		SPECIES	Ganoderma lucidum (Curtis) P.Karst.	Ganoderma lucidum		CA	Varennes		PRESENT		ab733144-7043-4e88-bd4f-fca7bf858880	45.72	-73.37					0.15	0.0					2549730	2549730	MATERIAL_SAMPLE							CC_BY_4_0					2025-01-15T11:18:39.950Z		GEODETIC_DATUM_ASSUMED_WGS84;CONTINENT_DERIVED_FROM_COORDINATES
3911331664	55585622-7aeb-4921-a07c-5ddc97de9c5b	MGYA00523561_Eukaryota:Fungi:Basidiomycota:Agaricomycetes:Polyporales:Polyporaceae:Ganoderma:Ganoderma_lucidum	Fungi	Basidiomycota	Agaricomycetes	Polyporales	Polyporaceae	Ganoderma	Ganoderma lucidum		SPECIES	Ganoderma lucidum (Curtis) P.Karst.	Ganoderma lucidum		CA	Varennes		PRESENT		ab733144-7043-4e88-bd4f-fca7bf858880	45.72	-73.37					0.15	0.0					2549730	2549730	MATERIAL_SAMPLE							CC_BY_4_0					2025-01-15T11:18:39.439Z		GEODETIC_DATUM_ASSUMED_WGS84;CONTINENT_DERIVED_FROM_COORDINATES
3911273449	55585622-7aeb-4921-a07c-5ddc97de9c5b	MGYA00524962_Eukaryota:Fungi:Basidiomycota:Agaricomycetes:Polyporales:Polyporaceae:Ganoderma:Ganoderma_lucidum	Fungi	Basidiomycota	Agaricomycetes	Polyporales	Polyporaceae	Ganoderma	Ganoderma lucidum		SPECIES	Ganoderma lucidum (Curtis) P.Karst.	Ganoderma lucidum		CA	Varennes		PRESENT		ab733144-7043-4e88-bd4f-fca7bf858880	45.72	-73.37					0.15	0.0					2549730	2549730	MATERIAL_SAMPLE							CC_BY_4_0					2025-01-15T11:18:37.343Z		GEODETIC_DATUM_ASSUMED_WGS84;CONTINENT_DERIVED_FROM_COORDINATES
3911236686	55585622-7aeb-4921-a07c-5ddc97de9c5b	MGYA00578660_Eukaryota:Fungi:Basidiomycota:Agaricomycetes:Polyporales:Polyporaceae:Ganoderma:Ganoderma_lucidum	Fungi	Basidiomycota	Agaricomycetes	Polyporales	Polyporaceae	Ganoderma	Ganoderma lucidum		SPECIES	Ganoderma lucidum (Curtis) P.Karst.	Ganoderma lucidum		CA	Varennes		PRESENT		ab733144-7043-4e88-bd4f-fca7bf858880	45.72	-73.37					0.15	0.0					2549730	2549730	MATERIAL_SAMPLE							CC_BY_4_0					2025-01-15T11:18:36.039Z		GEODETIC_DATUM_ASSUMED_WGS84;CONTINENT_DERIVED_FROM_COORDINATES
3893630389	8fe64528-38fe-47c8-938a-b2ab603a653a	MSC0231209	Fungi	Basidiomycota	Agaricomycetes	Polyporales	Polyporaceae	Ganoderma	Ganoderma lucidum		SPECIES	Ganoderma lucidum (Curtis) P.Karst.	Ganoderma lucidum	(Curtis) P. Karst.	CA	Island Lake, Algonquin Park	Ontario	PRESENT		41d6acb0-48b5-11db-a1c2-b8a03c50a862	45.665	-77.829444	587.0						1939-09-15	15	9	1939	2549730	2549730	PRESERVED_SPECIMEN	MSC		MSC0231209	15725	R. F. Cain		CC_BY_4_0		R. F. Cain			2025-01-15T11:18:55.913Z	StillImage	CONTINENT_DERIVED_FROM_COORDINATES;TAXON_MATCH_TAXON_ID_IGNORED;COLLECTION_MATCH_NONE;INSTITUTION_MATCH_FUZZY
2423614845	21705170-d2b6-42de-8904-c3bca4b83591	CMMF020595	Fungi	Basidiomycota	Agaricomycetes	Polyporales	Polyporaceae	Ganoderma	Ganoderma lucidum		SPECIES	Ganoderma lucidum (Curtis) P.Karst.	Ganoderma lucidum (Curtis) P. Karst.	(Curtis) P. Karst.	CA	Granby, P.Q.	Quebec	PRESENT		ff7bd5db-b724-4932-b496-10ea298851f9	45.403229	-72.734066	7500.0						1946-07-24	24	7	1946	2549730	2549730	PRESERVED_SPECIMEN	Université de Montréal Biodiversity Centre	CMMF	CMMF020595	402	Macrae, Ruth		CC0_1_0	Université de Montréal Biodiversity Centre	Fabius, Fr.			2024-01-24T16:38:15.872Z		INSTITUTION_MATCH_FUZZY;COLLECTION_MATCH_FUZZY;DIFFERENT_OWNER_INSTITUTION
1990301796	032f1fbe-d21f-407d-be46-5cd1bb1ea397	bfc29c45-92af-4047-ace8-5ac286beaab8	Fungi	Basidiomycota	Agaricomycetes	Polyporales	Polyporaceae	Ganoderma	Ganoderma lucidum		SPECIES	Ganoderma lucidum (Curtis) P.Karst.	Ganoderma lucidum	(Curtis) P. Karst.	CA	Glenmont	Nova Scotia	PRESENT		61c539d8-47e0-4b82-875f-b95aad66dcd4	45.1875	-64.493056							1965-07-05	5	7	1965	2549730	2549730	PRESERVED_SPECIMEN	TENN-F		TENN-F-028588	RHP28588			CC0_1_0		R.H. Petersen			2025-01-12T10:33:39.422Z		COORDINATE_ROUNDED;GEODETIC_DATUM_ASSUMED_WGS84;CONTINENT_DERIVED_FROM_COORDINATES;TAXON_MATCH_TAXON_ID_IGNORED;INSTITUTION_MATCH_NONE
1990288392	032f1fbe-d21f-407d-be46-5cd1bb1ea397	3e2125cf-2b83-4681-93a4-a20f8e410119	Fungi	Basidiomycota	Agaricomycetes	Polyporales	Polyporaceae	Ganoderma	Ganoderma lucidum		SPECIES	Ganoderma lucidum (Curtis) P.Karst.	Ganoderma lucidum	(Curtis) P. Karst.	CA	Whitney, Island Lake, Algonquin Park	Ontario	PRESENT		61c539d8-47e0-4b82-875f-b95aad66dcd4	45.643056	-78.636111							1939-09-15	15	9	1939	2549730	2549730	PRESERVED_SPECIMEN	TENN-F		TENN-F-014831	RFC15725			CC0_1_0		R.F. Cain			2025-01-12T10:33:40.669Z		COORDINATE_ROUNDED;GEODETIC_DATUM_ASSUMED_WGS84;CONTINENT_DERIVED_FROM_COORDINATES;TAXON_MATCH_TAXON_ID_IGNORED;INSTITUTION_MATCH_NONE
1987934957	ca1bcd7e-7387-42f9-81ba-1470db55e3e8	F8FE5EC8-65E1-FC40-86F1-F1C74D815C87	Fungi	Basidiomycota	Agaricomycetes	Polyporales	Polyporaceae	Ganoderma	Ganoderma lucidum		SPECIES	Ganoderma lucidum (Curtis) P.Karst.	Ganoderma lucidum	(Curtis) P. Karst.	CA	Magog	Quebec	PRESENT		b542788f-0dc2-4a2b-b652-fceced449591	45.266667	-72.15							1993-07		7	1993	2549730	2549730	PRESERVED_SPECIMEN	BBM	UBC	F017536	PK 1684			CC0_1_0	The University of British Columbia	Paul Kroeger			2024-11-19T11:24:50.290Z		GEODETIC_DATUM_ASSUMED_WGS84;CONTINENT_DERIVED_FROM_COORDINATES;INSTITUTION_MATCH_FUZZY
1412708982	21705170-d2b6-42de-8904-c3bca4b83591	CMMF017439	Fungi	Basidiomycota	Agaricomycetes	Polyporales	Polyporaceae	Ganoderma	Ganoderma lucidum		SPECIES	Ganoderma lucidum (Curtis) P.Karst.	Ganoderma lucidum (Curtis) P. Karst.	(Curtis) P. Karst.	CA	Héritage, Québec.	Québec	PRESENT		ff7bd5db-b724-4932-b496-10ea298851f9	45.680872	-73.495831	750.0						1981-06-23	23	6	1981	2549730	2549730	PRESERVED_SPECIMEN	Université de Montréal Biodiversity Centre	CMMF	CMMF017439	1981-39A	Cyr, A.		CC0_1_0	Université de Montréal Biodiversity Centre	Cyr, A.			2024-01-24T16:38:15.743Z		INSTITUTION_MATCH_FUZZY;COLLECTION_MATCH_FUZZY;DIFFERENT_OWNER_INSTITUTION
1412708918	21705170-d2b6-42de-8904-c3bca4b83591	CMMF017441	Fungi	Basidiomycota	Agaricomycetes	Polyporales	Polyporaceae	Ganoderma	Ganoderma lucidum		SPECIES	Ganoderma lucidum (Curtis) P.Karst.	Ganoderma lucidum (Curtis) P. Karst.	(Curtis) P. Karst.	CA	Héritage, Québec.	Québec	PRESENT		ff7bd5db-b724-4932-b496-10ea298851f9	45.680872	-73.495831	750.0						1981-06-23	23	6	1981	2549730	2549730	PRESERVED_SPECIMEN	Université de Montréal Biodiversity Centre	CMMF	CMMF017441	1981-39B	Cyr, A.		CC0_1_0	Université de Montréal Biodiversity Centre	Cyr, A.			2024-01-24T16:38:15.744Z		INSTITUTION_MATCH_FUZZY;COLLECTION_MATCH_FUZZY;DIFFERENT_OWNER_INSTITUTION
1412707559	21705170-d2b6-42de-8904-c3bca4b83591	CMMF016037	Fungi	Basidiomycota	Agaricomycetes	Polyporales	Polyporaceae	Ganoderma	Ganoderma lucidum		SPECIES	Ganoderma lucidum (Curtis) P.Karst.	Ganoderma lucidum (Curtis) P. Karst.	(Curtis) P. Karst.	CA	Loretteville, Québec.	Québec	PRESENT		ff7bd5db-b724-4932-b496-10ea298851f9	46.867482	-71.384379	8000.0						1979-09		9	1979	2549730	2549730	PRESERVED_SPECIMEN	Université de Montréal Biodiversity Centre	CMMF	CMMF016037		Sirard, Léas		CC0_1_0	Université de Montréal Biodiversity Centre	Sirard, Léas			2024-01-24T16:38:18.501Z		INSTITUTION_MATCH_FUZZY;COLLECTION_MATCH_FUZZY;DIFFERENT_OWNER_INSTITUTION
1412707538	21705170-d2b6-42de-8904-c3bca4b83591	CMMF016038	Fungi	Basidiomycota	Agaricomycetes	Polyporales	Polyporaceae	Ganoderma	Ganoderma lucidum		SPECIES	Ganoderma lucidum (Curtis) P.Karst.	Ganoderma lucidum (Curtis) P. Karst.	(Curtis) P. Karst.	CA	Ville Laval (Montréal), Québec.	Québec	PRESENT		ff7bd5db-b724-4932-b496-10ea298851f9	45.609608	-73.705867	17500.0						1988-09-21	21	9	1988	2549730	2549730	PRESERVED_SPECIMEN	Université de Montréal Biodiversity Centre	CMMF	CMMF016038		Ginns, Jim H.	1989-10-01T00:00:00	CC0_1_0	Université de Montréal Biodiversity Centre	Sirard, Léas; Boulet, Bruno			2024-01-24T16:38:18.500Z		INSTITUTION_MATCH_FUZZY;COLLECTION_MATCH_FUZZY;DIFFERENT_OWNER_INSTITUTION
1412707537	21705170-d2b6-42de-8904-c3bca4b83591	CMMF016039	Fungi	Basidiomycota	Agaricomycetes	Polyporales	Polyporaceae	Ganoderma	Ganoderma lucidum		SPECIES	Ganoderma lucidum (Curtis) P.Karst.	Ganoderma lucidum (Curtis) P. Karst.	(Curtis) P. Karst.	CA	Parc Malborough, Cartierville, Québec.	Québec	PRESENT		ff7bd5db-b724-4932-b496-10ea298851f9	45.52295	-73.720567	250.0						1982-09		9	1982	2549730	2549730	PRESERVED_SPECIMEN	Université de Montréal Biodiversity Centre	CMMF	CMMF016039		Sirard, Léas		CC0_1_0	Université de Montréal Biodiversity Centre	Sirard, Léas			2024-01-24T16:38:18.500Z		INSTITUTION_MATCH_FUZZY;COLLECTION_MATCH_FUZZY;DIFFERENT_OWNER_INSTITUTION
1412707486	21705170-d2b6-42de-8904-c3bca4b83591	CMMF016040	Fungi	Basidiomycota	Agaricomycetes	Polyporales	Polyporaceae	Ganoderma	Ganoderma lucidum		SPECIES	Ganoderma lucidum (Curtis) P.Karst.	Ganoderma lucidum (Curtis) P. Karst.	(Curtis) P. Karst.	CA	Bois de Coulonge, Québec.	Québec	PRESENT		ff7bd5db-b724-4932-b496-10ea298851f9	46.788919	-71.24025	1000.0						1971-09-20/1971-12-20			1971	2549730	2549730	PRESERVED_SPECIMEN	Université de Montréal Biodiversity Centre	CMMF	CMMF016040		Sirard, Léas		CC0_1_0	Université de Montréal Biodiversity Centre	Sirard, Léas			2024-01-24T16:38:18.497Z		INSTITUTION_MATCH_FUZZY;COLLECTION_MATCH_FUZZY;DIFFERENT_OWNER_INSTITUTION
1412704284	21705170-d2b6-42de-8904-c3bca4b83591	CMMF012365	Fungi	Basidiomycota	Agaricomycetes	Polyporales	Polyporaceae	Ganoderma	Ganoderma lucidum		SPECIES	Ganoderma lucidum (Curtis) P.Karst.	Ganoderma lucidum (Curtis) P. Karst.	(Curtis) P. Karst.	CA	Granby, Québec.	Québec	PRESENT		ff7bd5db-b724-4932-b496-10ea298851f9	45.4	-72.733333	5000.0						1946-06-28	28	6	1946	2549730	2549730	PRESERVED_SPECIMEN	Université de Montréal Biodiversity Centre	CMMF	CMMF012365	245	Macrae, R.		CC0_1_0	Université de Montréal Biodiversity Centre	Fabius, Fr.			2024-01-24T16:38:20.842Z		INSTITUTION_MATCH_FUZZY;COLLECTION_MATCH_FUZZY;DIFFERENT_OWNER_INSTITUTION
1144843120	81e6cff2-b409-417e-8c72-e1bbafb7c61f	b36d78d8-0482-4f5f-adf7-56a171cca7bf	Fungi	Basidiomycota	Agaricomycetes	Polyporales	Polyporaceae	Ganoderma	Ganoderma lucidum		SPECIES	Ganoderma lucidum (Curtis) P.Karst.	Ganoderma lucidum	(M. A. Curtis ex Fr.) P. Karst.	CA	Iberville	Québec	PRESENT		7b8aff00-a9f8-11d8-944b-b8a03c50a862	45.316667	-73.233333							1952-05-30	30	5	1952	2549730	2549730	PRESERVED_SPECIMEN	F	Botany	C0202497F		P. Ponce de León		CC0_1_0	The Field Museum of Natural History	Frère Marie-Anselme			2024-02-20T16:06:26.436Z		GEODETIC_DATUM_ASSUMED_WGS84;MODIFIED_DATE_INVALID;AMBIGUOUS_COLLECTION;INSTITUTION_MATCH_FUZZY
1144811633	81e6cff2-b409-417e-8c72-e1bbafb7c61f	20881fec-21ef-4540-b08a-d6086772f2b0	Fungi	Basidiomycota	Agaricomycetes	Polyporales	Polyporaceae	Ganoderma	Ganoderma lucidum		SPECIES	Ganoderma lucidum (Curtis) P.Karst.	Ganoderma lucidum	(M. A. Curtis ex Fr.) P. Karst.	CA	Iberville	Québec	PRESENT		7b8aff00-a9f8-11d8-944b-b8a03c50a862	45.316667	-73.233333							1957-10-15	15	10	1957	2549730	2549730	PRESERVED_SPECIMEN	F	Botany	C0202498F		P. Ponce de León		CC0_1_0	The Field Museum of Natural History	Frère Marie-Anselme			2024-02-20T16:06:10.125Z		GEODETIC_DATUM_ASSUMED_WGS84;MODIFIED_DATE_INVALID;AMBIGUOUS_COLLECTION;INSTITUTION_MATCH_FUZZY
