gbifID	datasetKey	occurrenceID	kingdom	phylum	class	order	family	genus	species	infraspecificEpithet	taxonRank	scientificName	verbatimScientificName	verbatimScientificNameAuthorship	countryCode	locality	stateProvince	occurrenceStatus	individualCount	publishingOrgKey	decimalLatitude	decimalLongitude	coordinateUncertaintyInMeters	coordinatePrecision	elevation	elevationAccuracy	depth	depthAccuracy	eventDate	day	month	year	taxonKey	speciesKey	basisOfRecord	institutionCode	collectionCode	catalogNumber	recordNumber	identifiedBy	dateIdentified	license	rightsHolder	recordedBy	typeStatus	establishmentMeans	lastInterpreted	mediaType	issue
694156969	d7cfd2ed-8af4-427f-a16e-eb66b7e2c419	13905	Fungi	Basidiomycota	Agaricomycetes	Agaricales	Mycenaceae	Xeromphalina	Xeromphalina campanella		SPECIES	Xeromphalina campanella (Batsch) Kühner & Maire	Xeromphalina campanella (Batsch) Maire	(Batsch) Maire	CA	Algonquin Provincial Park	Ontario	PRESENT		ff418020-1d67-11d9-8435-b8a03c50a862	45.759859	-78.376465	67511.0						2007-10-05	5	10	2007	2527302	2527302	PRESERVED_SPECIMEN	Royal Ontario Museum	TRTC	TRTC157027	ALG07_203			CC0_1_0	Royal Ontario Museum	Maryna Didukh; Dentiger Bryn			2024-01-25T00:59:38.814Z	StillImage	COORDINATE_ROUNDED;AMBIGUOUS_INSTITUTION
617551943	21705170-d2b6-42de-8904-c3bca4b83591	CMMF000293	Fungi	Basidiomycota	Agaricomycetes	Agaricales	Mycenaceae	Xeromphalina	Xeromphalina campanella		SPECIES	Xeromphalina campanella (Batsch) Kühner & Maire	Xeromphalina campanella (Batsch) Maire	(Batsch) Maire	CA	Contrecoeur	Québec	PRESENT		ff7bd5db-b724-4932-b496-10ea298851f9	45.876777	-73.209987	12000.0						1988-09-04	4	9	1988	2527302	2527302	PRESERVED_SPECIMEN	Université de Montréal Biodiversity Centre	CMMF	CMMF000293		Lamoureux, Yves		CC0_1_0	Université de Montréal Biodiversity Centre	Lamoureux, Yves			2024-01-24T16:38:20.724Z	StillImage	INSTITUTION_MATCH_FUZZY;COLLECTION_MATCH_FUZZY;DIFFERENT_OWNER_INSTITUTION
617550585	21705170-d2b6-42de-8904-c3bca4b83591	CMMF002341	Fungi	Basidiomycota	Agaricomycetes	Agaricales	Mycenaceae	Xeromphalina	Xeromphalina campanella		SPECIES	Xeromphalina campanella (Batsch) Kühner & Maire	Xeromphalina campanella (Batsch) Maire	(Batsch) Maire	CA	Oka	Québec	PRESENT		ff7bd5db-b724-4932-b496-10ea298851f9	45.485445	-74.079213	8500.0						1995-05-16	16	5	1995	2527302	2527302	PRESERVED_SPECIMEN	Université de Montréal Biodiversity Centre	CMMF	CMMF002341		Lamoureux, Yves		CC0_1_0	Université de Montréal Biodiversity Centre	Rocheleau, Louise			2024-01-24T16:38:19.454Z	StillImage	INSTITUTION_MATCH_FUZZY;COLLECTION_MATCH_FUZZY;DIFFERENT_OWNER_INSTITUTION
617548239	21705170-d2b6-42de-8904-c3bca4b83591	CMMF001318	Fungi	Basidiomycota	Agaricomycetes	Agaricales	Mycenaceae	Xeromphalina	Xeromphalina campanella		SPECIES	Xeromphalina campanella (Batsch) Kühner & Maire	Xeromphalina campanella (Batsch) Maire	(Batsch) Maire	CA	Magog	Québec	PRESENT		ff7bd5db-b724-4932-b496-10ea298851f9	45.266184	-72.137984	5000.0						1991-05-29	29	5	1991	2527302	2527302	PRESERVED_SPECIMEN	Université de Montréal Biodiversity Centre	CMMF	CMMF001318		Lamoureux, Yves		CC0_1_0	Université de Montréal Biodiversity Centre	Lamoureux, Yves			2024-01-24T16:38:17.508Z	StillImage	INSTITUTION_MATCH_FUZZY;COLLECTION_MATCH_FUZZY;DIFFERENT_OWNER_INSTITUTION
5007849873	50c9509d-22c7-4a22-a47d-8c48425ef4a7	https://www.inaturalist.org/observations/244066259	Fungi	Basidiomycota	Agaricomycetes	Agaricales	Mycenaceae	Xeromphalina	Xeromphalina campanella		SPECIES	Xeromphalina campanella (Batsch) Kühner & Maire	Xeromphalina campanella		CA		New Brunswick	PRESENT		28eb1a3f-1c15-4a95-931a-4af90ecb574d	46.770163	-64.963263	8.0						2024-09-22T15:43:07	22	9	2024	2527302	2527302	HUMAN_OBSERVATION	iNaturalist	Observations	244066259		Aaron Clausen	2024-09-26T00:59:06	CC_BY_NC_4_0	Aaron Clausen	Aaron Clausen			2025-01-14T12:57:24.714Z	StillImage	COORDINATE_ROUNDED;CONTINENT_DERIVED_FROM_COORDINATES;TAXON_MATCH_TAXON_ID_IGNORED
4993876437	50c9509d-22c7-4a22-a47d-8c48425ef4a7	https://www.inaturalist.org/observations/25733999	Fungi	Basidiomycota	Agaricomycetes	Agaricales	Mycenaceae	Xeromphalina	Xeromphalina campanella		SPECIES	Xeromphalina campanella (Batsch) Kühner & Maire	Xeromphalina campanella		CA		Québec	PRESENT		28eb1a3f-1c15-4a95-931a-4af90ecb574d	46.30021	-73.093726	5.0						2019-05-25T10:32:40	25	5	2019	2527302	2527302	HUMAN_OBSERVATION	iNaturalist	Observations	25733999		Ariel Bonkoski	2023-05-23T03:36:23	CC_BY_NC_4_0	timfoster	timfoster			2025-01-14T13:01:53.075Z	StillImage	COORDINATE_ROUNDED;CONTINENT_DERIVED_FROM_COORDINATES;TAXON_MATCH_TAXON_ID_IGNORED
4978524525	50c9509d-22c7-4a22-a47d-8c48425ef4a7	https://www.inaturalist.org/observations/249891293	Fungi	Basidiomycota	Agaricomycetes	Agaricales	Mycenaceae	Xeromphalina	Xeromphalina campanella		SPECIES	Xeromphalina campanella (Batsch) Kühner & Maire	Xeromphalina campanella		CA		Québec	PRESENT		28eb1a3f-1c15-4a95-931a-4af90ecb574d	45.50589	-76.019493	3925.0						2024-10-31T11:10:57	31	10	2024	2527302	2527302	HUMAN_OBSERVATION	iNaturalist	Observations	249891293		hendrixmom	2024-10-31T15:11:06	CC_BY_NC_4_0	hendrixmom	hendrixmom			2025-01-14T13:43:40.801Z	StillImage	COORDINATE_ROUNDED;CONTINENT_DERIVED_FROM_COORDINATES;TAXON_MATCH_TAXON_ID_IGNORED
4945702887	50c9509d-22c7-4a22-a47d-8c48425ef4a7	https://www.inaturalist.org/observations/27507353	Fungi	Basidiomycota	Agaricomycetes	Agaricales	Mycenaceae	Xeromphalina	Xeromphalina campanella		SPECIES	Xeromphalina campanella (Batsch) Kühner & Maire	Xeromphalina campanella		CA		Ontario	PRESENT		28eb1a3f-1c15-4a95-931a-4af90ecb574d	45.91515	-77.583542	24.0						2019-06-03T12:51:06	3	6	2019	2527302	2527302	HUMAN_OBSERVATION	iNaturalist	Observations	27507353		Peter Simons	2019-06-23T15:47:39	CC0_1_0	Peter Simons	Peter Simons			2025-01-14T12:07:53.466Z		COORDINATE_ROUNDED;CONTINENT_DERIVED_FROM_COORDINATES;TAXON_MATCH_TAXON_ID_IGNORED
4935891699	50c9509d-22c7-4a22-a47d-8c48425ef4a7	https://www.inaturalist.org/observations/90792984	Fungi	Basidiomycota	Agaricomycetes	Agaricales	Mycenaceae	Xeromphalina	Xeromphalina campanella		SPECIES	Xeromphalina campanella (Batsch) Kühner & Maire	Xeromphalina campanella		CA		New Brunswick	PRESENT		28eb1a3f-1c15-4a95-931a-4af90ecb574d	45.956557	-66.661419	32.0						2021-08-11T13:47:09	11	8	2021	2527302	2527302	HUMAN_OBSERVATION	iNaturalist	Observations	90792984		adamfritz	2021-08-11T16:47:54	CC_BY_4_0	adamfritz	adamfritz			2025-01-14T13:13:24.658Z	StillImage	COORDINATE_ROUNDED;CONTINENT_DERIVED_FROM_COORDINATES;TAXON_MATCH_TAXON_ID_IGNORED
4901326203	50c9509d-22c7-4a22-a47d-8c48425ef4a7	https://www.inaturalist.org/observations/224768385	Fungi	Basidiomycota	Agaricomycetes	Agaricales	Mycenaceae	Xeromphalina	Xeromphalina campanella		SPECIES	Xeromphalina campanella (Batsch) Kühner & Maire	Xeromphalina campanella		CA		Québec	PRESENT		28eb1a3f-1c15-4a95-931a-4af90ecb574d	45.872811	-76.4339	501.0						2024-06-21T09:56	21	6	2024	2527302	2527302	HUMAN_OBSERVATION	iNaturalist	Observations	224768385		L Joan Heyding	2024-06-23T23:26:54	CC_BY_NC_4_0	L Joan Heyding	L Joan Heyding			2025-01-14T12:48:39.810Z	StillImage	COORDINATE_ROUNDED;CONTINENT_DERIVED_FROM_COORDINATES;TAXON_MATCH_TAXON_ID_IGNORED
4875065769	50c9509d-22c7-4a22-a47d-8c48425ef4a7	https://www.inaturalist.org/observations/219416672	Fungi	Basidiomycota	Agaricomycetes	Agaricales	Mycenaceae	Xeromphalina	Xeromphalina campanella		SPECIES	Xeromphalina campanella (Batsch) Kühner & Maire	Xeromphalina campanella		CA		New Brunswick	PRESENT		28eb1a3f-1c15-4a95-931a-4af90ecb574d	45.378575	-65.929047	20.0						2024-05-24T17:34:16	24	5	2024	2527302	2527302	HUMAN_OBSERVATION	iNaturalist	Observations	219416672		noppoly	2024-05-30T22:07:24	CC_BY_NC_4_0	noppoly	noppoly			2025-01-14T12:54:28.428Z	StillImage	COORDINATE_ROUNDED;CONTINENT_DERIVED_FROM_COORDINATES;TAXON_MATCH_TAXON_ID_IGNORED
4855556183	50c9509d-22c7-4a22-a47d-8c48425ef4a7	https://www.inaturalist.org/observations/214255540	Fungi	Basidiomycota	Agaricomycetes	Agaricales	Mycenaceae	Xeromphalina	Xeromphalina campanella		SPECIES	Xeromphalina campanella (Batsch) Kühner & Maire	Xeromphalina campanella		CA		Québec	PRESENT		28eb1a3f-1c15-4a95-931a-4af90ecb574d	45.872811	-76.4339	501.0						2024-05-06T14:16	6	5	2024	2527302	2527302	HUMAN_OBSERVATION	iNaturalist	Observations	214255540		L Joan Heyding	2024-05-07T20:17:19	CC_BY_NC_4_0	L Joan Heyding	L Joan Heyding			2025-01-14T12:45:08.776Z	StillImage	COORDINATE_ROUNDED;CONTINENT_DERIVED_FROM_COORDINATES;TAXON_MATCH_TAXON_ID_IGNORED
4854829383	50c9509d-22c7-4a22-a47d-8c48425ef4a7	https://www.inaturalist.org/observations/213495555	Fungi	Basidiomycota	Agaricomycetes	Agaricales	Mycenaceae	Xeromphalina	Xeromphalina campanella		SPECIES	Xeromphalina campanella (Batsch) Kühner & Maire	Xeromphalina campanella		CA		Ontario	PRESENT		28eb1a3f-1c15-4a95-931a-4af90ecb574d	45.437434	-76.028151	154.0						2024-05-04T09:44	4	5	2024	2527302	2527302	HUMAN_OBSERVATION	iNaturalist	Observations	213495555		L Joan Heyding	2024-05-04T19:40:23	CC_BY_NC_4_0	L Joan Heyding	L Joan Heyding			2025-01-14T12:44:51.566Z	StillImage	COORDINATE_ROUNDED;CONTINENT_DERIVED_FROM_COORDINATES;TAXON_MATCH_TAXON_ID_IGNORED
4852187821	50c9509d-22c7-4a22-a47d-8c48425ef4a7	https://www.inaturalist.org/observations/210520979	Fungi	Basidiomycota	Agaricomycetes	Agaricales	Mycenaceae	Xeromphalina	Xeromphalina campanella		SPECIES	Xeromphalina campanella (Batsch) Kühner & Maire	Xeromphalina campanella		CA		Ontario	PRESENT		28eb1a3f-1c15-4a95-931a-4af90ecb574d	45.333047	-76.378495	5.0						2024-04-27T11:18:04	27	4	2024	2527302	2527302	HUMAN_OBSERVATION	iNaturalist	Observations	210520979		Lynn Ovenden	2024-04-28T00:25:02	CC_BY_NC_4_0	Lynn Ovenden	Lynn Ovenden			2025-01-14T13:31:19.652Z	StillImage	COORDINATE_ROUNDED;CONTINENT_DERIVED_FROM_COORDINATES;TAXON_MATCH_TAXON_ID_IGNORED
4512206377	50c9509d-22c7-4a22-a47d-8c48425ef4a7	https://www.inaturalist.org/observations/58098307	Fungi	Basidiomycota	Agaricomycetes	Agaricales	Mycenaceae	Xeromphalina	Xeromphalina campanella		SPECIES	Xeromphalina campanella (Batsch) Kühner & Maire	Xeromphalina campanella		CA		Ontario	PRESENT		28eb1a3f-1c15-4a95-931a-4af90ecb574d	45.320397	-75.727178							2020-08-30T15:43	30	8	2020	2527302	2527302	HUMAN_OBSERVATION	iNaturalist	Observations	58098307		jonathan_mack	2020-08-30T23:41:40	CC_BY_NC_4_0	jonathan_mack	jonathan_mack			2025-01-14T13:09:37.866Z	StillImage	COORDINATE_ROUNDED;CONTINENT_DERIVED_FROM_COORDINATES;TAXON_MATCH_TAXON_ID_IGNORED
4512093434	50c9509d-22c7-4a22-a47d-8c48425ef4a7	https://www.inaturalist.org/observations/58910902	Fungi	Basidiomycota	Agaricomycetes	Agaricales	Mycenaceae	Xeromphalina	Xeromphalina campanella		SPECIES	Xeromphalina campanella (Batsch) Kühner & Maire	Xeromphalina campanella		CA		Ontario	PRESENT		28eb1a3f-1c15-4a95-931a-4af90ecb574d	45.469825	-75.513934	13.0						2020-09-07T13:37	7	9	2020	2527302	2527302	HUMAN_OBSERVATION	iNaturalist	Observations	58910902		jonathan_mack	2020-09-08T01:43:11	CC_BY_NC_4_0	jonathan_mack	jonathan_mack			2025-01-14T12:14:47.935Z	StillImage	COORDINATE_ROUNDED;CONTINENT_DERIVED_FROM_COORDINATES;TAXON_MATCH_TAXON_ID_IGNORED
4430632671	50c9509d-22c7-4a22-a47d-8c48425ef4a7	https://www.inaturalist.org/observations/187728656	Fungi	Basidiomycota	Agaricomycetes	Agaricales	Mycenaceae	Xeromphalina	Xeromphalina campanella		SPECIES	Xeromphalina campanella (Batsch) Kühner & Maire	Xeromphalina campanella		CA		Ontario	PRESENT		28eb1a3f-1c15-4a95-931a-4af90ecb574d	45.376837	-75.290629	84.0						2023-10-15T14:22	15	10	2023	2527302	2527302	HUMAN_OBSERVATION	iNaturalist	Observations	187728656		jonathan_mack	2023-10-16T02:01:19	CC_BY_NC_4_0	jonathan_mack	jonathan_mack			2025-01-14T12:42:23.524Z	StillImage	COORDINATE_ROUNDED;CONTINENT_DERIVED_FROM_COORDINATES;TAXON_MATCH_TAXON_ID_IGNORED
4405251537	50c9509d-22c7-4a22-a47d-8c48425ef4a7	https://www.inaturalist.org/observations/161275746	Fungi	Basidiomycota	Agaricomycetes	Agaricales	Mycenaceae	Xeromphalina	Xeromphalina campanella		SPECIES	Xeromphalina campanella (Batsch) Kühner & Maire	Xeromphalina campanella		CA		New Brunswick	PRESENT		28eb1a3f-1c15-4a95-931a-4af90ecb574d	45.923664	-66.650221							2023-05-12T15:20:16	12	5	2023	2527302	2527302	HUMAN_OBSERVATION	iNaturalist	Observations	161275746		Andrew MacPherson	2023-05-12T18:57:26	CC0_1_0	Andrew MacPherson	Andrew MacPherson			2025-01-14T13:29:54.923Z	StillImage	COORDINATE_ROUNDED;CONTINENT_DERIVED_FROM_COORDINATES;TAXON_MATCH_TAXON_ID_IGNORED
4405077350	50c9509d-22c7-4a22-a47d-8c48425ef4a7	https://www.inaturalist.org/observations/96962180	Fungi	Basidiomycota	Agaricomycetes	Agaricales	Mycenaceae	Xeromphalina	Xeromphalina campanella		SPECIES	Xeromphalina campanella (Batsch) Kühner & Maire	Xeromphalina campanella		CA		Québec	PRESENT		28eb1a3f-1c15-4a95-931a-4af90ecb574d	45.878219	-76.553449	27095.0						2021-09-30T10:51	30	9	2021	2527302	2527302	HUMAN_OBSERVATION	iNaturalist	Observations	96962180		L Joan Heyding	2021-10-03T00:11:37	CC_BY_NC_4_0	L Joan Heyding	L Joan Heyding			2025-01-14T12:21:35.622Z	StillImage	COORDINATE_ROUNDED;CONTINENT_DERIVED_FROM_COORDINATES;TAXON_MATCH_TAXON_ID_IGNORED
4405064470	50c9509d-22c7-4a22-a47d-8c48425ef4a7	https://www.inaturalist.org/observations/138297281	Fungi	Basidiomycota	Agaricomycetes	Agaricales	Mycenaceae	Xeromphalina	Xeromphalina campanella		SPECIES	Xeromphalina campanella (Batsch) Kühner & Maire	Xeromphalina campanella		CA		New Brunswick	PRESENT		28eb1a3f-1c15-4a95-931a-4af90ecb574d	45.791094	-66.85741							2022-10-10T15:28:01	10	10	2022	2527302	2527302	HUMAN_OBSERVATION	iNaturalist	Observations	138297281		cinna_latifolia	2022-10-24T04:53:31	CC0_1_0	Andrew MacPherson	Andrew MacPherson			2025-01-14T13:20:53.304Z	StillImage	COORDINATE_ROUNDED;CONTINENT_DERIVED_FROM_COORDINATES;TAXON_MATCH_TAXON_ID_IGNORED
4177511594	50c9509d-22c7-4a22-a47d-8c48425ef4a7	https://www.inaturalist.org/observations/178313420	Fungi	Basidiomycota	Agaricomycetes	Agaricales	Mycenaceae	Xeromphalina	Xeromphalina campanella		SPECIES	Xeromphalina campanella (Batsch) Kühner & Maire	Xeromphalina campanella		CA		Québec	PRESENT		28eb1a3f-1c15-4a95-931a-4af90ecb574d	45.495584	-73.778352	178.0						2023-08-13T17:54:49	13	8	2023	2527302	2527302	HUMAN_OBSERVATION	iNaturalist	Observations	178313420		M. C.	2023-08-14T03:57:39	CC_BY_NC_4_0	M. C.	M. C.			2025-01-14T13:31:59.404Z	StillImage	COORDINATE_ROUNDED;CONTINENT_DERIVED_FROM_COORDINATES;TAXON_MATCH_TAXON_ID_IGNORED
4177229231	50c9509d-22c7-4a22-a47d-8c48425ef4a7	https://www.inaturalist.org/observations/177478207	Fungi	Basidiomycota	Agaricomycetes	Agaricales	Mycenaceae	Xeromphalina	Xeromphalina campanella		SPECIES	Xeromphalina campanella (Batsch) Kühner & Maire	Xeromphalina campanella		CA		Québec	PRESENT		28eb1a3f-1c15-4a95-931a-4af90ecb574d	45.204597	-72.363133							2023-08-05T12:39	5	8	2023	2527302	2527302	HUMAN_OBSERVATION	iNaturalist	Observations	177478207		Jean C.	2023-08-09T09:45:33	CC_BY_NC_4_0	Jean C.	Jean C.			2025-01-14T13:41:15.405Z	StillImage	COORDINATE_ROUNDED;CONTINENT_DERIVED_FROM_COORDINATES;TAXON_MATCH_TAXON_ID_IGNORED
4172132935	50c9509d-22c7-4a22-a47d-8c48425ef4a7	https://www.inaturalist.org/observations/175796810	Fungi	Basidiomycota	Agaricomycetes	Agaricales	Mycenaceae	Xeromphalina	Xeromphalina campanella		SPECIES	Xeromphalina campanella (Batsch) Kühner & Maire	Xeromphalina campanella		CA		Ontario	PRESENT		28eb1a3f-1c15-4a95-931a-4af90ecb574d	45.199888	-75.979858	4.0						2023-07-30T14:26:35	30	7	2023	2527302	2527302	HUMAN_OBSERVATION	iNaturalist	Observations	175796810		Keith Seifert	2023-07-30T19:43:51	CC0_1_0	Keith Seifert	Keith Seifert			2025-01-14T12:40:42.333Z	StillImage	COORDINATE_ROUNDED;CONTINENT_DERIVED_FROM_COORDINATES;TAXON_MATCH_TAXON_ID_IGNORED
4171324366	50c9509d-22c7-4a22-a47d-8c48425ef4a7	https://www.inaturalist.org/observations/96305072	Fungi	Basidiomycota	Agaricomycetes	Agaricales	Mycenaceae	Xeromphalina	Xeromphalina campanella		SPECIES	Xeromphalina campanella (Batsch) Kühner & Maire	Xeromphalina campanella		CA		Québec	PRESENT		28eb1a3f-1c15-4a95-931a-4af90ecb574d	47.896008	-78.818253	31.0						2021-09-26T12:42	26	9	2021	2527302	2527302	HUMAN_OBSERVATION	iNaturalist	Observations	96305072		Ariel Bonkoski	2023-05-23T03:53:17	CC_BY_NC_4_0	Pierre Cartier	Pierre Cartier			2025-01-14T12:22:40.032Z	StillImage	COORDINATE_ROUNDED;CONTINENT_DERIVED_FROM_COORDINATES;TAXON_MATCH_TAXON_ID_IGNORED
4166448885	695cef75-b65f-4776-b2ed-74565eebb16e	02-01000961940	Fungi	Basidiomycota	Agaricomycetes	Agaricales	Mycenaceae	Xeromphalina	Xeromphalina campanella		SPECIES	Xeromphalina campanella (Batsch) Kühner & Maire	Xeromphalina campanella	(Batsch) Kühner & Maire	CA	South Lookout Trail	Ontario	PRESENT		055bd978-2daa-4543-b3f0-44e0e87e86ca	45.575	-78.408333							1976-07-17	17	7	1976	2527302	2527302	PRESERVED_SPECIMEN	AAFC	DAOM	186800		Conf. S.A. Redhead		CC_BY_4_0	©His Majesty the King in Right of Canada, as represented by the Minister of Agriculture and Agri-Food	P. Johnson 138			2025-01-12T05:11:16.340Z		GEODETIC_DATUM_ASSUMED_WGS84;CONTINENT_DERIVED_FROM_COORDINATES;TAXON_MATCH_TAXON_ID_IGNORED;INSTITUTION_MATCH_FUZZY
4166315867	695cef75-b65f-4776-b2ed-74565eebb16e	02-01000961939	Fungi	Basidiomycota	Agaricomycetes	Agaricales	Mycenaceae	Xeromphalina	Xeromphalina campanella		SPECIES	Xeromphalina campanella (Batsch) Kühner & Maire	Xeromphalina campanella	(Batsch) Kühner & Maire	CA	Rosepond Lake, Booth's Rock Trail	Ontario	PRESENT		055bd978-2daa-4543-b3f0-44e0e87e86ca	45.520833	-78.395833							1975-07-05	5	7	1975	2527302	2527302	PRESERVED_SPECIMEN	AAFC	DAOM	186478		J.F. Ammirati		CC_BY_4_0	©His Majesty the King in Right of Canada, as represented by the Minister of Agriculture and Agri-Food	J.F. Ammirati 6611			2025-01-12T05:11:16.376Z		GEODETIC_DATUM_ASSUMED_WGS84;CONTINENT_DERIVED_FROM_COORDINATES;TAXON_MATCH_TAXON_ID_IGNORED;INSTITUTION_MATCH_FUZZY
4162296156	50c9509d-22c7-4a22-a47d-8c48425ef4a7	https://www.inaturalist.org/observations/173119638	Fungi	Basidiomycota	Agaricomycetes	Agaricales	Mycenaceae	Xeromphalina	Xeromphalina campanella		SPECIES	Xeromphalina campanella (Batsch) Kühner & Maire	Xeromphalina campanella		CA		Québec	PRESENT		28eb1a3f-1c15-4a95-931a-4af90ecb574d	45.551434	-73.333331	687.0						2023-07-15T13:52:29	15	7	2023	2527302	2527302	HUMAN_OBSERVATION	iNaturalist	Observations	173119638		andrewbtmn	2023-07-16T00:20:44	CC_BY_NC_4_0	andrewbtmn	andrewbtmn			2025-01-14T13:32:00.785Z	StillImage	COORDINATE_ROUNDED;CONTINENT_DERIVED_FROM_COORDINATES;TAXON_MATCH_TAXON_ID_IGNORED
4145529977	50c9509d-22c7-4a22-a47d-8c48425ef4a7	https://www.inaturalist.org/observations/170922283	Fungi	Basidiomycota	Agaricomycetes	Agaricales	Mycenaceae	Xeromphalina	Xeromphalina campanella		SPECIES	Xeromphalina campanella (Batsch) Kühner & Maire	Xeromphalina campanella		CA		Québec	PRESENT		28eb1a3f-1c15-4a95-931a-4af90ecb574d	45.861855	-76.48062	27095.0						2023-06-29T13:23	29	6	2023	2527302	2527302	HUMAN_OBSERVATION	iNaturalist	Observations	170922283		L Joan Heyding	2023-07-03T22:27:41	CC_BY_NC_4_0	L Joan Heyding	L Joan Heyding			2025-01-14T12:36:38.349Z	StillImage	COORDINATE_ROUNDED;CONTINENT_DERIVED_FROM_COORDINATES;TAXON_MATCH_TAXON_ID_IGNORED
4133660528	50c9509d-22c7-4a22-a47d-8c48425ef4a7	https://www.inaturalist.org/observations/153585787	Fungi	Basidiomycota	Agaricomycetes	Agaricales	Mycenaceae	Xeromphalina	Xeromphalina campanella		SPECIES	Xeromphalina campanella (Batsch) Kühner & Maire	Xeromphalina campanella		CA		Québec	PRESENT		28eb1a3f-1c15-4a95-931a-4af90ecb574d	46.784414	-71.270143	267.0						2015-09-19T13:19	19	9	2015	2527302	2527302	HUMAN_OBSERVATION	iNaturalist	Observations	153585787		Léo-Guy de Repentigny	2023-04-05T17:20:45	CC_BY_NC_4_0	Léo-Guy de Repentigny	Léo-Guy de Repentigny			2025-01-14T13:35:39.825Z	StillImage	COORDINATE_ROUNDED;CONTINENT_DERIVED_FROM_COORDINATES;TAXON_MATCH_TAXON_ID_IGNORED
4127135396	50c9509d-22c7-4a22-a47d-8c48425ef4a7	https://www.inaturalist.org/observations/16057749	Fungi	Basidiomycota	Agaricomycetes	Agaricales	Mycenaceae	Xeromphalina	Xeromphalina campanella		SPECIES	Xeromphalina campanella (Batsch) Kühner & Maire	Xeromphalina campanella		CA		Ontario	PRESENT		28eb1a3f-1c15-4a95-931a-4af90ecb574d	45.4663	-75.508811							2018-08-30T09:53	30	8	2018	2527302	2527302	HUMAN_OBSERVATION	iNaturalist	Observations	16057749		jonathan_mack	2018-08-31T01:51:05	CC_BY_NC_4_0	jonathan_mack	jonathan_mack			2025-01-14T12:05:46.134Z	StillImage	COORDINATE_ROUNDED;CONTINENT_DERIVED_FROM_COORDINATES;TAXON_MATCH_TAXON_ID_IGNORED
4126830438	50c9509d-22c7-4a22-a47d-8c48425ef4a7	https://www.inaturalist.org/observations/25763829	Fungi	Basidiomycota	Agaricomycetes	Agaricales	Mycenaceae	Xeromphalina	Xeromphalina campanella		SPECIES	Xeromphalina campanella (Batsch) Kühner & Maire	Xeromphalina campanella		CA		Ontario	PRESENT		28eb1a3f-1c15-4a95-931a-4af90ecb574d	45.491485	-75.510151	352.0						2019-05-20T15:27	20	5	2019	2527302	2527302	HUMAN_OBSERVATION	iNaturalist	Observations	25763829		Lindsay Boudreau	2019-05-25T21:38:06	CC_BY_NC_4_0	Lindsay Boudreau	Lindsay Boudreau			2025-01-14T12:59:05.062Z	StillImage	COORDINATE_ROUNDED;CONTINENT_DERIVED_FROM_COORDINATES;TAXON_MATCH_TAXON_ID_IGNORED
4121255881	50c9509d-22c7-4a22-a47d-8c48425ef4a7	https://www.inaturalist.org/observations/162411690	Fungi	Basidiomycota	Agaricomycetes	Agaricales	Mycenaceae	Xeromphalina	Xeromphalina campanella		SPECIES	Xeromphalina campanella (Batsch) Kühner & Maire	Xeromphalina campanella		CA		Prince Edward Island	PRESENT		28eb1a3f-1c15-4a95-931a-4af90ecb574d	46.742012	-64.348708	108.0						2023-05-18T12:03:30	18	5	2023	2527302	2527302	HUMAN_OBSERVATION	iNaturalist	Observations	162411690		herexton	2023-05-19T02:15:52	CC_BY_NC_4_0	herexton	herexton			2025-01-14T13:30:03.257Z	StillImage	COORDINATE_ROUNDED;CONTINENT_DERIVED_FROM_COORDINATES;TAXON_MATCH_TAXON_ID_IGNORED
4116531785	50c9509d-22c7-4a22-a47d-8c48425ef4a7	https://www.inaturalist.org/observations/160882141	Fungi	Basidiomycota	Agaricomycetes	Agaricales	Mycenaceae	Xeromphalina	Xeromphalina campanella		SPECIES	Xeromphalina campanella (Batsch) Kühner & Maire	Xeromphalina campanella		CA		New Brunswick	PRESENT		28eb1a3f-1c15-4a95-931a-4af90ecb574d	46.091556	-64.830505							2023-05-09T17:47:16	9	5	2023	2527302	2527302	HUMAN_OBSERVATION	iNaturalist	Observations	160882141		Nicolas Schwab	2023-05-10T10:10:04	CC_BY_NC_4_0	Charles LeGresley	Charles LeGresley			2025-01-14T13:29:34.005Z	StillImage	COORDINATE_ROUNDED;CONTINENT_DERIVED_FROM_COORDINATES;TAXON_MATCH_TAXON_ID_IGNORED
4023666185	fb9d7c38-5759-4c30-9e09-5b6bd43f78a6	http://id.luomus.fi/MY.11789799	Fungi	Basidiomycota	Agaricomycetes	Agaricales	Mycenaceae	Xeromphalina	Xeromphalina campanella		SPECIES	Xeromphalina campanella (Batsch) Kühner & Maire	Xeromphalina campanella (Batsch : Fr.) Kühner & Maire		CA		Ontario	PRESENT		04fd2e13-6881-4e5c-9dd1-8fdd9ab993c1	45.35	-75.93							1967-05-25T00:00Z	25	5	1967	2527302	2527302	PRESERVED_SPECIMEN	H		http://id.luomus.fi/HA.H7072582				CC_BY_4_0		Groves, J. W.			2025-01-17T02:41:18.044Z		CONTINENT_DERIVED_FROM_COORDINATES;TAXON_MATCH_TAXON_ID_IGNORED;COLLECTION_MATCH_NONE;INSTITUTION_MATCH_FUZZY
3966628521	50c9509d-22c7-4a22-a47d-8c48425ef4a7	https://www.inaturalist.org/observations/135663143	Fungi	Basidiomycota	Agaricomycetes	Agaricales	Mycenaceae	Xeromphalina	Xeromphalina campanella		SPECIES	Xeromphalina campanella (Batsch) Kühner & Maire	Xeromphalina campanella		CA		Québec	PRESENT		28eb1a3f-1c15-4a95-931a-4af90ecb574d	46.331287	-76.983066	15625.0						2022-09-17T15:03	17	9	2022	2527302	2527302	HUMAN_OBSERVATION	iNaturalist	Observations	135663143		see-em	2022-09-19T14:17:56	CC_BY_NC_4_0	see-em	see-em			2025-01-14T12:31:50.755Z	StillImage	COORDINATE_ROUNDED;CONTINENT_DERIVED_FROM_COORDINATES;TAXON_MATCH_TAXON_ID_IGNORED
3912307370	50c9509d-22c7-4a22-a47d-8c48425ef4a7	https://www.inaturalist.org/observations/135610095	Fungi	Basidiomycota	Agaricomycetes	Agaricales	Mycenaceae	Xeromphalina	Xeromphalina campanella		SPECIES	Xeromphalina campanella (Batsch) Kühner & Maire	Xeromphalina campanella		CA		New Brunswick	PRESENT		28eb1a3f-1c15-4a95-931a-4af90ecb574d	45.660747	-65.003556	11.0						2022-09-18T14:21:02	18	9	2022	2527302	2527302	HUMAN_OBSERVATION	iNaturalist	Observations	135610095		Laura O'Connor	2022-09-19T01:23:22	CC_BY_NC_4_0	Laura O'Connor	Laura O'Connor			2025-01-14T12:31:58.662Z	StillImage	COORDINATE_ROUNDED;CONTINENT_DERIVED_FROM_COORDINATES;TAXON_MATCH_TAXON_ID_IGNORED
3903558828	50c9509d-22c7-4a22-a47d-8c48425ef4a7	https://www.inaturalist.org/observations/133247564	Fungi	Basidiomycota	Agaricomycetes	Agaricales	Mycenaceae	Xeromphalina	Xeromphalina campanella		SPECIES	Xeromphalina campanella (Batsch) Kühner & Maire	Xeromphalina campanella		CA		Québec	PRESENT		28eb1a3f-1c15-4a95-931a-4af90ecb574d	45.904987	-76.469115	27095.0						2022-08-30T08:05	30	8	2022	2527302	2527302	HUMAN_OBSERVATION	iNaturalist	Observations	133247564		L Joan Heyding	2022-09-01T19:38:00	CC_BY_NC_4_0	L Joan Heyding	L Joan Heyding			2025-01-14T12:32:06.566Z	StillImage	COORDINATE_ROUNDED;CONTINENT_DERIVED_FROM_COORDINATES;TAXON_MATCH_TAXON_ID_IGNORED
3903469428	50c9509d-22c7-4a22-a47d-8c48425ef4a7	https://www.inaturalist.org/observations/133952787	Fungi	Basidiomycota	Agaricomycetes	Agaricales	Mycenaceae	Xeromphalina	Xeromphalina campanella		SPECIES	Xeromphalina campanella (Batsch) Kühner & Maire	Xeromphalina campanella		CA		Ontario	PRESENT		28eb1a3f-1c15-4a95-931a-4af90ecb574d	45.199562	-75.98002	8.0						2022-09-05T18:34:52	5	9	2022	2527302	2527302	HUMAN_OBSERVATION	iNaturalist	Observations	133952787		Keith Seifert	2022-09-06T20:04:55	CC0_1_0	Keith Seifert	Keith Seifert			2025-01-14T13:25:10.912Z	StillImage	COORDINATE_ROUNDED;CONTINENT_DERIVED_FROM_COORDINATES;TAXON_MATCH_TAXON_ID_IGNORED
3903092401	50c9509d-22c7-4a22-a47d-8c48425ef4a7	https://www.inaturalist.org/observations/134679053	Fungi	Basidiomycota	Agaricomycetes	Agaricales	Mycenaceae	Xeromphalina	Xeromphalina campanella		SPECIES	Xeromphalina campanella (Batsch) Kühner & Maire	Xeromphalina campanella		CA		Ontario	PRESENT		28eb1a3f-1c15-4a95-931a-4af90ecb574d	45.466193	-75.508665	44.0						2022-09-11T14:13	11	9	2022	2527302	2527302	HUMAN_OBSERVATION	iNaturalist	Observations	134679053		jonathan_mack	2022-09-12T01:59:53	CC_BY_NC_4_0	jonathan_mack	jonathan_mack			2025-01-14T12:31:29.770Z	StillImage	COORDINATE_ROUNDED;CONTINENT_DERIVED_FROM_COORDINATES;TAXON_MATCH_TAXON_ID_IGNORED
3858227029	50c9509d-22c7-4a22-a47d-8c48425ef4a7	https://www.inaturalist.org/observations/113615575	Fungi	Basidiomycota	Agaricomycetes	Agaricales	Mycenaceae	Xeromphalina	Xeromphalina campanella		SPECIES	Xeromphalina campanella (Batsch) Kühner & Maire	Xeromphalina campanella		CA		Nova Scotia	PRESENT		28eb1a3f-1c15-4a95-931a-4af90ecb574d	45.804913	-64.166528	4.0						2022-04-29T19:51:25	29	4	2022	2527302	2527302	HUMAN_OBSERVATION	iNaturalist	Observations	113615575		trisyvonne	2022-06-10T00:58:05	CC_BY_NC_4_0	bigmanlilbr1	bigmanlilbr1			2025-01-14T12:28:18.977Z	StillImage	COORDINATE_ROUNDED;CONTINENT_DERIVED_FROM_COORDINATES;TAXON_MATCH_TAXON_ID_IGNORED
3802335237	50c9509d-22c7-4a22-a47d-8c48425ef4a7	https://www.inaturalist.org/observations/118456727	Fungi	Basidiomycota	Agaricomycetes	Agaricales	Mycenaceae	Xeromphalina	Xeromphalina campanella		SPECIES	Xeromphalina campanella (Batsch) Kühner & Maire	Xeromphalina campanella		CA		Québec	PRESENT		28eb1a3f-1c15-4a95-931a-4af90ecb574d	45.971921	-76.504306	27095.0						2022-05-20T10:47	20	5	2022	2527302	2527302	HUMAN_OBSERVATION	iNaturalist	Observations	118456727		L Joan Heyding	2022-05-24T01:10:00	CC_BY_NC_4_0	L Joan Heyding	L Joan Heyding			2025-01-14T13:21:57.609Z	StillImage	COORDINATE_ROUNDED;CONTINENT_DERIVED_FROM_COORDINATES;TAXON_MATCH_TAXON_ID_IGNORED
3785148362	50c9509d-22c7-4a22-a47d-8c48425ef4a7	https://www.inaturalist.org/observations/117640046	Fungi	Basidiomycota	Agaricomycetes	Agaricales	Mycenaceae	Xeromphalina	Xeromphalina campanella		SPECIES	Xeromphalina campanella (Batsch) Kühner & Maire	Xeromphalina campanella		CA		Ontario	PRESENT		28eb1a3f-1c15-4a95-931a-4af90ecb574d	45.464986	-75.507423	181.0						2022-05-18T08:29	18	5	2022	2527302	2527302	HUMAN_OBSERVATION	iNaturalist	Observations	117640046		Igor Khomenko	2022-05-18T20:21:59	CC_BY_NC_4_0	Igor Khomenko	Igor Khomenko			2025-01-14T12:29:05.077Z	StillImage	COORDINATE_ROUNDED;CONTINENT_DERIVED_FROM_COORDINATES;TAXON_MATCH_TAXON_ID_IGNORED
3772700984	50c9509d-22c7-4a22-a47d-8c48425ef4a7	https://www.inaturalist.org/observations/113612391	Fungi	Basidiomycota	Agaricomycetes	Agaricales	Mycenaceae	Xeromphalina	Xeromphalina campanella		SPECIES	Xeromphalina campanella (Batsch) Kühner & Maire	Xeromphalina campanella		CA		Nova Scotia	PRESENT		28eb1a3f-1c15-4a95-931a-4af90ecb574d	45.804868	-64.166434	441.0						2022-04-29T19:50:35	29	4	2022	2527302	2527302	HUMAN_OBSERVATION	iNaturalist	Observations	113612391		trisyvonne	2022-04-30T00:08:07	CC_BY_NC_4_0	trisyvonne	trisyvonne			2025-01-14T12:29:25.338Z	StillImage	COORDINATE_ROUNDED;CONTINENT_DERIVED_FROM_COORDINATES;TAXON_MATCH_TAXON_ID_IGNORED
3772510449	50c9509d-22c7-4a22-a47d-8c48425ef4a7	https://www.inaturalist.org/observations/113916616	Fungi	Basidiomycota	Agaricomycetes	Agaricales	Mycenaceae	Xeromphalina	Xeromphalina campanella		SPECIES	Xeromphalina campanella (Batsch) Kühner & Maire	Xeromphalina campanella		CA		Ontario	PRESENT		28eb1a3f-1c15-4a95-931a-4af90ecb574d	45.355397	-75.594795	16.0						2022-04-30T13:43:48	30	4	2022	2527302	2527302	HUMAN_OBSERVATION	iNaturalist	Observations	113916616		Igor Khomenko	2022-05-01T21:25:20	CC_BY_NC_4_0	Igor Khomenko	Igor Khomenko			2025-01-14T13:15:01.758Z	StillImage	COORDINATE_ROUNDED;CONTINENT_DERIVED_FROM_COORDINATES;TAXON_MATCH_TAXON_ID_IGNORED
3759575442	50c9509d-22c7-4a22-a47d-8c48425ef4a7	https://www.inaturalist.org/observations/57784690	Fungi	Basidiomycota	Agaricomycetes	Agaricales	Mycenaceae	Xeromphalina	Xeromphalina campanella		SPECIES	Xeromphalina campanella (Batsch) Kühner & Maire	Xeromphalina campanella		CA		Ontario	PRESENT		28eb1a3f-1c15-4a95-931a-4af90ecb574d	45.573517	-78.408097	41.0						2020-08-27T14:54:29	27	8	2020	2527302	2527302	HUMAN_OBSERVATION	iNaturalist	Observations	57784690		Jeffrey H. Skevington	2020-08-27T23:34:58	CC_BY_NC_4_0	Jeffrey H. Skevington	Jeffrey H. Skevington			2025-01-14T13:10:44.487Z	StillImage	COORDINATE_ROUNDED;CONTINENT_DERIVED_FROM_COORDINATES;TAXON_MATCH_TAXON_ID_IGNORED
3468784513	50c9509d-22c7-4a22-a47d-8c48425ef4a7	https://www.inaturalist.org/observations/98043851	Fungi	Basidiomycota	Agaricomycetes	Agaricales	Mycenaceae	Xeromphalina	Xeromphalina campanella		SPECIES	Xeromphalina campanella (Batsch) Kühner & Maire	Xeromphalina campanella		CA		New Brunswick	PRESENT		28eb1a3f-1c15-4a95-931a-4af90ecb574d	46.001982	-66.571914							2021-10-02T18:56:30	2	10	2021	2527302	2527302	HUMAN_OBSERVATION	iNaturalist	Observations	98043851		Jan Thornhill	2021-12-22T21:41:24	CC_BY_NC_4_0	Justin Chase	Justin Chase			2025-01-14T13:11:57.804Z	StillImage	COORDINATE_ROUNDED;CONTINENT_DERIVED_FROM_COORDINATES;TAXON_MATCH_TAXON_ID_IGNORED
3466487009	50c9509d-22c7-4a22-a47d-8c48425ef4a7	https://www.inaturalist.org/observations/105855983	Fungi	Basidiomycota	Agaricomycetes	Agaricales	Mycenaceae	Xeromphalina	Xeromphalina campanella		SPECIES	Xeromphalina campanella (Batsch) Kühner & Maire	Xeromphalina campanella		CA		Québec	PRESENT		28eb1a3f-1c15-4a95-931a-4af90ecb574d	45.693339	-72.26691	132.0						2011-09-10T16:23	10	9	2011	2527302	2527302	HUMAN_OBSERVATION	iNaturalist	Observations	105855983		René Faucher	2022-01-30T19:52:36	CC_BY_NC_4_0	René Faucher	René Faucher			2025-01-14T12:25:47.736Z	StillImage	COORDINATE_ROUNDED;CONTINENT_DERIVED_FROM_COORDINATES;TAXON_MATCH_TAXON_ID_IGNORED
3399166598	50c9509d-22c7-4a22-a47d-8c48425ef4a7	https://www.inaturalist.org/observations/75559103	Fungi	Basidiomycota	Agaricomycetes	Agaricales	Mycenaceae	Xeromphalina	Xeromphalina campanella		SPECIES	Xeromphalina campanella (Batsch) Kühner & Maire	Xeromphalina campanella		CA		New Brunswick	PRESENT		28eb1a3f-1c15-4a95-931a-4af90ecb574d	45.911583	-66.669606	8.0						2021-04-28T12:07	28	4	2021	2527302	2527302	HUMAN_OBSERVATION	iNaturalist	Observations	75559103		Eric Knopf	2021-04-28T17:17:19	CC_BY_NC_4_0	Eric Knopf	Eric Knopf			2025-01-14T12:17:25.043Z	StillImage	COORDINATE_ROUNDED;CONTINENT_DERIVED_FROM_COORDINATES;TAXON_MATCH_TAXON_ID_IGNORED
3384961671	50c9509d-22c7-4a22-a47d-8c48425ef4a7	https://www.inaturalist.org/observations/95590676	Fungi	Basidiomycota	Agaricomycetes	Agaricales	Mycenaceae	Xeromphalina	Xeromphalina campanella		SPECIES	Xeromphalina campanella (Batsch) Kühner & Maire	Xeromphalina campanella		CA		Québec	PRESENT		28eb1a3f-1c15-4a95-931a-4af90ecb574d	46.518194	-71.847518	488.0						2021-09-18T12:18	18	9	2021	2527302	2527302	HUMAN_OBSERVATION	iNaturalist	Observations	95590676		cinna_latifolia	2021-09-25T20:29:51	CC_BY_NC_4_0	Jean-Marc Vallières	Jean-Marc Vallières			2025-01-14T12:22:14.669Z	StillImage	COORDINATE_ROUNDED;CONTINENT_DERIVED_FROM_COORDINATES;TAXON_MATCH_TAXON_ID_IGNORED
3384768479	50c9509d-22c7-4a22-a47d-8c48425ef4a7	https://www.inaturalist.org/observations/96305066	Fungi	Basidiomycota	Agaricomycetes	Agaricales	Mycenaceae	Xeromphalina	Xeromphalina campanella		SPECIES	Xeromphalina campanella (Batsch) Kühner & Maire	Xeromphalina campanella		CA		Québec	PRESENT		28eb1a3f-1c15-4a95-931a-4af90ecb574d	47.89494	-78.819577	31.0						2021-09-26T10:11	26	9	2021	2527302	2527302	HUMAN_OBSERVATION	iNaturalist	Observations	96305066		Pierre Cartier	2021-09-26T23:47:40	CC_BY_NC_4_0	Pierre Cartier	Pierre Cartier			2025-01-14T12:24:49.723Z	StillImage	COORDINATE_ROUNDED;CONTINENT_DERIVED_FROM_COORDINATES;TAXON_MATCH_TAXON_ID_IGNORED
3384461658	50c9509d-22c7-4a22-a47d-8c48425ef4a7	https://www.inaturalist.org/observations/77335504	Fungi	Basidiomycota	Agaricomycetes	Agaricales	Mycenaceae	Xeromphalina	Xeromphalina campanella		SPECIES	Xeromphalina campanella (Batsch) Kühner & Maire	Xeromphalina campanella		CA		Québec	PRESENT		28eb1a3f-1c15-4a95-931a-4af90ecb574d	46.206208	-76.040992	13.0						2021-05-01T12:48:16	1	5	2021	2527302	2527302	HUMAN_OBSERVATION	iNaturalist	Observations	77335504		Kaitlyn	2021-05-04T20:07:36	CC_BY_NC_4_0	Kaitlyn	Kaitlyn			2025-01-14T13:12:15.374Z	StillImage	COORDINATE_ROUNDED;CONTINENT_DERIVED_FROM_COORDINATES;TAXON_MATCH_TAXON_ID_IGNORED
3384068545	50c9509d-22c7-4a22-a47d-8c48425ef4a7	https://www.inaturalist.org/observations/95403715	Fungi	Basidiomycota	Agaricomycetes	Agaricales	Mycenaceae	Xeromphalina	Xeromphalina campanella		SPECIES	Xeromphalina campanella (Batsch) Kühner & Maire	Xeromphalina campanella		CA		Québec	PRESENT		28eb1a3f-1c15-4a95-931a-4af90ecb574d	45.621132	-75.030264	15.0						2021-09-18T11:15	18	9	2021	2527302	2527302	HUMAN_OBSERVATION	iNaturalist	Observations	95403715		jonathan_mack	2021-09-19T15:04:21	CC_BY_NC_4_0	jonathan_mack	jonathan_mack			2025-01-14T13:10:45.516Z	StillImage	COORDINATE_ROUNDED;CONTINENT_DERIVED_FROM_COORDINATES;TAXON_MATCH_TAXON_ID_IGNORED
3333429116	50c9509d-22c7-4a22-a47d-8c48425ef4a7	https://www.inaturalist.org/observations/88718365	Fungi	Basidiomycota	Agaricomycetes	Agaricales	Mycenaceae	Xeromphalina	Xeromphalina campanella		SPECIES	Xeromphalina campanella (Batsch) Kühner & Maire	Xeromphalina campanella		CA		Ontario	PRESENT		28eb1a3f-1c15-4a95-931a-4af90ecb574d	45.577516	-78.452989	220.0						2021-07-26T12:52:03	26	7	2021	2527302	2527302	HUMAN_OBSERVATION	iNaturalist	Observations	88718365		cassowary68	2021-07-26T18:05:19	CC_BY_NC_4_0	cassowary68	cassowary68			2025-01-14T13:12:56.634Z	StillImage	COORDINATE_ROUNDED;CONTINENT_DERIVED_FROM_COORDINATES;TAXON_MATCH_TAXON_ID_IGNORED
3330676350	50c9509d-22c7-4a22-a47d-8c48425ef4a7	https://www.inaturalist.org/observations/55332778	Fungi	Basidiomycota	Agaricomycetes	Agaricales	Mycenaceae	Xeromphalina	Xeromphalina campanella		SPECIES	Xeromphalina campanella (Batsch) Kühner & Maire	Xeromphalina campanella		CA		Québec	PRESENT		28eb1a3f-1c15-4a95-931a-4af90ecb574d	47.062907	-70.865301	48.0						2020-08-03T18:53:15	3	8	2020	2527302	2527302	HUMAN_OBSERVATION	iNaturalist	Observations	55332778		cinna_latifolia	2021-06-23T03:22:23	CC_BY_NC_4_0	manutchoupi	manutchoupi			2025-01-14T13:09:39.312Z	StillImage	COORDINATE_ROUNDED;CONTINENT_DERIVED_FROM_COORDINATES;TAXON_MATCH_TAXON_ID_IGNORED
3321087378	50c9509d-22c7-4a22-a47d-8c48425ef4a7	https://www.inaturalist.org/observations/56003185	Fungi	Basidiomycota	Agaricomycetes	Agaricales	Mycenaceae	Xeromphalina	Xeromphalina campanella		SPECIES	Xeromphalina campanella (Batsch) Kühner & Maire	Xeromphalina campanella		CA		Québec	PRESENT		28eb1a3f-1c15-4a95-931a-4af90ecb574d	45.16409	-72.396235	704.0						2020-08-08T10:26:20	8	8	2020	2527302	2527302	HUMAN_OBSERVATION	iNaturalist	Observations	56003185		Vincent Auclair	2020-08-10T06:15:12	CC_BY_NC_4_0	Vincent Auclair	Vincent Auclair			2025-01-14T13:03:17.433Z	StillImage	COORDINATE_ROUNDED;CONTINENT_DERIVED_FROM_COORDINATES;TAXON_MATCH_TAXON_ID_IGNORED
3314507361	50c9509d-22c7-4a22-a47d-8c48425ef4a7	https://www.inaturalist.org/observations/55331783	Fungi	Basidiomycota	Agaricomycetes	Agaricales	Mycenaceae	Xeromphalina	Xeromphalina campanella		SPECIES	Xeromphalina campanella (Batsch) Kühner & Maire	Xeromphalina campanella		CA		Québec	PRESENT		28eb1a3f-1c15-4a95-931a-4af90ecb574d	47.062311	-70.864811	16.0						2020-08-03T18:48:33	3	8	2020	2527302	2527302	HUMAN_OBSERVATION	iNaturalist	Observations	55331783		manutchoupi	2020-08-03T22:48:45	CC_BY_NC_4_0	manutchoupi	manutchoupi			2025-01-14T13:02:59.447Z	StillImage	COORDINATE_ROUNDED;CONTINENT_DERIVED_FROM_COORDINATES;TAXON_MATCH_TAXON_ID_IGNORED
3113678535	50c9509d-22c7-4a22-a47d-8c48425ef4a7	https://www.inaturalist.org/observations/78370322	Fungi	Basidiomycota	Agaricomycetes	Agaricales	Mycenaceae	Xeromphalina	Xeromphalina campanella		SPECIES	Xeromphalina campanella (Batsch) Kühner & Maire	Xeromphalina campanella		CA		Ontario	PRESENT		28eb1a3f-1c15-4a95-931a-4af90ecb574d	45.42888	-75.430801	27158.0						2021-05-11T08:36	11	5	2021	2527302	2527302	HUMAN_OBSERVATION	iNaturalist	Observations	78370322		L Joan Heyding	2021-05-11T17:54:13	CC_BY_NC_4_0	L Joan Heyding	L Joan Heyding			2025-01-14T13:07:54.069Z	StillImage	COORDINATE_ROUNDED;CONTINENT_DERIVED_FROM_COORDINATES;TAXON_MATCH_TAXON_ID_IGNORED
3112915441	50c9509d-22c7-4a22-a47d-8c48425ef4a7	https://www.inaturalist.org/observations/77325274	Fungi	Basidiomycota	Agaricomycetes	Agaricales	Mycenaceae	Xeromphalina	Xeromphalina campanella		SPECIES	Xeromphalina campanella (Batsch) Kühner & Maire	Xeromphalina campanella		CA		Ontario	PRESENT		28eb1a3f-1c15-4a95-931a-4af90ecb574d	45.405655	-75.59333	12.0						2021-05-04T12:54:39	4	5	2021	2527302	2527302	HUMAN_OBSERVATION	iNaturalist	Observations	77325274		Igor Khomenko	2021-05-04T19:04:27	CC_BY_NC_4_0	Igor Khomenko	Igor Khomenko			2025-01-14T13:07:19.422Z	StillImage	CONTINENT_DERIVED_FROM_COORDINATES;TAXON_MATCH_TAXON_ID_IGNORED
3079761621	50c9509d-22c7-4a22-a47d-8c48425ef4a7	https://www.inaturalist.org/observations/26228396	Fungi	Basidiomycota	Agaricomycetes	Agaricales	Mycenaceae	Xeromphalina	Xeromphalina campanella		SPECIES	Xeromphalina campanella (Batsch) Kühner & Maire	Xeromphalina campanella		CA		Ontario	PRESENT		28eb1a3f-1c15-4a95-931a-4af90ecb574d	45.349956	-75.585997	48.0						2019-06-01T12:14	1	6	2019	2527302	2527302	HUMAN_OBSERVATION	iNaturalist	Observations	26228396		Igor Khomenko	2019-06-02T15:33:00	CC_BY_NC_4_0	Igor Khomenko	Igor Khomenko			2025-01-14T13:02:12.281Z	StillImage	COORDINATE_ROUNDED;CONTINENT_DERIVED_FROM_COORDINATES;TAXON_MATCH_TAXON_ID_IGNORED
3017988577	50c9509d-22c7-4a22-a47d-8c48425ef4a7	https://www.inaturalist.org/observations/65273655	Fungi	Basidiomycota	Agaricomycetes	Agaricales	Mycenaceae	Xeromphalina	Xeromphalina campanella		SPECIES	Xeromphalina campanella (Batsch) Kühner & Maire	Xeromphalina campanella		CA		Ontario	PRESENT		28eb1a3f-1c15-4a95-931a-4af90ecb574d	45.52002	-78.394088							2019-05-29T14:11:54	29	5	2019	2527302	2527302	HUMAN_OBSERVATION	iNaturalist	Observations	65273655		yunayoon	2020-11-20T13:41:21	CC_BY_NC_4_0	yunayoon	yunayoon			2025-01-14T12:15:32.418Z	StillImage	COORDINATE_ROUNDED;CONTINENT_DERIVED_FROM_COORDINATES;TAXON_MATCH_TAXON_ID_IGNORED
2898516495	50c9509d-22c7-4a22-a47d-8c48425ef4a7	https://www.inaturalist.org/observations/59959803	Fungi	Basidiomycota	Agaricomycetes	Agaricales	Mycenaceae	Xeromphalina	Xeromphalina campanella		SPECIES	Xeromphalina campanella (Batsch) Kühner & Maire	Xeromphalina campanella		CA		Ontario	PRESENT		28eb1a3f-1c15-4a95-931a-4af90ecb574d	45.51523	-75.343713	46.0						2020-09-16	16	9	2020	2527302	2527302	HUMAN_OBSERVATION	iNaturalist	Observations	59959803		Carl-Adam Wegenschimmel	2020-09-18T14:21:46	CC_BY_NC_4_0	kevinwallace	kevinwallace			2025-01-14T13:09:50.781Z	StillImage	CONTINENT_DERIVED_FROM_COORDINATES;TAXON_MATCH_TAXON_ID_IGNORED
2882980323	50c9509d-22c7-4a22-a47d-8c48425ef4a7	https://www.inaturalist.org/observations/15700979	Fungi	Basidiomycota	Agaricomycetes	Agaricales	Mycenaceae	Xeromphalina	Xeromphalina campanella		SPECIES	Xeromphalina campanella (Batsch) Kühner & Maire	Xeromphalina campanella		CA		Ontario	PRESENT		28eb1a3f-1c15-4a95-931a-4af90ecb574d	45.508568	-75.341123	46.0						2018-08-13	13	8	2018	2527302	2527302	HUMAN_OBSERVATION	iNaturalist	Observations	15700979		else	2018-08-19T23:10:35	CC_BY_NC_4_0	kevinwallace	kevinwallace			2025-01-14T12:05:44.313Z	StillImage	CONTINENT_DERIVED_FROM_COORDINATES;TAXON_MATCH_TAXON_ID_IGNORED
2868114696	50c9509d-22c7-4a22-a47d-8c48425ef4a7	https://www.inaturalist.org/observations/60456789	Fungi	Basidiomycota	Agaricomycetes	Agaricales	Mycenaceae	Xeromphalina	Xeromphalina campanella		SPECIES	Xeromphalina campanella (Batsch) Kühner & Maire	Xeromphalina campanella		CA		Ontario	PRESENT		28eb1a3f-1c15-4a95-931a-4af90ecb574d	45.580528	-78.537331	648.0						2020-09-01T14:18	1	9	2020	2527302	2527302	HUMAN_OBSERVATION	iNaturalist	Observations	60456789		caseyho	2020-09-22T20:55:38	CC_BY_NC_4_0	caseyho	caseyho			2025-01-14T13:09:38.688Z	StillImage	COORDINATE_ROUNDED;CONTINENT_DERIVED_FROM_COORDINATES;TAXON_MATCH_TAXON_ID_IGNORED
2864626813	50c9509d-22c7-4a22-a47d-8c48425ef4a7	https://www.inaturalist.org/observations/59280506	Fungi	Basidiomycota	Agaricomycetes	Agaricales	Mycenaceae	Xeromphalina	Xeromphalina campanella		SPECIES	Xeromphalina campanella (Batsch) Kühner & Maire	Xeromphalina campanella		CA		Prince Edward Island	PRESENT		28eb1a3f-1c15-4a95-931a-4af90ecb574d	46.50746	-64.07206	50.0						2020-09-11T13:48	11	9	2020	2527302	2527302	HUMAN_OBSERVATION	iNaturalist	Observations	59280506		Denis Gallant	2020-09-12T02:10:41	CC_BY_NC_4_0	Denis Gallant	Denis Gallant			2025-01-14T12:14:39.632Z	StillImage	CONTINENT_DERIVED_FROM_COORDINATES;TAXON_MATCH_TAXON_ID_IGNORED
2864580809	50c9509d-22c7-4a22-a47d-8c48425ef4a7	https://www.inaturalist.org/observations/59279318	Fungi	Basidiomycota	Agaricomycetes	Agaricales	Mycenaceae	Xeromphalina	Xeromphalina campanella		SPECIES	Xeromphalina campanella (Batsch) Kühner & Maire	Xeromphalina campanella		CA		Ontario	PRESENT		28eb1a3f-1c15-4a95-931a-4af90ecb574d	45.199537	-75.980255	12.0						2020-09-11T17:02:23	11	9	2020	2527302	2527302	HUMAN_OBSERVATION	iNaturalist	Observations	59279318		Keith Seifert	2020-09-12T01:53:07	CC0_1_0	Keith Seifert	Keith Seifert			2025-01-14T12:15:39.768Z	StillImage	COORDINATE_ROUNDED;CONTINENT_DERIVED_FROM_COORDINATES;TAXON_MATCH_TAXON_ID_IGNORED
2856867449	50c9509d-22c7-4a22-a47d-8c48425ef4a7	https://www.inaturalist.org/observations/57724429	Fungi	Basidiomycota	Agaricomycetes	Agaricales	Mycenaceae	Xeromphalina	Xeromphalina campanella		SPECIES	Xeromphalina campanella (Batsch) Kühner & Maire	Xeromphalina campanella		CA		Québec	PRESENT		28eb1a3f-1c15-4a95-931a-4af90ecb574d	46.795459	-72.998074	57742.0						2020-08-23T13:03:05	23	8	2020	2527302	2527302	HUMAN_OBSERVATION	iNaturalist	Observations	57724429		a_leneyg	2020-08-27T12:14:58	CC_BY_NC_4_0	a_leneyg	a_leneyg			2025-01-14T12:14:28.227Z	StillImage	COORDINATE_ROUNDED;CONTINENT_DERIVED_FROM_COORDINATES;TAXON_MATCH_TAXON_ID_IGNORED
2826381526	50c9509d-22c7-4a22-a47d-8c48425ef4a7	https://www.inaturalist.org/observations/48978220	Fungi	Basidiomycota	Agaricomycetes	Agaricales	Mycenaceae	Xeromphalina	Xeromphalina campanella		SPECIES	Xeromphalina campanella (Batsch) Kühner & Maire	Xeromphalina campanella		CA		Ontario	PRESENT		28eb1a3f-1c15-4a95-931a-4af90ecb574d	45.564729	-78.551763	176.0						2020-06-08	8	6	2020	2527302	2527302	HUMAN_OBSERVATION	iNaturalist	Observations	48978220		jmass	2020-06-09T01:37:24	CC_BY_NC_4_0	jmass	jmass			2025-01-14T12:13:09.043Z	StillImage	COORDINATE_ROUNDED;CONTINENT_DERIVED_FROM_COORDINATES;TAXON_MATCH_TAXON_ID_IGNORED
2802913403	50c9509d-22c7-4a22-a47d-8c48425ef4a7	https://www.inaturalist.org/observations/20260270	Fungi	Basidiomycota	Agaricomycetes	Agaricales	Mycenaceae	Xeromphalina	Xeromphalina campanella		SPECIES	Xeromphalina campanella (Batsch) Kühner & Maire	Xeromphalina campanella		CA		Ontario	PRESENT		28eb1a3f-1c15-4a95-931a-4af90ecb574d	45.464728	-75.50665	299.0						2010-04-23T16:36	23	4	2010	2527302	2527302	HUMAN_OBSERVATION	iNaturalist	Observations	20260270		jonathan_mack	2019-02-10T20:00:58	CC_BY_NC_4_0	jonathan_mack	jonathan_mack			2025-01-14T12:06:19.604Z	StillImage	COORDINATE_ROUNDED;CONTINENT_DERIVED_FROM_COORDINATES;TAXON_MATCH_TAXON_ID_IGNORED
2423611727	21705170-d2b6-42de-8904-c3bca4b83591	CMMF019818	Fungi	Basidiomycota	Agaricomycetes	Agaricales	Mycenaceae	Xeromphalina	Xeromphalina campanella		SPECIES	Xeromphalina campanella (Batsch) Kühner & Maire	Xeromphalina campanella (Batsch) Maire	(Batsch) Maire	CA	Station de biologie des Laurentides, Université de Montréal: Quadrat 6 (sur une île au milieu du Lac Croche)	Québec	PRESENT		ff7bd5db-b724-4932-b496-10ea298851f9	45.991383	-74.012631	50.0		379.0				1986-06-18	18	6	1986	2527302	2527302	PRESERVED_SPECIMEN	Université de Montréal Biodiversity Centre	CMMF	CMMF019818	Q6.1806.4	Nantel, Patrick		CC0_1_0	Université de Montréal Biodiversity Centre	Nantel, Patrick; Marois, Nathalie			2024-01-24T16:38:14.771Z		INSTITUTION_MATCH_FUZZY;COLLECTION_MATCH_FUZZY;DIFFERENT_OWNER_INSTITUTION
2423610944	21705170-d2b6-42de-8904-c3bca4b83591	CMMF018684	Fungi	Basidiomycota	Agaricomycetes	Agaricales	Mycenaceae	Xeromphalina	Xeromphalina campanella		SPECIES	Xeromphalina campanella (Batsch) Kühner & Maire	Xeromphalina campanella (Batsch) Maire	(Batsch) Maire	CA	Entre lac Cromwell et Coriveau.	Québec	PRESENT		ff7bd5db-b724-4932-b496-10ea298851f9	45.982758	-73.999155	750.0						1985-06-12	12	6	1985	2527302	2527302	PRESERVED_SPECIMEN	Université de Montréal Biodiversity Centre	CMMF	CMMF018684	s.n.	Nantel, Patrick		CC0_1_0	Université de Montréal Biodiversity Centre	Nantel, Patrick			2024-01-24T16:38:18.474Z		INSTITUTION_MATCH_FUZZY;COLLECTION_MATCH_FUZZY;DIFFERENT_OWNER_INSTITUTION
2273214028	50c9509d-22c7-4a22-a47d-8c48425ef4a7	https://www.inaturalist.org/observations/26944468	Fungi	Basidiomycota	Agaricomycetes	Agaricales	Mycenaceae	Xeromphalina	Xeromphalina campanella		SPECIES	Xeromphalina campanella (Batsch) Kühner & Maire	Xeromphalina campanella		CA		Ontario	PRESENT		28eb1a3f-1c15-4a95-931a-4af90ecb574d	45.369167	-75.796							2012-10-08T11:38:07	8	10	2012	2527302	2527302	HUMAN_OBSERVATION	iNaturalist	Observations	26944468		Derek Dunnett	2019-06-14T00:44:20	CC_BY_NC_4_0	Derek Dunnett	Derek Dunnett			2025-01-14T12:07:41.697Z	StillImage	COORDINATE_ROUNDED;CONTINENT_DERIVED_FROM_COORDINATES;TAXON_MATCH_TAXON_ID_IGNORED
2251916039	50c9509d-22c7-4a22-a47d-8c48425ef4a7	https://www.inaturalist.org/observations/25854516	Fungi	Basidiomycota	Agaricomycetes	Agaricales	Mycenaceae	Xeromphalina	Xeromphalina campanella		SPECIES	Xeromphalina campanella (Batsch) Kühner & Maire	Xeromphalina campanella		CA		Ontario	PRESENT		28eb1a3f-1c15-4a95-931a-4af90ecb574d	45.363026	-75.528302	84.0						2019-05-26T15:56	26	5	2019	2527302	2527302	HUMAN_OBSERVATION	iNaturalist	Observations	25854516		jonathan_mack	2019-05-27T03:01:31	CC_BY_NC_4_0	jonathan_mack	jonathan_mack			2025-01-14T13:02:07.171Z	StillImage	COORDINATE_ROUNDED;CONTINENT_DERIVED_FROM_COORDINATES;TAXON_MATCH_TAXON_ID_IGNORED
2251912738	50c9509d-22c7-4a22-a47d-8c48425ef4a7	https://www.inaturalist.org/observations/25836982	Fungi	Basidiomycota	Agaricomycetes	Agaricales	Mycenaceae	Xeromphalina	Xeromphalina campanella		SPECIES	Xeromphalina campanella (Batsch) Kühner & Maire	Xeromphalina campanella		CA		New Brunswick	PRESENT		28eb1a3f-1c15-4a95-931a-4af90ecb574d	45.099881	-67.064605	5.0						2019-05-26T17:24:26	26	5	2019	2527302	2527302	HUMAN_OBSERVATION	iNaturalist	Observations	25836982		Blake Ross	2019-05-26T22:07:22	CC_BY_4_0	Blake Ross	Blake Ross			2025-01-14T13:00:50.917Z	StillImage	COORDINATE_ROUNDED;CONTINENT_DERIVED_FROM_COORDINATES;TAXON_MATCH_TAXON_ID_IGNORED
2251853379	50c9509d-22c7-4a22-a47d-8c48425ef4a7	https://www.inaturalist.org/observations/25481011	Fungi	Basidiomycota	Agaricomycetes	Agaricales	Mycenaceae	Xeromphalina	Xeromphalina campanella		SPECIES	Xeromphalina campanella (Batsch) Kühner & Maire	Xeromphalina campanella		CA		Ontario	PRESENT		28eb1a3f-1c15-4a95-931a-4af90ecb574d	45.455943	-75.549001	100.0						2019-05-20T14:10	20	5	2019	2527302	2527302	HUMAN_OBSERVATION	iNaturalist	Observations	25481011		jonathan_mack	2019-05-21T02:06:03	CC_BY_NC_4_0	jonathan_mack	jonathan_mack			2025-01-14T13:01:43.610Z	StillImage	COORDINATE_ROUNDED;CONTINENT_DERIVED_FROM_COORDINATES;TAXON_MATCH_TAXON_ID_IGNORED
1990340945	032f1fbe-d21f-407d-be46-5cd1bb1ea397	c4e8c3f0-d31e-4f39-a5dd-91816eb1045e	Fungi	Basidiomycota	Agaricomycetes	Agaricales	Mycenaceae	Xeromphalina	Xeromphalina campanella		SPECIES	Xeromphalina campanella (Batsch) Kühner & Maire	Xeromphalina campanella	(Batsch) Kühner & Maire	CA	Alma, Vic. Alma, Fundy Prov. Pk., Coastal Trail at Point Wolfe.	New Brunswick	PRESENT		61c539d8-47e0-4b82-875f-b95aad66dcd4	45.551667	-65.007778							2013-09-25	25	9	2013	2527302	2527302	PRESERVED_SPECIMEN	TENN-F		TENN-F-069069	TFB 14405			CC0_1_0		K.W. Hughes			2025-01-12T10:33:50.645Z	StillImage	COORDINATE_ROUNDED;GEODETIC_DATUM_ASSUMED_WGS84;CONTINENT_DERIVED_FROM_COORDINATES;TAXON_MATCH_TAXON_ID_IGNORED;INSTITUTION_MATCH_NONE
1990340867	032f1fbe-d21f-407d-be46-5cd1bb1ea397	12ab4153-7bb8-461c-b480-fbc40f20958e	Fungi	Basidiomycota	Agaricomycetes	Agaricales	Mycenaceae	Xeromphalina	Xeromphalina campanella		SPECIES	Xeromphalina campanella (Batsch) Kühner & Maire	Xeromphalina campanella	(Batsch) Kühner & Maire	CA	Alma, Vic. Alma, Fundy Prov. Pk., Dickson Falls Trail	New Brunswick	PRESENT		61c539d8-47e0-4b82-875f-b95aad66dcd4	45.593611	-64.987778							2013-09-23	23	9	2013	2527302	2527302	PRESERVED_SPECIMEN	TENN-F		TENN-F-069027	14362			CC0_1_0		K.W. Hughes			2025-01-12T10:33:36.063Z	StillImage	COORDINATE_ROUNDED;GEODETIC_DATUM_ASSUMED_WGS84;CONTINENT_DERIVED_FROM_COORDINATES;TAXON_MATCH_TAXON_ID_IGNORED;INSTITUTION_MATCH_NONE
1990333276	032f1fbe-d21f-407d-be46-5cd1bb1ea397	80bb74a0-1c6a-4715-b640-a8ba2e56848f	Fungi	Basidiomycota	Agaricomycetes	Agaricales	Mycenaceae	Xeromphalina	Xeromphalina campanella		SPECIES	Xeromphalina campanella (Batsch) Kühner & Maire	Xeromphalina campanella	(Batsch) Kühner & Maire	CA	"Beauport, """"camping Municipale De Beauport"""""	Quebec	PRESENT		61c539d8-47e0-4b82-875f-b95aad66dcd4	46.900278	-71.175278							2006-07-29	29	7	2006	2527302	2527302	PRESERVED_SPECIMEN	TENN-F		TENN-F-061588	13320			CC0_1_0					2025-01-12T10:33:46.128Z	StillImage	COORDINATE_ROUNDED;GEODETIC_DATUM_ASSUMED_WGS84;CONTINENT_DERIVED_FROM_COORDINATES;TAXON_MATCH_TAXON_ID_IGNORED;INSTITUTION_MATCH_NONE
1990322322	032f1fbe-d21f-407d-be46-5cd1bb1ea397	5facd58b-6bd1-4d57-bb29-9ca4c19de167	Fungi	Basidiomycota	Agaricomycetes	Agaricales	Mycenaceae	Xeromphalina	Xeromphalina campanella		SPECIES	Xeromphalina campanella (Batsch) Kühner & Maire	Xeromphalina campanella	(Batsch) Kühner & Maire	CA	Alonquin Provincial Park	Ontario	PRESENT		61c539d8-47e0-4b82-875f-b95aad66dcd4	45.553889	-78.596667							1990-09-29	29	9	1990	2527302	2527302	PRESERVED_SPECIMEN	TENN-F		TENN-F-049947	LH-35-90			CC0_1_0		R.G.T.			2025-01-12T10:33:39.847Z		COORDINATE_ROUNDED;GEODETIC_DATUM_ASSUMED_WGS84;CONTINENT_DERIVED_FROM_COORDINATES;TAXON_MATCH_TAXON_ID_IGNORED;INSTITUTION_MATCH_NONE
1914364487	50c9509d-22c7-4a22-a47d-8c48425ef4a7	https://www.inaturalist.org/observations/17201748	Fungi	Basidiomycota	Agaricomycetes	Agaricales	Mycenaceae	Xeromphalina	Xeromphalina campanella		SPECIES	Xeromphalina campanella (Batsch) Kühner & Maire	Xeromphalina campanella		CA		Ontario	PRESENT		28eb1a3f-1c15-4a95-931a-4af90ecb574d	45.284425	-78.988446	2104.0						2018-08-18T09:22:16	18	8	2018	2527302	2527302	HUMAN_OBSERVATION	iNaturalist	Observations	17201748		cfhammill	2018-10-04T23:32:31	CC_BY_NC_4_0	cfhammill	cfhammill			2025-01-14T13:54:57.665Z	StillImage	COORDINATE_ROUNDED;CONTINENT_DERIVED_FROM_COORDINATES;TAXON_MATCH_TAXON_ID_IGNORED
1914341132	50c9509d-22c7-4a22-a47d-8c48425ef4a7	https://www.inaturalist.org/observations/17086095	Fungi	Basidiomycota	Agaricomycetes	Agaricales	Mycenaceae	Xeromphalina	Xeromphalina campanella		SPECIES	Xeromphalina campanella (Batsch) Kühner & Maire	Xeromphalina campanella		CA		Ontario	PRESENT		28eb1a3f-1c15-4a95-931a-4af90ecb574d	45.157091	-78.846008	8.0						2018-09-29T15:24:47	29	9	2018	2527302	2527302	HUMAN_OBSERVATION	iNaturalist	Observations	17086095		antoniocillero	2018-10-01T01:32:16	CC_BY_NC_4_0	antoniocillero	antoniocillero			2025-01-14T12:58:12.935Z	StillImage	COORDINATE_ROUNDED;CONTINENT_DERIVED_FROM_COORDINATES;TAXON_MATCH_TAXON_ID_IGNORED
1913149408	50c9509d-22c7-4a22-a47d-8c48425ef4a7	https://www.inaturalist.org/observations/15857131	Fungi	Basidiomycota	Agaricomycetes	Agaricales	Mycenaceae	Xeromphalina	Xeromphalina campanella		SPECIES	Xeromphalina campanella (Batsch) Kühner & Maire	Xeromphalina campanella		CA		New Brunswick	PRESENT		28eb1a3f-1c15-4a95-931a-4af90ecb574d	46.223301	-66.400497							2018-08-22T16:06:55	22	8	2018	2527302	2527302	HUMAN_OBSERVATION	iNaturalist	Observations	15857131		lvicaire	2018-08-24T21:10:04	CC_BY_NC_4_0	lvicaire	lvicaire			2025-01-14T13:00:51.840Z	StillImage	COORDINATE_ROUNDED;CONTINENT_DERIVED_FROM_COORDINATES;TAXON_MATCH_TAXON_ID_IGNORED
1901057161	50c9509d-22c7-4a22-a47d-8c48425ef4a7	https://www.inaturalist.org/observations/16149716	Fungi	Basidiomycota	Agaricomycetes	Agaricales	Mycenaceae	Xeromphalina	Xeromphalina campanella		SPECIES	Xeromphalina campanella (Batsch) Kühner & Maire	Xeromphalina campanella		CA		New Brunswick	PRESENT		28eb1a3f-1c15-4a95-931a-4af90ecb574d	45.956369	-66.668432							2018-09-02T17:23	2	9	2018	2527302	2527302	HUMAN_OBSERVATION	iNaturalist	Observations	16149716		Ken Ramey	2018-09-02T22:54:44	CC_BY_NC_4_0	Ken Ramey	Ken Ramey			2025-01-14T12:06:24.605Z	StillImage	COORDINATE_ROUNDED;CONTINENT_DERIVED_FROM_COORDINATES;TAXON_MATCH_TAXON_ID_IGNORED
1880456993	50c9509d-22c7-4a22-a47d-8c48425ef4a7	https://www.inaturalist.org/observations/11001358	Fungi	Basidiomycota	Agaricomycetes	Agaricales	Mycenaceae	Xeromphalina	Xeromphalina campanella		SPECIES	Xeromphalina campanella (Batsch) Kühner & Maire	Xeromphalina campanella		CA		Ontario	PRESENT		28eb1a3f-1c15-4a95-931a-4af90ecb574d	45.55397	-78.59676	1519.0						2015-10-02T16:37	2	10	2015	2527302	2527302	HUMAN_OBSERVATION	iNaturalist	Observations	11001358		Carl-Adam Wegenschimmel	2018-05-11T00:02:59	CC_BY_NC_4_0	Nancy L Barrett	Nancy L Barrett			2025-01-14T12:05:37.173Z	StillImage	CONTINENT_DERIVED_FROM_COORDINATES;TAXON_MATCH_TAXON_ID_IGNORED
1807256198	e8a25a42-f125-476c-8554-3ec21cd51a84	ACAD:112899	Fungi	Basidiomycota	Agaricomycetes	Agaricales	Mycenaceae	Xeromphalina	Xeromphalina campanella		SPECIES	Xeromphalina campanella (Batsch) Kühner & Maire	Xeromphalina campanella (Batsch) Kuhner & Maire	(Batsch) Kuhner & Maire	CA	(Kentville)	Nova Scotia	PRESENT		6491ad8c-8e49-4bd4-a089-0ddb3bbe0890	45.07662	-64.49592							1930-09-01	1	9	1930	2527302	2527302	PRESERVED_SPECIMEN	Acadia University	ACAD	409F	409	Bigelow,HE		CC0_1_0	Acadia University	H, KA			2024-01-25T01:37:10.629Z	StillImage	GEODETIC_DATUM_INVALID;GEODETIC_DATUM_ASSUMED_WGS84;INSTITUTION_MATCH_FUZZY;COLLECTION_MATCH_FUZZY
1701211442	81e6cff2-b409-417e-8c72-e1bbafb7c61f	41ff88f7-dc57-4af7-b7d9-ca1e0aadd6fa	Fungi	Basidiomycota	Agaricomycetes	Agaricales	Mycenaceae	Xeromphalina	Xeromphalina campanella		SPECIES	Xeromphalina campanella (Batsch) Kühner & Maire	Xeromphalina campanella (Batsch) Kühner & Maire	(Batsch) Kühner & Maire	CA	Beauport municipal camping	Québec	PRESENT		7b8aff00-a9f8-11d8-944b-b8a03c50a862	46.908199	-71.199812	13000.0						2003-08-31	31	8	2003	2527302	2527302	PRESERVED_SPECIMEN	F	Botany	C0296590F	NAMA 2003-241			CC0_1_0	The Field Museum of Natural History	J. E. Lenoce			2024-02-20T16:06:20.665Z		GEODETIC_DATUM_ASSUMED_WGS84;MODIFIED_DATE_INVALID;MULTIMEDIA_URI_INVALID;AMBIGUOUS_COLLECTION;INSTITUTION_MATCH_FUZZY
1571065496	50c9509d-22c7-4a22-a47d-8c48425ef4a7	http://inaturalist.ca/observations/4949866	Fungi	Basidiomycota	Agaricomycetes	Agaricales	Mycenaceae	Xeromphalina	Xeromphalina campanella		SPECIES	Xeromphalina campanella (Batsch) Kühner & Maire	Xeromphalina campanella		CA		Québec	PRESENT		28eb1a3f-1c15-4a95-931a-4af90ecb574d	45.959182	-76.161882							2012-08-25T13:53:58	25	8	2012	2527302	2527302	HUMAN_OBSERVATION	iNaturalist	Observations	4949866		Greg Shchepanek	2017-01-15T19:24:27	CC_BY_NC_4_0	Greg Shchepanek	Greg Shchepanek			2025-01-14T12:59:36.512Z		CONTINENT_DERIVED_FROM_COORDINATES;TAXON_MATCH_TAXON_ID_IGNORED
1412708949	21705170-d2b6-42de-8904-c3bca4b83591	CMMF017524	Fungi	Basidiomycota	Agaricomycetes	Agaricales	Mycenaceae	Xeromphalina	Xeromphalina campanella		SPECIES	Xeromphalina campanella (Batsch) Kühner & Maire	Xeromphalina campanella (Batsch) Maire	(Batsch) Maire	CA	Mont du Lac des Cygnes (sentier des Cygnes), Québec.	Québec	PRESENT		ff7bd5db-b724-4932-b496-10ea298851f9	47.652885	-70.619703	2000.0		550.0	50.0			1980-06-18	18	6	1980	2527302	2527302	PRESERVED_SPECIMEN	Université de Montréal Biodiversity Centre	CMMF	CMMF017524	NA	McNeil, Raymond		CC0_1_0	Université de Montréal Biodiversity Centre	Beaumont, Jean-Pierre			2024-01-24T16:38:15.777Z		INSTITUTION_MATCH_FUZZY;COLLECTION_MATCH_FUZZY;DIFFERENT_OWNER_INSTITUTION
1412708915	21705170-d2b6-42de-8904-c3bca4b83591	CMMF017409	Fungi	Basidiomycota	Agaricomycetes	Agaricales	Mycenaceae	Xeromphalina	Xeromphalina campanella		SPECIES	Xeromphalina campanella (Batsch) Kühner & Maire	Xeromphalina campanella (Batsch) Maire	(Batsch) Maire	CA	Héritage, Québec.	Québec	PRESENT		ff7bd5db-b724-4932-b496-10ea298851f9	45.680872	-73.495831	750.0						1980-07-14	14	7	1980	2527302	2527302	PRESERVED_SPECIMEN	Université de Montréal Biodiversity Centre	CMMF	CMMF017409	1980-194	McNeil, Raymond		CC0_1_0	Université de Montréal Biodiversity Centre	Haméon, G.			2024-01-24T16:38:15.723Z		INSTITUTION_MATCH_FUZZY;COLLECTION_MATCH_FUZZY;DIFFERENT_OWNER_INSTITUTION
1412707821	21705170-d2b6-42de-8904-c3bca4b83591	CMMF016233	Fungi	Basidiomycota	Agaricomycetes	Agaricales	Mycenaceae	Xeromphalina	Xeromphalina campanella		SPECIES	Xeromphalina campanella (Batsch) Kühner & Maire	Xeromphalina campanella (Batsch) Maire	(Batsch) Maire	CA	Laterrière, Québec.	Québec	PRESENT		ff7bd5db-b724-4932-b496-10ea298851f9	48.30504	-71.110222	5000.0						1985-06-16	16	6	1985	2527302	2527302	PRESERVED_SPECIMEN	Université de Montréal Biodiversity Centre	CMMF	CMMF016233	1886	Guérin, Gérard		CC0_1_0	Université de Montréal Biodiversity Centre	Guérin, Gérard			2024-01-24T16:38:18.703Z	StillImage	INSTITUTION_MATCH_FUZZY;COLLECTION_MATCH_FUZZY;DIFFERENT_OWNER_INSTITUTION
1412707818	21705170-d2b6-42de-8904-c3bca4b83591	CMMF016232	Fungi	Basidiomycota	Agaricomycetes	Agaricales	Mycenaceae	Xeromphalina	Xeromphalina campanella		SPECIES	Xeromphalina campanella (Batsch) Kühner & Maire	Xeromphalina campanella (Batsch) Maire	(Batsch) Maire	CA	Route 10, Laprairie, Brossard, Québec.	Québec	PRESENT		ff7bd5db-b724-4932-b496-10ea298851f9	45.459256	-73.449557	4000.0						1979-05-10	10	5	1979	2527302	2527302	PRESERVED_SPECIMEN	Université de Montréal Biodiversity Centre	CMMF	CMMF016232	1884	Guérin, Gérard		CC0_1_0	Université de Montréal Biodiversity Centre	Guérin, Gérard			2024-01-24T16:38:18.710Z	StillImage	INSTITUTION_MATCH_FUZZY;COLLECTION_MATCH_FUZZY;DIFFERENT_OWNER_INSTITUTION
1412704380	21705170-d2b6-42de-8904-c3bca4b83591	CMMF012418	Fungi	Basidiomycota	Agaricomycetes	Agaricales	Mycenaceae	Xeromphalina	Xeromphalina campanella		SPECIES	Omphalia campanella (Batsch) P.Kumm.	Omphalina campanella (Batsch) P. Kumm.	(Batsch) P. Kumm.	CA	Bell's Corners, près d'Ottawa, Ontario.	Ontario	PRESENT		ff7bd5db-b724-4932-b496-10ea298851f9	45.320833	-75.83	5000.0						1961-08-17	17	8	1961	5240641	2527302	PRESERVED_SPECIMEN	Université de Montréal Biodiversity Centre	CMMF	CMMF012418	NA	unknown		CC0_1_0	Université de Montréal Biodiversity Centre	Handfield, G.			2024-01-24T16:38:19.966Z		TAXON_MATCH_FUZZY;INSTITUTION_MATCH_FUZZY;COLLECTION_MATCH_FUZZY;DIFFERENT_OWNER_INSTITUTION
1135071351	21705170-d2b6-42de-8904-c3bca4b83591	CMMF009926	Fungi	Basidiomycota	Agaricomycetes	Agaricales	Mycenaceae	Xeromphalina	Xeromphalina campanella		SPECIES	Xeromphalina campanella (Batsch) Kühner & Maire	Xeromphalina campanella (Batsch) Maire	(Batsch) Maire	CA	Chemin de la Chapelle sud, Lac-Beauport.	Québec	PRESENT		ff7bd5db-b724-4932-b496-10ea298851f9	46.948621	-71.283499	150.0						2007-09-05	5	9	2007	2527302	2527302	PRESERVED_SPECIMEN	Université de Montréal Biodiversity Centre	CMMF	CMMF009926	1510	Labrecque, Jacqueline		CC0_1_0	Université de Montréal Biodiversity Centre	Labrecque, Jacqueline			2024-01-24T16:38:21.402Z		INSTITUTION_MATCH_FUZZY;COLLECTION_MATCH_FUZZY;DIFFERENT_OWNER_INSTITUTION
1135071297	21705170-d2b6-42de-8904-c3bca4b83591	CMMF009826	Fungi	Basidiomycota	Agaricomycetes	Agaricales	Mycenaceae	Xeromphalina	Xeromphalina campanella		SPECIES	Xeromphalina campanella (Batsch) Kühner & Maire	Xeromphalina campanella (Batsch) Maire	(Batsch) Maire	CA	Château Bigot (rue Rouleau est), Québec.	Québec	PRESENT		ff7bd5db-b724-4932-b496-10ea298851f9	46.898375	-71.266801	2000.0						2007-08-22	22	8	2007	2527302	2527302	PRESERVED_SPECIMEN	Université de Montréal Biodiversity Centre	CMMF	CMMF009826	1410	Labrecque, Jacqueline		CC0_1_0	Université de Montréal Biodiversity Centre	Labrecque, Jacqueline			2024-01-24T16:38:21.272Z		INSTITUTION_MATCH_FUZZY;COLLECTION_MATCH_FUZZY;DIFFERENT_OWNER_INSTITUTION
1135070492	21705170-d2b6-42de-8904-c3bca4b83591	CMMF009094	Fungi	Basidiomycota	Agaricomycetes	Agaricales	Mycenaceae	Xeromphalina	Xeromphalina campanella		SPECIES	Xeromphalina campanella (Batsch) Kühner & Maire	Xeromphalina campanella (Batsch) Maire	(Batsch) Maire	CA	Chemin Chapelle, Lac-Beauport.	Québec	PRESENT		ff7bd5db-b724-4932-b496-10ea298851f9	46.949281	-71.284722	250.0						2006-09-01	1	9	2006	2527302	2527302	PRESERVED_SPECIMEN	Université de Montréal Biodiversity Centre	CMMF	CMMF009094	677	Labrecque, Jacqueline		CC0_1_0	Université de Montréal Biodiversity Centre	Labrecque, Jacqueline			2024-01-24T16:38:20.192Z	StillImage	INSTITUTION_MATCH_FUZZY;COLLECTION_MATCH_FUZZY;DIFFERENT_OWNER_INSTITUTION
1135070326	21705170-d2b6-42de-8904-c3bca4b83591	CMMF008860	Fungi	Basidiomycota	Agaricomycetes	Agaricales	Mycenaceae	Xeromphalina	Xeromphalina campanella		SPECIES	Xeromphalina campanella (Batsch) Kühner & Maire	Xeromphalina campanella (Batsch) Maire	(Batsch) Maire	CA	Château Bigot, Québec.	Québec	PRESENT		ff7bd5db-b724-4932-b496-10ea298851f9	46.898375	-71.266801	2000.0						2006-08-03	3	8	2006	2527302	2527302	PRESERVED_SPECIMEN	Université de Montréal Biodiversity Centre	CMMF	CMMF008860	443	Labrecque, Jacqueline		CC0_1_0	Université de Montréal Biodiversity Centre	Labrecque, Jacqueline			2024-01-24T16:38:18.870Z		INSTITUTION_MATCH_FUZZY;COLLECTION_MATCH_FUZZY;DIFFERENT_OWNER_INSTITUTION
1135070108	21705170-d2b6-42de-8904-c3bca4b83591	CMMF008625	Fungi	Basidiomycota	Agaricomycetes	Agaricales	Mycenaceae	Xeromphalina	Xeromphalina campanella		SPECIES	Xeromphalina campanella (Batsch) Kühner & Maire	Xeromphalina campanella (Batsch) Maire	(Batsch) Maire	CA	Chemin O'Neil près ruisseau, Lac-Beauport.	Québec	PRESENT		ff7bd5db-b724-4932-b496-10ea298851f9	46.953091	-71.275238	5000.0						2006-06-09	9	6	2006	2527302	2527302	PRESERVED_SPECIMEN	Université de Montréal Biodiversity Centre	CMMF	CMMF008625	200	Labrecque, Jacqueline		CC0_1_0	Université de Montréal Biodiversity Centre	Labrecque, Jacqueline			2024-01-24T16:38:17.964Z	StillImage	INSTITUTION_MATCH_FUZZY;COLLECTION_MATCH_FUZZY;DIFFERENT_OWNER_INSTITUTION
1135070002	21705170-d2b6-42de-8904-c3bca4b83591	CMMF008537	Fungi	Basidiomycota	Agaricomycetes	Agaricales	Mycenaceae	Xeromphalina	Xeromphalina campanella		SPECIES	Xeromphalina campanella (Batsch) Kühner & Maire	Xeromphalina campanella (Batsch) Maire	(Batsch) Maire	CA	Lac Neigette Nord, Lac-Beauport.	Québec	PRESENT		ff7bd5db-b724-4932-b496-10ea298851f9	46.954381	-71.301586	450.0						2006-05-08	8	5	2006	2527302	2527302	PRESERVED_SPECIMEN	Université de Montréal Biodiversity Centre	CMMF	CMMF008537	109	Labbé, Roland		CC0_1_0	Université de Montréal Biodiversity Centre	Labrecque, Jacqueline			2024-01-24T16:38:17.907Z	StillImage	INSTITUTION_MATCH_FUZZY;COLLECTION_MATCH_FUZZY;DIFFERENT_OWNER_INSTITUTION
1135069964	21705170-d2b6-42de-8904-c3bca4b83591	CMMF008528	Fungi	Basidiomycota	Agaricomycetes	Agaricales	Mycenaceae	Xeromphalina	Xeromphalina campanella		SPECIES	Xeromphalina campanella (Batsch) Kühner & Maire	Xeromphalina campanella (Batsch) Maire	(Batsch) Maire	CA	Containers Ouest, Lac-Beauport.	Québec	PRESENT		ff7bd5db-b724-4932-b496-10ea298851f9	46.953091	-71.275238	5000.0						2006-05-05	5	5	2006	2527302	2527302	PRESERVED_SPECIMEN	Université de Montréal Biodiversity Centre	CMMF	CMMF008528	100	Labbé, Roland		CC0_1_0	Université de Montréal Biodiversity Centre	Labrecque, Jacqueline			2024-01-24T16:38:17.908Z	StillImage	INSTITUTION_MATCH_FUZZY;COLLECTION_MATCH_FUZZY;DIFFERENT_OWNER_INSTITUTION
1135068150	21705170-d2b6-42de-8904-c3bca4b83591	CMMF006700	Fungi	Basidiomycota	Agaricomycetes	Agaricales	Mycenaceae	Xeromphalina	Xeromphalina campanella		SPECIES	Xeromphalina campanella (Batsch) Kühner & Maire	Xeromphalina campanella (Batsch) Maire	(Batsch) Maire	CA	Mirabel	Québec	PRESENT		ff7bd5db-b724-4932-b496-10ea298851f9	45.683917	-74.2185	100.0						2006-09-21	21	9	2006	2527302	2527302	PRESERVED_SPECIMEN	Université de Montréal Biodiversity Centre	CMMF	CMMF006700	C2981	McNeil, Raymond		CC0_1_0	Université de Montréal Biodiversity Centre	McNeil, Raymond			2024-01-24T16:38:18.425Z	StillImage	COORDINATE_ROUNDED;INSTITUTION_MATCH_FUZZY;COLLECTION_MATCH_FUZZY;DIFFERENT_OWNER_INSTITUTION
1135067973	21705170-d2b6-42de-8904-c3bca4b83591	CMMF006631	Fungi	Basidiomycota	Agaricomycetes	Agaricales	Mycenaceae	Xeromphalina	Xeromphalina campanella		SPECIES	Xeromphalina campanella (Batsch) Kühner & Maire	Xeromphalina campanella (Batsch) Maire	(Batsch) Maire	CA	Oka (Parc provincial)	Québec	PRESENT		ff7bd5db-b724-4932-b496-10ea298851f9	45.469917	-74.040417	100.0						1979-05-19	19	5	1979	2527302	2527302	PRESERVED_SPECIMEN	Université de Montréal Biodiversity Centre	CMMF	CMMF006631	Inexistant	McNeil, Raymond		CC0_1_0	Université de Montréal Biodiversity Centre	McNeil, Raymond			2024-01-24T16:38:18.433Z	StillImage	COORDINATE_ROUNDED;INSTITUTION_MATCH_FUZZY;COLLECTION_MATCH_FUZZY;DIFFERENT_OWNER_INSTITUTION
