gbifID	datasetKey	occurrenceID	kingdom	phylum	class	order	family	genus	species	infraspecificEpithet	taxonRank	scientificName	verbatimScientificName	verbatimScientificNameAuthorship	countryCode	locality	stateProvince	occurrenceStatus	individualCount	publishingOrgKey	decimalLatitude	decimalLongitude	coordinateUncertaintyInMeters	coordinatePrecision	elevation	elevationAccuracy	depth	depthAccuracy	eventDate	day	month	year	taxonKey	speciesKey	basisOfRecord	institutionCode	collectionCode	catalogNumber	recordNumber	identifiedBy	dateIdentified	license	rightsHolder	recordedBy	typeStatus	establishmentMeans	lastInterpreted	mediaType	issue
617555357	21705170-d2b6-42de-8904-c3bca4b83591	CMMF000769	Fungi	Basidiomycota	Agaricomycetes	Agaricales	Mycenaceae	Mycena	Mycena galericulata		SPECIES	Mycena galericulata (Scop.) Gray	Mycena galericulata (Scop.) Gray	(Scop.) Gray	CA	Montréal	Québec	PRESENT		ff7bd5db-b724-4932-b496-10ea298851f9	45.509625	-73.662984	25000.0						1989-09-13	13	9	1989	2526880	2526880	PRESERVED_SPECIMEN	Université de Montréal Biodiversity Centre	CMMF	CMMF000769		Lamoureux, Yves		CC0_1_0	Université de Montréal Biodiversity Centre	Lamoureux, Yves			2024-01-24T16:38:20.228Z	StillImage	INSTITUTION_MATCH_FUZZY;COLLECTION_MATCH_FUZZY;DIFFERENT_OWNER_INSTITUTION
617555234	21705170-d2b6-42de-8904-c3bca4b83591	CMMF000716	Fungi	Basidiomycota	Agaricomycetes	Agaricales	Mycenaceae	Mycena	Mycena galericulata		SPECIES	Mycena galericulata (Scop.) Gray	Mycena galericulata (Scop.) Gray	(Scop.) Gray	CA	Châteauguay	Québec	PRESENT		ff7bd5db-b724-4932-b496-10ea298851f9	45.359455	-73.734207	5000.0						1989-09-03	3	9	1989	2526880	2526880	PRESERVED_SPECIMEN	Université de Montréal Biodiversity Centre	CMMF	CMMF000716		Lamoureux, Yves		CC0_1_0	Université de Montréal Biodiversity Centre	Lamoureux, Yves			2024-01-24T16:38:20.295Z	StillImage	INSTITUTION_MATCH_FUZZY;COLLECTION_MATCH_FUZZY;DIFFERENT_OWNER_INSTITUTION
617550617	21705170-d2b6-42de-8904-c3bca4b83591	CMMF002356	Fungi	Basidiomycota	Agaricomycetes	Agaricales	Mycenaceae	Mycena	Mycena galericulata		SPECIES	Mycena galericulata (Scop.) Gray	Mycena galericulata (Scop.) Gray	(Scop.) Gray	CA	Saint-Bruno-de-Montarville	Québec	PRESENT		ff7bd5db-b724-4932-b496-10ea298851f9	45.526599	-73.344507	5500.0						1995-06-08	8	6	1995	2526880	2526880	PRESERVED_SPECIMEN	Université de Montréal Biodiversity Centre	CMMF	CMMF002356		Lamoureux, Yves		CC0_1_0	Université de Montréal Biodiversity Centre	Lamoureux, Yves			2024-01-24T16:38:19.450Z	StillImage	INSTITUTION_MATCH_FUZZY;COLLECTION_MATCH_FUZZY;DIFFERENT_OWNER_INSTITUTION
617548274	21705170-d2b6-42de-8904-c3bca4b83591	CMMF001332	Fungi	Basidiomycota	Agaricomycetes	Agaricales	Mycenaceae	Mycena	Mycena galericulata		SPECIES	Mycena galericulata (Scop.) Gray	Mycena galericulata (Scop.) Gray	(Scop.) Gray	CA	Longueuil	Québec	PRESENT		ff7bd5db-b724-4932-b496-10ea298851f9	45.544154	-73.477185	5000.0						1991-06-18	18	6	1991	2526880	2526880	PRESERVED_SPECIMEN	Université de Montréal Biodiversity Centre	CMMF	CMMF001332		Lamoureux, Yves		CC0_1_0	Université de Montréal Biodiversity Centre	Lamoureux, Yves			2024-01-24T16:38:17.513Z	StillImage	INSTITUTION_MATCH_FUZZY;COLLECTION_MATCH_FUZZY;DIFFERENT_OWNER_INSTITUTION
5007461712	50c9509d-22c7-4a22-a47d-8c48425ef4a7	https://www.inaturalist.org/observations/255786045	Fungi	Basidiomycota	Agaricomycetes	Agaricales	Mycenaceae	Mycena	Mycena galericulata		SPECIES	Mycena galericulata (Scop.) Gray	Mycena galericulata		CA		New Brunswick	PRESENT		28eb1a3f-1c15-4a95-931a-4af90ecb574d	46.80167	-66.569717							2022-08-15T13:37	15	8	2022	2526880	2526880	HUMAN_OBSERVATION	iNaturalist	Observations	255786045		David Malloch	2024-12-21T17:40:14	CC_BY_NC_4_0	David Malloch	David Malloch			2025-01-14T13:45:05.108Z	StillImage	CONTINENT_DERIVED_FROM_COORDINATES;TAXON_MATCH_TAXON_ID_IGNORED
4950235085	50c9509d-22c7-4a22-a47d-8c48425ef4a7	https://www.inaturalist.org/observations/244039907	Fungi	Basidiomycota	Agaricomycetes	Agaricales	Mycenaceae	Mycena	Mycena galericulata		SPECIES	Mycena galericulata (Scop.) Gray	Mycena galericulata		CA		Ontario	PRESENT		28eb1a3f-1c15-4a95-931a-4af90ecb574d	45.370219	-75.797036	5.0						2024-09-25T14:33	25	9	2024	2526880	2526880	HUMAN_OBSERVATION	iNaturalist	Observations	244039907		Deborah Mosher	2024-09-25T21:23:51	CC_BY_NC_4_0	Deborah Mosher	Deborah Mosher			2025-01-14T12:54:21.548Z	StillImage	COORDINATE_ROUNDED;CONTINENT_DERIVED_FROM_COORDINATES;TAXON_MATCH_TAXON_ID_IGNORED
4949926607	50c9509d-22c7-4a22-a47d-8c48425ef4a7	https://www.inaturalist.org/observations/242125295	Fungi	Basidiomycota	Agaricomycetes	Agaricales	Mycenaceae	Mycena	Mycena galericulata		SPECIES	Mycena galericulata (Scop.) Gray	Mycena galericulata		CA		Ontario	PRESENT		28eb1a3f-1c15-4a95-931a-4af90ecb574d	45.370392	-75.796158	5.0						2024-09-16T08:47	16	9	2024	2526880	2526880	HUMAN_OBSERVATION	iNaturalist	Observations	242125295		Deborah Mosher	2024-09-16T17:00:34	CC_BY_NC_4_0	Deborah Mosher	Deborah Mosher			2025-01-14T13:43:48.651Z	StillImage	COORDINATE_ROUNDED;CONTINENT_DERIVED_FROM_COORDINATES;TAXON_MATCH_TAXON_ID_IGNORED
4936832470	50c9509d-22c7-4a22-a47d-8c48425ef4a7	https://www.inaturalist.org/observations/239284231	Fungi	Basidiomycota	Agaricomycetes	Agaricales	Mycenaceae	Mycena	Mycena galericulata		SPECIES	Mycena galericulata (Scop.) Gray	Mycena galericulata		CA		Ontario	PRESENT		28eb1a3f-1c15-4a95-931a-4af90ecb574d	45.370328	-75.796181	5.0						2024-09-01T14:04	1	9	2024	2526880	2526880	HUMAN_OBSERVATION	iNaturalist	Observations	239284231		Deborah Mosher	2024-09-01T22:43:43	CC_BY_NC_4_0	Deborah Mosher	Deborah Mosher			2025-01-14T12:57:51.753Z	StillImage	COORDINATE_ROUNDED;CONTINENT_DERIVED_FROM_COORDINATES;TAXON_MATCH_TAXON_ID_IGNORED
4936546416	50c9509d-22c7-4a22-a47d-8c48425ef4a7	https://www.inaturalist.org/observations/173036602	Fungi	Basidiomycota	Agaricomycetes	Agaricales	Mycenaceae	Mycena	Mycena galericulata		SPECIES	Mycena galericulata (Scop.) Gray	Mycena galericulata		CA		Québec	PRESENT		28eb1a3f-1c15-4a95-931a-4af90ecb574d	45.455994	-73.562457	150.0						2023-07-15T09:34:44	15	7	2023	2526880	2526880	HUMAN_OBSERVATION	iNaturalist	Observations	173036602		Дмитрий Одинцов	2023-07-15T16:18:41	CC_BY_4_0	viandemoisie	viandemoisie			2025-01-14T13:25:45.806Z		COORDINATE_ROUNDED;CONTINENT_DERIVED_FROM_COORDINATES;TAXON_MATCH_TAXON_ID_IGNORED
4852670498	50c9509d-22c7-4a22-a47d-8c48425ef4a7	https://www.inaturalist.org/observations/189618818	Fungi	Basidiomycota	Agaricomycetes	Agaricales	Mycenaceae	Mycena	Mycena galericulata		SPECIES	Mycena galericulata (Scop.) Gray	Mycena galericulata		CA		Québec	PRESENT		28eb1a3f-1c15-4a95-931a-4af90ecb574d	45.632875	-73.811127	61.0						2023-10-31T10:32	31	10	2023	2526880	2526880	HUMAN_OBSERVATION	iNaturalist	Observations	189618818		Biscotte	2023-11-01T00:44:34	CC_BY_NC_4_0	Biscotte	Biscotte			2025-01-14T13:35:11.836Z	StillImage	COORDINATE_ROUNDED;CONTINENT_DERIVED_FROM_COORDINATES;TAXON_MATCH_TAXON_ID_IGNORED
4458585269	50c9509d-22c7-4a22-a47d-8c48425ef4a7	https://www.inaturalist.org/observations/186551596	Fungi	Basidiomycota	Agaricomycetes	Agaricales	Mycenaceae	Mycena	Mycena galericulata		SPECIES	Mycena galericulata (Scop.) Gray	Mycena galericulata		CA		Québec	PRESENT		28eb1a3f-1c15-4a95-931a-4af90ecb574d	45.43421	-73.94892	189.0						2023-10-05T11:32	5	10	2023	2526880	2526880	HUMAN_OBSERVATION	iNaturalist	Observations	186551596		Madz	2023-10-07T15:31:36	CC_BY_NC_4_0	Madz	Madz			2025-01-14T12:42:46.951Z	StillImage	CONTINENT_DERIVED_FROM_COORDINATES;TAXON_MATCH_TAXON_ID_IGNORED
4458375255	50c9509d-22c7-4a22-a47d-8c48425ef4a7	https://www.inaturalist.org/observations/186551602	Fungi	Basidiomycota	Agaricomycetes	Agaricales	Mycenaceae	Mycena	Mycena galericulata		SPECIES	Mycena galericulata (Scop.) Gray	Mycena galericulata		CA		Québec	PRESENT		28eb1a3f-1c15-4a95-931a-4af90ecb574d	45.43421	-73.94892	189.0						2023-10-05T11:32	5	10	2023	2526880	2526880	HUMAN_OBSERVATION	iNaturalist	Observations	186551602		Madz	2023-10-07T15:31:37	CC_BY_NC_4_0	Madz	Madz			2025-01-14T13:28:09.403Z	StillImage	CONTINENT_DERIVED_FROM_COORDINATES;TAXON_MATCH_TAXON_ID_IGNORED
4416767666	50c9509d-22c7-4a22-a47d-8c48425ef4a7	https://www.inaturalist.org/observations/179152461	Fungi	Basidiomycota	Agaricomycetes	Agaricales	Mycenaceae	Mycena	Mycena galericulata		SPECIES	Mycena galericulata (Scop.) Gray	Mycena galericulata		CA		Québec	PRESENT		28eb1a3f-1c15-4a95-931a-4af90ecb574d	45.550556	-73.46992	784.0						2023-08-17T08:38	17	8	2023	2526880	2526880	HUMAN_OBSERVATION	iNaturalist	Observations	179152461		Antoine Fortin	2023-08-19T14:29:21	CC_BY_NC_4_0	Antoine Fortin	Antoine Fortin			2025-01-14T13:32:46.236Z	StillImage	COORDINATE_ROUNDED;CONTINENT_DERIVED_FROM_COORDINATES;TAXON_MATCH_TAXON_ID_IGNORED
4405541805	50c9509d-22c7-4a22-a47d-8c48425ef4a7	https://www.inaturalist.org/observations/180445312	Fungi	Basidiomycota	Agaricomycetes	Agaricales	Mycenaceae	Mycena	Mycena galericulata		SPECIES	Mycena galericulata (Scop.) Gray	Mycena galericulata		CA		Québec	PRESENT		28eb1a3f-1c15-4a95-931a-4af90ecb574d	45.382454	-75.821206	33.0						2023-08-26T09:59	26	8	2023	2526880	2526880	HUMAN_OBSERVATION	iNaturalist	Observations	180445312		jonathan_mack	2023-08-27T14:39:58	CC_BY_NC_4_0	jonathan_mack	jonathan_mack			2025-01-14T12:41:02.089Z	StillImage	COORDINATE_ROUNDED;CONTINENT_DERIVED_FROM_COORDINATES;TAXON_MATCH_TAXON_ID_IGNORED
3925079674	50c9509d-22c7-4a22-a47d-8c48425ef4a7	https://www.inaturalist.org/observations/136323413	Fungi	Basidiomycota	Agaricomycetes	Agaricales	Mycenaceae	Mycena	Mycena galericulata		SPECIES	Mycena galericulata (Scop.) Gray	Mycena galericulata		CA		Ontario	PRESENT		28eb1a3f-1c15-4a95-931a-4af90ecb574d	45.385788	-75.70195	3.0						2022-09-24T14:31:13	24	9	2022	2526880	2526880	HUMAN_OBSERVATION	iNaturalist	Observations	136323413		Maria Bastas	2022-09-24T19:34:01	CC_BY_NC_4_0	Maria Bastas	Maria Bastas			2025-01-14T12:33:24.063Z	StillImage	COORDINATE_ROUNDED;CONTINENT_DERIVED_FROM_COORDINATES;TAXON_MATCH_TAXON_ID_IGNORED
3902448351	50c9509d-22c7-4a22-a47d-8c48425ef4a7	https://www.inaturalist.org/observations/134361926	Fungi	Basidiomycota	Agaricomycetes	Agaricales	Mycenaceae	Mycena	Mycena galericulata		SPECIES	Mycena galericulata (Scop.) Gray	Mycena galericulata		CA		Québec	PRESENT		28eb1a3f-1c15-4a95-931a-4af90ecb574d	45.430262	-73.944977	31.0						2022-09-09T15:09	9	9	2022	2526880	2526880	HUMAN_OBSERVATION	iNaturalist	Observations	134361926		Madz	2022-09-09T23:50:34	CC_BY_NC_4_0	Madz	Madz			2025-01-14T13:20:51.925Z	StillImage	COORDINATE_ROUNDED;CONTINENT_DERIVED_FROM_COORDINATES;TAXON_MATCH_TAXON_ID_IGNORED
3859579847	50c9509d-22c7-4a22-a47d-8c48425ef4a7	https://www.inaturalist.org/observations/122980382	Fungi	Basidiomycota	Agaricomycetes	Agaricales	Mycenaceae	Mycena	Mycena galericulata		SPECIES	Mycena galericulata (Scop.) Gray	Mycena galericulata		CA		Ontario	PRESENT		28eb1a3f-1c15-4a95-931a-4af90ecb574d	45.40313	-75.586975	24.0						2022-06-22T10:55:51	22	6	2022	2526880	2526880	HUMAN_OBSERVATION	iNaturalist	Observations	122980382		Igor Khomenko	2022-06-22T18:19:45	CC_BY_NC_4_0	Igor Khomenko	Igor Khomenko			2025-01-14T12:29:58.548Z	StillImage	CONTINENT_DERIVED_FROM_COORDINATES;TAXON_MATCH_TAXON_ID_IGNORED
3859390762	50c9509d-22c7-4a22-a47d-8c48425ef4a7	https://www.inaturalist.org/observations/119528752	Fungi	Basidiomycota	Agaricomycetes	Agaricales	Mycenaceae	Mycena	Mycena galericulata		SPECIES	Mycena galericulata (Scop.) Gray	Mycena galericulata		CA		Ontario	PRESENT		28eb1a3f-1c15-4a95-931a-4af90ecb574d	45.209278	-75.229278	10.0						2022-05-30T14:04:03	30	5	2022	2526880	2526880	HUMAN_OBSERVATION	iNaturalist	Observations	119528752		Lynn Ovenden	2022-05-31T01:59:52	CC_BY_NC_4_0	Lynn Ovenden	Lynn Ovenden			2025-01-14T12:29:33.769Z	StillImage	COORDINATE_ROUNDED;CONTINENT_DERIVED_FROM_COORDINATES;TAXON_MATCH_TAXON_ID_IGNORED
3760345786	50c9509d-22c7-4a22-a47d-8c48425ef4a7	https://www.inaturalist.org/observations/111304561	Fungi	Basidiomycota	Agaricomycetes	Agaricales	Mycenaceae	Mycena	Mycena galericulata		SPECIES	Mycena galericulata (Scop.) Gray	Mycena galericulata		CA		Ontario	PRESENT		28eb1a3f-1c15-4a95-931a-4af90ecb574d	45.352403	-75.871589	8.0						2021-10-09T13:51:57	9	10	2021	2526880	2526880	HUMAN_OBSERVATION	iNaturalist	Observations	111304561		carolynseburn	2022-04-13T13:56:25	CC_BY_NC_4_0	carolynseburn	carolynseburn			2025-01-14T13:18:53.429Z	StillImage	COORDINATE_ROUNDED;CONTINENT_DERIVED_FROM_COORDINATES;TAXON_MATCH_TAXON_ID_IGNORED
3407901594	50c9509d-22c7-4a22-a47d-8c48425ef4a7	https://www.inaturalist.org/observations/97475783	Fungi	Basidiomycota	Agaricomycetes	Agaricales	Mycenaceae	Mycena	Mycena galericulata		SPECIES	Mycena galericulata (Scop.) Gray	Mycena galericulata		CA		Québec	PRESENT		28eb1a3f-1c15-4a95-931a-4af90ecb574d	45.511084	-73.584048	540.0						2021-10-07T15:35:10	7	10	2021	2526880	2526880	HUMAN_OBSERVATION	iNaturalist	Observations	97475783		khalil90	2021-10-14T03:34:14	CC_BY_NC_4_0	lucclerici	lucclerici			2025-01-14T13:14:29.709Z	StillImage	COORDINATE_ROUNDED;CONTINENT_DERIVED_FROM_COORDINATES;TAXON_MATCH_TAXON_ID_IGNORED
3399344314	50c9509d-22c7-4a22-a47d-8c48425ef4a7	https://www.inaturalist.org/observations/98535727	Fungi	Basidiomycota	Agaricomycetes	Agaricales	Mycenaceae	Mycena	Mycena galericulata		SPECIES	Mycena galericulata (Scop.) Gray	Mycena galericulata		CA		Québec	PRESENT		28eb1a3f-1c15-4a95-931a-4af90ecb574d	45.506871	-73.588717	517.0						2021-10-06T15:13:38	6	10	2021	2526880	2526880	HUMAN_OBSERVATION	iNaturalist	Observations	98535727		esosaobano	2021-10-17T20:46:16	CC_BY_NC_4_0	esosaobano	esosaobano			2025-01-14T13:14:47.023Z	StillImage	COORDINATE_ROUNDED;CONTINENT_DERIVED_FROM_COORDINATES;TAXON_MATCH_TAXON_ID_IGNORED
3399282495	50c9509d-22c7-4a22-a47d-8c48425ef4a7	https://www.inaturalist.org/observations/98755513	Fungi	Basidiomycota	Agaricomycetes	Agaricales	Mycenaceae	Mycena	Mycena galericulata		SPECIES	Mycena galericulata (Scop.) Gray	Mycena galericulata		CA		Québec	PRESENT		28eb1a3f-1c15-4a95-931a-4af90ecb574d	45.509639	-73.589103	1615.0						2021-10-07T15:26:09	7	10	2021	2526880	2526880	HUMAN_OBSERVATION	iNaturalist	Observations	98755513		sophiacrowther	2021-10-20T01:40:04	CC_BY_NC_4_0	sophiacrowther	sophiacrowther			2025-01-14T12:25:38.680Z	StillImage	COORDINATE_ROUNDED;CONTINENT_DERIVED_FROM_COORDINATES;TAXON_MATCH_TAXON_ID_IGNORED
3399240458	50c9509d-22c7-4a22-a47d-8c48425ef4a7	https://www.inaturalist.org/observations/98676161	Fungi	Basidiomycota	Agaricomycetes	Agaricales	Mycenaceae	Mycena	Mycena galericulata		SPECIES	Mycena galericulata (Scop.) Gray	Mycena galericulata		CA		Québec	PRESENT		28eb1a3f-1c15-4a95-931a-4af90ecb574d	45.511575	-73.586831	11.0						2021-10-05T15:22	5	10	2021	2526880	2526880	HUMAN_OBSERVATION	iNaturalist	Observations	98676161		layanaljandan	2021-10-19T04:38:48	CC_BY_NC_4_0	layanaljandan	layanaljandan			2025-01-14T14:02:45.897Z	StillImage	COORDINATE_ROUNDED;CONTINENT_DERIVED_FROM_COORDINATES;TAXON_MATCH_TAXON_ID_IGNORED
3398888362	50c9509d-22c7-4a22-a47d-8c48425ef4a7	https://www.inaturalist.org/observations/98618504	Fungi	Basidiomycota	Agaricomycetes	Agaricales	Mycenaceae	Mycena	Mycena galericulata		SPECIES	Mycena galericulata (Scop.) Gray	Mycena galericulata		CA		Québec	PRESENT		28eb1a3f-1c15-4a95-931a-4af90ecb574d	45.512553	-73.586797	197.0						2021-10-06T15:05:35	6	10	2021	2526880	2526880	HUMAN_OBSERVATION	iNaturalist	Observations	98618504		elizabethpranov	2021-10-18T17:39:44	CC_BY_NC_4_0	jkolakowski	jkolakowski			2025-01-14T12:22:56.885Z	StillImage	COORDINATE_ROUNDED;CONTINENT_DERIVED_FROM_COORDINATES;TAXON_MATCH_TAXON_ID_IGNORED
3398822482	50c9509d-22c7-4a22-a47d-8c48425ef4a7	https://www.inaturalist.org/observations/98683495	Fungi	Basidiomycota	Agaricomycetes	Agaricales	Mycenaceae	Mycena	Mycena galericulata		SPECIES	Mycena galericulata (Scop.) Gray	Mycena galericulata		CA		Québec	PRESENT		28eb1a3f-1c15-4a95-931a-4af90ecb574d	45.501485	-73.567256	23825.0						2021-10-05T15:16:34	5	10	2021	2526880	2526880	HUMAN_OBSERVATION	iNaturalist	Observations	98683495		teondong	2021-10-19T07:55:31	CC_BY_NC_4_0	teondong	teondong			2025-01-14T13:17:48.672Z	StillImage	COORDINATE_ROUNDED;CONTINENT_DERIVED_FROM_COORDINATES;TAXON_MATCH_TAXON_ID_IGNORED
3398777425	50c9509d-22c7-4a22-a47d-8c48425ef4a7	https://www.inaturalist.org/observations/98666639	Fungi	Basidiomycota	Agaricomycetes	Agaricales	Mycenaceae	Mycena	Mycena galericulata		SPECIES	Mycena galericulata (Scop.) Gray	Mycena galericulata		CA		Québec	PRESENT		28eb1a3f-1c15-4a95-931a-4af90ecb574d	45.51125	-73.584175	218.0						2021-10-06T15:11:16	6	10	2021	2526880	2526880	HUMAN_OBSERVATION	iNaturalist	Observations	98666639		angeline-correia	2021-10-19T02:09:57	CC_BY_NC_4_0	angeline-correia	angeline-correia			2025-01-14T13:11:57.614Z	StillImage	CONTINENT_DERIVED_FROM_COORDINATES;TAXON_MATCH_TAXON_ID_IGNORED
3398776922	50c9509d-22c7-4a22-a47d-8c48425ef4a7	https://www.inaturalist.org/observations/97380734	Fungi	Basidiomycota	Agaricomycetes	Agaricales	Mycenaceae	Mycena	Mycena galericulata		SPECIES	Mycena galericulata (Scop.) Gray	Mycena galericulata		CA		Québec	PRESENT		28eb1a3f-1c15-4a95-931a-4af90ecb574d	45.513103	-73.585038	30.0						2021-10-06T15:24:41	6	10	2021	2526880	2526880	HUMAN_OBSERVATION	iNaturalist	Observations	97380734		olivia_boeker	2021-10-19T18:15:45	CC_BY_NC_4_0	Sianna	Sianna			2025-01-14T13:15:45.087Z	StillImage	COORDINATE_ROUNDED;CONTINENT_DERIVED_FROM_COORDINATES;TAXON_MATCH_TAXON_ID_IGNORED
3398678024	50c9509d-22c7-4a22-a47d-8c48425ef4a7	https://www.inaturalist.org/observations/98288061	Fungi	Basidiomycota	Agaricomycetes	Agaricales	Mycenaceae	Mycena	Mycena galericulata		SPECIES	Mycena galericulata (Scop.) Gray	Mycena galericulata		CA		Québec	PRESENT		28eb1a3f-1c15-4a95-931a-4af90ecb574d	45.511988	-73.58593	5.0						2021-10-06T14:57:28	6	10	2021	2526880	2526880	HUMAN_OBSERVATION	iNaturalist	Observations	98288061		leiaswayze	2021-10-15T16:33:31	CC_BY_NC_4_0	leiaswayze	leiaswayze			2025-01-14T13:15:50.802Z	StillImage	COORDINATE_ROUNDED;CONTINENT_DERIVED_FROM_COORDINATES;TAXON_MATCH_TAXON_ID_IGNORED
3398657913	50c9509d-22c7-4a22-a47d-8c48425ef4a7	https://www.inaturalist.org/observations/97377940	Fungi	Basidiomycota	Agaricomycetes	Agaricales	Mycenaceae	Mycena	Mycena galericulata		SPECIES	Mycena galericulata (Scop.) Gray	Mycena galericulata		CA		Québec	PRESENT		28eb1a3f-1c15-4a95-931a-4af90ecb574d	45.512271	-73.586402	138.0						2021-10-06T15:50:10	6	10	2021	2526880	2526880	HUMAN_OBSERVATION	iNaturalist	Observations	97377940		cinna_latifolia	2021-10-06T20:02:40	CC_BY_NC_4_0	tracycheng11	tracycheng11			2025-01-14T13:25:04.437Z	StillImage	COORDINATE_ROUNDED;CONTINENT_DERIVED_FROM_COORDINATES;TAXON_MATCH_TAXON_ID_IGNORED
3398649939	50c9509d-22c7-4a22-a47d-8c48425ef4a7	https://www.inaturalist.org/observations/97470841	Fungi	Basidiomycota	Agaricomycetes	Agaricales	Mycenaceae	Mycena	Mycena galericulata		SPECIES	Mycena galericulata (Scop.) Gray	Mycena galericulata		CA		Québec	PRESENT		28eb1a3f-1c15-4a95-931a-4af90ecb574d	45.5116	-73.585342	227.0						2021-10-06T15:04:39	6	10	2021	2526880	2526880	HUMAN_OBSERVATION	iNaturalist	Observations	97470841		elizabethpranov	2021-10-07T18:50:08	CC_BY_NC_4_0	elizabethpranov	elizabethpranov			2025-01-14T12:23:15.782Z	StillImage	COORDINATE_ROUNDED;CONTINENT_DERIVED_FROM_COORDINATES;TAXON_MATCH_TAXON_ID_IGNORED
3398638928	50c9509d-22c7-4a22-a47d-8c48425ef4a7	https://www.inaturalist.org/observations/97502341	Fungi	Basidiomycota	Agaricomycetes	Agaricales	Mycenaceae	Mycena	Mycena galericulata		SPECIES	Mycena galericulata (Scop.) Gray	Mycena galericulata		CA		Québec	PRESENT		28eb1a3f-1c15-4a95-931a-4af90ecb574d	45.511823	-73.584317	118.0						2021-10-06T19:38	6	10	2021	2526880	2526880	HUMAN_OBSERVATION	iNaturalist	Observations	97502341		fsofiaquijada	2021-10-08T00:30:27	CC_BY_NC_4_0	fsofiaquijada	fsofiaquijada			2025-01-14T13:10:51.924Z	StillImage	COORDINATE_ROUNDED;CONTINENT_DERIVED_FROM_COORDINATES;TAXON_MATCH_TAXON_ID_IGNORED
3391706239	50c9509d-22c7-4a22-a47d-8c48425ef4a7	https://www.inaturalist.org/observations/98190054	Fungi	Basidiomycota	Agaricomycetes	Agaricales	Mycenaceae	Mycena	Mycena galericulata		SPECIES	Mycena galericulata (Scop.) Gray	Mycena galericulata		CA		Nova Scotia	PRESENT		28eb1a3f-1c15-4a95-931a-4af90ecb574d	45.120933	-64.497929	27222.0						2021-09-20T10:20Z	20	9	2021	2526880	2526880	HUMAN_OBSERVATION	iNaturalist	Observations	98190054		breton	2021-10-14T13:26:11	CC_BY_NC_4_0	breton	breton			2025-01-14T13:15:48.252Z		COORDINATE_ROUNDED;CONTINENT_DERIVED_FROM_COORDINATES;TAXON_MATCH_TAXON_ID_IGNORED
3391669607	50c9509d-22c7-4a22-a47d-8c48425ef4a7	https://www.inaturalist.org/observations/97372328	Fungi	Basidiomycota	Agaricomycetes	Agaricales	Mycenaceae	Mycena	Mycena galericulata		SPECIES	Mycena galericulata (Scop.) Gray	Mycena galericulata		CA		Québec	PRESENT		28eb1a3f-1c15-4a95-931a-4af90ecb574d	45.511784	-73.583796	5.0						2021-10-06T14:53:57	6	10	2021	2526880	2526880	HUMAN_OBSERVATION	iNaturalist	Observations	97372328		mirazaboube	2021-10-07T02:00:26	CC_BY_NC_4_0	rreimer9	rreimer9			2025-01-14T13:11:40.417Z	StillImage	COORDINATE_ROUNDED;CONTINENT_DERIVED_FROM_COORDINATES;TAXON_MATCH_TAXON_ID_IGNORED
3391666602	50c9509d-22c7-4a22-a47d-8c48425ef4a7	https://www.inaturalist.org/observations/97473403	Fungi	Basidiomycota	Agaricomycetes	Agaricales	Mycenaceae	Mycena	Mycena galericulata		SPECIES	Mycena galericulata (Scop.) Gray	Mycena galericulata		CA		Québec	PRESENT		28eb1a3f-1c15-4a95-931a-4af90ecb574d	45.511291	-73.580217	8.0						2021-10-07T15:14:47	7	10	2021	2526880	2526880	HUMAN_OBSERVATION	iNaturalist	Observations	97473403		chloebouchard	2021-10-07T19:14:59	CC_BY_NC_4_0	chloebouchard	chloebouchard			2025-01-14T12:22:39.987Z	StillImage	COORDINATE_ROUNDED;CONTINENT_DERIVED_FROM_COORDINATES;TAXON_MATCH_TAXON_ID_IGNORED
3391489507	50c9509d-22c7-4a22-a47d-8c48425ef4a7	https://www.inaturalist.org/observations/94214746	Fungi	Basidiomycota	Agaricomycetes	Agaricales	Mycenaceae	Mycena	Mycena galericulata		SPECIES	Mycena galericulata (Scop.) Gray	Mycena galericulata		CA		Québec	PRESENT		28eb1a3f-1c15-4a95-931a-4af90ecb574d	45.489737	-73.589499	4.0						2021-09-09T10:34:40	9	9	2021	2526880	2526880	HUMAN_OBSERVATION	iNaturalist	Observations	94214746		jordanarizzo	2021-09-09T14:35:55	CC_BY_NC_4_0	jordanarizzo	jordanarizzo			2025-01-14T13:14:41.870Z	StillImage	COORDINATE_ROUNDED;CONTINENT_DERIVED_FROM_COORDINATES;TAXON_MATCH_TAXON_ID_IGNORED
3391478583	50c9509d-22c7-4a22-a47d-8c48425ef4a7	https://www.inaturalist.org/observations/97477176	Fungi	Basidiomycota	Agaricomycetes	Agaricales	Mycenaceae	Mycena	Mycena galericulata		SPECIES	Mycena galericulata (Scop.) Gray	Mycena galericulata		CA		Québec	PRESENT		28eb1a3f-1c15-4a95-931a-4af90ecb574d	45.510933	-73.584498	15.0						2021-10-07T15:46:49	7	10	2021	2526880	2526880	HUMAN_OBSERVATION	iNaturalist	Observations	97477176		sixsuet	2021-10-07T19:50:05	CC_BY_NC_4_0	sixsuet	sixsuet			2025-01-14T13:26:12.568Z	StillImage	COORDINATE_ROUNDED;CONTINENT_DERIVED_FROM_COORDINATES;TAXON_MATCH_TAXON_ID_IGNORED
3391466333	50c9509d-22c7-4a22-a47d-8c48425ef4a7	https://www.inaturalist.org/observations/98216304	Fungi	Basidiomycota	Agaricomycetes	Agaricales	Mycenaceae	Mycena	Mycena galericulata		SPECIES	Mycena galericulata (Scop.) Gray	Mycena galericulata		CA		Québec	PRESENT		28eb1a3f-1c15-4a95-931a-4af90ecb574d	45.523511	-73.642993	3005.0						2021-10-05T16:35:59	5	10	2021	2526880	2526880	HUMAN_OBSERVATION	iNaturalist	Observations	98216304		alexandrarishikof	2021-10-14T18:40:05	CC_BY_NC_4_0	alexandrarishikof	alexandrarishikof			2025-01-14T13:16:17.193Z	StillImage	COORDINATE_ROUNDED;CONTINENT_DERIVED_FROM_COORDINATES;TAXON_MATCH_TAXON_ID_IGNORED
3391409576	50c9509d-22c7-4a22-a47d-8c48425ef4a7	https://www.inaturalist.org/observations/97504207	Fungi	Basidiomycota	Agaricomycetes	Agaricales	Mycenaceae	Mycena	Mycena galericulata		SPECIES	Mycena galericulata (Scop.) Gray	Mycena galericulata		CA		Québec	PRESENT		28eb1a3f-1c15-4a95-931a-4af90ecb574d	45.513483	-73.584426	81.0						2021-10-07T15:40:35	7	10	2021	2526880	2526880	HUMAN_OBSERVATION	iNaturalist	Observations	97504207		touficjrab	2021-10-11T13:48:45	CC_BY_NC_4_0	erlenneli09	erlenneli09			2025-01-14T13:15:31.419Z	StillImage	COORDINATE_ROUNDED;CONTINENT_DERIVED_FROM_COORDINATES;TAXON_MATCH_TAXON_ID_IGNORED
3391392587	50c9509d-22c7-4a22-a47d-8c48425ef4a7	https://www.inaturalist.org/observations/97311839	Fungi	Basidiomycota	Agaricomycetes	Agaricales	Mycenaceae	Mycena	Mycena galericulata		SPECIES	Mycena galericulata (Scop.) Gray	Mycena galericulata		CA		Québec	PRESENT		28eb1a3f-1c15-4a95-931a-4af90ecb574d	45.507102	-73.587407	7.0						2021-10-05T15:35	5	10	2021	2526880	2526880	HUMAN_OBSERVATION	iNaturalist	Observations	97311839		nickyscher	2021-10-06T02:39:24	CC_BY_NC_4_0	nickyscher	nickyscher			2025-01-14T13:25:08.039Z	StillImage	CONTINENT_DERIVED_FROM_COORDINATES;TAXON_MATCH_TAXON_ID_IGNORED
3391387005	50c9509d-22c7-4a22-a47d-8c48425ef4a7	https://www.inaturalist.org/observations/97903680	Fungi	Basidiomycota	Agaricomycetes	Agaricales	Mycenaceae	Mycena	Mycena galericulata		SPECIES	Mycena galericulata (Scop.) Gray	Mycena galericulata		CA		Québec	PRESENT		28eb1a3f-1c15-4a95-931a-4af90ecb574d	45.51133	-73.584403	5.0						2021-10-06T15:15:02	6	10	2021	2526880	2526880	HUMAN_OBSERVATION	iNaturalist	Observations	97903680		annieehng	2021-10-11T16:10:35	CC_BY_NC_4_0	annieehng	annieehng			2025-01-14T13:16:42.138Z	StillImage	COORDINATE_ROUNDED;CONTINENT_DERIVED_FROM_COORDINATES;TAXON_MATCH_TAXON_ID_IGNORED
3391341577	50c9509d-22c7-4a22-a47d-8c48425ef4a7	https://www.inaturalist.org/observations/97374577	Fungi	Basidiomycota	Agaricomycetes	Agaricales	Mycenaceae	Mycena	Mycena galericulata		SPECIES	Mycena galericulata (Scop.) Gray	Mycena galericulata		CA		Québec	PRESENT		28eb1a3f-1c15-4a95-931a-4af90ecb574d	45.511327	-73.584408	4.0						2021-10-06T15:17:12	6	10	2021	2526880	2526880	HUMAN_OBSERVATION	iNaturalist	Observations	97374577		genevievemckay	2021-10-06T19:17:46	CC_BY_NC_4_0	genevievemckay	genevievemckay			2025-01-14T12:23:19.774Z	StillImage	COORDINATE_ROUNDED;CONTINENT_DERIVED_FROM_COORDINATES;TAXON_MATCH_TAXON_ID_IGNORED
3391288623	50c9509d-22c7-4a22-a47d-8c48425ef4a7	https://www.inaturalist.org/observations/97547729	Fungi	Basidiomycota	Agaricomycetes	Agaricales	Mycenaceae	Mycena	Mycena galericulata		SPECIES	Mycena galericulata (Scop.) Gray	Mycena galericulata		CA		Québec	PRESENT		28eb1a3f-1c15-4a95-931a-4af90ecb574d	45.51178	-73.584738	5.0						2021-10-06T14:58:01	6	10	2021	2526880	2526880	HUMAN_OBSERVATION	iNaturalist	Observations	97547729		alexdimitrov1	2021-10-08T14:48:49	CC_BY_NC_4_0	alexdimitrov1	alexdimitrov1			2025-01-14T12:23:17.040Z	StillImage	COORDINATE_ROUNDED;CONTINENT_DERIVED_FROM_COORDINATES;TAXON_MATCH_TAXON_ID_IGNORED
3391287814	50c9509d-22c7-4a22-a47d-8c48425ef4a7	https://www.inaturalist.org/observations/97688702	Fungi	Basidiomycota	Agaricomycetes	Agaricales	Mycenaceae	Mycena	Mycena galericulata		SPECIES	Mycena galericulata (Scop.) Gray	Mycena galericulata		CA		Ontario	PRESENT		28eb1a3f-1c15-4a95-931a-4af90ecb574d	45.333397	-76.375687	4.0						2021-10-09T10:10:28	9	10	2021	2526880	2526880	HUMAN_OBSERVATION	iNaturalist	Observations	97688702		jonathan_mack	2021-10-10T00:28:31	CC_BY_NC_4_0	Derek Dunnett	Derek Dunnett			2025-01-14T13:16:09.415Z	StillImage	COORDINATE_ROUNDED;CONTINENT_DERIVED_FROM_COORDINATES;TAXON_MATCH_TAXON_ID_IGNORED
3385230382	50c9509d-22c7-4a22-a47d-8c48425ef4a7	https://www.inaturalist.org/observations/97284164	Fungi	Basidiomycota	Agaricomycetes	Agaricales	Mycenaceae	Mycena	Mycena galericulata		SPECIES	Mycena galericulata (Scop.) Gray	Mycena galericulata		CA		Québec	PRESENT		28eb1a3f-1c15-4a95-931a-4af90ecb574d	45.510688	-73.58477	4.0						2021-10-05T16:32:46	5	10	2021	2526880	2526880	HUMAN_OBSERVATION	iNaturalist	Observations	97284164		allymarcellus	2021-10-05T21:07:30	CC_BY_NC_4_0	allymarcellus	allymarcellus			2025-01-14T13:25:07.855Z	StillImage	COORDINATE_ROUNDED;CONTINENT_DERIVED_FROM_COORDINATES;TAXON_MATCH_TAXON_ID_IGNORED
3385221572	50c9509d-22c7-4a22-a47d-8c48425ef4a7	https://www.inaturalist.org/observations/97378347	Fungi	Basidiomycota	Agaricomycetes	Agaricales	Mycenaceae	Mycena	Mycena galericulata		SPECIES	Mycena galericulata (Scop.) Gray	Mycena galericulata		CA		Québec	PRESENT		28eb1a3f-1c15-4a95-931a-4af90ecb574d	45.512341	-73.586703	1318.0						2021-10-06T15:55:14	6	10	2021	2526880	2526880	HUMAN_OBSERVATION	iNaturalist	Observations	97378347		cinna_latifolia	2021-10-06T20:02:25	CC_BY_NC_4_0	tracycheng11	tracycheng11			2025-01-14T13:15:32.811Z	StillImage	COORDINATE_ROUNDED;CONTINENT_DERIVED_FROM_COORDINATES;TAXON_MATCH_TAXON_ID_IGNORED
3385220501	50c9509d-22c7-4a22-a47d-8c48425ef4a7	https://www.inaturalist.org/observations/97311597	Fungi	Basidiomycota	Agaricomycetes	Agaricales	Mycenaceae	Mycena	Mycena galericulata		SPECIES	Mycena galericulata (Scop.) Gray	Mycena galericulata		CA		Québec	PRESENT		28eb1a3f-1c15-4a95-931a-4af90ecb574d	45.511119	-73.584764	7.0						2021-10-05T15:35	5	10	2021	2526880	2526880	HUMAN_OBSERVATION	iNaturalist	Observations	97311597		nickyscher	2021-10-06T02:35:58	CC_BY_NC_4_0	nickyscher	nickyscher			2025-01-14T12:22:58.798Z	StillImage	COORDINATE_ROUNDED;CONTINENT_DERIVED_FROM_COORDINATES;TAXON_MATCH_TAXON_ID_IGNORED
3385214115	50c9509d-22c7-4a22-a47d-8c48425ef4a7	https://www.inaturalist.org/observations/96959594	Fungi	Basidiomycota	Agaricomycetes	Agaricales	Mycenaceae	Mycena	Mycena galericulata		SPECIES	Mycena galericulata (Scop.) Gray	Mycena galericulata		CA		Ontario	PRESENT		28eb1a3f-1c15-4a95-931a-4af90ecb574d	45.376572	-75.288278	10.0						2021-10-01T14:43:05	1	10	2021	2526880	2526880	HUMAN_OBSERVATION	iNaturalist	Observations	96959594		Lynn Ovenden	2021-10-02T23:46:01	CC_BY_NC_4_0	Lynn Ovenden	Lynn Ovenden			2025-01-14T13:24:55.908Z	StillImage	COORDINATE_ROUNDED;CONTINENT_DERIVED_FROM_COORDINATES;TAXON_MATCH_TAXON_ID_IGNORED
3385150637	50c9509d-22c7-4a22-a47d-8c48425ef4a7	https://www.inaturalist.org/observations/97377005	Fungi	Basidiomycota	Agaricomycetes	Agaricales	Mycenaceae	Mycena	Mycena galericulata		SPECIES	Mycena galericulata (Scop.) Gray	Mycena galericulata		CA		Québec	PRESENT		28eb1a3f-1c15-4a95-931a-4af90ecb574d	45.510364	-73.585216	18.0						2021-10-06T15:40:02	6	10	2021	2526880	2526880	HUMAN_OBSERVATION	iNaturalist	Observations	97377005		laurenofarrell	2021-10-06T20:49:48	CC_BY_NC_4_0	laurenofarrell	laurenofarrell			2025-01-14T13:12:07.221Z	StillImage	COORDINATE_ROUNDED;CONTINENT_DERIVED_FROM_COORDINATES;TAXON_MATCH_TAXON_ID_IGNORED
3384817600	50c9509d-22c7-4a22-a47d-8c48425ef4a7	https://www.inaturalist.org/observations/97382961	Fungi	Basidiomycota	Agaricomycetes	Agaricales	Mycenaceae	Mycena	Mycena galericulata		SPECIES	Mycena galericulata (Scop.) Gray	Mycena galericulata		CA		Québec	PRESENT		28eb1a3f-1c15-4a95-931a-4af90ecb574d	45.511783	-73.584725	25.0						2021-10-06T15:47:35	6	10	2021	2526880	2526880	HUMAN_OBSERVATION	iNaturalist	Observations	97382961		karismith	2021-10-06T20:37:48	CC_BY_NC_4_0	karismith	karismith			2025-01-14T13:15:42.687Z	StillImage	COORDINATE_ROUNDED;CONTINENT_DERIVED_FROM_COORDINATES;TAXON_MATCH_TAXON_ID_IGNORED
3384811591	50c9509d-22c7-4a22-a47d-8c48425ef4a7	https://www.inaturalist.org/observations/97375818	Fungi	Basidiomycota	Agaricomycetes	Agaricales	Mycenaceae	Mycena	Mycena galericulata		SPECIES	Mycena galericulata (Scop.) Gray	Mycena galericulata		CA		Québec	PRESENT		28eb1a3f-1c15-4a95-931a-4af90ecb574d	45.046908	-73.418275	17.0						2021-10-06T15:23:42	6	10	2021	2526880	2526880	HUMAN_OBSERVATION	iNaturalist	Observations	97375818		cinna_latifolia	2021-10-06T19:51:58	CC_BY_NC_4_0	mc_joncas	mc_joncas			2025-01-14T13:15:03.064Z	StillImage	COORDINATE_ROUNDED;CONTINENT_DERIVED_FROM_COORDINATES;TAXON_MATCH_TAXON_ID_IGNORED
3384711271	50c9509d-22c7-4a22-a47d-8c48425ef4a7	https://www.inaturalist.org/observations/97136025	Fungi	Basidiomycota	Agaricomycetes	Agaricales	Mycenaceae	Mycena	Mycena galericulata		SPECIES	Mycena galericulata (Scop.) Gray	Mycena galericulata		CA		Québec	PRESENT		28eb1a3f-1c15-4a95-931a-4af90ecb574d	45.518704	-73.744142	183.0						2021-10-03T13:32	3	10	2021	2526880	2526880	HUMAN_OBSERVATION	iNaturalist	Observations	97136025		Stephane Le Tirant	2021-10-04T12:33:10	CC_BY_NC_4_0	Stephane Le Tirant	Stephane Le Tirant			2025-01-14T12:24:39.222Z	StillImage	COORDINATE_ROUNDED;CONTINENT_DERIVED_FROM_COORDINATES;TAXON_MATCH_TAXON_ID_IGNORED
3384595456	50c9509d-22c7-4a22-a47d-8c48425ef4a7	https://www.inaturalist.org/observations/97273379	Fungi	Basidiomycota	Agaricomycetes	Agaricales	Mycenaceae	Mycena	Mycena galericulata		SPECIES	Mycena galericulata (Scop.) Gray	Mycena galericulata		CA		Québec	PRESENT		28eb1a3f-1c15-4a95-931a-4af90ecb574d	45.51117	-73.58455	4.0						2021-10-05T15:16:25	5	10	2021	2526880	2526880	HUMAN_OBSERVATION	iNaturalist	Observations	97273379		clare-scott	2021-10-05T21:03:35	CC_BY_NC_4_0	allieharrison19	allieharrison19			2025-01-14T13:10:50.246Z	StillImage	CONTINENT_DERIVED_FROM_COORDINATES;TAXON_MATCH_TAXON_ID_IGNORED
3384569440	50c9509d-22c7-4a22-a47d-8c48425ef4a7	https://www.inaturalist.org/observations/97273705	Fungi	Basidiomycota	Agaricomycetes	Agaricales	Mycenaceae	Mycena	Mycena galericulata		SPECIES	Mycena galericulata (Scop.) Gray	Mycena galericulata		CA		Québec	PRESENT		28eb1a3f-1c15-4a95-931a-4af90ecb574d	45.511072	-73.584751	64.0						2021-10-05T15:27:49	5	10	2021	2526880	2526880	HUMAN_OBSERVATION	iNaturalist	Observations	97273705		elakanti	2021-10-05T20:26:03	CC_BY_NC_4_0	elakanti	elakanti			2025-01-14T13:15:55.003Z	StillImage	COORDINATE_ROUNDED;CONTINENT_DERIVED_FROM_COORDINATES;TAXON_MATCH_TAXON_ID_IGNORED
3384261589	50c9509d-22c7-4a22-a47d-8c48425ef4a7	https://www.inaturalist.org/observations/97377559	Fungi	Basidiomycota	Agaricomycetes	Agaricales	Mycenaceae	Mycena	Mycena galericulata		SPECIES	Mycena galericulata (Scop.) Gray	Mycena galericulata		CA		Québec	PRESENT		28eb1a3f-1c15-4a95-931a-4af90ecb574d	45.510284	-73.585228	13.0						2021-10-06T15:45:39	6	10	2021	2526880	2526880	HUMAN_OBSERVATION	iNaturalist	Observations	97377559		gracebarnes	2021-10-06T19:46:15	CC_BY_NC_4_0	gracebarnes	gracebarnes			2025-01-14T13:12:07.223Z	StillImage	COORDINATE_ROUNDED;CONTINENT_DERIVED_FROM_COORDINATES;TAXON_MATCH_TAXON_ID_IGNORED
3384216696	50c9509d-22c7-4a22-a47d-8c48425ef4a7	https://www.inaturalist.org/observations/97486203	Fungi	Basidiomycota	Agaricomycetes	Agaricales	Mycenaceae	Mycena	Mycena galericulata		SPECIES	Mycena galericulata (Scop.) Gray	Mycena galericulata		CA		Québec	PRESENT		28eb1a3f-1c15-4a95-931a-4af90ecb574d	45.511087	-73.584755	12.0						2021-10-07T15:25:53	7	10	2021	2526880	2526880	HUMAN_OBSERVATION	iNaturalist	Observations	97486203		hanguel	2021-10-07T21:23:55	CC_BY_NC_4_0	hanguel	hanguel			2025-01-14T13:13:15.894Z	StillImage	COORDINATE_ROUNDED;CONTINENT_DERIVED_FROM_COORDINATES;TAXON_MATCH_TAXON_ID_IGNORED
3384180652	50c9509d-22c7-4a22-a47d-8c48425ef4a7	https://www.inaturalist.org/observations/97453554	Fungi	Basidiomycota	Agaricomycetes	Agaricales	Mycenaceae	Mycena	Mycena galericulata		SPECIES	Mycena galericulata (Scop.) Gray	Mycena galericulata		CA		Québec	PRESENT		28eb1a3f-1c15-4a95-931a-4af90ecb574d	45.51102	-73.584603	5.0						2021-10-06T15:10:36	6	10	2021	2526880	2526880	HUMAN_OBSERVATION	iNaturalist	Observations	97453554		audreygilmour	2021-10-07T15:47:56	CC_BY_NC_4_0	audreygilmour	audreygilmour			2025-01-14T13:17:26.307Z	StillImage	COORDINATE_ROUNDED;CONTINENT_DERIVED_FROM_COORDINATES;TAXON_MATCH_TAXON_ID_IGNORED
3384137382	50c9509d-22c7-4a22-a47d-8c48425ef4a7	https://www.inaturalist.org/observations/97278660	Fungi	Basidiomycota	Agaricomycetes	Agaricales	Mycenaceae	Mycena	Mycena galericulata		SPECIES	Mycena galericulata (Scop.) Gray	Mycena galericulata		CA		Québec	PRESENT		28eb1a3f-1c15-4a95-931a-4af90ecb574d	45.510925	-73.584683	160.0						2021-10-05T15:33:28	5	10	2021	2526880	2526880	HUMAN_OBSERVATION	iNaturalist	Observations	97278660		ameliejacobs	2021-10-05T20:16:08	CC_BY_NC_4_0	ameliejacobs	ameliejacobs			2025-01-14T13:15:09.370Z	StillImage	COORDINATE_ROUNDED;CONTINENT_DERIVED_FROM_COORDINATES;TAXON_MATCH_TAXON_ID_IGNORED
3314309084	50c9509d-22c7-4a22-a47d-8c48425ef4a7	https://www.inaturalist.org/observations/83883595	Fungi	Basidiomycota	Agaricomycetes	Agaricales	Mycenaceae	Mycena	Mycena galericulata		SPECIES	Mycena galericulata (Scop.) Gray	Mycena galericulata		CA		Ontario	PRESENT		28eb1a3f-1c15-4a95-931a-4af90ecb574d	45.209159	-75.231075	31.0						2021-06-20T15:12	20	6	2021	2526880	2526880	HUMAN_OBSERVATION	iNaturalist	Observations	83883595		jonathan_mack	2021-06-21T02:05:00	CC_BY_NC_4_0	jonathan_mack	jonathan_mack			2025-01-14T12:20:24.089Z	StillImage	COORDINATE_ROUNDED;CONTINENT_DERIVED_FROM_COORDINATES;TAXON_MATCH_TAXON_ID_IGNORED
2883166835	50c9509d-22c7-4a22-a47d-8c48425ef4a7	https://www.inaturalist.org/observations/61778762	Fungi	Basidiomycota	Agaricomycetes	Agaricales	Mycenaceae	Mycena	Mycena galericulata		SPECIES	Mycena galericulata (Scop.) Gray	Mycena galericulata		CA		Ontario	PRESENT		28eb1a3f-1c15-4a95-931a-4af90ecb574d	45.550706	-74.418061	341.0						2020-10-04T15:03:34	4	10	2020	2526880	2526880	HUMAN_OBSERVATION	iNaturalist	Observations	61778762		Lynn Ovenden	2020-10-05T14:34:18	CC_BY_NC_4_0	Lynn Ovenden	Lynn Ovenden			2025-01-14T13:10:17.826Z	StillImage	COORDINATE_ROUNDED;CONTINENT_DERIVED_FROM_COORDINATES;TAXON_MATCH_TAXON_ID_IGNORED
2883143037	50c9509d-22c7-4a22-a47d-8c48425ef4a7	https://www.inaturalist.org/observations/61634872	Fungi	Basidiomycota	Agaricomycetes	Agaricales	Mycenaceae	Mycena	Mycena galericulata		SPECIES	Mycena galericulata (Scop.) Gray	Mycena galericulata		CA		Ontario	PRESENT		28eb1a3f-1c15-4a95-931a-4af90ecb574d	45.508245	-75.455096	400.0						2020-10-03T16:40	3	10	2020	2526880	2526880	HUMAN_OBSERVATION	iNaturalist	Observations	61634872		jonathan_mack	2020-10-04T02:11:22	CC_BY_NC_4_0	jonathan_mack	jonathan_mack			2025-01-14T12:15:14.882Z	StillImage	COORDINATE_ROUNDED;CONTINENT_DERIVED_FROM_COORDINATES;TAXON_MATCH_TAXON_ID_IGNORED
2873895342	50c9509d-22c7-4a22-a47d-8c48425ef4a7	https://www.inaturalist.org/observations/32368129	Fungi	Basidiomycota	Agaricomycetes	Agaricales	Mycenaceae	Mycena	Mycena galericulata		SPECIES	Mycena galericulata (Scop.) Gray	Mycena galericulata		CA		Ontario	PRESENT		28eb1a3f-1c15-4a95-931a-4af90ecb574d	45.371929	-75.794516	423.0						2019-09-08T10:56	8	9	2019	2526880	2526880	HUMAN_OBSERVATION	iNaturalist	Observations	32368129		jaliya	2019-09-08T20:39:48	CC_BY_NC_4_0	jaliya	jaliya			2025-01-14T13:05:40.534Z	StillImage	COORDINATE_ROUNDED;CONTINENT_DERIVED_FROM_COORDINATES;TAXON_MATCH_TAXON_ID_IGNORED
2802922508	50c9509d-22c7-4a22-a47d-8c48425ef4a7	https://www.inaturalist.org/observations/34656360	Fungi	Basidiomycota	Agaricomycetes	Agaricales	Mycenaceae	Mycena	Mycena galericulata		SPECIES	Mycena galericulata (Scop.) Gray	Mycena galericulata		CA		Québec	PRESENT		28eb1a3f-1c15-4a95-931a-4af90ecb574d	45.631643	-75.233946	54.0						2019-10-19T11:15	19	10	2019	2526880	2526880	HUMAN_OBSERVATION	iNaturalist	Observations	34656360		jonathan_mack	2019-10-20T21:46:24	CC_BY_NC_4_0	jonathan_mack	jonathan_mack			2025-01-14T12:09:51.613Z	StillImage	COORDINATE_ROUNDED;CONTINENT_DERIVED_FROM_COORDINATES;TAXON_MATCH_TAXON_ID_IGNORED
2573778463	50c9509d-22c7-4a22-a47d-8c48425ef4a7	https://www.inaturalist.org/observations/10888350	Fungi	Basidiomycota	Agaricomycetes	Agaricales	Mycenaceae	Mycena	Mycena galericulata		SPECIES	Mycena galericulata (Scop.) Gray	Mycena galericulata		CA		Québec	PRESENT		28eb1a3f-1c15-4a95-931a-4af90ecb574d	45.94733	-74.912595							2009-09-06T13:29:51	6	9	2009	2526880	2526880	HUMAN_OBSERVATION	iNaturalist	Observations	10888350		John Plischke	2018-04-14T05:32:52	CC_BY_NC_4_0	John Plischke	John Plischke			2025-01-14T12:04:44.199Z		CONTINENT_DERIVED_FROM_COORDINATES;TAXON_MATCH_TAXON_ID_IGNORED
1807256227	e8a25a42-f125-476c-8554-3ec21cd51a84	ACAD:112886	Fungi	Basidiomycota	Agaricomycetes	Agaricales	Mycenaceae	Mycena	Mycena galericulata		SPECIES	Mycena galericulata (Scop.) Gray	Mycena galericulata (Scop.) Gray	(Scop.) Gray	CA	(Kentville)	Nova Scotia	PRESENT		6491ad8c-8e49-4bd4-a089-0ddb3bbe0890	45.07662	-64.49592							1933-06-19	19	6	1933	2526880	2526880	PRESERVED_SPECIMEN	Acadia University	ACAD	392F	392			CC0_1_0	Acadia University	H, KA			2024-01-25T01:37:10.619Z	StillImage	GEODETIC_DATUM_INVALID;GEODETIC_DATUM_ASSUMED_WGS84;TAXON_MATCH_TAXON_ID_IGNORED;INSTITUTION_MATCH_FUZZY;COLLECTION_MATCH_FUZZY
1412707844	21705170-d2b6-42de-8904-c3bca4b83591	CMMF016311	Fungi	Basidiomycota	Agaricomycetes	Agaricales	Mycenaceae	Mycena	Mycena galericulata		SPECIES	Mycena galericulata (Scop.) Gray	Mycena galericulata (Scop.) Gray	(Scop.) Gray	CA	Mont Saint-Bruno, Québec.	Québec	PRESENT		ff7bd5db-b724-4932-b496-10ea298851f9	45.550278	-73.319167	4500.0						1980-07-29	29	7	1980	2526880	2526880	PRESERVED_SPECIMEN	Université de Montréal Biodiversity Centre	CMMF	CMMF016311	1846	Guérin, Gérard		CC0_1_0	Université de Montréal Biodiversity Centre	Guérin, Gérard			2024-01-24T16:38:19.605Z	StillImage	INSTITUTION_MATCH_FUZZY;COLLECTION_MATCH_FUZZY;DIFFERENT_OWNER_INSTITUTION
1412707769	21705170-d2b6-42de-8904-c3bca4b83591	CMMF016319	Fungi	Basidiomycota	Agaricomycetes	Agaricales	Mycenaceae	Mycena	Mycena galericulata		SPECIES	Mycena rugulosiceps (Kauffman) A.H.Sm.	Mycena rugulosiceps (Kauffman) A.H. Sm.	(Kauffman) A.H. Sm.	CA	Cap-Jaseux, Québec.	Québec	PRESENT		ff7bd5db-b724-4932-b496-10ea298851f9	48.428215	-70.822268	2500.0						1994-06-19	19	6	1994	2526888	2526880	PRESERVED_SPECIMEN	Université de Montréal Biodiversity Centre	CMMF	CMMF016319	1872	Guérin, Gérard		CC0_1_0	Université de Montréal Biodiversity Centre	Guérin, Gérard			2024-01-24T16:38:19.611Z	StillImage	INSTITUTION_MATCH_FUZZY;COLLECTION_MATCH_FUZZY;DIFFERENT_OWNER_INSTITUTION
1135070805	21705170-d2b6-42de-8904-c3bca4b83591	CMMF009355	Fungi	Basidiomycota	Agaricomycetes	Agaricales	Mycenaceae	Mycena	Mycena galericulata		SPECIES	Mycena galericulata (Scop.) Gray	Mycena galericulata (Scop.) Gray	(Scop.) Gray	CA	Parc des Moulins, Québec.	Québec	PRESENT		ff7bd5db-b724-4932-b496-10ea298851f9	46.887678	-71.301288	600.0						2006-10-07	7	10	2006	2526880	2526880	PRESERVED_SPECIMEN	Université de Montréal Biodiversity Centre	CMMF	CMMF009355	939	Labbé, Roland		CC0_1_0	Université de Montréal Biodiversity Centre	Labrecque, Jacqueline			2024-01-24T16:38:21.587Z	StillImage	INSTITUTION_MATCH_FUZZY;COLLECTION_MATCH_FUZZY;DIFFERENT_OWNER_INSTITUTION
1135070654	21705170-d2b6-42de-8904-c3bca4b83591	CMMF009218	Fungi	Basidiomycota	Agaricomycetes	Agaricales	Mycenaceae	Mycena	Mycena galericulata		SPECIES	Mycena galericulata (Scop.) Gray	Mycena galericulata (Scop.) Gray	(Scop.) Gray	CA	Côte Bédard, Québec.	Québec	PRESENT		ff7bd5db-b724-4932-b496-10ea298851f9	46.907478	-71.312257	1000.0						2006-09-16	16	9	2006	2526880	2526880	PRESERVED_SPECIMEN	Université de Montréal Biodiversity Centre	CMMF	CMMF009218	802	Labbé, Roland		CC0_1_0	Université de Montréal Biodiversity Centre	Labrecque, Jacqueline			2024-01-24T16:38:21.502Z	StillImage	INSTITUTION_MATCH_FUZZY;COLLECTION_MATCH_FUZZY;DIFFERENT_OWNER_INSTITUTION
1135070631	21705170-d2b6-42de-8904-c3bca4b83591	CMMF009187	Fungi	Basidiomycota	Agaricomycetes	Agaricales	Mycenaceae	Mycena	Mycena galericulata		SPECIES	Mycena galericulata (Scop.) Gray	Mycena galericulata (Scop.) Gray	(Scop.) Gray	CA	Chemin Chapelle, Lac-Beauport.	Québec	PRESENT		ff7bd5db-b724-4932-b496-10ea298851f9	46.949281	-71.284722	250.0						2006-09-14	14	9	2006	2526880	2526880	PRESERVED_SPECIMEN	Université de Montréal Biodiversity Centre	CMMF	CMMF009187	771	Labbé, Roland		CC0_1_0	Université de Montréal Biodiversity Centre	Labrecque, Jacqueline			2024-01-24T16:38:20.281Z		INSTITUTION_MATCH_FUZZY;COLLECTION_MATCH_FUZZY;DIFFERENT_OWNER_INSTITUTION
1135070565	21705170-d2b6-42de-8904-c3bca4b83591	CMMF009171	Fungi	Basidiomycota	Agaricomycetes	Agaricales	Mycenaceae	Mycena	Mycena galericulata		SPECIES	Mycena galericulata (Scop.) Gray	Mycena galericulata (Scop.) Gray	(Scop.) Gray	CA	210 de l'Éperon, pelouse avant, Lac-Beauport.	Québec	PRESENT		ff7bd5db-b724-4932-b496-10ea298851f9	46.964353	-71.306427	100.0						2006-09-13	13	9	2006	2526880	2526880	PRESERVED_SPECIMEN	Université de Montréal Biodiversity Centre	CMMF	CMMF009171	755	Labrecque, Jacqueline		CC0_1_0	Université de Montréal Biodiversity Centre	Labrecque, Jacqueline			2024-01-24T16:38:20.261Z		INSTITUTION_MATCH_FUZZY;COLLECTION_MATCH_FUZZY;DIFFERENT_OWNER_INSTITUTION
1135069116	21705170-d2b6-42de-8904-c3bca4b83591	CMMF007598	Fungi	Basidiomycota	Agaricomycetes	Agaricales	Mycenaceae	Mycena	Mycena galericulata		SPECIES	Mycena galericulata (Scop.) Gray	Mycena galericulata (Scop.) Gray	(Scop.) Gray	CA	St-Hippolyte	Québec	PRESENT		ff7bd5db-b724-4932-b496-10ea298851f9	45.989333	-74.003633	100.0						1980-09-13	13	9	1980	2526880	2526880	PRESERVED_SPECIMEN	Université de Montréal Biodiversity Centre	CMMF	CMMF007598	899	McNeil, Raymond		CC0_1_0	Université de Montréal Biodiversity Centre	McNeil, Raymond			2024-01-24T16:38:16.008Z	StillImage	INSTITUTION_MATCH_FUZZY;COLLECTION_MATCH_FUZZY;DIFFERENT_OWNER_INSTITUTION
1135067707	21705170-d2b6-42de-8904-c3bca4b83591	CMMF006247	Fungi	Basidiomycota	Agaricomycetes	Agaricales	Mycenaceae	Mycena	Mycena galericulata		SPECIES	Mycena galericulata (Scop.) Gray	Mycena galericulata (Scop.) Gray	(Scop.) Gray	CA	Châteauguay	Québec	PRESENT		ff7bd5db-b724-4932-b496-10ea298851f9	45.35433	-73.774083	100.0						2004-10-08	8	10	2004	2526880	2526880	PRESERVED_SPECIMEN	Université de Montréal Biodiversity Centre	CMMF	CMMF006247	C2105	McNeil, Raymond		CC0_1_0	Université de Montréal Biodiversity Centre	McNeil, Raymond			2024-01-24T16:38:18.907Z	StillImage	COORDINATE_ROUNDED;INSTITUTION_MATCH_FUZZY;COLLECTION_MATCH_FUZZY;DIFFERENT_OWNER_INSTITUTION
1135067664	21705170-d2b6-42de-8904-c3bca4b83591	CMMF006246	Fungi	Basidiomycota	Agaricomycetes	Agaricales	Mycenaceae	Mycena	Mycena galericulata		SPECIES	Mycena galericulata (Scop.) Gray	Mycena galericulata (Scop.) Gray	(Scop.) Gray	CA	Châteauguay	Québec	PRESENT		ff7bd5db-b724-4932-b496-10ea298851f9	45.35433	-73.774083	100.0						2004-10-08	8	10	2004	2526880	2526880	PRESERVED_SPECIMEN	Université de Montréal Biodiversity Centre	CMMF	CMMF006246	C2106	McNeil, Raymond		CC0_1_0	Université de Montréal Biodiversity Centre	McNeil, Raymond			2024-01-24T16:38:18.906Z	StillImage	COORDINATE_ROUNDED;INSTITUTION_MATCH_FUZZY;COLLECTION_MATCH_FUZZY;DIFFERENT_OWNER_INSTITUTION
1135067500	21705170-d2b6-42de-8904-c3bca4b83591	CMMF006051	Fungi	Basidiomycota	Agaricomycetes	Agaricales	Mycenaceae	Mycena	Mycena galericulata		SPECIES	Mycena galericulata (Scop.) Gray	Mycena galericulata (Scop.) Gray	(Scop.) Gray	CA	Châteauguay (Centre écologique Fernand-Seguin)	Québec	PRESENT		ff7bd5db-b724-4932-b496-10ea298851f9	45.347817	-73.782533	100.0						2012-10-03	3	10	2012	2526880	2526880	PRESERVED_SPECIMEN	Université de Montréal Biodiversity Centre	CMMF	CMMF006051	C4127	McNeil, Raymond		CC0_1_0	Université de Montréal Biodiversity Centre	McNeil, Raymond			2024-01-24T16:38:17.934Z	StillImage	COORDINATE_ROUNDED;INSTITUTION_MATCH_FUZZY;COLLECTION_MATCH_FUZZY;DIFFERENT_OWNER_INSTITUTION
1135067318	21705170-d2b6-42de-8904-c3bca4b83591	CMMF005841	Fungi	Basidiomycota	Agaricomycetes	Agaricales	Mycenaceae	Mycena	Mycena galericulata		SPECIES	Mycena galericulata (Scop.) Gray	Mycena galericulata (Scop.) Gray	(Scop.) Gray	CA	Châteauguay (Centre écologique Fernand-Seguin)	Québec	PRESENT		ff7bd5db-b724-4932-b496-10ea298851f9	45.33983	-73.773917	100.0						2006-09-06	6	9	2006	2526880	2526880	PRESERVED_SPECIMEN	Université de Montréal Biodiversity Centre	CMMF	CMMF005841	C2933	McNeil, Raymond		CC0_1_0	Université de Montréal Biodiversity Centre	McNeil, Raymond			2024-01-24T16:38:16.688Z	StillImage	COORDINATE_ROUNDED;INSTITUTION_MATCH_FUZZY;COLLECTION_MATCH_FUZZY;DIFFERENT_OWNER_INSTITUTION
1135067256	21705170-d2b6-42de-8904-c3bca4b83591	CMMF005781	Fungi	Basidiomycota	Agaricomycetes	Agaricales	Mycenaceae	Mycena	Mycena galericulata		SPECIES	Mycena galericulata (Scop.) Gray	Mycena galericulata (Scop.) Gray	(Scop.) Gray	CA	Châteauguay (Centre écologique Fernand-Seguin)	Québec	PRESENT		ff7bd5db-b724-4932-b496-10ea298851f9	45.33983	-73.773917	100.0						2009-09-28	28	9	2009	2526880	2526880	PRESERVED_SPECIMEN	Université de Montréal Biodiversity Centre	CMMF	CMMF005781	C3578	McNeil, Raymond		CC0_1_0	Université de Montréal Biodiversity Centre	McNeil, Raymond			2024-01-24T16:38:16.729Z	StillImage	COORDINATE_ROUNDED;INSTITUTION_MATCH_FUZZY;COLLECTION_MATCH_FUZZY;DIFFERENT_OWNER_INSTITUTION
1135067242	21705170-d2b6-42de-8904-c3bca4b83591	CMMF005780	Fungi	Basidiomycota	Agaricomycetes	Agaricales	Mycenaceae	Mycena	Mycena galericulata		SPECIES	Mycena galericulata (Scop.) Gray	Mycena galericulata (Scop.) Gray	(Scop.) Gray	CA	Châteauguay (Centre écologique Fernand-Seguin)	Québec	PRESENT		ff7bd5db-b724-4932-b496-10ea298851f9	45.33983	-73.773917	100.0						2012-10-02	2	10	2012	2526880	2526880	PRESERVED_SPECIMEN	Université de Montréal Biodiversity Centre	CMMF	CMMF005780	C4121	McNeil, Raymond		CC0_1_0	Université de Montréal Biodiversity Centre	McNeil, Raymond			2024-01-24T16:38:16.726Z	StillImage	COORDINATE_ROUNDED;INSTITUTION_MATCH_FUZZY;COLLECTION_MATCH_FUZZY;DIFFERENT_OWNER_INSTITUTION
1024560206	21705170-d2b6-42de-8904-c3bca4b83591	CMMF005724	Fungi	Basidiomycota	Agaricomycetes	Agaricales	Mycenaceae	Mycena	Mycena galericulata		SPECIES	Mycena galericulata (Scop.) Gray	Mycena galericulata (Scop.) Gray	(Scop.) Gray	CA	Melocheville (Pointe du Buisson)	Québec	PRESENT		ff7bd5db-b724-4932-b496-10ea298851f9	45.316117	-73.964883	100.0						1982-09-03	3	9	1982	2526880	2526880	PRESERVED_SPECIMEN	Université de Montréal Biodiversity Centre	CMMF	CMMF005724	1402	McNeil, Raymond		CC0_1_0	Université de Montréal Biodiversity Centre	McNeil, Raymond			2024-01-24T16:38:16.603Z	StillImage	COORDINATE_ROUNDED;INSTITUTION_MATCH_FUZZY;COLLECTION_MATCH_FUZZY;DIFFERENT_OWNER_INSTITUTION
1024559070	21705170-d2b6-42de-8904-c3bca4b83591	CMMF004619	Fungi	Basidiomycota	Agaricomycetes	Agaricales	Mycenaceae	Mycena	Mycena galericulata		SPECIES	Mycena galericulata (Scop.) Gray	Mycena galericulata (Scop.) Gray	(Scop.) Gray	CA	Réserve écologique du Boisé-des-Muir, Hinchinbrooke.	Québec	PRESENT		ff7bd5db-b724-4932-b496-10ea298851f9	45.084078	-74.116034	10.0						2012-10-16	16	10	2012	2526880	2526880	PRESERVED_SPECIMEN	Université de Montréal Biodiversity Centre	CMMF	CMMF004619	671	Langlois, Annabelle		CC0_1_0	Université de Montréal Biodiversity Centre	Langlois, Annabelle; Turgon, Jean-Pierre			2024-01-24T16:38:19.759Z	StillImage	INSTITUTION_MATCH_FUZZY;COLLECTION_MATCH_FUZZY;DIFFERENT_OWNER_INSTITUTION
1024559054	21705170-d2b6-42de-8904-c3bca4b83591	CMMF004381	Fungi	Basidiomycota	Agaricomycetes	Agaricales	Mycenaceae	Mycena	Mycena galericulata		SPECIES	Mycena galericulata (Scop.) Gray	Mycena galericulata (Scop.) Gray	(Scop.) Gray	CA	Réserve écologique du Boisé-des-Muir, Hinchinbrooke.	Québec	PRESENT		ff7bd5db-b724-4932-b496-10ea298851f9	45.085831	-74.112807	10.0						2012-08-13	13	8	2012	2526880	2526880	PRESERVED_SPECIMEN	Université de Montréal Biodiversity Centre	CMMF	CMMF004381	391	Lebeuf, Renée		CC0_1_0	Université de Montréal Biodiversity Centre	Archambault, Raymond; Langlois, Annabelle; Turgon, Jean-Pierre			2024-01-24T16:38:19.629Z	StillImage	INSTITUTION_MATCH_FUZZY;COLLECTION_MATCH_FUZZY;DIFFERENT_OWNER_INSTITUTION
1024558979	21705170-d2b6-42de-8904-c3bca4b83591	CMMF004366	Fungi	Basidiomycota	Agaricomycetes	Agaricales	Mycenaceae	Mycena	Mycena galericulata		SPECIES	Mycena galericulata (Scop.) Gray	Mycena galericulata (Scop.) Gray	(Scop.) Gray	CA	Réserve écologique du Boisé-des-Muir, Hinchinbrooke.	Québec	PRESENT		ff7bd5db-b724-4932-b496-10ea298851f9	45.084596	-74.114335	10.0						2012-08-13	13	8	2012	2526880	2526880	PRESERVED_SPECIMEN	Université de Montréal Biodiversity Centre	CMMF	CMMF004366	375	Lebeuf, Renée		CC0_1_0	Université de Montréal Biodiversity Centre	Archambault, Raymond; Langlois, Annabelle; Turgon, Jean-Pierre			2024-01-24T16:38:19.630Z	StillImage	INSTITUTION_MATCH_FUZZY;COLLECTION_MATCH_FUZZY;DIFFERENT_OWNER_INSTITUTION
1024558793	21705170-d2b6-42de-8904-c3bca4b83591	CMMF004192	Fungi	Basidiomycota	Agaricomycetes	Agaricales	Mycenaceae	Mycena	Mycena galericulata		SPECIES	Mycena galericulata (Scop.) Gray	Mycena galericulata (Scop.) Gray	(Scop.) Gray	CA	Réserve écologique du Boisé-des-Muir, Hinchinbrooke.	Québec	PRESENT		ff7bd5db-b724-4932-b496-10ea298851f9	45.086212	-74.116363	30.0						2012-06-05	5	6	2012	2526880	2526880	PRESERVED_SPECIMEN	Université de Montréal Biodiversity Centre	CMMF	CMMF004192	193	Archambault, Raymond		CC0_1_0	Université de Montréal Biodiversity Centre	Archambault, Raymond; Langlois, Annabelle; Turgon, Jean-Pierre			2024-01-24T16:38:18.628Z	StillImage	INSTITUTION_MATCH_FUZZY;COLLECTION_MATCH_FUZZY;DIFFERENT_OWNER_INSTITUTION
