gbifID	datasetKey	occurrenceID	kingdom	phylum	class	order	family	genus	species	infraspecificEpithet	taxonRank	scientificName	verbatimScientificName	verbatimScientificNameAuthorship	countryCode	locality	stateProvince	occurrenceStatus	individualCount	publishingOrgKey	decimalLatitude	decimalLongitude	coordinateUncertaintyInMeters	coordinatePrecision	elevation	elevationAccuracy	depth	depthAccuracy	eventDate	day	month	year	taxonKey	speciesKey	basisOfRecord	institutionCode	collectionCode	catalogNumber	recordNumber	identifiedBy	dateIdentified	license	rightsHolder	recordedBy	typeStatus	establishmentMeans	lastInterpreted	mediaType	issue
617554746	21705170-d2b6-42de-8904-c3bca4b83591	CMMF000005	Fungi	Basidiomycota	Agaricomycetes	Agaricales	Psathyrellaceae	Candolleomyces	Candolleomyces candolleanus		SPECIES	Psathyrella candolleana (Fr.) Maire	Psathyrella candolleana (Fr.) Maire	(Fr.) Maire	CA	Montréal	Québec	PRESENT		ff7bd5db-b724-4932-b496-10ea298851f9	45.509625	-73.662984	25000.0						1988-06-30	30	6	1988	9201176	12008655	PRESERVED_SPECIMEN	Université de Montréal Biodiversity Centre	CMMF	CMMF000005		Lamoureux, Yves		CC0_1_0	Université de Montréal Biodiversity Centre	Lamoureux, Yves			2024-01-24T16:38:20.346Z	StillImage	INSTITUTION_MATCH_FUZZY;COLLECTION_MATCH_FUZZY;DIFFERENT_OWNER_INSTITUTION
617554677	21705170-d2b6-42de-8904-c3bca4b83591	CMMF000464	Fungi	Basidiomycota	Agaricomycetes	Agaricales	Psathyrellaceae	Candolleomyces	Candolleomyces candolleanus		SPECIES	Psathyrella candolleana (Fr.) Maire	Psathyrella candolleana (Fr.) Maire	(Fr.) Maire	CA	Oka	Québec	PRESENT		ff7bd5db-b724-4932-b496-10ea298851f9	45.485445	-74.079213	8500.0						1989-06-01	1	6	1989	9201176	12008655	PRESERVED_SPECIMEN	Université de Montréal Biodiversity Centre	CMMF	CMMF000464		Lamoureux, Yves		CC0_1_0	Université de Montréal Biodiversity Centre	Lamoureux, Yves			2024-01-24T16:38:19.994Z	StillImage	INSTITUTION_MATCH_FUZZY;COLLECTION_MATCH_FUZZY;DIFFERENT_OWNER_INSTITUTION
617552795	21705170-d2b6-42de-8904-c3bca4b83591	CMMF003316	Fungi	Basidiomycota	Agaricomycetes	Agaricales	Psathyrellaceae	Candolleomyces	Candolleomyces candolleanus		SPECIES	Psathyrella candolleana (Fr.) Maire	Psathyrella candolleana (Fr.) Maire	(Fr.) Maire	CA	Brossard	Québec	PRESENT		ff7bd5db-b724-4932-b496-10ea298851f9	45.447591	-73.453807	6500.0						1999-07-05	5	7	1999	9201176	12008655	PRESERVED_SPECIMEN	Université de Montréal Biodiversity Centre	CMMF	CMMF003316		Lamoureux, Yves		CC0_1_0	Université de Montréal Biodiversity Centre	Lamoureux, Yves			2024-01-24T16:38:16.953Z	StillImage	INSTITUTION_MATCH_FUZZY;COLLECTION_MATCH_FUZZY;DIFFERENT_OWNER_INSTITUTION
4994436722	50c9509d-22c7-4a22-a47d-8c48425ef4a7	https://www.inaturalist.org/observations/232978944	Fungi	Basidiomycota	Agaricomycetes	Agaricales	Psathyrellaceae	Candolleomyces	Candolleomyces candolleanus		SPECIES	Candolleomyces candolleanus (Fr.) D.Wächt. & A.Melzer	Candolleomyces candolleanus		CA		Québec	PRESENT		28eb1a3f-1c15-4a95-931a-4af90ecb574d	45.38446	-71.916077							2024-07-31T16:49:46	31	7	2024	12008655	12008655	HUMAN_OBSERVATION	iNaturalist	Observations	232978944		xavierlamontagne	2024-07-31T21:46:33	CC_BY_NC_4_0	xavierlamontagne	xavierlamontagne			2025-01-14T13:34:39.990Z	StillImage	COORDINATE_ROUNDED;CONTINENT_DERIVED_FROM_COORDINATES;TAXON_MATCH_TAXON_ID_IGNORED
4954311197	50c9509d-22c7-4a22-a47d-8c48425ef4a7	https://www.inaturalist.org/observations/247313304	Fungi	Basidiomycota	Agaricomycetes	Agaricales	Psathyrellaceae	Candolleomyces	Candolleomyces candolleanus		SPECIES	Candolleomyces candolleanus (Fr.) D.Wächt. & A.Melzer	Candolleomyces candolleanus		CA		New Brunswick	PRESENT		28eb1a3f-1c15-4a95-931a-4af90ecb574d	45.999952	-66.764351	1.0						2024-07-23T09:27	23	7	2024	12008655	12008655	HUMAN_OBSERVATION	iNaturalist	Observations	247313304		Dwayne Sabine	2024-10-14T14:31:27	CC_BY_NC_4_0	Dwayne Sabine	Dwayne Sabine			2025-01-14T12:51:37.339Z	StillImage	COORDINATE_ROUNDED;CONTINENT_DERIVED_FROM_COORDINATES;TAXON_MATCH_TAXON_ID_IGNORED
4936029536	50c9509d-22c7-4a22-a47d-8c48425ef4a7	https://www.inaturalist.org/observations/171756798	Fungi	Basidiomycota	Agaricomycetes	Agaricales	Psathyrellaceae	Candolleomyces	Candolleomyces candolleanus		SPECIES	Candolleomyces candolleanus (Fr.) D.Wächt. & A.Melzer	Candolleomyces candolleanus		CA		Québec	PRESENT		28eb1a3f-1c15-4a95-931a-4af90ecb574d	45.441595	-73.345582	9.0						2023-07-08T11:19:06	8	7	2023	12008655	12008655	HUMAN_OBSERVATION	iNaturalist	Observations	171756798		Antoine Fortin	2023-07-08T18:36:18	CC0_1_0	kristinpiston	kristinpiston			2025-01-14T12:36:20.086Z	StillImage	COORDINATE_ROUNDED;CONTINENT_DERIVED_FROM_COORDINATES;TAXON_MATCH_TAXON_ID_IGNORED
4935911118	50c9509d-22c7-4a22-a47d-8c48425ef4a7	https://www.inaturalist.org/observations/85342924	Fungi	Basidiomycota	Agaricomycetes	Agaricales	Psathyrellaceae	Candolleomyces	Candolleomyces candolleanus		SPECIES	Candolleomyces candolleanus (Fr.) D.Wächt. & A.Melzer	Candolleomyces candolleanus		CA		Ontario	PRESENT		28eb1a3f-1c15-4a95-931a-4af90ecb574d	45.400256	-75.755947	16.0						2021-07-02T11:09:21	2	7	2021	12008655	12008655	HUMAN_OBSERVATION	iNaturalist	Observations	85342924		adamfritz	2021-07-02T15:09:50	CC_BY_4_0	adamfritz	adamfritz			2025-01-14T12:19:30.110Z	StillImage	COORDINATE_ROUNDED;CONTINENT_DERIVED_FROM_COORDINATES;TAXON_MATCH_TAXON_ID_IGNORED
4924083124	50c9509d-22c7-4a22-a47d-8c48425ef4a7	https://www.inaturalist.org/observations/234349764	Fungi	Basidiomycota	Agaricomycetes	Agaricales	Psathyrellaceae	Candolleomyces	Candolleomyces candolleanus		SPECIES	Candolleomyces candolleanus (Fr.) D.Wächt. & A.Melzer	Candolleomyces candolleanus		CA		Québec	PRESENT		28eb1a3f-1c15-4a95-931a-4af90ecb574d	46.779606	-71.278534	73.0						2024-08-07T10:42:28	7	8	2024	12008655	12008655	HUMAN_OBSERVATION	iNaturalist	Observations	234349764		egrenier	2024-08-07T15:43:06	CC_BY_NC_4_0	egrenier	egrenier			2025-01-14T13:35:04.574Z	StillImage	COORDINATE_ROUNDED;CONTINENT_DERIVED_FROM_COORDINATES;TAXON_MATCH_TAXON_ID_IGNORED
4921876723	50c9509d-22c7-4a22-a47d-8c48425ef4a7	https://www.inaturalist.org/observations/232973407	Fungi	Basidiomycota	Agaricomycetes	Agaricales	Psathyrellaceae	Candolleomyces	Candolleomyces candolleanus		SPECIES	Candolleomyces candolleanus (Fr.) D.Wächt. & A.Melzer	Candolleomyces candolleanus		CA		Québec	PRESENT		28eb1a3f-1c15-4a95-931a-4af90ecb574d	45.615777	-73.788245	9.0						2024-07-17T11:17:04	17	7	2024	12008655	12008655	HUMAN_OBSERVATION	iNaturalist	Observations	232973407		gabboilard	2024-08-02T07:55:59	CC_BY_NC_4_0	asterrosa	asterrosa			2025-01-14T13:37:47.770Z	StillImage	COORDINATE_ROUNDED;CONTINENT_DERIVED_FROM_COORDINATES;TAXON_MATCH_TAXON_ID_IGNORED
4921806645	50c9509d-22c7-4a22-a47d-8c48425ef4a7	https://www.inaturalist.org/observations/233003750	Fungi	Basidiomycota	Agaricomycetes	Agaricales	Psathyrellaceae	Candolleomyces	Candolleomyces candolleanus		SPECIES	Candolleomyces candolleanus (Fr.) D.Wächt. & A.Melzer	Candolleomyces candolleanus		CA		Québec	PRESENT		28eb1a3f-1c15-4a95-931a-4af90ecb574d	48.250769	-79.032133	4.0						2024-07-31T17:08:24	31	7	2024	12008655	12008655	HUMAN_OBSERVATION	iNaturalist	Observations	233003750		vlrivard	2024-08-01T00:34:40	CC_BY_NC_4_0	vlrivard	vlrivard			2025-01-14T13:37:56.361Z	StillImage	COORDINATE_ROUNDED;CONTINENT_DERIVED_FROM_COORDINATES;TAXON_MATCH_TAXON_ID_IGNORED
4911151815	50c9509d-22c7-4a22-a47d-8c48425ef4a7	https://www.inaturalist.org/observations/230660690	Fungi	Basidiomycota	Agaricomycetes	Agaricales	Psathyrellaceae	Candolleomyces	Candolleomyces candolleanus		SPECIES	Candolleomyces candolleanus (Fr.) D.Wächt. & A.Melzer	Candolleomyces candolleanus		CA		Québec	PRESENT		28eb1a3f-1c15-4a95-931a-4af90ecb574d	45.037455	-74.071997	1953.0						2024-07-17T14:50	17	7	2024	12008655	12008655	HUMAN_OBSERVATION	iNaturalist	Observations	230660690		Annabelle Langlois	2024-07-21T03:38:08	CC_BY_NC_4_0	Annabelle Langlois	Annabelle Langlois			2025-01-14T13:41:18.086Z	StillImage	COORDINATE_ROUNDED;CONTINENT_DERIVED_FROM_COORDINATES;TAXON_MATCH_TAXON_ID_IGNORED
4908277517	50c9509d-22c7-4a22-a47d-8c48425ef4a7	https://www.inaturalist.org/observations/228437432	Fungi	Basidiomycota	Agaricomycetes	Agaricales	Psathyrellaceae	Candolleomyces	Candolleomyces candolleanus		SPECIES	Candolleomyces candolleanus (Fr.) D.Wächt. & A.Melzer	Candolleomyces candolleanus		CA		Ontario	PRESENT		28eb1a3f-1c15-4a95-931a-4af90ecb574d	45.198865	-76.238094							2024-07-09T21:07	9	7	2024	12008655	12008655	HUMAN_OBSERVATION	iNaturalist	Observations	228437432		almonteallisons	2024-07-10T13:52:24	CC_BY_NC_4_0	almonteallisons	almonteallisons			2025-01-14T12:47:05.573Z	StillImage	COORDINATE_ROUNDED;CONTINENT_DERIVED_FROM_COORDINATES;TAXON_MATCH_TAXON_ID_IGNORED
4904354998	50c9509d-22c7-4a22-a47d-8c48425ef4a7	https://www.inaturalist.org/observations/226600713	Fungi	Basidiomycota	Agaricomycetes	Agaricales	Psathyrellaceae	Candolleomyces	Candolleomyces candolleanus		SPECIES	Candolleomyces candolleanus (Fr.) D.Wächt. & A.Melzer	Candolleomyces candolleanus		CA		New Brunswick	PRESENT		28eb1a3f-1c15-4a95-931a-4af90ecb574d	45.29457	-66.033669	184.0						2024-07-01T20:55:31	1	7	2024	12008655	12008655	HUMAN_OBSERVATION	iNaturalist	Observations	226600713		Toni Doucette	2024-07-02T02:49:30	CC_BY_NC_4_0	Toni Doucette	Toni Doucette			2025-01-14T12:48:20.389Z	StillImage	COORDINATE_ROUNDED;CONTINENT_DERIVED_FROM_COORDINATES;TAXON_MATCH_TAXON_ID_IGNORED
4904225155	50c9509d-22c7-4a22-a47d-8c48425ef4a7	https://www.inaturalist.org/observations/226589998	Fungi	Basidiomycota	Agaricomycetes	Agaricales	Psathyrellaceae	Candolleomyces	Candolleomyces candolleanus		SPECIES	Candolleomyces candolleanus (Fr.) D.Wächt. & A.Melzer	Candolleomyces candolleanus		CA		Ontario	PRESENT		28eb1a3f-1c15-4a95-931a-4af90ecb574d	45.465803	-75.50629	31.0						2024-07-01T13:42	1	7	2024	12008655	12008655	HUMAN_OBSERVATION	iNaturalist	Observations	226589998		jonathan_mack	2024-07-02T01:44:38	CC_BY_NC_4_0	jonathan_mack	jonathan_mack			2025-01-14T12:47:06.773Z	StillImage	COORDINATE_ROUNDED;CONTINENT_DERIVED_FROM_COORDINATES;TAXON_MATCH_TAXON_ID_IGNORED
4903867464	50c9509d-22c7-4a22-a47d-8c48425ef4a7	https://www.inaturalist.org/observations/226219014	Fungi	Basidiomycota	Agaricomycetes	Agaricales	Psathyrellaceae	Candolleomyces	Candolleomyces candolleanus		SPECIES	Candolleomyces candolleanus (Fr.) D.Wächt. & A.Melzer	Candolleomyces candolleanus		CA		Québec	PRESENT		28eb1a3f-1c15-4a95-931a-4af90ecb574d	45.539702	-73.611957	8.0						2024-06-30T12:27:45	30	6	2024	12008655	12008655	HUMAN_OBSERVATION	iNaturalist	Observations	226219014		thistrblmkr	2024-06-30T16:28:29	CC_BY_NC_4_0	thistrblmkr	thistrblmkr			2025-01-14T13:41:44.684Z	StillImage	COORDINATE_ROUNDED;CONTINENT_DERIVED_FROM_COORDINATES;TAXON_MATCH_TAXON_ID_IGNORED
4901909009	50c9509d-22c7-4a22-a47d-8c48425ef4a7	https://www.inaturalist.org/observations/219858641	Fungi	Basidiomycota	Agaricomycetes	Agaricales	Psathyrellaceae	Candolleomyces	Candolleomyces candolleanus		SPECIES	Candolleomyces candolleanus (Fr.) D.Wächt. & A.Melzer	Candolleomyces candolleanus		CA		Québec	PRESENT		28eb1a3f-1c15-4a95-931a-4af90ecb574d	45.595659	-73.606698	49.0						2024-06-01T11:40	1	6	2024	12008655	12008655	HUMAN_OBSERVATION	iNaturalist	Observations	219858641		Antoine Fortin	2024-06-03T20:31:51	CC_BY_NC_4_0	exploratrice	exploratrice			2025-01-14T12:47:09.681Z	StillImage	COORDINATE_ROUNDED;CONTINENT_DERIVED_FROM_COORDINATES;TAXON_MATCH_TAXON_ID_IGNORED
4901605155	50c9509d-22c7-4a22-a47d-8c48425ef4a7	https://www.inaturalist.org/observations/222999054	Fungi	Basidiomycota	Agaricomycetes	Agaricales	Psathyrellaceae	Candolleomyces	Candolleomyces candolleanus		SPECIES	Candolleomyces candolleanus (Fr.) D.Wächt. & A.Melzer	Candolleomyces candolleanus		CA		Québec	PRESENT		28eb1a3f-1c15-4a95-931a-4af90ecb574d	45.501025	-75.735945	2.0						2024-06-15T08:57	15	6	2024	12008655	12008655	HUMAN_OBSERVATION	iNaturalist	Observations	222999054		jonathan_mack	2024-06-16T01:55:56	CC_BY_NC_4_0	jonathan_mack	jonathan_mack			2025-01-14T13:45:17.098Z	StillImage	COORDINATE_ROUNDED;CONTINENT_DERIVED_FROM_COORDINATES;TAXON_MATCH_TAXON_ID_IGNORED
4901476495	50c9509d-22c7-4a22-a47d-8c48425ef4a7	https://www.inaturalist.org/observations/222055931	Fungi	Basidiomycota	Agaricomycetes	Agaricales	Psathyrellaceae	Candolleomyces	Candolleomyces candolleanus		SPECIES	Candolleomyces candolleanus (Fr.) D.Wächt. & A.Melzer	Candolleomyces candolleanus		CA		Québec	PRESENT		28eb1a3f-1c15-4a95-931a-4af90ecb574d	45.589381	-73.561163	30.0						2024-06-11T09:45:51	11	6	2024	12008655	12008655	HUMAN_OBSERVATION	iNaturalist	Observations	222055931		nathan_schryer	2024-06-11T16:20:26	CC_BY_NC_4_0	nathan_schryer	nathan_schryer			2025-01-14T13:41:27.232Z	StillImage	COORDINATE_ROUNDED;CONTINENT_DERIVED_FROM_COORDINATES;TAXON_MATCH_TAXON_ID_IGNORED
4901354855	50c9509d-22c7-4a22-a47d-8c48425ef4a7	https://www.inaturalist.org/observations/223075929	Fungi	Basidiomycota	Agaricomycetes	Agaricales	Psathyrellaceae	Candolleomyces	Candolleomyces candolleanus		SPECIES	Candolleomyces candolleanus (Fr.) D.Wächt. & A.Melzer	Candolleomyces candolleanus		CA		Québec	PRESENT		28eb1a3f-1c15-4a95-931a-4af90ecb574d	45.553302	-73.478052	31.0						2024-06-14T14:20	14	6	2024	12008655	12008655	HUMAN_OBSERVATION	iNaturalist	Observations	223075929		Antoine Fortin	2024-06-16T12:21:38	CC_BY_NC_4_0	Antoine Fortin	Antoine Fortin			2025-01-14T12:48:45.986Z	StillImage	COORDINATE_ROUNDED;CONTINENT_DERIVED_FROM_COORDINATES;TAXON_MATCH_TAXON_ID_IGNORED
4901302264	50c9509d-22c7-4a22-a47d-8c48425ef4a7	https://www.inaturalist.org/observations/223577096	Fungi	Basidiomycota	Agaricomycetes	Agaricales	Psathyrellaceae	Candolleomyces	Candolleomyces candolleanus		SPECIES	Candolleomyces candolleanus (Fr.) D.Wächt. & A.Melzer	Candolleomyces candolleanus		CA		Québec	PRESENT		28eb1a3f-1c15-4a95-931a-4af90ecb574d	45.481647	-73.619629							2024-06-18T08:25	18	6	2024	12008655	12008655	HUMAN_OBSERVATION	iNaturalist	Observations	223577096		karolanegb	2024-06-18T16:49:58	CC_BY_NC_4_0	karolanegb	karolanegb			2025-01-14T13:41:33.609Z	StillImage	COORDINATE_ROUNDED;CONTINENT_DERIVED_FROM_COORDINATES;TAXON_MATCH_TAXON_ID_IGNORED
4901282591	50c9509d-22c7-4a22-a47d-8c48425ef4a7	https://www.inaturalist.org/observations/222835983	Fungi	Basidiomycota	Agaricomycetes	Agaricales	Psathyrellaceae	Candolleomyces	Candolleomyces candolleanus		SPECIES	Candolleomyces candolleanus (Fr.) D.Wächt. & A.Melzer	Candolleomyces candolleanus		CA		Québec	PRESENT		28eb1a3f-1c15-4a95-931a-4af90ecb574d	45.324742	-72.65712	8.0						2024-06-14T19:17:17	14	6	2024	12008655	12008655	HUMAN_OBSERVATION	iNaturalist	Observations	222835983		gabboilard	2024-06-15T11:56:49	CC_BY_NC_4_0	gabboilard	gabboilard			2025-01-14T13:41:59.574Z	StillImage	COORDINATE_ROUNDED;CONTINENT_DERIVED_FROM_COORDINATES;TAXON_MATCH_TAXON_ID_IGNORED
4872586438	50c9509d-22c7-4a22-a47d-8c48425ef4a7	https://www.inaturalist.org/observations/217575057	Fungi	Basidiomycota	Agaricomycetes	Agaricales	Psathyrellaceae	Candolleomyces	Candolleomyces candolleanus		SPECIES	Candolleomyces candolleanus (Fr.) D.Wächt. & A.Melzer	Candolleomyces candolleanus		CA		Ontario	PRESENT		28eb1a3f-1c15-4a95-931a-4af90ecb574d	45.437794	-75.698564	4.0						2024-05-22T13:11	22	5	2024	12008655	12008655	HUMAN_OBSERVATION	iNaturalist	Observations	217575057		Ray Snook	2024-05-22T21:25:54	CC_BY_NC_4_0	Ray Snook	Ray Snook			2025-01-14T13:31:56.748Z	StillImage	COORDINATE_ROUNDED;CONTINENT_DERIVED_FROM_COORDINATES;TAXON_MATCH_TAXON_ID_IGNORED
4599790267	50c9509d-22c7-4a22-a47d-8c48425ef4a7	https://www.inaturalist.org/observations/203394172	Fungi	Basidiomycota	Agaricomycetes	Agaricales	Psathyrellaceae	Candolleomyces	Candolleomyces candolleanus		SPECIES	Candolleomyces candolleanus (Fr.) D.Wächt. & A.Melzer	Candolleomyces candolleanus		CA		Québec	PRESENT		28eb1a3f-1c15-4a95-931a-4af90ecb574d	45.872811	-76.4339	501.0						2023-06-15T10:58	15	6	2023	12008655	12008655	HUMAN_OBSERVATION	iNaturalist	Observations	203394172		L Joan Heyding	2024-03-21T20:46:10	CC_BY_NC_4_0	L Joan Heyding	L Joan Heyding			2025-01-14T13:38:53.843Z	StillImage	COORDINATE_ROUNDED;CONTINENT_DERIVED_FROM_COORDINATES;TAXON_MATCH_TAXON_ID_IGNORED
4599715520	50c9509d-22c7-4a22-a47d-8c48425ef4a7	https://www.inaturalist.org/observations/87789782	Fungi	Basidiomycota	Agaricomycetes	Agaricales	Psathyrellaceae	Candolleomyces	Candolleomyces candolleanus		SPECIES	Candolleomyces candolleanus (Fr.) D.Wächt. & A.Melzer	Candolleomyces candolleanus		CA		Québec	PRESENT		28eb1a3f-1c15-4a95-931a-4af90ecb574d	45.56	-73.530228	7.0						2021-07-19T15:50Z	19	7	2021	12008655	12008655	HUMAN_OBSERVATION	iNaturalist	Observations	87789782				CC_BY_NC_4_0	Renard frak	Renard frak			2025-01-14T12:22:28.216Z	StillImage	COORDINATE_ROUNDED;CONTINENT_DERIVED_FROM_COORDINATES;TAXON_MATCH_TAXON_ID_IGNORED
4527956214	50c9509d-22c7-4a22-a47d-8c48425ef4a7	https://www.inaturalist.org/observations/194790649	Fungi	Basidiomycota	Agaricomycetes	Agaricales	Psathyrellaceae	Candolleomyces	Candolleomyces candolleanus		SPECIES	Candolleomyces candolleanus (Fr.) D.Wächt. & A.Melzer	Candolleomyces candolleanus		CA		Québec	PRESENT		28eb1a3f-1c15-4a95-931a-4af90ecb574d	45.595659	-73.606698	49.0						2023-07-01T17:36	1	7	2023	12008655	12008655	HUMAN_OBSERVATION	iNaturalist	Observations	194790649		amanitamozart	2024-01-31T18:55:20	CC_BY_NC_4_0	exploratrice	exploratrice			2025-01-14T12:43:15.551Z	StillImage	COORDINATE_ROUNDED;CONTINENT_DERIVED_FROM_COORDINATES;TAXON_MATCH_TAXON_ID_IGNORED
4458581993	50c9509d-22c7-4a22-a47d-8c48425ef4a7	https://www.inaturalist.org/observations/170307499	Fungi	Basidiomycota	Agaricomycetes	Agaricales	Psathyrellaceae	Candolleomyces	Candolleomyces candolleanus		SPECIES	Candolleomyces candolleanus (Fr.) D.Wächt. & A.Melzer	Candolleomyces candolleanus		CA		Prince Edward Island	PRESENT		28eb1a3f-1c15-4a95-931a-4af90ecb574d	46.880451	-64.130515	5.0						2023-06-29T16:30	29	6	2023	12008655	12008655	HUMAN_OBSERVATION	iNaturalist	Observations	170307499		Rosemary Curley	2023-06-30T17:35:59	CC_BY_NC_4_0	Rosemary Curley	Rosemary Curley			2025-01-14T13:31:01.887Z	StillImage	CONTINENT_DERIVED_FROM_COORDINATES;TAXON_MATCH_TAXON_ID_IGNORED
4414257587	50c9509d-22c7-4a22-a47d-8c48425ef4a7	https://www.inaturalist.org/observations/182548306	Fungi	Basidiomycota	Agaricomycetes	Agaricales	Psathyrellaceae	Candolleomyces	Candolleomyces candolleanus		SPECIES	Candolleomyces candolleanus (Fr.) D.Wächt. & A.Melzer	Candolleomyces candolleanus		CA		Québec	PRESENT		28eb1a3f-1c15-4a95-931a-4af90ecb574d	45.548003	-73.553345	4.0						2023-07-16T11:43:48	16	7	2023	12008655	12008655	HUMAN_OBSERVATION	iNaturalist	Observations	182548306		Antoine Fortin	2023-09-15T18:37:27	CC_BY_NC_4_0	veveordie	veveordie			2025-01-14T13:29:01.326Z	StillImage	COORDINATE_ROUNDED;CONTINENT_DERIVED_FROM_COORDINATES;TAXON_MATCH_TAXON_ID_IGNORED
4406536350	fb9d7c38-5759-4c30-9e09-5b6bd43f78a6	http://id.luomus.fi/MY.14952864	Fungi	Basidiomycota	Agaricomycetes	Agaricales	Psathyrellaceae	Candolleomyces	Candolleomyces candolleanus		SPECIES	Psathyrella candolleana (Fr.) Maire	Psathyrella candolleana (Fr.:Fr.) Maire		CA	Near Ottawa, March Rd., Carp-S., along roadside	Ontario	PRESENT		04fd2e13-6881-4e5c-9dd1-8fdd9ab993c1	45.4	-75.6							1961-05-16T00:00Z	16	5	1961	9201176	12008655	PRESERVED_SPECIMEN	H		http://id.luomus.fi/HA.H7080594				CC_BY_4_0		Gorman, R.			2025-01-17T02:41:19.815Z		CONTINENT_DERIVED_FROM_COORDINATES;TAXON_MATCH_TAXON_ID_IGNORED;COLLECTION_MATCH_NONE;INSTITUTION_MATCH_FUZZY
4405254421	50c9509d-22c7-4a22-a47d-8c48425ef4a7	https://www.inaturalist.org/observations/169848170	Fungi	Basidiomycota	Agaricomycetes	Agaricales	Psathyrellaceae	Candolleomyces	Candolleomyces candolleanus		SPECIES	Candolleomyces candolleanus (Fr.) D.Wächt. & A.Melzer	Candolleomyces candolleanus		CA		New Brunswick	PRESENT		28eb1a3f-1c15-4a95-931a-4af90ecb574d	45.95977	-66.663569							2023-06-27T16:53:11	27	6	2023	12008655	12008655	HUMAN_OBSERVATION	iNaturalist	Observations	169848170		Andrew MacPherson	2023-06-27T21:52:26	CC0_1_0	Andrew MacPherson	Andrew MacPherson			2025-01-14T12:39:04.889Z	StillImage	COORDINATE_ROUNDED;CONTINENT_DERIVED_FROM_COORDINATES;TAXON_MATCH_TAXON_ID_IGNORED
4400179146	50c9509d-22c7-4a22-a47d-8c48425ef4a7	https://www.inaturalist.org/observations/178778782	Fungi	Basidiomycota	Agaricomycetes	Agaricales	Psathyrellaceae	Candolleomyces	Candolleomyces candolleanus		SPECIES	Candolleomyces candolleanus (Fr.) D.Wächt. & A.Melzer	Candolleomyces candolleanus		CA		Ontario	PRESENT		28eb1a3f-1c15-4a95-931a-4af90ecb574d	45.455879	-75.480653	2.0						2023-08-16T19:10	16	8	2023	12008655	12008655	HUMAN_OBSERVATION	iNaturalist	Observations	178778782		jonathan_mack	2023-08-17T01:38:44	CC_BY_NC_4_0	jonathan_mack	jonathan_mack			2025-01-14T12:40:37.146Z	StillImage	COORDINATE_ROUNDED;CONTINENT_DERIVED_FROM_COORDINATES;TAXON_MATCH_TAXON_ID_IGNORED
4177168822	50c9509d-22c7-4a22-a47d-8c48425ef4a7	https://www.inaturalist.org/observations/177590710	Fungi	Basidiomycota	Agaricomycetes	Agaricales	Psathyrellaceae	Candolleomyces	Candolleomyces candolleanus		SPECIES	Candolleomyces candolleanus (Fr.) D.Wächt. & A.Melzer	Candolleomyces candolleanus		CA		Québec	PRESENT		28eb1a3f-1c15-4a95-931a-4af90ecb574d	46.873201	-71.119951	49.0						2023-08-07T09:55:09	7	8	2023	12008655	12008655	HUMAN_OBSERVATION	iNaturalist	Observations	177590710		Camille Boucher	2023-08-09T23:54:16	CC_BY_NC_4_0	Camille Boucher	Camille Boucher			2025-01-14T13:32:28.625Z	StillImage	COORDINATE_ROUNDED;CONTINENT_DERIVED_FROM_COORDINATES;TAXON_MATCH_TAXON_ID_IGNORED
4171682122	50c9509d-22c7-4a22-a47d-8c48425ef4a7	https://www.inaturalist.org/observations/175233246	Fungi	Basidiomycota	Agaricomycetes	Agaricales	Psathyrellaceae	Candolleomyces	Candolleomyces candolleanus		SPECIES	Candolleomyces candolleanus (Fr.) D.Wächt. & A.Melzer	Candolleomyces candolleanus		CA		Québec	PRESENT		28eb1a3f-1c15-4a95-931a-4af90ecb574d	45.443964	-73.5951	9.0						2023-07-27T12:54:49	27	7	2023	12008655	12008655	HUMAN_OBSERVATION	iNaturalist	Observations	175233246		Antoine Fortin	2023-07-28T17:27:56	CC_BY_NC_4_0	thistrblmkr	thistrblmkr			2025-01-14T12:37:57.317Z	StillImage	COORDINATE_ROUNDED;CONTINENT_DERIVED_FROM_COORDINATES;TAXON_MATCH_TAXON_ID_IGNORED
4171504863	50c9509d-22c7-4a22-a47d-8c48425ef4a7	https://www.inaturalist.org/observations/176517781	Fungi	Basidiomycota	Agaricomycetes	Agaricales	Psathyrellaceae	Candolleomyces	Candolleomyces candolleanus		SPECIES	Candolleomyces candolleanus (Fr.) D.Wächt. & A.Melzer	Candolleomyces candolleanus		CA		Québec	PRESENT		28eb1a3f-1c15-4a95-931a-4af90ecb574d	45.50787	-73.464487	9.0						2023-08-03T18:40:24	3	8	2023	12008655	12008655	HUMAN_OBSERVATION	iNaturalist	Observations	176517781		Antoine Fortin	2023-08-04T21:41:37	CC_BY_NC_4_0	sylviec3075	sylviec3075			2025-01-14T13:31:33.370Z	StillImage	COORDINATE_ROUNDED;CONTINENT_DERIVED_FROM_COORDINATES;TAXON_MATCH_TAXON_ID_IGNORED
4165826764	50c9509d-22c7-4a22-a47d-8c48425ef4a7	https://www.inaturalist.org/observations/174403100	Fungi	Basidiomycota	Agaricomycetes	Agaricales	Psathyrellaceae	Candolleomyces	Candolleomyces candolleanus		SPECIES	Candolleomyces candolleanus (Fr.) D.Wächt. & A.Melzer	Candolleomyces candolleanus		CA		Québec	PRESENT		28eb1a3f-1c15-4a95-931a-4af90ecb574d	46.757688	-71.376605	67.0						2023-07-22T20:32:30	22	7	2023	12008655	12008655	HUMAN_OBSERVATION	iNaturalist	Observations	174403100		Camille Boucher	2023-07-23T02:40:31	CC_BY_NC_4_0	Camille Boucher	Camille Boucher			2025-01-14T13:39:34.512Z	StillImage	COORDINATE_ROUNDED;CONTINENT_DERIVED_FROM_COORDINATES;TAXON_MATCH_TAXON_ID_IGNORED
4165371819	50c9509d-22c7-4a22-a47d-8c48425ef4a7	https://www.inaturalist.org/observations/173810440	Fungi	Basidiomycota	Agaricomycetes	Agaricales	Psathyrellaceae	Candolleomyces	Candolleomyces candolleanus		SPECIES	Candolleomyces candolleanus (Fr.) D.Wächt. & A.Melzer	Candolleomyces candolleanus		CA		Québec	PRESENT		28eb1a3f-1c15-4a95-931a-4af90ecb574d	45.851885	-76.464642	27095.0						2023-07-07T08:22	7	7	2023	12008655	12008655	HUMAN_OBSERVATION	iNaturalist	Observations	173810440		L Joan Heyding	2023-07-19T18:39:01	CC_BY_NC_4_0	L Joan Heyding	L Joan Heyding			2025-01-14T13:27:43.067Z	StillImage	COORDINATE_ROUNDED;CONTINENT_DERIVED_FROM_COORDINATES;TAXON_MATCH_TAXON_ID_IGNORED
4162474876	50c9509d-22c7-4a22-a47d-8c48425ef4a7	https://www.inaturalist.org/observations/173410162	Fungi	Basidiomycota	Agaricomycetes	Agaricales	Psathyrellaceae	Candolleomyces	Candolleomyces candolleanus		SPECIES	Candolleomyces candolleanus (Fr.) D.Wächt. & A.Melzer	Candolleomyces candolleanus		CA		Québec	PRESENT		28eb1a3f-1c15-4a95-931a-4af90ecb574d	45.473269	-73.929147	60.0						2023-07-17T07:41	17	7	2023	12008655	12008655	HUMAN_OBSERVATION	iNaturalist	Observations	173410162		Antoine Fortin	2023-07-17T17:34:02	CC_BY_NC_4_0	Michel Goulet	Michel Goulet			2025-01-14T12:36:42.183Z	StillImage	COORDINATE_ROUNDED;CONTINENT_DERIVED_FROM_COORDINATES;TAXON_MATCH_TAXON_ID_IGNORED
4155258647	fb9d7c38-5759-4c30-9e09-5b6bd43f78a6	http://id.luomus.fi/MY.14618369	Fungi	Basidiomycota	Agaricomycetes	Agaricales	Psathyrellaceae	Candolleomyces	Candolleomyces candolleanus		SPECIES	Psathyrella candolleana (Fr.) Maire	Psathyrella candolleana (Fr.:Fr.) Maire		CA	Near Ottawa, Carp-S, March Rd., along roadside	Ontario	PRESENT		04fd2e13-6881-4e5c-9dd1-8fdd9ab993c1	45.35	-76.03							1961-05-16T00:00Z	16	5	1961	9201176	12008655	PRESERVED_SPECIMEN	H		http://id.luomus.fi/HA.H7079278		Groves, J.W.		CC_BY_4_0		Gorman, R.			2025-01-17T02:41:16.185Z		CONTINENT_DERIVED_FROM_COORDINATES;TAXON_MATCH_TAXON_ID_IGNORED;COLLECTION_MATCH_NONE;INSTITUTION_MATCH_FUZZY
4153895603	50c9509d-22c7-4a22-a47d-8c48425ef4a7	https://www.inaturalist.org/observations/172159233	Fungi	Basidiomycota	Agaricomycetes	Agaricales	Psathyrellaceae	Candolleomyces	Candolleomyces candolleanus		SPECIES	Candolleomyces candolleanus (Fr.) D.Wächt. & A.Melzer	Candolleomyces candolleanus		CA		Québec	PRESENT		28eb1a3f-1c15-4a95-931a-4af90ecb574d	45.48058	-73.583388	4.0						2023-07-10T10:25:53	10	7	2023	12008655	12008655	HUMAN_OBSERVATION	iNaturalist	Observations	172159233		Mical	2023-07-10T14:26:28	CC_BY_4_0	Mical	Mical			2025-01-14T13:40:23.463Z	StillImage	COORDINATE_ROUNDED;CONTINENT_DERIVED_FROM_COORDINATES;TAXON_MATCH_TAXON_ID_IGNORED
4153399659	50c9509d-22c7-4a22-a47d-8c48425ef4a7	https://www.inaturalist.org/observations/170513644	Fungi	Basidiomycota	Agaricomycetes	Agaricales	Psathyrellaceae	Candolleomyces	Candolleomyces candolleanus		SPECIES	Candolleomyces candolleanus (Fr.) D.Wächt. & A.Melzer	Candolleomyces candolleanus		CA		Québec	PRESENT		28eb1a3f-1c15-4a95-931a-4af90ecb574d	45.005641	-72.046497	27222.0						2023-07-01T11:01:37	1	7	2023	12008655	12008655	HUMAN_OBSERVATION	iNaturalist	Observations	170513644		Antoine Fortin	2023-07-02T00:28:20	CC_BY_NC_4_0	katiemur	katiemur			2025-01-14T12:39:39.363Z	StillImage	COORDINATE_ROUNDED;CONTINENT_DERIVED_FROM_COORDINATES;TAXON_MATCH_TAXON_ID_IGNORED
4145785855	50c9509d-22c7-4a22-a47d-8c48425ef4a7	https://www.inaturalist.org/observations/170373430	Fungi	Basidiomycota	Agaricomycetes	Agaricales	Psathyrellaceae	Candolleomyces	Candolleomyces candolleanus		SPECIES	Candolleomyces candolleanus (Fr.) D.Wächt. & A.Melzer	Candolleomyces candolleanus		CA		Ontario	PRESENT		28eb1a3f-1c15-4a95-931a-4af90ecb574d	45.198976	-76.238048							2023-06-30T18:42	30	6	2023	12008655	12008655	HUMAN_OBSERVATION	iNaturalist	Observations	170373430		almonteallisons	2023-07-01T01:34:11	CC_BY_NC_4_0	almonteallisons	almonteallisons			2025-01-14T12:36:29.316Z	StillImage	COORDINATE_ROUNDED;CONTINENT_DERIVED_FROM_COORDINATES;TAXON_MATCH_TAXON_ID_IGNORED
4145781659	50c9509d-22c7-4a22-a47d-8c48425ef4a7	https://www.inaturalist.org/observations/170355748	Fungi	Basidiomycota	Agaricomycetes	Agaricales	Psathyrellaceae	Candolleomyces	Candolleomyces candolleanus		SPECIES	Candolleomyces candolleanus (Fr.) D.Wächt. & A.Melzer	Candolleomyces candolleanus		CA		Ontario	PRESENT		28eb1a3f-1c15-4a95-931a-4af90ecb574d	45.198976	-76.238048							2023-06-30T18:42	30	6	2023	12008655	12008655	HUMAN_OBSERVATION	iNaturalist	Observations	170355748		almonteallisons	2023-06-30T23:10:24	CC_BY_NC_4_0	almonteallisons	almonteallisons			2025-01-14T13:31:03.569Z	StillImage	COORDINATE_ROUNDED;CONTINENT_DERIVED_FROM_COORDINATES;TAXON_MATCH_TAXON_ID_IGNORED
4145670363	50c9509d-22c7-4a22-a47d-8c48425ef4a7	https://www.inaturalist.org/observations/170265893	Fungi	Basidiomycota	Agaricomycetes	Agaricales	Psathyrellaceae	Candolleomyces	Candolleomyces candolleanus		SPECIES	Candolleomyces candolleanus (Fr.) D.Wächt. & A.Melzer	Candolleomyces candolleanus		CA		Québec	PRESENT		28eb1a3f-1c15-4a95-931a-4af90ecb574d	45.554272	-73.477065	31.0						2023-06-29T19:32	29	6	2023	12008655	12008655	HUMAN_OBSERVATION	iNaturalist	Observations	170265893		Antoine Fortin	2023-06-30T12:55:08	CC_BY_NC_4_0	Antoine Fortin	Antoine Fortin			2025-01-14T13:30:57.283Z	StillImage	COORDINATE_ROUNDED;CONTINENT_DERIVED_FROM_COORDINATES;TAXON_MATCH_TAXON_ID_IGNORED
4137597655	50c9509d-22c7-4a22-a47d-8c48425ef4a7	https://www.inaturalist.org/observations/128921322	Fungi	Basidiomycota	Agaricomycetes	Agaricales	Psathyrellaceae	Candolleomyces	Candolleomyces candolleanus		SPECIES	Candolleomyces candolleanus (Fr.) D.Wächt. & A.Melzer	Candolleomyces candolleanus		CA		Québec	PRESENT		28eb1a3f-1c15-4a95-931a-4af90ecb574d	45.5082	-73.452635							2022-07-31T18:20:06	31	7	2022	12008655	12008655	HUMAN_OBSERVATION	iNaturalist	Observations	128921322		Jean C.	2022-08-01T02:49:37	CC_BY_NC_4_0	Jean C.	Jean C.			2025-01-14T13:24:16.808Z	StillImage	COORDINATE_ROUNDED;CONTINENT_DERIVED_FROM_COORDINATES;TAXON_MATCH_TAXON_ID_IGNORED
4099472930	d1a3b128-b406-46bb-a6d1-f3591dcc8a7b	89f16d7a-ae2b-427d-83c4-785fcda15461	Fungi	Basidiomycota	Agaricomycetes	Agaricales	Psathyrellaceae	Candolleomyces	Candolleomyces candolleanus		SPECIES	Psathyrella candolleana (Fr.) Maire	Psathyrella candolleana	(Fr.) Maire	CA	near Ottawa along roadside, Carp - South March Road	Ontario	PRESENT		e43cf4b8-849e-4fac-b075-e652d019d2cf	45.416667	-75.7	52150.0						1961-05-16	16	5	1961	9201176	12008655	PRESERVED_SPECIMEN	BPI		BPI 779260		Groves, J. W.		CC0_1_0		Gorman, R.			2025-01-15T04:59:42.684Z		GEODETIC_DATUM_ASSUMED_WGS84;CONTINENT_DERIVED_FROM_COORDINATES;TAXON_MATCH_TAXON_ID_IGNORED;INSTITUTION_MATCH_FUZZY
4091428384	50c9509d-22c7-4a22-a47d-8c48425ef4a7	https://www.inaturalist.org/observations/89132157	Fungi	Basidiomycota	Agaricomycetes	Agaricales	Psathyrellaceae	Candolleomyces	Candolleomyces candolleanus		SPECIES	Candolleomyces candolleanus (Fr.) D.Wächt. & A.Melzer	Candolleomyces candolleanus		CA		Québec	PRESENT		28eb1a3f-1c15-4a95-931a-4af90ecb574d	45.547433	-73.732912	10.0						2021-07-29T18:27:24	29	7	2021	12008655	12008655	HUMAN_OBSERVATION	iNaturalist	Observations	89132157		Cathy Fahey	2021-07-30T00:10:13	CC_BY_NC_4_0	Cathy Fahey	Cathy Fahey			2025-01-14T13:13:23.633Z	StillImage	COORDINATE_ROUNDED;CONTINENT_DERIVED_FROM_COORDINATES;TAXON_MATCH_TAXON_ID_IGNORED
3910772731	55585622-7aeb-4921-a07c-5ddc97de9c5b	MGYA00523315_Eukaryota:Fungi:Basidiomycota:Agaricomycetes:Agaricales:Psathyrellaceae:Psathyrella:Psathyrella_candolleana	Fungi	Basidiomycota	Agaricomycetes	Agaricales	Psathyrellaceae	Candolleomyces	Candolleomyces candolleanus		SPECIES	Psathyrella candolleana (Fr.) Maire	Psathyrella candolleana		CA	Varennes		PRESENT		ab733144-7043-4e88-bd4f-fca7bf858880	45.72	-73.37					0.15	0.0					9201176	12008655	MATERIAL_SAMPLE							CC_BY_4_0					2025-01-15T11:18:31.990Z		GEODETIC_DATUM_ASSUMED_WGS84;CONTINENT_DERIVED_FROM_COORDINATES
3903152603	50c9509d-22c7-4a22-a47d-8c48425ef4a7	https://www.inaturalist.org/observations/133120696	Fungi	Basidiomycota	Agaricomycetes	Agaricales	Psathyrellaceae	Candolleomyces	Candolleomyces candolleanus		SPECIES	Candolleomyces candolleanus (Fr.) D.Wächt. & A.Melzer	Candolleomyces candolleanus		CA		Prince Edward Island	PRESENT		28eb1a3f-1c15-4a95-931a-4af90ecb574d	46.697186	-64.168045	100.0						2022-08-27T16:17	27	8	2022	12008655	12008655	HUMAN_OBSERVATION	iNaturalist	Observations	133120696		Jessika Gauvin	2022-08-31T19:56:41	CC_BY_NC_4_0	Rosemary Curley	Rosemary Curley			2025-01-14T12:31:44.308Z	StillImage	CONTINENT_DERIVED_FROM_COORDINATES;TAXON_MATCH_TAXON_ID_IGNORED
3902723519	50c9509d-22c7-4a22-a47d-8c48425ef4a7	https://www.inaturalist.org/observations/133242999	Fungi	Basidiomycota	Agaricomycetes	Agaricales	Psathyrellaceae	Candolleomyces	Candolleomyces candolleanus		SPECIES	Candolleomyces candolleanus (Fr.) D.Wächt. & A.Melzer	Candolleomyces candolleanus		CA		Québec	PRESENT		28eb1a3f-1c15-4a95-931a-4af90ecb574d	45.937285	-76.586066	27095.0						2022-08-29T15:11	29	8	2022	12008655	12008655	HUMAN_OBSERVATION	iNaturalist	Observations	133242999		L Joan Heyding	2022-09-01T19:00:06	CC_BY_NC_4_0	L Joan Heyding	L Joan Heyding			2025-01-14T12:31:34.467Z	StillImage	COORDINATE_ROUNDED;CONTINENT_DERIVED_FROM_COORDINATES;TAXON_MATCH_TAXON_ID_IGNORED
3892626052	50c9509d-22c7-4a22-a47d-8c48425ef4a7	https://www.inaturalist.org/observations/130782028	Fungi	Basidiomycota	Agaricomycetes	Agaricales	Psathyrellaceae	Candolleomyces	Candolleomyces candolleanus		SPECIES	Candolleomyces candolleanus (Fr.) D.Wächt. & A.Melzer	Candolleomyces candolleanus		CA		Québec	PRESENT		28eb1a3f-1c15-4a95-931a-4af90ecb574d	45.473014	-73.845276	720.0						2022-08-14T10:07	14	8	2022	12008655	12008655	HUMAN_OBSERVATION	iNaturalist	Observations	130782028		boorach	2022-08-14T14:22:41	CC_BY_NC_4_0	boorach	boorach			2025-01-14T13:24:30.645Z	StillImage	COORDINATE_ROUNDED;CONTINENT_DERIVED_FROM_COORDINATES;TAXON_MATCH_TAXON_ID_IGNORED
3860646861	50c9509d-22c7-4a22-a47d-8c48425ef4a7	https://www.inaturalist.org/observations/124280483	Fungi	Basidiomycota	Agaricomycetes	Agaricales	Psathyrellaceae	Candolleomyces	Candolleomyces candolleanus		SPECIES	Candolleomyces candolleanus (Fr.) D.Wächt. & A.Melzer	Candolleomyces candolleanus		CA		Québec	PRESENT		28eb1a3f-1c15-4a95-931a-4af90ecb574d	45.498617	-73.846758	188.0						2022-07-01T14:45	1	7	2022	12008655	12008655	HUMAN_OBSERVATION	iNaturalist	Observations	124280483		cinna_latifolia	2022-07-02T05:40:51	CC_BY_NC_4_0	Michel Goulet	Michel Goulet			2025-01-14T12:30:44.249Z	StillImage	COORDINATE_ROUNDED;CONTINENT_DERIVED_FROM_COORDINATES;TAXON_MATCH_TAXON_ID_IGNORED
3860460279	50c9509d-22c7-4a22-a47d-8c48425ef4a7	https://www.inaturalist.org/observations/122470390	Fungi	Basidiomycota	Agaricomycetes	Agaricales	Psathyrellaceae	Candolleomyces	Candolleomyces candolleanus		SPECIES	Candolleomyces candolleanus (Fr.) D.Wächt. & A.Melzer	Candolleomyces candolleanus		CA		Ontario	PRESENT		28eb1a3f-1c15-4a95-931a-4af90ecb574d	45.409149	-75.70858	55.0						2022-06-19T09:17:06	19	6	2022	12008655	12008655	HUMAN_OBSERVATION	iNaturalist	Observations	122470390		qiotriot	2022-06-19T13:18:59	CC_BY_NC_4_0	qiotriot	qiotriot			2025-01-14T13:22:27.893Z	StillImage	COORDINATE_ROUNDED;CONTINENT_DERIVED_FROM_COORDINATES;TAXON_MATCH_TAXON_ID_IGNORED
3860275187	50c9509d-22c7-4a22-a47d-8c48425ef4a7	https://www.inaturalist.org/observations/120016906	Fungi	Basidiomycota	Agaricomycetes	Agaricales	Psathyrellaceae	Candolleomyces	Candolleomyces candolleanus		SPECIES	Candolleomyces candolleanus (Fr.) D.Wächt. & A.Melzer	Candolleomyces candolleanus		CA		Québec	PRESENT		28eb1a3f-1c15-4a95-931a-4af90ecb574d	45.497716	-73.561527	477.0						2022-06-03T09:04:50	3	6	2022	12008655	12008655	HUMAN_OBSERVATION	iNaturalist	Observations	120016906		foss_bean	2022-06-03T14:50:13	CC_BY_NC_4_0	foss_bean	foss_bean			2025-01-14T13:15:24.514Z	StillImage	COORDINATE_ROUNDED;CONTINENT_DERIVED_FROM_COORDINATES;TAXON_MATCH_TAXON_ID_IGNORED
3860208029	50c9509d-22c7-4a22-a47d-8c48425ef4a7	https://www.inaturalist.org/observations/121031947	Fungi	Basidiomycota	Agaricomycetes	Agaricales	Psathyrellaceae	Candolleomyces	Candolleomyces candolleanus		SPECIES	Candolleomyces candolleanus (Fr.) D.Wächt. & A.Melzer	Candolleomyces candolleanus		CA		Ontario	PRESENT		28eb1a3f-1c15-4a95-931a-4af90ecb574d	45.477917	-75.537534							2022-06-09T18:14:20	9	6	2022	12008655	12008655	HUMAN_OBSERVATION	iNaturalist	Observations	121031947		Lindsay Boudreau	2022-06-10T00:38:15	CC_BY_NC_4_0	Lindsay Boudreau	Lindsay Boudreau			2025-01-14T13:22:29.034Z	StillImage	COORDINATE_ROUNDED;CONTINENT_DERIVED_FROM_COORDINATES;TAXON_MATCH_TAXON_ID_IGNORED
3860188575	50c9509d-22c7-4a22-a47d-8c48425ef4a7	https://www.inaturalist.org/observations/124150799	Fungi	Basidiomycota	Agaricomycetes	Agaricales	Psathyrellaceae	Candolleomyces	Candolleomyces candolleanus		SPECIES	Candolleomyces candolleanus (Fr.) D.Wächt. & A.Melzer	Candolleomyces candolleanus		CA		Ontario	PRESENT		28eb1a3f-1c15-4a95-931a-4af90ecb574d	45.392288	-75.707787	3.0						2022-06-30T11:40:33	30	6	2022	12008655	12008655	HUMAN_OBSERVATION	iNaturalist	Observations	124150799		cinna_latifolia	2022-07-02T06:29:32	CC_BY_NC_4_0	Jay Countaway	Jay Countaway			2025-01-14T12:29:30.705Z	StillImage	COORDINATE_ROUNDED;CONTINENT_DERIVED_FROM_COORDINATES;TAXON_MATCH_TAXON_ID_IGNORED
3859945020	50c9509d-22c7-4a22-a47d-8c48425ef4a7	https://www.inaturalist.org/observations/120875213	Fungi	Basidiomycota	Agaricomycetes	Agaricales	Psathyrellaceae	Candolleomyces	Candolleomyces candolleanus		SPECIES	Candolleomyces candolleanus (Fr.) D.Wächt. & A.Melzer	Candolleomyces candolleanus		CA		Ontario	PRESENT		28eb1a3f-1c15-4a95-931a-4af90ecb574d	45.410938	-75.732584	5.0						2022-06-08T17:53:36	8	6	2022	12008655	12008655	HUMAN_OBSERVATION	iNaturalist	Observations	120875213		Andrew Macumber	2022-06-08T21:55:05	CC0_1_0	Andrew Macumber	Andrew Macumber			2025-01-14T12:31:27.980Z	StillImage	COORDINATE_ROUNDED;CONTINENT_DERIVED_FROM_COORDINATES;TAXON_MATCH_TAXON_ID_IGNORED
3858986390	50c9509d-22c7-4a22-a47d-8c48425ef4a7	https://www.inaturalist.org/observations/123717237	Fungi	Basidiomycota	Agaricomycetes	Agaricales	Psathyrellaceae	Candolleomyces	Candolleomyces candolleanus		SPECIES	Candolleomyces candolleanus (Fr.) D.Wächt. & A.Melzer	Candolleomyces candolleanus		CA		Ontario	PRESENT		28eb1a3f-1c15-4a95-931a-4af90ecb574d	45.267103	-75.815183							2022-06-27T09:37	27	6	2022	12008655	12008655	HUMAN_OBSERVATION	iNaturalist	Observations	123717237		Paula DeSanto	2022-06-27T21:29:10	CC_BY_NC_4_0	Igor Khomenko	Igor Khomenko			2025-01-14T13:24:36.373Z	StillImage	COORDINATE_ROUNDED;CONTINENT_DERIVED_FROM_COORDINATES;TAXON_MATCH_TAXON_ID_IGNORED
3858491168	50c9509d-22c7-4a22-a47d-8c48425ef4a7	https://www.inaturalist.org/observations/121136488	Fungi	Basidiomycota	Agaricomycetes	Agaricales	Psathyrellaceae	Candolleomyces	Candolleomyces candolleanus		SPECIES	Candolleomyces candolleanus (Fr.) D.Wächt. & A.Melzer	Candolleomyces candolleanus		CA		Ontario	PRESENT		28eb1a3f-1c15-4a95-931a-4af90ecb574d	45.199453	-76.238786	122.0						2022-06-10T15:38	10	6	2022	12008655	12008655	HUMAN_OBSERVATION	iNaturalist	Observations	121136488		almonteallisons	2022-06-10T20:10:34	CC_BY_NC_4_0	almonteallisons	almonteallisons			2025-01-14T13:22:30.258Z	StillImage	COORDINATE_ROUNDED;CONTINENT_DERIVED_FROM_COORDINATES;TAXON_MATCH_TAXON_ID_IGNORED
3858452065	50c9509d-22c7-4a22-a47d-8c48425ef4a7	https://www.inaturalist.org/observations/121018397	Fungi	Basidiomycota	Agaricomycetes	Agaricales	Psathyrellaceae	Candolleomyces	Candolleomyces candolleanus		SPECIES	Candolleomyces candolleanus (Fr.) D.Wächt. & A.Melzer	Candolleomyces candolleanus		CA		Ontario	PRESENT		28eb1a3f-1c15-4a95-931a-4af90ecb574d	45.406364	-75.729531	12.0						2022-06-09T18:25:42	9	6	2022	12008655	12008655	HUMAN_OBSERVATION	iNaturalist	Observations	121018397		Andrew Macumber	2022-06-09T22:26:59	CC0_1_0	Andrew Macumber	Andrew Macumber			2025-01-14T13:22:28.802Z	StillImage	COORDINATE_ROUNDED;CONTINENT_DERIVED_FROM_COORDINATES;TAXON_MATCH_TAXON_ID_IGNORED
3415483001	50c9509d-22c7-4a22-a47d-8c48425ef4a7	https://www.inaturalist.org/observations/98723433	Fungi	Basidiomycota	Agaricomycetes	Agaricales	Psathyrellaceae	Candolleomyces	Candolleomyces candolleanus		SPECIES	Candolleomyces candolleanus (Fr.) D.Wächt. & A.Melzer	Candolleomyces candolleanus		CA		Québec	PRESENT		28eb1a3f-1c15-4a95-931a-4af90ecb574d	45.455913	-73.49582	4.0						2021-10-17T12:51:30	17	10	2021	12008655	12008655	HUMAN_OBSERVATION	iNaturalist	Observations	98723433		cinna_latifolia	2021-10-23T07:05:46	CC_BY_NC_4_0	aylin_822	aylin_822			2025-01-14T13:15:03.130Z	StillImage	COORDINATE_ROUNDED;CONTINENT_DERIVED_FROM_COORDINATES;TAXON_MATCH_TAXON_ID_IGNORED
3399320435	50c9509d-22c7-4a22-a47d-8c48425ef4a7	https://www.inaturalist.org/observations/98666360	Fungi	Basidiomycota	Agaricomycetes	Agaricales	Psathyrellaceae	Candolleomyces	Candolleomyces candolleanus		SPECIES	Candolleomyces candolleanus (Fr.) D.Wächt. & A.Melzer	Candolleomyces candolleanus		CA		Québec	PRESENT		28eb1a3f-1c15-4a95-931a-4af90ecb574d	45.507102	-73.587407	407.0						2021-10-05T14:52	5	10	2021	12008655	12008655	HUMAN_OBSERVATION	iNaturalist	Observations	98666360		ariannabentz	2021-10-19T02:06:28	CC_BY_NC_4_0	ariannabentz	ariannabentz			2025-01-14T13:15:26.365Z	StillImage	COORDINATE_ROUNDED;CONTINENT_DERIVED_FROM_COORDINATES;TAXON_MATCH_TAXON_ID_IGNORED
3398766934	50c9509d-22c7-4a22-a47d-8c48425ef4a7	https://www.inaturalist.org/observations/97282015	Fungi	Basidiomycota	Agaricomycetes	Agaricales	Psathyrellaceae	Candolleomyces	Candolleomyces candolleanus		SPECIES	Candolleomyces candolleanus (Fr.) D.Wächt. & A.Melzer	Candolleomyces candolleanus		CA		Québec	PRESENT		28eb1a3f-1c15-4a95-931a-4af90ecb574d	45.507115	-73.587407	407.0						2021-10-05T14:52:46	5	10	2021	12008655	12008655	HUMAN_OBSERVATION	iNaturalist	Observations	97282015		sarawalkermcgill	2021-10-05T20:44:48	CC_BY_NC_4_0	sarawalkermcgill	sarawalkermcgill			2025-01-14T12:24:52.909Z	StillImage	COORDINATE_ROUNDED;CONTINENT_DERIVED_FROM_COORDINATES;TAXON_MATCH_TAXON_ID_IGNORED
3391311586	50c9509d-22c7-4a22-a47d-8c48425ef4a7	https://www.inaturalist.org/observations/97394927	Fungi	Basidiomycota	Agaricomycetes	Agaricales	Psathyrellaceae	Candolleomyces	Candolleomyces candolleanus		SPECIES	Candolleomyces candolleanus (Fr.) D.Wächt. & A.Melzer	Candolleomyces candolleanus		CA		Québec	PRESENT		28eb1a3f-1c15-4a95-931a-4af90ecb574d	45.512346	-73.584448	437.0						2021-10-05T15:34:19	5	10	2021	12008655	12008655	HUMAN_OBSERVATION	iNaturalist	Observations	97394927		sophiacottrill	2021-10-06T22:42:00	CC_BY_NC_4_0	sophiacottrill	sophiacottrill			2025-01-14T12:24:31.584Z	StillImage	COORDINATE_ROUNDED;CONTINENT_DERIVED_FROM_COORDINATES;TAXON_MATCH_TAXON_ID_IGNORED
3383902453	50c9509d-22c7-4a22-a47d-8c48425ef4a7	https://www.inaturalist.org/observations/48656205	Fungi	Basidiomycota	Agaricomycetes	Agaricales	Psathyrellaceae	Candolleomyces	Candolleomyces candolleanus		SPECIES	Candolleomyces candolleanus (Fr.) D.Wächt. & A.Melzer	Candolleomyces candolleanus		CA		Ontario	PRESENT		28eb1a3f-1c15-4a95-931a-4af90ecb574d	45.146114	-76.154105	6.0						2020-06-06T10:36:11	6	6	2020	12008655	12008655	HUMAN_OBSERVATION	iNaturalist	Observations	48656205		cinna_latifolia	2021-10-08T15:32:08	CC_BY_NC_4_0	davey59	davey59			2025-01-14T12:12:57.605Z	StillImage	COORDINATE_ROUNDED;CONTINENT_DERIVED_FROM_COORDINATES;TAXON_MATCH_TAXON_ID_IGNORED
3337636859	50c9509d-22c7-4a22-a47d-8c48425ef4a7	https://www.inaturalist.org/observations/91182049	Fungi	Basidiomycota	Agaricomycetes	Agaricales	Psathyrellaceae	Candolleomyces	Candolleomyces candolleanus		SPECIES	Candolleomyces candolleanus (Fr.) D.Wächt. & A.Melzer	Candolleomyces candolleanus		CA		Québec	PRESENT		28eb1a3f-1c15-4a95-931a-4af90ecb574d	45.289167	-74.1775							2021-08-14T17:33:10	14	8	2021	12008655	12008655	HUMAN_OBSERVATION	iNaturalist	Observations	91182049		Elissa	2021-08-14T22:01:39	CC_BY_NC_4_0	Elissa	Elissa			2025-01-14T12:21:15.880Z	StillImage	COORDINATE_ROUNDED;CONTINENT_DERIVED_FROM_COORDINATES;TAXON_MATCH_TAXON_ID_IGNORED
3325826632	50c9509d-22c7-4a22-a47d-8c48425ef4a7	https://www.inaturalist.org/observations/85343660	Fungi	Basidiomycota	Agaricomycetes	Agaricales	Psathyrellaceae	Candolleomyces	Candolleomyces candolleanus		SPECIES	Candolleomyces candolleanus (Fr.) D.Wächt. & A.Melzer	Candolleomyces candolleanus		CA		Ontario	PRESENT		28eb1a3f-1c15-4a95-931a-4af90ecb574d	45.563178	-74.398575	5008.0						2021-07-02T11:15:01	2	7	2021	12008655	12008655	HUMAN_OBSERVATION	iNaturalist	Observations	85343660		Jonathan Steele	2021-07-02T15:17:36	CC_BY_NC_4_0	Jonathan Steele	Jonathan Steele			2025-01-14T12:19:29.655Z	StillImage	COORDINATE_ROUNDED;CONTINENT_DERIVED_FROM_COORDINATES;TAXON_MATCH_TAXON_ID_IGNORED
3321199382	50c9509d-22c7-4a22-a47d-8c48425ef4a7	https://www.inaturalist.org/observations/55923461	Fungi	Basidiomycota	Agaricomycetes	Agaricales	Psathyrellaceae	Candolleomyces	Candolleomyces candolleanus		SPECIES	Candolleomyces candolleanus (Fr.) D.Wächt. & A.Melzer	Candolleomyces candolleanus		CA		Ontario	PRESENT		28eb1a3f-1c15-4a95-931a-4af90ecb574d	45.387088	-75.703204	15.0						2020-08-09T08:38	9	8	2020	12008655	12008655	HUMAN_OBSERVATION	iNaturalist	Observations	55923461		M. Squire	2021-01-13T02:38:33	CC0_1_0	M. Squire	M. Squire			2025-01-14T13:09:45.509Z	StillImage	COORDINATE_ROUNDED;CONTINENT_DERIVED_FROM_COORDINATES;TAXON_MATCH_TAXON_ID_IGNORED
3321073055	50c9509d-22c7-4a22-a47d-8c48425ef4a7	https://www.inaturalist.org/observations/84770100	Fungi	Basidiomycota	Agaricomycetes	Agaricales	Psathyrellaceae	Candolleomyces	Candolleomyces candolleanus		SPECIES	Candolleomyces candolleanus (Fr.) D.Wächt. & A.Melzer	Candolleomyces candolleanus		CA		Ontario	PRESENT		28eb1a3f-1c15-4a95-931a-4af90ecb574d	45.467315	-75.510286	40.0						2021-06-27T13:44	27	6	2021	12008655	12008655	HUMAN_OBSERVATION	iNaturalist	Observations	84770100		jonathan_mack	2021-06-27T21:59:21	CC_BY_NC_4_0	jonathan_mack	jonathan_mack			2025-01-14T12:18:52.181Z	StillImage	COORDINATE_ROUNDED;CONTINENT_DERIVED_FROM_COORDINATES;TAXON_MATCH_TAXON_ID_IGNORED
3320898015	50c9509d-22c7-4a22-a47d-8c48425ef4a7	https://www.inaturalist.org/observations/84731549	Fungi	Basidiomycota	Agaricomycetes	Agaricales	Psathyrellaceae	Candolleomyces	Candolleomyces candolleanus		SPECIES	Candolleomyces candolleanus (Fr.) D.Wächt. & A.Melzer	Candolleomyces candolleanus		CA		Ontario	PRESENT		28eb1a3f-1c15-4a95-931a-4af90ecb574d	45.273365	-75.910152	65.0						2021-06-27T13:38:54	27	6	2021	12008655	12008655	HUMAN_OBSERVATION	iNaturalist	Observations	84731549		deke2018	2021-06-27T17:39:18	CC_BY_NC_4_0	deke2018	deke2018			2025-01-14T13:10:27.518Z	StillImage	COORDINATE_ROUNDED;CONTINENT_DERIVED_FROM_COORDINATES;TAXON_MATCH_TAXON_ID_IGNORED
3314539412	50c9509d-22c7-4a22-a47d-8c48425ef4a7	https://www.inaturalist.org/observations/84244265	Fungi	Basidiomycota	Agaricomycetes	Agaricales	Psathyrellaceae	Candolleomyces	Candolleomyces candolleanus		SPECIES	Candolleomyces candolleanus (Fr.) D.Wächt. & A.Melzer	Candolleomyces candolleanus		CA		Ontario	PRESENT		28eb1a3f-1c15-4a95-931a-4af90ecb574d	45.393723	-75.70691	31.0						2021-06-23T13:14	23	6	2021	12008655	12008655	HUMAN_OBSERVATION	iNaturalist	Observations	84244265		jonathan_mack	2021-06-23T23:31:07	CC_BY_NC_4_0	jonathan_mack	jonathan_mack			2025-01-14T13:13:02.738Z	StillImage	COORDINATE_ROUNDED;CONTINENT_DERIVED_FROM_COORDINATES;TAXON_MATCH_TAXON_ID_IGNORED
3314535470	50c9509d-22c7-4a22-a47d-8c48425ef4a7	https://www.inaturalist.org/observations/84244264	Fungi	Basidiomycota	Agaricomycetes	Agaricales	Psathyrellaceae	Candolleomyces	Candolleomyces candolleanus		SPECIES	Candolleomyces candolleanus (Fr.) D.Wächt. & A.Melzer	Candolleomyces candolleanus		CA		Ontario	PRESENT		28eb1a3f-1c15-4a95-931a-4af90ecb574d	45.393978	-75.707808							2021-06-23T13:09	23	6	2021	12008655	12008655	HUMAN_OBSERVATION	iNaturalist	Observations	84244264		jonathan_mack	2021-06-23T23:31:07	CC_BY_NC_4_0	jonathan_mack	jonathan_mack			2025-01-14T13:13:27.828Z	StillImage	COORDINATE_ROUNDED;CONTINENT_DERIVED_FROM_COORDINATES;TAXON_MATCH_TAXON_ID_IGNORED
3031662839	50c9509d-22c7-4a22-a47d-8c48425ef4a7	https://www.inaturalist.org/observations/51154153	Fungi	Basidiomycota	Agaricomycetes	Agaricales	Psathyrellaceae	Candolleomyces	Candolleomyces candolleanus		SPECIES	Candolleomyces candolleanus (Fr.) D.Wächt. & A.Melzer	Candolleomyces candolleanus		CA		Québec	PRESENT		28eb1a3f-1c15-4a95-931a-4af90ecb574d	46.438129	-71.023391	19.0						2020-06-27T22:04:22Z	27	6	2020	12008655	12008655	HUMAN_OBSERVATION	iNaturalist	Observations	51154153		juesyl	2021-01-13T02:12:34	CC_BY_NC_4_0	juesyl	juesyl			2025-01-14T13:06:44.643Z	StillImage	COORDINATE_ROUNDED;CONTINENT_DERIVED_FROM_COORDINATES;TAXON_MATCH_TAXON_ID_IGNORED
2856718467	50c9509d-22c7-4a22-a47d-8c48425ef4a7	https://www.inaturalist.org/observations/55858909	Fungi	Basidiomycota	Agaricomycetes	Agaricales	Psathyrellaceae	Candolleomyces	Candolleomyces candolleanus		SPECIES	Candolleomyces candolleanus (Fr.) D.Wächt. & A.Melzer	Candolleomyces candolleanus		CA		Ontario	PRESENT		28eb1a3f-1c15-4a95-931a-4af90ecb574d	45.359399	-75.297028	961.0						2020-08-06T16:16:17	6	8	2020	12008655	12008655	HUMAN_OBSERVATION	iNaturalist	Observations	55858909		Lynn Ovenden	2021-01-13T02:38:27	CC_BY_NC_4_0	Lynn Ovenden	Lynn Ovenden			2025-01-14T13:09:34.998Z	StillImage	COORDINATE_ROUNDED;CONTINENT_DERIVED_FROM_COORDINATES;TAXON_MATCH_TAXON_ID_IGNORED
2826190740	50c9509d-22c7-4a22-a47d-8c48425ef4a7	https://www.inaturalist.org/observations/54119157	Fungi	Basidiomycota	Agaricomycetes	Agaricales	Psathyrellaceae	Candolleomyces	Candolleomyces candolleanus		SPECIES	Candolleomyces candolleanus (Fr.) D.Wächt. & A.Melzer	Candolleomyces candolleanus		CA		Ontario	PRESENT		28eb1a3f-1c15-4a95-931a-4af90ecb574d	45.457267	-75.467351	4.0						2020-07-23T19:00	23	7	2020	12008655	12008655	HUMAN_OBSERVATION	iNaturalist	Observations	54119157		jonathan_mack	2021-01-13T02:36:41	CC_BY_NC_4_0	jonathan_mack	jonathan_mack			2025-01-14T13:09:00.204Z	StillImage	COORDINATE_ROUNDED;CONTINENT_DERIVED_FROM_COORDINATES;TAXON_MATCH_TAXON_ID_IGNORED
2423614574	21705170-d2b6-42de-8904-c3bca4b83591	CMMF020525	Fungi	Basidiomycota	Agaricomycetes	Agaricales	Psathyrellaceae	Candolleomyces	Candolleomyces candolleanus		SPECIES	Psathyrella candolleana (Fr.) Maire	Psathyrella candolleana (Fr.) Maire	(Fr.) Maire	CA	Île des sœurs	Quebec	PRESENT		ff7bd5db-b724-4932-b496-10ea298851f9	45.455315	-73.551782	500.0						1980-07-04	4	7	1980	9201176	12008655	PRESERVED_SPECIMEN	Université de Montréal Biodiversity Centre	CMMF	CMMF020525	1980-53c	McNeil, Raymond		CC0_1_0	Université de Montréal Biodiversity Centre	Haméon, G.			2024-01-24T16:38:15.993Z		INSTITUTION_MATCH_FUZZY;COLLECTION_MATCH_FUZZY;DIFFERENT_OWNER_INSTITUTION
2423613066	21705170-d2b6-42de-8904-c3bca4b83591	CMMF020524	Fungi	Basidiomycota	Agaricomycetes	Agaricales	Psathyrellaceae	Candolleomyces	Candolleomyces candolleanus		SPECIES	Psathyrella candolleana (Fr.) Maire	Psathyrella candolleana (Fr.) Maire	(Fr.) Maire	CA	Saraguay	Quebec	PRESENT		ff7bd5db-b724-4932-b496-10ea298851f9	45.515803	-73.739874	600.0						1980-06-12	12	6	1980	9201176	12008655	PRESERVED_SPECIMEN	Université de Montréal Biodiversity Centre	CMMF	CMMF020524	1980-53b	McNeil, Raymond		CC0_1_0	Université de Montréal Biodiversity Centre	Haméon, G.			2024-01-24T16:38:15.990Z		INSTITUTION_MATCH_FUZZY;COLLECTION_MATCH_FUZZY;DIFFERENT_OWNER_INSTITUTION
2423612159	21705170-d2b6-42de-8904-c3bca4b83591	CMMF020523	Fungi	Basidiomycota	Agaricomycetes	Agaricales	Psathyrellaceae	Candolleomyces	Candolleomyces candolleanus		SPECIES	Psathyrella candolleana (Fr.) Maire	Psathyrella candolleana (Fr.) Maire	(Fr.) Maire	CA	Arboretum Morgan A	Quebec	PRESENT		ff7bd5db-b724-4932-b496-10ea298851f9	45.42994	-73.949282	500.0						1980-05-11	11	5	1980	9201176	12008655	PRESERVED_SPECIMEN	Université de Montréal Biodiversity Centre	CMMF	CMMF020523	1980-53	McNeil, Raymond		CC0_1_0	Université de Montréal Biodiversity Centre	Haméon, G.			2024-01-24T16:38:15.992Z		INSTITUTION_MATCH_FUZZY;COLLECTION_MATCH_FUZZY;DIFFERENT_OWNER_INSTITUTION
2422890947	50c9509d-22c7-4a22-a47d-8c48425ef4a7	https://www.inaturalist.org/observations/31851528	Fungi	Basidiomycota	Agaricomycetes	Agaricales	Psathyrellaceae	Candolleomyces	Candolleomyces candolleanus		SPECIES	Candolleomyces candolleanus (Fr.) D.Wächt. & A.Melzer	Candolleomyces candolleanus		CA		Ontario	PRESENT		28eb1a3f-1c15-4a95-931a-4af90ecb574d	45.264991	-79.190196	5.0						2019-08-31T11:38:30	31	8	2019	12008655	12008655	HUMAN_OBSERVATION	iNaturalist	Observations	31851528		mycowalt	2021-01-13T01:15:39	CC_BY_NC_4_0	alexisberry	alexisberry			2025-01-14T12:09:47.031Z	StillImage	COORDINATE_ROUNDED;CONTINENT_DERIVED_FROM_COORDINATES;TAXON_MATCH_TAXON_ID_IGNORED
2273223923	50c9509d-22c7-4a22-a47d-8c48425ef4a7	https://www.inaturalist.org/observations/27363551	Fungi	Basidiomycota	Agaricomycetes	Agaricales	Psathyrellaceae	Candolleomyces	Candolleomyces candolleanus		SPECIES	Candolleomyces candolleanus (Fr.) D.Wächt. & A.Melzer	Candolleomyces candolleanus		CA		Ontario	PRESENT		28eb1a3f-1c15-4a95-931a-4af90ecb574d	45.386936	-75.730216							2019-06-17T19:27	17	6	2019	12008655	12008655	HUMAN_OBSERVATION	iNaturalist	Observations	27363551		Ryan Patrick	2021-01-13T01:11:18	CC_BY_NC_4_0	Serguei Ponomarenko	Serguei Ponomarenko			2025-01-14T12:59:06.169Z	StillImage	COORDINATE_ROUNDED;CONTINENT_DERIVED_FROM_COORDINATES;TAXON_MATCH_TAXON_ID_IGNORED
1880494486	50c9509d-22c7-4a22-a47d-8c48425ef4a7	https://www.inaturalist.org/observations/13499884	Fungi	Basidiomycota	Agaricomycetes	Agaricales	Psathyrellaceae	Candolleomyces	Candolleomyces candolleanus		SPECIES	Candolleomyces candolleanus (Fr.) D.Wächt. & A.Melzer	Candolleomyces candolleanus		CA		Nova Scotia	PRESENT		28eb1a3f-1c15-4a95-931a-4af90ecb574d	45.086797	-64.3615	63.0						2018-06-16T13:55	16	6	2018	12008655	12008655	HUMAN_OBSERVATION	iNaturalist	Observations	13499884		John Plischke	2021-01-13T00:20:36	CC_BY_NC_4_0	Nick Belliveau	Nick Belliveau			2025-01-14T12:05:16.968Z	StillImage	COORDINATE_ROUNDED;CONTINENT_DERIVED_FROM_COORDINATES;TAXON_MATCH_TAXON_ID_IGNORED
1847647333	50c9509d-22c7-4a22-a47d-8c48425ef4a7	https://www.inaturalist.org/observations/9593696	Fungi	Basidiomycota	Agaricomycetes	Agaricales	Psathyrellaceae	Candolleomyces	Candolleomyces candolleanus		SPECIES	Candolleomyces candolleanus (Fr.) D.Wächt. & A.Melzer	Candolleomyces candolleanus		CA		Ontario	PRESENT		28eb1a3f-1c15-4a95-931a-4af90ecb574d	45.36445	-75.6968	24499.0						2017-06-23	23	6	2017	12008655	12008655	HUMAN_OBSERVATION	iNaturalist	Observations	9593696		mycowalt	2021-01-12T23:54:04	CC_BY_NC_4_0	mycowalt	mycowalt			2025-01-14T12:04:34.825Z	StillImage	CONTINENT_DERIVED_FROM_COORDINATES;TAXON_MATCH_TAXON_ID_IGNORED
1807260430	e8a25a42-f125-476c-8554-3ec21cd51a84	ACAD:117121	Fungi	Basidiomycota	Agaricomycetes	Agaricales	Psathyrellaceae	Candolleomyces	Candolleomyces candolleanus		SPECIES	Psathyrella candolleana (Fr.) Maire	Psathyrella candolleana (Fr.) Maire	(Fr.) Maire	CA	Kentville	Nova Scotia	PRESENT		6491ad8c-8e49-4bd4-a089-0ddb3bbe0890	45.07662	-64.49592							1953-06-18	18	6	1953	9201176	12008655	PRESERVED_SPECIMEN	Acadia University	ACAD	5388F	5388			CC0_1_0	Acadia University	H, KA			2024-01-25T01:37:12.313Z	StillImage	GEODETIC_DATUM_INVALID;GEODETIC_DATUM_ASSUMED_WGS84;TAXON_MATCH_TAXON_ID_IGNORED;INSTITUTION_MATCH_FUZZY;COLLECTION_MATCH_FUZZY
1807256282	e8a25a42-f125-476c-8554-3ec21cd51a84	ACAD:112825	Fungi	Basidiomycota	Agaricomycetes	Agaricales	Psathyrellaceae	Candolleomyces	Candolleomyces candolleanus		SPECIES	Psathyrella candolleana (Fr.) Maire	Psathyrella candolleana (Fr.) Maire	(Fr.) Maire	CA	(Kentville)	Nova Scotia	PRESENT		6491ad8c-8e49-4bd4-a089-0ddb3bbe0890	45.07662	-64.49592							1932-08-14	14	8	1932	9201176	12008655	PRESERVED_SPECIMEN	Acadia University	ACAD	316F	316			CC0_1_0	Acadia University	H, KA			2024-01-25T01:37:10.702Z	StillImage	GEODETIC_DATUM_INVALID;GEODETIC_DATUM_ASSUMED_WGS84;TAXON_MATCH_TAXON_ID_IGNORED;INSTITUTION_MATCH_FUZZY;COLLECTION_MATCH_FUZZY
1571090181	50c9509d-22c7-4a22-a47d-8c48425ef4a7	https://www.inaturalist.org/observations/6495238	Fungi	Basidiomycota	Agaricomycetes	Agaricales	Psathyrellaceae	Candolleomyces	Candolleomyces candolleanus		SPECIES	Candolleomyces candolleanus (Fr.) D.Wächt. & A.Melzer	Candolleomyces candolleanus		CA		Québec	PRESENT		28eb1a3f-1c15-4a95-931a-4af90ecb574d	45.98544	-74.00702							2017-06-04T12:51	4	6	2017	12008655	12008655	HUMAN_OBSERVATION	iNaturalist	Observations	6495238		mayafav	2021-01-12T23:49:36	CC_BY_NC_4_0	mayafav	mayafav			2025-01-14T12:03:27.909Z	StillImage	CONTINENT_DERIVED_FROM_COORDINATES;TAXON_MATCH_TAXON_ID_IGNORED
1412709015	21705170-d2b6-42de-8904-c3bca4b83591	CMMF017530	Fungi	Basidiomycota	Agaricomycetes	Agaricales	Psathyrellaceae	Candolleomyces	Candolleomyces candolleanus		SPECIES	Psathyrella candolleana (Fr.) Maire	Psathyrella candolleana (Fr.) Maire	(Fr.) Maire	CA	Île des Soeurs, Québec.	Québec	PRESENT		ff7bd5db-b724-4932-b496-10ea298851f9	45.461124	-73.547316	2000.0						1980-07-04	4	7	1980	9201176	12008655	PRESERVED_SPECIMEN	Université de Montréal Biodiversity Centre	CMMF	CMMF017530	1980-53d	McNeil, Raymond		CC0_1_0	Université de Montréal Biodiversity Centre	Haméon, G.			2024-01-24T16:38:15.774Z		INSTITUTION_MATCH_FUZZY;COLLECTION_MATCH_FUZZY;DIFFERENT_OWNER_INSTITUTION
1412708879	21705170-d2b6-42de-8904-c3bca4b83591	CMMF017339	Fungi	Basidiomycota	Agaricomycetes	Agaricales	Psathyrellaceae	Candolleomyces	Candolleomyces candolleanus		SPECIES	Psathyrella candolleana (Fr.) Maire	Psathyrella candolleana (Fr.) Maire	(Fr.) Maire	CA	Saraguay, Québec.	Québec	PRESENT		ff7bd5db-b724-4932-b496-10ea298851f9	45.514983	-73.741417	1000.0						1981-07-22	22	7	1981	9201176	12008655	PRESERVED_SPECIMEN	Université de Montréal Biodiversity Centre	CMMF	CMMF017339	1981-133	McNeil, Raymond		CC0_1_0	Université de Montréal Biodiversity Centre	Cyr, A.			2024-01-24T16:38:15.693Z		INSTITUTION_MATCH_FUZZY;COLLECTION_MATCH_FUZZY;DIFFERENT_OWNER_INSTITUTION
1412708720	21705170-d2b6-42de-8904-c3bca4b83591	CMMF017230	Fungi	Basidiomycota	Agaricomycetes	Agaricales	Psathyrellaceae	Candolleomyces	Candolleomyces candolleanus		SPECIES	Psathyrella candolleana (Fr.) Maire	Psathyrella candolleana (Fr.) Maire	(Fr.) Maire	CA	Cap Saint-Jacques, Québec.	Québec	PRESENT		ff7bd5db-b724-4932-b496-10ea298851f9	45.465391	-73.920995	4000.0						1981-06-26	26	6	1981	9201176	12008655	PRESERVED_SPECIMEN	Université de Montréal Biodiversity Centre	CMMF	CMMF017230	1981-61	McNeil, Raymond		CC0_1_0	Université de Montréal Biodiversity Centre	Cyr, A.			2024-01-24T16:38:14.832Z		INSTITUTION_MATCH_FUZZY;COLLECTION_MATCH_FUZZY;DIFFERENT_OWNER_INSTITUTION
1412705852	21705170-d2b6-42de-8904-c3bca4b83591	CMMF014349	Fungi	Basidiomycota	Agaricomycetes	Agaricales	Psathyrellaceae	Candolleomyces	Candolleomyces candolleanus		SPECIES	Psathyrella candolleana (Fr.) Maire	Psathyrella candolleana (Fr.) Maire	(Fr.) Maire	CA	Chicoutimi, Québec.	Québec	PRESENT		ff7bd5db-b724-4932-b496-10ea298851f9	48.368277	-71.119642	15000.0						1992-06-29	29	6	1992	9201176	12008655	PRESERVED_SPECIMEN	Université de Montréal Biodiversity Centre	CMMF	CMMF014349	2368	Guérin, Gérard		CC0_1_0	Université de Montréal Biodiversity Centre	Guérin, Gérard			2024-01-24T16:38:19.528Z	StillImage	INSTITUTION_MATCH_FUZZY;COLLECTION_MATCH_FUZZY;DIFFERENT_OWNER_INSTITUTION
1412705826	21705170-d2b6-42de-8904-c3bca4b83591	CMMF014350	Fungi	Basidiomycota	Agaricomycetes	Agaricales	Psathyrellaceae	Candolleomyces	Candolleomyces candolleanus		SPECIES	Psathyrella candolleana (Fr.) Maire	Psathyrella candolleana (Fr.) Maire	(Fr.) Maire	CA	Chicoutimi, Québec.	Québec	PRESENT		ff7bd5db-b724-4932-b496-10ea298851f9	48.368277	-71.119642	15000.0						1994-07-02	2	7	1994	9201176	12008655	PRESERVED_SPECIMEN	Université de Montréal Biodiversity Centre	CMMF	CMMF014350	2369	Guérin, Gérard		CC0_1_0	Université de Montréal Biodiversity Centre	Guérin, Gérard			2024-01-24T16:38:19.528Z	StillImage	INSTITUTION_MATCH_FUZZY;COLLECTION_MATCH_FUZZY;DIFFERENT_OWNER_INSTITUTION
1135070896	21705170-d2b6-42de-8904-c3bca4b83591	CMMF009438	Fungi	Basidiomycota	Agaricomycetes	Agaricales	Psathyrellaceae	Candolleomyces	Candolleomyces candolleanus		SPECIES	Psathyrella candolleana (Fr.) Maire	Psathyrella candolleana (Fr.) Maire	(Fr.) Maire	CA	210 de l'Éperon, cour arrière, Lac-Beauport.	Québec	PRESENT		ff7bd5db-b724-4932-b496-10ea298851f9	46.964353	-71.306427	100.0						2007-06-19	19	6	2007	9201176	12008655	PRESERVED_SPECIMEN	Université de Montréal Biodiversity Centre	CMMF	CMMF009438	1022	Labrecque, Jacqueline		CC0_1_0	Université de Montréal Biodiversity Centre	Labbé, Roland			2024-01-24T16:38:21.657Z		INSTITUTION_MATCH_FUZZY;COLLECTION_MATCH_FUZZY;DIFFERENT_OWNER_INSTITUTION
1135070888	21705170-d2b6-42de-8904-c3bca4b83591	CMMF009503	Fungi	Basidiomycota	Agaricomycetes	Agaricales	Psathyrellaceae	Candolleomyces	Candolleomyces candolleanus		SPECIES	Psathyrella candolleana (Fr.) Maire	Psathyrella candolleana (Fr.) Maire	(Fr.) Maire	CA	Parc des Moulins, Québec.	Québec	PRESENT		ff7bd5db-b724-4932-b496-10ea298851f9	46.887678	-71.301288	600.0						2007-07-12	12	7	2007	9201176	12008655	PRESERVED_SPECIMEN	Université de Montréal Biodiversity Centre	CMMF	CMMF009503	1087	Labrecque, Jacqueline		CC0_1_0	Université de Montréal Biodiversity Centre	Labrecque, Jacqueline			2024-01-24T16:38:21.729Z		INSTITUTION_MATCH_FUZZY;COLLECTION_MATCH_FUZZY;DIFFERENT_OWNER_INSTITUTION
1135070845	21705170-d2b6-42de-8904-c3bca4b83591	CMMF009449	Fungi	Basidiomycota	Agaricomycetes	Agaricales	Psathyrellaceae	Candolleomyces	Candolleomyces candolleanus		SPECIES	Psathyrella candolleana (Fr.) Maire	Psathyrella candolleana (Fr.) Maire	(Fr.) Maire	CA	Parc des Moulins, Québec.	Québec	PRESENT		ff7bd5db-b724-4932-b496-10ea298851f9	46.887678	-71.301288	600.0						2007-06-28	28	6	2007	9201176	12008655	PRESERVED_SPECIMEN	Université de Montréal Biodiversity Centre	CMMF	CMMF009449	1033	Labrecque, Jacqueline		CC0_1_0	Université de Montréal Biodiversity Centre	Labrecque, Jacqueline			2024-01-24T16:38:21.653Z		INSTITUTION_MATCH_FUZZY;COLLECTION_MATCH_FUZZY;DIFFERENT_OWNER_INSTITUTION
1135070103	21705170-d2b6-42de-8904-c3bca4b83591	CMMF008663	Fungi	Basidiomycota	Agaricomycetes	Agaricales	Psathyrellaceae	Candolleomyces	Candolleomyces candolleanus		SPECIES	Psathyrella candolleana (Fr.) Maire	Psathyrella candolleana (Fr.) Maire	(Fr.) Maire	CA	Sentier Container Ouest, Lac-Beauport.	Québec	PRESENT		ff7bd5db-b724-4932-b496-10ea298851f9	46.953091	-71.275238	5000.0						2006-06-26	26	6	2006	9201176	12008655	PRESERVED_SPECIMEN	Université de Montréal Biodiversity Centre	CMMF	CMMF008663	242	Labrecque, Jacqueline		CC0_1_0	Université de Montréal Biodiversity Centre	Labrecque, Jacqueline			2024-01-24T16:38:17.971Z		INSTITUTION_MATCH_FUZZY;COLLECTION_MATCH_FUZZY;DIFFERENT_OWNER_INSTITUTION
1135070077	21705170-d2b6-42de-8904-c3bca4b83591	CMMF008639	Fungi	Basidiomycota	Agaricomycetes	Agaricales	Psathyrellaceae	Candolleomyces	Candolleomyces candolleanus		SPECIES	Psathyrella candolleana (Fr.) Maire	Psathyrella candolleana (Fr.) Maire	(Fr.) Maire	CA	210 de l'Éperon, plate bande arrière, Lac-Beauport.	Québec	PRESENT		ff7bd5db-b724-4932-b496-10ea298851f9	46.964353	-71.306427	100.0						2006-06-17	17	6	2006	9201176	12008655	PRESERVED_SPECIMEN	Université de Montréal Biodiversity Centre	CMMF	CMMF008639	215	Labrecque, Jacqueline		CC0_1_0	Université de Montréal Biodiversity Centre	Labrecque, Jacqueline			2024-01-24T16:38:17.962Z	StillImage	INSTITUTION_MATCH_FUZZY;COLLECTION_MATCH_FUZZY;DIFFERENT_OWNER_INSTITUTION
1135070010	21705170-d2b6-42de-8904-c3bca4b83591	CMMF008617	Fungi	Basidiomycota	Agaricomycetes	Agaricales	Psathyrellaceae	Candolleomyces	Candolleomyces candolleanus		SPECIES	Psathyrella candolleana (Fr.) Maire	Psathyrella candolleana (Fr.) Maire	(Fr.) Maire	CA	Plate-bande arrière du 210 de l'Éperon, Lac-Beauport.	Québec	PRESENT		ff7bd5db-b724-4932-b496-10ea298851f9	46.964353	-71.306427	100.0						2006-06-06	6	6	2006	9201176	12008655	PRESERVED_SPECIMEN	Université de Montréal Biodiversity Centre	CMMF	CMMF008617	192	Labrecque, Jacqueline		CC0_1_0	Université de Montréal Biodiversity Centre	Labrecque, Jacqueline			2024-01-24T16:38:17.955Z	StillImage	INSTITUTION_MATCH_FUZZY;COLLECTION_MATCH_FUZZY;DIFFERENT_OWNER_INSTITUTION
1135068763	21705170-d2b6-42de-8904-c3bca4b83591	CMMF007303	Fungi	Basidiomycota	Agaricomycetes	Agaricales	Psathyrellaceae	Candolleomyces	Candolleomyces candolleanus		SPECIES	Psathyrella candolleana (Fr.) Maire	Psathyrella candolleana (Fr.) Maire	(Fr.) Maire	CA	St-Michel-de-Wentworth	Québec	PRESENT		ff7bd5db-b724-4932-b496-10ea298851f9	45.75925	-74.483883	100.0						1979-06-16	16	6	1979	9201176	12008655	PRESERVED_SPECIMEN	Université de Montréal Biodiversity Centre	CMMF	CMMF007303	Inexistant	McNeil, Raymond		CC0_1_0	Université de Montréal Biodiversity Centre	McNeil, Raymond			2024-01-24T16:38:21.418Z	StillImage	COORDINATE_ROUNDED;INSTITUTION_MATCH_FUZZY;COLLECTION_MATCH_FUZZY;DIFFERENT_OWNER_INSTITUTION
1135067888	21705170-d2b6-42de-8904-c3bca4b83591	CMMF006373	Fungi	Basidiomycota	Agaricomycetes	Agaricales	Psathyrellaceae	Candolleomyces	Candolleomyces candolleanus		SPECIES	Psathyrella candolleana (Fr.) Maire	Psathyrella candolleana (Fr.) Maire	(Fr.) Maire	CA	Châteauguay	Québec	PRESENT		ff7bd5db-b724-4932-b496-10ea298851f9	45.3731	-73.737433	100.0						2012-07-29	29	7	2012	9201176	12008655	PRESERVED_SPECIMEN	Université de Montréal Biodiversity Centre	CMMF	CMMF006373	C4020	McNeil, Raymond		CC0_1_0	Université de Montréal Biodiversity Centre	McNeil, Raymond			2024-01-24T16:38:19.061Z	StillImage	COORDINATE_ROUNDED;INSTITUTION_MATCH_FUZZY;COLLECTION_MATCH_FUZZY;DIFFERENT_OWNER_INSTITUTION
1135067814	21705170-d2b6-42de-8904-c3bca4b83591	CMMF006380	Fungi	Basidiomycota	Agaricomycetes	Agaricales	Psathyrellaceae	Candolleomyces	Candolleomyces candolleanus		SPECIES	Psathyrella candolleana (Fr.) Maire	Psathyrella candolleana (Fr.) Maire	(Fr.) Maire	CA	Châteauguay	Québec	PRESENT		ff7bd5db-b724-4932-b496-10ea298851f9	45.3731	-73.737433	100.0						2010-06-11	11	6	2010	9201176	12008655	PRESERVED_SPECIMEN	Université de Montréal Biodiversity Centre	CMMF	CMMF006380	C3636	McNeil, Raymond		CC0_1_0	Université de Montréal Biodiversity Centre	McNeil, Raymond			2024-01-24T16:38:19.051Z	StillImage	COORDINATE_ROUNDED;INSTITUTION_MATCH_FUZZY;COLLECTION_MATCH_FUZZY;DIFFERENT_OWNER_INSTITUTION
1135067799	21705170-d2b6-42de-8904-c3bca4b83591	CMMF006374	Fungi	Basidiomycota	Agaricomycetes	Agaricales	Psathyrellaceae	Candolleomyces	Candolleomyces candolleanus		SPECIES	Psathyrella candolleana (Fr.) Maire	Psathyrella candolleana (Fr.) Maire	(Fr.) Maire	CA	Châteauguay	Québec	PRESENT		ff7bd5db-b724-4932-b496-10ea298851f9	45.3731	-73.737433	100.0						2012-09-29	29	9	2012	9201176	12008655	PRESERVED_SPECIMEN	Université de Montréal Biodiversity Centre	CMMF	CMMF006374	C4118	McNeil, Raymond		CC0_1_0	Université de Montréal Biodiversity Centre	McNeil, Raymond			2024-01-24T16:38:19.085Z	StillImage	COORDINATE_ROUNDED;INSTITUTION_MATCH_FUZZY;COLLECTION_MATCH_FUZZY;DIFFERENT_OWNER_INSTITUTION
1135067555	21705170-d2b6-42de-8904-c3bca4b83591	CMMF006057	Fungi	Basidiomycota	Agaricomycetes	Agaricales	Psathyrellaceae	Candolleomyces	Candolleomyces candolleanus		SPECIES	Psathyrella candolleana (Fr.) Maire	Psathyrella candolleana (Fr.) Maire	(Fr.) Maire	CA	Châteauguay	Québec	PRESENT		ff7bd5db-b724-4932-b496-10ea298851f9	45.349833	-73.771	100.0						2005-07-08	8	7	2005	9201176	12008655	PRESERVED_SPECIMEN	Université de Montréal Biodiversity Centre	CMMF	CMMF006057	C2195	McNeil, Raymond		CC0_1_0	Université de Montréal Biodiversity Centre	McNeil, Raymond			2024-01-24T16:38:17.936Z	StillImage	COORDINATE_ROUNDED;INSTITUTION_MATCH_FUZZY;COLLECTION_MATCH_FUZZY;DIFFERENT_OWNER_INSTITUTION
1135067509	21705170-d2b6-42de-8904-c3bca4b83591	CMMF006056	Fungi	Basidiomycota	Agaricomycetes	Agaricales	Psathyrellaceae	Candolleomyces	Candolleomyces candolleanus		SPECIES	Psathyrella candolleana (Fr.) Maire	Psathyrella candolleana (Fr.) Maire	(Fr.) Maire	CA	Châteauguay	Québec	PRESENT		ff7bd5db-b724-4932-b496-10ea298851f9	45.349833	-73.771	100.0						2008-06-27	27	6	2008	9201176	12008655	PRESERVED_SPECIMEN	Université de Montréal Biodiversity Centre	CMMF	CMMF006056	C3252	McNeil, Raymond		CC0_1_0	Université de Montréal Biodiversity Centre	McNeil, Raymond			2024-01-24T16:38:17.935Z	StillImage	COORDINATE_ROUNDED;INSTITUTION_MATCH_FUZZY;COLLECTION_MATCH_FUZZY;DIFFERENT_OWNER_INSTITUTION
1135067422	21705170-d2b6-42de-8904-c3bca4b83591	CMMF005955	Fungi	Basidiomycota	Agaricomycetes	Agaricales	Psathyrellaceae	Candolleomyces	Candolleomyces candolleanus		SPECIES	Psathyrella candolleana (Fr.) Maire	Psathyrella candolleana (Fr.) Maire	(Fr.) Maire	CA	Châteauguay (Centre écologique Fernand-Seguin)	Québec	PRESENT		ff7bd5db-b724-4932-b496-10ea298851f9	45.33983	-73.773917	100.0						2010-07-01	1	7	2010	9201176	12008655	PRESERVED_SPECIMEN	Université de Montréal Biodiversity Centre	CMMF	CMMF005955	C3650	McNeil, Raymond		CC0_1_0	Université de Montréal Biodiversity Centre	McNeil, Raymond			2024-01-24T16:38:16.938Z	StillImage	COORDINATE_ROUNDED;INSTITUTION_MATCH_FUZZY;COLLECTION_MATCH_FUZZY;DIFFERENT_OWNER_INSTITUTION
1135067377	21705170-d2b6-42de-8904-c3bca4b83591	CMMF005954	Fungi	Basidiomycota	Agaricomycetes	Agaricales	Psathyrellaceae	Candolleomyces	Candolleomyces candolleanus		SPECIES	Psathyrella candolleana (Fr.) Maire	Psathyrella candolleana (Fr.) Maire	(Fr.) Maire	CA	Châteauguay (Centre écologique Fernand-Seguin)	Québec	PRESENT		ff7bd5db-b724-4932-b496-10ea298851f9	45.33983	-73.773917	100.0						2013-07-11	11	7	2013	9201176	12008655	PRESERVED_SPECIMEN	Université de Montréal Biodiversity Centre	CMMF	CMMF005954	C4197	McNeil, Raymond		CC0_1_0	Université de Montréal Biodiversity Centre	McNeil, Raymond			2024-01-24T16:38:16.941Z	StillImage	COORDINATE_ROUNDED;INSTITUTION_MATCH_FUZZY;COLLECTION_MATCH_FUZZY;DIFFERENT_OWNER_INSTITUTION
1024558984	21705170-d2b6-42de-8904-c3bca4b83591	CMMF004586	Fungi	Basidiomycota	Agaricomycetes	Agaricales	Psathyrellaceae	Candolleomyces	Candolleomyces candolleanus		SPECIES	Psathyrella candolleana (Fr.) Maire	Psathyrella candolleana (Fr.) Maire	(Fr.) Maire	CA	Réserve écologique du Boisé-des-Muir, Hinchinbrooke.	Québec	PRESENT		ff7bd5db-b724-4932-b496-10ea298851f9	45.085831	-74.112807	10.0						2012-10-07	7	10	2012	9201176	12008655	PRESERVED_SPECIMEN	Université de Montréal Biodiversity Centre	CMMF	CMMF004586	633	Turgon, Jean-Pierre		CC0_1_0	Université de Montréal Biodiversity Centre	Langlois, Annabelle; Lebeuf, Renée; Paul, André; Turgon, Jean-Pierre			2024-01-24T16:38:19.854Z	StillImage	INSTITUTION_MATCH_FUZZY;COLLECTION_MATCH_FUZZY;DIFFERENT_OWNER_INSTITUTION
1024558786	21705170-d2b6-42de-8904-c3bca4b83591	CMMF004239	Fungi	Basidiomycota	Agaricomycetes	Agaricales	Psathyrellaceae	Candolleomyces	Candolleomyces candolleanus		SPECIES	Psathyrella candolleana (Fr.) Maire	Psathyrella candolleana (Fr.) Maire	(Fr.) Maire	CA	Réserve écologique du Boisé-des-Muir, Hinchinbrooke.	Québec	PRESENT		ff7bd5db-b724-4932-b496-10ea298851f9	45.086458	-74.11353	10.0						2012-07-03	3	7	2012	9201176	12008655	PRESERVED_SPECIMEN	Université de Montréal Biodiversity Centre	CMMF	CMMF004239	247	Archambault, Raymond		CC0_1_0	Université de Montréal Biodiversity Centre	Archambault, Raymond; Langlois, Annabelle; Turgon, Jean-Pierre			2024-01-24T16:38:18.685Z	StillImage	INSTITUTION_MATCH_FUZZY;COLLECTION_MATCH_FUZZY;DIFFERENT_OWNER_INSTITUTION
