gbifID	datasetKey	occurrenceID	kingdom	phylum	class	order	family	genus	species	infraspecificEpithet	taxonRank	scientificName	verbatimScientificName	verbatimScientificNameAuthorship	countryCode	locality	stateProvince	occurrenceStatus	individualCount	publishingOrgKey	decimalLatitude	decimalLongitude	coordinateUncertaintyInMeters	coordinatePrecision	elevation	elevationAccuracy	depth	depthAccuracy	eventDate	day	month	year	taxonKey	speciesKey	basisOfRecord	institutionCode	collectionCode	catalogNumber	recordNumber	identifiedBy	dateIdentified	license	rightsHolder	recordedBy	typeStatus	establishmentMeans	lastInterpreted	mediaType	issue
617554709	21705170-d2b6-42de-8904-c3bca4b83591	CMMF000479	Fungi	Basidiomycota	Agaricomycetes	Agaricales	Marasmiaceae	Marasmius	Marasmius rotula		SPECIES	Marasmius rotula (Scop.) Fr.	Marasmius rotula (Scop.) Fr.	(Scop.) Fr.	CA	Montréal	Québec	PRESENT		ff7bd5db-b724-4932-b496-10ea298851f9	45.509625	-73.662984	25000.0						1989-06-03	3	6	1989	8908488	8908488	PRESERVED_SPECIMEN	Université de Montréal Biodiversity Centre	CMMF	CMMF000479		Lamoureux, Yves		CC0_1_0	Université de Montréal Biodiversity Centre	Lamoureux, Yves			2024-01-24T16:38:19.987Z	StillImage	INSTITUTION_MATCH_FUZZY;COLLECTION_MATCH_FUZZY;DIFFERENT_OWNER_INSTITUTION
617549560	21705170-d2b6-42de-8904-c3bca4b83591	CMMF001892	Fungi	Basidiomycota	Agaricomycetes	Agaricales	Marasmiaceae	Marasmius	Marasmius rotula		SPECIES	Marasmius rotula (Scop.) Fr.	Marasmius rotula (Scop.) Fr.	(Scop.) Fr.	CA	Saint-Bruno-de-Montarville	Québec	PRESENT		ff7bd5db-b724-4932-b496-10ea298851f9	45.526599	-73.344507	5500.0						1993-07-12	12	7	1993	8908488	8908488	PRESERVED_SPECIMEN	Université de Montréal Biodiversity Centre	CMMF	CMMF001892		Lamoureux, Yves		CC0_1_0	Université de Montréal Biodiversity Centre	Lamoureux, Yves			2024-01-24T16:38:17.235Z	StillImage	INSTITUTION_MATCH_FUZZY;COLLECTION_MATCH_FUZZY;DIFFERENT_OWNER_INSTITUTION
4980313973	50c9509d-22c7-4a22-a47d-8c48425ef4a7	https://www.inaturalist.org/observations/248904201	Fungi	Basidiomycota	Agaricomycetes	Agaricales	Marasmiaceae	Marasmius	Marasmius rotula		SPECIES	Marasmius rotula (Scop.) Fr.	Marasmius rotula		CA		New Brunswick	PRESENT		28eb1a3f-1c15-4a95-931a-4af90ecb574d	46.80167	-66.569717							2022-08-15T09:31	15	8	2022	8908488	8908488	HUMAN_OBSERVATION	iNaturalist	Observations	248904201		David Malloch	2024-10-24T17:04:54	CC_BY_NC_4_0	David Malloch	David Malloch			2025-01-14T12:55:41.203Z	StillImage	CONTINENT_DERIVED_FROM_COORDINATES;TAXON_MATCH_TAXON_ID_IGNORED
4921717122	50c9509d-22c7-4a22-a47d-8c48425ef4a7	https://www.inaturalist.org/observations/226689034	Fungi	Basidiomycota	Agaricomycetes	Agaricales	Marasmiaceae	Marasmius	Marasmius rotula		SPECIES	Marasmius rotula (Scop.) Fr.	Marasmius rotula		CA		Québec	PRESENT		28eb1a3f-1c15-4a95-931a-4af90ecb574d	46.838817	-79.189557							2024-06-30T08:07	30	6	2024	8908488	8908488	HUMAN_OBSERVATION	iNaturalist	Observations	226689034		Jonathan Jensen-Lynch	2024-08-06T01:22:20	CC_BY_NC_4_0	Pierre Cartier	Pierre Cartier			2025-01-14T13:41:51.308Z	StillImage	COORDINATE_ROUNDED;CONTINENT_DERIVED_FROM_COORDINATES;TAXON_MATCH_TAXON_ID_IGNORED
4910780666	50c9509d-22c7-4a22-a47d-8c48425ef4a7	https://www.inaturalist.org/observations/230189374	Fungi	Basidiomycota	Agaricomycetes	Agaricales	Marasmiaceae	Marasmius	Marasmius rotula		SPECIES	Marasmius rotula (Scop.) Fr.	Marasmius rotula		CA		Ontario	PRESENT		28eb1a3f-1c15-4a95-931a-4af90ecb574d	45.452575	-78.380066	3318.0						2024-07-14T06:48	14	7	2024	8908488	8908488	HUMAN_OBSERVATION	iNaturalist	Observations	230189374		L Joan Heyding	2024-07-18T22:49:35	CC_BY_NC_4_0	L Joan Heyding	L Joan Heyding			2025-01-14T12:56:30.511Z	StillImage	COORDINATE_ROUNDED;CONTINENT_DERIVED_FROM_COORDINATES;TAXON_MATCH_TAXON_ID_IGNORED
4910658678	50c9509d-22c7-4a22-a47d-8c48425ef4a7	https://www.inaturalist.org/observations/230610045	Fungi	Basidiomycota	Agaricomycetes	Agaricales	Marasmiaceae	Marasmius	Marasmius rotula		SPECIES	Marasmius rotula (Scop.) Fr.	Marasmius rotula		CA		Ontario	PRESENT		28eb1a3f-1c15-4a95-931a-4af90ecb574d	45.455498	-75.547208	51.0						2024-07-20T13:59	20	7	2024	8908488	8908488	HUMAN_OBSERVATION	iNaturalist	Observations	230610045		jonathan_mack	2024-07-20T22:29:43	CC_BY_NC_4_0	jonathan_mack	jonathan_mack			2025-01-14T13:42:43.054Z	StillImage	COORDINATE_ROUNDED;CONTINENT_DERIVED_FROM_COORDINATES;TAXON_MATCH_TAXON_ID_IGNORED
4908672284	50c9509d-22c7-4a22-a47d-8c48425ef4a7	https://www.inaturalist.org/observations/225122880	Fungi	Basidiomycota	Agaricomycetes	Agaricales	Marasmiaceae	Marasmius	Marasmius rotula		SPECIES	Marasmius rotula (Scop.) Fr.	Marasmius rotula		CA		Québec	PRESENT		28eb1a3f-1c15-4a95-931a-4af90ecb574d	45.699317	-73.503528	217.0						2024-06-25T08:57:40	25	6	2024	8908488	8908488	HUMAN_OBSERVATION	iNaturalist	Observations	225122880		sara-charlotte	2024-06-25T16:22:50	CC_BY_NC_4_0	sara-charlotte	sara-charlotte			2025-01-14T13:41:32.966Z	StillImage	COORDINATE_ROUNDED;CONTINENT_DERIVED_FROM_COORDINATES;TAXON_MATCH_TAXON_ID_IGNORED
4908085422	50c9509d-22c7-4a22-a47d-8c48425ef4a7	https://www.inaturalist.org/observations/228520484	Fungi	Basidiomycota	Agaricomycetes	Agaricales	Marasmiaceae	Marasmius	Marasmius rotula		SPECIES	Marasmius rotula (Scop.) Fr.	Marasmius rotula		CA		Québec	PRESENT		28eb1a3f-1c15-4a95-931a-4af90ecb574d	45.872811	-76.4339	501.0						2024-07-08T12:01	8	7	2024	8908488	8908488	HUMAN_OBSERVATION	iNaturalist	Observations	228520484		L Joan Heyding	2024-07-10T21:21:56	CC_BY_NC_4_0	L Joan Heyding	L Joan Heyding			2025-01-14T13:41:41.314Z	StillImage	COORDINATE_ROUNDED;CONTINENT_DERIVED_FROM_COORDINATES;TAXON_MATCH_TAXON_ID_IGNORED
4904118783	50c9509d-22c7-4a22-a47d-8c48425ef4a7	https://www.inaturalist.org/observations/221714528	Fungi	Basidiomycota	Agaricomycetes	Agaricales	Marasmiaceae	Marasmius	Marasmius rotula		SPECIES	Marasmius rotula (Scop.) Fr.	Marasmius rotula		CA		Québec	PRESENT		28eb1a3f-1c15-4a95-931a-4af90ecb574d	45.547113	-73.467639	122.0						2024-06-09T10:30	9	6	2024	8908488	8908488	HUMAN_OBSERVATION	iNaturalist	Observations	221714528		Antoine Fortin	2024-06-10T00:54:09	CC_BY_NC_4_0	Antoine Fortin	Antoine Fortin			2025-01-14T13:41:52.889Z	StillImage	COORDINATE_ROUNDED;CONTINENT_DERIVED_FROM_COORDINATES;TAXON_MATCH_TAXON_ID_IGNORED
4903868630	50c9509d-22c7-4a22-a47d-8c48425ef4a7	https://www.inaturalist.org/observations/226344372	Fungi	Basidiomycota	Agaricomycetes	Agaricales	Marasmiaceae	Marasmius	Marasmius rotula		SPECIES	Marasmius rotula (Scop.) Fr.	Marasmius rotula		CA		Ontario	PRESENT		28eb1a3f-1c15-4a95-931a-4af90ecb574d	45.449639	-75.510571	26.0						2024-06-30T11:28	30	6	2024	8908488	8908488	HUMAN_OBSERVATION	iNaturalist	Observations	226344372		jonathan_mack	2024-07-01T01:52:52	CC_BY_NC_4_0	jonathan_mack	jonathan_mack			2025-01-14T12:48:35.897Z	StillImage	COORDINATE_ROUNDED;CONTINENT_DERIVED_FROM_COORDINATES;TAXON_MATCH_TAXON_ID_IGNORED
4903714994	50c9509d-22c7-4a22-a47d-8c48425ef4a7	https://www.inaturalist.org/observations/226329794	Fungi	Basidiomycota	Agaricomycetes	Agaricales	Marasmiaceae	Marasmius	Marasmius rotula		SPECIES	Marasmius rotula (Scop.) Fr.	Marasmius rotula		CA		Ontario	PRESENT		28eb1a3f-1c15-4a95-931a-4af90ecb574d	45.46962	-78.801917	4.0						2024-06-30T14:09:11	30	6	2024	8908488	8908488	HUMAN_OBSERVATION	iNaturalist	Observations	226329794		Dawn Sherman	2024-07-01T00:21:56	CC_BY_NC_4_0	Dawn Sherman	Dawn Sherman			2025-01-14T12:49:55.391Z	StillImage	COORDINATE_ROUNDED;CONTINENT_DERIVED_FROM_COORDINATES;TAXON_MATCH_TAXON_ID_IGNORED
4902053564	50c9509d-22c7-4a22-a47d-8c48425ef4a7	https://www.inaturalist.org/observations/222501713	Fungi	Basidiomycota	Agaricomycetes	Agaricales	Marasmiaceae	Marasmius	Marasmius rotula		SPECIES	Marasmius rotula (Scop.) Fr.	Marasmius rotula		CA		Ontario	PRESENT		28eb1a3f-1c15-4a95-931a-4af90ecb574d	45.324347	-75.812219	193.0						2024-06-13T09:41	13	6	2024	8908488	8908488	HUMAN_OBSERVATION	iNaturalist	Observations	222501713		L Joan Heyding	2024-06-13T19:17:15	CC_BY_NC_4_0	L Joan Heyding	L Joan Heyding			2025-01-14T12:47:37.382Z	StillImage	COORDINATE_ROUNDED;CONTINENT_DERIVED_FROM_COORDINATES;TAXON_MATCH_TAXON_ID_IGNORED
4901154068	50c9509d-22c7-4a22-a47d-8c48425ef4a7	https://www.inaturalist.org/observations/223554801	Fungi	Basidiomycota	Agaricomycetes	Agaricales	Marasmiaceae	Marasmius	Marasmius rotula		SPECIES	Marasmius rotula (Scop.) Fr.	Marasmius rotula		CA		New Brunswick	PRESENT		28eb1a3f-1c15-4a95-931a-4af90ecb574d	45.29457	-66.033669	184.0						2024-06-18T11:17:51	18	6	2024	8908488	8908488	HUMAN_OBSERVATION	iNaturalist	Observations	223554801		Toni Doucette	2024-06-18T18:32:52	CC_BY_NC_4_0	Toni Doucette	Toni Doucette			2025-01-14T12:46:13.367Z	StillImage	COORDINATE_ROUNDED;CONTINENT_DERIVED_FROM_COORDINATES;TAXON_MATCH_TAXON_ID_IGNORED
4901023170	50c9509d-22c7-4a22-a47d-8c48425ef4a7	https://www.inaturalist.org/observations/222339103	Fungi	Basidiomycota	Agaricomycetes	Agaricales	Marasmiaceae	Marasmius	Marasmius rotula		SPECIES	Marasmius rotula (Scop.) Fr.	Marasmius rotula		CA		Québec	PRESENT		28eb1a3f-1c15-4a95-931a-4af90ecb574d	45.872811	-76.4339	501.0						2024-06-12T09:37	12	6	2024	8908488	8908488	HUMAN_OBSERVATION	iNaturalist	Observations	222339103		L Joan Heyding	2024-06-12T23:02:57	CC_BY_NC_4_0	L Joan Heyding	L Joan Heyding			2025-01-14T12:46:35.835Z	StillImage	COORDINATE_ROUNDED;CONTINENT_DERIVED_FROM_COORDINATES;TAXON_MATCH_TAXON_ID_IGNORED
4893136995	eeaf050f-23d0-4557-9084-ec545cd3d9a7	8bd71528-a120-4393-b7ac-c6ce4b915998	Fungi	Basidiomycota	Agaricomycetes	Agaricales	Marasmiaceae	Marasmius	Marasmius rotula		SPECIES	Marasmius rotula (Scop.) Fr.	Marasmius rotula	(Scop.) Fr.	CA	Ottawa	Ontario	PRESENT		325c883e-46a7-4be3-9d77-7dde654fd1d3	45.423949	-75.695445											8908488	8908488	PRESERVED_SPECIMEN	DPI	DAR	DAR00053942a				CC_BY_4_0					2025-01-02T23:50:27.702Z		CONTINENT_DERIVED_FROM_COORDINATES;TAXON_MATCH_TAXON_CONCEPT_ID_IGNORED;INSTITUTION_MATCH_NONE
4431008444	50c9509d-22c7-4a22-a47d-8c48425ef4a7	https://www.inaturalist.org/observations/186082340	Fungi	Basidiomycota	Agaricomycetes	Agaricales	Marasmiaceae	Marasmius	Marasmius rotula		SPECIES	Marasmius rotula (Scop.) Fr.	Marasmius rotula		CA		Québec	PRESENT		28eb1a3f-1c15-4a95-931a-4af90ecb574d	46.28148	-74.53402	9.0						2023-08-13T12:19:12	13	8	2023	8908488	8908488	HUMAN_OBSERVATION	iNaturalist	Observations	186082340		James Pagé	2023-10-03T20:30:26	CC_BY_NC_4_0	James Pagé	James Pagé			2025-01-14T12:40:14.295Z	StillImage	COORDINATE_ROUNDED;CONTINENT_DERIVED_FROM_COORDINATES;TAXON_MATCH_TAXON_ID_IGNORED
4405158462	50c9509d-22c7-4a22-a47d-8c48425ef4a7	https://www.inaturalist.org/observations/178471934	Fungi	Basidiomycota	Agaricomycetes	Agaricales	Marasmiaceae	Marasmius	Marasmius rotula		SPECIES	Marasmius rotula (Scop.) Fr.	Marasmius rotula		CA		New Brunswick	PRESENT		28eb1a3f-1c15-4a95-931a-4af90ecb574d	45.951476	-66.679029	153.0						2023-08-14T23:08:10	14	8	2023	8908488	8908488	HUMAN_OBSERVATION	iNaturalist	Observations	178471934		Andrew MacPherson	2023-08-15T02:43:05	CC0_1_0	Andrew MacPherson	Andrew MacPherson			2025-01-14T13:32:15.406Z	StillImage	COORDINATE_ROUNDED;CONTINENT_DERIVED_FROM_COORDINATES;TAXON_MATCH_TAXON_ID_IGNORED
4176947955	50c9509d-22c7-4a22-a47d-8c48425ef4a7	https://www.inaturalist.org/observations/178192577	Fungi	Basidiomycota	Agaricomycetes	Agaricales	Marasmiaceae	Marasmius	Marasmius rotula		SPECIES	Marasmius rotula (Scop.) Fr.	Marasmius rotula		CA		Québec	PRESENT		28eb1a3f-1c15-4a95-931a-4af90ecb574d	45.926738	-74.017425	16.0						2023-08-13T11:28:55	13	8	2023	8908488	8908488	HUMAN_OBSERVATION	iNaturalist	Observations	178192577		Mical	2023-08-13T15:29:44	CC_BY_4_0	Mical	Mical			2025-01-14T12:38:24.043Z	StillImage	COORDINATE_ROUNDED;CONTINENT_DERIVED_FROM_COORDINATES;TAXON_MATCH_TAXON_ID_IGNORED
4171997346	50c9509d-22c7-4a22-a47d-8c48425ef4a7	https://www.inaturalist.org/observations/177319365	Fungi	Basidiomycota	Agaricomycetes	Agaricales	Marasmiaceae	Marasmius	Marasmius rotula		SPECIES	Marasmius rotula (Scop.) Fr.	Marasmius rotula		CA		Québec	PRESENT		28eb1a3f-1c15-4a95-931a-4af90ecb574d	45.419507	-71.923842							2023-07-16T13:22:17	16	7	2023	8908488	8908488	HUMAN_OBSERVATION	iNaturalist	Observations	177319365		egrenier	2023-08-08T09:53:36	CC_BY_NC_4_0	egrenier	egrenier			2025-01-14T13:28:48.384Z	StillImage	COORDINATE_ROUNDED;CONTINENT_DERIVED_FROM_COORDINATES;TAXON_MATCH_TAXON_ID_IGNORED
4171811548	50c9509d-22c7-4a22-a47d-8c48425ef4a7	https://www.inaturalist.org/observations/175634466	Fungi	Basidiomycota	Agaricomycetes	Agaricales	Marasmiaceae	Marasmius	Marasmius rotula		SPECIES	Marasmius rotula (Scop.) Fr.	Marasmius rotula		CA		Québec	PRESENT		28eb1a3f-1c15-4a95-931a-4af90ecb574d	45.490385	-75.625985							2023-07-29T12:26	29	7	2023	8908488	8908488	HUMAN_OBSERVATION	iNaturalist	Observations	175634466		jonathan_mack	2023-07-29T23:29:23	CC_BY_NC_4_0	jonathan_mack	jonathan_mack			2025-01-14T12:37:24.692Z	StillImage	CONTINENT_DERIVED_FROM_COORDINATES;TAXON_MATCH_TAXON_ID_IGNORED
4171500724	50c9509d-22c7-4a22-a47d-8c48425ef4a7	https://www.inaturalist.org/observations/175132140	Fungi	Basidiomycota	Agaricomycetes	Agaricales	Marasmiaceae	Marasmius	Marasmius rotula		SPECIES	Marasmius rotula (Scop.) Fr.	Marasmius rotula		CA		Ontario	PRESENT		28eb1a3f-1c15-4a95-931a-4af90ecb574d	45.521839	-75.347522	183.0						2023-07-26T09:28	26	7	2023	8908488	8908488	HUMAN_OBSERVATION	iNaturalist	Observations	175132140		L Joan Heyding	2023-07-27T00:49:06	CC_BY_NC_4_0	L Joan Heyding	L Joan Heyding			2025-01-14T12:40:28.196Z	StillImage	COORDINATE_ROUNDED;CONTINENT_DERIVED_FROM_COORDINATES;TAXON_MATCH_TAXON_ID_IGNORED
4171479757	50c9509d-22c7-4a22-a47d-8c48425ef4a7	https://www.inaturalist.org/observations/175103024	Fungi	Basidiomycota	Agaricomycetes	Agaricales	Marasmiaceae	Marasmius	Marasmius rotula		SPECIES	Marasmius rotula (Scop.) Fr.	Marasmius rotula		CA		Québec	PRESENT		28eb1a3f-1c15-4a95-931a-4af90ecb574d	45.54343	-73.156311	67.0						2023-07-26T08:26:34	26	7	2023	8908488	8908488	HUMAN_OBSERVATION	iNaturalist	Observations	175103024		morganedube	2023-07-26T21:03:41	CC_BY_NC_4_0	morganedube	morganedube			2025-01-14T13:31:54.670Z	StillImage	COORDINATE_ROUNDED;CONTINENT_DERIVED_FROM_COORDINATES;TAXON_MATCH_TAXON_ID_IGNORED
4166415570	695cef75-b65f-4776-b2ed-74565eebb16e	02-01000978188	Fungi	Basidiomycota	Agaricomycetes	Agaricales	Marasmiaceae	Marasmius	Marasmius rotula		SPECIES	Marasmius rotula (Scop.) Fr.	Marasmius rotula	(Scop.) Fr.	CA	Hemlock Bluff Trail	Ontario	PRESENT		055bd978-2daa-4543-b3f0-44e0e87e86ca	45.570833	-78.554167							1975-07-08	8	7	1975	8908488	8908488	PRESERVED_SPECIMEN	AAFC	DAOM	186466		J.F. Ammirati		CC_BY_4_0	©His Majesty the King in Right of Canada, as represented by the Minister of Agriculture and Agri-Food	J.F. Ammirati 6726			2025-01-12T05:11:16.453Z		GEODETIC_DATUM_ASSUMED_WGS84;CONTINENT_DERIVED_FROM_COORDINATES;TAXON_MATCH_TAXON_ID_IGNORED;INSTITUTION_MATCH_FUZZY
4166305826	695cef75-b65f-4776-b2ed-74565eebb16e	02-01000978230	Fungi	Basidiomycota	Agaricomycetes	Agaricales	Marasmiaceae	Marasmius	Marasmius rotula		SPECIES	Marasmius rotula (Scop.) Fr.	Marasmius rotula	(Scop.) Fr.	CA	Hardwood Hill Trail	Ontario	PRESENT		055bd978-2daa-4543-b3f0-44e0e87e86ca	45.541667	-78.675							1974-07-30	30	7	1974	8908488	8908488	PRESERVED_SPECIMEN	AAFC	DAOM	186595				CC_BY_4_0	©His Majesty the King in Right of Canada, as represented by the Minister of Agriculture and Agri-Food	P. Johnson			2025-01-12T05:11:16.360Z		GEODETIC_DATUM_ASSUMED_WGS84;CONTINENT_DERIVED_FROM_COORDINATES;TAXON_MATCH_TAXON_ID_IGNORED;INSTITUTION_MATCH_FUZZY
4166296577	695cef75-b65f-4776-b2ed-74565eebb16e	02-01000978176	Fungi	Basidiomycota	Agaricomycetes	Agaricales	Marasmiaceae	Marasmius	Marasmius rotula		SPECIES	Marasmius rotula (Scop.) Fr.	Marasmius rotula	(Scop.) Fr.	CA	Hardwood Lookout Trail	Ontario	PRESENT		055bd978-2daa-4543-b3f0-44e0e87e86ca	45.533333	-78.704167							1976-07-01	1	7	1976	8908488	8908488	PRESERVED_SPECIMEN	AAFC	DAOM	186629		S.A. Redhead		CC_BY_4_0	©His Majesty the King in Right of Canada, as represented by the Minister of Agriculture and Agri-Food	P. Johnson 130			2025-01-12T05:11:16.294Z		GEODETIC_DATUM_ASSUMED_WGS84;CONTINENT_DERIVED_FROM_COORDINATES;TAXON_MATCH_TAXON_ID_IGNORED;INSTITUTION_MATCH_FUZZY
4165858303	50c9509d-22c7-4a22-a47d-8c48425ef4a7	https://www.inaturalist.org/observations/173882631	Fungi	Basidiomycota	Agaricomycetes	Agaricales	Marasmiaceae	Marasmius	Marasmius rotula		SPECIES	Marasmius rotula (Scop.) Fr.	Marasmius rotula		CA		Québec	PRESENT		28eb1a3f-1c15-4a95-931a-4af90ecb574d	45.892612	-76.414623	27095.0						2023-07-18T09:02	18	7	2023	8908488	8908488	HUMAN_OBSERVATION	iNaturalist	Observations	173882631		L Joan Heyding	2023-07-20T03:38:18	CC_BY_NC_4_0	L Joan Heyding	L Joan Heyding			2025-01-14T12:39:51.375Z	StillImage	COORDINATE_ROUNDED;CONTINENT_DERIVED_FROM_COORDINATES;TAXON_MATCH_TAXON_ID_IGNORED
4165706363	50c9509d-22c7-4a22-a47d-8c48425ef4a7	https://www.inaturalist.org/observations/174346162	Fungi	Basidiomycota	Agaricomycetes	Agaricales	Marasmiaceae	Marasmius	Marasmius rotula		SPECIES	Marasmius rotula (Scop.) Fr.	Marasmius rotula		CA		Québec	PRESENT		28eb1a3f-1c15-4a95-931a-4af90ecb574d	45.555003	-73.157804	2373.0						2023-07-17T07:46:04	17	7	2023	8908488	8908488	HUMAN_OBSERVATION	iNaturalist	Observations	174346162		bouletr	2023-07-22T20:38:53	CC_BY_NC_4_0	bouletr	bouletr			2025-01-14T12:38:42.271Z	StillImage	COORDINATE_ROUNDED;CONTINENT_DERIVED_FROM_COORDINATES;TAXON_MATCH_TAXON_ID_IGNORED
4165625684	50c9509d-22c7-4a22-a47d-8c48425ef4a7	https://www.inaturalist.org/observations/170951857	Fungi	Basidiomycota	Agaricomycetes	Agaricales	Marasmiaceae	Marasmius	Marasmius rotula		SPECIES	Marasmius rotula (Scop.) Fr.	Marasmius rotula		CA		Québec	PRESENT		28eb1a3f-1c15-4a95-931a-4af90ecb574d	45.541052	-75.915913	23.0						2023-07-03T18:02:29	3	7	2023	8908488	8908488	HUMAN_OBSERVATION	iNaturalist	Observations	170951857		Antoine Fortin	2023-07-05T13:28:35	CC_BY_NC_4_0	catldy	catldy			2025-01-14T13:31:06.782Z	StillImage	COORDINATE_ROUNDED;CONTINENT_DERIVED_FROM_COORDINATES;TAXON_MATCH_TAXON_ID_IGNORED
4165512277	50c9509d-22c7-4a22-a47d-8c48425ef4a7	https://www.inaturalist.org/observations/173870394	Fungi	Basidiomycota	Agaricomycetes	Agaricales	Marasmiaceae	Marasmius	Marasmius rotula		SPECIES	Marasmius rotula (Scop.) Fr.	Marasmius rotula		CA		Ontario	PRESENT		28eb1a3f-1c15-4a95-931a-4af90ecb574d	45.323957	-75.813535							2023-07-19T10:26	19	7	2023	8908488	8908488	HUMAN_OBSERVATION	iNaturalist	Observations	173870394		jonathan_mack	2023-07-20T01:42:44	CC_BY_NC_4_0	jonathan_mack	jonathan_mack			2025-01-14T12:38:38.176Z	StillImage	COORDINATE_ROUNDED;CONTINENT_DERIVED_FROM_COORDINATES;TAXON_MATCH_TAXON_ID_IGNORED
4162457465	50c9509d-22c7-4a22-a47d-8c48425ef4a7	https://www.inaturalist.org/observations/173311418	Fungi	Basidiomycota	Agaricomycetes	Agaricales	Marasmiaceae	Marasmius	Marasmius rotula		SPECIES	Marasmius rotula (Scop.) Fr.	Marasmius rotula		CA		New Brunswick	PRESENT		28eb1a3f-1c15-4a95-931a-4af90ecb574d	45.642394	-65.113503							2023-07-16T17:44:39	16	7	2023	8908488	8908488	HUMAN_OBSERVATION	iNaturalist	Observations	173311418		sebastienbenoit	2023-07-16T22:45:40	CC_BY_NC_4_0	sebastienbenoit	sebastienbenoit			2025-01-14T13:31:24.983Z	StillImage	COORDINATE_ROUNDED;CONTINENT_DERIVED_FROM_COORDINATES;TAXON_MATCH_TAXON_ID_IGNORED
4162444623	50c9509d-22c7-4a22-a47d-8c48425ef4a7	https://www.inaturalist.org/observations/173132666	Fungi	Basidiomycota	Agaricomycetes	Agaricales	Marasmiaceae	Marasmius	Marasmius rotula		SPECIES	Marasmius rotula (Scop.) Fr.	Marasmius rotula		CA		Ontario	PRESENT		28eb1a3f-1c15-4a95-931a-4af90ecb574d	45.466039	-75.507191	74.0						2023-07-15T14:03	15	7	2023	8908488	8908488	HUMAN_OBSERVATION	iNaturalist	Observations	173132666		jonathan_mack	2023-07-16T02:02:33	CC_BY_NC_4_0	jonathan_mack	jonathan_mack			2025-01-14T14:10:45.490Z	StillImage	COORDINATE_ROUNDED;CONTINENT_DERIVED_FROM_COORDINATES;TAXON_MATCH_TAXON_ID_IGNORED
4162432229	50c9509d-22c7-4a22-a47d-8c48425ef4a7	https://www.inaturalist.org/observations/173589584	Fungi	Basidiomycota	Agaricomycetes	Agaricales	Marasmiaceae	Marasmius	Marasmius rotula		SPECIES	Marasmius rotula (Scop.) Fr.	Marasmius rotula		CA		Québec	PRESENT		28eb1a3f-1c15-4a95-931a-4af90ecb574d	45.713481	-74.133867							2023-07-18T09:34:46	18	7	2023	8908488	8908488	HUMAN_OBSERVATION	iNaturalist	Observations	173589584		Jean C.	2023-07-18T13:35:17	CC_BY_NC_4_0	Jean C.	Jean C.			2025-01-14T13:31:16.671Z	StillImage	COORDINATE_ROUNDED;CONTINENT_DERIVED_FROM_COORDINATES;TAXON_MATCH_TAXON_ID_IGNORED
4162229078	50c9509d-22c7-4a22-a47d-8c48425ef4a7	https://www.inaturalist.org/observations/172869850	Fungi	Basidiomycota	Agaricomycetes	Agaricales	Marasmiaceae	Marasmius	Marasmius rotula		SPECIES	Marasmius rotula (Scop.) Fr.	Marasmius rotula		CA		Québec	PRESENT		28eb1a3f-1c15-4a95-931a-4af90ecb574d	45.674736	-76.19046	9.0						2023-07-14T13:06:59	14	7	2023	8908488	8908488	HUMAN_OBSERVATION	iNaturalist	Observations	172869850		tasmor	2023-07-14T17:07:09	CC_BY_NC_4_0	tasmor	tasmor			2025-01-14T13:31:11.451Z	StillImage	COORDINATE_ROUNDED;CONTINENT_DERIVED_FROM_COORDINATES;TAXON_MATCH_TAXON_ID_IGNORED
4162192742	50c9509d-22c7-4a22-a47d-8c48425ef4a7	https://www.inaturalist.org/observations/173062718	Fungi	Basidiomycota	Agaricomycetes	Agaricales	Marasmiaceae	Marasmius	Marasmius rotula		SPECIES	Marasmius rotula (Scop.) Fr.	Marasmius rotula		CA		Québec	PRESENT		28eb1a3f-1c15-4a95-931a-4af90ecb574d	46.828156	-71.107529	65.0						2023-07-15T14:28:27	15	7	2023	8908488	8908488	HUMAN_OBSERVATION	iNaturalist	Observations	173062718		Jean Gilbert	2023-07-15T18:28:34	CC_BY_NC_4_0	Jean Gilbert	Jean Gilbert			2025-01-14T13:31:23.020Z	StillImage	COORDINATE_ROUNDED;CONTINENT_DERIVED_FROM_COORDINATES;TAXON_MATCH_TAXON_ID_IGNORED
4162117562	50c9509d-22c7-4a22-a47d-8c48425ef4a7	https://www.inaturalist.org/observations/170710752	Fungi	Basidiomycota	Agaricomycetes	Agaricales	Marasmiaceae	Marasmius	Marasmius rotula		SPECIES	Marasmius rotula (Scop.) Fr.	Marasmius rotula		CA		Ontario	PRESENT		28eb1a3f-1c15-4a95-931a-4af90ecb574d	45.198056	-76.239701							2023-07-02T13:08	2	7	2023	8908488	8908488	HUMAN_OBSERVATION	iNaturalist	Observations	170710752		almonteallisons	2023-07-02T19:52:20	CC_BY_NC_4_0	almonteallisons	almonteallisons			2025-01-14T12:36:44.488Z	StillImage	COORDINATE_ROUNDED;CONTINENT_DERIVED_FROM_COORDINATES;TAXON_MATCH_TAXON_ID_IGNORED
4153884494	50c9509d-22c7-4a22-a47d-8c48425ef4a7	https://www.inaturalist.org/observations/172182196	Fungi	Basidiomycota	Agaricomycetes	Agaricales	Marasmiaceae	Marasmius	Marasmius rotula		SPECIES	Marasmius rotula (Scop.) Fr.	Marasmius rotula		CA		Québec	PRESENT		28eb1a3f-1c15-4a95-931a-4af90ecb574d	46.775244	-71.274576	45.0						2023-07-10T12:40:39	10	7	2023	8908488	8908488	HUMAN_OBSERVATION	iNaturalist	Observations	172182196		Camille Boucher	2023-07-10T16:45:57	CC_BY_NC_4_0	Camille Boucher	Camille Boucher			2025-01-14T13:27:25.092Z	StillImage	COORDINATE_ROUNDED;CONTINENT_DERIVED_FROM_COORDINATES;TAXON_MATCH_TAXON_ID_IGNORED
4153704763	50c9509d-22c7-4a22-a47d-8c48425ef4a7	https://www.inaturalist.org/observations/172169836	Fungi	Basidiomycota	Agaricomycetes	Agaricales	Marasmiaceae	Marasmius	Marasmius rotula		SPECIES	Marasmius rotula (Scop.) Fr.	Marasmius rotula		CA		Québec	PRESENT		28eb1a3f-1c15-4a95-931a-4af90ecb574d	45.8791	-74.916385	20.0						2023-07-10T10:45:58	10	7	2023	8908488	8908488	HUMAN_OBSERVATION	iNaturalist	Observations	172169836		Crepusculum	2023-07-10T15:31:23	CC_BY_NC_4_0	Crepusculum	Crepusculum			2025-01-14T13:40:23.688Z	StillImage	COORDINATE_ROUNDED;CONTINENT_DERIVED_FROM_COORDINATES;TAXON_MATCH_TAXON_ID_IGNORED
4153428197	50c9509d-22c7-4a22-a47d-8c48425ef4a7	https://www.inaturalist.org/observations/171389804	Fungi	Basidiomycota	Agaricomycetes	Agaricales	Marasmiaceae	Marasmius	Marasmius rotula		SPECIES	Marasmius rotula (Scop.) Fr.	Marasmius rotula		CA		Québec	PRESENT		28eb1a3f-1c15-4a95-931a-4af90ecb574d	45.489468	-73.104455	27158.0						2023-07-06T10:55:38	6	7	2023	8908488	8908488	HUMAN_OBSERVATION	iNaturalist	Observations	171389804		niamhwillow	2023-07-06T14:59:06	CC_BY_NC_4_0	niamhwillow	niamhwillow			2025-01-14T12:38:47.912Z	StillImage	COORDINATE_ROUNDED;CONTINENT_DERIVED_FROM_COORDINATES;TAXON_MATCH_TAXON_ID_IGNORED
4153358900	50c9509d-22c7-4a22-a47d-8c48425ef4a7	https://www.inaturalist.org/observations/171132254	Fungi	Basidiomycota	Agaricomycetes	Agaricales	Marasmiaceae	Marasmius	Marasmius rotula		SPECIES	Marasmius rotula (Scop.) Fr.	Marasmius rotula		CA		New Brunswick	PRESENT		28eb1a3f-1c15-4a95-931a-4af90ecb574d	45.219314	-66.406617	5.0						2023-07-04T10:44	4	7	2023	8908488	8908488	HUMAN_OBSERVATION	iNaturalist	Observations	171132254		Alfredo Justo	2023-07-05T01:11:01	CC_BY_NC_4_0	Alfredo Justo	Alfredo Justo			2025-01-14T13:40:39.099Z	StillImage	COORDINATE_ROUNDED;CONTINENT_DERIVED_FROM_COORDINATES;TAXON_MATCH_TAXON_ID_IGNORED
4145347880	50c9509d-22c7-4a22-a47d-8c48425ef4a7	https://www.inaturalist.org/observations/170716551	Fungi	Basidiomycota	Agaricomycetes	Agaricales	Marasmiaceae	Marasmius	Marasmius rotula		SPECIES	Marasmius rotula (Scop.) Fr.	Marasmius rotula		CA		Québec	PRESENT		28eb1a3f-1c15-4a95-931a-4af90ecb574d	45.553227	-73.472446	31.0						2023-07-02T11:10	2	7	2023	8908488	8908488	HUMAN_OBSERVATION	iNaturalist	Observations	170716551		Antoine Fortin	2023-07-02T20:23:49	CC_BY_NC_4_0	Antoine Fortin	Antoine Fortin			2025-01-14T12:38:35.459Z	StillImage	COORDINATE_ROUNDED;CONTINENT_DERIVED_FROM_COORDINATES;TAXON_MATCH_TAXON_ID_IGNORED
4138680031	50c9509d-22c7-4a22-a47d-8c48425ef4a7	https://www.inaturalist.org/observations/169846038	Fungi	Basidiomycota	Agaricomycetes	Agaricales	Marasmiaceae	Marasmius	Marasmius rotula		SPECIES	Marasmius rotula (Scop.) Fr.	Marasmius rotula		CA		Ontario	PRESENT		28eb1a3f-1c15-4a95-931a-4af90ecb574d	45.460237	-75.428105	27158.0						2023-06-27T10:02	27	6	2023	8908488	8908488	HUMAN_OBSERVATION	iNaturalist	Observations	169846038		L Joan Heyding	2023-06-27T21:37:43	CC_BY_NC_4_0	L Joan Heyding	L Joan Heyding			2025-01-14T13:26:52.015Z	StillImage	COORDINATE_ROUNDED;CONTINENT_DERIVED_FROM_COORDINATES;TAXON_MATCH_TAXON_ID_IGNORED
4137610449	50c9509d-22c7-4a22-a47d-8c48425ef4a7	https://www.inaturalist.org/observations/89258857	Fungi	Basidiomycota	Agaricomycetes	Agaricales	Marasmiaceae	Marasmius	Marasmius rotula		SPECIES	Marasmius rotula (Scop.) Fr.	Marasmius rotula		CA		Ontario	PRESENT		28eb1a3f-1c15-4a95-931a-4af90ecb574d	45.570813	-75.443254	27158.0						2021-07-30T08:40	30	7	2021	8908488	8908488	HUMAN_OBSERVATION	iNaturalist	Observations	89258857		L Joan Heyding	2021-07-30T23:43:03	CC_BY_NC_4_0	L Joan Heyding	L Joan Heyding			2025-01-14T12:20:22.471Z	StillImage	COORDINATE_ROUNDED;CONTINENT_DERIVED_FROM_COORDINATES;TAXON_MATCH_TAXON_ID_IGNORED
4127232861	50c9509d-22c7-4a22-a47d-8c48425ef4a7	https://www.inaturalist.org/observations/133701374	Fungi	Basidiomycota	Agaricomycetes	Agaricales	Marasmiaceae	Marasmius	Marasmius rotula		SPECIES	Marasmius rotula (Scop.) Fr.	Marasmius rotula		CA		Québec	PRESENT		28eb1a3f-1c15-4a95-931a-4af90ecb574d	45.548067	-73.335966	727.0						2022-09-04T12:20:21	4	9	2022	8908488	8908488	HUMAN_OBSERVATION	iNaturalist	Observations	133701374		andrewbtmn	2022-09-05T00:31:47	CC_BY_NC_4_0	andrewbtmn	andrewbtmn			2025-01-14T12:33:08.109Z	StillImage	COORDINATE_ROUNDED;CONTINENT_DERIVED_FROM_COORDINATES;TAXON_MATCH_TAXON_ID_IGNORED
4126854737	50c9509d-22c7-4a22-a47d-8c48425ef4a7	https://www.inaturalist.org/observations/55585657	Fungi	Basidiomycota	Agaricomycetes	Agaricales	Marasmiaceae	Marasmius	Marasmius rotula		SPECIES	Marasmius rotula (Scop.) Fr.	Marasmius rotula		CA		Ontario	PRESENT		28eb1a3f-1c15-4a95-931a-4af90ecb574d	45.157947	-75.472239	500.0						2020-08-05T12:30:09	5	8	2020	8908488	8908488	HUMAN_OBSERVATION	iNaturalist	Observations	55585657		cinna_latifolia	2022-03-03T02:57:07	CC_BY_NC_4_0	Randy	Randy			2025-01-14T12:14:05.223Z	StillImage	COORDINATE_ROUNDED;CONTINENT_DERIVED_FROM_COORDINATES;TAXON_MATCH_TAXON_ID_IGNORED
3923380354	50c9509d-22c7-4a22-a47d-8c48425ef4a7	https://www.inaturalist.org/observations/51415850	Fungi	Basidiomycota	Agaricomycetes	Agaricales	Marasmiaceae	Marasmius	Marasmius rotula		SPECIES	Marasmius rotula (Scop.) Fr.	Marasmius rotula		CA		Québec	PRESENT		28eb1a3f-1c15-4a95-931a-4af90ecb574d	46.405603	-74.27805							2017-08-05T15:51	5	8	2017	8908488	8908488	HUMAN_OBSERVATION	iNaturalist	Observations	51415850		Katia Burelle	2020-09-26T00:57:13	CC_BY_NC_4_0	neilhamilton91	neilhamilton91			2025-01-14T13:09:05.934Z	StillImage	COORDINATE_ROUNDED;CONTINENT_DERIVED_FROM_COORDINATES;TAXON_MATCH_TAXON_ID_IGNORED
3892436115	50c9509d-22c7-4a22-a47d-8c48425ef4a7	https://www.inaturalist.org/observations/130966507	Fungi	Basidiomycota	Agaricomycetes	Agaricales	Marasmiaceae	Marasmius	Marasmius rotula		SPECIES	Marasmius rotula (Scop.) Fr.	Marasmius rotula		CA		New Brunswick	PRESENT		28eb1a3f-1c15-4a95-931a-4af90ecb574d	46.800092	-66.569381	14.0						2022-08-15T09:21	15	8	2022	8908488	8908488	HUMAN_OBSERVATION	iNaturalist	Observations	130966507		Alfredo Justo	2022-08-15T18:21:51	CC_BY_NC_4_0	Alfredo Justo	Alfredo Justo			2025-01-14T12:32:46.042Z	StillImage	COORDINATE_ROUNDED;CONTINENT_DERIVED_FROM_COORDINATES;TAXON_MATCH_TAXON_ID_IGNORED
3888925546	50c9509d-22c7-4a22-a47d-8c48425ef4a7	https://www.inaturalist.org/observations/129890523	Fungi	Basidiomycota	Agaricomycetes	Agaricales	Marasmiaceae	Marasmius	Marasmius rotula		SPECIES	Marasmius rotula (Scop.) Fr.	Marasmius rotula		CA		Québec	PRESENT		28eb1a3f-1c15-4a95-931a-4af90ecb574d	46.736222	-71.412691	35.0						2022-08-07T16:14:12	7	8	2022	8908488	8908488	HUMAN_OBSERVATION	iNaturalist	Observations	129890523		Camille Boucher	2022-08-07T21:24:46	CC_BY_NC_4_0	Camille Boucher	Camille Boucher			2025-01-14T13:25:01.370Z	StillImage	COORDINATE_ROUNDED;CONTINENT_DERIVED_FROM_COORDINATES;TAXON_MATCH_TAXON_ID_IGNORED
3873359335	50c9509d-22c7-4a22-a47d-8c48425ef4a7	https://www.inaturalist.org/observations/126150773	Fungi	Basidiomycota	Agaricomycetes	Agaricales	Marasmiaceae	Marasmius	Marasmius rotula		SPECIES	Marasmius rotula (Scop.) Fr.	Marasmius rotula		CA		Ontario	PRESENT		28eb1a3f-1c15-4a95-931a-4af90ecb574d	45.323461	-75.813892	37.0						2022-07-13T10:25	13	7	2022	8908488	8908488	HUMAN_OBSERVATION	iNaturalist	Observations	126150773		jonathan_mack	2022-07-14T01:58:35	CC_BY_NC_4_0	jonathan_mack	jonathan_mack			2025-01-14T13:23:09.206Z	StillImage	COORDINATE_ROUNDED;CONTINENT_DERIVED_FROM_COORDINATES;TAXON_MATCH_TAXON_ID_IGNORED
3873297088	50c9509d-22c7-4a22-a47d-8c48425ef4a7	https://www.inaturalist.org/observations/125246214	Fungi	Basidiomycota	Agaricomycetes	Agaricales	Marasmiaceae	Marasmius	Marasmius rotula		SPECIES	Marasmius rotula (Scop.) Fr.	Marasmius rotula		CA		Ontario	PRESENT		28eb1a3f-1c15-4a95-931a-4af90ecb574d	45.579641	-78.522608	128.0						2022-07-06T18:00:32	6	7	2022	8908488	8908488	HUMAN_OBSERVATION	iNaturalist	Observations	125246214		Swampgirl	2022-07-08T01:13:50	CC_BY_NC_4_0	Swampgirl	Swampgirl			2025-01-14T12:29:39.089Z	StillImage	COORDINATE_ROUNDED;CONTINENT_DERIVED_FROM_COORDINATES;TAXON_MATCH_TAXON_ID_IGNORED
3860627789	50c9509d-22c7-4a22-a47d-8c48425ef4a7	https://www.inaturalist.org/observations/124248724	Fungi	Basidiomycota	Agaricomycetes	Agaricales	Marasmiaceae	Marasmius	Marasmius rotula		SPECIES	Marasmius rotula (Scop.) Fr.	Marasmius rotula		CA		Ontario	PRESENT		28eb1a3f-1c15-4a95-931a-4af90ecb574d	46.003083	-77.444038	4.0						2022-07-01T09:39:22	1	7	2022	8908488	8908488	HUMAN_OBSERVATION	iNaturalist	Observations	124248724		Mike Theil	2022-07-01T14:33:55	CC_BY_NC_4_0	Mike Theil	Mike Theil			2025-01-14T13:22:56.730Z	StillImage	COORDINATE_ROUNDED;CONTINENT_DERIVED_FROM_COORDINATES;TAXON_MATCH_TAXON_ID_IGNORED
3859999683	50c9509d-22c7-4a22-a47d-8c48425ef4a7	https://www.inaturalist.org/observations/122980793	Fungi	Basidiomycota	Agaricomycetes	Agaricales	Marasmiaceae	Marasmius	Marasmius rotula		SPECIES	Marasmius rotula (Scop.) Fr.	Marasmius rotula		CA		Ontario	PRESENT		28eb1a3f-1c15-4a95-931a-4af90ecb574d	45.403113	-75.58895	64.0						2022-06-22T11:10:52	22	6	2022	8908488	8908488	HUMAN_OBSERVATION	iNaturalist	Observations	122980793		Igor Khomenko	2022-06-22T18:22:54	CC_BY_NC_4_0	Igor Khomenko	Igor Khomenko			2025-01-14T13:16:32.039Z	StillImage	COORDINATE_ROUNDED;CONTINENT_DERIVED_FROM_COORDINATES;TAXON_MATCH_TAXON_ID_IGNORED
3859608870	50c9509d-22c7-4a22-a47d-8c48425ef4a7	https://www.inaturalist.org/observations/123173818	Fungi	Basidiomycota	Agaricomycetes	Agaricales	Marasmiaceae	Marasmius	Marasmius rotula		SPECIES	Marasmius rotula (Scop.) Fr.	Marasmius rotula		CA		Ontario	PRESENT		28eb1a3f-1c15-4a95-931a-4af90ecb574d	45.342502	-75.952729	2274.0						2022-06-23T14:06:56	23	6	2022	8908488	8908488	HUMAN_OBSERVATION	iNaturalist	Observations	123173818		Keith Seifert	2022-06-24T02:49:32	CC0_1_0	Keith Seifert	Keith Seifert			2025-01-14T12:31:09.149Z	StillImage	COORDINATE_ROUNDED;CONTINENT_DERIVED_FROM_COORDINATES;TAXON_MATCH_TAXON_ID_IGNORED
3859101483	50c9509d-22c7-4a22-a47d-8c48425ef4a7	https://www.inaturalist.org/observations/122737111	Fungi	Basidiomycota	Agaricomycetes	Agaricales	Marasmiaceae	Marasmius	Marasmius rotula		SPECIES	Marasmius rotula (Scop.) Fr.	Marasmius rotula		CA		New Brunswick	PRESENT		28eb1a3f-1c15-4a95-931a-4af90ecb574d	45.953097	-66.670303	5.0						2022-06-20T17:49:11	20	6	2022	8908488	8908488	HUMAN_OBSERVATION	iNaturalist	Observations	122737111		rachharvey81	2022-06-21T00:27:46	CC_BY_NC_4_0	rachharvey81	rachharvey81			2025-01-14T12:30:11.970Z	StillImage	COORDINATE_ROUNDED;CONTINENT_DERIVED_FROM_COORDINATES;TAXON_MATCH_TAXON_ID_IGNORED
3759064487	50c9509d-22c7-4a22-a47d-8c48425ef4a7	https://www.inaturalist.org/observations/57751968	Fungi	Basidiomycota	Agaricomycetes	Agaricales	Marasmiaceae	Marasmius	Marasmius rotula		SPECIES	Marasmius rotula (Scop.) Fr.	Marasmius rotula		CA		Ontario	PRESENT		28eb1a3f-1c15-4a95-931a-4af90ecb574d	45.57803	-78.407167	20.0						2020-08-27T13:29:18	27	8	2020	8908488	8908488	HUMAN_OBSERVATION	iNaturalist	Observations	57751968		Jeffrey H. Skevington	2020-08-27T17:34:08	CC_BY_NC_4_0	Jeffrey H. Skevington	Jeffrey H. Skevington			2025-01-14T12:14:27.166Z	StillImage	COORDINATE_ROUNDED;CONTINENT_DERIVED_FROM_COORDINATES;TAXON_MATCH_TAXON_ID_IGNORED
3456711620	50c9509d-22c7-4a22-a47d-8c48425ef4a7	https://www.inaturalist.org/observations/104054852	Fungi	Basidiomycota	Agaricomycetes	Agaricales	Marasmiaceae	Marasmius	Marasmius rotula		SPECIES	Marasmius rotula (Scop.) Fr.	Marasmius rotula		CA		Québec	PRESENT		28eb1a3f-1c15-4a95-931a-4af90ecb574d	45.975239	-76.593872	27095.0						2021-07-14T10:43	14	7	2021	8908488	8908488	HUMAN_OBSERVATION	iNaturalist	Observations	104054852		L Joan Heyding	2021-12-31T20:52:07	CC_BY_NC_4_0	L Joan Heyding	L Joan Heyding			2025-01-14T12:25:16.232Z	StillImage	COORDINATE_ROUNDED;CONTINENT_DERIVED_FROM_COORDINATES;TAXON_MATCH_TAXON_ID_IGNORED
3455741408	50c9509d-22c7-4a22-a47d-8c48425ef4a7	https://www.inaturalist.org/observations/104047210	Fungi	Basidiomycota	Agaricomycetes	Agaricales	Marasmiaceae	Marasmius	Marasmius rotula		SPECIES	Marasmius rotula (Scop.) Fr.	Marasmius rotula		CA		Québec	PRESENT		28eb1a3f-1c15-4a95-931a-4af90ecb574d	45.996243	-76.481898	27095.0						2021-07-09T17:09	9	7	2021	8908488	8908488	HUMAN_OBSERVATION	iNaturalist	Observations	104047210		L Joan Heyding	2021-12-31T19:08:40	CC_BY_NC_4_0	L Joan Heyding	L Joan Heyding			2025-01-14T13:17:32.124Z	StillImage	COORDINATE_ROUNDED;CONTINENT_DERIVED_FROM_COORDINATES;TAXON_MATCH_TAXON_ID_IGNORED
3408106498	50c9509d-22c7-4a22-a47d-8c48425ef4a7	https://www.inaturalist.org/observations/87423214	Fungi	Basidiomycota	Agaricomycetes	Agaricales	Marasmiaceae	Marasmius	Marasmius rotula		SPECIES	Marasmius rotula (Scop.) Fr.	Marasmius rotula		CA		Québec	PRESENT		28eb1a3f-1c15-4a95-931a-4af90ecb574d	45.583862	-75.388726							2021-07-12T10:34:21	12	7	2021	8908488	8908488	HUMAN_OBSERVATION	iNaturalist	Observations	87423214		Jonathan Jensen-Lynch	2021-07-17T17:05:05	CC_BY_NC_4_0	Jonathan Jensen-Lynch	Jonathan Jensen-Lynch			2025-01-14T13:13:17.869Z		CONTINENT_DERIVED_FROM_COORDINATES;TAXON_MATCH_TAXON_ID_IGNORED
3398838431	50c9509d-22c7-4a22-a47d-8c48425ef4a7	https://www.inaturalist.org/observations/98664355	Fungi	Basidiomycota	Agaricomycetes	Agaricales	Marasmiaceae	Marasmius	Marasmius rotula		SPECIES	Marasmius rotula (Scop.) Fr.	Marasmius rotula		CA		Québec	PRESENT		28eb1a3f-1c15-4a95-931a-4af90ecb574d	45.511075	-73.584733	4.0						2021-10-06T17:26:37	6	10	2021	8908488	8908488	HUMAN_OBSERVATION	iNaturalist	Observations	98664355		erikawalback	2021-10-19T01:36:31	CC_BY_NC_4_0	erikawalback	erikawalback			2025-01-14T12:21:55.225Z	StillImage	COORDINATE_ROUNDED;CONTINENT_DERIVED_FROM_COORDINATES;TAXON_MATCH_TAXON_ID_IGNORED
3330633524	50c9509d-22c7-4a22-a47d-8c48425ef4a7	https://www.inaturalist.org/observations/85376560	Fungi	Basidiomycota	Agaricomycetes	Agaricales	Marasmiaceae	Marasmius	Marasmius rotula		SPECIES	Marasmius rotula (Scop.) Fr.	Marasmius rotula		CA		Québec	PRESENT		28eb1a3f-1c15-4a95-931a-4af90ecb574d	45.348318	-72.314363	4105.0						2021-07-01T14:03	1	7	2021	8908488	8908488	HUMAN_OBSERVATION	iNaturalist	Observations	85376560		Jérémi LePage	2021-07-02T19:45:38	CC_BY_NC_4_0	Jérémi LePage	Jérémi LePage			2025-01-14T12:19:08.786Z	StillImage	COORDINATE_ROUNDED;CONTINENT_DERIVED_FROM_COORDINATES;TAXON_MATCH_TAXON_ID_IGNORED
3325679997	50c9509d-22c7-4a22-a47d-8c48425ef4a7	https://www.inaturalist.org/observations/85701068	Fungi	Basidiomycota	Agaricomycetes	Agaricales	Marasmiaceae	Marasmius	Marasmius rotula		SPECIES	Marasmius rotula (Scop.) Fr.	Marasmius rotula		CA		New Brunswick	PRESENT		28eb1a3f-1c15-4a95-931a-4af90ecb574d	45.961578	-66.658487	511.0						2021-07-04T19:29:18	4	7	2021	8908488	8908488	HUMAN_OBSERVATION	iNaturalist	Observations	85701068		daisyb0i	2021-07-05T00:02:27	CC_BY_NC_4_0	daisyb0i	daisyb0i			2025-01-14T12:19:11.237Z	StillImage	COORDINATE_ROUNDED;CONTINENT_DERIVED_FROM_COORDINATES;TAXON_MATCH_TAXON_ID_IGNORED
3079653661	50c9509d-22c7-4a22-a47d-8c48425ef4a7	https://www.inaturalist.org/observations/30430541	Fungi	Basidiomycota	Agaricomycetes	Agaricales	Marasmiaceae	Marasmius	Marasmius rotula		SPECIES	Marasmius rotula (Scop.) Fr.	Marasmius rotula		CA		Ontario	PRESENT		28eb1a3f-1c15-4a95-931a-4af90ecb574d	45.403556	-75.571297	64.0						2019-08-07T09:28	7	8	2019	8908488	8908488	HUMAN_OBSERVATION	iNaturalist	Observations	30430541		Igor Khomenko	2019-08-08T16:26:09	CC_BY_NC_4_0	Igor Khomenko	Igor Khomenko			2025-01-14T12:08:37.840Z	StillImage	COORDINATE_ROUNDED;CONTINENT_DERIVED_FROM_COORDINATES;TAXON_MATCH_TAXON_ID_IGNORED
3022659588	1f917113-dd55-4000-9f80-6266fab1af03	615397	Fungi	Basidiomycota	Agaricomycetes	Agaricales	Marasmiaceae	Marasmius	Marasmius rotula		SPECIES	Marasmius rotula (Scop.) Fr.	Marasmius rotula (Scop.) Fr.		CA	Huntsville, Peeler Lake trail		PRESENT		32859580-c30c-4367-8a8a-71f00fc9f833	45.4	-79.04944							2003-09-20	20	9	2003	8908488	8908488	PRESERVED_SPECIMEN	TAAM	TAAM	TAAM176406		Vello Liiv;Kuulo Kalamees	2003-09-20T00:00:00	CC_BY_NC_4_0	Irma Zettur	Kuulo Kalamees;Vello Liiv			2025-01-12T09:58:14.547Z		CONTINENT_DERIVED_FROM_COORDINATES
2992877512	50c9509d-22c7-4a22-a47d-8c48425ef4a7	https://www.inaturalist.org/observations/59311431	Fungi	Basidiomycota	Agaricomycetes	Agaricales	Marasmiaceae	Marasmius	Marasmius rotula		SPECIES	Marasmius rotula (Scop.) Fr.	Marasmius rotula		CA		Québec	PRESENT		28eb1a3f-1c15-4a95-931a-4af90ecb574d	45.546272	-73.342501	263.0						2020-09-11T14:19:59	11	9	2020	8908488	8908488	HUMAN_OBSERVATION	iNaturalist	Observations	59311431		laurencep	2020-09-12T13:09:02	CC_BY_NC_4_0	laurencep	laurencep			2025-01-14T12:14:54.771Z	StillImage	COORDINATE_ROUNDED;CONTINENT_DERIVED_FROM_COORDINATES;TAXON_MATCH_TAXON_ID_IGNORED
2826423727	50c9509d-22c7-4a22-a47d-8c48425ef4a7	https://www.inaturalist.org/observations/54096687	Fungi	Basidiomycota	Agaricomycetes	Agaricales	Marasmiaceae	Marasmius	Marasmius rotula		SPECIES	Marasmius rotula (Scop.) Fr.	Marasmius rotula		CA		Ontario	PRESENT		28eb1a3f-1c15-4a95-931a-4af90ecb574d	45.368125	-75.795503	32.0						2020-07-23T12:21:07	23	7	2020	8908488	8908488	HUMAN_OBSERVATION	iNaturalist	Observations	54096687		Keith Seifert	2020-07-23T21:23:02	CC0_1_0	Keith Seifert	Keith Seifert			2025-01-14T13:04:47.073Z	StillImage	COORDINATE_ROUNDED;CONTINENT_DERIVED_FROM_COORDINATES;TAXON_MATCH_TAXON_ID_IGNORED
2818789592	50c9509d-22c7-4a22-a47d-8c48425ef4a7	https://www.inaturalist.org/observations/53255071	Fungi	Basidiomycota	Agaricomycetes	Agaricales	Marasmiaceae	Marasmius	Marasmius rotula		SPECIES	Marasmius rotula (Scop.) Fr.	Marasmius rotula		CA		Québec	PRESENT		28eb1a3f-1c15-4a95-931a-4af90ecb574d	45.026183	-72.721992							2020-07-01T19:39:12	1	7	2020	8908488	8908488	HUMAN_OBSERVATION	iNaturalist	Observations	53255071		wez	2020-07-16T13:50:43	CC_BY_NC_4_0	wez	wez			2025-01-14T13:12:09.131Z	StillImage	COORDINATE_ROUNDED;CONTINENT_DERIVED_FROM_COORDINATES;TAXON_MATCH_TAXON_ID_IGNORED
2818534222	50c9509d-22c7-4a22-a47d-8c48425ef4a7	https://www.inaturalist.org/observations/52988309	Fungi	Basidiomycota	Agaricomycetes	Agaricales	Marasmiaceae	Marasmius	Marasmius rotula		SPECIES	Marasmius rotula (Scop.) Fr.	Marasmius rotula		CA		Ontario	PRESENT		28eb1a3f-1c15-4a95-931a-4af90ecb574d	45.384145	-78.900579	4.0						2020-07-13T07:30	13	7	2020	8908488	8908488	HUMAN_OBSERVATION	iNaturalist	Observations	52988309		Dawn Sherman	2020-07-13T21:53:14	CC_BY_NC_4_0	Dawn Sherman	Dawn Sherman			2025-01-14T12:13:50.179Z	StillImage	COORDINATE_ROUNDED;CONTINENT_DERIVED_FROM_COORDINATES;TAXON_MATCH_TAXON_ID_IGNORED
2597689311	50c9509d-22c7-4a22-a47d-8c48425ef4a7	https://www.inaturalist.org/observations/41436043	Fungi	Basidiomycota	Agaricomycetes	Agaricales	Marasmiaceae	Marasmius	Marasmius rotula		SPECIES	Marasmius rotula (Scop.) Fr.	Marasmius rotula		CA		Québec	PRESENT		28eb1a3f-1c15-4a95-931a-4af90ecb574d	46.961575	-71.392833	159.0						2012-09-10	10	9	2012	8908488	8908488	HUMAN_OBSERVATION	iNaturalist	Observations	41436043		Christian Grenier	2020-04-05T12:28:29	CC_BY_NC_4_0	Christian Grenier	Christian Grenier			2025-01-14T13:10:45.737Z	StillImage	COORDINATE_ROUNDED;CONTINENT_DERIVED_FROM_COORDINATES;TAXON_MATCH_TAXON_ID_IGNORED
2423615070	21705170-d2b6-42de-8904-c3bca4b83591	CMMF020530	Fungi	Basidiomycota	Agaricomycetes	Agaricales	Marasmiaceae	Marasmius	Marasmius rotula		SPECIES	Marasmius rotula (Scop.) Fr.	Marasmius rotula (Scop.) Fr.	(Scop.) Fr.	CA	Île des sœurs	Quebec	PRESENT		ff7bd5db-b724-4932-b496-10ea298851f9	45.455315	-73.551782	500.0						1980-06-13	13	6	1980	8908488	8908488	PRESERVED_SPECIMEN	Université de Montréal Biodiversity Centre	CMMF	CMMF020530	1980-68	McNeil, Raymond		CC0_1_0	Université de Montréal Biodiversity Centre	Haméon, G.			2024-01-24T16:38:15.974Z		INSTITUTION_MATCH_FUZZY;COLLECTION_MATCH_FUZZY;DIFFERENT_OWNER_INSTITUTION
2423612304	21705170-d2b6-42de-8904-c3bca4b83591	CMMF018722	Fungi	Basidiomycota	Agaricomycetes	Agaricales	Marasmiaceae	Marasmius	Marasmius rotula		SPECIES	Marasmius rotula (Scop.) Fr.	Marasmius rotula (Scop.) Fr.	(Scop.) Fr.	CA	Station de biologie des Laurentides, Université de Montréal, quadrat 1.	Québec	PRESENT		ff7bd5db-b724-4932-b496-10ea298851f9	45.983387	-74.016094	100.0		371.0				1985-07-03	3	7	1985	8908488	8908488	PRESERVED_SPECIMEN	Université de Montréal Biodiversity Centre	CMMF	CMMF018722	Q1.307.3	Nantel, Patrick		CC0_1_0	Université de Montréal Biodiversity Centre	Nantel, Patrick			2024-01-24T16:38:18.562Z		INSTITUTION_MATCH_FUZZY;COLLECTION_MATCH_FUZZY;DIFFERENT_OWNER_INSTITUTION
2423612079	21705170-d2b6-42de-8904-c3bca4b83591	CMMF020602	Fungi	Basidiomycota	Agaricomycetes	Agaricales	Marasmiaceae	Marasmius	Marasmius rotula		SPECIES	Marasmius rotula (Scop.) Fr.	Marasmius rotula (Scop.) Fr.	(Scop.) Fr.	CA	Granby, P.Q.	Quebec	PRESENT		ff7bd5db-b724-4932-b496-10ea298851f9	45.362026	-72.608849	3500.0						1947-07-05	5	7	1947	8908488	8908488	PRESERVED_SPECIMEN	Université de Montréal Biodiversity Centre	CMMF	CMMF020602	1328	Groves, J.W.		CC0_1_0	Université de Montréal Biodiversity Centre	Fabius, Fr.			2024-01-24T16:38:16.040Z		INSTITUTION_MATCH_FUZZY;COLLECTION_MATCH_FUZZY;DIFFERENT_OWNER_INSTITUTION
2366141164	50c9509d-22c7-4a22-a47d-8c48425ef4a7	https://www.inaturalist.org/observations/31253192	Fungi	Basidiomycota	Agaricomycetes	Agaricales	Marasmiaceae	Marasmius	Marasmius rotula		SPECIES	Marasmius rotula (Scop.) Fr.	Marasmius rotula		CA		New Brunswick	PRESENT		28eb1a3f-1c15-4a95-931a-4af90ecb574d	45.951256	-66.671783	6.0						2019-08-20T14:55	20	8	2019	8908488	8908488	HUMAN_OBSERVATION	iNaturalist	Observations	31253192		John D Reynolds	2019-08-21T20:33:04	CC_BY_4_0	John D Reynolds	John D Reynolds			2025-01-14T12:08:55.788Z	StillImage	COORDINATE_ROUNDED;CONTINENT_DERIVED_FROM_COORDINATES;TAXON_MATCH_TAXON_ID_IGNORED
2269276288	50c9509d-22c7-4a22-a47d-8c48425ef4a7	https://www.inaturalist.org/observations/27129403	Fungi	Basidiomycota	Agaricomycetes	Agaricales	Marasmiaceae	Marasmius	Marasmius rotula		SPECIES	Marasmius rotula (Scop.) Fr.	Marasmius rotula		CA		Ontario	PRESENT		28eb1a3f-1c15-4a95-931a-4af90ecb574d	45.28098	-76.690168	830.0						2019-06-16T12:55	16	6	2019	8908488	8908488	HUMAN_OBSERVATION	iNaturalist	Observations	27129403		jonathan_mack	2019-06-17T01:41:35	CC_BY_NC_4_0	jonathan_mack	jonathan_mack			2025-01-14T12:07:49.314Z	StillImage	COORDINATE_ROUNDED;CONTINENT_DERIVED_FROM_COORDINATES;TAXON_MATCH_TAXON_ID_IGNORED
1990328723	032f1fbe-d21f-407d-be46-5cd1bb1ea397	ddb2930c-cc91-4a0a-bc56-5e5b4c1ee435	Fungi	Basidiomycota	Agaricomycetes	Agaricales	Marasmiaceae	Marasmius	Marasmius rotula		SPECIES	Marasmius rotula (Scop.) Fr.	Marasmius rotula	(Scop.) Fr.	CA	Ottawa	Ontario	PRESENT		61c539d8-47e0-4b82-875f-b95aad66dcd4	45.421389	-75.696944							1987-06-21	21	6	1987	8908488	8908488	PRESERVED_SPECIMEN	TENN-F		TENN-F-056790	DED4294			CC0_1_0		D.E. Desjardin			2025-01-12T10:33:54.001Z		COORDINATE_ROUNDED;GEODETIC_DATUM_ASSUMED_WGS84;CONTINENT_DERIVED_FROM_COORDINATES;TAXON_MATCH_TAXON_ID_IGNORED;INSTITUTION_MATCH_NONE
1920845048	50c9509d-22c7-4a22-a47d-8c48425ef4a7	https://www.inaturalist.org/observations/17425005	Fungi	Basidiomycota	Agaricomycetes	Agaricales	Marasmiaceae	Marasmius	Marasmius rotula		SPECIES	Marasmius rotula (Scop.) Fr.	Marasmius rotula		CA		Ontario	PRESENT		28eb1a3f-1c15-4a95-931a-4af90ecb574d	45.209661	-75.230586							2017-06-24T15:37	24	6	2017	8908488	8908488	HUMAN_OBSERVATION	iNaturalist	Observations	17425005		jonathan_mack	2018-10-12T01:59:10	CC_BY_NC_4_0	jonathan_mack	jonathan_mack			2025-01-14T12:05:55.646Z	StillImage	COORDINATE_ROUNDED;CONTINENT_DERIVED_FROM_COORDINATES;TAXON_MATCH_TAXON_ID_IGNORED
1901069165	50c9509d-22c7-4a22-a47d-8c48425ef4a7	https://www.inaturalist.org/observations/16200138	Fungi	Basidiomycota	Agaricomycetes	Agaricales	Marasmiaceae	Marasmius	Marasmius rotula		SPECIES	Marasmius rotula (Scop.) Fr.	Marasmius rotula		CA		Québec	PRESENT		28eb1a3f-1c15-4a95-931a-4af90ecb574d	45.595816	-75.993265	152.0						2018-09-03T13:35:53	3	9	2018	8908488	8908488	HUMAN_OBSERVATION	iNaturalist	Observations	16200138		Jan Przybylo	2018-09-04T12:38:08	CC_BY_NC_4_0	Jan Przybylo	Jan Przybylo			2025-01-14T13:01:28.349Z	StillImage	COORDINATE_ROUNDED;CONTINENT_DERIVED_FROM_COORDINATES;TAXON_MATCH_TAXON_ID_IGNORED
1901052592	50c9509d-22c7-4a22-a47d-8c48425ef4a7	https://www.inaturalist.org/observations/16129975	Fungi	Basidiomycota	Agaricomycetes	Agaricales	Marasmiaceae	Marasmius	Marasmius rotula		SPECIES	Marasmius rotula (Scop.) Fr.	Marasmius rotula		CA		Ontario	PRESENT		28eb1a3f-1c15-4a95-931a-4af90ecb574d	45.071726	-78.784789	31.0						2018-09-01T15:47	1	9	2018	8908488	8908488	HUMAN_OBSERVATION	iNaturalist	Observations	16129975		David Kaposi	2018-09-02T13:17:05	CC_BY_NC_4_0	David Kaposi	David Kaposi			2025-01-14T13:00:53.580Z	StillImage	COORDINATE_ROUNDED;CONTINENT_DERIVED_FROM_COORDINATES;TAXON_MATCH_TAXON_ID_IGNORED
1701558083	39bd4817-9530-4341-a918-4f16b8db1419	UdeM:CMMF:Blitz2017:59	Fungi	Basidiomycota	Agaricomycetes	Agaricales	Marasmiaceae	Marasmius	Marasmius rotula		SPECIES	Marasmius rotula (Scop.) Fr.	Marasmius rotula (Scop.) Fr., 1838	(Scop.) Fr., 1838	CA	Parc des Chutes de Sainte-Ursule	Québec	PRESENT		ff7bd5db-b724-4932-b496-10ea298851f9	46.300422	-73.094321	500.0						2017-08-09	9	8	2017	8908488	8908488	HUMAN_OBSERVATION	Université de Montréal Biodiversity Centre	CMMF			Raymond Archambault et Joseph Nuzzolese	2017-08-09T00:00:00	CC0_1_0		IRBV's graduate students			2024-01-24T17:29:10.734Z		
1699435585	21705170-d2b6-42de-8904-c3bca4b83591	CMMF020590	Fungi	Basidiomycota	Agaricomycetes	Agaricales	Marasmiaceae	Marasmius	Marasmius rotula		SPECIES	Marasmius rotula (Scop.) Fr.	Marasmius rotula (Scop.) Fr.	(Scop.) Fr.	CA	Pointe du Buisson	Quebec	PRESENT		ff7bd5db-b724-4932-b496-10ea298851f9	45.317721	-73.965583	100.0						1981-07-31	31	7	1981	8908488	8908488	PRESERVED_SPECIMEN	Université de Montréal Biodiversity Centre	CMMF	CMMF020590	s.n.			CC0_1_0	Université de Montréal Biodiversity Centre	Beaumont, Jean-Pierre			2024-01-24T16:38:15.875Z		INSTITUTION_MATCH_FUZZY;COLLECTION_MATCH_FUZZY;DIFFERENT_OWNER_INSTITUTION
1699435457	21705170-d2b6-42de-8904-c3bca4b83591	CMMF019760	Fungi	Basidiomycota	Agaricomycetes	Agaricales	Marasmiaceae	Marasmius	Marasmius rotula		SPECIES	Marasmius rotula (Scop.) Fr.	Marasmius rotula (Scop.) Fr.	(Scop.) Fr.	CA	Station de biologie des Laurentides, Université de Montréal, quadrat 5.	Québec	PRESENT		ff7bd5db-b724-4932-b496-10ea298851f9	45.996939	-73.993352	75.0		348.0				1986-06-25	25	6	1986	8908488	8908488	PRESERVED_SPECIMEN	Université de Montréal Biodiversity Centre	CMMF	CMMF019760	Q5.2506.7			CC0_1_0	Université de Montréal Biodiversity Centre	Nantel, Patrick; Marois, Nathalie			2024-01-24T16:38:16.176Z		INSTITUTION_MATCH_FUZZY;COLLECTION_MATCH_FUZZY;DIFFERENT_OWNER_INSTITUTION
1412709600	21705170-d2b6-42de-8904-c3bca4b83591	CMMF018077	Fungi	Basidiomycota	Agaricomycetes	Agaricales	Marasmiaceae	Marasmius	Marasmius rotula		SPECIES	Marasmius rotula (Scop.) Fr.	Marasmius rotula (Scop.) Fr.	(Scop.) Fr.	CA	Entre lac Croche et Triton, Station de biologie des Laurentides, Saint-Hippolyte, Québec.	Québec	PRESENT		ff7bd5db-b724-4932-b496-10ea298851f9	45.988691	-74.00708	250.0						1976-07-21	21	7	1976	8908488	8908488	PRESERVED_SPECIMEN	Université de Montréal Biodiversity Centre	CMMF	CMMF018077		unknown		CC0_1_0	Université de Montréal Biodiversity Centre	unknown			2024-01-24T16:38:17.950Z		INSTITUTION_MATCH_FUZZY;COLLECTION_MATCH_FUZZY;DIFFERENT_OWNER_INSTITUTION
1412709176	21705170-d2b6-42de-8904-c3bca4b83591	CMMF017601	Fungi	Basidiomycota	Agaricomycetes	Agaricales	Marasmiaceae	Marasmius	Marasmius rotula		SPECIES	Marasmius rotula (Scop.) Fr.	Marasmius rotula (Scop.) Fr.	(Scop.) Fr.	CA	Saraguay, Québec.	Québec	PRESENT		ff7bd5db-b724-4932-b496-10ea298851f9	45.514983	-73.741417	1000.0						1980-06-12	12	6	1980	8908488	8908488	PRESERVED_SPECIMEN	Université de Montréal Biodiversity Centre	CMMF	CMMF017601	1980-65	McNeil, Raymond		CC0_1_0	Université de Montréal Biodiversity Centre	Haméon, G.			2024-01-24T16:38:15.762Z		INSTITUTION_MATCH_FUZZY;COLLECTION_MATCH_FUZZY;DIFFERENT_OWNER_INSTITUTION
1412709030	21705170-d2b6-42de-8904-c3bca4b83591	CMMF017527	Fungi	Basidiomycota	Agaricomycetes	Agaricales	Marasmiaceae	Marasmius	Marasmius rotula		SPECIES	Marasmius rotula (Scop.) Fr.	Marasmius rotula (Scop.) Fr.	(Scop.) Fr.	CA	Cap Saint-Jacques 3, Québec.	Québec	PRESENT		ff7bd5db-b724-4932-b496-10ea298851f9	45.465391	-73.920995	4000.0						1980-07-03	3	7	1980	8908488	8908488	PRESERVED_SPECIMEN	Université de Montréal Biodiversity Centre	CMMF	CMMF017527	1980-65b	McNeil, Raymond		CC0_1_0	Université de Montréal Biodiversity Centre	Haméon, G.			2024-01-24T16:38:15.777Z		INSTITUTION_MATCH_FUZZY;COLLECTION_MATCH_FUZZY;DIFFERENT_OWNER_INSTITUTION
1412707944	21705170-d2b6-42de-8904-c3bca4b83591	CMMF016328	Fungi	Basidiomycota	Agaricomycetes	Agaricales	Marasmiaceae	Marasmius	Marasmius rotula		SPECIES	Marasmius rotula (Scop.) Fr.	Marasmius rotula (Scop.) Fr.	(Scop.) Fr.	CA	Cap-à-l'Ouest, LaBaie, Québec.	Québec	PRESENT		ff7bd5db-b724-4932-b496-10ea298851f9	48.378331	-70.82036	6000.0						1996-08-13	13	8	1996	8908488	8908488	PRESERVED_SPECIMEN	Université de Montréal Biodiversity Centre	CMMF	CMMF016328	1765	Guérin, Gérard		CC0_1_0	Université de Montréal Biodiversity Centre	Guérin, Gérard			2024-01-24T16:38:19.625Z	StillImage	INSTITUTION_MATCH_FUZZY;COLLECTION_MATCH_FUZZY;DIFFERENT_OWNER_INSTITUTION
1412707817	21705170-d2b6-42de-8904-c3bca4b83591	CMMF016335	Fungi	Basidiomycota	Agaricomycetes	Agaricales	Marasmiaceae	Marasmius	Marasmius rotula		SPECIES	Marasmius rotula (Scop.) Fr.	Marasmius rotula (Scop.) Fr.	(Scop.) Fr.	CA	Lac Émeraude, Saint-Ubalde, Québec.	Québec	PRESENT		ff7bd5db-b724-4932-b496-10ea298851f9	46.820449	-72.234717	2000.0						1994-07-20	20	7	1994	8908488	8908488	PRESERVED_SPECIMEN	Université de Montréal Biodiversity Centre	CMMF	CMMF016335	1764	Guérin, Gérard		CC0_1_0	Université de Montréal Biodiversity Centre	Guérin, Gérard			2024-01-24T16:38:19.618Z	StillImage	INSTITUTION_MATCH_FUZZY;COLLECTION_MATCH_FUZZY;DIFFERENT_OWNER_INSTITUTION
1412704338	21705170-d2b6-42de-8904-c3bca4b83591	CMMF012403	Fungi	Basidiomycota	Agaricomycetes	Agaricales	Marasmiaceae	Marasmius	Marasmius rotula		SPECIES	Marasmius rotula (Scop.) Fr.	Marasmius rotula (Scop.) Fr.	(Scop.) Fr.	CA	Granby, Québec.	Québec	PRESENT		ff7bd5db-b724-4932-b496-10ea298851f9	45.4	-72.733333	5000.0						1947-07-05	5	7	1947	8908488	8908488	PRESERVED_SPECIMEN	Université de Montréal Biodiversity Centre	CMMF	CMMF012403	1328	Groves, J.W.		CC0_1_0	Université de Montréal Biodiversity Centre	Fabius, Fr.			2024-01-24T16:38:19.974Z		INSTITUTION_MATCH_FUZZY;COLLECTION_MATCH_FUZZY;DIFFERENT_OWNER_INSTITUTION
1135071012	21705170-d2b6-42de-8904-c3bca4b83591	CMMF009583	Fungi	Basidiomycota	Agaricomycetes	Agaricales	Marasmiaceae	Marasmius	Marasmius rotula		SPECIES	Marasmius rotula (Scop.) Fr.	Marasmius rotula (Scop.) Fr.	(Scop.) Fr.	CA	École Montagnac, Lac-Beauport.	Québec	PRESENT		ff7bd5db-b724-4932-b496-10ea298851f9	46.946241	-71.297755	400.0						2007-07-21	21	7	2007	8908488	8908488	PRESERVED_SPECIMEN	Université de Montréal Biodiversity Centre	CMMF	CMMF009583	1167	Labrecque, Jacqueline		CC0_1_0	Université de Montréal Biodiversity Centre	Labrecque, Jacqueline			2024-01-24T16:38:21.716Z		INSTITUTION_MATCH_FUZZY;COLLECTION_MATCH_FUZZY;DIFFERENT_OWNER_INSTITUTION
1135070932	21705170-d2b6-42de-8904-c3bca4b83591	CMMF009505	Fungi	Basidiomycota	Agaricomycetes	Agaricales	Marasmiaceae	Marasmius	Marasmius rotula		SPECIES	Marasmius rotula (Scop.) Fr.	Marasmius rotula (Scop.) Fr.	(Scop.) Fr.	CA	Parc des Moulins, Québec.	Québec	PRESENT		ff7bd5db-b724-4932-b496-10ea298851f9	46.887678	-71.301288	600.0						2007-07-12	12	7	2007	8908488	8908488	PRESERVED_SPECIMEN	Université de Montréal Biodiversity Centre	CMMF	CMMF009505	1089	Labrecque, Jacqueline		CC0_1_0	Université de Montréal Biodiversity Centre	Labrecque, Jacqueline			2024-01-24T16:38:21.726Z		INSTITUTION_MATCH_FUZZY;COLLECTION_MATCH_FUZZY;DIFFERENT_OWNER_INSTITUTION
1135070125	21705170-d2b6-42de-8904-c3bca4b83591	CMMF008646	Fungi	Basidiomycota	Agaricomycetes	Agaricales	Marasmiaceae	Marasmius	Marasmius rotula		SPECIES	Marasmius rotula (Scop.) Fr.	Marasmius rotula (Scop.) Fr.	(Scop.) Fr.	CA	Château Bigot (Est), Québec.	Québec	PRESENT		ff7bd5db-b724-4932-b496-10ea298851f9	46.89949	-71.260192	1000.0						2006-06-18	18	6	2006	8908488	8908488	PRESERVED_SPECIMEN	Université de Montréal Biodiversity Centre	CMMF	CMMF008646	223	Labrecque, Jacqueline		CC0_1_0	Université de Montréal Biodiversity Centre	Labrecque, Jacqueline			2024-01-24T16:38:17.972Z		INSTITUTION_MATCH_FUZZY;COLLECTION_MATCH_FUZZY;DIFFERENT_OWNER_INSTITUTION
1135070084	21705170-d2b6-42de-8904-c3bca4b83591	CMMF008690	Fungi	Basidiomycota	Agaricomycetes	Agaricales	Marasmiaceae	Marasmius	Marasmius rotula		SPECIES	Marasmius rotula (Scop.) Fr.	Marasmius rotula (Scop.) Fr.	(Scop.) Fr.	CA	Chemin de la Chapelle, Lac-Beauport.	Québec	PRESENT		ff7bd5db-b724-4932-b496-10ea298851f9	46.949281	-71.284722	250.0						2006-07-03	3	7	2006	8908488	8908488	PRESERVED_SPECIMEN	Université de Montréal Biodiversity Centre	CMMF	CMMF008690	271	Labrecque, Jacqueline		CC0_1_0	Université de Montréal Biodiversity Centre	Labrecque, Jacqueline			2024-01-24T16:38:18.028Z	StillImage	INSTITUTION_MATCH_FUZZY;COLLECTION_MATCH_FUZZY;DIFFERENT_OWNER_INSTITUTION
1135069473	21705170-d2b6-42de-8904-c3bca4b83591	CMMF007971	Fungi	Basidiomycota	Agaricomycetes	Agaricales	Marasmiaceae	Marasmius	Marasmius rotula		SPECIES	Marasmius rotula (Scop.) Fr.	Marasmius rotula (Scop.) Fr.	(Scop.) Fr.	CA	Notre-Dame-du-Rosaire	Québec	PRESENT		ff7bd5db-b724-4932-b496-10ea298851f9	46.801567	-70.357633	100.0						2006-07-03	3	7	2006	8908488	8908488	PRESERVED_SPECIMEN	Université de Montréal Biodiversity Centre	CMMF	CMMF007971	Inexistant	McNeil, Raymond		CC0_1_0	Université de Montréal Biodiversity Centre	McNeil, Raymond			2024-01-24T16:38:15.619Z	StillImage	COORDINATE_ROUNDED;INSTITUTION_MATCH_FUZZY;COLLECTION_MATCH_FUZZY;DIFFERENT_OWNER_INSTITUTION
1135069463	21705170-d2b6-42de-8904-c3bca4b83591	CMMF007965	Fungi	Basidiomycota	Agaricomycetes	Agaricales	Marasmiaceae	Marasmius	Marasmius rotula		SPECIES	Marasmius rotula (Scop.) Fr.	Marasmius rotula (Scop.) Fr.	(Scop.) Fr.	CA	Notre-Dame-du-Rosaire	Québec	PRESENT		ff7bd5db-b724-4932-b496-10ea298851f9	46.801567	-70.357633	100.0						2007-07-02	2	7	2007	8908488	8908488	PRESERVED_SPECIMEN	Université de Montréal Biodiversity Centre	CMMF	CMMF007965	Inexistant	McNeil, Raymond		CC0_1_0	Université de Montréal Biodiversity Centre	McNeil, Raymond			2024-01-24T16:38:15.614Z	StillImage	COORDINATE_ROUNDED;INSTITUTION_MATCH_FUZZY;COLLECTION_MATCH_FUZZY;DIFFERENT_OWNER_INSTITUTION
1135069420	21705170-d2b6-42de-8904-c3bca4b83591	CMMF007962	Fungi	Basidiomycota	Agaricomycetes	Agaricales	Marasmiaceae	Marasmius	Marasmius rotula		SPECIES	Marasmius rotula (Scop.) Fr.	Marasmius rotula (Scop.) Fr.	(Scop.) Fr.	CA	Notre-Dame-du-Rosaire	Québec	PRESENT		ff7bd5db-b724-4932-b496-10ea298851f9	46.801567	-70.357633	100.0						2013-07-01	1	7	2013	8908488	8908488	PRESERVED_SPECIMEN	Université de Montréal Biodiversity Centre	CMMF	CMMF007962	C4192	McNeil, Raymond		CC0_1_0	Université de Montréal Biodiversity Centre	McNeil, Raymond			2024-01-24T16:38:15.613Z	StillImage	COORDINATE_ROUNDED;INSTITUTION_MATCH_FUZZY;COLLECTION_MATCH_FUZZY;DIFFERENT_OWNER_INSTITUTION
1135067580	21705170-d2b6-42de-8904-c3bca4b83591	CMMF006083	Fungi	Basidiomycota	Agaricomycetes	Agaricales	Marasmiaceae	Marasmius	Marasmius rotula		SPECIES	Marasmius rotula (Scop.) Fr.	Marasmius rotula (Scop.) Fr.	(Scop.) Fr.	CA	Châteauguay	Québec	PRESENT		ff7bd5db-b724-4932-b496-10ea298851f9	45.349833	-73.771	100.0						2005-07-23	23	7	2005	8908488	8908488	PRESERVED_SPECIMEN	Université de Montréal Biodiversity Centre	CMMF	CMMF006083	C2230	McNeil, Raymond		CC0_1_0	Université de Montréal Biodiversity Centre	McNeil, Raymond			2024-01-24T16:38:17.940Z	StillImage	COORDINATE_ROUNDED;INSTITUTION_MATCH_FUZZY;COLLECTION_MATCH_FUZZY;DIFFERENT_OWNER_INSTITUTION
1135067553	21705170-d2b6-42de-8904-c3bca4b83591	CMMF006082	Fungi	Basidiomycota	Agaricomycetes	Agaricales	Marasmiaceae	Marasmius	Marasmius rotula		SPECIES	Marasmius rotula (Scop.) Fr.	Marasmius rotula (Scop.) Fr.	(Scop.) Fr.	CA	Châteauguay	Québec	PRESENT		ff7bd5db-b724-4932-b496-10ea298851f9	45.349833	-73.771	100.0						2005-07-01	1	7	2005	8908488	8908488	PRESERVED_SPECIMEN	Université de Montréal Biodiversity Centre	CMMF	CMMF006082	C2179	McNeil, Raymond		CC0_1_0	Université de Montréal Biodiversity Centre	McNeil, Raymond			2024-01-24T16:38:17.936Z	StillImage	COORDINATE_ROUNDED;INSTITUTION_MATCH_FUZZY;COLLECTION_MATCH_FUZZY;DIFFERENT_OWNER_INSTITUTION
1024558961	21705170-d2b6-42de-8904-c3bca4b83591	CMMF004623	Fungi	Basidiomycota	Agaricomycetes	Agaricales	Marasmiaceae	Marasmius	Marasmius rotula		SPECIES	Marasmius rotula (Scop.) Fr.	Marasmius rotula (Scop.) Fr.	(Scop.) Fr.	CA	Réserve écologique du Boisé-des-Muir, Hinchinbrooke.	Québec	PRESENT		ff7bd5db-b724-4932-b496-10ea298851f9	45.085293	-74.113334	10.0						2011-06-06	6	6	2011	8908488	8908488	PRESERVED_SPECIMEN	Université de Montréal Biodiversity Centre	CMMF	CMMF004623	7	Lebeuf, Renée		CC0_1_0	Université de Montréal Biodiversity Centre	Archambault, Raymond; Lebeuf, Renée			2024-01-24T16:38:19.764Z		INSTITUTION_MATCH_FUZZY;COLLECTION_MATCH_FUZZY;DIFFERENT_OWNER_INSTITUTION
1024558682	21705170-d2b6-42de-8904-c3bca4b83591	CMMF004182	Fungi	Basidiomycota	Agaricomycetes	Agaricales	Marasmiaceae	Marasmius	Marasmius rotula		SPECIES	Marasmius rotula (Scop.) Fr.	Marasmius rotula (Scop.) Fr.	(Scop.) Fr.	CA	Réserve écologique du Boisé-des-Muir, Hinchinbrooke.	Québec	PRESENT		ff7bd5db-b724-4932-b496-10ea298851f9	45.085337	-74.113057	10.0						2012-06-05	5	6	2012	8908488	8908488	PRESERVED_SPECIMEN	Université de Montréal Biodiversity Centre	CMMF	CMMF004182	181	Archambault, Raymond		CC0_1_0	Université de Montréal Biodiversity Centre	Archambault, Raymond; Langlois, Annabelle; Turgon, Jean-Pierre			2024-01-24T16:38:18.611Z		INSTITUTION_MATCH_FUZZY;COLLECTION_MATCH_FUZZY;DIFFERENT_OWNER_INSTITUTION
