gbifID	datasetKey	occurrenceID	kingdom	phylum	class	order	family	genus	species	infraspecificEpithet	taxonRank	scientificName	verbatimScientificName	verbatimScientificNameAuthorship	countryCode	locality	stateProvince	occurrenceStatus	individualCount	publishingOrgKey	decimalLatitude	decimalLongitude	coordinateUncertaintyInMeters	coordinatePrecision	elevation	elevationAccuracy	depth	depthAccuracy	eventDate	day	month	year	taxonKey	speciesKey	basisOfRecord	institutionCode	collectionCode	catalogNumber	recordNumber	identifiedBy	dateIdentified	license	rightsHolder	recordedBy	typeStatus	establishmentMeans	lastInterpreted	mediaType	issue
617555229	21705170-d2b6-42de-8904-c3bca4b83591	CMMF000714	Fungi	Basidiomycota	Agaricomycetes	Agaricales	Psathyrellaceae	Coprinopsis	Coprinopsis lagopus		SPECIES	Coprinus lagopus (Fr.) Fr.	Coprinus lagopus (Fr.) Fr.	(Fr.) Fr.	CA	Châteauguay	Québec	PRESENT		ff7bd5db-b724-4932-b496-10ea298851f9	45.359455	-73.734207	5000.0						1989-09-03	3	9	1989	2534413	8945216	PRESERVED_SPECIMEN	Université de Montréal Biodiversity Centre	CMMF	CMMF000714		Lamoureux, Yves		CC0_1_0	Université de Montréal Biodiversity Centre	Lamoureux, Yves			2024-01-24T16:38:20.294Z	StillImage	INSTITUTION_MATCH_FUZZY;COLLECTION_MATCH_FUZZY;DIFFERENT_OWNER_INSTITUTION
617552882	21705170-d2b6-42de-8904-c3bca4b83591	CMMF003350	Fungi	Basidiomycota	Agaricomycetes	Agaricales	Psathyrellaceae	Coprinopsis	Coprinopsis lagopus		SPECIES	Coprinus lagopus (Fr.) Fr.	Coprinus lagopus (Fr.) Fr.	(Fr.) Fr.	CA	Brossard	Québec	PRESENT		ff7bd5db-b724-4932-b496-10ea298851f9	45.447591	-73.453807	6500.0						1999-08-14	14	8	1999	2534413	8945216	PRESERVED_SPECIMEN	Université de Montréal Biodiversity Centre	CMMF	CMMF003350		Lamoureux, Yves		CC0_1_0	Université de Montréal Biodiversity Centre	Lamoureux, Yves			2024-01-24T16:38:17.064Z	StillImage	INSTITUTION_MATCH_FUZZY;COLLECTION_MATCH_FUZZY;DIFFERENT_OWNER_INSTITUTION
4982039929	50c9509d-22c7-4a22-a47d-8c48425ef4a7	https://www.inaturalist.org/observations/59484983	Fungi	Basidiomycota	Agaricomycetes	Agaricales	Psathyrellaceae	Coprinopsis	Coprinopsis lagopus		SPECIES	Coprinopsis lagopus (Fr.) Redhead, Vilgalys & Moncalvo	Coprinopsis lagopus		CA		Ontario	PRESENT		28eb1a3f-1c15-4a95-931a-4af90ecb574d	45.321579	-75.798231	200.0						2020-09-13T15:15	13	9	2020	8945216	8945216	HUMAN_OBSERVATION	iNaturalist	Observations	59484983		Alan Rockefeller	2020-09-25T01:29:51	CC_BY_NC_4_0	mrrhodenizer	mrrhodenizer			2025-01-14T13:10:53.793Z	StillImage	COORDINATE_ROUNDED;CONTINENT_DERIVED_FROM_COORDINATES;TAXON_MATCH_TAXON_ID_IGNORED
4937113872	50c9509d-22c7-4a22-a47d-8c48425ef4a7	https://www.inaturalist.org/observations/185915094	Fungi	Basidiomycota	Agaricomycetes	Agaricales	Psathyrellaceae	Coprinopsis	Coprinopsis lagopus		SPECIES	Coprinopsis lagopus (Fr.) Redhead, Vilgalys & Moncalvo	Coprinopsis lagopus		CA		Ontario	PRESENT		28eb1a3f-1c15-4a95-931a-4af90ecb574d	45.220255	-75.465994	15474.0						2023-10-02T11:36:49	2	10	2023	8945216	8945216	HUMAN_OBSERVATION	iNaturalist	Observations	185915094		sburger82	2023-10-02T15:45:15	CC_BY_NC_4_0	sburger82	sburger82			2025-01-14T12:40:07.870Z		COORDINATE_ROUNDED;CONTINENT_DERIVED_FROM_COORDINATES;TAXON_MATCH_TAXON_ID_IGNORED
4936724851	50c9509d-22c7-4a22-a47d-8c48425ef4a7	https://www.inaturalist.org/observations/237256273	Fungi	Basidiomycota	Agaricomycetes	Agaricales	Psathyrellaceae	Coprinopsis	Coprinopsis lagopus		SPECIES	Coprinopsis lagopus (Fr.) Redhead, Vilgalys & Moncalvo	Coprinopsis lagopus		CA		Ontario	PRESENT		28eb1a3f-1c15-4a95-931a-4af90ecb574d	45.832444	-76.902131	6.0						2024-08-21T11:17	21	8	2024	8945216	8945216	HUMAN_OBSERVATION	iNaturalist	Observations	237256273		apo11osdad	2024-08-22T10:52:18	CC_BY_NC_4_0	apo11osdad	apo11osdad			2025-01-14T12:49:13.774Z	StillImage	COORDINATE_ROUNDED;CONTINENT_DERIVED_FROM_COORDINATES;TAXON_MATCH_TAXON_ID_IGNORED
4936400694	50c9509d-22c7-4a22-a47d-8c48425ef4a7	https://www.inaturalist.org/observations/88517322	Fungi	Basidiomycota	Agaricomycetes	Agaricales	Psathyrellaceae	Coprinopsis	Coprinopsis lagopus		SPECIES	Coprinopsis lagopus (Fr.) Redhead, Vilgalys & Moncalvo	Coprinopsis lagopus		CA		Ontario	PRESENT		28eb1a3f-1c15-4a95-931a-4af90ecb574d	45.399983	-75.755828	16.0						2021-07-25T06:20:09	25	7	2021	8945216	8945216	HUMAN_OBSERVATION	iNaturalist	Observations	88517322		adamfritz	2021-07-25T10:20:41	CC_BY_4_0	adamfritz	adamfritz			2025-01-14T12:20:24.816Z	StillImage	COORDINATE_ROUNDED;CONTINENT_DERIVED_FROM_COORDINATES;TAXON_MATCH_TAXON_ID_IGNORED
4528184210	50c9509d-22c7-4a22-a47d-8c48425ef4a7	https://www.inaturalist.org/observations/195078229	Fungi	Basidiomycota	Agaricomycetes	Agaricales	Psathyrellaceae	Coprinopsis	Coprinopsis lagopus		SPECIES	Coprinopsis lagopus (Fr.) Redhead, Vilgalys & Moncalvo	Coprinopsis lagopus		CA		Québec	PRESENT		28eb1a3f-1c15-4a95-931a-4af90ecb574d	46.955497	-71.40211	15.0						2023-09-23	23	9	2023	8945216	8945216	HUMAN_OBSERVATION	iNaturalist	Observations	195078229		Christian Grenier	2023-12-28T15:47:37	CC_BY_NC_4_0	Christian Grenier	Christian Grenier			2025-01-14T13:35:34.185Z	StillImage	COORDINATE_ROUNDED;CONTINENT_DERIVED_FROM_COORDINATES;TAXON_MATCH_TAXON_ID_IGNORED
4507602545	50c9509d-22c7-4a22-a47d-8c48425ef4a7	https://www.inaturalist.org/observations/97693672	Fungi	Basidiomycota	Agaricomycetes	Agaricales	Psathyrellaceae	Coprinopsis	Coprinopsis lagopus		SPECIES	Coprinopsis lagopus (Fr.) Redhead, Vilgalys & Moncalvo	Coprinopsis lagopus		CA		Ontario	PRESENT		28eb1a3f-1c15-4a95-931a-4af90ecb574d	45.324238	-75.799773	201.0						2021-10-08T11:41:22	8	10	2021	8945216	8945216	HUMAN_OBSERVATION	iNaturalist	Observations	97693672		amanitamozart	2023-06-06T20:22:45	CC_BY_NC_4_0	warblerific	warblerific			2025-01-14T13:11:51.470Z		COORDINATE_ROUNDED;CONTINENT_DERIVED_FROM_COORDINATES;TAXON_MATCH_TAXON_ID_IGNORED
4438654987	50c9509d-22c7-4a22-a47d-8c48425ef4a7	https://www.inaturalist.org/observations/183119013	Fungi	Basidiomycota	Agaricomycetes	Agaricales	Psathyrellaceae	Coprinopsis	Coprinopsis lagopus		SPECIES	Coprinopsis lagopus (Fr.) Redhead, Vilgalys & Moncalvo	Coprinopsis lagopus		CA		Ontario	PRESENT		28eb1a3f-1c15-4a95-931a-4af90ecb574d	45.09962	-75.640708	4.0						2023-09-06T09:12:01	6	9	2023	8945216	8945216	HUMAN_OBSERVATION	iNaturalist	Observations	183119013		judieg	2023-09-13T19:15:58	CC_BY_NC_4_0	judieg	judieg			2025-01-14T13:29:56.727Z	StillImage	COORDINATE_ROUNDED;CONTINENT_DERIVED_FROM_COORDINATES;TAXON_MATCH_TAXON_ID_IGNORED
4430865932	50c9509d-22c7-4a22-a47d-8c48425ef4a7	https://www.inaturalist.org/observations/133611028	Fungi	Basidiomycota	Agaricomycetes	Agaricales	Psathyrellaceae	Coprinopsis	Coprinopsis lagopus		SPECIES	Coprinopsis lagopus (Fr.) Redhead, Vilgalys & Moncalvo	Coprinopsis lagopus		CA		Ontario	PRESENT		28eb1a3f-1c15-4a95-931a-4af90ecb574d	45.580582	-77.244892	186.0						2022-09-03T08:40:08	3	9	2022	8945216	8945216	HUMAN_OBSERVATION	iNaturalist	Observations	133611028		zohr	2022-09-04T14:16:09	CC_BY_NC_4_0	zohr	zohr			2025-01-14T12:31:49.462Z	StillImage	COORDINATE_ROUNDED;CONTINENT_DERIVED_FROM_COORDINATES;TAXON_MATCH_TAXON_ID_IGNORED
4430689288	50c9509d-22c7-4a22-a47d-8c48425ef4a7	https://www.inaturalist.org/observations/188332858	Fungi	Basidiomycota	Agaricomycetes	Agaricales	Psathyrellaceae	Coprinopsis	Coprinopsis lagopus		SPECIES	Coprinopsis lagopus (Fr.) Redhead, Vilgalys & Moncalvo	Coprinopsis lagopus		CA		Québec	PRESENT		28eb1a3f-1c15-4a95-931a-4af90ecb574d	45.549797	-73.461301	31.0						2023-09-30T15:14	30	9	2023	8945216	8945216	HUMAN_OBSERVATION	iNaturalist	Observations	188332858		Antoine Fortin	2023-10-21T02:40:07	CC_BY_NC_4_0	Antoine Fortin	Antoine Fortin			2025-01-14T13:33:50.182Z	StillImage	COORDINATE_ROUNDED;CONTINENT_DERIVED_FROM_COORDINATES;TAXON_MATCH_TAXON_ID_IGNORED
4430534529	50c9509d-22c7-4a22-a47d-8c48425ef4a7	https://www.inaturalist.org/observations/186736820	Fungi	Basidiomycota	Agaricomycetes	Agaricales	Psathyrellaceae	Coprinopsis	Coprinopsis lagopus		SPECIES	Coprinopsis lagopus (Fr.) Redhead, Vilgalys & Moncalvo	Coprinopsis lagopus		CA		Ontario	PRESENT		28eb1a3f-1c15-4a95-931a-4af90ecb574d	45.305937	-75.816085	169.0						2023-10-08T14:24:55	8	10	2023	8945216	8945216	HUMAN_OBSERVATION	iNaturalist	Observations	186736820		janesly	2023-10-08T19:01:05	CC_BY_NC_4_0	janesly	janesly			2025-01-14T13:29:53.079Z	StillImage	COORDINATE_ROUNDED;CONTINENT_DERIVED_FROM_COORDINATES;TAXON_MATCH_TAXON_ID_IGNORED
4421225963	50c9509d-22c7-4a22-a47d-8c48425ef4a7	https://www.inaturalist.org/observations/184941698	Fungi	Basidiomycota	Agaricomycetes	Agaricales	Psathyrellaceae	Coprinopsis	Coprinopsis lagopus		SPECIES	Coprinopsis lagopus (Fr.) Redhead, Vilgalys & Moncalvo	Coprinopsis lagopus		CA		Québec	PRESENT		28eb1a3f-1c15-4a95-931a-4af90ecb574d	45.379283	-74.188195	14.0						2023-09-23T10:48:47	23	9	2023	8945216	8945216	HUMAN_OBSERVATION	iNaturalist	Observations	184941698		Patrice Dauzet	2023-09-26T12:55:31	CC_BY_4_0	Mical	Mical			2025-01-14T12:42:29.056Z	StillImage	COORDINATE_ROUNDED;CONTINENT_DERIVED_FROM_COORDINATES;TAXON_MATCH_TAXON_ID_IGNORED
4413441866	50c9509d-22c7-4a22-a47d-8c48425ef4a7	https://www.inaturalist.org/observations/171008998	Fungi	Basidiomycota	Agaricomycetes	Agaricales	Psathyrellaceae	Coprinopsis	Coprinopsis lagopus		SPECIES	Coprinopsis lagopus (Fr.) Redhead, Vilgalys & Moncalvo	Coprinopsis lagopus		CA		Québec	PRESENT		28eb1a3f-1c15-4a95-931a-4af90ecb574d	45.710039	-73.825189							2023-07-04T06:03:19	4	7	2023	8945216	8945216	HUMAN_OBSERVATION	iNaturalist	Observations	171008998		annikp	2023-07-04T12:54:43	CC_BY_NC_4_0	annikp	annikp			2025-01-14T13:31:07.525Z	StillImage	COORDINATE_ROUNDED;CONTINENT_DERIVED_FROM_COORDINATES;TAXON_MATCH_TAXON_ID_IGNORED
4407095340	50c9509d-22c7-4a22-a47d-8c48425ef4a7	https://www.inaturalist.org/observations/42482840	Fungi	Basidiomycota	Agaricomycetes	Agaricales	Psathyrellaceae	Coprinopsis	Coprinopsis lagopus		SPECIES	Coprinopsis lagopus (Fr.) Redhead, Vilgalys & Moncalvo	Coprinopsis lagopus		CA		Québec	PRESENT		28eb1a3f-1c15-4a95-931a-4af90ecb574d	45.429958	-73.94594	72.0						2018-10-03T10:08	3	10	2018	8945216	8945216	HUMAN_OBSERVATION	iNaturalist	Observations	42482840		amanitamozart	2023-09-03T13:13:16	CC0_1_0	David Bird	David Bird			2025-01-14T12:11:32.815Z	StillImage	COORDINATE_ROUNDED;CONTINENT_DERIVED_FROM_COORDINATES;TAXON_MATCH_TAXON_ID_IGNORED
4405117376	50c9509d-22c7-4a22-a47d-8c48425ef4a7	https://www.inaturalist.org/observations/92732423	Fungi	Basidiomycota	Agaricomycetes	Agaricales	Psathyrellaceae	Coprinopsis	Coprinopsis lagopus		SPECIES	Coprinopsis lagopus (Fr.) Redhead, Vilgalys & Moncalvo	Coprinopsis lagopus		CA		Québec	PRESENT		28eb1a3f-1c15-4a95-931a-4af90ecb574d	45.886279	-76.523316	27095.0						2021-08-07T10:44	7	8	2021	8945216	8945216	HUMAN_OBSERVATION	iNaturalist	Observations	92732423		L Joan Heyding	2021-08-28T13:36:13	CC_BY_NC_4_0	L Joan Heyding	L Joan Heyding			2025-01-14T12:23:05.307Z	StillImage	COORDINATE_ROUNDED;CONTINENT_DERIVED_FROM_COORDINATES;TAXON_MATCH_TAXON_ID_IGNORED
4405097171	50c9509d-22c7-4a22-a47d-8c48425ef4a7	https://www.inaturalist.org/observations/179840255	Fungi	Basidiomycota	Agaricomycetes	Agaricales	Psathyrellaceae	Coprinopsis	Coprinopsis lagopus		SPECIES	Coprinopsis lagopus (Fr.) Redhead, Vilgalys & Moncalvo	Coprinopsis lagopus		CA		Ontario	PRESENT		28eb1a3f-1c15-4a95-931a-4af90ecb574d	45.320539	-75.584464	798.0						2023-08-23T07:23	23	8	2023	8945216	8945216	HUMAN_OBSERVATION	iNaturalist	Observations	179840255		Ray Snook	2023-08-23T15:46:15	CC_BY_NC_4_0	Ray Snook	Ray Snook			2025-01-14T12:40:08.252Z	StillImage	COORDINATE_ROUNDED;CONTINENT_DERIVED_FROM_COORDINATES;TAXON_MATCH_TAXON_ID_IGNORED
4166370603	695cef75-b65f-4776-b2ed-74565eebb16e	02-01000940431	Fungi	Basidiomycota	Agaricomycetes	Agaricales	Psathyrellaceae	Coprinopsis	Coprinopsis lagopus		SPECIES	Coprinus lagopus (Fr.) Fr.	Coprinus lagopus	(Fr.) Fr.	CA	Forêt Larose	Ontario	PRESENT		055bd978-2daa-4543-b3f0-44e0e87e86ca	45.383333	-75.25							1987-10-01	1	10	1987	2534413	8945216	PRESERVED_SPECIMEN	AAFC	DAOM	197489		Y. Dalpé		CC_BY_4_0	©His Majesty the King in Right of Canada, as represented by the Minister of Agriculture and Agri-Food	Y. Dalpé 2530			2025-01-12T05:11:13.773Z		GEODETIC_DATUM_ASSUMED_WGS84;CONTINENT_DERIVED_FROM_COORDINATES;TAXON_MATCH_TAXON_ID_IGNORED;INSTITUTION_MATCH_FUZZY
4137701255	50c9509d-22c7-4a22-a47d-8c48425ef4a7	https://www.inaturalist.org/observations/169370704	Fungi	Basidiomycota	Agaricomycetes	Agaricales	Psathyrellaceae	Coprinopsis	Coprinopsis lagopus		SPECIES	Coprinopsis lagopus (Fr.) Redhead, Vilgalys & Moncalvo	Coprinopsis lagopus		CA		Québec	PRESENT		28eb1a3f-1c15-4a95-931a-4af90ecb574d	45.471494	-73.932752	70.0						2023-06-25T07:20	25	6	2023	8945216	8945216	HUMAN_OBSERVATION	iNaturalist	Observations	169370704		Michel Goulet	2023-06-25T13:01:44	CC_BY_NC_4_0	Michel Goulet	Michel Goulet			2025-01-14T14:10:16.595Z	StillImage	COORDINATE_ROUNDED;CONTINENT_DERIVED_FROM_COORDINATES;TAXON_MATCH_TAXON_ID_IGNORED
4133770310	50c9509d-22c7-4a22-a47d-8c48425ef4a7	https://www.inaturalist.org/observations/26943389	Fungi	Basidiomycota	Agaricomycetes	Agaricales	Psathyrellaceae	Coprinopsis	Coprinopsis lagopus		SPECIES	Coprinopsis lagopus (Fr.) Redhead, Vilgalys & Moncalvo	Coprinopsis lagopus		CA		Ontario	PRESENT		28eb1a3f-1c15-4a95-931a-4af90ecb574d	45.404333	-75.543833							2012-09-09T12:35:18	9	9	2012	8945216	8945216	HUMAN_OBSERVATION	iNaturalist	Observations	26943389		Derek Dunnett	2019-06-14T00:21:44	CC_BY_NC_4_0	Derek Dunnett	Derek Dunnett			2025-01-14T12:59:09.497Z	StillImage	COORDINATE_ROUNDED;CONTINENT_DERIVED_FROM_COORDINATES;TAXON_MATCH_TAXON_ID_IGNORED
4129807467	50c9509d-22c7-4a22-a47d-8c48425ef4a7	https://www.inaturalist.org/observations/132553358	Fungi	Basidiomycota	Agaricomycetes	Agaricales	Psathyrellaceae	Coprinopsis	Coprinopsis lagopus		SPECIES	Coprinopsis lagopus (Fr.) Redhead, Vilgalys & Moncalvo	Coprinopsis lagopus		CA		Ontario	PRESENT		28eb1a3f-1c15-4a95-931a-4af90ecb574d	45.031555	-79.033913	15.0						2022-08-28T07:40:07	28	8	2022	8945216	8945216	HUMAN_OBSERVATION	iNaturalist	Observations	132553358		James Litchwark	2022-08-28T11:41:01	CC_BY_NC_4_0	James Litchwark	James Litchwark			2025-01-14T12:31:56.416Z	StillImage	COORDINATE_ROUNDED;CONTINENT_DERIVED_FROM_COORDINATES;TAXON_MATCH_TAXON_ID_IGNORED
4127069662	50c9509d-22c7-4a22-a47d-8c48425ef4a7	https://www.inaturalist.org/observations/98447362	Fungi	Basidiomycota	Agaricomycetes	Agaricales	Psathyrellaceae	Coprinopsis	Coprinopsis lagopus		SPECIES	Coprinopsis lagopus (Fr.) Redhead, Vilgalys & Moncalvo	Coprinopsis lagopus		CA		Ontario	PRESENT		28eb1a3f-1c15-4a95-931a-4af90ecb574d	45.0563	-76.115228	4.0						2021-09-25T09:59:01	25	9	2021	8945216	8945216	HUMAN_OBSERVATION	iNaturalist	Observations	98447362		Windstone Farm	2021-10-17T02:06:07	CC_BY_NC_4_0	Windstone Farm	Windstone Farm			2025-01-14T13:15:59.715Z	StillImage	COORDINATE_ROUNDED;CONTINENT_DERIVED_FROM_COORDINATES;TAXON_MATCH_TAXON_ID_IGNORED
4126793663	50c9509d-22c7-4a22-a47d-8c48425ef4a7	https://www.inaturalist.org/observations/58625187	Fungi	Basidiomycota	Agaricomycetes	Agaricales	Psathyrellaceae	Coprinopsis	Coprinopsis lagopus		SPECIES	Coprinopsis lagopus (Fr.) Redhead, Vilgalys & Moncalvo	Coprinopsis lagopus		CA		Ontario	PRESENT		28eb1a3f-1c15-4a95-931a-4af90ecb574d	45.551055	-78.571128	32.0						2020-09-05T11:00:40	5	9	2020	8945216	8945216	HUMAN_OBSERVATION	iNaturalist	Observations	58625187		cinna_latifolia	2021-01-04T22:17:03	CC_BY_NC_4_0	ashlynenorris	ashlynenorris			2025-01-14T12:14:39.847Z	StillImage	COORDINATE_ROUNDED;CONTINENT_DERIVED_FROM_COORDINATES;TAXON_MATCH_TAXON_ID_IGNORED
4126755067	50c9509d-22c7-4a22-a47d-8c48425ef4a7	https://www.inaturalist.org/observations/122396795	Fungi	Basidiomycota	Agaricomycetes	Agaricales	Psathyrellaceae	Coprinopsis	Coprinopsis lagopus		SPECIES	Coprinopsis lagopus (Fr.) Redhead, Vilgalys & Moncalvo	Coprinopsis lagopus		CA		Québec	PRESENT		28eb1a3f-1c15-4a95-931a-4af90ecb574d	45.818411	-73.775467							2022-06-18T09:48:27	18	6	2022	8945216	8945216	HUMAN_OBSERVATION	iNaturalist	Observations	122396795		Vincent Auclair	2022-06-18T23:52:28	CC_BY_NC_4_0	Vincent Auclair	Vincent Auclair			2025-01-14T12:29:36.747Z	StillImage	COORDINATE_ROUNDED;CONTINENT_DERIVED_FROM_COORDINATES;TAXON_MATCH_TAXON_ID_IGNORED
4121236363	50c9509d-22c7-4a22-a47d-8c48425ef4a7	https://www.inaturalist.org/observations/65164344	Fungi	Basidiomycota	Agaricomycetes	Agaricales	Psathyrellaceae	Coprinopsis	Coprinopsis lagopus		SPECIES	Coprinopsis lagopus (Fr.) Redhead, Vilgalys & Moncalvo	Coprinopsis lagopus		CA		Ontario	PRESENT		28eb1a3f-1c15-4a95-931a-4af90ecb574d	45.08134	-75.69801	227.0						2017-09-05T08:42	5	9	2017	8945216	8945216	HUMAN_OBSERVATION	iNaturalist	Observations	65164344		wendtgower	2020-11-18T19:12:30	CC_BY_NC_4_0	wendtgower	wendtgower			2025-01-14T13:05:42.333Z	StillImage	COORDINATE_ROUNDED;CONTINENT_DERIVED_FROM_COORDINATES;TAXON_MATCH_TAXON_ID_IGNORED
4028702652	50c9509d-22c7-4a22-a47d-8c48425ef4a7	https://www.inaturalist.org/observations/140190702	Fungi	Basidiomycota	Agaricomycetes	Agaricales	Psathyrellaceae	Coprinopsis	Coprinopsis lagopus		SPECIES	Coprinopsis lagopus (Fr.) Redhead, Vilgalys & Moncalvo	Coprinopsis lagopus		CA		Ontario	PRESENT		28eb1a3f-1c15-4a95-931a-4af90ecb574d	45.436099	-76.332926	5.0						2022-10-27T17:21:56	27	10	2022	8945216	8945216	HUMAN_OBSERVATION	iNaturalist	Observations	140190702		gordv	2022-10-27T21:23:34	CC_BY_NC_4_0	gordv	gordv			2025-01-14T12:33:16.294Z	StillImage	COORDINATE_ROUNDED;CONTINENT_DERIVED_FROM_COORDINATES;TAXON_MATCH_TAXON_ID_IGNORED
3902584655	50c9509d-22c7-4a22-a47d-8c48425ef4a7	https://www.inaturalist.org/observations/133071608	Fungi	Basidiomycota	Agaricomycetes	Agaricales	Psathyrellaceae	Coprinopsis	Coprinopsis lagopus		SPECIES	Coprinopsis lagopus (Fr.) Redhead, Vilgalys & Moncalvo	Coprinopsis lagopus		CA		Ontario	PRESENT		28eb1a3f-1c15-4a95-931a-4af90ecb574d	45.486178	-76.220545	24.0						2022-08-31T09:04:17	31	8	2022	8945216	8945216	HUMAN_OBSERVATION	iNaturalist	Observations	133071608		Tobi Kiesewalter	2022-08-31T13:05:04	CC_BY_NC_4_0	Tobi Kiesewalter	Tobi Kiesewalter			2025-01-14T13:25:12.754Z	StillImage	COORDINATE_ROUNDED;CONTINENT_DERIVED_FROM_COORDINATES;TAXON_MATCH_TAXON_ID_IGNORED
3456113909	50c9509d-22c7-4a22-a47d-8c48425ef4a7	https://www.inaturalist.org/observations/103308038	Fungi	Basidiomycota	Agaricomycetes	Agaricales	Psathyrellaceae	Coprinopsis	Coprinopsis lagopus		SPECIES	Coprinopsis lagopus (Fr.) Redhead, Vilgalys & Moncalvo	Coprinopsis lagopus		CA		Québec	PRESENT		28eb1a3f-1c15-4a95-931a-4af90ecb574d	48.637778	-71.794444							2021-07-01T06:55	1	7	2021	8945216	8945216	HUMAN_OBSERVATION	iNaturalist	Observations	103308038		Christian Back	2021-12-19T14:51:33	CC_BY_4_0	Christian Back	Christian Back			2025-01-14T13:17:12.694Z	StillImage	COORDINATE_ROUNDED;CONTINENT_DERIVED_FROM_COORDINATES;TAXON_MATCH_TAXON_ID_IGNORED
3455374028	50c9509d-22c7-4a22-a47d-8c48425ef4a7	https://www.inaturalist.org/observations/87399064	Fungi	Basidiomycota	Agaricomycetes	Agaricales	Psathyrellaceae	Coprinopsis	Coprinopsis lagopus		SPECIES	Coprinopsis lagopus (Fr.) Redhead, Vilgalys & Moncalvo	Coprinopsis lagopus		CA		Québec	PRESENT		28eb1a3f-1c15-4a95-931a-4af90ecb574d	45.729479	-72.246255	4.0						2021-06-29T08:14	29	6	2021	8945216	8945216	HUMAN_OBSERVATION	iNaturalist	Observations	87399064		François Demers	2021-07-17T14:17:03	CC_BY_NC_4_0	François Demers	François Demers			2025-01-14T12:20:25.803Z	StillImage	COORDINATE_ROUNDED;CONTINENT_DERIVED_FROM_COORDINATES;TAXON_MATCH_TAXON_ID_IGNORED
3399209144	50c9509d-22c7-4a22-a47d-8c48425ef4a7	https://www.inaturalist.org/observations/98410804	Fungi	Basidiomycota	Agaricomycetes	Agaricales	Psathyrellaceae	Coprinopsis	Coprinopsis lagopus		SPECIES	Coprinopsis lagopus (Fr.) Redhead, Vilgalys & Moncalvo	Coprinopsis lagopus		CA		Ontario	PRESENT		28eb1a3f-1c15-4a95-931a-4af90ecb574d	45.142881	-75.598469	1389.0						2021-10-08T12:35	8	10	2021	8945216	8945216	HUMAN_OBSERVATION	iNaturalist	Observations	98410804		fallriver22	2021-10-16T19:31:58	CC_BY_NC_4_0	fallriver22	fallriver22			2025-01-14T12:21:55.227Z	StillImage	COORDINATE_ROUNDED;CONTINENT_DERIVED_FROM_COORDINATES;TAXON_MATCH_TAXON_ID_IGNORED
3384375539	50c9509d-22c7-4a22-a47d-8c48425ef4a7	https://www.inaturalist.org/observations/95395993	Fungi	Basidiomycota	Agaricomycetes	Agaricales	Psathyrellaceae	Coprinopsis	Coprinopsis lagopus		SPECIES	Coprinopsis lagopus (Fr.) Redhead, Vilgalys & Moncalvo	Coprinopsis lagopus		CA		Québec	PRESENT		28eb1a3f-1c15-4a95-931a-4af90ecb574d	45.75094	-75.970214	164.0						2021-09-19T09:56:43	19	9	2021	8945216	8945216	HUMAN_OBSERVATION	iNaturalist	Observations	95395993		janebarton	2021-09-19T13:59:19	CC_BY_NC_4_0	janebarton	janebarton			2025-01-14T12:21:31.526Z	StillImage	COORDINATE_ROUNDED;CONTINENT_DERIVED_FROM_COORDINATES;TAXON_MATCH_TAXON_ID_IGNORED
3314614336	50c9509d-22c7-4a22-a47d-8c48425ef4a7	https://www.inaturalist.org/observations/84120131	Fungi	Basidiomycota	Agaricomycetes	Agaricales	Psathyrellaceae	Coprinopsis	Coprinopsis lagopus		SPECIES	Coprinopsis lagopus (Fr.) Redhead, Vilgalys & Moncalvo	Coprinopsis lagopus		CA		Québec	PRESENT		28eb1a3f-1c15-4a95-931a-4af90ecb574d	45.399813	-74.137765	1523.0						2021-06-22T19:52	22	6	2021	8945216	8945216	HUMAN_OBSERVATION	iNaturalist	Observations	84120131		Benjamin Leo	2021-06-22T23:55:06	CC_BY_NC_4_0	Benjamin Leo	Benjamin Leo			2025-01-14T12:20:24.833Z	StillImage	CONTINENT_DERIVED_FROM_COORDINATES;TAXON_MATCH_TAXON_ID_IGNORED
3079636992	50c9509d-22c7-4a22-a47d-8c48425ef4a7	https://www.inaturalist.org/observations/59816922	Fungi	Basidiomycota	Agaricomycetes	Agaricales	Psathyrellaceae	Coprinopsis	Coprinopsis lagopus		SPECIES	Coprinopsis lagopus (Fr.) Redhead, Vilgalys & Moncalvo	Coprinopsis lagopus		CA		Québec	PRESENT		28eb1a3f-1c15-4a95-931a-4af90ecb574d	45.569144	-75.891183	203.0						2020-09-16T12:08	16	9	2020	8945216	8945216	HUMAN_OBSERVATION	iNaturalist	Observations	59816922		Igor Khomenko	2020-09-16T21:00:49	CC_BY_NC_4_0	Igor Khomenko	Igor Khomenko			2025-01-14T12:14:40.966Z	StillImage	COORDINATE_ROUNDED;CONTINENT_DERIVED_FROM_COORDINATES;TAXON_MATCH_TAXON_ID_IGNORED
2898434505	50c9509d-22c7-4a22-a47d-8c48425ef4a7	https://www.inaturalist.org/observations/60575563	Fungi	Basidiomycota	Agaricomycetes	Agaricales	Psathyrellaceae	Coprinopsis	Coprinopsis lagopus		SPECIES	Coprinopsis lagopus (Fr.) Redhead, Vilgalys & Moncalvo	Coprinopsis lagopus		CA		Ontario	PRESENT		28eb1a3f-1c15-4a95-931a-4af90ecb574d	45.339763	-75.968341	61.0						2020-09-20T11:10	20	9	2020	8945216	8945216	HUMAN_OBSERVATION	iNaturalist	Observations	60575563		Serguei Ponomarenko	2020-09-24T01:52:26	CC_BY_NC_4_0	Serguei Ponomarenko	Serguei Ponomarenko			2025-01-14T13:12:42.185Z	StillImage	COORDINATE_ROUNDED;CONTINENT_DERIVED_FROM_COORDINATES;TAXON_MATCH_TAXON_ID_IGNORED
2802938489	50c9509d-22c7-4a22-a47d-8c48425ef4a7	https://www.inaturalist.org/observations/34187725	Fungi	Basidiomycota	Agaricomycetes	Agaricales	Psathyrellaceae	Coprinopsis	Coprinopsis lagopus		SPECIES	Coprinopsis lagopus (Fr.) Redhead, Vilgalys & Moncalvo	Coprinopsis lagopus		CA		Ontario	PRESENT		28eb1a3f-1c15-4a95-931a-4af90ecb574d	45.354952	-75.680897							2019-10-10T09:53	10	10	2019	8945216	8945216	HUMAN_OBSERVATION	iNaturalist	Observations	34187725		jonathan_mack	2019-10-11T01:42:12	CC_BY_NC_4_0	jonathan_mack	jonathan_mack			2025-01-14T13:00:25.722Z	StillImage	COORDINATE_ROUNDED;CONTINENT_DERIVED_FROM_COORDINATES;TAXON_MATCH_TAXON_ID_IGNORED
2563653442	50c9509d-22c7-4a22-a47d-8c48425ef4a7	https://www.inaturalist.org/observations/38121315	Fungi	Basidiomycota	Agaricomycetes	Agaricales	Psathyrellaceae	Coprinopsis	Coprinopsis lagopus		SPECIES	Coprinopsis lagopus (Fr.) Redhead, Vilgalys & Moncalvo	Coprinopsis lagopus		CA		Québec	PRESENT		28eb1a3f-1c15-4a95-931a-4af90ecb574d	45.543454	-75.41917	8299.0						2018-09-02	2	9	2018	8945216	8945216	HUMAN_OBSERVATION	iNaturalist	Observations	38121315		Christian Grenier	2020-01-30T16:40:43	CC_BY_NC_4_0	Christian Grenier	Christian Grenier			2025-01-14T12:10:32.356Z	StillImage	COORDINATE_ROUNDED;CONTINENT_DERIVED_FROM_COORDINATES;TAXON_MATCH_TAXON_ID_IGNORED
2550032638	50c9509d-22c7-4a22-a47d-8c48425ef4a7	https://www.inaturalist.org/observations/37102466	Fungi	Basidiomycota	Agaricomycetes	Agaricales	Psathyrellaceae	Coprinopsis	Coprinopsis lagopus		SPECIES	Coprinopsis lagopus (Fr.) Redhead, Vilgalys & Moncalvo	Coprinopsis lagopus		CA		Québec	PRESENT		28eb1a3f-1c15-4a95-931a-4af90ecb574d	46.845706	-71.323114	6659.0						2019-07-24	24	7	2019	8945216	8945216	HUMAN_OBSERVATION	iNaturalist	Observations	37102466		Christian Grenier	2019-12-30T17:21:23	CC_BY_NC_4_0	Christian Grenier	Christian Grenier			2025-01-14T13:05:02.116Z	StillImage	COORDINATE_ROUNDED;CONTINENT_DERIVED_FROM_COORDINATES;TAXON_MATCH_TAXON_ID_IGNORED
2429256341	50c9509d-22c7-4a22-a47d-8c48425ef4a7	https://www.inaturalist.org/observations/33219538	Fungi	Basidiomycota	Agaricomycetes	Agaricales	Psathyrellaceae	Coprinopsis	Coprinopsis lagopus		SPECIES	Coprinopsis lagopus (Fr.) Redhead, Vilgalys & Moncalvo	Coprinopsis lagopus		CA		Ontario	PRESENT		28eb1a3f-1c15-4a95-931a-4af90ecb574d	45.353467	-75.867347	5.0						2019-09-22T12:22:50	22	9	2019	8945216	8945216	HUMAN_OBSERVATION	iNaturalist	Observations	33219538		Derek Dunnett	2019-09-22T21:25:30	CC_BY_NC_4_0	Derek Dunnett	Derek Dunnett			2025-01-14T12:09:30.644Z	StillImage	COORDINATE_ROUNDED;CONTINENT_DERIVED_FROM_COORDINATES;TAXON_MATCH_TAXON_ID_IGNORED
2429255901	50c9509d-22c7-4a22-a47d-8c48425ef4a7	https://www.inaturalist.org/observations/33199778	Fungi	Basidiomycota	Agaricomycetes	Agaricales	Psathyrellaceae	Coprinopsis	Coprinopsis lagopus		SPECIES	Coprinopsis lagopus (Fr.) Redhead, Vilgalys & Moncalvo	Coprinopsis lagopus		CA		Ontario	PRESENT		28eb1a3f-1c15-4a95-931a-4af90ecb574d	45.352075	-75.866417	118.0						2019-09-22T12:22:22	22	9	2019	8945216	8945216	HUMAN_OBSERVATION	iNaturalist	Observations	33199778		Jeffrey H. Skevington	2019-09-22T16:23:13	CC_BY_NC_4_0	Jeffrey H. Skevington	Jeffrey H. Skevington			2025-01-14T12:10:41.252Z	StillImage	COORDINATE_ROUNDED;CONTINENT_DERIVED_FROM_COORDINATES;TAXON_MATCH_TAXON_ID_IGNORED
2366059413	50c9509d-22c7-4a22-a47d-8c48425ef4a7	https://www.inaturalist.org/observations/30962995	Fungi	Basidiomycota	Agaricomycetes	Agaricales	Psathyrellaceae	Coprinopsis	Coprinopsis lagopus		SPECIES	Coprinopsis lagopus (Fr.) Redhead, Vilgalys & Moncalvo	Coprinopsis lagopus		CA		Ontario	PRESENT		28eb1a3f-1c15-4a95-931a-4af90ecb574d	45.317447	-75.764391	27190.0						2019-08-16T07:17:23	16	8	2019	8945216	8945216	HUMAN_OBSERVATION	iNaturalist	Observations	30962995		geneticsgirl	2019-08-17T00:16:08	CC_BY_NC_4_0	geneticsgirl	geneticsgirl			2025-01-14T12:08:53.401Z	StillImage	COORDINATE_ROUNDED;CONTINENT_DERIVED_FROM_COORDINATES;TAXON_MATCH_TAXON_ID_IGNORED
1135071377	21705170-d2b6-42de-8904-c3bca4b83591	CMMF009979	Fungi	Basidiomycota	Agaricomycetes	Agaricales	Psathyrellaceae	Coprinopsis	Coprinopsis lagopus		SPECIES	Coprinus lagopus (Fr.) Fr.	Coprinus lagopus (Fr.) Fr.	(Fr.) Fr.	CA	Chemin Chapelle nord, Lac-Beauport.	Québec	PRESENT		ff7bd5db-b724-4932-b496-10ea298851f9	46.950203	-71.284979	150.0						2007-09-10	10	9	2007	2534413	8945216	PRESERVED_SPECIMEN	Université de Montréal Biodiversity Centre	CMMF	CMMF009979	1564	Labrecque, Jacqueline		CC0_1_0	Université de Montréal Biodiversity Centre	Labrecque, Jacqueline			2024-01-24T16:38:21.437Z		INSTITUTION_MATCH_FUZZY;COLLECTION_MATCH_FUZZY;DIFFERENT_OWNER_INSTITUTION
1135070515	21705170-d2b6-42de-8904-c3bca4b83591	CMMF009090	Fungi	Basidiomycota	Agaricomycetes	Agaricales	Psathyrellaceae	Coprinopsis	Coprinopsis lagopus		SPECIES	Coprinus lagopus (Fr.) Fr.	Coprinus lagopus (Fr.) Fr.	(Fr.) Fr.	CA	Chemin Chapelle, Lac-Beauport.	Québec	PRESENT		ff7bd5db-b724-4932-b496-10ea298851f9	46.949281	-71.284722	250.0						2006-09-01	1	9	2006	2534413	8945216	PRESERVED_SPECIMEN	Université de Montréal Biodiversity Centre	CMMF	CMMF009090	673	Labrecque, Jacqueline		CC0_1_0	Université de Montréal Biodiversity Centre	Labrecque, Jacqueline			2024-01-24T16:38:20.190Z		INSTITUTION_MATCH_FUZZY;COLLECTION_MATCH_FUZZY;DIFFERENT_OWNER_INSTITUTION
1135070439	21705170-d2b6-42de-8904-c3bca4b83591	CMMF008963	Fungi	Basidiomycota	Agaricomycetes	Agaricales	Psathyrellaceae	Coprinopsis	Coprinopsis lagopus		SPECIES	Coprinus lagopus (Fr.) Fr.	Coprinus lagopus (Fr.) Fr.	(Fr.) Fr.	CA	Chemin Chapelle, Lac-Beauport.	Québec	PRESENT		ff7bd5db-b724-4932-b496-10ea298851f9	46.949281	-71.284722	250.0						2006-08-16	16	8	2006	2534413	8945216	PRESERVED_SPECIMEN	Université de Montréal Biodiversity Centre	CMMF	CMMF008963	546	Labbé, Roland		CC0_1_0	Université de Montréal Biodiversity Centre	Labrecque, Jacqueline			2024-01-24T16:38:18.956Z		INSTITUTION_MATCH_FUZZY;COLLECTION_MATCH_FUZZY;DIFFERENT_OWNER_INSTITUTION
1135070398	21705170-d2b6-42de-8904-c3bca4b83591	CMMF009011	Fungi	Basidiomycota	Agaricomycetes	Agaricales	Psathyrellaceae	Coprinopsis	Coprinopsis lagopus		SPECIES	Coprinus lagopus (Fr.) Fr.	Coprinus lagopus (Fr.) Fr.	(Fr.) Fr.	CA	Chemin Chapelle, Lac-Beauport.	Québec	PRESENT		ff7bd5db-b724-4932-b496-10ea298851f9	46.949281	-71.284722	250.0						2006-08-22	22	8	2006	2534413	8945216	PRESERVED_SPECIMEN	Université de Montréal Biodiversity Centre	CMMF	CMMF009011	594	Labbé, Roland		CC0_1_0	Université de Montréal Biodiversity Centre	Labrecque, Jacqueline			2024-01-24T16:38:20.126Z	StillImage	INSTITUTION_MATCH_FUZZY;COLLECTION_MATCH_FUZZY;DIFFERENT_OWNER_INSTITUTION
1135067791	21705170-d2b6-42de-8904-c3bca4b83591	CMMF006343	Fungi	Basidiomycota	Agaricomycetes	Agaricales	Psathyrellaceae	Coprinopsis	Coprinopsis lagopus		SPECIES	Coprinopsis lagopus (Fr.) Redhead, Vilgalys & Moncalvo	Coprinopsis lagopus (Fr.) Redhead, Vilgalys & Moncalvo	(Fr.) Redhead, Vilgalys & Moncalvo	CA	Châteauguay	Québec	PRESENT		ff7bd5db-b724-4932-b496-10ea298851f9	45.3731	-73.737433	100.0						2005-07-26	26	7	2005	8945216	8945216	PRESERVED_SPECIMEN	Université de Montréal Biodiversity Centre	CMMF	CMMF006343	C2241	McNeil, Raymond		CC0_1_0	Université de Montréal Biodiversity Centre	McNeil, Raymond			2024-01-24T16:38:18.979Z	StillImage	COORDINATE_ROUNDED;INSTITUTION_MATCH_FUZZY;COLLECTION_MATCH_FUZZY;DIFFERENT_OWNER_INSTITUTION
1135066912	21705170-d2b6-42de-8904-c3bca4b83591	CMMF010313	Fungi	Basidiomycota	Agaricomycetes	Agaricales	Psathyrellaceae	Coprinopsis	Coprinopsis lagopus		SPECIES	Coprinus lagopus (Fr.) Fr.	Coprinus lagopus (Fr.) Fr.	(Fr.) Fr.	CA	Jardins Van Den Hende, Sainte-Foy, Québec.	Québec	PRESENT		ff7bd5db-b724-4932-b496-10ea298851f9	46.776357	-71.280826	200.0						2008-06-22	22	6	2008	2534413	8945216	PRESERVED_SPECIMEN	Université de Montréal Biodiversity Centre	CMMF	CMMF010313	1899	Labrecque, Jacqueline		CC0_1_0	Université de Montréal Biodiversity Centre	Labrecque, Jacqueline			2024-01-24T16:38:21.570Z		INSTITUTION_MATCH_FUZZY;COLLECTION_MATCH_FUZZY;DIFFERENT_OWNER_INSTITUTION
