gbifID	datasetKey	occurrenceID	kingdom	phylum	class	order	family	genus	species	infraspecificEpithet	taxonRank	scientificName	verbatimScientificName	verbatimScientificNameAuthorship	countryCode	locality	stateProvince	occurrenceStatus	individualCount	publishingOrgKey	decimalLatitude	decimalLongitude	coordinateUncertaintyInMeters	coordinatePrecision	elevation	elevationAccuracy	depth	depthAccuracy	eventDate	day	month	year	taxonKey	speciesKey	basisOfRecord	institutionCode	collectionCode	catalogNumber	recordNumber	identifiedBy	dateIdentified	license	rightsHolder	recordedBy	typeStatus	establishmentMeans	lastInterpreted	mediaType	issue
694158034	d7cfd2ed-8af4-427f-a16e-eb66b7e2c419	19916	Fungi	Basidiomycota	Agaricomycetes	Boletales	Suillaceae	Suillus	Suillus cavipes		SPECIES	Boletinus porosus (Berk.) Peck	Boletinus porosus (Berk.) Peck	(Berk.) Peck	CA	Ottawa, Central Experimental Farm, Arboretum	Ontario	PRESENT		ff418020-1d67-11d9-8435-b8a03c50a862	45.378618	-75.722408	1632.0						1936-09-10	10	9	1936	3298103	5239851	PRESERVED_SPECIMEN	Royal Ontario Museum	TRTC	TRTC009811		Conners, I.J.		CC0_1_0	Royal Ontario Museum	Groves, J.W.			2024-01-25T00:59:38.658Z		COORDINATE_ROUNDED;AMBIGUOUS_INSTITUTION
617553218	21705170-d2b6-42de-8904-c3bca4b83591	CMMF003503	Fungi	Basidiomycota	Agaricomycetes	Boletales	Suillaceae	Suillus	Suillus cavipes		SPECIES	Suillus cavipes (Klotzsch) A.H.Sm. & Thiers	Suillus cavipes (Opat.) A.H. Sm. & Thiers	(Opat.) A.H. Sm. & Thiers	CA	Chertsey	Québec	PRESENT		ff7bd5db-b724-4932-b496-10ea298851f9	46.073928	-73.890706	5000.0						2000-09-09	9	9	2000	5239851	5239851	PRESERVED_SPECIMEN	Université de Montréal Biodiversity Centre	CMMF	CMMF003503		Lamoureux, Yves		CC0_1_0	Université de Montréal Biodiversity Centre	Lamoureux, Yves			2024-01-24T16:38:16.221Z	StillImage	INSTITUTION_MATCH_FUZZY;COLLECTION_MATCH_FUZZY;DIFFERENT_OWNER_INSTITUTION
617552611	21705170-d2b6-42de-8904-c3bca4b83591	CMMF000324	Fungi	Basidiomycota	Agaricomycetes	Boletales	Suillaceae	Suillus	Suillus cavipes		SPECIES	Suillus cavipes (Klotzsch) A.H.Sm. & Thiers	Suillus cavipes (Opat.) A.H. Sm. & Thiers	(Opat.) A.H. Sm. & Thiers	CA	Saint-Adolphe-d'Howard	Québec	PRESENT		ff7bd5db-b724-4932-b496-10ea298851f9	45.973194	-74.331714	4000.0						1988-09-11	11	9	1988	5239851	5239851	PRESERVED_SPECIMEN	Université de Montréal Biodiversity Centre	CMMF	CMMF000324		Sicard, Matthieu		CC0_1_0	Université de Montréal Biodiversity Centre	Sicard, Matthieu			2024-01-24T16:38:20.797Z	StillImage	INSTITUTION_MATCH_FUZZY;COLLECTION_MATCH_FUZZY;DIFFERENT_OWNER_INSTITUTION
4166255718	695cef75-b65f-4776-b2ed-74565eebb16e	02-01000930744	Fungi	Basidiomycota	Agaricomycetes	Boletales	Suillaceae	Suillus	Suillus cavipes		SPECIES	Boletinus cavipes (Klotzsch) Kalchbr.	Boletinus cavipes	(Klotzsch) Kalchbr.	CA	St. Leon	Quebec	PRESENT		055bd978-2daa-4543-b3f0-44e0e87e86ca	48.7	-71.516667							1982-08-27	27	8	1982	8618980	5239851	PRESERVED_SPECIMEN	AAFC	DAOM	185766		Y. Dalpé		CC_BY_4_0	©His Majesty the King in Right of Canada, as represented by the Minister of Agriculture and Agri-Food	Y. Dalpé			2025-01-12T05:11:16.070Z		GEODETIC_DATUM_ASSUMED_WGS84;CONTINENT_DERIVED_FROM_COORDINATES;TAXON_MATCH_TAXON_ID_IGNORED;INSTITUTION_MATCH_FUZZY
4166254666	695cef75-b65f-4776-b2ed-74565eebb16e	02-01000930762	Fungi	Basidiomycota	Agaricomycetes	Boletales	Suillaceae	Suillus	Suillus cavipes		SPECIES	Boletinus cavipes (Klotzsch) Kalchbr.	Boletinus cavipes	(Klotzsch) Kalchbr.	CA	Parc Laurentides, Rte. Principal, Grands-Jardins	Quebec	PRESENT		055bd978-2daa-4543-b3f0-44e0e87e86ca	47.633333	-70.866667							1981-08-15	15	8	1981	8618980	5239851	PRESERVED_SPECIMEN	AAFC	DAOM	180819		S.A. Redhead et al. (ocular)		CC_BY_4_0	©His Majesty the King in Right of Canada, as represented by the Minister of Agriculture and Agri-Food	M.E. Elliott foray group			2025-01-12T05:11:15.815Z		GEODETIC_DATUM_ASSUMED_WGS84;CONTINENT_DERIVED_FROM_COORDINATES;TAXON_MATCH_TAXON_ID_IGNORED;INSTITUTION_MATCH_FUZZY
4104545386	5a6538b8-e35c-46c4-8978-6858a657a75f	94fc418a-a669-4c20-a6f8-b7c65b8b5620	Fungi	Basidiomycota	Agaricomycetes	Boletales	Suillaceae	Suillus	Suillus cavipes		SPECIES	Boletinus cavipes (Klotzsch) Kalchbr.	Boletinus cavipes	(Klotzsch) Kalchbr.	CA		Quebec	PRESENT		a26dde42-dd82-4d07-a763-353ab27fc02c	46.783333	-76.25	301.0						1965-09-16	16	9	1965	8618980	5239851	PRESERVED_SPECIMEN	CUP		CUP-055931	65-107	J.W. Groves		CC0_1_0		J.W. Groves; M.E. Elliott			2025-01-15T04:26:06.906Z	StillImage	GEODETIC_DATUM_ASSUMED_WGS84;CONTINENT_DERIVED_FROM_COORDINATES;TAXON_MATCH_TAXON_ID_IGNORED;COLLECTION_MATCH_NONE;INSTITUTION_MATCH_FUZZY
4100055082	d1a3b128-b406-46bb-a6d1-f3591dcc8a7b	f7f90097-8934-42a6-b976-e7c80324cdaf	Fungi	Basidiomycota	Agaricomycetes	Boletales	Suillaceae	Suillus	Suillus cavipes		SPECIES	Boletinus cavipes (Klotzsch) Kalchbr.	Boletinus cavipes	(Klotzsch) Kalchbr.	CA	Vaucluse	Quebec	PRESENT		e43cf4b8-849e-4fac-b075-e652d019d2cf	45.896148	-73.43208	301.0						1937-10-06	6	10	1937	8618980	5239851	PRESERVED_SPECIMEN	BPI		BPI 780372		Jackson, H. A. C.		CC0_1_0		Jackson, H. A. C.			2025-01-15T04:59:42.576Z		GEODETIC_DATUM_ASSUMED_WGS84;CONTINENT_DERIVED_FROM_COORDINATES;TAXON_MATCH_TAXON_ID_IGNORED;INSTITUTION_MATCH_FUZZY
4099941565	d1a3b128-b406-46bb-a6d1-f3591dcc8a7b	1005f589-c174-4294-8d3f-ddd3338625cf	Fungi	Basidiomycota	Agaricomycetes	Boletales	Suillaceae	Suillus	Suillus cavipes		SPECIES	Boletinus cavipes (Klotzsch) Kalchbr.	Boletinus cavipes	(Klotzsch) Kalchbr.	CA	La Verendrye near Lac des Loups, in a larch swamp	Quebec	PRESENT		e43cf4b8-849e-4fac-b075-e652d019d2cf	46.534167	-78.863889	587.0						1963-09-11	11	9	1963	8618980	5239851	PRESERVED_SPECIMEN	BPI		BPI 784349		Pantidou, M.		CC0_1_0		Pantidou, M.; Elliott, M. E.			2025-01-15T04:59:42.785Z		GEODETIC_DATUM_ASSUMED_WGS84;CONTINENT_DERIVED_FROM_COORDINATES;TAXON_MATCH_TAXON_ID_IGNORED;INSTITUTION_MATCH_FUZZY
4099941563	d1a3b128-b406-46bb-a6d1-f3591dcc8a7b	429f11ad-6755-4d32-a6c1-3272e60ad112	Fungi	Basidiomycota	Agaricomycetes	Boletales	Suillaceae	Suillus	Suillus cavipes		SPECIES	Boletinus cavipes (Klotzsch) Kalchbr.	Boletinus cavipes	(Klotzsch) Kalchbr.	CA	Mer Bleue near Hawthorne, in sphagnum	Ontario	PRESENT		e43cf4b8-849e-4fac-b075-e652d019d2cf	45.393611	-75.600278	301.0						1955-08-27	27	8	1955	8618980	5239851	PRESERVED_SPECIMEN	BPI		BPI 784338		Groves, J. W.		CC0_1_0		Groves, J. W.; Thomson, S. C.; Shoemaker, R. A.; et al			2025-01-15T04:59:42.704Z		GEODETIC_DATUM_ASSUMED_WGS84;CONTINENT_DERIVED_FROM_COORDINATES;TAXON_MATCH_TAXON_ID_IGNORED;INSTITUTION_MATCH_FUZZY
4099940577	d1a3b128-b406-46bb-a6d1-f3591dcc8a7b	75c14836-c0e2-48f9-951c-4cf742c6ec48	Fungi	Basidiomycota	Agaricomycetes	Boletales	Suillaceae	Suillus	Suillus cavipes		SPECIES	Boletinus cavipes (Klotzsch) Kalchbr.	Boletinus cavipes	(Klotzsch) Kalchbr.	CA	La Verendrye Park near Lac Roland, in a larch swamp	Quebec	PRESENT		e43cf4b8-849e-4fac-b075-e652d019d2cf	49.695	-74.174722	587.0						1963-09-12	12	9	1963	8618980	5239851	PRESERVED_SPECIMEN	BPI		BPI 784351		Pantidou, M.		CC0_1_0		Pantidou, M.			2025-01-15T04:59:42.760Z		GEODETIC_DATUM_ASSUMED_WGS84;CONTINENT_DERIVED_FROM_COORDINATES;TAXON_MATCH_TAXON_ID_IGNORED;INSTITUTION_MATCH_FUZZY
4099714572	d1a3b128-b406-46bb-a6d1-f3591dcc8a7b	42c73baa-3b4c-4dee-a9f7-497a856f3801	Fungi	Basidiomycota	Agaricomycetes	Boletales	Suillaceae	Suillus	Suillus cavipes		SPECIES	Boletinus cavipes (Klotzsch) Kalchbr.	Boletinus cavipes	(Klotzsch) Kalchbr.	CA	Mer Bleue near Hawthorne, in sphagnum	Ontario	PRESENT		e43cf4b8-849e-4fac-b075-e652d019d2cf	45.393611	-75.600278	301.0						1955-08-27	27	8	1955	8618980	5239851	PRESERVED_SPECIMEN	BPI		BPI 784337		Groves, J. W.		CC0_1_0		Groves, J. W.; Thomson, S. C.; Shoemaker, R. A.; et al			2025-01-15T04:59:42.879Z		GEODETIC_DATUM_ASSUMED_WGS84;CONTINENT_DERIVED_FROM_COORDINATES;TAXON_MATCH_TAXON_ID_IGNORED;INSTITUTION_MATCH_FUZZY
4099484587	d1a3b128-b406-46bb-a6d1-f3591dcc8a7b	617bd49b-c791-4e51-b6a9-a67e99f88854	Fungi	Basidiomycota	Agaricomycetes	Boletales	Suillaceae	Suillus	Suillus cavipes		SPECIES	Boletinus cavipes (Klotzsch) Kalchbr.	Boletinus cavipes	(Klotzsch) Kalchbr.	CA	Eardley	Quebec	PRESENT		e43cf4b8-849e-4fac-b075-e652d019d2cf	45.55	-76.016667	301.0						1937-10-10	10	10	1937	8618980	5239851	PRESERVED_SPECIMEN	BPI		BPI 784342		Jackson, H. A. C.		CC0_1_0		Jackson, H. A. C.			2025-01-15T04:59:42.759Z		GEODETIC_DATUM_ASSUMED_WGS84;CONTINENT_DERIVED_FROM_COORDINATES;TAXON_MATCH_TAXON_ID_IGNORED;INSTITUTION_MATCH_FUZZY
4099482564	d1a3b128-b406-46bb-a6d1-f3591dcc8a7b	14e81d6c-010f-478a-b432-b89b0e80bc27	Fungi	Basidiomycota	Agaricomycetes	Boletales	Suillaceae	Suillus	Suillus cavipes		SPECIES	Boletinus cavipes (Klotzsch) Kalchbr.	Boletinus cavipes	(Klotzsch) Kalchbr.	CA	La Verendrye Park	Quebec	PRESENT		e43cf4b8-849e-4fac-b075-e652d019d2cf	46.783333	-76.25	301.0						1965-09-16	16	9	1965	8618980	5239851	PRESERVED_SPECIMEN	BPI		BPI 784350	65-107	Groves, J. W.		CC0_1_0		Groves, J. W.; Elliott, M. E.			2025-01-15T04:59:42.651Z		GEODETIC_DATUM_ASSUMED_WGS84;CONTINENT_DERIVED_FROM_COORDINATES;TAXON_MATCH_TAXON_ID_IGNORED;INSTITUTION_MATCH_FUZZY
4023663526	fb9d7c38-5759-4c30-9e09-5b6bd43f78a6	http://id.luomus.fi/MY.11546859	Fungi	Basidiomycota	Agaricomycetes	Boletales	Suillaceae	Suillus	Suillus cavipes		SPECIES	Suillus cavipes (Klotzsch) A.H.Sm. & Thiers	Suillus cavipes (Klotzsch) A.H. Sm. & Thiers		CA	Three miles east of Stonecliffe	Ontario	PRESENT		04fd2e13-6881-4e5c-9dd1-8fdd9ab993c1	46.95	-77.0							1957-09-06T00:00Z	6	9	1957	5239851	5239851	PRESERVED_SPECIMEN	H		http://id.luomus.fi/HA.H7071803		Groves, J.W.		CC_BY_4_0		Pantidou, Maria			2025-01-17T02:41:17.201Z		CONTINENT_DERIVED_FROM_COORDINATES;TAXON_MATCH_TAXON_ID_IGNORED;COLLECTION_MATCH_NONE;INSTITUTION_MATCH_FUZZY
4023663508	fb9d7c38-5759-4c30-9e09-5b6bd43f78a6	http://id.luomus.fi/MY.11546863	Fungi	Basidiomycota	Agaricomycetes	Boletales	Suillaceae	Suillus	Suillus cavipes		SPECIES	Suillus cavipes (Klotzsch) A.H.Sm. & Thiers	Suillus cavipes (Klotzsch) A.H. Sm. & Thiers		CA	La Verendrye | Near Lac des Loups	Quebec	PRESENT		04fd2e13-6881-4e5c-9dd1-8fdd9ab993c1	47.03	-76.53							1963-09-11T00:00Z	11	9	1963	5239851	5239851	PRESERVED_SPECIMEN	H		http://id.luomus.fi/HA.H7071804		Pantidou, Maria		CC_BY_4_0		Elliot, M.;Pantidou, Maria			2025-01-17T02:41:17.193Z		CONTINENT_DERIVED_FROM_COORDINATES;TAXON_MATCH_TAXON_ID_IGNORED;COLLECTION_MATCH_NONE;INSTITUTION_MATCH_FUZZY
4023663416	fb9d7c38-5759-4c30-9e09-5b6bd43f78a6	http://id.luomus.fi/MY.11546879	Fungi	Basidiomycota	Agaricomycetes	Boletales	Suillaceae	Suillus	Suillus cavipes		SPECIES	Suillus cavipes (Klotzsch) A.H.Sm. & Thiers	Suillus cavipes (Klotzsch) A.H. Sm. & Thiers		CA	Elgin rd., Hydnum woods, near St. Aubert	Quebec	PRESENT		04fd2e13-6881-4e5c-9dd1-8fdd9ab993c1	47.18	-70.21							1955-09-16T00:00Z	16	9	1955	5239851	5239851	PRESERVED_SPECIMEN	H		http://id.luomus.fi/HA.H7071808		Groves, J.W.		CC_BY_4_0		Jackson, H. A. C.;Groves, J. W. G.			2025-01-17T02:41:17.150Z		CONTINENT_DERIVED_FROM_COORDINATES;TAXON_MATCH_TAXON_ID_IGNORED;COLLECTION_MATCH_NONE;INSTITUTION_MATCH_FUZZY
4023663394	fb9d7c38-5759-4c30-9e09-5b6bd43f78a6	http://id.luomus.fi/MY.11546871	Fungi	Basidiomycota	Agaricomycetes	Boletales	Suillaceae	Suillus	Suillus cavipes		SPECIES	Suillus cavipes (Klotzsch) A.H.Sm. & Thiers	Suillus cavipes (Klotzsch) A.H. Sm. & Thiers		CA	La Verendrye Park | Near Lac Roland	Quebec	PRESENT		04fd2e13-6881-4e5c-9dd1-8fdd9ab993c1	47.03	-76.53							1963-09-12T00:00Z	12	9	1963	5239851	5239851	PRESERVED_SPECIMEN	H		http://id.luomus.fi/HA.H7071806	Maria Pantidou B-768-63			CC_BY_4_0		Pantidou, Maria			2025-01-17T02:41:17.142Z		CONTINENT_DERIVED_FROM_COORDINATES;TAXON_MATCH_TAXON_ID_IGNORED;COLLECTION_MATCH_NONE;INSTITUTION_MATCH_FUZZY
4023663391	fb9d7c38-5759-4c30-9e09-5b6bd43f78a6	http://id.luomus.fi/MY.11546875	Fungi	Basidiomycota	Agaricomycetes	Boletales	Suillaceae	Suillus	Suillus cavipes		SPECIES	Suillus cavipes (Klotzsch) A.H.Sm. & Thiers	Suillus cavipes (Klotzsch) A.H. Sm. & Thiers		CA	La Verendrye Park	Quebec	PRESENT		04fd2e13-6881-4e5c-9dd1-8fdd9ab993c1	47.03	-76.53							1965-09-16T00:00Z	16	9	1965	5239851	5239851	PRESERVED_SPECIMEN	H		http://id.luomus.fi/HA.H7071807	M.E. Elliott 65-107	Groves, J.W.		CC_BY_4_0		Groves, J. W.;Elliot, M.			2025-01-17T02:41:17.139Z		CONTINENT_DERIVED_FROM_COORDINATES;TAXON_MATCH_TAXON_ID_IGNORED;COLLECTION_MATCH_NONE;INSTITUTION_MATCH_FUZZY
3961373090	50c9509d-22c7-4a22-a47d-8c48425ef4a7	https://www.inaturalist.org/observations/140331835	Fungi	Basidiomycota	Agaricomycetes	Boletales	Suillaceae	Suillus	Suillus cavipes		SPECIES	Suillus cavipes (Klotzsch) A.H.Sm. & Thiers	Suillus cavipes		CA		Prince Edward Island	PRESENT		28eb1a3f-1c15-4a95-931a-4af90ecb574d	46.746433	-64.241806	20.0						2022-10-26T14:22	26	10	2022	5239851	5239851	HUMAN_OBSERVATION	iNaturalist	Observations	140331835		Rosemary Curley	2022-10-29T03:51:42	CC_BY_NC_4_0	Rosemary Curley	Rosemary Curley			2025-01-14T13:21:37.138Z	StillImage	COORDINATE_ROUNDED;CONTINENT_DERIVED_FROM_COORDINATES;TAXON_MATCH_TAXON_ID_IGNORED
3350115882	d8cd16ba-bb74-4420-821e-083f2bac17c2	JN029508	Fungi	Basidiomycota	Agaricomycetes	Boletales	Suillaceae	Suillus	Suillus cavipes		SPECIES	Suillus cavipes (Klotzsch) A.H.Sm. & Thiers	Suillus cavipes		CA	Ontario, Wildlife Research Station, Algonquin Provincial Park		PRESENT		ada9d123-ddb4-467d-8891-806ea8d94230	45.61	-78.53							2007-10-02	2	10	2007	5239851	5239851	PRESERVED_SPECIMEN			TRTC156940		Bryn T. M. Dentinger		CC_BY_4_0		Bryn Dentinger, Maryna Didukh			2025-01-18T13:05:18.498Z		GEODETIC_DATUM_ASSUMED_WGS84;CONTINENT_DERIVED_FROM_COORDINATES;TAXON_MATCH_TAXON_CONCEPT_ID_IGNORED;TAXON_MATCH_TAXON_ID_IGNORED
2900352660	9168f50d-350e-4af1-ba97-17274f1faeaf	5f001bdd-00a8-4c46-bdd2-790005a97648	Fungi	Basidiomycota	Agaricomycetes	Boletales	Suillaceae	Suillus	Suillus cavipes		SPECIES	Boletinus cavipes (Klotzsch) Kalchbr.	Boletinus cavipes		CA	Near Hawthorne, a suburb of Ottawa.	Ontario	PRESENT		845f3630-812c-11de-86fe-b8a03c50a862	45.38	-75.65							1955-08-27	27	8	1955	8618980	5239851	PRESERVED_SPECIMEN	Milwaukee Public Museum (MPM)	MIL	136365	50229			CC_BY_4_0		J. W. Groves;S. C. Thomson			2024-12-09T18:29:19.959Z		GEODETIC_DATUM_ASSUMED_WGS84;INSTITUTION_MATCH_FUZZY;COLLECTION_MATCH_FUZZY;DIFFERENT_OWNER_INSTITUTION
2576420905	50c9509d-22c7-4a22-a47d-8c48425ef4a7	https://www.inaturalist.org/observations/35006152	Fungi	Basidiomycota	Agaricomycetes	Boletales	Suillaceae	Suillus	Suillus cavipes		SPECIES	Suillus cavipes (Klotzsch) A.H.Sm. & Thiers	Suillus cavipes		CA		New Brunswick	PRESENT		28eb1a3f-1c15-4a95-931a-4af90ecb574d	46.340725	-64.621784	1227.0						2012-10-13T14:33	13	10	2012	5239851	5239851	HUMAN_OBSERVATION	iNaturalist	Observations	35006152		Raymonde G Chartier	2019-10-28T13:16:17	CC_BY_NC_4_0	Raymonde G Chartier	Raymonde G Chartier			2025-01-14T12:09:55.947Z	StillImage	COORDINATE_ROUNDED;CONTINENT_DERIVED_FROM_COORDINATES;TAXON_MATCH_TAXON_ID_IGNORED
2576250994	50c9509d-22c7-4a22-a47d-8c48425ef4a7	https://www.inaturalist.org/observations/34908701	Fungi	Basidiomycota	Agaricomycetes	Boletales	Suillaceae	Suillus	Suillus cavipes		SPECIES	Suillus cavipes (Klotzsch) A.H.Sm. & Thiers	Suillus cavipes		CA		New Brunswick	PRESENT		28eb1a3f-1c15-4a95-931a-4af90ecb574d	46.16595	-64.330641	1502.0						2012-10-07T13:08	7	10	2012	5239851	5239851	HUMAN_OBSERVATION	iNaturalist	Observations	34908701		Raymonde G Chartier	2019-10-26T12:38:10	CC_BY_NC_4_0	Raymonde G Chartier	Raymonde G Chartier			2025-01-14T12:09:53.277Z	StillImage	COORDINATE_ROUNDED;CONTINENT_DERIVED_FROM_COORDINATES;TAXON_MATCH_TAXON_ID_IGNORED
2550065120	50c9509d-22c7-4a22-a47d-8c48425ef4a7	https://www.inaturalist.org/observations/34300881	Fungi	Basidiomycota	Agaricomycetes	Boletales	Suillaceae	Suillus	Suillus cavipes		SPECIES	Suillus cavipes (Klotzsch) A.H.Sm. & Thiers	Suillus cavipes		CA		New Brunswick	PRESENT		28eb1a3f-1c15-4a95-931a-4af90ecb574d	46.21667	-64.508517	31.0						2018-10-15T15:24	15	10	2018	5239851	5239851	HUMAN_OBSERVATION	iNaturalist	Observations	34300881		Raymonde G Chartier	2019-10-13T13:43:34	CC_BY_NC_4_0	Raymonde G Chartier	Raymonde G Chartier			2025-01-14T13:04:00.722Z	StillImage	COORDINATE_ROUNDED;CONTINENT_DERIVED_FROM_COORDINATES;TAXON_MATCH_TAXON_ID_IGNORED
1987947675	ca1bcd7e-7387-42f9-81ba-1470db55e3e8	9432AD80-2712-FA4B-9E9B-5B777C45857F	Fungi	Basidiomycota	Agaricomycetes	Boletales	Suillaceae	Suillus	Suillus cavipes		SPECIES	Suillus cavipes (Klotzsch) A.H.Sm. & Thiers	Suillus cavipes	(Klotzsch) A.H. Sm. & Thiers	CA	Albert County	New Brunswick	PRESENT		b542788f-0dc2-4a2b-b652-fceced449591	45.766667	-64.766667							2003-10-01	1	10	2003	5239851	5239851	PRESERVED_SPECIMEN	BBM	UBC	F023869	Sackville B-46	Trevor Goward		CC0_1_0	The University of British Columbia	Trevor Goward			2024-11-19T11:27:39.708Z		GEODETIC_DATUM_ASSUMED_WGS84;CONTINENT_DERIVED_FROM_COORDINATES;INSTITUTION_MATCH_FUZZY
1807263395	e8a25a42-f125-476c-8554-3ec21cd51a84	ACAD:120001	Fungi	Basidiomycota	Agaricomycetes	Boletales	Suillaceae	Suillus	Suillus cavipes		SPECIES	Suillus cavipes (Klotzsch) A.H.Sm. & Thiers	Suillus cavipes (Opat.) A.H. Sm. & Thiers	(Opat.) A.H. Sm. & Thiers	CA	Black River	Nova Scotia	PRESENT		6491ad8c-8e49-4bd4-a089-0ddb3bbe0890	45.01064	-64.41108							1970-10-01	1	10	1970	5239851	5239851	PRESERVED_SPECIMEN	Acadia University	ACAD	9940F	9940	dg		CC0_1_0	Acadia University				2024-01-25T01:37:02.155Z	StillImage	GEODETIC_DATUM_INVALID;GEODETIC_DATUM_ASSUMED_WGS84;INSTITUTION_MATCH_FUZZY;COLLECTION_MATCH_FUZZY
1807261927	e8a25a42-f125-476c-8554-3ec21cd51a84	ACAD:118336	Fungi	Basidiomycota	Agaricomycetes	Boletales	Suillaceae	Suillus	Suillus cavipes		SPECIES	Suillus cavipes (Klotzsch) A.H.Sm. & Thiers	Suillus cavipes (Opat.) A.H. Sm. & Thiers	(Opat.) A.H. Sm. & Thiers	CA	Scotts Bay	Nova Scotia	PRESENT		6491ad8c-8e49-4bd4-a089-0ddb3bbe0890	45.3	-64.424167							1975-09-15	15	9	1975	5239851	5239851	PRESERVED_SPECIMEN	Acadia University	ACAD	11488F	11488			CC0_1_0	Acadia University	Harrison, KA			2024-01-25T01:37:17.448Z	StillImage	COORDINATE_ROUNDED;GEODETIC_DATUM_INVALID;GEODETIC_DATUM_ASSUMED_WGS84;INSTITUTION_MATCH_FUZZY;COLLECTION_MATCH_FUZZY
1807260482	e8a25a42-f125-476c-8554-3ec21cd51a84	ACAD:117278	Fungi	Basidiomycota	Agaricomycetes	Boletales	Suillaceae	Suillus	Suillus cavipes		SPECIES	Suillus cavipes (Klotzsch) A.H.Sm. & Thiers	Suillus cavipes (Opat.) A.H. Sm. & Thiers	(Opat.) A.H. Sm. & Thiers	CA	Kentville	Nova Scotia	PRESENT		6491ad8c-8e49-4bd4-a089-0ddb3bbe0890	45.07662	-64.49592							1961-10-08	8	10	1961	5239851	5239851	PRESERVED_SPECIMEN	Acadia University	ACAD	6113F	6113			CC0_1_0	Acadia University	Harrison, KA			2024-01-25T01:37:12.251Z	StillImage	GEODETIC_DATUM_INVALID;GEODETIC_DATUM_ASSUMED_WGS84;INSTITUTION_MATCH_FUZZY;COLLECTION_MATCH_FUZZY
1807258735	e8a25a42-f125-476c-8554-3ec21cd51a84	ACAD:115114	Fungi	Basidiomycota	Agaricomycetes	Boletales	Suillaceae	Suillus	Suillus cavipes		SPECIES	Suillus cavipes (Klotzsch) A.H.Sm. & Thiers	Suillus cavipes (Opat.) A.H. Sm. & Thiers	(Opat.) A.H. Sm. & Thiers	CA	Coldbrook	Nova Scotia	PRESENT		6491ad8c-8e49-4bd4-a089-0ddb3bbe0890	45.06325	-64.58638							1938-09-26	26	9	1938	5239851	5239851	PRESERVED_SPECIMEN	Acadia University	ACAD	742F	742			CC0_1_0	Acadia University	H, KA			2024-01-25T01:36:59.518Z	StillImage	GEODETIC_DATUM_INVALID;GEODETIC_DATUM_ASSUMED_WGS84;INSTITUTION_MATCH_FUZZY;COLLECTION_MATCH_FUZZY
1412706514	21705170-d2b6-42de-8904-c3bca4b83591	CMMF014974	Fungi	Basidiomycota	Agaricomycetes	Boletales	Suillaceae	Suillus	Suillus cavipes		SPECIES	Boletinus cavipes (Klotzsch) Kalchbr.	Boletinus cavipes (Klotzsch) Kalchbr.	(Klotzsch) Kalchbr.	CA	Laterrière, Québec.	Québec	PRESENT		ff7bd5db-b724-4932-b496-10ea298851f9	48.30504	-71.110222	5000.0						1994-10-01	1	10	1994	8618980	5239851	PRESERVED_SPECIMEN	Université de Montréal Biodiversity Centre	CMMF	CMMF014974	1052	Guérin, Gérard		CC0_1_0	Université de Montréal Biodiversity Centre	Guérin, Gérard			2024-01-24T16:38:20.786Z	StillImage	INSTITUTION_MATCH_FUZZY;COLLECTION_MATCH_FUZZY;DIFFERENT_OWNER_INSTITUTION
1412706491	21705170-d2b6-42de-8904-c3bca4b83591	CMMF014975	Fungi	Basidiomycota	Agaricomycetes	Boletales	Suillaceae	Suillus	Suillus cavipes	aureus	VARIETY	Boletinus cavipes var. aureus Rolland	Boletinus cavipes var. aureus Rolland	Rolland	CA	Cap-Jaseux, Québec.	Québec	PRESENT		ff7bd5db-b724-4932-b496-10ea298851f9	48.428215	-70.822268	2500.0						1993-09-30	30	9	1993	7760770	5239851	PRESERVED_SPECIMEN	Université de Montréal Biodiversity Centre	CMMF	CMMF014975	1053	Guérin, Gérard		CC0_1_0	Université de Montréal Biodiversity Centre	Potvin, Annie; Larouche, Benoît			2024-01-24T16:38:20.800Z	StillImage	INSTITUTION_MATCH_FUZZY;COLLECTION_MATCH_FUZZY;DIFFERENT_OWNER_INSTITUTION
1412706468	21705170-d2b6-42de-8904-c3bca4b83591	CMMF014973	Fungi	Basidiomycota	Agaricomycetes	Boletales	Suillaceae	Suillus	Suillus cavipes		SPECIES	Boletinus cavipes (Klotzsch) Kalchbr.	Boletinus cavipes (Klotzsch) Kalchbr.	(Klotzsch) Kalchbr.	CA	Rang Saint-Martin, Chicoutimi, Québec.	Québec	PRESENT		ff7bd5db-b724-4932-b496-10ea298851f9	48.42951	-70.956161	6000.0						1983-09-30	30	9	1983	8618980	5239851	PRESERVED_SPECIMEN	Université de Montréal Biodiversity Centre	CMMF	CMMF014973	1051	Guérin, Gérard		CC0_1_0	Université de Montréal Biodiversity Centre	Guérin, Gérard			2024-01-24T16:38:20.784Z	StillImage	INSTITUTION_MATCH_FUZZY;COLLECTION_MATCH_FUZZY;DIFFERENT_OWNER_INSTITUTION
1412704189	21705170-d2b6-42de-8904-c3bca4b83591	CMMF012293	Fungi	Basidiomycota	Agaricomycetes	Boletales	Suillaceae	Suillus	Suillus cavipes		SPECIES	Boletinus porosus (Berk.) Peck	Boletinus porosus (Berk.) Peck	(Berk.) Peck	CA	Granby, Québec.	Québec	PRESENT		ff7bd5db-b724-4932-b496-10ea298851f9	45.4	-72.733333	5000.0						1947-06-29	29	6	1947	3298103	5239851	PRESERVED_SPECIMEN	Université de Montréal Biodiversity Centre	CMMF	CMMF012293	1541	Pomerleau, René		CC0_1_0	Université de Montréal Biodiversity Centre	Fabius, Fr.			2024-01-24T16:38:20.856Z		INSTITUTION_MATCH_FUZZY;COLLECTION_MATCH_FUZZY;DIFFERENT_OWNER_INSTITUTION
1412704148	21705170-d2b6-42de-8904-c3bca4b83591	CMMF012289	Fungi	Basidiomycota	Agaricomycetes	Boletales	Suillaceae	Suillus	Suillus cavipes		SPECIES	Boletinus porosus (Berk.) Peck	Boletinus porosus (Berk.) Peck	(Berk.) Peck	CA	Granby, Québec.	Québec	PRESENT		ff7bd5db-b724-4932-b496-10ea298851f9	45.4	-72.733333	5000.0						1946-09-01	1	9	1946	3298103	5239851	PRESERVED_SPECIMEN	Université de Montréal Biodiversity Centre	CMMF	CMMF012289	580	Macrae, R.		CC0_1_0	Université de Montréal Biodiversity Centre	Fabius, Fr.			2024-01-24T16:38:20.856Z		INSTITUTION_MATCH_FUZZY;COLLECTION_MATCH_FUZZY;DIFFERENT_OWNER_INSTITUTION
1412703130	21705170-d2b6-42de-8904-c3bca4b83591	CMMF011601	Fungi	Basidiomycota	Agaricomycetes	Boletales	Suillaceae	Suillus	Suillus cavipes		SPECIES	Boletus cavipes Opat.	Boletus cavipes Opat.	Opat.	CA	Saint-Roch, L'Islet, Québec.	Québec	PRESENT		ff7bd5db-b724-4932-b496-10ea298851f9	47.298975	-70.150374	8000.0						1944-09-10	10	9	1944	6101709	5239851	PRESERVED_SPECIMEN	Université de Montréal Biodiversity Centre	CMMF	CMMF011601	18448a	Pomerleau, René		CC0_1_0	Université de Montréal Biodiversity Centre	Campagna, Elzéar; Dubé, Lucien			2024-01-24T16:38:18.118Z		INSTITUTION_MATCH_FUZZY;COLLECTION_MATCH_FUZZY;DIFFERENT_OWNER_INSTITUTION
1135070778	21705170-d2b6-42de-8904-c3bca4b83591	CMMF009329	Fungi	Basidiomycota	Agaricomycetes	Boletales	Suillaceae	Suillus	Suillus cavipes		SPECIES	Suillus cavipes (Klotzsch) A.H.Sm. & Thiers	Suillus cavipes (Opat.) A.H. Sm. & Thiers	(Opat.) A.H. Sm. & Thiers	CA	Lac Neigette, Lac-Beauport.	Québec	PRESENT		ff7bd5db-b724-4932-b496-10ea298851f9	46.952327	-71.300343	600.0						2006-10-04	4	10	2006	5239851	5239851	PRESERVED_SPECIMEN	Université de Montréal Biodiversity Centre	CMMF	CMMF009329	913	Labrecque, Jacqueline		CC0_1_0	Université de Montréal Biodiversity Centre	Labrecque, Jacqueline			2024-01-24T16:38:21.566Z	StillImage	INSTITUTION_MATCH_FUZZY;COLLECTION_MATCH_FUZZY;DIFFERENT_OWNER_INSTITUTION
1135070636	21705170-d2b6-42de-8904-c3bca4b83591	CMMF009124	Fungi	Basidiomycota	Agaricomycetes	Boletales	Suillaceae	Suillus	Suillus cavipes		SPECIES	Suillus cavipes (Klotzsch) A.H.Sm. & Thiers	Suillus cavipes (Opat.) A.H. Sm. & Thiers	(Opat.) A.H. Sm. & Thiers	CA	Chemin O'Neil, Lac-Beauport.	Québec	PRESENT		ff7bd5db-b724-4932-b496-10ea298851f9	46.953091	-71.275238	5000.0						2006-09-05	5	9	2006	5239851	5239851	PRESERVED_SPECIMEN	Université de Montréal Biodiversity Centre	CMMF	CMMF009124	707	Labrecque, Jacqueline		CC0_1_0	Université de Montréal Biodiversity Centre	Labrecque, Jacqueline			2024-01-24T16:38:20.244Z	StillImage	INSTITUTION_MATCH_FUZZY;COLLECTION_MATCH_FUZZY;DIFFERENT_OWNER_INSTITUTION
1135070603	21705170-d2b6-42de-8904-c3bca4b83591	CMMF009192	Fungi	Basidiomycota	Agaricomycetes	Boletales	Suillaceae	Suillus	Suillus cavipes		SPECIES	Suillus cavipes (Klotzsch) A.H.Sm. & Thiers	Suillus cavipes (Opat.) A.H. Sm. & Thiers	(Opat.) A.H. Sm. & Thiers	CA	Chemin Chapelle, Lac-Beauport.	Québec	PRESENT		ff7bd5db-b724-4932-b496-10ea298851f9	46.949281	-71.284722	250.0						2006-09-14	14	9	2006	5239851	5239851	PRESERVED_SPECIMEN	Université de Montréal Biodiversity Centre	CMMF	CMMF009192	776	Labrecque, Jacqueline		CC0_1_0	Université de Montréal Biodiversity Centre	Labrecque, Jacqueline			2024-01-24T16:38:20.274Z	StillImage	INSTITUTION_MATCH_FUZZY;COLLECTION_MATCH_FUZZY;DIFFERENT_OWNER_INSTITUTION
1135070572	21705170-d2b6-42de-8904-c3bca4b83591	CMMF009143	Fungi	Basidiomycota	Agaricomycetes	Boletales	Suillaceae	Suillus	Suillus cavipes		SPECIES	Suillus cavipes (Klotzsch) A.H.Sm. & Thiers	Suillus cavipes (Opat.) A.H. Sm. & Thiers	(Opat.) A.H. Sm. & Thiers	CA	Chemin O'Neil, Lac-Beauport.	Québec	PRESENT		ff7bd5db-b724-4932-b496-10ea298851f9	46.953091	-71.275238	5000.0						2006-09-09	9	9	2006	5239851	5239851	PRESERVED_SPECIMEN	Université de Montréal Biodiversity Centre	CMMF	CMMF009143	727	Labrecque, Jacqueline		CC0_1_0	Université de Montréal Biodiversity Centre	Labrecque, Jacqueline			2024-01-24T16:38:20.260Z		INSTITUTION_MATCH_FUZZY;COLLECTION_MATCH_FUZZY;DIFFERENT_OWNER_INSTITUTION
1135069496	21705170-d2b6-42de-8904-c3bca4b83591	CMMF008012	Fungi	Basidiomycota	Agaricomycetes	Boletales	Suillaceae	Suillus	Suillus cavipes		SPECIES	Suillus cavipes (Klotzsch) A.H.Sm. & Thiers	Suillus cavipes (Opat.) A.H. Sm. & Thiers	(Opat.) A.H. Sm. & Thiers	CA	Chertsey	Québec	PRESENT		ff7bd5db-b724-4932-b496-10ea298851f9	46.121667	-73.873333	100.0						2009-09-26	26	9	2009	5239851	5239851	PRESERVED_SPECIMEN	Université de Montréal Biodiversity Centre	CMMF	CMMF008012	C3576	McNeil, Raymond		CC0_1_0	Université de Montréal Biodiversity Centre	McNeil, Raymond			2024-01-24T16:38:18.073Z	StillImage	COORDINATE_ROUNDED;INSTITUTION_MATCH_FUZZY;COLLECTION_MATCH_FUZZY;DIFFERENT_OWNER_INSTITUTION
1135069336	21705170-d2b6-42de-8904-c3bca4b83591	CMMF007996	Fungi	Basidiomycota	Agaricomycetes	Boletales	Suillaceae	Suillus	Suillus cavipes		SPECIES	Suillus cavipes (Klotzsch) A.H.Sm. & Thiers	Suillus cavipes (Opat.) A.H. Sm. & Thiers	(Opat.) A.H. Sm. & Thiers	CA	Montmagny	Québec	PRESENT		ff7bd5db-b724-4932-b496-10ea298851f9	46.876667	-70.432917	100.0						2004-10-04	4	10	2004	5239851	5239851	PRESERVED_SPECIMEN	Université de Montréal Biodiversity Centre	CMMF	CMMF007996	C2087	McNeil, Raymond		CC0_1_0	Université de Montréal Biodiversity Centre	McNeil, Raymond			2024-01-24T16:38:15.667Z	StillImage	COORDINATE_ROUNDED;INSTITUTION_MATCH_FUZZY;COLLECTION_MATCH_FUZZY;DIFFERENT_OWNER_INSTITUTION
1135067145	21705170-d2b6-42de-8904-c3bca4b83591	CMMF010523	Fungi	Basidiomycota	Agaricomycetes	Boletales	Suillaceae	Suillus	Suillus cavipes		SPECIES	Suillus cavipes (Klotzsch) A.H.Sm. & Thiers	Suillus cavipes (Opat.) A.H. Sm. & Thiers	(Opat.) A.H. Sm. & Thiers	CA	Stoneham (est).	Québec	PRESENT		ff7bd5db-b724-4932-b496-10ea298851f9	46.990359	-71.335768	3500.0						2008-09-01	1	9	2008	5239851	5239851	PRESERVED_SPECIMEN	Université de Montréal Biodiversity Centre	CMMF	CMMF010523	2109	Labrecque, Jacqueline		CC0_1_0	Université de Montréal Biodiversity Centre	Labrecque, Jacqueline			2024-01-24T16:38:21.753Z		INSTITUTION_MATCH_FUZZY;COLLECTION_MATCH_FUZZY;DIFFERENT_OWNER_INSTITUTION
1135066690	21705170-d2b6-42de-8904-c3bca4b83591	CMMF010121	Fungi	Basidiomycota	Agaricomycetes	Boletales	Suillaceae	Suillus	Suillus cavipes		SPECIES	Suillus cavipes (Klotzsch) A.H.Sm. & Thiers	Suillus cavipes (Opat.) A.H. Sm. & Thiers	(Opat.) A.H. Sm. & Thiers	CA	Wendake.	Québec	PRESENT		ff7bd5db-b724-4932-b496-10ea298851f9	46.867669	-71.36009	1300.0						2007-09-30	30	9	2007	5239851	5239851	PRESERVED_SPECIMEN	Université de Montréal Biodiversity Centre	CMMF	CMMF010121	1707	Labrecque, Jacqueline		CC0_1_0	Université de Montréal Biodiversity Centre	Labrecque, Jacqueline			2024-01-24T16:38:20.254Z		INSTITUTION_MATCH_FUZZY;COLLECTION_MATCH_FUZZY;DIFFERENT_OWNER_INSTITUTION
