gbifID	datasetKey	occurrenceID	kingdom	phylum	class	order	family	genus	species	infraspecificEpithet	taxonRank	scientificName	verbatimScientificName	verbatimScientificNameAuthorship	countryCode	locality	stateProvince	occurrenceStatus	individualCount	publishingOrgKey	decimalLatitude	decimalLongitude	coordinateUncertaintyInMeters	coordinatePrecision	elevation	elevationAccuracy	depth	depthAccuracy	eventDate	day	month	year	taxonKey	speciesKey	basisOfRecord	institutionCode	collectionCode	catalogNumber	recordNumber	identifiedBy	dateIdentified	license	rightsHolder	recordedBy	typeStatus	establishmentMeans	lastInterpreted	mediaType	issue
4945632791	50c9509d-22c7-4a22-a47d-8c48425ef4a7	https://www.inaturalist.org/observations/239883837	Fungi	Basidiomycota	Agaricomycetes	Agaricales	Clavariaceae	Clavaria	Clavaria fumosa		SPECIES	Clavaria fumosa Pers.	Clavaria fumosa		CA		Québec	PRESENT		28eb1a3f-1c15-4a95-931a-4af90ecb574d	45.4914	-75.627712	15.0						2024-09-04T14:27	4	9	2024	5244508	5244508	HUMAN_OBSERVATION	iNaturalist	Observations	239883837		jonathan_mack	2024-09-04T23:58:09	CC_BY_NC_4_0	jonathan_mack	jonathan_mack			2025-01-14T12:54:07.210Z	StillImage	COORDINATE_ROUNDED;CONTINENT_DERIVED_FROM_COORDINATES;TAXON_MATCH_TAXON_ID_IGNORED
4937223656	50c9509d-22c7-4a22-a47d-8c48425ef4a7	https://www.inaturalist.org/observations/179347498	Fungi	Basidiomycota	Agaricomycetes	Agaricales	Clavariaceae	Clavaria	Clavaria fumosa		SPECIES	Clavaria fumosa Pers.	Clavaria fumosa		CA		New Brunswick	PRESENT		28eb1a3f-1c15-4a95-931a-4af90ecb574d	45.860986	-66.434241							2023-08-20T11:15:54	20	8	2023	5244508	5244508	HUMAN_OBSERVATION	iNaturalist	Observations	179347498		Joshua Birkebak	2023-08-21T03:47:41	CC_BY_NC_4_0	Richard Reeleder	Richard Reeleder			2025-01-14T12:41:34.328Z	StillImage	COORDINATE_ROUNDED;CONTINENT_DERIVED_FROM_COORDINATES;TAXON_MATCH_TAXON_ID_IGNORED
4923856403	50c9509d-22c7-4a22-a47d-8c48425ef4a7	https://www.inaturalist.org/observations/234238023	Fungi	Basidiomycota	Agaricomycetes	Agaricales	Clavariaceae	Clavaria	Clavaria fumosa		SPECIES	Clavaria fumosa Pers.	Clavaria fumosa		CA		Ontario	PRESENT		28eb1a3f-1c15-4a95-931a-4af90ecb574d	45.388543	-75.546847							2024-08-06T14:12	6	8	2024	5244508	5244508	HUMAN_OBSERVATION	iNaturalist	Observations	234238023		Igor Khomenko	2024-08-06T23:04:35	CC_BY_NC_4_0	Igor Khomenko	Igor Khomenko			2025-01-14T12:52:38.181Z	StillImage	COORDINATE_ROUNDED;CONTINENT_DERIVED_FROM_COORDINATES;TAXON_MATCH_TAXON_ID_IGNORED
4908891790	50c9509d-22c7-4a22-a47d-8c48425ef4a7	https://www.inaturalist.org/observations/229377263	Fungi	Basidiomycota	Agaricomycetes	Agaricales	Clavariaceae	Clavaria	Clavaria fumosa		SPECIES	Clavaria fumosa Pers.	Clavaria fumosa		CA		Québec	PRESENT		28eb1a3f-1c15-4a95-931a-4af90ecb574d	45.50552	-75.798298	31.0						2024-07-13T15:29	13	7	2024	5244508	5244508	HUMAN_OBSERVATION	iNaturalist	Observations	229377263		jonathan_mack	2024-07-14T22:53:24	CC_BY_NC_4_0	jonathan_mack	jonathan_mack			2025-01-14T13:42:33.600Z	StillImage	COORDINATE_ROUNDED;CONTINENT_DERIVED_FROM_COORDINATES;TAXON_MATCH_TAXON_ID_IGNORED
4863878977	50c9509d-22c7-4a22-a47d-8c48425ef4a7	https://www.inaturalist.org/observations/215751088	Fungi	Basidiomycota	Agaricomycetes	Agaricales	Clavariaceae	Clavaria	Clavaria fumosa		SPECIES	Clavaria fumosa Pers.	Clavaria fumosa		CA		New Brunswick	PRESENT		28eb1a3f-1c15-4a95-931a-4af90ecb574d	46.806009	-66.580898							2022-08-13T15:00	13	8	2022	5244508	5244508	HUMAN_OBSERVATION	iNaturalist	Observations	215751088		David Malloch	2024-05-14T18:03:49	CC_BY_NC_4_0	David Malloch	David Malloch			2025-01-14T13:45:57.654Z	StillImage	CONTINENT_DERIVED_FROM_COORDINATES;TAXON_MATCH_TAXON_ID_IGNORED
4854833173	50c9509d-22c7-4a22-a47d-8c48425ef4a7	https://www.inaturalist.org/observations/183460673	Fungi	Basidiomycota	Agaricomycetes	Agaricales	Clavariaceae	Clavaria	Clavaria fumosa		SPECIES	Clavaria fumosa Pers.	Clavaria fumosa		CA		New Brunswick	PRESENT		28eb1a3f-1c15-4a95-931a-4af90ecb574d	47.050336	-67.572647	4.0						2023-09-15T14:06:50	15	9	2023	5244508	5244508	HUMAN_OBSERVATION	iNaturalist	Observations	183460673		k4d	2023-09-16T04:52:45	CC_BY_NC_4_0	k4d	k4d			2025-01-14T13:27:29.554Z	StillImage	COORDINATE_ROUNDED;CONTINENT_DERIVED_FROM_COORDINATES;TAXON_MATCH_TAXON_ID_IGNORED
4525100588	50c9509d-22c7-4a22-a47d-8c48425ef4a7	https://www.inaturalist.org/observations/198208639	Fungi	Basidiomycota	Agaricomycetes	Agaricales	Clavariaceae	Clavaria	Clavaria fumosa		SPECIES	Clavaria fumosa Pers.	Clavaria fumosa		CA		Québec	PRESENT		28eb1a3f-1c15-4a95-931a-4af90ecb574d	46.714663	-71.535086	4.0						2023-08-29	29	8	2023	5244508	5244508	HUMAN_OBSERVATION	iNaturalist	Observations	198208639		Christian Grenier	2024-02-02T13:42:16	CC_BY_NC_4_0	Christian Grenier	Christian Grenier			2025-01-14T13:37:40.680Z	StillImage	COORDINATE_ROUNDED;CONTINENT_DERIVED_FROM_COORDINATES;TAXON_MATCH_TAXON_ID_IGNORED
4420685183	50c9509d-22c7-4a22-a47d-8c48425ef4a7	https://www.inaturalist.org/observations/185939192	Fungi	Basidiomycota	Agaricomycetes	Agaricales	Clavariaceae	Clavaria	Clavaria fumosa		SPECIES	Clavaria fumosa Pers.	Clavaria fumosa		CA		New Brunswick	PRESENT		28eb1a3f-1c15-4a95-931a-4af90ecb574d	45.78714	-66.843495	725.0						2023-09-26T09:52:07	26	9	2023	5244508	5244508	HUMAN_OBSERVATION	iNaturalist	Observations	185939192		jurianvos	2023-10-02T18:52:17	CC_BY_NC_4_0	jurianvos	jurianvos			2025-01-14T12:40:08.513Z	StillImage	COORDINATE_ROUNDED;CONTINENT_DERIVED_FROM_COORDINATES;TAXON_MATCH_TAXON_ID_IGNORED
4414003964	50c9509d-22c7-4a22-a47d-8c48425ef4a7	https://www.inaturalist.org/observations/182741216	Fungi	Basidiomycota	Agaricomycetes	Agaricales	Clavariaceae	Clavaria	Clavaria fumosa		SPECIES	Clavaria fumosa Pers.	Clavaria fumosa		CA		Nova Scotia	PRESENT		28eb1a3f-1c15-4a95-931a-4af90ecb574d	45.004843	-64.300965	6646.0						2023-08-21T13:02:06	21	8	2023	5244508	5244508	HUMAN_OBSERVATION	iNaturalist	Observations	182741216		mgreeno	2023-09-11T01:16:35	CC_BY_NC_4_0	mgreeno	mgreeno			2025-01-14T12:41:07.719Z	StillImage	COORDINATE_ROUNDED;CONTINENT_DERIVED_FROM_COORDINATES;TAXON_MATCH_TAXON_ID_IGNORED
4413991291	50c9509d-22c7-4a22-a47d-8c48425ef4a7	https://www.inaturalist.org/observations/183265006	Fungi	Basidiomycota	Agaricomycetes	Agaricales	Clavariaceae	Clavaria	Clavaria fumosa		SPECIES	Clavaria fumosa Pers.	Clavaria fumosa		CA		Nova Scotia	PRESENT		28eb1a3f-1c15-4a95-931a-4af90ecb574d	45.928757	-64.121773							2023-09-14T07:49:12	14	9	2023	5244508	5244508	HUMAN_OBSERVATION	iNaturalist	Observations	183265006		Jeff White	2023-09-14T20:13:03	CC_BY_NC_4_0	Jeff White	Jeff White			2025-01-14T14:11:46.932Z	StillImage	COORDINATE_ROUNDED;CONTINENT_DERIVED_FROM_COORDINATES;TAXON_MATCH_TAXON_ID_IGNORED
4413509160	50c9509d-22c7-4a22-a47d-8c48425ef4a7	https://www.inaturalist.org/observations/182929785	Fungi	Basidiomycota	Agaricomycetes	Agaricales	Clavariaceae	Clavaria	Clavaria fumosa		SPECIES	Clavaria fumosa Pers.	Clavaria fumosa		CA		New Brunswick	PRESENT		28eb1a3f-1c15-4a95-931a-4af90ecb574d	46.113261	-64.790512	89.0						2023-09-11T16:47:46	11	9	2023	5244508	5244508	HUMAN_OBSERVATION	iNaturalist	Observations	182929785		banane__	2023-09-12T11:28:07	CC_BY_NC_4_0	banane__	banane__			2025-01-14T12:41:36.690Z	StillImage	COORDINATE_ROUNDED;CONTINENT_DERIVED_FROM_COORDINATES;TAXON_MATCH_TAXON_ID_IGNORED
4407483631	50c9509d-22c7-4a22-a47d-8c48425ef4a7	https://www.inaturalist.org/observations/181267435	Fungi	Basidiomycota	Agaricomycetes	Agaricales	Clavariaceae	Clavaria	Clavaria fumosa		SPECIES	Clavaria fumosa Pers.	Clavaria fumosa		CA		Ontario	PRESENT		28eb1a3f-1c15-4a95-931a-4af90ecb574d	45.388361	-75.738261							2023-08-31T14:30:54	31	8	2023	5244508	5244508	HUMAN_OBSERVATION	iNaturalist	Observations	181267435		alitheabsurd	2023-09-01T22:07:08	CC_BY_NC_4_0	alitheabsurd	alitheabsurd			2025-01-14T12:42:04.714Z	StillImage	COORDINATE_ROUNDED;CONTINENT_DERIVED_FROM_COORDINATES;TAXON_MATCH_TAXON_ID_IGNORED
4405609455	50c9509d-22c7-4a22-a47d-8c48425ef4a7	https://www.inaturalist.org/observations/180682689	Fungi	Basidiomycota	Agaricomycetes	Agaricales	Clavariaceae	Clavaria	Clavaria fumosa		SPECIES	Clavaria fumosa Pers.	Clavaria fumosa		CA		Québec	PRESENT		28eb1a3f-1c15-4a95-931a-4af90ecb574d	47.847137	-70.774038	20.0						2023-08-27T16:29:20	27	8	2023	5244508	5244508	HUMAN_OBSERVATION	iNaturalist	Observations	180682689		Christian Langlois	2023-08-28T21:39:34	CC_BY_4_0	Christian Langlois	Christian Langlois			2025-01-14T12:43:37.659Z	StillImage	COORDINATE_ROUNDED;CONTINENT_DERIVED_FROM_COORDINATES;TAXON_MATCH_TAXON_ID_IGNORED
4405316828	50c9509d-22c7-4a22-a47d-8c48425ef4a7	https://www.inaturalist.org/observations/180323969	Fungi	Basidiomycota	Agaricomycetes	Agaricales	Clavariaceae	Clavaria	Clavaria fumosa		SPECIES	Clavaria fumosa Pers.	Clavaria fumosa		CA		Québec	PRESENT		28eb1a3f-1c15-4a95-931a-4af90ecb574d	47.853113	-70.426758	178.0						2023-08-20T14:44:36	20	8	2023	5244508	5244508	HUMAN_OBSERVATION	iNaturalist	Observations	180323969		Roxanne Bogart	2023-08-26T19:45:07	CC_BY_NC_4_0	Roxanne Bogart	Roxanne Bogart			2025-01-14T13:32:07.201Z	StillImage	COORDINATE_ROUNDED;CONTINENT_DERIVED_FROM_COORDINATES;TAXON_MATCH_TAXON_ID_IGNORED
4405148018	50c9509d-22c7-4a22-a47d-8c48425ef4a7	https://www.inaturalist.org/observations/179765077	Fungi	Basidiomycota	Agaricomycetes	Agaricales	Clavariaceae	Clavaria	Clavaria fumosa		SPECIES	Clavaria fumosa Pers.	Clavaria fumosa		CA		Québec	PRESENT		28eb1a3f-1c15-4a95-931a-4af90ecb574d	47.413238	-70.33661	234.0						2023-07-17T15:18:02	17	7	2023	5244508	5244508	HUMAN_OBSERVATION	iNaturalist	Observations	179765077		Gabriel VERDOT-BOURDON	2023-08-23T01:07:25	CC_BY_NC_4_0	Gabriel VERDOT-BOURDON	Gabriel VERDOT-BOURDON			2025-01-14T13:32:06.670Z	StillImage	COORDINATE_ROUNDED;CONTINENT_DERIVED_FROM_COORDINATES;TAXON_MATCH_TAXON_ID_IGNORED
4405041260	50c9509d-22c7-4a22-a47d-8c48425ef4a7	https://www.inaturalist.org/observations/179992961	Fungi	Basidiomycota	Agaricomycetes	Agaricales	Clavariaceae	Clavaria	Clavaria fumosa		SPECIES	Clavaria fumosa Pers.	Clavaria fumosa		CA		Québec	PRESENT		28eb1a3f-1c15-4a95-931a-4af90ecb574d	45.483486	-75.847908	263.0						2023-08-23T11:55	23	8	2023	5244508	5244508	HUMAN_OBSERVATION	iNaturalist	Observations	179992961		Joshua Birkebak	2023-08-26T04:19:26	CC_BY_NC_4_0	Mike Leveille	Mike Leveille			2025-01-14T13:42:25.671Z	StillImage	COORDINATE_ROUNDED;CONTINENT_DERIVED_FROM_COORDINATES;TAXON_MATCH_TAXON_ID_IGNORED
4400482566	50c9509d-22c7-4a22-a47d-8c48425ef4a7	https://www.inaturalist.org/observations/179699552	Fungi	Basidiomycota	Agaricomycetes	Agaricales	Clavariaceae	Clavaria	Clavaria fumosa		SPECIES	Clavaria fumosa Pers.	Clavaria fumosa		CA		Québec	PRESENT		28eb1a3f-1c15-4a95-931a-4af90ecb574d	46.775399	-71.273601	20.0						2023-08-21T08:37:38	21	8	2023	5244508	5244508	HUMAN_OBSERVATION	iNaturalist	Observations	179699552		Camille Boucher	2023-08-22T16:38:47	CC_BY_NC_4_0	Camille Boucher	Camille Boucher			2025-01-14T13:32:40.711Z	StillImage	COORDINATE_ROUNDED;CONTINENT_DERIVED_FROM_COORDINATES;TAXON_MATCH_TAXON_ID_IGNORED
4400434856	50c9509d-22c7-4a22-a47d-8c48425ef4a7	https://www.inaturalist.org/observations/179387545	Fungi	Basidiomycota	Agaricomycetes	Agaricales	Clavariaceae	Clavaria	Clavaria fumosa		SPECIES	Clavaria fumosa Pers.	Clavaria fumosa		CA		Ontario	PRESENT		28eb1a3f-1c15-4a95-931a-4af90ecb574d	45.197912	-76.239684							2023-08-18T18:25	18	8	2023	5244508	5244508	HUMAN_OBSERVATION	iNaturalist	Observations	179387545		almonteallisons	2023-08-20T18:15:26	CC_BY_NC_4_0	almonteallisons	almonteallisons			2025-01-14T13:32:37.778Z	StillImage	COORDINATE_ROUNDED;CONTINENT_DERIVED_FROM_COORDINATES;TAXON_MATCH_TAXON_ID_IGNORED
4400293983	50c9509d-22c7-4a22-a47d-8c48425ef4a7	https://www.inaturalist.org/observations/178867075	Fungi	Basidiomycota	Agaricomycetes	Agaricales	Clavariaceae	Clavaria	Clavaria fumosa		SPECIES	Clavaria fumosa Pers.	Clavaria fumosa		CA		Québec	PRESENT		28eb1a3f-1c15-4a95-931a-4af90ecb574d	45.41777	-71.91875	4.0						2023-08-17T12:11:32	17	8	2023	5244508	5244508	HUMAN_OBSERVATION	iNaturalist	Observations	178867075		Joshua Birkebak	2023-08-18T02:40:11	CC_BY_NC_4_0	Jacob Beauregard	Jacob Beauregard			2025-01-14T12:38:11.604Z	StillImage	COORDINATE_ROUNDED;CONTINENT_DERIVED_FROM_COORDINATES;TAXON_MATCH_TAXON_ID_IGNORED
4400235816	50c9509d-22c7-4a22-a47d-8c48425ef4a7	https://www.inaturalist.org/observations/179590219	Fungi	Basidiomycota	Agaricomycetes	Agaricales	Clavariaceae	Clavaria	Clavaria fumosa		SPECIES	Clavaria fumosa Pers.	Clavaria fumosa		CA		Québec	PRESENT		28eb1a3f-1c15-4a95-931a-4af90ecb574d	45.581925	-75.84989	581.0						2023-08-21T16:52:36	21	8	2023	5244508	5244508	HUMAN_OBSERVATION	iNaturalist	Observations	179590219		Joshua Birkebak	2023-08-22T03:20:15	CC_BY_NC_4_0	barbhav	barbhav			2025-01-14T13:31:54.419Z	StillImage	COORDINATE_ROUNDED;CONTINENT_DERIVED_FROM_COORDINATES;TAXON_MATCH_TAXON_ID_IGNORED
4400159792	50c9509d-22c7-4a22-a47d-8c48425ef4a7	https://www.inaturalist.org/observations/179699668	Fungi	Basidiomycota	Agaricomycetes	Agaricales	Clavariaceae	Clavaria	Clavaria fumosa		SPECIES	Clavaria fumosa Pers.	Clavaria fumosa		CA		Québec	PRESENT		28eb1a3f-1c15-4a95-931a-4af90ecb574d	46.775868	-71.273361	25.0						2023-08-21T08:45:53	21	8	2023	5244508	5244508	HUMAN_OBSERVATION	iNaturalist	Observations	179699668		Camille Boucher	2023-08-22T16:39:42	CC_BY_NC_4_0	Camille Boucher	Camille Boucher			2025-01-14T12:41:18.636Z	StillImage	COORDINATE_ROUNDED;CONTINENT_DERIVED_FROM_COORDINATES;TAXON_MATCH_TAXON_ID_IGNORED
4399949325	50c9509d-22c7-4a22-a47d-8c48425ef4a7	https://www.inaturalist.org/observations/179460622	Fungi	Basidiomycota	Agaricomycetes	Agaricales	Clavariaceae	Clavaria	Clavaria fumosa		SPECIES	Clavaria fumosa Pers.	Clavaria fumosa		CA		Québec	PRESENT		28eb1a3f-1c15-4a95-931a-4af90ecb574d	45.425543	-75.817289	77.0						2023-08-20T14:15	20	8	2023	5244508	5244508	HUMAN_OBSERVATION	iNaturalist	Observations	179460622		jonathan_mack	2023-08-21T02:02:24	CC_BY_NC_4_0	jonathan_mack	jonathan_mack			2025-01-14T12:40:54.439Z	StillImage	COORDINATE_ROUNDED;CONTINENT_DERIVED_FROM_COORDINATES;TAXON_MATCH_TAXON_ID_IGNORED
4399856197	50c9509d-22c7-4a22-a47d-8c48425ef4a7	https://www.inaturalist.org/observations/178689832	Fungi	Basidiomycota	Agaricomycetes	Agaricales	Clavariaceae	Clavaria	Clavaria fumosa		SPECIES	Clavaria fumosa Pers.	Clavaria fumosa		CA		New Brunswick	PRESENT		28eb1a3f-1c15-4a95-931a-4af90ecb574d	46.114449	-64.788063	794.0						2023-08-16T11:10:39	16	8	2023	5244508	5244508	HUMAN_OBSERVATION	iNaturalist	Observations	178689832		Joshua Birkebak	2023-08-16T19:49:45	CC_BY_NC_4_0	banane__	banane__			2025-01-14T12:40:20.574Z	StillImage	COORDINATE_ROUNDED;CONTINENT_DERIVED_FROM_COORDINATES;TAXON_MATCH_TAXON_ID_IGNORED
4177578983	50c9509d-22c7-4a22-a47d-8c48425ef4a7	https://www.inaturalist.org/observations/178476214	Fungi	Basidiomycota	Agaricomycetes	Agaricales	Clavariaceae	Clavaria	Clavaria fumosa		SPECIES	Clavaria fumosa Pers.	Clavaria fumosa		CA		Québec	PRESENT		28eb1a3f-1c15-4a95-931a-4af90ecb574d	46.751321	-71.312808	4.0						2023-08-14T23:21	14	8	2023	5244508	5244508	HUMAN_OBSERVATION	iNaturalist	Observations	178476214		Pierrick Bloin	2023-08-15T03:26:51	CC_BY_NC_4_0	Pierrick Bloin	Pierrick Bloin			2025-01-14T12:43:59.606Z	StillImage	COORDINATE_ROUNDED;CONTINENT_DERIVED_FROM_COORDINATES;TAXON_MATCH_TAXON_ID_IGNORED
4177316123	50c9509d-22c7-4a22-a47d-8c48425ef4a7	https://www.inaturalist.org/observations/178420094	Fungi	Basidiomycota	Agaricomycetes	Agaricales	Clavariaceae	Clavaria	Clavaria fumosa		SPECIES	Clavaria fumosa Pers.	Clavaria fumosa		CA		Québec	PRESENT		28eb1a3f-1c15-4a95-931a-4af90ecb574d	45.844238	-75.690926	77.0						2023-08-14T15:48:17	14	8	2023	5244508	5244508	HUMAN_OBSERVATION	iNaturalist	Observations	178420094		m_dupuis	2023-08-14T19:48:34	CC_BY_NC_4_0	m_dupuis	m_dupuis			2025-01-14T12:39:44.581Z	StillImage	COORDINATE_ROUNDED;CONTINENT_DERIVED_FROM_COORDINATES;TAXON_MATCH_TAXON_ID_IGNORED
4172093418	50c9509d-22c7-4a22-a47d-8c48425ef4a7	https://www.inaturalist.org/observations/177067997	Fungi	Basidiomycota	Agaricomycetes	Agaricales	Clavariaceae	Clavaria	Clavaria fumosa		SPECIES	Clavaria fumosa Pers.	Clavaria fumosa		CA		Ontario	PRESENT		28eb1a3f-1c15-4a95-931a-4af90ecb574d	45.146043	-76.246039	115.0						2023-08-05T11:51	5	8	2023	5244508	5244508	HUMAN_OBSERVATION	iNaturalist	Observations	177067997		jonathan_mack	2023-08-06T22:57:27	CC_BY_NC_4_0	jonathan_mack	jonathan_mack			2025-01-14T12:39:56.221Z	StillImage	COORDINATE_ROUNDED;CONTINENT_DERIVED_FROM_COORDINATES;TAXON_MATCH_TAXON_ID_IGNORED
4171939686	50c9509d-22c7-4a22-a47d-8c48425ef4a7	https://www.inaturalist.org/observations/175766630	Fungi	Basidiomycota	Agaricomycetes	Agaricales	Clavariaceae	Clavaria	Clavaria fumosa		SPECIES	Clavaria fumosa Pers.	Clavaria fumosa		CA		Québec	PRESENT		28eb1a3f-1c15-4a95-931a-4af90ecb574d	45.532671	-75.994593	20.0						2023-07-29T13:12	29	7	2023	5244508	5244508	HUMAN_OBSERVATION	iNaturalist	Observations	175766630		Serguei Ponomarenko	2023-07-30T17:15:58	CC_BY_NC_4_0	Serguei Ponomarenko	Serguei Ponomarenko			2025-01-14T12:40:25.930Z	StillImage	COORDINATE_ROUNDED;CONTINENT_DERIVED_FROM_COORDINATES;TAXON_MATCH_TAXON_ID_IGNORED
4171846338	50c9509d-22c7-4a22-a47d-8c48425ef4a7	https://www.inaturalist.org/observations/175633332	Fungi	Basidiomycota	Agaricomycetes	Agaricales	Clavariaceae	Clavaria	Clavaria fumosa		SPECIES	Clavaria fumosa Pers.	Clavaria fumosa		CA		Québec	PRESENT		28eb1a3f-1c15-4a95-931a-4af90ecb574d	45.490119	-75.623935	416.0						2023-07-29T11:23	29	7	2023	5244508	5244508	HUMAN_OBSERVATION	iNaturalist	Observations	175633332		L Joan Heyding	2023-07-29T23:20:52	CC_BY_NC_4_0	L Joan Heyding	L Joan Heyding			2025-01-14T13:32:08.944Z	StillImage	COORDINATE_ROUNDED;CONTINENT_DERIVED_FROM_COORDINATES;TAXON_MATCH_TAXON_ID_IGNORED
4171562400	50c9509d-22c7-4a22-a47d-8c48425ef4a7	https://www.inaturalist.org/observations/174797225	Fungi	Basidiomycota	Agaricomycetes	Agaricales	Clavariaceae	Clavaria	Clavaria fumosa		SPECIES	Clavaria fumosa Pers.	Clavaria fumosa		CA		Québec	PRESENT		28eb1a3f-1c15-4a95-931a-4af90ecb574d	45.882977	-74.992879	373.0						2023-07-23T09:59	23	7	2023	5244508	5244508	HUMAN_OBSERVATION	iNaturalist	Observations	174797225		Joshua Birkebak	2023-07-25T03:51:12	CC0_1_0	M. Squire	M. Squire			2025-01-14T13:31:54.228Z	StillImage	COORDINATE_ROUNDED;CONTINENT_DERIVED_FROM_COORDINATES;TAXON_MATCH_TAXON_ID_IGNORED
4165847603	50c9509d-22c7-4a22-a47d-8c48425ef4a7	https://www.inaturalist.org/observations/174125115	Fungi	Basidiomycota	Agaricomycetes	Agaricales	Clavariaceae	Clavaria	Clavaria fumosa		SPECIES	Clavaria fumosa Pers.	Clavaria fumosa		CA		Ontario	PRESENT		28eb1a3f-1c15-4a95-931a-4af90ecb574d	45.502258	-76.944297							2023-07-21T10:44:18	21	7	2023	5244508	5244508	HUMAN_OBSERVATION	iNaturalist	Observations	174125115		steph_xyz	2023-07-21T16:57:11	CC_BY_NC_4_0	steph_xyz	steph_xyz			2025-01-14T12:37:07.414Z	StillImage	COORDINATE_ROUNDED;CONTINENT_DERIVED_FROM_COORDINATES;TAXON_MATCH_TAXON_ID_IGNORED
4165716451	50c9509d-22c7-4a22-a47d-8c48425ef4a7	https://www.inaturalist.org/observations/174336450	Fungi	Basidiomycota	Agaricomycetes	Agaricales	Clavariaceae	Clavaria	Clavaria fumosa		SPECIES	Clavaria fumosa Pers.	Clavaria fumosa		CA		Nova Scotia	PRESENT		28eb1a3f-1c15-4a95-931a-4af90ecb574d	45.122556	-64.649483	6.0						2023-07-22T16:39:57	22	7	2023	5244508	5244508	HUMAN_OBSERVATION	iNaturalist	Observations	174336450		seanbasquill	2023-07-22T19:48:17	CC_BY_NC_4_0	seanbasquill	seanbasquill			2025-01-14T12:40:35.122Z	StillImage	COORDINATE_ROUNDED;CONTINENT_DERIVED_FROM_COORDINATES;TAXON_MATCH_TAXON_ID_IGNORED
4165669178	50c9509d-22c7-4a22-a47d-8c48425ef4a7	https://www.inaturalist.org/observations/174563004	Fungi	Basidiomycota	Agaricomycetes	Agaricales	Clavariaceae	Clavaria	Clavaria fumosa		SPECIES	Clavaria fumosa Pers.	Clavaria fumosa		CA		Québec	PRESENT		28eb1a3f-1c15-4a95-931a-4af90ecb574d	45.277966	-72.057762	40.0						2023-07-23T17:25:58	23	7	2023	5244508	5244508	HUMAN_OBSERVATION	iNaturalist	Observations	174563004		Douglas Robb	2023-07-23T21:26:07	CC_BY_NC_4_0	Douglas Robb	Douglas Robb			2025-01-14T12:36:46.595Z	StillImage	COORDINATE_ROUNDED;CONTINENT_DERIVED_FROM_COORDINATES;TAXON_MATCH_TAXON_ID_IGNORED
4165641725	50c9509d-22c7-4a22-a47d-8c48425ef4a7	https://www.inaturalist.org/observations/173859783	Fungi	Basidiomycota	Agaricomycetes	Agaricales	Clavariaceae	Clavaria	Clavaria fumosa		SPECIES	Clavaria fumosa Pers.	Clavaria fumosa		CA		Québec	PRESENT		28eb1a3f-1c15-4a95-931a-4af90ecb574d	46.73055	-71.437233	67.0						2023-07-19T19:20:43	19	7	2023	5244508	5244508	HUMAN_OBSERVATION	iNaturalist	Observations	173859783		Hilde Marie Johansen	2023-07-20T00:14:57	CC_BY_NC_4_0	Hilde Marie Johansen	Hilde Marie Johansen			2025-01-14T13:27:54.915Z	StillImage	COORDINATE_ROUNDED;CONTINENT_DERIVED_FROM_COORDINATES;TAXON_MATCH_TAXON_ID_IGNORED
4165465202	50c9509d-22c7-4a22-a47d-8c48425ef4a7	https://www.inaturalist.org/observations/173913710	Fungi	Basidiomycota	Agaricomycetes	Agaricales	Clavariaceae	Clavaria	Clavaria fumosa		SPECIES	Clavaria fumosa Pers.	Clavaria fumosa		CA		New Brunswick	PRESENT		28eb1a3f-1c15-4a95-931a-4af90ecb574d	45.953098	-66.616943	2.0						2023-07-20T07:56:35	20	7	2023	5244508	5244508	HUMAN_OBSERVATION	iNaturalist	Observations	173913710		jmersereau	2023-07-20T10:57:12	CC_BY_NC_4_0	jmersereau	jmersereau			2025-01-14T12:40:00.898Z	StillImage	COORDINATE_ROUNDED;CONTINENT_DERIVED_FROM_COORDINATES;TAXON_MATCH_TAXON_ID_IGNORED
4162617682	50c9509d-22c7-4a22-a47d-8c48425ef4a7	https://www.inaturalist.org/observations/173456446	Fungi	Basidiomycota	Agaricomycetes	Agaricales	Clavariaceae	Clavaria	Clavaria fumosa		SPECIES	Clavaria fumosa Pers.	Clavaria fumosa		CA		Québec	PRESENT		28eb1a3f-1c15-4a95-931a-4af90ecb574d	45.386299	-72.722755	629.0						2023-07-17T14:18:58	17	7	2023	5244508	5244508	HUMAN_OBSERVATION	iNaturalist	Observations	173456446		Maïli D. H.	2023-07-17T18:22:39	CC_BY_NC_4_0	Maïli D. H.	Maïli D. H.			2025-01-14T13:25:49.161Z	StillImage	COORDINATE_ROUNDED;CONTINENT_DERIVED_FROM_COORDINATES;TAXON_MATCH_TAXON_ID_IGNORED
4162441869	50c9509d-22c7-4a22-a47d-8c48425ef4a7	https://www.inaturalist.org/observations/173467250	Fungi	Basidiomycota	Agaricomycetes	Agaricales	Clavariaceae	Clavaria	Clavaria fumosa		SPECIES	Clavaria fumosa Pers.	Clavaria fumosa		CA		Ontario	PRESENT		28eb1a3f-1c15-4a95-931a-4af90ecb574d	45.240306	-76.218467							2023-07-17T10:17	17	7	2023	5244508	5244508	HUMAN_OBSERVATION	iNaturalist	Observations	173467250		Igor Khomenko	2023-07-17T19:22:55	CC_BY_NC_4_0	Igor Khomenko	Igor Khomenko			2025-01-14T12:39:34.239Z	StillImage	COORDINATE_ROUNDED;CONTINENT_DERIVED_FROM_COORDINATES;TAXON_MATCH_TAXON_ID_IGNORED
4162091372	50c9509d-22c7-4a22-a47d-8c48425ef4a7	https://www.inaturalist.org/observations/90131258	Fungi	Basidiomycota	Agaricomycetes	Agaricales	Clavariaceae	Clavaria	Clavaria fumosa		SPECIES	Clavaria fumosa Pers.	Clavaria fumosa		CA		Ontario	PRESENT		28eb1a3f-1c15-4a95-931a-4af90ecb574d	45.198999	-76.238511	1.0						2021-08-05T15:59	5	8	2021	5244508	5244508	HUMAN_OBSERVATION	iNaturalist	Observations	90131258		almonteallisons	2021-08-06T11:34:23	CC_BY_NC_4_0	almonteallisons	almonteallisons			2025-01-14T13:13:40.685Z	StillImage	COORDINATE_ROUNDED;CONTINENT_DERIVED_FROM_COORDINATES;TAXON_MATCH_TAXON_ID_IGNORED
4137626591	50c9509d-22c7-4a22-a47d-8c48425ef4a7	https://www.inaturalist.org/observations/167284617	Fungi	Basidiomycota	Agaricomycetes	Agaricales	Clavariaceae	Clavaria	Clavaria fumosa		SPECIES	Clavaria fumosa Pers.	Clavaria fumosa		CA		Ontario	PRESENT		28eb1a3f-1c15-4a95-931a-4af90ecb574d	45.204051	-77.379948	100.0						2003-09-24	24	9	2003	5244508	5244508	HUMAN_OBSERVATION	iNaturalist	Observations	167284617		Daryl Coulson	2023-06-14T00:08:00	CC_BY_NC_4_0	Daryl Coulson	Daryl Coulson			2025-01-14T13:25:07.168Z	StillImage	COORDINATE_ROUNDED;CONTINENT_DERIVED_FROM_COORDINATES;TAXON_MATCH_TAXON_ID_IGNORED
4129741358	50c9509d-22c7-4a22-a47d-8c48425ef4a7	https://www.inaturalist.org/observations/140697380	Fungi	Basidiomycota	Agaricomycetes	Agaricales	Clavariaceae	Clavaria	Clavaria fumosa		SPECIES	Clavaria fumosa Pers.	Clavaria fumosa		CA		Québec	PRESENT		28eb1a3f-1c15-4a95-931a-4af90ecb574d	45.413473	-75.832556	183.0						2022-08-27T11:40	27	8	2022	5244508	5244508	HUMAN_OBSERVATION	iNaturalist	Observations	140697380		L Joan Heyding	2022-10-31T20:39:24	CC_BY_NC_4_0	L Joan Heyding	L Joan Heyding			2025-01-14T12:34:00.050Z	StillImage	COORDINATE_ROUNDED;CONTINENT_DERIVED_FROM_COORDINATES;TAXON_MATCH_TAXON_ID_IGNORED
4022077231	50c9509d-22c7-4a22-a47d-8c48425ef4a7	https://www.inaturalist.org/observations/147009505	Fungi	Basidiomycota	Agaricomycetes	Agaricales	Clavariaceae	Clavaria	Clavaria fumosa		SPECIES	Clavaria fumosa Pers.	Clavaria fumosa		CA		Québec	PRESENT		28eb1a3f-1c15-4a95-931a-4af90ecb574d	47.6698	-70.612	50.0						1996-08-02T15:30	2	8	1996	5244508	5244508	HUMAN_OBSERVATION	iNaturalist	Observations	147009505		Joshua Birkebak	2023-01-22T14:41:34	CC_BY_NC_4_0	Jacques HALLOT	Jacques HALLOT			2025-01-14T12:33:16.300Z	StillImage	CONTINENT_DERIVED_FROM_COORDINATES;TAXON_MATCH_TAXON_ID_IGNORED
3915655798	50c9509d-22c7-4a22-a47d-8c48425ef4a7	https://www.inaturalist.org/observations/136519458	Fungi	Basidiomycota	Agaricomycetes	Agaricales	Clavariaceae	Clavaria	Clavaria fumosa		SPECIES	Clavaria fumosa Pers.	Clavaria fumosa		CA		Ontario	PRESENT		28eb1a3f-1c15-4a95-931a-4af90ecb574d	45.327256	-75.947543	334.0						2022-09-25T11:08:48	25	9	2022	5244508	5244508	HUMAN_OBSERVATION	iNaturalist	Observations	136519458		amanitamozart	2022-09-26T03:26:54	CC_BY_NC_4_0	sammistritt	sammistritt			2025-01-14T12:32:03.561Z	StillImage	COORDINATE_ROUNDED;CONTINENT_DERIVED_FROM_COORDINATES;TAXON_MATCH_TAXON_ID_IGNORED
3915620453	50c9509d-22c7-4a22-a47d-8c48425ef4a7	https://www.inaturalist.org/observations/136109756	Fungi	Basidiomycota	Agaricomycetes	Agaricales	Clavariaceae	Clavaria	Clavaria fumosa		SPECIES	Clavaria fumosa Pers.	Clavaria fumosa		CA		Ontario	PRESENT		28eb1a3f-1c15-4a95-931a-4af90ecb574d	45.352646	-75.975754							2022-09-22T18:02:42	22	9	2022	5244508	5244508	HUMAN_OBSERVATION	iNaturalist	Observations	136109756		Alexis Williams	2022-09-23T01:19:19	CC_BY_4_0	Alexis Williams	Alexis Williams			2025-01-14T12:32:23.690Z	StillImage	COORDINATE_ROUNDED;CONTINENT_DERIVED_FROM_COORDINATES;TAXON_MATCH_TAXON_ID_IGNORED
3911989517	50c9509d-22c7-4a22-a47d-8c48425ef4a7	https://www.inaturalist.org/observations/132715550	Fungi	Basidiomycota	Agaricomycetes	Agaricales	Clavariaceae	Clavaria	Clavaria fumosa		SPECIES	Clavaria fumosa Pers.	Clavaria fumosa		CA		Ontario	PRESENT		28eb1a3f-1c15-4a95-931a-4af90ecb574d	45.352242	-75.999712							2022-08-28T12:19:11	28	8	2022	5244508	5244508	HUMAN_OBSERVATION	iNaturalist	Observations	132715550		Nina	2022-08-28T23:47:29	CC_BY_NC_4_0	Nina	Nina			2025-01-14T13:25:10.143Z	StillImage	COORDINATE_ROUNDED;CONTINENT_DERIVED_FROM_COORDINATES;TAXON_MATCH_TAXON_ID_IGNORED
3335151124	50c9509d-22c7-4a22-a47d-8c48425ef4a7	https://www.inaturalist.org/observations/89591705	Fungi	Basidiomycota	Agaricomycetes	Agaricales	Clavariaceae	Clavaria	Clavaria fumosa		SPECIES	Clavaria fumosa Pers.	Clavaria fumosa		CA		Ontario	PRESENT		28eb1a3f-1c15-4a95-931a-4af90ecb574d	45.250887	-76.258802	1119.0						2021-08-01T16:06:09	1	8	2021	5244508	5244508	HUMAN_OBSERVATION	iNaturalist	Observations	89591705		kgoffin	2021-08-02T03:03:00	CC_BY_NC_4_0	kgoffin	kgoffin			2025-01-14T12:19:55.787Z	StillImage	COORDINATE_ROUNDED;CONTINENT_DERIVED_FROM_COORDINATES;TAXON_MATCH_TAXON_ID_IGNORED
3079733958	50c9509d-22c7-4a22-a47d-8c48425ef4a7	https://www.inaturalist.org/observations/56350847	Fungi	Basidiomycota	Agaricomycetes	Agaricales	Clavariaceae	Clavaria	Clavaria fumosa		SPECIES	Clavaria fumosa Pers.	Clavaria fumosa		CA		Ontario	PRESENT		28eb1a3f-1c15-4a95-931a-4af90ecb574d	45.402703	-75.587647	24.0						2020-08-13T13:21	13	8	2020	5244508	5244508	HUMAN_OBSERVATION	iNaturalist	Observations	56350847		Igor Khomenko	2020-08-13T19:56:14	CC_BY_NC_4_0	Igor Khomenko	Igor Khomenko			2025-01-14T13:08:59.554Z	StillImage	COORDINATE_ROUNDED;CONTINENT_DERIVED_FROM_COORDINATES;TAXON_MATCH_TAXON_ID_IGNORED
3039403419	50c9509d-22c7-4a22-a47d-8c48425ef4a7	https://www.inaturalist.org/observations/33912314	Fungi	Basidiomycota	Agaricomycetes	Agaricales	Clavariaceae	Clavaria	Clavaria fumosa		SPECIES	Clavaria fumosa Pers.	Clavaria fumosa		CA		Québec	PRESENT		28eb1a3f-1c15-4a95-931a-4af90ecb574d	48.081627	-67.088005							2019-09-29T14:42	29	9	2019	5244508	5244508	HUMAN_OBSERVATION	iNaturalist	Observations	33912314		mastawade	2019-10-05T20:34:50	CC_BY_NC_4_0	mastawade	mastawade			2025-01-14T13:05:37.145Z	StillImage	COORDINATE_ROUNDED;CONTINENT_DERIVED_FROM_COORDINATES;TAXON_MATCH_TAXON_ID_IGNORED
2862346488	50c9509d-22c7-4a22-a47d-8c48425ef4a7	https://www.inaturalist.org/observations/57327500	Fungi	Basidiomycota	Agaricomycetes	Agaricales	Clavariaceae	Clavaria	Clavaria fumosa		SPECIES	Clavaria fumosa Pers.	Clavaria fumosa		CA		Québec	PRESENT		28eb1a3f-1c15-4a95-931a-4af90ecb574d	46.756738	-71.321324	8.0						2020-08-22	22	8	2020	5244508	5244508	HUMAN_OBSERVATION	iNaturalist	Observations	57327500		cinna_latifolia	2020-09-10T17:54:59	CC_BY_NC_4_0	Ludo Leclerc	Ludo Leclerc			2025-01-14T12:14:34.610Z	StillImage	CONTINENT_DERIVED_FROM_COORDINATES;TAXON_MATCH_TAXON_ID_IGNORED
2423612415	21705170-d2b6-42de-8904-c3bca4b83591	CMMF018767	Fungi	Basidiomycota	Agaricomycetes	Agaricales	Clavariaceae	Clavaria	Clavaria fumosa		SPECIES	Clavaria fumosa Pers.	Clavaria fumosa Pers.	Pers.	CA	St-Côme	Québec	PRESENT		ff7bd5db-b724-4932-b496-10ea298851f9	46.270036	-73.771832	10000.0						1988-08-27	27	8	1988	5244508	5244508	PRESERVED_SPECIMEN	Université de Montréal Biodiversity Centre	CMMF	CMMF018767	s.n.	Nantel, Patrick		CC0_1_0	Université de Montréal Biodiversity Centre	Nantel, Patrick			2024-01-24T16:38:18.596Z		INSTITUTION_MATCH_FUZZY;COLLECTION_MATCH_FUZZY;DIFFERENT_OWNER_INSTITUTION
1990310873	032f1fbe-d21f-407d-be46-5cd1bb1ea397	49cc1136-a5e6-48e4-8b24-c705858904d1	Fungi	Basidiomycota	Agaricomycetes	Agaricales	Clavariaceae	Clavaria	Clavaria fumosa		SPECIES	Clavaria fumosa Pers.	Clavaria fumosa	Pers.	CA	Scots Bay, Cape Split	Nova Scotia	PRESENT		61c539d8-47e0-4b82-875f-b95aad66dcd4	45.326389	-64.438889							1973-08-29	29	8	1973	5244508	5244508	PRESERVED_SPECIMEN	TENN-F		TENN-F-037910	RHP37910			CC0_1_0		R.H. Petersen			2025-01-12T10:33:51.276Z	StillImage	COORDINATE_ROUNDED;GEODETIC_DATUM_ASSUMED_WGS84;CONTINENT_DERIVED_FROM_COORDINATES;TAXON_MATCH_TAXON_ID_IGNORED;INSTITUTION_MATCH_NONE
1990304773	032f1fbe-d21f-407d-be46-5cd1bb1ea397	499704b6-98e7-47d2-bc19-38851fec2f51	Fungi	Basidiomycota	Agaricomycetes	Agaricales	Clavariaceae	Clavaria	Clavaria fumosa		SPECIES	Clavaria fumosa Pers.	Clavaria fumosa	Pers.	CA	Glenmont, Gospel Hill Road	Nova Scotia	PRESENT		61c539d8-47e0-4b82-875f-b95aad66dcd4	45.184722	-64.466667							1930-10-04	4	10	1930	5244508	5244508	PRESERVED_SPECIMEN	TENN-F		TENN-F-031581	RHP1163			CC0_1_0		K.A. Harrison			2025-01-12T10:33:52.271Z		COORDINATE_ROUNDED;GEODETIC_DATUM_ASSUMED_WGS84;CONTINENT_DERIVED_FROM_COORDINATES;TAXON_MATCH_TAXON_ID_IGNORED;INSTITUTION_MATCH_NONE
1807255341	e8a25a42-f125-476c-8554-3ec21cd51a84	ACAD:112182	Fungi	Basidiomycota	Agaricomycetes	Agaricales	Clavariaceae	Clavaria	Clavaria fumosa		SPECIES	Clavaria fumosa Pers.	Clavaria fumosa Pers.	Pers.	CA	(Kentville)	Nova Scotia	PRESENT		6491ad8c-8e49-4bd4-a089-0ddb3bbe0890	45.07662	-64.49592							1952-09-21	21	9	1952	5244508	5244508	PRESERVED_SPECIMEN	Acadia University	ACAD	1891F	1891			CC0_1_0	Acadia University	H, KA			2024-01-25T01:37:05.899Z	StillImage	GEODETIC_DATUM_INVALID;GEODETIC_DATUM_ASSUMED_WGS84;TAXON_MATCH_TAXON_ID_IGNORED;INSTITUTION_MATCH_FUZZY;COLLECTION_MATCH_FUZZY
