gbifID	datasetKey	occurrenceID	kingdom	phylum	class	order	family	genus	species	infraspecificEpithet	taxonRank	scientificName	verbatimScientificName	verbatimScientificNameAuthorship	countryCode	locality	stateProvince	occurrenceStatus	individualCount	publishingOrgKey	decimalLatitude	decimalLongitude	coordinateUncertaintyInMeters	coordinatePrecision	elevation	elevationAccuracy	depth	depthAccuracy	eventDate	day	month	year	taxonKey	speciesKey	basisOfRecord	institutionCode	collectionCode	catalogNumber	recordNumber	identifiedBy	dateIdentified	license	rightsHolder	recordedBy	typeStatus	establishmentMeans	lastInterpreted	mediaType	issue
4946375314	50c9509d-22c7-4a22-a47d-8c48425ef4a7	https://www.inaturalist.org/observations/241189280	Fungi	Basidiomycota	Agaricomycetes	Hymenochaetales	Hymenochaetaceae	Hydnoporia	Hydnoporia tabacina		SPECIES	Hydnoporia tabacina (Sowerby) Spirin, Miettinen & K.H.Larss.	Hydnoporia tabacina		CA		Prince Edward Island	PRESENT		28eb1a3f-1c15-4a95-931a-4af90ecb574d	46.739442	-64.356505	4.0						2024-09-11T14:49:43	11	9	2024	10700730	10700730	HUMAN_OBSERVATION	iNaturalist	Observations	241189280		Rosemary Curley	2024-09-11T22:32:19	CC_BY_NC_4_0	Rosemary Curley	Rosemary Curley			2025-01-14T12:52:56.914Z	StillImage	COORDINATE_ROUNDED;CONTINENT_DERIVED_FROM_COORDINATES;TAXON_MATCH_TAXON_ID_IGNORED
4893087133	eeaf050f-23d0-4557-9084-ec545cd3d9a7	770a8746-06c7-4819-9cbb-b10af8e61c9a	Fungi	Basidiomycota	Agaricomycetes	Hymenochaetales	Hymenochaetaceae	Hydnoporia	Hymenochaete tabacina		SPECIES	Hymenochaete tabacina (Sowerby) Lév.	Hymenochaete tabacina	(Sowerby) Lév.	CA	Ottawa	Ontario	PRESENT		325c883e-46a7-4be3-9d77-7dde654fd1d3	45.423949	-75.695445											2520013	10700730	PRESERVED_SPECIMEN	DPI	DAR	DAR00046038				CC_BY_4_0					2025-01-02T23:50:27.203Z		CONTINENT_DERIVED_FROM_COORDINATES;TAXON_MATCH_TAXON_CONCEPT_ID_IGNORED;INSTITUTION_MATCH_NONE
4893049533	eeaf050f-23d0-4557-9084-ec545cd3d9a7	cc3f515d-e80f-4e04-9d4f-cdad4eccba50	Fungi	Basidiomycota	Agaricomycetes	Hymenochaetales	Hymenochaetaceae	Hydnoporia	Hymenochaete tabacina		SPECIES	Hymenochaete tabacina (Sowerby) Lév.	Hymenochaete tabacina	(Sowerby) Lév.	CA	Ottawa	Ontario	PRESENT		325c883e-46a7-4be3-9d77-7dde654fd1d3	45.423949	-75.695445											2520013	10700730	PRESERVED_SPECIMEN	DPI	DAR	DAR00046037				CC_BY_4_0					2025-01-02T23:50:28.841Z		CONTINENT_DERIVED_FROM_COORDINATES;TAXON_MATCH_TAXON_CONCEPT_ID_IGNORED;INSTITUTION_MATCH_NONE
4510314801	50c9509d-22c7-4a22-a47d-8c48425ef4a7	https://www.inaturalist.org/observations/145900111	Fungi	Basidiomycota	Agaricomycetes	Hymenochaetales	Hymenochaetaceae	Hydnoporia	Hydnoporia tabacina		SPECIES	Hydnoporia tabacina (Sowerby) Spirin, Miettinen & K.H.Larss.	Hydnoporia tabacina		CA		Québec	PRESENT		28eb1a3f-1c15-4a95-931a-4af90ecb574d	46.242314	-74.469795	799.0						2023-01-04T15:57	4	1	2023	10700730	10700730	HUMAN_OBSERVATION	iNaturalist	Observations	145900111		michelcournoyer	2023-01-05T16:16:56	CC_BY_NC_4_0	michelcournoyer	michelcournoyer			2025-01-14T13:27:07.794Z	StillImage	COORDINATE_ROUNDED;CONTINENT_DERIVED_FROM_COORDINATES;TAXON_MATCH_TAXON_ID_IGNORED
4510297321	50c9509d-22c7-4a22-a47d-8c48425ef4a7	https://www.inaturalist.org/observations/10344524	Fungi	Basidiomycota	Agaricomycetes	Hymenochaetales	Hymenochaetaceae	Hydnoporia	Hydnoporia tabacina		SPECIES	Hydnoporia tabacina (Sowerby) Spirin, Miettinen & K.H.Larss.	Hydnoporia tabacina		CA		New Brunswick	PRESENT		28eb1a3f-1c15-4a95-931a-4af90ecb574d	45.753188	-64.73586	50.0						2018-03-21T12:40	21	3	2018	10700730	10700730	HUMAN_OBSERVATION	iNaturalist	Observations	10344524		Garrett Taylor	2020-02-18T21:36:08	CC_BY_NC_4_0	Denis Doucet	Denis Doucet			2025-01-14T12:04:55.925Z	StillImage	COORDINATE_ROUNDED;CONTINENT_DERIVED_FROM_COORDINATES;TAXON_MATCH_TAXON_ID_IGNORED
4510264297	50c9509d-22c7-4a22-a47d-8c48425ef4a7	https://www.inaturalist.org/observations/190155938	Fungi	Basidiomycota	Agaricomycetes	Hymenochaetales	Hymenochaetaceae	Hydnoporia	Hydnoporia tabacina		SPECIES	Hydnoporia tabacina (Sowerby) Spirin, Miettinen & K.H.Larss.	Hydnoporia tabacina		CA		Québec	PRESENT		28eb1a3f-1c15-4a95-931a-4af90ecb574d	45.537202	-75.899895	183.0						2023-11-05T14:13	5	11	2023	10700730	10700730	HUMAN_OBSERVATION	iNaturalist	Observations	190155938		L Joan Heyding	2023-11-06T02:52:05	CC_BY_NC_4_0	L Joan Heyding	L Joan Heyding			2025-01-14T12:45:20.783Z	StillImage	COORDINATE_ROUNDED;CONTINENT_DERIVED_FROM_COORDINATES;TAXON_MATCH_TAXON_ID_IGNORED
4510231769	50c9509d-22c7-4a22-a47d-8c48425ef4a7	https://www.inaturalist.org/observations/145967778	Fungi	Basidiomycota	Agaricomycetes	Hymenochaetales	Hymenochaetaceae	Hydnoporia	Hydnoporia tabacina		SPECIES	Hydnoporia tabacina (Sowerby) Spirin, Miettinen & K.H.Larss.	Hydnoporia tabacina		CA		Québec	PRESENT		28eb1a3f-1c15-4a95-931a-4af90ecb574d	46.241036	-74.468405	984.0						2023-01-04T14:47	4	1	2023	10700730	10700730	HUMAN_OBSERVATION	iNaturalist	Observations	145967778		michelcournoyer	2023-01-06T16:07:14	CC_BY_NC_4_0	michelcournoyer	michelcournoyer			2025-01-14T13:27:13.881Z	StillImage	COORDINATE_ROUNDED;CONTINENT_DERIVED_FROM_COORDINATES;TAXON_MATCH_TAXON_ID_IGNORED
4510119314	50c9509d-22c7-4a22-a47d-8c48425ef4a7	https://www.inaturalist.org/observations/191548438	Fungi	Basidiomycota	Agaricomycetes	Hymenochaetales	Hymenochaetaceae	Hydnoporia	Hydnoporia tabacina		SPECIES	Hydnoporia tabacina (Sowerby) Spirin, Miettinen & K.H.Larss.	Hydnoporia tabacina		CA		Ontario	PRESENT		28eb1a3f-1c15-4a95-931a-4af90ecb574d	45.465698	-75.504973	183.0						2023-11-19T12:48	19	11	2023	10700730	10700730	HUMAN_OBSERVATION	iNaturalist	Observations	191548438		L Joan Heyding	2023-11-20T03:47:53	CC_BY_NC_4_0	L Joan Heyding	L Joan Heyding			2025-01-14T13:30:24.653Z	StillImage	COORDINATE_ROUNDED;CONTINENT_DERIVED_FROM_COORDINATES;TAXON_MATCH_TAXON_ID_IGNORED
4510087339	50c9509d-22c7-4a22-a47d-8c48425ef4a7	https://www.inaturalist.org/observations/192278908	Fungi	Basidiomycota	Agaricomycetes	Hymenochaetales	Hymenochaetaceae	Hydnoporia	Hydnoporia tabacina		SPECIES	Hydnoporia tabacina (Sowerby) Spirin, Miettinen & K.H.Larss.	Hydnoporia tabacina		CA		Ontario	PRESENT		28eb1a3f-1c15-4a95-931a-4af90ecb574d	45.301765	-78.873345	27190.0						2023-11-26T12:39:38	26	11	2023	10700730	10700730	HUMAN_OBSERVATION	iNaturalist	Observations	192278908		Jeannine Kralt	2023-11-27T01:43:57	CC_BY_NC_4_0	Jeannine Kralt	Jeannine Kralt			2025-01-14T13:34:51.793Z	StillImage	COORDINATE_ROUNDED;CONTINENT_DERIVED_FROM_COORDINATES;TAXON_MATCH_TAXON_ID_IGNORED
4510062305	50c9509d-22c7-4a22-a47d-8c48425ef4a7	https://www.inaturalist.org/observations/188841266	Fungi	Basidiomycota	Agaricomycetes	Hymenochaetales	Hymenochaetaceae	Hydnoporia	Hydnoporia tabacina		SPECIES	Hydnoporia tabacina (Sowerby) Spirin, Miettinen & K.H.Larss.	Hydnoporia tabacina		CA		Ontario	PRESENT		28eb1a3f-1c15-4a95-931a-4af90ecb574d	46.000428	-78.316575	4.0						2023-10-19T10:14:05	19	10	2023	10700730	10700730	HUMAN_OBSERVATION	iNaturalist	Observations	188841266		Sarah Lamond	2023-10-24T23:53:42	CC_BY_NC_4_0	Sarah Lamond	Sarah Lamond			2025-01-14T12:42:56.080Z	StillImage	COORDINATE_ROUNDED;CONTINENT_DERIVED_FROM_COORDINATES;TAXON_MATCH_TAXON_ID_IGNORED
4510054515	50c9509d-22c7-4a22-a47d-8c48425ef4a7	https://www.inaturalist.org/observations/86925208	Fungi	Basidiomycota	Agaricomycetes	Hymenochaetales	Hymenochaetaceae	Hydnoporia	Hydnoporia tabacina		SPECIES	Hydnoporia tabacina (Sowerby) Spirin, Miettinen & K.H.Larss.	Hydnoporia tabacina		CA		Québec	PRESENT		28eb1a3f-1c15-4a95-931a-4af90ecb574d	45.390921	-74.18491	638.0						2021-07-03T06:59	3	7	2021	10700730	10700730	HUMAN_OBSERVATION	iNaturalist	Observations	86925208		Benjamin Leo	2021-07-14T00:06:07	CC_BY_NC_4_0	Benjamin Leo	Benjamin Leo			2025-01-14T13:13:15.009Z	StillImage	COORDINATE_ROUNDED;CONTINENT_DERIVED_FROM_COORDINATES;TAXON_MATCH_TAXON_ID_IGNORED
4405029927	50c9509d-22c7-4a22-a47d-8c48425ef4a7	https://www.inaturalist.org/observations/179009359	Fungi	Basidiomycota	Agaricomycetes	Hymenochaetales	Hymenochaetaceae	Hydnoporia	Hydnoporia tabacina		SPECIES	Hydnoporia tabacina (Sowerby) Spirin, Miettinen & K.H.Larss.	Hydnoporia tabacina		CA		Prince Edward Island	PRESENT		28eb1a3f-1c15-4a95-931a-4af90ecb574d	46.724869	-64.260632	31.0						2023-08-14T15:53	14	8	2023	10700730	10700730	HUMAN_OBSERVATION	iNaturalist	Observations	179009359		Rosemary Curley	2023-08-18T16:40:06	CC_BY_NC_4_0	Rosemary Curley	Rosemary Curley			2025-01-14T13:32:10.198Z	StillImage	COORDINATE_ROUNDED;CONTINENT_DERIVED_FROM_COORDINATES;TAXON_MATCH_TAXON_ID_IGNORED
4166295362	695cef75-b65f-4776-b2ed-74565eebb16e	02-01000638233	Fungi	Basidiomycota	Agaricomycetes	Hymenochaetales	Hymenochaetaceae	Hydnoporia	Hydnoporia tabacina		SPECIES	Hymenochaete badioferruginea (Mont.) Lév.	Hymenochaete badioferruginea	(Mont.) Lév.	CA	Hemlock Bluff Trail	Ontario	PRESENT		055bd978-2daa-4543-b3f0-44e0e87e86ca	45.575	-78.55							1974-08-28	28	8	1974	2520010	10700730	PRESERVED_SPECIMEN	AAFC	DAOM	186720		J. Ginns		CC_BY_4_0	©His Majesty the King in Right of Canada, as represented by the Minister of Agriculture and Agri-Food	Dr. Daams			2025-01-12T05:11:16.273Z		GEODETIC_DATUM_ASSUMED_WGS84;CONTINENT_DERIVED_FROM_COORDINATES;TAXON_MATCH_TAXON_ID_IGNORED;INSTITUTION_MATCH_FUZZY
4100053707	d1a3b128-b406-46bb-a6d1-f3591dcc8a7b	861f2ad3-d862-4b38-81a8-9f3c729358af	Fungi	Basidiomycota	Agaricomycetes	Hymenochaetales	Hymenochaetaceae	Hydnoporia	Hydnoporia tabacina		SPECIES	Hymenochaete tabacina (Sowerby) Lév.	Hymenochaete tabacina	(Sowerby) Lév.	CA	Mt. St. Hilaire, near Montreal	Quebec	PRESENT		e43cf4b8-849e-4fac-b075-e652d019d2cf	45.5	-73.583333	3036.0						1906			1906	2520013	10700730	PRESERVED_SPECIMEN	BPI		BPI 279559		Weir; Lloyd		CC0_1_0		Dupret H.			2025-01-15T04:59:26.068Z		GEODETIC_DATUM_ASSUMED_WGS84;CONTINENT_DERIVED_FROM_COORDINATES;TAXON_MATCH_TAXON_ID_IGNORED;INSTITUTION_MATCH_FUZZY
4099982783	d1a3b128-b406-46bb-a6d1-f3591dcc8a7b	0aabdd0f-c9f2-46f1-8229-272da27de81a	Fungi	Basidiomycota	Agaricomycetes	Hymenochaetales	Hymenochaetaceae	Hydnoporia	Hydnoporia tabacina		SPECIES	Hymenochaete tabacina (Sowerby) Lév.	Hymenochaete tabacina	(Sowerby) Lév.	CA	Montreal	Quebec	PRESENT		e43cf4b8-849e-4fac-b075-e652d019d2cf	45.5	-73.583333	3036.0						1906-01-31	31	1	1906	2520013	10700730	PRESERVED_SPECIMEN	BPI		BPI 330027		Lloyd C. G.		CC0_1_0		Dupret H.			2025-01-15T04:59:27.715Z		GEODETIC_DATUM_ASSUMED_WGS84;CONTINENT_DERIVED_FROM_COORDINATES;TAXON_MATCH_TAXON_ID_IGNORED;INSTITUTION_MATCH_FUZZY
4099944677	d1a3b128-b406-46bb-a6d1-f3591dcc8a7b	98e41afe-c5d8-42b3-96d3-a0b41a7409e3	Fungi	Basidiomycota	Agaricomycetes	Hymenochaetales	Hymenochaetaceae	Hydnoporia	Hydnoporia tabacina		SPECIES	Hymenochaete tabacina (Sowerby) Lév.	Hymenochaete tabacina	(Sowerby) Lév.	CA	Mechins-Riviere Cap Chat, Trail near the Riviere Cap Chat, Matane Co. Woods in the vicinity of	Quebec	PRESENT		e43cf4b8-849e-4fac-b075-e652d019d2cf	48.85	-67.516667	6386.0						1923-08-23	23	8	1923	2520013	10700730	PRESERVED_SPECIMEN	BPI		BPI 279319	2313			CC0_1_0		Dodge C. W.			2025-01-15T04:59:26.112Z		GEODETIC_DATUM_ASSUMED_WGS84;CONTINENT_DERIVED_FROM_COORDINATES;TAXON_MATCH_TAXON_ID_IGNORED;INSTITUTION_MATCH_FUZZY
4099944461	d1a3b128-b406-46bb-a6d1-f3591dcc8a7b	eaa760d5-a8e7-47a8-b475-ce7356c43500	Fungi	Basidiomycota	Agaricomycetes	Hymenochaetales	Hymenochaetaceae	Hydnoporia	Hydnoporia tabacina		SPECIES	Hymenochaete badioferruginea (Mont.) Lév.	Hymenochaete badioferruginea	(Mont.) Lév.	CA	Pont Rouge	Quebec	PRESENT		e43cf4b8-849e-4fac-b075-e652d019d2cf	47.456667	-69.0675	301.0						1938-12-01	1	12	1938	2520010	10700730	PRESERVED_SPECIMEN	BPI		BPI 277644		Stevenson J. A.		CC0_1_0		Anselme			2025-01-15T04:59:25.707Z		GEODETIC_DATUM_ASSUMED_WGS84;CONTINENT_DERIVED_FROM_COORDINATES;TAXON_MATCH_TAXON_ID_IGNORED;INSTITUTION_MATCH_FUZZY
4099934670	d1a3b128-b406-46bb-a6d1-f3591dcc8a7b	d47eec2a-7411-4ddc-8227-2eff9575abfb	Fungi	Basidiomycota	Agaricomycetes	Hymenochaetales	Hymenochaetaceae	Hydnoporia	Hydnoporia tabacina		SPECIES	Hymenochaete tabacina (Sowerby) Lév.	Hymenochaete tabacina	(Sowerby) Lév.	CA	Ottawa	Ontario	PRESENT		e43cf4b8-849e-4fac-b075-e652d019d2cf	45.416667	-75.7	52150.0						1883-10-01	1	10	1883	2520013	10700730	PRESERVED_SPECIMEN	BPI		BPI 279300	15			CC0_1_0		MACOUN			2025-01-15T04:59:26.129Z		GEODETIC_DATUM_ASSUMED_WGS84;CONTINENT_DERIVED_FROM_COORDINATES;TAXON_MATCH_TAXON_ID_IGNORED;INSTITUTION_MATCH_FUZZY
4099934637	d1a3b128-b406-46bb-a6d1-f3591dcc8a7b	92c42533-6993-4ab0-b275-d4875550fb08	Fungi	Basidiomycota	Agaricomycetes	Hymenochaetales	Hymenochaetaceae	Hydnoporia	Hydnoporia tabacina		SPECIES	Hymenochaete tabacina (Sowerby) Lév.	Hymenochaete tabacina	(Sowerby) Lév.	CA	Meductic	New Brunswick	PRESENT		e43cf4b8-849e-4fac-b075-e652d019d2cf	46.0	-67.466667	3036.0						1946-09-26	26	9	1946	2520013	10700730	PRESERVED_SPECIMEN	BPI		BPI 279022		Hansbrough J. R.		CC0_1_0		Hansbrough J. R.			2025-01-15T04:59:26.115Z		GEODETIC_DATUM_ASSUMED_WGS84;CONTINENT_DERIVED_FROM_COORDINATES;TAXON_MATCH_TAXON_ID_IGNORED;INSTITUTION_MATCH_FUZZY
4099719721	d1a3b128-b406-46bb-a6d1-f3591dcc8a7b	853bb6c8-b7d5-4adf-ad6d-6b4d08ae35a2	Fungi	Basidiomycota	Agaricomycetes	Hymenochaetales	Hymenochaetaceae	Hydnoporia	Hydnoporia tabacina		SPECIES	Hymenochaete tabacina (Sowerby) Lév.	Hymenochaete tabacina	(Sowerby) Lév.	CA	Kentville Agricultural Experiment Station	Nova Scotia	PRESENT		e43cf4b8-849e-4fac-b075-e652d019d2cf	45.066667	-64.5	2213.0						1951-11-21	21	11	1951	2520013	10700730	PRESERVED_SPECIMEN	BPI		BPI 279651				CC0_1_0		Harrison K. A.			2025-01-15T04:59:26.136Z		CONTINENT_DERIVED_FROM_COORDINATES;TAXON_MATCH_TAXON_ID_IGNORED;INSTITUTION_MATCH_FUZZY
4099719699	d1a3b128-b406-46bb-a6d1-f3591dcc8a7b	12f4522e-06b5-4a2c-98d1-086414e0992c	Fungi	Basidiomycota	Agaricomycetes	Hymenochaetales	Hymenochaetaceae	Hydnoporia	Hydnoporia tabacina		SPECIES	Hymenochaete tabacina (Sowerby) Lév.	Hymenochaete tabacina	(Sowerby) Lév.	CA	Duchesnay	Quebec	PRESENT		e43cf4b8-849e-4fac-b075-e652d019d2cf	49.166667	-65.916667	301.0						1938-08-24	24	8	1938	2520013	10700730	PRESERVED_SPECIMEN	BPI		BPI 279497		Stevenson J. A.		CC0_1_0		Stevenson J. A.			2025-01-15T04:59:26.068Z		GEODETIC_DATUM_ASSUMED_WGS84;CONTINENT_DERIVED_FROM_COORDINATES;TAXON_MATCH_TAXON_ID_IGNORED;INSTITUTION_MATCH_FUZZY
4099719672	d1a3b128-b406-46bb-a6d1-f3591dcc8a7b	9fee61fb-9942-4fe4-b24c-564f97507f52	Fungi	Basidiomycota	Agaricomycetes	Hymenochaetales	Hymenochaetaceae	Hydnoporia	Hydnoporia tabacina		SPECIES	Hymenochaete tabacina (Sowerby) Lév.	Hymenochaete tabacina	(Sowerby) Lév.	CA	Montreal	Quebec	PRESENT		e43cf4b8-849e-4fac-b075-e652d019d2cf	45.5	-73.583333	3036.0						1915-10		10	1915	2520013	10700730	PRESERVED_SPECIMEN	BPI		BPI 279269				CC0_1_0		Blair R. J.			2025-01-15T04:59:26.129Z		GEODETIC_DATUM_ASSUMED_WGS84;CONTINENT_DERIVED_FROM_COORDINATES;TAXON_MATCH_TAXON_ID_IGNORED;INSTITUTION_MATCH_FUZZY
4099537793	d1a3b128-b406-46bb-a6d1-f3591dcc8a7b	82576e2b-fb6f-4e2e-8677-348a698cd8e9	Fungi	Basidiomycota	Agaricomycetes	Hymenochaetales	Hymenochaetaceae	Hydnoporia	Hydnoporia tabacina		SPECIES	Hymenochaete tabacina (Sowerby) Lév.	Hymenochaete tabacina	(Sowerby) Lév.	CA	Ingleside	New Brunswick	PRESENT		e43cf4b8-849e-4fac-b075-e652d019d2cf	45.328329	-66.198876	301.0						1907-09-14	14	9	1907	2520013	10700730	PRESERVED_SPECIMEN	BPI		BPI 330045		Lloyd C. G.		CC0_1_0		Hay G. V.			2025-01-15T04:59:27.716Z		GEODETIC_DATUM_ASSUMED_WGS84;CONTINENT_DERIVED_FROM_COORDINATES;TAXON_MATCH_TAXON_ID_IGNORED;INSTITUTION_MATCH_FUZZY
4099477469	d1a3b128-b406-46bb-a6d1-f3591dcc8a7b	deaf2e62-ef9b-40a3-8af5-8ccfd797974b	Fungi	Basidiomycota	Agaricomycetes	Hymenochaetales	Hymenochaetaceae	Hydnoporia	Hydnoporia tabacina		SPECIES	Hymenochaete badioferruginea (Mont.) Lév.	Hymenochaete badioferruginea	(Mont.) Lév.	CA	Kentville	Nova Scotia	PRESENT		e43cf4b8-849e-4fac-b075-e652d019d2cf	45.066667	-64.5	4559.0						1932-04-02	2	4	1932	2520010	10700730	PRESERVED_SPECIMEN	BPI		BPI 277643		Mounce Irene		CC0_1_0		Harrison K. A.			2025-01-15T04:59:26.130Z		GEODETIC_DATUM_ASSUMED_WGS84;CONTINENT_DERIVED_FROM_COORDINATES;TAXON_MATCH_TAXON_ID_IGNORED;INSTITUTION_MATCH_FUZZY
4099476703	d1a3b128-b406-46bb-a6d1-f3591dcc8a7b	0e7a5699-52be-40ec-8830-ac7e2f6aa7b3	Fungi	Basidiomycota	Agaricomycetes	Hymenochaetales	Hymenochaetaceae	Hydnoporia	Hydnoporia tabacina		SPECIES	Hymenochaete tabacina (Sowerby) Lév.	Hymenochaete tabacina	(Sowerby) Lév.	CA	Kentville Agricultural Experiment Station	Nova Scotia	PRESENT		e43cf4b8-849e-4fac-b075-e652d019d2cf	45.066667	-64.5	2213.0						1941-12-30	30	12	1941	2520013	10700730	PRESERVED_SPECIMEN	BPI		BPI 279551				CC0_1_0		Lewis R. M.			2025-01-15T04:59:26.400Z		CONTINENT_DERIVED_FROM_COORDINATES;TAXON_MATCH_TAXON_ID_IGNORED;INSTITUTION_MATCH_FUZZY
4099476687	d1a3b128-b406-46bb-a6d1-f3591dcc8a7b	c46bfa8d-f646-4ce4-981e-43c609f61a0f	Fungi	Basidiomycota	Agaricomycetes	Hymenochaetales	Hymenochaetaceae	Hydnoporia	Hydnoporia tabacina		SPECIES	Hymenochaete tabacina (Sowerby) Lév.	Hymenochaete tabacina	(Sowerby) Lév.	CA	Spruce Brook	Newfoundland	PRESENT		e43cf4b8-849e-4fac-b075-e652d019d2cf	47.616667	-65.1	301.0						1928-08-23	23	8	1928	2520013	10700730	PRESERVED_SPECIMEN	BPI		BPI 279438		Overholts L. O.		CC0_1_0		Spaulding P.			2025-01-15T04:59:25.777Z		GEODETIC_DATUM_ASSUMED_WGS84;CONTINENT_DERIVED_FROM_COORDINATES;TAXON_MATCH_TAXON_ID_IGNORED;INSTITUTION_MATCH_FUZZY
4099476671	d1a3b128-b406-46bb-a6d1-f3591dcc8a7b	74076e43-a3cb-49f5-b7a7-5987471d2e34	Fungi	Basidiomycota	Agaricomycetes	Hymenochaetales	Hymenochaetaceae	Hydnoporia	Hydnoporia tabacina		SPECIES	Hymenochaete tabacina (Sowerby) Lév.	Hymenochaete tabacina	(Sowerby) Lév.	CA	Ottawa	Ontario	PRESENT		e43cf4b8-849e-4fac-b075-e652d019d2cf	45.416667	-75.7	52150.0						1883-10-02	2	10	1883	2520013	10700730	PRESERVED_SPECIMEN	BPI		BPI 279301	17			CC0_1_0		MACOUN			2025-01-15T04:59:26.109Z		GEODETIC_DATUM_ASSUMED_WGS84;CONTINENT_DERIVED_FROM_COORDINATES;TAXON_MATCH_TAXON_ID_IGNORED;INSTITUTION_MATCH_FUZZY
4099476466	d1a3b128-b406-46bb-a6d1-f3591dcc8a7b	69adb3c0-50db-4285-b56f-feeeb0a614ea	Fungi	Basidiomycota	Agaricomycetes	Hymenochaetales	Hymenochaetaceae	Hydnoporia	Hydnoporia tabacina		SPECIES	Hymenochaete badioferruginea (Mont.) Lév.	Hymenochaete badioferruginea	(Mont.) Lév.	CA	Meach Lake	Quebec	PRESENT		e43cf4b8-849e-4fac-b075-e652d019d2cf	45.516667	-75.866667	3036.0						1933-04-30	30	4	1933	2520010	10700730	PRESERVED_SPECIMEN	BPI		BPI 277640				CC0_1_0		MCCALLUM A. W.			2025-01-15T04:59:26.358Z		GEODETIC_DATUM_ASSUMED_WGS84;CONTINENT_DERIVED_FROM_COORDINATES;TAXON_MATCH_TAXON_ID_IGNORED;INSTITUTION_MATCH_FUZZY
4099471701	d1a3b128-b406-46bb-a6d1-f3591dcc8a7b	9f8ffdc2-8ae9-43c7-beae-b3f25aebc5d3	Fungi	Basidiomycota	Agaricomycetes	Hymenochaetales	Hymenochaetaceae	Hydnoporia	Hydnoporia tabacina		SPECIES	Hymenochaete tabacina (Sowerby) Lév.	Hymenochaete tabacina	(Sowerby) Lév.	CA	Spruce Brook	Newfoundland	PRESENT		e43cf4b8-849e-4fac-b075-e652d019d2cf	47.616667	-65.1	301.0						1928-08-23	23	8	1928	2520013	10700730	PRESERVED_SPECIMEN	BPI		BPI 279516		Overholts L. O.		CC0_1_0		Spaulding P.			2025-01-15T04:59:26.400Z		GEODETIC_DATUM_ASSUMED_WGS84;CONTINENT_DERIVED_FROM_COORDINATES;TAXON_MATCH_TAXON_ID_IGNORED;INSTITUTION_MATCH_FUZZY
4099471682	d1a3b128-b406-46bb-a6d1-f3591dcc8a7b	edc20d26-164d-46c9-99e2-bd867b96ab5b	Fungi	Basidiomycota	Agaricomycetes	Hymenochaetales	Hymenochaetaceae	Hydnoporia	Hydnoporia tabacina		SPECIES	Hymenochaete tabacina (Sowerby) Lév.	Hymenochaete tabacina	(Sowerby) Lév.	CA	Spruce Brook	Newfoundland	PRESENT		e43cf4b8-849e-4fac-b075-e652d019d2cf	47.616667	-65.1	301.0						1928-08-24	24	8	1928	2520013	10700730	PRESERVED_SPECIMEN	BPI		BPI 279362		Overholts L. O.		CC0_1_0		Spaulding P.			2025-01-15T04:59:26.398Z		GEODETIC_DATUM_ASSUMED_WGS84;CONTINENT_DERIVED_FROM_COORDINATES;TAXON_MATCH_TAXON_ID_IGNORED;INSTITUTION_MATCH_FUZZY
4099471678	d1a3b128-b406-46bb-a6d1-f3591dcc8a7b	a7fbd7d3-a129-4a1d-96d5-257af36d0b86	Fungi	Basidiomycota	Agaricomycetes	Hymenochaetales	Hymenochaetaceae	Hydnoporia	Hydnoporia tabacina		SPECIES	Hymenochaete tabacina (Sowerby) Lév.	Hymenochaete tabacina	(Sowerby) Lév.	CA	Iberville	Quebec	PRESENT		e43cf4b8-849e-4fac-b075-e652d019d2cf	45.25	-73.166667	301.0						1951-10-01	1	10	1951	2520013	10700730	PRESERVED_SPECIMEN	BPI		BPI 279337				CC0_1_0		Marie-anselme			2025-01-15T04:59:26.112Z		GEODETIC_DATUM_ASSUMED_WGS84;CONTINENT_DERIVED_FROM_COORDINATES;TAXON_MATCH_TAXON_ID_IGNORED;INSTITUTION_MATCH_FUZZY
4099471672	d1a3b128-b406-46bb-a6d1-f3591dcc8a7b	683d6108-20ee-40a1-99f8-f3f40a65c195	Fungi	Basidiomycota	Agaricomycetes	Hymenochaetales	Hymenochaetaceae	Hydnoporia	Hydnoporia tabacina		SPECIES	Hymenochaete tabacina (Sowerby) Lév.	Hymenochaete tabacina	(Sowerby) Lév.	CA	Ottawa	Ontario	PRESENT		e43cf4b8-849e-4fac-b075-e652d019d2cf	45.416667	-75.7	52150.0						1883-10-03	3	10	1883	2520013	10700730	PRESERVED_SPECIMEN	BPI		BPI 279299	16			CC0_1_0		MACOUN			2025-01-15T04:59:26.397Z		GEODETIC_DATUM_ASSUMED_WGS84;CONTINENT_DERIVED_FROM_COORDINATES;TAXON_MATCH_TAXON_ID_IGNORED;INSTITUTION_MATCH_FUZZY
4099470674	d1a3b128-b406-46bb-a6d1-f3591dcc8a7b	3bbd3c66-2507-4dff-a77a-e922e07ab797	Fungi	Basidiomycota	Agaricomycetes	Hymenochaetales	Hymenochaetaceae	Hydnoporia	Hydnoporia tabacina		SPECIES	Hymenochaete tabacina (Sowerby) Lév.	Hymenochaete tabacina	(Sowerby) Lév.	CA	Riviere Cap Chat, Matane Co. Alluvial Woods along	Quebec	PRESENT		e43cf4b8-849e-4fac-b075-e652d019d2cf	48.85	-67.516667	6386.0						1923-07-06	6	7	1923	2520013	10700730	PRESERVED_SPECIMEN	BPI		BPI 279245				CC0_1_0		Collins J. F.; Dodge C. W.			2025-01-15T04:59:26.395Z		GEODETIC_DATUM_ASSUMED_WGS84;CONTINENT_DERIVED_FROM_COORDINATES;TAXON_MATCH_TAXON_ID_IGNORED;INSTITUTION_MATCH_FUZZY
4099469201	d1a3b128-b406-46bb-a6d1-f3591dcc8a7b	0b3b3202-6067-4f73-8798-c28be8f64752	Fungi	Basidiomycota	Agaricomycetes	Hymenochaetales	Hymenochaetaceae	Hydnoporia	Hydnoporia tabacina		SPECIES	Hymenochaete tabacina (Sowerby) Lév.	Hymenochaete tabacina	(Sowerby) Lév.	CA	Spruce Brook	Newfoundland and Labrador	PRESENT		e43cf4b8-849e-4fac-b075-e652d019d2cf	47.616667	-65.1	301.0						1928-08-23	23	8	1928	2520013	10700730	PRESERVED_SPECIMEN	BPI		BPI 925229	s. n.			CC0_1_0		Spaulding, P.			2025-01-15T04:59:54.325Z		GEODETIC_DATUM_ASSUMED_WGS84;CONTINENT_DERIVED_FROM_COORDINATES;TAXON_MATCH_TAXON_ID_IGNORED;INSTITUTION_MATCH_FUZZY
4099237344	d1a3b128-b406-46bb-a6d1-f3591dcc8a7b	1ee147ea-d761-4168-87c1-1017fc192a21	Fungi	Basidiomycota	Agaricomycetes	Hymenochaetales	Hymenochaetaceae	Hydnoporia	Hydnoporia tabacina		SPECIES	Hymenochaete tabacina (Sowerby) Lév.	Hymenochaete tabacina	(Sowerby) Lév.	CA	Spruce Brook	Newfoundland and Labrador	PRESENT		e43cf4b8-849e-4fac-b075-e652d019d2cf	47.616667	-65.1	301.0						1928-08-24	24	8	1928	2520013	10700730	PRESERVED_SPECIMEN	BPI		BPI 925272	53			CC0_1_0		Spaulding, P.			2025-01-15T04:59:53.602Z		GEODETIC_DATUM_ASSUMED_WGS84;CONTINENT_DERIVED_FROM_COORDINATES;TAXON_MATCH_TAXON_ID_IGNORED;INSTITUTION_MATCH_FUZZY
4023440593	0f83123f-0c04-4556-8f4d-5a4e2a9bac66	http://id.luomus.fi/MY.6297201	Fungi	Basidiomycota	Agaricomycetes	Hymenochaetales	Hymenochaetaceae	Hydnoporia	Hydnoporia tabacina		SPECIES	Hydnoporia tabacina (Sowerby) Spirin, Miettinen & K.H.Larss.	Hydnoporia tabacina (Sowerby) Spirin, Miettinen & K.H. Larss.		CA	A.E.S., Ravine	Nova Scotia	PRESENT		04fd2e13-6881-4e5c-9dd1-8fdd9ab993c1	45.07	-64.49							1931-11-28T00:00Z	28	11	1931	10700730	10700730	PRESERVED_SPECIMEN	H		http://id.luomus.fi/HA.H7046706		Mounce, Irene		CC_BY_4_0		Harrison, K. A.			2025-01-12T05:29:53.328Z		CONTINENT_DERIVED_FROM_COORDINATES;TAXON_MATCH_TAXON_ID_IGNORED;COLLECTION_MATCH_NONE;INSTITUTION_MATCH_FUZZY
4023440076	0f83123f-0c04-4556-8f4d-5a4e2a9bac66	http://id.luomus.fi/MY.6297193	Fungi	Basidiomycota	Agaricomycetes	Hymenochaetales	Hymenochaetaceae	Hydnoporia	Hydnoporia tabacina		SPECIES	Hydnoporia tabacina (Sowerby) Spirin, Miettinen & K.H.Larss.	Hydnoporia tabacina (Sowerby) Spirin, Miettinen & K.H. Larss.		CA	A.E.S., Ravine	Nova Scotia	PRESENT		04fd2e13-6881-4e5c-9dd1-8fdd9ab993c1	45.07	-64.49							1952-11-20T00:00Z	20	11	1952	10700730	10700730	PRESERVED_SPECIMEN	H		http://id.luomus.fi/HA.H7046728				CC_BY_4_0		Mounce, Irene;Bosher, J. E.			2025-01-12T05:29:53.218Z		CONTINENT_DERIVED_FROM_COORDINATES;TAXON_MATCH_TAXON_ID_IGNORED;COLLECTION_MATCH_NONE;INSTITUTION_MATCH_FUZZY
4023440020	0f83123f-0c04-4556-8f4d-5a4e2a9bac66	http://id.luomus.fi/MY.6297150	Fungi	Basidiomycota	Agaricomycetes	Hymenochaetales	Hymenochaetaceae	Hydnoporia	Hydnoporia tabacina		SPECIES	Hydnoporia tabacina (Sowerby) Spirin, Miettinen & K.H.Larss.	Hydnoporia tabacina (Sowerby) Spirin, Miettinen & K.H. Larss.		CA	Cartier Lake, Petawawa Forest Experiment Sation	Ontario	PRESENT		04fd2e13-6881-4e5c-9dd1-8fdd9ab993c1	45.9	-77.28							1935-08-07T00:00Z	7	8	1935	10700730	10700730	PRESERVED_SPECIMEN	H		http://id.luomus.fi/HA.H7046702		Mounce, Irene		CC_BY_4_0		Bier, J. E.			2025-01-12T05:29:53.197Z		CONTINENT_DERIVED_FROM_COORDINATES;TAXON_MATCH_TAXON_ID_IGNORED;COLLECTION_MATCH_NONE;INSTITUTION_MATCH_FUZZY
4023421185	0f83123f-0c04-4556-8f4d-5a4e2a9bac66	http://id.luomus.fi/MY.6296241	Fungi	Basidiomycota	Agaricomycetes	Hymenochaetales	Hymenochaetaceae	Hydnoporia	Hydnoporia tabacina		SPECIES	Hydnoporia tabacina (Sowerby) Spirin, Miettinen & K.H.Larss.	Hydnoporia tabacina (Sowerby) Spirin, Miettinen & K.H. Larss.		CA	Central Experimental Farm (CEF)	Ontario	PRESENT		04fd2e13-6881-4e5c-9dd1-8fdd9ab993c1	45.38	-75.71							1927-07-13T00:00Z	13	7	1927	10700730	10700730	PRESERVED_SPECIMEN	H		http://id.luomus.fi/HA.H7046713		Overholts, L.C.		CC_BY_4_0		Head, D. N.			2025-01-12T05:29:48.523Z		CONTINENT_DERIVED_FROM_COORDINATES;TAXON_MATCH_TAXON_ID_IGNORED;COLLECTION_MATCH_NONE;INSTITUTION_MATCH_FUZZY
3966401995	50c9509d-22c7-4a22-a47d-8c48425ef4a7	https://www.inaturalist.org/observations/141801462	Fungi	Basidiomycota	Agaricomycetes	Hymenochaetales	Hymenochaetaceae	Hydnoporia	Hydnoporia tabacina		SPECIES	Hydnoporia tabacina (Sowerby) Spirin, Miettinen & K.H.Larss.	Hydnoporia tabacina		CA		Prince Edward Island	PRESENT		28eb1a3f-1c15-4a95-931a-4af90ecb574d	46.841446	-64.101059	20.0						2022-11-11T15:20	11	11	2022	10700730	10700730	HUMAN_OBSERVATION	iNaturalist	Observations	141801462		Rosemary Curley	2022-11-12T17:49:04	CC_BY_NC_4_0	Rosemary Curley	Rosemary Curley			2025-01-14T12:33:07.661Z	StillImage	COORDINATE_ROUNDED;CONTINENT_DERIVED_FROM_COORDINATES;TAXON_MATCH_TAXON_ID_IGNORED
3965645269	0ec61c42-6eda-441e-b327-7ec241c8ec95	61facc78-b9c4-4ba1-adee-0309c0e84f6d	Fungi	Basidiomycota	Agaricomycetes	Hymenochaetales	Hymenochaetaceae	Hydnoporia	Hydnoporia tabacina		SPECIES	Hymenochaete tabacina (Sowerby) Lév.	Hymenochaete tabacina	(Sowerby) Lév.	CA	McCloskey Road above Meach Lake, Gatineau Park	Quebec	PRESENT		00ff478a-9da6-4c8d-b60d-43ee8c88cd1f	45.516667	-75.866667							1959-09-01	1	9	1959	2520013	10700730	PRESERVED_SPECIMEN	WSP	WSP	WSP55894				CC_BY_4_0		W. B. Cooke; V. G. Cooke			2025-01-15T08:29:37.328Z		GEODETIC_DATUM_ASSUMED_WGS84;CONTINENT_DERIVED_FROM_COORDINATES;TAXON_MATCH_TAXON_ID_IGNORED;AMBIGUOUS_COLLECTION;INSTITUTION_MATCH_FUZZY
3965644465	0ec61c42-6eda-441e-b327-7ec241c8ec95	7f6f1b3e-237e-4f3e-ace2-f3b37e380eac	Fungi	Basidiomycota	Agaricomycetes	Hymenochaetales	Hymenochaetaceae	Hydnoporia	Hydnoporia tabacina		SPECIES	Hymenochaete tabacina (Sowerby) Lév.	Hymenochaete tabacina	(Sowerby) Lév.	CA	Parkway and Trail Ridge Road, Gatineau Park	Quebec	PRESENT		00ff478a-9da6-4c8d-b60d-43ee8c88cd1f	45.5	-75.8667							1959-09-01	1	9	1959	2520013	10700730	PRESERVED_SPECIMEN	WSP	WSP	WSP55836				CC_BY_4_0		W. B. Cooke; V. G. Cooke			2025-01-15T08:29:36.851Z		GEODETIC_DATUM_ASSUMED_WGS84;CONTINENT_DERIVED_FROM_COORDINATES;TAXON_MATCH_TAXON_ID_IGNORED;AMBIGUOUS_COLLECTION;INSTITUTION_MATCH_FUZZY
3925384306	50c9509d-22c7-4a22-a47d-8c48425ef4a7	https://www.inaturalist.org/observations/138053243	Fungi	Basidiomycota	Agaricomycetes	Hymenochaetales	Hymenochaetaceae	Hydnoporia	Hydnoporia tabacina		SPECIES	Hydnoporia tabacina (Sowerby) Spirin, Miettinen & K.H.Larss.	Hydnoporia tabacina		CA		Québec	PRESENT		28eb1a3f-1c15-4a95-931a-4af90ecb574d	45.507113	-75.903328	4.0						2022-10-08T17:03:29	8	10	2022	10700730	10700730	HUMAN_OBSERVATION	iNaturalist	Observations	138053243		cinna_latifolia	2022-10-09T06:38:53	CC_BY_NC_4_0	Maria Bastas	Maria Bastas			2025-01-14T13:25:42.974Z	StillImage	COORDINATE_ROUNDED;CONTINENT_DERIVED_FROM_COORDINATES;TAXON_MATCH_TAXON_ID_IGNORED
3911378886	55585622-7aeb-4921-a07c-5ddc97de9c5b	MGYA00524161_Eukaryota:Fungi:Basidiomycota:Agaricomycetes:Hymenochaetales:Hymenochaetaceae:Hymenochaetopsis:Hymenochaetopsis_tabacina	Fungi	Basidiomycota	Agaricomycetes	Hymenochaetales	Hymenochaetaceae	Hydnoporia	Hydnoporia tabacina		SPECIES	Hymenochaetopsis tabacina (Sowerby) S.H.He & Jiao Yang	Hymenochaetopsis tabacina		CA	Varennes		PRESENT		ab733144-7043-4e88-bd4f-fca7bf858880	45.72	-73.37					0.15	0.0					9355697	10700730	MATERIAL_SAMPLE							CC_BY_4_0					2025-01-15T11:18:41.951Z		GEODETIC_DATUM_ASSUMED_WGS84;CONTINENT_DERIVED_FROM_COORDINATES
3911252450	55585622-7aeb-4921-a07c-5ddc97de9c5b	MGYA00524161_Eukaryota:Fungi:Basidiomycota:Agaricomycetes:Hymenochaetales:Hymenochaetaceae:Hydnoporia:Hydnoporia_tabacina	Fungi	Basidiomycota	Agaricomycetes	Hymenochaetales	Hymenochaetaceae	Hydnoporia	Hydnoporia tabacina		SPECIES	Hydnoporia tabacina (Sowerby) Spirin, Miettinen & K.H.Larss.	Hydnoporia tabacina		CA	Varennes		PRESENT		ab733144-7043-4e88-bd4f-fca7bf858880	45.72	-73.37					0.15	0.0					10700730	10700730	MATERIAL_SAMPLE							CC_BY_4_0					2025-01-15T11:18:36.438Z		GEODETIC_DATUM_ASSUMED_WGS84;CONTINENT_DERIVED_FROM_COORDINATES
3893639809	8fe64528-38fe-47c8-938a-b2ab603a653a	MSC0231258	Fungi	Basidiomycota	Agaricomycetes	Hymenochaetales	Hymenochaetaceae	Hydnoporia	Hydnoporia tabacina		SPECIES	Hymenochaete tabacina (Sowerby) Lév.	Hymenochaete tabacina	(Sowerby) Lév.	CA	Island Lake, Algonquin Park	Ontario	PRESENT		41d6acb0-48b5-11db-a1c2-b8a03c50a862	45.665	-77.829444	587.0						1939-09-15	15	9	1939	2520013	10700730	PRESERVED_SPECIMEN	MSC		MSC0231258	14153	H. S. Jackson		CC_BY_4_0		R. F. Cain			2025-01-15T11:19:00.600Z	StillImage	CONTINENT_DERIVED_FROM_COORDINATES;TAXON_MATCH_TAXON_ID_IGNORED;COLLECTION_MATCH_NONE;INSTITUTION_MATCH_FUZZY
3457076011	50c9509d-22c7-4a22-a47d-8c48425ef4a7	https://www.inaturalist.org/observations/103865479	Fungi	Basidiomycota	Agaricomycetes	Hymenochaetales	Hymenochaetaceae	Hydnoporia	Hydnoporia tabacina		SPECIES	Hydnoporia tabacina (Sowerby) Spirin, Miettinen & K.H.Larss.	Hydnoporia tabacina		CA		New Brunswick	PRESENT		28eb1a3f-1c15-4a95-931a-4af90ecb574d	46.424846	-64.650043	1090.0						2021-12-28T14:00	28	12	2021	10700730	10700730	HUMAN_OBSERVATION	iNaturalist	Observations	103865479		Stuart Tingley	2021-12-29T03:55:43	CC_BY_NC_4_0	Stuart Tingley	Stuart Tingley			2025-01-14T12:24:25.579Z	StillImage	COORDINATE_ROUNDED;CONTINENT_DERIVED_FROM_COORDINATES;TAXON_MATCH_TAXON_ID_IGNORED
3455528255	50c9509d-22c7-4a22-a47d-8c48425ef4a7	https://www.inaturalist.org/observations/104005482	Fungi	Basidiomycota	Agaricomycetes	Hymenochaetales	Hymenochaetaceae	Hydnoporia	Hydnoporia tabacina		SPECIES	Hydnoporia tabacina (Sowerby) Spirin, Miettinen & K.H.Larss.	Hydnoporia tabacina		CA		New Brunswick	PRESENT		28eb1a3f-1c15-4a95-931a-4af90ecb574d	46.385178	-64.649755	298.0						2021-12-30T16:52	30	12	2021	10700730	10700730	HUMAN_OBSERVATION	iNaturalist	Observations	104005482		Stuart Tingley	2021-12-31T18:09:27	CC_BY_NC_4_0	Stuart Tingley	Stuart Tingley			2025-01-14T12:24:32.246Z	StillImage	COORDINATE_ROUNDED;CONTINENT_DERIVED_FROM_COORDINATES;TAXON_MATCH_TAXON_ID_IGNORED
3391413948	50c9509d-22c7-4a22-a47d-8c48425ef4a7	https://www.inaturalist.org/observations/97868382	Fungi	Basidiomycota	Agaricomycetes	Hymenochaetales	Hymenochaetaceae	Hydnoporia	Hydnoporia tabacina		SPECIES	Hydnoporia tabacina (Sowerby) Spirin, Miettinen & K.H.Larss.	Hydnoporia tabacina		CA		Québec	PRESENT		28eb1a3f-1c15-4a95-931a-4af90ecb574d	45.512636	-73.586163	212.0						2021-10-06T15:05	6	10	2021	10700730	10700730	HUMAN_OBSERVATION	iNaturalist	Observations	97868382		adelevalero	2021-10-11T05:57:48	CC_BY_NC_4_0	adelevalero	adelevalero			2025-01-14T12:22:54.223Z	StillImage	COORDINATE_ROUNDED;CONTINENT_DERIVED_FROM_COORDINATES;TAXON_MATCH_TAXON_ID_IGNORED
2640629670	e4deab67-0998-4140-b573-0ba1f624eb3e	urn:catalog:O:F:914411	Fungi	Basidiomycota	Agaricomycetes	Hymenochaetales	Hymenochaetaceae	Hydnoporia	Hydnoporia tabacina		SPECIES	Hydnoporia tabacina (Sowerby) Spirin, Miettinen & K.H.Larss.	Hydnoporia tabacina	(Sowerby) Spirin, Miettinen & K.H. Larss.	CA	Gatineau, Balck Lake	Quebec	PRESENT		f314b0b0-e3dc-11d9-8d81-b8a03c50a862	45.481	-75.67							1967-10-26	26	10	1967	10700730	10700730	PRESERVED_SPECIMEN	O	F	914411	9362	J. Eriksson	1967-10-26T00:00:00	CC_BY_4_0		J. Eriksson			2025-01-13T12:11:40.451Z	StillImage	CONTINENT_DERIVED_FROM_COORDINATES
2573777695	50c9509d-22c7-4a22-a47d-8c48425ef4a7	https://www.inaturalist.org/observations/10631493	Fungi	Basidiomycota	Agaricomycetes	Hymenochaetales	Hymenochaetaceae	Hydnoporia	Hydnoporia tabacina		SPECIES	Hydnoporia tabacina (Sowerby) Spirin, Miettinen & K.H.Larss.	Hydnoporia tabacina		CA		Québec	PRESENT		28eb1a3f-1c15-4a95-931a-4af90ecb574d	45.9304	-74.9136	1511.0						2009-09-07	7	9	2009	10700730	10700730	HUMAN_OBSERVATION	iNaturalist	Observations	10631493		John Plischke	2020-02-18T21:36:09	CC_BY_NC_4_0	John Plischke	John Plischke			2025-01-14T13:00:37.653Z	StillImage	CONTINENT_DERIVED_FROM_COORDINATES;TAXON_MATCH_TAXON_ID_IGNORED
2447224935	81e6cff2-b409-417e-8c72-e1bbafb7c61f	34c604b7-468b-442b-945e-732c7fb85733	Fungi	Basidiomycota	Agaricomycetes	Hymenochaetales	Hymenochaetaceae	Hydnoporia	Hydnoporia tabacina		SPECIES	Hymenochaete badioferruginea (Mont.) Lév.	Hymenochaete badioferruginea (Mont.) Lév.	(Mont.) Lév.	CA	Waterloo	Québec	PRESENT		7b8aff00-a9f8-11d8-944b-b8a03c50a862	45.340348	-72.523877	3550.0						1936-10-10	10	10	1936	2520010	10700730	PRESERVED_SPECIMEN	F	Botany	C0372933F	11938	Bro. M. Anselm	1936-01-01T00:00:00	CC0_1_0	The Field Museum of Natural History	Bro. M. Anselm			2024-02-20T16:06:26.897Z		GEODETIC_DATUM_ASSUMED_WGS84;MODIFIED_DATE_INVALID;AMBIGUOUS_COLLECTION;INSTITUTION_MATCH_FUZZY
2447223119	81e6cff2-b409-417e-8c72-e1bbafb7c61f	dc085cbb-5729-4947-b14d-03a81a1a3bdf	Fungi	Basidiomycota	Agaricomycetes	Hymenochaetales	Hymenochaetaceae	Hydnoporia	Hydnoporia tabacina		SPECIES	Hymenochaete tabacina (Sowerby) Lév.	Hymenochaete tabacina		CA	Mount Orford	Québec	PRESENT		7b8aff00-a9f8-11d8-944b-b8a03c50a862	45.331385	-72.237828	12990.0						1938-07-19	19	7	1938	2520013	10700730	PRESERVED_SPECIMEN	F	Botany	C0373664F	13615	Qiuxin Wu	2000-01-01T00:00:00	CC0_1_0	The Field Museum of Natural History	P. O. Schallert			2024-02-20T16:06:34.830Z		GEODETIC_DATUM_ASSUMED_WGS84;MODIFIED_DATE_INVALID;AMBIGUOUS_COLLECTION;INSTITUTION_MATCH_FUZZY
2447222917	81e6cff2-b409-417e-8c72-e1bbafb7c61f	12e3f4f7-630d-4993-ba5f-d58203728742	Fungi	Basidiomycota	Agaricomycetes	Hymenochaetales	Hymenochaetaceae	Hydnoporia	Hydnoporia tabacina		SPECIES	Hymenochaete tabacina (Sowerby) Lév.	Hymenochaete tabacina		CA		Québec	PRESENT		7b8aff00-a9f8-11d8-944b-b8a03c50a862	46.75	-71.7	11517.0						1938-09-19	19	9	1938	2520013	10700730	PRESERVED_SPECIMEN	F	Botany	C0373639F	5278			CC0_1_0	The Field Museum of Natural History	Bro. M. Anselm			2024-02-20T16:06:26.721Z		GEODETIC_DATUM_ASSUMED_WGS84;MODIFIED_DATE_INVALID;AMBIGUOUS_COLLECTION;INSTITUTION_MATCH_FUZZY
2447218914	81e6cff2-b409-417e-8c72-e1bbafb7c61f	0959e61e-a857-405a-af32-8660c64a730d	Fungi	Basidiomycota	Agaricomycetes	Hymenochaetales	Hymenochaetaceae	Hydnoporia	Hydnoporia tabacina		SPECIES	Hymenochaete tabacina (Sowerby) Lév.	Hymenochaete tabacina		CA	Lake St. Joseph	Québec	PRESENT		7b8aff00-a9f8-11d8-944b-b8a03c50a862	46.904524	-71.63228	4542.0						1938-08-21	21	8	1938	2520013	10700730	PRESERVED_SPECIMEN	F	Botany	C0373657F	s.n.	A. E. Edgecombe	1938-01-01T00:00:00	CC0_1_0	The Field Museum of Natural History	A. E. Edgecombe			2024-02-20T16:06:29.450Z		GEODETIC_DATUM_ASSUMED_WGS84;MODIFIED_DATE_INVALID;AMBIGUOUS_COLLECTION;INSTITUTION_MATCH_FUZZY
2447217021	81e6cff2-b409-417e-8c72-e1bbafb7c61f	83c13bd2-005c-4d82-ad3c-936d01285545	Fungi	Basidiomycota	Agaricomycetes	Hymenochaetales	Hymenochaetaceae	Hydnoporia	Hydnoporia tabacina		SPECIES	Hymenochaete badioferruginea (Mont.) Lév.	Hymenochaete badioferruginea (Mont.) Lév.	(Mont.) Lév.	CA	Waterloo	Québec	PRESENT		7b8aff00-a9f8-11d8-944b-b8a03c50a862	45.340348	-72.523877	3550.0										2520010	10700730	PRESERVED_SPECIMEN	F	Botany	C0372941F	11938	Bro. M. Anselm		CC0_1_0	The Field Museum of Natural History	Bro. M. Anselm			2024-02-20T16:06:13.790Z		GEODETIC_DATUM_ASSUMED_WGS84;MODIFIED_DATE_INVALID;AMBIGUOUS_COLLECTION;INSTITUTION_MATCH_FUZZY
1990288363	032f1fbe-d21f-407d-be46-5cd1bb1ea397	fd75791d-134e-4002-9208-137d2d9b73ee	Fungi	Basidiomycota	Agaricomycetes	Hymenochaetales	Hymenochaetaceae	Hydnoporia	Hydnoporia tabacina		SPECIES	Hymenochaete tabacina (Sowerby) Lév.	Hymenochaete tabacina	(Sowerby) Lév.	CA	Whitney, Costello Lake, Algonquin Park	Ontario	PRESENT		61c539d8-47e0-4b82-875f-b95aad66dcd4	45.595833	-78.323611							1939-08-29	29	8	1939	2520013	10700730	PRESERVED_SPECIMEN	TENN-F		TENN-F-014848	RFC14202			CC0_1_0		R.F. Cain			2025-01-12T10:33:40.661Z		COORDINATE_ROUNDED;GEODETIC_DATUM_ASSUMED_WGS84;CONTINENT_DERIVED_FROM_COORDINATES;TAXON_MATCH_TAXON_ID_IGNORED;INSTITUTION_MATCH_NONE
1990280040	032f1fbe-d21f-407d-be46-5cd1bb1ea397	d9cc8748-d350-4d5d-88a8-8226a7dab104	Fungi	Basidiomycota	Agaricomycetes	Hymenochaetales	Hymenochaetaceae	Hydnoporia	Hydnoporia tabacina		SPECIES	Hymenochaete badioferruginea (Mont.) Lév.	Hymenochaete badioferruginea	(Mont.) Lév.	CA	Chelsea, Meech Lake	Quebec	PRESENT		61c539d8-47e0-4b82-875f-b95aad66dcd4	45.536667	-75.892222							1933-04-30	30	4	1933	2520010	10700730	PRESERVED_SPECIMEN	TENN-F		TENN-F-006230	LRH6230			CC0_1_0		A.W. McCallum			2025-01-12T10:33:47.918Z		COORDINATE_ROUNDED;GEODETIC_DATUM_ASSUMED_WGS84;CONTINENT_DERIVED_FROM_COORDINATES;TAXON_MATCH_TAXON_ID_IGNORED;INSTITUTION_MATCH_NONE
1807258673	e8a25a42-f125-476c-8554-3ec21cd51a84	ACAD:115386	Fungi	Basidiomycota	Agaricomycetes	Hymenochaetales	Hymenochaetaceae	Hydnoporia	Hydnoporia tabacina		SPECIES	Hymenochaete tabacina (Sowerby) Lév.	Hymenochaete tabacina	(Sowerby) Lév., 1846	CA	Kentville	Nova Scotia	PRESENT		6491ad8c-8e49-4bd4-a089-0ddb3bbe0890	45.07662	-64.49592							1953-10-27	27	10	1953	2520013	10700730	PRESERVED_SPECIMEN	Acadia University	ACAD	2773F	2773	H, J		CC0_1_0	Acadia University	Harrison, KA			2024-01-25T01:36:59.164Z	StillImage	GEODETIC_DATUM_INVALID;GEODETIC_DATUM_ASSUMED_WGS84;TAXON_MATCH_TAXON_ID_IGNORED;INSTITUTION_MATCH_FUZZY;COLLECTION_MATCH_FUZZY
1807258619	e8a25a42-f125-476c-8554-3ec21cd51a84	ACAD:115388	Fungi	Basidiomycota	Agaricomycetes	Hymenochaetales	Hymenochaetaceae	Hydnoporia	Hydnoporia tabacina		SPECIES	Hymenochaete tabacina (Sowerby) Lév.	Hymenochaete tabacina	(Sowerby) Lév., 1846	CA	Kentville	Nova Scotia	PRESENT		6491ad8c-8e49-4bd4-a089-0ddb3bbe0890	45.07662	-64.49592							1953-11-09	9	11	1953	2520013	10700730	PRESERVED_SPECIMEN	Acadia University	ACAD	2775F	2775			CC0_1_0	Acadia University	Harrison, KA			2024-01-25T01:36:59.164Z	StillImage	GEODETIC_DATUM_INVALID;GEODETIC_DATUM_ASSUMED_WGS84;TAXON_MATCH_TAXON_ID_IGNORED;INSTITUTION_MATCH_FUZZY;COLLECTION_MATCH_FUZZY
1807255841	e8a25a42-f125-476c-8554-3ec21cd51a84	ACAD:112164	Fungi	Basidiomycota	Agaricomycetes	Hymenochaetales	Hymenochaetaceae	Hydnoporia	Hydnoporia tabacina		SPECIES	Hymenochaete tabacina (Sowerby) Lév.	Hymenochaete tabacina	(Sowerby) Lév., 1846	CA	(Kentville)	Nova Scotia	PRESENT		6491ad8c-8e49-4bd4-a089-0ddb3bbe0890	45.07662	-64.49592							1952-11-20	20	11	1952	2520013	10700730	PRESERVED_SPECIMEN	Acadia University	ACAD	1868F	1868	B,N		CC0_1_0	Acadia University	H, KA			2024-01-25T01:37:05.891Z	StillImage	GEODETIC_DATUM_INVALID;GEODETIC_DATUM_ASSUMED_WGS84;TAXON_MATCH_TAXON_ID_IGNORED;INSTITUTION_MATCH_FUZZY;COLLECTION_MATCH_FUZZY
1807255408	e8a25a42-f125-476c-8554-3ec21cd51a84	ACAD:111644	Fungi	Basidiomycota	Agaricomycetes	Hymenochaetales	Hymenochaetaceae	Hydnoporia	Hydnoporia tabacina		SPECIES	Pseudochaete tabacina (Sowerby) T.Wagner & M.Fisch.	Pseudochaete tabacina (Sowerby) T. Wagner & M. Fisch.	(Sowerby) T. Wagner & M. Fisch.	CA	Kentville	Nova Scotia	PRESENT		6491ad8c-8e49-4bd4-a089-0ddb3bbe0890	45.07662	-64.49592							1941-11-23	23	11	1941	5237937	10700730	PRESERVED_SPECIMEN	Acadia University	ACAD	1259F	1259			CC0_1_0	Acadia University	Lewis, RM			2024-01-25T01:37:07.250Z	StillImage	GEODETIC_DATUM_INVALID;GEODETIC_DATUM_ASSUMED_WGS84;TAXON_MATCH_TAXON_ID_IGNORED;INSTITUTION_MATCH_FUZZY;COLLECTION_MATCH_FUZZY
1807255211	e8a25a42-f125-476c-8554-3ec21cd51a84	ACAD:111623	Fungi	Basidiomycota	Agaricomycetes	Hymenochaetales	Hymenochaetaceae	Hydnoporia	Hydnoporia tabacina		SPECIES	Pseudochaete tabacina (Sowerby) T.Wagner & M.Fisch.	Pseudochaete tabacina (Sowerby) T. Wagner & M. Fisch.	(Sowerby) T. Wagner & M. Fisch.	CA	(Kentville)	Nova Scotia	PRESENT		6491ad8c-8e49-4bd4-a089-0ddb3bbe0890	45.07662	-64.49592							1931-08-05	5	8	1931	5237937	10700730	PRESERVED_SPECIMEN	Acadia University	ACAD	122F	122			CC0_1_0	Acadia University	H, KA			2024-01-25T01:37:07.246Z	StillImage	GEODETIC_DATUM_INVALID;GEODETIC_DATUM_ASSUMED_WGS84;TAXON_MATCH_TAXON_ID_IGNORED;INSTITUTION_MATCH_FUZZY;COLLECTION_MATCH_FUZZY
1807255194	e8a25a42-f125-476c-8554-3ec21cd51a84	ACAD:111671	Fungi	Basidiomycota	Agaricomycetes	Hymenochaetales	Hymenochaetaceae	Hydnoporia	Hydnoporia tabacina		SPECIES	Hymenochaete tabacina (Sowerby) Lév.	Hymenochaete tabacina	(Sowerby) Lév., 1846	CA	Kentville	Nova Scotia	PRESENT		6491ad8c-8e49-4bd4-a089-0ddb3bbe0890	45.07662	-64.49592							1941-12-30	30	12	1941	2520013	10700730	PRESERVED_SPECIMEN	Acadia University	ACAD	1295F	1295			CC0_1_0	Acadia University	Lewis, RM			2024-01-25T01:37:07.177Z	StillImage	GEODETIC_DATUM_INVALID;GEODETIC_DATUM_ASSUMED_WGS84;TAXON_MATCH_TAXON_ID_IGNORED;INSTITUTION_MATCH_FUZZY;COLLECTION_MATCH_FUZZY
1807255134	e8a25a42-f125-476c-8554-3ec21cd51a84	ACAD:111635	Fungi	Basidiomycota	Agaricomycetes	Hymenochaetales	Hymenochaetaceae	Hydnoporia	Hydnoporia tabacina		SPECIES	Pseudochaete tabacina (Sowerby) T.Wagner & M.Fisch.	Pseudochaete tabacina (Sowerby) T. Wagner & M. Fisch.	(Sowerby) T. Wagner & M. Fisch.	CA	(Kentville)	Nova Scotia	PRESENT		6491ad8c-8e49-4bd4-a089-0ddb3bbe0890	45.07662	-64.49592							1932-06		6	1932	5237937	10700730	PRESERVED_SPECIMEN	Acadia University	ACAD	124F	124			CC0_1_0	Acadia University	H, KA			2024-01-25T01:37:07.248Z	StillImage	GEODETIC_DATUM_INVALID;GEODETIC_DATUM_ASSUMED_WGS84;TAXON_MATCH_TAXON_ID_IGNORED;INSTITUTION_MATCH_FUZZY;COLLECTION_MATCH_FUZZY
1807254952	e8a25a42-f125-476c-8554-3ec21cd51a84	ACAD:111654	Fungi	Basidiomycota	Agaricomycetes	Hymenochaetales	Hymenochaetaceae	Hydnoporia	Hydnoporia tabacina		SPECIES	Hymenochaete badioferruginea (Mont.) Lév.	Hymenochaete badio-ferruginea	(Mont.) Lév., 1846	CA	Glenmont	Nova Scotia	PRESENT		6491ad8c-8e49-4bd4-a089-0ddb3bbe0890	45.18614	-64.50197							1930-08-31	31	8	1930	2520010	10700730	PRESERVED_SPECIMEN	Acadia University	ACAD	126AF	126A			CC0_1_0	Acadia University	H, KA			2024-01-25T01:37:07.257Z	StillImage	GEODETIC_DATUM_INVALID;GEODETIC_DATUM_ASSUMED_WGS84;TAXON_MATCH_FUZZY;TAXON_MATCH_TAXON_ID_IGNORED;INSTITUTION_MATCH_FUZZY;COLLECTION_MATCH_FUZZY
1807254935	e8a25a42-f125-476c-8554-3ec21cd51a84	ACAD:111629	Fungi	Basidiomycota	Agaricomycetes	Hymenochaetales	Hymenochaetaceae	Hydnoporia	Hydnoporia tabacina		SPECIES	Pseudochaete tabacina (Sowerby) T.Wagner & M.Fisch.	Pseudochaete tabacina (Sowerby) T. Wagner & M. Fisch.	(Sowerby) T. Wagner & M. Fisch.	CA	Kentville	Nova Scotia	PRESENT		6491ad8c-8e49-4bd4-a089-0ddb3bbe0890	45.07662	-64.49592							1934-04-02	2	4	1934	5237937	10700730	PRESERVED_SPECIMEN	Acadia University	ACAD	123F	123			CC0_1_0	Acadia University	H, KA			2024-01-25T01:37:07.246Z	StillImage	GEODETIC_DATUM_INVALID;GEODETIC_DATUM_ASSUMED_WGS84;TAXON_MATCH_TAXON_ID_IGNORED;INSTITUTION_MATCH_FUZZY;COLLECTION_MATCH_FUZZY
1807254923	e8a25a42-f125-476c-8554-3ec21cd51a84	ACAD:111645	Fungi	Basidiomycota	Agaricomycetes	Hymenochaetales	Hymenochaetaceae	Hydnoporia	Hydnoporia tabacina		SPECIES	Pseudochaete tabacina (Sowerby) T.Wagner & M.Fisch.	Pseudochaete tabacina (Sowerby) T. Wagner & M. Fisch.	(Sowerby) T. Wagner & M. Fisch.	CA	(Kentville)	Nova Scotia	PRESENT		6491ad8c-8e49-4bd4-a089-0ddb3bbe0890	45.07662	-64.49592							1931-11-28	28	11	1931	5237937	10700730	PRESERVED_SPECIMEN	Acadia University	ACAD	125F	125			CC0_1_0	Acadia University	H, KA			2024-01-25T01:37:07.250Z	StillImage	GEODETIC_DATUM_INVALID;GEODETIC_DATUM_ASSUMED_WGS84;TAXON_MATCH_TAXON_ID_IGNORED;INSTITUTION_MATCH_FUZZY;COLLECTION_MATCH_FUZZY
1412708130	21705170-d2b6-42de-8904-c3bca4b83591	CMMF016699	Fungi	Basidiomycota	Agaricomycetes	Hymenochaetales	Hymenochaetaceae	Hydnoporia	Hydnoporia tabacina		SPECIES	Hymenochaete tabacina (Sowerby) Lév.	Hymenochaete tabacina (Sowerby) Lév.	(Sowerby) Lév.	CA	Montmagny, Québec.	Québec	PRESENT		ff7bd5db-b724-4932-b496-10ea298851f9	46.980077	-70.556636	20000.0						1987-03		3	1987	2520013	10700730	PRESERVED_SPECIMEN	Université de Montréal Biodiversity Centre	CMMF	CMMF016699		Boulet, Bruno		CC0_1_0	Université de Montréal Biodiversity Centre	Boulet, Bruno			2024-01-24T16:38:19.932Z		INSTITUTION_MATCH_FUZZY;COLLECTION_MATCH_FUZZY;DIFFERENT_OWNER_INSTITUTION
1412706861	21705170-d2b6-42de-8904-c3bca4b83591	CMMF015294	Fungi	Basidiomycota	Agaricomycetes	Hymenochaetales	Hymenochaetaceae	Hydnoporia	Hydnoporia tabacina		SPECIES	Hymenochaete tabacina (Sowerby) Lév.	Hymenochaete tabacina (Sowerby) Lév.	(Sowerby) Lév.	CA	Cap-au-Lest, Saint-Fulgence, Québec.	Québec	PRESENT		ff7bd5db-b724-4932-b496-10ea298851f9	48.391343	-70.689884	4500.0						1995-07-27	27	7	1995	2520013	10700730	PRESERVED_SPECIMEN	Université de Montréal Biodiversity Centre	CMMF	CMMF015294	880	Guérin, Gérard		CC0_1_0	Université de Montréal Biodiversity Centre	Guérin, Gérard			2024-01-24T16:38:17.041Z	StillImage	INSTITUTION_MATCH_FUZZY;COLLECTION_MATCH_FUZZY;DIFFERENT_OWNER_INSTITUTION
1412706803	21705170-d2b6-42de-8904-c3bca4b83591	CMMF015292	Fungi	Basidiomycota	Agaricomycetes	Hymenochaetales	Hymenochaetaceae	Hydnoporia	Hydnoporia tabacina		SPECIES	Hymenochaete tabacina (Sowerby) Lév.	Hymenochaete tabacina (Sowerby) Lév.	(Sowerby) Lév.	CA	Shipshaw, Québec.	Québec	PRESENT		ff7bd5db-b724-4932-b496-10ea298851f9	48.466834	-71.263421	2500.0						1985-10-14	14	10	1985	2520013	10700730	PRESERVED_SPECIMEN	Université de Montréal Biodiversity Centre	CMMF	CMMF015292	878	Guérin, Gérard		CC0_1_0	Université de Montréal Biodiversity Centre	Guérin, Gérard			2024-01-24T16:38:17.041Z	StillImage	INSTITUTION_MATCH_FUZZY;COLLECTION_MATCH_FUZZY;DIFFERENT_OWNER_INSTITUTION
1412706779	21705170-d2b6-42de-8904-c3bca4b83591	CMMF015293	Fungi	Basidiomycota	Agaricomycetes	Hymenochaetales	Hymenochaetaceae	Hydnoporia	Hydnoporia tabacina		SPECIES	Hymenochaete tabacina (Sowerby) Lév.	Hymenochaete tabacina (Sowerby) Lév.	(Sowerby) Lév.	CA	Piste cyclable, Chicoutimi, Québec.	Québec	PRESENT		ff7bd5db-b724-4932-b496-10ea298851f9	48.43557	-71.147472	8000.0						1987-10-04	4	10	1987	2520013	10700730	PRESERVED_SPECIMEN	Université de Montréal Biodiversity Centre	CMMF	CMMF015293	879	Guérin, Gérard		CC0_1_0	Université de Montréal Biodiversity Centre	Larouche, Benoît			2024-01-24T16:38:17.041Z	StillImage	INSTITUTION_MATCH_FUZZY;COLLECTION_MATCH_FUZZY;DIFFERENT_OWNER_INSTITUTION
1412704820	21705170-d2b6-42de-8904-c3bca4b83591	CMMF013260	Fungi	Basidiomycota	Agaricomycetes	Hymenochaetales	Hymenochaetaceae	Hydnoporia	Hydnoporia tabacina		SPECIES	Hymenochaete tabacina (Sowerby) Lév.	Hymenochaete tabacina (Sowerby) Lév.	(Sowerby) Lév.	CA	Near Lake Sasajewan, Algonquin Park, Ontario.	Ontario	PRESENT		ff7bd5db-b724-4932-b496-10ea298851f9	45.594501	-78.524488	2500.0						1970-09-01	1	9	1970	2520013	10700730	PRESERVED_SPECIMEN	Université de Montréal Biodiversity Centre	CMMF	CMMF013260	4480	Weresub, L.K.		CC0_1_0	Université de Montréal Biodiversity Centre	Illman, William I.			2024-01-24T16:38:17.544Z		INSTITUTION_MATCH_FUZZY;COLLECTION_MATCH_FUZZY;DIFFERENT_OWNER_INSTITUTION
1412704739	21705170-d2b6-42de-8904-c3bca4b83591	CMMF013259	Fungi	Basidiomycota	Agaricomycetes	Hymenochaetales	Hymenochaetaceae	Hydnoporia	Hydnoporia tabacina		SPECIES	Hymenochaete tabacina (Sowerby) Lév.	Hymenochaete tabacina (Sowerby) Lév.	(Sowerby) Lév.	CA	Near Lake Sasajewan, Algonquin Park, Ontario.	Ontario	PRESENT		ff7bd5db-b724-4932-b496-10ea298851f9	45.594501	-78.524488	2500.0						1970-09-01	1	9	1970	2520013	10700730	PRESERVED_SPECIMEN	Université de Montréal Biodiversity Centre	CMMF	CMMF013259	4479	Weresub, L.K.		CC0_1_0	Université de Montréal Biodiversity Centre	Illman, William I.			2024-01-24T16:38:17.542Z		INSTITUTION_MATCH_FUZZY;COLLECTION_MATCH_FUZZY;DIFFERENT_OWNER_INSTITUTION
1412703180	21705170-d2b6-42de-8904-c3bca4b83591	CMMF011636	Fungi	Basidiomycota	Agaricomycetes	Hymenochaetales	Hymenochaetaceae	Hydnoporia	Hydnoporia tabacina		SPECIES	Hymenochaete tabacina (Sowerby) Lév.	Hymenochaete tabacina (Sowerby) Lév.	(Sowerby) Lév.	CA	Lac Bédard, Portneuf, Québec.	Québec	PRESENT		ff7bd5db-b724-4932-b496-10ea298851f9	47.085833	-71.83	2000.0						1941-09-26/1941-09-30		9	1941	2520013	10700730	PRESERVED_SPECIMEN	Université de Montréal Biodiversity Centre	CMMF	CMMF011636	17159-17184-17187	Pomerleau, René		CC0_1_0	Université de Montréal Biodiversity Centre	Campagna, Elzéar			2024-01-24T16:38:18.061Z		INSTITUTION_MATCH_FUZZY;COLLECTION_MATCH_FUZZY;DIFFERENT_OWNER_INSTITUTION
1412703167	21705170-d2b6-42de-8904-c3bca4b83591	CMMF011633	Fungi	Basidiomycota	Agaricomycetes	Hymenochaetales	Hymenochaetaceae	Hydnoporia	Hydnoporia tabacina		SPECIES	Hymenochaete tabacina (Sowerby) Lév.	Hymenochaete tabacina (Sowerby) Lév.	(Sowerby) Lév.	CA	Sainte-Anne de la Pocatière, Kamouraska, Québec.	Québec	PRESENT		ff7bd5db-b724-4932-b496-10ea298851f9	47.366667	-70.033333	8000.0						1941-10-15	15	10	1941	2520013	10700730	PRESERVED_SPECIMEN	Université de Montréal Biodiversity Centre	CMMF	CMMF011633	17212-17213	Pomerleau, René		CC0_1_0	Université de Montréal Biodiversity Centre	Campagna, Elzéar; Dubé, Lucien			2024-01-24T16:38:18.062Z		INSTITUTION_MATCH_FUZZY;COLLECTION_MATCH_FUZZY;DIFFERENT_OWNER_INSTITUTION
1144807098	81e6cff2-b409-417e-8c72-e1bbafb7c61f	0b76cae5-9281-4e23-a56b-4b105f5982f4	Fungi	Basidiomycota	Agaricomycetes	Hymenochaetales	Hymenochaetaceae	Hydnoporia	Hydnoporia tabacina		SPECIES	Hymenochaete tabacina (Sowerby) Lév.	Hymenochaete tabacina		CA	Iberville	Québec	PRESENT		7b8aff00-a9f8-11d8-944b-b8a03c50a862	45.316667	-73.233333							1951-10-01	1	10	1951	2520013	10700730	PRESERVED_SPECIMEN	F	Botany	C0203419F	F-184/ 99	P. O. Schallert		CC0_1_0	The Field Museum of Natural History	Frère Marie-Anselme			2024-02-20T16:06:17.272Z		GEODETIC_DATUM_ASSUMED_WGS84;MODIFIED_DATE_INVALID;AMBIGUOUS_COLLECTION;INSTITUTION_MATCH_FUZZY
1135069960	21705170-d2b6-42de-8904-c3bca4b83591	CMMF008525	Fungi	Basidiomycota	Agaricomycetes	Hymenochaetales	Hymenochaetaceae	Hydnoporia	Hydnoporia tabacina		SPECIES	Pseudochaete tabacina (Sowerby) T.Wagner & M.Fisch.	Pseudochaete tabacina (Sowerby) T. Wagner & M. Fisch.	(Sowerby) T. Wagner & M. Fisch.	CA	210 de l'Éperon, boisé arrière, Lac-Beauport.	Québec	PRESENT		ff7bd5db-b724-4932-b496-10ea298851f9	46.964353	-71.306427	200.0						2006-05-05	5	5	2006	5237937	10700730	PRESERVED_SPECIMEN	Université de Montréal Biodiversity Centre	CMMF	CMMF008525	97	Labrecque, Jacqueline		CC0_1_0	Université de Montréal Biodiversity Centre	Labrecque, Jacqueline			2024-01-24T16:38:17.909Z	StillImage	INSTITUTION_MATCH_FUZZY;COLLECTION_MATCH_FUZZY;DIFFERENT_OWNER_INSTITUTION
1135069949	21705170-d2b6-42de-8904-c3bca4b83591	CMMF008449	Fungi	Basidiomycota	Agaricomycetes	Hymenochaetales	Hymenochaetaceae	Hydnoporia	Hydnoporia tabacina		SPECIES	Pseudochaete tabacina (Sowerby) T.Wagner & M.Fisch.	Pseudochaete tabacina (Sowerby) T. Wagner & M. Fisch.	(Sowerby) T. Wagner & M. Fisch.	CA	Sentiers ligne d'horizon, région de Québec.	Québec	PRESENT		ff7bd5db-b724-4932-b496-10ea298851f9	46.935043	-71.254295	4000.0						2006-04-08	8	4	2006	5237937	10700730	PRESERVED_SPECIMEN	Université de Montréal Biodiversity Centre	CMMF	CMMF008449	19	Labbé, Roland		CC0_1_0	Université de Montréal Biodiversity Centre	Labrecque, Jacqueline			2024-01-24T16:38:17.888Z	StillImage	INSTITUTION_MATCH_FUZZY;COLLECTION_MATCH_FUZZY;DIFFERENT_OWNER_INSTITUTION
1135069946	21705170-d2b6-42de-8904-c3bca4b83591	CMMF008453	Fungi	Basidiomycota	Agaricomycetes	Hymenochaetales	Hymenochaetaceae	Hydnoporia	Hydnoporia tabacina		SPECIES	Pseudochaete tabacina (Sowerby) T.Wagner & M.Fisch.	Pseudochaete tabacina (Sowerby) T. Wagner & M. Fisch.	(Sowerby) T. Wagner & M. Fisch.	CA	Chemin O'Neil, Lac-Beauport.	Québec	PRESENT		ff7bd5db-b724-4932-b496-10ea298851f9	46.953091	-71.275238	5000.0						2006-04-11	11	4	2006	5237937	10700730	PRESERVED_SPECIMEN	Université de Montréal Biodiversity Centre	CMMF	CMMF008453	23	Labbé, Roland		CC0_1_0	Université de Montréal Biodiversity Centre	Labrecque, Jacqueline			2024-01-24T16:38:17.891Z	StillImage	INSTITUTION_MATCH_FUZZY;COLLECTION_MATCH_FUZZY;DIFFERENT_OWNER_INSTITUTION
1135069930	21705170-d2b6-42de-8904-c3bca4b83591	CMMF008515	Fungi	Basidiomycota	Agaricomycetes	Hymenochaetales	Hymenochaetaceae	Hydnoporia	Hydnoporia tabacina		SPECIES	Pseudochaete tabacina (Sowerby) T.Wagner & M.Fisch.	Pseudochaete tabacina (Sowerby) T. Wagner & M. Fisch.	(Sowerby) T. Wagner & M. Fisch.	CA	Boisé derrière 210 Éperon, Lac-Beauport.	Québec	PRESENT		ff7bd5db-b724-4932-b496-10ea298851f9	46.964353	-71.306427	200.0						2006-05-03	3	5	2006	5237937	10700730	PRESERVED_SPECIMEN	Université de Montréal Biodiversity Centre	CMMF	CMMF008515	81	Labbé, Roland		CC0_1_0	Université de Montréal Biodiversity Centre	Labrecque, Jacqueline			2024-01-24T16:38:17.902Z	StillImage	INSTITUTION_MATCH_FUZZY;COLLECTION_MATCH_FUZZY;DIFFERENT_OWNER_INSTITUTION
1135069491	21705170-d2b6-42de-8904-c3bca4b83591	CMMF007968	Fungi	Basidiomycota	Agaricomycetes	Hymenochaetales	Hymenochaetaceae	Hydnoporia	Hydnoporia tabacina		SPECIES	Pseudochaete tabacina (Sowerby) T.Wagner & M.Fisch.	Pseudochaete tabacina (Sowerby) T. Wagner & M. Fisch.	(Sowerby) T. Wagner & M. Fisch.	CA	Notre-Dame-du-Rosaire	Québec	PRESENT		ff7bd5db-b724-4932-b496-10ea298851f9	46.801567	-70.357633	100.0						2005-08-28	28	8	2005	5237937	10700730	PRESERVED_SPECIMEN	Université de Montréal Biodiversity Centre	CMMF	CMMF007968	Inexistant	McNeil, Raymond		CC0_1_0	Université de Montréal Biodiversity Centre	McNeil, Raymond			2024-01-24T16:38:15.615Z	StillImage	COORDINATE_ROUNDED;INSTITUTION_MATCH_FUZZY;COLLECTION_MATCH_FUZZY;DIFFERENT_OWNER_INSTITUTION
1135069276	21705170-d2b6-42de-8904-c3bca4b83591	CMMF007798	Fungi	Basidiomycota	Agaricomycetes	Hymenochaetales	Hymenochaetaceae	Hydnoporia	Hydnoporia tabacina		SPECIES	Pseudochaete tabacina (Sowerby) T.Wagner & M.Fisch.	Pseudochaete tabacina (Sowerby) T. Wagner & M. Fisch.	(Sowerby) T. Wagner & M. Fisch.	CA	St-Fabien-de-Panet	Québec	PRESENT		ff7bd5db-b724-4932-b496-10ea298851f9	46.595	-70.174167	100.0						2005-07-13	13	7	2005	5237937	10700730	PRESERVED_SPECIMEN	Université de Montréal Biodiversity Centre	CMMF	CMMF007798	C2209	McNeil, Raymond		CC0_1_0	Université de Montréal Biodiversity Centre	McNeil, Raymond			2024-01-24T16:38:16.188Z	StillImage	COORDINATE_ROUNDED;INSTITUTION_MATCH_FUZZY;COLLECTION_MATCH_FUZZY;DIFFERENT_OWNER_INSTITUTION
1135069191	21705170-d2b6-42de-8904-c3bca4b83591	CMMF007741	Fungi	Basidiomycota	Agaricomycetes	Hymenochaetales	Hymenochaetaceae	Hydnoporia	Hydnoporia tabacina		SPECIES	Pseudochaete tabacina (Sowerby) T.Wagner & M.Fisch.	Pseudochaete tabacina (Sowerby) T. Wagner & M. Fisch.	(Sowerby) T. Wagner & M. Fisch.	CA	St-Donat (École Marie-Clarac)	Québec	PRESENT		ff7bd5db-b724-4932-b496-10ea298851f9	46.31	-74.207667	100.0						2009-11-06	6	11	2009	5237937	10700730	PRESERVED_SPECIMEN	Université de Montréal Biodiversity Centre	CMMF	CMMF007741	C3623	McNeil, Raymond		CC0_1_0	Université de Montréal Biodiversity Centre	McNeil, Raymond			2024-01-24T16:38:16.126Z	StillImage	COORDINATE_ROUNDED;INSTITUTION_MATCH_FUZZY;COLLECTION_MATCH_FUZZY;DIFFERENT_OWNER_INSTITUTION
1135068097	21705170-d2b6-42de-8904-c3bca4b83591	CMMF006738	Fungi	Basidiomycota	Agaricomycetes	Hymenochaetales	Hymenochaetaceae	Hydnoporia	Hydnoporia tabacina		SPECIES	Pseudochaete tabacina (Sowerby) T.Wagner & M.Fisch.	Pseudochaete tabacina (Sowerby) T. Wagner & M. Fisch.	(Sowerby) T. Wagner & M. Fisch.	CA	Saint-Fabien-de-Panet	Québec	PRESENT		ff7bd5db-b724-4932-b496-10ea298851f9	46.592983	-70.17795	100.0						1980-06-22	22	6	1980	5237937	10700730	PRESERVED_SPECIMEN	Université de Montréal Biodiversity Centre	CMMF	CMMF006738	Inexistant	McNeil, Raymond		CC0_1_0	Université de Montréal Biodiversity Centre	McNeil, Raymond			2024-01-24T16:38:18.548Z	StillImage	COORDINATE_ROUNDED;INSTITUTION_MATCH_FUZZY;COLLECTION_MATCH_FUZZY;DIFFERENT_OWNER_INSTITUTION
