gbifID	datasetKey	occurrenceID	kingdom	phylum	class	order	family	genus	species	infraspecificEpithet	taxonRank	scientificName	verbatimScientificName	verbatimScientificNameAuthorship	countryCode	locality	stateProvince	occurrenceStatus	individualCount	publishingOrgKey	decimalLatitude	decimalLongitude	coordinateUncertaintyInMeters	coordinatePrecision	elevation	elevationAccuracy	depth	depthAccuracy	eventDate	day	month	year	taxonKey	speciesKey	basisOfRecord	institutionCode	collectionCode	catalogNumber	recordNumber	identifiedBy	dateIdentified	license	rightsHolder	recordedBy	typeStatus	establishmentMeans	lastInterpreted	mediaType	issue
617554078	21705170-d2b6-42de-8904-c3bca4b83591	CMMF000389	Fungi	Basidiomycota	Agaricomycetes	Agaricales	Strophariaceae	Pholiota	Pholiota squarrosa		SPECIES	Pholiota squarrosa (Vahl) P.Kumm.	Pholiota squarrosa (Vahl) P. Kumm.	(Vahl) P. Kumm.	CA	Saint-Jovite	Québec	PRESENT		ff7bd5db-b724-4932-b496-10ea298851f9	46.117738	-74.583161	8000.0						1988-09-25	25	9	1988	2534205	2534205	PRESERVED_SPECIMEN	Université de Montréal Biodiversity Centre	CMMF	CMMF000389		Lamoureux, Yves		CC0_1_0	Université de Montréal Biodiversity Centre	unknown			2024-01-24T16:38:20.843Z	StillImage	INSTITUTION_MATCH_FUZZY;COLLECTION_MATCH_FUZZY;DIFFERENT_OWNER_INSTITUTION
617553184	21705170-d2b6-42de-8904-c3bca4b83591	CMMF003487	Fungi	Basidiomycota	Agaricomycetes	Agaricales	Strophariaceae	Pholiota	Pholiota squarrosa		SPECIES	Pholiota squarrosa (Vahl) P.Kumm.	Pholiota squarrosa (Vahl) P. Kumm.	(Vahl) P. Kumm.	CA	Lac-Supérieur	Québec	PRESENT		ff7bd5db-b724-4932-b496-10ea298851f9	46.213424	-74.472675	5000.0						2000-09-02	2	9	2000	2534205	2534205	PRESERVED_SPECIMEN	Université de Montréal Biodiversity Centre	CMMF	CMMF003487		Lamoureux, Yves		CC0_1_0	Université de Montréal Biodiversity Centre	unknown			2024-01-24T16:38:16.266Z	StillImage	INSTITUTION_MATCH_FUZZY;COLLECTION_MATCH_FUZZY;DIFFERENT_OWNER_INSTITUTION
617547939	21705170-d2b6-42de-8904-c3bca4b83591	CMMF001186	Fungi	Basidiomycota	Agaricomycetes	Agaricales	Strophariaceae	Pholiota	Pholiota squarrosa		SPECIES	Pholiota squarrosa (Vahl) P.Kumm.	Pholiota squarrosa (Vahl) P. Kumm.	(Vahl) P. Kumm.	CA	Sainte-Marguerite-Station	Québec	PRESENT		ff7bd5db-b724-4932-b496-10ea298851f9	45.990446	-74.119788	3000.0						1990-08-31	31	8	1990	2534205	2534205	PRESERVED_SPECIMEN	Université de Montréal Biodiversity Centre	CMMF	CMMF001186		Lamoureux, Yves		CC0_1_0	Université de Montréal Biodiversity Centre	Alary, Antoine			2024-01-24T16:38:16.587Z	StillImage	INSTITUTION_MATCH_FUZZY;COLLECTION_MATCH_FUZZY;DIFFERENT_OWNER_INSTITUTION
4994115299	50c9509d-22c7-4a22-a47d-8c48425ef4a7	https://www.inaturalist.org/observations/95717753	Fungi	Basidiomycota	Agaricomycetes	Agaricales	Strophariaceae	Pholiota	Pholiota squarrosa		SPECIES	Pholiota squarrosa (Vahl) P.Kumm.	Pholiota squarrosa		CA		New Brunswick	PRESENT		28eb1a3f-1c15-4a95-931a-4af90ecb574d	45.781756	-65.561446	27126.0						2021-09-06T14:11:44	6	9	2021	2534205	2534205	HUMAN_OBSERVATION	iNaturalist	Observations	95717753		Jon Dobbelsteyn	2021-09-22T01:22:32	CC_BY_NC_4_0	Jon Dobbelsteyn	Jon Dobbelsteyn			2025-01-14T13:14:38.822Z	StillImage	COORDINATE_ROUNDED;CONTINENT_DERIVED_FROM_COORDINATES;TAXON_MATCH_TAXON_ID_IGNORED
4974228952	50c9509d-22c7-4a22-a47d-8c48425ef4a7	https://www.inaturalist.org/observations/244201721	Fungi	Basidiomycota	Agaricomycetes	Agaricales	Strophariaceae	Pholiota	Pholiota squarrosa		SPECIES	Pholiota squarrosa (Vahl) P.Kumm.	Pholiota squarrosa		CA		Québec	PRESENT		28eb1a3f-1c15-4a95-931a-4af90ecb574d	48.248681	-69.959547	15.0						2024-09-15T09:55	15	9	2024	2534205	2534205	HUMAN_OBSERVATION	iNaturalist	Observations	244201721		gabboilard	2024-10-17T12:53:32	CC_BY_NC_4_0	Jean-Marc Vallières	Jean-Marc Vallières			2025-01-14T13:44:06.332Z	StillImage	COORDINATE_ROUNDED;CONTINENT_DERIVED_FROM_COORDINATES;TAXON_MATCH_TAXON_ID_IGNORED
4952703083	50c9509d-22c7-4a22-a47d-8c48425ef4a7	https://www.inaturalist.org/observations/244406403	Fungi	Basidiomycota	Agaricomycetes	Agaricales	Strophariaceae	Pholiota	Pholiota squarrosa		SPECIES	Pholiota squarrosa (Vahl) P.Kumm.	Pholiota squarrosa		CA		Ontario	PRESENT		28eb1a3f-1c15-4a95-931a-4af90ecb574d	45.323	-75.861							2024-09-08T15:21:58	8	9	2024	2534205	2534205	HUMAN_OBSERVATION	iNaturalist	Observations	244406403		trailtime55	2024-09-28T00:31:53	CC_BY_NC_4_0	trailtime55	trailtime55			2025-01-14T13:43:18.485Z	StillImage	CONTINENT_DERIVED_FROM_COORDINATES;TAXON_MATCH_TAXON_ID_IGNORED
4950444068	50c9509d-22c7-4a22-a47d-8c48425ef4a7	https://www.inaturalist.org/observations/242756499	Fungi	Basidiomycota	Agaricomycetes	Agaricales	Strophariaceae	Pholiota	Pholiota squarrosa		SPECIES	Pholiota squarrosa (Vahl) P.Kumm.	Pholiota squarrosa		CA		Québec	PRESENT		28eb1a3f-1c15-4a95-931a-4af90ecb574d	46.25195	-76.05748	3.0						2024-09-19T17:51:05	19	9	2024	2534205	2534205	HUMAN_OBSERVATION	iNaturalist	Observations	242756499		Adam Gordon	2024-09-20T02:31:33	CC0_1_0	aleclee	aleclee			2025-01-14T13:40:20.563Z	StillImage	COORDINATE_ROUNDED;CONTINENT_DERIVED_FROM_COORDINATES;TAXON_MATCH_TAXON_ID_IGNORED
4950063489	50c9509d-22c7-4a22-a47d-8c48425ef4a7	https://www.inaturalist.org/observations/243699798	Fungi	Basidiomycota	Agaricomycetes	Agaricales	Strophariaceae	Pholiota	Pholiota squarrosa		SPECIES	Pholiota squarrosa (Vahl) P.Kumm.	Pholiota squarrosa		CA		Ontario	PRESENT		28eb1a3f-1c15-4a95-931a-4af90ecb574d	45.515629	-78.386523	1133.0						2020-09-11T11:36	11	9	2020	2534205	2534205	HUMAN_OBSERVATION	iNaturalist	Observations	243699798		PC Smith	2024-09-24T00:04:15	CC_BY_NC_4_0	PC Smith	PC Smith			2025-01-14T13:37:45.293Z	StillImage	COORDINATE_ROUNDED;CONTINENT_DERIVED_FROM_COORDINATES;TAXON_MATCH_TAXON_ID_IGNORED
4946709831	50c9509d-22c7-4a22-a47d-8c48425ef4a7	https://www.inaturalist.org/observations/242102360	Fungi	Basidiomycota	Agaricomycetes	Agaricales	Strophariaceae	Pholiota	Pholiota squarrosa		SPECIES	Pholiota squarrosa (Vahl) P.Kumm.	Pholiota squarrosa		CA		Ontario	PRESENT		28eb1a3f-1c15-4a95-931a-4af90ecb574d	45.32228	-75.814102	38.0						2024-09-16T10:45:51	16	9	2024	2534205	2534205	HUMAN_OBSERVATION	iNaturalist	Observations	242102360		janesly	2024-09-16T14:46:39	CC_BY_NC_4_0	janesly	janesly			2025-01-14T12:54:08.210Z	StillImage	COORDINATE_ROUNDED;CONTINENT_DERIVED_FROM_COORDINATES;TAXON_MATCH_TAXON_ID_IGNORED
4945535547	50c9509d-22c7-4a22-a47d-8c48425ef4a7	https://www.inaturalist.org/observations/239822565	Fungi	Basidiomycota	Agaricomycetes	Agaricales	Strophariaceae	Pholiota	Pholiota squarrosa		SPECIES	Pholiota squarrosa (Vahl) P.Kumm.	Pholiota squarrosa		CA		New Brunswick	PRESENT		28eb1a3f-1c15-4a95-931a-4af90ecb574d	47.621037	-65.677209	8.0						2024-09-04T14:09:52	4	9	2024	2534205	2534205	HUMAN_OBSERVATION	iNaturalist	Observations	239822565		Adam Gordon	2024-09-04T18:47:35	CC_BY_NC_4_0	roachiecanada	roachiecanada			2025-01-14T12:52:57.548Z	StillImage	COORDINATE_ROUNDED;CONTINENT_DERIVED_FROM_COORDINATES;TAXON_MATCH_TAXON_ID_IGNORED
4936657344	50c9509d-22c7-4a22-a47d-8c48425ef4a7	https://www.inaturalist.org/observations/239487284	Fungi	Basidiomycota	Agaricomycetes	Agaricales	Strophariaceae	Pholiota	Pholiota squarrosa		SPECIES	Pholiota squarrosa (Vahl) P.Kumm.	Pholiota squarrosa		CA		Ontario	PRESENT		28eb1a3f-1c15-4a95-931a-4af90ecb574d	45.317422	-75.852536							2024-09-02T16:14:53	2	9	2024	2534205	2534205	HUMAN_OBSERVATION	iNaturalist	Observations	239487284		its_ok	2024-09-02T21:31:31	CC_BY_NC_4_0	its_ok	its_ok			2025-01-14T13:43:05.262Z	StillImage	COORDINATE_ROUNDED;CONTINENT_DERIVED_FROM_COORDINATES;TAXON_MATCH_TAXON_ID_IGNORED
4901320952	50c9509d-22c7-4a22-a47d-8c48425ef4a7	https://www.inaturalist.org/observations/183677701	Fungi	Basidiomycota	Agaricomycetes	Agaricales	Strophariaceae	Pholiota	Pholiota squarrosa		SPECIES	Pholiota squarrosa (Vahl) P.Kumm.	Pholiota squarrosa		CA		New Brunswick	PRESENT		28eb1a3f-1c15-4a95-931a-4af90ecb574d	45.949842	-64.630548	175.0						2023-09-12T22:49	12	9	2023	2534205	2534205	HUMAN_OBSERVATION	iNaturalist	Observations	183677701		Raymonde G Chartier	2023-09-17T15:21:24	CC_BY_NC_4_0	Raymonde G Chartier	Raymonde G Chartier			2025-01-14T13:41:14.281Z	StillImage	COORDINATE_ROUNDED;CONTINENT_DERIVED_FROM_COORDINATES;TAXON_MATCH_TAXON_ID_IGNORED
4528200015	50c9509d-22c7-4a22-a47d-8c48425ef4a7	https://www.inaturalist.org/observations/180839126	Fungi	Basidiomycota	Agaricomycetes	Agaricales	Strophariaceae	Pholiota	Pholiota squarrosa		SPECIES	Pholiota squarrosa (Vahl) P.Kumm.	Pholiota squarrosa		CA		Ontario	PRESENT		28eb1a3f-1c15-4a95-931a-4af90ecb574d	45.546417	-78.402763	31.0						2023-08-28T14:37:24	28	8	2023	2534205	2534205	HUMAN_OBSERVATION	iNaturalist	Observations	180839126		phenry64	2023-08-29T22:39:29	CC_BY_NC_4_0	phenry64	phenry64			2025-01-14T12:41:35.624Z	StillImage	COORDINATE_ROUNDED;CONTINENT_DERIVED_FROM_COORDINATES;TAXON_MATCH_TAXON_ID_IGNORED
4528193959	50c9509d-22c7-4a22-a47d-8c48425ef4a7	https://www.inaturalist.org/observations/178293167	Fungi	Basidiomycota	Agaricomycetes	Agaricales	Strophariaceae	Pholiota	Pholiota squarrosa		SPECIES	Pholiota squarrosa (Vahl) P.Kumm.	Pholiota squarrosa		CA		Ontario	PRESENT		28eb1a3f-1c15-4a95-931a-4af90ecb574d	45.590094	-78.343245	130.0						2023-08-13T15:40:20	13	8	2023	2534205	2534205	HUMAN_OBSERVATION	iNaturalist	Observations	178293167		shawn is he	2023-08-14T01:13:55	CC_BY_NC_4_0	shawn is he	shawn is he			2025-01-14T13:32:06.323Z	StillImage	COORDINATE_ROUNDED;CONTINENT_DERIVED_FROM_COORDINATES;TAXON_MATCH_TAXON_ID_IGNORED
4528177004	50c9509d-22c7-4a22-a47d-8c48425ef4a7	https://www.inaturalist.org/observations/179969152	Fungi	Basidiomycota	Agaricomycetes	Agaricales	Strophariaceae	Pholiota	Pholiota squarrosa		SPECIES	Pholiota squarrosa (Vahl) P.Kumm.	Pholiota squarrosa		CA		Québec	PRESENT		28eb1a3f-1c15-4a95-931a-4af90ecb574d	46.838775	-79.192719							2023-08-24T09:58:01	24	8	2023	2534205	2534205	HUMAN_OBSERVATION	iNaturalist	Observations	179969152		Michel Saint-Germain	2023-08-24T13:58:49	CC_BY_NC_4_0	Michel Saint-Germain	Michel Saint-Germain			2025-01-14T12:39:37.396Z	StillImage	COORDINATE_ROUNDED;CONTINENT_DERIVED_FROM_COORDINATES;TAXON_MATCH_TAXON_ID_IGNORED
4528167697	50c9509d-22c7-4a22-a47d-8c48425ef4a7	https://www.inaturalist.org/observations/132029255	Fungi	Basidiomycota	Agaricomycetes	Agaricales	Strophariaceae	Pholiota	Pholiota squarrosa		SPECIES	Pholiota squarrosa (Vahl) P.Kumm.	Pholiota squarrosa		CA		Québec	PRESENT		28eb1a3f-1c15-4a95-931a-4af90ecb574d	45.714554	-70.675476	3745.0						2022-08-23T12:58:36	23	8	2022	2534205	2534205	HUMAN_OBSERVATION	iNaturalist	Observations	132029255		Danavan Rouillard	2022-08-23T16:58:49	CC_BY_NC_4_0	Danavan Rouillard	Danavan Rouillard			2025-01-14T13:16:36.871Z	StillImage	COORDINATE_ROUNDED;CONTINENT_DERIVED_FROM_COORDINATES;TAXON_MATCH_TAXON_ID_IGNORED
4528114055	50c9509d-22c7-4a22-a47d-8c48425ef4a7	https://www.inaturalist.org/observations/178250569	Fungi	Basidiomycota	Agaricomycetes	Agaricales	Strophariaceae	Pholiota	Pholiota squarrosa		SPECIES	Pholiota squarrosa (Vahl) P.Kumm.	Pholiota squarrosa		CA		Ontario	PRESENT		28eb1a3f-1c15-4a95-931a-4af90ecb574d	45.589417	-78.342575	20.0						2023-08-13T15:40:28	13	8	2023	2534205	2534205	HUMAN_OBSERVATION	iNaturalist	Observations	178250569		Henrique Pacheco	2023-08-13T20:32:27	CC_BY_4_0	Henrique Pacheco	Henrique Pacheco			2025-01-14T13:26:22.127Z	StillImage	COORDINATE_ROUNDED;CONTINENT_DERIVED_FROM_COORDINATES;TAXON_MATCH_TAXON_ID_IGNORED
4527922058	50c9509d-22c7-4a22-a47d-8c48425ef4a7	https://www.inaturalist.org/observations/183021301	Fungi	Basidiomycota	Agaricomycetes	Agaricales	Strophariaceae	Pholiota	Pholiota squarrosa		SPECIES	Pholiota squarrosa (Vahl) P.Kumm.	Pholiota squarrosa		CA		Québec	PRESENT		28eb1a3f-1c15-4a95-931a-4af90ecb574d	48.573558	-70.886292	4.0						2023-08-30T15:41:31	30	8	2023	2534205	2534205	HUMAN_OBSERVATION	iNaturalist	Observations	183021301		ricomycologie	2023-09-13T00:38:09	CC_BY_NC_4_0	ricomycologie	ricomycologie			2025-01-14T12:44:32.788Z	StillImage	COORDINATE_ROUNDED;CONTINENT_DERIVED_FROM_COORDINATES;TAXON_MATCH_TAXON_ID_IGNORED
4414118800	50c9509d-22c7-4a22-a47d-8c48425ef4a7	https://www.inaturalist.org/observations/182893337	Fungi	Basidiomycota	Agaricomycetes	Agaricales	Strophariaceae	Pholiota	Pholiota squarrosa		SPECIES	Pholiota squarrosa (Vahl) P.Kumm.	Pholiota squarrosa		CA		Ontario	PRESENT		28eb1a3f-1c15-4a95-931a-4af90ecb574d	45.454426	-75.549228	52.0						2023-09-10T15:41	10	9	2023	2534205	2534205	HUMAN_OBSERVATION	iNaturalist	Observations	182893337		jonathan_mack	2023-09-12T01:50:41	CC_BY_NC_4_0	jonathan_mack	jonathan_mack			2025-01-14T13:27:18.388Z	StillImage	COORDINATE_ROUNDED;CONTINENT_DERIVED_FROM_COORDINATES;TAXON_MATCH_TAXON_ID_IGNORED
4414042449	50c9509d-22c7-4a22-a47d-8c48425ef4a7	https://www.inaturalist.org/observations/182413954	Fungi	Basidiomycota	Agaricomycetes	Agaricales	Strophariaceae	Pholiota	Pholiota squarrosa		SPECIES	Pholiota squarrosa (Vahl) P.Kumm.	Pholiota squarrosa		CA		Québec	PRESENT		28eb1a3f-1c15-4a95-931a-4af90ecb574d	48.486103	-71.210517	4.0						2023-09-04T12:12:06	4	9	2023	2534205	2534205	HUMAN_OBSERVATION	iNaturalist	Observations	182413954		eric_wilmot	2023-09-09T03:29:45	CC_BY_NC_4_0	eric_wilmot	eric_wilmot			2025-01-14T13:32:29.124Z	StillImage	COORDINATE_ROUNDED;CONTINENT_DERIVED_FROM_COORDINATES;TAXON_MATCH_TAXON_ID_IGNORED
4413365042	50c9509d-22c7-4a22-a47d-8c48425ef4a7	https://www.inaturalist.org/observations/182418442	Fungi	Basidiomycota	Agaricomycetes	Agaricales	Strophariaceae	Pholiota	Pholiota squarrosa		SPECIES	Pholiota squarrosa (Vahl) P.Kumm.	Pholiota squarrosa		CA		Ontario	PRESENT		28eb1a3f-1c15-4a95-931a-4af90ecb574d	45.559783	-78.415092	4.0						2023-08-24T13:32:01	24	8	2023	2534205	2534205	HUMAN_OBSERVATION	iNaturalist	Observations	182418442		Alyssa Hull	2023-09-09T04:19:07	CC_BY_NC_4_0	Alyssa Hull	Alyssa Hull			2025-01-14T13:32:43.748Z	StillImage	COORDINATE_ROUNDED;CONTINENT_DERIVED_FROM_COORDINATES;TAXON_MATCH_TAXON_ID_IGNORED
4137718403	50c9509d-22c7-4a22-a47d-8c48425ef4a7	https://www.inaturalist.org/observations/115111704	Fungi	Basidiomycota	Agaricomycetes	Agaricales	Strophariaceae	Pholiota	Pholiota squarrosa		SPECIES	Pholiota squarrosa (Vahl) P.Kumm.	Pholiota squarrosa		CA		Québec	PRESENT		28eb1a3f-1c15-4a95-931a-4af90ecb574d	45.548022	-73.46473	14.0						2020-08-30T14:10:45	30	8	2020	2534205	2534205	HUMAN_OBSERVATION	iNaturalist	Observations	115111704		wiy_alxn	2022-05-03T13:38:39	CC_BY_NC_4_0	wiy_alxn	wiy_alxn			2025-01-14T13:12:40.629Z	StillImage	COORDINATE_ROUNDED;CONTINENT_DERIVED_FROM_COORDINATES;TAXON_MATCH_TAXON_ID_IGNORED
4133738429	50c9509d-22c7-4a22-a47d-8c48425ef4a7	https://www.inaturalist.org/observations/136158248	Fungi	Basidiomycota	Agaricomycetes	Agaricales	Strophariaceae	Pholiota	Pholiota squarrosa		SPECIES	Pholiota squarrosa (Vahl) P.Kumm.	Pholiota squarrosa		CA		Ontario	PRESENT		28eb1a3f-1c15-4a95-931a-4af90ecb574d	45.057353	-76.1167	5.0						2022-09-21T14:53:47	21	9	2022	2534205	2534205	HUMAN_OBSERVATION	iNaturalist	Observations	136158248		Windstone Farm	2022-09-23T14:38:19	CC_BY_NC_4_0	Windstone Farm	Windstone Farm			2025-01-14T12:33:59.634Z	StillImage	COORDINATE_ROUNDED;CONTINENT_DERIVED_FROM_COORDINATES;TAXON_MATCH_TAXON_ID_IGNORED
3961019580	50c9509d-22c7-4a22-a47d-8c48425ef4a7	https://www.inaturalist.org/observations/135648848	Fungi	Basidiomycota	Agaricomycetes	Agaricales	Strophariaceae	Pholiota	Pholiota squarrosa		SPECIES	Pholiota squarrosa (Vahl) P.Kumm.	Pholiota squarrosa		CA		Ontario	PRESENT		28eb1a3f-1c15-4a95-931a-4af90ecb574d	45.12202	-77.974153	32.0						2022-09-17T12:06:52	17	9	2022	2534205	2534205	HUMAN_OBSERVATION	iNaturalist	Observations	135648848		amkirb	2022-09-19T11:30:33	CC_BY_NC_4_0	amkirb	amkirb			2025-01-14T12:32:24.713Z	StillImage	COORDINATE_ROUNDED;CONTINENT_DERIVED_FROM_COORDINATES;TAXON_MATCH_TAXON_ID_IGNORED
3947693489	50c9509d-22c7-4a22-a47d-8c48425ef4a7	https://www.inaturalist.org/observations/97909017	Fungi	Basidiomycota	Agaricomycetes	Agaricales	Strophariaceae	Pholiota	Pholiota squarrosa		SPECIES	Pholiota squarrosa (Vahl) P.Kumm.	Pholiota squarrosa		CA		Ontario	PRESENT		28eb1a3f-1c15-4a95-931a-4af90ecb574d	46.191313	-79.305047	8.0						2021-08-29T11:32:08	29	8	2021	2534205	2534205	HUMAN_OBSERVATION	iNaturalist	Observations	97909017		jchiandet	2021-10-11T16:49:12	CC_BY_NC_4_0	jchiandet	jchiandet			2025-01-14T12:22:56.863Z	StillImage	COORDINATE_ROUNDED;CONTINENT_DERIVED_FROM_COORDINATES;TAXON_MATCH_TAXON_ID_IGNORED
3925426664	50c9509d-22c7-4a22-a47d-8c48425ef4a7	https://www.inaturalist.org/observations/136217147	Fungi	Basidiomycota	Agaricomycetes	Agaricales	Strophariaceae	Pholiota	Pholiota squarrosa		SPECIES	Pholiota squarrosa (Vahl) P.Kumm.	Pholiota squarrosa		CA		Québec	PRESENT		28eb1a3f-1c15-4a95-931a-4af90ecb574d	45.616666	-75.3	1517.0						2022-09-22T11:14:55	22	9	2022	2534205	2534205	HUMAN_OBSERVATION	iNaturalist	Observations	136217147		a-tara-xy	2022-09-23T23:27:10	CC_BY_NC_4_0	a-tara-xy	a-tara-xy			2025-01-14T13:21:37.025Z	StillImage	COORDINATE_ROUNDED;CONTINENT_DERIVED_FROM_COORDINATES;TAXON_MATCH_TAXON_ID_IGNORED
3915510364	50c9509d-22c7-4a22-a47d-8c48425ef4a7	https://www.inaturalist.org/observations/136026388	Fungi	Basidiomycota	Agaricomycetes	Agaricales	Strophariaceae	Pholiota	Pholiota squarrosa		SPECIES	Pholiota squarrosa (Vahl) P.Kumm.	Pholiota squarrosa		CA		New Brunswick	PRESENT		28eb1a3f-1c15-4a95-931a-4af90ecb574d	47.621037	-65.675445	40.0						2022-09-16T13:59:28	16	9	2022	2534205	2534205	HUMAN_OBSERVATION	iNaturalist	Observations	136026388		naxellearmande	2022-09-22T12:13:49	CC_BY_NC_4_0	naxellearmande	naxellearmande			2025-01-14T12:32:09.303Z	StillImage	COORDINATE_ROUNDED;CONTINENT_DERIVED_FROM_COORDINATES;TAXON_MATCH_TAXON_ID_IGNORED
3915486050	50c9509d-22c7-4a22-a47d-8c48425ef4a7	https://www.inaturalist.org/observations/136024754	Fungi	Basidiomycota	Agaricomycetes	Agaricales	Strophariaceae	Pholiota	Pholiota squarrosa		SPECIES	Pholiota squarrosa (Vahl) P.Kumm.	Pholiota squarrosa		CA		New Brunswick	PRESENT		28eb1a3f-1c15-4a95-931a-4af90ecb574d	47.621004	-65.679769	85.0						2022-09-22T08:46	22	9	2022	2534205	2534205	HUMAN_OBSERVATION	iNaturalist	Observations	136024754		idacoulib	2022-09-22T11:49:03	CC_BY_NC_4_0	idacoulib	idacoulib			2025-01-14T13:25:43.472Z	StillImage	COORDINATE_ROUNDED;CONTINENT_DERIVED_FROM_COORDINATES;TAXON_MATCH_TAXON_ID_IGNORED
3915324180	50c9509d-22c7-4a22-a47d-8c48425ef4a7	https://www.inaturalist.org/observations/136025555	Fungi	Basidiomycota	Agaricomycetes	Agaricales	Strophariaceae	Pholiota	Pholiota squarrosa		SPECIES	Pholiota squarrosa (Vahl) P.Kumm.	Pholiota squarrosa		CA		New Brunswick	PRESENT		28eb1a3f-1c15-4a95-931a-4af90ecb574d	47.621272	-65.673872	189.0						2022-09-16T13:59:45	16	9	2022	2534205	2534205	HUMAN_OBSERVATION	iNaturalist	Observations	136025555		priscadjandjio	2022-09-22T12:01:27	CC_BY_NC_4_0	priscadjandjio	priscadjandjio			2025-01-14T13:25:36.043Z	StillImage	COORDINATE_ROUNDED;CONTINENT_DERIVED_FROM_COORDINATES;TAXON_MATCH_TAXON_ID_IGNORED
3902604399	50c9509d-22c7-4a22-a47d-8c48425ef4a7	https://www.inaturalist.org/observations/131660703	Fungi	Basidiomycota	Agaricomycetes	Agaricales	Strophariaceae	Pholiota	Pholiota squarrosa		SPECIES	Pholiota squarrosa (Vahl) P.Kumm.	Pholiota squarrosa		CA		Ontario	PRESENT		28eb1a3f-1c15-4a95-931a-4af90ecb574d	45.325251	-75.802968	31.0						2022-08-20T18:45	20	8	2022	2534205	2534205	HUMAN_OBSERVATION	iNaturalist	Observations	131660703		Stewart Zeyl	2022-08-21T00:01:55	CC_BY_NC_4_0	Stewart Zeyl	Stewart Zeyl			2025-01-14T12:31:55.266Z	StillImage	COORDINATE_ROUNDED;CONTINENT_DERIVED_FROM_COORDINATES;TAXON_MATCH_TAXON_ID_IGNORED
3859363906	50c9509d-22c7-4a22-a47d-8c48425ef4a7	https://www.inaturalist.org/observations/102095849	Fungi	Basidiomycota	Agaricomycetes	Agaricales	Strophariaceae	Pholiota	Pholiota squarrosa		SPECIES	Pholiota squarrosa (Vahl) P.Kumm.	Pholiota squarrosa		CA		Ontario	PRESENT		28eb1a3f-1c15-4a95-931a-4af90ecb574d	45.528776	-78.706344	100.0						2016-09-23T15:05	23	9	2016	2534205	2534205	HUMAN_OBSERVATION	iNaturalist	Observations	102095849		Stephen Luk	2021-11-28T17:39:46	CC_BY_NC_4_0	Stephen Luk	Stephen Luk			2025-01-14T12:23:05.122Z	StillImage	COORDINATE_ROUNDED;CONTINENT_DERIVED_FROM_COORDINATES;TAXON_MATCH_TAXON_ID_IGNORED
3759132473	50c9509d-22c7-4a22-a47d-8c48425ef4a7	https://www.inaturalist.org/observations/57756847	Fungi	Basidiomycota	Agaricomycetes	Agaricales	Strophariaceae	Pholiota	Pholiota squarrosa		SPECIES	Pholiota squarrosa (Vahl) P.Kumm.	Pholiota squarrosa		CA		Ontario	PRESENT		28eb1a3f-1c15-4a95-931a-4af90ecb574d	45.576395	-78.407562	9.0						2020-08-27T14:17:09	27	8	2020	2534205	2534205	HUMAN_OBSERVATION	iNaturalist	Observations	57756847		cinna_latifolia	2022-03-29T17:03:50	CC_BY_NC_4_0	Jeffrey H. Skevington	Jeffrey H. Skevington			2025-01-14T13:08:28.914Z	StillImage	COORDINATE_ROUNDED;CONTINENT_DERIVED_FROM_COORDINATES;TAXON_MATCH_TAXON_ID_IGNORED
3398748874	50c9509d-22c7-4a22-a47d-8c48425ef4a7	https://www.inaturalist.org/observations/96262761	Fungi	Basidiomycota	Agaricomycetes	Agaricales	Strophariaceae	Pholiota	Pholiota squarrosa		SPECIES	Pholiota squarrosa (Vahl) P.Kumm.	Pholiota squarrosa		CA		Ontario	PRESENT		28eb1a3f-1c15-4a95-931a-4af90ecb574d	45.809406	-77.075417	2679.0						2021-09-26T14:37:13	26	9	2021	2534205	2534205	HUMAN_OBSERVATION	iNaturalist	Observations	96262761		dero001	2021-09-26T18:39:17	CC_BY_NC_4_0	dero001	dero001			2025-01-14T12:22:04.484Z	StillImage	COORDINATE_ROUNDED;CONTINENT_DERIVED_FROM_COORDINATES;TAXON_MATCH_TAXON_ID_IGNORED
3391515580	50c9509d-22c7-4a22-a47d-8c48425ef4a7	https://www.inaturalist.org/observations/97272565	Fungi	Basidiomycota	Agaricomycetes	Agaricales	Strophariaceae	Pholiota	Pholiota squarrosa		SPECIES	Pholiota squarrosa (Vahl) P.Kumm.	Pholiota squarrosa		CA		Québec	PRESENT		28eb1a3f-1c15-4a95-931a-4af90ecb574d	45.51189	-73.583313	6.0						2021-10-05T15:18:42	5	10	2021	2534205	2534205	HUMAN_OBSERVATION	iNaturalist	Observations	97272565		addison_hirschkorn	2021-10-12T22:32:44	CC_BY_NC_4_0	addison_hirschkorn	addison_hirschkorn			2025-01-14T13:14:56.860Z	StillImage	COORDINATE_ROUNDED;CONTINENT_DERIVED_FROM_COORDINATES;TAXON_MATCH_TAXON_ID_IGNORED
3391505608	50c9509d-22c7-4a22-a47d-8c48425ef4a7	https://www.inaturalist.org/observations/97471967	Fungi	Basidiomycota	Agaricomycetes	Agaricales	Strophariaceae	Pholiota	Pholiota squarrosa		SPECIES	Pholiota squarrosa (Vahl) P.Kumm.	Pholiota squarrosa		CA		Québec	PRESENT		28eb1a3f-1c15-4a95-931a-4af90ecb574d	45.512047	-73.583347	5.0						2021-10-07T14:56:25	7	10	2021	2534205	2534205	HUMAN_OBSERVATION	iNaturalist	Observations	97471967		lexifiler	2021-10-07T19:00:48	CC_BY_NC_4_0	lexifiler	lexifiler			2025-01-14T12:22:37.701Z	StillImage	COORDINATE_ROUNDED;CONTINENT_DERIVED_FROM_COORDINATES;TAXON_MATCH_TAXON_ID_IGNORED
3391358732	50c9509d-22c7-4a22-a47d-8c48425ef4a7	https://www.inaturalist.org/observations/97594351	Fungi	Basidiomycota	Agaricomycetes	Agaricales	Strophariaceae	Pholiota	Pholiota squarrosa		SPECIES	Pholiota squarrosa (Vahl) P.Kumm.	Pholiota squarrosa		CA		Québec	PRESENT		28eb1a3f-1c15-4a95-931a-4af90ecb574d	45.512305	-73.583038	55.0						2021-10-07T14:55:51	7	10	2021	2534205	2534205	HUMAN_OBSERVATION	iNaturalist	Observations	97594351		megantierney11	2021-10-08T23:04:01	CC_BY_NC_4_0	megantierney11	megantierney11			2025-01-14T13:15:39.186Z	StillImage	COORDINATE_ROUNDED;CONTINENT_DERIVED_FROM_COORDINATES;TAXON_MATCH_TAXON_ID_IGNORED
3384750466	50c9509d-22c7-4a22-a47d-8c48425ef4a7	https://www.inaturalist.org/observations/97337086	Fungi	Basidiomycota	Agaricomycetes	Agaricales	Strophariaceae	Pholiota	Pholiota squarrosa		SPECIES	Pholiota squarrosa (Vahl) P.Kumm.	Pholiota squarrosa		CA		Québec	PRESENT		28eb1a3f-1c15-4a95-931a-4af90ecb574d	45.511125	-73.5869	20.0						2021-10-05T15:45	5	10	2021	2534205	2534205	HUMAN_OBSERVATION	iNaturalist	Observations	97337086		Janmes Karunamurthy	2021-10-06T16:28:21	CC_BY_NC_4_0	karina_mr	karina_mr			2025-01-14T13:15:35.115Z	StillImage	COORDINATE_ROUNDED;CONTINENT_DERIVED_FROM_COORDINATES;TAXON_MATCH_TAXON_ID_IGNORED
3384652552	50c9509d-22c7-4a22-a47d-8c48425ef4a7	https://www.inaturalist.org/observations/59848889	Fungi	Basidiomycota	Agaricomycetes	Agaricales	Strophariaceae	Pholiota	Pholiota squarrosa		SPECIES	Pholiota squarrosa (Vahl) P.Kumm.	Pholiota squarrosa		CA		Ontario	PRESENT		28eb1a3f-1c15-4a95-931a-4af90ecb574d	45.404885	-75.574322							2020-09-15T16:19:04	15	9	2020	2534205	2534205	HUMAN_OBSERVATION	iNaturalist	Observations	59848889		Lindsay Boudreau	2020-09-17T03:54:24	CC_BY_NC_4_0	Lindsay Boudreau	Lindsay Boudreau			2025-01-14T13:10:15.393Z	StillImage	COORDINATE_ROUNDED;CONTINENT_DERIVED_FROM_COORDINATES;TAXON_MATCH_TAXON_ID_IGNORED
3384411128	50c9509d-22c7-4a22-a47d-8c48425ef4a7	https://www.inaturalist.org/observations/95068184	Fungi	Basidiomycota	Agaricomycetes	Agaricales	Strophariaceae	Pholiota	Pholiota squarrosa		SPECIES	Pholiota squarrosa (Vahl) P.Kumm.	Pholiota squarrosa		CA		Québec	PRESENT		28eb1a3f-1c15-4a95-931a-4af90ecb574d	45.049319	-73.419042	855.0						2021-09-16T15:25:54	16	9	2021	2534205	2534205	HUMAN_OBSERVATION	iNaturalist	Observations	95068184		cinna_latifolia	2021-10-06T19:53:27	CC_BY_NC_4_0	mc_joncas	mc_joncas			2025-01-14T13:10:32.657Z	StillImage	COORDINATE_ROUNDED;CONTINENT_DERIVED_FROM_COORDINATES;TAXON_MATCH_TAXON_ID_IGNORED
3330630372	50c9509d-22c7-4a22-a47d-8c48425ef4a7	https://www.inaturalist.org/observations/58451372	Fungi	Basidiomycota	Agaricomycetes	Agaricales	Strophariaceae	Pholiota	Pholiota squarrosa		SPECIES	Pholiota squarrosa (Vahl) P.Kumm.	Pholiota squarrosa		CA		Ontario	PRESENT		28eb1a3f-1c15-4a95-931a-4af90ecb574d	46.067575	-78.481359	1013.0						2020-08-31T15:09	31	8	2020	2534205	2534205	HUMAN_OBSERVATION	iNaturalist	Observations	58451372		Michael John Oldham	2020-09-03T21:07:46	CC_BY_NC_4_0	Michael John Oldham	Michael John Oldham			2025-01-14T12:15:21.402Z	StillImage	COORDINATE_ROUNDED;CONTINENT_DERIVED_FROM_COORDINATES;TAXON_MATCH_TAXON_ID_IGNORED
3320889383	50c9509d-22c7-4a22-a47d-8c48425ef4a7	https://www.inaturalist.org/observations/59324731	Fungi	Basidiomycota	Agaricomycetes	Agaricales	Strophariaceae	Pholiota	Pholiota squarrosa		SPECIES	Pholiota squarrosa (Vahl) P.Kumm.	Pholiota squarrosa		CA		Ontario	PRESENT		28eb1a3f-1c15-4a95-931a-4af90ecb574d	45.814564	-77.540389	61.0						2020-09-02T12:53	2	9	2020	2534205	2534205	HUMAN_OBSERVATION	iNaturalist	Observations	59324731		oleq	2020-09-12T15:20:37	CC_BY_NC_4_0	oleq	oleq			2025-01-14T12:14:40.823Z	StillImage	COORDINATE_ROUNDED;CONTINENT_DERIVED_FROM_COORDINATES;TAXON_MATCH_TAXON_ID_IGNORED
3320865399	50c9509d-22c7-4a22-a47d-8c48425ef4a7	https://www.inaturalist.org/observations/60203690	Fungi	Basidiomycota	Agaricomycetes	Agaricales	Strophariaceae	Pholiota	Pholiota squarrosa		SPECIES	Pholiota squarrosa (Vahl) P.Kumm.	Pholiota squarrosa		CA		Québec	PRESENT		28eb1a3f-1c15-4a95-931a-4af90ecb574d	45.44037	-75.753958	16.0						2020-09-15T11:50:41	15	9	2020	2534205	2534205	HUMAN_OBSERVATION	iNaturalist	Observations	60203690		bobtyler	2020-09-20T16:27:20	CC_BY_NC_4_0	bobtyler	bobtyler			2025-01-14T12:14:41.929Z	StillImage	COORDINATE_ROUNDED;CONTINENT_DERIVED_FROM_COORDINATES;TAXON_MATCH_TAXON_ID_IGNORED
2999140481	50c9509d-22c7-4a22-a47d-8c48425ef4a7	https://www.inaturalist.org/observations/58959989	Fungi	Basidiomycota	Agaricomycetes	Agaricales	Strophariaceae	Pholiota	Pholiota squarrosa		SPECIES	Pholiota squarrosa (Vahl) P.Kumm.	Pholiota squarrosa		CA		Ontario	PRESENT		28eb1a3f-1c15-4a95-931a-4af90ecb574d	45.512606	-74.670669							2020-09-07T17:02:30	7	9	2020	2534205	2534205	HUMAN_OBSERVATION	iNaturalist	Observations	58959989		lbeauchesne	2020-09-08T16:14:27	CC_BY_NC_4_0	lbeauchesne	lbeauchesne			2025-01-14T13:09:27.136Z	StillImage	COORDINATE_ROUNDED;CONTINENT_DERIVED_FROM_COORDINATES;TAXON_MATCH_TAXON_ID_IGNORED
2868233415	50c9509d-22c7-4a22-a47d-8c48425ef4a7	https://www.inaturalist.org/observations/60393716	Fungi	Basidiomycota	Agaricomycetes	Agaricales	Strophariaceae	Pholiota	Pholiota squarrosa		SPECIES	Pholiota squarrosa (Vahl) P.Kumm.	Pholiota squarrosa		CA		Ontario	PRESENT		28eb1a3f-1c15-4a95-931a-4af90ecb574d	45.336088	-75.969857	61.0						2020-09-20T11:37	20	9	2020	2534205	2534205	HUMAN_OBSERVATION	iNaturalist	Observations	60393716		Serguei Ponomarenko	2020-09-22T04:47:47	CC_BY_NC_4_0	Serguei Ponomarenko	Serguei Ponomarenko			2025-01-14T13:09:53.610Z	StillImage	COORDINATE_ROUNDED;CONTINENT_DERIVED_FROM_COORDINATES;TAXON_MATCH_TAXON_ID_IGNORED
2862378655	50c9509d-22c7-4a22-a47d-8c48425ef4a7	https://www.inaturalist.org/observations/58545059	Fungi	Basidiomycota	Agaricomycetes	Agaricales	Strophariaceae	Pholiota	Pholiota squarrosa		SPECIES	Pholiota squarrosa (Vahl) P.Kumm.	Pholiota squarrosa		CA		Ontario	PRESENT		28eb1a3f-1c15-4a95-931a-4af90ecb574d	45.4336	-76.322853	6.0						2020-09-04T13:57:08	4	9	2020	2534205	2534205	HUMAN_OBSERVATION	iNaturalist	Observations	58545059		Keith Seifert	2020-09-04T21:21:28	CC0_1_0	Keith Seifert	Keith Seifert			2025-01-14T13:10:07.444Z	StillImage	COORDINATE_ROUNDED;CONTINENT_DERIVED_FROM_COORDINATES;TAXON_MATCH_TAXON_ID_IGNORED
2860188292	50c9509d-22c7-4a22-a47d-8c48425ef4a7	https://www.inaturalist.org/observations/58329482	Fungi	Basidiomycota	Agaricomycetes	Agaricales	Strophariaceae	Pholiota	Pholiota squarrosa		SPECIES	Pholiota squarrosa (Vahl) P.Kumm.	Pholiota squarrosa		CA		Ontario	PRESENT		28eb1a3f-1c15-4a95-931a-4af90ecb574d	46.068114	-78.46273	32.0						2020-08-31T15:03:50	31	8	2020	2534205	2534205	HUMAN_OBSERVATION	iNaturalist	Observations	58329482		Mireille Delisle-Oldham	2020-09-02T13:50:47	CC_BY_NC_4_0	Mireille Delisle-Oldham	Mireille Delisle-Oldham			2025-01-14T13:09:54.502Z	StillImage	COORDINATE_ROUNDED;CONTINENT_DERIVED_FROM_COORDINATES;TAXON_MATCH_TAXON_ID_IGNORED
2859965779	50c9509d-22c7-4a22-a47d-8c48425ef4a7	https://www.inaturalist.org/observations/57940190	Fungi	Basidiomycota	Agaricomycetes	Agaricales	Strophariaceae	Pholiota	Pholiota squarrosa		SPECIES	Pholiota squarrosa (Vahl) P.Kumm.	Pholiota squarrosa		CA		Ontario	PRESENT		28eb1a3f-1c15-4a95-931a-4af90ecb574d	45.037614	-76.825684	107.0						2020-08-29T11:46:13	29	8	2020	2534205	2534205	HUMAN_OBSERVATION	iNaturalist	Observations	57940190		Keith Seifert	2020-08-30T12:39:49	CC_BY_NC_4_0	Steven D Thorsell	Steven D Thorsell			2025-01-14T13:05:52.245Z	StillImage	COORDINATE_ROUNDED;CONTINENT_DERIVED_FROM_COORDINATES;TAXON_MATCH_TAXON_ID_IGNORED
2851007322	50c9509d-22c7-4a22-a47d-8c48425ef4a7	https://www.inaturalist.org/observations/8136321	Fungi	Basidiomycota	Agaricomycetes	Agaricales	Strophariaceae	Pholiota	Pholiota squarrosa		SPECIES	Pholiota squarrosa (Vahl) P.Kumm.	Pholiota squarrosa		CA		Ontario	PRESENT		28eb1a3f-1c15-4a95-931a-4af90ecb574d	45.591142	-78.547494	1953.0						2017-09-22T10:19	22	9	2017	2534205	2534205	HUMAN_OBSERVATION	iNaturalist	Observations	8136321		Garrett Taylor	2017-09-27T13:29:42	CC0_1_0	Garrett Taylor	Garrett Taylor			2025-01-14T12:03:57.785Z	StillImage	COORDINATE_ROUNDED;CONTINENT_DERIVED_FROM_COORDINATES;TAXON_MATCH_TAXON_ID_IGNORED
2429287300	50c9509d-22c7-4a22-a47d-8c48425ef4a7	https://www.inaturalist.org/observations/33549558	Fungi	Basidiomycota	Agaricomycetes	Agaricales	Strophariaceae	Pholiota	Pholiota squarrosa		SPECIES	Pholiota squarrosa (Vahl) P.Kumm.	Pholiota squarrosa		CA		Québec	PRESENT		28eb1a3f-1c15-4a95-931a-4af90ecb574d	45.548808	-73.33262	132.0						2019-09-21T10:56:17	21	9	2019	2534205	2534205	HUMAN_OBSERVATION	iNaturalist	Observations	33549558		andrewbtmn	2019-09-28T20:03:29	CC_BY_NC_4_0	andrewbtmn	andrewbtmn			2025-01-14T12:09:25.287Z	StillImage	COORDINATE_ROUNDED;CONTINENT_DERIVED_FROM_COORDINATES;TAXON_MATCH_TAXON_ID_IGNORED
2423611584	21705170-d2b6-42de-8904-c3bca4b83591	CMMF018703	Fungi	Basidiomycota	Agaricomycetes	Agaricales	Strophariaceae	Pholiota	Pholiota squarrosa		SPECIES	Pholiota squarrosa (Vahl) P.Kumm.	Pholiota squarrosa (Vahl) P. Kumm.	(Vahl) P. Kumm.	CA	Station de biologie des Laurentides, Université de Montréal	Québec	PRESENT		ff7bd5db-b724-4932-b496-10ea298851f9	45.988108	-74.005679	25000.0						1985-08-08	8	8	1985	2534205	2534205	PRESERVED_SPECIMEN	Université de Montréal Biodiversity Centre	CMMF	CMMF018703	s.n.	Nantel, Patrick		CC0_1_0	Université de Montréal Biodiversity Centre	Nantel, Patrick			2024-01-24T16:38:18.551Z		INSTITUTION_MATCH_FUZZY;COLLECTION_MATCH_FUZZY;DIFFERENT_OWNER_INSTITUTION
2423610837	21705170-d2b6-42de-8904-c3bca4b83591	CMMF018656	Fungi	Basidiomycota	Agaricomycetes	Agaricales	Strophariaceae	Pholiota	Pholiota squarrosa		SPECIES	Pholiota squarrosa (Vahl) P.Kumm.	Pholiota squarrosa (Vahl) P. Kumm.	(Vahl) P. Kumm.	CA	Lac Mélèze	Québec	PRESENT		ff7bd5db-b724-4932-b496-10ea298851f9	45.9933	-73.975227	250.0						1978-08-24	24	8	1978	2534205	2534205	PRESERVED_SPECIMEN	Université de Montréal Biodiversity Centre	CMMF	CMMF018656	s.n.	Nantel, Patrick		CC0_1_0	Université de Montréal Biodiversity Centre	Nantel, Patrick			2024-01-24T16:38:18.457Z		INSTITUTION_MATCH_FUZZY;COLLECTION_MATCH_FUZZY;DIFFERENT_OWNER_INSTITUTION
1990303001	032f1fbe-d21f-407d-be46-5cd1bb1ea397	b594a058-03e3-43aa-abdb-04f2cb43bf30	Fungi	Basidiomycota	Agaricomycetes	Agaricales	Strophariaceae	Pholiota	Pholiota squarrosa		SPECIES	Pholiota squarrosa (Vahl) P.Kumm.	Pholiota squarrosa	(Vahl) P. Kumm.	CA	Kentville	Nova Scotia	PRESENT		61c539d8-47e0-4b82-875f-b95aad66dcd4	45.080556	-64.494444							1961-06-02	2	6	1961	2534205	2534205	PRESERVED_SPECIMEN	TENN-F		TENN-F-029750	RHP29750			CC0_1_0		K.A. Harrison			2025-01-12T10:33:43.642Z		COORDINATE_ROUNDED;GEODETIC_DATUM_ASSUMED_WGS84;CONTINENT_DERIVED_FROM_COORDINATES;TAXON_MATCH_TAXON_ID_IGNORED;INSTITUTION_MATCH_NONE
1920793785	50c9509d-22c7-4a22-a47d-8c48425ef4a7	https://www.inaturalist.org/observations/16984735	Fungi	Basidiomycota	Agaricomycetes	Agaricales	Strophariaceae	Pholiota	Pholiota squarrosa		SPECIES	Pholiota squarrosa (Vahl) P.Kumm.	Pholiota squarrosa		CA		Ontario	PRESENT		28eb1a3f-1c15-4a95-931a-4af90ecb574d	45.5686	-78.547327	349.0						2018-09-27T22:35:08	27	9	2018	2534205	2534205	HUMAN_OBSERVATION	iNaturalist	Observations	16984735		Garrett Taylor	2018-09-29T12:51:32	CC0_1_0	Garrett Taylor	Garrett Taylor			2025-01-14T13:06:07.735Z	StillImage	COORDINATE_ROUNDED;CONTINENT_DERIVED_FROM_COORDINATES;TAXON_MATCH_TAXON_ID_IGNORED
1807262018	e8a25a42-f125-476c-8554-3ec21cd51a84	ACAD:118805	Fungi	Basidiomycota	Agaricomycetes	Agaricales	Strophariaceae	Pholiota	Pholiota squarrosa		SPECIES	Pholiota squarrosa (Vahl) P.Kumm.	Pholiota squarrosa (Vahl) P. Kumm.	(Vahl) P. Kumm.	CA	Kentville	Nova Scotia	PRESENT		6491ad8c-8e49-4bd4-a089-0ddb3bbe0890	45.06019	-64.553339							1959-09-11	11	9	1959	2534205	2534205	PRESERVED_SPECIMEN	Acadia University	ACAD	7507F	7507			CC0_1_0	Acadia University	H, KA; Party, Congress			2024-01-25T01:37:12.952Z	StillImage	GEODETIC_DATUM_INVALID;GEODETIC_DATUM_ASSUMED_WGS84;TAXON_MATCH_TAXON_ID_IGNORED;INSTITUTION_MATCH_FUZZY;COLLECTION_MATCH_FUZZY
1807260405	e8a25a42-f125-476c-8554-3ec21cd51a84	ACAD:117031	Fungi	Basidiomycota	Agaricomycetes	Agaricales	Strophariaceae	Pholiota	Pholiota squarrosa		SPECIES	Pholiota squarrosa (Vahl) P.Kumm.	Pholiota squarrosa (Vahl) P. Kumm.	(Vahl) P. Kumm.	CA	Fredericton	New Brunswick	PRESENT		6491ad8c-8e49-4bd4-a089-0ddb3bbe0890	45.945278	-66.666667							1965-09-19	19	9	1965	2534205	2534205	PRESERVED_SPECIMEN	Acadia University	ACAD	5291F	5291			CC0_1_0	Acadia University	Curtis			2024-01-25T01:37:12.509Z	StillImage	COORDINATE_ROUNDED;GEODETIC_DATUM_INVALID;GEODETIC_DATUM_ASSUMED_WGS84;TAXON_MATCH_TAXON_ID_IGNORED;INSTITUTION_MATCH_FUZZY;COLLECTION_MATCH_FUZZY
1807256477	e8a25a42-f125-476c-8554-3ec21cd51a84	ACAD:112929	Fungi	Basidiomycota	Agaricomycetes	Agaricales	Strophariaceae	Pholiota	Pholiota squarrosa		SPECIES	Pholiota squarrosa (Vahl) P.Kumm.	Pholiota squarrosa (Vahl) P. Kumm.	(Vahl) P. Kumm.	CA	(Kentville)	Nova Scotia	PRESENT		6491ad8c-8e49-4bd4-a089-0ddb3bbe0890	45.07662	-64.49592							1931-09-23	23	9	1931	2534205	2534205	PRESERVED_SPECIMEN	Acadia University	ACAD	438F	438			CC0_1_0	Acadia University	H, KA			2024-01-25T01:37:11.635Z	StillImage	GEODETIC_DATUM_INVALID;GEODETIC_DATUM_ASSUMED_WGS84;TAXON_MATCH_TAXON_ID_IGNORED;INSTITUTION_MATCH_FUZZY;COLLECTION_MATCH_FUZZY
1412706589	21705170-d2b6-42de-8904-c3bca4b83591	CMMF015122	Fungi	Basidiomycota	Agaricomycetes	Agaricales	Strophariaceae	Pholiota	Pholiota squarrosa		SPECIES	Pholiota squarrosa (Vahl) P.Kumm.	Pholiota squarrosa (Vahl) P. Kumm.	(Vahl) P. Kumm.	CA	Saint-Ubalde, Québec.	Québec	PRESENT		ff7bd5db-b724-4932-b496-10ea298851f9	46.799305	-72.267036	10000.0						1997-08-31	31	8	1997	2534205	2534205	PRESERVED_SPECIMEN	Université de Montréal Biodiversity Centre	CMMF	CMMF015122	2102	Guérin, Gérard		CC0_1_0	Université de Montréal Biodiversity Centre	unknown			2024-01-24T16:38:16.729Z	StillImage	INSTITUTION_MATCH_FUZZY;COLLECTION_MATCH_FUZZY;DIFFERENT_OWNER_INSTITUTION
1412705727	21705170-d2b6-42de-8904-c3bca4b83591	CMMF014198	Fungi	Basidiomycota	Agaricomycetes	Agaricales	Strophariaceae	Pholiota	Pholiota squarrosa		SPECIES	Pholiota squarrosa (Vahl) P.Kumm.	Pholiota squarrosa (Vahl) P. Kumm.	(Vahl) P. Kumm.	CA	Chicoutimi, Québec.	Québec	PRESENT		ff7bd5db-b724-4932-b496-10ea298851f9	48.368277	-71.119642	15000.0						1983-09-27	27	9	1983	2534205	2534205	PRESERVED_SPECIMEN	Université de Montréal Biodiversity Centre	CMMF	CMMF014198	NA	Guérin, Gérard		CC0_1_0	Université de Montréal Biodiversity Centre	Guérin, Gérard			2024-01-24T16:38:19.400Z		INSTITUTION_MATCH_FUZZY;COLLECTION_MATCH_FUZZY;DIFFERENT_OWNER_INSTITUTION
1412705708	21705170-d2b6-42de-8904-c3bca4b83591	CMMF014200	Fungi	Basidiomycota	Agaricomycetes	Agaricales	Strophariaceae	Pholiota	Pholiota squarrosa		SPECIES	Pholiota squarrosa (Vahl) P.Kumm.	Pholiota squarrosa (Vahl) P. Kumm.	(Vahl) P. Kumm.	CA	Petit-Saguenay, Québec.	Québec	PRESENT		ff7bd5db-b724-4932-b496-10ea298851f9	48.211445	-70.071049	3500.0						1994-09-24	24	9	1994	2534205	2534205	PRESERVED_SPECIMEN	Université de Montréal Biodiversity Centre	CMMF	CMMF014200	2101	Guérin, Gérard		CC0_1_0	Université de Montréal Biodiversity Centre	Guérin, Gérard			2024-01-24T16:38:19.353Z	StillImage	INSTITUTION_MATCH_FUZZY;COLLECTION_MATCH_FUZZY;DIFFERENT_OWNER_INSTITUTION
1412705682	21705170-d2b6-42de-8904-c3bca4b83591	CMMF014199	Fungi	Basidiomycota	Agaricomycetes	Agaricales	Strophariaceae	Pholiota	Pholiota squarrosa		SPECIES	Pholiota squarrosa (Vahl) P.Kumm.	Pholiota squarrosa (Vahl) P. Kumm.	(Vahl) P. Kumm.	CA	Falardeau, Québec.	Québec	PRESENT		ff7bd5db-b724-4932-b496-10ea298851f9	48.618673	-71.111283	8000.0						1985-09-15	15	9	1985	2534205	2534205	PRESERVED_SPECIMEN	Université de Montréal Biodiversity Centre	CMMF	CMMF014199	2100	Guérin, Gérard		CC0_1_0	Université de Montréal Biodiversity Centre	Guérin, Gérard			2024-01-24T16:38:19.400Z	StillImage	INSTITUTION_MATCH_FUZZY;COLLECTION_MATCH_FUZZY;DIFFERENT_OWNER_INSTITUTION
1412703240	21705170-d2b6-42de-8904-c3bca4b83591	CMMF011702	Fungi	Basidiomycota	Agaricomycetes	Agaricales	Strophariaceae	Pholiota	Pholiota squarrosa		SPECIES	Pholiota squarrosa (Vahl) P.Kumm.	Pholiota squarrosa (Vahl) P. Kumm.	(Vahl) P. Kumm.	CA	Sainte-Anne de la Pocatière, Kamouraska, Québec.	Québec	PRESENT		ff7bd5db-b724-4932-b496-10ea298851f9	47.366667	-70.033333	8000.0						1945-08-01/1945-08-31		8	1945	2534205	2534205	PRESERVED_SPECIMEN	Université de Montréal Biodiversity Centre	CMMF	CMMF011702	NA	Cloutier, Robert		CC0_1_0	Université de Montréal Biodiversity Centre	Beaugé, Lucien; Cloutier, Robert; Campagna, Elzéar			2024-01-24T16:38:18.266Z		INSTITUTION_MATCH_FUZZY;COLLECTION_MATCH_FUZZY;DIFFERENT_OWNER_INSTITUTION
1135070402	21705170-d2b6-42de-8904-c3bca4b83591	CMMF008998	Fungi	Basidiomycota	Agaricomycetes	Agaricales	Strophariaceae	Pholiota	Pholiota squarrosa		SPECIES	Pholiota squarrosa (Vahl) P.Kumm.	Pholiota squarrosa (Vahl) P. Kumm.	(Vahl) P. Kumm.	CA	Érablière Lac-Beauport, Lac-Beauport.	Québec	PRESENT		ff7bd5db-b724-4932-b496-10ea298851f9	46.953091	-71.275238	5000.0						2006-08-19	19	8	2006	2534205	2534205	PRESERVED_SPECIMEN	Université de Montréal Biodiversity Centre	CMMF	CMMF008998	581	Labbé, Roland		CC0_1_0	Université de Montréal Biodiversity Centre	Labrecque, Jacqueline			2024-01-24T16:38:18.969Z		INSTITUTION_MATCH_FUZZY;COLLECTION_MATCH_FUZZY;DIFFERENT_OWNER_INSTITUTION
1135069812	21705170-d2b6-42de-8904-c3bca4b83591	CMMF008371	Fungi	Basidiomycota	Agaricomycetes	Agaricales	Strophariaceae	Pholiota	Pholiota squarrosa		SPECIES	Pholiota squarrosa (Vahl) P.Kumm.	Pholiota squarrosa (Vahl) P. Kumm.	(Vahl) P. Kumm.	CA	Sainte-Anne-des-Monts	Québec	PRESENT		ff7bd5db-b724-4932-b496-10ea298851f9	49.120733	-66.497483	100.0						2005-09-15	15	9	2005	2534205	2534205	PRESERVED_SPECIMEN	Université de Montréal Biodiversity Centre	CMMF	CMMF008371	C2510	McNeil, Raymond		CC0_1_0	Université de Montréal Biodiversity Centre	McNeil, Raymond			2024-01-24T16:38:17.763Z	StillImage	COORDINATE_ROUNDED;INSTITUTION_MATCH_FUZZY;COLLECTION_MATCH_FUZZY;DIFFERENT_OWNER_INSTITUTION
1135066609	21705170-d2b6-42de-8904-c3bca4b83591	CMMF010029	Fungi	Basidiomycota	Agaricomycetes	Agaricales	Strophariaceae	Pholiota	Pholiota squarrosa		SPECIES	Pholiota squarrosa (Vahl) P.Kumm.	Pholiota squarrosa (Vahl) P. Kumm.	(Vahl) P. Kumm.	CA	Parc des Moulins, Québec.	Québec	PRESENT		ff7bd5db-b724-4932-b496-10ea298851f9	46.887678	-71.301288	600.0						2007-09-18	18	9	2007	2534205	2534205	PRESERVED_SPECIMEN	Université de Montréal Biodiversity Centre	CMMF	CMMF010029	1614	Labrecque, Jacqueline		CC0_1_0	Université de Montréal Biodiversity Centre	Labrecque, Jacqueline			2024-01-24T16:38:20.169Z		INSTITUTION_MATCH_FUZZY;COLLECTION_MATCH_FUZZY;DIFFERENT_OWNER_INSTITUTION
