gbifID	datasetKey	occurrenceID	kingdom	phylum	class	order	family	genus	species	infraspecificEpithet	taxonRank	scientificName	verbatimScientificName	verbatimScientificNameAuthorship	countryCode	locality	stateProvince	occurrenceStatus	individualCount	publishingOrgKey	decimalLatitude	decimalLongitude	coordinateUncertaintyInMeters	coordinatePrecision	elevation	elevationAccuracy	depth	depthAccuracy	eventDate	day	month	year	taxonKey	speciesKey	basisOfRecord	institutionCode	collectionCode	catalogNumber	recordNumber	identifiedBy	dateIdentified	license	rightsHolder	recordedBy	typeStatus	establishmentMeans	lastInterpreted	mediaType	issue
617553724	21705170-d2b6-42de-8904-c3bca4b83591	CMMF000373	Fungi	Basidiomycota	Agaricomycetes	Agaricales	Tricholomataceae	Melanoleuca	Melanoleuca davisiae		SPECIES	Tricholoma davisiae Peck	Tricholoma davisiae Peck	Peck	CA	Lachute	Québec	PRESENT		ff7bd5db-b724-4932-b496-10ea298851f9	45.664878	-74.292134	8500.0						1988-09-21	21	9	1988	5450943	5451437	PRESERVED_SPECIMEN	Université de Montréal Biodiversity Centre	CMMF	CMMF000373		Lamoureux, Yves		CC0_1_0	Université de Montréal Biodiversity Centre	Lamoureux, Yves			2024-01-24T16:38:20.812Z	StillImage	INSTITUTION_MATCH_FUZZY;COLLECTION_MATCH_FUZZY;DIFFERENT_OWNER_INSTITUTION
617550019	21705170-d2b6-42de-8904-c3bca4b83591	CMMF002092	Fungi	Basidiomycota	Agaricomycetes	Agaricales	Tricholomataceae	Melanoleuca	Melanoleuca davisiae		SPECIES	Tricholoma davisiae Peck	Tricholoma davisiae Peck	Peck	CA	Lachute	Québec	PRESENT		ff7bd5db-b724-4932-b496-10ea298851f9	45.664878	-74.292134	8500.0						1993-09-29	29	9	1993	5450943	5451437	PRESERVED_SPECIMEN	Université de Montréal Biodiversity Centre	CMMF	CMMF002092		Lamoureux, Yves		CC0_1_0	Université de Montréal Biodiversity Centre	Lamoureux, Yves			2024-01-24T16:38:19.959Z	StillImage	INSTITUTION_MATCH_FUZZY;COLLECTION_MATCH_FUZZY;DIFFERENT_OWNER_INSTITUTION
617548751	21705170-d2b6-42de-8904-c3bca4b83591	CMMF001542	Fungi	Basidiomycota	Agaricomycetes	Agaricales	Tricholomataceae	Melanoleuca	Melanoleuca davisiae		SPECIES	Tricholoma davisiae Peck	Tricholoma davisiae Peck	Peck	CA	Lachute	Québec	PRESENT		ff7bd5db-b724-4932-b496-10ea298851f9	45.664878	-74.292134	8500.0						1991-10-05	5	10	1991	5450943	5451437	PRESERVED_SPECIMEN	Université de Montréal Biodiversity Centre	CMMF	CMMF001542		Lamoureux, Yves		CC0_1_0	Université de Montréal Biodiversity Centre	Lamoureux, Yves			2024-01-24T16:38:17.635Z	StillImage	INSTITUTION_MATCH_FUZZY;COLLECTION_MATCH_FUZZY;DIFFERENT_OWNER_INSTITUTION
617548644	21705170-d2b6-42de-8904-c3bca4b83591	CMMF001496	Fungi	Basidiomycota	Agaricomycetes	Agaricales	Tricholomataceae	Melanoleuca	Melanoleuca davisiae		SPECIES	Tricholoma davisiae Peck	Tricholoma davisiae Peck	Peck	CA	Lachute	Québec	PRESENT		ff7bd5db-b724-4932-b496-10ea298851f9	45.664878	-74.292134	8500.0						1991-09-13	13	9	1991	5450943	5451437	PRESERVED_SPECIMEN	Université de Montréal Biodiversity Centre	CMMF	CMMF001496		Lamoureux, Yves		CC0_1_0	Université de Montréal Biodiversity Centre	Jesina, Milos			2024-01-24T16:38:17.616Z	StillImage	INSTITUTION_MATCH_FUZZY;COLLECTION_MATCH_FUZZY;DIFFERENT_OWNER_INSTITUTION
4949990609	50c9509d-22c7-4a22-a47d-8c48425ef4a7	https://www.inaturalist.org/observations/242758193	Fungi	Basidiomycota	Agaricomycetes	Agaricales	Tricholomataceae	Melanoleuca	Melanoleuca davisiae		SPECIES	Tricholoma davisiae Peck	Tricholoma davisiae		CA		Québec	PRESENT		28eb1a3f-1c15-4a95-931a-4af90ecb574d	45.663013	-74.244387	4.0						2024-09-19T18:04:22	19	9	2024	5450943	5451437	HUMAN_OBSERVATION	iNaturalist	Observations	242758193		Mical	2024-09-20T23:42:44	CC_BY_4_0	Mical	Mical			2025-01-14T12:53:39.456Z	StillImage	COORDINATE_ROUNDED;CONTINENT_DERIVED_FROM_COORDINATES;TAXON_MATCH_TAXON_ID_IGNORED
4855225989	50c9509d-22c7-4a22-a47d-8c48425ef4a7	https://www.inaturalist.org/observations/58901025	Fungi	Basidiomycota	Agaricomycetes	Agaricales	Tricholomataceae	Melanoleuca	Melanoleuca davisiae		SPECIES	Tricholoma davisiae Peck	Tricholoma davisiae		CA		Ontario	PRESENT		28eb1a3f-1c15-4a95-931a-4af90ecb574d	45.571895	-78.502097	4.0						2020-09-07T16:01:37	7	9	2020	5450943	5451437	HUMAN_OBSERVATION	iNaturalist	Observations	58901025		cinna_latifolia	2021-07-16T03:45:35	CC_BY_NC_4_0	Jeffrey H. Skevington	Jeffrey H. Skevington			2025-01-14T12:15:45.256Z	StillImage	COORDINATE_ROUNDED;CONTINENT_DERIVED_FROM_COORDINATES;TAXON_MATCH_TAXON_ID_IGNORED
4852895195	50c9509d-22c7-4a22-a47d-8c48425ef4a7	https://www.inaturalist.org/observations/187497093	Fungi	Basidiomycota	Agaricomycetes	Agaricales	Tricholomataceae	Melanoleuca	Melanoleuca davisiae		SPECIES	Tricholoma davisiae Peck	Tricholoma davisiae		CA		Québec	PRESENT		28eb1a3f-1c15-4a95-931a-4af90ecb574d	45.662978	-74.2473	27.0						2023-10-14T10:03:53	14	10	2023	5450943	5451437	HUMAN_OBSERVATION	iNaturalist	Observations	187497093		l_bienvenue	2023-10-15T10:31:18	CC_BY_NC_4_0	l_bienvenue	l_bienvenue			2025-01-14T13:33:37.469Z	StillImage	COORDINATE_ROUNDED;CONTINENT_DERIVED_FROM_COORDINATES;TAXON_MATCH_TAXON_ID_IGNORED
4852286843	50c9509d-22c7-4a22-a47d-8c48425ef4a7	https://www.inaturalist.org/observations/60878249	Fungi	Basidiomycota	Agaricomycetes	Agaricales	Tricholomataceae	Melanoleuca	Melanoleuca davisiae		SPECIES	Tricholoma davisiae Peck	Tricholoma davisiae		CA		Ontario	PRESENT		28eb1a3f-1c15-4a95-931a-4af90ecb574d	45.510539	-75.331433	4.0						2020-09-26T17:05:23	26	9	2020	5450943	5451437	HUMAN_OBSERVATION	iNaturalist	Observations	60878249		Garrett Taylor	2021-02-07T22:58:59	CC_BY_NC_4_0	jfbeaulnes	jfbeaulnes			2025-01-14T12:14:53.721Z	StillImage	COORDINATE_ROUNDED;CONTINENT_DERIVED_FROM_COORDINATES;TAXON_MATCH_TAXON_ID_IGNORED
4431078112	50c9509d-22c7-4a22-a47d-8c48425ef4a7	https://www.inaturalist.org/observations/187569006	Fungi	Basidiomycota	Agaricomycetes	Agaricales	Tricholomataceae	Melanoleuca	Melanoleuca davisiae		SPECIES	Tricholoma davisiae Peck	Tricholoma davisiae		CA		Québec	PRESENT		28eb1a3f-1c15-4a95-931a-4af90ecb574d	45.664008	-74.244788	7.0						2023-10-14T11:20:42	14	10	2023	5450943	5451437	HUMAN_OBSERVATION	iNaturalist	Observations	187569006		Patrice Dauzet	2023-10-16T15:44:03	CC_BY_4_0	Mical	Mical			2025-01-14T13:32:08.203Z	StillImage	COORDINATE_ROUNDED;CONTINENT_DERIVED_FROM_COORDINATES;TAXON_MATCH_TAXON_ID_IGNORED
4430760526	50c9509d-22c7-4a22-a47d-8c48425ef4a7	https://www.inaturalist.org/observations/188384976	Fungi	Basidiomycota	Agaricomycetes	Agaricales	Tricholomataceae	Melanoleuca	Melanoleuca davisiae		SPECIES	Tricholoma davisiae Peck	Tricholoma davisiae		CA		Québec	PRESENT		28eb1a3f-1c15-4a95-931a-4af90ecb574d	45.660204	-74.246258	404.0						2023-10-14T09:23	14	10	2023	5450943	5451437	HUMAN_OBSERVATION	iNaturalist	Observations	188384976		Antoine Fortin	2023-10-21T15:00:44	CC_BY_NC_4_0	Antoine Fortin	Antoine Fortin			2025-01-14T12:42:52.705Z	StillImage	COORDINATE_ROUNDED;CONTINENT_DERIVED_FROM_COORDINATES;TAXON_MATCH_TAXON_ID_IGNORED
4414161496	50c9509d-22c7-4a22-a47d-8c48425ef4a7	https://www.inaturalist.org/observations/182722048	Fungi	Basidiomycota	Agaricomycetes	Agaricales	Tricholomataceae	Melanoleuca	Melanoleuca davisiae		SPECIES	Tricholoma davisiae Peck	Tricholoma davisiae		CA		Québec	PRESENT		28eb1a3f-1c15-4a95-931a-4af90ecb574d	48.909193	-72.392761							2023-09-10T13:56	10	9	2023	5450943	5451437	HUMAN_OBSERVATION	iNaturalist	Observations	182722048		Paul Vézina	2023-09-10T22:52:37	CC_BY_NC_4_0	Paul Vézina	Paul Vézina			2025-01-14T13:27:16.550Z	StillImage	COORDINATE_ROUNDED;CONTINENT_DERIVED_FROM_COORDINATES;TAXON_MATCH_TAXON_ID_IGNORED
4413542270	50c9509d-22c7-4a22-a47d-8c48425ef4a7	https://www.inaturalist.org/observations/182724076	Fungi	Basidiomycota	Agaricomycetes	Agaricales	Tricholomataceae	Melanoleuca	Melanoleuca davisiae		SPECIES	Tricholoma davisiae Peck	Tricholoma davisiae		CA		Québec	PRESENT		28eb1a3f-1c15-4a95-931a-4af90ecb574d	48.909982	-72.391809							2023-09-10T14:50	10	9	2023	5450943	5451437	HUMAN_OBSERVATION	iNaturalist	Observations	182724076		Paul Vézina	2023-09-10T23:07:06	CC_BY_NC_4_0	Paul Vézina	Paul Vézina			2025-01-14T13:32:16.235Z	StillImage	COORDINATE_ROUNDED;CONTINENT_DERIVED_FROM_COORDINATES;TAXON_MATCH_TAXON_ID_IGNORED
3456234910	50c9509d-22c7-4a22-a47d-8c48425ef4a7	https://www.inaturalist.org/observations/103166432	Fungi	Basidiomycota	Agaricomycetes	Agaricales	Tricholomataceae	Melanoleuca	Melanoleuca davisiae		SPECIES	Tricholoma davisiae Peck	Tricholoma davisiae		CA		New Brunswick	PRESENT		28eb1a3f-1c15-4a95-931a-4af90ecb574d	46.385178	-64.649755	298.0						2021-10-01T15:57	1	10	2021	5450943	5451437	HUMAN_OBSERVATION	iNaturalist	Observations	103166432		Stuart Tingley	2021-12-16T22:16:27	CC_BY_NC_4_0	Stuart Tingley	Stuart Tingley			2025-01-14T13:12:32.957Z	StillImage	COORDINATE_ROUNDED;CONTINENT_DERIVED_FROM_COORDINATES;TAXON_MATCH_TAXON_ID_IGNORED
3455608924	50c9509d-22c7-4a22-a47d-8c48425ef4a7	https://www.inaturalist.org/observations/104186571	Fungi	Basidiomycota	Agaricomycetes	Agaricales	Tricholomataceae	Melanoleuca	Melanoleuca davisiae		SPECIES	Tricholoma davisiae Peck	Tricholoma davisiae		CA		New Brunswick	PRESENT		28eb1a3f-1c15-4a95-931a-4af90ecb574d	46.389245	-64.618661	8.0						2021-10-02T14:04	2	10	2021	5450943	5451437	HUMAN_OBSERVATION	iNaturalist	Observations	104186571		Stuart Tingley	2022-01-02T15:45:25	CC_BY_NC_4_0	Stuart Tingley	Stuart Tingley			2025-01-14T13:17:35.147Z	StillImage	COORDINATE_ROUNDED;CONTINENT_DERIVED_FROM_COORDINATES;TAXON_MATCH_TAXON_ID_IGNORED
3351903447	d8cd16ba-bb74-4420-821e-083f2bac17c2	MW628031	Fungi	Basidiomycota	Agaricomycetes	Agaricales	Tricholomataceae	Melanoleuca	Melanoleuca davisiae		SPECIES	Tricholoma davisiae Peck	Tricholoma davisiae		CA	Quebec, Ste-Gertrude-Manneville, Pinede de pins gris		PRESENT		ada9d123-ddb4-467d-8891-806ea8d94230	48.52	-78.46							2012-09-15	15	9	2012	5450943	5451437	PRESERVED_SPECIMEN			MQ20-pat15091203		Herman Lambert		CC_BY_4_0		Patrick Poitras			2025-01-18T13:05:53.703Z		GEODETIC_DATUM_ASSUMED_WGS84;CONTINENT_DERIVED_FROM_COORDINATES;TAXON_MATCH_TAXON_CONCEPT_ID_IGNORED;TAXON_MATCH_TAXON_ID_IGNORED
3351767538	d8cd16ba-bb74-4420-821e-083f2bac17c2	MW627920	Fungi	Basidiomycota	Agaricomycetes	Agaricales	Tricholomataceae	Melanoleuca	Melanoleuca davisiae		SPECIES	Tricholoma davisiae Peck	Tricholoma davisiae		CA	Quebec, Ste-Gertrude-Manneville, Pinede de pins gris		PRESENT		ada9d123-ddb4-467d-8891-806ea8d94230	48.52	-78.46							2014-09-06	6	9	2014	5450943	5451437	PRESERVED_SPECIMEN			MQ20-pat06091402		Yves Lamoureux		CC_BY_4_0		Patrick Poitras			2025-01-18T13:04:53.265Z		GEODETIC_DATUM_ASSUMED_WGS84;CONTINENT_DERIVED_FROM_COORDINATES;TAXON_MATCH_TAXON_CONCEPT_ID_IGNORED;TAXON_MATCH_TAXON_ID_IGNORED
3349458457	d8cd16ba-bb74-4420-821e-083f2bac17c2	MW628023	Fungi	Basidiomycota	Agaricomycetes	Agaricales	Tricholomataceae	Melanoleuca	Melanoleuca davisiae		SPECIES	Tricholoma davisiae Peck	Tricholoma davisiae		CA	Quebec, Sacre-Coeur, Cimetiere		PRESENT		ada9d123-ddb4-467d-8891-806ea8d94230	48.23	-69.78							2019-10-14	14	10	2019	5450943	5451437	PRESERVED_SPECIMEN			MQ20-HL1681-QFB32600		Herman Lambert		CC_BY_4_0		Herman Lambert			2025-01-18T13:06:03.622Z		GEODETIC_DATUM_ASSUMED_WGS84;CONTINENT_DERIVED_FROM_COORDINATES;TAXON_MATCH_TAXON_CONCEPT_ID_IGNORED;TAXON_MATCH_TAXON_ID_IGNORED
3349386755	d8cd16ba-bb74-4420-821e-083f2bac17c2	MW627944	Fungi	Basidiomycota	Agaricomycetes	Agaricales	Tricholomataceae	Melanoleuca	Melanoleuca davisiae		SPECIES	Tricholoma davisiae Peck	Tricholoma davisiae		CA	Quebec, Lachute		PRESENT		ada9d123-ddb4-467d-8891-806ea8d94230	45.66	-74.29							1993-09-29	29	9	1993	5450943	5451437	PRESERVED_SPECIMEN			MQ20-YL-CMMF002092		Yves Lamoureux		CC_BY_4_0		Yves Lamoureux			2025-01-18T13:04:53.480Z		GEODETIC_DATUM_ASSUMED_WGS84;CONTINENT_DERIVED_FROM_COORDINATES;TAXON_MATCH_TAXON_CONCEPT_ID_IGNORED;TAXON_MATCH_TAXON_ID_IGNORED
3349382378	d8cd16ba-bb74-4420-821e-083f2bac17c2	MW628127	Fungi	Basidiomycota	Agaricomycetes	Agaricales	Tricholomataceae	Melanoleuca	Melanoleuca davisiae		SPECIES	Tricholoma davisiae Peck	Tricholoma davisiae		CA	Quebec, Sacre-Coeur, cypres		PRESENT		ada9d123-ddb4-467d-8891-806ea8d94230	48.22	-69.07							2008-10-11	11	10	2008	5450943	5451437	PRESERVED_SPECIMEN			MQ20-HL0402-QFB31073		Herman Lambert		CC_BY_4_0		Herman Lambert			2025-01-18T13:05:53.704Z		GEODETIC_DATUM_ASSUMED_WGS84;CONTINENT_DERIVED_FROM_COORDINATES;TAXON_MATCH_TAXON_CONCEPT_ID_IGNORED;TAXON_MATCH_TAXON_ID_IGNORED
3109062238	50c9509d-22c7-4a22-a47d-8c48425ef4a7	https://www.inaturalist.org/observations/75427304	Fungi	Basidiomycota	Agaricomycetes	Agaricales	Tricholomataceae	Melanoleuca	Melanoleuca davisiae		SPECIES	Tricholoma davisiae Peck	Tricholoma davisiae		CA		Québec	PRESENT		28eb1a3f-1c15-4a95-931a-4af90ecb574d	48.27425	-72.1914	496.0						2006-09-02	2	9	2006	5450943	5451437	HUMAN_OBSERVATION	iNaturalist	Observations	75427304		John Plischke	2021-04-27T14:32:59	CC_BY_NC_4_0	John Plischke	John Plischke			2025-01-14T13:11:43.511Z	StillImage	CONTINENT_DERIVED_FROM_COORDINATES;TAXON_MATCH_TAXON_ID_IGNORED
3109019243	50c9509d-22c7-4a22-a47d-8c48425ef4a7	https://www.inaturalist.org/observations/75427326	Fungi	Basidiomycota	Agaricomycetes	Agaricales	Tricholomataceae	Melanoleuca	Melanoleuca davisiae		SPECIES	Tricholoma davisiae Peck	Tricholoma davisiae		CA		Québec	PRESENT		28eb1a3f-1c15-4a95-931a-4af90ecb574d	48.27425	-72.1914	496.0						2006-09-01	1	9	2006	5450943	5451437	HUMAN_OBSERVATION	iNaturalist	Observations	75427326		John Plischke	2021-04-27T14:33:13	CC_BY_NC_4_0	John Plischke	John Plischke			2025-01-14T12:17:18.657Z	StillImage	CONTINENT_DERIVED_FROM_COORDINATES;TAXON_MATCH_TAXON_ID_IGNORED
2456541361	50c9509d-22c7-4a22-a47d-8c48425ef4a7	https://www.inaturalist.org/observations/35509350	Fungi	Basidiomycota	Agaricomycetes	Agaricales	Tricholomataceae	Melanoleuca	Melanoleuca davisiae		SPECIES	Tricholoma davisiae Peck	Tricholoma davisiae		CA		New Brunswick	PRESENT		28eb1a3f-1c15-4a95-931a-4af90ecb574d	46.389245	-64.618661	8.0						2019-10-16T15:49	16	10	2019	5450943	5451437	HUMAN_OBSERVATION	iNaturalist	Observations	35509350		Stuart Tingley	2019-11-10T00:25:18	CC_BY_NC_4_0	Stuart Tingley	Stuart Tingley			2025-01-14T13:05:21.969Z	StillImage	COORDINATE_ROUNDED;CONTINENT_DERIVED_FROM_COORDINATES;TAXON_MATCH_TAXON_ID_IGNORED
1920793794	50c9509d-22c7-4a22-a47d-8c48425ef4a7	https://www.inaturalist.org/observations/16985008	Fungi	Basidiomycota	Agaricomycetes	Agaricales	Tricholomataceae	Melanoleuca	Melanoleuca davisiae		SPECIES	Tricholoma davisiae Peck	Tricholoma davisiae		CA		Ontario	PRESENT		28eb1a3f-1c15-4a95-931a-4af90ecb574d	45.579674	-78.499123							2018-09-27T22:46:11	27	9	2018	5450943	5451437	HUMAN_OBSERVATION	iNaturalist	Observations	16985008		Garrett Taylor	2018-09-28T02:52:36	CC0_1_0	Garrett Taylor	Garrett Taylor			2025-01-14T12:05:51.526Z	StillImage	COORDINATE_ROUNDED;CONTINENT_DERIVED_FROM_COORDINATES;TAXON_MATCH_TAXON_ID_IGNORED
1847647128	50c9509d-22c7-4a22-a47d-8c48425ef4a7	https://www.inaturalist.org/observations/9593297	Fungi	Basidiomycota	Agaricomycetes	Agaricales	Tricholomataceae	Melanoleuca	Melanoleuca davisiae		SPECIES	Tricholoma davisiae Peck	Tricholoma davisiae		CA		Ontario	PRESENT		28eb1a3f-1c15-4a95-931a-4af90ecb574d	45.5794	-78.51955	385.0						2016-09-19	19	9	2016	5450943	5451437	HUMAN_OBSERVATION	iNaturalist	Observations	9593297		mycowalt	2018-01-24T01:58:02	CC_BY_NC_4_0	mycowalt	mycowalt			2025-01-14T12:05:21.287Z	StillImage	CONTINENT_DERIVED_FROM_COORDINATES;TAXON_MATCH_TAXON_ID_IGNORED
1847646027	50c9509d-22c7-4a22-a47d-8c48425ef4a7	https://www.inaturalist.org/observations/9577238	Fungi	Basidiomycota	Agaricomycetes	Agaricales	Tricholomataceae	Melanoleuca	Melanoleuca davisiae		SPECIES	Tricholoma davisiae Peck	Tricholoma davisiae		CA		Ontario	PRESENT		28eb1a3f-1c15-4a95-931a-4af90ecb574d	45.57675	-78.45745	4046.0						2014-09-19	19	9	2014	5450943	5451437	HUMAN_OBSERVATION	iNaturalist	Observations	9577238		mycowalt	2018-01-23T18:55:30	CC_BY_NC_4_0	mycowalt	mycowalt			2025-01-14T12:04:22.932Z	StillImage	CONTINENT_DERIVED_FROM_COORDINATES;TAXON_MATCH_TAXON_ID_IGNORED
1847644755	50c9509d-22c7-4a22-a47d-8c48425ef4a7	https://www.inaturalist.org/observations/9572029	Fungi	Basidiomycota	Agaricomycetes	Agaricales	Tricholomataceae	Melanoleuca	Melanoleuca davisiae		SPECIES	Tricholoma davisiae Peck	Tricholoma davisiae		CA		Ontario	PRESENT		28eb1a3f-1c15-4a95-931a-4af90ecb574d	45.5794	-78.51955	385.0						2012-09-21	21	9	2012	5450943	5451437	HUMAN_OBSERVATION	iNaturalist	Observations	9572029		mycowalt	2018-01-23T07:47:13	CC_BY_NC_4_0	mycowalt	mycowalt			2025-01-14T12:04:23.042Z	StillImage	CONTINENT_DERIVED_FROM_COORDINATES;TAXON_MATCH_TAXON_ID_IGNORED
1412707364	21705170-d2b6-42de-8904-c3bca4b83591	CMMF015846	Fungi	Basidiomycota	Agaricomycetes	Agaricales	Tricholomataceae	Melanoleuca	Melanoleuca davisiae		SPECIES	Tricholoma davisiae Peck	Tricholoma davisiae Peck	Peck	CA	Lac Kenogami, Québec.	Québec	PRESENT		ff7bd5db-b724-4932-b496-10ea298851f9	48.323075	-71.334535	20000.0						1998-09-29	29	9	1998	5450943	5451437	PRESERVED_SPECIMEN	Université de Montréal Biodiversity Centre	CMMF	CMMF015846	2524	Guérin, Gérard		CC0_1_0	Université de Montréal Biodiversity Centre	Guérin, Gérard			2024-01-24T16:38:16.531Z		INSTITUTION_MATCH_FUZZY;COLLECTION_MATCH_FUZZY;DIFFERENT_OWNER_INSTITUTION
1412706363	21705170-d2b6-42de-8904-c3bca4b83591	CMMF014818	Fungi	Basidiomycota	Agaricomycetes	Agaricales	Tricholomataceae	Melanoleuca	Melanoleuca davisiae		SPECIES	Tricholoma davisiae Peck	Tricholoma davisiae Peck	Peck	CA	Lac Kenogami, Québec.	Québec	PRESENT		ff7bd5db-b724-4932-b496-10ea298851f9	48.323075	-71.334535	20000.0						1993-09-22	22	9	1993	5450943	5451437	PRESERVED_SPECIMEN	Université de Montréal Biodiversity Centre	CMMF	CMMF014818	1479	Guérin, Gérard		CC0_1_0	Université de Montréal Biodiversity Centre	Guérin, Gérard			2024-01-24T16:38:20.638Z	StillImage	INSTITUTION_MATCH_FUZZY;COLLECTION_MATCH_FUZZY;DIFFERENT_OWNER_INSTITUTION
1135071417	21705170-d2b6-42de-8904-c3bca4b83591	CMMF009993	Fungi	Basidiomycota	Agaricomycetes	Agaricales	Tricholomataceae	Melanoleuca	Melanoleuca davisiae		SPECIES	Tricholoma davisiae Peck	Tricholoma davisiae Peck	Peck	CA	Rue des Acadiens, Québec.	Québec	PRESENT		ff7bd5db-b724-4932-b496-10ea298851f9	46.918501	-71.254455	4000.0						2007-09-14	14	9	2007	5450943	5451437	PRESERVED_SPECIMEN	Université de Montréal Biodiversity Centre	CMMF	CMMF009993	1578	Labrecque, Jacqueline		CC0_1_0	Université de Montréal Biodiversity Centre	Labrecque, Jacqueline			2024-01-24T16:38:21.434Z		INSTITUTION_MATCH_FUZZY;COLLECTION_MATCH_FUZZY;DIFFERENT_OWNER_INSTITUTION
1135070752	21705170-d2b6-42de-8904-c3bca4b83591	CMMF009306	Fungi	Basidiomycota	Agaricomycetes	Agaricales	Tricholomataceae	Melanoleuca	Melanoleuca davisiae		SPECIES	Tricholoma davisiae Peck	Tricholoma davisiae Peck	Peck	CA	Rue des Acadiens, Québec.	Québec	PRESENT		ff7bd5db-b724-4932-b496-10ea298851f9	46.918501	-71.254455	4000.0						2006-09-30	30	9	2006	5450943	5451437	PRESERVED_SPECIMEN	Université de Montréal Biodiversity Centre	CMMF	CMMF009306	890	Labbé, Roland		CC0_1_0	Université de Montréal Biodiversity Centre	Labrecque, Jacqueline			2024-01-24T16:38:21.647Z	StillImage	INSTITUTION_MATCH_FUZZY;COLLECTION_MATCH_FUZZY;DIFFERENT_OWNER_INSTITUTION
1135068464	21705170-d2b6-42de-8904-c3bca4b83591	CMMF006988	Fungi	Basidiomycota	Agaricomycetes	Agaricales	Tricholomataceae	Melanoleuca	Melanoleuca davisiae		SPECIES	Tricholoma davisiae Peck	Tricholoma davisiae Peck	Peck	CA	Lachute	Québec	PRESENT		ff7bd5db-b724-4932-b496-10ea298851f9	45.66275	-74.241983	100.0						2005-10-29	29	10	2005	5450943	5451437	PRESERVED_SPECIMEN	Université de Montréal Biodiversity Centre	CMMF	CMMF006988	Inexistant	McNeil, Raymond		CC0_1_0	Université de Montréal Biodiversity Centre	McNeil, Raymond			2024-01-24T16:38:19.609Z	StillImage	COORDINATE_ROUNDED;INSTITUTION_MATCH_FUZZY;COLLECTION_MATCH_FUZZY;DIFFERENT_OWNER_INSTITUTION
1135068375	21705170-d2b6-42de-8904-c3bca4b83591	CMMF006869	Fungi	Basidiomycota	Agaricomycetes	Agaricales	Tricholomataceae	Melanoleuca	Melanoleuca davisiae		SPECIES	Tricholoma davisiae Peck	Tricholoma davisiae Peck	Peck	CA	Lachute	Québec	PRESENT		ff7bd5db-b724-4932-b496-10ea298851f9	45.66275	-74.241983	100.0						2004-09-20	20	9	2004	5450943	5451437	PRESERVED_SPECIMEN	Université de Montréal Biodiversity Centre	CMMF	CMMF006869	C2027	McNeil, Raymond		CC0_1_0	Université de Montréal Biodiversity Centre	McNeil, Raymond			2024-01-24T16:38:18.678Z	StillImage	COORDINATE_ROUNDED;INSTITUTION_MATCH_FUZZY;COLLECTION_MATCH_FUZZY;DIFFERENT_OWNER_INSTITUTION
1135068269	21705170-d2b6-42de-8904-c3bca4b83591	CMMF006846	Fungi	Basidiomycota	Agaricomycetes	Agaricales	Tricholomataceae	Melanoleuca	Melanoleuca davisiae		SPECIES	Tricholoma davisiae Peck	Tricholoma davisiae Peck	Peck	CA	Lachute	Québec	PRESENT		ff7bd5db-b724-4932-b496-10ea298851f9	45.66275	-74.241983	100.0						1981-09-19	19	9	1981	5450943	5451437	PRESERVED_SPECIMEN	Université de Montréal Biodiversity Centre	CMMF	CMMF006846	1323	McNeil, Raymond		CC0_1_0	Université de Montréal Biodiversity Centre	McNeil, Raymond			2024-01-24T16:38:18.657Z	StillImage	COORDINATE_ROUNDED;INSTITUTION_MATCH_FUZZY;COLLECTION_MATCH_FUZZY;DIFFERENT_OWNER_INSTITUTION
