gbifID	datasetKey	occurrenceID	kingdom	phylum	class	order	family	genus	species	infraspecificEpithet	taxonRank	scientificName	verbatimScientificName	verbatimScientificNameAuthorship	countryCode	locality	stateProvince	occurrenceStatus	individualCount	publishingOrgKey	decimalLatitude	decimalLongitude	coordinateUncertaintyInMeters	coordinatePrecision	elevation	elevationAccuracy	depth	depthAccuracy	eventDate	day	month	year	taxonKey	speciesKey	basisOfRecord	institutionCode	collectionCode	catalogNumber	recordNumber	identifiedBy	dateIdentified	license	rightsHolder	recordedBy	typeStatus	establishmentMeans	lastInterpreted	mediaType	issue
617553563	21705170-d2b6-42de-8904-c3bca4b83591	CMMF000366	Fungi	Basidiomycota	Agaricomycetes	Agaricales	Tricholomataceae	Tricholoma	Tricholoma transmutans		SPECIES	Tricholoma transmutans (Peck) Sacc.	Tricholoma transmutans (Peck) Sacc.	(Peck) Sacc.	CA	Rawdon	Québec	PRESENT		ff7bd5db-b724-4932-b496-10ea298851f9	46.052398	-73.748752	11000.0						1988-09-18	18	9	1988	5450490	5450490	PRESERVED_SPECIMEN	Université de Montréal Biodiversity Centre	CMMF	CMMF000366		Lamoureux, Yves		CC0_1_0	Université de Montréal Biodiversity Centre	Lamoureux, Yves			2024-01-24T16:38:20.821Z	StillImage	INSTITUTION_MATCH_FUZZY;COLLECTION_MATCH_FUZZY;DIFFERENT_OWNER_INSTITUTION
617553002	21705170-d2b6-42de-8904-c3bca4b83591	CMMF003404	Fungi	Basidiomycota	Agaricomycetes	Agaricales	Tricholomataceae	Tricholoma	Tricholoma transmutans		SPECIES	Tricholoma transmutans (Peck) Sacc.	Tricholoma transmutans (Peck) Sacc.	(Peck) Sacc.	CA	Saint-Amable	Québec	PRESENT		ff7bd5db-b724-4932-b496-10ea298851f9	45.666797	-73.292447	7000.0						1999-10-07	7	10	1999	5450490	5450490	PRESERVED_SPECIMEN	Université de Montréal Biodiversity Centre	CMMF	CMMF003404		Lamoureux, Yves		CC0_1_0	Université de Montréal Biodiversity Centre	Lamoureux, Yves			2024-01-24T16:38:17.050Z	StillImage	INSTITUTION_MATCH_FUZZY;COLLECTION_MATCH_FUZZY;DIFFERENT_OWNER_INSTITUTION
617551373	21705170-d2b6-42de-8904-c3bca4b83591	CMMF002678	Fungi	Basidiomycota	Agaricomycetes	Agaricales	Tricholomataceae	Tricholoma	Tricholoma transmutans		SPECIES	Tricholoma transmutans (Peck) Sacc.	Tricholoma transmutans (Peck) Sacc.	(Peck) Sacc.	CA	Saint-Majorique	Québec	PRESENT		ff7bd5db-b724-4932-b496-10ea298851f9	45.931221	-72.584529	5000.0						1995-09-27	27	9	1995	5450490	5450490	PRESERVED_SPECIMEN	Université de Montréal Biodiversity Centre	CMMF	CMMF002678		Lamoureux, Yves		CC0_1_0	Université de Montréal Biodiversity Centre	Lamoureux, Yves			2024-01-24T16:38:20.332Z	StillImage	INSTITUTION_MATCH_FUZZY;COLLECTION_MATCH_FUZZY;DIFFERENT_OWNER_INSTITUTION
617549385	21705170-d2b6-42de-8904-c3bca4b83591	CMMF001816	Fungi	Basidiomycota	Agaricomycetes	Agaricales	Tricholomataceae	Tricholoma	Tricholoma transmutans		SPECIES	Tricholoma transmutans (Peck) Sacc.	Tricholoma transmutans (Peck) Sacc.	(Peck) Sacc.	CA	Chertsey	Québec	PRESENT		ff7bd5db-b724-4932-b496-10ea298851f9	46.073928	-73.890706	5000.0						1992-09-08	8	9	1992	5450490	5450490	PRESERVED_SPECIMEN	Université de Montréal Biodiversity Centre	CMMF	CMMF001816		Lamoureux, Yves		CC0_1_0	Université de Montréal Biodiversity Centre	Lamoureux, Yves			2024-01-24T16:38:17.277Z	StillImage	INSTITUTION_MATCH_FUZZY;COLLECTION_MATCH_FUZZY;DIFFERENT_OWNER_INSTITUTION
617548642	21705170-d2b6-42de-8904-c3bca4b83591	CMMF001495	Fungi	Basidiomycota	Agaricomycetes	Agaricales	Tricholomataceae	Tricholoma	Tricholoma transmutans		SPECIES	Tricholoma transmutans (Peck) Sacc.	Tricholoma transmutans (Peck) Sacc.	(Peck) Sacc.	CA	Sainte-Ursule	Québec	PRESENT		ff7bd5db-b724-4932-b496-10ea298851f9	46.288837	-73.033517	3000.0						1991-09-13	13	9	1991	5450490	5450490	PRESERVED_SPECIMEN	Université de Montréal Biodiversity Centre	CMMF	CMMF001495		Lamoureux, Yves		CC0_1_0	Université de Montréal Biodiversity Centre	Lamoureux, Yves			2024-01-24T16:38:17.619Z	StillImage	INSTITUTION_MATCH_FUZZY;COLLECTION_MATCH_FUZZY;DIFFERENT_OWNER_INSTITUTION
4104429512	5a6538b8-e35c-46c4-8978-6858a657a75f	1b394fa1-9b95-4d7e-9a10-7d06782386af	Fungi	Basidiomycota	Agaricomycetes	Agaricales	Tricholomataceae	Tricholoma	Tricholoma transmutans		SPECIES	Tricholoma transmutans (Peck) Sacc.	Tricholoma transmutans	(Peck) Sacc.	CA	Sackville	New Brunswick	PRESENT		a26dde42-dd82-4d07-a763-353ab27fc02c	45.883333	-64.35	7470.0						1902-10-05	5	10	1902	5450490	5450490	PRESERVED_SPECIMEN	CUP		CUP-A-018310				CC0_1_0		Gates, Reginald			2025-01-15T04:26:00.299Z	StillImage	GEODETIC_DATUM_ASSUMED_WGS84;CONTINENT_DERIVED_FROM_COORDINATES;TAXON_MATCH_TAXON_ID_IGNORED;COLLECTION_MATCH_NONE;INSTITUTION_MATCH_FUZZY
4099909826	d1a3b128-b406-46bb-a6d1-f3591dcc8a7b	5e175a32-ee9b-4565-b67a-c25febc031b2	Fungi	Basidiomycota	Agaricomycetes	Agaricales	Tricholomataceae	Tricholoma	Tricholoma transmutans		SPECIES	Tricholoma transmutans (Peck) Sacc.	Tricholoma transmutans	(Peck) Sacc.	CA	Fallowfield	Ontario	PRESENT		e43cf4b8-849e-4fac-b075-e652d019d2cf	45.26809	-75.82904	301.0						1954-10-05	5	10	1954	5450490	5450490	PRESERVED_SPECIMEN	BPI		BPI 754379		Hoare, S. C.		CC0_1_0		Wells, D.			2025-01-15T04:59:41.621Z		GEODETIC_DATUM_ASSUMED_WGS84;CONTINENT_DERIVED_FROM_COORDINATES;TAXON_MATCH_TAXON_ID_IGNORED;INSTITUTION_MATCH_FUZZY
4023662087	fb9d7c38-5759-4c30-9e09-5b6bd43f78a6	http://id.luomus.fi/MY.4038334	Fungi	Basidiomycota	Agaricomycetes	Agaricales	Tricholomataceae	Tricholoma	Tricholoma transmutans		SPECIES	Tricholoma transmutans (Peck) Sacc.	Tricholoma transmutans		CA	La Vérendrye Park	Quebec	PRESENT		04fd2e13-6881-4e5c-9dd1-8fdd9ab993c1	47.03	-76.53							1965-09-16T00:00Z	16	9	1965	5450490	5450490	PRESERVED_SPECIMEN	H		http://id.luomus.fi/HA.H7039506	65-143			CC_BY_4_0		Elliott, M. E.;Groves, J. W.			2025-01-17T02:41:16.310Z		CONTINENT_DERIVED_FROM_COORDINATES;COLLECTION_MATCH_NONE;INSTITUTION_MATCH_FUZZY
3349368049	d8cd16ba-bb74-4420-821e-083f2bac17c2	MN992649	Fungi	Basidiomycota	Agaricomycetes	Agaricales	Tricholomataceae	Tricholoma	Tricholoma transmutans		SPECIES	Tricholoma transmutans (Peck) Sacc.	Tricholoma transmutans		CA	Quebec, Chibougamau		PRESENT		ada9d123-ddb4-467d-8891-806ea8d94230	49.76	-74.41							2017-09-07	7	9	2017	5450490	5450490	PRESERVED_SPECIMEN			MQ17210-QFB29718		Renee Lebeuf		CC_BY_4_0					2025-01-18T13:04:48.418Z		GEODETIC_DATUM_ASSUMED_WGS84;CONTINENT_DERIVED_FROM_COORDINATES;TAXON_MATCH_TAXON_CONCEPT_ID_IGNORED;TAXON_MATCH_TAXON_ID_IGNORED
1807256382	e8a25a42-f125-476c-8554-3ec21cd51a84	ACAD:112790	Fungi	Basidiomycota	Agaricomycetes	Agaricales	Tricholomataceae	Tricholoma	Tricholoma transmutans		SPECIES	Melanoleuca transmutans (Peck) Murrill	Melanoleuca transmutans (Peck) Murrill	(Peck) Murrill	CA	Glenmont	Nova Scotia	PRESENT		6491ad8c-8e49-4bd4-a089-0ddb3bbe0890	45.18614	-64.50197							1953-09-28	28	9	1953	5451623	5450490	PRESERVED_SPECIMEN	Acadia University	ACAD	2750F	2750			CC0_1_0	Acadia University	Harrison, KA			2024-01-25T01:37:10.793Z	StillImage	GEODETIC_DATUM_INVALID;GEODETIC_DATUM_ASSUMED_WGS84;TAXON_MATCH_TAXON_ID_IGNORED;INSTITUTION_MATCH_FUZZY;COLLECTION_MATCH_FUZZY
1807256266	e8a25a42-f125-476c-8554-3ec21cd51a84	ACAD:112792	Fungi	Basidiomycota	Agaricomycetes	Agaricales	Tricholomataceae	Tricholoma	Tricholoma transmutans		SPECIES	Melanoleuca transmutans (Peck) Murrill	Melanoleuca transmutans (Peck) Murrill	(Peck) Murrill	CA	Glenmont	Nova Scotia	PRESENT		6491ad8c-8e49-4bd4-a089-0ddb3bbe0890	45.18614	-64.50197							1953-10-14	14	10	1953	5451623	5450490	PRESERVED_SPECIMEN	Acadia University	ACAD	2752F	2752			CC0_1_0	Acadia University	Harrison, KA			2024-01-25T01:37:10.793Z	StillImage	GEODETIC_DATUM_INVALID;GEODETIC_DATUM_ASSUMED_WGS84;TAXON_MATCH_TAXON_ID_IGNORED;INSTITUTION_MATCH_FUZZY;COLLECTION_MATCH_FUZZY
1412707363	21705170-d2b6-42de-8904-c3bca4b83591	CMMF015843	Fungi	Basidiomycota	Agaricomycetes	Agaricales	Tricholomataceae	Tricholoma	Tricholoma transmutans		SPECIES	Tricholoma transmutans (Peck) Sacc.	Tricholoma transmutans (Peck) Sacc.	(Peck) Sacc.	CA	Petite-Décharge, Île-d'Alma, Québec.	Québec	PRESENT		ff7bd5db-b724-4932-b496-10ea298851f9	48.560148	-71.748254	3500.0						1998-10-12	12	10	1998	5450490	5450490	PRESERVED_SPECIMEN	Université de Montréal Biodiversity Centre	CMMF	CMMF015843	2541	Guérin, Gérard		CC0_1_0	Université de Montréal Biodiversity Centre	Guérin, Gérard			2024-01-24T16:38:16.538Z	StillImage	INSTITUTION_MATCH_FUZZY;COLLECTION_MATCH_FUZZY;DIFFERENT_OWNER_INSTITUTION
1412706284	21705170-d2b6-42de-8904-c3bca4b83591	CMMF014773	Fungi	Basidiomycota	Agaricomycetes	Agaricales	Tricholomataceae	Tricholoma	Tricholoma transmutans		SPECIES	Tricholoma transmutans (Peck) Sacc.	Tricholoma transmutans (Peck) Sacc.	(Peck) Sacc.	CA	Parc Urbain, Chicoutimi, Québec.	Québec	PRESENT		ff7bd5db-b724-4932-b496-10ea298851f9	48.400335	-71.03723	3500.0						1992-10-11	11	10	1992	5450490	5450490	PRESERVED_SPECIMEN	Université de Montréal Biodiversity Centre	CMMF	CMMF014773	2539	Guérin, Gérard		CC0_1_0	Université de Montréal Biodiversity Centre	Guérin, Gérard			2024-01-24T16:38:20.528Z	StillImage	INSTITUTION_MATCH_FUZZY;COLLECTION_MATCH_FUZZY;DIFFERENT_OWNER_INSTITUTION
1412706222	21705170-d2b6-42de-8904-c3bca4b83591	CMMF014768	Fungi	Basidiomycota	Agaricomycetes	Agaricales	Tricholomataceae	Tricholoma	Tricholoma transmutans		SPECIES	Tricholoma transmutans (Peck) Sacc.	Tricholoma transmutans (Peck) Sacc.	(Peck) Sacc.	CA	Chicoutimi, Québec.	Québec	PRESENT		ff7bd5db-b724-4932-b496-10ea298851f9	48.368277	-71.119642	15000.0						1982-09-11	11	9	1982	5450490	5450490	PRESERVED_SPECIMEN	Université de Montréal Biodiversity Centre	CMMF	CMMF014768	2538	Guérin, Gérard		CC0_1_0	Université de Montréal Biodiversity Centre	Guérin, Gérard			2024-01-24T16:38:20.528Z	StillImage	INSTITUTION_MATCH_FUZZY;COLLECTION_MATCH_FUZZY;DIFFERENT_OWNER_INSTITUTION
1135069801	21705170-d2b6-42de-8904-c3bca4b83591	CMMF008351	Fungi	Basidiomycota	Agaricomycetes	Agaricales	Tricholomataceae	Tricholoma	Tricholoma transmutans		SPECIES	Tricholoma transmutans (Peck) Sacc.	Tricholoma transmutans (Peck) Sacc.	(Peck) Sacc.	CA	Sainte-Anne-des-Monts	Québec	PRESENT		ff7bd5db-b724-4932-b496-10ea298851f9	49.108333	-66.497883	100.0						2005-09-15	15	9	2005	5450490	5450490	PRESERVED_SPECIMEN	Université de Montréal Biodiversity Centre	CMMF	CMMF008351	C2519	McNeil, Raymond		CC0_1_0	Université de Montréal Biodiversity Centre	McNeil, Raymond			2024-01-24T16:38:17.753Z	StillImage	COORDINATE_ROUNDED;INSTITUTION_MATCH_FUZZY;COLLECTION_MATCH_FUZZY;DIFFERENT_OWNER_INSTITUTION
1135069782	21705170-d2b6-42de-8904-c3bca4b83591	CMMF008239	Fungi	Basidiomycota	Agaricomycetes	Agaricales	Tricholomataceae	Tricholoma	Tricholoma transmutans		SPECIES	Tricholoma transmutans (Peck) Sacc.	Tricholoma transmutans (Peck) Sacc.	(Peck) Sacc.	CA	Parc de la Gaspésie (sortie sud)	Québec	PRESENT		ff7bd5db-b724-4932-b496-10ea298851f9	48.856583	-66.19265	100.0						2011-08-18	18	8	2011	5450490	5450490	PRESERVED_SPECIMEN	Université de Montréal Biodiversity Centre	CMMF	CMMF008239	C3856	McNeil, Raymond		CC0_1_0	Université de Montréal Biodiversity Centre	McNeil, Raymond			2024-01-24T16:38:18.288Z		COORDINATE_ROUNDED;INSTITUTION_MATCH_FUZZY;COLLECTION_MATCH_FUZZY;DIFFERENT_OWNER_INSTITUTION
1135069725	21705170-d2b6-42de-8904-c3bca4b83591	CMMF008224	Fungi	Basidiomycota	Agaricomycetes	Agaricales	Tricholomataceae	Tricholoma	Tricholoma transmutans		SPECIES	Tricholoma transmutans (Peck) Sacc.	Tricholoma transmutans (Peck) Sacc.	(Peck) Sacc.	CA	Matane	Québec	PRESENT		ff7bd5db-b724-4932-b496-10ea298851f9	48.821667	-67.537667	100.0						2005-09-02	2	9	2005	5450490	5450490	PRESERVED_SPECIMEN	Université de Montréal Biodiversity Centre	CMMF	CMMF008224	C2394	McNeil, Raymond		CC0_1_0	Université de Montréal Biodiversity Centre	McNeil, Raymond			2024-01-24T16:38:18.349Z	StillImage	COORDINATE_ROUNDED;INSTITUTION_MATCH_FUZZY;COLLECTION_MATCH_FUZZY;DIFFERENT_OWNER_INSTITUTION
1135069461	21705170-d2b6-42de-8904-c3bca4b83591	CMMF008000	Fungi	Basidiomycota	Agaricomycetes	Agaricales	Tricholomataceae	Tricholoma	Tricholoma transmutans		SPECIES	Tricholoma transmutans (Peck) Sacc.	Tricholoma transmutans (Peck) Sacc.	(Peck) Sacc.	CA	Montmagny	Québec	PRESENT		ff7bd5db-b724-4932-b496-10ea298851f9	46.876667	-70.432917	100.0						2004-10-04	4	10	2004	5450490	5450490	PRESERVED_SPECIMEN	Université de Montréal Biodiversity Centre	CMMF	CMMF008000	Inexistant	McNeil, Raymond		CC0_1_0	Université de Montréal Biodiversity Centre	McNeil, Raymond			2024-01-24T16:38:18.059Z	StillImage	COORDINATE_ROUNDED;INSTITUTION_MATCH_FUZZY;COLLECTION_MATCH_FUZZY;DIFFERENT_OWNER_INSTITUTION
1135069404	21705170-d2b6-42de-8904-c3bca4b83591	CMMF007999	Fungi	Basidiomycota	Agaricomycetes	Agaricales	Tricholomataceae	Tricholoma	Tricholoma transmutans		SPECIES	Tricholoma transmutans (Peck) Sacc.	Tricholoma transmutans (Peck) Sacc.	(Peck) Sacc.	CA	Montmagny	Québec	PRESENT		ff7bd5db-b724-4932-b496-10ea298851f9	46.876667	-70.432917	100.0						2004-10-04	4	10	2004	5450490	5450490	PRESERVED_SPECIMEN	Université de Montréal Biodiversity Centre	CMMF	CMMF007999	C2090	McNeil, Raymond		CC0_1_0	Université de Montréal Biodiversity Centre	McNeil, Raymond			2024-01-24T16:38:15.667Z	StillImage	COORDINATE_ROUNDED;INSTITUTION_MATCH_FUZZY;COLLECTION_MATCH_FUZZY;DIFFERENT_OWNER_INSTITUTION
1135068120	21705170-d2b6-42de-8904-c3bca4b83591	CMMF006696	Fungi	Basidiomycota	Agaricomycetes	Agaricales	Tricholomataceae	Tricholoma	Tricholoma transmutans		SPECIES	Tricholoma transmutans (Peck) Sacc.	Tricholoma transmutans (Peck) Sacc.	(Peck) Sacc.	CA	Mirabel	Québec	PRESENT		ff7bd5db-b724-4932-b496-10ea298851f9	45.683917	-74.2185	100.0						2006-09-21	21	9	2006	5450490	5450490	PRESERVED_SPECIMEN	Université de Montréal Biodiversity Centre	CMMF	CMMF006696	C2980	McNeil, Raymond		CC0_1_0	Université de Montréal Biodiversity Centre	McNeil, Raymond			2024-01-24T16:38:18.475Z	StillImage	COORDINATE_ROUNDED;INSTITUTION_MATCH_FUZZY;COLLECTION_MATCH_FUZZY;DIFFERENT_OWNER_INSTITUTION
1135068000	21705170-d2b6-42de-8904-c3bca4b83591	CMMF006526	Fungi	Basidiomycota	Agaricomycetes	Agaricales	Tricholomataceae	Tricholoma	Tricholoma transmutans		SPECIES	Tricholoma transmutans (Peck) Sacc.	Tricholoma transmutans (Peck) Sacc.	(Peck) Sacc.	CA	Saint-Lazare	Québec	PRESENT		ff7bd5db-b724-4932-b496-10ea298851f9	45.393333	-74.215833	100.0						2006-10-16	16	10	2006	5450490	5450490	PRESERVED_SPECIMEN	Université de Montréal Biodiversity Centre	CMMF	CMMF006526	Inexistant	McNeil, Raymond		CC0_1_0	Université de Montréal Biodiversity Centre	McNeil, Raymond			2024-01-24T16:38:18.368Z	StillImage	COORDINATE_ROUNDED;INSTITUTION_MATCH_FUZZY;COLLECTION_MATCH_FUZZY;DIFFERENT_OWNER_INSTITUTION
1135067568	21705170-d2b6-42de-8904-c3bca4b83591	CMMF006032	Fungi	Basidiomycota	Agaricomycetes	Agaricales	Tricholomataceae	Tricholoma	Tricholoma transmutans		SPECIES	Tricholoma transmutans (Peck) Sacc.	Tricholoma transmutans (Peck) Sacc.	(Peck) Sacc.	CA	Châteauguay (Centre écologique Fernand-Seguin)	Québec	PRESENT		ff7bd5db-b724-4932-b496-10ea298851f9	45.33983	-73.773917	100.0						2012-10-02	2	10	2012	5450490	5450490	PRESERVED_SPECIMEN	Université de Montréal Biodiversity Centre	CMMF	CMMF006032	C4124	McNeil, Raymond		CC0_1_0	Université de Montréal Biodiversity Centre	McNeil, Raymond			2024-01-24T16:38:18.026Z	StillImage	COORDINATE_ROUNDED;INSTITUTION_MATCH_FUZZY;COLLECTION_MATCH_FUZZY;DIFFERENT_OWNER_INSTITUTION
1135066582	21705170-d2b6-42de-8904-c3bca4b83591	CMMF010005	Fungi	Basidiomycota	Agaricomycetes	Agaricales	Tricholomataceae	Tricholoma	Tricholoma transmutans		SPECIES	Tricholoma transmutans (Peck) Sacc.	Tricholoma transmutans (Peck) Sacc.	(Peck) Sacc.	CA	Réserve Tantaré, Stoneham. Récolte autorisée pour fin d'inventaire (étude).	Québec	PRESENT		ff7bd5db-b724-4932-b496-10ea298851f9	47.069562	-71.537331	2000.0						2007-09-16	16	9	2007	5450490	5450490	PRESERVED_SPECIMEN	Université de Montréal Biodiversity Centre	CMMF	CMMF010005	1590	Labrecque, Jacqueline		CC0_1_0	Université de Montréal Biodiversity Centre	Labrecque, Jacqueline			2024-01-24T16:38:20.160Z		INSTITUTION_MATCH_FUZZY;COLLECTION_MATCH_FUZZY;DIFFERENT_OWNER_INSTITUTION
1024559243	21705170-d2b6-42de-8904-c3bca4b83591	CMMF004534	Fungi	Basidiomycota	Agaricomycetes	Agaricales	Tricholomataceae	Tricholoma	Tricholoma transmutans		SPECIES	Tricholoma transmutans (Peck) Sacc.	Tricholoma transmutans (Peck) Sacc.	(Peck) Sacc.	CA	Réserve écologique du Boisé-des-Muir, Hinchinbrooke.	Québec	PRESENT		ff7bd5db-b724-4932-b496-10ea298851f9	45.086901	-74.11437	50.0						2012-09-23	23	9	2012	5450490	5450490	PRESERVED_SPECIMEN	Université de Montréal Biodiversity Centre	CMMF	CMMF004534	573	Lebeuf, Renée		CC0_1_0	Université de Montréal Biodiversity Centre	Langlois, Annabelle; Lebeuf, Renée; Turgon, Jean-Pierre			2024-01-24T16:38:19.710Z	StillImage	INSTITUTION_MATCH_FUZZY;COLLECTION_MATCH_FUZZY;DIFFERENT_OWNER_INSTITUTION
