gbifID	datasetKey	occurrenceID	kingdom	phylum	class	order	family	genus	species	infraspecificEpithet	taxonRank	scientificName	verbatimScientificName	verbatimScientificNameAuthorship	countryCode	locality	stateProvince	occurrenceStatus	individualCount	publishingOrgKey	decimalLatitude	decimalLongitude	coordinateUncertaintyInMeters	coordinatePrecision	elevation	elevationAccuracy	depth	depthAccuracy	eventDate	day	month	year	taxonKey	speciesKey	basisOfRecord	institutionCode	collectionCode	catalogNumber	recordNumber	identifiedBy	dateIdentified	license	rightsHolder	recordedBy	typeStatus	establishmentMeans	lastInterpreted	mediaType	issue
617555681	21705170-d2b6-42de-8904-c3bca4b83591	CMMF000919	Fungi	Basidiomycota	Agaricomycetes	Agaricales	Physalacriaceae	Hymenopellis	Hymenopellis furfuracea		SPECIES	Xerula furfuracea (Peck) Redhead, Ginns & Shoemaker	Xerula furfuracea (Peck) Redhead, Ginns & Shoemaker	(Peck) Redhead, Ginns & Shoemaker	CA	Laval	Québec	PRESENT		ff7bd5db-b724-4932-b496-10ea298851f9	45.609608	-73.705867	17500.0						1990-06-20	20	6	1990	3341293	7518425	PRESERVED_SPECIMEN	Université de Montréal Biodiversity Centre	CMMF	CMMF000919		Lamoureux, Yves		CC0_1_0	Université de Montréal Biodiversity Centre	Lamoureux, Yves			2024-01-24T16:38:21.627Z	StillImage	INSTITUTION_MATCH_FUZZY;COLLECTION_MATCH_FUZZY;DIFFERENT_OWNER_INSTITUTION
617552525	21705170-d2b6-42de-8904-c3bca4b83591	CMMF000032	Fungi	Basidiomycota	Agaricomycetes	Agaricales	Physalacriaceae	Hymenopellis	Hymenopellis furfuracea		SPECIES	Xerula furfuracea (Peck) Redhead, Ginns & Shoemaker	Xerula furfuracea (Peck) Redhead, Ginns & Shoemaker	(Peck) Redhead, Ginns & Shoemaker	CA	Sainte-Ursule	Québec	PRESENT		ff7bd5db-b724-4932-b496-10ea298851f9	46.288837	-73.033517	3000.0						1988-07-09	9	7	1988	3341293	7518425	PRESERVED_SPECIMEN	Université de Montréal Biodiversity Centre	CMMF	CMMF000032		Lamoureux, Yves		CC0_1_0	Université de Montréal Biodiversity Centre	Lamoureux, Yves			2024-01-24T16:38:20.341Z	StillImage	INSTITUTION_MATCH_FUZZY;COLLECTION_MATCH_FUZZY;DIFFERENT_OWNER_INSTITUTION
617551762	21705170-d2b6-42de-8904-c3bca4b83591	CMMF000285	Fungi	Basidiomycota	Agaricomycetes	Agaricales	Physalacriaceae	Hymenopellis	Hymenopellis furfuracea		SPECIES	Xerula furfuracea (Peck) Redhead, Ginns & Shoemaker	Xerula furfuracea (Peck) Redhead, Ginns & Shoemaker	(Peck) Redhead, Ginns & Shoemaker	CA	Laval	Québec	PRESENT		ff7bd5db-b724-4932-b496-10ea298851f9	45.609608	-73.705867	17500.0						1988-09-01	1	9	1988	3341293	7518425	PRESERVED_SPECIMEN	Université de Montréal Biodiversity Centre	CMMF	CMMF000285		Lamoureux, Yves		CC0_1_0	Université de Montréal Biodiversity Centre	Lamoureux, Yves			2024-01-24T16:38:20.713Z	StillImage	INSTITUTION_MATCH_FUZZY;COLLECTION_MATCH_FUZZY;DIFFERENT_OWNER_INSTITUTION
617550769	21705170-d2b6-42de-8904-c3bca4b83591	CMMF002419	Fungi	Basidiomycota	Agaricomycetes	Agaricales	Physalacriaceae	Hymenopellis	Hymenopellis furfuracea		SPECIES	Xerula furfuracea (Peck) Redhead, Ginns & Shoemaker	Xerula furfuracea (Peck) Redhead, Ginns & Shoemaker	(Peck) Redhead, Ginns & Shoemaker	CA	Mt Orford	Québec	PRESENT		ff7bd5db-b724-4932-b496-10ea298851f9	45.340394	-72.208677	6500.0						1995-07-28	28	7	1995	3341293	7518425	PRESERVED_SPECIMEN	Université de Montréal Biodiversity Centre	CMMF	CMMF002419		Lamoureux, Yves		CC0_1_0	Université de Montréal Biodiversity Centre	Lamoureux, Yves			2024-01-24T16:38:19.489Z	StillImage	INSTITUTION_MATCH_FUZZY;COLLECTION_MATCH_FUZZY;DIFFERENT_OWNER_INSTITUTION
617548931	21705170-d2b6-42de-8904-c3bca4b83591	CMMF001624	Fungi	Basidiomycota	Agaricomycetes	Agaricales	Physalacriaceae	Hymenopellis	Hymenopellis furfuracea		SPECIES	Xerula furfuracea (Peck) Redhead, Ginns & Shoemaker	Xerula furfuracea (Peck) Redhead, Ginns & Shoemaker	(Peck) Redhead, Ginns & Shoemaker	CA	Longueuil	Québec	PRESENT		ff7bd5db-b724-4932-b496-10ea298851f9	45.544154	-73.477185	5000.0						1992-06-26	26	6	1992	3341293	7518425	PRESERVED_SPECIMEN	Université de Montréal Biodiversity Centre	CMMF	CMMF001624		Lamoureux, Yves		CC0_1_0	Université de Montréal Biodiversity Centre	Lamoureux, Yves			2024-01-24T16:38:17.678Z	StillImage	INSTITUTION_MATCH_FUZZY;COLLECTION_MATCH_FUZZY;DIFFERENT_OWNER_INSTITUTION
617548309	21705170-d2b6-42de-8904-c3bca4b83591	CMMF001348	Fungi	Basidiomycota	Agaricomycetes	Agaricales	Physalacriaceae	Hymenopellis	Hymenopellis furfuracea		SPECIES	Xerula furfuracea (Peck) Redhead, Ginns & Shoemaker	Xerula furfuracea (Peck) Redhead, Ginns & Shoemaker	(Peck) Redhead, Ginns & Shoemaker	CA	Nicolet	Québec	PRESENT		ff7bd5db-b724-4932-b496-10ea298851f9	46.216667	-72.6	10000.0						1991-08-10	10	8	1991	3341293	7518425	PRESERVED_SPECIMEN	Université de Montréal Biodiversity Centre	CMMF	CMMF001348		Lamoureux, Yves		CC0_1_0	Université de Montréal Biodiversity Centre	Lamoureux, Yves			2024-01-24T16:38:17.510Z	StillImage	INSTITUTION_MATCH_FUZZY;COLLECTION_MATCH_FUZZY;DIFFERENT_OWNER_INSTITUTION
4994022574	50c9509d-22c7-4a22-a47d-8c48425ef4a7	https://www.inaturalist.org/observations/254448349	Fungi	Basidiomycota	Agaricomycetes	Agaricales	Physalacriaceae	Hymenopellis	Hymenopellis furfuracea		SPECIES	Oudemansiella furfuracea (Peck) Zhu L.Yang, G.M.Muell., G.Kost & Rexer	Oudemansiella furfuracea		CA		Ontario	PRESENT		28eb1a3f-1c15-4a95-931a-4af90ecb574d	45.361725	-75.125733	5.0						2021-09-18T11:54:51	18	9	2021	8270988	7518425	HUMAN_OBSERVATION	iNaturalist	Observations	254448349		Lynn Ovenden	2024-12-07T23:03:07	CC_BY_NC_4_0	Lynn Ovenden	Lynn Ovenden			2025-01-14T12:56:23.564Z	StillImage	COORDINATE_ROUNDED;CONTINENT_DERIVED_FROM_COORDINATES;TAXON_MATCH_TAXON_ID_IGNORED
4976405298	50c9509d-22c7-4a22-a47d-8c48425ef4a7	https://www.inaturalist.org/observations/238755829	Fungi	Basidiomycota	Agaricomycetes	Agaricales	Physalacriaceae	Hymenopellis	Hymenopellis furfuracea		SPECIES	Oudemansiella furfuracea (Peck) Zhu L.Yang, G.M.Muell., G.Kost & Rexer	Oudemansiella furfuracea		CA		Québec	PRESENT		28eb1a3f-1c15-4a95-931a-4af90ecb574d	45.392947	-74.181328	84.0						2024-08-16T11:15	16	8	2024	8270988	7518425	HUMAN_OBSERVATION	iNaturalist	Observations	238755829		Benjamin Leo	2024-08-30T12:10:01	CC_BY_NC_4_0	Benjamin Leo	Benjamin Leo			2025-01-14T12:49:01.741Z	StillImage	COORDINATE_ROUNDED;CONTINENT_DERIVED_FROM_COORDINATES;TAXON_MATCH_TAXON_ID_IGNORED
4976267445	50c9509d-22c7-4a22-a47d-8c48425ef4a7	https://www.inaturalist.org/observations/240341922	Fungi	Basidiomycota	Agaricomycetes	Agaricales	Physalacriaceae	Hymenopellis	Hymenopellis furfuracea		SPECIES	Oudemansiella furfuracea (Peck) Zhu L.Yang, G.M.Muell., G.Kost & Rexer	Oudemansiella furfuracea		CA		Québec	PRESENT		28eb1a3f-1c15-4a95-931a-4af90ecb574d	45.485546	-72.593214	3277.0						2024-09-07T11:58:18	7	9	2024	8270988	7518425	HUMAN_OBSERVATION	iNaturalist	Observations	240341922		fireyoshiqc	2024-09-07T15:59:47	CC_BY_NC_4_0	fireyoshiqc	fireyoshiqc			2025-01-14T13:43:10.474Z	StillImage	COORDINATE_ROUNDED;CONTINENT_DERIVED_FROM_COORDINATES;TAXON_MATCH_TAXON_ID_IGNORED
4952921890	50c9509d-22c7-4a22-a47d-8c48425ef4a7	https://www.inaturalist.org/observations/243889535	Fungi	Basidiomycota	Agaricomycetes	Agaricales	Physalacriaceae	Hymenopellis	Hymenopellis furfuracea		SPECIES	Oudemansiella furfuracea (Peck) Zhu L.Yang, G.M.Muell., G.Kost & Rexer	Oudemansiella furfuracea		CA		Québec	PRESENT		28eb1a3f-1c15-4a95-931a-4af90ecb574d	46.741062	-71.395534	9.0						2024-09-18T16:57:07	18	9	2024	8270988	7518425	HUMAN_OBSERVATION	iNaturalist	Observations	243889535		Camille Boucher	2024-09-25T00:24:57	CC_BY_NC_4_0	Camille Boucher	Camille Boucher			2025-01-14T12:54:36.422Z	StillImage	COORDINATE_ROUNDED;CONTINENT_DERIVED_FROM_COORDINATES;TAXON_MATCH_TAXON_ID_IGNORED
4950182358	50c9509d-22c7-4a22-a47d-8c48425ef4a7	https://www.inaturalist.org/observations/238476224	Fungi	Basidiomycota	Agaricomycetes	Agaricales	Physalacriaceae	Hymenopellis	Hymenopellis furfuracea		SPECIES	Oudemansiella furfuracea (Peck) Zhu L.Yang, G.M.Muell., G.Kost & Rexer	Oudemansiella furfuracea		CA		Québec	PRESENT		28eb1a3f-1c15-4a95-931a-4af90ecb574d	45.359066	-72.24766	69.0						2024-08-17T09:27	17	8	2024	8270988	7518425	HUMAN_OBSERVATION	iNaturalist	Observations	238476224		gabboilard	2024-08-28T20:02:47	CC_BY_NC_4_0	gabboilard	gabboilard			2025-01-14T13:42:56.861Z	StillImage	COORDINATE_ROUNDED;CONTINENT_DERIVED_FROM_COORDINATES;TAXON_MATCH_TAXON_ID_IGNORED
4946163305	50c9509d-22c7-4a22-a47d-8c48425ef4a7	https://www.inaturalist.org/observations/240068934	Fungi	Basidiomycota	Agaricomycetes	Agaricales	Physalacriaceae	Hymenopellis	Hymenopellis furfuracea		SPECIES	Oudemansiella furfuracea (Peck) Zhu L.Yang, G.M.Muell., G.Kost & Rexer	Oudemansiella furfuracea		CA		Ontario	PRESENT		28eb1a3f-1c15-4a95-931a-4af90ecb574d	45.350282	-75.380613							2024-09-05T14:25	5	9	2024	8270988	7518425	HUMAN_OBSERVATION	iNaturalist	Observations	240068934		jonathan_mack	2024-09-06T01:47:21	CC_BY_NC_4_0	jonathan_mack	jonathan_mack			2025-01-14T12:50:36.734Z	StillImage	COORDINATE_ROUNDED;CONTINENT_DERIVED_FROM_COORDINATES;TAXON_MATCH_TAXON_ID_IGNORED
4945660738	50c9509d-22c7-4a22-a47d-8c48425ef4a7	https://www.inaturalist.org/observations/242011928	Fungi	Basidiomycota	Agaricomycetes	Agaricales	Physalacriaceae	Hymenopellis	Hymenopellis furfuracea		SPECIES	Oudemansiella furfuracea (Peck) Zhu L.Yang, G.M.Muell., G.Kost & Rexer	Oudemansiella furfuracea		CA		Ontario	PRESENT		28eb1a3f-1c15-4a95-931a-4af90ecb574d	45.458335	-75.549288	31.0						2024-09-15T15:02	15	9	2024	8270988	7518425	HUMAN_OBSERVATION	iNaturalist	Observations	242011928		jonathan_mack	2024-09-16T02:09:20	CC_BY_NC_4_0	jonathan_mack	jonathan_mack			2025-01-14T13:43:00.552Z	StillImage	COORDINATE_ROUNDED;CONTINENT_DERIVED_FROM_COORDINATES;TAXON_MATCH_TAXON_ID_IGNORED
4937204134	50c9509d-22c7-4a22-a47d-8c48425ef4a7	https://www.inaturalist.org/observations/238854287	Fungi	Basidiomycota	Agaricomycetes	Agaricales	Physalacriaceae	Hymenopellis	Hymenopellis furfuracea		SPECIES	Oudemansiella furfuracea (Peck) Zhu L.Yang, G.M.Muell., G.Kost & Rexer	Oudemansiella furfuracea		CA		Ontario	PRESENT		28eb1a3f-1c15-4a95-931a-4af90ecb574d	45.12549	-79.17785	27222.0						2024-08-30T09:47	30	8	2024	8270988	7518425	HUMAN_OBSERVATION	iNaturalist	Observations	238854287		Peter Jessen	2024-08-30T22:02:45	CC_BY_NC_4_0	Peter Jessen	Peter Jessen			2025-01-14T12:54:03.239Z	StillImage	COORDINATE_ROUNDED;CONTINENT_DERIVED_FROM_COORDINATES;TAXON_MATCH_TAXON_ID_IGNORED
4937130055	50c9509d-22c7-4a22-a47d-8c48425ef4a7	https://www.inaturalist.org/observations/238175503	Fungi	Basidiomycota	Agaricomycetes	Agaricales	Physalacriaceae	Hymenopellis	Hymenopellis furfuracea		SPECIES	Oudemansiella furfuracea (Peck) Zhu L.Yang, G.M.Muell., G.Kost & Rexer	Oudemansiella furfuracea		CA		Ontario	PRESENT		28eb1a3f-1c15-4a95-931a-4af90ecb574d	45.454878	-75.547107							2024-08-26T15:05	26	8	2024	8270988	7518425	HUMAN_OBSERVATION	iNaturalist	Observations	238175503		jonathan_mack	2024-08-27T01:42:10	CC_BY_NC_4_0	jonathan_mack	jonathan_mack			2025-01-14T13:42:57.198Z	StillImage	COORDINATE_ROUNDED;CONTINENT_DERIVED_FROM_COORDINATES;TAXON_MATCH_TAXON_ID_IGNORED
4936225340	50c9509d-22c7-4a22-a47d-8c48425ef4a7	https://www.inaturalist.org/observations/239010518	Fungi	Basidiomycota	Agaricomycetes	Agaricales	Physalacriaceae	Hymenopellis	Hymenopellis furfuracea		SPECIES	Oudemansiella furfuracea (Peck) Zhu L.Yang, G.M.Muell., G.Kost & Rexer	Oudemansiella furfuracea		CA		Ontario	PRESENT		28eb1a3f-1c15-4a95-931a-4af90ecb574d	45.213745	-79.032678	3.0						2024-08-31T13:47:30	31	8	2024	8270988	7518425	HUMAN_OBSERVATION	iNaturalist	Observations	239010518		connorstaff	2024-08-31T17:56:39	CC_BY_NC_4_0	connorstaff	connorstaff			2025-01-14T12:49:58.557Z	StillImage	COORDINATE_ROUNDED;CONTINENT_DERIVED_FROM_COORDINATES;TAXON_MATCH_TAXON_ID_IGNORED
4936142154	50c9509d-22c7-4a22-a47d-8c48425ef4a7	https://www.inaturalist.org/observations/238845270	Fungi	Basidiomycota	Agaricomycetes	Agaricales	Physalacriaceae	Hymenopellis	Hymenopellis furfuracea		SPECIES	Oudemansiella furfuracea (Peck) Zhu L.Yang, G.M.Muell., G.Kost & Rexer	Oudemansiella furfuracea		CA		Ontario	PRESENT		28eb1a3f-1c15-4a95-931a-4af90ecb574d	45.345541	-79.092225	174.0						2024-08-30T16:58:02	30	8	2024	8270988	7518425	HUMAN_OBSERVATION	iNaturalist	Observations	238845270		Jan Thornhill	2024-09-01T12:57:24	CC_BY_NC_4_0	Jonathan Steele	Jonathan Steele			2025-01-14T12:57:47.666Z	StillImage	COORDINATE_ROUNDED;CONTINENT_DERIVED_FROM_COORDINATES;TAXON_MATCH_TAXON_ID_IGNORED
4926376061	50c9509d-22c7-4a22-a47d-8c48425ef4a7	https://www.inaturalist.org/observations/235924033	Fungi	Basidiomycota	Agaricomycetes	Agaricales	Physalacriaceae	Hymenopellis	Hymenopellis furfuracea		SPECIES	Oudemansiella furfuracea (Peck) Zhu L.Yang, G.M.Muell., G.Kost & Rexer	Oudemansiella furfuracea		CA		New Brunswick	PRESENT		28eb1a3f-1c15-4a95-931a-4af90ecb574d	45.207467	-66.368958	5.0						2024-08-15T10:46	15	8	2024	8270988	7518425	HUMAN_OBSERVATION	iNaturalist	Observations	235924033		Ken Sanderson	2024-08-15T15:49:16	CC_BY_NC_4_0	Ken Sanderson	Ken Sanderson			2025-01-14T13:43:31.268Z	StillImage	COORDINATE_ROUNDED;CONTINENT_DERIVED_FROM_COORDINATES;TAXON_MATCH_TAXON_ID_IGNORED
4924100598	50c9509d-22c7-4a22-a47d-8c48425ef4a7	https://www.inaturalist.org/observations/234921902	Fungi	Basidiomycota	Agaricomycetes	Agaricales	Physalacriaceae	Hymenopellis	Hymenopellis furfuracea		SPECIES	Oudemansiella furfuracea (Peck) Zhu L.Yang, G.M.Muell., G.Kost & Rexer	Oudemansiella furfuracea		CA		Ontario	PRESENT		28eb1a3f-1c15-4a95-931a-4af90ecb574d	45.430246	-78.337974	27158.0						2024-08-05T17:34	5	8	2024	8270988	7518425	HUMAN_OBSERVATION	iNaturalist	Observations	234921902		Dan MacNeal	2024-08-10T17:36:51	CC_BY_4_0	Dan MacNeal	Dan MacNeal			2025-01-14T13:38:28.600Z	StillImage	COORDINATE_ROUNDED;CONTINENT_DERIVED_FROM_COORDINATES;TAXON_MATCH_TAXON_ID_IGNORED
4923944366	50c9509d-22c7-4a22-a47d-8c48425ef4a7	https://www.inaturalist.org/observations/235224606	Fungi	Basidiomycota	Agaricomycetes	Agaricales	Physalacriaceae	Hymenopellis	Hymenopellis furfuracea		SPECIES	Oudemansiella furfuracea (Peck) Zhu L.Yang, G.M.Muell., G.Kost & Rexer	Oudemansiella furfuracea		CA		Québec	PRESENT		28eb1a3f-1c15-4a95-931a-4af90ecb574d	45.655722	-72.963964							2024-08-11T16:51:44	11	8	2024	8270988	7518425	HUMAN_OBSERVATION	iNaturalist	Observations	235224606		egrenier	2024-08-11T22:53:57	CC_BY_NC_4_0	egrenier	egrenier			2025-01-14T12:52:06.611Z	StillImage	COORDINATE_ROUNDED;CONTINENT_DERIVED_FROM_COORDINATES;TAXON_MATCH_TAXON_ID_IGNORED
4923927918	50c9509d-22c7-4a22-a47d-8c48425ef4a7	https://www.inaturalist.org/observations/235318735	Fungi	Basidiomycota	Agaricomycetes	Agaricales	Physalacriaceae	Hymenopellis	Hymenopellis furfuracea		SPECIES	Oudemansiella furfuracea (Peck) Zhu L.Yang, G.M.Muell., G.Kost & Rexer	Oudemansiella furfuracea		CA		Québec	PRESENT		28eb1a3f-1c15-4a95-931a-4af90ecb574d	45.253522	-72.337422	15.0						2024-08-08T16:20	8	8	2024	8270988	7518425	HUMAN_OBSERVATION	iNaturalist	Observations	235318735		Alexis Tinker-Tsavalas	2024-08-12T12:29:56	CC_BY_4_0	Alexis Tinker-Tsavalas	Alexis Tinker-Tsavalas			2025-01-14T12:49:15.582Z	StillImage	COORDINATE_ROUNDED;CONTINENT_DERIVED_FROM_COORDINATES;TAXON_MATCH_TAXON_ID_IGNORED
4921816938	50c9509d-22c7-4a22-a47d-8c48425ef4a7	https://www.inaturalist.org/observations/233580677	Fungi	Basidiomycota	Agaricomycetes	Agaricales	Physalacriaceae	Hymenopellis	Hymenopellis furfuracea		SPECIES	Oudemansiella furfuracea (Peck) Zhu L.Yang, G.M.Muell., G.Kost & Rexer	Oudemansiella furfuracea		CA		Québec	PRESENT		28eb1a3f-1c15-4a95-931a-4af90ecb574d	45.680209	-73.507649	183.0						2024-08-03T13:43:27	3	8	2024	8270988	7518425	HUMAN_OBSERVATION	iNaturalist	Observations	233580677		viviane	2024-08-03T21:44:35	CC_BY_NC_4_0	viviane	viviane			2025-01-14T13:34:48.658Z	StillImage	COORDINATE_ROUNDED;CONTINENT_DERIVED_FROM_COORDINATES;TAXON_MATCH_TAXON_ID_IGNORED
4921706264	50c9509d-22c7-4a22-a47d-8c48425ef4a7	https://www.inaturalist.org/observations/233855651	Fungi	Basidiomycota	Agaricomycetes	Agaricales	Physalacriaceae	Hymenopellis	Hymenopellis furfuracea		SPECIES	Oudemansiella furfuracea (Peck) Zhu L.Yang, G.M.Muell., G.Kost & Rexer	Oudemansiella furfuracea		CA		Ontario	PRESENT		28eb1a3f-1c15-4a95-931a-4af90ecb574d	45.407028	-75.544407							2024-08-04T13:54	4	8	2024	8270988	7518425	HUMAN_OBSERVATION	iNaturalist	Observations	233855651		jonathan_mack	2024-08-05T01:47:10	CC_BY_NC_4_0	jonathan_mack	jonathan_mack			2025-01-14T12:57:20.219Z	StillImage	COORDINATE_ROUNDED;CONTINENT_DERIVED_FROM_COORDINATES;TAXON_MATCH_TAXON_ID_IGNORED
4908843968	50c9509d-22c7-4a22-a47d-8c48425ef4a7	https://www.inaturalist.org/observations/228363443	Fungi	Basidiomycota	Agaricomycetes	Agaricales	Physalacriaceae	Hymenopellis	Hymenopellis furfuracea		SPECIES	Oudemansiella furfuracea (Peck) Zhu L.Yang, G.M.Muell., G.Kost & Rexer	Oudemansiella furfuracea		CA		Québec	PRESENT		28eb1a3f-1c15-4a95-931a-4af90ecb574d	45.450178	-75.780336	490.0						2024-07-09T13:47	9	7	2024	8270988	7518425	HUMAN_OBSERVATION	iNaturalist	Observations	228363443		Antoine Fortin	2024-07-11T01:18:42	CC_BY_NC_4_0	François L.	François L.			2025-01-14T13:41:53.602Z	StillImage	COORDINATE_ROUNDED;CONTINENT_DERIVED_FROM_COORDINATES;TAXON_MATCH_TAXON_ID_IGNORED
4908758467	50c9509d-22c7-4a22-a47d-8c48425ef4a7	https://www.inaturalist.org/observations/229232190	Fungi	Basidiomycota	Agaricomycetes	Agaricales	Physalacriaceae	Hymenopellis	Hymenopellis furfuracea		SPECIES	Oudemansiella furfuracea (Peck) Zhu L.Yang, G.M.Muell., G.Kost & Rexer	Oudemansiella furfuracea		CA		Québec	PRESENT		28eb1a3f-1c15-4a95-931a-4af90ecb574d	45.062467	-72.8806	82.0						2024-07-07T16:10:40	7	7	2024	8270988	7518425	HUMAN_OBSERVATION	iNaturalist	Observations	229232190		liliane_bathalon	2024-07-14T11:10:22	CC_BY_NC_4_0	liliane_bathalon	liliane_bathalon			2025-01-14T12:56:39.012Z	StillImage	COORDINATE_ROUNDED;CONTINENT_DERIVED_FROM_COORDINATES;TAXON_MATCH_TAXON_ID_IGNORED
4902112005	50c9509d-22c7-4a22-a47d-8c48425ef4a7	https://www.inaturalist.org/observations/223884510	Fungi	Basidiomycota	Agaricomycetes	Agaricales	Physalacriaceae	Hymenopellis	Hymenopellis furfuracea		SPECIES	Oudemansiella furfuracea (Peck) Zhu L.Yang, G.M.Muell., G.Kost & Rexer	Oudemansiella furfuracea		CA		Québec	PRESENT		28eb1a3f-1c15-4a95-931a-4af90ecb574d	45.553804	-73.472173	15.0						2024-06-10T17:31	10	6	2024	8270988	7518425	HUMAN_OBSERVATION	iNaturalist	Observations	223884510		Antoine Fortin	2024-06-20T01:01:52	CC_BY_NC_4_0	Antoine Fortin	Antoine Fortin			2025-01-14T12:48:45.208Z	StillImage	COORDINATE_ROUNDED;CONTINENT_DERIVED_FROM_COORDINATES;TAXON_MATCH_TAXON_ID_IGNORED
4901952020	50c9509d-22c7-4a22-a47d-8c48425ef4a7	https://www.inaturalist.org/observations/223226485	Fungi	Basidiomycota	Agaricomycetes	Agaricales	Physalacriaceae	Hymenopellis	Hymenopellis furfuracea		SPECIES	Oudemansiella furfuracea (Peck) Zhu L.Yang, G.M.Muell., G.Kost & Rexer	Oudemansiella furfuracea		CA		Ontario	PRESENT		28eb1a3f-1c15-4a95-931a-4af90ecb574d	45.453026	-75.547816	28.0						2024-06-16T13:52	16	6	2024	8270988	7518425	HUMAN_OBSERVATION	iNaturalist	Observations	223226485		jonathan_mack	2024-06-16T23:36:44	CC_BY_NC_4_0	jonathan_mack	jonathan_mack			2025-01-14T12:47:59.925Z	StillImage	COORDINATE_ROUNDED;CONTINENT_DERIVED_FROM_COORDINATES;TAXON_MATCH_TAXON_ID_IGNORED
4854783875	50c9509d-22c7-4a22-a47d-8c48425ef4a7	https://www.inaturalist.org/observations/95726196	Fungi	Basidiomycota	Agaricomycetes	Agaricales	Physalacriaceae	Hymenopellis	Hymenopellis furfuracea		SPECIES	Oudemansiella furfuracea (Peck) Zhu L.Yang, G.M.Muell., G.Kost & Rexer	Oudemansiella furfuracea		CA		Nova Scotia	PRESENT		28eb1a3f-1c15-4a95-931a-4af90ecb574d	45.085289	-64.36237	32.0						2021-09-17T13:43:37	17	9	2021	8270988	7518425	HUMAN_OBSERVATION	iNaturalist	Observations	95726196		cinna_latifolia	2021-10-12T01:53:06	CC_BY_NC_4_0	beccam333	beccam333			2025-01-14T12:22:37.860Z	StillImage	COORDINATE_ROUNDED;CONTINENT_DERIVED_FROM_COORDINATES;TAXON_MATCH_TAXON_ID_IGNORED
4852251501	50c9509d-22c7-4a22-a47d-8c48425ef4a7	https://www.inaturalist.org/observations/208332475	Fungi	Basidiomycota	Agaricomycetes	Agaricales	Physalacriaceae	Hymenopellis	Hymenopellis furfuracea		SPECIES	Oudemansiella furfuracea (Peck) Zhu L.Yang, G.M.Muell., G.Kost & Rexer	Oudemansiella furfuracea		CA		Québec	PRESENT		28eb1a3f-1c15-4a95-931a-4af90ecb574d	45.120909	-72.43254	533.0						2013-07-31T14:30	31	7	2013	8270988	7518425	HUMAN_OBSERVATION	iNaturalist	Observations	208332475		René Faucher	2024-04-20T19:20:35	CC_BY_NC_4_0	René Faucher	René Faucher			2025-01-14T13:39:21.424Z	StillImage	COORDINATE_ROUNDED;CONTINENT_DERIVED_FROM_COORDINATES;TAXON_MATCH_TAXON_ID_IGNORED
4535918942	50c9509d-22c7-4a22-a47d-8c48425ef4a7	https://www.inaturalist.org/observations/200899332	Fungi	Basidiomycota	Agaricomycetes	Agaricales	Physalacriaceae	Hymenopellis	Hymenopellis furfuracea		SPECIES	Oudemansiella furfuracea (Peck) Zhu L.Yang, G.M.Muell., G.Kost & Rexer	Oudemansiella furfuracea		CA		Québec	PRESENT		28eb1a3f-1c15-4a95-931a-4af90ecb574d	46.912541	-71.213089	15.0						2023-08-06	6	8	2023	8270988	7518425	HUMAN_OBSERVATION	iNaturalist	Observations	200899332		Christian Grenier	2024-03-01T12:02:21	CC_BY_NC_4_0	Christian Grenier	Christian Grenier			2025-01-14T12:44:23.681Z	StillImage	COORDINATE_ROUNDED;CONTINENT_DERIVED_FROM_COORDINATES;TAXON_MATCH_TAXON_ID_IGNORED
4527968208	50c9509d-22c7-4a22-a47d-8c48425ef4a7	https://www.inaturalist.org/observations/195016819	Fungi	Basidiomycota	Agaricomycetes	Agaricales	Physalacriaceae	Hymenopellis	Hymenopellis furfuracea		SPECIES	Oudemansiella furfuracea (Peck) Zhu L.Yang, G.M.Muell., G.Kost & Rexer	Oudemansiella furfuracea		CA		Québec	PRESENT		28eb1a3f-1c15-4a95-931a-4af90ecb574d	45.310043	-71.887491	20.0						2023-07-03T18:55	3	7	2023	8270988	7518425	HUMAN_OBSERVATION	iNaturalist	Observations	195016819		Katia Burelle	2024-01-02T23:10:17	CC0_1_0	François Rousseu	François Rousseu			2025-01-14T13:35:08.857Z	StillImage	COORDINATE_ROUNDED;CONTINENT_DERIVED_FROM_COORDINATES;TAXON_MATCH_TAXON_ID_IGNORED
4527939223	50c9509d-22c7-4a22-a47d-8c48425ef4a7	https://www.inaturalist.org/observations/195687950	Fungi	Basidiomycota	Agaricomycetes	Agaricales	Physalacriaceae	Hymenopellis	Hymenopellis furfuracea		SPECIES	Oudemansiella furfuracea (Peck) Zhu L.Yang, G.M.Muell., G.Kost & Rexer	Oudemansiella furfuracea		CA		Québec	PRESENT		28eb1a3f-1c15-4a95-931a-4af90ecb574d	45.310168	-71.887908	20.0						2023-09-01T18:21	1	9	2023	8270988	7518425	HUMAN_OBSERVATION	iNaturalist	Observations	195687950		Gaby Beland	2024-01-05T14:26:22	CC0_1_0	François Rousseu	François Rousseu			2025-01-14T12:43:18.670Z	StillImage	COORDINATE_ROUNDED;CONTINENT_DERIVED_FROM_COORDINATES;TAXON_MATCH_TAXON_ID_IGNORED
4525279221	50c9509d-22c7-4a22-a47d-8c48425ef4a7	https://www.inaturalist.org/observations/199793209	Fungi	Basidiomycota	Agaricomycetes	Agaricales	Physalacriaceae	Hymenopellis	Hymenopellis furfuracea		SPECIES	Oudemansiella furfuracea (Peck) Zhu L.Yang, G.M.Muell., G.Kost & Rexer	Oudemansiella furfuracea		CA		Québec	PRESENT		28eb1a3f-1c15-4a95-931a-4af90ecb574d	46.792379	-71.339337	15.0						2023-08-15	15	8	2023	8270988	7518425	HUMAN_OBSERVATION	iNaturalist	Observations	199793209		Christian Grenier	2024-02-19T13:20:32	CC_BY_NC_4_0	Christian Grenier	Christian Grenier			2025-01-14T13:37:49.167Z	StillImage	COORDINATE_ROUNDED;CONTINENT_DERIVED_FROM_COORDINATES;TAXON_MATCH_TAXON_ID_IGNORED
4522624918	50c9509d-22c7-4a22-a47d-8c48425ef4a7	https://www.inaturalist.org/observations/198644290	Fungi	Basidiomycota	Agaricomycetes	Agaricales	Physalacriaceae	Hymenopellis	Hymenopellis furfuracea		SPECIES	Oudemansiella furfuracea (Peck) Zhu L.Yang, G.M.Muell., G.Kost & Rexer	Oudemansiella furfuracea		CA		Québec	PRESENT		28eb1a3f-1c15-4a95-931a-4af90ecb574d	46.910826	-71.222303	31.0						2023-08-21	21	8	2023	8270988	7518425	HUMAN_OBSERVATION	iNaturalist	Observations	198644290		Antoine Fortin	2024-02-12T00:44:02	CC_BY_NC_4_0	Christian Grenier	Christian Grenier			2025-01-14T13:37:13.095Z	StillImage	COORDINATE_ROUNDED;CONTINENT_DERIVED_FROM_COORDINATES;TAXON_MATCH_TAXON_ID_IGNORED
4465598671	50c9509d-22c7-4a22-a47d-8c48425ef4a7	https://www.inaturalist.org/observations/132939741	Fungi	Basidiomycota	Agaricomycetes	Agaricales	Physalacriaceae	Hymenopellis	Hymenopellis furfuracea		SPECIES	Oudemansiella furfuracea (Peck) Zhu L.Yang, G.M.Muell., G.Kost & Rexer	Oudemansiella furfuracea		CA		Ontario	PRESENT		28eb1a3f-1c15-4a95-931a-4af90ecb574d	45.317306	-75.818367	27190.0						2022-08-30T08:04	30	8	2022	8270988	7518425	HUMAN_OBSERVATION	iNaturalist	Observations	132939741		amanitamozart	2023-06-06T12:25:08	CC_BY_NC_4_0	amanitamozart	amanitamozart			2025-01-14T13:19:50.007Z	StillImage	COORDINATE_ROUNDED;CONTINENT_DERIVED_FROM_COORDINATES;TAXON_MATCH_TAXON_ID_IGNORED
4421056479	50c9509d-22c7-4a22-a47d-8c48425ef4a7	https://www.inaturalist.org/observations/180937100	Fungi	Basidiomycota	Agaricomycetes	Agaricales	Physalacriaceae	Hymenopellis	Hymenopellis furfuracea		SPECIES	Oudemansiella furfuracea (Peck) Zhu L.Yang, G.M.Muell., G.Kost & Rexer	Oudemansiella furfuracea		CA		Québec	PRESENT		28eb1a3f-1c15-4a95-931a-4af90ecb574d	45.49345	-75.862633	5.0						2023-08-24T13:40:17	24	8	2023	8270988	7518425	HUMAN_OBSERVATION	iNaturalist	Observations	180937100		Dylan T. Taylor	2023-09-27T15:23:35	CC_BY_NC_4_0	Grace Howard	Grace Howard			2025-01-14T13:32:24.964Z	StillImage	COORDINATE_ROUNDED;CONTINENT_DERIVED_FROM_COORDINATES;TAXON_MATCH_TAXON_ID_IGNORED
4414145159	50c9509d-22c7-4a22-a47d-8c48425ef4a7	https://www.inaturalist.org/observations/182331486	Fungi	Basidiomycota	Agaricomycetes	Agaricales	Physalacriaceae	Hymenopellis	Hymenopellis furfuracea		SPECIES	Oudemansiella furfuracea (Peck) Zhu L.Yang, G.M.Muell., G.Kost & Rexer	Oudemansiella furfuracea		CA		Québec	PRESENT		28eb1a3f-1c15-4a95-931a-4af90ecb574d	45.655356	-75.769459							2023-09-07T16:58	7	9	2023	8270988	7518425	HUMAN_OBSERVATION	iNaturalist	Observations	182331486		Peter Meisenheimer	2023-09-08T15:34:41	CC_BY_NC_4_0	Peter Meisenheimer	Peter Meisenheimer			2025-01-14T12:42:07.889Z	StillImage	COORDINATE_ROUNDED;CONTINENT_DERIVED_FROM_COORDINATES;TAXON_MATCH_TAXON_ID_IGNORED
4414117088	50c9509d-22c7-4a22-a47d-8c48425ef4a7	https://www.inaturalist.org/observations/183753639	Fungi	Basidiomycota	Agaricomycetes	Agaricales	Physalacriaceae	Hymenopellis	Hymenopellis furfuracea		SPECIES	Oudemansiella furfuracea (Peck) Zhu L.Yang, G.M.Muell., G.Kost & Rexer	Oudemansiella furfuracea		CA		Québec	PRESENT		28eb1a3f-1c15-4a95-931a-4af90ecb574d	45.435162	-74.265245	6.0						2023-09-17T14:28:17	17	9	2023	8270988	7518425	HUMAN_OBSERVATION	iNaturalist	Observations	183753639		l_bienvenue	2023-09-17T23:36:38	CC_BY_NC_4_0	l_bienvenue	l_bienvenue			2025-01-14T13:27:43.126Z	StillImage	COORDINATE_ROUNDED;CONTINENT_DERIVED_FROM_COORDINATES;TAXON_MATCH_TAXON_ID_IGNORED
4413852801	50c9509d-22c7-4a22-a47d-8c48425ef4a7	https://www.inaturalist.org/observations/182474140	Fungi	Basidiomycota	Agaricomycetes	Agaricales	Physalacriaceae	Hymenopellis	Hymenopellis furfuracea		SPECIES	Oudemansiella furfuracea (Peck) Zhu L.Yang, G.M.Muell., G.Kost & Rexer	Oudemansiella furfuracea		CA		Québec	PRESENT		28eb1a3f-1c15-4a95-931a-4af90ecb574d	47.075039	-70.911883							2023-09-09T11:05:12	9	9	2023	8270988	7518425	HUMAN_OBSERVATION	iNaturalist	Observations	182474140		Peter Soroye	2023-09-09T15:06:36	CC_BY_NC_4_0	Peter Soroye	Peter Soroye			2025-01-14T13:32:43.326Z	StillImage	COORDINATE_ROUNDED;CONTINENT_DERIVED_FROM_COORDINATES;TAXON_MATCH_TAXON_ID_IGNORED
4413716167	50c9509d-22c7-4a22-a47d-8c48425ef4a7	https://www.inaturalist.org/observations/182483494	Fungi	Basidiomycota	Agaricomycetes	Agaricales	Physalacriaceae	Hymenopellis	Hymenopellis furfuracea		SPECIES	Oudemansiella furfuracea (Peck) Zhu L.Yang, G.M.Muell., G.Kost & Rexer	Oudemansiella furfuracea		CA		Québec	PRESENT		28eb1a3f-1c15-4a95-931a-4af90ecb574d	45.51123	-73.584022	17.0						2023-09-07T17:13:27	7	9	2023	8270988	7518425	HUMAN_OBSERVATION	iNaturalist	Observations	182483494		Antoine Fortin	2023-09-12T15:00:52	CC_BY_NC_4_0	sashasocs	sashasocs			2025-01-14T13:32:31.114Z	StillImage	COORDINATE_ROUNDED;CONTINENT_DERIVED_FROM_COORDINATES;TAXON_MATCH_TAXON_ID_IGNORED
4407376730	50c9509d-22c7-4a22-a47d-8c48425ef4a7	https://www.inaturalist.org/observations/175874795	Fungi	Basidiomycota	Agaricomycetes	Agaricales	Physalacriaceae	Hymenopellis	Hymenopellis furfuracea		SPECIES	Oudemansiella furfuracea (Peck) Zhu L.Yang, G.M.Muell., G.Kost & Rexer	Oudemansiella furfuracea		CA		Ontario	PRESENT		28eb1a3f-1c15-4a95-931a-4af90ecb574d	45.434533	-76.369142	4.0						2023-07-30T19:22:42	30	7	2023	8270988	7518425	HUMAN_OBSERVATION	iNaturalist	Observations	175874795		David McLagan	2023-08-30T17:09:06	CC_BY_NC_4_0	Cerys_just_Cerys	Cerys_just_Cerys			2025-01-14T12:43:48.570Z	StillImage	COORDINATE_ROUNDED;CONTINENT_DERIVED_FROM_COORDINATES;TAXON_MATCH_TAXON_ID_IGNORED
4407079769	50c9509d-22c7-4a22-a47d-8c48425ef4a7	https://www.inaturalist.org/observations/177499599	Fungi	Basidiomycota	Agaricomycetes	Agaricales	Physalacriaceae	Hymenopellis	Hymenopellis furfuracea		SPECIES	Oudemansiella furfuracea (Peck) Zhu L.Yang, G.M.Muell., G.Kost & Rexer	Oudemansiella furfuracea		CA		Québec	PRESENT		28eb1a3f-1c15-4a95-931a-4af90ecb574d	45.607555	-75.569663	8.0						2023-08-09T09:06:28	9	8	2023	8270988	7518425	HUMAN_OBSERVATION	iNaturalist	Observations	177499599		Antoine Fortin	2023-08-09T22:46:23	CC_BY_NC_4_0	Joanne McKinnon	Joanne McKinnon			2025-01-14T13:32:07.193Z	StillImage	COORDINATE_ROUNDED;CONTINENT_DERIVED_FROM_COORDINATES;TAXON_MATCH_TAXON_ID_IGNORED
4405527769	50c9509d-22c7-4a22-a47d-8c48425ef4a7	https://www.inaturalist.org/observations/180530088	Fungi	Basidiomycota	Agaricomycetes	Agaricales	Physalacriaceae	Hymenopellis	Hymenopellis furfuracea		SPECIES	Oudemansiella furfuracea (Peck) Zhu L.Yang, G.M.Muell., G.Kost & Rexer	Oudemansiella furfuracea		CA		Ontario	PRESENT		28eb1a3f-1c15-4a95-931a-4af90ecb574d	45.257087	-78.557553							2023-08-26T08:53:24	26	8	2023	8270988	7518425	HUMAN_OBSERVATION	iNaturalist	Observations	180530088		jacktoms	2023-08-27T22:35:59	CC_BY_NC_4_0	jacktoms	jacktoms			2025-01-14T12:40:06.214Z	StillImage	COORDINATE_ROUNDED;CONTINENT_DERIVED_FROM_COORDINATES;TAXON_MATCH_TAXON_ID_IGNORED
4405496185	50c9509d-22c7-4a22-a47d-8c48425ef4a7	https://www.inaturalist.org/observations/180543469	Fungi	Basidiomycota	Agaricomycetes	Agaricales	Physalacriaceae	Hymenopellis	Hymenopellis furfuracea		SPECIES	Oudemansiella furfuracea (Peck) Zhu L.Yang, G.M.Muell., G.Kost & Rexer	Oudemansiella furfuracea		CA		Ontario	PRESENT		28eb1a3f-1c15-4a95-931a-4af90ecb574d	45.148779	-79.114045	458.0						2023-08-27T11:08:13	27	8	2023	8270988	7518425	HUMAN_OBSERVATION	iNaturalist	Observations	180543469		orokidz2021	2023-08-28T00:11:53	CC_BY_NC_4_0	orokidz2021	orokidz2021			2025-01-14T13:32:19.333Z	StillImage	COORDINATE_ROUNDED;CONTINENT_DERIVED_FROM_COORDINATES;TAXON_MATCH_TAXON_ID_IGNORED
4405485951	50c9509d-22c7-4a22-a47d-8c48425ef4a7	https://www.inaturalist.org/observations/180344869	Fungi	Basidiomycota	Agaricomycetes	Agaricales	Physalacriaceae	Hymenopellis	Hymenopellis furfuracea		SPECIES	Oudemansiella furfuracea (Peck) Zhu L.Yang, G.M.Muell., G.Kost & Rexer	Oudemansiella furfuracea		CA		New Brunswick	PRESENT		28eb1a3f-1c15-4a95-931a-4af90ecb574d	45.950301	-66.671552							2023-08-26T16:06:53	26	8	2023	8270988	7518425	HUMAN_OBSERVATION	iNaturalist	Observations	180344869		Andrew MacPherson	2023-08-26T21:59:55	CC0_1_0	Andrew MacPherson	Andrew MacPherson			2025-01-14T14:11:28.029Z	StillImage	COORDINATE_ROUNDED;CONTINENT_DERIVED_FROM_COORDINATES;TAXON_MATCH_TAXON_ID_IGNORED
4405453142	50c9509d-22c7-4a22-a47d-8c48425ef4a7	https://www.inaturalist.org/observations/180371572	Fungi	Basidiomycota	Agaricomycetes	Agaricales	Physalacriaceae	Hymenopellis	Hymenopellis furfuracea		SPECIES	Oudemansiella furfuracea (Peck) Zhu L.Yang, G.M.Muell., G.Kost & Rexer	Oudemansiella furfuracea		CA		Ontario	PRESENT		28eb1a3f-1c15-4a95-931a-4af90ecb574d	45.171945	-76.25218	30.0						2023-08-26T13:36:11	26	8	2023	8270988	7518425	HUMAN_OBSERVATION	iNaturalist	Observations	180371572		Lynn Ovenden	2023-08-27T01:24:19	CC_BY_NC_4_0	Lynn Ovenden	Lynn Ovenden			2025-01-14T13:32:46.437Z	StillImage	CONTINENT_DERIVED_FROM_COORDINATES;TAXON_MATCH_TAXON_ID_IGNORED
4405350569	50c9509d-22c7-4a22-a47d-8c48425ef4a7	https://www.inaturalist.org/observations/180296538	Fungi	Basidiomycota	Agaricomycetes	Agaricales	Physalacriaceae	Hymenopellis	Hymenopellis furfuracea		SPECIES	Oudemansiella furfuracea (Peck) Zhu L.Yang, G.M.Muell., G.Kost & Rexer	Oudemansiella furfuracea		CA		Québec	PRESENT		28eb1a3f-1c15-4a95-931a-4af90ecb574d	46.124028	-73.87818	7.0						2023-08-26T10:45:39	26	8	2023	8270988	7518425	HUMAN_OBSERVATION	iNaturalist	Observations	180296538		timfoster	2023-08-26T16:57:57	CC_BY_NC_4_0	timfoster	timfoster			2025-01-14T12:39:52.071Z	StillImage	COORDINATE_ROUNDED;CONTINENT_DERIVED_FROM_COORDINATES;TAXON_MATCH_TAXON_ID_IGNORED
4405286798	50c9509d-22c7-4a22-a47d-8c48425ef4a7	https://www.inaturalist.org/observations/177201301	Fungi	Basidiomycota	Agaricomycetes	Agaricales	Physalacriaceae	Hymenopellis	Hymenopellis furfuracea		SPECIES	Oudemansiella furfuracea (Peck) Zhu L.Yang, G.M.Muell., G.Kost & Rexer	Oudemansiella furfuracea		CA		Ontario	PRESENT		28eb1a3f-1c15-4a95-931a-4af90ecb574d	45.369007	-75.289165	4.0						2023-08-07T13:30	7	8	2023	8270988	7518425	HUMAN_OBSERVATION	iNaturalist	Observations	177201301		erindurant42	2023-08-07T17:30:23	CC_BY_NC_4_0	erindurant42	erindurant42			2025-01-14T13:31:55.079Z	StillImage	COORDINATE_ROUNDED;CONTINENT_DERIVED_FROM_COORDINATES;TAXON_MATCH_TAXON_ID_IGNORED
4405276963	50c9509d-22c7-4a22-a47d-8c48425ef4a7	https://www.inaturalist.org/observations/180471829	Fungi	Basidiomycota	Agaricomycetes	Agaricales	Physalacriaceae	Hymenopellis	Hymenopellis furfuracea		SPECIES	Oudemansiella furfuracea (Peck) Zhu L.Yang, G.M.Muell., G.Kost & Rexer	Oudemansiella furfuracea		CA		Québec	PRESENT		28eb1a3f-1c15-4a95-931a-4af90ecb574d	46.754282	-71.350291							2023-08-27T13:02:14	27	8	2023	8270988	7518425	HUMAN_OBSERVATION	iNaturalist	Observations	180471829		gundy05	2023-08-27T17:07:03	CC_BY_NC_4_0	gundy05	gundy05			2025-01-14T13:31:20.031Z	StillImage	COORDINATE_ROUNDED;CONTINENT_DERIVED_FROM_COORDINATES;TAXON_MATCH_TAXON_ID_IGNORED
4405267754	50c9509d-22c7-4a22-a47d-8c48425ef4a7	https://www.inaturalist.org/observations/177097440	Fungi	Basidiomycota	Agaricomycetes	Agaricales	Physalacriaceae	Hymenopellis	Hymenopellis furfuracea		SPECIES	Oudemansiella furfuracea (Peck) Zhu L.Yang, G.M.Muell., G.Kost & Rexer	Oudemansiella furfuracea		CA		Ontario	PRESENT		28eb1a3f-1c15-4a95-931a-4af90ecb574d	45.074404	-79.122298	15.0						2023-08-05T15:02	5	8	2023	8270988	7518425	HUMAN_OBSERVATION	iNaturalist	Observations	177097440		Peter Jessen	2023-08-07T01:51:30	CC_BY_NC_4_0	Peter Jessen	Peter Jessen			2025-01-14T13:31:45.827Z	StillImage	COORDINATE_ROUNDED;CONTINENT_DERIVED_FROM_COORDINATES;TAXON_MATCH_TAXON_ID_IGNORED
4405249893	50c9509d-22c7-4a22-a47d-8c48425ef4a7	https://www.inaturalist.org/observations/178607704	Fungi	Basidiomycota	Agaricomycetes	Agaricales	Physalacriaceae	Hymenopellis	Hymenopellis furfuracea		SPECIES	Oudemansiella furfuracea (Peck) Zhu L.Yang, G.M.Muell., G.Kost & Rexer	Oudemansiella furfuracea		CA		Ontario	PRESENT		28eb1a3f-1c15-4a95-931a-4af90ecb574d	45.003375	-77.58905	4.0						2023-08-15T15:02:42	15	8	2023	8270988	7518425	HUMAN_OBSERVATION	iNaturalist	Observations	178607704		Graham Cameron	2023-08-15T23:07:45	CC_BY_NC_4_0	Graham Cameron	Graham Cameron			2025-01-14T13:32:19.115Z	StillImage	COORDINATE_ROUNDED;CONTINENT_DERIVED_FROM_COORDINATES;TAXON_MATCH_TAXON_ID_IGNORED
4405240912	50c9509d-22c7-4a22-a47d-8c48425ef4a7	https://www.inaturalist.org/observations/179596993	Fungi	Basidiomycota	Agaricomycetes	Agaricales	Physalacriaceae	Hymenopellis	Hymenopellis furfuracea		SPECIES	Oudemansiella furfuracea (Peck) Zhu L.Yang, G.M.Muell., G.Kost & Rexer	Oudemansiella furfuracea		CA		Prince Edward Island	PRESENT		28eb1a3f-1c15-4a95-931a-4af90ecb574d	46.698019	-64.166677	40.0						2023-08-19T15:12	19	8	2023	8270988	7518425	HUMAN_OBSERVATION	iNaturalist	Observations	179596993		Rosemary Curley	2023-08-21T22:44:45	CC_BY_NC_4_0	Rosemary Curley	Rosemary Curley			2025-01-14T13:32:51.286Z	StillImage	COORDINATE_ROUNDED;CONTINENT_DERIVED_FROM_COORDINATES;TAXON_MATCH_TAXON_ID_IGNORED
4405207666	50c9509d-22c7-4a22-a47d-8c48425ef4a7	https://www.inaturalist.org/observations/179380001	Fungi	Basidiomycota	Agaricomycetes	Agaricales	Physalacriaceae	Hymenopellis	Hymenopellis furfuracea		SPECIES	Oudemansiella furfuracea (Peck) Zhu L.Yang, G.M.Muell., G.Kost & Rexer	Oudemansiella furfuracea		CA		Ontario	PRESENT		28eb1a3f-1c15-4a95-931a-4af90ecb574d	45.550023	-78.398572	7.0						2023-08-20T12:56:51	20	8	2023	8270988	7518425	HUMAN_OBSERVATION	iNaturalist	Observations	179380001		mfstewart	2023-08-20T17:31:58	CC_BY_NC_4_0	mfstewart	mfstewart			2025-01-14T12:43:27.525Z	StillImage	COORDINATE_ROUNDED;CONTINENT_DERIVED_FROM_COORDINATES;TAXON_MATCH_TAXON_ID_IGNORED
4405167766	50c9509d-22c7-4a22-a47d-8c48425ef4a7	https://www.inaturalist.org/observations/180054390	Fungi	Basidiomycota	Agaricomycetes	Agaricales	Physalacriaceae	Hymenopellis	Hymenopellis furfuracea		SPECIES	Oudemansiella furfuracea (Peck) Zhu L.Yang, G.M.Muell., G.Kost & Rexer	Oudemansiella furfuracea		CA		Québec	PRESENT		28eb1a3f-1c15-4a95-931a-4af90ecb574d	45.425533	-73.944283	14.0						2023-08-24T12:34:39	24	8	2023	8270988	7518425	HUMAN_OBSERVATION	iNaturalist	Observations	180054390		timfoster	2023-08-25T00:43:47	CC_BY_NC_4_0	timfoster	timfoster			2025-01-14T13:40:46.472Z	StillImage	COORDINATE_ROUNDED;CONTINENT_DERIVED_FROM_COORDINATES;TAXON_MATCH_TAXON_ID_IGNORED
4405162542	50c9509d-22c7-4a22-a47d-8c48425ef4a7	https://www.inaturalist.org/observations/178097964	Fungi	Basidiomycota	Agaricomycetes	Agaricales	Physalacriaceae	Hymenopellis	Hymenopellis furfuracea		SPECIES	Oudemansiella furfuracea (Peck) Zhu L.Yang, G.M.Muell., G.Kost & Rexer	Oudemansiella furfuracea		CA		Québec	PRESENT		28eb1a3f-1c15-4a95-931a-4af90ecb574d	45.825894	-73.600235							2023-08-12	12	8	2023	8270988	7518425	HUMAN_OBSERVATION	iNaturalist	Observations	178097964		Mical	2023-08-13T01:10:20	CC_BY_4_0	Mical	Mical			2025-01-14T12:41:51.542Z	StillImage	CONTINENT_DERIVED_FROM_COORDINATES;TAXON_MATCH_TAXON_ID_IGNORED
4405098513	50c9509d-22c7-4a22-a47d-8c48425ef4a7	https://www.inaturalist.org/observations/179210935	Fungi	Basidiomycota	Agaricomycetes	Agaricales	Physalacriaceae	Hymenopellis	Hymenopellis furfuracea		SPECIES	Oudemansiella furfuracea (Peck) Zhu L.Yang, G.M.Muell., G.Kost & Rexer	Oudemansiella furfuracea		CA		Ontario	PRESENT		28eb1a3f-1c15-4a95-931a-4af90ecb574d	45.388309	-75.236618	61.0						2023-08-19T12:32	19	8	2023	8270988	7518425	HUMAN_OBSERVATION	iNaturalist	Observations	179210935		David Thomas Glover	2023-08-19T19:47:01	CC_BY_NC_4_0	David Thomas Glover	David Thomas Glover			2025-01-14T13:32:26.248Z	StillImage	COORDINATE_ROUNDED;CONTINENT_DERIVED_FROM_COORDINATES;TAXON_MATCH_TAXON_ID_IGNORED
4405029837	50c9509d-22c7-4a22-a47d-8c48425ef4a7	https://www.inaturalist.org/observations/177833536	Fungi	Basidiomycota	Agaricomycetes	Agaricales	Physalacriaceae	Hymenopellis	Hymenopellis furfuracea		SPECIES	Oudemansiella furfuracea (Peck) Zhu L.Yang, G.M.Muell., G.Kost & Rexer	Oudemansiella furfuracea		CA		Québec	PRESENT		28eb1a3f-1c15-4a95-931a-4af90ecb574d	45.769627	-74.023439	27126.0						2023-08-11T10:25:12	11	8	2023	8270988	7518425	HUMAN_OBSERVATION	iNaturalist	Observations	177833536		Lori Pearson	2023-08-12T12:45:07	CC_BY_NC_4_0	Lori Pearson	Lori Pearson			2025-01-14T12:43:14.566Z	StillImage	COORDINATE_ROUNDED;CONTINENT_DERIVED_FROM_COORDINATES;TAXON_MATCH_TAXON_ID_IGNORED
4405013287	50c9509d-22c7-4a22-a47d-8c48425ef4a7	https://www.inaturalist.org/observations/180035421	Fungi	Basidiomycota	Agaricomycetes	Agaricales	Physalacriaceae	Hymenopellis	Hymenopellis furfuracea		SPECIES	Oudemansiella furfuracea (Peck) Zhu L.Yang, G.M.Muell., G.Kost & Rexer	Oudemansiella furfuracea		CA		Ontario	PRESENT		28eb1a3f-1c15-4a95-931a-4af90ecb574d	45.435008	-76.032761	3994.0						2023-08-24T17:05:05	24	8	2023	8270988	7518425	HUMAN_OBSERVATION	iNaturalist	Observations	180035421		Jeffrey H. Skevington	2023-08-24T21:49:31	CC_BY_NC_4_0	Jeffrey H. Skevington	Jeffrey H. Skevington			2025-01-14T12:40:52.961Z	StillImage	COORDINATE_ROUNDED;CONTINENT_DERIVED_FROM_COORDINATES;TAXON_MATCH_TAXON_ID_IGNORED
4400170952	50c9509d-22c7-4a22-a47d-8c48425ef4a7	https://www.inaturalist.org/observations/179573216	Fungi	Basidiomycota	Agaricomycetes	Agaricales	Physalacriaceae	Hymenopellis	Hymenopellis furfuracea		SPECIES	Oudemansiella furfuracea (Peck) Zhu L.Yang, G.M.Muell., G.Kost & Rexer	Oudemansiella furfuracea		CA		Québec	PRESENT		28eb1a3f-1c15-4a95-931a-4af90ecb574d	45.872811	-76.4339	501.0						2023-08-17T14:40	17	8	2023	8270988	7518425	HUMAN_OBSERVATION	iNaturalist	Observations	179573216		L Joan Heyding	2023-08-21T19:47:51	CC_BY_NC_4_0	L Joan Heyding	L Joan Heyding			2025-01-14T13:32:13.847Z	StillImage	COORDINATE_ROUNDED;CONTINENT_DERIVED_FROM_COORDINATES;TAXON_MATCH_TAXON_ID_IGNORED
4400013887	50c9509d-22c7-4a22-a47d-8c48425ef4a7	https://www.inaturalist.org/observations/179213654	Fungi	Basidiomycota	Agaricomycetes	Agaricales	Physalacriaceae	Hymenopellis	Hymenopellis furfuracea		SPECIES	Oudemansiella furfuracea (Peck) Zhu L.Yang, G.M.Muell., G.Kost & Rexer	Oudemansiella furfuracea		CA		Québec	PRESENT		28eb1a3f-1c15-4a95-931a-4af90ecb574d	45.553696	-73.312808	474.0						2023-08-19T12:22:57	19	8	2023	8270988	7518425	HUMAN_OBSERVATION	iNaturalist	Observations	179213654		andrewbtmn	2023-08-19T20:02:07	CC_BY_NC_4_0	andrewbtmn	andrewbtmn			2025-01-14T13:32:10.561Z	StillImage	COORDINATE_ROUNDED;CONTINENT_DERIVED_FROM_COORDINATES;TAXON_MATCH_TAXON_ID_IGNORED
4399975024	50c9509d-22c7-4a22-a47d-8c48425ef4a7	https://www.inaturalist.org/observations/179408829	Fungi	Basidiomycota	Agaricomycetes	Agaricales	Physalacriaceae	Hymenopellis	Hymenopellis furfuracea		SPECIES	Oudemansiella furfuracea (Peck) Zhu L.Yang, G.M.Muell., G.Kost & Rexer	Oudemansiella furfuracea		CA		Québec	PRESENT		28eb1a3f-1c15-4a95-931a-4af90ecb574d	46.787777	-71.247344	5.0						2023-08-20T16:16:27	20	8	2023	8270988	7518425	HUMAN_OBSERVATION	iNaturalist	Observations	179408829		Véronik de la Chenelière	2023-08-20T20:16:43	CC_BY_NC_4_0	Véronik de la Chenelière	Véronik de la Chenelière			2025-01-14T12:41:03.276Z	StillImage	COORDINATE_ROUNDED;CONTINENT_DERIVED_FROM_COORDINATES;TAXON_MATCH_TAXON_ID_IGNORED
4177459623	50c9509d-22c7-4a22-a47d-8c48425ef4a7	https://www.inaturalist.org/observations/178439706	Fungi	Basidiomycota	Agaricomycetes	Agaricales	Physalacriaceae	Hymenopellis	Hymenopellis furfuracea		SPECIES	Oudemansiella furfuracea (Peck) Zhu L.Yang, G.M.Muell., G.Kost & Rexer	Oudemansiella furfuracea		CA		Québec	PRESENT		28eb1a3f-1c15-4a95-931a-4af90ecb574d	45.538771	-75.81343							2023-08-14T18:09:10	14	8	2023	8270988	7518425	HUMAN_OBSERVATION	iNaturalist	Observations	178439706		Guglielmo	2023-08-14T22:10:12	CC_BY_NC_4_0	Guglielmo	Guglielmo			2025-01-14T12:41:08.064Z	StillImage	CONTINENT_DERIVED_FROM_COORDINATES;TAXON_MATCH_TAXON_ID_IGNORED
4177300060	50c9509d-22c7-4a22-a47d-8c48425ef4a7	https://www.inaturalist.org/observations/178099311	Fungi	Basidiomycota	Agaricomycetes	Agaricales	Physalacriaceae	Hymenopellis	Hymenopellis furfuracea		SPECIES	Oudemansiella furfuracea (Peck) Zhu L.Yang, G.M.Muell., G.Kost & Rexer	Oudemansiella furfuracea		CA		Québec	PRESENT		28eb1a3f-1c15-4a95-931a-4af90ecb574d	45.935434	-76.486514	27095.0						2023-08-06T12:19	6	8	2023	8270988	7518425	HUMAN_OBSERVATION	iNaturalist	Observations	178099311		L Joan Heyding	2023-08-13T01:19:54	CC_BY_NC_4_0	L Joan Heyding	L Joan Heyding			2025-01-14T13:28:25.383Z	StillImage	COORDINATE_ROUNDED;CONTINENT_DERIVED_FROM_COORDINATES;TAXON_MATCH_TAXON_ID_IGNORED
4177013626	50c9509d-22c7-4a22-a47d-8c48425ef4a7	https://www.inaturalist.org/observations/177908792	Fungi	Basidiomycota	Agaricomycetes	Agaricales	Physalacriaceae	Hymenopellis	Hymenopellis furfuracea		SPECIES	Oudemansiella furfuracea (Peck) Zhu L.Yang, G.M.Muell., G.Kost & Rexer	Oudemansiella furfuracea		CA		Québec	PRESENT		28eb1a3f-1c15-4a95-931a-4af90ecb574d	45.378986	-72.172303	8.0						2023-08-09T18:22	9	8	2023	8270988	7518425	HUMAN_OBSERVATION	iNaturalist	Observations	177908792		gabboilard	2023-08-11T23:33:24	CC_BY_NC_4_0	gabboilard	gabboilard			2025-01-14T13:31:42.032Z	StillImage	COORDINATE_ROUNDED;CONTINENT_DERIVED_FROM_COORDINATES;TAXON_MATCH_TAXON_ID_IGNORED
4172289874	50c9509d-22c7-4a22-a47d-8c48425ef4a7	https://www.inaturalist.org/observations/177318318	Fungi	Basidiomycota	Agaricomycetes	Agaricales	Physalacriaceae	Hymenopellis	Hymenopellis furfuracea		SPECIES	Oudemansiella furfuracea (Peck) Zhu L.Yang, G.M.Muell., G.Kost & Rexer	Oudemansiella furfuracea		CA		Québec	PRESENT		28eb1a3f-1c15-4a95-931a-4af90ecb574d	45.132099	-71.746241							2023-07-23T12:10:16	23	7	2023	8270988	7518425	HUMAN_OBSERVATION	iNaturalist	Observations	177318318		egrenier	2023-08-08T09:35:38	CC_BY_NC_4_0	egrenier	egrenier			2025-01-14T13:28:20.540Z	StillImage	COORDINATE_ROUNDED;CONTINENT_DERIVED_FROM_COORDINATES;TAXON_MATCH_TAXON_ID_IGNORED
4172184587	50c9509d-22c7-4a22-a47d-8c48425ef4a7	https://www.inaturalist.org/observations/176633116	Fungi	Basidiomycota	Agaricomycetes	Agaricales	Physalacriaceae	Hymenopellis	Hymenopellis furfuracea		SPECIES	Oudemansiella furfuracea (Peck) Zhu L.Yang, G.M.Muell., G.Kost & Rexer	Oudemansiella furfuracea		CA		Québec	PRESENT		28eb1a3f-1c15-4a95-931a-4af90ecb574d	46.835067	-71.411379	8.0						2023-08-04T13:47:04	4	8	2023	8270988	7518425	HUMAN_OBSERVATION	iNaturalist	Observations	176633116		Pascal Côté	2023-08-04T17:48:53	CC_BY_NC_4_0	Pascal Côté	Pascal Côté			2025-01-14T12:43:53.227Z	StillImage	COORDINATE_ROUNDED;CONTINENT_DERIVED_FROM_COORDINATES;TAXON_MATCH_TAXON_ID_IGNORED
4171851439	50c9509d-22c7-4a22-a47d-8c48425ef4a7	https://www.inaturalist.org/observations/175960889	Fungi	Basidiomycota	Agaricomycetes	Agaricales	Physalacriaceae	Hymenopellis	Hymenopellis furfuracea		SPECIES	Oudemansiella furfuracea (Peck) Zhu L.Yang, G.M.Muell., G.Kost & Rexer	Oudemansiella furfuracea		CA		Ontario	PRESENT		28eb1a3f-1c15-4a95-931a-4af90ecb574d	45.105025	-76.339867	32.0						2023-07-31T10:55:25	31	7	2023	8270988	7518425	HUMAN_OBSERVATION	iNaturalist	Observations	175960889		Igor Khomenko	2023-07-31T17:07:21	CC_BY_NC_4_0	Igor Khomenko	Igor Khomenko			2025-01-14T12:39:36.092Z	StillImage	COORDINATE_ROUNDED;CONTINENT_DERIVED_FROM_COORDINATES;TAXON_MATCH_TAXON_ID_IGNORED
4171763347	50c9509d-22c7-4a22-a47d-8c48425ef4a7	https://www.inaturalist.org/observations/177174447	Fungi	Basidiomycota	Agaricomycetes	Agaricales	Physalacriaceae	Hymenopellis	Hymenopellis furfuracea		SPECIES	Oudemansiella furfuracea (Peck) Zhu L.Yang, G.M.Muell., G.Kost & Rexer	Oudemansiella furfuracea		CA		Ontario	PRESENT		28eb1a3f-1c15-4a95-931a-4af90ecb574d	45.324042	-75.813032	74.0						2023-08-06T14:43	6	8	2023	8270988	7518425	HUMAN_OBSERVATION	iNaturalist	Observations	177174447		jonathan_mack	2023-08-07T14:54:02	CC_BY_NC_4_0	jonathan_mack	jonathan_mack			2025-01-14T13:32:07.965Z	StillImage	COORDINATE_ROUNDED;CONTINENT_DERIVED_FROM_COORDINATES;TAXON_MATCH_TAXON_ID_IGNORED
4171221946	50c9509d-22c7-4a22-a47d-8c48425ef4a7	https://www.inaturalist.org/observations/175803382	Fungi	Basidiomycota	Agaricomycetes	Agaricales	Physalacriaceae	Hymenopellis	Hymenopellis furfuracea		SPECIES	Oudemansiella furfuracea (Peck) Zhu L.Yang, G.M.Muell., G.Kost & Rexer	Oudemansiella furfuracea		CA		Québec	PRESENT		28eb1a3f-1c15-4a95-931a-4af90ecb574d	45.490119	-75.623935	416.0						2023-07-29T11:09	29	7	2023	8270988	7518425	HUMAN_OBSERVATION	iNaturalist	Observations	175803382		L Joan Heyding	2023-07-30T20:17:18	CC_BY_NC_4_0	L Joan Heyding	L Joan Heyding			2025-01-14T12:40:06.814Z	StillImage	COORDINATE_ROUNDED;CONTINENT_DERIVED_FROM_COORDINATES;TAXON_MATCH_TAXON_ID_IGNORED
4171144286	50c9509d-22c7-4a22-a47d-8c48425ef4a7	https://www.inaturalist.org/observations/175075115	Fungi	Basidiomycota	Agaricomycetes	Agaricales	Physalacriaceae	Hymenopellis	Hymenopellis furfuracea		SPECIES	Oudemansiella furfuracea (Peck) Zhu L.Yang, G.M.Muell., G.Kost & Rexer	Oudemansiella furfuracea		CA		Québec	PRESENT		28eb1a3f-1c15-4a95-931a-4af90ecb574d	46.829773	-71.107376	5005.0						2023-07-26T14:04:24	26	7	2023	8270988	7518425	HUMAN_OBSERVATION	iNaturalist	Observations	175075115		Jean Gilbert	2023-07-26T18:04:38	CC_BY_NC_4_0	Jean Gilbert	Jean Gilbert			2025-01-14T13:32:06.863Z	StillImage	COORDINATE_ROUNDED;CONTINENT_DERIVED_FROM_COORDINATES;TAXON_MATCH_TAXON_ID_IGNORED
4166448901	695cef75-b65f-4776-b2ed-74565eebb16e	02-01000962070	Fungi	Basidiomycota	Agaricomycetes	Agaricales	Physalacriaceae	Hymenopellis	Hymenopellis furfuracea		SPECIES	Xerula furfuracea (Peck) Redhead, Ginns & Shoemaker	Xerula furfuracea	(Peck) Redhead, Ginns & Shoemaker	CA	Barclay Estate Booth's Rock Trail	Ontario	PRESENT		055bd978-2daa-4543-b3f0-44e0e87e86ca	45.508333	-78.391667							1976-08-03	3	8	1976	3341293	7518425	PRESERVED_SPECIMEN	AAFC	DAOM	186626		Conf. S.A. Redhead		CC_BY_4_0	©His Majesty the King in Right of Canada, as represented by the Minister of Agriculture and Agri-Food	P. Johnson 145			2025-01-12T05:11:16.373Z		GEODETIC_DATUM_ASSUMED_WGS84;CONTINENT_DERIVED_FROM_COORDINATES;TAXON_MATCH_TAXON_ID_IGNORED;INSTITUTION_MATCH_FUZZY
4166315884	695cef75-b65f-4776-b2ed-74565eebb16e	02-01000962069	Fungi	Basidiomycota	Agaricomycetes	Agaricales	Physalacriaceae	Hymenopellis	Hymenopellis furfuracea		SPECIES	Xerula furfuracea (Peck) Redhead, Ginns & Shoemaker	Xerula furfuracea	(Peck) Redhead, Ginns & Shoemaker	CA	Hardwood Hill Trail	Ontario	PRESENT		055bd978-2daa-4543-b3f0-44e0e87e86ca	45.541667	-78.675							1974-08-10	10	8	1974	3341293	7518425	PRESERVED_SPECIMEN	AAFC	DAOM	186593		J.H. Ginns		CC_BY_4_0	©His Majesty the King in Right of Canada, as represented by the Minister of Agriculture and Agri-Food	P. Johnson			2025-01-12T05:11:16.445Z		GEODETIC_DATUM_ASSUMED_WGS84;CONTINENT_DERIVED_FROM_COORDINATES;TAXON_MATCH_TAXON_ID_IGNORED;INSTITUTION_MATCH_FUZZY
4165664915	50c9509d-22c7-4a22-a47d-8c48425ef4a7	https://www.inaturalist.org/observations/174354113	Fungi	Basidiomycota	Agaricomycetes	Agaricales	Physalacriaceae	Hymenopellis	Hymenopellis furfuracea		SPECIES	Oudemansiella furfuracea (Peck) Zhu L.Yang, G.M.Muell., G.Kost & Rexer	Oudemansiella furfuracea		CA		Québec	PRESENT		28eb1a3f-1c15-4a95-931a-4af90ecb574d	45.547677	-73.310769	6.0						2023-07-22T14:19:25	22	7	2023	8270988	7518425	HUMAN_OBSERVATION	iNaturalist	Observations	174354113		sajala	2023-07-22T21:23:06	CC_BY_NC_4_0	sajala	sajala			2025-01-14T13:31:26.151Z	StillImage	COORDINATE_ROUNDED;CONTINENT_DERIVED_FROM_COORDINATES;TAXON_MATCH_TAXON_ID_IGNORED
4162136729	50c9509d-22c7-4a22-a47d-8c48425ef4a7	https://www.inaturalist.org/observations/171468906	Fungi	Basidiomycota	Agaricomycetes	Agaricales	Physalacriaceae	Hymenopellis	Hymenopellis furfuracea		SPECIES	Oudemansiella furfuracea (Peck) Zhu L.Yang, G.M.Muell., G.Kost & Rexer	Oudemansiella furfuracea		CA		Québec	PRESENT		28eb1a3f-1c15-4a95-931a-4af90ecb574d	45.549869	-73.473125	61.0						2023-07-04T18:42	4	7	2023	8270988	7518425	HUMAN_OBSERVATION	iNaturalist	Observations	171468906		Antoine Fortin	2023-07-06T22:58:56	CC_BY_NC_4_0	Antoine Fortin	Antoine Fortin			2025-01-14T13:40:41.382Z	StillImage	COORDINATE_ROUNDED;CONTINENT_DERIVED_FROM_COORDINATES;TAXON_MATCH_TAXON_ID_IGNORED
4153879785	50c9509d-22c7-4a22-a47d-8c48425ef4a7	https://www.inaturalist.org/observations/171603409	Fungi	Basidiomycota	Agaricomycetes	Agaricales	Physalacriaceae	Hymenopellis	Hymenopellis furfuracea		SPECIES	Oudemansiella furfuracea (Peck) Zhu L.Yang, G.M.Muell., G.Kost & Rexer	Oudemansiella furfuracea		CA		Québec	PRESENT		28eb1a3f-1c15-4a95-931a-4af90ecb574d	46.829346	-71.106636	3454.0						2023-07-07T14:47:53	7	7	2023	8270988	7518425	HUMAN_OBSERVATION	iNaturalist	Observations	171603409		Jean Gilbert	2023-07-07T18:48:02	CC_BY_NC_4_0	Jean Gilbert	Jean Gilbert			2025-01-14T12:39:37.515Z	StillImage	COORDINATE_ROUNDED;CONTINENT_DERIVED_FROM_COORDINATES;TAXON_MATCH_TAXON_ID_IGNORED
4137714336	50c9509d-22c7-4a22-a47d-8c48425ef4a7	https://www.inaturalist.org/observations/32065383	Fungi	Basidiomycota	Agaricomycetes	Agaricales	Physalacriaceae	Hymenopellis	Hymenopellis furfuracea		SPECIES	Oudemansiella furfuracea (Peck) Zhu L.Yang, G.M.Muell., G.Kost & Rexer	Oudemansiella furfuracea		CA		Québec	PRESENT		28eb1a3f-1c15-4a95-931a-4af90ecb574d	47.079343	-70.776191	4.0						2019-08-31T14:01:41	31	8	2019	8270988	7518425	HUMAN_OBSERVATION	iNaturalist	Observations	32065383		cinna_latifolia	2021-01-17T04:57:39	CC_BY_NC_4_0	birdseek	birdseek			2025-01-14T12:59:28.980Z	StillImage	COORDINATE_ROUNDED;CONTINENT_DERIVED_FROM_COORDINATES;TAXON_MATCH_TAXON_ID_IGNORED
4137635507	50c9509d-22c7-4a22-a47d-8c48425ef4a7	https://www.inaturalist.org/observations/89269465	Fungi	Basidiomycota	Agaricomycetes	Agaricales	Physalacriaceae	Hymenopellis	Hymenopellis furfuracea		SPECIES	Oudemansiella furfuracea (Peck) Zhu L.Yang, G.M.Muell., G.Kost & Rexer	Oudemansiella furfuracea		CA		Québec	PRESENT		28eb1a3f-1c15-4a95-931a-4af90ecb574d	45.514061	-73.593858	188.0						2021-07-30T20:32Z	30	7	2021	8270988	7518425	HUMAN_OBSERVATION	iNaturalist	Observations	89269465		fmenage	2021-07-31T01:41:31	CC_BY_NC_4_0	fmenage	fmenage			2025-01-14T13:13:22.395Z	StillImage	COORDINATE_ROUNDED;CONTINENT_DERIVED_FROM_COORDINATES;TAXON_MATCH_TAXON_ID_IGNORED
4133872325	50c9509d-22c7-4a22-a47d-8c48425ef4a7	https://www.inaturalist.org/observations/31373793	Fungi	Basidiomycota	Agaricomycetes	Agaricales	Physalacriaceae	Hymenopellis	Hymenopellis furfuracea		SPECIES	Oudemansiella furfuracea (Peck) Zhu L.Yang, G.M.Muell., G.Kost & Rexer	Oudemansiella furfuracea		CA		Ontario	PRESENT		28eb1a3f-1c15-4a95-931a-4af90ecb574d	45.3913	-75.528642	32.0						2019-08-22T10:40	22	8	2019	8270988	7518425	HUMAN_OBSERVATION	iNaturalist	Observations	31373793		Igor Khomenko	2019-08-23T23:03:46	CC_BY_NC_4_0	Igor Khomenko	Igor Khomenko			2025-01-14T13:06:11.199Z	StillImage	COORDINATE_ROUNDED;CONTINENT_DERIVED_FROM_COORDINATES;TAXON_MATCH_TAXON_ID_IGNORED
4133749326	50c9509d-22c7-4a22-a47d-8c48425ef4a7	https://www.inaturalist.org/observations/31261890	Fungi	Basidiomycota	Agaricomycetes	Agaricales	Physalacriaceae	Hymenopellis	Hymenopellis furfuracea		SPECIES	Oudemansiella furfuracea (Peck) Zhu L.Yang, G.M.Muell., G.Kost & Rexer	Oudemansiella furfuracea		CA		Ontario	PRESENT		28eb1a3f-1c15-4a95-931a-4af90ecb574d	45.50927	-75.338505	46.0						2019-08-20	20	8	2019	8270988	7518425	HUMAN_OBSERVATION	iNaturalist	Observations	31261890		jonathan_mack	2020-10-07T16:44:45	CC_BY_NC_4_0	kevinwallace	kevinwallace			2025-01-14T13:03:01.254Z	StillImage	CONTINENT_DERIVED_FROM_COORDINATES;TAXON_MATCH_TAXON_ID_IGNORED
4133618322	50c9509d-22c7-4a22-a47d-8c48425ef4a7	https://www.inaturalist.org/observations/32449238	Fungi	Basidiomycota	Agaricomycetes	Agaricales	Physalacriaceae	Hymenopellis	Hymenopellis furfuracea		SPECIES	Oudemansiella furfuracea (Peck) Zhu L.Yang, G.M.Muell., G.Kost & Rexer	Oudemansiella furfuracea		CA		Ontario	PRESENT		28eb1a3f-1c15-4a95-931a-4af90ecb574d	45.402958	-75.558503	64.0						2019-09-09T15:06	9	9	2019	8270988	7518425	HUMAN_OBSERVATION	iNaturalist	Observations	32449238		Igor Khomenko	2019-09-10T18:08:06	CC_BY_NC_4_0	Igor Khomenko	Igor Khomenko			2025-01-14T13:00:23.052Z	StillImage	COORDINATE_ROUNDED;CONTINENT_DERIVED_FROM_COORDINATES;TAXON_MATCH_TAXON_ID_IGNORED
4133599503	50c9509d-22c7-4a22-a47d-8c48425ef4a7	https://www.inaturalist.org/observations/153613412	Fungi	Basidiomycota	Agaricomycetes	Agaricales	Physalacriaceae	Hymenopellis	Hymenopellis furfuracea		SPECIES	Oudemansiella furfuracea (Peck) Zhu L.Yang, G.M.Muell., G.Kost & Rexer	Oudemansiella furfuracea		CA		Québec	PRESENT		28eb1a3f-1c15-4a95-931a-4af90ecb574d	46.784414	-71.270143	267.0						2018-08-29T17:12	29	8	2018	8270988	7518425	HUMAN_OBSERVATION	iNaturalist	Observations	153613412		Jan Thornhill	2023-04-21T21:03:59	CC_BY_NC_4_0	Léo-Guy de Repentigny	Léo-Guy de Repentigny			2025-01-14T12:34:17.890Z	StillImage	COORDINATE_ROUNDED;CONTINENT_DERIVED_FROM_COORDINATES;TAXON_MATCH_TAXON_ID_IGNORED
4126890324	50c9509d-22c7-4a22-a47d-8c48425ef4a7	https://www.inaturalist.org/observations/6988607	Fungi	Basidiomycota	Agaricomycetes	Agaricales	Physalacriaceae	Hymenopellis	Hymenopellis furfuracea		SPECIES	Oudemansiella furfuracea (Peck) Zhu L.Yang, G.M.Muell., G.Kost & Rexer	Oudemansiella furfuracea		CA		Québec	PRESENT		28eb1a3f-1c15-4a95-931a-4af90ecb574d	45.492321	-75.623785	2064.0						2017-07-09T14:37:30	9	7	2017	8270988	7518425	HUMAN_OBSERVATION	iNaturalist	Observations	6988607		Igor Khomenko	2021-07-30T00:17:59	CC0_1_0	Wayne Johnston	Wayne Johnston			2025-01-14T12:58:04.002Z	StillImage	COORDINATE_ROUNDED;CONTINENT_DERIVED_FROM_COORDINATES;TAXON_MATCH_TAXON_ID_IGNORED
4063046579	50c9509d-22c7-4a22-a47d-8c48425ef4a7	https://www.inaturalist.org/observations/148901085	Fungi	Basidiomycota	Agaricomycetes	Agaricales	Physalacriaceae	Hymenopellis	Hymenopellis furfuracea		SPECIES	Oudemansiella furfuracea (Peck) Zhu L.Yang, G.M.Muell., G.Kost & Rexer	Oudemansiella furfuracea		CA		Québec	PRESENT		28eb1a3f-1c15-4a95-931a-4af90ecb574d	45.121158	-72.436834	677.0						2012-07-30T10:09	30	7	2012	8270988	7518425	HUMAN_OBSERVATION	iNaturalist	Observations	148901085		René Faucher	2023-02-16T15:14:07	CC_BY_NC_4_0	René Faucher	René Faucher			2025-01-14T12:34:09.620Z	StillImage	COORDINATE_ROUNDED;CONTINENT_DERIVED_FROM_COORDINATES;TAXON_MATCH_TAXON_ID_IGNORED
3966555400	50c9509d-22c7-4a22-a47d-8c48425ef4a7	https://www.inaturalist.org/observations/101437017	Fungi	Basidiomycota	Agaricomycetes	Agaricales	Physalacriaceae	Hymenopellis	Hymenopellis furfuracea		SPECIES	Oudemansiella furfuracea (Peck) Zhu L.Yang, G.M.Muell., G.Kost & Rexer	Oudemansiella furfuracea		CA		Ontario	PRESENT		28eb1a3f-1c15-4a95-931a-4af90ecb574d	45.528821	-78.706129	50.0						2016-09-23T15:18	23	9	2016	8270988	7518425	HUMAN_OBSERVATION	iNaturalist	Observations	101437017		cinna_latifolia	2022-06-22T23:50:52	CC_BY_NC_4_0	Stephen Luk	Stephen Luk			2025-01-14T12:23:33.452Z	StillImage	COORDINATE_ROUNDED;CONTINENT_DERIVED_FROM_COORDINATES;TAXON_MATCH_TAXON_ID_IGNORED
3923641608	50c9509d-22c7-4a22-a47d-8c48425ef4a7	https://www.inaturalist.org/observations/132167942	Fungi	Basidiomycota	Agaricomycetes	Agaricales	Physalacriaceae	Hymenopellis	Hymenopellis furfuracea		SPECIES	Oudemansiella furfuracea (Peck) Zhu L.Yang, G.M.Muell., G.Kost & Rexer	Oudemansiella furfuracea		CA		Québec	PRESENT		28eb1a3f-1c15-4a95-931a-4af90ecb574d	45.390844	-72.726159	44.0						2022-08-24T13:51:34	24	8	2022	8270988	7518425	HUMAN_OBSERVATION	iNaturalist	Observations	132167942		Lucie Roy	2022-08-24T17:53:11	CC_BY_NC_4_0	Lucie Roy	Lucie Roy			2025-01-14T13:25:19.182Z	StillImage	COORDINATE_ROUNDED;CONTINENT_DERIVED_FROM_COORDINATES;TAXON_MATCH_TAXON_ID_IGNORED
3903477504	50c9509d-22c7-4a22-a47d-8c48425ef4a7	https://www.inaturalist.org/observations/132563552	Fungi	Basidiomycota	Agaricomycetes	Agaricales	Physalacriaceae	Hymenopellis	Hymenopellis furfuracea		SPECIES	Oudemansiella furfuracea (Peck) Zhu L.Yang, G.M.Muell., G.Kost & Rexer	Oudemansiella furfuracea		CA		Québec	PRESENT		28eb1a3f-1c15-4a95-931a-4af90ecb574d	45.42136	-75.87542	183.0						2022-08-27T16:10	27	8	2022	8270988	7518425	HUMAN_OBSERVATION	iNaturalist	Observations	132563552		L Joan Heyding	2022-08-28T12:43:31	CC_BY_NC_4_0	L Joan Heyding	L Joan Heyding			2025-01-14T13:25:08.885Z	StillImage	COORDINATE_ROUNDED;CONTINENT_DERIVED_FROM_COORDINATES;TAXON_MATCH_TAXON_ID_IGNORED
3903393527	50c9509d-22c7-4a22-a47d-8c48425ef4a7	https://www.inaturalist.org/observations/133832329	Fungi	Basidiomycota	Agaricomycetes	Agaricales	Physalacriaceae	Hymenopellis	Hymenopellis furfuracea		SPECIES	Oudemansiella furfuracea (Peck) Zhu L.Yang, G.M.Muell., G.Kost & Rexer	Oudemansiella furfuracea		CA		Ontario	PRESENT		28eb1a3f-1c15-4a95-931a-4af90ecb574d	45.259905	-76.912103	77.0						2022-09-05T12:54:27	5	9	2022	8270988	7518425	HUMAN_OBSERVATION	iNaturalist	Observations	133832329		debski	2022-09-05T21:57:59	CC_BY_NC_4_0	debski	debski			2025-01-14T12:31:37.577Z	StillImage	COORDINATE_ROUNDED;CONTINENT_DERIVED_FROM_COORDINATES;TAXON_MATCH_TAXON_ID_IGNORED
3903079024	50c9509d-22c7-4a22-a47d-8c48425ef4a7	https://www.inaturalist.org/observations/133903687	Fungi	Basidiomycota	Agaricomycetes	Agaricales	Physalacriaceae	Hymenopellis	Hymenopellis furfuracea		SPECIES	Oudemansiella furfuracea (Peck) Zhu L.Yang, G.M.Muell., G.Kost & Rexer	Oudemansiella furfuracea		CA		Québec	PRESENT		28eb1a3f-1c15-4a95-931a-4af90ecb574d	45.655598	-75.669725	7.0						2022-09-06T08:45:13	6	9	2022	8270988	7518425	HUMAN_OBSERVATION	iNaturalist	Observations	133903687		Anthony Gaston	2022-09-06T12:47:35	CC_BY_NC_4_0	Anthony Gaston	Anthony Gaston			2025-01-14T13:25:38.405Z	StillImage	COORDINATE_ROUNDED;CONTINENT_DERIVED_FROM_COORDINATES;TAXON_MATCH_TAXON_ID_IGNORED
3902507417	50c9509d-22c7-4a22-a47d-8c48425ef4a7	https://www.inaturalist.org/observations/134491978	Fungi	Basidiomycota	Agaricomycetes	Agaricales	Physalacriaceae	Hymenopellis	Hymenopellis furfuracea		SPECIES	Oudemansiella furfuracea (Peck) Zhu L.Yang, G.M.Muell., G.Kost & Rexer	Oudemansiella furfuracea		CA		Québec	PRESENT		28eb1a3f-1c15-4a95-931a-4af90ecb574d	46.88189	-71.055523	122.0						2022-09-10T17:51	10	9	2022	8270988	7518425	HUMAN_OBSERVATION	iNaturalist	Observations	134491978		cinna_latifolia	2022-09-12T20:01:00	CC_BY_NC_4_0	Nick Bédard	Nick Bédard			2025-01-14T12:31:33.467Z	StillImage	COORDINATE_ROUNDED;CONTINENT_DERIVED_FROM_COORDINATES;TAXON_MATCH_TAXON_ID_IGNORED
3902283926	50c9509d-22c7-4a22-a47d-8c48425ef4a7	https://www.inaturalist.org/observations/132729474	Fungi	Basidiomycota	Agaricomycetes	Agaricales	Physalacriaceae	Hymenopellis	Hymenopellis furfuracea		SPECIES	Oudemansiella furfuracea (Peck) Zhu L.Yang, G.M.Muell., G.Kost & Rexer	Oudemansiella furfuracea		CA		Québec	PRESENT		28eb1a3f-1c15-4a95-931a-4af90ecb574d	45.490119	-75.623935	416.0						2022-08-28T12:06	28	8	2022	8270988	7518425	HUMAN_OBSERVATION	iNaturalist	Observations	132729474		L Joan Heyding	2022-08-29T01:21:21	CC_BY_NC_4_0	L Joan Heyding	L Joan Heyding			2025-01-14T12:31:35.535Z	StillImage	COORDINATE_ROUNDED;CONTINENT_DERIVED_FROM_COORDINATES;TAXON_MATCH_TAXON_ID_IGNORED
3902281931	50c9509d-22c7-4a22-a47d-8c48425ef4a7	https://www.inaturalist.org/observations/133277919	Fungi	Basidiomycota	Agaricomycetes	Agaricales	Physalacriaceae	Hymenopellis	Hymenopellis furfuracea		SPECIES	Oudemansiella furfuracea (Peck) Zhu L.Yang, G.M.Muell., G.Kost & Rexer	Oudemansiella furfuracea		CA		Ontario	PRESENT		28eb1a3f-1c15-4a95-931a-4af90ecb574d	45.166454	-75.931953							2022-09-01T17:38:29	1	9	2022	8270988	7518425	HUMAN_OBSERVATION	iNaturalist	Observations	133277919		Alexis Williams	2022-09-02T00:26:22	CC_BY_4_0	Alexis Williams	Alexis Williams			2025-01-14T12:31:34.656Z	StillImage	COORDINATE_ROUNDED;CONTINENT_DERIVED_FROM_COORDINATES;TAXON_MATCH_TAXON_ID_IGNORED
3858347133	50c9509d-22c7-4a22-a47d-8c48425ef4a7	https://www.inaturalist.org/observations/119911974	Fungi	Basidiomycota	Agaricomycetes	Agaricales	Physalacriaceae	Hymenopellis	Hymenopellis furfuracea		SPECIES	Oudemansiella furfuracea (Peck) Zhu L.Yang, G.M.Muell., G.Kost & Rexer	Oudemansiella furfuracea		CA		Ontario	PRESENT		28eb1a3f-1c15-4a95-931a-4af90ecb574d	45.409047	-75.572862	12.0						2022-06-02T14:58:51	2	6	2022	8270988	7518425	HUMAN_OBSERVATION	iNaturalist	Observations	119911974		Igor Khomenko	2022-06-02T19:22:19	CC_BY_NC_4_0	Igor Khomenko	Igor Khomenko			2025-01-14T12:28:59.879Z	StillImage	COORDINATE_ROUNDED;CONTINENT_DERIVED_FROM_COORDINATES;TAXON_MATCH_TAXON_ID_IGNORED
3759213476	50c9509d-22c7-4a22-a47d-8c48425ef4a7	https://www.inaturalist.org/observations/57763037	Fungi	Basidiomycota	Agaricomycetes	Agaricales	Physalacriaceae	Hymenopellis	Hymenopellis furfuracea		SPECIES	Oudemansiella furfuracea (Peck) Zhu L.Yang, G.M.Muell., G.Kost & Rexer	Oudemansiella furfuracea		CA		Ontario	PRESENT		28eb1a3f-1c15-4a95-931a-4af90ecb574d	45.570725	-78.409905	232.0						2020-08-27T15:11:51	27	8	2020	8270988	7518425	HUMAN_OBSERVATION	iNaturalist	Observations	57763037		Jeffrey H. Skevington	2020-08-27T19:24:11	CC_BY_NC_4_0	Jeffrey H. Skevington	Jeffrey H. Skevington			2025-01-14T12:14:24.587Z	StillImage	CONTINENT_DERIVED_FROM_COORDINATES;TAXON_MATCH_TAXON_ID_IGNORED
3456970182	50c9509d-22c7-4a22-a47d-8c48425ef4a7	https://www.inaturalist.org/observations/104727836	Fungi	Basidiomycota	Agaricomycetes	Agaricales	Physalacriaceae	Hymenopellis	Hymenopellis furfuracea		SPECIES	Oudemansiella furfuracea (Peck) Zhu L.Yang, G.M.Muell., G.Kost & Rexer	Oudemansiella furfuracea		CA		Ontario	PRESENT		28eb1a3f-1c15-4a95-931a-4af90ecb574d	45.071753	-79.117632	229.0						2015-08-25T15:10	25	8	2015	8270988	7518425	HUMAN_OBSERVATION	iNaturalist	Observations	104727836		Paula DeSanto	2022-01-10T23:52:12	CC_BY_NC_4_0	Peter Jessen	Peter Jessen			2025-01-14T12:26:13.867Z	StillImage	COORDINATE_ROUNDED;CONTINENT_DERIVED_FROM_COORDINATES;TAXON_MATCH_TAXON_ID_IGNORED
3455679040	50c9509d-22c7-4a22-a47d-8c48425ef4a7	https://www.inaturalist.org/observations/103687881	Fungi	Basidiomycota	Agaricomycetes	Agaricales	Physalacriaceae	Hymenopellis	Hymenopellis furfuracea		SPECIES	Oudemansiella furfuracea (Peck) Zhu L.Yang, G.M.Muell., G.Kost & Rexer	Oudemansiella furfuracea		CA		Québec	PRESENT		28eb1a3f-1c15-4a95-931a-4af90ecb574d	46.300643	-72.532006	31.0						2011-10-01T09:26	1	10	2011	8270988	7518425	HUMAN_OBSERVATION	iNaturalist	Observations	103687881		Alain Maire	2021-12-26T14:38:55	CC_BY_NC_4_0	Alain Maire	Alain Maire			2025-01-14T13:17:22.060Z	StillImage	COORDINATE_ROUNDED;CONTINENT_DERIVED_FROM_COORDINATES;TAXON_MATCH_TAXON_ID_IGNORED
3391346773	50c9509d-22c7-4a22-a47d-8c48425ef4a7	https://www.inaturalist.org/observations/97682405	Fungi	Basidiomycota	Agaricomycetes	Agaricales	Physalacriaceae	Hymenopellis	Hymenopellis furfuracea		SPECIES	Oudemansiella furfuracea (Peck) Zhu L.Yang, G.M.Muell., G.Kost & Rexer	Oudemansiella furfuracea		CA		Ontario	PRESENT		28eb1a3f-1c15-4a95-931a-4af90ecb574d	45.334867	-76.380737	4.0						2021-10-09T11:57:24	9	10	2021	8270988	7518425	HUMAN_OBSERVATION	iNaturalist	Observations	97682405		Derek Dunnett	2021-10-09T19:19:15	CC_BY_NC_4_0	Derek Dunnett	Derek Dunnett			2025-01-14T13:15:37.757Z	StillImage	COORDINATE_ROUNDED;CONTINENT_DERIVED_FROM_COORDINATES;TAXON_MATCH_TAXON_ID_IGNORED
3384010026	50c9509d-22c7-4a22-a47d-8c48425ef4a7	https://www.inaturalist.org/observations/95899230	Fungi	Basidiomycota	Agaricomycetes	Agaricales	Physalacriaceae	Hymenopellis	Hymenopellis furfuracea		SPECIES	Oudemansiella furfuracea (Peck) Zhu L.Yang, G.M.Muell., G.Kost & Rexer	Oudemansiella furfuracea		CA		New Brunswick	PRESENT		28eb1a3f-1c15-4a95-931a-4af90ecb574d	45.954597	-66.716553	5.0						2021-09-23T12:03:45	23	9	2021	8270988	7518425	HUMAN_OBSERVATION	iNaturalist	Observations	95899230		spetrovich	2021-09-23T21:51:48	CC_BY_NC_4_0	spetrovich	spetrovich			2025-01-14T12:25:30.662Z	StillImage	COORDINATE_ROUNDED;CONTINENT_DERIVED_FROM_COORDINATES;TAXON_MATCH_TAXON_ID_IGNORED
3355527723	50c9509d-22c7-4a22-a47d-8c48425ef4a7	https://www.inaturalist.org/observations/90466799	Fungi	Basidiomycota	Agaricomycetes	Agaricales	Physalacriaceae	Hymenopellis	Hymenopellis furfuracea		SPECIES	Oudemansiella furfuracea (Peck) Zhu L.Yang, G.M.Muell., G.Kost & Rexer	Oudemansiella furfuracea		CA		Ontario	PRESENT		28eb1a3f-1c15-4a95-931a-4af90ecb574d	45.059995	-76.125908	48.0						2021-08-08T13:59:10	8	8	2021	8270988	7518425	HUMAN_OBSERVATION	iNaturalist	Observations	90466799		Windstone Farm	2021-08-08T23:10:58	CC_BY_NC_4_0	Windstone Farm	Windstone Farm			2025-01-14T13:13:01.111Z	StillImage	COORDINATE_ROUNDED;CONTINENT_DERIVED_FROM_COORDINATES;TAXON_MATCH_TAXON_ID_IGNORED
3355317244	50c9509d-22c7-4a22-a47d-8c48425ef4a7	https://www.inaturalist.org/observations/93906643	Fungi	Basidiomycota	Agaricomycetes	Agaricales	Physalacriaceae	Hymenopellis	Hymenopellis furfuracea		SPECIES	Oudemansiella furfuracea (Peck) Zhu L.Yang, G.M.Muell., G.Kost & Rexer	Oudemansiella furfuracea		CA		Québec	PRESENT		28eb1a3f-1c15-4a95-931a-4af90ecb574d	45.528233	-75.936762	4.0						2021-09-06T13:11:25	6	9	2021	8270988	7518425	HUMAN_OBSERVATION	iNaturalist	Observations	93906643		Clare Kilgour	2021-09-06T20:14:04	CC_BY_NC_4_0	Clare Kilgour	Clare Kilgour			2025-01-14T13:10:29.997Z	StillImage	COORDINATE_ROUNDED;CONTINENT_DERIVED_FROM_COORDINATES;TAXON_MATCH_TAXON_ID_IGNORED
3338077455	50c9509d-22c7-4a22-a47d-8c48425ef4a7	https://www.inaturalist.org/observations/91077259	Fungi	Basidiomycota	Agaricomycetes	Agaricales	Physalacriaceae	Hymenopellis	Hymenopellis furfuracea		SPECIES	Oudemansiella furfuracea (Peck) Zhu L.Yang, G.M.Muell., G.Kost & Rexer	Oudemansiella furfuracea		CA		Québec	PRESENT		28eb1a3f-1c15-4a95-931a-4af90ecb574d	45.470578	-73.070162	1289.0						2021-08-13T10:39:37	13	8	2021	8270988	7518425	HUMAN_OBSERVATION	iNaturalist	Observations	91077259		Vincent Auclair	2021-08-14T04:02:33	CC_BY_NC_4_0	Vincent Auclair	Vincent Auclair			2025-01-14T12:20:48.982Z	StillImage	COORDINATE_ROUNDED;CONTINENT_DERIVED_FROM_COORDINATES;TAXON_MATCH_TAXON_ID_IGNORED
3337593565	50c9509d-22c7-4a22-a47d-8c48425ef4a7	https://www.inaturalist.org/observations/91414689	Fungi	Basidiomycota	Agaricomycetes	Agaricales	Physalacriaceae	Hymenopellis	Hymenopellis furfuracea		SPECIES	Oudemansiella furfuracea (Peck) Zhu L.Yang, G.M.Muell., G.Kost & Rexer	Oudemansiella furfuracea		CA		Québec	PRESENT		28eb1a3f-1c15-4a95-931a-4af90ecb574d	45.65651	-75.670811							2021-08-16T10:43:23	16	8	2021	8270988	7518425	HUMAN_OBSERVATION	iNaturalist	Observations	91414689		Anthony Gaston	2021-08-16T15:15:14	CC_BY_NC_4_0	Anthony Gaston	Anthony Gaston			2025-01-14T12:20:30.831Z	StillImage	COORDINATE_ROUNDED;CONTINENT_DERIVED_FROM_COORDINATES;TAXON_MATCH_TAXON_ID_IGNORED
3335493487	50c9509d-22c7-4a22-a47d-8c48425ef4a7	https://www.inaturalist.org/observations/89928476	Fungi	Basidiomycota	Agaricomycetes	Agaricales	Physalacriaceae	Hymenopellis	Hymenopellis furfuracea		SPECIES	Oudemansiella furfuracea (Peck) Zhu L.Yang, G.M.Muell., G.Kost & Rexer	Oudemansiella furfuracea		CA		Ontario	PRESENT		28eb1a3f-1c15-4a95-931a-4af90ecb574d	45.485178	-78.757182	122.0						2021-08-04T13:28:20	4	8	2021	8270988	7518425	HUMAN_OBSERVATION	iNaturalist	Observations	89928476		Dan	2021-08-04T17:28:41	CC_BY_NC_4_0	Dan	Dan			2025-01-14T12:19:57.219Z	StillImage	COORDINATE_ROUNDED;CONTINENT_DERIVED_FROM_COORDINATES;TAXON_MATCH_TAXON_ID_IGNORED
3335120843	50c9509d-22c7-4a22-a47d-8c48425ef4a7	https://www.inaturalist.org/observations/89366300	Fungi	Basidiomycota	Agaricomycetes	Agaricales	Physalacriaceae	Hymenopellis	Hymenopellis furfuracea		SPECIES	Oudemansiella furfuracea (Peck) Zhu L.Yang, G.M.Muell., G.Kost & Rexer	Oudemansiella furfuracea		CA		Québec	PRESENT		28eb1a3f-1c15-4a95-931a-4af90ecb574d	45.538504	-75.775574	27158.0						2021-07-31T11:10	31	7	2021	8270988	7518425	HUMAN_OBSERVATION	iNaturalist	Observations	89366300		L Joan Heyding	2021-07-31T19:16:54	CC_BY_NC_4_0	L Joan Heyding	L Joan Heyding			2025-01-14T13:13:31.093Z	StillImage	COORDINATE_ROUNDED;CONTINENT_DERIVED_FROM_COORDINATES;TAXON_MATCH_TAXON_ID_IGNORED
3327988372	50c9509d-22c7-4a22-a47d-8c48425ef4a7	https://www.inaturalist.org/observations/56156539	Fungi	Basidiomycota	Agaricomycetes	Agaricales	Physalacriaceae	Hymenopellis	Hymenopellis furfuracea		SPECIES	Oudemansiella furfuracea (Peck) Zhu L.Yang, G.M.Muell., G.Kost & Rexer	Oudemansiella furfuracea		CA		Ontario	PRESENT		28eb1a3f-1c15-4a95-931a-4af90ecb574d	45.292642	-79.335107	21.0						2020-08-11T15:40:47	11	8	2020	8270988	7518425	HUMAN_OBSERVATION	iNaturalist	Observations	56156539		Ethan Dobbs	2020-08-11T19:41:33	CC_BY_NC_4_0	Ethan Dobbs	Ethan Dobbs			2025-01-14T13:05:00.330Z	StillImage	COORDINATE_ROUNDED;CONTINENT_DERIVED_FROM_COORDINATES;TAXON_MATCH_TAXON_ID_IGNORED
3079506496	50c9509d-22c7-4a22-a47d-8c48425ef4a7	https://www.inaturalist.org/observations/17426441	Fungi	Basidiomycota	Agaricomycetes	Agaricales	Physalacriaceae	Hymenopellis	Hymenopellis furfuracea		SPECIES	Oudemansiella furfuracea (Peck) Zhu L.Yang, G.M.Muell., G.Kost & Rexer	Oudemansiella furfuracea		CA		Ontario	PRESENT		28eb1a3f-1c15-4a95-931a-4af90ecb574d	45.403013	-75.562737	32.0						2018-08-30T09:42:33	30	8	2018	8270988	7518425	HUMAN_OBSERVATION	iNaturalist	Observations	17426441		Igor Khomenko	2019-08-13T00:32:04	CC_BY_NC_4_0	Igor Khomenko	Igor Khomenko			2025-01-14T13:00:37.931Z	StillImage	COORDINATE_ROUNDED;CONTINENT_DERIVED_FROM_COORDINATES;TAXON_MATCH_TAXON_ID_IGNORED
3079482643	50c9509d-22c7-4a22-a47d-8c48425ef4a7	https://www.inaturalist.org/observations/29233124	Fungi	Basidiomycota	Agaricomycetes	Agaricales	Physalacriaceae	Hymenopellis	Hymenopellis furfuracea		SPECIES	Oudemansiella furfuracea (Peck) Zhu L.Yang, G.M.Muell., G.Kost & Rexer	Oudemansiella furfuracea		CA		Québec	PRESENT		28eb1a3f-1c15-4a95-931a-4af90ecb574d	45.544256	-75.870003	4000.0						2019-07-18T09:34	18	7	2019	8270988	7518425	HUMAN_OBSERVATION	iNaturalist	Observations	29233124		Igor Khomenko	2019-08-13T00:35:34	CC_BY_NC_4_0	Igor Khomenko	Igor Khomenko			2025-01-14T12:09:32.037Z	StillImage	COORDINATE_ROUNDED;CONTINENT_DERIVED_FROM_COORDINATES;TAXON_MATCH_TAXON_ID_IGNORED
3031643851	50c9509d-22c7-4a22-a47d-8c48425ef4a7	https://www.inaturalist.org/observations/55532194	Fungi	Basidiomycota	Agaricomycetes	Agaricales	Physalacriaceae	Hymenopellis	Hymenopellis furfuracea		SPECIES	Oudemansiella furfuracea (Peck) Zhu L.Yang, G.M.Muell., G.Kost & Rexer	Oudemansiella furfuracea		CA		Québec	PRESENT		28eb1a3f-1c15-4a95-931a-4af90ecb574d	46.09094	-74.2885	30.0						2020-08-05T16:29:31	5	8	2020	8270988	7518425	HUMAN_OBSERVATION	iNaturalist	Observations	55532194		k8morgan	2020-08-05T20:55:27	CC_BY_NC_4_0	k8morgan	k8morgan			2025-01-14T13:09:31.392Z	StillImage	COORDINATE_ROUNDED;CONTINENT_DERIVED_FROM_COORDINATES;TAXON_MATCH_TAXON_ID_IGNORED
3018004498	50c9509d-22c7-4a22-a47d-8c48425ef4a7	https://www.inaturalist.org/observations/59186629	Fungi	Basidiomycota	Agaricomycetes	Agaricales	Physalacriaceae	Hymenopellis	Hymenopellis furfuracea		SPECIES	Oudemansiella furfuracea (Peck) Zhu L.Yang, G.M.Muell., G.Kost & Rexer	Oudemansiella furfuracea		CA		Ontario	PRESENT		28eb1a3f-1c15-4a95-931a-4af90ecb574d	45.124347	-78.226538							2020-09-10T11:49:35	10	9	2020	8270988	7518425	HUMAN_OBSERVATION	iNaturalist	Observations	59186629		annapk	2020-09-11T02:06:44	CC_BY_NC_4_0	annapk	annapk			2025-01-14T13:10:03.980Z	StillImage	COORDINATE_ROUNDED;CONTINENT_DERIVED_FROM_COORDINATES;TAXON_MATCH_TAXON_ID_IGNORED
3017946509	50c9509d-22c7-4a22-a47d-8c48425ef4a7	https://www.inaturalist.org/observations/62891559	Fungi	Basidiomycota	Agaricomycetes	Agaricales	Physalacriaceae	Hymenopellis	Hymenopellis furfuracea		SPECIES	Oudemansiella furfuracea (Peck) Zhu L.Yang, G.M.Muell., G.Kost & Rexer	Oudemansiella furfuracea		CA		Ontario	PRESENT		28eb1a3f-1c15-4a95-931a-4af90ecb574d	45.572678	-78.436724	1050.0						2020-09-09T12:31	9	9	2020	8270988	7518425	HUMAN_OBSERVATION	iNaturalist	Observations	62891559		Tim Thorington	2020-10-18T13:27:07	CC_BY_NC_4_0	Tim Thorington	Tim Thorington			2025-01-14T12:15:55.955Z	StillImage	COORDINATE_ROUNDED;CONTINENT_DERIVED_FROM_COORDINATES;TAXON_MATCH_TAXON_ID_IGNORED
2864590502	50c9509d-22c7-4a22-a47d-8c48425ef4a7	https://www.inaturalist.org/observations/57090761	Fungi	Basidiomycota	Agaricomycetes	Agaricales	Physalacriaceae	Hymenopellis	Hymenopellis furfuracea		SPECIES	Oudemansiella furfuracea (Peck) Zhu L.Yang, G.M.Muell., G.Kost & Rexer	Oudemansiella furfuracea		CA		Ontario	PRESENT		28eb1a3f-1c15-4a95-931a-4af90ecb574d	45.567875	-78.48693							2020-08-19T16:26:35	19	8	2020	8270988	7518425	HUMAN_OBSERVATION	iNaturalist	Observations	57090761		Erwin Kooi	2020-08-21T02:50:18	CC_BY_NC_4_0	Erwin Kooi	Erwin Kooi			2025-01-14T12:15:02.888Z	StillImage	CONTINENT_DERIVED_FROM_COORDINATES;TAXON_MATCH_TAXON_ID_IGNORED
2860126463	50c9509d-22c7-4a22-a47d-8c48425ef4a7	https://www.inaturalist.org/observations/52692695	Fungi	Basidiomycota	Agaricomycetes	Agaricales	Physalacriaceae	Hymenopellis	Hymenopellis furfuracea		SPECIES	Oudemansiella furfuracea (Peck) Zhu L.Yang, G.M.Muell., G.Kost & Rexer	Oudemansiella furfuracea		CA		Québec	PRESENT		28eb1a3f-1c15-4a95-931a-4af90ecb574d	45.51614	-73.735154	10.0						2020-07-11T10:58:58	11	7	2020	8270988	7518425	HUMAN_OBSERVATION	iNaturalist	Observations	52692695		timfoster	2020-07-12T16:05:26	CC_BY_NC_4_0	timfoster	timfoster			2025-01-14T13:09:13.217Z	StillImage	COORDINATE_ROUNDED;CONTINENT_DERIVED_FROM_COORDINATES;TAXON_MATCH_TAXON_ID_IGNORED
2856845447	50c9509d-22c7-4a22-a47d-8c48425ef4a7	https://www.inaturalist.org/observations/57698356	Fungi	Basidiomycota	Agaricomycetes	Agaricales	Physalacriaceae	Hymenopellis	Hymenopellis furfuracea		SPECIES	Oudemansiella furfuracea (Peck) Zhu L.Yang, G.M.Muell., G.Kost & Rexer	Oudemansiella furfuracea		CA		Québec	PRESENT		28eb1a3f-1c15-4a95-931a-4af90ecb574d	46.381203	-74.8741							2020-08-26T18:41:20	26	8	2020	8270988	7518425	HUMAN_OBSERVATION	iNaturalist	Observations	57698356		geoffreyboulange	2020-08-27T01:53:03	CC_BY_NC_4_0	geoffreyboulange	geoffreyboulange			2025-01-14T13:03:21.369Z	StillImage	COORDINATE_ROUNDED;CONTINENT_DERIVED_FROM_COORDINATES;TAXON_MATCH_TAXON_ID_IGNORED
2422819299	50c9509d-22c7-4a22-a47d-8c48425ef4a7	https://www.inaturalist.org/observations/17241411	Fungi	Basidiomycota	Agaricomycetes	Agaricales	Physalacriaceae	Hymenopellis	Hymenopellis furfuracea		SPECIES	Oudemansiella furfuracea (Peck) Zhu L.Yang, G.M.Muell., G.Kost & Rexer	Oudemansiella furfuracea		CA		Ontario	PRESENT		28eb1a3f-1c15-4a95-931a-4af90ecb574d	45.561537	-78.597542	10.0						2018-09-05T13:11:21	5	9	2018	8270988	7518425	HUMAN_OBSERVATION	iNaturalist	Observations	17241411		Sofia Becerra	2019-08-13T00:31:48	CC_BY_NC_4_0	Sofia Becerra	Sofia Becerra			2025-01-14T12:05:54.388Z	StillImage	COORDINATE_ROUNDED;CONTINENT_DERIVED_FROM_COORDINATES;TAXON_MATCH_TAXON_ID_IGNORED
2282997682	50c9509d-22c7-4a22-a47d-8c48425ef4a7	https://www.inaturalist.org/observations/16482513	Fungi	Basidiomycota	Agaricomycetes	Agaricales	Physalacriaceae	Hymenopellis	Hymenopellis furfuracea		SPECIES	Oudemansiella furfuracea (Peck) Zhu L.Yang, G.M.Muell., G.Kost & Rexer	Oudemansiella furfuracea		CA		Ontario	PRESENT		28eb1a3f-1c15-4a95-931a-4af90ecb574d	45.66003	-79.251053	8.0						2018-09-12T13:01:31	12	9	2018	8270988	7518425	HUMAN_OBSERVATION	iNaturalist	Observations	16482513		Ariel Ilic	2019-08-13T00:30:58	CC_BY_NC_4_0	Ariel Ilic	Ariel Ilic			2025-01-14T13:01:25.500Z	StillImage	COORDINATE_ROUNDED;CONTINENT_DERIVED_FROM_COORDINATES;TAXON_MATCH_TAXON_ID_IGNORED
1901056843	50c9509d-22c7-4a22-a47d-8c48425ef4a7	https://www.inaturalist.org/observations/16149688	Fungi	Basidiomycota	Agaricomycetes	Agaricales	Physalacriaceae	Hymenopellis	Hymenopellis furfuracea		SPECIES	Oudemansiella furfuracea (Peck) Zhu L.Yang, G.M.Muell., G.Kost & Rexer	Oudemansiella furfuracea		CA		New Brunswick	PRESENT		28eb1a3f-1c15-4a95-931a-4af90ecb574d	45.956088	-66.671931							2018-09-02T16:32	2	9	2018	8270988	7518425	HUMAN_OBSERVATION	iNaturalist	Observations	16149688		Richard Tehan	2019-08-13T00:30:31	CC_BY_NC_4_0	Ken Ramey	Ken Ramey			2025-01-14T12:05:49.254Z	StillImage	COORDINATE_ROUNDED;CONTINENT_DERIVED_FROM_COORDINATES;TAXON_MATCH_TAXON_ID_IGNORED
1898839440	50c9509d-22c7-4a22-a47d-8c48425ef4a7	https://www.inaturalist.org/observations/15821150	Fungi	Basidiomycota	Agaricomycetes	Agaricales	Physalacriaceae	Hymenopellis	Hymenopellis furfuracea		SPECIES	Oudemansiella furfuracea (Peck) Zhu L.Yang, G.M.Muell., G.Kost & Rexer	Oudemansiella furfuracea		CA		Ontario	PRESENT		28eb1a3f-1c15-4a95-931a-4af90ecb574d	45.390892	-78.906137	16.0						2018-08-23T13:43:39	23	8	2018	8270988	7518425	HUMAN_OBSERVATION	iNaturalist	Observations	15821150		Alfredo Justo	2019-08-13T00:30:07	CC_BY_4_0	James Duncan	James Duncan			2025-01-14T12:06:00.424Z	StillImage	COORDINATE_ROUNDED;CONTINENT_DERIVED_FROM_COORDINATES;TAXON_MATCH_TAXON_ID_IGNORED
1701558061	39bd4817-9530-4341-a918-4f16b8db1419	UdeM:CMMF:Blitz2017:58	Fungi	Basidiomycota	Agaricomycetes	Agaricales	Physalacriaceae	Hymenopellis	Hymenopellis furfuracea		SPECIES	Hymenopellis furfuracea (Peck) R.H.Petersen	Hymenopellis furfuracea (Peck) R.H. Petersen, 2010	(Peck) R.H. Petersen, 2010	CA	Parc des Chutes de Sainte-Ursule	Québec	PRESENT		ff7bd5db-b724-4932-b496-10ea298851f9	46.300422	-73.094321	500.0						2017-08-09	9	8	2017	7518425	7518425	HUMAN_OBSERVATION	Université de Montréal Biodiversity Centre	CMMF			Raymond Archambault et Joseph Nuzzolese	2017-08-09T00:00:00	CC0_1_0		IRBV's graduate students			2024-01-24T17:29:10.738Z		
1701211264	81e6cff2-b409-417e-8c72-e1bbafb7c61f	f5b37da6-c4a1-4612-b0db-ceaf0f0d52ef	Fungi	Basidiomycota	Agaricomycetes	Agaricales	Physalacriaceae	Hymenopellis	Hymenopellis furfuracea		SPECIES	Xerula furfuracea (Peck) Redhead, Ginns & Shoemaker	Xerula furfuracea (Peck) Redhead et al.	(Peck) Redhead et al.	CA	Sainte-Foy; Airport forest	Québec	PRESENT		7b8aff00-a9f8-11d8-944b-b8a03c50a862	46.783668	-71.393568	8000.0						2003-08-29	29	8	2003	3341293	7518425	PRESERVED_SPECIMEN	F	Botany	C0296602F	NAMA 2003-302	W. Sturgeon		CC0_1_0	The Field Museum of Natural History	C. Aldridge			2024-02-20T16:06:30.476Z		GEODETIC_DATUM_ASSUMED_WGS84;MODIFIED_DATE_INVALID;MULTIMEDIA_URI_INVALID;AMBIGUOUS_COLLECTION;INSTITUTION_MATCH_FUZZY
1668793422	50c9509d-22c7-4a22-a47d-8c48425ef4a7	http://inaturalist.ca/observations/4018426	Fungi	Basidiomycota	Agaricomycetes	Agaricales	Physalacriaceae	Hymenopellis	Hymenopellis furfuracea		SPECIES	Oudemansiella furfuracea (Peck) Zhu L.Yang, G.M.Muell., G.Kost & Rexer	Oudemansiella furfuracea		CA		New Brunswick	PRESENT		28eb1a3f-1c15-4a95-931a-4af90ecb574d	45.954064	-66.675507	7.0						2016-09-02T11:19	2	9	2016	8270988	7518425	HUMAN_OBSERVATION	iNaturalist	Observations	4018426		anthony brooks	2019-08-13T00:27:24	CC_BY_NC_4_0	Remi Daigle	Remi Daigle			2025-01-14T13:00:25.652Z	StillImage	COORDINATE_ROUNDED;CONTINENT_DERIVED_FROM_COORDINATES;TAXON_MATCH_TAXON_ID_IGNORED
1412706438	21705170-d2b6-42de-8904-c3bca4b83591	CMMF014869	Fungi	Basidiomycota	Agaricomycetes	Agaricales	Physalacriaceae	Hymenopellis	Hymenopellis furfuracea		SPECIES	Oudemansiella furfuracea (Peck) Zhu L.Yang, G.M.Muell., G.Kost & Rexer	Oudemansiella furfuracea (Peck) Zhu L. Yang, G.M. Muell., G. Kost & Rexer	(Peck) Zhu L. Yang, G.M. Muell., G. Kost & Rexer	CA	Route 10, Brossard, Québec.	Québec	PRESENT		ff7bd5db-b724-4932-b496-10ea298851f9	45.459256	-73.449557	4000.0						1977-07-27	27	7	1977	8270988	7518425	PRESERVED_SPECIMEN	Université de Montréal Biodiversity Centre	CMMF	CMMF014869	NA	Guérin, Gérard		CC0_1_0	Université de Montréal Biodiversity Centre	Guérin, Gérard			2024-01-24T16:38:20.674Z		INSTITUTION_MATCH_FUZZY;COLLECTION_MATCH_FUZZY;DIFFERENT_OWNER_INSTITUTION
1412706424	21705170-d2b6-42de-8904-c3bca4b83591	CMMF014872	Fungi	Basidiomycota	Agaricomycetes	Agaricales	Physalacriaceae	Hymenopellis	Hymenopellis furfuracea		SPECIES	Oudemansiella furfuracea (Peck) Zhu L.Yang, G.M.Muell., G.Kost & Rexer	Oudemansiella furfuracea (Peck) Zhu L. Yang, G.M. Muell., G. Kost & Rexer	(Peck) Zhu L. Yang, G.M. Muell., G. Kost & Rexer	CA	Hautes-Gorges, Québec.	Québec	PRESENT		ff7bd5db-b724-4932-b496-10ea298851f9	47.902902	-70.443354	20000.0						1994-09-04	4	9	1994	8270988	7518425	PRESERVED_SPECIMEN	Université de Montréal Biodiversity Centre	CMMF	CMMF014872	1749	Guérin, Gérard		CC0_1_0	Université de Montréal Biodiversity Centre	Guérin, Gérard			2024-01-24T16:38:20.665Z	StillImage	INSTITUTION_MATCH_FUZZY;COLLECTION_MATCH_FUZZY;DIFFERENT_OWNER_INSTITUTION
1412706392	21705170-d2b6-42de-8904-c3bca4b83591	CMMF014871	Fungi	Basidiomycota	Agaricomycetes	Agaricales	Physalacriaceae	Hymenopellis	Hymenopellis furfuracea		SPECIES	Oudemansiella furfuracea (Peck) Zhu L.Yang, G.M.Muell., G.Kost & Rexer	Oudemansiella furfuracea (Peck) Zhu L. Yang, G.M. Muell., G. Kost & Rexer	(Peck) Zhu L. Yang, G.M. Muell., G. Kost & Rexer	CA	Lac Emeraude, Saint-Ubalde, Québec.	Québec	PRESENT		ff7bd5db-b724-4932-b496-10ea298851f9	46.820449	-72.234717	2000.0						1992-07-20	20	7	1992	8270988	7518425	PRESERVED_SPECIMEN	Université de Montréal Biodiversity Centre	CMMF	CMMF014871	NA	Guérin, Gérard		CC0_1_0	Université de Montréal Biodiversity Centre	Guérin, Gérard			2024-01-24T16:38:20.665Z		INSTITUTION_MATCH_FUZZY;COLLECTION_MATCH_FUZZY;DIFFERENT_OWNER_INSTITUTION
1412706310	21705170-d2b6-42de-8904-c3bca4b83591	CMMF014870	Fungi	Basidiomycota	Agaricomycetes	Agaricales	Physalacriaceae	Hymenopellis	Hymenopellis furfuracea		SPECIES	Oudemansiella furfuracea (Peck) Zhu L.Yang, G.M.Muell., G.Kost & Rexer	Oudemansiella furfuracea (Peck) Zhu L. Yang, G.M. Muell., G. Kost & Rexer	(Peck) Zhu L. Yang, G.M. Muell., G. Kost & Rexer	CA	Québec, Québec.	Québec	PRESENT		ff7bd5db-b724-4932-b496-10ea298851f9	46.86201	-71.307678	15000.0						1985-07-07	7	7	1985	8270988	7518425	PRESERVED_SPECIMEN	Université de Montréal Biodiversity Centre	CMMF	CMMF014870	NA	Guérin, Gérard		CC0_1_0	Université de Montréal Biodiversity Centre	Guérin, Gérard			2024-01-24T16:38:20.665Z		INSTITUTION_MATCH_FUZZY;COLLECTION_MATCH_FUZZY;DIFFERENT_OWNER_INSTITUTION
1135071111	21705170-d2b6-42de-8904-c3bca4b83591	CMMF009689	Fungi	Basidiomycota	Agaricomycetes	Agaricales	Physalacriaceae	Hymenopellis	Hymenopellis furfuracea		SPECIES	Xerula furfuracea (Peck) Redhead, Ginns & Shoemaker	Xerula furfuracea (Peck) Redhead, Ginns & Shoemaker	(Peck) Redhead, Ginns & Shoemaker	CA	Parc des Moulins, Québec.	Québec	PRESENT		ff7bd5db-b724-4932-b496-10ea298851f9	46.887678	-71.301288	600.0						2007-08-05	5	8	2007	3341293	7518425	PRESERVED_SPECIMEN	Université de Montréal Biodiversity Centre	CMMF	CMMF009689	1273	Labrecque, Jacqueline		CC0_1_0	Université de Montréal Biodiversity Centre	Labrecque, Jacqueline			2024-01-24T16:38:20.866Z		INSTITUTION_MATCH_FUZZY;COLLECTION_MATCH_FUZZY;DIFFERENT_OWNER_INSTITUTION
1135070445	21705170-d2b6-42de-8904-c3bca4b83591	CMMF008997	Fungi	Basidiomycota	Agaricomycetes	Agaricales	Physalacriaceae	Hymenopellis	Hymenopellis furfuracea		SPECIES	Xerula furfuracea (Peck) Redhead, Ginns & Shoemaker	Xerula furfuracea (Peck) Redhead, Ginns & Shoemaker	(Peck) Redhead, Ginns & Shoemaker	CA	Érablière Lac-Beauport, Lac-Beauport.	Québec	PRESENT		ff7bd5db-b724-4932-b496-10ea298851f9	46.953091	-71.275238	5000.0						2006-08-19	19	8	2006	3341293	7518425	PRESERVED_SPECIMEN	Université de Montréal Biodiversity Centre	CMMF	CMMF008997	580	Labrecque, Jacqueline		CC0_1_0	Université de Montréal Biodiversity Centre	Labrecque, Jacqueline			2024-01-24T16:38:18.965Z		INSTITUTION_MATCH_FUZZY;COLLECTION_MATCH_FUZZY;DIFFERENT_OWNER_INSTITUTION
1135070417	21705170-d2b6-42de-8904-c3bca4b83591	CMMF008968	Fungi	Basidiomycota	Agaricomycetes	Agaricales	Physalacriaceae	Hymenopellis	Hymenopellis furfuracea		SPECIES	Xerula furfuracea (Peck) Redhead, Ginns & Shoemaker	Xerula furfuracea (Peck) Redhead, Ginns & Shoemaker	(Peck) Redhead, Ginns & Shoemaker	CA	Chemin Chapelle, Lac-Beauport.	Québec	PRESENT		ff7bd5db-b724-4932-b496-10ea298851f9	46.949281	-71.284722	250.0						2006-08-16	16	8	2006	3341293	7518425	PRESERVED_SPECIMEN	Université de Montréal Biodiversity Centre	CMMF	CMMF008968	551	Labbé, Roland		CC0_1_0	Université de Montréal Biodiversity Centre	Labrecque, Jacqueline			2024-01-24T16:38:18.953Z		INSTITUTION_MATCH_FUZZY;COLLECTION_MATCH_FUZZY;DIFFERENT_OWNER_INSTITUTION
1135070245	21705170-d2b6-42de-8904-c3bca4b83591	CMMF008781	Fungi	Basidiomycota	Agaricomycetes	Agaricales	Physalacriaceae	Hymenopellis	Hymenopellis furfuracea		SPECIES	Xerula furfuracea (Peck) Redhead, Ginns & Shoemaker	Xerula furfuracea (Peck) Redhead, Ginns & Shoemaker	(Peck) Redhead, Ginns & Shoemaker	CA	Chemin Chapelle, Lac-Beauport.	Québec	PRESENT		ff7bd5db-b724-4932-b496-10ea298851f9	46.949281	-71.284722	250.0						2006-07-23	23	7	2006	3341293	7518425	PRESERVED_SPECIMEN	Université de Montréal Biodiversity Centre	CMMF	CMMF008781	363	Labrecque, Jacqueline		CC0_1_0	Université de Montréal Biodiversity Centre	Labrecque, Jacqueline			2024-01-24T16:38:18.814Z		INSTITUTION_MATCH_FUZZY;COLLECTION_MATCH_FUZZY;DIFFERENT_OWNER_INSTITUTION
1135069438	21705170-d2b6-42de-8904-c3bca4b83591	CMMF007974	Fungi	Basidiomycota	Agaricomycetes	Agaricales	Physalacriaceae	Hymenopellis	Hymenopellis furfuracea		SPECIES	Xerula furfuracea (Peck) Redhead, Ginns & Shoemaker	Xerula furfuracea (Peck) Redhead, Ginns & Shoemaker	(Peck) Redhead, Ginns & Shoemaker	CA	Notre-Dame-du-Rosaire	Québec	PRESENT		ff7bd5db-b724-4932-b496-10ea298851f9	46.801567	-70.357633	100.0						2010-07-10	10	7	2010	3341293	7518425	PRESERVED_SPECIMEN	Université de Montréal Biodiversity Centre	CMMF	CMMF007974	C3653	McNeil, Raymond		CC0_1_0	Université de Montréal Biodiversity Centre	McNeil, Raymond			2024-01-24T16:38:15.643Z	StillImage	COORDINATE_ROUNDED;INSTITUTION_MATCH_FUZZY;COLLECTION_MATCH_FUZZY;DIFFERENT_OWNER_INSTITUTION
1135068717	21705170-d2b6-42de-8904-c3bca4b83591	CMMF007227	Fungi	Basidiomycota	Agaricomycetes	Agaricales	Physalacriaceae	Hymenopellis	Hymenopellis furfuracea		SPECIES	Xerula furfuracea (Peck) Redhead, Ginns & Shoemaker	Xerula furfuracea (Peck) Redhead, Ginns & Shoemaker	(Peck) Redhead, Ginns & Shoemaker	CA	Mirabel (Chemin de la Rivière du Nord)	Québec	PRESENT		ff7bd5db-b724-4932-b496-10ea298851f9	45.683917	-74.2185	100.0						2011-08-31	31	8	2011	3341293	7518425	PRESERVED_SPECIMEN	Université de Montréal Biodiversity Centre	CMMF	CMMF007227	C3897	McNeil, Raymond		CC0_1_0	Université de Montréal Biodiversity Centre	McNeil, Raymond			2024-01-24T16:38:21.303Z	StillImage	COORDINATE_ROUNDED;INSTITUTION_MATCH_FUZZY;COLLECTION_MATCH_FUZZY;DIFFERENT_OWNER_INSTITUTION
1135067887	21705170-d2b6-42de-8904-c3bca4b83591	CMMF006383	Fungi	Basidiomycota	Agaricomycetes	Agaricales	Physalacriaceae	Hymenopellis	Hymenopellis furfuracea		SPECIES	Xerula furfuracea (Peck) Redhead, Ginns & Shoemaker	Xerula furfuracea (Peck) Redhead, Ginns & Shoemaker	(Peck) Redhead, Ginns & Shoemaker	CA	Châteauguay	Québec	PRESENT		ff7bd5db-b724-4932-b496-10ea298851f9	45.3731	-73.737433	100.0						2013-06-26	26	6	2013	3341293	7518425	PRESERVED_SPECIMEN	Université de Montréal Biodiversity Centre	CMMF	CMMF006383	C4184	McNeil, Raymond		CC0_1_0	Université de Montréal Biodiversity Centre	McNeil, Raymond			2024-01-24T16:38:19.040Z	StillImage	COORDINATE_ROUNDED;INSTITUTION_MATCH_FUZZY;COLLECTION_MATCH_FUZZY;DIFFERENT_OWNER_INSTITUTION
1135067644	21705170-d2b6-42de-8904-c3bca4b83591	CMMF006150	Fungi	Basidiomycota	Agaricomycetes	Agaricales	Physalacriaceae	Hymenopellis	Hymenopellis furfuracea		SPECIES	Xerula furfuracea (Peck) Redhead, Ginns & Shoemaker	Xerula furfuracea (Peck) Redhead, Ginns & Shoemaker	(Peck) Redhead, Ginns & Shoemaker	CA	Châteauguay	Québec	PRESENT		ff7bd5db-b724-4932-b496-10ea298851f9	45.35433	-73.774083	100.0						2005-07-28	28	7	2005	3341293	7518425	PRESERVED_SPECIMEN	Université de Montréal Biodiversity Centre	CMMF	CMMF006150	C2249	McNeil, Raymond		CC0_1_0	Université de Montréal Biodiversity Centre	McNeil, Raymond			2024-01-24T16:38:18.849Z	StillImage	COORDINATE_ROUNDED;INSTITUTION_MATCH_FUZZY;COLLECTION_MATCH_FUZZY;DIFFERENT_OWNER_INSTITUTION
1135067586	21705170-d2b6-42de-8904-c3bca4b83591	CMMF006149	Fungi	Basidiomycota	Agaricomycetes	Agaricales	Physalacriaceae	Hymenopellis	Hymenopellis furfuracea		SPECIES	Xerula furfuracea (Peck) Redhead, Ginns & Shoemaker	Xerula furfuracea (Peck) Redhead, Ginns & Shoemaker	(Peck) Redhead, Ginns & Shoemaker	CA	Châteauguay	Québec	PRESENT		ff7bd5db-b724-4932-b496-10ea298851f9	45.35433	-73.774083	100.0						2005-08-09	9	8	2005	3341293	7518425	PRESERVED_SPECIMEN	Université de Montréal Biodiversity Centre	CMMF	CMMF006149	C2255	McNeil, Raymond		CC0_1_0	Université de Montréal Biodiversity Centre	McNeil, Raymond			2024-01-24T16:38:18.842Z	StillImage	COORDINATE_ROUNDED;INSTITUTION_MATCH_FUZZY;COLLECTION_MATCH_FUZZY;DIFFERENT_OWNER_INSTITUTION
1135067241	21705170-d2b6-42de-8904-c3bca4b83591	CMMF005775	Fungi	Basidiomycota	Agaricomycetes	Agaricales	Physalacriaceae	Hymenopellis	Hymenopellis furfuracea		SPECIES	Xerula furfuracea (Peck) Redhead, Ginns & Shoemaker	Xerula furfuracea (Peck) Redhead, Ginns & Shoemaker	(Peck) Redhead, Ginns & Shoemaker	CA	Châteauguay (Centre écologique Fernand-Seguin)	Québec	PRESENT		ff7bd5db-b724-4932-b496-10ea298851f9	45.33983	-73.773917	100.0						2009-08-07	7	8	2009	3341293	7518425	PRESERVED_SPECIMEN	Université de Montréal Biodiversity Centre	CMMF	CMMF005775	C3524	McNeil, Raymond		CC0_1_0	Université de Montréal Biodiversity Centre	McNeil, Raymond			2024-01-24T16:38:16.722Z	StillImage	COORDINATE_ROUNDED;INSTITUTION_MATCH_FUZZY;COLLECTION_MATCH_FUZZY;DIFFERENT_OWNER_INSTITUTION
1024559489	21705170-d2b6-42de-8904-c3bca4b83591	CMMF004642	Fungi	Basidiomycota	Agaricomycetes	Agaricales	Physalacriaceae	Hymenopellis	Hymenopellis furfuracea		SPECIES	Xerula furfuracea (Peck) Redhead, Ginns & Shoemaker	Xerula furfuracea (Peck) Redhead, Ginns & Shoemaker	(Peck) Redhead, Ginns & Shoemaker	CA	Réserve écologique du Boisé-des-Muir, Hinchinbrooke.	Québec	PRESENT		ff7bd5db-b724-4932-b496-10ea298851f9	45.086066	-74.11521	10.0						2011-06-16	16	6	2011	3341293	7518425	PRESERVED_SPECIMEN	Université de Montréal Biodiversity Centre	CMMF	CMMF004642	31	Lebeuf, Renée		CC0_1_0	Université de Montréal Biodiversity Centre	Archambault, Raymond; Lebeuf, Renée			2024-01-24T16:38:19.774Z		INSTITUTION_MATCH_FUZZY;COLLECTION_MATCH_FUZZY;DIFFERENT_OWNER_INSTITUTION
1024558952	21705170-d2b6-42de-8904-c3bca4b83591	CMMF004309	Fungi	Basidiomycota	Agaricomycetes	Agaricales	Physalacriaceae	Hymenopellis	Hymenopellis furfuracea		SPECIES	Xerula furfuracea (Peck) Redhead, Ginns & Shoemaker	Xerula furfuracea (Peck) Redhead, Ginns & Shoemaker	(Peck) Redhead, Ginns & Shoemaker	CA	Réserve écologique du Boisé-des-Muir, Hinchinbrooke.	Québec	PRESENT		ff7bd5db-b724-4932-b496-10ea298851f9	45.085154	-74.114978	10.0						2012-07-23	23	7	2012	3341293	7518425	PRESERVED_SPECIMEN	Université de Montréal Biodiversity Centre	CMMF	CMMF004309	317	Langlois, Annabelle		CC0_1_0	Université de Montréal Biodiversity Centre	Langlois, Annabelle; McNeil, Raymond			2024-01-24T16:38:19.603Z		INSTITUTION_MATCH_FUZZY;COLLECTION_MATCH_FUZZY;DIFFERENT_OWNER_INSTITUTION
1024558941	21705170-d2b6-42de-8904-c3bca4b83591	CMMF004296	Fungi	Basidiomycota	Agaricomycetes	Agaricales	Physalacriaceae	Hymenopellis	Hymenopellis furfuracea		SPECIES	Xerula furfuracea (Peck) Redhead, Ginns & Shoemaker	Xerula furfuracea (Peck) Redhead, Ginns & Shoemaker	(Peck) Redhead, Ginns & Shoemaker	CA	Réserve écologique du Boisé-des-Muir, Hinchinbrooke.	Québec	PRESENT		ff7bd5db-b724-4932-b496-10ea298851f9	45.085382	-74.114585	10.0						2012-07-15	15	7	2012	3341293	7518425	PRESERVED_SPECIMEN	Université de Montréal Biodiversity Centre	CMMF	CMMF004296	303	Archambault, Raymond		CC0_1_0	Université de Montréal Biodiversity Centre	Archambault, Raymond; Langlois, Annabelle; Marchand, Charlotte			2024-01-24T16:38:18.725Z		INSTITUTION_MATCH_FUZZY;COLLECTION_MATCH_FUZZY;DIFFERENT_OWNER_INSTITUTION
1024558833	21705170-d2b6-42de-8904-c3bca4b83591	CMMF004245	Fungi	Basidiomycota	Agaricomycetes	Agaricales	Physalacriaceae	Hymenopellis	Hymenopellis furfuracea		SPECIES	Xerula furfuracea (Peck) Redhead, Ginns & Shoemaker	Xerula furfuracea (Peck) Redhead, Ginns & Shoemaker	(Peck) Redhead, Ginns & Shoemaker	CA	Réserve écologique du Boisé-des-Muir, Hinchinbrooke.	Québec	PRESENT		ff7bd5db-b724-4932-b496-10ea298851f9	45.08471	-74.114139	10.0						2012-07-03	3	7	2012	3341293	7518425	PRESERVED_SPECIMEN	Université de Montréal Biodiversity Centre	CMMF	CMMF004245	253	Archambault, Raymond		CC0_1_0	Université de Montréal Biodiversity Centre	Archambault, Raymond; Langlois, Annabelle; Turgon, Jean-Pierre			2024-01-24T16:38:18.705Z	StillImage	INSTITUTION_MATCH_FUZZY;COLLECTION_MATCH_FUZZY;DIFFERENT_OWNER_INSTITUTION
