gbifID	datasetKey	occurrenceID	kingdom	phylum	class	order	family	genus	species	infraspecificEpithet	taxonRank	scientificName	verbatimScientificName	verbatimScientificNameAuthorship	countryCode	locality	stateProvince	occurrenceStatus	individualCount	publishingOrgKey	decimalLatitude	decimalLongitude	coordinateUncertaintyInMeters	coordinatePrecision	elevation	elevationAccuracy	depth	depthAccuracy	eventDate	day	month	year	taxonKey	speciesKey	basisOfRecord	institutionCode	collectionCode	catalogNumber	recordNumber	identifiedBy	dateIdentified	license	rightsHolder	recordedBy	typeStatus	establishmentMeans	lastInterpreted	mediaType	issue
617554842	21705170-d2b6-42de-8904-c3bca4b83591	CMMF000542	Fungi	Basidiomycota	Agaricomycetes	Agaricales	Mycenaceae	Mycena	Mycena haematopus		SPECIES	Mycena haematopus (Pers.) P.Kumm.	Mycena haematopus (Pers.) P. Kumm.	(Pers.) P. Kumm.	CA	Montréal	Québec	PRESENT		ff7bd5db-b724-4932-b496-10ea298851f9	45.509625	-73.662984	25000.0						1989-07-04	4	7	1989	2526942	2526942	PRESERVED_SPECIMEN	Université de Montréal Biodiversity Centre	CMMF	CMMF000542		Lamoureux, Yves		CC0_1_0	Université de Montréal Biodiversity Centre	Lamoureux, Yves			2024-01-24T16:38:20.059Z	StillImage	INSTITUTION_MATCH_FUZZY;COLLECTION_MATCH_FUZZY;DIFFERENT_OWNER_INSTITUTION
617554552	21705170-d2b6-42de-8904-c3bca4b83591	CMMF000041	Fungi	Basidiomycota	Agaricomycetes	Agaricales	Mycenaceae	Mycena	Mycena haematopus		SPECIES	Mycena haematopus (Pers.) P.Kumm.	Mycena haematopus (Pers.) P. Kumm.	(Pers.) P. Kumm.	CA	Montréal	Québec	PRESENT		ff7bd5db-b724-4932-b496-10ea298851f9	45.509625	-73.662984	25000.0						1988-07-15	15	7	1988	2526942	2526942	PRESERVED_SPECIMEN	Université de Montréal Biodiversity Centre	CMMF	CMMF000041		Lamoureux, Yves		CC0_1_0	Université de Montréal Biodiversity Centre	Lamoureux, Yves			2024-01-24T16:38:20.369Z	StillImage	INSTITUTION_MATCH_FUZZY;COLLECTION_MATCH_FUZZY;DIFFERENT_OWNER_INSTITUTION
617549644	21705170-d2b6-42de-8904-c3bca4b83591	CMMF001927	Fungi	Basidiomycota	Agaricomycetes	Agaricales	Mycenaceae	Mycena	Mycena haematopus		SPECIES	Mycena haematopus (Pers.) P.Kumm.	Mycena haematopus (Pers.) P. Kumm.	(Pers.) P. Kumm.	CA	Saint-Bruno-de-Montarville	Québec	PRESENT		ff7bd5db-b724-4932-b496-10ea298851f9	45.526599	-73.344507	5500.0						1993-08-01	1	8	1993	2526942	2526942	PRESERVED_SPECIMEN	Université de Montréal Biodiversity Centre	CMMF	CMMF001927		Lamoureux, Yves		CC0_1_0	Université de Montréal Biodiversity Centre	Lamoureux, Yves			2024-01-24T16:38:17.352Z	StillImage	INSTITUTION_MATCH_FUZZY;COLLECTION_MATCH_FUZZY;DIFFERENT_OWNER_INSTITUTION
617548214	21705170-d2b6-42de-8904-c3bca4b83591	CMMF001309	Fungi	Basidiomycota	Agaricomycetes	Agaricales	Mycenaceae	Mycena	Mycena haematopus	marginata	VARIETY	Mycena haematopus var. marginata J.E.Lange	Mycena haematopus var. marginata Lange	Lange	CA	Longueuil	Québec	PRESENT		ff7bd5db-b724-4932-b496-10ea298851f9	45.544154	-73.477185	5000.0						1991-05-23	23	5	1991	5240473	2526942	PRESERVED_SPECIMEN	Université de Montréal Biodiversity Centre	CMMF	CMMF001309		Lamoureux, Yves		CC0_1_0	Université de Montréal Biodiversity Centre	Lamoureux, Yves			2024-01-24T16:38:17.492Z	StillImage	INSTITUTION_MATCH_FUZZY;COLLECTION_MATCH_FUZZY;DIFFERENT_OWNER_INSTITUTION
4973932195	50c9509d-22c7-4a22-a47d-8c48425ef4a7	https://www.inaturalist.org/observations/248368852	Fungi	Basidiomycota	Agaricomycetes	Agaricales	Mycenaceae	Mycena	Mycena haematopus		SPECIES	Mycena haematopus (Pers.) P.Kumm.	Mycena haematopus		CA		New Brunswick	PRESENT		28eb1a3f-1c15-4a95-931a-4af90ecb574d	45.983567	-66.754222	15.0						2024-09-09T11:09	9	9	2024	2526942	2526942	HUMAN_OBSERVATION	iNaturalist	Observations	248368852		Dwayne Sabine	2024-10-20T23:46:34	CC_BY_NC_4_0	Dwayne Sabine	Dwayne Sabine			2025-01-14T12:52:04.419Z	StillImage	COORDINATE_ROUNDED;CONTINENT_DERIVED_FROM_COORDINATES;TAXON_MATCH_TAXON_ID_IGNORED
4950567695	50c9509d-22c7-4a22-a47d-8c48425ef4a7	https://www.inaturalist.org/observations/240316289	Fungi	Basidiomycota	Agaricomycetes	Agaricales	Mycenaceae	Mycena	Mycena haematopus		SPECIES	Mycena haematopus (Pers.) P.Kumm.	Mycena haematopus		CA		Québec	PRESENT		28eb1a3f-1c15-4a95-931a-4af90ecb574d	45.360717	-72.235039	16.0						2024-08-17T12:26	17	8	2024	2526942	2526942	HUMAN_OBSERVATION	iNaturalist	Observations	240316289		gabboilard	2024-09-07T13:44:47	CC_BY_NC_4_0	gabboilard	gabboilard			2025-01-14T13:43:15.029Z	StillImage	COORDINATE_ROUNDED;CONTINENT_DERIVED_FROM_COORDINATES;TAXON_MATCH_TAXON_ID_IGNORED
4946595052	50c9509d-22c7-4a22-a47d-8c48425ef4a7	https://www.inaturalist.org/observations/240825611	Fungi	Basidiomycota	Agaricomycetes	Agaricales	Mycenaceae	Mycena	Mycena haematopus		SPECIES	Mycena haematopus (Pers.) P.Kumm.	Mycena haematopus		CA		Québec	PRESENT		28eb1a3f-1c15-4a95-931a-4af90ecb574d	45.547247	-73.462609	61.0						2024-08-25T10:22	25	8	2024	2526942	2526942	HUMAN_OBSERVATION	iNaturalist	Observations	240825611		Antoine Fortin	2024-09-09T21:09:29	CC_BY_NC_4_0	Antoine Fortin	Antoine Fortin			2025-01-14T12:53:07.722Z	StillImage	COORDINATE_ROUNDED;CONTINENT_DERIVED_FROM_COORDINATES;TAXON_MATCH_TAXON_ID_IGNORED
4937172550	50c9509d-22c7-4a22-a47d-8c48425ef4a7	https://www.inaturalist.org/observations/235346035	Fungi	Basidiomycota	Agaricomycetes	Agaricales	Mycenaceae	Mycena	Mycena haematopus		SPECIES	Mycena haematopus (Pers.) P.Kumm.	Mycena haematopus		CA		Ontario	PRESENT		28eb1a3f-1c15-4a95-931a-4af90ecb574d	45.370503	-75.796876	15.0						2024-07-13T15:27	13	7	2024	2526942	2526942	HUMAN_OBSERVATION	iNaturalist	Observations	235346035		Deborah Mosher	2024-08-12T15:11:27	CC_BY_NC_4_0	Deborah Mosher	Deborah Mosher			2025-01-14T12:48:04.575Z	StillImage	COORDINATE_ROUNDED;CONTINENT_DERIVED_FROM_COORDINATES;TAXON_MATCH_TAXON_ID_IGNORED
4926299373	50c9509d-22c7-4a22-a47d-8c48425ef4a7	https://www.inaturalist.org/observations/236377388	Fungi	Basidiomycota	Agaricomycetes	Agaricales	Mycenaceae	Mycena	Mycena haematopus		SPECIES	Mycena haematopus (Pers.) P.Kumm.	Mycena haematopus		CA		Québec	PRESENT		28eb1a3f-1c15-4a95-931a-4af90ecb574d	45.082249	-73.150541	3553.0						2024-08-17T10:07:53	17	8	2024	2526942	2526942	HUMAN_OBSERVATION	iNaturalist	Observations	236377388		egrenier	2024-08-17T21:46:30	CC_BY_NC_4_0	egrenier	egrenier			2025-01-14T13:48:18.399Z	StillImage	COORDINATE_ROUNDED;CONTINENT_DERIVED_FROM_COORDINATES;TAXON_MATCH_TAXON_ID_IGNORED
4923843867	50c9509d-22c7-4a22-a47d-8c48425ef4a7	https://www.inaturalist.org/observations/235160001	Fungi	Basidiomycota	Agaricomycetes	Agaricales	Mycenaceae	Mycena	Mycena haematopus		SPECIES	Mycena haematopus (Pers.) P.Kumm.	Mycena haematopus		CA		Ontario	PRESENT		28eb1a3f-1c15-4a95-931a-4af90ecb574d	45.032974	-75.646375	26.0						2024-08-11T11:25:40	11	8	2024	2526942	2526942	HUMAN_OBSERVATION	iNaturalist	Observations	235160001		Sara Scharf	2024-08-11T18:39:34	CC_BY_NC_4_0	breana_kirby	breana_kirby			2025-01-14T12:51:15.059Z	StillImage	COORDINATE_ROUNDED;CONTINENT_DERIVED_FROM_COORDINATES;TAXON_MATCH_TAXON_ID_IGNORED
4921515933	50c9509d-22c7-4a22-a47d-8c48425ef4a7	https://www.inaturalist.org/observations/233132042	Fungi	Basidiomycota	Agaricomycetes	Agaricales	Mycenaceae	Mycena	Mycena haematopus		SPECIES	Mycena haematopus (Pers.) P.Kumm.	Mycena haematopus		CA		Ontario	PRESENT		28eb1a3f-1c15-4a95-931a-4af90ecb574d	45.403088	-75.558815							2024-08-01T12:13	1	8	2024	2526942	2526942	HUMAN_OBSERVATION	iNaturalist	Observations	233132042		Igor Khomenko	2024-08-01T17:58:54	CC_BY_NC_4_0	Igor Khomenko	Igor Khomenko			2025-01-14T12:48:25.651Z	StillImage	COORDINATE_ROUNDED;CONTINENT_DERIVED_FROM_COORDINATES;TAXON_MATCH_TAXON_ID_IGNORED
4908654643	50c9509d-22c7-4a22-a47d-8c48425ef4a7	https://www.inaturalist.org/observations/229286698	Fungi	Basidiomycota	Agaricomycetes	Agaricales	Mycenaceae	Mycena	Mycena haematopus		SPECIES	Mycena haematopus (Pers.) P.Kumm.	Mycena haematopus		CA		Ontario	PRESENT		28eb1a3f-1c15-4a95-931a-4af90ecb574d	45.331612	-76.374701	15.0						2024-07-13T11:58	13	7	2024	2526942	2526942	HUMAN_OBSERVATION	iNaturalist	Observations	229286698		jonathan_mack	2024-07-14T16:05:18	CC_BY_NC_4_0	jonathan_mack	jonathan_mack			2025-01-14T12:47:26.494Z	StillImage	COORDINATE_ROUNDED;CONTINENT_DERIVED_FROM_COORDINATES;TAXON_MATCH_TAXON_ID_IGNORED
4892244910	50c9509d-22c7-4a22-a47d-8c48425ef4a7	https://www.inaturalist.org/observations/221585430	Fungi	Basidiomycota	Agaricomycetes	Agaricales	Mycenaceae	Mycena	Mycena haematopus		SPECIES	Mycena haematopus (Pers.) P.Kumm.	Mycena haematopus		CA		New Brunswick	PRESENT		28eb1a3f-1c15-4a95-931a-4af90ecb574d	45.957837	-66.663513	3.0						2024-06-09T10:30:40	9	6	2024	2526942	2526942	HUMAN_OBSERVATION	iNaturalist	Observations	221585430		wildlifewonders	2024-06-09T15:29:08	CC_BY_NC_4_0	wildlifewonders	wildlifewonders			2025-01-14T12:46:06.658Z	StillImage	COORDINATE_ROUNDED;CONTINENT_DERIVED_FROM_COORDINATES;TAXON_MATCH_TAXON_ID_IGNORED
4535990009	50c9509d-22c7-4a22-a47d-8c48425ef4a7	https://www.inaturalist.org/observations/201250095	Fungi	Basidiomycota	Agaricomycetes	Agaricales	Mycenaceae	Mycena	Mycena haematopus		SPECIES	Mycena haematopus (Pers.) P.Kumm.	Mycena haematopus		CA		Québec	PRESENT		28eb1a3f-1c15-4a95-931a-4af90ecb574d	46.915843	-71.237013	61.0						2023-08-06T14:27	6	8	2023	2526942	2526942	HUMAN_OBSERVATION	iNaturalist	Observations	201250095		Christian Grenier	2024-03-04T12:19:31	CC_BY_NC_4_0	Christian Grenier	Christian Grenier			2025-01-14T13:37:50.472Z	StillImage	COORDINATE_ROUNDED;CONTINENT_DERIVED_FROM_COORDINATES;TAXON_MATCH_TAXON_ID_IGNORED
4535696700	50c9509d-22c7-4a22-a47d-8c48425ef4a7	https://www.inaturalist.org/observations/200811849	Fungi	Basidiomycota	Agaricomycetes	Agaricales	Mycenaceae	Mycena	Mycena haematopus		SPECIES	Mycena haematopus (Pers.) P.Kumm.	Mycena haematopus		CA		Québec	PRESENT		28eb1a3f-1c15-4a95-931a-4af90ecb574d	46.909015	-71.216333	31.0						2023-08-06	6	8	2023	2526942	2526942	HUMAN_OBSERVATION	iNaturalist	Observations	200811849		Christian Grenier	2024-02-29T13:16:06	CC_BY_NC_4_0	Christian Grenier	Christian Grenier			2025-01-14T12:48:30.617Z	StillImage	COORDINATE_ROUNDED;CONTINENT_DERIVED_FROM_COORDINATES;TAXON_MATCH_TAXON_ID_IGNORED
4525258047	50c9509d-22c7-4a22-a47d-8c48425ef4a7	https://www.inaturalist.org/observations/199889588	Fungi	Basidiomycota	Agaricomycetes	Agaricales	Mycenaceae	Mycena	Mycena haematopus		SPECIES	Mycena haematopus (Pers.) P.Kumm.	Mycena haematopus		CA		Québec	PRESENT		28eb1a3f-1c15-4a95-931a-4af90ecb574d	46.788616	-71.341906	15.0						2023-08-15	15	8	2023	2526942	2526942	HUMAN_OBSERVATION	iNaturalist	Observations	199889588		Christian Grenier	2024-02-20T12:30:29	CC_BY_NC_4_0	Christian Grenier	Christian Grenier			2025-01-14T13:37:39.725Z	StillImage	COORDINATE_ROUNDED;CONTINENT_DERIVED_FROM_COORDINATES;TAXON_MATCH_TAXON_ID_IGNORED
4512029410	50c9509d-22c7-4a22-a47d-8c48425ef4a7	https://www.inaturalist.org/observations/57124964	Fungi	Basidiomycota	Agaricomycetes	Agaricales	Mycenaceae	Mycena	Mycena haematopus		SPECIES	Mycena haematopus (Pers.) P.Kumm.	Mycena haematopus		CA		Ontario	PRESENT		28eb1a3f-1c15-4a95-931a-4af90ecb574d	45.515119	-75.341563	46.0						2020-08-20	20	8	2020	2526942	2526942	HUMAN_OBSERVATION	iNaturalist	Observations	57124964		jonathan_mack	2020-10-09T14:59:43	CC_BY_NC_4_0	kevinwallace	kevinwallace			2025-01-14T12:14:21.344Z	StillImage	CONTINENT_DERIVED_FROM_COORDINATES;TAXON_MATCH_TAXON_ID_IGNORED
4512018414	50c9509d-22c7-4a22-a47d-8c48425ef4a7	https://www.inaturalist.org/observations/55536910	Fungi	Basidiomycota	Agaricomycetes	Agaricales	Mycenaceae	Mycena	Mycena haematopus		SPECIES	Mycena haematopus (Pers.) P.Kumm.	Mycena haematopus		CA		Ontario	PRESENT		28eb1a3f-1c15-4a95-931a-4af90ecb574d	45.408975	-75.573197	12.0						2020-08-05T16:08:20	5	8	2020	2526942	2526942	HUMAN_OBSERVATION	iNaturalist	Observations	55536910		Igor Khomenko	2020-08-05T21:42:23	CC_BY_NC_4_0	Igor Khomenko	Igor Khomenko			2025-01-14T13:03:10.642Z	StillImage	COORDINATE_ROUNDED;CONTINENT_DERIVED_FROM_COORDINATES;TAXON_MATCH_TAXON_ID_IGNORED
4465372008	50c9509d-22c7-4a22-a47d-8c48425ef4a7	https://www.inaturalist.org/observations/175650481	Fungi	Basidiomycota	Agaricomycetes	Agaricales	Mycenaceae	Mycena	Mycena haematopus		SPECIES	Mycena haematopus (Pers.) P.Kumm.	Mycena haematopus		CA		Québec	PRESENT		28eb1a3f-1c15-4a95-931a-4af90ecb574d	45.550975	-73.157079	2636.0						2023-07-29T13:48	29	7	2023	2526942	2526942	HUMAN_OBSERVATION	iNaturalist	Observations	175650481		Antoine Fortin	2023-07-30T01:39:04	CC_BY_NC_4_0	Antoine Fortin	Antoine Fortin			2025-01-14T12:40:48.994Z	StillImage	COORDINATE_ROUNDED;CONTINENT_DERIVED_FROM_COORDINATES;TAXON_MATCH_TAXON_ID_IGNORED
4424250353	50c9509d-22c7-4a22-a47d-8c48425ef4a7	https://www.inaturalist.org/observations/56056265	Fungi	Basidiomycota	Agaricomycetes	Agaricales	Mycenaceae	Mycena	Mycena haematopus		SPECIES	Mycena haematopus (Pers.) P.Kumm.	Mycena haematopus		CA		Ontario	PRESENT		28eb1a3f-1c15-4a95-931a-4af90ecb574d	45.355701	-75.686506	65.0						2020-08-10T19:20:32Z	10	8	2020	2526942	2526942	HUMAN_OBSERVATION	iNaturalist	Observations	56056265		natureboy69	2020-08-10T19:21:01	CC_BY_NC_4_0	natureboy69	natureboy69			2025-01-14T13:09:25.863Z	StillImage	COORDINATE_ROUNDED;CONTINENT_DERIVED_FROM_COORDINATES;TAXON_MATCH_TAXON_ID_IGNORED
4424115394	50c9509d-22c7-4a22-a47d-8c48425ef4a7	https://www.inaturalist.org/observations/149873927	Fungi	Basidiomycota	Agaricomycetes	Agaricales	Mycenaceae	Mycena	Mycena haematopus		SPECIES	Mycena haematopus (Pers.) P.Kumm.	Mycena haematopus		CA		Ontario	PRESENT		28eb1a3f-1c15-4a95-931a-4af90ecb574d	45.301697	-75.890428	8.0						2022-08-27T10:20:49	27	8	2022	2526942	2526942	HUMAN_OBSERVATION	iNaturalist	Observations	149873927		aaromatth	2023-02-28T02:26:55	CC_BY_NC_4_0	aaromatth	aaromatth			2025-01-14T12:33:40.900Z	StillImage	COORDINATE_ROUNDED;CONTINENT_DERIVED_FROM_COORDINATES;TAXON_MATCH_TAXON_ID_IGNORED
4424109806	50c9509d-22c7-4a22-a47d-8c48425ef4a7	https://www.inaturalist.org/observations/178543031	Fungi	Basidiomycota	Agaricomycetes	Agaricales	Mycenaceae	Mycena	Mycena haematopus		SPECIES	Mycena haematopus (Pers.) P.Kumm.	Mycena haematopus		CA		Ontario	PRESENT		28eb1a3f-1c15-4a95-931a-4af90ecb574d	45.389237	-75.737206	5.0						2023-08-15T11:35:24	15	8	2023	2526942	2526942	HUMAN_OBSERVATION	iNaturalist	Observations	178543031		Heather Pickard	2023-08-15T15:36:34	CC_BY_NC_4_0	Heather Pickard	Heather Pickard			2025-01-14T12:40:15.145Z	StillImage	COORDINATE_ROUNDED;CONTINENT_DERIVED_FROM_COORDINATES;TAXON_MATCH_TAXON_ID_IGNORED
4420766677	50c9509d-22c7-4a22-a47d-8c48425ef4a7	https://www.inaturalist.org/observations/185471194	Fungi	Basidiomycota	Agaricomycetes	Agaricales	Mycenaceae	Mycena	Mycena haematopus		SPECIES	Mycena haematopus (Pers.) P.Kumm.	Mycena haematopus		CA		Ontario	PRESENT		28eb1a3f-1c15-4a95-931a-4af90ecb574d	45.40872	-75.670478	32.0						2023-09-29T12:34:45	29	9	2023	2526942	2526942	HUMAN_OBSERVATION	iNaturalist	Observations	185471194		Sara Scharf	2023-09-29T21:49:36	CC_BY_NC_4_0	Erin	Erin			2025-01-14T12:40:14.200Z	StillImage	COORDINATE_ROUNDED;CONTINENT_DERIVED_FROM_COORDINATES;TAXON_MATCH_TAXON_ID_IGNORED
4414249469	50c9509d-22c7-4a22-a47d-8c48425ef4a7	https://www.inaturalist.org/observations/183169598	Fungi	Basidiomycota	Agaricomycetes	Agaricales	Mycenaceae	Mycena	Mycena haematopus		SPECIES	Mycena haematopus (Pers.) P.Kumm.	Mycena haematopus		CA		Québec	PRESENT		28eb1a3f-1c15-4a95-931a-4af90ecb574d	45.501953	-73.58794	2839.0						2023-09-06T13:57:46	6	9	2023	2526942	2526942	HUMAN_OBSERVATION	iNaturalist	Observations	183169598		Nali T.-Paradis	2023-09-14T03:12:45	CC_BY_NC_4_0	Nali T.-Paradis	Nali T.-Paradis			2025-01-14T13:27:33.371Z	StillImage	COORDINATE_ROUNDED;CONTINENT_DERIVED_FROM_COORDINATES;TAXON_MATCH_TAXON_ID_IGNORED
4413871817	50c9509d-22c7-4a22-a47d-8c48425ef4a7	https://www.inaturalist.org/observations/182259841	Fungi	Basidiomycota	Agaricomycetes	Agaricales	Mycenaceae	Mycena	Mycena haematopus		SPECIES	Mycena haematopus (Pers.) P.Kumm.	Mycena haematopus		CA		Québec	PRESENT		28eb1a3f-1c15-4a95-931a-4af90ecb574d	45.512445	-73.59172	4.0						2023-09-06T13:56:31	6	9	2023	2526942	2526942	HUMAN_OBSERVATION	iNaturalist	Observations	182259841		Mical	2023-09-08T00:14:13	CC_BY_4_0	Mical	Mical			2025-01-14T13:28:56.305Z	StillImage	CONTINENT_DERIVED_FROM_COORDINATES;TAXON_MATCH_TAXON_ID_IGNORED
4400042048	50c9509d-22c7-4a22-a47d-8c48425ef4a7	https://www.inaturalist.org/observations/179460602	Fungi	Basidiomycota	Agaricomycetes	Agaricales	Mycenaceae	Mycena	Mycena haematopus		SPECIES	Mycena haematopus (Pers.) P.Kumm.	Mycena haematopus		CA		Québec	PRESENT		28eb1a3f-1c15-4a95-931a-4af90ecb574d	45.426386	-75.81737	61.0						2023-08-20T13:59	20	8	2023	2526942	2526942	HUMAN_OBSERVATION	iNaturalist	Observations	179460602		jonathan_mack	2023-08-21T02:02:19	CC_BY_NC_4_0	jonathan_mack	jonathan_mack			2025-01-14T12:40:08.520Z	StillImage	COORDINATE_ROUNDED;CONTINENT_DERIVED_FROM_COORDINATES;TAXON_MATCH_TAXON_ID_IGNORED
4177568553	50c9509d-22c7-4a22-a47d-8c48425ef4a7	https://www.inaturalist.org/observations/178459674	Fungi	Basidiomycota	Agaricomycetes	Agaricales	Mycenaceae	Mycena	Mycena haematopus		SPECIES	Mycena haematopus (Pers.) P.Kumm.	Mycena haematopus		CA		Ontario	PRESENT		28eb1a3f-1c15-4a95-931a-4af90ecb574d	45.44769	-75.686362	31.0						2023-08-14T13:57	14	8	2023	2526942	2526942	HUMAN_OBSERVATION	iNaturalist	Observations	178459674		christine123	2023-08-15T00:52:37	CC_BY_4_0	christine123	christine123			2025-01-14T12:40:12.562Z	StillImage	COORDINATE_ROUNDED;CONTINENT_DERIVED_FROM_COORDINATES;TAXON_MATCH_TAXON_ID_IGNORED
4171944964	50c9509d-22c7-4a22-a47d-8c48425ef4a7	https://www.inaturalist.org/observations/175634436	Fungi	Basidiomycota	Agaricomycetes	Agaricales	Mycenaceae	Mycena	Mycena haematopus		SPECIES	Mycena haematopus (Pers.) P.Kumm.	Mycena haematopus		CA		Québec	PRESENT		28eb1a3f-1c15-4a95-931a-4af90ecb574d	45.489818	-75.625872							2023-07-29T11:14	29	7	2023	2526942	2526942	HUMAN_OBSERVATION	iNaturalist	Observations	175634436		jonathan_mack	2023-07-29T23:29:15	CC_BY_NC_4_0	jonathan_mack	jonathan_mack			2025-01-14T12:40:01.763Z	StillImage	COORDINATE_ROUNDED;CONTINENT_DERIVED_FROM_COORDINATES;TAXON_MATCH_TAXON_ID_IGNORED
4171830299	50c9509d-22c7-4a22-a47d-8c48425ef4a7	https://www.inaturalist.org/observations/175651019	Fungi	Basidiomycota	Agaricomycetes	Agaricales	Mycenaceae	Mycena	Mycena haematopus		SPECIES	Mycena haematopus (Pers.) P.Kumm.	Mycena haematopus		CA		Québec	PRESENT		28eb1a3f-1c15-4a95-931a-4af90ecb574d	45.489947	-75.625847	5.0						2023-07-29T11:14:57	29	7	2023	2526942	2526942	HUMAN_OBSERVATION	iNaturalist	Observations	175651019		Lynn Ovenden	2023-07-30T01:43:15	CC_BY_NC_4_0	Lynn Ovenden	Lynn Ovenden			2025-01-14T12:40:05.762Z	StillImage	COORDINATE_ROUNDED;CONTINENT_DERIVED_FROM_COORDINATES;TAXON_MATCH_TAXON_ID_IGNORED
4171677365	50c9509d-22c7-4a22-a47d-8c48425ef4a7	https://www.inaturalist.org/observations/175591777	Fungi	Basidiomycota	Agaricomycetes	Agaricales	Mycenaceae	Mycena	Mycena haematopus		SPECIES	Mycena haematopus (Pers.) P.Kumm.	Mycena haematopus		CA		Québec	PRESENT		28eb1a3f-1c15-4a95-931a-4af90ecb574d	45.490481	-75.619086	416.0						2023-07-29T10:02	29	7	2023	2526942	2526942	HUMAN_OBSERVATION	iNaturalist	Observations	175591777		L Joan Heyding	2023-07-29T18:58:17	CC_BY_NC_4_0	L Joan Heyding	L Joan Heyding			2025-01-14T13:31:51.276Z	StillImage	COORDINATE_ROUNDED;CONTINENT_DERIVED_FROM_COORDINATES;TAXON_MATCH_TAXON_ID_IGNORED
4171665838	50c9509d-22c7-4a22-a47d-8c48425ef4a7	https://www.inaturalist.org/observations/175137036	Fungi	Basidiomycota	Agaricomycetes	Agaricales	Mycenaceae	Mycena	Mycena haematopus		SPECIES	Mycena haematopus (Pers.) P.Kumm.	Mycena haematopus		CA		Ontario	PRESENT		28eb1a3f-1c15-4a95-931a-4af90ecb574d	45.432637	-76.31983	4.0						2023-07-26T10:59:44	26	7	2023	2526942	2526942	HUMAN_OBSERVATION	iNaturalist	Observations	175137036		Keith Seifert	2023-07-27T01:36:07	CC0_1_0	Keith Seifert	Keith Seifert			2025-01-14T13:31:41.070Z	StillImage	COORDINATE_ROUNDED;CONTINENT_DERIVED_FROM_COORDINATES;TAXON_MATCH_TAXON_ID_IGNORED
4171433980	50c9509d-22c7-4a22-a47d-8c48425ef4a7	https://www.inaturalist.org/observations/175133672	Fungi	Basidiomycota	Agaricomycetes	Agaricales	Mycenaceae	Mycena	Mycena haematopus		SPECIES	Mycena haematopus (Pers.) P.Kumm.	Mycena haematopus		CA		Ontario	PRESENT		28eb1a3f-1c15-4a95-931a-4af90ecb574d	45.521839	-75.347522	183.0						2023-07-26T09:48	26	7	2023	2526942	2526942	HUMAN_OBSERVATION	iNaturalist	Observations	175133672		L Joan Heyding	2023-07-27T01:02:05	CC_BY_NC_4_0	L Joan Heyding	L Joan Heyding			2025-01-14T13:31:54.843Z	StillImage	COORDINATE_ROUNDED;CONTINENT_DERIVED_FROM_COORDINATES;TAXON_MATCH_TAXON_ID_IGNORED
4166448802	695cef75-b65f-4776-b2ed-74565eebb16e	02-01000961347	Fungi	Basidiomycota	Agaricomycetes	Agaricales	Mycenaceae	Mycena	Mycena haematopus		SPECIES	Mycena haematopus (Pers.) P.Kumm.	Mycena haematopus	(Pers.) P. Kumm.	CA	Hwy 60 near A.P.M.	Ontario	PRESENT		055bd978-2daa-4543-b3f0-44e0e87e86ca	45.55	-78.641667							1975-07-14	14	7	1975	2526942	2526942	PRESERVED_SPECIMEN	AAFC	DAOM	186458		J.F. Ammirati 6755		CC_BY_4_0	©His Majesty the King in Right of Canada, as represented by the Minister of Agriculture and Agri-Food	Hayla Kirsh			2025-01-12T05:11:16.494Z		GEODETIC_DATUM_ASSUMED_WGS84;CONTINENT_DERIVED_FROM_COORDINATES;TAXON_MATCH_TAXON_ID_IGNORED;INSTITUTION_MATCH_FUZZY
4166315786	695cef75-b65f-4776-b2ed-74565eebb16e	02-01000961349	Fungi	Basidiomycota	Agaricomycetes	Agaricales	Mycenaceae	Mycena	Mycena haematopus		SPECIES	Mycena haematopus (Pers.) P.Kumm.	Mycena haematopus	(Pers.) P. Kumm.	CA	[not on label]	Ontario	PRESENT		055bd978-2daa-4543-b3f0-44e0e87e86ca	45.541667	-78.675							1974-08-29	29	8	1974	2526942	2526942	PRESERVED_SPECIMEN	AAFC	DAOM	186738		D. Malloch		CC_BY_4_0	©His Majesty the King in Right of Canada, as represented by the Minister of Agriculture and Agri-Food	P. Johnson			2025-01-12T05:11:16.427Z		GEODETIC_DATUM_ASSUMED_WGS84;CONTINENT_DERIVED_FROM_COORDINATES;TAXON_MATCH_TAXON_ID_IGNORED;INSTITUTION_MATCH_FUZZY
4153585149	50c9509d-22c7-4a22-a47d-8c48425ef4a7	https://www.inaturalist.org/observations/171408910	Fungi	Basidiomycota	Agaricomycetes	Agaricales	Mycenaceae	Mycena	Mycena haematopus		SPECIES	Mycena haematopus (Pers.) P.Kumm.	Mycena haematopus		CA		Québec	PRESENT		28eb1a3f-1c15-4a95-931a-4af90ecb574d	45.435162	-73.947722	10.0						2023-07-04T10:36:29	4	7	2023	2526942	2526942	HUMAN_OBSERVATION	iNaturalist	Observations	171408910		frogtime2837	2023-07-06T16:52:32	CC_BY_NC_4_0	frogtime2837	frogtime2837			2025-01-14T12:38:00.178Z	StillImage	COORDINATE_ROUNDED;CONTINENT_DERIVED_FROM_COORDINATES;TAXON_MATCH_TAXON_ID_IGNORED
4046394697	50c9509d-22c7-4a22-a47d-8c48425ef4a7	https://www.inaturalist.org/observations/149356353	Fungi	Basidiomycota	Agaricomycetes	Agaricales	Mycenaceae	Mycena	Mycena haematopus		SPECIES	Mycena haematopus (Pers.) P.Kumm.	Mycena haematopus		CA		Québec	PRESENT		28eb1a3f-1c15-4a95-931a-4af90ecb574d	45.458378	-73.839752							2022-09-09T14:34	9	9	2022	2526942	2526942	HUMAN_OBSERVATION	iNaturalist	Observations	149356353		Annabelle Langlois	2023-02-25T10:37:53	CC_BY_NC_4_0	mmacnair13	mmacnair13			2025-01-14T12:33:42.484Z	StillImage	COORDINATE_ROUNDED;CONTINENT_DERIVED_FROM_COORDINATES;TAXON_MATCH_TAXON_ID_IGNORED
3903178238	50c9509d-22c7-4a22-a47d-8c48425ef4a7	https://www.inaturalist.org/observations/133122586	Fungi	Basidiomycota	Agaricomycetes	Agaricales	Mycenaceae	Mycena	Mycena haematopus		SPECIES	Mycena haematopus (Pers.) P.Kumm.	Mycena haematopus		CA		Prince Edward Island	PRESENT		28eb1a3f-1c15-4a95-931a-4af90ecb574d	46.697186	-64.168045	100.0						2022-08-27T16:44	27	8	2022	2526942	2526942	HUMAN_OBSERVATION	iNaturalist	Observations	133122586		Rosemary Curley	2022-08-31T20:08:30	CC_BY_NC_4_0	Rosemary Curley	Rosemary Curley			2025-01-14T12:32:05.545Z	StillImage	CONTINENT_DERIVED_FROM_COORDINATES;TAXON_MATCH_TAXON_ID_IGNORED
3903172684	50c9509d-22c7-4a22-a47d-8c48425ef4a7	https://www.inaturalist.org/observations/133202430	Fungi	Basidiomycota	Agaricomycetes	Agaricales	Mycenaceae	Mycena	Mycena haematopus		SPECIES	Mycena haematopus (Pers.) P.Kumm.	Mycena haematopus		CA		Ontario	PRESENT		28eb1a3f-1c15-4a95-931a-4af90ecb574d	45.458008	-75.529343	35.0						2022-09-01T09:33:33	1	9	2022	2526942	2526942	HUMAN_OBSERVATION	iNaturalist	Observations	133202430		amecelte	2022-09-01T13:33:40	CC_BY_NC_4_0	amecelte	amecelte			2025-01-14T13:19:53.489Z	StillImage	COORDINATE_ROUNDED;CONTINENT_DERIVED_FROM_COORDINATES;TAXON_MATCH_TAXON_ID_IGNORED
3903171577	50c9509d-22c7-4a22-a47d-8c48425ef4a7	https://www.inaturalist.org/observations/133259088	Fungi	Basidiomycota	Agaricomycetes	Agaricales	Mycenaceae	Mycena	Mycena haematopus		SPECIES	Mycena haematopus (Pers.) P.Kumm.	Mycena haematopus		CA		Québec	PRESENT		28eb1a3f-1c15-4a95-931a-4af90ecb574d	45.607127	-75.114274	1597.0						2022-09-01T15:07:52	1	9	2022	2526942	2526942	HUMAN_OBSERVATION	iNaturalist	Observations	133259088		Myca	2022-09-01T21:21:56	CC_BY_NC_4_0	Myca	Myca			2025-01-14T12:33:09.549Z	StillImage	COORDINATE_ROUNDED;CONTINENT_DERIVED_FROM_COORDINATES;TAXON_MATCH_TAXON_ID_IGNORED
3902963636	50c9509d-22c7-4a22-a47d-8c48425ef4a7	https://www.inaturalist.org/observations/132722926	Fungi	Basidiomycota	Agaricomycetes	Agaricales	Mycenaceae	Mycena	Mycena haematopus		SPECIES	Mycena haematopus (Pers.) P.Kumm.	Mycena haematopus		CA		Québec	PRESENT		28eb1a3f-1c15-4a95-931a-4af90ecb574d	45.418036	-75.836852	391.0						2022-08-27T09:32	27	8	2022	2526942	2526942	HUMAN_OBSERVATION	iNaturalist	Observations	132722926		L Joan Heyding	2022-08-29T00:34:29	CC_BY_NC_4_0	L Joan Heyding	L Joan Heyding			2025-01-14T13:25:10.181Z	StillImage	COORDINATE_ROUNDED;CONTINENT_DERIVED_FROM_COORDINATES;TAXON_MATCH_TAXON_ID_IGNORED
3902848717	50c9509d-22c7-4a22-a47d-8c48425ef4a7	https://www.inaturalist.org/observations/131812131	Fungi	Basidiomycota	Agaricomycetes	Agaricales	Mycenaceae	Mycena	Mycena haematopus		SPECIES	Mycena haematopus (Pers.) P.Kumm.	Mycena haematopus		CA		New Brunswick	PRESENT		28eb1a3f-1c15-4a95-931a-4af90ecb574d	46.80325	-66.300256	4.0						2022-08-20T10:54	20	8	2022	2526942	2526942	HUMAN_OBSERVATION	iNaturalist	Observations	131812131		Alfredo Justo	2022-08-21T22:55:49	CC_BY_NC_4_0	Alfredo Justo	Alfredo Justo			2025-01-14T12:32:18.874Z	StillImage	COORDINATE_ROUNDED;CONTINENT_DERIVED_FROM_COORDINATES;TAXON_MATCH_TAXON_ID_IGNORED
3902687764	50c9509d-22c7-4a22-a47d-8c48425ef4a7	https://www.inaturalist.org/observations/132562647	Fungi	Basidiomycota	Agaricomycetes	Agaricales	Mycenaceae	Mycena	Mycena haematopus		SPECIES	Mycena haematopus (Pers.) P.Kumm.	Mycena haematopus		CA		Ontario	PRESENT		28eb1a3f-1c15-4a95-931a-4af90ecb574d	45.4393	-74.95282	5.0						2022-08-27T16:10:09	27	8	2022	2526942	2526942	HUMAN_OBSERVATION	iNaturalist	Observations	132562647		Lynn Ovenden	2022-08-28T12:38:53	CC_BY_NC_4_0	Lynn Ovenden	Lynn Ovenden			2025-01-14T12:31:34.359Z	StillImage	CONTINENT_DERIVED_FROM_COORDINATES;TAXON_MATCH_TAXON_ID_IGNORED
3902603652	50c9509d-22c7-4a22-a47d-8c48425ef4a7	https://www.inaturalist.org/observations/134593918	Fungi	Basidiomycota	Agaricomycetes	Agaricales	Mycenaceae	Mycena	Mycena haematopus		SPECIES	Mycena haematopus (Pers.) P.Kumm.	Mycena haematopus		CA		Ontario	PRESENT		28eb1a3f-1c15-4a95-931a-4af90ecb574d	45.332122	-76.373328							2022-09-10T10:06	10	9	2022	2526942	2526942	HUMAN_OBSERVATION	iNaturalist	Observations	134593918		jonathan_mack	2022-09-11T16:05:53	CC_BY_NC_4_0	jonathan_mack	jonathan_mack			2025-01-14T12:32:35.869Z	StillImage	COORDINATE_ROUNDED;CONTINENT_DERIVED_FROM_COORDINATES;TAXON_MATCH_TAXON_ID_IGNORED
3902470782	50c9509d-22c7-4a22-a47d-8c48425ef4a7	https://www.inaturalist.org/observations/131330368	Fungi	Basidiomycota	Agaricomycetes	Agaricales	Mycenaceae	Mycena	Mycena haematopus		SPECIES	Mycena haematopus (Pers.) P.Kumm.	Mycena haematopus		CA		New Brunswick	PRESENT		28eb1a3f-1c15-4a95-931a-4af90ecb574d	46.800006	-66.569619	18.0						2022-08-15T10:37	15	8	2022	2526942	2526942	HUMAN_OBSERVATION	iNaturalist	Observations	131330368		Alfredo Justo	2022-08-18T14:02:06	CC_BY_NC_4_0	Alfredo Justo	Alfredo Justo			2025-01-14T13:24:58.429Z	StillImage	COORDINATE_ROUNDED;CONTINENT_DERIVED_FROM_COORDINATES;TAXON_MATCH_TAXON_ID_IGNORED
3881476802	50c9509d-22c7-4a22-a47d-8c48425ef4a7	https://www.inaturalist.org/observations/128217146	Fungi	Basidiomycota	Agaricomycetes	Agaricales	Mycenaceae	Mycena	Mycena haematopus		SPECIES	Mycena haematopus (Pers.) P.Kumm.	Mycena haematopus		CA		Ontario	PRESENT		28eb1a3f-1c15-4a95-931a-4af90ecb574d	45.354515	-75.680187	48.0						2022-07-27T11:22	27	7	2022	2526942	2526942	HUMAN_OBSERVATION	iNaturalist	Observations	128217146		jonathan_mack	2022-07-27T23:04:13	CC_BY_NC_4_0	jonathan_mack	jonathan_mack			2025-01-14T12:32:53.830Z	StillImage	COORDINATE_ROUNDED;CONTINENT_DERIVED_FROM_COORDINATES;TAXON_MATCH_TAXON_ID_IGNORED
3873379930	50c9509d-22c7-4a22-a47d-8c48425ef4a7	https://www.inaturalist.org/observations/127440884	Fungi	Basidiomycota	Agaricomycetes	Agaricales	Mycenaceae	Mycena	Mycena haematopus		SPECIES	Mycena haematopus (Pers.) P.Kumm.	Mycena haematopus		CA		Ontario	PRESENT		28eb1a3f-1c15-4a95-931a-4af90ecb574d	45.371169	-75.797255	31.0						2022-07-21T10:10	21	7	2022	2526942	2526942	HUMAN_OBSERVATION	iNaturalist	Observations	127440884		Igor Khomenko	2022-07-23T01:11:42	CC_BY_NC_4_0	Igor Khomenko	Igor Khomenko			2025-01-14T13:22:41.408Z	StillImage	COORDINATE_ROUNDED;CONTINENT_DERIVED_FROM_COORDINATES;TAXON_MATCH_TAXON_ID_IGNORED
3705525344	50c9509d-22c7-4a22-a47d-8c48425ef4a7	https://www.inaturalist.org/observations/55585022	Fungi	Basidiomycota	Agaricomycetes	Agaricales	Mycenaceae	Mycena	Mycena haematopus		SPECIES	Mycena haematopus (Pers.) P.Kumm.	Mycena haematopus		CA		Ontario	PRESENT		28eb1a3f-1c15-4a95-931a-4af90ecb574d	45.157959	-75.472454	102.0						2020-08-05T12:31:13	5	8	2020	2526942	2526942	HUMAN_OBSERVATION	iNaturalist	Observations	55585022		Randy	2020-08-06T11:17:13	CC_BY_NC_4_0	Randy	Randy			2025-01-14T12:14:07.772Z	StillImage	COORDINATE_ROUNDED;CONTINENT_DERIVED_FROM_COORDINATES;TAXON_MATCH_TAXON_ID_IGNORED
3385090750	50c9509d-22c7-4a22-a47d-8c48425ef4a7	https://www.inaturalist.org/observations/94664837	Fungi	Basidiomycota	Agaricomycetes	Agaricales	Mycenaceae	Mycena	Mycena haematopus		SPECIES	Mycena haematopus (Pers.) P.Kumm.	Mycena haematopus		CA		Ontario	PRESENT		28eb1a3f-1c15-4a95-931a-4af90ecb574d	45.350575	-75.377395							2021-09-12T14:41	12	9	2021	2526942	2526942	HUMAN_OBSERVATION	iNaturalist	Observations	94664837		jonathan_mack	2021-09-13T01:57:31	CC_BY_NC_4_0	jonathan_mack	jonathan_mack			2025-01-14T13:14:36.696Z	StillImage	CONTINENT_DERIVED_FROM_COORDINATES;TAXON_MATCH_TAXON_ID_IGNORED
3385048295	50c9509d-22c7-4a22-a47d-8c48425ef4a7	https://www.inaturalist.org/observations/95222270	Fungi	Basidiomycota	Agaricomycetes	Agaricales	Mycenaceae	Mycena	Mycena haematopus		SPECIES	Mycena haematopus (Pers.) P.Kumm.	Mycena haematopus		CA		Ontario	PRESENT		28eb1a3f-1c15-4a95-931a-4af90ecb574d	45.120602	-75.8862							2021-09-17T19:02:20	17	9	2021	2526942	2526942	HUMAN_OBSERVATION	iNaturalist	Observations	95222270		Alexis Williams	2021-09-18T03:25:47	CC_BY_4_0	Alexis Williams	Alexis Williams			2025-01-14T12:21:58.609Z	StillImage	COORDINATE_ROUNDED;CONTINENT_DERIVED_FROM_COORDINATES;TAXON_MATCH_TAXON_ID_IGNORED
3384526563	50c9509d-22c7-4a22-a47d-8c48425ef4a7	https://www.inaturalist.org/observations/96529099	Fungi	Basidiomycota	Agaricomycetes	Agaricales	Mycenaceae	Mycena	Mycena haematopus		SPECIES	Mycena haematopus (Pers.) P.Kumm.	Mycena haematopus		CA		Ontario	PRESENT		28eb1a3f-1c15-4a95-931a-4af90ecb574d	45.354998	-75.675085	86.0						2021-09-26T14:20	26	9	2021	2526942	2526942	HUMAN_OBSERVATION	iNaturalist	Observations	96529099		jonathan_mack	2021-09-28T23:42:11	CC_BY_NC_4_0	jonathan_mack	jonathan_mack			2025-01-14T12:23:24.436Z	StillImage	COORDINATE_ROUNDED;CONTINENT_DERIVED_FROM_COORDINATES;TAXON_MATCH_TAXON_ID_IGNORED
3384127150	50c9509d-22c7-4a22-a47d-8c48425ef4a7	https://www.inaturalist.org/observations/96034781	Fungi	Basidiomycota	Agaricomycetes	Agaricales	Mycenaceae	Mycena	Mycena haematopus		SPECIES	Mycena haematopus (Pers.) P.Kumm.	Mycena haematopus		CA		Ontario	PRESENT		28eb1a3f-1c15-4a95-931a-4af90ecb574d	45.358216	-75.618097	8.0						2021-09-24T11:46	24	9	2021	2526942	2526942	HUMAN_OBSERVATION	iNaturalist	Observations	96034781		mycowalt	2021-09-25T02:42:52	CC_BY_4_0	christine123	christine123			2025-01-14T13:10:48.998Z	StillImage	COORDINATE_ROUNDED;CONTINENT_DERIVED_FROM_COORDINATES;TAXON_MATCH_TAXON_ID_IGNORED
3384114144	50c9509d-22c7-4a22-a47d-8c48425ef4a7	https://www.inaturalist.org/observations/96959473	Fungi	Basidiomycota	Agaricomycetes	Agaricales	Mycenaceae	Mycena	Mycena haematopus		SPECIES	Mycena haematopus (Pers.) P.Kumm.	Mycena haematopus		CA		Ontario	PRESENT		28eb1a3f-1c15-4a95-931a-4af90ecb574d	45.376625	-75.288262	5.0						2021-10-01T14:45:44	1	10	2021	2526942	2526942	HUMAN_OBSERVATION	iNaturalist	Observations	96959473		Lynn Ovenden	2021-10-02T23:44:58	CC_BY_NC_4_0	Lynn Ovenden	Lynn Ovenden			2025-01-14T13:15:54.393Z	StillImage	COORDINATE_ROUNDED;CONTINENT_DERIVED_FROM_COORDINATES;TAXON_MATCH_TAXON_ID_IGNORED
3337438344	50c9509d-22c7-4a22-a47d-8c48425ef4a7	https://www.inaturalist.org/observations/33035997	Fungi	Basidiomycota	Agaricomycetes	Agaricales	Mycenaceae	Mycena	Mycena haematopus		SPECIES	Mycena haematopus (Pers.) P.Kumm.	Mycena haematopus		CA		Québec	PRESENT		28eb1a3f-1c15-4a95-931a-4af90ecb574d	47.061141	-71.159771	1712.0						2019-09-19T15:30:23	19	9	2019	2526942	2526942	HUMAN_OBSERVATION	iNaturalist	Observations	33035997		rebeccawilkins	2019-11-08T11:57:43	CC_BY_NC_4_0	rebeccawilkins	rebeccawilkins			2025-01-14T13:03:19.556Z	StillImage	COORDINATE_ROUNDED;CONTINENT_DERIVED_FROM_COORDINATES;TAXON_MATCH_TAXON_ID_IGNORED
3314486113	50c9509d-22c7-4a22-a47d-8c48425ef4a7	https://www.inaturalist.org/observations/83974453	Fungi	Basidiomycota	Agaricomycetes	Agaricales	Mycenaceae	Mycena	Mycena haematopus		SPECIES	Mycena haematopus (Pers.) P.Kumm.	Mycena haematopus		CA		Ontario	PRESENT		28eb1a3f-1c15-4a95-931a-4af90ecb574d	45.355062	-75.593972	12.0						2021-06-21T12:55:36	21	6	2021	2526942	2526942	HUMAN_OBSERVATION	iNaturalist	Observations	83974453		Igor Khomenko	2021-06-21T19:56:42	CC_BY_NC_4_0	Igor Khomenko	Igor Khomenko			2025-01-14T12:18:41.859Z	StillImage	COORDINATE_ROUNDED;CONTINENT_DERIVED_FROM_COORDINATES;TAXON_MATCH_TAXON_ID_IGNORED
3079522890	50c9509d-22c7-4a22-a47d-8c48425ef4a7	https://www.inaturalist.org/observations/58241138	Fungi	Basidiomycota	Agaricomycetes	Agaricales	Mycenaceae	Mycena	Mycena haematopus		SPECIES	Mycena haematopus (Pers.) P.Kumm.	Mycena haematopus		CA		Ontario	PRESENT		28eb1a3f-1c15-4a95-931a-4af90ecb574d	45.355239	-75.593956	16.0						2020-08-30T12:58	30	8	2020	2526942	2526942	HUMAN_OBSERVATION	iNaturalist	Observations	58241138		Igor Khomenko	2020-09-01T14:11:01	CC_BY_NC_4_0	Igor Khomenko	Igor Khomenko			2025-01-14T12:14:41.668Z	StillImage	COORDINATE_ROUNDED;CONTINENT_DERIVED_FROM_COORDINATES;TAXON_MATCH_TAXON_ID_IGNORED
3079516653	50c9509d-22c7-4a22-a47d-8c48425ef4a7	https://www.inaturalist.org/observations/31132456	Fungi	Basidiomycota	Agaricomycetes	Agaricales	Mycenaceae	Mycena	Mycena haematopus		SPECIES	Mycena haematopus (Pers.) P.Kumm.	Mycena haematopus		CA		Ontario	PRESENT		28eb1a3f-1c15-4a95-931a-4af90ecb574d	45.388294	-75.541747	24.0						2019-08-19T10:49	19	8	2019	2526942	2526942	HUMAN_OBSERVATION	iNaturalist	Observations	31132456		else	2019-08-19T18:44:55	CC_BY_NC_4_0	Igor Khomenko	Igor Khomenko			2025-01-14T12:08:54.195Z	StillImage	COORDINATE_ROUNDED;CONTINENT_DERIVED_FROM_COORDINATES;TAXON_MATCH_TAXON_ID_IGNORED
3070310372	50c9509d-22c7-4a22-a47d-8c48425ef4a7	https://www.inaturalist.org/observations/7108137	Fungi	Basidiomycota	Agaricomycetes	Agaricales	Mycenaceae	Mycena	Mycena haematopus		SPECIES	Mycena haematopus (Pers.) P.Kumm.	Mycena haematopus		CA		Ontario	PRESENT		28eb1a3f-1c15-4a95-931a-4af90ecb574d	45.206523	-75.226942	183.0						2017-07-15T13:23	15	7	2017	2526942	2526942	HUMAN_OBSERVATION	iNaturalist	Observations	7108137		Chris McKenna	2017-07-19T01:26:40	CC_BY_4_0	christine123	christine123			2025-01-14T12:03:54.552Z	StillImage	COORDINATE_ROUNDED;CONTINENT_DERIVED_FROM_COORDINATES;TAXON_MATCH_TAXON_ID_IGNORED
2864791522	50c9509d-22c7-4a22-a47d-8c48425ef4a7	https://www.inaturalist.org/observations/57368057	Fungi	Basidiomycota	Agaricomycetes	Agaricales	Mycenaceae	Mycena	Mycena haematopus		SPECIES	Mycena haematopus (Pers.) P.Kumm.	Mycena haematopus		CA		Québec	PRESENT		28eb1a3f-1c15-4a95-931a-4af90ecb574d	45.492167	-73.606116	10.0						2020-08-23T09:37:19	23	8	2020	2526942	2526942	HUMAN_OBSERVATION	iNaturalist	Observations	57368057		timfoster	2020-08-24T12:19:48	CC_BY_NC_4_0	timfoster	timfoster			2025-01-14T12:14:19.266Z	StillImage	COORDINATE_ROUNDED;CONTINENT_DERIVED_FROM_COORDINATES;TAXON_MATCH_TAXON_ID_IGNORED
2850821416	50c9509d-22c7-4a22-a47d-8c48425ef4a7	https://www.inaturalist.org/observations/56927116	Fungi	Basidiomycota	Agaricomycetes	Agaricales	Mycenaceae	Mycena	Mycena haematopus		SPECIES	Mycena haematopus (Pers.) P.Kumm.	Mycena haematopus		CA		Ontario	PRESENT		28eb1a3f-1c15-4a95-931a-4af90ecb574d	45.2933	-75.8157	263.0						2020-08-18T16:09:21	18	8	2020	2526942	2526942	HUMAN_OBSERVATION	iNaturalist	Observations	56927116		tantgron	2020-08-19T12:35:15	CC_BY_NC_4_0	tantgron	tantgron			2025-01-14T12:14:16.063Z	StillImage	COORDINATE_ROUNDED;CONTINENT_DERIVED_FROM_COORDINATES;TAXON_MATCH_TAXON_ID_IGNORED
2802587467	50c9509d-22c7-4a22-a47d-8c48425ef4a7	https://www.inaturalist.org/observations/32141711	Fungi	Basidiomycota	Agaricomycetes	Agaricales	Mycenaceae	Mycena	Mycena haematopus		SPECIES	Mycena haematopus (Pers.) P.Kumm.	Mycena haematopus		CA		Québec	PRESENT		28eb1a3f-1c15-4a95-931a-4af90ecb574d	46.811375	-71.359836	133.0						2019-09-01T10:28	1	9	2019	2526942	2526942	HUMAN_OBSERVATION	iNaturalist	Observations	32141711		jonathan_mack	2019-09-05T02:23:32	CC_BY_NC_4_0	jonathan_mack	jonathan_mack			2025-01-14T13:04:31.564Z	StillImage	COORDINATE_ROUNDED;CONTINENT_DERIVED_FROM_COORDINATES;TAXON_MATCH_TAXON_ID_IGNORED
2802572442	50c9509d-22c7-4a22-a47d-8c48425ef4a7	https://www.inaturalist.org/observations/32274013	Fungi	Basidiomycota	Agaricomycetes	Agaricales	Mycenaceae	Mycena	Mycena haematopus		SPECIES	Mycena haematopus (Pers.) P.Kumm.	Mycena haematopus		CA		Ontario	PRESENT		28eb1a3f-1c15-4a95-931a-4af90ecb574d	45.440014	-76.360013	86.0						2019-09-06T13:47	6	9	2019	2526942	2526942	HUMAN_OBSERVATION	iNaturalist	Observations	32274013		jonathan_mack	2019-09-07T15:56:22	CC_BY_NC_4_0	jonathan_mack	jonathan_mack			2025-01-14T13:03:09.361Z	StillImage	COORDINATE_ROUNDED;CONTINENT_DERIVED_FROM_COORDINATES;TAXON_MATCH_TAXON_ID_IGNORED
2596258389	50c9509d-22c7-4a22-a47d-8c48425ef4a7	https://www.inaturalist.org/observations/40361596	Fungi	Basidiomycota	Agaricomycetes	Agaricales	Mycenaceae	Mycena	Mycena haematopus		SPECIES	Mycena haematopus (Pers.) P.Kumm.	Mycena haematopus		CA		Québec	PRESENT		28eb1a3f-1c15-4a95-931a-4af90ecb574d	47.12095	-71.409135	1476.0						2016-07-31	31	7	2016	2526942	2526942	HUMAN_OBSERVATION	iNaturalist	Observations	40361596		Christian Grenier	2020-03-21T15:10:02	CC_BY_NC_4_0	Christian Grenier	Christian Grenier			2025-01-14T13:00:59.791Z	StillImage	CONTINENT_DERIVED_FROM_COORDINATES;TAXON_MATCH_TAXON_ID_IGNORED
2596228408	50c9509d-22c7-4a22-a47d-8c48425ef4a7	https://www.inaturalist.org/observations/40361695	Fungi	Basidiomycota	Agaricomycetes	Agaricales	Mycenaceae	Mycena	Mycena haematopus		SPECIES	Mycena haematopus (Pers.) P.Kumm.	Mycena haematopus		CA		Québec	PRESENT		28eb1a3f-1c15-4a95-931a-4af90ecb574d	47.12095	-71.409135	1476.0						2016-07-31	31	7	2016	2526942	2526942	HUMAN_OBSERVATION	iNaturalist	Observations	40361695		Christian Grenier	2020-03-21T15:11:34	CC_BY_NC_4_0	Christian Grenier	Christian Grenier			2025-01-14T12:11:05.865Z	StillImage	CONTINENT_DERIVED_FROM_COORDINATES;TAXON_MATCH_TAXON_ID_IGNORED
2423613990	21705170-d2b6-42de-8904-c3bca4b83591	CMMF020496	Fungi	Basidiomycota	Agaricomycetes	Agaricales	Mycenaceae	Mycena	Mycena haematopus		SPECIES	Mycena haematopus (Pers.) P.Kumm.	Mycena haematopus (Pers.) P. Kumm.	(Pers.) P. Kumm.	CA	Boisé héritage	Quebec	PRESENT		ff7bd5db-b724-4932-b496-10ea298851f9	45.677616	-73.512099	400.0						1980-05-28	28	5	1980	2526942	2526942	PRESERVED_SPECIMEN	Université de Montréal Biodiversity Centre	CMMF	CMMF020496	1980-5	McNeil, Raymond		CC0_1_0	Université de Montréal Biodiversity Centre	Haméon, G.			2024-01-24T16:38:15.814Z		INSTITUTION_MATCH_FUZZY;COLLECTION_MATCH_FUZZY;DIFFERENT_OWNER_INSTITUTION
2423613181	21705170-d2b6-42de-8904-c3bca4b83591	CMMF020515	Fungi	Basidiomycota	Agaricomycetes	Agaricales	Mycenaceae	Mycena	Mycena haematopus		SPECIES	Mycena haematopus (Pers.) P.Kumm.	Mycena haematopus (Pers.) P. Kumm.	(Pers.) P. Kumm.	CA	Cap St-Jacques (1)	Quebec	PRESENT		ff7bd5db-b724-4932-b496-10ea298851f9	45.469103	-73.928955	500.0						1980-06-03	3	6	1980	2526942	2526942	PRESERVED_SPECIMEN	Université de Montréal Biodiversity Centre	CMMF	CMMF020515	1980-33	McNeil, Raymond		CC0_1_0	Université de Montréal Biodiversity Centre	Haméon, G.			2024-01-24T16:38:15.953Z		INSTITUTION_MATCH_FUZZY;COLLECTION_MATCH_FUZZY;DIFFERENT_OWNER_INSTITUTION
2422982141	50c9509d-22c7-4a22-a47d-8c48425ef4a7	https://www.inaturalist.org/observations/32388455	Fungi	Basidiomycota	Agaricomycetes	Agaricales	Mycenaceae	Mycena	Mycena haematopus		SPECIES	Mycena haematopus (Pers.) P.Kumm.	Mycena haematopus		CA		Québec	PRESENT		28eb1a3f-1c15-4a95-931a-4af90ecb574d	45.489163	-75.629158	52.0						2019-09-08T14:28	8	9	2019	2526942	2526942	HUMAN_OBSERVATION	iNaturalist	Observations	32388455		jonathan_mack	2019-09-09T01:57:42	CC_BY_NC_4_0	jonathan_mack	jonathan_mack			2025-01-14T12:09:06.520Z	StillImage	COORDINATE_ROUNDED;CONTINENT_DERIVED_FROM_COORDINATES;TAXON_MATCH_TAXON_ID_IGNORED
2397566511	50c9509d-22c7-4a22-a47d-8c48425ef4a7	https://www.inaturalist.org/observations/31522512	Fungi	Basidiomycota	Agaricomycetes	Agaricales	Mycenaceae	Mycena	Mycena haematopus		SPECIES	Mycena haematopus (Pers.) P.Kumm.	Mycena haematopus		CA		Ontario	PRESENT		28eb1a3f-1c15-4a95-931a-4af90ecb574d	45.364032	-75.530482							2019-08-25T14:07	25	8	2019	2526942	2526942	HUMAN_OBSERVATION	iNaturalist	Observations	31522512		jonathan_mack	2019-08-26T02:01:53	CC_BY_NC_4_0	jonathan_mack	jonathan_mack			2025-01-14T13:03:28.712Z	StillImage	COORDINATE_ROUNDED;CONTINENT_DERIVED_FROM_COORDINATES;TAXON_MATCH_TAXON_ID_IGNORED
2397512148	50c9509d-22c7-4a22-a47d-8c48425ef4a7	https://www.inaturalist.org/observations/31323356	Fungi	Basidiomycota	Agaricomycetes	Agaricales	Mycenaceae	Mycena	Mycena haematopus		SPECIES	Mycena haematopus (Pers.) P.Kumm.	Mycena haematopus		CA		Ontario	PRESENT		28eb1a3f-1c15-4a95-931a-4af90ecb574d	45.354879	-75.679822	31.0						2019-08-22T09:33	22	8	2019	2526942	2526942	HUMAN_OBSERVATION	iNaturalist	Observations	31323356		jonathan_mack	2019-08-23T01:44:11	CC_BY_NC_4_0	jonathan_mack	jonathan_mack			2025-01-14T12:08:54.012Z	StillImage	COORDINATE_ROUNDED;CONTINENT_DERIVED_FROM_COORDINATES;TAXON_MATCH_TAXON_ID_IGNORED
2269276111	50c9509d-22c7-4a22-a47d-8c48425ef4a7	https://www.inaturalist.org/observations/27129370	Fungi	Basidiomycota	Agaricomycetes	Agaricales	Mycenaceae	Mycena	Mycena haematopus		SPECIES	Mycena haematopus (Pers.) P.Kumm.	Mycena haematopus		CA		Ontario	PRESENT		28eb1a3f-1c15-4a95-931a-4af90ecb574d	45.279923	-76.689							2019-06-16T11:12	16	6	2019	2526942	2526942	HUMAN_OBSERVATION	iNaturalist	Observations	27129370		jonathan_mack	2019-06-17T01:41:19	CC_BY_NC_4_0	jonathan_mack	jonathan_mack			2025-01-14T12:07:52.838Z	StillImage	COORDINATE_ROUNDED;CONTINENT_DERIVED_FROM_COORDINATES;TAXON_MATCH_TAXON_ID_IGNORED
1990340930	032f1fbe-d21f-407d-be46-5cd1bb1ea397	cfa17ab5-3e74-4423-b127-e9c6dc2be91a	Fungi	Basidiomycota	Agaricomycetes	Agaricales	Mycenaceae	Mycena	Mycena haematopus		SPECIES	Mycena haematopus (Pers.) P.Kumm.	Mycena haematopus	(Pers.) P. Kumm.	CA	Alma, Vic. Alma, Fundy Prov. Pk., Wolfe Point, Copper Mine Trail.	New Brunswick	PRESENT		61c539d8-47e0-4b82-875f-b95aad66dcd4	45.559722	-65.021111							2013-09-26	26	9	2013	2526942	2526942	PRESERVED_SPECIMEN	TENN-F		TENN-F-069081	TFB 14417			CC0_1_0		R.H. Petersen			2025-01-12T10:33:50.427Z	StillImage	COORDINATE_ROUNDED;GEODETIC_DATUM_ASSUMED_WGS84;CONTINENT_DERIVED_FROM_COORDINATES;TAXON_MATCH_TAXON_ID_IGNORED;INSTITUTION_MATCH_NONE
1946204269	50c9509d-22c7-4a22-a47d-8c48425ef4a7	https://www.inaturalist.org/observations/17515579	Fungi	Basidiomycota	Agaricomycetes	Agaricales	Mycenaceae	Mycena	Mycena haematopus		SPECIES	Mycena haematopus (Pers.) P.Kumm.	Mycena haematopus		CA		Ontario	PRESENT		28eb1a3f-1c15-4a95-931a-4af90ecb574d	45.508245	-75.455096	400.0						2017-07-23T14:23	23	7	2017	2526942	2526942	HUMAN_OBSERVATION	iNaturalist	Observations	17515579		jonathan_mack	2018-10-14T23:54:15	CC_BY_NC_4_0	jonathan_mack	jonathan_mack			2025-01-14T12:06:36.163Z	StillImage	COORDINATE_ROUNDED;CONTINENT_DERIVED_FROM_COORDINATES;TAXON_MATCH_TAXON_ID_IGNORED
1807256334	e8a25a42-f125-476c-8554-3ec21cd51a84	ACAD:112887	Fungi	Basidiomycota	Agaricomycetes	Agaricales	Mycenaceae	Mycena	Mycena haematopus		SPECIES	Mycena haematopus (Pers.) P.Kumm.	Mycena haematopus (Pers.) P. Kumm.	(Pers.) P. Kumm.	CA	(Kentville)	Nova Scotia	PRESENT		6491ad8c-8e49-4bd4-a089-0ddb3bbe0890	45.07662	-64.49592							1930-09-02	2	9	1930	2526942	2526942	PRESERVED_SPECIMEN	Acadia University	ACAD	395F	395	Smith,AH		CC0_1_0	Acadia University	H, KA			2024-01-25T01:37:10.621Z	StillImage	GEODETIC_DATUM_INVALID;GEODETIC_DATUM_ASSUMED_WGS84;TAXON_MATCH_TAXON_ID_IGNORED;INSTITUTION_MATCH_FUZZY;COLLECTION_MATCH_FUZZY
1699435378	21705170-d2b6-42de-8904-c3bca4b83591	CMMF018753	Fungi	Basidiomycota	Agaricomycetes	Agaricales	Mycenaceae	Mycena	Mycena haematopus		SPECIES	Mycena haematopus (Pers.) P.Kumm.	Mycena haematopus (Pers.) P. Kumm.	(Pers.) P. Kumm.	CA	Station de biologie des Laurentides, Université de Montréal, quadrat 1.	Québec	PRESENT		ff7bd5db-b724-4932-b496-10ea298851f9	45.983387	-74.016094	100.0		371.0				1985-08-04	4	8	1985	2526942	2526942	PRESERVED_SPECIMEN	Université de Montréal Biodiversity Centre	CMMF	CMMF018753	Q1.408.5	Nantel, Patrick		CC0_1_0	Université de Montréal Biodiversity Centre	Nantel, Patrick			2024-01-24T16:38:18.568Z		INSTITUTION_MATCH_FUZZY;COLLECTION_MATCH_FUZZY;DIFFERENT_OWNER_INSTITUTION
1412709058	21705170-d2b6-42de-8904-c3bca4b83591	CMMF017598	Fungi	Basidiomycota	Agaricomycetes	Agaricales	Mycenaceae	Mycena	Mycena haematopus		SPECIES	Mycena haematopus (Pers.) P.Kumm.	Mycena haematopus (Pers.) P. Kumm.	(Pers.) P. Kumm.	CA	Pointe du Buisson, Québec.	Québec	PRESENT		ff7bd5db-b724-4932-b496-10ea298851f9	45.316964	-73.965109	1000.0						1981-06-06	6	6	1981	2526942	2526942	PRESERVED_SPECIMEN	Université de Montréal Biodiversity Centre	CMMF	CMMF017598	1981-184	McNeil, Raymond		CC0_1_0	Université de Montréal Biodiversity Centre	Cyr, A.			2024-01-24T16:38:15.811Z		INSTITUTION_MATCH_FUZZY;COLLECTION_MATCH_FUZZY;DIFFERENT_OWNER_INSTITUTION
1412708955	21705170-d2b6-42de-8904-c3bca4b83591	CMMF017453	Fungi	Basidiomycota	Agaricomycetes	Agaricales	Mycenaceae	Mycena	Mycena haematopus		SPECIES	Mycena haematopus (Pers.) P.Kumm.	Mycena haematopus (Pers.) P. Kumm.	(Pers.) P. Kumm.	CA	Pointe du Buisson, Québec.	Québec	PRESENT		ff7bd5db-b724-4932-b496-10ea298851f9	45.316964	-73.965109	1000.0						1981-06-25	25	6	1981	2526942	2526942	PRESERVED_SPECIMEN	Université de Montréal Biodiversity Centre	CMMF	CMMF017453	1981-51	McNeil, Raymond		CC0_1_0	Université de Montréal Biodiversity Centre	Cyr, A.			2024-01-24T16:38:15.739Z		INSTITUTION_MATCH_FUZZY;COLLECTION_MATCH_FUZZY;DIFFERENT_OWNER_INSTITUTION
1412708948	21705170-d2b6-42de-8904-c3bca4b83591	CMMF017448	Fungi	Basidiomycota	Agaricomycetes	Agaricales	Mycenaceae	Mycena	Mycena haematopus		SPECIES	Mycena haematopus (Pers.) P.Kumm.	Mycena haematopus (Pers.) P. Kumm.	(Pers.) P. Kumm.	CA	Pointe du Buisson, Québec.	Québec	PRESENT		ff7bd5db-b724-4932-b496-10ea298851f9	45.316964	-73.965109	1000.0						1981-06-25	25	6	1981	2526942	2526942	PRESERVED_SPECIMEN	Université de Montréal Biodiversity Centre	CMMF	CMMF017448	1981-44	McNeil, Raymond		CC0_1_0	Université de Montréal Biodiversity Centre	Cyr, A.			2024-01-24T16:38:15.739Z		INSTITUTION_MATCH_FUZZY;COLLECTION_MATCH_FUZZY;DIFFERENT_OWNER_INSTITUTION
1412708774	21705170-d2b6-42de-8904-c3bca4b83591	CMMF017285	Fungi	Basidiomycota	Agaricomycetes	Agaricales	Mycenaceae	Mycena	Mycena haematopus		SPECIES	Mycena haematopus (Pers.) P.Kumm.	Mycena haematopus (Pers.) P. Kumm.	(Pers.) P. Kumm.	CA	Saraguay, Québec.	Québec	PRESENT		ff7bd5db-b724-4932-b496-10ea298851f9	45.514983	-73.741417	1000.0						1981-08-03	3	8	1981	2526942	2526942	PRESERVED_SPECIMEN	Université de Montréal Biodiversity Centre	CMMF	CMMF017285	1981-164	McNeil, Raymond		CC0_1_0	Université de Montréal Biodiversity Centre	Cyr, A.			2024-01-24T16:38:15.602Z		INSTITUTION_MATCH_FUZZY;COLLECTION_MATCH_FUZZY;DIFFERENT_OWNER_INSTITUTION
1412708736	21705170-d2b6-42de-8904-c3bca4b83591	CMMF017302	Fungi	Basidiomycota	Agaricomycetes	Agaricales	Mycenaceae	Mycena	Mycena haematopus		SPECIES	Mycena haematopus (Pers.) P.Kumm.	Mycena haematopus (Pers.) P. Kumm.	(Pers.) P. Kumm.	CA	Cap Saint-Jacques, Québec.	Québec	PRESENT		ff7bd5db-b724-4932-b496-10ea298851f9	45.465391	-73.920995	4000.0						1981-07-24	24	7	1981	2526942	2526942	PRESERVED_SPECIMEN	Université de Montréal Biodiversity Centre	CMMF	CMMF017302	1981-150	McNeil, Raymond		CC0_1_0	Université de Montréal Biodiversity Centre	Cyr, A.			2024-01-24T16:38:15.634Z		INSTITUTION_MATCH_FUZZY;COLLECTION_MATCH_FUZZY;DIFFERENT_OWNER_INSTITUTION
1412707830	21705170-d2b6-42de-8904-c3bca4b83591	CMMF016299	Fungi	Basidiomycota	Agaricomycetes	Agaricales	Mycenaceae	Mycena	Mycena haematopus		SPECIES	Mycena haematopus (Pers.) P.Kumm.	Mycena haematopus (Pers.) P. Kumm.	(Pers.) P. Kumm.	CA	Chutes-aux-Galets, Falardeau, Québec.	Québec	PRESENT		ff7bd5db-b724-4932-b496-10ea298851f9	48.647911	-71.194307	4000.0						1984-09-02	2	9	1984	2526942	2526942	PRESERVED_SPECIMEN	Université de Montréal Biodiversity Centre	CMMF	CMMF016299	1851	Guérin, Gérard		CC0_1_0	Université de Montréal Biodiversity Centre	Guérin, Gérard			2024-01-24T16:38:18.726Z	StillImage	INSTITUTION_MATCH_FUZZY;COLLECTION_MATCH_FUZZY;DIFFERENT_OWNER_INSTITUTION
1135070331	21705170-d2b6-42de-8904-c3bca4b83591	CMMF008861	Fungi	Basidiomycota	Agaricomycetes	Agaricales	Mycenaceae	Mycena	Mycena haematopus		SPECIES	Mycena haematopus (Pers.) P.Kumm.	Mycena haematopus (Pers.) P. Kumm.	(Pers.) P. Kumm.	CA	Château Bigot, Québec.	Québec	PRESENT		ff7bd5db-b724-4932-b496-10ea298851f9	46.898375	-71.266801	2000.0						2006-08-03	3	8	2006	2526942	2526942	PRESERVED_SPECIMEN	Université de Montréal Biodiversity Centre	CMMF	CMMF008861	444	Labrecque, Jacqueline		CC0_1_0	Université de Montréal Biodiversity Centre	Labrecque, Jacqueline			2024-01-24T16:38:18.869Z		INSTITUTION_MATCH_FUZZY;COLLECTION_MATCH_FUZZY;DIFFERENT_OWNER_INSTITUTION
1135067933	21705170-d2b6-42de-8904-c3bca4b83591	CMMF006580	Fungi	Basidiomycota	Agaricomycetes	Agaricales	Mycenaceae	Mycena	Mycena haematopus		SPECIES	Mycena haematopus (Pers.) P.Kumm.	Mycena haematopus (Pers.) P. Kumm.	(Pers.) P. Kumm.	CA	Ste-Anne-de-Bellevue (Arboretum Morgan)	Québec	PRESENT		ff7bd5db-b724-4932-b496-10ea298851f9	45.43	-73.946667	1000.0						2006-07-23	23	7	2006	2526942	2526942	PRESERVED_SPECIMEN	Université de Montréal Biodiversity Centre	CMMF	CMMF006580	Inexistant	McNeil, Raymond		CC0_1_0	Université de Montréal Biodiversity Centre	McNeil, Raymond			2024-01-24T16:38:18.389Z	StillImage	COORDINATE_ROUNDED;INSTITUTION_MATCH_FUZZY;COLLECTION_MATCH_FUZZY;DIFFERENT_OWNER_INSTITUTION
1135067797	21705170-d2b6-42de-8904-c3bca4b83591	CMMF006448	Fungi	Basidiomycota	Agaricomycetes	Agaricales	Mycenaceae	Mycena	Mycena haematopus		SPECIES	Mycena haematopus (Pers.) P.Kumm.	Mycena haematopus (Pers.) P. Kumm.	(Pers.) P. Kumm.	CA	Châteauguay (île St-Bernard)	Québec	PRESENT		ff7bd5db-b724-4932-b496-10ea298851f9	45.389517	-73.766367	100.0						2011-08-17	17	8	2011	2526942	2526942	PRESERVED_SPECIMEN	Université de Montréal Biodiversity Centre	CMMF	CMMF006448	C3839	McNeil, Raymond		CC0_1_0	Université de Montréal Biodiversity Centre	McNeil, Raymond			2024-01-24T16:38:19.145Z	StillImage	COORDINATE_ROUNDED;INSTITUTION_MATCH_FUZZY;COLLECTION_MATCH_FUZZY;DIFFERENT_OWNER_INSTITUTION
1135067756	21705170-d2b6-42de-8904-c3bca4b83591	CMMF006255	Fungi	Basidiomycota	Agaricomycetes	Agaricales	Mycenaceae	Mycena	Mycena haematopus		SPECIES	Mycena haematopus (Pers.) P.Kumm.	Mycena haematopus (Pers.) P. Kumm.	(Pers.) P. Kumm.	CA	Châteauguay	Québec	PRESENT		ff7bd5db-b724-4932-b496-10ea298851f9	45.35433	-73.774083	100.0						2006-07-23	23	7	2006	2526942	2526942	PRESERVED_SPECIMEN	Université de Montréal Biodiversity Centre	CMMF	CMMF006255	C2231	McNeil, Raymond		CC0_1_0	Université de Montréal Biodiversity Centre	McNeil, Raymond			2024-01-24T16:38:18.913Z	StillImage	COORDINATE_ROUNDED;INSTITUTION_MATCH_FUZZY;COLLECTION_MATCH_FUZZY;DIFFERENT_OWNER_INSTITUTION
1135067549	21705170-d2b6-42de-8904-c3bca4b83591	CMMF006092	Fungi	Basidiomycota	Agaricomycetes	Agaricales	Mycenaceae	Mycena	Mycena haematopus		SPECIES	Mycena haematopus (Pers.) P.Kumm.	Mycena haematopus (Pers.) P. Kumm.	(Pers.) P. Kumm.	CA	Châteauguay	Québec	PRESENT		ff7bd5db-b724-4932-b496-10ea298851f9	45.349833	-73.773917	100.0						2010-09-25	25	9	2010	2526942	2526942	PRESERVED_SPECIMEN	Université de Montréal Biodiversity Centre	CMMF	CMMF006092	C3753	McNeil, Raymond		CC0_1_0	Université de Montréal Biodiversity Centre	McNeil, Raymond			2024-01-24T16:38:17.951Z	StillImage	COORDINATE_ROUNDED;INSTITUTION_MATCH_FUZZY;COLLECTION_MATCH_FUZZY;DIFFERENT_OWNER_INSTITUTION
1135067345	21705170-d2b6-42de-8904-c3bca4b83591	CMMF005889	Fungi	Basidiomycota	Agaricomycetes	Agaricales	Mycenaceae	Mycena	Mycena haematopus		SPECIES	Mycena haematopus (Pers.) P.Kumm.	Mycena haematopus (Pers.) P. Kumm.	(Pers.) P. Kumm.	CA	Châteauguay (Centre écologique Fernand-Seguin)	Québec	PRESENT		ff7bd5db-b724-4932-b496-10ea298851f9	45.33983	-73.773917	100.0						2010-08-06	6	8	2010	2526942	2526942	PRESERVED_SPECIMEN	Université de Montréal Biodiversity Centre	CMMF	CMMF005889	C3686	McNeil, Raymond		CC0_1_0	Université de Montréal Biodiversity Centre	McNeil, Raymond			2024-01-24T16:38:16.959Z	StillImage	COORDINATE_ROUNDED;INSTITUTION_MATCH_FUZZY;COLLECTION_MATCH_FUZZY;DIFFERENT_OWNER_INSTITUTION
1135067343	21705170-d2b6-42de-8904-c3bca4b83591	CMMF005888	Fungi	Basidiomycota	Agaricomycetes	Agaricales	Mycenaceae	Mycena	Mycena haematopus		SPECIES	Mycena haematopus (Pers.) P.Kumm.	Mycena haematopus (Pers.) P. Kumm.	(Pers.) P. Kumm.	CA	Châteauguay (Centre écologique Fernand-Seguin)	Québec	PRESENT		ff7bd5db-b724-4932-b496-10ea298851f9	45.33983	-73.773917	100.0						2006-07-22	22	7	2006	2526942	2526942	PRESERVED_SPECIMEN	Université de Montréal Biodiversity Centre	CMMF	CMMF005888	C2822	McNeil, Raymond		CC0_1_0	Université de Montréal Biodiversity Centre	McNeil, Raymond			2024-01-24T16:38:16.963Z	StillImage	COORDINATE_ROUNDED;INSTITUTION_MATCH_FUZZY;COLLECTION_MATCH_FUZZY;DIFFERENT_OWNER_INSTITUTION
1024559085	21705170-d2b6-42de-8904-c3bca4b83591	CMMF004389	Fungi	Basidiomycota	Agaricomycetes	Agaricales	Mycenaceae	Mycena	Mycena haematopus		SPECIES	Mycena haematopus (Pers.) P.Kumm.	Mycena haematopus (Pers.) P. Kumm.	(Pers.) P. Kumm.	CA	Réserve écologique du Boisé-des-Muir, Hinchinbrooke.	Québec	PRESENT		ff7bd5db-b724-4932-b496-10ea298851f9	45.086648	-74.114405	10.0						2012-08-13	13	8	2012	2526942	2526942	PRESERVED_SPECIMEN	Université de Montréal Biodiversity Centre	CMMF	CMMF004389	399	Archambault, Raymond		CC0_1_0	Université de Montréal Biodiversity Centre	Archambault, Raymond; Langlois, Annabelle; Turgon, Jean-Pierre			2024-01-24T16:38:19.636Z	StillImage	INSTITUTION_MATCH_FUZZY;COLLECTION_MATCH_FUZZY;DIFFERENT_OWNER_INSTITUTION
1024558969	21705170-d2b6-42de-8904-c3bca4b83591	CMMF004339	Fungi	Basidiomycota	Agaricomycetes	Agaricales	Mycenaceae	Mycena	Mycena haematopus		SPECIES	Mycena haematopus (Pers.) P.Kumm.	Mycena haematopus (Pers.) P. Kumm.	(Pers.) P. Kumm.	CA	Réserve écologique du Boisé-des-Muir, Hinchinbrooke.	Québec	PRESENT		ff7bd5db-b724-4932-b496-10ea298851f9	45.085021	-74.114005	10.0						2012-07-30	30	7	2012	2526942	2526942	PRESERVED_SPECIMEN	Université de Montréal Biodiversity Centre	CMMF	CMMF004339	348	Langlois, Annabelle		CC0_1_0	Université de Montréal Biodiversity Centre	Langlois, Annabelle; Turgon, Jean-Pierre			2024-01-24T16:38:19.603Z	StillImage	INSTITUTION_MATCH_FUZZY;COLLECTION_MATCH_FUZZY;DIFFERENT_OWNER_INSTITUTION
