gbifID	datasetKey	occurrenceID	kingdom	phylum	class	order	family	genus	species	infraspecificEpithet	taxonRank	scientificName	verbatimScientificName	verbatimScientificNameAuthorship	countryCode	locality	stateProvince	occurrenceStatus	individualCount	publishingOrgKey	decimalLatitude	decimalLongitude	coordinateUncertaintyInMeters	coordinatePrecision	elevation	elevationAccuracy	depth	depthAccuracy	eventDate	day	month	year	taxonKey	speciesKey	basisOfRecord	institutionCode	collectionCode	catalogNumber	recordNumber	identifiedBy	dateIdentified	license	rightsHolder	recordedBy	typeStatus	establishmentMeans	lastInterpreted	mediaType	issue
727874923	d7cfd2ed-8af4-427f-a16e-eb66b7e2c419	14134	Fungi	Basidiomycota	Agaricomycetes	Polyporales	Steccherinaceae	Antrodiella	Antrodiella semisupina		SPECIES	Antrodiella semisupina (Berk. & M.A.Curtis) Ryvarden	Antrodiella semisupina (Berk. & M.A. Curtis) Ryvarden	(Berk. & M.A. Curtis) Ryvarden	CA	Algonquin Provincial Park, South Hardwood Lookout Trail	Ontario	PRESENT		ff418020-1d67-11d9-8435-b8a03c50a862	45.625083	-78.41732	5286.0						1983-10-16	16	10	1983	2541957	2541957	PRESERVED_SPECIMEN	Royal Ontario Museum	TRTC	TRTC162330	831016/08	Thorn, R.G.		CC0_1_0	Royal Ontario Museum	Thorn, R.G.			2024-01-25T00:59:40.274Z		COORDINATE_ROUNDED;AMBIGUOUS_INSTITUTION
694158066	d7cfd2ed-8af4-427f-a16e-eb66b7e2c419	20527	Fungi	Basidiomycota	Agaricomycetes	Polyporales	Steccherinaceae	Antrodiella	Antrodiella semisupina		SPECIES	Antrodiella semisupina (Berk. & M.A.Curtis) Ryvarden	Antrodiella semisupina (Berk. & M.A. Curtis) Ryvarden	(Berk. & M.A. Curtis) Ryvarden	CA	Wren Lake	Ontario	PRESENT		ff418020-1d67-11d9-8435-b8a03c50a862	45.184064	-78.866601	790.0						1965-09-16	16	9	1965	2541957	2541957	PRESERVED_SPECIMEN	Royal Ontario Museum	TRTC	TRTC043229		Cain, R.F.		CC0_1_0	Royal Ontario Museum	Haber, E.;			2024-01-25T00:59:40.923Z		COORDINATE_ROUNDED;AMBIGUOUS_INSTITUTION
694157256	d7cfd2ed-8af4-427f-a16e-eb66b7e2c419	15454	Fungi	Basidiomycota	Agaricomycetes	Polyporales	Steccherinaceae	Antrodiella	Antrodiella semisupina		SPECIES	Antrodiella semisupina (Berk. & M.A.Curtis) Ryvarden	Antrodiella semisupina (Berk. & M.A. Curtis) Ryvarden	(Berk. & M.A. Curtis) Ryvarden	CA	University of Toronto Forest	Ontario	PRESENT		ff418020-1d67-11d9-8435-b8a03c50a862	45.183005	-78.85025	7575.0						1967-09-14	14	9	1967	2541957	2541957	PRESERVED_SPECIMEN	Royal Ontario Museum	TRTC	TRTC050230		Cain, R.F.		CC0_1_0	Royal Ontario Museum	Cain, R.F.			2024-01-25T00:59:40.287Z		COORDINATE_ROUNDED;AMBIGUOUS_INSTITUTION
694157160	d7cfd2ed-8af4-427f-a16e-eb66b7e2c419	14756	Fungi	Basidiomycota	Agaricomycetes	Polyporales	Steccherinaceae	Antrodiella	Antrodiella semisupina		SPECIES	Antrodiella semisupina (Berk. & M.A.Curtis) Ryvarden	Antrodiella semisupina (Berk. & M.A. Curtis) Ryvarden	(Berk. & M.A. Curtis) Ryvarden	CA	Grindstone Lake	Ontario	PRESENT		ff418020-1d67-11d9-8435-b8a03c50a862	45.19655	-78.87587	692.0						1965-09-17	17	9	1965	2541957	2541957	PRESERVED_SPECIMEN	Royal Ontario Museum	TRTC	TRTC042972		Cain, R.F.		CC0_1_0	Royal Ontario Museum	Cain, R.F.			2024-01-25T00:59:41.148Z		AMBIGUOUS_INSTITUTION
694156844	d7cfd2ed-8af4-427f-a16e-eb66b7e2c419	13226	Fungi	Basidiomycota	Agaricomycetes	Polyporales	Steccherinaceae	Antrodiella	Antrodiella semisupina		SPECIES	Antrodiella semisupina (Berk. & M.A.Curtis) Ryvarden	Antrodiella semisupina (Berk. & M.A. Curtis) Ryvarden	(Berk. & M.A. Curtis) Ryvarden	CA	Algonquin Provincial Park, Opeongo Lake, Cameron Lake Road	Ontario	PRESENT		ff418020-1d67-11d9-8435-b8a03c50a862	45.674418	-78.303895	615.0						1956-09-24	24	9	1956	2541957	2541957	PRESERVED_SPECIMEN	Royal Ontario Museum	TRTC	TRTC033203		Cain, R.F., Lowe, J.L., Weresub, L.		CC0_1_0	Royal Ontario Museum	Cain, R.F.			2024-01-25T00:59:40.841Z		COORDINATE_ROUNDED;AMBIGUOUS_INSTITUTION
617551828	21705170-d2b6-42de-8904-c3bca4b83591	CMMF002879	Fungi	Basidiomycota	Agaricomycetes	Polyporales	Steccherinaceae	Antrodiella	Antrodiella semisupina		SPECIES	Antrodiella semisupina (Berk. & M.A.Curtis) Ryvarden	Antrodiella semisupina (Berk. & M.A. Curtis) Ryvarden	(Berk. & M.A. Curtis) Ryvarden	CA	Québec	Québec	PRESENT		ff7bd5db-b724-4932-b496-10ea298851f9	46.86201	-71.307678	15000.0						1996-08-16	16	8	1996	2541957	2541957	PRESERVED_SPECIMEN	Université de Montréal Biodiversity Centre	CMMF	CMMF002879		Audet, Serge		CC0_1_0	Université de Montréal Biodiversity Centre	Audet, Serge			2024-01-24T16:38:20.648Z	StillImage	INSTITUTION_MATCH_FUZZY;COLLECTION_MATCH_FUZZY;DIFFERENT_OWNER_INSTITUTION
3043139761	f8f35535-8c10-43fc-89dc-eb0843f25394	GB-0049245	Fungi	Basidiomycota	Agaricomycetes	Polyporales	Steccherinaceae	Antrodiella	Antrodiella semisupina		SPECIES	Antrodiella semisupina (Berk. & M.A.Curtis) Ryvarden	Antrodiella semisupina		CA	Algonquin Provincial Park	Ontario	PRESENT		0ed04352-6745-4665-9e11-7117ee91a96b	45.800278	-78.340278							1982-09-18	18	9	1982	2541957	2541957	PRESERVED_SPECIMEN	GB	GB	GB-0049245	NH7342			CC0_1_0		Hallenberg, Nils & Ginns, J.			2024-12-19T12:17:48.581Z		COORDINATE_ROUNDED;GEODETIC_DATUM_ASSUMED_WGS84;INSTITUTION_MATCH_FUZZY;COLLECTION_MATCH_FUZZY
2423611354	21705170-d2b6-42de-8904-c3bca4b83591	CMMF018617	Fungi	Basidiomycota	Agaricomycetes	Polyporales	Steccherinaceae	Antrodiella	Antrodiella semisupina		SPECIES	Polyporus semisupinus Berk. & M.A.Curtis	Polyporus semisupinus Berk. & M.A. Curtis	Berk. & M.A. Curtis	CA	Station de biologie des Laurentides, Université de Montréal	Québec	PRESENT		ff7bd5db-b724-4932-b496-10ea298851f9	45.988108	-74.005679	25000.0						1985-07-17/1985-08-05			1985	5245035	2541957	PRESERVED_SPECIMEN	Université de Montréal Biodiversity Centre	CMMF	CMMF018617	s.n.	Nantel, Patrick		CC0_1_0	Université de Montréal Biodiversity Centre	Nantel, Patrick			2024-01-24T16:38:18.442Z		INSTITUTION_MATCH_FUZZY;COLLECTION_MATCH_FUZZY;DIFFERENT_OWNER_INSTITUTION
1412708187	21705170-d2b6-42de-8904-c3bca4b83591	CMMF016656	Fungi	Basidiomycota	Agaricomycetes	Polyporales	Steccherinaceae	Antrodiella	Antrodiella semisupina		SPECIES	Antrodiella semisupina (Berk. & M.A.Curtis) Ryvarden	Antrodiella semisupina (Berk. & M.A. Curtis) Ryvarden	(Berk. & M.A. Curtis) Ryvarden	CA	Loretteville, Québec.	Québec	PRESENT		ff7bd5db-b724-4932-b496-10ea298851f9	46.867482	-71.384379	8000.0						1980-07-30	30	7	1980	2541957	2541957	PRESERVED_SPECIMEN	Université de Montréal Biodiversity Centre	CMMF	CMMF016656	2564	Audet, Serge	1998-01-08T00:00:00	CC0_1_0	Université de Montréal Biodiversity Centre	Sirard, Léas			2024-01-24T16:38:19.903Z		INSTITUTION_MATCH_FUZZY;COLLECTION_MATCH_FUZZY;DIFFERENT_OWNER_INSTITUTION
1412707754	21705170-d2b6-42de-8904-c3bca4b83591	CMMF016150	Fungi	Basidiomycota	Agaricomycetes	Polyporales	Steccherinaceae	Antrodiella	Antrodiella semisupina		SPECIES	Antrodiella semisupina (Berk. & M.A.Curtis) Ryvarden	Antrodiella semisupina (Berk. & M.A. Curtis) Ryvarden	(Berk. & M.A. Curtis) Ryvarden	CA	Lac Sept-Îles, Québec.	Québec	PRESENT		ff7bd5db-b724-4932-b496-10ea298851f9	46.932632	-71.744829	3000.0						1975-10-22	22	10	1975	2541957	2541957	PRESERVED_SPECIMEN	Université de Montréal Biodiversity Centre	CMMF	CMMF016150		Sirard, Léas; Boulet, Bruno		CC0_1_0	Université de Montréal Biodiversity Centre	Sirard, Léas; Boulet, Bruno			2024-01-24T16:38:18.616Z		INSTITUTION_MATCH_FUZZY;COLLECTION_MATCH_FUZZY;DIFFERENT_OWNER_INSTITUTION
1412707748	21705170-d2b6-42de-8904-c3bca4b83591	CMMF016153	Fungi	Basidiomycota	Agaricomycetes	Polyporales	Steccherinaceae	Antrodiella	Antrodiella semisupina		SPECIES	Antrodiella semisupina (Berk. & M.A.Curtis) Ryvarden	Antrodiella semisupina (Berk. & M.A. Curtis) Ryvarden	(Berk. & M.A. Curtis) Ryvarden	CA	Parc de la Gatineau, Ottawa, Québec.	Québec	PRESENT		ff7bd5db-b724-4932-b496-10ea298851f9	45.558161	-75.971349	20000.0						2004-09-15	15	9	2004	2541957	2541957	PRESERVED_SPECIMEN	Université de Montréal Biodiversity Centre	CMMF	CMMF016153		Boulet, Bruno		CC0_1_0	Université de Montréal Biodiversity Centre	Loesel, Otto			2024-01-24T16:38:18.616Z		INSTITUTION_MATCH_FUZZY;COLLECTION_MATCH_FUZZY;DIFFERENT_OWNER_INSTITUTION
1412707718	21705170-d2b6-42de-8904-c3bca4b83591	CMMF016147	Fungi	Basidiomycota	Agaricomycetes	Polyporales	Steccherinaceae	Antrodiella	Antrodiella semisupina		SPECIES	Antrodiella semisupina (Berk. & M.A.Curtis) Ryvarden	Antrodiella semisupina (Berk. & M.A. Curtis) Ryvarden	(Berk. & M.A. Curtis) Ryvarden	CA	Cap Rouge, Québec.	Québec	PRESENT		ff7bd5db-b724-4932-b496-10ea298851f9	46.763778	-71.355145	5000.0						1970-09-01	1	9	1970	2541957	2541957	PRESERVED_SPECIMEN	Université de Montréal Biodiversity Centre	CMMF	CMMF016147		Sirard, Léas; Boulet, Bruno		CC0_1_0	Université de Montréal Biodiversity Centre	Sirard, Léas; Boulet, Bruno			2024-01-24T16:38:18.618Z		INSTITUTION_MATCH_FUZZY;COLLECTION_MATCH_FUZZY;DIFFERENT_OWNER_INSTITUTION
1412707687	21705170-d2b6-42de-8904-c3bca4b83591	CMMF016149	Fungi	Basidiomycota	Agaricomycetes	Polyporales	Steccherinaceae	Antrodiella	Antrodiella semisupina		SPECIES	Antrodiella semisupina (Berk. & M.A.Curtis) Ryvarden	Antrodiella semisupina (Berk. & M.A. Curtis) Ryvarden	(Berk. & M.A. Curtis) Ryvarden	CA	Cap Rouge, Québec.	Québec	PRESENT		ff7bd5db-b724-4932-b496-10ea298851f9	46.763778	-71.355145	5000.0						1970-10-05	5	10	1970	2541957	2541957	PRESERVED_SPECIMEN	Université de Montréal Biodiversity Centre	CMMF	CMMF016149		Sirard, Léas; Boulet, Bruno		CC0_1_0	Université de Montréal Biodiversity Centre	Sirard, Léas; Boulet, Bruno			2024-01-24T16:38:18.634Z		INSTITUTION_MATCH_FUZZY;COLLECTION_MATCH_FUZZY;DIFFERENT_OWNER_INSTITUTION
1412707684	21705170-d2b6-42de-8904-c3bca4b83591	CMMF016148	Fungi	Basidiomycota	Agaricomycetes	Polyporales	Steccherinaceae	Antrodiella	Antrodiella semisupina		SPECIES	Antrodiella semisupina (Berk. & M.A.Curtis) Ryvarden	Antrodiella semisupina (Berk. & M.A. Curtis) Ryvarden	(Berk. & M.A. Curtis) Ryvarden	CA	Pointe aux Trembles, Québec.	Québec	PRESENT		ff7bd5db-b724-4932-b496-10ea298851f9	45.647243	-73.514581	8000.0						1968-10		10	1968	2541957	2541957	PRESERVED_SPECIMEN	Université de Montréal Biodiversity Centre	CMMF	CMMF016148		Sirard, Léas; Boulet, Bruno		CC0_1_0	Université de Montréal Biodiversity Centre	Sirard, Léas; Boulet, Bruno			2024-01-24T16:38:18.618Z		INSTITUTION_MATCH_FUZZY;COLLECTION_MATCH_FUZZY;DIFFERENT_OWNER_INSTITUTION
1412707660	21705170-d2b6-42de-8904-c3bca4b83591	CMMF016140	Fungi	Basidiomycota	Agaricomycetes	Polyporales	Steccherinaceae	Antrodiella	Antrodiella semisupina		SPECIES	Polyporus semisupinus Berk. & M.A.Curtis	Polyporus semisupinus Berk. & M.A. Curtis	Berk. & M.A. Curtis	CA	Montmagny, Québec.	Québec	PRESENT		ff7bd5db-b724-4932-b496-10ea298851f9	46.980077	-70.556636	20000.0						1987-08-07	7	8	1987	5245035	2541957	PRESERVED_SPECIMEN	Université de Montréal Biodiversity Centre	CMMF	CMMF016140		Sirard, Léas; Boulet, Bruno		CC0_1_0	Université de Montréal Biodiversity Centre	Sirard, Léas; Boulet, Bruno			2024-01-24T16:38:18.599Z		INSTITUTION_MATCH_FUZZY;COLLECTION_MATCH_FUZZY;DIFFERENT_OWNER_INSTITUTION
1412707656	21705170-d2b6-42de-8904-c3bca4b83591	CMMF016145	Fungi	Basidiomycota	Agaricomycetes	Polyporales	Steccherinaceae	Antrodiella	Antrodiella semisupina		SPECIES	Antrodiella semisupina (Berk. & M.A.Curtis) Ryvarden	Antrodiella semisupina (Berk. & M.A. Curtis) Ryvarden	(Berk. & M.A. Curtis) Ryvarden	CA	Montréal, Québec.	Québec	PRESENT		ff7bd5db-b724-4932-b496-10ea298851f9	45.509625	-73.662984	25000.0						1975-10		10	1975	2541957	2541957	PRESERVED_SPECIMEN	Université de Montréal Biodiversity Centre	CMMF	CMMF016145		Sirard, Léas; Boulet, Bruno		CC0_1_0	Université de Montréal Biodiversity Centre	Sirard, Léas; Boulet, Bruno			2024-01-24T16:38:18.636Z		INSTITUTION_MATCH_FUZZY;COLLECTION_MATCH_FUZZY;DIFFERENT_OWNER_INSTITUTION
1412707653	21705170-d2b6-42de-8904-c3bca4b83591	CMMF016143	Fungi	Basidiomycota	Agaricomycetes	Polyporales	Steccherinaceae	Antrodiella	Antrodiella semisupina		SPECIES	Antrodiella semisupina (Berk. & M.A.Curtis) Ryvarden	Antrodiella semisupina (Berk. & M.A. Curtis) Ryvarden	(Berk. & M.A. Curtis) Ryvarden	CA	Sainte-Marie, Beauce, Québec.	Québec	PRESENT		ff7bd5db-b724-4932-b496-10ea298851f9	46.436281	-71.020388	8000.0						1970-10-31	31	10	1970	2541957	2541957	PRESERVED_SPECIMEN	Université de Montréal Biodiversity Centre	CMMF	CMMF016143		Sirard, Léas; Boulet, Bruno		CC0_1_0	Université de Montréal Biodiversity Centre	Sirard, Léas; Boulet, Bruno			2024-01-24T16:38:18.601Z		INSTITUTION_MATCH_FUZZY;COLLECTION_MATCH_FUZZY;DIFFERENT_OWNER_INSTITUTION
1412707642	21705170-d2b6-42de-8904-c3bca4b83591	CMMF016146	Fungi	Basidiomycota	Agaricomycetes	Polyporales	Steccherinaceae	Antrodiella	Antrodiella semisupina		SPECIES	Antrodiella semisupina (Berk. & M.A.Curtis) Ryvarden	Antrodiella semisupina (Berk. & M.A. Curtis) Ryvarden	(Berk. & M.A. Curtis) Ryvarden	CA	Rivière Cap Rouge, Québec.	Québec	PRESENT		ff7bd5db-b724-4932-b496-10ea298851f9	46.765168	-71.355922	6000.0						1975-09-20	20	9	1975	2541957	2541957	PRESERVED_SPECIMEN	Université de Montréal Biodiversity Centre	CMMF	CMMF016146		Sirard, Léas; Boulet, Bruno		CC0_1_0	Université de Montréal Biodiversity Centre	Sirard, Léas; Boulet, Bruno			2024-01-24T16:38:18.615Z		INSTITUTION_MATCH_FUZZY;COLLECTION_MATCH_FUZZY;DIFFERENT_OWNER_INSTITUTION
1412707639	21705170-d2b6-42de-8904-c3bca4b83591	CMMF016152	Fungi	Basidiomycota	Agaricomycetes	Polyporales	Steccherinaceae	Antrodiella	Antrodiella semisupina		SPECIES	Antrodiella semisupina (Berk. & M.A.Curtis) Ryvarden	Antrodiella semisupina (Berk. & M.A. Curtis) Ryvarden	(Berk. & M.A. Curtis) Ryvarden	CA	Cimetière Belmont, Québec.	Québec	PRESENT		ff7bd5db-b724-4932-b496-10ea298851f9	46.791462	-71.280377	500.0						1970-09-10	10	9	1970	2541957	2541957	PRESERVED_SPECIMEN	Université de Montréal Biodiversity Centre	CMMF	CMMF016152		Sirard, Léas; Boulet, Bruno		CC0_1_0	Université de Montréal Biodiversity Centre	Sirard, Léas; Boulet, Bruno			2024-01-24T16:38:18.615Z		INSTITUTION_MATCH_FUZZY;COLLECTION_MATCH_FUZZY;DIFFERENT_OWNER_INSTITUTION
1412707636	21705170-d2b6-42de-8904-c3bca4b83591	CMMF016154	Fungi	Basidiomycota	Agaricomycetes	Polyporales	Steccherinaceae	Antrodiella	Antrodiella semisupina		SPECIES	Antrodiella semisupina (Berk. & M.A.Curtis) Ryvarden	Antrodiella semisupina (Berk. & M.A. Curtis) Ryvarden	(Berk. & M.A. Curtis) Ryvarden	CA	4.4 km SE de Lacolle, Québec.	Québec	PRESENT		ff7bd5db-b724-4932-b496-10ea298851f9	45.06184	-73.325484	1000.0						1994-10-05	5	10	1994	2541957	2541957	PRESERVED_SPECIMEN	Université de Montréal Biodiversity Centre	CMMF	CMMF016154		Sirard, Léas		CC0_1_0	Université de Montréal Biodiversity Centre	unknown			2024-01-24T16:38:18.616Z		INSTITUTION_MATCH_FUZZY;COLLECTION_MATCH_FUZZY;DIFFERENT_OWNER_INSTITUTION
1412707630	21705170-d2b6-42de-8904-c3bca4b83591	CMMF016141	Fungi	Basidiomycota	Agaricomycetes	Polyporales	Steccherinaceae	Antrodiella	Antrodiella semisupina		SPECIES	Antrodiella semisupina (Berk. & M.A.Curtis) Ryvarden	Antrodiella semisupina (Berk. & M.A. Curtis) Ryvarden	(Berk. & M.A. Curtis) Ryvarden	CA	Terrebonne, Montréal, Québec.	Québec	PRESENT		ff7bd5db-b724-4932-b496-10ea298851f9	45.70036	-73.637796	5000.0						1988-09		9	1988	2541957	2541957	PRESERVED_SPECIMEN	Université de Montréal Biodiversity Centre	CMMF	CMMF016141		Ginns, Jim H.	1989-10-01T00:00:00	CC0_1_0	Université de Montréal Biodiversity Centre	Sirard, Léas; Boulet, Bruno			2024-01-24T16:38:18.599Z		INSTITUTION_MATCH_FUZZY;COLLECTION_MATCH_FUZZY;DIFFERENT_OWNER_INSTITUTION
1412707614	21705170-d2b6-42de-8904-c3bca4b83591	CMMF016151	Fungi	Basidiomycota	Agaricomycetes	Polyporales	Steccherinaceae	Antrodiella	Antrodiella semisupina		SPECIES	Antrodiella semisupina (Berk. & M.A.Curtis) Ryvarden	Antrodiella semisupina (Berk. & M.A. Curtis) Ryvarden	(Berk. & M.A. Curtis) Ryvarden	CA	Pointe au Pic, Québec.	Québec	PRESENT		ff7bd5db-b724-4932-b496-10ea298851f9	47.631211	-70.142104	3000.0						1973-09-27	27	9	1973	2541957	2541957	PRESERVED_SPECIMEN	Université de Montréal Biodiversity Centre	CMMF	CMMF016151		Sirard, Léas; Boulet, Bruno		CC0_1_0	Université de Montréal Biodiversity Centre	Sirard, Léas; Boulet, Bruno			2024-01-24T16:38:18.615Z		INSTITUTION_MATCH_FUZZY;COLLECTION_MATCH_FUZZY;DIFFERENT_OWNER_INSTITUTION
1412707594	21705170-d2b6-42de-8904-c3bca4b83591	CMMF016142	Fungi	Basidiomycota	Agaricomycetes	Polyporales	Steccherinaceae	Antrodiella	Antrodiella semisupina		SPECIES	Antrodiella semisupina (Berk. & M.A.Curtis) Ryvarden	Antrodiella semisupina (Berk. & M.A. Curtis) Ryvarden	(Berk. & M.A. Curtis) Ryvarden	CA	Grand-Remous, sud du Parc de La Vérendrye, Québec.	Québec	PRESENT		ff7bd5db-b724-4932-b496-10ea298851f9	46.621131	-75.915053	15000.0						1988-08-18	18	8	1988	2541957	2541957	PRESERVED_SPECIMEN	Université de Montréal Biodiversity Centre	CMMF	CMMF016142		Ginns, Jim H.	1989-09-01T00:00:00	CC0_1_0	Université de Montréal Biodiversity Centre	Sirard, Léas; Boulet, Bruno			2024-01-24T16:38:18.600Z		INSTITUTION_MATCH_FUZZY;COLLECTION_MATCH_FUZZY;DIFFERENT_OWNER_INSTITUTION
1412707589	21705170-d2b6-42de-8904-c3bca4b83591	CMMF016144	Fungi	Basidiomycota	Agaricomycetes	Polyporales	Steccherinaceae	Antrodiella	Antrodiella semisupina		SPECIES	Antrodiella semisupina (Berk. & M.A.Curtis) Ryvarden	Antrodiella semisupina (Berk. & M.A. Curtis) Ryvarden	(Berk. & M.A. Curtis) Ryvarden	CA	Cap Rouge, Québec.	Québec	PRESENT		ff7bd5db-b724-4932-b496-10ea298851f9	46.763778	-71.355145	5000.0						1970-08-30	30	8	1970	2541957	2541957	PRESERVED_SPECIMEN	Université de Montréal Biodiversity Centre	CMMF	CMMF016144		Sirard, Léas; Boulet, Bruno		CC0_1_0	Université de Montréal Biodiversity Centre	Sirard, Léas; Boulet, Bruno			2024-01-24T16:38:18.601Z		INSTITUTION_MATCH_FUZZY;COLLECTION_MATCH_FUZZY;DIFFERENT_OWNER_INSTITUTION
1412707571	21705170-d2b6-42de-8904-c3bca4b83591	CMMF016139	Fungi	Basidiomycota	Agaricomycetes	Polyporales	Steccherinaceae	Antrodiella	Antrodiella semisupina		SPECIES	Antrodiella semisupina (Berk. & M.A.Curtis) Ryvarden	Antrodiella semisupina (Berk. & M.A. Curtis) Ryvarden	(Berk. & M.A. Curtis) Ryvarden	CA	Îles Giroux, Québec.	Québec	PRESENT		ff7bd5db-b724-4932-b496-10ea298851f9	45.260303	-74.188124	1000.0						1991-10-12	12	10	1991	2541957	2541957	PRESERVED_SPECIMEN	Université de Montréal Biodiversity Centre	CMMF	CMMF016139		Labbé, Roland; Audet, Serge	1995-04-09T00:00:00	CC0_1_0	Université de Montréal Biodiversity Centre	Boulet, Bruno			2024-01-24T16:38:18.602Z		INSTITUTION_MATCH_FUZZY;COLLECTION_MATCH_FUZZY;DIFFERENT_OWNER_INSTITUTION
1412707543	21705170-d2b6-42de-8904-c3bca4b83591	CMMF016138	Fungi	Basidiomycota	Agaricomycetes	Polyporales	Steccherinaceae	Antrodiella	Antrodiella semisupina		SPECIES	Antrodiella semisupina (Berk. & M.A.Curtis) Ryvarden	Antrodiella semisupina (Berk. & M.A. Curtis) Ryvarden	(Berk. & M.A. Curtis) Ryvarden	CA	Chapelle de la Réparation, Montréal-Est, Québec.	Québec	PRESENT		ff7bd5db-b724-4932-b496-10ea298851f9	45.669758	-73.512302	500.0						1991-09-12	12	9	1991	2541957	2541957	PRESERVED_SPECIMEN	Université de Montréal Biodiversity Centre	CMMF	CMMF016138		Sirard, Léas; Boulet, Bruno		CC0_1_0	Université de Montréal Biodiversity Centre	Sirard, Léas; Boulet, Bruno			2024-01-24T16:38:18.601Z		INSTITUTION_MATCH_FUZZY;COLLECTION_MATCH_FUZZY;DIFFERENT_OWNER_INSTITUTION
1412706853	21705170-d2b6-42de-8904-c3bca4b83591	CMMF015337	Fungi	Basidiomycota	Agaricomycetes	Polyporales	Steccherinaceae	Antrodiella	Antrodiella semisupina		SPECIES	Antrodiella semisupina (Berk. & M.A.Curtis) Ryvarden	Antrodiella semisupina (Berk. & M.A. Curtis) Ryvarden	(Berk. & M.A. Curtis) Ryvarden	CA	Lac Emeraude, Saint-Ubalde, Québec.	Québec	PRESENT		ff7bd5db-b724-4932-b496-10ea298851f9	46.820449	-72.234717	2000.0						1994-07-20/1994-07-23		7	1994	2541957	2541957	PRESERVED_SPECIMEN	Université de Montréal Biodiversity Centre	CMMF	CMMF015337	816	Guérin, Gérard		CC0_1_0	Université de Montréal Biodiversity Centre	Guérin, Gérard			2024-01-24T16:38:17.080Z	StillImage	INSTITUTION_MATCH_FUZZY;COLLECTION_MATCH_FUZZY;DIFFERENT_OWNER_INSTITUTION
1412706841	21705170-d2b6-42de-8904-c3bca4b83591	CMMF015338	Fungi	Basidiomycota	Agaricomycetes	Polyporales	Steccherinaceae	Antrodiella	Antrodiella semisupina		SPECIES	Antrodiella semisupina (Berk. & M.A.Curtis) Ryvarden	Antrodiella semisupina (Berk. & M.A. Curtis) Ryvarden	(Berk. & M.A. Curtis) Ryvarden	CA	Saint-Gédéon, Québec.	Québec	PRESENT		ff7bd5db-b724-4932-b496-10ea298851f9	48.494484	-71.775457	15000.0						1996-08-03	3	8	1996	2541957	2541957	PRESERVED_SPECIMEN	Université de Montréal Biodiversity Centre	CMMF	CMMF015338	817	Guérin, Gérard		CC0_1_0	Université de Montréal Biodiversity Centre	Guérin, Gérard			2024-01-24T16:38:17.081Z	StillImage	INSTITUTION_MATCH_FUZZY;COLLECTION_MATCH_FUZZY;DIFFERENT_OWNER_INSTITUTION
1135070262	21705170-d2b6-42de-8904-c3bca4b83591	CMMF008790	Fungi	Basidiomycota	Agaricomycetes	Polyporales	Steccherinaceae	Antrodiella	Antrodiella semisupina		SPECIES	Antrodiella semisupina (Berk. & M.A.Curtis) Ryvarden	Antrodiella semisupina (Berk. & M.A. Curtis) Ryvarden	(Berk. & M.A. Curtis) Ryvarden	CA	Chemin du Caillou, Lac-Beauport.	Québec	PRESENT		ff7bd5db-b724-4932-b496-10ea298851f9	46.988318	-71.326007	1000.0						2006-07-24	24	7	2006	2541957	2541957	PRESERVED_SPECIMEN	Université de Montréal Biodiversity Centre	CMMF	CMMF008790	372	Labrecque, Jacqueline; Labbé, Roland		CC0_1_0	Université de Montréal Biodiversity Centre	Labrecque, Jacqueline			2024-01-24T16:38:18.835Z	StillImage	INSTITUTION_MATCH_FUZZY;COLLECTION_MATCH_FUZZY;DIFFERENT_OWNER_INSTITUTION
1135070192	21705170-d2b6-42de-8904-c3bca4b83591	CMMF008767	Fungi	Basidiomycota	Agaricomycetes	Polyporales	Steccherinaceae	Antrodiella	Antrodiella semisupina		SPECIES	Antrodiella semisupina (Berk. & M.A.Curtis) Ryvarden	Antrodiella semisupina (Berk. & M.A. Curtis) Ryvarden	(Berk. & M.A. Curtis) Ryvarden	CA	Sentier Trans-Québec est. Lac-Beauport.	Québec	PRESENT		ff7bd5db-b724-4932-b496-10ea298851f9	46.953091	-71.275238	5000.0						2006-07-21	21	7	2006	2541957	2541957	PRESERVED_SPECIMEN	Université de Montréal Biodiversity Centre	CMMF	CMMF008767	349	Labrecque, Jacqueline; Labbé, Roland		CC0_1_0	Université de Montréal Biodiversity Centre	Labrecque, Jacqueline			2024-01-24T16:38:18.818Z		INSTITUTION_MATCH_FUZZY;COLLECTION_MATCH_FUZZY;DIFFERENT_OWNER_INSTITUTION
1135070171	21705170-d2b6-42de-8904-c3bca4b83591	CMMF008721	Fungi	Basidiomycota	Agaricomycetes	Polyporales	Steccherinaceae	Antrodiella	Antrodiella semisupina		SPECIES	Antrodiella semisupina (Berk. & M.A.Curtis) Ryvarden	Antrodiella semisupina (Berk. & M.A. Curtis) Ryvarden	(Berk. & M.A. Curtis) Ryvarden	CA	Stoneham.	Québec	PRESENT		ff7bd5db-b724-4932-b496-10ea298851f9	46.993169	-71.366667	6000.0						2006-07-07	7	7	2006	2541957	2541957	PRESERVED_SPECIMEN	Université de Montréal Biodiversity Centre	CMMF	CMMF008721	302	unknown		CC0_1_0	Université de Montréal Biodiversity Centre	Labrecque, Jacqueline			2024-01-24T16:38:18.798Z		INSTITUTION_MATCH_FUZZY;COLLECTION_MATCH_FUZZY;DIFFERENT_OWNER_INSTITUTION
