gbifID	datasetKey	occurrenceID	kingdom	phylum	class	order	family	genus	species	infraspecificEpithet	taxonRank	scientificName	verbatimScientificName	verbatimScientificNameAuthorship	countryCode	locality	stateProvince	occurrenceStatus	individualCount	publishingOrgKey	decimalLatitude	decimalLongitude	coordinateUncertaintyInMeters	coordinatePrecision	elevation	elevationAccuracy	depth	depthAccuracy	eventDate	day	month	year	taxonKey	speciesKey	basisOfRecord	institutionCode	collectionCode	catalogNumber	recordNumber	identifiedBy	dateIdentified	license	rightsHolder	recordedBy	typeStatus	establishmentMeans	lastInterpreted	mediaType	issue
617555836	21705170-d2b6-42de-8904-c3bca4b83591	CMMF000989	Fungi	Basidiomycota	Agaricomycetes	Boletales	Boletaceae	Strobilomyces	Strobilomyces strobilaceus		SPECIES	Strobilomyces strobilaceus (Scop.) Berk.	Strobilomyces strobilaceus (Scop.) Berk.	(Scop.) Berk.	CA	Longueuil	Québec	PRESENT		ff7bd5db-b724-4932-b496-10ea298851f9	45.544154	-73.477185	5000.0						1990-07-10	10	7	1990	9225326	9225326	PRESERVED_SPECIMEN	Université de Montréal Biodiversity Centre	CMMF	CMMF000989		Lamoureux, Yves		CC0_1_0	Université de Montréal Biodiversity Centre	Lamoureux, Yves			2024-01-24T16:38:21.580Z	StillImage	INSTITUTION_MATCH_FUZZY;COLLECTION_MATCH_FUZZY;DIFFERENT_OWNER_INSTITUTION
617555181	21705170-d2b6-42de-8904-c3bca4b83591	CMMF000691	Fungi	Basidiomycota	Agaricomycetes	Boletales	Boletaceae	Strobilomyces	Strobilomyces strobilaceus		SPECIES	Strobilomyces strobilaceus (Scop.) Berk.	Strobilomyces strobilaceus (Scop.) Berk.	(Scop.) Berk.	CA	Contrecoeur	Québec	PRESENT		ff7bd5db-b724-4932-b496-10ea298851f9	45.876777	-73.209987	12000.0						1989-08-27	27	8	1989	9225326	9225326	PRESERVED_SPECIMEN	Université de Montréal Biodiversity Centre	CMMF	CMMF000691		Lamoureux, Yves		CC0_1_0	Université de Montréal Biodiversity Centre	unknown			2024-01-24T16:38:20.133Z	StillImage	INSTITUTION_MATCH_FUZZY;COLLECTION_MATCH_FUZZY;DIFFERENT_OWNER_INSTITUTION
617552571	21705170-d2b6-42de-8904-c3bca4b83591	CMMF003221	Fungi	Basidiomycota	Agaricomycetes	Boletales	Boletaceae	Strobilomyces	Strobilomyces strobilaceus		SPECIES	Strobilomyces strobilaceus (Scop.) Berk.	Strobilomyces strobilaceus (Scop.) Berk.	(Scop.) Berk.	CA	Boucherville	Québec	PRESENT		ff7bd5db-b724-4932-b496-10ea298851f9	45.597683	-73.43011	5500.0						1998-07-14	14	7	1998	9225326	9225326	PRESERVED_SPECIMEN	Université de Montréal Biodiversity Centre	CMMF	CMMF003221		Lamoureux, Yves		CC0_1_0	Université de Montréal Biodiversity Centre	Lamoureux, Yves			2024-01-24T16:38:16.958Z	StillImage	INSTITUTION_MATCH_FUZZY;COLLECTION_MATCH_FUZZY;DIFFERENT_OWNER_INSTITUTION
617549679	21705170-d2b6-42de-8904-c3bca4b83591	CMMF000194	Fungi	Basidiomycota	Agaricomycetes	Boletales	Boletaceae	Strobilomyces	Strobilomyces strobilaceus		SPECIES	Strobilomyces strobilaceus (Scop.) Berk.	Strobilomyces strobilaceus (Scop.) Berk.	(Scop.) Berk.	CA	Saint-Joseph-du-Lac	Québec	PRESENT		ff7bd5db-b724-4932-b496-10ea298851f9	45.534465	-74.013251	5000.0						1988-08-20	20	8	1988	9225326	9225326	PRESERVED_SPECIMEN	Université de Montréal Biodiversity Centre	CMMF	CMMF000194		Lamoureux, Yves		CC0_1_0	Université de Montréal Biodiversity Centre	Farnesi, Carlo			2024-01-24T16:38:20.728Z	StillImage	INSTITUTION_MATCH_FUZZY;COLLECTION_MATCH_FUZZY;DIFFERENT_OWNER_INSTITUTION
4950211007	50c9509d-22c7-4a22-a47d-8c48425ef4a7	https://www.inaturalist.org/observations/173810956	Fungi	Basidiomycota	Agaricomycetes	Boletales	Boletaceae	Strobilomyces	Strobilomyces strobilaceus		SPECIES	Strobilomyces strobilaceus (Scop.) Berk.	Strobilomyces strobilaceus		CA		Québec	PRESENT		28eb1a3f-1c15-4a95-931a-4af90ecb574d	45.339969	-72.19094	3.0						2023-07-19T14:41:07	19	7	2023	9225326	9225326	HUMAN_OBSERVATION	iNaturalist	Observations	173810956		Vincent Desjardins	2023-07-19T18:42:07	CC_BY_NC_4_0	Vincent Desjardins	Vincent Desjardins			2025-01-14T13:40:59.520Z		COORDINATE_ROUNDED;CONTINENT_DERIVED_FROM_COORDINATES;TAXON_MATCH_TAXON_ID_IGNORED
4946103476	50c9509d-22c7-4a22-a47d-8c48425ef4a7	https://www.inaturalist.org/observations/97723649	Fungi	Basidiomycota	Agaricomycetes	Boletales	Boletaceae	Strobilomyces	Strobilomyces strobilaceus		SPECIES	Strobilomyces strobilaceus (Scop.) Berk.	Strobilomyces strobilaceus		CA		Ontario	PRESENT		28eb1a3f-1c15-4a95-931a-4af90ecb574d	46.338575	-79.290413	786.0						2021-10-08T17:02	8	10	2021	9225326	9225326	HUMAN_OBSERVATION	iNaturalist	Observations	97723649		Brent Turcotte	2021-10-10T01:52:36	CC_BY_NC_4_0	Brent Turcotte	Brent Turcotte			2025-01-14T13:23:04.865Z	StillImage	COORDINATE_ROUNDED;CONTINENT_DERIVED_FROM_COORDINATES;TAXON_MATCH_TAXON_ID_IGNORED
4945886639	50c9509d-22c7-4a22-a47d-8c48425ef4a7	https://www.inaturalist.org/observations/8848326	Fungi	Basidiomycota	Agaricomycetes	Boletales	Boletaceae	Strobilomyces	Strobilomyces strobilaceus		SPECIES	Strobilomyces strobilaceus (Scop.) Berk.	Strobilomyces strobilaceus		CA		Ontario	PRESENT		28eb1a3f-1c15-4a95-931a-4af90ecb574d	45.547939	-78.637615							2003-08-06T16:39	6	8	2003	9225326	9225326	HUMAN_OBSERVATION	iNaturalist	Observations	8848326		Jason J. Dombroskie	2017-11-18T15:54:39	CC_BY_NC_4_0	Jason J. Dombroskie	Jason J. Dombroskie			2025-01-14T12:04:16.046Z	StillImage	COORDINATE_ROUNDED;CONTINENT_DERIVED_FROM_COORDINATES;TAXON_MATCH_TAXON_ID_IGNORED
4936172143	50c9509d-22c7-4a22-a47d-8c48425ef4a7	https://www.inaturalist.org/observations/177271805	Fungi	Basidiomycota	Agaricomycetes	Boletales	Boletaceae	Strobilomyces	Strobilomyces strobilaceus		SPECIES	Strobilomyces strobilaceus (Scop.) Berk.	Strobilomyces strobilaceus		CA		Québec	PRESENT		28eb1a3f-1c15-4a95-931a-4af90ecb574d	45.743727	-73.623768	453.0						2023-08-02T16:45:41	2	8	2023	9225326	9225326	HUMAN_OBSERVATION	iNaturalist	Observations	177271805		Danika Belzile	2023-08-08T00:49:15	CC0_1_0	Danika Belzile	Danika Belzile			2025-01-14T12:38:04.913Z	StillImage	COORDINATE_ROUNDED;CONTINENT_DERIVED_FROM_COORDINATES;TAXON_MATCH_TAXON_ID_IGNORED
4926253573	50c9509d-22c7-4a22-a47d-8c48425ef4a7	https://www.inaturalist.org/observations/236255820	Fungi	Basidiomycota	Agaricomycetes	Boletales	Boletaceae	Strobilomyces	Strobilomyces strobilaceus		SPECIES	Strobilomyces strobilaceus (Scop.) Berk.	Strobilomyces strobilaceus		CA		Ontario	PRESENT		28eb1a3f-1c15-4a95-931a-4af90ecb574d	45.370745	-75.797607	15.0						2017-08-13T08:16	13	8	2017	9225326	9225326	HUMAN_OBSERVATION	iNaturalist	Observations	236255820		Deborah Mosher	2024-08-17T11:49:42	CC_BY_NC_4_0	Deborah Mosher	Deborah Mosher			2025-01-14T12:48:36.952Z	StillImage	COORDINATE_ROUNDED;CONTINENT_DERIVED_FROM_COORDINATES;TAXON_MATCH_TAXON_ID_IGNORED
4923783005	50c9509d-22c7-4a22-a47d-8c48425ef4a7	https://www.inaturalist.org/observations/235336720	Fungi	Basidiomycota	Agaricomycetes	Boletales	Boletaceae	Strobilomyces	Strobilomyces strobilaceus		SPECIES	Strobilomyces strobilaceus (Scop.) Berk.	Strobilomyces strobilaceus		CA		Québec	PRESENT		28eb1a3f-1c15-4a95-931a-4af90ecb574d	45.683068	-75.930941	4799.0						2024-08-12T09:07	12	8	2024	9225326	9225326	HUMAN_OBSERVATION	iNaturalist	Observations	235336720		see-em	2024-08-12T14:20:34	CC_BY_NC_4_0	see-em	see-em			2025-01-14T13:42:47.490Z	StillImage	CONTINENT_DERIVED_FROM_COORDINATES;TAXON_MATCH_TAXON_ID_IGNORED
4919562771	50c9509d-22c7-4a22-a47d-8c48425ef4a7	https://www.inaturalist.org/observations/231222072	Fungi	Basidiomycota	Agaricomycetes	Boletales	Boletaceae	Strobilomyces	Strobilomyces strobilaceus		SPECIES	Strobilomyces strobilaceus (Scop.) Berk.	Strobilomyces strobilaceus		CA		Québec	PRESENT		28eb1a3f-1c15-4a95-931a-4af90ecb574d	45.548476	-75.836586	11.0						2024-07-23T11:47:29	23	7	2024	9225326	9225326	HUMAN_OBSERVATION	iNaturalist	Observations	231222072		valeriakuzivanova	2024-07-23T15:48:13	CC_BY_NC_4_0	valeriakuzivanova	valeriakuzivanova			2025-01-14T13:37:35.253Z	StillImage	COORDINATE_ROUNDED;CONTINENT_DERIVED_FROM_COORDINATES;TAXON_MATCH_TAXON_ID_IGNORED
4919438781	50c9509d-22c7-4a22-a47d-8c48425ef4a7	https://www.inaturalist.org/observations/232095030	Fungi	Basidiomycota	Agaricomycetes	Boletales	Boletaceae	Strobilomyces	Strobilomyces strobilaceus		SPECIES	Strobilomyces strobilaceus (Scop.) Berk.	Strobilomyces strobilaceus		CA		Québec	PRESENT		28eb1a3f-1c15-4a95-931a-4af90ecb574d	45.506053	-73.593139							2024-07-27T13:05:51	27	7	2024	9225326	9225326	HUMAN_OBSERVATION	iNaturalist	Observations	232095030		nwoeanhinnogaehr	2024-07-27T19:10:22	CC_BY_NC_4_0	nwoeanhinnogaehr	nwoeanhinnogaehr			2025-01-14T13:42:47.247Z	StillImage	COORDINATE_ROUNDED;CONTINENT_DERIVED_FROM_COORDINATES;TAXON_MATCH_TAXON_ID_IGNORED
4911149128	50c9509d-22c7-4a22-a47d-8c48425ef4a7	https://www.inaturalist.org/observations/230363366	Fungi	Basidiomycota	Agaricomycetes	Boletales	Boletaceae	Strobilomyces	Strobilomyces strobilaceus		SPECIES	Strobilomyces strobilaceus (Scop.) Berk.	Strobilomyces strobilaceus		CA		Québec	PRESENT		28eb1a3f-1c15-4a95-931a-4af90ecb574d	45.659358	-75.677248	5.0						2024-07-19T16:10:18	19	7	2024	9225326	9225326	HUMAN_OBSERVATION	iNaturalist	Observations	230363366		Joe Smit	2024-07-19T20:26:46	CC_BY_NC_4_0	Joe Smit	Joe Smit			2025-01-14T12:51:20.445Z	StillImage	COORDINATE_ROUNDED;CONTINENT_DERIVED_FROM_COORDINATES;TAXON_MATCH_TAXON_ID_IGNORED
4908511431	50c9509d-22c7-4a22-a47d-8c48425ef4a7	https://www.inaturalist.org/observations/229377282	Fungi	Basidiomycota	Agaricomycetes	Boletales	Boletaceae	Strobilomyces	Strobilomyces strobilaceus		SPECIES	Strobilomyces strobilaceus (Scop.) Berk.	Strobilomyces strobilaceus		CA		Québec	PRESENT		28eb1a3f-1c15-4a95-931a-4af90ecb574d	45.510047	-75.795787	44.0						2024-07-13T16:14	13	7	2024	9225326	9225326	HUMAN_OBSERVATION	iNaturalist	Observations	229377282		jonathan_mack	2024-07-14T22:53:26	CC_BY_NC_4_0	jonathan_mack	jonathan_mack			2025-01-14T12:48:52.491Z	StillImage	COORDINATE_ROUNDED;CONTINENT_DERIVED_FROM_COORDINATES;TAXON_MATCH_TAXON_ID_IGNORED
4867908722	50c9509d-22c7-4a22-a47d-8c48425ef4a7	https://www.inaturalist.org/observations/215827651	Fungi	Basidiomycota	Agaricomycetes	Boletales	Boletaceae	Strobilomyces	Strobilomyces strobilaceus		SPECIES	Strobilomyces strobilaceus (Scop.) Berk.	Strobilomyces strobilaceus		CA		Ontario	PRESENT		28eb1a3f-1c15-4a95-931a-4af90ecb574d	45.281252	-76.97609	30.0						2023-07-29T16:10	29	7	2023	9225326	9225326	HUMAN_OBSERVATION	iNaturalist	Observations	215827651		bogend	2024-05-15T01:38:52	CC_BY_NC_4_0	bogend	bogend			2025-01-14T13:41:19.358Z	StillImage	COORDINATE_ROUNDED;CONTINENT_DERIVED_FROM_COORDINATES;TAXON_MATCH_TAXON_ID_IGNORED
4855130932	50c9509d-22c7-4a22-a47d-8c48425ef4a7	https://www.inaturalist.org/observations/212271910	Fungi	Basidiomycota	Agaricomycetes	Boletales	Boletaceae	Strobilomyces	Strobilomyces strobilaceus		SPECIES	Strobilomyces strobilaceus (Scop.) Berk.	Strobilomyces strobilaceus		CA		Québec	PRESENT		28eb1a3f-1c15-4a95-931a-4af90ecb574d	45.395686	-73.397541	1776.0						2021-07-29T10:26	29	7	2021	9225326	9225326	HUMAN_OBSERVATION	iNaturalist	Observations	212271910		Isabelle Pouliot	2024-04-30T15:12:05	CC_BY_NC_4_0	Isabelle Pouliot	Isabelle Pouliot			2025-01-14T12:44:17.110Z	StillImage	COORDINATE_ROUNDED;CONTINENT_DERIVED_FROM_COORDINATES;TAXON_MATCH_TAXON_ID_IGNORED
4597212293	50c9509d-22c7-4a22-a47d-8c48425ef4a7	https://www.inaturalist.org/observations/176902331	Fungi	Basidiomycota	Agaricomycetes	Boletales	Boletaceae	Strobilomyces	Strobilomyces strobilaceus		SPECIES	Strobilomyces strobilaceus (Scop.) Berk.	Strobilomyces strobilaceus		CA		Québec	PRESENT		28eb1a3f-1c15-4a95-931a-4af90ecb574d	45.382098	-74.184127	188.0						2023-08-05T10:20:21	5	8	2023	9225326	9225326	HUMAN_OBSERVATION	iNaturalist	Observations	176902331		Nella	2023-08-06T03:25:44	CC_BY_NC_4_0	Nella	Nella			2025-01-14T13:32:18.755Z	StillImage	COORDINATE_ROUNDED;CONTINENT_DERIVED_FROM_COORDINATES;TAXON_MATCH_TAXON_ID_IGNORED
4596813641	50c9509d-22c7-4a22-a47d-8c48425ef4a7	https://www.inaturalist.org/observations/199461875	Fungi	Basidiomycota	Agaricomycetes	Boletales	Boletaceae	Strobilomyces	Strobilomyces strobilaceus		SPECIES	Strobilomyces strobilaceus (Scop.) Berk.	Strobilomyces strobilaceus		CA		Québec	PRESENT		28eb1a3f-1c15-4a95-931a-4af90ecb574d	45.431402	-73.948298	4.0						2023-09-21T13:21:10	21	9	2023	9225326	9225326	HUMAN_OBSERVATION	iNaturalist	Observations	199461875		Samuel Gagne	2024-03-08T17:18:32	CC_BY_NC_4_0	andyplimer	andyplimer			2025-01-14T13:37:41.196Z	StillImage	COORDINATE_ROUNDED;CONTINENT_DERIVED_FROM_COORDINATES;TAXON_MATCH_TAXON_ID_IGNORED
4535701643	50c9509d-22c7-4a22-a47d-8c48425ef4a7	https://www.inaturalist.org/observations/201115597	Fungi	Basidiomycota	Agaricomycetes	Boletales	Boletaceae	Strobilomyces	Strobilomyces strobilaceus		SPECIES	Strobilomyces strobilaceus (Scop.) Berk.	Strobilomyces strobilaceus		CA		Québec	PRESENT		28eb1a3f-1c15-4a95-931a-4af90ecb574d	46.913343	-71.234061	61.0						2023-08-06	6	8	2023	9225326	9225326	HUMAN_OBSERVATION	iNaturalist	Observations	201115597		Christian Grenier	2024-03-03T12:27:38	CC_BY_NC_4_0	Christian Grenier	Christian Grenier			2025-01-14T13:38:38.440Z	StillImage	COORDINATE_ROUNDED;CONTINENT_DERIVED_FROM_COORDINATES;TAXON_MATCH_TAXON_ID_IGNORED
4522560238	50c9509d-22c7-4a22-a47d-8c48425ef4a7	https://www.inaturalist.org/observations/195225384	Fungi	Basidiomycota	Agaricomycetes	Boletales	Boletaceae	Strobilomyces	Strobilomyces strobilaceus		SPECIES	Strobilomyces strobilaceus (Scop.) Berk.	Strobilomyces strobilaceus		CA		Ontario	PRESENT		28eb1a3f-1c15-4a95-931a-4af90ecb574d	45.446879	-75.183526	15.0						2022-09-29T12:02	29	9	2022	9225326	9225326	HUMAN_OBSERVATION	iNaturalist	Observations	195225384		christine123	2023-12-30T01:37:06	CC_BY_4_0	christine123	christine123			2025-01-14T13:44:09.682Z	StillImage	COORDINATE_ROUNDED;CONTINENT_DERIVED_FROM_COORDINATES;TAXON_MATCH_TAXON_ID_IGNORED
4440808428	50c9509d-22c7-4a22-a47d-8c48425ef4a7	https://www.inaturalist.org/observations/190341534	Fungi	Basidiomycota	Agaricomycetes	Boletales	Boletaceae	Strobilomyces	Strobilomyces strobilaceus		SPECIES	Strobilomyces strobilaceus (Scop.) Berk.	Strobilomyces strobilaceus		CA		Ontario	PRESENT		28eb1a3f-1c15-4a95-931a-4af90ecb574d	45.652545	-77.50887	50.0						2005-08-09	9	8	2005	9225326	9225326	HUMAN_OBSERVATION	iNaturalist	Observations	190341534		Daryl Coulson	2023-11-07T21:04:52	CC_BY_NC_4_0	Daryl Coulson	Daryl Coulson			2025-01-14T12:43:00.740Z	StillImage	COORDINATE_ROUNDED;CONTINENT_DERIVED_FROM_COORDINATES;TAXON_MATCH_TAXON_ID_IGNORED
4438713474	50c9509d-22c7-4a22-a47d-8c48425ef4a7	https://www.inaturalist.org/observations/189886798	Fungi	Basidiomycota	Agaricomycetes	Boletales	Boletaceae	Strobilomyces	Strobilomyces strobilaceus		SPECIES	Strobilomyces strobilaceus (Scop.) Berk.	Strobilomyces strobilaceus		CA		Ontario	PRESENT		28eb1a3f-1c15-4a95-931a-4af90ecb574d	45.811794	-77.539874	50.0						2020-08-14	14	8	2020	9225326	9225326	HUMAN_OBSERVATION	iNaturalist	Observations	189886798		Daryl Coulson	2023-11-03T20:35:26	CC_BY_NC_4_0	Daryl Coulson	Daryl Coulson			2025-01-14T12:43:12.168Z	StillImage	COORDINATE_ROUNDED;CONTINENT_DERIVED_FROM_COORDINATES;TAXON_MATCH_TAXON_ID_IGNORED
4430941605	50c9509d-22c7-4a22-a47d-8c48425ef4a7	https://www.inaturalist.org/observations/171821333	Fungi	Basidiomycota	Agaricomycetes	Boletales	Boletaceae	Strobilomyces	Strobilomyces strobilaceus		SPECIES	Strobilomyces strobilaceus (Scop.) Berk.	Strobilomyces strobilaceus		CA		Québec	PRESENT		28eb1a3f-1c15-4a95-931a-4af90ecb574d	45.548994	-73.473108	15.0						2023-07-07T08:44	7	7	2023	9225326	9225326	HUMAN_OBSERVATION	iNaturalist	Observations	171821333		Antoine Fortin	2023-07-08T20:38:46	CC_BY_NC_4_0	Antoine Fortin	Antoine Fortin			2025-01-14T12:38:18.263Z	StillImage	COORDINATE_ROUNDED;CONTINENT_DERIVED_FROM_COORDINATES;TAXON_MATCH_TAXON_ID_IGNORED
4430918664	50c9509d-22c7-4a22-a47d-8c48425ef4a7	https://www.inaturalist.org/observations/173910988	Fungi	Basidiomycota	Agaricomycetes	Boletales	Boletaceae	Strobilomyces	Strobilomyces strobilaceus		SPECIES	Strobilomyces strobilaceus (Scop.) Berk.	Strobilomyces strobilaceus		CA		Québec	PRESENT		28eb1a3f-1c15-4a95-931a-4af90ecb574d	45.624995	-75.942364							2023-07-17T14:40:30	17	7	2023	9225326	9225326	HUMAN_OBSERVATION	iNaturalist	Observations	173910988		Renée Lebeuf	2023-10-15T13:16:09	CC_BY_NC_4_0	calvert7272	calvert7272			2025-01-14T13:31:28.717Z	StillImage	COORDINATE_ROUNDED;CONTINENT_DERIVED_FROM_COORDINATES;TAXON_MATCH_TAXON_ID_IGNORED
4424370806	50c9509d-22c7-4a22-a47d-8c48425ef4a7	https://www.inaturalist.org/observations/180264653	Fungi	Basidiomycota	Agaricomycetes	Boletales	Boletaceae	Strobilomyces	Strobilomyces strobilaceus		SPECIES	Strobilomyces strobilaceus (Scop.) Berk.	Strobilomyces strobilaceus		CA		Québec	PRESENT		28eb1a3f-1c15-4a95-931a-4af90ecb574d	45.424858	-73.943245	3.0						2023-08-24T11:54:38	24	8	2023	9225326	9225326	HUMAN_OBSERVATION	iNaturalist	Observations	180264653		timfoster	2023-08-26T13:39:21	CC_BY_NC_4_0	timfoster	timfoster			2025-01-14T12:43:36.456Z	StillImage	COORDINATE_ROUNDED;CONTINENT_DERIVED_FROM_COORDINATES;TAXON_MATCH_TAXON_ID_IGNORED
4421239281	50c9509d-22c7-4a22-a47d-8c48425ef4a7	https://www.inaturalist.org/observations/185480830	Fungi	Basidiomycota	Agaricomycetes	Boletales	Boletaceae	Strobilomyces	Strobilomyces strobilaceus		SPECIES	Strobilomyces strobilaceus (Scop.) Berk.	Strobilomyces strobilaceus		CA		Ontario	PRESENT		28eb1a3f-1c15-4a95-931a-4af90ecb574d	45.069823	-79.01241							2023-09-28T11:49:04	28	9	2023	9225326	9225326	HUMAN_OBSERVATION	iNaturalist	Observations	185480830		Philip Careless	2023-09-29T20:51:31	CC_BY_NC_4_0	Philip Careless	Philip Careless			2025-01-14T13:33:43.173Z	StillImage	COORDINATE_ROUNDED;CONTINENT_DERIVED_FROM_COORDINATES;TAXON_MATCH_TAXON_ID_IGNORED
4413933750	50c9509d-22c7-4a22-a47d-8c48425ef4a7	https://www.inaturalist.org/observations/174968356	Fungi	Basidiomycota	Agaricomycetes	Boletales	Boletaceae	Strobilomyces	Strobilomyces strobilaceus		SPECIES	Strobilomyces strobilaceus (Scop.) Berk.	Strobilomyces strobilaceus		CA		Québec	PRESENT		28eb1a3f-1c15-4a95-931a-4af90ecb574d	45.552056	-73.473105	439.0						2023-07-23T15:40	23	7	2023	9225326	9225326	HUMAN_OBSERVATION	iNaturalist	Observations	174968356		Antoine Fortin	2023-07-26T01:48:55	CC_BY_NC_4_0	Antoine Fortin	Antoine Fortin			2025-01-14T13:32:07.939Z	StillImage	COORDINATE_ROUNDED;CONTINENT_DERIVED_FROM_COORDINATES;TAXON_MATCH_TAXON_ID_IGNORED
4405233169	50c9509d-22c7-4a22-a47d-8c48425ef4a7	https://www.inaturalist.org/observations/180381616	Fungi	Basidiomycota	Agaricomycetes	Boletales	Boletaceae	Strobilomyces	Strobilomyces strobilaceus		SPECIES	Strobilomyces strobilaceus (Scop.) Berk.	Strobilomyces strobilaceus		CA		Ontario	PRESENT		28eb1a3f-1c15-4a95-931a-4af90ecb574d	45.172142	-76.257613	5.0						2023-08-26T12:42:30	26	8	2023	9225326	9225326	HUMAN_OBSERVATION	iNaturalist	Observations	180381616		Lynn Ovenden	2023-08-27T02:55:54	CC_BY_NC_4_0	Lynn Ovenden	Lynn Ovenden			2025-01-14T13:32:11.341Z	StillImage	COORDINATE_ROUNDED;CONTINENT_DERIVED_FROM_COORDINATES;TAXON_MATCH_TAXON_ID_IGNORED
4405015229	50c9509d-22c7-4a22-a47d-8c48425ef4a7	https://www.inaturalist.org/observations/180056551	Fungi	Basidiomycota	Agaricomycetes	Boletales	Boletaceae	Strobilomyces	Strobilomyces strobilaceus		SPECIES	Strobilomyces strobilaceus (Scop.) Berk.	Strobilomyces strobilaceus		CA		Québec	PRESENT		28eb1a3f-1c15-4a95-931a-4af90ecb574d	45.420995	-73.96443	2989.0						2023-08-24T12:19:53	24	8	2023	9225326	9225326	HUMAN_OBSERVATION	iNaturalist	Observations	180056551		Mical	2023-08-25T01:05:20	CC_BY_4_0	Mical	Mical			2025-01-14T12:41:23.175Z	StillImage	CONTINENT_DERIVED_FROM_COORDINATES;TAXON_MATCH_TAXON_ID_IGNORED
4400498337	50c9509d-22c7-4a22-a47d-8c48425ef4a7	https://www.inaturalist.org/observations/179626641	Fungi	Basidiomycota	Agaricomycetes	Boletales	Boletaceae	Strobilomyces	Strobilomyces strobilaceus		SPECIES	Strobilomyces strobilaceus (Scop.) Berk.	Strobilomyces strobilaceus		CA		Québec	PRESENT		28eb1a3f-1c15-4a95-931a-4af90ecb574d	46.16357	-76.095055	4.0						2023-08-21T13:19:08	21	8	2023	9225326	9225326	HUMAN_OBSERVATION	iNaturalist	Observations	179626641		andreaga	2023-08-22T02:55:45	CC_BY_NC_4_0	andreaga	andreaga			2025-01-14T12:44:08.176Z	StillImage	COORDINATE_ROUNDED;CONTINENT_DERIVED_FROM_COORDINATES;TAXON_MATCH_TAXON_ID_IGNORED
4400467555	50c9509d-22c7-4a22-a47d-8c48425ef4a7	https://www.inaturalist.org/observations/179607849	Fungi	Basidiomycota	Agaricomycetes	Boletales	Boletaceae	Strobilomyces	Strobilomyces strobilaceus		SPECIES	Strobilomyces strobilaceus (Scop.) Berk.	Strobilomyces strobilaceus		CA		Québec	PRESENT		28eb1a3f-1c15-4a95-931a-4af90ecb574d	45.556521	-73.147949	977.0						2023-08-21T09:03	21	8	2023	9225326	9225326	HUMAN_OBSERVATION	iNaturalist	Observations	179607849		bouletr	2023-08-22T00:12:01	CC_BY_NC_4_0	bouletr	bouletr			2025-01-14T13:31:57.451Z	StillImage	COORDINATE_ROUNDED;CONTINENT_DERIVED_FROM_COORDINATES;TAXON_MATCH_TAXON_ID_IGNORED
4400394281	50c9509d-22c7-4a22-a47d-8c48425ef4a7	https://www.inaturalist.org/observations/178701699	Fungi	Basidiomycota	Agaricomycetes	Boletales	Boletaceae	Strobilomyces	Strobilomyces strobilaceus		SPECIES	Strobilomyces strobilaceus (Scop.) Berk.	Strobilomyces strobilaceus		CA		Ontario	PRESENT		28eb1a3f-1c15-4a95-931a-4af90ecb574d	45.093062	-79.038902	3.0						2023-08-14T13:28:10	14	8	2023	9225326	9225326	HUMAN_OBSERVATION	iNaturalist	Observations	178701699		Samuel Brinker	2023-08-16T16:07:28	CC_BY_NC_4_0	Samuel Brinker	Samuel Brinker			2025-01-14T12:39:26.435Z	StillImage	COORDINATE_ROUNDED;CONTINENT_DERIVED_FROM_COORDINATES;TAXON_MATCH_TAXON_ID_IGNORED
4400343109	50c9509d-22c7-4a22-a47d-8c48425ef4a7	https://www.inaturalist.org/observations/179607852	Fungi	Basidiomycota	Agaricomycetes	Boletales	Boletaceae	Strobilomyces	Strobilomyces strobilaceus		SPECIES	Strobilomyces strobilaceus (Scop.) Berk.	Strobilomyces strobilaceus		CA		Québec	PRESENT		28eb1a3f-1c15-4a95-931a-4af90ecb574d	45.556521	-73.147949	977.0						2023-08-21T09:04	21	8	2023	9225326	9225326	HUMAN_OBSERVATION	iNaturalist	Observations	179607852		bouletr	2023-08-22T00:12:01	CC_BY_NC_4_0	bouletr	bouletr			2025-01-14T13:29:03.514Z	StillImage	COORDINATE_ROUNDED;CONTINENT_DERIVED_FROM_COORDINATES;TAXON_MATCH_TAXON_ID_IGNORED
4400260731	50c9509d-22c7-4a22-a47d-8c48425ef4a7	https://www.inaturalist.org/observations/179607850	Fungi	Basidiomycota	Agaricomycetes	Boletales	Boletaceae	Strobilomyces	Strobilomyces strobilaceus		SPECIES	Strobilomyces strobilaceus (Scop.) Berk.	Strobilomyces strobilaceus		CA		Québec	PRESENT		28eb1a3f-1c15-4a95-931a-4af90ecb574d	45.556521	-73.147949	977.0						2023-08-21T09:04	21	8	2023	9225326	9225326	HUMAN_OBSERVATION	iNaturalist	Observations	179607850		bouletr	2023-08-22T00:12:01	CC_BY_NC_4_0	bouletr	bouletr			2025-01-14T13:26:31.959Z	StillImage	COORDINATE_ROUNDED;CONTINENT_DERIVED_FROM_COORDINATES;TAXON_MATCH_TAXON_ID_IGNORED
4399905064	50c9509d-22c7-4a22-a47d-8c48425ef4a7	https://www.inaturalist.org/observations/179279904	Fungi	Basidiomycota	Agaricomycetes	Boletales	Boletaceae	Strobilomyces	Strobilomyces strobilaceus		SPECIES	Strobilomyces strobilaceus (Scop.) Berk.	Strobilomyces strobilaceus		CA		Ontario	PRESENT		28eb1a3f-1c15-4a95-931a-4af90ecb574d	45.145277	-78.736867	5948.0						2023-08-19T15:38:13	19	8	2023	9225326	9225326	HUMAN_OBSERVATION	iNaturalist	Observations	179279904		Ripley Patton	2023-08-20T14:28:39	CC_BY_NC_4_0	Storm Peschel	Storm Peschel			2025-01-14T13:32:45.002Z	StillImage	COORDINATE_ROUNDED;CONTINENT_DERIVED_FROM_COORDINATES;TAXON_MATCH_TAXON_ID_IGNORED
4177418871	50c9509d-22c7-4a22-a47d-8c48425ef4a7	https://www.inaturalist.org/observations/178113007	Fungi	Basidiomycota	Agaricomycetes	Boletales	Boletaceae	Strobilomyces	Strobilomyces strobilaceus		SPECIES	Strobilomyces strobilaceus (Scop.) Berk.	Strobilomyces strobilaceus		CA		Québec	PRESENT		28eb1a3f-1c15-4a95-931a-4af90ecb574d	46.118269	-74.596185	22910.0						2023-08-12T12:18:54	12	8	2023	9225326	9225326	HUMAN_OBSERVATION	iNaturalist	Observations	178113007		Janine	2023-08-13T03:19:33	CC_BY_NC_4_0	Janine	Janine			2025-01-14T13:32:00.258Z	StillImage	COORDINATE_ROUNDED;CONTINENT_DERIVED_FROM_COORDINATES;TAXON_MATCH_TAXON_ID_IGNORED
4177023158	50c9509d-22c7-4a22-a47d-8c48425ef4a7	https://www.inaturalist.org/observations/177857693	Fungi	Basidiomycota	Agaricomycetes	Boletales	Boletaceae	Strobilomyces	Strobilomyces strobilaceus		SPECIES	Strobilomyces strobilaceus (Scop.) Berk.	Strobilomyces strobilaceus		CA		Québec	PRESENT		28eb1a3f-1c15-4a95-931a-4af90ecb574d	45.789295	-74.178437	4.0						2023-08-11T12:28:12	11	8	2023	9225326	9225326	HUMAN_OBSERVATION	iNaturalist	Observations	177857693		Lori Pearson	2023-08-11T17:41:26	CC_BY_NC_4_0	Lori Pearson	Lori Pearson			2025-01-14T12:43:14.963Z	StillImage	COORDINATE_ROUNDED;CONTINENT_DERIVED_FROM_COORDINATES;TAXON_MATCH_TAXON_ID_IGNORED
4176976153	50c9509d-22c7-4a22-a47d-8c48425ef4a7	https://www.inaturalist.org/observations/177515453	Fungi	Basidiomycota	Agaricomycetes	Boletales	Boletaceae	Strobilomyces	Strobilomyces strobilaceus		SPECIES	Strobilomyces strobilaceus (Scop.) Berk.	Strobilomyces strobilaceus		CA		New Brunswick	PRESENT		28eb1a3f-1c15-4a95-931a-4af90ecb574d	45.440637	-66.051181	3616.0						2023-08-07T11:55	7	8	2023	9225326	9225326	HUMAN_OBSERVATION	iNaturalist	Observations	177515453		Alfredo Justo	2023-08-09T15:28:45	CC_BY_NC_4_0	Alfredo Justo	Alfredo Justo			2025-01-14T12:40:05.958Z	StillImage	COORDINATE_ROUNDED;CONTINENT_DERIVED_FROM_COORDINATES;TAXON_MATCH_TAXON_ID_IGNORED
4172292905	50c9509d-22c7-4a22-a47d-8c48425ef4a7	https://www.inaturalist.org/observations/176812366	Fungi	Basidiomycota	Agaricomycetes	Boletales	Boletaceae	Strobilomyces	Strobilomyces strobilaceus		SPECIES	Strobilomyces strobilaceus (Scop.) Berk.	Strobilomyces strobilaceus		CA		Québec	PRESENT		28eb1a3f-1c15-4a95-931a-4af90ecb574d	45.431884	-73.887665	597.0						2023-08-05T13:59:35	5	8	2023	9225326	9225326	HUMAN_OBSERVATION	iNaturalist	Observations	176812366		photojoco	2023-08-05T18:00:36	CC_BY_NC_4_0	photojoco	photojoco			2025-01-14T13:26:11.640Z	StillImage	COORDINATE_ROUNDED;CONTINENT_DERIVED_FROM_COORDINATES;TAXON_MATCH_TAXON_ID_IGNORED
4172235741	50c9509d-22c7-4a22-a47d-8c48425ef4a7	https://www.inaturalist.org/observations/176844125	Fungi	Basidiomycota	Agaricomycetes	Boletales	Boletaceae	Strobilomyces	Strobilomyces strobilaceus		SPECIES	Strobilomyces strobilaceus (Scop.) Berk.	Strobilomyces strobilaceus		CA		Québec	PRESENT		28eb1a3f-1c15-4a95-931a-4af90ecb574d	45.203383	-72.363122	8.0						2023-08-05T12:50:12	5	8	2023	9225326	9225326	HUMAN_OBSERVATION	iNaturalist	Observations	176844125		sylviec3075	2023-08-05T20:44:26	CC_BY_NC_4_0	sylviec3075	sylviec3075			2025-01-14T12:37:29.131Z	StillImage	COORDINATE_ROUNDED;CONTINENT_DERIVED_FROM_COORDINATES;TAXON_MATCH_TAXON_ID_IGNORED
4172230383	50c9509d-22c7-4a22-a47d-8c48425ef4a7	https://www.inaturalist.org/observations/177036524	Fungi	Basidiomycota	Agaricomycetes	Boletales	Boletaceae	Strobilomyces	Strobilomyces strobilaceus		SPECIES	Strobilomyces strobilaceus (Scop.) Berk.	Strobilomyces strobilaceus		CA		Québec	PRESENT		28eb1a3f-1c15-4a95-931a-4af90ecb574d	45.616429	-73.751563							2023-08-06T12:23:55	6	8	2023	9225326	9225326	HUMAN_OBSERVATION	iNaturalist	Observations	177036524		Gaby Beland	2023-08-06T22:02:40	CC_BY_NC_4_0	Étienne Godin	Étienne Godin			2025-01-14T13:28:18.781Z	StillImage	COORDINATE_ROUNDED;CONTINENT_DERIVED_FROM_COORDINATES;TAXON_MATCH_TAXON_ID_IGNORED
4172182479	50c9509d-22c7-4a22-a47d-8c48425ef4a7	https://www.inaturalist.org/observations/176450296	Fungi	Basidiomycota	Agaricomycetes	Boletales	Boletaceae	Strobilomyces	Strobilomyces strobilaceus		SPECIES	Strobilomyces strobilaceus (Scop.) Berk.	Strobilomyces strobilaceus		CA		Québec	PRESENT		28eb1a3f-1c15-4a95-931a-4af90ecb574d	45.383118	-74.193703	12.0						2023-08-03T11:53:08	3	8	2023	9225326	9225326	HUMAN_OBSERVATION	iNaturalist	Observations	176450296		helene258	2023-08-03T15:53:18	CC_BY_NC_4_0	helene258	helene258			2025-01-14T12:43:43.538Z	StillImage	COORDINATE_ROUNDED;CONTINENT_DERIVED_FROM_COORDINATES;TAXON_MATCH_TAXON_ID_IGNORED
4172180920	50c9509d-22c7-4a22-a47d-8c48425ef4a7	https://www.inaturalist.org/observations/176871571	Fungi	Basidiomycota	Agaricomycetes	Boletales	Boletaceae	Strobilomyces	Strobilomyces strobilaceus		SPECIES	Strobilomyces strobilaceus (Scop.) Berk.	Strobilomyces strobilaceus		CA		Québec	PRESENT		28eb1a3f-1c15-4a95-931a-4af90ecb574d	45.976483	-73.179846							2023-08-03T16:15:33	3	8	2023	9225326	9225326	HUMAN_OBSERVATION	iNaturalist	Observations	176871571		intodream	2023-08-05T23:41:05	CC_BY_NC_4_0	intodream	intodream			2025-01-14T13:42:05.554Z	StillImage	COORDINATE_ROUNDED;CONTINENT_DERIVED_FROM_COORDINATES;TAXON_MATCH_TAXON_ID_IGNORED
4172031003	50c9509d-22c7-4a22-a47d-8c48425ef4a7	https://www.inaturalist.org/observations/176424613	Fungi	Basidiomycota	Agaricomycetes	Boletales	Boletaceae	Strobilomyces	Strobilomyces strobilaceus		SPECIES	Strobilomyces strobilaceus (Scop.) Berk.	Strobilomyces strobilaceus		CA		Ontario	PRESENT		28eb1a3f-1c15-4a95-931a-4af90ecb574d	45.560538	-76.8509	4.0						2023-08-01T10:35:18	1	8	2023	9225326	9225326	HUMAN_OBSERVATION	iNaturalist	Observations	176424613		edporopat	2023-08-03T12:59:22	CC_BY_NC_4_0	edporopat	edporopat			2025-01-14T13:32:08.243Z	StillImage	COORDINATE_ROUNDED;CONTINENT_DERIVED_FROM_COORDINATES;TAXON_MATCH_TAXON_ID_IGNORED
4171996388	50c9509d-22c7-4a22-a47d-8c48425ef4a7	https://www.inaturalist.org/observations/176137005	Fungi	Basidiomycota	Agaricomycetes	Boletales	Boletaceae	Strobilomyces	Strobilomyces strobilaceus		SPECIES	Strobilomyces strobilaceus (Scop.) Berk.	Strobilomyces strobilaceus		CA		Québec	PRESENT		28eb1a3f-1c15-4a95-931a-4af90ecb574d	45.982269	-73.168587	100.0						2023-08-01T13:25:15	1	8	2023	9225326	9225326	HUMAN_OBSERVATION	iNaturalist	Observations	176137005		abeillestephanie1974	2023-08-01T17:25:33	CC_BY_NC_4_0	abeillestephanie1974	abeillestephanie1974			2025-01-14T12:42:42.772Z	StillImage	COORDINATE_ROUNDED;CONTINENT_DERIVED_FROM_COORDINATES;TAXON_MATCH_TAXON_ID_IGNORED
4171990732	50c9509d-22c7-4a22-a47d-8c48425ef4a7	https://www.inaturalist.org/observations/176448659	Fungi	Basidiomycota	Agaricomycetes	Boletales	Boletaceae	Strobilomyces	Strobilomyces strobilaceus		SPECIES	Strobilomyces strobilaceus (Scop.) Berk.	Strobilomyces strobilaceus		CA		Québec	PRESENT		28eb1a3f-1c15-4a95-931a-4af90ecb574d	46.751278	-71.313998	15.0						2023-07-29T11:39	29	7	2023	9225326	9225326	HUMAN_OBSERVATION	iNaturalist	Observations	176448659		Pierrick Bloin	2023-08-03T15:42:36	CC_BY_NC_4_0	Pierrick Bloin	Pierrick Bloin			2025-01-14T13:26:09.324Z	StillImage	COORDINATE_ROUNDED;CONTINENT_DERIVED_FROM_COORDINATES;TAXON_MATCH_TAXON_ID_IGNORED
4171968402	50c9509d-22c7-4a22-a47d-8c48425ef4a7	https://www.inaturalist.org/observations/176278792	Fungi	Basidiomycota	Agaricomycetes	Boletales	Boletaceae	Strobilomyces	Strobilomyces strobilaceus		SPECIES	Strobilomyces strobilaceus (Scop.) Berk.	Strobilomyces strobilaceus		CA		Québec	PRESENT		28eb1a3f-1c15-4a95-931a-4af90ecb574d	45.507225	-73.61193	16.0						2023-07-22T17:35:42	22	7	2023	9225326	9225326	HUMAN_OBSERVATION	iNaturalist	Observations	176278792		nikapshe	2023-08-02T14:48:33	CC_BY_NC_4_0	nikapshe	nikapshe			2025-01-14T12:40:04.858Z	StillImage	CONTINENT_DERIVED_FROM_COORDINATES;TAXON_MATCH_TAXON_ID_IGNORED
4171937325	50c9509d-22c7-4a22-a47d-8c48425ef4a7	https://www.inaturalist.org/observations/175634442	Fungi	Basidiomycota	Agaricomycetes	Boletales	Boletaceae	Strobilomyces	Strobilomyces strobilaceus		SPECIES	Strobilomyces strobilaceus (Scop.) Berk.	Strobilomyces strobilaceus		CA		Québec	PRESENT		28eb1a3f-1c15-4a95-931a-4af90ecb574d	45.489785	-75.62622							2023-07-29T11:34	29	7	2023	9225326	9225326	HUMAN_OBSERVATION	iNaturalist	Observations	175634442		jonathan_mack	2023-07-29T23:29:18	CC_BY_NC_4_0	jonathan_mack	jonathan_mack			2025-01-14T12:39:56.244Z	StillImage	CONTINENT_DERIVED_FROM_COORDINATES;TAXON_MATCH_TAXON_ID_IGNORED
4171906616	50c9509d-22c7-4a22-a47d-8c48425ef4a7	https://www.inaturalist.org/observations/175866310	Fungi	Basidiomycota	Agaricomycetes	Boletales	Boletaceae	Strobilomyces	Strobilomyces strobilaceus		SPECIES	Strobilomyces strobilaceus (Scop.) Berk.	Strobilomyces strobilaceus		CA		Québec	PRESENT		28eb1a3f-1c15-4a95-931a-4af90ecb574d	45.679608	-75.856925	4.0						2023-07-30T12:57:58	30	7	2023	9225326	9225326	HUMAN_OBSERVATION	iNaturalist	Observations	175866310		Celine Perrier	2023-07-31T02:27:50	CC_BY_NC_4_0	Celine Perrier	Celine Perrier			2025-01-14T14:11:01.023Z	StillImage	COORDINATE_ROUNDED;CONTINENT_DERIVED_FROM_COORDINATES;TAXON_MATCH_TAXON_ID_IGNORED
4171861781	50c9509d-22c7-4a22-a47d-8c48425ef4a7	https://www.inaturalist.org/observations/176037712	Fungi	Basidiomycota	Agaricomycetes	Boletales	Boletaceae	Strobilomyces	Strobilomyces strobilaceus		SPECIES	Strobilomyces strobilaceus (Scop.) Berk.	Strobilomyces strobilaceus		CA		Ontario	PRESENT		28eb1a3f-1c15-4a95-931a-4af90ecb574d	45.466317	-75.982117	4.0						2023-07-31T16:25:38	31	7	2023	9225326	9225326	HUMAN_OBSERVATION	iNaturalist	Observations	176037712		timdunrobin	2023-08-01T01:42:07	CC_BY_NC_4_0	timdunrobin	timdunrobin			2025-01-14T13:31:51.386Z	StillImage	COORDINATE_ROUNDED;CONTINENT_DERIVED_FROM_COORDINATES;TAXON_MATCH_TAXON_ID_IGNORED
4171835681	50c9509d-22c7-4a22-a47d-8c48425ef4a7	https://www.inaturalist.org/observations/175764745	Fungi	Basidiomycota	Agaricomycetes	Boletales	Boletaceae	Strobilomyces	Strobilomyces strobilaceus		SPECIES	Strobilomyces strobilaceus (Scop.) Berk.	Strobilomyces strobilaceus		CA		Québec	PRESENT		28eb1a3f-1c15-4a95-931a-4af90ecb574d	45.857833	-74.783263	4.0						2023-07-30T11:48:01	30	7	2023	9225326	9225326	HUMAN_OBSERVATION	iNaturalist	Observations	175764745		Charlie S	2023-07-30T17:07:05	CC_BY_NC_4_0	Charlie S	Charlie S			2025-01-14T13:28:07.322Z	StillImage	COORDINATE_ROUNDED;CONTINENT_DERIVED_FROM_COORDINATES;TAXON_MATCH_TAXON_ID_IGNORED
4171832213	50c9509d-22c7-4a22-a47d-8c48425ef4a7	https://www.inaturalist.org/observations/176207916	Fungi	Basidiomycota	Agaricomycetes	Boletales	Boletaceae	Strobilomyces	Strobilomyces strobilaceus		SPECIES	Strobilomyces strobilaceus (Scop.) Berk.	Strobilomyces strobilaceus		CA		Québec	PRESENT		28eb1a3f-1c15-4a95-931a-4af90ecb574d	46.886295	-71.102	54.0						2023-08-01T15:52:59	1	8	2023	9225326	9225326	HUMAN_OBSERVATION	iNaturalist	Observations	176207916		Camille Boucher	2023-08-02T01:39:34	CC_BY_NC_4_0	Camille Boucher	Camille Boucher			2025-01-14T13:31:31.489Z	StillImage	COORDINATE_ROUNDED;CONTINENT_DERIVED_FROM_COORDINATES;TAXON_MATCH_TAXON_ID_IGNORED
4171827304	50c9509d-22c7-4a22-a47d-8c48425ef4a7	https://www.inaturalist.org/observations/175657961	Fungi	Basidiomycota	Agaricomycetes	Boletales	Boletaceae	Strobilomyces	Strobilomyces strobilaceus		SPECIES	Strobilomyces strobilaceus (Scop.) Berk.	Strobilomyces strobilaceus		CA		Québec	PRESENT		28eb1a3f-1c15-4a95-931a-4af90ecb574d	45.5352	-75.992584	20.0						2023-07-29T13:28	29	7	2023	9225326	9225326	HUMAN_OBSERVATION	iNaturalist	Observations	175657961		Serguei Ponomarenko	2023-07-30T02:39:11	CC_BY_NC_4_0	Serguei Ponomarenko	Serguei Ponomarenko			2025-01-14T13:26:08.493Z	StillImage	COORDINATE_ROUNDED;CONTINENT_DERIVED_FROM_COORDINATES;TAXON_MATCH_TAXON_ID_IGNORED
4171793989	50c9509d-22c7-4a22-a47d-8c48425ef4a7	https://www.inaturalist.org/observations/176769111	Fungi	Basidiomycota	Agaricomycetes	Boletales	Boletaceae	Strobilomyces	Strobilomyces strobilaceus		SPECIES	Strobilomyces strobilaceus (Scop.) Berk.	Strobilomyces strobilaceus		CA		Québec	PRESENT		28eb1a3f-1c15-4a95-931a-4af90ecb574d	45.381428	-74.181083	7.0						2023-08-05T10:09:35	5	8	2023	9225326	9225326	HUMAN_OBSERVATION	iNaturalist	Observations	176769111		l_bienvenue	2023-08-05T14:10:11	CC_BY_NC_4_0	l_bienvenue	l_bienvenue			2025-01-14T12:39:49.317Z	StillImage	COORDINATE_ROUNDED;CONTINENT_DERIVED_FROM_COORDINATES;TAXON_MATCH_TAXON_ID_IGNORED
4171650831	50c9509d-22c7-4a22-a47d-8c48425ef4a7	https://www.inaturalist.org/observations/175117922	Fungi	Basidiomycota	Agaricomycetes	Boletales	Boletaceae	Strobilomyces	Strobilomyces strobilaceus		SPECIES	Strobilomyces strobilaceus (Scop.) Berk.	Strobilomyces strobilaceus		CA		Ontario	PRESENT		28eb1a3f-1c15-4a95-931a-4af90ecb574d	45.516594	-75.343394	11.0						2023-07-26T10:55:01	26	7	2023	9225326	9225326	HUMAN_OBSERVATION	iNaturalist	Observations	175117922		rachelann37	2023-07-27T02:27:24	CC_BY_NC_4_0	kevinwallace	kevinwallace			2025-01-14T13:28:10.215Z	StillImage	COORDINATE_ROUNDED;CONTINENT_DERIVED_FROM_COORDINATES;TAXON_MATCH_TAXON_ID_IGNORED
4171619263	50c9509d-22c7-4a22-a47d-8c48425ef4a7	https://www.inaturalist.org/observations/175586723	Fungi	Basidiomycota	Agaricomycetes	Boletales	Boletaceae	Strobilomyces	Strobilomyces strobilaceus		SPECIES	Strobilomyces strobilaceus (Scop.) Berk.	Strobilomyces strobilaceus		CA		Québec	PRESENT		28eb1a3f-1c15-4a95-931a-4af90ecb574d	45.489867	-75.626592							2023-07-29T10:03	29	7	2023	9225326	9225326	HUMAN_OBSERVATION	iNaturalist	Observations	175586723		Igor Khomenko	2023-07-29T18:33:51	CC_BY_NC_4_0	Igor Khomenko	Igor Khomenko			2025-01-14T13:31:40.629Z	StillImage	COORDINATE_ROUNDED;CONTINENT_DERIVED_FROM_COORDINATES;TAXON_MATCH_TAXON_ID_IGNORED
4171555733	50c9509d-22c7-4a22-a47d-8c48425ef4a7	https://www.inaturalist.org/observations/175306400	Fungi	Basidiomycota	Agaricomycetes	Boletales	Boletaceae	Strobilomyces	Strobilomyces strobilaceus		SPECIES	Strobilomyces strobilaceus (Scop.) Berk.	Strobilomyces strobilaceus		CA		Québec	PRESENT		28eb1a3f-1c15-4a95-931a-4af90ecb574d	45.879994	-74.079058							2023-07-23T10:11	23	7	2023	9225326	9225326	HUMAN_OBSERVATION	iNaturalist	Observations	175306400		weilival	2023-07-28T02:17:55	CC_BY_NC_4_0	weilival	weilival			2025-01-14T12:39:31.620Z	StillImage	COORDINATE_ROUNDED;CONTINENT_DERIVED_FROM_COORDINATES;TAXON_MATCH_TAXON_ID_IGNORED
4171483406	50c9509d-22c7-4a22-a47d-8c48425ef4a7	https://www.inaturalist.org/observations/174950363	Fungi	Basidiomycota	Agaricomycetes	Boletales	Boletaceae	Strobilomyces	Strobilomyces strobilaceus		SPECIES	Strobilomyces strobilaceus (Scop.) Berk.	Strobilomyces strobilaceus		CA		Québec	PRESENT		28eb1a3f-1c15-4a95-931a-4af90ecb574d	45.907593	-73.886749	16.0						2023-07-25T19:19:27	25	7	2023	9225326	9225326	HUMAN_OBSERVATION	iNaturalist	Observations	174950363		naatasha	2023-07-25T23:19:42	CC_BY_NC_4_0	naatasha	naatasha			2025-01-14T12:37:48.992Z	StillImage	COORDINATE_ROUNDED;CONTINENT_DERIVED_FROM_COORDINATES;TAXON_MATCH_TAXON_ID_IGNORED
4171352035	50c9509d-22c7-4a22-a47d-8c48425ef4a7	https://www.inaturalist.org/observations/174957256	Fungi	Basidiomycota	Agaricomycetes	Boletales	Boletaceae	Strobilomyces	Strobilomyces strobilaceus		SPECIES	Strobilomyces strobilaceus (Scop.) Berk.	Strobilomyces strobilaceus		CA		Ontario	PRESENT		28eb1a3f-1c15-4a95-931a-4af90ecb574d	45.124267	-77.320412	5005.0						2023-07-18T13:24:48	18	7	2023	9225326	9225326	HUMAN_OBSERVATION	iNaturalist	Observations	174957256		Julianne Payne	2023-07-26T00:15:53	CC_BY_NC_4_0	Julianne Payne	Julianne Payne			2025-01-14T13:32:09.090Z	StillImage	COORDINATE_ROUNDED;CONTINENT_DERIVED_FROM_COORDINATES;TAXON_MATCH_TAXON_ID_IGNORED
4171218849	50c9509d-22c7-4a22-a47d-8c48425ef4a7	https://www.inaturalist.org/observations/174968353	Fungi	Basidiomycota	Agaricomycetes	Boletales	Boletaceae	Strobilomyces	Strobilomyces strobilaceus		SPECIES	Strobilomyces strobilaceus (Scop.) Berk.	Strobilomyces strobilaceus		CA		Québec	PRESENT		28eb1a3f-1c15-4a95-931a-4af90ecb574d	45.552507	-73.471345	327.0						2023-07-23T15:40	23	7	2023	9225326	9225326	HUMAN_OBSERVATION	iNaturalist	Observations	174968353		Antoine Fortin	2023-07-26T01:48:54	CC_BY_NC_4_0	Antoine Fortin	Antoine Fortin			2025-01-14T13:32:05.894Z	StillImage	COORDINATE_ROUNDED;CONTINENT_DERIVED_FROM_COORDINATES;TAXON_MATCH_TAXON_ID_IGNORED
4171150994	50c9509d-22c7-4a22-a47d-8c48425ef4a7	https://www.inaturalist.org/observations/175949088	Fungi	Basidiomycota	Agaricomycetes	Boletales	Boletaceae	Strobilomyces	Strobilomyces strobilaceus		SPECIES	Strobilomyces strobilaceus (Scop.) Berk.	Strobilomyces strobilaceus		CA		Québec	PRESENT		28eb1a3f-1c15-4a95-931a-4af90ecb574d	45.427964	-73.942828							2023-07-30T15:27:48	30	7	2023	9225326	9225326	HUMAN_OBSERVATION	iNaturalist	Observations	175949088		Don-Jean Leandri-Breton	2023-07-31T15:49:54	CC_BY_NC_4_0	Don-Jean Leandri-Breton	Don-Jean Leandri-Breton			2025-01-14T12:38:09.456Z		COORDINATE_ROUNDED;CONTINENT_DERIVED_FROM_COORDINATES;TAXON_MATCH_TAXON_ID_IGNORED
4171145276	50c9509d-22c7-4a22-a47d-8c48425ef4a7	https://www.inaturalist.org/observations/176297639	Fungi	Basidiomycota	Agaricomycetes	Boletales	Boletaceae	Strobilomyces	Strobilomyces strobilaceus		SPECIES	Strobilomyces strobilaceus (Scop.) Berk.	Strobilomyces strobilaceus		CA		Ontario	PRESENT		28eb1a3f-1c15-4a95-931a-4af90ecb574d	45.20513	-76.225288	35.0						2023-08-01T11:45:58	1	8	2023	9225326	9225326	HUMAN_OBSERVATION	iNaturalist	Observations	176297639		Ken Allison	2023-08-02T16:56:24	CC_BY_NC_4_0	Ken Allison	Ken Allison			2025-01-14T13:31:42.700Z	StillImage	COORDINATE_ROUNDED;CONTINENT_DERIVED_FROM_COORDINATES;TAXON_MATCH_TAXON_ID_IGNORED
4165820334	50c9509d-22c7-4a22-a47d-8c48425ef4a7	https://www.inaturalist.org/observations/174076037	Fungi	Basidiomycota	Agaricomycetes	Boletales	Boletaceae	Strobilomyces	Strobilomyces strobilaceus		SPECIES	Strobilomyces strobilaceus (Scop.) Berk.	Strobilomyces strobilaceus		CA		Québec	PRESENT		28eb1a3f-1c15-4a95-931a-4af90ecb574d	45.432613	-74.31398	5.0						2023-07-20T10:55:28	20	7	2023	9225326	9225326	HUMAN_OBSERVATION	iNaturalist	Observations	174076037		vincent_dumontier	2023-07-21T10:57:11	CC_BY_NC_4_0	vincent_dumontier	vincent_dumontier			2025-01-14T12:40:17.039Z	StillImage	COORDINATE_ROUNDED;CONTINENT_DERIVED_FROM_COORDINATES;TAXON_MATCH_TAXON_ID_IGNORED
4165791338	50c9509d-22c7-4a22-a47d-8c48425ef4a7	https://www.inaturalist.org/observations/174813132	Fungi	Basidiomycota	Agaricomycetes	Boletales	Boletaceae	Strobilomyces	Strobilomyces strobilaceus		SPECIES	Strobilomyces strobilaceus (Scop.) Berk.	Strobilomyces strobilaceus		CA		Québec	PRESENT		28eb1a3f-1c15-4a95-931a-4af90ecb574d	45.887817	-74.253608							2023-07-22T13:24:13	22	7	2023	9225326	9225326	HUMAN_OBSERVATION	iNaturalist	Observations	174813132		Pascal Cote	2023-07-25T04:57:22	CC_BY_NC_4_0	Pascal Cote	Pascal Cote			2025-01-14T12:36:48.976Z	StillImage	COORDINATE_ROUNDED;CONTINENT_DERIVED_FROM_COORDINATES;TAXON_MATCH_TAXON_ID_IGNORED
4165725539	50c9509d-22c7-4a22-a47d-8c48425ef4a7	https://www.inaturalist.org/observations/174541659	Fungi	Basidiomycota	Agaricomycetes	Boletales	Boletaceae	Strobilomyces	Strobilomyces strobilaceus		SPECIES	Strobilomyces strobilaceus (Scop.) Berk.	Strobilomyces strobilaceus		CA		Ontario	PRESENT		28eb1a3f-1c15-4a95-931a-4af90ecb574d	45.199207	-76.23796							2023-07-23T14:20	23	7	2023	9225326	9225326	HUMAN_OBSERVATION	iNaturalist	Observations	174541659		almonteallisons	2023-07-23T19:40:13	CC_BY_NC_4_0	almonteallisons	almonteallisons			2025-01-14T13:28:27.231Z	StillImage	COORDINATE_ROUNDED;CONTINENT_DERIVED_FROM_COORDINATES;TAXON_MATCH_TAXON_ID_IGNORED
4165623023	50c9509d-22c7-4a22-a47d-8c48425ef4a7	https://www.inaturalist.org/observations/173768925	Fungi	Basidiomycota	Agaricomycetes	Boletales	Boletaceae	Strobilomyces	Strobilomyces strobilaceus		SPECIES	Strobilomyces strobilaceus (Scop.) Berk.	Strobilomyces strobilaceus		CA		Québec	PRESENT		28eb1a3f-1c15-4a95-931a-4af90ecb574d	46.001616	-75.084452	24.0						2023-07-19T10:23:51	19	7	2023	9225326	9225326	HUMAN_OBSERVATION	iNaturalist	Observations	173768925		gabboilard	2023-07-19T14:26:02	CC_BY_NC_4_0	gabboilard	gabboilard			2025-01-14T12:38:45.544Z	StillImage	COORDINATE_ROUNDED;CONTINENT_DERIVED_FROM_COORDINATES;TAXON_MATCH_TAXON_ID_IGNORED
4165485046	50c9509d-22c7-4a22-a47d-8c48425ef4a7	https://www.inaturalist.org/observations/173821948	Fungi	Basidiomycota	Agaricomycetes	Boletales	Boletaceae	Strobilomyces	Strobilomyces strobilaceus		SPECIES	Strobilomyces strobilaceus (Scop.) Berk.	Strobilomyces strobilaceus		CA		Québec	PRESENT		28eb1a3f-1c15-4a95-931a-4af90ecb574d	45.477874	-74.042526	3732.0						2023-07-19T10:43:12	19	7	2023	9225326	9225326	HUMAN_OBSERVATION	iNaturalist	Observations	173821948		Ryan Young	2023-07-19T19:54:36	CC_BY_NC_4_0	Ryan Young	Ryan Young			2025-01-14T12:39:54.182Z	StillImage	COORDINATE_ROUNDED;CONTINENT_DERIVED_FROM_COORDINATES;TAXON_MATCH_TAXON_ID_IGNORED
4165342767	50c9509d-22c7-4a22-a47d-8c48425ef4a7	https://www.inaturalist.org/observations/173012852	Fungi	Basidiomycota	Agaricomycetes	Boletales	Boletaceae	Strobilomyces	Strobilomyces strobilaceus		SPECIES	Strobilomyces strobilaceus (Scop.) Berk.	Strobilomyces strobilaceus		CA		Québec	PRESENT		28eb1a3f-1c15-4a95-931a-4af90ecb574d	45.552365	-73.470142	369.0						2023-07-14T10:41	14	7	2023	9225326	9225326	HUMAN_OBSERVATION	iNaturalist	Observations	173012852		Antoine Fortin	2023-07-15T14:07:14	CC_BY_NC_4_0	Antoine Fortin	Antoine Fortin			2025-01-14T13:28:16.233Z	StillImage	COORDINATE_ROUNDED;CONTINENT_DERIVED_FROM_COORDINATES;TAXON_MATCH_TAXON_ID_IGNORED
4162097097	50c9509d-22c7-4a22-a47d-8c48425ef4a7	https://www.inaturalist.org/observations/173491788	Fungi	Basidiomycota	Agaricomycetes	Boletales	Boletaceae	Strobilomyces	Strobilomyces strobilaceus		SPECIES	Strobilomyces strobilaceus (Scop.) Berk.	Strobilomyces strobilaceus		CA		Québec	PRESENT		28eb1a3f-1c15-4a95-931a-4af90ecb574d	45.567801	-75.716656	180.0						2023-07-17T17:32:37	17	7	2023	9225326	9225326	HUMAN_OBSERVATION	iNaturalist	Observations	173491788		Philippe Samborski	2023-07-17T21:50:33	CC_BY_NC_4_0	Philippe Samborski	Philippe Samborski			2025-01-14T12:39:35.508Z	StillImage	COORDINATE_ROUNDED;CONTINENT_DERIVED_FROM_COORDINATES;TAXON_MATCH_TAXON_ID_IGNORED
4153856307	50c9509d-22c7-4a22-a47d-8c48425ef4a7	https://www.inaturalist.org/observations/171821349	Fungi	Basidiomycota	Agaricomycetes	Boletales	Boletaceae	Strobilomyces	Strobilomyces strobilaceus		SPECIES	Strobilomyces strobilaceus (Scop.) Berk.	Strobilomyces strobilaceus		CA		Québec	PRESENT		28eb1a3f-1c15-4a95-931a-4af90ecb574d	45.548742	-73.467228	31.0						2023-07-08T10:50	8	7	2023	9225326	9225326	HUMAN_OBSERVATION	iNaturalist	Observations	171821349		Antoine Fortin	2023-07-08T20:38:48	CC_BY_NC_4_0	Antoine Fortin	Antoine Fortin			2025-01-14T12:43:10.782Z	StillImage	COORDINATE_ROUNDED;CONTINENT_DERIVED_FROM_COORDINATES;TAXON_MATCH_TAXON_ID_IGNORED
4137654239	50c9509d-22c7-4a22-a47d-8c48425ef4a7	https://www.inaturalist.org/observations/168182632	Fungi	Basidiomycota	Agaricomycetes	Boletales	Boletaceae	Strobilomyces	Strobilomyces strobilaceus		SPECIES	Strobilomyces strobilaceus (Scop.) Berk.	Strobilomyces strobilaceus		CA		Ontario	PRESENT		28eb1a3f-1c15-4a95-931a-4af90ecb574d	45.393068	-77.338598	20.0						2015-09-23	23	9	2015	9225326	9225326	HUMAN_OBSERVATION	iNaturalist	Observations	168182632		Daryl Coulson	2023-06-18T21:46:46	CC_BY_NC_4_0	Daryl Coulson	Daryl Coulson			2025-01-14T12:35:13.161Z	StillImage	COORDINATE_ROUNDED;CONTINENT_DERIVED_FROM_COORDINATES;TAXON_MATCH_TAXON_ID_IGNORED
4126756305	50c9509d-22c7-4a22-a47d-8c48425ef4a7	http://www.inaturalist.org/observations/2690208	Fungi	Basidiomycota	Agaricomycetes	Boletales	Boletaceae	Strobilomyces	Strobilomyces strobilaceus		SPECIES	Strobilomyces strobilaceus (Scop.) Berk.	Strobilomyces strobilaceus		CA		Ontario	PRESENT		28eb1a3f-1c15-4a95-931a-4af90ecb574d	45.172565	-76.257183	100.0						2013-07-23	23	7	2013	9225326	9225326	HUMAN_OBSERVATION	iNaturalist	Observations	2690208		Owen Clarkin	2020-08-21T07:19:45	CC_BY_NC_4_0	Owen Clarkin	Owen Clarkin			2025-01-14T12:03:27.347Z	StillImage	CONTINENT_DERIVED_FROM_COORDINATES;TAXON_MATCH_TAXON_ID_IGNORED
4103197424	50c9509d-22c7-4a22-a47d-8c48425ef4a7	https://www.inaturalist.org/observations/127285046	Fungi	Basidiomycota	Agaricomycetes	Boletales	Boletaceae	Strobilomyces	Strobilomyces strobilaceus		SPECIES	Strobilomyces strobilaceus (Scop.) Berk.	Strobilomyces strobilaceus		CA		Québec	PRESENT		28eb1a3f-1c15-4a95-931a-4af90ecb574d	45.186111	-72.6175	32.0						2022-07-21T18:20:36	21	7	2022	9225326	9225326	HUMAN_OBSERVATION	iNaturalist	Observations	127285046		Simon	2022-07-21T22:20:42	CC_BY_NC_4_0	Simon	Simon			2025-01-14T13:14:45.516Z	StillImage	COORDINATE_ROUNDED;CONTINENT_DERIVED_FROM_COORDINATES;TAXON_MATCH_TAXON_ID_IGNORED
4099482547	d1a3b128-b406-46bb-a6d1-f3591dcc8a7b	ab7a13ae-386a-45c9-a21c-ad7e27f71312	Fungi	Basidiomycota	Agaricomycetes	Boletales	Boletaceae	Strobilomyces	Strobilomyces strobilaceus		SPECIES	Strobilomyces strobilaceus (Scop.) Berk.	Strobilomyces strobilaceus	(Scop.) Berk.	CA	Duchesnay	Quebec	PRESENT		e43cf4b8-849e-4fac-b075-e652d019d2cf	49.166667	-65.916667	301.0						1938-08-26	26	8	1938	9225326	9225326	PRESERVED_SPECIMEN	BPI		BPI 784216		Groves, J. W.		CC0_1_0		Groves, J. W.			2025-01-15T04:59:42.647Z		GEODETIC_DATUM_ASSUMED_WGS84;CONTINENT_DERIVED_FROM_COORDINATES;TAXON_MATCH_TAXON_ID_IGNORED;INSTITUTION_MATCH_FUZZY
4091558487	50c9509d-22c7-4a22-a47d-8c48425ef4a7	https://www.inaturalist.org/observations/141389399	Fungi	Basidiomycota	Agaricomycetes	Boletales	Boletaceae	Strobilomyces	Strobilomyces strobilaceus		SPECIES	Strobilomyces strobilaceus (Scop.) Berk.	Strobilomyces strobilaceus		CA		New Brunswick	PRESENT		28eb1a3f-1c15-4a95-931a-4af90ecb574d	46.7917	-66.40962							2022-08-21	21	8	2022	9225326	9225326	HUMAN_OBSERVATION	iNaturalist	Observations	141389399		Alex Hood	2022-11-07T18:25:50	CC_BY_NC_4_0	Alex Hood	Alex Hood			2025-01-14T12:33:04.860Z	StillImage	CONTINENT_DERIVED_FROM_COORDINATES;TAXON_MATCH_TAXON_ID_IGNORED
4054825480	50c9509d-22c7-4a22-a47d-8c48425ef4a7	https://www.inaturalist.org/observations/135720985	Fungi	Basidiomycota	Agaricomycetes	Boletales	Boletaceae	Strobilomyces	Strobilomyces strobilaceus		SPECIES	Strobilomyces strobilaceus (Scop.) Berk.	Strobilomyces strobilaceus		CA		Québec	PRESENT		28eb1a3f-1c15-4a95-931a-4af90ecb574d	46.288406	-73.394186	5.0						2022-09-17T09:10:30	17	9	2022	9225326	9225326	HUMAN_OBSERVATION	iNaturalist	Observations	135720985		davlogsdon	2022-09-19T22:50:29	CC_BY_NC_4_0	davlogsdon	davlogsdon			2025-01-14T13:25:31.444Z	StillImage	COORDINATE_ROUNDED;CONTINENT_DERIVED_FROM_COORDINATES;TAXON_MATCH_TAXON_ID_IGNORED
4034802074	50c9509d-22c7-4a22-a47d-8c48425ef4a7	https://www.inaturalist.org/observations/148538036	Fungi	Basidiomycota	Agaricomycetes	Boletales	Boletaceae	Strobilomyces	Strobilomyces strobilaceus		SPECIES	Strobilomyces strobilaceus (Scop.) Berk.	Strobilomyces strobilaceus		CA		Québec	PRESENT		28eb1a3f-1c15-4a95-931a-4af90ecb574d	45.066545	-72.874472	65.0						2022-09-10T10:37:46	10	9	2022	9225326	9225326	HUMAN_OBSERVATION	iNaturalist	Observations	148538036		liliane_bathalon	2023-02-11T19:00:10	CC_BY_NC_4_0	liliane_bathalon	liliane_bathalon			2025-01-14T13:21:10.544Z	StillImage	COORDINATE_ROUNDED;CONTINENT_DERIVED_FROM_COORDINATES;TAXON_MATCH_TAXON_ID_IGNORED
4034689477	50c9509d-22c7-4a22-a47d-8c48425ef4a7	https://www.inaturalist.org/observations/89133781	Fungi	Basidiomycota	Agaricomycetes	Boletales	Boletaceae	Strobilomyces	Strobilomyces strobilaceus		SPECIES	Strobilomyces strobilaceus (Scop.) Berk.	Strobilomyces strobilaceus		CA		Québec	PRESENT		28eb1a3f-1c15-4a95-931a-4af90ecb574d	45.477656	-73.054258	3436.0						2021-07-29T15:43:01	29	7	2021	9225326	9225326	HUMAN_OBSERVATION	iNaturalist	Observations	89133781		vincent_dumontier	2021-07-30T00:27:16	CC_BY_NC_4_0	vincent_dumontier	vincent_dumontier			2025-01-14T13:13:33.401Z	StillImage	COORDINATE_ROUNDED;CONTINENT_DERIVED_FROM_COORDINATES;TAXON_MATCH_TAXON_ID_IGNORED
4018560595	50c9509d-22c7-4a22-a47d-8c48425ef4a7	https://www.inaturalist.org/observations/131073623	Fungi	Basidiomycota	Agaricomycetes	Boletales	Boletaceae	Strobilomyces	Strobilomyces strobilaceus		SPECIES	Strobilomyces strobilaceus (Scop.) Berk.	Strobilomyces strobilaceus		CA		Québec	PRESENT		28eb1a3f-1c15-4a95-931a-4af90ecb574d	46.751239	-71.31331	15.0						2022-08-15T10:52	15	8	2022	9225326	9225326	HUMAN_OBSERVATION	iNaturalist	Observations	131073623		Pierrick Bloin	2022-08-16T14:59:05	CC_BY_NC_4_0	Pierrick Bloin	Pierrick Bloin			2025-01-14T12:33:17.528Z	StillImage	COORDINATE_ROUNDED;CONTINENT_DERIVED_FROM_COORDINATES;TAXON_MATCH_TAXON_ID_IGNORED
3994155691	50c9509d-22c7-4a22-a47d-8c48425ef4a7	https://www.inaturalist.org/observations/143841051	Fungi	Basidiomycota	Agaricomycetes	Boletales	Boletaceae	Strobilomyces	Strobilomyces strobilaceus		SPECIES	Strobilomyces strobilaceus (Scop.) Berk.	Strobilomyces strobilaceus		CA		Québec	PRESENT		28eb1a3f-1c15-4a95-931a-4af90ecb574d	45.025753	-72.71858	357.0						2022-10-06T15:10:15	6	10	2022	9225326	9225326	HUMAN_OBSERVATION	iNaturalist	Observations	143841051		wez	2022-12-07T03:38:12	CC_BY_NC_4_0	wez	wez			2025-01-14T12:32:34.370Z	StillImage	COORDINATE_ROUNDED;CONTINENT_DERIVED_FROM_COORDINATES;TAXON_MATCH_TAXON_ID_IGNORED
3988568945	50c9509d-22c7-4a22-a47d-8c48425ef4a7	https://www.inaturalist.org/observations/143503337	Fungi	Basidiomycota	Agaricomycetes	Boletales	Boletaceae	Strobilomyces	Strobilomyces strobilaceus		SPECIES	Strobilomyces strobilaceus (Scop.) Berk.	Strobilomyces strobilaceus		CA		Québec	PRESENT		28eb1a3f-1c15-4a95-931a-4af90ecb574d	46.91483	-71.233511	61.0						2022-09-11	11	9	2022	9225326	9225326	HUMAN_OBSERVATION	iNaturalist	Observations	143503337		Christian Grenier	2022-12-02T16:35:47	CC_BY_NC_4_0	Christian Grenier	Christian Grenier			2025-01-14T12:32:30.503Z	StillImage	COORDINATE_ROUNDED;CONTINENT_DERIVED_FROM_COORDINATES;TAXON_MATCH_TAXON_ID_IGNORED
3947490456	50c9509d-22c7-4a22-a47d-8c48425ef4a7	https://www.inaturalist.org/observations/91199273	Fungi	Basidiomycota	Agaricomycetes	Boletales	Boletaceae	Strobilomyces	Strobilomyces strobilaceus		SPECIES	Strobilomyces strobilaceus (Scop.) Berk.	Strobilomyces strobilaceus		CA		Ontario	PRESENT		28eb1a3f-1c15-4a95-931a-4af90ecb574d	45.06104	-78.460655							2021-08-14T20:15:11	14	8	2021	9225326	9225326	HUMAN_OBSERVATION	iNaturalist	Observations	91199273		Lee Cumming	2021-08-15T00:35:35	CC_BY_NC_4_0	Lee Cumming	Lee Cumming			2025-01-14T13:13:56.972Z		COORDINATE_ROUNDED;CONTINENT_DERIVED_FROM_COORDINATES;TAXON_MATCH_TAXON_ID_IGNORED
3915585212	50c9509d-22c7-4a22-a47d-8c48425ef4a7	https://www.inaturalist.org/observations/136540542	Fungi	Basidiomycota	Agaricomycetes	Boletales	Boletaceae	Strobilomyces	Strobilomyces strobilaceus		SPECIES	Strobilomyces strobilaceus (Scop.) Berk.	Strobilomyces strobilaceus		CA		Ontario	PRESENT		28eb1a3f-1c15-4a95-931a-4af90ecb574d	45.032656	-76.582089	183.0						2022-09-24T10:34:55	24	9	2022	9225326	9225326	HUMAN_OBSERVATION	iNaturalist	Observations	136540542		Jen Littlejohns	2022-09-26T05:24:50	CC_BY_NC_4_0	Jen Littlejohns	Jen Littlejohns			2025-01-14T12:32:26.477Z	StillImage	COORDINATE_ROUNDED;CONTINENT_DERIVED_FROM_COORDINATES;TAXON_MATCH_TAXON_ID_IGNORED
3915356503	50c9509d-22c7-4a22-a47d-8c48425ef4a7	https://www.inaturalist.org/observations/131899197	Fungi	Basidiomycota	Agaricomycetes	Boletales	Boletaceae	Strobilomyces	Strobilomyces strobilaceus		SPECIES	Strobilomyces strobilaceus (Scop.) Berk.	Strobilomyces strobilaceus		CA		Québec	PRESENT		28eb1a3f-1c15-4a95-931a-4af90ecb574d	46.616226	-72.687333	11726.0						2022-07-31T15:45:45	31	7	2022	9225326	9225326	HUMAN_OBSERVATION	iNaturalist	Observations	131899197		Tania Thiffeault	2022-08-22T16:05:40	CC_BY_NC_4_0	Tania Thiffeault	Tania Thiffeault			2025-01-14T13:30:14.696Z	StillImage	CONTINENT_DERIVED_FROM_COORDINATES;TAXON_MATCH_TAXON_ID_IGNORED
3902825813	50c9509d-22c7-4a22-a47d-8c48425ef4a7	https://www.inaturalist.org/observations/132684318	Fungi	Basidiomycota	Agaricomycetes	Boletales	Boletaceae	Strobilomyces	Strobilomyces strobilaceus		SPECIES	Strobilomyces strobilaceus (Scop.) Berk.	Strobilomyces strobilaceus		CA		Québec	PRESENT		28eb1a3f-1c15-4a95-931a-4af90ecb574d	46.877321	-71.055655	131.0						2022-08-28T10:54:22	28	8	2022	9225326	9225326	HUMAN_OBSERVATION	iNaturalist	Observations	132684318		Ludo Leclerc	2022-08-28T20:40:45	CC_BY_NC_4_0	Ludo Leclerc	Ludo Leclerc			2025-01-14T13:19:42.946Z	StillImage	COORDINATE_ROUNDED;CONTINENT_DERIVED_FROM_COORDINATES;TAXON_MATCH_TAXON_ID_IGNORED
3902817737	50c9509d-22c7-4a22-a47d-8c48425ef4a7	https://www.inaturalist.org/observations/131529587	Fungi	Basidiomycota	Agaricomycetes	Boletales	Boletaceae	Strobilomyces	Strobilomyces strobilaceus		SPECIES	Strobilomyces strobilaceus (Scop.) Berk.	Strobilomyces strobilaceus		CA		Ontario	PRESENT		28eb1a3f-1c15-4a95-931a-4af90ecb574d	45.199453	-76.238786	122.0						2022-08-19T14:11	19	8	2022	9225326	9225326	HUMAN_OBSERVATION	iNaturalist	Observations	131529587		almonteallisons	2022-08-20T02:05:08	CC_BY_NC_4_0	almonteallisons	almonteallisons			2025-01-14T12:32:56.273Z	StillImage	COORDINATE_ROUNDED;CONTINENT_DERIVED_FROM_COORDINATES;TAXON_MATCH_TAXON_ID_IGNORED
3902260450	50c9509d-22c7-4a22-a47d-8c48425ef4a7	https://www.inaturalist.org/observations/130371406	Fungi	Basidiomycota	Agaricomycetes	Boletales	Boletaceae	Strobilomyces	Strobilomyces strobilaceus		SPECIES	Strobilomyces strobilaceus (Scop.) Berk.	Strobilomyces strobilaceus		CA		Québec	PRESENT		28eb1a3f-1c15-4a95-931a-4af90ecb574d	46.419062	-72.521103	10.0						2022-08-10T12:33:32	10	8	2022	9225326	9225326	HUMAN_OBSERVATION	iNaturalist	Observations	130371406		vincent_dumontier	2022-08-11T13:43:37	CC_BY_NC_4_0	vincent_dumontier	vincent_dumontier			2025-01-14T13:25:07.311Z	StillImage	COORDINATE_ROUNDED;CONTINENT_DERIVED_FROM_COORDINATES;TAXON_MATCH_TAXON_ID_IGNORED
3889202843	50c9509d-22c7-4a22-a47d-8c48425ef4a7	https://www.inaturalist.org/observations/129453658	Fungi	Basidiomycota	Agaricomycetes	Boletales	Boletaceae	Strobilomyces	Strobilomyces strobilaceus		SPECIES	Strobilomyces strobilaceus (Scop.) Berk.	Strobilomyces strobilaceus		CA		Québec	PRESENT		28eb1a3f-1c15-4a95-931a-4af90ecb574d	45.912753	-76.448094	27095.0						2022-07-29T13:24	29	7	2022	9225326	9225326	HUMAN_OBSERVATION	iNaturalist	Observations	129453658		L Joan Heyding	2022-08-04T20:00:57	CC_BY_NC_4_0	L Joan Heyding	L Joan Heyding			2025-01-14T13:18:19.336Z	StillImage	COORDINATE_ROUNDED;CONTINENT_DERIVED_FROM_COORDINATES;TAXON_MATCH_TAXON_ID_IGNORED
3881800208	50c9509d-22c7-4a22-a47d-8c48425ef4a7	https://www.inaturalist.org/observations/128803252	Fungi	Basidiomycota	Agaricomycetes	Boletales	Boletaceae	Strobilomyces	Strobilomyces strobilaceus		SPECIES	Strobilomyces strobilaceus (Scop.) Berk.	Strobilomyces strobilaceus		CA		Québec	PRESENT		28eb1a3f-1c15-4a95-931a-4af90ecb574d	45.616108	-71.931773	300.0						2022-07-31T10:52:08	31	7	2022	9225326	9225326	HUMAN_OBSERVATION	iNaturalist	Observations	128803252		pierlucmv	2022-07-31T15:00:39	CC_BY_NC_4_0	pierlucmv	pierlucmv			2025-01-14T14:06:16.258Z	StillImage	CONTINENT_DERIVED_FROM_COORDINATES;TAXON_MATCH_TAXON_ID_IGNORED
3881743926	50c9509d-22c7-4a22-a47d-8c48425ef4a7	https://www.inaturalist.org/observations/129041003	Fungi	Basidiomycota	Agaricomycetes	Boletales	Boletaceae	Strobilomyces	Strobilomyces strobilaceus		SPECIES	Strobilomyces strobilaceus (Scop.) Berk.	Strobilomyces strobilaceus		CA		Québec	PRESENT		28eb1a3f-1c15-4a95-931a-4af90ecb574d	45.524571	-74.003493	27158.0						2022-08-01T15:54	1	8	2022	9225326	9225326	HUMAN_OBSERVATION	iNaturalist	Observations	129041003		Kilby Gordon	2022-08-01T21:29:04	CC_BY_NC_4_0	Kilby Gordon	Kilby Gordon			2025-01-14T12:30:53.569Z	StillImage	COORDINATE_ROUNDED;CONTINENT_DERIVED_FROM_COORDINATES;TAXON_MATCH_TAXON_ID_IGNORED
3759219830	50c9509d-22c7-4a22-a47d-8c48425ef4a7	https://www.inaturalist.org/observations/106033219	Fungi	Basidiomycota	Agaricomycetes	Boletales	Boletaceae	Strobilomyces	Strobilomyces strobilaceus		SPECIES	Strobilomyces strobilaceus (Scop.) Berk.	Strobilomyces strobilaceus		CA		Québec	PRESENT		28eb1a3f-1c15-4a95-931a-4af90ecb574d	45.456907	-74.059517	27158.0						2021-08-21T15:49	21	8	2021	9225326	9225326	HUMAN_OBSERVATION	iNaturalist	Observations	106033219		Kilby Gordon	2022-02-03T21:36:59	CC_BY_NC_4_0	Kilby Gordon	Kilby Gordon			2025-01-14T12:28:20.451Z	StillImage	COORDINATE_ROUNDED;CONTINENT_DERIVED_FROM_COORDINATES;TAXON_MATCH_TAXON_ID_IGNORED
3759058812	50c9509d-22c7-4a22-a47d-8c48425ef4a7	https://www.inaturalist.org/observations/106033220	Fungi	Basidiomycota	Agaricomycetes	Boletales	Boletaceae	Strobilomyces	Strobilomyces strobilaceus		SPECIES	Strobilomyces strobilaceus (Scop.) Berk.	Strobilomyces strobilaceus		CA		Québec	PRESENT		28eb1a3f-1c15-4a95-931a-4af90ecb574d	45.459183	-74.128426	8.0						2021-08-21T15:28	21	8	2021	9225326	9225326	HUMAN_OBSERVATION	iNaturalist	Observations	106033220		Kilby Gordon	2022-02-03T21:34:14	CC_BY_NC_4_0	Kilby Gordon	Kilby Gordon			2025-01-14T13:17:08.884Z	StillImage	CONTINENT_DERIVED_FROM_COORDINATES;TAXON_MATCH_TAXON_ID_IGNORED
3466235005	50c9509d-22c7-4a22-a47d-8c48425ef4a7	https://www.inaturalist.org/observations/104797086	Fungi	Basidiomycota	Agaricomycetes	Boletales	Boletaceae	Strobilomyces	Strobilomyces strobilaceus		SPECIES	Strobilomyces strobilaceus (Scop.) Berk.	Strobilomyces strobilaceus		CA		Québec	PRESENT		28eb1a3f-1c15-4a95-931a-4af90ecb574d	45.605207	-73.680621	183.0						2021-05-23T15:50Z	23	5	2021	9225326	9225326	HUMAN_OBSERVATION	iNaturalist	Observations	104797086		D. Marullo-Masson	2022-01-12T04:32:15	CC_BY_NC_4_0	D. Marullo-Masson	D. Marullo-Masson			2025-01-14T13:18:15.222Z	StillImage	COORDINATE_ROUNDED;CONTINENT_DERIVED_FROM_COORDINATES;TAXON_MATCH_TAXON_ID_IGNORED
3465985692	50c9509d-22c7-4a22-a47d-8c48425ef4a7	https://www.inaturalist.org/observations/104727818	Fungi	Basidiomycota	Agaricomycetes	Boletales	Boletaceae	Strobilomyces	Strobilomyces strobilaceus		SPECIES	Strobilomyces strobilaceus (Scop.) Berk.	Strobilomyces strobilaceus		CA		Québec	PRESENT		28eb1a3f-1c15-4a95-931a-4af90ecb574d	45.840782	-76.570623	27095.0						2021-08-10T09:50	10	8	2021	9225326	9225326	HUMAN_OBSERVATION	iNaturalist	Observations	104727818		L Joan Heyding	2022-01-10T22:12:41	CC_BY_NC_4_0	L Joan Heyding	L Joan Heyding			2025-01-14T13:18:09.874Z	StillImage	COORDINATE_ROUNDED;CONTINENT_DERIVED_FROM_COORDINATES;TAXON_MATCH_TAXON_ID_IGNORED
3465971978	50c9509d-22c7-4a22-a47d-8c48425ef4a7	https://www.inaturalist.org/observations/104724048	Fungi	Basidiomycota	Agaricomycetes	Boletales	Boletaceae	Strobilomyces	Strobilomyces strobilaceus		SPECIES	Strobilomyces strobilaceus (Scop.) Berk.	Strobilomyces strobilaceus		CA		Québec	PRESENT		28eb1a3f-1c15-4a95-931a-4af90ecb574d	45.984167	-76.492792	27095.0						2021-08-09T11:23	9	8	2021	9225326	9225326	HUMAN_OBSERVATION	iNaturalist	Observations	104724048		L Joan Heyding	2022-01-10T20:54:51	CC_BY_NC_4_0	L Joan Heyding	L Joan Heyding			2025-01-14T12:25:25.088Z	StillImage	COORDINATE_ROUNDED;CONTINENT_DERIVED_FROM_COORDINATES;TAXON_MATCH_TAXON_ID_IGNORED
3355360945	50c9509d-22c7-4a22-a47d-8c48425ef4a7	https://www.inaturalist.org/observations/92733627	Fungi	Basidiomycota	Agaricomycetes	Boletales	Boletaceae	Strobilomyces	Strobilomyces strobilaceus		SPECIES	Strobilomyces strobilaceus (Scop.) Berk.	Strobilomyces strobilaceus		CA		Québec	PRESENT		28eb1a3f-1c15-4a95-931a-4af90ecb574d	45.92294	-76.495052	27095.0						2021-08-09T11:23	9	8	2021	9225326	9225326	HUMAN_OBSERVATION	iNaturalist	Observations	92733627		L Joan Heyding	2021-08-28T01:39:06	CC_BY_NC_4_0	L Joan Heyding	L Joan Heyding			2025-01-14T12:20:36.588Z	StillImage	COORDINATE_ROUNDED;CONTINENT_DERIVED_FROM_COORDINATES;TAXON_MATCH_TAXON_ID_IGNORED;MULTIMEDIA_URI_INVALID
3355041631	50c9509d-22c7-4a22-a47d-8c48425ef4a7	https://www.inaturalist.org/observations/88991875	Fungi	Basidiomycota	Agaricomycetes	Boletales	Boletaceae	Strobilomyces	Strobilomyces strobilaceus		SPECIES	Strobilomyces strobilaceus (Scop.) Berk.	Strobilomyces strobilaceus		CA		Québec	PRESENT		28eb1a3f-1c15-4a95-931a-4af90ecb574d	46.298325	-72.530998	149.0						2021-07-28T17:53:21	28	7	2021	9225326	9225326	HUMAN_OBSERVATION	iNaturalist	Observations	88991875		Cindy	2021-07-28T21:53:28	CC_BY_NC_4_0	Cindy	Cindy			2025-01-14T12:19:47.685Z	StillImage	COORDINATE_ROUNDED;CONTINENT_DERIVED_FROM_COORDINATES;TAXON_MATCH_TAXON_ID_IGNORED
3343955118	50c9509d-22c7-4a22-a47d-8c48425ef4a7	https://www.inaturalist.org/observations/92500768	Fungi	Basidiomycota	Agaricomycetes	Boletales	Boletaceae	Strobilomyces	Strobilomyces strobilaceus		SPECIES	Strobilomyces strobilaceus (Scop.) Berk.	Strobilomyces strobilaceus		CA		Ontario	PRESENT		28eb1a3f-1c15-4a95-931a-4af90ecb574d	45.36602	-75.192772	31.0						2021-08-24T13:12	24	8	2021	9225326	9225326	HUMAN_OBSERVATION	iNaturalist	Observations	92500768		aray99	2021-08-26T12:33:37	CC_BY_4_0	christine123	christine123			2025-01-14T12:21:11.489Z	StillImage	COORDINATE_ROUNDED;CONTINENT_DERIVED_FROM_COORDINATES;TAXON_MATCH_TAXON_ID_IGNORED
3338163874	50c9509d-22c7-4a22-a47d-8c48425ef4a7	https://www.inaturalist.org/observations/91161748	Fungi	Basidiomycota	Agaricomycetes	Boletales	Boletaceae	Strobilomyces	Strobilomyces strobilaceus		SPECIES	Strobilomyces strobilaceus (Scop.) Berk.	Strobilomyces strobilaceus		CA		Québec	PRESENT		28eb1a3f-1c15-4a95-931a-4af90ecb574d	45.459167	-74.148889							2020-09-10T20:36	10	9	2020	9225326	9225326	HUMAN_OBSERVATION	iNaturalist	Observations	91161748		Kilby Gordon	2021-08-14T19:36:33	CC_BY_NC_4_0	Kilby Gordon	Kilby Gordon			2025-01-14T12:21:58.490Z	StillImage	COORDINATE_ROUNDED;CONTINENT_DERIVED_FROM_COORDINATES;TAXON_MATCH_TAXON_ID_IGNORED
3338124164	50c9509d-22c7-4a22-a47d-8c48425ef4a7	https://www.inaturalist.org/observations/91122455	Fungi	Basidiomycota	Agaricomycetes	Boletales	Boletaceae	Strobilomyces	Strobilomyces strobilaceus		SPECIES	Strobilomyces strobilaceus (Scop.) Berk.	Strobilomyces strobilaceus		CA		Ontario	PRESENT		28eb1a3f-1c15-4a95-931a-4af90ecb574d	45.07854	-78.707739	4.0						2021-08-14T10:42:53	14	8	2021	9225326	9225326	HUMAN_OBSERVATION	iNaturalist	Observations	91122455		Dan Riskin	2021-08-14T14:57:11	CC_BY_4_0	Dan Riskin	Dan Riskin			2025-01-14T13:13:41.752Z	StillImage	COORDINATE_ROUNDED;CONTINENT_DERIVED_FROM_COORDINATES;TAXON_MATCH_TAXON_ID_IGNORED
3338073984	50c9509d-22c7-4a22-a47d-8c48425ef4a7	https://www.inaturalist.org/observations/91443442	Fungi	Basidiomycota	Agaricomycetes	Boletales	Boletaceae	Strobilomyces	Strobilomyces strobilaceus		SPECIES	Strobilomyces strobilaceus (Scop.) Berk.	Strobilomyces strobilaceus		CA		Québec	PRESENT		28eb1a3f-1c15-4a95-931a-4af90ecb574d	45.156598	-72.731908	27222.0						2021-08-15T18:36:48	15	8	2021	9225326	9225326	HUMAN_OBSERVATION	iNaturalist	Observations	91443442		wez	2021-08-16T19:17:18	CC_BY_NC_4_0	wez	wez			2025-01-14T13:13:55.909Z	StillImage	COORDINATE_ROUNDED;CONTINENT_DERIVED_FROM_COORDINATES;TAXON_MATCH_TAXON_ID_IGNORED
3337485669	50c9509d-22c7-4a22-a47d-8c48425ef4a7	https://www.inaturalist.org/observations/89397748	Fungi	Basidiomycota	Agaricomycetes	Boletales	Boletaceae	Strobilomyces	Strobilomyces strobilaceus		SPECIES	Strobilomyces strobilaceus (Scop.) Berk.	Strobilomyces strobilaceus		CA		Ontario	PRESENT		28eb1a3f-1c15-4a95-931a-4af90ecb574d	45.122436	-77.839289							2021-07-31T17:07:49	31	7	2021	9225326	9225326	HUMAN_OBSERVATION	iNaturalist	Observations	89397748		Kim	2021-07-31T22:47:23	CC_BY_NC_4_0	Kim	Kim			2025-01-14T12:19:53.298Z	StillImage	COORDINATE_ROUNDED;CONTINENT_DERIVED_FROM_COORDINATES;TAXON_MATCH_TAXON_ID_IGNORED
3337439820	50c9509d-22c7-4a22-a47d-8c48425ef4a7	https://www.inaturalist.org/observations/89642957	Fungi	Basidiomycota	Agaricomycetes	Boletales	Boletaceae	Strobilomyces	Strobilomyces strobilaceus		SPECIES	Strobilomyces strobilaceus (Scop.) Berk.	Strobilomyces strobilaceus		CA		Québec	PRESENT		28eb1a3f-1c15-4a95-931a-4af90ecb574d	46.329253	-75.522248	4.0						2021-08-02T10:46:56	2	8	2021	9225326	9225326	HUMAN_OBSERVATION	iNaturalist	Observations	89642957		lb1977	2021-08-02T14:53:45	CC_BY_NC_4_0	lb1977	lb1977			2025-01-14T13:12:55.637Z	StillImage	COORDINATE_ROUNDED;CONTINENT_DERIVED_FROM_COORDINATES;TAXON_MATCH_TAXON_ID_IGNORED
3337434130	50c9509d-22c7-4a22-a47d-8c48425ef4a7	https://www.inaturalist.org/observations/90197723	Fungi	Basidiomycota	Agaricomycetes	Boletales	Boletaceae	Strobilomyces	Strobilomyces strobilaceus		SPECIES	Strobilomyces strobilaceus (Scop.) Berk.	Strobilomyces strobilaceus		CA		Québec	PRESENT		28eb1a3f-1c15-4a95-931a-4af90ecb574d	45.803403	-75.788995	20.0						2021-08-06T15:56:16	6	8	2021	9225326	9225326	HUMAN_OBSERVATION	iNaturalist	Observations	90197723		itschana	2021-08-06T22:33:54	CC_BY_NC_4_0	itschana	itschana			2025-01-14T12:21:04.610Z	StillImage	COORDINATE_ROUNDED;CONTINENT_DERIVED_FROM_COORDINATES;TAXON_MATCH_TAXON_ID_IGNORED
3337424786	50c9509d-22c7-4a22-a47d-8c48425ef4a7	https://www.inaturalist.org/observations/90214500	Fungi	Basidiomycota	Agaricomycetes	Boletales	Boletaceae	Strobilomyces	Strobilomyces strobilaceus		SPECIES	Strobilomyces strobilaceus (Scop.) Berk.	Strobilomyces strobilaceus		CA		Québec	PRESENT		28eb1a3f-1c15-4a95-931a-4af90ecb574d	45.498415	-75.848513							2021-08-06T17:37:14	6	8	2021	9225326	9225326	HUMAN_OBSERVATION	iNaturalist	Observations	90214500		Johann Wagner	2021-08-07T01:39:17	CC_BY_NC_4_0	Johann Wagner	Johann Wagner			2025-01-14T12:20:05.744Z	StillImage	COORDINATE_ROUNDED;CONTINENT_DERIVED_FROM_COORDINATES;TAXON_MATCH_TAXON_ID_IGNORED
3333260293	50c9509d-22c7-4a22-a47d-8c48425ef4a7	https://www.inaturalist.org/observations/88835842	Fungi	Basidiomycota	Agaricomycetes	Boletales	Boletaceae	Strobilomyces	Strobilomyces strobilaceus		SPECIES	Strobilomyces strobilaceus (Scop.) Berk.	Strobilomyces strobilaceus		CA		New Brunswick	PRESENT		28eb1a3f-1c15-4a95-931a-4af90ecb574d	46.010078	-66.678872	24.0						2021-07-27T12:14:24	27	7	2021	9225326	9225326	HUMAN_OBSERVATION	iNaturalist	Observations	88835842		Raymonde G Chartier	2021-07-27T17:13:30	CC_BY_NC_4_0	jbilli	jbilli			2025-01-14T13:09:51.433Z	StillImage	COORDINATE_ROUNDED;CONTINENT_DERIVED_FROM_COORDINATES;TAXON_MATCH_TAXON_ID_IGNORED
3079792905	50c9509d-22c7-4a22-a47d-8c48425ef4a7	https://www.inaturalist.org/observations/56243052	Fungi	Basidiomycota	Agaricomycetes	Boletales	Boletaceae	Strobilomyces	Strobilomyces strobilaceus		SPECIES	Strobilomyces strobilaceus (Scop.) Berk.	Strobilomyces strobilaceus		CA		Ontario	PRESENT		28eb1a3f-1c15-4a95-931a-4af90ecb574d	45.408867	-75.561775	16.0						2020-08-12T11:59:43	12	8	2020	9225326	9225326	HUMAN_OBSERVATION	iNaturalist	Observations	56243052		Igor Khomenko	2020-08-21T08:49:22	CC_BY_NC_4_0	Igor Khomenko	Igor Khomenko			2025-01-14T13:09:25.140Z	StillImage	COORDINATE_ROUNDED;CONTINENT_DERIVED_FROM_COORDINATES;TAXON_MATCH_TAXON_ID_IGNORED
2882926316	50c9509d-22c7-4a22-a47d-8c48425ef4a7	https://www.inaturalist.org/observations/15407628	Fungi	Basidiomycota	Agaricomycetes	Boletales	Boletaceae	Strobilomyces	Strobilomyces strobilaceus		SPECIES	Strobilomyces strobilaceus (Scop.) Berk.	Strobilomyces strobilaceus		CA		Ontario	PRESENT		28eb1a3f-1c15-4a95-931a-4af90ecb574d	45.516069	-75.343468	46.0						2018-08-13	13	8	2018	9225326	9225326	HUMAN_OBSERVATION	iNaturalist	Observations	15407628		kevinwallace	2020-08-21T07:26:19	CC_BY_NC_4_0	kevinwallace	kevinwallace			2025-01-14T13:00:51.973Z	StillImage	CONTINENT_DERIVED_FROM_COORDINATES;TAXON_MATCH_TAXON_ID_IGNORED
2856814552	50c9509d-22c7-4a22-a47d-8c48425ef4a7	https://www.inaturalist.org/observations/57788946	Fungi	Basidiomycota	Agaricomycetes	Boletales	Boletaceae	Strobilomyces	Strobilomyces strobilaceus		SPECIES	Strobilomyces strobilaceus (Scop.) Berk.	Strobilomyces strobilaceus		CA		Ontario	PRESENT		28eb1a3f-1c15-4a95-931a-4af90ecb574d	45.01545	-78.035758							2020-08-25T11:07:11	25	8	2020	9225326	9225326	HUMAN_OBSERVATION	iNaturalist	Observations	57788946		daskombi	2020-08-28T00:28:22	CC_BY_NC_4_0	daskombi	daskombi			2025-01-14T13:09:27.854Z	StillImage	COORDINATE_ROUNDED;CONTINENT_DERIVED_FROM_COORDINATES;TAXON_MATCH_TAXON_ID_IGNORED
2856572613	50c9509d-22c7-4a22-a47d-8c48425ef4a7	https://www.inaturalist.org/observations/57124818	Fungi	Basidiomycota	Agaricomycetes	Boletales	Boletaceae	Strobilomyces	Strobilomyces strobilaceus		SPECIES	Strobilomyces strobilaceus (Scop.) Berk.	Strobilomyces strobilaceus		CA		Ontario	PRESENT		28eb1a3f-1c15-4a95-931a-4af90ecb574d	45.587792	-78.365312							2020-08-20T18:15:59	20	8	2020	9225326	9225326	HUMAN_OBSERVATION	iNaturalist	Observations	57124818		Adam Holder	2020-08-21T14:57:30	CC_BY_NC_4_0	Adam Holder	Adam Holder			2025-01-14T13:10:04.060Z	StillImage	COORDINATE_ROUNDED;CONTINENT_DERIVED_FROM_COORDINATES;TAXON_MATCH_TAXON_ID_IGNORED
2818748026	50c9509d-22c7-4a22-a47d-8c48425ef4a7	https://www.inaturalist.org/observations/52857375	Fungi	Basidiomycota	Agaricomycetes	Boletales	Boletaceae	Strobilomyces	Strobilomyces strobilaceus		SPECIES	Strobilomyces strobilaceus (Scop.) Berk.	Strobilomyces strobilaceus		CA		Ontario	PRESENT		28eb1a3f-1c15-4a95-931a-4af90ecb574d	45.501737	-76.103087	100.0						2020-07-12T11:44:48	12	7	2020	9225326	9225326	HUMAN_OBSERVATION	iNaturalist	Observations	52857375		jonathan_mack	2020-08-21T08:31:24	CC_BY_NC_4_0	Owen Clarkin	Owen Clarkin			2025-01-14T13:09:44.827Z	StillImage	CONTINENT_DERIVED_FROM_COORDINATES;TAXON_MATCH_TAXON_ID_IGNORED
2423610870	21705170-d2b6-42de-8904-c3bca4b83591	CMMF018599	Fungi	Basidiomycota	Agaricomycetes	Boletales	Boletaceae	Strobilomyces	Strobilomyces strobilaceus		SPECIES	Strobilomyces floccopus (Vahl) P.Karst.	Strobilomyces floccopus (Vahl) P. Karst.	(Vahl) P. Karst.	CA	St-Lazare	Québec	PRESENT		ff7bd5db-b724-4932-b496-10ea298851f9	45.4	-74.13333	5000.0						1986-10		10	1986	2524329	9225326	PRESERVED_SPECIMEN	Université de Montréal Biodiversity Centre	CMMF	CMMF018599	s.n.	Nantel, Patrick		CC0_1_0	Université de Montréal Biodiversity Centre	Nantel, Patrick			2024-01-24T16:38:18.404Z		INSTITUTION_MATCH_FUZZY;COLLECTION_MATCH_FUZZY;DIFFERENT_OWNER_INSTITUTION
1993707552	50c9509d-22c7-4a22-a47d-8c48425ef4a7	https://www.inaturalist.org/observations/16155621	Fungi	Basidiomycota	Agaricomycetes	Boletales	Boletaceae	Strobilomyces	Strobilomyces strobilaceus		SPECIES	Strobilomyces strobilaceus (Scop.) Berk.	Strobilomyces strobilaceus		CA		Ontario	PRESENT		28eb1a3f-1c15-4a95-931a-4af90ecb574d	45.323654	-75.81166	11.0						2018-09-01T13:04	1	9	2018	9225326	9225326	HUMAN_OBSERVATION	iNaturalist	Observations	16155621		jonathan_mack	2020-08-21T07:50:55	CC_BY_NC_4_0	jonathan_mack	jonathan_mack			2025-01-14T12:06:27.512Z	StillImage	COORDINATE_ROUNDED;CONTINENT_DERIVED_FROM_COORDINATES;TAXON_MATCH_TAXON_ID_IGNORED
1993707433	50c9509d-22c7-4a22-a47d-8c48425ef4a7	https://www.inaturalist.org/observations/16103958	Fungi	Basidiomycota	Agaricomycetes	Boletales	Boletaceae	Strobilomyces	Strobilomyces strobilaceus		SPECIES	Strobilomyces strobilaceus (Scop.) Berk.	Strobilomyces strobilaceus		CA		Québec	PRESENT		28eb1a3f-1c15-4a95-931a-4af90ecb574d	45.644069	-75.651973	2342.0						2018-09-01T12:21	1	9	2018	9225326	9225326	HUMAN_OBSERVATION	iNaturalist	Observations	16103958		jgenest	2020-08-21T07:53:17	CC_BY_NC_4_0	thejasperpatch	thejasperpatch			2025-01-14T12:05:46.193Z	StillImage	COORDINATE_ROUNDED;CONTINENT_DERIVED_FROM_COORDINATES;TAXON_MATCH_TAXON_ID_IGNORED
1920790032	50c9509d-22c7-4a22-a47d-8c48425ef4a7	https://www.inaturalist.org/observations/15967315	Fungi	Basidiomycota	Agaricomycetes	Boletales	Boletaceae	Strobilomyces	Strobilomyces strobilaceus		SPECIES	Strobilomyces strobilaceus (Scop.) Berk.	Strobilomyces strobilaceus		CA		Québec	PRESENT		28eb1a3f-1c15-4a95-931a-4af90ecb574d	45.550037	-73.170368	1261.0						2018-08-16T16:28	16	8	2018	9225326	9225326	HUMAN_OBSERVATION	iNaturalist	Observations	15967315		jgenest	2018-08-30T12:58:51	CC_BY_4_0	Mochii Moth	Mochii Moth			2025-01-14T12:05:46.120Z	StillImage	COORDINATE_ROUNDED;CONTINENT_DERIVED_FROM_COORDINATES;TAXON_MATCH_TAXON_ID_IGNORED
1913202817	50c9509d-22c7-4a22-a47d-8c48425ef4a7	https://www.inaturalist.org/observations/16517468	Fungi	Basidiomycota	Agaricomycetes	Boletales	Boletaceae	Strobilomyces	Strobilomyces strobilaceus		SPECIES	Strobilomyces strobilaceus (Scop.) Berk.	Strobilomyces strobilaceus		CA		Ontario	PRESENT		28eb1a3f-1c15-4a95-931a-4af90ecb574d	45.30653	-79.141073	1058.0						2018-09-12T09:41	12	9	2018	9225326	9225326	HUMAN_OBSERVATION	iNaturalist	Observations	16517468		David LeGros	2020-08-21T07:52:29	CC_BY_NC_4_0	David LeGros	David LeGros			2025-01-14T12:05:51.923Z	StillImage	COORDINATE_ROUNDED;CONTINENT_DERIVED_FROM_COORDINATES;TAXON_MATCH_TAXON_ID_IGNORED
1807258500	e8a25a42-f125-476c-8554-3ec21cd51a84	ACAD:115124	Fungi	Basidiomycota	Agaricomycetes	Boletales	Boletaceae	Strobilomyces	Strobilomyces strobilaceus		SPECIES	Strobilomyces strobilaceus (Scop.) Berk.	Strobilomyces strobilaceus (Scop.) Berk.	(Scop.) Berk.	CA	Nappan	Nova Scotia	PRESENT		6491ad8c-8e49-4bd4-a089-0ddb3bbe0890	45.76967	-64.23783							1938-08-06	6	8	1938	9225326	9225326	PRESERVED_SPECIMEN	Acadia University	ACAD	755F	755	H, KA		CC0_1_0	Acadia University	H, KA			2024-01-25T01:36:59.520Z	StillImage	GEODETIC_DATUM_INVALID;GEODETIC_DATUM_ASSUMED_WGS84;INSTITUTION_MATCH_FUZZY;COLLECTION_MATCH_FUZZY
1701558110	39bd4817-9530-4341-a918-4f16b8db1419	UdeM:CMMF:Blitz2017:117	Fungi	Basidiomycota	Agaricomycetes	Boletales	Boletaceae	Strobilomyces	Strobilomyces strobilaceus		SPECIES	Strobilomyces strobilaceus (Scop.) Berk.	Strobilomyces strobilaceus (Scop.) Berk., 1851	(Scop.) Berk., 1851	CA	Parc des Chutes de Sainte-Ursule	Québec	PRESENT		ff7bd5db-b724-4932-b496-10ea298851f9	46.300422	-73.094321	500.0						2017-08-09	9	8	2017	9225326	9225326	HUMAN_OBSERVATION	Université de Montréal Biodiversity Centre	CMMF			Raymond Archambault et Joseph Nuzzolese	2017-08-09T00:00:00	CC0_1_0		IRBV's graduate students			2024-01-24T17:29:10.494Z		
1412709054	21705170-d2b6-42de-8904-c3bca4b83591	CMMF017559	Fungi	Basidiomycota	Agaricomycetes	Boletales	Boletaceae	Strobilomyces	Strobilomyces strobilaceus		SPECIES	Strobilomyces floccopus (Vahl) P.Karst.	Strobilomyces floccopus (Vahl) P. Karst.	(Vahl) P. Karst.	CA	Île des Soeurs, Québec.	Québec	PRESENT		ff7bd5db-b724-4932-b496-10ea298851f9	45.461124	-73.547316	2000.0						1981-08-13	13	8	1981	2524329	9225326	PRESERVED_SPECIMEN	Université de Montréal Biodiversity Centre	CMMF	CMMF017559	1981-215	Cyr, A.		CC0_1_0	Université de Montréal Biodiversity Centre	Cyr, A.			2024-01-24T16:38:15.801Z		INSTITUTION_MATCH_FUZZY;COLLECTION_MATCH_FUZZY;DIFFERENT_OWNER_INSTITUTION
1412708905	21705170-d2b6-42de-8904-c3bca4b83591	CMMF017392	Fungi	Basidiomycota	Agaricomycetes	Boletales	Boletaceae	Strobilomyces	Strobilomyces strobilaceus		SPECIES	Strobilomyces floccopus (Vahl) P.Karst.	Strobilomyces floccopus (Vahl) P. Karst.	(Vahl) P. Karst.	CA	Île des Soeurs, Québec.	Québec	PRESENT		ff7bd5db-b724-4932-b496-10ea298851f9	45.461124	-73.547316	2000.0						1981-08-21	21	8	1981	2524329	9225326	PRESERVED_SPECIMEN	Université de Montréal Biodiversity Centre	CMMF	CMMF017392	1981-241	Cyr, A.		CC0_1_0	Université de Montréal Biodiversity Centre	Cyr, A.			2024-01-24T16:38:15.706Z		INSTITUTION_MATCH_FUZZY;COLLECTION_MATCH_FUZZY;DIFFERENT_OWNER_INSTITUTION
1412708769	21705170-d2b6-42de-8904-c3bca4b83591	CMMF017278	Fungi	Basidiomycota	Agaricomycetes	Boletales	Boletaceae	Strobilomyces	Strobilomyces strobilaceus		SPECIES	Strobilomyces floccopus (Vahl) P.Karst.	Strobilomyces floccopus (Vahl) P. Karst.	(Vahl) P. Karst.	CA	Arboretum Morgan, Québec.	Québec	PRESENT		ff7bd5db-b724-4932-b496-10ea298851f9	45.43	-73.946667	2500.0						1981-07-30	30	7	1981	2524329	9225326	PRESERVED_SPECIMEN	Université de Montréal Biodiversity Centre	CMMF	CMMF017278	1981-159	McNeil, Raymond		CC0_1_0	Université de Montréal Biodiversity Centre	Cyr, A.			2024-01-24T16:38:15.588Z		COORDINATE_ROUNDED;INSTITUTION_MATCH_FUZZY;COLLECTION_MATCH_FUZZY;DIFFERENT_OWNER_INSTITUTION
1135070345	21705170-d2b6-42de-8904-c3bca4b83591	CMMF008897	Fungi	Basidiomycota	Agaricomycetes	Boletales	Boletaceae	Strobilomyces	Strobilomyces strobilaceus		SPECIES	Strobilomyces strobilaceus (Scop.) Berk.	Strobilomyces strobilaceus (Scop.) Berk.	(Scop.) Berk.	CA	Rue des Acadiens, Québec.	Québec	PRESENT		ff7bd5db-b724-4932-b496-10ea298851f9	46.918501	-71.254455	4000.0						2006-08-08	8	8	2006	9225326	9225326	PRESERVED_SPECIMEN	Université de Montréal Biodiversity Centre	CMMF	CMMF008897	480	Labrecque, Jacqueline		CC0_1_0	Université de Montréal Biodiversity Centre	Labrecque, Jacqueline			2024-01-24T16:38:18.884Z		INSTITUTION_MATCH_FUZZY;COLLECTION_MATCH_FUZZY;DIFFERENT_OWNER_INSTITUTION
1135070280	21705170-d2b6-42de-8904-c3bca4b83591	CMMF008876	Fungi	Basidiomycota	Agaricomycetes	Boletales	Boletaceae	Strobilomyces	Strobilomyces strobilaceus		SPECIES	Strobilomyces strobilaceus (Scop.) Berk.	Strobilomyces strobilaceus (Scop.) Berk.	(Scop.) Berk.	CA	Château Bigot, Québec.	Québec	PRESENT		ff7bd5db-b724-4932-b496-10ea298851f9	46.898375	-71.266801	2000.0						2006-08-03	3	8	2006	9225326	9225326	PRESERVED_SPECIMEN	Université de Montréal Biodiversity Centre	CMMF	CMMF008876	459	Labrecque, Jacqueline		CC0_1_0	Université de Montréal Biodiversity Centre	Labrecque, Jacqueline			2024-01-24T16:38:18.875Z		INSTITUTION_MATCH_FUZZY;COLLECTION_MATCH_FUZZY;DIFFERENT_OWNER_INSTITUTION
1135067966	21705170-d2b6-42de-8904-c3bca4b83591	CMMF006471	Fungi	Basidiomycota	Agaricomycetes	Boletales	Boletaceae	Strobilomyces	Strobilomyces strobilaceus		SPECIES	Strobilomyces strobilaceus (Scop.) Berk.	Strobilomyces strobilaceus (Scop.) Berk.	(Scop.) Berk.	CA	Saint-Lazare	Québec	PRESENT		ff7bd5db-b724-4932-b496-10ea298851f9	45.393333	-74.215833	100.0						2005-10-04	4	10	2005	9225326	9225326	PRESERVED_SPECIMEN	Université de Montréal Biodiversity Centre	CMMF	CMMF006471	C2621	McNeil, Raymond		CC0_1_0	Université de Montréal Biodiversity Centre	McNeil, Raymond			2024-01-24T16:38:19.168Z	StillImage	COORDINATE_ROUNDED;INSTITUTION_MATCH_FUZZY;COLLECTION_MATCH_FUZZY;DIFFERENT_OWNER_INSTITUTION
1135067890	21705170-d2b6-42de-8904-c3bca4b83591	CMMF006479	Fungi	Basidiomycota	Agaricomycetes	Boletales	Boletaceae	Strobilomyces	Strobilomyces strobilaceus		SPECIES	Strobilomyces strobilaceus (Scop.) Berk.	Strobilomyces strobilaceus (Scop.) Berk.	(Scop.) Berk.	CA	Saint-Lazare	Québec	PRESENT		ff7bd5db-b724-4932-b496-10ea298851f9	45.393333	-74.215833	100.0						1977-09-22	22	9	1977	9225326	9225326	PRESERVED_SPECIMEN	Université de Montréal Biodiversity Centre	CMMF	CMMF006479	Inexistant	McNeil, Raymond		CC0_1_0	Université de Montréal Biodiversity Centre	McNeil, Raymond			2024-01-24T16:38:19.143Z	StillImage	COORDINATE_ROUNDED;INSTITUTION_MATCH_FUZZY;COLLECTION_MATCH_FUZZY;DIFFERENT_OWNER_INSTITUTION
