gbifID	datasetKey	occurrenceID	kingdom	phylum	class	order	family	genus	species	infraspecificEpithet	taxonRank	scientificName	verbatimScientificName	verbatimScientificNameAuthorship	countryCode	locality	stateProvince	occurrenceStatus	individualCount	publishingOrgKey	decimalLatitude	decimalLongitude	coordinateUncertaintyInMeters	coordinatePrecision	elevation	elevationAccuracy	depth	depthAccuracy	eventDate	day	month	year	taxonKey	speciesKey	basisOfRecord	institutionCode	collectionCode	catalogNumber	recordNumber	identifiedBy	dateIdentified	license	rightsHolder	recordedBy	typeStatus	establishmentMeans	lastInterpreted	mediaType	issue
617555851	21705170-d2b6-42de-8904-c3bca4b83591	CMMF000996	Fungi	Basidiomycota	Agaricomycetes	Agaricales	Hygrophoraceae	Cuphophyllus	Cuphophyllus pratensis		SPECIES	Hygrocybe pratensis (Pers.) Murrill	Hygrocybe pratensis (Fr.) Murrill	(Fr.) Murrill	CA	Laval	Québec	PRESENT		ff7bd5db-b724-4932-b496-10ea298851f9	45.609608	-73.705867	17500.0						1990-07-11	11	7	1990	3345082	3291564	PRESERVED_SPECIMEN	Université de Montréal Biodiversity Centre	CMMF	CMMF000996		Lamoureux, Yves		CC0_1_0	Université de Montréal Biodiversity Centre	Lamoureux, Yves			2024-01-24T16:38:21.584Z	StillImage	INSTITUTION_MATCH_FUZZY;COLLECTION_MATCH_FUZZY;DIFFERENT_OWNER_INSTITUTION
617551522	21705170-d2b6-42de-8904-c3bca4b83591	CMMF000274	Fungi	Basidiomycota	Agaricomycetes	Agaricales	Hygrophoraceae	Cuphophyllus	Cuphophyllus pratensis		SPECIES	Hygrocybe pratensis (Pers.) Murrill	Hygrocybe pratensis (Fr.) Murrill	(Fr.) Murrill	CA	Montréal	Québec	PRESENT		ff7bd5db-b724-4932-b496-10ea298851f9	45.509625	-73.662984	25000.0						1988-08-31	31	8	1988	3345082	3291564	PRESERVED_SPECIMEN	Université de Montréal Biodiversity Centre	CMMF	CMMF000274		Lamoureux, Yves		CC0_1_0	Université de Montréal Biodiversity Centre	Lamoureux, Yves			2024-01-24T16:38:20.701Z	StillImage	INSTITUTION_MATCH_FUZZY;COLLECTION_MATCH_FUZZY;DIFFERENT_OWNER_INSTITUTION
617549080	21705170-d2b6-42de-8904-c3bca4b83591	CMMF001687	Fungi	Basidiomycota	Agaricomycetes	Agaricales	Hygrophoraceae	Cuphophyllus	Cuphophyllus pratensis		SPECIES	Hygrocybe pratensis (Pers.) Murrill	Hygrocybe pratensis (Fr.) Murrill	(Fr.) Murrill	CA	Saint-Bruno-de-Montarville	Québec	PRESENT		ff7bd5db-b724-4932-b496-10ea298851f9	45.526599	-73.344507	5500.0						1992-07-20	20	7	1992	3345082	3291564	PRESERVED_SPECIMEN	Université de Montréal Biodiversity Centre	CMMF	CMMF001687		Lamoureux, Yves		CC0_1_0	Université de Montréal Biodiversity Centre	Lamoureux, Yves			2024-01-24T16:38:17.702Z	StillImage	INSTITUTION_MATCH_FUZZY;COLLECTION_MATCH_FUZZY;DIFFERENT_OWNER_INSTITUTION
5006956766	50c9509d-22c7-4a22-a47d-8c48425ef4a7	https://www.inaturalist.org/observations/246300896	Fungi	Basidiomycota	Agaricomycetes	Agaricales	Hygrophoraceae	Cuphophyllus	Cuphophyllus pratensis		SPECIES	Cuphophyllus pratensis (Pers.) Bon	Cuphophyllus pratensis		CA		New Brunswick	PRESENT		28eb1a3f-1c15-4a95-931a-4af90ecb574d	46.828964	-64.93278							2024-10-07T12:05:06	7	10	2024	3291564	3291564	HUMAN_OBSERVATION	iNaturalist	Observations	246300896		Kaitlyn Page	2024-10-08T10:51:41	CC_BY_NC_4_0	Kaitlyn Page	Kaitlyn Page			2025-01-14T12:54:39.341Z	StillImage	COORDINATE_ROUNDED;CONTINENT_DERIVED_FROM_COORDINATES;TAXON_MATCH_TAXON_ID_IGNORED
4950300812	50c9509d-22c7-4a22-a47d-8c48425ef4a7	https://www.inaturalist.org/observations/242370505	Fungi	Basidiomycota	Agaricomycetes	Agaricales	Hygrophoraceae	Cuphophyllus	Cuphophyllus pratensis		SPECIES	Cuphophyllus pratensis (Pers.) Bon	Cuphophyllus pratensis		CA		New Brunswick	PRESENT		28eb1a3f-1c15-4a95-931a-4af90ecb574d	45.955875	-66.668456							2024-09-17T15:26:12	17	9	2024	3291564	3291564	HUMAN_OBSERVATION	iNaturalist	Observations	242370505		Sean Rhindress	2024-09-17T21:49:09	CC_BY_NC_4_0	Sean Rhindress	Sean Rhindress			2025-01-14T13:40:43.567Z	StillImage	COORDINATE_ROUNDED;CONTINENT_DERIVED_FROM_COORDINATES;TAXON_MATCH_TAXON_ID_IGNORED
4946704595	50c9509d-22c7-4a22-a47d-8c48425ef4a7	https://www.inaturalist.org/observations/241399376	Fungi	Basidiomycota	Agaricomycetes	Agaricales	Hygrophoraceae	Cuphophyllus	Cuphophyllus pratensis		SPECIES	Cuphophyllus pratensis (Pers.) Bon	Cuphophyllus pratensis		CA		New Brunswick	PRESENT		28eb1a3f-1c15-4a95-931a-4af90ecb574d	45.954548	-66.67494							2024-09-11T16:16:19	11	9	2024	3291564	3291564	HUMAN_OBSERVATION	iNaturalist	Observations	241399376		Andrew MacPherson	2024-09-13T03:13:54	CC0_1_0	Andrew MacPherson	Andrew MacPherson			2025-01-14T12:53:13.396Z	StillImage	CONTINENT_DERIVED_FROM_COORDINATES;TAXON_MATCH_TAXON_ID_IGNORED
4936840284	50c9509d-22c7-4a22-a47d-8c48425ef4a7	https://www.inaturalist.org/observations/238301499	Fungi	Basidiomycota	Agaricomycetes	Agaricales	Hygrophoraceae	Cuphophyllus	Cuphophyllus pratensis		SPECIES	Cuphophyllus pratensis (Pers.) Bon	Cuphophyllus pratensis		CA		Ontario	PRESENT		28eb1a3f-1c15-4a95-931a-4af90ecb574d	45.403169	-75.559154	49.0						2024-08-27T13:50	27	8	2024	3291564	3291564	HUMAN_OBSERVATION	iNaturalist	Observations	238301499		Igor Khomenko	2024-08-27T20:03:54	CC_BY_NC_4_0	Igor Khomenko	Igor Khomenko			2025-01-14T13:43:36.553Z	StillImage	COORDINATE_ROUNDED;CONTINENT_DERIVED_FROM_COORDINATES;TAXON_MATCH_TAXON_ID_IGNORED
4935781203	50c9509d-22c7-4a22-a47d-8c48425ef4a7	https://www.inaturalist.org/observations/239227111	Fungi	Basidiomycota	Agaricomycetes	Agaricales	Hygrophoraceae	Cuphophyllus	Cuphophyllus pratensis		SPECIES	Cuphophyllus pratensis (Pers.) Bon	Cuphophyllus pratensis		CA		Ontario	PRESENT		28eb1a3f-1c15-4a95-931a-4af90ecb574d	45.435146	-75.579041							2024-08-31T15:46:28	31	8	2024	3291564	3291564	HUMAN_OBSERVATION	iNaturalist	Observations	239227111		alitheabsurd	2024-09-01T20:28:41	CC_BY_NC_4_0	Lindsay Boudreau	Lindsay Boudreau			2025-01-14T13:43:51.115Z	StillImage	COORDINATE_ROUNDED;CONTINENT_DERIVED_FROM_COORDINATES;TAXON_MATCH_TAXON_ID_IGNORED
4535639251	50c9509d-22c7-4a22-a47d-8c48425ef4a7	https://www.inaturalist.org/observations/200998397	Fungi	Basidiomycota	Agaricomycetes	Agaricales	Hygrophoraceae	Cuphophyllus	Cuphophyllus pratensis		SPECIES	Cuphophyllus pratensis (Pers.) Bon	Cuphophyllus pratensis		CA		New Brunswick	PRESENT		28eb1a3f-1c15-4a95-931a-4af90ecb574d	45.999664	-66.764256	2.0						2023-09-07T17:59	7	9	2023	3291564	3291564	HUMAN_OBSERVATION	iNaturalist	Observations	200998397		Dwayne Sabine	2024-03-02T12:38:11	CC_BY_NC_4_0	Dwayne Sabine	Dwayne Sabine			2025-01-14T13:30:16.327Z	StillImage	COORDINATE_ROUNDED;CONTINENT_DERIVED_FROM_COORDINATES;TAXON_MATCH_TAXON_ID_IGNORED
4431171849	50c9509d-22c7-4a22-a47d-8c48425ef4a7	https://www.inaturalist.org/observations/188214718	Fungi	Basidiomycota	Agaricomycetes	Agaricales	Hygrophoraceae	Cuphophyllus	Cuphophyllus pratensis		SPECIES	Cuphophyllus pratensis (Pers.) Bon	Cuphophyllus pratensis		CA		Nova Scotia	PRESENT		28eb1a3f-1c15-4a95-931a-4af90ecb574d	45.066989	-64.476128	10.0						2023-10-17T12:40:06	17	10	2023	3291564	3291564	HUMAN_OBSERVATION	iNaturalist	Observations	188214718		beccam333	2023-10-20T01:55:41	CC_BY_NC_4_0	beccam333	beccam333			2025-01-14T12:42:22.344Z	StillImage	COORDINATE_ROUNDED;CONTINENT_DERIVED_FROM_COORDINATES;TAXON_MATCH_TAXON_ID_IGNORED
4430407953	50c9509d-22c7-4a22-a47d-8c48425ef4a7	https://www.inaturalist.org/observations/136324985	Fungi	Basidiomycota	Agaricomycetes	Agaricales	Hygrophoraceae	Cuphophyllus	Cuphophyllus pratensis		SPECIES	Cuphophyllus pratensis (Pers.) Bon	Cuphophyllus pratensis		CA		Ontario	PRESENT		28eb1a3f-1c15-4a95-931a-4af90ecb574d	45.095811	-77.976472	4.0						2022-09-24T15:41:28	24	9	2022	3291564	3291564	HUMAN_OBSERVATION	iNaturalist	Observations	136324985		Kyle Blaney	2022-09-24T19:43:39	CC_BY_NC_4_0	Kyle Blaney	Kyle Blaney			2025-01-14T13:20:36.092Z		COORDINATE_ROUNDED;CONTINENT_DERIVED_FROM_COORDINATES;TAXON_MATCH_TAXON_ID_IGNORED
4424601843	50c9509d-22c7-4a22-a47d-8c48425ef4a7	https://www.inaturalist.org/observations/179606506	Fungi	Basidiomycota	Agaricomycetes	Agaricales	Hygrophoraceae	Cuphophyllus	Cuphophyllus pratensis		SPECIES	Cuphophyllus pratensis (Pers.) Bon	Cuphophyllus pratensis		CA		Québec	PRESENT		28eb1a3f-1c15-4a95-931a-4af90ecb574d	45.379647	-71.89653	3565.0						2023-08-21T13:19:59	21	8	2023	3291564	3291564	HUMAN_OBSERVATION	iNaturalist	Observations	179606506		gabboilard	2023-08-21T23:59:26	CC_BY_NC_4_0	gabboilard	gabboilard			2025-01-14T12:39:31.188Z	StillImage	COORDINATE_ROUNDED;CONTINENT_DERIVED_FROM_COORDINATES;TAXON_MATCH_TAXON_ID_IGNORED
4421021360	50c9509d-22c7-4a22-a47d-8c48425ef4a7	https://www.inaturalist.org/observations/185328916	Fungi	Basidiomycota	Agaricomycetes	Agaricales	Hygrophoraceae	Cuphophyllus	Cuphophyllus pratensis		SPECIES	Cuphophyllus pratensis (Pers.) Bon	Cuphophyllus pratensis		CA		Québec	PRESENT		28eb1a3f-1c15-4a95-931a-4af90ecb574d	47.846705	-70.773475	4.0						2023-09-22T09:29:35	22	9	2023	3291564	3291564	HUMAN_OBSERVATION	iNaturalist	Observations	185328916		Christian Langlois	2023-09-28T20:03:12	CC_BY_4_0	Christian Langlois	Christian Langlois			2025-01-14T12:40:03.790Z	StillImage	CONTINENT_DERIVED_FROM_COORDINATES;TAXON_MATCH_TAXON_ID_IGNORED
4417025731	50c9509d-22c7-4a22-a47d-8c48425ef4a7	https://www.inaturalist.org/observations/184630692	Fungi	Basidiomycota	Agaricomycetes	Agaricales	Hygrophoraceae	Cuphophyllus	Cuphophyllus pratensis		SPECIES	Cuphophyllus pratensis (Pers.) Bon	Cuphophyllus pratensis		CA		Ontario	PRESENT		28eb1a3f-1c15-4a95-931a-4af90ecb574d	45.514908	-75.342055	5.0						2023-09-23T13:05:54	23	9	2023	3291564	3291564	HUMAN_OBSERVATION	iNaturalist	Observations	184630692		Lynn Ovenden	2023-09-24T02:23:45	CC_BY_NC_4_0	Lynn Ovenden	Lynn Ovenden			2025-01-14T12:39:59.880Z	StillImage	COORDINATE_ROUNDED;CONTINENT_DERIVED_FROM_COORDINATES;TAXON_MATCH_TAXON_ID_IGNORED
4417013658	50c9509d-22c7-4a22-a47d-8c48425ef4a7	https://www.inaturalist.org/observations/184595269	Fungi	Basidiomycota	Agaricomycetes	Agaricales	Hygrophoraceae	Cuphophyllus	Cuphophyllus pratensis		SPECIES	Cuphophyllus pratensis (Pers.) Bon	Cuphophyllus pratensis		CA		Ontario	PRESENT		28eb1a3f-1c15-4a95-931a-4af90ecb574d	45.516832	-75.344968	183.0						2023-09-23T12:49	23	9	2023	3291564	3291564	HUMAN_OBSERVATION	iNaturalist	Observations	184595269		L Joan Heyding	2023-09-23T21:26:31	CC_BY_NC_4_0	L Joan Heyding	L Joan Heyding			2025-01-14T12:44:09.995Z	StillImage	COORDINATE_ROUNDED;CONTINENT_DERIVED_FROM_COORDINATES;TAXON_MATCH_TAXON_ID_IGNORED
4407059946	50c9509d-22c7-4a22-a47d-8c48425ef4a7	https://www.inaturalist.org/observations/180850964	Fungi	Basidiomycota	Agaricomycetes	Agaricales	Hygrophoraceae	Cuphophyllus	Cuphophyllus pratensis		SPECIES	Cuphophyllus pratensis (Pers.) Bon	Cuphophyllus pratensis		CA		Ontario	PRESENT		28eb1a3f-1c15-4a95-931a-4af90ecb574d	45.437434	-76.028151	154.0						2023-08-23T10:50	23	8	2023	3291564	3291564	HUMAN_OBSERVATION	iNaturalist	Observations	180850964		L Joan Heyding	2023-08-30T00:36:53	CC_BY_NC_4_0	L Joan Heyding	L Joan Heyding			2025-01-14T12:39:11.435Z	StillImage	COORDINATE_ROUNDED;CONTINENT_DERIVED_FROM_COORDINATES;TAXON_MATCH_TAXON_ID_IGNORED
4166412381	695cef75-b65f-4776-b2ed-74565eebb16e	02-01000956120	Fungi	Basidiomycota	Agaricomycetes	Agaricales	Hygrophoraceae	Cuphophyllus	Cuphophyllus pratensis		SPECIES	Camarophyllus pratensis (Pers.) P.Kumm.	Camarophyllus pratensis	(Fr.) P. Kumm.	CA	Canton de Lochaber, Lac Long	Quebec	PRESENT		055bd978-2daa-4543-b3f0-44e0e87e86ca	45.7	-75.325							1986-06-30	30	6	1986	3302355	3291564	PRESERVED_SPECIMEN	AAFC	DAOM	195670		Y. Dalpé		CC_BY_4_0	©His Majesty the King in Right of Canada, as represented by the Minister of Agriculture and Agri-Food	Y. Dalpé (1646)			2025-01-12T05:11:16.129Z		GEODETIC_DATUM_ASSUMED_WGS84;CONTINENT_DERIVED_FROM_COORDINATES;TAXON_MATCH_TAXON_ID_IGNORED;INSTITUTION_MATCH_FUZZY
4046663579	50c9509d-22c7-4a22-a47d-8c48425ef4a7	https://www.inaturalist.org/observations/141504007	Fungi	Basidiomycota	Agaricomycetes	Agaricales	Hygrophoraceae	Cuphophyllus	Cuphophyllus pratensis		SPECIES	Cuphophyllus pratensis (Pers.) Bon	Cuphophyllus pratensis		CA		New Brunswick	PRESENT		28eb1a3f-1c15-4a95-931a-4af90ecb574d	45.532897	-65.827481	31.0						2021-08-12T10:17	12	8	2021	3291564	3291564	HUMAN_OBSERVATION	iNaturalist	Observations	141504007		Alfredo Justo	2022-11-09T02:17:26	CC_BY_NC_4_0	Alfredo Justo	Alfredo Justo			2025-01-14T13:26:18.857Z	StillImage	COORDINATE_ROUNDED;CONTINENT_DERIVED_FROM_COORDINATES;TAXON_MATCH_TAXON_ID_IGNORED
4011685652	50c9509d-22c7-4a22-a47d-8c48425ef4a7	https://www.inaturalist.org/observations/144235951	Fungi	Basidiomycota	Agaricomycetes	Agaricales	Hygrophoraceae	Cuphophyllus	Cuphophyllus pratensis		SPECIES	Cuphophyllus pratensis (Pers.) Bon	Cuphophyllus pratensis		CA		Québec	PRESENT		28eb1a3f-1c15-4a95-931a-4af90ecb574d	46.834368	-71.311259	15.0						2022-09-02	2	9	2022	3291564	3291564	HUMAN_OBSERVATION	iNaturalist	Observations	144235951		cinna_latifolia	2022-12-28T05:22:57	CC_BY_NC_4_0	Christian Grenier	Christian Grenier			2025-01-14T13:26:42.819Z	StillImage	COORDINATE_ROUNDED;CONTINENT_DERIVED_FROM_COORDINATES;TAXON_MATCH_TAXON_ID_IGNORED
3994063012	50c9509d-22c7-4a22-a47d-8c48425ef4a7	https://www.inaturalist.org/observations/144074326	Fungi	Basidiomycota	Agaricomycetes	Agaricales	Hygrophoraceae	Cuphophyllus	Cuphophyllus pratensis		SPECIES	Cuphophyllus pratensis (Pers.) Bon	Cuphophyllus pratensis		CA		Québec	PRESENT		28eb1a3f-1c15-4a95-931a-4af90ecb574d	46.837769	-71.299079	8.0						2022-09-02	2	9	2022	3291564	3291564	HUMAN_OBSERVATION	iNaturalist	Observations	144074326		cinna_latifolia	2022-12-11T02:48:00	CC_BY_NC_4_0	Christian Grenier	Christian Grenier			2025-01-14T13:26:30.273Z	StillImage	COORDINATE_ROUNDED;CONTINENT_DERIVED_FROM_COORDINATES;TAXON_MATCH_TAXON_ID_IGNORED
3966520506	50c9509d-22c7-4a22-a47d-8c48425ef4a7	https://www.inaturalist.org/observations/135412771	Fungi	Basidiomycota	Agaricomycetes	Agaricales	Hygrophoraceae	Cuphophyllus	Cuphophyllus pratensis		SPECIES	Cuphophyllus pratensis (Pers.) Bon	Cuphophyllus pratensis		CA		Québec	PRESENT		28eb1a3f-1c15-4a95-931a-4af90ecb574d	45.766383	-73.634903	26.0						2022-09-17T13:58:22	17	9	2022	3291564	3291564	HUMAN_OBSERVATION	iNaturalist	Observations	135412771		Bethany Beech	2022-09-18T03:16:21	CC_BY_NC_4_0	Bethany Beech	Bethany Beech			2025-01-14T13:25:32.469Z	StillImage	COORDINATE_ROUNDED;CONTINENT_DERIVED_FROM_COORDINATES;TAXON_MATCH_TAXON_ID_IGNORED
3947834685	50c9509d-22c7-4a22-a47d-8c48425ef4a7	https://www.inaturalist.org/observations/139876065	Fungi	Basidiomycota	Agaricomycetes	Agaricales	Hygrophoraceae	Cuphophyllus	Cuphophyllus pratensis		SPECIES	Cuphophyllus pratensis (Pers.) Bon	Cuphophyllus pratensis		CA		New Brunswick	PRESENT		28eb1a3f-1c15-4a95-931a-4af90ecb574d	45.964573	-64.957347	8.0						2022-10-24T12:41:16	24	10	2022	3291564	3291564	HUMAN_OBSERVATION	iNaturalist	Observations	139876065		Blaine Douthwright	2022-10-24T15:42:43	CC_BY_NC_4_0	Blaine Douthwright	Blaine Douthwright			2025-01-14T12:32:17.718Z	StillImage	COORDINATE_ROUNDED;CONTINENT_DERIVED_FROM_COORDINATES;TAXON_MATCH_TAXON_ID_IGNORED
3923486274	50c9509d-22c7-4a22-a47d-8c48425ef4a7	https://www.inaturalist.org/observations/137226519	Fungi	Basidiomycota	Agaricomycetes	Agaricales	Hygrophoraceae	Cuphophyllus	Cuphophyllus pratensis		SPECIES	Cuphophyllus pratensis (Pers.) Bon	Cuphophyllus pratensis		CA		Ontario	PRESENT		28eb1a3f-1c15-4a95-931a-4af90ecb574d	45.100242	-74.607938	50.0						2022-10-01T12:58:19	1	10	2022	3291564	3291564	HUMAN_OBSERVATION	iNaturalist	Observations	137226519		Lynn Ovenden	2022-10-02T01:20:45	CC_BY_NC_4_0	Lynn Ovenden	Lynn Ovenden			2025-01-14T12:31:47.849Z	StillImage	COORDINATE_ROUNDED;CONTINENT_DERIVED_FROM_COORDINATES;TAXON_MATCH_TAXON_ID_IGNORED
3923414645	50c9509d-22c7-4a22-a47d-8c48425ef4a7	https://www.inaturalist.org/observations/134341209	Fungi	Basidiomycota	Agaricomycetes	Agaricales	Hygrophoraceae	Cuphophyllus	Cuphophyllus pratensis		SPECIES	Cuphophyllus pratensis (Pers.) Bon	Cuphophyllus pratensis		CA		Ontario	PRESENT		28eb1a3f-1c15-4a95-931a-4af90ecb574d	45.32313	-75.811972							2022-09-09T12:43	9	9	2022	3291564	3291564	HUMAN_OBSERVATION	iNaturalist	Observations	134341209		Igor Khomenko	2022-09-09T20:38:26	CC_BY_NC_4_0	Igor Khomenko	Igor Khomenko			2025-01-14T12:33:31.391Z	StillImage	COORDINATE_ROUNDED;CONTINENT_DERIVED_FROM_COORDINATES;TAXON_MATCH_TAXON_ID_IGNORED
3902487364	50c9509d-22c7-4a22-a47d-8c48425ef4a7	https://www.inaturalist.org/observations/134362609	Fungi	Basidiomycota	Agaricomycetes	Agaricales	Hygrophoraceae	Cuphophyllus	Cuphophyllus pratensis		SPECIES	Cuphophyllus pratensis (Pers.) Bon	Cuphophyllus pratensis		CA		Ontario	PRESENT		28eb1a3f-1c15-4a95-931a-4af90ecb574d	45.323347	-75.81232							2022-09-09T12:24	9	9	2022	3291564	3291564	HUMAN_OBSERVATION	iNaturalist	Observations	134362609		jonathan_mack	2022-09-09T23:56:34	CC_BY_NC_4_0	jonathan_mack	jonathan_mack			2025-01-14T13:25:17.399Z	StillImage	COORDINATE_ROUNDED;CONTINENT_DERIVED_FROM_COORDINATES;TAXON_MATCH_TAXON_ID_IGNORED
3759186750	50c9509d-22c7-4a22-a47d-8c48425ef4a7	https://www.inaturalist.org/observations/95081824	Fungi	Basidiomycota	Agaricomycetes	Agaricales	Hygrophoraceae	Cuphophyllus	Cuphophyllus pratensis		SPECIES	Cuphophyllus pratensis (Pers.) Bon	Cuphophyllus pratensis		CA		Nova Scotia	PRESENT		28eb1a3f-1c15-4a95-931a-4af90ecb574d	45.641221	-64.086022	44.0						2021-09-16T14:59	16	9	2021	3291564	3291564	HUMAN_OBSERVATION	iNaturalist	Observations	95081824		Ben	2021-09-16T21:40:05	CC_BY_NC_4_0	Ben	Ben			2025-01-14T12:21:56.353Z	StillImage	COORDINATE_ROUNDED;CONTINENT_DERIVED_FROM_COORDINATES;TAXON_MATCH_TAXON_ID_IGNORED
3705444423	50c9509d-22c7-4a22-a47d-8c48425ef4a7	https://www.inaturalist.org/observations/90429728	Fungi	Basidiomycota	Agaricomycetes	Agaricales	Hygrophoraceae	Cuphophyllus	Cuphophyllus pratensis		SPECIES	Cuphophyllus pratensis (Pers.) Bon	Cuphophyllus pratensis		CA		New Brunswick	PRESENT		28eb1a3f-1c15-4a95-931a-4af90ecb574d	45.902125	-64.380038	182.0						2021-08-08T10:13	8	8	2021	3291564	3291564	HUMAN_OBSERVATION	iNaturalist	Observations	90429728		Raymonde G Chartier	2021-08-08T18:39:19	CC_BY_NC_4_0	Raymonde G Chartier	Raymonde G Chartier			2025-01-14T13:13:43.463Z	StillImage	COORDINATE_ROUNDED;CONTINENT_DERIVED_FROM_COORDINATES;TAXON_MATCH_TAXON_ID_IGNORED
3399203998	50c9509d-22c7-4a22-a47d-8c48425ef4a7	https://www.inaturalist.org/observations/98038276	Fungi	Basidiomycota	Agaricomycetes	Agaricales	Hygrophoraceae	Cuphophyllus	Cuphophyllus pratensis		SPECIES	Cuphophyllus pratensis (Pers.) Bon	Cuphophyllus pratensis		CA		Québec	PRESENT		28eb1a3f-1c15-4a95-931a-4af90ecb574d	45.515776	-73.58458	425.0						2021-10-05T16:05	5	10	2021	3291564	3291564	HUMAN_OBSERVATION	iNaturalist	Observations	98038276		artpat	2021-10-12T20:22:28	CC_BY_NC_4_0	artpat	artpat			2025-01-14T12:23:18.788Z	StillImage	COORDINATE_ROUNDED;CONTINENT_DERIVED_FROM_COORDINATES;TAXON_MATCH_TAXON_ID_IGNORED
3385206504	50c9509d-22c7-4a22-a47d-8c48425ef4a7	https://www.inaturalist.org/observations/97274030	Fungi	Basidiomycota	Agaricomycetes	Agaricales	Hygrophoraceae	Cuphophyllus	Cuphophyllus pratensis		SPECIES	Cuphophyllus pratensis (Pers.) Bon	Cuphophyllus pratensis		CA		Québec	PRESENT		28eb1a3f-1c15-4a95-931a-4af90ecb574d	45.512848	-73.579304	95.0						2021-10-05T14:50:12	5	10	2021	3291564	3291564	HUMAN_OBSERVATION	iNaturalist	Observations	97274030		oliviacostanzo	2021-10-05T19:30:29	CC_BY_NC_4_0	oliviacostanzo	oliviacostanzo			2025-01-14T12:24:52.364Z	StillImage	COORDINATE_ROUNDED;CONTINENT_DERIVED_FROM_COORDINATES;TAXON_MATCH_TAXON_ID_IGNORED
3384676015	50c9509d-22c7-4a22-a47d-8c48425ef4a7	https://www.inaturalist.org/observations/94975132	Fungi	Basidiomycota	Agaricomycetes	Agaricales	Hygrophoraceae	Cuphophyllus	Cuphophyllus pratensis		SPECIES	Cuphophyllus pratensis (Pers.) Bon	Cuphophyllus pratensis		CA		Québec	PRESENT		28eb1a3f-1c15-4a95-931a-4af90ecb574d	45.56815	-75.89074							2021-09-15T13:10	15	9	2021	3291564	3291564	HUMAN_OBSERVATION	iNaturalist	Observations	94975132		Igor Khomenko	2021-09-15T22:00:14	CC_BY_NC_4_0	Igor Khomenko	Igor Khomenko			2025-01-14T12:25:05.953Z	StillImage	CONTINENT_DERIVED_FROM_COORDINATES;TAXON_MATCH_TAXON_ID_IGNORED
3384644933	50c9509d-22c7-4a22-a47d-8c48425ef4a7	https://www.inaturalist.org/observations/89465845	Fungi	Basidiomycota	Agaricomycetes	Agaricales	Hygrophoraceae	Cuphophyllus	Cuphophyllus pratensis		SPECIES	Cuphophyllus pratensis (Pers.) Bon	Cuphophyllus pratensis		CA		Ontario	PRESENT		28eb1a3f-1c15-4a95-931a-4af90ecb574d	45.199613	-76.237676	15.0						2021-07-31T15:02	31	7	2021	3291564	3291564	HUMAN_OBSERVATION	iNaturalist	Observations	89465845		cinna_latifolia	2021-09-30T01:03:17	CC_BY_NC_4_0	almonteallisons	almonteallisons			2025-01-14T12:23:18.709Z	StillImage	COORDINATE_ROUNDED;CONTINENT_DERIVED_FROM_COORDINATES;TAXON_MATCH_TAXON_ID_IGNORED
3384196494	50c9509d-22c7-4a22-a47d-8c48425ef4a7	https://www.inaturalist.org/observations/97269579	Fungi	Basidiomycota	Agaricomycetes	Agaricales	Hygrophoraceae	Cuphophyllus	Cuphophyllus pratensis		SPECIES	Cuphophyllus pratensis (Pers.) Bon	Cuphophyllus pratensis		CA		Québec	PRESENT		28eb1a3f-1c15-4a95-931a-4af90ecb574d	45.513443	-73.581239	8.0						2021-10-05T14:50:11	5	10	2021	3291564	3291564	HUMAN_OBSERVATION	iNaturalist	Observations	97269579		jacobperdue	2021-10-05T18:50:24	CC_BY_NC_4_0	jacobperdue	jacobperdue			2025-01-14T13:11:42.011Z	StillImage	COORDINATE_ROUNDED;CONTINENT_DERIVED_FROM_COORDINATES;TAXON_MATCH_TAXON_ID_IGNORED
2999204509	50c9509d-22c7-4a22-a47d-8c48425ef4a7	https://www.inaturalist.org/observations/61782665	Fungi	Basidiomycota	Agaricomycetes	Agaricales	Hygrophoraceae	Cuphophyllus	Cuphophyllus pratensis		SPECIES	Cuphophyllus pratensis (Pers.) Bon	Cuphophyllus pratensis		CA		Ontario	PRESENT		28eb1a3f-1c15-4a95-931a-4af90ecb574d	45.549921	-74.419086	378.0						2020-10-04T14:41:36	4	10	2020	3291564	3291564	HUMAN_OBSERVATION	iNaturalist	Observations	61782665		Lynn Ovenden	2020-10-06T13:04:25	CC_BY_NC_4_0	Lynn Ovenden	Lynn Ovenden			2025-01-14T12:14:52.902Z	StillImage	COORDINATE_ROUNDED;CONTINENT_DERIVED_FROM_COORDINATES;TAXON_MATCH_TAXON_ID_IGNORED
2898323727	50c9509d-22c7-4a22-a47d-8c48425ef4a7	https://www.inaturalist.org/observations/62227137	Fungi	Basidiomycota	Agaricomycetes	Agaricales	Hygrophoraceae	Cuphophyllus	Cuphophyllus pratensis		SPECIES	Cuphophyllus pratensis (Pers.) Bon	Cuphophyllus pratensis		CA		Québec	PRESENT		28eb1a3f-1c15-4a95-931a-4af90ecb574d	46.021056	-74.145667	43.0						2020-10-10T15:46:32	10	10	2020	3291564	3291564	HUMAN_OBSERVATION	iNaturalist	Observations	62227137		Rowleybalas	2020-10-10T19:47:14	CC_BY_NC_4_0	Rowleybalas	Rowleybalas			2025-01-14T12:15:28.402Z	StillImage	COORDINATE_ROUNDED;CONTINENT_DERIVED_FROM_COORDINATES;TAXON_MATCH_TAXON_ID_IGNORED
2883141131	50c9509d-22c7-4a22-a47d-8c48425ef4a7	https://www.inaturalist.org/observations/61861024	Fungi	Basidiomycota	Agaricomycetes	Agaricales	Hygrophoraceae	Cuphophyllus	Cuphophyllus pratensis		SPECIES	Cuphophyllus pratensis (Pers.) Bon	Cuphophyllus pratensis		CA		Ontario	PRESENT		28eb1a3f-1c15-4a95-931a-4af90ecb574d	45.551282	-74.421252	209.0						2020-10-04T14:02:57	4	10	2020	3291564	3291564	HUMAN_OBSERVATION	iNaturalist	Observations	61861024		Lynn Ovenden	2020-10-06T14:14:48	CC_BY_NC_4_0	Lynn Ovenden	Lynn Ovenden			2025-01-14T12:15:20.471Z	StillImage	COORDINATE_ROUNDED;CONTINENT_DERIVED_FROM_COORDINATES;TAXON_MATCH_TAXON_ID_IGNORED
2862373220	50c9509d-22c7-4a22-a47d-8c48425ef4a7	https://www.inaturalist.org/observations/58951289	Fungi	Basidiomycota	Agaricomycetes	Agaricales	Hygrophoraceae	Cuphophyllus	Cuphophyllus pratensis	pallidus	VARIETY	Cuphophyllus pratensis var. pallidus (Berk. & Broome) Bon	Cuphophyllus pratensis pallidus		CA		Québec	PRESENT		28eb1a3f-1c15-4a95-931a-4af90ecb574d	46.890364	-71.076021	2.0						2020-09-06	6	9	2020	3345539	3291564	HUMAN_OBSERVATION	iNaturalist	Observations	58951289		cinna_latifolia	2020-09-10T17:51:32	CC_BY_NC_4_0	Ludo Leclerc	Ludo Leclerc			2025-01-14T12:15:38.474Z	StillImage	COORDINATE_ROUNDED;CONTINENT_DERIVED_FROM_COORDINATES;TAXON_MATCH_TAXON_ID_IGNORED
1946279695	50c9509d-22c7-4a22-a47d-8c48425ef4a7	https://www.inaturalist.org/observations/17889804	Fungi	Basidiomycota	Agaricomycetes	Agaricales	Hygrophoraceae	Cuphophyllus	Cuphophyllus pratensis		SPECIES	Cuphophyllus pratensis (Pers.) Bon	Cuphophyllus pratensis		CA		Québec	PRESENT		28eb1a3f-1c15-4a95-931a-4af90ecb574d	46.57371	-72.754757	121.0						2017-09-02T14:37	2	9	2017	3291564	3291564	HUMAN_OBSERVATION	iNaturalist	Observations	17889804		jonathan_mack	2018-10-27T23:04:30	CC_BY_NC_4_0	jonathan_mack	jonathan_mack			2025-01-14T12:06:47.009Z	StillImage	COORDINATE_ROUNDED;CONTINENT_DERIVED_FROM_COORDINATES;TAXON_MATCH_TAXON_ID_IGNORED
1807256335	e8a25a42-f125-476c-8554-3ec21cd51a84	ACAD:112815	Fungi	Basidiomycota	Agaricomycetes	Agaricales	Hygrophoraceae	Cuphophyllus	Cuphophyllus pratensis		SPECIES	Hygrophorus pratensis (Pers.) Fr.	Hygrophorus pratensis		CA	(Kentville)	Nova Scotia	PRESENT		6491ad8c-8e49-4bd4-a089-0ddb3bbe0890	45.07662	-64.49592							1931-10-06	6	10	1931	3344511	3291564	PRESERVED_SPECIMEN	Acadia University	ACAD	303F	303			CC0_1_0	Acadia University	H, KA			2024-01-25T01:37:10.696Z	StillImage	GEODETIC_DATUM_INVALID;GEODETIC_DATUM_ASSUMED_WGS84;TAXON_MATCH_TAXON_ID_IGNORED;INSTITUTION_MATCH_FUZZY;COLLECTION_MATCH_FUZZY
1807256273	e8a25a42-f125-476c-8554-3ec21cd51a84	ACAD:112814	Fungi	Basidiomycota	Agaricomycetes	Agaricales	Hygrophoraceae	Cuphophyllus	Cuphophyllus pratensis		SPECIES	Hygrophorus pratensis (Pers.) Fr.	Hygrophorus pratensis		CA	(Kentville)	Nova Scotia	PRESENT		6491ad8c-8e49-4bd4-a089-0ddb3bbe0890	45.07662	-64.49592							1930-09-14	14	9	1930	3344511	3291564	PRESERVED_SPECIMEN	Acadia University	ACAD	302F	302			CC0_1_0	Acadia University	H, KA			2024-01-25T01:37:10.697Z	StillImage	GEODETIC_DATUM_INVALID;GEODETIC_DATUM_ASSUMED_WGS84;TAXON_MATCH_TAXON_ID_IGNORED;INSTITUTION_MATCH_FUZZY;COLLECTION_MATCH_FUZZY
1807255994	e8a25a42-f125-476c-8554-3ec21cd51a84	ACAD:112698	Fungi	Basidiomycota	Agaricomycetes	Agaricales	Hygrophoraceae	Cuphophyllus	Cuphophyllus pratensis		SPECIES	Hygrophorus pratensis (Pers.) Fr.	Hygrophorus pratensis		CA	Kentville	Nova Scotia	PRESENT		6491ad8c-8e49-4bd4-a089-0ddb3bbe0890	45.07662	-64.49592							1953-09-20	20	9	1953	3344511	3291564	PRESERVED_SPECIMEN	Acadia University	ACAD	2639F	2639			CC0_1_0	Acadia University	Harrison, KA			2024-01-25T01:37:10.897Z	StillImage	GEODETIC_DATUM_INVALID;GEODETIC_DATUM_ASSUMED_WGS84;TAXON_MATCH_TAXON_ID_IGNORED;INSTITUTION_MATCH_FUZZY;COLLECTION_MATCH_FUZZY
1807255579	e8a25a42-f125-476c-8554-3ec21cd51a84	ACAD:112288	Fungi	Basidiomycota	Agaricomycetes	Agaricales	Hygrophoraceae	Cuphophyllus	Cuphophyllus pratensis		SPECIES	Hygrophorus pratensis (Pers.) Fr.	Hygrophorus pratensis		CA	Kentville	Nova Scotia	PRESENT		6491ad8c-8e49-4bd4-a089-0ddb3bbe0890	45.07662	-64.49592							1952-10-08	8	10	1952	3344511	3291564	PRESERVED_SPECIMEN	Acadia University	ACAD	2009F	2009			CC0_1_0	Acadia University	H, KA			2024-01-25T01:37:05.761Z	StillImage	GEODETIC_DATUM_INVALID;GEODETIC_DATUM_ASSUMED_WGS84;TAXON_MATCH_TAXON_ID_IGNORED;INSTITUTION_MATCH_FUZZY;COLLECTION_MATCH_FUZZY
1807255397	e8a25a42-f125-476c-8554-3ec21cd51a84	ACAD:112122	Fungi	Basidiomycota	Agaricomycetes	Agaricales	Hygrophoraceae	Cuphophyllus	Cuphophyllus pratensis		SPECIES	Hygrophorus pratensis (Pers.) Fr.	Hygrophorus pratensis		CA	(Kentville)	Nova Scotia	PRESENT		6491ad8c-8e49-4bd4-a089-0ddb3bbe0890	45.07662	-64.49592							1952-10-05	5	10	1952	3344511	3291564	PRESERVED_SPECIMEN	Acadia University	ACAD	1821F	1821			CC0_1_0	Acadia University	H, KA			2024-01-25T01:37:05.882Z	StillImage	GEODETIC_DATUM_INVALID;GEODETIC_DATUM_ASSUMED_WGS84;TAXON_MATCH_TAXON_ID_IGNORED;INSTITUTION_MATCH_FUZZY;COLLECTION_MATCH_FUZZY
1412708851	21705170-d2b6-42de-8904-c3bca4b83591	CMMF017352	Fungi	Basidiomycota	Agaricomycetes	Agaricales	Hygrophoraceae	Cuphophyllus	Cuphophyllus pratensis		SPECIES	Hygrophorus pratensis (Pers.) Fr.	Hygrophorus pratensis (Fr.) Fr.	(Fr.) Fr.	CA	Saraguay, Québec.	Québec	PRESENT		ff7bd5db-b724-4932-b496-10ea298851f9	45.514983	-73.741417	1000.0						1981-07-22	22	7	1981	3344511	3291564	PRESERVED_SPECIMEN	Université de Montréal Biodiversity Centre	CMMF	CMMF017352	1981-134	McNeil, Raymond		CC0_1_0	Université de Montréal Biodiversity Centre	Cyr, A.			2024-01-24T16:38:15.676Z		INSTITUTION_MATCH_FUZZY;COLLECTION_MATCH_FUZZY;DIFFERENT_OWNER_INSTITUTION
1412705792	21705170-d2b6-42de-8904-c3bca4b83591	CMMF014267	Fungi	Basidiomycota	Agaricomycetes	Agaricales	Hygrophoraceae	Cuphophyllus	Cuphophyllus pratensis		SPECIES	Cuphophyllus pratensis (Pers.) Bon	Cuphophyllus pratensis (Fr.) Bon	(Fr.) Bon	CA	Rang Saint-Martin, Chicoutimi, Québec.	Québec	PRESENT		ff7bd5db-b724-4932-b496-10ea298851f9	48.42951	-70.956161	6000.0						1992-08-06	6	8	1992	3291564	3291564	PRESERVED_SPECIMEN	Université de Montréal Biodiversity Centre	CMMF	CMMF014267	1344	Guérin, Gérard		CC0_1_0	Université de Montréal Biodiversity Centre	Guérin, Gérard			2024-01-24T16:38:19.484Z	StillImage	INSTITUTION_MATCH_FUZZY;COLLECTION_MATCH_FUZZY;DIFFERENT_OWNER_INSTITUTION
1135069274	21705170-d2b6-42de-8904-c3bca4b83591	CMMF007803	Fungi	Basidiomycota	Agaricomycetes	Agaricales	Hygrophoraceae	Cuphophyllus	Cuphophyllus pratensis		SPECIES	Hygrocybe pratensis (Pers.) Murrill	Hygrocybe pratensis (Fr.) Murrill	(Fr.) Murrill	CA	St-Fabien-de-Panet	Québec	PRESENT		ff7bd5db-b724-4932-b496-10ea298851f9	46.595	-70.174167	100.0						2006-07-05	5	7	2006	3345082	3291564	PRESERVED_SPECIMEN	Université de Montréal Biodiversity Centre	CMMF	CMMF007803	C2780	McNeil, Raymond		CC0_1_0	Université de Montréal Biodiversity Centre	McNeil, Raymond			2024-01-24T16:38:16.110Z	StillImage	COORDINATE_ROUNDED;INSTITUTION_MATCH_FUZZY;COLLECTION_MATCH_FUZZY;DIFFERENT_OWNER_INSTITUTION
1135069145	21705170-d2b6-42de-8904-c3bca4b83591	CMMF007682	Fungi	Basidiomycota	Agaricomycetes	Agaricales	Hygrophoraceae	Cuphophyllus	Cuphophyllus pratensis		SPECIES	Hygrocybe pratensis (Pers.) Murrill	Hygrocybe pratensis (Fr.) Murrill	(Fr.) Murrill	CA	Saint-Liguori	Québec	PRESENT		ff7bd5db-b724-4932-b496-10ea298851f9	46.006517	-73.57175	100.0						1984-09-08	8	9	1984	3345082	3291564	PRESERVED_SPECIMEN	Université de Montréal Biodiversity Centre	CMMF	CMMF007682	1725	McNeil, Raymond		CC0_1_0	Université de Montréal Biodiversity Centre	McNeil, Raymond			2024-01-24T16:38:16.075Z	StillImage	COORDINATE_ROUNDED;INSTITUTION_MATCH_FUZZY;COLLECTION_MATCH_FUZZY;DIFFERENT_OWNER_INSTITUTION
1135067393	21705170-d2b6-42de-8904-c3bca4b83591	CMMF005913	Fungi	Basidiomycota	Agaricomycetes	Agaricales	Hygrophoraceae	Cuphophyllus	Cuphophyllus pratensis		SPECIES	Hygrocybe pratensis (Pers.) Murrill	Hygrocybe pratensis (Fr.) Murrill	(Fr.) Murrill	CA	Châteauguay (Centre écologique Fernand-Seguin)	Québec	PRESENT		ff7bd5db-b724-4932-b496-10ea298851f9	45.33983	-73.773917	100.0						2008-08-25	25	8	2008	3345082	3291564	PRESERVED_SPECIMEN	Université de Montréal Biodiversity Centre	CMMF	CMMF005913	Inexistant	McNeil, Raymond		CC0_1_0	Université de Montréal Biodiversity Centre	McNeil, Raymond			2024-01-24T16:38:16.917Z	StillImage	COORDINATE_ROUNDED;INSTITUTION_MATCH_FUZZY;COLLECTION_MATCH_FUZZY;DIFFERENT_OWNER_INSTITUTION
1135067383	21705170-d2b6-42de-8904-c3bca4b83591	CMMF005917	Fungi	Basidiomycota	Agaricomycetes	Agaricales	Hygrophoraceae	Cuphophyllus	Cuphophyllus pratensis		SPECIES	Hygrocybe pratensis (Pers.) Murrill	Hygrocybe pratensis (Fr.) Murrill	(Fr.) Murrill	CA	Châteauguay (Centre écologique Fernand-Seguin)	Québec	PRESENT		ff7bd5db-b724-4932-b496-10ea298851f9	45.33983	-73.773917	100.0						2006-08-22	22	8	2006	3345082	3291564	PRESERVED_SPECIMEN	Université de Montréal Biodiversity Centre	CMMF	CMMF005917	Inexistant	McNeil, Raymond		CC0_1_0	Université de Montréal Biodiversity Centre	McNeil, Raymond			2024-01-24T16:38:16.918Z	StillImage	COORDINATE_ROUNDED;INSTITUTION_MATCH_FUZZY;COLLECTION_MATCH_FUZZY;DIFFERENT_OWNER_INSTITUTION
1135067365	21705170-d2b6-42de-8904-c3bca4b83591	CMMF005912	Fungi	Basidiomycota	Agaricomycetes	Agaricales	Hygrophoraceae	Cuphophyllus	Cuphophyllus pratensis		SPECIES	Hygrocybe pratensis (Pers.) Murrill	Hygrocybe pratensis (Fr.) Murrill	(Fr.) Murrill	CA	Châteauguay (Centre écologique Fernand-Seguin)	Québec	PRESENT		ff7bd5db-b724-4932-b496-10ea298851f9	45.33983	-73.773917	100.0						2008-07-20	20	7	2008	3345082	3291564	PRESERVED_SPECIMEN	Université de Montréal Biodiversity Centre	CMMF	CMMF005912	C3294	McNeil, Raymond		CC0_1_0	Université de Montréal Biodiversity Centre	McNeil, Raymond			2024-01-24T16:38:16.915Z	StillImage	COORDINATE_ROUNDED;INSTITUTION_MATCH_FUZZY;COLLECTION_MATCH_FUZZY;DIFFERENT_OWNER_INSTITUTION
1135067340	21705170-d2b6-42de-8904-c3bca4b83591	CMMF005914	Fungi	Basidiomycota	Agaricomycetes	Agaricales	Hygrophoraceae	Cuphophyllus	Cuphophyllus pratensis		SPECIES	Hygrocybe pratensis (Pers.) Murrill	Hygrocybe pratensis (Fr.) Murrill	(Fr.) Murrill	CA	Châteauguay (Centre écologique Fernand-Seguin)	Québec	PRESENT		ff7bd5db-b724-4932-b496-10ea298851f9	45.33983	-73.773917	100.0						2006-09-06	6	9	2006	3345082	3291564	PRESERVED_SPECIMEN	Université de Montréal Biodiversity Centre	CMMF	CMMF005914	Inexistant	McNeil, Raymond		CC0_1_0	Université de Montréal Biodiversity Centre	McNeil, Raymond			2024-01-24T16:38:16.919Z	StillImage	COORDINATE_ROUNDED;INSTITUTION_MATCH_FUZZY;COLLECTION_MATCH_FUZZY;DIFFERENT_OWNER_INSTITUTION
1024559347	21705170-d2b6-42de-8904-c3bca4b83591	CMMF004612	Fungi	Basidiomycota	Agaricomycetes	Agaricales	Hygrophoraceae	Cuphophyllus	Cuphophyllus pratensis		SPECIES	Hygrocybe pratensis (Pers.) Murrill	Hygrocybe pratensis (Fr.) Murrill	(Fr.) Murrill	CA	Réserve écologique du Boisé-des-Muir, Hinchinbrooke.	Québec	PRESENT		ff7bd5db-b724-4932-b496-10ea298851f9	45.086787	-74.114566	10.0						2012-10-16	16	10	2012	3345082	3291564	PRESERVED_SPECIMEN	Université de Montréal Biodiversity Centre	CMMF	CMMF004612	663	Turgon, Jean-Pierre		CC0_1_0	Université de Montréal Biodiversity Centre	Langlois, Annabelle; Turgon, Jean-Pierre			2024-01-24T16:38:19.756Z		INSTITUTION_MATCH_FUZZY;COLLECTION_MATCH_FUZZY;DIFFERENT_OWNER_INSTITUTION
