gbifID	datasetKey	occurrenceID	kingdom	phylum	class	order	family	genus	species	infraspecificEpithet	taxonRank	scientificName	verbatimScientificName	verbatimScientificNameAuthorship	countryCode	locality	stateProvince	occurrenceStatus	individualCount	publishingOrgKey	decimalLatitude	decimalLongitude	coordinateUncertaintyInMeters	coordinatePrecision	elevation	elevationAccuracy	depth	depthAccuracy	eventDate	day	month	year	taxonKey	speciesKey	basisOfRecord	institutionCode	collectionCode	catalogNumber	recordNumber	identifiedBy	dateIdentified	license	rightsHolder	recordedBy	typeStatus	establishmentMeans	lastInterpreted	mediaType	issue
727874928	d7cfd2ed-8af4-427f-a16e-eb66b7e2c419	14144	Fungi	Basidiomycota	Agaricomycetes	Polyporales	Phanerochaetaceae	Bjerkandera	Bjerkandera adusta		SPECIES	Bjerkandera adusta (Willd.) P.Karst.	Bjerkandera adusta (Willd.) P. Karst.	(Willd.) P. Karst.	CA	Algonquin Provincial Park, Portage from Hwy 60 to Pinetree Lake	Ontario	PRESENT		ff418020-1d67-11d9-8435-b8a03c50a862	45.482852	-78.768625	517.0						1982-08-28	28	8	1982	2543824	2543824	PRESERVED_SPECIMEN	Royal Ontario Museum	TRTC	TRTC162339	820828/18	Thorn, R.G.		CC0_1_0	Royal Ontario Museum	Thorn, R.G.			2024-01-25T00:59:40.279Z		COORDINATE_ROUNDED;AMBIGUOUS_INSTITUTION
727874926	d7cfd2ed-8af4-427f-a16e-eb66b7e2c419	14143	Fungi	Basidiomycota	Agaricomycetes	Polyporales	Phanerochaetaceae	Bjerkandera	Bjerkandera adusta		SPECIES	Bjerkandera adusta (Willd.) P.Karst.	Bjerkandera adusta (Willd.) P. Karst.	(Willd.) P. Karst.	CA	Algonquin Provincial Park, South Hardwood Lookout Trail	Ontario	PRESENT		ff418020-1d67-11d9-8435-b8a03c50a862	45.625083	-78.41732	5286.0						1982-09-04	4	9	1982	2543824	2543824	PRESERVED_SPECIMEN	Royal Ontario Museum	TRTC	TRTC162338	820904/03	Thorn, R.G.		CC0_1_0	Royal Ontario Museum	Thorn, R.G.			2024-01-25T00:59:40.279Z		COORDINATE_ROUNDED;AMBIGUOUS_INSTITUTION
727874892	d7cfd2ed-8af4-427f-a16e-eb66b7e2c419	14055	Fungi	Basidiomycota	Agaricomycetes	Polyporales	Phanerochaetaceae	Bjerkandera	Bjerkandera adusta		SPECIES	Bjerkandera adusta (Willd.) P.Karst.	Bjerkandera adusta (Willd.) P. Karst.	(Willd.) P. Karst.	CA	Algonquin Provincial Park, Source Lake Road, near Hwy 60	Ontario	PRESENT		ff418020-1d67-11d9-8435-b8a03c50a862	45.552969	-78.638635	250.0						1982-07-12	12	7	1982	2543824	2543824	PRESERVED_SPECIMEN	Royal Ontario Museum	TRTC	TRTC162337	820712/06	Thorn, R.G.		CC0_1_0	Royal Ontario Museum	Thorn, R.G.			2024-01-25T00:59:40.006Z		COORDINATE_ROUNDED;AMBIGUOUS_INSTITUTION
727874787	d7cfd2ed-8af4-427f-a16e-eb66b7e2c419	13862	Fungi	Basidiomycota	Agaricomycetes	Polyporales	Phanerochaetaceae	Bjerkandera	Bjerkandera adusta		SPECIES	Bjerkandera adusta (Willd.) P.Karst.	Bjerkandera adusta (Willd.) P. Karst.	(Willd.) P. Karst.	CA	Algonquin Provincial Park, Wildlife Research Station, Necropsy Pit Road	Ontario	PRESENT		ff418020-1d67-11d9-8435-b8a03c50a862	45.590933	-78.521572	283.0						2003-02-19	19	2	2003	2543824	2543824	PRESERVED_SPECIMEN	Royal Ontario Museum	TRTC	TRTC054926		Rivera, K.		CC0_1_0	Royal Ontario Museum	Rivera, K.			2024-01-25T00:59:38.605Z		COORDINATE_ROUNDED;AMBIGUOUS_INSTITUTION
694157249	d7cfd2ed-8af4-427f-a16e-eb66b7e2c419	15445	Fungi	Basidiomycota	Agaricomycetes	Polyporales	Phanerochaetaceae	Bjerkandera	Bjerkandera adusta		SPECIES	Bjerkandera adusta (Willd.) P.Karst.	Bjerkandera adusta (Willd.) P. Karst.	(Willd.) P. Karst.	CA	Algonquin Provincial Park, Ranger Lake	Ontario	PRESENT		ff418020-1d67-11d9-8435-b8a03c50a862	45.775695	-78.81021	584.0						1974-10-26	26	10	1974	2543824	2543824	PRESERVED_SPECIMEN	Royal Ontario Museum	TRTC	TRTC047419	1458	Redhead, S.A.		CC0_1_0	Royal Ontario Museum	Redhead, S.A.			2024-01-25T00:59:40.287Z		COORDINATE_ROUNDED;AMBIGUOUS_INSTITUTION
694157220	d7cfd2ed-8af4-427f-a16e-eb66b7e2c419	15307	Fungi	Basidiomycota	Agaricomycetes	Polyporales	Phanerochaetaceae	Bjerkandera	Bjerkandera adusta		SPECIES	Bjerkandera adusta (Willd.) P.Karst.	Bjerkandera adusta (Willd.) P. Karst.	(Willd.) P. Karst.	CA	Clear Lake	Ontario	PRESENT		ff418020-1d67-11d9-8435-b8a03c50a862	45.181674	-78.71438	911.0						1961-09-13	13	9	1961	2543824	2543824	PRESERVED_SPECIMEN	Royal Ontario Museum	TRTC	TRTC037629		Cain, R.F.		CC0_1_0	Royal Ontario Museum	Cain, R.F.			2024-01-25T00:59:39.913Z		COORDINATE_ROUNDED;AMBIGUOUS_INSTITUTION
694156900	d7cfd2ed-8af4-427f-a16e-eb66b7e2c419	13599	Fungi	Basidiomycota	Agaricomycetes	Polyporales	Phanerochaetaceae	Bjerkandera	Bjerkandera adusta		SPECIES	Bjerkandera adusta (Willd.) P.Karst.	Bjerkandera adusta (Willd.) P. Karst.	(Willd.) P. Karst.	CA	Algonquin Provincial Park, Hwy 60, Mi 20, near Wildlife Research Station	Ontario	PRESENT		ff418020-1d67-11d9-8435-b8a03c50a862	45.551023	-78.639879	175.0						1963-10-27	27	10	1963	2543824	2543824	PRESERVED_SPECIMEN	Royal Ontario Museum	TRTC	TRTC049086		Cain, R.F.		CC0_1_0	Royal Ontario Museum	Low, Janet			2024-01-25T00:59:41.564Z		COORDINATE_ROUNDED;AMBIGUOUS_INSTITUTION
694156899	d7cfd2ed-8af4-427f-a16e-eb66b7e2c419	13598	Fungi	Basidiomycota	Agaricomycetes	Polyporales	Phanerochaetaceae	Bjerkandera	Bjerkandera adusta		SPECIES	Bjerkandera adusta (Willd.) P.Karst.	Bjerkandera adusta (Willd.) P. Karst.	(Willd.) P. Karst.	CA	Algonquin Provincial Park, Pinetree Lake Portage	Ontario	PRESENT		ff418020-1d67-11d9-8435-b8a03c50a862	45.555711	-78.335009	1521.0						1950-09-22	22	9	1950	2543824	2543824	PRESERVED_SPECIMEN	Royal Ontario Museum	TRTC	TRTC160678		Welch, Harold E.		CC0_1_0	Royal Ontario Museum	Welch, H. E.			2024-01-25T00:59:41.559Z		COORDINATE_ROUNDED;AMBIGUOUS_INSTITUTION
694156704	d7cfd2ed-8af4-427f-a16e-eb66b7e2c419	11471	Fungi	Basidiomycota	Agaricomycetes	Polyporales	Phanerochaetaceae	Bjerkandera	Bjerkandera adusta		SPECIES	Bjerkandera adusta (Willd.) P.Karst.	Bjerkandera adusta (Willd.) P. Karst.	(Willd.) P. Karst.	CA	Algonquin Provincial Park, Lake of Two Rivers	Ontario	PRESENT		ff418020-1d67-11d9-8435-b8a03c50a862	45.577222	-78.479547	1575.0						1938-09-15	15	9	1938	2543824	2543824	PRESERVED_SPECIMEN	Royal Ontario Museum	TRTC	TRTC015607		Jackson, H.S.		CC0_1_0	Royal Ontario Museum	Jackson, H.S.			2024-01-25T00:59:39.036Z		COORDINATE_ROUNDED;AMBIGUOUS_INSTITUTION
617551838	21705170-d2b6-42de-8904-c3bca4b83591	CMMF002882	Fungi	Basidiomycota	Agaricomycetes	Polyporales	Phanerochaetaceae	Bjerkandera	Bjerkandera adusta		SPECIES	Bjerkandera adusta (Willd.) P.Karst.	Bjerkandera adusta (Willd.) P. Karst.	(Willd.) P. Karst.	CA	Québec	Québec	PRESENT		ff7bd5db-b724-4932-b496-10ea298851f9	46.86201	-71.307678	15000.0						1996-08-16	16	8	1996	2543824	2543824	PRESERVED_SPECIMEN	Université de Montréal Biodiversity Centre	CMMF	CMMF002882		Audet, Serge		CC0_1_0	Université de Montréal Biodiversity Centre	Lamoureux, Yves			2024-01-24T16:38:20.677Z	StillImage	INSTITUTION_MATCH_FUZZY;COLLECTION_MATCH_FUZZY;DIFFERENT_OWNER_INSTITUTION
5008207079	50c9509d-22c7-4a22-a47d-8c48425ef4a7	https://www.inaturalist.org/observations/243655839	Fungi	Basidiomycota	Agaricomycetes	Polyporales	Phanerochaetaceae	Bjerkandera	Bjerkandera adusta		SPECIES	Bjerkandera adusta (Willd.) P.Karst.	Bjerkandera adusta		CA		Ontario	PRESENT		28eb1a3f-1c15-4a95-931a-4af90ecb574d	45.254216	-77.193977	27190.0						2024-09-22T12:47:32	22	9	2024	2543824	2543824	HUMAN_OBSERVATION	iNaturalist	Observations	243655839		hikesters	2024-09-23T19:46:02	CC_BY_NC_4_0	hikesters	hikesters			2025-01-14T12:54:30.639Z	StillImage	COORDINATE_ROUNDED;CONTINENT_DERIVED_FROM_COORDINATES;TAXON_MATCH_TAXON_ID_IGNORED
5008206980	50c9509d-22c7-4a22-a47d-8c48425ef4a7	https://www.inaturalist.org/observations/241971984	Fungi	Basidiomycota	Agaricomycetes	Polyporales	Phanerochaetaceae	Bjerkandera	Bjerkandera adusta		SPECIES	Bjerkandera adusta (Willd.) P.Karst.	Bjerkandera adusta		CA		Prince Edward Island	PRESENT		28eb1a3f-1c15-4a95-931a-4af90ecb574d	46.50155	-64.004939	31.0						2024-09-15T11:38	15	9	2024	2543824	2543824	HUMAN_OBSERVATION	iNaturalist	Observations	241971984		Jessika Gauvin	2024-12-29T00:48:25	CC_BY_NC_4_0	hardywoods	hardywoods			2025-01-14T12:51:30.924Z	StillImage	COORDINATE_ROUNDED;CONTINENT_DERIVED_FROM_COORDINATES;TAXON_MATCH_TAXON_ID_IGNORED
5007806315	50c9509d-22c7-4a22-a47d-8c48425ef4a7	https://www.inaturalist.org/observations/243953637	Fungi	Basidiomycota	Agaricomycetes	Polyporales	Phanerochaetaceae	Bjerkandera	Bjerkandera adusta		SPECIES	Bjerkandera adusta (Willd.) P.Karst.	Bjerkandera adusta		CA		Ontario	PRESENT		28eb1a3f-1c15-4a95-931a-4af90ecb574d	45.37302	-76.905905							2024-09-24T08:51	24	9	2024	2543824	2543824	HUMAN_OBSERVATION	iNaturalist	Observations	243953637		Nina	2024-09-25T11:40:09	CC_BY_NC_4_0	Nina	Nina			2025-01-14T12:54:15.550Z	StillImage	CONTINENT_DERIVED_FROM_COORDINATES;TAXON_MATCH_TAXON_ID_IGNORED
4994276052	50c9509d-22c7-4a22-a47d-8c48425ef4a7	https://www.inaturalist.org/observations/253634321	Fungi	Basidiomycota	Agaricomycetes	Polyporales	Phanerochaetaceae	Bjerkandera	Bjerkandera adusta		SPECIES	Bjerkandera adusta (Willd.) P.Karst.	Bjerkandera adusta		CA		Québec	PRESENT		28eb1a3f-1c15-4a95-931a-4af90ecb574d	48.105595	-77.848603	4.0						2024-11-30T09:43:32	30	11	2024	2543824	2543824	HUMAN_OBSERVATION	iNaturalist	Observations	253634321		Ariel Bonkoski	2024-12-03T07:55:58	CC_BY_NC_4_0	François Dubois	François Dubois			2025-01-14T13:41:16.817Z	StillImage	COORDINATE_ROUNDED;CONTINENT_DERIVED_FROM_COORDINATES;TAXON_MATCH_TAXON_ID_IGNORED
4993829257	50c9509d-22c7-4a22-a47d-8c48425ef4a7	https://www.inaturalist.org/observations/252673131	Fungi	Basidiomycota	Agaricomycetes	Polyporales	Phanerochaetaceae	Bjerkandera	Bjerkandera adusta		SPECIES	Bjerkandera adusta (Willd.) P.Karst.	Bjerkandera adusta		CA		Prince Edward Island	PRESENT		28eb1a3f-1c15-4a95-931a-4af90ecb574d	46.527992	-64.011222	4.0						2024-11-22T14:22:30	22	11	2024	2543824	2543824	HUMAN_OBSERVATION	iNaturalist	Observations	252673131		Rosemary Curley	2024-11-24T19:01:56	CC_BY_NC_4_0	Rosemary Curley	Rosemary Curley			2025-01-14T13:44:19.980Z	StillImage	COORDINATE_ROUNDED;CONTINENT_DERIVED_FROM_COORDINATES;TAXON_MATCH_TAXON_ID_IGNORED
4987669321	50c9509d-22c7-4a22-a47d-8c48425ef4a7	https://www.inaturalist.org/observations/252672636	Fungi	Basidiomycota	Agaricomycetes	Polyporales	Phanerochaetaceae	Bjerkandera	Bjerkandera adusta		SPECIES	Bjerkandera adusta (Willd.) P.Karst.	Bjerkandera adusta		CA		Prince Edward Island	PRESENT		28eb1a3f-1c15-4a95-931a-4af90ecb574d	46.528092	-64.011261	4.0						2024-11-22T14:16:40	22	11	2024	2543824	2543824	HUMAN_OBSERVATION	iNaturalist	Observations	252672636		Rosemary Curley	2024-11-23T03:07:17	CC_BY_NC_4_0	Rosemary Curley	Rosemary Curley			2025-01-14T12:54:16.259Z	StillImage	COORDINATE_ROUNDED;CONTINENT_DERIVED_FROM_COORDINATES;TAXON_MATCH_TAXON_ID_IGNORED
4987654256	50c9509d-22c7-4a22-a47d-8c48425ef4a7	https://www.inaturalist.org/observations/252214807	Fungi	Basidiomycota	Agaricomycetes	Polyporales	Phanerochaetaceae	Bjerkandera	Bjerkandera adusta		SPECIES	Bjerkandera adusta (Willd.) P.Karst.	Bjerkandera adusta		CA		Québec	PRESENT		28eb1a3f-1c15-4a95-931a-4af90ecb574d	45.729137	-74.278683	22.0						2024-11-04T08:18:46	4	11	2024	2543824	2543824	HUMAN_OBSERVATION	iNaturalist	Observations	252214807		eve_desjardins_	2024-11-19T00:09:58	CC_BY_NC_4_0	eve_desjardins_	eve_desjardins_			2025-01-14T13:49:26.153Z	StillImage	COORDINATE_ROUNDED;CONTINENT_DERIVED_FROM_COORDINATES;TAXON_MATCH_TAXON_ID_IGNORED
4987615515	50c9509d-22c7-4a22-a47d-8c48425ef4a7	https://www.inaturalist.org/observations/252672741	Fungi	Basidiomycota	Agaricomycetes	Polyporales	Phanerochaetaceae	Bjerkandera	Bjerkandera adusta		SPECIES	Bjerkandera adusta (Willd.) P.Karst.	Bjerkandera adusta		CA		Prince Edward Island	PRESENT		28eb1a3f-1c15-4a95-931a-4af90ecb574d	46.528095	-64.011244	4.0						2024-11-22T14:17:18	22	11	2024	2543824	2543824	HUMAN_OBSERVATION	iNaturalist	Observations	252672741		Rosemary Curley	2024-11-23T03:08:34	CC_BY_NC_4_0	Rosemary Curley	Rosemary Curley			2025-01-14T12:55:12.775Z	StillImage	COORDINATE_ROUNDED;CONTINENT_DERIVED_FROM_COORDINATES;TAXON_MATCH_TAXON_ID_IGNORED
4987605633	50c9509d-22c7-4a22-a47d-8c48425ef4a7	https://www.inaturalist.org/observations/252962939	Fungi	Basidiomycota	Agaricomycetes	Polyporales	Phanerochaetaceae	Bjerkandera	Bjerkandera adusta		SPECIES	Bjerkandera adusta (Willd.) P.Karst.	Bjerkandera adusta		CA		Ontario	PRESENT		28eb1a3f-1c15-4a95-931a-4af90ecb574d	45.319837	-75.726077	107.0						2024-11-24T10:35:51	24	11	2024	2543824	2543824	HUMAN_OBSERVATION	iNaturalist	Observations	252962939		Seb H	2024-11-24T23:56:45	CC_BY_4_0	Seb H	Seb H			2025-01-14T13:49:58.746Z	StillImage	COORDINATE_ROUNDED;CONTINENT_DERIVED_FROM_COORDINATES;TAXON_MATCH_TAXON_ID_IGNORED
4980413971	50c9509d-22c7-4a22-a47d-8c48425ef4a7	https://www.inaturalist.org/observations/226078457	Fungi	Basidiomycota	Agaricomycetes	Polyporales	Phanerochaetaceae	Bjerkandera	Bjerkandera adusta		SPECIES	Bjerkandera adusta (Willd.) P.Karst.	Bjerkandera adusta		CA		Prince Edward Island	PRESENT		28eb1a3f-1c15-4a95-931a-4af90ecb574d	46.737042	-64.352881	4.0						2024-06-28T14:54	28	6	2024	2543824	2543824	HUMAN_OBSERVATION	iNaturalist	Observations	226078457		Jessika Gauvin	2024-11-08T12:35:47	CC_BY_NC_4_0	Rosemary Curley	Rosemary Curley			2025-01-14T13:41:48.203Z	StillImage	COORDINATE_ROUNDED;CONTINENT_DERIVED_FROM_COORDINATES;TAXON_MATCH_TAXON_ID_IGNORED
4976543190	50c9509d-22c7-4a22-a47d-8c48425ef4a7	https://www.inaturalist.org/observations/246280779	Fungi	Basidiomycota	Agaricomycetes	Polyporales	Phanerochaetaceae	Bjerkandera	Bjerkandera adusta		SPECIES	Bjerkandera adusta (Willd.) P.Karst.	Bjerkandera adusta		CA		New Brunswick	PRESENT		28eb1a3f-1c15-4a95-931a-4af90ecb574d	45.29457	-66.033669	180.0						2024-10-05T08:06:57	5	10	2024	2543824	2543824	HUMAN_OBSERVATION	iNaturalist	Observations	246280779		Ariel Bonkoski	2024-10-30T04:00:08	CC_BY_NC_4_0	Toni Doucette	Toni Doucette			2025-01-14T12:55:10.596Z	StillImage	COORDINATE_ROUNDED;CONTINENT_DERIVED_FROM_COORDINATES;TAXON_MATCH_TAXON_ID_IGNORED
4976366138	50c9509d-22c7-4a22-a47d-8c48425ef4a7	https://www.inaturalist.org/observations/207058395	Fungi	Basidiomycota	Agaricomycetes	Polyporales	Phanerochaetaceae	Bjerkandera	Bjerkandera adusta		SPECIES	Bjerkandera adusta (Willd.) P.Karst.	Bjerkandera adusta		CA		New Brunswick	PRESENT		28eb1a3f-1c15-4a95-931a-4af90ecb574d	46.543163	-64.712507	3322.0						2024-04-08T18:58:57	8	4	2024	2543824	2543824	HUMAN_OBSERVATION	iNaturalist	Observations	207058395		ebo2112	2024-04-13T22:52:28	CC_BY_NC_4_0	ebo2112	ebo2112			2025-01-14T12:43:43.985Z	StillImage	COORDINATE_ROUNDED;CONTINENT_DERIVED_FROM_COORDINATES;TAXON_MATCH_TAXON_ID_IGNORED
4974292085	50c9509d-22c7-4a22-a47d-8c48425ef4a7	https://www.inaturalist.org/observations/248481446	Fungi	Basidiomycota	Agaricomycetes	Polyporales	Phanerochaetaceae	Bjerkandera	Bjerkandera adusta		SPECIES	Bjerkandera adusta (Willd.) P.Karst.	Bjerkandera adusta		CA		New Brunswick	PRESENT		28eb1a3f-1c15-4a95-931a-4af90ecb574d	45.98443	-66.75686							2024-09-30T10:42	30	9	2024	2543824	2543824	HUMAN_OBSERVATION	iNaturalist	Observations	248481446		Dwayne Sabine	2024-10-21T17:52:12	CC_BY_NC_4_0	Dwayne Sabine	Dwayne Sabine			2025-01-14T13:43:33.341Z	StillImage	CONTINENT_DERIVED_FROM_COORDINATES;TAXON_MATCH_TAXON_ID_IGNORED
4954456717	50c9509d-22c7-4a22-a47d-8c48425ef4a7	https://www.inaturalist.org/observations/246828620	Fungi	Basidiomycota	Agaricomycetes	Polyporales	Phanerochaetaceae	Bjerkandera	Bjerkandera adusta		SPECIES	Bjerkandera adusta (Willd.) P.Karst.	Bjerkandera adusta		CA		Prince Edward Island	PRESENT		28eb1a3f-1c15-4a95-931a-4af90ecb574d	46.990333	-64.063705	14.0						2024-10-11T13:02:46	11	10	2024	2543824	2543824	HUMAN_OBSERVATION	iNaturalist	Observations	246828620		Rosemary Curley	2024-10-11T20:54:11	CC_BY_NC_4_0	Rosemary Curley	Rosemary Curley			2025-01-14T13:44:14.626Z	StillImage	COORDINATE_ROUNDED;CONTINENT_DERIVED_FROM_COORDINATES;TAXON_MATCH_TAXON_ID_IGNORED
4954408840	50c9509d-22c7-4a22-a47d-8c48425ef4a7	https://www.inaturalist.org/observations/246830416	Fungi	Basidiomycota	Agaricomycetes	Polyporales	Phanerochaetaceae	Bjerkandera	Bjerkandera adusta		SPECIES	Bjerkandera adusta (Willd.) P.Karst.	Bjerkandera adusta		CA		Prince Edward Island	PRESENT		28eb1a3f-1c15-4a95-931a-4af90ecb574d	46.990364	-64.063654							2024-10-11T12:52:22	11	10	2024	2543824	2543824	HUMAN_OBSERVATION	iNaturalist	Observations	246830416		Julie-Lynn Zahavich	2024-10-11T21:08:21	CC_BY_NC_4_0	Julie-Lynn Zahavich	Julie-Lynn Zahavich			2025-01-14T12:54:34.305Z	StillImage	COORDINATE_ROUNDED;CONTINENT_DERIVED_FROM_COORDINATES;TAXON_MATCH_TAXON_ID_IGNORED
4935781844	50c9509d-22c7-4a22-a47d-8c48425ef4a7	https://www.inaturalist.org/observations/238660347	Fungi	Basidiomycota	Agaricomycetes	Polyporales	Phanerochaetaceae	Bjerkandera	Bjerkandera adusta		SPECIES	Bjerkandera adusta (Willd.) P.Karst.	Bjerkandera adusta		CA		Ontario	PRESENT		28eb1a3f-1c15-4a95-931a-4af90ecb574d	45.369778	-75.796431	4.0						2024-08-28T10:51	28	8	2024	2543824	2543824	HUMAN_OBSERVATION	iNaturalist	Observations	238660347		Deborah Mosher	2024-08-29T20:40:01	CC_BY_NC_4_0	Deborah Mosher	Deborah Mosher			2025-01-14T13:48:32.495Z	StillImage	COORDINATE_ROUNDED;CONTINENT_DERIVED_FROM_COORDINATES;TAXON_MATCH_TAXON_ID_IGNORED
4935652337	50c9509d-22c7-4a22-a47d-8c48425ef4a7	https://www.inaturalist.org/observations/33215087	Fungi	Basidiomycota	Agaricomycetes	Polyporales	Phanerochaetaceae	Bjerkandera	Bjerkandera adusta		SPECIES	Bjerkandera adusta (Willd.) P.Karst.	Bjerkandera adusta		CA		Ontario	PRESENT		28eb1a3f-1c15-4a95-931a-4af90ecb574d	45.429556	-75.562278	6.0						2019-09-22T14:53:02	22	9	2019	2543824	2543824	HUMAN_OBSERVATION	iNaturalist	Observations	33215087		Carl-Adam Wegenschimmel	2019-09-24T14:17:38	CC0_1_0	Kimberley Gibson	Kimberley Gibson			2025-01-14T12:09:17.584Z	StillImage	COORDINATE_ROUNDED;CONTINENT_DERIVED_FROM_COORDINATES;TAXON_MATCH_TAXON_ID_IGNORED
4904087481	50c9509d-22c7-4a22-a47d-8c48425ef4a7	https://www.inaturalist.org/observations/225797504	Fungi	Basidiomycota	Agaricomycetes	Polyporales	Phanerochaetaceae	Bjerkandera	Bjerkandera adusta		SPECIES	Bjerkandera adusta (Willd.) P.Karst.	Bjerkandera adusta		CA		Québec	PRESENT		28eb1a3f-1c15-4a95-931a-4af90ecb574d	45.726824	-75.059186	52.0						2024-06-28T17:21:02	28	6	2024	2543824	2543824	HUMAN_OBSERVATION	iNaturalist	Observations	225797504		jiazu	2024-06-28T21:20:43	CC_BY_NC_4_0	jiazu	jiazu			2025-01-14T12:46:33.197Z	StillImage	COORDINATE_ROUNDED;CONTINENT_DERIVED_FROM_COORDINATES;TAXON_MATCH_TAXON_ID_IGNORED
4893033599	eeaf050f-23d0-4557-9084-ec545cd3d9a7	931ad7e5-3c94-411c-a316-ef09e5ffd800	Fungi	Basidiomycota	Agaricomycetes	Polyporales	Phanerochaetaceae	Bjerkandera	Bjerkandera adusta		SPECIES	Bjerkandera adusta (Willd.) P.Karst.	Bjerkandera adusta	(Willd.) P.Karst.	CA	Ottawa	Ontario	PRESENT		325c883e-46a7-4be3-9d77-7dde654fd1d3	45.423949	-75.695445											2543824	2543824	PRESERVED_SPECIMEN	DPI	DAR	DAR00045981				CC_BY_4_0					2025-01-02T23:50:27.472Z		CONTINENT_DERIVED_FROM_COORDINATES;TAXON_MATCH_TAXON_CONCEPT_ID_IGNORED;INSTITUTION_MATCH_NONE
4892997468	eeaf050f-23d0-4557-9084-ec545cd3d9a7	1c72b946-4d6e-4e0d-82e5-9a508c08223a	Fungi	Basidiomycota	Agaricomycetes	Polyporales	Phanerochaetaceae	Bjerkandera	Bjerkandera adusta		SPECIES	Bjerkandera adusta (Willd.) P.Karst.	Bjerkandera adusta	(Willd.) P.Karst.	CA	Ottawa	Ontario	PRESENT		325c883e-46a7-4be3-9d77-7dde654fd1d3	45.423949	-75.695445											2543824	2543824	PRESERVED_SPECIMEN	DPI	DAR	DAR00045980				CC_BY_4_0					2025-01-02T23:50:23.664Z		CONTINENT_DERIVED_FROM_COORDINATES;TAXON_MATCH_TAXON_CONCEPT_ID_IGNORED;INSTITUTION_MATCH_NONE
4892988010	eeaf050f-23d0-4557-9084-ec545cd3d9a7	19431bc1-8572-4085-a502-cd75df1bdd99	Fungi	Basidiomycota	Agaricomycetes	Polyporales	Phanerochaetaceae	Bjerkandera	Bjerkandera adusta		SPECIES	Bjerkandera adusta (Willd.) P.Karst.	Bjerkandera adusta	(Willd.) P.Karst.	CA	Ottawa	Ontario	PRESENT		325c883e-46a7-4be3-9d77-7dde654fd1d3	45.423949	-75.695445											2543824	2543824	PRESERVED_SPECIMEN	DPI	DAR	DAR00062462a				CC_BY_4_0					2025-01-02T23:50:23.830Z		CONTINENT_DERIVED_FROM_COORDINATES;TAXON_MATCH_TAXON_CONCEPT_ID_IGNORED;INSTITUTION_MATCH_NONE
4597289276	50c9509d-22c7-4a22-a47d-8c48425ef4a7	https://www.inaturalist.org/observations/201531889	Fungi	Basidiomycota	Agaricomycetes	Polyporales	Phanerochaetaceae	Bjerkandera	Bjerkandera adusta		SPECIES	Bjerkandera adusta (Willd.) P.Karst.	Bjerkandera adusta		CA		Ontario	PRESENT		28eb1a3f-1c15-4a95-931a-4af90ecb574d	45.354437	-75.604498	1095.0						2024-03-06T14:44	6	3	2024	2543824	2543824	HUMAN_OBSERVATION	iNaturalist	Observations	201531889		L Joan Heyding	2024-03-07T01:11:29	CC_BY_NC_4_0	L Joan Heyding	L Joan Heyding			2025-01-14T12:43:09.993Z	StillImage	COORDINATE_ROUNDED;CONTINENT_DERIVED_FROM_COORDINATES;TAXON_MATCH_TAXON_ID_IGNORED
4535977537	50c9509d-22c7-4a22-a47d-8c48425ef4a7	https://www.inaturalist.org/observations/201078748	Fungi	Basidiomycota	Agaricomycetes	Polyporales	Phanerochaetaceae	Bjerkandera	Bjerkandera adusta		SPECIES	Bjerkandera adusta (Willd.) P.Karst.	Bjerkandera adusta		CA		Ontario	PRESENT		28eb1a3f-1c15-4a95-931a-4af90ecb574d	45.589036	-78.36869	4.0						2024-03-02T14:55:12	2	3	2024	2543824	2543824	HUMAN_OBSERVATION	iNaturalist	Observations	201078748		Dawn Sherman	2024-03-03T02:19:47	CC_BY_NC_4_0	Dawn Sherman	Dawn Sherman			2025-01-14T13:31:31.452Z	StillImage	COORDINATE_ROUNDED;CONTINENT_DERIVED_FROM_COORDINATES;TAXON_MATCH_TAXON_ID_IGNORED
4525081358	50c9509d-22c7-4a22-a47d-8c48425ef4a7	https://www.inaturalist.org/observations/187686827	Fungi	Basidiomycota	Agaricomycetes	Polyporales	Phanerochaetaceae	Bjerkandera	Bjerkandera adusta		SPECIES	Bjerkandera adusta (Willd.) P.Karst.	Bjerkandera adusta		CA		Ontario	PRESENT		28eb1a3f-1c15-4a95-931a-4af90ecb574d	45.351497	-75.999647							2023-10-13T09:41:48	13	10	2023	2543824	2543824	HUMAN_OBSERVATION	iNaturalist	Observations	187686827		Nina	2023-10-15T20:32:22	CC_BY_NC_4_0	Nina	Nina			2025-01-14T13:32:49.455Z	StillImage	COORDINATE_ROUNDED;CONTINENT_DERIVED_FROM_COORDINATES;TAXON_MATCH_TAXON_ID_IGNORED
4525004279	50c9509d-22c7-4a22-a47d-8c48425ef4a7	https://www.inaturalist.org/observations/175849448	Fungi	Basidiomycota	Agaricomycetes	Polyporales	Phanerochaetaceae	Bjerkandera	Bjerkandera adusta		SPECIES	Bjerkandera adusta (Willd.) P.Karst.	Bjerkandera adusta		CA		Ontario	PRESENT		28eb1a3f-1c15-4a95-931a-4af90ecb574d	45.24795	-75.504116	244.0						2023-07-30T19:15	30	7	2023	2543824	2543824	HUMAN_OBSERVATION	iNaturalist	Observations	175849448		David Thomas Glover	2023-07-31T00:38:39	CC_BY_NC_4_0	David Thomas Glover	David Thomas Glover			2025-01-14T12:37:20.337Z	StillImage	COORDINATE_ROUNDED;CONTINENT_DERIVED_FROM_COORDINATES;TAXON_MATCH_TAXON_ID_IGNORED
4524967357	50c9509d-22c7-4a22-a47d-8c48425ef4a7	https://www.inaturalist.org/observations/187128968	Fungi	Basidiomycota	Agaricomycetes	Polyporales	Phanerochaetaceae	Bjerkandera	Bjerkandera adusta		SPECIES	Bjerkandera adusta (Willd.) P.Karst.	Bjerkandera adusta		CA		Ontario	PRESENT		28eb1a3f-1c15-4a95-931a-4af90ecb574d	46.287302	-78.872299	53.0						2023-10-11T11:45:43	11	10	2023	2543824	2543824	HUMAN_OBSERVATION	iNaturalist	Observations	187128968		hayden04	2023-10-11T15:45:52	CC_BY_NC_4_0	hayden04	hayden04			2025-01-14T13:33:27.594Z	StillImage	COORDINATE_ROUNDED;CONTINENT_DERIVED_FROM_COORDINATES;TAXON_MATCH_TAXON_ID_IGNORED
4524941878	50c9509d-22c7-4a22-a47d-8c48425ef4a7	https://www.inaturalist.org/observations/117532838	Fungi	Basidiomycota	Agaricomycetes	Polyporales	Phanerochaetaceae	Bjerkandera	Bjerkandera adusta		SPECIES	Bjerkandera adusta (Willd.) P.Karst.	Bjerkandera adusta		CA		Ontario	PRESENT		28eb1a3f-1c15-4a95-931a-4af90ecb574d	45.56788	-78.50641	111.0						2022-03-14T13:25:15	14	3	2022	2543824	2543824	HUMAN_OBSERVATION	iNaturalist	Observations	117532838		terrymcbride	2022-05-18T01:16:55	CC_BY_NC_4_0	terrymcbride	terrymcbride			2025-01-14T12:28:06.497Z	StillImage	COORDINATE_ROUNDED;CONTINENT_DERIVED_FROM_COORDINATES;TAXON_MATCH_TAXON_ID_IGNORED
4436207132	50c9509d-22c7-4a22-a47d-8c48425ef4a7	https://www.inaturalist.org/observations/189225672	Fungi	Basidiomycota	Agaricomycetes	Polyporales	Phanerochaetaceae	Bjerkandera	Bjerkandera adusta		SPECIES	Bjerkandera adusta (Willd.) P.Karst.	Bjerkandera adusta		CA		Ontario	PRESENT		28eb1a3f-1c15-4a95-931a-4af90ecb574d	45.319815	-75.797087	9.0						2023-10-28T09:39:51	28	10	2023	2543824	2543824	HUMAN_OBSERVATION	iNaturalist	Observations	189225672		G Nicoll	2023-10-28T14:10:58	CC_BY_NC_4_0	G Nicoll	G Nicoll			2025-01-14T13:28:27.135Z	StillImage	COORDINATE_ROUNDED;CONTINENT_DERIVED_FROM_COORDINATES;TAXON_MATCH_TAXON_ID_IGNORED
4436153646	50c9509d-22c7-4a22-a47d-8c48425ef4a7	https://www.inaturalist.org/observations/189059201	Fungi	Basidiomycota	Agaricomycetes	Polyporales	Phanerochaetaceae	Bjerkandera	Bjerkandera adusta		SPECIES	Bjerkandera adusta (Willd.) P.Karst.	Bjerkandera adusta		CA		Ontario	PRESENT		28eb1a3f-1c15-4a95-931a-4af90ecb574d	45.352226	-76.002021	825.0						2023-10-26T16:24:51	26	10	2023	2543824	2543824	HUMAN_OBSERVATION	iNaturalist	Observations	189059201		janesly	2023-10-26T22:37:24	CC_BY_NC_4_0	janesly	janesly			2025-01-14T12:44:45.373Z	StillImage	COORDINATE_ROUNDED;CONTINENT_DERIVED_FROM_COORDINATES;TAXON_MATCH_TAXON_ID_IGNORED
4417100797	50c9509d-22c7-4a22-a47d-8c48425ef4a7	https://www.inaturalist.org/observations/184630966	Fungi	Basidiomycota	Agaricomycetes	Polyporales	Phanerochaetaceae	Bjerkandera	Bjerkandera adusta		SPECIES	Bjerkandera adusta (Willd.) P.Karst.	Bjerkandera adusta		CA		New Brunswick	PRESENT		28eb1a3f-1c15-4a95-931a-4af90ecb574d	45.920576	-66.153358	238.0						2023-09-23T10:28:24	23	9	2023	2543824	2543824	HUMAN_OBSERVATION	iNaturalist	Observations	184630966		Holly Jones	2023-09-24T11:44:58	CC0_1_0	Andrew MacPherson	Andrew MacPherson			2025-01-14T12:45:12.438Z	StillImage	COORDINATE_ROUNDED;CONTINENT_DERIVED_FROM_COORDINATES;TAXON_MATCH_TAXON_ID_IGNORED
4417054863	50c9509d-22c7-4a22-a47d-8c48425ef4a7	https://www.inaturalist.org/observations/184783853	Fungi	Basidiomycota	Agaricomycetes	Polyporales	Phanerochaetaceae	Bjerkandera	Bjerkandera adusta		SPECIES	Bjerkandera adusta (Willd.) P.Karst.	Bjerkandera adusta		CA		Ontario	PRESENT		28eb1a3f-1c15-4a95-931a-4af90ecb574d	45.460505	-76.260345	4.0						2023-09-24T14:52:41	24	9	2023	2543824	2543824	HUMAN_OBSERVATION	iNaturalist	Observations	184783853		Derek Dunnett	2023-09-24T23:25:59	CC_BY_NC_4_0	Derek Dunnett	Derek Dunnett			2025-01-14T12:42:32.259Z	StillImage	CONTINENT_DERIVED_FROM_COORDINATES;TAXON_MATCH_TAXON_ID_IGNORED
4416979890	50c9509d-22c7-4a22-a47d-8c48425ef4a7	https://www.inaturalist.org/observations/184784042	Fungi	Basidiomycota	Agaricomycetes	Polyporales	Phanerochaetaceae	Bjerkandera	Bjerkandera adusta		SPECIES	Bjerkandera adusta (Willd.) P.Karst.	Bjerkandera adusta		CA		Ontario	PRESENT		28eb1a3f-1c15-4a95-931a-4af90ecb574d	45.46053	-76.26027	4.0						2023-09-24T14:50:21	24	9	2023	2543824	2543824	HUMAN_OBSERVATION	iNaturalist	Observations	184784042		Derek Dunnett	2023-09-24T23:27:09	CC_BY_NC_4_0	Derek Dunnett	Derek Dunnett			2025-01-14T12:45:13.534Z	StillImage	CONTINENT_DERIVED_FROM_COORDINATES;TAXON_MATCH_TAXON_ID_IGNORED
4413628225	50c9509d-22c7-4a22-a47d-8c48425ef4a7	https://www.inaturalist.org/observations/179205840	Fungi	Basidiomycota	Agaricomycetes	Polyporales	Phanerochaetaceae	Bjerkandera	Bjerkandera adusta		SPECIES	Bjerkandera adusta (Willd.) P.Karst.	Bjerkandera adusta		CA		Québec	PRESENT		28eb1a3f-1c15-4a95-931a-4af90ecb574d	48.288898	-68.885513	20000.0						2023-08-19T15:18:55	19	8	2023	2543824	2543824	HUMAN_OBSERVATION	iNaturalist	Observations	179205840		Andrée Bourassa	2023-08-19T19:19:16	CC_BY_NC_4_0	Andrée Bourassa	Andrée Bourassa			2025-01-14T12:40:05.610Z	StillImage	COORDINATE_ROUNDED;CONTINENT_DERIVED_FROM_COORDINATES;TAXON_MATCH_TAXON_ID_IGNORED
4413607268	50c9509d-22c7-4a22-a47d-8c48425ef4a7	https://www.inaturalist.org/observations/180478537	Fungi	Basidiomycota	Agaricomycetes	Polyporales	Phanerochaetaceae	Bjerkandera	Bjerkandera adusta		SPECIES	Bjerkandera adusta (Willd.) P.Karst.	Bjerkandera adusta		CA		Ontario	PRESENT		28eb1a3f-1c15-4a95-931a-4af90ecb574d	45.504486	-77.015892	3340.0						2023-08-27T13:42:01	27	8	2023	2543824	2543824	HUMAN_OBSERVATION	iNaturalist	Observations	180478537		chelicerae	2023-08-27T17:42:21	CC_BY_NC_4_0	chelicerae	chelicerae			2025-01-14T12:41:56.413Z	StillImage	COORDINATE_ROUNDED;CONTINENT_DERIVED_FROM_COORDINATES;TAXON_MATCH_TAXON_ID_IGNORED
4413557722	50c9509d-22c7-4a22-a47d-8c48425ef4a7	https://www.inaturalist.org/observations/153602941	Fungi	Basidiomycota	Agaricomycetes	Polyporales	Phanerochaetaceae	Bjerkandera	Bjerkandera adusta		SPECIES	Bjerkandera adusta (Willd.) P.Karst.	Bjerkandera adusta		CA		Québec	PRESENT		28eb1a3f-1c15-4a95-931a-4af90ecb574d	46.784414	-71.270143	267.0						2017-10-11T15:43	11	10	2017	2543824	2543824	HUMAN_OBSERVATION	iNaturalist	Observations	153602941		Léo-Guy de Repentigny	2023-04-05T19:43:44	CC_BY_NC_4_0	Léo-Guy de Repentigny	Léo-Guy de Repentigny			2025-01-14T12:34:19.926Z	StillImage	COORDINATE_ROUNDED;CONTINENT_DERIVED_FROM_COORDINATES;TAXON_MATCH_TAXON_ID_IGNORED
4413544207	50c9509d-22c7-4a22-a47d-8c48425ef4a7	https://www.inaturalist.org/observations/179543465	Fungi	Basidiomycota	Agaricomycetes	Polyporales	Phanerochaetaceae	Bjerkandera	Bjerkandera adusta		SPECIES	Bjerkandera adusta (Willd.) P.Karst.	Bjerkandera adusta		CA		Ontario	PRESENT		28eb1a3f-1c15-4a95-931a-4af90ecb574d	45.393394	-75.510882	84.0						2023-08-20T15:52:42	20	8	2023	2543824	2543824	HUMAN_OBSERVATION	iNaturalist	Observations	179543465		claimh	2023-08-21T16:26:26	CC_BY_NC_4_0	claimh	claimh			2025-01-14T12:44:14.291Z	StillImage	COORDINATE_ROUNDED;CONTINENT_DERIVED_FROM_COORDINATES;TAXON_MATCH_TAXON_ID_IGNORED
4413533653	50c9509d-22c7-4a22-a47d-8c48425ef4a7	https://www.inaturalist.org/observations/178839231	Fungi	Basidiomycota	Agaricomycetes	Polyporales	Phanerochaetaceae	Bjerkandera	Bjerkandera adusta		SPECIES	Bjerkandera adusta (Willd.) P.Karst.	Bjerkandera adusta		CA		Ontario	PRESENT		28eb1a3f-1c15-4a95-931a-4af90ecb574d	45.58991	-78.36911	5.0						2023-08-17T09:31:20	17	8	2023	2543824	2543824	HUMAN_OBSERVATION	iNaturalist	Observations	178839231		tomfeild	2023-08-17T14:14:23	CC_BY_NC_4_0	tomfeild	tomfeild			2025-01-14T12:43:18.282Z	StillImage	COORDINATE_ROUNDED;CONTINENT_DERIVED_FROM_COORDINATES;TAXON_MATCH_TAXON_ID_IGNORED
4413453946	50c9509d-22c7-4a22-a47d-8c48425ef4a7	https://www.inaturalist.org/observations/178443060	Fungi	Basidiomycota	Agaricomycetes	Polyporales	Phanerochaetaceae	Bjerkandera	Bjerkandera adusta		SPECIES	Bjerkandera adusta (Willd.) P.Karst.	Bjerkandera adusta		CA		Québec	PRESENT		28eb1a3f-1c15-4a95-931a-4af90ecb574d	48.637914	-72.329811							2023-08-14T16:49	14	8	2023	2543824	2543824	HUMAN_OBSERVATION	iNaturalist	Observations	178443060		Paul Vézina	2023-08-14T22:34:14	CC_BY_NC_4_0	Paul Vézina	Paul Vézina			2025-01-14T13:32:31.292Z	StillImage	COORDINATE_ROUNDED;CONTINENT_DERIVED_FROM_COORDINATES;TAXON_MATCH_TAXON_ID_IGNORED
4177547905	50c9509d-22c7-4a22-a47d-8c48425ef4a7	https://www.inaturalist.org/observations/178405648	Fungi	Basidiomycota	Agaricomycetes	Polyporales	Phanerochaetaceae	Bjerkandera	Bjerkandera adusta		SPECIES	Bjerkandera adusta (Willd.) P.Karst.	Bjerkandera adusta		CA		Ontario	PRESENT		28eb1a3f-1c15-4a95-931a-4af90ecb574d	45.560663	-78.638778	4.0						2023-08-14T14:11:39	14	8	2023	2543824	2543824	HUMAN_OBSERVATION	iNaturalist	Observations	178405648		Sarah Lamond	2023-08-14T18:14:38	CC_BY_NC_4_0	Sarah Lamond	Sarah Lamond			2025-01-14T13:26:28.187Z	StillImage	COORDINATE_ROUNDED;CONTINENT_DERIVED_FROM_COORDINATES;TAXON_MATCH_TAXON_ID_IGNORED
4177215118	50c9509d-22c7-4a22-a47d-8c48425ef4a7	https://www.inaturalist.org/observations/178088823	Fungi	Basidiomycota	Agaricomycetes	Polyporales	Phanerochaetaceae	Bjerkandera	Bjerkandera adusta		SPECIES	Bjerkandera adusta (Willd.) P.Karst.	Bjerkandera adusta		CA		Ontario	PRESENT		28eb1a3f-1c15-4a95-931a-4af90ecb574d	45.311514	-74.776704	61.0						2023-08-12T15:43	12	8	2023	2543824	2543824	HUMAN_OBSERVATION	iNaturalist	Observations	178088823		David Thomas Glover	2023-08-13T00:02:37	CC_BY_NC_4_0	David Thomas Glover	David Thomas Glover			2025-01-14T12:37:57.961Z	StillImage	COORDINATE_ROUNDED;CONTINENT_DERIVED_FROM_COORDINATES;TAXON_MATCH_TAXON_ID_IGNORED
4166359981	695cef75-b65f-4776-b2ed-74565eebb16e	02-01000608678	Fungi	Basidiomycota	Agaricomycetes	Polyporales	Phanerochaetaceae	Bjerkandera	Bjerkandera adusta		SPECIES	Bjerkandera adusta (Willd.) P.Karst.	Bjerkandera adusta	(Willd.) P. Karst.	CA	Pinetree Portage	Ontario	PRESENT		055bd978-2daa-4543-b3f0-44e0e87e86ca	45.5667	-78.2958							1950-09-22	22	9	1950	2543824	2543824	PRESERVED_SPECIMEN	AAFC	DAOM	186511		J. Ginns		CC_BY_4_0	©His Majesty the King in Right of Canada, as represented by the Minister of Agriculture and Agri-Food	J.D. Roseborough			2025-01-12T05:11:16.007Z		GEODETIC_DATUM_ASSUMED_WGS84;CONTINENT_DERIVED_FROM_COORDINATES;TAXON_MATCH_TAXON_ID_IGNORED;INSTITUTION_MATCH_FUZZY
4165519835	50c9509d-22c7-4a22-a47d-8c48425ef4a7	https://www.inaturalist.org/observations/174080837	Fungi	Basidiomycota	Agaricomycetes	Polyporales	Phanerochaetaceae	Bjerkandera	Bjerkandera adusta		SPECIES	Bjerkandera adusta (Willd.) P.Karst.	Bjerkandera adusta		CA		Québec	PRESENT		28eb1a3f-1c15-4a95-931a-4af90ecb574d	45.811105	-76.567099	27095.0						2023-07-16T14:39	16	7	2023	2543824	2543824	HUMAN_OBSERVATION	iNaturalist	Observations	174080837		L Joan Heyding	2023-07-21T11:46:59	CC_BY_NC_4_0	L Joan Heyding	L Joan Heyding			2025-01-14T12:39:23.245Z	StillImage	COORDINATE_ROUNDED;CONTINENT_DERIVED_FROM_COORDINATES;TAXON_MATCH_TAXON_ID_IGNORED
4133662383	50c9509d-22c7-4a22-a47d-8c48425ef4a7	https://www.inaturalist.org/observations/98247155	Fungi	Basidiomycota	Agaricomycetes	Polyporales	Phanerochaetaceae	Bjerkandera	Bjerkandera adusta		SPECIES	Bjerkandera adusta (Willd.) P.Karst.	Bjerkandera adusta		CA		Québec	PRESENT		28eb1a3f-1c15-4a95-931a-4af90ecb574d	46.784414	-71.270143	267.0						2021-10-11T20:54	11	10	2021	2543824	2543824	HUMAN_OBSERVATION	iNaturalist	Observations	98247155		Léo-Guy de Repentigny	2021-10-15T01:00:21	CC_BY_NC_4_0	Léo-Guy de Repentigny	Léo-Guy de Repentigny			2025-01-14T12:24:29.735Z	StillImage	COORDINATE_ROUNDED;CONTINENT_DERIVED_FROM_COORDINATES;TAXON_MATCH_TAXON_ID_IGNORED
4100034891	d1a3b128-b406-46bb-a6d1-f3591dcc8a7b	162f120b-95bd-4069-ae05-df0b6371782d	Fungi	Basidiomycota	Agaricomycetes	Polyporales	Phanerochaetaceae	Bjerkandera	Bjerkandera adusta		SPECIES	Polyporus adustus (Willd.) Fr.	Polyporus adustus	(Willd.) Fr.	CA	Parent	Quebec	PRESENT		e43cf4b8-849e-4fac-b075-e652d019d2cf	47.916667	-74.616667	5307.0						1931-08-25	25	8	1931	5245648	2543824	PRESERVED_SPECIMEN	BPI		BPI 209004		Groves J. W.		CC0_1_0		Riley C. G.			2025-01-15T04:59:22.856Z		GEODETIC_DATUM_ASSUMED_WGS84;CONTINENT_DERIVED_FROM_COORDINATES;TAXON_MATCH_TAXON_ID_IGNORED;INSTITUTION_MATCH_FUZZY
4099962084	d1a3b128-b406-46bb-a6d1-f3591dcc8a7b	09d4b816-b33d-4ebb-ade1-851a49e439c3	Fungi	Basidiomycota	Agaricomycetes	Polyporales	Phanerochaetaceae	Bjerkandera	Bjerkandera adusta		SPECIES	Polyporus adustus (Willd.) Fr.	Polyporus adustus	(Willd.) Fr.	CA	Ingleside	New Brunswick	PRESENT		e43cf4b8-849e-4fac-b075-e652d019d2cf	45.328329	-66.198876	301.0						1907-09-14	14	9	1907	5245648	2543824	PRESERVED_SPECIMEN	BPI		BPI 300399		Lloyd C. G.		CC0_1_0		Hay G. U.			2025-01-15T04:59:26.468Z		GEODETIC_DATUM_ASSUMED_WGS84;CONTINENT_DERIVED_FROM_COORDINATES;TAXON_MATCH_TAXON_ID_IGNORED;INSTITUTION_MATCH_FUZZY
4099872884	d1a3b128-b406-46bb-a6d1-f3591dcc8a7b	d72636af-13a7-4f3f-b834-442d156e8833	Fungi	Basidiomycota	Agaricomycetes	Polyporales	Phanerochaetaceae	Bjerkandera	Bjerkandera adusta		SPECIES	Polyporus adustus (Willd.) Fr.	Polyporus adustus	(Willd.) Fr.	CA	Meach Lake	Quebec	PRESENT		e43cf4b8-849e-4fac-b075-e652d019d2cf	45.516667	-75.866667	3036.0						1930-03-10	10	3	1930	5245648	2543824	PRESERVED_SPECIMEN	BPI		BPI 216996				CC0_1_0		Conners I. L.			2025-01-15T04:59:23.588Z		GEODETIC_DATUM_ASSUMED_WGS84;CONTINENT_DERIVED_FROM_COORDINATES;TAXON_MATCH_TAXON_ID_IGNORED;INSTITUTION_MATCH_FUZZY
4099872836	d1a3b128-b406-46bb-a6d1-f3591dcc8a7b	a674e222-a805-4fd0-adb3-855400ace8b9	Fungi	Basidiomycota	Agaricomycetes	Polyporales	Phanerochaetaceae	Bjerkandera	Bjerkandera adusta		SPECIES	Polyporus adustus (Willd.) Fr.	Polyporus adustus	(Willd.) Fr.	CA	Iberville	Quebec	PRESENT		e43cf4b8-849e-4fac-b075-e652d019d2cf	45.25	-73.166667	301.0						1951-01-10	10	1	1951	5245648	2543824	PRESERVED_SPECIMEN	BPI		BPI 216603				CC0_1_0		Marie-anselme			2025-01-15T04:59:23.287Z		GEODETIC_DATUM_ASSUMED_WGS84;CONTINENT_DERIVED_FROM_COORDINATES;TAXON_MATCH_TAXON_ID_IGNORED;INSTITUTION_MATCH_FUZZY
4099863992	d1a3b128-b406-46bb-a6d1-f3591dcc8a7b	21fb5d39-d3a2-429c-8d61-a63589d22317	Fungi	Basidiomycota	Agaricomycetes	Polyporales	Phanerochaetaceae	Bjerkandera	Bjerkandera adusta		SPECIES	Polyporus adustus (Willd.) Fr.	Polyporus adustus	(Willd.) Fr.	CA	Fredericton Odell Woods	New Brunswick	PRESENT		e43cf4b8-849e-4fac-b075-e652d019d2cf	45.952837	-66.670614	1209.0						1946-09-28	28	9	1946	5245648	2543824	PRESERVED_SPECIMEN	BPI		BPI 201827		Hansbrough J. R.		CC0_1_0		Hansbrough J. R.			2025-01-15T04:59:22.628Z		CONTINENT_DERIVED_FROM_COORDINATES;TAXON_MATCH_TAXON_ID_IGNORED;INSTITUTION_MATCH_FUZZY
4099863912	d1a3b128-b406-46bb-a6d1-f3591dcc8a7b	eacee71c-c6cd-4b5a-9a66-bd6446820010	Fungi	Basidiomycota	Agaricomycetes	Polyporales	Phanerochaetaceae	Bjerkandera	Bjerkandera adusta		SPECIES	Polyporus adustus (Willd.) Fr.	Polyporus adustus	(Willd.) Fr.	CA	Ottawa	Ontario	PRESENT		e43cf4b8-849e-4fac-b075-e652d019d2cf	45.416667	-75.7	52150.0						1883-09-30	30	9	1883	5245648	2543824	PRESERVED_SPECIMEN	BPI		BPI 201211	57			CC0_1_0		MACOUN			2025-01-15T04:59:22.243Z		GEODETIC_DATUM_ASSUMED_WGS84;CONTINENT_DERIVED_FROM_COORDINATES;TAXON_MATCH_TAXON_ID_IGNORED;INSTITUTION_MATCH_FUZZY
4099857917	d1a3b128-b406-46bb-a6d1-f3591dcc8a7b	7b58a59a-af27-4d54-b944-42a67b1b2b11	Fungi	Basidiomycota	Agaricomycetes	Polyporales	Phanerochaetaceae	Bjerkandera	Bjerkandera adusta		SPECIES	Polyporus adustus (Willd.) Fr.	Polyporus adustus	(Willd.) Fr.	CA	Iberville	Quebec	PRESENT		e43cf4b8-849e-4fac-b075-e652d019d2cf	45.25	-73.166667	301.0						1951-01-10	10	1	1951	5245648	2543824	PRESERVED_SPECIMEN	BPI		BPI 201280		Stevenson J. A.		CC0_1_0		Marie-anselme			2025-01-15T04:59:22.390Z		GEODETIC_DATUM_ASSUMED_WGS84;CONTINENT_DERIVED_FROM_COORDINATES;TAXON_MATCH_TAXON_ID_IGNORED;INSTITUTION_MATCH_FUZZY
4099618950	d1a3b128-b406-46bb-a6d1-f3591dcc8a7b	0ba11c73-fee3-4671-9ae0-38789c3e3c99	Fungi	Basidiomycota	Agaricomycetes	Polyporales	Phanerochaetaceae	Bjerkandera	Bjerkandera adusta		SPECIES	Polyporus adustus (Willd.) Fr.	Polyporus adustus	(Willd.) Fr.	CA	Iberville	Quebec	PRESENT		e43cf4b8-849e-4fac-b075-e652d019d2cf	45.25	-73.166667	301.0						1951-10-15	15	10	1951	5245648	2543824	PRESERVED_SPECIMEN	BPI		BPI 201612		Stevenson J. A.		CC0_1_0		Marie-anselme			2025-01-15T04:59:22.326Z		GEODETIC_DATUM_ASSUMED_WGS84;CONTINENT_DERIVED_FROM_COORDINATES;TAXON_MATCH_TAXON_ID_IGNORED;INSTITUTION_MATCH_FUZZY
4099538212	d1a3b128-b406-46bb-a6d1-f3591dcc8a7b	49d1b906-6bc5-4f01-8de0-3a94198d774e	Fungi	Basidiomycota	Agaricomycetes	Polyporales	Phanerochaetaceae	Bjerkandera	Bjerkandera adusta		SPECIES	Polyporus adustus (Willd.) Fr.	Polyporus adustus	(Willd.) Fr.	CA	Muskrat Lake	Ontario	PRESENT		e43cf4b8-849e-4fac-b075-e652d019d2cf	45.272222	-77.142778	587.0						1948-07-18	18	7	1948	5245648	2543824	PRESERVED_SPECIMEN	BPI		BPI 347985				CC0_1_0		Cain R. F.			2025-01-15T04:59:27.328Z		GEODETIC_DATUM_ASSUMED_WGS84;CONTINENT_DERIVED_FROM_COORDINATES;TAXON_MATCH_TAXON_ID_IGNORED;INSTITUTION_MATCH_FUZZY
4099396917	d1a3b128-b406-46bb-a6d1-f3591dcc8a7b	e71fe4e9-8f19-4421-b017-9bdd90cee5e1	Fungi	Basidiomycota	Agaricomycetes	Polyporales	Phanerochaetaceae	Bjerkandera	Bjerkandera adusta		SPECIES	Polyporus adustus (Willd.) Fr.	Polyporus adustus	(Willd.) Fr.	CA	Chelsea	Quebec	PRESENT		e43cf4b8-849e-4fac-b075-e652d019d2cf	45.5	-75.783333	301.0						1947-10-21	21	10	1947	5245648	2543824	PRESERVED_SPECIMEN	BPI		BPI 217311		Horner R.		CC0_1_0		MCKREN C. G.			2025-01-15T04:59:23.614Z		GEODETIC_DATUM_ASSUMED_WGS84;CONTINENT_DERIVED_FROM_COORDINATES;TAXON_MATCH_TAXON_ID_IGNORED;INSTITUTION_MATCH_FUZZY
4099377992	d1a3b128-b406-46bb-a6d1-f3591dcc8a7b	6a9b5dc3-505c-4e6a-b87b-555000945980	Fungi	Basidiomycota	Agaricomycetes	Polyporales	Phanerochaetaceae	Bjerkandera	Bjerkandera adusta		SPECIES	Polyporus adustus (Willd.) Fr.	Polyporus adustus	(Willd.) Fr.	CA	Petawawa	Ontario	PRESENT		e43cf4b8-849e-4fac-b075-e652d019d2cf	45.9	-77.283333	13403.0						1935-07-07	7	7	1935	5245648	2543824	PRESERVED_SPECIMEN	BPI		BPI 201878		Spaulding P.		CC0_1_0		Spaulding P.			2025-01-15T04:59:22.349Z		GEODETIC_DATUM_ASSUMED_WGS84;CONTINENT_DERIVED_FROM_COORDINATES;TAXON_MATCH_TAXON_ID_IGNORED;INSTITUTION_MATCH_FUZZY
4099371947	d1a3b128-b406-46bb-a6d1-f3591dcc8a7b	0ebc9d60-3cb7-4d31-8dd3-49470c327fb7	Fungi	Basidiomycota	Agaricomycetes	Polyporales	Phanerochaetaceae	Bjerkandera	Bjerkandera adusta		SPECIES	Polyporus adustus (Willd.) Fr.	Polyporus adustus	(Willd.) Fr.	CA	Pont Rouge	Quebec	PRESENT		e43cf4b8-849e-4fac-b075-e652d019d2cf	47.456667	-69.0675	301.0						1938-11-19	19	11	1938	5245648	2543824	PRESERVED_SPECIMEN	BPI		BPI 201469		Stevenson J. A.		CC0_1_0		Anselm			2025-01-15T04:59:22.269Z		GEODETIC_DATUM_ASSUMED_WGS84;CONTINENT_DERIVED_FROM_COORDINATES;TAXON_MATCH_TAXON_ID_IGNORED;INSTITUTION_MATCH_FUZZY
4023452950	0f83123f-0c04-4556-8f4d-5a4e2a9bac66	http://id.luomus.fi/MY.5944801	Fungi	Basidiomycota	Agaricomycetes	Polyporales	Phanerochaetaceae	Bjerkandera	Bjerkandera adusta		SPECIES	Bjerkandera adusta (Willd.) P.Karst.	Bjerkandera adusta (Willd. : Fr.) P. Karst.		CA	Gatineau Park | Champlain lookout	Quebéc	PRESENT		04fd2e13-6881-4e5c-9dd1-8fdd9ab993c1	45.5	-76.0							1979-07-01T00:00Z/1979-10-31T00:00Z			1979	2543824	2543824	PRESERVED_SPECIMEN	H		http://id.luomus.fi/HA.H7045603	GCH 68	Ginns, J.		CC_BY_4_0		Binyamini, N.			2025-01-12T05:29:56.111Z		CONTINENT_DERIVED_FROM_COORDINATES;TAXON_MATCH_TAXON_ID_IGNORED;COLLECTION_MATCH_NONE;INSTITUTION_MATCH_FUZZY
4023452665	0f83123f-0c04-4556-8f4d-5a4e2a9bac66	http://id.luomus.fi/MY.5944842	Fungi	Basidiomycota	Agaricomycetes	Polyporales	Phanerochaetaceae	Bjerkandera	Bjerkandera adusta		SPECIES	Bjerkandera adusta (Willd.) P.Karst.	Bjerkandera adusta (Willd. : Fr.) P. Karst.		CA	Gatineau Park | Black Lake	Quebéc	PRESENT		04fd2e13-6881-4e5c-9dd1-8fdd9ab993c1	45.5	-76.0							1979-07-01T00:00Z/1979-10-31T00:00Z			1979	2543824	2543824	PRESERVED_SPECIMEN	H		http://id.luomus.fi/HA.H7045608	GB 63	Ginns, J.		CC_BY_4_0		Binyamini, N.			2025-01-12T05:29:56.061Z		CONTINENT_DERIVED_FROM_COORDINATES;TAXON_MATCH_TAXON_ID_IGNORED;COLLECTION_MATCH_NONE;INSTITUTION_MATCH_FUZZY
4023452324	0f83123f-0c04-4556-8f4d-5a4e2a9bac66	http://id.luomus.fi/MY.5944948	Fungi	Basidiomycota	Agaricomycetes	Polyporales	Phanerochaetaceae	Bjerkandera	Bjerkandera adusta		SPECIES	Bjerkandera adusta (Willd.) P.Karst.	Bjerkandera adusta (Willd. : Fr.) P. Karst.		CA		Ontario	PRESENT		04fd2e13-6881-4e5c-9dd1-8fdd9ab993c1	45.382	-75.713							1930-08-27T00:00Z	27	8	1930	2543824	2543824	PRESERVED_SPECIMEN	H		http://id.luomus.fi/HA.H7045633				CC_BY_4_0		Growes, J. W.			2025-01-12T05:29:55.990Z		CONTINENT_DERIVED_FROM_COORDINATES;TAXON_MATCH_TAXON_ID_IGNORED;COLLECTION_MATCH_NONE;INSTITUTION_MATCH_FUZZY
4023451979	0f83123f-0c04-4556-8f4d-5a4e2a9bac66	http://id.luomus.fi/MY.5944960	Fungi	Basidiomycota	Agaricomycetes	Polyporales	Phanerochaetaceae	Bjerkandera	Bjerkandera adusta		SPECIES	Bjerkandera adusta (Willd.) P.Karst.	Bjerkandera adusta (Willd. : Fr.) P. Karst.		CA	Meach Lake	Quebec	PRESENT		04fd2e13-6881-4e5c-9dd1-8fdd9ab993c1	45.53	-75.88							1930-10-03T00:00Z	3	10	1930	2543824	2543824	PRESERVED_SPECIMEN	H		http://id.luomus.fi/HA.H7045636				CC_BY_4_0		Conners, I. L			2025-01-12T05:29:55.879Z		CONTINENT_DERIVED_FROM_COORDINATES;TAXON_MATCH_TAXON_ID_IGNORED;COLLECTION_MATCH_NONE;INSTITUTION_MATCH_FUZZY
4023450961	0f83123f-0c04-4556-8f4d-5a4e2a9bac66	http://id.luomus.fi/MY.5944797	Fungi	Basidiomycota	Agaricomycetes	Polyporales	Phanerochaetaceae	Bjerkandera	Bjerkandera adusta		SPECIES	Bjerkandera adusta (Willd.) P.Karst.	Bjerkandera adusta (Willd. : Fr.) P. Karst.		CA	Gatineau Park | Camp fortune	Quebéc	PRESENT		04fd2e13-6881-4e5c-9dd1-8fdd9ab993c1	45.5	-76.0							1979-07-01T00:00Z/1979-10-31T00:00Z			1979	2543824	2543824	PRESERVED_SPECIMEN	H		http://id.luomus.fi/HA.H7045602	GCF 41	Ginns, J.		CC_BY_4_0		Binyamini, N.			2025-01-12T05:29:55.686Z		CONTINENT_DERIVED_FROM_COORDINATES;TAXON_MATCH_TAXON_ID_IGNORED;COLLECTION_MATCH_NONE;INSTITUTION_MATCH_FUZZY
4023450849	0f83123f-0c04-4556-8f4d-5a4e2a9bac66	http://id.luomus.fi/MY.5944747	Fungi	Basidiomycota	Agaricomycetes	Polyporales	Phanerochaetaceae	Bjerkandera	Bjerkandera adusta		SPECIES	Bjerkandera adusta (Willd.) P.Karst.	Bjerkandera adusta (Willd. : Fr.) P. Karst.		CA		Quebec	PRESENT		04fd2e13-6881-4e5c-9dd1-8fdd9ab993c1	47.91	-74.61							1931-08-25T00:00Z	25	8	1931	2543824	2543824	PRESERVED_SPECIMEN	H		http://id.luomus.fi/HA.H7045591				CC_BY_4_0		Riley, C. G.			2025-01-12T05:29:55.663Z		CONTINENT_DERIVED_FROM_COORDINATES;TAXON_MATCH_TAXON_ID_IGNORED;COLLECTION_MATCH_NONE;INSTITUTION_MATCH_FUZZY
4023416696	0f83123f-0c04-4556-8f4d-5a4e2a9bac66	http://id.luomus.fi/MY.5101025	Fungi	Basidiomycota	Agaricomycetes	Polyporales	Phanerochaetaceae	Bjerkandera	Bjerkandera adusta		SPECIES	Bjerkandera adusta (Willd.) P.Karst.	Bjerkandera adusta (Willd. : Fr.) P. Karst.		CA	Gatineau Park, Black Lake	Quebéc	PRESENT		04fd2e13-6881-4e5c-9dd1-8fdd9ab993c1	45.583333	-76.0							1979-07-01T00:00Z/1979-10-31T00:00Z			1979	2543824	2543824	PRESERVED_SPECIMEN	H		http://id.luomus.fi/HA.H7043858	N. Binyamini GB 62	Ginns, J.		CC_BY_4_0		Binyamini, N.			2025-01-12T05:29:47.314Z		CONTINENT_DERIVED_FROM_COORDINATES;TAXON_MATCH_TAXON_ID_IGNORED;COLLECTION_MATCH_NONE;INSTITUTION_MATCH_FUZZY
3988475652	50c9509d-22c7-4a22-a47d-8c48425ef4a7	https://www.inaturalist.org/observations/141782492	Fungi	Basidiomycota	Agaricomycetes	Polyporales	Phanerochaetaceae	Bjerkandera	Bjerkandera adusta		SPECIES	Bjerkandera adusta (Willd.) P.Karst.	Bjerkandera adusta		CA		Prince Edward Island	PRESENT		28eb1a3f-1c15-4a95-931a-4af90ecb574d	46.743557	-64.180458	20.0						2022-11-11T14:00	11	11	2022	2543824	2543824	HUMAN_OBSERVATION	iNaturalist	Observations	141782492		Rosemary Curley	2022-11-12T14:06:46	CC_BY_NC_4_0	Rosemary Curley	Rosemary Curley			2025-01-14T13:21:53.280Z	StillImage	COORDINATE_ROUNDED;CONTINENT_DERIVED_FROM_COORDINATES;TAXON_MATCH_TAXON_ID_IGNORED
3965614386	0ec61c42-6eda-441e-b327-7ec241c8ec95	5e3f0755-4439-4d7e-b8a6-063038c4b4c3	Fungi	Basidiomycota	Agaricomycetes	Polyporales	Phanerochaetaceae	Bjerkandera	Bjerkandera adusta		SPECIES	Polyporus adustus (Willd.) Fr.	Polyporus adustus	(Willd.) Fr.	CA	McCloskey Road above Meach Lake, Gatineau Park	Quebec	PRESENT		00ff478a-9da6-4c8d-b60d-43ee8c88cd1f	45.516667	-75.866667							1959-09-01	1	9	1959	5245648	2543824	PRESERVED_SPECIMEN	WSP	WSP	WSP48964				CC_BY_4_0		W.B. Cooke; V.G. Cooke			2025-01-15T08:28:23.914Z		GEODETIC_DATUM_ASSUMED_WGS84;CONTINENT_DERIVED_FROM_COORDINATES;TAXON_MATCH_TAXON_ID_IGNORED;AMBIGUOUS_COLLECTION;INSTITUTION_MATCH_FUZZY
3947469849	50c9509d-22c7-4a22-a47d-8c48425ef4a7	https://www.inaturalist.org/observations/135185816	Fungi	Basidiomycota	Agaricomycetes	Polyporales	Phanerochaetaceae	Bjerkandera	Bjerkandera adusta		SPECIES	Bjerkandera adusta (Willd.) P.Karst.	Bjerkandera adusta		CA		Québec	PRESENT		28eb1a3f-1c15-4a95-931a-4af90ecb574d	45.50465	-73.585087	4.0						2022-09-15T19:13:03	15	9	2022	2543824	2543824	HUMAN_OBSERVATION	iNaturalist	Observations	135185816		mviard	2022-09-15T23:13:41	CC_BY_NC_4_0	mviard	mviard			2025-01-14T12:31:56.802Z	StillImage	COORDINATE_ROUNDED;CONTINENT_DERIVED_FROM_COORDINATES;TAXON_MATCH_TAXON_ID_IGNORED
3947399826	50c9509d-22c7-4a22-a47d-8c48425ef4a7	https://www.inaturalist.org/observations/136519017	Fungi	Basidiomycota	Agaricomycetes	Polyporales	Phanerochaetaceae	Bjerkandera	Bjerkandera adusta		SPECIES	Bjerkandera adusta (Willd.) P.Karst.	Bjerkandera adusta		CA		Ontario	PRESENT		28eb1a3f-1c15-4a95-931a-4af90ecb574d	45.289606	-79.019089							2022-09-25T10:30:26	25	9	2022	2543824	2543824	HUMAN_OBSERVATION	iNaturalist	Observations	136519017		Lee Cumming	2022-09-26T01:07:18	CC_BY_NC_4_0	Lee Cumming	Lee Cumming			2025-01-14T13:31:23.457Z		COORDINATE_ROUNDED;CONTINENT_DERIVED_FROM_COORDINATES;TAXON_MATCH_TAXON_ID_IGNORED
3925053446	50c9509d-22c7-4a22-a47d-8c48425ef4a7	https://www.inaturalist.org/observations/97305713	Fungi	Basidiomycota	Agaricomycetes	Polyporales	Phanerochaetaceae	Bjerkandera	Bjerkandera adusta		SPECIES	Bjerkandera adusta (Willd.) P.Karst.	Bjerkandera adusta		CA		Ontario	PRESENT		28eb1a3f-1c15-4a95-931a-4af90ecb574d	45.837249	-77.801075	231.0						2021-10-03T12:53:01	3	10	2021	2543824	2543824	HUMAN_OBSERVATION	iNaturalist	Observations	97305713		nature_nut	2021-10-06T01:17:07	CC_BY_NC_4_0	nature_nut	nature_nut			2025-01-14T13:15:29.827Z	StillImage	COORDINATE_ROUNDED;CONTINENT_DERIVED_FROM_COORDINATES;TAXON_MATCH_TAXON_ID_IGNORED
3925047456	50c9509d-22c7-4a22-a47d-8c48425ef4a7	https://www.inaturalist.org/observations/97158932	Fungi	Basidiomycota	Agaricomycetes	Polyporales	Phanerochaetaceae	Bjerkandera	Bjerkandera adusta		SPECIES	Bjerkandera adusta (Willd.) P.Karst.	Bjerkandera adusta		CA		Ontario	PRESENT		28eb1a3f-1c15-4a95-931a-4af90ecb574d	45.063657	-76.391369	6.0						2021-10-04T11:06:39	4	10	2021	2543824	2543824	HUMAN_OBSERVATION	iNaturalist	Observations	97158932		Janet Dagenais Rockburn	2021-12-22T16:33:04	CC_BY_NC_4_0	Janet Dagenais Rockburn	Janet Dagenais Rockburn			2025-01-14T13:15:27.277Z	StillImage	COORDINATE_ROUNDED;CONTINENT_DERIVED_FROM_COORDINATES;TAXON_MATCH_TAXON_ID_IGNORED
3915394512	50c9509d-22c7-4a22-a47d-8c48425ef4a7	https://www.inaturalist.org/observations/135415270	Fungi	Basidiomycota	Agaricomycetes	Polyporales	Phanerochaetaceae	Bjerkandera	Bjerkandera adusta		SPECIES	Bjerkandera adusta (Willd.) P.Karst.	Bjerkandera adusta		CA		New Brunswick	PRESENT		28eb1a3f-1c15-4a95-931a-4af90ecb574d	45.982495	-66.753158	11.0						2022-09-17T11:57:58	17	9	2022	2543824	2543824	HUMAN_OBSERVATION	iNaturalist	Observations	135415270		Laura O'Connor	2022-09-17T19:11:00	CC_BY_NC_4_0	Laura O'Connor	Laura O'Connor			2025-01-14T13:25:24.874Z	StillImage	COORDINATE_ROUNDED;CONTINENT_DERIVED_FROM_COORDINATES;TAXON_MATCH_TAXON_ID_IGNORED
3911224764	55585622-7aeb-4921-a07c-5ddc97de9c5b	MGYA00523578_Eukaryota:Fungi:Basidiomycota:Agaricomycetes:Polyporales:Meruliaceae:Bjerkandera:Bjerkandera_adusta	Fungi	Basidiomycota	Agaricomycetes	Polyporales	Phanerochaetaceae	Bjerkandera	Bjerkandera adusta		SPECIES	Bjerkandera adusta (Willd.) P.Karst.	Bjerkandera adusta		CA	Varennes		PRESENT		ab733144-7043-4e88-bd4f-fca7bf858880	45.72	-73.37					0.15	0.0					2543824	2543824	MATERIAL_SAMPLE							CC_BY_4_0					2025-01-15T11:18:35.838Z		GEODETIC_DATUM_ASSUMED_WGS84;CONTINENT_DERIVED_FROM_COORDINATES
3902415078	50c9509d-22c7-4a22-a47d-8c48425ef4a7	https://www.inaturalist.org/observations/133280796	Fungi	Basidiomycota	Agaricomycetes	Polyporales	Phanerochaetaceae	Bjerkandera	Bjerkandera adusta		SPECIES	Bjerkandera adusta (Willd.) P.Karst.	Bjerkandera adusta		CA		Ontario	PRESENT		28eb1a3f-1c15-4a95-931a-4af90ecb574d	45.158234	-75.894936							2022-09-01T16:43:52	1	9	2022	2543824	2543824	HUMAN_OBSERVATION	iNaturalist	Observations	133280796		Alexis Williams	2022-09-02T00:59:09	CC_BY_4_0	Alexis Williams	Alexis Williams			2025-01-14T13:25:11.989Z	StillImage	COORDINATE_ROUNDED;CONTINENT_DERIVED_FROM_COORDINATES;TAXON_MATCH_TAXON_ID_IGNORED
3784675439	50c9509d-22c7-4a22-a47d-8c48425ef4a7	https://www.inaturalist.org/observations/113978370	Fungi	Basidiomycota	Agaricomycetes	Polyporales	Phanerochaetaceae	Bjerkandera	Bjerkandera adusta		SPECIES	Bjerkandera adusta (Willd.) P.Karst.	Bjerkandera adusta		CA		New Brunswick	PRESENT		28eb1a3f-1c15-4a95-931a-4af90ecb574d	45.903431	-64.350463	27095.0						2022-04-30T17:58	30	4	2022	2543824	2543824	HUMAN_OBSERVATION	iNaturalist	Observations	113978370		Ariel Bonkoski	2022-05-19T20:57:23	CC_BY_4_0	Claire Moxon-Waltz	Claire Moxon-Waltz			2025-01-14T12:29:27.834Z	StillImage	COORDINATE_ROUNDED;CONTINENT_DERIVED_FROM_COORDINATES;TAXON_MATCH_TAXON_ID_IGNORED
3772636910	50c9509d-22c7-4a22-a47d-8c48425ef4a7	https://www.inaturalist.org/observations/113556405	Fungi	Basidiomycota	Agaricomycetes	Polyporales	Phanerochaetaceae	Bjerkandera	Bjerkandera adusta		SPECIES	Bjerkandera adusta (Willd.) P.Karst.	Bjerkandera adusta		CA		Ontario	PRESENT		28eb1a3f-1c15-4a95-931a-4af90ecb574d	45.199017	-75.980658	6.0						2022-04-29T15:36:39	29	4	2022	2543824	2543824	HUMAN_OBSERVATION	iNaturalist	Observations	113556405		Keith Seifert	2022-04-29T21:00:37	CC0_1_0	Keith Seifert	Keith Seifert			2025-01-14T12:27:54.359Z	StillImage	COORDINATE_ROUNDED;CONTINENT_DERIVED_FROM_COORDINATES;TAXON_MATCH_TAXON_ID_IGNORED
3399178037	50c9509d-22c7-4a22-a47d-8c48425ef4a7	https://www.inaturalist.org/observations/98307305	Fungi	Basidiomycota	Agaricomycetes	Polyporales	Phanerochaetaceae	Bjerkandera	Bjerkandera adusta		SPECIES	Bjerkandera adusta (Willd.) P.Karst.	Bjerkandera adusta		CA		Ontario	PRESENT		28eb1a3f-1c15-4a95-931a-4af90ecb574d	45.359433	-75.619055	15.0						2021-10-15T14:47:45	15	10	2021	2543824	2543824	HUMAN_OBSERVATION	iNaturalist	Observations	98307305		Vanessa Hum	2021-10-15T19:40:30	CC_BY_NC_4_0	Vanessa Hum	Vanessa Hum			2025-01-14T12:25:28.673Z	StillImage	COORDINATE_ROUNDED;CONTINENT_DERIVED_FROM_COORDINATES;TAXON_MATCH_TAXON_ID_IGNORED
3398750892	50c9509d-22c7-4a22-a47d-8c48425ef4a7	https://www.inaturalist.org/observations/97404145	Fungi	Basidiomycota	Agaricomycetes	Polyporales	Phanerochaetaceae	Bjerkandera	Bjerkandera adusta		SPECIES	Bjerkandera adusta (Willd.) P.Karst.	Bjerkandera adusta		CA		Québec	PRESENT		28eb1a3f-1c15-4a95-931a-4af90ecb574d	48.432834	-68.548733	31.0						2021-09-24T17:08	24	9	2021	2543824	2543824	HUMAN_OBSERVATION	iNaturalist	Observations	97404145		Andrée Bourassa	2021-10-07T00:36:25	CC_BY_NC_4_0	Andrée Bourassa	Andrée Bourassa			2025-01-14T13:11:42.926Z	StillImage	COORDINATE_ROUNDED;CONTINENT_DERIVED_FROM_COORDINATES;TAXON_MATCH_TAXON_ID_IGNORED
3398680879	50c9509d-22c7-4a22-a47d-8c48425ef4a7	https://www.inaturalist.org/observations/97329893	Fungi	Basidiomycota	Agaricomycetes	Polyporales	Phanerochaetaceae	Bjerkandera	Bjerkandera adusta		SPECIES	Bjerkandera adusta (Willd.) P.Karst.	Bjerkandera adusta		CA		Ontario	PRESENT		28eb1a3f-1c15-4a95-931a-4af90ecb574d	45.163794	-75.460062	500.0						2021-10-05T15:49:59	5	10	2021	2543824	2543824	HUMAN_OBSERVATION	iNaturalist	Observations	97329893		Randy	2021-10-06T10:00:08	CC_BY_NC_4_0	Randy	Randy			2025-01-14T12:23:14.030Z	StillImage	COORDINATE_ROUNDED;CONTINENT_DERIVED_FROM_COORDINATES;TAXON_MATCH_TAXON_ID_IGNORED
3384703970	50c9509d-22c7-4a22-a47d-8c48425ef4a7	https://www.inaturalist.org/observations/94876887	Fungi	Basidiomycota	Agaricomycetes	Polyporales	Phanerochaetaceae	Bjerkandera	Bjerkandera adusta		SPECIES	Bjerkandera adusta (Willd.) P.Karst.	Bjerkandera adusta		CA		Ontario	PRESENT		28eb1a3f-1c15-4a95-931a-4af90ecb574d	45.363822	-75.273742	30.0						2021-09-09T16:39:14	9	9	2021	2543824	2543824	HUMAN_OBSERVATION	iNaturalist	Observations	94876887		Lynn Ovenden	2021-09-14T22:57:17	CC_BY_NC_4_0	Lynn Ovenden	Lynn Ovenden			2025-01-14T13:14:39.100Z	StillImage	COORDINATE_ROUNDED;CONTINENT_DERIVED_FROM_COORDINATES;TAXON_MATCH_TAXON_ID_IGNORED
3022658195	1f917113-dd55-4000-9f80-6266fab1af03	615569	Fungi	Basidiomycota	Agaricomycetes	Polyporales	Phanerochaetaceae	Bjerkandera	Bjerkandera adusta		SPECIES	Bjerkandera adusta (Willd.) P.Karst.	Bjerkandera adusta (Willd.) P. Karst.		CA	Camp Fortune, Gatineau Park		PRESENT		32859580-c30c-4367-8a8a-71f00fc9f833	45.50722	-75.85028							1979-07		7	1979	2543824	2543824	PRESERVED_SPECIMEN	TAAM	TAAM	TAAM098297		J. Ginns		CC_BY_NC_4_0	Triin Varvas	Nissan Binyamini			2025-01-12T09:58:14.490Z		CONTINENT_DERIVED_FROM_COORDINATES
3022658184	1f917113-dd55-4000-9f80-6266fab1af03	615566	Fungi	Basidiomycota	Agaricomycetes	Polyporales	Phanerochaetaceae	Bjerkandera	Bjerkandera adusta		SPECIES	Bjerkandera adusta (Willd.) P.Karst.	Bjerkandera adusta (Willd.) P. Karst.		CA	Black Lake, Gatineau Park		PRESENT		32859580-c30c-4367-8a8a-71f00fc9f833	45.56667	-75.94917							1979-07		7	1979	2543824	2543824	PRESERVED_SPECIMEN	TAAM	TAAM	TAAM098296		J. Ginns		CC_BY_NC_4_0	Triin Varvas	Nissan Binyamini			2025-01-12T09:58:14.495Z		CONTINENT_DERIVED_FROM_COORDINATES
3022658178	1f917113-dd55-4000-9f80-6266fab1af03	615568	Fungi	Basidiomycota	Agaricomycetes	Polyporales	Phanerochaetaceae	Bjerkandera	Bjerkandera adusta		SPECIES	Bjerkandera adusta (Willd.) P.Karst.	Bjerkandera adusta (Willd.) P. Karst.		CA	Black Lake, Gatineau Park		PRESENT		32859580-c30c-4367-8a8a-71f00fc9f833	45.56667	-75.94917							1979-07		7	1979	2543824	2543824	PRESERVED_SPECIMEN	TAAM	TAAM	TAAM098298		J. Ginns		CC_BY_NC_4_0	Triin Varvas	Nissan Binyamini			2025-01-12T09:58:14.547Z		CONTINENT_DERIVED_FROM_COORDINATES
3022658159	1f917113-dd55-4000-9f80-6266fab1af03	615570	Fungi	Basidiomycota	Agaricomycetes	Polyporales	Phanerochaetaceae	Bjerkandera	Bjerkandera adusta		SPECIES	Bjerkandera adusta (Willd.) P.Karst.	Bjerkandera adusta (Willd.) P. Karst.		CA	Camp Fortune, Gatineau Park		PRESENT		32859580-c30c-4367-8a8a-71f00fc9f833	45.50722	-75.85028							1979-07		7	1979	2543824	2543824	PRESERVED_SPECIMEN	TAAM	TAAM	TAAM098300		J. Ginns		CC_BY_NC_4_0	Triin Varvas	Nissan Binyamini			2025-01-12T09:58:14.497Z		CONTINENT_DERIVED_FROM_COORDINATES
2901886395	50c9509d-22c7-4a22-a47d-8c48425ef4a7	https://www.inaturalist.org/observations/63275836	Fungi	Basidiomycota	Agaricomycetes	Polyporales	Phanerochaetaceae	Bjerkandera	Bjerkandera adusta		SPECIES	Bjerkandera adusta (Willd.) P.Karst.	Bjerkandera adusta		CA		Ontario	PRESENT		28eb1a3f-1c15-4a95-931a-4af90ecb574d	45.342774	-75.221339	305.0						2020-10-20T16:13:53	20	10	2020	2543824	2543824	HUMAN_OBSERVATION	iNaturalist	Observations	63275836		Lynn Ovenden	2020-10-22T22:00:24	CC_BY_NC_4_0	Lynn Ovenden	Lynn Ovenden			2025-01-14T13:06:15.894Z	StillImage	COORDINATE_ROUNDED;CONTINENT_DERIVED_FROM_COORDINATES;TAXON_MATCH_TAXON_ID_IGNORED
2856515253	50c9509d-22c7-4a22-a47d-8c48425ef4a7	https://www.inaturalist.org/observations/57573083	Fungi	Basidiomycota	Agaricomycetes	Polyporales	Phanerochaetaceae	Bjerkandera	Bjerkandera adusta		SPECIES	Bjerkandera adusta (Willd.) P.Karst.	Bjerkandera adusta		CA		Ontario	PRESENT		28eb1a3f-1c15-4a95-931a-4af90ecb574d	45.589537	-78.368513	64.0						2020-08-25T11:08:23	25	8	2020	2543824	2543824	HUMAN_OBSERVATION	iNaturalist	Observations	57573083		Massimo Tabone	2020-08-25T20:14:01	CC_BY_NC_4_0	mumblebumble	mumblebumble			2025-01-14T12:15:18.730Z	StillImage	COORDINATE_ROUNDED;CONTINENT_DERIVED_FROM_COORDINATES;TAXON_MATCH_TAXON_ID_IGNORED
2826361386	50c9509d-22c7-4a22-a47d-8c48425ef4a7	https://www.inaturalist.org/observations/34742235	Fungi	Basidiomycota	Agaricomycetes	Polyporales	Phanerochaetaceae	Bjerkandera	Bjerkandera adusta		SPECIES	Bjerkandera adusta (Willd.) P.Karst.	Bjerkandera adusta		CA		New Brunswick	PRESENT		28eb1a3f-1c15-4a95-931a-4af90ecb574d	46.16595	-64.330641	1502.0						2011-10-22T13:53	22	10	2011	2543824	2543824	HUMAN_OBSERVATION	iNaturalist	Observations	34742235		Raymonde G Chartier	2019-10-22T16:52:06	CC_BY_NC_4_0	Raymonde G Chartier	Raymonde G Chartier			2025-01-14T12:09:40.954Z	StillImage	COORDINATE_ROUNDED;CONTINENT_DERIVED_FROM_COORDINATES;TAXON_MATCH_TAXON_ID_IGNORED
2826167396	50c9509d-22c7-4a22-a47d-8c48425ef4a7	https://www.inaturalist.org/observations/37723788	Fungi	Basidiomycota	Agaricomycetes	Polyporales	Phanerochaetaceae	Bjerkandera	Bjerkandera adusta		SPECIES	Bjerkandera adusta (Willd.) P.Karst.	Bjerkandera adusta		CA		Ontario	PRESENT		28eb1a3f-1c15-4a95-931a-4af90ecb574d	45.384673	-75.703525							2020-01-18T13:55	18	1	2020	2543824	2543824	HUMAN_OBSERVATION	iNaturalist	Observations	37723788		Carl-Adam Wegenschimmel	2020-01-24T16:09:30	CC_BY_NC_4_0	Nicholas Soucy	Nicholas Soucy			2025-01-14T12:10:23.357Z	StillImage	COORDINATE_ROUNDED;CONTINENT_DERIVED_FROM_COORDINATES;TAXON_MATCH_TAXON_ID_IGNORED
2826124413	50c9509d-22c7-4a22-a47d-8c48425ef4a7	https://www.inaturalist.org/observations/38240315	Fungi	Basidiomycota	Agaricomycetes	Polyporales	Phanerochaetaceae	Bjerkandera	Bjerkandera adusta		SPECIES	Bjerkandera adusta (Willd.) P.Karst.	Bjerkandera adusta		CA		Ontario	PRESENT		28eb1a3f-1c15-4a95-931a-4af90ecb574d	45.5612	-78.603792							2020-02-02T12:01:51	2	2	2020	2543824	2543824	HUMAN_OBSERVATION	iNaturalist	Observations	38240315		Carl-Adam Wegenschimmel	2020-02-03T01:01:08	CC_BY_NC_4_0	Carl-Adam Wegenschimmel	Carl-Adam Wegenschimmel			2025-01-14T12:10:34.559Z	StillImage	COORDINATE_ROUNDED;CONTINENT_DERIVED_FROM_COORDINATES;TAXON_MATCH_TAXON_ID_IGNORED
2634239969	50c9509d-22c7-4a22-a47d-8c48425ef4a7	https://www.inaturalist.org/observations/46902813	Fungi	Basidiomycota	Agaricomycetes	Polyporales	Phanerochaetaceae	Bjerkandera	Bjerkandera adusta		SPECIES	Bjerkandera adusta (Willd.) P.Karst.	Bjerkandera adusta		CA		Ontario	PRESENT		28eb1a3f-1c15-4a95-931a-4af90ecb574d	45.584071	-78.331231	3227.0						2020-05-22	22	5	2020	2543824	2543824	HUMAN_OBSERVATION	iNaturalist	Observations	46902813		jmass	2020-05-22T23:07:17	CC_BY_NC_4_0	jmass	jmass			2025-01-14T12:12:30.506Z	StillImage	COORDINATE_ROUNDED;CONTINENT_DERIVED_FROM_COORDINATES;TAXON_MATCH_TAXON_ID_IGNORED
2028437962	50c9509d-22c7-4a22-a47d-8c48425ef4a7	https://www.inaturalist.org/observations/17086074	Fungi	Basidiomycota	Agaricomycetes	Polyporales	Phanerochaetaceae	Bjerkandera	Bjerkandera adusta		SPECIES	Bjerkandera adusta (Willd.) P.Karst.	Bjerkandera adusta		CA		Ontario	PRESENT		28eb1a3f-1c15-4a95-931a-4af90ecb574d	45.157523	-78.846541	9.0						2018-09-29T15:06:43	29	9	2018	2543824	2543824	HUMAN_OBSERVATION	iNaturalist	Observations	17086074		antoniocillero	2018-10-01T01:31:13	CC_BY_NC_4_0	antoniocillero	antoniocillero			2025-01-14T12:05:53.180Z	StillImage	COORDINATE_ROUNDED;CONTINENT_DERIVED_FROM_COORDINATES;TAXON_MATCH_TAXON_ID_IGNORED
1990288521	032f1fbe-d21f-407d-be46-5cd1bb1ea397	2ffa949e-83b2-4ca4-9d8c-ec742cd01d68	Fungi	Basidiomycota	Agaricomycetes	Polyporales	Phanerochaetaceae	Bjerkandera	Bjerkandera adusta		SPECIES	Polyporus adustus (Willd.) Fr.	Polyporus adustus	(Willd.) Fr.	CA	Whitney, Algonquin Park, Lake of Two Rivers	Ontario	PRESENT		61c539d8-47e0-4b82-875f-b95aad66dcd4	45.584722	-78.476389							1938-09-15	15	9	1938	5245648	2543824	PRESERVED_SPECIMEN	TENN-F		TENN-F-015021	LRH15021			CC0_1_0		H.S. Jackson			2025-01-12T10:33:40.904Z		COORDINATE_ROUNDED;GEODETIC_DATUM_ASSUMED_WGS84;CONTINENT_DERIVED_FROM_COORDINATES;TAXON_MATCH_TAXON_ID_IGNORED;INSTITUTION_MATCH_NONE
1990280044	032f1fbe-d21f-407d-be46-5cd1bb1ea397	74ec7a9e-0365-452d-bd8e-901c2f050ca3	Fungi	Basidiomycota	Agaricomycetes	Polyporales	Phanerochaetaceae	Bjerkandera	Bjerkandera adusta		SPECIES	Polyporus adustus (Willd.) Fr.	Polyporus adustus	(Willd.) Fr.	CA	Berthierville	Quebec	PRESENT		61c539d8-47e0-4b82-875f-b95aad66dcd4	46.0875	-73.184722							1931-05-25	25	5	1931	5245648	2543824	PRESERVED_SPECIMEN	TENN-F		TENN-F-006236	LRH6236			CC0_1_0		R. Pomerleau			2025-01-12T10:33:47.912Z		COORDINATE_ROUNDED;GEODETIC_DATUM_ASSUMED_WGS84;CONTINENT_DERIVED_FROM_COORDINATES;TAXON_MATCH_TAXON_ID_IGNORED;INSTITUTION_MATCH_NONE
1807258238	e8a25a42-f125-476c-8554-3ec21cd51a84	ACAD:114901	Fungi	Basidiomycota	Agaricomycetes	Polyporales	Phanerochaetaceae	Bjerkandera	Bjerkandera adusta		SPECIES	Polyporus adustus (Willd.) Fr.	Polyporus adustus	(Willd.) Fr., 1821	CA	Kentville	Nova Scotia	PRESENT		6491ad8c-8e49-4bd4-a089-0ddb3bbe0890	45.07662	-64.49592											5245648	2543824	PRESERVED_SPECIMEN	Acadia University	ACAD	6548F				CC0_1_0	Acadia University	Harrison, KA			2024-01-25T01:37:14.793Z	StillImage	GEODETIC_DATUM_INVALID;GEODETIC_DATUM_ASSUMED_WGS84;TAXON_MATCH_TAXON_ID_IGNORED;INSTITUTION_MATCH_FUZZY;COLLECTION_MATCH_FUZZY
1807258229	e8a25a42-f125-476c-8554-3ec21cd51a84	ACAD:114912	Fungi	Basidiomycota	Agaricomycetes	Polyporales	Phanerochaetaceae	Bjerkandera	Bjerkandera adusta		SPECIES	Polyporus adustus (Willd.) Fr.	Polyporus adustus	(Willd.) Fr., 1821	CA	Kentville	Nova Scotia	PRESENT		6491ad8c-8e49-4bd4-a089-0ddb3bbe0890	45.07662	-64.49592							1930-08-16	16	8	1930	5245648	2543824	PRESERVED_SPECIMEN	Acadia University	ACAD	6559F				CC0_1_0	Acadia University	Harrison, KA			2024-01-25T01:37:14.807Z	StillImage	GEODETIC_DATUM_INVALID;GEODETIC_DATUM_ASSUMED_WGS84;TAXON_MATCH_TAXON_ID_IGNORED;INSTITUTION_MATCH_FUZZY;COLLECTION_MATCH_FUZZY
1807256044	e8a25a42-f125-476c-8554-3ec21cd51a84	ACAD:112578	Fungi	Basidiomycota	Agaricomycetes	Polyporales	Phanerochaetaceae	Bjerkandera	Bjerkandera adusta		SPECIES	Polyporus adustus (Willd.) Fr.	Polyporus adustus	(Willd.) Fr., 1821	CA	Kentville	Nova Scotia	PRESENT		6491ad8c-8e49-4bd4-a089-0ddb3bbe0890	45.07662	-64.49592							1953-04-04	4	4	1953	5245648	2543824	PRESERVED_SPECIMEN	Acadia University	ACAD	2482F	2482			CC0_1_0	Acadia University	Harrison, KA			2024-01-25T01:37:10.993Z	StillImage	GEODETIC_DATUM_INVALID;GEODETIC_DATUM_ASSUMED_WGS84;TAXON_MATCH_TAXON_ID_IGNORED;INSTITUTION_MATCH_FUZZY;COLLECTION_MATCH_FUZZY
1807255967	e8a25a42-f125-476c-8554-3ec21cd51a84	ACAD:112810	Fungi	Basidiomycota	Agaricomycetes	Polyporales	Phanerochaetaceae	Bjerkandera	Bjerkandera adusta		SPECIES	Bjerkandera adusta (Willd.) P.Karst.	Bjerkandera adusta (Willd.) P. Karst.	(Willd.) P. Karst.	CA	(Kentville)	Nova Scotia	PRESENT		6491ad8c-8e49-4bd4-a089-0ddb3bbe0890	45.07662	-64.49592							1931-11-25	25	11	1931	2543824	2543824	PRESERVED_SPECIMEN	Acadia University	ACAD	29F	29			CC0_1_0	Acadia University	H, KA			2024-01-25T01:37:10.703Z	StillImage	GEODETIC_DATUM_INVALID;GEODETIC_DATUM_ASSUMED_WGS84;TAXON_MATCH_TAXON_ID_IGNORED;INSTITUTION_MATCH_FUZZY;COLLECTION_MATCH_FUZZY
1807255089	e8a25a42-f125-476c-8554-3ec21cd51a84	ACAD:111679	Fungi	Basidiomycota	Agaricomycetes	Polyporales	Phanerochaetaceae	Bjerkandera	Bjerkandera adusta		SPECIES	Bjerkandera adusta (Willd.) P.Karst.	Bjerkandera adusta (Willd.) P. Karst.	(Willd.) P. Karst.	CA	Kentville	Nova Scotia	PRESENT		6491ad8c-8e49-4bd4-a089-0ddb3bbe0890	45.07662	-64.49592							1942-01-01	1	1	1942	2543824	2543824	PRESERVED_SPECIMEN	Acadia University	ACAD	1308F	1308			CC0_1_0	Acadia University	Lewis, RM			2024-01-25T01:37:07.176Z	StillImage	GEODETIC_DATUM_INVALID;GEODETIC_DATUM_ASSUMED_WGS84;TAXON_MATCH_TAXON_ID_IGNORED;INSTITUTION_MATCH_FUZZY;COLLECTION_MATCH_FUZZY
1807255014	e8a25a42-f125-476c-8554-3ec21cd51a84	ACAD:111675	Fungi	Basidiomycota	Agaricomycetes	Polyporales	Phanerochaetaceae	Bjerkandera	Bjerkandera adusta		SPECIES	Bjerkandera adusta (Willd.) P.Karst.	Bjerkandera adusta (Willd.) P. Karst.	(Willd.) P. Karst.	CA	Kentville	Nova Scotia	PRESENT		6491ad8c-8e49-4bd4-a089-0ddb3bbe0890	45.07662	-64.49592							1941-12-31	31	12	1941	2543824	2543824	PRESERVED_SPECIMEN	Acadia University	ACAD	1300F	1300			CC0_1_0	Acadia University	Lewis, RM			2024-01-25T01:37:07.176Z	StillImage	GEODETIC_DATUM_INVALID;GEODETIC_DATUM_ASSUMED_WGS84;TAXON_MATCH_TAXON_ID_IGNORED;INSTITUTION_MATCH_FUZZY;COLLECTION_MATCH_FUZZY
1806351474	50c9509d-22c7-4a22-a47d-8c48425ef4a7	https://www.inaturalist.org/observations/9590691	Fungi	Basidiomycota	Agaricomycetes	Polyporales	Phanerochaetaceae	Bjerkandera	Bjerkandera adusta		SPECIES	Bjerkandera adusta (Willd.) P.Karst.	Bjerkandera adusta		CA		Ontario	PRESENT		28eb1a3f-1c15-4a95-931a-4af90ecb574d	45.5794	-78.51955	385.0						2015-09-14	14	9	2015	2543824	2543824	HUMAN_OBSERVATION	iNaturalist	Observations	9590691		mycowalt	2018-01-23T22:36:47	CC_BY_NC_4_0	mycowalt	mycowalt			2025-01-14T12:59:29.465Z	StillImage	CONTINENT_DERIVED_FROM_COORDINATES;TAXON_MATCH_TAXON_ID_IGNORED
1412707778	21705170-d2b6-42de-8904-c3bca4b83591	CMMF016160	Fungi	Basidiomycota	Agaricomycetes	Polyporales	Phanerochaetaceae	Bjerkandera	Bjerkandera adusta		SPECIES	Bjerkandera adusta (Willd.) P.Karst.	Bjerkandera adusta (Willd.) P. Karst.	(Willd.) P. Karst.	CA	Côte Saint-Sacrement, Québec.	Québec	PRESENT		ff7bd5db-b724-4932-b496-10ea298851f9	46.797128	-71.255968	500.0						2003-09-20	20	9	2003	2543824	2543824	PRESERVED_SPECIMEN	Université de Montréal Biodiversity Centre	CMMF	CMMF016160		Sirard, Léas; Boulet, Bruno		CC0_1_0	Université de Montréal Biodiversity Centre	Sirard, Léas; Boulet, Bruno			2024-01-24T16:38:18.610Z		INSTITUTION_MATCH_FUZZY;COLLECTION_MATCH_FUZZY;DIFFERENT_OWNER_INSTITUTION
1412707750	21705170-d2b6-42de-8904-c3bca4b83591	CMMF016158	Fungi	Basidiomycota	Agaricomycetes	Polyporales	Phanerochaetaceae	Bjerkandera	Bjerkandera adusta		SPECIES	Bjerkandera adusta (Willd.) P.Karst.	Bjerkandera adusta (Willd.) P. Karst.	(Willd.) P. Karst.	CA	Chapelle de la Réparation, Montréal-Est, Québec.	Québec	PRESENT		ff7bd5db-b724-4932-b496-10ea298851f9	45.669758	-73.512302	500.0						1988-10		10	1988	2543824	2543824	PRESERVED_SPECIMEN	Université de Montréal Biodiversity Centre	CMMF	CMMF016158		Sirard, Léas; Boulet, Bruno		CC0_1_0	Université de Montréal Biodiversity Centre	Sirard, Léas; Boulet, Bruno			2024-01-24T16:38:18.611Z		INSTITUTION_MATCH_FUZZY;COLLECTION_MATCH_FUZZY;DIFFERENT_OWNER_INSTITUTION
1412707747	21705170-d2b6-42de-8904-c3bca4b83591	CMMF016157	Fungi	Basidiomycota	Agaricomycetes	Polyporales	Phanerochaetaceae	Bjerkandera	Bjerkandera adusta		SPECIES	Bjerkandera adusta (Willd.) P.Karst.	Bjerkandera adusta (Willd.) P. Karst.	(Willd.) P. Karst.	CA	Valcartier, Québec.	Québec	PRESENT		ff7bd5db-b724-4932-b496-10ea298851f9	46.937798	-71.470098	30000.0						1971-10-11	11	10	1971	2543824	2543824	PRESERVED_SPECIMEN	Université de Montréal Biodiversity Centre	CMMF	CMMF016157		Sirard, Léas		CC0_1_0	Université de Montréal Biodiversity Centre	Sirard, Léas			2024-01-24T16:38:18.612Z		INSTITUTION_MATCH_FUZZY;COLLECTION_MATCH_FUZZY;DIFFERENT_OWNER_INSTITUTION
1412707708	21705170-d2b6-42de-8904-c3bca4b83591	CMMF016159	Fungi	Basidiomycota	Agaricomycetes	Polyporales	Phanerochaetaceae	Bjerkandera	Bjerkandera adusta		SPECIES	Bjerkandera adusta (Willd.) P.Karst.	Bjerkandera adusta (Willd.) P. Karst.	(Willd.) P. Karst.	CA	Sainte-Foy, Québec.	Québec	PRESENT		ff7bd5db-b724-4932-b496-10ea298851f9	46.780042	-71.374844	9000.0						1974-10-30	30	10	1974	2543824	2543824	PRESERVED_SPECIMEN	Université de Montréal Biodiversity Centre	CMMF	CMMF016159		Sirard, Léas; Boulet, Bruno		CC0_1_0	Université de Montréal Biodiversity Centre	Sirard, Léas; Boulet, Bruno			2024-01-24T16:38:18.625Z		INSTITUTION_MATCH_FUZZY;COLLECTION_MATCH_FUZZY;DIFFERENT_OWNER_INSTITUTION
1412707643	21705170-d2b6-42de-8904-c3bca4b83591	CMMF016156	Fungi	Basidiomycota	Agaricomycetes	Polyporales	Phanerochaetaceae	Bjerkandera	Bjerkandera adusta		SPECIES	Bjerkandera adusta (Willd.) P.Karst.	Bjerkandera adusta (Willd.) P. Karst.	(Willd.) P. Karst.	CA	Rue Marquette, Québec, Québec.	Québec	PRESENT		ff7bd5db-b724-4932-b496-10ea298851f9	46.799728	-71.23768	600.0						1973-11-26	26	11	1973	2543824	2543824	PRESERVED_SPECIMEN	Université de Montréal Biodiversity Centre	CMMF	CMMF016156		Sirard, Léas; Boulet, Bruno		CC0_1_0	Université de Montréal Biodiversity Centre	Sirard, Léas; Boulet, Bruno			2024-01-24T16:38:18.611Z		INSTITUTION_MATCH_FUZZY;COLLECTION_MATCH_FUZZY;DIFFERENT_OWNER_INSTITUTION
1412706768	21705170-d2b6-42de-8904-c3bca4b83591	CMMF015235	Fungi	Basidiomycota	Agaricomycetes	Polyporales	Phanerochaetaceae	Bjerkandera	Bjerkandera adusta		SPECIES	Bjerkandera adusta (Willd.) P.Karst.	Bjerkandera adusta (Willd.) P. Karst.	(Willd.) P. Karst.	CA	Lac Émeraude, Saint-Ubalde, Québec.	Québec	PRESENT		ff7bd5db-b724-4932-b496-10ea298851f9	46.820449	-72.234717	2000.0						1994-07-23	23	7	1994	2543824	2543824	PRESERVED_SPECIMEN	Université de Montréal Biodiversity Centre	CMMF	CMMF015235	781	Guérin, Gérard		CC0_1_0	Université de Montréal Biodiversity Centre	Guérin, Gérard			2024-01-24T16:38:17.030Z	StillImage	INSTITUTION_MATCH_FUZZY;COLLECTION_MATCH_FUZZY;DIFFERENT_OWNER_INSTITUTION
1412704362	21705170-d2b6-42de-8904-c3bca4b83591	CMMF012439	Fungi	Basidiomycota	Agaricomycetes	Polyporales	Phanerochaetaceae	Bjerkandera	Bjerkandera adusta		SPECIES	Polyporus adustus (Willd.) Fr.	Polyporus adustus (Willd.) Fr.	(Willd.) Fr.	CA	Mont Shefford, Québec.	Québec	PRESENT		ff7bd5db-b724-4932-b496-10ea298851f9	45.362262	-72.611227	5000.0						1948-09-18	18	9	1948	5245648	2543824	PRESERVED_SPECIMEN	Université de Montréal Biodiversity Centre	CMMF	CMMF012439	1905	Pomerleau, René		CC0_1_0	Université de Montréal Biodiversity Centre	Fabius, Fr.			2024-01-24T16:38:19.974Z		INSTITUTION_MATCH_FUZZY;COLLECTION_MATCH_FUZZY;DIFFERENT_OWNER_INSTITUTION
1144828940	81e6cff2-b409-417e-8c72-e1bbafb7c61f	71f05aee-8032-495e-898e-6cfb572a75a7	Fungi	Basidiomycota	Agaricomycetes	Polyporales	Phanerochaetaceae	Bjerkandera	Bjerkandera adusta		SPECIES	Bjerkandera adusta (Willd.) P.Karst.	Bjerkandera adusta	(Willd. ex Fr.) P. Karst.	CA	Iberville	Québec	PRESENT		7b8aff00-a9f8-11d8-944b-b8a03c50a862	45.316667	-73.233333							1951-10-01	1	10	1951	2543824	2543824	PRESERVED_SPECIMEN	F	Botany	C0203856F	F-21	United States Department of Agriculture - Pacific Northwest Research Station		CC0_1_0	The Field Museum of Natural History	Frère Marie-Anselme			2024-02-20T16:06:35.309Z		GEODETIC_DATUM_ASSUMED_WGS84;MODIFIED_DATE_INVALID;AMBIGUOUS_COLLECTION;INSTITUTION_MATCH_FUZZY
1135071317	21705170-d2b6-42de-8904-c3bca4b83591	CMMF009791	Fungi	Basidiomycota	Agaricomycetes	Polyporales	Phanerochaetaceae	Bjerkandera	Bjerkandera adusta		SPECIES	Bjerkandera adusta (Willd.) P.Karst.	Bjerkandera adusta (Willd.) P. Karst.	(Willd.) P. Karst.	CA	Parc des Moulins, Québec.	Québec	PRESENT		ff7bd5db-b724-4932-b496-10ea298851f9	46.887678	-71.301288	600.0						2007-08-16	16	8	2007	2543824	2543824	PRESERVED_SPECIMEN	Université de Montréal Biodiversity Centre	CMMF	CMMF009791	1376	Labbé, Roland		CC0_1_0	Université de Montréal Biodiversity Centre	Labrecque, Jacqueline			2024-01-24T16:38:21.172Z		INSTITUTION_MATCH_FUZZY;COLLECTION_MATCH_FUZZY;DIFFERENT_OWNER_INSTITUTION
1135071110	21705170-d2b6-42de-8904-c3bca4b83591	CMMF009619	Fungi	Basidiomycota	Agaricomycetes	Polyporales	Phanerochaetaceae	Bjerkandera	Bjerkandera adusta		SPECIES	Bjerkandera adusta (Willd.) P.Karst.	Bjerkandera adusta (Willd.) P. Karst.	(Willd.) P. Karst.	CA	Sentiers Trans-Québec Est, Lac-Beauport.	Québec	PRESENT		ff7bd5db-b724-4932-b496-10ea298851f9	46.953091	-71.275238	5000.0						2007-07-27	27	7	2007	2543824	2543824	PRESERVED_SPECIMEN	Université de Montréal Biodiversity Centre	CMMF	CMMF009619	1203	Labrecque, Jacqueline		CC0_1_0	Université de Montréal Biodiversity Centre	Labrecque, Jacqueline			2024-01-24T16:38:20.994Z		INSTITUTION_MATCH_FUZZY;COLLECTION_MATCH_FUZZY;DIFFERENT_OWNER_INSTITUTION
1135070240	21705170-d2b6-42de-8904-c3bca4b83591	CMMF008799	Fungi	Basidiomycota	Agaricomycetes	Polyporales	Phanerochaetaceae	Bjerkandera	Bjerkandera adusta		SPECIES	Bjerkandera adusta (Willd.) P.Karst.	Bjerkandera adusta (Willd.) P. Karst.	(Willd.) P. Karst.	CA	Pinède Rourke, Lac-Beauport.	Québec	PRESENT		ff7bd5db-b724-4932-b496-10ea298851f9	46.953091	-71.275238	5000.0						2006-07-25	25	7	2006	2543824	2543824	PRESERVED_SPECIMEN	Université de Montréal Biodiversity Centre	CMMF	CMMF008799	381	Labrecque, Jacqueline		CC0_1_0	Université de Montréal Biodiversity Centre	Labrecque, Jacqueline			2024-01-24T16:38:18.824Z		INSTITUTION_MATCH_FUZZY;COLLECTION_MATCH_FUZZY;DIFFERENT_OWNER_INSTITUTION
1024560167	21705170-d2b6-42de-8904-c3bca4b83591	CMMF005627	Fungi	Basidiomycota	Agaricomycetes	Polyporales	Phanerochaetaceae	Bjerkandera	Bjerkandera adusta		SPECIES	Bjerkandera adusta (Willd.) P.Karst.	Bjerkandera adusta (Willd.) P. Karst.	(Willd.) P. Karst.	CA	Oka (forêt de Kanesatake)	Québec	PRESENT		ff7bd5db-b724-4932-b496-10ea298851f9	45.47015	-74.0873	100.0						1978-03-11	11	3	1978	2543824	2543824	PRESERVED_SPECIMEN	Université de Montréal Biodiversity Centre	CMMF	CMMF005627	1087	McNeil, Raymond		CC0_1_0	Université de Montréal Biodiversity Centre	McNeil, Raymond			2024-01-24T16:38:15.763Z	StillImage	INSTITUTION_MATCH_FUZZY;COLLECTION_MATCH_FUZZY;DIFFERENT_OWNER_INSTITUTION
1024560150	21705170-d2b6-42de-8904-c3bca4b83591	CMMF005626	Fungi	Basidiomycota	Agaricomycetes	Polyporales	Phanerochaetaceae	Bjerkandera	Bjerkandera adusta		SPECIES	Bjerkandera adusta (Willd.) P.Karst.	Bjerkandera adusta (Willd.) P. Karst.	(Willd.) P. Karst.	CA	Châteauguay	Québec	PRESENT		ff7bd5db-b724-4932-b496-10ea298851f9	45.362233	-73.704033	100.0						2005-10-30	30	10	2005	2543824	2543824	PRESERVED_SPECIMEN	Université de Montréal Biodiversity Centre	CMMF	CMMF005626	C2709	McNeil, Raymond		CC0_1_0	Université de Montréal Biodiversity Centre	McNeil, Raymond			2024-01-24T16:38:15.763Z	StillImage	COORDINATE_ROUNDED;INSTITUTION_MATCH_FUZZY;COLLECTION_MATCH_FUZZY;DIFFERENT_OWNER_INSTITUTION
