gbifID	datasetKey	occurrenceID	kingdom	phylum	class	order	family	genus	species	infraspecificEpithet	taxonRank	scientificName	verbatimScientificName	verbatimScientificNameAuthorship	countryCode	locality	stateProvince	occurrenceStatus	individualCount	publishingOrgKey	decimalLatitude	decimalLongitude	coordinateUncertaintyInMeters	coordinatePrecision	elevation	elevationAccuracy	depth	depthAccuracy	eventDate	day	month	year	taxonKey	speciesKey	basisOfRecord	institutionCode	collectionCode	catalogNumber	recordNumber	identifiedBy	dateIdentified	license	rightsHolder	recordedBy	typeStatus	establishmentMeans	lastInterpreted	mediaType	issue
694157474	d7cfd2ed-8af4-427f-a16e-eb66b7e2c419	16355	Fungi	Basidiomycota	Agaricomycetes	Agaricales	Cortinariaceae	Cortinarius	Cortinarius malicorius		SPECIES	Cortinarius malicorius Fr.	Cortinarius malicorius Fr.	Fr.	CA	Petawawa Forest Experimental Station	Ontario	PRESENT		ff418020-1d67-11d9-8435-b8a03c50a862	46.00829	-77.421513	958.0						1941-09-01	1	9	1941	2528800	2528800	PRESERVED_SPECIMEN	Royal Ontario Museum	TRTC	TRTC152025	10481	Groves, J.W.		CC0_1_0	Royal Ontario Museum	Groves, J.W.;			2024-01-25T00:59:39.243Z		COORDINATE_ROUNDED;AMBIGUOUS_INSTITUTION
694156981	d7cfd2ed-8af4-427f-a16e-eb66b7e2c419	13949	Fungi	Basidiomycota	Agaricomycetes	Agaricales	Cortinariaceae	Cortinarius	Cortinarius malicorius		SPECIES	Cortinarius malicorius Fr.	Cortinarius malicorius Fr.	Fr.	CA	Algonquin Provincial Park	Ontario	PRESENT		ff418020-1d67-11d9-8435-b8a03c50a862	45.759859	-78.376465	67511.0						2006-09-30	30	9	2006	2528800	2528800	PRESERVED_SPECIMEN	Royal Ontario Museum	TRTC	TRTC151199	ET06-2			CC0_1_0	Royal Ontario Museum	Elizabeth Thompson			2024-01-25T00:59:38.916Z		COORDINATE_ROUNDED;AMBIGUOUS_INSTITUTION
617555084	21705170-d2b6-42de-8904-c3bca4b83591	CMMF000650	Fungi	Basidiomycota	Agaricomycetes	Agaricales	Cortinariaceae	Cortinarius	Cortinarius malicorius		SPECIES	Cortinarius malicorius Fr.	Cortinarius malicorius Fr.	Fr.	CA	Saint-Herménégilde	Québec	PRESENT		ff7bd5db-b724-4932-b496-10ea298851f9	45.105574	-71.672847	3000.0						1989-08-23	23	8	1989	2528800	2528800	PRESERVED_SPECIMEN	Université de Montréal Biodiversity Centre	CMMF	CMMF000650		Lamoureux, Yves		CC0_1_0	Université de Montréal Biodiversity Centre	Archambault, Raymond			2024-01-24T16:38:20.110Z	StillImage	INSTITUTION_MATCH_FUZZY;COLLECTION_MATCH_FUZZY;DIFFERENT_OWNER_INSTITUTION
617554282	21705170-d2b6-42de-8904-c3bca4b83591	CMMF000398	Fungi	Basidiomycota	Agaricomycetes	Agaricales	Cortinariaceae	Cortinarius	Cortinarius malicorius		SPECIES	Cortinarius malicorius Fr.	Cortinarius malicorius Fr.	Fr.	CA	Forêt Larose	Ontario	PRESENT		ff7bd5db-b724-4932-b496-10ea298851f9	45.371919	-75.171224	7000.0						1988-10-01	1	10	1988	2528800	2528800	PRESERVED_SPECIMEN	Université de Montréal Biodiversity Centre	CMMF	CMMF000398		Lamoureux, Yves		CC0_1_0	Université de Montréal Biodiversity Centre	unknown			2024-01-24T16:38:20.828Z	StillImage	INSTITUTION_MATCH_FUZZY;COLLECTION_MATCH_FUZZY;DIFFERENT_OWNER_INSTITUTION
617551375	21705170-d2b6-42de-8904-c3bca4b83591	CMMF002679	Fungi	Basidiomycota	Agaricomycetes	Agaricales	Cortinariaceae	Cortinarius	Cortinarius malicorius		SPECIES	Cortinarius malicorius Fr.	Cortinarius malicorius Fr.	Fr.	CA	Saint-Majorique	Québec	PRESENT		ff7bd5db-b724-4932-b496-10ea298851f9	45.931221	-72.584529	5000.0						1995-09-27	27	9	1995	2528800	2528800	PRESERVED_SPECIMEN	Université de Montréal Biodiversity Centre	CMMF	CMMF002679		Lamoureux, Yves		CC0_1_0	Université de Montréal Biodiversity Centre	Lamoureux, Yves			2024-01-24T16:38:20.344Z	StillImage	INSTITUTION_MATCH_FUZZY;COLLECTION_MATCH_FUZZY;DIFFERENT_OWNER_INSTITUTION
617550009	21705170-d2b6-42de-8904-c3bca4b83591	CMMF002087	Fungi	Basidiomycota	Agaricomycetes	Agaricales	Cortinariaceae	Cortinarius	Cortinarius malicorius		SPECIES	Cortinarius malicorius Fr.	Cortinarius malicorius Fr.	Fr.	CA	Lachute	Québec	PRESENT		ff7bd5db-b724-4932-b496-10ea298851f9	45.664878	-74.292134	8500.0						1993-09-29	29	9	1993	2528800	2528800	PRESERVED_SPECIMEN	Université de Montréal Biodiversity Centre	CMMF	CMMF002087		Lamoureux, Yves		CC0_1_0	Université de Montréal Biodiversity Centre	Lamoureux, Yves			2024-01-24T16:38:19.953Z	StillImage	INSTITUTION_MATCH_FUZZY;COLLECTION_MATCH_FUZZY;DIFFERENT_OWNER_INSTITUTION
617549747	21705170-d2b6-42de-8904-c3bca4b83591	CMMF001971	Fungi	Basidiomycota	Agaricomycetes	Agaricales	Cortinariaceae	Cortinarius	Cortinarius malicorius		SPECIES	Cortinarius malicorius Fr.	Cortinarius malicorius Fr.	Fr.	CA	Saint-Herménégilde	Québec	PRESENT		ff7bd5db-b724-4932-b496-10ea298851f9	45.105574	-71.672847	3000.0						1993-08-16	16	8	1993	2528800	2528800	PRESERVED_SPECIMEN	Université de Montréal Biodiversity Centre	CMMF	CMMF001971		Lamoureux, Yves		CC0_1_0	Université de Montréal Biodiversity Centre	Archambault, Raymond			2024-01-24T16:38:17.293Z	StillImage	INSTITUTION_MATCH_FUZZY;COLLECTION_MATCH_FUZZY;DIFFERENT_OWNER_INSTITUTION
4528141035	50c9509d-22c7-4a22-a47d-8c48425ef4a7	https://www.inaturalist.org/observations/179568419	Fungi	Basidiomycota	Agaricomycetes	Agaricales	Cortinariaceae	Cortinarius	Cortinarius malicorius		SPECIES	Cortinarius malicorius Fr.	Cortinarius malicorius		CA		New Brunswick	PRESENT		28eb1a3f-1c15-4a95-931a-4af90ecb574d	46.011428	-66.626678	26.0						2023-08-20T10:58	20	8	2023	2528800	2528800	HUMAN_OBSERVATION	iNaturalist	Observations	179568419		Stephen Russell	2024-02-21T17:32:07	CC_BY_NC_4_0	Alfredo Justo	Alfredo Justo			2025-01-14T13:32:12.101Z	StillImage	COORDINATE_ROUNDED;CONTINENT_DERIVED_FROM_COORDINATES;TAXON_MATCH_TAXON_ID_IGNORED
4100054425	d1a3b128-b406-46bb-a6d1-f3591dcc8a7b	dc4fcc1a-ff45-4701-b950-76791c5ea0b1	Fungi	Basidiomycota	Agaricomycetes	Agaricales	Cortinariaceae	Cortinarius	Cortinarius malicorius		SPECIES	Cortinarius croceifolius Peck	Cortinarius croceifolius	Peck	CA	Tourville	Quebec	PRESENT		e43cf4b8-849e-4fac-b075-e652d019d2cf	47.1	-69.983333	18019.0						1966-01-09	9	1	1966	2529348	2528800	PRESERVED_SPECIMEN	BPI		BPI 775065		Groves, J. W.		CC0_1_0		Groves, J. W.			2025-01-15T04:59:42.399Z		GEODETIC_DATUM_ASSUMED_WGS84;CONTINENT_DERIVED_FROM_COORDINATES;TAXON_MATCH_TAXON_ID_IGNORED;INSTITUTION_MATCH_FUZZY
4034653505	50c9509d-22c7-4a22-a47d-8c48425ef4a7	https://www.inaturalist.org/observations/138058415	Fungi	Basidiomycota	Agaricomycetes	Agaricales	Cortinariaceae	Cortinarius	Cortinarius malicorius		SPECIES	Cortinarius malicorius Fr.	Cortinarius malicorius		CA		New Brunswick	PRESENT		28eb1a3f-1c15-4a95-931a-4af90ecb574d	46.797767	-66.465964	16.0						2022-10-05T11:35	5	10	2022	2528800	2528800	HUMAN_OBSERVATION	iNaturalist	Observations	138058415		Stephen Russell	2023-02-03T07:07:05	CC_BY_NC_4_0	Alfredo Justo	Alfredo Justo			2025-01-14T12:32:37.647Z	StillImage	COORDINATE_ROUNDED;CONTINENT_DERIVED_FROM_COORDINATES;TAXON_MATCH_TAXON_ID_IGNORED
4028814940	50c9509d-22c7-4a22-a47d-8c48425ef4a7	https://www.inaturalist.org/observations/132348531	Fungi	Basidiomycota	Agaricomycetes	Agaricales	Cortinariaceae	Cortinarius	Cortinarius malicorius		SPECIES	Cortinarius malicorius Fr.	Cortinarius malicorius		CA		New Brunswick	PRESENT		28eb1a3f-1c15-4a95-931a-4af90ecb574d	46.898444	-65.365953	916.0						2019-09-16T11:39	16	9	2019	2528800	2528800	HUMAN_OBSERVATION	iNaturalist	Observations	132348531		Stephen Russell	2023-02-03T07:04:53	CC_BY_NC_4_0	Alfredo Justo	Alfredo Justo			2025-01-14T12:33:22Z	StillImage	COORDINATE_ROUNDED;CONTINENT_DERIVED_FROM_COORDINATES;TAXON_MATCH_TAXON_ID_IGNORED
3351820561	d8cd16ba-bb74-4420-821e-083f2bac17c2	MN751382	Fungi	Basidiomycota	Agaricomycetes	Agaricales	Cortinariaceae	Cortinarius	Cortinarius malicorius		SPECIES	Cortinarius malicorius Fr.	Cortinarius malicorius		CA	Quebec, Chibougamau		PRESENT		ada9d123-ddb4-467d-8891-806ea8d94230	49.91	-74.21							2017-09-06	6	9	2017	2528800	2528800	PRESERVED_SPECIMEN			MQ17137-QFB29645		Jacques Landry		CC_BY_4_0		Mycoquebec			2025-01-18T13:05:50.329Z		GEODETIC_DATUM_ASSUMED_WGS84;CONTINENT_DERIVED_FROM_COORDINATES;TAXON_MATCH_TAXON_CONCEPT_ID_IGNORED;TAXON_MATCH_TAXON_ID_IGNORED
3351812377	d8cd16ba-bb74-4420-821e-083f2bac17c2	MN751380	Fungi	Basidiomycota	Agaricomycetes	Agaricales	Cortinariaceae	Cortinarius	Cortinarius malicorius		SPECIES	Cortinarius malicorius Fr.	Cortinarius malicorius		CA	Quebec, Abitibi-Temiscamingue, Dubuisson, Camping du Nid d'aigle		PRESENT		ada9d123-ddb4-467d-8891-806ea8d94230	48.09	-77.91							2010-08-05	5	8	2010	2528800	2528800	PRESERVED_SPECIMEN			MQ19-PAT-CMMF020682		Jacques Landry		CC_BY_4_0		Patrick Poitras			2025-01-18T13:05:50.625Z		GEODETIC_DATUM_ASSUMED_WGS84;CONTINENT_DERIVED_FROM_COORDINATES;TAXON_MATCH_TAXON_CONCEPT_ID_IGNORED;TAXON_MATCH_TAXON_ID_IGNORED
3351800359	d8cd16ba-bb74-4420-821e-083f2bac17c2	MN751381	Fungi	Basidiomycota	Agaricomycetes	Agaricales	Cortinariaceae	Cortinarius	Cortinarius malicorius		SPECIES	Cortinarius malicorius Fr.	Cortinarius malicorius		CA	Quebec, Saint-Majorique		PRESENT		ada9d123-ddb4-467d-8891-806ea8d94230	45.93	-72.58							1995-09-27	27	9	1995	2528800	2528800	PRESERVED_SPECIMEN			MQ19-CMMF002679		Jacques Landry		CC_BY_4_0		Yves Lamoureux			2025-01-18T13:05:50.365Z		GEODETIC_DATUM_ASSUMED_WGS84;CONTINENT_DERIVED_FROM_COORDINATES;TAXON_MATCH_TAXON_CONCEPT_ID_IGNORED;TAXON_MATCH_TAXON_ID_IGNORED
3351798337	d8cd16ba-bb74-4420-821e-083f2bac17c2	MN751383	Fungi	Basidiomycota	Agaricomycetes	Agaricales	Cortinariaceae	Cortinarius	Cortinarius malicorius		SPECIES	Cortinarius malicorius Fr.	Cortinarius malicorius		CA	Quebec, Lac Bouchette, Ermitage Saint-Antoine		PRESENT		ada9d123-ddb4-467d-8891-806ea8d94230	48.27	-72.19							2015-09-01	1	9	2015	2528800	2528800	PRESERVED_SPECIMEN			MQ18-HRL2102-QFB29882		Jacques Landry		CC_BY_4_0		Renee Lebeuf			2025-01-18T13:05:50.292Z		GEODETIC_DATUM_ASSUMED_WGS84;CONTINENT_DERIVED_FROM_COORDINATES;TAXON_MATCH_TAXON_CONCEPT_ID_IGNORED;TAXON_MATCH_TAXON_ID_IGNORED
3351647505	d8cd16ba-bb74-4420-821e-083f2bac17c2	MN751154	Fungi	Basidiomycota	Agaricomycetes	Agaricales	Cortinariaceae	Cortinarius	Cortinarius malicorius		SPECIES	Cortinarius croceoconus Fr.	Cortinarius croceoconus		CA	Quebec, Matawinie, Saint-Donat		PRESENT		ada9d123-ddb4-467d-8891-806ea8d94230	46.32	-74.22							1995-09-06	6	9	1995	3348056	2528800	PRESERVED_SPECIMEN			MQ18-CMMF002560		Jacques Landry		CC_BY_4_0		Yves Lamoureux			2025-01-18T13:05:59.634Z		GEODETIC_DATUM_ASSUMED_WGS84;CONTINENT_DERIVED_FROM_COORDINATES;TAXON_MATCH_TAXON_CONCEPT_ID_IGNORED;TAXON_MATCH_TAXON_ID_IGNORED
3351643406	d8cd16ba-bb74-4420-821e-083f2bac17c2	MN751156	Fungi	Basidiomycota	Agaricomycetes	Agaricales	Cortinariaceae	Cortinarius	Cortinarius malicorius		SPECIES	Cortinarius croceoconus Fr.	Cortinarius croceoconus		CA	Quebec, Ile Perrot		PRESENT		ada9d123-ddb4-467d-8891-806ea8d94230	45.37	-73.95							2015-10-12	12	10	2015	3348056	2528800	PRESERVED_SPECIMEN			MQ18-HRL2212-QFB29982		Jacques Landry		CC_BY_4_0		JPTurgon			2025-01-18T13:05:59.925Z		GEODETIC_DATUM_ASSUMED_WGS84;CONTINENT_DERIVED_FROM_COORDINATES;TAXON_MATCH_TAXON_CONCEPT_ID_IGNORED;TAXON_MATCH_TAXON_ID_IGNORED
3351639223	d8cd16ba-bb74-4420-821e-083f2bac17c2	MN751155	Fungi	Basidiomycota	Agaricomycetes	Agaricales	Cortinariaceae	Cortinarius	Cortinarius malicorius		SPECIES	Cortinarius croceoconus Fr.	Cortinarius croceoconus		CA	Quebec, Saint-Come		PRESENT		ada9d123-ddb4-467d-8891-806ea8d94230	46.31	-73.76							2014-09-13	13	9	2014	3348056	2528800	PRESERVED_SPECIMEN			MQ19-YL4289-CMMF020722		Jacques Landry		CC_BY_4_0		Lamoureux, Yves			2025-01-18T13:04:47.379Z		GEODETIC_DATUM_ASSUMED_WGS84;CONTINENT_DERIVED_FROM_COORDINATES;TAXON_MATCH_TAXON_CONCEPT_ID_IGNORED;TAXON_MATCH_TAXON_ID_IGNORED
3349364670	d8cd16ba-bb74-4420-821e-083f2bac17c2	MN751378	Fungi	Basidiomycota	Agaricomycetes	Agaricales	Cortinariaceae	Cortinarius	Cortinarius malicorius		SPECIES	Cortinarius malicorius Fr.	Cortinarius malicorius		CA	Quebec, Abitibi-Temiscamingue, McWatters, Lac Joannes		PRESENT		ada9d123-ddb4-467d-8891-806ea8d94230	48.2	-78.66							2010-08-09	9	8	2010	2528800	2528800	PRESERVED_SPECIMEN			MQ19-PAT-CMMF020683		Jacques Landry		CC_BY_4_0		Patrick Poitras			2025-01-18T13:05:50.363Z		GEODETIC_DATUM_ASSUMED_WGS84;CONTINENT_DERIVED_FROM_COORDINATES;TAXON_MATCH_TAXON_CONCEPT_ID_IGNORED;TAXON_MATCH_TAXON_ID_IGNORED
3349361622	d8cd16ba-bb74-4420-821e-083f2bac17c2	MN751377	Fungi	Basidiomycota	Agaricomycetes	Agaricales	Cortinariaceae	Cortinarius	Cortinarius malicorius		SPECIES	Cortinarius malicorius Fr.	Cortinarius malicorius		CA	Quebec, Anse Creuse		PRESENT		ada9d123-ddb4-467d-8891-806ea8d94230	48.2	-69.86											2528800	2528800	PRESERVED_SPECIMEN			MQ18-HL1420-QFB30064		Jacques Landry		CC_BY_4_0		Herman Lambert			2025-01-18T13:05:50.624Z		GEODETIC_DATUM_ASSUMED_WGS84;CONTINENT_DERIVED_FROM_COORDINATES;TAXON_MATCH_TAXON_CONCEPT_ID_IGNORED;TAXON_MATCH_TAXON_ID_IGNORED
3349317405	d8cd16ba-bb74-4420-821e-083f2bac17c2	MN751375	Fungi	Basidiomycota	Agaricomycetes	Agaricales	Cortinariaceae	Cortinarius	Cortinarius malicorius		SPECIES	Cortinarius malicorius Fr.	Cortinarius malicorius		CA	Quebec, Abitibi-Temiscamingue, Val-d'Or, Cote de 100 pieds		PRESENT		ada9d123-ddb4-467d-8891-806ea8d94230	48.09	-77.78							2016-09-20	20	9	2016	2528800	2528800	PRESERVED_SPECIMEN			MQ19-PAT-CMMF020685		Jacques Landry		CC_BY_4_0		Patrick Poitras			2025-01-18T13:05:59.493Z		GEODETIC_DATUM_ASSUMED_WGS84;CONTINENT_DERIVED_FROM_COORDINATES;TAXON_MATCH_TAXON_CONCEPT_ID_IGNORED;TAXON_MATCH_TAXON_ID_IGNORED
3349304175	d8cd16ba-bb74-4420-821e-083f2bac17c2	MN751379	Fungi	Basidiomycota	Agaricomycetes	Agaricales	Cortinariaceae	Cortinarius	Cortinarius malicorius		SPECIES	Cortinarius malicorius Fr.	Cortinarius malicorius		CA	Quebec, Abitibi-Temiscamingue, La Ferme, Sanctuaire Marial		PRESENT		ada9d123-ddb4-467d-8891-806ea8d94230	48.58	-78.23							2018-08-07	7	8	2018	2528800	2528800	PRESERVED_SPECIMEN			MQ19-PAT0149		Jacques Landry		CC_BY_4_0		Patrick Poitras			2025-01-18T13:05:50.329Z		GEODETIC_DATUM_ASSUMED_WGS84;CONTINENT_DERIVED_FROM_COORDINATES;TAXON_MATCH_TAXON_CONCEPT_ID_IGNORED;TAXON_MATCH_TAXON_ID_IGNORED
3349298399	d8cd16ba-bb74-4420-821e-083f2bac17c2	MN751374	Fungi	Basidiomycota	Agaricomycetes	Agaricales	Cortinariaceae	Cortinarius	Cortinarius malicorius		SPECIES	Cortinarius malicorius Fr.	Cortinarius malicorius		CA	Quebec, riviere Ste-Marguerite, Fosse 8 (km 26)		PRESENT		ada9d123-ddb4-467d-8891-806ea8d94230	48.32	-69.99											2528800	2528800	PRESERVED_SPECIMEN			MQ18-HL1036-QFB30021		Jacques Landry		CC_BY_4_0		Herman Lambert			2025-01-18T13:04:47.519Z		GEODETIC_DATUM_ASSUMED_WGS84;CONTINENT_DERIVED_FROM_COORDINATES;TAXON_MATCH_TAXON_CONCEPT_ID_IGNORED;TAXON_MATCH_TAXON_ID_IGNORED
3349232778	d8cd16ba-bb74-4420-821e-083f2bac17c2	MN751376	Fungi	Basidiomycota	Agaricomycetes	Agaricales	Cortinariaceae	Cortinarius	Cortinarius malicorius		SPECIES	Cortinarius malicorius Fr.	Cortinarius malicorius		CA	Quebec, Abitibi-Temiscamingue, Dubuisson, Camping du Nid d'aigle		PRESENT		ada9d123-ddb4-467d-8891-806ea8d94230	48.09	-77.91							2010-09-19	19	9	2010	2528800	2528800	PRESERVED_SPECIMEN			MQ19-PAT-CMMF020684		Jacques Landry		CC_BY_4_0		Patrick Poitras			2025-01-18T13:05:50.572Z		GEODETIC_DATUM_ASSUMED_WGS84;CONTINENT_DERIVED_FROM_COORDINATES;TAXON_MATCH_TAXON_CONCEPT_ID_IGNORED;TAXON_MATCH_TAXON_ID_IGNORED
3058963410	50c9509d-22c7-4a22-a47d-8c48425ef4a7	https://www.inaturalist.org/observations/34829234	Fungi	Basidiomycota	Agaricomycetes	Agaricales	Cortinariaceae	Cortinarius	Cortinarius malicorius		SPECIES	Cortinarius malicorius Fr.	Cortinarius malicorius		CA		New Brunswick	PRESENT		28eb1a3f-1c15-4a95-931a-4af90ecb574d	46.16595	-64.330641	1502.0						2011-08-20T09:56	20	8	2011	2528800	2528800	HUMAN_OBSERVATION	iNaturalist	Observations	34829234		Raymonde G Chartier	2019-10-24T14:56:57	CC_BY_NC_4_0	Raymonde G Chartier	Raymonde G Chartier			2025-01-14T13:00:28.569Z	StillImage	COORDINATE_ROUNDED;CONTINENT_DERIVED_FROM_COORDINATES;TAXON_MATCH_TAXON_ID_IGNORED
3058771411	50c9509d-22c7-4a22-a47d-8c48425ef4a7	https://www.inaturalist.org/observations/35166088	Fungi	Basidiomycota	Agaricomycetes	Agaricales	Cortinariaceae	Cortinarius	Cortinarius malicorius		SPECIES	Cortinarius malicorius Fr.	Cortinarius malicorius		CA		New Brunswick	PRESENT		28eb1a3f-1c15-4a95-931a-4af90ecb574d	46.736609	-65.213757	244.0						2016-09-05T10:04	5	9	2016	2528800	2528800	HUMAN_OBSERVATION	iNaturalist	Observations	35166088		Raymonde G Chartier	2019-11-01T15:20:13	CC_BY_NC_4_0	Raymonde G Chartier	Raymonde G Chartier			2025-01-14T12:10:00.849Z	StillImage	COORDINATE_ROUNDED;CONTINENT_DERIVED_FROM_COORDINATES;TAXON_MATCH_TAXON_ID_IGNORED
3058715598	50c9509d-22c7-4a22-a47d-8c48425ef4a7	https://www.inaturalist.org/observations/61777460	Fungi	Basidiomycota	Agaricomycetes	Agaricales	Cortinariaceae	Cortinarius	Cortinarius malicorius		SPECIES	Cortinarius malicorius Fr.	Cortinarius malicorius		CA		Ontario	PRESENT		28eb1a3f-1c15-4a95-931a-4af90ecb574d	45.549348	-74.417396	347.0						2020-10-04T15:10:06	4	10	2020	2528800	2528800	HUMAN_OBSERVATION	iNaturalist	Observations	61777460		Lynn Ovenden	2020-10-05T14:15:06	CC_BY_NC_4_0	Lynn Ovenden	Lynn Ovenden			2025-01-14T13:10:33.759Z	StillImage	COORDINATE_ROUNDED;CONTINENT_DERIVED_FROM_COORDINATES;TAXON_MATCH_TAXON_ID_IGNORED
3058700417	50c9509d-22c7-4a22-a47d-8c48425ef4a7	https://www.inaturalist.org/observations/34042828	Fungi	Basidiomycota	Agaricomycetes	Agaricales	Cortinariaceae	Cortinarius	Cortinarius malicorius		SPECIES	Cortinarius malicorius Fr.	Cortinarius malicorius		CA		New Brunswick	PRESENT		28eb1a3f-1c15-4a95-931a-4af90ecb574d	46.221647	-64.503444	488.0						2019-09-26T13:53	26	9	2019	2528800	2528800	HUMAN_OBSERVATION	iNaturalist	Observations	34042828		Raymonde G Chartier	2019-10-08T00:34:34	CC_BY_NC_4_0	Raymonde G Chartier	Raymonde G Chartier			2025-01-14T12:09:28.686Z	StillImage	COORDINATE_ROUNDED;CONTINENT_DERIVED_FROM_COORDINATES;TAXON_MATCH_TAXON_ID_IGNORED
2423612846	21705170-d2b6-42de-8904-c3bca4b83591	CMMF020774	Fungi	Basidiomycota	Agaricomycetes	Agaricales	Cortinariaceae	Cortinarius	Cortinarius malicorius		SPECIES	Cortinarius malicorius Fr.	Cortinarius malicorius Fr.	Fr.	CA	Sanctuaire Marial, La Ferme, Abitibi-Témiscamingue. Le Sanctuaire Marial se trouve à une centaine de mètres du Domaine St-Viateur La Source, qui est situé à l'adresse 150, chemin St-Viateur, Trécesson		PRESENT		ff7bd5db-b724-4932-b496-10ea298851f9	48.582285	-78.222744	200.0						2018-08-07	7	8	2018	2528800	2528800	PRESERVED_SPECIMEN	Université de Montréal Biodiversity Centre	CMMF	CMMF020774	pat0149	Poitras, Patrick		CC0_1_0	Université de Montréal Biodiversity Centre	Poitras, Patrick			2024-01-24T16:38:16.186Z		COORDINATE_ROUNDED;GEODETIC_DATUM_INVALID;GEODETIC_DATUM_ASSUMED_WGS84;COUNTRY_DERIVED_FROM_COORDINATES;CONTINENT_DERIVED_FROM_COORDINATES;INSTITUTION_MATCH_FUZZY;COLLECTION_MATCH_FUZZY;DIFFERENT_OWNER_INSTITUTION
1847644294	50c9509d-22c7-4a22-a47d-8c48425ef4a7	https://www.inaturalist.org/observations/9569968	Fungi	Basidiomycota	Agaricomycetes	Agaricales	Cortinariaceae	Cortinarius	Cortinarius malicorius		SPECIES	Cortinarius malicorius Fr.	Cortinarius malicorius		CA		Ontario	PRESENT		28eb1a3f-1c15-4a95-931a-4af90ecb574d	45.7819	-78.3696							2000-09-20	20	9	2000	2528800	2528800	HUMAN_OBSERVATION	iNaturalist	Observations	9569968		mycowalt	2018-01-23T05:09:28	CC_BY_NC_4_0	mycowalt	mycowalt			2025-01-14T12:05:29.388Z	StillImage	COORDINATE_UNCERTAINTY_METERS_INVALID;CONTINENT_DERIVED_FROM_COORDINATES;TAXON_MATCH_TAXON_ID_IGNORED
1412706203	21705170-d2b6-42de-8904-c3bca4b83591	CMMF014606	Fungi	Basidiomycota	Agaricomycetes	Agaricales	Cortinariaceae	Cortinarius	Cortinarius malicorius		SPECIES	Dermocybe malicoria (Fr.) Ricken	Dermocybe malicoria (Fr.) Ricken	(Fr.) Ricken	CA	Shipshaw, Québec.	Québec	PRESENT		ff7bd5db-b724-4932-b496-10ea298851f9	48.466834	-71.263421	2500.0						1984-08-24/1987-08-24				8000820	2528800	PRESERVED_SPECIMEN	Université de Montréal Biodiversity Centre	CMMF	CMMF014606	2224	Trescoll, Fernand; Guérin, Gérard		CC0_1_0	Université de Montréal Biodiversity Centre	Trescoll, Fernand			2024-01-24T16:38:20.322Z	StillImage	INSTITUTION_MATCH_FUZZY;COLLECTION_MATCH_FUZZY;DIFFERENT_OWNER_INSTITUTION
1412706148	21705170-d2b6-42de-8904-c3bca4b83591	CMMF014605	Fungi	Basidiomycota	Agaricomycetes	Agaricales	Cortinariaceae	Cortinarius	Cortinarius malicorius		SPECIES	Dermocybe malicoria (Fr.) Ricken	Dermocybe malicoria (Fr.) Ricken	(Fr.) Ricken	CA	Parc des Laurentides, Québec.	Québec	PRESENT		ff7bd5db-b724-4932-b496-10ea298851f9	47.828312	-71.630575	80000.0						1984-08-19	19	8	1984	8000820	2528800	PRESERVED_SPECIMEN	Université de Montréal Biodiversity Centre	CMMF	CMMF014605	2223	Guérin, Gérard		CC0_1_0	Université de Montréal Biodiversity Centre	Guérin, Gérard			2024-01-24T16:38:20.331Z	StillImage	INSTITUTION_MATCH_FUZZY;COLLECTION_MATCH_FUZZY;DIFFERENT_OWNER_INSTITUTION
1412706098	21705170-d2b6-42de-8904-c3bca4b83591	CMMF014607	Fungi	Basidiomycota	Agaricomycetes	Agaricales	Cortinariaceae	Cortinarius	Cortinarius malicorius		SPECIES	Dermocybe malicoria (Fr.) Ricken	Dermocybe malicoria (Fr.) Ricken	(Fr.) Ricken	CA	Petit-Saguenay, Québec.	Québec	PRESENT		ff7bd5db-b724-4932-b496-10ea298851f9	48.211445	-70.071049	3500.0						1994-09-24	24	9	1994	8000820	2528800	PRESERVED_SPECIMEN	Université de Montréal Biodiversity Centre	CMMF	CMMF014607	2225	Guérin, Gérard		CC0_1_0	Université de Montréal Biodiversity Centre	Guérin, Gérard			2024-01-24T16:38:20.322Z	StillImage	INSTITUTION_MATCH_FUZZY;COLLECTION_MATCH_FUZZY;DIFFERENT_OWNER_INSTITUTION
1412706083	21705170-d2b6-42de-8904-c3bca4b83591	CMMF014604	Fungi	Basidiomycota	Agaricomycetes	Agaricales	Cortinariaceae	Cortinarius	Cortinarius malicorius		SPECIES	Dermocybe croceifolia (Peck) M.M.Moser	Dermocybe croceifolia (Pers.) Fr.	(Pers.) Fr.	CA	Jonquière, Québec.	Québec	PRESENT		ff7bd5db-b724-4932-b496-10ea298851f9	48.415418	-71.2432	7000.0						1982-08-08	8	8	1982	2529349	2528800	PRESERVED_SPECIMEN	Université de Montréal Biodiversity Centre	CMMF	CMMF014604	2222	Guérin, Gérard		CC0_1_0	Université de Montréal Biodiversity Centre	Guérin, Gérard			2024-01-24T16:38:20.322Z	StillImage	INSTITUTION_MATCH_FUZZY;COLLECTION_MATCH_FUZZY;DIFFERENT_OWNER_INSTITUTION
1135071421	21705170-d2b6-42de-8904-c3bca4b83591	CMMF009971	Fungi	Basidiomycota	Agaricomycetes	Agaricales	Cortinariaceae	Cortinarius	Cortinarius malicorius		SPECIES	Cortinarius malicorius Fr.	Cortinarius malicorius Fr.	Fr.	CA	Chemin Chapelle sud, Lac-Beauport.	Québec	PRESENT		ff7bd5db-b724-4932-b496-10ea298851f9	46.948621	-71.283499	150.0						2007-09-09	9	9	2007	2528800	2528800	PRESERVED_SPECIMEN	Université de Montréal Biodiversity Centre	CMMF	CMMF009971	1556	Labrecque, Jacqueline		CC0_1_0	Université de Montréal Biodiversity Centre	Labrecque, Jacqueline			2024-01-24T16:38:21.422Z		INSTITUTION_MATCH_FUZZY;COLLECTION_MATCH_FUZZY;DIFFERENT_OWNER_INSTITUTION
1135070751	21705170-d2b6-42de-8904-c3bca4b83591	CMMF009311	Fungi	Basidiomycota	Agaricomycetes	Agaricales	Cortinariaceae	Cortinarius	Cortinarius malicorius		SPECIES	Cortinarius malicorius Fr.	Cortinarius malicorius Fr.	Fr.	CA	Rue des Acadiens, Québec.	Québec	PRESENT		ff7bd5db-b724-4932-b496-10ea298851f9	46.918501	-71.254455	4000.0						2006-09-30	30	9	2006	2528800	2528800	PRESERVED_SPECIMEN	Université de Montréal Biodiversity Centre	CMMF	CMMF009311	895	Labbé, Roland		CC0_1_0	Université de Montréal Biodiversity Centre	Labrecque, Jacqueline			2024-01-24T16:38:21.648Z	StillImage	INSTITUTION_MATCH_FUZZY;COLLECTION_MATCH_FUZZY;DIFFERENT_OWNER_INSTITUTION
1135070624	21705170-d2b6-42de-8904-c3bca4b83591	CMMF009159	Fungi	Basidiomycota	Agaricomycetes	Agaricales	Cortinariaceae	Cortinarius	Cortinarius malicorius		SPECIES	Cortinarius malicorius Fr.	Cortinarius malicorius Fr.	Fr.	CA	Chemin O'Neil, Lac-Beauport.	Québec	PRESENT		ff7bd5db-b724-4932-b496-10ea298851f9	46.953091	-71.306427	5000.0						2006-09-10	10	9	2006	2528800	2528800	PRESERVED_SPECIMEN	Université de Montréal Biodiversity Centre	CMMF	CMMF009159	743	Labrecque, Jacqueline		CC0_1_0	Université de Montréal Biodiversity Centre	Labrecque, Jacqueline			2024-01-24T16:38:20.251Z	StillImage	INSTITUTION_MATCH_FUZZY;COLLECTION_MATCH_FUZZY;DIFFERENT_OWNER_INSTITUTION
1135069672	21705170-d2b6-42de-8904-c3bca4b83591	CMMF008238	Fungi	Basidiomycota	Agaricomycetes	Agaricales	Cortinariaceae	Cortinarius	Cortinarius malicorius		SPECIES	Cortinarius malicorius Fr.	Cortinarius malicorius Fr.	Fr.	CA	Parc de la Gaspésie (sortie sud)	Québec	PRESENT		ff7bd5db-b724-4932-b496-10ea298851f9	48.856883	-66.20075	100.0						2011-08-21	21	8	2011	2528800	2528800	PRESERVED_SPECIMEN	Université de Montréal Biodiversity Centre	CMMF	CMMF008238	C3863	McNeil, Raymond		CC0_1_0	Université de Montréal Biodiversity Centre	McNeil, Raymond			2024-01-24T16:38:18.288Z	StillImage	COORDINATE_ROUNDED;INSTITUTION_MATCH_FUZZY;COLLECTION_MATCH_FUZZY;DIFFERENT_OWNER_INSTITUTION
1135069395	21705170-d2b6-42de-8904-c3bca4b83591	CMMF007934	Fungi	Basidiomycota	Agaricomycetes	Agaricales	Cortinariaceae	Cortinarius	Cortinarius malicorius		SPECIES	Cortinarius malicorius Fr.	Cortinarius malicorius Fr.	Fr.	CA	Sainte-Euphémie	Québec	PRESENT		ff7bd5db-b724-4932-b496-10ea298851f9	46.7689	-70.445417	100.0						2013-09-04	4	9	2013	2528800	2528800	PRESERVED_SPECIMEN	Université de Montréal Biodiversity Centre	CMMF	CMMF007934	C4257	McNeil, Raymond		CC0_1_0	Université de Montréal Biodiversity Centre	McNeil, Raymond			2024-01-24T16:38:15.629Z	StillImage	COORDINATE_ROUNDED;INSTITUTION_MATCH_FUZZY;COLLECTION_MATCH_FUZZY;DIFFERENT_OWNER_INSTITUTION
1135069301	21705170-d2b6-42de-8904-c3bca4b83591	CMMF007933	Fungi	Basidiomycota	Agaricomycetes	Agaricales	Cortinariaceae	Cortinarius	Cortinarius malicorius		SPECIES	Cortinarius malicorius Fr.	Cortinarius malicorius Fr.	Fr.	CA	Sainte-Euphémie	Québec	PRESENT		ff7bd5db-b724-4932-b496-10ea298851f9	46.7689	-70.445417	100.0						2013-09-04	4	9	2013	2528800	2528800	PRESERVED_SPECIMEN	Université de Montréal Biodiversity Centre	CMMF	CMMF007933	C4256	McNeil, Raymond		CC0_1_0	Université de Montréal Biodiversity Centre	McNeil, Raymond			2024-01-24T16:38:15.604Z	StillImage	COORDINATE_ROUNDED;INSTITUTION_MATCH_FUZZY;COLLECTION_MATCH_FUZZY;DIFFERENT_OWNER_INSTITUTION
1135069166	21705170-d2b6-42de-8904-c3bca4b83591	CMMF007689	Fungi	Basidiomycota	Agaricomycetes	Agaricales	Cortinariaceae	Cortinarius	Cortinarius malicorius		SPECIES	Cortinarius malicorius Fr.	Cortinarius malicorius Fr.	Fr.	CA	Sainte-Béatrix	Québec	PRESENT		ff7bd5db-b724-4932-b496-10ea298851f9	46.191667	-73.614167	100.0						1981-09-12	12	9	1981	2528800	2528800	PRESERVED_SPECIMEN	Université de Montréal Biodiversity Centre	CMMF	CMMF007689	1296	McNeil, Raymond		CC0_1_0	Université de Montréal Biodiversity Centre	McNeil, Raymond			2024-01-24T16:38:16.055Z	StillImage	COORDINATE_ROUNDED;INSTITUTION_MATCH_FUZZY;COLLECTION_MATCH_FUZZY;DIFFERENT_OWNER_INSTITUTION
1135068428	21705170-d2b6-42de-8904-c3bca4b83591	CMMF006940	Fungi	Basidiomycota	Agaricomycetes	Agaricales	Cortinariaceae	Cortinarius	Cortinarius malicorius		SPECIES	Cortinarius malicorius Fr.	Cortinarius malicorius Fr.	Fr.	CA	Lachute	Québec	PRESENT		ff7bd5db-b724-4932-b496-10ea298851f9	45.66275	-74.241983	100.0						2007-09-30	30	9	2007	2528800	2528800	PRESERVED_SPECIMEN	Université de Montréal Biodiversity Centre	CMMF	CMMF006940	C3200	McNeil, Raymond		CC0_1_0	Université de Montréal Biodiversity Centre	McNeil, Raymond			2024-01-24T16:38:18.654Z	StillImage	COORDINATE_ROUNDED;INSTITUTION_MATCH_FUZZY;COLLECTION_MATCH_FUZZY;DIFFERENT_OWNER_INSTITUTION
1135068402	21705170-d2b6-42de-8904-c3bca4b83591	CMMF006984	Fungi	Basidiomycota	Agaricomycetes	Agaricales	Cortinariaceae	Cortinarius	Cortinarius malicorius		SPECIES	Cortinarius malicorius Fr.	Cortinarius malicorius Fr.	Fr.	CA	Lachute	Québec	PRESENT		ff7bd5db-b724-4932-b496-10ea298851f9	45.66275	-74.241983	100.0						2013-09-25	25	9	2013	2528800	2528800	PRESERVED_SPECIMEN	Université de Montréal Biodiversity Centre	CMMF	CMMF006984	C4311	McNeil, Raymond		CC0_1_0	Université de Montréal Biodiversity Centre	McNeil, Raymond			2024-01-24T16:38:19.608Z	StillImage	COORDINATE_ROUNDED;INSTITUTION_MATCH_FUZZY;COLLECTION_MATCH_FUZZY;DIFFERENT_OWNER_INSTITUTION
1135068352	21705170-d2b6-42de-8904-c3bca4b83591	CMMF006863	Fungi	Basidiomycota	Agaricomycetes	Agaricales	Cortinariaceae	Cortinarius	Cortinarius malicorius		SPECIES	Cortinarius malicorius Fr.	Cortinarius malicorius Fr.	Fr.	CA	Lachute	Québec	PRESENT		ff7bd5db-b724-4932-b496-10ea298851f9	45.66275	-74.241983	100.0						1984-10-07	7	10	1984	2528800	2528800	PRESERVED_SPECIMEN	Université de Montréal Biodiversity Centre	CMMF	CMMF006863	1732	McNeil, Raymond		CC0_1_0	Université de Montréal Biodiversity Centre	McNeil, Raymond			2024-01-24T16:38:18.676Z	StillImage	COORDINATE_ROUNDED;INSTITUTION_MATCH_FUZZY;COLLECTION_MATCH_FUZZY;DIFFERENT_OWNER_INSTITUTION
1135068293	21705170-d2b6-42de-8904-c3bca4b83591	CMMF006790	Fungi	Basidiomycota	Agaricomycetes	Agaricales	Cortinariaceae	Cortinarius	Cortinarius malicorius		SPECIES	Cortinarius malicorius Fr.	Cortinarius malicorius Fr.	Fr.	CA	Mirabel (Parc du Domaine Vert)	Québec	PRESENT		ff7bd5db-b724-4932-b496-10ea298851f9	45.661667	-73.908333	100.0						1978-09-16	16	9	1978	2528800	2528800	PRESERVED_SPECIMEN	Université de Montréal Biodiversity Centre	CMMF	CMMF006790	Inexistant	McNeil, Raymond		CC0_1_0	Université de Montréal Biodiversity Centre	McNeil, Raymond			2024-01-24T16:38:18.595Z	StillImage	COORDINATE_ROUNDED;INSTITUTION_MATCH_FUZZY;COLLECTION_MATCH_FUZZY;DIFFERENT_OWNER_INSTITUTION
1135066825	21705170-d2b6-42de-8904-c3bca4b83591	CMMF010226	Fungi	Basidiomycota	Agaricomycetes	Agaricales	Cortinariaceae	Cortinarius	Cortinarius malicorius		SPECIES	Cortinarius malicorius Fr.	Cortinarius malicorius Fr.	Fr.	CA	Sainte-Brigitte-de-Laval.	Québec	PRESENT		ff7bd5db-b724-4932-b496-10ea298851f9	47.002354	-71.193781	2000.0						2007-10-15	15	10	2007	2528800	2528800	PRESERVED_SPECIMEN	Université de Montréal Biodiversity Centre	CMMF	CMMF010226	1812	Labbé, Roland		CC0_1_0	Université de Montréal Biodiversity Centre	Labrecque, Jacqueline			2024-01-24T16:38:21.509Z	StillImage	INSTITUTION_MATCH_FUZZY;COLLECTION_MATCH_FUZZY;DIFFERENT_OWNER_INSTITUTION
