gbifID	datasetKey	occurrenceID	kingdom	phylum	class	order	family	genus	species	infraspecificEpithet	taxonRank	scientificName	verbatimScientificName	verbatimScientificNameAuthorship	countryCode	locality	stateProvince	occurrenceStatus	individualCount	publishingOrgKey	decimalLatitude	decimalLongitude	coordinateUncertaintyInMeters	coordinatePrecision	elevation	elevationAccuracy	depth	depthAccuracy	eventDate	day	month	year	taxonKey	speciesKey	basisOfRecord	institutionCode	collectionCode	catalogNumber	recordNumber	identifiedBy	dateIdentified	license	rightsHolder	recordedBy	typeStatus	establishmentMeans	lastInterpreted	mediaType	issue
617554798	21705170-d2b6-42de-8904-c3bca4b83591	CMMF000522	Fungi	Basidiomycota	Agaricomycetes	Phallales	Phallaceae	Mutinus	Mutinus ravenelii		SPECIES	Mutinus ravenelii (Berk.) E.Fisch.	Mutinus ravenelii (Berk. & M.A. Curtis) E. Fisch.	(Berk. & M.A. Curtis) E. Fisch.	CA	Lachenaie	Québec	PRESENT		ff7bd5db-b724-4932-b496-10ea298851f9	45.702557	-73.572854	6000.0						1989-06-26	26	6	1989	5239466	5239466	PRESERVED_SPECIMEN	Université de Montréal Biodiversity Centre	CMMF	CMMF000522		Lamoureux, Yves		CC0_1_0	Université de Montréal Biodiversity Centre	Lamoureux, Yves			2024-01-24T16:38:20.044Z	StillImage	INSTITUTION_MATCH_FUZZY;COLLECTION_MATCH_FUZZY;DIFFERENT_OWNER_INSTITUTION
617552526	21705170-d2b6-42de-8904-c3bca4b83591	CMMF000320	Fungi	Basidiomycota	Agaricomycetes	Phallales	Phallaceae	Mutinus	Mutinus ravenelii		SPECIES	Mutinus ravenelii (Berk.) E.Fisch.	Mutinus ravenelii (Berk. & M.A. Curtis) E. Fisch.	(Berk. & M.A. Curtis) E. Fisch.	CA	Châteauguay	Québec	PRESENT		ff7bd5db-b724-4932-b496-10ea298851f9	45.359455	-73.734207	5000.0						1988-09-10	10	9	1988	5239466	5239466	PRESERVED_SPECIMEN	Université de Montréal Biodiversity Centre	CMMF	CMMF000320		Lamoureux, Yves		CC0_1_0	Université de Montréal Biodiversity Centre	Lamoureux, Yves			2024-01-24T16:38:20.785Z	StillImage	INSTITUTION_MATCH_FUZZY;COLLECTION_MATCH_FUZZY;DIFFERENT_OWNER_INSTITUTION
617551393	21705170-d2b6-42de-8904-c3bca4b83591	CMMF002687	Fungi	Basidiomycota	Agaricomycetes	Phallales	Phallaceae	Mutinus	Mutinus ravenelii		SPECIES	Mutinus ravenelii (Berk.) E.Fisch.	Mutinus ravenelii (Berk. & M.A. Curtis) E. Fisch.	(Berk. & M.A. Curtis) E. Fisch.	CA	Saint-Majorique	Québec	PRESENT		ff7bd5db-b724-4932-b496-10ea298851f9	45.931221	-72.584529	5000.0						1995-09-27	27	9	1995	5239466	5239466	PRESERVED_SPECIMEN	Université de Montréal Biodiversity Centre	CMMF	CMMF002687		Lamoureux, Yves		CC0_1_0	Université de Montréal Biodiversity Centre	Audet, Serge			2024-01-24T16:38:20.356Z	StillImage	INSTITUTION_MATCH_FUZZY;COLLECTION_MATCH_FUZZY;DIFFERENT_OWNER_INSTITUTION
4953110675	50c9509d-22c7-4a22-a47d-8c48425ef4a7	https://www.inaturalist.org/observations/244488195	Fungi	Basidiomycota	Agaricomycetes	Phallales	Phallaceae	Mutinus	Mutinus ravenelii		SPECIES	Mutinus ravenelii (Berk.) E.Fisch.	Mutinus ravenelii		CA		Québec	PRESENT		28eb1a3f-1c15-4a95-931a-4af90ecb574d	46.879658	-71.367417	61.0						2024-09-26T15:31:41	26	9	2024	5239466	5239466	HUMAN_OBSERVATION	iNaturalist	Observations	244488195		timfoster	2024-09-28T13:58:46	CC_BY_NC_4_0	timfoster	timfoster			2025-01-14T12:54:05.515Z	StillImage	COORDINATE_ROUNDED;CONTINENT_DERIVED_FROM_COORDINATES;TAXON_MATCH_TAXON_ID_IGNORED
4952583500	50c9509d-22c7-4a22-a47d-8c48425ef4a7	https://www.inaturalist.org/observations/244154652	Fungi	Basidiomycota	Agaricomycetes	Phallales	Phallaceae	Mutinus	Mutinus ravenelii		SPECIES	Mutinus ravenelii (Berk.) E.Fisch.	Mutinus ravenelii		CA		New Brunswick	PRESENT		28eb1a3f-1c15-4a95-931a-4af90ecb574d	45.086195	-66.910622	8.0						2024-09-26T13:00:40	26	9	2024	5239466	5239466	HUMAN_OBSERVATION	iNaturalist	Observations	244154652		Wyatt Lawrence	2024-09-26T16:28:09	CC_BY_NC_4_0	Wyatt Lawrence	Wyatt Lawrence			2025-01-14T12:54:17.019Z	StillImage	COORDINATE_ROUNDED;CONTINENT_DERIVED_FROM_COORDINATES;TAXON_MATCH_TAXON_ID_IGNORED
4952363248	50c9509d-22c7-4a22-a47d-8c48425ef4a7	https://www.inaturalist.org/observations/245048111	Fungi	Basidiomycota	Agaricomycetes	Phallales	Phallaceae	Mutinus	Mutinus ravenelii		SPECIES	Mutinus ravenelii (Berk.) E.Fisch.	Mutinus ravenelii		CA		New Brunswick	PRESENT		28eb1a3f-1c15-4a95-931a-4af90ecb574d	47.727631	-65.882671	19.0						2024-10-01T07:25:34	1	10	2024	5239466	5239466	HUMAN_OBSERVATION	iNaturalist	Observations	245048111		roachiecanada	2024-10-01T10:27:19	CC_BY_NC_4_0	roachiecanada	roachiecanada			2025-01-14T12:54:04.246Z	StillImage	COORDINATE_ROUNDED;CONTINENT_DERIVED_FROM_COORDINATES;TAXON_MATCH_TAXON_ID_IGNORED
4946694244	50c9509d-22c7-4a22-a47d-8c48425ef4a7	https://www.inaturalist.org/observations/241546660	Fungi	Basidiomycota	Agaricomycetes	Phallales	Phallaceae	Mutinus	Mutinus ravenelii		SPECIES	Mutinus ravenelii (Berk.) E.Fisch.	Mutinus ravenelii		CA		New Brunswick	PRESENT		28eb1a3f-1c15-4a95-931a-4af90ecb574d	45.29457	-66.033669	180.0						2024-09-13T19:12:31	13	9	2024	5239466	5239466	HUMAN_OBSERVATION	iNaturalist	Observations	241546660		Toni Doucette	2024-09-13T22:38:47	CC_BY_NC_4_0	Toni Doucette	Toni Doucette			2025-01-14T12:49:39.250Z	StillImage	COORDINATE_ROUNDED;CONTINENT_DERIVED_FROM_COORDINATES;TAXON_MATCH_TAXON_ID_IGNORED
4946383460	50c9509d-22c7-4a22-a47d-8c48425ef4a7	https://www.inaturalist.org/observations/236999570	Fungi	Basidiomycota	Agaricomycetes	Phallales	Phallaceae	Mutinus	Mutinus ravenelii		SPECIES	Mutinus ravenelii (Berk.) E.Fisch.	Mutinus ravenelii		CA		New Brunswick	PRESENT		28eb1a3f-1c15-4a95-931a-4af90ecb574d	45.29457	-66.033669	184.0						2024-08-20T18:41:08	20	8	2024	5239466	5239466	HUMAN_OBSERVATION	iNaturalist	Observations	236999570		Toni Doucette	2024-08-20T22:17:55	CC_BY_NC_4_0	Toni Doucette	Toni Doucette			2025-01-14T12:48:44.176Z	StillImage	COORDINATE_ROUNDED;CONTINENT_DERIVED_FROM_COORDINATES;TAXON_MATCH_TAXON_ID_IGNORED
4946354984	50c9509d-22c7-4a22-a47d-8c48425ef4a7	https://www.inaturalist.org/observations/241635216	Fungi	Basidiomycota	Agaricomycetes	Phallales	Phallaceae	Mutinus	Mutinus ravenelii		SPECIES	Mutinus ravenelii (Berk.) E.Fisch.	Mutinus ravenelii		CA		Québec	PRESENT		28eb1a3f-1c15-4a95-931a-4af90ecb574d	45.345569	-71.749869	2760.0						2024-08-23T15:56	23	8	2024	5239466	5239466	HUMAN_OBSERVATION	iNaturalist	Observations	241635216		gabboilard	2024-09-14T13:23:56	CC_BY_NC_4_0	gabboilard	gabboilard			2025-01-14T13:42:24.551Z	StillImage	COORDINATE_ROUNDED;CONTINENT_DERIVED_FROM_COORDINATES;TAXON_MATCH_TAXON_ID_IGNORED
4946172979	50c9509d-22c7-4a22-a47d-8c48425ef4a7	https://www.inaturalist.org/observations/240559419	Fungi	Basidiomycota	Agaricomycetes	Phallales	Phallaceae	Mutinus	Mutinus ravenelii		SPECIES	Mutinus ravenelii (Berk.) E.Fisch.	Mutinus ravenelii		CA		Ontario	PRESENT		28eb1a3f-1c15-4a95-931a-4af90ecb574d	45.292542	-75.809586	4.0						2024-09-08T11:39:48	8	9	2024	5239466	5239466	HUMAN_OBSERVATION	iNaturalist	Observations	240559419		sparky95	2024-09-08T15:39:59	CC_BY_NC_4_0	sparky95	sparky95			2025-01-14T12:57:18.936Z	StillImage	COORDINATE_ROUNDED;CONTINENT_DERIVED_FROM_COORDINATES;TAXON_MATCH_TAXON_ID_IGNORED
4945946164	50c9509d-22c7-4a22-a47d-8c48425ef4a7	https://www.inaturalist.org/observations/241618001	Fungi	Basidiomycota	Agaricomycetes	Phallales	Phallaceae	Mutinus	Mutinus ravenelii		SPECIES	Mutinus ravenelii (Berk.) E.Fisch.	Mutinus ravenelii		CA		New Brunswick	PRESENT		28eb1a3f-1c15-4a95-931a-4af90ecb574d	45.0747	-67.045171	1280.0						2024-08-21T16:13:22	21	8	2024	5239466	5239466	HUMAN_OBSERVATION	iNaturalist	Observations	241618001		eg1972	2024-09-14T10:54:47	CC_BY_NC_4_0	eg1972	eg1972			2025-01-14T13:43:27.598Z	StillImage	COORDINATE_ROUNDED;CONTINENT_DERIVED_FROM_COORDINATES;TAXON_MATCH_TAXON_ID_IGNORED
4945847538	50c9509d-22c7-4a22-a47d-8c48425ef4a7	https://www.inaturalist.org/observations/239959022	Fungi	Basidiomycota	Agaricomycetes	Phallales	Phallaceae	Mutinus	Mutinus ravenelii		SPECIES	Mutinus ravenelii (Berk.) E.Fisch.	Mutinus ravenelii		CA		Québec	PRESENT		28eb1a3f-1c15-4a95-931a-4af90ecb574d	46.659653	-73.012372							2024-08-06T10:48:56	6	8	2024	5239466	5239466	HUMAN_OBSERVATION	iNaturalist	Observations	239959022		Benoit Renaud	2024-09-05T13:20:25	CC_BY_4_0	Benoit Renaud	Benoit Renaud			2025-01-14T12:54:07.852Z	StillImage	COORDINATE_ROUNDED;CONTINENT_DERIVED_FROM_COORDINATES;TAXON_MATCH_TAXON_ID_IGNORED
4936691181	50c9509d-22c7-4a22-a47d-8c48425ef4a7	https://www.inaturalist.org/observations/236786165	Fungi	Basidiomycota	Agaricomycetes	Phallales	Phallaceae	Mutinus	Mutinus ravenelii		SPECIES	Mutinus ravenelii (Berk.) E.Fisch.	Mutinus ravenelii		CA		Ontario	PRESENT		28eb1a3f-1c15-4a95-931a-4af90ecb574d	45.184659	-77.759509	4.0						2024-08-19T16:29:07	19	8	2024	5239466	5239466	HUMAN_OBSERVATION	iNaturalist	Observations	236786165		KMole	2024-08-19T20:30:29	CC_BY_NC_4_0	KMole	KMole			2025-01-14T12:52:33.519Z	StillImage	COORDINATE_ROUNDED;CONTINENT_DERIVED_FROM_COORDINATES;TAXON_MATCH_TAXON_ID_IGNORED
4936571729	50c9509d-22c7-4a22-a47d-8c48425ef4a7	https://www.inaturalist.org/observations/226281401	Fungi	Basidiomycota	Agaricomycetes	Phallales	Phallaceae	Mutinus	Mutinus ravenelii		SPECIES	Mutinus ravenelii (Berk.) E.Fisch.	Mutinus ravenelii		CA		Ontario	PRESENT		28eb1a3f-1c15-4a95-931a-4af90ecb574d	45.200749	-76.243167							2024-06-30T16:01	30	6	2024	5239466	5239466	HUMAN_OBSERVATION	iNaturalist	Observations	226281401		almonteallisons	2024-06-30T20:27:25	CC_BY_NC_4_0	almonteallisons	almonteallisons			2025-01-14T13:41:32.447Z	StillImage	COORDINATE_ROUNDED;CONTINENT_DERIVED_FROM_COORDINATES;TAXON_MATCH_TAXON_ID_IGNORED
4936284300	50c9509d-22c7-4a22-a47d-8c48425ef4a7	https://www.inaturalist.org/observations/236532947	Fungi	Basidiomycota	Agaricomycetes	Phallales	Phallaceae	Mutinus	Mutinus ravenelii		SPECIES	Mutinus ravenelii (Berk.) E.Fisch.	Mutinus ravenelii		CA		Québec	PRESENT		28eb1a3f-1c15-4a95-931a-4af90ecb574d	45.412801	-75.833384	60.0						2024-08-18T12:09:20	18	8	2024	5239466	5239466	HUMAN_OBSERVATION	iNaturalist	Observations	236532947		sorenss	2024-08-18T16:15:47	CC_BY_NC_4_0	sorenss	sorenss			2025-01-14T13:42:48.381Z	StillImage	COORDINATE_ROUNDED;CONTINENT_DERIVED_FROM_COORDINATES;TAXON_MATCH_TAXON_ID_IGNORED
4936114045	50c9509d-22c7-4a22-a47d-8c48425ef4a7	https://www.inaturalist.org/observations/226352110	Fungi	Basidiomycota	Agaricomycetes	Phallales	Phallaceae	Mutinus	Mutinus ravenelii		SPECIES	Mutinus ravenelii (Berk.) E.Fisch.	Mutinus ravenelii		CA		Québec	PRESENT		28eb1a3f-1c15-4a95-931a-4af90ecb574d	45.850367	-75.225873	26.0						2024-06-30T14:32:50	30	6	2024	5239466	5239466	HUMAN_OBSERVATION	iNaturalist	Observations	226352110		Jim Keegan	2024-07-02T16:22:30	CC_BY_NC_4_0	noeyelle	noeyelle			2025-01-14T12:46:53.362Z	StillImage	COORDINATE_ROUNDED;CONTINENT_DERIVED_FROM_COORDINATES;TAXON_MATCH_TAXON_ID_IGNORED
4935816801	50c9509d-22c7-4a22-a47d-8c48425ef4a7	https://www.inaturalist.org/observations/236597180	Fungi	Basidiomycota	Agaricomycetes	Phallales	Phallaceae	Mutinus	Mutinus ravenelii		SPECIES	Mutinus ravenelii (Berk.) E.Fisch.	Mutinus ravenelii		CA		Québec	PRESENT		28eb1a3f-1c15-4a95-931a-4af90ecb574d	45.894479	-74.267336	27095.0						2024-08-18T17:04:15	18	8	2024	5239466	5239466	HUMAN_OBSERVATION	iNaturalist	Observations	236597180		baena	2024-08-18T21:05:20	CC_BY_NC_4_0	baena	baena			2025-01-14T13:47:46.560Z	StillImage	COORDINATE_ROUNDED;CONTINENT_DERIVED_FROM_COORDINATES;TAXON_MATCH_TAXON_ID_IGNORED
4923599158	50c9509d-22c7-4a22-a47d-8c48425ef4a7	https://www.inaturalist.org/observations/235122558	Fungi	Basidiomycota	Agaricomycetes	Phallales	Phallaceae	Mutinus	Mutinus ravenelii		SPECIES	Mutinus ravenelii (Berk.) E.Fisch.	Mutinus ravenelii		CA		Québec	PRESENT		28eb1a3f-1c15-4a95-931a-4af90ecb574d	46.087416	-73.944606	1324.0						2024-08-11T09:25:13	11	8	2024	5239466	5239466	HUMAN_OBSERVATION	iNaturalist	Observations	235122558		lelfe	2024-08-11T15:28:07	CC_BY_NC_4_0	lelfe	lelfe			2025-01-14T12:48:08.226Z	StillImage	COORDINATE_ROUNDED;CONTINENT_DERIVED_FROM_COORDINATES;TAXON_MATCH_TAXON_ID_IGNORED
4919493923	50c9509d-22c7-4a22-a47d-8c48425ef4a7	https://www.inaturalist.org/observations/230785690	Fungi	Basidiomycota	Agaricomycetes	Phallales	Phallaceae	Mutinus	Mutinus ravenelii		SPECIES	Mutinus ravenelii (Berk.) E.Fisch.	Mutinus ravenelii		CA		New Brunswick	PRESENT		28eb1a3f-1c15-4a95-931a-4af90ecb574d	45.386241	-66.081785	5.0						2024-07-21T13:42:10	21	7	2024	5239466	5239466	HUMAN_OBSERVATION	iNaturalist	Observations	230785690		earthdream	2024-07-21T16:46:15	CC_BY_NC_4_0	earthdream	earthdream			2025-01-14T13:37:34.891Z	StillImage	CONTINENT_DERIVED_FROM_COORDINATES;TAXON_MATCH_TAXON_ID_IGNORED
4919383479	50c9509d-22c7-4a22-a47d-8c48425ef4a7	https://www.inaturalist.org/observations/231508755	Fungi	Basidiomycota	Agaricomycetes	Phallales	Phallaceae	Mutinus	Mutinus ravenelii		SPECIES	Mutinus ravenelii (Berk.) E.Fisch.	Mutinus ravenelii		CA		Québec	PRESENT		28eb1a3f-1c15-4a95-931a-4af90ecb574d	45.563605	-75.843947							2024-07-24T18:36:20	24	7	2024	5239466	5239466	HUMAN_OBSERVATION	iNaturalist	Observations	231508755		Kent Prior	2024-07-24T22:39:16	CC_BY_NC_4_0	Kent Prior	Kent Prior			2025-01-14T12:48:24.026Z	StillImage	COORDINATE_ROUNDED;CONTINENT_DERIVED_FROM_COORDINATES;TAXON_MATCH_TAXON_ID_IGNORED
4919204070	50c9509d-22c7-4a22-a47d-8c48425ef4a7	https://www.inaturalist.org/observations/229788578	Fungi	Basidiomycota	Agaricomycetes	Phallales	Phallaceae	Mutinus	Mutinus ravenelii		SPECIES	Mutinus ravenelii (Berk.) E.Fisch.	Mutinus ravenelii		CA		Québec	PRESENT		28eb1a3f-1c15-4a95-931a-4af90ecb574d	45.325395	-72.300519	6.0						2024-07-16T18:10:12	16	7	2024	5239466	5239466	HUMAN_OBSERVATION	iNaturalist	Observations	229788578		grelisle1	2024-07-16T22:10:42	CC_BY_NC_4_0	grelisle1	grelisle1			2025-01-14T12:48:01.299Z	StillImage	COORDINATE_ROUNDED;CONTINENT_DERIVED_FROM_COORDINATES;TAXON_MATCH_TAXON_ID_IGNORED
4909246153	50c9509d-22c7-4a22-a47d-8c48425ef4a7	https://www.inaturalist.org/observations/228618722	Fungi	Basidiomycota	Agaricomycetes	Phallales	Phallaceae	Mutinus	Mutinus ravenelii		SPECIES	Mutinus ravenelii (Berk.) E.Fisch.	Mutinus ravenelii		CA		Québec	PRESENT		28eb1a3f-1c15-4a95-931a-4af90ecb574d	45.640717	-73.805059	40.0						2024-07-11T09:22:30	11	7	2024	5239466	5239466	HUMAN_OBSERVATION	iNaturalist	Observations	228618722		davidenrique	2024-07-14T13:13:31	CC_BY_NC_4_0	jpactivities	jpactivities			2025-01-14T12:46:51.584Z	StillImage	COORDINATE_ROUNDED;CONTINENT_DERIVED_FROM_COORDINATES;TAXON_MATCH_TAXON_ID_IGNORED
4903868190	50c9509d-22c7-4a22-a47d-8c48425ef4a7	https://www.inaturalist.org/observations/226528642	Fungi	Basidiomycota	Agaricomycetes	Phallales	Phallaceae	Mutinus	Mutinus ravenelii		SPECIES	Mutinus ravenelii (Berk.) E.Fisch.	Mutinus ravenelii		CA		Québec	PRESENT		28eb1a3f-1c15-4a95-931a-4af90ecb574d	45.496999	-73.592105	154.0						2022-09-14T15:28	14	9	2022	5239466	5239466	HUMAN_OBSERVATION	iNaturalist	Observations	226528642		seraphmina	2024-07-01T20:28:36	CC_BY_NC_4_0	seraphmina	seraphmina			2025-01-14T13:41:31.908Z	StillImage	COORDINATE_ROUNDED;CONTINENT_DERIVED_FROM_COORDINATES;TAXON_MATCH_TAXON_ID_IGNORED
4599801227	50c9509d-22c7-4a22-a47d-8c48425ef4a7	https://www.inaturalist.org/observations/203722165	Fungi	Basidiomycota	Agaricomycetes	Phallales	Phallaceae	Mutinus	Mutinus ravenelii		SPECIES	Mutinus ravenelii (Berk.) E.Fisch.	Mutinus ravenelii		CA		Québec	PRESENT		28eb1a3f-1c15-4a95-931a-4af90ecb574d	46.850631	-71.250154	4.0						2023-07-12	12	7	2023	5239466	5239466	HUMAN_OBSERVATION	iNaturalist	Observations	203722165		Christian Grenier	2024-03-24T11:43:00	CC_BY_NC_4_0	Christian Grenier	Christian Grenier			2025-01-14T13:44:32.645Z	StillImage	COORDINATE_ROUNDED;CONTINENT_DERIVED_FROM_COORDINATES;TAXON_MATCH_TAXON_ID_IGNORED
4597031970	50c9509d-22c7-4a22-a47d-8c48425ef4a7	https://www.inaturalist.org/observations/202469978	Fungi	Basidiomycota	Agaricomycetes	Phallales	Phallaceae	Mutinus	Mutinus ravenelii		SPECIES	Mutinus ravenelii (Berk.) E.Fisch.	Mutinus ravenelii		CA		Québec	PRESENT		28eb1a3f-1c15-4a95-931a-4af90ecb574d	46.879041	-69.856351	15.0						2016-09-25T16:37	25	9	2016	5239466	5239466	HUMAN_OBSERVATION	iNaturalist	Observations	202469978		Jean-Guy Chouinard	2024-03-14T23:59:33	CC_BY_NC_4_0	Jean-Guy Chouinard	Jean-Guy Chouinard			2025-01-14T13:31:41.130Z	StillImage	COORDINATE_ROUNDED;CONTINENT_DERIVED_FROM_COORDINATES;TAXON_MATCH_TAXON_ID_IGNORED
4500658255	50c9509d-22c7-4a22-a47d-8c48425ef4a7	https://www.inaturalist.org/observations/172922974	Fungi	Basidiomycota	Agaricomycetes	Phallales	Phallaceae	Mutinus	Mutinus ravenelii		SPECIES	Mutinus ravenelii (Berk.) E.Fisch.	Mutinus ravenelii		CA		Québec	PRESENT		28eb1a3f-1c15-4a95-931a-4af90ecb574d	46.821136	-72.283447	50.0						2023-07-14T16:14:59	14	7	2023	5239466	5239466	HUMAN_OBSERVATION	iNaturalist	Observations	172922974		S Boisvert	2023-12-14T14:33:09	CC_BY_NC_4_0	danperron13	danperron13			2025-01-14T13:31:51.354Z	StillImage	COORDINATE_ROUNDED;CONTINENT_DERIVED_FROM_COORDINATES;TAXON_MATCH_TAXON_ID_IGNORED
4430834386	50c9509d-22c7-4a22-a47d-8c48425ef4a7	https://www.inaturalist.org/observations/188695132	Fungi	Basidiomycota	Agaricomycetes	Phallales	Phallaceae	Mutinus	Mutinus ravenelii		SPECIES	Mutinus ravenelii (Berk.) E.Fisch.	Mutinus ravenelii		CA		Nova Scotia	PRESENT		28eb1a3f-1c15-4a95-931a-4af90ecb574d	45.084878	-64.368538	1414.0						2023-10-23T11:49:42	23	10	2023	5239466	5239466	HUMAN_OBSERVATION	iNaturalist	Observations	188695132		kowboykate	2023-10-23T19:11:37	CC_BY_NC_4_0	kowboykate	kowboykate			2025-01-14T12:44:57.522Z	StillImage	COORDINATE_ROUNDED;CONTINENT_DERIVED_FROM_COORDINATES;TAXON_MATCH_TAXON_ID_IGNORED
4424434013	50c9509d-22c7-4a22-a47d-8c48425ef4a7	https://www.inaturalist.org/observations/186908936	Fungi	Basidiomycota	Agaricomycetes	Phallales	Phallaceae	Mutinus	Mutinus ravenelii		SPECIES	Mutinus ravenelii (Berk.) E.Fisch.	Mutinus ravenelii		CA		Québec	PRESENT		28eb1a3f-1c15-4a95-931a-4af90ecb574d	46.616226	-72.687333	5888.0						2023-08-20T16:01	20	8	2023	5239466	5239466	HUMAN_OBSERVATION	iNaturalist	Observations	186908936		Tania Thiffeault	2023-10-09T21:48:18	CC_BY_NC_4_0	Tania Thiffeault	Tania Thiffeault			2025-01-14T12:45:27.813Z	StillImage	COORDINATE_ROUNDED;CONTINENT_DERIVED_FROM_COORDINATES;TAXON_MATCH_TAXON_ID_IGNORED
4420929663	50c9509d-22c7-4a22-a47d-8c48425ef4a7	https://www.inaturalist.org/observations/185186507	Fungi	Basidiomycota	Agaricomycetes	Phallales	Phallaceae	Mutinus	Mutinus ravenelii		SPECIES	Mutinus ravenelii (Berk.) E.Fisch.	Mutinus ravenelii		CA		Nova Scotia	PRESENT		28eb1a3f-1c15-4a95-931a-4af90ecb574d	45.083511	-64.45948	877.0						2023-09-27T17:07:54	27	9	2023	5239466	5239466	HUMAN_OBSERVATION	iNaturalist	Observations	185186507		davidenrique	2023-09-27T22:31:50	CC_BY_NC_4_0	adamwebster	adamwebster			2025-01-14T12:40:03.176Z	StillImage	COORDINATE_ROUNDED;CONTINENT_DERIVED_FROM_COORDINATES;TAXON_MATCH_TAXON_ID_IGNORED
4416960463	50c9509d-22c7-4a22-a47d-8c48425ef4a7	https://www.inaturalist.org/observations/184466200	Fungi	Basidiomycota	Agaricomycetes	Phallales	Phallaceae	Mutinus	Mutinus ravenelii		SPECIES	Mutinus ravenelii (Berk.) E.Fisch.	Mutinus ravenelii		CA		Québec	PRESENT		28eb1a3f-1c15-4a95-931a-4af90ecb574d	45.407352	-73.936303	40.0						2023-09-18T17:11:38	18	9	2023	5239466	5239466	HUMAN_OBSERVATION	iNaturalist	Observations	184466200		Annie Dunn	2023-09-23T01:12:25	CC_BY_NC_4_0	Annie Dunn	Annie Dunn			2025-01-14T13:32:53.510Z	StillImage	COORDINATE_ROUNDED;CONTINENT_DERIVED_FROM_COORDINATES;TAXON_MATCH_TAXON_ID_IGNORED
4416718008	50c9509d-22c7-4a22-a47d-8c48425ef4a7	https://www.inaturalist.org/observations/184618885	Fungi	Basidiomycota	Agaricomycetes	Phallales	Phallaceae	Mutinus	Mutinus ravenelii		SPECIES	Mutinus ravenelii (Berk.) E.Fisch.	Mutinus ravenelii		CA		Québec	PRESENT		28eb1a3f-1c15-4a95-931a-4af90ecb574d	45.119518	-71.847484	27222.0						2023-09-12T15:15	12	9	2023	5239466	5239466	HUMAN_OBSERVATION	iNaturalist	Observations	184618885		Birddogger	2023-09-24T00:36:11	CC_BY_NC_4_0	Birddogger	Birddogger			2025-01-14T13:32:53.114Z	StillImage	COORDINATE_ROUNDED;CONTINENT_DERIVED_FROM_COORDINATES;TAXON_MATCH_TAXON_ID_IGNORED
4414399381	50c9509d-22c7-4a22-a47d-8c48425ef4a7	https://www.inaturalist.org/observations/183737899	Fungi	Basidiomycota	Agaricomycetes	Phallales	Phallaceae	Mutinus	Mutinus ravenelii		SPECIES	Mutinus ravenelii (Berk.) E.Fisch.	Mutinus ravenelii		CA		Ontario	PRESENT		28eb1a3f-1c15-4a95-931a-4af90ecb574d	46.31748	-78.702193	1323.0						2022-09-22T18:15	22	9	2022	5239466	5239466	HUMAN_OBSERVATION	iNaturalist	Observations	183737899		earthgoodies	2023-09-17T21:06:01	CC_BY_NC_4_0	earthgoodies	earthgoodies			2025-01-14T13:33:33.582Z	StillImage	CONTINENT_DERIVED_FROM_COORDINATES;TAXON_MATCH_TAXON_ID_IGNORED
4413852427	50c9509d-22c7-4a22-a47d-8c48425ef4a7	https://www.inaturalist.org/observations/182219116	Fungi	Basidiomycota	Agaricomycetes	Phallales	Phallaceae	Mutinus	Mutinus ravenelii		SPECIES	Mutinus ravenelii (Berk.) E.Fisch.	Mutinus ravenelii		CA		Ontario	PRESENT		28eb1a3f-1c15-4a95-931a-4af90ecb574d	45.078813	-78.702928	4.0						2023-08-25T07:30	25	8	2023	5239466	5239466	HUMAN_OBSERVATION	iNaturalist	Observations	182219116		Bill Crins	2023-09-07T18:25:54	CC_BY_NC_4_0	Bill Crins	Bill Crins			2025-01-14T12:39:37.909Z	StillImage	COORDINATE_ROUNDED;CONTINENT_DERIVED_FROM_COORDINATES;TAXON_MATCH_TAXON_ID_IGNORED
4413766933	50c9509d-22c7-4a22-a47d-8c48425ef4a7	https://www.inaturalist.org/observations/183361119	Fungi	Basidiomycota	Agaricomycetes	Phallales	Phallaceae	Mutinus	Mutinus ravenelii		SPECIES	Mutinus ravenelii (Berk.) E.Fisch.	Mutinus ravenelii		CA		Québec	PRESENT		28eb1a3f-1c15-4a95-931a-4af90ecb574d	45.730785	-72.247736	4.0						2023-09-14T10:34	14	9	2023	5239466	5239466	HUMAN_OBSERVATION	iNaturalist	Observations	183361119		François Demers	2023-09-15T14:50:06	CC_BY_NC_4_0	François Demers	François Demers			2025-01-14T13:32:43.712Z	StillImage	COORDINATE_ROUNDED;CONTINENT_DERIVED_FROM_COORDINATES;TAXON_MATCH_TAXON_ID_IGNORED
4413760288	50c9509d-22c7-4a22-a47d-8c48425ef4a7	https://www.inaturalist.org/observations/183224706	Fungi	Basidiomycota	Agaricomycetes	Phallales	Phallaceae	Mutinus	Mutinus ravenelii		SPECIES	Mutinus ravenelii (Berk.) E.Fisch.	Mutinus ravenelii		CA		Québec	PRESENT		28eb1a3f-1c15-4a95-931a-4af90ecb574d	47.441694	-70.50543	9.0						2023-09-14T11:35:28	14	9	2023	5239466	5239466	HUMAN_OBSERVATION	iNaturalist	Observations	183224706		davidenrique	2023-09-14T20:30:57	CC_BY_NC_4_0	davidlapierre	davidlapierre			2025-01-14T12:41:29.807Z	StillImage	COORDINATE_ROUNDED;CONTINENT_DERIVED_FROM_COORDINATES;TAXON_MATCH_TAXON_ID_IGNORED
4407564958	50c9509d-22c7-4a22-a47d-8c48425ef4a7	https://www.inaturalist.org/observations/181554389	Fungi	Basidiomycota	Agaricomycetes	Phallales	Phallaceae	Mutinus	Mutinus ravenelii		SPECIES	Mutinus ravenelii (Berk.) E.Fisch.	Mutinus ravenelii		CA		Ontario	PRESENT		28eb1a3f-1c15-4a95-931a-4af90ecb574d	45.289272	-75.91654	183.0						2023-09-03T09:29:28	3	9	2023	5239466	5239466	HUMAN_OBSERVATION	iNaturalist	Observations	181554389		Sarah	2023-09-03T13:40:57	CC_BY_NC_4_0	Sarah	Sarah			2025-01-14T12:39:20.926Z	StillImage	COORDINATE_ROUNDED;CONTINENT_DERIVED_FROM_COORDINATES;TAXON_MATCH_TAXON_ID_IGNORED
4407409688	50c9509d-22c7-4a22-a47d-8c48425ef4a7	https://www.inaturalist.org/observations/181462315	Fungi	Basidiomycota	Agaricomycetes	Phallales	Phallaceae	Mutinus	Mutinus ravenelii		SPECIES	Mutinus ravenelii (Berk.) E.Fisch.	Mutinus ravenelii		CA		Québec	PRESENT		28eb1a3f-1c15-4a95-931a-4af90ecb574d	45.446828	-75.925903	24.0						2023-09-02T17:02:26	2	9	2023	5239466	5239466	HUMAN_OBSERVATION	iNaturalist	Observations	181462315		Mo Laidlaw	2023-09-02T22:14:24	CC_BY_NC_4_0	Mo Laidlaw	Mo Laidlaw			2025-01-14T12:42:05.238Z	StillImage	COORDINATE_ROUNDED;CONTINENT_DERIVED_FROM_COORDINATES;TAXON_MATCH_TAXON_ID_IGNORED
4407333735	50c9509d-22c7-4a22-a47d-8c48425ef4a7	https://www.inaturalist.org/observations/180999495	Fungi	Basidiomycota	Agaricomycetes	Phallales	Phallaceae	Mutinus	Mutinus ravenelii		SPECIES	Mutinus ravenelii (Berk.) E.Fisch.	Mutinus ravenelii		CA		Ontario	PRESENT		28eb1a3f-1c15-4a95-931a-4af90ecb574d	45.137893	-76.382532							2023-08-30T16:53:13	30	8	2023	5239466	5239466	HUMAN_OBSERVATION	iNaturalist	Observations	180999495		fergusnicoll	2023-08-31T01:40:22	CC_BY_NC_4_0	fergusnicoll	fergusnicoll			2025-01-14T12:39:49.421Z	StillImage	COORDINATE_ROUNDED;CONTINENT_DERIVED_FROM_COORDINATES;TAXON_MATCH_TAXON_ID_IGNORED
4405205960	50c9509d-22c7-4a22-a47d-8c48425ef4a7	https://www.inaturalist.org/observations/179900264	Fungi	Basidiomycota	Agaricomycetes	Phallales	Phallaceae	Mutinus	Mutinus ravenelii		SPECIES	Mutinus ravenelii (Berk.) E.Fisch.	Mutinus ravenelii		CA		New Brunswick	PRESENT		28eb1a3f-1c15-4a95-931a-4af90ecb574d	45.848135	-64.577373	20.0						2023-08-12T20:01:51	12	8	2023	5239466	5239466	HUMAN_OBSERVATION	iNaturalist	Observations	179900264		Quinton	2023-08-23T23:47:12	CC_BY_NC_4_0	Quinton	Quinton			2025-01-14T12:41:02.078Z	StillImage	COORDINATE_ROUNDED;CONTINENT_DERIVED_FROM_COORDINATES;TAXON_MATCH_TAXON_ID_IGNORED
4177096783	50c9509d-22c7-4a22-a47d-8c48425ef4a7	https://www.inaturalist.org/observations/178060643	Fungi	Basidiomycota	Agaricomycetes	Phallales	Phallaceae	Mutinus	Mutinus ravenelii		SPECIES	Mutinus ravenelii (Berk.) E.Fisch.	Mutinus ravenelii		CA		Québec	PRESENT		28eb1a3f-1c15-4a95-931a-4af90ecb574d	45.824497	-73.594488	3.0						2023-08-12T12:25:34	12	8	2023	5239466	5239466	HUMAN_OBSERVATION	iNaturalist	Observations	178060643		timfoster	2023-08-12T20:54:34	CC_BY_NC_4_0	timfoster	timfoster			2025-01-14T13:31:25.588Z	StillImage	COORDINATE_ROUNDED;CONTINENT_DERIVED_FROM_COORDINATES;TAXON_MATCH_TAXON_ID_IGNORED
4176916016	50c9509d-22c7-4a22-a47d-8c48425ef4a7	https://www.inaturalist.org/observations/177838398	Fungi	Basidiomycota	Agaricomycetes	Phallales	Phallaceae	Mutinus	Mutinus ravenelii		SPECIES	Mutinus ravenelii (Berk.) E.Fisch.	Mutinus ravenelii		CA		Québec	PRESENT		28eb1a3f-1c15-4a95-931a-4af90ecb574d	46.78818	-71.244418	4.0						2023-08-11T11:36:16	11	8	2023	5239466	5239466	HUMAN_OBSERVATION	iNaturalist	Observations	177838398		davidenrique	2023-08-11T16:05:55	CC_BY_NC_4_0	Véronik de la Chenelière	Véronik de la Chenelière			2025-01-14T13:28:25.355Z	StillImage	COORDINATE_ROUNDED;CONTINENT_DERIVED_FROM_COORDINATES;TAXON_MATCH_TAXON_ID_IGNORED
4172174373	50c9509d-22c7-4a22-a47d-8c48425ef4a7	https://www.inaturalist.org/observations/176832341	Fungi	Basidiomycota	Agaricomycetes	Phallales	Phallaceae	Mutinus	Mutinus ravenelii		SPECIES	Mutinus ravenelii (Berk.) E.Fisch.	Mutinus ravenelii		CA		Québec	PRESENT		28eb1a3f-1c15-4a95-931a-4af90ecb574d	45.206797	-72.355797	4.0						2023-08-05T10:40:29	5	8	2023	5239466	5239466	HUMAN_OBSERVATION	iNaturalist	Observations	176832341		sylviec3075	2023-08-05T19:42:29	CC_BY_NC_4_0	sylviec3075	sylviec3075			2025-01-14T12:40:30.162Z	StillImage	COORDINATE_ROUNDED;CONTINENT_DERIVED_FROM_COORDINATES;TAXON_MATCH_TAXON_ID_IGNORED
4172075181	50c9509d-22c7-4a22-a47d-8c48425ef4a7	https://www.inaturalist.org/observations/177029159	Fungi	Basidiomycota	Agaricomycetes	Phallales	Phallaceae	Mutinus	Mutinus ravenelii		SPECIES	Mutinus ravenelii (Berk.) E.Fisch.	Mutinus ravenelii		CA		New Brunswick	PRESENT		28eb1a3f-1c15-4a95-931a-4af90ecb574d	45.461412	-65.804002							2023-08-05T14:16	5	8	2023	5239466	5239466	HUMAN_OBSERVATION	iNaturalist	Observations	177029159		Jo-Anne Monahan	2023-08-06T19:34:31	CC_BY_NC_4_0	Jo-Anne Monahan	Jo-Anne Monahan			2025-01-14T13:28:18.747Z	StillImage	COORDINATE_ROUNDED;CONTINENT_DERIVED_FROM_COORDINATES;TAXON_MATCH_TAXON_ID_IGNORED
4171740841	50c9509d-22c7-4a22-a47d-8c48425ef4a7	https://www.inaturalist.org/observations/170197142	Fungi	Basidiomycota	Agaricomycetes	Phallales	Phallaceae	Mutinus	Mutinus ravenelii		SPECIES	Mutinus ravenelii (Berk.) E.Fisch.	Mutinus ravenelii		CA		Ontario	PRESENT		28eb1a3f-1c15-4a95-931a-4af90ecb574d	45.199508	-76.238957							2023-06-29T18:22	29	6	2023	5239466	5239466	HUMAN_OBSERVATION	iNaturalist	Observations	170197142		almonteallisons	2023-06-29T23:44:47	CC_BY_NC_4_0	almonteallisons	almonteallisons			2025-01-14T13:31:06.445Z	StillImage	COORDINATE_ROUNDED;CONTINENT_DERIVED_FROM_COORDINATES;TAXON_MATCH_TAXON_ID_IGNORED
4171697201	50c9509d-22c7-4a22-a47d-8c48425ef4a7	https://www.inaturalist.org/observations/177193785	Fungi	Basidiomycota	Agaricomycetes	Phallales	Phallaceae	Mutinus	Mutinus ravenelii		SPECIES	Mutinus ravenelii (Berk.) E.Fisch.	Mutinus ravenelii		CA		New Brunswick	PRESENT		28eb1a3f-1c15-4a95-931a-4af90ecb574d	45.149197	-66.993544							2023-08-07T13:07:30	7	8	2023	5239466	5239466	HUMAN_OBSERVATION	iNaturalist	Observations	177193785		Walter Emrich	2023-08-07T16:47:45	CC_BY_NC_4_0	Walter Emrich	Walter Emrich			2025-01-14T12:39:50.121Z	StillImage	COORDINATE_ROUNDED;CONTINENT_DERIVED_FROM_COORDINATES;TAXON_MATCH_TAXON_ID_IGNORED
4171600535	50c9509d-22c7-4a22-a47d-8c48425ef4a7	https://www.inaturalist.org/observations/177380910	Fungi	Basidiomycota	Agaricomycetes	Phallales	Phallaceae	Mutinus	Mutinus ravenelii		SPECIES	Mutinus ravenelii (Berk.) E.Fisch.	Mutinus ravenelii		CA		Québec	PRESENT		28eb1a3f-1c15-4a95-931a-4af90ecb574d	45.206792	-72.356475							2023-08-05T10:40	5	8	2023	5239466	5239466	HUMAN_OBSERVATION	iNaturalist	Observations	177380910		Jean C.	2023-08-08T18:21:00	CC_BY_NC_4_0	Jean C.	Jean C.			2025-01-14T12:39:48.418Z	StillImage	COORDINATE_ROUNDED;CONTINENT_DERIVED_FROM_COORDINATES;TAXON_MATCH_TAXON_ID_IGNORED
4171173231	50c9509d-22c7-4a22-a47d-8c48425ef4a7	https://www.inaturalist.org/observations/175032006	Fungi	Basidiomycota	Agaricomycetes	Phallales	Phallaceae	Mutinus	Mutinus ravenelii		SPECIES	Mutinus ravenelii (Berk.) E.Fisch.	Mutinus ravenelii		CA		Québec	PRESENT		28eb1a3f-1c15-4a95-931a-4af90ecb574d	48.458845	-68.516288	4.0						2023-07-01T13:23:39	1	7	2023	5239466	5239466	HUMAN_OBSERVATION	iNaturalist	Observations	175032006		davidenrique	2023-07-28T16:48:45	CC_BY_NC_4_0	maudfil	maudfil			2025-01-14T13:28:01.229Z	StillImage	COORDINATE_ROUNDED;CONTINENT_DERIVED_FROM_COORDINATES;TAXON_MATCH_TAXON_ID_IGNORED
4145754382	50c9509d-22c7-4a22-a47d-8c48425ef4a7	https://www.inaturalist.org/observations/171096505	Fungi	Basidiomycota	Agaricomycetes	Phallales	Phallaceae	Mutinus	Mutinus ravenelii		SPECIES	Mutinus ravenelii (Berk.) E.Fisch.	Mutinus ravenelii		CA		Québec	PRESENT		28eb1a3f-1c15-4a95-931a-4af90ecb574d	45.427228	-73.93705	65.0						2023-07-02T16:33:22	2	7	2023	5239466	5239466	HUMAN_OBSERVATION	iNaturalist	Observations	171096505		sarah-farmer	2023-07-04T21:12:19	CC_BY_NC_4_0	sarah-farmer	sarah-farmer			2025-01-14T13:31:08.091Z	StillImage	COORDINATE_ROUNDED;CONTINENT_DERIVED_FROM_COORDINATES;TAXON_MATCH_TAXON_ID_IGNORED
4137851847	50c9509d-22c7-4a22-a47d-8c48425ef4a7	https://www.inaturalist.org/observations/167753988	Fungi	Basidiomycota	Agaricomycetes	Phallales	Phallaceae	Mutinus	Mutinus ravenelii		SPECIES	Mutinus ravenelii (Berk.) E.Fisch.	Mutinus ravenelii		CA		Québec	PRESENT		28eb1a3f-1c15-4a95-931a-4af90ecb574d	47.179037	-71.377395	613.0						2021-06-28T10:06	28	6	2021	5239466	5239466	HUMAN_OBSERVATION	iNaturalist	Observations	167753988		adriend	2023-06-16T19:49:28	CC_BY_NC_4_0	adriend	adriend			2025-01-14T13:30:54.098Z	StillImage	COORDINATE_ROUNDED;CONTINENT_DERIVED_FROM_COORDINATES;TAXON_MATCH_TAXON_ID_IGNORED
4102734419	50c9509d-22c7-4a22-a47d-8c48425ef4a7	https://www.inaturalist.org/observations/128622792	Fungi	Basidiomycota	Agaricomycetes	Phallales	Phallaceae	Mutinus	Mutinus ravenelii		SPECIES	Mutinus ravenelii (Berk.) E.Fisch.	Mutinus ravenelii		CA		Québec	PRESENT		28eb1a3f-1c15-4a95-931a-4af90ecb574d	45.109467	-72.598244	10932.0						2022-07-30T11:42:28	30	7	2022	5239466	5239466	HUMAN_OBSERVATION	iNaturalist	Observations	128622792		davidenrique	2022-07-31T19:43:12	CC_BY_NC_4_0	Simon	Simon			2025-01-14T13:24:06.134Z	StillImage	COORDINATE_ROUNDED;CONTINENT_DERIVED_FROM_COORDINATES;TAXON_MATCH_TAXON_ID_IGNORED
4046547430	50c9509d-22c7-4a22-a47d-8c48425ef4a7	https://www.inaturalist.org/observations/149926281	Fungi	Basidiomycota	Agaricomycetes	Phallales	Phallaceae	Mutinus	Mutinus ravenelii		SPECIES	Mutinus ravenelii (Berk.) E.Fisch.	Mutinus ravenelii		CA		Québec	PRESENT		28eb1a3f-1c15-4a95-931a-4af90ecb574d	45.320043	-72.061582	27190.0						2012-08-28T19:17	28	8	2012	5239466	5239466	HUMAN_OBSERVATION	iNaturalist	Observations	149926281		René Faucher	2023-02-28T20:12:35	CC_BY_NC_4_0	René Faucher	René Faucher			2025-01-14T12:34:09.481Z	StillImage	COORDINATE_ROUNDED;CONTINENT_DERIVED_FROM_COORDINATES;TAXON_MATCH_TAXON_ID_IGNORED
4029272688	50c9509d-22c7-4a22-a47d-8c48425ef4a7	https://www.inaturalist.org/observations/148226246	Fungi	Basidiomycota	Agaricomycetes	Phallales	Phallaceae	Mutinus	Mutinus ravenelii		SPECIES	Mutinus ravenelii (Berk.) E.Fisch.	Mutinus ravenelii		CA		Ontario	PRESENT		28eb1a3f-1c15-4a95-931a-4af90ecb574d	45.012722	-78.284038	500.0						2020-08-30T15:22	30	8	2020	5239466	5239466	HUMAN_OBSERVATION	iNaturalist	Observations	148226246		Belinda Gallagher	2023-02-07T03:31:44	CC_BY_NC_4_0	Belinda Gallagher	Belinda Gallagher			2025-01-14T12:33:59.609Z	StillImage	COORDINATE_ROUNDED;CONTINENT_DERIVED_FROM_COORDINATES;TAXON_MATCH_TAXON_ID_IGNORED
4028990528	50c9509d-22c7-4a22-a47d-8c48425ef4a7	https://www.inaturalist.org/observations/147368143	Fungi	Basidiomycota	Agaricomycetes	Phallales	Phallaceae	Mutinus	Mutinus ravenelii		SPECIES	Mutinus ravenelii (Berk.) E.Fisch.	Mutinus ravenelii		CA		Québec	PRESENT		28eb1a3f-1c15-4a95-931a-4af90ecb574d	46.014012	-73.417796	4971.0						2022-09-18T14:08	18	9	2022	5239466	5239466	HUMAN_OBSERVATION	iNaturalist	Observations	147368143		John Plischke	2023-01-26T02:53:26	CC_BY_NC_4_0	John Plischke	John Plischke			2025-01-14T13:22:45.419Z	StillImage	COORDINATE_ROUNDED;CONTINENT_DERIVED_FROM_COORDINATES;TAXON_MATCH_TAXON_ID_IGNORED
4028773612	50c9509d-22c7-4a22-a47d-8c48425ef4a7	https://www.inaturalist.org/observations/139623918	Fungi	Basidiomycota	Agaricomycetes	Phallales	Phallaceae	Mutinus	Mutinus ravenelii		SPECIES	Mutinus ravenelii (Berk.) E.Fisch.	Mutinus ravenelii		CA		Québec	PRESENT		28eb1a3f-1c15-4a95-931a-4af90ecb574d	45.603203	-70.927962							2022-09-20T10:33	20	9	2022	5239466	5239466	HUMAN_OBSERVATION	iNaturalist	Observations	139623918		davidenrique	2022-11-22T17:37:44	CC_BY_NC_4_0	nattyboyfrank	nattyboyfrank			2025-01-14T12:32:03.444Z	StillImage	COORDINATE_ROUNDED;CONTINENT_DERIVED_FROM_COORDINATES;TAXON_MATCH_TAXON_ID_IGNORED
3996954057	8a863029-f435-446a-821e-275f4f641165	https://observation.org/observation/198184059	Fungi	Basidiomycota	Agaricomycetes	Phallales	Phallaceae	Mutinus	Mutinus ravenelii		SPECIES	Mutinus ravenelii (Berk.) E.Fisch.	Mutinus ravenelii		CA	Québec	Québec	PRESENT	1	c8d737e0-2ff8-42e8-b8fc-6b805d26fc5f	48.326309	-71.246338	25.0						2018-08-16	16	8	2018	5239466	5239466	HUMAN_OBSERVATION							CC_BY_NC_4_0	Stichting Observation International	User 40729			2025-01-15T06:03:14.022Z		
3986095747	50c9509d-22c7-4a22-a47d-8c48425ef4a7	https://www.inaturalist.org/observations/135721496	Fungi	Basidiomycota	Agaricomycetes	Phallales	Phallaceae	Mutinus	Mutinus ravenelii		SPECIES	Mutinus ravenelii (Berk.) E.Fisch.	Mutinus ravenelii		CA		Ontario	PRESENT		28eb1a3f-1c15-4a95-931a-4af90ecb574d	45.297444	-75.82228	665.0						2022-09-19T18:28:24	19	9	2022	5239466	5239466	HUMAN_OBSERVATION	iNaturalist	Observations	135721496		cattie	2022-09-19T22:55:44	CC_BY_NC_4_0	cattie	cattie			2025-01-14T13:30:41.682Z	StillImage	COORDINATE_ROUNDED;CONTINENT_DERIVED_FROM_COORDINATES;TAXON_MATCH_TAXON_ID_IGNORED
3985757807	50c9509d-22c7-4a22-a47d-8c48425ef4a7	https://www.inaturalist.org/observations/134859242	Fungi	Basidiomycota	Agaricomycetes	Phallales	Phallaceae	Mutinus	Mutinus ravenelii		SPECIES	Mutinus ravenelii (Berk.) E.Fisch.	Mutinus ravenelii		CA		New Brunswick	PRESENT		28eb1a3f-1c15-4a95-931a-4af90ecb574d	46.210231	-64.297301	40.0						2022-09-13T11:14:43	13	9	2022	5239466	5239466	HUMAN_OBSERVATION	iNaturalist	Observations	134859242		davidenrique	2022-11-25T23:38:23	CC_BY_NC_4_0	jokersnightmare	jokersnightmare			2025-01-14T12:33:04.296Z	StillImage	COORDINATE_ROUNDED;CONTINENT_DERIVED_FROM_COORDINATES;TAXON_MATCH_TAXON_ID_IGNORED
3985734801	50c9509d-22c7-4a22-a47d-8c48425ef4a7	https://www.inaturalist.org/observations/136183610	Fungi	Basidiomycota	Agaricomycetes	Phallales	Phallaceae	Mutinus	Mutinus ravenelii		SPECIES	Mutinus ravenelii (Berk.) E.Fisch.	Mutinus ravenelii		CA		Québec	PRESENT		28eb1a3f-1c15-4a95-931a-4af90ecb574d	46.078308	-72.835548	3.0						2022-09-23T14:01:08	23	9	2022	5239466	5239466	HUMAN_OBSERVATION	iNaturalist	Observations	136183610		abeillestephanie1974	2022-09-23T18:01:23	CC_BY_NC_4_0	abeillestephanie1974	abeillestephanie1974			2025-01-14T12:32:08.808Z	StillImage	COORDINATE_ROUNDED;CONTINENT_DERIVED_FROM_COORDINATES;TAXON_MATCH_TAXON_ID_IGNORED
3985734737	50c9509d-22c7-4a22-a47d-8c48425ef4a7	https://www.inaturalist.org/observations/133025719	Fungi	Basidiomycota	Agaricomycetes	Phallales	Phallaceae	Mutinus	Mutinus ravenelii		SPECIES	Mutinus ravenelii (Berk.) E.Fisch.	Mutinus ravenelii		CA		New Brunswick	PRESENT		28eb1a3f-1c15-4a95-931a-4af90ecb574d	45.723616	-65.510876	3025.0						2022-08-30T11:22:29	30	8	2022	5239466	5239466	HUMAN_OBSERVATION	iNaturalist	Observations	133025719		Jean-Mornay du Plessis	2022-09-27T20:49:05	CC_BY_NC_4_0	Jean-Mornay du Plessis	Jean-Mornay du Plessis			2025-01-14T12:31:42.255Z	StillImage	COORDINATE_ROUNDED;CONTINENT_DERIVED_FROM_COORDINATES;TAXON_MATCH_TAXON_ID_IGNORED
3963380924	50c9509d-22c7-4a22-a47d-8c48425ef4a7	https://www.inaturalist.org/observations/141087998	Fungi	Basidiomycota	Agaricomycetes	Phallales	Phallaceae	Mutinus	Mutinus ravenelii		SPECIES	Mutinus ravenelii (Berk.) E.Fisch.	Mutinus ravenelii		CA		New Brunswick	PRESENT		28eb1a3f-1c15-4a95-931a-4af90ecb574d	45.54069	-65.03769							2021-09-29	29	9	2021	5239466	5239466	HUMAN_OBSERVATION	iNaturalist	Observations	141087998		Alex Hood	2022-11-04T18:26:23	CC_BY_NC_4_0	Alex Hood	Alex Hood			2025-01-14T12:32:58.945Z	StillImage	CONTINENT_DERIVED_FROM_COORDINATES;TAXON_MATCH_TAXON_ID_IGNORED
3961399564	50c9509d-22c7-4a22-a47d-8c48425ef4a7	https://www.inaturalist.org/observations/135109636	Fungi	Basidiomycota	Agaricomycetes	Phallales	Phallaceae	Mutinus	Mutinus ravenelii		SPECIES	Mutinus ravenelii (Berk.) E.Fisch.	Mutinus ravenelii		CA		Québec	PRESENT		28eb1a3f-1c15-4a95-931a-4af90ecb574d	45.446903	-75.925885	41.0						2022-09-14T16:24:42	14	9	2022	5239466	5239466	HUMAN_OBSERVATION	iNaturalist	Observations	135109636		Mo Laidlaw	2022-09-15T13:23:02	CC_BY_NC_4_0	Mo Laidlaw	Mo Laidlaw			2025-01-14T13:25:23.195Z	StillImage	COORDINATE_ROUNDED;CONTINENT_DERIVED_FROM_COORDINATES;TAXON_MATCH_TAXON_ID_IGNORED
3961397581	50c9509d-22c7-4a22-a47d-8c48425ef4a7	https://www.inaturalist.org/observations/135721826	Fungi	Basidiomycota	Agaricomycetes	Phallales	Phallaceae	Mutinus	Mutinus ravenelii		SPECIES	Mutinus ravenelii (Berk.) E.Fisch.	Mutinus ravenelii		CA		Québec	PRESENT		28eb1a3f-1c15-4a95-931a-4af90ecb574d	45.446818	-75.925906	41.0						2022-09-19T17:37:11	19	9	2022	5239466	5239466	HUMAN_OBSERVATION	iNaturalist	Observations	135721826		Mo Laidlaw	2022-09-19T22:58:43	CC_BY_NC_4_0	Mo Laidlaw	Mo Laidlaw			2025-01-14T13:26:09.153Z	StillImage	COORDINATE_ROUNDED;CONTINENT_DERIVED_FROM_COORDINATES;TAXON_MATCH_TAXON_ID_IGNORED
3947597481	50c9509d-22c7-4a22-a47d-8c48425ef4a7	https://www.inaturalist.org/observations/139693976	Fungi	Basidiomycota	Agaricomycetes	Phallales	Phallaceae	Mutinus	Mutinus ravenelii		SPECIES	Mutinus ravenelii (Berk.) E.Fisch.	Mutinus ravenelii		CA		Nova Scotia	PRESENT		28eb1a3f-1c15-4a95-931a-4af90ecb574d	45.789109	-64.25571	15.0						2022-10-21T16:20	21	10	2022	5239466	5239466	HUMAN_OBSERVATION	iNaturalist	Observations	139693976		Ben	2022-10-23T00:33:21	CC_BY_NC_4_0	Ben	Ben			2025-01-14T12:32:08.047Z	StillImage	COORDINATE_ROUNDED;CONTINENT_DERIVED_FROM_COORDINATES;TAXON_MATCH_TAXON_ID_IGNORED
3925114733	50c9509d-22c7-4a22-a47d-8c48425ef4a7	https://www.inaturalist.org/observations/137547695	Fungi	Basidiomycota	Agaricomycetes	Phallales	Phallaceae	Mutinus	Mutinus ravenelii		SPECIES	Mutinus ravenelii (Berk.) E.Fisch.	Mutinus ravenelii		CA		Québec	PRESENT		28eb1a3f-1c15-4a95-931a-4af90ecb574d	45.361916	-71.842979	41.0						2022-10-04T13:48:18	4	10	2022	5239466	5239466	HUMAN_OBSERVATION	iNaturalist	Observations	137547695		gmccormi	2022-10-04T17:48:44	CC_BY_NC_4_0	gmccormi	gmccormi			2025-01-14T13:17:52.945Z	StillImage	COORDINATE_ROUNDED;CONTINENT_DERIVED_FROM_COORDINATES;TAXON_MATCH_TAXON_ID_IGNORED
3915671335	50c9509d-22c7-4a22-a47d-8c48425ef4a7	https://www.inaturalist.org/observations/136712936	Fungi	Basidiomycota	Agaricomycetes	Phallales	Phallaceae	Mutinus	Mutinus ravenelii		SPECIES	Mutinus ravenelii (Berk.) E.Fisch.	Mutinus ravenelii		CA		Québec	PRESENT		28eb1a3f-1c15-4a95-931a-4af90ecb574d	46.38055	-74.87915	15.0						2022-09-27T13:38:52	27	9	2022	5239466	5239466	HUMAN_OBSERVATION	iNaturalist	Observations	136712936		geoffreyboulange	2022-09-27T17:41:30	CC_BY_NC_4_0	geoffreyboulange	geoffreyboulange			2025-01-14T12:34:05.228Z	StillImage	CONTINENT_DERIVED_FROM_COORDINATES;TAXON_MATCH_TAXON_ID_IGNORED
3915621905	50c9509d-22c7-4a22-a47d-8c48425ef4a7	https://www.inaturalist.org/observations/136335797	Fungi	Basidiomycota	Agaricomycetes	Phallales	Phallaceae	Mutinus	Mutinus ravenelii		SPECIES	Mutinus ravenelii (Berk.) E.Fisch.	Mutinus ravenelii		CA		New Brunswick	PRESENT		28eb1a3f-1c15-4a95-931a-4af90ecb574d	46.239642	-64.564506	1601006.0						2022-09-14T17:38:37	14	9	2022	5239466	5239466	HUMAN_OBSERVATION	iNaturalist	Observations	136335797		Laura Berry	2022-09-24T20:59:48	CC_BY_NC_4_0	Laura Berry	Laura Berry			2025-01-14T12:34:00.832Z	StillImage	COORDINATE_ROUNDED;CONTINENT_DERIVED_FROM_COORDINATES;TAXON_MATCH_TAXON_ID_IGNORED
3915467085	50c9509d-22c7-4a22-a47d-8c48425ef4a7	https://www.inaturalist.org/observations/135960940	Fungi	Basidiomycota	Agaricomycetes	Phallales	Phallaceae	Mutinus	Mutinus ravenelii		SPECIES	Mutinus ravenelii (Berk.) E.Fisch.	Mutinus ravenelii		CA		Québec	PRESENT		28eb1a3f-1c15-4a95-931a-4af90ecb574d	45.051711	-71.989461	27222.0						2022-09-20T16:11	20	9	2022	5239466	5239466	HUMAN_OBSERVATION	iNaturalist	Observations	135960940		Birddogger	2022-09-21T20:38:29	CC_BY_NC_4_0	Birddogger	Birddogger			2025-01-14T13:25:32.430Z	StillImage	COORDINATE_ROUNDED;CONTINENT_DERIVED_FROM_COORDINATES;TAXON_MATCH_TAXON_ID_IGNORED
3915440947	50c9509d-22c7-4a22-a47d-8c48425ef4a7	https://www.inaturalist.org/observations/135725737	Fungi	Basidiomycota	Agaricomycetes	Phallales	Phallaceae	Mutinus	Mutinus ravenelii		SPECIES	Mutinus ravenelii (Berk.) E.Fisch.	Mutinus ravenelii		CA		Ontario	PRESENT		28eb1a3f-1c15-4a95-931a-4af90ecb574d	45.328	-75.796							2022-09-15T19:05:51	15	9	2022	5239466	5239466	HUMAN_OBSERVATION	iNaturalist	Observations	135725737		trailtime55	2022-09-21T20:04:46	CC_BY_NC_4_0	trailtime55	trailtime55			2025-01-14T13:25:27.280Z	StillImage	CONTINENT_DERIVED_FROM_COORDINATES;TAXON_MATCH_TAXON_ID_IGNORED
3912188317	50c9509d-22c7-4a22-a47d-8c48425ef4a7	https://www.inaturalist.org/observations/135048411	Fungi	Basidiomycota	Agaricomycetes	Phallales	Phallaceae	Mutinus	Mutinus ravenelii		SPECIES	Mutinus ravenelii (Berk.) E.Fisch.	Mutinus ravenelii		CA		New Brunswick	PRESENT		28eb1a3f-1c15-4a95-931a-4af90ecb574d	45.917057	-66.595329	20.0						2022-09-14T19:31:35	14	9	2022	5239466	5239466	HUMAN_OBSERVATION	iNaturalist	Observations	135048411		rick-1951	2022-09-14T22:31:47	CC_BY_NC_4_0	rick-1951	rick-1951			2025-01-14T13:17:30.515Z	StillImage	COORDINATE_ROUNDED;CONTINENT_DERIVED_FROM_COORDINATES;TAXON_MATCH_TAXON_ID_IGNORED
3903489436	50c9509d-22c7-4a22-a47d-8c48425ef4a7	https://www.inaturalist.org/observations/133868464	Fungi	Basidiomycota	Agaricomycetes	Phallales	Phallaceae	Mutinus	Mutinus ravenelii		SPECIES	Mutinus ravenelii (Berk.) E.Fisch.	Mutinus ravenelii		CA		Ontario	PRESENT		28eb1a3f-1c15-4a95-931a-4af90ecb574d	45.439472	-75.666078	5.0						2022-09-05T20:22:36	5	9	2022	5239466	5239466	HUMAN_OBSERVATION	iNaturalist	Observations	133868464		Nicolas Séguin	2022-09-06T02:52:20	CC_BY_NC_4_0	Nicolas Séguin	Nicolas Séguin			2025-01-14T12:31:29.942Z	StillImage	COORDINATE_ROUNDED;CONTINENT_DERIVED_FROM_COORDINATES;TAXON_MATCH_TAXON_ID_IGNORED
3903377026	50c9509d-22c7-4a22-a47d-8c48425ef4a7	https://www.inaturalist.org/observations/133823615	Fungi	Basidiomycota	Agaricomycetes	Phallales	Phallaceae	Mutinus	Mutinus ravenelii		SPECIES	Mutinus ravenelii (Berk.) E.Fisch.	Mutinus ravenelii		CA		Ontario	PRESENT		28eb1a3f-1c15-4a95-931a-4af90ecb574d	45.40873	-75.544507							2022-09-05T14:41	5	9	2022	5239466	5239466	HUMAN_OBSERVATION	iNaturalist	Observations	133823615		Igor Khomenko	2022-09-05T21:02:50	CC_BY_NC_4_0	Igor Khomenko	Igor Khomenko			2025-01-14T12:32:21.656Z	StillImage	COORDINATE_ROUNDED;CONTINENT_DERIVED_FROM_COORDINATES;TAXON_MATCH_TAXON_ID_IGNORED
3903361047	50c9509d-22c7-4a22-a47d-8c48425ef4a7	https://www.inaturalist.org/observations/132476996	Fungi	Basidiomycota	Agaricomycetes	Phallales	Phallaceae	Mutinus	Mutinus ravenelii		SPECIES	Mutinus ravenelii (Berk.) E.Fisch.	Mutinus ravenelii		CA		Ontario	PRESENT		28eb1a3f-1c15-4a95-931a-4af90ecb574d	45.391763	-76.188712	1523.0						2022-08-24T11:42	24	8	2022	5239466	5239466	HUMAN_OBSERVATION	iNaturalist	Observations	132476996		davidenrique	2022-08-27T00:06:23	CC_BY_NC_4_0	slavi	slavi			2025-01-14T12:31:57.105Z	StillImage	CONTINENT_DERIVED_FROM_COORDINATES;TAXON_MATCH_TAXON_ID_IGNORED
3903289874	50c9509d-22c7-4a22-a47d-8c48425ef4a7	https://www.inaturalist.org/observations/133192280	Fungi	Basidiomycota	Agaricomycetes	Phallales	Phallaceae	Mutinus	Mutinus ravenelii		SPECIES	Mutinus ravenelii (Berk.) E.Fisch.	Mutinus ravenelii		CA		Ontario	PRESENT		28eb1a3f-1c15-4a95-931a-4af90ecb574d	45.596638	-78.732208	11.0						2022-08-31T10:26:30	31	8	2022	5239466	5239466	HUMAN_OBSERVATION	iNaturalist	Observations	133192280		ws_	2022-09-01T11:25:52	CC_BY_NC_4_0	ws_	ws_			2025-01-14T12:32:03.061Z	StillImage	COORDINATE_ROUNDED;CONTINENT_DERIVED_FROM_COORDINATES;TAXON_MATCH_TAXON_ID_IGNORED
3903254930	50c9509d-22c7-4a22-a47d-8c48425ef4a7	https://www.inaturalist.org/observations/133273195	Fungi	Basidiomycota	Agaricomycetes	Phallales	Phallaceae	Mutinus	Mutinus ravenelii		SPECIES	Mutinus ravenelii (Berk.) E.Fisch.	Mutinus ravenelii		CA		Ontario	PRESENT		28eb1a3f-1c15-4a95-931a-4af90ecb574d	45.401752	-75.543747	31.0						2022-09-01T15:53	1	9	2022	5239466	5239466	HUMAN_OBSERVATION	iNaturalist	Observations	133273195		Igor Khomenko	2022-09-01T23:36:50	CC_BY_NC_4_0	Igor Khomenko	Igor Khomenko			2025-01-14T13:16:38.944Z	StillImage	COORDINATE_ROUNDED;CONTINENT_DERIVED_FROM_COORDINATES;TAXON_MATCH_TAXON_ID_IGNORED
3902926539	50c9509d-22c7-4a22-a47d-8c48425ef4a7	https://www.inaturalist.org/observations/132032054	Fungi	Basidiomycota	Agaricomycetes	Phallales	Phallaceae	Mutinus	Mutinus ravenelii		SPECIES	Mutinus ravenelii (Berk.) E.Fisch.	Mutinus ravenelii		CA		New Brunswick	PRESENT		28eb1a3f-1c15-4a95-931a-4af90ecb574d	46.794103	-66.44209							2022-08-22T12:34	22	8	2022	5239466	5239466	HUMAN_OBSERVATION	iNaturalist	Observations	132032054		John Klymko	2022-08-23T17:20:43	CC_BY_NC_4_0	John Klymko	John Klymko			2025-01-14T13:16:20.701Z	StillImage	COORDINATE_ROUNDED;CONTINENT_DERIVED_FROM_COORDINATES;TAXON_MATCH_TAXON_ID_IGNORED
3902904585	50c9509d-22c7-4a22-a47d-8c48425ef4a7	https://www.inaturalist.org/observations/132177421	Fungi	Basidiomycota	Agaricomycetes	Phallales	Phallaceae	Mutinus	Mutinus ravenelii		SPECIES	Mutinus ravenelii (Berk.) E.Fisch.	Mutinus ravenelii		CA		Ontario	PRESENT		28eb1a3f-1c15-4a95-931a-4af90ecb574d	45.492471	-76.000708	27158.0						2022-08-24T11:33:43	24	8	2022	5239466	5239466	HUMAN_OBSERVATION	iNaturalist	Observations	132177421		Igor Khomenko	2022-08-24T19:31:06	CC_BY_NC_4_0	Igor Khomenko	Igor Khomenko			2025-01-14T13:20:26.180Z	StillImage	COORDINATE_ROUNDED;CONTINENT_DERIVED_FROM_COORDINATES;TAXON_MATCH_TAXON_ID_IGNORED
3902872740	50c9509d-22c7-4a22-a47d-8c48425ef4a7	https://www.inaturalist.org/observations/132900652	Fungi	Basidiomycota	Agaricomycetes	Phallales	Phallaceae	Mutinus	Mutinus ravenelii		SPECIES	Mutinus ravenelii (Berk.) E.Fisch.	Mutinus ravenelii		CA		Ontario	PRESENT		28eb1a3f-1c15-4a95-931a-4af90ecb574d	45.546204	-76.143318	27158.0						2022-08-24T11:33	24	8	2022	5239466	5239466	HUMAN_OBSERVATION	iNaturalist	Observations	132900652		davidenrique	2022-08-30T11:49:34	CC_BY_NC_4_0	amanitamozart	amanitamozart			2025-01-14T13:24:35.880Z	StillImage	COORDINATE_ROUNDED;CONTINENT_DERIVED_FROM_COORDINATES;TAXON_MATCH_TAXON_ID_IGNORED
3902703875	50c9509d-22c7-4a22-a47d-8c48425ef4a7	https://www.inaturalist.org/observations/132196059	Fungi	Basidiomycota	Agaricomycetes	Phallales	Phallaceae	Mutinus	Mutinus ravenelii		SPECIES	Mutinus ravenelii (Berk.) E.Fisch.	Mutinus ravenelii		CA		Ontario	PRESENT		28eb1a3f-1c15-4a95-931a-4af90ecb574d	45.434887	-76.162133	10.0						2022-08-24T11:37:39	24	8	2022	5239466	5239466	HUMAN_OBSERVATION	iNaturalist	Observations	132196059		Lynn Ovenden	2022-08-24T21:38:12	CC_BY_NC_4_0	Lynn Ovenden	Lynn Ovenden			2025-01-14T12:31:31.549Z	StillImage	COORDINATE_ROUNDED;CONTINENT_DERIVED_FROM_COORDINATES;TAXON_MATCH_TAXON_ID_IGNORED
3902612891	50c9509d-22c7-4a22-a47d-8c48425ef4a7	https://www.inaturalist.org/observations/133502160	Fungi	Basidiomycota	Agaricomycetes	Phallales	Phallaceae	Mutinus	Mutinus ravenelii		SPECIES	Mutinus ravenelii (Berk.) E.Fisch.	Mutinus ravenelii		CA		Ontario	PRESENT		28eb1a3f-1c15-4a95-931a-4af90ecb574d	45.45273	-75.548043							2022-09-03T11:50	3	9	2022	5239466	5239466	HUMAN_OBSERVATION	iNaturalist	Observations	133502160		Igor Khomenko	2022-09-03T18:46:24	CC_BY_NC_4_0	Igor Khomenko	Igor Khomenko			2025-01-14T13:17:03.167Z	StillImage	COORDINATE_ROUNDED;CONTINENT_DERIVED_FROM_COORDINATES;TAXON_MATCH_TAXON_ID_IGNORED
3902575232	50c9509d-22c7-4a22-a47d-8c48425ef4a7	https://www.inaturalist.org/observations/132210306	Fungi	Basidiomycota	Agaricomycetes	Phallales	Phallaceae	Mutinus	Mutinus ravenelii		SPECIES	Mutinus ravenelii (Berk.) E.Fisch.	Mutinus ravenelii		CA		Ontario	PRESENT		28eb1a3f-1c15-4a95-931a-4af90ecb574d	45.401389	-76.168697	27158.0						2022-08-24T10:34	24	8	2022	5239466	5239466	HUMAN_OBSERVATION	iNaturalist	Observations	132210306		davidenrique	2022-08-25T19:16:53	CC_BY_NC_4_0	L Joan Heyding	L Joan Heyding			2025-01-14T13:25:06.879Z	StillImage	COORDINATE_ROUNDED;CONTINENT_DERIVED_FROM_COORDINATES;TAXON_MATCH_TAXON_ID_IGNORED
3902233885	50c9509d-22c7-4a22-a47d-8c48425ef4a7	https://www.inaturalist.org/observations/131254370	Fungi	Basidiomycota	Agaricomycetes	Phallales	Phallaceae	Mutinus	Mutinus ravenelii		SPECIES	Mutinus ravenelii (Berk.) E.Fisch.	Mutinus ravenelii		CA		Québec	PRESENT		28eb1a3f-1c15-4a95-931a-4af90ecb574d	45.445398	-75.922627	41.0						2022-08-17T10:45:30	17	8	2022	5239466	5239466	HUMAN_OBSERVATION	iNaturalist	Observations	131254370		Mo Laidlaw	2022-08-17T21:26:40	CC_BY_NC_4_0	Mo Laidlaw	Mo Laidlaw			2025-01-14T12:31:32.475Z	StillImage	COORDINATE_ROUNDED;CONTINENT_DERIVED_FROM_COORDINATES;TAXON_MATCH_TAXON_ID_IGNORED
3892351125	50c9509d-22c7-4a22-a47d-8c48425ef4a7	https://www.inaturalist.org/observations/130955695	Fungi	Basidiomycota	Agaricomycetes	Phallales	Phallaceae	Mutinus	Mutinus ravenelii		SPECIES	Mutinus ravenelii (Berk.) E.Fisch.	Mutinus ravenelii		CA		Québec	PRESENT		28eb1a3f-1c15-4a95-931a-4af90ecb574d	46.487624	-72.656537	1811.0						2022-08-13T16:56:09	13	8	2022	5239466	5239466	HUMAN_OBSERVATION	iNaturalist	Observations	130955695		Cindy	2022-08-15T16:53:09	CC_BY_NC_4_0	Cindy	Cindy			2025-01-14T12:33:04.197Z	StillImage	COORDINATE_ROUNDED;CONTINENT_DERIVED_FROM_COORDINATES;TAXON_MATCH_TAXON_ID_IGNORED
3892284884	50c9509d-22c7-4a22-a47d-8c48425ef4a7	https://www.inaturalist.org/observations/130643990	Fungi	Basidiomycota	Agaricomycetes	Phallales	Phallaceae	Mutinus	Mutinus ravenelii		SPECIES	Mutinus ravenelii (Berk.) E.Fisch.	Mutinus ravenelii		CA		Québec	PRESENT		28eb1a3f-1c15-4a95-931a-4af90ecb574d	46.135192	-74.444844	27063.0						2022-08-12T14:43:08	12	8	2022	5239466	5239466	HUMAN_OBSERVATION	iNaturalist	Observations	130643990		davidenrique	2022-08-13T21:40:43	CC_BY_NC_4_0	JBoulard	JBoulard			2025-01-14T12:31:44.805Z	StillImage	COORDINATE_ROUNDED;CONTINENT_DERIVED_FROM_COORDINATES;TAXON_MATCH_TAXON_ID_IGNORED
3888899066	50c9509d-22c7-4a22-a47d-8c48425ef4a7	https://www.inaturalist.org/observations/129550463	Fungi	Basidiomycota	Agaricomycetes	Phallales	Phallaceae	Mutinus	Mutinus ravenelii		SPECIES	Mutinus ravenelii (Berk.) E.Fisch.	Mutinus ravenelii		CA		New Brunswick	PRESENT		28eb1a3f-1c15-4a95-931a-4af90ecb574d	45.285984	-66.080624							2022-08-05T12:12:50	5	8	2022	5239466	5239466	HUMAN_OBSERVATION	iNaturalist	Observations	129550463		Jesse Wilson	2022-08-05T15:16:59	CC_BY_NC_4_0	Jesse Wilson	Jesse Wilson			2025-01-14T13:24:15.267Z	StillImage	COORDINATE_ROUNDED;CONTINENT_DERIVED_FROM_COORDINATES;TAXON_MATCH_TAXON_ID_IGNORED
3881861312	50c9509d-22c7-4a22-a47d-8c48425ef4a7	https://www.inaturalist.org/observations/128591174	Fungi	Basidiomycota	Agaricomycetes	Phallales	Phallaceae	Mutinus	Mutinus ravenelii		SPECIES	Mutinus ravenelii (Berk.) E.Fisch.	Mutinus ravenelii		CA		Ontario	PRESENT		28eb1a3f-1c15-4a95-931a-4af90ecb574d	45.546364	-78.565666							2022-07-29T15:02:53	29	7	2022	5239466	5239466	HUMAN_OBSERVATION	iNaturalist	Observations	128591174		Quinten Wiegersma	2022-07-30T12:06:38	CC_BY_4_0	Quinten Wiegersma	Quinten Wiegersma			2025-01-14T13:24:46.105Z	StillImage	COORDINATE_ROUNDED;CONTINENT_DERIVED_FROM_COORDINATES;TAXON_MATCH_TAXON_ID_IGNORED
3873873507	50c9509d-22c7-4a22-a47d-8c48425ef4a7	https://www.inaturalist.org/observations/127858134	Fungi	Basidiomycota	Agaricomycetes	Phallales	Phallaceae	Mutinus	Mutinus ravenelii		SPECIES	Mutinus ravenelii (Berk.) E.Fisch.	Mutinus ravenelii		CA		New Brunswick	PRESENT		28eb1a3f-1c15-4a95-931a-4af90ecb574d	47.614636	-65.656906							2022-07-25T12:52	25	7	2022	5239466	5239466	HUMAN_OBSERVATION	iNaturalist	Observations	127858134		davidenrique	2022-07-25T21:28:03	CC_BY_NC_4_0	Logan Gray	Logan Gray			2025-01-14T12:31:15.908Z	StillImage	COORDINATE_ROUNDED;CONTINENT_DERIVED_FROM_COORDINATES;TAXON_MATCH_TAXON_ID_IGNORED
3873486535	50c9509d-22c7-4a22-a47d-8c48425ef4a7	https://www.inaturalist.org/observations/127830716	Fungi	Basidiomycota	Agaricomycetes	Phallales	Phallaceae	Mutinus	Mutinus ravenelii		SPECIES	Mutinus ravenelii (Berk.) E.Fisch.	Mutinus ravenelii		CA		Ontario	PRESENT		28eb1a3f-1c15-4a95-931a-4af90ecb574d	45.347426	-75.931315	65.0						2022-07-25T08:24:31	25	7	2022	5239466	5239466	HUMAN_OBSERVATION	iNaturalist	Observations	127830716		tetwellcwf	2022-07-25T12:24:54	CC_BY_NC_4_0	tetwellcwf	tetwellcwf			2025-01-14T12:30:55.272Z	StillImage	COORDINATE_ROUNDED;CONTINENT_DERIVED_FROM_COORDINATES;TAXON_MATCH_TAXON_ID_IGNORED
3873428619	50c9509d-22c7-4a22-a47d-8c48425ef4a7	https://www.inaturalist.org/observations/126980145	Fungi	Basidiomycota	Agaricomycetes	Phallales	Phallaceae	Mutinus	Mutinus ravenelii		SPECIES	Mutinus ravenelii (Berk.) E.Fisch.	Mutinus ravenelii		CA		New Brunswick	PRESENT		28eb1a3f-1c15-4a95-931a-4af90ecb574d	45.893166	-66.688119	9.0						2022-07-19T14:16:40	19	7	2022	5239466	5239466	HUMAN_OBSERVATION	iNaturalist	Observations	126980145		davidenrique	2022-07-19T18:58:31	CC_BY_NC_4_0	ajsavoie	ajsavoie			2025-01-14T13:23:11.186Z	StillImage	COORDINATE_ROUNDED;CONTINENT_DERIVED_FROM_COORDINATES;TAXON_MATCH_TAXON_ID_IGNORED
3760122470	50c9509d-22c7-4a22-a47d-8c48425ef4a7	https://www.inaturalist.org/observations/112029243	Fungi	Basidiomycota	Agaricomycetes	Phallales	Phallaceae	Mutinus	Mutinus ravenelii		SPECIES	Mutinus ravenelii (Berk.) E.Fisch.	Mutinus ravenelii		CA		Québec	PRESENT		28eb1a3f-1c15-4a95-931a-4af90ecb574d	48.39909	-71.045022	174.0						2018-08-16T00:16	16	8	2018	5239466	5239466	HUMAN_OBSERVATION	iNaturalist	Observations	112029243		rudyclaeys	2022-04-19T11:20:39	CC_BY_NC_4_0	rudyclaeys	rudyclaeys			2025-01-14T13:13:25.684Z	StillImage	COORDINATE_ROUNDED;CONTINENT_DERIVED_FROM_COORDINATES;TAXON_MATCH_TAXON_ID_IGNORED
3456905531	50c9509d-22c7-4a22-a47d-8c48425ef4a7	https://www.inaturalist.org/observations/103788146	Fungi	Basidiomycota	Agaricomycetes	Phallales	Phallaceae	Mutinus	Mutinus ravenelii		SPECIES	Mutinus ravenelii (Berk.) E.Fisch.	Mutinus ravenelii		CA		Québec	PRESENT		28eb1a3f-1c15-4a95-931a-4af90ecb574d	48.442893	-70.87832	4.0						2003-09-27T07:56	27	9	2003	5239466	5239466	HUMAN_OBSERVATION	iNaturalist	Observations	103788146		germain_savard	2021-12-28T00:10:41	CC_BY_NC_4_0	germain_savard	germain_savard			2025-01-14T13:11:29.548Z	StillImage	COORDINATE_ROUNDED;CONTINENT_DERIVED_FROM_COORDINATES;TAXON_MATCH_TAXON_ID_IGNORED
3456800246	50c9509d-22c7-4a22-a47d-8c48425ef4a7	https://www.inaturalist.org/observations/96233403	Fungi	Basidiomycota	Agaricomycetes	Phallales	Phallaceae	Mutinus	Mutinus ravenelii		SPECIES	Mutinus ravenelii (Berk.) E.Fisch.	Mutinus ravenelii		CA		Québec	PRESENT		28eb1a3f-1c15-4a95-931a-4af90ecb574d	45.36165	-71.842614							2021-09-26T10:41:55	26	9	2021	5239466	5239466	HUMAN_OBSERVATION	iNaturalist	Observations	96233403		davidenrique	2021-09-26T16:53:34	CC_BY_NC_4_0	llamaboombama	llamaboombama			2025-01-14T13:15:18.371Z		COORDINATE_ROUNDED;CONTINENT_DERIVED_FROM_COORDINATES;TAXON_MATCH_TAXON_ID_IGNORED
3408120034	50c9509d-22c7-4a22-a47d-8c48425ef4a7	https://www.inaturalist.org/observations/100015493	Fungi	Basidiomycota	Agaricomycetes	Phallales	Phallaceae	Mutinus	Mutinus ravenelii		SPECIES	Mutinus ravenelii (Berk.) E.Fisch.	Mutinus ravenelii		CA		New Brunswick	PRESENT		28eb1a3f-1c15-4a95-931a-4af90ecb574d	45.963812	-66.655617	6.0						2021-10-29T13:50:13	29	10	2021	5239466	5239466	HUMAN_OBSERVATION	iNaturalist	Observations	100015493		davidenrique	2021-11-01T22:50:30	CC_BY_NC_4_0	jbilli	jbilli			2025-01-14T13:12:03.045Z	StillImage	COORDINATE_ROUNDED;CONTINENT_DERIVED_FROM_COORDINATES;TAXON_MATCH_TAXON_ID_IGNORED
3399172211	50c9509d-22c7-4a22-a47d-8c48425ef4a7	https://www.inaturalist.org/observations/98478920	Fungi	Basidiomycota	Agaricomycetes	Phallales	Phallaceae	Mutinus	Mutinus ravenelii		SPECIES	Mutinus ravenelii (Berk.) E.Fisch.	Mutinus ravenelii		CA		Ontario	PRESENT		28eb1a3f-1c15-4a95-931a-4af90ecb574d	45.525807	-74.686796							2021-10-16T11:54:51	16	10	2021	5239466	5239466	HUMAN_OBSERVATION	iNaturalist	Observations	98478920		lbeauchesne	2021-10-17T11:52:19	CC_BY_NC_4_0	lbeauchesne	lbeauchesne			2025-01-14T13:15:21.933Z	StillImage	COORDINATE_ROUNDED;CONTINENT_DERIVED_FROM_COORDINATES;TAXON_MATCH_TAXON_ID_IGNORED
3398683254	50c9509d-22c7-4a22-a47d-8c48425ef4a7	https://www.inaturalist.org/observations/98505986	Fungi	Basidiomycota	Agaricomycetes	Phallales	Phallaceae	Mutinus	Mutinus ravenelii		SPECIES	Mutinus ravenelii (Berk.) E.Fisch.	Mutinus ravenelii		CA		Québec	PRESENT		28eb1a3f-1c15-4a95-931a-4af90ecb574d	45.67505	-73.782099	65.0						2021-10-17T12:44:46	17	10	2021	5239466	5239466	HUMAN_OBSERVATION	iNaturalist	Observations	98505986		davidenrique	2021-10-17T20:33:03	CC_BY_NC_4_0	paterpillar	paterpillar			2025-01-14T13:15:58.785Z	StillImage	COORDINATE_ROUNDED;CONTINENT_DERIVED_FROM_COORDINATES;TAXON_MATCH_TAXON_ID_IGNORED
3391688527	50c9509d-22c7-4a22-a47d-8c48425ef4a7	https://www.inaturalist.org/observations/94630614	Fungi	Basidiomycota	Agaricomycetes	Phallales	Phallaceae	Mutinus	Mutinus ravenelii		SPECIES	Mutinus ravenelii (Berk.) E.Fisch.	Mutinus ravenelii		CA		Ontario	PRESENT		28eb1a3f-1c15-4a95-931a-4af90ecb574d	45.600028	-77.8674	7.0						2021-08-30T09:53:50	30	8	2021	5239466	5239466	HUMAN_OBSERVATION	iNaturalist	Observations	94630614		davidenrique	2021-09-13T00:49:29	CC_BY_NC_4_0	jesse503	jesse503			2025-01-14T12:21:05.910Z	StillImage	COORDINATE_ROUNDED;CONTINENT_DERIVED_FROM_COORDINATES;TAXON_MATCH_TAXON_ID_IGNORED
3385174584	50c9509d-22c7-4a22-a47d-8c48425ef4a7	https://www.inaturalist.org/observations/97351798	Fungi	Basidiomycota	Agaricomycetes	Phallales	Phallaceae	Mutinus	Mutinus ravenelii		SPECIES	Mutinus ravenelii (Berk.) E.Fisch.	Mutinus ravenelii		CA		Québec	PRESENT		28eb1a3f-1c15-4a95-931a-4af90ecb574d	46.353355	-74.527821	488.0						2021-10-04T13:32	4	10	2021	5239466	5239466	HUMAN_OBSERVATION	iNaturalist	Observations	97351798		Carole Beauchesne	2021-10-06T15:40:52	CC_BY_NC_4_0	Carole Beauchesne	Carole Beauchesne			2025-01-14T13:14:40.011Z	StillImage	COORDINATE_ROUNDED;CONTINENT_DERIVED_FROM_COORDINATES;TAXON_MATCH_TAXON_ID_IGNORED
3384833586	50c9509d-22c7-4a22-a47d-8c48425ef4a7	https://www.inaturalist.org/observations/97358913	Fungi	Basidiomycota	Agaricomycetes	Phallales	Phallaceae	Mutinus	Mutinus ravenelii		SPECIES	Mutinus ravenelii (Berk.) E.Fisch.	Mutinus ravenelii		CA		Ontario	PRESENT		28eb1a3f-1c15-4a95-931a-4af90ecb574d	45.597113	-78.732658	6.0						2021-10-06T10:26:09	6	10	2021	5239466	5239466	HUMAN_OBSERVATION	iNaturalist	Observations	97358913		ws_	2021-10-06T16:51:38	CC_BY_NC_4_0	ws_	ws_			2025-01-14T12:26:02.828Z	StillImage	COORDINATE_ROUNDED;CONTINENT_DERIVED_FROM_COORDINATES;TAXON_MATCH_TAXON_ID_IGNORED
3384727318	50c9509d-22c7-4a22-a47d-8c48425ef4a7	https://www.inaturalist.org/observations/96229528	Fungi	Basidiomycota	Agaricomycetes	Phallales	Phallaceae	Mutinus	Mutinus ravenelii		SPECIES	Mutinus ravenelii (Berk.) E.Fisch.	Mutinus ravenelii		CA		Québec	PRESENT		28eb1a3f-1c15-4a95-931a-4af90ecb574d	45.361526	-71.842125	10.0						2021-09-26T10:43:21	26	9	2021	5239466	5239466	HUMAN_OBSERVATION	iNaturalist	Observations	96229528		davidenrique	2021-09-26T16:55:10	CC_BY_NC_4_0	timberlord14	timberlord14			2025-01-14T12:21:22.635Z	StillImage	COORDINATE_ROUNDED;CONTINENT_DERIVED_FROM_COORDINATES;TAXON_MATCH_TAXON_ID_IGNORED
3384157156	50c9509d-22c7-4a22-a47d-8c48425ef4a7	https://www.inaturalist.org/observations/97039774	Fungi	Basidiomycota	Agaricomycetes	Phallales	Phallaceae	Mutinus	Mutinus ravenelii		SPECIES	Mutinus ravenelii (Berk.) E.Fisch.	Mutinus ravenelii		CA		New Brunswick	PRESENT		28eb1a3f-1c15-4a95-931a-4af90ecb574d	45.954908	-66.902243	4.0						2021-10-03T14:26:05	3	10	2021	5239466	5239466	HUMAN_OBSERVATION	iNaturalist	Observations	97039774		davidenrique	2021-10-03T19:23:21	CC_BY_NC_4_0	michaellynch	michaellynch			2025-01-14T12:21:47.275Z	StillImage	COORDINATE_ROUNDED;CONTINENT_DERIVED_FROM_COORDINATES;TAXON_MATCH_TAXON_ID_IGNORED
3355546377	50c9509d-22c7-4a22-a47d-8c48425ef4a7	https://www.inaturalist.org/observations/93145948	Fungi	Basidiomycota	Agaricomycetes	Phallales	Phallaceae	Mutinus	Mutinus ravenelii		SPECIES	Mutinus ravenelii (Berk.) E.Fisch.	Mutinus ravenelii		CA		New Brunswick	PRESENT		28eb1a3f-1c15-4a95-931a-4af90ecb574d	46.239594	-64.566571							2021-08-30T15:49:59	30	8	2021	5239466	5239466	HUMAN_OBSERVATION	iNaturalist	Observations	93145948		davidenrique	2021-08-31T19:01:40	CC_BY_NC_4_0	Laura Berry	Laura Berry			2025-01-14T12:21:40.697Z	StillImage	COORDINATE_ROUNDED;CONTINENT_DERIVED_FROM_COORDINATES;TAXON_MATCH_TAXON_ID_IGNORED
3343765826	50c9509d-22c7-4a22-a47d-8c48425ef4a7	https://www.inaturalist.org/observations/92489775	Fungi	Basidiomycota	Agaricomycetes	Phallales	Phallaceae	Mutinus	Mutinus ravenelii		SPECIES	Mutinus ravenelii (Berk.) E.Fisch.	Mutinus ravenelii		CA		Ontario	PRESENT		28eb1a3f-1c15-4a95-931a-4af90ecb574d	45.104984	-77.885033	4.0						2021-08-25T14:05:25	25	8	2021	5239466	5239466	HUMAN_OBSERVATION	iNaturalist	Observations	92489775		davidenrique	2021-08-25T22:09:37	CC_BY_NC_4_0	Diana Smith	Diana Smith			2025-01-14T13:14:15.773Z	StillImage	COORDINATE_ROUNDED;CONTINENT_DERIVED_FROM_COORDINATES;TAXON_MATCH_TAXON_ID_IGNORED
3338136277	50c9509d-22c7-4a22-a47d-8c48425ef4a7	https://www.inaturalist.org/observations/90771352	Fungi	Basidiomycota	Agaricomycetes	Phallales	Phallaceae	Mutinus	Mutinus ravenelii		SPECIES	Mutinus ravenelii (Berk.) E.Fisch.	Mutinus ravenelii		CA		Ontario	PRESENT		28eb1a3f-1c15-4a95-931a-4af90ecb574d	45.370603	-75.799142	5.0						2021-08-11T09:27:37	11	8	2021	5239466	5239466	HUMAN_OBSERVATION	iNaturalist	Observations	90771352		Nina	2021-08-11T13:29:09	CC_BY_NC_4_0	Nina	Nina			2025-01-14T13:13:51.821Z	StillImage	COORDINATE_ROUNDED;CONTINENT_DERIVED_FROM_COORDINATES;TAXON_MATCH_TAXON_ID_IGNORED
3337829613	50c9509d-22c7-4a22-a47d-8c48425ef4a7	https://www.inaturalist.org/observations/90392506	Fungi	Basidiomycota	Agaricomycetes	Phallales	Phallaceae	Mutinus	Mutinus ravenelii		SPECIES	Mutinus ravenelii (Berk.) E.Fisch.	Mutinus ravenelii		CA		New Brunswick	PRESENT		28eb1a3f-1c15-4a95-931a-4af90ecb574d	45.490406	-65.912522							2021-08-08T11:23:50Z	8	8	2021	5239466	5239466	HUMAN_OBSERVATION	iNaturalist	Observations	90392506		russellfougere	2021-08-08T14:25:21	CC_BY_NC_4_0	russellfougere	russellfougere			2025-01-14T12:20:05.608Z	StillImage	COORDINATE_ROUNDED;CONTINENT_DERIVED_FROM_COORDINATES;TAXON_MATCH_TAXON_ID_IGNORED
3337539511	50c9509d-22c7-4a22-a47d-8c48425ef4a7	https://www.inaturalist.org/observations/90775672	Fungi	Basidiomycota	Agaricomycetes	Phallales	Phallaceae	Mutinus	Mutinus ravenelii		SPECIES	Mutinus ravenelii (Berk.) E.Fisch.	Mutinus ravenelii		CA		Québec	PRESENT		28eb1a3f-1c15-4a95-931a-4af90ecb574d	48.093708	-65.081275	32.0						2021-08-11T10:07:13	11	8	2021	5239466	5239466	HUMAN_OBSERVATION	iNaturalist	Observations	90775672		davidenrique	2021-08-11T16:28:42	CC_BY_NC_4_0	shigjen	shigjen			2025-01-14T13:14:12.850Z	StillImage	COORDINATE_ROUNDED;CONTINENT_DERIVED_FROM_COORDINATES;TAXON_MATCH_TAXON_ID_IGNORED
3330501812	50c9509d-22c7-4a22-a47d-8c48425ef4a7	https://www.inaturalist.org/observations/87403987	Fungi	Basidiomycota	Agaricomycetes	Phallales	Phallaceae	Mutinus	Mutinus ravenelii		SPECIES	Mutinus ravenelii (Berk.) E.Fisch.	Mutinus ravenelii		CA		Québec	PRESENT		28eb1a3f-1c15-4a95-931a-4af90ecb574d	46.294567	-71.733305	34.0						2021-07-17T10:34:37	17	7	2021	5239466	5239466	HUMAN_OBSERVATION	iNaturalist	Observations	87403987		elen_debellevue	2021-07-17T14:54:03	CC_BY_NC_4_0	elen_debellevue	elen_debellevue			2025-01-14T12:19:39.411Z	StillImage	COORDINATE_ROUNDED;CONTINENT_DERIVED_FROM_COORDINATES;TAXON_MATCH_TAXON_ID_IGNORED
3328036731	50c9509d-22c7-4a22-a47d-8c48425ef4a7	https://www.inaturalist.org/observations/86349582	Fungi	Basidiomycota	Agaricomycetes	Phallales	Phallaceae	Mutinus	Mutinus ravenelii		SPECIES	Mutinus ravenelii (Berk.) E.Fisch.	Mutinus ravenelii		CA		Québec	PRESENT		28eb1a3f-1c15-4a95-931a-4af90ecb574d	47.475267	-70.532775	6.0						2021-07-09T13:12:05	9	7	2021	5239466	5239466	HUMAN_OBSERVATION	iNaturalist	Observations	86349582		Marilyne Busque-Dubois	2021-07-10T00:40:01	CC_BY_4_0	Marilyne Busque-Dubois	Marilyne Busque-Dubois			2025-01-14T13:13:07.813Z	StillImage	COORDINATE_ROUNDED;CONTINENT_DERIVED_FROM_COORDINATES;TAXON_MATCH_TAXON_ID_IGNORED
3321047468	50c9509d-22c7-4a22-a47d-8c48425ef4a7	https://www.inaturalist.org/observations/85126586	Fungi	Basidiomycota	Agaricomycetes	Phallales	Phallaceae	Mutinus	Mutinus ravenelii		SPECIES	Mutinus ravenelii (Berk.) E.Fisch.	Mutinus ravenelii		CA		Ontario	PRESENT		28eb1a3f-1c15-4a95-931a-4af90ecb574d	45.490619	-78.232406	208.0						2021-06-30T13:52:58	30	6	2021	5239466	5239466	HUMAN_OBSERVATION	iNaturalist	Observations	85126586		Samantha Dunlop	2021-06-30T19:48:43	CC_BY_NC_4_0	Samantha Dunlop	Samantha Dunlop			2025-01-14T12:20:23.540Z	StillImage	COORDINATE_ROUNDED;CONTINENT_DERIVED_FROM_COORDINATES;TAXON_MATCH_TAXON_ID_IGNORED
3314304958	50c9509d-22c7-4a22-a47d-8c48425ef4a7	https://www.inaturalist.org/observations/83791589	Fungi	Basidiomycota	Agaricomycetes	Phallales	Phallaceae	Mutinus	Mutinus ravenelii		SPECIES	Mutinus ravenelii (Berk.) E.Fisch.	Mutinus ravenelii		CA		New Brunswick	PRESENT		28eb1a3f-1c15-4a95-931a-4af90ecb574d	45.978096	-66.684618	7.0						2021-06-20T12:10:07	20	6	2021	5239466	5239466	HUMAN_OBSERVATION	iNaturalist	Observations	83791589		raisedonpixels	2021-06-20T15:11:07	CC_BY_NC_4_0	raisedonpixels	raisedonpixels			2025-01-14T12:19:27.189Z	StillImage	COORDINATE_ROUNDED;CONTINENT_DERIVED_FROM_COORDINATES;TAXON_MATCH_TAXON_ID_IGNORED
3097334644	50c9509d-22c7-4a22-a47d-8c48425ef4a7	https://www.inaturalist.org/observations/74856826	Fungi	Basidiomycota	Agaricomycetes	Phallales	Phallaceae	Mutinus	Mutinus ravenelii		SPECIES	Mutinus ravenelii (Berk.) E.Fisch.	Mutinus ravenelii		CA		Québec	PRESENT		28eb1a3f-1c15-4a95-931a-4af90ecb574d	45.250091	-74.133086	16086.0						2014-06-10T13:28	10	6	2014	5239466	5239466	HUMAN_OBSERVATION	iNaturalist	Observations	74856826		Léo-Guy de Repentigny	2021-04-22T18:07:47	CC_BY_NC_4_0	Léo-Guy de Repentigny	Léo-Guy de Repentigny			2025-01-14T12:16:56.478Z	StillImage	COORDINATE_ROUNDED;CONTINENT_DERIVED_FROM_COORDINATES;TAXON_MATCH_TAXON_ID_IGNORED
2988580222	50c9509d-22c7-4a22-a47d-8c48425ef4a7	https://www.inaturalist.org/observations/65016634	Fungi	Basidiomycota	Agaricomycetes	Phallales	Phallaceae	Mutinus	Mutinus ravenelii		SPECIES	Mutinus ravenelii (Berk.) E.Fisch.	Mutinus ravenelii		CA		Ontario	PRESENT		28eb1a3f-1c15-4a95-931a-4af90ecb574d	45.081647	-75.70027	4.0						2013-07-14T15:02	14	7	2013	5239466	5239466	HUMAN_OBSERVATION	iNaturalist	Observations	65016634		wendtgower	2020-11-16T15:28:22	CC_BY_NC_4_0	wendtgower	wendtgower			2025-01-14T12:15:43.123Z	StillImage	COORDINATE_ROUNDED;CONTINENT_DERIVED_FROM_COORDINATES;TAXON_MATCH_TAXON_ID_IGNORED
2868133726	50c9509d-22c7-4a22-a47d-8c48425ef4a7	https://www.inaturalist.org/observations/59998722	Fungi	Basidiomycota	Agaricomycetes	Phallales	Phallaceae	Mutinus	Mutinus ravenelii		SPECIES	Mutinus ravenelii (Berk.) E.Fisch.	Mutinus ravenelii		CA		Québec	PRESENT		28eb1a3f-1c15-4a95-931a-4af90ecb574d	45.723261	-75.398036	27126.0						2020-09-18T10:05:10	18	9	2020	5239466	5239466	HUMAN_OBSERVATION	iNaturalist	Observations	59998722		claudie_b	2020-09-18T19:24:03	CC_BY_NC_4_0	claudie_b	claudie_b			2025-01-14T12:14:45.820Z	StillImage	COORDINATE_ROUNDED;CONTINENT_DERIVED_FROM_COORDINATES;TAXON_MATCH_TAXON_ID_IGNORED
2862486932	50c9509d-22c7-4a22-a47d-8c48425ef4a7	https://www.inaturalist.org/observations/58759516	Fungi	Basidiomycota	Agaricomycetes	Phallales	Phallaceae	Mutinus	Mutinus ravenelii		SPECIES	Mutinus ravenelii (Berk.) E.Fisch.	Mutinus ravenelii		CA		Ontario	PRESENT		28eb1a3f-1c15-4a95-931a-4af90ecb574d	45.44788	-75.183638	10.0						2020-09-06T13:30:56	6	9	2020	5239466	5239466	HUMAN_OBSERVATION	iNaturalist	Observations	58759516		davidenrique	2020-09-07T00:07:24	CC_BY_NC_4_0	SachaPenner	SachaPenner			2025-01-14T13:09:42.475Z	StillImage	COORDINATE_ROUNDED;CONTINENT_DERIVED_FROM_COORDINATES;TAXON_MATCH_TAXON_ID_IGNORED
2862379912	50c9509d-22c7-4a22-a47d-8c48425ef4a7	https://www.inaturalist.org/observations/58749251	Fungi	Basidiomycota	Agaricomycetes	Phallales	Phallaceae	Mutinus	Mutinus ravenelii		SPECIES	Mutinus ravenelii (Berk.) E.Fisch.	Mutinus ravenelii		CA		Ontario	PRESENT		28eb1a3f-1c15-4a95-931a-4af90ecb574d	45.071753	-79.117632	229.0						2020-09-06T13:57	6	9	2020	5239466	5239466	HUMAN_OBSERVATION	iNaturalist	Observations	58749251		Peter Jessen	2020-09-06T18:55:36	CC_BY_NC_4_0	Peter Jessen	Peter Jessen			2025-01-14T12:14:40.717Z	StillImage	COORDINATE_ROUNDED;CONTINENT_DERIVED_FROM_COORDINATES;TAXON_MATCH_TAXON_ID_IGNORED
2862327894	50c9509d-22c7-4a22-a47d-8c48425ef4a7	https://www.inaturalist.org/observations/58727328	Fungi	Basidiomycota	Agaricomycetes	Phallales	Phallaceae	Mutinus	Mutinus ravenelii		SPECIES	Mutinus ravenelii (Berk.) E.Fisch.	Mutinus ravenelii		CA		Québec	PRESENT		28eb1a3f-1c15-4a95-931a-4af90ecb574d	46.819379	-71.174169	1200.0						2020-09-06T16:06:34Z	6	9	2020	5239466	5239466	HUMAN_OBSERVATION	iNaturalist	Observations	58727328		jules_i1	2020-09-06T16:07:02	CC_BY_NC_4_0	jules_i1	jules_i1			2025-01-14T12:14:43.564Z	StillImage	COORDINATE_ROUNDED;CONTINENT_DERIVED_FROM_COORDINATES;TAXON_MATCH_TAXON_ID_IGNORED
2862289555	50c9509d-22c7-4a22-a47d-8c48425ef4a7	https://www.inaturalist.org/observations/58473370	Fungi	Basidiomycota	Agaricomycetes	Phallales	Phallaceae	Mutinus	Mutinus ravenelii		SPECIES	Mutinus ravenelii (Berk.) E.Fisch.	Mutinus ravenelii		CA		Québec	PRESENT		28eb1a3f-1c15-4a95-931a-4af90ecb574d	45.501689	-73.567256	44615.0						2020-08-09T12:58:42	9	8	2020	5239466	5239466	HUMAN_OBSERVATION	iNaturalist	Observations	58473370		heffie	2020-09-04T02:01:04	CC_BY_NC_4_0	heffie	heffie			2025-01-14T12:15:33.698Z	StillImage	COORDINATE_ROUNDED;CONTINENT_DERIVED_FROM_COORDINATES;TAXON_MATCH_TAXON_ID_IGNORED
2860094871	50c9509d-22c7-4a22-a47d-8c48425ef4a7	https://www.inaturalist.org/observations/57977946	Fungi	Basidiomycota	Agaricomycetes	Phallales	Phallaceae	Mutinus	Mutinus ravenelii		SPECIES	Mutinus ravenelii (Berk.) E.Fisch.	Mutinus ravenelii		CA		Québec	PRESENT		28eb1a3f-1c15-4a95-931a-4af90ecb574d	48.588954	-78.233821	182.0						2020-08-17T14:30	17	8	2020	5239466	5239466	HUMAN_OBSERVATION	iNaturalist	Observations	57977946		sajala	2020-08-29T23:28:30	CC_BY_NC_4_0	sajala	sajala			2025-01-14T12:14:41.941Z	StillImage	COORDINATE_ROUNDED;CONTINENT_DERIVED_FROM_COORDINATES;TAXON_MATCH_TAXON_ID_IGNORED
2856526067	50c9509d-22c7-4a22-a47d-8c48425ef4a7	https://www.inaturalist.org/observations/57483093	Fungi	Basidiomycota	Agaricomycetes	Phallales	Phallaceae	Mutinus	Mutinus ravenelii		SPECIES	Mutinus ravenelii (Berk.) E.Fisch.	Mutinus ravenelii		CA		Ontario	PRESENT		28eb1a3f-1c15-4a95-931a-4af90ecb574d	45.552861	-75.060816	27158.0						2020-08-24T16:39:40	24	8	2020	5239466	5239466	HUMAN_OBSERVATION	iNaturalist	Observations	57483093		SachaPenner	2020-08-24T21:18:27	CC_BY_NC_4_0	SachaPenner	SachaPenner			2025-01-14T13:09:45.918Z	StillImage	COORDINATE_ROUNDED;CONTINENT_DERIVED_FROM_COORDINATES;TAXON_MATCH_TAXON_ID_IGNORED
2851291338	50c9509d-22c7-4a22-a47d-8c48425ef4a7	https://www.inaturalist.org/observations/55505772	Fungi	Basidiomycota	Agaricomycetes	Phallales	Phallaceae	Mutinus	Mutinus ravenelii		SPECIES	Mutinus ravenelii (Berk.) E.Fisch.	Mutinus ravenelii		CA		Québec	PRESENT		28eb1a3f-1c15-4a95-931a-4af90ecb574d	46.882192	-71.222337	26.0						2020-08-05T12:38:07	5	8	2020	5239466	5239466	HUMAN_OBSERVATION	iNaturalist	Observations	55505772		aachim	2020-08-05T16:40:01	CC_BY_NC_4_0	aachim	aachim			2025-01-14T12:14:53.611Z	StillImage	COORDINATE_ROUNDED;CONTINENT_DERIVED_FROM_COORDINATES;TAXON_MATCH_TAXON_ID_IGNORED
2851050732	50c9509d-22c7-4a22-a47d-8c48425ef4a7	https://www.inaturalist.org/observations/55732173	Fungi	Basidiomycota	Agaricomycetes	Phallales	Phallaceae	Mutinus	Mutinus ravenelii		SPECIES	Mutinus ravenelii (Berk.) E.Fisch.	Mutinus ravenelii		CA		Québec	PRESENT		28eb1a3f-1c15-4a95-931a-4af90ecb574d	45.82238	-74.0289	10.0						2020-08-05T17:31:13	5	8	2020	5239466	5239466	HUMAN_OBSERVATION	iNaturalist	Observations	55732173		isabir	2020-08-07T20:29:56	CC_BY_NC_4_0	isabir	isabir			2025-01-14T12:15:00.944Z	StillImage	CONTINENT_DERIVED_FROM_COORDINATES;TAXON_MATCH_TAXON_ID_IGNORED
2850675487	50c9509d-22c7-4a22-a47d-8c48425ef4a7	https://www.inaturalist.org/observations/56253915	Fungi	Basidiomycota	Agaricomycetes	Phallales	Phallaceae	Mutinus	Mutinus ravenelii		SPECIES	Mutinus ravenelii (Berk.) E.Fisch.	Mutinus ravenelii		CA		Ontario	PRESENT		28eb1a3f-1c15-4a95-931a-4af90ecb574d	45.557139	-78.414102	91.0						2020-08-11T17:18	11	8	2020	5239466	5239466	HUMAN_OBSERVATION	iNaturalist	Observations	56253915		David LeGros	2020-08-12T19:53:25	CC_BY_NC_4_0	David LeGros	David LeGros			2025-01-14T13:08:58.539Z	StillImage	COORDINATE_ROUNDED;CONTINENT_DERIVED_FROM_COORDINATES;TAXON_MATCH_TAXON_ID_IGNORED
2850627000	50c9509d-22c7-4a22-a47d-8c48425ef4a7	https://www.inaturalist.org/observations/55956603	Fungi	Basidiomycota	Agaricomycetes	Phallales	Phallaceae	Mutinus	Mutinus ravenelii		SPECIES	Mutinus ravenelii (Berk.) E.Fisch.	Mutinus ravenelii		CA		Ontario	PRESENT		28eb1a3f-1c15-4a95-931a-4af90ecb574d	45.892439	-77.253754	65.0						2020-08-09T16:35:24	9	8	2020	5239466	5239466	HUMAN_OBSERVATION	iNaturalist	Observations	55956603		lis2020	2020-08-09T20:36:22	CC_BY_NC_4_0	lis2020	lis2020			2025-01-14T12:14:13.675Z	StillImage	COORDINATE_ROUNDED;CONTINENT_DERIVED_FROM_COORDINATES;TAXON_MATCH_TAXON_ID_IGNORED
2826512358	50c9509d-22c7-4a22-a47d-8c48425ef4a7	https://www.inaturalist.org/observations/54566536	Fungi	Basidiomycota	Agaricomycetes	Phallales	Phallaceae	Mutinus	Mutinus ravenelii		SPECIES	Mutinus ravenelii (Berk.) E.Fisch.	Mutinus ravenelii		CA		Ontario	PRESENT		28eb1a3f-1c15-4a95-931a-4af90ecb574d	45.510752	-75.328814	4.0						2020-07-27T17:12:11	27	7	2020	5239466	5239466	HUMAN_OBSERVATION	iNaturalist	Observations	54566536		jfbeaulnes	2020-07-27T21:12:54	CC_BY_NC_4_0	jfbeaulnes	jfbeaulnes			2025-01-14T12:14:09.561Z	StillImage	COORDINATE_ROUNDED;CONTINENT_DERIVED_FROM_COORDINATES;TAXON_MATCH_TAXON_ID_IGNORED
2826348507	50c9509d-22c7-4a22-a47d-8c48425ef4a7	https://www.inaturalist.org/observations/54655152	Fungi	Basidiomycota	Agaricomycetes	Phallales	Phallaceae	Mutinus	Mutinus ravenelii		SPECIES	Mutinus ravenelii (Berk.) E.Fisch.	Mutinus ravenelii		CA		Québec	PRESENT		28eb1a3f-1c15-4a95-931a-4af90ecb574d	45.602138	-75.880845	24.0						2020-07-13T11:12:47	13	7	2020	5239466	5239466	HUMAN_OBSERVATION	iNaturalist	Observations	54655152		bobtyler	2020-07-28T18:17:45	CC_BY_NC_4_0	bobtyler	bobtyler			2025-01-14T13:09:23.211Z	StillImage	COORDINATE_ROUNDED;CONTINENT_DERIVED_FROM_COORDINATES;TAXON_MATCH_TAXON_ID_IGNORED
2826249491	50c9509d-22c7-4a22-a47d-8c48425ef4a7	https://www.inaturalist.org/observations/54574955	Fungi	Basidiomycota	Agaricomycetes	Phallales	Phallaceae	Mutinus	Mutinus ravenelii		SPECIES	Mutinus ravenelii (Berk.) E.Fisch.	Mutinus ravenelii		CA		Québec	PRESENT		28eb1a3f-1c15-4a95-931a-4af90ecb574d	45.011566	-72.659377	27222.0						2020-07-27T18:39:26	27	7	2020	5239466	5239466	HUMAN_OBSERVATION	iNaturalist	Observations	54574955		wez	2020-07-27T22:50:30	CC_BY_NC_4_0	wez	wez			2025-01-14T12:14:53.228Z	StillImage	COORDINATE_ROUNDED;CONTINENT_DERIVED_FROM_COORDINATES;TAXON_MATCH_TAXON_ID_IGNORED
2609225486	50c9509d-22c7-4a22-a47d-8c48425ef4a7	https://www.inaturalist.org/observations/42579338	Fungi	Basidiomycota	Agaricomycetes	Phallales	Phallaceae	Mutinus	Mutinus ravenelii		SPECIES	Mutinus ravenelii (Berk.) E.Fisch.	Mutinus ravenelii		CA		Québec	PRESENT		28eb1a3f-1c15-4a95-931a-4af90ecb574d	48.337571	-71.140945	4.0						2009-08-05T09:16	5	8	2009	5239466	5239466	HUMAN_OBSERVATION	iNaturalist	Observations	42579338		pointrond	2020-04-19T16:18:52	CC_BY_NC_4_0	pointrond	pointrond			2025-01-14T12:11:38.867Z	StillImage	COORDINATE_ROUNDED;CONTINENT_DERIVED_FROM_COORDINATES;TAXON_MATCH_TAXON_ID_IGNORED
2429587566	50c9509d-22c7-4a22-a47d-8c48425ef4a7	https://www.inaturalist.org/observations/34355918	Fungi	Basidiomycota	Agaricomycetes	Phallales	Phallaceae	Mutinus	Mutinus ravenelii		SPECIES	Mutinus ravenelii (Berk.) E.Fisch.	Mutinus ravenelii		CA		New Brunswick	PRESENT		28eb1a3f-1c15-4a95-931a-4af90ecb574d	46.220197	-64.534687	3733.0						2015-08-18T10:21	18	8	2015	5239466	5239466	HUMAN_OBSERVATION	iNaturalist	Observations	34355918		Raymonde G Chartier	2019-10-14T13:22:54	CC_BY_NC_4_0	Raymonde G Chartier	Raymonde G Chartier			2025-01-14T12:09:35.817Z	StillImage	COORDINATE_ROUNDED;CONTINENT_DERIVED_FROM_COORDINATES;TAXON_MATCH_TAXON_ID_IGNORED
2429236384	50c9509d-22c7-4a22-a47d-8c48425ef4a7	https://www.inaturalist.org/observations/31748301	Fungi	Basidiomycota	Agaricomycetes	Phallales	Phallaceae	Mutinus	Mutinus ravenelii		SPECIES	Mutinus ravenelii (Berk.) E.Fisch.	Mutinus ravenelii		CA		Québec	PRESENT		28eb1a3f-1c15-4a95-931a-4af90ecb574d	48.200479	-69.911817	16.0						2019-08-29T16:07:13	29	8	2019	5239466	5239466	HUMAN_OBSERVATION	iNaturalist	Observations	31748301		poutchie	2019-08-29T20:19:54	CC_BY_NC_4_0	poutchie	poutchie			2025-01-14T13:03:39.862Z	StillImage	COORDINATE_ROUNDED;CONTINENT_DERIVED_FROM_COORDINATES;TAXON_MATCH_TAXON_ID_IGNORED
2294575162	50c9509d-22c7-4a22-a47d-8c48425ef4a7	https://www.inaturalist.org/observations/29111861	Fungi	Basidiomycota	Agaricomycetes	Phallales	Phallaceae	Mutinus	Mutinus ravenelii		SPECIES	Mutinus ravenelii (Berk.) E.Fisch.	Mutinus ravenelii		CA		Québec	PRESENT		28eb1a3f-1c15-4a95-931a-4af90ecb574d	46.150017	-74.611721	64.0						2019-07-19T10:32:30	19	7	2019	5239466	5239466	HUMAN_OBSERVATION	iNaturalist	Observations	29111861		kruth	2019-07-19T14:33:19	CC_BY_NC_4_0	kruth	kruth			2025-01-14T13:04:16.230Z	StillImage	COORDINATE_ROUNDED;CONTINENT_DERIVED_FROM_COORDINATES;TAXON_MATCH_TAXON_ID_IGNORED
1913195371	50c9509d-22c7-4a22-a47d-8c48425ef4a7	https://www.inaturalist.org/observations/16475894	Fungi	Basidiomycota	Agaricomycetes	Phallales	Phallaceae	Mutinus	Mutinus ravenelii		SPECIES	Mutinus ravenelii (Berk.) E.Fisch.	Mutinus ravenelii		CA		Ontario	PRESENT		28eb1a3f-1c15-4a95-931a-4af90ecb574d	45.360996	-75.618725	15.0						2015-09-30T10:48	30	9	2015	5239466	5239466	HUMAN_OBSERVATION	iNaturalist	Observations	16475894		jonathan_mack	2018-09-13T01:57:51	CC_BY_NC_4_0	jonathan_mack	jonathan_mack			2025-01-14T13:07:19.230Z	StillImage	COORDINATE_ROUNDED;CONTINENT_DERIVED_FROM_COORDINATES;TAXON_MATCH_TAXON_ID_IGNORED
1901061798	50c9509d-22c7-4a22-a47d-8c48425ef4a7	https://www.inaturalist.org/observations/16170188	Fungi	Basidiomycota	Agaricomycetes	Phallales	Phallaceae	Mutinus	Mutinus ravenelii		SPECIES	Mutinus ravenelii (Berk.) E.Fisch.	Mutinus ravenelii		CA		Ontario	PRESENT		28eb1a3f-1c15-4a95-931a-4af90ecb574d	45.377305	-75.243636	118.0						2014-08-24T11:18	24	8	2014	5239466	5239466	HUMAN_OBSERVATION	iNaturalist	Observations	16170188		jonathan_mack	2018-09-03T15:34:22	CC_BY_NC_4_0	jonathan_mack	jonathan_mack			2025-01-14T13:00:13.076Z	StillImage	COORDINATE_ROUNDED;CONTINENT_DERIVED_FROM_COORDINATES;TAXON_MATCH_TAXON_ID_IGNORED
1802653532	50c9509d-22c7-4a22-a47d-8c48425ef4a7	https://www.inaturalist.org/observations/9038590	Fungi	Basidiomycota	Agaricomycetes	Phallales	Phallaceae	Mutinus	Mutinus ravenelii		SPECIES	Mutinus ravenelii (Berk.) E.Fisch.	Mutinus ravenelii		CA		Québec	PRESENT		28eb1a3f-1c15-4a95-931a-4af90ecb574d	47.395277	-69.949377	8.0						2011-08-31T15:42	31	8	2011	5239466	5239466	HUMAN_OBSERVATION	iNaturalist	Observations	9038590		APDP	2017-12-04T03:14:23	CC_BY_NC_4_0	APDP	APDP			2025-01-14T12:57:40.481Z	StillImage	COORDINATE_ROUNDED;CONTINENT_DERIVED_FROM_COORDINATES;TAXON_MATCH_TAXON_ID_IGNORED
1699435301	21705170-d2b6-42de-8904-c3bca4b83591	CMMF018793	Fungi	Basidiomycota	Agaricomycetes	Phallales	Phallaceae	Mutinus	Mutinus ravenelii		SPECIES	Mutinus ravenelii (Berk.) E.Fisch.	Mutinus ravenelii (Berk. & M.A. Curtis) E. Fisch.	(Berk. & M.A. Curtis) E. Fisch.	CA	St-Gabriel	Québec	PRESENT		ff7bd5db-b724-4932-b496-10ea298851f9	46.290483	-73.383169	6000.0						1988-08-17	17	8	1988	5239466	5239466	PRESERVED_SPECIMEN	Université de Montréal Biodiversity Centre	CMMF	CMMF018793	s.n.	Archambault, Raymond	2017-02-22T00:00:00	CC0_1_0	Université de Montréal Biodiversity Centre	Nantel, Patrick			2024-01-24T16:38:18.606Z		INSTITUTION_MATCH_FUZZY;COLLECTION_MATCH_FUZZY;DIFFERENT_OWNER_INSTITUTION
1412707387	21705170-d2b6-42de-8904-c3bca4b83591	CMMF015773	Fungi	Basidiomycota	Agaricomycetes	Phallales	Phallaceae	Mutinus	Mutinus ravenelii		SPECIES	Mutinus ravenelii (Berk.) E.Fisch.	Mutinus ravenelii (Berk. & M.A. Curtis) E. Fisch.	(Berk. & M.A. Curtis) E. Fisch.	CA	Chicoutimi, Québec.	Québec	PRESENT		ff7bd5db-b724-4932-b496-10ea298851f9	48.368277	-71.119642	15000.0						1977-08-13	13	8	1977	5239466	5239466	PRESERVED_SPECIMEN	Université de Montréal Biodiversity Centre	CMMF	CMMF015773	2554	Guérin, Gérard		CC0_1_0	Université de Montréal Biodiversity Centre	Guérin, Gérard			2024-01-24T16:38:16.469Z	StillImage	INSTITUTION_MATCH_FUZZY;COLLECTION_MATCH_FUZZY;DIFFERENT_OWNER_INSTITUTION
1412707293	21705170-d2b6-42de-8904-c3bca4b83591	CMMF015772	Fungi	Basidiomycota	Agaricomycetes	Phallales	Phallaceae	Mutinus	Mutinus ravenelii		SPECIES	Mutinus ravenelii (Berk.) E.Fisch.	Mutinus ravenelii (Berk. & M.A. Curtis) E. Fisch.	(Berk. & M.A. Curtis) E. Fisch.	CA	Arvida, Québec.	Québec	PRESENT		ff7bd5db-b724-4932-b496-10ea298851f9	48.421283	-71.184148	4000.0						1996-07-26	26	7	1996	5239466	5239466	PRESERVED_SPECIMEN	Université de Montréal Biodiversity Centre	CMMF	CMMF015772	2556	Guérin, Gérard		CC0_1_0	Université de Montréal Biodiversity Centre	Guérin, Gérard			2024-01-24T16:38:16.470Z		INSTITUTION_MATCH_FUZZY;COLLECTION_MATCH_FUZZY;DIFFERENT_OWNER_INSTITUTION
1135071430	21705170-d2b6-42de-8904-c3bca4b83591	CMMF009986	Fungi	Basidiomycota	Agaricomycetes	Phallales	Phallaceae	Mutinus	Mutinus ravenelii		SPECIES	Mutinus ravenelii (Berk.) E.Fisch.	Mutinus ravenelii (Berk. & M.A. Curtis) E. Fisch.	(Berk. & M.A. Curtis) E. Fisch.	CA	Parc des Moulins, Québec.	Québec	PRESENT		ff7bd5db-b724-4932-b496-10ea298851f9	46.887678	-71.301288	600.0						2007-09-12	12	9	2007	5239466	5239466	PRESERVED_SPECIMEN	Université de Montréal Biodiversity Centre	CMMF	CMMF009986	1571	Labrecque, Jacqueline; Labbé, Roland		CC0_1_0	Université de Montréal Biodiversity Centre	Labrecque, Jacqueline			2024-01-24T16:38:21.431Z		INSTITUTION_MATCH_FUZZY;COLLECTION_MATCH_FUZZY;DIFFERENT_OWNER_INSTITUTION
1135069614	21705170-d2b6-42de-8904-c3bca4b83591	CMMF008146	Fungi	Basidiomycota	Agaricomycetes	Phallales	Phallaceae	Mutinus	Mutinus ravenelii		SPECIES	Mutinus ravenelii (Berk.) E.Fisch.	Mutinus ravenelii (Berk. & M.A. Curtis) E. Fisch.	(Berk. & M.A. Curtis) E. Fisch.	CA	Rimouski	Québec	PRESENT		ff7bd5db-b724-4932-b496-10ea298851f9	48.4206	-68.589233	100.0						2007-09-02	2	9	2007	5239466	5239466	PRESERVED_SPECIMEN	Université de Montréal Biodiversity Centre	CMMF	CMMF008146	Inexistant	McNeil, Raymond		CC0_1_0	Université de Montréal Biodiversity Centre	McNeil, Raymond			2024-01-24T16:38:18.221Z	StillImage	COORDINATE_ROUNDED;INSTITUTION_MATCH_FUZZY;COLLECTION_MATCH_FUZZY;DIFFERENT_OWNER_INSTITUTION
1135069180	21705170-d2b6-42de-8904-c3bca4b83591	CMMF007784	Fungi	Basidiomycota	Agaricomycetes	Phallales	Phallaceae	Mutinus	Mutinus ravenelii		SPECIES	Mutinus ravenelii (Berk.) E.Fisch.	Mutinus ravenelii (Berk. & M.A. Curtis) E. Fisch.	(Berk. & M.A. Curtis) E. Fisch.	CA	Ste-Anne-de-Bellevue (Arboretum Morgan)	Québec	PRESENT		ff7bd5db-b724-4932-b496-10ea298851f9	45.43	-73.946667	1000.0						2006-07-23	23	7	2006	5239466	5239466	PRESERVED_SPECIMEN	Université de Montréal Biodiversity Centre	CMMF	CMMF007784	C2841	McNeil, Raymond		CC0_1_0	Université de Montréal Biodiversity Centre	McNeil, Raymond			2024-01-24T16:38:16.178Z	StillImage	COORDINATE_ROUNDED;INSTITUTION_MATCH_FUZZY;COLLECTION_MATCH_FUZZY;DIFFERENT_OWNER_INSTITUTION
1135069128	21705170-d2b6-42de-8904-c3bca4b83591	CMMF007675	Fungi	Basidiomycota	Agaricomycetes	Phallales	Phallaceae	Mutinus	Mutinus ravenelii		SPECIES	Mutinus ravenelii (Berk.) E.Fisch.	Mutinus ravenelii (Berk. & M.A. Curtis) E. Fisch.	(Berk. & M.A. Curtis) E. Fisch.	CA	Ste-Anne-de-Bellevue (Arboretum Morgan)	Québec	PRESENT		ff7bd5db-b724-4932-b496-10ea298851f9	45.43	-73.946667	1000.0						1980-07-09	9	7	1980	5239466	5239466	PRESERVED_SPECIMEN	Université de Montréal Biodiversity Centre	CMMF	CMMF007675	613	McNeil, Raymond		CC0_1_0	Université de Montréal Biodiversity Centre	McNeil, Raymond			2024-01-24T16:38:16.066Z	StillImage	COORDINATE_ROUNDED;INSTITUTION_MATCH_FUZZY;COLLECTION_MATCH_FUZZY;DIFFERENT_OWNER_INSTITUTION
