gbifID	datasetKey	occurrenceID	kingdom	phylum	class	order	family	genus	species	infraspecificEpithet	taxonRank	scientificName	verbatimScientificName	verbatimScientificNameAuthorship	countryCode	locality	stateProvince	occurrenceStatus	individualCount	publishingOrgKey	decimalLatitude	decimalLongitude	coordinateUncertaintyInMeters	coordinatePrecision	elevation	elevationAccuracy	depth	depthAccuracy	eventDate	day	month	year	taxonKey	speciesKey	basisOfRecord	institutionCode	collectionCode	catalogNumber	recordNumber	identifiedBy	dateIdentified	license	rightsHolder	recordedBy	typeStatus	establishmentMeans	lastInterpreted	mediaType	issue
727877164	d7cfd2ed-8af4-427f-a16e-eb66b7e2c419	18643	Fungi	Basidiomycota	Agaricomycetes	Agaricales	Cortinariaceae	Cortinarius	Cortinarius alboviolaceus		SPECIES	Cortinarius alboviolaceus (Pers.) Fr.	Cortinarius alboviolaceus (Pers.) Fr.	(Pers.) Fr.	CA	Ottawa-Nepean Municipal Camping Grounds, Corktown Rd	Ontario	PRESENT		ff418020-1d67-11d9-8435-b8a03c50a862	45.333323	-75.860681	273.0						1972-09-15	15	9	1972	9063976	7844497	PRESERVED_SPECIMEN	Royal Ontario Museum	TRTC	TRTC047916	72-58	Malloch, D.W.W.		CC0_1_0	Royal Ontario Museum	Weresub, L.K.;			2024-01-25T00:59:38.759Z		COORDINATE_ROUNDED;AMBIGUOUS_INSTITUTION
727875085	d7cfd2ed-8af4-427f-a16e-eb66b7e2c419	14388	Fungi	Basidiomycota	Agaricomycetes	Agaricales	Cortinariaceae	Cortinarius	Cortinarius alboviolaceus		SPECIES	Cortinarius alboviolaceus (Pers.) Fr.	Cortinarius alboviolaceus (Pers.) Fr.	(Pers.) Fr.	CA	University of Toronto Forest	Ontario	PRESENT		ff418020-1d67-11d9-8435-b8a03c50a862	45.183005	-78.85025	7575.0						1963-09-12	12	9	1963	9063976	7844497	PRESERVED_SPECIMEN	Royal Ontario Museum	TRTC	TRTC040499		Cain, R.F.		CC0_1_0	Royal Ontario Museum	Cain, R.F.			2024-01-25T00:59:40.609Z		COORDINATE_ROUNDED;AMBIGUOUS_INSTITUTION
727874949	d7cfd2ed-8af4-427f-a16e-eb66b7e2c419	14166	Fungi	Basidiomycota	Agaricomycetes	Agaricales	Cortinariaceae	Cortinarius	Cortinarius alboviolaceus		SPECIES	Cortinarius alboviolaceus (Pers.) Fr.	Cortinarius alboviolaceus (Pers.) Fr.	(Pers.) Fr.	CA	S of Dorset	Ontario	PRESENT		ff418020-1d67-11d9-8435-b8a03c50a862	45.23936	-78.888359	1499.0						1963-09-10	10	9	1963	9063976	7844497	PRESERVED_SPECIMEN	Royal Ontario Museum	TRTC	TRTC050101		Luck-Allen, E.R.		CC0_1_0	Royal Ontario Museum	Luck-Allen, E.R.			2024-01-25T00:59:40.268Z		COORDINATE_ROUNDED;AMBIGUOUS_INSTITUTION
727874947	d7cfd2ed-8af4-427f-a16e-eb66b7e2c419	14165	Fungi	Basidiomycota	Agaricomycetes	Agaricales	Cortinariaceae	Cortinarius	Cortinarius alboviolaceus		SPECIES	Cortinarius alboviolaceus (Pers.) Fr.	Cortinarius alboviolaceus (Pers.) Fr.	(Pers.) Fr.	CA	University of Toronto Forest	Ontario	PRESENT		ff418020-1d67-11d9-8435-b8a03c50a862	45.183005	-78.85025	7575.0						1963-09-10	10	9	1963	9063976	7844497	PRESERVED_SPECIMEN	Royal Ontario Museum	TRTC	TRTC050097		Cain, R.F.		CC0_1_0	Royal Ontario Museum	Cain, R.F.			2024-01-25T00:59:40.268Z		COORDINATE_ROUNDED;AMBIGUOUS_INSTITUTION
727874875	d7cfd2ed-8af4-427f-a16e-eb66b7e2c419	14021	Fungi	Basidiomycota	Agaricomycetes	Agaricales	Cortinariaceae	Cortinarius	Cortinarius alboviolaceus		SPECIES	Cortinarius alboviolaceus (Pers.) Fr.	Cortinarius alboviolaceus (Pers.) Fr.	(Pers.) Fr.	CA	Algonquin Provincial Park	Ontario	PRESENT		ff418020-1d67-11d9-8435-b8a03c50a862	45.759859	-78.376465	67511.0						2007-09-29	29	9	2007	9063976	7844497	PRESERVED_SPECIMEN	Royal Ontario Museum	TRTC	TRTC156858	ALG07_34			CC0_1_0	Royal Ontario Museum	Didukh, M.; Dentiger, B.			2024-01-25T00:59:40.044Z	StillImage	COORDINATE_ROUNDED;AMBIGUOUS_INSTITUTION
727873579	d7cfd2ed-8af4-427f-a16e-eb66b7e2c419	10878	Fungi	Basidiomycota	Agaricomycetes	Agaricales	Cortinariaceae	Cortinarius	Cortinarius alboviolaceus		SPECIES	Cortinarius alboviolaceus (Pers.) Fr.	Cortinarius alboviolaceus (Pers.) Fr.	(Pers.) Fr.	CA	Algonquin Provincial Park, near Lake of Two Rivers	Ontario	PRESENT		ff418020-1d67-11d9-8435-b8a03c50a862	45.577222	-78.479547	3115.0						1988-10-02	2	10	1988	9063976	7844497	PRESERVED_SPECIMEN	Royal Ontario Museum	TRTC	TRTC051164		Summerbell, R.C.		CC0_1_0	Royal Ontario Museum	Malloch, D.W.			2024-01-25T00:59:40.436Z		COORDINATE_ROUNDED;AMBIGUOUS_INSTITUTION
694156941	d7cfd2ed-8af4-427f-a16e-eb66b7e2c419	13762	Fungi	Basidiomycota	Agaricomycetes	Agaricales	Cortinariaceae	Cortinarius	Cortinarius alboviolaceus		SPECIES	Cortinarius alboviolaceus (Pers.) Fr.	Cortinarius alboviolaceus (Pers.) Fr.	(Pers.) Fr.	CA	Algonquin Provincial Park	Ontario	PRESENT		ff418020-1d67-11d9-8435-b8a03c50a862	45.759859	-78.376465	67511.0						2006-09-30	30	9	2006	9063976	7844497	PRESERVED_SPECIMEN	Royal Ontario Museum	TRTC	TRTC150928	MD_ALG06_16	Maryna Didukh		CC0_1_0	Royal Ontario Museum	Maryna Didukh			2024-01-25T00:59:38.092Z		COORDINATE_ROUNDED;AMBIGUOUS_INSTITUTION
617553968	21705170-d2b6-42de-8904-c3bca4b83591	CMMF000384	Fungi	Basidiomycota	Agaricomycetes	Agaricales	Cortinariaceae	Cortinarius	Cortinarius alboviolaceus		SPECIES	Cortinarius alboviolaceus (Pers.) Fr.	Cortinarius alboviolaceus (Pers.) Fr.	(Pers.) Fr.	CA	Knowlton	Québec	PRESENT		ff7bd5db-b724-4932-b496-10ea298851f9	45.21836	-72.508084	2000.0						1988-09-24	24	9	1988	9063976	7844497	PRESERVED_SPECIMEN	Université de Montréal Biodiversity Centre	CMMF	CMMF000384		Lamoureux, Yves		CC0_1_0	Université de Montréal Biodiversity Centre	Lamoureux, Yves			2024-01-24T16:38:20.836Z	StillImage	INSTITUTION_MATCH_FUZZY;COLLECTION_MATCH_FUZZY;DIFFERENT_OWNER_INSTITUTION
617553277	21705170-d2b6-42de-8904-c3bca4b83591	CMMF003528	Fungi	Basidiomycota	Agaricomycetes	Agaricales	Cortinariaceae	Cortinarius	Cortinarius alboviolaceus		SPECIES	Cortinarius alboviolaceus (Pers.) Fr.	Cortinarius alboviolaceus (Pers.) Fr.	(Pers.) Fr.	CA	Rawdon	Québec	PRESENT		ff7bd5db-b724-4932-b496-10ea298851f9	46.052398	-73.748752	11000.0						2000-09-21	21	9	2000	9063976	7844497	PRESERVED_SPECIMEN	Université de Montréal Biodiversity Centre	CMMF	CMMF003528		Lamoureux, Yves		CC0_1_0	Université de Montréal Biodiversity Centre	Lamoureux, Yves			2024-01-24T16:38:16.227Z	StillImage	INSTITUTION_MATCH_FUZZY;COLLECTION_MATCH_FUZZY;DIFFERENT_OWNER_INSTITUTION
617548073	21705170-d2b6-42de-8904-c3bca4b83591	CMMF001247	Fungi	Basidiomycota	Agaricomycetes	Agaricales	Cortinariaceae	Cortinarius	Cortinarius alboviolaceus		SPECIES	Cortinarius alboviolaceus (Pers.) Fr.	Cortinarius alboviolaceus (Pers.) Fr.	(Pers.) Fr.	CA	Saint-Hippolyte	Québec	PRESENT		ff7bd5db-b724-4932-b496-10ea298851f9	45.931985	-74.025434	13000.0						1990-09-23	23	9	1990	9063976	7844497	PRESERVED_SPECIMEN	Université de Montréal Biodiversity Centre	CMMF	CMMF001247		Lamoureux, Yves		CC0_1_0	Université de Montréal Biodiversity Centre	Lamoureux, Yves			2024-01-24T16:38:16.552Z	StillImage	INSTITUTION_MATCH_FUZZY;COLLECTION_MATCH_FUZZY;DIFFERENT_OWNER_INSTITUTION
4980624818	50c9509d-22c7-4a22-a47d-8c48425ef4a7	https://www.inaturalist.org/observations/250060772	Fungi	Basidiomycota	Agaricomycetes	Agaricales	Cortinariaceae	Cortinarius	Cortinarius alboviolaceus		SPECIES	Cortinarius alboviolaceus (Pers.) Zawadzki	Cortinarius alboviolaceus		CA		Québec	PRESENT		28eb1a3f-1c15-4a95-931a-4af90ecb574d	45.533609	-74.206981							2022-09-29T16:07:31	29	9	2022	7844497	7844497	HUMAN_OBSERVATION	iNaturalist	Observations	250060772		Chantal Gauthier	2024-11-01T22:12:17	CC_BY_NC_4_0	Chantal Gauthier	Chantal Gauthier			2025-01-14T12:53:10.489Z	StillImage	CONTINENT_DERIVED_FROM_COORDINATES;TAXON_MATCH_TAXON_ID_IGNORED
4952244877	50c9509d-22c7-4a22-a47d-8c48425ef4a7	https://www.inaturalist.org/observations/245262374	Fungi	Basidiomycota	Agaricomycetes	Agaricales	Cortinariaceae	Cortinarius	Cortinarius alboviolaceus		SPECIES	Cortinarius alboviolaceus (Pers.) Zawadzki	Cortinarius alboviolaceus		CA		Ontario	PRESENT		28eb1a3f-1c15-4a95-931a-4af90ecb574d	45.351052	-75.587342							2024-10-02T11:40	2	10	2024	7844497	7844497	HUMAN_OBSERVATION	iNaturalist	Observations	245262374		Igor Khomenko	2024-10-03T00:05:00	CC_BY_NC_4_0	Igor Khomenko	Igor Khomenko			2025-01-14T12:52:33.570Z	StillImage	COORDINATE_ROUNDED;CONTINENT_DERIVED_FROM_COORDINATES;TAXON_MATCH_TAXON_ID_IGNORED
4949933621	50c9509d-22c7-4a22-a47d-8c48425ef4a7	https://www.inaturalist.org/observations/240766005	Fungi	Basidiomycota	Agaricomycetes	Agaricales	Cortinariaceae	Cortinarius	Cortinarius alboviolaceus		SPECIES	Cortinarius alboviolaceus (Pers.) Zawadzki	Cortinarius alboviolaceus		CA		Ontario	PRESENT		28eb1a3f-1c15-4a95-931a-4af90ecb574d	45.105573	-76.339714	190.0						2024-09-08T11:35	8	9	2024	7844497	7844497	HUMAN_OBSERVATION	iNaturalist	Observations	240766005		Igor Khomenko	2024-09-09T15:51:25	CC_BY_NC_4_0	Igor Khomenko	Igor Khomenko			2025-01-14T12:51:33.445Z	StillImage	COORDINATE_ROUNDED;CONTINENT_DERIVED_FROM_COORDINATES;TAXON_MATCH_TAXON_ID_IGNORED
4417021133	50c9509d-22c7-4a22-a47d-8c48425ef4a7	https://www.inaturalist.org/observations/184900602	Fungi	Basidiomycota	Agaricomycetes	Agaricales	Cortinariaceae	Cortinarius	Cortinarius alboviolaceus		SPECIES	Cortinarius alboviolaceus (Pers.) Zawadzki	Cortinarius alboviolaceus		CA		Ontario	PRESENT		28eb1a3f-1c15-4a95-931a-4af90ecb574d	45.460312	-76.258955	10.0						2023-09-24T15:57:57	24	9	2023	7844497	7844497	HUMAN_OBSERVATION	iNaturalist	Observations	184900602		Lynn Ovenden	2023-09-25T18:35:31	CC_BY_NC_4_0	Lynn Ovenden	Lynn Ovenden			2025-01-14T12:41:38.731Z	StillImage	COORDINATE_ROUNDED;CONTINENT_DERIVED_FROM_COORDINATES;TAXON_MATCH_TAXON_ID_IGNORED
4416738462	50c9509d-22c7-4a22-a47d-8c48425ef4a7	https://www.inaturalist.org/observations/181788077	Fungi	Basidiomycota	Agaricomycetes	Agaricales	Cortinariaceae	Cortinarius	Cortinarius alboviolaceus		SPECIES	Cortinarius alboviolaceus (Pers.) Zawadzki	Cortinarius alboviolaceus		CA		Québec	PRESENT		28eb1a3f-1c15-4a95-931a-4af90ecb574d	48.41415	-77.77665	3.0						2023-09-04T13:25:56	4	9	2023	7844497	7844497	HUMAN_OBSERVATION	iNaturalist	Observations	181788077		timfoster	2023-09-04T19:21:37	CC_BY_NC_4_0	timfoster	timfoster			2025-01-14T12:39:27.024Z	StillImage	CONTINENT_DERIVED_FROM_COORDINATES;TAXON_MATCH_TAXON_ID_IGNORED
4413814362	50c9509d-22c7-4a22-a47d-8c48425ef4a7	https://www.inaturalist.org/observations/181644645	Fungi	Basidiomycota	Agaricomycetes	Agaricales	Cortinariaceae	Cortinarius	Cortinarius alboviolaceus		SPECIES	Cortinarius alboviolaceus (Pers.) Zawadzki	Cortinarius alboviolaceus		CA		New Brunswick	PRESENT		28eb1a3f-1c15-4a95-931a-4af90ecb574d	45.921323	-66.158674							2023-09-03T10:19:19	3	9	2023	7844497	7844497	HUMAN_OBSERVATION	iNaturalist	Observations	181644645		Andrew MacPherson	2023-09-03T22:14:56	CC0_1_0	Andrew MacPherson	Andrew MacPherson			2025-01-14T13:27:06.388Z	StillImage	COORDINATE_ROUNDED;CONTINENT_DERIVED_FROM_COORDINATES;TAXON_MATCH_TAXON_ID_IGNORED
4166276372	695cef75-b65f-4776-b2ed-74565eebb16e	02-01000942399	Fungi	Basidiomycota	Agaricomycetes	Agaricales	Cortinariaceae	Cortinarius	Cortinarius alboviolaceus		SPECIES	Cortinarius alboviolaceus (Pers.) Fr.	Cortinarius alboviolaceus	(Pers.) Fr.	CA	Chibougamau Parc	Quebec	PRESENT		055bd978-2daa-4543-b3f0-44e0e87e86ca	48.783333	-72.666667							1982-08-25	25	8	1982	9063976	7844497	PRESERVED_SPECIMEN	AAFC	DAOM	186958		Y. Dalpé		CC_BY_4_0	©His Majesty the King in Right of Canada, as represented by the Minister of Agriculture and Agri-Food	Y. Dalpé 234			2025-01-12T05:11:16.069Z		GEODETIC_DATUM_ASSUMED_WGS84;CONTINENT_DERIVED_FROM_COORDINATES;TAXON_MATCH_TAXON_ID_IGNORED;INSTITUTION_MATCH_FUZZY
4076247814	50c9509d-22c7-4a22-a47d-8c48425ef4a7	https://www.inaturalist.org/observations/135462305	Fungi	Basidiomycota	Agaricomycetes	Agaricales	Cortinariaceae	Cortinarius	Cortinarius alboviolaceus		SPECIES	Cortinarius alboviolaceus (Pers.) Zawadzki	Cortinarius alboviolaceus		CA		Québec	PRESENT		28eb1a3f-1c15-4a95-931a-4af90ecb574d	46.28708	-73.394655							2022-09-17T09:06:15	17	9	2022	7844497	7844497	HUMAN_OBSERVATION	iNaturalist	Observations	135462305		Sigrid Jakob	2022-09-18T01:30:01	CC0_1_0	Sigrid Jakob	Sigrid Jakob			2025-01-14T12:32:05.256Z	StillImage	CONTINENT_DERIVED_FROM_COORDINATES;TAXON_MATCH_TAXON_ID_IGNORED
4039385700	50c9509d-22c7-4a22-a47d-8c48425ef4a7	https://www.inaturalist.org/observations/138334360	Fungi	Basidiomycota	Agaricomycetes	Agaricales	Cortinariaceae	Cortinarius	Cortinarius alboviolaceus		SPECIES	Cortinarius alboviolaceus (Pers.) Zawadzki	Cortinarius alboviolaceus		CA		New Brunswick	PRESENT		28eb1a3f-1c15-4a95-931a-4af90ecb574d	45.439763	-66.055781	500.0						2022-10-10T11:39	10	10	2022	7844497	7844497	HUMAN_OBSERVATION	iNaturalist	Observations	138334360		Alfredo Justo	2022-10-11T01:03:19	CC_BY_NC_4_0	Alfredo Justo	Alfredo Justo			2025-01-14T14:07:19.146Z	StillImage	COORDINATE_ROUNDED;CONTINENT_DERIVED_FROM_COORDINATES;TAXON_MATCH_TAXON_ID_IGNORED
4028880211	50c9509d-22c7-4a22-a47d-8c48425ef4a7	https://www.inaturalist.org/observations/143349811	Fungi	Basidiomycota	Agaricomycetes	Agaricales	Cortinariaceae	Cortinarius	Cortinarius alboviolaceus		SPECIES	Cortinarius alboviolaceus (Pers.) Zawadzki	Cortinarius alboviolaceus		CA		New Brunswick	PRESENT		28eb1a3f-1c15-4a95-931a-4af90ecb574d	45.135	-66.493							2004-09-13	13	9	2004	7844497	7844497	HUMAN_OBSERVATION	iNaturalist	Observations	143349811		Alfredo Justo	2023-02-07T18:31:59	CC_BY_NC_4_0	David Malloch	David Malloch			2025-01-14T13:32:35.487Z	StillImage	CONTINENT_DERIVED_FROM_COORDINATES;TAXON_MATCH_TAXON_ID_IGNORED
3961397579	50c9509d-22c7-4a22-a47d-8c48425ef4a7	https://www.inaturalist.org/observations/135648187	Fungi	Basidiomycota	Agaricomycetes	Agaricales	Cortinariaceae	Cortinarius	Cortinarius alboviolaceus		SPECIES	Cortinarius alboviolaceus (Pers.) Zawadzki	Cortinarius alboviolaceus		CA		Ontario	PRESENT		28eb1a3f-1c15-4a95-931a-4af90ecb574d	45.1217	-77.975263	24.0						2022-09-17T15:36:23	17	9	2022	7844497	7844497	HUMAN_OBSERVATION	iNaturalist	Observations	135648187		cinna_latifolia	2022-10-30T22:22:21	CC_BY_NC_4_0	amkirb	amkirb			2025-01-14T12:32:02.509Z	StillImage	COORDINATE_ROUNDED;CONTINENT_DERIVED_FROM_COORDINATES;TAXON_MATCH_TAXON_ID_IGNORED
3915568097	50c9509d-22c7-4a22-a47d-8c48425ef4a7	https://www.inaturalist.org/observations/136644265	Fungi	Basidiomycota	Agaricomycetes	Agaricales	Cortinariaceae	Cortinarius	Cortinarius alboviolaceus		SPECIES	Cortinarius alboviolaceus (Pers.) Zawadzki	Cortinarius alboviolaceus		CA		Ontario	PRESENT		28eb1a3f-1c15-4a95-931a-4af90ecb574d	45.358041	-75.282416	100.0						2022-09-25T11:15	25	9	2022	7844497	7844497	HUMAN_OBSERVATION	iNaturalist	Observations	136644265		jonathan_mack	2022-09-27T01:31:06	CC_BY_NC_4_0	jonathan_mack	jonathan_mack			2025-01-14T12:32:27.983Z	StillImage	COORDINATE_ROUNDED;CONTINENT_DERIVED_FROM_COORDINATES;TAXON_MATCH_TAXON_ID_IGNORED
3349289587	d8cd16ba-bb74-4420-821e-083f2bac17c2	MN750958	Fungi	Basidiomycota	Agaricomycetes	Agaricales	Cortinariaceae	Cortinarius	Cortinarius alboviolaceus		SPECIES	Cortinarius alboviolaceus (Pers.) Zawadzki	Cortinarius alboviolaceus		CA	Quebec, Knowlton		PRESENT		ada9d123-ddb4-467d-8891-806ea8d94230	45.22	-72.51							1988-09-24	24	9	1988	7844497	7844497	PRESERVED_SPECIMEN			MQ19-CMMF000384		Jacques Landry		CC_BY_4_0		Yves Lamoureux			2025-01-18T13:04:47.369Z		GEODETIC_DATUM_ASSUMED_WGS84;CONTINENT_DERIVED_FROM_COORDINATES;TAXON_MATCH_TAXON_CONCEPT_ID_IGNORED;TAXON_MATCH_TAXON_ID_IGNORED
3349281611	d8cd16ba-bb74-4420-821e-083f2bac17c2	MN750957	Fungi	Basidiomycota	Agaricomycetes	Agaricales	Cortinariaceae	Cortinarius	Cortinarius alboviolaceus		SPECIES	Cortinarius alboviolaceus (Pers.) Zawadzki	Cortinarius alboviolaceus		CA	Quebec, Rawdon		PRESENT		ada9d123-ddb4-467d-8891-806ea8d94230	46.05	-73.75							2000-09-21	21	9	2000	7844497	7844497	PRESERVED_SPECIMEN			MQ19-CMMF003528		Jacques Landry		CC_BY_4_0		Yves Lamoureux			2025-01-18T13:04:47.404Z		GEODETIC_DATUM_ASSUMED_WGS84;CONTINENT_DERIVED_FROM_COORDINATES;TAXON_MATCH_TAXON_CONCEPT_ID_IGNORED;TAXON_MATCH_TAXON_ID_IGNORED
3349185453	d8cd16ba-bb74-4420-821e-083f2bac17c2	MN750959	Fungi	Basidiomycota	Agaricomycetes	Agaricales	Cortinariaceae	Cortinarius	Cortinarius alboviolaceus		SPECIES	Cortinarius alboviolaceus (Pers.) Zawadzki	Cortinarius alboviolaceus		CA	Quebec, Chibougamau		PRESENT		ada9d123-ddb4-467d-8891-806ea8d94230	49.79	-74.43							2017-09-07	7	9	2017	7844497	7844497	PRESERVED_SPECIMEN			MQ17172-QFB29680		Jacques Landry		CC_BY_4_0		Mycoquebec			2025-01-18T13:04:47.388Z		GEODETIC_DATUM_ASSUMED_WGS84;CONTINENT_DERIVED_FROM_COORDINATES;TAXON_MATCH_TAXON_CONCEPT_ID_IGNORED;TAXON_MATCH_TAXON_ID_IGNORED
2580199187	50c9509d-22c7-4a22-a47d-8c48425ef4a7	https://www.inaturalist.org/observations/35620793	Fungi	Basidiomycota	Agaricomycetes	Agaricales	Cortinariaceae	Cortinarius	Cortinarius alboviolaceus		SPECIES	Cortinarius alboviolaceus (Pers.) Zawadzki	Cortinarius alboviolaceus		CA		New Brunswick	PRESENT		28eb1a3f-1c15-4a95-931a-4af90ecb574d	46.188778	-64.553246	122.0						2012-10-03T13:45	3	10	2012	7844497	7844497	HUMAN_OBSERVATION	iNaturalist	Observations	35620793		Raymonde G Chartier	2019-11-12T21:09:14	CC_BY_NC_4_0	Raymonde G Chartier	Raymonde G Chartier			2025-01-14T13:03:06.993Z	StillImage	COORDINATE_ROUNDED;CONTINENT_DERIVED_FROM_COORDINATES;TAXON_MATCH_TAXON_ID_IGNORED
2423611900	21705170-d2b6-42de-8904-c3bca4b83591	CMMF018861	Fungi	Basidiomycota	Agaricomycetes	Agaricales	Cortinariaceae	Cortinarius	Cortinarius alboviolaceus		SPECIES	Cortinarius alboviolaceus (Pers.) Fr.	Cortinarius alboviolaceus (Pers.) Fr.	(Pers.) Fr.	CA	Station de biologie des Laurentides, Université de Montréal	Québec	PRESENT		ff7bd5db-b724-4932-b496-10ea298851f9	45.988108	-74.005679	25000.0						1986-08-31	31	8	1986	9063976	7844497	PRESERVED_SPECIMEN	Université de Montréal Biodiversity Centre	CMMF	CMMF018861	s.n.	Nantel, Patrick		CC0_1_0	Université de Montréal Biodiversity Centre	Nantel, Patrick			2024-01-24T16:38:18.671Z		INSTITUTION_MATCH_FUZZY;COLLECTION_MATCH_FUZZY;DIFFERENT_OWNER_INSTITUTION
2423611297	21705170-d2b6-42de-8904-c3bca4b83591	CMMF018680	Fungi	Basidiomycota	Agaricomycetes	Agaricales	Cortinariaceae	Cortinarius	Cortinarius alboviolaceus		SPECIES	Cortinarius alboviolaceus (Pers.) Fr.	Cortinarius alboviolaceus (Pers.) Fr.	(Pers.) Fr.	CA	Chemin du lac Mélèze	Québec	PRESENT		ff7bd5db-b724-4932-b496-10ea298851f9	45.993212	-73.980494	500.0						1978-08-24	24	8	1978	9063976	7844497	PRESERVED_SPECIMEN	Université de Montréal Biodiversity Centre	CMMF	CMMF018680	s.n.	Nantel, Patrick		CC0_1_0	Université de Montréal Biodiversity Centre	Nantel, Patrick			2024-01-24T16:38:18.474Z		INSTITUTION_MATCH_FUZZY;COLLECTION_MATCH_FUZZY;DIFFERENT_OWNER_INSTITUTION
1807259936	e8a25a42-f125-476c-8554-3ec21cd51a84	ACAD:116297	Fungi	Basidiomycota	Agaricomycetes	Agaricales	Cortinariaceae	Cortinarius	Cortinarius alboviolaceus		SPECIES	Cortinarius alboviolaceus (Pers.) Fr.	Cortinarius alboviolaceus (Pers.) Fr.	(Pers.) Fr.	CA	Black Hole	Nova Scotia	PRESENT		6491ad8c-8e49-4bd4-a089-0ddb3bbe0890	45.234971	-64.495683							1957-09-09	9	9	1957	9063976	7844497	PRESERVED_SPECIMEN	Acadia University	ACAD	4055F	4055			CC0_1_0	Acadia University	H, KA			2024-01-25T01:37:04.118Z	StillImage	COORDINATE_ROUNDED;GEODETIC_DATUM_INVALID;GEODETIC_DATUM_ASSUMED_WGS84;TAXON_MATCH_TAXON_ID_IGNORED;INSTITUTION_MATCH_FUZZY;COLLECTION_MATCH_FUZZY
1807255949	e8a25a42-f125-476c-8554-3ec21cd51a84	ACAD:112665	Fungi	Basidiomycota	Agaricomycetes	Agaricales	Cortinariaceae	Cortinarius	Cortinarius alboviolaceus		SPECIES	Cortinarius alboviolaceus (Pers.) Fr.	Cortinarius alboviolaceus (Pers.) Fr.	(Pers.) Fr.	CA	Kentville	Nova Scotia	PRESENT		6491ad8c-8e49-4bd4-a089-0ddb3bbe0890	45.07662	-64.49592							1953-10-15	15	10	1953	9063976	7844497	PRESERVED_SPECIMEN	Acadia University	ACAD	2597F	2597			CC0_1_0	Acadia University	Harrison, KA			2024-01-25T01:37:10.877Z	StillImage	GEODETIC_DATUM_INVALID;GEODETIC_DATUM_ASSUMED_WGS84;TAXON_MATCH_TAXON_ID_IGNORED;INSTITUTION_MATCH_FUZZY;COLLECTION_MATCH_FUZZY
1412706223	21705170-d2b6-42de-8904-c3bca4b83591	CMMF014669	Fungi	Basidiomycota	Agaricomycetes	Agaricales	Cortinariaceae	Cortinarius	Cortinarius alboviolaceus		SPECIES	Cortinarius alboviolaceus (Pers.) Fr.	Cortinarius alboviolaceus (Pers.) Fr.	(Pers.) Fr.	CA	Chicoutimi, Québec.	Québec	PRESENT		ff7bd5db-b724-4932-b496-10ea298851f9	48.368277	-71.119642	15000.0						1984-09-15	15	9	1984	9063976	7844497	PRESERVED_SPECIMEN	Université de Montréal Biodiversity Centre	CMMF	CMMF014669	2163	Guérin, Gérard		CC0_1_0	Université de Montréal Biodiversity Centre	Guérin, Gérard			2024-01-24T16:38:20.369Z	StillImage	INSTITUTION_MATCH_FUZZY;COLLECTION_MATCH_FUZZY;DIFFERENT_OWNER_INSTITUTION
1412703287	21705170-d2b6-42de-8904-c3bca4b83591	CMMF011739	Fungi	Basidiomycota	Agaricomycetes	Agaricales	Cortinariaceae	Cortinarius	Cortinarius alboviolaceus		SPECIES	Cortinarius alboviolaceus (Pers.) Fr.	Cortinarius alboviolaceus (Pers.) Fr.	(Pers.) Fr.	CA	Sainte-Irène, Matapédia, Québec.	Québec	PRESENT		ff7bd5db-b724-4932-b496-10ea298851f9	48.434787	-67.590575	8000.0						1972-08-21	21	8	1972	9063976	7844497	PRESERVED_SPECIMEN	Université de Montréal Biodiversity Centre	CMMF	CMMF011739	23	Chamberland, C.A.		CC0_1_0	Université de Montréal Biodiversity Centre	Abud, Louise; Campagna, Elzéar			2024-01-24T16:38:18.289Z		INSTITUTION_MATCH_FUZZY;COLLECTION_MATCH_FUZZY;DIFFERENT_OWNER_INSTITUTION
1412703241	21705170-d2b6-42de-8904-c3bca4b83591	CMMF011733	Fungi	Basidiomycota	Agaricomycetes	Agaricales	Cortinariaceae	Cortinarius	Cortinarius alboviolaceus		SPECIES	Cortinarius alboviolaceus (Pers.) Fr.	Cortinarius alboviolaceus (Pers.) Fr.	(Pers.) Fr.	CA	Sainte-Irène, Matapédia, Québec.	Québec	PRESENT		ff7bd5db-b724-4932-b496-10ea298851f9	48.434787	-67.590575	8000.0						1972-08-21	21	8	1972	9063976	7844497	PRESERVED_SPECIMEN	Université de Montréal Biodiversity Centre	CMMF	CMMF011733	30	Chamberland, C.A.		CC0_1_0	Université de Montréal Biodiversity Centre	Abud, Louise; Campagna, Elzéar			2024-01-24T16:38:18.282Z		INSTITUTION_MATCH_FUZZY;COLLECTION_MATCH_FUZZY;DIFFERENT_OWNER_INSTITUTION
1412703198	21705170-d2b6-42de-8904-c3bca4b83591	CMMF011668	Fungi	Basidiomycota	Agaricomycetes	Agaricales	Cortinariaceae	Cortinarius	Cortinarius alboviolaceus		SPECIES	Cortinarius alboviolaceus (Pers.) Fr.	Cortinarius alboviolaceus (Pers.) Fr.	(Pers.) Fr.	CA	Sainte-Anne de la Pocatière, Kamouraska, Québec.	Québec	PRESENT		ff7bd5db-b724-4932-b496-10ea298851f9	47.366667	-70.033333	8000.0						1944-09-09	9	9	1944	9063976	7844497	PRESERVED_SPECIMEN	Université de Montréal Biodiversity Centre	CMMF	CMMF011668	18412	Pomerleau, René		CC0_1_0	Université de Montréal Biodiversity Centre	Campagna, Elzéar; Dubé, Lucien			2024-01-24T16:38:18.064Z		INSTITUTION_MATCH_FUZZY;COLLECTION_MATCH_FUZZY;DIFFERENT_OWNER_INSTITUTION
1135069039	21705170-d2b6-42de-8904-c3bca4b83591	CMMF007557	Fungi	Basidiomycota	Agaricomycetes	Agaricales	Cortinariaceae	Cortinarius	Cortinarius alboviolaceus		SPECIES	Cortinarius alboviolaceus (Pers.) Fr.	Cortinarius alboviolaceus (Pers.) Fr.	(Pers.) Fr.	CA	Tracy	Québec	PRESENT		ff7bd5db-b724-4932-b496-10ea298851f9	45.974167	-73.177433	100.0						2008-10-03	3	10	2008	9063976	7844497	PRESERVED_SPECIMEN	Université de Montréal Biodiversity Centre	CMMF	CMMF007557	C3438	McNeil, Raymond		CC0_1_0	Université de Montréal Biodiversity Centre	McNeil, Raymond			2024-01-24T16:38:15.984Z	StillImage	COORDINATE_ROUNDED;INSTITUTION_MATCH_FUZZY;COLLECTION_MATCH_FUZZY;DIFFERENT_OWNER_INSTITUTION
1135068949	21705170-d2b6-42de-8904-c3bca4b83591	CMMF007488	Fungi	Basidiomycota	Agaricomycetes	Agaricales	Cortinariaceae	Cortinarius	Cortinarius alboviolaceus		SPECIES	Cortinarius alboviolaceus (Pers.) Fr.	Cortinarius alboviolaceus (Pers.) Fr.	(Pers.) Fr.	CA	St-Roch-de-Richelieu	Québec	PRESENT		ff7bd5db-b724-4932-b496-10ea298851f9	45.880833	-73.163	100.0						2012-10-10	10	10	2012	9063976	7844497	PRESERVED_SPECIMEN	Université de Montréal Biodiversity Centre	CMMF	CMMF007488	C4146	McNeil, Raymond		CC0_1_0	Université de Montréal Biodiversity Centre	McNeil, Raymond			2024-01-24T16:38:15.856Z	StillImage	COORDINATE_ROUNDED;INSTITUTION_MATCH_FUZZY;COLLECTION_MATCH_FUZZY;DIFFERENT_OWNER_INSTITUTION
1135068868	21705170-d2b6-42de-8904-c3bca4b83591	CMMF007425	Fungi	Basidiomycota	Agaricomycetes	Agaricales	Cortinariaceae	Cortinarius	Cortinarius alboviolaceus		SPECIES	Cortinarius alboviolaceus (Pers.) Fr.	Cortinarius alboviolaceus (Pers.) Fr.	(Pers.) Fr.	CA	Huntingdon, Boisé-des-Muir	Québec	PRESENT		ff7bd5db-b724-4932-b496-10ea298851f9	45.086383	-74.116233	100.0						2013-08-29	29	8	2013	9063976	7844497	PRESERVED_SPECIMEN	Université de Montréal Biodiversity Centre	CMMF	CMMF007425	C4246	McNeil, Raymond		CC0_1_0	Université de Montréal Biodiversity Centre	McNeil, Raymond			2024-01-24T16:38:15.823Z	StillImage	COORDINATE_ROUNDED;INSTITUTION_MATCH_FUZZY;COLLECTION_MATCH_FUZZY;DIFFERENT_OWNER_INSTITUTION
1135068364	21705170-d2b6-42de-8904-c3bca4b83591	CMMF006904	Fungi	Basidiomycota	Agaricomycetes	Agaricales	Cortinariaceae	Cortinarius	Cortinarius alboviolaceus		SPECIES	Cortinarius alboviolaceus (Pers.) Fr.	Cortinarius alboviolaceus (Pers.) Fr.	(Pers.) Fr.	CA	Lachute	Québec	PRESENT		ff7bd5db-b724-4932-b496-10ea298851f9	45.66275	-74.241983	100.0						2005-09-09	9	9	2005	9063976	7844497	PRESERVED_SPECIMEN	Université de Montréal Biodiversity Centre	CMMF	CMMF006904	C2440	McNeil, Raymond		CC0_1_0	Université de Montréal Biodiversity Centre	McNeil, Raymond			2024-01-24T16:38:18.631Z	StillImage	COORDINATE_ROUNDED;INSTITUTION_MATCH_FUZZY;COLLECTION_MATCH_FUZZY;DIFFERENT_OWNER_INSTITUTION
1024559838	21705170-d2b6-42de-8904-c3bca4b83591	CMMF005326	Fungi	Basidiomycota	Agaricomycetes	Agaricales	Cortinariaceae	Cortinarius	Cortinarius alboviolaceus		SPECIES	Cortinarius alboviolaceus (Pers.) Fr.	Cortinarius alboviolaceus (Pers.) Fr.	(Pers.) Fr.	CA	Réserve écologique du Boisé-des-Muir, Hinchinbrooke.	Québec	PRESENT		ff7bd5db-b724-4932-b496-10ea298851f9	45.084255	-74.114925	10.0						2013-08-18	18	8	2013	9063976	7844497	PRESERVED_SPECIMEN	Université de Montréal Biodiversity Centre	CMMF	CMMF005326	2013-86	Turgon, Jean-Pierre		CC0_1_0	Université de Montréal Biodiversity Centre	Langlois, Annabelle; Turgon, Jean-Pierre			2024-01-24T16:38:15.629Z		INSTITUTION_MATCH_FUZZY;COLLECTION_MATCH_FUZZY;DIFFERENT_OWNER_INSTITUTION
1024559326	21705170-d2b6-42de-8904-c3bca4b83591	CMMF004546	Fungi	Basidiomycota	Agaricomycetes	Agaricales	Cortinariaceae	Cortinarius	Cortinarius alboviolaceus		SPECIES	Cortinarius alboviolaceus (Pers.) Fr.	Cortinarius alboviolaceus (Pers.) Fr.	(Pers.) Fr.	CA	Réserve écologique du Boisé-des-Muir, Hinchinbrooke.	Québec	PRESENT		ff7bd5db-b724-4932-b496-10ea298851f9	45.084552	-74.114613	10.0						2012-09-24	24	9	2012	9063976	7844497	PRESERVED_SPECIMEN	Université de Montréal Biodiversity Centre	CMMF	CMMF004546	589	Langlois, Annabelle		CC0_1_0	Université de Montréal Biodiversity Centre	Langlois, Annabelle; McNeil, Raymond; Turgon, Jean-Pierre			2024-01-24T16:38:19.836Z	StillImage	INSTITUTION_MATCH_FUZZY;COLLECTION_MATCH_FUZZY;DIFFERENT_OWNER_INSTITUTION
1024558819	21705170-d2b6-42de-8904-c3bca4b83591	CMMF004486	Fungi	Basidiomycota	Agaricomycetes	Agaricales	Cortinariaceae	Cortinarius	Cortinarius alboviolaceus		SPECIES	Cortinarius alboviolaceus (Pers.) Fr.	Cortinarius alboviolaceus (Pers.) Fr.	(Pers.) Fr.	CA	Réserve écologique du Boisé-des-Muir, Hinchinbrooke.	Québec	PRESENT		ff7bd5db-b724-4932-b496-10ea298851f9	45.086844	-74.114468	30.0						2012-09-17	17	9	2012	9063976	7844497	PRESERVED_SPECIMEN	Université de Montréal Biodiversity Centre	CMMF	CMMF004486	513	McNeil, Raymond		CC0_1_0	Université de Montréal Biodiversity Centre	Langlois, Annabelle; McNeil, Raymond; Turgon, Jean-Pierre			2024-01-24T16:38:19.749Z		INSTITUTION_MATCH_FUZZY;COLLECTION_MATCH_FUZZY;DIFFERENT_OWNER_INSTITUTION
