gbifID	datasetKey	occurrenceID	kingdom	phylum	class	order	family	genus	species	infraspecificEpithet	taxonRank	scientificName	verbatimScientificName	verbatimScientificNameAuthorship	countryCode	locality	stateProvince	occurrenceStatus	individualCount	publishingOrgKey	decimalLatitude	decimalLongitude	coordinateUncertaintyInMeters	coordinatePrecision	elevation	elevationAccuracy	depth	depthAccuracy	eventDate	day	month	year	taxonKey	speciesKey	basisOfRecord	institutionCode	collectionCode	catalogNumber	recordNumber	identifiedBy	dateIdentified	license	rightsHolder	recordedBy	typeStatus	establishmentMeans	lastInterpreted	mediaType	issue
617551343	21705170-d2b6-42de-8904-c3bca4b83591	CMMF002664	Fungi	Basidiomycota	Agaricomycetes	Polyporales	Steccherinaceae	Steccherinum	Steccherinum ochraceum		SPECIES	Steccherinum ochraceum (Pers. ex J.F.Gmel.) Gray	Steccherinum ochraceum (Pers.) Gray	(Pers.) Gray	CA	Saint-Majorique	Québec	PRESENT		ff7bd5db-b724-4932-b496-10ea298851f9	45.931221	-72.584529	5000.0						1995-09-27	27	9	1995	2545177	2545177	PRESERVED_SPECIMEN	Université de Montréal Biodiversity Centre	CMMF	CMMF002664		Audet, Serge		CC0_1_0	Université de Montréal Biodiversity Centre	Audet, Serge			2024-01-24T16:38:20.335Z	StillImage	INSTITUTION_MATCH_FUZZY;COLLECTION_MATCH_FUZZY;DIFFERENT_OWNER_INSTITUTION
4994544480	50c9509d-22c7-4a22-a47d-8c48425ef4a7	https://www.inaturalist.org/observations/253322004	Fungi	Basidiomycota	Agaricomycetes	Polyporales	Steccherinaceae	Steccherinum	Steccherinum ochraceum		SPECIES	Steccherinum ochraceum (Pers. ex J.F.Gmel.) Gray	Steccherinum ochraceum		CA		Ontario	PRESENT		28eb1a3f-1c15-4a95-931a-4af90ecb574d	45.35375	-75.588286	16.0						2024-11-27T14:06:28	27	11	2024	2545177	2545177	HUMAN_OBSERVATION	iNaturalist	Observations	253322004		Igor Khomenko	2024-11-27T20:23:57	CC_BY_NC_4_0	Igor Khomenko	Igor Khomenko			2025-01-14T13:41:16.031Z	StillImage	COORDINATE_ROUNDED;CONTINENT_DERIVED_FROM_COORDINATES;TAXON_MATCH_TAXON_ID_IGNORED
4980263743	50c9509d-22c7-4a22-a47d-8c48425ef4a7	https://www.inaturalist.org/observations/226073634	Fungi	Basidiomycota	Agaricomycetes	Polyporales	Steccherinaceae	Steccherinum	Steccherinum ochraceum		SPECIES	Steccherinum ochraceum (Pers. ex J.F.Gmel.) Gray	Steccherinum ochraceum		CA		Prince Edward Island	PRESENT		28eb1a3f-1c15-4a95-931a-4af90ecb574d	46.737861	-64.35215	4.0						2024-06-28T14:43	28	6	2024	2545177	2545177	HUMAN_OBSERVATION	iNaturalist	Observations	226073634		Rosemary Curley	2024-06-30T00:56:39	CC_BY_NC_4_0	Rosemary Curley	Rosemary Curley			2025-01-14T12:46:34.670Z	StillImage	COORDINATE_ROUNDED;CONTINENT_DERIVED_FROM_COORDINATES;TAXON_MATCH_TAXON_ID_IGNORED
4973876186	50c9509d-22c7-4a22-a47d-8c48425ef4a7	https://www.inaturalist.org/observations/247662276	Fungi	Basidiomycota	Agaricomycetes	Polyporales	Steccherinaceae	Steccherinum	Steccherinum ochraceum		SPECIES	Steccherinum ochraceum (Pers. ex J.F.Gmel.) Gray	Steccherinum ochraceum		CA		Ontario	PRESENT		28eb1a3f-1c15-4a95-931a-4af90ecb574d	45.403467	-75.560699	16.0						2024-10-16T12:26:35	16	10	2024	2545177	2545177	HUMAN_OBSERVATION	iNaturalist	Observations	247662276		Igor Khomenko	2024-10-16T19:30:00	CC_BY_NC_4_0	Igor Khomenko	Igor Khomenko			2025-01-14T13:48:04.999Z	StillImage	COORDINATE_ROUNDED;CONTINENT_DERIVED_FROM_COORDINATES;TAXON_MATCH_TAXON_ID_IGNORED
4954385821	50c9509d-22c7-4a22-a47d-8c48425ef4a7	https://www.inaturalist.org/observations/127154669	Fungi	Basidiomycota	Agaricomycetes	Polyporales	Steccherinaceae	Steccherinum	Steccherinum ochraceum		SPECIES	Steccherinum ochraceum (Pers. ex J.F.Gmel.) Gray	Steccherinum ochraceum		CA		Québec	PRESENT		28eb1a3f-1c15-4a95-931a-4af90ecb574d	45.399038	-74.044905	8.0						2022-07-20T09:14:27	20	7	2022	2545177	2545177	HUMAN_OBSERVATION	iNaturalist	Observations	127154669		giggydou	2022-07-20T22:53:06	CC_BY_NC_4_0	giggydou	giggydou			2025-01-14T12:30:57.534Z	StillImage	COORDINATE_ROUNDED;CONTINENT_DERIVED_FROM_COORDINATES;TAXON_MATCH_TAXON_ID_IGNORED
4945895523	50c9509d-22c7-4a22-a47d-8c48425ef4a7	https://www.inaturalist.org/observations/239781118	Fungi	Basidiomycota	Agaricomycetes	Polyporales	Steccherinaceae	Steccherinum	Steccherinum ochraceum		SPECIES	Steccherinum ochraceum (Pers. ex J.F.Gmel.) Gray	Steccherinum ochraceum		CA		Ontario	PRESENT		28eb1a3f-1c15-4a95-931a-4af90ecb574d	45.481943	-76.213699	188.0						2024-08-10T08:50	10	8	2024	2545177	2545177	HUMAN_OBSERVATION	iNaturalist	Observations	239781118		Jonathan Jensen-Lynch	2024-09-04T14:09:49	CC_BY_NC_4_0	sarahfillmore	sarahfillmore			2025-01-14T13:43:09.175Z	StillImage	COORDINATE_ROUNDED;CONTINENT_DERIVED_FROM_COORDINATES;TAXON_MATCH_TAXON_ID_IGNORED
4936167122	50c9509d-22c7-4a22-a47d-8c48425ef4a7	https://www.inaturalist.org/observations/239686358	Fungi	Basidiomycota	Agaricomycetes	Polyporales	Steccherinaceae	Steccherinum	Steccherinum ochraceum		SPECIES	Steccherinum ochraceum (Pers. ex J.F.Gmel.) Gray	Steccherinum ochraceum		CA		Prince Edward Island	PRESENT		28eb1a3f-1c15-4a95-931a-4af90ecb574d	46.952633	-64.037644	112.0						2024-09-03T15:15:49	3	9	2024	2545177	2545177	HUMAN_OBSERVATION	iNaturalist	Observations	239686358		Rosemary Curley	2024-09-03T21:23:37	CC_BY_NC_4_0	Rosemary Curley	Rosemary Curley			2025-01-14T13:39:22.554Z	StillImage	COORDINATE_ROUNDED;CONTINENT_DERIVED_FROM_COORDINATES;TAXON_MATCH_TAXON_ID_IGNORED
4921759869	50c9509d-22c7-4a22-a47d-8c48425ef4a7	https://www.inaturalist.org/observations/232803373	Fungi	Basidiomycota	Agaricomycetes	Polyporales	Steccherinaceae	Steccherinum	Steccherinum ochraceum		SPECIES	Steccherinum ochraceum (Pers. ex J.F.Gmel.) Gray	Steccherinum ochraceum		CA		Québec	PRESENT		28eb1a3f-1c15-4a95-931a-4af90ecb574d	45.872811	-76.4339	501.0						2024-07-29T09:28	29	7	2024	2545177	2545177	HUMAN_OBSERVATION	iNaturalist	Observations	232803373		L Joan Heyding	2024-07-31T00:14:20	CC_BY_NC_4_0	L Joan Heyding	L Joan Heyding			2025-01-14T12:48:01.972Z	StillImage	COORDINATE_ROUNDED;CONTINENT_DERIVED_FROM_COORDINATES;TAXON_MATCH_TAXON_ID_IGNORED
4516692169	50c9509d-22c7-4a22-a47d-8c48425ef4a7	https://www.inaturalist.org/observations/186764933	Fungi	Basidiomycota	Agaricomycetes	Polyporales	Steccherinaceae	Steccherinum	Steccherinum ochraceum		SPECIES	Steccherinum ochraceum (Pers. ex J.F.Gmel.) Gray	Steccherinum ochraceum		CA		Ontario	PRESENT		28eb1a3f-1c15-4a95-931a-4af90ecb574d	45.324347	-75.812219	193.0						2023-10-08T10:27	8	10	2023	2545177	2545177	HUMAN_OBSERVATION	iNaturalist	Observations	186764933		L Joan Heyding	2023-10-08T21:58:30	CC_BY_NC_4_0	L Joan Heyding	L Joan Heyding			2025-01-14T13:28:15.905Z	StillImage	COORDINATE_ROUNDED;CONTINENT_DERIVED_FROM_COORDINATES;TAXON_MATCH_TAXON_ID_IGNORED
4516635032	50c9509d-22c7-4a22-a47d-8c48425ef4a7	https://www.inaturalist.org/observations/187662507	Fungi	Basidiomycota	Agaricomycetes	Polyporales	Steccherinaceae	Steccherinum	Steccherinum ochraceum		SPECIES	Steccherinum ochraceum (Pers. ex J.F.Gmel.) Gray	Steccherinum ochraceum		CA		Québec	PRESENT		28eb1a3f-1c15-4a95-931a-4af90ecb574d	45.872811	-76.4339	501.0						2023-10-14T11:38	14	10	2023	2545177	2545177	HUMAN_OBSERVATION	iNaturalist	Observations	187662507		L Joan Heyding	2023-10-15T17:56:10	CC_BY_NC_4_0	L Joan Heyding	L Joan Heyding			2025-01-14T12:42:38.791Z	StillImage	COORDINATE_ROUNDED;CONTINENT_DERIVED_FROM_COORDINATES;TAXON_MATCH_TAXON_ID_IGNORED
4516591284	50c9509d-22c7-4a22-a47d-8c48425ef4a7	https://www.inaturalist.org/observations/185952561	Fungi	Basidiomycota	Agaricomycetes	Polyporales	Steccherinaceae	Steccherinum	Steccherinum ochraceum		SPECIES	Steccherinum ochraceum (Pers. ex J.F.Gmel.) Gray	Steccherinum ochraceum		CA		Québec	PRESENT		28eb1a3f-1c15-4a95-931a-4af90ecb574d	45.872811	-76.4339	501.0						2023-09-29T14:57	29	9	2023	2545177	2545177	HUMAN_OBSERVATION	iNaturalist	Observations	185952561		L Joan Heyding	2023-10-02T20:29:09	CC_BY_NC_4_0	L Joan Heyding	L Joan Heyding			2025-01-14T12:42:30.961Z	StillImage	COORDINATE_ROUNDED;CONTINENT_DERIVED_FROM_COORDINATES;TAXON_MATCH_TAXON_ID_IGNORED
4516459219	50c9509d-22c7-4a22-a47d-8c48425ef4a7	https://www.inaturalist.org/observations/187661920	Fungi	Basidiomycota	Agaricomycetes	Polyporales	Steccherinaceae	Steccherinum	Steccherinum ochraceum		SPECIES	Steccherinum ochraceum (Pers. ex J.F.Gmel.) Gray	Steccherinum ochraceum		CA		Québec	PRESENT		28eb1a3f-1c15-4a95-931a-4af90ecb574d	45.872811	-76.4339	501.0						2023-10-14T11:09	14	10	2023	2545177	2545177	HUMAN_OBSERVATION	iNaturalist	Observations	187661920		L Joan Heyding	2023-10-15T17:51:58	CC_BY_NC_4_0	L Joan Heyding	L Joan Heyding			2025-01-14T13:30:06.649Z	StillImage	COORDINATE_ROUNDED;CONTINENT_DERIVED_FROM_COORDINATES;TAXON_MATCH_TAXON_ID_IGNORED
4516157736	50c9509d-22c7-4a22-a47d-8c48425ef4a7	https://www.inaturalist.org/observations/141313528	Fungi	Basidiomycota	Agaricomycetes	Polyporales	Steccherinaceae	Steccherinum	Steccherinum ochraceum		SPECIES	Steccherinum ochraceum (Pers. ex J.F.Gmel.) Gray	Steccherinum ochraceum		CA		Québec	PRESENT		28eb1a3f-1c15-4a95-931a-4af90ecb574d	45.820753	-76.578389	27095.0						2022-11-05T13:06	5	11	2022	2545177	2545177	HUMAN_OBSERVATION	iNaturalist	Observations	141313528		L Joan Heyding	2022-11-06T22:28:20	CC_BY_NC_4_0	L Joan Heyding	L Joan Heyding			2025-01-14T13:25:40.405Z	StillImage	COORDINATE_ROUNDED;CONTINENT_DERIVED_FROM_COORDINATES;TAXON_MATCH_TAXON_ID_IGNORED
4510093330	50c9509d-22c7-4a22-a47d-8c48425ef4a7	https://www.inaturalist.org/observations/192865814	Fungi	Basidiomycota	Agaricomycetes	Polyporales	Steccherinaceae	Steccherinum	Steccherinum ochraceum		SPECIES	Steccherinum ochraceum (Pers. ex J.F.Gmel.) Gray	Steccherinum ochraceum		CA		Ontario	PRESENT		28eb1a3f-1c15-4a95-931a-4af90ecb574d	45.401068	-75.584713	183.0						2023-11-30T14:49	30	11	2023	2545177	2545177	HUMAN_OBSERVATION	iNaturalist	Observations	192865814		L Joan Heyding	2023-12-02T23:08:10	CC_BY_NC_4_0	L Joan Heyding	L Joan Heyding			2025-01-14T12:42:35.830Z	StillImage	COORDINATE_ROUNDED;CONTINENT_DERIVED_FROM_COORDINATES;TAXON_MATCH_TAXON_ID_IGNORED
4458748213	50c9509d-22c7-4a22-a47d-8c48425ef4a7	https://www.inaturalist.org/observations/188916978	Fungi	Basidiomycota	Agaricomycetes	Polyporales	Steccherinaceae	Steccherinum	Steccherinum ochraceum		SPECIES	Steccherinum ochraceum (Pers. ex J.F.Gmel.) Gray	Steccherinum ochraceum		CA		Québec	PRESENT		28eb1a3f-1c15-4a95-931a-4af90ecb574d	45.483811	-71.209106							2023-09-24T14:22	24	9	2023	2545177	2545177	HUMAN_OBSERVATION	iNaturalist	Observations	188916978		gabboilard	2023-10-25T17:45:07	CC_BY_NC_4_0	gabboilard	gabboilard			2025-01-14T12:42:58.207Z	StillImage	COORDINATE_ROUNDED;CONTINENT_DERIVED_FROM_COORDINATES;TAXON_MATCH_TAXON_ID_IGNORED
4438929666	50c9509d-22c7-4a22-a47d-8c48425ef4a7	https://www.inaturalist.org/observations/190120520	Fungi	Basidiomycota	Agaricomycetes	Polyporales	Steccherinaceae	Steccherinum	Steccherinum ochraceum		SPECIES	Steccherinum ochraceum (Pers. ex J.F.Gmel.) Gray	Steccherinum ochraceum		CA		Québec	PRESENT		28eb1a3f-1c15-4a95-931a-4af90ecb574d	45.537202	-75.899895	183.0						2023-11-05T12:23	5	11	2023	2545177	2545177	HUMAN_OBSERVATION	iNaturalist	Observations	190120520		L Joan Heyding	2023-11-05T21:13:06	CC_BY_NC_4_0	L Joan Heyding	L Joan Heyding			2025-01-14T12:43:09.202Z	StillImage	COORDINATE_ROUNDED;CONTINENT_DERIVED_FROM_COORDINATES;TAXON_MATCH_TAXON_ID_IGNORED
4417185466	50c9509d-22c7-4a22-a47d-8c48425ef4a7	https://www.inaturalist.org/observations/184953834	Fungi	Basidiomycota	Agaricomycetes	Polyporales	Steccherinaceae	Steccherinum	Steccherinum ochraceum		SPECIES	Steccherinum ochraceum (Pers. ex J.F.Gmel.) Gray	Steccherinum ochraceum		CA		Ontario	PRESENT		28eb1a3f-1c15-4a95-931a-4af90ecb574d	45.40225	-75.586805	183.0						2023-09-25T09:30	25	9	2023	2545177	2545177	HUMAN_OBSERVATION	iNaturalist	Observations	184953834		L Joan Heyding	2023-09-26T01:50:31	CC_BY_NC_4_0	L Joan Heyding	L Joan Heyding			2025-01-14T13:32:39.900Z	StillImage	COORDINATE_ROUNDED;CONTINENT_DERIVED_FROM_COORDINATES;TAXON_MATCH_TAXON_ID_IGNORED
4405012522	50c9509d-22c7-4a22-a47d-8c48425ef4a7	https://www.inaturalist.org/observations/163898993	Fungi	Basidiomycota	Agaricomycetes	Polyporales	Steccherinaceae	Steccherinum	Steccherinum ochraceum		SPECIES	Steccherinum ochraceum (Pers. ex J.F.Gmel.) Gray	Steccherinum ochraceum		CA		New Brunswick	PRESENT		28eb1a3f-1c15-4a95-931a-4af90ecb574d	45.914314	-66.640506							2023-05-26T14:23:33	26	5	2023	2545177	2545177	HUMAN_OBSERVATION	iNaturalist	Observations	163898993		Andrew MacPherson	2023-05-26T23:31:36	CC0_1_0	Andrew MacPherson	Andrew MacPherson			2025-01-14T12:35:50.635Z	StillImage	COORDINATE_ROUNDED;CONTINENT_DERIVED_FROM_COORDINATES;TAXON_MATCH_TAXON_ID_IGNORED
4165463226	50c9509d-22c7-4a22-a47d-8c48425ef4a7	https://www.inaturalist.org/observations/173878736	Fungi	Basidiomycota	Agaricomycetes	Polyporales	Steccherinaceae	Steccherinum	Steccherinum ochraceum		SPECIES	Steccherinum ochraceum (Pers. ex J.F.Gmel.) Gray	Steccherinum ochraceum		CA		Québec	PRESENT		28eb1a3f-1c15-4a95-931a-4af90ecb574d	45.827782	-76.597763	27095.0						2023-07-16T10:03	16	7	2023	2545177	2545177	HUMAN_OBSERVATION	iNaturalist	Observations	173878736		L Joan Heyding	2023-07-20T02:58:25	CC_BY_NC_4_0	L Joan Heyding	L Joan Heyding			2025-01-14T13:31:56.607Z	StillImage	COORDINATE_ROUNDED;CONTINENT_DERIVED_FROM_COORDINATES;TAXON_MATCH_TAXON_ID_IGNORED
4104506745	5a6538b8-e35c-46c4-8978-6858a657a75f	b1985de3-3974-4127-b0f5-2b9832675145	Fungi	Basidiomycota	Agaricomycetes	Polyporales	Steccherinaceae	Steccherinum	Steccherinum ochraceum		SPECIES	Mycoleptodon ochraceus (Pers.) Bourdot & Galzin, 1900	Mycoleptodon ochraceum	(Pers.) Bourdot & Galzin	CA		Ontario	PRESENT		a26dde42-dd82-4d07-a763-353ab27fc02c	45.333333	-79.216667	23996.0						1931-09-08	8	9	1931	2545181	2545177	PRESERVED_SPECIMEN	CUP		CUP-024685		H.S. Jackson		CC0_1_0		R. F. Cain			2025-01-15T04:26:04.682Z	StillImage	GEODETIC_DATUM_ASSUMED_WGS84;CONTINENT_DERIVED_FROM_COORDINATES;TAXON_MATCH_FUZZY;TAXON_MATCH_TAXON_ID_IGNORED;COLLECTION_MATCH_NONE;INSTITUTION_MATCH_FUZZY
4104436567	5a6538b8-e35c-46c4-8978-6858a657a75f	5433d5c8-74d8-4a3f-888e-4bb6ec18ab79	Fungi	Basidiomycota	Agaricomycetes	Polyporales	Steccherinaceae	Steccherinum	Steccherinum ochraceum		SPECIES	Hydnum ochraceum Pers.	Hydnum ochraceum	Pers.	CA	St. John, New Brunswick		PRESENT		a26dde42-dd82-4d07-a763-353ab27fc02c	46.5	-66.0							1904-12		12	1904	2545189	2545177	PRESERVED_SPECIMEN	CUP		CUP-A-018750		Atkinson, George		CC0_1_0		Hay, George			2025-01-15T04:26:00.319Z		GEODETIC_DATUM_ASSUMED_WGS84;CONTINENT_DERIVED_FROM_COORDINATES;TAXON_MATCH_TAXON_ID_IGNORED;COLLECTION_MATCH_NONE;INSTITUTION_MATCH_FUZZY
4100049427	d1a3b128-b406-46bb-a6d1-f3591dcc8a7b	7053b8b6-91e4-4214-9311-d4cf9d2a8e7d	Fungi	Basidiomycota	Agaricomycetes	Polyporales	Steccherinaceae	Steccherinum	Steccherinum ochraceum		SPECIES	Mycoleptodon ochraceus (Pers. ex J.F.Gmel.) Pat.	Mycoleptodon ochraceus	(Pers.) Pat.	CA	Huntsville	Ontario	PRESENT		e43cf4b8-849e-4fac-b075-e652d019d2cf	45.333333	-79.216667	23996.0						1931-09-08	8	9	1931	8924650	2545177	PRESERVED_SPECIMEN	BPI		BPI 261353		Cain R. F.		CC0_1_0		Cain R. F.			2025-01-15T04:59:25.357Z		GEODETIC_DATUM_ASSUMED_WGS84;CONTINENT_DERIVED_FROM_COORDINATES;TAXON_MATCH_TAXON_ID_IGNORED;INSTITUTION_MATCH_FUZZY
4099919403	d1a3b128-b406-46bb-a6d1-f3591dcc8a7b	b8d5b4d0-f68d-45ad-b91e-267a508d43f1	Fungi	Basidiomycota	Agaricomycetes	Polyporales	Steccherinaceae	Steccherinum	Steccherinum ochraceum		SPECIES	Steccherinum ochraceum (Pers. ex J.F.Gmel.) Gray	Steccherinum ochraceum	(Pers.) Gray	CA	Fredericton	New Brunswick	PRESENT		e43cf4b8-849e-4fac-b075-e652d019d2cf	45.95	-66.633333	11997.0						1946-09-27	27	9	1946	2545177	2545177	PRESERVED_SPECIMEN	BPI		BPI 261179		Hansbrough J. R.		CC0_1_0		Hansbrough J. R.			2025-01-15T04:59:25.364Z		GEODETIC_DATUM_ASSUMED_WGS84;CONTINENT_DERIVED_FROM_COORDINATES;TAXON_MATCH_TAXON_ID_IGNORED;INSTITUTION_MATCH_FUZZY
4099919370	d1a3b128-b406-46bb-a6d1-f3591dcc8a7b	0e831e7e-1078-4d4b-a097-b49d4ce5f160	Fungi	Basidiomycota	Agaricomycetes	Polyporales	Steccherinaceae	Steccherinum	Steccherinum ochraceum		SPECIES	Steccherinum ochraceum (Pers. ex J.F.Gmel.) Gray	Steccherinum ochraceum	(Pers.) Gray	CA	Ile Jesus	Quebec	PRESENT		e43cf4b8-849e-4fac-b075-e652d019d2cf	45.583333	-73.75	301.0						1941-08-28	28	8	1941	2545177	2545177	PRESERVED_SPECIMEN	BPI		BPI 260896		Snell W. H.		CC0_1_0		Snell W. H.			2025-01-15T04:59:25.521Z		GEODETIC_DATUM_ASSUMED_WGS84;CONTINENT_DERIVED_FROM_COORDINATES;TAXON_MATCH_TAXON_ID_IGNORED;INSTITUTION_MATCH_FUZZY
4099912238	d1a3b128-b406-46bb-a6d1-f3591dcc8a7b	5305a7c9-6d56-44d7-ac3d-53e378230cda	Fungi	Basidiomycota	Agaricomycetes	Polyporales	Steccherinaceae	Steccherinum	Steccherinum ochraceum		SPECIES	Hydnum ochraceum Pers.	Hydnum ochraceum	Pers.	CA	Iberville	Quebec	PRESENT		e43cf4b8-849e-4fac-b075-e652d019d2cf	45.25	-73.166667	301.0						1931-10-10	10	10	1931	2545189	2545177	PRESERVED_SPECIMEN	BPI		BPI 259851		Stevenson J. A.		CC0_1_0		Marie-anselme			2025-01-15T04:59:25.297Z		GEODETIC_DATUM_ASSUMED_WGS84;CONTINENT_DERIVED_FROM_COORDINATES;TAXON_MATCH_TAXON_ID_IGNORED;INSTITUTION_MATCH_FUZZY
4099699384	d1a3b128-b406-46bb-a6d1-f3591dcc8a7b	1c333599-bbbe-477d-bc7e-2ff04323ade0	Fungi	Basidiomycota	Agaricomycetes	Polyporales	Steccherinaceae	Steccherinum	Steccherinum ochraceum		SPECIES	Steccherinum ochraceum (Pers. ex J.F.Gmel.) Gray	Steccherinum ochraceum	(Pers.) Gray	CA	Huntsville	Ontario	PRESENT		e43cf4b8-849e-4fac-b075-e652d019d2cf	45.333333	-79.216667	23996.0						1931-09-08	8	9	1931	2545177	2545177	PRESERVED_SPECIMEN	BPI		BPI 261007	2379	Jackson H. S.		CC0_1_0		Cain R. F.			2025-01-15T04:59:25.303Z		GEODETIC_DATUM_ASSUMED_WGS84;CONTINENT_DERIVED_FROM_COORDINATES;TAXON_MATCH_TAXON_ID_IGNORED;INSTITUTION_MATCH_FUZZY
4099528141	d1a3b128-b406-46bb-a6d1-f3591dcc8a7b	94143002-b35d-4250-8407-130333d75cf4	Fungi	Basidiomycota	Agaricomycetes	Polyporales	Steccherinaceae	Steccherinum	Steccherinum ochraceum		SPECIES	Hydnum ochraceum Pers.	Hydnum ochraceum	Pers.	CA	Montreal	Quebec	PRESENT		e43cf4b8-849e-4fac-b075-e652d019d2cf	45.5	-73.583333	3036.0										2545189	2545177	PRESERVED_SPECIMEN	BPI		BPI 324809		Lloyd C. G.		CC0_1_0		Lee H. N.			2025-01-15T04:59:27.228Z		GEODETIC_DATUM_ASSUMED_WGS84;CONTINENT_DERIVED_FROM_COORDINATES;TAXON_MATCH_TAXON_ID_IGNORED;INSTITUTION_MATCH_FUZZY
4099447229	d1a3b128-b406-46bb-a6d1-f3591dcc8a7b	3671d1e6-44ca-4edf-bb95-a5f9cfdfd126	Fungi	Basidiomycota	Agaricomycetes	Polyporales	Steccherinaceae	Steccherinum	Steccherinum ochraceum		SPECIES	Hydnum ochraceum Pers.	Hydnum ochraceum	Pers.	CA	Ottawa	Ontario	PRESENT		e43cf4b8-849e-4fac-b075-e652d019d2cf	45.416667	-75.7	52150.0						1883-10-03	3	10	1883	2545189	2545177	PRESERVED_SPECIMEN	BPI		BPI 259808	82			CC0_1_0		MACOUN			2025-01-15T04:59:25.100Z		GEODETIC_DATUM_ASSUMED_WGS84;CONTINENT_DERIVED_FROM_COORDINATES;TAXON_MATCH_TAXON_ID_IGNORED;INSTITUTION_MATCH_FUZZY
4018190765	50c9509d-22c7-4a22-a47d-8c48425ef4a7	https://www.inaturalist.org/observations/146143867	Fungi	Basidiomycota	Agaricomycetes	Polyporales	Steccherinaceae	Steccherinum	Steccherinum ochraceum		SPECIES	Steccherinum ochraceum (Pers. ex J.F.Gmel.) Gray	Steccherinum ochraceum		CA		New Brunswick	PRESENT		28eb1a3f-1c15-4a95-931a-4af90ecb574d	47.618014	-65.638049	52.0						2023-01-08T13:52:57	8	1	2023	2545177	2545177	HUMAN_OBSERVATION	iNaturalist	Observations	146143867		roachiecanada	2023-01-08T19:34:48	CC_BY_NC_4_0	roachiecanada	roachiecanada			2025-01-14T13:27:11.802Z	StillImage	COORDINATE_ROUNDED;CONTINENT_DERIVED_FROM_COORDINATES;TAXON_MATCH_TAXON_ID_IGNORED
4006759000	50c9509d-22c7-4a22-a47d-8c48425ef4a7	https://www.inaturalist.org/observations/144556721	Fungi	Basidiomycota	Agaricomycetes	Polyporales	Steccherinaceae	Steccherinum	Steccherinum ochraceum		SPECIES	Steccherinum ochraceum (Pers. ex J.F.Gmel.) Gray	Steccherinum ochraceum		CA		New Brunswick	PRESENT		28eb1a3f-1c15-4a95-931a-4af90ecb574d	47.732231	-65.888169	333.0						2022-12-17T13:06:42	17	12	2022	2545177	2545177	HUMAN_OBSERVATION	iNaturalist	Observations	144556721		roachiecanada	2022-12-17T20:37:03	CC_BY_NC_4_0	roachiecanada	roachiecanada			2025-01-14T12:35:04.460Z	StillImage	COORDINATE_ROUNDED;CONTINENT_DERIVED_FROM_COORDINATES;TAXON_MATCH_TAXON_ID_IGNORED
3947062066	50c9509d-22c7-4a22-a47d-8c48425ef4a7	https://www.inaturalist.org/observations/138422777	Fungi	Basidiomycota	Agaricomycetes	Polyporales	Steccherinaceae	Steccherinum	Steccherinum ochraceum		SPECIES	Steccherinum ochraceum (Pers. ex J.F.Gmel.) Gray	Steccherinum ochraceum		CA		New Brunswick	PRESENT		28eb1a3f-1c15-4a95-931a-4af90ecb574d	47.617128	-65.639012	33.0						2022-10-11T15:10:22	11	10	2022	2545177	2545177	HUMAN_OBSERVATION	iNaturalist	Observations	138422777		earthdream	2022-10-12T14:42:22	CC_BY_NC_4_0	roachiecanada	roachiecanada			2025-01-14T12:32:17.030Z	StillImage	COORDINATE_ROUNDED;CONTINENT_DERIVED_FROM_COORDINATES;TAXON_MATCH_TAXON_ID_IGNORED
3923616900	50c9509d-22c7-4a22-a47d-8c48425ef4a7	https://www.inaturalist.org/observations/136871739	Fungi	Basidiomycota	Agaricomycetes	Polyporales	Steccherinaceae	Steccherinum	Steccherinum ochraceum		SPECIES	Steccherinum ochraceum (Pers. ex J.F.Gmel.) Gray	Steccherinum ochraceum		CA		Québec	PRESENT		28eb1a3f-1c15-4a95-931a-4af90ecb574d	45.418036	-75.836852	391.0						2022-09-28T12:57	28	9	2022	2545177	2545177	HUMAN_OBSERVATION	iNaturalist	Observations	136871739		L Joan Heyding	2022-09-29T01:39:58	CC_BY_NC_4_0	L Joan Heyding	L Joan Heyding			2025-01-14T12:33:04.260Z	StillImage	COORDINATE_ROUNDED;CONTINENT_DERIVED_FROM_COORDINATES;TAXON_MATCH_TAXON_ID_IGNORED
3696087580	eaabc211-f8a2-4d0f-8983-51fe16b71a36	45e0a682-711a-4765-834a-ed5ae0996bc3	Fungi	Basidiomycota	Agaricomycetes	Polyporales	Steccherinaceae	Steccherinum	Steccherinum ochraceum		SPECIES	Hydnum ochraceum Pers.	Hydnum ochraceum	Pers.	CA	Huntsville, Ont. [Ontario]	Ontario	PRESENT		0eabc674-8106-401e-9613-5f10164b562d	45.333333	-79.216667	23996.0						1931-09-08	8	9	1931	2545189	2545177	PRESERVED_SPECIMEN	NCU	Fungi	NCU-F-0012423	2379	Jackson, H. S.	1931-09-08T00:00:00	CC0_1_0		Cain, Roy F.			2025-01-17T19:30:50.088Z	StillImage	GEODETIC_DATUM_ASSUMED_WGS84;CONTINENT_DERIVED_FROM_COORDINATES;TAXON_MATCH_TAXON_ID_IGNORED;INSTITUTION_MATCH_FUZZY;INSTITUTION_COLLECTION_MISMATCH
3456557090	50c9509d-22c7-4a22-a47d-8c48425ef4a7	https://www.inaturalist.org/observations/103165650	Fungi	Basidiomycota	Agaricomycetes	Polyporales	Steccherinaceae	Steccherinum	Steccherinum ochraceum		SPECIES	Steccherinum ochraceum (Pers. ex J.F.Gmel.) Gray	Steccherinum ochraceum		CA		Ontario	PRESENT		28eb1a3f-1c15-4a95-931a-4af90ecb574d	45.403461	-75.588273	103.0						2021-12-16T12:52	16	12	2021	2545177	2545177	HUMAN_OBSERVATION	iNaturalist	Observations	103165650		Igor Khomenko	2021-12-16T21:59:49	CC_BY_NC_4_0	Igor Khomenko	Igor Khomenko			2025-01-14T12:26:09.412Z	StillImage	COORDINATE_ROUNDED;CONTINENT_DERIVED_FROM_COORDINATES;TAXON_MATCH_TAXON_ID_IGNORED
3407957745	50c9509d-22c7-4a22-a47d-8c48425ef4a7	https://www.inaturalist.org/observations/99749124	Fungi	Basidiomycota	Agaricomycetes	Polyporales	Steccherinaceae	Steccherinum	Steccherinum ochraceum		SPECIES	Steccherinum ochraceum (Pers. ex J.F.Gmel.) Gray	Steccherinum ochraceum		CA		Ontario	PRESENT		28eb1a3f-1c15-4a95-931a-4af90ecb574d	45.361256	-75.532731	183.0						2021-10-29T10:52	29	10	2021	2545177	2545177	HUMAN_OBSERVATION	iNaturalist	Observations	99749124		L Joan Heyding	2021-10-30T00:17:30	CC_BY_NC_4_0	L Joan Heyding	L Joan Heyding			2025-01-14T12:25:30.644Z	StillImage	COORDINATE_ROUNDED;CONTINENT_DERIVED_FROM_COORDINATES;TAXON_MATCH_TAXON_ID_IGNORED
3113522566	50c9509d-22c7-4a22-a47d-8c48425ef4a7	https://www.inaturalist.org/observations/78387029	Fungi	Basidiomycota	Agaricomycetes	Polyporales	Steccherinaceae	Steccherinum	Steccherinum ochraceum		SPECIES	Steccherinum ochraceum (Pers. ex J.F.Gmel.) Gray	Steccherinum ochraceum		CA		Ontario	PRESENT		28eb1a3f-1c15-4a95-931a-4af90ecb574d	45.404894	-75.405035	27158.0						2021-05-11T10:31	11	5	2021	2545177	2545177	HUMAN_OBSERVATION	iNaturalist	Observations	78387029		L Joan Heyding	2021-05-11T20:21:51	CC_BY_NC_4_0	L Joan Heyding	L Joan Heyding			2025-01-14T13:08:17.103Z	StillImage	COORDINATE_ROUNDED;CONTINENT_DERIVED_FROM_COORDINATES;TAXON_MATCH_TAXON_ID_IGNORED
3043047402	f8f35535-8c10-43fc-89dc-eb0843f25394	GB-0082545	Fungi	Basidiomycota	Agaricomycetes	Polyporales	Steccherinaceae	Steccherinum	Steccherinum ochraceum		SPECIES	Steccherinum ochraceum (Pers. ex J.F.Gmel.) Gray	Steccherinum ochraceum		CA	Algonquin Provincial Park	Ontario	PRESENT		0ed04352-6745-4665-9e11-7117ee91a96b	45.800278	-78.340278							1982-09-20	20	9	1982	2545177	2545177	PRESERVED_SPECIMEN	GB	GB	GB-0082545	NH 7426			CC0_1_0		Hallenberg, Nils & Ginns, J.			2024-12-19T12:17:51.743Z		COORDINATE_ROUNDED;GEODETIC_DATUM_ASSUMED_WGS84;INSTITUTION_MATCH_FUZZY;COLLECTION_MATCH_FUZZY
3008499310	50c9509d-22c7-4a22-a47d-8c48425ef4a7	https://www.inaturalist.org/observations/6691894	Fungi	Basidiomycota	Agaricomycetes	Polyporales	Steccherinaceae	Steccherinum	Steccherinum ochraceum		SPECIES	Steccherinum ochraceum (Pers. ex J.F.Gmel.) Gray	Steccherinum ochraceum		CA		Québec	PRESENT		28eb1a3f-1c15-4a95-931a-4af90ecb574d	45.993869	-73.994272							2017-05-28T15:02	28	5	2017	2545177	2545177	HUMAN_OBSERVATION	iNaturalist	Observations	6691894		suzanne béland	2017-06-17T16:31:07	CC_BY_NC_4_0	suzanne béland	suzanne béland			2025-01-14T12:57:58.097Z		CONTINENT_DERIVED_FROM_COORDINATES;TAXON_MATCH_TAXON_ID_IGNORED
2611374358	50c9509d-22c7-4a22-a47d-8c48425ef4a7	https://www.inaturalist.org/observations/43991297	Fungi	Basidiomycota	Agaricomycetes	Polyporales	Steccherinaceae	Steccherinum	Steccherinum ochraceum		SPECIES	Steccherinum ochraceum (Pers. ex J.F.Gmel.) Gray	Steccherinum ochraceum		CA		Nova Scotia	PRESENT		28eb1a3f-1c15-4a95-931a-4af90ecb574d	45.056583	-64.391768							2020-04-26T19:42	26	4	2020	2545177	2545177	HUMAN_OBSERVATION	iNaturalist	Observations	43991297		Paul Illsley	2020-04-27T21:15:26	CC_BY_NC_4_0	Paul Illsley	Paul Illsley			2025-01-14T13:09:11.628Z	StillImage	COORDINATE_ROUNDED;CONTINENT_DERIVED_FROM_COORDINATES;TAXON_MATCH_TAXON_ID_IGNORED
2423614368	21705170-d2b6-42de-8904-c3bca4b83591	CMMF020567	Fungi	Basidiomycota	Agaricomycetes	Polyporales	Steccherinaceae	Steccherinum	Steccherinum ochraceum		SPECIES	Steccherinum ochraceum (Pers. ex J.F.Gmel.) Gray	Steccherinum ochraceum (Pers.) Gray	(Pers.) Gray	CA	Chapelle de la réparation	Quebec	PRESENT		ff7bd5db-b724-4932-b496-10ea298851f9	45.669212	-73.515671	300.0						1980-07-10	10	7	1980	2545177	2545177	PRESERVED_SPECIMEN	Université de Montréal Biodiversity Centre	CMMF	CMMF020567	1980-181	McNeil, Raymond		CC0_1_0	Université de Montréal Biodiversity Centre	Haméon, G.			2024-01-24T16:38:16.011Z		INSTITUTION_MATCH_FUZZY;COLLECTION_MATCH_FUZZY;DIFFERENT_OWNER_INSTITUTION
1807260135	e8a25a42-f125-476c-8554-3ec21cd51a84	ACAD:116714	Fungi	Basidiomycota	Agaricomycetes	Polyporales	Steccherinaceae	Steccherinum	Steccherinum ochraceum		SPECIES	Steccherinum ochraceum (Pers. ex J.F.Gmel.) Gray	Steccherinum ochraceum (Pers.) Gray	(Pers.) Gray	CA	Fredericton	New Brunswick	PRESENT		6491ad8c-8e49-4bd4-a089-0ddb3bbe0890	45.945278	-66.666667							1959-09-04	4	9	1959	2545177	2545177	PRESERVED_SPECIMEN	Acadia University	ACAD	4869F	4869			CC0_1_0	Acadia University	H, KA			2024-01-25T01:37:04.537Z	StillImage	COORDINATE_ROUNDED;GEODETIC_DATUM_INVALID;GEODETIC_DATUM_ASSUMED_WGS84;INSTITUTION_MATCH_FUZZY;COLLECTION_MATCH_FUZZY
1807255254	e8a25a42-f125-476c-8554-3ec21cd51a84	ACAD:111666	Fungi	Basidiomycota	Agaricomycetes	Polyporales	Steccherinaceae	Steccherinum	Steccherinum ochraceum		SPECIES	Steccherinum ochraceum (Pers. ex J.F.Gmel.) Gray	Steccherinum ochraceum (Pers.) Gray	(Pers.) Gray	CA	Kentville	Nova Scotia	PRESENT		6491ad8c-8e49-4bd4-a089-0ddb3bbe0890	45.07662	-64.49592							1941-06-12	12	6	1941	2545177	2545177	PRESERVED_SPECIMEN	Acadia University	ACAD	1286F	1286			CC0_1_0	Acadia University	Lewis, RM			2024-01-25T01:37:07.170Z	StillImage	GEODETIC_DATUM_INVALID;GEODETIC_DATUM_ASSUMED_WGS84;INSTITUTION_MATCH_FUZZY;COLLECTION_MATCH_FUZZY
1807255238	e8a25a42-f125-476c-8554-3ec21cd51a84	ACAD:111782	Fungi	Basidiomycota	Agaricomycetes	Polyporales	Steccherinaceae	Steccherinum	Steccherinum ochraceum		SPECIES	Steccherinum ochraceum (Pers. ex J.F.Gmel.) Gray	Steccherinum ochraceum (Pers.) Gray	(Pers.) Gray	CA	Kentville	Nova Scotia	PRESENT		6491ad8c-8e49-4bd4-a089-0ddb3bbe0890	45.07662	-64.49592							1951-12-07	7	12	1951	2545177	2545177	PRESERVED_SPECIMEN	Acadia University	ACAD	1409F	1409			CC0_1_0	Acadia University	H, KA			2024-01-25T01:37:07.040Z	StillImage	GEODETIC_DATUM_INVALID;GEODETIC_DATUM_ASSUMED_WGS84;INSTITUTION_MATCH_FUZZY;COLLECTION_MATCH_FUZZY
1807254542	e8a25a42-f125-476c-8554-3ec21cd51a84	ACAD:111258	Fungi	Basidiomycota	Agaricomycetes	Polyporales	Steccherinaceae	Steccherinum	Steccherinum ochraceum		SPECIES	Steccherinum ochraceum (Pers. ex J.F.Gmel.) Gray	Steccherinum ochraceum (Pers.) Gray	(Pers.) Gray	CA	(Kentville)	Nova Scotia	PRESENT		6491ad8c-8e49-4bd4-a089-0ddb3bbe0890	45.07662	-64.49592							1933-06-27	27	6	1933	2545177	2545177	PRESERVED_SPECIMEN	Acadia University	ACAD	110F	110			CC0_1_0	Acadia University	H, KA			2024-01-25T01:37:06.610Z	StillImage	GEODETIC_DATUM_INVALID;GEODETIC_DATUM_ASSUMED_WGS84;INSTITUTION_MATCH_FUZZY;COLLECTION_MATCH_FUZZY
1571086787	50c9509d-22c7-4a22-a47d-8c48425ef4a7	https://www.inaturalist.org/observations/6485170	Fungi	Basidiomycota	Agaricomycetes	Polyporales	Steccherinaceae	Steccherinum	Steccherinum ochraceum		SPECIES	Steccherinum ochraceum (Pers. ex J.F.Gmel.) Gray	Steccherinum ochraceum		CA		Québec	PRESENT		28eb1a3f-1c15-4a95-931a-4af90ecb574d	46.00108	-74.00369							2017-06-03T11:58	3	6	2017	2545177	2545177	HUMAN_OBSERVATION	iNaturalist	Observations	6485170		mayafav	2017-06-03T21:39:48	CC_BY_NC_4_0	mayafav	mayafav			2025-01-14T12:57:30.075Z	StillImage	CONTINENT_DERIVED_FROM_COORDINATES;TAXON_MATCH_TAXON_ID_IGNORED
1412708220	21705170-d2b6-42de-8904-c3bca4b83591	CMMF016728	Fungi	Basidiomycota	Agaricomycetes	Polyporales	Steccherinaceae	Steccherinum	Steccherinum ochraceum		SPECIES	Steccherinum ochraceum (Pers. ex J.F.Gmel.) Gray	Steccherinum ochraceum (Pers.) Gray	(Pers.) Gray	CA	Parc de la Gatineau, Ottawa, Québec.	Québec	PRESENT		ff7bd5db-b724-4932-b496-10ea298851f9	45.558161	-75.971349	20000.0						2003-10-20	20	10	2003	2545177	2545177	PRESERVED_SPECIMEN	Université de Montréal Biodiversity Centre	CMMF	CMMF016728		Loesel, Otto		CC0_1_0	Université de Montréal Biodiversity Centre	Loesel, Otto			2024-01-24T16:38:19.885Z		INSTITUTION_MATCH_FUZZY;COLLECTION_MATCH_FUZZY;DIFFERENT_OWNER_INSTITUTION
1412707942	21705170-d2b6-42de-8904-c3bca4b83591	CMMF016575	Fungi	Basidiomycota	Agaricomycetes	Polyporales	Steccherinaceae	Steccherinum	Steccherinum ochraceum		SPECIES	Steccherinum ochraceum (Pers. ex J.F.Gmel.) Gray	Steccherinum ochraceum (Pers.) Gray	(Pers.) Gray	CA	Montmagny, Québec.	Québec	PRESENT		ff7bd5db-b724-4932-b496-10ea298851f9	46.980077	-70.556636	20000.0						1987-09		9	1987	2545177	2545177	PRESERVED_SPECIMEN	Université de Montréal Biodiversity Centre	CMMF	CMMF016575		Boulet, Bruno		CC0_1_0	Université de Montréal Biodiversity Centre	Boulet, Bruno			2024-01-24T16:38:19.852Z		INSTITUTION_MATCH_FUZZY;COLLECTION_MATCH_FUZZY;DIFFERENT_OWNER_INSTITUTION
1412706724	21705170-d2b6-42de-8904-c3bca4b83591	CMMF015215	Fungi	Basidiomycota	Agaricomycetes	Polyporales	Steccherinaceae	Steccherinum	Steccherinum ochraceum		SPECIES	Steccherinum ochraceum (Pers. ex J.F.Gmel.) Gray	Steccherinum ochraceum (Pers.) Gray	(Pers.) Gray	CA	Chicoutimi, Québec.	Québec	PRESENT		ff7bd5db-b724-4932-b496-10ea298851f9	48.368277	-71.119642	15000.0						1982-08-05/1983-08-05				2545177	2545177	PRESERVED_SPECIMEN	Université de Montréal Biodiversity Centre	CMMF	CMMF015215	935	Guérin, Gérard		CC0_1_0	Université de Montréal Biodiversity Centre	Guérin, Gérard			2024-01-24T16:38:17.013Z	StillImage	INSTITUTION_MATCH_FUZZY;COLLECTION_MATCH_FUZZY;DIFFERENT_OWNER_INSTITUTION
1412706723	21705170-d2b6-42de-8904-c3bca4b83591	CMMF015214	Fungi	Basidiomycota	Agaricomycetes	Polyporales	Steccherinaceae	Steccherinum	Steccherinum ochraceum		SPECIES	Steccherinum ochraceum (Pers. ex J.F.Gmel.) Gray	Steccherinum ochraceum (Pers.) Gray	(Pers.) Gray	CA	Val Lombrette, Chicoutimi, Québec.	Québec	PRESENT		ff7bd5db-b724-4932-b496-10ea298851f9	48.421466	-71.04988	250.0						1997-10-04	4	10	1997	2545177	2545177	PRESERVED_SPECIMEN	Université de Montréal Biodiversity Centre	CMMF	CMMF015214	936	Guérin, Gérard		CC0_1_0	Université de Montréal Biodiversity Centre	Guérin, Gérard			2024-01-24T16:38:17.012Z	StillImage	INSTITUTION_MATCH_FUZZY;COLLECTION_MATCH_FUZZY;DIFFERENT_OWNER_INSTITUTION
1412705152	21705170-d2b6-42de-8904-c3bca4b83591	CMMF013810	Fungi	Basidiomycota	Agaricomycetes	Polyporales	Steccherinaceae	Steccherinum	Steccherinum ochraceum		SPECIES	Steccherinum rhois (Schwein.) Banker	Steccherinum rhois (Schwein.) Banker	(Schwein.) Banker	CA	Ottawa, Ontario.	Ontario	PRESENT		ff7bd5db-b724-4932-b496-10ea298851f9	45.42153	-75.697193	40000.0						1971-10		10	1971	2545187	2545177	PRESERVED_SPECIMEN	Université de Montréal Biodiversity Centre	CMMF	CMMF013810	3022	Illman, William I.		CC0_1_0	Université de Montréal Biodiversity Centre	Illman, William I.			2024-01-24T16:38:17.214Z		INSTITUTION_MATCH_FUZZY;COLLECTION_MATCH_FUZZY;DIFFERENT_OWNER_INSTITUTION
1135069220	21705170-d2b6-42de-8904-c3bca4b83591	CMMF007767	Fungi	Basidiomycota	Agaricomycetes	Polyporales	Steccherinaceae	Steccherinum	Steccherinum ochraceum		SPECIES	Steccherinum ochraceum (Pers. ex J.F.Gmel.) Gray	Steccherinum ochraceum (Pers.) Gray	(Pers.) Gray	CA	St-Donat (Cap de la Fée)	Québec	PRESENT		ff7bd5db-b724-4932-b496-10ea298851f9	46.341233	-74.267717	100.0						2010-09-04	4	9	2010	2545177	2545177	PRESERVED_SPECIMEN	Université de Montréal Biodiversity Centre	CMMF	CMMF007767	C3734	McNeil, Raymond		CC0_1_0	Université de Montréal Biodiversity Centre	McNeil, Raymond			2024-01-24T16:38:16.144Z	StillImage	COORDINATE_ROUNDED;INSTITUTION_MATCH_FUZZY;COLLECTION_MATCH_FUZZY;DIFFERENT_OWNER_INSTITUTION
1135068209	21705170-d2b6-42de-8904-c3bca4b83591	CMMF006821	Fungi	Basidiomycota	Agaricomycetes	Polyporales	Steccherinaceae	Steccherinum	Steccherinum ochraceum		SPECIES	Steccherinum ochraceum (Pers. ex J.F.Gmel.) Gray	Steccherinum ochraceum (Pers.) Gray	(Pers.) Gray	CA	Châteauguay (Centre écologique Fernand-Seguin)	Québec	PRESENT		ff7bd5db-b724-4932-b496-10ea298851f9	45.373167	-73.773917	100.0						2011-09-16	16	9	2011	2545177	2545177	PRESERVED_SPECIMEN	Université de Montréal Biodiversity Centre	CMMF	CMMF006821	C3962	McNeil, Raymond		CC0_1_0	Université de Montréal Biodiversity Centre	McNeil, Raymond			2024-01-24T16:38:18.542Z	StillImage	COORDINATE_ROUNDED;INSTITUTION_MATCH_FUZZY;COLLECTION_MATCH_FUZZY;DIFFERENT_OWNER_INSTITUTION
1135067883	21705170-d2b6-42de-8904-c3bca4b83591	CMMF006394	Fungi	Basidiomycota	Agaricomycetes	Polyporales	Steccherinaceae	Steccherinum	Steccherinum ochraceum		SPECIES	Steccherinum ochraceum (Pers. ex J.F.Gmel.) Gray	Steccherinum ochraceum (Pers.) Gray	(Pers.) Gray	CA	Kahnawake (Réserve)	Québec	PRESENT		ff7bd5db-b724-4932-b496-10ea298851f9	45.378033	-73.7149	100.0						1980-03-16	16	3	1980	2545177	2545177	PRESERVED_SPECIMEN	Université de Montréal Biodiversity Centre	CMMF	CMMF006394	1094	McNeil, Raymond		CC0_1_0	Université de Montréal Biodiversity Centre	McNeil, Raymond			2024-01-24T16:38:19.092Z	StillImage	COORDINATE_ROUNDED;INSTITUTION_MATCH_FUZZY;COLLECTION_MATCH_FUZZY;DIFFERENT_OWNER_INSTITUTION
