gbifID	datasetKey	occurrenceID	kingdom	phylum	class	order	family	genus	species	infraspecificEpithet	taxonRank	scientificName	verbatimScientificName	verbatimScientificNameAuthorship	countryCode	locality	stateProvince	occurrenceStatus	individualCount	publishingOrgKey	decimalLatitude	decimalLongitude	coordinateUncertaintyInMeters	coordinatePrecision	elevation	elevationAccuracy	depth	depthAccuracy	eventDate	day	month	year	taxonKey	speciesKey	basisOfRecord	institutionCode	collectionCode	catalogNumber	recordNumber	identifiedBy	dateIdentified	license	rightsHolder	recordedBy	typeStatus	establishmentMeans	lastInterpreted	mediaType	issue
727874702	d7cfd2ed-8af4-427f-a16e-eb66b7e2c419	13752	Fungi	Basidiomycota	Agaricomycetes	Agaricales	Amanitaceae	Amanita	Amanita porphyria		SPECIES	Amanita porphyria Alb. & Schwein.	Amanita porphyria Alb. & Schwein.	Alb. & Schwein.	CA	Algonquin Provincial Park	Ontario	PRESENT		ff418020-1d67-11d9-8435-b8a03c50a862	45.759859	-78.376465	67511.0						2006-09-30	30	9	2006	5240279	5240279	PRESERVED_SPECIMEN	Royal Ontario Museum	TRTC	TRTC150918	MD_ALG06_6	Didukh, M.		CC0_1_0	Royal Ontario Museum	Didukh, M.			2024-01-25T00:59:38.102Z	StillImage	COORDINATE_ROUNDED;AMBIGUOUS_INSTITUTION
694157084	d7cfd2ed-8af4-427f-a16e-eb66b7e2c419	14265	Fungi	Basidiomycota	Agaricomycetes	Agaricales	Amanitaceae	Amanita	Amanita porphyria		SPECIES	Amanita porphyria Alb. & Schwein.	Amanita porphyria Alb. & Schwein.	Alb. & Schwein.	CA	University of Toronto Forest	Ontario	PRESENT		ff418020-1d67-11d9-8435-b8a03c50a862	45.183005	-78.85025	7575.0						1964-09-18	18	9	1964	5240279	5240279	PRESERVED_SPECIMEN	Royal Ontario Museum	TRTC	TRTC042691		R.F. Cain		CC0_1_0	Royal Ontario Museum	R.F. Cain			2024-01-25T00:59:40.409Z		COORDINATE_ROUNDED;AMBIGUOUS_INSTITUTION
694157013	d7cfd2ed-8af4-427f-a16e-eb66b7e2c419	14088	Fungi	Basidiomycota	Agaricomycetes	Agaricales	Amanitaceae	Amanita	Amanita porphyria		SPECIES	Amanita porphyria Alb. & Schwein.	Amanita porphyria Alb. & Schwein.	Alb. & Schwein.	CA	Grindstone Lake	Ontario	PRESENT		ff418020-1d67-11d9-8435-b8a03c50a862	45.19655	-78.87587	692.0						1965-09-17	17	9	1965	5240279	5240279	PRESERVED_SPECIMEN	Royal Ontario Museum	TRTC	TRTC042838		R.F. Cain		CC0_1_0	Royal Ontario Museum	R.F. Cain			2024-01-25T00:59:39.852Z		AMBIGUOUS_INSTITUTION
694157012	d7cfd2ed-8af4-427f-a16e-eb66b7e2c419	14087	Fungi	Basidiomycota	Agaricomycetes	Agaricales	Amanitaceae	Amanita	Amanita porphyria		SPECIES	Amanita porphyria Alb. & Schwein.	Amanita porphyria Alb. & Schwein.	Alb. & Schwein.	CA	University of Toronto Forest	Ontario	PRESENT		ff418020-1d67-11d9-8435-b8a03c50a862	45.183005	-78.85025	7575.0						1965-09-17	17	9	1965	5240279	5240279	PRESERVED_SPECIMEN	Royal Ontario Museum	TRTC	TRTC044753		R.F. Cain		CC0_1_0	Royal Ontario Museum	R.F. Cain			2024-01-25T00:59:39.640Z		COORDINATE_ROUNDED;AMBIGUOUS_INSTITUTION
694156974	d7cfd2ed-8af4-427f-a16e-eb66b7e2c419	13931	Fungi	Basidiomycota	Agaricomycetes	Agaricales	Amanitaceae	Amanita	Amanita porphyria		SPECIES	Amanita porphyria Alb. & Schwein.	Amanita porphyria Alb. & Schwein.	Alb. & Schwein.	CA	Algonquin Provincial Park	Ontario	PRESENT		ff418020-1d67-11d9-8435-b8a03c50a862	45.759859	-78.376465	67511.0						2007-10-02	2	10	2007	5240279	5240279	PRESERVED_SPECIMEN	Royal Ontario Museum	TRTC	TRTC156945	ALG07_121			CC0_1_0	Royal Ontario Museum	Maryna Didukh; Dentiger Bryn			2024-01-25T00:59:38.806Z	StillImage	COORDINATE_ROUNDED;AMBIGUOUS_INSTITUTION
617555123	21705170-d2b6-42de-8904-c3bca4b83591	CMMF000667	Fungi	Basidiomycota	Agaricomycetes	Agaricales	Amanitaceae	Amanita	Amanita porphyria		SPECIES	Amanita porphyria Alb. & Schwein.	Amanita porphyria Alb. & Schwein.	Alb. & Schwein.	CA	Rawdon	Québec	PRESENT		ff7bd5db-b724-4932-b496-10ea298851f9	46.052398	-73.748752	11000.0						1989-09-18	18	9	1989	5240279	5240279	PRESERVED_SPECIMEN	Université de Montréal Biodiversity Centre	CMMF	CMMF000667		Lamoureux, Yves		CC0_1_0	Université de Montréal Biodiversity Centre	Alary, Antoine			2024-01-24T16:38:20.130Z	StillImage	INSTITUTION_MATCH_FUZZY;COLLECTION_MATCH_FUZZY;DIFFERENT_OWNER_INSTITUTION
617553063	21705170-d2b6-42de-8904-c3bca4b83591	CMMF000343	Fungi	Basidiomycota	Agaricomycetes	Agaricales	Amanitaceae	Amanita	Amanita porphyria		SPECIES	Amanita porphyria Alb. & Schwein.	Amanita porphyria Alb. & Schwein.	Alb. & Schwein.	CA	Saint-Herménégilde	Québec	PRESENT		ff7bd5db-b724-4932-b496-10ea298851f9	45.105574	-71.672847	3000.0						1988-08-23	23	8	1988	5240279	5240279	PRESERVED_SPECIMEN	Université de Montréal Biodiversity Centre	CMMF	CMMF000343		Lamoureux, Yves		CC0_1_0	Université de Montréal Biodiversity Centre	Lamoureux, Yves			2024-01-24T16:38:20.806Z	StillImage	INSTITUTION_MATCH_FUZZY;COLLECTION_MATCH_FUZZY;DIFFERENT_OWNER_INSTITUTION
617551391	21705170-d2b6-42de-8904-c3bca4b83591	CMMF002686	Fungi	Basidiomycota	Agaricomycetes	Agaricales	Amanitaceae	Amanita	Amanita porphyria		SPECIES	Amanita porphyria Alb. & Schwein.	Amanita porphyria Alb. & Schwein.	Alb. & Schwein.	CA	Saint-Majorique	Québec	PRESENT		ff7bd5db-b724-4932-b496-10ea298851f9	45.931221	-72.584529	5000.0						1995-09-27	27	9	1995	5240279	5240279	PRESERVED_SPECIMEN	Université de Montréal Biodiversity Centre	CMMF	CMMF002686		Lamoureux, Yves		CC0_1_0	Université de Montréal Biodiversity Centre	Lamoureux, Yves			2024-01-24T16:38:20.352Z	StillImage	INSTITUTION_MATCH_FUZZY;COLLECTION_MATCH_FUZZY;DIFFERENT_OWNER_INSTITUTION
4994538492	50c9509d-22c7-4a22-a47d-8c48425ef4a7	https://www.inaturalist.org/observations/247841730	Fungi	Basidiomycota	Agaricomycetes	Agaricales	Amanitaceae	Amanita	Amanita porphyria		SPECIES	Amanita porphyria Alb. & Schwein.	Amanita porphyria		CA		New Brunswick	PRESENT		28eb1a3f-1c15-4a95-931a-4af90ecb574d	47.614012	-65.828181							2024-10-17T11:55:13	17	10	2024	5240279	5240279	HUMAN_OBSERVATION	iNaturalist	Observations	247841730		Lisa Martin	2024-10-18T00:24:56	CC_BY_NC_4_0	Lisa Martin	Lisa Martin			2025-01-14T12:54:40.347Z	StillImage	COORDINATE_ROUNDED;CONTINENT_DERIVED_FROM_COORDINATES;TAXON_MATCH_TAXON_ID_IGNORED
4994491722	50c9509d-22c7-4a22-a47d-8c48425ef4a7	https://www.inaturalist.org/observations/248181022	Fungi	Basidiomycota	Agaricomycetes	Agaricales	Amanitaceae	Amanita	Amanita porphyria		SPECIES	Amanita porphyria Alb. & Schwein.	Amanita porphyria		CA		New Brunswick	PRESENT		28eb1a3f-1c15-4a95-931a-4af90ecb574d	45.162925	-66.227193							2024-10-19T13:37:55	19	10	2024	5240279	5240279	HUMAN_OBSERVATION	iNaturalist	Observations	248181022		Andrew MacPherson	2024-10-20T01:12:42	CC0_1_0	Andrew MacPherson	Andrew MacPherson			2025-01-14T13:43:54.415Z	StillImage	COORDINATE_ROUNDED;CONTINENT_DERIVED_FROM_COORDINATES;TAXON_MATCH_TAXON_ID_IGNORED
4994443878	50c9509d-22c7-4a22-a47d-8c48425ef4a7	https://www.inaturalist.org/observations/242974291	Fungi	Basidiomycota	Agaricomycetes	Agaricales	Amanitaceae	Amanita	Amanita porphyria		SPECIES	Amanita porphyria Alb. & Schwein.	Amanita porphyria		CA		New Brunswick	PRESENT		28eb1a3f-1c15-4a95-931a-4af90ecb574d	45.922472	-66.647554							2024-09-20T11:51:57	20	9	2024	5240279	5240279	HUMAN_OBSERVATION	iNaturalist	Observations	242974291		Andrew MacPherson	2024-09-20T23:33:56	CC0_1_0	Andrew MacPherson	Andrew MacPherson			2025-01-14T13:43:28.328Z	StillImage	COORDINATE_ROUNDED;CONTINENT_DERIVED_FROM_COORDINATES;TAXON_MATCH_TAXON_ID_IGNORED
4994132047	50c9509d-22c7-4a22-a47d-8c48425ef4a7	https://www.inaturalist.org/observations/244991576	Fungi	Basidiomycota	Agaricomycetes	Agaricales	Amanitaceae	Amanita	Amanita porphyria		SPECIES	Amanita porphyria Alb. & Schwein.	Amanita porphyria		CA		Ontario	PRESENT		28eb1a3f-1c15-4a95-931a-4af90ecb574d	45.582199	-78.509239	110.0						2024-09-28T15:51	28	9	2024	5240279	5240279	HUMAN_OBSERVATION	iNaturalist	Observations	244991576		jonathan_mack	2024-09-30T23:59:56	CC_BY_NC_4_0	jonathan_mack	jonathan_mack			2025-01-14T12:52:28.416Z	StillImage	COORDINATE_ROUNDED;CONTINENT_DERIVED_FROM_COORDINATES;TAXON_MATCH_TAXON_ID_IGNORED
4994095981	50c9509d-22c7-4a22-a47d-8c48425ef4a7	https://www.inaturalist.org/observations/243397407	Fungi	Basidiomycota	Agaricomycetes	Agaricales	Amanitaceae	Amanita	Amanita porphyria		SPECIES	Amanita porphyria Alb. & Schwein.	Amanita porphyria		CA		New Brunswick	PRESENT		28eb1a3f-1c15-4a95-931a-4af90ecb574d	45.154796	-66.228271	175.0						2024-09-22T12:49:04	22	9	2024	5240279	5240279	HUMAN_OBSERVATION	iNaturalist	Observations	243397407		Toni Doucette	2024-09-22T18:06:06	CC_BY_NC_4_0	Toni Doucette	Toni Doucette			2025-01-14T13:37:44.021Z	StillImage	COORDINATE_ROUNDED;CONTINENT_DERIVED_FROM_COORDINATES;TAXON_MATCH_TAXON_ID_IGNORED
4994007350	50c9509d-22c7-4a22-a47d-8c48425ef4a7	https://www.inaturalist.org/observations/248146056	Fungi	Basidiomycota	Agaricomycetes	Agaricales	Amanitaceae	Amanita	Amanita porphyria		SPECIES	Amanita porphyria Alb. & Schwein.	Amanita porphyria		CA		New Brunswick	PRESENT		28eb1a3f-1c15-4a95-931a-4af90ecb574d	45.29457	-66.033669	180.0						2024-10-19T10:43:03	19	10	2024	5240279	5240279	HUMAN_OBSERVATION	iNaturalist	Observations	248146056		Toni Doucette	2024-10-19T21:09:11	CC_BY_NC_4_0	Toni Doucette	Toni Doucette			2025-01-14T12:53:27.309Z	StillImage	COORDINATE_ROUNDED;CONTINENT_DERIVED_FROM_COORDINATES;TAXON_MATCH_TAXON_ID_IGNORED
4976556587	50c9509d-22c7-4a22-a47d-8c48425ef4a7	https://www.inaturalist.org/observations/188717396	Fungi	Basidiomycota	Agaricomycetes	Agaricales	Amanitaceae	Amanita	Amanita porphyria		SPECIES	Amanita porphyria Alb. & Schwein.	Amanita porphyria		CA		Québec	PRESENT		28eb1a3f-1c15-4a95-931a-4af90ecb574d	45.661144	-74.245352	721.0						2023-10-21T10:14:04	21	10	2023	5240279	5240279	HUMAN_OBSERVATION	iNaturalist	Observations	188717396		Étienne Godin	2023-10-23T22:40:29	CC_BY_NC_4_0	Étienne Godin	Étienne Godin			2025-01-14T12:42:59.928Z	StillImage	COORDINATE_ROUNDED;CONTINENT_DERIVED_FROM_COORDINATES;TAXON_MATCH_TAXON_ID_IGNORED
4976275171	50c9509d-22c7-4a22-a47d-8c48425ef4a7	https://www.inaturalist.org/observations/185819135	Fungi	Basidiomycota	Agaricomycetes	Agaricales	Amanitaceae	Amanita	Amanita porphyria		SPECIES	Amanita porphyria Alb. & Schwein.	Amanita porphyria		CA		Québec	PRESENT		28eb1a3f-1c15-4a95-931a-4af90ecb574d	45.99704	-74.083574							2023-09-23T12:34	23	9	2023	5240279	5240279	HUMAN_OBSERVATION	iNaturalist	Observations	185819135		Paul Vézina	2023-10-01T22:43:59	CC_BY_NC_4_0	Paul Vézina	Paul Vézina			2025-01-14T13:30:14.796Z	StillImage	COORDINATE_ROUNDED;CONTINENT_DERIVED_FROM_COORDINATES;TAXON_MATCH_TAXON_ID_IGNORED
4950449860	50c9509d-22c7-4a22-a47d-8c48425ef4a7	https://www.inaturalist.org/observations/243163299	Fungi	Basidiomycota	Agaricomycetes	Agaricales	Amanitaceae	Amanita	Amanita porphyria		SPECIES	Amanita porphyria Alb. & Schwein.	Amanita porphyria		CA		Québec	PRESENT		28eb1a3f-1c15-4a95-931a-4af90ecb574d	46.308392	-73.095597	4.0						2024-09-21T11:55:35	21	9	2024	5240279	5240279	HUMAN_OBSERVATION	iNaturalist	Observations	243163299		Mical	2024-09-21T19:26:04	CC_BY_4_0	Mical	Mical			2025-01-14T13:43:12.173Z	StillImage	COORDINATE_ROUNDED;CONTINENT_DERIVED_FROM_COORDINATES;TAXON_MATCH_TAXON_ID_IGNORED
4937069311	50c9509d-22c7-4a22-a47d-8c48425ef4a7	https://www.inaturalist.org/observations/238698357	Fungi	Basidiomycota	Agaricomycetes	Agaricales	Amanitaceae	Amanita	Amanita porphyria		SPECIES	Amanita porphyria Alb. & Schwein.	Amanita porphyria		CA		Québec	PRESENT		28eb1a3f-1c15-4a95-931a-4af90ecb574d	49.88637	-74.395383							2024-08-29T17:09:55	29	8	2024	5240279	5240279	HUMAN_OBSERVATION	iNaturalist	Observations	238698357		Nali T.-Paradis	2024-08-30T01:15:33	CC_BY_NC_4_0	Nali T.-Paradis	Nali T.-Paradis			2025-01-14T12:52:34.278Z	StillImage	COORDINATE_ROUNDED;CONTINENT_DERIVED_FROM_COORDINATES;TAXON_MATCH_TAXON_ID_IGNORED
4923822992	50c9509d-22c7-4a22-a47d-8c48425ef4a7	https://www.inaturalist.org/observations/235331927	Fungi	Basidiomycota	Agaricomycetes	Agaricales	Amanitaceae	Amanita	Amanita porphyria		SPECIES	Amanita porphyria Alb. & Schwein.	Amanita porphyria		CA		New Brunswick	PRESENT		28eb1a3f-1c15-4a95-931a-4af90ecb574d	45.29457	-66.033669	184.0						2024-08-12T09:23:49	12	8	2024	5240279	5240279	HUMAN_OBSERVATION	iNaturalist	Observations	235331927		Toni Doucette	2024-08-12T13:54:43	CC_BY_NC_4_0	Toni Doucette	Toni Doucette			2025-01-14T13:42:38.643Z	StillImage	COORDINATE_ROUNDED;CONTINENT_DERIVED_FROM_COORDINATES;TAXON_MATCH_TAXON_ID_IGNORED
4535676637	50c9509d-22c7-4a22-a47d-8c48425ef4a7	https://www.inaturalist.org/observations/200780307	Fungi	Basidiomycota	Agaricomycetes	Agaricales	Amanitaceae	Amanita	Amanita porphyria		SPECIES	Amanita porphyria Alb. & Schwein.	Amanita porphyria		CA		New Brunswick	PRESENT		28eb1a3f-1c15-4a95-931a-4af90ecb574d	45.999859	-66.763938	4.0						2023-09-04T15:18	4	9	2023	5240279	5240279	HUMAN_OBSERVATION	iNaturalist	Observations	200780307		Dwayne Sabine	2024-02-29T02:19:37	CC_BY_NC_4_0	Dwayne Sabine	Dwayne Sabine			2025-01-14T13:44:09.771Z	StillImage	COORDINATE_ROUNDED;CONTINENT_DERIVED_FROM_COORDINATES;TAXON_MATCH_TAXON_ID_IGNORED
4500525690	50c9509d-22c7-4a22-a47d-8c48425ef4a7	https://www.inaturalist.org/observations/192880818	Fungi	Basidiomycota	Agaricomycetes	Agaricales	Amanitaceae	Amanita	Amanita porphyria		SPECIES	Amanita porphyria Alb. & Schwein.	Amanita porphyria		CA		Québec	PRESENT		28eb1a3f-1c15-4a95-931a-4af90ecb574d	47.330336	-71.290978	26871.0						2023-10-01T12:13:57	1	10	2023	5240279	5240279	HUMAN_OBSERVATION	iNaturalist	Observations	192880818		Holly Jones	2023-12-10T01:28:21	CC_BY_NC_4_0	Alex Wittemeier	Alex Wittemeier			2025-01-14T13:30:35.541Z	StillImage	COORDINATE_ROUNDED;CONTINENT_DERIVED_FROM_COORDINATES;TAXON_MATCH_TAXON_ID_IGNORED
4458616727	50c9509d-22c7-4a22-a47d-8c48425ef4a7	https://www.inaturalist.org/observations/138209956	Fungi	Basidiomycota	Agaricomycetes	Agaricales	Amanitaceae	Amanita	Amanita porphyria		SPECIES	Amanita porphyria Alb. & Schwein.	Amanita porphyria		CA		New Brunswick	PRESENT		28eb1a3f-1c15-4a95-931a-4af90ecb574d	46.087762	-64.778231	12265.0						2022-09-28T14:48:46	28	9	2022	5240279	5240279	HUMAN_OBSERVATION	iNaturalist	Observations	138209956		peoplemcnuggett	2022-10-10T02:19:30	CC_BY_NC_4_0	peoplemcnuggett	peoplemcnuggett			2025-01-14T13:32:48.525Z	StillImage	COORDINATE_ROUNDED;CONTINENT_DERIVED_FROM_COORDINATES;TAXON_MATCH_TAXON_ID_IGNORED
4458611236	50c9509d-22c7-4a22-a47d-8c48425ef4a7	https://www.inaturalist.org/observations/187519033	Fungi	Basidiomycota	Agaricomycetes	Agaricales	Amanitaceae	Amanita	Amanita porphyria		SPECIES	Amanita porphyria Alb. & Schwein.	Amanita porphyria		CA		New Brunswick	PRESENT		28eb1a3f-1c15-4a95-931a-4af90ecb574d	45.166611	-66.22256							2023-10-14T12:52:42	14	10	2023	5240279	5240279	HUMAN_OBSERVATION	iNaturalist	Observations	187519033		Andrew MacPherson	2023-10-14T18:39:09	CC0_1_0	Andrew MacPherson	Andrew MacPherson			2025-01-14T13:34:53.829Z	StillImage	COORDINATE_ROUNDED;CONTINENT_DERIVED_FROM_COORDINATES;TAXON_MATCH_TAXON_ID_IGNORED
4458609145	50c9509d-22c7-4a22-a47d-8c48425ef4a7	https://www.inaturalist.org/observations/182806570	Fungi	Basidiomycota	Agaricomycetes	Agaricales	Amanitaceae	Amanita	Amanita porphyria		SPECIES	Amanita porphyria Alb. & Schwein.	Amanita porphyria		CA		New Brunswick	PRESENT		28eb1a3f-1c15-4a95-931a-4af90ecb574d	45.684235	-65.265962	107.0						2023-09-07T14:08:11	7	9	2023	5240279	5240279	HUMAN_OBSERVATION	iNaturalist	Observations	182806570		Abby Lamrock	2023-09-11T14:02:09	CC_BY_NC_4_0	Abby Lamrock	Abby Lamrock			2025-01-14T13:33:17.940Z	StillImage	COORDINATE_ROUNDED;CONTINENT_DERIVED_FROM_COORDINATES;TAXON_MATCH_TAXON_ID_IGNORED
4458584296	50c9509d-22c7-4a22-a47d-8c48425ef4a7	https://www.inaturalist.org/observations/188430304	Fungi	Basidiomycota	Agaricomycetes	Agaricales	Amanitaceae	Amanita	Amanita porphyria		SPECIES	Amanita porphyria Alb. & Schwein.	Amanita porphyria		CA		New Brunswick	PRESENT		28eb1a3f-1c15-4a95-931a-4af90ecb574d	45.287968	-66.058045	184.0						2023-10-21T11:01:23	21	10	2023	5240279	5240279	HUMAN_OBSERVATION	iNaturalist	Observations	188430304		Toni Doucette	2023-10-21T21:13:28	CC_BY_NC_4_0	Toni Doucette	Toni Doucette			2025-01-14T13:34:04.050Z	StillImage	COORDINATE_ROUNDED;CONTINENT_DERIVED_FROM_COORDINATES;TAXON_MATCH_TAXON_ID_IGNORED
4458574266	50c9509d-22c7-4a22-a47d-8c48425ef4a7	https://www.inaturalist.org/observations/188420316	Fungi	Basidiomycota	Agaricomycetes	Agaricales	Amanitaceae	Amanita	Amanita porphyria		SPECIES	Amanita porphyria Alb. & Schwein.	Amanita porphyria		CA		New Brunswick	PRESENT		28eb1a3f-1c15-4a95-931a-4af90ecb574d	45.287968	-66.058045	184.0						2023-10-21T13:33:50	21	10	2023	5240279	5240279	HUMAN_OBSERVATION	iNaturalist	Observations	188420316		Toni Doucette	2023-10-21T19:53:42	CC_BY_NC_4_0	Toni Doucette	Toni Doucette			2025-01-14T12:42:52.728Z	StillImage	COORDINATE_ROUNDED;CONTINENT_DERIVED_FROM_COORDINATES;TAXON_MATCH_TAXON_ID_IGNORED
4458570673	50c9509d-22c7-4a22-a47d-8c48425ef4a7	https://www.inaturalist.org/observations/132602615	Fungi	Basidiomycota	Agaricomycetes	Agaricales	Amanitaceae	Amanita	Amanita porphyria		SPECIES	Amanita porphyria Alb. & Schwein.	Amanita porphyria		CA		New Brunswick	PRESENT		28eb1a3f-1c15-4a95-931a-4af90ecb574d	46.324571	-64.586467	7.0						2022-08-28T12:48:36	28	8	2022	5240279	5240279	HUMAN_OBSERVATION	iNaturalist	Observations	132602615		Guylaine Jean-Gagnon	2022-08-28T15:49:33	CC_BY_NC_4_0	Guylaine Jean-Gagnon	Guylaine Jean-Gagnon			2025-01-14T13:25:02.803Z	StillImage	COORDINATE_ROUNDED;CONTINENT_DERIVED_FROM_COORDINATES;TAXON_MATCH_TAXON_ID_IGNORED
4458419345	50c9509d-22c7-4a22-a47d-8c48425ef4a7	https://www.inaturalist.org/observations/187888805	Fungi	Basidiomycota	Agaricomycetes	Agaricales	Amanitaceae	Amanita	Amanita porphyria		SPECIES	Amanita porphyria Alb. & Schwein.	Amanita porphyria		CA		New Brunswick	PRESENT		28eb1a3f-1c15-4a95-931a-4af90ecb574d	45.29457	-66.033669	184.0						2023-09-25	25	9	2023	5240279	5240279	HUMAN_OBSERVATION	iNaturalist	Observations	187888805		Toni Doucette	2023-10-17T11:27:48	CC_BY_NC_4_0	Toni Doucette	Toni Doucette			2025-01-14T12:42:50.431Z	StillImage	COORDINATE_ROUNDED;CONTINENT_DERIVED_FROM_COORDINATES;TAXON_MATCH_TAXON_ID_IGNORED
4458359285	50c9509d-22c7-4a22-a47d-8c48425ef4a7	https://www.inaturalist.org/observations/187970902	Fungi	Basidiomycota	Agaricomycetes	Agaricales	Amanitaceae	Amanita	Amanita porphyria		SPECIES	Amanita porphyria Alb. & Schwein.	Amanita porphyria		CA		New Brunswick	PRESENT		28eb1a3f-1c15-4a95-931a-4af90ecb574d	45.29457	-66.033669	184.0						2023-10-03	3	10	2023	5240279	5240279	HUMAN_OBSERVATION	iNaturalist	Observations	187970902		Toni Doucette	2023-10-18T00:57:59	CC_BY_NC_4_0	Toni Doucette	Toni Doucette			2025-01-14T12:42:41.270Z	StillImage	COORDINATE_ROUNDED;CONTINENT_DERIVED_FROM_COORDINATES;TAXON_MATCH_TAXON_ID_IGNORED
4458349118	50c9509d-22c7-4a22-a47d-8c48425ef4a7	https://www.inaturalist.org/observations/181677619	Fungi	Basidiomycota	Agaricomycetes	Agaricales	Amanitaceae	Amanita	Amanita porphyria		SPECIES	Amanita porphyria Alb. & Schwein.	Amanita porphyria		CA		New Brunswick	PRESENT		28eb1a3f-1c15-4a95-931a-4af90ecb574d	45.904575	-64.36248	204.0						2023-09-03T14:01:45	3	9	2023	5240279	5240279	HUMAN_OBSERVATION	iNaturalist	Observations	181677619		Laura O'Connor	2023-09-04T02:19:38	CC_BY_NC_4_0	Laura O'Connor	Laura O'Connor			2025-01-14T12:40:08.292Z	StillImage	CONTINENT_DERIVED_FROM_COORDINATES;TAXON_MATCH_TAXON_ID_IGNORED
4458343693	50c9509d-22c7-4a22-a47d-8c48425ef4a7	https://www.inaturalist.org/observations/141087859	Fungi	Basidiomycota	Agaricomycetes	Agaricales	Amanitaceae	Amanita	Amanita porphyria		SPECIES	Amanita porphyria Alb. & Schwein.	Amanita porphyria		CA		New Brunswick	PRESENT		28eb1a3f-1c15-4a95-931a-4af90ecb574d	45.5415	-65.0311							2021-09-29	29	9	2021	5240279	5240279	HUMAN_OBSERVATION	iNaturalist	Observations	141087859		Alex Hood	2022-11-04T18:26:02	CC_BY_NC_4_0	Alex Hood	Alex Hood			2025-01-14T12:32:27.047Z	StillImage	CONTINENT_DERIVED_FROM_COORDINATES;TAXON_MATCH_TAXON_ID_IGNORED
4458340192	50c9509d-22c7-4a22-a47d-8c48425ef4a7	https://www.inaturalist.org/observations/183115897	Fungi	Basidiomycota	Agaricomycetes	Agaricales	Amanitaceae	Amanita	Amanita porphyria		SPECIES	Amanita porphyria Alb. & Schwein.	Amanita porphyria		CA		New Brunswick	PRESENT		28eb1a3f-1c15-4a95-931a-4af90ecb574d	45.684291	-65.264679	82.0						2023-09-07T14:09:43	7	9	2023	5240279	5240279	HUMAN_OBSERVATION	iNaturalist	Observations	183115897		earthdream	2023-09-13T18:54:07	CC_BY_NC_4_0	earthdream	earthdream			2025-01-14T12:40:12.921Z	StillImage	COORDINATE_ROUNDED;CONTINENT_DERIVED_FROM_COORDINATES;TAXON_MATCH_TAXON_ID_IGNORED
4458336238	50c9509d-22c7-4a22-a47d-8c48425ef4a7	https://www.inaturalist.org/observations/188008525	Fungi	Basidiomycota	Agaricomycetes	Agaricales	Amanitaceae	Amanita	Amanita porphyria		SPECIES	Amanita porphyria Alb. & Schwein.	Amanita porphyria		CA		New Brunswick	PRESENT		28eb1a3f-1c15-4a95-931a-4af90ecb574d	45.437965	-66.045922	215.0						2023-09-13	13	9	2023	5240279	5240279	HUMAN_OBSERVATION	iNaturalist	Observations	188008525		Toni Doucette	2023-10-18T11:55:33	CC_BY_NC_4_0	Toni Doucette	Toni Doucette			2025-01-14T13:28:19.300Z	StillImage	COORDINATE_ROUNDED;CONTINENT_DERIVED_FROM_COORDINATES;TAXON_MATCH_TAXON_ID_IGNORED
4431244425	50c9509d-22c7-4a22-a47d-8c48425ef4a7	https://www.inaturalist.org/observations/188384964	Fungi	Basidiomycota	Agaricomycetes	Agaricales	Amanitaceae	Amanita	Amanita porphyria		SPECIES	Amanita porphyria Alb. & Schwein.	Amanita porphyria		CA		Québec	PRESENT		28eb1a3f-1c15-4a95-931a-4af90ecb574d	45.660204	-74.246258	404.0						2023-10-14T10:39	14	10	2023	5240279	5240279	HUMAN_OBSERVATION	iNaturalist	Observations	188384964		Antoine Fortin	2023-10-21T15:00:42	CC_BY_NC_4_0	Antoine Fortin	Antoine Fortin			2025-01-14T13:28:26.426Z	StillImage	COORDINATE_ROUNDED;CONTINENT_DERIVED_FROM_COORDINATES;TAXON_MATCH_TAXON_ID_IGNORED
4430730388	50c9509d-22c7-4a22-a47d-8c48425ef4a7	https://www.inaturalist.org/observations/187971370	Fungi	Basidiomycota	Agaricomycetes	Agaricales	Amanitaceae	Amanita	Amanita porphyria		SPECIES	Amanita porphyria Alb. & Schwein.	Amanita porphyria		CA		New Brunswick	PRESENT		28eb1a3f-1c15-4a95-931a-4af90ecb574d	45.29457	-66.033669	184.0						2023-10-06T11:43	6	10	2023	5240279	5240279	HUMAN_OBSERVATION	iNaturalist	Observations	187971370		Toni Doucette	2023-10-18T01:02:59	CC_BY_NC_4_0	Toni Doucette	Toni Doucette			2025-01-14T12:42:33.825Z	StillImage	COORDINATE_ROUNDED;CONTINENT_DERIVED_FROM_COORDINATES;TAXON_MATCH_TAXON_ID_IGNORED
4424343053	50c9509d-22c7-4a22-a47d-8c48425ef4a7	https://www.inaturalist.org/observations/186687723	Fungi	Basidiomycota	Agaricomycetes	Agaricales	Amanitaceae	Amanita	Amanita porphyria		SPECIES	Amanita porphyria Alb. & Schwein.	Amanita porphyria		CA		New Brunswick	PRESENT		28eb1a3f-1c15-4a95-931a-4af90ecb574d	46.016663	-66.62583	343.0						2023-10-07T08:57:47	7	10	2023	5240279	5240279	HUMAN_OBSERVATION	iNaturalist	Observations	186687723		peoplemcnuggett	2023-10-08T13:23:51	CC_BY_NC_4_0	peoplemcnuggett	peoplemcnuggett			2025-01-14T13:33:21.039Z	StillImage	COORDINATE_ROUNDED;CONTINENT_DERIVED_FROM_COORDINATES;TAXON_MATCH_TAXON_ID_IGNORED
4424237078	50c9509d-22c7-4a22-a47d-8c48425ef4a7	https://www.inaturalist.org/observations/186570416	Fungi	Basidiomycota	Agaricomycetes	Agaricales	Amanitaceae	Amanita	Amanita porphyria		SPECIES	Amanita porphyria Alb. & Schwein.	Amanita porphyria		CA		New Brunswick	PRESENT		28eb1a3f-1c15-4a95-931a-4af90ecb574d	46.007968	-66.626784							2023-10-07T12:10:42	7	10	2023	5240279	5240279	HUMAN_OBSERVATION	iNaturalist	Observations	186570416		Andrew MacPherson	2023-10-07T17:46:09	CC0_1_0	Andrew MacPherson	Andrew MacPherson			2025-01-14T13:28:09.450Z	StillImage	COORDINATE_ROUNDED;CONTINENT_DERIVED_FROM_COORDINATES;TAXON_MATCH_TAXON_ID_IGNORED
4416670555	50c9509d-22c7-4a22-a47d-8c48425ef4a7	https://www.inaturalist.org/observations/184191616	Fungi	Basidiomycota	Agaricomycetes	Agaricales	Amanitaceae	Amanita	Amanita porphyria		SPECIES	Amanita porphyria Alb. & Schwein.	Amanita porphyria		CA		Québec	PRESENT		28eb1a3f-1c15-4a95-931a-4af90ecb574d	45.3587	-72.242714	16.0						2023-09-15T11:20	15	9	2023	5240279	5240279	HUMAN_OBSERVATION	iNaturalist	Observations	184191616		gabboilard	2023-09-20T23:48:03	CC_BY_NC_4_0	gabboilard	gabboilard			2025-01-14T12:41:13.161Z	StillImage	COORDINATE_ROUNDED;CONTINENT_DERIVED_FROM_COORDINATES;TAXON_MATCH_TAXON_ID_IGNORED
4166391811	695cef75-b65f-4776-b2ed-74565eebb16e	02-01000939197	Fungi	Basidiomycota	Agaricomycetes	Agaricales	Amanitaceae	Amanita	Amanita porphyria		SPECIES	Amanita porphyria Alb. & Schwein.	Amanita porphyria	Alb. & Schwein.	CA	Booth's Rock Trail	Ontario	PRESENT		055bd978-2daa-4543-b3f0-44e0e87e86ca	45.5125	-78.391667							1974-08-30	30	8	1974	5240279	5240279	PRESERVED_SPECIMEN	AAFC	DAOM	186760		D. Malloch		CC_BY_4_0	©His Majesty the King in Right of Canada, as represented by the Minister of Agriculture and Agri-Food	P. Johnson			2025-01-12T05:11:15.992Z		GEODETIC_DATUM_ASSUMED_WGS84;CONTINENT_DERIVED_FROM_COORDINATES;TAXON_MATCH_TAXON_ID_IGNORED;INSTITUTION_MATCH_FUZZY
4166381803	695cef75-b65f-4776-b2ed-74565eebb16e	02-01000939198	Fungi	Basidiomycota	Agaricomycetes	Agaricales	Amanitaceae	Amanita	Amanita porphyria		SPECIES	Amanita porphyria Alb. & Schwein.	Amanita porphyria ?		CA	towards S Madawaska River from L. of 2 R.s Airfield	Ontario	PRESENT		055bd978-2daa-4543-b3f0-44e0e87e86ca	45.566667	-78.516667							1977-09-03	3	9	1977	5240279	5240279	PRESERVED_SPECIMEN	AAFC	DAOM	186822		S.A. Redhead		CC_BY_4_0	©His Majesty the King in Right of Canada, as represented by the Minister of Agriculture and Agri-Food	G. Thorn			2025-01-12T05:11:15.992Z		GEODETIC_DATUM_ASSUMED_WGS84;CONTINENT_DERIVED_FROM_COORDINATES;INSTITUTION_MATCH_FUZZY
4166265056	695cef75-b65f-4776-b2ed-74565eebb16e	02-01000939200	Fungi	Basidiomycota	Agaricomycetes	Agaricales	Amanitaceae	Amanita	Amanita porphyria		SPECIES	Amanita porphyria Alb. & Schwein.	Amanita porphyria	Alb. & Schwein.	CA	South Tea Lake Dam	Ontario	PRESENT		055bd978-2daa-4543-b3f0-44e0e87e86ca	45.495833	-78.75							1977-09-09	9	9	1977	5240279	5240279	PRESERVED_SPECIMEN	AAFC	DAOM	186829		Conf. S.A. Redhead		CC_BY_4_0	©His Majesty the King in Right of Canada, as represented by the Minister of Agriculture and Agri-Food	G. Thorn			2025-01-12T05:11:16.038Z		GEODETIC_DATUM_ASSUMED_WGS84;CONTINENT_DERIVED_FROM_COORDINATES;TAXON_MATCH_TAXON_ID_IGNORED;INSTITUTION_MATCH_FUZZY
4046536583	50c9509d-22c7-4a22-a47d-8c48425ef4a7	https://www.inaturalist.org/observations/141628361	Fungi	Basidiomycota	Agaricomycetes	Agaricales	Amanitaceae	Amanita	Amanita porphyria		SPECIES	Amanita porphyria Alb. & Schwein.	Amanita porphyria		CA		New Brunswick	PRESENT		28eb1a3f-1c15-4a95-931a-4af90ecb574d	45.639614	-65.125947	24.0						2021-09-08T15:25	8	9	2021	5240279	5240279	HUMAN_OBSERVATION	iNaturalist	Observations	141628361		Alfredo Justo	2022-11-10T18:22:44	CC_BY_NC_4_0	Alfredo Justo	Alfredo Justo			2025-01-14T13:26:09.468Z	StillImage	COORDINATE_ROUNDED;CONTINENT_DERIVED_FROM_COORDINATES;TAXON_MATCH_TAXON_ID_IGNORED
4046454346	50c9509d-22c7-4a22-a47d-8c48425ef4a7	https://www.inaturalist.org/observations/34842771	Fungi	Basidiomycota	Agaricomycetes	Agaricales	Amanitaceae	Amanita	Amanita porphyria		SPECIES	Amanita porphyria Alb. & Schwein.	Amanita porphyria		CA		New Brunswick	PRESENT		28eb1a3f-1c15-4a95-931a-4af90ecb574d	45.290172	-66.054458	26.0						2019-10-24T09:42	24	10	2019	5240279	5240279	HUMAN_OBSERVATION	iNaturalist	Observations	34842771		Alfredo Justo	2019-10-24T20:05:22	CC_BY_NC_4_0	Alfredo Justo	Alfredo Justo			2025-01-14T12:09:42.425Z	StillImage	COORDINATE_ROUNDED;CONTINENT_DERIVED_FROM_COORDINATES;TAXON_MATCH_TAXON_ID_IGNORED
4046221598	50c9509d-22c7-4a22-a47d-8c48425ef4a7	https://www.inaturalist.org/observations/141714892	Fungi	Basidiomycota	Agaricomycetes	Agaricales	Amanitaceae	Amanita	Amanita porphyria		SPECIES	Amanita porphyria Alb. & Schwein.	Amanita porphyria		CA		New Brunswick	PRESENT		28eb1a3f-1c15-4a95-931a-4af90ecb574d	45.156006	-66.226364	70.0						2021-10-21T09:19	21	10	2021	5240279	5240279	HUMAN_OBSERVATION	iNaturalist	Observations	141714892		Alfredo Justo	2022-11-11T19:00:30	CC_BY_NC_4_0	Alfredo Justo	Alfredo Justo			2025-01-14T13:18:59.442Z	StillImage	COORDINATE_ROUNDED;CONTINENT_DERIVED_FROM_COORDINATES;TAXON_MATCH_TAXON_ID_IGNORED
3966596790	50c9509d-22c7-4a22-a47d-8c48425ef4a7	https://www.inaturalist.org/observations/141579209	Fungi	Basidiomycota	Agaricomycetes	Agaricales	Amanitaceae	Amanita	Amanita porphyria		SPECIES	Amanita porphyria Alb. & Schwein.	Amanita porphyria		CA		New Brunswick	PRESENT		28eb1a3f-1c15-4a95-931a-4af90ecb574d	45.484058	-65.264717	4.0						2021-08-25T11:13	25	8	2021	5240279	5240279	HUMAN_OBSERVATION	iNaturalist	Observations	141579209		Alfredo Justo	2022-11-10T01:48:07	CC_BY_NC_4_0	Alfredo Justo	Alfredo Justo			2025-01-14T12:32:59.868Z	StillImage	COORDINATE_ROUNDED;CONTINENT_DERIVED_FROM_COORDINATES;TAXON_MATCH_TAXON_ID_IGNORED
3915436812	50c9509d-22c7-4a22-a47d-8c48425ef4a7	https://www.inaturalist.org/observations/134965499	Fungi	Basidiomycota	Agaricomycetes	Agaricales	Amanitaceae	Amanita	Amanita porphyria		SPECIES	Amanita porphyria Alb. & Schwein.	Amanita porphyria		CA		New Brunswick	PRESENT		28eb1a3f-1c15-4a95-931a-4af90ecb574d	45.212887	-66.142267	70.0						2022-09-13T11:54:34	13	9	2022	5240279	5240279	HUMAN_OBSERVATION	iNaturalist	Observations	134965499		Alfredo Justo	2022-09-22T16:18:06	CC_BY_NC_4_0	Derek Dunnett	Derek Dunnett			2025-01-14T12:32:15.943Z	StillImage	COORDINATE_ROUNDED;CONTINENT_DERIVED_FROM_COORDINATES;TAXON_MATCH_TAXON_ID_IGNORED
3902552695	50c9509d-22c7-4a22-a47d-8c48425ef4a7	https://www.inaturalist.org/observations/131267114	Fungi	Basidiomycota	Agaricomycetes	Agaricales	Amanitaceae	Amanita	Amanita porphyria		SPECIES	Amanita porphyria Alb. & Schwein.	Amanita porphyria		CA		New Brunswick	PRESENT		28eb1a3f-1c15-4a95-931a-4af90ecb574d	46.850819	-66.613092	6.0						2022-08-17T09:30	17	8	2022	5240279	5240279	HUMAN_OBSERVATION	iNaturalist	Observations	131267114		Stephen Russell	2023-02-03T02:57:07	CC_BY_NC_4_0	Alfredo Justo	Alfredo Justo			2025-01-14T12:31:33.090Z	StillImage	COORDINATE_ROUNDED;CONTINENT_DERIVED_FROM_COORDINATES;TAXON_MATCH_TAXON_ID_IGNORED
3902460750	50c9509d-22c7-4a22-a47d-8c48425ef4a7	https://www.inaturalist.org/observations/131269878	Fungi	Basidiomycota	Agaricomycetes	Agaricales	Amanitaceae	Amanita	Amanita porphyria		SPECIES	Amanita porphyria Alb. & Schwein.	Amanita porphyria		CA		New Brunswick	PRESENT		28eb1a3f-1c15-4a95-931a-4af90ecb574d	46.850647	-66.613275	14.0						2022-08-17T09:48	17	8	2022	5240279	5240279	HUMAN_OBSERVATION	iNaturalist	Observations	131269878		Alfredo Justo	2022-08-17T23:54:00	CC_BY_NC_4_0	Alfredo Justo	Alfredo Justo			2025-01-14T13:24:35.250Z	StillImage	COORDINATE_ROUNDED;CONTINENT_DERIVED_FROM_COORDINATES;TAXON_MATCH_TAXON_ID_IGNORED
3817758504	d8cd16ba-bb74-4420-821e-083f2bac17c2	JN029367	Fungi	Basidiomycota	Agaricomycetes	Agaricales	Amanitaceae	Amanita	Amanita porphyria		SPECIES	Amanita porphyria Alb. & Schwein.	Amanita porphyria		CA	Ontario, Wildlife Research Station, Algonquin Provincial Park		PRESENT		ada9d123-ddb4-467d-8891-806ea8d94230	45.61	-78.53							2007-10-02	2	10	2007	5240279	5240279	PRESERVED_SPECIMEN			TRTC156945		Bryn T. M. Dentinger		CC_BY_4_0		Bryn Dentinger, Maryna Didukh			2025-01-18T13:03:52.507Z		GEODETIC_DATUM_ASSUMED_WGS84;CONTINENT_DERIVED_FROM_COORDINATES;TAXON_MATCH_TAXON_CONCEPT_ID_IGNORED;TAXON_MATCH_TAXON_ID_IGNORED
3456566645	50c9509d-22c7-4a22-a47d-8c48425ef4a7	https://www.inaturalist.org/observations/104194335	Fungi	Basidiomycota	Agaricomycetes	Agaricales	Amanitaceae	Amanita	Amanita porphyria		SPECIES	Amanita porphyria Alb. & Schwein.	Amanita porphyria		CA		New Brunswick	PRESENT		28eb1a3f-1c15-4a95-931a-4af90ecb574d	46.389245	-64.618661	8.0						2021-10-02T14:24	2	10	2021	5240279	5240279	HUMAN_OBSERVATION	iNaturalist	Observations	104194335		Stuart Tingley	2022-01-02T17:34:52	CC_BY_NC_4_0	Stuart Tingley	Stuart Tingley			2025-01-14T13:26:03.489Z	StillImage	COORDINATE_ROUNDED;CONTINENT_DERIVED_FROM_COORDINATES;TAXON_MATCH_TAXON_ID_IGNORED
3455911079	50c9509d-22c7-4a22-a47d-8c48425ef4a7	https://www.inaturalist.org/observations/102891546	Fungi	Basidiomycota	Agaricomycetes	Agaricales	Amanitaceae	Amanita	Amanita porphyria		SPECIES	Amanita porphyria Alb. & Schwein.	Amanita porphyria		CA		New Brunswick	PRESENT		28eb1a3f-1c15-4a95-931a-4af90ecb574d	46.243309	-64.936415	426.0						2021-09-28T13:31	28	9	2021	5240279	5240279	HUMAN_OBSERVATION	iNaturalist	Observations	102891546		Stuart Tingley	2021-12-11T21:49:41	CC_BY_NC_4_0	Stuart Tingley	Stuart Tingley			2025-01-14T12:24:08.427Z	StillImage	COORDINATE_ROUNDED;CONTINENT_DERIVED_FROM_COORDINATES;TAXON_MATCH_TAXON_ID_IGNORED
3455829407	50c9509d-22c7-4a22-a47d-8c48425ef4a7	https://www.inaturalist.org/observations/102203486	Fungi	Basidiomycota	Agaricomycetes	Agaricales	Amanitaceae	Amanita	Amanita porphyria		SPECIES	Amanita porphyria Alb. & Schwein.	Amanita porphyria		CA		New Brunswick	PRESENT		28eb1a3f-1c15-4a95-931a-4af90ecb574d	46.338351	-64.658862	122.0						2021-09-24T14:03	24	9	2021	5240279	5240279	HUMAN_OBSERVATION	iNaturalist	Observations	102203486		Stuart Tingley	2021-11-29T23:17:30	CC_BY_NC_4_0	Stuart Tingley	Stuart Tingley			2025-01-14T13:15:59.614Z	StillImage	COORDINATE_ROUNDED;CONTINENT_DERIVED_FROM_COORDINATES;TAXON_MATCH_TAXON_ID_IGNORED
3416131913	50c9509d-22c7-4a22-a47d-8c48425ef4a7	https://www.inaturalist.org/observations/101125029	Fungi	Basidiomycota	Agaricomycetes	Agaricales	Amanitaceae	Amanita	Amanita porphyria		SPECIES	Amanita porphyria Alb. & Schwein.	Amanita porphyria		CA		Nova Scotia	PRESENT		28eb1a3f-1c15-4a95-931a-4af90ecb574d	45.646389	-64.051667							2021-10-19T19:00:37	19	10	2021	5240279	5240279	HUMAN_OBSERVATION	iNaturalist	Observations	101125029		Steve	2021-11-14T19:43:52	CC_BY_NC_4_0	Steve	Steve			2025-01-14T13:17:12.129Z	StillImage	COORDINATE_ROUNDED;CONTINENT_DERIVED_FROM_COORDINATES;TAXON_MATCH_TAXON_ID_IGNORED
3384858637	50c9509d-22c7-4a22-a47d-8c48425ef4a7	https://www.inaturalist.org/observations/97491341	Fungi	Basidiomycota	Agaricomycetes	Agaricales	Amanitaceae	Amanita	Amanita porphyria		SPECIES	Amanita porphyria Alb. & Schwein.	Amanita porphyria		CA		New Brunswick	PRESENT		28eb1a3f-1c15-4a95-931a-4af90ecb574d	45.945556	-64.405556							2021-09-25T09:54	25	9	2021	5240279	5240279	HUMAN_OBSERVATION	iNaturalist	Observations	97491341		Erlon Bailey	2021-10-08T13:13:43	CC_BY_4_0	Claire Moxon-Waltz	Claire Moxon-Waltz			2025-01-14T12:22:37.156Z	StillImage	COORDINATE_ROUNDED;CONTINENT_DERIVED_FROM_COORDINATES;TAXON_MATCH_TAXON_ID_IGNORED
3349385481	d8cd16ba-bb74-4420-821e-083f2bac17c2	MN992299	Fungi	Basidiomycota	Agaricomycetes	Agaricales	Amanitaceae	Amanita	Amanita porphyria		SPECIES	Amanita porphyria Alb. & Schwein.	Amanita porphyria		CA	Quebec, Anticosti		PRESENT		ada9d123-ddb4-467d-8891-806ea8d94230	49.88	-64.18							2015-09-07	7	9	2015	5240279	5240279	PRESERVED_SPECIMEN			ANT031-QFB28606		Renee Lebeuf		CC_BY_4_0		Lebeuf, R.			2025-01-18T13:04:48.490Z		GEODETIC_DATUM_ASSUMED_WGS84;CONTINENT_DERIVED_FROM_COORDINATES;TAXON_MATCH_TAXON_CONCEPT_ID_IGNORED;TAXON_MATCH_TAXON_ID_IGNORED
3349259679	d8cd16ba-bb74-4420-821e-083f2bac17c2	MN992298	Fungi	Basidiomycota	Agaricomycetes	Agaricales	Amanitaceae	Amanita	Amanita porphyria		SPECIES	Amanita porphyria Alb. & Schwein.	Amanita porphyria		CA	Quebec, Anticosti		PRESENT		ada9d123-ddb4-467d-8891-806ea8d94230	49.83	-64.34							2015-09-08	8	9	2015	5240279	5240279	PRESERVED_SPECIMEN			ANT156-QFB28558		Pauline Dube		CC_BY_4_0		Lebeuf, R.			2025-01-18T13:04:48.491Z		GEODETIC_DATUM_ASSUMED_WGS84;CONTINENT_DERIVED_FROM_COORDINATES;TAXON_MATCH_TAXON_CONCEPT_ID_IGNORED;TAXON_MATCH_TAXON_ID_IGNORED
3346884684	d8cd16ba-bb74-4420-821e-083f2bac17c2	JN029366	Fungi	Basidiomycota	Agaricomycetes	Agaricales	Amanitaceae	Amanita	Amanita porphyria		SPECIES	Amanita porphyria Alb. & Schwein.	Amanita porphyria		CA	Ontario, Wildlife Research Station, Algonquin Provincial Park		PRESENT		ada9d123-ddb4-467d-8891-806ea8d94230	45.6	-78.52							2007-09-29	29	9	2007	5240279	5240279	PRESERVED_SPECIMEN			TRTC156850		Bryn T. M. Dentinger		CC_BY_4_0		Bryn Dentinger, Maryna Didukh			2025-01-18T13:03:52.479Z		GEODETIC_DATUM_ASSUMED_WGS84;CONTINENT_DERIVED_FROM_COORDINATES;TAXON_MATCH_TAXON_CONCEPT_ID_IGNORED;TAXON_MATCH_TAXON_ID_IGNORED
3058986142	50c9509d-22c7-4a22-a47d-8c48425ef4a7	https://www.inaturalist.org/observations/70769953	Fungi	Basidiomycota	Agaricomycetes	Agaricales	Amanitaceae	Amanita	Amanita porphyria		SPECIES	Amanita porphyria Alb. & Schwein.	Amanita porphyria		CA		Ontario	PRESENT		28eb1a3f-1c15-4a95-931a-4af90ecb574d	45.833332	-78.483494	61355.0						2016-09-16T10:42	16	9	2016	5240279	5240279	HUMAN_OBSERVATION	iNaturalist	Observations	70769953		Garrett Taylor	2021-03-07T21:42:59	CC0_1_0	Garrett Taylor	Garrett Taylor			2025-01-14T13:15:17.550Z	StillImage	COORDINATE_ROUNDED;CONTINENT_DERIVED_FROM_COORDINATES;TAXON_MATCH_TAXON_ID_IGNORED
3058730034	50c9509d-22c7-4a22-a47d-8c48425ef4a7	https://www.inaturalist.org/observations/70769975	Fungi	Basidiomycota	Agaricomycetes	Agaricales	Amanitaceae	Amanita	Amanita porphyria		SPECIES	Amanita porphyria Alb. & Schwein.	Amanita porphyria		CA		Ontario	PRESENT		28eb1a3f-1c15-4a95-931a-4af90ecb574d	45.833332	-78.483494	61355.0						2016-09-17T10:23	17	9	2016	5240279	5240279	HUMAN_OBSERVATION	iNaturalist	Observations	70769975		Garrett Taylor	2021-03-07T21:43:07	CC0_1_0	Garrett Taylor	Garrett Taylor			2025-01-14T12:17:44.132Z	StillImage	COORDINATE_ROUNDED;CONTINENT_DERIVED_FROM_COORDINATES;TAXON_MATCH_TAXON_ID_IGNORED
2992862548	50c9509d-22c7-4a22-a47d-8c48425ef4a7	https://www.inaturalist.org/observations/64000384	Fungi	Basidiomycota	Agaricomycetes	Agaricales	Amanitaceae	Amanita	Amanita porphyria		SPECIES	Amanita porphyria Alb. & Schwein.	Amanita porphyria		CA		Québec	PRESENT		28eb1a3f-1c15-4a95-931a-4af90ecb574d	48.27425	-72.1914	496.0						2006-08-31	31	8	2006	5240279	5240279	HUMAN_OBSERVATION	iNaturalist	Observations	64000384		John Plischke	2020-11-01T23:24:51	CC_BY_NC_4_0	John Plischke	John Plischke			2025-01-14T12:15:42.811Z	StillImage	CONTINENT_DERIVED_FROM_COORDINATES;TAXON_MATCH_TAXON_ID_IGNORED
2802604381	50c9509d-22c7-4a22-a47d-8c48425ef4a7	https://www.inaturalist.org/observations/17023015	Fungi	Basidiomycota	Agaricomycetes	Agaricales	Amanitaceae	Amanita	Amanita porphyria		SPECIES	Amanita porphyria Alb. & Schwein.	Amanita porphyria		CA		Ontario	PRESENT		28eb1a3f-1c15-4a95-931a-4af90ecb574d	45.276718	-79.038391							2018-09-29T01:29:12	29	9	2018	5240279	5240279	HUMAN_OBSERVATION	iNaturalist	Observations	17023015		Garrett Taylor	2018-09-29T11:29:36	CC0_1_0	Garrett Taylor	Garrett Taylor			2025-01-14T12:05:55.487Z	StillImage	COORDINATE_ROUNDED;CONTINENT_DERIVED_FROM_COORDINATES;TAXON_MATCH_TAXON_ID_IGNORED
2447926996	50c9509d-22c7-4a22-a47d-8c48425ef4a7	https://www.inaturalist.org/observations/34843812	Fungi	Basidiomycota	Agaricomycetes	Agaricales	Amanitaceae	Amanita	Amanita porphyria		SPECIES	Amanita porphyria Alb. & Schwein.	Amanita porphyria		CA		New Brunswick	PRESENT		28eb1a3f-1c15-4a95-931a-4af90ecb574d	45.290065	-66.054567	65.0						2019-10-24T11:22	24	10	2019	5240279	5240279	HUMAN_OBSERVATION	iNaturalist	Observations	34843812		Alfredo Justo	2019-10-24T20:33:27	CC_BY_NC_4_0	Alfredo Justo	Alfredo Justo			2025-01-14T13:04:19.042Z	StillImage	COORDINATE_ROUNDED;CONTINENT_DERIVED_FROM_COORDINATES;TAXON_MATCH_TAXON_ID_IGNORED
2423612996	21705170-d2b6-42de-8904-c3bca4b83591	CMMF018860	Fungi	Basidiomycota	Agaricomycetes	Agaricales	Amanitaceae	Amanita	Amanita porphyria		SPECIES	Amanita porphyria Alb. & Schwein.	Amanita porphyria Alb. & Schwein.	Alb. & Schwein.	CA	Station de biologie des Laurentides, Université de Montréal	Québec	PRESENT		ff7bd5db-b724-4932-b496-10ea298851f9	45.988108	-74.005679	25000.0						1986-08-31	31	8	1986	5240279	5240279	PRESERVED_SPECIMEN	Université de Montréal Biodiversity Centre	CMMF	CMMF018860	s.n.	Nantel, Patrick		CC0_1_0	Université de Montréal Biodiversity Centre	Nantel, Patrick			2024-01-24T16:38:18.672Z		INSTITUTION_MATCH_FUZZY;COLLECTION_MATCH_FUZZY;DIFFERENT_OWNER_INSTITUTION
2423612488	21705170-d2b6-42de-8904-c3bca4b83591	CMMF018707	Fungi	Basidiomycota	Agaricomycetes	Agaricales	Amanitaceae	Amanita	Amanita porphyria		SPECIES	Amanita porphyria Alb. & Schwein.	Amanita porphyria Alb. & Schwein.	Alb. & Schwein.	CA	Lac Geai. Station Bio U de M. St-Hippolyte.	Québec	PRESENT		ff7bd5db-b724-4932-b496-10ea298851f9	45.996479	-73.99348	250.0						1985-08-10	10	8	1985	5240279	5240279	PRESERVED_SPECIMEN	Université de Montréal Biodiversity Centre	CMMF	CMMF018707	s.n.	Nantel, Patrick		CC0_1_0	Université de Montréal Biodiversity Centre	Nantel, Patrick			2024-01-24T16:38:18.561Z		INSTITUTION_MATCH_FUZZY;COLLECTION_MATCH_FUZZY;DIFFERENT_OWNER_INSTITUTION
2423612052	21705170-d2b6-42de-8904-c3bca4b83591	CMMF018661	Fungi	Basidiomycota	Agaricomycetes	Agaricales	Amanitaceae	Amanita	Amanita porphyria		SPECIES	Amanita porphyria Alb. & Schwein.	Amanita porphyria Alb. & Schwein.	Alb. & Schwein.	CA	Sentier lac Geai	Québec	PRESENT		ff7bd5db-b724-4932-b496-10ea298851f9	45.991697	-73.997854	750.0						1986-08-09	9	8	1986	5240279	5240279	PRESERVED_SPECIMEN	Université de Montréal Biodiversity Centre	CMMF	CMMF018661	s.n.	Nantel, Patrick		CC0_1_0	Université de Montréal Biodiversity Centre	Nantel, Patrick			2024-01-24T16:38:18.457Z		INSTITUTION_MATCH_FUZZY;COLLECTION_MATCH_FUZZY;DIFFERENT_OWNER_INSTITUTION
1990645412	50c9509d-22c7-4a22-a47d-8c48425ef4a7	https://www.inaturalist.org/observations/8136328	Fungi	Basidiomycota	Agaricomycetes	Agaricales	Amanitaceae	Amanita	Amanita porphyria		SPECIES	Amanita porphyria Alb. & Schwein.	Amanita porphyria		CA		Ontario	PRESENT		28eb1a3f-1c15-4a95-931a-4af90ecb574d	45.591403	-78.521783	2744.0						2017-09-22T11:08	22	9	2017	5240279	5240279	HUMAN_OBSERVATION	iNaturalist	Observations	8136328		Garrett Taylor	2017-09-27T13:29:44	CC0_1_0	Garrett Taylor	Garrett Taylor			2025-01-14T12:03:57.436Z	StillImage	COORDINATE_ROUNDED;CONTINENT_DERIVED_FROM_COORDINATES;TAXON_MATCH_TAXON_ID_IGNORED
1990311028	032f1fbe-d21f-407d-be46-5cd1bb1ea397	a637c248-0fce-4811-9314-281cb018d942	Fungi	Basidiomycota	Agaricomycetes	Agaricales	Amanitaceae	Amanita	Amanita porphyria		SPECIES	Amanita porphyria Alb. & Schwein.	Amanita porphyria	Alb. & Schwein.	CA	Kentville	Nova Scotia	PRESENT		61c539d8-47e0-4b82-875f-b95aad66dcd4	45.080556	-64.494444							1973-08-31	31	8	1973	5240279	5240279	PRESERVED_SPECIMEN	TENN-F		TENN-F-038059	NS38059			CC0_1_0		K. Harrison			2025-01-12T10:33:51.536Z		COORDINATE_ROUNDED;GEODETIC_DATUM_ASSUMED_WGS84;CONTINENT_DERIVED_FROM_COORDINATES;TAXON_MATCH_TAXON_ID_IGNORED;INSTITUTION_MATCH_NONE
1990300981	032f1fbe-d21f-407d-be46-5cd1bb1ea397	68bab311-9469-4046-809b-27fec578c6ab	Fungi	Basidiomycota	Agaricomycetes	Agaricales	Amanitaceae	Amanita	Amanita porphyria		SPECIES	Amanita porphyria Alb. & Schwein.	Amanita porphyria	Alb. & Schwein.	CA	Whitney	Ontario	PRESENT		61c539d8-47e0-4b82-875f-b95aad66dcd4	45.494444	-78.234722							1962-08-06	6	8	1962	5240279	5240279	PRESERVED_SPECIMEN	TENN-F		TENN-F-027747	RHP27747			CC0_1_0		R.H. Petersen			2025-01-12T10:33:49.632Z		COORDINATE_ROUNDED;GEODETIC_DATUM_ASSUMED_WGS84;CONTINENT_DERIVED_FROM_COORDINATES;TAXON_MATCH_TAXON_ID_IGNORED;INSTITUTION_MATCH_NONE
1987948635	ca1bcd7e-7387-42f9-81ba-1470db55e3e8	8F4686E1-49D0-3749-98F8-002733983E65	Fungi	Basidiomycota	Agaricomycetes	Agaricales	Amanitaceae	Amanita	Amanita porphyria		SPECIES	Amanita porphyria Alb. & Schwein.	Amanita porphyria	Alb. & Schwein.	CA	Sackville, Amherst Point	New Brunswick	PRESENT		b542788f-0dc2-4a2b-b652-fceced449591	45.9	-64.366667							1977-09		9	1977	5240279	5240279	PRESERVED_SPECIMEN	BBM	UBC	F013329	sn			CC0_1_0	The University of British Columbia	T. Goward			2024-11-19T11:26:48.865Z		GEODETIC_DATUM_ASSUMED_WGS84;CONTINENT_DERIVED_FROM_COORDINATES;INSTITUTION_MATCH_FUZZY
1847646569	50c9509d-22c7-4a22-a47d-8c48425ef4a7	https://www.inaturalist.org/observations/9590909	Fungi	Basidiomycota	Agaricomycetes	Agaricales	Amanitaceae	Amanita	Amanita porphyria		SPECIES	Amanita porphyria Alb. & Schwein.	Amanita porphyria		CA		Ontario	PRESENT		28eb1a3f-1c15-4a95-931a-4af90ecb574d	45.69085	-78.32155	84661.0						2015-09-15	15	9	2015	5240279	5240279	HUMAN_OBSERVATION	iNaturalist	Observations	9590909		mycowalt	2018-01-23T22:56:30	CC_BY_NC_4_0	mycowalt	mycowalt			2025-01-14T12:04:22.762Z	StillImage	CONTINENT_DERIVED_FROM_COORDINATES;TAXON_MATCH_TAXON_ID_IGNORED
1847645898	50c9509d-22c7-4a22-a47d-8c48425ef4a7	https://www.inaturalist.org/observations/9577016	Fungi	Basidiomycota	Agaricomycetes	Agaricales	Amanitaceae	Amanita	Amanita porphyria		SPECIES	Amanita porphyria Alb. & Schwein.	Amanita porphyria		CA		Ontario	PRESENT		28eb1a3f-1c15-4a95-931a-4af90ecb574d	45.35695	-79.0971	33539.0						2014-09-20	20	9	2014	5240279	5240279	HUMAN_OBSERVATION	iNaturalist	Observations	9577016		mycowalt	2018-01-23T18:38:30	CC_BY_NC_4_0	mycowalt	mycowalt			2025-01-14T12:04:22.940Z	StillImage	CONTINENT_DERIVED_FROM_COORDINATES;TAXON_MATCH_TAXON_ID_IGNORED
1807256247	e8a25a42-f125-476c-8554-3ec21cd51a84	ACAD:112622	Fungi	Basidiomycota	Agaricomycetes	Agaricales	Amanitaceae	Amanita	Amanita porphyria		SPECIES	Amanita porphyria Alb. & Schwein.	Amanita porphyria Alb. & Schwein.	Alb. & Schwein.	CA	Kentville	Nova Scotia	PRESENT		6491ad8c-8e49-4bd4-a089-0ddb3bbe0890	45.07662	-64.49592							1953-09-23	23	9	1953	5240279	5240279	PRESERVED_SPECIMEN	Acadia University	ACAD	2538F	2538			CC0_1_0	Acadia University	Harrison, KA			2024-01-25T01:37:10.932Z	StillImage	GEODETIC_DATUM_INVALID;GEODETIC_DATUM_ASSUMED_WGS84;TAXON_MATCH_TAXON_ID_IGNORED;INSTITUTION_MATCH_FUZZY;COLLECTION_MATCH_FUZZY
1807255786	e8a25a42-f125-476c-8554-3ec21cd51a84	ACAD:112623	Fungi	Basidiomycota	Agaricomycetes	Agaricales	Amanitaceae	Amanita	Amanita porphyria		SPECIES	Amanita porphyria Alb. & Schwein.	Amanita porphyria Alb. & Schwein.	Alb. & Schwein.	CA	Glenmont	Nova Scotia	PRESENT		6491ad8c-8e49-4bd4-a089-0ddb3bbe0890	45.18614	-64.50197							1953-10-09	9	10	1953	5240279	5240279	PRESERVED_SPECIMEN	Acadia University	ACAD	2539F	2539			CC0_1_0	Acadia University	Harrison, KA			2024-01-25T01:37:10.932Z	StillImage	GEODETIC_DATUM_INVALID;GEODETIC_DATUM_ASSUMED_WGS84;TAXON_MATCH_TAXON_ID_IGNORED;INSTITUTION_MATCH_FUZZY;COLLECTION_MATCH_FUZZY
1412705811	21705170-d2b6-42de-8904-c3bca4b83591	CMMF014312	Fungi	Basidiomycota	Agaricomycetes	Agaricales	Amanitaceae	Amanita	Amanita porphyria		SPECIES	Amanita porphyria Alb. & Schwein.	Amanita porphyria Alb. & Schwein.	Alb. & Schwein.	CA	Saint-Ubalde, Québec.	Québec	PRESENT		ff7bd5db-b724-4932-b496-10ea298851f9	46.799305	-72.267036	10000.0						1979-08-06	6	8	1979	5240279	5240279	PRESERVED_SPECIMEN	Université de Montréal Biodiversity Centre	CMMF	CMMF014312	NA	Guérin, Gérard		CC0_1_0	Université de Montréal Biodiversity Centre	Guérin, Gérard			2024-01-24T16:38:19.438Z		INSTITUTION_MATCH_FUZZY;COLLECTION_MATCH_FUZZY;DIFFERENT_OWNER_INSTITUTION
1412705808	21705170-d2b6-42de-8904-c3bca4b83591	CMMF014313	Fungi	Basidiomycota	Agaricomycetes	Agaricales	Amanitaceae	Amanita	Amanita porphyria		SPECIES	Amanita porphyria Alb. & Schwein.	Amanita porphyria Alb. & Schwein.	Alb. & Schwein.	CA	Falardeau, Québec.	Québec	PRESENT		ff7bd5db-b724-4932-b496-10ea298851f9	48.618673	-71.111283	8000.0						1985-08-29	29	8	1985	5240279	5240279	PRESERVED_SPECIMEN	Université de Montréal Biodiversity Centre	CMMF	CMMF014313	2434	Guérin, Gérard		CC0_1_0	Université de Montréal Biodiversity Centre	Guérin, Gérard			2024-01-24T16:38:19.438Z	StillImage	INSTITUTION_MATCH_FUZZY;COLLECTION_MATCH_FUZZY;DIFFERENT_OWNER_INSTITUTION
1412704150	21705170-d2b6-42de-8904-c3bca4b83591	CMMF012281	Fungi	Basidiomycota	Agaricomycetes	Agaricales	Amanitaceae	Amanita	Amanita porphyria		SPECIES	Amanita recutita (Fr.) Gillet	Amanita recutita (Fr.) Gillet	(Fr.) Gillet	CA	Granby, Québec.	Québec	PRESENT		ff7bd5db-b724-4932-b496-10ea298851f9	45.4	-72.733333	5000.0						1947-07-13	13	7	1947	5240280	5240279	PRESERVED_SPECIMEN	Université de Montréal Biodiversity Centre	CMMF	CMMF012281	1439	Groves, J.W.; Smith, Alexander H.		CC0_1_0	Université de Montréal Biodiversity Centre	Fabius, Fr.			2024-01-24T16:38:20.710Z		INSTITUTION_MATCH_FUZZY;COLLECTION_MATCH_FUZZY;DIFFERENT_OWNER_INSTITUTION
1412703291	21705170-d2b6-42de-8904-c3bca4b83591	CMMF011738	Fungi	Basidiomycota	Agaricomycetes	Agaricales	Amanitaceae	Amanita	Amanita porphyria		SPECIES	Amanita porphyria Alb. & Schwein.	Amanita porphyria Alb. & Schwein.	Alb. & Schwein.	CA	Sainte-Irène, Matapédia, Québec.	Québec	PRESENT		ff7bd5db-b724-4932-b496-10ea298851f9	48.434787	-67.590575	8000.0						1972-08-21	21	8	1972	5240279	5240279	PRESERVED_SPECIMEN	Université de Montréal Biodiversity Centre	CMMF	CMMF011738	22	Chamberland, C.A.		CC0_1_0	Université de Montréal Biodiversity Centre	Abud, Louise; Campagna, Elzéar			2024-01-24T16:38:18.281Z		INSTITUTION_MATCH_FUZZY;COLLECTION_MATCH_FUZZY;DIFFERENT_OWNER_INSTITUTION
1135070679	21705170-d2b6-42de-8904-c3bca4b83591	CMMF009272	Fungi	Basidiomycota	Agaricomycetes	Agaricales	Amanitaceae	Amanita	Amanita porphyria		SPECIES	Amanita porphyria Alb. & Schwein.	Amanita porphyria Alb. & Schwein.	Alb. & Schwein.	CA	Charlesbourg Ouest (Mr. A.), Québec.	Québec	PRESENT		ff7bd5db-b724-4932-b496-10ea298851f9	46.91969	-71.322285	4200.0						2006-09-23	23	9	2006	5240279	5240279	PRESERVED_SPECIMEN	Université de Montréal Biodiversity Centre	CMMF	CMMF009272	856	Labrecque, Jacqueline		CC0_1_0	Université de Montréal Biodiversity Centre	Labrecque, Jacqueline			2024-01-24T16:38:21.518Z		INSTITUTION_MATCH_FUZZY;COLLECTION_MATCH_FUZZY;DIFFERENT_OWNER_INSTITUTION
1024560081	21705170-d2b6-42de-8904-c3bca4b83591	CMMF005502	Fungi	Basidiomycota	Agaricomycetes	Agaricales	Amanitaceae	Amanita	Amanita porphyria		SPECIES	Amanita porphyria Alb. & Schwein.	Amanita porphyria Alb. & Schwein.	Alb. & Schwein.	CA	Lachute	Québec	PRESENT		ff7bd5db-b724-4932-b496-10ea298851f9	45.66275	-74.241983	100.0						2005-10-02	2	10	2005	5240279	5240279	PRESERVED_SPECIMEN	Université de Montréal Biodiversity Centre	CMMF	CMMF005502	Inexistant	McNeil, Raymond		CC0_1_0	Université de Montréal Biodiversity Centre	McNeil, Raymond			2024-01-24T16:38:15.713Z	StillImage	COORDINATE_ROUNDED;INSTITUTION_MATCH_FUZZY;COLLECTION_MATCH_FUZZY;DIFFERENT_OWNER_INSTITUTION
1024560040	21705170-d2b6-42de-8904-c3bca4b83591	CMMF005505	Fungi	Basidiomycota	Agaricomycetes	Agaricales	Amanitaceae	Amanita	Amanita porphyria		SPECIES	Amanita porphyria Alb. & Schwein.	Amanita porphyria Alb. & Schwein.	Alb. & Schwein.	CA	Saint-Fabien-de-Panet	Québec	PRESENT		ff7bd5db-b724-4932-b496-10ea298851f9	46.638667	-70.128333	100.0						1976-08-20	20	8	1976	5240279	5240279	PRESERVED_SPECIMEN	Université de Montréal Biodiversity Centre	CMMF	CMMF005505	Inexistant	McNeil, Raymond		CC0_1_0	Université de Montréal Biodiversity Centre	McNeil, Raymond			2024-01-24T16:38:15.718Z	StillImage	COORDINATE_ROUNDED;INSTITUTION_MATCH_FUZZY;COLLECTION_MATCH_FUZZY;DIFFERENT_OWNER_INSTITUTION
1024560017	21705170-d2b6-42de-8904-c3bca4b83591	CMMF005504	Fungi	Basidiomycota	Agaricomycetes	Agaricales	Amanitaceae	Amanita	Amanita porphyria		SPECIES	Amanita porphyria Alb. & Schwein.	Amanita porphyria Alb. & Schwein.	Alb. & Schwein.	CA	Lachute	Québec	PRESENT		ff7bd5db-b724-4932-b496-10ea298851f9	45.66275	-74.241983	100.0						2004-10-12	12	10	2004	5240279	5240279	PRESERVED_SPECIMEN	Université de Montréal Biodiversity Centre	CMMF	CMMF005504	Inexistant	McNeil, Raymond		CC0_1_0	Université de Montréal Biodiversity Centre	McNeil, Raymond			2024-01-24T16:38:15.712Z		COORDINATE_ROUNDED;INSTITUTION_MATCH_FUZZY;COLLECTION_MATCH_FUZZY;DIFFERENT_OWNER_INSTITUTION
1024559960	21705170-d2b6-42de-8904-c3bca4b83591	CMMF005503	Fungi	Basidiomycota	Agaricomycetes	Agaricales	Amanitaceae	Amanita	Amanita porphyria		SPECIES	Amanita porphyria Alb. & Schwein.	Amanita porphyria Alb. & Schwein.	Alb. & Schwein.	CA	Saint-Lazare (montée Poirier)	Québec	PRESENT		ff7bd5db-b724-4932-b496-10ea298851f9	45.393333	-74.215833	100.0						2004-10-07	7	10	2004	5240279	5240279	PRESERVED_SPECIMEN	Université de Montréal Biodiversity Centre	CMMF	CMMF005503	Inexistant	McNeil, Raymond		CC0_1_0	Université de Montréal Biodiversity Centre	McNeil, Raymond			2024-01-24T16:38:15.718Z	StillImage	COORDINATE_ROUNDED;INSTITUTION_MATCH_FUZZY;COLLECTION_MATCH_FUZZY;DIFFERENT_OWNER_INSTITUTION
