gbifID	datasetKey	occurrenceID	kingdom	phylum	class	order	family	genus	species	infraspecificEpithet	taxonRank	scientificName	verbatimScientificName	verbatimScientificNameAuthorship	countryCode	locality	stateProvince	occurrenceStatus	individualCount	publishingOrgKey	decimalLatitude	decimalLongitude	coordinateUncertaintyInMeters	coordinatePrecision	elevation	elevationAccuracy	depth	depthAccuracy	eventDate	day	month	year	taxonKey	speciesKey	basisOfRecord	institutionCode	collectionCode	catalogNumber	recordNumber	identifiedBy	dateIdentified	license	rightsHolder	recordedBy	typeStatus	establishmentMeans	lastInterpreted	mediaType	issue
727875787	d7cfd2ed-8af4-427f-a16e-eb66b7e2c419	15732	Fungi	Basidiomycota	Agaricomycetes	Cantharellales	Hydnaceae	Multiclavula	Multiclavula mucida		SPECIES	Clavaria mucida Pers.	Clavaria mucida Pers.	Pers.	CA	Chalk River	Ontario	PRESENT		ff418020-1d67-11d9-8435-b8a03c50a862	46.021045	-77.454472	2103.0						1941-09-01	1	9	1941	5249805	2555295	PRESERVED_SPECIMEN	Royal Ontario Museum	TRTC	TRTC017510		Jackson, H.S.		CC0_1_0	Royal Ontario Museum	Jackson, H.S.			2024-01-25T00:59:40.721Z		COORDINATE_ROUNDED;AMBIGUOUS_INSTITUTION
727875040	d7cfd2ed-8af4-427f-a16e-eb66b7e2c419	14271	Fungi	Basidiomycota	Agaricomycetes	Cantharellales	Hydnaceae	Multiclavula	Multiclavula mucida		SPECIES	Clavaria mucida Pers.	Clavaria mucida Pers.	Pers.	CA	Oxbow Lake	Ontario	PRESENT		ff418020-1d67-11d9-8435-b8a03c50a862	45.436105	-78.96698	1427.0						1941-08-21	21	8	1941	5249805	2555295	PRESERVED_SPECIMEN	Royal Ontario Museum	TRTC	TRTC018246		Cain, R.F.		CC0_1_0	Royal Ontario Museum	Cain, R.F.			2024-01-25T00:59:40.400Z		COORDINATE_ROUNDED;AMBIGUOUS_INSTITUTION
617551037	21705170-d2b6-42de-8904-c3bca4b83591	CMMF002540	Fungi	Basidiomycota	Agaricomycetes	Cantharellales	Hydnaceae	Multiclavula	Multiclavula mucida		SPECIES	Lentaria mucida (Pers.) Corner	Lentaria mucida (Pers.) Corner	(Pers.) Corner	CA	Saint-Adolphe-d'Howard	Québec	PRESENT		ff7bd5db-b724-4932-b496-10ea298851f9	45.973194	-74.331714	4000.0						1995-08-30	30	8	1995	8582779	2555295	PRESERVED_SPECIMEN	Université de Montréal Biodiversity Centre	CMMF	CMMF002540		Lamoureux, Yves		CC0_1_0	Université de Montréal Biodiversity Centre	Lamoureux, Yves			2024-01-24T16:38:19.552Z	StillImage	INSTITUTION_MATCH_FUZZY;COLLECTION_MATCH_FUZZY;DIFFERENT_OWNER_INSTITUTION
5008072673	50c9509d-22c7-4a22-a47d-8c48425ef4a7	https://www.inaturalist.org/observations/255523523	Fungi	Basidiomycota	Agaricomycetes	Cantharellales	Hydnaceae	Multiclavula	Multiclavula mucida		SPECIES	Multiclavula mucida (Pers.) R.H.Petersen	Multiclavula mucida		CA		Prince Edward Island	PRESENT		28eb1a3f-1c15-4a95-931a-4af90ecb574d	46.691606	-64.020142	5.0						2024-12-18T14:49	18	12	2024	2555295	2555295	HUMAN_OBSERVATION	iNaturalist	Observations	255523523		Thelma Phillips	2024-12-18T19:43:53	CC_BY_NC_4_0	Thelma Phillips	Thelma Phillips			2025-01-14T12:54:50.548Z	StillImage	COORDINATE_ROUNDED;CONTINENT_DERIVED_FROM_COORDINATES;TAXON_MATCH_TAXON_ID_IGNORED
5007867184	50c9509d-22c7-4a22-a47d-8c48425ef4a7	https://www.inaturalist.org/observations/9855170	Fungi	Basidiomycota	Agaricomycetes	Cantharellales	Hydnaceae	Multiclavula	Multiclavula mucida		SPECIES	Multiclavula mucida (Pers.) R.H.Petersen	Multiclavula mucida		CA		Ontario	PRESENT		28eb1a3f-1c15-4a95-931a-4af90ecb574d	45.447317	-75.185784	201.0						2009-10-08T10:33	8	10	2009	2555295	2555295	HUMAN_OBSERVATION	iNaturalist	Observations	9855170		Jan Thornhill	2023-11-03T13:22:03	CC_BY_4_0	christine123	christine123			2025-01-14T12:04:40.226Z	StillImage	COORDINATE_ROUNDED;CONTINENT_DERIVED_FROM_COORDINATES;TAXON_MATCH_TAXON_ID_IGNORED
5007032766	50c9509d-22c7-4a22-a47d-8c48425ef4a7	https://www.inaturalist.org/observations/252345969	Fungi	Basidiomycota	Agaricomycetes	Cantharellales	Hydnaceae	Multiclavula	Multiclavula mucida		SPECIES	Multiclavula mucida (Pers.) R.H.Petersen	Multiclavula mucida		CA		New Brunswick	PRESENT		28eb1a3f-1c15-4a95-931a-4af90ecb574d	45.29457	-66.033669	180.0						2024-11-19T11:26:04	19	11	2024	2555295	2555295	HUMAN_OBSERVATION	iNaturalist	Observations	252345969		Toni Doucette	2024-11-20T02:38:00	CC_BY_NC_4_0	Toni Doucette	Toni Doucette			2025-01-14T12:55:18.278Z	StillImage	COORDINATE_ROUNDED;CONTINENT_DERIVED_FROM_COORDINATES;TAXON_MATCH_TAXON_ID_IGNORED
4987666689	50c9509d-22c7-4a22-a47d-8c48425ef4a7	https://www.inaturalist.org/observations/244727127	Fungi	Basidiomycota	Agaricomycetes	Cantharellales	Hydnaceae	Multiclavula	Multiclavula mucida		SPECIES	Multiclavula mucida (Pers.) R.H.Petersen	Multiclavula mucida		CA		Québec	PRESENT		28eb1a3f-1c15-4a95-931a-4af90ecb574d	45.769205	-72.005844							2024-09-29T12:18:37	29	9	2024	2555295	2555295	HUMAN_OBSERVATION	iNaturalist	Observations	244727127		egrenier	2024-09-29T16:32:01	CC_BY_NC_4_0	egrenier	egrenier			2025-01-14T13:37:47.554Z	StillImage	COORDINATE_ROUNDED;CONTINENT_DERIVED_FROM_COORDINATES;TAXON_MATCH_TAXON_ID_IGNORED
4978442255	50c9509d-22c7-4a22-a47d-8c48425ef4a7	https://www.inaturalist.org/observations/250172371	Fungi	Basidiomycota	Agaricomycetes	Cantharellales	Hydnaceae	Multiclavula	Multiclavula mucida		SPECIES	Multiclavula mucida (Pers.) R.H.Petersen	Multiclavula mucida		CA		Ontario	PRESENT		28eb1a3f-1c15-4a95-931a-4af90ecb574d	45.382053	-78.905037	4.0						2024-11-02T10:37:25	2	11	2024	2555295	2555295	HUMAN_OBSERVATION	iNaturalist	Observations	250172371		Dawn Sherman	2024-11-02T18:21:17	CC_BY_NC_4_0	Dawn Sherman	Dawn Sherman			2025-01-14T13:43:10.813Z	StillImage	COORDINATE_ROUNDED;CONTINENT_DERIVED_FROM_COORDINATES;TAXON_MATCH_TAXON_ID_IGNORED
4974099741	50c9509d-22c7-4a22-a47d-8c48425ef4a7	https://www.inaturalist.org/observations/248646411	Fungi	Basidiomycota	Agaricomycetes	Cantharellales	Hydnaceae	Multiclavula	Multiclavula mucida		SPECIES	Multiclavula mucida (Pers.) R.H.Petersen	Multiclavula mucida		CA		New Brunswick	PRESENT		28eb1a3f-1c15-4a95-931a-4af90ecb574d	45.29457	-66.033669	180.0						2024-10-22T09:44:01	22	10	2024	2555295	2555295	HUMAN_OBSERVATION	iNaturalist	Observations	248646411		gabboilard	2024-10-22T20:20:38	CC_BY_NC_4_0	Toni Doucette	Toni Doucette			2025-01-14T12:58:03.614Z	StillImage	COORDINATE_ROUNDED;CONTINENT_DERIVED_FROM_COORDINATES;TAXON_MATCH_TAXON_ID_IGNORED
4973822585	50c9509d-22c7-4a22-a47d-8c48425ef4a7	https://www.inaturalist.org/observations/248170611	Fungi	Basidiomycota	Agaricomycetes	Cantharellales	Hydnaceae	Multiclavula	Multiclavula mucida		SPECIES	Multiclavula mucida (Pers.) R.H.Petersen	Multiclavula mucida		CA		Prince Edward Island	PRESENT		28eb1a3f-1c15-4a95-931a-4af90ecb574d	46.696955	-64.168305	4.0						2024-10-19T15:32:04	19	10	2024	2555295	2555295	HUMAN_OBSERVATION	iNaturalist	Observations	248170611		zova	2024-10-20T15:31:35	CC_BY_NC_4_0	Emma Ladouceur	Emma Ladouceur			2025-01-14T12:55:46.958Z	StillImage	CONTINENT_DERIVED_FROM_COORDINATES;TAXON_MATCH_TAXON_ID_IGNORED
4954738744	50c9509d-22c7-4a22-a47d-8c48425ef4a7	https://www.inaturalist.org/observations/246401487	Fungi	Basidiomycota	Agaricomycetes	Cantharellales	Hydnaceae	Multiclavula	Multiclavula mucida		SPECIES	Multiclavula mucida (Pers.) R.H.Petersen	Multiclavula mucida		CA		Prince Edward Island	PRESENT		28eb1a3f-1c15-4a95-931a-4af90ecb574d	46.634006	-64.091485							2024-10-07T14:34:01	7	10	2024	2555295	2555295	HUMAN_OBSERVATION	iNaturalist	Observations	246401487		Julie-Lynn Zahavich	2024-10-09T00:23:57	CC_BY_NC_4_0	Julie-Lynn Zahavich	Julie-Lynn Zahavich			2025-01-14T13:40:41.053Z	StillImage	COORDINATE_ROUNDED;CONTINENT_DERIVED_FROM_COORDINATES;TAXON_MATCH_TAXON_ID_IGNORED
4953078254	50c9509d-22c7-4a22-a47d-8c48425ef4a7	https://www.inaturalist.org/observations/71921118	Fungi	Basidiomycota	Agaricomycetes	Cantharellales	Hydnaceae	Multiclavula	Multiclavula mucida		SPECIES	Multiclavula mucida (Pers.) R.H.Petersen	Multiclavula mucida		CA		Québec	PRESENT		28eb1a3f-1c15-4a95-931a-4af90ecb574d	45.564079	-75.88958	20.0						2017-07-22T13:20	22	7	2017	2555295	2555295	HUMAN_OBSERVATION	iNaturalist	Observations	71921118		Étienne Lacroix-Carignan	2021-03-24T02:32:59	CC0_1_0	Étienne Lacroix-Carignan	Étienne Lacroix-Carignan			2025-01-14T13:11:10.073Z	StillImage	COORDINATE_ROUNDED;CONTINENT_DERIVED_FROM_COORDINATES;TAXON_MATCH_TAXON_ID_IGNORED
4952829313	50c9509d-22c7-4a22-a47d-8c48425ef4a7	https://www.inaturalist.org/observations/244402157	Fungi	Basidiomycota	Agaricomycetes	Cantharellales	Hydnaceae	Multiclavula	Multiclavula mucida		SPECIES	Multiclavula mucida (Pers.) R.H.Petersen	Multiclavula mucida		CA		Québec	PRESENT		28eb1a3f-1c15-4a95-931a-4af90ecb574d	45.872811	-76.4339	501.0						2024-09-26T09:48	26	9	2024	2555295	2555295	HUMAN_OBSERVATION	iNaturalist	Observations	244402157		L Joan Heyding	2024-09-27T23:55:25	CC_BY_NC_4_0	L Joan Heyding	L Joan Heyding			2025-01-14T12:52:14.191Z	StillImage	COORDINATE_ROUNDED;CONTINENT_DERIVED_FROM_COORDINATES;TAXON_MATCH_TAXON_ID_IGNORED
4952592325	50c9509d-22c7-4a22-a47d-8c48425ef4a7	https://www.inaturalist.org/observations/246153527	Fungi	Basidiomycota	Agaricomycetes	Cantharellales	Hydnaceae	Multiclavula	Multiclavula mucida		SPECIES	Multiclavula mucida (Pers.) R.H.Petersen	Multiclavula mucida		CA		Ontario	PRESENT		28eb1a3f-1c15-4a95-931a-4af90ecb574d	45.143085	-76.912128	27222.0						2024-10-03T17:24:01	3	10	2024	2555295	2555295	HUMAN_OBSERVATION	iNaturalist	Observations	246153527		Samuel Brinker	2024-10-07T13:43:37	CC_BY_NC_4_0	Samuel Brinker	Samuel Brinker			2025-01-14T12:51:30.249Z	StillImage	COORDINATE_ROUNDED;CONTINENT_DERIVED_FROM_COORDINATES;TAXON_MATCH_TAXON_ID_IGNORED
4946712196	50c9509d-22c7-4a22-a47d-8c48425ef4a7	https://www.inaturalist.org/observations/242011900	Fungi	Basidiomycota	Agaricomycetes	Cantharellales	Hydnaceae	Multiclavula	Multiclavula mucida		SPECIES	Multiclavula mucida (Pers.) R.H.Petersen	Multiclavula mucida		CA		Ontario	PRESENT		28eb1a3f-1c15-4a95-931a-4af90ecb574d	45.45561	-75.548221	31.0						2024-09-15T13:57	15	9	2024	2555295	2555295	HUMAN_OBSERVATION	iNaturalist	Observations	242011900		jonathan_mack	2024-09-16T02:09:15	CC_BY_NC_4_0	jonathan_mack	jonathan_mack			2025-01-14T12:53:32.256Z	StillImage	COORDINATE_ROUNDED;CONTINENT_DERIVED_FROM_COORDINATES;TAXON_MATCH_TAXON_ID_IGNORED
4946246129	50c9509d-22c7-4a22-a47d-8c48425ef4a7	https://www.inaturalist.org/observations/241215154	Fungi	Basidiomycota	Agaricomycetes	Cantharellales	Hydnaceae	Multiclavula	Multiclavula mucida		SPECIES	Multiclavula mucida (Pers.) R.H.Petersen	Multiclavula mucida		CA		Ontario	PRESENT		28eb1a3f-1c15-4a95-931a-4af90ecb574d	45.352595	-75.593288							2024-09-11T13:37	11	9	2024	2555295	2555295	HUMAN_OBSERVATION	iNaturalist	Observations	241215154		Igor Khomenko	2024-09-12T01:45:20	CC_BY_NC_4_0	Igor Khomenko	Igor Khomenko			2025-01-14T12:51:21.301Z	StillImage	COORDINATE_ROUNDED;CONTINENT_DERIVED_FROM_COORDINATES;TAXON_MATCH_TAXON_ID_IGNORED
4937070942	50c9509d-22c7-4a22-a47d-8c48425ef4a7	https://www.inaturalist.org/observations/237333605	Fungi	Basidiomycota	Agaricomycetes	Cantharellales	Hydnaceae	Multiclavula	Multiclavula mucida		SPECIES	Multiclavula mucida (Pers.) R.H.Petersen	Multiclavula mucida		CA		Ontario	PRESENT		28eb1a3f-1c15-4a95-931a-4af90ecb574d	45.354029	-75.591636	27.0						2024-08-22T11:02	22	8	2024	2555295	2555295	HUMAN_OBSERVATION	iNaturalist	Observations	237333605		Igor Khomenko	2024-08-22T19:06:36	CC_BY_NC_4_0	Igor Khomenko	Igor Khomenko			2025-01-14T12:50:03.248Z	StillImage	COORDINATE_ROUNDED;CONTINENT_DERIVED_FROM_COORDINATES;TAXON_MATCH_TAXON_ID_IGNORED
4936383815	50c9509d-22c7-4a22-a47d-8c48425ef4a7	https://www.inaturalist.org/observations/229247146	Fungi	Basidiomycota	Agaricomycetes	Cantharellales	Hydnaceae	Multiclavula	Multiclavula mucida		SPECIES	Multiclavula mucida (Pers.) R.H.Petersen	Multiclavula mucida		CA		Ontario	PRESENT		28eb1a3f-1c15-4a95-931a-4af90ecb574d	45.196962	-77.166252	100.0						2006-09-27	27	9	2006	2555295	2555295	HUMAN_OBSERVATION	iNaturalist	Observations	229247146		Daryl Coulson	2024-07-14T12:53:43	CC_BY_NC_4_0	Daryl Coulson	Daryl Coulson			2025-01-14T12:49:20.001Z	StillImage	COORDINATE_ROUNDED;CONTINENT_DERIVED_FROM_COORDINATES;TAXON_MATCH_TAXON_ID_IGNORED
4936269698	50c9509d-22c7-4a22-a47d-8c48425ef4a7	https://www.inaturalist.org/observations/237533230	Fungi	Basidiomycota	Agaricomycetes	Cantharellales	Hydnaceae	Multiclavula	Multiclavula mucida		SPECIES	Multiclavula mucida (Pers.) R.H.Petersen	Multiclavula mucida		CA		Nova Scotia	PRESENT		28eb1a3f-1c15-4a95-931a-4af90ecb574d	45.686998	-64.008858	24.0						2024-08-23T13:13	23	8	2024	2555295	2555295	HUMAN_OBSERVATION	iNaturalist	Observations	237533230		Ben	2024-08-23T21:31:07	CC_BY_NC_4_0	Ben	Ben			2025-01-14T12:57:40.784Z	StillImage	COORDINATE_ROUNDED;CONTINENT_DERIVED_FROM_COORDINATES;TAXON_MATCH_TAXON_ID_IGNORED
4935692330	50c9509d-22c7-4a22-a47d-8c48425ef4a7	https://www.inaturalist.org/observations/237400992	Fungi	Basidiomycota	Agaricomycetes	Cantharellales	Hydnaceae	Multiclavula	Multiclavula mucida		SPECIES	Multiclavula mucida (Pers.) R.H.Petersen	Multiclavula mucida		CA		Québec	PRESENT		28eb1a3f-1c15-4a95-931a-4af90ecb574d	45.872811	-76.4339	501.0						2024-08-21T16:01	21	8	2024	2555295	2555295	HUMAN_OBSERVATION	iNaturalist	Observations	237400992		L Joan Heyding	2024-08-23T02:58:41	CC_BY_NC_4_0	L Joan Heyding	L Joan Heyding			2025-01-14T12:53:45.384Z	StillImage	COORDINATE_ROUNDED;CONTINENT_DERIVED_FROM_COORDINATES;TAXON_MATCH_TAXON_ID_IGNORED
4923963436	50c9509d-22c7-4a22-a47d-8c48425ef4a7	https://www.inaturalist.org/observations/234748836	Fungi	Basidiomycota	Agaricomycetes	Cantharellales	Hydnaceae	Multiclavula	Multiclavula mucida		SPECIES	Multiclavula mucida (Pers.) R.H.Petersen	Multiclavula mucida		CA		Québec	PRESENT		28eb1a3f-1c15-4a95-931a-4af90ecb574d	45.872811	-76.4339	501.0						2024-08-01T10:58	1	8	2024	2555295	2555295	HUMAN_OBSERVATION	iNaturalist	Observations	234748836		L Joan Heyding	2024-08-09T19:54:22	CC_BY_NC_4_0	L Joan Heyding	L Joan Heyding			2025-01-14T12:51:19.948Z	StillImage	COORDINATE_ROUNDED;CONTINENT_DERIVED_FROM_COORDINATES;TAXON_MATCH_TAXON_ID_IGNORED
4921487494	50c9509d-22c7-4a22-a47d-8c48425ef4a7	https://www.inaturalist.org/observations/232812154	Fungi	Basidiomycota	Agaricomycetes	Cantharellales	Hydnaceae	Multiclavula	Multiclavula mucida		SPECIES	Multiclavula mucida (Pers.) R.H.Petersen	Multiclavula mucida		CA		Québec	PRESENT		28eb1a3f-1c15-4a95-931a-4af90ecb574d	45.872811	-76.4339	501.0						2024-07-26T10:57	26	7	2024	2555295	2555295	HUMAN_OBSERVATION	iNaturalist	Observations	232812154		L Joan Heyding	2024-07-31T01:13:07	CC_BY_NC_4_0	L Joan Heyding	L Joan Heyding			2025-01-14T12:51:21.264Z	StillImage	COORDINATE_ROUNDED;CONTINENT_DERIVED_FROM_COORDINATES;TAXON_MATCH_TAXON_ID_IGNORED
4908796825	50c9509d-22c7-4a22-a47d-8c48425ef4a7	https://www.inaturalist.org/observations/227012161	Fungi	Basidiomycota	Agaricomycetes	Cantharellales	Hydnaceae	Multiclavula	Multiclavula mucida		SPECIES	Multiclavula mucida (Pers.) R.H.Petersen	Multiclavula mucida		CA		Québec	PRESENT		28eb1a3f-1c15-4a95-931a-4af90ecb574d	45.872811	-76.4339	501.0						2024-07-02T09:20	2	7	2024	2555295	2555295	HUMAN_OBSERVATION	iNaturalist	Observations	227012161		L Joan Heyding	2024-07-04T01:11:21	CC_BY_NC_4_0	L Joan Heyding	L Joan Heyding			2025-01-14T12:48:43.489Z	StillImage	COORDINATE_ROUNDED;CONTINENT_DERIVED_FROM_COORDINATES;TAXON_MATCH_TAXON_ID_IGNORED
4607641897	50c9509d-22c7-4a22-a47d-8c48425ef4a7	https://www.inaturalist.org/observations/206485247	Fungi	Basidiomycota	Agaricomycetes	Cantharellales	Hydnaceae	Multiclavula	Multiclavula mucida		SPECIES	Multiclavula mucida (Pers.) R.H.Petersen	Multiclavula mucida		CA		Québec	PRESENT		28eb1a3f-1c15-4a95-931a-4af90ecb574d	45.872811	-76.4339	501.0						2024-04-09T13:04	9	4	2024	2555295	2555295	HUMAN_OBSERVATION	iNaturalist	Observations	206485247		L Joan Heyding	2024-04-10T21:01:56	CC_BY_NC_4_0	L Joan Heyding	L Joan Heyding			2025-01-14T13:38:59.926Z	StillImage	COORDINATE_ROUNDED;CONTINENT_DERIVED_FROM_COORDINATES;TAXON_MATCH_TAXON_ID_IGNORED
4523426268	81e6cff2-b409-417e-8c72-e1bbafb7c61f	a64f4b38-08c7-4056-8b4e-8dd89f21a94a	Fungi	Basidiomycota	Agaricomycetes	Cantharellales	Hydnaceae	Multiclavula	Multiclavula mucida		SPECIES	Multiclavula mucida (Pers.) R.H.Petersen	Multiclavula mucida (Fr.) R. H. Petersen	(Fr.) R. H. Petersen	CA	Sainte-Foy; Airport forest	Québec	PRESENT		7b8aff00-a9f8-11d8-944b-b8a03c50a862	46.783668	-71.393568	8000.0						2003-08-29	29	8	2003	2555295	2555295	PRESERVED_SPECIMEN	F	Botany	C0295512F	NAMA 2003-144	Brodo, Irwin M. - CANL, Lichenology Section, Canadian Museum of Nature		CC0_1_0	The Field Museum of Natural History	T. Wright			2024-02-20T16:06:24.054Z		GEODETIC_DATUM_ASSUMED_WGS84;MODIFIED_DATE_INVALID;AMBIGUOUS_COLLECTION;INSTITUTION_MATCH_FUZZY
4508801180	b7a76dbc-3407-467b-96f4-01daae0a6e38	QFA0633266	Fungi	Basidiomycota	Agaricomycetes	Cantharellales	Hydnaceae	Multiclavula	Multiclavula mucida		SPECIES	Multiclavula mucida (Pers.) R.H.Petersen	Multiclavula mucida R. H. Petersen	R. H. Petersen	CA	MRC de Portneuf, Saint-Raymond, Vallée Bras-du-Nord, coopérative de solidarité, sentier <<Le Montagne Art>> à partir du pont de l'accueil Cantin; près du refuge le Montagne Art vers l'est.	Québec	PRESENT		b52e9a80-8cb7-4d37-9324-46032fd69237	46.996389	-71.871944			471.0	0.0			2017-09-16	16	9	2017	2555295	2555295	PRESERVED_SPECIMEN	QFA	QFA	QFA0633266	17-6136-C	Roy, Claude	2023-02-22T00:00:00	CC0_1_0	Université Laval	Roy, Claude			2025-01-15T21:16:10.482Z		GEODETIC_DATUM_INVALID;GEODETIC_DATUM_ASSUMED_WGS84;TAXON_MATCH_TAXON_ID_IGNORED;INSTITUTION_MATCH_FUZZY;COLLECTION_MATCH_FUZZY
4500517638	50c9509d-22c7-4a22-a47d-8c48425ef4a7	https://www.inaturalist.org/observations/191847502	Fungi	Basidiomycota	Agaricomycetes	Cantharellales	Hydnaceae	Multiclavula	Multiclavula mucida		SPECIES	Multiclavula mucida (Pers.) R.H.Petersen	Multiclavula mucida		CA		Ontario	PRESENT		28eb1a3f-1c15-4a95-931a-4af90ecb574d	45.746595	-76.897502	27126.0						2023-11-16T13:00:04	16	11	2023	2555295	2555295	HUMAN_OBSERVATION	iNaturalist	Observations	191847502		Samuel Brinker	2023-11-23T14:48:51	CC_BY_NC_4_0	Samuel Brinker	Samuel Brinker			2025-01-14T13:30:57.059Z	StillImage	COORDINATE_ROUNDED;CONTINENT_DERIVED_FROM_COORDINATES;TAXON_MATCH_TAXON_ID_IGNORED
4465812938	50c9509d-22c7-4a22-a47d-8c48425ef4a7	https://www.inaturalist.org/observations/193294676	Fungi	Basidiomycota	Agaricomycetes	Cantharellales	Hydnaceae	Multiclavula	Multiclavula mucida		SPECIES	Multiclavula mucida (Pers.) R.H.Petersen	Multiclavula mucida		CA		Québec	PRESENT		28eb1a3f-1c15-4a95-931a-4af90ecb574d	46.913877	-71.217348	15.0						2023-10-02	2	10	2023	2555295	2555295	HUMAN_OBSERVATION	iNaturalist	Observations	193294676		Christian Grenier	2023-12-07T13:18:43	CC_BY_NC_4_0	Christian Grenier	Christian Grenier			2025-01-14T12:43:48.987Z	StillImage	COORDINATE_ROUNDED;CONTINENT_DERIVED_FROM_COORDINATES;TAXON_MATCH_TAXON_ID_IGNORED
4438891795	50c9509d-22c7-4a22-a47d-8c48425ef4a7	https://www.inaturalist.org/observations/167287342	Fungi	Basidiomycota	Agaricomycetes	Cantharellales	Hydnaceae	Multiclavula	Multiclavula mucida		SPECIES	Multiclavula mucida (Pers.) R.H.Petersen	Multiclavula mucida		CA		Ontario	PRESENT		28eb1a3f-1c15-4a95-931a-4af90ecb574d	45.313517	-77.606055	100.0						2003-10-08	8	10	2003	2555295	2555295	HUMAN_OBSERVATION	iNaturalist	Observations	167287342		Daryl Coulson	2023-06-14T00:27:52	CC_BY_NC_4_0	Daryl Coulson	Daryl Coulson			2025-01-14T13:25:07.178Z	StillImage	COORDINATE_ROUNDED;CONTINENT_DERIVED_FROM_COORDINATES;TAXON_MATCH_TAXON_ID_IGNORED
4438809060	50c9509d-22c7-4a22-a47d-8c48425ef4a7	https://www.inaturalist.org/observations/187183362	Fungi	Basidiomycota	Agaricomycetes	Cantharellales	Hydnaceae	Multiclavula	Multiclavula mucida		SPECIES	Multiclavula mucida (Pers.) R.H.Petersen	Multiclavula mucida		CA		Nova Scotia	PRESENT		28eb1a3f-1c15-4a95-931a-4af90ecb574d	45.739944	-64.159195							2023-10-10T17:01:15	10	10	2023	2555295	2555295	HUMAN_OBSERVATION	iNaturalist	Observations	187183362		Jeff White	2023-10-11T23:52:55	CC_BY_NC_4_0	Jeff White	Jeff White			2025-01-14T13:33:03.966Z	StillImage	COORDINATE_ROUNDED;CONTINENT_DERIVED_FROM_COORDINATES;TAXON_MATCH_TAXON_ID_IGNORED
4438808727	50c9509d-22c7-4a22-a47d-8c48425ef4a7	https://www.inaturalist.org/observations/167287343	Fungi	Basidiomycota	Agaricomycetes	Cantharellales	Hydnaceae	Multiclavula	Multiclavula mucida		SPECIES	Multiclavula mucida (Pers.) R.H.Petersen	Multiclavula mucida		CA		Ontario	PRESENT		28eb1a3f-1c15-4a95-931a-4af90ecb574d	45.313517	-77.606055	100.0						2003-10-08	8	10	2003	2555295	2555295	HUMAN_OBSERVATION	iNaturalist	Observations	167287343		Daryl Coulson	2023-06-14T00:27:53	CC_BY_NC_4_0	Daryl Coulson	Daryl Coulson			2025-01-14T13:26:24.139Z	StillImage	COORDINATE_ROUNDED;CONTINENT_DERIVED_FROM_COORDINATES;TAXON_MATCH_TAXON_ID_IGNORED
4438763004	50c9509d-22c7-4a22-a47d-8c48425ef4a7	https://www.inaturalist.org/observations/183361610	Fungi	Basidiomycota	Agaricomycetes	Cantharellales	Hydnaceae	Multiclavula	Multiclavula mucida		SPECIES	Multiclavula mucida (Pers.) R.H.Petersen	Multiclavula mucida		CA		Ontario	PRESENT		28eb1a3f-1c15-4a95-931a-4af90ecb574d	45.530772	-78.669519	244.0						2023-09-08T13:02	8	9	2023	2555295	2555295	HUMAN_OBSERVATION	iNaturalist	Observations	183361610		louisetrussler	2023-09-15T14:54:19	CC_BY_NC_4_0	louisetrussler	louisetrussler			2025-01-14T13:32:22.547Z	StillImage	COORDINATE_ROUNDED;CONTINENT_DERIVED_FROM_COORDINATES;TAXON_MATCH_TAXON_ID_IGNORED
4438671892	50c9509d-22c7-4a22-a47d-8c48425ef4a7	https://www.inaturalist.org/observations/177880164	Fungi	Basidiomycota	Agaricomycetes	Cantharellales	Hydnaceae	Multiclavula	Multiclavula mucida		SPECIES	Multiclavula mucida (Pers.) R.H.Petersen	Multiclavula mucida		CA		Ontario	PRESENT		28eb1a3f-1c15-4a95-931a-4af90ecb574d	45.577221	-78.685902	212.0						2023-08-11T11:09:19	11	8	2023	2555295	2555295	HUMAN_OBSERVATION	iNaturalist	Observations	177880164		shawn is he	2023-08-11T20:09:19	CC_BY_NC_4_0	shawn is he	shawn is he			2025-01-14T12:39:09.601Z	StillImage	COORDINATE_ROUNDED;CONTINENT_DERIVED_FROM_COORDINATES;TAXON_MATCH_TAXON_ID_IGNORED
4438629128	50c9509d-22c7-4a22-a47d-8c48425ef4a7	https://www.inaturalist.org/observations/186919544	Fungi	Basidiomycota	Agaricomycetes	Cantharellales	Hydnaceae	Multiclavula	Multiclavula mucida		SPECIES	Multiclavula mucida (Pers.) R.H.Petersen	Multiclavula mucida		CA		Québec	PRESENT		28eb1a3f-1c15-4a95-931a-4af90ecb574d	45.475134	-71.201321	2.0						2023-09-23T13:05	23	9	2023	2555295	2555295	HUMAN_OBSERVATION	iNaturalist	Observations	186919544		gabboilard	2023-10-09T23:04:09	CC_BY_NC_4_0	gabboilard	gabboilard			2025-01-14T13:29:55.580Z	StillImage	COORDINATE_ROUNDED;CONTINENT_DERIVED_FROM_COORDINATES;TAXON_MATCH_TAXON_ID_IGNORED
4438625934	50c9509d-22c7-4a22-a47d-8c48425ef4a7	https://www.inaturalist.org/observations/178403640	Fungi	Basidiomycota	Agaricomycetes	Cantharellales	Hydnaceae	Multiclavula	Multiclavula mucida		SPECIES	Multiclavula mucida (Pers.) R.H.Petersen	Multiclavula mucida		CA		Ontario	PRESENT		28eb1a3f-1c15-4a95-931a-4af90ecb574d	45.57922	-78.691667	4.0						2023-08-13T14:10:08	13	8	2023	2555295	2555295	HUMAN_OBSERVATION	iNaturalist	Observations	178403640		Sarah Lamond	2023-08-14T18:01:54	CC_BY_NC_4_0	Sarah Lamond	Sarah Lamond			2025-01-14T13:28:31.860Z	StillImage	COORDINATE_ROUNDED;CONTINENT_DERIVED_FROM_COORDINATES;TAXON_MATCH_TAXON_ID_IGNORED
4431136575	50c9509d-22c7-4a22-a47d-8c48425ef4a7	https://www.inaturalist.org/observations/187728663	Fungi	Basidiomycota	Agaricomycetes	Cantharellales	Hydnaceae	Multiclavula	Multiclavula mucida		SPECIES	Multiclavula mucida (Pers.) R.H.Petersen	Multiclavula mucida		CA		Ontario	PRESENT		28eb1a3f-1c15-4a95-931a-4af90ecb574d	45.376757	-75.292767	82.0						2023-10-15T14:53	15	10	2023	2555295	2555295	HUMAN_OBSERVATION	iNaturalist	Observations	187728663		jonathan_mack	2023-10-16T02:01:21	CC_BY_NC_4_0	jonathan_mack	jonathan_mack			2025-01-14T12:40:30.505Z	StillImage	COORDINATE_ROUNDED;CONTINENT_DERIVED_FROM_COORDINATES;TAXON_MATCH_TAXON_ID_IGNORED
4430580666	50c9509d-22c7-4a22-a47d-8c48425ef4a7	https://www.inaturalist.org/observations/187319310	Fungi	Basidiomycota	Agaricomycetes	Cantharellales	Hydnaceae	Multiclavula	Multiclavula mucida		SPECIES	Multiclavula mucida (Pers.) R.H.Petersen	Multiclavula mucida		CA		Québec	PRESENT		28eb1a3f-1c15-4a95-931a-4af90ecb574d	45.859989	-76.470618	27095.0						2023-10-12T12:43:53	12	10	2023	2555295	2555295	HUMAN_OBSERVATION	iNaturalist	Observations	187319310		Lynn Ovenden	2023-10-13T01:52:28	CC_BY_NC_4_0	Lynn Ovenden	Lynn Ovenden			2025-01-14T13:30:24.197Z	StillImage	COORDINATE_ROUNDED;CONTINENT_DERIVED_FROM_COORDINATES;TAXON_MATCH_TAXON_ID_IGNORED
4421292305	50c9509d-22c7-4a22-a47d-8c48425ef4a7	https://www.inaturalist.org/observations/185932402	Fungi	Basidiomycota	Agaricomycetes	Cantharellales	Hydnaceae	Multiclavula	Multiclavula mucida		SPECIES	Multiclavula mucida (Pers.) R.H.Petersen	Multiclavula mucida		CA		Québec	PRESENT		28eb1a3f-1c15-4a95-931a-4af90ecb574d	45.872811	-76.4339	501.0						2023-09-27T13:21	27	9	2023	2555295	2555295	HUMAN_OBSERVATION	iNaturalist	Observations	185932402		L Joan Heyding	2023-10-02T18:05:30	CC_BY_NC_4_0	L Joan Heyding	L Joan Heyding			2025-01-14T13:33:29.277Z	StillImage	COORDINATE_ROUNDED;CONTINENT_DERIVED_FROM_COORDINATES;TAXON_MATCH_TAXON_ID_IGNORED
4421120368	50c9509d-22c7-4a22-a47d-8c48425ef4a7	https://www.inaturalist.org/observations/185953506	Fungi	Basidiomycota	Agaricomycetes	Cantharellales	Hydnaceae	Multiclavula	Multiclavula mucida		SPECIES	Multiclavula mucida (Pers.) R.H.Petersen	Multiclavula mucida		CA		Québec	PRESENT		28eb1a3f-1c15-4a95-931a-4af90ecb574d	45.872811	-76.4339	501.0						2023-09-29T15:08	29	9	2023	2555295	2555295	HUMAN_OBSERVATION	iNaturalist	Observations	185953506		L Joan Heyding	2023-10-02T20:36:00	CC_BY_NC_4_0	L Joan Heyding	L Joan Heyding			2025-01-14T13:33:23.153Z	StillImage	COORDINATE_ROUNDED;CONTINENT_DERIVED_FROM_COORDINATES;TAXON_MATCH_TAXON_ID_IGNORED
4166423456	695cef75-b65f-4776-b2ed-74565eebb16e	02-01000711195	Fungi	Basidiomycota	Agaricomycetes	Cantharellales	Hydnaceae	Multiclavula	Multiclavula mucida		SPECIES	Multiclavula mucida (Pers.) R.H.Petersen	Multiclavula mucida	(Pers.) R.H. Petersen	CA	near Pakenham, Carbine Rd., High Lonesome	Ontario	PRESENT		055bd978-2daa-4543-b3f0-44e0e87e86ca	45.332617	-76.372067							2012-09-21	21	9	2012	2555295	2555295	PRESERVED_SPECIMEN	AAFC	DAOM	242593		G.P. White		CC_BY_4_0	©His Majesty the King in Right of Canada, as represented by the Minister of Agriculture and Agri-Food	G.P. White			2025-01-12T05:11:16.288Z		GEODETIC_DATUM_ASSUMED_WGS84;CONTINENT_DERIVED_FROM_COORDINATES;TAXON_MATCH_TAXON_ID_IGNORED;INSTITUTION_MATCH_FUZZY
4006617605	50c9509d-22c7-4a22-a47d-8c48425ef4a7	https://www.inaturalist.org/observations/141464477	Fungi	Basidiomycota	Agaricomycetes	Cantharellales	Hydnaceae	Multiclavula	Multiclavula mucida		SPECIES	Multiclavula mucida (Pers.) R.H.Petersen	Multiclavula mucida		CA		Québec	PRESENT		28eb1a3f-1c15-4a95-931a-4af90ecb574d	46.912626	-71.217516	15.0						2022-09-29	29	9	2022	2555295	2555295	HUMAN_OBSERVATION	iNaturalist	Observations	141464477		Christian Grenier	2022-11-08T16:18:12	CC_BY_NC_4_0	Christian Grenier	Christian Grenier			2025-01-14T12:34:06.304Z	StillImage	COORDINATE_ROUNDED;CONTINENT_DERIVED_FROM_COORDINATES;TAXON_MATCH_TAXON_ID_IGNORED
3986084955	50c9509d-22c7-4a22-a47d-8c48425ef4a7	https://www.inaturalist.org/observations/141895082	Fungi	Basidiomycota	Agaricomycetes	Cantharellales	Hydnaceae	Multiclavula	Multiclavula mucida		SPECIES	Multiclavula mucida (Pers.) R.H.Petersen	Multiclavula mucida		CA		Québec	PRESENT		28eb1a3f-1c15-4a95-931a-4af90ecb574d	46.913179	-71.21383	31.0						2022-09-29	29	9	2022	2555295	2555295	HUMAN_OBSERVATION	iNaturalist	Observations	141895082		Christian Grenier	2022-11-13T15:47:30	CC_BY_NC_4_0	Christian Grenier	Christian Grenier			2025-01-14T13:32:24.273Z	StillImage	COORDINATE_ROUNDED;CONTINENT_DERIVED_FROM_COORDINATES;TAXON_MATCH_TAXON_ID_IGNORED
3985723994	50c9509d-22c7-4a22-a47d-8c48425ef4a7	https://www.inaturalist.org/observations/141464353	Fungi	Basidiomycota	Agaricomycetes	Cantharellales	Hydnaceae	Multiclavula	Multiclavula mucida		SPECIES	Multiclavula mucida (Pers.) R.H.Petersen	Multiclavula mucida		CA		Québec	PRESENT		28eb1a3f-1c15-4a95-931a-4af90ecb574d	46.913684	-71.217867	31.0						2022-09-29	29	9	2022	2555295	2555295	HUMAN_OBSERVATION	iNaturalist	Observations	141464353		Christian Grenier	2022-11-08T16:16:13	CC_BY_NC_4_0	Christian Grenier	Christian Grenier			2025-01-14T13:25:33.003Z	StillImage	COORDINATE_ROUNDED;CONTINENT_DERIVED_FROM_COORDINATES;TAXON_MATCH_TAXON_ID_IGNORED
3888864940	50c9509d-22c7-4a22-a47d-8c48425ef4a7	https://www.inaturalist.org/observations/129424419	Fungi	Basidiomycota	Agaricomycetes	Cantharellales	Hydnaceae	Multiclavula	Multiclavula mucida		SPECIES	Multiclavula mucida (Pers.) R.H.Petersen	Multiclavula mucida		CA		Québec	PRESENT		28eb1a3f-1c15-4a95-931a-4af90ecb574d	45.883917	-76.442832	27095.0						2022-07-26T11:23	26	7	2022	2555295	2555295	HUMAN_OBSERVATION	iNaturalist	Observations	129424419		L Joan Heyding	2022-08-04T16:14:31	CC_BY_NC_4_0	L Joan Heyding	L Joan Heyding			2025-01-14T12:32:57.323Z	StillImage	COORDINATE_ROUNDED;CONTINENT_DERIVED_FROM_COORDINATES;TAXON_MATCH_TAXON_ID_IGNORED
3872390869	ee4d0706-38af-4bc4-8539-e17c0ca8512e	622db701-6d0c-4921-9273-c903a07617ba	Fungi	Basidiomycota	Agaricomycetes	Cantharellales	Hydnaceae	Multiclavula	Multiclavula mucida		SPECIES	Multiclavula mucida (Pers.) R.H.Petersen	Multiclavula mucida	(Pers.) R.H. Petersen	CA	Ottawa-Carleton Regional Municipality. Gloucester. On E side of Albion Road, just S of Leitrim Road intersection	Ontario	PRESENT		ead371f0-f93d-11dd-af50-b8a03c50a862	45.283333	-75.583333							1989-08-28	28	8	1989	2555295	2555295	PRESERVED_SPECIMEN	DUKE		299431	4523	Wong, Pak, Yau		CC_BY_NC_4_0		Wong, Pak, Yau; Dugal, A.; Ireland, Robert, R.; Ley, Linda			2025-01-15T01:01:01.140Z	StillImage	CONTINENT_DERIVED_FROM_COORDINATES;TAXON_MATCH_TAXON_ID_IGNORED;INSTITUTION_MATCH_FUZZY
3416104380	50c9509d-22c7-4a22-a47d-8c48425ef4a7	https://www.inaturalist.org/observations/100500780	Fungi	Basidiomycota	Agaricomycetes	Cantharellales	Hydnaceae	Multiclavula	Multiclavula mucida		SPECIES	Multiclavula mucida (Pers.) R.H.Petersen	Multiclavula mucida		CA		Nova Scotia	PRESENT		28eb1a3f-1c15-4a95-931a-4af90ecb574d	45.181785	-64.450532	27222.0						2021-11-06T17:02:47	6	11	2021	2555295	2555295	HUMAN_OBSERVATION	iNaturalist	Observations	100500780		Thomas M	2021-11-07T15:56:37	CC_BY_NC_4_0	Thomas M	Thomas M			2025-01-14T13:11:10.604Z	StillImage	COORDINATE_ROUNDED;CONTINENT_DERIVED_FROM_COORDINATES;TAXON_MATCH_TAXON_ID_IGNORED
3416043422	50c9509d-22c7-4a22-a47d-8c48425ef4a7	https://www.inaturalist.org/observations/100637953	Fungi	Basidiomycota	Agaricomycetes	Cantharellales	Hydnaceae	Multiclavula	Multiclavula mucida		SPECIES	Multiclavula mucida (Pers.) R.H.Petersen	Multiclavula mucida		CA		Nova Scotia	PRESENT		28eb1a3f-1c15-4a95-931a-4af90ecb574d	45.735958	-64.164947	61.0						2021-11-08T17:38	8	11	2021	2555295	2555295	HUMAN_OBSERVATION	iNaturalist	Observations	100637953		Ben	2021-11-09T00:03:39	CC_BY_NC_4_0	Ben	Ben			2025-01-14T12:22:38.472Z	StillImage	COORDINATE_ROUNDED;CONTINENT_DERIVED_FROM_COORDINATES;TAXON_MATCH_TAXON_ID_IGNORED
3415714726	50c9509d-22c7-4a22-a47d-8c48425ef4a7	https://www.inaturalist.org/observations/100718429	Fungi	Basidiomycota	Agaricomycetes	Cantharellales	Hydnaceae	Multiclavula	Multiclavula mucida		SPECIES	Multiclavula mucida (Pers.) R.H.Petersen	Multiclavula mucida		CA		Ontario	PRESENT		28eb1a3f-1c15-4a95-931a-4af90ecb574d	45.353024	-75.593002	182.0						2021-11-09T10:59	9	11	2021	2555295	2555295	HUMAN_OBSERVATION	iNaturalist	Observations	100718429		L Joan Heyding	2021-11-09T21:30:01	CC_BY_NC_4_0	L Joan Heyding	L Joan Heyding			2025-01-14T12:22:56.325Z	StillImage	COORDINATE_ROUNDED;CONTINENT_DERIVED_FROM_COORDINATES;TAXON_MATCH_TAXON_ID_IGNORED
3415469507	50c9509d-22c7-4a22-a47d-8c48425ef4a7	https://www.inaturalist.org/observations/63047451	Fungi	Basidiomycota	Agaricomycetes	Cantharellales	Hydnaceae	Multiclavula	Multiclavula mucida		SPECIES	Multiclavula mucida (Pers.) R.H.Petersen	Multiclavula mucida		CA		Ontario	PRESENT		28eb1a3f-1c15-4a95-931a-4af90ecb574d	46.295534	-79.307091							2020-10-19T16:20:19	19	10	2020	2555295	2555295	HUMAN_OBSERVATION	iNaturalist	Observations	63047451		Lucas Beaver	2020-10-19T22:03:29	CC_BY_NC_4_0	Lucas Beaver	Lucas Beaver			2025-01-14T12:16:18.632Z	StillImage	COORDINATE_ROUNDED;CONTINENT_DERIVED_FROM_COORDINATES;TAXON_MATCH_TAXON_ID_IGNORED
3384925056	50c9509d-22c7-4a22-a47d-8c48425ef4a7	https://www.inaturalist.org/observations/96889644	Fungi	Basidiomycota	Agaricomycetes	Cantharellales	Hydnaceae	Multiclavula	Multiclavula mucida		SPECIES	Multiclavula mucida (Pers.) R.H.Petersen	Multiclavula mucida		CA		Québec	PRESENT		28eb1a3f-1c15-4a95-931a-4af90ecb574d	45.993275	-76.52363	27095.0						2021-10-01T10:13	1	10	2021	2555295	2555295	HUMAN_OBSERVATION	iNaturalist	Observations	96889644		L Joan Heyding	2021-10-02T14:06:36	CC_BY_NC_4_0	L Joan Heyding	L Joan Heyding			2025-01-14T13:11:39.619Z	StillImage	COORDINATE_ROUNDED;CONTINENT_DERIVED_FROM_COORDINATES;TAXON_MATCH_TAXON_ID_IGNORED
3384774459	50c9509d-22c7-4a22-a47d-8c48425ef4a7	https://www.inaturalist.org/observations/97299738	Fungi	Basidiomycota	Agaricomycetes	Cantharellales	Hydnaceae	Multiclavula	Multiclavula mucida		SPECIES	Multiclavula mucida (Pers.) R.H.Petersen	Multiclavula mucida		CA		Québec	PRESENT		28eb1a3f-1c15-4a95-931a-4af90ecb574d	46.91076	-71.222191	15.0						2021-10-04	4	10	2021	2555295	2555295	HUMAN_OBSERVATION	iNaturalist	Observations	97299738		Christian Grenier	2021-10-06T00:02:01	CC_BY_NC_4_0	Christian Grenier	Christian Grenier			2025-01-14T13:16:17.593Z	StillImage	COORDINATE_ROUNDED;CONTINENT_DERIVED_FROM_COORDINATES;TAXON_MATCH_TAXON_ID_IGNORED
3384124766	50c9509d-22c7-4a22-a47d-8c48425ef4a7	https://www.inaturalist.org/observations/96687941	Fungi	Basidiomycota	Agaricomycetes	Cantharellales	Hydnaceae	Multiclavula	Multiclavula mucida		SPECIES	Multiclavula mucida (Pers.) R.H.Petersen	Multiclavula mucida		CA		Ontario	PRESENT		28eb1a3f-1c15-4a95-931a-4af90ecb574d	45.086373	-77.739619	5.0						2021-09-25T16:05:23	25	9	2021	2555295	2555295	HUMAN_OBSERVATION	iNaturalist	Observations	96687941		Samuel Brinker	2021-09-30T15:03:25	CC_BY_NC_4_0	Samuel Brinker	Samuel Brinker			2025-01-14T12:21:53.375Z	StillImage	COORDINATE_ROUNDED;CONTINENT_DERIVED_FROM_COORDINATES;TAXON_MATCH_TAXON_ID_IGNORED
3343793682	50c9509d-22c7-4a22-a47d-8c48425ef4a7	https://www.inaturalist.org/observations/91532993	Fungi	Basidiomycota	Agaricomycetes	Cantharellales	Hydnaceae	Multiclavula	Multiclavula mucida		SPECIES	Multiclavula mucida (Pers.) R.H.Petersen	Multiclavula mucida		CA		Québec	PRESENT		28eb1a3f-1c15-4a95-931a-4af90ecb574d	46.836201	-79.191699							2021-08-13T13:36:27	13	8	2021	2555295	2555295	HUMAN_OBSERVATION	iNaturalist	Observations	91532993		Jonathan Jensen-Lynch	2021-08-17T14:47:04	CC_BY_NC_4_0	Jonathan Jensen-Lynch	Jonathan Jensen-Lynch			2025-01-14T12:21:15.844Z	StillImage	COORDINATE_ROUNDED;CONTINENT_DERIVED_FROM_COORDINATES;TAXON_MATCH_TAXON_ID_IGNORED
3079643700	50c9509d-22c7-4a22-a47d-8c48425ef4a7	https://www.inaturalist.org/observations/34654626	Fungi	Basidiomycota	Agaricomycetes	Cantharellales	Hydnaceae	Multiclavula	Multiclavula mucida		SPECIES	Multiclavula mucida (Pers.) R.H.Petersen	Multiclavula mucida		CA		Ontario	PRESENT		28eb1a3f-1c15-4a95-931a-4af90ecb574d	45.103614	-76.341644	8.0						2019-10-19T14:47	19	10	2019	2555295	2555295	HUMAN_OBSERVATION	iNaturalist	Observations	34654626		Igor Khomenko	2019-10-20T21:20:23	CC_BY_NC_4_0	Igor Khomenko	Igor Khomenko			2025-01-14T13:10:46.134Z	StillImage	COORDINATE_ROUNDED;CONTINENT_DERIVED_FROM_COORDINATES;TAXON_MATCH_TAXON_ID_IGNORED
3061530752	50c9509d-22c7-4a22-a47d-8c48425ef4a7	https://www.inaturalist.org/observations/71156032	Fungi	Basidiomycota	Agaricomycetes	Cantharellales	Hydnaceae	Multiclavula	Multiclavula mucida		SPECIES	Multiclavula mucida (Pers.) R.H.Petersen	Multiclavula mucida		CA		Québec	PRESENT		28eb1a3f-1c15-4a95-931a-4af90ecb574d	46.957352	-71.400692	15.0						2016-10-04	4	10	2016	2555295	2555295	HUMAN_OBSERVATION	iNaturalist	Observations	71156032		Christian Grenier	2021-03-13T20:32:03	CC_BY_NC_4_0	Christian Grenier	Christian Grenier			2025-01-14T13:11:04.106Z	StillImage	COORDINATE_ROUNDED;CONTINENT_DERIVED_FROM_COORDINATES;TAXON_MATCH_TAXON_ID_IGNORED
2574184807	50c9509d-22c7-4a22-a47d-8c48425ef4a7	https://www.inaturalist.org/observations/38983150	Fungi	Basidiomycota	Agaricomycetes	Cantharellales	Hydnaceae	Multiclavula	Multiclavula mucida		SPECIES	Multiclavula mucida (Pers.) R.H.Petersen	Multiclavula mucida		CA		Québec	PRESENT		28eb1a3f-1c15-4a95-931a-4af90ecb574d	47.12095	-71.409135	1476.0						2017-10-13	13	10	2017	2555295	2555295	HUMAN_OBSERVATION	iNaturalist	Observations	38983150		Christian Grenier	2020-02-21T16:15:52	CC_BY_NC_4_0	Christian Grenier	Christian Grenier			2025-01-14T12:11:22.333Z	StillImage	CONTINENT_DERIVED_FROM_COORDINATES;TAXON_MATCH_TAXON_ID_IGNORED
2557728691	50c9509d-22c7-4a22-a47d-8c48425ef4a7	https://www.inaturalist.org/observations/36798767	Fungi	Basidiomycota	Agaricomycetes	Cantharellales	Hydnaceae	Multiclavula	Multiclavula mucida		SPECIES	Multiclavula mucida (Pers.) R.H.Petersen	Multiclavula mucida		CA		Québec	PRESENT		28eb1a3f-1c15-4a95-931a-4af90ecb574d	46.931356	-71.235932	6638.0						2019-10-09	9	10	2019	2555295	2555295	HUMAN_OBSERVATION	iNaturalist	Observations	36798767		Christian Grenier	2019-12-20T13:33:49	CC_BY_NC_4_0	Christian Grenier	Christian Grenier			2025-01-14T12:10:13.191Z	StillImage	COORDINATE_ROUNDED;CONTINENT_DERIVED_FROM_COORDINATES;TAXON_MATCH_TAXON_ID_IGNORED
2557631454	50c9509d-22c7-4a22-a47d-8c48425ef4a7	https://www.inaturalist.org/observations/16376607	Fungi	Basidiomycota	Agaricomycetes	Cantharellales	Hydnaceae	Multiclavula	Multiclavula mucida		SPECIES	Multiclavula mucida (Pers.) R.H.Petersen	Multiclavula mucida		CA		Ontario	PRESENT		28eb1a3f-1c15-4a95-931a-4af90ecb574d	45.386836	-75.185964							2018-09-09T13:53	9	9	2018	2555295	2555295	HUMAN_OBSERVATION	iNaturalist	Observations	16376607		jonathan_mack	2018-09-10T01:41:47	CC_BY_NC_4_0	jonathan_mack	jonathan_mack			2025-01-14T12:58:10.409Z	StillImage	COORDINATE_ROUNDED;CONTINENT_DERIVED_FROM_COORDINATES;TAXON_MATCH_TAXON_ID_IGNORED
2447304502	1e61b812-b2ec-43d0-bdbb-8534a761f74c	74ac341f-0237-2374-49ad-e9388e4c2269	Fungi	Basidiomycota	Agaricomycetes	Cantharellales	Hydnaceae	Multiclavula	Multiclavula mucida		SPECIES	Multiclavula mucida (Pers.) R.H.Petersen	Multiclavula mucida	(Pers.) R.H. Petersen	CA	Tatlock, off Hwy 511, French Settlement Road, block 511.	Ontario (Prov.)	PRESENT	1	a41250f0-7c3e-11d8-a19c-b8a03c50a862	45.1535	-76.5409							2015-12-10	10	12	2015	2555295	2555295	PRESERVED_SPECIMEN	CMN	CANL	CANL 10012494	2265			CC_BY_4_0	Canadian Museum of Nature	Lewis, Chris			2024-12-20T14:54:01.091Z		GEODETIC_DATUM_ASSUMED_WGS84;CONTINENT_DERIVED_FROM_COORDINATES;OCCURRENCE_STATUS_INFERRED_FROM_INDIVIDUAL_COUNT
2270755391	98bceab6-3c3e-4163-945d-6ca10576ebf1	91baa7d3-e8bc-492f-bdb0-90a555639e1c	Fungi	Basidiomycota	Agaricomycetes	Cantharellales	Hydnaceae	Multiclavula	Multiclavula mucida		SPECIES	Multiclavula mucida (Pers.) R.H.Petersen	Multiclavula mucida	(Pers.) R.H. Petersen	CA	Adjacent York River, 9.5 km E of Bancroft, Eagle Chute area	Ontario	PRESENT		814cdfb5-d4f8-4453-815f-ea5df98e76bf	45.066667	-77.733333							1989-08-06	6	8	1989	2555295	2555295	PRESERVED_SPECIMEN	ASU	Lichens		43182	T.H. Nash III		CC_BY_NC_4_0		T.H. Nash III; C. Gries			2025-01-15T01:04:09.193Z		COORDINATE_ROUNDED;GEODETIC_DATUM_ASSUMED_WGS84;CONTINENT_DERIVED_FROM_COORDINATES;TAXON_MATCH_TAXON_ID_IGNORED;AMBIGUOUS_COLLECTION;INSTITUTION_MATCH_FUZZY
1990311097	032f1fbe-d21f-407d-be46-5cd1bb1ea397	9978bd40-cf00-4f23-8ba4-53e7c810b912	Fungi	Basidiomycota	Agaricomycetes	Cantharellales	Hydnaceae	Multiclavula	Multiclavula mucida		SPECIES	Multiclavula mucida (Pers.) R.H.Petersen	Multiclavula mucida	(Pers.) R.H. Petersen	CA	Melanson, Melanson	Nova Scotia	PRESENT		61c539d8-47e0-4b82-875f-b95aad66dcd4	45.063889	-64.309722							1973-09-01	1	9	1973	2555295	2555295	PRESERVED_SPECIMEN	TENN-F		TENN-F-038076	RHP38076			CC0_1_0		R.H. Petersen			2025-01-12T10:33:51.533Z		COORDINATE_ROUNDED;GEODETIC_DATUM_ASSUMED_WGS84;CONTINENT_DERIVED_FROM_COORDINATES;TAXON_MATCH_TAXON_ID_IGNORED;INSTITUTION_MATCH_NONE
1990300325	032f1fbe-d21f-407d-be46-5cd1bb1ea397	1c2a8342-cbbc-4b6f-9ed3-3ec3ce3dcb62	Fungi	Basidiomycota	Agaricomycetes	Cantharellales	Hydnaceae	Multiclavula	Multiclavula mucida		SPECIES	Multiclavula mucida (Pers.) R.H.Petersen	Multiclavula mucida	(Pers.) R.H. Petersen	CA	Dorset	Ontario	PRESENT		61c539d8-47e0-4b82-875f-b95aad66dcd4	45.244167	-78.893889							1962-09-08	8	9	1962	2555295	2555295	PRESERVED_SPECIMEN	TENN-F		TENN-F-027137	RHP338a			CC0_1_0		R.H. Petersen			2025-01-12T10:33:49.570Z		COORDINATE_ROUNDED;GEODETIC_DATUM_ASSUMED_WGS84;CONTINENT_DERIVED_FROM_COORDINATES;TAXON_MATCH_TAXON_ID_IGNORED;INSTITUTION_MATCH_NONE
1930600617	d415c253-4d61-4459-9d25-4015b9084fb0	c860e032-8dca-4b91-94d6-3d07008c4c99	Fungi	Basidiomycota	Agaricomycetes	Cantharellales	Hydnaceae	Multiclavula	Multiclavula mucida		SPECIES	Multiclavula mucida (Pers.) R.H.Petersen	Multiclavula mucida (Fr.) R.H.Petersen	(Fr.) R.H.Petersen	CA	Fundy National Park, Mape Grove Trail	New Brunswick	PRESENT		ae447c50-b8a8-11d8-92a4-b8a03c50a862	45.5897	-64.9836							2013-09-24	24	9	2013	2555295	2555295	PRESERVED_SPECIMEN	NY	NY	02032802	61465	R. H. Petersen	2013-09-01T00:00:00	CC0_1_0	The New York Botanical Garden	W. R. Buck			2024-12-25T06:22:48.392Z		GEODETIC_DATUM_ASSUMED_WGS84;MODIFIED_DATE_INVALID
1920805547	50c9509d-22c7-4a22-a47d-8c48425ef4a7	https://www.inaturalist.org/observations/17255048	Fungi	Basidiomycota	Agaricomycetes	Cantharellales	Hydnaceae	Multiclavula	Multiclavula mucida		SPECIES	Multiclavula mucida (Pers.) R.H.Petersen	Multiclavula mucida		CA		Québec	PRESENT		28eb1a3f-1c15-4a95-931a-4af90ecb574d	45.495144	-75.735847	18.0						2018-09-30T15:58	30	9	2018	2555295	2555295	HUMAN_OBSERVATION	iNaturalist	Observations	17255048		jonathan_mack	2018-10-06T19:21:59	CC_BY_NC_4_0	jonathan_mack	jonathan_mack			2025-01-14T13:02:47.663Z	StillImage	COORDINATE_ROUNDED;CONTINENT_DERIVED_FROM_COORDINATES;TAXON_MATCH_TAXON_ID_IGNORED
1836696679	50c9509d-22c7-4a22-a47d-8c48425ef4a7	https://www.inaturalist.org/observations/9590759	Fungi	Basidiomycota	Agaricomycetes	Cantharellales	Hydnaceae	Multiclavula	Multiclavula mucida		SPECIES	Multiclavula mucida (Pers.) R.H.Petersen	Multiclavula mucida		CA		Ontario	PRESENT		28eb1a3f-1c15-4a95-931a-4af90ecb574d	45.69085	-78.32155	84661.0						2015-09-14	14	9	2015	2555295	2555295	HUMAN_OBSERVATION	iNaturalist	Observations	9590759		mycowalt	2018-01-23T22:42:00	CC_BY_NC_4_0	mycowalt	mycowalt			2025-01-14T12:04:22.292Z	StillImage	CONTINENT_DERIVED_FROM_COORDINATES;TAXON_MATCH_TAXON_ID_IGNORED
1804609973	1e61b812-b2ec-43d0-bdbb-8534a761f74c	fa6d7f06-6a3e-a3e4-618f-f03df1aa0eed	Fungi	Basidiomycota	Agaricomycetes	Cantharellales	Hydnaceae	Multiclavula	Multiclavula mucida		SPECIES	Multiclavula mucida (Pers.) R.H.Petersen	Multiclavula mucida	(Pers.) R.H. Petersen	CA	Algonquin Provincial Park, SW shore of North River Lake.	Ontario (Prov.)	PRESENT	1	a41250f0-7c3e-11d8-a19c-b8a03c50a862	45.08	-78.4072							2007-07-18	18	7	2007	2555295	2555295	PRESERVED_SPECIMEN	CMN	CANL	CANL 121484	31971			CC_BY_4_0	Canadian Museum of Nature	Brodo, Fenja ; Brodo, Dr. Irwin M.			2024-12-20T14:54:09.369Z		GEODETIC_DATUM_ASSUMED_WGS84;CONTINENT_DERIVED_FROM_COORDINATES;OCCURRENCE_STATUS_INFERRED_FROM_INDIVIDUAL_COUNT
1804441103	1e61b812-b2ec-43d0-bdbb-8534a761f74c	4f1246d2-ba54-a544-69b3-31f3440a0ecb	Fungi	Basidiomycota	Agaricomycetes	Cantharellales	Hydnaceae	Multiclavula	Multiclavula mucida		SPECIES	Multiclavula mucida (Pers.) R.H.Petersen	Multiclavula mucida	(Pers.) R.H. Petersen	CA	Shore of  Black Lake.	Québec (Prov.)	PRESENT	1	a41250f0-7c3e-11d8-a19c-b8a03c50a862	45.5	-75.8833							2005-11-06	6	11	2005	2555295	2555295	PRESERVED_SPECIMEN	CMN	CANL	CANL 120660	31783			CC_BY_4_0	Canadian Museum of Nature	Brodo, Dr. Irwin M.			2024-12-20T14:53:58.258Z		GEODETIC_DATUM_ASSUMED_WGS84;CONTINENT_DERIVED_FROM_COORDINATES;OCCURRENCE_STATUS_INFERRED_FROM_INDIVIDUAL_COUNT
1804438905	1e61b812-b2ec-43d0-bdbb-8534a761f74c	4ccdc03f-4b3a-b3a4-d5a9-b780048dc14a	Fungi	Basidiomycota	Agaricomycetes	Cantharellales	Hydnaceae	Multiclavula	Multiclavula mucida		SPECIES	Multiclavula mucida (Pers.) R.H.Petersen	Multiclavula mucida	(Pers.) R.H. Petersen	CA	Gloucester  Cedar swamp, on east side of Albion Road, just S of Leitrim Road intersection.	Ontario (Prov.)	PRESENT	3	a41250f0-7c3e-11d8-a19c-b8a03c50a862	45.2833	-75.5833							1989-09-28	28	9	1989	2555295	2555295	PRESERVED_SPECIMEN	CMN	CANL	CANL 100000	4523	Wong, Pak Yau - Canadian Museum of Nature	1989-01-01T00:00:00	CC_BY_4_0	Canadian Museum of Nature	Wong, Pak Yau  ; Ireland, Robert R. ; Ley, Linda M.			2024-12-20T14:53:58.147Z		GEODETIC_DATUM_ASSUMED_WGS84;CONTINENT_DERIVED_FROM_COORDINATES;OCCURRENCE_STATUS_INFERRED_FROM_INDIVIDUAL_COUNT
1503066870	aec6d756-3aa8-465e-83fd-4f6ee83e693e	a64f4b38-08c7-4056-8b4e-8dd89f21a94a	Fungi	Basidiomycota	Agaricomycetes	Cantharellales	Hydnaceae	Multiclavula	Multiclavula mucida		SPECIES	Multiclavula mucida (Pers.) R.H.Petersen	Multiclavula mucida (Fr.) R. H. Petersen	(Fr.) R. H. Petersen	CA	Sainte-Foy; Airport forest	Québec	PRESENT		7b8aff00-a9f8-11d8-944b-b8a03c50a862	46.783668	-71.393568	8000.0						2003-08-29	29	8	2003	2555295	2555295	PRESERVED_SPECIMEN	F	Botany	C0295512F	NAMA 2003-144	Brodo, Irwin M. - CANL, Lichenology Section, Canadian Museum of Nature		CC0_1_0	The Field Museum of Natural History	T. Wright			2024-06-24T10:39:59.346Z		GEODETIC_DATUM_ASSUMED_WGS84;MULTIMEDIA_URI_INVALID;AMBIGUOUS_COLLECTION;INSTITUTION_MATCH_FUZZY
1412706821	21705170-d2b6-42de-8904-c3bca4b83591	CMMF015283	Fungi	Basidiomycota	Agaricomycetes	Cantharellales	Hydnaceae	Multiclavula	Multiclavula mucida		SPECIES	Multiclavula mucida (Pers.) R.H.Petersen	Multiclavula mucida (Pers.) R.H. Petersen	(Pers.) R.H. Petersen	CA	Cap-au-Lest, Québec.	Québec	PRESENT		ff7bd5db-b724-4932-b496-10ea298851f9	48.391343	-70.689884	4500.0						1995-07-27	27	7	1995	2555295	2555295	PRESERVED_SPECIMEN	Université de Montréal Biodiversity Centre	CMMF	CMMF015283	639	Guérin, Gérard		CC0_1_0	Université de Montréal Biodiversity Centre	Guérin, Gérard			2024-01-24T16:38:17.043Z	StillImage	INSTITUTION_MATCH_FUZZY;COLLECTION_MATCH_FUZZY;DIFFERENT_OWNER_INSTITUTION
1412706812	21705170-d2b6-42de-8904-c3bca4b83591	CMMF015284	Fungi	Basidiomycota	Agaricomycetes	Cantharellales	Hydnaceae	Multiclavula	Multiclavula mucida		SPECIES	Lentaria mucida (Pers.) Corner	Lentaria mucida (Pers.) Corner	(Pers.) Corner	CA	LaBaie, Québec.	Québec	PRESENT		ff7bd5db-b724-4932-b496-10ea298851f9	48.329203	-70.885721	12000.0						1992-08-29	29	8	1992	8582779	2555295	PRESERVED_SPECIMEN	Université de Montréal Biodiversity Centre	CMMF	CMMF015284	638	Guérin, Gérard		CC0_1_0	Université de Montréal Biodiversity Centre	Guérin, Gérard			2024-01-24T16:38:17.045Z	StillImage	INSTITUTION_MATCH_FUZZY;COLLECTION_MATCH_FUZZY;DIFFERENT_OWNER_INSTITUTION
1412704240	21705170-d2b6-42de-8904-c3bca4b83591	CMMF012317	Fungi	Basidiomycota	Agaricomycetes	Cantharellales	Hydnaceae	Multiclavula	Multiclavula mucida		SPECIES	Clavaria mucida Pers.	Clavaria mucida Pers.	Pers.	CA	Granby, Québec.	Québec	PRESENT		ff7bd5db-b724-4932-b496-10ea298851f9	45.4	-72.733333	5000.0						1947-09-23	23	9	1947	5249805	2555295	PRESERVED_SPECIMEN	Université de Montréal Biodiversity Centre	CMMF	CMMF012317	1914	Pomerleau, René		CC0_1_0	Université de Montréal Biodiversity Centre	Fabius, Fr.			2024-01-24T16:38:20.775Z		INSTITUTION_MATCH_FUZZY;COLLECTION_MATCH_FUZZY;DIFFERENT_OWNER_INSTITUTION
1135070745	21705170-d2b6-42de-8904-c3bca4b83591	CMMF009327	Fungi	Basidiomycota	Agaricomycetes	Cantharellales	Hydnaceae	Multiclavula	Multiclavula mucida		SPECIES	Lentaria mucida (Pers.) Corner	Lentaria mucida (Pers.) Corner	(Pers.) Corner	CA	Lac Neigette, Lac-Beauport.	Québec	PRESENT		ff7bd5db-b724-4932-b496-10ea298851f9	46.952327	-71.300343	600.0						2006-10-04	4	10	2006	8582779	2555295	PRESERVED_SPECIMEN	Université de Montréal Biodiversity Centre	CMMF	CMMF009327	911	Labbé, Roland		CC0_1_0	Université de Montréal Biodiversity Centre	Labrecque, Jacqueline			2024-01-24T16:38:21.569Z		INSTITUTION_MATCH_FUZZY;COLLECTION_MATCH_FUZZY;DIFFERENT_OWNER_INSTITUTION
1135069469	21705170-d2b6-42de-8904-c3bca4b83591	CMMF008010	Fungi	Basidiomycota	Agaricomycetes	Cantharellales	Hydnaceae	Multiclavula	Multiclavula mucida		SPECIES	Multiclavula mucida (Pers.) R.H.Petersen	Multiclavula mucida (Pers.) R.H. Petersen	(Pers.) R.H. Petersen	CA	Chertsey	Québec	PRESENT		ff7bd5db-b724-4932-b496-10ea298851f9	46.121667	-73.873333	100.0						2009-09-26	26	9	2009	2555295	2555295	PRESERVED_SPECIMEN	Université de Montréal Biodiversity Centre	CMMF	CMMF008010	C3574	McNeil, Raymond		CC0_1_0	Université de Montréal Biodiversity Centre	McNeil, Raymond			2024-01-24T16:38:18.073Z	StillImage	COORDINATE_ROUNDED;INSTITUTION_MATCH_FUZZY;COLLECTION_MATCH_FUZZY;DIFFERENT_OWNER_INSTITUTION
1135069016	21705170-d2b6-42de-8904-c3bca4b83591	CMMF007595	Fungi	Basidiomycota	Agaricomycetes	Cantharellales	Hydnaceae	Multiclavula	Multiclavula mucida		SPECIES	Multiclavula mucida (Pers.) R.H.Petersen	Multiclavula mucida (Pers.) R.H. Petersen	(Pers.) R.H. Petersen	CA	St-Hippolyte	Québec	PRESENT		ff7bd5db-b724-4932-b496-10ea298851f9	45.989333	-74.003633	100.0						1980-09-13	13	9	1980	2555295	2555295	PRESERVED_SPECIMEN	Université de Montréal Biodiversity Centre	CMMF	CMMF007595	895	McNeil, Raymond		CC0_1_0	Université de Montréal Biodiversity Centre	McNeil, Raymond			2024-01-24T16:38:15.999Z	StillImage	INSTITUTION_MATCH_FUZZY;COLLECTION_MATCH_FUZZY;DIFFERENT_OWNER_INSTITUTION
