gbifID	datasetKey	occurrenceID	kingdom	phylum	class	order	family	genus	species	infraspecificEpithet	taxonRank	scientificName	verbatimScientificName	verbatimScientificNameAuthorship	countryCode	locality	stateProvince	occurrenceStatus	individualCount	publishingOrgKey	decimalLatitude	decimalLongitude	coordinateUncertaintyInMeters	coordinatePrecision	elevation	elevationAccuracy	depth	depthAccuracy	eventDate	day	month	year	taxonKey	speciesKey	basisOfRecord	institutionCode	collectionCode	catalogNumber	recordNumber	identifiedBy	dateIdentified	license	rightsHolder	recordedBy	typeStatus	establishmentMeans	lastInterpreted	mediaType	issue
694157085	d7cfd2ed-8af4-427f-a16e-eb66b7e2c419	14266	Fungi	Basidiomycota	Agaricomycetes	Agaricales	Amanitaceae	Amanita	Amanita frostiana		SPECIES	Amanita frostiana (Peck) Sacc.	Amanita frostiana Peck	Peck	CA	University of Toronto Forest	Ontario	PRESENT		ff418020-1d67-11d9-8435-b8a03c50a862	45.183005	-78.85025	7575.0						1966-09-14	14	9	1966	8205204	8205204	PRESERVED_SPECIMEN	Royal Ontario Museum	TRTC	TRTC044520				CC0_1_0	Royal Ontario Museum	Cain, R.F.			2024-01-25T00:59:40.408Z		COORDINATE_ROUNDED;AMBIGUOUS_INSTITUTION
694157069	d7cfd2ed-8af4-427f-a16e-eb66b7e2c419	14246	Fungi	Basidiomycota	Agaricomycetes	Agaricales	Amanitaceae	Amanita	Amanita frostiana		SPECIES	Amanita frostiana (Peck) Sacc.	Amanita frostiana Peck	Peck	CA	University of Toronto Forest	Ontario	PRESENT		ff418020-1d67-11d9-8435-b8a03c50a862	45.183005	-78.85025	7575.0						1965-09-17	17	9	1965	8205204	8205204	PRESERVED_SPECIMEN	Royal Ontario Museum	TRTC	TRTC044761		Cain, R.F.		CC0_1_0	Royal Ontario Museum	Cain, R.F.			2024-01-25T00:59:40.423Z		COORDINATE_ROUNDED;AMBIGUOUS_INSTITUTION
694157068	d7cfd2ed-8af4-427f-a16e-eb66b7e2c419	14245	Fungi	Basidiomycota	Agaricomycetes	Agaricales	Amanitaceae	Amanita	Amanita frostiana		SPECIES	Amanita frostiana (Peck) Sacc.	Amanita frostiana Peck	Peck	CA	Wren Lake	Ontario	PRESENT		ff418020-1d67-11d9-8435-b8a03c50a862	45.184064	-78.866601	790.0						1966-09-17	17	9	1966	8205204	8205204	PRESERVED_SPECIMEN	Royal Ontario Museum	TRTC	TRTC044754				CC0_1_0	Royal Ontario Museum	Cain, R.F.			2024-01-25T00:59:40.422Z		COORDINATE_ROUNDED;AMBIGUOUS_INSTITUTION
694157067	d7cfd2ed-8af4-427f-a16e-eb66b7e2c419	14244	Fungi	Basidiomycota	Agaricomycetes	Agaricales	Amanitaceae	Amanita	Amanita frostiana		SPECIES	Amanita frostiana (Peck) Sacc.	Amanita frostiana Peck	Peck	CA	University of Toronto Forest	Ontario	PRESENT		ff418020-1d67-11d9-8435-b8a03c50a862	45.183005	-78.85025	7575.0						1965-09-14	14	9	1965	8205204	8205204	PRESERVED_SPECIMEN	Royal Ontario Museum	TRTC	TRTC044756				CC0_1_0	Royal Ontario Museum	Cain, R.F.			2024-01-25T00:59:40.419Z		COORDINATE_ROUNDED;AMBIGUOUS_INSTITUTION
694157066	d7cfd2ed-8af4-427f-a16e-eb66b7e2c419	14243	Fungi	Basidiomycota	Agaricomycetes	Agaricales	Amanitaceae	Amanita	Amanita frostiana		SPECIES	Amanita frostiana (Peck) Sacc.	Amanita frostiana Peck	Peck	CA	Grindstone Lake	Ontario	PRESENT		ff418020-1d67-11d9-8435-b8a03c50a862	45.19655	-78.87587	692.0						1965-09-17	17	9	1965	8205204	8205204	PRESERVED_SPECIMEN	Royal Ontario Museum	TRTC	TRTC044755				CC0_1_0	Royal Ontario Museum	Cain, R.F.			2024-01-25T00:59:40.419Z		AMBIGUOUS_INSTITUTION
617554021	21705170-d2b6-42de-8904-c3bca4b83591	CMMF003863	Fungi	Basidiomycota	Agaricomycetes	Agaricales	Amanitaceae	Amanita	Amanita frostiana		SPECIES	Amanita frostiana (Peck) Sacc.	Amanita frostiana Peck	Peck	CA	Mascouche	Québec	PRESENT		ff7bd5db-b724-4932-b496-10ea298851f9	45.76054	-73.608926	5000.0						2004-08-14	14	8	2004	8205204	8205204	PRESERVED_SPECIMEN	Université de Montréal Biodiversity Centre	CMMF	CMMF003863		Lamoureux, Yves		CC0_1_0	Université de Montréal Biodiversity Centre	Lamoureux, Yves			2024-01-24T16:38:16.525Z	StillImage	INSTITUTION_MATCH_FUZZY;COLLECTION_MATCH_FUZZY;DIFFERENT_OWNER_INSTITUTION
617554013	21705170-d2b6-42de-8904-c3bca4b83591	CMMF003860	Fungi	Basidiomycota	Agaricomycetes	Agaricales	Amanitaceae	Amanita	Amanita frostiana		SPECIES	Amanita frostiana (Peck) Sacc.	Amanita frostiana Peck	Peck	CA	Saint-Alphonse-Rodriguez	Québec	PRESENT		ff7bd5db-b724-4932-b496-10ea298851f9	46.183333	-73.7	7500.0						2004-08-14	14	8	2004	8205204	8205204	PRESERVED_SPECIMEN	Université de Montréal Biodiversity Centre	CMMF	CMMF003860		Lamoureux, Yves		CC0_1_0	Université de Montréal Biodiversity Centre	Lamoureux, Yves			2024-01-24T16:38:16.524Z	StillImage	INSTITUTION_MATCH_FUZZY;COLLECTION_MATCH_FUZZY;DIFFERENT_OWNER_INSTITUTION
617549197	21705170-d2b6-42de-8904-c3bca4b83591	CMMF001738	Fungi	Basidiomycota	Agaricomycetes	Agaricales	Amanitaceae	Amanita	Amanita frostiana		SPECIES	Amanita frostiana (Peck) Sacc.	Amanita frostiana Peck	Peck	CA	Mascouche	Québec	PRESENT		ff7bd5db-b724-4932-b496-10ea298851f9	45.76054	-73.608926	5000.0						1992-08-10	10	8	1992	8205204	8205204	PRESERVED_SPECIMEN	Université de Montréal Biodiversity Centre	CMMF	CMMF001738		Lamoureux, Yves		CC0_1_0	Université de Montréal Biodiversity Centre	Sicard, Matthieu			2024-01-24T16:38:17.152Z	StillImage	INSTITUTION_MATCH_FUZZY;COLLECTION_MATCH_FUZZY;DIFFERENT_OWNER_INSTITUTION
5008163763	50c9509d-22c7-4a22-a47d-8c48425ef4a7	https://www.inaturalist.org/observations/133275051	Fungi	Basidiomycota	Agaricomycetes	Agaricales	Amanitaceae	Amanita	Amanita frostiana		SPECIES	Amanita frostiana (Peck) Sacc.	Amanita frostiana		CA		Québec	PRESENT		28eb1a3f-1c15-4a95-931a-4af90ecb574d	45.607031	-72.136447							2022-08-25T12:59:08	25	8	2022	8205204	8205204	HUMAN_OBSERVATION	iNaturalist	Observations	133275051		amanitamozart	2024-12-13T02:46:44	CC_BY_NC_4_0	Victor Grivegnée-Dumoulin	Victor Grivegnée-Dumoulin			2025-01-14T12:31:59.307Z	StillImage	COORDINATE_ROUNDED;CONTINENT_DERIVED_FROM_COORDINATES;TAXON_MATCH_TAXON_ID_IGNORED
5007471660	50c9509d-22c7-4a22-a47d-8c48425ef4a7	https://www.inaturalist.org/observations/255124233	Fungi	Basidiomycota	Agaricomycetes	Agaricales	Amanitaceae	Amanita	Amanita frostiana		SPECIES	Amanita frostiana (Peck) Sacc.	Amanita frostiana		CA		Québec	PRESENT		28eb1a3f-1c15-4a95-931a-4af90ecb574d	45.874324	-76.432934	1183.0						2024-08-30T12:51	30	8	2024	8205204	8205204	HUMAN_OBSERVATION	iNaturalist	Observations	255124233		L Joan Heyding	2024-12-15T00:06:28	CC_BY_NC_4_0	L Joan Heyding	L Joan Heyding			2025-01-14T12:56:42.454Z	StillImage	COORDINATE_ROUNDED;CONTINENT_DERIVED_FROM_COORDINATES;TAXON_MATCH_TAXON_ID_IGNORED
5006905233	50c9509d-22c7-4a22-a47d-8c48425ef4a7	https://www.inaturalist.org/observations/236991273	Fungi	Basidiomycota	Agaricomycetes	Agaricales	Amanitaceae	Amanita	Amanita frostiana		SPECIES	Amanita frostiana (Peck) Sacc.	Amanita frostiana		CA		Québec	PRESENT		28eb1a3f-1c15-4a95-931a-4af90ecb574d	45.319988	-71.910775	4.0						2024-08-20T16:34:38	20	8	2024	8205204	8205204	HUMAN_OBSERVATION	iNaturalist	Observations	236991273		amanitamozart	2024-12-11T02:53:28	CC_BY_NC_4_0	knochenkatze	knochenkatze			2025-01-14T12:56:46.838Z	StillImage	COORDINATE_ROUNDED;CONTINENT_DERIVED_FROM_COORDINATES;TAXON_MATCH_TAXON_ID_IGNORED
4994430411	50c9509d-22c7-4a22-a47d-8c48425ef4a7	https://www.inaturalist.org/observations/180536726	Fungi	Basidiomycota	Agaricomycetes	Agaricales	Amanitaceae	Amanita	Amanita frostiana		SPECIES	Amanita frostiana (Peck) Sacc.	Amanita frostiana		CA		New Brunswick	PRESENT		28eb1a3f-1c15-4a95-931a-4af90ecb574d	45.950283	-66.670947							2023-08-26T16:03:19	26	8	2023	8205204	8205204	HUMAN_OBSERVATION	iNaturalist	Observations	180536726		amanitamozart	2024-12-06T14:18:26	CC0_1_0	Andrew MacPherson	Andrew MacPherson			2025-01-14T13:32:24.214Z	StillImage	COORDINATE_ROUNDED;CONTINENT_DERIVED_FROM_COORDINATES;TAXON_MATCH_TAXON_ID_IGNORED
4993824838	50c9509d-22c7-4a22-a47d-8c48425ef4a7	https://www.inaturalist.org/observations/86575630	Fungi	Basidiomycota	Agaricomycetes	Agaricales	Amanitaceae	Amanita	Amanita frostiana		SPECIES	Amanita frostiana (Peck) Sacc.	Amanita frostiana		CA		Ontario	PRESENT		28eb1a3f-1c15-4a95-931a-4af90ecb574d	45.199289	-78.405951	31.0						2004-09-18T11:29	18	9	2004	8205204	8205204	HUMAN_OBSERVATION	iNaturalist	Observations	86575630		amanitamozart	2024-12-08T02:59:10	CC_BY_NC_4_0	Bonnie Kinder	Bonnie Kinder			2025-01-14T13:13:29.111Z	StillImage	COORDINATE_ROUNDED;CONTINENT_DERIVED_FROM_COORDINATES;TAXON_MATCH_TAXON_ID_IGNORED
4976343742	50c9509d-22c7-4a22-a47d-8c48425ef4a7	https://www.inaturalist.org/observations/248920321	Fungi	Basidiomycota	Agaricomycetes	Agaricales	Amanitaceae	Amanita	Amanita frostiana		SPECIES	Amanita frostiana (Peck) Sacc.	Amanita frostiana		CA		Ontario	PRESENT		28eb1a3f-1c15-4a95-931a-4af90ecb574d	45.060883	-79.309882	8.0						2008-07-13T10:42	13	7	2008	8205204	8205204	HUMAN_OBSERVATION	iNaturalist	Observations	248920321		Bill Crins	2024-10-24T19:10:50	CC_BY_NC_4_0	Bill Crins	Bill Crins			2025-01-14T13:49:05.473Z	StillImage	COORDINATE_ROUNDED;CONTINENT_DERIVED_FROM_COORDINATES;TAXON_MATCH_TAXON_ID_IGNORED
4974145347	50c9509d-22c7-4a22-a47d-8c48425ef4a7	https://www.inaturalist.org/observations/180262965	Fungi	Basidiomycota	Agaricomycetes	Agaricales	Amanitaceae	Amanita	Amanita frostiana		SPECIES	Amanita frostiana (Peck) Sacc.	Amanita frostiana		CA		Québec	PRESENT		28eb1a3f-1c15-4a95-931a-4af90ecb574d	45.655835	-75.435238	27126.0						2023-08-26T08:55:26	26	8	2023	8205204	8205204	HUMAN_OBSERVATION	iNaturalist	Observations	180262965		mostly_mycelia	2024-01-23T15:20:09	CC_BY_NC_4_0	mostly_mycelia	mostly_mycelia			2025-01-14T12:38:38.144Z	StillImage	COORDINATE_ROUNDED;CONTINENT_DERIVED_FROM_COORDINATES;TAXON_MATCH_TAXON_ID_IGNORED
4950471318	50c9509d-22c7-4a22-a47d-8c48425ef4a7	https://www.inaturalist.org/observations/90460774	Fungi	Basidiomycota	Agaricomycetes	Agaricales	Amanitaceae	Amanita	Amanita frostiana		SPECIES	Amanita frostiana (Peck) Sacc.	Amanita frostiana		CA		Québec	PRESENT		28eb1a3f-1c15-4a95-931a-4af90ecb574d	45.656456	-75.678896							2021-08-08T16:40:42	8	8	2021	8205204	8205204	HUMAN_OBSERVATION	iNaturalist	Observations	90460774		amanitamozart	2024-09-25T17:44:34	CC_BY_NC_4_0	Anthony Gaston	Anthony Gaston			2025-01-14T13:13:11.727Z	StillImage	COORDINATE_ROUNDED;CONTINENT_DERIVED_FROM_COORDINATES;TAXON_MATCH_TAXON_ID_IGNORED
4950436347	50c9509d-22c7-4a22-a47d-8c48425ef4a7	https://www.inaturalist.org/observations/138705547	Fungi	Basidiomycota	Agaricomycetes	Agaricales	Amanitaceae	Amanita	Amanita frostiana		SPECIES	Amanita frostiana (Peck) Sacc.	Amanita frostiana		CA		Québec	PRESENT		28eb1a3f-1c15-4a95-931a-4af90ecb574d	45.939328	-76.170967	4.0						2022-09-25T09:55:09	25	9	2022	8205204	8205204	HUMAN_OBSERVATION	iNaturalist	Observations	138705547		amanitamozart	2024-07-09T21:03:58	CC_BY_NC_4_0	Kiersten DeViller	Kiersten DeViller			2025-01-14T13:25:56.555Z	StillImage	COORDINATE_ROUNDED;CONTINENT_DERIVED_FROM_COORDINATES;TAXON_MATCH_TAXON_ID_IGNORED
4950107010	50c9509d-22c7-4a22-a47d-8c48425ef4a7	https://www.inaturalist.org/observations/243703549	Fungi	Basidiomycota	Agaricomycetes	Agaricales	Amanitaceae	Amanita	Amanita frostiana		SPECIES	Amanita frostiana (Peck) Sacc.	Amanita frostiana		CA		Ontario	PRESENT		28eb1a3f-1c15-4a95-931a-4af90ecb574d	45.024705	-78.256689	244.0						2020-09-14T09:04	14	9	2020	8205204	8205204	HUMAN_OBSERVATION	iNaturalist	Observations	243703549		PC Smith	2024-09-24T00:30:26	CC_BY_NC_4_0	PC Smith	PC Smith			2025-01-14T12:54:20.601Z	StillImage	COORDINATE_ROUNDED;CONTINENT_DERIVED_FROM_COORDINATES;TAXON_MATCH_TAXON_ID_IGNORED
4950006518	50c9509d-22c7-4a22-a47d-8c48425ef4a7	https://www.inaturalist.org/observations/243715384	Fungi	Basidiomycota	Agaricomycetes	Agaricales	Amanitaceae	Amanita	Amanita frostiana		SPECIES	Amanita frostiana (Peck) Sacc.	Amanita frostiana		CA		Ontario	PRESENT		28eb1a3f-1c15-4a95-931a-4af90ecb574d	45.527134	-78.709159							2020-08-09T11:54	9	8	2020	8205204	8205204	HUMAN_OBSERVATION	iNaturalist	Observations	243715384		Dan MacNeal	2024-09-24T02:01:29	CC_BY_4_0	Dan MacNeal	Dan MacNeal			2025-01-14T12:52:01.512Z	StillImage	COORDINATE_ROUNDED;CONTINENT_DERIVED_FROM_COORDINATES;TAXON_MATCH_TAXON_ID_IGNORED
4945682671	50c9509d-22c7-4a22-a47d-8c48425ef4a7	https://www.inaturalist.org/observations/241449463	Fungi	Basidiomycota	Agaricomycetes	Agaricales	Amanitaceae	Amanita	Amanita frostiana		SPECIES	Amanita frostiana (Peck) Sacc.	Amanita frostiana		CA		Québec	PRESENT		28eb1a3f-1c15-4a95-931a-4af90ecb574d	45.658109	-75.671228	4.0						2024-09-13T09:11:39	13	9	2024	8205204	8205204	HUMAN_OBSERVATION	iNaturalist	Observations	241449463		Anthony Gaston	2024-09-13T13:11:50	CC_BY_NC_4_0	Anthony Gaston	Anthony Gaston			2025-01-14T12:54:20.211Z	StillImage	COORDINATE_ROUNDED;CONTINENT_DERIVED_FROM_COORDINATES;TAXON_MATCH_TAXON_ID_IGNORED
4945463722	50c9509d-22c7-4a22-a47d-8c48425ef4a7	https://www.inaturalist.org/observations/175375789	Fungi	Basidiomycota	Agaricomycetes	Agaricales	Amanitaceae	Amanita	Amanita frostiana		SPECIES	Amanita frostiana (Peck) Sacc.	Amanita frostiana		CA		Québec	PRESENT		28eb1a3f-1c15-4a95-931a-4af90ecb574d	45.656536	-75.677696	8.0						2023-07-28T10:41:48	28	7	2023	8205204	8205204	HUMAN_OBSERVATION	iNaturalist	Observations	175375789		amanitamozart	2024-09-14T20:16:48	CC_BY_NC_4_0	Anthony Gaston	Anthony Gaston			2025-01-14T12:38:23.182Z	StillImage	COORDINATE_ROUNDED;CONTINENT_DERIVED_FROM_COORDINATES;TAXON_MATCH_TAXON_ID_IGNORED
4937217036	50c9509d-22c7-4a22-a47d-8c48425ef4a7	https://www.inaturalist.org/observations/237857672	Fungi	Basidiomycota	Agaricomycetes	Agaricales	Amanitaceae	Amanita	Amanita frostiana		SPECIES	Amanita frostiana (Peck) Sacc.	Amanita frostiana		CA		Ontario	PRESENT		28eb1a3f-1c15-4a95-931a-4af90ecb574d	45.129944	-78.472733	8.0						2024-08-25T10:10:56	25	8	2024	8205204	8205204	HUMAN_OBSERVATION	iNaturalist	Observations	237857672		Robyn	2024-08-25T14:12:09	CC_BY_NC_4_0	Robyn	Robyn			2025-01-14T12:50:05.426Z	StillImage	COORDINATE_ROUNDED;CONTINENT_DERIVED_FROM_COORDINATES;TAXON_MATCH_TAXON_ID_IGNORED
4936916086	50c9509d-22c7-4a22-a47d-8c48425ef4a7	https://www.inaturalist.org/observations/238647406	Fungi	Basidiomycota	Agaricomycetes	Agaricales	Amanitaceae	Amanita	Amanita frostiana		SPECIES	Amanita frostiana (Peck) Sacc.	Amanita frostiana		CA		Ontario	PRESENT		28eb1a3f-1c15-4a95-931a-4af90ecb574d	45.502041	-76.152704	5.0						2024-08-29T12:58:29	29	8	2024	8205204	8205204	HUMAN_OBSERVATION	iNaturalist	Observations	238647406		thrinley	2024-08-29T19:19:36	CC_BY_NC_4_0	thrinley	thrinley			2025-01-14T12:53:53.174Z	StillImage	COORDINATE_ROUNDED;CONTINENT_DERIVED_FROM_COORDINATES;TAXON_MATCH_TAXON_ID_IGNORED
4936897030	50c9509d-22c7-4a22-a47d-8c48425ef4a7	https://www.inaturalist.org/observations/132054943	Fungi	Basidiomycota	Agaricomycetes	Agaricales	Amanitaceae	Amanita	Amanita frostiana		SPECIES	Amanita frostiana (Peck) Sacc.	Amanita frostiana		CA		Ontario	PRESENT		28eb1a3f-1c15-4a95-931a-4af90ecb574d	45.407188	-75.118793	15.0						2022-08-22T14:33	22	8	2022	8205204	8205204	HUMAN_OBSERVATION	iNaturalist	Observations	132054943		amanitamozart	2024-04-28T04:18:28	CC_BY_4_0	christine123	christine123			2025-01-14T12:31:25.007Z	StillImage	COORDINATE_ROUNDED;CONTINENT_DERIVED_FROM_COORDINATES;TAXON_MATCH_TAXON_ID_IGNORED
4936765671	50c9509d-22c7-4a22-a47d-8c48425ef4a7	https://www.inaturalist.org/observations/239174479	Fungi	Basidiomycota	Agaricomycetes	Agaricales	Amanitaceae	Amanita	Amanita frostiana		SPECIES	Amanita frostiana (Peck) Sacc.	Amanita frostiana		CA		Québec	PRESENT		28eb1a3f-1c15-4a95-931a-4af90ecb574d	45.855488	-75.106033	14.0						2024-09-01T09:46:02	1	9	2024	8205204	8205204	HUMAN_OBSERVATION	iNaturalist	Observations	239174479		mireillelacombe	2024-09-01T13:57:31	CC_BY_NC_4_0	mireillelacombe	mireillelacombe			2025-01-14T13:42:48.500Z	StillImage	COORDINATE_ROUNDED;CONTINENT_DERIVED_FROM_COORDINATES;TAXON_MATCH_TAXON_ID_IGNORED
4936099471	50c9509d-22c7-4a22-a47d-8c48425ef4a7	https://www.inaturalist.org/observations/238623085	Fungi	Basidiomycota	Agaricomycetes	Agaricales	Amanitaceae	Amanita	Amanita frostiana		SPECIES	Amanita frostiana (Peck) Sacc.	Amanita frostiana		CA		Ontario	PRESENT		28eb1a3f-1c15-4a95-931a-4af90ecb574d	45.501957	-76.152822	9.0						2024-08-29T12:57:56	29	8	2024	8205204	8205204	HUMAN_OBSERVATION	iNaturalist	Observations	238623085		Anthony Gaston	2024-08-29T16:59:03	CC_BY_NC_4_0	Anthony Gaston	Anthony Gaston			2025-01-14T12:49:03.645Z	StillImage	COORDINATE_ROUNDED;CONTINENT_DERIVED_FROM_COORDINATES;TAXON_MATCH_TAXON_ID_IGNORED
4935897940	50c9509d-22c7-4a22-a47d-8c48425ef4a7	https://www.inaturalist.org/observations/229534938	Fungi	Basidiomycota	Agaricomycetes	Agaricales	Amanitaceae	Amanita	Amanita frostiana		SPECIES	Amanita frostiana (Peck) Sacc.	Amanita frostiana		CA		Ontario	PRESENT		28eb1a3f-1c15-4a95-931a-4af90ecb574d	45.464386	-77.524994							2024-07-13T12:50:23	13	7	2024	8205204	8205204	HUMAN_OBSERVATION	iNaturalist	Observations	229534938		amanitamozart	2024-08-29T13:06:50	CC_BY_NC_4_0	Anne Marie Ratych	Anne Marie Ratych			2025-01-14T12:47:12.699Z	StillImage	COORDINATE_ROUNDED;CONTINENT_DERIVED_FROM_COORDINATES;TAXON_MATCH_TAXON_ID_IGNORED
4926172050	50c9509d-22c7-4a22-a47d-8c48425ef4a7	https://www.inaturalist.org/observations/236327332	Fungi	Basidiomycota	Agaricomycetes	Agaricales	Amanitaceae	Amanita	Amanita frostiana		SPECIES	Amanita frostiana (Peck) Sacc.	Amanita frostiana		CA		Québec	PRESENT		28eb1a3f-1c15-4a95-931a-4af90ecb574d	46.03087	-73.704422	18.0						2024-08-17T10:29:09	17	8	2024	8205204	8205204	HUMAN_OBSERVATION	iNaturalist	Observations	236327332		timfoster	2024-08-17T17:50:23	CC_BY_NC_4_0	timfoster	timfoster			2025-01-14T12:52:49.409Z	StillImage	COORDINATE_ROUNDED;CONTINENT_DERIVED_FROM_COORDINATES;TAXON_MATCH_TAXON_ID_IGNORED
4926076915	50c9509d-22c7-4a22-a47d-8c48425ef4a7	https://www.inaturalist.org/observations/231900252	Fungi	Basidiomycota	Agaricomycetes	Agaricales	Amanitaceae	Amanita	Amanita frostiana		SPECIES	Amanita frostiana (Peck) Sacc.	Amanita frostiana		CA		Ontario	PRESENT		28eb1a3f-1c15-4a95-931a-4af90ecb574d	45.552922	-78.400812	4.0						2024-07-26T12:07:12	26	7	2024	8205204	8205204	HUMAN_OBSERVATION	iNaturalist	Observations	231900252		vectoris	2024-07-26T20:53:19	CC_BY_NC_4_0	vectoris	vectoris			2025-01-14T12:48:00.943Z	StillImage	COORDINATE_ROUNDED;CONTINENT_DERIVED_FROM_COORDINATES;TAXON_MATCH_TAXON_ID_IGNORED
4925972940	50c9509d-22c7-4a22-a47d-8c48425ef4a7	https://www.inaturalist.org/observations/236819178	Fungi	Basidiomycota	Agaricomycetes	Agaricales	Amanitaceae	Amanita	Amanita frostiana		SPECIES	Amanita frostiana (Peck) Sacc.	Amanita frostiana		CA		Québec	PRESENT		28eb1a3f-1c15-4a95-931a-4af90ecb574d	45.998572	-73.415617	280.0						2024-08-18T12:37:31	18	8	2024	8205204	8205204	HUMAN_OBSERVATION	iNaturalist	Observations	236819178		dart19	2024-08-19T23:53:01	CC_BY_NC_4_0	dart19	dart19			2025-01-14T12:52:22.228Z	StillImage	COORDINATE_ROUNDED;CONTINENT_DERIVED_FROM_COORDINATES;TAXON_MATCH_TAXON_ID_IGNORED
4921940026	50c9509d-22c7-4a22-a47d-8c48425ef4a7	https://www.inaturalist.org/observations/232815755	Fungi	Basidiomycota	Agaricomycetes	Agaricales	Amanitaceae	Amanita	Amanita frostiana		SPECIES	Amanita frostiana (Peck) Sacc.	Amanita frostiana		CA		Québec	PRESENT		28eb1a3f-1c15-4a95-931a-4af90ecb574d	45.872811	-76.4339	501.0						2024-07-26T12:21	26	7	2024	8205204	8205204	HUMAN_OBSERVATION	iNaturalist	Observations	232815755		L Joan Heyding	2024-07-31T01:35:28	CC_BY_NC_4_0	L Joan Heyding	L Joan Heyding			2025-01-14T13:42:24.627Z	StillImage	COORDINATE_ROUNDED;CONTINENT_DERIVED_FROM_COORDINATES;TAXON_MATCH_TAXON_ID_IGNORED
4921656699	50c9509d-22c7-4a22-a47d-8c48425ef4a7	https://www.inaturalist.org/observations/232797444	Fungi	Basidiomycota	Agaricomycetes	Agaricales	Amanitaceae	Amanita	Amanita frostiana		SPECIES	Amanita frostiana (Peck) Sacc.	Amanita frostiana		CA		Québec	PRESENT		28eb1a3f-1c15-4a95-931a-4af90ecb574d	45.872811	-76.4339	501.0						2024-07-24T17:49	24	7	2024	8205204	8205204	HUMAN_OBSERVATION	iNaturalist	Observations	232797444		L Joan Heyding	2024-07-30T23:33:56	CC_BY_NC_4_0	L Joan Heyding	L Joan Heyding			2025-01-14T13:42:23.563Z	StillImage	COORDINATE_ROUNDED;CONTINENT_DERIVED_FROM_COORDINATES;TAXON_MATCH_TAXON_ID_IGNORED
4919447557	50c9509d-22c7-4a22-a47d-8c48425ef4a7	https://www.inaturalist.org/observations/231063674	Fungi	Basidiomycota	Agaricomycetes	Agaricales	Amanitaceae	Amanita	Amanita frostiana		SPECIES	Amanita frostiana (Peck) Sacc.	Amanita frostiana		CA		Québec	PRESENT		28eb1a3f-1c15-4a95-931a-4af90ecb574d	45.608527	-75.645252	5.0						2024-07-14T14:43	14	7	2024	8205204	8205204	HUMAN_OBSERVATION	iNaturalist	Observations	231063674		Guy Laflamme	2024-07-22T20:19:35	CC_BY_NC_4_0	Guy Laflamme	Guy Laflamme			2025-01-14T12:49:59.315Z	StillImage	COORDINATE_ROUNDED;CONTINENT_DERIVED_FROM_COORDINATES;TAXON_MATCH_TAXON_ID_IGNORED
4909143570	50c9509d-22c7-4a22-a47d-8c48425ef4a7	https://www.inaturalist.org/observations/134308960	Fungi	Basidiomycota	Agaricomycetes	Agaricales	Amanitaceae	Amanita	Amanita frostiana		SPECIES	Amanita frostiana (Peck) Sacc.	Amanita frostiana		CA		Québec	PRESENT		28eb1a3f-1c15-4a95-931a-4af90ecb574d	45.654884	-75.673541							2022-09-09T11:07:45	9	9	2022	8205204	8205204	HUMAN_OBSERVATION	iNaturalist	Observations	134308960		Anthony Gaston	2022-09-09T16:06:51	CC_BY_NC_4_0	Anthony Gaston	Anthony Gaston			2025-01-14T12:32:24.672Z	StillImage	COORDINATE_ROUNDED;CONTINENT_DERIVED_FROM_COORDINATES;TAXON_MATCH_TAXON_ID_IGNORED
4909047575	50c9509d-22c7-4a22-a47d-8c48425ef4a7	https://www.inaturalist.org/observations/57488237	Fungi	Basidiomycota	Agaricomycetes	Agaricales	Amanitaceae	Amanita	Amanita frostiana		SPECIES	Amanita frostiana (Peck) Sacc.	Amanita frostiana		CA		Ontario	PRESENT		28eb1a3f-1c15-4a95-931a-4af90ecb574d	46.122728	-78.284492	4.0						2020-08-22T10:48:15	22	8	2020	8205204	8205204	HUMAN_OBSERVATION	iNaturalist	Observations	57488237		amanitamozart	2024-07-13T17:24:33	CC_BY_NC_4_0	Mike Theil	Mike Theil			2025-01-14T12:14:21.391Z	StillImage	COORDINATE_ROUNDED;CONTINENT_DERIVED_FROM_COORDINATES;TAXON_MATCH_TAXON_ID_IGNORED
4908984879	50c9509d-22c7-4a22-a47d-8c48425ef4a7	https://www.inaturalist.org/observations/229535126	Fungi	Basidiomycota	Agaricomycetes	Agaricales	Amanitaceae	Amanita	Amanita frostiana		SPECIES	Amanita frostiana (Peck) Sacc.	Amanita frostiana		CA		Ontario	PRESENT		28eb1a3f-1c15-4a95-931a-4af90ecb574d	45.464359	-77.524986							2024-07-13T12:51:11	13	7	2024	8205204	8205204	HUMAN_OBSERVATION	iNaturalist	Observations	229535126		Anne Marie Ratych	2024-07-15T17:31:16	CC_BY_NC_4_0	Anne Marie Ratych	Anne Marie Ratych			2025-01-14T12:49:29.515Z	StillImage	COORDINATE_ROUNDED;CONTINENT_DERIVED_FROM_COORDINATES;TAXON_MATCH_TAXON_ID_IGNORED
4908970244	50c9509d-22c7-4a22-a47d-8c48425ef4a7	https://www.inaturalist.org/observations/228517271	Fungi	Basidiomycota	Agaricomycetes	Agaricales	Amanitaceae	Amanita	Amanita frostiana		SPECIES	Amanita frostiana (Peck) Sacc.	Amanita frostiana		CA		Québec	PRESENT		28eb1a3f-1c15-4a95-931a-4af90ecb574d	45.872811	-76.4339	501.0						2024-07-08T10:49	8	7	2024	8205204	8205204	HUMAN_OBSERVATION	iNaturalist	Observations	228517271		L Joan Heyding	2024-07-10T21:03:19	CC_BY_NC_4_0	L Joan Heyding	L Joan Heyding			2025-01-14T14:15:59.497Z	StillImage	COORDINATE_ROUNDED;CONTINENT_DERIVED_FROM_COORDINATES;TAXON_MATCH_TAXON_ID_IGNORED
4908896743	50c9509d-22c7-4a22-a47d-8c48425ef4a7	https://www.inaturalist.org/observations/157642618	Fungi	Basidiomycota	Agaricomycetes	Agaricales	Amanitaceae	Amanita	Amanita frostiana		SPECIES	Amanita frostiana (Peck) Sacc.	Amanita frostiana		CA		Ontario	PRESENT		28eb1a3f-1c15-4a95-931a-4af90ecb574d	45.199453	-76.238786	122.0						2022-09-04T12:52	4	9	2022	8205204	8205204	HUMAN_OBSERVATION	iNaturalist	Observations	157642618		almonteallisons	2023-04-29T16:10:03	CC_BY_NC_4_0	almonteallisons	almonteallisons			2025-01-14T12:34:12.449Z	StillImage	COORDINATE_ROUNDED;CONTINENT_DERIVED_FROM_COORDINATES;TAXON_MATCH_TAXON_ID_IGNORED
4908896185	50c9509d-22c7-4a22-a47d-8c48425ef4a7	https://www.inaturalist.org/observations/136228392	Fungi	Basidiomycota	Agaricomycetes	Agaricales	Amanitaceae	Amanita	Amanita frostiana		SPECIES	Amanita frostiana (Peck) Sacc.	Amanita frostiana		CA		Ontario	PRESENT		28eb1a3f-1c15-4a95-931a-4af90ecb574d	45.455332	-75.546733							2022-09-23T14:08	23	9	2022	8205204	8205204	HUMAN_OBSERVATION	iNaturalist	Observations	136228392		jonathan_mack	2022-09-24T01:51:44	CC_BY_NC_4_0	jonathan_mack	jonathan_mack			2025-01-14T13:25:38.264Z	StillImage	COORDINATE_ROUNDED;CONTINENT_DERIVED_FROM_COORDINATES;TAXON_MATCH_TAXON_ID_IGNORED
4908679349	50c9509d-22c7-4a22-a47d-8c48425ef4a7	https://www.inaturalist.org/observations/175568571	Fungi	Basidiomycota	Agaricomycetes	Agaricales	Amanitaceae	Amanita	Amanita frostiana		SPECIES	Amanita frostiana (Peck) Sacc.	Amanita frostiana		CA		Ontario	PRESENT		28eb1a3f-1c15-4a95-931a-4af90ecb574d	45.35182	-75.587837	5.0						2023-07-29T09:58:57	29	7	2023	8205204	8205204	HUMAN_OBSERVATION	iNaturalist	Observations	175568571		vmelissa_cwf	2023-07-29T16:54:53	CC_BY_NC_4_0	vmelissa_cwf	vmelissa_cwf			2025-01-14T12:37:17.019Z	StillImage	COORDINATE_ROUNDED;CONTINENT_DERIVED_FROM_COORDINATES;TAXON_MATCH_TAXON_ID_IGNORED
4908646483	50c9509d-22c7-4a22-a47d-8c48425ef4a7	https://www.inaturalist.org/observations/132799548	Fungi	Basidiomycota	Agaricomycetes	Agaricales	Amanitaceae	Amanita	Amanita frostiana		SPECIES	Amanita frostiana (Peck) Sacc.	Amanita frostiana		CA		New Brunswick	PRESENT		28eb1a3f-1c15-4a95-931a-4af90ecb574d	47.28754	-68.372782	26871.0						2022-08-27	27	8	2022	8205204	8205204	HUMAN_OBSERVATION	iNaturalist	Observations	132799548		kels	2022-08-29T11:13:30	CC_BY_NC_4_0	kels	kels			2025-01-14T12:33:30.634Z	StillImage	COORDINATE_ROUNDED;CONTINENT_DERIVED_FROM_COORDINATES;TAXON_MATCH_TAXON_ID_IGNORED
4908605441	50c9509d-22c7-4a22-a47d-8c48425ef4a7	https://www.inaturalist.org/observations/134426188	Fungi	Basidiomycota	Agaricomycetes	Agaricales	Amanitaceae	Amanita	Amanita frostiana		SPECIES	Amanita frostiana (Peck) Sacc.	Amanita frostiana		CA		Québec	PRESENT		28eb1a3f-1c15-4a95-931a-4af90ecb574d	45.659394	-75.673817	1407.0						2022-09-10T09:43:03	10	9	2022	8205204	8205204	HUMAN_OBSERVATION	iNaturalist	Observations	134426188		Anthony Gaston	2022-09-10T14:42:21	CC_BY_NC_4_0	Anthony Gaston	Anthony Gaston			2025-01-14T13:20:53.387Z	StillImage	COORDINATE_ROUNDED;CONTINENT_DERIVED_FROM_COORDINATES;TAXON_MATCH_TAXON_ID_IGNORED
4908415247	50c9509d-22c7-4a22-a47d-8c48425ef4a7	https://www.inaturalist.org/observations/57916927	Fungi	Basidiomycota	Agaricomycetes	Agaricales	Amanitaceae	Amanita	Amanita frostiana		SPECIES	Amanita frostiana (Peck) Sacc.	Amanita frostiana		CA		Québec	PRESENT		28eb1a3f-1c15-4a95-931a-4af90ecb574d	46.803161	-79.084428	26935.0						2020-08-15T09:53	15	8	2020	8205204	8205204	HUMAN_OBSERVATION	iNaturalist	Observations	57916927		cinna_latifolia	2021-11-11T05:40:25	CC_BY_NC_4_0	Jennifer Doubt	Jennifer Doubt			2025-01-14T13:10:09.183Z	StillImage	COORDINATE_ROUNDED;CONTINENT_DERIVED_FROM_COORDINATES;TAXON_MATCH_TAXON_ID_IGNORED
4908105710	50c9509d-22c7-4a22-a47d-8c48425ef4a7	https://www.inaturalist.org/observations/177552245	Fungi	Basidiomycota	Agaricomycetes	Agaricales	Amanitaceae	Amanita	Amanita frostiana		SPECIES	Amanita frostiana (Peck) Sacc.	Amanita frostiana		CA		Québec	PRESENT		28eb1a3f-1c15-4a95-931a-4af90ecb574d	45.879364	-74.000496	171.0						2023-08-09T15:12:15	9	8	2023	8205204	8205204	HUMAN_OBSERVATION	iNaturalist	Observations	177552245		amanitamozart	2024-07-15T04:35:11	CC_BY_NC_4_0	Sylvain Miller	Sylvain Miller			2025-01-14T13:31:57.252Z	StillImage	COORDINATE_ROUNDED;CONTINENT_DERIVED_FROM_COORDINATES;TAXON_MATCH_TAXON_ID_IGNORED
4875360017	50c9509d-22c7-4a22-a47d-8c48425ef4a7	https://www.inaturalist.org/observations/175374315	Fungi	Basidiomycota	Agaricomycetes	Agaricales	Amanitaceae	Amanita	Amanita frostiana		SPECIES	Amanita frostiana (Peck) Sacc.	Amanita frostiana		CA		Québec	PRESENT		28eb1a3f-1c15-4a95-931a-4af90ecb574d	45.655734	-75.675667	3.0						2023-07-28T10:32:41	28	7	2023	8205204	8205204	HUMAN_OBSERVATION	iNaturalist	Observations	175374315		Antoine Fortin	2023-07-28T17:08:45	CC_BY_NC_4_0	thrinley	thrinley			2025-01-14T12:37:59.285Z	StillImage	COORDINATE_ROUNDED;CONTINENT_DERIVED_FROM_COORDINATES;TAXON_MATCH_TAXON_ID_IGNORED
4852666445	50c9509d-22c7-4a22-a47d-8c48425ef4a7	https://www.inaturalist.org/observations/88682493	Fungi	Basidiomycota	Agaricomycetes	Agaricales	Amanitaceae	Amanita	Amanita frostiana		SPECIES	Amanita frostiana (Peck) Sacc.	Amanita frostiana		CA		Québec	PRESENT		28eb1a3f-1c15-4a95-931a-4af90ecb574d	45.849705	-76.539192	3.0						2021-07-25T14:12:52	25	7	2021	8205204	8205204	HUMAN_OBSERVATION	iNaturalist	Observations	88682493		amanitamozart	2024-04-28T16:36:10	CC_BY_NC_4_0	Krista Rawlinson	Krista Rawlinson			2025-01-14T13:10:44.477Z	StillImage	COORDINATE_ROUNDED;CONTINENT_DERIVED_FROM_COORDINATES;TAXON_MATCH_TAXON_ID_IGNORED
4607186285	50c9509d-22c7-4a22-a47d-8c48425ef4a7	https://www.inaturalist.org/observations/180253406	Fungi	Basidiomycota	Agaricomycetes	Agaricales	Amanitaceae	Amanita	Amanita frostiana		SPECIES	Amanita frostiana (Peck) Sacc.	Amanita frostiana		CA		Ontario	PRESENT		28eb1a3f-1c15-4a95-931a-4af90ecb574d	45.637263	-78.654013	4.0						2023-08-23T16:24:55	23	8	2023	8205204	8205204	HUMAN_OBSERVATION	iNaturalist	Observations	180253406		mcguirecreatures	2023-08-26T12:01:12	CC_BY_NC_4_0	mcguirecreatures	mcguirecreatures			2025-01-14T13:33:02.224Z	StillImage	COORDINATE_ROUNDED;CONTINENT_DERIVED_FROM_COORDINATES;TAXON_MATCH_TAXON_ID_IGNORED
4510235086	50c9509d-22c7-4a22-a47d-8c48425ef4a7	https://www.inaturalist.org/observations/178072969	Fungi	Basidiomycota	Agaricomycetes	Agaricales	Amanitaceae	Amanita	Amanita frostiana		SPECIES	Amanita frostiana (Peck) Sacc.	Amanita frostiana		CA		Ontario	PRESENT		28eb1a3f-1c15-4a95-931a-4af90ecb574d	45.217617	-78.650262	86.0						2023-08-12T15:12:29	12	8	2023	8205204	8205204	HUMAN_OBSERVATION	iNaturalist	Observations	178072969		phenry64	2023-08-12T22:07:08	CC_BY_NC_4_0	phenry64	phenry64			2025-01-14T12:41:18.406Z	StillImage	COORDINATE_ROUNDED;CONTINENT_DERIVED_FROM_COORDINATES;TAXON_MATCH_TAXON_ID_IGNORED
4440643959	50c9509d-22c7-4a22-a47d-8c48425ef4a7	https://www.inaturalist.org/observations/180688406	Fungi	Basidiomycota	Agaricomycetes	Agaricales	Amanitaceae	Amanita	Amanita frostiana		SPECIES	Amanita frostiana (Peck) Sacc.	Amanita frostiana		CA		Québec	PRESENT		28eb1a3f-1c15-4a95-931a-4af90ecb574d	46.747337	-72.820495	59.0						2023-08-25T09:07:56	25	8	2023	8205204	8205204	HUMAN_OBSERVATION	iNaturalist	Observations	180688406		amanitamozart	2023-08-29T17:19:51	CC_BY_4_0	Tori Miller	Tori Miller			2025-01-14T13:33:11.670Z	StillImage	COORDINATE_ROUNDED;CONTINENT_DERIVED_FROM_COORDINATES;TAXON_MATCH_TAXON_ID_IGNORED
4430535919	50c9509d-22c7-4a22-a47d-8c48425ef4a7	https://www.inaturalist.org/observations/187124428	Fungi	Basidiomycota	Agaricomycetes	Agaricales	Amanitaceae	Amanita	Amanita frostiana		SPECIES	Amanita frostiana (Peck) Sacc.	Amanita frostiana		CA		Québec	PRESENT		28eb1a3f-1c15-4a95-931a-4af90ecb574d	45.392947	-74.181328	84.0						2023-10-09T13:12	9	10	2023	8205204	8205204	HUMAN_OBSERVATION	iNaturalist	Observations	187124428		Benjamin Leo	2023-10-11T15:03:02	CC_BY_NC_4_0	Benjamin Leo	Benjamin Leo			2025-01-14T13:29:56.950Z	StillImage	COORDINATE_ROUNDED;CONTINENT_DERIVED_FROM_COORDINATES;TAXON_MATCH_TAXON_ID_IGNORED
4424400754	50c9509d-22c7-4a22-a47d-8c48425ef4a7	https://www.inaturalist.org/observations/176895231	Fungi	Basidiomycota	Agaricomycetes	Agaricales	Amanitaceae	Amanita	Amanita frostiana		SPECIES	Amanita frostiana (Peck) Sacc.	Amanita frostiana		CA		Québec	PRESENT		28eb1a3f-1c15-4a95-931a-4af90ecb574d	46.118462	-74.596185	22910.0						2023-08-04T12:11	4	8	2023	8205204	8205204	HUMAN_OBSERVATION	iNaturalist	Observations	176895231		dezertroze	2023-08-06T02:29:22	CC_BY_NC_4_0	dezertroze	dezertroze			2025-01-14T13:31:55.630Z	StillImage	COORDINATE_ROUNDED;CONTINENT_DERIVED_FROM_COORDINATES;TAXON_MATCH_TAXON_ID_IGNORED
4424101583	50c9509d-22c7-4a22-a47d-8c48425ef4a7	https://www.inaturalist.org/observations/181744860	Fungi	Basidiomycota	Agaricomycetes	Agaricales	Amanitaceae	Amanita	Amanita frostiana		SPECIES	Amanita frostiana (Peck) Sacc.	Amanita frostiana		CA		Ontario	PRESENT		28eb1a3f-1c15-4a95-931a-4af90ecb574d	46.302396	-79.262472							2023-09-04T09:29:57	4	9	2023	8205204	8205204	HUMAN_OBSERVATION	iNaturalist	Observations	181744860		Dianna Wolfe	2023-09-04T14:54:01	CC_BY_NC_4_0	Dianna Wolfe	Dianna Wolfe			2025-01-14T13:32:24.074Z	StillImage	CONTINENT_DERIVED_FROM_COORDINATES;TAXON_MATCH_TAXON_ID_IGNORED
4416844647	50c9509d-22c7-4a22-a47d-8c48425ef4a7	https://www.inaturalist.org/observations/184219231	Fungi	Basidiomycota	Agaricomycetes	Agaricales	Amanitaceae	Amanita	Amanita frostiana		SPECIES	Amanita frostiana (Peck) Sacc.	Amanita frostiana		CA		Ontario	PRESENT		28eb1a3f-1c15-4a95-931a-4af90ecb574d	45.261015	-78.67006							2023-08-26T12:18:14	26	8	2023	8205204	8205204	HUMAN_OBSERVATION	iNaturalist	Observations	184219231		jacktoms	2023-09-21T04:48:56	CC_BY_NC_4_0	jacktoms	jacktoms			2025-01-14T13:27:44.914Z	StillImage	CONTINENT_DERIVED_FROM_COORDINATES;TAXON_MATCH_TAXON_ID_IGNORED
4413573940	50c9509d-22c7-4a22-a47d-8c48425ef4a7	https://www.inaturalist.org/observations/172583221	Fungi	Basidiomycota	Agaricomycetes	Agaricales	Amanitaceae	Amanita	Amanita frostiana		SPECIES	Amanita frostiana (Peck) Sacc.	Amanita frostiana		CA		Ontario	PRESENT		28eb1a3f-1c15-4a95-931a-4af90ecb574d	45.148539	-77.070275							2023-07-12T13:39:37	12	7	2023	8205204	8205204	HUMAN_OBSERVATION	iNaturalist	Observations	172583221		amanitamozart	2023-09-11T21:34:28	CC0_1_0	Hannah Moran-Macdonald	Hannah Moran-Macdonald			2025-01-14T12:37:46.507Z	StillImage	COORDINATE_ROUNDED;CONTINENT_DERIVED_FROM_COORDINATES;TAXON_MATCH_TAXON_ID_IGNORED
4413457921	50c9509d-22c7-4a22-a47d-8c48425ef4a7	https://www.inaturalist.org/observations/182729462	Fungi	Basidiomycota	Agaricomycetes	Agaricales	Amanitaceae	Amanita	Amanita frostiana		SPECIES	Amanita frostiana (Peck) Sacc.	Amanita frostiana		CA		Ontario	PRESENT		28eb1a3f-1c15-4a95-931a-4af90ecb574d	45.940366	-78.71952	1044.0						2023-09-06T07:33	6	9	2023	8205204	8205204	HUMAN_OBSERVATION	iNaturalist	Observations	182729462		L Joan Heyding	2023-09-10T23:47:26	CC_BY_NC_4_0	L Joan Heyding	L Joan Heyding			2025-01-14T13:27:17.617Z	StillImage	COORDINATE_ROUNDED;CONTINENT_DERIVED_FROM_COORDINATES;TAXON_MATCH_TAXON_ID_IGNORED
4405358523	50c9509d-22c7-4a22-a47d-8c48425ef4a7	https://www.inaturalist.org/observations/180373517	Fungi	Basidiomycota	Agaricomycetes	Agaricales	Amanitaceae	Amanita	Amanita frostiana		SPECIES	Amanita frostiana (Peck) Sacc.	Amanita frostiana		CA		Ontario	PRESENT		28eb1a3f-1c15-4a95-931a-4af90ecb574d	45.227994	-79.287786							2023-08-26T16:48:22	26	8	2023	8205204	8205204	HUMAN_OBSERVATION	iNaturalist	Observations	180373517		ajwc95	2023-08-27T01:48:05	CC_BY_NC_4_0	alitheabsurd	alitheabsurd			2025-01-14T13:32:37.827Z	StillImage	COORDINATE_ROUNDED;CONTINENT_DERIVED_FROM_COORDINATES;TAXON_MATCH_TAXON_ID_IGNORED
4405301037	50c9509d-22c7-4a22-a47d-8c48425ef4a7	https://www.inaturalist.org/observations/180629720	Fungi	Basidiomycota	Agaricomycetes	Agaricales	Amanitaceae	Amanita	Amanita frostiana		SPECIES	Amanita frostiana (Peck) Sacc.	Amanita frostiana		CA		Québec	PRESENT		28eb1a3f-1c15-4a95-931a-4af90ecb574d	45.61877	-75.464421	27126.0						2023-08-28T11:11:32	28	8	2023	8205204	8205204	HUMAN_OBSERVATION	iNaturalist	Observations	180629720		amanitamozart	2023-08-29T13:33:50	CC_BY_NC_4_0	mostly_mycelia	mostly_mycelia			2025-01-14T14:11:30.071Z	StillImage	COORDINATE_ROUNDED;CONTINENT_DERIVED_FROM_COORDINATES;TAXON_MATCH_TAXON_ID_IGNORED
4405286852	50c9509d-22c7-4a22-a47d-8c48425ef4a7	https://www.inaturalist.org/observations/178200112	Fungi	Basidiomycota	Agaricomycetes	Agaricales	Amanitaceae	Amanita	Amanita frostiana		SPECIES	Amanita frostiana (Peck) Sacc.	Amanita frostiana		CA		Ontario	PRESENT		28eb1a3f-1c15-4a95-931a-4af90ecb574d	45.530917	-78.670844	488.0						2023-08-04T14:44	4	8	2023	8205204	8205204	HUMAN_OBSERVATION	iNaturalist	Observations	178200112		louisetrussler	2023-08-13T16:08:23	CC_BY_NC_4_0	louisetrussler	louisetrussler			2025-01-14T12:38:25.340Z	StillImage	COORDINATE_ROUNDED;CONTINENT_DERIVED_FROM_COORDINATES;TAXON_MATCH_TAXON_ID_IGNORED
4405284298	50c9509d-22c7-4a22-a47d-8c48425ef4a7	https://www.inaturalist.org/observations/180228931	Fungi	Basidiomycota	Agaricomycetes	Agaricales	Amanitaceae	Amanita	Amanita frostiana		SPECIES	Amanita frostiana (Peck) Sacc.	Amanita frostiana		CA		Ontario	PRESENT		28eb1a3f-1c15-4a95-931a-4af90ecb574d	45.860522	-77.75129	44914.0						2023-07-27T14:05:02	27	7	2023	8205204	8205204	HUMAN_OBSERVATION	iNaturalist	Observations	180228931		janesly	2023-08-26T06:01:29	CC_BY_NC_4_0	janesly	janesly			2025-01-14T12:39:39.879Z	StillImage	COORDINATE_ROUNDED;CONTINENT_DERIVED_FROM_COORDINATES;TAXON_MATCH_TAXON_ID_IGNORED
4405013481	50c9509d-22c7-4a22-a47d-8c48425ef4a7	https://www.inaturalist.org/observations/136415798	Fungi	Basidiomycota	Agaricomycetes	Agaricales	Amanitaceae	Amanita	Amanita frostiana		SPECIES	Amanita frostiana (Peck) Sacc.	Amanita frostiana		CA		Ontario	PRESENT		28eb1a3f-1c15-4a95-931a-4af90ecb574d	45.324	-75.81							2022-09-23T16:52:57	23	9	2022	8205204	8205204	HUMAN_OBSERVATION	iNaturalist	Observations	136415798		amanitamozart	2023-07-29T17:48:47	CC_BY_NC_4_0	trailtime55	trailtime55			2025-01-14T12:32:22.757Z	StillImage	CONTINENT_DERIVED_FROM_COORDINATES;TAXON_MATCH_TAXON_ID_IGNORED
4400248740	50c9509d-22c7-4a22-a47d-8c48425ef4a7	https://www.inaturalist.org/observations/179352938	Fungi	Basidiomycota	Agaricomycetes	Agaricales	Amanitaceae	Amanita	Amanita frostiana		SPECIES	Amanita frostiana (Peck) Sacc.	Amanita frostiana		CA		Québec	PRESENT		28eb1a3f-1c15-4a95-931a-4af90ecb574d	45.373905	-73.952187	4.0						2023-08-20T11:07:18	20	8	2023	8205204	8205204	HUMAN_OBSERVATION	iNaturalist	Observations	179352938		Mical	2023-08-20T15:09:01	CC_BY_4_0	Mical	Mical			2025-01-14T12:39:24.952Z	StillImage	COORDINATE_ROUNDED;CONTINENT_DERIVED_FROM_COORDINATES;TAXON_MATCH_TAXON_ID_IGNORED
4400226550	50c9509d-22c7-4a22-a47d-8c48425ef4a7	https://www.inaturalist.org/observations/179564528	Fungi	Basidiomycota	Agaricomycetes	Agaricales	Amanitaceae	Amanita	Amanita frostiana		SPECIES	Amanita frostiana (Peck) Sacc.	Amanita frostiana		CA		Québec	PRESENT		28eb1a3f-1c15-4a95-931a-4af90ecb574d	45.685783	-75.83452	4.0						2023-08-21T09:13:21	21	8	2023	8205204	8205204	HUMAN_OBSERVATION	iNaturalist	Observations	179564528		amanitamozart	2023-08-22T03:17:11	CC_BY_NC_4_0	Celine Perrier	Celine Perrier			2025-01-14T12:39:58.726Z	StillImage	COORDINATE_ROUNDED;CONTINENT_DERIVED_FROM_COORDINATES;TAXON_MATCH_TAXON_ID_IGNORED
4177563460	50c9509d-22c7-4a22-a47d-8c48425ef4a7	https://www.inaturalist.org/observations/178100261	Fungi	Basidiomycota	Agaricomycetes	Agaricales	Amanitaceae	Amanita	Amanita frostiana		SPECIES	Amanita frostiana (Peck) Sacc.	Amanita frostiana		CA		Québec	PRESENT		28eb1a3f-1c15-4a95-931a-4af90ecb574d	45.986623	-76.511065	27095.0						2023-08-06T13:02	6	8	2023	8205204	8205204	HUMAN_OBSERVATION	iNaturalist	Observations	178100261		L Joan Heyding	2023-08-13T01:28:10	CC_BY_NC_4_0	L Joan Heyding	L Joan Heyding			2025-01-14T13:31:03.802Z	StillImage	COORDINATE_ROUNDED;CONTINENT_DERIVED_FROM_COORDINATES;TAXON_MATCH_TAXON_ID_IGNORED
4177396906	50c9509d-22c7-4a22-a47d-8c48425ef4a7	https://www.inaturalist.org/observations/177732544	Fungi	Basidiomycota	Agaricomycetes	Agaricales	Amanitaceae	Amanita	Amanita frostiana		SPECIES	Amanita frostiana (Peck) Sacc.	Amanita frostiana		CA		Québec	PRESENT		28eb1a3f-1c15-4a95-931a-4af90ecb574d	46.254242	-75.802921	8.0						2023-08-10T17:28:27	10	8	2023	8205204	8205204	HUMAN_OBSERVATION	iNaturalist	Observations	177732544		julieshutterbug	2023-08-10T21:30:34	CC_BY_NC_4_0	julieshutterbug	julieshutterbug			2025-01-14T13:31:51.064Z	StillImage	COORDINATE_ROUNDED;CONTINENT_DERIVED_FROM_COORDINATES;TAXON_MATCH_TAXON_ID_IGNORED
4176956284	50c9509d-22c7-4a22-a47d-8c48425ef4a7	https://www.inaturalist.org/observations/177919954	Fungi	Basidiomycota	Agaricomycetes	Agaricales	Amanitaceae	Amanita	Amanita frostiana		SPECIES	Amanita frostiana (Peck) Sacc.	Amanita frostiana		CA		New Brunswick	PRESENT		28eb1a3f-1c15-4a95-931a-4af90ecb574d	45.609967	-67.442581	37.0						2023-08-11T11:29	11	8	2023	8205204	8205204	HUMAN_OBSERVATION	iNaturalist	Observations	177919954		Alfredo Justo	2023-08-12T01:03:42	CC_BY_NC_4_0	Alfredo Justo	Alfredo Justo			2025-01-14T13:32:33.726Z	StillImage	COORDINATE_ROUNDED;CONTINENT_DERIVED_FROM_COORDINATES;TAXON_MATCH_TAXON_ID_IGNORED
4171962356	50c9509d-22c7-4a22-a47d-8c48425ef4a7	https://www.inaturalist.org/observations/176009778	Fungi	Basidiomycota	Agaricomycetes	Agaricales	Amanitaceae	Amanita	Amanita frostiana		SPECIES	Amanita frostiana (Peck) Sacc.	Amanita frostiana		CA		Ontario	PRESENT		28eb1a3f-1c15-4a95-931a-4af90ecb574d	45.217033	-78.650095	16.0						2023-07-31T12:38:42	31	7	2023	8205204	8205204	HUMAN_OBSERVATION	iNaturalist	Observations	176009778		phenry64	2023-07-31T22:11:05	CC_BY_NC_4_0	phenry64	phenry64			2025-01-14T13:31:32.841Z	StillImage	COORDINATE_ROUNDED;CONTINENT_DERIVED_FROM_COORDINATES;TAXON_MATCH_TAXON_ID_IGNORED
4171945002	50c9509d-22c7-4a22-a47d-8c48425ef4a7	https://www.inaturalist.org/observations/175650474	Fungi	Basidiomycota	Agaricomycetes	Agaricales	Amanitaceae	Amanita	Amanita frostiana		SPECIES	Amanita frostiana (Peck) Sacc.	Amanita frostiana		CA		Québec	PRESENT		28eb1a3f-1c15-4a95-931a-4af90ecb574d	45.549024	-73.157959	2101.0						2023-07-29T13:02	29	7	2023	8205204	8205204	HUMAN_OBSERVATION	iNaturalist	Observations	175650474		Antoine Fortin	2023-07-30T01:39:02	CC_BY_NC_4_0	Antoine Fortin	Antoine Fortin			2025-01-14T13:26:10.257Z	StillImage	COORDINATE_ROUNDED;CONTINENT_DERIVED_FROM_COORDINATES;TAXON_MATCH_TAXON_ID_IGNORED
4171796020	50c9509d-22c7-4a22-a47d-8c48425ef4a7	https://www.inaturalist.org/observations/176009696	Fungi	Basidiomycota	Agaricomycetes	Agaricales	Amanitaceae	Amanita	Amanita frostiana		SPECIES	Amanita frostiana (Peck) Sacc.	Amanita frostiana		CA		Ontario	PRESENT		28eb1a3f-1c15-4a95-931a-4af90ecb574d	45.217913	-78.650305	12.0						2023-07-31T11:59:51	31	7	2023	8205204	8205204	HUMAN_OBSERVATION	iNaturalist	Observations	176009696		phenry64	2023-07-31T22:10:25	CC_BY_NC_4_0	phenry64	phenry64			2025-01-14T12:37:24.255Z	StillImage	COORDINATE_ROUNDED;CONTINENT_DERIVED_FROM_COORDINATES;TAXON_MATCH_TAXON_ID_IGNORED
4171755461	50c9509d-22c7-4a22-a47d-8c48425ef4a7	https://www.inaturalist.org/observations/175539749	Fungi	Basidiomycota	Agaricomycetes	Agaricales	Amanitaceae	Amanita	Amanita frostiana		SPECIES	Amanita frostiana (Peck) Sacc.	Amanita frostiana		CA		Québec	PRESENT		28eb1a3f-1c15-4a95-931a-4af90ecb574d	45.654354	-75.676007	6.0						2023-07-29T10:12:09	29	7	2023	8205204	8205204	HUMAN_OBSERVATION	iNaturalist	Observations	175539749		Anthony Gaston	2023-07-29T14:14:23	CC_BY_NC_4_0	Anthony Gaston	Anthony Gaston			2025-01-14T12:37:15.460Z	StillImage	COORDINATE_ROUNDED;CONTINENT_DERIVED_FROM_COORDINATES;TAXON_MATCH_TAXON_ID_IGNORED
4171718528	50c9509d-22c7-4a22-a47d-8c48425ef4a7	https://www.inaturalist.org/observations/125365962	Fungi	Basidiomycota	Agaricomycetes	Agaricales	Amanitaceae	Amanita	Amanita frostiana		SPECIES	Amanita frostiana (Peck) Sacc.	Amanita frostiana		CA		Québec	PRESENT		28eb1a3f-1c15-4a95-931a-4af90ecb574d	46.469007	-72.374772	39.0						2022-07-08T12:51:55	8	7	2022	8205204	8205204	HUMAN_OBSERVATION	iNaturalist	Observations	125365962		Morphie	2022-08-20T07:37:45	CC_BY_NC_4_0	vincent_dumontier	vincent_dumontier			2025-01-14T12:30:41.619Z	StillImage	COORDINATE_ROUNDED;CONTINENT_DERIVED_FROM_COORDINATES;TAXON_MATCH_TAXON_ID_IGNORED
4171537782	50c9509d-22c7-4a22-a47d-8c48425ef4a7	https://www.inaturalist.org/observations/175539620	Fungi	Basidiomycota	Agaricomycetes	Agaricales	Amanitaceae	Amanita	Amanita frostiana		SPECIES	Amanita frostiana (Peck) Sacc.	Amanita frostiana		CA		Québec	PRESENT		28eb1a3f-1c15-4a95-931a-4af90ecb574d	45.654325	-75.676225	7.0						2023-07-29T10:12:24	29	7	2023	8205204	8205204	HUMAN_OBSERVATION	iNaturalist	Observations	175539620		thrinley	2023-07-29T14:13:22	CC_BY_NC_4_0	thrinley	thrinley			2025-01-14T12:43:36.304Z	StillImage	COORDINATE_ROUNDED;CONTINENT_DERIVED_FROM_COORDINATES;TAXON_MATCH_TAXON_ID_IGNORED
4171193469	50c9509d-22c7-4a22-a47d-8c48425ef4a7	https://www.inaturalist.org/observations/89648039	Fungi	Basidiomycota	Agaricomycetes	Agaricales	Amanitaceae	Amanita	Amanita frostiana		SPECIES	Amanita frostiana (Peck) Sacc.	Amanita frostiana		CA		Ontario	PRESENT		28eb1a3f-1c15-4a95-931a-4af90ecb574d	45.477413	-75.529516	27158.0						2021-08-01T17:26:55	1	8	2021	8205204	8205204	HUMAN_OBSERVATION	iNaturalist	Observations	89648039		carmigi	2023-08-02T15:59:04	CC_BY_NC_4_0	carmigi	carmigi			2025-01-14T12:20:49.273Z	StillImage	COORDINATE_ROUNDED;CONTINENT_DERIVED_FROM_COORDINATES;TAXON_MATCH_TAXON_ID_IGNORED
4165533373	50c9509d-22c7-4a22-a47d-8c48425ef4a7	https://www.inaturalist.org/observations/92718707	Fungi	Basidiomycota	Agaricomycetes	Agaricales	Amanitaceae	Amanita	Amanita frostiana		SPECIES	Amanita frostiana (Peck) Sacc.	Amanita frostiana		CA		Ontario	PRESENT		28eb1a3f-1c15-4a95-931a-4af90ecb574d	45.310661	-76.652828	27190.0						2021-08-04T13:49:13	4	8	2021	8205204	8205204	HUMAN_OBSERVATION	iNaturalist	Observations	92718707		aidanmcgoldrick	2021-08-27T22:22:49	CC_BY_NC_4_0	aidanmcgoldrick	aidanmcgoldrick			2025-01-14T12:21:31.617Z	StillImage	COORDINATE_ROUNDED;CONTINENT_DERIVED_FROM_COORDINATES;TAXON_MATCH_TAXON_ID_IGNORED
4165532333	50c9509d-22c7-4a22-a47d-8c48425ef4a7	https://www.inaturalist.org/observations/83722035	Fungi	Basidiomycota	Agaricomycetes	Agaricales	Amanitaceae	Amanita	Amanita frostiana		SPECIES	Amanita frostiana (Peck) Sacc.	Amanita frostiana		CA		Québec	PRESENT		28eb1a3f-1c15-4a95-931a-4af90ecb574d	45.399813	-74.137765	1523.0						2020-09-08T20:41	8	9	2020	8205204	8205204	HUMAN_OBSERVATION	iNaturalist	Observations	83722035		cinna_latifolia	2021-07-31T22:04:54	CC_BY_NC_4_0	Bink June	Bink June			2025-01-14T13:20:20.279Z	StillImage	CONTINENT_DERIVED_FROM_COORDINATES;TAXON_MATCH_TAXON_ID_IGNORED
4034603693	50c9509d-22c7-4a22-a47d-8c48425ef4a7	https://www.inaturalist.org/observations/143502218	Fungi	Basidiomycota	Agaricomycetes	Agaricales	Amanitaceae	Amanita	Amanita frostiana		SPECIES	Amanita frostiana (Peck) Sacc.	Amanita frostiana		CA		Québec	PRESENT		28eb1a3f-1c15-4a95-931a-4af90ecb574d	46.91479	-71.231896	31.0						2022-09-11	11	9	2022	8205204	8205204	HUMAN_OBSERVATION	iNaturalist	Observations	143502218		Christian Grenier	2022-12-02T16:12:09	CC_BY_NC_4_0	Christian Grenier	Christian Grenier			2025-01-14T12:34:47.594Z	StillImage	COORDINATE_ROUNDED;CONTINENT_DERIVED_FROM_COORDINATES;TAXON_MATCH_TAXON_ID_IGNORED
4014988436	50c9509d-22c7-4a22-a47d-8c48425ef4a7	https://www.inaturalist.org/observations/87798962	Fungi	Basidiomycota	Agaricomycetes	Agaricales	Amanitaceae	Amanita	Amanita frostiana		SPECIES	Amanita frostiana (Peck) Sacc.	Amanita frostiana		CA		Ontario	PRESENT		28eb1a3f-1c15-4a95-931a-4af90ecb574d	45.205567	-78.153267	6.0						2021-07-18T15:42:57	18	7	2021	8205204	8205204	HUMAN_OBSERVATION	iNaturalist	Observations	87798962		Alan Rockefeller	2021-07-20T01:41:33	CC0_1_0	Alexandra Gillespie	Alexandra Gillespie			2025-01-14T13:13:37.077Z	StillImage	COORDINATE_ROUNDED;CONTINENT_DERIVED_FROM_COORDINATES;TAXON_MATCH_TAXON_ID_IGNORED
4006580708	50c9509d-22c7-4a22-a47d-8c48425ef4a7	https://www.inaturalist.org/observations/144354864	Fungi	Basidiomycota	Agaricomycetes	Agaricales	Amanitaceae	Amanita	Amanita frostiana		SPECIES	Amanita frostiana (Peck) Sacc.	Amanita frostiana		CA		Ontario	PRESENT		28eb1a3f-1c15-4a95-931a-4af90ecb574d	45.037559	-75.664621	130.0						2022-09-11T14:02:15	11	9	2022	8205204	8205204	HUMAN_OBSERVATION	iNaturalist	Observations	144354864		Seabrooke Leckie	2022-12-14T12:09:12	CC_BY_NC_4_0	Seabrooke Leckie	Seabrooke Leckie			2025-01-14T13:26:32.320Z	StillImage	COORDINATE_ROUNDED;CONTINENT_DERIVED_FROM_COORDINATES;TAXON_MATCH_TAXON_ID_IGNORED
3966522694	50c9509d-22c7-4a22-a47d-8c48425ef4a7	https://www.inaturalist.org/observations/141502119	Fungi	Basidiomycota	Agaricomycetes	Agaricales	Amanitaceae	Amanita	Amanita frostiana		SPECIES	Amanita frostiana (Peck) Sacc.	Amanita frostiana		CA		New Brunswick	PRESENT		28eb1a3f-1c15-4a95-931a-4af90ecb574d	45.606341	-67.445641	500.0						2021-08-04T14:01	4	8	2021	8205204	8205204	HUMAN_OBSERVATION	iNaturalist	Observations	141502119		Alfredo Justo	2022-11-09T01:46:52	CC_BY_NC_4_0	Alfredo Justo	Alfredo Justo			2025-01-14T12:34:38.732Z	StillImage	CONTINENT_DERIVED_FROM_COORDINATES;TAXON_MATCH_TAXON_ID_IGNORED
3947374708	50c9509d-22c7-4a22-a47d-8c48425ef4a7	https://www.inaturalist.org/observations/139070455	Fungi	Basidiomycota	Agaricomycetes	Agaricales	Amanitaceae	Amanita	Amanita frostiana		SPECIES	Amanita frostiana (Peck) Sacc.	Amanita frostiana		CA		Québec	PRESENT		28eb1a3f-1c15-4a95-931a-4af90ecb574d	45.962802	-76.434706	27095.0						2022-10-16T11:16	16	10	2022	8205204	8205204	HUMAN_OBSERVATION	iNaturalist	Observations	139070455		L Joan Heyding	2022-10-17T02:32:43	CC_BY_NC_4_0	L Joan Heyding	L Joan Heyding			2025-01-14T12:33:09.169Z	StillImage	COORDINATE_ROUNDED;CONTINENT_DERIVED_FROM_COORDINATES;TAXON_MATCH_TAXON_ID_IGNORED
3923522634	50c9509d-22c7-4a22-a47d-8c48425ef4a7	https://www.inaturalist.org/observations/134459257	Fungi	Basidiomycota	Agaricomycetes	Agaricales	Amanitaceae	Amanita	Amanita frostiana		SPECIES	Amanita frostiana (Peck) Sacc.	Amanita frostiana		CA		Québec	PRESENT		28eb1a3f-1c15-4a95-931a-4af90ecb574d	45.65701	-75.678804	4.0						2022-09-10T14:09:56	10	9	2022	8205204	8205204	HUMAN_OBSERVATION	iNaturalist	Observations	134459257		thrinley	2022-09-10T18:17:28	CC_BY_NC_4_0	thrinley	thrinley			2025-01-14T12:33:41.344Z	StillImage	COORDINATE_ROUNDED;CONTINENT_DERIVED_FROM_COORDINATES;TAXON_MATCH_TAXON_ID_IGNORED
3903633611	50c9509d-22c7-4a22-a47d-8c48425ef4a7	https://www.inaturalist.org/observations/134339401	Fungi	Basidiomycota	Agaricomycetes	Agaricales	Amanitaceae	Amanita	Amanita frostiana		SPECIES	Amanita frostiana (Peck) Sacc.	Amanita frostiana		CA		Ontario	PRESENT		28eb1a3f-1c15-4a95-931a-4af90ecb574d	45.323515	-75.811508							2022-09-09T12:52	9	9	2022	8205204	8205204	HUMAN_OBSERVATION	iNaturalist	Observations	134339401		jonathan_mack	2022-09-09T21:43:41	CC_BY_NC_4_0	Igor Khomenko	Igor Khomenko			2025-01-14T12:32:31.425Z	StillImage	COORDINATE_ROUNDED;CONTINENT_DERIVED_FROM_COORDINATES;TAXON_MATCH_TAXON_ID_IGNORED
3903318327	50c9509d-22c7-4a22-a47d-8c48425ef4a7	https://www.inaturalist.org/observations/134362454	Fungi	Basidiomycota	Agaricomycetes	Agaricales	Amanitaceae	Amanita	Amanita frostiana		SPECIES	Amanita frostiana (Peck) Sacc.	Amanita frostiana		CA		Ontario	PRESENT		28eb1a3f-1c15-4a95-931a-4af90ecb574d	45.323687	-75.811588							2022-09-09T10:49	9	9	2022	8205204	8205204	HUMAN_OBSERVATION	iNaturalist	Observations	134362454		jonathan_mack	2022-09-09T23:54:58	CC_BY_NC_4_0	jonathan_mack	jonathan_mack			2025-01-14T13:25:23.163Z	StillImage	COORDINATE_ROUNDED;CONTINENT_DERIVED_FROM_COORDINATES;TAXON_MATCH_TAXON_ID_IGNORED
3902239591	50c9509d-22c7-4a22-a47d-8c48425ef4a7	https://www.inaturalist.org/observations/130123054	Fungi	Basidiomycota	Agaricomycetes	Agaricales	Amanitaceae	Amanita	Amanita frostiana		SPECIES	Amanita frostiana (Peck) Sacc.	Amanita frostiana		CA		Québec	PRESENT		28eb1a3f-1c15-4a95-931a-4af90ecb574d	46.24198	-74.097321	16.0						2022-08-09T12:05:14	9	8	2022	8205204	8205204	HUMAN_OBSERVATION	iNaturalist	Observations	130123054		Martin Tremblay	2022-08-09T16:06:55	CC_BY_NC_4_0	Martin Tremblay	Martin Tremblay			2025-01-14T13:25:05.854Z	StillImage	COORDINATE_ROUNDED;CONTINENT_DERIVED_FROM_COORDINATES;TAXON_MATCH_TAXON_ID_IGNORED
3902151748	50c9509d-22c7-4a22-a47d-8c48425ef4a7	https://www.inaturalist.org/observations/104379534	Fungi	Basidiomycota	Agaricomycetes	Agaricales	Amanitaceae	Amanita	Amanita frostiana		SPECIES	Amanita frostiana (Peck) Sacc.	Amanita frostiana		CA		Québec	PRESENT		28eb1a3f-1c15-4a95-931a-4af90ecb574d	45.960996	-76.497652	27095.0						2021-07-24T15:17	24	7	2021	8205204	8205204	HUMAN_OBSERVATION	iNaturalist	Observations	104379534		L Joan Heyding	2022-01-05T01:37:07	CC_BY_NC_4_0	L Joan Heyding	L Joan Heyding			2025-01-14T13:17:26.838Z	StillImage	COORDINATE_ROUNDED;CONTINENT_DERIVED_FROM_COORDINATES;TAXON_MATCH_TAXON_ID_IGNORED
3466120917	50c9509d-22c7-4a22-a47d-8c48425ef4a7	https://www.inaturalist.org/observations/105336413	Fungi	Basidiomycota	Agaricomycetes	Agaricales	Amanitaceae	Amanita	Amanita frostiana		SPECIES	Amanita frostiana (Peck) Sacc.	Amanita frostiana		CA		Ontario	PRESENT		28eb1a3f-1c15-4a95-931a-4af90ecb574d	45.65937	-78.328957	36958.0						2020-09-08T07:32:42	8	9	2020	8205204	8205204	HUMAN_OBSERVATION	iNaturalist	Observations	105336413		Erlon Bailey	2022-01-26T13:54:36	CC_BY_NC_4_0	krc99	krc99			2025-01-14T13:11:34.240Z	StillImage	COORDINATE_ROUNDED;CONTINENT_DERIVED_FROM_COORDINATES;TAXON_MATCH_TAXON_ID_IGNORED
3457182343	50c9509d-22c7-4a22-a47d-8c48425ef4a7	https://www.inaturalist.org/observations/104710317	Fungi	Basidiomycota	Agaricomycetes	Agaricales	Amanitaceae	Amanita	Amanita frostiana		SPECIES	Amanita frostiana (Peck) Sacc.	Amanita frostiana		CA		Québec	PRESENT		28eb1a3f-1c15-4a95-931a-4af90ecb574d	45.892961	-76.502084	27095.0						2021-08-09T10:05	9	8	2021	8205204	8205204	HUMAN_OBSERVATION	iNaturalist	Observations	104710317		Erlon Bailey	2022-01-13T10:17:10	CC_BY_NC_4_0	L Joan Heyding	L Joan Heyding			2025-01-14T13:11:36.543Z	StillImage	COORDINATE_ROUNDED;CONTINENT_DERIVED_FROM_COORDINATES;TAXON_MATCH_TAXON_ID_IGNORED
3457162203	50c9509d-22c7-4a22-a47d-8c48425ef4a7	https://www.inaturalist.org/observations/104725688	Fungi	Basidiomycota	Agaricomycetes	Agaricales	Amanitaceae	Amanita	Amanita frostiana		SPECIES	Amanita frostiana (Peck) Sacc.	Amanita frostiana		CA		Québec	PRESENT		28eb1a3f-1c15-4a95-931a-4af90ecb574d	45.854053	-76.541547	27095.0						2021-08-09T12:17	9	8	2021	8205204	8205204	HUMAN_OBSERVATION	iNaturalist	Observations	104725688		Erlon Bailey	2022-01-12T13:30:43	CC_BY_NC_4_0	L Joan Heyding	L Joan Heyding			2025-01-14T13:18:24.373Z	StillImage	COORDINATE_ROUNDED;CONTINENT_DERIVED_FROM_COORDINATES;TAXON_MATCH_TAXON_ID_IGNORED
3456992059	50c9509d-22c7-4a22-a47d-8c48425ef4a7	https://www.inaturalist.org/observations/104493136	Fungi	Basidiomycota	Agaricomycetes	Agaricales	Amanitaceae	Amanita	Amanita frostiana		SPECIES	Amanita frostiana (Peck) Sacc.	Amanita frostiana		CA		Québec	PRESENT		28eb1a3f-1c15-4a95-931a-4af90ecb574d	45.843943	-76.58849	27095.0						2021-07-25T15:23	25	7	2021	8205204	8205204	HUMAN_OBSERVATION	iNaturalist	Observations	104493136		jonathan_mack	2022-01-07T02:54:54	CC_BY_NC_4_0	L Joan Heyding	L Joan Heyding			2025-01-14T12:24:08.006Z	StillImage	COORDINATE_ROUNDED;CONTINENT_DERIVED_FROM_COORDINATES;TAXON_MATCH_TAXON_ID_IGNORED
3456694806	50c9509d-22c7-4a22-a47d-8c48425ef4a7	https://www.inaturalist.org/observations/104549024	Fungi	Basidiomycota	Agaricomycetes	Agaricales	Amanitaceae	Amanita	Amanita frostiana		SPECIES	Amanita frostiana (Peck) Sacc.	Amanita frostiana		CA		Québec	PRESENT		28eb1a3f-1c15-4a95-931a-4af90ecb574d	45.840175	-76.431019	27095.0						2021-08-04T18:27	4	8	2021	8205204	8205204	HUMAN_OBSERVATION	iNaturalist	Observations	104549024				CC_BY_NC_4_0	L Joan Heyding	L Joan Heyding			2025-01-14T12:24:53.637Z	StillImage	COORDINATE_ROUNDED;CONTINENT_DERIVED_FROM_COORDINATES;TAXON_MATCH_TAXON_ID_IGNORED
3455840578	50c9509d-22c7-4a22-a47d-8c48425ef4a7	https://www.inaturalist.org/observations/96827065	Fungi	Basidiomycota	Agaricomycetes	Agaricales	Amanitaceae	Amanita	Amanita frostiana		SPECIES	Amanita frostiana (Peck) Sacc.	Amanita frostiana		CA		Québec	PRESENT		28eb1a3f-1c15-4a95-931a-4af90ecb574d	47.363742	-70.604613	12.0						2021-10-01T12:28:32	1	10	2021	8205204	8205204	HUMAN_OBSERVATION	iNaturalist	Observations	96827065		Milan Kovačević	2021-12-29T22:08:08	CC_BY_4_0	Marilyne Busque-Dubois	Marilyne Busque-Dubois			2025-01-14T13:15:47.921Z	StillImage	COORDINATE_ROUNDED;CONTINENT_DERIVED_FROM_COORDINATES;TAXON_MATCH_TAXON_ID_IGNORED
3455332383	50c9509d-22c7-4a22-a47d-8c48425ef4a7	https://www.inaturalist.org/observations/7109228	Fungi	Basidiomycota	Agaricomycetes	Agaricales	Amanitaceae	Amanita	Amanita frostiana		SPECIES	Amanita frostiana (Peck) Sacc.	Amanita frostiana		CA		Québec	PRESENT		28eb1a3f-1c15-4a95-931a-4af90ecb574d	45.644069	-75.651973	2342.0						2017-07-18T15:09	18	7	2017	8205204	8205204	HUMAN_OBSERVATION	iNaturalist	Observations	7109228		jgenest	2017-12-27T18:20:21	CC_BY_NC_4_0	thejasperpatch	thejasperpatch			2025-01-14T12:58:07.588Z	StillImage	COORDINATE_ROUNDED;CONTINENT_DERIVED_FROM_COORDINATES;TAXON_MATCH_TAXON_ID_IGNORED
3455274884	50c9509d-22c7-4a22-a47d-8c48425ef4a7	https://www.inaturalist.org/observations/67098620	Fungi	Basidiomycota	Agaricomycetes	Agaricales	Amanitaceae	Amanita	Amanita frostiana		SPECIES	Amanita frostiana (Peck) Sacc.	Amanita frostiana		CA		Québec	PRESENT		28eb1a3f-1c15-4a95-931a-4af90ecb574d	46.532792	-72.747035	61.0						2013-08-14T18:06	14	8	2013	8205204	8205204	HUMAN_OBSERVATION	iNaturalist	Observations	67098620		Erlon Bailey	2021-01-19T14:53:24	CC0_1_0	Étienne Lacroix-Carignan	Étienne Lacroix-Carignan			2025-01-14T12:16:07.843Z	StillImage	COORDINATE_ROUNDED;CONTINENT_DERIVED_FROM_COORDINATES;TAXON_MATCH_TAXON_ID_IGNORED
3384777587	50c9509d-22c7-4a22-a47d-8c48425ef4a7	https://www.inaturalist.org/observations/97393071	Fungi	Basidiomycota	Agaricomycetes	Agaricales	Amanitaceae	Amanita	Amanita frostiana		SPECIES	Amanita frostiana (Peck) Sacc.	Amanita frostiana		CA		Québec	PRESENT		28eb1a3f-1c15-4a95-931a-4af90ecb574d	46.252484	-76.406884	1200193.0						2021-10-06T17:02:08	6	10	2021	8205204	8205204	HUMAN_OBSERVATION	iNaturalist	Observations	97393071		cinna_latifolia	2021-10-06T23:38:37	CC_BY_NC_4_0	Roxanne Bogart	Roxanne Bogart			2025-01-14T12:23:18.786Z	StillImage	COORDINATE_ROUNDED;CONTINENT_DERIVED_FROM_COORDINATES;TAXON_MATCH_TAXON_ID_IGNORED
3337733666	50c9509d-22c7-4a22-a47d-8c48425ef4a7	https://www.inaturalist.org/observations/90501178	Fungi	Basidiomycota	Agaricomycetes	Agaricales	Amanitaceae	Amanita	Amanita frostiana		SPECIES	Amanita frostiana (Peck) Sacc.	Amanita frostiana		CA		Ontario	PRESENT		28eb1a3f-1c15-4a95-931a-4af90ecb574d	45.218805	-78.544129	78.0						2021-08-08T10:36:13	8	8	2021	8205204	8205204	HUMAN_OBSERVATION	iNaturalist	Observations	90501178		Erlon Bailey	2021-08-10T17:21:26	CC_BY_NC_4_0	C. Wassmansdorf	C. Wassmansdorf			2025-01-14T12:21:30.541Z	StillImage	COORDINATE_ROUNDED;CONTINENT_DERIVED_FROM_COORDINATES;TAXON_MATCH_TAXON_ID_IGNORED
3337582532	50c9509d-22c7-4a22-a47d-8c48425ef4a7	https://www.inaturalist.org/observations/90450173	Fungi	Basidiomycota	Agaricomycetes	Agaricales	Amanitaceae	Amanita	Amanita frostiana		SPECIES	Amanita frostiana (Peck) Sacc.	Amanita frostiana		CA		Ontario	PRESENT		28eb1a3f-1c15-4a95-931a-4af90ecb574d	45.217583	-78.649392	4.0						2021-08-08T15:33:55	8	8	2021	8205204	8205204	HUMAN_OBSERVATION	iNaturalist	Observations	90450173		Erlon Bailey	2021-08-11T22:45:40	CC_BY_NC_4_0	phenry64	phenry64			2025-01-14T13:13:28.713Z	StillImage	COORDINATE_ROUNDED;CONTINENT_DERIVED_FROM_COORDINATES;TAXON_MATCH_TAXON_ID_IGNORED
3337482838	50c9509d-22c7-4a22-a47d-8c48425ef4a7	https://www.inaturalist.org/observations/90346797	Fungi	Basidiomycota	Agaricomycetes	Agaricales	Amanitaceae	Amanita	Amanita frostiana		SPECIES	Amanita frostiana (Peck) Sacc.	Amanita frostiana		CA		Ontario	PRESENT		28eb1a3f-1c15-4a95-931a-4af90ecb574d	45.071428	-78.070818	4093.0						2021-08-07	7	8	2021	8205204	8205204	HUMAN_OBSERVATION	iNaturalist	Observations	90346797		Erlon Bailey	2021-08-10T13:34:11	CC_BY_NC_4_0	jmass	jmass			2025-01-14T12:20:48.988Z	StillImage	COORDINATE_ROUNDED;CONTINENT_DERIVED_FROM_COORDINATES;TAXON_MATCH_TAXON_ID_IGNORED
3335382701	50c9509d-22c7-4a22-a47d-8c48425ef4a7	https://www.inaturalist.org/observations/89197861	Fungi	Basidiomycota	Agaricomycetes	Agaricales	Amanitaceae	Amanita	Amanita frostiana		SPECIES	Amanita frostiana (Peck) Sacc.	Amanita frostiana		CA		Ontario	PRESENT		28eb1a3f-1c15-4a95-931a-4af90ecb574d	46.289011	-78.884812	395.0						2021-07-29T15:03:19	29	7	2021	8205204	8205204	HUMAN_OBSERVATION	iNaturalist	Observations	89197861		taylorbc	2021-07-30T15:26:14	CC_BY_NC_4_0	taylorbc	taylorbc			2025-01-14T12:20:38.788Z	StillImage	COORDINATE_ROUNDED;CONTINENT_DERIVED_FROM_COORDINATES;TAXON_MATCH_TAXON_ID_IGNORED
3335365564	50c9509d-22c7-4a22-a47d-8c48425ef4a7	https://www.inaturalist.org/observations/88258157	Fungi	Basidiomycota	Agaricomycetes	Agaricales	Amanitaceae	Amanita	Amanita frostiana		SPECIES	Amanita frostiana (Peck) Sacc.	Amanita frostiana		CA		Ontario	PRESENT		28eb1a3f-1c15-4a95-931a-4af90ecb574d	45.436134	-77.584888	4.0						2021-07-23T10:33:06	23	7	2021	8205204	8205204	HUMAN_OBSERVATION	iNaturalist	Observations	88258157		cinna_latifolia	2021-07-23T16:11:22	CC_BY_NC_4_0	pmilan	pmilan			2025-01-14T13:13:15.517Z	StillImage	COORDINATE_ROUNDED;CONTINENT_DERIVED_FROM_COORDINATES;TAXON_MATCH_TAXON_ID_IGNORED
3335116778	50c9509d-22c7-4a22-a47d-8c48425ef4a7	https://www.inaturalist.org/observations/89288088	Fungi	Basidiomycota	Agaricomycetes	Agaricales	Amanitaceae	Amanita	Amanita frostiana		SPECIES	Amanita frostiana (Peck) Sacc.	Amanita frostiana		CA		Québec	PRESENT		28eb1a3f-1c15-4a95-931a-4af90ecb574d	45.387592	-74.193375	61.0						2021-07-30T02:32	30	7	2021	8205204	8205204	HUMAN_OBSERVATION	iNaturalist	Observations	89288088		Bink June	2021-07-31T06:36:50	CC_BY_NC_4_0	Bink June	Bink June			2025-01-14T13:13:30.607Z	StillImage	COORDINATE_ROUNDED;CONTINENT_DERIVED_FROM_COORDINATES;TAXON_MATCH_TAXON_ID_IGNORED
3335080900	50c9509d-22c7-4a22-a47d-8c48425ef4a7	https://www.inaturalist.org/observations/89415038	Fungi	Basidiomycota	Agaricomycetes	Agaricales	Amanitaceae	Amanita	Amanita frostiana		SPECIES	Amanita frostiana (Peck) Sacc.	Amanita frostiana		CA		Québec	PRESENT		28eb1a3f-1c15-4a95-931a-4af90ecb574d	45.842583	-76.478905	27095.0						2021-07-25T14:55	25	7	2021	8205204	8205204	HUMAN_OBSERVATION	iNaturalist	Observations	89415038		L Joan Heyding	2021-08-01T01:08:32	CC_BY_NC_4_0	L Joan Heyding	L Joan Heyding			2025-01-14T12:20:07.314Z	StillImage	COORDINATE_ROUNDED;CONTINENT_DERIVED_FROM_COORDINATES;TAXON_MATCH_TAXON_ID_IGNORED
3333386904	50c9509d-22c7-4a22-a47d-8c48425ef4a7	https://www.inaturalist.org/observations/88466739	Fungi	Basidiomycota	Agaricomycetes	Agaricales	Amanitaceae	Amanita	Amanita frostiana		SPECIES	Amanita frostiana (Peck) Sacc.	Amanita frostiana		CA		Québec	PRESENT		28eb1a3f-1c15-4a95-931a-4af90ecb574d	45.390921	-74.18491	638.0						2021-07-24T17:06	24	7	2021	8205204	8205204	HUMAN_OBSERVATION	iNaturalist	Observations	88466739		Erlon Bailey	2021-07-31T15:21:51	CC_BY_NC_4_0	Benjamin Leo	Benjamin Leo			2025-01-14T12:19:39.125Z	StillImage	COORDINATE_ROUNDED;CONTINENT_DERIVED_FROM_COORDINATES;TAXON_MATCH_TAXON_ID_IGNORED
3333368450	50c9509d-22c7-4a22-a47d-8c48425ef4a7	https://www.inaturalist.org/observations/83723974	Fungi	Basidiomycota	Agaricomycetes	Agaricales	Amanitaceae	Amanita	Amanita frostiana		SPECIES	Amanita frostiana (Peck) Sacc.	Amanita frostiana		CA		Québec	PRESENT		28eb1a3f-1c15-4a95-931a-4af90ecb574d	45.399813	-74.137765	1523.0						2020-09-11T20:48	11	9	2020	8205204	8205204	HUMAN_OBSERVATION	iNaturalist	Observations	83723974		Erlon Bailey	2021-06-21T16:20:18	CC_BY_NC_4_0	Bink June	Bink June			2025-01-14T12:18:59.344Z	StillImage	CONTINENT_DERIVED_FROM_COORDINATES;TAXON_MATCH_TAXON_ID_IGNORED
3333322912	50c9509d-22c7-4a22-a47d-8c48425ef4a7	https://www.inaturalist.org/observations/88470470	Fungi	Basidiomycota	Agaricomycetes	Agaricales	Amanitaceae	Amanita	Amanita frostiana		SPECIES	Amanita frostiana (Peck) Sacc.	Amanita frostiana		CA		Québec	PRESENT		28eb1a3f-1c15-4a95-931a-4af90ecb574d	45.387592	-74.193375	61.0						2021-07-24T19:21	24	7	2021	8205204	8205204	HUMAN_OBSERVATION	iNaturalist	Observations	88470470		cinna_latifolia	2021-07-25T04:10:00	CC_BY_NC_4_0	Bink June	Bink June			2025-01-14T13:13:24.027Z	StillImage	COORDINATE_ROUNDED;CONTINENT_DERIVED_FROM_COORDINATES;TAXON_MATCH_TAXON_ID_IGNORED
3333268904	50c9509d-22c7-4a22-a47d-8c48425ef4a7	https://www.inaturalist.org/observations/88470457	Fungi	Basidiomycota	Agaricomycetes	Agaricales	Amanitaceae	Amanita	Amanita frostiana		SPECIES	Amanita frostiana (Peck) Sacc.	Amanita frostiana		CA		Québec	PRESENT		28eb1a3f-1c15-4a95-931a-4af90ecb574d	45.387592	-74.193375	61.0						2021-07-24T17:04	24	7	2021	8205204	8205204	HUMAN_OBSERVATION	iNaturalist	Observations	88470457		cinna_latifolia	2021-07-25T04:11:30	CC_BY_NC_4_0	Bink June	Bink June			2025-01-14T12:21:28.937Z	StillImage	COORDINATE_ROUNDED;CONTINENT_DERIVED_FROM_COORDINATES;TAXON_MATCH_TAXON_ID_IGNORED
3333266894	50c9509d-22c7-4a22-a47d-8c48425ef4a7	https://www.inaturalist.org/observations/88470458	Fungi	Basidiomycota	Agaricomycetes	Agaricales	Amanitaceae	Amanita	Amanita frostiana		SPECIES	Amanita frostiana (Peck) Sacc.	Amanita frostiana		CA		Québec	PRESENT		28eb1a3f-1c15-4a95-931a-4af90ecb574d	45.387592	-74.193375	61.0						2021-07-24T19:21	24	7	2021	8205204	8205204	HUMAN_OBSERVATION	iNaturalist	Observations	88470458		cinna_latifolia	2021-07-25T04:10:57	CC_BY_NC_4_0	Bink June	Bink June			2025-01-14T12:21:28.262Z	StillImage	COORDINATE_ROUNDED;CONTINENT_DERIVED_FROM_COORDINATES;TAXON_MATCH_TAXON_ID_IGNORED
3333135484	50c9509d-22c7-4a22-a47d-8c48425ef4a7	https://www.inaturalist.org/observations/84121828	Fungi	Basidiomycota	Agaricomycetes	Agaricales	Amanitaceae	Amanita	Amanita frostiana		SPECIES	Amanita frostiana (Peck) Sacc.	Amanita frostiana		CA		Québec	PRESENT		28eb1a3f-1c15-4a95-931a-4af90ecb574d	45.399813	-74.137765	1523.0						2020-10-29T20:11	29	10	2020	8205204	8205204	HUMAN_OBSERVATION	iNaturalist	Observations	84121828		cinna_latifolia	2021-07-30T01:44:00	CC_BY_NC_4_0	Benjamin Leo	Benjamin Leo			2025-01-14T12:19:09.344Z	StillImage	CONTINENT_DERIVED_FROM_COORDINATES;TAXON_MATCH_TAXON_ID_IGNORED
3333072922	50c9509d-22c7-4a22-a47d-8c48425ef4a7	https://www.inaturalist.org/observations/88466878	Fungi	Basidiomycota	Agaricomycetes	Agaricales	Amanitaceae	Amanita	Amanita frostiana		SPECIES	Amanita frostiana (Peck) Sacc.	Amanita frostiana		CA		Québec	PRESENT		28eb1a3f-1c15-4a95-931a-4af90ecb574d	45.390921	-74.18491	638.0						2021-07-24T17:06	24	7	2021	8205204	8205204	HUMAN_OBSERVATION	iNaturalist	Observations	88466878		Erlon Bailey	2021-07-31T15:21:27	CC_BY_NC_4_0	Benjamin Leo	Benjamin Leo			2025-01-14T13:10:40.096Z	StillImage	COORDINATE_ROUNDED;CONTINENT_DERIVED_FROM_COORDINATES;TAXON_MATCH_TAXON_ID_IGNORED
3314460435	50c9509d-22c7-4a22-a47d-8c48425ef4a7	https://www.inaturalist.org/observations/84242641	Fungi	Basidiomycota	Agaricomycetes	Agaricales	Amanitaceae	Amanita	Amanita frostiana		SPECIES	Amanita frostiana (Peck) Sacc.	Amanita frostiana		CA		Québec	PRESENT		28eb1a3f-1c15-4a95-931a-4af90ecb574d	45.387592	-74.193375	61.0						2020-09-12T19:14	12	9	2020	8205204	8205204	HUMAN_OBSERVATION	iNaturalist	Observations	84242641		cinna_latifolia	2021-06-24T18:09:29	CC_BY_NC_4_0	Bink June	Bink June			2025-01-14T13:11:51.628Z	StillImage	COORDINATE_ROUNDED;CONTINENT_DERIVED_FROM_COORDINATES;TAXON_MATCH_TAXON_ID_IGNORED
3112284364	50c9509d-22c7-4a22-a47d-8c48425ef4a7	https://www.inaturalist.org/observations/58094662	Fungi	Basidiomycota	Agaricomycetes	Agaricales	Amanitaceae	Amanita	Amanita frostiana		SPECIES	Amanita frostiana (Peck) Sacc.	Amanita frostiana		CA		Québec	PRESENT		28eb1a3f-1c15-4a95-931a-4af90ecb574d	45.482975	-75.854963	10.0						2020-08-30T16:37:23	30	8	2020	8205204	8205204	HUMAN_OBSERVATION	iNaturalist	Observations	58094662		Erlon Bailey	2021-05-03T18:46:50	CC_BY_NC_4_0	Sharon Calvin	Sharon Calvin			2025-01-14T12:15:31.626Z	StillImage	COORDINATE_ROUNDED;CONTINENT_DERIVED_FROM_COORDINATES;TAXON_MATCH_TAXON_ID_IGNORED
3058775512	50c9509d-22c7-4a22-a47d-8c48425ef4a7	https://www.inaturalist.org/observations/54897609	Fungi	Basidiomycota	Agaricomycetes	Agaricales	Amanitaceae	Amanita	Amanita frostiana		SPECIES	Amanita frostiana (Peck) Sacc.	Amanita frostiana		CA		Québec	PRESENT		28eb1a3f-1c15-4a95-931a-4af90ecb574d	46.031605	-73.704071							2020-07-29T11:44:36	29	7	2020	8205204	8205204	HUMAN_OBSERVATION	iNaturalist	Observations	54897609		mushroompete	2020-07-31T00:56:09	CC_BY_NC_4_0	mushroompete	mushroompete			2025-01-14T13:04:36.981Z	StillImage	COORDINATE_ROUNDED;CONTINENT_DERIVED_FROM_COORDINATES;TAXON_MATCH_TAXON_ID_IGNORED
3058758624	50c9509d-22c7-4a22-a47d-8c48425ef4a7	https://www.inaturalist.org/observations/59473680	Fungi	Basidiomycota	Agaricomycetes	Agaricales	Amanitaceae	Amanita	Amanita frostiana		SPECIES	Amanita frostiana (Peck) Sacc.	Amanita frostiana		CA		Ontario	PRESENT		28eb1a3f-1c15-4a95-931a-4af90ecb574d	45.514214	-75.341511	46.0						2020-09-03	3	9	2020	8205204	8205204	HUMAN_OBSERVATION	iNaturalist	Observations	59473680		jonathan_mack	2020-10-10T18:31:08	CC_BY_NC_4_0	kevinwallace	kevinwallace			2025-01-14T12:15:54.166Z	StillImage	CONTINENT_DERIVED_FROM_COORDINATES;TAXON_MATCH_TAXON_ID_IGNORED
2901814657	50c9509d-22c7-4a22-a47d-8c48425ef4a7	https://www.inaturalist.org/observations/62706808	Fungi	Basidiomycota	Agaricomycetes	Agaricales	Amanitaceae	Amanita	Amanita frostiana		SPECIES	Amanita frostiana (Peck) Sacc.	Amanita frostiana		CA		Ontario	PRESENT		28eb1a3f-1c15-4a95-931a-4af90ecb574d	45.853767	-77.731262	4.0						2020-08-21T15:32:51	21	8	2020	8205204	8205204	HUMAN_OBSERVATION	iNaturalist	Observations	62706808		cinna_latifolia	2021-01-04T21:42:29	CC_BY_NC_4_0	kamic	kamic			2025-01-14T13:10:32.117Z	StillImage	COORDINATE_ROUNDED;CONTINENT_DERIVED_FROM_COORDINATES;TAXON_MATCH_TAXON_ID_IGNORED
2883090440	50c9509d-22c7-4a22-a47d-8c48425ef4a7	https://www.inaturalist.org/observations/57530770	Fungi	Basidiomycota	Agaricomycetes	Agaricales	Amanitaceae	Amanita	Amanita frostiana		SPECIES	Amanita frostiana (Peck) Sacc.	Amanita frostiana		CA		Québec	PRESENT		28eb1a3f-1c15-4a95-931a-4af90ecb574d	45.632619	-75.909095							2020-08-22T12:57	22	8	2020	8205204	8205204	HUMAN_OBSERVATION	iNaturalist	Observations	57530770		Bruce Taylor	2020-08-25T10:51:40	CC_BY_4_0	Bruce Taylor	Bruce Taylor			2025-01-14T12:14:33.285Z	StillImage	COORDINATE_ROUNDED;CONTINENT_DERIVED_FROM_COORDINATES;TAXON_MATCH_TAXON_ID_IGNORED
2883089607	50c9509d-22c7-4a22-a47d-8c48425ef4a7	https://www.inaturalist.org/observations/61439296	Fungi	Basidiomycota	Agaricomycetes	Agaricales	Amanitaceae	Amanita	Amanita frostiana		SPECIES	Amanita frostiana (Peck) Sacc.	Amanita frostiana		CA		Ontario	PRESENT		28eb1a3f-1c15-4a95-931a-4af90ecb574d	45.575822	-78.531493							2020-08-10T10:18	10	8	2020	8205204	8205204	HUMAN_OBSERVATION	iNaturalist	Observations	61439296		cinna_latifolia	2021-10-25T05:03:07	CC_BY_NC_4_0	Desmond MacNeal	Desmond MacNeal			2025-01-14T12:15:06.077Z	StillImage	COORDINATE_ROUNDED;CONTINENT_DERIVED_FROM_COORDINATES;TAXON_MATCH_TAXON_ID_IGNORED
2868314505	50c9509d-22c7-4a22-a47d-8c48425ef4a7	https://www.inaturalist.org/observations/56989118	Fungi	Basidiomycota	Agaricomycetes	Agaricales	Amanitaceae	Amanita	Amanita frostiana		SPECIES	Amanita frostiana (Peck) Sacc.	Amanita frostiana		CA		Québec	PRESENT		28eb1a3f-1c15-4a95-931a-4af90ecb574d	45.875438	-76.438095	15.0						2020-08-18T12:42	18	8	2020	8205204	8205204	HUMAN_OBSERVATION	iNaturalist	Observations	56989118		amanitamozart	2024-07-03T12:43:32	CC_BY_NC_4_0	Serguei Ponomarenko	Serguei Ponomarenko			2025-01-14T12:14:22.402Z	StillImage	COORDINATE_ROUNDED;CONTINENT_DERIVED_FROM_COORDINATES;TAXON_MATCH_TAXON_ID_IGNORED
2864740603	50c9509d-22c7-4a22-a47d-8c48425ef4a7	https://www.inaturalist.org/observations/59400411	Fungi	Basidiomycota	Agaricomycetes	Agaricales	Amanitaceae	Amanita	Amanita frostiana		SPECIES	Amanita frostiana (Peck) Sacc.	Amanita frostiana		CA		Ontario	PRESENT		28eb1a3f-1c15-4a95-931a-4af90ecb574d	45.456209	-75.548136	40.0						2020-09-12T15:21	12	9	2020	8205204	8205204	HUMAN_OBSERVATION	iNaturalist	Observations	59400411		jonathan_mack	2020-09-13T01:58:32	CC_BY_NC_4_0	jonathan_mack	jonathan_mack			2025-01-14T12:15:50.667Z	StillImage	COORDINATE_ROUNDED;CONTINENT_DERIVED_FROM_COORDINATES;TAXON_MATCH_TAXON_ID_IGNORED
2862488638	50c9509d-22c7-4a22-a47d-8c48425ef4a7	https://www.inaturalist.org/observations/58554537	Fungi	Basidiomycota	Agaricomycetes	Agaricales	Amanitaceae	Amanita	Amanita frostiana		SPECIES	Amanita frostiana (Peck) Sacc.	Amanita frostiana		CA		Ontario	PRESENT		28eb1a3f-1c15-4a95-931a-4af90ecb574d	45.467042	-78.677155	19.0						2020-09-03T09:32:23	3	9	2020	8205204	8205204	HUMAN_OBSERVATION	iNaturalist	Observations	58554537		cinna_latifolia	2021-01-11T21:00:07	CC_BY_NC_4_0	turlough_ohare	turlough_ohare			2025-01-14T13:09:33.401Z	StillImage	COORDINATE_ROUNDED;CONTINENT_DERIVED_FROM_COORDINATES;TAXON_MATCH_TAXON_ID_IGNORED
2366012186	50c9509d-22c7-4a22-a47d-8c48425ef4a7	https://www.inaturalist.org/observations/19537557	Fungi	Basidiomycota	Agaricomycetes	Agaricales	Amanitaceae	Amanita	Amanita frostiana		SPECIES	Amanita frostiana (Peck) Sacc.	Amanita frostiana		CA		Ontario	PRESENT		28eb1a3f-1c15-4a95-931a-4af90ecb574d	45.046484	-78.506724	16511.0						2015-08-19T12:49:23	19	8	2015	8205204	8205204	HUMAN_OBSERVATION	iNaturalist	Observations	19537557		cinna_latifolia	2019-05-24T20:48:44	CC_BY_NC_4_0	Riley Walsh	Riley Walsh			2025-01-14T12:06:10.834Z	StillImage	COORDINATE_ROUNDED;CONTINENT_DERIVED_FROM_COORDINATES;TAXON_MATCH_TAXON_ID_IGNORED
1847646649	50c9509d-22c7-4a22-a47d-8c48425ef4a7	https://www.inaturalist.org/observations/9590689	Fungi	Basidiomycota	Agaricomycetes	Agaricales	Amanitaceae	Amanita	Amanita frostiana		SPECIES	Amanita frostiana (Peck) Sacc.	Amanita frostiana		CA		Ontario	PRESENT		28eb1a3f-1c15-4a95-931a-4af90ecb574d	45.5794	-78.51955	385.0						2015-09-14	14	9	2015	8205204	8205204	HUMAN_OBSERVATION	iNaturalist	Observations	9590689		mycowalt	2018-01-23T22:36:36	CC_BY_NC_4_0	mycowalt	mycowalt			2025-01-14T12:04:21.452Z	StillImage	CONTINENT_DERIVED_FROM_COORDINATES;TAXON_MATCH_TAXON_ID_IGNORED
1807263530	e8a25a42-f125-476c-8554-3ec21cd51a84	ACAD:120322	Fungi	Basidiomycota	Agaricomycetes	Agaricales	Amanitaceae	Amanita	Amanita frostiana		SPECIES	Amanita frostiana (Peck) Sacc.	Amanita frostiana (Peck) Sacc.	(Peck) Sacc.	CA	Kentville	Nova Scotia	PRESENT		6491ad8c-8e49-4bd4-a089-0ddb3bbe0890	45.07662	-64.49592							1970-09-21	21	9	1970	8205204	8205204	PRESERVED_SPECIMEN	Acadia University	ACAD	9920F	9920	S, H		CC0_1_0	Acadia University	Stewart, H			2024-01-25T01:37:02.796Z	StillImage	GEODETIC_DATUM_INVALID;GEODETIC_DATUM_ASSUMED_WGS84;TAXON_MATCH_TAXON_ID_IGNORED;INSTITUTION_MATCH_FUZZY;COLLECTION_MATCH_FUZZY
1701558099	39bd4817-9530-4341-a918-4f16b8db1419	UdeM:CMMF:Blitz2017:84	Fungi	Basidiomycota	Agaricomycetes	Agaricales	Amanitaceae	Amanita	Amanita frostiana		SPECIES	Amanita frostiana (Peck) Sacc.	Amanita frostiana (Peck) Sacc., 1887	(Pk) E.-J. Gilbert	CA	Parc des Chutes de Sainte-Ursule	Québec	PRESENT		ff7bd5db-b724-4932-b496-10ea298851f9	46.300422	-73.094321	500.0						2017-08-09	9	8	2017	8205204	8205204	HUMAN_OBSERVATION	Université de Montréal Biodiversity Centre	CMMF			Raymond Archambault et Joseph Nuzzolese	2017-08-09T00:00:00	CC0_1_0		IRBV's graduate students			2024-01-24T17:29:10.197Z		
1024560002	21705170-d2b6-42de-8904-c3bca4b83591	CMMF005473	Fungi	Basidiomycota	Agaricomycetes	Agaricales	Amanitaceae	Amanita	Amanita frostiana		SPECIES	Amanita frostiana (Peck) Sacc.	Amanita frostiana Peck	Peck	CA	Mirabel (Chemin de la Rivière du Nord)	Québec	PRESENT		ff7bd5db-b724-4932-b496-10ea298851f9	45.683917	-74.2185	100.0						2004-08-06	6	8	2004	8205204	8205204	PRESERVED_SPECIMEN	Université de Montréal Biodiversity Centre	CMMF	CMMF005473	C1925	McNeil, Raymond		CC0_1_0	Université de Montréal Biodiversity Centre	McNeil, Raymond			2024-01-24T16:38:15.745Z	StillImage	COORDINATE_ROUNDED;INSTITUTION_MATCH_FUZZY;COLLECTION_MATCH_FUZZY;DIFFERENT_OWNER_INSTITUTION
