gbifID	datasetKey	occurrenceID	kingdom	phylum	class	order	family	genus	species	infraspecificEpithet	taxonRank	scientificName	verbatimScientificName	verbatimScientificNameAuthorship	countryCode	locality	stateProvince	occurrenceStatus	individualCount	publishingOrgKey	decimalLatitude	decimalLongitude	coordinateUncertaintyInMeters	coordinatePrecision	elevation	elevationAccuracy	depth	depthAccuracy	eventDate	day	month	year	taxonKey	speciesKey	basisOfRecord	institutionCode	collectionCode	catalogNumber	recordNumber	identifiedBy	dateIdentified	license	rightsHolder	recordedBy	typeStatus	establishmentMeans	lastInterpreted	mediaType	issue
694157532	d7cfd2ed-8af4-427f-a16e-eb66b7e2c419	16543	Fungi	Basidiomycota	Agaricomycetes	Boletales	Boletaceae	Boletus	Boletus paluster		SPECIES	Boletinus paluster (Peck) Peck	Boletinus paluster (Peck) Peck	(Peck) Peck	CA	Petawawa Forest Experimental Station	Ontario	PRESENT		ff418020-1d67-11d9-8435-b8a03c50a862	46.00829	-77.421513	958.0						1944-09-26	26	9	1944	2524436	5954880	PRESERVED_SPECIMEN	Royal Ontario Museum	TRTC	TRTC156680	DAOM 11822	Groves, J.W.		CC0_1_0	Royal Ontario Museum	Groves, J.W.; Groves, E.			2024-01-25T00:59:39.606Z		COORDINATE_ROUNDED;AMBIGUOUS_INSTITUTION
694157301	d7cfd2ed-8af4-427f-a16e-eb66b7e2c419	15807	Fungi	Basidiomycota	Agaricomycetes	Boletales	Boletaceae	Boletus	Boletus paluster		SPECIES	Boletus paluster Peck	Boletus paluster Peck	Peck	CA	University of Toronto Forest	Ontario	PRESENT		ff418020-1d67-11d9-8435-b8a03c50a862	45.183005	-78.85025	7575.0						1966-09-17	17	9	1966	5954880	5954880	PRESERVED_SPECIMEN	Royal Ontario Museum	TRTC	TRTC044557		Cain, R.F.		CC0_1_0	Royal Ontario Museum	Cain, R.F.			2024-01-25T00:59:40.668Z		COORDINATE_ROUNDED;AMBIGUOUS_INSTITUTION
694157174	d7cfd2ed-8af4-427f-a16e-eb66b7e2c419	14892	Fungi	Basidiomycota	Agaricomycetes	Boletales	Boletaceae	Boletus	Boletus paluster		SPECIES	Boletinus paluster (Peck) Peck	Boletinus paluster (Peck) Peck	(Peck) Peck	CA	University of Toronto Forest	Ontario	PRESENT		ff418020-1d67-11d9-8435-b8a03c50a862	45.183005	-78.85025	7575.0						1964-09-16	16	9	1964	2524436	5954880	PRESERVED_SPECIMEN	Royal Ontario Museum	TRTC	TRTC044043		Cain, R.F.		CC0_1_0	Royal Ontario Museum	Cain, R.F.			2024-01-25T00:59:41.561Z		COORDINATE_ROUNDED;AMBIGUOUS_INSTITUTION
617555612	21705170-d2b6-42de-8904-c3bca4b83591	CMMF000887	Fungi	Basidiomycota	Agaricomycetes	Boletales	Boletaceae	Boletus	Boletus paluster		SPECIES	Suillus paluster (Peck) Kuntze	Suillus paluster (Peck) Kretzer & T.D. Bruns	(Peck) Kretzer & T.D. Bruns	CA	Saint-Alphonse-Rodriguez	Québec	PRESENT		ff7bd5db-b724-4932-b496-10ea298851f9	46.183333	-73.7	7500.0						1989-10-07	7	10	1989	8237532	5954880	PRESERVED_SPECIMEN	Université de Montréal Biodiversity Centre	CMMF	CMMF000887		Farnesi, Carlo		CC0_1_0	Université de Montréal Biodiversity Centre	Farnesi, Carlo			2024-01-24T16:38:21.499Z	StillImage	INSTITUTION_MATCH_FUZZY;COLLECTION_MATCH_FUZZY;DIFFERENT_OWNER_INSTITUTION
617552104	21705170-d2b6-42de-8904-c3bca4b83591	CMMF003001	Fungi	Basidiomycota	Agaricomycetes	Boletales	Boletaceae	Boletus	Boletus paluster		SPECIES	Suillus paluster (Peck) Kuntze	Suillus paluster (Peck) Kretzer & T.D. Bruns	(Peck) Kretzer & T.D. Bruns	CA	Chertsey	Québec	PRESENT		ff7bd5db-b724-4932-b496-10ea298851f9	46.073928	-73.890706	5000.0						1996-09-24	24	9	1996	8237532	5954880	PRESERVED_SPECIMEN	Université de Montréal Biodiversity Centre	CMMF	CMMF003001		Lamoureux, Yves		CC0_1_0	Université de Montréal Biodiversity Centre	Lamoureux, Yves			2024-01-24T16:38:16.624Z	StillImage	INSTITUTION_MATCH_FUZZY;COLLECTION_MATCH_FUZZY;DIFFERENT_OWNER_INSTITUTION
5007313164	50c9509d-22c7-4a22-a47d-8c48425ef4a7	https://www.inaturalist.org/observations/240989648	Fungi	Basidiomycota	Agaricomycetes	Boletales	Boletaceae	Boletus	Boletus paluster		SPECIES	Suillus paluster (Peck) Kuntze	Suillus paluster		CA		Québec	PRESENT		28eb1a3f-1c15-4a95-931a-4af90ecb574d	48.920584	-72.695893	4.0						2024-09-10T15:47	10	9	2024	8237532	5954880	HUMAN_OBSERVATION	iNaturalist	Observations	240989648		amanitamozart	2024-09-15T21:56:13	CC_BY_NC_4_0	Karen Dubé	Karen Dubé			2025-01-14T12:51:19.883Z		COORDINATE_ROUNDED;CONTINENT_DERIVED_FROM_COORDINATES;TAXON_MATCH_TAXON_ID_IGNORED
5006870306	50c9509d-22c7-4a22-a47d-8c48425ef4a7	https://www.inaturalist.org/observations/250698736	Fungi	Basidiomycota	Agaricomycetes	Boletales	Boletaceae	Boletus	Boletus paluster		SPECIES	Suillus paluster (Peck) Kuntze	Suillus paluster		CA		New Brunswick	PRESENT		28eb1a3f-1c15-4a95-931a-4af90ecb574d	46.93171	-64.890977	4.0						2024-11-06T13:09:39	6	11	2024	8237532	5954880	HUMAN_OBSERVATION	iNaturalist	Observations	250698736		remidonelle	2024-11-06T17:37:20	CC_BY_NC_4_0	remidonelle	remidonelle			2025-01-14T13:44:39.079Z	StillImage	COORDINATE_ROUNDED;CONTINENT_DERIVED_FROM_COORDINATES;TAXON_MATCH_TAXON_ID_IGNORED
4987839732	50c9509d-22c7-4a22-a47d-8c48425ef4a7	https://www.inaturalist.org/observations/245422015	Fungi	Basidiomycota	Agaricomycetes	Boletales	Boletaceae	Boletus	Boletus paluster		SPECIES	Suillus paluster (Peck) Kuntze	Suillus paluster		CA		New Brunswick	PRESENT		28eb1a3f-1c15-4a95-931a-4af90ecb574d	45.14775	-66.507222	3.0						2024-10-03T13:23:19	3	10	2024	8237532	5954880	HUMAN_OBSERVATION	iNaturalist	Observations	245422015		Eric Knopf	2024-10-03T16:25:03	CC_BY_NC_4_0	Eric Knopf	Eric Knopf			2025-01-14T13:43:24.349Z	StillImage	COORDINATE_ROUNDED;CONTINENT_DERIVED_FROM_COORDINATES;TAXON_MATCH_TAXON_ID_IGNORED
4987383146	50c9509d-22c7-4a22-a47d-8c48425ef4a7	https://www.inaturalist.org/observations/244065831	Fungi	Basidiomycota	Agaricomycetes	Boletales	Boletaceae	Boletus	Boletus paluster		SPECIES	Suillus paluster (Peck) Kuntze	Suillus paluster		CA		New Brunswick	PRESENT		28eb1a3f-1c15-4a95-931a-4af90ecb574d	46.837803	-64.951637	5.0						2024-09-23T13:28:31	23	9	2024	8237532	5954880	HUMAN_OBSERVATION	iNaturalist	Observations	244065831		Aaron Clausen	2024-09-26T00:55:43	CC_BY_NC_4_0	Aaron Clausen	Aaron Clausen			2025-01-14T12:54:28.542Z	StillImage	COORDINATE_ROUNDED;CONTINENT_DERIVED_FROM_COORDINATES;TAXON_MATCH_TAXON_ID_IGNORED
4982356313	50c9509d-22c7-4a22-a47d-8c48425ef4a7	https://www.inaturalist.org/observations/246322461	Fungi	Basidiomycota	Agaricomycetes	Boletales	Boletaceae	Boletus	Boletus paluster		SPECIES	Suillus paluster (Peck) Kuntze	Suillus paluster		CA		New Brunswick	PRESENT		28eb1a3f-1c15-4a95-931a-4af90ecb574d	46.814813	-64.950714							2024-10-07T13:20:34	7	10	2024	8237532	5954880	HUMAN_OBSERVATION	iNaturalist	Observations	246322461		Kaitlyn Page	2024-10-08T14:23:19	CC_BY_NC_4_0	Kaitlyn Page	Kaitlyn Page			2025-01-14T12:57:50.934Z	StillImage	COORDINATE_ROUNDED;CONTINENT_DERIVED_FROM_COORDINATES;TAXON_MATCH_TAXON_ID_IGNORED
4976504485	50c9509d-22c7-4a22-a47d-8c48425ef4a7	https://www.inaturalist.org/observations/248648119	Fungi	Basidiomycota	Agaricomycetes	Boletales	Boletaceae	Boletus	Boletus paluster		SPECIES	Suillus paluster (Peck) Kuntze	Suillus paluster		CA		New Brunswick	PRESENT		28eb1a3f-1c15-4a95-931a-4af90ecb574d	46.341469	-67.285286							2024-10-21T11:10:38	21	10	2024	8237532	5954880	HUMAN_OBSERVATION	iNaturalist	Observations	248648119		courtjcam	2024-10-22T20:26:50	CC_BY_NC_4_0	courtjcam	courtjcam			2025-01-14T13:44:47.197Z	StillImage	COORDINATE_ROUNDED;CONTINENT_DERIVED_FROM_COORDINATES;TAXON_MATCH_TAXON_ID_IGNORED
4954610337	50c9509d-22c7-4a22-a47d-8c48425ef4a7	https://www.inaturalist.org/observations/247490141	Fungi	Basidiomycota	Agaricomycetes	Boletales	Boletaceae	Boletus	Boletus paluster		SPECIES	Suillus paluster (Peck) Kuntze	Suillus paluster		CA		New Brunswick	PRESENT		28eb1a3f-1c15-4a95-931a-4af90ecb574d	46.805868	-65.02952	8.0						2024-10-15T13:12:21	15	10	2024	8237532	5954880	HUMAN_OBSERVATION	iNaturalist	Observations	247490141		remidonelle	2024-10-15T16:13:43	CC_BY_NC_4_0	remidonelle	remidonelle			2025-01-14T13:41:12.977Z	StillImage	COORDINATE_ROUNDED;CONTINENT_DERIVED_FROM_COORDINATES;TAXON_MATCH_TAXON_ID_IGNORED
4954408180	50c9509d-22c7-4a22-a47d-8c48425ef4a7	https://www.inaturalist.org/observations/247474014	Fungi	Basidiomycota	Agaricomycetes	Boletales	Boletaceae	Boletus	Boletus paluster		SPECIES	Suillus paluster (Peck) Kuntze	Suillus paluster		CA		Ontario	PRESENT		28eb1a3f-1c15-4a95-931a-4af90ecb574d	45.573303	-78.685717	1162.0						2024-10-15T10:01:55	15	10	2024	8237532	5954880	HUMAN_OBSERVATION	iNaturalist	Observations	247474014		Sarah Lamond	2024-10-15T14:12:00	CC_BY_NC_4_0	Sarah Lamond	Sarah Lamond			2025-01-14T13:44:03.723Z	StillImage	COORDINATE_ROUNDED;CONTINENT_DERIVED_FROM_COORDINATES;TAXON_MATCH_TAXON_ID_IGNORED
4952250523	50c9509d-22c7-4a22-a47d-8c48425ef4a7	https://www.inaturalist.org/observations/241540818	Fungi	Basidiomycota	Agaricomycetes	Boletales	Boletaceae	Boletus	Boletus paluster		SPECIES	Suillus paluster (Peck) Kuntze	Suillus paluster		CA		Québec	PRESENT		28eb1a3f-1c15-4a95-931a-4af90ecb574d	46.899272	-71.536094							2024-09-12T10:51	12	9	2024	8237532	5954880	HUMAN_OBSERVATION	iNaturalist	Observations	241540818		amanitamozart	2024-09-14T03:07:24	CC_BY_4_0	Martine Lapointe	Martine Lapointe			2025-01-14T12:50:34.087Z	StillImage	COORDINATE_ROUNDED;CONTINENT_DERIVED_FROM_COORDINATES;TAXON_MATCH_TAXON_ID_IGNORED
4952176888	50c9509d-22c7-4a22-a47d-8c48425ef4a7	https://www.inaturalist.org/observations/246297238	Fungi	Basidiomycota	Agaricomycetes	Boletales	Boletaceae	Boletus	Boletus paluster		SPECIES	Suillus paluster (Peck) Kuntze	Suillus paluster		CA		Prince Edward Island	PRESENT		28eb1a3f-1c15-4a95-931a-4af90ecb574d	46.63357	-64.096412							2024-10-07T12:35:26	7	10	2024	8237532	5954880	HUMAN_OBSERVATION	iNaturalist	Observations	246297238		Julie-Lynn Zahavich	2024-10-08T10:03:34	CC_BY_NC_4_0	Julie-Lynn Zahavich	Julie-Lynn Zahavich			2025-01-14T12:54:47.802Z	StillImage	COORDINATE_ROUNDED;CONTINENT_DERIVED_FROM_COORDINATES;TAXON_MATCH_TAXON_ID_IGNORED
4901490342	50c9509d-22c7-4a22-a47d-8c48425ef4a7	https://www.inaturalist.org/observations/193717144	Fungi	Basidiomycota	Agaricomycetes	Boletales	Boletaceae	Boletus	Boletus paluster		SPECIES	Suillus paluster (Peck) Kuntze	Suillus paluster		CA		Ontario	PRESENT		28eb1a3f-1c15-4a95-931a-4af90ecb574d	45.661453	-78.967108	8.0						2023-09-30T14:17:28	30	9	2023	8237532	5954880	HUMAN_OBSERVATION	iNaturalist	Observations	193717144		aleksandermell	2023-12-11T16:21:44	CC_BY_NC_4_0	aleksandermell	aleksandermell			2025-01-14T12:43:42.960Z	StillImage	COORDINATE_ROUNDED;CONTINENT_DERIVED_FROM_COORDINATES;TAXON_MATCH_TAXON_ID_IGNORED
4901448743	50c9509d-22c7-4a22-a47d-8c48425ef4a7	https://www.inaturalist.org/observations/193717112	Fungi	Basidiomycota	Agaricomycetes	Boletales	Boletaceae	Boletus	Boletus paluster		SPECIES	Suillus paluster (Peck) Kuntze	Suillus paluster		CA		Ontario	PRESENT		28eb1a3f-1c15-4a95-931a-4af90ecb574d	45.661403	-78.967133	6.0						2023-09-30T14:17:51	30	9	2023	8237532	5954880	HUMAN_OBSERVATION	iNaturalist	Observations	193717112		amanitamozart	2023-12-19T17:35:38	CC_BY_NC_4_0	aleksandermell	aleksandermell			2025-01-14T13:35:40.415Z	StillImage	COORDINATE_ROUNDED;CONTINENT_DERIVED_FROM_COORDINATES;TAXON_MATCH_TAXON_ID_IGNORED
4863396076	50c9509d-22c7-4a22-a47d-8c48425ef4a7	https://www.inaturalist.org/observations/96023573	Fungi	Basidiomycota	Agaricomycetes	Boletales	Boletaceae	Boletus	Boletus paluster		SPECIES	Suillus paluster (Peck) Kuntze	Suillus paluster		CA		New Brunswick	PRESENT		28eb1a3f-1c15-4a95-931a-4af90ecb574d	46.814683	-64.950722							2021-09-24T10:19:16	24	9	2021	8237532	5954880	HUMAN_OBSERVATION	iNaturalist	Observations	96023573		Raymonde G Chartier	2021-09-26T02:42:05	CC_BY_NC_4_0	Mira DC	Mira DC			2025-01-14T12:22:14.043Z	StillImage	COORDINATE_ROUNDED;CONTINENT_DERIVED_FROM_COORDINATES;TAXON_MATCH_TAXON_ID_IGNORED
4596865434	50c9509d-22c7-4a22-a47d-8c48425ef4a7	https://www.inaturalist.org/observations/186326061	Fungi	Basidiomycota	Agaricomycetes	Boletales	Boletaceae	Boletus	Boletus paluster		SPECIES	Suillus paluster (Peck) Kuntze	Suillus paluster		CA		Ontario	PRESENT		28eb1a3f-1c15-4a95-931a-4af90ecb574d	45.574528	-78.683783	4.0						2023-10-05T16:25:04	5	10	2023	8237532	5954880	HUMAN_OBSERVATION	iNaturalist	Observations	186326061		rachelfowlie	2023-10-05T20:26:15	CC_BY_NC_4_0	rachelfowlie	rachelfowlie			2025-01-14T12:42:23.796Z	StillImage	COORDINATE_ROUNDED;CONTINENT_DERIVED_FROM_COORDINATES;TAXON_MATCH_TAXON_ID_IGNORED
4516266510	50c9509d-22c7-4a22-a47d-8c48425ef4a7	https://www.inaturalist.org/observations/194574851	Fungi	Basidiomycota	Agaricomycetes	Boletales	Boletaceae	Boletus	Boletus paluster		SPECIES	Suillus paluster (Peck) Kuntze	Suillus paluster		CA		Québec	PRESENT		28eb1a3f-1c15-4a95-931a-4af90ecb574d	48.335313	-69.403205	15.0						2023-09-13	13	9	2023	8237532	5954880	HUMAN_OBSERVATION	iNaturalist	Observations	194574851		Christian Grenier	2023-12-22T13:08:34	CC_BY_NC_4_0	Christian Grenier	Christian Grenier			2025-01-14T13:35:11.155Z	StillImage	COORDINATE_ROUNDED;CONTINENT_DERIVED_FROM_COORDINATES;TAXON_MATCH_TAXON_ID_IGNORED
4431135687	50c9509d-22c7-4a22-a47d-8c48425ef4a7	https://www.inaturalist.org/observations/187715134	Fungi	Basidiomycota	Agaricomycetes	Boletales	Boletaceae	Boletus	Boletus paluster		SPECIES	Suillus paluster (Peck) Kuntze	Suillus paluster		CA		Prince Edward Island	PRESENT		28eb1a3f-1c15-4a95-931a-4af90ecb574d	46.511449	-64.079695	200.0						2023-10-15T14:57	15	10	2023	8237532	5954880	HUMAN_OBSERVATION	iNaturalist	Observations	187715134		Denis Gallant	2023-10-16T00:13:15	CC_BY_NC_4_0	Denis Gallant	Denis Gallant			2025-01-14T12:43:07.421Z	StillImage	COORDINATE_ROUNDED;CONTINENT_DERIVED_FROM_COORDINATES;TAXON_MATCH_TAXON_ID_IGNORED
4424619897	50c9509d-22c7-4a22-a47d-8c48425ef4a7	https://www.inaturalist.org/observations/186983040	Fungi	Basidiomycota	Agaricomycetes	Boletales	Boletaceae	Boletus	Boletus paluster		SPECIES	Suillus paluster (Peck) Kuntze	Suillus paluster		CA		Ontario	PRESENT		28eb1a3f-1c15-4a95-931a-4af90ecb574d	45.57217	-78.681555	150.0						2023-09-28T09:24	28	9	2023	8237532	5954880	HUMAN_OBSERVATION	iNaturalist	Observations	186983040		pinemartyn	2023-10-10T12:51:22	CC_BY_NC_4_0	pinemartyn	pinemartyn			2025-01-14T14:12:08.061Z	StillImage	COORDINATE_ROUNDED;CONTINENT_DERIVED_FROM_COORDINATES;TAXON_MATCH_TAXON_ID_IGNORED
4424431663	50c9509d-22c7-4a22-a47d-8c48425ef4a7	https://www.inaturalist.org/observations/186340718	Fungi	Basidiomycota	Agaricomycetes	Boletales	Boletaceae	Boletus	Boletus paluster		SPECIES	Suillus paluster (Peck) Kuntze	Suillus paluster		CA		Ontario	PRESENT		28eb1a3f-1c15-4a95-931a-4af90ecb574d	45.574238	-78.698913	4.0						2023-10-03T11:09:56	3	10	2023	8237532	5954880	HUMAN_OBSERVATION	iNaturalist	Observations	186340718		vectoris	2023-10-05T22:41:44	CC_BY_NC_4_0	vectoris	vectoris			2025-01-14T13:28:12.140Z	StillImage	COORDINATE_ROUNDED;CONTINENT_DERIVED_FROM_COORDINATES;TAXON_MATCH_TAXON_ID_IGNORED
4424228560	50c9509d-22c7-4a22-a47d-8c48425ef4a7	https://www.inaturalist.org/observations/185825031	Fungi	Basidiomycota	Agaricomycetes	Boletales	Boletaceae	Boletus	Boletus paluster		SPECIES	Suillus paluster (Peck) Kuntze	Suillus paluster		CA		Ontario	PRESENT		28eb1a3f-1c15-4a95-931a-4af90ecb574d	45.803565	-79.210383	5.0						2023-10-01T16:47:28	1	10	2023	8237532	5954880	HUMAN_OBSERVATION	iNaturalist	Observations	185825031		K.P.	2023-10-01T23:28:00	CC_BY_4_0	K.P.	K.P.			2025-01-14T13:32:44.993Z	StillImage	COORDINATE_ROUNDED;CONTINENT_DERIVED_FROM_COORDINATES;TAXON_MATCH_TAXON_ID_IGNORED
4424127264	50c9509d-22c7-4a22-a47d-8c48425ef4a7	https://www.inaturalist.org/observations/186326067	Fungi	Basidiomycota	Agaricomycetes	Boletales	Boletaceae	Boletus	Boletus paluster		SPECIES	Suillus paluster (Peck) Kuntze	Suillus paluster		CA		Ontario	PRESENT		28eb1a3f-1c15-4a95-931a-4af90ecb574d	45.574589	-78.683763	4.0						2023-10-05T16:25:30	5	10	2023	8237532	5954880	HUMAN_OBSERVATION	iNaturalist	Observations	186326067		juliefow	2023-10-05T20:26:18	CC_BY_NC_4_0	juliefow	juliefow			2025-01-14T12:42:18.923Z	StillImage	COORDINATE_ROUNDED;CONTINENT_DERIVED_FROM_COORDINATES;TAXON_MATCH_TAXON_ID_IGNORED
4421253385	50c9509d-22c7-4a22-a47d-8c48425ef4a7	https://www.inaturalist.org/observations/185960706	Fungi	Basidiomycota	Agaricomycetes	Boletales	Boletaceae	Boletus	Boletus paluster		SPECIES	Suillus paluster (Peck) Kuntze	Suillus paluster		CA		Ontario	PRESENT		28eb1a3f-1c15-4a95-931a-4af90ecb574d	45.572587	-78.682075							2023-10-02T11:27:17	2	10	2023	8237532	5954880	HUMAN_OBSERVATION	iNaturalist	Observations	185960706		amanitamozart	2023-10-03T18:17:22	CC_BY_NC_4_0	Nina	Nina			2025-01-14T13:28:05.269Z	StillImage	COORDINATE_ROUNDED;CONTINENT_DERIVED_FROM_COORDINATES;TAXON_MATCH_TAXON_ID_IGNORED
4166234952	695cef75-b65f-4776-b2ed-74565eebb16e	02-01000931476	Fungi	Basidiomycota	Agaricomycetes	Boletales	Boletaceae	Boletus	Boletus paluster		SPECIES	Fuscoboletinus paluster (Peck) Pomerl. & A.H.Sm.	Fuscoboletinus paluster	(Peck) Pomerl. & A.H. Sm.	CA	Mestassini	Quebec	PRESENT		055bd978-2daa-4543-b3f0-44e0e87e86ca	48.7	-71.516667							1982-08-27	27	8	1982	3355941	5954880	PRESERVED_SPECIMEN	AAFC	DAOM	186957		Y. Dalpé		CC_BY_4_0	©His Majesty the King in Right of Canada, as represented by the Minister of Agriculture and Agri-Food	C. Babcock & Y. Dalpé 331			2025-01-12T05:11:14.101Z		GEODETIC_DATUM_ASSUMED_WGS84;CONTINENT_DERIVED_FROM_COORDINATES;TAXON_MATCH_TAXON_ID_IGNORED;INSTITUTION_MATCH_FUZZY
4099954586	d1a3b128-b406-46bb-a6d1-f3591dcc8a7b	50eb29ce-8353-423a-8a38-3bc788fede35	Fungi	Basidiomycota	Agaricomycetes	Boletales	Boletaceae	Boletus	Boletus paluster		SPECIES	Boletinus paluster (Peck) Peck	Boletinus paluster	(Peck) Peck	CA	2 miles east of Forest Ranger School, Dorset in a pure larch swamp	Ontario	PRESENT		e43cf4b8-849e-4fac-b075-e652d019d2cf	45.233326	-78.842208	6033.0						1962-09-08	8	9	1962	2524436	5954880	PRESERVED_SPECIMEN	BPI		BPI 784398	B-447-62	Pantidou, M.		CC0_1_0		Rogerson, C.; Pantidou, M.			2025-01-15T04:59:43.065Z		GEODETIC_DATUM_ASSUMED_WGS84;CONTINENT_DERIVED_FROM_COORDINATES;TAXON_MATCH_TAXON_ID_IGNORED;INSTITUTION_MATCH_FUZZY
4099941572	d1a3b128-b406-46bb-a6d1-f3591dcc8a7b	71bc87e0-94e8-4f40-8fe1-f96fc9ce91b2	Fungi	Basidiomycota	Agaricomycetes	Boletales	Boletaceae	Boletus	Boletus paluster		SPECIES	Boletinus paluster (Peck) Peck	Boletinus paluster	(Peck) Peck	CA	Near Lac Ronald, La Verendrye in a larch swamp	Quebec	PRESENT		e43cf4b8-849e-4fac-b075-e652d019d2cf	47.953611	-76.250556	587.0						1963-09-13	13	9	1963	2524436	5954880	PRESERVED_SPECIMEN	BPI		BPI 784401		Pantidou, M.		CC0_1_0		Pantidou, M.			2025-01-15T04:59:42.705Z		GEODETIC_DATUM_ASSUMED_WGS84;CONTINENT_DERIVED_FROM_COORDINATES;TAXON_MATCH_TAXON_ID_IGNORED;INSTITUTION_MATCH_FUZZY
4099940582	d1a3b128-b406-46bb-a6d1-f3591dcc8a7b	a6555ab5-8626-48f3-9a8a-d5f05c36475b	Fungi	Basidiomycota	Agaricomycetes	Boletales	Boletaceae	Boletus	Boletus paluster		SPECIES	Boletinus paluster (Peck) Peck	Boletinus paluster	(Peck) Peck	CA	Near Lac Ronald, La Verendrye in a larch swamp	Quebec	PRESENT		e43cf4b8-849e-4fac-b075-e652d019d2cf	47.953611	-76.250556	587.0						1963-09-13	13	9	1963	2524436	5954880	PRESERVED_SPECIMEN	BPI		BPI 784403		Pantidou, M.		CC0_1_0		Pantidou, M.			2025-01-15T04:59:42.787Z		GEODETIC_DATUM_ASSUMED_WGS84;CONTINENT_DERIVED_FROM_COORDINATES;TAXON_MATCH_TAXON_ID_IGNORED;INSTITUTION_MATCH_FUZZY
4099714582	d1a3b128-b406-46bb-a6d1-f3591dcc8a7b	a3145ec7-0217-4640-ae70-2c3360997d0d	Fungi	Basidiomycota	Agaricomycetes	Boletales	Boletaceae	Boletus	Boletus paluster		SPECIES	Boletinus paluster (Peck) Peck	Boletinus paluster	(Peck) Peck	CA	La Verendrye near Lac des Loups	Quebec	PRESENT		e43cf4b8-849e-4fac-b075-e652d019d2cf	46.534167	-78.863889	587.0						1963-09-13	13	9	1963	2524436	5954880	PRESERVED_SPECIMEN	BPI		BPI 784400		Pantidou, M.		CC0_1_0		Pantidou, M.; Elliott, M. E.			2025-01-15T04:59:42.880Z		GEODETIC_DATUM_ASSUMED_WGS84;CONTINENT_DERIVED_FROM_COORDINATES;TAXON_MATCH_TAXON_ID_IGNORED;INSTITUTION_MATCH_FUZZY
4099484592	d1a3b128-b406-46bb-a6d1-f3591dcc8a7b	25ec183f-a910-4088-9304-dd1bf25a8677	Fungi	Basidiomycota	Agaricomycetes	Boletales	Boletaceae	Boletus	Boletus paluster		SPECIES	Boletinus paluster (Peck) Peck	Boletinus paluster	(Peck) Peck	CA	Vaucluse	Quebec	PRESENT		e43cf4b8-849e-4fac-b075-e652d019d2cf	45.896148	-73.43208	301.0						1940			1940	2524436	5954880	PRESERVED_SPECIMEN	BPI		BPI 784394		Snell, W. H.		CC0_1_0		Jackson, H. A. C.; Snell, W. H.			2025-01-15T04:59:42.786Z		GEODETIC_DATUM_ASSUMED_WGS84;CONTINENT_DERIVED_FROM_COORDINATES;TAXON_MATCH_TAXON_ID_IGNORED;INSTITUTION_MATCH_FUZZY
4099484591	d1a3b128-b406-46bb-a6d1-f3591dcc8a7b	991c0af0-9347-4baf-a41a-caa7b253e460	Fungi	Basidiomycota	Agaricomycetes	Boletales	Boletaceae	Boletus	Boletus paluster		SPECIES	Boletinus paluster (Peck) Peck	Boletinus paluster	(Peck) Peck	CA	Vaucluse	Quebec	PRESENT		e43cf4b8-849e-4fac-b075-e652d019d2cf	45.896148	-73.43208	301.0						1937-10-06	6	10	1937	2524436	5954880	PRESERVED_SPECIMEN	BPI		BPI 784383				CC0_1_0		Jackson, H. A. C.			2025-01-15T04:59:42.705Z		GEODETIC_DATUM_ASSUMED_WGS84;CONTINENT_DERIVED_FROM_COORDINATES;TAXON_MATCH_TAXON_ID_IGNORED;INSTITUTION_MATCH_FUZZY
4099482570	d1a3b128-b406-46bb-a6d1-f3591dcc8a7b	45a2959f-a2a5-4e55-a055-833caee11f12	Fungi	Basidiomycota	Agaricomycetes	Boletales	Boletaceae	Boletus	Boletus paluster		SPECIES	Boletinus paluster (Peck) Peck	Boletinus paluster	(Peck) Peck	CA	near Tourville in sphagnum, Elgin Road	Quebec	PRESENT		e43cf4b8-849e-4fac-b075-e652d019d2cf	47.1	-69.983333	18019.0						1955-09-19	19	9	1955	2524436	5954880	PRESERVED_SPECIMEN	BPI		BPI 784402		Jackson, H. A. C.; Groves, E.; Groves, J. W.		CC0_1_0		Jackson, H. A. C.; Groves, J. W.			2025-01-15T04:59:42.031Z		GEODETIC_DATUM_ASSUMED_WGS84;CONTINENT_DERIVED_FROM_COORDINATES;TAXON_MATCH_TAXON_ID_IGNORED;INSTITUTION_MATCH_FUZZY
4091944369	50c9509d-22c7-4a22-a47d-8c48425ef4a7	https://www.inaturalist.org/observations/99599470	Fungi	Basidiomycota	Agaricomycetes	Boletales	Boletaceae	Boletus	Boletus paluster		SPECIES	Suillus paluster (Peck) Kuntze	Suillus paluster		CA		Ontario	PRESENT		28eb1a3f-1c15-4a95-931a-4af90ecb574d	45.572336	-78.681608	122.0						2021-10-25T16:07Z	25	10	2021	8237532	5954880	HUMAN_OBSERVATION	iNaturalist	Observations	99599470		Ben	2023-04-15T15:30:24	CC_BY_NC_4_0	Adam Holder	Adam Holder			2025-01-14T12:23:46.891Z	StillImage	COORDINATE_ROUNDED;CONTINENT_DERIVED_FROM_COORDINATES;TAXON_MATCH_TAXON_ID_IGNORED
4091889405	50c9509d-22c7-4a22-a47d-8c48425ef4a7	https://www.inaturalist.org/observations/103691082	Fungi	Basidiomycota	Agaricomycetes	Boletales	Boletaceae	Boletus	Boletus paluster		SPECIES	Suillus paluster (Peck) Kuntze	Suillus paluster		CA		Québec	PRESENT		28eb1a3f-1c15-4a95-931a-4af90ecb574d	46.793293	-71.332876	15.0						2021-10-29	29	10	2021	8237532	5954880	HUMAN_OBSERVATION	iNaturalist	Observations	103691082		Ben	2023-04-15T13:59:25	CC_BY_NC_4_0	Christian Grenier	Christian Grenier			2025-01-14T12:24:59.681Z	StillImage	COORDINATE_ROUNDED;CONTINENT_DERIVED_FROM_COORDINATES;TAXON_MATCH_TAXON_ID_IGNORED
4023665263	fb9d7c38-5759-4c30-9e09-5b6bd43f78a6	http://id.luomus.fi/MY.9501706	Fungi	Basidiomycota	Agaricomycetes	Boletales	Boletaceae	Boletus	Boletus paluster		SPECIES	Boletus paluster Peck	Boletus paluster Peck		CA	2 miles east of Forest Ranger School	Ontario	PRESENT		04fd2e13-6881-4e5c-9dd1-8fdd9ab993c1	45.24	-78.89							1952-09-08T00:00Z	8	9	1952	5954880	5954880	PRESERVED_SPECIMEN	H		http://id.luomus.fi/HA.H7064863	Maria Pantidou B-447-62			CC_BY_4_0		Pantidou, Maria;Rogerson, Clark			2025-01-17T02:41:17.742Z		CONTINENT_DERIVED_FROM_COORDINATES;COLLECTION_MATCH_NONE;INSTITUTION_MATCH_FUZZY
3961358323	50c9509d-22c7-4a22-a47d-8c48425ef4a7	https://www.inaturalist.org/observations/33945915	Fungi	Basidiomycota	Agaricomycetes	Boletales	Boletaceae	Boletus	Boletus paluster		SPECIES	Suillus paluster (Peck) Kuntze	Suillus paluster		CA		Ontario	PRESENT		28eb1a3f-1c15-4a95-931a-4af90ecb574d	45.574191	-78.683476	9.0						2019-10-04T17:52:42	4	10	2019	8237532	5954880	HUMAN_OBSERVATION	iNaturalist	Observations	33945915		cinna_latifolia	2021-01-10T20:42:35	CC_BY_NC_4_0	Tim Thorington	Tim Thorington			2025-01-14T13:04:38.926Z	StillImage	COORDINATE_ROUNDED;CONTINENT_DERIVED_FROM_COORDINATES;TAXON_MATCH_TAXON_ID_IGNORED
3961109093	50c9509d-22c7-4a22-a47d-8c48425ef4a7	https://www.inaturalist.org/observations/140299666	Fungi	Basidiomycota	Agaricomycetes	Boletales	Boletaceae	Boletus	Boletus paluster		SPECIES	Suillus paluster (Peck) Kuntze	Suillus paluster		CA		Nova Scotia	PRESENT		28eb1a3f-1c15-4a95-931a-4af90ecb574d	45.713253	-64.263145							2022-10-28T15:11:45	28	10	2022	8237532	5954880	HUMAN_OBSERVATION	iNaturalist	Observations	140299666		Jeff White	2022-10-28T21:08:23	CC_BY_NC_4_0	Jeff White	Jeff White			2025-01-14T12:32:53.207Z	StillImage	COORDINATE_ROUNDED;CONTINENT_DERIVED_FROM_COORDINATES;TAXON_MATCH_TAXON_ID_IGNORED
3772440484	50c9509d-22c7-4a22-a47d-8c48425ef4a7	https://www.inaturalist.org/observations/102996504	Fungi	Basidiomycota	Agaricomycetes	Boletales	Boletaceae	Boletus	Boletus paluster		SPECIES	Suillus paluster (Peck) Kuntze	Suillus paluster		CA		Québec	PRESENT		28eb1a3f-1c15-4a95-931a-4af90ecb574d	47.696279	-70.820282	20.0						2021-09-30T16:17:06	30	9	2021	8237532	5954880	HUMAN_OBSERVATION	iNaturalist	Observations	102996504		Ben	2021-12-19T17:53:23	CC_BY_NC_4_0	pngj	pngj			2025-01-14T13:14:18.647Z	StillImage	COORDINATE_ROUNDED;CONTINENT_DERIVED_FROM_COORDINATES;TAXON_MATCH_TAXON_ID_IGNORED
3759159740	50c9509d-22c7-4a22-a47d-8c48425ef4a7	https://www.inaturalist.org/observations/98141121	Fungi	Basidiomycota	Agaricomycetes	Boletales	Boletaceae	Boletus	Boletus paluster		SPECIES	Suillus paluster (Peck) Kuntze	Suillus paluster		CA		Québec	PRESENT		28eb1a3f-1c15-4a95-931a-4af90ecb574d	46.110149	-74.381721	65.0						2021-10-13T17:28	13	10	2021	8237532	5954880	HUMAN_OBSERVATION	iNaturalist	Observations	98141121		Ben	2022-04-13T02:41:11	CC_BY_NC_4_0	aprilblumberg	aprilblumberg			2025-01-14T12:22:52.638Z	StillImage	COORDINATE_ROUNDED;CONTINENT_DERIVED_FROM_COORDINATES;TAXON_MATCH_TAXON_ID_IGNORED
3466353550	50c9509d-22c7-4a22-a47d-8c48425ef4a7	https://www.inaturalist.org/observations/105586570	Fungi	Basidiomycota	Agaricomycetes	Boletales	Boletaceae	Boletus	Boletus paluster		SPECIES	Suillus paluster (Peck) Kuntze	Suillus paluster		CA		New Brunswick	PRESENT		28eb1a3f-1c15-4a95-931a-4af90ecb574d	46.424846	-64.650043	1090.0						2020-10-03T14:50	3	10	2020	8237532	5954880	HUMAN_OBSERVATION	iNaturalist	Observations	105586570		Stuart Tingley	2022-01-26T01:17:48	CC_BY_NC_4_0	Stuart Tingley	Stuart Tingley			2025-01-14T12:24:46.618Z	StillImage	COORDINATE_ROUNDED;CONTINENT_DERIVED_FROM_COORDINATES;TAXON_MATCH_TAXON_ID_IGNORED
3456763203	50c9509d-22c7-4a22-a47d-8c48425ef4a7	https://www.inaturalist.org/observations/99160080	Fungi	Basidiomycota	Agaricomycetes	Boletales	Boletaceae	Boletus	Boletus paluster		SPECIES	Suillus paluster (Peck) Kuntze	Suillus paluster		CA		Québec	PRESENT		28eb1a3f-1c15-4a95-931a-4af90ecb574d	46.407581	-70.351345	7000.0						2021-10-23T16:17	23	10	2021	8237532	5954880	HUMAN_OBSERVATION	iNaturalist	Observations	99160080		Flore du quartier	2021-10-24T01:32:20	CC_BY_NC_4_0	Flore du quartier	Flore du quartier			2025-01-14T12:22:30.614Z	StillImage	COORDINATE_ROUNDED;CONTINENT_DERIVED_FROM_COORDINATES;TAXON_MATCH_TAXON_ID_IGNORED
3456129621	50c9509d-22c7-4a22-a47d-8c48425ef4a7	https://www.inaturalist.org/observations/98600777	Fungi	Basidiomycota	Agaricomycetes	Boletales	Boletaceae	Boletus	Boletus paluster		SPECIES	Suillus paluster (Peck) Kuntze	Suillus paluster		CA		Ontario	PRESENT		28eb1a3f-1c15-4a95-931a-4af90ecb574d	45.402187	-75.498646	2691.0						2021-10-17T12:21:02	17	10	2021	8237532	5954880	HUMAN_OBSERVATION	iNaturalist	Observations	98600777		kbflora	2021-10-18T13:13:23	CC_BY_NC_4_0	kbflora	kbflora			2025-01-14T12:23:32.698Z	StillImage	COORDINATE_ROUNDED;CONTINENT_DERIVED_FROM_COORDINATES;TAXON_MATCH_TAXON_ID_IGNORED
3455480418	50c9509d-22c7-4a22-a47d-8c48425ef4a7	https://www.inaturalist.org/observations/102203020	Fungi	Basidiomycota	Agaricomycetes	Boletales	Boletaceae	Boletus	Boletus paluster		SPECIES	Suillus paluster (Peck) Kuntze	Suillus paluster		CA		New Brunswick	PRESENT		28eb1a3f-1c15-4a95-931a-4af90ecb574d	46.338351	-64.658862	122.0						2021-09-24T15:29	24	9	2021	8237532	5954880	HUMAN_OBSERVATION	iNaturalist	Observations	102203020		Stuart Tingley	2021-11-29T23:08:59	CC_BY_NC_4_0	Stuart Tingley	Stuart Tingley			2025-01-14T12:24:25.070Z	StillImage	COORDINATE_ROUNDED;CONTINENT_DERIVED_FROM_COORDINATES;TAXON_MATCH_TAXON_ID_IGNORED
3398835244	50c9509d-22c7-4a22-a47d-8c48425ef4a7	https://www.inaturalist.org/observations/99491614	Fungi	Basidiomycota	Agaricomycetes	Boletales	Boletaceae	Boletus	Boletus paluster		SPECIES	Suillus paluster (Peck) Kuntze	Suillus paluster		CA		Ontario	PRESENT		28eb1a3f-1c15-4a95-931a-4af90ecb574d	45.390152	-75.511752	31.0						2021-10-24T15:07	24	10	2021	8237532	5954880	HUMAN_OBSERVATION	iNaturalist	Observations	99491614		Johann Wagner	2021-10-27T01:10:49	CC_BY_NC_4_0	Mike Leveille	Mike Leveille			2025-01-14T13:11:55.374Z	StillImage	COORDINATE_ROUNDED;CONTINENT_DERIVED_FROM_COORDINATES;TAXON_MATCH_TAXON_ID_IGNORED
3391673595	50c9509d-22c7-4a22-a47d-8c48425ef4a7	https://www.inaturalist.org/observations/97305168	Fungi	Basidiomycota	Agaricomycetes	Boletales	Boletaceae	Boletus	Boletus paluster		SPECIES	Suillus paluster (Peck) Kuntze	Suillus paluster		CA		Prince Edward Island	PRESENT		28eb1a3f-1c15-4a95-931a-4af90ecb574d	46.594717	-64.124913	50.0						2021-10-05T14:33	5	10	2021	8237532	5954880	HUMAN_OBSERVATION	iNaturalist	Observations	97305168		Ken Sanderson	2021-10-06T11:43:09	CC_BY_NC_4_0	Denis Gallant	Denis Gallant			2025-01-14T12:22:34.483Z	StillImage	COORDINATE_ROUNDED;CONTINENT_DERIVED_FROM_COORDINATES;TAXON_MATCH_TAXON_ID_IGNORED
3384843566	50c9509d-22c7-4a22-a47d-8c48425ef4a7	https://www.inaturalist.org/observations/97385035	Fungi	Basidiomycota	Agaricomycetes	Boletales	Boletaceae	Boletus	Boletus paluster		SPECIES	Suillus paluster (Peck) Kuntze	Suillus paluster		CA		Ontario	PRESENT		28eb1a3f-1c15-4a95-931a-4af90ecb574d	45.391503	-75.51304							2021-10-06T16:51:11	6	10	2021	8237532	5954880	HUMAN_OBSERVATION	iNaturalist	Observations	97385035		Johann Wagner	2021-10-06T20:59:40	CC_BY_NC_4_0	Johann Wagner	Johann Wagner			2025-01-14T13:16:09.596Z	StillImage	CONTINENT_DERIVED_FROM_COORDINATES;TAXON_MATCH_TAXON_ID_IGNORED
3327887400	50c9509d-22c7-4a22-a47d-8c48425ef4a7	https://www.inaturalist.org/observations/71064188	Fungi	Basidiomycota	Agaricomycetes	Boletales	Boletaceae	Boletus	Boletus paluster		SPECIES	Suillus paluster (Peck) Kuntze	Suillus paluster		CA		Québec	PRESENT		28eb1a3f-1c15-4a95-931a-4af90ecb574d	48.333301	-69.394493	8.0						2015-09-15	15	9	2015	8237532	5954880	HUMAN_OBSERVATION	iNaturalist	Observations	71064188		Christian Grenier	2021-03-12T15:21:10	CC_BY_NC_4_0	Christian Grenier	Christian Grenier			2025-01-14T13:11:03.367Z	StillImage	COORDINATE_ROUNDED;CONTINENT_DERIVED_FROM_COORDINATES;TAXON_MATCH_TAXON_ID_IGNORED
3022658610	1f917113-dd55-4000-9f80-6266fab1af03	615429	Fungi	Basidiomycota	Agaricomycetes	Boletales	Boletaceae	Boletus	Boletus paluster		SPECIES	Fuscoboletinus paluster (Peck) Pomerl. & A.H.Sm.	Fuscoboletinus paluster (Peck) Pomerl. & A.H. Sm.		CA	Huntsville, Peeler Lake trail		PRESENT		32859580-c30c-4367-8a8a-71f00fc9f833	45.4	-79.04944							2003-09-20	20	9	2003	3355941	5954880	PRESERVED_SPECIMEN	TAAM	TAAM	TAAM176400		Vello Liiv;Kuulo Kalamees	2003-09-20T00:00:00	CC_BY_NC_4_0	Irma Zettur	Kuulo Kalamees			2025-01-12T09:58:14.481Z		CONTINENT_DERIVED_FROM_COORDINATES
2901821362	50c9509d-22c7-4a22-a47d-8c48425ef4a7	https://www.inaturalist.org/observations/34644193	Fungi	Basidiomycota	Agaricomycetes	Boletales	Boletaceae	Boletus	Boletus paluster		SPECIES	Suillus paluster (Peck) Kuntze	Suillus paluster		CA		New Brunswick	PRESENT		28eb1a3f-1c15-4a95-931a-4af90ecb574d	46.209198	-64.288713	2636.0						2012-09-29T10:45	29	9	2012	8237532	5954880	HUMAN_OBSERVATION	iNaturalist	Observations	34644193		Raymonde G Chartier	2021-01-10T20:42:34	CC_BY_NC_4_0	Raymonde G Chartier	Raymonde G Chartier			2025-01-14T12:09:54.064Z	StillImage	COORDINATE_ROUNDED;CONTINENT_DERIVED_FROM_COORDINATES;TAXON_MATCH_TAXON_ID_IGNORED
2626125166	50c9509d-22c7-4a22-a47d-8c48425ef4a7	https://www.inaturalist.org/observations/45275686	Fungi	Basidiomycota	Agaricomycetes	Boletales	Boletaceae	Boletus	Boletus paluster		SPECIES	Suillus paluster (Peck) Kuntze	Suillus paluster		CA		New Brunswick	PRESENT		28eb1a3f-1c15-4a95-931a-4af90ecb574d	46.810399	-64.961472	977.0						2019-10-04T15:07	4	10	2019	8237532	5954880	HUMAN_OBSERVATION	iNaturalist	Observations	45275686		Raymonde G Chartier	2021-01-10T20:42:37	CC_BY_NC_4_0	antondeswardt	antondeswardt			2025-01-14T12:12:04.081Z	StillImage	COORDINATE_ROUNDED;CONTINENT_DERIVED_FROM_COORDINATES;TAXON_MATCH_TAXON_ID_IGNORED
2423211308	50c9509d-22c7-4a22-a47d-8c48425ef4a7	https://www.inaturalist.org/observations/33278767	Fungi	Basidiomycota	Agaricomycetes	Boletales	Boletaceae	Boletus	Boletus paluster		SPECIES	Suillus paluster (Peck) Kuntze	Suillus paluster		CA		Ontario	PRESENT		28eb1a3f-1c15-4a95-931a-4af90ecb574d	45.572627	-78.681903	8.0						2019-09-23T17:06:01	23	9	2019	8237532	5954880	HUMAN_OBSERVATION	iNaturalist	Observations	33278767		mycowalt	2021-01-10T20:42:30	CC_BY_NC_4_0	suesharpe	suesharpe			2025-01-14T13:09:45.560Z	StillImage	COORDINATE_ROUNDED;CONTINENT_DERIVED_FROM_COORDINATES;TAXON_MATCH_TAXON_ID_IGNORED
1920812296	50c9509d-22c7-4a22-a47d-8c48425ef4a7	https://www.inaturalist.org/observations/17281204	Fungi	Basidiomycota	Agaricomycetes	Boletales	Boletaceae	Boletus	Boletus paluster		SPECIES	Suillus paluster (Peck) Kuntze	Suillus paluster		CA		Ontario	PRESENT		28eb1a3f-1c15-4a95-931a-4af90ecb574d	45.574528	-78.6838	4000.0						2018-10-07T11:20:12	7	10	2018	8237532	5954880	HUMAN_OBSERVATION	iNaturalist	Observations	17281204		Jeffrey H. Skevington	2021-01-10T20:42:27	CC_BY_NC_4_0	Angela Skevington	Angela Skevington			2025-01-14T12:06:32.852Z	StillImage	COORDINATE_ROUNDED;CONTINENT_DERIVED_FROM_COORDINATES;TAXON_MATCH_TAXON_ID_IGNORED
1807261901	e8a25a42-f125-476c-8554-3ec21cd51a84	ACAD:118297	Fungi	Basidiomycota	Agaricomycetes	Boletales	Boletaceae	Boletus	Boletus paluster		SPECIES	Boletus paluster Peck	Boletus paluster Peck	Peck	CA	Scotts Bay	Nova Scotia	PRESENT		6491ad8c-8e49-4bd4-a089-0ddb3bbe0890	45.3	-64.424167							1975-09-10	10	9	1975	5954880	5954880	PRESERVED_SPECIMEN	Acadia University	ACAD	11445F	11445			CC0_1_0	Acadia University	Houk, L			2024-01-25T01:37:17.548Z	StillImage	COORDINATE_ROUNDED;GEODETIC_DATUM_INVALID;GEODETIC_DATUM_ASSUMED_WGS84;TAXON_MATCH_TAXON_ID_IGNORED;INSTITUTION_MATCH_FUZZY;COLLECTION_MATCH_FUZZY
1807261495	e8a25a42-f125-476c-8554-3ec21cd51a84	ACAD:118312	Fungi	Basidiomycota	Agaricomycetes	Boletales	Boletaceae	Boletus	Boletus paluster		SPECIES	Boletus paluster Peck	Boletus paluster Peck	Peck	CA	Scotts Bay	Nova Scotia	PRESENT		6491ad8c-8e49-4bd4-a089-0ddb3bbe0890	45.3	-64.424167							1975-09-15	15	9	1975	5954880	5954880	PRESERVED_SPECIMEN	Acadia University	ACAD	11462F	11462			CC0_1_0	Acadia University	Harrison, KA			2024-01-25T01:37:17.359Z	StillImage	COORDINATE_ROUNDED;GEODETIC_DATUM_INVALID;GEODETIC_DATUM_ASSUMED_WGS84;TAXON_MATCH_TAXON_ID_IGNORED;INSTITUTION_MATCH_FUZZY;COLLECTION_MATCH_FUZZY
1412706613	21705170-d2b6-42de-8904-c3bca4b83591	CMMF015076	Fungi	Basidiomycota	Agaricomycetes	Boletales	Boletaceae	Boletus	Boletus paluster		SPECIES	Fuscoboletinus paluster (Peck) Pomerl. & A.H.Sm.	Fuscoboletinus paluster (Peck) Pomerl. & A.H. Sm.	(Peck) Pomerl. & A.H. Sm.	CA	Mistassini, Québec.	Québec	PRESENT		ff7bd5db-b724-4932-b496-10ea298851f9	48.872751	-72.216576	5000.0						1989-09-10	10	9	1989	3355941	5954880	PRESERVED_SPECIMEN	Université de Montréal Biodiversity Centre	CMMF	CMMF015076	1099	Guérin, Gérard		CC0_1_0	Université de Montréal Biodiversity Centre	unknown			2024-01-24T16:38:16.670Z	StillImage	INSTITUTION_MATCH_FUZZY;COLLECTION_MATCH_FUZZY;DIFFERENT_OWNER_INSTITUTION
1412706579	21705170-d2b6-42de-8904-c3bca4b83591	CMMF015077	Fungi	Basidiomycota	Agaricomycetes	Boletales	Boletaceae	Boletus	Boletus paluster		SPECIES	Fuscoboletinus paluster (Peck) Pomerl. & A.H.Sm.	Fuscoboletinus paluster (Peck) Pomerl. & A.H. Sm.	(Peck) Pomerl. & A.H. Sm.	CA	Laterrière, Québec.	Québec	PRESENT		ff7bd5db-b724-4932-b496-10ea298851f9	48.30504	-71.110222	5000.0						1994-10-01	1	10	1994	3355941	5954880	PRESERVED_SPECIMEN	Université de Montréal Biodiversity Centre	CMMF	CMMF015077	1100	Guérin, Gérard		CC0_1_0	Université de Montréal Biodiversity Centre	Guérin, Gérard			2024-01-24T16:38:16.669Z	StillImage	INSTITUTION_MATCH_FUZZY;COLLECTION_MATCH_FUZZY;DIFFERENT_OWNER_INSTITUTION
1135070801	21705170-d2b6-42de-8904-c3bca4b83591	CMMF009326	Fungi	Basidiomycota	Agaricomycetes	Boletales	Boletaceae	Boletus	Boletus paluster		SPECIES	Suillus paluster (Peck) Kuntze	Suillus paluster (Peck) Kretzer & T.D. Bruns	(Peck) Kretzer & T.D. Bruns	CA	Lac Neigette, Lac-Beauport.	Québec	PRESENT		ff7bd5db-b724-4932-b496-10ea298851f9	46.952327	-71.300343	600.0						2006-10-04	4	10	2006	8237532	5954880	PRESERVED_SPECIMEN	Université de Montréal Biodiversity Centre	CMMF	CMMF009326	910	Labrecque, Jacqueline; Labbé, Roland		CC0_1_0	Université de Montréal Biodiversity Centre	Labrecque, Jacqueline			2024-01-24T16:38:21.572Z		INSTITUTION_MATCH_FUZZY;COLLECTION_MATCH_FUZZY;DIFFERENT_OWNER_INSTITUTION
1135068767	21705170-d2b6-42de-8904-c3bca4b83591	CMMF007337	Fungi	Basidiomycota	Agaricomycetes	Boletales	Boletaceae	Boletus	Boletus paluster		SPECIES	Suillus paluster (Peck) Kuntze	Suillus paluster (Peck) Kretzer & T.D. Bruns	(Peck) Kretzer & T.D. Bruns	CA	La Plaine	Québec	PRESENT		ff7bd5db-b724-4932-b496-10ea298851f9	45.808333	-73.780833	100.0						2009-10-21	21	10	2009	8237532	5954880	PRESERVED_SPECIMEN	Université de Montréal Biodiversity Centre	CMMF	CMMF007337	C3621	McNeil, Raymond		CC0_1_0	Université de Montréal Biodiversity Centre	McNeil, Raymond			2024-01-24T16:38:21.459Z	StillImage	COORDINATE_ROUNDED;INSTITUTION_MATCH_FUZZY;COLLECTION_MATCH_FUZZY;DIFFERENT_OWNER_INSTITUTION
1135068126	21705170-d2b6-42de-8904-c3bca4b83591	CMMF006785	Fungi	Basidiomycota	Agaricomycetes	Boletales	Boletaceae	Boletus	Boletus paluster		SPECIES	Suillus paluster (Peck) Kuntze	Suillus paluster (Peck) Kretzer & T.D. Bruns	(Peck) Kretzer & T.D. Bruns	CA	Mirabel (Parc du Domaine Vert)	Québec	PRESENT		ff7bd5db-b724-4932-b496-10ea298851f9	45.661667	-73.908333	100.0						1982-09-25	25	9	1982	8237532	5954880	PRESERVED_SPECIMEN	Université de Montréal Biodiversity Centre	CMMF	CMMF006785	1465	McNeil, Raymond		CC0_1_0	Université de Montréal Biodiversity Centre	McNeil, Raymond			2024-01-24T16:38:18.591Z	StillImage	COORDINATE_ROUNDED;INSTITUTION_MATCH_FUZZY;COLLECTION_MATCH_FUZZY;DIFFERENT_OWNER_INSTITUTION
