gbifID	datasetKey	occurrenceID	kingdom	phylum	class	order	family	genus	species	infraspecificEpithet	taxonRank	scientificName	verbatimScientificName	verbatimScientificNameAuthorship	countryCode	locality	stateProvince	occurrenceStatus	individualCount	publishingOrgKey	decimalLatitude	decimalLongitude	coordinateUncertaintyInMeters	coordinatePrecision	elevation	elevationAccuracy	depth	depthAccuracy	eventDate	day	month	year	taxonKey	speciesKey	basisOfRecord	institutionCode	collectionCode	catalogNumber	recordNumber	identifiedBy	dateIdentified	license	rightsHolder	recordedBy	typeStatus	establishmentMeans	lastInterpreted	mediaType	issue
727874683	d7cfd2ed-8af4-427f-a16e-eb66b7e2c419	13724	Fungi	Basidiomycota	Agaricomycetes	Agaricales	Amanitaceae	Amanita	Amanita fulva		SPECIES	Amanita fulva Fr.	Amanita fulva Fr.	Fr.	CA	Algonquin Provincial Park, Chit Lake	Ontario	PRESENT		ff418020-1d67-11d9-8435-b8a03c50a862	45.630343	-78.526958	188.0						2008-10-11	11	10	2008	7765582	7765582	PRESERVED_SPECIMEN	Royal Ontario Museum	TRTC	TRTC156824	ALG-11Oct08-1	JeanMarc Monclavo		CC0_1_0	Royal Ontario Museum	Moncalvo, JM			2024-01-25T00:59:38.107Z		COORDINATE_ROUNDED;AMBIGUOUS_INSTITUTION
727874681	d7cfd2ed-8af4-427f-a16e-eb66b7e2c419	13723	Fungi	Basidiomycota	Agaricomycetes	Agaricales	Amanitaceae	Amanita	Amanita fulva		SPECIES	Amanita fulva Fr.	Amanita fulva Fr.	Fr.	CA	Algonquin Provincial Park	Ontario	PRESENT		ff418020-1d67-11d9-8435-b8a03c50a862	45.759859	-78.376465	67511.0						2008-10-05	5	10	2008	7765582	7765582	PRESERVED_SPECIMEN	Royal Ontario Museum	TRTC	TRTC156720	ALG-5Oct08-JM	JeanMarc Monclavo		CC0_1_0	Royal Ontario Museum	Moncalvo, JM			2024-01-25T00:59:38.107Z		COORDINATE_ROUNDED;AMBIGUOUS_INSTITUTION
694156943	d7cfd2ed-8af4-427f-a16e-eb66b7e2c419	13771	Fungi	Basidiomycota	Agaricomycetes	Agaricales	Amanitaceae	Amanita	Amanita fulva		SPECIES	Amanita fulva Fr.	Amanita fulva Fr.	Fr.	CA	Algonquin Provincial Park, Wildlife Research Station, in front of the lab	Ontario	PRESENT		ff418020-1d67-11d9-8435-b8a03c50a862	45.590933	-78.521572	283.0						2007-10-01	1	10	2007	7765582	7765582	PRESERVED_SPECIMEN	Royal Ontario Museum	TRTC	TRTC156894	ALG07_70			CC0_1_0	Royal Ontario Museum	Dentiger Bryn			2024-01-25T00:59:38.088Z	StillImage	COORDINATE_ROUNDED;AMBIGUOUS_INSTITUTION
694156676	d7cfd2ed-8af4-427f-a16e-eb66b7e2c419	11021	Fungi	Basidiomycota	Agaricomycetes	Agaricales	Amanitaceae	Amanita	Amanita fulva		SPECIES	Amanita fulva Fr.	Amanita fulva Fr.	Fr.	CA	Algonquin Provincial Park, Mew Lake	Ontario	PRESENT		ff418020-1d67-11d9-8435-b8a03c50a862	45.57554	-78.51948	318.0						1959-09-12	12	9	1959	7765582	7765582	PRESERVED_SPECIMEN	Royal Ontario Museum	TRTC	TRTC035401	35401			CC0_1_0	Royal Ontario Museum				2024-01-25T00:59:38.157Z		COORDINATE_ROUNDED;AMBIGUOUS_INSTITUTION
617555358	21705170-d2b6-42de-8904-c3bca4b83591	CMMF000077	Fungi	Basidiomycota	Agaricomycetes	Agaricales	Amanitaceae	Amanita	Amanita fulva		SPECIES	Amanita fulva Fr.	Amanita fulva Fr.	Fr.	CA	Saint-Herménégilde	Québec	PRESENT		ff7bd5db-b724-4932-b496-10ea298851f9	45.105574	-71.672847	3000.0						1988-07-22	22	7	1988	7765582	7765582	PRESERVED_SPECIMEN	Université de Montréal Biodiversity Centre	CMMF	CMMF000077		Lamoureux, Yves		CC0_1_0	Université de Montréal Biodiversity Centre	Lamoureux, Yves			2024-01-24T16:38:20.579Z	StillImage	INSTITUTION_MATCH_FUZZY;COLLECTION_MATCH_FUZZY;DIFFERENT_OWNER_INSTITUTION
617555080	21705170-d2b6-42de-8904-c3bca4b83591	CMMF000649	Fungi	Basidiomycota	Agaricomycetes	Agaricales	Amanitaceae	Amanita	Amanita fulva		SPECIES	Amanita fulva Fr.	Amanita fulva Fr.	Fr.	CA	Saint-Herménégilde	Québec	PRESENT		ff7bd5db-b724-4932-b496-10ea298851f9	45.105574	-71.672847	3000.0						1989-08-23	23	8	1989	7765582	7765582	PRESERVED_SPECIMEN	Université de Montréal Biodiversity Centre	CMMF	CMMF000649		Lamoureux, Yves		CC0_1_0	Université de Montréal Biodiversity Centre	Lamoureux, Yves			2024-01-24T16:38:20.119Z	StillImage	INSTITUTION_MATCH_FUZZY;COLLECTION_MATCH_FUZZY;DIFFERENT_OWNER_INSTITUTION
617551769	21705170-d2b6-42de-8904-c3bca4b83591	CMMF002852	Fungi	Basidiomycota	Agaricomycetes	Agaricales	Amanitaceae	Amanita	Amanita fulva		SPECIES	Amanita fulva Fr.	Amanita fulva Fr.	Fr.	CA	Mt Orford	Québec	PRESENT		ff7bd5db-b724-4932-b496-10ea298851f9	45.340394	-72.208677	6500.0						1996-07-29	29	7	1996	7765582	7765582	PRESERVED_SPECIMEN	Université de Montréal Biodiversity Centre	CMMF	CMMF002852		Lamoureux, Yves		CC0_1_0	Université de Montréal Biodiversity Centre	Lamoureux, Yves			2024-01-24T16:38:20.640Z	StillImage	INSTITUTION_MATCH_FUZZY;COLLECTION_MATCH_FUZZY;DIFFERENT_OWNER_INSTITUTION
4952487527	50c9509d-22c7-4a22-a47d-8c48425ef4a7	https://www.inaturalist.org/observations/244173460	Fungi	Basidiomycota	Agaricomycetes	Agaricales	Amanitaceae	Amanita	Amanita fulva		SPECIES	Amanita fulva Fr.	Amanita fulva		CA		New Brunswick	PRESENT		28eb1a3f-1c15-4a95-931a-4af90ecb574d	45.955806	-66.663308	8.0						2024-09-26T15:23:47	26	9	2024	7765582	7765582	HUMAN_OBSERVATION	iNaturalist	Observations	244173460		Toni Doucette	2024-09-26T23:57:59	CC_BY_NC_4_0	thuilia	thuilia			2025-01-14T12:54:13.380Z	StillImage	COORDINATE_ROUNDED;CONTINENT_DERIVED_FROM_COORDINATES;TAXON_MATCH_TAXON_ID_IGNORED
4950455670	50c9509d-22c7-4a22-a47d-8c48425ef4a7	https://www.inaturalist.org/observations/239058799	Fungi	Basidiomycota	Agaricomycetes	Agaricales	Amanitaceae	Amanita	Amanita fulva		SPECIES	Amanita fulva Fr.	Amanita fulva		CA		Québec	PRESENT		28eb1a3f-1c15-4a95-931a-4af90ecb574d	45.758392	-73.622628	4.0						2024-08-31T14:10:30	31	8	2024	7765582	7765582	HUMAN_OBSERVATION	iNaturalist	Observations	239058799		Mical	2024-08-31T22:11:50	CC_BY_4_0	Mical	Mical			2025-01-14T12:52:41.428Z	StillImage	COORDINATE_ROUNDED;CONTINENT_DERIVED_FROM_COORDINATES;TAXON_MATCH_TAXON_ID_IGNORED
4950311089	50c9509d-22c7-4a22-a47d-8c48425ef4a7	https://www.inaturalist.org/observations/239858788	Fungi	Basidiomycota	Agaricomycetes	Agaricales	Amanitaceae	Amanita	Amanita fulva		SPECIES	Amanita fulva Fr.	Amanita fulva		CA		Québec	PRESENT		28eb1a3f-1c15-4a95-931a-4af90ecb574d	45.469712	-74.313247	4.0						2024-09-04T10:48:57	4	9	2024	7765582	7765582	HUMAN_OBSERVATION	iNaturalist	Observations	239858788		Mical	2024-09-04T20:46:46	CC_BY_4_0	Mical	Mical			2025-01-14T13:43:14.334Z	StillImage	COORDINATE_ROUNDED;CONTINENT_DERIVED_FROM_COORDINATES;TAXON_MATCH_TAXON_ID_IGNORED
4946568521	50c9509d-22c7-4a22-a47d-8c48425ef4a7	https://www.inaturalist.org/observations/240068947	Fungi	Basidiomycota	Agaricomycetes	Agaricales	Amanitaceae	Amanita	Amanita fulva		SPECIES	Amanita fulva Fr.	Amanita fulva		CA		Ontario	PRESENT		28eb1a3f-1c15-4a95-931a-4af90ecb574d	45.351112	-75.379592							2024-09-05T15:10	5	9	2024	7765582	7765582	HUMAN_OBSERVATION	iNaturalist	Observations	240068947		jonathan_mack	2024-09-06T01:47:25	CC_BY_NC_4_0	jonathan_mack	jonathan_mack			2025-01-14T12:54:23.099Z	StillImage	COORDINATE_ROUNDED;CONTINENT_DERIVED_FROM_COORDINATES;TAXON_MATCH_TAXON_ID_IGNORED
4946256401	50c9509d-22c7-4a22-a47d-8c48425ef4a7	https://www.inaturalist.org/observations/241452459	Fungi	Basidiomycota	Agaricomycetes	Agaricales	Amanitaceae	Amanita	Amanita fulva		SPECIES	Amanita fulva Fr.	Amanita fulva		CA		Québec	PRESENT		28eb1a3f-1c15-4a95-931a-4af90ecb574d	45.907593	-73.886749	7.0						2024-09-13T09:33:48	13	9	2024	7765582	7765582	HUMAN_OBSERVATION	iNaturalist	Observations	241452459		naatasha	2024-09-13T13:34:04	CC_BY_NC_4_0	naatasha	naatasha			2025-01-14T12:53:27.350Z	StillImage	COORDINATE_ROUNDED;CONTINENT_DERIVED_FROM_COORDINATES;TAXON_MATCH_TAXON_ID_IGNORED
4936384303	50c9509d-22c7-4a22-a47d-8c48425ef4a7	https://www.inaturalist.org/observations/239679464	Fungi	Basidiomycota	Agaricomycetes	Agaricales	Amanitaceae	Amanita	Amanita fulva		SPECIES	Amanita fulva Fr.	Amanita fulva		CA		Prince Edward Island	PRESENT		28eb1a3f-1c15-4a95-931a-4af90ecb574d	46.705832	-64.228361							2024-09-03T12:36:34	3	9	2024	7765582	7765582	HUMAN_OBSERVATION	iNaturalist	Observations	239679464		Julie-Lynn Zahavich	2024-09-03T20:42:34	CC_BY_NC_4_0	Julie-Lynn Zahavich	Julie-Lynn Zahavich			2025-01-14T12:53:51.020Z	StillImage	COORDINATE_ROUNDED;CONTINENT_DERIVED_FROM_COORDINATES;TAXON_MATCH_TAXON_ID_IGNORED
4935755893	50c9509d-22c7-4a22-a47d-8c48425ef4a7	https://www.inaturalist.org/observations/237248598	Fungi	Basidiomycota	Agaricomycetes	Agaricales	Amanitaceae	Amanita	Amanita fulva		SPECIES	Amanita fulva Fr.	Amanita fulva		CA		Québec	PRESENT		28eb1a3f-1c15-4a95-931a-4af90ecb574d	45.409743	-71.262062	7887.0						2024-08-17T16:17:02	17	8	2024	7765582	7765582	HUMAN_OBSERVATION	iNaturalist	Observations	237248598		Emilie Dumont-Blanchette	2024-08-22T09:18:56	CC_BY_NC_4_0	Emilie Dumont-Blanchette	Emilie Dumont-Blanchette			2025-01-14T12:50:01.878Z	StillImage	COORDINATE_ROUNDED;CONTINENT_DERIVED_FROM_COORDINATES;TAXON_MATCH_TAXON_ID_IGNORED
4926327201	50c9509d-22c7-4a22-a47d-8c48425ef4a7	https://www.inaturalist.org/observations/235803044	Fungi	Basidiomycota	Agaricomycetes	Agaricales	Amanitaceae	Amanita	Amanita fulva		SPECIES	Amanita fulva Fr.	Amanita fulva		CA		New Brunswick	PRESENT		28eb1a3f-1c15-4a95-931a-4af90ecb574d	45.29457	-66.033669	184.0						2024-08-14T18:28:08	14	8	2024	7765582	7765582	HUMAN_OBSERVATION	iNaturalist	Observations	235803044		Toni Doucette	2024-08-14T21:58:50	CC_BY_NC_4_0	Toni Doucette	Toni Doucette			2025-01-14T13:35:31.265Z	StillImage	COORDINATE_ROUNDED;CONTINENT_DERIVED_FROM_COORDINATES;TAXON_MATCH_TAXON_ID_IGNORED
4926048596	50c9509d-22c7-4a22-a47d-8c48425ef4a7	https://www.inaturalist.org/observations/235611196	Fungi	Basidiomycota	Agaricomycetes	Agaricales	Amanitaceae	Amanita	Amanita fulva		SPECIES	Amanita fulva Fr.	Amanita fulva		CA		Québec	PRESENT		28eb1a3f-1c15-4a95-931a-4af90ecb574d	45.984763	-73.167279	1865.0						2024-08-13T09:07:43	13	8	2024	7765582	7765582	HUMAN_OBSERVATION	iNaturalist	Observations	235611196		egrenier	2024-08-13T21:30:44	CC_BY_NC_4_0	egrenier	egrenier			2025-01-14T13:42:23.540Z	StillImage	COORDINATE_ROUNDED;CONTINENT_DERIVED_FROM_COORDINATES;TAXON_MATCH_TAXON_ID_IGNORED
4925876856	50c9509d-22c7-4a22-a47d-8c48425ef4a7	https://www.inaturalist.org/observations/236119647	Fungi	Basidiomycota	Agaricomycetes	Agaricales	Amanitaceae	Amanita	Amanita fulva		SPECIES	Amanita fulva Fr.	Amanita fulva		CA		New Brunswick	PRESENT		28eb1a3f-1c15-4a95-931a-4af90ecb574d	45.205484	-66.407097							2024-08-16T09:27:52	16	8	2024	7765582	7765582	HUMAN_OBSERVATION	iNaturalist	Observations	236119647		Renée Lebeuf	2024-08-16T17:16:33	CC_BY_NC_4_0	Renée Lebeuf	Renée Lebeuf			2025-01-14T13:35:52.700Z	StillImage	CONTINENT_DERIVED_FROM_COORDINATES;TAXON_MATCH_TAXON_ID_IGNORED
4924174644	50c9509d-22c7-4a22-a47d-8c48425ef4a7	https://www.inaturalist.org/observations/234041380	Fungi	Basidiomycota	Agaricomycetes	Agaricales	Amanitaceae	Amanita	Amanita fulva		SPECIES	Amanita fulva Fr.	Amanita fulva		CA		New Brunswick	PRESENT		28eb1a3f-1c15-4a95-931a-4af90ecb574d	45.29457	-66.033669	184.0						2024-08-05T19:12:39	5	8	2024	7765582	7765582	HUMAN_OBSERVATION	iNaturalist	Observations	234041380		Toni Doucette	2024-08-05T23:04:36	CC_BY_NC_4_0	Toni Doucette	Toni Doucette			2025-01-14T12:52:35.415Z	StillImage	COORDINATE_ROUNDED;CONTINENT_DERIVED_FROM_COORDINATES;TAXON_MATCH_TAXON_ID_IGNORED
4924090191	50c9509d-22c7-4a22-a47d-8c48425ef4a7	https://www.inaturalist.org/observations/234752652	Fungi	Basidiomycota	Agaricomycetes	Agaricales	Amanitaceae	Amanita	Amanita fulva		SPECIES	Amanita fulva Fr.	Amanita fulva		CA		Québec	PRESENT		28eb1a3f-1c15-4a95-931a-4af90ecb574d	46.769981	-72.814449	281.0						2024-08-06T11:31:17	6	8	2024	7765582	7765582	HUMAN_OBSERVATION	iNaturalist	Observations	234752652		pinets	2024-08-09T20:14:54	CC_BY_NC_4_0	pinets	pinets			2025-01-14T12:49:18.520Z	StillImage	COORDINATE_ROUNDED;CONTINENT_DERIVED_FROM_COORDINATES;TAXON_MATCH_TAXON_ID_IGNORED
4921833645	50c9509d-22c7-4a22-a47d-8c48425ef4a7	https://www.inaturalist.org/observations/232335235	Fungi	Basidiomycota	Agaricomycetes	Agaricales	Amanitaceae	Amanita	Amanita fulva		SPECIES	Amanita fulva Fr.	Amanita fulva		CA		Québec	PRESENT		28eb1a3f-1c15-4a95-931a-4af90ecb574d	48.909203	-72.391316							2024-07-28T11:48	28	7	2024	7765582	7765582	HUMAN_OBSERVATION	iNaturalist	Observations	232335235		Paul Vézina	2024-07-28T19:29:01	CC_BY_NC_4_0	Paul Vézina	Paul Vézina			2025-01-14T12:47:15.941Z	StillImage	COORDINATE_ROUNDED;CONTINENT_DERIVED_FROM_COORDINATES;TAXON_MATCH_TAXON_ID_IGNORED
4921818154	50c9509d-22c7-4a22-a47d-8c48425ef4a7	https://www.inaturalist.org/observations/59513998	Fungi	Basidiomycota	Agaricomycetes	Agaricales	Amanitaceae	Amanita	Amanita fulva		SPECIES	Amanita fulva Fr.	Amanita fulva		CA		Québec	PRESENT		28eb1a3f-1c15-4a95-931a-4af90ecb574d	46.835787	-79.194458	13.0						2020-09-12T11:34:56	12	9	2020	7765582	7765582	HUMAN_OBSERVATION	iNaturalist	Observations	59513998		Jonathan Jensen-Lynch	2024-08-06T02:00:55	CC_BY_NC_4_0	Jonathan Fréchette	Jonathan Fréchette			2025-01-14T13:09:54.880Z	StillImage	COORDINATE_ROUNDED;CONTINENT_DERIVED_FROM_COORDINATES;TAXON_MATCH_TAXON_ID_IGNORED
4921594519	50c9509d-22c7-4a22-a47d-8c48425ef4a7	https://www.inaturalist.org/observations/232896396	Fungi	Basidiomycota	Agaricomycetes	Agaricales	Amanitaceae	Amanita	Amanita fulva		SPECIES	Amanita fulva Fr.	Amanita fulva		CA		Québec	PRESENT		28eb1a3f-1c15-4a95-931a-4af90ecb574d	48.295517	-70.340438	4.0						2024-07-31T07:30:52	31	7	2024	7765582	7765582	HUMAN_OBSERVATION	iNaturalist	Observations	232896396		Morphie	2024-07-31T15:57:33	CC_BY_NC_4_0	matgravel	matgravel			2025-01-14T12:51:38.211Z	StillImage	COORDINATE_ROUNDED;CONTINENT_DERIVED_FROM_COORDINATES;TAXON_MATCH_TAXON_ID_IGNORED
4919668359	50c9509d-22c7-4a22-a47d-8c48425ef4a7	https://www.inaturalist.org/observations/231465189	Fungi	Basidiomycota	Agaricomycetes	Agaricales	Amanitaceae	Amanita	Amanita fulva		SPECIES	Amanita fulva Fr.	Amanita fulva		CA		Québec	PRESENT		28eb1a3f-1c15-4a95-931a-4af90ecb574d	46.952125	-71.267708							2024-07-24T14:50:48	24	7	2024	7765582	7765582	HUMAN_OBSERVATION	iNaturalist	Observations	231465189		Simon Pelletier	2024-07-24T18:52:15	CC_BY_NC_4_0	Simon Pelletier	Simon Pelletier			2025-01-14T13:42:25.146Z	StillImage	COORDINATE_ROUNDED;CONTINENT_DERIVED_FROM_COORDINATES;TAXON_MATCH_TAXON_ID_IGNORED
4919377606	50c9509d-22c7-4a22-a47d-8c48425ef4a7	https://www.inaturalist.org/observations/231465454	Fungi	Basidiomycota	Agaricomycetes	Agaricales	Amanitaceae	Amanita	Amanita fulva		SPECIES	Amanita fulva Fr.	Amanita fulva		CA		Québec	PRESENT		28eb1a3f-1c15-4a95-931a-4af90ecb574d	46.950871	-71.266915	4.0						2024-07-24T14:52:16	24	7	2024	7765582	7765582	HUMAN_OBSERVATION	iNaturalist	Observations	231465454		Simon Pelletier	2024-07-24T18:52:42	CC_BY_NC_4_0	Simon Pelletier	Simon Pelletier			2025-01-14T12:47:09.348Z	StillImage	COORDINATE_ROUNDED;CONTINENT_DERIVED_FROM_COORDINATES;TAXON_MATCH_TAXON_ID_IGNORED
4908333525	50c9509d-22c7-4a22-a47d-8c48425ef4a7	https://www.inaturalist.org/observations/229254396	Fungi	Basidiomycota	Agaricomycetes	Agaricales	Amanitaceae	Amanita	Amanita fulva		SPECIES	Amanita fulva Fr.	Amanita fulva		CA		New Brunswick	PRESENT		28eb1a3f-1c15-4a95-931a-4af90ecb574d	45.583283	-64.984143							2024-07-13T12:40:17	13	7	2024	7765582	7765582	HUMAN_OBSERVATION	iNaturalist	Observations	229254396		Nali T.-Paradis	2024-07-14T13:36:39	CC_BY_NC_4_0	Nali T.-Paradis	Nali T.-Paradis			2025-01-14T13:42:33.181Z	StillImage	CONTINENT_DERIVED_FROM_COORDINATES;TAXON_MATCH_TAXON_ID_IGNORED
4908096874	50c9509d-22c7-4a22-a47d-8c48425ef4a7	https://www.inaturalist.org/observations/229254228	Fungi	Basidiomycota	Agaricomycetes	Agaricales	Amanitaceae	Amanita	Amanita fulva		SPECIES	Amanita fulva Fr.	Amanita fulva		CA		New Brunswick	PRESENT		28eb1a3f-1c15-4a95-931a-4af90ecb574d	45.583308	-64.984175							2024-07-13T12:37:17	13	7	2024	7765582	7765582	HUMAN_OBSERVATION	iNaturalist	Observations	229254228		Nali T.-Paradis	2024-07-14T13:35:30	CC_BY_NC_4_0	Nali T.-Paradis	Nali T.-Paradis			2025-01-14T13:42:07.748Z	StillImage	COORDINATE_ROUNDED;CONTINENT_DERIVED_FROM_COORDINATES;TAXON_MATCH_TAXON_ID_IGNORED
4851793658	50c9509d-22c7-4a22-a47d-8c48425ef4a7	https://www.inaturalist.org/observations/209085382	Fungi	Basidiomycota	Agaricomycetes	Agaricales	Amanitaceae	Amanita	Amanita fulva		SPECIES	Amanita fulva Fr.	Amanita fulva		CA		Québec	PRESENT		28eb1a3f-1c15-4a95-931a-4af90ecb574d	45.395686	-73.397541	1776.0						2022-07-01T18:13	1	7	2022	7765582	7765582	HUMAN_OBSERVATION	iNaturalist	Observations	209085382		Isabelle Pouliot	2024-04-24T15:12:16	CC_BY_NC_4_0	Isabelle Pouliot	Isabelle Pouliot			2025-01-14T13:40:26.193Z	StillImage	COORDINATE_ROUNDED;CONTINENT_DERIVED_FROM_COORDINATES;TAXON_MATCH_TAXON_ID_IGNORED
4846733532	50c9509d-22c7-4a22-a47d-8c48425ef4a7	https://www.inaturalist.org/observations/90596124	Fungi	Basidiomycota	Agaricomycetes	Agaricales	Amanitaceae	Amanita	Amanita fulva		SPECIES	Amanita fulva Fr.	Amanita fulva		CA		Prince Edward Island	PRESENT		28eb1a3f-1c15-4a95-931a-4af90ecb574d	46.836799	-64.058979	114.0						2021-07-31T13:21	31	7	2021	7765582	7765582	HUMAN_OBSERVATION	iNaturalist	Observations	90596124		m_gallant	2022-12-11T16:08:43	CC_BY_4_0	Barry Cottam	Barry Cottam			2025-01-14T13:10:58.789Z	StillImage	COORDINATE_ROUNDED;CONTINENT_DERIVED_FROM_COORDINATES;TAXON_MATCH_TAXON_ID_IGNORED
4606677661	50c9509d-22c7-4a22-a47d-8c48425ef4a7	https://www.inaturalist.org/observations/193087432	Fungi	Basidiomycota	Agaricomycetes	Agaricales	Amanitaceae	Amanita	Amanita fulva		SPECIES	Amanita fulva Fr.	Amanita fulva		CA		Québec	PRESENT		28eb1a3f-1c15-4a95-931a-4af90ecb574d	47.01461	-71.260266	26903.0						2023-09-16T12:08:26	16	9	2023	7765582	7765582	HUMAN_OBSERVATION	iNaturalist	Observations	193087432		Antoine Fortin	2024-03-11T21:30:27	CC_BY_NC_4_0	Alex Wittemeier	Alex Wittemeier			2025-01-14T13:36:32.427Z	StillImage	COORDINATE_ROUNDED;CONTINENT_DERIVED_FROM_COORDINATES;TAXON_MATCH_TAXON_ID_IGNORED
4535607886	50c9509d-22c7-4a22-a47d-8c48425ef4a7	https://www.inaturalist.org/observations/178917854	Fungi	Basidiomycota	Agaricomycetes	Agaricales	Amanitaceae	Amanita	Amanita fulva		SPECIES	Amanita fulva Fr.	Amanita fulva		CA		New Brunswick	PRESENT		28eb1a3f-1c15-4a95-931a-4af90ecb574d	45.600733	-65.01345	10581.0						2023-08-15T12:02	15	8	2023	7765582	7765582	HUMAN_OBSERVATION	iNaturalist	Observations	178917854		Brian Hunt	2024-03-01T17:17:45	CC_BY_NC_4_0	Alfredo Justo	Alfredo Justo			2025-01-14T12:41:39.997Z	StillImage	COORDINATE_ROUNDED;CONTINENT_DERIVED_FROM_COORDINATES;TAXON_MATCH_TAXON_ID_IGNORED
4528013535	50c9509d-22c7-4a22-a47d-8c48425ef4a7	https://www.inaturalist.org/observations/199994085	Fungi	Basidiomycota	Agaricomycetes	Agaricales	Amanitaceae	Amanita	Amanita fulva		SPECIES	Amanita fulva Fr.	Amanita fulva		CA		Québec	PRESENT		28eb1a3f-1c15-4a95-931a-4af90ecb574d	46.926962	-71.204108	8.0						2023-08-12	12	8	2023	7765582	7765582	HUMAN_OBSERVATION	iNaturalist	Observations	199994085		Christian Grenier	2024-02-21T14:11:22	CC_BY_NC_4_0	Christian Grenier	Christian Grenier			2025-01-14T12:44:48.300Z	StillImage	COORDINATE_ROUNDED;CONTINENT_DERIVED_FROM_COORDINATES;TAXON_MATCH_TAXON_ID_IGNORED
4522702248	50c9509d-22c7-4a22-a47d-8c48425ef4a7	https://www.inaturalist.org/observations/198889980	Fungi	Basidiomycota	Agaricomycetes	Agaricales	Amanitaceae	Amanita	Amanita fulva		SPECIES	Amanita fulva Fr.	Amanita fulva		CA		Québec	PRESENT		28eb1a3f-1c15-4a95-931a-4af90ecb574d	46.9135	-71.219249	15.0						2023-08-21	21	8	2023	7765582	7765582	HUMAN_OBSERVATION	iNaturalist	Observations	198889980		Christian Grenier	2024-02-10T12:50:03	CC_BY_NC_4_0	Christian Grenier	Christian Grenier			2025-01-14T13:31:18.502Z	StillImage	COORDINATE_ROUNDED;CONTINENT_DERIVED_FROM_COORDINATES;TAXON_MATCH_TAXON_ID_IGNORED
4500561474	50c9509d-22c7-4a22-a47d-8c48425ef4a7	https://www.inaturalist.org/observations/185400598	Fungi	Basidiomycota	Agaricomycetes	Agaricales	Amanitaceae	Amanita	Amanita fulva		SPECIES	Amanita fulva Fr.	Amanita fulva		CA		Prince Edward Island	PRESENT		28eb1a3f-1c15-4a95-931a-4af90ecb574d	46.42323	-64.111877	20.0						2023-09-28T12:39	28	9	2023	7765582	7765582	HUMAN_OBSERVATION	iNaturalist	Observations	185400598		Denis Gallant	2023-09-29T10:55:44	CC_BY_NC_4_0	Denis Gallant	Denis Gallant			2025-01-14T12:41:48.324Z	StillImage	COORDINATE_ROUNDED;CONTINENT_DERIVED_FROM_COORDINATES;TAXON_MATCH_TAXON_ID_IGNORED
4465648155	50c9509d-22c7-4a22-a47d-8c48425ef4a7	https://www.inaturalist.org/observations/181132857	Fungi	Basidiomycota	Agaricomycetes	Agaricales	Amanitaceae	Amanita	Amanita fulva		SPECIES	Amanita fulva Fr.	Amanita fulva		CA		Prince Edward Island	PRESENT		28eb1a3f-1c15-4a95-931a-4af90ecb574d	46.504583	-64.081127	10.0						2023-08-31T11:49	31	8	2023	7765582	7765582	HUMAN_OBSERVATION	iNaturalist	Observations	181132857		Denis Gallant	2023-09-01T00:15:32	CC_BY_NC_4_0	Denis Gallant	Denis Gallant			2025-01-14T12:39:35.441Z	StillImage	COORDINATE_ROUNDED;CONTINENT_DERIVED_FROM_COORDINATES;TAXON_MATCH_TAXON_ID_IGNORED
4458351965	50c9509d-22c7-4a22-a47d-8c48425ef4a7	https://www.inaturalist.org/observations/170292914	Fungi	Basidiomycota	Agaricomycetes	Agaricales	Amanitaceae	Amanita	Amanita fulva		SPECIES	Amanita fulva Fr.	Amanita fulva		CA		Prince Edward Island	PRESENT		28eb1a3f-1c15-4a95-931a-4af90ecb574d	46.837474	-64.057859	50.0						2023-06-29T14:41	29	6	2023	7765582	7765582	HUMAN_OBSERVATION	iNaturalist	Observations	170292914		Rosemary Curley	2023-06-30T16:05:49	CC_BY_NC_4_0	Rosemary Curley	Rosemary Curley			2025-01-14T13:27:49.237Z	StillImage	COORDINATE_ROUNDED;CONTINENT_DERIVED_FROM_COORDINATES;TAXON_MATCH_TAXON_ID_IGNORED
4430566121	50c9509d-22c7-4a22-a47d-8c48425ef4a7	https://www.inaturalist.org/observations/187549493	Fungi	Basidiomycota	Agaricomycetes	Agaricales	Amanitaceae	Amanita	Amanita fulva		SPECIES	Amanita fulva Fr.	Amanita fulva		CA		Québec	PRESENT		28eb1a3f-1c15-4a95-931a-4af90ecb574d	45.789499	-71.782917							2023-10-14T10:44:49	14	10	2023	7765582	7765582	HUMAN_OBSERVATION	iNaturalist	Observations	187549493		xavierlamontagne	2023-10-14T21:42:05	CC_BY_NC_4_0	xavierlamontagne	xavierlamontagne			2025-01-14T13:29:55.091Z	StillImage	COORDINATE_ROUNDED;CONTINENT_DERIVED_FROM_COORDINATES;TAXON_MATCH_TAXON_ID_IGNORED
4417120463	50c9509d-22c7-4a22-a47d-8c48425ef4a7	https://www.inaturalist.org/observations/184297134	Fungi	Basidiomycota	Agaricomycetes	Agaricales	Amanitaceae	Amanita	Amanita fulva		SPECIES	Amanita fulva Fr.	Amanita fulva		CA		Québec	PRESENT		28eb1a3f-1c15-4a95-931a-4af90ecb574d	45.302737	-72.246647	4.0						2023-09-15T14:13	15	9	2023	7765582	7765582	HUMAN_OBSERVATION	iNaturalist	Observations	184297134		gabboilard	2023-09-21T18:57:21	CC_BY_NC_4_0	gabboilard	gabboilard			2025-01-14T12:42:39.701Z	StillImage	COORDINATE_ROUNDED;CONTINENT_DERIVED_FROM_COORDINATES;TAXON_MATCH_TAXON_ID_IGNORED
4416931608	50c9509d-22c7-4a22-a47d-8c48425ef4a7	https://www.inaturalist.org/observations/175137844	Fungi	Basidiomycota	Agaricomycetes	Agaricales	Amanitaceae	Amanita	Amanita fulva		SPECIES	Amanita fulva Fr.	Amanita fulva		CA		Québec	PRESENT		28eb1a3f-1c15-4a95-931a-4af90ecb574d	45.44833	-71.154671	3921.0						2023-07-23T19:30	23	7	2023	7765582	7765582	HUMAN_OBSERVATION	iNaturalist	Observations	175137844		rm123	2023-07-27T01:43:25	CC_BY_NC_4_0	rm123	rm123			2025-01-14T13:31:40.267Z	StillImage	COORDINATE_ROUNDED;CONTINENT_DERIVED_FROM_COORDINATES;TAXON_MATCH_TAXON_ID_IGNORED
4414230331	50c9509d-22c7-4a22-a47d-8c48425ef4a7	https://www.inaturalist.org/observations/183438906	Fungi	Basidiomycota	Agaricomycetes	Agaricales	Amanitaceae	Amanita	Amanita fulva		SPECIES	Amanita fulva Fr.	Amanita fulva		CA		New Brunswick	PRESENT		28eb1a3f-1c15-4a95-931a-4af90ecb574d	45.792941	-66.861913							2023-09-15T15:00:29	15	9	2023	7765582	7765582	HUMAN_OBSERVATION	iNaturalist	Observations	183438906		Andrew MacPherson	2023-09-16T00:51:53	CC0_1_0	Andrew MacPherson	Andrew MacPherson			2025-01-14T12:41:47.810Z	StillImage	COORDINATE_ROUNDED;CONTINENT_DERIVED_FROM_COORDINATES;TAXON_MATCH_TAXON_ID_IGNORED
4413873927	50c9509d-22c7-4a22-a47d-8c48425ef4a7	https://www.inaturalist.org/observations/182564384	Fungi	Basidiomycota	Agaricomycetes	Agaricales	Amanitaceae	Amanita	Amanita fulva		SPECIES	Amanita fulva Fr.	Amanita fulva		CA		New Brunswick	PRESENT		28eb1a3f-1c15-4a95-931a-4af90ecb574d	45.60327	-64.893655	8057.0						2023-09-09T10:20:08	9	9	2023	7765582	7765582	HUMAN_OBSERVATION	iNaturalist	Observations	182564384		Alex Hood	2023-09-10T19:58:06	CC_BY_NC_4_0	yoguilours	yoguilours			2025-01-14T12:42:34.531Z	StillImage	COORDINATE_ROUNDED;CONTINENT_DERIVED_FROM_COORDINATES;TAXON_MATCH_TAXON_ID_IGNORED
4413871534	50c9509d-22c7-4a22-a47d-8c48425ef4a7	https://www.inaturalist.org/observations/182079661	Fungi	Basidiomycota	Agaricomycetes	Agaricales	Amanitaceae	Amanita	Amanita fulva		SPECIES	Amanita fulva Fr.	Amanita fulva		CA		Québec	PRESENT		28eb1a3f-1c15-4a95-931a-4af90ecb574d	48.552528	-78.229319	78.0						2023-09-03T14:40	3	9	2023	7765582	7765582	HUMAN_OBSERVATION	iNaturalist	Observations	182079661		jonathan_mack	2023-09-06T18:04:10	CC_BY_NC_4_0	jonathan_mack	jonathan_mack			2025-01-14T13:41:02.204Z	StillImage	COORDINATE_ROUNDED;CONTINENT_DERIVED_FROM_COORDINATES;TAXON_MATCH_TAXON_ID_IGNORED
4413684058	50c9509d-22c7-4a22-a47d-8c48425ef4a7	https://www.inaturalist.org/observations/182178213	Fungi	Basidiomycota	Agaricomycetes	Agaricales	Amanitaceae	Amanita	Amanita fulva		SPECIES	Amanita fulva Fr.	Amanita fulva		CA		Québec	PRESENT		28eb1a3f-1c15-4a95-931a-4af90ecb574d	46.768222	-72.837251	1092.0						2023-09-05T08:29:15	5	9	2023	7765582	7765582	HUMAN_OBSERVATION	iNaturalist	Observations	182178213		Leisa Hubley	2023-09-07T13:15:26	CC_BY_NC_4_0	Leisa Hubley	Leisa Hubley			2025-01-14T13:32:27.331Z	StillImage	COORDINATE_ROUNDED;CONTINENT_DERIVED_FROM_COORDINATES;TAXON_MATCH_TAXON_ID_IGNORED
4413454165	50c9509d-22c7-4a22-a47d-8c48425ef4a7	https://www.inaturalist.org/observations/181543443	Fungi	Basidiomycota	Agaricomycetes	Agaricales	Amanitaceae	Amanita	Amanita fulva		SPECIES	Amanita fulva Fr.	Amanita fulva		CA		Québec	PRESENT		28eb1a3f-1c15-4a95-931a-4af90ecb574d	47.222834	-71.408024	1701.0						2023-09-02T14:03:57	2	9	2023	7765582	7765582	HUMAN_OBSERVATION	iNaturalist	Observations	181543443		gabboilard	2023-09-03T12:43:56	CC_BY_NC_4_0	Laurent Fey	Laurent Fey			2025-01-14T13:32:36.622Z	StillImage	COORDINATE_ROUNDED;CONTINENT_DERIVED_FROM_COORDINATES;TAXON_MATCH_TAXON_ID_IGNORED
4413446163	50c9509d-22c7-4a22-a47d-8c48425ef4a7	https://www.inaturalist.org/observations/181268389	Fungi	Basidiomycota	Agaricomycetes	Agaricales	Amanitaceae	Amanita	Amanita fulva		SPECIES	Amanita fulva Fr.	Amanita fulva		CA		Ontario	PRESENT		28eb1a3f-1c15-4a95-931a-4af90ecb574d	46.309895	-79.254002							2023-09-01T13:26	1	9	2023	7765582	7765582	HUMAN_OBSERVATION	iNaturalist	Observations	181268389		Brent Turcotte	2023-09-01T22:14:43	CC_BY_NC_4_0	Brent Turcotte	Brent Turcotte			2025-01-14T12:40:05.792Z	StillImage	COORDINATE_ROUNDED;CONTINENT_DERIVED_FROM_COORDINATES;TAXON_MATCH_TAXON_ID_IGNORED
4407522152	50c9509d-22c7-4a22-a47d-8c48425ef4a7	https://www.inaturalist.org/observations/181548206	Fungi	Basidiomycota	Agaricomycetes	Agaricales	Amanitaceae	Amanita	Amanita fulva		SPECIES	Amanita fulva Fr.	Amanita fulva		CA		Québec	PRESENT		28eb1a3f-1c15-4a95-931a-4af90ecb574d	47.131027	-70.718919							2023-09-02T13:56	2	9	2023	7765582	7765582	HUMAN_OBSERVATION	iNaturalist	Observations	181548206		egrenier	2023-09-03T12:54:18	CC_BY_NC_4_0	egrenier	egrenier			2025-01-14T13:33:06.551Z	StillImage	COORDINATE_ROUNDED;CONTINENT_DERIVED_FROM_COORDINATES;TAXON_MATCH_TAXON_ID_IGNORED
4407494888	50c9509d-22c7-4a22-a47d-8c48425ef4a7	https://www.inaturalist.org/observations/181633201	Fungi	Basidiomycota	Agaricomycetes	Agaricales	Amanitaceae	Amanita	Amanita fulva		SPECIES	Amanita fulva Fr.	Amanita fulva		CA		Québec	PRESENT		28eb1a3f-1c15-4a95-931a-4af90ecb574d	45.344318	-71.742105	635.0						2023-08-28T11:12	28	8	2023	7765582	7765582	HUMAN_OBSERVATION	iNaturalist	Observations	181633201		Cmarion	2023-09-03T21:02:39	CC_BY_NC_4_0	Cmarion	Cmarion			2025-01-14T12:41:07.463Z	StillImage	COORDINATE_ROUNDED;CONTINENT_DERIVED_FROM_COORDINATES;TAXON_MATCH_TAXON_ID_IGNORED
4405524038	50c9509d-22c7-4a22-a47d-8c48425ef4a7	https://www.inaturalist.org/observations/180462597	Fungi	Basidiomycota	Agaricomycetes	Agaricales	Amanitaceae	Amanita	Amanita fulva		SPECIES	Amanita fulva Fr.	Amanita fulva		CA		Québec	PRESENT		28eb1a3f-1c15-4a95-931a-4af90ecb574d	46.469033	-74.367319	13238.0						2023-08-24T10:10:03	24	8	2023	7765582	7765582	HUMAN_OBSERVATION	iNaturalist	Observations	180462597		morganedube	2023-08-27T16:13:29	CC_BY_NC_4_0	morganedube	morganedube			2025-01-14T13:28:41.523Z	StillImage	COORDINATE_ROUNDED;CONTINENT_DERIVED_FROM_COORDINATES;TAXON_MATCH_TAXON_ID_IGNORED
4405031880	50c9509d-22c7-4a22-a47d-8c48425ef4a7	https://www.inaturalist.org/observations/180370608	Fungi	Basidiomycota	Agaricomycetes	Agaricales	Amanitaceae	Amanita	Amanita fulva		SPECIES	Amanita fulva Fr.	Amanita fulva		CA		Québec	PRESENT		28eb1a3f-1c15-4a95-931a-4af90ecb574d	45.422317	-71.921447	4.0						2023-08-26T15:47:21	26	8	2023	7765582	7765582	HUMAN_OBSERVATION	iNaturalist	Observations	180370608		Jacob Beauregard	2023-08-27T01:14:29	CC_BY_NC_4_0	Jacob Beauregard	Jacob Beauregard			2025-01-14T13:28:42.196Z	StillImage	COORDINATE_ROUNDED;CONTINENT_DERIVED_FROM_COORDINATES;TAXON_MATCH_TAXON_ID_IGNORED
4405009372	50c9509d-22c7-4a22-a47d-8c48425ef4a7	https://www.inaturalist.org/observations/127008749	Fungi	Basidiomycota	Agaricomycetes	Agaricales	Amanitaceae	Amanita	Amanita fulva		SPECIES	Amanita fulva Fr.	Amanita fulva		CA		New Brunswick	PRESENT		28eb1a3f-1c15-4a95-931a-4af90ecb574d	45.414648	-65.926178	33.0						2022-07-19T17:57:59	19	7	2022	7765582	7765582	HUMAN_OBSERVATION	iNaturalist	Observations	127008749		Todd Ross	2022-07-19T20:59:09	CC_BY_NC_4_0	Todd Ross	Todd Ross			2025-01-14T12:30:47.440Z	StillImage	COORDINATE_ROUNDED;CONTINENT_DERIVED_FROM_COORDINATES;TAXON_MATCH_TAXON_ID_IGNORED
4400296601	50c9509d-22c7-4a22-a47d-8c48425ef4a7	https://www.inaturalist.org/observations/179723213	Fungi	Basidiomycota	Agaricomycetes	Agaricales	Amanitaceae	Amanita	Amanita fulva		SPECIES	Amanita fulva Fr.	Amanita fulva		CA		Prince Edward Island	PRESENT		28eb1a3f-1c15-4a95-931a-4af90ecb574d	46.606299	-64.114752	9.0						2023-08-22T13:29:39	22	8	2023	7765582	7765582	HUMAN_OBSERVATION	iNaturalist	Observations	179723213		beckau	2023-08-22T19:34:06	CC_BY_NC_4_0	beckau	beckau			2025-01-14T12:38:31.073Z	StillImage	COORDINATE_ROUNDED;CONTINENT_DERIVED_FROM_COORDINATES;TAXON_MATCH_TAXON_ID_IGNORED
4400152798	50c9509d-22c7-4a22-a47d-8c48425ef4a7	https://www.inaturalist.org/observations/178995215	Fungi	Basidiomycota	Agaricomycetes	Agaricales	Amanitaceae	Amanita	Amanita fulva		SPECIES	Amanita fulva Fr.	Amanita fulva		CA		Québec	PRESENT		28eb1a3f-1c15-4a95-931a-4af90ecb574d	45.42228	-71.92147	4.0						2023-08-17T14:04:13	17	8	2023	7765582	7765582	HUMAN_OBSERVATION	iNaturalist	Observations	178995215		Jacob Beauregard	2023-08-18T14:57:17	CC_BY_NC_4_0	Jacob Beauregard	Jacob Beauregard			2025-01-14T13:32:41.216Z	StillImage	CONTINENT_DERIVED_FROM_COORDINATES;TAXON_MATCH_TAXON_ID_IGNORED
4400088573	50c9509d-22c7-4a22-a47d-8c48425ef4a7	https://www.inaturalist.org/observations/178917296	Fungi	Basidiomycota	Agaricomycetes	Agaricales	Amanitaceae	Amanita	Amanita fulva		SPECIES	Amanita fulva Fr.	Amanita fulva		CA		New Brunswick	PRESENT		28eb1a3f-1c15-4a95-931a-4af90ecb574d	45.602642	-65.010956	32.0						2023-08-15T11:31	15	8	2023	7765582	7765582	HUMAN_OBSERVATION	iNaturalist	Observations	178917296		Alfredo Justo	2023-08-17T23:57:14	CC_BY_NC_4_0	Alfredo Justo	Alfredo Justo			2025-01-14T13:32:07.668Z	StillImage	COORDINATE_ROUNDED;CONTINENT_DERIVED_FROM_COORDINATES;TAXON_MATCH_TAXON_ID_IGNORED
4399905128	50c9509d-22c7-4a22-a47d-8c48425ef4a7	https://www.inaturalist.org/observations/179354847	Fungi	Basidiomycota	Agaricomycetes	Agaricales	Amanitaceae	Amanita	Amanita fulva		SPECIES	Amanita fulva Fr.	Amanita fulva		CA		Québec	PRESENT		28eb1a3f-1c15-4a95-931a-4af90ecb574d	45.31564	-73.809262	27190.0						2023-08-20T11:14:27	20	8	2023	7765582	7765582	HUMAN_OBSERVATION	iNaturalist	Observations	179354847		Mical	2023-08-20T15:20:34	CC_BY_4_0	Mical	Mical			2025-01-14T13:32:30.670Z	StillImage	COORDINATE_ROUNDED;CONTINENT_DERIVED_FROM_COORDINATES;TAXON_MATCH_TAXON_ID_IGNORED
4177251446	50c9509d-22c7-4a22-a47d-8c48425ef4a7	https://www.inaturalist.org/observations/177544114	Fungi	Basidiomycota	Agaricomycetes	Agaricales	Amanitaceae	Amanita	Amanita fulva		SPECIES	Amanita fulva Fr.	Amanita fulva		CA		Québec	PRESENT		28eb1a3f-1c15-4a95-931a-4af90ecb574d	45.627106	-71.04364	3900.0						2023-08-09T14:23:56	9	8	2023	7765582	7765582	HUMAN_OBSERVATION	iNaturalist	Observations	177544114		sourire	2023-08-09T18:24:11	CC_BY_NC_4_0	sourire	sourire			2025-01-14T12:38:06.136Z	StillImage	COORDINATE_ROUNDED;CONTINENT_DERIVED_FROM_COORDINATES;TAXON_MATCH_TAXON_ID_IGNORED
4177056783	50c9509d-22c7-4a22-a47d-8c48425ef4a7	https://www.inaturalist.org/observations/178180834	Fungi	Basidiomycota	Agaricomycetes	Agaricales	Amanitaceae	Amanita	Amanita fulva		SPECIES	Amanita fulva Fr.	Amanita fulva		CA		Québec	PRESENT		28eb1a3f-1c15-4a95-931a-4af90ecb574d	45.924769	-74.017161	4.0						2023-08-13T10:24:17	13	8	2023	7765582	7765582	HUMAN_OBSERVATION	iNaturalist	Observations	178180834		paruline	2023-08-13T14:24:40	CC_BY_NC_4_0	paruline	paruline			2025-01-14T13:32:03.979Z	StillImage	COORDINATE_ROUNDED;CONTINENT_DERIVED_FROM_COORDINATES;TAXON_MATCH_TAXON_ID_IGNORED
4172321673	50c9509d-22c7-4a22-a47d-8c48425ef4a7	https://www.inaturalist.org/observations/177203674	Fungi	Basidiomycota	Agaricomycetes	Agaricales	Amanitaceae	Amanita	Amanita fulva		SPECIES	Amanita fulva Fr.	Amanita fulva		CA		Québec	PRESENT		28eb1a3f-1c15-4a95-931a-4af90ecb574d	47.397675	-70.523558	7.0						2023-08-07T13:43:37	7	8	2023	7765582	7765582	HUMAN_OBSERVATION	iNaturalist	Observations	177203674		lejocelyn	2023-08-07T17:44:18	CC_BY_NC_4_0	lejocelyn	lejocelyn			2025-01-14T13:41:13.400Z	StillImage	COORDINATE_ROUNDED;CONTINENT_DERIVED_FROM_COORDINATES;TAXON_MATCH_TAXON_ID_IGNORED
4171996351	50c9509d-22c7-4a22-a47d-8c48425ef4a7	https://www.inaturalist.org/observations/176121363	Fungi	Basidiomycota	Agaricomycetes	Agaricales	Amanitaceae	Amanita	Amanita fulva		SPECIES	Amanita fulva Fr.	Amanita fulva		CA		Québec	PRESENT		28eb1a3f-1c15-4a95-931a-4af90ecb574d	46.99482	-71.868326	39.0						2023-08-01T11:47:01	1	8	2023	7765582	7765582	HUMAN_OBSERVATION	iNaturalist	Observations	176121363		martine_b	2023-08-01T15:47:36	CC_BY_NC_4_0	martine_b	martine_b			2025-01-14T13:32:15.897Z	StillImage	COORDINATE_ROUNDED;CONTINENT_DERIVED_FROM_COORDINATES;TAXON_MATCH_TAXON_ID_IGNORED
4171704656	50c9509d-22c7-4a22-a47d-8c48425ef4a7	https://www.inaturalist.org/observations/175197093	Fungi	Basidiomycota	Agaricomycetes	Agaricales	Amanitaceae	Amanita	Amanita fulva		SPECIES	Amanita fulva Fr.	Amanita fulva		CA		Québec	PRESENT		28eb1a3f-1c15-4a95-931a-4af90ecb574d	48.677928	-72.477163	5.0						2022-08-27T13:38:38	27	8	2022	7765582	7765582	HUMAN_OBSERVATION	iNaturalist	Observations	175197093		ricomycologie	2023-07-27T13:06:51	CC_BY_NC_4_0	ricomycologie	ricomycologie			2025-01-14T13:26:03.310Z	StillImage	COORDINATE_ROUNDED;CONTINENT_DERIVED_FROM_COORDINATES;TAXON_MATCH_TAXON_ID_IGNORED
4133667509	50c9509d-22c7-4a22-a47d-8c48425ef4a7	https://www.inaturalist.org/observations/153585489	Fungi	Basidiomycota	Agaricomycetes	Agaricales	Amanitaceae	Amanita	Amanita fulva		SPECIES	Amanita fulva Fr.	Amanita fulva		CA		Québec	PRESENT		28eb1a3f-1c15-4a95-931a-4af90ecb574d	46.784414	-71.270143	267.0						2015-09-12T13:16	12	9	2015	7765582	7765582	HUMAN_OBSERVATION	iNaturalist	Observations	153585489		Léo-Guy de Repentigny	2023-04-05T17:17:42	CC_BY_NC_4_0	Léo-Guy de Repentigny	Léo-Guy de Repentigny			2025-01-14T12:34:27.106Z	StillImage	COORDINATE_ROUNDED;CONTINENT_DERIVED_FROM_COORDINATES;TAXON_MATCH_TAXON_ID_IGNORED
4039148637	50c9509d-22c7-4a22-a47d-8c48425ef4a7	https://www.inaturalist.org/observations/141323628	Fungi	Basidiomycota	Agaricomycetes	Agaricales	Amanitaceae	Amanita	Amanita fulva		SPECIES	Amanita fulva Fr.	Amanita fulva		CA		New Brunswick	PRESENT		28eb1a3f-1c15-4a95-931a-4af90ecb574d	45.435392	-65.373222	25.0						2021-07-25T15:45	25	7	2021	7765582	7765582	HUMAN_OBSERVATION	iNaturalist	Observations	141323628		Alfredo Justo	2022-11-07T00:19:38	CC_BY_NC_4_0	Alfredo Justo	Alfredo Justo			2025-01-14T12:32:13.567Z	StillImage	COORDINATE_ROUNDED;CONTINENT_DERIVED_FROM_COORDINATES;TAXON_MATCH_TAXON_ID_IGNORED
4028883188	50c9509d-22c7-4a22-a47d-8c48425ef4a7	https://www.inaturalist.org/observations/141624969	Fungi	Basidiomycota	Agaricomycetes	Agaricales	Amanitaceae	Amanita	Amanita fulva		SPECIES	Amanita fulva Fr.	Amanita fulva		CA		New Brunswick	PRESENT		28eb1a3f-1c15-4a95-931a-4af90ecb574d	45.494594	-65.278389	45.0						2021-09-01T12:49	1	9	2021	7765582	7765582	HUMAN_OBSERVATION	iNaturalist	Observations	141624969		Stephen Russell	2023-01-27T21:22:54	CC_BY_NC_4_0	Alfredo Justo	Alfredo Justo			2025-01-14T12:32:40.553Z	StillImage	COORDINATE_ROUNDED;CONTINENT_DERIVED_FROM_COORDINATES;TAXON_MATCH_TAXON_ID_IGNORED
4028788971	50c9509d-22c7-4a22-a47d-8c48425ef4a7	https://www.inaturalist.org/observations/141579664	Fungi	Basidiomycota	Agaricomycetes	Agaricales	Amanitaceae	Amanita	Amanita fulva		SPECIES	Amanita fulva Fr.	Amanita fulva		CA		New Brunswick	PRESENT		28eb1a3f-1c15-4a95-931a-4af90ecb574d	45.485833	-65.261667	743.0						2021-08-25T12:53	25	8	2021	7765582	7765582	HUMAN_OBSERVATION	iNaturalist	Observations	141579664		Stephen Russell	2023-01-27T21:22:26	CC_BY_NC_4_0	Alfredo Justo	Alfredo Justo			2025-01-14T12:32:30.420Z	StillImage	CONTINENT_DERIVED_FROM_COORDINATES;TAXON_MATCH_TAXON_ID_IGNORED
4028705006	50c9509d-22c7-4a22-a47d-8c48425ef4a7	https://www.inaturalist.org/observations/130537308	Fungi	Basidiomycota	Agaricomycetes	Agaricales	Amanitaceae	Amanita	Amanita fulva		SPECIES	Amanita fulva Fr.	Amanita fulva		CA		New Brunswick	PRESENT		28eb1a3f-1c15-4a95-931a-4af90ecb574d	46.792092	-66.475992	23.0						2022-08-12T09:52	12	8	2022	7765582	7765582	HUMAN_OBSERVATION	iNaturalist	Observations	130537308		Stephen Russell	2023-01-27T21:20:47	CC_BY_NC_4_0	Alfredo Justo	Alfredo Justo			2025-01-14T13:24:47.859Z	StillImage	COORDINATE_ROUNDED;CONTINENT_DERIVED_FROM_COORDINATES;TAXON_MATCH_TAXON_ID_IGNORED
4011698980	50c9509d-22c7-4a22-a47d-8c48425ef4a7	https://www.inaturalist.org/observations/145451219	Fungi	Basidiomycota	Agaricomycetes	Agaricales	Amanitaceae	Amanita	Amanita fulva		SPECIES	Amanita fulva Fr.	Amanita fulva		CA		Québec	PRESENT		28eb1a3f-1c15-4a95-931a-4af90ecb574d	45.917713	-76.457566	27095.0						2022-09-05T10:48	5	9	2022	7765582	7765582	HUMAN_OBSERVATION	iNaturalist	Observations	145451219		L Joan Heyding	2022-12-30T21:01:14	CC_BY_NC_4_0	L Joan Heyding	L Joan Heyding			2025-01-14T12:32:43.643Z	StillImage	COORDINATE_ROUNDED;CONTINENT_DERIVED_FROM_COORDINATES;TAXON_MATCH_TAXON_ID_IGNORED
3988563545	50c9509d-22c7-4a22-a47d-8c48425ef4a7	https://www.inaturalist.org/observations/132587199	Fungi	Basidiomycota	Agaricomycetes	Agaricales	Amanitaceae	Amanita	Amanita fulva		SPECIES	Amanita fulva Fr.	Amanita fulva		CA		Nova Scotia	PRESENT		28eb1a3f-1c15-4a95-931a-4af90ecb574d	45.727265	-64.118136	27126.0						2022-08-26T14:59	26	8	2022	7765582	7765582	HUMAN_OBSERVATION	iNaturalist	Observations	132587199		Ben	2022-08-28T14:37:18	CC_BY_NC_4_0	Ben	Ben			2025-01-14T12:31:18.874Z	StillImage	COORDINATE_ROUNDED;CONTINENT_DERIVED_FROM_COORDINATES;TAXON_MATCH_TAXON_ID_IGNORED
3987102937	d8cd16ba-bb74-4420-821e-083f2bac17c2	JN020968	Fungi	Basidiomycota	Agaricomycetes	Agaricales	Amanitaceae	Amanita	Amanita fulva		SPECIES	Amanita fulva Fr.	Amanita fulva		CA	Ontario, Wildlife Research Station, Algonquin Provincial Park		PRESENT		ada9d123-ddb4-467d-8891-806ea8d94230	45.6	-78.52							2007-10-01	1	10	2007	7765582	7765582	PRESERVED_SPECIMEN			TRTC156894		Bryn T. M. Dentinger		CC_BY_4_0		Bryn Dentinger, Maryna Didukh			2025-01-18T13:03:55.914Z		GEODETIC_DATUM_ASSUMED_WGS84;CONTINENT_DERIVED_FROM_COORDINATES;TAXON_MATCH_TAXON_CONCEPT_ID_IGNORED;TAXON_MATCH_TAXON_ID_IGNORED
3966385846	50c9509d-22c7-4a22-a47d-8c48425ef4a7	https://www.inaturalist.org/observations/141625050	Fungi	Basidiomycota	Agaricomycetes	Agaricales	Amanitaceae	Amanita	Amanita fulva		SPECIES	Amanita fulva Fr.	Amanita fulva		CA		New Brunswick	PRESENT		28eb1a3f-1c15-4a95-931a-4af90ecb574d	45.492611	-65.279014	12.0						2021-09-01T13:19	1	9	2021	7765582	7765582	HUMAN_OBSERVATION	iNaturalist	Observations	141625050		Alfredo Justo	2022-11-10T17:38:07	CC_BY_NC_4_0	Alfredo Justo	Alfredo Justo			2025-01-14T13:21:56.075Z	StillImage	COORDINATE_ROUNDED;CONTINENT_DERIVED_FROM_COORDINATES;TAXON_MATCH_TAXON_ID_IGNORED
3925134186	50c9509d-22c7-4a22-a47d-8c48425ef4a7	https://www.inaturalist.org/observations/137987711	Fungi	Basidiomycota	Agaricomycetes	Agaricales	Amanitaceae	Amanita	Amanita fulva		SPECIES	Amanita fulva Fr.	Amanita fulva		CA		Québec	PRESENT		28eb1a3f-1c15-4a95-931a-4af90ecb574d	45.465144	-74.079868	1769.0						2022-09-03T13:41	3	9	2022	7765582	7765582	HUMAN_OBSERVATION	iNaturalist	Observations	137987711		muscariafly	2022-10-08T15:43:36	CC_BY_NC_4_0	muscariafly	muscariafly			2025-01-14T13:18:04.624Z	StillImage	COORDINATE_ROUNDED;CONTINENT_DERIVED_FROM_COORDINATES;TAXON_MATCH_TAXON_ID_IGNORED
3915547793	50c9509d-22c7-4a22-a47d-8c48425ef4a7	https://www.inaturalist.org/observations/136644263	Fungi	Basidiomycota	Agaricomycetes	Agaricales	Amanitaceae	Amanita	Amanita fulva		SPECIES	Amanita fulva Fr.	Amanita fulva		CA		Ontario	PRESENT		28eb1a3f-1c15-4a95-931a-4af90ecb574d	45.358026	-75.283199	92.0						2022-09-25T11:12	25	9	2022	7765582	7765582	HUMAN_OBSERVATION	iNaturalist	Observations	136644263		jonathan_mack	2022-09-27T01:31:05	CC_BY_NC_4_0	jonathan_mack	jonathan_mack			2025-01-14T12:33:28.790Z	StillImage	COORDINATE_ROUNDED;CONTINENT_DERIVED_FROM_COORDINATES;TAXON_MATCH_TAXON_ID_IGNORED
3915492687	50c9509d-22c7-4a22-a47d-8c48425ef4a7	https://www.inaturalist.org/observations/136311678	Fungi	Basidiomycota	Agaricomycetes	Agaricales	Amanitaceae	Amanita	Amanita fulva		SPECIES	Amanita fulva Fr.	Amanita fulva		CA		Ontario	PRESENT		28eb1a3f-1c15-4a95-931a-4af90ecb574d	45.50882	-75.337363	5.0						2022-09-24T10:20:46	24	9	2022	7765582	7765582	HUMAN_OBSERVATION	iNaturalist	Observations	136311678		Lynn Ovenden	2022-09-24T18:15:09	CC_BY_NC_4_0	Lynn Ovenden	Lynn Ovenden			2025-01-14T12:32:03.041Z	StillImage	COORDINATE_ROUNDED;CONTINENT_DERIVED_FROM_COORDINATES;TAXON_MATCH_TAXON_ID_IGNORED
3912388351	50c9509d-22c7-4a22-a47d-8c48425ef4a7	https://www.inaturalist.org/observations/135611999	Fungi	Basidiomycota	Agaricomycetes	Agaricales	Amanitaceae	Amanita	Amanita fulva		SPECIES	Amanita fulva Fr.	Amanita fulva		CA		New Brunswick	PRESENT		28eb1a3f-1c15-4a95-931a-4af90ecb574d	45.66838	-64.993928	4.0						2022-09-18T15:26:11	18	9	2022	7765582	7765582	HUMAN_OBSERVATION	iNaturalist	Observations	135611999		Laura O'Connor	2022-09-19T01:37:42	CC_BY_NC_4_0	Laura O'Connor	Laura O'Connor			2025-01-14T12:32:35.392Z	StillImage	COORDINATE_ROUNDED;CONTINENT_DERIVED_FROM_COORDINATES;TAXON_MATCH_TAXON_ID_IGNORED
3912040853	50c9509d-22c7-4a22-a47d-8c48425ef4a7	https://www.inaturalist.org/observations/134932473	Fungi	Basidiomycota	Agaricomycetes	Agaricales	Amanitaceae	Amanita	Amanita fulva		SPECIES	Amanita fulva Fr.	Amanita fulva		CA		Prince Edward Island	PRESENT		28eb1a3f-1c15-4a95-931a-4af90ecb574d	46.507895	-64.081733	100.0						2022-09-13T11:37	13	9	2022	7765582	7765582	HUMAN_OBSERVATION	iNaturalist	Observations	134932473		Denis Gallant	2022-09-14T00:19:17	CC_BY_NC_4_0	Denis Gallant	Denis Gallant			2025-01-14T12:31:45.179Z	StillImage	COORDINATE_ROUNDED;CONTINENT_DERIVED_FROM_COORDINATES;TAXON_MATCH_TAXON_ID_IGNORED
3903289798	50c9509d-22c7-4a22-a47d-8c48425ef4a7	https://www.inaturalist.org/observations/133148467	Fungi	Basidiomycota	Agaricomycetes	Agaricales	Amanitaceae	Amanita	Amanita fulva		SPECIES	Amanita fulva Fr.	Amanita fulva		CA		Prince Edward Island	PRESENT		28eb1a3f-1c15-4a95-931a-4af90ecb574d	46.616125	-64.046476							2022-08-31T11:06	31	8	2022	7765582	7765582	HUMAN_OBSERVATION	iNaturalist	Observations	133148467		Denis Gallant	2022-09-01T00:14:33	CC_BY_NC_4_0	Denis Gallant	Denis Gallant			2025-01-14T13:25:12.271Z	StillImage	COORDINATE_ROUNDED;CONTINENT_DERIVED_FROM_COORDINATES;TAXON_MATCH_TAXON_ID_IGNORED
3902305343	50c9509d-22c7-4a22-a47d-8c48425ef4a7	https://www.inaturalist.org/observations/131361838	Fungi	Basidiomycota	Agaricomycetes	Agaricales	Amanitaceae	Amanita	Amanita fulva		SPECIES	Amanita fulva Fr.	Amanita fulva		CA		New Brunswick	PRESENT		28eb1a3f-1c15-4a95-931a-4af90ecb574d	45.129342	-66.524322	98.0						2022-08-16T17:06:57	16	8	2022	7765582	7765582	HUMAN_OBSERVATION	iNaturalist	Observations	131361838		Todd Ross	2022-08-18T18:30:20	CC_BY_NC_4_0	Todd Ross	Todd Ross			2025-01-14T12:31:06.970Z	StillImage	COORDINATE_ROUNDED;CONTINENT_DERIVED_FROM_COORDINATES;TAXON_MATCH_TAXON_ID_IGNORED
3873323042	50c9509d-22c7-4a22-a47d-8c48425ef4a7	https://www.inaturalist.org/observations/127590283	Fungi	Basidiomycota	Agaricomycetes	Agaricales	Amanitaceae	Amanita	Amanita fulva		SPECIES	Amanita fulva Fr.	Amanita fulva		CA		Québec	PRESENT		28eb1a3f-1c15-4a95-931a-4af90ecb574d	48.675088	-72.477332							2022-07-23T19:14	23	7	2022	7765582	7765582	HUMAN_OBSERVATION	iNaturalist	Observations	127590283		Paul Vézina	2022-07-23T23:16:19	CC_BY_NC_4_0	Paul Vézina	Paul Vézina			2025-01-14T12:30:46.555Z	StillImage	COORDINATE_ROUNDED;CONTINENT_DERIVED_FROM_COORDINATES;TAXON_MATCH_TAXON_ID_IGNORED
3858282830	50c9509d-22c7-4a22-a47d-8c48425ef4a7	https://www.inaturalist.org/observations/101978097	Fungi	Basidiomycota	Agaricomycetes	Agaricales	Amanitaceae	Amanita	Amanita fulva		SPECIES	Amanita fulva Fr.	Amanita fulva		CA		Ontario	PRESENT		28eb1a3f-1c15-4a95-931a-4af90ecb574d	45.576113	-78.526708	150.0						2014-09-27T11:57	27	9	2014	7765582	7765582	HUMAN_OBSERVATION	iNaturalist	Observations	101978097		Stephen Luk	2021-11-27T01:18:27	CC_BY_NC_4_0	Stephen Luk	Stephen Luk			2025-01-14T12:23:03.313Z	StillImage	COORDINATE_ROUNDED;CONTINENT_DERIVED_FROM_COORDINATES;TAXON_MATCH_TAXON_ID_IGNORED
3772707460	50c9509d-22c7-4a22-a47d-8c48425ef4a7	https://www.inaturalist.org/observations/94476129	Fungi	Basidiomycota	Agaricomycetes	Agaricales	Amanitaceae	Amanita	Amanita fulva		SPECIES	Amanita fulva Fr.	Amanita fulva		CA		Québec	PRESENT		28eb1a3f-1c15-4a95-931a-4af90ecb574d	49.282195	-67.9657	65.0						2021-09-11T15:04:53	11	9	2021	7765582	7765582	HUMAN_OBSERVATION	iNaturalist	Observations	94476129		cinna_latifolia	2021-09-12T04:09:16	CC_BY_NC_4_0	francebeaupre	francebeaupre			2025-01-14T13:23:45.920Z	StillImage	COORDINATE_ROUNDED;CONTINENT_DERIVED_FROM_COORDINATES;TAXON_MATCH_TAXON_ID_IGNORED
3499634364	50c9509d-22c7-4a22-a47d-8c48425ef4a7	https://www.inaturalist.org/observations/90813764	Fungi	Basidiomycota	Agaricomycetes	Agaricales	Amanitaceae	Amanita	Amanita fulva		SPECIES	Amanita fulva Fr.	Amanita fulva		CA		Québec	PRESENT		28eb1a3f-1c15-4a95-931a-4af90ecb574d	48.167784	-79.317445	174.0						2021-08-11T13:58	11	8	2021	7765582	7765582	HUMAN_OBSERVATION	iNaturalist	Observations	90813764		cinna_latifolia	2022-02-15T19:50:55	CC_BY_NC_4_0	nadia-bergeron	nadia-bergeron			2025-01-14T12:20:19.684Z	StillImage	COORDINATE_ROUNDED;CONTINENT_DERIVED_FROM_COORDINATES;TAXON_MATCH_TAXON_ID_IGNORED
3391317370	50c9509d-22c7-4a22-a47d-8c48425ef4a7	https://www.inaturalist.org/observations/57327495	Fungi	Basidiomycota	Agaricomycetes	Agaricales	Amanitaceae	Amanita	Amanita fulva		SPECIES	Amanita fulva Fr.	Amanita fulva		CA		Québec	PRESENT		28eb1a3f-1c15-4a95-931a-4af90ecb574d	46.755756	-71.324646	8.0						2020-08-22	22	8	2020	7765582	7765582	HUMAN_OBSERVATION	iNaturalist	Observations	57327495		Ludo Leclerc	2020-08-23T13:36:44	CC_BY_NC_4_0	Ludo Leclerc	Ludo Leclerc			2025-01-14T13:10:27.525Z	StillImage	COORDINATE_ROUNDED;CONTINENT_DERIVED_FROM_COORDINATES;TAXON_MATCH_TAXON_ID_IGNORED
3384338476	50c9509d-22c7-4a22-a47d-8c48425ef4a7	https://www.inaturalist.org/observations/95387509	Fungi	Basidiomycota	Agaricomycetes	Agaricales	Amanitaceae	Amanita	Amanita fulva		SPECIES	Amanita fulva Fr.	Amanita fulva		CA		Ontario	PRESENT		28eb1a3f-1c15-4a95-931a-4af90ecb574d	45.361645	-75.125725	5.0						2021-09-18T12:01:22	18	9	2021	7765582	7765582	HUMAN_OBSERVATION	iNaturalist	Observations	95387509		Lynn Ovenden	2021-09-19T12:30:13	CC_BY_NC_4_0	Lynn Ovenden	Lynn Ovenden			2025-01-14T13:14:49.209Z	StillImage	CONTINENT_DERIVED_FROM_COORDINATES;TAXON_MATCH_TAXON_ID_IGNORED
3355317695	50c9509d-22c7-4a22-a47d-8c48425ef4a7	https://www.inaturalist.org/observations/93436306	Fungi	Basidiomycota	Agaricomycetes	Agaricales	Amanitaceae	Amanita	Amanita fulva		SPECIES	Amanita fulva Fr.	Amanita fulva		CA		Québec	PRESENT		28eb1a3f-1c15-4a95-931a-4af90ecb574d	46.278408	-74.534508	4.0						2021-09-02T11:12:12	2	9	2021	7765582	7765582	HUMAN_OBSERVATION	iNaturalist	Observations	93436306		jenmihas	2021-09-03T02:54:59	CC_BY_NC_4_0	jenmihas	jenmihas			2025-01-14T12:20:46.189Z	StillImage	COORDINATE_ROUNDED;CONTINENT_DERIVED_FROM_COORDINATES;TAXON_MATCH_TAXON_ID_IGNORED
3355317454	50c9509d-22c7-4a22-a47d-8c48425ef4a7	https://www.inaturalist.org/observations/93217101	Fungi	Basidiomycota	Agaricomycetes	Agaricales	Amanitaceae	Amanita	Amanita fulva		SPECIES	Amanita fulva Fr.	Amanita fulva		CA		Ontario	PRESENT		28eb1a3f-1c15-4a95-931a-4af90ecb574d	45.582998	-78.527289	789.0						2021-08-18T07:59	18	8	2021	7765582	7765582	HUMAN_OBSERVATION	iNaturalist	Observations	93217101		Cameron Chevalier	2021-09-01T01:45:28	CC_BY_NC_4_0	Cameron Chevalier	Cameron Chevalier			2025-01-14T12:22:01.164Z	StillImage	COORDINATE_ROUNDED;CONTINENT_DERIVED_FROM_COORDINATES;TAXON_MATCH_TAXON_ID_IGNORED
3349381476	d8cd16ba-bb74-4420-821e-083f2bac17c2	MN992295	Fungi	Basidiomycota	Agaricomycetes	Agaricales	Amanitaceae	Amanita	Amanita fulva		SPECIES	Amanita fulva Fr.	Amanita fulva		CA	Quebec, Anticosti		PRESENT		ada9d123-ddb4-467d-8891-806ea8d94230	49.9	-64.4							2015-09-09	9	9	2015	7765582	7765582	PRESERVED_SPECIMEN			ANT233-QFB28728		Renee Lebeuf		CC_BY_4_0		Cadotte, M.			2025-01-18T13:04:48.399Z		GEODETIC_DATUM_ASSUMED_WGS84;CONTINENT_DERIVED_FROM_COORDINATES;TAXON_MATCH_TAXON_CONCEPT_ID_IGNORED;TAXON_MATCH_TAXON_ID_IGNORED
3349299284	d8cd16ba-bb74-4420-821e-083f2bac17c2	MN992296	Fungi	Basidiomycota	Agaricomycetes	Agaricales	Amanitaceae	Amanita	Amanita fulva		SPECIES	Amanita fulva Fr.	Amanita fulva		CA	Quebec, Anticosti		PRESENT		ada9d123-ddb4-467d-8891-806ea8d94230	49.88	-64.18							2015-09-07	7	9	2015	7765582	7765582	PRESERVED_SPECIMEN			ANT050-QFB28637		Pauline Dube		CC_BY_4_0		Dube, P.			2025-01-18T13:04:48.243Z		GEODETIC_DATUM_ASSUMED_WGS84;CONTINENT_DERIVED_FROM_COORDINATES;TAXON_MATCH_TAXON_CONCEPT_ID_IGNORED;TAXON_MATCH_TAXON_ID_IGNORED
3346907610	d8cd16ba-bb74-4420-821e-083f2bac17c2	JN029365	Fungi	Basidiomycota	Agaricomycetes	Agaricales	Amanitaceae	Amanita	Amanita fulva		SPECIES	Amanita fulva Fr.	Amanita fulva		CA	Ontario, Wildlife Research Station, Algonquin Provincial Park		PRESENT		ada9d123-ddb4-467d-8891-806ea8d94230	45.6	-78.52							2007-09-29	29	9	2007	7765582	7765582	PRESERVED_SPECIMEN			TRTC156872		Bryn T. M. Dentinger		CC_BY_4_0		Bryn Dentinger, Maryna Didukh			2025-01-18T13:03:52.500Z		GEODETIC_DATUM_ASSUMED_WGS84;CONTINENT_DERIVED_FROM_COORDINATES;TAXON_MATCH_TAXON_CONCEPT_ID_IGNORED;TAXON_MATCH_TAXON_ID_IGNORED
3337446435	50c9509d-22c7-4a22-a47d-8c48425ef4a7	https://www.inaturalist.org/observations/59509355	Fungi	Basidiomycota	Agaricomycetes	Agaricales	Amanitaceae	Amanita	Amanita fulva		SPECIES	Amanita fulva Fr.	Amanita fulva		CA		Québec	PRESENT		28eb1a3f-1c15-4a95-931a-4af90ecb574d	46.835842	-79.196167	21.0						2020-09-12T11:47:02	12	9	2020	7765582	7765582	HUMAN_OBSERVATION	iNaturalist	Observations	59509355		Jonathan Jensen-Lynch	2021-08-15T06:11:13	CC_BY_NC_4_0	Jonathan Fréchette	Jonathan Fréchette			2025-01-14T12:14:42.398Z	StillImage	COORDINATE_ROUNDED;CONTINENT_DERIVED_FROM_COORDINATES;TAXON_MATCH_TAXON_ID_IGNORED
3335378379	50c9509d-22c7-4a22-a47d-8c48425ef4a7	https://www.inaturalist.org/observations/61042420	Fungi	Basidiomycota	Agaricomycetes	Agaricales	Amanitaceae	Amanita	Amanita fulva		SPECIES	Amanita fulva Fr.	Amanita fulva		CA		Ontario	PRESENT		28eb1a3f-1c15-4a95-931a-4af90ecb574d	45.511331	-75.338327	420.0						2020-09-26T13:36:59	26	9	2020	7765582	7765582	HUMAN_OBSERVATION	iNaturalist	Observations	61042420		Lynn Ovenden	2020-09-27T23:50:52	CC_BY_NC_4_0	Lynn Ovenden	Lynn Ovenden			2025-01-14T13:06:00.639Z	StillImage	COORDINATE_ROUNDED;CONTINENT_DERIVED_FROM_COORDINATES;TAXON_MATCH_TAXON_ID_IGNORED
3327729205	50c9509d-22c7-4a22-a47d-8c48425ef4a7	https://www.inaturalist.org/observations/86782201	Fungi	Basidiomycota	Agaricomycetes	Agaricales	Amanitaceae	Amanita	Amanita fulva		SPECIES	Amanita fulva Fr.	Amanita fulva		CA		Ontario	PRESENT		28eb1a3f-1c15-4a95-931a-4af90ecb574d	45.68062	-77.864013	12.0						2021-07-12T08:23:58	12	7	2021	7765582	7765582	HUMAN_OBSERVATION	iNaturalist	Observations	86782201		Erlon Bailey	2021-07-13T12:21:49	CC_BY_NC_4_0	Mike Theil	Mike Theil			2025-01-14T12:19:52.363Z	StillImage	COORDINATE_ROUNDED;CONTINENT_DERIVED_FROM_COORDINATES;TAXON_MATCH_TAXON_ID_IGNORED
3314510331	50c9509d-22c7-4a22-a47d-8c48425ef4a7	https://www.inaturalist.org/observations/30706683	Fungi	Basidiomycota	Agaricomycetes	Agaricales	Amanitaceae	Amanita	Amanita fulva		SPECIES	Amanita fulva Fr.	Amanita fulva		CA		New Brunswick	PRESENT		28eb1a3f-1c15-4a95-931a-4af90ecb574d	45.218022	-66.132736	5.0						2019-08-12T10:34	12	8	2019	7765582	7765582	HUMAN_OBSERVATION	iNaturalist	Observations	30706683		Alfredo Justo	2019-08-20T14:40:44	CC_BY_NC_4_0	Alfredo Justo	Alfredo Justo			2025-01-14T13:03:51.960Z	StillImage	COORDINATE_ROUNDED;CONTINENT_DERIVED_FROM_COORDINATES;TAXON_MATCH_TAXON_ID_IGNORED
3314494355	50c9509d-22c7-4a22-a47d-8c48425ef4a7	https://www.inaturalist.org/observations/56982836	Fungi	Basidiomycota	Agaricomycetes	Agaricales	Amanitaceae	Amanita	Amanita fulva		SPECIES	Amanita fulva Fr.	Amanita fulva		CA		Ontario	PRESENT		28eb1a3f-1c15-4a95-931a-4af90ecb574d	45.556503	-78.498603							2020-08-19T13:09:20	19	8	2020	7765582	7765582	HUMAN_OBSERVATION	iNaturalist	Observations	56982836		Erwin Kooi	2020-08-19T23:58:10	CC_BY_NC_4_0	Erwin Kooi	Erwin Kooi			2025-01-14T12:14:18.990Z	StillImage	COORDINATE_ROUNDED;CONTINENT_DERIVED_FROM_COORDINATES;TAXON_MATCH_TAXON_ID_IGNORED
3314479358	50c9509d-22c7-4a22-a47d-8c48425ef4a7	https://www.inaturalist.org/observations/54760353	Fungi	Basidiomycota	Agaricomycetes	Agaricales	Amanitaceae	Amanita	Amanita fulva		SPECIES	Amanita fulva Fr.	Amanita fulva		CA		Québec	PRESENT		28eb1a3f-1c15-4a95-931a-4af90ecb574d	46.190468	-74.432606	24.0						2020-07-29T14:38:53	29	7	2020	7765582	7765582	HUMAN_OBSERVATION	iNaturalist	Observations	54760353		manutchoupi	2021-06-22T18:28:34	CC_BY_NC_4_0	manutchoupi	manutchoupi			2025-01-14T12:13:55.766Z	StillImage	COORDINATE_ROUNDED;CONTINENT_DERIVED_FROM_COORDINATES;TAXON_MATCH_TAXON_ID_IGNORED
3314452312	50c9509d-22c7-4a22-a47d-8c48425ef4a7	https://www.inaturalist.org/observations/16673885	Fungi	Basidiomycota	Agaricomycetes	Agaricales	Amanitaceae	Amanita	Amanita fulva		SPECIES	Amanita fulva Fr.	Amanita fulva		CA		New Brunswick	PRESENT		28eb1a3f-1c15-4a95-931a-4af90ecb574d	45.120234	-66.518571							2018-09-18T16:50	18	9	2018	7765582	7765582	HUMAN_OBSERVATION	iNaturalist	Observations	16673885				CC_BY_NC_4_0	Ken Ramey	Ken Ramey			2025-01-14T12:58:58.372Z	StillImage	COORDINATE_ROUNDED;CONTINENT_DERIVED_FROM_COORDINATES;TAXON_MATCH_TAXON_ID_IGNORED
3314418322	50c9509d-22c7-4a22-a47d-8c48425ef4a7	https://www.inaturalist.org/observations/30707425	Fungi	Basidiomycota	Agaricomycetes	Agaricales	Amanitaceae	Amanita	Amanita fulva		SPECIES	Amanita fulva Fr.	Amanita fulva		CA		New Brunswick	PRESENT		28eb1a3f-1c15-4a95-931a-4af90ecb574d	45.217669	-66.132981	30.0						2019-08-12T10:39	12	8	2019	7765582	7765582	HUMAN_OBSERVATION	iNaturalist	Observations	30707425		John Plischke	2019-08-15T22:52:42	CC_BY_NC_4_0	Alfredo Justo	Alfredo Justo			2025-01-14T13:02:46.390Z	StillImage	COORDINATE_ROUNDED;CONTINENT_DERIVED_FROM_COORDINATES;TAXON_MATCH_TAXON_ID_IGNORED
3314236330	50c9509d-22c7-4a22-a47d-8c48425ef4a7	https://www.inaturalist.org/observations/30719561	Fungi	Basidiomycota	Agaricomycetes	Agaricales	Amanitaceae	Amanita	Amanita fulva		SPECIES	Amanita fulva Fr.	Amanita fulva		CA		New Brunswick	PRESENT		28eb1a3f-1c15-4a95-931a-4af90ecb574d	45.232108	-66.129219	1414.0						2019-08-12T11:49	12	8	2019	7765582	7765582	HUMAN_OBSERVATION	iNaturalist	Observations	30719561		Garrett Taylor	2019-08-13T03:40:45	CC_BY_NC_4_0	Alfredo Justo	Alfredo Justo			2025-01-14T12:08:55.791Z	StillImage	COORDINATE_ROUNDED;CONTINENT_DERIVED_FROM_COORDINATES;TAXON_MATCH_TAXON_ID_IGNORED
3314235360	50c9509d-22c7-4a22-a47d-8c48425ef4a7	https://www.inaturalist.org/observations/57396496	Fungi	Basidiomycota	Agaricomycetes	Agaricales	Amanitaceae	Amanita	Amanita fulva		SPECIES	Amanita fulva Fr.	Amanita fulva		CA		Ontario	PRESENT		28eb1a3f-1c15-4a95-931a-4af90ecb574d	45.491589	-78.864769							2020-08-22T18:59:19Z	22	8	2020	7765582	7765582	HUMAN_OBSERVATION	iNaturalist	Observations	57396496		joannawoo	2020-08-23T23:49:13	CC_BY_NC_4_0	joannawoo	joannawoo			2025-01-14T13:10:07.085Z	StillImage	COORDINATE_ROUNDED;CONTINENT_DERIVED_FROM_COORDINATES;TAXON_MATCH_TAXON_ID_IGNORED
3314156367	50c9509d-22c7-4a22-a47d-8c48425ef4a7	https://www.inaturalist.org/observations/54099325	Fungi	Basidiomycota	Agaricomycetes	Agaricales	Amanitaceae	Amanita	Amanita fulva		SPECIES	Amanita fulva Fr.	Amanita fulva		CA		Québec	PRESENT		28eb1a3f-1c15-4a95-931a-4af90ecb574d	46.20799	-74.350756	80.0						2020-07-21T08:33	21	7	2020	7765582	7765582	HUMAN_OBSERVATION	iNaturalist	Observations	54099325		Vadim Zamaruyev	2020-07-23T21:48:12	CC_BY_NC_4_0	Vadim Zamaruyev	Vadim Zamaruyev			2025-01-14T13:02:54.887Z	StillImage	COORDINATE_ROUNDED;CONTINENT_DERIVED_FROM_COORDINATES;TAXON_MATCH_TAXON_ID_IGNORED
3059137357	50c9509d-22c7-4a22-a47d-8c48425ef4a7	https://www.inaturalist.org/observations/70769960	Fungi	Basidiomycota	Agaricomycetes	Agaricales	Amanitaceae	Amanita	Amanita fulva		SPECIES	Amanita fulva Fr.	Amanita fulva		CA		Ontario	PRESENT		28eb1a3f-1c15-4a95-931a-4af90ecb574d	45.833332	-78.483494	61355.0						2016-09-16T11:22	16	9	2016	7765582	7765582	HUMAN_OBSERVATION	iNaturalist	Observations	70769960		Garrett Taylor	2021-03-07T21:43:02	CC0_1_0	Garrett Taylor	Garrett Taylor			2025-01-14T12:16:29.309Z	StillImage	COORDINATE_ROUNDED;CONTINENT_DERIVED_FROM_COORDINATES;TAXON_MATCH_TAXON_ID_IGNORED
3044682742	50c9509d-22c7-4a22-a47d-8c48425ef4a7	https://www.inaturalist.org/observations/63997951	Fungi	Basidiomycota	Agaricomycetes	Agaricales	Amanitaceae	Amanita	Amanita fulva		SPECIES	Amanita fulva Fr.	Amanita fulva		CA		Québec	PRESENT		28eb1a3f-1c15-4a95-931a-4af90ecb574d	45.9304	-74.9136	1511.0						2009-09-06	6	9	2009	7765582	7765582	HUMAN_OBSERVATION	iNaturalist	Observations	63997951		John Plischke	2020-11-01T22:48:36	CC_BY_NC_4_0	John Plischke	John Plischke			2025-01-14T12:15:24.362Z	StillImage	CONTINENT_DERIVED_FROM_COORDINATES;TAXON_MATCH_TAXON_ID_IGNORED
3018073491	50c9509d-22c7-4a22-a47d-8c48425ef4a7	https://www.inaturalist.org/observations/56845411	Fungi	Basidiomycota	Agaricomycetes	Agaricales	Amanitaceae	Amanita	Amanita fulva		SPECIES	Amanita fulva Fr.	Amanita fulva		CA		Ontario	PRESENT		28eb1a3f-1c15-4a95-931a-4af90ecb574d	45.571179	-78.43799	10.0						2020-08-18T11:25:49	18	8	2020	7765582	7765582	HUMAN_OBSERVATION	iNaturalist	Observations	56845411		Erwin Kooi	2021-06-22T18:29:00	CC_BY_NC_4_0	Erwin Kooi	Erwin Kooi			2025-01-14T13:09:41.673Z	StillImage	COORDINATE_ROUNDED;CONTINENT_DERIVED_FROM_COORDINATES;TAXON_MATCH_TAXON_ID_IGNORED
3013947550	50c9509d-22c7-4a22-a47d-8c48425ef4a7	https://www.inaturalist.org/observations/63962664	Fungi	Basidiomycota	Agaricomycetes	Agaricales	Amanitaceae	Amanita	Amanita fulva		SPECIES	Amanita fulva Fr.	Amanita fulva		CA		Québec	PRESENT		28eb1a3f-1c15-4a95-931a-4af90ecb574d	47.212444	-71.384728							2019-09-02T13:20	2	9	2019	7765582	7765582	HUMAN_OBSERVATION	iNaturalist	Observations	63962664		pmk00001	2021-06-22T18:30:59	CC_BY_NC_4_0	pmk00001	pmk00001			2025-01-14T12:15:37.143Z	StillImage	COORDINATE_ROUNDED;CONTINENT_DERIVED_FROM_COORDINATES;TAXON_MATCH_TAXON_ID_IGNORED
2862506229	50c9509d-22c7-4a22-a47d-8c48425ef4a7	https://www.inaturalist.org/observations/58951305	Fungi	Basidiomycota	Agaricomycetes	Agaricales	Amanitaceae	Amanita	Amanita fulva		SPECIES	Amanita fulva Fr.	Amanita fulva		CA		Québec	PRESENT		28eb1a3f-1c15-4a95-931a-4af90ecb574d	46.893914	-71.081865	4.0						2020-09-06	6	9	2020	7765582	7765582	HUMAN_OBSERVATION	iNaturalist	Observations	58951305		Ludo Leclerc	2020-09-08T14:38:39	CC_BY_NC_4_0	Ludo Leclerc	Ludo Leclerc			2025-01-14T12:14:34.919Z	StillImage	COORDINATE_ROUNDED;CONTINENT_DERIVED_FROM_COORDINATES;TAXON_MATCH_TAXON_ID_IGNORED
2856649408	50c9509d-22c7-4a22-a47d-8c48425ef4a7	https://www.inaturalist.org/observations/57686843	Fungi	Basidiomycota	Agaricomycetes	Agaricales	Amanitaceae	Amanita	Amanita fulva		SPECIES	Amanita fulva Fr.	Amanita fulva		CA		Québec	PRESENT		28eb1a3f-1c15-4a95-931a-4af90ecb574d	47.013007	-71.454276	26903.0						2020-08-26T18:44:51	26	8	2020	7765582	7765582	HUMAN_OBSERVATION	iNaturalist	Observations	57686843		Myca	2021-06-22T18:29:20	CC_BY_NC_4_0	fromthebackwoods	fromthebackwoods			2025-01-14T13:10:00.919Z	StillImage	COORDINATE_ROUNDED;CONTINENT_DERIVED_FROM_COORDINATES;TAXON_MATCH_TAXON_ID_IGNORED
2856482227	50c9509d-22c7-4a22-a47d-8c48425ef4a7	https://www.inaturalist.org/observations/57576145	Fungi	Basidiomycota	Agaricomycetes	Agaricales	Amanitaceae	Amanita	Amanita fulva		SPECIES	Amanita fulva Fr.	Amanita fulva		CA		Québec	PRESENT		28eb1a3f-1c15-4a95-931a-4af90ecb574d	46.353188	-71.05635	5.0						2020-08-25T15:55:50	25	8	2020	7765582	7765582	HUMAN_OBSERVATION	iNaturalist	Observations	57576145		Colette	2020-08-25T20:02:28	CC_BY_NC_4_0	Colette	Colette			2025-01-14T12:15:20.211Z	StillImage	COORDINATE_ROUNDED;CONTINENT_DERIVED_FROM_COORDINATES;TAXON_MATCH_TAXON_ID_IGNORED
2851123162	50c9509d-22c7-4a22-a47d-8c48425ef4a7	https://www.inaturalist.org/observations/56026847	Fungi	Basidiomycota	Agaricomycetes	Agaricales	Amanitaceae	Amanita	Amanita fulva		SPECIES	Amanita fulva Fr.	Amanita fulva		CA		Ontario	PRESENT		28eb1a3f-1c15-4a95-931a-4af90ecb574d	46.015308	-78.474205	4.0						2020-08-09T11:59:40	9	8	2020	7765582	7765582	HUMAN_OBSERVATION	iNaturalist	Observations	56026847				CC_BY_NC_4_0	Jeffrey H. Skevington	Jeffrey H. Skevington			2025-01-14T12:14:10.166Z	StillImage	COORDINATE_ROUNDED;CONTINENT_DERIVED_FROM_COORDINATES;TAXON_MATCH_TAXON_ID_IGNORED
2826536679	50c9509d-22c7-4a22-a47d-8c48425ef4a7	https://www.inaturalist.org/observations/54734158	Fungi	Basidiomycota	Agaricomycetes	Agaricales	Amanitaceae	Amanita	Amanita fulva		SPECIES	Amanita fulva Fr.	Amanita fulva		CA		Québec	PRESENT		28eb1a3f-1c15-4a95-931a-4af90ecb574d	46.09123	-74.289539	10.0						2020-07-29T10:20:33	29	7	2020	7765582	7765582	HUMAN_OBSERVATION	iNaturalist	Observations	54734158		k8morgan	2020-07-29T14:23:08	CC_BY_NC_4_0	k8morgan	k8morgan			2025-01-14T13:04:26.841Z	StillImage	COORDINATE_ROUNDED;CONTINENT_DERIVED_FROM_COORDINATES;TAXON_MATCH_TAXON_ID_IGNORED
2826512395	50c9509d-22c7-4a22-a47d-8c48425ef4a7	https://www.inaturalist.org/observations/54589559	Fungi	Basidiomycota	Agaricomycetes	Agaricales	Amanitaceae	Amanita	Amanita fulva		SPECIES	Amanita fulva Fr.	Amanita fulva		CA		Québec	PRESENT		28eb1a3f-1c15-4a95-931a-4af90ecb574d	46.755644	-71.321865	239.0						2020-07-27T19:00:45	27	7	2020	7765582	7765582	HUMAN_OBSERVATION	iNaturalist	Observations	54589559		Matt Welter	2020-07-28T13:57:45	CC_BY_NC_4_0	Ludo Leclerc	Ludo Leclerc			2025-01-14T13:09:34.337Z	StillImage	COORDINATE_ROUNDED;CONTINENT_DERIVED_FROM_COORDINATES;TAXON_MATCH_TAXON_ID_IGNORED
2826294911	50c9509d-22c7-4a22-a47d-8c48425ef4a7	https://www.inaturalist.org/observations/54929586	Fungi	Basidiomycota	Agaricomycetes	Agaricales	Amanitaceae	Amanita	Amanita fulva		SPECIES	Amanita fulva Fr.	Amanita fulva		CA		Ontario	PRESENT		28eb1a3f-1c15-4a95-931a-4af90ecb574d	45.837159	-78.379124	45593.0						2020-07-30	30	7	2020	7765582	7765582	HUMAN_OBSERVATION	iNaturalist	Observations	54929586				CC_BY_NC_4_0	jmass	jmass			2025-01-14T13:09:36.679Z	StillImage	COORDINATE_ROUNDED;CONTINENT_DERIVED_FROM_COORDINATES;TAXON_MATCH_TAXON_ID_IGNORED
2826173406	50c9509d-22c7-4a22-a47d-8c48425ef4a7	https://www.inaturalist.org/observations/34275091	Fungi	Basidiomycota	Agaricomycetes	Agaricales	Amanitaceae	Amanita	Amanita fulva		SPECIES	Amanita fulva Fr.	Amanita fulva		CA		Québec	PRESENT		28eb1a3f-1c15-4a95-931a-4af90ecb574d	46.791583	-71.336553	8.0						2019-10-12	12	10	2019	7765582	7765582	HUMAN_OBSERVATION	iNaturalist	Observations	34275091		Ludo Leclerc	2019-10-12T23:06:35	CC_BY_NC_4_0	Ludo Leclerc	Ludo Leclerc			2025-01-14T13:05:12.889Z	StillImage	COORDINATE_ROUNDED;CONTINENT_DERIVED_FROM_COORDINATES;TAXON_MATCH_TAXON_ID_IGNORED
2802585504	50c9509d-22c7-4a22-a47d-8c48425ef4a7	https://www.inaturalist.org/observations/32085812	Fungi	Basidiomycota	Agaricomycetes	Agaricales	Amanitaceae	Amanita	Amanita fulva		SPECIES	Amanita fulva Fr.	Amanita fulva		CA		Québec	PRESENT		28eb1a3f-1c15-4a95-931a-4af90ecb574d	46.87069	-71.646936	50.0						2019-08-31T09:10	31	8	2019	7765582	7765582	HUMAN_OBSERVATION	iNaturalist	Observations	32085812		jonathan_mack	2019-09-04T01:52:27	CC_BY_NC_4_0	jonathan_mack	jonathan_mack			2025-01-14T12:09:34.788Z	StillImage	COORDINATE_ROUNDED;CONTINENT_DERIVED_FROM_COORDINATES;TAXON_MATCH_TAXON_ID_IGNORED
2634363464	50c9509d-22c7-4a22-a47d-8c48425ef4a7	https://www.inaturalist.org/observations/34578907	Fungi	Basidiomycota	Agaricomycetes	Agaricales	Amanitaceae	Amanita	Amanita fulva		SPECIES	Amanita fulva Fr.	Amanita fulva		CA		New Brunswick	PRESENT		28eb1a3f-1c15-4a95-931a-4af90ecb574d	46.211574	-64.283392	2609.0						2013-09-10T11:29	10	9	2013	7765582	7765582	HUMAN_OBSERVATION	iNaturalist	Observations	34578907		Raymonde G Chartier	2019-10-19T13:12:22	CC_BY_NC_4_0	Raymonde G Chartier	Raymonde G Chartier			2025-01-14T12:09:38.336Z	StillImage	COORDINATE_ROUNDED;CONTINENT_DERIVED_FROM_COORDINATES;TAXON_MATCH_TAXON_ID_IGNORED
2634268460	50c9509d-22c7-4a22-a47d-8c48425ef4a7	https://www.inaturalist.org/observations/34868419	Fungi	Basidiomycota	Agaricomycetes	Agaricales	Amanitaceae	Amanita	Amanita fulva		SPECIES	Amanita fulva Fr.	Amanita fulva		CA		New Brunswick	PRESENT		28eb1a3f-1c15-4a95-931a-4af90ecb574d	46.16595	-64.330641	1502.0						2013-08-18T16:17	18	8	2013	7765582	7765582	HUMAN_OBSERVATION	iNaturalist	Observations	34868419		Raymonde G Chartier	2019-10-25T13:04:06	CC_BY_NC_4_0	Raymonde G Chartier	Raymonde G Chartier			2025-01-14T12:09:41.529Z	StillImage	COORDINATE_ROUNDED;CONTINENT_DERIVED_FROM_COORDINATES;TAXON_MATCH_TAXON_ID_IGNORED
2634249432	50c9509d-22c7-4a22-a47d-8c48425ef4a7	https://www.inaturalist.org/observations/32085331	Fungi	Basidiomycota	Agaricomycetes	Agaricales	Amanitaceae	Amanita	Amanita fulva		SPECIES	Amanita fulva Fr.	Amanita fulva		CA		Québec	PRESENT		28eb1a3f-1c15-4a95-931a-4af90ecb574d	46.740091	-71.398855	21.0						2019-08-30T15:43	30	8	2019	7765582	7765582	HUMAN_OBSERVATION	iNaturalist	Observations	32085331		jonathan_mack	2019-09-04T01:40:34	CC_BY_NC_4_0	jonathan_mack	jonathan_mack			2025-01-14T13:00:21.448Z	StillImage	COORDINATE_ROUNDED;CONTINENT_DERIVED_FROM_COORDINATES;TAXON_MATCH_TAXON_ID_IGNORED
2634026503	50c9509d-22c7-4a22-a47d-8c48425ef4a7	https://www.inaturalist.org/observations/39204528	Fungi	Basidiomycota	Agaricomycetes	Agaricales	Amanitaceae	Amanita	Amanita fulva		SPECIES	Amanita fulva Fr.	Amanita fulva		CA		Québec	PRESENT		28eb1a3f-1c15-4a95-931a-4af90ecb574d	45.562182	-75.443223	244.0						2017-09-02	2	9	2017	7765582	7765582	HUMAN_OBSERVATION	iNaturalist	Observations	39204528		Christian Grenier	2020-02-25T13:22:12	CC_BY_NC_4_0	Christian Grenier	Christian Grenier			2025-01-14T12:10:57.475Z	StillImage	COORDINATE_ROUNDED;CONTINENT_DERIVED_FROM_COORDINATES;TAXON_MATCH_TAXON_ID_IGNORED
2634009513	50c9509d-22c7-4a22-a47d-8c48425ef4a7	https://www.inaturalist.org/observations/39262566	Fungi	Basidiomycota	Agaricomycetes	Agaricales	Amanitaceae	Amanita	Amanita fulva		SPECIES	Amanita fulva Fr.	Amanita fulva		CA		New Brunswick	PRESENT		28eb1a3f-1c15-4a95-931a-4af90ecb574d	45.090957	-67.085735							2019-08-01T13:31	1	8	2019	7765582	7765582	HUMAN_OBSERVATION	iNaturalist	Observations	39262566		bogend	2020-02-27T01:07:39	CC_BY_NC_4_0	bogend	bogend			2025-01-14T13:01:14.575Z	StillImage	COORDINATE_ROUNDED;CONTINENT_DERIVED_FROM_COORDINATES;TAXON_MATCH_TAXON_ID_IGNORED
2634000445	50c9509d-22c7-4a22-a47d-8c48425ef4a7	https://www.inaturalist.org/observations/31539867	Fungi	Basidiomycota	Agaricomycetes	Agaricales	Amanitaceae	Amanita	Amanita fulva		SPECIES	Amanita fulva Fr.	Amanita fulva		CA		New Brunswick	PRESENT		28eb1a3f-1c15-4a95-931a-4af90ecb574d	45.229828	-66.098545	132.0						2019-08-25T19:03:35	25	8	2019	7765582	7765582	HUMAN_OBSERVATION	iNaturalist	Observations	31539867		Shantell W	2019-08-26T11:19:35	CC_BY_NC_4_0	Shantell W	Shantell W			2025-01-14T12:08:57.510Z	StillImage	COORDINATE_ROUNDED;CONTINENT_DERIVED_FROM_COORDINATES;TAXON_MATCH_TAXON_ID_IGNORED
2633969435	50c9509d-22c7-4a22-a47d-8c48425ef4a7	https://www.inaturalist.org/observations/32252640	Fungi	Basidiomycota	Agaricomycetes	Agaricales	Amanitaceae	Amanita	Amanita fulva		SPECIES	Amanita fulva Fr.	Amanita fulva		CA		Québec	PRESENT		28eb1a3f-1c15-4a95-931a-4af90ecb574d	45.869299	-72.420124							2019-09-06	6	9	2019	7765582	7765582	HUMAN_OBSERVATION	iNaturalist	Observations	32252640		kaleiweb	2019-09-07T03:57:56	CC_BY_NC_4_0	kaleiweb	kaleiweb			2025-01-14T12:09:16.980Z	StillImage	COORDINATE_ROUNDED;CONTINENT_DERIVED_FROM_COORDINATES;TAXON_MATCH_TAXON_ID_IGNORED
2603276718	50c9509d-22c7-4a22-a47d-8c48425ef4a7	https://www.inaturalist.org/observations/15957310	Fungi	Basidiomycota	Agaricomycetes	Agaricales	Amanitaceae	Amanita	Amanita fulva		SPECIES	Amanita fulva Fr.	Amanita fulva		CA		New Brunswick	PRESENT		28eb1a3f-1c15-4a95-931a-4af90ecb574d	46.240044	-64.565391	526.0						2018-08-26T18:04:56	26	8	2018	7765582	7765582	HUMAN_OBSERVATION	iNaturalist	Observations	15957310		Laura Berry	2018-08-27T21:34:22	CC_BY_NC_4_0	Laura Berry	Laura Berry			2025-01-14T13:00:17.573Z	StillImage	COORDINATE_ROUNDED;CONTINENT_DERIVED_FROM_COORDINATES;TAXON_MATCH_TAXON_ID_IGNORED
2576365893	50c9509d-22c7-4a22-a47d-8c48425ef4a7	https://www.inaturalist.org/observations/34110199	Fungi	Basidiomycota	Agaricomycetes	Agaricales	Amanitaceae	Amanita	Amanita fulva		SPECIES	Amanita fulva Fr.	Amanita fulva		CA		New Brunswick	PRESENT		28eb1a3f-1c15-4a95-931a-4af90ecb574d	46.148055	-64.399594	1503.0						2018-08-26T12:12	26	8	2018	7765582	7765582	HUMAN_OBSERVATION	iNaturalist	Observations	34110199		Raymonde G Chartier	2019-10-09T11:25:53	CC_BY_NC_4_0	Raymonde G Chartier	Raymonde G Chartier			2025-01-14T12:09:33.232Z	StillImage	COORDINATE_ROUNDED;CONTINENT_DERIVED_FROM_COORDINATES;TAXON_MATCH_TAXON_ID_IGNORED
2518031959	50c9509d-22c7-4a22-a47d-8c48425ef4a7	https://www.inaturalist.org/observations/36531049	Fungi	Basidiomycota	Agaricomycetes	Agaricales	Amanitaceae	Amanita	Amanita fulva		SPECIES	Amanita fulva Fr.	Amanita fulva		CA		Ontario	PRESENT		28eb1a3f-1c15-4a95-931a-4af90ecb574d	45.590915	-78.371609	15.0						2015-08-05T09:54	5	8	2015	7765582	7765582	HUMAN_OBSERVATION	iNaturalist	Observations	36531049		Brad Demers	2019-12-10T15:03:33	CC_BY_NC_4_0	Brad Demers	Brad Demers			2025-01-14T12:10:10.837Z	StillImage	COORDINATE_ROUNDED;CONTINENT_DERIVED_FROM_COORDINATES;TAXON_MATCH_TAXON_ID_IGNORED
2423613199	21705170-d2b6-42de-8904-c3bca4b83591	CMMF018822	Fungi	Basidiomycota	Agaricomycetes	Agaricales	Amanitaceae	Amanita	Amanita fulva	fulva	VARIETY	Amanita vaginata var. fulva (Fr.) Gillet	Amanita vaginata var. fulva (Fr.) Gillet	(Fr.) Gillet	CA	SBUM, St-Hippolyte.	Québec	PRESENT		ff7bd5db-b724-4932-b496-10ea298851f9	45.988108	-74.005679	2500.0						1986-06-18	18	6	1986	5240225	7765582	PRESERVED_SPECIMEN	Université de Montréal Biodiversity Centre	CMMF	CMMF018822	s.n.	Nantel, Patrick		CC0_1_0	Université de Montréal Biodiversity Centre	Nantel, Patrick			2024-01-24T16:38:18.673Z		INSTITUTION_MATCH_FUZZY;COLLECTION_MATCH_FUZZY;DIFFERENT_OWNER_INSTITUTION
2423612849	21705170-d2b6-42de-8904-c3bca4b83591	CMMF018660	Fungi	Basidiomycota	Agaricomycetes	Agaricales	Amanitaceae	Amanita	Amanita fulva	fulva	VARIETY	Amanita vaginata var. fulva (Fr.) Gillet	Amanita vaginata var. fulva (Fr.) Gillet	(Fr.) Gillet	CA	Île du lac Croche	Québec	PRESENT		ff7bd5db-b724-4932-b496-10ea298851f9	45.991383	-74.012631	50.0		379.0				1986-08-06	6	8	1986	5240225	7765582	PRESERVED_SPECIMEN	Université de Montréal Biodiversity Centre	CMMF	CMMF018660	s.n.	Nantel, Patrick		CC0_1_0	Université de Montréal Biodiversity Centre	Nantel, Patrick			2024-01-24T16:38:18.458Z		INSTITUTION_MATCH_FUZZY;COLLECTION_MATCH_FUZZY;DIFFERENT_OWNER_INSTITUTION
2422874462	50c9509d-22c7-4a22-a47d-8c48425ef4a7	https://www.inaturalist.org/observations/30747363	Fungi	Basidiomycota	Agaricomycetes	Agaricales	Amanitaceae	Amanita	Amanita fulva		SPECIES	Amanita fulva Fr.	Amanita fulva		CA		Québec	PRESENT		28eb1a3f-1c15-4a95-931a-4af90ecb574d	47.585228	-79.283195							2019-08-12T16:03:08	12	8	2019	7765582	7765582	HUMAN_OBSERVATION	iNaturalist	Observations	30747363		Jonathan Jensen-Lynch	2019-08-13T13:19:45	CC_BY_NC_4_0	Jonathan Jensen-Lynch	Jonathan Jensen-Lynch			2025-01-14T12:08:44.785Z	StillImage	COORDINATE_ROUNDED;CONTINENT_DERIVED_FROM_COORDINATES;TAXON_MATCH_TAXON_ID_IGNORED
2397625267	50c9509d-22c7-4a22-a47d-8c48425ef4a7	https://www.inaturalist.org/observations/31760171	Fungi	Basidiomycota	Agaricomycetes	Agaricales	Amanitaceae	Amanita	Amanita fulva		SPECIES	Amanita fulva Fr.	Amanita fulva		CA		New Brunswick	PRESENT		28eb1a3f-1c15-4a95-931a-4af90ecb574d	45.560725	-64.983078	15.0						2019-08-27T11:34	27	8	2019	7765582	7765582	HUMAN_OBSERVATION	iNaturalist	Observations	31760171		John D Reynolds	2019-08-30T00:02:10	CC_BY_4_0	John D Reynolds	John D Reynolds			2025-01-14T12:09:00.901Z	StillImage	COORDINATE_ROUNDED;CONTINENT_DERIVED_FROM_COORDINATES;TAXON_MATCH_TAXON_ID_IGNORED
2397622893	50c9509d-22c7-4a22-a47d-8c48425ef4a7	https://www.inaturalist.org/observations/31755500	Fungi	Basidiomycota	Agaricomycetes	Agaricales	Amanitaceae	Amanita	Amanita fulva		SPECIES	Amanita fulva Fr.	Amanita fulva		CA		New Brunswick	PRESENT		28eb1a3f-1c15-4a95-931a-4af90ecb574d	45.211139	-66.13585	7.0						2019-08-24T14:09	24	8	2019	7765582	7765582	HUMAN_OBSERVATION	iNaturalist	Observations	31755500		Alfredo Justo	2019-08-30T18:04:20	CC_BY_4_0	John D Reynolds	John D Reynolds			2025-01-14T12:09:13.336Z	StillImage	COORDINATE_ROUNDED;CONTINENT_DERIVED_FROM_COORDINATES;TAXON_MATCH_TAXON_ID_IGNORED
2366054159	50c9509d-22c7-4a22-a47d-8c48425ef4a7	https://www.inaturalist.org/observations/30947021	Fungi	Basidiomycota	Agaricomycetes	Agaricales	Amanitaceae	Amanita	Amanita fulva		SPECIES	Amanita fulva Fr.	Amanita fulva		CA		New Brunswick	PRESENT		28eb1a3f-1c15-4a95-931a-4af90ecb574d	45.15735	-66.229814	10.0						2019-08-16T10:25	16	8	2019	7765582	7765582	HUMAN_OBSERVATION	iNaturalist	Observations	30947021		Alfredo Justo	2019-08-16T19:01:13	CC_BY_NC_4_0	Alfredo Justo	Alfredo Justo			2025-01-14T12:08:51.976Z	StillImage	COORDINATE_ROUNDED;CONTINENT_DERIVED_FROM_COORDINATES;TAXON_MATCH_TAXON_ID_IGNORED
2350447201	50c9509d-22c7-4a22-a47d-8c48425ef4a7	https://www.inaturalist.org/observations/30892750	Fungi	Basidiomycota	Agaricomycetes	Agaricales	Amanitaceae	Amanita	Amanita fulva		SPECIES	Amanita fulva Fr.	Amanita fulva		CA		New Brunswick	PRESENT		28eb1a3f-1c15-4a95-931a-4af90ecb574d	45.232962	-66.102	165.0						2019-08-15T10:30	15	8	2019	7765582	7765582	HUMAN_OBSERVATION	iNaturalist	Observations	30892750		Alfredo Justo	2019-08-15T20:04:20	CC_BY_NC_4_0	Alfredo Justo	Alfredo Justo			2025-01-14T12:59:35.810Z	StillImage	COORDINATE_ROUNDED;CONTINENT_DERIVED_FROM_COORDINATES;TAXON_MATCH_TAXON_ID_IGNORED
2350435229	50c9509d-22c7-4a22-a47d-8c48425ef4a7	https://www.inaturalist.org/observations/30845671	Fungi	Basidiomycota	Agaricomycetes	Agaricales	Amanitaceae	Amanita	Amanita fulva		SPECIES	Amanita fulva Fr.	Amanita fulva		CA		New Brunswick	PRESENT		28eb1a3f-1c15-4a95-931a-4af90ecb574d	45.129269	-66.5244	10.0						2019-08-14T12:10	14	8	2019	7765582	7765582	HUMAN_OBSERVATION	iNaturalist	Observations	30845671		Alfredo Justo	2019-08-15T00:39:07	CC_BY_NC_4_0	Alfredo Justo	Alfredo Justo			2025-01-14T12:09:29.284Z	StillImage	COORDINATE_ROUNDED;CONTINENT_DERIVED_FROM_COORDINATES;TAXON_MATCH_TAXON_ID_IGNORED
2350401768	50c9509d-22c7-4a22-a47d-8c48425ef4a7	https://www.inaturalist.org/observations/30705839	Fungi	Basidiomycota	Agaricomycetes	Agaricales	Amanitaceae	Amanita	Amanita fulva		SPECIES	Amanita fulva Fr.	Amanita fulva		CA		New Brunswick	PRESENT		28eb1a3f-1c15-4a95-931a-4af90ecb574d	45.219014	-66.132431	5.0						2019-08-12T10:05	12	8	2019	7765582	7765582	HUMAN_OBSERVATION	iNaturalist	Observations	30705839		Alfredo Justo	2019-08-20T14:41:42	CC_BY_NC_4_0	Alfredo Justo	Alfredo Justo			2025-01-14T13:03:14.286Z	StillImage	COORDINATE_ROUNDED;CONTINENT_DERIVED_FROM_COORDINATES;TAXON_MATCH_TAXON_ID_IGNORED
2294451258	50c9509d-22c7-4a22-a47d-8c48425ef4a7	https://www.inaturalist.org/observations/28654222	Fungi	Basidiomycota	Agaricomycetes	Agaricales	Amanitaceae	Amanita	Amanita fulva		SPECIES	Amanita fulva Fr.	Amanita fulva		CA		Québec	PRESENT		28eb1a3f-1c15-4a95-931a-4af90ecb574d	48.213278	-78.848192							2015-09-05T18:37	5	9	2015	7765582	7765582	HUMAN_OBSERVATION	iNaturalist	Observations	28654222		Jonathan Jensen-Lynch	2019-07-12T03:22:03	CC_BY_NC_4_0	Jonathan Jensen-Lynch	Jonathan Jensen-Lynch			2025-01-14T13:03:45.002Z	StillImage	COORDINATE_ROUNDED;CONTINENT_DERIVED_FROM_COORDINATES;TAXON_MATCH_TAXON_ID_IGNORED
2012968565	50c9509d-22c7-4a22-a47d-8c48425ef4a7	https://www.inaturalist.org/observations/20871504	Fungi	Basidiomycota	Agaricomycetes	Agaricales	Amanitaceae	Amanita	Amanita fulva		SPECIES	Amanita fulva Fr.	Amanita fulva		CA		Ontario	PRESENT		28eb1a3f-1c15-4a95-931a-4af90ecb574d	45.323897	-75.811482	100.0						2018-09-01T10:06:56	1	9	2018	7765582	7765582	HUMAN_OBSERVATION	iNaturalist	Observations	20871504		Owen Clarkin	2021-06-22T18:26:33	CC_BY_NC_4_0	Owen Clarkin	Owen Clarkin			2025-01-14T13:01:00.361Z	StillImage	CONTINENT_DERIVED_FROM_COORDINATES;TAXON_MATCH_TAXON_ID_IGNORED
1990311075	032f1fbe-d21f-407d-be46-5cd1bb1ea397	79cced79-ca3b-41a2-bdfc-ede1878037d4	Fungi	Basidiomycota	Agaricomycetes	Agaricales	Amanitaceae	Amanita	Amanita fulva	fulva	VARIETY	Amanita vaginata var. fulva (Fr.) Gillet	Amanita vaginata fulva		CA	Baxter's Harbor, Black Hole, Near Baxter's Harbor	Nova Scotia	PRESENT		61c539d8-47e0-4b82-875f-b95aad66dcd4	45.233333	-64.494444							1973-08-30	30	8	1973	5240225	7765582	PRESERVED_SPECIMEN	TENN-F		TENN-F-038037	RHP38037			CC0_1_0		R.H. Petersen			2025-01-12T10:33:51.413Z		COORDINATE_ROUNDED;GEODETIC_DATUM_ASSUMED_WGS84;CONTINENT_DERIVED_FROM_COORDINATES;INSTITUTION_MATCH_NONE
1990300968	032f1fbe-d21f-407d-be46-5cd1bb1ea397	0ee34a79-dc4b-43f9-8991-e4e4efb0a3c5	Fungi	Basidiomycota	Agaricomycetes	Agaricales	Amanitaceae	Amanita	Amanita fulva	fulva	VARIETY	Amanitopsis vaginata var. fulva (Fr.) Sacc.	Amanitopsis vaginata fulva		CA	Whitney	Ontario	PRESENT		61c539d8-47e0-4b82-875f-b95aad66dcd4	45.494444	-78.234722							1962-08-06	6	8	1962	8553307	7765582	PRESERVED_SPECIMEN	TENN-F		TENN-F-027740	RHP27740			CC0_1_0		R.H. Petersen			2025-01-12T10:33:49.624Z		COORDINATE_ROUNDED;GEODETIC_DATUM_ASSUMED_WGS84;CONTINENT_DERIVED_FROM_COORDINATES;INSTITUTION_MATCH_NONE
1990300871	032f1fbe-d21f-407d-be46-5cd1bb1ea397	76ff4b77-2fa6-4519-9163-77ce58dfa1a8	Fungi	Basidiomycota	Agaricomycetes	Agaricales	Amanitaceae	Amanita	Amanita fulva	fulva	VARIETY	Amanitopsis vaginata var. fulva (Fr.) Sacc.	Amanitopsis vaginata fulva		CA	Algonquin Provincial Park, Mile 33	Ontario	PRESENT		61c539d8-47e0-4b82-875f-b95aad66dcd4	45.553889	-78.596667							1962-08-06	6	8	1962	8553307	7765582	PRESERVED_SPECIMEN	TENN-F		TENN-F-027610	RHP663			CC0_1_0		R.H. Petersen			2025-01-12T10:33:52.887Z		COORDINATE_ROUNDED;GEODETIC_DATUM_ASSUMED_WGS84;CONTINENT_DERIVED_FROM_COORDINATES;INSTITUTION_MATCH_NONE
1990300780	032f1fbe-d21f-407d-be46-5cd1bb1ea397	f14cd426-b544-4c19-b590-d3bca3e6e41c	Fungi	Basidiomycota	Agaricomycetes	Agaricales	Amanitaceae	Amanita	Amanita fulva	fulva	VARIETY	Amanitopsis vaginata var. fulva (Fr.) Sacc.	Amanitopsis vaginata fulva		CA	Lake Saint Peter, Lake St. Peter	Ontario	PRESENT		61c539d8-47e0-4b82-875f-b95aad66dcd4	45.318056	-78.031944							1962-08-04	4	8	1962	8553307	7765582	PRESERVED_SPECIMEN	TENN-F		TENN-F-027574	RHP27574			CC0_1_0		R.H. Petersen			2025-01-12T10:33:52.851Z		COORDINATE_ROUNDED;GEODETIC_DATUM_ASSUMED_WGS84;CONTINENT_DERIVED_FROM_COORDINATES;INSTITUTION_MATCH_NONE
1990300592	032f1fbe-d21f-407d-be46-5cd1bb1ea397	a8747190-cb2f-4ec8-b2d1-34d9b1eb9df5	Fungi	Basidiomycota	Agaricomycetes	Agaricales	Amanitaceae	Amanita	Amanita fulva	fulva	VARIETY	Amanitopsis vaginata var. fulva (Fr.) Sacc.	Amanitopsis vaginata fulva		CA	Whitney	Ontario	PRESENT		61c539d8-47e0-4b82-875f-b95aad66dcd4	45.494444	-78.234722							1962-08-03	3	8	1962	8553307	7765582	PRESERVED_SPECIMEN	TENN-F		TENN-F-027310	RHP623			CC0_1_0		R.H. Petersen			2025-01-12T10:33:49.207Z		COORDINATE_ROUNDED;GEODETIC_DATUM_ASSUMED_WGS84;CONTINENT_DERIVED_FROM_COORDINATES;INSTITUTION_MATCH_NONE
1990300507	032f1fbe-d21f-407d-be46-5cd1bb1ea397	c644ac32-6727-47a0-821e-036fbe110a5a	Fungi	Basidiomycota	Agaricomycetes	Agaricales	Amanitaceae	Amanita	Amanita fulva	fulva	VARIETY	Amanitopsis vaginata var. fulva (Fr.) Sacc.	Amanitopsis vaginata fulva		CA	Whitney	Ontario	PRESENT		61c539d8-47e0-4b82-875f-b95aad66dcd4	45.494444	-78.234722							1962-08-01	1	8	1962	8553307	7765582	PRESERVED_SPECIMEN	TENN-F		TENN-F-027202	RP584			CC0_1_0		R.H. Petersen			2025-01-12T10:33:49.030Z		COORDINATE_ROUNDED;GEODETIC_DATUM_ASSUMED_WGS84;CONTINENT_DERIVED_FROM_COORDINATES;INSTITUTION_MATCH_NONE
1901058388	50c9509d-22c7-4a22-a47d-8c48425ef4a7	https://www.inaturalist.org/observations/16155609	Fungi	Basidiomycota	Agaricomycetes	Agaricales	Amanitaceae	Amanita	Amanita fulva		SPECIES	Amanita fulva Fr.	Amanita fulva		CA		Ontario	PRESENT		28eb1a3f-1c15-4a95-931a-4af90ecb574d	45.323709	-75.81154	8.0						2018-09-01T11:05	1	9	2018	7765582	7765582	HUMAN_OBSERVATION	iNaturalist	Observations	16155609		jonathan_mack	2021-06-22T18:25:45	CC_BY_NC_4_0	jonathan_mack	jonathan_mack			2025-01-14T12:58:38.073Z	StillImage	COORDINATE_ROUNDED;CONTINENT_DERIVED_FROM_COORDINATES;TAXON_MATCH_TAXON_ID_IGNORED
1901039927	50c9509d-22c7-4a22-a47d-8c48425ef4a7	https://www.inaturalist.org/observations/16079743	Fungi	Basidiomycota	Agaricomycetes	Agaricales	Amanitaceae	Amanita	Amanita fulva		SPECIES	Amanita fulva Fr.	Amanita fulva		CA		Ontario	PRESENT		28eb1a3f-1c15-4a95-931a-4af90ecb574d	45.553883	-78.682037	16.0						2018-08-31T10:22:28	31	8	2018	7765582	7765582	HUMAN_OBSERVATION	iNaturalist	Observations	16079743				CC_BY_NC_4_0	Jeffrey H. Skevington	Jeffrey H. Skevington			2025-01-14T12:06:23.790Z	StillImage	COORDINATE_ROUNDED;CONTINENT_DERIVED_FROM_COORDINATES;TAXON_MATCH_TAXON_ID_IGNORED
1891295096	50c9509d-22c7-4a22-a47d-8c48425ef4a7	https://www.inaturalist.org/observations/14912636	Fungi	Basidiomycota	Agaricomycetes	Agaricales	Amanitaceae	Amanita	Amanita fulva		SPECIES	Amanita fulva Fr.	Amanita fulva		CA		Québec	PRESENT		28eb1a3f-1c15-4a95-931a-4af90ecb574d	45.1	-72.483055	1531.0						2018-07-29T13:22	29	7	2018	7765582	7765582	HUMAN_OBSERVATION	iNaturalist	Observations	14912636		Janie Collin	2021-06-22T18:25:23	CC_BY_NC_4_0	Janie Collin	Janie Collin			2025-01-14T12:05:37.230Z	StillImage	COORDINATE_ROUNDED;CONTINENT_DERIVED_FROM_COORDINATES;TAXON_MATCH_TAXON_ID_IGNORED
1890032150	50c9509d-22c7-4a22-a47d-8c48425ef4a7	https://www.inaturalist.org/observations/10888537	Fungi	Basidiomycota	Agaricomycetes	Agaricales	Amanitaceae	Amanita	Amanita fulva		SPECIES	Amanita fulva Fr.	Amanita fulva		CA		Québec	PRESENT		28eb1a3f-1c15-4a95-931a-4af90ecb574d	45.94733	-74.912595							2009-09-05T16:18:47	5	9	2009	7765582	7765582	HUMAN_OBSERVATION	iNaturalist	Observations	10888537		John Plischke	2018-04-19T22:56:57	CC_BY_NC_4_0	John Plischke	John Plischke			2025-01-14T12:04:47.518Z		CONTINENT_DERIVED_FROM_COORDINATES;TAXON_MATCH_TAXON_ID_IGNORED
1890032143	50c9509d-22c7-4a22-a47d-8c48425ef4a7	https://www.inaturalist.org/observations/10888314	Fungi	Basidiomycota	Agaricomycetes	Agaricales	Amanitaceae	Amanita	Amanita fulva		SPECIES	Amanita fulva Fr.	Amanita fulva		CA		Québec	PRESENT		28eb1a3f-1c15-4a95-931a-4af90ecb574d	45.94733	-74.912595							2009-09-06T12:58:43	6	9	2009	7765582	7765582	HUMAN_OBSERVATION	iNaturalist	Observations	10888314		John Plischke	2018-04-14T05:31:55	CC_BY_NC_4_0	John Plischke	John Plischke			2025-01-14T12:59:42.730Z		CONTINENT_DERIVED_FROM_COORDINATES;TAXON_MATCH_TAXON_ID_IGNORED
1847646864	50c9509d-22c7-4a22-a47d-8c48425ef4a7	https://www.inaturalist.org/observations/9592380	Fungi	Basidiomycota	Agaricomycetes	Agaricales	Amanitaceae	Amanita	Amanita fulva		SPECIES	Amanita fulva Fr.	Amanita fulva		CA		Ontario	PRESENT		28eb1a3f-1c15-4a95-931a-4af90ecb574d	45.69085	-78.32155	84661.0						2016-09-15	15	9	2016	7765582	7765582	HUMAN_OBSERVATION	iNaturalist	Observations	9592380		mycowalt	2018-02-23T03:31:56	CC_BY_NC_4_0	mycowalt	mycowalt			2025-01-14T12:05:29.468Z	StillImage	CONTINENT_DERIVED_FROM_COORDINATES;TAXON_MATCH_TAXON_ID_IGNORED
1807261344	e8a25a42-f125-476c-8554-3ec21cd51a84	ACAD:117995	Fungi	Basidiomycota	Agaricomycetes	Agaricales	Amanitaceae	Amanita	Amanita fulva		SPECIES	Amanita fulva Fr.	Amanita fulva Fr.	Fr.	CA	Kentville	Nova Scotia	PRESENT		6491ad8c-8e49-4bd4-a089-0ddb3bbe0890	45.07662	-64.49592							1969-08-30	30	8	1969	7765582	7765582	PRESERVED_SPECIMEN	Acadia University	ACAD	10778F	10778			CC0_1_0	Acadia University				2024-01-25T01:37:08.974Z	StillImage	GEODETIC_DATUM_INVALID;GEODETIC_DATUM_ASSUMED_WGS84;TAXON_MATCH_TAXON_ID_IGNORED;INSTITUTION_MATCH_FUZZY;COLLECTION_MATCH_FUZZY
1807261315	e8a25a42-f125-476c-8554-3ec21cd51a84	ACAD:118021	Fungi	Basidiomycota	Agaricomycetes	Agaricales	Amanitaceae	Amanita	Amanita fulva		SPECIES	Amanita fulva Fr.	Amanita fulva Fr.	Fr.	CA	Kentville	Nova Scotia	PRESENT		6491ad8c-8e49-4bd4-a089-0ddb3bbe0890	45.07662	-64.49592							1970-09-22	22	9	1970	7765582	7765582	PRESERVED_SPECIMEN	Acadia University	ACAD	10820F	10820			CC0_1_0	Acadia University				2024-01-25T01:37:16.720Z	StillImage	GEODETIC_DATUM_INVALID;GEODETIC_DATUM_ASSUMED_WGS84;TAXON_MATCH_TAXON_ID_IGNORED;INSTITUTION_MATCH_FUZZY;COLLECTION_MATCH_FUZZY
1807261281	e8a25a42-f125-476c-8554-3ec21cd51a84	ACAD:117996	Fungi	Basidiomycota	Agaricomycetes	Agaricales	Amanitaceae	Amanita	Amanita fulva		SPECIES	Amanita fulva Fr.	Amanita fulva Fr.	Fr.	CA	Kentville	Nova Scotia	PRESENT		6491ad8c-8e49-4bd4-a089-0ddb3bbe0890	45.07662	-64.49592							1969-08-30	30	8	1969	7765582	7765582	PRESERVED_SPECIMEN	Acadia University	ACAD	10779F	10779			CC0_1_0	Acadia University				2024-01-25T01:37:08.971Z	StillImage	GEODETIC_DATUM_INVALID;GEODETIC_DATUM_ASSUMED_WGS84;TAXON_MATCH_TAXON_ID_IGNORED;INSTITUTION_MATCH_FUZZY;COLLECTION_MATCH_FUZZY
1807261221	e8a25a42-f125-476c-8554-3ec21cd51a84	ACAD:118012	Fungi	Basidiomycota	Agaricomycetes	Agaricales	Amanitaceae	Amanita	Amanita fulva		SPECIES	Amanita fulva Fr.	Amanita fulva Fr.	Fr.	CA	Kentville	Nova Scotia	PRESENT		6491ad8c-8e49-4bd4-a089-0ddb3bbe0890	45.07662	-64.49592							1970-09-19	19	9	1970	7765582	7765582	PRESERVED_SPECIMEN	Acadia University	ACAD	10815BF	10815			CC0_1_0	Acadia University				2024-01-25T01:37:16.723Z	StillImage	GEODETIC_DATUM_INVALID;GEODETIC_DATUM_ASSUMED_WGS84;TAXON_MATCH_TAXON_ID_IGNORED;INSTITUTION_MATCH_FUZZY;COLLECTION_MATCH_FUZZY
1701558097	39bd4817-9530-4341-a918-4f16b8db1419	UdeM:CMMF:Blitz2017:85	Fungi	Basidiomycota	Agaricomycetes	Agaricales	Amanitaceae	Amanita	Amanita fulva		SPECIES	Amanita fulva Fr.	Amanita fulva Fr., 1815	(Schaeff.) Secr.	CA	Parc des Chutes de Sainte-Ursule	Québec	PRESENT		ff7bd5db-b724-4932-b496-10ea298851f9	46.300422	-73.094321	500.0						2017-08-09	9	8	2017	7765582	7765582	HUMAN_OBSERVATION	Université de Montréal Biodiversity Centre	CMMF			Raymond Archambault et Joseph Nuzzolese	2017-08-09T00:00:00	CC0_1_0		IRBV's graduate students			2024-01-24T17:29:10.194Z		
1640109143	50c9509d-22c7-4a22-a47d-8c48425ef4a7	https://www.inaturalist.org/observations/7836996	Fungi	Basidiomycota	Agaricomycetes	Agaricales	Amanitaceae	Amanita	Amanita fulva		SPECIES	Amanita fulva Fr.	Amanita fulva		CA		Ontario	PRESENT		28eb1a3f-1c15-4a95-931a-4af90ecb574d	45.705625	-78.478828							2017-09-07T12:47:28	7	9	2017	7765582	7765582	HUMAN_OBSERVATION	iNaturalist	Observations	7836996		phroxian	2021-06-22T18:24:49	CC_BY_NC_4_0	ColinDJones	ColinDJones			2025-01-14T12:03:59.846Z	StillImage	COORDINATE_ROUNDED;CONTINENT_DERIVED_FROM_COORDINATES;TAXON_MATCH_TAXON_ID_IGNORED
1412708778	21705170-d2b6-42de-8904-c3bca4b83591	CMMF017233	Fungi	Basidiomycota	Agaricomycetes	Agaricales	Amanitaceae	Amanita	Amanita fulva	fulva	VARIETY	Amanita vaginata var. fulva (Fr.) Gillet	Amanita vaginata var. fulva (Fr.) Gillet	(Fr.) Gillet	CA	Arboretum Morgan, Québec.	Québec	PRESENT		ff7bd5db-b724-4932-b496-10ea298851f9	45.43	-73.946667	2500.0						1981-06-29	29	6	1981	5240225	7765582	PRESERVED_SPECIMEN	Université de Montréal Biodiversity Centre	CMMF	CMMF017233	1981-63	McNeil, Raymond		CC0_1_0	Université de Montréal Biodiversity Centre	Cyr, A.			2024-01-24T16:38:14.838Z		COORDINATE_ROUNDED;INSTITUTION_MATCH_FUZZY;COLLECTION_MATCH_FUZZY;DIFFERENT_OWNER_INSTITUTION
1412705931	21705170-d2b6-42de-8904-c3bca4b83591	CMMF014431	Fungi	Basidiomycota	Agaricomycetes	Agaricales	Amanitaceae	Amanita	Amanita fulva		SPECIES	Amanita fulva Fr.	Amanita fulva Fr.	Fr.	CA	Rang C, Saint-Ubalde, Québec.	Québec	PRESENT		ff7bd5db-b724-4932-b496-10ea298851f9	46.794751	-72.20945	2500.0						1978-07-25	25	7	1978	7765582	7765582	PRESERVED_SPECIMEN	Université de Montréal Biodiversity Centre	CMMF	CMMF014431	2455	Guérin, Gérard		CC0_1_0	Université de Montréal Biodiversity Centre	Guérin, Gérard			2024-01-24T16:38:19.501Z	StillImage	INSTITUTION_MATCH_FUZZY;COLLECTION_MATCH_FUZZY;DIFFERENT_OWNER_INSTITUTION
1412705896	21705170-d2b6-42de-8904-c3bca4b83591	CMMF014432	Fungi	Basidiomycota	Agaricomycetes	Agaricales	Amanitaceae	Amanita	Amanita fulva		SPECIES	Amanita fulva Fr.	Amanita fulva Fr.	Fr.	CA	Parc des Laurentides, Québec.	Québec	PRESENT		ff7bd5db-b724-4932-b496-10ea298851f9	47.828312	-71.630575	80000.0						1984-08-19	19	8	1984	7765582	7765582	PRESERVED_SPECIMEN	Université de Montréal Biodiversity Centre	CMMF	CMMF014432	2458	Guérin, Gérard		CC0_1_0	Université de Montréal Biodiversity Centre	Guérin, Gérard			2024-01-24T16:38:19.503Z	StillImage	INSTITUTION_MATCH_FUZZY;COLLECTION_MATCH_FUZZY;DIFFERENT_OWNER_INSTITUTION
1412704172	21705170-d2b6-42de-8904-c3bca4b83591	CMMF012285	Fungi	Basidiomycota	Agaricomycetes	Agaricales	Amanitaceae	Amanita	Amanita fulva		SPECIES	Amanitopsis fulva (Schaeff.) W.G.Sm.	Amanitopsis fulva (Fr.) W.G. Sm.	(Fr.) W.G. Sm.	CA	Bell's Corners, près d'Ottawa, Ontario.	Ontario	PRESENT		ff7bd5db-b724-4932-b496-10ea298851f9	45.320833	-75.83	5000.0						1961-08-17	17	8	1961	2526083	7765582	PRESERVED_SPECIMEN	Université de Montréal Biodiversity Centre	CMMF	CMMF012285	NA	Groves, J.W.		CC0_1_0	Université de Montréal Biodiversity Centre	Handfield, G.			2024-01-24T16:38:20.857Z		INSTITUTION_MATCH_FUZZY;COLLECTION_MATCH_FUZZY;DIFFERENT_OWNER_INSTITUTION
1135071063	21705170-d2b6-42de-8904-c3bca4b83591	CMMF009643	Fungi	Basidiomycota	Agaricomycetes	Agaricales	Amanitaceae	Amanita	Amanita fulva		SPECIES	Amanita fulva Fr.	Amanita fulva Fr.	Fr.	CA	Chemin Chapelle, Lac-Beauport.	Québec	PRESENT		ff7bd5db-b724-4932-b496-10ea298851f9	46.949281	-71.284722	250.0						2007-07-31	31	7	2007	7765582	7765582	PRESERVED_SPECIMEN	Université de Montréal Biodiversity Centre	CMMF	CMMF009643	1227	Labrecque, Jacqueline		CC0_1_0	Université de Montréal Biodiversity Centre	Labrecque, Jacqueline			2024-01-24T16:38:21.006Z		INSTITUTION_MATCH_FUZZY;COLLECTION_MATCH_FUZZY;DIFFERENT_OWNER_INSTITUTION
1135070990	21705170-d2b6-42de-8904-c3bca4b83591	CMMF009589	Fungi	Basidiomycota	Agaricomycetes	Agaricales	Amanitaceae	Amanita	Amanita fulva		SPECIES	Amanita fulva Fr.	Amanita fulva Fr.	Fr.	CA	Château Bigot, Québec.	Québec	PRESENT		ff7bd5db-b724-4932-b496-10ea298851f9	46.898375	-71.266801	2000.0						2007-07-22	22	7	2007	7765582	7765582	PRESERVED_SPECIMEN	Université de Montréal Biodiversity Centre	CMMF	CMMF009589	1173	Labrecque, Jacqueline		CC0_1_0	Université de Montréal Biodiversity Centre	Labrecque, Jacqueline			2024-01-24T16:38:21.705Z		INSTITUTION_MATCH_FUZZY;COLLECTION_MATCH_FUZZY;DIFFERENT_OWNER_INSTITUTION
1135070363	21705170-d2b6-42de-8904-c3bca4b83591	CMMF008924	Fungi	Basidiomycota	Agaricomycetes	Agaricales	Amanitaceae	Amanita	Amanita fulva		SPECIES	Amanita fulva Fr.	Amanita fulva Fr.	Fr.	CA	Chemin de la Chapelle, Lac-Beauport.	Québec	PRESENT		ff7bd5db-b724-4932-b496-10ea298851f9	46.949281	-71.284722	250.0						2006-08-11	11	8	2006	7765582	7765582	PRESERVED_SPECIMEN	Université de Montréal Biodiversity Centre	CMMF	CMMF008924	507	Labrecque, Jacqueline		CC0_1_0	Université de Montréal Biodiversity Centre	Labrecque, Jacqueline			2024-01-24T16:38:18.932Z		INSTITUTION_MATCH_FUZZY;COLLECTION_MATCH_FUZZY;DIFFERENT_OWNER_INSTITUTION
1024560037	21705170-d2b6-42de-8904-c3bca4b83591	CMMF005478	Fungi	Basidiomycota	Agaricomycetes	Agaricales	Amanitaceae	Amanita	Amanita fulva		SPECIES	Amanita fulva Fr.	Amanita fulva Fr.	Fr.	CA	Mirabel (Chemin de la Rivière du Nord)	Québec	PRESENT		ff7bd5db-b724-4932-b496-10ea298851f9	45.683917	-74.2185	100.0						2005-09-09	9	9	2005	7765582	7765582	PRESERVED_SPECIMEN	Université de Montréal Biodiversity Centre	CMMF	CMMF005478	Inexistant	McNeil, Raymond		CC0_1_0	Université de Montréal Biodiversity Centre	McNeil, Raymond			2024-01-24T16:38:15.749Z		COORDINATE_ROUNDED;INSTITUTION_MATCH_FUZZY;COLLECTION_MATCH_FUZZY;DIFFERENT_OWNER_INSTITUTION
1024560032	21705170-d2b6-42de-8904-c3bca4b83591	CMMF005480	Fungi	Basidiomycota	Agaricomycetes	Agaricales	Amanitaceae	Amanita	Amanita fulva		SPECIES	Amanita fulva Fr.	Amanita fulva Fr.	Fr.	CA	Mirabel (Chemin de la Rivière du Nord)	Québec	PRESENT		ff7bd5db-b724-4932-b496-10ea298851f9	45.683917	-74.2185	100.0						2012-08-23	23	8	2012	7765582	7765582	PRESERVED_SPECIMEN	Université de Montréal Biodiversity Centre	CMMF	CMMF005480	C4044	McNeil, Raymond		CC0_1_0	Université de Montréal Biodiversity Centre	McNeil, Raymond			2024-01-24T16:38:15.758Z	StillImage	COORDINATE_ROUNDED;INSTITUTION_MATCH_FUZZY;COLLECTION_MATCH_FUZZY;DIFFERENT_OWNER_INSTITUTION
1024560019	21705170-d2b6-42de-8904-c3bca4b83591	CMMF005474	Fungi	Basidiomycota	Agaricomycetes	Agaricales	Amanitaceae	Amanita	Amanita fulva		SPECIES	Amanita fulva Fr.	Amanita fulva Fr.	Fr.	CA	Parc national de la Gaspésie (sortie sud)	Québec	PRESENT		ff7bd5db-b724-4932-b496-10ea298851f9	48.856883	-66.20075	100.0						2008-08-05	5	8	2008	7765582	7765582	PRESERVED_SPECIMEN	Université de Montréal Biodiversity Centre	CMMF	CMMF005474	Inexistant	McNeil, Raymond		CC0_1_0	Université de Montréal Biodiversity Centre	McNeil, Raymond			2024-01-24T16:38:15.741Z	StillImage	COORDINATE_ROUNDED;INSTITUTION_MATCH_FUZZY;COLLECTION_MATCH_FUZZY;DIFFERENT_OWNER_INSTITUTION
1024560010	21705170-d2b6-42de-8904-c3bca4b83591	CMMF005477	Fungi	Basidiomycota	Agaricomycetes	Agaricales	Amanitaceae	Amanita	Amanita fulva		SPECIES	Amanita fulva Fr.	Amanita fulva Fr.	Fr.	CA	Mirabel (Chemin de la Rivière du Nord)	Québec	PRESENT		ff7bd5db-b724-4932-b496-10ea298851f9	45.683917	-74.2185	100.0						2005-09-19	19	9	2005	7765582	7765582	PRESERVED_SPECIMEN	Université de Montréal Biodiversity Centre	CMMF	CMMF005477	C2432	McNeil, Raymond		CC0_1_0	Université de Montréal Biodiversity Centre	McNeil, Raymond			2024-01-24T16:38:15.748Z	StillImage	COORDINATE_ROUNDED;INSTITUTION_MATCH_FUZZY;COLLECTION_MATCH_FUZZY;DIFFERENT_OWNER_INSTITUTION
1024559999	21705170-d2b6-42de-8904-c3bca4b83591	CMMF005475	Fungi	Basidiomycota	Agaricomycetes	Agaricales	Amanitaceae	Amanita	Amanita fulva		SPECIES	Amanita fulva Fr.	Amanita fulva Fr.	Fr.	CA	Mirabel (Chemin de la Rivière-du-Nord)	Québec	PRESENT		ff7bd5db-b724-4932-b496-10ea298851f9	45.683917	-73.2185	100.0						2008-08-15	15	8	2008	7765582	7765582	PRESERVED_SPECIMEN	Université de Montréal Biodiversity Centre	CMMF	CMMF005475	Inexistant	McNeil, Raymond		CC0_1_0	Université de Montréal Biodiversity Centre	McNeil, Raymond			2024-01-24T16:38:15.751Z	StillImage	COORDINATE_ROUNDED;INSTITUTION_MATCH_FUZZY;COLLECTION_MATCH_FUZZY;DIFFERENT_OWNER_INSTITUTION
1024559988	21705170-d2b6-42de-8904-c3bca4b83591	CMMF005479	Fungi	Basidiomycota	Agaricomycetes	Agaricales	Amanitaceae	Amanita	Amanita fulva		SPECIES	Amanita fulva Fr.	Amanita fulva Fr.	Fr.	CA	Forestville	Québec	PRESENT		ff7bd5db-b724-4932-b496-10ea298851f9	48.7371	-69.13715	100.0						2005-09-17	17	9	2005	7765582	7765582	PRESERVED_SPECIMEN	Université de Montréal Biodiversity Centre	CMMF	CMMF005479	C2532	McNeil, Raymond		CC0_1_0	Université de Montréal Biodiversity Centre	McNeil, Raymond			2024-01-24T16:38:15.750Z	StillImage	INSTITUTION_MATCH_FUZZY;COLLECTION_MATCH_FUZZY;DIFFERENT_OWNER_INSTITUTION
1024559931	21705170-d2b6-42de-8904-c3bca4b83591	CMMF005476	Fungi	Basidiomycota	Agaricomycetes	Agaricales	Amanitaceae	Amanita	Amanita fulva		SPECIES	Amanita fulva Fr.	Amanita fulva Fr.	Fr.	CA	Lachute	Québec	PRESENT		ff7bd5db-b724-4932-b496-10ea298851f9	45.66275	-74.241983	100.0						2005-09-05	5	9	2005	7765582	7765582	PRESERVED_SPECIMEN	Université de Montréal Biodiversity Centre	CMMF	CMMF005476	C2413	McNeil, Raymond		CC0_1_0	Université de Montréal Biodiversity Centre	McNeil, Raymond			2024-01-24T16:38:15.749Z	StillImage	COORDINATE_ROUNDED;INSTITUTION_MATCH_FUZZY;COLLECTION_MATCH_FUZZY;DIFFERENT_OWNER_INSTITUTION
