gbifID	datasetKey	occurrenceID	kingdom	phylum	class	order	family	genus	species	infraspecificEpithet	taxonRank	scientificName	verbatimScientificName	verbatimScientificNameAuthorship	countryCode	locality	stateProvince	occurrenceStatus	individualCount	publishingOrgKey	decimalLatitude	decimalLongitude	coordinateUncertaintyInMeters	coordinatePrecision	elevation	elevationAccuracy	depth	depthAccuracy	eventDate	day	month	year	taxonKey	speciesKey	basisOfRecord	institutionCode	collectionCode	catalogNumber	recordNumber	identifiedBy	dateIdentified	license	rightsHolder	recordedBy	typeStatus	establishmentMeans	lastInterpreted	mediaType	issue
727874913	d7cfd2ed-8af4-427f-a16e-eb66b7e2c419	14102	Fungi	Basidiomycota	Agaricomycetes	Agaricales	Cortinariaceae	Cortinarius	Cortinarius caperatus		SPECIES	Cortinarius caperatus (Pers.) Fr.	Cortinarius caperatus (Pers.) Fr.	(Pers.) Fr.	CA	Algonquin Provincial Park	Ontario	PRESENT		ff418020-1d67-11d9-8435-b8a03c50a862	45.759859	-78.376465	67511.0						2007-10-03	3	10	2007	2529415	2529415	PRESERVED_SPECIMEN	Royal Ontario Museum	TRTC	TRTC156992	ALG07_168			CC0_1_0	Royal Ontario Museum	Didukh, M.; Dentiger, B.			2024-01-25T00:59:40.235Z	StillImage	COORDINATE_ROUNDED;AMBIGUOUS_INSTITUTION
727874843	d7cfd2ed-8af4-427f-a16e-eb66b7e2c419	13972	Fungi	Basidiomycota	Agaricomycetes	Agaricales	Cortinariaceae	Cortinarius	Cortinarius caperatus		SPECIES	Cortinarius caperatus (Pers.) Fr.	Cortinarius caperatus (Pers.) Fr.	(Pers.) Fr.	CA	Algonquin Provincial Park	Ontario	PRESENT		ff418020-1d67-11d9-8435-b8a03c50a862	45.759859	-78.376465	67511.0						2007-10-01	1	10	2007	2529415	2529415	PRESERVED_SPECIMEN	Royal Ontario Museum	TRTC	TRTC156907	ALG07_83			CC0_1_0	Royal Ontario Museum	Didukh, M.; Dentiger, B.			2024-01-25T00:59:38.910Z	StillImage	COORDINATE_ROUNDED;AMBIGUOUS_INSTITUTION
727874797	d7cfd2ed-8af4-427f-a16e-eb66b7e2c419	13901	Fungi	Basidiomycota	Agaricomycetes	Agaricales	Cortinariaceae	Cortinarius	Cortinarius caperatus		SPECIES	Cortinarius caperatus (Pers.) Fr.	Cortinarius caperatus (Pers.) Fr.	(Pers.) Fr.	CA	Algonquin Provincial Park, Bat Lake trail	Ontario	PRESENT		ff418020-1d67-11d9-8435-b8a03c50a862	45.586534	-78.517184	112.0						2007-10-05	5	10	2007	2529415	2529415	PRESERVED_SPECIMEN	Royal Ontario Museum	TRTC	TRTC157023	ALG07_199			CC0_1_0	Royal Ontario Museum	Didukh, M.; Dentiger, B.			2024-01-25T00:59:38.810Z	StillImage	COORDINATE_ROUNDED;AMBIGUOUS_INSTITUTION
727874739	d7cfd2ed-8af4-427f-a16e-eb66b7e2c419	13807	Fungi	Basidiomycota	Agaricomycetes	Agaricales	Cortinariaceae	Cortinarius	Cortinarius caperatus		SPECIES	Cortinarius caperatus (Pers.) Fr.	Cortinarius caperatus (Pers.) Fr.	(Pers.) Fr.	CA	Algonquin Provincial Park, Two Rivers trail, on the side of the forest leading to the Bat Lake	Ontario	PRESENT		ff418020-1d67-11d9-8435-b8a03c50a862	45.582509	-78.517141	1071.0						2007-10-06	6	10	2007	2529415	2529415	PRESERVED_SPECIMEN	Royal Ontario Museum	TRTC	TRTC157058	ALG07_233			CC0_1_0	Royal Ontario Museum	Moncalvo, J.M.;  Dentiger B.			2024-01-25T00:59:38.253Z	StillImage	COORDINATE_ROUNDED;AMBIGUOUS_INSTITUTION
727874737	d7cfd2ed-8af4-427f-a16e-eb66b7e2c419	13806	Fungi	Basidiomycota	Agaricomycetes	Agaricales	Cortinariaceae	Cortinarius	Cortinarius caperatus		SPECIES	Cortinarius caperatus (Pers.) Fr.	Cortinarius caperatus (Pers.) Fr.	(Pers.) Fr.	CA	Algonquin Provincial Park, Two Rivers trail	Ontario	PRESENT		ff418020-1d67-11d9-8435-b8a03c50a862	45.582509	-78.517141	1071.0						2007-10-06	6	10	2007	2529415	2529415	PRESERVED_SPECIMEN	Royal Ontario Museum	TRTC	TRTC157057	ALG07_232			CC0_1_0	Royal Ontario Museum	Didukh, M.; Dentiger, B.			2024-01-25T00:59:38.254Z	StillImage	COORDINATE_ROUNDED;AMBIGUOUS_INSTITUTION
694156897	d7cfd2ed-8af4-427f-a16e-eb66b7e2c419	13595	Fungi	Basidiomycota	Agaricomycetes	Agaricales	Cortinariaceae	Cortinarius	Cortinarius caperatus		SPECIES	Rozites caperatus (Pers.) P.Karst.	Rozites caperatus (Pers.) P. Karst.	(Pers.) P. Karst.	CA	Algonquin Provincial Park, near Kathlyn Lake (near the 3rd lake)	Ontario	PRESENT		ff418020-1d67-11d9-8435-b8a03c50a862	45.599101	-78.53817	1620.0						2006-10-01	1	10	2006	2529420	2529415	PRESERVED_SPECIMEN	Royal Ontario Museum	TRTC	TRTC150973	MD_ALG06_62	Maryna Didukh		CC0_1_0	Royal Ontario Museum	Maryna Didukh			2024-01-25T00:59:41.559Z		COORDINATE_ROUNDED;AMBIGUOUS_INSTITUTION
617552879	21705170-d2b6-42de-8904-c3bca4b83591	CMMF000335	Fungi	Basidiomycota	Agaricomycetes	Agaricales	Cortinariaceae	Cortinarius	Cortinarius caperatus		SPECIES	Rozites caperatus (Pers.) P.Karst.	Rozites caperatus (Pers.) P. Karst.	(Pers.) P. Karst.	CA	Terrebonne	Québec	PRESENT		ff7bd5db-b724-4932-b496-10ea298851f9	45.70036	-73.637796	5000.0						1988-09-13	13	9	1988	2529420	2529415	PRESERVED_SPECIMEN	Université de Montréal Biodiversity Centre	CMMF	CMMF000335		Lamoureux, Yves		CC0_1_0	Université de Montréal Biodiversity Centre	Lamoureux, Yves			2024-01-24T16:38:20.780Z	StillImage	INSTITUTION_MATCH_FUZZY;COLLECTION_MATCH_FUZZY;DIFFERENT_OWNER_INSTITUTION
617551219	21705170-d2b6-42de-8904-c3bca4b83591	CMMF002610	Fungi	Basidiomycota	Agaricomycetes	Agaricales	Cortinariaceae	Cortinarius	Cortinarius caperatus		SPECIES	Rozites caperatus (Pers.) P.Karst.	Rozites caperatus (Pers.) P. Karst.	(Pers.) P. Karst.	CA	Saint-Majorique	Québec	PRESENT		ff7bd5db-b724-4932-b496-10ea298851f9	45.931221	-72.584529	5000.0						1995-09-20	20	9	1995	2529420	2529415	PRESERVED_SPECIMEN	Université de Montréal Biodiversity Centre	CMMF	CMMF002610		Lamoureux, Yves		CC0_1_0	Université de Montréal Biodiversity Centre	Lamoureux, Yves			2024-01-24T16:38:20.305Z	StillImage	INSTITUTION_MATCH_FUZZY;COLLECTION_MATCH_FUZZY;DIFFERENT_OWNER_INSTITUTION
617547982	21705170-d2b6-42de-8904-c3bca4b83591	CMMF001205	Fungi	Basidiomycota	Agaricomycetes	Agaricales	Cortinariaceae	Cortinarius	Cortinarius caperatus		SPECIES	Rozites caperatus (Pers.) P.Karst.	Rozites caperatus (Pers.) P. Karst.	(Pers.) P. Karst.	CA	Notre-Dame-de-la-Merci	Québec	PRESENT		ff7bd5db-b724-4932-b496-10ea298851f9	46.226429	-74.0596	8500.0						1990-09-02	2	9	1990	2529420	2529415	PRESERVED_SPECIMEN	Université de Montréal Biodiversity Centre	CMMF	CMMF001205		Lamoureux, Yves		CC0_1_0	Université de Montréal Biodiversity Centre	Després, Jean			2024-01-24T16:38:16.530Z	StillImage	INSTITUTION_MATCH_FUZZY;COLLECTION_MATCH_FUZZY;DIFFERENT_OWNER_INSTITUTION
4994495331	50c9509d-22c7-4a22-a47d-8c48425ef4a7	https://www.inaturalist.org/observations/241987012	Fungi	Basidiomycota	Agaricomycetes	Agaricales	Cortinariaceae	Cortinarius	Cortinarius caperatus		SPECIES	Cortinarius caperatus (Pers.) Fr.	Cortinarius caperatus		CA		Québec	PRESENT		28eb1a3f-1c15-4a95-931a-4af90ecb574d	46.518517	-74.829553	4.0						2024-09-14T19:12:52	14	9	2024	2529415	2529415	HUMAN_OBSERVATION	iNaturalist	Observations	241987012		Elisabeth Greene	2024-09-15T23:37:51	CC_BY_NC_4_0	Elisabeth Greene	Elisabeth Greene			2025-01-14T12:53:23.557Z	StillImage	COORDINATE_ROUNDED;CONTINENT_DERIVED_FROM_COORDINATES;TAXON_MATCH_TAXON_ID_IGNORED
4994480598	50c9509d-22c7-4a22-a47d-8c48425ef4a7	https://www.inaturalist.org/observations/240835719	Fungi	Basidiomycota	Agaricomycetes	Agaricales	Cortinariaceae	Cortinarius	Cortinarius caperatus		SPECIES	Cortinarius caperatus (Pers.) Fr.	Cortinarius caperatus		CA		New Brunswick	PRESENT		28eb1a3f-1c15-4a95-931a-4af90ecb574d	46.011483	-66.627551	230.0						2024-09-09T11:37:18	9	9	2024	2529415	2529415	HUMAN_OBSERVATION	iNaturalist	Observations	240835719		flightmom	2024-09-09T22:08:50	CC_BY_NC_4_0	flightmom	flightmom			2025-01-14T12:54:16.006Z	StillImage	COORDINATE_ROUNDED;CONTINENT_DERIVED_FROM_COORDINATES;TAXON_MATCH_TAXON_ID_IGNORED
4994462258	50c9509d-22c7-4a22-a47d-8c48425ef4a7	https://www.inaturalist.org/observations/241983712	Fungi	Basidiomycota	Agaricomycetes	Agaricales	Cortinariaceae	Cortinarius	Cortinarius caperatus		SPECIES	Cortinarius caperatus (Pers.) Fr.	Cortinarius caperatus		CA		Québec	PRESENT		28eb1a3f-1c15-4a95-931a-4af90ecb574d	46.952936	-71.268183							2024-09-10T17:24:59	10	9	2024	2529415	2529415	HUMAN_OBSERVATION	iNaturalist	Observations	241983712		Simon Pelletier	2024-09-15T23:17:01	CC_BY_NC_4_0	Simon Pelletier	Simon Pelletier			2025-01-14T13:48:05.594Z	StillImage	COORDINATE_ROUNDED;CONTINENT_DERIVED_FROM_COORDINATES;TAXON_MATCH_TAXON_ID_IGNORED
4994454468	50c9509d-22c7-4a22-a47d-8c48425ef4a7	https://www.inaturalist.org/observations/243908250	Fungi	Basidiomycota	Agaricomycetes	Agaricales	Cortinariaceae	Cortinarius	Cortinarius caperatus		SPECIES	Cortinarius caperatus (Pers.) Fr.	Cortinarius caperatus		CA		Québec	PRESENT		28eb1a3f-1c15-4a95-931a-4af90ecb574d	48.192893	-65.562674	355.0						2024-09-09T15:10	9	9	2024	2529415	2529415	HUMAN_OBSERVATION	iNaturalist	Observations	243908250		François L.	2024-09-25T02:47:48	CC_BY_NC_4_0	François L.	François L.			2025-01-14T13:48:32.896Z	StillImage	COORDINATE_ROUNDED;CONTINENT_DERIVED_FROM_COORDINATES;TAXON_MATCH_TAXON_ID_IGNORED
4994442559	50c9509d-22c7-4a22-a47d-8c48425ef4a7	https://www.inaturalist.org/observations/247798116	Fungi	Basidiomycota	Agaricomycetes	Agaricales	Cortinariaceae	Cortinarius	Cortinarius caperatus		SPECIES	Cortinarius caperatus (Pers.) Fr.	Cortinarius caperatus		CA		Ontario	PRESENT		28eb1a3f-1c15-4a95-931a-4af90ecb574d	46.298634	-78.883015	375.0						2024-10-17T14:17:35	17	10	2024	2529415	2529415	HUMAN_OBSERVATION	iNaturalist	Observations	247798116		jhaydee	2024-10-17T18:20:25	CC_BY_NC_4_0	jhaydee	jhaydee			2025-01-14T13:44:34.764Z	StillImage	COORDINATE_ROUNDED;CONTINENT_DERIVED_FROM_COORDINATES;TAXON_MATCH_TAXON_ID_IGNORED
4994154213	50c9509d-22c7-4a22-a47d-8c48425ef4a7	https://www.inaturalist.org/observations/182718314	Fungi	Basidiomycota	Agaricomycetes	Agaricales	Cortinariaceae	Cortinarius	Cortinarius caperatus		SPECIES	Cortinarius caperatus (Pers.) Fr.	Cortinarius caperatus		CA		Ontario	PRESENT		28eb1a3f-1c15-4a95-931a-4af90ecb574d	45.585053	-78.41243	8.0						2023-08-21T15:51:23	21	8	2023	2529415	2529415	HUMAN_OBSERVATION	iNaturalist	Observations	182718314		amkirb	2023-09-10T22:25:34	CC_BY_NC_4_0	amkirb	amkirb			2025-01-14T13:32:39.338Z	StillImage	COORDINATE_ROUNDED;CONTINENT_DERIVED_FROM_COORDINATES;TAXON_MATCH_TAXON_ID_IGNORED
4973958967	50c9509d-22c7-4a22-a47d-8c48425ef4a7	https://www.inaturalist.org/observations/247828638	Fungi	Basidiomycota	Agaricomycetes	Agaricales	Cortinariaceae	Cortinarius	Cortinarius caperatus		SPECIES	Cortinarius caperatus (Pers.) Fr.	Cortinarius caperatus		CA		Québec	PRESENT		28eb1a3f-1c15-4a95-931a-4af90ecb574d	46.387394	-74.509994	24.0						2024-08-31T15:41	31	8	2024	2529415	2529415	HUMAN_OBSERVATION	iNaturalist	Observations	247828638		gabboilard	2024-10-17T22:21:14	CC_BY_NC_4_0	gabboilard	gabboilard			2025-01-14T13:43:58.463Z	StillImage	COORDINATE_ROUNDED;CONTINENT_DERIVED_FROM_COORDINATES;TAXON_MATCH_TAXON_ID_IGNORED
4952515274	50c9509d-22c7-4a22-a47d-8c48425ef4a7	https://www.inaturalist.org/observations/244361816	Fungi	Basidiomycota	Agaricomycetes	Agaricales	Cortinariaceae	Cortinarius	Cortinarius caperatus		SPECIES	Cortinarius caperatus (Pers.) Fr.	Cortinarius caperatus		CA		New Brunswick	PRESENT		28eb1a3f-1c15-4a95-931a-4af90ecb574d	46.012297	-66.62661	230.0						2024-09-27T12:27:19	27	9	2024	2529415	2529415	HUMAN_OBSERVATION	iNaturalist	Observations	244361816		flightmom	2024-09-27T19:09:01	CC_BY_NC_4_0	flightmom	flightmom			2025-01-14T12:54:04.425Z	StillImage	COORDINATE_ROUNDED;CONTINENT_DERIVED_FROM_COORDINATES;TAXON_MATCH_TAXON_ID_IGNORED
4950243217	50c9509d-22c7-4a22-a47d-8c48425ef4a7	https://www.inaturalist.org/observations/242588220	Fungi	Basidiomycota	Agaricomycetes	Agaricales	Cortinariaceae	Cortinarius	Cortinarius caperatus		SPECIES	Cortinarius caperatus (Pers.) Fr.	Cortinarius caperatus		CA		Québec	PRESENT		28eb1a3f-1c15-4a95-931a-4af90ecb574d	45.872811	-76.4339	501.0						2024-09-14T15:16	14	9	2024	2529415	2529415	HUMAN_OBSERVATION	iNaturalist	Observations	242588220		L Joan Heyding	2024-09-19T00:04:45	CC_BY_NC_4_0	L Joan Heyding	L Joan Heyding			2025-01-14T13:43:01.226Z	StillImage	COORDINATE_ROUNDED;CONTINENT_DERIVED_FROM_COORDINATES;TAXON_MATCH_TAXON_ID_IGNORED
4946516298	50c9509d-22c7-4a22-a47d-8c48425ef4a7	https://www.inaturalist.org/observations/240378309	Fungi	Basidiomycota	Agaricomycetes	Agaricales	Cortinariaceae	Cortinarius	Cortinarius caperatus		SPECIES	Cortinarius caperatus (Pers.) Fr.	Cortinarius caperatus		CA		Québec	PRESENT		28eb1a3f-1c15-4a95-931a-4af90ecb574d	45.872811	-76.4339	501.0						2024-08-29T11:25	29	8	2024	2529415	2529415	HUMAN_OBSERVATION	iNaturalist	Observations	240378309		L Joan Heyding	2024-09-07T18:50:14	CC_BY_NC_4_0	L Joan Heyding	L Joan Heyding			2025-01-14T13:43:17.581Z	StillImage	COORDINATE_ROUNDED;CONTINENT_DERIVED_FROM_COORDINATES;TAXON_MATCH_TAXON_ID_IGNORED
4946219327	50c9509d-22c7-4a22-a47d-8c48425ef4a7	https://www.inaturalist.org/observations/240240420	Fungi	Basidiomycota	Agaricomycetes	Agaricales	Cortinariaceae	Cortinarius	Cortinarius caperatus		SPECIES	Cortinarius caperatus (Pers.) Fr.	Cortinarius caperatus		CA		Ontario	PRESENT		28eb1a3f-1c15-4a95-931a-4af90ecb574d	45.516054	-78.611146	1401.0						2024-09-03T11:46	3	9	2024	2529415	2529415	HUMAN_OBSERVATION	iNaturalist	Observations	240240420		L Joan Heyding	2024-09-07T01:18:51	CC_BY_NC_4_0	L Joan Heyding	L Joan Heyding			2025-01-14T13:43:37.998Z	StillImage	COORDINATE_ROUNDED;CONTINENT_DERIVED_FROM_COORDINATES;TAXON_MATCH_TAXON_ID_IGNORED
4946099816	50c9509d-22c7-4a22-a47d-8c48425ef4a7	https://www.inaturalist.org/observations/240068937	Fungi	Basidiomycota	Agaricomycetes	Agaricales	Cortinariaceae	Cortinarius	Cortinarius caperatus		SPECIES	Cortinarius caperatus (Pers.) Fr.	Cortinarius caperatus		CA		Ontario	PRESENT		28eb1a3f-1c15-4a95-931a-4af90ecb574d	45.350373	-75.380371	31.0						2024-09-05T14:26	5	9	2024	2529415	2529415	HUMAN_OBSERVATION	iNaturalist	Observations	240068937		jonathan_mack	2024-09-06T01:47:22	CC_BY_NC_4_0	jonathan_mack	jonathan_mack			2025-01-14T12:52:58.868Z	StillImage	COORDINATE_ROUNDED;CONTINENT_DERIVED_FROM_COORDINATES;TAXON_MATCH_TAXON_ID_IGNORED
4936899660	50c9509d-22c7-4a22-a47d-8c48425ef4a7	https://www.inaturalist.org/observations/238519107	Fungi	Basidiomycota	Agaricomycetes	Agaricales	Cortinariaceae	Cortinarius	Cortinarius caperatus		SPECIES	Cortinarius caperatus (Pers.) Fr.	Cortinarius caperatus		CA		Québec	PRESENT		28eb1a3f-1c15-4a95-931a-4af90ecb574d	48.643278	-72.329595							2024-08-28T15:04	28	8	2024	2529415	2529415	HUMAN_OBSERVATION	iNaturalist	Observations	238519107		Paul Vézina	2024-08-29T01:10:31	CC_BY_NC_4_0	Paul Vézina	Paul Vézina			2025-01-14T12:50:21.225Z	StillImage	COORDINATE_ROUNDED;CONTINENT_DERIVED_FROM_COORDINATES;TAXON_MATCH_TAXON_ID_IGNORED
4936882525	50c9509d-22c7-4a22-a47d-8c48425ef4a7	https://www.inaturalist.org/observations/238715476	Fungi	Basidiomycota	Agaricomycetes	Agaricales	Cortinariaceae	Cortinarius	Cortinarius caperatus		SPECIES	Cortinarius caperatus (Pers.) Fr.	Cortinarius caperatus		CA		Ontario	PRESENT		28eb1a3f-1c15-4a95-931a-4af90ecb574d	45.589737	-78.342858	16.0						2024-08-28T14:07:29	28	8	2024	2529415	2529415	HUMAN_OBSERVATION	iNaturalist	Observations	238715476		mushana	2024-08-30T03:57:59	CC_BY_NC_4_0	mushana	mushana			2025-01-14T12:53:50.634Z	StillImage	COORDINATE_ROUNDED;CONTINENT_DERIVED_FROM_COORDINATES;TAXON_MATCH_TAXON_ID_IGNORED
4936836674	50c9509d-22c7-4a22-a47d-8c48425ef4a7	https://www.inaturalist.org/observations/239681755	Fungi	Basidiomycota	Agaricomycetes	Agaricales	Cortinariaceae	Cortinarius	Cortinarius caperatus		SPECIES	Cortinarius caperatus (Pers.) Fr.	Cortinarius caperatus		CA		Québec	PRESENT		28eb1a3f-1c15-4a95-931a-4af90ecb574d	46.173761	-73.900536							2024-09-02T12:01:50	2	9	2024	2529415	2529415	HUMAN_OBSERVATION	iNaturalist	Observations	239681755		Martin Tremblay	2024-09-03T20:55:36	CC_BY_4_0	Martin Tremblay	Martin Tremblay			2025-01-14T13:43:12.797Z	StillImage	COORDINATE_ROUNDED;CONTINENT_DERIVED_FROM_COORDINATES;TAXON_MATCH_TAXON_ID_IGNORED
4936166544	50c9509d-22c7-4a22-a47d-8c48425ef4a7	https://www.inaturalist.org/observations/239399302	Fungi	Basidiomycota	Agaricomycetes	Agaricales	Cortinariaceae	Cortinarius	Cortinarius caperatus		SPECIES	Cortinarius caperatus (Pers.) Fr.	Cortinarius caperatus		CA		Québec	PRESENT		28eb1a3f-1c15-4a95-931a-4af90ecb574d	46.088144	-73.946532	1488.0						2024-09-01T16:27:08	1	9	2024	2529415	2529415	HUMAN_OBSERVATION	iNaturalist	Observations	239399302		lelfe	2024-09-02T14:49:11	CC_BY_NC_4_0	lelfe	lelfe			2025-01-14T12:54:09.453Z	StillImage	COORDINATE_ROUNDED;CONTINENT_DERIVED_FROM_COORDINATES;TAXON_MATCH_TAXON_ID_IGNORED
4936092871	50c9509d-22c7-4a22-a47d-8c48425ef4a7	https://www.inaturalist.org/observations/238798034	Fungi	Basidiomycota	Agaricomycetes	Agaricales	Cortinariaceae	Cortinarius	Cortinarius caperatus		SPECIES	Cortinarius caperatus (Pers.) Fr.	Cortinarius caperatus		CA		Québec	PRESENT		28eb1a3f-1c15-4a95-931a-4af90ecb574d	48.670054	-72.469424							2024-08-30T11:18	30	8	2024	2529415	2529415	HUMAN_OBSERVATION	iNaturalist	Observations	238798034		Paul Vézina	2024-08-30T16:33:17	CC_BY_NC_4_0	Paul Vézina	Paul Vézina			2025-01-14T13:36:41.347Z	StillImage	COORDINATE_ROUNDED;CONTINENT_DERIVED_FROM_COORDINATES;TAXON_MATCH_TAXON_ID_IGNORED
4925892833	50c9509d-22c7-4a22-a47d-8c48425ef4a7	https://www.inaturalist.org/observations/235616507	Fungi	Basidiomycota	Agaricomycetes	Agaricales	Cortinariaceae	Cortinarius	Cortinarius caperatus		SPECIES	Cortinarius caperatus (Pers.) Fr.	Cortinarius caperatus		CA		New Brunswick	PRESENT		28eb1a3f-1c15-4a95-931a-4af90ecb574d	45.892701	-66.774666							2024-08-13T18:41:14	13	8	2024	2529415	2529415	HUMAN_OBSERVATION	iNaturalist	Observations	235616507		Andrew MacPherson	2024-08-13T22:03:58	CC0_1_0	Andrew MacPherson	Andrew MacPherson			2025-01-14T12:56:56.597Z	StillImage	COORDINATE_ROUNDED;CONTINENT_DERIVED_FROM_COORDINATES;TAXON_MATCH_TAXON_ID_IGNORED
4924141482	50c9509d-22c7-4a22-a47d-8c48425ef4a7	https://www.inaturalist.org/observations/234559505	Fungi	Basidiomycota	Agaricomycetes	Agaricales	Cortinariaceae	Cortinarius	Cortinarius caperatus		SPECIES	Cortinarius caperatus (Pers.) Fr.	Cortinarius caperatus		CA		Québec	PRESENT		28eb1a3f-1c15-4a95-931a-4af90ecb574d	49.963889	-74.261612	26454.0						2024-08-08T13:04:11	8	8	2024	2529415	2529415	HUMAN_OBSERVATION	iNaturalist	Observations	234559505		Nali T.-Paradis	2024-08-08T18:28:35	CC_BY_NC_4_0	Nali T.-Paradis	Nali T.-Paradis			2025-01-14T12:51:53.738Z	StillImage	COORDINATE_ROUNDED;CONTINENT_DERIVED_FROM_COORDINATES;TAXON_MATCH_TAXON_ID_IGNORED
4924000493	50c9509d-22c7-4a22-a47d-8c48425ef4a7	https://www.inaturalist.org/observations/234575013	Fungi	Basidiomycota	Agaricomycetes	Agaricales	Cortinariaceae	Cortinarius	Cortinarius caperatus		SPECIES	Cortinarius caperatus (Pers.) Fr.	Cortinarius caperatus		CA		Québec	PRESENT		28eb1a3f-1c15-4a95-931a-4af90ecb574d	46.953449	-71.266973	4.0						2024-08-08T16:00:58	8	8	2024	2529415	2529415	HUMAN_OBSERVATION	iNaturalist	Observations	234575013		Simon Pelletier	2024-08-08T20:02:55	CC_BY_NC_4_0	Simon Pelletier	Simon Pelletier			2025-01-14T12:52:55.357Z	StillImage	COORDINATE_ROUNDED;CONTINENT_DERIVED_FROM_COORDINATES;TAXON_MATCH_TAXON_ID_IGNORED
4919145084	50c9509d-22c7-4a22-a47d-8c48425ef4a7	https://www.inaturalist.org/observations/231463622	Fungi	Basidiomycota	Agaricomycetes	Agaricales	Cortinariaceae	Cortinarius	Cortinarius caperatus		SPECIES	Cortinarius caperatus (Pers.) Fr.	Cortinarius caperatus		CA		Québec	PRESENT		28eb1a3f-1c15-4a95-931a-4af90ecb574d	46.952125	-71.267709	3.0						2024-07-24T14:42:59	24	7	2024	2529415	2529415	HUMAN_OBSERVATION	iNaturalist	Observations	231463622		Simon Pelletier	2024-07-24T18:43:27	CC_BY_NC_4_0	Simon Pelletier	Simon Pelletier			2025-01-14T12:47:14.785Z	StillImage	COORDINATE_ROUNDED;CONTINENT_DERIVED_FROM_COORDINATES;TAXON_MATCH_TAXON_ID_IGNORED
4908596353	50c9509d-22c7-4a22-a47d-8c48425ef4a7	https://www.inaturalist.org/observations/228360222	Fungi	Basidiomycota	Agaricomycetes	Agaricales	Cortinariaceae	Cortinarius	Cortinarius caperatus		SPECIES	Cortinarius caperatus (Pers.) Fr.	Cortinarius caperatus		CA		Québec	PRESENT		28eb1a3f-1c15-4a95-931a-4af90ecb574d	49.888558	-74.397025	35.0						2024-07-09T22:01:55	9	7	2024	2529415	2529415	HUMAN_OBSERVATION	iNaturalist	Observations	228360222		carton0007	2024-07-10T02:14:10	CC_BY_NC_4_0	carton0007	carton0007			2025-01-14T13:42:32.436Z	StillImage	COORDINATE_ROUNDED;CONTINENT_DERIVED_FROM_COORDINATES;TAXON_MATCH_TAXON_ID_IGNORED
4863833166	50c9509d-22c7-4a22-a47d-8c48425ef4a7	https://www.inaturalist.org/observations/33280152	Fungi	Basidiomycota	Agaricomycetes	Agaricales	Cortinariaceae	Cortinarius	Cortinarius caperatus		SPECIES	Cortinarius caperatus (Pers.) Fr.	Cortinarius caperatus		CA		New Brunswick	PRESENT		28eb1a3f-1c15-4a95-931a-4af90ecb574d	46.794626	-65.130446	5.0						2019-09-23T17:20:06	23	9	2019	2529415	2529415	HUMAN_OBSERVATION	iNaturalist	Observations	33280152		cinna_latifolia	2021-01-28T02:38:12	CC_BY_NC_4_0	Mira DC	Mira DC			2025-01-14T12:09:22.847Z	StillImage	COORDINATE_ROUNDED;CONTINENT_DERIVED_FROM_COORDINATES;TAXON_MATCH_TAXON_ID_IGNORED
4597292312	50c9509d-22c7-4a22-a47d-8c48425ef4a7	https://www.inaturalist.org/observations/179366836	Fungi	Basidiomycota	Agaricomycetes	Agaricales	Cortinariaceae	Cortinarius	Cortinarius caperatus		SPECIES	Cortinarius caperatus (Pers.) Fr.	Cortinarius caperatus		CA		Nova Scotia	PRESENT		28eb1a3f-1c15-4a95-931a-4af90ecb574d	45.918717	-64.111933	7.0						2023-08-20T08:36	20	8	2023	2529415	2529415	HUMAN_OBSERVATION	iNaturalist	Observations	179366836				CC_BY_NC_4_0	Ben	Ben			2025-01-14T12:40:51.437Z	StillImage	COORDINATE_ROUNDED;CONTINENT_DERIVED_FROM_COORDINATES;TAXON_MATCH_TAXON_ID_IGNORED
4527957001	50c9509d-22c7-4a22-a47d-8c48425ef4a7	https://www.inaturalist.org/observations/179473932	Fungi	Basidiomycota	Agaricomycetes	Agaricales	Cortinariaceae	Cortinarius	Cortinarius caperatus		SPECIES	Cortinarius caperatus (Pers.) Fr.	Cortinarius caperatus		CA		New Brunswick	PRESENT		28eb1a3f-1c15-4a95-931a-4af90ecb574d	46.000184	-66.764149	2.0						2023-08-20T15:31	20	8	2023	2529415	2529415	HUMAN_OBSERVATION	iNaturalist	Observations	179473932		Dwayne Sabine	2023-08-21T04:04:52	CC_BY_NC_4_0	Dwayne Sabine	Dwayne Sabine			2025-01-14T12:41:50.259Z	StillImage	COORDINATE_ROUNDED;CONTINENT_DERIVED_FROM_COORDINATES;TAXON_MATCH_TAXON_ID_IGNORED
4527948024	50c9509d-22c7-4a22-a47d-8c48425ef4a7	https://www.inaturalist.org/observations/179471016	Fungi	Basidiomycota	Agaricomycetes	Agaricales	Cortinariaceae	Cortinarius	Cortinarius caperatus		SPECIES	Cortinarius caperatus (Pers.) Fr.	Cortinarius caperatus		CA		New Brunswick	PRESENT		28eb1a3f-1c15-4a95-931a-4af90ecb574d	46.000176	-66.764058	2.0						2023-08-20T10:02	20	8	2023	2529415	2529415	HUMAN_OBSERVATION	iNaturalist	Observations	179471016		Dwayne Sabine	2023-08-21T03:35:51	CC_BY_NC_4_0	Dwayne Sabine	Dwayne Sabine			2025-01-14T12:38:25.376Z	StillImage	COORDINATE_ROUNDED;CONTINENT_DERIVED_FROM_COORDINATES;TAXON_MATCH_TAXON_ID_IGNORED
4522737235	50c9509d-22c7-4a22-a47d-8c48425ef4a7	https://www.inaturalist.org/observations/198946275	Fungi	Basidiomycota	Agaricomycetes	Agaricales	Cortinariaceae	Cortinarius	Cortinarius caperatus		SPECIES	Cortinarius caperatus (Pers.) Fr.	Cortinarius caperatus		CA		Québec	PRESENT		28eb1a3f-1c15-4a95-931a-4af90ecb574d	48.56502	-78.11252	28686.0						2023-09-03T10:31	3	9	2023	2529415	2529415	HUMAN_OBSERVATION	iNaturalist	Observations	198946275		slavi	2024-02-10T23:45:38	CC_BY_NC_4_0	slavi	slavi			2025-01-14T13:36:42.747Z	StillImage	COORDINATE_ROUNDED;CONTINENT_DERIVED_FROM_COORDINATES;TAXON_MATCH_TAXON_ID_IGNORED
4465381715	50c9509d-22c7-4a22-a47d-8c48425ef4a7	https://www.inaturalist.org/observations/134755046	Fungi	Basidiomycota	Agaricomycetes	Agaricales	Cortinariaceae	Cortinarius	Cortinarius caperatus		SPECIES	Cortinarius caperatus (Pers.) Fr.	Cortinarius caperatus		CA		Ontario	PRESENT		28eb1a3f-1c15-4a95-931a-4af90ecb574d	45.813973	-77.540798	424.0						2022-09-11T18:20:24	11	9	2022	2529415	2529415	HUMAN_OBSERVATION	iNaturalist	Observations	134755046		sammistritt	2022-09-12T17:46:21	CC_BY_NC_4_0	sammistritt	sammistritt			2025-01-14T12:31:44.400Z	StillImage	COORDINATE_ROUNDED;CONTINENT_DERIVED_FROM_COORDINATES;TAXON_MATCH_TAXON_ID_IGNORED
4416818188	50c9509d-22c7-4a22-a47d-8c48425ef4a7	https://www.inaturalist.org/observations/184211643	Fungi	Basidiomycota	Agaricomycetes	Agaricales	Cortinariaceae	Cortinarius	Cortinarius caperatus		SPECIES	Cortinarius caperatus (Pers.) Fr.	Cortinarius caperatus		CA		Québec	PRESENT		28eb1a3f-1c15-4a95-931a-4af90ecb574d	45.299294	-72.255014	753.0						2023-09-15T13:26	15	9	2023	2529415	2529415	HUMAN_OBSERVATION	iNaturalist	Observations	184211643		gabboilard	2023-09-21T03:13:48	CC_BY_NC_4_0	gabboilard	gabboilard			2025-01-14T12:40:14.242Z	StillImage	COORDINATE_ROUNDED;CONTINENT_DERIVED_FROM_COORDINATES;TAXON_MATCH_TAXON_ID_IGNORED
4414269726	50c9509d-22c7-4a22-a47d-8c48425ef4a7	https://www.inaturalist.org/observations/183168134	Fungi	Basidiomycota	Agaricomycetes	Agaricales	Cortinariaceae	Cortinarius	Cortinarius caperatus		SPECIES	Cortinarius caperatus (Pers.) Fr.	Cortinarius caperatus		CA		Québec	PRESENT		28eb1a3f-1c15-4a95-931a-4af90ecb574d	48.524301	-78.435089	1441.0						2023-09-03T14:47:15	3	9	2023	2529415	2529415	HUMAN_OBSERVATION	iNaturalist	Observations	183168134		Nali T.-Paradis	2023-09-14T02:52:30	CC_BY_NC_4_0	Nali T.-Paradis	Nali T.-Paradis			2025-01-14T12:42:38.247Z	StillImage	COORDINATE_ROUNDED;CONTINENT_DERIVED_FROM_COORDINATES;TAXON_MATCH_TAXON_ID_IGNORED
4414192638	50c9509d-22c7-4a22-a47d-8c48425ef4a7	https://www.inaturalist.org/observations/183776981	Fungi	Basidiomycota	Agaricomycetes	Agaricales	Cortinariaceae	Cortinarius	Cortinarius caperatus		SPECIES	Cortinarius caperatus (Pers.) Fr.	Cortinarius caperatus		CA		Québec	PRESENT		28eb1a3f-1c15-4a95-931a-4af90ecb574d	47.192574	-73.281311							2023-09-16T14:09	16	9	2023	2529415	2529415	HUMAN_OBSERVATION	iNaturalist	Observations	183776981		Paul Vézina	2023-09-18T01:15:00	CC_BY_NC_4_0	Paul Vézina	Paul Vézina			2025-01-14T13:27:37.566Z	StillImage	COORDINATE_ROUNDED;CONTINENT_DERIVED_FROM_COORDINATES;TAXON_MATCH_TAXON_ID_IGNORED
4413870645	50c9509d-22c7-4a22-a47d-8c48425ef4a7	https://www.inaturalist.org/observations/182079664	Fungi	Basidiomycota	Agaricomycetes	Agaricales	Cortinariaceae	Cortinarius	Cortinarius caperatus		SPECIES	Cortinarius caperatus (Pers.) Fr.	Cortinarius caperatus		CA		Québec	PRESENT		28eb1a3f-1c15-4a95-931a-4af90ecb574d	48.552537	-78.229168	72.0						2023-09-03T14:44	3	9	2023	2529415	2529415	HUMAN_OBSERVATION	iNaturalist	Observations	182079664		jonathan_mack	2023-09-06T18:04:11	CC_BY_NC_4_0	jonathan_mack	jonathan_mack			2025-01-14T13:27:13.018Z	StillImage	COORDINATE_ROUNDED;CONTINENT_DERIVED_FROM_COORDINATES;TAXON_MATCH_TAXON_ID_IGNORED
4413827475	50c9509d-22c7-4a22-a47d-8c48425ef4a7	https://www.inaturalist.org/observations/182044582	Fungi	Basidiomycota	Agaricomycetes	Agaricales	Cortinariaceae	Cortinarius	Cortinarius caperatus		SPECIES	Cortinarius caperatus (Pers.) Fr.	Cortinarius caperatus		CA		Québec	PRESENT		28eb1a3f-1c15-4a95-931a-4af90ecb574d	48.753353	-78.063658	5.0						2023-09-01T15:39:34	1	9	2023	2529415	2529415	HUMAN_OBSERVATION	iNaturalist	Observations	182044582		Lynn Ovenden	2023-09-06T13:20:52	CC_BY_NC_4_0	Lynn Ovenden	Lynn Ovenden			2025-01-14T12:41:16.698Z	StillImage	COORDINATE_ROUNDED;CONTINENT_DERIVED_FROM_COORDINATES;TAXON_MATCH_TAXON_ID_IGNORED
4413787926	50c9509d-22c7-4a22-a47d-8c48425ef4a7	https://www.inaturalist.org/observations/182216207	Fungi	Basidiomycota	Agaricomycetes	Agaricales	Cortinariaceae	Cortinarius	Cortinarius caperatus		SPECIES	Cortinarius caperatus (Pers.) Fr.	Cortinarius caperatus		CA		Québec	PRESENT		28eb1a3f-1c15-4a95-931a-4af90ecb574d	48.18068	-77.72287	5.0						2023-09-03T11:43:50	3	9	2023	2529415	2529415	HUMAN_OBSERVATION	iNaturalist	Observations	182216207		Lynn Ovenden	2023-09-07T18:07:15	CC_BY_NC_4_0	Lynn Ovenden	Lynn Ovenden			2025-01-14T12:44:38.546Z	StillImage	CONTINENT_DERIVED_FROM_COORDINATES;TAXON_MATCH_TAXON_ID_IGNORED
4413569739	50c9509d-22c7-4a22-a47d-8c48425ef4a7	https://www.inaturalist.org/observations/181745782	Fungi	Basidiomycota	Agaricomycetes	Agaricales	Cortinariaceae	Cortinarius	Cortinarius caperatus		SPECIES	Cortinarius caperatus (Pers.) Fr.	Cortinarius caperatus		CA		Québec	PRESENT		28eb1a3f-1c15-4a95-931a-4af90ecb574d	48.536648	-77.670611	26679.0						2023-09-04T10:58:03	4	9	2023	2529415	2529415	HUMAN_OBSERVATION	iNaturalist	Observations	181745782		timfoster	2023-09-04T14:59:51	CC_BY_NC_4_0	timfoster	timfoster			2025-01-14T12:43:49.019Z	StillImage	COORDINATE_ROUNDED;CONTINENT_DERIVED_FROM_COORDINATES;TAXON_MATCH_TAXON_ID_IGNORED
4413525076	50c9509d-22c7-4a22-a47d-8c48425ef4a7	https://www.inaturalist.org/observations/179613297	Fungi	Basidiomycota	Agaricomycetes	Agaricales	Cortinariaceae	Cortinarius	Cortinarius caperatus		SPECIES	Cortinarius caperatus (Pers.) Fr.	Cortinarius caperatus		CA		Québec	PRESENT		28eb1a3f-1c15-4a95-931a-4af90ecb574d	48.676484	-72.476096							2023-08-21T18:50	21	8	2023	2529415	2529415	HUMAN_OBSERVATION	iNaturalist	Observations	179613297		Paul Vézina	2023-08-22T01:01:23	CC_BY_NC_4_0	Paul Vézina	Paul Vézina			2025-01-14T13:32:01.970Z	StillImage	COORDINATE_ROUNDED;CONTINENT_DERIVED_FROM_COORDINATES;TAXON_MATCH_TAXON_ID_IGNORED
4413360229	50c9509d-22c7-4a22-a47d-8c48425ef4a7	https://www.inaturalist.org/observations/181548218	Fungi	Basidiomycota	Agaricomycetes	Agaricales	Cortinariaceae	Cortinarius	Cortinarius caperatus		SPECIES	Cortinarius caperatus (Pers.) Fr.	Cortinarius caperatus		CA		Québec	PRESENT		28eb1a3f-1c15-4a95-931a-4af90ecb574d	47.130785	-70.718044							2023-09-02T13:53	2	9	2023	2529415	2529415	HUMAN_OBSERVATION	iNaturalist	Observations	181548218		egrenier	2023-09-03T12:54:21	CC_BY_NC_4_0	egrenier	egrenier			2025-01-14T12:41:51.654Z	StillImage	CONTINENT_DERIVED_FROM_COORDINATES;TAXON_MATCH_TAXON_ID_IGNORED
4407168891	50c9509d-22c7-4a22-a47d-8c48425ef4a7	https://www.inaturalist.org/observations/180887468	Fungi	Basidiomycota	Agaricomycetes	Agaricales	Cortinariaceae	Cortinarius	Cortinarius caperatus		SPECIES	Cortinarius caperatus (Pers.) Fr.	Cortinarius caperatus		CA		Québec	PRESENT		28eb1a3f-1c15-4a95-931a-4af90ecb574d	45.872811	-76.4339	501.0						2023-08-26T12:13	26	8	2023	2529415	2529415	HUMAN_OBSERVATION	iNaturalist	Observations	180887468		L Joan Heyding	2023-08-30T08:48:57	CC_BY_NC_4_0	L Joan Heyding	L Joan Heyding			2025-01-14T12:41:07.902Z	StillImage	COORDINATE_ROUNDED;CONTINENT_DERIVED_FROM_COORDINATES;TAXON_MATCH_TAXON_ID_IGNORED
4177074879	50c9509d-22c7-4a22-a47d-8c48425ef4a7	https://www.inaturalist.org/observations/178272208	Fungi	Basidiomycota	Agaricomycetes	Agaricales	Cortinariaceae	Cortinarius	Cortinarius caperatus		SPECIES	Cortinarius caperatus (Pers.) Fr.	Cortinarius caperatus		CA		Québec	PRESENT		28eb1a3f-1c15-4a95-931a-4af90ecb574d	47.811025	-70.749458	15.0						2022-08-13T18:45:27	13	8	2022	2529415	2529415	HUMAN_OBSERVATION	iNaturalist	Observations	178272208		Christian Langlois	2023-08-13T22:45:07	CC_BY_4_0	Christian Langlois	Christian Langlois			2025-01-14T13:32:35.412Z	StillImage	COORDINATE_ROUNDED;CONTINENT_DERIVED_FROM_COORDINATES;TAXON_MATCH_TAXON_ID_IGNORED
4166391011	695cef75-b65f-4776-b2ed-74565eebb16e	02-01000944748	Fungi	Basidiomycota	Agaricomycetes	Agaricales	Cortinariaceae	Cortinarius	Cortinarius caperatus		SPECIES	Rozites caperatus (Pers.) P.Karst.	Rozites caperatus	(Pers.) P. Karst.	CA	Algonquin Prov. Park, opposite Pog Lake Cmpgds., Old Beaver Pond Trail	Ontario	PRESENT		055bd978-2daa-4543-b3f0-44e0e87e86ca	45.579167	-78.445833							1977-08-30	30	8	1977	2529420	2529415	PRESERVED_SPECIMEN	AAFC	DAOM	182374		S.A. Redhead		CC_BY_4_0	©His Majesty the King in Right of Canada, as represented by the Minister of Agriculture and Agri-Food	G. Thorn			2025-01-12T05:11:16.073Z		GEODETIC_DATUM_ASSUMED_WGS84;CONTINENT_DERIVED_FROM_COORDINATES;TAXON_MATCH_TAXON_ID_IGNORED;INSTITUTION_MATCH_FUZZY
4166277264	695cef75-b65f-4776-b2ed-74565eebb16e	02-01000944746	Fungi	Basidiomycota	Agaricomycetes	Agaricales	Cortinariaceae	Cortinarius	Cortinarius caperatus		SPECIES	Rozites caperatus (Pers.) P.Karst.	Rozites caperatus	(Pers.) P. Karst.	CA	Hardwood Hill Trail	Ontario	PRESENT		055bd978-2daa-4543-b3f0-44e0e87e86ca	45.541667	-78.675							1974-08-24	24	8	1974	2529420	2529415	PRESERVED_SPECIMEN	AAFC	DAOM	186716		D. Malloch		CC_BY_4_0	©His Majesty the King in Right of Canada, as represented by the Minister of Agriculture and Agri-Food	P. Johnson			2025-01-12T05:11:16.129Z		GEODETIC_DATUM_ASSUMED_WGS84;CONTINENT_DERIVED_FROM_COORDINATES;TAXON_MATCH_TAXON_ID_IGNORED;INSTITUTION_MATCH_FUZZY
4166276263	695cef75-b65f-4776-b2ed-74565eebb16e	02-01000944762	Fungi	Basidiomycota	Agaricomycetes	Agaricales	Cortinariaceae	Cortinarius	Cortinarius caperatus		SPECIES	Rozites caperatus (Pers.) P.Karst.	Rozites caperatus	(Pers.) P. Karst.	CA	Parc Laurentide, Rte. Principal, Grands-Jardins	Quebec	PRESENT		055bd978-2daa-4543-b3f0-44e0e87e86ca	47.633333	-70.866667							1981-08-15	15	8	1981	2529420	2529415	PRESERVED_SPECIMEN	AAFC	DAOM	180822		S.A. Redhead		CC_BY_4_0	©His Majesty the King in Right of Canada, as represented by the Minister of Agriculture and Agri-Food	M.E. Elliott Foray Group			2025-01-12T05:11:16.390Z		GEODETIC_DATUM_ASSUMED_WGS84;CONTINENT_DERIVED_FROM_COORDINATES;TAXON_MATCH_TAXON_ID_IGNORED;INSTITUTION_MATCH_FUZZY
4162098064	50c9509d-22c7-4a22-a47d-8c48425ef4a7	https://www.inaturalist.org/observations/172547806	Fungi	Basidiomycota	Agaricomycetes	Agaricales	Cortinariaceae	Cortinarius	Cortinarius caperatus		SPECIES	Cortinarius caperatus (Pers.) Fr.	Cortinarius caperatus		CA		Ontario	PRESENT		28eb1a3f-1c15-4a95-931a-4af90ecb574d	45.419254	-78.291485	27158.0						2023-07-12T14:31:39	12	7	2023	2529415	2529415	HUMAN_OBSERVATION	iNaturalist	Observations	172547806		quercus_alba	2023-07-12T18:33:30	CC_BY_NC_4_0	quercus_alba	quercus_alba			2025-01-14T13:31:32.137Z	StillImage	COORDINATE_ROUNDED;CONTINENT_DERIVED_FROM_COORDINATES;TAXON_MATCH_TAXON_ID_IGNORED
4099925122	d1a3b128-b406-46bb-a6d1-f3591dcc8a7b	a3de4130-719f-4a9e-8eb8-1e242b20e9cd	Fungi	Basidiomycota	Agaricomycetes	Agaricales	Cortinariaceae	Cortinarius	Cortinarius caperatus		SPECIES	Rozites caperatus (Pers.) P.Karst.	Rozites caperatus	(Pers.) P. Karst.	CA	Norway Bay	Quebec	PRESENT		e43cf4b8-849e-4fac-b075-e652d019d2cf	45.516667	-76.416667	3036.0						1938-10-04	4	10	1938	2529420	2529415	PRESERVED_SPECIMEN	BPI		BPI 772631		Groves, J. W.		CC0_1_0		Groves, J. W.; Groves, E.			2025-01-15T04:59:42.325Z		GEODETIC_DATUM_ASSUMED_WGS84;CONTINENT_DERIVED_FROM_COORDINATES;TAXON_MATCH_TAXON_ID_IGNORED;INSTITUTION_MATCH_FUZZY
4054921504	50c9509d-22c7-4a22-a47d-8c48425ef4a7	https://www.inaturalist.org/observations/143268891	Fungi	Basidiomycota	Agaricomycetes	Agaricales	Cortinariaceae	Cortinarius	Cortinarius caperatus		SPECIES	Cortinarius caperatus (Pers.) Fr.	Cortinarius caperatus		CA		Québec	PRESENT		28eb1a3f-1c15-4a95-931a-4af90ecb574d	46.924912	-71.240434	31.0						2022-09-11	11	9	2022	2529415	2529415	HUMAN_OBSERVATION	iNaturalist	Observations	143268891		Christian Grenier	2022-11-29T14:56:17	CC_BY_NC_4_0	Christian Grenier	Christian Grenier			2025-01-14T13:25:32.786Z	StillImage	COORDINATE_ROUNDED;CONTINENT_DERIVED_FROM_COORDINATES;TAXON_MATCH_TAXON_ID_IGNORED
4028880210	50c9509d-22c7-4a22-a47d-8c48425ef4a7	https://www.inaturalist.org/observations/143349745	Fungi	Basidiomycota	Agaricomycetes	Agaricales	Cortinariaceae	Cortinarius	Cortinarius caperatus		SPECIES	Cortinarius caperatus (Pers.) Fr.	Cortinarius caperatus		CA		New Brunswick	PRESENT		28eb1a3f-1c15-4a95-931a-4af90ecb574d	46.774	-66.585							2022-08-09	9	8	2022	2529415	2529415	HUMAN_OBSERVATION	iNaturalist	Observations	143349745		David Malloch	2022-11-30T13:39:24	CC_BY_NC_4_0	David Malloch	David Malloch			2025-01-14T12:32:58.316Z	StillImage	CONTINENT_DERIVED_FROM_COORDINATES;TAXON_MATCH_TAXON_ID_IGNORED
4028820028	50c9509d-22c7-4a22-a47d-8c48425ef4a7	https://www.inaturalist.org/observations/141389201	Fungi	Basidiomycota	Agaricomycetes	Agaricales	Cortinariaceae	Cortinarius	Cortinarius caperatus		SPECIES	Cortinarius caperatus (Pers.) Fr.	Cortinarius caperatus		CA		New Brunswick	PRESENT		28eb1a3f-1c15-4a95-931a-4af90ecb574d	46.79172	-66.47475							2022-08-12	12	8	2022	2529415	2529415	HUMAN_OBSERVATION	iNaturalist	Observations	141389201		Alex Hood	2022-11-07T18:25:17	CC_BY_NC_4_0	Alex Hood	Alex Hood			2025-01-14T13:26:10.875Z	StillImage	CONTINENT_DERIVED_FROM_COORDINATES;TAXON_MATCH_TAXON_ID_IGNORED
4028781133	50c9509d-22c7-4a22-a47d-8c48425ef4a7	https://www.inaturalist.org/observations/141389203	Fungi	Basidiomycota	Agaricomycetes	Agaricales	Cortinariaceae	Cortinarius	Cortinarius caperatus		SPECIES	Cortinarius caperatus (Pers.) Fr.	Cortinarius caperatus		CA		New Brunswick	PRESENT		28eb1a3f-1c15-4a95-931a-4af90ecb574d	46.80284	-66.2977							2022-08-20	20	8	2022	2529415	2529415	HUMAN_OBSERVATION	iNaturalist	Observations	141389203		Alex Hood	2022-11-07T18:25:18	CC_BY_NC_4_0	Alex Hood	Alex Hood			2025-01-14T13:22:03.802Z	StillImage	CONTINENT_DERIVED_FROM_COORDINATES;TAXON_MATCH_TAXON_ID_IGNORED
4023669354	fb9d7c38-5759-4c30-9e09-5b6bd43f78a6	http://id.luomus.fi/MY.4072643	Fungi	Basidiomycota	Agaricomycetes	Agaricales	Cortinariaceae	Cortinarius	Cortinarius caperatus		SPECIES	Cortinarius caperatus (Pers.) Fr.	Cortinarius caperatus (Pers.:Fr.) Fr.		CA		Quebec	PRESENT		04fd2e13-6881-4e5c-9dd1-8fdd9ab993c1	47.18	-70.21							1963-09-16T00:00Z	16	9	1963	2529415	2529415	PRESERVED_SPECIMEN	H		http://id.luomus.fi/HA.H7041361				CC_BY_4_0		Groves, J. W.			2025-01-17T02:41:19.132Z		CONTINENT_DERIVED_FROM_COORDINATES;TAXON_MATCH_TAXON_ID_IGNORED;COLLECTION_MATCH_NONE;INSTITUTION_MATCH_FUZZY
4011607806	50c9509d-22c7-4a22-a47d-8c48425ef4a7	https://www.inaturalist.org/observations/145306091	Fungi	Basidiomycota	Agaricomycetes	Agaricales	Cortinariaceae	Cortinarius	Cortinarius caperatus		SPECIES	Cortinarius caperatus (Pers.) Fr.	Cortinarius caperatus		CA		Québec	PRESENT		28eb1a3f-1c15-4a95-931a-4af90ecb574d	45.852705	-76.596497	27095.0						2022-09-05T10:12	5	9	2022	2529415	2529415	HUMAN_OBSERVATION	iNaturalist	Observations	145306091		L Joan Heyding	2022-12-29T02:03:15	CC_BY_NC_4_0	L Joan Heyding	L Joan Heyding			2025-01-14T13:26:21.112Z	StillImage	COORDINATE_ROUNDED;CONTINENT_DERIVED_FROM_COORDINATES;TAXON_MATCH_TAXON_ID_IGNORED
4011590012	50c9509d-22c7-4a22-a47d-8c48425ef4a7	https://www.inaturalist.org/observations/145468807	Fungi	Basidiomycota	Agaricomycetes	Agaricales	Cortinariaceae	Cortinarius	Cortinarius caperatus		SPECIES	Cortinarius caperatus (Pers.) Fr.	Cortinarius caperatus		CA		Québec	PRESENT		28eb1a3f-1c15-4a95-931a-4af90ecb574d	45.829523	-76.429647	27095.0						2022-09-07T16:09	7	9	2022	2529415	2529415	HUMAN_OBSERVATION	iNaturalist	Observations	145468807		Nicolas Schwab	2022-12-31T01:24:39	CC_BY_NC_4_0	L Joan Heyding	L Joan Heyding			2025-01-14T12:33:32.028Z	StillImage	COORDINATE_ROUNDED;CONTINENT_DERIVED_FROM_COORDINATES;TAXON_MATCH_TAXON_ID_IGNORED
4006741588	50c9509d-22c7-4a22-a47d-8c48425ef4a7	https://www.inaturalist.org/observations/141389200	Fungi	Basidiomycota	Agaricomycetes	Agaricales	Cortinariaceae	Cortinarius	Cortinarius caperatus		SPECIES	Cortinarius caperatus (Pers.) Fr.	Cortinarius caperatus		CA		New Brunswick	PRESENT		28eb1a3f-1c15-4a95-931a-4af90ecb574d	46.79248	-66.47733							2022-08-12	12	8	2022	2529415	2529415	HUMAN_OBSERVATION	iNaturalist	Observations	141389200		Alex Hood	2022-11-07T18:25:17	CC_BY_NC_4_0	Alex Hood	Alex Hood			2025-01-14T13:26:07.696Z	StillImage	CONTINENT_DERIVED_FROM_COORDINATES;TAXON_MATCH_TAXON_ID_IGNORED
4006665606	50c9509d-22c7-4a22-a47d-8c48425ef4a7	https://www.inaturalist.org/observations/143349746	Fungi	Basidiomycota	Agaricomycetes	Agaricales	Cortinariaceae	Cortinarius	Cortinarius caperatus		SPECIES	Cortinarius caperatus (Pers.) Fr.	Cortinarius caperatus		CA		New Brunswick	PRESENT		28eb1a3f-1c15-4a95-931a-4af90ecb574d	46.799	-66.472							2022-08-16	16	8	2022	2529415	2529415	HUMAN_OBSERVATION	iNaturalist	Observations	143349746		David Malloch	2022-11-30T13:39:24	CC_BY_NC_4_0	David Malloch	David Malloch			2025-01-14T12:32:52.842Z	StillImage	CONTINENT_DERIVED_FROM_COORDINATES;TAXON_MATCH_TAXON_ID_IGNORED
4006522622	50c9509d-22c7-4a22-a47d-8c48425ef4a7	https://www.inaturalist.org/observations/141389204	Fungi	Basidiomycota	Agaricomycetes	Agaricales	Cortinariaceae	Cortinarius	Cortinarius caperatus		SPECIES	Cortinarius caperatus (Pers.) Fr.	Cortinarius caperatus		CA		New Brunswick	PRESENT		28eb1a3f-1c15-4a95-931a-4af90ecb574d	45.5414	-65.02966							2022-08-30	30	8	2022	2529415	2529415	HUMAN_OBSERVATION	iNaturalist	Observations	141389204		Alex Hood	2022-11-07T18:25:18	CC_BY_NC_4_0	Alex Hood	Alex Hood			2025-01-14T13:18:57.322Z	StillImage	CONTINENT_DERIVED_FROM_COORDINATES;TAXON_MATCH_TAXON_ID_IGNORED
4006519605	50c9509d-22c7-4a22-a47d-8c48425ef4a7	https://www.inaturalist.org/observations/141389199	Fungi	Basidiomycota	Agaricomycetes	Agaricales	Cortinariaceae	Cortinarius	Cortinarius caperatus		SPECIES	Cortinarius caperatus (Pers.) Fr.	Cortinarius caperatus		CA		New Brunswick	PRESENT		28eb1a3f-1c15-4a95-931a-4af90ecb574d	45.22194	-66.37951							2022-07-14	14	7	2022	2529415	2529415	HUMAN_OBSERVATION	iNaturalist	Observations	141389199		Alex Hood	2022-11-07T18:25:17	CC_BY_NC_4_0	Alex Hood	Alex Hood			2025-01-14T12:32:38.129Z	StillImage	CONTINENT_DERIVED_FROM_COORDINATES;TAXON_MATCH_TAXON_ID_IGNORED
3963526103	50c9509d-22c7-4a22-a47d-8c48425ef4a7	https://www.inaturalist.org/observations/141213415	Fungi	Basidiomycota	Agaricomycetes	Agaricales	Cortinariaceae	Cortinarius	Cortinarius caperatus		SPECIES	Cortinarius caperatus (Pers.) Fr.	Cortinarius caperatus		CA		New Brunswick	PRESENT		28eb1a3f-1c15-4a95-931a-4af90ecb574d	45.211108	-66.368378	200.0						2021-07-07T11:00	7	7	2021	2529415	2529415	HUMAN_OBSERVATION	iNaturalist	Observations	141213415		Alfredo Justo	2022-11-06T00:15:35	CC_BY_NC_4_0	Alfredo Justo	Alfredo Justo			2025-01-14T12:34:32.402Z	StillImage	COORDINATE_ROUNDED;CONTINENT_DERIVED_FROM_COORDINATES;TAXON_MATCH_TAXON_ID_IGNORED
3947310852	50c9509d-22c7-4a22-a47d-8c48425ef4a7	https://www.inaturalist.org/observations/136228433	Fungi	Basidiomycota	Agaricomycetes	Agaricales	Cortinariaceae	Cortinarius	Cortinarius caperatus		SPECIES	Cortinarius caperatus (Pers.) Fr.	Cortinarius caperatus		CA		Ontario	PRESENT		28eb1a3f-1c15-4a95-931a-4af90ecb574d	45.456117	-75.548002							2022-09-23T15:09	23	9	2022	2529415	2529415	HUMAN_OBSERVATION	iNaturalist	Observations	136228433		jonathan_mack	2022-09-24T01:51:55	CC_BY_NC_4_0	jonathan_mack	jonathan_mack			2025-01-14T13:30:44.844Z	StillImage	COORDINATE_ROUNDED;CONTINENT_DERIVED_FROM_COORDINATES;TAXON_MATCH_TAXON_ID_IGNORED
3902712056	50c9509d-22c7-4a22-a47d-8c48425ef4a7	https://www.inaturalist.org/observations/133073333	Fungi	Basidiomycota	Agaricomycetes	Agaricales	Cortinariaceae	Cortinarius	Cortinarius caperatus		SPECIES	Cortinarius caperatus (Pers.) Fr.	Cortinarius caperatus		CA		Ontario	PRESENT		28eb1a3f-1c15-4a95-931a-4af90ecb574d	45.254381	-79.054208	488.0						2022-08-30T14:19	30	8	2022	2529415	2529415	HUMAN_OBSERVATION	iNaturalist	Observations	133073333		mfmclean1261	2022-08-31T13:26:14	CC_BY_NC_4_0	mfmclean1261	mfmclean1261			2025-01-14T13:25:07.321Z	StillImage	COORDINATE_ROUNDED;CONTINENT_DERIVED_FROM_COORDINATES;TAXON_MATCH_TAXON_ID_IGNORED
3902067071	50c9509d-22c7-4a22-a47d-8c48425ef4a7	https://www.inaturalist.org/observations/112767397	Fungi	Basidiomycota	Agaricomycetes	Agaricales	Cortinariaceae	Cortinarius	Cortinarius caperatus		SPECIES	Cortinarius caperatus (Pers.) Fr.	Cortinarius caperatus		CA		Québec	PRESENT		28eb1a3f-1c15-4a95-931a-4af90ecb574d	45.832957	-74.443487	13547.0						2019-09-15T13:25:18	15	9	2019	2529415	2529415	HUMAN_OBSERVATION	iNaturalist	Observations	112767397		pmatute	2022-04-25T00:58:15	CC_BY_NC_4_0	pmatute	pmatute			2025-01-14T13:13:34.456Z	StillImage	COORDINATE_ROUNDED;CONTINENT_DERIVED_FROM_COORDINATES;TAXON_MATCH_TAXON_ID_IGNORED
3759853756	50c9509d-22c7-4a22-a47d-8c48425ef4a7	https://www.inaturalist.org/observations/97263332	Fungi	Basidiomycota	Agaricomycetes	Agaricales	Cortinariaceae	Cortinarius	Cortinarius caperatus		SPECIES	Cortinarius caperatus (Pers.) Fr.	Cortinarius caperatus		CA		New Brunswick	PRESENT		28eb1a3f-1c15-4a95-931a-4af90ecb574d	45.939309	-64.410676	63.0						2021-10-04T15:07	4	10	2021	2529415	2529415	HUMAN_OBSERVATION	iNaturalist	Observations	97263332		Ben	2021-10-05T17:46:21	CC_BY_NC_4_0	Ben	Ben			2025-01-14T12:21:40.638Z	StillImage	COORDINATE_ROUNDED;CONTINENT_DERIVED_FROM_COORDINATES;TAXON_MATCH_TAXON_ID_IGNORED
3456936932	50c9509d-22c7-4a22-a47d-8c48425ef4a7	https://www.inaturalist.org/observations/101977538	Fungi	Basidiomycota	Agaricomycetes	Agaricales	Cortinariaceae	Cortinarius	Cortinarius caperatus		SPECIES	Cortinarius caperatus (Pers.) Fr.	Cortinarius caperatus		CA		New Brunswick	PRESENT		28eb1a3f-1c15-4a95-931a-4af90ecb574d	46.338351	-64.658862	122.0						2021-09-23T17:38	23	9	2021	2529415	2529415	HUMAN_OBSERVATION	iNaturalist	Observations	101977538		Stuart Tingley	2021-11-27T01:07:45	CC_BY_NC_4_0	Stuart Tingley	Stuart Tingley			2025-01-14T13:11:15.668Z	StillImage	COORDINATE_ROUNDED;CONTINENT_DERIVED_FROM_COORDINATES;TAXON_MATCH_TAXON_ID_IGNORED
3398695789	50c9509d-22c7-4a22-a47d-8c48425ef4a7	https://www.inaturalist.org/observations/91287217	Fungi	Basidiomycota	Agaricomycetes	Agaricales	Cortinariaceae	Cortinarius	Cortinarius caperatus		SPECIES	Cortinarius caperatus (Pers.) Fr.	Cortinarius caperatus		CA		Nova Scotia	PRESENT		28eb1a3f-1c15-4a95-931a-4af90ecb574d	45.401098	-64.284568	84.0						2021-08-14T18:08	14	8	2021	2529415	2529415	HUMAN_OBSERVATION	iNaturalist	Observations	91287217		Ben	2021-08-15T17:18:36	CC_BY_NC_4_0	Ben	Ben			2025-01-14T13:11:33.142Z	StillImage	COORDINATE_ROUNDED;CONTINENT_DERIVED_FROM_COORDINATES;TAXON_MATCH_TAXON_ID_IGNORED
3385156462	50c9509d-22c7-4a22-a47d-8c48425ef4a7	https://www.inaturalist.org/observations/97376199	Fungi	Basidiomycota	Agaricomycetes	Agaricales	Cortinariaceae	Cortinarius	Cortinarius caperatus		SPECIES	Cortinarius caperatus (Pers.) Fr.	Cortinarius caperatus		CA		Québec	PRESENT		28eb1a3f-1c15-4a95-931a-4af90ecb574d	45.51207	-73.581908	5.0						2021-10-06T15:09:52	6	10	2021	2529415	2529415	HUMAN_OBSERVATION	iNaturalist	Observations	97376199		alyssabarbuto	2021-10-06T19:33:06	CC_BY_NC_4_0	alyssabarbuto	alyssabarbuto			2025-01-14T12:21:37.092Z	StillImage	COORDINATE_ROUNDED;CONTINENT_DERIVED_FROM_COORDINATES;TAXON_MATCH_TAXON_ID_IGNORED
3384996509	50c9509d-22c7-4a22-a47d-8c48425ef4a7	https://www.inaturalist.org/observations/97397259	Fungi	Basidiomycota	Agaricomycetes	Agaricales	Cortinariaceae	Cortinarius	Cortinarius caperatus		SPECIES	Cortinarius caperatus (Pers.) Fr.	Cortinarius caperatus		CA		Ontario	PRESENT		28eb1a3f-1c15-4a95-931a-4af90ecb574d	45.395259	-75.512597	183.0						2021-10-06T12:00	6	10	2021	2529415	2529415	HUMAN_OBSERVATION	iNaturalist	Observations	97397259		L Joan Heyding	2021-10-06T23:07:17	CC_BY_NC_4_0	L Joan Heyding	L Joan Heyding			2025-01-14T12:24:09.325Z	StillImage	COORDINATE_ROUNDED;CONTINENT_DERIVED_FROM_COORDINATES;TAXON_MATCH_TAXON_ID_IGNORED
3384398622	50c9509d-22c7-4a22-a47d-8c48425ef4a7	https://www.inaturalist.org/observations/96514279	Fungi	Basidiomycota	Agaricomycetes	Agaricales	Cortinariaceae	Cortinarius	Cortinarius caperatus		SPECIES	Cortinarius caperatus (Pers.) Fr.	Cortinarius caperatus		CA		Ontario	PRESENT		28eb1a3f-1c15-4a95-931a-4af90ecb574d	45.378943	-75.236365							2021-09-28T13:07	28	9	2021	2529415	2529415	HUMAN_OBSERVATION	iNaturalist	Observations	96514279		jonathan_mack	2021-09-28T22:06:20	CC_BY_NC_4_0	Igor Khomenko	Igor Khomenko			2025-01-14T13:14:09.265Z	StillImage	COORDINATE_ROUNDED;CONTINENT_DERIVED_FROM_COORDINATES;TAXON_MATCH_TAXON_ID_IGNORED
3349361615	d8cd16ba-bb74-4420-821e-083f2bac17c2	MN751061	Fungi	Basidiomycota	Agaricomycetes	Agaricales	Cortinariaceae	Cortinarius	Cortinarius caperatus		SPECIES	Cortinarius caperatus (Pers.) Fr.	Cortinarius caperatus		CA	Quebec, Abitibi-Temiscamingue, Sainte-Gertrude-de-Manneville		PRESENT		ada9d123-ddb4-467d-8891-806ea8d94230	48.52	-78.46							2013-08-31	31	8	2013	2529415	2529415	PRESERVED_SPECIMEN			MQ19-PAT-CMMF020674		Jacques Landry		CC_BY_4_0		Patrick Poitras			2025-01-18T13:04:47.358Z		GEODETIC_DATUM_ASSUMED_WGS84;CONTINENT_DERIVED_FROM_COORDINATES;TAXON_MATCH_TAXON_CONCEPT_ID_IGNORED;TAXON_MATCH_TAXON_ID_IGNORED
3349349262	d8cd16ba-bb74-4420-821e-083f2bac17c2	MN992332	Fungi	Basidiomycota	Agaricomycetes	Agaricales	Cortinariaceae	Cortinarius	Cortinarius caperatus		SPECIES	Cortinarius caperatus (Pers.) Fr.	Cortinarius caperatus		CA	Quebec, Anticosti		PRESENT		ada9d123-ddb4-467d-8891-806ea8d94230	49.9	-64.4							2015-09-09	9	9	2015	2529415	2529415	PRESERVED_SPECIMEN			ANT201-QFB28664		Jacques Landry		CC_BY_4_0					2025-01-18T13:04:48.491Z		GEODETIC_DATUM_ASSUMED_WGS84;CONTINENT_DERIVED_FROM_COORDINATES;TAXON_MATCH_TAXON_CONCEPT_ID_IGNORED;TAXON_MATCH_TAXON_ID_IGNORED
3349232771	d8cd16ba-bb74-4420-821e-083f2bac17c2	MN751060	Fungi	Basidiomycota	Agaricomycetes	Agaricales	Cortinariaceae	Cortinarius	Cortinarius caperatus		SPECIES	Cortinarius caperatus (Pers.) Fr.	Cortinarius caperatus		CA	Quebec, Chibougamau		PRESENT		ada9d123-ddb4-467d-8891-806ea8d94230	49.76	-74.36							2017-09-05	5	9	2017	2529415	2529415	PRESERVED_SPECIMEN			MQ17032-QFB29540		Jacques Landry		CC_BY_4_0		Mycoquebec			2025-01-18T13:05:59.925Z		GEODETIC_DATUM_ASSUMED_WGS84;CONTINENT_DERIVED_FROM_COORDINATES;TAXON_MATCH_TAXON_CONCEPT_ID_IGNORED;TAXON_MATCH_TAXON_ID_IGNORED
3343827260	50c9509d-22c7-4a22-a47d-8c48425ef4a7	https://www.inaturalist.org/observations/92381401	Fungi	Basidiomycota	Agaricomycetes	Agaricales	Cortinariaceae	Cortinarius	Cortinarius caperatus		SPECIES	Cortinarius caperatus (Pers.) Fr.	Cortinarius caperatus		CA		Nova Scotia	PRESENT		28eb1a3f-1c15-4a95-931a-4af90ecb574d	45.735042	-64.164811	67.0						2021-08-24T11:57	24	8	2021	2529415	2529415	HUMAN_OBSERVATION	iNaturalist	Observations	92381401		Ben	2021-08-24T17:44:08	CC_BY_NC_4_0	Ben	Ben			2025-01-14T13:14:30.810Z	StillImage	COORDINATE_ROUNDED;CONTINENT_DERIVED_FROM_COORDINATES;TAXON_MATCH_TAXON_ID_IGNORED
3058920625	50c9509d-22c7-4a22-a47d-8c48425ef4a7	https://www.inaturalist.org/observations/70769922	Fungi	Basidiomycota	Agaricomycetes	Agaricales	Cortinariaceae	Cortinarius	Cortinarius caperatus		SPECIES	Cortinarius caperatus (Pers.) Fr.	Cortinarius caperatus		CA		Ontario	PRESENT		28eb1a3f-1c15-4a95-931a-4af90ecb574d	45.833332	-78.483494	61355.0						2016-09-15T15:53	15	9	2016	2529415	2529415	HUMAN_OBSERVATION	iNaturalist	Observations	70769922		Garrett Taylor	2021-03-07T21:42:50	CC0_1_0	Garrett Taylor	Garrett Taylor			2025-01-14T12:16:44.947Z	StillImage	COORDINATE_ROUNDED;CONTINENT_DERIVED_FROM_COORDINATES;TAXON_MATCH_TAXON_ID_IGNORED
2988314343	50c9509d-22c7-4a22-a47d-8c48425ef4a7	https://www.inaturalist.org/observations/25337702	Fungi	Basidiomycota	Agaricomycetes	Agaricales	Cortinariaceae	Cortinarius	Cortinarius caperatus		SPECIES	Cortinarius caperatus (Pers.) Fr.	Cortinarius caperatus		CA		Québec	PRESENT		28eb1a3f-1c15-4a95-931a-4af90ecb574d	46.3792	-71.8294	1120.0						2013-09-01T15:39	1	9	2013	2529415	2529415	HUMAN_OBSERVATION	iNaturalist	Observations	25337702		cinna_latifolia	2020-02-14T03:16:43	CC_BY_NC_4_0	Isabelle Pothier	Isabelle Pothier			2025-01-14T12:07:09.219Z	StillImage	CONTINENT_DERIVED_FROM_COORDINATES;TAXON_MATCH_TAXON_ID_IGNORED
2963955445	50c9509d-22c7-4a22-a47d-8c48425ef4a7	https://www.inaturalist.org/observations/59078536	Fungi	Basidiomycota	Agaricomycetes	Agaricales	Cortinariaceae	Cortinarius	Cortinarius caperatus		SPECIES	Cortinarius caperatus (Pers.) Fr.	Cortinarius caperatus		CA		Québec	PRESENT		28eb1a3f-1c15-4a95-931a-4af90ecb574d	46.371791	-73.044449	16.0						2020-09-09T17:05:49	9	9	2020	2529415	2529415	HUMAN_OBSERVATION	iNaturalist	Observations	59078536		tommyheroux	2020-09-30T17:56:56	CC_BY_NC_4_0	tommyheroux	tommyheroux			2025-01-14T13:05:38.714Z	StillImage	COORDINATE_ROUNDED;CONTINENT_DERIVED_FROM_COORDINATES;TAXON_MATCH_TAXON_ID_IGNORED
2963876425	50c9509d-22c7-4a22-a47d-8c48425ef4a7	https://www.inaturalist.org/observations/57353468	Fungi	Basidiomycota	Agaricomycetes	Agaricales	Cortinariaceae	Cortinarius	Cortinarius caperatus		SPECIES	Cortinarius caperatus (Pers.) Fr.	Cortinarius caperatus		CA		Ontario	PRESENT		28eb1a3f-1c15-4a95-931a-4af90ecb574d	45.575487	-78.507508	35.0						2020-08-23T11:33:38	23	8	2020	2529415	2529415	HUMAN_OBSERVATION	iNaturalist	Observations	57353468		Jeffrey H. Skevington	2020-08-23T17:25:45	CC_BY_NC_4_0	Jeffrey H. Skevington	Jeffrey H. Skevington			2025-01-14T12:14:30.203Z	StillImage	COORDINATE_ROUNDED;CONTINENT_DERIVED_FROM_COORDINATES;TAXON_MATCH_TAXON_ID_IGNORED
2963831428	50c9509d-22c7-4a22-a47d-8c48425ef4a7	https://www.inaturalist.org/observations/56897812	Fungi	Basidiomycota	Agaricomycetes	Agaricales	Cortinariaceae	Cortinarius	Cortinarius caperatus		SPECIES	Cortinarius caperatus (Pers.) Fr.	Cortinarius caperatus		CA		Québec	PRESENT		28eb1a3f-1c15-4a95-931a-4af90ecb574d	49.31905	-73.6242	3719.0						2020-08-14T16:21:17	14	8	2020	2529415	2529415	HUMAN_OBSERVATION	iNaturalist	Observations	56897812		myriame-larouche	2020-08-19T01:26:58	CC_BY_NC_4_0	myriame-larouche	myriame-larouche			2025-01-14T13:09:54.011Z	StillImage	COORDINATE_ROUNDED;CONTINENT_DERIVED_FROM_COORDINATES;TAXON_MATCH_TAXON_ID_IGNORED
2963787433	50c9509d-22c7-4a22-a47d-8c48425ef4a7	https://www.inaturalist.org/observations/58502139	Fungi	Basidiomycota	Agaricomycetes	Agaricales	Cortinariaceae	Cortinarius	Cortinarius caperatus		SPECIES	Cortinarius caperatus (Pers.) Fr.	Cortinarius caperatus		CA		Québec	PRESENT		28eb1a3f-1c15-4a95-931a-4af90ecb574d	46.258738	-73.27997	4.0						2020-09-04T09:11:36	4	9	2020	2529415	2529415	HUMAN_OBSERVATION	iNaturalist	Observations	58502139		pierrequevillon	2020-09-04T13:43:27	CC_BY_NC_4_0	pierrequevillon	pierrequevillon			2025-01-14T13:05:29.693Z	StillImage	COORDINATE_ROUNDED;CONTINENT_DERIVED_FROM_COORDINATES;TAXON_MATCH_TAXON_ID_IGNORED
2963772460	50c9509d-22c7-4a22-a47d-8c48425ef4a7	https://www.inaturalist.org/observations/59258541	Fungi	Basidiomycota	Agaricomycetes	Agaricales	Cortinariaceae	Cortinarius	Cortinarius caperatus		SPECIES	Cortinarius caperatus (Pers.) Fr.	Cortinarius caperatus		CA		Québec	PRESENT		28eb1a3f-1c15-4a95-931a-4af90ecb574d	45.784888	-73.626943	1849.0						2020-09-11T21:32:28Z	11	9	2020	2529415	2529415	HUMAN_OBSERVATION	iNaturalist	Observations	59258541		myri04	2020-09-11T21:33:04	CC_BY_NC_4_0	myri04	myri04			2025-01-14T12:14:54.612Z	StillImage	COORDINATE_ROUNDED;CONTINENT_DERIVED_FROM_COORDINATES;TAXON_MATCH_TAXON_ID_IGNORED
2963751477	50c9509d-22c7-4a22-a47d-8c48425ef4a7	https://www.inaturalist.org/observations/61046819	Fungi	Basidiomycota	Agaricomycetes	Agaricales	Cortinariaceae	Cortinarius	Cortinarius caperatus		SPECIES	Cortinarius caperatus (Pers.) Fr.	Cortinarius caperatus		CA		Ontario	PRESENT		28eb1a3f-1c15-4a95-931a-4af90ecb574d	45.512092	-75.334587	1641.0						2020-09-26T12:34:15	26	9	2020	2529415	2529415	HUMAN_OBSERVATION	iNaturalist	Observations	61046819		Lynn Ovenden	2020-09-28T00:26:30	CC_BY_NC_4_0	Lynn Ovenden	Lynn Ovenden			2025-01-14T12:15:03.741Z	StillImage	COORDINATE_ROUNDED;CONTINENT_DERIVED_FROM_COORDINATES;TAXON_MATCH_TAXON_ID_IGNORED
2868379102	50c9509d-22c7-4a22-a47d-8c48425ef4a7	https://www.inaturalist.org/observations/60650356	Fungi	Basidiomycota	Agaricomycetes	Agaricales	Cortinariaceae	Cortinarius	Cortinarius caperatus		SPECIES	Cortinarius caperatus (Pers.) Fr.	Cortinarius caperatus		CA		New Brunswick	PRESENT		28eb1a3f-1c15-4a95-931a-4af90ecb574d	46.215535	-64.601693							2020-09-24T15:38:30	24	9	2020	2529415	2529415	HUMAN_OBSERVATION	iNaturalist	Observations	60650356		Laura Berry	2020-09-24T21:17:48	CC_BY_NC_4_0	Laura Berry	Laura Berry			2025-01-14T12:15:34.876Z	StillImage	COORDINATE_ROUNDED;CONTINENT_DERIVED_FROM_COORDINATES;TAXON_MATCH_TAXON_ID_IGNORED
2862608338	50c9509d-22c7-4a22-a47d-8c48425ef4a7	https://www.inaturalist.org/observations/59078284	Fungi	Basidiomycota	Agaricomycetes	Agaricales	Cortinariaceae	Cortinarius	Cortinarius caperatus		SPECIES	Cortinarius caperatus (Pers.) Fr.	Cortinarius caperatus		CA		Québec	PRESENT		28eb1a3f-1c15-4a95-931a-4af90ecb574d	46.371754	-73.044515	16.0						2020-09-09T17:05:13	9	9	2020	2529415	2529415	HUMAN_OBSERVATION	iNaturalist	Observations	59078284		cinna_latifolia	2020-09-10T17:19:36	CC_BY_NC_4_0	tommyheroux	tommyheroux			2025-01-14T12:14:44.600Z	StillImage	COORDINATE_ROUNDED;CONTINENT_DERIVED_FROM_COORDINATES;TAXON_MATCH_TAXON_ID_IGNORED
2859926644	50c9509d-22c7-4a22-a47d-8c48425ef4a7	https://www.inaturalist.org/observations/57823841	Fungi	Basidiomycota	Agaricomycetes	Agaricales	Cortinariaceae	Cortinarius	Cortinarius caperatus		SPECIES	Cortinarius caperatus (Pers.) Fr.	Cortinarius caperatus		CA		Québec	PRESENT		28eb1a3f-1c15-4a95-931a-4af90ecb574d	46.258775	-73.279992	60.0						2020-08-28T08:39:43	28	8	2020	2529415	2529415	HUMAN_OBSERVATION	iNaturalist	Observations	57823841		pierrequevillon	2020-08-28T13:15:29	CC_BY_NC_4_0	pierrequevillon	pierrequevillon			2025-01-14T13:04:10.355Z	StillImage	COORDINATE_ROUNDED;CONTINENT_DERIVED_FROM_COORDINATES;TAXON_MATCH_TAXON_ID_IGNORED
2856751054	50c9509d-22c7-4a22-a47d-8c48425ef4a7	https://www.inaturalist.org/observations/57444038	Fungi	Basidiomycota	Agaricomycetes	Agaricales	Cortinariaceae	Cortinarius	Cortinarius caperatus		SPECIES	Cortinarius caperatus (Pers.) Fr.	Cortinarius caperatus		CA		Québec	PRESENT		28eb1a3f-1c15-4a95-931a-4af90ecb574d	46.257858	-73.283447	6.0						2020-08-24T09:26:37	24	8	2020	2529415	2529415	HUMAN_OBSERVATION	iNaturalist	Observations	57444038		pierrequevillon	2020-08-24T14:10:07	CC_BY_NC_4_0	pierrequevillon	pierrequevillon			2025-01-14T13:03:46.307Z	StillImage	COORDINATE_ROUNDED;CONTINENT_DERIVED_FROM_COORDINATES;TAXON_MATCH_TAXON_ID_IGNORED
2856656184	50c9509d-22c7-4a22-a47d-8c48425ef4a7	https://www.inaturalist.org/observations/57553176	Fungi	Basidiomycota	Agaricomycetes	Agaricales	Cortinariaceae	Cortinarius	Cortinarius caperatus		SPECIES	Cortinarius caperatus (Pers.) Fr.	Cortinarius caperatus		CA		Québec	PRESENT		28eb1a3f-1c15-4a95-931a-4af90ecb574d	45.570122	-75.878822	32.0						2020-08-24T16:39:08	24	8	2020	2529415	2529415	HUMAN_OBSERVATION	iNaturalist	Observations	57553176		bobtyler	2020-08-25T16:00:06	CC_BY_NC_4_0	bobtyler	bobtyler			2025-01-14T13:03:17.911Z	StillImage	COORDINATE_ROUNDED;CONTINENT_DERIVED_FROM_COORDINATES;TAXON_MATCH_TAXON_ID_IGNORED
2465199605	50c9509d-22c7-4a22-a47d-8c48425ef4a7	http://inaturalist.ca/observations/3995019	Fungi	Basidiomycota	Agaricomycetes	Agaricales	Cortinariaceae	Cortinarius	Cortinarius caperatus		SPECIES	Cortinarius caperatus (Pers.) Fr.	Cortinarius caperatus		CA		Québec	PRESENT		28eb1a3f-1c15-4a95-931a-4af90ecb574d	46.971328	-79.191119							2016-08-30T09:59	30	8	2016	2529415	2529415	HUMAN_OBSERVATION	iNaturalist	Observations	3995019		Garrett Taylor	2016-09-06T02:04:56	CC_BY_NC_4_0	lenoreatwood	lenoreatwood			2025-01-14T12:02:43.581Z	StillImage	COORDINATE_ROUNDED;CONTINENT_DERIVED_FROM_COORDINATES;TAXON_MATCH_TAXON_ID_IGNORED
2445162641	50c9509d-22c7-4a22-a47d-8c48425ef4a7	https://www.inaturalist.org/observations/34829226	Fungi	Basidiomycota	Agaricomycetes	Agaricales	Cortinariaceae	Cortinarius	Cortinarius caperatus		SPECIES	Cortinarius caperatus (Pers.) Fr.	Cortinarius caperatus		CA		New Brunswick	PRESENT		28eb1a3f-1c15-4a95-931a-4af90ecb574d	46.16595	-64.330641	1502.0						2011-08-14T10:55	14	8	2011	2529415	2529415	HUMAN_OBSERVATION	iNaturalist	Observations	34829226		Raymonde G Chartier	2019-10-24T14:56:55	CC_BY_NC_4_0	Raymonde G Chartier	Raymonde G Chartier			2025-01-14T13:04:21.721Z	StillImage	COORDINATE_ROUNDED;CONTINENT_DERIVED_FROM_COORDINATES;TAXON_MATCH_TAXON_ID_IGNORED
2445053573	50c9509d-22c7-4a22-a47d-8c48425ef4a7	https://www.inaturalist.org/observations/34247158	Fungi	Basidiomycota	Agaricomycetes	Agaricales	Cortinariaceae	Cortinarius	Cortinarius caperatus		SPECIES	Cortinarius caperatus (Pers.) Fr.	Cortinarius caperatus		CA		New Brunswick	PRESENT		28eb1a3f-1c15-4a95-931a-4af90ecb574d	46.219862	-64.506457	31.0						2018-09-17T14:38	17	9	2018	2529415	2529415	HUMAN_OBSERVATION	iNaturalist	Observations	34247158		Raymonde G Chartier	2019-10-12T14:20:07	CC_BY_NC_4_0	Raymonde G Chartier	Raymonde G Chartier			2025-01-14T12:09:44.959Z	StillImage	COORDINATE_ROUNDED;CONTINENT_DERIVED_FROM_COORDINATES;TAXON_MATCH_TAXON_ID_IGNORED
2423612315	21705170-d2b6-42de-8904-c3bca4b83591	CMMF018809	Fungi	Basidiomycota	Agaricomycetes	Agaricales	Cortinariaceae	Cortinarius	Cortinarius caperatus		SPECIES	Rozites caperatus (Pers.) P.Karst.	Rozites caperatus (Pers.) P. Karst.	(Pers.) P. Karst.	CA	SBUM	Québec	PRESENT		ff7bd5db-b724-4932-b496-10ea298851f9	45.988108	-74.005679	2500.0						1986-07-07	7	7	1986	2529420	2529415	PRESERVED_SPECIMEN	Université de Montréal Biodiversity Centre	CMMF	CMMF018809	s.n.	Nantel, Patrick		CC0_1_0	Université de Montréal Biodiversity Centre	Nantel, Patrick			2024-01-24T16:38:18.545Z		INSTITUTION_MATCH_FUZZY;COLLECTION_MATCH_FUZZY;DIFFERENT_OWNER_INSTITUTION
1990300537	032f1fbe-d21f-407d-be46-5cd1bb1ea397	41e2d1c3-9b55-48f7-a153-ac58b1e8b084	Fungi	Basidiomycota	Agaricomycetes	Agaricales	Cortinariaceae	Cortinarius	Cortinarius caperatus		SPECIES	Rozites caperatus (Pers.) P.Karst.	Rozites caperatus	(Pers.) P. Karst.	CA	Whitney, Algonquin Province Park, Mile 36	Ontario	PRESENT		61c539d8-47e0-4b82-875f-b95aad66dcd4	45.553889	-78.596667							1962-08-02	2	8	1962	2529420	2529415	PRESERVED_SPECIMEN	TENN-F		TENN-F-027261	RHP603			CC0_1_0		R.H. Petersen			2025-01-12T10:33:49.125Z		COORDINATE_ROUNDED;GEODETIC_DATUM_ASSUMED_WGS84;CONTINENT_DERIVED_FROM_COORDINATES;TAXON_MATCH_TAXON_ID_IGNORED;INSTITUTION_MATCH_NONE
1847646752	50c9509d-22c7-4a22-a47d-8c48425ef4a7	https://www.inaturalist.org/observations/9590897	Fungi	Basidiomycota	Agaricomycetes	Agaricales	Cortinariaceae	Cortinarius	Cortinarius caperatus		SPECIES	Cortinarius caperatus (Pers.) Fr.	Cortinarius caperatus		CA		Ontario	PRESENT		28eb1a3f-1c15-4a95-931a-4af90ecb574d	45.69085	-78.32155	84661.0						2015-09-15	15	9	2015	2529415	2529415	HUMAN_OBSERVATION	iNaturalist	Observations	9590897		mycowalt	2018-01-23T22:54:51	CC_BY_NC_4_0	mycowalt	mycowalt			2025-01-14T12:04:22.962Z	StillImage	CONTINENT_DERIVED_FROM_COORDINATES;TAXON_MATCH_TAXON_ID_IGNORED
1847646562	50c9509d-22c7-4a22-a47d-8c48425ef4a7	https://www.inaturalist.org/observations/9590902	Fungi	Basidiomycota	Agaricomycetes	Agaricales	Cortinariaceae	Cortinarius	Cortinarius caperatus		SPECIES	Cortinarius caperatus (Pers.) Fr.	Cortinarius caperatus		CA		Ontario	PRESENT		28eb1a3f-1c15-4a95-931a-4af90ecb574d	45.69085	-78.32155	84661.0						2015-09-15	15	9	2015	2529415	2529415	HUMAN_OBSERVATION	iNaturalist	Observations	9590902		mycowalt	2018-01-23T22:55:25	CC_BY_NC_4_0	mycowalt	mycowalt			2025-01-14T12:04:21.462Z	StillImage	CONTINENT_DERIVED_FROM_COORDINATES;TAXON_MATCH_TAXON_ID_IGNORED
1807256372	e8a25a42-f125-476c-8554-3ec21cd51a84	ACAD:112919	Fungi	Basidiomycota	Agaricomycetes	Agaricales	Cortinariaceae	Cortinarius	Cortinarius caperatus		SPECIES	Cortinarius caperatus (Pers.) Fr.	Cortinarius caperatus (Pers.) Fr.	(Pers.) Fr.	CA	(Kentville)	Nova Scotia	PRESENT		6491ad8c-8e49-4bd4-a089-0ddb3bbe0890	45.07662	-64.49592							1931-09-06	6	9	1931	2529415	2529415	PRESERVED_SPECIMEN	Acadia University	ACAD	428F	428			CC0_1_0	Acadia University	H, KA			2024-01-25T01:37:11.622Z	StillImage	GEODETIC_DATUM_INVALID;GEODETIC_DATUM_ASSUMED_WGS84;TAXON_MATCH_TAXON_ID_IGNORED;INSTITUTION_MATCH_FUZZY;COLLECTION_MATCH_FUZZY
1807256327	e8a25a42-f125-476c-8554-3ec21cd51a84	ACAD:112920	Fungi	Basidiomycota	Agaricomycetes	Agaricales	Cortinariaceae	Cortinarius	Cortinarius caperatus		SPECIES	Cortinarius caperatus (Pers.) Fr.	Cortinarius caperatus (Pers.) Fr.	(Pers.) Fr.	CA	(Kentville)	Nova Scotia	PRESENT		6491ad8c-8e49-4bd4-a089-0ddb3bbe0890	45.07662	-64.49592							1930-09-02	2	9	1930	2529415	2529415	PRESERVED_SPECIMEN	Acadia University	ACAD	429F	429			CC0_1_0	Acadia University	H, KA			2024-01-25T01:37:11.627Z	StillImage	GEODETIC_DATUM_INVALID;GEODETIC_DATUM_ASSUMED_WGS84;TAXON_MATCH_TAXON_ID_IGNORED;INSTITUTION_MATCH_FUZZY;COLLECTION_MATCH_FUZZY
1701558082	39bd4817-9530-4341-a918-4f16b8db1419	UdeM:CMMF:Blitz2017:63	Fungi	Basidiomycota	Agaricomycetes	Agaricales	Cortinariaceae	Cortinarius	Cortinarius caperatus		SPECIES	Cortinarius caperatus (Pers.) Fr.	Cortinarius caperatus (Pers.) Fr., 1838	(Pers.) Fries	CA	Parc des Chutes de Sainte-Ursule	Québec	PRESENT		ff7bd5db-b724-4932-b496-10ea298851f9	46.300422	-73.094321	500.0						2017-08-09	9	8	2017	2529415	2529415	HUMAN_OBSERVATION	Université de Montréal Biodiversity Centre	CMMF			Raymond Archambault et Joseph Nuzzolese	2017-08-09T00:00:00	CC0_1_0		IRBV's graduate students			2024-01-24T17:29:10.399Z		
1412709561	21705170-d2b6-42de-8904-c3bca4b83591	CMMF018023	Fungi	Basidiomycota	Agaricomycetes	Agaricales	Cortinariaceae	Cortinarius	Cortinarius caperatus		SPECIES	Rozites caperatus (Pers.) P.Karst.	Rozites caperatus (Pers.) P. Karst.	(Pers.) P. Karst.	CA	À gauche en allant au lac Geai, Station de biologie des Laurentides, Saint-Hippolyte, Québec.	Québec	PRESENT		ff7bd5db-b724-4932-b496-10ea298851f9	45.992206	-73.998484	1000.0						1977-08-24	24	8	1977	2529420	2529415	PRESERVED_SPECIMEN	Université de Montréal Biodiversity Centre	CMMF	CMMF018023	75	Neumann, Peterjurgen; R., S.		CC0_1_0	Université de Montréal Biodiversity Centre	Neumann, Peterjurgen; R., S.			2024-01-24T16:38:18.005Z		INSTITUTION_MATCH_FUZZY;COLLECTION_MATCH_FUZZY;DIFFERENT_OWNER_INSTITUTION
1412705868	21705170-d2b6-42de-8904-c3bca4b83591	CMMF014384	Fungi	Basidiomycota	Agaricomycetes	Agaricales	Cortinariaceae	Cortinarius	Cortinarius caperatus		SPECIES	Rozites caperatus (Pers.) P.Karst.	Rozites caperatus (Pers.) P. Karst.	(Pers.) P. Karst.	CA	Rang Saint-Paul, Chicoutimi, Québec.	Québec	PRESENT		ff7bd5db-b724-4932-b496-10ea298851f9	48.361148	-71.135546	4000.0						1993-08-29	29	8	1993	2529420	2529415	PRESERVED_SPECIMEN	Université de Montréal Biodiversity Centre	CMMF	CMMF014384	2232	Guérin, Gérard		CC0_1_0	Université de Montréal Biodiversity Centre	Guérin, Gérard			2024-01-24T16:38:19.523Z	StillImage	INSTITUTION_MATCH_FUZZY;COLLECTION_MATCH_FUZZY;DIFFERENT_OWNER_INSTITUTION
1412703138	21705170-d2b6-42de-8904-c3bca4b83591	CMMF011585	Fungi	Basidiomycota	Agaricomycetes	Agaricales	Cortinariaceae	Cortinarius	Cortinarius caperatus		SPECIES	Pholiota caperata (Pers.) Gillet	Pholiota caperata (Pers.) Gillet	(Pers.) Gillet	CA	Sainte-Anne de la Pocatière, Kamouraska, Québec.	Québec	PRESENT		ff7bd5db-b724-4932-b496-10ea298851f9	47.366667	-70.033333	8000.0						1944-09-09	9	9	1944	2529416	2529415	PRESERVED_SPECIMEN	Université de Montréal Biodiversity Centre	CMMF	CMMF011585	18370	Pomerleau, René		CC0_1_0	Université de Montréal Biodiversity Centre	Campagna, Elzéar; Dubé, Lucien			2024-01-24T16:38:18.046Z		INSTITUTION_MATCH_FUZZY;COLLECTION_MATCH_FUZZY;DIFFERENT_OWNER_INSTITUTION
1135070721	21705170-d2b6-42de-8904-c3bca4b83591	CMMF009274	Fungi	Basidiomycota	Agaricomycetes	Agaricales	Cortinariaceae	Cortinarius	Cortinarius caperatus		SPECIES	Rozites caperatus (Pers.) P.Karst.	Rozites caperatus (Pers.) P. Karst.	(Pers.) P. Karst.	CA	Charlesbourg Ouest (Mr. A.), Québec.	Québec	PRESENT		ff7bd5db-b724-4932-b496-10ea298851f9	46.91969	-71.322285	4200.0						2006-09-23	23	9	2006	2529420	2529415	PRESERVED_SPECIMEN	Université de Montréal Biodiversity Centre	CMMF	CMMF009274	858	Labrecque, Jacqueline		CC0_1_0	Université de Montréal Biodiversity Centre	Labrecque, Jacqueline			2024-01-24T16:38:21.522Z		INSTITUTION_MATCH_FUZZY;COLLECTION_MATCH_FUZZY;DIFFERENT_OWNER_INSTITUTION
1135069848	21705170-d2b6-42de-8904-c3bca4b83591	CMMF008326	Fungi	Basidiomycota	Agaricomycetes	Agaricales	Cortinariaceae	Cortinarius	Cortinarius caperatus		SPECIES	Rozites caperatus (Pers.) P.Karst.	Rozites caperatus (Pers.) P. Karst.	(Pers.) P. Karst.	CA	Parc de la Gaspésie (sortie sud)	Québec	PRESENT		ff7bd5db-b724-4932-b496-10ea298851f9	48.856883	-66.20075	100.0						2008-08-05	5	8	2008	2529420	2529415	PRESERVED_SPECIMEN	Université de Montréal Biodiversity Centre	CMMF	CMMF008326	Inexistant	McNeil, Raymond		CC0_1_0	Université de Montréal Biodiversity Centre	McNeil, Raymond			2024-01-24T16:38:17.806Z	StillImage	COORDINATE_ROUNDED;INSTITUTION_MATCH_FUZZY;COLLECTION_MATCH_FUZZY;DIFFERENT_OWNER_INSTITUTION
1135069791	21705170-d2b6-42de-8904-c3bca4b83591	CMMF008296	Fungi	Basidiomycota	Agaricomycetes	Agaricales	Cortinariaceae	Cortinarius	Cortinarius caperatus		SPECIES	Rozites caperatus (Pers.) P.Karst.	Rozites caperatus (Pers.) P. Karst.	(Pers.) P. Karst.	CA	Parc de la Gaspésie (sortie sud)	Québec	PRESENT		ff7bd5db-b724-4932-b496-10ea298851f9	48.856883	-66.20075	100.0						2010-08-06	6	8	2010	2529420	2529415	PRESERVED_SPECIMEN	Université de Montréal Biodiversity Centre	CMMF	CMMF008296	C3689	McNeil, Raymond		CC0_1_0	Université de Montréal Biodiversity Centre	McNeil, Raymond			2024-01-24T16:38:18.325Z	StillImage	COORDINATE_ROUNDED;INSTITUTION_MATCH_FUZZY;COLLECTION_MATCH_FUZZY;DIFFERENT_OWNER_INSTITUTION
1135069657	21705170-d2b6-42de-8904-c3bca4b83591	CMMF008284	Fungi	Basidiomycota	Agaricomycetes	Agaricales	Cortinariaceae	Cortinarius	Cortinarius caperatus		SPECIES	Rozites caperatus (Pers.) P.Karst.	Rozites caperatus (Pers.) P. Karst.	(Pers.) P. Karst.	CA	Parc de la Gaspésie (sortie sud)	Québec	PRESENT		ff7bd5db-b724-4932-b496-10ea298851f9	48.856883	-66.20075	100.0						2005-09-14	14	9	2005	2529420	2529415	PRESERVED_SPECIMEN	Université de Montréal Biodiversity Centre	CMMF	CMMF008284	C2493	McNeil, Raymond		CC0_1_0	Université de Montréal Biodiversity Centre	McNeil, Raymond			2024-01-24T16:38:18.320Z	StillImage	COORDINATE_ROUNDED;INSTITUTION_MATCH_FUZZY;COLLECTION_MATCH_FUZZY;DIFFERENT_OWNER_INSTITUTION
