gbifID	datasetKey	occurrenceID	kingdom	phylum	class	order	family	genus	species	infraspecificEpithet	taxonRank	scientificName	verbatimScientificName	verbatimScientificNameAuthorship	countryCode	locality	stateProvince	occurrenceStatus	individualCount	publishingOrgKey	decimalLatitude	decimalLongitude	coordinateUncertaintyInMeters	coordinatePrecision	elevation	elevationAccuracy	depth	depthAccuracy	eventDate	day	month	year	taxonKey	speciesKey	basisOfRecord	institutionCode	collectionCode	catalogNumber	recordNumber	identifiedBy	dateIdentified	license	rightsHolder	recordedBy	typeStatus	establishmentMeans	lastInterpreted	mediaType	issue
694157933	d7cfd2ed-8af4-427f-a16e-eb66b7e2c419	18161	Fungi	Basidiomycota	Agaricomycetes	Boletales	Boletaceae	Xerocomus	Xerocomus subtomentosus		SPECIES	Xerocomus subtomentosus (L.) Fr.	Xerocomus subtomentosus L. ex. Fr.	L. ex. Fr.	CA	10 mi S of Whitney	Ontario	PRESENT		ff418020-1d67-11d9-8435-b8a03c50a862	45.387842	-78.093567	13213.0						1939-09-12	12	9	1939	8110115	2519457	PRESERVED_SPECIMEN	Royal Ontario Museum	TRTC	TRTC015709		Snell, W.H.		CC0_1_0	Royal Ontario Museum	Cain, R.F.;			2024-01-25T00:59:40.832Z		COORDINATE_ROUNDED;AMBIGUOUS_INSTITUTION
694157842	d7cfd2ed-8af4-427f-a16e-eb66b7e2c419	17583	Fungi	Basidiomycota	Agaricomycetes	Boletales	Boletaceae	Xerocomus	Xerocomus subtomentosus		SPECIES	Xerocomus subtomentosus (L.) Fr.	Xerocomus subtomentosus L. ex. Fr.	L. ex. Fr.	CA	Oxbow Lake	Ontario	PRESENT		ff418020-1d67-11d9-8435-b8a03c50a862	45.436105	-78.96698	1427.0						1941-08-21	21	8	1941	8110115	2519457	PRESERVED_SPECIMEN	Royal Ontario Museum	TRTC	TRTC017542		Snell, W.H.		CC0_1_0	Royal Ontario Museum	Cain, R.F.;			2024-01-25T00:59:39.021Z		COORDINATE_ROUNDED;AMBIGUOUS_INSTITUTION
694156667	d7cfd2ed-8af4-427f-a16e-eb66b7e2c419	10906	Fungi	Basidiomycota	Agaricomycetes	Boletales	Boletaceae	Xerocomus	Xerocomus subtomentosus		SPECIES	Xerocomus subtomentosus (L.) Quél.	Xerocomus subtomentosus L.	L.	CA	Algonquin Provincial Park, Sasajewun Lake	Ontario	PRESENT		ff418020-1d67-11d9-8435-b8a03c50a862	45.594732	-78.523579	737.0						1959-09-12	12	9	1959	2519457	2519457	PRESERVED_SPECIMEN	Royal Ontario Museum	TRTC	TRTC035466		Cain, R.F.		CC0_1_0	Royal Ontario Museum	Cain, R.F.			2024-01-25T00:59:40.731Z		COORDINATE_ROUNDED;AMBIGUOUS_INSTITUTION
694156645	d7cfd2ed-8af4-427f-a16e-eb66b7e2c419	10769	Fungi	Basidiomycota	Agaricomycetes	Boletales	Boletaceae	Xerocomus	Xerocomus subtomentosus		SPECIES	Boletus subtomentosus L.	Boletus subtomentosus L.	L.	CA	Canisbay Township	Ontario	PRESENT		ff418020-1d67-11d9-8435-b8a03c50a862	45.56926	-78.54071	7800.0						1987			1987	5954888	2519457	PRESERVED_SPECIMEN	Royal Ontario Museum	TRTC	TRTC158028	LH-32-87	Hutchison L.J.		CC0_1_0	Royal Ontario Museum	Hutchison L.J.			2024-01-25T00:59:40.308Z		AMBIGUOUS_INSTITUTION
694156644	d7cfd2ed-8af4-427f-a16e-eb66b7e2c419	10768	Fungi	Basidiomycota	Agaricomycetes	Boletales	Boletaceae	Xerocomus	Xerocomus subtomentosus		SPECIES	Boletus subtomentosus L.	Boletus subtomentosus L.	L.	CA	Algonquin Provincial Park	Ontario	PRESENT		ff418020-1d67-11d9-8435-b8a03c50a862	45.759859	-78.376465	67511.0						2006-09-30	30	9	2006	5954888	2519457	PRESERVED_SPECIMEN	Royal Ontario Museum	TRTC	TRTC151197	JC06-5	Justin Caroll		CC0_1_0	Royal Ontario Museum	Justin, C.			2024-01-25T00:59:40.309Z		COORDINATE_ROUNDED;AMBIGUOUS_INSTITUTION
617555107	21705170-d2b6-42de-8904-c3bca4b83591	CMMF000660	Fungi	Basidiomycota	Agaricomycetes	Boletales	Boletaceae	Xerocomus	Xerocomus subtomentosus		SPECIES	Xerocomus subtomentosus (L.) Quél.	Xerocomus subtomentosus (L.) Quél.	(L.) Quél.	CA	Saint-Herménégilde	Québec	PRESENT		ff7bd5db-b724-4932-b496-10ea298851f9	45.105574	-71.672847	3000.0						1989-08-23	23	8	1989	2519457	2519457	PRESERVED_SPECIMEN	Université de Montréal Biodiversity Centre	CMMF	CMMF000660		Lamoureux, Yves		CC0_1_0	Université de Montréal Biodiversity Centre	Lamoureux, Yves			2024-01-24T16:38:20.128Z	StillImage	INSTITUTION_MATCH_FUZZY;COLLECTION_MATCH_FUZZY;DIFFERENT_OWNER_INSTITUTION
617553508	21705170-d2b6-42de-8904-c3bca4b83591	CMMF003631	Fungi	Basidiomycota	Agaricomycetes	Boletales	Boletaceae	Xerocomus	Xerocomus subtomentosus		SPECIES	Xerocomus subtomentosus (L.) Quél.	Xerocomus subtomentosus (L.) Quél.	(L.) Quél.	CA	Rawdon	Québec	PRESENT		ff7bd5db-b724-4932-b496-10ea298851f9	46.052398	-73.748752	11000.0						2002-07-26	26	7	2002	2519457	2519457	PRESERVED_SPECIMEN	Université de Montréal Biodiversity Centre	CMMF	CMMF003631		Lamoureux, Yves		CC0_1_0	Université de Montréal Biodiversity Centre	Lamoureux, Yves			2024-01-24T16:38:16.297Z	StillImage	INSTITUTION_MATCH_FUZZY;COLLECTION_MATCH_FUZZY;DIFFERENT_OWNER_INSTITUTION
617553502	21705170-d2b6-42de-8904-c3bca4b83591	CMMF003628	Fungi	Basidiomycota	Agaricomycetes	Boletales	Boletaceae	Xerocomus	Xerocomus subtomentosus		SPECIES	Xerocomus subtomentosus (L.) Quél.	Xerocomus subtomentosus (L.) Quél.	(L.) Quél.	CA	Rawdon	Québec	PRESENT		ff7bd5db-b724-4932-b496-10ea298851f9	46.052398	-73.748752	11000.0						2002-07-24	24	7	2002	2519457	2519457	PRESERVED_SPECIMEN	Université de Montréal Biodiversity Centre	CMMF	CMMF003628		Lamoureux, Yves		CC0_1_0	Université de Montréal Biodiversity Centre	Lamoureux, Yves			2024-01-24T16:38:16.289Z	StillImage	INSTITUTION_MATCH_FUZZY;COLLECTION_MATCH_FUZZY;DIFFERENT_OWNER_INSTITUTION
617550534	21705170-d2b6-42de-8904-c3bca4b83591	CMMF000232	Fungi	Basidiomycota	Agaricomycetes	Boletales	Boletaceae	Xerocomus	Xerocomus subtomentosus		SPECIES	Xerocomus subtomentosus (L.) Quél.	Xerocomus subtomentosus (L.) Quél.	(L.) Quél.	CA	Sainte-Marguerite-Station	Québec	PRESENT		ff7bd5db-b724-4932-b496-10ea298851f9	45.990446	-74.119788	3000.0						1988-08-23	23	8	1988	2519457	2519457	PRESERVED_SPECIMEN	Université de Montréal Biodiversity Centre	CMMF	CMMF000232		Lamoureux, Yves		CC0_1_0	Université de Montréal Biodiversity Centre	Lamoureux, Yves			2024-01-24T16:38:20.658Z	StillImage	INSTITUTION_MATCH_FUZZY;COLLECTION_MATCH_FUZZY;DIFFERENT_OWNER_INSTITUTION
617550298	21705170-d2b6-42de-8904-c3bca4b83591	CMMF000221	Fungi	Basidiomycota	Agaricomycetes	Boletales	Boletaceae	Xerocomus	Xerocomus subtomentosus		SPECIES	Xerocomus subtomentosus (L.) Quél.	Xerocomus subtomentosus (L.) Quél.	(L.) Quél.	CA	Saint-Herménégilde	Québec	PRESENT		ff7bd5db-b724-4932-b496-10ea298851f9	45.105574	-71.672847	3000.0						1988-08-21	21	8	1988	2519457	2519457	PRESERVED_SPECIMEN	Université de Montréal Biodiversity Centre	CMMF	CMMF000221		Lamoureux, Yves		CC0_1_0	Université de Montréal Biodiversity Centre	Lamoureux, Yves			2024-01-24T16:38:20.667Z	StillImage	INSTITUTION_MATCH_FUZZY;COLLECTION_MATCH_FUZZY;DIFFERENT_OWNER_INSTITUTION
617549117	21705170-d2b6-42de-8904-c3bca4b83591	CMMF001701	Fungi	Basidiomycota	Agaricomycetes	Boletales	Boletaceae	Xerocomus	Xerocomus subtomentosus		SPECIES	Xerocomus subtomentosus (L.) Quél.	Xerocomus subtomentosus (L.) Quél.	(L.) Quél.	CA	Saint-Bruno-de-Montarville	Québec	PRESENT		ff7bd5db-b724-4932-b496-10ea298851f9	45.526599	-73.344507	5500.0						1992-07-28	28	7	1992	2519457	2519457	PRESERVED_SPECIMEN	Université de Montréal Biodiversity Centre	CMMF	CMMF001701		Lamoureux, Yves		CC0_1_0	Université de Montréal Biodiversity Centre	Lamoureux, Yves			2024-01-24T16:38:17.208Z	StillImage	INSTITUTION_MATCH_FUZZY;COLLECTION_MATCH_FUZZY;DIFFERENT_OWNER_INSTITUTION
4876204800	d1a3b128-b406-46bb-a6d1-f3591dcc8a7b	2bf20eee-0145-4feb-87e8-ae09d0ddc813	Fungi	Basidiomycota	Agaricomycetes	Boletales	Boletaceae	Xerocomus	Xerocomus subtomentosus		SPECIES	Xerocomus subtomentosus (L.) Quél.	Xerocomus subtomentosus	(L.) Quél.	CA	Rte 14 north of Sussex, east of Trans Canada (rte 2)	New Brunswick	PRESENT		e43cf4b8-849e-4fac-b075-e652d019d2cf	45.716667	-65.516667	35000.0						1963-08-03	3	8	1963	2519457	2519457	PRESERVED_SPECIMEN	BPI		BPI 935950	63020			CC0_1_0		Walter H. Snell			2025-01-15T04:59:56.100Z		CONTINENT_DERIVED_FROM_COORDINATES;TAXON_MATCH_TAXON_ID_IGNORED;INSTITUTION_MATCH_FUZZY
4166372062	695cef75-b65f-4776-b2ed-74565eebb16e	02-01000936928	Fungi	Basidiomycota	Agaricomycetes	Boletales	Boletaceae	Xerocomus	Xerocomus subtomentosus		SPECIES	Xerocomus subtomentosus (L.) Quél.	Xerocomus subtomentosus	(L.) Quél.	CA	Pointe aux Outardes, Pointe du Bout	Quebec	PRESENT		055bd978-2daa-4543-b3f0-44e0e87e86ca	49.466667	-68.041667							1984-08-09	9	8	1984	2519457	2519457	PRESERVED_SPECIMEN	AAFC	DAOM	190639		Y. Dalpé		CC_BY_4_0	©His Majesty the King in Right of Canada, as represented by the Minister of Agriculture and Agri-Food	Y. Dalpé 903			2025-01-12T05:11:16.135Z		GEODETIC_DATUM_ASSUMED_WGS84;CONTINENT_DERIVED_FROM_COORDINATES;TAXON_MATCH_TAXON_ID_IGNORED;INSTITUTION_MATCH_FUZZY
4166264305	695cef75-b65f-4776-b2ed-74565eebb16e	02-01000936941	Fungi	Basidiomycota	Agaricomycetes	Boletales	Boletaceae	Xerocomus	Xerocomus subtomentosus		SPECIES	Xerocomus subtomentosus (L.) Quél.	Xerocomus subtomentosus	(L.) Quél.	CA	Pointe aux Outardes, Pointe du Bout	Quebec	PRESENT		055bd978-2daa-4543-b3f0-44e0e87e86ca	49.466667	-68.041667							1984-08-09	9	8	1984	2519457	2519457	PRESERVED_SPECIMEN	AAFC	DAOM	190597		Y. Dalpé		CC_BY_4_0	©His Majesty the King in Right of Canada, as represented by the Minister of Agriculture and Agri-Food	Y. Dalpé 905			2025-01-12T05:11:16.136Z		GEODETIC_DATUM_ASSUMED_WGS84;CONTINENT_DERIVED_FROM_COORDINATES;TAXON_MATCH_TAXON_ID_IGNORED;INSTITUTION_MATCH_FUZZY
4166264303	695cef75-b65f-4776-b2ed-74565eebb16e	02-01000936923	Fungi	Basidiomycota	Agaricomycetes	Boletales	Boletaceae	Xerocomus	Xerocomus subtomentosus		SPECIES	Xerocomus subtomentosus (L.) Quél.	Xerocomus subtomentosus	(L.) Quél.	CA	Pointe aux Outardes, Pointe du Bout	Quebec	PRESENT		055bd978-2daa-4543-b3f0-44e0e87e86ca	49.466667	-68.041667							1984-08-09	9	8	1984	2519457	2519457	PRESERVED_SPECIMEN	AAFC	DAOM	190640		Y. Dalpé		CC_BY_4_0	©His Majesty the King in Right of Canada, as represented by the Minister of Agriculture and Agri-Food	Y. Dalpé 888			2025-01-12T05:11:15.940Z		GEODETIC_DATUM_ASSUMED_WGS84;CONTINENT_DERIVED_FROM_COORDINATES;TAXON_MATCH_TAXON_ID_IGNORED;INSTITUTION_MATCH_FUZZY
4166255244	695cef75-b65f-4776-b2ed-74565eebb16e	02-01000936922	Fungi	Basidiomycota	Agaricomycetes	Boletales	Boletaceae	Xerocomus	Xerocomus subtomentosus		SPECIES	Xerocomus subtomentosus (L.) Quél.	Xerocomus subtomentosus	(L.) Quél.	CA	Riviére Bersimis	Quebec	PRESENT		055bd978-2daa-4543-b3f0-44e0e87e86ca	48.916667	-68.7											2519457	2519457	PRESERVED_SPECIMEN	AAFC	DAOM	190586		Y. Dalpé		CC_BY_4_0	©His Majesty the King in Right of Canada, as represented by the Minister of Agriculture and Agri-Food	Y. Dalpé 854			2025-01-12T05:11:15.924Z		GEODETIC_DATUM_ASSUMED_WGS84;CONTINENT_DERIVED_FROM_COORDINATES;TAXON_MATCH_TAXON_ID_IGNORED;INSTITUTION_MATCH_FUZZY
4166248065	695cef75-b65f-4776-b2ed-74565eebb16e	02-01000936926	Fungi	Basidiomycota	Agaricomycetes	Boletales	Boletaceae	Xerocomus	Xerocomus subtomentosus		SPECIES	Xerocomus subtomentosus (L.) Quél.	Xerocomus subtomentosus	(L.) Quél.	CA	Rivière Bersimis	Quebec	PRESENT		055bd978-2daa-4543-b3f0-44e0e87e86ca	48.916667	-68.7							1984-08-08	8	8	1984	2519457	2519457	PRESERVED_SPECIMEN	AAFC	DAOM	190583		Y. Dalpé		CC_BY_4_0	©His Majesty the King in Right of Canada, as represented by the Minister of Agriculture and Agri-Food	Y. Dalpé 860			2025-01-12T05:11:15.888Z		GEODETIC_DATUM_ASSUMED_WGS84;CONTINENT_DERIVED_FROM_COORDINATES;TAXON_MATCH_TAXON_ID_IGNORED;INSTITUTION_MATCH_FUZZY
4166244032	695cef75-b65f-4776-b2ed-74565eebb16e	02-01000936936	Fungi	Basidiomycota	Agaricomycetes	Boletales	Boletaceae	Xerocomus	Xerocomus subtomentosus		SPECIES	Xerocomus subtomentosus (L.) Quél.	Xerocomus subtomentosus	(L.) Quél.	CA	Pointe aux Outardes, Pointe du Bout	Quebec	PRESENT		055bd978-2daa-4543-b3f0-44e0e87e86ca	49.466667	-68.041667							1984-08-09	9	8	1984	2519457	2519457	PRESERVED_SPECIMEN	AAFC	DAOM	190612		Y. Dalpé		CC_BY_4_0	©His Majesty the King in Right of Canada, as represented by the Minister of Agriculture and Agri-Food	Y. Dalpé 894			2025-01-12T05:11:15.940Z		GEODETIC_DATUM_ASSUMED_WGS84;CONTINENT_DERIVED_FROM_COORDINATES;TAXON_MATCH_TAXON_ID_IGNORED;INSTITUTION_MATCH_FUZZY
4166244030	695cef75-b65f-4776-b2ed-74565eebb16e	02-01000936919	Fungi	Basidiomycota	Agaricomycetes	Boletales	Boletaceae	Xerocomus	Xerocomus subtomentosus		SPECIES	Xerocomus subtomentosus (L.) Quél.	Xerocomus subtomentosus	(L.) Quél.	CA	Rivière Bersimis	Quebec	PRESENT		055bd978-2daa-4543-b3f0-44e0e87e86ca	48.916667	-68.916667							1984-08-08	8	8	1984	2519457	2519457	PRESERVED_SPECIMEN	AAFC	DAOM	190611		Y. Dalpé		CC_BY_4_0	©His Majesty the King in Right of Canada, as represented by the Minister of Agriculture and Agri-Food	Y. Dalpé 858			2025-01-12T05:11:16.169Z		GEODETIC_DATUM_ASSUMED_WGS84;CONTINENT_DERIVED_FROM_COORDINATES;TAXON_MATCH_TAXON_ID_IGNORED;INSTITUTION_MATCH_FUZZY
4023668117	fb9d7c38-5759-4c30-9e09-5b6bd43f78a6	http://id.luomus.fi/MY.11662080	Fungi	Basidiomycota	Agaricomycetes	Boletales	Boletaceae	Xerocomus	Xerocomus subtomentosus		SPECIES	Xerocomus subtomentosus (L.) Quél.	Xerocomus subtomentosus (L.) Quél.		CA		Quebec	PRESENT		04fd2e13-6881-4e5c-9dd1-8fdd9ab993c1	47.18	-70.21							1966-08-16T00:00Z	16	8	1966	2519457	2519457	PRESERVED_SPECIMEN	H		http://id.luomus.fi/HA.H7071973	J.W. Growes 66-2			CC_BY_4_0		Groves, J. W.			2025-01-17T02:41:18.653Z		CONTINENT_DERIVED_FROM_COORDINATES;TAXON_MATCH_TAXON_ID_IGNORED;COLLECTION_MATCH_NONE;INSTITUTION_MATCH_FUZZY
3968888324	d8cd16ba-bb74-4420-821e-083f2bac17c2	JN021112	Fungi	Basidiomycota	Agaricomycetes	Boletales	Boletaceae	Xerocomus	Xerocomus subtomentosus		SPECIES	Xerocomus subtomentosus (L.) Quél.	Xerocomus aff. subtomentosus TRTC156926		CA	Ontario, Wildlife Research Station, Algonquin Provincial Park		PRESENT		ada9d123-ddb4-467d-8891-806ea8d94230	45.6	-78.52							2007-10-02	2	10	2007	2519457	2519457	PRESERVED_SPECIMEN			TRTC156926		Bryn T. M. Dentinger		CC_BY_4_0		Bryn Dentinger, Maryna Didukh			2025-01-18T13:03:52.155Z		GEODETIC_DATUM_ASSUMED_WGS84;CONTINENT_DERIVED_FROM_COORDINATES;TAXON_MATCH_TAXON_CONCEPT_ID_IGNORED;TAXON_MATCH_TAXON_ID_IGNORED
3349461319	d8cd16ba-bb74-4420-821e-083f2bac17c2	MN992545	Fungi	Basidiomycota	Agaricomycetes	Boletales	Boletaceae	Xerocomus	Xerocomus subtomentosus		SPECIES	Xerocomus subtomentosus (L.) Quél.	Xerocomus subtomentosus		CA	Quebec, Anticosti		PRESENT		ada9d123-ddb4-467d-8891-806ea8d94230	49.88	-64.18							2015-09-07	7	9	2015	2519457	2519457	PRESERVED_SPECIMEN			ANT013-QFB28575		Pauline Dube		CC_BY_4_0		Landry, J.			2025-01-18T13:04:48.449Z		GEODETIC_DATUM_ASSUMED_WGS84;CONTINENT_DERIVED_FROM_COORDINATES;TAXON_MATCH_TAXON_CONCEPT_ID_IGNORED;TAXON_MATCH_TAXON_ID_IGNORED
3079548705	50c9509d-22c7-4a22-a47d-8c48425ef4a7	https://www.inaturalist.org/observations/31132316	Fungi	Basidiomycota	Agaricomycetes	Boletales	Boletaceae	Xerocomus	Xerocomus subtomentosus		SPECIES	Xerocomus subtomentosus (L.) Quél.	Xerocomus subtomentosus		CA		Ontario	PRESENT		28eb1a3f-1c15-4a95-931a-4af90ecb574d	45.388753	-75.537514	16.0						2019-08-19T11:06	19	8	2019	2519457	2519457	HUMAN_OBSERVATION	iNaturalist	Observations	31132316		Igor Khomenko	2019-08-19T22:44:09	CC_BY_NC_4_0	Igor Khomenko	Igor Khomenko			2025-01-14T13:03:03.158Z	StillImage	COORDINATE_ROUNDED;CONTINENT_DERIVED_FROM_COORDINATES;TAXON_MATCH_TAXON_ID_IGNORED
3044614343	50c9509d-22c7-4a22-a47d-8c48425ef4a7	https://www.inaturalist.org/observations/16333819	Fungi	Basidiomycota	Agaricomycetes	Boletales	Boletaceae	Xerocomus	Xerocomus subtomentosus		SPECIES	Xerocomus subtomentosus (L.) Quél.	Xerocomus subtomentosus		CA		Québec	PRESENT		28eb1a3f-1c15-4a95-931a-4af90ecb574d	48.4036	-68.57575	22730.0						2013-08-09	9	8	2013	2519457	2519457	HUMAN_OBSERVATION	iNaturalist	Observations	16333819		pinonbistro	2018-09-08T21:59:44	CC_BY_NC_4_0	pinonbistro	pinonbistro			2025-01-14T12:05:48.289Z	StillImage	CONTINENT_DERIVED_FROM_COORDINATES;TAXON_MATCH_TAXON_ID_IGNORED
2873956068	50c9509d-22c7-4a22-a47d-8c48425ef4a7	https://www.inaturalist.org/observations/61024457	Fungi	Basidiomycota	Agaricomycetes	Boletales	Boletaceae	Xerocomus	Xerocomus subtomentosus		SPECIES	Xerocomus subtomentosus (L.) Quél.	Xerocomus subtomentosus		CA		New Brunswick	PRESENT		28eb1a3f-1c15-4a95-931a-4af90ecb574d	46.234863	-64.41908	710.0						2020-09-27T18:36:24	27	9	2020	2519457	2519457	HUMAN_OBSERVATION	iNaturalist	Observations	61024457		Laura Berry	2020-09-27T21:40:51	CC_BY_NC_4_0	Laura Berry	Laura Berry			2025-01-14T13:10:00.047Z	StillImage	COORDINATE_ROUNDED;CONTINENT_DERIVED_FROM_COORDINATES;TAXON_MATCH_TAXON_ID_IGNORED
2850619463	50c9509d-22c7-4a22-a47d-8c48425ef4a7	https://www.inaturalist.org/observations/33905374	Fungi	Basidiomycota	Agaricomycetes	Boletales	Boletaceae	Xerocomus	Xerocomus subtomentosus		SPECIES	Xerocomus subtomentosus (L.) Quél.	Xerocomus subtomentosus		CA		Ontario	PRESENT		28eb1a3f-1c15-4a95-931a-4af90ecb574d	45.35525	-76.004136	6.0						2019-10-05T14:42:58	5	10	2019	2519457	2519457	HUMAN_OBSERVATION	iNaturalist	Observations	33905374		Jeffrey H. Skevington	2019-10-05T18:44:39	CC_BY_NC_4_0	Jeffrey H. Skevington	Jeffrey H. Skevington			2025-01-14T13:00:22.231Z	StillImage	COORDINATE_ROUNDED;CONTINENT_DERIVED_FROM_COORDINATES;TAXON_MATCH_TAXON_ID_IGNORED
2550065126	50c9509d-22c7-4a22-a47d-8c48425ef4a7	https://www.inaturalist.org/observations/34300884	Fungi	Basidiomycota	Agaricomycetes	Boletales	Boletaceae	Xerocomus	Xerocomus subtomentosus		SPECIES	Xerocomus subtomentosus (L.) Quél.	Xerocomus subtomentosus		CA		New Brunswick	PRESENT		28eb1a3f-1c15-4a95-931a-4af90ecb574d	46.21667	-64.508495	31.0						2017-09-24T15:20	24	9	2017	2519457	2519457	HUMAN_OBSERVATION	iNaturalist	Observations	34300884		Raymonde G Chartier	2019-10-13T13:43:36	CC_BY_NC_4_0	Raymonde G Chartier	Raymonde G Chartier			2025-01-14T13:05:09.843Z	StillImage	COORDINATE_ROUNDED;CONTINENT_DERIVED_FROM_COORDINATES;TAXON_MATCH_TAXON_ID_IGNORED
2429385425	50c9509d-22c7-4a22-a47d-8c48425ef4a7	https://www.inaturalist.org/observations/33888130	Fungi	Basidiomycota	Agaricomycetes	Boletales	Boletaceae	Xerocomus	Xerocomus subtomentosus		SPECIES	Xerocomus subtomentosus (L.) Quél.	Xerocomus subtomentosus		CA		Ontario	PRESENT		28eb1a3f-1c15-4a95-931a-4af90ecb574d	45.57544	-78.505431	16.0						2019-10-05T09:41:25	5	10	2019	2519457	2519457	HUMAN_OBSERVATION	iNaturalist	Observations	33888130		suesharpe	2019-10-05T13:41:40	CC_BY_NC_4_0	suesharpe	suesharpe			2025-01-14T13:06:32.197Z	StillImage	COORDINATE_ROUNDED;CONTINENT_DERIVED_FROM_COORDINATES;TAXON_MATCH_TAXON_ID_IGNORED
2423610989	21705170-d2b6-42de-8904-c3bca4b83591	CMMF018790	Fungi	Basidiomycota	Agaricomycetes	Boletales	Boletaceae	Xerocomus	Xerocomus subtomentosus		SPECIES	Xerocomus subtomentosus (L.) Quél.	Xerocomus subtomentosus (L.) Quél.	(L.) Quél.	CA	St-Côme	Québec	PRESENT		ff7bd5db-b724-4932-b496-10ea298851f9	46.270036	-73.771832	10000.0						1988-08-27	27	8	1988	2519457	2519457	PRESERVED_SPECIMEN	Université de Montréal Biodiversity Centre	CMMF	CMMF018790	s.n.	Nantel, Patrick		CC0_1_0	Université de Montréal Biodiversity Centre	Nantel, Patrick			2024-01-24T16:38:18.604Z		INSTITUTION_MATCH_FUZZY;COLLECTION_MATCH_FUZZY;DIFFERENT_OWNER_INSTITUTION
1990337847	032f1fbe-d21f-407d-be46-5cd1bb1ea397	b15c4d32-bbc1-4bcf-b1f6-7c94a0ca34df	Fungi	Basidiomycota	Agaricomycetes	Boletales	Boletaceae	Xerocomus	Xerocomus subtomentosus		SPECIES	Xerocomus subtomentosus (L.) Quél.	Xerocomus subtomentosus	(L.) Quél.	CA	Conroy Rd	Ontario	PRESENT		61c539d8-47e0-4b82-875f-b95aad66dcd4	45.361667	-75.6175							1965-08-24	24	8	1965	2519457	2519457	PRESERVED_SPECIMEN	TENN-F		TENN-F-017327	JWG 110440			CC0_1_0		J.W. Groves & M.E. Elliott			2025-01-12T10:33:48.468Z		COORDINATE_ROUNDED;GEODETIC_DATUM_ASSUMED_WGS84;CONTINENT_DERIVED_FROM_COORDINATES;TAXON_MATCH_TAXON_ID_IGNORED;INSTITUTION_MATCH_NONE
1929399013	d415c253-4d61-4459-9d25-4015b9084fb0	736bce78-ae59-4305-980e-250a8e27c90f	Fungi	Basidiomycota	Agaricomycetes	Boletales	Boletaceae	Xerocomus	Xerocomus subtomentosus		SPECIES	Boletus subtomentosus L.	Boletus subtomentosus L.:Fr.	L.:Fr.	CA	Ottawa-Carlton Co., Ottawa	Ontario	PRESENT		ae447c50-b8a8-11d8-92a4-b8a03c50a862	45.416667	-75.7							1883-09-29	29	9	1883	5954888	2519457	PRESERVED_SPECIMEN	NY	NY	47884	397			CC0_1_0	The New York Botanical Garden	J. Macoun			2024-12-25T06:19:51.392Z		GEODETIC_DATUM_ASSUMED_WGS84;MODIFIED_DATE_INVALID
1847646126	50c9509d-22c7-4a22-a47d-8c48425ef4a7	https://www.inaturalist.org/observations/9577189	Fungi	Basidiomycota	Agaricomycetes	Boletales	Boletaceae	Xerocomus	Xerocomus subtomentosus		SPECIES	Xerocomus subtomentosus (L.) Quél.	Xerocomus subtomentosus		CA		Ontario	PRESENT		28eb1a3f-1c15-4a95-931a-4af90ecb574d	45.5794	-78.51955	385.0						2014-09-19	19	9	2014	2519457	2519457	HUMAN_OBSERVATION	iNaturalist	Observations	9577189		mycowalt	2018-01-23T18:54:01	CC_BY_NC_4_0	mycowalt	mycowalt			2025-01-14T12:59:47.664Z	StillImage	CONTINENT_DERIVED_FROM_COORDINATES;TAXON_MATCH_TAXON_ID_IGNORED
1847644384	50c9509d-22c7-4a22-a47d-8c48425ef4a7	https://www.inaturalist.org/observations/9570528	Fungi	Basidiomycota	Agaricomycetes	Boletales	Boletaceae	Xerocomus	Xerocomus subtomentosus		SPECIES	Xerocomus subtomentosus (L.) Quél.	Xerocomus subtomentosus		CA		Ontario	PRESENT		28eb1a3f-1c15-4a95-931a-4af90ecb574d	45.7819	-78.3696							2000-09-20	20	9	2000	2519457	2519457	HUMAN_OBSERVATION	iNaturalist	Observations	9570528		mycowalt	2018-01-23T05:46:11	CC_BY_NC_4_0	mycowalt	mycowalt			2025-01-14T12:59:19.193Z	StillImage	COORDINATE_UNCERTAINTY_METERS_INVALID;CONTINENT_DERIVED_FROM_COORDINATES;TAXON_MATCH_TAXON_ID_IGNORED
1807262544	e8a25a42-f125-476c-8554-3ec21cd51a84	ACAD:119262	Fungi	Basidiomycota	Agaricomycetes	Boletales	Boletaceae	Xerocomus	Xerocomus subtomentosus		SPECIES	Boletus subtomentosus L.	Boletus subtomentosus	L., 1753	CA	Springhill	Nova Scotia	PRESENT		6491ad8c-8e49-4bd4-a089-0ddb3bbe0890	45.65152	-64.06004							1959-09-08	8	9	1959	5954888	2519457	PRESERVED_SPECIMEN	Acadia University	ACAD	7968F	7968			CC0_1_0	Acadia University	H, KA; Party, Congress			2024-01-25T01:37:02.897Z	StillImage	GEODETIC_DATUM_INVALID;GEODETIC_DATUM_ASSUMED_WGS84;TAXON_MATCH_TAXON_ID_IGNORED;INSTITUTION_MATCH_FUZZY;COLLECTION_MATCH_FUZZY
1807262516	e8a25a42-f125-476c-8554-3ec21cd51a84	ACAD:119263	Fungi	Basidiomycota	Agaricomycetes	Boletales	Boletaceae	Xerocomus	Xerocomus subtomentosus		SPECIES	Boletus subtomentosus L.	Boletus subtomentosus	L., 1753	CA	Fredericton	New Brunswick	PRESENT		6491ad8c-8e49-4bd4-a089-0ddb3bbe0890	45.945278	-66.666667							1959-09-04	4	9	1959	5954888	2519457	PRESERVED_SPECIMEN	Acadia University	ACAD	7969F	7969			CC0_1_0	Acadia University	H, KA; Party, Congress			2024-01-25T01:37:02.891Z	StillImage	COORDINATE_ROUNDED;GEODETIC_DATUM_INVALID;GEODETIC_DATUM_ASSUMED_WGS84;TAXON_MATCH_TAXON_ID_IGNORED;INSTITUTION_MATCH_FUZZY;COLLECTION_MATCH_FUZZY
1807262400	e8a25a42-f125-476c-8554-3ec21cd51a84	ACAD:119261	Fungi	Basidiomycota	Agaricomycetes	Boletales	Boletaceae	Xerocomus	Xerocomus subtomentosus		SPECIES	Boletus subtomentosus L.	Boletus subtomentosus	L., 1753	CA	Kentville	Nova Scotia	PRESENT		6491ad8c-8e49-4bd4-a089-0ddb3bbe0890	45.06019	-64.553339							1959-09-11	11	9	1959	5954888	2519457	PRESERVED_SPECIMEN	Acadia University	ACAD	7967F	7967			CC0_1_0	Acadia University	H, KA; Party, Congress			2024-01-25T01:37:02.891Z	StillImage	GEODETIC_DATUM_INVALID;GEODETIC_DATUM_ASSUMED_WGS84;TAXON_MATCH_TAXON_ID_IGNORED;INSTITUTION_MATCH_FUZZY;COLLECTION_MATCH_FUZZY
1807261175	e8a25a42-f125-476c-8554-3ec21cd51a84	ACAD:118112	Fungi	Basidiomycota	Agaricomycetes	Boletales	Boletaceae	Xerocomus	Xerocomus subtomentosus		SPECIES	Boletus subtomentosus L.	Boletus subtomentosus	L., 1753	CA	Coldbrook	Nova Scotia	PRESENT		6491ad8c-8e49-4bd4-a089-0ddb3bbe0890	45.06325	-64.58638							1974-08-01	1	8	1974	5954888	2519457	PRESERVED_SPECIMEN	Acadia University	ACAD	11110F	11110	G, D		CC0_1_0	Acadia University	G, D			2024-01-25T01:37:16.592Z	StillImage	GEODETIC_DATUM_INVALID;GEODETIC_DATUM_ASSUMED_WGS84;TAXON_MATCH_TAXON_ID_IGNORED;INSTITUTION_MATCH_FUZZY;COLLECTION_MATCH_FUZZY
1807259658	e8a25a42-f125-476c-8554-3ec21cd51a84	ACAD:116150	Fungi	Basidiomycota	Agaricomycetes	Boletales	Boletaceae	Xerocomus	Xerocomus subtomentosus		SPECIES	Boletus subtomentosus L.	Boletus subtomentosus	L., 1753	CA	Baxters Harbour	Nova Scotia	PRESENT		6491ad8c-8e49-4bd4-a089-0ddb3bbe0890	45.22736	-64.51611							1957-09-22	22	9	1957	5954888	2519457	PRESERVED_SPECIMEN	Acadia University	ACAD	3798F	3798			CC0_1_0	Acadia University	Harrison, KA			2024-01-25T01:37:04.287Z	StillImage	GEODETIC_DATUM_INVALID;GEODETIC_DATUM_ASSUMED_WGS84;TAXON_MATCH_TAXON_ID_IGNORED;INSTITUTION_MATCH_FUZZY;COLLECTION_MATCH_FUZZY
1807259655	e8a25a42-f125-476c-8554-3ec21cd51a84	ACAD:116153	Fungi	Basidiomycota	Agaricomycetes	Boletales	Boletaceae	Xerocomus	Xerocomus subtomentosus		SPECIES	Boletus subtomentosus L.	Boletus subtomentosus	L., 1753	CA	Kentville	Nova Scotia	PRESENT		6491ad8c-8e49-4bd4-a089-0ddb3bbe0890	45.07662	-64.49592							1958-09-12	12	9	1958	5954888	2519457	PRESERVED_SPECIMEN	Acadia University	ACAD	3802F	3802			CC0_1_0	Acadia University	H, KA			2024-01-25T01:37:04.287Z	StillImage	GEODETIC_DATUM_INVALID;GEODETIC_DATUM_ASSUMED_WGS84;TAXON_MATCH_TAXON_ID_IGNORED;INSTITUTION_MATCH_FUZZY;COLLECTION_MATCH_FUZZY
1807259499	e8a25a42-f125-476c-8554-3ec21cd51a84	ACAD:116151	Fungi	Basidiomycota	Agaricomycetes	Boletales	Boletaceae	Xerocomus	Xerocomus subtomentosus		SPECIES	Boletus subtomentosus L.	Boletus subtomentosus	L., 1753	CA	Kentville	Nova Scotia	PRESENT		6491ad8c-8e49-4bd4-a089-0ddb3bbe0890	45.07662	-64.49592							1958-09-22	22	9	1958	5954888	2519457	PRESERVED_SPECIMEN	Acadia University	ACAD	3799F	3799			CC0_1_0	Acadia University	H, KA			2024-01-25T01:37:04.287Z	StillImage	GEODETIC_DATUM_INVALID;GEODETIC_DATUM_ASSUMED_WGS84;TAXON_MATCH_TAXON_ID_IGNORED;INSTITUTION_MATCH_FUZZY;COLLECTION_MATCH_FUZZY
1807258039	e8a25a42-f125-476c-8554-3ec21cd51a84	ACAD:114716	Fungi	Basidiomycota	Agaricomycetes	Boletales	Boletaceae	Xerocomus	Xerocomus subtomentosus		SPECIES	Boletus subtomentosus L.	Boletus subtomentosus	L., 1753	CA	Grand Pre	Nova Scotia	PRESENT		6491ad8c-8e49-4bd4-a089-0ddb3bbe0890	45.10371	-64.30565							1936-08-20	20	8	1936	5954888	2519457	PRESERVED_SPECIMEN	Acadia University	ACAD	598F				CC0_1_0	Acadia University	H, KA			2024-01-25T01:37:15.109Z	StillImage	GEODETIC_DATUM_INVALID;GEODETIC_DATUM_ASSUMED_WGS84;TAXON_MATCH_TAXON_ID_IGNORED;INSTITUTION_MATCH_FUZZY;COLLECTION_MATCH_FUZZY
1807257959	e8a25a42-f125-476c-8554-3ec21cd51a84	ACAD:114718	Fungi	Basidiomycota	Agaricomycetes	Boletales	Boletaceae	Xerocomus	Xerocomus subtomentosus		SPECIES	Boletus subtomentosus L.	Boletus subtomentosus	L., 1753	CA	Evangeline Beach	Nova Scotia	PRESENT		6491ad8c-8e49-4bd4-a089-0ddb3bbe0890	45.13795	-64.308091							1936-08-30	30	8	1936	5954888	2519457	PRESERVED_SPECIMEN	Acadia University	ACAD	599F				CC0_1_0	Acadia University	H, KA			2024-01-25T01:37:15.110Z	StillImage	COORDINATE_ROUNDED;GEODETIC_DATUM_INVALID;GEODETIC_DATUM_ASSUMED_WGS84;TAXON_MATCH_TAXON_ID_IGNORED;INSTITUTION_MATCH_FUZZY;COLLECTION_MATCH_FUZZY
1807255960	e8a25a42-f125-476c-8554-3ec21cd51a84	ACAD:112560	Fungi	Basidiomycota	Agaricomycetes	Boletales	Boletaceae	Xerocomus	Xerocomus subtomentosus		SPECIES	Boletus subtomentosus L.	Boletus subtomentosus	L., 1753	CA	Kentville	Nova Scotia	PRESENT		6491ad8c-8e49-4bd4-a089-0ddb3bbe0890	45.07662	-64.49592							1953-08-13	13	8	1953	5954888	2519457	PRESERVED_SPECIMEN	Acadia University	ACAD	2451F	2451			CC0_1_0	Acadia University	Harrison, KA			2024-01-25T01:37:10.985Z	StillImage	GEODETIC_DATUM_INVALID;GEODETIC_DATUM_ASSUMED_WGS84;TAXON_MATCH_TAXON_ID_IGNORED;INSTITUTION_MATCH_FUZZY;COLLECTION_MATCH_FUZZY
1807255560	e8a25a42-f125-476c-8554-3ec21cd51a84	ACAD:112200	Fungi	Basidiomycota	Agaricomycetes	Boletales	Boletaceae	Xerocomus	Xerocomus subtomentosus		SPECIES	Boletus subtomentosus L.	Boletus subtomentosus	L., 1753	CA	(Kentville)	Nova Scotia	PRESENT		6491ad8c-8e49-4bd4-a089-0ddb3bbe0890	45.07662	-64.49592							1952-08-23	23	8	1952	5954888	2519457	PRESERVED_SPECIMEN	Acadia University	ACAD	1911F	1911			CC0_1_0	Acadia University	H, KA			2024-01-25T01:37:05.910Z	StillImage	GEODETIC_DATUM_INVALID;GEODETIC_DATUM_ASSUMED_WGS84;TAXON_MATCH_TAXON_ID_IGNORED;INSTITUTION_MATCH_FUZZY;COLLECTION_MATCH_FUZZY
1671718863	50c9509d-22c7-4a22-a47d-8c48425ef4a7	https://www.inaturalist.org/observations/7744298	Fungi	Basidiomycota	Agaricomycetes	Boletales	Boletaceae	Xerocomus	Xerocomus subtomentosus		SPECIES	Xerocomus subtomentosus (L.) Quél.	Xerocomus subtomentosus		CA		New Brunswick	PRESENT		28eb1a3f-1c15-4a95-931a-4af90ecb574d	46.386377	-66.45476	27015.0						2017-08-25T11:42	25	8	2017	2519457	2519457	HUMAN_OBSERVATION	iNaturalist	Observations	7744298		Dan Serpiello	2017-09-02T01:29:09	CC_BY_NC_4_0	Dan Serpiello	Dan Serpiello			2025-01-14T12:04:04.056Z	StillImage	COORDINATE_ROUNDED;CONTINENT_DERIVED_FROM_COORDINATES;TAXON_MATCH_TAXON_ID_IGNORED
1412706598	21705170-d2b6-42de-8904-c3bca4b83591	CMMF014987	Fungi	Basidiomycota	Agaricomycetes	Boletales	Boletaceae	Xerocomus	Xerocomus subtomentosus		SPECIES	Xerocomus subtomentosus (L.) Quél.	Xerocomus subtomentosus (L.) Quél.	(L.) Quél.	CA	Chicoutimi, Québec.	Québec	PRESENT		ff7bd5db-b724-4932-b496-10ea298851f9	48.368277	-71.119642	15000.0						1985-08-09	9	8	1985	2519457	2519457	PRESERVED_SPECIMEN	Université de Montréal Biodiversity Centre	CMMF	CMMF014987	1080	Guérin, Gérard		CC0_1_0	Université de Montréal Biodiversity Centre	Guérin, Gérard			2024-01-24T16:38:20.810Z	StillImage	INSTITUTION_MATCH_FUZZY;COLLECTION_MATCH_FUZZY;DIFFERENT_OWNER_INSTITUTION
1412706544	21705170-d2b6-42de-8904-c3bca4b83591	CMMF014986	Fungi	Basidiomycota	Agaricomycetes	Boletales	Boletaceae	Xerocomus	Xerocomus subtomentosus		SPECIES	Xerocomus subtomentosus (L.) Quél.	Xerocomus subtomentosus (L.) Quél.	(L.) Quél.	CA	Chicoutimi, Québec.	Québec	PRESENT		ff7bd5db-b724-4932-b496-10ea298851f9	48.368277	-71.119642	15000.0						1984-09-03	3	9	1984	2519457	2519457	PRESERVED_SPECIMEN	Université de Montréal Biodiversity Centre	CMMF	CMMF014986	1079	Guérin, Gérard		CC0_1_0	Université de Montréal Biodiversity Centre	Guérin, Gérard			2024-01-24T16:38:20.812Z	StillImage	INSTITUTION_MATCH_FUZZY;COLLECTION_MATCH_FUZZY;DIFFERENT_OWNER_INSTITUTION
1412706511	21705170-d2b6-42de-8904-c3bca4b83591	CMMF014989	Fungi	Basidiomycota	Agaricomycetes	Boletales	Boletaceae	Xerocomus	Xerocomus subtomentosus		SPECIES	Xerocomus subtomentosus (L.) Quél.	Xerocomus subtomentosus (L.) Quél.	(L.) Quél.	CA	Shipshaw, Québec.	Québec	PRESENT		ff7bd5db-b724-4932-b496-10ea298851f9	48.466834	-71.263421	2500.0						1993-08-15	15	8	1993	2519457	2519457	PRESERVED_SPECIMEN	Université de Montréal Biodiversity Centre	CMMF	CMMF014989	1082	Guérin, Gérard		CC0_1_0	Université de Montréal Biodiversity Centre	Guérin, Gérard			2024-01-24T16:38:20.818Z	StillImage	INSTITUTION_MATCH_FUZZY;COLLECTION_MATCH_FUZZY;DIFFERENT_OWNER_INSTITUTION
1412706481	21705170-d2b6-42de-8904-c3bca4b83591	CMMF014988	Fungi	Basidiomycota	Agaricomycetes	Boletales	Boletaceae	Xerocomus	Xerocomus subtomentosus		SPECIES	Xerocomus subtomentosus (L.) Quél.	Xerocomus subtomentosus (L.) Quél.	(L.) Quél.	CA	Valinois, Québec.	Québec	PRESENT		ff7bd5db-b724-4932-b496-10ea298851f9	48.645431	-70.897148	4000.0						1986-09-02	2	9	1986	2519457	2519457	PRESERVED_SPECIMEN	Université de Montréal Biodiversity Centre	CMMF	CMMF014988	1081	Guérin, Gérard		CC0_1_0	Université de Montréal Biodiversity Centre	Guérin, Gérard			2024-01-24T16:38:20.811Z	StillImage	INSTITUTION_MATCH_FUZZY;COLLECTION_MATCH_FUZZY;DIFFERENT_OWNER_INSTITUTION
1412706451	21705170-d2b6-42de-8904-c3bca4b83591	CMMF014985	Fungi	Basidiomycota	Agaricomycetes	Boletales	Boletaceae	Xerocomus	Xerocomus subtomentosus		SPECIES	Xerocomus subtomentosus (L.) Quél.	Xerocomus subtomentosus (L.) Quél.	(L.) Quél.	CA	Chicoutimi, Québec.	Québec	PRESENT		ff7bd5db-b724-4932-b496-10ea298851f9	48.368277	-71.119642	15000.0						1984-08-13	13	8	1984	2519457	2519457	PRESERVED_SPECIMEN	Université de Montréal Biodiversity Centre	CMMF	CMMF014985	1078	Guérin, Gérard		CC0_1_0	Université de Montréal Biodiversity Centre	Guérin, Gérard			2024-01-24T16:38:20.809Z	StillImage	INSTITUTION_MATCH_FUZZY;COLLECTION_MATCH_FUZZY;DIFFERENT_OWNER_INSTITUTION
1024560210	21705170-d2b6-42de-8904-c3bca4b83591	CMMF005676	Fungi	Basidiomycota	Agaricomycetes	Boletales	Boletaceae	Xerocomus	Xerocomus subtomentosus		SPECIES	Boletus subtomentosus L.	Boletus subtomentosus L.	L.	CA	Tracy	Québec	PRESENT		ff7bd5db-b724-4932-b496-10ea298851f9	45.974167	-73.174333	100.0						1980-08-30	30	8	1980	5954888	2519457	PRESERVED_SPECIMEN	Université de Montréal Biodiversity Centre	CMMF	CMMF005676	851	McNeil, Raymond		CC0_1_0	Université de Montréal Biodiversity Centre	McNeil, Raymond			2024-01-24T16:38:16.642Z	StillImage	COORDINATE_ROUNDED;INSTITUTION_MATCH_FUZZY;COLLECTION_MATCH_FUZZY;DIFFERENT_OWNER_INSTITUTION
