gbifID	datasetKey	occurrenceID	kingdom	phylum	class	order	family	genus	species	infraspecificEpithet	taxonRank	scientificName	verbatimScientificName	verbatimScientificNameAuthorship	countryCode	locality	stateProvince	occurrenceStatus	individualCount	publishingOrgKey	decimalLatitude	decimalLongitude	coordinateUncertaintyInMeters	coordinatePrecision	elevation	elevationAccuracy	depth	depthAccuracy	eventDate	day	month	year	taxonKey	speciesKey	basisOfRecord	institutionCode	collectionCode	catalogNumber	recordNumber	identifiedBy	dateIdentified	license	rightsHolder	recordedBy	typeStatus	establishmentMeans	lastInterpreted	mediaType	issue
617552688	21705170-d2b6-42de-8904-c3bca4b83591	CMMF003274	Fungi	Basidiomycota	Agaricomycetes	Russulales	Russulaceae	Lactarius	Lactarius torminosus		SPECIES	Lactarius torminosus (Schaeff.) Gray	Lactarius torminosus (Schaeff.) Gray	(Schaeff.) Gray	CA	Parc de la Yamaska	Québec	PRESENT		ff7bd5db-b724-4932-b496-10ea298851f9	45.429761	-72.616506	6000.0						1998-09-02	2	9	1998	5248619	8122710	PRESERVED_SPECIMEN	Université de Montréal Biodiversity Centre	CMMF	CMMF003274		Lamoureux, Yves		CC0_1_0	Université de Montréal Biodiversity Centre	Lamoureux, Yves			2024-01-24T16:38:17.028Z	StillImage	INSTITUTION_MATCH_FUZZY;COLLECTION_MATCH_FUZZY;DIFFERENT_OWNER_INSTITUTION
4976382423	50c9509d-22c7-4a22-a47d-8c48425ef4a7	https://www.inaturalist.org/observations/240432493	Fungi	Basidiomycota	Agaricomycetes	Russulales	Russulaceae	Lactarius	Lactarius torminosus		SPECIES	Lactarius torminosus (Schaeff.) Pers.	Lactarius torminosus		CA		Québec	PRESENT		28eb1a3f-1c15-4a95-931a-4af90ecb574d	46.540028	-71.801799							2024-09-07T09:37:54	7	9	2024	8122710	8122710	HUMAN_OBSERVATION	iNaturalist	Observations	240432493		egrenier	2024-09-07T23:23:52	CC_BY_NC_4_0	egrenier	egrenier			2025-01-14T13:43:11.061Z	StillImage	COORDINATE_ROUNDED;CONTINENT_DERIVED_FROM_COORDINATES;TAXON_MATCH_TAXON_ID_IGNORED
4974241146	50c9509d-22c7-4a22-a47d-8c48425ef4a7	https://www.inaturalist.org/observations/247828649	Fungi	Basidiomycota	Agaricomycetes	Russulales	Russulaceae	Lactarius	Lactarius torminosus		SPECIES	Lactarius torminosus (Schaeff.) Pers.	Lactarius torminosus		CA		Québec	PRESENT		28eb1a3f-1c15-4a95-931a-4af90ecb574d	46.383817	-74.509758	48.0						2024-08-31T16:04	31	8	2024	8122710	8122710	HUMAN_OBSERVATION	iNaturalist	Observations	247828649		gabboilard	2024-10-17T22:21:17	CC_BY_NC_4_0	gabboilard	gabboilard			2025-01-14T12:54:36.078Z	StillImage	COORDINATE_ROUNDED;CONTINENT_DERIVED_FROM_COORDINATES;TAXON_MATCH_TAXON_ID_IGNORED
4952825522	50c9509d-22c7-4a22-a47d-8c48425ef4a7	https://www.inaturalist.org/observations/244588237	Fungi	Basidiomycota	Agaricomycetes	Russulales	Russulaceae	Lactarius	Lactarius torminosus		SPECIES	Lactarius torminosus (Schaeff.) Pers.	Lactarius torminosus		CA		Québec	PRESENT		28eb1a3f-1c15-4a95-931a-4af90ecb574d	45.778723	-72.003592	571.0						2024-09-28T15:03:15	28	9	2024	8122710	8122710	HUMAN_OBSERVATION	iNaturalist	Observations	244588237		egrenier	2024-09-28T22:47:39	CC_BY_NC_4_0	egrenier	egrenier			2025-01-14T12:57:41.197Z	StillImage	COORDINATE_ROUNDED;CONTINENT_DERIVED_FROM_COORDINATES;TAXON_MATCH_TAXON_ID_IGNORED
4413685649	50c9509d-22c7-4a22-a47d-8c48425ef4a7	https://www.inaturalist.org/observations/182211330	Fungi	Basidiomycota	Agaricomycetes	Russulales	Russulaceae	Lactarius	Lactarius torminosus		SPECIES	Lactarius torminosus (Schaeff.) Pers.	Lactarius torminosus		CA		Québec	PRESENT		28eb1a3f-1c15-4a95-931a-4af90ecb574d	48.182722	-77.71557	5.0						2023-09-03T10:38:45	3	9	2023	8122710	8122710	HUMAN_OBSERVATION	iNaturalist	Observations	182211330		Lynn Ovenden	2023-09-07T17:30:30	CC_BY_NC_4_0	Lynn Ovenden	Lynn Ovenden			2025-01-14T12:42:12.399Z	StillImage	COORDINATE_ROUNDED;CONTINENT_DERIVED_FROM_COORDINATES;TAXON_MATCH_TAXON_ID_IGNORED
4166305650	695cef75-b65f-4776-b2ed-74565eebb16e	02-01000973802	Fungi	Basidiomycota	Agaricomycetes	Russulales	Russulaceae	Lactarius	Lactarius torminosus		SPECIES	Lactarius torminosus (Schaeff.) Gray	Lactarius torminosus	(Schaeff.) Gray	CA	Smith Lake	Ontario	PRESENT		055bd978-2daa-4543-b3f0-44e0e87e86ca	45.572222	-77.277778							1974-08-27	27	8	1974	5248619	8122710	PRESERVED_SPECIMEN	AAFC	DAOM	186717		D. Malloch		CC_BY_4_0	©His Majesty the King in Right of Canada, as represented by the Minister of Agriculture and Agri-Food	Paul Johnson			2025-01-12T05:11:16.564Z		GEODETIC_DATUM_ASSUMED_WGS84;CONTINENT_DERIVED_FROM_COORDINATES;TAXON_MATCH_TAXON_ID_IGNORED;INSTITUTION_MATCH_FUZZY
4104438627	5a6538b8-e35c-46c4-8978-6858a657a75f	514b5fdb-d3dd-4e28-95a5-c1ebff6cd144	Fungi	Basidiomycota	Agaricomycetes	Russulales	Russulaceae	Lactarius	Lactarius torminosus		SPECIES	Lactarius torminosus (Schaeff.) Gray	Lactarius torminosus	(Schaeff.) Gray	CA	La Verendrye Park	Quebec	PRESENT		a26dde42-dd82-4d07-a763-353ab27fc02c	46.783333	-76.25	301.0						1965-09-13	13	9	1965	5248619	8122710	PRESERVED_SPECIMEN	CUP		CUP-055944	65-19	J. W. Groves		CC0_1_0		J. W. Groves			2025-01-15T04:26:05.328Z	StillImage	GEODETIC_DATUM_ASSUMED_WGS84;CONTINENT_DERIVED_FROM_COORDINATES;TAXON_MATCH_TAXON_ID_IGNORED;COLLECTION_MATCH_NONE;INSTITUTION_MATCH_FUZZY
4099916964	d1a3b128-b406-46bb-a6d1-f3591dcc8a7b	78b24e49-dd83-45ad-952d-22de32147fca	Fungi	Basidiomycota	Agaricomycetes	Russulales	Russulaceae	Lactarius	Lactarius torminosus		SPECIES	Lactarius torminosus (Schaeff.) Gray	Lactarius torminosus	(Schaeff.) Gray	CA	Horse Shoe Bay near Dunrobin	Ontario	PRESENT		e43cf4b8-849e-4fac-b075-e652d019d2cf	45.42149	-76.01997	301.0						1939-08-20	20	8	1939	5248619	8122710	PRESERVED_SPECIMEN	BPI		BPI 763338		Groves, J. W.		CC0_1_0		Racicot, H. N.			2025-01-15T04:59:41.935Z		GEODETIC_DATUM_ASSUMED_WGS84;CONTINENT_DERIVED_FROM_COORDINATES;TAXON_MATCH_TAXON_ID_IGNORED;INSTITUTION_MATCH_FUZZY
4099916950	d1a3b128-b406-46bb-a6d1-f3591dcc8a7b	29ad656b-ff42-49c8-b90b-25d954a29d2c	Fungi	Basidiomycota	Agaricomycetes	Russulales	Russulaceae	Lactarius	Lactarius torminosus		SPECIES	Lactarius torminosus (Schaeff.) Gray	Lactarius torminosus	(Schaeff.) Gray	CA	La Verendrye Park	Quebec	PRESENT		e43cf4b8-849e-4fac-b075-e652d019d2cf	46.783333	-76.25	301.0						1965-09-13	13	9	1965	5248619	8122710	PRESERVED_SPECIMEN	BPI		BPI 763224		Groves, J. W.		CC0_1_0		Groves, J. W.			2025-01-15T04:59:41.973Z		GEODETIC_DATUM_ASSUMED_WGS84;CONTINENT_DERIVED_FROM_COORDINATES;TAXON_MATCH_TAXON_ID_IGNORED;INSTITUTION_MATCH_FUZZY
4099459965	d1a3b128-b406-46bb-a6d1-f3591dcc8a7b	241b510e-9b22-43e8-871f-b82e5e206992	Fungi	Basidiomycota	Agaricomycetes	Russulales	Russulaceae	Lactarius	Lactarius torminosus		SPECIES	Lactarius torminosus (Schaeff.) Gray	Lactarius torminosus	(Schaeff.) Gray	CA	La Verendrye Park	Quebec	PRESENT		e43cf4b8-849e-4fac-b075-e652d019d2cf	46.783333	-76.25	301.0						1963-09-10	10	9	1963	5248619	8122710	PRESERVED_SPECIMEN	BPI		BPI 763225		Groves, J. W.		CC0_1_0		Pantidou, M.; Elliott, M. E.			2025-01-15T04:59:41.249Z		GEODETIC_DATUM_ASSUMED_WGS84;CONTINENT_DERIVED_FROM_COORDINATES;TAXON_MATCH_TAXON_ID_IGNORED;INSTITUTION_MATCH_FUZZY
4023664718	fb9d7c38-5759-4c30-9e09-5b6bd43f78a6	http://id.luomus.fi/MY.3666722	Fungi	Basidiomycota	Agaricomycetes	Russulales	Russulaceae	Lactarius	Lactarius torminosus		SPECIES	Lactarius torminosus (Schaeff.) Pers.	Lactarius torminosus (Schaeff.:Fr.) Pers.		CA	Lake Clear	Ontario	PRESENT		04fd2e13-6881-4e5c-9dd1-8fdd9ab993c1	45.666666	-77.25							1968-09-22T00:00Z	22	9	1968	8122710	8122710	PRESERVED_SPECIMEN	H		http://id.luomus.fi/HA.H7036149				CC_BY_4_0		Groves, J. W.			2025-01-17T02:41:17.578Z		CONTINENT_DERIVED_FROM_COORDINATES;TAXON_MATCH_TAXON_ID_IGNORED;COLLECTION_MATCH_NONE;INSTITUTION_MATCH_FUZZY
4023663395	fb9d7c38-5759-4c30-9e09-5b6bd43f78a6	http://id.luomus.fi/MY.12449278	Fungi	Basidiomycota	Agaricomycetes	Russulales	Russulaceae	Lactarius	Lactarius torminosus		SPECIES	Lactarius torminosus (Schaeff.) Pers.	Lactarius torminosus (Schaeff.:Fr.) Pers.		CA	La Verendrye Park	Quebec	PRESENT		04fd2e13-6881-4e5c-9dd1-8fdd9ab993c1	47.03	-76.53							1965-09-13T00:00Z	13	9	1965	8122710	8122710	PRESERVED_SPECIMEN	H		http://id.luomus.fi/HA.H7076863	J.W. groves 65-19			CC_BY_4_0		Groves, J. W.			2025-01-17T02:41:17.143Z		CONTINENT_DERIVED_FROM_COORDINATES;TAXON_MATCH_TAXON_ID_IGNORED;COLLECTION_MATCH_NONE;INSTITUTION_MATCH_FUZZY
3925378282	50c9509d-22c7-4a22-a47d-8c48425ef4a7	https://www.inaturalist.org/observations/138019119	Fungi	Basidiomycota	Agaricomycetes	Russulales	Russulaceae	Lactarius	Lactarius torminosus		SPECIES	Lactarius torminosus (Schaeff.) Pers.	Lactarius torminosus		CA		New Brunswick	PRESENT		28eb1a3f-1c15-4a95-931a-4af90ecb574d	46.280868	-64.573686							2022-10-06T16:49:18	6	10	2022	8122710	8122710	HUMAN_OBSERVATION	iNaturalist	Observations	138019119		cinna_latifolia	2022-10-09T06:47:37	CC_BY_NC_4_0	Guylaine Jean-Gagnon	Guylaine Jean-Gagnon			2025-01-14T13:21:53.246Z	StillImage	COORDINATE_ROUNDED;CONTINENT_DERIVED_FROM_COORDINATES;TAXON_MATCH_TAXON_ID_IGNORED
3384294560	50c9509d-22c7-4a22-a47d-8c48425ef4a7	https://www.inaturalist.org/observations/95459443	Fungi	Basidiomycota	Agaricomycetes	Russulales	Russulaceae	Lactarius	Lactarius torminosus		SPECIES	Lactarius torminosus (Schaeff.) Pers.	Lactarius torminosus		CA		Québec	PRESENT		28eb1a3f-1c15-4a95-931a-4af90ecb574d	46.194683	-73.57332	12.0						2021-09-19T14:04:05	19	9	2021	8122710	8122710	HUMAN_OBSERVATION	iNaturalist	Observations	95459443		cinna_latifolia	2021-09-20T05:16:14	CC_BY_NC_4_0	pmlviens	pmlviens			2025-01-14T13:14:49.098Z	StillImage	COORDINATE_ROUNDED;CONTINENT_DERIVED_FROM_COORDINATES;TAXON_MATCH_TAXON_ID_IGNORED
3383888439	50c9509d-22c7-4a22-a47d-8c48425ef4a7	https://www.inaturalist.org/observations/38326643	Fungi	Basidiomycota	Agaricomycetes	Russulales	Russulaceae	Lactarius	Lactarius torminosus		SPECIES	Lactarius torminosus (Schaeff.) Pers.	Lactarius torminosus		CA		Ontario	PRESENT		28eb1a3f-1c15-4a95-931a-4af90ecb574d	45.018155	-77.119286	7813.0						2018-09-12T10:45	12	9	2018	8122710	8122710	HUMAN_OBSERVATION	iNaturalist	Observations	38326643		Rodney Lee	2020-02-05T13:53:32	CC_BY_NC_4_0	Rodney Lee	Rodney Lee			2025-01-14T13:00:14.384Z	StillImage	COORDINATE_ROUNDED;CONTINENT_DERIVED_FROM_COORDINATES;TAXON_MATCH_TAXON_ID_IGNORED
3349426355	d8cd16ba-bb74-4420-821e-083f2bac17c2	MN992447	Fungi	Basidiomycota	Agaricomycetes	Russulales	Russulaceae	Lactarius	Lactarius torminosus		SPECIES	Lactarius torminosus (Schaeff.) Pers.	Lactarius torminosus		CA	Quebec, Anticosti		PRESENT		ada9d123-ddb4-467d-8891-806ea8d94230	49.9	-64.4							2015-09-09	9	9	2015	8122710	8122710	PRESERVED_SPECIMEN			ANT224-QFB28703		Herman Lambert		CC_BY_4_0		Paul, A.			2025-01-18T13:06:00.317Z		GEODETIC_DATUM_ASSUMED_WGS84;CONTINENT_DERIVED_FROM_COORDINATES;TAXON_MATCH_TAXON_CONCEPT_ID_IGNORED;TAXON_MATCH_TAXON_ID_IGNORED
2802614515	50c9509d-22c7-4a22-a47d-8c48425ef4a7	https://www.inaturalist.org/observations/33237505	Fungi	Basidiomycota	Agaricomycetes	Russulales	Russulaceae	Lactarius	Lactarius torminosus		SPECIES	Lactarius torminosus (Schaeff.) Pers.	Lactarius torminosus		CA		Ontario	PRESENT		28eb1a3f-1c15-4a95-931a-4af90ecb574d	45.512625	-75.337543							2019-09-21T11:04	21	9	2019	8122710	8122710	HUMAN_OBSERVATION	iNaturalist	Observations	33237505		Serguei Ponomarenko	2019-09-23T02:26:24	CC_BY_NC_4_0	Serguei Ponomarenko	Serguei Ponomarenko			2025-01-14T13:06:23.949Z	StillImage	COORDINATE_ROUNDED;CONTINENT_DERIVED_FROM_COORDINATES;TAXON_MATCH_TAXON_ID_IGNORED
2579219701	50c9509d-22c7-4a22-a47d-8c48425ef4a7	https://www.inaturalist.org/observations/33397003	Fungi	Basidiomycota	Agaricomycetes	Russulales	Russulaceae	Lactarius	Lactarius torminosus		SPECIES	Lactarius torminosus (Schaeff.) Pers.	Lactarius torminosus		CA		Ontario	PRESENT		28eb1a3f-1c15-4a95-931a-4af90ecb574d	45.391514	-79.214485	180.0						2019-09-15T15:01	15	9	2019	8122710	8122710	HUMAN_OBSERVATION	iNaturalist	Observations	33397003		mycowalt	2019-09-25T21:58:03	CC_BY_NC_4_0	mycowalt	mycowalt			2025-01-14T13:03:38.635Z	StillImage	CONTINENT_DERIVED_FROM_COORDINATES;TAXON_MATCH_TAXON_ID_IGNORED
2429442464	50c9509d-22c7-4a22-a47d-8c48425ef4a7	https://www.inaturalist.org/observations/34046717	Fungi	Basidiomycota	Agaricomycetes	Russulales	Russulaceae	Lactarius	Lactarius torminosus		SPECIES	Lactarius torminosus (Schaeff.) Pers.	Lactarius torminosus		CA		Ontario	PRESENT		28eb1a3f-1c15-4a95-931a-4af90ecb574d	45.391553	-79.214678	695.0						2019-09-15T15:01	15	9	2019	8122710	8122710	HUMAN_OBSERVATION	iNaturalist	Observations	34046717		mycowalt	2019-10-08T02:07:21	CC_BY_NC_4_0	mycowalt	mycowalt			2025-01-14T13:06:23.961Z	StillImage	COORDINATE_ROUNDED;CONTINENT_DERIVED_FROM_COORDINATES;TAXON_MATCH_TAXON_ID_IGNORED
1847647109	50c9509d-22c7-4a22-a47d-8c48425ef4a7	https://www.inaturalist.org/observations/9593202	Fungi	Basidiomycota	Agaricomycetes	Russulales	Russulaceae	Lactarius	Lactarius torminosus		SPECIES	Lactarius torminosus (Schaeff.) Pers.	Lactarius torminosus		CA		Ontario	PRESENT		28eb1a3f-1c15-4a95-931a-4af90ecb574d	45.40545	-78.88685	3012.0						2016-09-21	21	9	2016	8122710	8122710	HUMAN_OBSERVATION	iNaturalist	Observations	9593202		mycowalt	2018-01-24T01:51:18	CC_BY_NC_4_0	mycowalt	mycowalt			2025-01-14T12:04:22.386Z	StillImage	CONTINENT_DERIVED_FROM_COORDINATES;TAXON_MATCH_TAXON_ID_IGNORED
1847646746	50c9509d-22c7-4a22-a47d-8c48425ef4a7	https://www.inaturalist.org/observations/9590796	Fungi	Basidiomycota	Agaricomycetes	Russulales	Russulaceae	Lactarius	Lactarius torminosus		SPECIES	Lactarius torminosus (Schaeff.) Pers.	Lactarius torminosus		CA		Ontario	PRESENT		28eb1a3f-1c15-4a95-931a-4af90ecb574d	45.69085	-78.32155	84661.0						2015-09-14	14	9	2015	8122710	8122710	HUMAN_OBSERVATION	iNaturalist	Observations	9590796		mycowalt	2018-01-23T22:45:04	CC_BY_NC_4_0	mycowalt	mycowalt			2025-01-14T13:00:33.300Z	StillImage	CONTINENT_DERIVED_FROM_COORDINATES;TAXON_MATCH_TAXON_ID_IGNORED
1841192455	50c9509d-22c7-4a22-a47d-8c48425ef4a7	https://www.inaturalist.org/observations/10888489	Fungi	Basidiomycota	Agaricomycetes	Russulales	Russulaceae	Lactarius	Lactarius torminosus		SPECIES	Lactarius torminosus (Schaeff.) Pers.	Lactarius torminosus		CA		Québec	PRESENT		28eb1a3f-1c15-4a95-931a-4af90ecb574d	45.94733	-74.912595							2009-09-06T14:56:08	6	9	2009	8122710	8122710	HUMAN_OBSERVATION	iNaturalist	Observations	10888489		John Plischke	2018-04-14T05:37:41	CC_BY_NC_4_0	John Plischke	John Plischke			2025-01-14T13:00:01.163Z		CONTINENT_DERIVED_FROM_COORDINATES;TAXON_MATCH_TAXON_ID_IGNORED
1807260233	e8a25a42-f125-476c-8554-3ec21cd51a84	ACAD:117051	Fungi	Basidiomycota	Agaricomycetes	Russulales	Russulaceae	Lactarius	Lactarius torminosus		SPECIES	Lactarius torminosus (Schaeff.) Gray	Lactarius torminosus (Schaeff.) Gray	(Schaeff.) Gray	CA	Kentville	Nova Scotia	PRESENT		6491ad8c-8e49-4bd4-a089-0ddb3bbe0890	45.07662	-64.49592							1959-09-11	11	9	1959	5248619	8122710	PRESERVED_SPECIMEN	Acadia University	ACAD	5315F	5315			CC0_1_0	Acadia University	H, KA			2024-01-25T01:37:12.517Z	StillImage	GEODETIC_DATUM_INVALID;GEODETIC_DATUM_ASSUMED_WGS84;TAXON_MATCH_TAXON_ID_IGNORED;INSTITUTION_MATCH_FUZZY;COLLECTION_MATCH_FUZZY
1807259957	e8a25a42-f125-476c-8554-3ec21cd51a84	ACAD:116178	Fungi	Basidiomycota	Agaricomycetes	Russulales	Russulaceae	Lactarius	Lactarius torminosus		SPECIES	Lactarius torminosus (Schaeff.) Gray	Lactarius torminosus (Schaeff.) Gray	(Schaeff.) Gray	CA	Canaan	Nova Scotia	PRESENT		6491ad8c-8e49-4bd4-a089-0ddb3bbe0890	45.03173	-64.48681							1957-09-22	22	9	1957	5248619	8122710	PRESERVED_SPECIMEN	Acadia University	ACAD	3857F	3857			CC0_1_0	Acadia University	H, KA			2024-01-25T01:37:04.301Z	StillImage	GEODETIC_DATUM_INVALID;GEODETIC_DATUM_ASSUMED_WGS84;TAXON_MATCH_TAXON_ID_IGNORED;INSTITUTION_MATCH_FUZZY;COLLECTION_MATCH_FUZZY
1807259539	e8a25a42-f125-476c-8554-3ec21cd51a84	ACAD:116179	Fungi	Basidiomycota	Agaricomycetes	Russulales	Russulaceae	Lactarius	Lactarius torminosus		SPECIES	Lactarius torminosus (Schaeff.) Gray	Lactarius torminosus (Schaeff.) Gray	(Schaeff.) Gray	CA	Canaan	Nova Scotia	PRESENT		6491ad8c-8e49-4bd4-a089-0ddb3bbe0890	45.03173	-64.48681							1957-09-24	24	9	1957	5248619	8122710	PRESERVED_SPECIMEN	Acadia University	ACAD	3858F	3858			CC0_1_0	Acadia University	H, KA			2024-01-25T01:37:04.302Z	StillImage	GEODETIC_DATUM_INVALID;GEODETIC_DATUM_ASSUMED_WGS84;TAXON_MATCH_TAXON_ID_IGNORED;INSTITUTION_MATCH_FUZZY;COLLECTION_MATCH_FUZZY
1412709338	21705170-d2b6-42de-8904-c3bca4b83591	CMMF017843	Fungi	Basidiomycota	Agaricomycetes	Russulales	Russulaceae	Lactarius	Lactarius torminosus		SPECIES	Lactarius torminosus (Schaeff.) Gray	Lactarius torminosus (Schaeff.) Gray	(Schaeff.) Gray	CA	Chemin du lac Geai. Entre le chemin et le lac Cromwell. Station de biologie des Laurentides, Saint-Hippolyte, Québec.	Québec	PRESENT		ff7bd5db-b724-4932-b496-10ea298851f9	45.990692	-74.002148	500.0						1977-08-24	24	8	1977	5248619	8122710	PRESERVED_SPECIMEN	Université de Montréal Biodiversity Centre	CMMF	CMMF017843	72	Neumann, Peterjurgen; R., S.		CC0_1_0	Université de Montréal Biodiversity Centre	Neumann, Peterjurgen; R., S.			2024-01-24T16:38:16.703Z		INSTITUTION_MATCH_FUZZY;COLLECTION_MATCH_FUZZY;DIFFERENT_OWNER_INSTITUTION
1412705921	21705170-d2b6-42de-8904-c3bca4b83591	CMMF014439	Fungi	Basidiomycota	Agaricomycetes	Russulales	Russulaceae	Lactarius	Lactarius torminosus		SPECIES	Lactarius torminosus (Schaeff.) Gray	Lactarius torminosus (Schaeff.) Gray	(Schaeff.) Gray	CA	Chicoutimi, Québec.	Québec	PRESENT		ff7bd5db-b724-4932-b496-10ea298851f9	48.368277	-71.119642	15000.0						1984-09-03	3	9	1984	5248619	8122710	PRESERVED_SPECIMEN	Université de Montréal Biodiversity Centre	CMMF	CMMF014439	1280	Guérin, Gérard		CC0_1_0	Université de Montréal Biodiversity Centre	Guérin, Gérard			2024-01-24T16:38:19.501Z	StillImage	INSTITUTION_MATCH_FUZZY;COLLECTION_MATCH_FUZZY;DIFFERENT_OWNER_INSTITUTION
1412703076	21705170-d2b6-42de-8904-c3bca4b83591	CMMF011570	Fungi	Basidiomycota	Agaricomycetes	Russulales	Russulaceae	Lactarius	Lactarius torminosus		SPECIES	Lactarius torminosus (Schaeff.) Gray	Lactarius torminosus (Schaeff.) Gray	(Schaeff.) Gray	CA	Sainte-Anne de la Pocatière, Kamouraska, Québec.	Québec	PRESENT		ff7bd5db-b724-4932-b496-10ea298851f9	47.366667	-70.033333	8000.0						1944-09-09	9	9	1944	5248619	8122710	PRESERVED_SPECIMEN	Université de Montréal Biodiversity Centre	CMMF	CMMF011570	18409	Pomerleau, René		CC0_1_0	Université de Montréal Biodiversity Centre	Campagna, Elzéar; Dubé, Lucien			2024-01-24T16:38:18.048Z		INSTITUTION_MATCH_FUZZY;COLLECTION_MATCH_FUZZY;DIFFERENT_OWNER_INSTITUTION
1135071419	21705170-d2b6-42de-8904-c3bca4b83591	CMMF009981	Fungi	Basidiomycota	Agaricomycetes	Russulales	Russulaceae	Lactarius	Lactarius torminosus		SPECIES	Lactarius torminosus (Schaeff.) Gray	Lactarius torminosus (Schaeff.) Gray	(Schaeff.) Gray	CA	Chemin Chapelle nord, Lac-Beauport.	Québec	PRESENT		ff7bd5db-b724-4932-b496-10ea298851f9	46.950203	-71.284979	150.0						2007-09-10	10	9	2007	5248619	8122710	PRESERVED_SPECIMEN	Université de Montréal Biodiversity Centre	CMMF	CMMF009981	1566	Labrecque, Jacqueline		CC0_1_0	Université de Montréal Biodiversity Centre	Labrecque, Jacqueline			2024-01-24T16:38:21.442Z		INSTITUTION_MATCH_FUZZY;COLLECTION_MATCH_FUZZY;DIFFERENT_OWNER_INSTITUTION
1135071405	21705170-d2b6-42de-8904-c3bca4b83591	CMMF009886	Fungi	Basidiomycota	Agaricomycetes	Russulales	Russulaceae	Lactarius	Lactarius torminosus		SPECIES	Lactarius torminosus (Schaeff.) Gray	Lactarius torminosus (Schaeff.) Gray	(Schaeff.) Gray	CA	M. Tremblay, chemin de l'Éperon, Lac-Beauport.	Québec	PRESENT		ff7bd5db-b724-4932-b496-10ea298851f9	46.953091	-71.275238	5000.0						2007-08-29	29	8	2007	5248619	8122710	PRESERVED_SPECIMEN	Université de Montréal Biodiversity Centre	CMMF	CMMF009886	1470	Labrecque, Jacqueline		CC0_1_0	Université de Montréal Biodiversity Centre	Labrecque, Jacqueline			2024-01-24T16:38:21.305Z		INSTITUTION_MATCH_FUZZY;COLLECTION_MATCH_FUZZY;DIFFERENT_OWNER_INSTITUTION
1135070487	21705170-d2b6-42de-8904-c3bca4b83591	CMMF009021	Fungi	Basidiomycota	Agaricomycetes	Russulales	Russulaceae	Lactarius	Lactarius torminosus		SPECIES	Lactarius torminosus (Schaeff.) Gray	Lactarius torminosus (Schaeff.) Gray	(Schaeff.) Gray	CA	Chemin Chapelle, Lac-Beauport.	Québec	PRESENT		ff7bd5db-b724-4932-b496-10ea298851f9	46.949281	-71.284722	250.0						2006-08-23	23	8	2006	5248619	8122710	PRESERVED_SPECIMEN	Université de Montréal Biodiversity Centre	CMMF	CMMF009021	604	Labrecque, Jacqueline		CC0_1_0	Université de Montréal Biodiversity Centre	Labrecque, Jacqueline			2024-01-24T16:38:20.159Z	StillImage	INSTITUTION_MATCH_FUZZY;COLLECTION_MATCH_FUZZY;DIFFERENT_OWNER_INSTITUTION
1135070448	21705170-d2b6-42de-8904-c3bca4b83591	CMMF009062	Fungi	Basidiomycota	Agaricomycetes	Russulales	Russulaceae	Lactarius	Lactarius torminosus		SPECIES	Lactarius torminosus (Schaeff.) Gray	Lactarius torminosus (Schaeff.) Gray	(Schaeff.) Gray	CA	Chemin de la Chapelle, Lac-Beauport.	Québec	PRESENT		ff7bd5db-b724-4932-b496-10ea298851f9	46.949281	-71.284722	250.0						2006-08-29	29	8	2006	5248619	8122710	PRESERVED_SPECIMEN	Université de Montréal Biodiversity Centre	CMMF	CMMF009062	645	Labrecque, Jacqueline		CC0_1_0	Université de Montréal Biodiversity Centre	Labrecque, Jacqueline			2024-01-24T16:38:20.183Z		INSTITUTION_MATCH_FUZZY;COLLECTION_MATCH_FUZZY;DIFFERENT_OWNER_INSTITUTION
1135069552	21705170-d2b6-42de-8904-c3bca4b83591	CMMF008119	Fungi	Basidiomycota	Agaricomycetes	Russulales	Russulaceae	Lactarius	Lactarius torminosus		SPECIES	Lactarius torminosus (Schaeff.) Gray	Lactarius torminosus (Schaeff.) Gray	(Schaeff.) Gray	CA	Lac Bouchette	Québec	PRESENT		ff7bd5db-b724-4932-b496-10ea298851f9	48.266667	-72.203333	100.0						2006-09-02	2	9	2006	5248619	8122710	PRESERVED_SPECIMEN	Université de Montréal Biodiversity Centre	CMMF	CMMF008119	C2913	McNeil, Raymond		CC0_1_0	Université de Montréal Biodiversity Centre	McNeil, Raymond			2024-01-24T16:38:18.128Z	StillImage	COORDINATE_ROUNDED;INSTITUTION_MATCH_FUZZY;COLLECTION_MATCH_FUZZY;DIFFERENT_OWNER_INSTITUTION
1135069097	21705170-d2b6-42de-8904-c3bca4b83591	CMMF007631	Fungi	Basidiomycota	Agaricomycetes	Russulales	Russulaceae	Lactarius	Lactarius torminosus		SPECIES	Lactarius torminosus (Schaeff.) Gray	Lactarius torminosus (Schaeff.) Gray	(Schaeff.) Gray	CA	St-Hippolyte	Québec	PRESENT		ff7bd5db-b724-4932-b496-10ea298851f9	45.989333	-74.003633	100.0						1979-09-15	15	9	1979	5248619	8122710	PRESERVED_SPECIMEN	Université de Montréal Biodiversity Centre	CMMF	CMMF007631	Inexistant	McNeil, Raymond		CC0_1_0	Université de Montréal Biodiversity Centre	McNeil, Raymond			2024-01-24T16:38:16.040Z	StillImage	INSTITUTION_MATCH_FUZZY;COLLECTION_MATCH_FUZZY;DIFFERENT_OWNER_INSTITUTION
1135068198	21705170-d2b6-42de-8904-c3bca4b83591	CMMF006750	Fungi	Basidiomycota	Agaricomycetes	Russulales	Russulaceae	Lactarius	Lactarius torminosus		SPECIES	Lactarius torminosus (Schaeff.) Gray	Lactarius torminosus (Schaeff.) Gray	(Schaeff.) Gray	CA	Papineauville	Québec	PRESENT		ff7bd5db-b724-4932-b496-10ea298851f9	45.621267	-75.025	100.0						2011-09-09	9	9	2011	5248619	8122710	PRESERVED_SPECIMEN	Université de Montréal Biodiversity Centre	CMMF	CMMF006750	C3927	McNeil, Raymond		CC0_1_0	Université de Montréal Biodiversity Centre	McNeil, Raymond			2024-01-24T16:38:18.564Z	StillImage	COORDINATE_ROUNDED;INSTITUTION_MATCH_FUZZY;COLLECTION_MATCH_FUZZY;DIFFERENT_OWNER_INSTITUTION
1135066654	21705170-d2b6-42de-8904-c3bca4b83591	CMMF010083	Fungi	Basidiomycota	Agaricomycetes	Russulales	Russulaceae	Lactarius	Lactarius torminosus		SPECIES	Lactarius torminosus (Schaeff.) Gray	Lactarius torminosus (Schaeff.) Gray	(Schaeff.) Gray	CA	Chemin de la Chapelle, Lac-Beauport.	Québec	PRESENT		ff7bd5db-b724-4932-b496-10ea298851f9	46.949281	-71.284722	250.0						2007-09-25	25	9	2007	5248619	8122710	PRESERVED_SPECIMEN	Université de Montréal Biodiversity Centre	CMMF	CMMF010083	1669	Labrecque, Jacqueline		CC0_1_0	Université de Montréal Biodiversity Centre	Labrecque, Jacqueline			2024-01-24T16:38:20.188Z		INSTITUTION_MATCH_FUZZY;COLLECTION_MATCH_FUZZY;DIFFERENT_OWNER_INSTITUTION
