gbifID	datasetKey	occurrenceID	kingdom	phylum	class	order	family	genus	species	infraspecificEpithet	taxonRank	scientificName	verbatimScientificName	verbatimScientificNameAuthorship	countryCode	locality	stateProvince	occurrenceStatus	individualCount	publishingOrgKey	decimalLatitude	decimalLongitude	coordinateUncertaintyInMeters	coordinatePrecision	elevation	elevationAccuracy	depth	depthAccuracy	eventDate	day	month	year	taxonKey	speciesKey	basisOfRecord	institutionCode	collectionCode	catalogNumber	recordNumber	identifiedBy	dateIdentified	license	rightsHolder	recordedBy	typeStatus	establishmentMeans	lastInterpreted	mediaType	issue
694158824	d7cfd2ed-8af4-427f-a16e-eb66b7e2c419	28529	Fungi	Basidiomycota	Agaricomycetes	Cantharellales	Hydnaceae	Cantharellus	Cantharellus cinnabarinus		SPECIES	Cantharellus cinnabarinus (Schwein.) Schwein.	Cantharellus cinnabarinus Schwein.	Schwein.	CA	Merivale	Ontario	PRESENT		ff418020-1d67-11d9-8435-b8a03c50a862	45.34096	-75.73907							1949-09-15	15	9	1949	5249599	5249599	PRESERVED_SPECIMEN	Royal Ontario Museum	TRTC	TRTC021899		Groves, J.W		CC0_1_0	Royal Ontario Museum	Hoare ,S.C.&Groves, J.W.;			2024-01-25T00:59:39.606Z		AMBIGUOUS_INSTITUTION
617551764	21705170-d2b6-42de-8904-c3bca4b83591	CMMF002850	Fungi	Basidiomycota	Agaricomycetes	Cantharellales	Hydnaceae	Cantharellus	Cantharellus cinnabarinus		SPECIES	Cantharellus cinnabarinus (Schwein.) Schwein.	Cantharellus cinnabarinus (Schwein.) Schwein.	(Schwein.) Schwein.	CA	Contrecoeur	Québec	PRESENT		ff7bd5db-b724-4932-b496-10ea298851f9	45.876777	-73.209987	12000.0						1996-07-28	28	7	1996	5249599	5249599	PRESERVED_SPECIMEN	Université de Montréal Biodiversity Centre	CMMF	CMMF002850		Lamoureux, Yves		CC0_1_0	Université de Montréal Biodiversity Centre	Lamoureux, Yves			2024-01-24T16:38:20.640Z	StillImage	INSTITUTION_MATCH_FUZZY;COLLECTION_MATCH_FUZZY;DIFFERENT_OWNER_INSTITUTION
617549324	21705170-d2b6-42de-8904-c3bca4b83591	CMMF000179	Fungi	Basidiomycota	Agaricomycetes	Cantharellales	Hydnaceae	Cantharellus	Cantharellus cinnabarinus		SPECIES	Cantharellus cinnabarinus (Schwein.) Schwein.	Cantharellus cinnabarinus (Schwein.) Schwein.	(Schwein.) Schwein.	CA	Laval	Québec	PRESENT		ff7bd5db-b724-4932-b496-10ea298851f9	45.609608	-73.705867	17500.0						1988-08-17	17	8	1988	5249599	5249599	PRESERVED_SPECIMEN	Université de Montréal Biodiversity Centre	CMMF	CMMF000179		Lamoureux, Yves		CC0_1_0	Université de Montréal Biodiversity Centre	Lamoureux, Yves			2024-01-24T16:38:20.549Z	StillImage	INSTITUTION_MATCH_FUZZY;COLLECTION_MATCH_FUZZY;DIFFERENT_OWNER_INSTITUTION
617547746	21705170-d2b6-42de-8904-c3bca4b83591	CMMF001102	Fungi	Basidiomycota	Agaricomycetes	Cantharellales	Hydnaceae	Cantharellus	Cantharellus cinnabarinus		SPECIES	Cantharellus cinnabarinus (Schwein.) Schwein.	Cantharellus cinnabarinus (Schwein.) Schwein.	(Schwein.) Schwein.	CA	Laval	Québec	PRESENT		ff7bd5db-b724-4932-b496-10ea298851f9	45.609608	-73.705867	17500.0						1990-08-12	12	8	1990	5249599	5249599	PRESERVED_SPECIMEN	Université de Montréal Biodiversity Centre	CMMF	CMMF001102		Sicard, Matthieu		CC0_1_0	Université de Montréal Biodiversity Centre	Sicard, Matthieu			2024-01-24T16:38:16.461Z	StillImage	INSTITUTION_MATCH_FUZZY;COLLECTION_MATCH_FUZZY;DIFFERENT_OWNER_INSTITUTION
617547630	21705170-d2b6-42de-8904-c3bca4b83591	CMMF001050	Fungi	Basidiomycota	Agaricomycetes	Cantharellales	Hydnaceae	Cantharellus	Cantharellus cinnabarinus		SPECIES	Cantharellus cinnabarinus (Schwein.) Schwein.	Cantharellus cinnabarinus (Schwein.) Schwein.	(Schwein.) Schwein.	CA	Laval	Québec	PRESENT		ff7bd5db-b724-4932-b496-10ea298851f9	45.609608	-73.705867	17500.0						1990-07-27	27	7	1990	5249599	5249599	PRESERVED_SPECIMEN	Université de Montréal Biodiversity Centre	CMMF	CMMF001050		Lamoureux, Yves		CC0_1_0	Université de Montréal Biodiversity Centre	Lamoureux, Yves			2024-01-24T16:38:16.480Z	StillImage	INSTITUTION_MATCH_FUZZY;COLLECTION_MATCH_FUZZY;DIFFERENT_OWNER_INSTITUTION
4954464099	50c9509d-22c7-4a22-a47d-8c48425ef4a7	https://www.inaturalist.org/observations/247358950	Fungi	Basidiomycota	Agaricomycetes	Cantharellales	Hydnaceae	Cantharellus	Cantharellus cinnabarinus		SPECIES	Cantharellus cinnabarinus (Schwein.) Schwein.	Cantharellus cinnabarinus		CA		Ontario	PRESENT		28eb1a3f-1c15-4a95-931a-4af90ecb574d	45.073588	-76.21135	4.0						2024-10-14T15:10:32	14	10	2024	5249599	5249599	HUMAN_OBSERVATION	iNaturalist	Observations	247358950		Sydney G	2024-10-14T19:23:41	CC_BY_NC_4_0	Sydney G	Sydney G			2025-01-14T12:54:40.176Z	StillImage	COORDINATE_ROUNDED;CONTINENT_DERIVED_FROM_COORDINATES;TAXON_MATCH_TAXON_ID_IGNORED
4935943039	50c9509d-22c7-4a22-a47d-8c48425ef4a7	https://www.inaturalist.org/observations/237574174	Fungi	Basidiomycota	Agaricomycetes	Cantharellales	Hydnaceae	Cantharellus	Cantharellus cinnabarinus		SPECIES	Cantharellus cinnabarinus (Schwein.) Schwein.	Cantharellus cinnabarinus		CA		Ontario	PRESENT		28eb1a3f-1c15-4a95-931a-4af90ecb574d	45.377138	-76.58227	5.0						2024-08-22T11:18:46	22	8	2024	5249599	5249599	HUMAN_OBSERVATION	iNaturalist	Observations	237574174		Lynn Ovenden	2024-08-24T03:11:10	CC_BY_NC_4_0	Lynn Ovenden	Lynn Ovenden			2025-01-14T13:42:34.061Z	StillImage	COORDINATE_ROUNDED;CONTINENT_DERIVED_FROM_COORDINATES;TAXON_MATCH_TAXON_ID_IGNORED
4925963688	50c9509d-22c7-4a22-a47d-8c48425ef4a7	https://www.inaturalist.org/observations/236389487	Fungi	Basidiomycota	Agaricomycetes	Cantharellales	Hydnaceae	Cantharellus	Cantharellus cinnabarinus		SPECIES	Cantharellus cinnabarinus (Schwein.) Schwein.	Cantharellus cinnabarinus		CA		Ontario	PRESENT		28eb1a3f-1c15-4a95-931a-4af90ecb574d	45.504419	-76.09197	119.0						2024-08-17T11:02	17	8	2024	5249599	5249599	HUMAN_OBSERVATION	iNaturalist	Observations	236389487		jonathan_mack	2024-08-17T22:53:38	CC_BY_NC_4_0	jonathan_mack	jonathan_mack			2025-01-14T12:52:45.174Z	StillImage	COORDINATE_ROUNDED;CONTINENT_DERIVED_FROM_COORDINATES;TAXON_MATCH_TAXON_ID_IGNORED
4923694170	50c9509d-22c7-4a22-a47d-8c48425ef4a7	https://www.inaturalist.org/observations/235598454	Fungi	Basidiomycota	Agaricomycetes	Cantharellales	Hydnaceae	Cantharellus	Cantharellus cinnabarinus		SPECIES	Cantharellus cinnabarinus (Schwein.) Schwein.	Cantharellus cinnabarinus		CA		Québec	PRESENT		28eb1a3f-1c15-4a95-931a-4af90ecb574d	46.005347	-73.127188	9576.0						2024-08-13T11:25:44	13	8	2024	5249599	5249599	HUMAN_OBSERVATION	iNaturalist	Observations	235598454		egrenier	2024-08-13T20:12:23	CC_BY_NC_4_0	egrenier	egrenier			2025-01-14T13:42:44.823Z	StillImage	COORDINATE_ROUNDED;CONTINENT_DERIVED_FROM_COORDINATES;TAXON_MATCH_TAXON_ID_IGNORED
4919712865	50c9509d-22c7-4a22-a47d-8c48425ef4a7	https://www.inaturalist.org/observations/181264333	Fungi	Basidiomycota	Agaricomycetes	Cantharellales	Hydnaceae	Cantharellus	Cantharellus cinnabarinus		SPECIES	Cantharellus cinnabarinus (Schwein.) Schwein.	Cantharellus cinnabarinus		CA		Québec	PRESENT		28eb1a3f-1c15-4a95-931a-4af90ecb574d	45.55463	-73.163341							2023-09-01T13:58:51	1	9	2023	5249599	5249599	HUMAN_OBSERVATION	iNaturalist	Observations	181264333		Asia Ruby Fuoco	2023-09-01T21:43:45	CC_BY_4_0	Asia Ruby Fuoco	Asia Ruby Fuoco			2025-01-14T13:32:34.461Z	StillImage	COORDINATE_ROUNDED;CONTINENT_DERIVED_FROM_COORDINATES;TAXON_MATCH_TAXON_ID_IGNORED
4599711044	50c9509d-22c7-4a22-a47d-8c48425ef4a7	https://www.inaturalist.org/observations/171253882	Fungi	Basidiomycota	Agaricomycetes	Cantharellales	Hydnaceae	Cantharellus	Cantharellus cinnabarinus		SPECIES	Cantharellus cinnabarinus (Schwein.) Schwein.	Cantharellus cinnabarinus		CA		Québec	PRESENT		28eb1a3f-1c15-4a95-931a-4af90ecb574d	45.503395	-73.588644	61.0						2022-07-29T10:23	29	7	2022	5249599	5249599	HUMAN_OBSERVATION	iNaturalist	Observations	171253882		Antoine Fortin	2023-07-05T18:59:14	CC_BY_NC_4_0	Antoine Fortin	Antoine Fortin			2025-01-14T12:38:08.903Z	StillImage	COORDINATE_ROUNDED;CONTINENT_DERIVED_FROM_COORDINATES;TAXON_MATCH_TAXON_ID_IGNORED
4440649984	50c9509d-22c7-4a22-a47d-8c48425ef4a7	https://www.inaturalist.org/observations/181417413	Fungi	Basidiomycota	Agaricomycetes	Cantharellales	Hydnaceae	Cantharellus	Cantharellus cinnabarinus		SPECIES	Cantharellus cinnabarinus (Schwein.) Schwein.	Cantharellus cinnabarinus		CA		Québec	PRESENT		28eb1a3f-1c15-4a95-931a-4af90ecb574d	45.550537	-73.17086	4.0						2023-09-02T13:51:33	2	9	2023	5249599	5249599	HUMAN_OBSERVATION	iNaturalist	Observations	181417413		zoeyannedavis	2023-09-02T17:51:44	CC_BY_NC_4_0	zoeyannedavis	zoeyannedavis			2025-01-14T13:32:32.117Z	StillImage	COORDINATE_ROUNDED;CONTINENT_DERIVED_FROM_COORDINATES;TAXON_MATCH_TAXON_ID_IGNORED
4440624584	50c9509d-22c7-4a22-a47d-8c48425ef4a7	https://www.inaturalist.org/observations/133845572	Fungi	Basidiomycota	Agaricomycetes	Cantharellales	Hydnaceae	Cantharellus	Cantharellus cinnabarinus		SPECIES	Cantharellus cinnabarinus (Schwein.) Schwein.	Cantharellus cinnabarinus		CA		Québec	PRESENT		28eb1a3f-1c15-4a95-931a-4af90ecb574d	45.594474	-73.149942	2617.0						2022-09-05T19:34:31	5	9	2022	5249599	5249599	HUMAN_OBSERVATION	iNaturalist	Observations	133845572		jess_dube	2022-09-05T23:34:56	CC_BY_NC_4_0	jess_dube	jess_dube			2025-01-14T13:20:04.450Z	StillImage	COORDINATE_ROUNDED;CONTINENT_DERIVED_FROM_COORDINATES;TAXON_MATCH_TAXON_ID_IGNORED
4407272085	50c9509d-22c7-4a22-a47d-8c48425ef4a7	https://www.inaturalist.org/observations/181122282	Fungi	Basidiomycota	Agaricomycetes	Cantharellales	Hydnaceae	Cantharellus	Cantharellus cinnabarinus		SPECIES	Cantharellus cinnabarinus (Schwein.) Schwein.	Cantharellus cinnabarinus		CA		Québec	PRESENT		28eb1a3f-1c15-4a95-931a-4af90ecb574d	45.973295	-73.180747	4.0						2023-08-31T09:15:03	31	8	2023	5249599	5249599	HUMAN_OBSERVATION	iNaturalist	Observations	181122282		vincent_dumontier	2023-08-31T22:34:11	CC_BY_NC_4_0	vincent_dumontier	vincent_dumontier			2025-01-14T14:11:32.680Z	StillImage	COORDINATE_ROUNDED;CONTINENT_DERIVED_FROM_COORDINATES;TAXON_MATCH_TAXON_ID_IGNORED
4405143369	50c9509d-22c7-4a22-a47d-8c48425ef4a7	https://www.inaturalist.org/observations/89722253	Fungi	Basidiomycota	Agaricomycetes	Cantharellales	Hydnaceae	Cantharellus	Cantharellus cinnabarinus		SPECIES	Cantharellus cinnabarinus (Schwein.) Schwein.	Cantharellus cinnabarinus		CA		Québec	PRESENT		28eb1a3f-1c15-4a95-931a-4af90ecb574d	45.506709	-73.588282	328.0						2021-08-02T20:28	2	8	2021	5249599	5249599	HUMAN_OBSERVATION	iNaturalist	Observations	89722253		fmenage	2021-08-03T00:58:22	CC_BY_NC_4_0	fmenage	fmenage			2025-01-14T13:12:56.200Z	StillImage	COORDINATE_ROUNDED;CONTINENT_DERIVED_FROM_COORDINATES;TAXON_MATCH_TAXON_ID_IGNORED
4405020655	50c9509d-22c7-4a22-a47d-8c48425ef4a7	https://www.inaturalist.org/observations/176773867	Fungi	Basidiomycota	Agaricomycetes	Cantharellales	Hydnaceae	Cantharellus	Cantharellus cinnabarinus		SPECIES	Cantharellus cinnabarinus (Schwein.) Schwein.	Cantharellus cinnabarinus		CA		Québec	PRESENT		28eb1a3f-1c15-4a95-931a-4af90ecb574d	45.507102	-73.587407	407.0						2023-08-03T11:21	3	8	2023	5249599	5249599	HUMAN_OBSERVATION	iNaturalist	Observations	176773867		mlfabiani	2023-08-05T14:39:59	CC_BY_NC_4_0	mlfabiani	mlfabiani			2025-01-14T13:31:46.751Z	StillImage	COORDINATE_ROUNDED;CONTINENT_DERIVED_FROM_COORDINATES;TAXON_MATCH_TAXON_ID_IGNORED
4405013803	50c9509d-22c7-4a22-a47d-8c48425ef4a7	https://www.inaturalist.org/observations/177073492	Fungi	Basidiomycota	Agaricomycetes	Cantharellales	Hydnaceae	Cantharellus	Cantharellus cinnabarinus		SPECIES	Cantharellus cinnabarinus (Schwein.) Schwein.	Cantharellus cinnabarinus		CA		Québec	PRESENT		28eb1a3f-1c15-4a95-931a-4af90ecb574d	45.505755	-73.590988	16.0						2023-07-30T16:20:18	30	7	2023	5249599	5249599	HUMAN_OBSERVATION	iNaturalist	Observations	177073492		nikapshe	2023-08-06T23:26:26	CC_BY_NC_4_0	nikapshe	nikapshe			2025-01-14T12:37:47.587Z	StillImage	COORDINATE_ROUNDED;CONTINENT_DERIVED_FROM_COORDINATES;TAXON_MATCH_TAXON_ID_IGNORED
4404987904	50c9509d-22c7-4a22-a47d-8c48425ef4a7	https://www.inaturalist.org/observations/179081090	Fungi	Basidiomycota	Agaricomycetes	Cantharellales	Hydnaceae	Cantharellus	Cantharellus cinnabarinus		SPECIES	Cantharellus cinnabarinus (Schwein.) Schwein.	Cantharellus cinnabarinus		CA		Québec	PRESENT		28eb1a3f-1c15-4a95-931a-4af90ecb574d	45.431364	-73.943957	189.0						2023-08-17T17:59:15	17	8	2023	5249599	5249599	HUMAN_OBSERVATION	iNaturalist	Observations	179081090		Gaby Beland	2023-08-21T02:14:00	CC_BY_4_0	Alexis Williams	Alexis Williams			2025-01-14T12:40:13.509Z	StillImage	COORDINATE_ROUNDED;CONTINENT_DERIVED_FROM_COORDINATES;TAXON_MATCH_TAXON_ID_IGNORED
4400464735	50c9509d-22c7-4a22-a47d-8c48425ef4a7	https://www.inaturalist.org/observations/179630158	Fungi	Basidiomycota	Agaricomycetes	Cantharellales	Hydnaceae	Cantharellus	Cantharellus cinnabarinus		SPECIES	Cantharellus cinnabarinus (Schwein.) Schwein.	Cantharellus cinnabarinus		CA		Québec	PRESENT		28eb1a3f-1c15-4a95-931a-4af90ecb574d	45.42955	-73.946736							2023-08-12T13:05:40	12	8	2023	5249599	5249599	HUMAN_OBSERVATION	iNaturalist	Observations	179630158		Don-Jean Leandri-Breton	2023-08-22T03:35:20	CC_BY_NC_4_0	Don-Jean Leandri-Breton	Don-Jean Leandri-Breton			2025-01-14T13:26:35.266Z		COORDINATE_ROUNDED;CONTINENT_DERIVED_FROM_COORDINATES;TAXON_MATCH_TAXON_ID_IGNORED
4400429912	50c9509d-22c7-4a22-a47d-8c48425ef4a7	https://www.inaturalist.org/observations/177754686	Fungi	Basidiomycota	Agaricomycetes	Cantharellales	Hydnaceae	Cantharellus	Cantharellus cinnabarinus		SPECIES	Cantharellus cinnabarinus (Schwein.) Schwein.	Cantharellus cinnabarinus		CA		Québec	PRESENT		28eb1a3f-1c15-4a95-931a-4af90ecb574d	45.969745	-73.166528	16.0						2023-08-09T10:46:56	9	8	2023	5249599	5249599	HUMAN_OBSERVATION	iNaturalist	Observations	177754686		Catherine Cournoyer	2023-08-11T00:44:50	CC_BY_NC_4_0	Catherine Cournoyer	Catherine Cournoyer			2025-01-14T12:39:06.043Z	StillImage	COORDINATE_ROUNDED;CONTINENT_DERIVED_FROM_COORDINATES;TAXON_MATCH_TAXON_ID_IGNORED
4172038877	50c9509d-22c7-4a22-a47d-8c48425ef4a7	https://www.inaturalist.org/observations/177316937	Fungi	Basidiomycota	Agaricomycetes	Cantharellales	Hydnaceae	Cantharellus	Cantharellus cinnabarinus		SPECIES	Cantharellus cinnabarinus (Schwein.) Schwein.	Cantharellus cinnabarinus		CA		Québec	PRESENT		28eb1a3f-1c15-4a95-931a-4af90ecb574d	45.540822	-73.321346							2023-07-26T11:42	26	7	2023	5249599	5249599	HUMAN_OBSERVATION	iNaturalist	Observations	177316937		egrenier	2023-08-08T09:15:22	CC_BY_NC_4_0	egrenier	egrenier			2025-01-14T13:32:29.081Z	StillImage	COORDINATE_ROUNDED;CONTINENT_DERIVED_FROM_COORDINATES;TAXON_MATCH_TAXON_ID_IGNORED
4171907436	50c9509d-22c7-4a22-a47d-8c48425ef4a7	https://www.inaturalist.org/observations/176757809	Fungi	Basidiomycota	Agaricomycetes	Cantharellales	Hydnaceae	Cantharellus	Cantharellus cinnabarinus		SPECIES	Cantharellus cinnabarinus (Schwein.) Schwein.	Cantharellus cinnabarinus		CA		Québec	PRESENT		28eb1a3f-1c15-4a95-931a-4af90ecb574d	46.775581	-71.287658	43.0						2023-08-04T15:07:07	4	8	2023	5249599	5249599	HUMAN_OBSERVATION	iNaturalist	Observations	176757809		Camille Boucher	2023-08-05T12:45:41	CC_BY_NC_4_0	Camille Boucher	Camille Boucher			2025-01-14T13:32:04.445Z	StillImage	COORDINATE_ROUNDED;CONTINENT_DERIVED_FROM_COORDINATES;TAXON_MATCH_TAXON_ID_IGNORED
4162141299	50c9509d-22c7-4a22-a47d-8c48425ef4a7	https://www.inaturalist.org/observations/173643819	Fungi	Basidiomycota	Agaricomycetes	Cantharellales	Hydnaceae	Cantharellus	Cantharellus cinnabarinus		SPECIES	Cantharellus cinnabarinus (Schwein.) Schwein.	Cantharellus cinnabarinus		CA		Québec	PRESENT		28eb1a3f-1c15-4a95-931a-4af90ecb574d	45.688932	-73.750834	6.0						2023-07-18T14:56:38	18	7	2023	5249599	5249599	HUMAN_OBSERVATION	iNaturalist	Observations	173643819		louschraeder	2023-07-18T19:15:21	CC_BY_NC_4_0	louschraeder	louschraeder			2025-01-14T12:37:22.233Z	StillImage	COORDINATE_ROUNDED;CONTINENT_DERIVED_FROM_COORDINATES;TAXON_MATCH_TAXON_ID_IGNORED
4091370439	50c9509d-22c7-4a22-a47d-8c48425ef4a7	https://www.inaturalist.org/observations/133782337	Fungi	Basidiomycota	Agaricomycetes	Cantharellales	Hydnaceae	Cantharellus	Cantharellus cinnabarinus		SPECIES	Cantharellus cinnabarinus (Schwein.) Schwein.	Cantharellus cinnabarinus		CA		Ontario	PRESENT		28eb1a3f-1c15-4a95-931a-4af90ecb574d	45.204538	-76.22431	370.0						2022-09-05T11:55	5	9	2022	5249599	5249599	HUMAN_OBSERVATION	iNaturalist	Observations	133782337		Ken Allison	2022-09-05T16:43:10	CC_BY_NC_4_0	Ken Allison	Ken Allison			2025-01-14T13:25:16.319Z	StillImage	COORDINATE_ROUNDED;CONTINENT_DERIVED_FROM_COORDINATES;TAXON_MATCH_TAXON_ID_IGNORED
3925129039	50c9509d-22c7-4a22-a47d-8c48425ef4a7	https://www.inaturalist.org/observations/137818869	Fungi	Basidiomycota	Agaricomycetes	Cantharellales	Hydnaceae	Cantharellus	Cantharellus cinnabarinus		SPECIES	Cantharellus cinnabarinus (Schwein.) Schwein.	Cantharellus cinnabarinus		CA		Ontario	PRESENT		28eb1a3f-1c15-4a95-931a-4af90ecb574d	45.433974	-76.325596	85.0						2022-10-05T17:02	5	10	2022	5249599	5249599	HUMAN_OBSERVATION	iNaturalist	Observations	137818869		jonathan_mack	2022-10-07T01:47:20	CC_BY_NC_4_0	jonathan_mack	jonathan_mack			2025-01-14T12:32:09.788Z	StillImage	COORDINATE_ROUNDED;CONTINENT_DERIVED_FROM_COORDINATES;TAXON_MATCH_TAXON_ID_IGNORED
3892436951	50c9509d-22c7-4a22-a47d-8c48425ef4a7	https://www.inaturalist.org/observations/130681638	Fungi	Basidiomycota	Agaricomycetes	Cantharellales	Hydnaceae	Cantharellus	Cantharellus cinnabarinus		SPECIES	Cantharellus cinnabarinus (Schwein.) Schwein.	Cantharellus cinnabarinus		CA		Québec	PRESENT		28eb1a3f-1c15-4a95-931a-4af90ecb574d	45.515778	-73.580589	1414.0						2022-08-13T16:11:47	13	8	2022	5249599	5249599	HUMAN_OBSERVATION	iNaturalist	Observations	130681638		Kurt Lutz	2022-08-13T20:32:49	CC_BY_NC_4_0	Kurt Lutz	Kurt Lutz			2025-01-14T12:31:22.759Z	StillImage	COORDINATE_ROUNDED;CONTINENT_DERIVED_FROM_COORDINATES;TAXON_MATCH_TAXON_ID_IGNORED
3759206678	50c9509d-22c7-4a22-a47d-8c48425ef4a7	https://www.inaturalist.org/observations/91433578	Fungi	Basidiomycota	Agaricomycetes	Cantharellales	Hydnaceae	Cantharellus	Cantharellus cinnabarinus		SPECIES	Cantharellus cinnabarinus (Schwein.) Schwein.	Cantharellus cinnabarinus		CA		Québec	PRESENT		28eb1a3f-1c15-4a95-931a-4af90ecb574d	45.509307	-74.061395	27158.0						2021-07-29T14:18	29	7	2021	5249599	5249599	HUMAN_OBSERVATION	iNaturalist	Observations	91433578		Kilby Gordon	2021-08-16T17:51:01	CC_BY_NC_4_0	Kilby Gordon	Kilby Gordon			2025-01-14T12:21:21.254Z	StillImage	COORDINATE_ROUNDED;CONTINENT_DERIVED_FROM_COORDINATES;TAXON_MATCH_TAXON_ID_IGNORED
3747338462	50c9509d-22c7-4a22-a47d-8c48425ef4a7	https://www.inaturalist.org/observations/91147418	Fungi	Basidiomycota	Agaricomycetes	Cantharellales	Hydnaceae	Cantharellus	Cantharellus cinnabarinus		SPECIES	Cantharellus cinnabarinus (Schwein.) Schwein.	Cantharellus cinnabarinus		CA		Québec	PRESENT		28eb1a3f-1c15-4a95-931a-4af90ecb574d	45.45012	-74.119103	27158.0						2021-07-29T20:37	29	7	2021	5249599	5249599	HUMAN_OBSERVATION	iNaturalist	Observations	91147418		Kilby Gordon	2021-08-14T18:33:19	CC_BY_NC_4_0	Kilby Gordon	Kilby Gordon			2025-01-14T12:20:43.419Z	StillImage	COORDINATE_ROUNDED;CONTINENT_DERIVED_FROM_COORDINATES;TAXON_MATCH_TAXON_ID_IGNORED
3343933792	50c9509d-22c7-4a22-a47d-8c48425ef4a7	https://www.inaturalist.org/observations/91804248	Fungi	Basidiomycota	Agaricomycetes	Cantharellales	Hydnaceae	Cantharellus	Cantharellus cinnabarinus		SPECIES	Cantharellus cinnabarinus (Schwein.) Schwein.	Cantharellus cinnabarinus		CA		Québec	PRESENT		28eb1a3f-1c15-4a95-931a-4af90ecb574d	45.493573	-75.849442							2021-08-19T17:34:24	19	8	2021	5249599	5249599	HUMAN_OBSERVATION	iNaturalist	Observations	91804248		Johann Wagner	2021-08-20T01:25:02	CC_BY_NC_4_0	Johann Wagner	Johann Wagner			2025-01-14T13:10:12.156Z	StillImage	COORDINATE_ROUNDED;CONTINENT_DERIVED_FROM_COORDINATES;TAXON_MATCH_TAXON_ID_IGNORED
3330736080	50c9509d-22c7-4a22-a47d-8c48425ef4a7	https://www.inaturalist.org/observations/87649708	Fungi	Basidiomycota	Agaricomycetes	Cantharellales	Hydnaceae	Cantharellus	Cantharellus cinnabarinus		SPECIES	Cantharellus cinnabarinus (Schwein.) Schwein.	Cantharellus cinnabarinus		CA		Ontario	PRESENT		28eb1a3f-1c15-4a95-931a-4af90ecb574d	45.017966	-76.408876	70.0						2021-07-17T15:15:42	17	7	2021	5249599	5249599	HUMAN_OBSERVATION	iNaturalist	Observations	87649708		Dianne Poulin	2021-07-19T00:47:27	CC_BY_NC_4_0	Dianne Poulin	Dianne Poulin			2025-01-14T13:13:01.072Z	StillImage	COORDINATE_ROUNDED;CONTINENT_DERIVED_FROM_COORDINATES;TAXON_MATCH_TAXON_ID_IGNORED
3327969384	50c9509d-22c7-4a22-a47d-8c48425ef4a7	https://www.inaturalist.org/observations/58767120	Fungi	Basidiomycota	Agaricomycetes	Cantharellales	Hydnaceae	Cantharellus	Cantharellus cinnabarinus		SPECIES	Cantharellus cinnabarinus (Schwein.) Schwein.	Cantharellus cinnabarinus		CA		Ontario	PRESENT		28eb1a3f-1c15-4a95-931a-4af90ecb574d	45.48088	-76.075844	23.0						2020-09-06T17:07:23	6	9	2020	5249599	5249599	HUMAN_OBSERVATION	iNaturalist	Observations	58767120		Jeffrey H. Skevington	2020-09-06T21:08:17	CC_BY_NC_4_0	Jeffrey H. Skevington	Jeffrey H. Skevington			2025-01-14T13:03:58.818Z	StillImage	COORDINATE_ROUNDED;CONTINENT_DERIVED_FROM_COORDINATES;TAXON_MATCH_TAXON_ID_IGNORED
3079557935	50c9509d-22c7-4a22-a47d-8c48425ef4a7	https://www.inaturalist.org/observations/57771746	Fungi	Basidiomycota	Agaricomycetes	Cantharellales	Hydnaceae	Cantharellus	Cantharellus cinnabarinus		SPECIES	Cantharellus cinnabarinus (Schwein.) Schwein.	Cantharellus cinnabarinus		CA		Ontario	PRESENT		28eb1a3f-1c15-4a95-931a-4af90ecb574d	45.402437	-75.558578	16.0						2020-08-27T16:52:58	27	8	2020	5249599	5249599	HUMAN_OBSERVATION	iNaturalist	Observations	57771746		Igor Khomenko	2020-08-27T20:54:55	CC_BY_NC_4_0	Igor Khomenko	Igor Khomenko			2025-01-14T13:09:56.054Z	StillImage	COORDINATE_ROUNDED;CONTINENT_DERIVED_FROM_COORDINATES;TAXON_MATCH_TAXON_ID_IGNORED
3031643876	50c9509d-22c7-4a22-a47d-8c48425ef4a7	https://www.inaturalist.org/observations/56743690	Fungi	Basidiomycota	Agaricomycetes	Cantharellales	Hydnaceae	Cantharellus	Cantharellus cinnabarinus		SPECIES	Cantharellus cinnabarinus (Schwein.) Schwein.	Cantharellus cinnabarinus		CA		Ontario	PRESENT		28eb1a3f-1c15-4a95-931a-4af90ecb574d	45.304009	-79.011834							2020-08-16	16	8	2020	5249599	5249599	HUMAN_OBSERVATION	iNaturalist	Observations	56743690		Carl-Adam Wegenschimmel	2020-08-17T15:54:54	CC_BY_NC_4_0	mfmclean1261	mfmclean1261			2025-01-14T12:15:11.001Z	StillImage	CONTINENT_DERIVED_FROM_COORDINATES;TAXON_MATCH_TAXON_ID_IGNORED
2856548239	50c9509d-22c7-4a22-a47d-8c48425ef4a7	https://www.inaturalist.org/observations/57553642	Fungi	Basidiomycota	Agaricomycetes	Cantharellales	Hydnaceae	Cantharellus	Cantharellus cinnabarinus		SPECIES	Cantharellus cinnabarinus (Schwein.) Schwein.	Cantharellus cinnabarinus		CA		Québec	PRESENT		28eb1a3f-1c15-4a95-931a-4af90ecb574d	45.494404	-75.848751							2020-08-25T10:53:36	25	8	2020	5249599	5249599	HUMAN_OBSERVATION	iNaturalist	Observations	57553642		Johann Wagner	2020-08-25T16:05:19	CC_BY_NC_4_0	Johann Wagner	Johann Wagner			2025-01-14T12:14:30.762Z	StillImage	COORDINATE_ROUNDED;CONTINENT_DERIVED_FROM_COORDINATES;TAXON_MATCH_TAXON_ID_IGNORED
2851239894	50c9509d-22c7-4a22-a47d-8c48425ef4a7	https://www.inaturalist.org/observations/55859264	Fungi	Basidiomycota	Agaricomycetes	Cantharellales	Hydnaceae	Cantharellus	Cantharellus cinnabarinus		SPECIES	Cantharellus cinnabarinus (Schwein.) Schwein.	Cantharellus cinnabarinus		CA		Ontario	PRESENT		28eb1a3f-1c15-4a95-931a-4af90ecb574d	45.359681	-75.294479	1687.0						2020-08-07T16:02:21	7	8	2020	5249599	5249599	HUMAN_OBSERVATION	iNaturalist	Observations	55859264		Lynn Ovenden	2020-08-09T00:22:02	CC_BY_NC_4_0	Lynn Ovenden	Lynn Ovenden			2025-01-14T12:14:08.153Z	StillImage	COORDINATE_ROUNDED;CONTINENT_DERIVED_FROM_COORDINATES;TAXON_MATCH_TAXON_ID_IGNORED
2802545362	50c9509d-22c7-4a22-a47d-8c48425ef4a7	https://www.inaturalist.org/observations/17731503	Fungi	Basidiomycota	Agaricomycetes	Cantharellales	Hydnaceae	Cantharellus	Cantharellus cinnabarinus		SPECIES	Cantharellus cinnabarinus (Schwein.) Schwein.	Cantharellus cinnabarinus		CA		Ontario	PRESENT		28eb1a3f-1c15-4a95-931a-4af90ecb574d	45.338674	-75.950685	195.0						2017-08-27T16:07	27	8	2017	5249599	5249599	HUMAN_OBSERVATION	iNaturalist	Observations	17731503		jonathan_mack	2018-10-22T02:07:59	CC_BY_NC_4_0	jonathan_mack	jonathan_mack			2025-01-14T12:58:42.676Z	StillImage	COORDINATE_ROUNDED;CONTINENT_DERIVED_FROM_COORDINATES;TAXON_MATCH_TAXON_ID_IGNORED
2282997107	50c9509d-22c7-4a22-a47d-8c48425ef4a7	https://www.inaturalist.org/observations/16185025	Fungi	Basidiomycota	Agaricomycetes	Cantharellales	Hydnaceae	Cantharellus	Cantharellus cinnabarinus		SPECIES	Cantharellus cinnabarinus (Schwein.) Schwein.	Cantharellus cinnabarinus		CA		Québec	PRESENT		28eb1a3f-1c15-4a95-931a-4af90ecb574d	45.543488	-76.555542							2018-09-01T14:47:20	1	9	2018	5249599	5249599	HUMAN_OBSERVATION	iNaturalist	Observations	16185025		cinna_latifolia	2019-07-04T21:04:04	CC_BY_NC_4_0	ottawajoan	ottawajoan			2025-01-14T12:06:26.171Z	StillImage	COORDINATE_ROUNDED;CONTINENT_DERIVED_FROM_COORDINATES;TAXON_MATCH_TAXON_ID_IGNORED
1135067710	21705170-d2b6-42de-8904-c3bca4b83591	CMMF006208	Fungi	Basidiomycota	Agaricomycetes	Cantharellales	Hydnaceae	Cantharellus	Cantharellus cinnabarinus		SPECIES	Cantharellus cinnabarinus (Schwein.) Schwein.	Cantharellus cinnabarinus (Schwein.) Schwein.	(Schwein.) Schwein.	CA	Châteauguay	Québec	PRESENT		ff7bd5db-b724-4932-b496-10ea298851f9	45.35433	-73.774083	100.0						2006-08-05	5	8	2006	5249599	5249599	PRESERVED_SPECIMEN	Université de Montréal Biodiversity Centre	CMMF	CMMF006208	Inexistant	McNeil, Raymond		CC0_1_0	Université de Montréal Biodiversity Centre	McNeil, Raymond			2024-01-24T16:38:18.878Z	StillImage	COORDINATE_ROUNDED;INSTITUTION_MATCH_FUZZY;COLLECTION_MATCH_FUZZY;DIFFERENT_OWNER_INSTITUTION
1135067659	21705170-d2b6-42de-8904-c3bca4b83591	CMMF006172	Fungi	Basidiomycota	Agaricomycetes	Cantharellales	Hydnaceae	Cantharellus	Cantharellus cinnabarinus		SPECIES	Cantharellus cinnabarinus (Schwein.) Schwein.	Cantharellus cinnabarinus (Schwein.) Schwein.	(Schwein.) Schwein.	CA	Châteauguay	Québec	PRESENT		ff7bd5db-b724-4932-b496-10ea298851f9	45.35433	-73.774083	100.0						1981-08-09	9	8	1981	5249599	5249599	PRESERVED_SPECIMEN	Université de Montréal Biodiversity Centre	CMMF	CMMF006172	1199	McNeil, Raymond		CC0_1_0	Université de Montréal Biodiversity Centre	McNeil, Raymond			2024-01-24T16:38:18.742Z	StillImage	COORDINATE_ROUNDED;INSTITUTION_MATCH_FUZZY;COLLECTION_MATCH_FUZZY;DIFFERENT_OWNER_INSTITUTION
1135067650	21705170-d2b6-42de-8904-c3bca4b83591	CMMF006163	Fungi	Basidiomycota	Agaricomycetes	Cantharellales	Hydnaceae	Cantharellus	Cantharellus cinnabarinus		SPECIES	Cantharellus cinnabarinus (Schwein.) Schwein.	Cantharellus cinnabarinus (Schwein.) Schwein.	(Schwein.) Schwein.	CA	Châteauguay	Québec	PRESENT		ff7bd5db-b724-4932-b496-10ea298851f9	45.35433	-73.774083	100.0						2005-07-22	22	7	2005	5249599	5249599	PRESERVED_SPECIMEN	Université de Montréal Biodiversity Centre	CMMF	CMMF006163	Inexistant	McNeil, Raymond		CC0_1_0	Université de Montréal Biodiversity Centre	McNeil, Raymond			2024-01-24T16:38:18.840Z	StillImage	COORDINATE_ROUNDED;INSTITUTION_MATCH_FUZZY;COLLECTION_MATCH_FUZZY;DIFFERENT_OWNER_INSTITUTION
1135067612	21705170-d2b6-42de-8904-c3bca4b83591	CMMF006162	Fungi	Basidiomycota	Agaricomycetes	Cantharellales	Hydnaceae	Cantharellus	Cantharellus cinnabarinus		SPECIES	Cantharellus cinnabarinus (Schwein.) Schwein.	Cantharellus cinnabarinus (Schwein.) Schwein.	(Schwein.) Schwein.	CA	Châteauguay	Québec	PRESENT		ff7bd5db-b724-4932-b496-10ea298851f9	45.35433	-73.774083	100.0						2005-07-22	22	7	2005	5249599	5249599	PRESERVED_SPECIMEN	Université de Montréal Biodiversity Centre	CMMF	CMMF006162	C2220	McNeil, Raymond		CC0_1_0	Université de Montréal Biodiversity Centre	McNeil, Raymond			2024-01-24T16:38:18.840Z	StillImage	COORDINATE_ROUNDED;INSTITUTION_MATCH_FUZZY;COLLECTION_MATCH_FUZZY;DIFFERENT_OWNER_INSTITUTION
