gbifID	datasetKey	occurrenceID	kingdom	phylum	class	order	family	genus	species	infraspecificEpithet	taxonRank	scientificName	verbatimScientificName	verbatimScientificNameAuthorship	countryCode	locality	stateProvince	occurrenceStatus	individualCount	publishingOrgKey	decimalLatitude	decimalLongitude	coordinateUncertaintyInMeters	coordinatePrecision	elevation	elevationAccuracy	depth	depthAccuracy	eventDate	day	month	year	taxonKey	speciesKey	basisOfRecord	institutionCode	collectionCode	catalogNumber	recordNumber	identifiedBy	dateIdentified	license	rightsHolder	recordedBy	typeStatus	establishmentMeans	lastInterpreted	mediaType	issue
617555613	21705170-d2b6-42de-8904-c3bca4b83591	CMMF000888	Fungi	Basidiomycota	Agaricomycetes	Agaricales	Strophariaceae	Pholiota	Pholiota limonella		SPECIES	Pholiota limonella (Peck) Sacc.	Pholiota limonella (Peck) Sacc.	(Peck) Sacc.	CA	Saint-Liguori	Québec	PRESENT		ff7bd5db-b724-4932-b496-10ea298851f9	46.007814	-73.569305	3000.0						1989-10-07	7	10	1989	2534267	2534267	PRESERVED_SPECIMEN	Université de Montréal Biodiversity Centre	CMMF	CMMF000888		Lamoureux, Yves		CC0_1_0	Université de Montréal Biodiversity Centre	Farnesi, Carlo			2024-01-24T16:38:21.499Z	StillImage	INSTITUTION_MATCH_FUZZY;COLLECTION_MATCH_FUZZY;DIFFERENT_OWNER_INSTITUTION
617551171	21705170-d2b6-42de-8904-c3bca4b83591	CMMF002592	Fungi	Basidiomycota	Agaricomycetes	Agaricales	Strophariaceae	Pholiota	Pholiota limonella		SPECIES	Pholiota limonella (Peck) Sacc.	Pholiota limonella (Peck) Sacc.	(Peck) Sacc.	CA	Mt Orford	Québec	PRESENT		ff7bd5db-b724-4932-b496-10ea298851f9	45.340394	-72.208677	6500.0						1995-09-15	15	9	1995	2534267	2534267	PRESERVED_SPECIMEN	Université de Montréal Biodiversity Centre	CMMF	CMMF002592		Lamoureux, Yves		CC0_1_0	Université de Montréal Biodiversity Centre	Lamoureux, Yves			2024-01-24T16:38:19.570Z	StillImage	INSTITUTION_MATCH_FUZZY;COLLECTION_MATCH_FUZZY;DIFFERENT_OWNER_INSTITUTION
617548690	21705170-d2b6-42de-8904-c3bca4b83591	CMMF001514	Fungi	Basidiomycota	Agaricomycetes	Agaricales	Strophariaceae	Pholiota	Pholiota limonella		SPECIES	Pholiota limonella (Peck) Sacc.	Pholiota limonella (Peck) Sacc.	(Peck) Sacc.	CA	Saint-Bruno-de-Montarville	Québec	PRESENT		ff7bd5db-b724-4932-b496-10ea298851f9	45.526599	-73.344507	5500.0						1991-09-19	19	9	1991	2534267	2534267	PRESERVED_SPECIMEN	Université de Montréal Biodiversity Centre	CMMF	CMMF001514		Lamoureux, Yves		CC0_1_0	Université de Montréal Biodiversity Centre	Lamoureux, Yves			2024-01-24T16:38:17.633Z	StillImage	INSTITUTION_MATCH_FUZZY;COLLECTION_MATCH_FUZZY;DIFFERENT_OWNER_INSTITUTION
5007261214	50c9509d-22c7-4a22-a47d-8c48425ef4a7	https://www.inaturalist.org/observations/244064670	Fungi	Basidiomycota	Agaricomycetes	Agaricales	Strophariaceae	Pholiota	Pholiota limonella		SPECIES	Pholiota limonella (Peck) Sacc.	Pholiota limonella		CA		New Brunswick	PRESENT		28eb1a3f-1c15-4a95-931a-4af90ecb574d	46.816105	-64.952478	14.0						2024-09-23T18:25:26	23	9	2024	2534267	2534267	HUMAN_OBSERVATION	iNaturalist	Observations	244064670		Jennifer Roma-Arseneault	2025-01-03T18:34:53	CC_BY_NC_4_0	Aaron Clausen	Aaron Clausen			2025-01-14T12:52:09.152Z	StillImage	COORDINATE_ROUNDED;CONTINENT_DERIVED_FROM_COORDINATES;TAXON_MATCH_TAXON_ID_IGNORED
4976514764	50c9509d-22c7-4a22-a47d-8c48425ef4a7	https://www.inaturalist.org/observations/248004156	Fungi	Basidiomycota	Agaricomycetes	Agaricales	Strophariaceae	Pholiota	Pholiota limonella		SPECIES	Pholiota limonella (Peck) Sacc.	Pholiota limonella		CA		Québec	PRESENT		28eb1a3f-1c15-4a95-931a-4af90ecb574d	45.490917	-75.859047	13.0						2024-10-18T17:23:49	18	10	2024	2534267	2534267	HUMAN_OBSERVATION	iNaturalist	Observations	248004156		Antoine Fortin	2024-10-21T15:11:22	CC_BY_NC_4_0	smcilwaine55	smcilwaine55			2025-01-14T12:52:10.019Z	StillImage	COORDINATE_ROUNDED;CONTINENT_DERIVED_FROM_COORDINATES;TAXON_MATCH_TAXON_ID_IGNORED
4954715939	50c9509d-22c7-4a22-a47d-8c48425ef4a7	https://www.inaturalist.org/observations/246223655	Fungi	Basidiomycota	Agaricomycetes	Agaricales	Strophariaceae	Pholiota	Pholiota limonella		SPECIES	Pholiota limonella (Peck) Sacc.	Pholiota limonella		CA		Québec	PRESENT		28eb1a3f-1c15-4a95-931a-4af90ecb574d	45.651947	-74.940872	2410.0						2024-10-07T13:17:37	7	10	2024	2534267	2534267	HUMAN_OBSERVATION	iNaturalist	Observations	246223655		Morphie	2024-10-10T04:15:31	CC_BY_NC_4_0	Myca	Myca			2025-01-14T12:54:49.243Z	StillImage	COORDINATE_ROUNDED;CONTINENT_DERIVED_FROM_COORDINATES;TAXON_MATCH_TAXON_ID_IGNORED
4953021402	50c9509d-22c7-4a22-a47d-8c48425ef4a7	https://www.inaturalist.org/observations/244551993	Fungi	Basidiomycota	Agaricomycetes	Agaricales	Strophariaceae	Pholiota	Pholiota limonella		SPECIES	Pholiota limonella (Peck) Sacc.	Pholiota limonella		CA		Québec	PRESENT		28eb1a3f-1c15-4a95-931a-4af90ecb574d	45.924422	-74.019372	3.0						2024-09-28T15:24:26	28	9	2024	2534267	2534267	HUMAN_OBSERVATION	iNaturalist	Observations	244551993		l_bienvenue	2024-09-28T19:26:11	CC_BY_NC_4_0	l_bienvenue	l_bienvenue			2025-01-14T13:43:45.203Z	StillImage	COORDINATE_ROUNDED;CONTINENT_DERIVED_FROM_COORDINATES;TAXON_MATCH_TAXON_ID_IGNORED
4953000892	50c9509d-22c7-4a22-a47d-8c48425ef4a7	https://www.inaturalist.org/observations/244619061	Fungi	Basidiomycota	Agaricomycetes	Agaricales	Strophariaceae	Pholiota	Pholiota limonella		SPECIES	Pholiota limonella (Peck) Sacc.	Pholiota limonella		CA		Québec	PRESENT		28eb1a3f-1c15-4a95-931a-4af90ecb574d	46.742427	-71.392265	55.0						2024-09-27T14:26:54	27	9	2024	2534267	2534267	HUMAN_OBSERVATION	iNaturalist	Observations	244619061		Camille Boucher	2024-09-29T02:24:44	CC_BY_NC_4_0	Camille Boucher	Camille Boucher			2025-01-14T13:43:41.761Z	StillImage	COORDINATE_ROUNDED;CONTINENT_DERIVED_FROM_COORDINATES;TAXON_MATCH_TAXON_ID_IGNORED
4908678445	50c9509d-22c7-4a22-a47d-8c48425ef4a7	https://www.inaturalist.org/observations/224672003	Fungi	Basidiomycota	Agaricomycetes	Agaricales	Strophariaceae	Pholiota	Pholiota limonella		SPECIES	Pholiota limonella (Peck) Sacc.	Pholiota limonella		CA		Québec	PRESENT		28eb1a3f-1c15-4a95-931a-4af90ecb574d	46.741111	-71.202222							2023-10-09T12:36	9	10	2023	2534267	2534267	HUMAN_OBSERVATION	iNaturalist	Observations	224672003		dfortier409	2024-06-23T16:40:55	CC_BY_NC_4_0	dfortier409	dfortier409			2025-01-14T13:41:31.461Z	StillImage	COORDINATE_ROUNDED;CONTINENT_DERIVED_FROM_COORDINATES;TAXON_MATCH_TAXON_ID_IGNORED
4891872430	50c9509d-22c7-4a22-a47d-8c48425ef4a7	https://www.inaturalist.org/observations/220388004	Fungi	Basidiomycota	Agaricomycetes	Agaricales	Strophariaceae	Pholiota	Pholiota limonella		SPECIES	Pholiota limonella (Peck) Sacc.	Pholiota limonella		CA		Québec	PRESENT		28eb1a3f-1c15-4a95-931a-4af90ecb574d	45.098856	-72.547597	21.0						2023-09-02T14:27	2	9	2023	2534267	2534267	HUMAN_OBSERVATION	iNaturalist	Observations	220388004		gabboilard	2024-06-05T01:12:21	CC_BY_NC_4_0	Vincent Laurie	Vincent Laurie			2025-01-14T12:47:19.992Z	StillImage	COORDINATE_ROUNDED;CONTINENT_DERIVED_FROM_COORDINATES;TAXON_MATCH_TAXON_ID_IGNORED
4852740516	50c9509d-22c7-4a22-a47d-8c48425ef4a7	https://www.inaturalist.org/observations/189992433	Fungi	Basidiomycota	Agaricomycetes	Agaricales	Strophariaceae	Pholiota	Pholiota limonella		SPECIES	Pholiota limonella (Peck) Sacc.	Pholiota limonella		CA		Québec	PRESENT		28eb1a3f-1c15-4a95-931a-4af90ecb574d	46.143921	-73.781133							2023-10-28T15:26	28	10	2023	2534267	2534267	HUMAN_OBSERVATION	iNaturalist	Observations	189992433		Antoine Fortin	2024-04-22T12:19:33	CC_BY_NC_4_0	weilival	weilival			2025-01-14T13:34:38.544Z	StillImage	COORDINATE_ROUNDED;CONTINENT_DERIVED_FROM_COORDINATES;TAXON_MATCH_TAXON_ID_IGNORED
4597322529	50c9509d-22c7-4a22-a47d-8c48425ef4a7	https://www.inaturalist.org/observations/193379628	Fungi	Basidiomycota	Agaricomycetes	Agaricales	Strophariaceae	Pholiota	Pholiota limonella		SPECIES	Pholiota limonella (Peck) Sacc.	Pholiota limonella		CA		Québec	PRESENT		28eb1a3f-1c15-4a95-931a-4af90ecb574d	46.912071	-71.215365	15.0						2023-10-02	2	10	2023	2534267	2534267	HUMAN_OBSERVATION	iNaturalist	Observations	193379628		Christian Grenier	2023-12-08T13:01:35	CC_BY_NC_4_0	Christian Grenier	Christian Grenier			2025-01-14T13:34:50.565Z	StillImage	COORDINATE_ROUNDED;CONTINENT_DERIVED_FROM_COORDINATES;TAXON_MATCH_TAXON_ID_IGNORED
4597292786	50c9509d-22c7-4a22-a47d-8c48425ef4a7	https://www.inaturalist.org/observations/200541807	Fungi	Basidiomycota	Agaricomycetes	Agaricales	Strophariaceae	Pholiota	Pholiota limonella		SPECIES	Pholiota limonella (Peck) Sacc.	Pholiota limonella		CA		Québec	PRESENT		28eb1a3f-1c15-4a95-931a-4af90ecb574d	45.548678	-73.46561	437.0						2023-10-20T15:49	20	10	2023	2534267	2534267	HUMAN_OBSERVATION	iNaturalist	Observations	200541807		Antoine Fortin	2024-02-26T19:32:36	CC_BY_NC_4_0	Antoine Fortin	Antoine Fortin			2025-01-14T13:31:29.942Z	StillImage	COORDINATE_ROUNDED;CONTINENT_DERIVED_FROM_COORDINATES;TAXON_MATCH_TAXON_ID_IGNORED
4458601185	50c9509d-22c7-4a22-a47d-8c48425ef4a7	https://www.inaturalist.org/observations/186543294	Fungi	Basidiomycota	Agaricomycetes	Agaricales	Strophariaceae	Pholiota	Pholiota limonella		SPECIES	Pholiota limonella (Peck) Sacc.	Pholiota limonella		CA		Québec	PRESENT		28eb1a3f-1c15-4a95-931a-4af90ecb574d	45.43262	-73.95677	189.0						2023-10-05T09:35	5	10	2023	2534267	2534267	HUMAN_OBSERVATION	iNaturalist	Observations	186543294		Katia Burelle	2023-12-01T02:22:37	CC_BY_NC_4_0	Madz	Madz			2025-01-14T13:33:36.133Z	StillImage	CONTINENT_DERIVED_FROM_COORDINATES;TAXON_MATCH_TAXON_ID_IGNORED
4458583224	50c9509d-22c7-4a22-a47d-8c48425ef4a7	https://www.inaturalist.org/observations/186551626	Fungi	Basidiomycota	Agaricomycetes	Agaricales	Strophariaceae	Pholiota	Pholiota limonella		SPECIES	Pholiota limonella (Peck) Sacc.	Pholiota limonella		CA		Québec	PRESENT		28eb1a3f-1c15-4a95-931a-4af90ecb574d	45.43421	-73.94892	189.0						2023-10-05T11:32	5	10	2023	2534267	2534267	HUMAN_OBSERVATION	iNaturalist	Observations	186551626		Katia Burelle	2023-12-01T02:09:15	CC_BY_NC_4_0	Madz	Madz			2025-01-14T12:42:15.488Z	StillImage	CONTINENT_DERIVED_FROM_COORDINATES;TAXON_MATCH_TAXON_ID_IGNORED
4453934389	50c9509d-22c7-4a22-a47d-8c48425ef4a7	https://www.inaturalist.org/observations/60004737	Fungi	Basidiomycota	Agaricomycetes	Agaricales	Strophariaceae	Pholiota	Pholiota limonella		SPECIES	Pholiota limonella (Peck) Sacc.	Pholiota limonella		CA		Ontario	PRESENT		28eb1a3f-1c15-4a95-931a-4af90ecb574d	45.514707	-75.3455	93.0						2020-09-16	16	9	2020	2534267	2534267	HUMAN_OBSERVATION	iNaturalist	Observations	60004737		jonathan_mack	2020-10-11T02:27:32	CC_BY_NC_4_0	kevinwallace	kevinwallace			2025-01-14T13:09:53.772Z	StillImage	CONTINENT_DERIVED_FROM_COORDINATES;TAXON_MATCH_TAXON_ID_IGNORED
4453919318	50c9509d-22c7-4a22-a47d-8c48425ef4a7	https://www.inaturalist.org/observations/17285185	Fungi	Basidiomycota	Agaricomycetes	Agaricales	Strophariaceae	Pholiota	Pholiota limonella		SPECIES	Pholiota limonella (Peck) Sacc.	Pholiota limonella		CA		New Brunswick	PRESENT		28eb1a3f-1c15-4a95-931a-4af90ecb574d	45.967103	-66.475927							2018-10-06T18:42	6	10	2018	2534267	2534267	HUMAN_OBSERVATION	iNaturalist	Observations	17285185		Raymonde G Chartier	2020-04-20T18:24:19	CC_BY_NC_4_0	Ken Ramey	Ken Ramey			2025-01-14T12:06:11.436Z	StillImage	COORDINATE_ROUNDED;CONTINENT_DERIVED_FROM_COORDINATES;TAXON_MATCH_TAXON_ID_IGNORED
4453865169	50c9509d-22c7-4a22-a47d-8c48425ef4a7	https://www.inaturalist.org/observations/187724975	Fungi	Basidiomycota	Agaricomycetes	Agaricales	Strophariaceae	Pholiota	Pholiota limonella		SPECIES	Pholiota limonella (Peck) Sacc.	Pholiota limonella		CA		Québec	PRESENT		28eb1a3f-1c15-4a95-931a-4af90ecb574d	45.451449	-73.476618							2023-10-14T14:32:13	14	10	2023	2534267	2534267	HUMAN_OBSERVATION	iNaturalist	Observations	187724975		Antoine Fortin	2023-10-18T21:38:16	CC_BY_NC_4_0	intodream	intodream			2025-01-14T12:42:21.860Z	StillImage	COORDINATE_ROUNDED;CONTINENT_DERIVED_FROM_COORDINATES;TAXON_MATCH_TAXON_ID_IGNORED
4453831357	50c9509d-22c7-4a22-a47d-8c48425ef4a7	https://www.inaturalist.org/observations/34226583	Fungi	Basidiomycota	Agaricomycetes	Agaricales	Strophariaceae	Pholiota	Pholiota limonella		SPECIES	Pholiota limonella (Peck) Sacc.	Pholiota limonella		CA		New Brunswick	PRESENT		28eb1a3f-1c15-4a95-931a-4af90ecb574d	45.820965	-65.050608	66.0						2019-10-11T11:32:43	11	10	2019	2534267	2534267	HUMAN_OBSERVATION	iNaturalist	Observations	34226583		Raymonde G Chartier	2021-03-05T00:42:35	CC_BY_NC_4_0	Katie Porter	Katie Porter			2025-01-14T12:09:39.895Z	StillImage	COORDINATE_ROUNDED;CONTINENT_DERIVED_FROM_COORDINATES;TAXON_MATCH_TAXON_ID_IGNORED
4453794627	50c9509d-22c7-4a22-a47d-8c48425ef4a7	https://www.inaturalist.org/observations/142075647	Fungi	Basidiomycota	Agaricomycetes	Agaricales	Strophariaceae	Pholiota	Pholiota limonella		SPECIES	Pholiota limonella (Peck) Sacc.	Pholiota limonella		CA		Québec	PRESENT		28eb1a3f-1c15-4a95-931a-4af90ecb574d	46.957784	-71.403743	15.0						2022-09-25	25	9	2022	2534267	2534267	HUMAN_OBSERVATION	iNaturalist	Observations	142075647		Christian Grenier	2022-11-15T16:23:34	CC_BY_NC_4_0	Christian Grenier	Christian Grenier			2025-01-14T12:33:21.670Z	StillImage	COORDINATE_ROUNDED;CONTINENT_DERIVED_FROM_COORDINATES;TAXON_MATCH_TAXON_ID_IGNORED
4453708603	50c9509d-22c7-4a22-a47d-8c48425ef4a7	https://www.inaturalist.org/observations/136726011	Fungi	Basidiomycota	Agaricomycetes	Agaricales	Strophariaceae	Pholiota	Pholiota limonella		SPECIES	Pholiota limonella (Peck) Sacc.	Pholiota limonella		CA		Ontario	PRESENT		28eb1a3f-1c15-4a95-931a-4af90ecb574d	45.446448	-75.517888	6253.0						2022-09-27T13:37:56	27	9	2022	2534267	2534267	HUMAN_OBSERVATION	iNaturalist	Observations	136726011		Stealth (Nature Photography)	2022-09-27T19:31:34	CC_BY_4_0	Stealth (Nature Photography)	Stealth (Nature Photography)			2025-01-14T12:32:32.413Z	StillImage	COORDINATE_ROUNDED;CONTINENT_DERIVED_FROM_COORDINATES;TAXON_MATCH_TAXON_ID_IGNORED
4453703413	50c9509d-22c7-4a22-a47d-8c48425ef4a7	https://www.inaturalist.org/observations/59916553	Fungi	Basidiomycota	Agaricomycetes	Agaricales	Strophariaceae	Pholiota	Pholiota limonella		SPECIES	Pholiota limonella (Peck) Sacc.	Pholiota limonella		CA		Québec	PRESENT		28eb1a3f-1c15-4a95-931a-4af90ecb574d	45.506687	-73.590897	18.0						2020-09-17T16:47:35	17	9	2020	2534267	2534267	HUMAN_OBSERVATION	iNaturalist	Observations	59916553		Eric Richard	2020-09-17T21:56:11	CC_BY_NC_4_0	Eric Richard	Eric Richard			2025-01-14T13:06:07.149Z	StillImage	COORDINATE_ROUNDED;CONTINENT_DERIVED_FROM_COORDINATES;TAXON_MATCH_TAXON_ID_IGNORED
4453701132	50c9509d-22c7-4a22-a47d-8c48425ef4a7	https://www.inaturalist.org/observations/189039189	Fungi	Basidiomycota	Agaricomycetes	Agaricales	Strophariaceae	Pholiota	Pholiota limonella		SPECIES	Pholiota limonella (Peck) Sacc.	Pholiota limonella		CA		Nova Scotia	PRESENT		28eb1a3f-1c15-4a95-931a-4af90ecb574d	45.115316	-64.497398	27222.0						2023-10-14T16:24:53	14	10	2023	2534267	2534267	HUMAN_OBSERVATION	iNaturalist	Observations	189039189		Thomas M	2023-10-26T19:16:59	CC_BY_NC_4_0	Thomas M	Thomas M			2025-01-14T13:34:18.156Z	StillImage	COORDINATE_ROUNDED;CONTINENT_DERIVED_FROM_COORDINATES;TAXON_MATCH_TAXON_ID_IGNORED
4453695970	50c9509d-22c7-4a22-a47d-8c48425ef4a7	https://www.inaturalist.org/observations/181381413	Fungi	Basidiomycota	Agaricomycetes	Agaricales	Strophariaceae	Pholiota	Pholiota limonella		SPECIES	Pholiota limonella (Peck) Sacc.	Pholiota limonella		CA		Québec	PRESENT		28eb1a3f-1c15-4a95-931a-4af90ecb574d	45.97364	-76.38976	8.0						2023-09-02T10:26:22	2	9	2023	2534267	2534267	HUMAN_OBSERVATION	iNaturalist	Observations	181381413		stepht66	2023-09-02T14:42:58	CC_BY_NC_4_0	stepht66	stepht66			2025-01-14T13:32:55.632Z	StillImage	COORDINATE_ROUNDED;CONTINENT_DERIVED_FROM_COORDINATES;TAXON_MATCH_TAXON_ID_IGNORED
4453685475	50c9509d-22c7-4a22-a47d-8c48425ef4a7	https://www.inaturalist.org/observations/106559870	Fungi	Basidiomycota	Agaricomycetes	Agaricales	Strophariaceae	Pholiota	Pholiota limonella		SPECIES	Pholiota limonella (Peck) Sacc.	Pholiota limonella		CA		New Brunswick	PRESENT		28eb1a3f-1c15-4a95-931a-4af90ecb574d	45.459459	-65.814951	31.0						2021-08-18T13:33	18	8	2021	2534267	2534267	HUMAN_OBSERVATION	iNaturalist	Observations	106559870		Raymonde G Chartier	2022-02-12T01:46:43	CC_BY_NC_4_0	Jo-Anne Monahan	Jo-Anne Monahan			2025-01-14T13:20:08.111Z	StillImage	COORDINATE_ROUNDED;CONTINENT_DERIVED_FROM_COORDINATES;TAXON_MATCH_TAXON_ID_IGNORED
4442586089	50c9509d-22c7-4a22-a47d-8c48425ef4a7	https://www.inaturalist.org/observations/191567270	Fungi	Basidiomycota	Agaricomycetes	Agaricales	Strophariaceae	Pholiota	Pholiota limonella		SPECIES	Pholiota limonella (Peck) Sacc.	Pholiota limonella		CA		Québec	PRESENT		28eb1a3f-1c15-4a95-931a-4af90ecb574d	45.492561	-73.773339	38.0						2023-10-09T15:36	9	10	2023	2534267	2534267	HUMAN_OBSERVATION	iNaturalist	Observations	191567270		gr3yhound	2023-11-20T10:10:53	CC_BY_NC_4_0	gr3yhound	gr3yhound			2025-01-14T12:41:42.630Z	StillImage	COORDINATE_ROUNDED;CONTINENT_DERIVED_FROM_COORDINATES;TAXON_MATCH_TAXON_ID_IGNORED
4431239409	50c9509d-22c7-4a22-a47d-8c48425ef4a7	https://www.inaturalist.org/observations/188364758	Fungi	Basidiomycota	Agaricomycetes	Agaricales	Strophariaceae	Pholiota	Pholiota limonella		SPECIES	Pholiota limonella (Peck) Sacc.	Pholiota limonella		CA		Québec	PRESENT		28eb1a3f-1c15-4a95-931a-4af90ecb574d	46.741667	-71.39481	38.0						2023-10-18T08:02:53	18	10	2023	2534267	2534267	HUMAN_OBSERVATION	iNaturalist	Observations	188364758		Camille Boucher	2023-10-21T11:14:46	CC_BY_NC_4_0	Camille Boucher	Camille Boucher			2025-01-14T13:33:44.461Z	StillImage	COORDINATE_ROUNDED;CONTINENT_DERIVED_FROM_COORDINATES;TAXON_MATCH_TAXON_ID_IGNORED
4431202577	50c9509d-22c7-4a22-a47d-8c48425ef4a7	https://www.inaturalist.org/observations/188384972	Fungi	Basidiomycota	Agaricomycetes	Agaricales	Strophariaceae	Pholiota	Pholiota limonella		SPECIES	Pholiota limonella (Peck) Sacc.	Pholiota limonella		CA		Québec	PRESENT		28eb1a3f-1c15-4a95-931a-4af90ecb574d	45.551048	-73.47258	31.0						2023-10-15T11:50	15	10	2023	2534267	2534267	HUMAN_OBSERVATION	iNaturalist	Observations	188384972		Antoine Fortin	2023-10-21T15:00:44	CC_BY_NC_4_0	Antoine Fortin	Antoine Fortin			2025-01-14T12:42:57.914Z	StillImage	COORDINATE_ROUNDED;CONTINENT_DERIVED_FROM_COORDINATES;TAXON_MATCH_TAXON_ID_IGNORED
4431134971	50c9509d-22c7-4a22-a47d-8c48425ef4a7	https://www.inaturalist.org/observations/187835995	Fungi	Basidiomycota	Agaricomycetes	Agaricales	Strophariaceae	Pholiota	Pholiota limonella		SPECIES	Pholiota limonella (Peck) Sacc.	Pholiota limonella		CA		Québec	PRESENT		28eb1a3f-1c15-4a95-931a-4af90ecb574d	46.784414	-71.270143	267.0						2023-10-15T18:55	15	10	2023	2534267	2534267	HUMAN_OBSERVATION	iNaturalist	Observations	187835995		Léo-Guy de Repentigny	2023-10-17T15:54:34	CC_BY_NC_4_0	Léo-Guy de Repentigny	Léo-Guy de Repentigny			2025-01-14T12:43:13.458Z	StillImage	COORDINATE_ROUNDED;CONTINENT_DERIVED_FROM_COORDINATES;TAXON_MATCH_TAXON_ID_IGNORED
4431095019	50c9509d-22c7-4a22-a47d-8c48425ef4a7	https://www.inaturalist.org/observations/187842941	Fungi	Basidiomycota	Agaricomycetes	Agaricales	Strophariaceae	Pholiota	Pholiota limonella		SPECIES	Pholiota limonella (Peck) Sacc.	Pholiota limonella		CA		Québec	PRESENT		28eb1a3f-1c15-4a95-931a-4af90ecb574d	46.246241	-74.471758	182.0						2023-10-15T14:48:10	15	10	2023	2534267	2534267	HUMAN_OBSERVATION	iNaturalist	Observations	187842941		noeliebonnefoy5	2023-10-17T00:09:27	CC_BY_NC_4_0	noeliebonnefoy5	noeliebonnefoy5			2025-01-14T12:41:17.837Z	StillImage	COORDINATE_ROUNDED;CONTINENT_DERIVED_FROM_COORDINATES;TAXON_MATCH_TAXON_ID_IGNORED
4431091386	50c9509d-22c7-4a22-a47d-8c48425ef4a7	https://www.inaturalist.org/observations/187633433	Fungi	Basidiomycota	Agaricomycetes	Agaricales	Strophariaceae	Pholiota	Pholiota limonella		SPECIES	Pholiota limonella (Peck) Sacc.	Pholiota limonella		CA		Québec	PRESENT		28eb1a3f-1c15-4a95-931a-4af90ecb574d	45.872811	-76.4339	501.0						2023-10-13T14:04	13	10	2023	2534267	2534267	HUMAN_OBSERVATION	iNaturalist	Observations	187633433		L Joan Heyding	2023-10-15T14:16:27	CC_BY_NC_4_0	L Joan Heyding	L Joan Heyding			2025-01-14T13:28:16.555Z	StillImage	COORDINATE_ROUNDED;CONTINENT_DERIVED_FROM_COORDINATES;TAXON_MATCH_TAXON_ID_IGNORED
4431083211	50c9509d-22c7-4a22-a47d-8c48425ef4a7	https://www.inaturalist.org/observations/187571113	Fungi	Basidiomycota	Agaricomycetes	Agaricales	Strophariaceae	Pholiota	Pholiota limonella		SPECIES	Pholiota limonella (Peck) Sacc.	Pholiota limonella		CA		Québec	PRESENT		28eb1a3f-1c15-4a95-931a-4af90ecb574d	45.872811	-76.4339	501.0						2023-10-13T12:09	13	10	2023	2534267	2534267	HUMAN_OBSERVATION	iNaturalist	Observations	187571113		L Joan Heyding	2023-10-15T00:57:20	CC_BY_NC_4_0	L Joan Heyding	L Joan Heyding			2025-01-14T12:45:46.298Z	StillImage	COORDINATE_ROUNDED;CONTINENT_DERIVED_FROM_COORDINATES;TAXON_MATCH_TAXON_ID_IGNORED
4431064779	50c9509d-22c7-4a22-a47d-8c48425ef4a7	https://www.inaturalist.org/observations/187425302	Fungi	Basidiomycota	Agaricomycetes	Agaricales	Strophariaceae	Pholiota	Pholiota limonella		SPECIES	Pholiota limonella (Peck) Sacc.	Pholiota limonella		CA		Québec	PRESENT		28eb1a3f-1c15-4a95-931a-4af90ecb574d	45.969522	-73.482323	187.0						2023-10-13T15:25	13	10	2023	2534267	2534267	HUMAN_OBSERVATION	iNaturalist	Observations	187425302		jeancharlesbellemare	2023-10-13T23:06:18	CC_BY_NC_4_0	jeancharlesbellemare	jeancharlesbellemare			2025-01-14T12:41:25.804Z	StillImage	COORDINATE_ROUNDED;CONTINENT_DERIVED_FROM_COORDINATES;TAXON_MATCH_TAXON_ID_IGNORED
4430972558	50c9509d-22c7-4a22-a47d-8c48425ef4a7	https://www.inaturalist.org/observations/186303105	Fungi	Basidiomycota	Agaricomycetes	Agaricales	Strophariaceae	Pholiota	Pholiota limonella		SPECIES	Pholiota limonella (Peck) Sacc.	Pholiota limonella		CA		Québec	PRESENT		28eb1a3f-1c15-4a95-931a-4af90ecb574d	45.535822	-75.870108	6.0						2023-10-05T10:38:08	5	10	2023	2534267	2534267	HUMAN_OBSERVATION	iNaturalist	Observations	186303105		Anthony Gaston	2023-10-06T18:44:51	CC_BY_NC_4_0	thrinley	thrinley			2025-01-14T12:45:14.540Z	StillImage	COORDINATE_ROUNDED;CONTINENT_DERIVED_FROM_COORDINATES;TAXON_MATCH_TAXON_ID_IGNORED
4430965485	50c9509d-22c7-4a22-a47d-8c48425ef4a7	https://www.inaturalist.org/observations/186212001	Fungi	Basidiomycota	Agaricomycetes	Agaricales	Strophariaceae	Pholiota	Pholiota limonella		SPECIES	Pholiota limonella (Peck) Sacc.	Pholiota limonella		CA		Ontario	PRESENT		28eb1a3f-1c15-4a95-931a-4af90ecb574d	45.583659	-79.09317	27158.0						2023-09-17T09:37:49	17	9	2023	2534267	2534267	HUMAN_OBSERVATION	iNaturalist	Observations	186212001		cinna_latifolia	2023-10-13T03:02:21	CC_BY_NC_4_0	Ingrid Montarras	Ingrid Montarras			2025-01-14T12:40:10.309Z	StillImage	COORDINATE_ROUNDED;CONTINENT_DERIVED_FROM_COORDINATES;TAXON_MATCH_TAXON_ID_IGNORED
4430765358	50c9509d-22c7-4a22-a47d-8c48425ef4a7	https://www.inaturalist.org/observations/188332868	Fungi	Basidiomycota	Agaricomycetes	Agaricales	Strophariaceae	Pholiota	Pholiota limonella		SPECIES	Pholiota limonella (Peck) Sacc.	Pholiota limonella		CA		Québec	PRESENT		28eb1a3f-1c15-4a95-931a-4af90ecb574d	45.550951	-73.479044	31.0						2023-09-28T10:01	28	9	2023	2534267	2534267	HUMAN_OBSERVATION	iNaturalist	Observations	188332868		Antoine Fortin	2023-10-21T02:40:10	CC_BY_NC_4_0	Antoine Fortin	Antoine Fortin			2025-01-14T13:30:32.751Z	StillImage	COORDINATE_ROUNDED;CONTINENT_DERIVED_FROM_COORDINATES;TAXON_MATCH_TAXON_ID_IGNORED
4430587504	50c9509d-22c7-4a22-a47d-8c48425ef4a7	https://www.inaturalist.org/observations/187366737	Fungi	Basidiomycota	Agaricomycetes	Agaricales	Strophariaceae	Pholiota	Pholiota limonella		SPECIES	Pholiota limonella (Peck) Sacc.	Pholiota limonella		CA		Québec	PRESENT		28eb1a3f-1c15-4a95-931a-4af90ecb574d	45.613842	-74.078136	2500.0						2023-10-13T10:25:30	13	10	2023	2534267	2534267	HUMAN_OBSERVATION	iNaturalist	Observations	187366737		nelliebean	2023-10-13T14:27:06	CC_BY_NC_4_0	nelliebean	nelliebean			2025-01-14T13:28:18.154Z	StillImage	COORDINATE_ROUNDED;CONTINENT_DERIVED_FROM_COORDINATES;TAXON_MATCH_TAXON_ID_IGNORED
4430561739	50c9509d-22c7-4a22-a47d-8c48425ef4a7	https://www.inaturalist.org/observations/187403438	Fungi	Basidiomycota	Agaricomycetes	Agaricales	Strophariaceae	Pholiota	Pholiota limonella		SPECIES	Pholiota limonella (Peck) Sacc.	Pholiota limonella		CA		Québec	PRESENT		28eb1a3f-1c15-4a95-931a-4af90ecb574d	45.358592	-72.227439	32.0						2023-10-09T12:42	9	10	2023	2534267	2534267	HUMAN_OBSERVATION	iNaturalist	Observations	187403438		Antoine Fortin	2023-10-14T01:28:43	CC_BY_NC_4_0	gabboilard	gabboilard			2025-01-14T12:42:24.256Z	StillImage	COORDINATE_ROUNDED;CONTINENT_DERIVED_FROM_COORDINATES;TAXON_MATCH_TAXON_ID_IGNORED
4430524366	50c9509d-22c7-4a22-a47d-8c48425ef4a7	https://www.inaturalist.org/observations/185951908	Fungi	Basidiomycota	Agaricomycetes	Agaricales	Strophariaceae	Pholiota	Pholiota limonella		SPECIES	Pholiota limonella (Peck) Sacc.	Pholiota limonella		CA		Québec	PRESENT		28eb1a3f-1c15-4a95-931a-4af90ecb574d	45.872811	-76.4339	501.0						2023-09-29T14:35	29	9	2023	2534267	2534267	HUMAN_OBSERVATION	iNaturalist	Observations	185951908		L Joan Heyding	2023-10-02T20:25:06	CC_BY_NC_4_0	L Joan Heyding	L Joan Heyding			2025-01-14T13:32:52.440Z	StillImage	COORDINATE_ROUNDED;CONTINENT_DERIVED_FROM_COORDINATES;TAXON_MATCH_TAXON_ID_IGNORED
4424652304	50c9509d-22c7-4a22-a47d-8c48425ef4a7	https://www.inaturalist.org/observations/186304323	Fungi	Basidiomycota	Agaricomycetes	Agaricales	Strophariaceae	Pholiota	Pholiota limonella		SPECIES	Pholiota limonella (Peck) Sacc.	Pholiota limonella		CA		Québec	PRESENT		28eb1a3f-1c15-4a95-931a-4af90ecb574d	45.506404	-73.584352	150.0						2023-10-05T13:27:52	5	10	2023	2534267	2534267	HUMAN_OBSERVATION	iNaturalist	Observations	186304323		Antoine Fortin	2023-10-06T01:16:25	CC_BY_NC_4_0	alarocque	alarocque			2025-01-14T12:41:01.970Z	StillImage	CONTINENT_DERIVED_FROM_COORDINATES;TAXON_MATCH_TAXON_ID_IGNORED
4424167288	50c9509d-22c7-4a22-a47d-8c48425ef4a7	https://www.inaturalist.org/observations/186304245	Fungi	Basidiomycota	Agaricomycetes	Agaricales	Strophariaceae	Pholiota	Pholiota limonella		SPECIES	Pholiota limonella (Peck) Sacc.	Pholiota limonella		CA		Québec	PRESENT		28eb1a3f-1c15-4a95-931a-4af90ecb574d	45.536107	-75.87019							2023-10-05T10:37:08	5	10	2023	2534267	2534267	HUMAN_OBSERVATION	iNaturalist	Observations	186304245		Antoine Fortin	2023-10-06T01:16:36	CC_BY_NC_4_0	Anthony Gaston	Anthony Gaston			2025-01-14T13:33:43.749Z	StillImage	COORDINATE_ROUNDED;CONTINENT_DERIVED_FROM_COORDINATES;TAXON_MATCH_TAXON_ID_IGNORED
4421010951	50c9509d-22c7-4a22-a47d-8c48425ef4a7	https://www.inaturalist.org/observations/184860514	Fungi	Basidiomycota	Agaricomycetes	Agaricales	Strophariaceae	Pholiota	Pholiota limonella		SPECIES	Pholiota limonella (Peck) Sacc.	Pholiota limonella		CA		Québec	PRESENT		28eb1a3f-1c15-4a95-931a-4af90ecb574d	46.777088	-71.272412	40.0						2023-09-20T15:54:04	20	9	2023	2534267	2534267	HUMAN_OBSERVATION	iNaturalist	Observations	184860514		Antoine Fortin	2023-09-25T22:11:03	CC_BY_NC_4_0	Camille Boucher	Camille Boucher			2025-01-14T13:32:56.129Z	StillImage	COORDINATE_ROUNDED;CONTINENT_DERIVED_FROM_COORDINATES;TAXON_MATCH_TAXON_ID_IGNORED
4414414715	50c9509d-22c7-4a22-a47d-8c48425ef4a7	https://www.inaturalist.org/observations/183572391	Fungi	Basidiomycota	Agaricomycetes	Agaricales	Strophariaceae	Pholiota	Pholiota limonella		SPECIES	Pholiota limonella (Peck) Sacc.	Pholiota limonella		CA		Québec	PRESENT		28eb1a3f-1c15-4a95-931a-4af90ecb574d	48.67987	-72.473472	4.0						2023-09-16T16:27:14	16	9	2023	2534267	2534267	HUMAN_OBSERVATION	iNaturalist	Observations	183572391		ricomycologie	2023-09-16T21:34:05	CC_BY_NC_4_0	ricomycologie	ricomycologie			2025-01-14T12:42:03.185Z	StillImage	COORDINATE_ROUNDED;CONTINENT_DERIVED_FROM_COORDINATES;TAXON_MATCH_TAXON_ID_IGNORED
3925327565	50c9509d-22c7-4a22-a47d-8c48425ef4a7	https://www.inaturalist.org/observations/138308500	Fungi	Basidiomycota	Agaricomycetes	Agaricales	Strophariaceae	Pholiota	Pholiota limonella		SPECIES	Pholiota limonella (Peck) Sacc.	Pholiota limonella		CA		Québec	PRESENT		28eb1a3f-1c15-4a95-931a-4af90ecb574d	45.779699	-73.395884	27126.0						2022-10-10T15:06:28	10	10	2022	2534267	2534267	HUMAN_OBSERVATION	iNaturalist	Observations	138308500		Morphie	2022-10-11T13:25:39	CC_BY_NC_4_0	Alexis Desmarais	Alexis Desmarais			2025-01-14T13:25:34.826Z	StillImage	COORDINATE_ROUNDED;CONTINENT_DERIVED_FROM_COORDINATES;TAXON_MATCH_TAXON_ID_IGNORED
3923496113	50c9509d-22c7-4a22-a47d-8c48425ef4a7	https://www.inaturalist.org/observations/137057366	Fungi	Basidiomycota	Agaricomycetes	Agaricales	Strophariaceae	Pholiota	Pholiota limonella		SPECIES	Pholiota limonella (Peck) Sacc.	Pholiota limonella		CA		Québec	PRESENT		28eb1a3f-1c15-4a95-931a-4af90ecb574d	45.357275	-72.23038	140.0						2022-09-30T14:49:28	30	9	2022	2534267	2534267	HUMAN_OBSERVATION	iNaturalist	Observations	137057366		Lucie Roy	2022-09-30T20:10:26	CC_BY_NC_4_0	Lucie Roy	Lucie Roy			2025-01-14T13:25:38.027Z	StillImage	COORDINATE_ROUNDED;CONTINENT_DERIVED_FROM_COORDINATES;TAXON_MATCH_TAXON_ID_IGNORED
3915395472	50c9509d-22c7-4a22-a47d-8c48425ef4a7	https://www.inaturalist.org/observations/103578961	Fungi	Basidiomycota	Agaricomycetes	Agaricales	Strophariaceae	Pholiota	Pholiota limonella		SPECIES	Pholiota limonella (Peck) Sacc.	Pholiota limonella		CA		Québec	PRESENT		28eb1a3f-1c15-4a95-931a-4af90ecb574d	46.264144	-72.812557	15.0						2009-10-08T08:11	8	10	2009	2534267	2534267	HUMAN_OBSERVATION	iNaturalist	Observations	103578961		Morphie	2022-09-22T04:07:52	CC_BY_NC_4_0	Alain Maire	Alain Maire			2025-01-14T12:24:14.287Z	StillImage	COORDINATE_ROUNDED;CONTINENT_DERIVED_FROM_COORDINATES;TAXON_MATCH_TAXON_ID_IGNORED
3881519388	50c9509d-22c7-4a22-a47d-8c48425ef4a7	https://www.inaturalist.org/observations/103687879	Fungi	Basidiomycota	Agaricomycetes	Agaricales	Strophariaceae	Pholiota	Pholiota limonella		SPECIES	Pholiota limonella (Peck) Sacc.	Pholiota limonella		CA		Québec	PRESENT		28eb1a3f-1c15-4a95-931a-4af90ecb574d	46.294711	-72.523137	61.0						2012-10-01T09:26	1	10	2012	2534267	2534267	HUMAN_OBSERVATION	iNaturalist	Observations	103687879		Alain Maire	2021-12-26T14:38:54	CC_BY_NC_4_0	Alain Maire	Alain Maire			2025-01-14T12:26:50.382Z	StillImage	COORDINATE_ROUNDED;CONTINENT_DERIVED_FROM_COORDINATES;TAXON_MATCH_TAXON_ID_IGNORED
3398956836	50c9509d-22c7-4a22-a47d-8c48425ef4a7	https://www.inaturalist.org/observations/99107797	Fungi	Basidiomycota	Agaricomycetes	Agaricales	Strophariaceae	Pholiota	Pholiota limonella		SPECIES	Pholiota limonella (Peck) Sacc.	Pholiota limonella		CA		New Brunswick	PRESENT		28eb1a3f-1c15-4a95-931a-4af90ecb574d	46.077006	-64.686702	4922.0						2021-10-23T14:24:20	23	10	2021	2534267	2534267	HUMAN_OBSERVATION	iNaturalist	Observations	99107797		Ted Warren	2021-10-24T15:07:29	CC_BY_NC_4_0	yoguilours	yoguilours			2025-01-14T13:15:54.212Z	StillImage	COORDINATE_ROUNDED;CONTINENT_DERIVED_FROM_COORDINATES;TAXON_MATCH_TAXON_ID_IGNORED
3320850377	50c9509d-22c7-4a22-a47d-8c48425ef4a7	https://www.inaturalist.org/observations/60272974	Fungi	Basidiomycota	Agaricomycetes	Agaricales	Strophariaceae	Pholiota	Pholiota limonella		SPECIES	Pholiota limonella (Peck) Sacc.	Pholiota limonella		CA		Québec	PRESENT		28eb1a3f-1c15-4a95-931a-4af90ecb574d	47.752041	-79.146339	8.0						2020-09-19T15:54	19	9	2020	2534267	2534267	HUMAN_OBSERVATION	iNaturalist	Observations	60272974		Jonathan Jensen-Lynch	2021-07-01T06:30:45	CC_BY_NC_4_0	Pierre Cartier	Pierre Cartier			2025-01-14T12:15:41.648Z	StillImage	COORDINATE_ROUNDED;CONTINENT_DERIVED_FROM_COORDINATES;TAXON_MATCH_TAXON_ID_IGNORED
3043061782	f8f35535-8c10-43fc-89dc-eb0843f25394	GB-0130225	Fungi	Basidiomycota	Agaricomycetes	Agaricales	Strophariaceae	Pholiota	Pholiota limonella		SPECIES	Pholiota limonella (Peck) Sacc.	Pholiota limonella		CA	Algonquin Provincial Park	Ontario	PRESENT		0ed04352-6745-4665-9e11-7117ee91a96b	45.800278	-78.340278							1982-09-20	20	9	1982	2534267	2534267	PRESERVED_SPECIMEN	GB	GB	GB-0130225	7402			CC0_1_0		Hallenberg, Nils & Ginns, Jim			2024-12-19T12:17:54.319Z		COORDINATE_ROUNDED;GEODETIC_DATUM_ASSUMED_WGS84;INSTITUTION_MATCH_FUZZY;COLLECTION_MATCH_FUZZY
2860126349	50c9509d-22c7-4a22-a47d-8c48425ef4a7	https://www.inaturalist.org/observations/33644718	Fungi	Basidiomycota	Agaricomycetes	Agaricales	Strophariaceae	Pholiota	Pholiota limonella		SPECIES	Pholiota limonella (Peck) Sacc.	Pholiota limonella		CA		Ontario	PRESENT		28eb1a3f-1c15-4a95-931a-4af90ecb574d	45.364599	-75.530426	832.0						2019-09-29T12:45:44	29	9	2019	2534267	2534267	HUMAN_OBSERVATION	iNaturalist	Observations	33644718		jonathan_mack	2020-08-29T17:59:31	CC_BY_NC_4_0	Lynn Ovenden	Lynn Ovenden			2025-01-14T13:04:51.625Z	StillImage	COORDINATE_ROUNDED;CONTINENT_DERIVED_FROM_COORDINATES;TAXON_MATCH_TAXON_ID_IGNORED
1412707377	21705170-d2b6-42de-8904-c3bca4b83591	CMMF015823	Fungi	Basidiomycota	Agaricomycetes	Agaricales	Strophariaceae	Pholiota	Pholiota limonella		SPECIES	Pholiota limonella (Peck) Sacc.	Pholiota limonella (Peck) Sacc.	(Peck) Sacc.	CA	Chicoutimi, Québec.	Québec	PRESENT		ff7bd5db-b724-4932-b496-10ea298851f9	48.368277	-71.119642	15000.0						1998-09-26	26	9	1998	2534267	2534267	PRESERVED_SPECIMEN	Université de Montréal Biodiversity Centre	CMMF	CMMF015823	2610	Guérin, Gérard		CC0_1_0	Université de Montréal Biodiversity Centre	Guérin, Gérard			2024-01-24T16:38:16.520Z	StillImage	INSTITUTION_MATCH_FUZZY;COLLECTION_MATCH_FUZZY;DIFFERENT_OWNER_INSTITUTION
1412706758	21705170-d2b6-42de-8904-c3bca4b83591	CMMF015123	Fungi	Basidiomycota	Agaricomycetes	Agaricales	Strophariaceae	Pholiota	Pholiota limonella		SPECIES	Pholiota limonella (Peck) Sacc.	Pholiota limonella (Peck) Sacc.	(Peck) Sacc.	CA	Saint-Ubalde, Québec.	Québec	PRESENT		ff7bd5db-b724-4932-b496-10ea298851f9	46.799305	-72.267036	10000.0						1997-08-31	31	8	1997	2534267	2534267	PRESERVED_SPECIMEN	Université de Montréal Biodiversity Centre	CMMF	CMMF015123	2111	Guérin, Gérard		CC0_1_0	Université de Montréal Biodiversity Centre	Guérin, Gérard			2024-01-24T16:38:16.729Z	StillImage	INSTITUTION_MATCH_FUZZY;COLLECTION_MATCH_FUZZY;DIFFERENT_OWNER_INSTITUTION
1412706678	21705170-d2b6-42de-8904-c3bca4b83591	CMMF015128	Fungi	Basidiomycota	Agaricomycetes	Agaricales	Strophariaceae	Pholiota	Pholiota limonella		SPECIES	Pholiota limonella (Peck) Sacc.	Pholiota limonella (Peck) Sacc.	(Peck) Sacc.	CA	LaBaie, Québec.	Québec	PRESENT		ff7bd5db-b724-4932-b496-10ea298851f9	48.329203	-70.885721	12000.0						1985-09-16	16	9	1985	2534267	2534267	PRESERVED_SPECIMEN	Université de Montréal Biodiversity Centre	CMMF	CMMF015128	NA	Guérin, Gérard		CC0_1_0	Université de Montréal Biodiversity Centre	unknown			2024-01-24T16:38:16.730Z		INSTITUTION_MATCH_FUZZY;COLLECTION_MATCH_FUZZY;DIFFERENT_OWNER_INSTITUTION
1412705814	21705170-d2b6-42de-8904-c3bca4b83591	CMMF014204	Fungi	Basidiomycota	Agaricomycetes	Agaricales	Strophariaceae	Pholiota	Pholiota limonella		SPECIES	Pholiota limonella (Peck) Sacc.	Pholiota limonella (Peck) Sacc.	(Peck) Sacc.	CA	Rivière Éternité, Québec.	Québec	PRESENT		ff7bd5db-b724-4932-b496-10ea298851f9	48.255057	-70.413487	3000.0						1987-08-21	21	8	1987	2534267	2534267	PRESERVED_SPECIMEN	Université de Montréal Biodiversity Centre	CMMF	CMMF014204	2109	Guérin, Gérard		CC0_1_0	Université de Montréal Biodiversity Centre	Guérin, Gérard			2024-01-24T16:38:19.354Z	StillImage	INSTITUTION_MATCH_FUZZY;COLLECTION_MATCH_FUZZY;DIFFERENT_OWNER_INSTITUTION
1412705789	21705170-d2b6-42de-8904-c3bca4b83591	CMMF014201	Fungi	Basidiomycota	Agaricomycetes	Agaricales	Strophariaceae	Pholiota	Pholiota limonella		SPECIES	Pholiota limonella (Peck) Sacc.	Pholiota limonella (Peck) Sacc.	(Peck) Sacc.	CA	Shipshaw, Québec.	Québec	PRESENT		ff7bd5db-b724-4932-b496-10ea298851f9	48.466834	-71.263421	2500.0						1985-09-14	14	9	1985	2534267	2534267	PRESERVED_SPECIMEN	Université de Montréal Biodiversity Centre	CMMF	CMMF014201	2108	Guérin, Gérard		CC0_1_0	Université de Montréal Biodiversity Centre	Guérin, Gérard			2024-01-24T16:38:19.353Z	StillImage	INSTITUTION_MATCH_FUZZY;COLLECTION_MATCH_FUZZY;DIFFERENT_OWNER_INSTITUTION
1135069063	21705170-d2b6-42de-8904-c3bca4b83591	CMMF007571	Fungi	Basidiomycota	Agaricomycetes	Agaricales	Strophariaceae	Pholiota	Pholiota limonella		SPECIES	Pholiota limonella (Peck) Sacc.	Pholiota limonella (Peck) Sacc.	(Peck) Sacc.	CA	Les Grèves, Tracy	Québec	PRESENT		ff7bd5db-b724-4932-b496-10ea298851f9	45.98545	-73.1651	100.0						2008-10-03	3	10	2008	2534267	2534267	PRESERVED_SPECIMEN	Université de Montréal Biodiversity Centre	CMMF	CMMF007571	C3440	McNeil, Raymond		CC0_1_0	Université de Montréal Biodiversity Centre	McNeil, Raymond			2024-01-24T16:38:15.973Z	StillImage	INSTITUTION_MATCH_FUZZY;COLLECTION_MATCH_FUZZY;DIFFERENT_OWNER_INSTITUTION
1135068475	21705170-d2b6-42de-8904-c3bca4b83591	CMMF006991	Fungi	Basidiomycota	Agaricomycetes	Agaricales	Strophariaceae	Pholiota	Pholiota limonella		SPECIES	Pholiota limonella (Peck) Sacc.	Pholiota limonella (Peck) Sacc.	(Peck) Sacc.	CA	Lachute	Québec	PRESENT		ff7bd5db-b724-4932-b496-10ea298851f9	45.66275	-74.241983	100.0						1976-09-16	16	9	1976	2534267	2534267	PRESERVED_SPECIMEN	Université de Montréal Biodiversity Centre	CMMF	CMMF006991	Inexistant	McNeil, Raymond		CC0_1_0	Université de Montréal Biodiversity Centre	McNeil, Raymond			2024-01-24T16:38:19.615Z	StillImage	COORDINATE_ROUNDED;INSTITUTION_MATCH_FUZZY;COLLECTION_MATCH_FUZZY;DIFFERENT_OWNER_INSTITUTION
1135067558	21705170-d2b6-42de-8904-c3bca4b83591	CMMF006102	Fungi	Basidiomycota	Agaricomycetes	Agaricales	Strophariaceae	Pholiota	Pholiota limonella		SPECIES	Pholiota limonella (Peck) Sacc.	Pholiota limonella (Peck) Sacc.	(Peck) Sacc.	CA	Châteauguay	Québec	PRESENT		ff7bd5db-b724-4932-b496-10ea298851f9	45.35433	-73.774083	100.0						1976-09-19	19	9	1976	2534267	2534267	PRESERVED_SPECIMEN	Université de Montréal Biodiversity Centre	CMMF	CMMF006102	Inexistant	McNeil, Raymond		CC0_1_0	Université de Montréal Biodiversity Centre	McNeil, Raymond			2024-01-24T16:38:18.821Z	StillImage	COORDINATE_ROUNDED;INSTITUTION_MATCH_FUZZY;COLLECTION_MATCH_FUZZY;DIFFERENT_OWNER_INSTITUTION
