gbifID	datasetKey	occurrenceID	kingdom	phylum	class	order	family	genus	species	infraspecificEpithet	taxonRank	scientificName	verbatimScientificName	verbatimScientificNameAuthorship	countryCode	locality	stateProvince	occurrenceStatus	individualCount	publishingOrgKey	decimalLatitude	decimalLongitude	coordinateUncertaintyInMeters	coordinatePrecision	elevation	elevationAccuracy	depth	depthAccuracy	eventDate	day	month	year	taxonKey	speciesKey	basisOfRecord	institutionCode	collectionCode	catalogNumber	recordNumber	identifiedBy	dateIdentified	license	rightsHolder	recordedBy	typeStatus	establishmentMeans	lastInterpreted	mediaType	issue
727876133	d7cfd2ed-8af4-427f-a16e-eb66b7e2c419	16218	Fungi	Basidiomycota	Agaricomycetes	Agaricales	Tricholomataceae	Cystoderma	Cystoderma amianthinum		SPECIES	Cystoderma amianthinum (Scop.) Fayod	Cystoderma amianthinum (Scop.) Fayod	(Scop.) Fayod	CA	S of Denbigh	Ontario	PRESENT		ff418020-1d67-11d9-8435-b8a03c50a862	45.102123	-77.274399	8104.0						1958-09-17	17	9	1958	5243525	5243525	PRESERVED_SPECIMEN	Royal Ontario Museum	TRTC	TRTC041452		Cain, R.F.		CC0_1_0	Royal Ontario Museum	Cain, R.F.			2024-01-25T00:59:39.111Z		COORDINATE_ROUNDED;AMBIGUOUS_INSTITUTION
727874580	d7cfd2ed-8af4-427f-a16e-eb66b7e2c419	13551	Fungi	Basidiomycota	Agaricomycetes	Agaricales	Tricholomataceae	Cystoderma	Cystoderma amianthinum		SPECIES	Cystoderma amianthinum (Scop.) Fayod	Cystoderma amianthinum (Scop.) Fayod	(Scop.) Fayod	CA	Algonquin Provincial Park	Ontario	PRESENT		ff418020-1d67-11d9-8435-b8a03c50a862	45.759859	-78.376465	67511.0						2006-09-30	30	9	2006	5243525	5243525	PRESERVED_SPECIMEN	Royal Ontario Museum	TRTC	TRTC150948	MD_ALG06_35	Didukh, M.		CC0_1_0	Royal Ontario Museum	Didukh, M.			2024-01-25T00:59:41.574Z	StillImage	COORDINATE_ROUNDED;AMBIGUOUS_INSTITUTION
694156978	d7cfd2ed-8af4-427f-a16e-eb66b7e2c419	13946	Fungi	Basidiomycota	Agaricomycetes	Agaricales	Tricholomataceae	Cystoderma	Cystoderma amianthinum		SPECIES	Cystoderma rugosoreticulatum (F.Lorinser) Wasser	Cystoderma rugosoreticulatum (F. Lorinser) Wasser	(F. Lorinser) Wasser	CA	Algonquin Provincial Park	Ontario	PRESENT		ff418020-1d67-11d9-8435-b8a03c50a862	45.759859	-78.376465	67511.0						2006-10-01	1	10	2006	5458995	5243525	PRESERVED_SPECIMEN	Royal Ontario Museum	TRTC	TRTC150995	MD_ALG06_84	Maryna Didukh		CC0_1_0	Royal Ontario Museum	Maryna Didukh			2024-01-25T00:59:38.916Z	StillImage	COORDINATE_ROUNDED;AMBIGUOUS_INSTITUTION
694156895	d7cfd2ed-8af4-427f-a16e-eb66b7e2c419	13588	Fungi	Basidiomycota	Agaricomycetes	Agaricales	Tricholomataceae	Cystoderma	Cystoderma amianthinum		SPECIES	Cystoderma rugosoreticulatum (F.Lorinser) Wasser	Cystoderma rugosoreticulatum (F. Lorinser) Wasser	(F. Lorinser) Wasser	CA	Algonquin Provincial Park	Ontario	PRESENT		ff418020-1d67-11d9-8435-b8a03c50a862	45.759859	-78.376465	67511.0						2006-10-01	1	10	2006	5458995	5243525	PRESERVED_SPECIMEN	Royal Ontario Museum	TRTC	TRTC150962	MD_ALG06_51	Maryna Didukh		CC0_1_0	Royal Ontario Museum	Maryna Didukh			2024-01-25T00:59:41.554Z	StillImage	COORDINATE_ROUNDED;AMBIGUOUS_INSTITUTION
694156887	d7cfd2ed-8af4-427f-a16e-eb66b7e2c419	13552	Fungi	Basidiomycota	Agaricomycetes	Agaricales	Tricholomataceae	Cystoderma	Cystoderma amianthinum		SPECIES	Cystoderma rugosoreticulatum (F.Lorinser) Wasser	Cystoderma rugosoreticulatum (F. Lorinser) Wasser	(F. Lorinser) Wasser	CA	Algonquin Provincial Park	Ontario	PRESENT		ff418020-1d67-11d9-8435-b8a03c50a862	45.759859	-78.376465	67511.0						2006-09-30	30	9	2006	5458995	5243525	PRESERVED_SPECIMEN	Royal Ontario Museum	TRTC	TRTC150949	MD_ALG06_36	Maryna Didukh		CC0_1_0	Royal Ontario Museum	Maryna Didukh			2024-01-25T00:59:41.580Z	StillImage	COORDINATE_ROUNDED;AMBIGUOUS_INSTITUTION
617555527	21705170-d2b6-42de-8904-c3bca4b83591	CMMF000848	Fungi	Basidiomycota	Agaricomycetes	Agaricales	Tricholomataceae	Cystoderma	Cystoderma amianthinum		SPECIES	Cystoderma amianthinum (Scop.) Fayod	Cystoderma amianthinum (Scop.) Fayod	(Scop.) Fayod	CA	Lachute	Québec	PRESENT		ff7bd5db-b724-4932-b496-10ea298851f9	45.664878	-74.292134	8500.0						1989-09-24	24	9	1989	5243525	5243525	PRESERVED_SPECIMEN	Université de Montréal Biodiversity Centre	CMMF	CMMF000848		Lamoureux, Yves		CC0_1_0	Université de Montréal Biodiversity Centre	Lamoureux, Yves			2024-01-24T16:38:21.566Z	StillImage	INSTITUTION_MATCH_FUZZY;COLLECTION_MATCH_FUZZY;DIFFERENT_OWNER_INSTITUTION
617553645	21705170-d2b6-42de-8904-c3bca4b83591	CMMF003695	Fungi	Basidiomycota	Agaricomycetes	Agaricales	Tricholomataceae	Cystoderma	Cystoderma amianthinum		SPECIES	Cystoderma amianthinum (Scop.) Fayod	Cystoderma amianthinum (Scop.) Fayod	(Scop.) Fayod	CA	Rawdon	Québec	PRESENT		ff7bd5db-b724-4932-b496-10ea298851f9	46.052398	-73.748752	11000.0						2002-10-01	1	10	2002	5243525	5243525	PRESERVED_SPECIMEN	Université de Montréal Biodiversity Centre	CMMF	CMMF003695		Lamoureux, Yves		CC0_1_0	Université de Montréal Biodiversity Centre	Lamoureux, Yves			2024-01-24T16:38:16.479Z	StillImage	INSTITUTION_MATCH_FUZZY;COLLECTION_MATCH_FUZZY;DIFFERENT_OWNER_INSTITUTION
617553257	21705170-d2b6-42de-8904-c3bca4b83591	CMMF000352	Fungi	Basidiomycota	Agaricomycetes	Agaricales	Tricholomataceae	Cystoderma	Cystoderma amianthinum		SPECIES	Cystoderma amianthinum (Scop.) Fayod	Cystoderma amianthinum (Scop.) Fayod	(Scop.) Fayod	CA	Rawdon	Québec	PRESENT		ff7bd5db-b724-4932-b496-10ea298851f9	46.052398	-73.748752	11000.0						1988-09-18	18	9	1988	5243525	5243525	PRESERVED_SPECIMEN	Université de Montréal Biodiversity Centre	CMMF	CMMF000352		Lamoureux, Yves		CC0_1_0	Université de Montréal Biodiversity Centre	Lamoureux, Yves			2024-01-24T16:38:20.802Z	StillImage	INSTITUTION_MATCH_FUZZY;COLLECTION_MATCH_FUZZY;DIFFERENT_OWNER_INSTITUTION
617551432	21705170-d2b6-42de-8904-c3bca4b83591	CMMF002703	Fungi	Basidiomycota	Agaricomycetes	Agaricales	Tricholomataceae	Cystoderma	Cystoderma amianthinum		SPECIES	Cystoderma amianthinum (Scop.) Fayod	Cystoderma amianthinum (Scop.) Fayod	(Scop.) Fayod	CA	Saint-Roch-sur-Richelieu	Québec	PRESENT		ff7bd5db-b724-4932-b496-10ea298851f9	45.891936	-73.179027	4000.0						1995-09-30	30	9	1995	5243525	5243525	PRESERVED_SPECIMEN	Université de Montréal Biodiversity Centre	CMMF	CMMF002703		Lamoureux, Yves		CC0_1_0	Université de Montréal Biodiversity Centre	Lamoureux, Yves			2024-01-24T16:38:20.483Z	StillImage	INSTITUTION_MATCH_FUZZY;COLLECTION_MATCH_FUZZY;DIFFERENT_OWNER_INSTITUTION
4507571164	50c9509d-22c7-4a22-a47d-8c48425ef4a7	https://www.inaturalist.org/observations/184607082	Fungi	Basidiomycota	Agaricomycetes	Agaricales	Tricholomataceae	Cystoderma	Cystoderma amianthinum		SPECIES	Cystoderma amianthinum (Scop.) Fayod	Cystoderma amianthinum		CA		Prince Edward Island	PRESENT		28eb1a3f-1c15-4a95-931a-4af90ecb574d	46.634281	-64.055312	300.0						2023-09-23T15:24	23	9	2023	5243525	5243525	HUMAN_OBSERVATION	iNaturalist	Observations	184607082		Denis Gallant	2023-09-23T22:56:26	CC_BY_NC_4_0	Denis Gallant	Denis Gallant			2025-01-14T12:40:00.825Z	StillImage	COORDINATE_ROUNDED;CONTINENT_DERIVED_FROM_COORDINATES;TAXON_MATCH_TAXON_ID_IGNORED
4436307305	50c9509d-22c7-4a22-a47d-8c48425ef4a7	https://www.inaturalist.org/observations/188776196	Fungi	Basidiomycota	Agaricomycetes	Agaricales	Tricholomataceae	Cystoderma	Cystoderma amianthinum		SPECIES	Cystoderma amianthinum (Scop.) Fayod	Cystoderma amianthinum		CA		New Brunswick	PRESENT		28eb1a3f-1c15-4a95-931a-4af90ecb574d	45.626606	-65.058206	63.0						2023-10-17T11:07	17	10	2023	5243525	5243525	HUMAN_OBSERVATION	iNaturalist	Observations	188776196		Alfredo Justo	2023-10-24T13:10:14	CC_BY_NC_4_0	Alfredo Justo	Alfredo Justo			2025-01-14T13:28:24.771Z	StillImage	COORDINATE_ROUNDED;CONTINENT_DERIVED_FROM_COORDINATES;TAXON_MATCH_TAXON_ID_IGNORED
4431250174	50c9509d-22c7-4a22-a47d-8c48425ef4a7	https://www.inaturalist.org/observations/188698264	Fungi	Basidiomycota	Agaricomycetes	Agaricales	Tricholomataceae	Cystoderma	Cystoderma amianthinum		SPECIES	Cystoderma amianthinum (Scop.) Fayod	Cystoderma amianthinum		CA		New Brunswick	PRESENT		28eb1a3f-1c15-4a95-931a-4af90ecb574d	47.509956	-64.932842	1953.0						2023-10-23T15:18	23	10	2023	5243525	5243525	HUMAN_OBSERVATION	iNaturalist	Observations	188698264		Jean-Luc Boudreau	2023-10-24T12:59:32	CC_BY_NC_4_0	Pierrette	Pierrette			2025-01-14T13:30:03.002Z	StillImage	COORDINATE_ROUNDED;CONTINENT_DERIVED_FROM_COORDINATES;TAXON_MATCH_TAXON_ID_IGNORED
4431223580	50c9509d-22c7-4a22-a47d-8c48425ef4a7	https://www.inaturalist.org/observations/188384966	Fungi	Basidiomycota	Agaricomycetes	Agaricales	Tricholomataceae	Cystoderma	Cystoderma amianthinum		SPECIES	Cystoderma amianthinum (Scop.) Fayod	Cystoderma amianthinum		CA		Québec	PRESENT		28eb1a3f-1c15-4a95-931a-4af90ecb574d	45.660204	-74.246258	404.0						2023-10-14T11:22	14	10	2023	5243525	5243525	HUMAN_OBSERVATION	iNaturalist	Observations	188384966		Antoine Fortin	2023-10-21T15:00:43	CC_BY_NC_4_0	Antoine Fortin	Antoine Fortin			2025-01-14T13:28:25.652Z	StillImage	COORDINATE_ROUNDED;CONTINENT_DERIVED_FROM_COORDINATES;TAXON_MATCH_TAXON_ID_IGNORED
4431215816	50c9509d-22c7-4a22-a47d-8c48425ef4a7	https://www.inaturalist.org/observations/188515159	Fungi	Basidiomycota	Agaricomycetes	Agaricales	Tricholomataceae	Cystoderma	Cystoderma amianthinum		SPECIES	Cystoderma amianthinum (Scop.) Fayod	Cystoderma amianthinum		CA		Québec	PRESENT		28eb1a3f-1c15-4a95-931a-4af90ecb574d	45.660637	-74.245963	613.0						2023-10-21T10:17:11	21	10	2023	5243525	5243525	HUMAN_OBSERVATION	iNaturalist	Observations	188515159		Étienne Godin	2023-10-22T13:40:56	CC_BY_NC_4_0	Étienne Godin	Étienne Godin			2025-01-14T13:33:32.622Z	StillImage	COORDINATE_ROUNDED;CONTINENT_DERIVED_FROM_COORDINATES;TAXON_MATCH_TAXON_ID_IGNORED
4414161666	50c9509d-22c7-4a22-a47d-8c48425ef4a7	https://www.inaturalist.org/observations/182805604	Fungi	Basidiomycota	Agaricomycetes	Agaricales	Tricholomataceae	Cystoderma	Cystoderma amianthinum		SPECIES	Cystoderma amianthinum (Scop.) Fayod	Cystoderma amianthinum		CA		Québec	PRESENT		28eb1a3f-1c15-4a95-931a-4af90ecb574d	48.815347	-66.095007	7222.0						2023-09-05T10:15	5	9	2023	5243525	5243525	HUMAN_OBSERVATION	iNaturalist	Observations	182805604		Antoine Fortin	2023-09-11T13:53:36	CC_BY_NC_4_0	Antoine Fortin	Antoine Fortin			2025-01-14T13:32:46.608Z	StillImage	COORDINATE_ROUNDED;CONTINENT_DERIVED_FROM_COORDINATES;TAXON_MATCH_TAXON_ID_IGNORED
4413372273	50c9509d-22c7-4a22-a47d-8c48425ef4a7	https://www.inaturalist.org/observations/182196714	Fungi	Basidiomycota	Agaricomycetes	Agaricales	Tricholomataceae	Cystoderma	Cystoderma amianthinum		SPECIES	Cystoderma amianthinum (Scop.) Fayod	Cystoderma amianthinum		CA		Québec	PRESENT		28eb1a3f-1c15-4a95-931a-4af90ecb574d	48.182922	-77.716645	5.0						2023-09-03T10:12:34	3	9	2023	5243525	5243525	HUMAN_OBSERVATION	iNaturalist	Observations	182196714		Lynn Ovenden	2023-09-07T15:44:25	CC_BY_NC_4_0	Lynn Ovenden	Lynn Ovenden			2025-01-14T12:39:53.899Z	StillImage	COORDINATE_ROUNDED;CONTINENT_DERIVED_FROM_COORDINATES;TAXON_MATCH_TAXON_ID_IGNORED
4406536349	fb9d7c38-5759-4c30-9e09-5b6bd43f78a6	http://id.luomus.fi/MY.14952820	Fungi	Basidiomycota	Agaricomycetes	Agaricales	Tricholomataceae	Cystoderma	Cystoderma amianthinum		SPECIES	Cystoderma amianthinum (Scop.) Fayod	Cystoderma amianthinum (Scop.:Fr.) Fayod		CA		Quebec	PRESENT		04fd2e13-6881-4e5c-9dd1-8fdd9ab993c1	47.18	-70.21							1963-09-16T00:00Z	16	9	1963	5243525	5243525	PRESERVED_SPECIMEN	H		http://id.luomus.fi/HA.H7080550				CC_BY_4_0		Groves, J. W.			2025-01-17T02:41:19.800Z		CONTINENT_DERIVED_FROM_COORDINATES;TAXON_MATCH_TAXON_ID_IGNORED;COLLECTION_MATCH_NONE;INSTITUTION_MATCH_FUZZY
4166418226	695cef75-b65f-4776-b2ed-74565eebb16e	02-01000976248	Fungi	Basidiomycota	Agaricomycetes	Agaricales	Tricholomataceae	Cystoderma	Cystoderma amianthinum		SPECIES	Cystoderma amianthinum (Scop.) Fayod	Cystoderma amianthinum	(Scop.) Fayod	CA	Canisbay, Hemlock Bluff Trail	Ontario	PRESENT		055bd978-2daa-4543-b3f0-44e0e87e86ca	45.575	-78.55							1974-08-28	28	8	1974	5243525	5243525	PRESERVED_SPECIMEN	AAFC	DAOM	186735		D. Malloch		CC_BY_4_0	©His Majesty the King in Right of Canada, as represented by the Minister of Agriculture and Agri-Food	Dr. Daams			2025-01-12T05:11:16.382Z		GEODETIC_DATUM_ASSUMED_WGS84;CONTINENT_DERIVED_FROM_COORDINATES;TAXON_MATCH_TAXON_ID_IGNORED;INSTITUTION_MATCH_FUZZY
4166287174	695cef75-b65f-4776-b2ed-74565eebb16e	02-01000976261	Fungi	Basidiomycota	Agaricomycetes	Agaricales	Tricholomataceae	Cystoderma	Cystoderma amianthinum		SPECIES	Cystoderma amianthinum (Scop.) Fayod	Cystoderma amianthinum	(Scop.) Fayod	CA	Beaver Pond Trail	Ontario	PRESENT		055bd978-2daa-4543-b3f0-44e0e87e86ca	45.591667	-78.35							1974-08-30	30	8	1974	5243525	5243525	PRESERVED_SPECIMEN	AAFC	DAOM	186746		D. Malloch		CC_BY_4_0	©His Majesty the King in Right of Canada, as represented by the Minister of Agriculture and Agri-Food	P. Johnson?			2025-01-12T05:11:16.238Z		GEODETIC_DATUM_ASSUMED_WGS84;CONTINENT_DERIVED_FROM_COORDINATES;TAXON_MATCH_TAXON_ID_IGNORED;INSTITUTION_MATCH_FUZZY
4152708089	d8cd16ba-bb74-4420-821e-083f2bac17c2	ON943273	Fungi	Basidiomycota	Agaricomycetes	Agaricales	Tricholomataceae	Cystoderma	Cystoderma amianthinum		SPECIES	Cystoderma amianthinum (Scop.) Fayod	Cystoderma amianthinum		CA	Quebec		PRESENT		ada9d123-ddb4-467d-8891-806ea8d94230	46.58	-72.41							2019-09-06	6	9	2019	5243525	5243525	PRESERVED_SPECIMEN			iNat66898666				CC_BY_4_0		Renee Lebeuf and Andre Paul			2025-01-18T13:04:58.995Z		GEODETIC_DATUM_ASSUMED_WGS84;CONTINENT_DERIVED_FROM_COORDINATES;TAXON_MATCH_TAXON_CONCEPT_ID_IGNORED;TAXON_MATCH_TAXON_ID_IGNORED
4145281499	50c9509d-22c7-4a22-a47d-8c48425ef4a7	https://www.inaturalist.org/observations/141026269	Fungi	Basidiomycota	Agaricomycetes	Agaricales	Tricholomataceae	Cystoderma	Cystoderma amianthinum		SPECIES	Cystoderma amianthinum (Scop.) Fayod	Cystoderma amianthinum		CA		New Brunswick	PRESENT		28eb1a3f-1c15-4a95-931a-4af90ecb574d	45.622264	-65.059114	4682.0						2022-11-02T10:53	2	11	2022	5243525	5243525	HUMAN_OBSERVATION	iNaturalist	Observations	141026269		Alfredo Justo	2022-11-04T00:23:25	CC_BY_NC_4_0	Alfredo Justo	Alfredo Justo			2025-01-14T13:21:51.611Z	StillImage	COORDINATE_ROUNDED;CONTINENT_DERIVED_FROM_COORDINATES;TAXON_MATCH_TAXON_ID_IGNORED
4039340512	50c9509d-22c7-4a22-a47d-8c48425ef4a7	https://www.inaturalist.org/observations/139222105	Fungi	Basidiomycota	Agaricomycetes	Agaricales	Tricholomataceae	Cystoderma	Cystoderma amianthinum		SPECIES	Cystoderma amianthinum (Scop.) Fayod	Cystoderma amianthinum		CA		New Brunswick	PRESENT		28eb1a3f-1c15-4a95-931a-4af90ecb574d	45.160462	-66.226097	747.0						2022-10-16T14:57	16	10	2022	5243525	5243525	HUMAN_OBSERVATION	iNaturalist	Observations	139222105		Alfredo Justo	2022-10-18T13:05:39	CC_BY_NC_4_0	Alfredo Justo	Alfredo Justo			2025-01-14T12:33:16.190Z	StillImage	CONTINENT_DERIVED_FROM_COORDINATES;TAXON_MATCH_TAXON_ID_IGNORED
4018294682	50c9509d-22c7-4a22-a47d-8c48425ef4a7	https://www.inaturalist.org/observations/137804368	Fungi	Basidiomycota	Agaricomycetes	Agaricales	Tricholomataceae	Cystoderma	Cystoderma amianthinum		SPECIES	Cystoderma amianthinum (Scop.) Fayod	Cystoderma amianthinum		CA		Ontario	PRESENT		28eb1a3f-1c15-4a95-931a-4af90ecb574d	45.837159	-78.379124	45593.0						2022-09-20T14:12	20	9	2022	5243525	5243525	HUMAN_OBSERVATION	iNaturalist	Observations	137804368		mycowalt	2022-12-06T23:24:22	CC_BY_NC_4_0	mycowalt	mycowalt			2025-01-14T13:25:46.500Z	StillImage	COORDINATE_ROUNDED;CONTINENT_DERIVED_FROM_COORDINATES;TAXON_MATCH_TAXON_ID_IGNORED
4018139667	50c9509d-22c7-4a22-a47d-8c48425ef4a7	https://www.inaturalist.org/observations/137805484	Fungi	Basidiomycota	Agaricomycetes	Agaricales	Tricholomataceae	Cystoderma	Cystoderma amianthinum		SPECIES	Cystoderma amianthinum (Scop.) Fayod	Cystoderma amianthinum		CA		Ontario	PRESENT		28eb1a3f-1c15-4a95-931a-4af90ecb574d	45.837159	-78.379124	45593.0						2022-09-19T11:10	19	9	2022	5243525	5243525	HUMAN_OBSERVATION	iNaturalist	Observations	137805484		mycowalt	2022-10-06T22:58:26	CC_BY_NC_4_0	mycowalt	mycowalt			2025-01-14T13:25:47.379Z	StillImage	COORDINATE_ROUNDED;CONTINENT_DERIVED_FROM_COORDINATES;TAXON_MATCH_TAXON_ID_IGNORED
4011553811	50c9509d-22c7-4a22-a47d-8c48425ef4a7	https://www.inaturalist.org/observations/145304782	Fungi	Basidiomycota	Agaricomycetes	Agaricales	Tricholomataceae	Cystoderma	Cystoderma amianthinum		SPECIES	Cystoderma amianthinum (Scop.) Fayod	Cystoderma amianthinum		CA		Québec	PRESENT		28eb1a3f-1c15-4a95-931a-4af90ecb574d	45.894482	-76.401509	27095.0						2022-09-04T14:07	4	9	2022	5243525	5243525	HUMAN_OBSERVATION	iNaturalist	Observations	145304782		L Joan Heyding	2022-12-29T01:44:41	CC_BY_NC_4_0	L Joan Heyding	L Joan Heyding			2025-01-14T12:35:08.064Z	StillImage	COORDINATE_ROUNDED;CONTINENT_DERIVED_FROM_COORDINATES;TAXON_MATCH_TAXON_ID_IGNORED
3966552888	50c9509d-22c7-4a22-a47d-8c48425ef4a7	https://www.inaturalist.org/observations/141660098	Fungi	Basidiomycota	Agaricomycetes	Agaricales	Tricholomataceae	Cystoderma	Cystoderma amianthinum		SPECIES	Cystoderma amianthinum (Scop.) Fayod	Cystoderma amianthinum		CA		New Brunswick	PRESENT		28eb1a3f-1c15-4a95-931a-4af90ecb574d	45.598005	-65.005503	500.0						2021-10-06T12:41	6	10	2021	5243525	5243525	HUMAN_OBSERVATION	iNaturalist	Observations	141660098		Alfredo Justo	2022-11-11T01:55:52	CC_BY_NC_4_0	Alfredo Justo	Alfredo Justo			2025-01-14T12:32:16.298Z	StillImage	COORDINATE_ROUNDED;CONTINENT_DERIVED_FROM_COORDINATES;TAXON_MATCH_TAXON_ID_IGNORED
3961009844	50c9509d-22c7-4a22-a47d-8c48425ef4a7	https://www.inaturalist.org/observations/140113847	Fungi	Basidiomycota	Agaricomycetes	Agaricales	Tricholomataceae	Cystoderma	Cystoderma amianthinum		SPECIES	Cystoderma amianthinum (Scop.) Fayod	Cystoderma amianthinum		CA		Québec	PRESENT		28eb1a3f-1c15-4a95-931a-4af90ecb574d	45.803976	-76.488386	27095.0						2022-10-25T11:22	25	10	2022	5243525	5243525	HUMAN_OBSERVATION	iNaturalist	Observations	140113847		L Joan Heyding	2022-10-27T01:07:10	CC_BY_NC_4_0	L Joan Heyding	L Joan Heyding			2025-01-14T13:31:49.963Z	StillImage	COORDINATE_ROUNDED;CONTINENT_DERIVED_FROM_COORDINATES;TAXON_MATCH_TAXON_ID_IGNORED
3384077174	50c9509d-22c7-4a22-a47d-8c48425ef4a7	https://www.inaturalist.org/observations/97056813	Fungi	Basidiomycota	Agaricomycetes	Agaricales	Tricholomataceae	Cystoderma	Cystoderma amianthinum		SPECIES	Cystoderma amianthinum (Scop.) Fayod	Cystoderma amianthinum		CA		Québec	PRESENT		28eb1a3f-1c15-4a95-931a-4af90ecb574d	45.865413	-76.504874	27095.0						2021-09-30T13:58	30	9	2021	5243525	5243525	HUMAN_OBSERVATION	iNaturalist	Observations	97056813		L Joan Heyding	2021-10-03T19:32:08	CC_BY_NC_4_0	L Joan Heyding	L Joan Heyding			2025-01-14T12:21:36.949Z	StillImage	COORDINATE_ROUNDED;CONTINENT_DERIVED_FROM_COORDINATES;TAXON_MATCH_TAXON_ID_IGNORED
3351658475	d8cd16ba-bb74-4420-821e-083f2bac17c2	MN992579	Fungi	Basidiomycota	Agaricomycetes	Agaricales	Tricholomataceae	Cystoderma	Cystoderma amianthinum		SPECIES	Cystoderma amianthinum (Scop.) Fayod	Cystoderma amianthinum		CA	Quebec, Chibougamau		PRESENT		ada9d123-ddb4-467d-8891-806ea8d94230	49.76	-74.36							2017-09-05	5	9	2017	5243525	5243525	PRESERVED_SPECIMEN			MQ17030-QFB29538		Pauline Dube		CC_BY_4_0					2025-01-18T13:06:00.319Z		GEODETIC_DATUM_ASSUMED_WGS84;CONTINENT_DERIVED_FROM_COORDINATES;TAXON_MATCH_TAXON_CONCEPT_ID_IGNORED;TAXON_MATCH_TAXON_ID_IGNORED
3351631444	d8cd16ba-bb74-4420-821e-083f2bac17c2	MN992372	Fungi	Basidiomycota	Agaricomycetes	Agaricales	Tricholomataceae	Cystoderma	Cystoderma amianthinum		SPECIES	Cystoderma amianthinum (Scop.) Fayod	Cystoderma amianthinum		CA	Quebec, Anticosti		PRESENT		ada9d123-ddb4-467d-8891-806ea8d94230	49.88	-64.18							2015-09-07	7	9	2015	5243525	5243525	PRESERVED_SPECIMEN			ANT008-QFB28563		Pauline Dube		CC_BY_4_0		Landry, J.			2025-01-18T13:04:48.312Z		GEODETIC_DATUM_ASSUMED_WGS84;CONTINENT_DERIVED_FROM_COORDINATES;TAXON_MATCH_TAXON_CONCEPT_ID_IGNORED;TAXON_MATCH_TAXON_ID_IGNORED
3349272008	d8cd16ba-bb74-4420-821e-083f2bac17c2	MN992371	Fungi	Basidiomycota	Agaricomycetes	Agaricales	Tricholomataceae	Cystoderma	Cystoderma amianthinum		SPECIES	Cystoderma amianthinum (Scop.) Fayod	Cystoderma amianthinum		CA	Quebec, Anticosti		PRESENT		ada9d123-ddb4-467d-8891-806ea8d94230	49.84	-64.42							2015-09-08	8	9	2015	5243525	5243525	PRESERVED_SPECIMEN			ANT074-QFB28679		Renee Lebeuf		CC_BY_4_0		Lebeuf, R.			2025-01-18T13:04:48.272Z		GEODETIC_DATUM_ASSUMED_WGS84;CONTINENT_DERIVED_FROM_COORDINATES;TAXON_MATCH_TAXON_CONCEPT_ID_IGNORED;TAXON_MATCH_TAXON_ID_IGNORED
3058913353	50c9509d-22c7-4a22-a47d-8c48425ef4a7	https://www.inaturalist.org/observations/70769906	Fungi	Basidiomycota	Agaricomycetes	Agaricales	Tricholomataceae	Cystoderma	Cystoderma amianthinum		SPECIES	Cystoderma amianthinum (Scop.) Fayod	Cystoderma amianthinum		CA		Ontario	PRESENT		28eb1a3f-1c15-4a95-931a-4af90ecb574d	45.833332	-78.483494	61355.0						2016-09-15T13:27	15	9	2016	5243525	5243525	HUMAN_OBSERVATION	iNaturalist	Observations	70769906		Garrett Taylor	2021-03-07T21:42:46	CC0_1_0	Garrett Taylor	Garrett Taylor			2025-01-14T13:06:21.297Z	StillImage	COORDINATE_ROUNDED;CONTINENT_DERIVED_FROM_COORDINATES;TAXON_MATCH_TAXON_ID_IGNORED
3031631127	50c9509d-22c7-4a22-a47d-8c48425ef4a7	https://www.inaturalist.org/observations/66898666	Fungi	Basidiomycota	Agaricomycetes	Agaricales	Tricholomataceae	Cystoderma	Cystoderma amianthinum		SPECIES	Cystoderma amianthinum (Scop.) Fayod	Cystoderma amianthinum		CA		Québec	PRESENT		28eb1a3f-1c15-4a95-931a-4af90ecb574d	46.581533	-72.411806	61.0						2019-09-06T09:10	6	9	2019	5243525	5243525	HUMAN_OBSERVATION	iNaturalist	Observations	66898666		Renée Lebeuf	2020-12-22T00:34:29	CC_BY_NC_4_0	Renée Lebeuf	Renée Lebeuf			2025-01-14T13:10:52.671Z	StillImage	COORDINATE_ROUNDED;CONTINENT_DERIVED_FROM_COORDINATES;TAXON_MATCH_TAXON_ID_IGNORED
2597828784	50c9509d-22c7-4a22-a47d-8c48425ef4a7	https://www.inaturalist.org/observations/32248959	Fungi	Basidiomycota	Agaricomycetes	Agaricales	Tricholomataceae	Cystoderma	Cystoderma amianthinum		SPECIES	Cystoderma amianthinum (Scop.) Fayod	Cystoderma amianthinum		CA		Québec	PRESENT		28eb1a3f-1c15-4a95-931a-4af90ecb574d	48.215025	-79.003928	15.0						2019-08-31T19:08	31	8	2019	5243525	5243525	HUMAN_OBSERVATION	iNaturalist	Observations	32248959		nambec	2019-09-07T02:16:56	CC_BY_NC_4_0	nambec	nambec			2025-01-14T12:09:05.875Z	StillImage	COORDINATE_ROUNDED;CONTINENT_DERIVED_FROM_COORDINATES;TAXON_MATCH_TAXON_ID_IGNORED
1987947476	ca1bcd7e-7387-42f9-81ba-1470db55e3e8	9767EB42-30E2-1145-9799-E64FBC0A642D	Fungi	Basidiomycota	Agaricomycetes	Agaricales	Tricholomataceae	Cystoderma	Cystoderma amianthinum		SPECIES	Cystoderma amianthinum (Scop.) Fayod	Cystoderma amianthinum	(Scop.) Fayod	CA	Sackville, N Woodhurst Road	New Brunswick	PRESENT		b542788f-0dc2-4a2b-b652-fceced449591	45.9	-64.366667							1977-10		10	1977	5243525	5243525	PRESERVED_SPECIMEN	BBM	UBC	F013379	b22d			CC0_1_0	The University of British Columbia	T. Goward			2024-11-19T11:26:00.646Z		GEODETIC_DATUM_ASSUMED_WGS84;CONTINENT_DERIVED_FROM_COORDINATES;INSTITUTION_MATCH_FUZZY
1987945265	ca1bcd7e-7387-42f9-81ba-1470db55e3e8	A752ADEC-B3F1-E349-8D54-272A0130B42F	Fungi	Basidiomycota	Agaricomycetes	Agaricales	Tricholomataceae	Cystoderma	Cystoderma amianthinum		SPECIES	Cystoderma amianthinum (Scop.) Fayod	Cystoderma amianthinum	(Scop.) Fayod	CA	Sackville, Mountview Road Area	New Brunswick	PRESENT		b542788f-0dc2-4a2b-b652-fceced449591	45.95	-64.383333							2003-09		9	2003	5243525	5243525	PRESERVED_SPECIMEN	BBM	UBC	F023853	Sackville B-22	T. Goward		CC0_1_0	The University of British Columbia	T. Goward			2024-11-19T11:23:54.943Z		GEODETIC_DATUM_ASSUMED_WGS84;CONTINENT_DERIVED_FROM_COORDINATES;INSTITUTION_MATCH_FUZZY
1987940066	ca1bcd7e-7387-42f9-81ba-1470db55e3e8	D9445570-22B9-CC46-AC20-EAC2A5DC67A9	Fungi	Basidiomycota	Agaricomycetes	Agaricales	Tricholomataceae	Cystoderma	Cystoderma amianthinum		SPECIES	Cystoderma amianthinum (Scop.) Fayod	Cystoderma amianthinum	(Scop.) Fayod	CA	Sackville, Amherst Point	New Brunswick	PRESENT		b542788f-0dc2-4a2b-b652-fceced449591	45.9	-64.366667							1977-09		9	1977	5243525	5243525	PRESERVED_SPECIMEN	BBM	UBC	F013335	b22b			CC0_1_0	The University of British Columbia	T. Goward			2024-11-19T11:23:57.086Z		GEODETIC_DATUM_ASSUMED_WGS84;CONTINENT_DERIVED_FROM_COORDINATES;INSTITUTION_MATCH_FUZZY
1847647509	50c9509d-22c7-4a22-a47d-8c48425ef4a7	https://www.inaturalist.org/observations/9595248	Fungi	Basidiomycota	Agaricomycetes	Agaricales	Tricholomataceae	Cystoderma	Cystoderma amianthinum		SPECIES	Cystoderma amianthinum (Scop.) Fayod	Cystoderma amianthinum		CA		Ontario	PRESENT		28eb1a3f-1c15-4a95-931a-4af90ecb574d	45.69085	-78.32155	84661.0						2017-09-22	22	9	2017	5243525	5243525	HUMAN_OBSERVATION	iNaturalist	Observations	9595248		mycowalt	2018-01-24T03:42:49	CC_BY_NC_4_0	mycowalt	mycowalt			2025-01-14T12:04:22.297Z	StillImage	CONTINENT_DERIVED_FROM_COORDINATES;TAXON_MATCH_TAXON_ID_IGNORED
1847646660	50c9509d-22c7-4a22-a47d-8c48425ef4a7	https://www.inaturalist.org/observations/9590723	Fungi	Basidiomycota	Agaricomycetes	Agaricales	Tricholomataceae	Cystoderma	Cystoderma amianthinum	rugosoreticulatum	VARIETY	Cystoderma amianthinum var. rugosoreticulatum (F.Lorinser) Bon	Cystoderma amianthinum rugosoreticulatum		CA		Ontario	PRESENT		28eb1a3f-1c15-4a95-931a-4af90ecb574d	45.69085	-78.32155	84661.0						2015-09-14	14	9	2015	6285306	5243525	HUMAN_OBSERVATION	iNaturalist	Observations	9590723		mycowalt	2018-01-23T22:39:11	CC_BY_NC_4_0	mycowalt	mycowalt			2025-01-14T12:04:38.351Z	StillImage	CONTINENT_DERIVED_FROM_COORDINATES;TAXON_MATCH_TAXON_ID_IGNORED
1847645938	50c9509d-22c7-4a22-a47d-8c48425ef4a7	https://www.inaturalist.org/observations/9577185	Fungi	Basidiomycota	Agaricomycetes	Agaricales	Tricholomataceae	Cystoderma	Cystoderma amianthinum		SPECIES	Cystoderma amianthinum (Scop.) Fayod	Cystoderma amianthinum		CA		Ontario	PRESENT		28eb1a3f-1c15-4a95-931a-4af90ecb574d	45.5794	-78.51955	385.0						2014-09-19	19	9	2014	5243525	5243525	HUMAN_OBSERVATION	iNaturalist	Observations	9577185		mycowalt	2018-01-23T18:53:42	CC_BY_NC_4_0	mycowalt	mycowalt			2025-01-14T12:59:52.184Z	StillImage	CONTINENT_DERIVED_FROM_COORDINATES;TAXON_MATCH_TAXON_ID_IGNORED
1847644771	50c9509d-22c7-4a22-a47d-8c48425ef4a7	https://www.inaturalist.org/observations/9572141	Fungi	Basidiomycota	Agaricomycetes	Agaricales	Tricholomataceae	Cystoderma	Cystoderma amianthinum	rugosoreticulatum	VARIETY	Cystoderma amianthinum var. rugosoreticulatum (F.Lorinser) Bon	Cystoderma amianthinum rugosoreticulatum		CA		Ontario	PRESENT		28eb1a3f-1c15-4a95-931a-4af90ecb574d	45.69085	-78.32155	84661.0						2012-09-25	25	9	2012	6285306	5243525	HUMAN_OBSERVATION	iNaturalist	Observations	9572141		mycowalt	2018-01-23T08:01:00	CC_BY_NC_4_0	mycowalt	mycowalt			2025-01-14T12:04:41.298Z	StillImage	CONTINENT_DERIVED_FROM_COORDINATES;TAXON_MATCH_TAXON_ID_IGNORED
1640124423	50c9509d-22c7-4a22-a47d-8c48425ef4a7	https://www.inaturalist.org/observations/7892379	Fungi	Basidiomycota	Agaricomycetes	Agaricales	Tricholomataceae	Cystoderma	Cystoderma amianthinum		SPECIES	Cystoderma amianthinum (Scop.) Fayod	Cystoderma amianthinum		CA		Québec	PRESENT		28eb1a3f-1c15-4a95-931a-4af90ecb574d	47.319783	-71.147725	305.0						2017-09-12T13:29:08	12	9	2017	5243525	5243525	HUMAN_OBSERVATION	iNaturalist	Observations	7892379		else	2017-09-12T18:02:12	CC_BY_NC_4_0	Nicolas Pinceloup	Nicolas Pinceloup			2025-01-14T12:03:53.714Z	StillImage	COORDINATE_ROUNDED;CONTINENT_DERIVED_FROM_COORDINATES;TAXON_MATCH_TAXON_ID_IGNORED
1412706391	21705170-d2b6-42de-8904-c3bca4b83591	CMMF014879	Fungi	Basidiomycota	Agaricomycetes	Agaricales	Tricholomataceae	Cystoderma	Cystoderma amianthinum		SPECIES	Cystoderma amianthinum (Scop.) Fayod	Cystoderma amianthinum (Scop.) Fayod	(Scop.) Fayod	CA	Chicoutimi, Québec.	Québec	PRESENT		ff7bd5db-b724-4932-b496-10ea298851f9	48.368277	-71.119642	15000.0						1982-09-26	26	9	1982	5243525	5243525	PRESERVED_SPECIMEN	Université de Montréal Biodiversity Centre	CMMF	CMMF014879	1732	Guérin, Gérard		CC0_1_0	Université de Montréal Biodiversity Centre	Guérin, Gérard			2024-01-24T16:38:20.673Z	StillImage	INSTITUTION_MATCH_FUZZY;COLLECTION_MATCH_FUZZY;DIFFERENT_OWNER_INSTITUTION
1135070705	21705170-d2b6-42de-8904-c3bca4b83591	CMMF009269	Fungi	Basidiomycota	Agaricomycetes	Agaricales	Tricholomataceae	Cystoderma	Cystoderma amianthinum		SPECIES	Cystoderma amianthinum (Scop.) Fayod	Cystoderma amianthinum (Scop.) Fayod	(Scop.) Fayod	CA	Charlesbourg Ouest (Mr. A.), Québec.	Québec	PRESENT		ff7bd5db-b724-4932-b496-10ea298851f9	46.91969	-71.322285	4200.0						2006-09-23	23	9	2006	5243525	5243525	PRESERVED_SPECIMEN	Université de Montréal Biodiversity Centre	CMMF	CMMF009269	853	Labrecque, Jacqueline		CC0_1_0	Université de Montréal Biodiversity Centre	Labrecque, Jacqueline			2024-01-24T16:38:21.527Z		INSTITUTION_MATCH_FUZZY;COLLECTION_MATCH_FUZZY;DIFFERENT_OWNER_INSTITUTION
1135070610	21705170-d2b6-42de-8904-c3bca4b83591	CMMF009166	Fungi	Basidiomycota	Agaricomycetes	Agaricales	Tricholomataceae	Cystoderma	Cystoderma amianthinum		SPECIES	Cystoderma amianthinum (Scop.) Fayod	Cystoderma amianthinum (Scop.) Fayod	(Scop.) Fayod	CA	Pinède Rourke, Lac-Beauport.	Québec	PRESENT		ff7bd5db-b724-4932-b496-10ea298851f9	46.953091	-71.306427	5000.0						2006-09-10	10	9	2006	5243525	5243525	PRESERVED_SPECIMEN	Université de Montréal Biodiversity Centre	CMMF	CMMF009166	750	Labrecque, Jacqueline		CC0_1_0	Université de Montréal Biodiversity Centre	Labrecque, Jacqueline			2024-01-24T16:38:20.272Z		INSTITUTION_MATCH_FUZZY;COLLECTION_MATCH_FUZZY;DIFFERENT_OWNER_INSTITUTION
1135069111	21705170-d2b6-42de-8904-c3bca4b83591	CMMF007652	Fungi	Basidiomycota	Agaricomycetes	Agaricales	Tricholomataceae	Cystoderma	Cystoderma amianthinum		SPECIES	Cystoderma amianthinum (Scop.) Fayod	Cystoderma amianthinum (Scop.) Fayod	(Scop.) Fayod	CA	St-Hippolyte	Québec	PRESENT		ff7bd5db-b724-4932-b496-10ea298851f9	45.989333	-74.003633	100.0						1979-09-15	15	9	1979	5243525	5243525	PRESERVED_SPECIMEN	Université de Montréal Biodiversity Centre	CMMF	CMMF007652	Inexistant	McNeil, Raymond		CC0_1_0	Université de Montréal Biodiversity Centre	McNeil, Raymond			2024-01-24T16:38:16.036Z	StillImage	INSTITUTION_MATCH_FUZZY;COLLECTION_MATCH_FUZZY;DIFFERENT_OWNER_INSTITUTION
1135068451	21705170-d2b6-42de-8904-c3bca4b83591	CMMF006975	Fungi	Basidiomycota	Agaricomycetes	Agaricales	Tricholomataceae	Cystoderma	Cystoderma amianthinum	rugosoreticulatum	VARIETY	Cystoderma amianthinum var. rugosoreticulatum (F.Lorinser) Bon	Cystoderma amianthinum var. rugosoreticulatum (F. Lorinser) Bon	(F. Lorinser) Bon	CA	Lachute	Québec	PRESENT		ff7bd5db-b724-4932-b496-10ea298851f9	45.66275	-74.241983	100.0						2010-10-14	14	10	2010	6285306	5243525	PRESERVED_SPECIMEN	Université de Montréal Biodiversity Centre	CMMF	CMMF006975	C3797	McNeil, Raymond		CC0_1_0	Université de Montréal Biodiversity Centre	McNeil, Raymond			2024-01-24T16:38:19.589Z	StillImage	COORDINATE_ROUNDED;INSTITUTION_MATCH_FUZZY;COLLECTION_MATCH_FUZZY;DIFFERENT_OWNER_INSTITUTION
1135068431	21705170-d2b6-42de-8904-c3bca4b83591	CMMF006980	Fungi	Basidiomycota	Agaricomycetes	Agaricales	Tricholomataceae	Cystoderma	Cystoderma amianthinum		SPECIES	Cystoderma amianthinum (Scop.) Fayod	Cystoderma amianthinum (Scop.) Fayod	(Scop.) Fayod	CA	Lachute	Québec	PRESENT		ff7bd5db-b724-4932-b496-10ea298851f9	45.66275	-74.241983	100.0						2012-09-27	27	9	2012	5243525	5243525	PRESERVED_SPECIMEN	Université de Montréal Biodiversity Centre	CMMF	CMMF006980	C4111	McNeil, Raymond		CC0_1_0	Université de Montréal Biodiversity Centre	McNeil, Raymond			2024-01-24T16:38:19.594Z	StillImage	COORDINATE_ROUNDED;INSTITUTION_MATCH_FUZZY;COLLECTION_MATCH_FUZZY;DIFFERENT_OWNER_INSTITUTION
1135068387	21705170-d2b6-42de-8904-c3bca4b83591	CMMF006964	Fungi	Basidiomycota	Agaricomycetes	Agaricales	Tricholomataceae	Cystoderma	Cystoderma amianthinum	rugosoreticulatum	VARIETY	Cystoderma amianthinum var. rugosoreticulatum (F.Lorinser) Bon	Cystoderma amianthinum var. rugosoreticulatum (F. Lorinser) Bon	(F. Lorinser) Bon	CA	Lachute	Québec	PRESENT		ff7bd5db-b724-4932-b496-10ea298851f9	45.66275	-74.241983	100.0						2009-10-06	6	10	2009	6285306	5243525	PRESERVED_SPECIMEN	Université de Montréal Biodiversity Centre	CMMF	CMMF006964	C3594	McNeil, Raymond		CC0_1_0	Université de Montréal Biodiversity Centre	McNeil, Raymond			2024-01-24T16:38:19.597Z	StillImage	COORDINATE_ROUNDED;INSTITUTION_MATCH_FUZZY;COLLECTION_MATCH_FUZZY;DIFFERENT_OWNER_INSTITUTION
1135068365	21705170-d2b6-42de-8904-c3bca4b83591	CMMF006849	Fungi	Basidiomycota	Agaricomycetes	Agaricales	Tricholomataceae	Cystoderma	Cystoderma amianthinum	rugosoreticulatum	VARIETY	Cystoderma amianthinum var. rugosoreticulatum (F.Lorinser) Bon	Cystoderma amianthinum var. rugosoreticulatum (F. Lorinser) Bon	(F. Lorinser) Bon	CA	Lachute	Québec	PRESENT		ff7bd5db-b724-4932-b496-10ea298851f9	45.66275	-74.241983	100.0						1981-09-19	19	9	1981	6285306	5243525	PRESERVED_SPECIMEN	Université de Montréal Biodiversity Centre	CMMF	CMMF006849	1326	McNeil, Raymond		CC0_1_0	Université de Montréal Biodiversity Centre	McNeil, Raymond			2024-01-24T16:38:18.660Z	StillImage	COORDINATE_ROUNDED;INSTITUTION_MATCH_FUZZY;COLLECTION_MATCH_FUZZY;DIFFERENT_OWNER_INSTITUTION
1135068361	21705170-d2b6-42de-8904-c3bca4b83591	CMMF006878	Fungi	Basidiomycota	Agaricomycetes	Agaricales	Tricholomataceae	Cystoderma	Cystoderma amianthinum	rugosoreticulatum	VARIETY	Cystoderma amianthinum var. rugosoreticulatum (F.Lorinser) Bon	Cystoderma amianthinum var. rugosoreticulatum (F. Lorinser) Bon	(F. Lorinser) Bon	CA	Lachute	Québec	PRESENT		ff7bd5db-b724-4932-b496-10ea298851f9	45.66275	-74.241983	100.0						2004-10-12	12	10	2004	6285306	5243525	PRESERVED_SPECIMEN	Université de Montréal Biodiversity Centre	CMMF	CMMF006878	C2108	McNeil, Raymond		CC0_1_0	Université de Montréal Biodiversity Centre	McNeil, Raymond			2024-01-24T16:38:18.673Z	StillImage	COORDINATE_ROUNDED;INSTITUTION_MATCH_FUZZY;COLLECTION_MATCH_FUZZY;DIFFERENT_OWNER_INSTITUTION
1135067197	21705170-d2b6-42de-8904-c3bca4b83591	CMMF010613	Fungi	Basidiomycota	Agaricomycetes	Agaricales	Tricholomataceae	Cystoderma	Cystoderma amianthinum		SPECIES	Cystoderma amianthinum (Scop.) Fayod	Cystoderma amianthinum (Scop.) Fayod	(Scop.) Fayod	CA	Château Bigot Est, Québec.	Québec	PRESENT		ff7bd5db-b724-4932-b496-10ea298851f9	46.89949	-71.260192	1000.0						2010-09-18	18	9	2010	5243525	5243525	PRESERVED_SPECIMEN	Université de Montréal Biodiversity Centre	CMMF	CMMF010613	2200	Labrecque, Jacqueline		CC0_1_0	Université de Montréal Biodiversity Centre	Labrecque, Jacqueline			2024-01-24T16:38:20.989Z		INSTITUTION_MATCH_FUZZY;COLLECTION_MATCH_FUZZY;DIFFERENT_OWNER_INSTITUTION
1135067179	21705170-d2b6-42de-8904-c3bca4b83591	CMMF010569	Fungi	Basidiomycota	Agaricomycetes	Agaricales	Tricholomataceae	Cystoderma	Cystoderma amianthinum		SPECIES	Cystoderma amianthinum (Scop.) Fayod	Cystoderma amianthinum (Scop.) Fayod	(Scop.) Fayod	CA	Lac Neigette Est, Lac-Beauport.	Québec	PRESENT		ff7bd5db-b724-4932-b496-10ea298851f9	46.952532	-71.297511	375.0						2009-09-02	2	9	2009	5243525	5243525	PRESERVED_SPECIMEN	Université de Montréal Biodiversity Centre	CMMF	CMMF010569	2156	Lamoureux, Yves		CC0_1_0	Université de Montréal Biodiversity Centre	Labrecque, Jacqueline			2024-01-24T16:38:21.711Z	StillImage	INSTITUTION_MATCH_FUZZY;COLLECTION_MATCH_FUZZY;DIFFERENT_OWNER_INSTITUTION
1135067140	21705170-d2b6-42de-8904-c3bca4b83591	CMMF010530	Fungi	Basidiomycota	Agaricomycetes	Agaricales	Tricholomataceae	Cystoderma	Cystoderma amianthinum		SPECIES	Cystoderma amianthinum (Scop.) Fayod	Cystoderma amianthinum (Scop.) Fayod	(Scop.) Fayod	CA	Chemin de l'Éperon (chemin du Caillou ouest), Lac-Beauport.	Québec	PRESENT		ff7bd5db-b724-4932-b496-10ea298851f9	46.988318	-71.326007	1000.0						2008-09-12	12	9	2008	5243525	5243525	PRESERVED_SPECIMEN	Université de Montréal Biodiversity Centre	CMMF	CMMF010530	2116	Labrecque, Jacqueline		CC0_1_0	Université de Montréal Biodiversity Centre	Labrecque, Jacqueline			2024-01-24T16:38:21.750Z		INSTITUTION_MATCH_FUZZY;COLLECTION_MATCH_FUZZY;DIFFERENT_OWNER_INSTITUTION
1135067094	21705170-d2b6-42de-8904-c3bca4b83591	CMMF010528	Fungi	Basidiomycota	Agaricomycetes	Agaricales	Tricholomataceae	Cystoderma	Cystoderma amianthinum	rugosoreticulatum	VARIETY	Cystoderma amianthinum var. rugosoreticulatum (F.Lorinser) Bon	Cystoderma amianthinum var. rugosoreticulatum (F. Lorinser) Bon	(F. Lorinser) Bon	CA	Pinède Rourke, Lac-Beauport.	Québec	PRESENT		ff7bd5db-b724-4932-b496-10ea298851f9	46.96324	-71.303223	5000.0						2008-09-07	7	9	2008	6285306	5243525	PRESERVED_SPECIMEN	Université de Montréal Biodiversity Centre	CMMF	CMMF010528	2114	Labrecque, Jacqueline		CC0_1_0	Université de Montréal Biodiversity Centre	Labrecque, Jacqueline			2024-01-24T16:38:21.771Z		INSTITUTION_MATCH_FUZZY;COLLECTION_MATCH_FUZZY;DIFFERENT_OWNER_INSTITUTION
1135066782	21705170-d2b6-42de-8904-c3bca4b83591	CMMF010221	Fungi	Basidiomycota	Agaricomycetes	Agaricales	Tricholomataceae	Cystoderma	Cystoderma amianthinum		SPECIES	Cystoderma amianthinum (Scop.) Fayod	Cystoderma amianthinum (Scop.) Fayod	(Scop.) Fayod	CA	Le Saisonnier, Lac-Beauport.	Québec	PRESENT		ff7bd5db-b724-4932-b496-10ea298851f9	46.96324	-71.303223	5000.0						2007-10-13	13	10	2007	5243525	5243525	PRESERVED_SPECIMEN	Université de Montréal Biodiversity Centre	CMMF	CMMF010221	1807	Labrecque, Jacqueline		CC0_1_0	Université de Montréal Biodiversity Centre	Labrecque, Jacqueline			2024-01-24T16:38:21.516Z		INSTITUTION_MATCH_FUZZY;COLLECTION_MATCH_FUZZY;DIFFERENT_OWNER_INSTITUTION
