gbifID	datasetKey	occurrenceID	kingdom	phylum	class	order	family	genus	species	infraspecificEpithet	taxonRank	scientificName	verbatimScientificName	verbatimScientificNameAuthorship	countryCode	locality	stateProvince	occurrenceStatus	individualCount	publishingOrgKey	decimalLatitude	decimalLongitude	coordinateUncertaintyInMeters	coordinatePrecision	elevation	elevationAccuracy	depth	depthAccuracy	eventDate	day	month	year	taxonKey	speciesKey	basisOfRecord	institutionCode	collectionCode	catalogNumber	recordNumber	identifiedBy	dateIdentified	license	rightsHolder	recordedBy	typeStatus	establishmentMeans	lastInterpreted	mediaType	issue
617548669	21705170-d2b6-42de-8904-c3bca4b83591	CMMF001505	Fungi	Basidiomycota	Agaricomycetes	Polyporales	Dacryobolaceae	Postia	Postia tephroleuca		SPECIES	Postia tephroleuca (Fr.) Jülich	Postia tephroleuca (Fr.) Jülich	(Fr.) Jülich	CA	Montréal	Québec	PRESENT		ff7bd5db-b724-4932-b496-10ea298851f9	45.509625	-73.662984	25000.0						1991-09-17	17	9	1991	9123949	9123949	PRESERVED_SPECIMEN	Université de Montréal Biodiversity Centre	CMMF	CMMF001505		Boulet, Bruno		CC0_1_0	Université de Montréal Biodiversity Centre	Pelletier, Jean-Jacques			2024-01-24T16:38:17.628Z	StillImage	INSTITUTION_MATCH_FUZZY;COLLECTION_MATCH_FUZZY;DIFFERENT_OWNER_INSTITUTION
4166275321	695cef75-b65f-4776-b2ed-74565eebb16e	02-01000632019	Fungi	Basidiomycota	Agaricomycetes	Polyporales	Dacryobolaceae	Postia	Postia tephroleuca		SPECIES	Tyromyces tephroleucus (Fr.) Donk	Tyromyces tephroleucus	(Fr.) Donk	CA	St. Jerusalem	Quebec	PRESENT		055bd978-2daa-4543-b3f0-44e0e87e86ca	45.6333	-74.3333							1978-10-22	22	10	1978	2542895	9123949	PRESERVED_SPECIMEN	AAFC	DAOM	170949		J. Ginns		CC_BY_4_0	©His Majesty the King in Right of Canada, as represented by the Minister of Agriculture and Agri-Food	R. Mcneil 33			2025-01-12T05:11:16.168Z		GEODETIC_DATUM_ASSUMED_WGS84;CONTINENT_DERIVED_FROM_COORDINATES;TAXON_MATCH_TAXON_ID_IGNORED;INSTITUTION_MATCH_FUZZY
1987943998	ca1bcd7e-7387-42f9-81ba-1470db55e3e8	BCEA9CF8-8C7B-D941-9AFC-42421B5539F4	Fungi	Basidiomycota	Agaricomycetes	Polyporales	Dacryobolaceae	Postia	Postia tephroleuca		SPECIES	Postia tephroleuca (Fr.) Jülich	Postia tephroleuca	(Fr.) Jülich	CA	Montreal, Ile Bizard	Quebec	PRESENT		b542788f-0dc2-4a2b-b652-fceced449591	45.5	-73.6							1990-10		10	1990	9123949	9123949	PRESERVED_SPECIMEN	BBM	UBC	F013711	s.n.	J. Ginns		CC0_1_0	The University of British Columbia	S. Simard			2024-11-19T11:23:56.567Z		GEODETIC_DATUM_ASSUMED_WGS84;CONTINENT_DERIVED_FROM_COORDINATES;INSTITUTION_MATCH_FUZZY
1807255498	e8a25a42-f125-476c-8554-3ec21cd51a84	ACAD:111981	Fungi	Basidiomycota	Agaricomycetes	Polyporales	Dacryobolaceae	Postia	Postia tephroleuca		SPECIES	Postia tephroleuca (Fr.) Jülich	Postia tephroleuca (Fr.) Julich	(Fr.) Julich	CA	(Kentville)	Nova Scotia	PRESENT		6491ad8c-8e49-4bd4-a089-0ddb3bbe0890	45.07662	-64.49592							1951-11-15	15	11	1951	9123949	9123949	PRESERVED_SPECIMEN	Acadia University	ACAD	1665F	1665			CC0_1_0	Acadia University	H, KA			2024-01-25T01:37:06.794Z	StillImage	GEODETIC_DATUM_INVALID;GEODETIC_DATUM_ASSUMED_WGS84;TAXON_MATCH_TAXON_ID_IGNORED;INSTITUTION_MATCH_FUZZY;COLLECTION_MATCH_FUZZY
1412708294	21705170-d2b6-42de-8904-c3bca4b83591	CMMF016629	Fungi	Basidiomycota	Agaricomycetes	Polyporales	Dacryobolaceae	Postia	Postia tephroleuca		SPECIES	Postia tephroleuca (Fr.) Jülich	Postia tephroleuca (Fr.) Jülich	(Fr.) Jülich	CA	Île Bizard, Montréal, Québec.	Québec	PRESENT		ff7bd5db-b724-4932-b496-10ea298851f9	45.493647	-73.893243	4000.0						1990-10-07	7	10	1990	9123949	9123949	PRESERVED_SPECIMEN	Université de Montréal Biodiversity Centre	CMMF	CMMF016629		Ginns, Jim H.	1992-05-01T00:00:00	CC0_1_0	Université de Montréal Biodiversity Centre	Sirard, Léas; Boulet, Bruno			2024-01-24T16:38:19.831Z		INSTITUTION_MATCH_FUZZY;COLLECTION_MATCH_FUZZY;DIFFERENT_OWNER_INSTITUTION
1412708249	21705170-d2b6-42de-8904-c3bca4b83591	CMMF016619	Fungi	Basidiomycota	Agaricomycetes	Polyporales	Dacryobolaceae	Postia	Postia tephroleuca		SPECIES	Postia tephroleuca (Fr.) Jülich	Postia tephroleuca (Fr.) Jülich	(Fr.) Jülich	CA	Montréal-Nord, Québec.	Québec	PRESENT		ff7bd5db-b724-4932-b496-10ea298851f9	45.593931	-73.610199	5000.0						1988-09		9	1988	9123949	9123949	PRESERVED_SPECIMEN	Université de Montréal Biodiversity Centre	CMMF	CMMF016619		Boulet, Bruno		CC0_1_0	Université de Montréal Biodiversity Centre	Boulet, Bruno			2024-01-24T16:38:19.766Z		INSTITUTION_MATCH_FUZZY;COLLECTION_MATCH_FUZZY;DIFFERENT_OWNER_INSTITUTION
1412708248	21705170-d2b6-42de-8904-c3bca4b83591	CMMF016639	Fungi	Basidiomycota	Agaricomycetes	Polyporales	Dacryobolaceae	Postia	Postia tephroleuca		SPECIES	Postia tephroleuca (Fr.) Jülich	Postia tephroleuca (Fr.) Jülich	(Fr.) Jülich	CA	Terrebonne, Québec.	Québec	PRESENT		ff7bd5db-b724-4932-b496-10ea298851f9	45.70036	-73.637796	5000.0						1966-09-15	15	9	1966	9123949	9123949	PRESERVED_SPECIMEN	Université de Montréal Biodiversity Centre	CMMF	CMMF016639		Sirard, Léas		CC0_1_0	Université de Montréal Biodiversity Centre	Sirard, Léas			2024-01-24T16:38:19.773Z		INSTITUTION_MATCH_FUZZY;COLLECTION_MATCH_FUZZY;DIFFERENT_OWNER_INSTITUTION
1412708221	21705170-d2b6-42de-8904-c3bca4b83591	CMMF016638	Fungi	Basidiomycota	Agaricomycetes	Polyporales	Dacryobolaceae	Postia	Postia tephroleuca		SPECIES	Postia tephroleuca (Fr.) Jülich	Postia tephroleuca (Fr.) Jülich	(Fr.) Jülich	CA	Îles Bizard, Québec.	Québec	PRESENT		ff7bd5db-b724-4932-b496-10ea298851f9	45.493647	-73.893243	4000.0						1990-10-07	7	10	1990	9123949	9123949	PRESERVED_SPECIMEN	Université de Montréal Biodiversity Centre	CMMF	CMMF016638		Sirard, Léas; Boulet, Bruno		CC0_1_0	Université de Montréal Biodiversity Centre	Sirard, Léas; Boulet, Bruno			2024-01-24T16:38:19.776Z		INSTITUTION_MATCH_FUZZY;COLLECTION_MATCH_FUZZY;DIFFERENT_OWNER_INSTITUTION
1412708195	21705170-d2b6-42de-8904-c3bca4b83591	CMMF016637	Fungi	Basidiomycota	Agaricomycetes	Polyporales	Dacryobolaceae	Postia	Postia tephroleuca		SPECIES	Postia tephroleuca (Fr.) Jülich	Postia tephroleuca (Fr.) Jülich	(Fr.) Jülich	CA	Sherbrooke (foray), Québec.	Québec	PRESENT		ff7bd5db-b724-4932-b496-10ea298851f9	45.394757	-72.219586	10000.0						2004-09-01	1	9	2004	9123949	9123949	PRESERVED_SPECIMEN	Université de Montréal Biodiversity Centre	CMMF	CMMF016637		Boulet, Bruno		CC0_1_0	Université de Montréal Biodiversity Centre	Boulet, Bruno			2024-01-24T16:38:19.773Z		INSTITUTION_MATCH_FUZZY;COLLECTION_MATCH_FUZZY;DIFFERENT_OWNER_INSTITUTION
1412708178	21705170-d2b6-42de-8904-c3bca4b83591	CMMF016646	Fungi	Basidiomycota	Agaricomycetes	Polyporales	Dacryobolaceae	Postia	Postia tephroleuca		SPECIES	Postia tephroleuca (Fr.) Jülich	Postia tephroleuca (Fr.) Jülich	(Fr.) Jülich	CA	Rivière Cap-Rouge, Québec.	Québec	PRESENT		ff7bd5db-b724-4932-b496-10ea298851f9	46.765168	-71.355922	6000.0						1976-09-11	11	9	1976	9123949	9123949	PRESERVED_SPECIMEN	Université de Montréal Biodiversity Centre	CMMF	CMMF016646		Sirard, Léas		CC0_1_0	Université de Montréal Biodiversity Centre	Sirard, Léas			2024-01-24T16:38:19.910Z		INSTITUTION_MATCH_FUZZY;COLLECTION_MATCH_FUZZY;DIFFERENT_OWNER_INSTITUTION
1412708155	21705170-d2b6-42de-8904-c3bca4b83591	CMMF016635	Fungi	Basidiomycota	Agaricomycetes	Polyporales	Dacryobolaceae	Postia	Postia tephroleuca		SPECIES	Postia tephroleuca (Fr.) Jülich	Postia tephroleuca (Fr.) Jülich	(Fr.) Jülich	CA	Cap-Rouge, Québec.	Québec	PRESENT		ff7bd5db-b724-4932-b496-10ea298851f9	46.763778	-71.355145	5000.0						1970-09-30	30	9	1970	9123949	9123949	PRESERVED_SPECIMEN	Université de Montréal Biodiversity Centre	CMMF	CMMF016635		Boulet, Bruno		CC0_1_0	Université de Montréal Biodiversity Centre	Boulet, Bruno			2024-01-24T16:38:19.775Z		INSTITUTION_MATCH_FUZZY;COLLECTION_MATCH_FUZZY;DIFFERENT_OWNER_INSTITUTION
1412708128	21705170-d2b6-42de-8904-c3bca4b83591	CMMF016644	Fungi	Basidiomycota	Agaricomycetes	Polyporales	Dacryobolaceae	Postia	Postia tephroleuca		SPECIES	Postia tephroleuca (Fr.) Jülich	Postia tephroleuca (Fr.) Jülich	(Fr.) Jülich	CA	Sainte-Foy, Québec.	Québec	PRESENT		ff7bd5db-b724-4932-b496-10ea298851f9	46.780042	-71.374844	9000.0						1973-09-03	3	9	1973	9123949	9123949	PRESERVED_SPECIMEN	Université de Montréal Biodiversity Centre	CMMF	CMMF016644		Sirard, Léas; Boulet, Bruno		CC0_1_0	Université de Montréal Biodiversity Centre	Sirard, Léas; Boulet, Bruno			2024-01-24T16:38:19.909Z		INSTITUTION_MATCH_FUZZY;COLLECTION_MATCH_FUZZY;DIFFERENT_OWNER_INSTITUTION
1412708127	21705170-d2b6-42de-8904-c3bca4b83591	CMMF016634	Fungi	Basidiomycota	Agaricomycetes	Polyporales	Dacryobolaceae	Postia	Postia tephroleuca		SPECIES	Postia tephroleuca (Fr.) Jülich	Postia tephroleuca (Fr.) Jülich	(Fr.) Jülich	CA	Centre éducatif de la Blanche, Outaouais, Québec.	Québec	PRESENT		ff7bd5db-b724-4932-b496-10ea298851f9	45.704558	-75.294024	5000.0						1989-09		9	1989	9123949	9123949	PRESERVED_SPECIMEN	Université de Montréal Biodiversity Centre	CMMF	CMMF016634		Boulet, Bruno		CC0_1_0	Université de Montréal Biodiversity Centre	Boulet, Bruno			2024-01-24T16:38:19.773Z		INSTITUTION_MATCH_FUZZY;COLLECTION_MATCH_FUZZY;DIFFERENT_OWNER_INSTITUTION
1412708116	21705170-d2b6-42de-8904-c3bca4b83591	CMMF016653	Fungi	Basidiomycota	Agaricomycetes	Polyporales	Dacryobolaceae	Postia	Postia tephroleuca		SPECIES	Postia tephroleuca (Fr.) Jülich	Postia tephroleuca (Fr.) Jülich	(Fr.) Jülich	CA	Rivière Cap-Rouge, Québec.	Québec	PRESENT		ff7bd5db-b724-4932-b496-10ea298851f9	46.765168	-71.355922	6000.0						1975-10-27	27	10	1975	9123949	9123949	PRESERVED_SPECIMEN	Université de Montréal Biodiversity Centre	CMMF	CMMF016653		Sirard, Léas; Boulet, Bruno		CC0_1_0	Université de Montréal Biodiversity Centre	Sirard, Léas; Boulet, Bruno			2024-01-24T16:38:19.903Z		INSTITUTION_MATCH_FUZZY;COLLECTION_MATCH_FUZZY;DIFFERENT_OWNER_INSTITUTION
1412708114	21705170-d2b6-42de-8904-c3bca4b83591	CMMF016622	Fungi	Basidiomycota	Agaricomycetes	Polyporales	Dacryobolaceae	Postia	Postia tephroleuca		SPECIES	Oligoporus tephroleucus (Fr.) Gilb. & Ryvarden	Oligoporus tephroleucus (Fr.) Gilb. & Ryvarden	(Fr.) Gilb. & Ryvarden	CA	Loretteville, Québec.	Québec	PRESENT		ff7bd5db-b724-4932-b496-10ea298851f9	46.867482	-71.384379	8000.0						1989-09		9	1989	5245308	9123949	PRESERVED_SPECIMEN	Université de Montréal Biodiversity Centre	CMMF	CMMF016622		Boulet, Bruno		CC0_1_0	Université de Montréal Biodiversity Centre	Boulet, Bruno			2024-01-24T16:38:19.776Z		INSTITUTION_MATCH_FUZZY;COLLECTION_MATCH_FUZZY;DIFFERENT_OWNER_INSTITUTION
1412708087	21705170-d2b6-42de-8904-c3bca4b83591	CMMF016621	Fungi	Basidiomycota	Agaricomycetes	Polyporales	Dacryobolaceae	Postia	Postia tephroleuca		SPECIES	Oligoporus tephroleucus (Fr.) Gilb. & Ryvarden	Oligoporus tephroleucus (Fr.) Gilb. & Ryvarden	(Fr.) Gilb. & Ryvarden	CA	Laval, Québec.	Québec	PRESENT		ff7bd5db-b724-4932-b496-10ea298851f9	45.609608	-73.705867	17500.0						1988-09-21	21	9	1988	5245308	9123949	PRESERVED_SPECIMEN	Université de Montréal Biodiversity Centre	CMMF	CMMF016621		Boulet, Bruno		CC0_1_0	Université de Montréal Biodiversity Centre	Boulet, Bruno			2024-01-24T16:38:19.776Z		INSTITUTION_MATCH_FUZZY;COLLECTION_MATCH_FUZZY;DIFFERENT_OWNER_INSTITUTION
1412708084	21705170-d2b6-42de-8904-c3bca4b83591	CMMF016632	Fungi	Basidiomycota	Agaricomycetes	Polyporales	Dacryobolaceae	Postia	Postia tephroleuca		SPECIES	Postia tephroleuca (Fr.) Jülich	Postia tephroleuca (Fr.) Jülich	(Fr.) Jülich	CA	Laval-des-Rapides, Québec.	Québec	PRESENT		ff7bd5db-b724-4932-b496-10ea298851f9	45.551136	-73.707976	10000.0						1975-10-06	6	10	1975	9123949	9123949	PRESERVED_SPECIMEN	Université de Montréal Biodiversity Centre	CMMF	CMMF016632		Sirard, Léas		CC0_1_0	Université de Montréal Biodiversity Centre	Sirard, Léas			2024-01-24T16:38:19.773Z		INSTITUTION_MATCH_FUZZY;COLLECTION_MATCH_FUZZY;DIFFERENT_OWNER_INSTITUTION
1412708076	21705170-d2b6-42de-8904-c3bca4b83591	CMMF016642	Fungi	Basidiomycota	Agaricomycetes	Polyporales	Dacryobolaceae	Postia	Postia tephroleuca		SPECIES	Postia tephroleuca (Fr.) Jülich	Postia tephroleuca (Fr.) Jülich	(Fr.) Jülich	CA	Loretteville, Québec.	Québec	PRESENT		ff7bd5db-b724-4932-b496-10ea298851f9	46.867482	-71.384379	8000.0						1989-10-02	2	10	1989	9123949	9123949	PRESERVED_SPECIMEN	Université de Montréal Biodiversity Centre	CMMF	CMMF016642		Boulet, Bruno		CC0_1_0	Université de Montréal Biodiversity Centre	Sirard, Léas			2024-01-24T16:38:19.910Z		INSTITUTION_MATCH_FUZZY;COLLECTION_MATCH_FUZZY;DIFFERENT_OWNER_INSTITUTION
1412708061	21705170-d2b6-42de-8904-c3bca4b83591	CMMF016620	Fungi	Basidiomycota	Agaricomycetes	Polyporales	Dacryobolaceae	Postia	Postia tephroleuca		SPECIES	Oligoporus tephroleucus (Fr.) Gilb. & Ryvarden	Oligoporus tephroleucus (Fr.) Gilb. & Ryvarden	(Fr.) Gilb. & Ryvarden	CA	Saint-Gérard, Québec.	Québec	PRESENT		ff7bd5db-b724-4932-b496-10ea298851f9	46.601849	-72.815569	5000.0						1990-09-10	10	9	1990	5245308	9123949	PRESERVED_SPECIMEN	Université de Montréal Biodiversity Centre	CMMF	CMMF016620		Sirard, Léas; Boulet, Bruno		CC0_1_0	Université de Montréal Biodiversity Centre	Sirard, Léas; Boulet, Bruno			2024-01-24T16:38:19.776Z		INSTITUTION_MATCH_FUZZY;COLLECTION_MATCH_FUZZY;DIFFERENT_OWNER_INSTITUTION
1412708053	21705170-d2b6-42de-8904-c3bca4b83591	CMMF016631	Fungi	Basidiomycota	Agaricomycetes	Polyporales	Dacryobolaceae	Postia	Postia tephroleuca		SPECIES	Oligoporus tephroleucus (Fr.) Gilb. & Ryvarden	Oligoporus tephroleucus (Fr.) Gilb. & Ryvarden	(Fr.) Gilb. & Ryvarden	CA	Île Saint-Bernard, Châteauguay, Québec.	Québec	PRESENT		ff7bd5db-b724-4932-b496-10ea298851f9	45.391035	-73.758671	1500.0						1988-02-12	12	2	1988	5245308	9123949	PRESERVED_SPECIMEN	Université de Montréal Biodiversity Centre	CMMF	CMMF016631		Ginns, Jim H.	1989-05-01T00:00:00	CC0_1_0	Université de Montréal Biodiversity Centre	Sirard, Léas; Boulet, Bruno			2024-01-24T16:38:19.772Z		INSTITUTION_MATCH_FUZZY;COLLECTION_MATCH_FUZZY;DIFFERENT_OWNER_INSTITUTION
1412708051	21705170-d2b6-42de-8904-c3bca4b83591	CMMF016641	Fungi	Basidiomycota	Agaricomycetes	Polyporales	Dacryobolaceae	Postia	Postia tephroleuca		SPECIES	Postia tephroleuca (Fr.) Jülich	Postia tephroleuca (Fr.) Jülich	(Fr.) Jülich	CA	Terrebonne, Québec.	Québec	PRESENT		ff7bd5db-b724-4932-b496-10ea298851f9	45.70036	-73.637796	5000.0						1987-09		9	1987	9123949	9123949	PRESERVED_SPECIMEN	Université de Montréal Biodiversity Centre	CMMF	CMMF016641		Sirard, Léas; Boulet, Bruno		CC0_1_0	Université de Montréal Biodiversity Centre	Sirard, Léas; Boulet, Bruno			2024-01-24T16:38:19.909Z		INSTITUTION_MATCH_FUZZY;COLLECTION_MATCH_FUZZY;DIFFERENT_OWNER_INSTITUTION
1412708029	21705170-d2b6-42de-8904-c3bca4b83591	CMMF016630	Fungi	Basidiomycota	Agaricomycetes	Polyporales	Dacryobolaceae	Postia	Postia tephroleuca		SPECIES	Postia tephroleuca (Fr.) Jülich	Postia tephroleuca (Fr.) Jülich	(Fr.) Jülich	CA	Saint-Émile de Montcalm, Québec.	Québec	PRESENT		ff7bd5db-b724-4932-b496-10ea298851f9	46.874016	-71.333809	4000.0						1966-10-15	15	10	1966	9123949	9123949	PRESERVED_SPECIMEN	Université de Montréal Biodiversity Centre	CMMF	CMMF016630		Sirard, Léas		CC0_1_0	Université de Montréal Biodiversity Centre	Sirard, Léas			2024-01-24T16:38:19.772Z		INSTITUTION_MATCH_FUZZY;COLLECTION_MATCH_FUZZY;DIFFERENT_OWNER_INSTITUTION
1412708027	21705170-d2b6-42de-8904-c3bca4b83591	CMMF016640	Fungi	Basidiomycota	Agaricomycetes	Polyporales	Dacryobolaceae	Postia	Postia tephroleuca		SPECIES	Postia tephroleuca (Fr.) Jülich	Postia tephroleuca (Fr.) Jülich	(Fr.) Jülich	CA	Valcartier, Québec.	Québec	PRESENT		ff7bd5db-b724-4932-b496-10ea298851f9	46.937798	-71.470098	30000.0						1964-05-10	10	5	1964	9123949	9123949	PRESERVED_SPECIMEN	Université de Montréal Biodiversity Centre	CMMF	CMMF016640		Boulet, Bruno		CC0_1_0	Université de Montréal Biodiversity Centre	Sirard, Léas			2024-01-24T16:38:19.909Z		INSTITUTION_MATCH_FUZZY;COLLECTION_MATCH_FUZZY;DIFFERENT_OWNER_INSTITUTION
1412708002	21705170-d2b6-42de-8904-c3bca4b83591	CMMF016649	Fungi	Basidiomycota	Agaricomycetes	Polyporales	Dacryobolaceae	Postia	Postia tephroleuca		SPECIES	Postia tephroleuca (Fr.) Jülich	Postia tephroleuca (Fr.) Jülich	(Fr.) Jülich	CA	Lévis, Québec.	Québec	PRESENT		ff7bd5db-b724-4932-b496-10ea298851f9	46.734052	-71.246332	10000.0						2005-09-12	12	9	2005	9123949	9123949	PRESERVED_SPECIMEN	Université de Montréal Biodiversity Centre	CMMF	CMMF016649		Boulet, Bruno		CC0_1_0	Université de Montréal Biodiversity Centre	Boulet, Bruno			2024-01-24T16:38:19.913Z		INSTITUTION_MATCH_FUZZY;COLLECTION_MATCH_FUZZY;DIFFERENT_OWNER_INSTITUTION
1412706751	21705170-d2b6-42de-8904-c3bca4b83591	CMMF015247	Fungi	Basidiomycota	Agaricomycetes	Polyporales	Dacryobolaceae	Postia	Postia tephroleuca		SPECIES	Oligoporus tephroleucus (Fr.) Gilb. & Ryvarden	Oligoporus tephroleucus (Fr.) Gilb. & Ryvarden	(Fr.) Gilb. & Ryvarden	CA	Parc Mégantic, Québec.	Québec	PRESENT		ff7bd5db-b724-4932-b496-10ea298851f9	45.455057	-71.154732	7000.0						1995-09-03	3	9	1995	5245308	9123949	PRESERVED_SPECIMEN	Université de Montréal Biodiversity Centre	CMMF	CMMF015247	797	Guérin, Gérard		CC0_1_0	Université de Montréal Biodiversity Centre	Guérin, Gérard			2024-01-24T16:38:17.027Z	StillImage	INSTITUTION_MATCH_FUZZY;COLLECTION_MATCH_FUZZY;DIFFERENT_OWNER_INSTITUTION
1135068997	21705170-d2b6-42de-8904-c3bca4b83591	CMMF007477	Fungi	Basidiomycota	Agaricomycetes	Polyporales	Dacryobolaceae	Postia	Postia tephroleuca		SPECIES	Postia tephroleuca (Fr.) Jülich	Postia tephroleuca (Fr.) Jülich	(Fr.) Jülich	CA	St-Roch-de-Richelieu	Québec	PRESENT		ff7bd5db-b724-4932-b496-10ea298851f9	45.880833	-73.163	100.0						2011-10-22	22	10	2011	9123949	9123949	PRESERVED_SPECIMEN	Université de Montréal Biodiversity Centre	CMMF	CMMF007477	C3980	McNeil, Raymond		CC0_1_0	Université de Montréal Biodiversity Centre	McNeil, Raymond			2024-01-24T16:38:15.863Z	StillImage	COORDINATE_ROUNDED;INSTITUTION_MATCH_FUZZY;COLLECTION_MATCH_FUZZY;DIFFERENT_OWNER_INSTITUTION
