gbifID	datasetKey	occurrenceID	kingdom	phylum	class	order	family	genus	species	infraspecificEpithet	taxonRank	scientificName	verbatimScientificName	verbatimScientificNameAuthorship	countryCode	locality	stateProvince	occurrenceStatus	individualCount	publishingOrgKey	decimalLatitude	decimalLongitude	coordinateUncertaintyInMeters	coordinatePrecision	elevation	elevationAccuracy	depth	depthAccuracy	eventDate	day	month	year	taxonKey	speciesKey	basisOfRecord	institutionCode	collectionCode	catalogNumber	recordNumber	identifiedBy	dateIdentified	license	rightsHolder	recordedBy	typeStatus	establishmentMeans	lastInterpreted	mediaType	issue
617551714	21705170-d2b6-42de-8904-c3bca4b83591	CMMF002826	Fungi	Basidiomycota	Agaricomycetes	Auriculariales		Guepinia	Guepinia helvelloides		SPECIES	Tremiscus helvelloides (DC.) Donk	Tremiscus helvelloides (DC.) Donk	(DC.) Donk	CA	Rigaud	Québec	PRESENT		ff7bd5db-b724-4932-b496-10ea298851f9	45.473408	-74.321286	9000.0						1996-07-18	18	7	1996	9080764	8824388	PRESERVED_SPECIMEN	Université de Montréal Biodiversity Centre	CMMF	CMMF002826		Dumont, Philippe		CC0_1_0	Université de Montréal Biodiversity Centre	Dumont, Philippe			2024-01-24T16:38:20.638Z	StillImage	INSTITUTION_MATCH_FUZZY;COLLECTION_MATCH_FUZZY;DIFFERENT_OWNER_INSTITUTION
617551300	21705170-d2b6-42de-8904-c3bca4b83591	CMMF002644	Fungi	Basidiomycota	Agaricomycetes	Auriculariales		Guepinia	Guepinia helvelloides		SPECIES	Tremiscus helvelloides (DC.) Donk	Tremiscus helvelloides (DC.) Donk	(DC.) Donk	CA	Rigaud	Québec	PRESENT		ff7bd5db-b724-4932-b496-10ea298851f9	45.473408	-74.321286	9000.0						1995-09-24	24	9	1995	9080764	8824388	PRESERVED_SPECIMEN	Université de Montréal Biodiversity Centre	CMMF	CMMF002644		Dumont, Philippe		CC0_1_0	Université de Montréal Biodiversity Centre	Dumont, Philippe			2024-01-24T16:38:20.327Z	StillImage	INSTITUTION_MATCH_FUZZY;COLLECTION_MATCH_FUZZY;DIFFERENT_OWNER_INSTITUTION
4980597480	50c9509d-22c7-4a22-a47d-8c48425ef4a7	https://www.inaturalist.org/observations/98293849	Fungi	Basidiomycota	Agaricomycetes	Auriculariales		Guepinia	Guepinia helvelloides		SPECIES	Guepinia helvelloides (DC.) Fr.	Guepinia helvelloides		CA		Ontario	PRESENT		28eb1a3f-1c15-4a95-931a-4af90ecb574d	45.026471	-79.312386	9.0						2021-10-15T12:13:46	15	10	2021	8824388	8824388	HUMAN_OBSERVATION	iNaturalist	Observations	98293849		Igor Khomenko	2021-10-15T17:38:47	CC_BY_NC_4_0	mbanfield	mbanfield			2025-01-14T12:22:46.886Z	StillImage	COORDINATE_ROUNDED;CONTINENT_DERIVED_FROM_COORDINATES;TAXON_MATCH_TAXON_ID_IGNORED
4978557385	50c9509d-22c7-4a22-a47d-8c48425ef4a7	https://www.inaturalist.org/observations/250082399	Fungi	Basidiomycota	Agaricomycetes	Auriculariales		Guepinia	Guepinia helvelloides		SPECIES	Guepinia helvelloides (DC.) Fr.	Guepinia helvelloides		CA		Ontario	PRESENT		28eb1a3f-1c15-4a95-931a-4af90ecb574d	45.286945	-75.830033	3.0						2024-11-01T12:44:06	1	11	2024	8824388	8824388	HUMAN_OBSERVATION	iNaturalist	Observations	250082399		Keith Seifert	2024-11-02T01:52:22	CC0_1_0	Keith Seifert	Keith Seifert			2025-01-14T12:55:21.147Z	StillImage	COORDINATE_ROUNDED;CONTINENT_DERIVED_FROM_COORDINATES;TAXON_MATCH_TAXON_ID_IGNORED
4978424054	50c9509d-22c7-4a22-a47d-8c48425ef4a7	https://www.inaturalist.org/observations/250353811	Fungi	Basidiomycota	Agaricomycetes	Auriculariales		Guepinia	Guepinia helvelloides		SPECIES	Guepinia helvelloides (DC.) Fr.	Guepinia helvelloides		CA		Québec	PRESENT		28eb1a3f-1c15-4a95-931a-4af90ecb574d	45.418036	-75.836852	391.0						2024-11-02T15:00	2	11	2024	8824388	8824388	HUMAN_OBSERVATION	iNaturalist	Observations	250353811		L Joan Heyding	2024-11-03T21:49:49	CC_BY_NC_4_0	L Joan Heyding	L Joan Heyding			2025-01-14T12:54:08.096Z	StillImage	COORDINATE_ROUNDED;CONTINENT_DERIVED_FROM_COORDINATES;TAXON_MATCH_TAXON_ID_IGNORED
4952799237	50c9509d-22c7-4a22-a47d-8c48425ef4a7	https://www.inaturalist.org/observations/246033899	Fungi	Basidiomycota	Agaricomycetes	Auriculariales		Guepinia	Guepinia helvelloides		SPECIES	Guepinia helvelloides (DC.) Fr.	Guepinia helvelloides		CA		Québec	PRESENT		28eb1a3f-1c15-4a95-931a-4af90ecb574d	45.416471	-75.830496	186.0						2024-10-06T11:47	6	10	2024	8824388	8824388	HUMAN_OBSERVATION	iNaturalist	Observations	246033899		L Joan Heyding	2024-10-06T21:19:25	CC_BY_NC_4_0	L Joan Heyding	L Joan Heyding			2025-01-14T13:43:45.699Z	StillImage	COORDINATE_ROUNDED;CONTINENT_DERIVED_FROM_COORDINATES;TAXON_MATCH_TAXON_ID_IGNORED
4935813609	50c9509d-22c7-4a22-a47d-8c48425ef4a7	https://www.inaturalist.org/observations/34091448	Fungi	Basidiomycota	Agaricomycetes	Auriculariales		Guepinia	Guepinia helvelloides		SPECIES	Guepinia helvelloides (DC.) Fr.	Guepinia helvelloides		CA		Ontario	PRESENT		28eb1a3f-1c15-4a95-931a-4af90ecb574d	45.283337	-75.824867							2019-10-08T10:51:59	8	10	2019	8824388	8824388	HUMAN_OBSERVATION	iNaturalist	Observations	34091448		Scott Clément	2019-10-08T22:46:59	CC_BY_NC_4_0	Scott Clément	Scott Clément			2025-01-14T13:04:09.765Z	StillImage	COORDINATE_ROUNDED;CONTINENT_DERIVED_FROM_COORDINATES;TAXON_MATCH_TAXON_ID_IGNORED
4926146576	50c9509d-22c7-4a22-a47d-8c48425ef4a7	https://www.inaturalist.org/observations/236273156	Fungi	Basidiomycota	Agaricomycetes	Auriculariales		Guepinia	Guepinia helvelloides		SPECIES	Guepinia helvelloides (DC.) Fr.	Guepinia helvelloides		CA		Ontario	PRESENT		28eb1a3f-1c15-4a95-931a-4af90ecb574d	45.447667	-75.656914	48.0						2024-08-15T12:36:03	15	8	2024	8824388	8824388	HUMAN_OBSERVATION	iNaturalist	Observations	236273156		kspassov	2024-08-17T13:34:23	CC_BY_NC_4_0	kspassov	kspassov			2025-01-14T13:35:56.282Z	StillImage	COORDINATE_ROUNDED;CONTINENT_DERIVED_FROM_COORDINATES;TAXON_MATCH_TAXON_ID_IGNORED
4892201897	50c9509d-22c7-4a22-a47d-8c48425ef4a7	https://www.inaturalist.org/observations/220787962	Fungi	Basidiomycota	Agaricomycetes	Auriculariales		Guepinia	Guepinia helvelloides		SPECIES	Guepinia helvelloides (DC.) Fr.	Guepinia helvelloides		CA		Ontario	PRESENT		28eb1a3f-1c15-4a95-931a-4af90ecb574d	45.284928	-75.8268	4.0						2021-10-01T18:26:32	1	10	2021	8824388	8824388	HUMAN_OBSERVATION	iNaturalist	Observations	220787962		its_ok	2024-06-06T00:02:47	CC_BY_NC_4_0	its_ok	its_ok			2025-01-14T13:32:22.841Z	StillImage	COORDINATE_ROUNDED;CONTINENT_DERIVED_FROM_COORDINATES;TAXON_MATCH_TAXON_ID_IGNORED
4606604531	50c9509d-22c7-4a22-a47d-8c48425ef4a7	https://www.inaturalist.org/observations/191823534	Fungi	Basidiomycota	Agaricomycetes	Auriculariales		Guepinia	Guepinia helvelloides		SPECIES	Guepinia helvelloides (DC.) Fr.	Guepinia helvelloides		CA		Québec	PRESENT		28eb1a3f-1c15-4a95-931a-4af90ecb574d	45.688524	-74.062734	283716.0						2023-11-01	1	11	2023	8824388	8824388	HUMAN_OBSERVATION	iNaturalist	Observations	191823534		alex_masry	2023-11-23T05:21:25	CC_BY_NC_4_0	alex_masry	alex_masry			2025-01-14T12:41:51.588Z	StillImage	COORDINATE_ROUNDED;CONTINENT_DERIVED_FROM_COORDINATES;TAXON_MATCH_TAXON_ID_IGNORED
4600194129	50c9509d-22c7-4a22-a47d-8c48425ef4a7	https://www.inaturalist.org/observations/204045862	Fungi	Basidiomycota	Agaricomycetes	Auriculariales		Guepinia	Guepinia helvelloides		SPECIES	Guepinia helvelloides (DC.) Fr.	Guepinia helvelloides		CA		Québec	PRESENT		28eb1a3f-1c15-4a95-931a-4af90ecb574d	48.901527	-64.340855	5.0						2022-09-15T11:34:53	15	9	2022	8824388	8824388	HUMAN_OBSERVATION	iNaturalist	Observations	204045862		Antoine Fortin	2024-03-28T00:24:19	CC_BY_NC_4_0	Gabrielle Boucher	Gabrielle Boucher			2025-01-14T13:30:40.662Z	StillImage	COORDINATE_ROUNDED;CONTINENT_DERIVED_FROM_COORDINATES;TAXON_MATCH_TAXON_ID_IGNORED
4458568272	50c9509d-22c7-4a22-a47d-8c48425ef4a7	https://www.inaturalist.org/observations/187168049	Fungi	Basidiomycota	Agaricomycetes	Auriculariales		Guepinia	Guepinia helvelloides		SPECIES	Guepinia helvelloides (DC.) Fr.	Guepinia helvelloides		CA		Québec	PRESENT		28eb1a3f-1c15-4a95-931a-4af90ecb574d	48.377792	-70.85257	4.0						2023-10-09T10:13:39	9	10	2023	8824388	8824388	HUMAN_OBSERVATION	iNaturalist	Observations	187168049		vikingecolo	2023-10-11T21:24:51	CC_BY_NC_4_0	vikingecolo	vikingecolo			2025-01-14T12:41:33.427Z	StillImage	COORDINATE_ROUNDED;CONTINENT_DERIVED_FROM_COORDINATES;TAXON_MATCH_TAXON_ID_IGNORED
4440936389	50c9509d-22c7-4a22-a47d-8c48425ef4a7	https://www.inaturalist.org/observations/190696238	Fungi	Basidiomycota	Agaricomycetes	Auriculariales		Guepinia	Guepinia helvelloides		SPECIES	Guepinia helvelloides (DC.) Fr.	Guepinia helvelloides		CA		Québec	PRESENT		28eb1a3f-1c15-4a95-931a-4af90ecb574d	46.717949	-71.537924	355.0						2023-10-29T12:55:47	29	10	2023	8824388	8824388	HUMAN_OBSERVATION	iNaturalist	Observations	190696238		Étienne Godin	2023-11-11T17:40:50	CC_BY_NC_4_0	Étienne Godin	Étienne Godin			2025-01-14T13:35:33.182Z	StillImage	COORDINATE_ROUNDED;CONTINENT_DERIVED_FROM_COORDINATES;TAXON_MATCH_TAXON_ID_IGNORED
4438951394	50c9509d-22c7-4a22-a47d-8c48425ef4a7	https://www.inaturalist.org/observations/189358372	Fungi	Basidiomycota	Agaricomycetes	Auriculariales		Guepinia	Guepinia helvelloides		SPECIES	Guepinia helvelloides (DC.) Fr.	Guepinia helvelloides		CA		Nova Scotia	PRESENT		28eb1a3f-1c15-4a95-931a-4af90ecb574d	45.630142	-64.298065	27126.0						2023-10-28T17:39	28	10	2023	8824388	8824388	HUMAN_OBSERVATION	iNaturalist	Observations	189358372		Ben	2023-10-29T15:26:20	CC_BY_NC_4_0	Ben	Ben			2025-01-14T13:35:06.988Z	StillImage	COORDINATE_ROUNDED;CONTINENT_DERIVED_FROM_COORDINATES;TAXON_MATCH_TAXON_ID_IGNORED
4436061116	50c9509d-22c7-4a22-a47d-8c48425ef4a7	https://www.inaturalist.org/observations/183908322	Fungi	Basidiomycota	Agaricomycetes	Auriculariales		Guepinia	Guepinia helvelloides		SPECIES	Guepinia helvelloides (DC.) Fr.	Guepinia helvelloides		CA		New Brunswick	PRESENT		28eb1a3f-1c15-4a95-931a-4af90ecb574d	46.087189	-64.8218	4.0						2023-09-18T19:13:04	18	9	2023	8824388	8824388	HUMAN_OBSERVATION	iNaturalist	Observations	183908322		emmaebowser	2023-09-18T22:15:43	CC_BY_NC_4_0	emmaebowser	emmaebowser			2025-01-14T13:32:29.942Z	StillImage	COORDINATE_ROUNDED;CONTINENT_DERIVED_FROM_COORDINATES;TAXON_MATCH_TAXON_ID_IGNORED
4430738718	50c9509d-22c7-4a22-a47d-8c48425ef4a7	https://www.inaturalist.org/observations/188439485	Fungi	Basidiomycota	Agaricomycetes	Auriculariales		Guepinia	Guepinia helvelloides		SPECIES	Guepinia helvelloides (DC.) Fr.	Guepinia helvelloides		CA		Ontario	PRESENT		28eb1a3f-1c15-4a95-931a-4af90ecb574d	45.353697	-75.741656	35.0						2023-10-21T18:23:10	21	10	2023	8824388	8824388	HUMAN_OBSERVATION	iNaturalist	Observations	188439485		Nick Tinker	2023-10-21T22:25:24	CC_BY_NC_4_0	Nick Tinker	Nick Tinker			2025-01-14T12:40:35.436Z	StillImage	COORDINATE_ROUNDED;CONTINENT_DERIVED_FROM_COORDINATES;TAXON_MATCH_TAXON_ID_IGNORED
4424623734	50c9509d-22c7-4a22-a47d-8c48425ef4a7	https://www.inaturalist.org/observations/186900735	Fungi	Basidiomycota	Agaricomycetes	Auriculariales		Guepinia	Guepinia helvelloides		SPECIES	Guepinia helvelloides (DC.) Fr.	Guepinia helvelloides		CA		Québec	PRESENT		28eb1a3f-1c15-4a95-931a-4af90ecb574d	45.419482	-75.826145	391.0						2023-10-09T12:03	9	10	2023	8824388	8824388	HUMAN_OBSERVATION	iNaturalist	Observations	186900735		L Joan Heyding	2023-10-09T20:52:17	CC_BY_NC_4_0	L Joan Heyding	L Joan Heyding			2025-01-14T13:28:12.236Z	StillImage	COORDINATE_ROUNDED;CONTINENT_DERIVED_FROM_COORDINATES;TAXON_MATCH_TAXON_ID_IGNORED
4417088957	50c9509d-22c7-4a22-a47d-8c48425ef4a7	https://www.inaturalist.org/observations/184710741	Fungi	Basidiomycota	Agaricomycetes	Auriculariales		Guepinia	Guepinia helvelloides		SPECIES	Guepinia helvelloides (DC.) Fr.	Guepinia helvelloides		CA		Québec	PRESENT		28eb1a3f-1c15-4a95-931a-4af90ecb574d	48.445501	-70.901342	3.0						2023-09-24T11:55:30	24	9	2023	8824388	8824388	HUMAN_OBSERVATION	iNaturalist	Observations	184710741		fortinmireille	2023-09-24T15:57:29	CC_BY_NC_4_0	fortinmireille	fortinmireille			2025-01-14T13:42:15.183Z	StillImage	COORDINATE_ROUNDED;CONTINENT_DERIVED_FROM_COORDINATES;TAXON_MATCH_TAXON_ID_IGNORED
4416985775	50c9509d-22c7-4a22-a47d-8c48425ef4a7	https://www.inaturalist.org/observations/184599763	Fungi	Basidiomycota	Agaricomycetes	Auriculariales		Guepinia	Guepinia helvelloides		SPECIES	Guepinia helvelloides (DC.) Fr.	Guepinia helvelloides		CA		Québec	PRESENT		28eb1a3f-1c15-4a95-931a-4af90ecb574d	48.630518	-68.126768	406.0						2023-09-23T15:11:02	23	9	2023	8824388	8824388	HUMAN_OBSERVATION	iNaturalist	Observations	184599763		vladykov	2023-09-23T22:00:39	CC_BY_NC_4_0	vladykov	vladykov			2025-01-14T13:31:46.475Z	StillImage	COORDINATE_ROUNDED;CONTINENT_DERIVED_FROM_COORDINATES;TAXON_MATCH_TAXON_ID_IGNORED
4414268305	50c9509d-22c7-4a22-a47d-8c48425ef4a7	https://www.inaturalist.org/observations/183015115	Fungi	Basidiomycota	Agaricomycetes	Auriculariales		Guepinia	Guepinia helvelloides		SPECIES	Guepinia helvelloides (DC.) Fr.	Guepinia helvelloides		CA		Québec	PRESENT		28eb1a3f-1c15-4a95-931a-4af90ecb574d	48.377833	-70.852547	4.0						2023-09-11T10:25:08	11	9	2023	8824388	8824388	HUMAN_OBSERVATION	iNaturalist	Observations	183015115		vikingecolo	2023-09-12T23:35:06	CC_BY_NC_4_0	vikingecolo	vikingecolo			2025-01-14T12:41:37.735Z	StillImage	COORDINATE_ROUNDED;CONTINENT_DERIVED_FROM_COORDINATES;TAXON_MATCH_TAXON_ID_IGNORED
4413813797	50c9509d-22c7-4a22-a47d-8c48425ef4a7	https://www.inaturalist.org/observations/182793649	Fungi	Basidiomycota	Agaricomycetes	Auriculariales		Guepinia	Guepinia helvelloides		SPECIES	Guepinia helvelloides (DC.) Fr.	Guepinia helvelloides		CA		Québec	PRESENT		28eb1a3f-1c15-4a95-931a-4af90ecb574d	48.446628	-70.899863	22.0						2023-09-09T18:08:45	9	9	2023	8824388	8824388	HUMAN_OBSERVATION	iNaturalist	Observations	182793649		germain_savard	2023-09-11T11:53:56	CC_BY_NC_4_0	germain_savard	germain_savard			2025-01-14T13:32:51.107Z	StillImage	COORDINATE_ROUNDED;CONTINENT_DERIVED_FROM_COORDINATES;TAXON_MATCH_TAXON_ID_IGNORED
4407376957	50c9509d-22c7-4a22-a47d-8c48425ef4a7	https://www.inaturalist.org/observations/180796954	Fungi	Basidiomycota	Agaricomycetes	Auriculariales		Guepinia	Guepinia helvelloides		SPECIES	Guepinia helvelloides (DC.) Fr.	Guepinia helvelloides		CA		Québec	PRESENT		28eb1a3f-1c15-4a95-931a-4af90ecb574d	48.377808	-70.85257	4.0						2023-08-29T10:46:19	29	8	2023	8824388	8824388	HUMAN_OBSERVATION	iNaturalist	Observations	180796954		Gaby Beland	2023-09-02T00:46:44	CC_BY_NC_4_0	vikingecolo	vikingecolo			2025-01-14T12:40:17.483Z	StillImage	COORDINATE_ROUNDED;CONTINENT_DERIVED_FROM_COORDINATES;TAXON_MATCH_TAXON_ID_IGNORED
4400342898	50c9509d-22c7-4a22-a47d-8c48425ef4a7	https://www.inaturalist.org/observations/179405496	Fungi	Basidiomycota	Agaricomycetes	Auriculariales		Guepinia	Guepinia helvelloides		SPECIES	Guepinia helvelloides (DC.) Fr.	Guepinia helvelloides		CA		Québec	PRESENT		28eb1a3f-1c15-4a95-931a-4af90ecb574d	48.305662	-70.843547	6.0						2023-08-20T15:54:53	20	8	2023	8824388	8824388	HUMAN_OBSERVATION	iNaturalist	Observations	179405496		jmance	2023-08-20T19:57:21	CC_BY_NC_4_0	jmance	jmance			2025-01-14T12:38:35.035Z	StillImage	COORDINATE_ROUNDED;CONTINENT_DERIVED_FROM_COORDINATES;TAXON_MATCH_TAXON_ID_IGNORED
4400038019	50c9509d-22c7-4a22-a47d-8c48425ef4a7	https://www.inaturalist.org/observations/179211794	Fungi	Basidiomycota	Agaricomycetes	Auriculariales		Guepinia	Guepinia helvelloides		SPECIES	Guepinia helvelloides (DC.) Fr.	Guepinia helvelloides		CA		Québec	PRESENT		28eb1a3f-1c15-4a95-931a-4af90ecb574d	45.762442	-71.403295	32.0						2023-08-19T15:50:31	19	8	2023	8824388	8824388	HUMAN_OBSERVATION	iNaturalist	Observations	179211794		Étienne Godin	2023-08-19T19:51:33	CC_BY_NC_4_0	Étienne Godin	Étienne Godin			2025-01-14T12:41:00.072Z	StillImage	COORDINATE_ROUNDED;CONTINENT_DERIVED_FROM_COORDINATES;TAXON_MATCH_TAXON_ID_IGNORED
4171952653	50c9509d-22c7-4a22-a47d-8c48425ef4a7	https://www.inaturalist.org/observations/176035968	Fungi	Basidiomycota	Agaricomycetes	Auriculariales		Guepinia	Guepinia helvelloides		SPECIES	Guepinia helvelloides (DC.) Fr.	Guepinia helvelloides		CA		Ontario	PRESENT		28eb1a3f-1c15-4a95-931a-4af90ecb574d	45.103539	-76.342079	297.0						2023-07-31T14:54	31	7	2023	8824388	8824388	HUMAN_OBSERVATION	iNaturalist	Observations	176035968		Igor Khomenko	2023-08-01T01:28:24	CC_BY_NC_4_0	Igor Khomenko	Igor Khomenko			2025-01-14T13:28:10.724Z	StillImage	COORDINATE_ROUNDED;CONTINENT_DERIVED_FROM_COORDINATES;TAXON_MATCH_TAXON_ID_IGNORED
4103150382	50c9509d-22c7-4a22-a47d-8c48425ef4a7	https://www.inaturalist.org/observations/98228997	Fungi	Basidiomycota	Agaricomycetes	Auriculariales		Guepinia	Guepinia helvelloides		SPECIES	Guepinia helvelloides (DC.) Fr.	Guepinia helvelloides		CA		Ontario	PRESENT		28eb1a3f-1c15-4a95-931a-4af90ecb574d	45.382017	-75.170848	457.0						2021-10-14T12:01	14	10	2021	8824388	8824388	HUMAN_OBSERVATION	iNaturalist	Observations	98228997		Loopy30	2021-10-14T20:50:21	CC_BY_4_0	Loopy30	Loopy30			2025-01-14T13:15:50.317Z	StillImage	COORDINATE_ROUNDED;CONTINENT_DERIVED_FROM_COORDINATES;TAXON_MATCH_TAXON_ID_IGNORED
4022291367	50c9509d-22c7-4a22-a47d-8c48425ef4a7	https://www.inaturalist.org/observations/96302281	Fungi	Basidiomycota	Agaricomycetes	Auriculariales		Guepinia	Guepinia helvelloides		SPECIES	Guepinia helvelloides (DC.) Fr.	Guepinia helvelloides		CA		Ontario	PRESENT		28eb1a3f-1c15-4a95-931a-4af90ecb574d	45.065219	-75.829269							2021-09-26T11:25:24	26	9	2021	8824388	8824388	HUMAN_OBSERVATION	iNaturalist	Observations	96302281		Nata Culhane	2021-09-26T23:25:13	CC_BY_NC_4_0	Nata Culhane	Nata Culhane			2025-01-14T13:15:29.056Z	StillImage	COORDINATE_ROUNDED;CONTINENT_DERIVED_FROM_COORDINATES;TAXON_MATCH_TAXON_ID_IGNORED
4021970346	50c9509d-22c7-4a22-a47d-8c48425ef4a7	https://www.inaturalist.org/observations/41296682	Fungi	Basidiomycota	Agaricomycetes	Auriculariales		Guepinia	Guepinia helvelloides		SPECIES	Guepinia helvelloides (DC.) Fr.	Guepinia helvelloides		CA		Québec	PRESENT		28eb1a3f-1c15-4a95-931a-4af90ecb574d	47.007789	-71.39929	61.0						2017-09-08	8	9	2017	8824388	8824388	HUMAN_OBSERVATION	iNaturalist	Observations	41296682		Christian Grenier	2020-04-03T15:03:01	CC_BY_NC_4_0	Christian Grenier	Christian Grenier			2025-01-14T12:11:32.550Z	StillImage	COORDINATE_ROUNDED;CONTINENT_DERIVED_FROM_COORDINATES;TAXON_MATCH_TAXON_ID_IGNORED
4006509824	50c9509d-22c7-4a22-a47d-8c48425ef4a7	https://www.inaturalist.org/observations/144421807	Fungi	Basidiomycota	Agaricomycetes	Auriculariales		Guepinia	Guepinia helvelloides		SPECIES	Guepinia helvelloides (DC.) Fr.	Guepinia helvelloides		CA		Québec	PRESENT		28eb1a3f-1c15-4a95-931a-4af90ecb574d	46.833643	-71.311982	15.0						2022-09-02	2	9	2022	8824388	8824388	HUMAN_OBSERVATION	iNaturalist	Observations	144421807		Christian Grenier	2022-12-15T15:31:57	CC_BY_NC_4_0	Christian Grenier	Christian Grenier			2025-01-14T13:22:48.475Z	StillImage	COORDINATE_ROUNDED;CONTINENT_DERIVED_FROM_COORDINATES;TAXON_MATCH_TAXON_ID_IGNORED
3994244588	50c9509d-22c7-4a22-a47d-8c48425ef4a7	https://www.inaturalist.org/observations/140120513	Fungi	Basidiomycota	Agaricomycetes	Auriculariales		Guepinia	Guepinia helvelloides		SPECIES	Guepinia helvelloides (DC.) Fr.	Guepinia helvelloides		CA		Ontario	PRESENT		28eb1a3f-1c15-4a95-931a-4af90ecb574d	45.280136	-75.937446	217.0						2022-09-03T18:08	3	9	2022	8824388	8824388	HUMAN_OBSERVATION	iNaturalist	Observations	140120513		Igor Khomenko	2022-12-08T05:08:56	CC_BY_NC_4_0	abieticola	abieticola			2025-01-14T13:26:10.697Z	StillImage	COORDINATE_ROUNDED;CONTINENT_DERIVED_FROM_COORDINATES;TAXON_MATCH_TAXON_ID_IGNORED
3994118579	50c9509d-22c7-4a22-a47d-8c48425ef4a7	https://www.inaturalist.org/observations/139681153	Fungi	Basidiomycota	Agaricomycetes	Auriculariales		Guepinia	Guepinia helvelloides		SPECIES	Guepinia helvelloides (DC.) Fr.	Guepinia helvelloides		CA		New Brunswick	PRESENT		28eb1a3f-1c15-4a95-931a-4af90ecb574d	45.431948	-65.948975	108.0						2022-10-22T17:59:57	22	10	2022	8824388	8824388	HUMAN_OBSERVATION	iNaturalist	Observations	139681153		earthdream	2022-10-22T22:10:27	CC_BY_NC_4_0	earthdream	earthdream			2025-01-14T12:32:48.392Z	StillImage	COORDINATE_ROUNDED;CONTINENT_DERIVED_FROM_COORDINATES;TAXON_MATCH_TAXON_ID_IGNORED
3947724875	50c9509d-22c7-4a22-a47d-8c48425ef4a7	https://www.inaturalist.org/observations/137164963	Fungi	Basidiomycota	Agaricomycetes	Auriculariales		Guepinia	Guepinia helvelloides		SPECIES	Guepinia helvelloides (DC.) Fr.	Guepinia helvelloides		CA		Québec	PRESENT		28eb1a3f-1c15-4a95-931a-4af90ecb574d	45.679027	-75.847898	24.0						2022-10-01T12:24:12	1	10	2022	8824388	8824388	HUMAN_OBSERVATION	iNaturalist	Observations	137164963		cinna_latifolia	2022-10-25T05:07:24	CC_BY_NC_4_0	Celine Perrier	Celine Perrier			2025-01-14T12:31:50.211Z	StillImage	COORDINATE_ROUNDED;CONTINENT_DERIVED_FROM_COORDINATES;TAXON_MATCH_TAXON_ID_IGNORED
3947149563	50c9509d-22c7-4a22-a47d-8c48425ef4a7	https://www.inaturalist.org/observations/139807060	Fungi	Basidiomycota	Agaricomycetes	Auriculariales		Guepinia	Guepinia helvelloides		SPECIES	Guepinia helvelloides (DC.) Fr.	Guepinia helvelloides		CA		Ontario	PRESENT		28eb1a3f-1c15-4a95-931a-4af90ecb574d	46.398363	-79.310462	578.0						2022-10-23T13:32	23	10	2022	8824388	8824388	HUMAN_OBSERVATION	iNaturalist	Observations	139807060		Brent Turcotte	2022-10-23T22:25:10	CC_BY_NC_4_0	Brent Turcotte	Brent Turcotte			2025-01-14T13:26:02.190Z	StillImage	COORDINATE_ROUNDED;CONTINENT_DERIVED_FROM_COORDINATES;TAXON_MATCH_TAXON_ID_IGNORED
3925425168	50c9509d-22c7-4a22-a47d-8c48425ef4a7	https://www.inaturalist.org/observations/137904860	Fungi	Basidiomycota	Agaricomycetes	Auriculariales		Guepinia	Guepinia helvelloides		SPECIES	Guepinia helvelloides (DC.) Fr.	Guepinia helvelloides		CA		Ontario	PRESENT		28eb1a3f-1c15-4a95-931a-4af90ecb574d	45.236476	-76.17228	447.0						2022-10-07T16:22	7	10	2022	8824388	8824388	HUMAN_OBSERVATION	iNaturalist	Observations	137904860		Denis Gallant	2022-10-07T21:21:22	CC_BY_NC_4_0	Denis Gallant	Denis Gallant			2025-01-14T13:25:49.167Z	StillImage	COORDINATE_ROUNDED;CONTINENT_DERIVED_FROM_COORDINATES;TAXON_MATCH_TAXON_ID_IGNORED
3925180300	50c9509d-22c7-4a22-a47d-8c48425ef4a7	https://www.inaturalist.org/observations/138045054	Fungi	Basidiomycota	Agaricomycetes	Auriculariales		Guepinia	Guepinia helvelloides		SPECIES	Guepinia helvelloides (DC.) Fr.	Guepinia helvelloides		CA		Ontario	PRESENT		28eb1a3f-1c15-4a95-931a-4af90ecb574d	45.196062	-75.049897	12.0						2022-10-08T11:01:45	8	10	2022	8824388	8824388	HUMAN_OBSERVATION	iNaturalist	Observations	138045054		Igor Khomenko	2022-10-08T22:46:20	CC_BY_NC_4_0	Igor Khomenko	Igor Khomenko			2025-01-14T12:31:52.038Z	StillImage	COORDINATE_ROUNDED;CONTINENT_DERIVED_FROM_COORDINATES;TAXON_MATCH_TAXON_ID_IGNORED
3923369587	50c9509d-22c7-4a22-a47d-8c48425ef4a7	https://www.inaturalist.org/observations/132196030	Fungi	Basidiomycota	Agaricomycetes	Auriculariales		Guepinia	Guepinia helvelloides		SPECIES	Guepinia helvelloides (DC.) Fr.	Guepinia helvelloides		CA		Québec	PRESENT		28eb1a3f-1c15-4a95-931a-4af90ecb574d	47.462742	-70.366387	8.0						2022-08-23T12:39:45	23	8	2022	8824388	8824388	HUMAN_OBSERVATION	iNaturalist	Observations	132196030		Igor Khomenko	2022-09-30T03:24:58	CC_BY_4_0	Marilyne Busque-Dubois	Marilyne Busque-Dubois			2025-01-14T13:25:21.404Z	StillImage	COORDINATE_ROUNDED;CONTINENT_DERIVED_FROM_COORDINATES;TAXON_MATCH_TAXON_ID_IGNORED
3923255048	50c9509d-22c7-4a22-a47d-8c48425ef4a7	https://www.inaturalist.org/observations/137047691	Fungi	Basidiomycota	Agaricomycetes	Auriculariales		Guepinia	Guepinia helvelloides		SPECIES	Guepinia helvelloides (DC.) Fr.	Guepinia helvelloides		CA		Ontario	PRESENT		28eb1a3f-1c15-4a95-931a-4af90ecb574d	45.347663	-75.565972	24.0						2022-09-30T13:29:58	30	9	2022	8824388	8824388	HUMAN_OBSERVATION	iNaturalist	Observations	137047691		Igor Khomenko	2022-09-30T17:31:07	CC_BY_NC_4_0	Igor Khomenko	Igor Khomenko			2025-01-14T12:34:07.530Z	StillImage	COORDINATE_ROUNDED;CONTINENT_DERIVED_FROM_COORDINATES;TAXON_MATCH_TAXON_ID_IGNORED
3915638320	50c9509d-22c7-4a22-a47d-8c48425ef4a7	https://www.inaturalist.org/observations/136181120	Fungi	Basidiomycota	Agaricomycetes	Auriculariales		Guepinia	Guepinia helvelloides		SPECIES	Guepinia helvelloides (DC.) Fr.	Guepinia helvelloides		CA		Ontario	PRESENT		28eb1a3f-1c15-4a95-931a-4af90ecb574d	45.311162	-75.812033	53.0						2022-09-23T13:42:09	23	9	2022	8824388	8824388	HUMAN_OBSERVATION	iNaturalist	Observations	136181120		Igor Khomenko	2022-09-23T17:43:49	CC_BY_NC_4_0	Igor Khomenko	Igor Khomenko			2025-01-14T12:34:02.182Z	StillImage	COORDINATE_ROUNDED;CONTINENT_DERIVED_FROM_COORDINATES;TAXON_MATCH_TAXON_ID_IGNORED
3903565570	50c9509d-22c7-4a22-a47d-8c48425ef4a7	https://www.inaturalist.org/observations/133101155	Fungi	Basidiomycota	Agaricomycetes	Auriculariales		Guepinia	Guepinia helvelloides		SPECIES	Guepinia helvelloides (DC.) Fr.	Guepinia helvelloides		CA		Québec	PRESENT		28eb1a3f-1c15-4a95-931a-4af90ecb574d	46.916844	-71.32135	18.0						2022-08-29T14:38:24	29	8	2022	8824388	8824388	HUMAN_OBSERVATION	iNaturalist	Observations	133101155		Camille Boucher	2022-08-31T17:20:24	CC_BY_NC_4_0	Camille Boucher	Camille Boucher			2025-01-14T12:31:22.462Z	StillImage	COORDINATE_ROUNDED;CONTINENT_DERIVED_FROM_COORDINATES;TAXON_MATCH_TAXON_ID_IGNORED
3903351079	50c9509d-22c7-4a22-a47d-8c48425ef4a7	https://www.inaturalist.org/observations/133897135	Fungi	Basidiomycota	Agaricomycetes	Auriculariales		Guepinia	Guepinia helvelloides		SPECIES	Guepinia helvelloides (DC.) Fr.	Guepinia helvelloides		CA		Québec	PRESENT		28eb1a3f-1c15-4a95-931a-4af90ecb574d	46.205822	-76.04113	9.0						2022-09-04T11:38:56	4	9	2022	8824388	8824388	HUMAN_OBSERVATION	iNaturalist	Observations	133897135		Kaitlyn	2022-09-06T11:14:12	CC_BY_NC_4_0	Kaitlyn	Kaitlyn			2025-01-14T12:31:47.181Z	StillImage	COORDINATE_ROUNDED;CONTINENT_DERIVED_FROM_COORDINATES;TAXON_MATCH_TAXON_ID_IGNORED
3903184534	50c9509d-22c7-4a22-a47d-8c48425ef4a7	https://www.inaturalist.org/observations/133124572	Fungi	Basidiomycota	Agaricomycetes	Auriculariales		Guepinia	Guepinia helvelloides		SPECIES	Guepinia helvelloides (DC.) Fr.	Guepinia helvelloides		CA		Ontario	PRESENT		28eb1a3f-1c15-4a95-931a-4af90ecb574d	45.500956	-76.944167							2022-08-31T16:00:38	31	8	2022	8824388	8824388	HUMAN_OBSERVATION	iNaturalist	Observations	133124572		steph_xyz	2022-08-31T20:25:29	CC_BY_NC_4_0	steph_xyz	steph_xyz			2025-01-14T12:32:17.927Z	StillImage	COORDINATE_ROUNDED;CONTINENT_DERIVED_FROM_COORDINATES;TAXON_MATCH_TAXON_ID_IGNORED
3892683846	50c9509d-22c7-4a22-a47d-8c48425ef4a7	https://www.inaturalist.org/observations/130534425	Fungi	Basidiomycota	Agaricomycetes	Auriculariales		Guepinia	Guepinia helvelloides		SPECIES	Guepinia helvelloides (DC.) Fr.	Guepinia helvelloides		CA		Ontario	PRESENT		28eb1a3f-1c15-4a95-931a-4af90ecb574d	45.208263	-76.008181	27190.0						2022-08-12T14:58:37	12	8	2022	8824388	8824388	HUMAN_OBSERVATION	iNaturalist	Observations	130534425		dolts_07	2022-08-12T19:13:38	CC_BY_NC_4_0	dolts_07	dolts_07			2025-01-14T12:33:13.374Z	StillImage	COORDINATE_ROUNDED;CONTINENT_DERIVED_FROM_COORDINATES;TAXON_MATCH_TAXON_ID_IGNORED
3892608829	50c9509d-22c7-4a22-a47d-8c48425ef4a7	https://www.inaturalist.org/observations/130583900	Fungi	Basidiomycota	Agaricomycetes	Auriculariales		Guepinia	Guepinia helvelloides		SPECIES	Guepinia helvelloides (DC.) Fr.	Guepinia helvelloides		CA		Ontario	PRESENT		28eb1a3f-1c15-4a95-931a-4af90ecb574d	45.059339	-75.817611	244.0						2022-08-12T13:14	12	8	2022	8824388	8824388	HUMAN_OBSERVATION	iNaturalist	Observations	130583900		Christopher Clute	2022-08-13T02:57:59	CC_BY_NC_4_0	Christopher Clute	Christopher Clute			2025-01-14T12:31:46.486Z	StillImage	COORDINATE_ROUNDED;CONTINENT_DERIVED_FROM_COORDINATES;TAXON_MATCH_TAXON_ID_IGNORED
3892352545	50c9509d-22c7-4a22-a47d-8c48425ef4a7	https://www.inaturalist.org/observations/130163804	Fungi	Basidiomycota	Agaricomycetes	Auriculariales		Guepinia	Guepinia helvelloides		SPECIES	Guepinia helvelloides (DC.) Fr.	Guepinia helvelloides		CA		Québec	PRESENT		28eb1a3f-1c15-4a95-931a-4af90ecb574d	45.916594	-72.013561	10.0						2022-08-09T14:27:52	9	8	2022	8824388	8824388	HUMAN_OBSERVATION	iNaturalist	Observations	130163804		willoughbyarevalo	2022-08-09T21:38:54	CC_BY_NC_4_0	willoughbyarevalo	willoughbyarevalo			2025-01-14T12:33:08.552Z	StillImage	COORDINATE_ROUNDED;CONTINENT_DERIVED_FROM_COORDINATES;TAXON_MATCH_TAXON_ID_IGNORED
3873405366	50c9509d-22c7-4a22-a47d-8c48425ef4a7	https://www.inaturalist.org/observations/127837775	Fungi	Basidiomycota	Agaricomycetes	Auriculariales		Guepinia	Guepinia helvelloides		SPECIES	Guepinia helvelloides (DC.) Fr.	Guepinia helvelloides		CA		New Brunswick	PRESENT		28eb1a3f-1c15-4a95-931a-4af90ecb574d	45.486317	-65.911606	46.0						2022-07-23T10:20	23	7	2022	8824388	8824388	HUMAN_OBSERVATION	iNaturalist	Observations	127837775		Alfredo Justo	2022-07-25T13:36:39	CC_BY_NC_4_0	Alfredo Justo	Alfredo Justo			2025-01-14T13:23:25.493Z	StillImage	COORDINATE_ROUNDED;CONTINENT_DERIVED_FROM_COORDINATES;TAXON_MATCH_TAXON_ID_IGNORED
3759569808	50c9509d-22c7-4a22-a47d-8c48425ef4a7	https://www.inaturalist.org/observations/111304606	Fungi	Basidiomycota	Agaricomycetes	Auriculariales		Guepinia	Guepinia helvelloides		SPECIES	Guepinia helvelloides (DC.) Fr.	Guepinia helvelloides		CA		Ontario	PRESENT		28eb1a3f-1c15-4a95-931a-4af90ecb574d	45.286784	-75.830026	5.0						2021-11-06T13:30:52	6	11	2021	8824388	8824388	HUMAN_OBSERVATION	iNaturalist	Observations	111304606		carolynseburn	2022-04-13T13:57:07	CC_BY_NC_4_0	carolynseburn	carolynseburn			2025-01-14T13:12:21.859Z	StillImage	COORDINATE_ROUNDED;CONTINENT_DERIVED_FROM_COORDINATES;TAXON_MATCH_TAXON_ID_IGNORED
3456307661	50c9509d-22c7-4a22-a47d-8c48425ef4a7	https://www.inaturalist.org/observations/100529410	Fungi	Basidiomycota	Agaricomycetes	Auriculariales		Guepinia	Guepinia helvelloides		SPECIES	Guepinia helvelloides (DC.) Fr.	Guepinia helvelloides		CA		Ontario	PRESENT		28eb1a3f-1c15-4a95-931a-4af90ecb574d	45.284347	-75.826865	9.0						2021-11-07T15:40:21	7	11	2021	8824388	8824388	HUMAN_OBSERVATION	iNaturalist	Observations	100529410		Igor Khomenko	2021-12-17T18:50:32	CC_BY_NC_4_0	JQtheFETT	JQtheFETT			2025-01-14T12:23:36.484Z	StillImage	COORDINATE_ROUNDED;CONTINENT_DERIVED_FROM_COORDINATES;TAXON_MATCH_TAXON_ID_IGNORED
3415932160	50c9509d-22c7-4a22-a47d-8c48425ef4a7	https://www.inaturalist.org/observations/100500703	Fungi	Basidiomycota	Agaricomycetes	Auriculariales		Guepinia	Guepinia helvelloides		SPECIES	Guepinia helvelloides (DC.) Fr.	Guepinia helvelloides		CA		Ontario	PRESENT		28eb1a3f-1c15-4a95-931a-4af90ecb574d	45.284027	-75.826654	22.0						2021-11-07T10:52:42	7	11	2021	8824388	8824388	HUMAN_OBSERVATION	iNaturalist	Observations	100500703		cattie	2021-11-07T15:55:38	CC_BY_NC_4_0	cattie	cattie			2025-01-14T12:23:16.608Z	StillImage	COORDINATE_ROUNDED;CONTINENT_DERIVED_FROM_COORDINATES;TAXON_MATCH_TAXON_ID_IGNORED
3415912159	50c9509d-22c7-4a22-a47d-8c48425ef4a7	https://www.inaturalist.org/observations/100443796	Fungi	Basidiomycota	Agaricomycetes	Auriculariales		Guepinia	Guepinia helvelloides		SPECIES	Guepinia helvelloides (DC.) Fr.	Guepinia helvelloides		CA		Ontario	PRESENT		28eb1a3f-1c15-4a95-931a-4af90ecb574d	45.284283	-75.826753	4.0						2021-11-06T11:44:58	6	11	2021	8824388	8824388	HUMAN_OBSERVATION	iNaturalist	Observations	100443796		Garrett Taylor	2021-11-07T00:51:54	CC_BY_NC_4_0	Derek Dunnett	Derek Dunnett			2025-01-14T12:23:19.767Z	StillImage	COORDINATE_ROUNDED;CONTINENT_DERIVED_FROM_COORDINATES;TAXON_MATCH_TAXON_ID_IGNORED
3415703029	50c9509d-22c7-4a22-a47d-8c48425ef4a7	https://www.inaturalist.org/observations/101647805	Fungi	Basidiomycota	Agaricomycetes	Auriculariales		Guepinia	Guepinia helvelloides		SPECIES	Guepinia helvelloides (DC.) Fr.	Guepinia helvelloides		CA		Ontario	PRESENT		28eb1a3f-1c15-4a95-931a-4af90ecb574d	45.462102	-76.39226	122.0						2021-11-20T11:42	20	11	2021	8824388	8824388	HUMAN_OBSERVATION	iNaturalist	Observations	101647805		gillies	2021-11-21T20:22:27	CC_BY_NC_4_0	gillies	gillies			2025-01-14T12:22:57.205Z	StillImage	COORDINATE_ROUNDED;CONTINENT_DERIVED_FROM_COORDINATES;TAXON_MATCH_TAXON_ID_IGNORED
3415689142	50c9509d-22c7-4a22-a47d-8c48425ef4a7	https://www.inaturalist.org/observations/101647807	Fungi	Basidiomycota	Agaricomycetes	Auriculariales		Guepinia	Guepinia helvelloides		SPECIES	Guepinia helvelloides (DC.) Fr.	Guepinia helvelloides		CA		Ontario	PRESENT		28eb1a3f-1c15-4a95-931a-4af90ecb574d	45.462024	-76.39227	15.0						2021-11-19T11:11	19	11	2021	8824388	8824388	HUMAN_OBSERVATION	iNaturalist	Observations	101647807		gillies	2021-11-21T20:22:28	CC_BY_NC_4_0	gillies	gillies			2025-01-14T12:23:20.606Z	StillImage	COORDINATE_ROUNDED;CONTINENT_DERIVED_FROM_COORDINATES;TAXON_MATCH_TAXON_ID_IGNORED
3408007642	50c9509d-22c7-4a22-a47d-8c48425ef4a7	https://www.inaturalist.org/observations/99595168	Fungi	Basidiomycota	Agaricomycetes	Auriculariales		Guepinia	Guepinia helvelloides		SPECIES	Guepinia helvelloides (DC.) Fr.	Guepinia helvelloides		CA		Ontario	PRESENT		28eb1a3f-1c15-4a95-931a-4af90ecb574d	45.236933	-77.027786	9.0						2021-10-23T13:50:39	23	10	2021	8824388	8824388	HUMAN_OBSERVATION	iNaturalist	Observations	99595168		Amanda Savoie	2021-10-28T01:53:55	CC_BY_NC_4_0	Amanda Savoie	Amanda Savoie			2025-01-14T12:23:10.087Z	StillImage	COORDINATE_ROUNDED;CONTINENT_DERIVED_FROM_COORDINATES;TAXON_MATCH_TAXON_ID_IGNORED
3407992004	50c9509d-22c7-4a22-a47d-8c48425ef4a7	https://www.inaturalist.org/observations/99990682	Fungi	Basidiomycota	Agaricomycetes	Auriculariales		Guepinia	Guepinia helvelloides		SPECIES	Guepinia helvelloides (DC.) Fr.	Guepinia helvelloides		CA		Ontario	PRESENT		28eb1a3f-1c15-4a95-931a-4af90ecb574d	45.281616	-75.831965	38.0						2021-11-01T11:34:09	1	11	2021	8824388	8824388	HUMAN_OBSERVATION	iNaturalist	Observations	99990682		greentinad	2021-11-01T17:24:34	CC_BY_NC_4_0	greentinad	greentinad			2025-01-14T13:16:23.454Z	StillImage	COORDINATE_ROUNDED;CONTINENT_DERIVED_FROM_COORDINATES;TAXON_MATCH_TAXON_ID_IGNORED
3399157223	50c9509d-22c7-4a22-a47d-8c48425ef4a7	https://www.inaturalist.org/observations/98443119	Fungi	Basidiomycota	Agaricomycetes	Auriculariales		Guepinia	Guepinia helvelloides		SPECIES	Guepinia helvelloides (DC.) Fr.	Guepinia helvelloides		CA		Ontario	PRESENT		28eb1a3f-1c15-4a95-931a-4af90ecb574d	45.397377	-75.544744	1588.0						2021-10-10T13:54	10	10	2021	8824388	8824388	HUMAN_OBSERVATION	iNaturalist	Observations	98443119		Danielle Bootsma-Ungar	2021-10-17T01:15:08	CC_BY_NC_4_0	Danielle Bootsma-Ungar	Danielle Bootsma-Ungar			2025-01-14T12:23:03.030Z	StillImage	COORDINATE_ROUNDED;CONTINENT_DERIVED_FROM_COORDINATES;TAXON_MATCH_TAXON_ID_IGNORED
3399050012	50c9509d-22c7-4a22-a47d-8c48425ef4a7	https://www.inaturalist.org/observations/98227607	Fungi	Basidiomycota	Agaricomycetes	Auriculariales		Guepinia	Guepinia helvelloides		SPECIES	Guepinia helvelloides (DC.) Fr.	Guepinia helvelloides		CA		Ontario	PRESENT		28eb1a3f-1c15-4a95-931a-4af90ecb574d	45.286761	-75.829975							2021-10-14T14:36	14	10	2021	8824388	8824388	HUMAN_OBSERVATION	iNaturalist	Observations	98227607		Amanda	2021-10-17T18:45:18	CC_BY_NC_4_0	barb2020	barb2020			2025-01-14T13:25:15.272Z	StillImage	COORDINATE_ROUNDED;CONTINENT_DERIVED_FROM_COORDINATES;TAXON_MATCH_TAXON_ID_IGNORED
3399028874	50c9509d-22c7-4a22-a47d-8c48425ef4a7	https://www.inaturalist.org/observations/97682831	Fungi	Basidiomycota	Agaricomycetes	Auriculariales		Guepinia	Guepinia helvelloides		SPECIES	Guepinia helvelloides (DC.) Fr.	Guepinia helvelloides		CA		Québec	PRESENT		28eb1a3f-1c15-4a95-931a-4af90ecb574d	48.432175	-68.54911	65.0						2021-10-09T15:22:26	9	10	2021	8824388	8824388	HUMAN_OBSERVATION	iNaturalist	Observations	97682831		Andrée Bourassa	2021-10-09T19:22:57	CC_BY_NC_4_0	Andrée Bourassa	Andrée Bourassa			2025-01-14T13:14:32.520Z	StillImage	COORDINATE_ROUNDED;CONTINENT_DERIVED_FROM_COORDINATES;TAXON_MATCH_TAXON_ID_IGNORED
3399001099	50c9509d-22c7-4a22-a47d-8c48425ef4a7	https://www.inaturalist.org/observations/99298298	Fungi	Basidiomycota	Agaricomycetes	Auriculariales		Guepinia	Guepinia helvelloides		SPECIES	Guepinia helvelloides (DC.) Fr.	Guepinia helvelloides		CA		Ontario	PRESENT		28eb1a3f-1c15-4a95-931a-4af90ecb574d	45.196583	-75.050392	5.0						2021-10-24T16:00:54	24	10	2021	8824388	8824388	HUMAN_OBSERVATION	iNaturalist	Observations	99298298		Lynn Ovenden	2021-10-25T02:17:10	CC_BY_NC_4_0	Lynn Ovenden	Lynn Ovenden			2025-01-14T12:22:14.726Z	StillImage	COORDINATE_ROUNDED;CONTINENT_DERIVED_FROM_COORDINATES;TAXON_MATCH_TAXON_ID_IGNORED
3398912982	50c9509d-22c7-4a22-a47d-8c48425ef4a7	https://www.inaturalist.org/observations/99217955	Fungi	Basidiomycota	Agaricomycetes	Auriculariales		Guepinia	Guepinia helvelloides		SPECIES	Guepinia helvelloides (DC.) Fr.	Guepinia helvelloides		CA		Ontario	PRESENT		28eb1a3f-1c15-4a95-931a-4af90ecb574d	45.020199	-76.36641	6314.0						2021-09-19T11:48:18	19	9	2021	8824388	8824388	HUMAN_OBSERVATION	iNaturalist	Observations	99217955		mcogg85	2021-10-27T16:27:42	CC_BY_NC_4_0	mcogg85	mcogg85			2025-01-14T13:16:05.003Z	StillImage	COORDINATE_ROUNDED;CONTINENT_DERIVED_FROM_COORDINATES;TAXON_MATCH_TAXON_ID_IGNORED
3398752901	50c9509d-22c7-4a22-a47d-8c48425ef4a7	https://www.inaturalist.org/observations/97190978	Fungi	Basidiomycota	Agaricomycetes	Auriculariales		Guepinia	Guepinia helvelloides		SPECIES	Guepinia helvelloides (DC.) Fr.	Guepinia helvelloides		CA		Ontario	PRESENT		28eb1a3f-1c15-4a95-931a-4af90ecb574d	45.063495	-76.393249	8.0						2021-10-04T15:56:40	4	10	2021	8824388	8824388	HUMAN_OBSERVATION	iNaturalist	Observations	97190978		else	2021-10-20T19:48:05	CC_BY_NC_4_0	Janet Dagenais Rockburn	Janet Dagenais Rockburn			2025-01-14T12:22:32.129Z	StillImage	COORDINATE_ROUNDED;CONTINENT_DERIVED_FROM_COORDINATES;TAXON_MATCH_TAXON_ID_IGNORED
3398716956	50c9509d-22c7-4a22-a47d-8c48425ef4a7	https://www.inaturalist.org/observations/98227520	Fungi	Basidiomycota	Agaricomycetes	Auriculariales		Guepinia	Guepinia helvelloides		SPECIES	Guepinia helvelloides (DC.) Fr.	Guepinia helvelloides		CA		Ontario	PRESENT		28eb1a3f-1c15-4a95-931a-4af90ecb574d	45.285075	-75.826842							2021-10-14T14:28:49	14	10	2021	8824388	8824388	HUMAN_OBSERVATION	iNaturalist	Observations	98227520		Amanda	2021-10-17T18:45:28	CC_BY_NC_4_0	barb2020	barb2020			2025-01-14T13:11:46.228Z	StillImage	COORDINATE_ROUNDED;CONTINENT_DERIVED_FROM_COORDINATES;TAXON_MATCH_TAXON_ID_IGNORED
3398643975	50c9509d-22c7-4a22-a47d-8c48425ef4a7	https://www.inaturalist.org/observations/98163441	Fungi	Basidiomycota	Agaricomycetes	Auriculariales		Guepinia	Guepinia helvelloides		SPECIES	Guepinia helvelloides (DC.) Fr.	Guepinia helvelloides		CA		Québec	PRESENT		28eb1a3f-1c15-4a95-931a-4af90ecb574d	45.484322	-75.736614							2021-10-13T17:36	13	10	2021	8824388	8824388	HUMAN_OBSERVATION	iNaturalist	Observations	98163441		S Boisvert	2021-10-14T02:28:19	CC_BY_4_0	S Boisvert	S Boisvert			2025-01-14T12:22:21.540Z	StillImage	COORDINATE_ROUNDED;CONTINENT_DERIVED_FROM_COORDINATES;TAXON_MATCH_TAXON_ID_IGNORED
3384985244	50c9509d-22c7-4a22-a47d-8c48425ef4a7	https://www.inaturalist.org/observations/95108065	Fungi	Basidiomycota	Agaricomycetes	Auriculariales		Guepinia	Guepinia helvelloides		SPECIES	Guepinia helvelloides (DC.) Fr.	Guepinia helvelloides		CA		Ontario	PRESENT		28eb1a3f-1c15-4a95-931a-4af90ecb574d	45.112953	-75.861382							2021-09-16T18:06:10	16	9	2021	8824388	8824388	HUMAN_OBSERVATION	iNaturalist	Observations	95108065		Alexis Williams	2021-09-17T02:53:03	CC_BY_4_0	Alexis Williams	Alexis Williams			2025-01-14T13:10:43.611Z	StillImage	COORDINATE_ROUNDED;CONTINENT_DERIVED_FROM_COORDINATES;TAXON_MATCH_TAXON_ID_IGNORED
3384746602	50c9509d-22c7-4a22-a47d-8c48425ef4a7	https://www.inaturalist.org/observations/96587696	Fungi	Basidiomycota	Agaricomycetes	Auriculariales		Guepinia	Guepinia helvelloides		SPECIES	Guepinia helvelloides (DC.) Fr.	Guepinia helvelloides		CA		Ontario	PRESENT		28eb1a3f-1c15-4a95-931a-4af90ecb574d	45.304722	-75.891212	8.0						2021-09-29T11:42:22	29	9	2021	8824388	8824388	HUMAN_OBSERVATION	iNaturalist	Observations	96587696		emdaniels	2021-09-29T15:43:32	CC_BY_NC_4_0	emdaniels	emdaniels			2025-01-14T13:15:27.264Z	StillImage	COORDINATE_ROUNDED;CONTINENT_DERIVED_FROM_COORDINATES;TAXON_MATCH_TAXON_ID_IGNORED
3384725110	50c9509d-22c7-4a22-a47d-8c48425ef4a7	https://www.inaturalist.org/observations/95004640	Fungi	Basidiomycota	Agaricomycetes	Auriculariales		Guepinia	Guepinia helvelloides		SPECIES	Guepinia helvelloides (DC.) Fr.	Guepinia helvelloides		CA		Québec	PRESENT		28eb1a3f-1c15-4a95-931a-4af90ecb574d	45.402867	-75.787637	34.0						2021-09-15T13:54:46	15	9	2021	8824388	8824388	HUMAN_OBSERVATION	iNaturalist	Observations	95004640		Jamie Spence	2021-09-16T04:17:36	CC_BY_NC_4_0	Jamie Spence	Jamie Spence			2025-01-14T13:15:36.922Z	StillImage	COORDINATE_ROUNDED;CONTINENT_DERIVED_FROM_COORDINATES;TAXON_MATCH_TAXON_ID_IGNORED
3384567463	50c9509d-22c7-4a22-a47d-8c48425ef4a7	https://www.inaturalist.org/observations/97236902	Fungi	Basidiomycota	Agaricomycetes	Auriculariales		Guepinia	Guepinia helvelloides		SPECIES	Guepinia helvelloides (DC.) Fr.	Guepinia helvelloides		CA		Ontario	PRESENT		28eb1a3f-1c15-4a95-931a-4af90ecb574d	45.200028	-75.97918	8.0						2021-10-04T16:12:08	4	10	2021	8824388	8824388	HUMAN_OBSERVATION	iNaturalist	Observations	97236902		Keith Seifert	2021-10-05T12:30:30	CC0_1_0	Keith Seifert	Keith Seifert			2025-01-14T13:26:11.166Z	StillImage	COORDINATE_ROUNDED;CONTINENT_DERIVED_FROM_COORDINATES;TAXON_MATCH_TAXON_ID_IGNORED
3384413545	50c9509d-22c7-4a22-a47d-8c48425ef4a7	https://www.inaturalist.org/observations/58902493	Fungi	Basidiomycota	Agaricomycetes	Auriculariales		Guepinia	Guepinia helvelloides		SPECIES	Guepinia helvelloides (DC.) Fr.	Guepinia helvelloides		CA		Québec	PRESENT		28eb1a3f-1c15-4a95-931a-4af90ecb574d	46.20582	-76.041139	4.0						2020-09-07T14:56:15	7	9	2020	8824388	8824388	HUMAN_OBSERVATION	iNaturalist	Observations	58902493		else	2020-10-09T22:53:15	CC_BY_NC_4_0	Kaitlyn	Kaitlyn			2025-01-14T12:14:43.275Z	StillImage	COORDINATE_ROUNDED;CONTINENT_DERIVED_FROM_COORDINATES;TAXON_MATCH_TAXON_ID_IGNORED
3384399245	50c9509d-22c7-4a22-a47d-8c48425ef4a7	https://www.inaturalist.org/observations/97139428	Fungi	Basidiomycota	Agaricomycetes	Auriculariales		Guepinia	Guepinia helvelloides		SPECIES	Guepinia helvelloides (DC.) Fr.	Guepinia helvelloides		CA		Ontario	PRESENT		28eb1a3f-1c15-4a95-931a-4af90ecb574d	45.116944	-75.648889							2021-10-03T15:32	3	10	2021	8824388	8824388	HUMAN_OBSERVATION	iNaturalist	Observations	97139428		Pieter Leenhouts	2021-10-04T13:20:34	CC_BY_NC_4_0	Pieter Leenhouts	Pieter Leenhouts			2025-01-14T13:15:27.846Z	StillImage	COORDINATE_ROUNDED;CONTINENT_DERIVED_FROM_COORDINATES;TAXON_MATCH_TAXON_ID_IGNORED
3384082141	50c9509d-22c7-4a22-a47d-8c48425ef4a7	https://www.inaturalist.org/observations/95067335	Fungi	Basidiomycota	Agaricomycetes	Auriculariales		Guepinia	Guepinia helvelloides		SPECIES	Guepinia helvelloides (DC.) Fr.	Guepinia helvelloides		CA		Québec	PRESENT		28eb1a3f-1c15-4a95-931a-4af90ecb574d	45.04812	-73.417373	152.0						2021-09-16T15:19:05	16	9	2021	8824388	8824388	HUMAN_OBSERVATION	iNaturalist	Observations	95067335		cinna_latifolia	2021-10-06T19:54:13	CC_BY_NC_4_0	mc_joncas	mc_joncas			2025-01-14T13:11:51.674Z	StillImage	COORDINATE_ROUNDED;CONTINENT_DERIVED_FROM_COORDINATES;TAXON_MATCH_TAXON_ID_IGNORED
3383991400	50c9509d-22c7-4a22-a47d-8c48425ef4a7	https://www.inaturalist.org/observations/94375239	Fungi	Basidiomycota	Agaricomycetes	Auriculariales		Guepinia	Guepinia helvelloides		SPECIES	Guepinia helvelloides (DC.) Fr.	Guepinia helvelloides		CA		Ontario	PRESENT		28eb1a3f-1c15-4a95-931a-4af90ecb574d	45.064187	-75.82931	499.0						2021-09-10T14:14:25	10	9	2021	8824388	8824388	HUMAN_OBSERVATION	iNaturalist	Observations	94375239		Igor Khomenko	2021-09-10T22:16:19	CC_BY_NC_4_0	Igor Khomenko	Igor Khomenko			2025-01-14T13:15:29.161Z	StillImage	CONTINENT_DERIVED_FROM_COORDINATES;TAXON_MATCH_TAXON_ID_IGNORED
3383987111	50c9509d-22c7-4a22-a47d-8c48425ef4a7	https://www.inaturalist.org/observations/95000706	Fungi	Basidiomycota	Agaricomycetes	Auriculariales		Guepinia	Guepinia helvelloides		SPECIES	Guepinia helvelloides (DC.) Fr.	Guepinia helvelloides		CA		Ontario	PRESENT		28eb1a3f-1c15-4a95-931a-4af90ecb574d	45.117207	-75.868835	61.0						2021-09-15T18:45:13	15	9	2021	8824388	8824388	HUMAN_OBSERVATION	iNaturalist	Observations	95000706		Alexis Williams	2021-09-16T03:18:45	CC_BY_4_0	Alexis Williams	Alexis Williams			2025-01-14T12:24:25.783Z	StillImage	COORDINATE_ROUNDED;CONTINENT_DERIVED_FROM_COORDINATES;TAXON_MATCH_TAXON_ID_IGNORED
3383869532	50c9509d-22c7-4a22-a47d-8c48425ef4a7	https://www.inaturalist.org/observations/59246804	Fungi	Basidiomycota	Agaricomycetes	Auriculariales		Guepinia	Guepinia helvelloides		SPECIES	Guepinia helvelloides (DC.) Fr.	Guepinia helvelloides		CA		Québec	PRESENT		28eb1a3f-1c15-4a95-931a-4af90ecb574d	48.560695	-71.658142	6.0						2020-09-11T15:22:33	11	9	2020	8824388	8824388	HUMAN_OBSERVATION	iNaturalist	Observations	59246804		else	2020-10-09T22:50:18	CC_BY_NC_4_0	fagnard	fagnard			2025-01-14T12:15:37.370Z	StillImage	COORDINATE_ROUNDED;CONTINENT_DERIVED_FROM_COORDINATES;TAXON_MATCH_TAXON_ID_IGNORED
3355571133	50c9509d-22c7-4a22-a47d-8c48425ef4a7	https://www.inaturalist.org/observations/93898005	Fungi	Basidiomycota	Agaricomycetes	Auriculariales		Guepinia	Guepinia helvelloides		SPECIES	Guepinia helvelloides (DC.) Fr.	Guepinia helvelloides		CA		Nova Scotia	PRESENT		28eb1a3f-1c15-4a95-931a-4af90ecb574d	45.026407	-64.120098	50.0						2021-09-05T12:48	5	9	2021	8824388	8824388	HUMAN_OBSERVATION	iNaturalist	Observations	93898005		rvandommelen	2021-09-06T19:15:54	CC_BY_NC_4_0	rvandommelen	rvandommelen			2025-01-14T13:23:34.427Z	StillImage	COORDINATE_ROUNDED;CONTINENT_DERIVED_FROM_COORDINATES;TAXON_MATCH_TAXON_ID_IGNORED
3349344303	d8cd16ba-bb74-4420-821e-083f2bac17c2	MN992396	Fungi	Basidiomycota	Agaricomycetes	Auriculariales		Guepinia	Guepinia helvelloides		SPECIES	Guepinia helvelloides (DC.) Fr.	Guepinia helvelloides		CA	Quebec, Anticosti		PRESENT		ada9d123-ddb4-467d-8891-806ea8d94230	49.85	-64.43							2015-09-08	8	9	2015	8824388	8824388	PRESERVED_SPECIMEN			ANT136				CC_BY_4_0					2025-01-18T13:04:48.536Z		GEODETIC_DATUM_ASSUMED_WGS84;CONTINENT_DERIVED_FROM_COORDINATES;TAXON_MATCH_TAXON_CONCEPT_ID_IGNORED;TAXON_MATCH_TAXON_ID_IGNORED
3349299288	d8cd16ba-bb74-4420-821e-083f2bac17c2	MN992395	Fungi	Basidiomycota	Agaricomycetes	Auriculariales		Guepinia	Guepinia helvelloides		SPECIES	Guepinia helvelloides (DC.) Fr.	Guepinia helvelloides		CA	Quebec, Anticosti		PRESENT		ada9d123-ddb4-467d-8891-806ea8d94230	49.9	-64.4							2015-09-09	9	9	2015	8824388	8824388	PRESERVED_SPECIMEN			ANT210-QFB28674		Pauline Dube		CC_BY_4_0		Paul, A.			2025-01-18T13:04:48.263Z		GEODETIC_DATUM_ASSUMED_WGS84;CONTINENT_DERIVED_FROM_COORDINATES;TAXON_MATCH_TAXON_CONCEPT_ID_IGNORED;TAXON_MATCH_TAXON_ID_IGNORED
3335322962	50c9509d-22c7-4a22-a47d-8c48425ef4a7	https://www.inaturalist.org/observations/89427823	Fungi	Basidiomycota	Agaricomycetes	Auriculariales		Guepinia	Guepinia helvelloides		SPECIES	Guepinia helvelloides (DC.) Fr.	Guepinia helvelloides		CA		Ontario	PRESENT		28eb1a3f-1c15-4a95-931a-4af90ecb574d	45.563433	-75.0569	6.0						2021-07-31T15:26:44	31	7	2021	8824388	8824388	HUMAN_OBSERVATION	iNaturalist	Observations	89427823		Suzanne Bohay	2021-08-01T03:09:54	CC_BY_NC_4_0	Suzanne Bohay	Suzanne Bohay			2025-01-14T12:20:13.540Z	StillImage	COORDINATE_ROUNDED;CONTINENT_DERIVED_FROM_COORDINATES;TAXON_MATCH_TAXON_ID_IGNORED
3335270567	50c9509d-22c7-4a22-a47d-8c48425ef4a7	https://www.inaturalist.org/observations/90027877	Fungi	Basidiomycota	Agaricomycetes	Auriculariales		Guepinia	Guepinia helvelloides		SPECIES	Guepinia helvelloides (DC.) Fr.	Guepinia helvelloides		CA		Ontario	PRESENT		28eb1a3f-1c15-4a95-931a-4af90ecb574d	45.026412	-79.312043	13.0						2021-08-05T10:09:46	5	8	2021	8824388	8824388	HUMAN_OBSERVATION	iNaturalist	Observations	90027877		drgoodyear	2021-08-05T14:11:07	CC_BY_NC_4_0	drgoodyear	drgoodyear			2025-01-14T12:20:36.743Z	StillImage	COORDINATE_ROUNDED;CONTINENT_DERIVED_FROM_COORDINATES;TAXON_MATCH_TAXON_ID_IGNORED
3079509675	50c9509d-22c7-4a22-a47d-8c48425ef4a7	https://www.inaturalist.org/observations/34324509	Fungi	Basidiomycota	Agaricomycetes	Auriculariales		Guepinia	Guepinia helvelloides		SPECIES	Guepinia helvelloides (DC.) Fr.	Guepinia helvelloides		CA		Ontario	PRESENT		28eb1a3f-1c15-4a95-931a-4af90ecb574d	45.286731	-75.827911	48.0						2019-10-13T15:00	13	10	2019	8824388	8824388	HUMAN_OBSERVATION	iNaturalist	Observations	34324509		Igor Khomenko	2019-10-13T21:07:52	CC_BY_NC_4_0	Igor Khomenko	Igor Khomenko			2025-01-14T12:09:36.072Z	StillImage	COORDINATE_ROUNDED;CONTINENT_DERIVED_FROM_COORDINATES;TAXON_MATCH_TAXON_ID_IGNORED
3070569420	50c9509d-22c7-4a22-a47d-8c48425ef4a7	https://www.inaturalist.org/observations/8571493	Fungi	Basidiomycota	Agaricomycetes	Auriculariales		Guepinia	Guepinia helvelloides		SPECIES	Guepinia helvelloides (DC.) Fr.	Guepinia helvelloides		CA		Ontario	PRESENT		28eb1a3f-1c15-4a95-931a-4af90ecb574d	45.197277	-75.050663	181.0						2014-09-20T13:45	20	9	2014	8824388	8824388	HUMAN_OBSERVATION	iNaturalist	Observations	8571493		christine123	2017-10-27T02:22:48	CC_BY_4_0	christine123	christine123			2025-01-14T12:04:02.395Z	StillImage	COORDINATE_ROUNDED;CONTINENT_DERIVED_FROM_COORDINATES;TAXON_MATCH_TAXON_ID_IGNORED
3070265431	50c9509d-22c7-4a22-a47d-8c48425ef4a7	https://www.inaturalist.org/observations/8571192	Fungi	Basidiomycota	Agaricomycetes	Auriculariales		Guepinia	Guepinia helvelloides		SPECIES	Guepinia helvelloides (DC.) Fr.	Guepinia helvelloides		CA		Ontario	PRESENT		28eb1a3f-1c15-4a95-931a-4af90ecb574d	45.0976	-75.85387	473.0						2008-08-04T12:20	4	8	2008	8824388	8824388	HUMAN_OBSERVATION	iNaturalist	Observations	8571192		Peter Vahlberg	2017-10-27T02:07:35	CC_BY_4_0	christine123	christine123			2025-01-14T12:04:03.531Z	StillImage	COORDINATE_ROUNDED;CONTINENT_DERIVED_FROM_COORDINATES;TAXON_MATCH_TAXON_ID_IGNORED
3031958994	50c9509d-22c7-4a22-a47d-8c48425ef4a7	https://www.inaturalist.org/observations/63637635	Fungi	Basidiomycota	Agaricomycetes	Auriculariales		Guepinia	Guepinia helvelloides		SPECIES	Guepinia helvelloides (DC.) Fr.	Guepinia helvelloides		CA		Ontario	PRESENT		28eb1a3f-1c15-4a95-931a-4af90ecb574d	45.219801	-79.079874	5263.0						2020-08-24T09:34:31	24	8	2020	8824388	8824388	HUMAN_OBSERVATION	iNaturalist	Observations	63637635		Ben	2021-01-24T19:52:15	CC_BY_NC_4_0	nature_with_krista	nature_with_krista			2025-01-14T12:15:41.320Z	StillImage	COORDINATE_ROUNDED;CONTINENT_DERIVED_FROM_COORDINATES;TAXON_MATCH_TAXON_ID_IGNORED
3031659512	50c9509d-22c7-4a22-a47d-8c48425ef4a7	https://www.inaturalist.org/observations/32474980	Fungi	Basidiomycota	Agaricomycetes	Auriculariales		Guepinia	Guepinia helvelloides		SPECIES	Guepinia helvelloides (DC.) Fr.	Guepinia helvelloides		CA		New Brunswick	PRESENT		28eb1a3f-1c15-4a95-931a-4af90ecb574d	47.963696	-66.93796	14.0						2019-09-09T11:42:58	9	9	2019	8824388	8824388	HUMAN_OBSERVATION	iNaturalist	Observations	32474980		Ben	2020-07-04T19:56:45	CC_BY_NC_4_0	lotilito	lotilito			2025-01-14T12:10:30.768Z	StillImage	COORDINATE_ROUNDED;CONTINENT_DERIVED_FROM_COORDINATES;TAXON_MATCH_TAXON_ID_IGNORED
2999178772	50c9509d-22c7-4a22-a47d-8c48425ef4a7	https://www.inaturalist.org/observations/66173760	Fungi	Basidiomycota	Agaricomycetes	Auriculariales		Guepinia	Guepinia helvelloides		SPECIES	Guepinia helvelloides (DC.) Fr.	Guepinia helvelloides		CA		Ontario	PRESENT		28eb1a3f-1c15-4a95-931a-4af90ecb574d	45.283147	-75.820053	11.0						2020-09-02T13:33:40	2	9	2020	8824388	8824388	HUMAN_OBSERVATION	iNaturalist	Observations	66173760		sharkgrl2000	2020-12-06T04:50:36	CC_BY_NC_4_0	sharkgrl2000	sharkgrl2000			2025-01-14T12:15:41.536Z	StillImage	COORDINATE_ROUNDED;CONTINENT_DERIVED_FROM_COORDINATES;TAXON_MATCH_TAXON_ID_IGNORED
2988291465	50c9509d-22c7-4a22-a47d-8c48425ef4a7	https://www.inaturalist.org/observations/41356783	Fungi	Basidiomycota	Agaricomycetes	Auriculariales		Guepinia	Guepinia helvelloides		SPECIES	Guepinia helvelloides (DC.) Fr.	Guepinia helvelloides		CA		Québec	PRESENT		28eb1a3f-1c15-4a95-931a-4af90ecb574d	46.832927	-71.339615	15.0						2012-09-02	2	9	2012	8824388	8824388	HUMAN_OBSERVATION	iNaturalist	Observations	41356783		Christian Grenier	2020-04-04T12:17:24	CC_BY_NC_4_0	Christian Grenier	Christian Grenier			2025-01-14T13:00:30.279Z	StillImage	COORDINATE_ROUNDED;CONTINENT_DERIVED_FROM_COORDINATES;TAXON_MATCH_TAXON_ID_IGNORED
2963866619	50c9509d-22c7-4a22-a47d-8c48425ef4a7	https://www.inaturalist.org/observations/63347108	Fungi	Basidiomycota	Agaricomycetes	Auriculariales		Guepinia	Guepinia helvelloides		SPECIES	Guepinia helvelloides (DC.) Fr.	Guepinia helvelloides		CA		Ontario	PRESENT		28eb1a3f-1c15-4a95-931a-4af90ecb574d	45.286086	-75.82422	10.0						2020-10-23T13:52:42	23	10	2020	8824388	8824388	HUMAN_OBSERVATION	iNaturalist	Observations	63347108		davidseburn	2020-10-23T21:53:16	CC_BY_NC_4_0	davidseburn	davidseburn			2025-01-14T13:05:03.650Z	StillImage	COORDINATE_ROUNDED;CONTINENT_DERIVED_FROM_COORDINATES;TAXON_MATCH_TAXON_ID_IGNORED
2898386955	50c9509d-22c7-4a22-a47d-8c48425ef4a7	https://www.inaturalist.org/observations/62374569	Fungi	Basidiomycota	Agaricomycetes	Auriculariales		Guepinia	Guepinia helvelloides		SPECIES	Guepinia helvelloides (DC.) Fr.	Guepinia helvelloides		CA		Ontario	PRESENT		28eb1a3f-1c15-4a95-931a-4af90ecb574d	46.085769	-77.475258	5.0						2020-10-11T16:09	11	10	2020	8824388	8824388	HUMAN_OBSERVATION	iNaturalist	Observations	62374569		Janet Elliott	2020-10-12T03:57:07	CC_BY_NC_4_0	Janet Elliott	Janet Elliott			2025-01-14T12:15:24.812Z	StillImage	COORDINATE_ROUNDED;CONTINENT_DERIVED_FROM_COORDINATES;TAXON_MATCH_TAXON_ID_IGNORED
2883159436	50c9509d-22c7-4a22-a47d-8c48425ef4a7	https://www.inaturalist.org/observations/54404393	Fungi	Basidiomycota	Agaricomycetes	Auriculariales		Guepinia	Guepinia helvelloides		SPECIES	Guepinia helvelloides (DC.) Fr.	Guepinia helvelloides		CA		Québec	PRESENT		28eb1a3f-1c15-4a95-931a-4af90ecb574d	47.651642	-68.511214	16.0						2020-07-23T16:37	23	7	2020	8824388	8824388	HUMAN_OBSERVATION	iNaturalist	Observations	54404393		janikd	2020-07-26T15:30:10	CC_BY_NC_4_0	janikd	janikd			2025-01-14T12:14:07.935Z	StillImage	COORDINATE_ROUNDED;CONTINENT_DERIVED_FROM_COORDINATES;TAXON_MATCH_TAXON_ID_IGNORED
2883058825	50c9509d-22c7-4a22-a47d-8c48425ef4a7	https://www.inaturalist.org/observations/61516526	Fungi	Basidiomycota	Agaricomycetes	Auriculariales		Guepinia	Guepinia helvelloides		SPECIES	Guepinia helvelloides (DC.) Fr.	Guepinia helvelloides		CA		Ontario	PRESENT		28eb1a3f-1c15-4a95-931a-4af90ecb574d	45.269088	-76.156555	8.0						2020-10-02T15:43:45	2	10	2020	8824388	8824388	HUMAN_OBSERVATION	iNaturalist	Observations	61516526		meswift	2020-10-02T22:40:50	CC_BY_NC_4_0	meswift	meswift			2025-01-14T13:10:46.094Z	StillImage	COORDINATE_ROUNDED;CONTINENT_DERIVED_FROM_COORDINATES;TAXON_MATCH_TAXON_ID_IGNORED
2882965527	50c9509d-22c7-4a22-a47d-8c48425ef4a7	https://www.inaturalist.org/observations/60664438	Fungi	Basidiomycota	Agaricomycetes	Auriculariales		Guepinia	Guepinia helvelloides		SPECIES	Guepinia helvelloides (DC.) Fr.	Guepinia helvelloides		CA		Québec	PRESENT		28eb1a3f-1c15-4a95-931a-4af90ecb574d	48.601803	-68.131455	5.0						2020-09-24T14:46:24	24	9	2020	8824388	8824388	HUMAN_OBSERVATION	iNaturalist	Observations	60664438		Claude Nozères	2020-09-25T15:02:10	CC_BY_NC_4_0	Claude Nozères	Claude Nozères			2025-01-14T12:14:51.496Z	StillImage	COORDINATE_ROUNDED;CONTINENT_DERIVED_FROM_COORDINATES;TAXON_MATCH_TAXON_ID_IGNORED
2882943018	50c9509d-22c7-4a22-a47d-8c48425ef4a7	https://www.inaturalist.org/observations/61821810	Fungi	Basidiomycota	Agaricomycetes	Auriculariales		Guepinia	Guepinia helvelloides		SPECIES	Guepinia helvelloides (DC.) Fr.	Guepinia helvelloides		CA		Ontario	PRESENT		28eb1a3f-1c15-4a95-931a-4af90ecb574d	45.052063	-75.870171							2020-10-05T17:26:06	5	10	2020	8824388	8824388	HUMAN_OBSERVATION	iNaturalist	Observations	61821810		Alexis Williams	2020-10-06T03:52:21	CC_BY_4_0	Alexis Williams	Alexis Williams			2025-01-14T12:15:15.826Z	StillImage	COORDINATE_ROUNDED;CONTINENT_DERIVED_FROM_COORDINATES;TAXON_MATCH_TAXON_ID_IGNORED
2864870352	50c9509d-22c7-4a22-a47d-8c48425ef4a7	https://www.inaturalist.org/observations/59609916	Fungi	Basidiomycota	Agaricomycetes	Auriculariales		Guepinia	Guepinia helvelloides		SPECIES	Guepinia helvelloides (DC.) Fr.	Guepinia helvelloides		CA		Ontario	PRESENT		28eb1a3f-1c15-4a95-931a-4af90ecb574d	45.284798	-75.826981	9.0						2020-09-14T16:10:51	14	9	2020	8824388	8824388	HUMAN_OBSERVATION	iNaturalist	Observations	59609916		Igor Khomenko	2020-09-16T03:26:52	CC_BY_NC_4_0	tantgron	tantgron			2025-01-14T13:05:46.116Z	StillImage	COORDINATE_ROUNDED;CONTINENT_DERIVED_FROM_COORDINATES;TAXON_MATCH_TAXON_ID_IGNORED
2864868822	50c9509d-22c7-4a22-a47d-8c48425ef4a7	https://www.inaturalist.org/observations/59744536	Fungi	Basidiomycota	Agaricomycetes	Auriculariales		Guepinia	Guepinia helvelloides		SPECIES	Guepinia helvelloides (DC.) Fr.	Guepinia helvelloides		CA		Ontario	PRESENT		28eb1a3f-1c15-4a95-931a-4af90ecb574d	45.200171	-75.978946	500.0						2020-09-15T15:30	15	9	2020	8824388	8824388	HUMAN_OBSERVATION	iNaturalist	Observations	59744536		jonathan_mack	2020-09-16T02:10:20	CC_BY_NC_4_0	jonathan_mack	jonathan_mack			2025-01-14T13:10:07.131Z	StillImage	COORDINATE_ROUNDED;CONTINENT_DERIVED_FROM_COORDINATES;TAXON_MATCH_TAXON_ID_IGNORED
2864759356	50c9509d-22c7-4a22-a47d-8c48425ef4a7	https://www.inaturalist.org/observations/32906905	Fungi	Basidiomycota	Agaricomycetes	Auriculariales		Guepinia	Guepinia helvelloides		SPECIES	Guepinia helvelloides (DC.) Fr.	Guepinia helvelloides		CA		Québec	PRESENT		28eb1a3f-1c15-4a95-931a-4af90ecb574d	45.632807	-75.908929							2019-09-17T15:03	17	9	2019	8824388	8824388	HUMAN_OBSERVATION	iNaturalist	Observations	32906905		Bruce Taylor	2019-09-17T19:12:30	CC0_1_0	Bruce Taylor	Bruce Taylor			2025-01-14T13:06:17.997Z	StillImage	COORDINATE_ROUNDED;CONTINENT_DERIVED_FROM_COORDINATES;TAXON_MATCH_TAXON_ID_IGNORED
2864596831	50c9509d-22c7-4a22-a47d-8c48425ef4a7	https://www.inaturalist.org/observations/59678179	Fungi	Basidiomycota	Agaricomycetes	Auriculariales		Guepinia	Guepinia helvelloides		SPECIES	Guepinia helvelloides (DC.) Fr.	Guepinia helvelloides		CA		Ontario	PRESENT		28eb1a3f-1c15-4a95-931a-4af90ecb574d	45.297537	-76.058972	23.0						2019-09-09T17:42:30	9	9	2019	8824388	8824388	HUMAN_OBSERVATION	iNaturalist	Observations	59678179		rosie124_ca	2020-09-15T14:26:40	CC_BY_NC_4_0	rosie124_ca	rosie124_ca			2025-01-14T13:09:50.888Z	StillImage	COORDINATE_ROUNDED;CONTINENT_DERIVED_FROM_COORDINATES;TAXON_MATCH_TAXON_ID_IGNORED
2860161987	50c9509d-22c7-4a22-a47d-8c48425ef4a7	https://www.inaturalist.org/observations/58108615	Fungi	Basidiomycota	Agaricomycetes	Auriculariales		Guepinia	Guepinia helvelloides		SPECIES	Guepinia helvelloides (DC.) Fr.	Guepinia helvelloides		CA		Ontario	PRESENT		28eb1a3f-1c15-4a95-931a-4af90ecb574d	45.199988	-75.979203	6.0						2020-08-30T10:24:26	30	8	2020	8824388	8824388	HUMAN_OBSERVATION	iNaturalist	Observations	58108615		Keith Seifert	2020-08-31T01:24:48	CC0_1_0	Keith Seifert	Keith Seifert			2025-01-14T12:15:29.274Z	StillImage	COORDINATE_ROUNDED;CONTINENT_DERIVED_FROM_COORDINATES;TAXON_MATCH_TAXON_ID_IGNORED
2611015799	50c9509d-22c7-4a22-a47d-8c48425ef4a7	https://www.inaturalist.org/observations/43185867	Fungi	Basidiomycota	Agaricomycetes	Auriculariales		Guepinia	Guepinia helvelloides		SPECIES	Guepinia helvelloides (DC.) Fr.	Guepinia helvelloides		CA		Ontario	PRESENT		28eb1a3f-1c15-4a95-931a-4af90ecb574d	45.20017	-75.979698	254.0						2020-04-24T17:46:58	24	4	2020	8824388	8824388	HUMAN_OBSERVATION	iNaturalist	Observations	43185867		Keith Seifert	2020-04-24T21:57:02	CC0_1_0	Keith Seifert	Keith Seifert			2025-01-14T13:06:36.393Z	StillImage	COORDINATE_ROUNDED;CONTINENT_DERIVED_FROM_COORDINATES;TAXON_MATCH_TAXON_ID_IGNORED
2597884998	50c9509d-22c7-4a22-a47d-8c48425ef4a7	https://www.inaturalist.org/observations/41296785	Fungi	Basidiomycota	Agaricomycetes	Auriculariales		Guepinia	Guepinia helvelloides		SPECIES	Guepinia helvelloides (DC.) Fr.	Guepinia helvelloides		CA		Québec	PRESENT		28eb1a3f-1c15-4a95-931a-4af90ecb574d	47.008767	-71.399459	61.0						2017-09-08	8	9	2017	8824388	8824388	HUMAN_OBSERVATION	iNaturalist	Observations	41296785		Christian Grenier	2020-04-03T15:05:14	CC_BY_NC_4_0	Christian Grenier	Christian Grenier			2025-01-14T13:05:57.140Z	StillImage	COORDINATE_ROUNDED;CONTINENT_DERIVED_FROM_COORDINATES;TAXON_MATCH_TAXON_ID_IGNORED
2597693168	50c9509d-22c7-4a22-a47d-8c48425ef4a7	https://www.inaturalist.org/observations/41356728	Fungi	Basidiomycota	Agaricomycetes	Auriculariales		Guepinia	Guepinia helvelloides		SPECIES	Guepinia helvelloides (DC.) Fr.	Guepinia helvelloides		CA		Québec	PRESENT		28eb1a3f-1c15-4a95-931a-4af90ecb574d	46.833174	-71.341052	15.0						2012-09-02	2	9	2012	8824388	8824388	HUMAN_OBSERVATION	iNaturalist	Observations	41356728		Christian Grenier	2020-04-04T12:15:43	CC_BY_NC_4_0	Christian Grenier	Christian Grenier			2025-01-14T13:05:46.568Z	StillImage	COORDINATE_ROUNDED;CONTINENT_DERIVED_FROM_COORDINATES;TAXON_MATCH_TAXON_ID_IGNORED
2573816249	50c9509d-22c7-4a22-a47d-8c48425ef4a7	https://www.inaturalist.org/observations/34703175	Fungi	Basidiomycota	Agaricomycetes	Auriculariales		Guepinia	Guepinia helvelloides		SPECIES	Guepinia helvelloides (DC.) Fr.	Guepinia helvelloides		CA		Québec	PRESENT		28eb1a3f-1c15-4a95-931a-4af90ecb574d	45.536907	-75.826843							2019-10-21T15:07:29	21	10	2019	8824388	8824388	HUMAN_OBSERVATION	iNaturalist	Observations	34703175		Alexis Williams	2019-10-21T19:24:20	CC_BY_4_0	Alexis Williams	Alexis Williams			2025-01-14T13:06:29.458Z	StillImage	COORDINATE_ROUNDED;CONTINENT_DERIVED_FROM_COORDINATES;TAXON_MATCH_TAXON_ID_IGNORED
2423081333	50c9509d-22c7-4a22-a47d-8c48425ef4a7	https://www.inaturalist.org/observations/32760286	Fungi	Basidiomycota	Agaricomycetes	Auriculariales		Guepinia	Guepinia helvelloides		SPECIES	Guepinia helvelloides (DC.) Fr.	Guepinia helvelloides		CA		Ontario	PRESENT		28eb1a3f-1c15-4a95-931a-4af90ecb574d	45.419575	-75.690899	8.0						2019-09-15T09:26:04	15	9	2019	8824388	8824388	HUMAN_OBSERVATION	iNaturalist	Observations	32760286		Igor Khomenko	2019-09-15T22:09:09	CC_BY_NC_4_0	cindiforeman	cindiforeman			2025-01-14T13:03:23.201Z	StillImage	COORDINATE_ROUNDED;CONTINENT_DERIVED_FROM_COORDINATES;TAXON_MATCH_TAXON_ID_IGNORED
2422943632	50c9509d-22c7-4a22-a47d-8c48425ef4a7	https://www.inaturalist.org/observations/32252121	Fungi	Basidiomycota	Agaricomycetes	Auriculariales		Guepinia	Guepinia helvelloides		SPECIES	Guepinia helvelloides (DC.) Fr.	Guepinia helvelloides		CA		Ontario	PRESENT		28eb1a3f-1c15-4a95-931a-4af90ecb574d	45.42466	-75.437529	7.0						2019-09-06T18:00	6	9	2019	8824388	8824388	HUMAN_OBSERVATION	iNaturalist	Observations	32252121		kmidwood27	2019-09-07T03:46:57	CC_BY_NC_4_0	kmidwood27	kmidwood27			2025-01-14T12:09:06.455Z	StillImage	COORDINATE_ROUNDED;CONTINENT_DERIVED_FROM_COORDINATES;TAXON_MATCH_TAXON_ID_IGNORED
2283048017	50c9509d-22c7-4a22-a47d-8c48425ef4a7	https://www.inaturalist.org/observations/27791063	Fungi	Basidiomycota	Agaricomycetes	Auriculariales		Guepinia	Guepinia helvelloides		SPECIES	Guepinia helvelloides (DC.) Fr.	Guepinia helvelloides		CA		Ontario	PRESENT		28eb1a3f-1c15-4a95-931a-4af90ecb574d	45.316167	-75.8605							2012-11-03T11:41:56	3	11	2012	8824388	8824388	HUMAN_OBSERVATION	iNaturalist	Observations	27791063		Derek Dunnett	2019-06-28T02:26:40	CC_BY_NC_4_0	Derek Dunnett	Derek Dunnett			2025-01-14T12:09:00.927Z	StillImage	COORDINATE_ROUNDED;CONTINENT_DERIVED_FROM_COORDINATES;TAXON_MATCH_TAXON_ID_IGNORED
1946204460	50c9509d-22c7-4a22-a47d-8c48425ef4a7	https://www.inaturalist.org/observations/17610870	Fungi	Basidiomycota	Agaricomycetes	Auriculariales		Guepinia	Guepinia helvelloides		SPECIES	Guepinia helvelloides (DC.) Fr.	Guepinia helvelloides		CA		Ontario	PRESENT		28eb1a3f-1c15-4a95-931a-4af90ecb574d	45.45685	-75.545891	15.0						2017-08-20T15:59	20	8	2017	8824388	8824388	HUMAN_OBSERVATION	iNaturalist	Observations	17610870		jonathan_mack	2018-10-18T01:59:20	CC_BY_NC_4_0	jonathan_mack	jonathan_mack			2025-01-14T13:01:35.074Z	StillImage	COORDINATE_ROUNDED;CONTINENT_DERIVED_FROM_COORDINATES;TAXON_MATCH_TAXON_ID_IGNORED
1890032142	50c9509d-22c7-4a22-a47d-8c48425ef4a7	https://www.inaturalist.org/observations/10887839	Fungi	Basidiomycota	Agaricomycetes	Auriculariales		Guepinia	Guepinia helvelloides		SPECIES	Guepinia helvelloides (DC.) Fr.	Guepinia helvelloides		CA		Québec	PRESENT		28eb1a3f-1c15-4a95-931a-4af90ecb574d	48.452589	-68.512458							2013-08-10T08:18:16	10	8	2013	8824388	8824388	HUMAN_OBSERVATION	iNaturalist	Observations	10887839		John Plischke	2019-01-21T22:24:49	CC_BY_NC_4_0	John Plischke	John Plischke			2025-01-14T12:58:32.713Z		CONTINENT_DERIVED_FROM_COORDINATES;TAXON_MATCH_TAXON_ID_IGNORED
1847646104	50c9509d-22c7-4a22-a47d-8c48425ef4a7	https://www.inaturalist.org/observations/9577020	Fungi	Basidiomycota	Agaricomycetes	Auriculariales		Guepinia	Guepinia helvelloides		SPECIES	Guepinia helvelloides (DC.) Fr.	Guepinia helvelloides		CA		Ontario	PRESENT		28eb1a3f-1c15-4a95-931a-4af90ecb574d	45.3632	-79.0902	135497.0						2014-09-20	20	9	2014	8824388	8824388	HUMAN_OBSERVATION	iNaturalist	Observations	9577020		mycowalt	2018-01-23T18:38:48	CC_BY_NC_4_0	mycowalt	mycowalt			2025-01-14T13:00:05.715Z	StillImage	CONTINENT_DERIVED_FROM_COORDINATES;TAXON_MATCH_TAXON_ID_IGNORED
1806351331	50c9509d-22c7-4a22-a47d-8c48425ef4a7	https://www.inaturalist.org/observations/9590080	Fungi	Basidiomycota	Agaricomycetes	Auriculariales		Guepinia	Guepinia helvelloides		SPECIES	Guepinia helvelloides (DC.) Fr.	Guepinia helvelloides		CA		Ontario	PRESENT		28eb1a3f-1c15-4a95-931a-4af90ecb574d	45.35695	-79.0971	33539.0						2015-09-12	12	9	2015	8824388	8824388	HUMAN_OBSERVATION	iNaturalist	Observations	9590080		mycowalt	2018-01-23T21:53:29	CC_BY_NC_4_0	mycowalt	mycowalt			2025-01-14T13:00:11.923Z	StillImage	CONTINENT_DERIVED_FROM_COORDINATES;TAXON_MATCH_TAXON_ID_IGNORED
1412707231	21705170-d2b6-42de-8904-c3bca4b83591	CMMF015711	Fungi	Basidiomycota	Agaricomycetes	Auriculariales		Guepinia	Guepinia helvelloides		SPECIES	Tremiscus helvelloides (DC.) Donk	Tremiscus helvelloides (DC.) Donk	(DC.) Donk	CA	Val-Jalbert, Québec.	Québec	PRESENT		ff7bd5db-b724-4932-b496-10ea298851f9	48.44568	-72.161559	2500.0						1982-08-21	21	8	1982	9080764	8824388	PRESERVED_SPECIMEN	Université de Montréal Biodiversity Centre	CMMF	CMMF015711	461	Guérin, Gérard		CC0_1_0	Université de Montréal Biodiversity Centre	Guérin, Gérard			2024-01-24T16:38:16.425Z		INSTITUTION_MATCH_FUZZY;COLLECTION_MATCH_FUZZY;DIFFERENT_OWNER_INSTITUTION
1412707219	21705170-d2b6-42de-8904-c3bca4b83591	CMMF015712	Fungi	Basidiomycota	Agaricomycetes	Auriculariales		Guepinia	Guepinia helvelloides		SPECIES	Tremiscus helvelloides (DC.) Donk	Tremiscus helvelloides (DC.) Donk	(DC.) Donk	CA	Chicoutimi, Québec.	Québec	PRESENT		ff7bd5db-b724-4932-b496-10ea298851f9	48.368277	-71.119642	15000.0						1983-09-11	11	9	1983	9080764	8824388	PRESERVED_SPECIMEN	Université de Montréal Biodiversity Centre	CMMF	CMMF015712	462	Guérin, Gérard		CC0_1_0	Université de Montréal Biodiversity Centre	Guérin, Gérard			2024-01-24T16:38:16.425Z	StillImage	INSTITUTION_MATCH_FUZZY;COLLECTION_MATCH_FUZZY;DIFFERENT_OWNER_INSTITUTION
1412707171	21705170-d2b6-42de-8904-c3bca4b83591	CMMF015713	Fungi	Basidiomycota	Agaricomycetes	Auriculariales		Guepinia	Guepinia helvelloides		SPECIES	Tremiscus helvelloides (DC.) Donk	Tremiscus helvelloides (DC.) Donk	(DC.) Donk	CA	Chute-aux-Galets, Falardeau, Québec.	Québec	PRESENT		ff7bd5db-b724-4932-b496-10ea298851f9	48.647911	-71.194307	4000.0						1994-08-15	15	8	1994	9080764	8824388	PRESERVED_SPECIMEN	Université de Montréal Biodiversity Centre	CMMF	CMMF015713	463	Guérin, Gérard		CC0_1_0	Université de Montréal Biodiversity Centre	Guérin, Gérard			2024-01-24T16:38:16.432Z	StillImage	INSTITUTION_MATCH_FUZZY;COLLECTION_MATCH_FUZZY;DIFFERENT_OWNER_INSTITUTION
1135071283	21705170-d2b6-42de-8904-c3bca4b83591	CMMF009905	Fungi	Basidiomycota	Agaricomycetes	Auriculariales		Guepinia	Guepinia helvelloides		SPECIES	Tremiscus helvelloides (DC.) Donk	Tremiscus helvelloides (DC.) Donk	(DC.) Donk	CA	Containers est, Lac-Beauport.	Québec	PRESENT		ff7bd5db-b724-4932-b496-10ea298851f9	46.953091	-71.275238	5000.0						2007-08-30	30	8	2007	9080764	8824388	PRESERVED_SPECIMEN	Université de Montréal Biodiversity Centre	CMMF	CMMF009905	1489	Labrecque, Jacqueline		CC0_1_0	Université de Montréal Biodiversity Centre	Labrecque, Jacqueline			2024-01-24T16:38:21.406Z	StillImage	INSTITUTION_MATCH_FUZZY;COLLECTION_MATCH_FUZZY;DIFFERENT_OWNER_INSTITUTION
1135070227	21705170-d2b6-42de-8904-c3bca4b83591	CMMF008826	Fungi	Basidiomycota	Agaricomycetes	Auriculariales		Guepinia	Guepinia helvelloides		SPECIES	Tremiscus helvelloides (DC.) Donk	Tremiscus helvelloides (DC.) Donk	(DC.) Donk	CA	Chemin Chapelle, Lac-Beauport.	Québec	PRESENT		ff7bd5db-b724-4932-b496-10ea298851f9	46.949281	-71.284722	250.0						2006-07-29	29	7	2006	9080764	8824388	PRESERVED_SPECIMEN	Université de Montréal Biodiversity Centre	CMMF	CMMF008826	409	Labrecque, Jacqueline		CC0_1_0	Université de Montréal Biodiversity Centre	Labrecque, Jacqueline			2024-01-24T16:38:18.864Z		INSTITUTION_MATCH_FUZZY;COLLECTION_MATCH_FUZZY;DIFFERENT_OWNER_INSTITUTION
1135069794	21705170-d2b6-42de-8904-c3bca4b83591	CMMF008384	Fungi	Basidiomycota	Agaricomycetes	Auriculariales		Guepinia	Guepinia helvelloides		SPECIES	Guepinia helvelloides (DC.) Fr.	Guepinia helvelloides (DC.) Fr.	(DC.) Fr.	CA	Cap-Chat	Québec	PRESENT		ff7bd5db-b724-4932-b496-10ea298851f9	49.0475	-66.685	100.0						2006-09-12	12	9	2006	8824388	8824388	PRESERVED_SPECIMEN	Université de Montréal Biodiversity Centre	CMMF	CMMF008384	C2942	McNeil, Raymond		CC0_1_0	Université de Montréal Biodiversity Centre	McNeil, Raymond			2024-01-24T16:38:17.759Z	StillImage	INSTITUTION_MATCH_FUZZY;COLLECTION_MATCH_FUZZY;DIFFERENT_OWNER_INSTITUTION
1135068234	21705170-d2b6-42de-8904-c3bca4b83591	CMMF006857	Fungi	Basidiomycota	Agaricomycetes	Auriculariales		Guepinia	Guepinia helvelloides		SPECIES	Guepinia helvelloides (DC.) Fr.	Guepinia helvelloides (DC.) Fr.	(DC.) Fr.	CA	Lachute	Québec	PRESENT		ff7bd5db-b724-4932-b496-10ea298851f9	45.66275	-74.241983	100.0						1982-09-19	19	9	1982	8824388	8824388	PRESERVED_SPECIMEN	Université de Montréal Biodiversity Centre	CMMF	CMMF006857	1450	McNeil, Raymond		CC0_1_0	Université de Montréal Biodiversity Centre	McNeil, Raymond			2024-01-24T16:38:18.654Z	StillImage	COORDINATE_ROUNDED;INSTITUTION_MATCH_FUZZY;COLLECTION_MATCH_FUZZY;DIFFERENT_OWNER_INSTITUTION
