gbifID	datasetKey	occurrenceID	kingdom	phylum	class	order	family	genus	species	infraspecificEpithet	taxonRank	scientificName	verbatimScientificName	verbatimScientificNameAuthorship	countryCode	locality	stateProvince	occurrenceStatus	individualCount	publishingOrgKey	decimalLatitude	decimalLongitude	coordinateUncertaintyInMeters	coordinatePrecision	elevation	elevationAccuracy	depth	depthAccuracy	eventDate	day	month	year	taxonKey	speciesKey	basisOfRecord	institutionCode	collectionCode	catalogNumber	recordNumber	identifiedBy	dateIdentified	license	rightsHolder	recordedBy	typeStatus	establishmentMeans	lastInterpreted	mediaType	issue
617553918	21705170-d2b6-42de-8904-c3bca4b83591	CMMF003819	Fungi	Basidiomycota	Agaricomycetes	Agaricales	Physalacriaceae	Armillaria	Armillaria sinapina		SPECIES	Armillaria sinapina Bérubé & Dessur.	Armillaria sinapina Bérubé & Dessur.	Bérubé & Dessur.	CA	Rawdon	Québec	PRESENT		ff7bd5db-b724-4932-b496-10ea298851f9	46.052398	-73.748752	11000.0						2003-09-17	17	9	2003	2536870	2536870	PRESERVED_SPECIMEN	Université de Montréal Biodiversity Centre	CMMF	CMMF003819		Lamoureux, Yves		CC0_1_0	Université de Montréal Biodiversity Centre	Lamoureux, Yves			2024-01-24T16:38:16.516Z	StillImage	INSTITUTION_MATCH_FUZZY;COLLECTION_MATCH_FUZZY;DIFFERENT_OWNER_INSTITUTION
617553605	21705170-d2b6-42de-8904-c3bca4b83591	CMMF003676	Fungi	Basidiomycota	Agaricomycetes	Agaricales	Physalacriaceae	Armillaria	Armillaria sinapina		SPECIES	Armillaria sinapina Bérubé & Dessur.	Armillaria sinapina Bérubé & Dessur.	Bérubé & Dessur.	CA	Rawdon	Québec	PRESENT		ff7bd5db-b724-4932-b496-10ea298851f9	46.052398	-73.748752	11000.0						2002-09-17	17	9	2002	2536870	2536870	PRESERVED_SPECIMEN	Université de Montréal Biodiversity Centre	CMMF	CMMF003676		Lamoureux, Yves		CC0_1_0	Université de Montréal Biodiversity Centre	Lamoureux, Yves			2024-01-24T16:38:16.329Z	StillImage	INSTITUTION_MATCH_FUZZY;COLLECTION_MATCH_FUZZY;DIFFERENT_OWNER_INSTITUTION
617550459	21705170-d2b6-42de-8904-c3bca4b83591	CMMF002287	Fungi	Basidiomycota	Agaricomycetes	Agaricales	Physalacriaceae	Armillaria	Armillaria sinapina		SPECIES	Armillaria sinapina Bérubé & Dessur.	Armillaria sinapina Bérubé & Dessur.	Bérubé & Dessur.	CA	Saint-Jean-des-Piles	Québec	PRESENT		ff7bd5db-b724-4932-b496-10ea298851f9	46.691248	-72.759066	8000.0						1994-08-31	31	8	1994	2536870	2536870	PRESERVED_SPECIMEN	Université de Montréal Biodiversity Centre	CMMF	CMMF002287		Lamoureux, Yves		CC0_1_0	Université de Montréal Biodiversity Centre	Lamoureux, Yves			2024-01-24T16:38:19.482Z	StillImage	INSTITUTION_MATCH_FUZZY;COLLECTION_MATCH_FUZZY;DIFFERENT_OWNER_INSTITUTION
617548783	21705170-d2b6-42de-8904-c3bca4b83591	CMMF001557	Fungi	Basidiomycota	Agaricomycetes	Agaricales	Physalacriaceae	Armillaria	Armillaria sinapina		SPECIES	Armillaria sinapina Bérubé & Dessur.	Armillaria sinapina Bérubé & Dessur.	Bérubé & Dessur.	CA	Contrecoeur	Québec	PRESENT		ff7bd5db-b724-4932-b496-10ea298851f9	45.876777	-73.209987	12000.0						1991-10-07	7	10	1991	2536870	2536870	PRESERVED_SPECIMEN	Université de Montréal Biodiversity Centre	CMMF	CMMF001557		Lamoureux, Yves		CC0_1_0	Université de Montréal Biodiversity Centre	Lamoureux, Yves			2024-01-24T16:38:17.650Z	StillImage	INSTITUTION_MATCH_FUZZY;COLLECTION_MATCH_FUZZY;DIFFERENT_OWNER_INSTITUTION
4950573809	50c9509d-22c7-4a22-a47d-8c48425ef4a7	https://www.inaturalist.org/observations/242395038	Fungi	Basidiomycota	Agaricomycetes	Agaricales	Physalacriaceae	Armillaria	Armillaria sinapina		SPECIES	Armillaria sinapina Bérubé & Dessur.	Armillaria sinapina		CA		Québec	PRESENT		28eb1a3f-1c15-4a95-931a-4af90ecb574d	45.383525	-71.917672	8.0						2024-09-17T09:24:51	17	9	2024	2536870	2536870	HUMAN_OBSERVATION	iNaturalist	Observations	242395038		Jacob Beauregard	2024-09-18T00:55:58	CC_BY_NC_4_0	Jacob Beauregard	Jacob Beauregard			2025-01-14T13:40:10.398Z	StillImage	COORDINATE_ROUNDED;CONTINENT_DERIVED_FROM_COORDINATES;TAXON_MATCH_TAXON_ID_IGNORED
4950002926	50c9509d-22c7-4a22-a47d-8c48425ef4a7	https://www.inaturalist.org/observations/187840721	Fungi	Basidiomycota	Agaricomycetes	Agaricales	Physalacriaceae	Armillaria	Armillaria sinapina		SPECIES	Armillaria sinapina Bérubé & Dessur.	Armillaria sinapina		CA		Québec	PRESENT		28eb1a3f-1c15-4a95-931a-4af90ecb574d	47.614053	-70.153647	20.0						2023-10-13T10:40:46	13	10	2023	2536870	2536870	HUMAN_OBSERVATION	iNaturalist	Observations	187840721		cinna_latifolia	2023-11-15T06:40:48	CC_BY_NC_4_0	michp	michp			2025-01-14T13:30:00.308Z	StillImage	COORDINATE_ROUNDED;CONTINENT_DERIVED_FROM_COORDINATES;TAXON_MATCH_TAXON_ID_IGNORED
4465392279	50c9509d-22c7-4a22-a47d-8c48425ef4a7	https://www.inaturalist.org/observations/188097612	Fungi	Basidiomycota	Agaricomycetes	Agaricales	Physalacriaceae	Armillaria	Armillaria sinapina		SPECIES	Armillaria sinapina Bérubé & Dessur.	Armillaria sinapina		CA		Québec	PRESENT		28eb1a3f-1c15-4a95-931a-4af90ecb574d	45.43145	-73.94638	189.0						2023-10-06T21:53	6	10	2023	2536870	2536870	HUMAN_OBSERVATION	iNaturalist	Observations	188097612		Katia Burelle	2023-12-01T01:35:44	CC_BY_NC_4_0	Madz	Madz			2025-01-14T13:32:11.510Z	StillImage	CONTINENT_DERIVED_FROM_COORDINATES;TAXON_MATCH_TAXON_ID_IGNORED
4458578252	50c9509d-22c7-4a22-a47d-8c48425ef4a7	https://www.inaturalist.org/observations/186164758	Fungi	Basidiomycota	Agaricomycetes	Agaricales	Physalacriaceae	Armillaria	Armillaria sinapina		SPECIES	Armillaria sinapina Bérubé & Dessur.	Armillaria sinapina		CA		Québec	PRESENT		28eb1a3f-1c15-4a95-931a-4af90ecb574d	45.43145	-73.94638	189.0						2023-10-03T15:59	3	10	2023	2536870	2536870	HUMAN_OBSERVATION	iNaturalist	Observations	186164758		Madz	2023-11-30T17:25:58	CC_BY_NC_4_0	Madz	Madz			2025-01-14T13:28:07.091Z	StillImage	CONTINENT_DERIVED_FROM_COORDINATES;TAXON_MATCH_TAXON_ID_IGNORED
4458577209	50c9509d-22c7-4a22-a47d-8c48425ef4a7	https://www.inaturalist.org/observations/186543273	Fungi	Basidiomycota	Agaricomycetes	Agaricales	Physalacriaceae	Armillaria	Armillaria sinapina		SPECIES	Armillaria sinapina Bérubé & Dessur.	Armillaria sinapina		CA		Québec	PRESENT		28eb1a3f-1c15-4a95-931a-4af90ecb574d	45.43262	-73.95677	189.0						2023-10-05T09:35	5	10	2023	2536870	2536870	HUMAN_OBSERVATION	iNaturalist	Observations	186543273		Katia Burelle	2023-12-01T02:28:32	CC_BY_NC_4_0	Madz	Madz			2025-01-14T13:32:58.040Z	StillImage	CONTINENT_DERIVED_FROM_COORDINATES;TAXON_MATCH_TAXON_ID_IGNORED
4430673313	50c9509d-22c7-4a22-a47d-8c48425ef4a7	https://www.inaturalist.org/observations/187942445	Fungi	Basidiomycota	Agaricomycetes	Agaricales	Physalacriaceae	Armillaria	Armillaria sinapina		SPECIES	Armillaria sinapina Bérubé & Dessur.	Armillaria sinapina		CA		New Brunswick	PRESENT		28eb1a3f-1c15-4a95-931a-4af90ecb574d	45.875501	-66.897343	4618.0						2023-10-15	15	10	2023	2536870	2536870	HUMAN_OBSERVATION	iNaturalist	Observations	187942445		Matt Olliks	2023-10-17T20:22:34	CC_BY_NC_4_0	Matt Olliks	Matt Olliks			2025-01-14T13:34:43.486Z	StillImage	COORDINATE_ROUNDED;CONTINENT_DERIVED_FROM_COORDINATES;TAXON_MATCH_TAXON_ID_IGNORED
4430537563	50c9509d-22c7-4a22-a47d-8c48425ef4a7	https://www.inaturalist.org/observations/186414766	Fungi	Basidiomycota	Agaricomycetes	Agaricales	Physalacriaceae	Armillaria	Armillaria sinapina		SPECIES	Armillaria sinapina Bérubé & Dessur.	Armillaria sinapina		CA		Québec	PRESENT		28eb1a3f-1c15-4a95-931a-4af90ecb574d	45.872811	-76.4339	501.0						2023-10-05T09:16	5	10	2023	2536870	2536870	HUMAN_OBSERVATION	iNaturalist	Observations	186414766		gabboilard	2023-10-06T19:13:49	CC_BY_NC_4_0	L Joan Heyding	L Joan Heyding			2025-01-14T13:29:55.839Z	StillImage	COORDINATE_ROUNDED;CONTINENT_DERIVED_FROM_COORDINATES;TAXON_MATCH_TAXON_ID_IGNORED
4420857743	50c9509d-22c7-4a22-a47d-8c48425ef4a7	https://www.inaturalist.org/observations/185843352	Fungi	Basidiomycota	Agaricomycetes	Agaricales	Physalacriaceae	Armillaria	Armillaria sinapina		SPECIES	Armillaria sinapina Bérubé & Dessur.	Armillaria sinapina		CA		Ontario	PRESENT		28eb1a3f-1c15-4a95-931a-4af90ecb574d	45.261587	-75.369755							2023-10-01T13:44	1	10	2023	2536870	2536870	HUMAN_OBSERVATION	iNaturalist	Observations	185843352		jonathan_mack	2023-10-02T01:44:19	CC_BY_NC_4_0	jonathan_mack	jonathan_mack			2025-01-14T13:32:48.894Z	StillImage	COORDINATE_ROUNDED;CONTINENT_DERIVED_FROM_COORDINATES;TAXON_MATCH_TAXON_ID_IGNORED
4413810119	50c9509d-22c7-4a22-a47d-8c48425ef4a7	https://www.inaturalist.org/observations/184003816	Fungi	Basidiomycota	Agaricomycetes	Agaricales	Physalacriaceae	Armillaria	Armillaria sinapina		SPECIES	Armillaria sinapina Bérubé & Dessur.	Armillaria sinapina		CA		Québec	PRESENT		28eb1a3f-1c15-4a95-931a-4af90ecb574d	48.102845	-79.309148	15.0						2023-09-03T13:47	3	9	2023	2536870	2536870	HUMAN_OBSERVATION	iNaturalist	Observations	184003816		Antoine Fortin	2023-09-19T22:02:47	CC_BY_NC_4_0	Pierre Cartier	Pierre Cartier			2025-01-14T12:40:30.351Z	StillImage	COORDINATE_ROUNDED;CONTINENT_DERIVED_FROM_COORDINATES;TAXON_MATCH_TAXON_ID_IGNORED
4413751918	50c9509d-22c7-4a22-a47d-8c48425ef4a7	https://www.inaturalist.org/observations/182214604	Fungi	Basidiomycota	Agaricomycetes	Agaricales	Physalacriaceae	Armillaria	Armillaria sinapina		SPECIES	Armillaria sinapina Bérubé & Dessur.	Armillaria sinapina		CA		Québec	PRESENT		28eb1a3f-1c15-4a95-931a-4af90ecb574d	48.182645	-77.715583	5.0						2023-09-03T10:52:44	3	9	2023	2536870	2536870	HUMAN_OBSERVATION	iNaturalist	Observations	182214604		Lynn Ovenden	2023-09-07T17:54:39	CC_BY_NC_4_0	Lynn Ovenden	Lynn Ovenden			2025-01-14T13:32:37.741Z	StillImage	COORDINATE_ROUNDED;CONTINENT_DERIVED_FROM_COORDINATES;TAXON_MATCH_TAXON_ID_IGNORED
3986006386	50c9509d-22c7-4a22-a47d-8c48425ef4a7	https://www.inaturalist.org/observations/60769210	Fungi	Basidiomycota	Agaricomycetes	Agaricales	Physalacriaceae	Armillaria	Armillaria sinapina		SPECIES	Armillaria sinapina Bérubé & Dessur.	Armillaria sinapina		CA		Ontario	PRESENT		28eb1a3f-1c15-4a95-931a-4af90ecb574d	45.348874	-75.223597	486.0						2020-09-24T15:45:01	24	9	2020	2536870	2536870	HUMAN_OBSERVATION	iNaturalist	Observations	60769210		Lynn Ovenden	2020-09-25T23:39:00	CC_BY_NC_4_0	Lynn Ovenden	Lynn Ovenden			2025-01-14T13:04:34.911Z	StillImage	COORDINATE_ROUNDED;CONTINENT_DERIVED_FROM_COORDINATES;TAXON_MATCH_TAXON_ID_IGNORED
3456989165	50c9509d-22c7-4a22-a47d-8c48425ef4a7	https://www.inaturalist.org/observations/103684966	Fungi	Basidiomycota	Agaricomycetes	Agaricales	Physalacriaceae	Armillaria	Armillaria sinapina		SPECIES	Armillaria sinapina Bérubé & Dessur.	Armillaria sinapina		CA		Québec	PRESENT		28eb1a3f-1c15-4a95-931a-4af90ecb574d	46.299778	-72.529947	31.0						2011-09-26T08:29	26	9	2011	2536870	2536870	HUMAN_OBSERVATION	iNaturalist	Observations	103684966		Alain Maire	2021-12-26T13:31:46	CC_BY_NC_4_0	Alain Maire	Alain Maire			2025-01-14T13:17:41.773Z	StillImage	COORDINATE_ROUNDED;CONTINENT_DERIVED_FROM_COORDINATES;TAXON_MATCH_TAXON_ID_IGNORED
3455474266	50c9509d-22c7-4a22-a47d-8c48425ef4a7	https://www.inaturalist.org/observations/96855238	Fungi	Basidiomycota	Agaricomycetes	Agaricales	Physalacriaceae	Armillaria	Armillaria sinapina		SPECIES	Armillaria sinapina Bérubé & Dessur.	Armillaria sinapina		CA		Québec	PRESENT		28eb1a3f-1c15-4a95-931a-4af90ecb574d	47.36338	-70.60415	24.0						2021-10-01T11:09:44	1	10	2021	2536870	2536870	HUMAN_OBSERVATION	iNaturalist	Observations	96855238		cinna_latifolia	2021-12-29T01:46:18	CC_BY_4_0	Marilyne Busque-Dubois	Marilyne Busque-Dubois			2025-01-14T13:14:53.148Z	StillImage	CONTINENT_DERIVED_FROM_COORDINATES;TAXON_MATCH_TAXON_ID_IGNORED
3351631448	d8cd16ba-bb74-4420-821e-083f2bac17c2	MN992570	Fungi	Basidiomycota	Agaricomycetes	Agaricales	Physalacriaceae	Armillaria	Armillaria sinapina		SPECIES	Armillaria sinapina Bérubé & Dessur.	Armillaria sinapina		CA	Quebec, Chibougamau		PRESENT		ada9d123-ddb4-467d-8891-806ea8d94230	49.76	-74.36							2017-09-05	5	9	2017	2536870	2536870	PRESERVED_SPECIMEN			MQ17070-QFB29578		Pauline Dube		CC_BY_4_0					2025-01-18T13:04:48.313Z		GEODETIC_DATUM_ASSUMED_WGS84;CONTINENT_DERIVED_FROM_COORDINATES;TAXON_MATCH_TAXON_CONCEPT_ID_IGNORED;TAXON_MATCH_TAXON_ID_IGNORED
3327711394	50c9509d-22c7-4a22-a47d-8c48425ef4a7	https://www.inaturalist.org/observations/71154077	Fungi	Basidiomycota	Agaricomycetes	Agaricales	Physalacriaceae	Armillaria	Armillaria sinapina		SPECIES	Armillaria sinapina Bérubé & Dessur.	Armillaria sinapina		CA		Québec	PRESENT		28eb1a3f-1c15-4a95-931a-4af90ecb574d	46.957958	-71.402231	15.0						2016-10-04	4	10	2016	2536870	2536870	HUMAN_OBSERVATION	iNaturalist	Observations	71154077		Christian Grenier	2021-03-13T20:04:59	CC_BY_NC_4_0	Christian Grenier	Christian Grenier			2025-01-14T12:16:30.786Z	StillImage	COORDINATE_ROUNDED;CONTINENT_DERIVED_FROM_COORDINATES;TAXON_MATCH_TAXON_ID_IGNORED
2802616373	50c9509d-22c7-4a22-a47d-8c48425ef4a7	https://www.inaturalist.org/observations/16187456	Fungi	Basidiomycota	Agaricomycetes	Agaricales	Physalacriaceae	Armillaria	Armillaria sinapina		SPECIES	Armillaria sinapina Bérubé & Dessur.	Armillaria sinapina		CA		Ontario	PRESENT		28eb1a3f-1c15-4a95-931a-4af90ecb574d	45.464852	-75.506334	36.0						2014-10-14T14:18	14	10	2014	2536870	2536870	HUMAN_OBSERVATION	iNaturalist	Observations	16187456		jonathan_mack	2018-09-04T00:04:39	CC_BY_NC_4_0	jonathan_mack	jonathan_mack			2025-01-14T12:05:47.536Z	StillImage	COORDINATE_ROUNDED;CONTINENT_DERIVED_FROM_COORDINATES;TAXON_MATCH_TAXON_ID_IGNORED
2802592378	50c9509d-22c7-4a22-a47d-8c48425ef4a7	https://www.inaturalist.org/observations/16737506	Fungi	Basidiomycota	Agaricomycetes	Agaricales	Physalacriaceae	Armillaria	Armillaria sinapina		SPECIES	Armillaria sinapina Bérubé & Dessur.	Armillaria sinapina		CA		Ontario	PRESENT		28eb1a3f-1c15-4a95-931a-4af90ecb574d	45.392551	-75.519344	61.0						2018-09-20T13:30	20	9	2018	2536870	2536870	HUMAN_OBSERVATION	iNaturalist	Observations	16737506		jonathan_mack	2018-09-21T02:23:18	CC_BY_NC_4_0	jonathan_mack	jonathan_mack			2025-01-14T13:01:02.916Z	StillImage	COORDINATE_ROUNDED;CONTINENT_DERIVED_FROM_COORDINATES;TAXON_MATCH_TAXON_ID_IGNORED
2460055237	50c9509d-22c7-4a22-a47d-8c48425ef4a7	https://www.inaturalist.org/observations/33920310	Fungi	Basidiomycota	Agaricomycetes	Agaricales	Physalacriaceae	Armillaria	Armillaria sinapina		SPECIES	Armillaria sinapina Bérubé & Dessur.	Armillaria sinapina		CA		New Brunswick	PRESENT		28eb1a3f-1c15-4a95-931a-4af90ecb574d	46.472276	-64.724265	3403.0						2019-09-30T14:32	30	9	2019	2536870	2536870	HUMAN_OBSERVATION	iNaturalist	Observations	33920310		Raymonde G Chartier	2019-10-05T22:55:32	CC_BY_NC_4_0	Raymonde G Chartier	Raymonde G Chartier			2025-01-14T12:10:49.722Z	StillImage	COORDINATE_ROUNDED;CONTINENT_DERIVED_FROM_COORDINATES;TAXON_MATCH_TAXON_ID_IGNORED
1946201300	50c9509d-22c7-4a22-a47d-8c48425ef4a7	https://www.inaturalist.org/observations/16781638	Fungi	Basidiomycota	Agaricomycetes	Agaricales	Physalacriaceae	Armillaria	Armillaria sinapina		SPECIES	Armillaria sinapina Bérubé & Dessur.	Armillaria sinapina		CA		Ontario	PRESENT		28eb1a3f-1c15-4a95-931a-4af90ecb574d	45.464055	-75.506588	122.0						2016-10-10T14:11	10	10	2016	2536870	2536870	HUMAN_OBSERVATION	iNaturalist	Observations	16781638		jonathan_mack	2018-09-22T02:16:56	CC_BY_NC_4_0	jonathan_mack	jonathan_mack			2025-01-14T12:05:53.393Z	StillImage	COORDINATE_ROUNDED;CONTINENT_DERIVED_FROM_COORDINATES;TAXON_MATCH_TAXON_ID_IGNORED
1412706440	21705170-d2b6-42de-8904-c3bca4b83591	CMMF014855	Fungi	Basidiomycota	Agaricomycetes	Agaricales	Physalacriaceae	Armillaria	Armillaria sinapina		SPECIES	Armillaria sinapina Bérubé & Dessur.	Armillaria sinapina Bérubé & Dessur.	Bérubé & Dessur.	CA	Lac Ha-Ha, Québec.	Québec	PRESENT		ff7bd5db-b724-4932-b496-10ea298851f9	48.018749	-70.815413	8000.0						1994-09-05	5	9	1994	2536870	2536870	PRESERVED_SPECIMEN	Université de Montréal Biodiversity Centre	CMMF	CMMF014855	1632	Guérin, Gérard		CC0_1_0	Université de Montréal Biodiversity Centre	Guérin, Gérard			2024-01-24T16:38:20.658Z	StillImage	INSTITUTION_MATCH_FUZZY;COLLECTION_MATCH_FUZZY;DIFFERENT_OWNER_INSTITUTION
1412706364	21705170-d2b6-42de-8904-c3bca4b83591	CMMF014854	Fungi	Basidiomycota	Agaricomycetes	Agaricales	Physalacriaceae	Armillaria	Armillaria sinapina		SPECIES	Armillaria sinapina Bérubé & Dessur.	Armillaria sinapina Bérubé & Dessur.	Bérubé & Dessur.	CA	Hautes-Gorges, Québec.	Québec	PRESENT		ff7bd5db-b724-4932-b496-10ea298851f9	47.902902	-70.443354	20000.0						1994-09-04	4	9	1994	2536870	2536870	PRESERVED_SPECIMEN	Université de Montréal Biodiversity Centre	CMMF	CMMF014854	1631	Guérin, Gérard		CC0_1_0	Université de Montréal Biodiversity Centre	Guérin, Gérard			2024-01-24T16:38:20.651Z	StillImage	INSTITUTION_MATCH_FUZZY;COLLECTION_MATCH_FUZZY;DIFFERENT_OWNER_INSTITUTION
1412706355	21705170-d2b6-42de-8904-c3bca4b83591	CMMF014853	Fungi	Basidiomycota	Agaricomycetes	Agaricales	Physalacriaceae	Armillaria	Armillaria sinapina		SPECIES	Armillaria sinapina Bérubé & Dessur.	Armillaria sinapina Bérubé & Dessur.	Bérubé & Dessur.	CA	R. Langevin, Québec.	Québec	PRESENT		ff7bd5db-b724-4932-b496-10ea298851f9	48.400335	-71.03723	3500.0						1992-09-26	26	9	1992	2536870	2536870	PRESERVED_SPECIMEN	Université de Montréal Biodiversity Centre	CMMF	CMMF014853	1630	Guérin, Gérard		CC0_1_0	Université de Montréal Biodiversity Centre	Guérin, Gérard			2024-01-24T16:38:20.650Z	StillImage	INSTITUTION_MATCH_FUZZY;COLLECTION_MATCH_FUZZY;DIFFERENT_OWNER_INSTITUTION
1412706332	21705170-d2b6-42de-8904-c3bca4b83591	CMMF014852	Fungi	Basidiomycota	Agaricomycetes	Agaricales	Physalacriaceae	Armillaria	Armillaria sinapina		SPECIES	Armillaria sinapina Bérubé & Dessur.	Armillaria sinapina Bérubé & Dessur.	Bérubé & Dessur.	CA	Saint-Ubalde, Québec.	Québec	PRESENT		ff7bd5db-b724-4932-b496-10ea298851f9	46.799305	-72.267036	10000.0						1987-08-18	18	8	1987	2536870	2536870	PRESERVED_SPECIMEN	Université de Montréal Biodiversity Centre	CMMF	CMMF014852	1629	Guérin, Gérard		CC0_1_0	Université de Montréal Biodiversity Centre	Guérin, Gérard			2024-01-24T16:38:20.650Z	StillImage	INSTITUTION_MATCH_FUZZY;COLLECTION_MATCH_FUZZY;DIFFERENT_OWNER_INSTITUTION
1135070630	21705170-d2b6-42de-8904-c3bca4b83591	CMMF009202	Fungi	Basidiomycota	Agaricomycetes	Agaricales	Physalacriaceae	Armillaria	Armillaria sinapina		SPECIES	Armillaria sinapina Bérubé & Dessur.	Armillaria sinapina Bérubé & Dessur.	Bérubé & Dessur.	CA	Chemin Chapelle, Lac-Beauport.	Québec	PRESENT		ff7bd5db-b724-4932-b496-10ea298851f9	46.949281	-71.284722	250.0						2006-09-15	15	9	2006	2536870	2536870	PRESERVED_SPECIMEN	Université de Montréal Biodiversity Centre	CMMF	CMMF009202	786	Labrecque, Jacqueline		CC0_1_0	Université de Montréal Biodiversity Centre	Labrecque, Jacqueline			2024-01-24T16:38:21.485Z		INSTITUTION_MATCH_FUZZY;COLLECTION_MATCH_FUZZY;DIFFERENT_OWNER_INSTITUTION
1135070559	21705170-d2b6-42de-8904-c3bca4b83591	CMMF009142	Fungi	Basidiomycota	Agaricomycetes	Agaricales	Physalacriaceae	Armillaria	Armillaria sinapina		SPECIES	Armillaria sinapina Bérubé & Dessur.	Armillaria sinapina Bérubé & Dessur.	Bérubé & Dessur.	CA	210 de l'Éperon, trottoir côté gauche, Lac-Beauport.	Québec	PRESENT		ff7bd5db-b724-4932-b496-10ea298851f9	46.964353	-71.306427	200.0						2006-09-09	9	9	2006	2536870	2536870	PRESERVED_SPECIMEN	Université de Montréal Biodiversity Centre	CMMF	CMMF009142	726	Labrecque, Jacqueline		CC0_1_0	Université de Montréal Biodiversity Centre	Labrecque, Jacqueline			2024-01-24T16:38:20.259Z		INSTITUTION_MATCH_FUZZY;COLLECTION_MATCH_FUZZY;DIFFERENT_OWNER_INSTITUTION
1024560161	21705170-d2b6-42de-8904-c3bca4b83591	CMMF005583	Fungi	Basidiomycota	Agaricomycetes	Agaricales	Physalacriaceae	Armillaria	Armillaria sinapina		SPECIES	Armillaria sinapina Bérubé & Dessur.	Armillaria sinapina Bérubé & Dessur.	Bérubé & Dessur.	CA	Mirabel (Chemin de la Rivière du Nord)	Québec	PRESENT		ff7bd5db-b724-4932-b496-10ea298851f9	45.51725	-74.2185	100.0						2006-09-21	21	9	2006	2536870	2536870	PRESERVED_SPECIMEN	Université de Montréal Biodiversity Centre	CMMF	CMMF005583	C2969	McNeil, Raymond		CC0_1_0	Université de Montréal Biodiversity Centre	McNeil, Raymond			2024-01-24T16:38:15.800Z	StillImage	INSTITUTION_MATCH_FUZZY;COLLECTION_MATCH_FUZZY;DIFFERENT_OWNER_INSTITUTION
1024560130	21705170-d2b6-42de-8904-c3bca4b83591	CMMF005582	Fungi	Basidiomycota	Agaricomycetes	Agaricales	Physalacriaceae	Armillaria	Armillaria sinapina		SPECIES	Armillaria sinapina Bérubé & Dessur.	Armillaria sinapina Bérubé & Dessur.	Bérubé & Dessur.	CA	Lac-Bouchette	Québec	PRESENT		ff7bd5db-b724-4932-b496-10ea298851f9	48.266667	-72.203333	100.0						2006-09-02	2	9	2006	2536870	2536870	PRESERVED_SPECIMEN	Université de Montréal Biodiversity Centre	CMMF	CMMF005582	C2917	McNeil, Raymond		CC0_1_0	Université de Montréal Biodiversity Centre	McNeil, Raymond			2024-01-24T16:38:15.800Z	StillImage	COORDINATE_ROUNDED;INSTITUTION_MATCH_FUZZY;COLLECTION_MATCH_FUZZY;DIFFERENT_OWNER_INSTITUTION
1024560107	21705170-d2b6-42de-8904-c3bca4b83591	CMMF005584	Fungi	Basidiomycota	Agaricomycetes	Agaricales	Physalacriaceae	Armillaria	Armillaria sinapina		SPECIES	Armillaria sinapina Bérubé & Dessur.	Armillaria sinapina Bérubé & Dessur.	Bérubé & Dessur.	CA	Saint-Lazare	Québec	PRESENT		ff7bd5db-b724-4932-b496-10ea298851f9	45.393333	-74.215833	100.0						2005-10-04	4	10	2005	2536870	2536870	PRESERVED_SPECIMEN	Université de Montréal Biodiversity Centre	CMMF	CMMF005584	C2627	McNeil, Raymond		CC0_1_0	Université de Montréal Biodiversity Centre	McNeil, Raymond			2024-01-24T16:38:15.801Z	StillImage	COORDINATE_ROUNDED;INSTITUTION_MATCH_FUZZY;COLLECTION_MATCH_FUZZY;DIFFERENT_OWNER_INSTITUTION
1024559801	21705170-d2b6-42de-8904-c3bca4b83591	CMMF005235	Fungi	Basidiomycota	Agaricomycetes	Agaricales	Physalacriaceae	Armillaria	Armillaria sinapina		SPECIES	Armillaria sinapina Bérubé & Dessur.	Armillaria sinapina Bérubé & Dessur.	Bérubé & Dessur.	CA	Réserve écologique du Boisé-des-Muir, Hinchinbrooke.	Québec	PRESENT		ff7bd5db-b724-4932-b496-10ea298851f9	45.084546	-74.115426	10.0						2012-09-24	24	9	2012	2536870	2536870	PRESERVED_SPECIMEN	Université de Montréal Biodiversity Centre	CMMF	CMMF005235	591	Langlois, Annabelle		CC0_1_0	Université de Montréal Biodiversity Centre	Langlois, Annabelle; McNeil, Raymond; Turgon, Jean-Pierre			2024-01-24T16:38:14.845Z		INSTITUTION_MATCH_FUZZY;COLLECTION_MATCH_FUZZY;DIFFERENT_OWNER_INSTITUTION
1024559735	21705170-d2b6-42de-8904-c3bca4b83591	CMMF005234	Fungi	Basidiomycota	Agaricomycetes	Agaricales	Physalacriaceae	Armillaria	Armillaria sinapina		SPECIES	Armillaria sinapina Bérubé & Dessur.	Armillaria sinapina Bérubé & Dessur.	Bérubé & Dessur.	CA	Réserve écologique du Boisé-des-Muir, Hinchinbrooke.	Québec	PRESENT		ff7bd5db-b724-4932-b496-10ea298851f9	45.084938	-74.113745	10.0						2012-09-24	24	9	2012	2536870	2536870	PRESERVED_SPECIMEN	Université de Montréal Biodiversity Centre	CMMF	CMMF005234	579	Langlois, Annabelle		CC0_1_0	Université de Montréal Biodiversity Centre	Langlois, Annabelle; McNeil, Raymond; Turgon, Jean-Pierre			2024-01-24T16:38:14.848Z		INSTITUTION_MATCH_FUZZY;COLLECTION_MATCH_FUZZY;DIFFERENT_OWNER_INSTITUTION
1024559708	21705170-d2b6-42de-8904-c3bca4b83591	CMMF005233	Fungi	Basidiomycota	Agaricomycetes	Agaricales	Physalacriaceae	Armillaria	Armillaria sinapina		SPECIES	Armillaria sinapina Bérubé & Dessur.	Armillaria sinapina Bérubé & Dessur.	Bérubé & Dessur.	CA	Réserve écologique du Boisé-des-Muir, Hinchinbrooke.	Québec	PRESENT		ff7bd5db-b724-4932-b496-10ea298851f9	45.086445	-74.115156	10.0						2012-09-23	23	9	2012	2536870	2536870	PRESERVED_SPECIMEN	Université de Montréal Biodiversity Centre	CMMF	CMMF005233	576	Langlois, Annabelle		CC0_1_0	Université de Montréal Biodiversity Centre	Langlois, Annabelle; Lebeuf, Renée; Turgon, Jean-Pierre			2024-01-24T16:38:14.849Z		INSTITUTION_MATCH_FUZZY;COLLECTION_MATCH_FUZZY;DIFFERENT_OWNER_INSTITUTION
