gbifID	datasetKey	occurrenceID	kingdom	phylum	class	order	family	genus	species	infraspecificEpithet	taxonRank	scientificName	verbatimScientificName	verbatimScientificNameAuthorship	countryCode	locality	stateProvince	occurrenceStatus	individualCount	publishingOrgKey	decimalLatitude	decimalLongitude	coordinateUncertaintyInMeters	coordinatePrecision	elevation	elevationAccuracy	depth	depthAccuracy	eventDate	day	month	year	taxonKey	speciesKey	basisOfRecord	institutionCode	collectionCode	catalogNumber	recordNumber	identifiedBy	dateIdentified	license	rightsHolder	recordedBy	typeStatus	establishmentMeans	lastInterpreted	mediaType	issue
694157018	d7cfd2ed-8af4-427f-a16e-eb66b7e2c419	14103	Fungi	Basidiomycota	Agaricomycetes	Agaricales	Bolbitiaceae	Conocybe	Conocybe apala		SPECIES	Conocybe apala (Fr.) Arnolds	Conocybe apala (Fr.) Arnolds 2003	(Fr.) Arnolds 2003	CA	Algonquin Provincial Park	Ontario	PRESENT		ff418020-1d67-11d9-8435-b8a03c50a862	45.759859	-78.376465	67511.0						2007-10-03	3	10	2007	2529827	2529827	PRESERVED_SPECIMEN	Royal Ontario Museum	TRTC	TRTC156993	ALG07_169			CC0_1_0	Royal Ontario Museum	Maryna Didukh; Dentiger Bryn			2024-01-25T00:59:40.235Z	StillImage	COORDINATE_ROUNDED;AMBIGUOUS_INSTITUTION
617554796	21705170-d2b6-42de-8904-c3bca4b83591	CMMF000521	Fungi	Basidiomycota	Agaricomycetes	Agaricales	Bolbitiaceae	Conocybe	Conocybe apala		SPECIES	Conocybe lactea (J.E.Lange) Métrod	Conocybe lactea (J.E. Lange) Métrod	(J.E. Lange) Métrod	CA	Montréal	Québec	PRESENT		ff7bd5db-b724-4932-b496-10ea298851f9	45.509625	-73.662984	25000.0						1989-06-26	26	6	1989	2529831	2529827	PRESERVED_SPECIMEN	Université de Montréal Biodiversity Centre	CMMF	CMMF000521		Lamoureux, Yves		CC0_1_0	Université de Montréal Biodiversity Centre	Lamoureux, Yves			2024-01-24T16:38:20.056Z	StillImage	INSTITUTION_MATCH_FUZZY;COLLECTION_MATCH_FUZZY;DIFFERENT_OWNER_INSTITUTION
617552992	21705170-d2b6-42de-8904-c3bca4b83591	CMMF000034	Fungi	Basidiomycota	Agaricomycetes	Agaricales	Bolbitiaceae	Conocybe	Conocybe apala		SPECIES	Conocybe lactea (J.E.Lange) Métrod	Conocybe lactea (J.E. Lange) Métrod	(J.E. Lange) Métrod	CA	Montréal	Québec	PRESENT		ff7bd5db-b724-4932-b496-10ea298851f9	45.509625	-73.662984	25000.0						1988-07-10	10	7	1988	2529831	2529827	PRESERVED_SPECIMEN	Université de Montréal Biodiversity Centre	CMMF	CMMF000034		Lamoureux, Yves		CC0_1_0	Université de Montréal Biodiversity Centre	Lamoureux, Yves			2024-01-24T16:38:20.353Z	StillImage	INSTITUTION_MATCH_FUZZY;COLLECTION_MATCH_FUZZY;DIFFERENT_OWNER_INSTITUTION
617549521	21705170-d2b6-42de-8904-c3bca4b83591	CMMF001877	Fungi	Basidiomycota	Agaricomycetes	Agaricales	Bolbitiaceae	Conocybe	Conocybe apala		SPECIES	Conocybe lactea (J.E.Lange) Métrod	Conocybe lactea (J.E. Lange) Métrod	(J.E. Lange) Métrod	CA	Longueuil	Québec	PRESENT		ff7bd5db-b724-4932-b496-10ea298851f9	45.544154	-73.477185	5000.0						1993-06-30	30	6	1993	2529831	2529827	PRESERVED_SPECIMEN	Université de Montréal Biodiversity Centre	CMMF	CMMF001877		Lamoureux, Yves		CC0_1_0	Université de Montréal Biodiversity Centre	Lamoureux, Yves			2024-01-24T16:38:17.231Z	StillImage	INSTITUTION_MATCH_FUZZY;COLLECTION_MATCH_FUZZY;DIFFERENT_OWNER_INSTITUTION
4987651870	50c9509d-22c7-4a22-a47d-8c48425ef4a7	https://www.inaturalist.org/observations/233834736	Fungi	Basidiomycota	Agaricomycetes	Agaricales	Bolbitiaceae	Conocybe	Conocybe apala		SPECIES	Conocybe apala (Fr.) Arnolds	Conocybe apala		CA		Prince Edward Island	PRESENT		28eb1a3f-1c15-4a95-931a-4af90ecb574d	46.692989	-64.019347	4.0						2024-08-03T19:25	3	8	2024	2529827	2529827	HUMAN_OBSERVATION	iNaturalist	Observations	233834736		Thelma Phillips	2024-08-04T23:37:05	CC_BY_NC_4_0	Thelma Phillips	Thelma Phillips			2025-01-14T13:42:13.761Z	StillImage	COORDINATE_ROUNDED;CONTINENT_DERIVED_FROM_COORDINATES;TAXON_MATCH_TAXON_ID_IGNORED
4936262681	50c9509d-22c7-4a22-a47d-8c48425ef4a7	https://www.inaturalist.org/observations/173050675	Fungi	Basidiomycota	Agaricomycetes	Agaricales	Bolbitiaceae	Conocybe	Conocybe apala		SPECIES	Conocybe apala (Fr.) Arnolds	Conocybe apala		CA		Québec	PRESENT		28eb1a3f-1c15-4a95-931a-4af90ecb574d	45.457356	-73.562775	34.0						2023-07-15T09:02:07	15	7	2023	2529827	2529827	HUMAN_OBSERVATION	iNaturalist	Observations	173050675		viandemoisie	2023-07-15T17:24:06	CC_BY_4_0	viandemoisie	viandemoisie			2025-01-14T13:31:29.885Z		COORDINATE_ROUNDED;CONTINENT_DERIVED_FROM_COORDINATES;TAXON_MATCH_TAXON_ID_IGNORED
4921879815	50c9509d-22c7-4a22-a47d-8c48425ef4a7	https://www.inaturalist.org/observations/233554001	Fungi	Basidiomycota	Agaricomycetes	Agaricales	Bolbitiaceae	Conocybe	Conocybe apala		SPECIES	Conocybe apala (Fr.) Arnolds	Conocybe apala		CA		Québec	PRESENT		28eb1a3f-1c15-4a95-931a-4af90ecb574d	45.678379	-73.506854	8.0						2024-08-03T15:31	3	8	2024	2529827	2529827	HUMAN_OBSERVATION	iNaturalist	Observations	233554001		sara-charlotte	2024-08-03T19:36:16	CC_BY_NC_4_0	sara-charlotte	sara-charlotte			2025-01-14T13:42:12.274Z	StillImage	COORDINATE_ROUNDED;CONTINENT_DERIVED_FROM_COORDINATES;TAXON_MATCH_TAXON_ID_IGNORED
4909213562	50c9509d-22c7-4a22-a47d-8c48425ef4a7	https://www.inaturalist.org/observations/229623205	Fungi	Basidiomycota	Agaricomycetes	Agaricales	Bolbitiaceae	Conocybe	Conocybe apala		SPECIES	Conocybe apala (Fr.) Arnolds	Conocybe apala		CA		Québec	PRESENT		28eb1a3f-1c15-4a95-931a-4af90ecb574d	45.634052	-73.810907	31.0						2024-07-14T08:54	14	7	2024	2529827	2529827	HUMAN_OBSERVATION	iNaturalist	Observations	229623205		Taylor Routledge	2024-07-16T17:04:32	CC_BY_NC_4_0	ramenramen	ramenramen			2025-01-14T13:47:36.552Z	StillImage	COORDINATE_ROUNDED;CONTINENT_DERIVED_FROM_COORDINATES;TAXON_MATCH_TAXON_ID_IGNORED
4908978393	50c9509d-22c7-4a22-a47d-8c48425ef4a7	https://www.inaturalist.org/observations/227789749	Fungi	Basidiomycota	Agaricomycetes	Agaricales	Bolbitiaceae	Conocybe	Conocybe apala		SPECIES	Conocybe apala (Fr.) Arnolds	Conocybe apala		CA		Ontario	PRESENT		28eb1a3f-1c15-4a95-931a-4af90ecb574d	46.003108	-77.44393	35.0						2024-07-05T07:51:27	5	7	2024	2529827	2529827	HUMAN_OBSERVATION	iNaturalist	Observations	227789749		Darren Gordon	2024-07-07T16:48:39	CC_BY_NC_4_0	Mike Theil	Mike Theil			2025-01-14T13:41:57.552Z	StillImage	COORDINATE_ROUNDED;CONTINENT_DERIVED_FROM_COORDINATES;TAXON_MATCH_TAXON_ID_IGNORED
4908736506	50c9509d-22c7-4a22-a47d-8c48425ef4a7	https://www.inaturalist.org/observations/228454615	Fungi	Basidiomycota	Agaricomycetes	Agaricales	Bolbitiaceae	Conocybe	Conocybe apala		SPECIES	Conocybe apala (Fr.) Arnolds	Conocybe apala		CA		New Brunswick	PRESENT		28eb1a3f-1c15-4a95-931a-4af90ecb574d	45.29457	-66.033669	184.0						2024-07-10T11:34:25	10	7	2024	2529827	2529827	HUMAN_OBSERVATION	iNaturalist	Observations	228454615		Toni Doucette	2024-07-10T15:23:49	CC_BY_NC_4_0	Toni Doucette	Toni Doucette			2025-01-14T13:37:03.480Z	StillImage	COORDINATE_ROUNDED;CONTINENT_DERIVED_FROM_COORDINATES;TAXON_MATCH_TAXON_ID_IGNORED
4908736058	50c9509d-22c7-4a22-a47d-8c48425ef4a7	https://www.inaturalist.org/observations/228455270	Fungi	Basidiomycota	Agaricomycetes	Agaricales	Bolbitiaceae	Conocybe	Conocybe apala		SPECIES	Conocybe apala (Fr.) Arnolds	Conocybe apala		CA		New Brunswick	PRESENT		28eb1a3f-1c15-4a95-931a-4af90ecb574d	45.338587	-67.432647	10.0						2024-07-10T07:53:55	10	7	2024	2529827	2529827	HUMAN_OBSERVATION	iNaturalist	Observations	228455270		Darren Gordon	2024-07-10T17:26:57	CC_BY_NC_4_0	chels_01	chels_01			2025-01-14T13:42:03.737Z	StillImage	COORDINATE_ROUNDED;CONTINENT_DERIVED_FROM_COORDINATES;TAXON_MATCH_TAXON_ID_IGNORED
4908149822	50c9509d-22c7-4a22-a47d-8c48425ef4a7	https://www.inaturalist.org/observations/229597064	Fungi	Basidiomycota	Agaricomycetes	Agaricales	Bolbitiaceae	Conocybe	Conocybe apala		SPECIES	Conocybe apala (Fr.) Arnolds	Conocybe apala		CA		Prince Edward Island	PRESENT		28eb1a3f-1c15-4a95-931a-4af90ecb574d	46.503562	-64.098224	66.0						2024-07-12T08:10	12	7	2024	2529827	2529827	HUMAN_OBSERVATION	iNaturalist	Observations	229597064		Denis Gallant	2024-07-15T23:13:57	CC_BY_NC_4_0	Denis Gallant	Denis Gallant			2025-01-14T13:42:05.470Z	StillImage	COORDINATE_ROUNDED;CONTINENT_DERIVED_FROM_COORDINATES;TAXON_MATCH_TAXON_ID_IGNORED
4908117874	50c9509d-22c7-4a22-a47d-8c48425ef4a7	https://www.inaturalist.org/observations/228934791	Fungi	Basidiomycota	Agaricomycetes	Agaricales	Bolbitiaceae	Conocybe	Conocybe apala		SPECIES	Conocybe apala (Fr.) Arnolds	Conocybe apala		CA		Ontario	PRESENT		28eb1a3f-1c15-4a95-931a-4af90ecb574d	45.269928	-75.884323	4.0						2024-07-12T21:02:31	12	7	2024	2529827	2529827	HUMAN_OBSERVATION	iNaturalist	Observations	228934791		hebsta	2024-07-13T01:02:38	CC_BY_NC_4_0	hebsta	hebsta			2025-01-14T12:47:00.782Z	StillImage	COORDINATE_ROUNDED;CONTINENT_DERIVED_FROM_COORDINATES;TAXON_MATCH_TAXON_ID_IGNORED
4901201988	50c9509d-22c7-4a22-a47d-8c48425ef4a7	https://www.inaturalist.org/observations/222442206	Fungi	Basidiomycota	Agaricomycetes	Agaricales	Bolbitiaceae	Conocybe	Conocybe apala		SPECIES	Conocybe apala (Fr.) Arnolds	Conocybe apala		CA		Québec	PRESENT		28eb1a3f-1c15-4a95-931a-4af90ecb574d	45.542599	-73.299126							2024-06-10T10:20:51	10	6	2024	2529827	2529827	HUMAN_OBSERVATION	iNaturalist	Observations	222442206		ysna	2024-06-13T13:58:15	CC_BY_NC_4_0	ysna	ysna			2025-01-14T13:41:08.828Z	StillImage	COORDINATE_ROUNDED;CONTINENT_DERIVED_FROM_COORDINATES;TAXON_MATCH_TAXON_ID_IGNORED
4901021669	50c9509d-22c7-4a22-a47d-8c48425ef4a7	https://www.inaturalist.org/observations/225089059	Fungi	Basidiomycota	Agaricomycetes	Agaricales	Bolbitiaceae	Conocybe	Conocybe apala		SPECIES	Conocybe apala (Fr.) Arnolds	Conocybe apala		CA		Ontario	PRESENT		28eb1a3f-1c15-4a95-931a-4af90ecb574d	45.233622	-75.47998	2.0						2024-06-25T09:19:18	25	6	2024	2529827	2529827	HUMAN_OBSERVATION	iNaturalist	Observations	225089059		DrBigTD	2024-06-25T13:20:09	CC_BY_NC_4_0	DrBigTD	DrBigTD			2025-01-14T13:41:44.491Z	StillImage	COORDINATE_ROUNDED;CONTINENT_DERIVED_FROM_COORDINATES;TAXON_MATCH_TAXON_ID_IGNORED
4875544583	50c9509d-22c7-4a22-a47d-8c48425ef4a7	https://www.inaturalist.org/observations/220204061	Fungi	Basidiomycota	Agaricomycetes	Agaricales	Bolbitiaceae	Conocybe	Conocybe apala		SPECIES	Conocybe apala (Fr.) Arnolds	Conocybe apala		CA		Ontario	PRESENT		28eb1a3f-1c15-4a95-931a-4af90ecb574d	45.252392	-75.808433							2024-06-02T08:11:35	2	6	2024	2529827	2529827	HUMAN_OBSERVATION	iNaturalist	Observations	220204061		Nina	2024-06-03T08:07:16	CC_BY_NC_4_0	Nina	Nina			2025-01-14T13:40:55.451Z	StillImage	COORDINATE_ROUNDED;CONTINENT_DERIVED_FROM_COORDINATES;TAXON_MATCH_TAXON_ID_IGNORED
4600107897	50c9509d-22c7-4a22-a47d-8c48425ef4a7	https://www.inaturalist.org/observations/203234880	Fungi	Basidiomycota	Agaricomycetes	Agaricales	Bolbitiaceae	Conocybe	Conocybe apala		SPECIES	Conocybe apala (Fr.) Arnolds	Conocybe apala		CA		Québec	PRESENT		28eb1a3f-1c15-4a95-931a-4af90ecb574d	46.78981	-71.331093	8.0						2023-07-29	29	7	2023	2529827	2529827	HUMAN_OBSERVATION	iNaturalist	Observations	203234880		Christian Grenier	2024-03-20T15:05:38	CC_BY_NC_4_0	Christian Grenier	Christian Grenier			2025-01-14T13:32:20.445Z	StillImage	COORDINATE_ROUNDED;CONTINENT_DERIVED_FROM_COORDINATES;TAXON_MATCH_TAXON_ID_IGNORED
4414301711	50c9509d-22c7-4a22-a47d-8c48425ef4a7	https://www.inaturalist.org/observations/183281542	Fungi	Basidiomycota	Agaricomycetes	Agaricales	Bolbitiaceae	Conocybe	Conocybe apala		SPECIES	Conocybe apala (Fr.) Arnolds	Conocybe apala		CA		New Brunswick	PRESENT		28eb1a3f-1c15-4a95-931a-4af90ecb574d	45.964084	-66.696932							2023-09-14T18:41:23	14	9	2023	2529827	2529827	HUMAN_OBSERVATION	iNaturalist	Observations	183281542		Andrew MacPherson	2023-09-15T01:46:41	CC0_1_0	Andrew MacPherson	Andrew MacPherson			2025-01-14T12:40:03.840Z	StillImage	COORDINATE_ROUNDED;CONTINENT_DERIVED_FROM_COORDINATES;TAXON_MATCH_TAXON_ID_IGNORED
4400359418	50c9509d-22c7-4a22-a47d-8c48425ef4a7	https://www.inaturalist.org/observations/178778778	Fungi	Basidiomycota	Agaricomycetes	Agaricales	Bolbitiaceae	Conocybe	Conocybe apala		SPECIES	Conocybe apala (Fr.) Arnolds	Conocybe apala		CA		Ontario	PRESENT		28eb1a3f-1c15-4a95-931a-4af90ecb574d	45.456765	-75.47787	4.0						2023-08-16T18:54	16	8	2023	2529827	2529827	HUMAN_OBSERVATION	iNaturalist	Observations	178778778		jonathan_mack	2023-08-17T01:38:43	CC_BY_NC_4_0	jonathan_mack	jonathan_mack			2025-01-14T13:26:27.975Z	StillImage	COORDINATE_ROUNDED;CONTINENT_DERIVED_FROM_COORDINATES;TAXON_MATCH_TAXON_ID_IGNORED
4400305702	50c9509d-22c7-4a22-a47d-8c48425ef4a7	https://www.inaturalist.org/observations/172694148	Fungi	Basidiomycota	Agaricomycetes	Agaricales	Bolbitiaceae	Conocybe	Conocybe apala		SPECIES	Conocybe apala (Fr.) Arnolds	Conocybe apala		CA		Québec	PRESENT		28eb1a3f-1c15-4a95-931a-4af90ecb574d	45.489182	-75.654963	9.0						2023-07-13T11:58:52	13	7	2023	2529827	2529827	HUMAN_OBSERVATION	iNaturalist	Observations	172694148		ca11um	2023-07-13T16:00:34	CC_BY_NC_4_0	ca11um	ca11um			2025-01-14T13:31:42.075Z	StillImage	COORDINATE_ROUNDED;CONTINENT_DERIVED_FROM_COORDINATES;TAXON_MATCH_TAXON_ID_IGNORED
4400301036	50c9509d-22c7-4a22-a47d-8c48425ef4a7	https://www.inaturalist.org/observations/179137870	Fungi	Basidiomycota	Agaricomycetes	Agaricales	Bolbitiaceae	Conocybe	Conocybe apala		SPECIES	Conocybe apala (Fr.) Arnolds	Conocybe apala		CA		Québec	PRESENT		28eb1a3f-1c15-4a95-931a-4af90ecb574d	45.595659	-73.606698	49.0						2023-08-17T08:28	17	8	2023	2529827	2529827	HUMAN_OBSERVATION	iNaturalist	Observations	179137870		exploratrice	2023-08-19T12:45:09	CC_BY_NC_4_0	exploratrice	exploratrice			2025-01-14T12:39:01.100Z	StillImage	COORDINATE_ROUNDED;CONTINENT_DERIVED_FROM_COORDINATES;TAXON_MATCH_TAXON_ID_IGNORED
4400110648	50c9509d-22c7-4a22-a47d-8c48425ef4a7	https://www.inaturalist.org/observations/179173230	Fungi	Basidiomycota	Agaricomycetes	Agaricales	Bolbitiaceae	Conocybe	Conocybe apala		SPECIES	Conocybe apala (Fr.) Arnolds	Conocybe apala		CA		Québec	PRESENT		28eb1a3f-1c15-4a95-931a-4af90ecb574d	45.500411	-75.70036	7.0						2023-08-19T12:19:47	19	8	2023	2529827	2529827	HUMAN_OBSERVATION	iNaturalist	Observations	179173230		cassowary68	2023-08-19T16:20:24	CC_BY_NC_4_0	cassowary68	cassowary68			2025-01-14T13:32:12.209Z	StillImage	COORDINATE_ROUNDED;CONTINENT_DERIVED_FROM_COORDINATES;TAXON_MATCH_TAXON_ID_IGNORED
4177282574	50c9509d-22c7-4a22-a47d-8c48425ef4a7	https://www.inaturalist.org/observations/177673115	Fungi	Basidiomycota	Agaricomycetes	Agaricales	Bolbitiaceae	Conocybe	Conocybe apala		SPECIES	Conocybe apala (Fr.) Arnolds	Conocybe apala		CA		Québec	PRESENT		28eb1a3f-1c15-4a95-931a-4af90ecb574d	45.476202	-75.701272	30908.0						2023-08-09T19:39:56	9	8	2023	2529827	2529827	HUMAN_OBSERVATION	iNaturalist	Observations	177673115		Myca	2023-08-10T15:00:15	CC_BY_NC_4_0	Myca	Myca			2025-01-14T12:38:36.927Z	StillImage	COORDINATE_ROUNDED;CONTINENT_DERIVED_FROM_COORDINATES;TAXON_MATCH_TAXON_ID_IGNORED
4171914255	50c9509d-22c7-4a22-a47d-8c48425ef4a7	https://www.inaturalist.org/observations/176113940	Fungi	Basidiomycota	Agaricomycetes	Agaricales	Bolbitiaceae	Conocybe	Conocybe apala		SPECIES	Conocybe apala (Fr.) Arnolds	Conocybe apala		CA		Québec	PRESENT		28eb1a3f-1c15-4a95-931a-4af90ecb574d	45.636677	-75.657327	8.0						2023-07-31T17:46	31	7	2023	2529827	2529827	HUMAN_OBSERVATION	iNaturalist	Observations	176113940		thejasperpatch	2023-08-01T15:03:10	CC_BY_NC_4_0	thejasperpatch	thejasperpatch			2025-01-14T12:37:17.631Z	StillImage	COORDINATE_ROUNDED;CONTINENT_DERIVED_FROM_COORDINATES;TAXON_MATCH_TAXON_ID_IGNORED
4171886841	50c9509d-22c7-4a22-a47d-8c48425ef4a7	https://www.inaturalist.org/observations/175634318	Fungi	Basidiomycota	Agaricomycetes	Agaricales	Bolbitiaceae	Conocybe	Conocybe apala		SPECIES	Conocybe apala (Fr.) Arnolds	Conocybe apala		CA		Québec	PRESENT		28eb1a3f-1c15-4a95-931a-4af90ecb574d	46.754493	-71.349997							2023-07-28T19:13:36	28	7	2023	2529827	2529827	HUMAN_OBSERVATION	iNaturalist	Observations	175634318		gundy05	2023-07-29T23:28:28	CC_BY_NC_4_0	gundy05	gundy05			2025-01-14T12:37:04.770Z	StillImage	COORDINATE_ROUNDED;CONTINENT_DERIVED_FROM_COORDINATES;TAXON_MATCH_TAXON_ID_IGNORED
4162549012	50c9509d-22c7-4a22-a47d-8c48425ef4a7	https://www.inaturalist.org/observations/173667228	Fungi	Basidiomycota	Agaricomycetes	Agaricales	Bolbitiaceae	Conocybe	Conocybe apala		SPECIES	Conocybe apala (Fr.) Arnolds	Conocybe apala		CA		Québec	PRESENT		28eb1a3f-1c15-4a95-931a-4af90ecb574d	46.809695	-71.245283	46.0						2023-07-18T12:49:07	18	7	2023	2529827	2529827	HUMAN_OBSERVATION	iNaturalist	Observations	173667228		Camille Boucher	2023-07-18T21:37:26	CC_BY_NC_4_0	Camille Boucher	Camille Boucher			2025-01-14T13:31:39.659Z	StillImage	COORDINATE_ROUNDED;CONTINENT_DERIVED_FROM_COORDINATES;TAXON_MATCH_TAXON_ID_IGNORED
4162456327	50c9509d-22c7-4a22-a47d-8c48425ef4a7	https://www.inaturalist.org/observations/172859237	Fungi	Basidiomycota	Agaricomycetes	Agaricales	Bolbitiaceae	Conocybe	Conocybe apala		SPECIES	Conocybe apala (Fr.) Arnolds	Conocybe apala		CA		Ontario	PRESENT		28eb1a3f-1c15-4a95-931a-4af90ecb574d	45.3779	-75.755072	20.0						2023-07-14T11:50:41	14	7	2023	2529827	2529827	HUMAN_OBSERVATION	iNaturalist	Observations	172859237		Keith Seifert	2023-07-14T16:01:41	CC0_1_0	Keith Seifert	Keith Seifert			2025-01-14T13:30:25.025Z	StillImage	COORDINATE_ROUNDED;CONTINENT_DERIVED_FROM_COORDINATES;TAXON_MATCH_TAXON_ID_IGNORED
4162257760	50c9509d-22c7-4a22-a47d-8c48425ef4a7	https://www.inaturalist.org/observations/172401807	Fungi	Basidiomycota	Agaricomycetes	Agaricales	Bolbitiaceae	Conocybe	Conocybe apala		SPECIES	Conocybe apala (Fr.) Arnolds	Conocybe apala		CA		Québec	PRESENT		28eb1a3f-1c15-4a95-931a-4af90ecb574d	46.80586	-71.246942	183.0						2023-07-11T07:51:42	11	7	2023	2529827	2529827	HUMAN_OBSERVATION	iNaturalist	Observations	172401807		Camille Boucher	2023-07-11T20:56:21	CC_BY_NC_4_0	Camille Boucher	Camille Boucher			2025-01-14T12:37:52.988Z	StillImage	COORDINATE_ROUNDED;CONTINENT_DERIVED_FROM_COORDINATES;TAXON_MATCH_TAXON_ID_IGNORED
4153984841	50c9509d-22c7-4a22-a47d-8c48425ef4a7	https://www.inaturalist.org/observations/172229292	Fungi	Basidiomycota	Agaricomycetes	Agaricales	Bolbitiaceae	Conocybe	Conocybe apala		SPECIES	Conocybe apala (Fr.) Arnolds	Conocybe apala		CA		Québec	PRESENT		28eb1a3f-1c15-4a95-931a-4af90ecb574d	46.775859	-71.277794	269.0						2023-07-10T12:33:25	10	7	2023	2529827	2529827	HUMAN_OBSERVATION	iNaturalist	Observations	172229292		Camille Boucher	2023-07-10T21:27:05	CC_BY_NC_4_0	Camille Boucher	Camille Boucher			2025-01-14T13:25:40.863Z	StillImage	COORDINATE_ROUNDED;CONTINENT_DERIVED_FROM_COORDINATES;TAXON_MATCH_TAXON_ID_IGNORED
4153539251	50c9509d-22c7-4a22-a47d-8c48425ef4a7	https://www.inaturalist.org/observations/172252027	Fungi	Basidiomycota	Agaricomycetes	Agaricales	Bolbitiaceae	Conocybe	Conocybe apala		SPECIES	Conocybe apala (Fr.) Arnolds	Conocybe apala		CA		Québec	PRESENT		28eb1a3f-1c15-4a95-931a-4af90ecb574d	45.509086	-73.805531							2023-07-10T19:22:46	10	7	2023	2529827	2529827	HUMAN_OBSERVATION	iNaturalist	Observations	172252027		Lukas Kramosch	2023-07-11T00:11:31	CC_BY_NC_4_0	Lukas Kramosch	Lukas Kramosch			2025-01-14T12:36:41.234Z	StillImage	COORDINATE_ROUNDED;CONTINENT_DERIVED_FROM_COORDINATES;TAXON_MATCH_TAXON_ID_IGNORED
4153394385	50c9509d-22c7-4a22-a47d-8c48425ef4a7	https://www.inaturalist.org/observations/128691917	Fungi	Basidiomycota	Agaricomycetes	Agaricales	Bolbitiaceae	Conocybe	Conocybe apala		SPECIES	Conocybe apala (Fr.) Arnolds	Conocybe apala		CA		Québec	PRESENT		28eb1a3f-1c15-4a95-931a-4af90ecb574d	45.52057	-73.519811	40.0						2022-07-29T12:05:22	29	7	2022	2529827	2529827	HUMAN_OBSERVATION	iNaturalist	Observations	128691917		Loïc	2022-07-30T22:08:39	CC_BY_NC_4_0	Loïc	Loïc			2025-01-14T12:32:55.606Z	StillImage	COORDINATE_ROUNDED;CONTINENT_DERIVED_FROM_COORDINATES;TAXON_MATCH_TAXON_ID_IGNORED
4145723458	50c9509d-22c7-4a22-a47d-8c48425ef4a7	https://www.inaturalist.org/observations/170997018	Fungi	Basidiomycota	Agaricomycetes	Agaricales	Bolbitiaceae	Conocybe	Conocybe apala		SPECIES	Conocybe apala (Fr.) Arnolds	Conocybe apala		CA		Québec	PRESENT		28eb1a3f-1c15-4a95-931a-4af90ecb574d	45.561959	-73.485323	31.0						2023-07-02T10:02	2	7	2023	2529827	2529827	HUMAN_OBSERVATION	iNaturalist	Observations	170997018		Antoine Fortin	2023-07-04T10:57:48	CC_BY_NC_4_0	Antoine Fortin	Antoine Fortin			2025-01-14T12:39:12.976Z	StillImage	COORDINATE_ROUNDED;CONTINENT_DERIVED_FROM_COORDINATES;TAXON_MATCH_TAXON_ID_IGNORED
3902955488	50c9509d-22c7-4a22-a47d-8c48425ef4a7	https://www.inaturalist.org/observations/133692227	Fungi	Basidiomycota	Agaricomycetes	Agaricales	Bolbitiaceae	Conocybe	Conocybe apala		SPECIES	Conocybe apala (Fr.) Arnolds	Conocybe apala		CA		Québec	PRESENT		28eb1a3f-1c15-4a95-931a-4af90ecb574d	46.518978	-72.507272	1981412.0						2022-09-04T18:56:03	4	9	2022	2529827	2529827	HUMAN_OBSERVATION	iNaturalist	Observations	133692227		tammytwoshoes	2022-09-04T23:18:23	CC_BY_NC_4_0	tammytwoshoes	tammytwoshoes			2025-01-14T12:31:47.356Z	StillImage	COORDINATE_ROUNDED;CONTINENT_DERIVED_FROM_COORDINATES;TAXON_MATCH_TAXON_ID_IGNORED
3881904601	50c9509d-22c7-4a22-a47d-8c48425ef4a7	https://www.inaturalist.org/observations/128910933	Fungi	Basidiomycota	Agaricomycetes	Agaricales	Bolbitiaceae	Conocybe	Conocybe apala		SPECIES	Conocybe apala (Fr.) Arnolds	Conocybe apala		CA		Prince Edward Island	PRESENT		28eb1a3f-1c15-4a95-931a-4af90ecb574d	46.692895	-64.019089	4.0						2022-07-31T20:23:59	31	7	2022	2529827	2529827	HUMAN_OBSERVATION	iNaturalist	Observations	128910933		Thelma Phillips	2022-08-01T01:32:20	CC_BY_NC_4_0	Thelma Phillips	Thelma Phillips			2025-01-14T12:31:09.244Z	StillImage	COORDINATE_ROUNDED;CONTINENT_DERIVED_FROM_COORDINATES;TAXON_MATCH_TAXON_ID_IGNORED
3881367462	50c9509d-22c7-4a22-a47d-8c48425ef4a7	https://www.inaturalist.org/observations/123346268	Fungi	Basidiomycota	Agaricomycetes	Agaricales	Bolbitiaceae	Conocybe	Conocybe apala		SPECIES	Conocybe apala (Fr.) Arnolds	Conocybe apala		CA		Ontario	PRESENT		28eb1a3f-1c15-4a95-931a-4af90ecb574d	45.306683	-75.896162	6.0						2022-06-25T07:30:55	25	6	2022	2529827	2529827	HUMAN_OBSERVATION	iNaturalist	Observations	123346268		naturedirk	2022-06-25T11:31:14	CC_BY_NC_4_0	naturedirk	naturedirk			2025-01-14T12:30:30.939Z	StillImage	COORDINATE_ROUNDED;CONTINENT_DERIVED_FROM_COORDINATES;TAXON_MATCH_TAXON_ID_IGNORED
3399186906	50c9509d-22c7-4a22-a47d-8c48425ef4a7	https://www.inaturalist.org/observations/97270093	Fungi	Basidiomycota	Agaricomycetes	Agaricales	Bolbitiaceae	Conocybe	Conocybe apala		SPECIES	Conocybe apala (Fr.) Arnolds	Conocybe apala		CA		Québec	PRESENT		28eb1a3f-1c15-4a95-931a-4af90ecb574d	45.513725	-73.581283	18.0						2021-10-05T14:50:45	5	10	2021	2529827	2529827	HUMAN_OBSERVATION	iNaturalist	Observations	97270093		artpat	2021-10-12T21:10:29	CC_BY_NC_4_0	eva_hammer	eva_hammer			2025-01-14T12:22:03.263Z	StillImage	COORDINATE_ROUNDED;CONTINENT_DERIVED_FROM_COORDINATES;TAXON_MATCH_TAXON_ID_IGNORED
3355355290	50c9509d-22c7-4a22-a47d-8c48425ef4a7	https://www.inaturalist.org/observations/93037849	Fungi	Basidiomycota	Agaricomycetes	Agaricales	Bolbitiaceae	Conocybe	Conocybe apala		SPECIES	Conocybe apala (Fr.) Arnolds	Conocybe apala		CA		Ontario	PRESENT		28eb1a3f-1c15-4a95-931a-4af90ecb574d	45.06187	-76.122453	4.0						2021-08-30T09:16:20	30	8	2021	2529827	2529827	HUMAN_OBSERVATION	iNaturalist	Observations	93037849		Windstone Farm	2021-08-30T13:59:33	CC_BY_NC_4_0	Windstone Farm	Windstone Farm			2025-01-14T13:14:02.872Z	StillImage	COORDINATE_ROUNDED;CONTINENT_DERIVED_FROM_COORDINATES;TAXON_MATCH_TAXON_ID_IGNORED
3333551498	50c9509d-22c7-4a22-a47d-8c48425ef4a7	https://www.inaturalist.org/observations/89100467	Fungi	Basidiomycota	Agaricomycetes	Agaricales	Bolbitiaceae	Conocybe	Conocybe apala		SPECIES	Conocybe apala (Fr.) Arnolds	Conocybe apala		CA		Ontario	PRESENT		28eb1a3f-1c15-4a95-931a-4af90ecb574d	45.613671	-74.600785	5.0						2021-07-29T15:16:19	29	7	2021	2529827	2529827	HUMAN_OBSERVATION	iNaturalist	Observations	89100467		stremcarr	2021-07-29T19:16:43	CC_BY_NC_4_0	stremcarr	stremcarr			2025-01-14T12:20:37.230Z	StillImage	COORDINATE_ROUNDED;CONTINENT_DERIVED_FROM_COORDINATES;TAXON_MATCH_TAXON_ID_IGNORED
3330534806	50c9509d-22c7-4a22-a47d-8c48425ef4a7	https://www.inaturalist.org/observations/87399365	Fungi	Basidiomycota	Agaricomycetes	Agaricales	Bolbitiaceae	Conocybe	Conocybe apala		SPECIES	Conocybe apala (Fr.) Arnolds	Conocybe apala		CA		Québec	PRESENT		28eb1a3f-1c15-4a95-931a-4af90ecb574d	45.836505	-73.366375	9184.0						2021-07-17T10:18:44	17	7	2021	2529827	2529827	HUMAN_OBSERVATION	iNaturalist	Observations	87399365		Espace pour la vie	2021-07-17T14:19:11	CC_BY_NC_4_0	Espace pour la vie	Espace pour la vie			2025-01-14T13:10:59.333Z	StillImage	COORDINATE_ROUNDED;CONTINENT_DERIVED_FROM_COORDINATES;TAXON_MATCH_TAXON_ID_IGNORED
2883137349	50c9509d-22c7-4a22-a47d-8c48425ef4a7	https://www.inaturalist.org/observations/34041157	Fungi	Basidiomycota	Agaricomycetes	Agaricales	Bolbitiaceae	Conocybe	Conocybe apala		SPECIES	Conocybe apala (Fr.) Arnolds	Conocybe apala		CA		Ontario	PRESENT		28eb1a3f-1c15-4a95-931a-4af90ecb574d	45.51857	-75.345393	11.0						2019-09-27	27	9	2019	2529827	2529827	HUMAN_OBSERVATION	iNaturalist	Observations	34041157		kevinwallace	2019-10-12T21:50:12	CC_BY_NC_4_0	kevinwallace	kevinwallace			2025-01-14T13:04:45.174Z	StillImage	CONTINENT_DERIVED_FROM_COORDINATES;TAXON_MATCH_TAXON_ID_IGNORED
2826226459	50c9509d-22c7-4a22-a47d-8c48425ef4a7	https://www.inaturalist.org/observations/54619660	Fungi	Basidiomycota	Agaricomycetes	Agaricales	Bolbitiaceae	Conocybe	Conocybe apala		SPECIES	Conocybe apala (Fr.) Arnolds	Conocybe apala		CA		Québec	PRESENT		28eb1a3f-1c15-4a95-931a-4af90ecb574d	45.46048	-73.811005	7.0						2020-07-28T07:59:11	28	7	2020	2529827	2529827	HUMAN_OBSERVATION	iNaturalist	Observations	54619660		margom22	2020-07-28T12:00:35	CC_BY_NC_4_0	margom22	margom22			2025-01-14T12:14:02.034Z	StillImage	CONTINENT_DERIVED_FROM_COORDINATES;TAXON_MATCH_TAXON_ID_IGNORED
2813926111	50c9509d-22c7-4a22-a47d-8c48425ef4a7	https://www.inaturalist.org/observations/51638958	Fungi	Basidiomycota	Agaricomycetes	Agaricales	Bolbitiaceae	Conocybe	Conocybe apala		SPECIES	Conocybe apala (Fr.) Arnolds	Conocybe apala		CA		Nova Scotia	PRESENT		28eb1a3f-1c15-4a95-931a-4af90ecb574d	45.648648	-64.059965	3160.0						2020-07-01T12:19	1	7	2020	2529827	2529827	HUMAN_OBSERVATION	iNaturalist	Observations	51638958		Paula DeSanto	2020-07-01T23:28:44	CC_BY_NC_4_0	Ben	Ben			2025-01-14T13:08:10.351Z	StillImage	COORDINATE_ROUNDED;CONTINENT_DERIVED_FROM_COORDINATES;TAXON_MATCH_TAXON_ID_IGNORED
2609077281	50c9509d-22c7-4a22-a47d-8c48425ef4a7	https://www.inaturalist.org/observations/29312017	Fungi	Basidiomycota	Agaricomycetes	Agaricales	Bolbitiaceae	Conocybe	Conocybe apala		SPECIES	Conocybe apala (Fr.) Arnolds	Conocybe apala		CA		Ontario	PRESENT		28eb1a3f-1c15-4a95-931a-4af90ecb574d	45.309438	-75.435266	27190.0						2019-07-22T07:28:56	22	7	2019	2529827	2529827	HUMAN_OBSERVATION	iNaturalist	Observations	29312017		weeezy	2019-07-22T12:41:11	CC_BY_NC_4_0	weeezy	weeezy			2025-01-14T12:09:35.950Z	StillImage	COORDINATE_ROUNDED;CONTINENT_DERIVED_FROM_COORDINATES;TAXON_MATCH_TAXON_ID_IGNORED
2366023254	50c9509d-22c7-4a22-a47d-8c48425ef4a7	https://www.inaturalist.org/observations/28053722	Fungi	Basidiomycota	Agaricomycetes	Agaricales	Bolbitiaceae	Conocybe	Conocybe apala		SPECIES	Conocybe apala (Fr.) Arnolds	Conocybe apala		CA		Québec	PRESENT		28eb1a3f-1c15-4a95-931a-4af90ecb574d	45.477192	-71.812867	24.0						2019-07-02T08:57:08	2	7	2019	2529827	2529827	HUMAN_OBSERVATION	iNaturalist	Observations	28053722		bboisvert3	2019-07-02T13:06:32	CC_BY_NC_4_0	bboisvert3	bboisvert3			2025-01-14T12:08:12.858Z	StillImage	COORDINATE_ROUNDED;CONTINENT_DERIVED_FROM_COORDINATES;TAXON_MATCH_TAXON_ID_IGNORED
1412706202	21705170-d2b6-42de-8904-c3bca4b83591	CMMF014635	Fungi	Basidiomycota	Agaricomycetes	Agaricales	Bolbitiaceae	Conocybe	Conocybe apala		SPECIES	Conocybe lactea (J.E.Lange) Métrod	Conocybe lactea (J.E. Lange) Métrod	(J.E. Lange) Métrod	CA	Brossard, Québec.	Québec	PRESENT		ff7bd5db-b724-4932-b496-10ea298851f9	45.447591	-73.453807	6500.0						1981-06-21	21	6	1981	2529831	2529827	PRESERVED_SPECIMEN	Université de Montréal Biodiversity Centre	CMMF	CMMF014635	2027	Guérin, Gérard		CC0_1_0	Université de Montréal Biodiversity Centre	Guérin, Gérard			2024-01-24T16:38:20.324Z	StillImage	INSTITUTION_MATCH_FUZZY;COLLECTION_MATCH_FUZZY;DIFFERENT_OWNER_INSTITUTION
1135071021	21705170-d2b6-42de-8904-c3bca4b83591	CMMF009519	Fungi	Basidiomycota	Agaricomycetes	Agaricales	Bolbitiaceae	Conocybe	Conocybe apala		SPECIES	Conocybe lactea (J.E.Lange) Métrod	Conocybe lactea (J.E. Lange) Métrod	(J.E. Lange) Métrod	CA	École Montagnac, Lac-Beauport.	Québec	PRESENT		ff7bd5db-b724-4932-b496-10ea298851f9	46.946241	-71.297755	400.0						2007-07-13	13	7	2007	2529831	2529827	PRESERVED_SPECIMEN	Université de Montréal Biodiversity Centre	CMMF	CMMF009519	1103	Labrecque, Jacqueline		CC0_1_0	Université de Montréal Biodiversity Centre	Labrecque, Jacqueline			2024-01-24T16:38:21.734Z		INSTITUTION_MATCH_FUZZY;COLLECTION_MATCH_FUZZY;DIFFERENT_OWNER_INSTITUTION
1135070188	21705170-d2b6-42de-8904-c3bca4b83591	CMMF008705	Fungi	Basidiomycota	Agaricomycetes	Agaricales	Bolbitiaceae	Conocybe	Conocybe apala		SPECIES	Conocybe lactea (J.E.Lange) Métrod	Conocybe lactea (J.E. Lange) Métrod	(J.E. Lange) Métrod	CA	Chez Archibald, Lac-Beauport.	Québec	PRESENT		ff7bd5db-b724-4932-b496-10ea298851f9	46.953091	-71.275238	5000.0						2006-07-05	5	7	2006	2529831	2529827	PRESERVED_SPECIMEN	Université de Montréal Biodiversity Centre	CMMF	CMMF008705	286	Labrecque, Jacqueline		CC0_1_0	Université de Montréal Biodiversity Centre	Labrecque, Jacqueline			2024-01-24T16:38:18.787Z	StillImage	INSTITUTION_MATCH_FUZZY;COLLECTION_MATCH_FUZZY;DIFFERENT_OWNER_INSTITUTION
1135067839	21705170-d2b6-42de-8904-c3bca4b83591	CMMF006363	Fungi	Basidiomycota	Agaricomycetes	Agaricales	Bolbitiaceae	Conocybe	Conocybe apala		SPECIES	Conocybe apala (Fr.) Arnolds	Conocybe apala (Fr.) Arnolds	(Fr.) Arnolds	CA	Châteauguay	Québec	PRESENT		ff7bd5db-b724-4932-b496-10ea298851f9	45.3731	-73.737433	100.0						2005-07-26	26	7	2005	2529827	2529827	PRESERVED_SPECIMEN	Université de Montréal Biodiversity Centre	CMMF	CMMF006363	C2240	McNeil, Raymond		CC0_1_0	Université de Montréal Biodiversity Centre	McNeil, Raymond			2024-01-24T16:38:19.016Z	StillImage	COORDINATE_ROUNDED;INSTITUTION_MATCH_FUZZY;COLLECTION_MATCH_FUZZY;DIFFERENT_OWNER_INSTITUTION
1135067786	21705170-d2b6-42de-8904-c3bca4b83591	CMMF006362	Fungi	Basidiomycota	Agaricomycetes	Agaricales	Bolbitiaceae	Conocybe	Conocybe apala		SPECIES	Conocybe apala (Fr.) Arnolds	Conocybe apala (Fr.) Arnolds	(Fr.) Arnolds	CA	Châteauguay	Québec	PRESENT		ff7bd5db-b724-4932-b496-10ea298851f9	45.3731	-73.737433	100.0						2008-07-21	21	7	2008	2529827	2529827	PRESERVED_SPECIMEN	Université de Montréal Biodiversity Centre	CMMF	CMMF006362	C3296	McNeil, Raymond		CC0_1_0	Université de Montréal Biodiversity Centre	McNeil, Raymond			2024-01-24T16:38:19.022Z	StillImage	COORDINATE_ROUNDED;INSTITUTION_MATCH_FUZZY;COLLECTION_MATCH_FUZZY;DIFFERENT_OWNER_INSTITUTION
1135067777	21705170-d2b6-42de-8904-c3bca4b83591	CMMF006360	Fungi	Basidiomycota	Agaricomycetes	Agaricales	Bolbitiaceae	Conocybe	Conocybe apala		SPECIES	Conocybe apala (Fr.) Arnolds	Conocybe apala (Fr.) Arnolds	(Fr.) Arnolds	CA	Châteauguay	Québec	PRESENT		ff7bd5db-b724-4932-b496-10ea298851f9	45.3731	-73.737433	100.0						1980-07-21	21	7	1980	2529827	2529827	PRESERVED_SPECIMEN	Université de Montréal Biodiversity Centre	CMMF	CMMF006360	635	McNeil, Raymond		CC0_1_0	Université de Montréal Biodiversity Centre	McNeil, Raymond			2024-01-24T16:38:19.010Z	StillImage	COORDINATE_ROUNDED;INSTITUTION_MATCH_FUZZY;COLLECTION_MATCH_FUZZY;DIFFERENT_OWNER_INSTITUTION
1135066972	21705170-d2b6-42de-8904-c3bca4b83591	CMMF010373	Fungi	Basidiomycota	Agaricomycetes	Agaricales	Bolbitiaceae	Conocybe	Conocybe apala		SPECIES	Conocybe lactea (J.E.Lange) Métrod	Conocybe lactea (J.E. Lange) Métrod	(J.E. Lange) Métrod	CA	Parc des Moulins, Québec.	Québec	PRESENT		ff7bd5db-b724-4932-b496-10ea298851f9	46.887678	-71.301288	600.0						2008-06-30	30	6	2008	2529831	2529827	PRESERVED_SPECIMEN	Université de Montréal Biodiversity Centre	CMMF	CMMF010373	1959	Labrecque, Jacqueline		CC0_1_0	Université de Montréal Biodiversity Centre	Labrecque, Jacqueline			2024-01-24T16:38:21.608Z		INSTITUTION_MATCH_FUZZY;COLLECTION_MATCH_FUZZY;DIFFERENT_OWNER_INSTITUTION
