gbifID	datasetKey	occurrenceID	kingdom	phylum	class	order	family	genus	species	infraspecificEpithet	taxonRank	scientificName	verbatimScientificName	verbatimScientificNameAuthorship	countryCode	locality	stateProvince	occurrenceStatus	individualCount	publishingOrgKey	decimalLatitude	decimalLongitude	coordinateUncertaintyInMeters	coordinatePrecision	elevation	elevationAccuracy	depth	depthAccuracy	eventDate	day	month	year	taxonKey	speciesKey	basisOfRecord	institutionCode	collectionCode	catalogNumber	recordNumber	identifiedBy	dateIdentified	license	rightsHolder	recordedBy	typeStatus	establishmentMeans	lastInterpreted	mediaType	issue
617553889	21705170-d2b6-42de-8904-c3bca4b83591	CMMF003805	Fungi	Basidiomycota	Agaricomycetes	Agaricales	Pleurotaceae	Pleurotus	Pleurotus pulmonarius		SPECIES	Pleurotus pulmonarius (Fr.) Quél.	Pleurotus pulmonarius (Fr.) Quél.	(Fr.) Quél.	CA	Rawdon	Québec	PRESENT		ff7bd5db-b724-4932-b496-10ea298851f9	46.052398	-73.748752	11000.0						2003-08-15	15	8	2003	2526548	2526548	PRESERVED_SPECIMEN	Université de Montréal Biodiversity Centre	CMMF	CMMF003805		Lamoureux, Yves		CC0_1_0	Université de Montréal Biodiversity Centre	Lamoureux, Yves			2024-01-24T16:38:16.510Z	StillImage	INSTITUTION_MATCH_FUZZY;COLLECTION_MATCH_FUZZY;DIFFERENT_OWNER_INSTITUTION
617553126	21705170-d2b6-42de-8904-c3bca4b83591	CMMF003458	Fungi	Basidiomycota	Agaricomycetes	Agaricales	Pleurotaceae	Pleurotus	Pleurotus pulmonarius		SPECIES	Pleurotus pulmonarius (Fr.) Quél.	Pleurotus pulmonarius (Fr.) Quél.	(Fr.) Quél.	CA	Rawdon	Québec	PRESENT		ff7bd5db-b724-4932-b496-10ea298851f9	46.052398	-73.748752	11000.0						2000-08-13	13	8	2000	2526548	2526548	PRESERVED_SPECIMEN	Université de Montréal Biodiversity Centre	CMMF	CMMF003458		Lamoureux, Yves		CC0_1_0	Université de Montréal Biodiversity Centre	Lamoureux, Yves			2024-01-24T16:38:16.261Z	StillImage	INSTITUTION_MATCH_FUZZY;COLLECTION_MATCH_FUZZY;DIFFERENT_OWNER_INSTITUTION
4946644490	50c9509d-22c7-4a22-a47d-8c48425ef4a7	https://www.inaturalist.org/observations/239697198	Fungi	Basidiomycota	Agaricomycetes	Agaricales	Pleurotaceae	Pleurotus	Pleurotus pulmonarius		SPECIES	Pleurotus pulmonarius (Fr.) Quél.	Pleurotus pulmonarius		CA		Prince Edward Island	PRESENT		28eb1a3f-1c15-4a95-931a-4af90ecb574d	46.951047	-64.040108	4.0						2024-09-03T14:05:14	3	9	2024	2526548	2526548	HUMAN_OBSERVATION	iNaturalist	Observations	239697198		Rosemary Curley	2024-09-03T22:30:56	CC_BY_NC_4_0	Rosemary Curley	Rosemary Curley			2025-01-14T12:50:28.587Z	StillImage	COORDINATE_ROUNDED;CONTINENT_DERIVED_FROM_COORDINATES;TAXON_MATCH_TAXON_ID_IGNORED
4936607640	50c9509d-22c7-4a22-a47d-8c48425ef4a7	https://www.inaturalist.org/observations/239689303	Fungi	Basidiomycota	Agaricomycetes	Agaricales	Pleurotaceae	Pleurotus	Pleurotus pulmonarius		SPECIES	Pleurotus pulmonarius (Fr.) Quél.	Pleurotus pulmonarius		CA		Prince Edward Island	PRESENT		28eb1a3f-1c15-4a95-931a-4af90ecb574d	46.94965	-64.04445	4.0						2024-09-03T14:58:46	3	9	2024	2526548	2526548	HUMAN_OBSERVATION	iNaturalist	Observations	239689303		Rosemary Curley	2024-09-03T21:42:23	CC_BY_NC_4_0	Rosemary Curley	Rosemary Curley			2025-01-14T13:43:48.647Z	StillImage	CONTINENT_DERIVED_FROM_COORDINATES;TAXON_MATCH_TAXON_ID_IGNORED
4936295007	50c9509d-22c7-4a22-a47d-8c48425ef4a7	https://www.inaturalist.org/observations/239276435	Fungi	Basidiomycota	Agaricomycetes	Agaricales	Pleurotaceae	Pleurotus	Pleurotus pulmonarius		SPECIES	Pleurotus pulmonarius (Fr.) Quél.	Pleurotus pulmonarius		CA		Prince Edward Island	PRESENT		28eb1a3f-1c15-4a95-931a-4af90ecb574d	46.846963	-64.016092	4.0						2024-09-01T17:57:17	1	9	2024	2526548	2526548	HUMAN_OBSERVATION	iNaturalist	Observations	239276435		Rosemary Curley	2024-09-01T21:54:29	CC_BY_NC_4_0	Rosemary Curley	Rosemary Curley			2025-01-14T12:53:26.206Z	StillImage	COORDINATE_ROUNDED;CONTINENT_DERIVED_FROM_COORDINATES;TAXON_MATCH_TAXON_ID_IGNORED
4935792869	50c9509d-22c7-4a22-a47d-8c48425ef4a7	https://www.inaturalist.org/observations/236264130	Fungi	Basidiomycota	Agaricomycetes	Agaricales	Pleurotaceae	Pleurotus	Pleurotus pulmonarius		SPECIES	Pleurotus pulmonarius (Fr.) Quél.	Pleurotus pulmonarius		CA		Ontario	PRESENT		28eb1a3f-1c15-4a95-931a-4af90ecb574d	45.550236	-78.639421	645.0						2024-08-16T01:04:50	16	8	2024	2526548	2526548	HUMAN_OBSERVATION	iNaturalist	Observations	236264130		Liam Thorne	2024-08-17T12:42:43	CC_BY_NC_4_0	Liam Thorne	Liam Thorne			2025-01-14T12:49:30.696Z	StillImage	COORDINATE_ROUNDED;CONTINENT_DERIVED_FROM_COORDINATES;TAXON_MATCH_TAXON_ID_IGNORED
4921671510	50c9509d-22c7-4a22-a47d-8c48425ef4a7	https://www.inaturalist.org/observations/232814063	Fungi	Basidiomycota	Agaricomycetes	Agaricales	Pleurotaceae	Pleurotus	Pleurotus pulmonarius		SPECIES	Pleurotus pulmonarius (Fr.) Quél.	Pleurotus pulmonarius		CA		Québec	PRESENT		28eb1a3f-1c15-4a95-931a-4af90ecb574d	45.487617	-74.007453	10.0						2024-07-30T19:37:44	30	7	2024	2526548	2526548	HUMAN_OBSERVATION	iNaturalist	Observations	232814063		woodstream	2024-07-31T01:25:11	CC_BY_NC_4_0	woodstream	woodstream			2025-01-14T13:37:47.531Z	StillImage	COORDINATE_ROUNDED;CONTINENT_DERIVED_FROM_COORDINATES;TAXON_MATCH_TAXON_ID_IGNORED
4607390567	50c9509d-22c7-4a22-a47d-8c48425ef4a7	https://www.inaturalist.org/observations/180696343	Fungi	Basidiomycota	Agaricomycetes	Agaricales	Pleurotaceae	Pleurotus	Pleurotus pulmonarius		SPECIES	Pleurotus pulmonarius (Fr.) Quél.	Pleurotus pulmonarius		CA		Québec	PRESENT		28eb1a3f-1c15-4a95-931a-4af90ecb574d	45.404247	-73.941178	5.0						2023-08-28T12:00:33	28	8	2023	2526548	2526548	HUMAN_OBSERVATION	iNaturalist	Observations	180696343		florencedeschuymer	2023-08-28T23:33:40	CC_BY_NC_4_0	florencedeschuymer	florencedeschuymer			2025-01-14T12:39:25.200Z	StillImage	COORDINATE_ROUNDED;CONTINENT_DERIVED_FROM_COORDINATES;TAXON_MATCH_TAXON_ID_IGNORED
4453895552	50c9509d-22c7-4a22-a47d-8c48425ef4a7	https://www.inaturalist.org/observations/129820782	Fungi	Basidiomycota	Agaricomycetes	Agaricales	Pleurotaceae	Pleurotus	Pleurotus pulmonarius		SPECIES	Pleurotus pulmonarius (Fr.) Quél.	Pleurotus pulmonarius		CA		Québec	PRESENT		28eb1a3f-1c15-4a95-931a-4af90ecb574d	45.663743	-75.679466	5.0						2022-08-07T09:47:57	7	8	2022	2526548	2526548	HUMAN_OBSERVATION	iNaturalist	Observations	129820782		Anthony Gaston	2022-08-07T13:49:09	CC_BY_NC_4_0	Anthony Gaston	Anthony Gaston			2025-01-14T13:24:25.360Z	StillImage	COORDINATE_ROUNDED;CONTINENT_DERIVED_FROM_COORDINATES;TAXON_MATCH_TAXON_ID_IGNORED
4430480682	50c9509d-22c7-4a22-a47d-8c48425ef4a7	https://www.inaturalist.org/observations/173910233	Fungi	Basidiomycota	Agaricomycetes	Agaricales	Pleurotaceae	Pleurotus	Pleurotus pulmonarius		SPECIES	Pleurotus pulmonarius (Fr.) Quél.	Pleurotus pulmonarius		CA		Québec	PRESENT		28eb1a3f-1c15-4a95-931a-4af90ecb574d	45.626992	-75.942827							2023-07-17T15:11:37	17	7	2023	2526548	2526548	HUMAN_OBSERVATION	iNaturalist	Observations	173910233		calvert7272	2023-07-20T10:12:12	CC_BY_NC_4_0	calvert7272	calvert7272			2025-01-14T13:31:16.525Z	StillImage	COORDINATE_ROUNDED;CONTINENT_DERIVED_FROM_COORDINATES;TAXON_MATCH_TAXON_ID_IGNORED
4424414256	50c9509d-22c7-4a22-a47d-8c48425ef4a7	https://www.inaturalist.org/observations/186414441	Fungi	Basidiomycota	Agaricomycetes	Agaricales	Pleurotaceae	Pleurotus	Pleurotus pulmonarius		SPECIES	Pleurotus pulmonarius (Fr.) Quél.	Pleurotus pulmonarius		CA		Québec	PRESENT		28eb1a3f-1c15-4a95-931a-4af90ecb574d	45.872811	-76.4339	501.0						2023-10-05T09:00	5	10	2023	2526548	2526548	HUMAN_OBSERVATION	iNaturalist	Observations	186414441		L Joan Heyding	2023-10-06T15:29:29	CC_BY_NC_4_0	L Joan Heyding	L Joan Heyding			2025-01-14T13:34:16.930Z	StillImage	COORDINATE_ROUNDED;CONTINENT_DERIVED_FROM_COORDINATES;TAXON_MATCH_TAXON_ID_IGNORED
4416954062	50c9509d-22c7-4a22-a47d-8c48425ef4a7	https://www.inaturalist.org/observations/184780120	Fungi	Basidiomycota	Agaricomycetes	Agaricales	Pleurotaceae	Pleurotus	Pleurotus pulmonarius		SPECIES	Pleurotus pulmonarius (Fr.) Quél.	Pleurotus pulmonarius		CA		Ontario	PRESENT		28eb1a3f-1c15-4a95-931a-4af90ecb574d	45.460238	-76.259597	4.0						2023-09-24T15:45:14	24	9	2023	2526548	2526548	HUMAN_OBSERVATION	iNaturalist	Observations	184780120		Derek Dunnett	2023-09-24T22:57:33	CC_BY_NC_4_0	Derek Dunnett	Derek Dunnett			2025-01-14T12:44:19.653Z	StillImage	COORDINATE_ROUNDED;CONTINENT_DERIVED_FROM_COORDINATES;TAXON_MATCH_TAXON_ID_IGNORED
4414126393	50c9509d-22c7-4a22-a47d-8c48425ef4a7	https://www.inaturalist.org/observations/182493970	Fungi	Basidiomycota	Agaricomycetes	Agaricales	Pleurotaceae	Pleurotus	Pleurotus pulmonarius		SPECIES	Pleurotus pulmonarius (Fr.) Quél.	Pleurotus pulmonarius		CA		Québec	PRESENT		28eb1a3f-1c15-4a95-931a-4af90ecb574d	47.078925	-70.917578							2023-09-09T11:33:30	9	9	2023	2526548	2526548	HUMAN_OBSERVATION	iNaturalist	Observations	182493970		Peter Soroye	2023-09-09T17:02:34	CC_BY_NC_4_0	Peter Soroye	Peter Soroye			2025-01-14T13:27:13.888Z	StillImage	COORDINATE_ROUNDED;CONTINENT_DERIVED_FROM_COORDINATES;TAXON_MATCH_TAXON_ID_IGNORED
4413600974	50c9509d-22c7-4a22-a47d-8c48425ef4a7	https://www.inaturalist.org/observations/182479085	Fungi	Basidiomycota	Agaricomycetes	Agaricales	Pleurotaceae	Pleurotus	Pleurotus pulmonarius		SPECIES	Pleurotus pulmonarius (Fr.) Quél.	Pleurotus pulmonarius		CA		Québec	PRESENT		28eb1a3f-1c15-4a95-931a-4af90ecb574d	47.078664	-70.917567	35.0						2023-09-09T11:35:34	9	9	2023	2526548	2526548	HUMAN_OBSERVATION	iNaturalist	Observations	182479085		Frederic Desmeules	2023-09-09T17:45:21	CC_BY_NC_4_0	olufem	olufem			2025-01-14T12:42:09.321Z	StillImage	COORDINATE_ROUNDED;CONTINENT_DERIVED_FROM_COORDINATES;TAXON_MATCH_TAXON_ID_IGNORED
4413557187	50c9509d-22c7-4a22-a47d-8c48425ef4a7	https://www.inaturalist.org/observations/180362981	Fungi	Basidiomycota	Agaricomycetes	Agaricales	Pleurotaceae	Pleurotus	Pleurotus pulmonarius		SPECIES	Pleurotus pulmonarius (Fr.) Quél.	Pleurotus pulmonarius		CA		Ontario	PRESENT		28eb1a3f-1c15-4a95-931a-4af90ecb574d	45.390963	-79.219353	17.0						2023-08-26T14:54:02	26	8	2023	2526548	2526548	HUMAN_OBSERVATION	iNaturalist	Observations	180362981		itschana	2023-08-27T00:11:22	CC_BY_NC_4_0	itschana	itschana			2025-01-14T13:28:40.624Z	StillImage	COORDINATE_ROUNDED;CONTINENT_DERIVED_FROM_COORDINATES;TAXON_MATCH_TAXON_ID_IGNORED
4407185125	50c9509d-22c7-4a22-a47d-8c48425ef4a7	https://www.inaturalist.org/observations/181002358	Fungi	Basidiomycota	Agaricomycetes	Agaricales	Pleurotaceae	Pleurotus	Pleurotus pulmonarius		SPECIES	Pleurotus pulmonarius (Fr.) Quél.	Pleurotus pulmonarius		CA		Québec	PRESENT		28eb1a3f-1c15-4a95-931a-4af90ecb574d	45.654398	-75.76955							2023-08-20T16:28	20	8	2023	2526548	2526548	HUMAN_OBSERVATION	iNaturalist	Observations	181002358		Peter Meisenheimer	2023-08-31T02:13:18	CC_BY_NC_4_0	Peter Meisenheimer	Peter Meisenheimer			2025-01-14T12:40:04.168Z	StillImage	COORDINATE_ROUNDED;CONTINENT_DERIVED_FROM_COORDINATES;TAXON_MATCH_TAXON_ID_IGNORED
4177553487	50c9509d-22c7-4a22-a47d-8c48425ef4a7	https://www.inaturalist.org/observations/178145284	Fungi	Basidiomycota	Agaricomycetes	Agaricales	Pleurotaceae	Pleurotus	Pleurotus pulmonarius		SPECIES	Pleurotus pulmonarius (Fr.) Quél.	Pleurotus pulmonarius		CA		Québec	PRESENT		28eb1a3f-1c15-4a95-931a-4af90ecb574d	45.90289	-76.51799	27095.0						2023-08-08T14:39	8	8	2023	2526548	2526548	HUMAN_OBSERVATION	iNaturalist	Observations	178145284		L Joan Heyding	2023-08-13T09:56:48	CC_BY_NC_4_0	L Joan Heyding	L Joan Heyding			2025-01-14T12:39:49.576Z	StillImage	COORDINATE_ROUNDED;CONTINENT_DERIVED_FROM_COORDINATES;TAXON_MATCH_TAXON_ID_IGNORED
4177530581	50c9509d-22c7-4a22-a47d-8c48425ef4a7	https://www.inaturalist.org/observations/178137784	Fungi	Basidiomycota	Agaricomycetes	Agaricales	Pleurotaceae	Pleurotus	Pleurotus pulmonarius		SPECIES	Pleurotus pulmonarius (Fr.) Quél.	Pleurotus pulmonarius		CA		Québec	PRESENT		28eb1a3f-1c15-4a95-931a-4af90ecb574d	45.867109	-76.48655	27095.0						2023-08-08T10:14	8	8	2023	2526548	2526548	HUMAN_OBSERVATION	iNaturalist	Observations	178137784		L Joan Heyding	2023-08-13T08:25:52	CC_BY_NC_4_0	L Joan Heyding	L Joan Heyding			2025-01-14T13:32:28.908Z	StillImage	COORDINATE_ROUNDED;CONTINENT_DERIVED_FROM_COORDINATES;TAXON_MATCH_TAXON_ID_IGNORED
4177451962	50c9509d-22c7-4a22-a47d-8c48425ef4a7	https://www.inaturalist.org/observations/178064440	Fungi	Basidiomycota	Agaricomycetes	Agaricales	Pleurotaceae	Pleurotus	Pleurotus pulmonarius		SPECIES	Pleurotus pulmonarius (Fr.) Quél.	Pleurotus pulmonarius		CA		Ontario	PRESENT		28eb1a3f-1c15-4a95-931a-4af90ecb574d	45.446945	-75.487307	27158.0						2023-08-09T12:12	9	8	2023	2526548	2526548	HUMAN_OBSERVATION	iNaturalist	Observations	178064440		Genevieve Brunet	2023-08-12T21:17:00	CC_BY_NC_4_0	Genevieve Brunet	Genevieve Brunet			2025-01-14T13:32:02.863Z		COORDINATE_ROUNDED;CONTINENT_DERIVED_FROM_COORDINATES;TAXON_MATCH_TAXON_ID_IGNORED
4171894415	50c9509d-22c7-4a22-a47d-8c48425ef4a7	https://www.inaturalist.org/observations/177174429	Fungi	Basidiomycota	Agaricomycetes	Agaricales	Pleurotaceae	Pleurotus	Pleurotus pulmonarius		SPECIES	Pleurotus pulmonarius (Fr.) Quél.	Pleurotus pulmonarius		CA		Ontario	PRESENT		28eb1a3f-1c15-4a95-931a-4af90ecb574d	45.323446	-75.812208	68.0						2023-08-06T14:05	6	8	2023	2526548	2526548	HUMAN_OBSERVATION	iNaturalist	Observations	177174429		jonathan_mack	2023-08-07T14:53:55	CC_BY_NC_4_0	jonathan_mack	jonathan_mack			2025-01-14T12:39:34.191Z	StillImage	COORDINATE_ROUNDED;CONTINENT_DERIVED_FROM_COORDINATES;TAXON_MATCH_TAXON_ID_IGNORED
4171676095	50c9509d-22c7-4a22-a47d-8c48425ef4a7	https://www.inaturalist.org/observations/175244343	Fungi	Basidiomycota	Agaricomycetes	Agaricales	Pleurotaceae	Pleurotus	Pleurotus pulmonarius		SPECIES	Pleurotus pulmonarius (Fr.) Quél.	Pleurotus pulmonarius		CA		Québec	PRESENT		28eb1a3f-1c15-4a95-931a-4af90ecb574d	45.430826	-72.61411	8.0						2023-07-27T14:06:19	27	7	2023	2526548	2526548	HUMAN_OBSERVATION	iNaturalist	Observations	175244343		dendrobate	2023-07-27T18:07:07	CC_BY_NC_4_0	dendrobate	dendrobate			2025-01-14T12:39:31.589Z	StillImage	COORDINATE_ROUNDED;CONTINENT_DERIVED_FROM_COORDINATES;TAXON_MATCH_TAXON_ID_IGNORED
4165925324	50c9509d-22c7-4a22-a47d-8c48425ef4a7	https://www.inaturalist.org/observations/174532287	Fungi	Basidiomycota	Agaricomycetes	Agaricales	Pleurotaceae	Pleurotus	Pleurotus pulmonarius		SPECIES	Pleurotus pulmonarius (Fr.) Quél.	Pleurotus pulmonarius		CA		Québec	PRESENT		28eb1a3f-1c15-4a95-931a-4af90ecb574d	45.073061	-73.104422	2929.0						2023-07-23T10:49:20	23	7	2023	2526548	2526548	HUMAN_OBSERVATION	iNaturalist	Observations	174532287		anynamus	2023-07-23T18:54:34	CC_BY_NC_4_0	anynamus	anynamus			2025-01-14T13:32:13.749Z	StillImage	COORDINATE_ROUNDED;CONTINENT_DERIVED_FROM_COORDINATES;TAXON_MATCH_TAXON_ID_IGNORED
4165379595	50c9509d-22c7-4a22-a47d-8c48425ef4a7	https://www.inaturalist.org/observations/174044727	Fungi	Basidiomycota	Agaricomycetes	Agaricales	Pleurotaceae	Pleurotus	Pleurotus pulmonarius		SPECIES	Pleurotus pulmonarius (Fr.) Quél.	Pleurotus pulmonarius		CA		Québec	PRESENT		28eb1a3f-1c15-4a95-931a-4af90ecb574d	48.676862	-72.476826							2023-07-19T17:57	19	7	2023	2526548	2526548	HUMAN_OBSERVATION	iNaturalist	Observations	174044727		Paul Vézina	2023-07-21T03:18:32	CC_BY_NC_4_0	Paul Vézina	Paul Vézina			2025-01-14T13:31:43.858Z	StillImage	COORDINATE_ROUNDED;CONTINENT_DERIVED_FROM_COORDINATES;TAXON_MATCH_TAXON_ID_IGNORED
4018229379	50c9509d-22c7-4a22-a47d-8c48425ef4a7	https://www.inaturalist.org/observations/58347223	Fungi	Basidiomycota	Agaricomycetes	Agaricales	Pleurotaceae	Pleurotus	Pleurotus pulmonarius		SPECIES	Pleurotus pulmonarius (Fr.) Quél.	Pleurotus pulmonarius		CA		Québec	PRESENT		28eb1a3f-1c15-4a95-931a-4af90ecb574d	46.769598	-71.339917	61.0						2020-09-01T13:42	1	9	2020	2526548	2526548	HUMAN_OBSERVATION	iNaturalist	Observations	58347223		Pierrick Bloin	2020-09-02T17:45:58	CC_BY_NC_4_0	Pierrick Bloin	Pierrick Bloin			2025-01-14T12:14:39.114Z	StillImage	COORDINATE_ROUNDED;CONTINENT_DERIVED_FROM_COORDINATES;TAXON_MATCH_TAXON_ID_IGNORED
3988721350	50c9509d-22c7-4a22-a47d-8c48425ef4a7	https://www.inaturalist.org/observations/54857654	Fungi	Basidiomycota	Agaricomycetes	Agaricales	Pleurotaceae	Pleurotus	Pleurotus pulmonarius		SPECIES	Pleurotus pulmonarius (Fr.) Quél.	Pleurotus pulmonarius		CA		Québec	PRESENT		28eb1a3f-1c15-4a95-931a-4af90ecb574d	45.681765	-74.435536	72.0						2020-07-30T12:36:37	30	7	2020	2526548	2526548	HUMAN_OBSERVATION	iNaturalist	Observations	54857654		Ben	2022-11-29T21:25:10	CC_BY_NC_4_0	sabacon	sabacon			2025-01-14T13:09:46.833Z	StillImage	COORDINATE_ROUNDED;CONTINENT_DERIVED_FROM_COORDINATES;TAXON_MATCH_TAXON_ID_IGNORED
3966478668	50c9509d-22c7-4a22-a47d-8c48425ef4a7	https://www.inaturalist.org/observations/141389368	Fungi	Basidiomycota	Agaricomycetes	Agaricales	Pleurotaceae	Pleurotus	Pleurotus pulmonarius		SPECIES	Pleurotus pulmonarius (Fr.) Quél.	Pleurotus pulmonarius		CA		New Brunswick	PRESENT		28eb1a3f-1c15-4a95-931a-4af90ecb574d	46.79589	-66.56521							2022-08-15	15	8	2022	2526548	2526548	HUMAN_OBSERVATION	iNaturalist	Observations	141389368		Alex Hood	2022-11-07T18:25:44	CC_BY_NC_4_0	Alex Hood	Alex Hood			2025-01-14T13:26:28.894Z	StillImage	CONTINENT_DERIVED_FROM_COORDINATES;TAXON_MATCH_TAXON_ID_IGNORED
3923399763	50c9509d-22c7-4a22-a47d-8c48425ef4a7	https://www.inaturalist.org/observations/136525432	Fungi	Basidiomycota	Agaricomycetes	Agaricales	Pleurotaceae	Pleurotus	Pleurotus pulmonarius		SPECIES	Pleurotus pulmonarius (Fr.) Quél.	Pleurotus pulmonarius		CA		Ontario	PRESENT		28eb1a3f-1c15-4a95-931a-4af90ecb574d	45.887495	-77.63327	3.0						2022-09-24T15:11:55	24	9	2022	2526548	2526548	HUMAN_OBSERVATION	iNaturalist	Observations	136525432		mattbott	2022-09-26T17:26:06	CC_BY_NC_4_0	mattbott	mattbott			2025-01-14T14:07:10.288Z	StillImage	CONTINENT_DERIVED_FROM_COORDINATES;TAXON_MATCH_TAXON_ID_IGNORED
3903031886	50c9509d-22c7-4a22-a47d-8c48425ef4a7	https://www.inaturalist.org/observations/131393151	Fungi	Basidiomycota	Agaricomycetes	Agaricales	Pleurotaceae	Pleurotus	Pleurotus pulmonarius		SPECIES	Pleurotus pulmonarius (Fr.) Quél.	Pleurotus pulmonarius		CA		Québec	PRESENT		28eb1a3f-1c15-4a95-931a-4af90ecb574d	45.435525	-73.950225	19.0						2022-08-18T14:14:48	18	8	2022	2526548	2526548	HUMAN_OBSERVATION	iNaturalist	Observations	131393151		anthonygagliano	2022-08-26T15:01:39	CC_BY_NC_4_0	izpoirier	izpoirier			2025-01-14T12:31:06.662Z	StillImage	CONTINENT_DERIVED_FROM_COORDINATES;TAXON_MATCH_TAXON_ID_IGNORED
3902548355	50c9509d-22c7-4a22-a47d-8c48425ef4a7	https://www.inaturalist.org/observations/134361927	Fungi	Basidiomycota	Agaricomycetes	Agaricales	Pleurotaceae	Pleurotus	Pleurotus pulmonarius		SPECIES	Pleurotus pulmonarius (Fr.) Quél.	Pleurotus pulmonarius		CA		Québec	PRESENT		28eb1a3f-1c15-4a95-931a-4af90ecb574d	45.429916	-73.946908	31.0						2022-09-09T15:13	9	9	2022	2526548	2526548	HUMAN_OBSERVATION	iNaturalist	Observations	134361927		Madz	2022-09-09T23:50:34	CC_BY_NC_4_0	Madz	Madz			2025-01-14T13:21:04.011Z	StillImage	COORDINATE_ROUNDED;CONTINENT_DERIVED_FROM_COORDINATES;TAXON_MATCH_TAXON_ID_IGNORED
3902509333	50c9509d-22c7-4a22-a47d-8c48425ef4a7	https://www.inaturalist.org/observations/134361915	Fungi	Basidiomycota	Agaricomycetes	Agaricales	Pleurotaceae	Pleurotus	Pleurotus pulmonarius		SPECIES	Pleurotus pulmonarius (Fr.) Quél.	Pleurotus pulmonarius		CA		Québec	PRESENT		28eb1a3f-1c15-4a95-931a-4af90ecb574d	45.428813	-73.941391	189.0						2022-09-09T14:46	9	9	2022	2526548	2526548	HUMAN_OBSERVATION	iNaturalist	Observations	134361915		Madz	2022-09-09T23:50:31	CC_BY_NC_4_0	Madz	Madz			2025-01-14T13:25:21.345Z	StillImage	COORDINATE_ROUNDED;CONTINENT_DERIVED_FROM_COORDINATES;TAXON_MATCH_TAXON_ID_IGNORED
3902299846	50c9509d-22c7-4a22-a47d-8c48425ef4a7	https://www.inaturalist.org/observations/131904872	Fungi	Basidiomycota	Agaricomycetes	Agaricales	Pleurotaceae	Pleurotus	Pleurotus pulmonarius		SPECIES	Pleurotus pulmonarius (Fr.) Quél.	Pleurotus pulmonarius		CA		Ontario	PRESENT		28eb1a3f-1c15-4a95-931a-4af90ecb574d	45.388664	-75.535741	105.0						2022-08-22T12:52:12	22	8	2022	2526548	2526548	HUMAN_OBSERVATION	iNaturalist	Observations	131904872		Igor Khomenko	2022-08-22T16:54:18	CC_BY_NC_4_0	Igor Khomenko	Igor Khomenko			2025-01-14T14:06:36.074Z	StillImage	COORDINATE_ROUNDED;CONTINENT_DERIVED_FROM_COORDINATES;TAXON_MATCH_TAXON_ID_IGNORED
3873582618	50c9509d-22c7-4a22-a47d-8c48425ef4a7	https://www.inaturalist.org/observations/125543736	Fungi	Basidiomycota	Agaricomycetes	Agaricales	Pleurotaceae	Pleurotus	Pleurotus pulmonarius		SPECIES	Pleurotus pulmonarius (Fr.) Quél.	Pleurotus pulmonarius		CA		Prince Edward Island	PRESENT		28eb1a3f-1c15-4a95-931a-4af90ecb574d	46.39	-64.001319	10.0						2022-07-09T09:55	9	7	2022	2526548	2526548	HUMAN_OBSERVATION	iNaturalist	Observations	125543736		Ken Sanderson	2022-07-10T01:35:23	CC_BY_NC_4_0	Ken Sanderson	Ken Sanderson			2025-01-14T12:29:47.495Z	StillImage	COORDINATE_ROUNDED;CONTINENT_DERIVED_FROM_COORDINATES;TAXON_MATCH_TAXON_ID_IGNORED
3859983869	50c9509d-22c7-4a22-a47d-8c48425ef4a7	https://www.inaturalist.org/observations/96104375	Fungi	Basidiomycota	Agaricomycetes	Agaricales	Pleurotaceae	Pleurotus	Pleurotus pulmonarius		SPECIES	Pleurotus pulmonarius (Fr.) Quél.	Pleurotus pulmonarius		CA		Ontario	PRESENT		28eb1a3f-1c15-4a95-931a-4af90ecb574d	45.204376	-76.224565	61.0						2021-09-20T17:07	20	9	2021	2526548	2526548	HUMAN_OBSERVATION	iNaturalist	Observations	96104375		Ken Allison	2021-09-25T16:50:02	CC_BY_NC_4_0	Ken Allison	Ken Allison			2025-01-14T12:22:15.403Z	StillImage	COORDINATE_ROUNDED;CONTINENT_DERIVED_FROM_COORDINATES;TAXON_MATCH_TAXON_ID_IGNORED
3859947115	50c9509d-22c7-4a22-a47d-8c48425ef4a7	https://www.inaturalist.org/observations/121167718	Fungi	Basidiomycota	Agaricomycetes	Agaricales	Pleurotaceae	Pleurotus	Pleurotus pulmonarius		SPECIES	Pleurotus pulmonarius (Fr.) Quél.	Pleurotus pulmonarius		CA		Ontario	PRESENT		28eb1a3f-1c15-4a95-931a-4af90ecb574d	45.058431	-76.115622	13.0						2022-06-10T17:08:12	10	6	2022	2526548	2526548	HUMAN_OBSERVATION	iNaturalist	Observations	121167718		Garrett Taylor	2022-06-11T02:32:07	CC_BY_NC_4_0	Windstone Farm	Windstone Farm			2025-01-14T13:22:21.867Z	StillImage	COORDINATE_ROUNDED;CONTINENT_DERIVED_FROM_COORDINATES;TAXON_MATCH_TAXON_ID_IGNORED
3858961064	50c9509d-22c7-4a22-a47d-8c48425ef4a7	https://www.inaturalist.org/observations/121025986	Fungi	Basidiomycota	Agaricomycetes	Agaricales	Pleurotaceae	Pleurotus	Pleurotus pulmonarius		SPECIES	Pleurotus pulmonarius (Fr.) Quél.	Pleurotus pulmonarius		CA		New Brunswick	PRESENT		28eb1a3f-1c15-4a95-931a-4af90ecb574d	45.999823	-66.747463	173.0						2022-06-09T18:33:07	9	6	2022	2526548	2526548	HUMAN_OBSERVATION	iNaturalist	Observations	121025986		Garrett Taylor	2022-06-10T03:27:39	CC_BY_NC_4_0	jbilli	jbilli			2025-01-14T12:30:30.791Z	StillImage	COORDINATE_ROUNDED;CONTINENT_DERIVED_FROM_COORDINATES;TAXON_MATCH_TAXON_ID_IGNORED
3456931343	50c9509d-22c7-4a22-a47d-8c48425ef4a7	https://www.inaturalist.org/observations/104226897	Fungi	Basidiomycota	Agaricomycetes	Agaricales	Pleurotaceae	Pleurotus	Pleurotus pulmonarius		SPECIES	Pleurotus pulmonarius (Fr.) Quél.	Pleurotus pulmonarius		CA		Québec	PRESENT		28eb1a3f-1c15-4a95-931a-4af90ecb574d	45.963874	-76.555156	27095.0						2021-07-20T08:02	20	7	2021	2526548	2526548	HUMAN_OBSERVATION	iNaturalist	Observations	104226897		L Joan Heyding	2022-01-02T23:08:15	CC_BY_NC_4_0	L Joan Heyding	L Joan Heyding			2025-01-14T13:11:33.316Z	StillImage	COORDINATE_ROUNDED;CONTINENT_DERIVED_FROM_COORDINATES;TAXON_MATCH_TAXON_ID_IGNORED
3415652779	50c9509d-22c7-4a22-a47d-8c48425ef4a7	https://www.inaturalist.org/observations/91961387	Fungi	Basidiomycota	Agaricomycetes	Agaricales	Pleurotaceae	Pleurotus	Pleurotus pulmonarius		SPECIES	Pleurotus pulmonarius (Fr.) Quél.	Pleurotus pulmonarius		CA		Québec	PRESENT		28eb1a3f-1c15-4a95-931a-4af90ecb574d	46.686661	-78.975439	7661.0						2021-08-20T13:45:53	20	8	2021	2526548	2526548	HUMAN_OBSERVATION	iNaturalist	Observations	91961387		july2021	2021-08-21T21:22:46	CC_BY_NC_4_0	july2021	july2021			2025-01-14T12:20:42.688Z	StillImage	COORDINATE_ROUNDED;CONTINENT_DERIVED_FROM_COORDINATES;TAXON_MATCH_TAXON_ID_IGNORED
3407937478	50c9509d-22c7-4a22-a47d-8c48425ef4a7	https://www.inaturalist.org/observations/88193426	Fungi	Basidiomycota	Agaricomycetes	Agaricales	Pleurotaceae	Pleurotus	Pleurotus pulmonarius		SPECIES	Pleurotus pulmonarius (Fr.) Quél.	Pleurotus pulmonarius		CA		New Brunswick	PRESENT		28eb1a3f-1c15-4a95-931a-4af90ecb574d	45.091756	-66.921647	698.0						2021-07-22T19:55:20	22	7	2021	2526548	2526548	HUMAN_OBSERVATION	iNaturalist	Observations	88193426		Wyatt Lawrence	2021-07-22T23:39:32	CC_BY_NC_4_0	Wyatt Lawrence	Wyatt Lawrence			2025-01-14T12:19:36.621Z	StillImage	COORDINATE_ROUNDED;CONTINENT_DERIVED_FROM_COORDINATES;TAXON_MATCH_TAXON_ID_IGNORED
3384479478	50c9509d-22c7-4a22-a47d-8c48425ef4a7	https://www.inaturalist.org/observations/97374201	Fungi	Basidiomycota	Agaricomycetes	Agaricales	Pleurotaceae	Pleurotus	Pleurotus pulmonarius		SPECIES	Pleurotus pulmonarius (Fr.) Quél.	Pleurotus pulmonarius		CA		Québec	PRESENT		28eb1a3f-1c15-4a95-931a-4af90ecb574d	45.512651	-73.584903	30.0						2021-10-06T15:13:02	6	10	2021	2526548	2526548	HUMAN_OBSERVATION	iNaturalist	Observations	97374201		lakedegall	2021-10-06T19:13:45	CC_BY_NC_4_0	lakedegall	lakedegall			2025-01-14T13:10:50.963Z	StillImage	COORDINATE_ROUNDED;CONTINENT_DERIVED_FROM_COORDINATES;TAXON_MATCH_TAXON_ID_IGNORED
3383964113	50c9509d-22c7-4a22-a47d-8c48425ef4a7	https://www.inaturalist.org/observations/91798323	Fungi	Basidiomycota	Agaricomycetes	Agaricales	Pleurotaceae	Pleurotus	Pleurotus pulmonarius		SPECIES	Pleurotus pulmonarius (Fr.) Quél.	Pleurotus pulmonarius		CA		Québec	PRESENT		28eb1a3f-1c15-4a95-931a-4af90ecb574d	45.556274	-75.860434	1099.0						2021-08-19T16:06:23	19	8	2021	2526548	2526548	HUMAN_OBSERVATION	iNaturalist	Observations	91798323		cinna_latifolia	2021-10-03T04:47:16	CC_BY_NC_4_0	swiftfox	swiftfox			2025-01-14T13:14:07.154Z	StillImage	COORDINATE_ROUNDED;CONTINENT_DERIVED_FROM_COORDINATES;TAXON_MATCH_TAXON_ID_IGNORED
3343910414	50c9509d-22c7-4a22-a47d-8c48425ef4a7	https://www.inaturalist.org/observations/92350461	Fungi	Basidiomycota	Agaricomycetes	Agaricales	Pleurotaceae	Pleurotus	Pleurotus pulmonarius		SPECIES	Pleurotus pulmonarius (Fr.) Quél.	Pleurotus pulmonarius		CA		Québec	PRESENT		28eb1a3f-1c15-4a95-931a-4af90ecb574d	45.49625	-73.768623	5.0						2021-08-24T08:41:12	24	8	2021	2526548	2526548	HUMAN_OBSERVATION	iNaturalist	Observations	92350461		noirokami	2021-08-24T13:00:05	CC_BY_NC_4_0	gmlise	gmlise			2025-01-14T13:14:32.205Z	StillImage	COORDINATE_ROUNDED;CONTINENT_DERIVED_FROM_COORDINATES;TAXON_MATCH_TAXON_ID_IGNORED
3337432947	50c9509d-22c7-4a22-a47d-8c48425ef4a7	https://www.inaturalist.org/observations/90213073	Fungi	Basidiomycota	Agaricomycetes	Agaricales	Pleurotaceae	Pleurotus	Pleurotus pulmonarius		SPECIES	Pleurotus pulmonarius (Fr.) Quél.	Pleurotus pulmonarius		CA		Québec	PRESENT		28eb1a3f-1c15-4a95-931a-4af90ecb574d	45.493712	-75.858333							2021-08-06T18:56:10	6	8	2021	2526548	2526548	HUMAN_OBSERVATION	iNaturalist	Observations	90213073		Johann Wagner	2021-08-07T01:24:09	CC_BY_NC_4_0	Johann Wagner	Johann Wagner			2025-01-14T12:20:27.900Z	StillImage	CONTINENT_DERIVED_FROM_COORDINATES;TAXON_MATCH_TAXON_ID_IGNORED
3335350727	50c9509d-22c7-4a22-a47d-8c48425ef4a7	https://www.inaturalist.org/observations/89271174	Fungi	Basidiomycota	Agaricomycetes	Agaricales	Pleurotaceae	Pleurotus	Pleurotus pulmonarius		SPECIES	Pleurotus pulmonarius (Fr.) Quél.	Pleurotus pulmonarius		CA		Québec	PRESENT		28eb1a3f-1c15-4a95-931a-4af90ecb574d	45.457592	-75.823486							2021-07-28T15:56:31	28	7	2021	2526548	2526548	HUMAN_OBSERVATION	iNaturalist	Observations	89271174		Alexis Williams	2021-07-31T01:59:47	CC_BY_4_0	Alexis Williams	Alexis Williams			2025-01-14T12:21:45.536Z	StillImage	COORDINATE_ROUNDED;CONTINENT_DERIVED_FROM_COORDINATES;TAXON_MATCH_TAXON_ID_IGNORED
3079498633	50c9509d-22c7-4a22-a47d-8c48425ef4a7	https://www.inaturalist.org/observations/28443642	Fungi	Basidiomycota	Agaricomycetes	Agaricales	Pleurotaceae	Pleurotus	Pleurotus pulmonarius		SPECIES	Pleurotus pulmonarius (Fr.) Quél.	Pleurotus pulmonarius		CA		Québec	PRESENT		28eb1a3f-1c15-4a95-931a-4af90ecb574d	45.564122	-75.65435	27158.0						2019-07-07T15:39	7	7	2019	2526548	2526548	HUMAN_OBSERVATION	iNaturalist	Observations	28443642		Igor Khomenko	2019-07-08T16:58:18	CC_BY_NC_4_0	Igor Khomenko	Igor Khomenko			2025-01-14T13:02:40.473Z	StillImage	COORDINATE_ROUNDED;CONTINENT_DERIVED_FROM_COORDINATES;TAXON_MATCH_TAXON_ID_IGNORED
3070276419	50c9509d-22c7-4a22-a47d-8c48425ef4a7	https://www.inaturalist.org/observations/8580452	Fungi	Basidiomycota	Agaricomycetes	Agaricales	Pleurotaceae	Pleurotus	Pleurotus pulmonarius		SPECIES	Pleurotus pulmonarius (Fr.) Quél.	Pleurotus pulmonarius		CA		Ontario	PRESENT		28eb1a3f-1c15-4a95-931a-4af90ecb574d	45.350327	-75.860274	329.0						2011-07-30T13:58	30	7	2011	2526548	2526548	HUMAN_OBSERVATION	iNaturalist	Observations	8580452		phroxian	2017-10-28T01:42:30	CC_BY_4_0	christine123	christine123			2025-01-14T12:59:59.954Z	StillImage	COORDINATE_ROUNDED;CONTINENT_DERIVED_FROM_COORDINATES;TAXON_MATCH_TAXON_ID_IGNORED
3044584669	50c9509d-22c7-4a22-a47d-8c48425ef4a7	https://www.inaturalist.org/observations/58070257	Fungi	Basidiomycota	Agaricomycetes	Agaricales	Pleurotaceae	Pleurotus	Pleurotus pulmonarius		SPECIES	Pleurotus pulmonarius (Fr.) Quél.	Pleurotus pulmonarius		CA		Québec	PRESENT		28eb1a3f-1c15-4a95-931a-4af90ecb574d	46.091267	-70.810395							2020-08-30T08:42:40	30	8	2020	2526548	2526548	HUMAN_OBSERVATION	iNaturalist	Observations	58070257		Audrey Cayouette	2020-08-30T20:00:40	CC_BY_NC_4_0	Audrey Cayouette	Audrey Cayouette			2025-01-14T13:10:46.159Z	StillImage	COORDINATE_ROUNDED;CONTINENT_DERIVED_FROM_COORDINATES;TAXON_MATCH_TAXON_ID_IGNORED
3039266618	50c9509d-22c7-4a22-a47d-8c48425ef4a7	https://www.inaturalist.org/observations/56966558	Fungi	Basidiomycota	Agaricomycetes	Agaricales	Pleurotaceae	Pleurotus	Pleurotus pulmonarius		SPECIES	Pleurotus pulmonarius (Fr.) Quél.	Pleurotus pulmonarius		CA		Québec	PRESENT		28eb1a3f-1c15-4a95-931a-4af90ecb574d	45.539017	-75.917472	4.0						2020-08-19T14:44:52	19	8	2020	2526548	2526548	HUMAN_OBSERVATION	iNaturalist	Observations	56966558		Clare Kilgour	2020-08-19T20:36:22	CC_BY_NC_4_0	Clare Kilgour	Clare Kilgour			2025-01-14T12:14:18.524Z	StillImage	COORDINATE_ROUNDED;CONTINENT_DERIVED_FROM_COORDINATES;TAXON_MATCH_TAXON_ID_IGNORED
3017997471	50c9509d-22c7-4a22-a47d-8c48425ef4a7	https://www.inaturalist.org/observations/56980727	Fungi	Basidiomycota	Agaricomycetes	Agaricales	Pleurotaceae	Pleurotus	Pleurotus pulmonarius		SPECIES	Pleurotus pulmonarius (Fr.) Quél.	Pleurotus pulmonarius		CA		Ontario	PRESENT		28eb1a3f-1c15-4a95-931a-4af90ecb574d	45.570747	-78.484147							2020-08-19T10:53:44	19	8	2020	2526548	2526548	HUMAN_OBSERVATION	iNaturalist	Observations	56980727		Erwin Kooi	2020-08-19T23:32:55	CC_BY_NC_4_0	Erwin Kooi	Erwin Kooi			2025-01-14T12:14:20.343Z	StillImage	COORDINATE_ROUNDED;CONTINENT_DERIVED_FROM_COORDINATES;TAXON_MATCH_TAXON_ID_IGNORED
2862318067	50c9509d-22c7-4a22-a47d-8c48425ef4a7	https://www.inaturalist.org/observations/58866033	Fungi	Basidiomycota	Agaricomycetes	Agaricales	Pleurotaceae	Pleurotus	Pleurotus pulmonarius		SPECIES	Pleurotus pulmonarius (Fr.) Quél.	Pleurotus pulmonarius		CA		Québec	PRESENT		28eb1a3f-1c15-4a95-931a-4af90ecb574d	45.330667	-72.183297	24.0						2020-09-03T15:00:37	3	9	2020	2526548	2526548	HUMAN_OBSERVATION	iNaturalist	Observations	58866033		will_jac	2020-09-07T18:50:01	CC_BY_NC_4_0	will_jac	will_jac			2025-01-14T13:08:51.571Z	StillImage	COORDINATE_ROUNDED;CONTINENT_DERIVED_FROM_COORDINATES;TAXON_MATCH_TAXON_ID_IGNORED
2826442424	50c9509d-22c7-4a22-a47d-8c48425ef4a7	https://www.inaturalist.org/observations/54653246	Fungi	Basidiomycota	Agaricomycetes	Agaricales	Pleurotaceae	Pleurotus	Pleurotus pulmonarius		SPECIES	Pleurotus pulmonarius (Fr.) Quél.	Pleurotus pulmonarius		CA		Québec	PRESENT		28eb1a3f-1c15-4a95-931a-4af90ecb574d	45.59937	-75.87773	6.0						2020-07-27T14:10:23	27	7	2020	2526548	2526548	HUMAN_OBSERVATION	iNaturalist	Observations	54653246		bobtyler	2020-07-28T17:59:21	CC_BY_NC_4_0	bobtyler	bobtyler			2025-01-14T12:14:04.835Z	StillImage	CONTINENT_DERIVED_FROM_COORDINATES;TAXON_MATCH_TAXON_ID_IGNORED
2823183566	50c9509d-22c7-4a22-a47d-8c48425ef4a7	https://www.inaturalist.org/observations/53979546	Fungi	Basidiomycota	Agaricomycetes	Agaricales	Pleurotaceae	Pleurotus	Pleurotus pulmonarius		SPECIES	Pleurotus pulmonarius (Fr.) Quél.	Pleurotus pulmonarius		CA		Ontario	PRESENT		28eb1a3f-1c15-4a95-931a-4af90ecb574d	45.527375	-78.706769	9.0						2020-07-22T15:08:39	22	7	2020	2526548	2526548	HUMAN_OBSERVATION	iNaturalist	Observations	53979546		danikaemma	2020-07-22T19:09:05	CC_BY_NC_4_0	danikaemma	danikaemma			2025-01-14T13:12:13.929Z	StillImage	COORDINATE_ROUNDED;CONTINENT_DERIVED_FROM_COORDINATES;TAXON_MATCH_TAXON_ID_IGNORED
2331849484	50c9509d-22c7-4a22-a47d-8c48425ef4a7	https://www.inaturalist.org/observations/29896836	Fungi	Basidiomycota	Agaricomycetes	Agaricales	Pleurotaceae	Pleurotus	Pleurotus pulmonarius		SPECIES	Pleurotus pulmonarius (Fr.) Quél.	Pleurotus pulmonarius		CA		Ontario	PRESENT		28eb1a3f-1c15-4a95-931a-4af90ecb574d	45.247105	-76.254342	44.0						2019-07-30T11:02:05	30	7	2019	2526548	2526548	HUMAN_OBSERVATION	iNaturalist	Observations	29896836		Jessica Daze	2019-07-31T03:50:51	CC_BY_NC_4_0	Jessica Daze	Jessica Daze			2025-01-14T12:59:22.978Z	StillImage	COORDINATE_ROUNDED;CONTINENT_DERIVED_FROM_COORDINATES;TAXON_MATCH_TAXON_ID_IGNORED
2006093208	50c9509d-22c7-4a22-a47d-8c48425ef4a7	https://www.inaturalist.org/observations/20817865	Fungi	Basidiomycota	Agaricomycetes	Agaricales	Pleurotaceae	Pleurotus	Pleurotus pulmonarius		SPECIES	Pleurotus pulmonarius (Fr.) Quél.	Pleurotus pulmonarius		CA		Ontario	PRESENT		28eb1a3f-1c15-4a95-931a-4af90ecb574d	45.377243	-78.89803							2016-09-25T10:34	25	9	2016	2526548	2526548	HUMAN_OBSERVATION	iNaturalist	Observations	20817865		Dawn Sherman	2019-02-28T00:50:03	CC_BY_NC_4_0	Dawn Sherman	Dawn Sherman			2025-01-14T12:06:22.748Z	StillImage	COORDINATE_ROUNDED;CONTINENT_DERIVED_FROM_COORDINATES;TAXON_MATCH_TAXON_ID_IGNORED
1135069365	21705170-d2b6-42de-8904-c3bca4b83591	CMMF007886	Fungi	Basidiomycota	Agaricomycetes	Agaricales	Pleurotaceae	Pleurotus	Pleurotus pulmonarius		SPECIES	Pleurotus pulmonarius (Fr.) Quél.	Pleurotus pulmonarius (Fr.) Quél.	(Fr.) Quél.	CA	St-Paul-de-Montmigny	Québec	PRESENT		ff7bd5db-b724-4932-b496-10ea298851f9	46.71545	-70.289383	100.0						2013-07-01	1	7	2013	2526548	2526548	PRESERVED_SPECIMEN	Université de Montréal Biodiversity Centre	CMMF	CMMF007886	C4190	McNeil, Raymond		CC0_1_0	Université de Montréal Biodiversity Centre	McNeil, Raymond			2024-01-24T16:38:14.801Z	StillImage	COORDINATE_ROUNDED;INSTITUTION_MATCH_FUZZY;COLLECTION_MATCH_FUZZY;DIFFERENT_OWNER_INSTITUTION
1135067640	21705170-d2b6-42de-8904-c3bca4b83591	CMMF006108	Fungi	Basidiomycota	Agaricomycetes	Agaricales	Pleurotaceae	Pleurotus	Pleurotus pulmonarius		SPECIES	Pleurotus pulmonarius (Fr.) Quél.	Pleurotus pulmonarius (Fr.) Quél.	(Fr.) Quél.	CA	Châteauguay	Québec	PRESENT		ff7bd5db-b724-4932-b496-10ea298851f9	45.3542539	-73.7735541	100.0						2005-07-28	28	7	2005	2526548	2526548	PRESERVED_SPECIMEN	Université de Montréal Biodiversity Centre	CMMF	CMMF006108	Inexistant	McNeil, Raymond		CC0_1_0	Université de Montréal Biodiversity Centre	McNeil, Raymond			2024-01-24T16:38:18.817Z	StillImage	COORDINATE_ROUNDED;COORDINATE_REPROJECTED;INSTITUTION_MATCH_FUZZY;COLLECTION_MATCH_FUZZY;DIFFERENT_OWNER_INSTITUTION
1135067575	21705170-d2b6-42de-8904-c3bca4b83591	CMMF006107	Fungi	Basidiomycota	Agaricomycetes	Agaricales	Pleurotaceae	Pleurotus	Pleurotus pulmonarius		SPECIES	Pleurotus pulmonarius (Fr.) Quél.	Pleurotus pulmonarius (Fr.) Quél.	(Fr.) Quél.	CA	Châteauguay	Québec	PRESENT		ff7bd5db-b724-4932-b496-10ea298851f9	45.3542539	-73.7735541	100.0						2005-06-12	12	6	2005	2526548	2526548	PRESERVED_SPECIMEN	Université de Montréal Biodiversity Centre	CMMF	CMMF006107	C2163	McNeil, Raymond		CC0_1_0	Université de Montréal Biodiversity Centre	McNeil, Raymond			2024-01-24T16:38:18.817Z	StillImage	COORDINATE_ROUNDED;COORDINATE_REPROJECTED;INSTITUTION_MATCH_FUZZY;COLLECTION_MATCH_FUZZY;DIFFERENT_OWNER_INSTITUTION
1135067261	21705170-d2b6-42de-8904-c3bca4b83591	CMMF005772	Fungi	Basidiomycota	Agaricomycetes	Agaricales	Pleurotaceae	Pleurotus	Pleurotus pulmonarius		SPECIES	Pleurotus pulmonarius (Fr.) Quél.	Pleurotus pulmonarius (Fr.) Quél.	(Fr.) Quél.	CA	Châteauguay (Centre écologique Fernand-Seguin)	Québec	PRESENT		ff7bd5db-b724-4932-b496-10ea298851f9	45.33983	-73.773917	100.0						2008-06-16	16	6	2008	2526548	2526548	PRESERVED_SPECIMEN	Université de Montréal Biodiversity Centre	CMMF	CMMF005772	Inexistant	McNeil, Raymond		CC0_1_0	Université de Montréal Biodiversity Centre	McNeil, Raymond			2024-01-24T16:38:16.723Z	StillImage	COORDINATE_ROUNDED;INSTITUTION_MATCH_FUZZY;COLLECTION_MATCH_FUZZY;DIFFERENT_OWNER_INSTITUTION
1135067000	21705170-d2b6-42de-8904-c3bca4b83591	CMMF010488	Fungi	Basidiomycota	Agaricomycetes	Agaricales	Pleurotaceae	Pleurotus	Pleurotus pulmonarius		SPECIES	Pleurotus pulmonarius (Fr.) Quél.	Pleurotus pulmonarius (Fr.) Quél.	(Fr.) Quél.	CA	Forêt de Sherwood, Québec.	Québec	PRESENT		ff7bd5db-b724-4932-b496-10ea298851f9	46.86201	-71.307678	15000.0						2008-08-11	11	8	2008	2526548	2526548	PRESERVED_SPECIMEN	Université de Montréal Biodiversity Centre	CMMF	CMMF010488	2074	Labrecque, Jacqueline		CC0_1_0	Université de Montréal Biodiversity Centre	Labrecque, Jacqueline			2024-01-24T16:38:21.685Z		INSTITUTION_MATCH_FUZZY;COLLECTION_MATCH_FUZZY;DIFFERENT_OWNER_INSTITUTION
1024558848	21705170-d2b6-42de-8904-c3bca4b83591	CMMF004300	Fungi	Basidiomycota	Agaricomycetes	Agaricales	Pleurotaceae	Pleurotus	Pleurotus pulmonarius		SPECIES	Pleurotus pulmonarius (Fr.) Quél.	Pleurotus pulmonarius (Fr.) Quél.	(Fr.) Quél.	CA	Réserve écologique du Boisé-des-Muir, Hinchinbrooke.	Québec	PRESENT		ff7bd5db-b724-4932-b496-10ea298851f9	45.086179	-74.113208	10.0						2012-07-23	23	7	2012	2526548	2526548	PRESERVED_SPECIMEN	Université de Montréal Biodiversity Centre	CMMF	CMMF004300	308	Langlois, Annabelle		CC0_1_0	Université de Montréal Biodiversity Centre	Langlois, Annabelle; McNeil, Raymond			2024-01-24T16:38:19.594Z		INSTITUTION_MATCH_FUZZY;COLLECTION_MATCH_FUZZY;DIFFERENT_OWNER_INSTITUTION
1024558828	21705170-d2b6-42de-8904-c3bca4b83591	CMMF004481	Fungi	Basidiomycota	Agaricomycetes	Agaricales	Pleurotaceae	Pleurotus	Pleurotus pulmonarius		SPECIES	Pleurotus pulmonarius (Fr.) Quél.	Pleurotus pulmonarius (Fr.) Quél.	(Fr.) Quél.	CA	Réserve écologique du Boisé-des-Muir, Hinchinbrooke.	Québec	PRESENT		ff7bd5db-b724-4932-b496-10ea298851f9	45.086901	-74.11437	50.0						2012-09-17	17	9	2012	2526548	2526548	PRESERVED_SPECIMEN	Université de Montréal Biodiversity Centre	CMMF	CMMF004481	508	McNeil, Raymond		CC0_1_0	Université de Montréal Biodiversity Centre	Langlois, Annabelle; McNeil, Raymond; Turgon, Jean-Pierre			2024-01-24T16:38:19.739Z		INSTITUTION_MATCH_FUZZY;COLLECTION_MATCH_FUZZY;DIFFERENT_OWNER_INSTITUTION
1024558746	21705170-d2b6-42de-8904-c3bca4b83591	CMMF004272	Fungi	Basidiomycota	Agaricomycetes	Agaricales	Pleurotaceae	Pleurotus	Pleurotus pulmonarius		SPECIES	Pleurotus pulmonarius (Fr.) Quél.	Pleurotus pulmonarius (Fr.) Quél.	(Fr.) Quél.	CA	Réserve écologique du Boisé-des-Muir, Hinchinbrooke.	Québec	PRESENT		ff7bd5db-b724-4932-b496-10ea298851f9	45.085209	-74.116265	250.0						2012-07-03	3	7	2012	2526548	2526548	PRESERVED_SPECIMEN	Université de Montréal Biodiversity Centre	CMMF	CMMF004272	NA	Archambault, Raymond		CC0_1_0	Université de Montréal Biodiversity Centre	Archambault, Raymond; Langlois, Annabelle; McNeil, Raymond; Nuzzolese, Joseph; Turgon, Jean-Pierre			2024-01-24T16:38:18.722Z		INSTITUTION_MATCH_FUZZY;COLLECTION_MATCH_FUZZY;DIFFERENT_OWNER_INSTITUTION
1024558743	21705170-d2b6-42de-8904-c3bca4b83591	CMMF004463	Fungi	Basidiomycota	Agaricomycetes	Agaricales	Pleurotaceae	Pleurotus	Pleurotus pulmonarius		SPECIES	Pleurotus pulmonarius (Fr.) Quél.	Pleurotus pulmonarius (Fr.) Quél.	(Fr.) Quél.	CA	Réserve écologique du Boisé-des-Muir, Hinchinbrooke.	Québec	PRESENT		ff7bd5db-b724-4932-b496-10ea298851f9	45.085357	-74.117838	10.0						2012-09-09	9	9	2012	2526548	2526548	PRESERVED_SPECIMEN	Université de Montréal Biodiversity Centre	CMMF	CMMF004463	490	Archambault, Raymond		CC0_1_0	Université de Montréal Biodiversity Centre	Archambault, Raymond; Langlois, Annabelle; Turgon, Jean-Pierre			2024-01-24T16:38:19.743Z		INSTITUTION_MATCH_FUZZY;COLLECTION_MATCH_FUZZY;DIFFERENT_OWNER_INSTITUTION
1024558697	21705170-d2b6-42de-8904-c3bca4b83591	CMMF004181	Fungi	Basidiomycota	Agaricomycetes	Agaricales	Pleurotaceae	Pleurotus	Pleurotus pulmonarius		SPECIES	Pleurotus pulmonarius (Fr.) Quél.	Pleurotus pulmonarius (Fr.) Quél.	(Fr.) Quél.	CA	Réserve écologique du Boisé-des-Muir, Hinchinbrooke.	Québec	PRESENT		ff7bd5db-b724-4932-b496-10ea298851f9	45.085394	-74.112958	10.0						2012-06-05	5	6	2012	2526548	2526548	PRESERVED_SPECIMEN	Université de Montréal Biodiversity Centre	CMMF	CMMF004181	180	Archambault, Raymond		CC0_1_0	Université de Montréal Biodiversity Centre	Archambault, Raymond; Langlois, Annabelle; Turgon, Jean-Pierre			2024-01-24T16:38:18.614Z	StillImage	INSTITUTION_MATCH_FUZZY;COLLECTION_MATCH_FUZZY;DIFFERENT_OWNER_INSTITUTION
1024558674	21705170-d2b6-42de-8904-c3bca4b83591	CMMF004102	Fungi	Basidiomycota	Agaricomycetes	Agaricales	Pleurotaceae	Pleurotus	Pleurotus pulmonarius		SPECIES	Pleurotus pulmonarius (Fr.) Quél.	Pleurotus pulmonarius (Fr.) Quél.	(Fr.) Quél.	CA	Réserve écologique du Boisé-des-Muir, Hinchinbrooke.	Québec	PRESENT		ff7bd5db-b724-4932-b496-10ea298851f9	45.086508	-74.114245	10.0						2011-07-13	13	7	2011	2526548	2526548	PRESERVED_SPECIMEN	Université de Montréal Biodiversity Centre	CMMF	CMMF004102	33	Lebeuf, Renée		CC0_1_0	Université de Montréal Biodiversity Centre	Archambault, Raymond; Lebeuf, Renée			2024-01-24T16:38:18.571Z		INSTITUTION_MATCH_FUZZY;COLLECTION_MATCH_FUZZY;DIFFERENT_OWNER_INSTITUTION
