gbifID	datasetKey	occurrenceID	kingdom	phylum	class	order	family	genus	species	infraspecificEpithet	taxonRank	scientificName	verbatimScientificName	verbatimScientificNameAuthorship	countryCode	locality	stateProvince	occurrenceStatus	individualCount	publishingOrgKey	decimalLatitude	decimalLongitude	coordinateUncertaintyInMeters	coordinatePrecision	elevation	elevationAccuracy	depth	depthAccuracy	eventDate	day	month	year	taxonKey	speciesKey	basisOfRecord	institutionCode	collectionCode	catalogNumber	recordNumber	identifiedBy	dateIdentified	license	rightsHolder	recordedBy	typeStatus	establishmentMeans	lastInterpreted	mediaType	issue
694159433	d7cfd2ed-8af4-427f-a16e-eb66b7e2c419	31878	Fungi	Basidiomycota	Agaricomycetes	Polyporales	Fomitopsidaceae	Rhodofomes	Rhodofomes roseus		SPECIES	Fomitopsis rosea (Alb. & Schwein.) P.Karst.	Fomitopsis rosea (Alb. & Schwein.) P. Karst.	(Alb. & Schwein.) P. Karst.	CA	S of Dorset	Ontario	PRESENT		ff418020-1d67-11d9-8435-b8a03c50a862	45.23936	-78.888359	1499.0						1970-09-17	17	9	1970	2542344	8179389	PRESERVED_SPECIMEN	Royal Ontario Museum	TRTC	TRTC046181		Cain, R.F.		CC0_1_0	Royal Ontario Museum	Cain, R.F.;			2024-01-25T00:59:39.099Z		COORDINATE_ROUNDED;AMBIGUOUS_INSTITUTION
694158780	d7cfd2ed-8af4-427f-a16e-eb66b7e2c419	28225	Fungi	Basidiomycota	Agaricomycetes	Polyporales	Fomitopsidaceae	Rhodofomes	Rhodofomes roseus		SPECIES	Fomitopsis rosea (Alb. & Schwein.) P.Karst.	Fomitopsis rosea (Alb. & Schwein.) P. Karst.	(Alb. & Schwein.) P. Karst.	CA	Phillips Depot, Radiant	Ontario	PRESENT		ff418020-1d67-11d9-8435-b8a03c50a862	45.986556	-78.26937	225.0						1933-07-14	14	7	1933	2542344	8179389	PRESERVED_SPECIMEN	Royal Ontario Museum	TRTC	TRTC018587		Haddow, W.R.		CC0_1_0	Royal Ontario Museum	Haddow, W.R.;			2024-01-25T00:59:39.102Z		COORDINATE_ROUNDED;AMBIGUOUS_INSTITUTION
694156912	d7cfd2ed-8af4-427f-a16e-eb66b7e2c419	13612	Fungi	Basidiomycota	Agaricomycetes	Polyporales	Fomitopsidaceae	Rhodofomes	Rhodofomes roseus		SPECIES	Fomitopsis rosea (Alb. & Schwein.) P.Karst.	Fomitopsis rosea (Alb. & Schwein.) P. Karst.	(Alb. & Schwein.) P. Karst.	CA	Algonquin Provincial Park, Zenobia Creek	Ontario	PRESENT		ff418020-1d67-11d9-8435-b8a03c50a862	45.625796	-78.411848	190.0						1958-09-11	11	9	1958	2542344	8179389	PRESERVED_SPECIMEN	Royal Ontario Museum	TRTC	TRTC047997		Cain, R.F.		CC0_1_0	Royal Ontario Museum	Atwood, H.L.			2024-01-25T00:59:41.525Z		COORDINATE_ROUNDED;AMBIGUOUS_INSTITUTION
694156806	d7cfd2ed-8af4-427f-a16e-eb66b7e2c419	12959	Fungi	Basidiomycota	Agaricomycetes	Polyporales	Fomitopsidaceae	Rhodofomes	Rhodofomes roseus		SPECIES	Fomitopsis rosea (Alb. & Schwein.) P.Karst.	Fomitopsis rosea (Alb. & Schwein.) P. Karst.	(Alb. & Schwein.) P. Karst.	CA	Algonquin Provincial Park, Pinetree Lake	Ontario	PRESENT		ff418020-1d67-11d9-8435-b8a03c50a862	45.552345	-78.315954	1323.0						1940-08-31	31	8	1940	2542344	8179389	PRESERVED_SPECIMEN	Royal Ontario Museum	TRTC	TRTC019782		Cain, R.F.		CC0_1_0	Royal Ontario Museum	Cain, R.F.			2024-01-25T00:59:39.297Z		COORDINATE_ROUNDED;AMBIGUOUS_INSTITUTION
617551941	21705170-d2b6-42de-8904-c3bca4b83591	CMMF002929	Fungi	Basidiomycota	Agaricomycetes	Polyporales	Fomitopsidaceae	Rhodofomes	Rhodofomes roseus		SPECIES	Fomitopsis rosea (Alb. & Schwein.) P.Karst.	Fomitopsis rosea (Alb. & Schwein.) P. Karst.	(Alb. & Schwein.) P. Karst.	CA	Saint-Majorique	Québec	PRESENT		ff7bd5db-b724-4932-b496-10ea298851f9	45.931221	-72.584529	5000.0						1996-09-14	14	9	1996	2542344	8179389	PRESERVED_SPECIMEN	Université de Montréal Biodiversity Centre	CMMF	CMMF002929		Audet, Serge		CC0_1_0	Université de Montréal Biodiversity Centre	Audet, Serge			2024-01-24T16:38:20.752Z	StillImage	INSTITUTION_MATCH_FUZZY;COLLECTION_MATCH_FUZZY;DIFFERENT_OWNER_INSTITUTION
617551004	21705170-d2b6-42de-8904-c3bca4b83591	CMMF002526	Fungi	Basidiomycota	Agaricomycetes	Polyporales	Fomitopsidaceae	Rhodofomes	Rhodofomes roseus		SPECIES	Fomitopsis rosea (Alb. & Schwein.) P.Karst.	Fomitopsis rosea (Alb. & Schwein.) P. Karst.	(Alb. & Schwein.) P. Karst.	CA	Saint-Majorique	Québec	PRESENT		ff7bd5db-b724-4932-b496-10ea298851f9	45.931221	-72.584529	5000.0						1995-08-27	27	8	1995	2542344	8179389	PRESERVED_SPECIMEN	Université de Montréal Biodiversity Centre	CMMF	CMMF002526		Lamoureux, Yves		CC0_1_0	Université de Montréal Biodiversity Centre	Lamoureux, Yves			2024-01-24T16:38:19.545Z	StillImage	INSTITUTION_MATCH_FUZZY;COLLECTION_MATCH_FUZZY;DIFFERENT_OWNER_INSTITUTION
617550221	21705170-d2b6-42de-8904-c3bca4b83591	CMMF002178	Fungi	Basidiomycota	Agaricomycetes	Polyporales	Fomitopsidaceae	Rhodofomes	Rhodofomes roseus		SPECIES	Fomitopsis rosea (Alb. & Schwein.) P.Karst.	Fomitopsis rosea (Alb. & Schwein.) P. Karst.	(Alb. & Schwein.) P. Karst.	CA	Mt Orford	Québec	PRESENT		ff7bd5db-b724-4932-b496-10ea298851f9	45.340394	-72.208677	6500.0						1994-07-14	14	7	1994	2542344	8179389	PRESERVED_SPECIMEN	Université de Montréal Biodiversity Centre	CMMF	CMMF002178		Audet, Serge		CC0_1_0	Université de Montréal Biodiversity Centre	Lamoureux, Yves			2024-01-24T16:38:19.384Z	StillImage	INSTITUTION_MATCH_FUZZY;COLLECTION_MATCH_FUZZY;DIFFERENT_OWNER_INSTITUTION
4978408156	50c9509d-22c7-4a22-a47d-8c48425ef4a7	https://www.inaturalist.org/observations/242761613	Fungi	Basidiomycota	Agaricomycetes	Polyporales	Fomitopsidaceae	Rhodofomes	Rhodofomes roseus		SPECIES	Fomitopsis rosea (Alb. & Schwein.) P.Karst.	Fomitopsis rosea		CA		Ontario	PRESENT		28eb1a3f-1c15-4a95-931a-4af90ecb574d	45.385144	-75.702061							2024-09-18T12:07:27	18	9	2024	2542344	8179389	HUMAN_OBSERVATION	iNaturalist	Observations	242761613		alitheabsurd	2024-09-19T22:31:03	CC_BY_NC_4_0	alitheabsurd	alitheabsurd			2025-01-14T12:54:08.193Z	StillImage	COORDINATE_ROUNDED;CONTINENT_DERIVED_FROM_COORDINATES;TAXON_MATCH_TAXON_ID_IGNORED
4510318381	50c9509d-22c7-4a22-a47d-8c48425ef4a7	https://www.inaturalist.org/observations/193212624	Fungi	Basidiomycota	Agaricomycetes	Polyporales	Fomitopsidaceae	Rhodofomes	Rhodofomes roseus		SPECIES	Fomitopsis rosea (Alb. & Schwein.) P.Karst.	Fomitopsis rosea		CA		Québec	PRESENT		28eb1a3f-1c15-4a95-931a-4af90ecb574d	46.850153	-71.25807	8.0						2023-10-04	4	10	2023	2542344	8179389	HUMAN_OBSERVATION	iNaturalist	Observations	193212624		Christian Grenier	2024-03-01T21:15:34	CC_BY_NC_4_0	Christian Grenier	Christian Grenier			2025-01-14T12:43:20.632Z	StillImage	COORDINATE_ROUNDED;CONTINENT_DERIVED_FROM_COORDINATES;TAXON_MATCH_TAXON_ID_IGNORED
4431204596	50c9509d-22c7-4a22-a47d-8c48425ef4a7	https://www.inaturalist.org/observations/188431127	Fungi	Basidiomycota	Agaricomycetes	Polyporales	Fomitopsidaceae	Rhodofomes	Rhodofomes roseus		SPECIES	Fomitopsis rosea (Alb. & Schwein.) P.Karst.	Fomitopsis rosea		CA		Québec	PRESENT		28eb1a3f-1c15-4a95-931a-4af90ecb574d	46.07665	-73.891905	4.0						2023-10-21T09:56:19	21	10	2023	2542344	8179389	HUMAN_OBSERVATION	iNaturalist	Observations	188431127		Mical	2024-03-01T21:10:49	CC_BY_4_0	Mical	Mical			2025-01-14T13:28:25.875Z	StillImage	CONTINENT_DERIVED_FROM_COORDINATES;TAXON_MATCH_TAXON_ID_IGNORED
4103215461	50c9509d-22c7-4a22-a47d-8c48425ef4a7	https://www.inaturalist.org/observations/141748817	Fungi	Basidiomycota	Agaricomycetes	Polyporales	Fomitopsidaceae	Rhodofomes	Rhodofomes roseus		SPECIES	Fomitopsis rosea (Alb. & Schwein.) P.Karst.	Fomitopsis rosea		CA		Ontario	PRESENT		28eb1a3f-1c15-4a95-931a-4af90ecb574d	45.262144	-75.367534	37.0						2022-11-11T12:37	11	11	2022	2542344	8179389	HUMAN_OBSERVATION	iNaturalist	Observations	141748817		jonathan_mack	2024-03-01T21:07:46	CC_BY_NC_4_0	jonathan_mack	jonathan_mack			2025-01-14T13:21:51.655Z	StillImage	COORDINATE_ROUNDED;CONTINENT_DERIVED_FROM_COORDINATES;TAXON_MATCH_TAXON_ID_IGNORED
4099889067	d1a3b128-b406-46bb-a6d1-f3591dcc8a7b	8457e4bf-1a19-4bb7-b72f-8bb2105c0bd6	Fungi	Basidiomycota	Agaricomycetes	Polyporales	Fomitopsidaceae	Rhodofomes	Rhodofomes roseus		SPECIES	Fomes roseus (Alb. & Schwein.) Fr.	Fomes roseus	(Alb. & Schwein.) Fr.	CA	Meductic	New Brunswick	PRESENT		e43cf4b8-849e-4fac-b075-e652d019d2cf	46.0	-67.466667	3036.0						1946-09-29	29	9	1946	2542361	8179389	PRESERVED_SPECIMEN	BPI		BPI 234473		Hansbrough J. R.		CC0_1_0		Hansbrough J. R.			2025-01-15T04:59:24.087Z		GEODETIC_DATUM_ASSUMED_WGS84;CONTINENT_DERIVED_FROM_COORDINATES;TAXON_MATCH_TAXON_ID_IGNORED;INSTITUTION_MATCH_FUZZY
4099660065	d1a3b128-b406-46bb-a6d1-f3591dcc8a7b	888771d1-9eec-406b-939a-ef676fabbe60	Fungi	Basidiomycota	Agaricomycetes	Polyporales	Fomitopsidaceae	Rhodofomes	Rhodofomes roseus		SPECIES	Fomes roseus (Alb. & Schwein.) Fr.	Fomes roseus	(Alb. & Schwein.) Fr.	CA	Spruce Brook	Newfoundland	PRESENT		e43cf4b8-849e-4fac-b075-e652d019d2cf	47.616667	-65.1	301.0						1928-08-23	23	8	1928	2542361	8179389	PRESERVED_SPECIMEN	BPI		BPI 234475		Overholts L. O.		CC0_1_0		Westfelt M.			2025-01-15T04:59:24.289Z		GEODETIC_DATUM_ASSUMED_WGS84;CONTINENT_DERIVED_FROM_COORDINATES;TAXON_MATCH_TAXON_ID_IGNORED;INSTITUTION_MATCH_FUZZY
4099418057	d1a3b128-b406-46bb-a6d1-f3591dcc8a7b	7be8f31d-751d-42e8-a8e2-e65c448e2d4d	Fungi	Basidiomycota	Agaricomycetes	Polyporales	Fomitopsidaceae	Rhodofomes	Rhodofomes roseus		SPECIES	Fomes roseus (Alb. & Schwein.) Fr.	Fomes roseus	(Alb. & Schwein.) Fr.	CA	Fredericton	New Brunswick	PRESENT		e43cf4b8-849e-4fac-b075-e652d019d2cf	45.95	-66.633333	11997.0						1946-09-27	27	9	1946	2542361	8179389	PRESERVED_SPECIMEN	BPI		BPI 234458		Hansbrough J. R.		CC0_1_0		Hansbrough J. R.			2025-01-15T04:59:24.214Z		GEODETIC_DATUM_ASSUMED_WGS84;CONTINENT_DERIVED_FROM_COORDINATES;TAXON_MATCH_TAXON_ID_IGNORED;INSTITUTION_MATCH_FUZZY
4023418580	0f83123f-0c04-4556-8f4d-5a4e2a9bac66	http://id.luomus.fi/MY.4131435	Fungi	Basidiomycota	Agaricomycetes	Polyporales	Fomitopsidaceae	Rhodofomes	Rhodofomes roseus		SPECIES	Fomitopsis rosea (Alb. & Schwein.) P.Karst.	Fomitopsis rosea (Alb. & Schwein.:Fr.) P.Karst.		CA	Kelly's Camp	Quebec	PRESENT		04fd2e13-6881-4e5c-9dd1-8fdd9ab993c1	48.9	-64.42							1935-06-14T00:00Z	14	6	1935	2542344	8179389	PRESERVED_SPECIMEN	H		http://id.luomus.fi/HA.H7042080				CC_BY_4_0		Riley, C. G.			2025-01-12T05:29:47.961Z		CONTINENT_DERIVED_FROM_COORDINATES;TAXON_MATCH_TAXON_ID_IGNORED;COLLECTION_MATCH_NONE;INSTITUTION_MATCH_FUZZY
3759530779	50c9509d-22c7-4a22-a47d-8c48425ef4a7	https://www.inaturalist.org/observations/101631963	Fungi	Basidiomycota	Agaricomycetes	Polyporales	Fomitopsidaceae	Rhodofomes	Rhodofomes roseus		SPECIES	Fomitopsis rosea (Alb. & Schwein.) P.Karst.	Fomitopsis rosea		CA		Québec	PRESENT		28eb1a3f-1c15-4a95-931a-4af90ecb574d	46.849996	-71.258929	15.0						2021-11-20	20	11	2021	2542344	8179389	HUMAN_OBSERVATION	iNaturalist	Observations	101631963		Christian Grenier	2024-03-01T21:05:53	CC_BY_NC_4_0	Christian Grenier	Christian Grenier			2025-01-14T12:26:56.425Z	StillImage	COORDINATE_ROUNDED;CONTINENT_DERIVED_FROM_COORDINATES;TAXON_MATCH_TAXON_ID_IGNORED
3759360640	50c9509d-22c7-4a22-a47d-8c48425ef4a7	https://www.inaturalist.org/observations/112139965	Fungi	Basidiomycota	Agaricomycetes	Polyporales	Fomitopsidaceae	Rhodofomes	Rhodofomes roseus		SPECIES	Fomitopsis rosea (Alb. & Schwein.) P.Karst.	Fomitopsis rosea		CA		Québec	PRESENT		28eb1a3f-1c15-4a95-931a-4af90ecb574d	46.850219	-71.258077	15.0						2022-04-15	15	4	2022	2542344	8179389	HUMAN_OBSERVATION	iNaturalist	Observations	112139965		Christian Grenier	2024-03-01T21:06:28	CC_BY_NC_4_0	Christian Grenier	Christian Grenier			2025-01-14T13:12:25.410Z	StillImage	COORDINATE_ROUNDED;CONTINENT_DERIVED_FROM_COORDINATES;TAXON_MATCH_TAXON_ID_IGNORED
3337954638	50c9509d-22c7-4a22-a47d-8c48425ef4a7	https://www.inaturalist.org/observations/90529212	Fungi	Basidiomycota	Agaricomycetes	Polyporales	Fomitopsidaceae	Rhodofomes	Rhodofomes roseus		SPECIES	Fomitopsis rosea (Alb. & Schwein.) P.Karst.	Fomitopsis rosea		CA		New Brunswick	PRESENT		28eb1a3f-1c15-4a95-931a-4af90ecb574d	45.955612	-66.666503	41.0						2021-08-09T09:32:20	9	8	2021	2542344	8179389	HUMAN_OBSERVATION	iNaturalist	Observations	90529212		Raymonde G Chartier	2024-03-01T21:05:13	CC_BY_NC_4_0	annah9	annah9			2025-01-14T13:13:57.227Z	StillImage	COORDINATE_ROUNDED;CONTINENT_DERIVED_FROM_COORDINATES;TAXON_MATCH_TAXON_ID_IGNORED
2988428658	50c9509d-22c7-4a22-a47d-8c48425ef4a7	https://www.inaturalist.org/observations/65377476	Fungi	Basidiomycota	Agaricomycetes	Polyporales	Fomitopsidaceae	Rhodofomes	Rhodofomes roseus		SPECIES	Fomitopsis rosea (Alb. & Schwein.) P.Karst.	Fomitopsis rosea		CA		Ontario	PRESENT		28eb1a3f-1c15-4a95-931a-4af90ecb574d	45.39963	-75.17392	61.0						2020-11-14T03:40	14	11	2020	2542344	8179389	HUMAN_OBSERVATION	iNaturalist	Observations	65377476		Lynn Ovenden	2024-03-01T21:04:38	CC_BY_NC_4_0	Lynn Ovenden	Lynn Ovenden			2025-01-14T12:16:07.684Z	StillImage	COORDINATE_ROUNDED;CONTINENT_DERIVED_FROM_COORDINATES;TAXON_MATCH_TAXON_ID_IGNORED
2980962920	50c9509d-22c7-4a22-a47d-8c48425ef4a7	https://www.inaturalist.org/observations/64005431	Fungi	Basidiomycota	Agaricomycetes	Polyporales	Fomitopsidaceae	Rhodofomes	Rhodofomes roseus		SPECIES	Fomitopsis rosea (Alb. & Schwein.) P.Karst.	Fomitopsis rosea		CA		Ontario	PRESENT		28eb1a3f-1c15-4a95-931a-4af90ecb574d	45.332135	-75.259831	476.0						2020-10-30T14:40:39	30	10	2020	2542344	8179389	HUMAN_OBSERVATION	iNaturalist	Observations	64005431		Lynn Ovenden	2024-03-01T21:04:36	CC_BY_NC_4_0	Lynn Ovenden	Lynn Ovenden			2025-01-14T12:15:33.992Z	StillImage	COORDINATE_ROUNDED;CONTINENT_DERIVED_FROM_COORDINATES;TAXON_MATCH_TAXON_ID_IGNORED
2856495350	50c9509d-22c7-4a22-a47d-8c48425ef4a7	https://www.inaturalist.org/observations/36015610	Fungi	Basidiomycota	Agaricomycetes	Polyporales	Fomitopsidaceae	Rhodofomes	Rhodofomes roseus		SPECIES	Fomitopsis rosea (Alb. & Schwein.) P.Karst.	Fomitopsis rosea		CA		Ontario	PRESENT		28eb1a3f-1c15-4a95-931a-4af90ecb574d	45.385586	-75.701636	72.0						2019-10-29T21:19:47	29	10	2019	2542344	8179389	HUMAN_OBSERVATION	iNaturalist	Observations	36015610		Lynn Ovenden	2024-03-01T21:03:13	CC_BY_NC_4_0	Lynn Ovenden	Lynn Ovenden			2025-01-14T13:00:51.535Z	StillImage	COORDINATE_ROUNDED;CONTINENT_DERIVED_FROM_COORDINATES;TAXON_MATCH_TAXON_ID_IGNORED
2579306220	50c9509d-22c7-4a22-a47d-8c48425ef4a7	https://www.inaturalist.org/observations/39696976	Fungi	Basidiomycota	Agaricomycetes	Polyporales	Fomitopsidaceae	Rhodofomes	Rhodofomes roseus		SPECIES	Fomitopsis rosea (Alb. & Schwein.) P.Karst.	Fomitopsis rosea		CA		Québec	PRESENT		28eb1a3f-1c15-4a95-931a-4af90ecb574d	46.8631	-71.20423	61.0						2016-01-27	27	1	2016	2542344	8179389	HUMAN_OBSERVATION	iNaturalist	Observations	39696976		Christian Grenier	2024-03-01T21:03:58	CC_BY_NC_4_0	Christian Grenier	Christian Grenier			2025-01-14T12:11:38.407Z	StillImage	COORDINATE_ROUNDED;CONTINENT_DERIVED_FROM_COORDINATES;TAXON_MATCH_TAXON_ID_IGNORED
2013680275	50c9509d-22c7-4a22-a47d-8c48425ef4a7	https://www.inaturalist.org/observations/10117741	Fungi	Basidiomycota	Agaricomycetes	Polyporales	Fomitopsidaceae	Rhodofomes	Rhodofomes roseus		SPECIES	Fomitopsis rosea (Alb. & Schwein.) P.Karst.	Fomitopsis rosea		CA		Québec	PRESENT		28eb1a3f-1c15-4a95-931a-4af90ecb574d	48.353511	-68.79643	122.0						2013-08-08T12:36	8	8	2013	2542344	8179389	HUMAN_OBSERVATION	iNaturalist	Observations	10117741		tombigelow	2024-03-01T21:03:00	CC_BY_NC_4_0	tombigelow	tombigelow			2025-01-14T12:04:33.041Z	StillImage	COORDINATE_ROUNDED;CONTINENT_DERIVED_FROM_COORDINATES;TAXON_MATCH_TAXON_ID_IGNORED
1807260229	e8a25a42-f125-476c-8554-3ec21cd51a84	ACAD:116976	Fungi	Basidiomycota	Agaricomycetes	Polyporales	Fomitopsidaceae	Rhodofomes	Rhodofomes roseus		SPECIES	Fomitopsis rosea (Alb. & Schwein.) P.Karst.	Fomitopsis rosea (Alb. & Schwein.) P. Karst.	(Alb. & Schwein.) P. Karst.	CA	Kentville	Nova Scotia	PRESENT		6491ad8c-8e49-4bd4-a089-0ddb3bbe0890	45.07662	-64.49592							1952-10-05	5	10	1952	2542344	8179389	PRESERVED_SPECIMEN	Acadia University	ACAD	5237F	5237			CC0_1_0	Acadia University	H, KA			2024-01-25T01:37:05.347Z	StillImage	GEODETIC_DATUM_INVALID;GEODETIC_DATUM_ASSUMED_WGS84;TAXON_MATCH_TAXON_ID_IGNORED;INSTITUTION_MATCH_FUZZY;COLLECTION_MATCH_FUZZY
1807256241	e8a25a42-f125-476c-8554-3ec21cd51a84	ACAD:112592	Fungi	Basidiomycota	Agaricomycetes	Polyporales	Fomitopsidaceae	Rhodofomes	Rhodofomes roseus		SPECIES	Fomitopsis rosea (Alb. & Schwein.) P.Karst.	Fomitopsis rosea (Alb. & Schwein.) P. Karst.	(Alb. & Schwein.) P. Karst.	CA	Starrs Point	Nova Scotia	PRESENT		6491ad8c-8e49-4bd4-a089-0ddb3bbe0890	45.11598	-64.39111							1933			1933	2542344	8179389	PRESERVED_SPECIMEN	Acadia University	ACAD	24BF	24B			CC0_1_0	Acadia University	H, KA			2024-01-25T01:37:10.859Z	StillImage	GEODETIC_DATUM_INVALID;GEODETIC_DATUM_ASSUMED_WGS84;TAXON_MATCH_TAXON_ID_IGNORED;INSTITUTION_MATCH_FUZZY;COLLECTION_MATCH_FUZZY
1701207439	81e6cff2-b409-417e-8c72-e1bbafb7c61f	a61bc7ed-eeba-4afa-8cf5-0616086c92b4	Fungi	Basidiomycota	Agaricomycetes	Polyporales	Fomitopsidaceae	Rhodofomes	Rhodofomes roseus		SPECIES	Fomitopsis rosea (Alb. & Schwein.) P.Karst.	Fomitopsis rosea (Alb. & Schwein.) P. Karst.	(Alb. & Schwein.) P. Karst.	CA	Sainte-Foy; Airport forest	Québec	PRESENT		7b8aff00-a9f8-11d8-944b-b8a03c50a862	46.783668	-71.393568	8000.0						2003-08-29	29	8	2003	2542344	8179389	PRESERVED_SPECIMEN	F	Botany	C0294594F	NAMA 2003-284			CC0_1_0	The Field Museum of Natural History				2024-02-20T16:06:27.148Z		GEODETIC_DATUM_ASSUMED_WGS84;MODIFIED_DATE_INVALID;AMBIGUOUS_COLLECTION;INSTITUTION_MATCH_FUZZY
1412708399	21705170-d2b6-42de-8904-c3bca4b83591	CMMF016800	Fungi	Basidiomycota	Agaricomycetes	Polyporales	Fomitopsidaceae	Rhodofomes	Rhodofomes roseus		SPECIES	Fomitopsis rosea (Alb. & Schwein.) P.Karst.	Fomitopsis rosea (Alb. & Schwein.) P. Karst.	(Alb. & Schwein.) P. Karst.	CA	Malbaie, Québec.	Québec	PRESENT		ff7bd5db-b724-4932-b496-10ea298851f9	47.656929	-70.152806	20000.0						1977-05-31	31	5	1977	2542344	8179389	PRESERVED_SPECIMEN	Université de Montréal Biodiversity Centre	CMMF	CMMF016800		Sirard, Léas; Boulet, Bruno		CC0_1_0	Université de Montréal Biodiversity Centre	Sirard, Léas; Boulet, Bruno			2024-01-24T16:38:19.279Z		INSTITUTION_MATCH_FUZZY;COLLECTION_MATCH_FUZZY;DIFFERENT_OWNER_INSTITUTION
1412708246	21705170-d2b6-42de-8904-c3bca4b83591	CMMF016743	Fungi	Basidiomycota	Agaricomycetes	Polyporales	Fomitopsidaceae	Rhodofomes	Rhodofomes roseus		SPECIES	Fomitopsis rosea (Alb. & Schwein.) P.Karst.	Fomitopsis rosea (Alb. & Schwein.) P. Karst.	(Alb. & Schwein.) P. Karst.	CA	Saint-Donat, Québec.	Québec	PRESENT		ff7bd5db-b724-4932-b496-10ea298851f9	46.316667	-74.216667	6000.0						1995-08-12	12	8	1995	2542344	8179389	PRESERVED_SPECIMEN	Université de Montréal Biodiversity Centre	CMMF	CMMF016743		Sirard, Léas; Boulet, Bruno		CC0_1_0	Université de Montréal Biodiversity Centre	Sirard, Léas; Boulet, Bruno			2024-01-24T16:38:19.898Z		INSTITUTION_MATCH_FUZZY;COLLECTION_MATCH_FUZZY;DIFFERENT_OWNER_INSTITUTION
1412706795	21705170-d2b6-42de-8904-c3bca4b83591	CMMF015285	Fungi	Basidiomycota	Agaricomycetes	Polyporales	Fomitopsidaceae	Rhodofomes	Rhodofomes roseus		SPECIES	Fomitopsis rosea (Alb. & Schwein.) P.Karst.	Fomitopsis rosea (Alb. & Schwein.) P. Karst.	(Alb. & Schwein.) P. Karst.	CA	Val Lombrette, Chicoutimi, Québec.	Québec	PRESENT		ff7bd5db-b724-4932-b496-10ea298851f9	48.421466	-71.04988	250.0						1997-10-20	20	10	1997	2542344	8179389	PRESERVED_SPECIMEN	Université de Montréal Biodiversity Centre	CMMF	CMMF015285	868	Guérin, Gérard		CC0_1_0	Université de Montréal Biodiversity Centre	Guérin, Gérard			2024-01-24T16:38:17.045Z	StillImage	INSTITUTION_MATCH_FUZZY;COLLECTION_MATCH_FUZZY;DIFFERENT_OWNER_INSTITUTION
1135069876	21705170-d2b6-42de-8904-c3bca4b83591	CMMF008385	Fungi	Basidiomycota	Agaricomycetes	Polyporales	Fomitopsidaceae	Rhodofomes	Rhodofomes roseus		SPECIES	Fomitopsis rosea (Alb. & Schwein.) P.Karst.	Fomitopsis rosea (Alb. & Schwein.) P. Karst.	(Alb. & Schwein.) P. Karst.	CA	Cap-Chat	Québec	PRESENT		ff7bd5db-b724-4932-b496-10ea298851f9	49.0475	-66.685	100.0						2006-09-12	12	9	2006	2542344	8179389	PRESERVED_SPECIMEN	Université de Montréal Biodiversity Centre	CMMF	CMMF008385	C2943	McNeil, Raymond		CC0_1_0	Université de Montréal Biodiversity Centre	McNeil, Raymond			2024-01-24T16:38:17.756Z	StillImage	INSTITUTION_MATCH_FUZZY;COLLECTION_MATCH_FUZZY;DIFFERENT_OWNER_INSTITUTION
1135069837	21705170-d2b6-42de-8904-c3bca4b83591	CMMF008452	Fungi	Basidiomycota	Agaricomycetes	Polyporales	Fomitopsidaceae	Rhodofomes	Rhodofomes roseus		SPECIES	Fomitopsis rosea (Alb. & Schwein.) P.Karst.	Fomitopsis rosea (Alb. & Schwein.) P. Karst.	(Alb. & Schwein.) P. Karst.	CA	Chez François et Louise, Lac-Beauport	Québec	PRESENT		ff7bd5db-b724-4932-b496-10ea298851f9	46.953091	-71.275238	5000.0						2006-04-11	11	4	2006	2542344	8179389	PRESERVED_SPECIMEN	Université de Montréal Biodiversity Centre	CMMF	CMMF008452	22	Labrecque, Jacqueline		CC0_1_0	Université de Montréal Biodiversity Centre	Labrecque, Jacqueline			2024-01-24T16:38:17.891Z	StillImage	INSTITUTION_MATCH_FUZZY;COLLECTION_MATCH_FUZZY;DIFFERENT_OWNER_INSTITUTION
1135069717	21705170-d2b6-42de-8904-c3bca4b83591	CMMF008189	Fungi	Basidiomycota	Agaricomycetes	Polyporales	Fomitopsidaceae	Rhodofomes	Rhodofomes roseus		SPECIES	Fomitopsis rosea (Alb. & Schwein.) P.Karst.	Fomitopsis rosea (Alb. & Schwein.) P. Karst.	(Alb. & Schwein.) P. Karst.	CA	Rimouski	Québec	PRESENT		ff7bd5db-b724-4932-b496-10ea298851f9	48.425	-68.551667	100.0						2011-08-22	22	8	2011	2542344	8179389	PRESERVED_SPECIMEN	Université de Montréal Biodiversity Centre	CMMF	CMMF008189	C3871	McNeil, Raymond		CC0_1_0	Université de Montréal Biodiversity Centre	McNeil, Raymond			2024-01-24T16:38:18.253Z	StillImage	COORDINATE_ROUNDED;INSTITUTION_MATCH_FUZZY;COLLECTION_MATCH_FUZZY;DIFFERENT_OWNER_INSTITUTION
1135069236	21705170-d2b6-42de-8904-c3bca4b83591	CMMF007750	Fungi	Basidiomycota	Agaricomycetes	Polyporales	Fomitopsidaceae	Rhodofomes	Rhodofomes roseus		SPECIES	Fomitopsis rosea (Alb. & Schwein.) P.Karst.	Fomitopsis rosea (Alb. & Schwein.) P. Karst.	(Alb. & Schwein.) P. Karst.	CA	Maniwaki	Québec	PRESENT		ff7bd5db-b724-4932-b496-10ea298851f9	46.3228	-75.789283	100.0						2008-08-09	9	8	2008	2542344	8179389	PRESERVED_SPECIMEN	Université de Montréal Biodiversity Centre	CMMF	CMMF007750	C3354	McNeil, Raymond		CC0_1_0	Université de Montréal Biodiversity Centre	McNeil, Raymond			2024-01-24T16:38:16.142Z	StillImage	INSTITUTION_MATCH_FUZZY;COLLECTION_MATCH_FUZZY;DIFFERENT_OWNER_INSTITUTION
1135069215	21705170-d2b6-42de-8904-c3bca4b83591	CMMF007762	Fungi	Basidiomycota	Agaricomycetes	Polyporales	Fomitopsidaceae	Rhodofomes	Rhodofomes roseus		SPECIES	Fomitopsis rosea (Alb. & Schwein.) P.Karst.	Fomitopsis rosea (Alb. & Schwein.) P. Karst.	(Alb. & Schwein.) P. Karst.	CA	Rawdon	Québec	PRESENT		ff7bd5db-b724-4932-b496-10ea298851f9	46.040717	-73.709233	100.0						1983-08-28	28	8	1983	2542344	8179389	PRESERVED_SPECIMEN	Université de Montréal Biodiversity Centre	CMMF	CMMF007762	C2565	McNeil, Raymond		CC0_1_0	Université de Montréal Biodiversity Centre	McNeil, Raymond			2024-01-24T16:38:16.159Z	StillImage	COORDINATE_ROUNDED;INSTITUTION_MATCH_FUZZY;COLLECTION_MATCH_FUZZY;DIFFERENT_OWNER_INSTITUTION
1135067857	21705170-d2b6-42de-8904-c3bca4b83591	CMMF006388	Fungi	Basidiomycota	Agaricomycetes	Polyporales	Fomitopsidaceae	Rhodofomes	Rhodofomes roseus		SPECIES	Fomitopsis rosea (Alb. & Schwein.) P.Karst.	Fomitopsis rosea (Alb. & Schwein.) P. Karst.	(Alb. & Schwein.) P. Karst.	CA	Val-David, Parc régional Dufresnes, secteur Val-David	Québec	PRESENT		ff7bd5db-b724-4932-b496-10ea298851f9	45.373367	-74.199167	100.0						2012-08-04	4	8	2012	2542344	8179389	PRESERVED_SPECIMEN	Université de Montréal Biodiversity Centre	CMMF	CMMF006388	C4023	McNeil, Raymond		CC0_1_0	Université de Montréal Biodiversity Centre	McNeil, Raymond			2024-01-24T16:38:19.065Z	StillImage	COORDINATE_ROUNDED;INSTITUTION_MATCH_FUZZY;COLLECTION_MATCH_FUZZY;DIFFERENT_OWNER_INSTITUTION
1135067191	21705170-d2b6-42de-8904-c3bca4b83591	CMMF010591	Fungi	Basidiomycota	Agaricomycetes	Polyporales	Fomitopsidaceae	Rhodofomes	Rhodofomes roseus		SPECIES	Fomitopsis rosea (Alb. & Schwein.) P.Karst.	Fomitopsis rosea (Alb. & Schwein.) P. Karst.	(Alb. & Schwein.) P. Karst.	CA	Chemin des Acadiens, Québec.	Québec	PRESENT		ff7bd5db-b724-4932-b496-10ea298851f9	46.918501	-71.254455	4000.0						2010-06-20	20	6	2010	2542344	8179389	PRESERVED_SPECIMEN	Université de Montréal Biodiversity Centre	CMMF	CMMF010591	2178	Labbé, Roland; Loesel, Otto		CC0_1_0	Université de Montréal Biodiversity Centre	Labrecque, Jacqueline			2024-01-24T16:38:21.716Z		INSTITUTION_MATCH_FUZZY;COLLECTION_MATCH_FUZZY;DIFFERENT_OWNER_INSTITUTION
1135067148	21705170-d2b6-42de-8904-c3bca4b83591	CMMF010592	Fungi	Basidiomycota	Agaricomycetes	Polyporales	Fomitopsidaceae	Rhodofomes	Rhodofomes roseus		SPECIES	Fomitopsis rosea (Alb. & Schwein.) P.Karst.	Fomitopsis rosea (Alb. & Schwein.) P. Karst.	(Alb. & Schwein.) P. Karst.	CA	Sainte-Brigitte-de-Laval, étang sud.	Québec	PRESENT		ff7bd5db-b724-4932-b496-10ea298851f9	46.999193	-71.19627	500.0						2010-06-29	29	6	2010	2542344	8179389	PRESERVED_SPECIMEN	Université de Montréal Biodiversity Centre	CMMF	CMMF010592	2179	Labrecque, Jacqueline; Labbé, Roland		CC0_1_0	Université de Montréal Biodiversity Centre	Labrecque, Jacqueline			2024-01-24T16:38:21.716Z		INSTITUTION_MATCH_FUZZY;COLLECTION_MATCH_FUZZY;DIFFERENT_OWNER_INSTITUTION
