gbifID	datasetKey	occurrenceID	kingdom	phylum	class	order	family	genus	species	infraspecificEpithet	taxonRank	scientificName	verbatimScientificName	verbatimScientificNameAuthorship	countryCode	locality	stateProvince	occurrenceStatus	individualCount	publishingOrgKey	decimalLatitude	decimalLongitude	coordinateUncertaintyInMeters	coordinatePrecision	elevation	elevationAccuracy	depth	depthAccuracy	eventDate	day	month	year	taxonKey	speciesKey	basisOfRecord	institutionCode	collectionCode	catalogNumber	recordNumber	identifiedBy	dateIdentified	license	rightsHolder	recordedBy	typeStatus	establishmentMeans	lastInterpreted	mediaType	issue
727874884	d7cfd2ed-8af4-427f-a16e-eb66b7e2c419	14043	Fungi	Basidiomycota	Agaricomycetes	Agaricales	Cortinariaceae	Cortinarius	Cortinarius traganus		SPECIES	Cortinarius traganus (Fr.) Fr.	Cortinarius traganus (Fr.) Fr.	(Fr.) Fr.	CA	Algonquin Provincial Park	Ontario	PRESENT		ff418020-1d67-11d9-8435-b8a03c50a862	45.759859	-78.376465	67511.0						2007-09-29	29	9	2007	2529113	2529113	PRESERVED_SPECIMEN	Royal Ontario Museum	TRTC	TRTC156880	ALG07_56			CC0_1_0	Royal Ontario Museum	Didukh, M.; Dentiger, B.			2024-01-25T00:59:40.030Z	StillImage	COORDINATE_ROUNDED;AMBIGUOUS_INSTITUTION
727874828	d7cfd2ed-8af4-427f-a16e-eb66b7e2c419	13951	Fungi	Basidiomycota	Agaricomycetes	Agaricales	Cortinariaceae	Cortinarius	Cortinarius traganus		SPECIES	Cortinarius traganus (Fr.) Fr.	Cortinarius traganus (Fr.) Fr.	(Fr.) Fr.	CA	Algonquin Provincial Park	Ontario	PRESENT		ff418020-1d67-11d9-8435-b8a03c50a862	45.759859	-78.376465	67511.0						2006-09-30	30	9	2006	2529113	2529113	PRESERVED_SPECIMEN	Royal Ontario Museum	TRTC	TRTC151201	BR-06-14			CC0_1_0	Royal Ontario Museum	Rommel, B.			2024-01-25T00:59:38.926Z		COORDINATE_ROUNDED;AMBIGUOUS_INSTITUTION
617555518	21705170-d2b6-42de-8904-c3bca4b83591	CMMF000844	Fungi	Basidiomycota	Agaricomycetes	Agaricales	Cortinariaceae	Cortinarius	Cortinarius traganus		SPECIES	Cortinarius traganus (Fr.) Fr.	Cortinarius traganus (Fr.) Fr.	(Fr.) Fr.	CA	Lachute	Québec	PRESENT		ff7bd5db-b724-4932-b496-10ea298851f9	45.664878	-74.292134	8500.0						1989-09-24	24	9	1989	2529113	2529113	PRESERVED_SPECIMEN	Université de Montréal Biodiversity Centre	CMMF	CMMF000844		Lamoureux, Yves		CC0_1_0	Université de Montréal Biodiversity Centre	Lamoureux, Yves			2024-01-24T16:38:21.565Z	StillImage	INSTITUTION_MATCH_FUZZY;COLLECTION_MATCH_FUZZY;DIFFERENT_OWNER_INSTITUTION
617553167	21705170-d2b6-42de-8904-c3bca4b83591	CMMF000348	Fungi	Basidiomycota	Agaricomycetes	Agaricales	Cortinariaceae	Cortinarius	Cortinarius traganus		SPECIES	Cortinarius traganus (Fr.) Fr.	Cortinarius traganus (Fr.) Fr.	(Fr.) Fr.	CA	Rawdon	Québec	PRESENT		ff7bd5db-b724-4932-b496-10ea298851f9	46.052398	-73.748752	11000.0						1988-09-18	18	9	1988	2529113	2529113	PRESERVED_SPECIMEN	Université de Montréal Biodiversity Centre	CMMF	CMMF000348		Lamoureux, Yves		CC0_1_0	Université de Montréal Biodiversity Centre	Lamoureux, Yves			2024-01-24T16:38:20.806Z	StillImage	INSTITUTION_MATCH_FUZZY;COLLECTION_MATCH_FUZZY;DIFFERENT_OWNER_INSTITUTION
617552661	21705170-d2b6-42de-8904-c3bca4b83591	CMMF003261	Fungi	Basidiomycota	Agaricomycetes	Agaricales	Cortinariaceae	Cortinarius	Cortinarius traganus		SPECIES	Cortinarius traganus (Fr.) Fr.	Cortinarius traganus (Fr.) Fr.	(Fr.) Fr.	CA	Chertsey	Québec	PRESENT		ff7bd5db-b724-4932-b496-10ea298851f9	46.073928	-73.890706	5000.0						1998-08-27	27	8	1998	2529113	2529113	PRESERVED_SPECIMEN	Université de Montréal Biodiversity Centre	CMMF	CMMF003261		Lamoureux, Yves		CC0_1_0	Université de Montréal Biodiversity Centre	Lamoureux, Yves			2024-01-24T16:38:17.034Z	StillImage	INSTITUTION_MATCH_FUZZY;COLLECTION_MATCH_FUZZY;DIFFERENT_OWNER_INSTITUTION
4952482442	50c9509d-22c7-4a22-a47d-8c48425ef4a7	https://www.inaturalist.org/observations/246202154	Fungi	Basidiomycota	Agaricomycetes	Agaricales	Cortinariaceae	Cortinarius	Cortinarius traganus		SPECIES	Cortinarius traganus (Fr.) Fr.	Cortinarius traganus		CA		Ontario	PRESENT		28eb1a3f-1c15-4a95-931a-4af90ecb574d	45.568157	-78.450785	3.0						2024-09-20T12:09:07	20	9	2024	2529113	2529113	HUMAN_OBSERVATION	iNaturalist	Observations	246202154		colinrnb	2024-10-07T18:54:52	CC_BY_NC_4_0	colinrnb	colinrnb			2025-01-14T12:51:05.747Z	StillImage	COORDINATE_ROUNDED;CONTINENT_DERIVED_FROM_COORDINATES;TAXON_MATCH_TAXON_ID_IGNORED
4901428556	50c9509d-22c7-4a22-a47d-8c48425ef4a7	https://www.inaturalist.org/observations/189576239	Fungi	Basidiomycota	Agaricomycetes	Agaricales	Cortinariaceae	Cortinarius	Cortinarius traganus		SPECIES	Cortinarius traganus (Fr.) Fr.	Cortinarius traganus		CA		New Brunswick	PRESENT		28eb1a3f-1c15-4a95-931a-4af90ecb574d	45.9136	-66.670667							2023-10-20T13:16	20	10	2023	2529113	2529113	HUMAN_OBSERVATION	iNaturalist	Observations	189576239		Dwayne Sabine	2023-10-31T15:54:15	CC_BY_NC_4_0	Dwayne Sabine	Dwayne Sabine			2025-01-14T12:41:39.541Z	StillImage	COORDINATE_ROUNDED;CONTINENT_DERIVED_FROM_COORDINATES;TAXON_MATCH_TAXON_ID_IGNORED
4855323051	50c9509d-22c7-4a22-a47d-8c48425ef4a7	https://www.inaturalist.org/observations/202469971	Fungi	Basidiomycota	Agaricomycetes	Agaricales	Cortinariaceae	Cortinarius	Cortinarius traganus		SPECIES	Cortinarius traganus (Fr.) Fr.	Cortinarius traganus		CA		Québec	PRESENT		28eb1a3f-1c15-4a95-931a-4af90ecb574d	46.876559	-69.852672	2.0						2016-09-20T17:36	20	9	2016	2529113	2529113	HUMAN_OBSERVATION	iNaturalist	Observations	202469971		Ty Creelan	2024-05-07T00:40:33	CC_BY_NC_4_0	Jean-Guy Chouinard	Jean-Guy Chouinard			2025-01-14T13:37:45.078Z	StillImage	COORDINATE_ROUNDED;CONTINENT_DERIVED_FROM_COORDINATES;TAXON_MATCH_TAXON_ID_IGNORED
4606999141	50c9509d-22c7-4a22-a47d-8c48425ef4a7	https://www.inaturalist.org/observations/203978100	Fungi	Basidiomycota	Agaricomycetes	Agaricales	Cortinariaceae	Cortinarius	Cortinarius traganus		SPECIES	Cortinarius traganus (Fr.) Fr.	Cortinarius traganus		CA		Québec	PRESENT		28eb1a3f-1c15-4a95-931a-4af90ecb574d	48.483995	-71.205253	4.0						2023-07-07T22:29:21	7	7	2023	2529113	2529113	HUMAN_OBSERVATION	iNaturalist	Observations	203978100		eric_wilmot	2024-03-26T03:12:50	CC_BY_NC_4_0	eric_wilmot	eric_wilmot			2025-01-14T13:37:50.969Z	StillImage	COORDINATE_ROUNDED;CONTINENT_DERIVED_FROM_COORDINATES;TAXON_MATCH_TAXON_ID_IGNORED
4420823923	50c9509d-22c7-4a22-a47d-8c48425ef4a7	https://www.inaturalist.org/observations/185728737	Fungi	Basidiomycota	Agaricomycetes	Agaricales	Cortinariaceae	Cortinarius	Cortinarius traganus		SPECIES	Cortinarius traganus (Fr.) Fr.	Cortinarius traganus		CA		New Brunswick	PRESENT		28eb1a3f-1c15-4a95-931a-4af90ecb574d	46.014506	-66.624428							2023-09-23T10:07:32	23	9	2023	2529113	2529113	HUMAN_OBSERVATION	iNaturalist	Observations	185728737		Phil H.	2023-10-01T13:25:17	CC_BY_NC_4_0	Phil H.	Phil H.			2025-01-14T13:32:38.477Z	StillImage	COORDINATE_ROUNDED;CONTINENT_DERIVED_FROM_COORDINATES;TAXON_MATCH_TAXON_ID_IGNORED
4416952680	50c9509d-22c7-4a22-a47d-8c48425ef4a7	https://www.inaturalist.org/observations/184790336	Fungi	Basidiomycota	Agaricomycetes	Agaricales	Cortinariaceae	Cortinarius	Cortinarius traganus		SPECIES	Cortinarius traganus (Fr.) Fr.	Cortinarius traganus		CA		Québec	PRESENT		28eb1a3f-1c15-4a95-931a-4af90ecb574d	47.846828	-70.773553	4.0						2023-09-17T17:42:23	17	9	2023	2529113	2529113	HUMAN_OBSERVATION	iNaturalist	Observations	184790336		Christian Langlois	2023-09-25T00:22:51	CC_BY_4_0	Christian Langlois	Christian Langlois			2025-01-14T12:40:00.822Z	StillImage	COORDINATE_ROUNDED;CONTINENT_DERIVED_FROM_COORDINATES;TAXON_MATCH_TAXON_ID_IGNORED
4416891714	50c9509d-22c7-4a22-a47d-8c48425ef4a7	https://www.inaturalist.org/observations/183733135	Fungi	Basidiomycota	Agaricomycetes	Agaricales	Cortinariaceae	Cortinarius	Cortinarius traganus		SPECIES	Cortinarius traganus (Fr.) Fr.	Cortinarius traganus		CA		Ontario	PRESENT		28eb1a3f-1c15-4a95-931a-4af90ecb574d	45.271819	-78.980879	27190.0						2023-09-17T15:55:38	17	9	2023	2529113	2529113	HUMAN_OBSERVATION	iNaturalist	Observations	183733135		Lee Cumming	2023-09-17T20:38:52	CC_BY_NC_4_0	Lee Cumming	Lee Cumming			2025-01-14T12:40:10.981Z	StillImage	COORDINATE_ROUNDED;CONTINENT_DERIVED_FROM_COORDINATES;TAXON_MATCH_TAXON_ID_IGNORED
4414163844	50c9509d-22c7-4a22-a47d-8c48425ef4a7	https://www.inaturalist.org/observations/182222215	Fungi	Basidiomycota	Agaricomycetes	Agaricales	Cortinariaceae	Cortinarius	Cortinarius traganus		SPECIES	Cortinarius traganus (Fr.) Fr.	Cortinarius traganus		CA		Québec	PRESENT		28eb1a3f-1c15-4a95-931a-4af90ecb574d	48.534808	-78.20662	10.0						2023-09-03T15:08:52	3	9	2023	2529113	2529113	HUMAN_OBSERVATION	iNaturalist	Observations	182222215		Lynn Ovenden	2023-09-07T18:49:31	CC_BY_NC_4_0	Lynn Ovenden	Lynn Ovenden			2025-01-14T13:27:14.957Z	StillImage	COORDINATE_ROUNDED;CONTINENT_DERIVED_FROM_COORDINATES;TAXON_MATCH_TAXON_ID_IGNORED
4414072596	50c9509d-22c7-4a22-a47d-8c48425ef4a7	https://www.inaturalist.org/observations/183439003	Fungi	Basidiomycota	Agaricomycetes	Agaricales	Cortinariaceae	Cortinarius	Cortinarius traganus		SPECIES	Cortinarius traganus (Fr.) Fr.	Cortinarius traganus		CA		New Brunswick	PRESENT		28eb1a3f-1c15-4a95-931a-4af90ecb574d	45.792904	-66.861872							2023-09-15T15:09:01	15	9	2023	2529113	2529113	HUMAN_OBSERVATION	iNaturalist	Observations	183439003		Andrew MacPherson	2023-09-16T00:52:51	CC0_1_0	Andrew MacPherson	Andrew MacPherson			2025-01-14T13:27:32.812Z	StillImage	COORDINATE_ROUNDED;CONTINENT_DERIVED_FROM_COORDINATES;TAXON_MATCH_TAXON_ID_IGNORED
4413490171	50c9509d-22c7-4a22-a47d-8c48425ef4a7	https://www.inaturalist.org/observations/182087968	Fungi	Basidiomycota	Agaricomycetes	Agaricales	Cortinariaceae	Cortinarius	Cortinarius traganus		SPECIES	Cortinarius traganus (Fr.) Fr.	Cortinarius traganus		CA		Québec	PRESENT		28eb1a3f-1c15-4a95-931a-4af90ecb574d	49.853314	-70.191408	1981412.0						2023-09-03T20:07	3	9	2023	2529113	2529113	HUMAN_OBSERVATION	iNaturalist	Observations	182087968		Richard Bulva	2023-09-06T19:10:00	CC_BY_4_0	Christian Langlois	Christian Langlois			2025-01-14T12:41:32.847Z	StillImage	COORDINATE_ROUNDED;CONTINENT_DERIVED_FROM_COORDINATES;TAXON_MATCH_TAXON_ID_IGNORED
4407545308	50c9509d-22c7-4a22-a47d-8c48425ef4a7	https://www.inaturalist.org/observations/181413056	Fungi	Basidiomycota	Agaricomycetes	Agaricales	Cortinariaceae	Cortinarius	Cortinarius traganus		SPECIES	Cortinarius traganus (Fr.) Fr.	Cortinarius traganus		CA		New Brunswick	PRESENT		28eb1a3f-1c15-4a95-931a-4af90ecb574d	45.598083	-64.970872	4.0						2023-09-01T11:25:37	1	9	2023	2529113	2529113	HUMAN_OBSERVATION	iNaturalist	Observations	181413056		kait819	2023-09-02T17:28:56	CC_BY_NC_4_0	kait819	kait819			2025-01-14T12:39:30.346Z	StillImage	COORDINATE_ROUNDED;CONTINENT_DERIVED_FROM_COORDINATES;TAXON_MATCH_TAXON_ID_IGNORED
4407511977	50c9509d-22c7-4a22-a47d-8c48425ef4a7	https://www.inaturalist.org/observations/181483762	Fungi	Basidiomycota	Agaricomycetes	Agaricales	Cortinariaceae	Cortinarius	Cortinarius traganus		SPECIES	Cortinarius traganus (Fr.) Fr.	Cortinarius traganus		CA		New Brunswick	PRESENT		28eb1a3f-1c15-4a95-931a-4af90ecb574d	45.910662	-64.671088	16.0						2023-09-02T16:58:39	2	9	2023	2529113	2529113	HUMAN_OBSERVATION	iNaturalist	Observations	181483762		Laura O'Connor	2023-09-03T00:53:30	CC_BY_NC_4_0	Laura O'Connor	Laura O'Connor			2025-01-14T13:32:37.432Z	StillImage	COORDINATE_ROUNDED;CONTINENT_DERIVED_FROM_COORDINATES;TAXON_MATCH_TAXON_ID_IGNORED
4405464988	50c9509d-22c7-4a22-a47d-8c48425ef4a7	https://www.inaturalist.org/observations/180363863	Fungi	Basidiomycota	Agaricomycetes	Agaricales	Cortinariaceae	Cortinarius	Cortinarius traganus		SPECIES	Cortinarius traganus (Fr.) Fr.	Cortinarius traganus		CA		New Brunswick	PRESENT		28eb1a3f-1c15-4a95-931a-4af90ecb574d	47.426013	-66.881275							2023-08-26T13:03:39	26	8	2023	2529113	2529113	HUMAN_OBSERVATION	iNaturalist	Observations	180363863		Marie-Eve Lavoie	2023-08-27T00:19:38	CC_BY_NC_4_0	Marie-Eve Lavoie	Marie-Eve Lavoie			2025-01-14T13:29:14.406Z	StillImage	COORDINATE_ROUNDED;CONTINENT_DERIVED_FROM_COORDINATES;TAXON_MATCH_TAXON_ID_IGNORED
4034598674	50c9509d-22c7-4a22-a47d-8c48425ef4a7	https://www.inaturalist.org/observations/141389403	Fungi	Basidiomycota	Agaricomycetes	Agaricales	Cortinariaceae	Cortinarius	Cortinarius traganus		SPECIES	Cortinarius traganus (Fr.) Fr.	Cortinarius traganus		CA		New Brunswick	PRESENT		28eb1a3f-1c15-4a95-931a-4af90ecb574d	45.62507	-65.05823							2022-09-27	27	9	2022	2529113	2529113	HUMAN_OBSERVATION	iNaturalist	Observations	141389403		Stephen Russell	2023-02-06T04:45:08	CC_BY_NC_4_0	Alex Hood	Alex Hood			2025-01-14T13:18:57.067Z	StillImage	CONTINENT_DERIVED_FROM_COORDINATES;TAXON_MATCH_TAXON_ID_IGNORED
4009930601	50c9509d-22c7-4a22-a47d-8c48425ef4a7	https://www.inaturalist.org/observations/143349860	Fungi	Basidiomycota	Agaricomycetes	Agaricales	Cortinariaceae	Cortinarius	Cortinarius traganus		SPECIES	Cortinarius traganus (Fr.) Fr.	Cortinarius traganus		CA		New Brunswick	PRESENT		28eb1a3f-1c15-4a95-931a-4af90ecb574d	45.797	-64.774							2011-09-13	13	9	2011	2529113	2529113	HUMAN_OBSERVATION	iNaturalist	Observations	143349860		David Malloch	2022-11-30T13:39:43	CC_BY_NC_4_0	David Malloch	David Malloch			2025-01-14T12:32:40.897Z	StillImage	CONTINENT_DERIVED_FROM_COORDINATES;TAXON_MATCH_TAXON_ID_IGNORED
4009805608	50c9509d-22c7-4a22-a47d-8c48425ef4a7	https://www.inaturalist.org/observations/143349862	Fungi	Basidiomycota	Agaricomycetes	Agaricales	Cortinariaceae	Cortinarius	Cortinarius traganus		SPECIES	Cortinarius traganus (Fr.) Fr.	Cortinarius traganus		CA		New Brunswick	PRESENT		28eb1a3f-1c15-4a95-931a-4af90ecb574d	45.238	-66.479							2004-09-20	20	9	2004	2529113	2529113	HUMAN_OBSERVATION	iNaturalist	Observations	143349862		David Malloch	2022-11-30T13:39:43	CC_BY_NC_4_0	David Malloch	David Malloch			2025-01-14T12:32:41.735Z	StillImage	CONTINENT_DERIVED_FROM_COORDINATES;TAXON_MATCH_TAXON_ID_IGNORED
4009744615	50c9509d-22c7-4a22-a47d-8c48425ef4a7	https://www.inaturalist.org/observations/143349863	Fungi	Basidiomycota	Agaricomycetes	Agaricales	Cortinariaceae	Cortinarius	Cortinarius traganus		SPECIES	Cortinarius traganus (Fr.) Fr.	Cortinarius traganus		CA		New Brunswick	PRESENT		28eb1a3f-1c15-4a95-931a-4af90ecb574d	45.547	-65.022							2013-09-26	26	9	2013	2529113	2529113	HUMAN_OBSERVATION	iNaturalist	Observations	143349863		David Malloch	2022-11-30T13:39:43	CC_BY_NC_4_0	David Malloch	David Malloch			2025-01-14T12:32:41.774Z	StillImage	CONTINENT_DERIVED_FROM_COORDINATES;TAXON_MATCH_TAXON_ID_IGNORED
3966520828	50c9509d-22c7-4a22-a47d-8c48425ef4a7	https://www.inaturalist.org/observations/141626825	Fungi	Basidiomycota	Agaricomycetes	Agaricales	Cortinariaceae	Cortinarius	Cortinarius traganus		SPECIES	Cortinarius traganus (Fr.) Fr.	Cortinarius traganus		CA		New Brunswick	PRESENT		28eb1a3f-1c15-4a95-931a-4af90ecb574d	45.577556	-64.970397	200.0						2021-09-08T11:29	8	9	2021	2529113	2529113	HUMAN_OBSERVATION	iNaturalist	Observations	141626825		Alfredo Justo	2022-11-10T18:01:08	CC_BY_NC_4_0	Alfredo Justo	Alfredo Justo			2025-01-14T13:26:40.012Z	StillImage	COORDINATE_ROUNDED;CONTINENT_DERIVED_FROM_COORDINATES;TAXON_MATCH_TAXON_ID_IGNORED
3947264953	50c9509d-22c7-4a22-a47d-8c48425ef4a7	https://www.inaturalist.org/observations/138060307	Fungi	Basidiomycota	Agaricomycetes	Agaricales	Cortinariaceae	Cortinarius	Cortinarius traganus		SPECIES	Cortinarius traganus (Fr.) Fr.	Cortinarius traganus		CA		New Brunswick	PRESENT		28eb1a3f-1c15-4a95-931a-4af90ecb574d	46.798439	-66.568261	37.0						2022-10-06T09:18	6	10	2022	2529113	2529113	HUMAN_OBSERVATION	iNaturalist	Observations	138060307		Alfredo Justo	2022-10-09T01:19:43	CC_BY_NC_4_0	Alfredo Justo	Alfredo Justo			2025-01-14T13:18:00.262Z	StillImage	COORDINATE_ROUNDED;CONTINENT_DERIVED_FROM_COORDINATES;TAXON_MATCH_TAXON_ID_IGNORED
3947194967	50c9509d-22c7-4a22-a47d-8c48425ef4a7	https://www.inaturalist.org/observations/138058228	Fungi	Basidiomycota	Agaricomycetes	Agaricales	Cortinariaceae	Cortinarius	Cortinarius traganus		SPECIES	Cortinarius traganus (Fr.) Fr.	Cortinarius traganus		CA		New Brunswick	PRESENT		28eb1a3f-1c15-4a95-931a-4af90ecb574d	46.798406	-66.466567	30.0						2022-10-05T11:16	5	10	2022	2529113	2529113	HUMAN_OBSERVATION	iNaturalist	Observations	138058228		Alfredo Justo	2022-10-09T00:58:00	CC_BY_NC_4_0	Alfredo Justo	Alfredo Justo			2025-01-14T13:25:57.880Z	StillImage	COORDINATE_ROUNDED;CONTINENT_DERIVED_FROM_COORDINATES;TAXON_MATCH_TAXON_ID_IGNORED
3947184869	50c9509d-22c7-4a22-a47d-8c48425ef4a7	https://www.inaturalist.org/observations/136974070	Fungi	Basidiomycota	Agaricomycetes	Agaricales	Cortinariaceae	Cortinarius	Cortinarius traganus		SPECIES	Cortinarius traganus (Fr.) Fr.	Cortinarius traganus		CA		New Brunswick	PRESENT		28eb1a3f-1c15-4a95-931a-4af90ecb574d	45.610194	-67.442397	24.0						2022-09-24T12:44	24	9	2022	2529113	2529113	HUMAN_OBSERVATION	iNaturalist	Observations	136974070		Alfredo Justo	2022-09-29T23:47:57	CC_BY_NC_4_0	Alfredo Justo	Alfredo Justo			2025-01-14T12:32:16.295Z	StillImage	COORDINATE_ROUNDED;CONTINENT_DERIVED_FROM_COORDINATES;TAXON_MATCH_TAXON_ID_IGNORED
3925002881	50c9509d-22c7-4a22-a47d-8c48425ef4a7	https://www.inaturalist.org/observations/137654295	Fungi	Basidiomycota	Agaricomycetes	Agaricales	Cortinariaceae	Cortinarius	Cortinarius traganus		SPECIES	Cortinarius traganus (Fr.) Fr.	Cortinarius traganus		CA		Ontario	PRESENT		28eb1a3f-1c15-4a95-931a-4af90ecb574d	45.391553	-79.214678	695.0						2022-09-21T11:14	21	9	2022	2529113	2529113	HUMAN_OBSERVATION	iNaturalist	Observations	137654295		mycowalt	2022-10-05T17:16:39	CC_BY_NC_4_0	mycowalt	mycowalt			2025-01-14T13:17:56.458Z	StillImage	COORDINATE_ROUNDED;CONTINENT_DERIVED_FROM_COORDINATES;TAXON_MATCH_TAXON_ID_IGNORED
3923474044	50c9509d-22c7-4a22-a47d-8c48425ef4a7	https://www.inaturalist.org/observations/136977176	Fungi	Basidiomycota	Agaricomycetes	Agaricales	Cortinariaceae	Cortinarius	Cortinarius traganus		SPECIES	Cortinarius traganus (Fr.) Fr.	Cortinarius traganus		CA		New Brunswick	PRESENT		28eb1a3f-1c15-4a95-931a-4af90ecb574d	45.484536	-65.309264	37.0						2022-09-25T14:47	25	9	2022	2529113	2529113	HUMAN_OBSERVATION	iNaturalist	Observations	136977176		Alfredo Justo	2022-09-30T00:26:54	CC_BY_NC_4_0	Alfredo Justo	Alfredo Justo			2025-01-14T13:17:45.976Z	StillImage	COORDINATE_ROUNDED;CONTINENT_DERIVED_FROM_COORDINATES;TAXON_MATCH_TAXON_ID_IGNORED
3902808085	50c9509d-22c7-4a22-a47d-8c48425ef4a7	https://www.inaturalist.org/observations/132345835	Fungi	Basidiomycota	Agaricomycetes	Agaricales	Cortinariaceae	Cortinarius	Cortinarius traganus		SPECIES	Cortinarius traganus (Fr.) Fr.	Cortinarius traganus		CA		New Brunswick	PRESENT		28eb1a3f-1c15-4a95-931a-4af90ecb574d	46.898317	-65.366072	55.0						2019-09-16T10:07	16	9	2019	2529113	2529113	HUMAN_OBSERVATION	iNaturalist	Observations	132345835		Alfredo Justo	2022-08-26T00:00:19	CC_BY_NC_4_0	Alfredo Justo	Alfredo Justo			2025-01-14T12:31:27.802Z	StillImage	COORDINATE_ROUNDED;CONTINENT_DERIVED_FROM_COORDINATES;TAXON_MATCH_TAXON_ID_IGNORED
3902096548	50c9509d-22c7-4a22-a47d-8c48425ef4a7	https://www.inaturalist.org/observations/59975592	Fungi	Basidiomycota	Agaricomycetes	Agaricales	Cortinariaceae	Cortinarius	Cortinarius traganus		SPECIES	Cortinarius traganus (Fr.) Fr.	Cortinarius traganus		CA		Québec	PRESENT		28eb1a3f-1c15-4a95-931a-4af90ecb574d	46.579842	-72.974817	5.0						2020-09-18T11:51:36	18	9	2020	2529113	2529113	HUMAN_OBSERVATION	iNaturalist	Observations	59975592		yves5pierre	2020-09-18T16:11:13	CC_BY_NC_4_0	yves5pierre	yves5pierre			2025-01-14T13:09:42.174Z	StillImage	COORDINATE_ROUNDED;CONTINENT_DERIVED_FROM_COORDINATES;TAXON_MATCH_TAXON_ID_IGNORED
3902071507	50c9509d-22c7-4a22-a47d-8c48425ef4a7	https://www.inaturalist.org/observations/91704994	Fungi	Basidiomycota	Agaricomycetes	Agaricales	Cortinariaceae	Cortinarius	Cortinarius traganus		SPECIES	Cortinarius traganus (Fr.) Fr.	Cortinarius traganus		CA		Québec	PRESENT		28eb1a3f-1c15-4a95-931a-4af90ecb574d	46.310215	-74.772054	27031.0						2021-08-09T13:40:30	9	8	2021	2529113	2529113	HUMAN_OBSERVATION	iNaturalist	Observations	91704994		manonboulais	2021-08-19T02:47:43	CC_BY_NC_4_0	manonboulais	manonboulais			2025-01-14T12:21:07.344Z	StillImage	COORDINATE_ROUNDED;CONTINENT_DERIVED_FROM_COORDINATES;TAXON_MATCH_TAXON_ID_IGNORED
3859475543	50c9509d-22c7-4a22-a47d-8c48425ef4a7	https://www.inaturalist.org/observations/122715804	Fungi	Basidiomycota	Agaricomycetes	Agaricales	Cortinariaceae	Cortinarius	Cortinarius traganus		SPECIES	Cortinarius traganus (Fr.) Fr.	Cortinarius traganus		CA		Prince Edward Island	PRESENT		28eb1a3f-1c15-4a95-931a-4af90ecb574d	46.833864	-64.061722							2021-09-18T12:52:58	18	9	2021	2529113	2529113	HUMAN_OBSERVATION	iNaturalist	Observations	122715804		Ken Sanderson	2022-06-22T03:08:58	CC_BY_NC_4_0	Brandon Bernard	Brandon Bernard			2025-01-14T12:31:20.170Z	StillImage	COORDINATE_ROUNDED;CONTINENT_DERIVED_FROM_COORDINATES;TAXON_MATCH_TAXON_ID_IGNORED
3391580028	50c9509d-22c7-4a22-a47d-8c48425ef4a7	https://www.inaturalist.org/observations/97937048	Fungi	Basidiomycota	Agaricomycetes	Agaricales	Cortinariaceae	Cortinarius	Cortinarius traganus		SPECIES	Cortinarius traganus (Fr.) Fr.	Cortinarius traganus		CA		Prince Edward Island	PRESENT		28eb1a3f-1c15-4a95-931a-4af90ecb574d	46.511033	-64.081048	100.0						2021-10-11T11:01	11	10	2021	2529113	2529113	HUMAN_OBSERVATION	iNaturalist	Observations	97937048		Ben	2021-10-14T16:54:17	CC_BY_NC_4_0	Denis Gallant	Denis Gallant			2025-01-14T12:22:44.360Z	StillImage	COORDINATE_ROUNDED;CONTINENT_DERIVED_FROM_COORDINATES;TAXON_MATCH_TAXON_ID_IGNORED
3351830311	d8cd16ba-bb74-4420-821e-083f2bac17c2	MN992365	Fungi	Basidiomycota	Agaricomycetes	Agaricales	Cortinariaceae	Cortinarius	Cortinarius traganus		SPECIES	Cortinarius traganus (Fr.) Fr.	Cortinarius traganus		CA	Quebec, Anticosti		PRESENT		ada9d123-ddb4-467d-8891-806ea8d94230	49.85	-64.43							2015-09-08	8	9	2015	2529113	2529113	PRESERVED_SPECIMEN			ANT146-QFB28785		Jacques Landry		CC_BY_4_0		Dube, P.			2025-01-18T13:04:48.491Z		GEODETIC_DATUM_ASSUMED_WGS84;CONTINENT_DERIVED_FROM_COORDINATES;TAXON_MATCH_TAXON_CONCEPT_ID_IGNORED;TAXON_MATCH_TAXON_ID_IGNORED
3351782429	d8cd16ba-bb74-4420-821e-083f2bac17c2	MN751718	Fungi	Basidiomycota	Agaricomycetes	Agaricales	Cortinariaceae	Cortinarius	Cortinarius traganus		SPECIES	Cortinarius traganus (Fr.) Fr.	Cortinarius traganus		CA	Quebec, St-Simeon		PRESENT		ada9d123-ddb4-467d-8891-806ea8d94230	47.82	-69.91											2529113	2529113	PRESERVED_SPECIMEN			MQ18-HL0662-QFB30009		Jacques Landry		CC_BY_4_0		Herman Lambert			2025-01-18T13:04:47.430Z		GEODETIC_DATUM_ASSUMED_WGS84;CONTINENT_DERIVED_FROM_COORDINATES;TAXON_MATCH_TAXON_CONCEPT_ID_IGNORED;TAXON_MATCH_TAXON_ID_IGNORED
3351702463	d8cd16ba-bb74-4420-821e-083f2bac17c2	MN751715	Fungi	Basidiomycota	Agaricomycetes	Agaricales	Cortinariaceae	Cortinarius	Cortinarius traganus		SPECIES	Cortinarius traganus (Fr.) Fr.	Cortinarius traganus		CA	Quebec, Abitibi-Temiscamingue, parallele a la 7e Rue		PRESENT		ada9d123-ddb4-467d-8891-806ea8d94230	48.1	-77.79							2015-09-17	17	9	2015	2529113	2529113	PRESERVED_SPECIMEN			MQ19-PAT-CMMF020696		Jacques Landry		CC_BY_4_0		Patrick Poitras			2025-01-18T13:04:47.401Z		GEODETIC_DATUM_ASSUMED_WGS84;CONTINENT_DERIVED_FROM_COORDINATES;TAXON_MATCH_TAXON_CONCEPT_ID_IGNORED;TAXON_MATCH_TAXON_ID_IGNORED
3351647518	d8cd16ba-bb74-4420-821e-083f2bac17c2	MN751712	Fungi	Basidiomycota	Agaricomycetes	Agaricales	Cortinariaceae	Cortinarius	Cortinarius traganus		SPECIES	Cortinarius traganus (Fr.) Fr.	Cortinarius traganus		CA	Quebec, Lachute		PRESENT		ada9d123-ddb4-467d-8891-806ea8d94230	45.66	-74.29							1989-09-24	24	9	1989	2529113	2529113	PRESERVED_SPECIMEN			MQ19-CMMF000844		Jacques Landry		CC_BY_4_0		Yves Lamoureux			2025-01-18T13:05:59.642Z		GEODETIC_DATUM_ASSUMED_WGS84;CONTINENT_DERIVED_FROM_COORDINATES;TAXON_MATCH_TAXON_CONCEPT_ID_IGNORED;TAXON_MATCH_TAXON_ID_IGNORED
3351643421	d8cd16ba-bb74-4420-821e-083f2bac17c2	MN751714	Fungi	Basidiomycota	Agaricomycetes	Agaricales	Cortinariaceae	Cortinarius	Cortinarius traganus		SPECIES	Cortinarius traganus (Fr.) Fr.	Cortinarius traganus		CA	Quebec, Chertsey		PRESENT		ada9d123-ddb4-467d-8891-806ea8d94230	46.07	-73.89							1998-08-27	27	8	1998	2529113	2529113	PRESERVED_SPECIMEN			MQ19-CMMF003261		Jacques Landry		CC_BY_4_0		Yves Lamoureux			2025-01-18T13:05:59.938Z		GEODETIC_DATUM_ASSUMED_WGS84;CONTINENT_DERIVED_FROM_COORDINATES;TAXON_MATCH_TAXON_CONCEPT_ID_IGNORED;TAXON_MATCH_TAXON_ID_IGNORED
3351639237	d8cd16ba-bb74-4420-821e-083f2bac17c2	MN751713	Fungi	Basidiomycota	Agaricomycetes	Agaricales	Cortinariaceae	Cortinarius	Cortinarius traganus		SPECIES	Cortinarius traganus (Fr.) Fr.	Cortinarius traganus		CA	Quebec, Reserve Ashuapmushuan, km 80		PRESENT		ada9d123-ddb4-467d-8891-806ea8d94230	48.82	-72.83							2017-09-09	9	9	2017	2529113	2529113	PRESERVED_SPECIMEN			MQ18-HRL2455-QFB29890		Jacques Landry		CC_BY_4_0		Renee Lebeuf			2025-01-18T13:04:47.390Z		GEODETIC_DATUM_ASSUMED_WGS84;CONTINENT_DERIVED_FROM_COORDINATES;TAXON_MATCH_TAXON_CONCEPT_ID_IGNORED;TAXON_MATCH_TAXON_ID_IGNORED
3351616515	d8cd16ba-bb74-4420-821e-083f2bac17c2	MN751719	Fungi	Basidiomycota	Agaricomycetes	Agaricales	Cortinariaceae	Cortinarius	Cortinarius traganus		SPECIES	Cortinarius traganus (Fr.) Fr.	Cortinarius traganus		CA	Quebec, Abitibi-Temiscamingue, La Ferme, Sanctuaire Marial		PRESENT		ada9d123-ddb4-467d-8891-806ea8d94230	48.58	-78.23							2018-10-09	9	10	2018	2529113	2529113	PRESERVED_SPECIMEN			MQ19-PAT0213		Jacques Landry		CC_BY_4_0		Patrick Poitras			2025-01-18T13:04:47.401Z		GEODETIC_DATUM_ASSUMED_WGS84;CONTINENT_DERIVED_FROM_COORDINATES;TAXON_MATCH_TAXON_CONCEPT_ID_IGNORED;TAXON_MATCH_TAXON_ID_IGNORED
3349304182	d8cd16ba-bb74-4420-821e-083f2bac17c2	MN751720	Fungi	Basidiomycota	Agaricomycetes	Agaricales	Cortinariaceae	Cortinarius	Cortinarius traganus		SPECIES	Cortinarius traganus (Fr.) Fr.	Cortinarius traganus		CA	Quebec, Rawdon		PRESENT		ada9d123-ddb4-467d-8891-806ea8d94230	46.05	-73.75							1988-09-18	18	9	1988	2529113	2529113	PRESERVED_SPECIMEN			MQ19-CMMF000348		Jacques Landry		CC_BY_4_0		Yves Lamoureux			2025-01-18T13:04:47.413Z		GEODETIC_DATUM_ASSUMED_WGS84;CONTINENT_DERIVED_FROM_COORDINATES;TAXON_MATCH_TAXON_CONCEPT_ID_IGNORED;TAXON_MATCH_TAXON_ID_IGNORED
3349222317	d8cd16ba-bb74-4420-821e-083f2bac17c2	MN751721	Fungi	Basidiomycota	Agaricomycetes	Agaricales	Cortinariaceae	Cortinarius	Cortinarius traganus		SPECIES	Cortinarius traganus (Fr.) Fr.	Cortinarius traganus		CA	Quebec, Saint-Alban, chemin Ste-Anne		PRESENT		ada9d123-ddb4-467d-8891-806ea8d94230	46.69	-72.11							2018-09-23	23	9	2018	2529113	2529113	PRESERVED_SPECIMEN			MQ19-HRL2787-QFB31046		Jacques Landry		CC_BY_4_0		Renee Lebeuf, Andre Paul			2025-01-18T13:04:47.430Z		GEODETIC_DATUM_ASSUMED_WGS84;CONTINENT_DERIVED_FROM_COORDINATES;TAXON_MATCH_TAXON_CONCEPT_ID_IGNORED;TAXON_MATCH_TAXON_ID_IGNORED
2802938359	50c9509d-22c7-4a22-a47d-8c48425ef4a7	https://www.inaturalist.org/observations/17006128	Fungi	Basidiomycota	Agaricomycetes	Agaricales	Cortinariaceae	Cortinarius	Cortinarius traganus		SPECIES	Cortinarius traganus (Fr.) Fr.	Cortinarius traganus		CA		Ontario	PRESENT		28eb1a3f-1c15-4a95-931a-4af90ecb574d	45.584013	-78.511886	18.0						2018-09-28T10:14:13	28	9	2018	2529113	2529113	HUMAN_OBSERVATION	iNaturalist	Observations	17006128		Garrett Taylor	2018-09-29T11:53:59	CC0_1_0	Garrett Taylor	Garrett Taylor			2025-01-14T12:05:53.180Z	StillImage	COORDINATE_ROUNDED;CONTINENT_DERIVED_FROM_COORDINATES;TAXON_MATCH_TAXON_ID_IGNORED
2423613011	21705170-d2b6-42de-8904-c3bca4b83591	CMMF018862	Fungi	Basidiomycota	Agaricomycetes	Agaricales	Cortinariaceae	Cortinarius	Cortinarius traganus		SPECIES	Cortinarius traganus (Fr.) Fr.	Cortinarius traganus (Fr.) Fr.	(Fr.) Fr.	CA	SBUM	Québec	PRESENT		ff7bd5db-b724-4932-b496-10ea298851f9	45.988108	-74.005679	2500.0						1986-08-31	31	8	1986	2529113	2529113	PRESERVED_SPECIMEN	Université de Montréal Biodiversity Centre	CMMF	CMMF018862	s.n.	Nantel, Patrick		CC0_1_0	Université de Montréal Biodiversity Centre	Nantel, Patrick			2024-01-24T16:38:18.692Z		INSTITUTION_MATCH_FUZZY;COLLECTION_MATCH_FUZZY;DIFFERENT_OWNER_INSTITUTION
2423611927	21705170-d2b6-42de-8904-c3bca4b83591	CMMF020780	Fungi	Basidiomycota	Agaricomycetes	Agaricales	Cortinariaceae	Cortinarius	Cortinarius traganus		SPECIES	Cortinarius traganus (Fr.) Fr.	Cortinarius traganus (Fr.) Fr.	(Fr.) Fr.	CA	Sanctuaire Marial, La Ferme, Abitibi-Témiscamingue. Le Sanctuaire Marial se trouve à une centaine de mètres du Domaine St-Viateur La Source, qui est situé à l'adresse 150, chemin St-Viateur, Trécesson		PRESENT		ff7bd5db-b724-4932-b496-10ea298851f9	48.582285	-78.222744	200.0						2018-10-09	9	10	2018	2529113	2529113	PRESERVED_SPECIMEN	Université de Montréal Biodiversity Centre	CMMF	CMMF020780	pat0213	Poitras, Patrick		CC0_1_0	Université de Montréal Biodiversity Centre	Poitras, Patrick			2024-01-24T16:38:16.212Z		COORDINATE_ROUNDED;GEODETIC_DATUM_INVALID;GEODETIC_DATUM_ASSUMED_WGS84;COUNTRY_DERIVED_FROM_COORDINATES;CONTINENT_DERIVED_FROM_COORDINATES;INSTITUTION_MATCH_FUZZY;COLLECTION_MATCH_FUZZY;DIFFERENT_OWNER_INSTITUTION
1848817310	50c9509d-22c7-4a22-a47d-8c48425ef4a7	https://www.inaturalist.org/observations/8065925	Fungi	Basidiomycota	Agaricomycetes	Agaricales	Cortinariaceae	Cortinarius	Cortinarius traganus		SPECIES	Cortinarius traganus (Fr.) Fr.	Cortinarius traganus		CA		Nova Scotia	PRESENT		28eb1a3f-1c15-4a95-931a-4af90ecb574d	45.40173	-64.039214							2017-09-23T14:39:28	23	9	2017	2529113	2529113	HUMAN_OBSERVATION	iNaturalist	Observations	8065925		noah_siegel	2018-02-15T17:34:44	CC_BY_NC_4_0	Cody Chapman	Cody Chapman			2025-01-14T12:58:16.326Z	StillImage	COORDINATE_ROUNDED;CONTINENT_DERIVED_FROM_COORDINATES;TAXON_MATCH_TAXON_ID_IGNORED
1847646665	50c9509d-22c7-4a22-a47d-8c48425ef4a7	https://www.inaturalist.org/observations/9590904	Fungi	Basidiomycota	Agaricomycetes	Agaricales	Cortinariaceae	Cortinarius	Cortinarius traganus		SPECIES	Cortinarius traganus (Fr.) Fr.	Cortinarius traganus		CA		Ontario	PRESENT		28eb1a3f-1c15-4a95-931a-4af90ecb574d	45.69085	-78.32155	84661.0						2015-09-15	15	9	2015	2529113	2529113	HUMAN_OBSERVATION	iNaturalist	Observations	9590904		mycowalt	2018-01-23T22:55:42	CC_BY_NC_4_0	mycowalt	mycowalt			2025-01-14T12:05:21.254Z	StillImage	CONTINENT_DERIVED_FROM_COORDINATES;TAXON_MATCH_TAXON_ID_IGNORED
1847646023	50c9509d-22c7-4a22-a47d-8c48425ef4a7	https://www.inaturalist.org/observations/9577174	Fungi	Basidiomycota	Agaricomycetes	Agaricales	Cortinariaceae	Cortinarius	Cortinarius traganus		SPECIES	Cortinarius traganus (Fr.) Fr.	Cortinarius traganus		CA		Ontario	PRESENT		28eb1a3f-1c15-4a95-931a-4af90ecb574d	45.5794	-78.51955	385.0						2014-09-19	19	9	2014	2529113	2529113	HUMAN_OBSERVATION	iNaturalist	Observations	9577174		mycowalt	2018-01-23T18:52:51	CC_BY_NC_4_0	mycowalt	mycowalt			2025-01-14T12:04:21.155Z	StillImage	CONTINENT_DERIVED_FROM_COORDINATES;TAXON_MATCH_TAXON_ID_IGNORED
1847645917	50c9509d-22c7-4a22-a47d-8c48425ef4a7	https://www.inaturalist.org/observations/9577007	Fungi	Basidiomycota	Agaricomycetes	Agaricales	Cortinariaceae	Cortinarius	Cortinarius traganus		SPECIES	Cortinarius traganus (Fr.) Fr.	Cortinarius traganus		CA		Ontario	PRESENT		28eb1a3f-1c15-4a95-931a-4af90ecb574d	45.30175	-79.2739	22587.0						2014-09-21	21	9	2014	2529113	2529113	HUMAN_OBSERVATION	iNaturalist	Observations	9577007		mycowalt	2018-01-23T18:37:31	CC_BY_NC_4_0	mycowalt	mycowalt			2025-01-14T12:59:29.456Z	StillImage	CONTINENT_DERIVED_FROM_COORDINATES;TAXON_MATCH_TAXON_ID_IGNORED
1847644296	50c9509d-22c7-4a22-a47d-8c48425ef4a7	https://www.inaturalist.org/observations/9569974	Fungi	Basidiomycota	Agaricomycetes	Agaricales	Cortinariaceae	Cortinarius	Cortinarius traganus		SPECIES	Cortinarius traganus (Fr.) Fr.	Cortinarius traganus		CA		Ontario	PRESENT		28eb1a3f-1c15-4a95-931a-4af90ecb574d	45.24165	-78.8925	386.0						2000-09-15	15	9	2000	2529113	2529113	HUMAN_OBSERVATION	iNaturalist	Observations	9569974		mycowalt	2018-01-23T05:10:04	CC_BY_NC_4_0	mycowalt	mycowalt			2025-01-14T12:59:40.397Z	StillImage	CONTINENT_DERIVED_FROM_COORDINATES;TAXON_MATCH_TAXON_ID_IGNORED
1412706186	21705170-d2b6-42de-8904-c3bca4b83591	CMMF014672	Fungi	Basidiomycota	Agaricomycetes	Agaricales	Cortinariaceae	Cortinarius	Cortinarius traganus		SPECIES	Cortinarius traganus (Fr.) Fr.	Cortinarius traganus (Fr.) Fr.	(Fr.) Fr.	CA	Chicoutimi, Québec.	Québec	PRESENT		ff7bd5db-b724-4932-b496-10ea298851f9	48.368277	-71.119642	15000.0						1984-09-15	15	9	1984	2529113	2529113	PRESERVED_SPECIMEN	Université de Montréal Biodiversity Centre	CMMF	CMMF014672	2209	Guérin, Gérard		CC0_1_0	Université de Montréal Biodiversity Centre	Guérin, Gérard			2024-01-24T16:38:20.348Z	StillImage	INSTITUTION_MATCH_FUZZY;COLLECTION_MATCH_FUZZY;DIFFERENT_OWNER_INSTITUTION
1412706093	21705170-d2b6-42de-8904-c3bca4b83591	CMMF014673	Fungi	Basidiomycota	Agaricomycetes	Agaricales	Cortinariaceae	Cortinarius	Cortinarius traganus		SPECIES	Cortinarius traganus (Fr.) Fr.	Cortinarius traganus (Fr.) Fr.	(Fr.) Fr.	CA	Shipshaw, Québec.	Québec	PRESENT		ff7bd5db-b724-4932-b496-10ea298851f9	48.466834	-71.263421	2500.0						1993-09-12	12	9	1993	2529113	2529113	PRESERVED_SPECIMEN	Université de Montréal Biodiversity Centre	CMMF	CMMF014673	2210	Guérin, Gérard		CC0_1_0	Université de Montréal Biodiversity Centre	Guérin, Gérard			2024-01-24T16:38:20.348Z	StillImage	INSTITUTION_MATCH_FUZZY;COLLECTION_MATCH_FUZZY;DIFFERENT_OWNER_INSTITUTION
1135070579	21705170-d2b6-42de-8904-c3bca4b83591	CMMF009079	Fungi	Basidiomycota	Agaricomycetes	Agaricales	Cortinariaceae	Cortinarius	Cortinarius traganus		SPECIES	Cortinarius traganus (Fr.) Fr.	Cortinarius traganus (Fr.) Fr.	(Fr.) Fr.	CA	Chemin O'Neil, Lac-Beauport.	Québec	PRESENT		ff7bd5db-b724-4932-b496-10ea298851f9	46.953091	-71.275238	5000.0						2006-08-30	30	8	2006	2529113	2529113	PRESERVED_SPECIMEN	Université de Montréal Biodiversity Centre	CMMF	CMMF009079	662	Labrecque, Jacqueline		CC0_1_0	Université de Montréal Biodiversity Centre	Labrecque, Jacqueline			2024-01-24T16:38:20.179Z		INSTITUTION_MATCH_FUZZY;COLLECTION_MATCH_FUZZY;DIFFERENT_OWNER_INSTITUTION
1135070540	21705170-d2b6-42de-8904-c3bca4b83591	CMMF009114	Fungi	Basidiomycota	Agaricomycetes	Agaricales	Cortinariaceae	Cortinarius	Cortinarius traganus		SPECIES	Cortinarius traganus (Fr.) Fr.	Cortinarius traganus (Fr.) Fr.	(Fr.) Fr.	CA	Charlesbourg Ouest (M. Allen), Québec.	Québec	PRESENT		ff7bd5db-b724-4932-b496-10ea298851f9	46.91969	-71.322285	4200.0						2006-09-03	3	9	2006	2529113	2529113	PRESERVED_SPECIMEN	Université de Montréal Biodiversity Centre	CMMF	CMMF009114	697	Labrecque, Jacqueline		CC0_1_0	Université de Montréal Biodiversity Centre	Labrecque, Jacqueline			2024-01-24T16:38:20.223Z		INSTITUTION_MATCH_FUZZY;COLLECTION_MATCH_FUZZY;DIFFERENT_OWNER_INSTITUTION
1135069763	21705170-d2b6-42de-8904-c3bca4b83591	CMMF008360	Fungi	Basidiomycota	Agaricomycetes	Agaricales	Cortinariaceae	Cortinarius	Cortinarius traganus		SPECIES	Cortinarius traganus (Fr.) Fr.	Cortinarius traganus (Fr.) Fr.	(Fr.) Fr.	CA	Sainte-Anne-des-Monts	Québec	PRESENT		ff7bd5db-b724-4932-b496-10ea298851f9	49.108333	-66.497883	100.0						2007-09-04	4	9	2007	2529113	2529113	PRESERVED_SPECIMEN	Université de Montréal Biodiversity Centre	CMMF	CMMF008360	Inexistant	McNeil, Raymond		CC0_1_0	Université de Montréal Biodiversity Centre	McNeil, Raymond			2024-01-24T16:38:17.747Z	StillImage	COORDINATE_ROUNDED;INSTITUTION_MATCH_FUZZY;COLLECTION_MATCH_FUZZY;DIFFERENT_OWNER_INSTITUTION
1135069735	21705170-d2b6-42de-8904-c3bca4b83591	CMMF008337	Fungi	Basidiomycota	Agaricomycetes	Agaricales	Cortinariaceae	Cortinarius	Cortinarius traganus		SPECIES	Cortinarius traganus (Fr.) Fr.	Cortinarius traganus (Fr.) Fr.	(Fr.) Fr.	CA	Sainte-Anne-des-Monts	Québec	PRESENT		ff7bd5db-b724-4932-b496-10ea298851f9	49.108333	-66.497883	100.0						2004-09-06	6	9	2004	2529113	2529113	PRESERVED_SPECIMEN	Université de Montréal Biodiversity Centre	CMMF	CMMF008337	C1976	McNeil, Raymond		CC0_1_0	Université de Montréal Biodiversity Centre	McNeil, Raymond			2024-01-24T16:38:17.799Z	StillImage	COORDINATE_ROUNDED;INSTITUTION_MATCH_FUZZY;COLLECTION_MATCH_FUZZY;DIFFERENT_OWNER_INSTITUTION
1135069464	21705170-d2b6-42de-8904-c3bca4b83591	CMMF007976	Fungi	Basidiomycota	Agaricomycetes	Agaricales	Cortinariaceae	Cortinarius	Cortinarius traganus		SPECIES	Cortinarius traganus (Fr.) Fr.	Cortinarius traganus (Fr.) Fr.	(Fr.) Fr.	CA	Notre-Dame-du-Rosaire	Québec	PRESENT		ff7bd5db-b724-4932-b496-10ea298851f9	46.802717	-70.361567	100.0						2007-09-09	9	9	2007	2529113	2529113	PRESERVED_SPECIMEN	Université de Montréal Biodiversity Centre	CMMF	CMMF007976	Inexistant	McNeil, Raymond		CC0_1_0	Université de Montréal Biodiversity Centre	McNeil, Raymond			2024-01-24T16:38:15.642Z	StillImage	COORDINATE_ROUNDED;INSTITUTION_MATCH_FUZZY;COLLECTION_MATCH_FUZZY;DIFFERENT_OWNER_INSTITUTION
1135068480	21705170-d2b6-42de-8904-c3bca4b83591	CMMF007020	Fungi	Basidiomycota	Agaricomycetes	Agaricales	Cortinariaceae	Cortinarius	Cortinarius traganus		SPECIES	Cortinarius traganus (Fr.) Fr.	Cortinarius traganus (Fr.) Fr.	(Fr.) Fr.	CA	Lachute	Québec	PRESENT		ff7bd5db-b724-4932-b496-10ea298851f9	45.66275	-74.241983	100.0						1978-09-16	16	9	1978	2529113	2529113	PRESERVED_SPECIMEN	Université de Montréal Biodiversity Centre	CMMF	CMMF007020	Inexistant	McNeil, Raymond		CC0_1_0	Université de Montréal Biodiversity Centre	McNeil, Raymond			2024-01-24T16:38:20.882Z	StillImage	COORDINATE_ROUNDED;INSTITUTION_MATCH_FUZZY;COLLECTION_MATCH_FUZZY;DIFFERENT_OWNER_INSTITUTION
1135066643	21705170-d2b6-42de-8904-c3bca4b83591	CMMF010075	Fungi	Basidiomycota	Agaricomycetes	Agaricales	Cortinariaceae	Cortinarius	Cortinarius traganus		SPECIES	Cortinarius traganus (Fr.) Fr.	Cortinarius traganus (Fr.) Fr.	(Fr.) Fr.	CA	Pinède Rourke, Lac-Beauport.	Québec	PRESENT		ff7bd5db-b724-4932-b496-10ea298851f9	46.96324	-71.303223	5000.0						2007-09-23	23	9	2007	2529113	2529113	PRESERVED_SPECIMEN	Université de Montréal Biodiversity Centre	CMMF	CMMF010075	1660	Labrecque, Jacqueline		CC0_1_0	Université de Montréal Biodiversity Centre	Labrecque, Jacqueline			2024-01-24T16:38:20.188Z		INSTITUTION_MATCH_FUZZY;COLLECTION_MATCH_FUZZY;DIFFERENT_OWNER_INSTITUTION
1135066573	21705170-d2b6-42de-8904-c3bca4b83591	CMMF010000	Fungi	Basidiomycota	Agaricomycetes	Agaricales	Cortinariaceae	Cortinarius	Cortinarius traganus		SPECIES	Cortinarius traganus (Fr.) Fr.	Cortinarius traganus (Fr.) Fr.	(Fr.) Fr.	CA	Rue des Acadiens, Québec.	Québec	PRESENT		ff7bd5db-b724-4932-b496-10ea298851f9	46.918501	-71.254455	4000.0						2007-09-14	14	9	2007	2529113	2529113	PRESERVED_SPECIMEN	Université de Montréal Biodiversity Centre	CMMF	CMMF010000	1585	Labrecque, Jacqueline		CC0_1_0	Université de Montréal Biodiversity Centre	Labrecque, Jacqueline			2024-01-24T16:38:20.156Z		INSTITUTION_MATCH_FUZZY;COLLECTION_MATCH_FUZZY;DIFFERENT_OWNER_INSTITUTION
