gbifID	datasetKey	occurrenceID	kingdom	phylum	class	order	family	genus	species	infraspecificEpithet	taxonRank	scientificName	verbatimScientificName	verbatimScientificNameAuthorship	countryCode	locality	stateProvince	occurrenceStatus	individualCount	publishingOrgKey	decimalLatitude	decimalLongitude	coordinateUncertaintyInMeters	coordinatePrecision	elevation	elevationAccuracy	depth	depthAccuracy	eventDate	day	month	year	taxonKey	speciesKey	basisOfRecord	institutionCode	collectionCode	catalogNumber	recordNumber	identifiedBy	dateIdentified	license	rightsHolder	recordedBy	typeStatus	establishmentMeans	lastInterpreted	mediaType	issue
727878065	d7cfd2ed-8af4-427f-a16e-eb66b7e2c419	21292	Fungi	Basidiomycota	Agaricomycetes	Agaricales	Nidulariaceae	Crucibulum	Crucibulum laeve		SPECIES	Crucibulum laeve (Huds.) Kambly	Crucibulum laeve (Huds.) Kambly	(Huds.) Kambly	CA	Petawawa Forest Experimental Station	Ontario	PRESENT		ff418020-1d67-11d9-8435-b8a03c50a862	46.00829	-77.421513	958.0						1951-06-25	25	6	1951	5243575	5243575	PRESERVED_SPECIMEN	Royal Ontario Museum	TRTC	TRTC044059		Cain, R.F.		CC0_1_0	Royal Ontario Museum	Dance, B. W.			2024-01-25T00:59:40.255Z		COORDINATE_ROUNDED;AMBIGUOUS_INSTITUTION
727875818	d7cfd2ed-8af4-427f-a16e-eb66b7e2c419	15777	Fungi	Basidiomycota	Agaricomycetes	Agaricales	Nidulariaceae	Crucibulum	Crucibulum laeve		SPECIES	Crucibulum laeve (Huds.) Kambly	Crucibulum laeve (Huds.) Kambly	(Huds.) Kambly	CA	Chalk River	Ontario	PRESENT		ff418020-1d67-11d9-8435-b8a03c50a862	46.021045	-77.454472	2103.0						1937-09-03	3	9	1937	5243575	5243575	PRESERVED_SPECIMEN	Royal Ontario Museum	TRTC	TRTC160144				CC0_1_0	Royal Ontario Museum	Bier, J.E.; Groves, J.W.			2024-01-25T00:59:40.711Z		COORDINATE_ROUNDED;AMBIGUOUS_INSTITUTION
617554777	21705170-d2b6-42de-8904-c3bca4b83591	CMMF000513	Fungi	Basidiomycota	Agaricomycetes	Agaricales	Nidulariaceae	Crucibulum	Crucibulum laeve		SPECIES	Crucibulum laeve (Huds.) Kambly	Crucibulum laeve (Huds.) Kambly	(Huds.) Kambly	CA	Mirabel	Québec	PRESENT		ff7bd5db-b724-4932-b496-10ea298851f9	45.659599	-74.064294	18500.0						1989-06-10	10	6	1989	5243575	5243575	PRESERVED_SPECIMEN	Université de Montréal Biodiversity Centre	CMMF	CMMF000513		Lamoureux, Yves		CC0_1_0	Université de Montréal Biodiversity Centre	Lamoureux, Yves			2024-01-24T16:38:20.033Z	StillImage	INSTITUTION_MATCH_FUZZY;COLLECTION_MATCH_FUZZY;DIFFERENT_OWNER_INSTITUTION
617549429	21705170-d2b6-42de-8904-c3bca4b83591	CMMF001837	Fungi	Basidiomycota	Agaricomycetes	Agaricales	Nidulariaceae	Crucibulum	Crucibulum laeve		SPECIES	Crucibulum laeve (Huds.) Kambly	Crucibulum laeve (Huds.) Kambly	(Huds.) Kambly	CA	Longueuil	Québec	PRESENT		ff7bd5db-b724-4932-b496-10ea298851f9	45.544154	-73.477185	5000.0						1992-09-25	25	9	1992	5243575	5243575	PRESERVED_SPECIMEN	Université de Montréal Biodiversity Centre	CMMF	CMMF001837		Lamoureux, Yves		CC0_1_0	Université de Montréal Biodiversity Centre	Lamoureux, Yves			2024-01-24T16:38:17.222Z	StillImage	INSTITUTION_MATCH_FUZZY;COLLECTION_MATCH_FUZZY;DIFFERENT_OWNER_INSTITUTION
5007687932	50c9509d-22c7-4a22-a47d-8c48425ef4a7	https://www.inaturalist.org/observations/256802998	Fungi	Basidiomycota	Agaricomycetes	Agaricales	Nidulariaceae	Crucibulum	Crucibulum laeve		SPECIES	Crucibulum laeve (Huds.) Kambly	Crucibulum laeve		CA		Nova Scotia	PRESENT		28eb1a3f-1c15-4a95-931a-4af90ecb574d	45.157862	-64.736083	4.0						2017-09-07T13:00	7	9	2017	5243575	5243575	HUMAN_OBSERVATION	iNaturalist	Observations	256802998		John Brazner	2024-12-30T21:31:20	CC_BY_NC_4_0	John Brazner	John Brazner			2025-01-14T13:00:25.371Z	StillImage	COORDINATE_ROUNDED;CONTINENT_DERIVED_FROM_COORDINATES;TAXON_MATCH_TAXON_ID_IGNORED
4954340913	50c9509d-22c7-4a22-a47d-8c48425ef4a7	https://www.inaturalist.org/observations/246824506	Fungi	Basidiomycota	Agaricomycetes	Agaricales	Nidulariaceae	Crucibulum	Crucibulum laeve		SPECIES	Crucibulum laeve (Huds.) Kambly	Crucibulum laeve		CA		Prince Edward Island	PRESENT		28eb1a3f-1c15-4a95-931a-4af90ecb574d	46.991273	-64.06339							2024-10-11T12:21:20	11	10	2024	5243575	5243575	HUMAN_OBSERVATION	iNaturalist	Observations	246824506		Julie-Lynn Zahavich	2024-10-11T20:27:19	CC_BY_NC_4_0	Julie-Lynn Zahavich	Julie-Lynn Zahavich			2025-01-14T12:54:52.975Z	StillImage	COORDINATE_ROUNDED;CONTINENT_DERIVED_FROM_COORDINATES;TAXON_MATCH_TAXON_ID_IGNORED
4953215667	50c9509d-22c7-4a22-a47d-8c48425ef4a7	https://www.inaturalist.org/observations/245865640	Fungi	Basidiomycota	Agaricomycetes	Agaricales	Nidulariaceae	Crucibulum	Crucibulum laeve		SPECIES	Crucibulum laeve (Huds.) Kambly	Crucibulum laeve		CA		Ontario	PRESENT		28eb1a3f-1c15-4a95-931a-4af90ecb574d	45.436142	-76.332283	31.0						2024-10-05T12:26	5	10	2024	5243575	5243575	HUMAN_OBSERVATION	iNaturalist	Observations	245865640		jonathan_mack	2024-10-06T01:53:15	CC_BY_NC_4_0	jonathan_mack	jonathan_mack			2025-01-14T12:54:33.962Z	StillImage	COORDINATE_ROUNDED;CONTINENT_DERIVED_FROM_COORDINATES;TAXON_MATCH_TAXON_ID_IGNORED
4952883991	50c9509d-22c7-4a22-a47d-8c48425ef4a7	https://www.inaturalist.org/observations/245623992	Fungi	Basidiomycota	Agaricomycetes	Agaricales	Nidulariaceae	Crucibulum	Crucibulum laeve		SPECIES	Crucibulum laeve (Huds.) Kambly	Crucibulum laeve		CA		Prince Edward Island	PRESENT		28eb1a3f-1c15-4a95-931a-4af90ecb574d	46.692894	-64.019286	4.0						2024-10-04T15:30	4	10	2024	5243575	5243575	HUMAN_OBSERVATION	iNaturalist	Observations	245623992		Thelma Phillips	2024-10-04T20:00:43	CC_BY_NC_4_0	Thelma Phillips	Thelma Phillips			2025-01-14T13:40:30.778Z	StillImage	COORDINATE_ROUNDED;CONTINENT_DERIVED_FROM_COORDINATES;TAXON_MATCH_TAXON_ID_IGNORED
4946045659	50c9509d-22c7-4a22-a47d-8c48425ef4a7	https://www.inaturalist.org/observations/241669994	Fungi	Basidiomycota	Agaricomycetes	Agaricales	Nidulariaceae	Crucibulum	Crucibulum laeve		SPECIES	Crucibulum laeve (Huds.) Kambly	Crucibulum laeve		CA		Ontario	PRESENT		28eb1a3f-1c15-4a95-931a-4af90ecb574d	45.199803	-75.979562	3.0						2024-09-14T11:54:05	14	9	2024	5243575	5243575	HUMAN_OBSERVATION	iNaturalist	Observations	241669994		Keith Seifert	2024-09-14T16:14:33	CC0_1_0	Keith Seifert	Keith Seifert			2025-01-14T13:37:32.332Z	StillImage	COORDINATE_ROUNDED;CONTINENT_DERIVED_FROM_COORDINATES;TAXON_MATCH_TAXON_ID_IGNORED
4937044808	50c9509d-22c7-4a22-a47d-8c48425ef4a7	https://www.inaturalist.org/observations/237335343	Fungi	Basidiomycota	Agaricomycetes	Agaricales	Nidulariaceae	Crucibulum	Crucibulum laeve		SPECIES	Crucibulum laeve (Huds.) Kambly	Crucibulum laeve		CA		Ontario	PRESENT		28eb1a3f-1c15-4a95-931a-4af90ecb574d	45.354112	-75.589228							2024-08-22T11:47	22	8	2024	5243575	5243575	HUMAN_OBSERVATION	iNaturalist	Observations	237335343		Igor Khomenko	2024-08-22T19:15:17	CC_BY_NC_4_0	Igor Khomenko	Igor Khomenko			2025-01-14T12:49:14.512Z	StillImage	COORDINATE_ROUNDED;CONTINENT_DERIVED_FROM_COORDINATES;TAXON_MATCH_TAXON_ID_IGNORED
4936925637	50c9509d-22c7-4a22-a47d-8c48425ef4a7	https://www.inaturalist.org/observations/90797014	Fungi	Basidiomycota	Agaricomycetes	Agaricales	Nidulariaceae	Crucibulum	Crucibulum laeve		SPECIES	Crucibulum laeve (Huds.) Kambly	Crucibulum laeve		CA		New Brunswick	PRESENT		28eb1a3f-1c15-4a95-931a-4af90ecb574d	45.95509	-66.669468	32.0						2021-08-11T14:13:16	11	8	2021	5243575	5243575	HUMAN_OBSERVATION	iNaturalist	Observations	90797014		adamfritz	2021-08-11T17:19:35	CC_BY_4_0	adamfritz	adamfritz			2025-01-14T12:20:39.351Z	StillImage	COORDINATE_ROUNDED;CONTINENT_DERIVED_FROM_COORDINATES;TAXON_MATCH_TAXON_ID_IGNORED
4936667173	50c9509d-22c7-4a22-a47d-8c48425ef4a7	https://www.inaturalist.org/observations/235029347	Fungi	Basidiomycota	Agaricomycetes	Agaricales	Nidulariaceae	Crucibulum	Crucibulum laeve		SPECIES	Crucibulum laeve (Huds.) Kambly	Crucibulum laeve		CA		Québec	PRESENT		28eb1a3f-1c15-4a95-931a-4af90ecb574d	45.946621	-72.531221	1658.0						2024-08-10T13:01:02	10	8	2024	5243575	5243575	HUMAN_OBSERVATION	iNaturalist	Observations	235029347		egrenier	2024-08-11T03:36:02	CC_BY_NC_4_0	egrenier	egrenier			2025-01-14T12:52:47.114Z	StillImage	COORDINATE_ROUNDED;CONTINENT_DERIVED_FROM_COORDINATES;TAXON_MATCH_TAXON_ID_IGNORED
4925961912	50c9509d-22c7-4a22-a47d-8c48425ef4a7	https://www.inaturalist.org/observations/236774031	Fungi	Basidiomycota	Agaricomycetes	Agaricales	Nidulariaceae	Crucibulum	Crucibulum laeve		SPECIES	Crucibulum laeve (Huds.) Kambly	Crucibulum laeve		CA		Ontario	PRESENT		28eb1a3f-1c15-4a95-931a-4af90ecb574d	45.058372	-75.670412	10.0						2024-08-19T14:33:01	19	8	2024	5243575	5243575	HUMAN_OBSERVATION	iNaturalist	Observations	236774031		Mark D. Read	2024-08-19T19:14:50	CC_BY_NC_4_0	Mark D. Read	Mark D. Read			2025-01-14T12:53:23.594Z	StillImage	COORDINATE_ROUNDED;CONTINENT_DERIVED_FROM_COORDINATES;TAXON_MATCH_TAXON_ID_IGNORED
4924005989	50c9509d-22c7-4a22-a47d-8c48425ef4a7	https://www.inaturalist.org/observations/234965676	Fungi	Basidiomycota	Agaricomycetes	Agaricales	Nidulariaceae	Crucibulum	Crucibulum laeve		SPECIES	Crucibulum laeve (Huds.) Kambly	Crucibulum laeve		CA		Ontario	PRESENT		28eb1a3f-1c15-4a95-931a-4af90ecb574d	45.370178	-75.798219	7.0						2024-08-10T13:11	10	8	2024	5243575	5243575	HUMAN_OBSERVATION	iNaturalist	Observations	234965676		Deborah Mosher	2024-08-10T21:03:54	CC_BY_NC_4_0	Deborah Mosher	Deborah Mosher			2025-01-14T13:42:19.710Z	StillImage	COORDINATE_ROUNDED;CONTINENT_DERIVED_FROM_COORDINATES;TAXON_MATCH_TAXON_ID_IGNORED
4923752531	50c9509d-22c7-4a22-a47d-8c48425ef4a7	https://www.inaturalist.org/observations/234777116	Fungi	Basidiomycota	Agaricomycetes	Agaricales	Nidulariaceae	Crucibulum	Crucibulum laeve		SPECIES	Crucibulum laeve (Huds.) Kambly	Crucibulum laeve		CA		Québec	PRESENT		28eb1a3f-1c15-4a95-931a-4af90ecb574d	45.872811	-76.4339	501.0						2024-08-03T07:40	3	8	2024	5243575	5243575	HUMAN_OBSERVATION	iNaturalist	Observations	234777116		L Joan Heyding	2024-08-09T23:05:13	CC_BY_NC_4_0	L Joan Heyding	L Joan Heyding			2025-01-14T13:47:40.267Z	StillImage	COORDINATE_ROUNDED;CONTINENT_DERIVED_FROM_COORDINATES;TAXON_MATCH_TAXON_ID_IGNORED
4922031376	50c9509d-22c7-4a22-a47d-8c48425ef4a7	https://www.inaturalist.org/observations/233132041	Fungi	Basidiomycota	Agaricomycetes	Agaricales	Nidulariaceae	Crucibulum	Crucibulum laeve		SPECIES	Crucibulum laeve (Huds.) Kambly	Crucibulum laeve		CA		Ontario	PRESENT		28eb1a3f-1c15-4a95-931a-4af90ecb574d	45.40312	-75.55875							2024-08-01T12:17	1	8	2024	5243575	5243575	HUMAN_OBSERVATION	iNaturalist	Observations	233132041		Igor Khomenko	2024-08-01T17:58:54	CC_BY_NC_4_0	Igor Khomenko	Igor Khomenko			2025-01-14T12:48:38.210Z	StillImage	CONTINENT_DERIVED_FROM_COORDINATES;TAXON_MATCH_TAXON_ID_IGNORED
4921587880	50c9509d-22c7-4a22-a47d-8c48425ef4a7	https://www.inaturalist.org/observations/15173801	Fungi	Basidiomycota	Agaricomycetes	Agaricales	Nidulariaceae	Crucibulum	Crucibulum laeve		SPECIES	Crucibulum laeve (Huds.) Kambly	Crucibulum laeve		CA		Ontario	PRESENT		28eb1a3f-1c15-4a95-931a-4af90ecb574d	45.255554	-78.938889							2018-08-06T10:27:14	6	8	2018	5243575	5243575	HUMAN_OBSERVATION	iNaturalist	Observations	15173801		Aileen Barclay	2018-08-06T17:52:00	CC_BY_4_0	Aileen Barclay	Aileen Barclay			2025-01-14T12:05:40.593Z		COORDINATE_ROUNDED;CONTINENT_DERIVED_FROM_COORDINATES;TAXON_MATCH_TAXON_ID_IGNORED
4921463906	50c9509d-22c7-4a22-a47d-8c48425ef4a7	https://www.inaturalist.org/observations/232800905	Fungi	Basidiomycota	Agaricomycetes	Agaricales	Nidulariaceae	Crucibulum	Crucibulum laeve		SPECIES	Crucibulum laeve (Huds.) Kambly	Crucibulum laeve		CA		Québec	PRESENT		28eb1a3f-1c15-4a95-931a-4af90ecb574d	45.872811	-76.4339	501.0						2024-07-24T18:11	24	7	2024	5243575	5243575	HUMAN_OBSERVATION	iNaturalist	Observations	232800905		L Joan Heyding	2024-07-30T23:57:44	CC_BY_NC_4_0	L Joan Heyding	L Joan Heyding			2025-01-14T12:52:32.531Z	StillImage	COORDINATE_ROUNDED;CONTINENT_DERIVED_FROM_COORDINATES;TAXON_MATCH_TAXON_ID_IGNORED
4919278111	50c9509d-22c7-4a22-a47d-8c48425ef4a7	https://www.inaturalist.org/observations/180758195	Fungi	Basidiomycota	Agaricomycetes	Agaricales	Nidulariaceae	Crucibulum	Crucibulum laeve		SPECIES	Crucibulum laeve (Huds.) Kambly	Crucibulum laeve		CA		Québec	PRESENT		28eb1a3f-1c15-4a95-931a-4af90ecb574d	45.541582	-73.153013							2023-08-28T18:16:41	28	8	2023	5243575	5243575	HUMAN_OBSERVATION	iNaturalist	Observations	180758195		Asia Ruby Fuoco	2023-08-29T12:34:44	CC_BY_4_0	Asia Ruby Fuoco	Asia Ruby Fuoco			2025-01-14T12:39:42.593Z	StillImage	COORDINATE_ROUNDED;CONTINENT_DERIVED_FROM_COORDINATES;TAXON_MATCH_TAXON_ID_IGNORED
4910747157	50c9509d-22c7-4a22-a47d-8c48425ef4a7	https://www.inaturalist.org/observations/230180458	Fungi	Basidiomycota	Agaricomycetes	Agaricales	Nidulariaceae	Crucibulum	Crucibulum laeve		SPECIES	Crucibulum laeve (Huds.) Kambly	Crucibulum laeve		CA		New Brunswick	PRESENT		28eb1a3f-1c15-4a95-931a-4af90ecb574d	46.096619	-64.682632	25.0						2024-07-18T18:53:42	18	7	2024	5243575	5243575	HUMAN_OBSERVATION	iNaturalist	Observations	230180458		watson_2024	2024-07-18T21:54:07	CC_BY_NC_4_0	watson_2024	watson_2024			2025-01-14T12:47:04.812Z	StillImage	COORDINATE_ROUNDED;CONTINENT_DERIVED_FROM_COORDINATES;TAXON_MATCH_TAXON_ID_IGNORED
4908923006	50c9509d-22c7-4a22-a47d-8c48425ef4a7	https://www.inaturalist.org/observations/229377253	Fungi	Basidiomycota	Agaricomycetes	Agaricales	Nidulariaceae	Crucibulum	Crucibulum laeve		SPECIES	Crucibulum laeve (Huds.) Kambly	Crucibulum laeve		CA		Québec	PRESENT		28eb1a3f-1c15-4a95-931a-4af90ecb574d	45.505272	-75.796418							2024-07-13T15:06	13	7	2024	5243575	5243575	HUMAN_OBSERVATION	iNaturalist	Observations	229377253		jonathan_mack	2024-07-14T22:53:23	CC_BY_NC_4_0	jonathan_mack	jonathan_mack			2025-01-14T12:54:31.365Z	StillImage	COORDINATE_ROUNDED;CONTINENT_DERIVED_FROM_COORDINATES;TAXON_MATCH_TAXON_ID_IGNORED
4892098844	50c9509d-22c7-4a22-a47d-8c48425ef4a7	https://www.inaturalist.org/observations/221635949	Fungi	Basidiomycota	Agaricomycetes	Agaricales	Nidulariaceae	Crucibulum	Crucibulum laeve		SPECIES	Crucibulum laeve (Huds.) Kambly	Crucibulum laeve		CA		Ontario	PRESENT		28eb1a3f-1c15-4a95-931a-4af90ecb574d	45.239717	-76.213167							2024-06-09T11:58	9	6	2024	5243575	5243575	HUMAN_OBSERVATION	iNaturalist	Observations	221635949		Igor Khomenko	2024-06-09T18:47:24	CC_BY_NC_4_0	Igor Khomenko	Igor Khomenko			2025-01-14T12:45:56.432Z	StillImage	COORDINATE_ROUNDED;CONTINENT_DERIVED_FROM_COORDINATES;TAXON_MATCH_TAXON_ID_IGNORED
4855285477	50c9509d-22c7-4a22-a47d-8c48425ef4a7	https://www.inaturalist.org/observations/189187102	Fungi	Basidiomycota	Agaricomycetes	Agaricales	Nidulariaceae	Crucibulum	Crucibulum laeve		SPECIES	Crucibulum laeve (Huds.) Kambly	Crucibulum laeve		CA		Québec	PRESENT		28eb1a3f-1c15-4a95-931a-4af90ecb574d	45.626907	-76.33401	27126.0						2023-10-27T11:16:24	27	10	2023	5243575	5243575	HUMAN_OBSERVATION	iNaturalist	Observations	189187102		errantlight	2023-10-28T03:32:06	CC_BY_NC_4_0	errantlight	errantlight			2025-01-14T12:43:00.534Z	StillImage	COORDINATE_ROUNDED;CONTINENT_DERIVED_FROM_COORDINATES;TAXON_MATCH_TAXON_ID_IGNORED
4852762272	50c9509d-22c7-4a22-a47d-8c48425ef4a7	https://www.inaturalist.org/observations/190103446	Fungi	Basidiomycota	Agaricomycetes	Agaricales	Nidulariaceae	Crucibulum	Crucibulum laeve		SPECIES	Crucibulum laeve (Huds.) Kambly	Crucibulum laeve		CA		Québec	PRESENT		28eb1a3f-1c15-4a95-931a-4af90ecb574d	46.566465	-74.960884	31.0						2023-08-21T11:47	21	8	2023	5243575	5243575	HUMAN_OBSERVATION	iNaturalist	Observations	190103446		michelcournoyer	2023-11-05T19:01:20	CC_BY_NC_4_0	michelcournoyer	michelcournoyer			2025-01-14T12:42:36.326Z	StillImage	COORDINATE_ROUNDED;CONTINENT_DERIVED_FROM_COORDINATES;TAXON_MATCH_TAXON_ID_IGNORED
4852732941	50c9509d-22c7-4a22-a47d-8c48425ef4a7	https://www.inaturalist.org/observations/207627688	Fungi	Basidiomycota	Agaricomycetes	Agaricales	Nidulariaceae	Crucibulum	Crucibulum laeve		SPECIES	Crucibulum laeve (Huds.) Kambly	Crucibulum laeve		CA		Québec	PRESENT		28eb1a3f-1c15-4a95-931a-4af90ecb574d	45.530636	-73.553633							2024-04-16T12:38:24	16	4	2024	5243575	5243575	HUMAN_OBSERVATION	iNaturalist	Observations	207627688		Misa R. Beaudet	2024-04-16T19:06:22	CC_BY_NC_4_0	Misa R. Beaudet	Misa R. Beaudet			2025-01-14T13:32:26.426Z	StillImage	COORDINATE_ROUNDED;CONTINENT_DERIVED_FROM_COORDINATES;TAXON_MATCH_TAXON_ID_IGNORED
4851804656	50c9509d-22c7-4a22-a47d-8c48425ef4a7	https://www.inaturalist.org/observations/211745689	Fungi	Basidiomycota	Agaricomycetes	Agaricales	Nidulariaceae	Crucibulum	Crucibulum laeve		SPECIES	Crucibulum laeve (Huds.) Kambly	Crucibulum laeve		CA		Ontario	PRESENT		28eb1a3f-1c15-4a95-931a-4af90ecb574d	45.199688	-75.979684	41.0						2024-04-29T14:11:46	29	4	2024	5243575	5243575	HUMAN_OBSERVATION	iNaturalist	Observations	211745689		Keith Seifert	2024-04-29T18:30:41	CC0_1_0	Keith Seifert	Keith Seifert			2025-01-14T13:40:40.849Z	StillImage	COORDINATE_ROUNDED;CONTINENT_DERIVED_FROM_COORDINATES;TAXON_MATCH_TAXON_ID_IGNORED
4846938659	50c9509d-22c7-4a22-a47d-8c48425ef4a7	https://www.inaturalist.org/observations/207212072	Fungi	Basidiomycota	Agaricomycetes	Agaricales	Nidulariaceae	Crucibulum	Crucibulum laeve		SPECIES	Crucibulum laeve (Huds.) Kambly	Crucibulum laeve		CA		New Brunswick	PRESENT		28eb1a3f-1c15-4a95-931a-4af90ecb574d	45.976871	-66.584679	179.0						2024-04-08T12:52	8	4	2024	5243575	5243575	HUMAN_OBSERVATION	iNaturalist	Observations	207212072		zova	2024-04-15T03:15:56	CC_BY_4_0	Bex Goreham	Bex Goreham			2025-01-14T12:44:57.938Z	StillImage	COORDINATE_ROUNDED;CONTINENT_DERIVED_FROM_COORDINATES;TAXON_MATCH_TAXON_ID_IGNORED
4607017941	50c9509d-22c7-4a22-a47d-8c48425ef4a7	https://www.inaturalist.org/observations/204378964	Fungi	Basidiomycota	Agaricomycetes	Agaricales	Nidulariaceae	Crucibulum	Crucibulum laeve		SPECIES	Crucibulum laeve (Huds.) Kambly	Crucibulum laeve		CA		Québec	PRESENT		28eb1a3f-1c15-4a95-931a-4af90ecb574d	46.850324	-71.257688	15.0						2023-06-30	30	6	2023	5243575	5243575	HUMAN_OBSERVATION	iNaturalist	Observations	204378964		Christian Grenier	2024-03-29T11:04:57	CC_BY_NC_4_0	Christian Grenier	Christian Grenier			2025-01-14T12:43:31.830Z	StillImage	COORDINATE_ROUNDED;CONTINENT_DERIVED_FROM_COORDINATES;TAXON_MATCH_TAXON_ID_IGNORED
4607002585	50c9509d-22c7-4a22-a47d-8c48425ef4a7	https://www.inaturalist.org/observations/205133431	Fungi	Basidiomycota	Agaricomycetes	Agaricales	Nidulariaceae	Crucibulum	Crucibulum laeve		SPECIES	Crucibulum laeve (Huds.) Kambly	Crucibulum laeve		CA		New Brunswick	PRESENT		28eb1a3f-1c15-4a95-931a-4af90ecb574d	45.951093	-66.611349	30.0						2024-04-02T13:36:18	2	4	2024	5243575	5243575	HUMAN_OBSERVATION	iNaturalist	Observations	205133431		Cody Chapman	2024-04-03T15:38:27	CC_BY_NC_4_0	lukeviolet	lukeviolet			2025-01-14T13:32:03.375Z	StillImage	COORDINATE_ROUNDED;CONTINENT_DERIVED_FROM_COORDINATES;TAXON_MATCH_TAXON_ID_IGNORED
4599911192	50c9509d-22c7-4a22-a47d-8c48425ef4a7	https://www.inaturalist.org/observations/203719565	Fungi	Basidiomycota	Agaricomycetes	Agaricales	Nidulariaceae	Crucibulum	Crucibulum laeve		SPECIES	Crucibulum laeve (Huds.) Kambly	Crucibulum laeve		CA		Québec	PRESENT		28eb1a3f-1c15-4a95-931a-4af90ecb574d	46.850258	-71.25779	15.0						2023-07-12	12	7	2023	5243575	5243575	HUMAN_OBSERVATION	iNaturalist	Observations	203719565		Christian Grenier	2024-03-24T11:12:51	CC_BY_NC_4_0	Christian Grenier	Christian Grenier			2025-01-14T12:44:19.289Z	StillImage	COORDINATE_ROUNDED;CONTINENT_DERIVED_FROM_COORDINATES;TAXON_MATCH_TAXON_ID_IGNORED
4510322310	50c9509d-22c7-4a22-a47d-8c48425ef4a7	https://www.inaturalist.org/observations/192773941	Fungi	Basidiomycota	Agaricomycetes	Agaricales	Nidulariaceae	Crucibulum	Crucibulum laeve		SPECIES	Crucibulum laeve (Huds.) Kambly	Crucibulum laeve		CA		Ontario	PRESENT		28eb1a3f-1c15-4a95-931a-4af90ecb574d	45.354437	-75.604498	1095.0						2023-12-01T10:26	1	12	2023	5243575	5243575	HUMAN_OBSERVATION	iNaturalist	Observations	192773941		L Joan Heyding	2023-12-02T01:38:41	CC_BY_NC_4_0	L Joan Heyding	L Joan Heyding			2025-01-14T13:34:42.917Z	StillImage	COORDINATE_ROUNDED;CONTINENT_DERIVED_FROM_COORDINATES;TAXON_MATCH_TAXON_ID_IGNORED
4500843874	50c9509d-22c7-4a22-a47d-8c48425ef4a7	https://www.inaturalist.org/observations/194165520	Fungi	Basidiomycota	Agaricomycetes	Agaricales	Nidulariaceae	Crucibulum	Crucibulum laeve		SPECIES	Crucibulum laeve (Huds.) Kambly	Crucibulum laeve		CA		Prince Edward Island	PRESENT		28eb1a3f-1c15-4a95-931a-4af90ecb574d	46.752168	-64.230568	7.0						2023-12-16T13:21:53	16	12	2023	5243575	5243575	HUMAN_OBSERVATION	iNaturalist	Observations	194165520		zova	2023-12-17T04:54:33	CC_BY_NC_4_0	zova	zova			2025-01-14T12:46:50.161Z	StillImage	COORDINATE_ROUNDED;CONTINENT_DERIVED_FROM_COORDINATES;TAXON_MATCH_TAXON_ID_IGNORED
4442638990	50c9509d-22c7-4a22-a47d-8c48425ef4a7	https://www.inaturalist.org/observations/183746510	Fungi	Basidiomycota	Agaricomycetes	Agaricales	Nidulariaceae	Crucibulum	Crucibulum laeve		SPECIES	Crucibulum laeve (Huds.) Kambly	Crucibulum laeve		CA		New Brunswick	PRESENT		28eb1a3f-1c15-4a95-931a-4af90ecb574d	46.825222	-64.906517	4.0						2023-09-15T13:17	15	9	2023	5243575	5243575	HUMAN_OBSERVATION	iNaturalist	Observations	183746510		Ken Sanderson	2023-09-17T21:58:22	CC_BY_NC_4_0	Ken Sanderson	Ken Sanderson			2025-01-14T13:32:24.353Z	StillImage	COORDINATE_ROUNDED;CONTINENT_DERIVED_FROM_COORDINATES;TAXON_MATCH_TAXON_ID_IGNORED
4430695265	50c9509d-22c7-4a22-a47d-8c48425ef4a7	https://www.inaturalist.org/observations/188325318	Fungi	Basidiomycota	Agaricomycetes	Agaricales	Nidulariaceae	Crucibulum	Crucibulum laeve		SPECIES	Crucibulum laeve (Huds.) Kambly	Crucibulum laeve		CA		New Brunswick	PRESENT		28eb1a3f-1c15-4a95-931a-4af90ecb574d	46.720764	-64.797783	5.0						2023-10-19T12:56	19	10	2023	5243575	5243575	HUMAN_OBSERVATION	iNaturalist	Observations	188325318		Ken Sanderson	2023-10-21T01:09:05	CC_BY_NC_4_0	Ken Sanderson	Ken Sanderson			2025-01-14T13:33:02.762Z	StillImage	COORDINATE_ROUNDED;CONTINENT_DERIVED_FROM_COORDINATES;TAXON_MATCH_TAXON_ID_IGNORED
4424575418	50c9509d-22c7-4a22-a47d-8c48425ef4a7	https://www.inaturalist.org/observations/139754913	Fungi	Basidiomycota	Agaricomycetes	Agaricales	Nidulariaceae	Crucibulum	Crucibulum laeve		SPECIES	Crucibulum laeve (Huds.) Kambly	Crucibulum laeve		CA		New Brunswick	PRESENT		28eb1a3f-1c15-4a95-931a-4af90ecb574d	45.922867	-64.367517	11.0						2022-10-22T14:02:49	22	10	2022	5243575	5243575	HUMAN_OBSERVATION	iNaturalist	Observations	139754913		david_hudson	2022-10-23T16:00:45	CC_BY_NC_4_0	david_hudson	david_hudson			2025-01-14T12:32:18.023Z	StillImage	COORDINATE_ROUNDED;CONTINENT_DERIVED_FROM_COORDINATES;TAXON_MATCH_TAXON_ID_IGNORED
4424437436	50c9509d-22c7-4a22-a47d-8c48425ef4a7	https://www.inaturalist.org/observations/125474762	Fungi	Basidiomycota	Agaricomycetes	Agaricales	Nidulariaceae	Crucibulum	Crucibulum laeve		SPECIES	Crucibulum laeve (Huds.) Kambly	Crucibulum laeve		CA		New Brunswick	PRESENT		28eb1a3f-1c15-4a95-931a-4af90ecb574d	46.057669	-64.762719	24.0						2022-06-27T10:16	27	6	2022	5243575	5243575	HUMAN_OBSERVATION	iNaturalist	Observations	125474762		dtrynchuk	2022-07-09T17:13:41	CC_BY_NC_4_0	dtrynchuk	dtrynchuk			2025-01-14T12:29:48.635Z	StillImage	COORDINATE_ROUNDED;CONTINENT_DERIVED_FROM_COORDINATES;TAXON_MATCH_TAXON_ID_IGNORED
4424229420	50c9509d-22c7-4a22-a47d-8c48425ef4a7	https://www.inaturalist.org/observations/98850373	Fungi	Basidiomycota	Agaricomycetes	Agaricales	Nidulariaceae	Crucibulum	Crucibulum laeve		SPECIES	Crucibulum laeve (Huds.) Kambly	Crucibulum laeve		CA		Québec	PRESENT		28eb1a3f-1c15-4a95-931a-4af90ecb574d	46.775747	-71.273375	41.0						2021-09-24T14:18:47	24	9	2021	5243575	5243575	HUMAN_OBSERVATION	iNaturalist	Observations	98850373		Camille Boucher	2021-10-21T02:43:48	CC_BY_NC_4_0	Camille Boucher	Camille Boucher			2025-01-14T12:22:47.119Z	StillImage	COORDINATE_ROUNDED;CONTINENT_DERIVED_FROM_COORDINATES;TAXON_MATCH_TAXON_ID_IGNORED
4424175342	50c9509d-22c7-4a22-a47d-8c48425ef4a7	https://www.inaturalist.org/observations/95316051	Fungi	Basidiomycota	Agaricomycetes	Agaricales	Nidulariaceae	Crucibulum	Crucibulum laeve		SPECIES	Crucibulum laeve (Huds.) Kambly	Crucibulum laeve		CA		Ontario	PRESENT		28eb1a3f-1c15-4a95-931a-4af90ecb574d	45.07372	-78.086952	1532.0						2021-09-18T15:35Z	18	9	2021	5243575	5243575	HUMAN_OBSERVATION	iNaturalist	Observations	95316051		jmass	2021-09-18T21:04:49	CC_BY_NC_4_0	jmass	jmass			2025-01-14T12:23:59.980Z	StillImage	CONTINENT_DERIVED_FROM_COORDINATES;TAXON_MATCH_TAXON_ID_IGNORED
4421272180	50c9509d-22c7-4a22-a47d-8c48425ef4a7	https://www.inaturalist.org/observations/185885012	Fungi	Basidiomycota	Agaricomycetes	Agaricales	Nidulariaceae	Crucibulum	Crucibulum laeve		SPECIES	Crucibulum laeve (Huds.) Kambly	Crucibulum laeve		CA		Québec	PRESENT		28eb1a3f-1c15-4a95-931a-4af90ecb574d	45.57433	-73.711922	4.0						2023-09-30T16:48:16	30	9	2023	5243575	5243575	HUMAN_OBSERVATION	iNaturalist	Observations	185885012		Kira H	2023-10-02T14:24:31	CC_BY_NC_4_0	marc4509	marc4509			2025-01-14T12:41:05.254Z	StillImage	COORDINATE_ROUNDED;CONTINENT_DERIVED_FROM_COORDINATES;TAXON_MATCH_TAXON_ID_IGNORED
4421164348	50c9509d-22c7-4a22-a47d-8c48425ef4a7	https://www.inaturalist.org/observations/84873452	Fungi	Basidiomycota	Agaricomycetes	Agaricales	Nidulariaceae	Crucibulum	Crucibulum laeve		SPECIES	Crucibulum laeve (Huds.) Kambly	Crucibulum laeve		CA		Ontario	PRESENT		28eb1a3f-1c15-4a95-931a-4af90ecb574d	45.344713	-75.824226	448.0						2021-06-26T16:29	26	6	2021	5243575	5243575	HUMAN_OBSERVATION	iNaturalist	Observations	84873452		alisonnetta	2021-06-28T17:42:34	CC_BY_NC_4_0	alisonnetta	alisonnetta			2025-01-14T13:12:33.479Z	StillImage	COORDINATE_ROUNDED;CONTINENT_DERIVED_FROM_COORDINATES;TAXON_MATCH_TAXON_ID_IGNORED
4421150528	50c9509d-22c7-4a22-a47d-8c48425ef4a7	https://www.inaturalist.org/observations/162513513	Fungi	Basidiomycota	Agaricomycetes	Agaricales	Nidulariaceae	Crucibulum	Crucibulum laeve		SPECIES	Crucibulum laeve (Huds.) Kambly	Crucibulum laeve		CA		Québec	PRESENT		28eb1a3f-1c15-4a95-931a-4af90ecb574d	45.751721	-76.215008	27126.0						2023-05-19T12:30:29	19	5	2023	5243575	5243575	HUMAN_OBSERVATION	iNaturalist	Observations	162513513		errantlight	2023-05-19T17:41:22	CC_BY_NC_4_0	errantlight	errantlight			2025-01-14T12:36:16.831Z	StillImage	COORDINATE_ROUNDED;CONTINENT_DERIVED_FROM_COORDINATES;TAXON_MATCH_TAXON_ID_IGNORED
4421147700	50c9509d-22c7-4a22-a47d-8c48425ef4a7	https://www.inaturalist.org/observations/174169005	Fungi	Basidiomycota	Agaricomycetes	Agaricales	Nidulariaceae	Crucibulum	Crucibulum laeve		SPECIES	Crucibulum laeve (Huds.) Kambly	Crucibulum laeve		CA		Québec	PRESENT		28eb1a3f-1c15-4a95-931a-4af90ecb574d	46.812173	-71.250837	11.0						2023-07-21T16:44:57	21	7	2023	5243575	5243575	HUMAN_OBSERVATION	iNaturalist	Observations	174169005		Camille Boucher	2023-07-21T21:41:20	CC_BY_NC_4_0	Camille Boucher	Camille Boucher			2025-01-14T12:36:42.170Z	StillImage	COORDINATE_ROUNDED;CONTINENT_DERIVED_FROM_COORDINATES;TAXON_MATCH_TAXON_ID_IGNORED
4421143311	50c9509d-22c7-4a22-a47d-8c48425ef4a7	https://www.inaturalist.org/observations/62929058	Fungi	Basidiomycota	Agaricomycetes	Agaricales	Nidulariaceae	Crucibulum	Crucibulum laeve		SPECIES	Crucibulum laeve (Huds.) Kambly	Crucibulum laeve		CA		Ontario	PRESENT		28eb1a3f-1c15-4a95-931a-4af90ecb574d	45.427473	-75.585168	12.0						2020-10-18T15:02:20	18	10	2020	5243575	5243575	HUMAN_OBSERVATION	iNaturalist	Observations	62929058		David Thomas Glover	2020-10-18T19:25:17	CC_BY_NC_4_0	David Thomas Glover	David Thomas Glover			2025-01-14T13:10:00.436Z	StillImage	COORDINATE_ROUNDED;CONTINENT_DERIVED_FROM_COORDINATES;TAXON_MATCH_TAXON_ID_IGNORED
4421066441	50c9509d-22c7-4a22-a47d-8c48425ef4a7	https://www.inaturalist.org/observations/133257855	Fungi	Basidiomycota	Agaricomycetes	Agaricales	Nidulariaceae	Crucibulum	Crucibulum laeve		SPECIES	Crucibulum laeve (Huds.) Kambly	Crucibulum laeve		CA		Québec	PRESENT		28eb1a3f-1c15-4a95-931a-4af90ecb574d	45.607127	-75.114274	1597.0						2022-09-01T14:16:01	1	9	2022	5243575	5243575	HUMAN_OBSERVATION	iNaturalist	Observations	133257855		Myca	2022-09-01T21:10:01	CC_BY_NC_4_0	Myca	Myca			2025-01-14T12:31:27.547Z	StillImage	COORDINATE_ROUNDED;CONTINENT_DERIVED_FROM_COORDINATES;TAXON_MATCH_TAXON_ID_IGNORED
4421034420	50c9509d-22c7-4a22-a47d-8c48425ef4a7	https://www.inaturalist.org/observations/133641262	Fungi	Basidiomycota	Agaricomycetes	Agaricales	Nidulariaceae	Crucibulum	Crucibulum laeve		SPECIES	Crucibulum laeve (Huds.) Kambly	Crucibulum laeve		CA		New Brunswick	PRESENT		28eb1a3f-1c15-4a95-931a-4af90ecb574d	47.732162	-65.88412	168.0						2022-09-04T12:46:40	4	9	2022	5243575	5243575	HUMAN_OBSERVATION	iNaturalist	Observations	133641262		roachiecanada	2022-09-04T17:35:17	CC_BY_NC_4_0	roachiecanada	roachiecanada			2025-01-14T13:23:25.189Z	StillImage	COORDINATE_ROUNDED;CONTINENT_DERIVED_FROM_COORDINATES;TAXON_MATCH_TAXON_ID_IGNORED
4421013676	50c9509d-22c7-4a22-a47d-8c48425ef4a7	https://www.inaturalist.org/observations/180981531	Fungi	Basidiomycota	Agaricomycetes	Agaricales	Nidulariaceae	Crucibulum	Crucibulum laeve		SPECIES	Crucibulum laeve (Huds.) Kambly	Crucibulum laeve		CA		Québec	PRESENT		28eb1a3f-1c15-4a95-931a-4af90ecb574d	45.872811	-76.4339	501.0						2023-08-28T14:10	28	8	2023	5243575	5243575	HUMAN_OBSERVATION	iNaturalist	Observations	180981531		L Joan Heyding	2023-08-30T22:43:09	CC_BY_NC_4_0	L Joan Heyding	L Joan Heyding			2025-01-14T13:26:58.257Z	StillImage	COORDINATE_ROUNDED;CONTINENT_DERIVED_FROM_COORDINATES;TAXON_MATCH_TAXON_ID_IGNORED
4420999642	50c9509d-22c7-4a22-a47d-8c48425ef4a7	https://www.inaturalist.org/observations/174109988	Fungi	Basidiomycota	Agaricomycetes	Agaricales	Nidulariaceae	Crucibulum	Crucibulum laeve		SPECIES	Crucibulum laeve (Huds.) Kambly	Crucibulum laeve		CA		New Brunswick	PRESENT		28eb1a3f-1c15-4a95-931a-4af90ecb574d	45.595606	-64.950765							2023-07-21T12:08:38	21	7	2023	5243575	5243575	HUMAN_OBSERVATION	iNaturalist	Observations	174109988		kaylieeelizabeth	2023-07-21T15:26:25	CC_BY_NC_4_0	kaylieeelizabeth	kaylieeelizabeth			2025-01-14T12:36:42.806Z	StillImage	COORDINATE_ROUNDED;CONTINENT_DERIVED_FROM_COORDINATES;TAXON_MATCH_TAXON_ID_IGNORED
4420911892	50c9509d-22c7-4a22-a47d-8c48425ef4a7	https://www.inaturalist.org/observations/183138834	Fungi	Basidiomycota	Agaricomycetes	Agaricales	Nidulariaceae	Crucibulum	Crucibulum laeve		SPECIES	Crucibulum laeve (Huds.) Kambly	Crucibulum laeve		CA		New Brunswick	PRESENT		28eb1a3f-1c15-4a95-931a-4af90ecb574d	45.96481	-66.698707							2023-09-13T18:24:02	13	9	2023	5243575	5243575	HUMAN_OBSERVATION	iNaturalist	Observations	183138834		Andrew MacPherson	2023-09-13T22:26:12	CC0_1_0	Andrew MacPherson	Andrew MacPherson			2025-01-14T13:33:36.867Z	StillImage	COORDINATE_ROUNDED;CONTINENT_DERIVED_FROM_COORDINATES;TAXON_MATCH_TAXON_ID_IGNORED
4420856380	50c9509d-22c7-4a22-a47d-8c48425ef4a7	https://www.inaturalist.org/observations/89833845	Fungi	Basidiomycota	Agaricomycetes	Agaricales	Nidulariaceae	Crucibulum	Crucibulum laeve		SPECIES	Crucibulum laeve (Huds.) Kambly	Crucibulum laeve		CA		New Brunswick	PRESENT		28eb1a3f-1c15-4a95-931a-4af90ecb574d	46.592003	-64.931922	16.0						2021-08-03T16:55:43	3	8	2021	5243575	5243575	HUMAN_OBSERVATION	iNaturalist	Observations	89833845		pahg	2021-08-03T21:49:41	CC_BY_NC_4_0	pahg	pahg			2025-01-14T12:20:29.174Z	StillImage	COORDINATE_ROUNDED;CONTINENT_DERIVED_FROM_COORDINATES;TAXON_MATCH_TAXON_ID_IGNORED
4420794659	50c9509d-22c7-4a22-a47d-8c48425ef4a7	https://www.inaturalist.org/observations/182219117	Fungi	Basidiomycota	Agaricomycetes	Agaricales	Nidulariaceae	Crucibulum	Crucibulum laeve		SPECIES	Crucibulum laeve (Huds.) Kambly	Crucibulum laeve		CA		Ontario	PRESENT		28eb1a3f-1c15-4a95-931a-4af90ecb574d	45.078827	-78.70292	4.0						2023-08-25T07:31	25	8	2023	5243575	5243575	HUMAN_OBSERVATION	iNaturalist	Observations	182219117		Bill Crins	2023-09-07T18:25:54	CC_BY_NC_4_0	Bill Crins	Bill Crins			2025-01-14T12:40:45.780Z	StillImage	COORDINATE_ROUNDED;CONTINENT_DERIVED_FROM_COORDINATES;TAXON_MATCH_TAXON_ID_IGNORED
4420777381	50c9509d-22c7-4a22-a47d-8c48425ef4a7	https://www.inaturalist.org/observations/87799997	Fungi	Basidiomycota	Agaricomycetes	Agaricales	Nidulariaceae	Crucibulum	Crucibulum laeve		SPECIES	Crucibulum laeve (Huds.) Kambly	Crucibulum laeve		CA		Nova Scotia	PRESENT		28eb1a3f-1c15-4a95-931a-4af90ecb574d	45.088065	-64.367906	22.0						2021-07-19T17:16:41	19	7	2021	5243575	5243575	HUMAN_OBSERVATION	iNaturalist	Observations	87799997		cinna_latifolia	2021-08-11T03:49:54	CC_BY_NC_4_0	beccam333	beccam333			2025-01-14T12:21:50.344Z	StillImage	COORDINATE_ROUNDED;CONTINENT_DERIVED_FROM_COORDINATES;TAXON_MATCH_TAXON_ID_IGNORED
4420700320	50c9509d-22c7-4a22-a47d-8c48425ef4a7	https://www.inaturalist.org/observations/65407122	Fungi	Basidiomycota	Agaricomycetes	Agaricales	Nidulariaceae	Crucibulum	Crucibulum laeve		SPECIES	Crucibulum laeve (Huds.) Kambly	Crucibulum laeve		CA		Ontario	PRESENT		28eb1a3f-1c15-4a95-931a-4af90ecb574d	45.42153	-75.697193	37425.0						2020-11-22T09:31	22	11	2020	5243575	5243575	HUMAN_OBSERVATION	iNaturalist	Observations	65407122		froglette	2020-11-22T15:21:36	CC_BY_NC_4_0	froglette	froglette			2025-01-14T13:05:23.664Z	StillImage	COORDINATE_ROUNDED;CONTINENT_DERIVED_FROM_COORDINATES;TAXON_MATCH_TAXON_ID_IGNORED
4420695683	50c9509d-22c7-4a22-a47d-8c48425ef4a7	https://www.inaturalist.org/observations/182522530	Fungi	Basidiomycota	Agaricomycetes	Agaricales	Nidulariaceae	Crucibulum	Crucibulum laeve		SPECIES	Crucibulum laeve (Huds.) Kambly	Crucibulum laeve		CA		Ontario	PRESENT		28eb1a3f-1c15-4a95-931a-4af90ecb574d	45.010311	-78.282745	4.0						2023-09-04T19:43:51	4	9	2023	5243575	5243575	HUMAN_OBSERVATION	iNaturalist	Observations	182522530		edporopat	2023-09-09T19:51:43	CC_BY_NC_4_0	edporopat	edporopat			2025-01-14T13:32:39.492Z	StillImage	COORDINATE_ROUNDED;CONTINENT_DERIVED_FROM_COORDINATES;TAXON_MATCH_TAXON_ID_IGNORED
4420681365	50c9509d-22c7-4a22-a47d-8c48425ef4a7	https://www.inaturalist.org/observations/89206923	Fungi	Basidiomycota	Agaricomycetes	Agaricales	Nidulariaceae	Crucibulum	Crucibulum laeve		SPECIES	Crucibulum laeve (Huds.) Kambly	Crucibulum laeve		CA		Ontario	PRESENT		28eb1a3f-1c15-4a95-931a-4af90ecb574d	45.383447	-75.743038	122.0						2021-07-30T10:42	30	7	2021	5243575	5243575	HUMAN_OBSERVATION	iNaturalist	Observations	89206923		Sharon Boddy	2021-07-30T16:34:50	CC_BY_NC_4_0	Sharon Boddy	Sharon Boddy			2025-01-14T13:13:16.214Z	StillImage	COORDINATE_ROUNDED;CONTINENT_DERIVED_FROM_COORDINATES;TAXON_MATCH_TAXON_ID_IGNORED
4417000783	50c9509d-22c7-4a22-a47d-8c48425ef4a7	https://www.inaturalist.org/observations/184445624	Fungi	Basidiomycota	Agaricomycetes	Agaricales	Nidulariaceae	Crucibulum	Crucibulum laeve		SPECIES	Crucibulum laeve (Huds.) Kambly	Crucibulum laeve		CA		New Brunswick	PRESENT		28eb1a3f-1c15-4a95-931a-4af90ecb574d	46.059554	-64.760948							2023-09-22T12:01:11	22	9	2023	5243575	5243575	HUMAN_OBSERVATION	iNaturalist	Observations	184445624		Michelle Norcéide	2023-09-22T22:05:57	CC_BY_4_0	Michelle Norcéide	Michelle Norcéide			2025-01-14T12:44:47.928Z	StillImage	COORDINATE_ROUNDED;CONTINENT_DERIVED_FROM_COORDINATES;TAXON_MATCH_TAXON_ID_IGNORED
4414345157	50c9509d-22c7-4a22-a47d-8c48425ef4a7	https://www.inaturalist.org/observations/183449615	Fungi	Basidiomycota	Agaricomycetes	Agaricales	Nidulariaceae	Crucibulum	Crucibulum laeve		SPECIES	Crucibulum laeve (Huds.) Kambly	Crucibulum laeve		CA		New Brunswick	PRESENT		28eb1a3f-1c15-4a95-931a-4af90ecb574d	45.378727	-65.92916	24.0						2023-09-15T17:56:19	15	9	2023	5243575	5243575	HUMAN_OBSERVATION	iNaturalist	Observations	183449615		noppoly	2023-09-16T02:36:43	CC_BY_NC_4_0	noppoly	noppoly			2025-01-14T12:40:16.324Z	StillImage	COORDINATE_ROUNDED;CONTINENT_DERIVED_FROM_COORDINATES;TAXON_MATCH_TAXON_ID_IGNORED
4407609935	50c9509d-22c7-4a22-a47d-8c48425ef4a7	https://www.inaturalist.org/observations/181678949	Fungi	Basidiomycota	Agaricomycetes	Agaricales	Nidulariaceae	Crucibulum	Crucibulum laeve		SPECIES	Crucibulum laeve (Huds.) Kambly	Crucibulum laeve		CA		New Brunswick	PRESENT		28eb1a3f-1c15-4a95-931a-4af90ecb574d	45.897158	-64.368903	5.0						2023-09-03T17:11:13	3	9	2023	5243575	5243575	HUMAN_OBSERVATION	iNaturalist	Observations	181678949		Laura O'Connor	2023-09-04T02:28:33	CC_BY_NC_4_0	Laura O'Connor	Laura O'Connor			2025-01-14T12:39:49.370Z	StillImage	COORDINATE_ROUNDED;CONTINENT_DERIVED_FROM_COORDINATES;TAXON_MATCH_TAXON_ID_IGNORED
4407401317	50c9509d-22c7-4a22-a47d-8c48425ef4a7	https://www.inaturalist.org/observations/181678473	Fungi	Basidiomycota	Agaricomycetes	Agaricales	Nidulariaceae	Crucibulum	Crucibulum laeve		SPECIES	Crucibulum laeve (Huds.) Kambly	Crucibulum laeve		CA		New Brunswick	PRESENT		28eb1a3f-1c15-4a95-931a-4af90ecb574d	45.903237	-64.361847	116.0						2023-09-03T14:26:53	3	9	2023	5243575	5243575	HUMAN_OBSERVATION	iNaturalist	Observations	181678473		Laura O'Connor	2023-09-04T02:24:23	CC_BY_NC_4_0	Laura O'Connor	Laura O'Connor			2025-01-14T12:41:56.331Z	StillImage	COORDINATE_ROUNDED;CONTINENT_DERIVED_FROM_COORDINATES;TAXON_MATCH_TAXON_ID_IGNORED
4407388947	50c9509d-22c7-4a22-a47d-8c48425ef4a7	https://www.inaturalist.org/observations/180996640	Fungi	Basidiomycota	Agaricomycetes	Agaricales	Nidulariaceae	Crucibulum	Crucibulum laeve		SPECIES	Crucibulum laeve (Huds.) Kambly	Crucibulum laeve		CA		Québec	PRESENT		28eb1a3f-1c15-4a95-931a-4af90ecb574d	45.472147	-73.616335	24.0						2023-08-28T17:16:32	28	8	2023	5243575	5243575	HUMAN_OBSERVATION	iNaturalist	Observations	180996640		ella05	2023-08-31T01:10:32	CC_BY_NC_4_0	ella05	ella05			2025-01-14T12:42:06.473Z	StillImage	COORDINATE_ROUNDED;CONTINENT_DERIVED_FROM_COORDINATES;TAXON_MATCH_TAXON_ID_IGNORED
4405313883	50c9509d-22c7-4a22-a47d-8c48425ef4a7	https://www.inaturalist.org/observations/180199502	Fungi	Basidiomycota	Agaricomycetes	Agaricales	Nidulariaceae	Crucibulum	Crucibulum laeve		SPECIES	Crucibulum laeve (Huds.) Kambly	Crucibulum laeve		CA		New Brunswick	PRESENT		28eb1a3f-1c15-4a95-931a-4af90ecb574d	47.664347	-65.632778	1461.0						2023-08-19T12:16	19	8	2023	5243575	5243575	HUMAN_OBSERVATION	iNaturalist	Observations	180199502		kmelville	2023-08-26T00:25:12	CC_BY_NC_4_0	kmelville	kmelville			2025-01-14T12:44:21.564Z		CONTINENT_DERIVED_FROM_COORDINATES;TAXON_MATCH_TAXON_ID_IGNORED
4400221741	50c9509d-22c7-4a22-a47d-8c48425ef4a7	https://www.inaturalist.org/observations/179194639	Fungi	Basidiomycota	Agaricomycetes	Agaricales	Nidulariaceae	Crucibulum	Crucibulum laeve		SPECIES	Crucibulum laeve (Huds.) Kambly	Crucibulum laeve		CA		Ontario	PRESENT		28eb1a3f-1c15-4a95-931a-4af90ecb574d	45.303508	-75.810592	4.0						2023-08-19T11:59:08	19	8	2023	5243575	5243575	HUMAN_OBSERVATION	iNaturalist	Observations	179194639		Keith Seifert	2023-08-19T18:19:22	CC0_1_0	Keith Seifert	Keith Seifert			2025-01-14T12:40:22.996Z	StillImage	COORDINATE_ROUNDED;CONTINENT_DERIVED_FROM_COORDINATES;TAXON_MATCH_TAXON_ID_IGNORED
4172026081	50c9509d-22c7-4a22-a47d-8c48425ef4a7	https://www.inaturalist.org/observations/177222611	Fungi	Basidiomycota	Agaricomycetes	Agaricales	Nidulariaceae	Crucibulum	Crucibulum laeve		SPECIES	Crucibulum laeve (Huds.) Kambly	Crucibulum laeve		CA		Ontario	PRESENT		28eb1a3f-1c15-4a95-931a-4af90ecb574d	45.012722	-78.284038	500.0						2023-08-07T14:40	7	8	2023	5243575	5243575	HUMAN_OBSERVATION	iNaturalist	Observations	177222611		Belinda Gallagher	2023-08-07T19:33:51	CC_BY_NC_4_0	Belinda Gallagher	Belinda Gallagher			2025-01-14T13:31:42.882Z	StillImage	COORDINATE_ROUNDED;CONTINENT_DERIVED_FROM_COORDINATES;TAXON_MATCH_TAXON_ID_IGNORED
4171886652	50c9509d-22c7-4a22-a47d-8c48425ef4a7	https://www.inaturalist.org/observations/175533536	Fungi	Basidiomycota	Agaricomycetes	Agaricales	Nidulariaceae	Crucibulum	Crucibulum laeve		SPECIES	Crucibulum laeve (Huds.) Kambly	Crucibulum laeve		CA		New Brunswick	PRESENT		28eb1a3f-1c15-4a95-931a-4af90ecb574d	45.394398	-65.98315	3.0						2023-07-29T10:35:23	29	7	2023	5243575	5243575	HUMAN_OBSERVATION	iNaturalist	Observations	175533536		sandramitch	2023-07-29T13:35:38	CC_BY_NC_4_0	sandramitch	sandramitch			2025-01-14T13:26:03.379Z	StillImage	COORDINATE_ROUNDED;CONTINENT_DERIVED_FROM_COORDINATES;TAXON_MATCH_TAXON_ID_IGNORED
4171379995	50c9509d-22c7-4a22-a47d-8c48425ef4a7	https://www.inaturalist.org/observations/175590923	Fungi	Basidiomycota	Agaricomycetes	Agaricales	Nidulariaceae	Crucibulum	Crucibulum laeve		SPECIES	Crucibulum laeve (Huds.) Kambly	Crucibulum laeve		CA		Québec	PRESENT		28eb1a3f-1c15-4a95-931a-4af90ecb574d	45.490193	-75.625429	67.0						2023-07-29T09:16	29	7	2023	5243575	5243575	HUMAN_OBSERVATION	iNaturalist	Observations	175590923		Igor Khomenko	2023-07-29T18:54:22	CC_BY_NC_4_0	Igor Khomenko	Igor Khomenko			2025-01-14T13:31:38.473Z	StillImage	COORDINATE_ROUNDED;CONTINENT_DERIVED_FROM_COORDINATES;TAXON_MATCH_TAXON_ID_IGNORED
4166402860	695cef75-b65f-4776-b2ed-74565eebb16e	02-01000913741	Fungi	Basidiomycota	Agaricomycetes	Agaricales	Nidulariaceae	Crucibulum	Crucibulum laeve		SPECIES	Crucibulum laeve (Huds.) Kambly	Crucibulum laeve	(Huds.) Kambly	CA	Forêt Larose	Ontario	PRESENT		055bd978-2daa-4543-b3f0-44e0e87e86ca	45.368056	-75.25							1983-10-08	8	10	1983	5243575	5243575	PRESERVED_SPECIMEN	AAFC	DAOM	187881		Y. Dalpé		CC_BY_4_0	©His Majesty the King in Right of Canada, as represented by the Minister of Agriculture and Agri-Food	Y. Dalpé (663)			2025-01-12T05:11:16.201Z		GEODETIC_DATUM_ASSUMED_WGS84;CONTINENT_DERIVED_FROM_COORDINATES;TAXON_MATCH_TAXON_ID_IGNORED;INSTITUTION_MATCH_FUZZY
4166326672	695cef75-b65f-4776-b2ed-74565eebb16e	02-01000913767	Fungi	Basidiomycota	Agaricomycetes	Agaricales	Nidulariaceae	Crucibulum	Crucibulum laeve		SPECIES	Crucibulum laeve (Huds.) Kambly	Crucibulum laeve	(Huds.) Kambly	CA	Algonquin Provincial Park, Smith Lake Trail	Ontario	PRESENT		055bd978-2daa-4543-b3f0-44e0e87e86ca	45.572222	-77.277778							1974-08-14	14	8	1974	5243575	5243575	PRESERVED_SPECIMEN	AAFC	DAOM	186584		J. Ginns		CC_BY_4_0	©His Majesty the King in Right of Canada, as represented by the Minister of Agriculture and Agri-Food	Paul Johnson			2025-01-12T05:11:16.489Z		GEODETIC_DATUM_ASSUMED_WGS84;CONTINENT_DERIVED_FROM_COORDINATES;TAXON_MATCH_TAXON_ID_IGNORED;INSTITUTION_MATCH_FUZZY
4165717592	50c9509d-22c7-4a22-a47d-8c48425ef4a7	https://www.inaturalist.org/observations/174156241	Fungi	Basidiomycota	Agaricomycetes	Agaricales	Nidulariaceae	Crucibulum	Crucibulum laeve		SPECIES	Crucibulum laeve (Huds.) Kambly	Crucibulum laeve		CA		Ontario	PRESENT		28eb1a3f-1c15-4a95-931a-4af90ecb574d	45.199517	-75.979775	4.0						2023-07-21T14:41:03	21	7	2023	5243575	5243575	HUMAN_OBSERVATION	iNaturalist	Observations	174156241		Keith Seifert	2023-07-21T20:16:22	CC0_1_0	Keith Seifert	Keith Seifert			2025-01-14T13:31:20.059Z	StillImage	COORDINATE_ROUNDED;CONTINENT_DERIVED_FROM_COORDINATES;TAXON_MATCH_TAXON_ID_IGNORED
4162550342	50c9509d-22c7-4a22-a47d-8c48425ef4a7	https://www.inaturalist.org/observations/173461246	Fungi	Basidiomycota	Agaricomycetes	Agaricales	Nidulariaceae	Crucibulum	Crucibulum laeve		SPECIES	Crucibulum laeve (Huds.) Kambly	Crucibulum laeve		CA		Ontario	PRESENT		28eb1a3f-1c15-4a95-931a-4af90ecb574d	45.239203	-76.213425							2023-07-17T11:46	17	7	2023	5243575	5243575	HUMAN_OBSERVATION	iNaturalist	Observations	173461246		Igor Khomenko	2023-07-17T18:50:18	CC_BY_NC_4_0	Igor Khomenko	Igor Khomenko			2025-01-14T13:28:20.260Z	StillImage	COORDINATE_ROUNDED;CONTINENT_DERIVED_FROM_COORDINATES;TAXON_MATCH_TAXON_ID_IGNORED
4153547729	50c9509d-22c7-4a22-a47d-8c48425ef4a7	https://www.inaturalist.org/observations/172411212	Fungi	Basidiomycota	Agaricomycetes	Agaricales	Nidulariaceae	Crucibulum	Crucibulum laeve		SPECIES	Crucibulum laeve (Huds.) Kambly	Crucibulum laeve		CA		New Brunswick	PRESENT		28eb1a3f-1c15-4a95-931a-4af90ecb574d	47.275947	-68.799157	5.0						2023-07-11T15:11:32	11	7	2023	5243575	5243575	HUMAN_OBSERVATION	iNaturalist	Observations	172411212		Marie-Eve Lavoie	2023-07-11T22:08:18	CC_BY_NC_4_0	Marie-Eve Lavoie	Marie-Eve Lavoie			2025-01-14T12:43:17.886Z	StillImage	COORDINATE_ROUNDED;CONTINENT_DERIVED_FROM_COORDINATES;TAXON_MATCH_TAXON_ID_IGNORED
4116374653	50c9509d-22c7-4a22-a47d-8c48425ef4a7	https://www.inaturalist.org/observations/161964879	Fungi	Basidiomycota	Agaricomycetes	Agaricales	Nidulariaceae	Crucibulum	Crucibulum laeve		SPECIES	Crucibulum laeve (Huds.) Kambly	Crucibulum laeve		CA		New Brunswick	PRESENT		28eb1a3f-1c15-4a95-931a-4af90ecb574d	45.733537	-65.509797	3.0						2023-05-16T09:59:47	16	5	2023	5243575	5243575	HUMAN_OBSERVATION	iNaturalist	Observations	161964879		jennahoyt	2023-05-16T13:00:14	CC_BY_NC_4_0	jennahoyt	jennahoyt			2025-01-14T12:34:39.364Z	StillImage	COORDINATE_ROUNDED;CONTINENT_DERIVED_FROM_COORDINATES;TAXON_MATCH_TAXON_ID_IGNORED
4100035701	d1a3b128-b406-46bb-a6d1-f3591dcc8a7b	3f3cbbca-2363-4200-8bbe-e4bf7e2aa7c4	Fungi	Basidiomycota	Agaricomycetes	Agaricales	Nidulariaceae	Crucibulum	Crucibulum laeve		SPECIES	Crucibulum vulgare Tul. & C.Tul.	Crucibulum vulgare	Tul. & C. Tul.	CA	Ottawa	Ontario	PRESENT		e43cf4b8-849e-4fac-b075-e652d019d2cf	45.416667	-75.7	52150.0										5243577	5243575	PRESERVED_SPECIMEN	BPI		BPI 703842		Lloyd C. G.		CC0_1_0		MACOUN J.			2025-01-15T04:59:39.614Z		GEODETIC_DATUM_ASSUMED_WGS84;CONTINENT_DERIVED_FROM_COORDINATES;TAXON_MATCH_TAXON_ID_IGNORED;INSTITUTION_MATCH_FUZZY
4099883730	d1a3b128-b406-46bb-a6d1-f3591dcc8a7b	749df3cf-aa95-4824-a82d-ba2a836166c1	Fungi	Basidiomycota	Agaricomycetes	Agaricales	Nidulariaceae	Crucibulum	Crucibulum laeve		SPECIES	Crucibulum vulgare Tul. & C.Tul.	Crucibulum vulgare	Tul. & C. Tul.	CA	Beauceville	Quebec	PRESENT		e43cf4b8-849e-4fac-b075-e652d019d2cf	46.2	-70.766667	14136.0						1939-08-10	10	8	1939	5243577	5243575	PRESERVED_SPECIMEN	BPI		BPI 727982				CC0_1_0		Anselm			2025-01-15T04:59:40.263Z		GEODETIC_DATUM_ASSUMED_WGS84;CONTINENT_DERIVED_FROM_COORDINATES;TAXON_MATCH_TAXON_ID_IGNORED;INSTITUTION_MATCH_FUZZY
3988613261	50c9509d-22c7-4a22-a47d-8c48425ef4a7	https://www.inaturalist.org/observations/143725405	Fungi	Basidiomycota	Agaricomycetes	Agaricales	Nidulariaceae	Crucibulum	Crucibulum laeve		SPECIES	Crucibulum laeve (Huds.) Kambly	Crucibulum laeve		CA		Nova Scotia	PRESENT		28eb1a3f-1c15-4a95-931a-4af90ecb574d	45.038544	-64.686073	9.0						2022-12-05T10:43:46	5	12	2022	5243575	5243575	HUMAN_OBSERVATION	iNaturalist	Observations	143725405		Jay Condie	2022-12-05T14:51:19	CC_BY_NC_4_0	Jay Condie	Jay Condie			2025-01-14T13:26:07.071Z	StillImage	COORDINATE_ROUNDED;CONTINENT_DERIVED_FROM_COORDINATES;TAXON_MATCH_TAXON_ID_IGNORED
3965614248	0ec61c42-6eda-441e-b327-7ec241c8ec95	2b0f8856-7324-4b76-ab46-b0d1036a9432	Fungi	Basidiomycota	Agaricomycetes	Agaricales	Nidulariaceae	Crucibulum	Crucibulum laeve		SPECIES	Crucibulum levis (Huds.) Kambly	Crucibulum levis		CA	Anse au Griffon, Gaspe Peninsula	Quebec	PRESENT		00ff478a-9da6-4c8d-b60d-43ee8c88cd1f	48.933333	-64.3							1959-08-13	13	8	1959	8660703	5243575	PRESERVED_SPECIMEN	WSP	WSP	WSP49020				CC_BY_4_0		W. B. Cooke; V. G. Cooke; J. N. Couch			2025-01-15T08:28:23.880Z		GEODETIC_DATUM_ASSUMED_WGS84;CONTINENT_DERIVED_FROM_COORDINATES;AMBIGUOUS_COLLECTION;INSTITUTION_MATCH_FUZZY
3961244848	50c9509d-22c7-4a22-a47d-8c48425ef4a7	https://www.inaturalist.org/observations/140102772	Fungi	Basidiomycota	Agaricomycetes	Agaricales	Nidulariaceae	Crucibulum	Crucibulum laeve		SPECIES	Crucibulum laeve (Huds.) Kambly	Crucibulum laeve		CA		Prince Edward Island	PRESENT		28eb1a3f-1c15-4a95-931a-4af90ecb574d	46.690717	-64.019975	4.0						2022-10-26T11:33:21	26	10	2022	5243575	5243575	HUMAN_OBSERVATION	iNaturalist	Observations	140102772		Thelma Phillips	2022-10-26T22:28:43	CC_BY_NC_4_0	Thelma Phillips	Thelma Phillips			2025-01-14T12:33:45.453Z	StillImage	COORDINATE_ROUNDED;CONTINENT_DERIVED_FROM_COORDINATES;TAXON_MATCH_TAXON_ID_IGNORED
3961107141	50c9509d-22c7-4a22-a47d-8c48425ef4a7	https://www.inaturalist.org/observations/140394878	Fungi	Basidiomycota	Agaricomycetes	Agaricales	Nidulariaceae	Crucibulum	Crucibulum laeve		SPECIES	Crucibulum laeve (Huds.) Kambly	Crucibulum laeve		CA		Ontario	PRESENT		28eb1a3f-1c15-4a95-931a-4af90ecb574d	45.349075	-75.58659							2022-10-28T13:33	28	10	2022	5243575	5243575	HUMAN_OBSERVATION	iNaturalist	Observations	140394878		Igor Khomenko	2022-10-29T16:33:53	CC_BY_NC_4_0	Igor Khomenko	Igor Khomenko			2025-01-14T13:26:04.194Z	StillImage	CONTINENT_DERIVED_FROM_COORDINATES;TAXON_MATCH_TAXON_ID_IGNORED
3947788231	50c9509d-22c7-4a22-a47d-8c48425ef4a7	https://www.inaturalist.org/observations/138574563	Fungi	Basidiomycota	Agaricomycetes	Agaricales	Nidulariaceae	Crucibulum	Crucibulum laeve		SPECIES	Crucibulum laeve (Huds.) Kambly	Crucibulum laeve		CA		Ontario	PRESENT		28eb1a3f-1c15-4a95-931a-4af90ecb574d	45.010838	-78.282935	278.0						2022-10-12T11:31:56	12	10	2022	5243575	5243575	HUMAN_OBSERVATION	iNaturalist	Observations	138574563		Belinda Gallagher	2022-10-13T02:40:07	CC_BY_NC_4_0	Belinda Gallagher	Belinda Gallagher			2025-01-14T12:32:17.043Z	StillImage	COORDINATE_ROUNDED;CONTINENT_DERIVED_FROM_COORDINATES;TAXON_MATCH_TAXON_ID_IGNORED
3947257796	50c9509d-22c7-4a22-a47d-8c48425ef4a7	https://www.inaturalist.org/observations/133376281	Fungi	Basidiomycota	Agaricomycetes	Agaricales	Nidulariaceae	Crucibulum	Crucibulum laeve		SPECIES	Crucibulum laeve (Huds.) Kambly	Crucibulum laeve		CA		Prince Edward Island	PRESENT		28eb1a3f-1c15-4a95-931a-4af90ecb574d	46.691815	-64.016914	10.0						2022-09-02T12:14:07	2	9	2022	5243575	5243575	HUMAN_OBSERVATION	iNaturalist	Observations	133376281		Julie-Lynn Zahavich	2022-09-02T20:00:30	CC_BY_NC_4_0	Julie-Lynn Zahavich	Julie-Lynn Zahavich			2025-01-14T12:32:25.648Z	StillImage	COORDINATE_ROUNDED;CONTINENT_DERIVED_FROM_COORDINATES;TAXON_MATCH_TAXON_ID_IGNORED
3925199312	50c9509d-22c7-4a22-a47d-8c48425ef4a7	https://www.inaturalist.org/observations/138062918	Fungi	Basidiomycota	Agaricomycetes	Agaricales	Nidulariaceae	Crucibulum	Crucibulum laeve		SPECIES	Crucibulum laeve (Huds.) Kambly	Crucibulum laeve		CA		Ontario	PRESENT		28eb1a3f-1c15-4a95-931a-4af90ecb574d	45.194187	-75.048937							2022-10-08T11:21	8	10	2022	5243575	5243575	HUMAN_OBSERVATION	iNaturalist	Observations	138062918		Igor Khomenko	2022-10-09T01:49:08	CC_BY_NC_4_0	Igor Khomenko	Igor Khomenko			2025-01-14T13:25:32.858Z	StillImage	COORDINATE_ROUNDED;CONTINENT_DERIVED_FROM_COORDINATES;TAXON_MATCH_TAXON_ID_IGNORED
3925181270	50c9509d-22c7-4a22-a47d-8c48425ef4a7	https://www.inaturalist.org/observations/138064342	Fungi	Basidiomycota	Agaricomycetes	Agaricales	Nidulariaceae	Crucibulum	Crucibulum laeve		SPECIES	Crucibulum laeve (Huds.) Kambly	Crucibulum laeve		CA		Ontario	PRESENT		28eb1a3f-1c15-4a95-931a-4af90ecb574d	45.19383	-75.048702	33.0						2022-10-08T11:20	8	10	2022	5243575	5243575	HUMAN_OBSERVATION	iNaturalist	Observations	138064342		jonathan_mack	2022-10-09T02:04:03	CC_BY_NC_4_0	jonathan_mack	jonathan_mack			2025-01-14T13:20:58.122Z	StillImage	COORDINATE_ROUNDED;CONTINENT_DERIVED_FROM_COORDINATES;TAXON_MATCH_TAXON_ID_IGNORED
3924994910	50c9509d-22c7-4a22-a47d-8c48425ef4a7	https://www.inaturalist.org/observations/137687617	Fungi	Basidiomycota	Agaricomycetes	Agaricales	Nidulariaceae	Crucibulum	Crucibulum laeve		SPECIES	Crucibulum laeve (Huds.) Kambly	Crucibulum laeve		CA		Ontario	PRESENT		28eb1a3f-1c15-4a95-931a-4af90ecb574d	45.440067	-75.575272	4.0						2022-10-05T17:26:58	5	10	2022	5243575	5243575	HUMAN_OBSERVATION	iNaturalist	Observations	137687617		cinna_latifolia	2022-10-09T04:07:22	CC_BY_NC_4_0	Maria Bastas	Maria Bastas			2025-01-14T12:32:19.916Z	StillImage	COORDINATE_ROUNDED;CONTINENT_DERIVED_FROM_COORDINATES;TAXON_MATCH_TAXON_ID_IGNORED
3923432694	50c9509d-22c7-4a22-a47d-8c48425ef4a7	https://www.inaturalist.org/observations/136178292	Fungi	Basidiomycota	Agaricomycetes	Agaricales	Nidulariaceae	Crucibulum	Crucibulum laeve		SPECIES	Crucibulum laeve (Huds.) Kambly	Crucibulum laeve		CA		Québec	PRESENT		28eb1a3f-1c15-4a95-931a-4af90ecb574d	46.075878	-72.829315	3.0						2022-09-23T13:17:41	23	9	2022	5243575	5243575	HUMAN_OBSERVATION	iNaturalist	Observations	136178292		abeillestephanie1974	2022-09-23T17:18:08	CC_BY_NC_4_0	abeillestephanie1974	abeillestephanie1974			2025-01-14T12:32:45.043Z	StillImage	COORDINATE_ROUNDED;CONTINENT_DERIVED_FROM_COORDINATES;TAXON_MATCH_TAXON_ID_IGNORED
3923276727	50c9509d-22c7-4a22-a47d-8c48425ef4a7	https://www.inaturalist.org/observations/136590137	Fungi	Basidiomycota	Agaricomycetes	Agaricales	Nidulariaceae	Crucibulum	Crucibulum laeve		SPECIES	Crucibulum laeve (Huds.) Kambly	Crucibulum laeve		CA		Ontario	PRESENT		28eb1a3f-1c15-4a95-931a-4af90ecb574d	45.25848	-79.056438							2022-09-26T12:01:12	26	9	2022	5243575	5243575	HUMAN_OBSERVATION	iNaturalist	Observations	136590137		myxogastrid	2022-09-26T17:09:18	CC_BY_NC_4_0	myxogastrid	myxogastrid			2025-01-14T12:34:05.223Z	StillImage	COORDINATE_ROUNDED;CONTINENT_DERIVED_FROM_COORDINATES;TAXON_MATCH_TAXON_ID_IGNORED
3902384823	50c9509d-22c7-4a22-a47d-8c48425ef4a7	https://www.inaturalist.org/observations/132342619	Fungi	Basidiomycota	Agaricomycetes	Agaricales	Nidulariaceae	Crucibulum	Crucibulum laeve		SPECIES	Crucibulum laeve (Huds.) Kambly	Crucibulum laeve		CA		Ontario	PRESENT		28eb1a3f-1c15-4a95-931a-4af90ecb574d	45.403577	-75.569137							2022-08-25T11:45	25	8	2022	5243575	5243575	HUMAN_OBSERVATION	iNaturalist	Observations	132342619		Igor Khomenko	2022-08-25T23:31:07	CC_BY_NC_4_0	Igor Khomenko	Igor Khomenko			2025-01-14T12:31:51.176Z	StillImage	COORDINATE_ROUNDED;CONTINENT_DERIVED_FROM_COORDINATES;TAXON_MATCH_TAXON_ID_IGNORED
3860710721	50c9509d-22c7-4a22-a47d-8c48425ef4a7	https://www.inaturalist.org/observations/124201158	Fungi	Basidiomycota	Agaricomycetes	Agaricales	Nidulariaceae	Crucibulum	Crucibulum laeve		SPECIES	Crucibulum laeve (Huds.) Kambly	Crucibulum laeve		CA		Ontario	PRESENT		28eb1a3f-1c15-4a95-931a-4af90ecb574d	45.199747	-75.979634	41.0						2022-06-30T17:15:32	30	6	2022	5243575	5243575	HUMAN_OBSERVATION	iNaturalist	Observations	124201158		Keith Seifert	2022-07-01T03:33:59	CC0_1_0	Keith Seifert	Keith Seifert			2025-01-14T13:16:40.076Z	StillImage	COORDINATE_ROUNDED;CONTINENT_DERIVED_FROM_COORDINATES;TAXON_MATCH_TAXON_ID_IGNORED
3759825446	50c9509d-22c7-4a22-a47d-8c48425ef4a7	https://www.inaturalist.org/observations/111934856	Fungi	Basidiomycota	Agaricomycetes	Agaricales	Nidulariaceae	Crucibulum	Crucibulum laeve		SPECIES	Crucibulum laeve (Huds.) Kambly	Crucibulum laeve		CA		Ontario	PRESENT		28eb1a3f-1c15-4a95-931a-4af90ecb574d	45.366756	-75.674768	157.0						2022-04-18T11:48:09Z	18	4	2022	5243575	5243575	HUMAN_OBSERVATION	iNaturalist	Observations	111934856		moira	2022-04-18T17:43:38	CC_BY_NC_4_0	moira	moira			2025-01-14T12:28:31.861Z	StillImage	COORDINATE_ROUNDED;CONTINENT_DERIVED_FROM_COORDINATES;TAXON_MATCH_TAXON_ID_IGNORED
3759287566	50c9509d-22c7-4a22-a47d-8c48425ef4a7	https://www.inaturalist.org/observations/110111147	Fungi	Basidiomycota	Agaricomycetes	Agaricales	Nidulariaceae	Crucibulum	Crucibulum laeve		SPECIES	Crucibulum laeve (Huds.) Kambly	Crucibulum laeve		CA		Ontario	PRESENT		28eb1a3f-1c15-4a95-931a-4af90ecb574d	45.518825	-75.463979	27158.0						2022-04-01T08:23	1	4	2022	5243575	5243575	HUMAN_OBSERVATION	iNaturalist	Observations	110111147		L Joan Heyding	2022-04-01T19:01:52	CC_BY_NC_4_0	L Joan Heyding	L Joan Heyding			2025-01-14T13:21:15.444Z	StillImage	COORDINATE_ROUNDED;CONTINENT_DERIVED_FROM_COORDINATES;TAXON_MATCH_TAXON_ID_IGNORED
3456214448	50c9509d-22c7-4a22-a47d-8c48425ef4a7	https://www.inaturalist.org/observations/16503139	Fungi	Basidiomycota	Agaricomycetes	Agaricales	Nidulariaceae	Crucibulum	Crucibulum laeve		SPECIES	Crucibulum laeve (Huds.) Kambly	Crucibulum laeve		CA		Québec	PRESENT		28eb1a3f-1c15-4a95-931a-4af90ecb574d	45.476155	-71.773513	24.0						2018-09-13T17:10:14	13	9	2018	5243575	5243575	HUMAN_OBSERVATION	iNaturalist	Observations	16503139		Yves Bachand	2020-01-28T21:57:39	CC_BY_NC_4_0	Yves Bachand	Yves Bachand			2025-01-14T12:05:51.603Z	StillImage	COORDINATE_ROUNDED;CONTINENT_DERIVED_FROM_COORDINATES;TAXON_MATCH_TAXON_ID_IGNORED
3407999618	50c9509d-22c7-4a22-a47d-8c48425ef4a7	https://www.inaturalist.org/observations/99218172	Fungi	Basidiomycota	Agaricomycetes	Agaricales	Nidulariaceae	Crucibulum	Crucibulum laeve		SPECIES	Crucibulum laeve (Huds.) Kambly	Crucibulum laeve		CA		Ontario	PRESENT		28eb1a3f-1c15-4a95-931a-4af90ecb574d	45.447063	-75.183128	5.0						2021-10-23T13:57:47	23	10	2021	5243575	5243575	HUMAN_OBSERVATION	iNaturalist	Observations	99218172		Lynn Ovenden	2021-10-24T14:43:53	CC_BY_NC_4_0	Lynn Ovenden	Lynn Ovenden			2025-01-14T12:24:28.264Z	StillImage	COORDINATE_ROUNDED;CONTINENT_DERIVED_FROM_COORDINATES;TAXON_MATCH_TAXON_ID_IGNORED
3399352900	50c9509d-22c7-4a22-a47d-8c48425ef4a7	https://www.inaturalist.org/observations/99140145	Fungi	Basidiomycota	Agaricomycetes	Agaricales	Nidulariaceae	Crucibulum	Crucibulum laeve		SPECIES	Crucibulum laeve (Huds.) Kambly	Crucibulum laeve		CA		Ontario	PRESENT		28eb1a3f-1c15-4a95-931a-4af90ecb574d	45.447055	-75.183157							2021-10-23T12:58	23	10	2021	5243575	5243575	HUMAN_OBSERVATION	iNaturalist	Observations	99140145		Igor Khomenko	2021-10-23T22:05:46	CC_BY_NC_4_0	Igor Khomenko	Igor Khomenko			2025-01-14T13:10:56.642Z	StillImage	COORDINATE_ROUNDED;CONTINENT_DERIVED_FROM_COORDINATES;TAXON_MATCH_TAXON_ID_IGNORED
3398803007	50c9509d-22c7-4a22-a47d-8c48425ef4a7	https://www.inaturalist.org/observations/99276828	Fungi	Basidiomycota	Agaricomycetes	Agaricales	Nidulariaceae	Crucibulum	Crucibulum laeve		SPECIES	Crucibulum laeve (Huds.) Kambly	Crucibulum laeve		CA		Ontario	PRESENT		28eb1a3f-1c15-4a95-931a-4af90ecb574d	45.447119	-75.18305	4.0						2021-10-23T13:56	23	10	2021	5243575	5243575	HUMAN_OBSERVATION	iNaturalist	Observations	99276828		jonathan_mack	2021-10-24T22:51:49	CC_BY_NC_4_0	jonathan_mack	jonathan_mack			2025-01-14T13:14:51.671Z	StillImage	COORDINATE_ROUNDED;CONTINENT_DERIVED_FROM_COORDINATES;TAXON_MATCH_TAXON_ID_IGNORED
3391699985	50c9509d-22c7-4a22-a47d-8c48425ef4a7	https://www.inaturalist.org/observations/97931397	Fungi	Basidiomycota	Agaricomycetes	Agaricales	Nidulariaceae	Crucibulum	Crucibulum laeve		SPECIES	Crucibulum laeve (Huds.) Kambly	Crucibulum laeve		CA		Ontario	PRESENT		28eb1a3f-1c15-4a95-931a-4af90ecb574d	45.403303	-75.586268							2021-10-11T13:54	11	10	2021	5243575	5243575	HUMAN_OBSERVATION	iNaturalist	Observations	97931397		Igor Khomenko	2021-10-11T20:11:24	CC_BY_NC_4_0	Igor Khomenko	Igor Khomenko			2025-01-14T13:17:16.189Z	StillImage	COORDINATE_ROUNDED;CONTINENT_DERIVED_FROM_COORDINATES;TAXON_MATCH_TAXON_ID_IGNORED
3391334767	50c9509d-22c7-4a22-a47d-8c48425ef4a7	https://www.inaturalist.org/observations/97638013	Fungi	Basidiomycota	Agaricomycetes	Agaricales	Nidulariaceae	Crucibulum	Crucibulum laeve		SPECIES	Crucibulum laeve (Huds.) Kambly	Crucibulum laeve		CA		Québec	PRESENT		28eb1a3f-1c15-4a95-931a-4af90ecb574d	45.51117	-73.584519							2021-10-08T15:40:17	8	10	2021	5243575	5243575	HUMAN_OBSERVATION	iNaturalist	Observations	97638013		Cassidy Cartmill	2021-10-09T14:19:44	CC_BY_NC_4_0	kitodoyle	kitodoyle			2025-01-14T12:21:45.554Z	StillImage	CONTINENT_DERIVED_FROM_COORDINATES;TAXON_MATCH_TAXON_ID_IGNORED
3384817278	50c9509d-22c7-4a22-a47d-8c48425ef4a7	https://www.inaturalist.org/observations/96133541	Fungi	Basidiomycota	Agaricomycetes	Agaricales	Nidulariaceae	Crucibulum	Crucibulum laeve		SPECIES	Crucibulum laeve (Huds.) Kambly	Crucibulum laeve		CA		Ontario	PRESENT		28eb1a3f-1c15-4a95-931a-4af90ecb574d	45.354135	-75.589238							2021-09-25T13:19	25	9	2021	5243575	5243575	HUMAN_OBSERVATION	iNaturalist	Observations	96133541		Igor Khomenko	2021-09-25T20:18:11	CC_BY_NC_4_0	Igor Khomenko	Igor Khomenko			2025-01-14T13:23:36.835Z	StillImage	COORDINATE_ROUNDED;CONTINENT_DERIVED_FROM_COORDINATES;TAXON_MATCH_TAXON_ID_IGNORED
3384123737	50c9509d-22c7-4a22-a47d-8c48425ef4a7	https://www.inaturalist.org/observations/96518071	Fungi	Basidiomycota	Agaricomycetes	Agaricales	Nidulariaceae	Crucibulum	Crucibulum laeve		SPECIES	Crucibulum laeve (Huds.) Kambly	Crucibulum laeve		CA		Ontario	PRESENT		28eb1a3f-1c15-4a95-931a-4af90ecb574d	45.37719	-75.238972							2021-09-28T11:18	28	9	2021	5243575	5243575	HUMAN_OBSERVATION	iNaturalist	Observations	96518071		Igor Khomenko	2021-09-28T21:34:20	CC_BY_NC_4_0	Igor Khomenko	Igor Khomenko			2025-01-14T12:22:08.467Z	StillImage	COORDINATE_ROUNDED;CONTINENT_DERIVED_FROM_COORDINATES;TAXON_MATCH_TAXON_ID_IGNORED
3337763266	50c9509d-22c7-4a22-a47d-8c48425ef4a7	https://www.inaturalist.org/observations/91175699	Fungi	Basidiomycota	Agaricomycetes	Agaricales	Nidulariaceae	Crucibulum	Crucibulum laeve		SPECIES	Crucibulum laeve (Huds.) Kambly	Crucibulum laeve		CA		Ontario	PRESENT		28eb1a3f-1c15-4a95-931a-4af90ecb574d	45.43726	-76.332815	139.0						2021-08-14T10:05	14	8	2021	5243575	5243575	HUMAN_OBSERVATION	iNaturalist	Observations	91175699		Igor Khomenko	2021-08-14T21:15:33	CC_BY_NC_4_0	Igor Khomenko	Igor Khomenko			2025-01-14T12:22:24.965Z	StillImage	COORDINATE_ROUNDED;CONTINENT_DERIVED_FROM_COORDINATES;TAXON_MATCH_TAXON_ID_IGNORED
3335450927	50c9509d-22c7-4a22-a47d-8c48425ef4a7	https://www.inaturalist.org/observations/89422127	Fungi	Basidiomycota	Agaricomycetes	Agaricales	Nidulariaceae	Crucibulum	Crucibulum laeve		SPECIES	Crucibulum laeve (Huds.) Kambly	Crucibulum laeve		CA		Québec	PRESENT		28eb1a3f-1c15-4a95-931a-4af90ecb574d	45.49235	-75.62417	15.0						2021-07-31T10:46	31	7	2021	5243575	5243575	HUMAN_OBSERVATION	iNaturalist	Observations	89422127		jonathan_mack	2021-08-01T02:13:18	CC_BY_NC_4_0	jonathan_mack	jonathan_mack			2025-01-14T13:11:19.700Z	StillImage	COORDINATE_ROUNDED;CONTINENT_DERIVED_FROM_COORDINATES;TAXON_MATCH_TAXON_ID_IGNORED
3335113868	50c9509d-22c7-4a22-a47d-8c48425ef4a7	https://www.inaturalist.org/observations/89362313	Fungi	Basidiomycota	Agaricomycetes	Agaricales	Nidulariaceae	Crucibulum	Crucibulum laeve		SPECIES	Crucibulum laeve (Huds.) Kambly	Crucibulum laeve		CA		Québec	PRESENT		28eb1a3f-1c15-4a95-931a-4af90ecb574d	45.492368	-75.62393	94.0						2021-07-31T10:58	31	7	2021	5243575	5243575	HUMAN_OBSERVATION	iNaturalist	Observations	89362313		Igor Khomenko	2021-07-31T18:52:35	CC_BY_NC_4_0	Igor Khomenko	Igor Khomenko			2025-01-14T13:13:29.792Z	StillImage	COORDINATE_ROUNDED;CONTINENT_DERIVED_FROM_COORDINATES;TAXON_MATCH_TAXON_ID_IGNORED
3333526446	50c9509d-22c7-4a22-a47d-8c48425ef4a7	https://www.inaturalist.org/observations/88995986	Fungi	Basidiomycota	Agaricomycetes	Agaricales	Nidulariaceae	Crucibulum	Crucibulum laeve		SPECIES	Crucibulum laeve (Huds.) Kambly	Crucibulum laeve		CA		Ontario	PRESENT		28eb1a3f-1c15-4a95-931a-4af90ecb574d	45.294855	-75.807901	10.0						2021-07-28T12:14	28	7	2021	5243575	5243575	HUMAN_OBSERVATION	iNaturalist	Observations	88995986		Igor Khomenko	2021-07-28T22:34:20	CC_BY_NC_4_0	Igor Khomenko	Igor Khomenko			2025-01-14T12:19:46.196Z	StillImage	COORDINATE_ROUNDED;CONTINENT_DERIVED_FROM_COORDINATES;TAXON_MATCH_TAXON_ID_IGNORED
3333134854	50c9509d-22c7-4a22-a47d-8c48425ef4a7	https://www.inaturalist.org/observations/88399122	Fungi	Basidiomycota	Agaricomycetes	Agaricales	Nidulariaceae	Crucibulum	Crucibulum laeve		SPECIES	Crucibulum laeve (Huds.) Kambly	Crucibulum laeve		CA		New Brunswick	PRESENT		28eb1a3f-1c15-4a95-931a-4af90ecb574d	45.947673	-66.676143	16.0						2021-07-24T12:27:48	24	7	2021	5243575	5243575	HUMAN_OBSERVATION	iNaturalist	Observations	88399122		Brendan	2021-07-29T02:05:32	CC_BY_NC_4_0	hbincik	hbincik			2025-01-14T12:19:54.012Z	StillImage	COORDINATE_ROUNDED;CONTINENT_DERIVED_FROM_COORDINATES;TAXON_MATCH_TAXON_ID_IGNORED
3079765980	50c9509d-22c7-4a22-a47d-8c48425ef4a7	https://www.inaturalist.org/observations/59810095	Fungi	Basidiomycota	Agaricomycetes	Agaricales	Nidulariaceae	Crucibulum	Crucibulum laeve		SPECIES	Crucibulum laeve (Huds.) Kambly	Crucibulum laeve		CA		Québec	PRESENT		28eb1a3f-1c15-4a95-931a-4af90ecb574d	45.569461	-75.889747	48.0						2020-09-16T14:30	16	9	2020	5243575	5243575	HUMAN_OBSERVATION	iNaturalist	Observations	59810095		Igor Khomenko	2020-09-16T19:53:52	CC_BY_NC_4_0	Igor Khomenko	Igor Khomenko			2025-01-14T12:14:40.019Z	StillImage	COORDINATE_ROUNDED;CONTINENT_DERIVED_FROM_COORDINATES;TAXON_MATCH_TAXON_ID_IGNORED
3079526962	50c9509d-22c7-4a22-a47d-8c48425ef4a7	https://www.inaturalist.org/observations/56873031	Fungi	Basidiomycota	Agaricomycetes	Agaricales	Nidulariaceae	Crucibulum	Crucibulum laeve		SPECIES	Crucibulum laeve (Huds.) Kambly	Crucibulum laeve		CA		Ontario	PRESENT		28eb1a3f-1c15-4a95-931a-4af90ecb574d	45.348756	-75.585869	64.0						2020-08-18T13:45	18	8	2020	5243575	5243575	HUMAN_OBSERVATION	iNaturalist	Observations	56873031		Igor Khomenko	2020-08-18T20:26:07	CC_BY_NC_4_0	Igor Khomenko	Igor Khomenko			2025-01-14T12:14:25.271Z	StillImage	COORDINATE_ROUNDED;CONTINENT_DERIVED_FROM_COORDINATES;TAXON_MATCH_TAXON_ID_IGNORED
2999143905	50c9509d-22c7-4a22-a47d-8c48425ef4a7	https://www.inaturalist.org/observations/66244723	Fungi	Basidiomycota	Agaricomycetes	Agaricales	Nidulariaceae	Crucibulum	Crucibulum laeve		SPECIES	Crucibulum laeve (Huds.) Kambly	Crucibulum laeve		CA		New Brunswick	PRESENT		28eb1a3f-1c15-4a95-931a-4af90ecb574d	46.145278	-64.78							2020-12-06T14:09:35Z	6	12	2020	5243575	5243575	HUMAN_OBSERVATION	iNaturalist	Observations	66244723		Robert W. Harding	2020-12-07T12:48:48	CC_BY_NC_4_0	hunthicks	hunthicks			2025-01-14T13:10:11.704Z	StillImage	COORDINATE_ROUNDED;CONTINENT_DERIVED_FROM_COORDINATES;TAXON_MATCH_TAXON_ID_IGNORED
2992763553	50c9509d-22c7-4a22-a47d-8c48425ef4a7	https://www.inaturalist.org/observations/63427013	Fungi	Basidiomycota	Agaricomycetes	Agaricales	Nidulariaceae	Crucibulum	Crucibulum laeve		SPECIES	Crucibulum laeve (Huds.) Kambly	Crucibulum laeve		CA		Ontario	PRESENT		28eb1a3f-1c15-4a95-931a-4af90ecb574d	45.486284	-76.048097	215.0						2020-10-24T15:32	24	10	2020	5243575	5243575	HUMAN_OBSERVATION	iNaturalist	Observations	63427013		wendtgower	2020-10-24T21:16:53	CC_BY_NC_4_0	wendtgower	wendtgower			2025-01-14T13:11:00.094Z	StillImage	COORDINATE_ROUNDED;CONTINENT_DERIVED_FROM_COORDINATES;TAXON_MATCH_TAXON_ID_IGNORED
2898303098	50c9509d-22c7-4a22-a47d-8c48425ef4a7	https://www.inaturalist.org/observations/62534124	Fungi	Basidiomycota	Agaricomycetes	Agaricales	Nidulariaceae	Crucibulum	Crucibulum laeve		SPECIES	Crucibulum laeve (Huds.) Kambly	Crucibulum laeve		CA		Ontario	PRESENT		28eb1a3f-1c15-4a95-931a-4af90ecb574d	46.087811	-77.472808	5.0						2020-10-13T15:22	13	10	2020	5243575	5243575	HUMAN_OBSERVATION	iNaturalist	Observations	62534124		Janet Elliott	2020-10-14T03:05:21	CC_BY_NC_4_0	Janet Elliott	Janet Elliott			2025-01-14T12:15:51.953Z	StillImage	COORDINATE_ROUNDED;CONTINENT_DERIVED_FROM_COORDINATES;TAXON_MATCH_TAXON_ID_IGNORED
2873938312	50c9509d-22c7-4a22-a47d-8c48425ef4a7	https://www.inaturalist.org/observations/18318021	Fungi	Basidiomycota	Agaricomycetes	Agaricales	Nidulariaceae	Crucibulum	Crucibulum laeve		SPECIES	Crucibulum laeve (Huds.) Kambly	Crucibulum laeve		CA		Ontario	PRESENT		28eb1a3f-1c15-4a95-931a-4af90ecb574d	45.367073	-75.796933	61.0						2018-11-10T13:19	10	11	2018	5243575	5243575	HUMAN_OBSERVATION	iNaturalist	Observations	18318021		Cassidy Cornblatt	2018-11-11T16:54:16	CC_BY_NC_4_0	Mike Leveille	Mike Leveille			2025-01-14T13:01:13.869Z	StillImage	COORDINATE_ROUNDED;CONTINENT_DERIVED_FROM_COORDINATES;TAXON_MATCH_TAXON_ID_IGNORED
2862294288	50c9509d-22c7-4a22-a47d-8c48425ef4a7	https://www.inaturalist.org/observations/59012770	Fungi	Basidiomycota	Agaricomycetes	Agaricales	Nidulariaceae	Crucibulum	Crucibulum laeve		SPECIES	Crucibulum laeve (Huds.) Kambly	Crucibulum laeve		CA		New Brunswick	PRESENT		28eb1a3f-1c15-4a95-931a-4af90ecb574d	46.472276	-64.724265	3403.0						2020-09-08T14:58	8	9	2020	5243575	5243575	HUMAN_OBSERVATION	iNaturalist	Observations	59012770		Stuart Tingley	2020-09-09T02:25:09	CC_BY_NC_4_0	Stuart Tingley	Stuart Tingley			2025-01-14T13:09:28.908Z	StillImage	COORDINATE_ROUNDED;CONTINENT_DERIVED_FROM_COORDINATES;TAXON_MATCH_TAXON_ID_IGNORED
2856750477	50c9509d-22c7-4a22-a47d-8c48425ef4a7	https://www.inaturalist.org/observations/55650260	Fungi	Basidiomycota	Agaricomycetes	Agaricales	Nidulariaceae	Crucibulum	Crucibulum laeve		SPECIES	Crucibulum laeve (Huds.) Kambly	Crucibulum laeve		CA		Ontario	PRESENT		28eb1a3f-1c15-4a95-931a-4af90ecb574d	45.393383	-75.133702	641.0						2020-08-06T19:09:39	6	8	2020	5243575	5243575	HUMAN_OBSERVATION	iNaturalist	Observations	55650260		Lynn Ovenden	2020-08-06T23:17:54	CC_BY_NC_4_0	Lynn Ovenden	Lynn Ovenden			2025-01-14T13:09:25.994Z	StillImage	COORDINATE_ROUNDED;CONTINENT_DERIVED_FROM_COORDINATES;TAXON_MATCH_TAXON_ID_IGNORED
2856694847	50c9509d-22c7-4a22-a47d-8c48425ef4a7	https://www.inaturalist.org/observations/57278744	Fungi	Basidiomycota	Agaricomycetes	Agaricales	Nidulariaceae	Crucibulum	Crucibulum laeve		SPECIES	Crucibulum laeve (Huds.) Kambly	Crucibulum laeve		CA		Ontario	PRESENT		28eb1a3f-1c15-4a95-931a-4af90ecb574d	45.467048	-75.510087	15.0						2020-08-22T14:32	22	8	2020	5243575	5243575	HUMAN_OBSERVATION	iNaturalist	Observations	57278744		jonathan_mack	2020-08-22T23:38:32	CC_BY_NC_4_0	jonathan_mack	jonathan_mack			2025-01-14T13:09:31.928Z	StillImage	COORDINATE_ROUNDED;CONTINENT_DERIVED_FROM_COORDINATES;TAXON_MATCH_TAXON_ID_IGNORED
2802599355	50c9509d-22c7-4a22-a47d-8c48425ef4a7	https://www.inaturalist.org/observations/15092282	Fungi	Basidiomycota	Agaricomycetes	Agaricales	Nidulariaceae	Crucibulum	Crucibulum laeve		SPECIES	Crucibulum laeve (Huds.) Kambly	Crucibulum laeve		CA		Ontario	PRESENT		28eb1a3f-1c15-4a95-931a-4af90ecb574d	45.319709	-75.739762	15.0						2018-07-31T11:53	31	7	2018	5243575	5243575	HUMAN_OBSERVATION	iNaturalist	Observations	15092282		jonathan_mack	2018-08-04T01:56:30	CC_BY_NC_4_0	jonathan_mack	jonathan_mack			2025-01-14T12:05:40.053Z	StillImage	COORDINATE_ROUNDED;CONTINENT_DERIVED_FROM_COORDINATES;TAXON_MATCH_TAXON_ID_IGNORED
2611157004	50c9509d-22c7-4a22-a47d-8c48425ef4a7	https://www.inaturalist.org/observations/43245373	Fungi	Basidiomycota	Agaricomycetes	Agaricales	Nidulariaceae	Crucibulum	Crucibulum laeve		SPECIES	Crucibulum laeve (Huds.) Kambly	Crucibulum laeve		CA		Québec	PRESENT		28eb1a3f-1c15-4a95-931a-4af90ecb574d	45.249613	-75.939827	27190.0						2020-04-24T17:09:12	24	4	2020	5243575	5243575	HUMAN_OBSERVATION	iNaturalist	Observations	43245373		gilliang	2020-04-25T03:03:34	CC_BY_NC_4_0	gilliang	gilliang			2025-01-14T12:11:56.747Z	StillImage	COORDINATE_ROUNDED;CONTINENT_DERIVED_FROM_COORDINATES;TAXON_MATCH_TAXON_ID_IGNORED
2609283372	50c9509d-22c7-4a22-a47d-8c48425ef4a7	https://www.inaturalist.org/observations/42715853	Fungi	Basidiomycota	Agaricomycetes	Agaricales	Nidulariaceae	Crucibulum	Crucibulum laeve		SPECIES	Crucibulum laeve (Huds.) Kambly	Crucibulum laeve		CA		Ontario	PRESENT		28eb1a3f-1c15-4a95-931a-4af90ecb574d	45.615768	-77.543394	46.0						2020-04-20T13:09:32	20	4	2020	5243575	5243575	HUMAN_OBSERVATION	iNaturalist	Observations	42715853		Ann Simpson	2020-04-21T16:59:10	CC_BY_NC_4_0	katie howard	katie howard			2025-01-14T12:11:43.120Z	StillImage	COORDINATE_ROUNDED;CONTINENT_DERIVED_FROM_COORDINATES;TAXON_MATCH_TAXON_ID_IGNORED
2603312408	50c9509d-22c7-4a22-a47d-8c48425ef4a7	https://www.inaturalist.org/observations/42032209	Fungi	Basidiomycota	Agaricomycetes	Agaricales	Nidulariaceae	Crucibulum	Crucibulum laeve		SPECIES	Crucibulum laeve (Huds.) Kambly	Crucibulum laeve		CA		Nova Scotia	PRESENT		28eb1a3f-1c15-4a95-931a-4af90ecb574d	45.069301	-64.521612							2020-04-12T16:18:46	12	4	2020	5243575	5243575	HUMAN_OBSERVATION	iNaturalist	Observations	42032209		devjohnstone	2020-04-12T20:50:24	CC_BY_NC_4_0	devjohnstone	devjohnstone			2025-01-14T12:11:24.001Z	StillImage	COORDINATE_ROUNDED;CONTINENT_DERIVED_FROM_COORDINATES;TAXON_MATCH_TAXON_ID_IGNORED
2597852130	50c9509d-22c7-4a22-a47d-8c48425ef4a7	https://www.inaturalist.org/observations/41352436	Fungi	Basidiomycota	Agaricomycetes	Agaricales	Nidulariaceae	Crucibulum	Crucibulum laeve		SPECIES	Crucibulum laeve (Huds.) Kambly	Crucibulum laeve		CA		Ontario	PRESENT		28eb1a3f-1c15-4a95-931a-4af90ecb574d	45.710127	-79.072313	5.0						2020-04-03T18:32:04	3	4	2020	5243575	5243575	HUMAN_OBSERVATION	iNaturalist	Observations	41352436		Ross Dickson	2020-04-04T11:29:40	CC_BY_4_0	K.P.	K.P.			2025-01-14T13:01:20.273Z	StillImage	COORDINATE_ROUNDED;CONTINENT_DERIVED_FROM_COORDINATES;TAXON_MATCH_TAXON_ID_IGNORED
2579385435	50c9509d-22c7-4a22-a47d-8c48425ef4a7	https://www.inaturalist.org/observations/39796521	Fungi	Basidiomycota	Agaricomycetes	Agaricales	Nidulariaceae	Crucibulum	Crucibulum laeve		SPECIES	Crucibulum laeve (Huds.) Kambly	Crucibulum laeve		CA		Québec	PRESENT		28eb1a3f-1c15-4a95-931a-4af90ecb574d	46.834231	-71.338931	61.0						2012-05-06	6	5	2012	5243575	5243575	HUMAN_OBSERVATION	iNaturalist	Observations	39796521		Christian Grenier	2020-03-10T14:00:16	CC_BY_NC_4_0	Christian Grenier	Christian Grenier			2025-01-14T13:10:26.006Z	StillImage	COORDINATE_ROUNDED;CONTINENT_DERIVED_FROM_COORDINATES;TAXON_MATCH_TAXON_ID_IGNORED
2579276644	50c9509d-22c7-4a22-a47d-8c48425ef4a7	https://www.inaturalist.org/observations/28061495	Fungi	Basidiomycota	Agaricomycetes	Agaricales	Nidulariaceae	Crucibulum	Crucibulum laeve		SPECIES	Crucibulum laeve (Huds.) Kambly	Crucibulum laeve		CA		New Brunswick	PRESENT		28eb1a3f-1c15-4a95-931a-4af90ecb574d	45.898664	-66.795752	27095.0						2019-06-29T11:57	29	6	2019	5243575	5243575	HUMAN_OBSERVATION	iNaturalist	Observations	28061495		Eric Knopf	2019-07-02T15:46:49	CC_BY_NC_4_0	Eric Knopf	Eric Knopf			2025-01-14T12:09:22.937Z	StillImage	COORDINATE_ROUNDED;CONTINENT_DERIVED_FROM_COORDINATES;TAXON_MATCH_TAXON_ID_IGNORED
2573778493	50c9509d-22c7-4a22-a47d-8c48425ef4a7	https://www.inaturalist.org/observations/10887882	Fungi	Basidiomycota	Agaricomycetes	Agaricales	Nidulariaceae	Crucibulum	Crucibulum laeve		SPECIES	Crucibulum laeve (Huds.) Kambly	Crucibulum laeve		CA		Québec	PRESENT		28eb1a3f-1c15-4a95-931a-4af90ecb574d	48.452589	-68.512458							2013-08-07T13:16:34	7	8	2013	5243575	5243575	HUMAN_OBSERVATION	iNaturalist	Observations	10887882		John Plischke	2018-04-24T04:05:16	CC_BY_NC_4_0	John Plischke	John Plischke			2025-01-14T13:00:41.431Z		CONTINENT_DERIVED_FROM_COORDINATES;TAXON_MATCH_TAXON_ID_IGNORED
2429587419	50c9509d-22c7-4a22-a47d-8c48425ef4a7	https://www.inaturalist.org/observations/34355655	Fungi	Basidiomycota	Agaricomycetes	Agaricales	Nidulariaceae	Crucibulum	Crucibulum laeve		SPECIES	Crucibulum laeve (Huds.) Kambly	Crucibulum laeve		CA		New Brunswick	PRESENT		28eb1a3f-1c15-4a95-931a-4af90ecb574d	46.220197	-64.534687	3733.0						2018-09-29T11:49	29	9	2018	5243575	5243575	HUMAN_OBSERVATION	iNaturalist	Observations	34355655		Raymonde G Chartier	2019-10-14T13:16:10	CC_BY_NC_4_0	Raymonde G Chartier	Raymonde G Chartier			2025-01-14T12:10:15.569Z	StillImage	COORDINATE_ROUNDED;CONTINENT_DERIVED_FROM_COORDINATES;TAXON_MATCH_TAXON_ID_IGNORED
2423613796	21705170-d2b6-42de-8904-c3bca4b83591	CMMF020224	Fungi	Basidiomycota	Agaricomycetes	Agaricales	Nidulariaceae	Crucibulum	Crucibulum laeve		SPECIES	Crucibulum laeve (Huds.) Kambly	Crucibulum laeve (Huds.) Kambly	(Huds.) Kambly	CA	Mirabel	Québec	PRESENT		ff7bd5db-b724-4932-b496-10ea298851f9	45.651289	-73.912878	1500.0						1991-06-06	6	6	1991	5243575	5243575	PRESERVED_SPECIMEN	Université de Montréal Biodiversity Centre	CMMF	CMMF020224	X-9.1	Neumann, Peterjurgen		CC0_1_0	Université de Montréal Biodiversity Centre	Neumann, Peterjurgen			2024-01-24T16:38:21.242Z		INSTITUTION_MATCH_FUZZY;COLLECTION_MATCH_FUZZY;DIFFERENT_OWNER_INSTITUTION
2423613388	21705170-d2b6-42de-8904-c3bca4b83591	CMMF020237	Fungi	Basidiomycota	Agaricomycetes	Agaricales	Nidulariaceae	Crucibulum	Crucibulum laeve		SPECIES	Crucibulum laeve (Huds.) Kambly	Crucibulum laeve (Huds.) Kambly	(Huds.) Kambly	CA	Repentigny	Québec	PRESENT		ff7bd5db-b724-4932-b496-10ea298851f9	45.776643	-73.468582	5000.0						1965-10-02	2	10	1965	5243575	5243575	PRESERVED_SPECIMEN	Université de Montréal Biodiversity Centre	CMMF	CMMF020237	X-9.1	Neumann, Peterjurgen		CC0_1_0	Université de Montréal Biodiversity Centre	Deschamps, Laurent			2024-01-24T16:38:21.191Z		INSTITUTION_MATCH_FUZZY;COLLECTION_MATCH_FUZZY;DIFFERENT_OWNER_INSTITUTION
2423613378	21705170-d2b6-42de-8904-c3bca4b83591	CMMF020201	Fungi	Basidiomycota	Agaricomycetes	Agaricales	Nidulariaceae	Crucibulum	Crucibulum laeve		SPECIES	Crucibulum laeve (Huds.) Kambly	Crucibulum laeve (Huds.) Kambly	(Huds.) Kambly	CA	Harrington	Québec	PRESENT		ff7bd5db-b724-4932-b496-10ea298851f9	45.839204	-74.612239	4000.0						2000-08-20	20	8	2000	5243575	5243575	PRESERVED_SPECIMEN	Université de Montréal Biodiversity Centre	CMMF	CMMF020201	X-9.1	Neumann, Peterjurgen		CC0_1_0	Université de Montréal Biodiversity Centre	unknown			2024-01-24T16:38:21.371Z		INSTITUTION_MATCH_FUZZY;COLLECTION_MATCH_FUZZY;DIFFERENT_OWNER_INSTITUTION
2423612761	21705170-d2b6-42de-8904-c3bca4b83591	CMMF020292	Fungi	Basidiomycota	Agaricomycetes	Agaricales	Nidulariaceae	Crucibulum	Crucibulum laeve		SPECIES	Crucibulum laeve (Huds.) Kambly	Crucibulum laeve (Huds.) Kambly	(Huds.) Kambly	CA	Pointe-aux-Pins, près de Sorel	Québec	PRESENT		ff7bd5db-b724-4932-b496-10ea298851f9	46.046632	-73.126509	300.0						1933-08-27	27	8	1933	5243575	5243575	PRESERVED_SPECIMEN	Université de Montréal Biodiversity Centre	CMMF	CMMF020292	X-9.1			CC0_1_0	Université de Montréal Biodiversity Centre	Brunel, Jules			2024-01-24T16:38:21.266Z		INSTITUTION_MATCH_FUZZY;COLLECTION_MATCH_FUZZY;DIFFERENT_OWNER_INSTITUTION
2423612072	21705170-d2b6-42de-8904-c3bca4b83591	CMMF020570	Fungi	Basidiomycota	Agaricomycetes	Agaricales	Nidulariaceae	Crucibulum	Crucibulum laeve		SPECIES	Crucibulum laeve (Huds.) Kambly	Crucibulum laeve (Huds.) Kambly	(Huds.) Kambly	CA	Cap St-Jacques (1)	Quebec	PRESENT		ff7bd5db-b724-4932-b496-10ea298851f9	45.469103	-73.928955	500.0						1980-07-18	18	7	1980	5243575	5243575	PRESERVED_SPECIMEN	Université de Montréal Biodiversity Centre	CMMF	CMMF020570	1980-196b	McNeil, Raymond		CC0_1_0	Université de Montréal Biodiversity Centre	Haméon, G.			2024-01-24T16:38:16.007Z		INSTITUTION_MATCH_FUZZY;COLLECTION_MATCH_FUZZY;DIFFERENT_OWNER_INSTITUTION
2423611735	21705170-d2b6-42de-8904-c3bca4b83591	CMMF020584	Fungi	Basidiomycota	Agaricomycetes	Agaricales	Nidulariaceae	Crucibulum	Crucibulum laeve		SPECIES	Crucibulum laeve (Huds.) Kambly	Crucibulum laeve (Huds.) Kambly	(Huds.) Kambly	CA	Pointe du Buisson	Quebec	PRESENT		ff7bd5db-b724-4932-b496-10ea298851f9	45.317721	-73.965583	100.0						1981-06-15	15	6	1981	5243575	5243575	PRESERVED_SPECIMEN	Université de Montréal Biodiversity Centre	CMMF	CMMF020584	s.n.	McNeil, Raymond		CC0_1_0	Université de Montréal Biodiversity Centre	McNeil, Raymond			2024-01-24T16:38:15.876Z		INSTITUTION_MATCH_FUZZY;COLLECTION_MATCH_FUZZY;DIFFERENT_OWNER_INSTITUTION
2422883863	50c9509d-22c7-4a22-a47d-8c48425ef4a7	https://www.inaturalist.org/observations/31508373	Fungi	Basidiomycota	Agaricomycetes	Agaricales	Nidulariaceae	Crucibulum	Crucibulum laeve		SPECIES	Crucibulum laeve (Huds.) Kambly	Crucibulum laeve		CA		Ontario	PRESENT		28eb1a3f-1c15-4a95-931a-4af90ecb574d	45.383894	-78.901852	1.0						2019-08-25T14:01	25	8	2019	5243575	5243575	HUMAN_OBSERVATION	iNaturalist	Observations	31508373		Dawn Sherman	2019-08-25T22:24:52	CC_BY_NC_4_0	Dawn Sherman	Dawn Sherman			2025-01-14T13:56:02.642Z	StillImage	COORDINATE_ROUNDED;CONTINENT_DERIVED_FROM_COORDINATES;TAXON_MATCH_TAXON_ID_IGNORED
2273197635	50c9509d-22c7-4a22-a47d-8c48425ef4a7	https://www.inaturalist.org/observations/17335619	Fungi	Basidiomycota	Agaricomycetes	Agaricales	Nidulariaceae	Crucibulum	Crucibulum laeve		SPECIES	Crucibulum laeve (Huds.) Kambly	Crucibulum laeve		CA		Ontario	PRESENT		28eb1a3f-1c15-4a95-931a-4af90ecb574d	45.241975	-75.691345	5.0						2018-10-07T10:48:49	7	10	2018	5243575	5243575	HUMAN_OBSERVATION	iNaturalist	Observations	17335619		Cassidy Cornblatt	2018-10-10T04:51:47	CC_BY_NC_4_0	Jamie Spence	Jamie Spence			2025-01-14T12:05:54.695Z	StillImage	CONTINENT_DERIVED_FROM_COORDINATES;TAXON_MATCH_TAXON_ID_IGNORED
2013689526	50c9509d-22c7-4a22-a47d-8c48425ef4a7	https://www.inaturalist.org/observations/20261459	Fungi	Basidiomycota	Agaricomycetes	Agaricales	Nidulariaceae	Crucibulum	Crucibulum laeve		SPECIES	Crucibulum laeve (Huds.) Kambly	Crucibulum laeve		CA		Ontario	PRESENT		28eb1a3f-1c15-4a95-931a-4af90ecb574d	45.465351	-75.508669	72.0						2010-10-09T15:46	9	10	2010	5243575	5243575	HUMAN_OBSERVATION	iNaturalist	Observations	20261459		jonathan_mack	2019-02-10T20:44:04	CC_BY_NC_4_0	jonathan_mack	jonathan_mack			2025-01-14T12:06:16.464Z	StillImage	COORDINATE_ROUNDED;CONTINENT_DERIVED_FROM_COORDINATES;TAXON_MATCH_TAXON_ID_IGNORED
2013684742	50c9509d-22c7-4a22-a47d-8c48425ef4a7	https://www.inaturalist.org/observations/16170214	Fungi	Basidiomycota	Agaricomycetes	Agaricales	Nidulariaceae	Crucibulum	Crucibulum laeve		SPECIES	Crucibulum laeve (Huds.) Kambly	Crucibulum laeve		CA		Ontario	PRESENT		28eb1a3f-1c15-4a95-931a-4af90ecb574d	45.464314	-75.507061	61.0						2014-09-16T14:22	16	9	2014	5243575	5243575	HUMAN_OBSERVATION	iNaturalist	Observations	16170214		jonathan_mack	2018-09-03T15:34:37	CC_BY_NC_4_0	jonathan_mack	jonathan_mack			2025-01-14T12:05:47.345Z	StillImage	COORDINATE_ROUNDED;CONTINENT_DERIVED_FROM_COORDINATES;TAXON_MATCH_TAXON_ID_IGNORED
1987965079	ca1bcd7e-7387-42f9-81ba-1470db55e3e8	130AF1A5-892B-7340-9AE7-393067518125	Fungi	Basidiomycota	Agaricomycetes	Agaricales	Nidulariaceae	Crucibulum	Crucibulum laeve		SPECIES	Crucibulum laeve (Huds.) Kambly	Crucibulum laeve	(Huds.) Kambly	CA	NW Mahoney Road, Mountview area, Sackville	New Brunswick	PRESENT		b542788f-0dc2-4a2b-b652-fceced449591	45.95	-64.383333							2003-10-04	4	10	2003	5243575	5243575	PRESERVED_SPECIMEN	BBM	UBC	F023872	Sackville B-50	Trevor Goward		CC0_1_0	The University of British Columbia	Trevor Goward			2024-11-19T11:24:49.903Z		GEODETIC_DATUM_ASSUMED_WGS84;CONTINENT_DERIVED_FROM_COORDINATES;INSTITUTION_MATCH_FUZZY
1914335428	50c9509d-22c7-4a22-a47d-8c48425ef4a7	https://www.inaturalist.org/observations/17061728	Fungi	Basidiomycota	Agaricomycetes	Agaricales	Nidulariaceae	Crucibulum	Crucibulum laeve		SPECIES	Crucibulum laeve (Huds.) Kambly	Crucibulum laeve		CA		Québec	PRESENT		28eb1a3f-1c15-4a95-931a-4af90ecb574d	45.243503	-72.454758	1527.0						2018-09-29T10:03	29	9	2018	5243575	5243575	HUMAN_OBSERVATION	iNaturalist	Observations	17061728		Cassidy Cornblatt	2018-09-30T17:37:55	CC_BY_NC_4_0	Janie Collin	Janie Collin			2025-01-14T12:05:55.432Z	StillImage	COORDINATE_ROUNDED;CONTINENT_DERIVED_FROM_COORDINATES;TAXON_MATCH_TAXON_ID_IGNORED
1914207313	50c9509d-22c7-4a22-a47d-8c48425ef4a7	https://www.inaturalist.org/observations/16781636	Fungi	Basidiomycota	Agaricomycetes	Agaricales	Nidulariaceae	Crucibulum	Crucibulum laeve		SPECIES	Crucibulum laeve (Huds.) Kambly	Crucibulum laeve		CA		Ontario	PRESENT		28eb1a3f-1c15-4a95-931a-4af90ecb574d	45.465231	-75.507989	205.0						2016-10-10T13:53	10	10	2016	5243575	5243575	HUMAN_OBSERVATION	iNaturalist	Observations	16781636		jonathan_mack	2018-09-22T02:16:55	CC_BY_NC_4_0	jonathan_mack	jonathan_mack			2025-01-14T12:05:52.301Z	StillImage	COORDINATE_ROUNDED;CONTINENT_DERIVED_FROM_COORDINATES;TAXON_MATCH_TAXON_ID_IGNORED
1847645318	50c9509d-22c7-4a22-a47d-8c48425ef4a7	https://www.inaturalist.org/observations/9573708	Fungi	Basidiomycota	Agaricomycetes	Agaricales	Nidulariaceae	Crucibulum	Crucibulum laeve		SPECIES	Crucibulum laeve (Huds.) Kambly	Crucibulum laeve		CA		Québec	PRESENT		28eb1a3f-1c15-4a95-931a-4af90ecb574d	46.78125	-71.27505	1132.0						2013-08-03	3	8	2013	5243575	5243575	HUMAN_OBSERVATION	iNaturalist	Observations	9573708		mycowalt	2018-01-23T10:57:00	CC_BY_NC_4_0	mycowalt	mycowalt			2025-01-14T12:04:22.693Z	StillImage	CONTINENT_DERIVED_FROM_COORDINATES;TAXON_MATCH_TAXON_ID_IGNORED
1807258571	e8a25a42-f125-476c-8554-3ec21cd51a84	ACAD:115249	Fungi	Basidiomycota	Agaricomycetes	Agaricales	Nidulariaceae	Crucibulum	Crucibulum laeve		SPECIES	Crucibulum vulgare Tul. & C.Tul.	Crucibulum vulgare	Tul. & C. Tul., 1844	CA	Kentville	Nova Scotia	PRESENT		6491ad8c-8e49-4bd4-a089-0ddb3bbe0890	45.07662	-64.49592							1931-06		6	1931	5243577	5243575	PRESERVED_SPECIMEN	Acadia University	ACAD	950F	950			CC0_1_0	Acadia University	H, KA			2024-01-25T01:36:59.329Z	StillImage	GEODETIC_DATUM_INVALID;GEODETIC_DATUM_ASSUMED_WGS84;TAXON_MATCH_TAXON_ID_IGNORED;INSTITUTION_MATCH_FUZZY;COLLECTION_MATCH_FUZZY
1571123877	50c9509d-22c7-4a22-a47d-8c48425ef4a7	https://www.inaturalist.org/observations/6598174	Fungi	Basidiomycota	Agaricomycetes	Agaricales	Nidulariaceae	Crucibulum	Crucibulum laeve		SPECIES	Crucibulum laeve (Huds.) Kambly	Crucibulum laeve		CA		New Brunswick	PRESENT		28eb1a3f-1c15-4a95-931a-4af90ecb574d	46.319563	-64.595111	132084.0						2017-06-11T21:09:18	11	6	2017	5243575	5243575	HUMAN_OBSERVATION	iNaturalist	Observations	6598174		John Plischke	2017-06-12T00:55:31	CC_BY_NC_4_0	Laura Berry	Laura Berry			2025-01-14T12:59:23.485Z	StillImage	COORDINATE_ROUNDED;CONTINENT_DERIVED_FROM_COORDINATES;TAXON_MATCH_TAXON_ID_IGNORED
1412709061	21705170-d2b6-42de-8904-c3bca4b83591	CMMF017529	Fungi	Basidiomycota	Agaricomycetes	Agaricales	Nidulariaceae	Crucibulum	Crucibulum laeve		SPECIES	Crucibulum laeve (Huds.) Kambly	Crucibulum laeve (Huds.) Kambly	(Huds.) Kambly	CA	Cap Saint-Jacques 3, Québec.	Québec	PRESENT		ff7bd5db-b724-4932-b496-10ea298851f9	45.465391	-73.920995	4000.0						1980-07-28	28	7	1980	5243575	5243575	PRESERVED_SPECIMEN	Université de Montréal Biodiversity Centre	CMMF	CMMF017529	NA	Haméon, G.		CC0_1_0	Université de Montréal Biodiversity Centre	Haméon, G.			2024-01-24T16:38:15.777Z		INSTITUTION_MATCH_FUZZY;COLLECTION_MATCH_FUZZY;DIFFERENT_OWNER_INSTITUTION
1412708929	21705170-d2b6-42de-8904-c3bca4b83591	CMMF017419	Fungi	Basidiomycota	Agaricomycetes	Agaricales	Nidulariaceae	Crucibulum	Crucibulum laeve		SPECIES	Crucibulum laeve (Huds.) Kambly	Crucibulum laeve (Huds.) Kambly	(Huds.) Kambly	CA	Héritage, Québec.	Québec	PRESENT		ff7bd5db-b724-4932-b496-10ea298851f9	45.680872	-73.495831	750.0						1980-07-14	14	7	1980	5243575	5243575	PRESERVED_SPECIMEN	Université de Montréal Biodiversity Centre	CMMF	CMMF017419	1980-196	McNeil, Raymond		CC0_1_0	Université de Montréal Biodiversity Centre	Haméon, G.			2024-01-24T16:38:15.737Z		INSTITUTION_MATCH_FUZZY;COLLECTION_MATCH_FUZZY;DIFFERENT_OWNER_INSTITUTION
1412707380	21705170-d2b6-42de-8904-c3bca4b83591	CMMF015775	Fungi	Basidiomycota	Agaricomycetes	Agaricales	Nidulariaceae	Crucibulum	Crucibulum laeve		SPECIES	Crucibulum laeve (Huds.) Kambly	Crucibulum laeve (Huds.) Kambly	(Huds.) Kambly	CA	Route 10, Brossard, Montréal, Québec.	Québec	PRESENT		ff7bd5db-b724-4932-b496-10ea298851f9	45.459256	-73.449557	4000.0						1978-09-25	25	9	1978	5243575	5243575	PRESERVED_SPECIMEN	Université de Montréal Biodiversity Centre	CMMF	CMMF015775	487	Guérin, Gérard		CC0_1_0	Université de Montréal Biodiversity Centre	Guérin, Gérard			2024-01-24T16:38:16.470Z		INSTITUTION_MATCH_FUZZY;COLLECTION_MATCH_FUZZY;DIFFERENT_OWNER_INSTITUTION
1412707234	21705170-d2b6-42de-8904-c3bca4b83591	CMMF015672	Fungi	Basidiomycota	Agaricomycetes	Agaricales	Nidulariaceae	Crucibulum	Crucibulum laeve		SPECIES	Crucibulum laeve (Huds.) Kambly	Crucibulum laeve (Huds.) Kambly	(Huds.) Kambly	CA	Chicoutimi, Québec.	Québec	PRESENT		ff7bd5db-b724-4932-b496-10ea298851f9	48.368277	-71.119642	15000.0						1998-09-13	13	9	1998	5243575	5243575	PRESERVED_SPECIMEN	Université de Montréal Biodiversity Centre	CMMF	CMMF015672	2558	Guérin, Gérard		CC0_1_0	Université de Montréal Biodiversity Centre	Desbiens, J.			2024-01-24T16:38:16.482Z	StillImage	INSTITUTION_MATCH_FUZZY;COLLECTION_MATCH_FUZZY;DIFFERENT_OWNER_INSTITUTION
1412707176	21705170-d2b6-42de-8904-c3bca4b83591	CMMF015776	Fungi	Basidiomycota	Agaricomycetes	Agaricales	Nidulariaceae	Crucibulum	Crucibulum laeve		SPECIES	Crucibulum laeve (Huds.) Kambly	Crucibulum laeve (Huds.) Kambly	(Huds.) Kambly	CA	Rang Saint-Martin, Chicoutimi, Québec.	Québec	PRESENT		ff7bd5db-b724-4932-b496-10ea298851f9	48.42951	-70.956161	6000.0						1992-08-06	6	8	1992	5243575	5243575	PRESERVED_SPECIMEN	Université de Montréal Biodiversity Centre	CMMF	CMMF015776	489	Guérin, Gérard		CC0_1_0	Université de Montréal Biodiversity Centre	Guérin, Gérard			2024-01-24T16:38:16.471Z	StillImage	INSTITUTION_MATCH_FUZZY;COLLECTION_MATCH_FUZZY;DIFFERENT_OWNER_INSTITUTION
1412705335	21705170-d2b6-42de-8904-c3bca4b83591	CMMF013789	Fungi	Basidiomycota	Agaricomycetes	Agaricales	Nidulariaceae	Crucibulum	Crucibulum laeve		SPECIES	Crucibulum laeve (Huds.) Kambly	Crucibulum laeve (Huds.) Kambly	(Huds.) Kambly	CA	Brewer Park, near Cameron Avenue, Ottawa South, Ontario.	Ontario	PRESENT		ff7bd5db-b724-4932-b496-10ea298851f9	45.387283	-75.68895	500.0						1982-05-04	4	5	1982	5243575	5243575	PRESERVED_SPECIMEN	Université de Montréal Biodiversity Centre	CMMF	CMMF013789	M4948	Illman, William I.		CC0_1_0	Université de Montréal Biodiversity Centre	Illman, William I.			2024-01-24T16:38:17.170Z		INSTITUTION_MATCH_FUZZY;COLLECTION_MATCH_FUZZY;DIFFERENT_OWNER_INSTITUTION
1412705267	21705170-d2b6-42de-8904-c3bca4b83591	CMMF013790	Fungi	Basidiomycota	Agaricomycetes	Agaricales	Nidulariaceae	Crucibulum	Crucibulum laeve		SPECIES	Crucibulum laeve (Huds.) Kambly	Crucibulum laeve (Huds.) Kambly	(Huds.) Kambly	CA	Ellwood, Ottawa, Ontario.	Ontario	PRESENT		ff7bd5db-b724-4932-b496-10ea298851f9	45.366568	-75.666921	5000.0						1961-08-11	11	8	1961	5243575	5243575	PRESERVED_SPECIMEN	Université de Montréal Biodiversity Centre	CMMF	CMMF013790	1792	Illman, William I.		CC0_1_0	Université de Montréal Biodiversity Centre	Illman, William I.			2024-01-24T16:38:17.172Z		INSTITUTION_MATCH_FUZZY;COLLECTION_MATCH_FUZZY;DIFFERENT_OWNER_INSTITUTION
1412704288	21705170-d2b6-42de-8904-c3bca4b83591	CMMF012342	Fungi	Basidiomycota	Agaricomycetes	Agaricales	Nidulariaceae	Crucibulum	Crucibulum laeve		SPECIES	Crucibulum vulgare Tul. & C.Tul.	Crucibulum vulgare Tul. & C. Tul.	Tul. & C. Tul.	CA	Kars, Ontario.	Ontario	PRESENT		ff7bd5db-b724-4932-b496-10ea298851f9	45.152578	-75.649152	5000.0						1941-10		10	1941	5243577	5243575	PRESERVED_SPECIMEN	Université de Montréal Biodiversity Centre	CMMF	CMMF012342	JB-258	Maur-Alphonse, Fr.		CC0_1_0	Université de Montréal Biodiversity Centre	Maur-Alphonse, Fr.			2024-01-24T16:38:20.824Z		INSTITUTION_MATCH_FUZZY;COLLECTION_MATCH_FUZZY;DIFFERENT_OWNER_INSTITUTION
1412702933	21705170-d2b6-42de-8904-c3bca4b83591	CMMF011374	Fungi	Basidiomycota	Agaricomycetes	Agaricales	Nidulariaceae	Crucibulum	Crucibulum laeve		SPECIES	Crucibulum vulgare Tul. & C.Tul.	Crucibulum vulgare Tul. & C. Tul.	Tul. & C. Tul.	CA	Sainte-Anne de la Pocatière, Kamouraska, Québec.	Québec	PRESENT		ff7bd5db-b724-4932-b496-10ea298851f9	47.366667	-70.033333	8000.0						1941-09-15	15	9	1941	5243577	5243575	PRESERVED_SPECIMEN	Université de Montréal Biodiversity Centre	CMMF	CMMF011374	17069	Pomerleau, René		CC0_1_0	Université de Montréal Biodiversity Centre	Campagna, Elzéar; Dubé, Lucien; Giroux, J.			2024-01-24T16:38:17.337Z		INSTITUTION_MATCH_FUZZY;COLLECTION_MATCH_FUZZY;DIFFERENT_OWNER_INSTITUTION
1305147596	50c9509d-22c7-4a22-a47d-8c48425ef4a7	http://inaturalist.ca/observations/3917642	Fungi	Basidiomycota	Agaricomycetes	Agaricales	Nidulariaceae	Crucibulum	Crucibulum laeve		SPECIES	Crucibulum laeve (Huds.) Kambly	Crucibulum laeve		CA		Ontario	PRESENT		28eb1a3f-1c15-4a95-931a-4af90ecb574d	45.446097	-75.651721	11.0						2016-08-18	18	8	2016	5243575	5243575	HUMAN_OBSERVATION	iNaturalist	Observations	3917642		Mike Leveille	2016-08-19T16:10:23	CC_BY_NC_4_0	Mike Leveille	Mike Leveille			2025-01-14T12:02:51.120Z	StillImage	CONTINENT_DERIVED_FROM_COORDINATES;TAXON_MATCH_TAXON_ID_IGNORED
1305146603	50c9509d-22c7-4a22-a47d-8c48425ef4a7	http://inaturalist.ca/observations/3914583	Fungi	Basidiomycota	Agaricomycetes	Agaricales	Nidulariaceae	Crucibulum	Crucibulum laeve		SPECIES	Crucibulum laeve (Huds.) Kambly	Crucibulum laeve		CA		Ontario	PRESENT		28eb1a3f-1c15-4a95-931a-4af90ecb574d	45.446013	-75.650833							2016-08-18T20:05:09	18	8	2016	5243575	5243575	HUMAN_OBSERVATION	iNaturalist	Observations	3914583		Leanne Wallis	2016-08-19T21:39:55	CC_BY_NC_4_0	Assaad Abou Ghazaly	Assaad Abou Ghazaly			2025-01-14T13:00:28.236Z	StillImage	COORDINATE_ROUNDED;CONTINENT_DERIVED_FROM_COORDINATES;TAXON_MATCH_TAXON_ID_IGNORED
1269737527	0d4af118-b79e-40c7-9cc6-142c5027cb16	e19e379d-f0ba-420d-9a5c-e570a47dae85	Fungi	Basidiomycota	Agaricomycetes	Agaricales	Nidulariaceae	Crucibulum	Crucibulum laeve		SPECIES	Crucibulum vulgare Tul. & C.Tul.	Crucibulum vulgare	Tul. & C. Tul.	CA	Gaspe Peninsula	Quebec	PRESENT		38a69420-bd2a-11dd-b15e-b8a03c50a862	48.681531	-65.83196	122410.0						1959-08		8	1959	5243577	5243575	PRESERVED_SPECIMEN	LSUM	Fungi	LSU00174178	s.n.	Bernard Lowy		CC0_1_0		Bernard Lowy			2025-01-12T11:02:13.104Z	StillImage	CONTINENT_DERIVED_FROM_COORDINATES;TAXON_MATCH_TAXON_ID_IGNORED;INSTITUTION_MATCH_FUZZY;INSTITUTION_COLLECTION_MISMATCH
1135070926	21705170-d2b6-42de-8904-c3bca4b83591	CMMF009471	Fungi	Basidiomycota	Agaricomycetes	Agaricales	Nidulariaceae	Crucibulum	Crucibulum laeve		SPECIES	Crucibulum laeve (Huds.) Kambly	Crucibulum laeve (Huds.) Kambly	(Huds.) Kambly	CA	Parc des Moulins, Québec.	Québec	PRESENT		ff7bd5db-b724-4932-b496-10ea298851f9	46.887678	-71.301288	600.0						2007-07-05	5	7	2007	5243575	5243575	PRESERVED_SPECIMEN	Université de Montréal Biodiversity Centre	CMMF	CMMF009471	1055	Labrecque, Jacqueline		CC0_1_0	Université de Montréal Biodiversity Centre	Labrecque, Jacqueline			2024-01-24T16:38:21.664Z		INSTITUTION_MATCH_FUZZY;COLLECTION_MATCH_FUZZY;DIFFERENT_OWNER_INSTITUTION
1135070530	21705170-d2b6-42de-8904-c3bca4b83591	CMMF009148	Fungi	Basidiomycota	Agaricomycetes	Agaricales	Nidulariaceae	Crucibulum	Crucibulum laeve		SPECIES	Crucibulum laeve (Huds.) Kambly	Crucibulum laeve (Huds.) Kambly	(Huds.) Kambly	CA	Parc des Moulins, Québec.	Québec	PRESENT		ff7bd5db-b724-4932-b496-10ea298851f9	46.887678	-71.301288	600.0						2006-09-07	7	9	2006	5243575	5243575	PRESERVED_SPECIMEN	Université de Montréal Biodiversity Centre	CMMF	CMMF009148	732	Labrecque, Jacqueline		CC0_1_0	Université de Montréal Biodiversity Centre	Labrecque, Jacqueline			2024-01-24T16:38:20.257Z	StillImage	INSTITUTION_MATCH_FUZZY;COLLECTION_MATCH_FUZZY;DIFFERENT_OWNER_INSTITUTION
1135070312	21705170-d2b6-42de-8904-c3bca4b83591	CMMF008839	Fungi	Basidiomycota	Agaricomycetes	Agaricales	Nidulariaceae	Crucibulum	Crucibulum laeve		SPECIES	Crucibulum laeve (Huds.) Kambly	Crucibulum laeve (Huds.) Kambly	(Huds.) Kambly	CA	Chemin Chapelle, Lac-Beauport.	Québec	PRESENT		ff7bd5db-b724-4932-b496-10ea298851f9	46.949281	-71.284722	250.0						2006-07-31	31	7	2006	5243575	5243575	PRESERVED_SPECIMEN	Université de Montréal Biodiversity Centre	CMMF	CMMF008839	422	Labrecque, Jacqueline		CC0_1_0	Université de Montréal Biodiversity Centre	Labrecque, Jacqueline			2024-01-24T16:38:18.863Z		INSTITUTION_MATCH_FUZZY;COLLECTION_MATCH_FUZZY;DIFFERENT_OWNER_INSTITUTION
1135069969	21705170-d2b6-42de-8904-c3bca4b83591	CMMF008478	Fungi	Basidiomycota	Agaricomycetes	Agaricales	Nidulariaceae	Crucibulum	Crucibulum laeve		SPECIES	Crucibulum laeve (Huds.) Kambly	Crucibulum laeve (Huds.) Kambly	(Huds.) Kambly	CA	Baie de Beauport, Québec	Québec	PRESENT		ff7bd5db-b724-4932-b496-10ea298851f9	46.83563	-71.198742	650.0						2006-04-16	16	4	2006	5243575	5243575	PRESERVED_SPECIMEN	Université de Montréal Biodiversity Centre	CMMF	CMMF008478	50	Labbé, Roland; Labrecque, Jacqueline		CC0_1_0	Université de Montréal Biodiversity Centre	Labrecque, Jacqueline			2024-01-24T16:38:17.813Z	StillImage	INSTITUTION_MATCH_FUZZY;COLLECTION_MATCH_FUZZY;DIFFERENT_OWNER_INSTITUTION
1135069907	21705170-d2b6-42de-8904-c3bca4b83591	CMMF008512	Fungi	Basidiomycota	Agaricomycetes	Agaricales	Nidulariaceae	Crucibulum	Crucibulum laeve		SPECIES	Crucibulum laeve (Huds.) Kambly	Crucibulum laeve (Huds.) Kambly	(Huds.) Kambly	CA	Boisé derrière 210 Éperon, Lac-Beauport.	Québec	PRESENT		ff7bd5db-b724-4932-b496-10ea298851f9	46.964353	-71.306427	200.0						2006-05-03	3	5	2006	5243575	5243575	PRESERVED_SPECIMEN	Université de Montréal Biodiversity Centre	CMMF	CMMF008512	79	Labrecque, Jacqueline		CC0_1_0	Université de Montréal Biodiversity Centre	Labrecque, Jacqueline			2024-01-24T16:38:17.901Z	StillImage	INSTITUTION_MATCH_FUZZY;COLLECTION_MATCH_FUZZY;DIFFERENT_OWNER_INSTITUTION
1135069604	21705170-d2b6-42de-8904-c3bca4b83591	CMMF008227	Fungi	Basidiomycota	Agaricomycetes	Agaricales	Nidulariaceae	Crucibulum	Crucibulum laeve		SPECIES	Crucibulum laeve (Huds.) Kambly	Crucibulum laeve (Huds.) Kambly	(Huds.) Kambly	CA	Matane	Québec	PRESENT		ff7bd5db-b724-4932-b496-10ea298851f9	48.821667	-67.537667	100.0						2005-09-12	12	9	2005	5243575	5243575	PRESERVED_SPECIMEN	Université de Montréal Biodiversity Centre	CMMF	CMMF008227	C2459	McNeil, Raymond		CC0_1_0	Université de Montréal Biodiversity Centre	McNeil, Raymond			2024-01-24T16:38:18.292Z	StillImage	COORDINATE_ROUNDED;INSTITUTION_MATCH_FUZZY;COLLECTION_MATCH_FUZZY;DIFFERENT_OWNER_INSTITUTION
1135068584	21705170-d2b6-42de-8904-c3bca4b83591	CMMF007073	Fungi	Basidiomycota	Agaricomycetes	Agaricales	Nidulariaceae	Crucibulum	Crucibulum laeve		SPECIES	Crucibulum laeve (Huds.) Kambly	Crucibulum laeve (Huds.) Kambly	(Huds.) Kambly	CA	Bois de l'Héritage, Montréal	Québec	PRESENT		ff7bd5db-b724-4932-b496-10ea298851f9	45.68	-73.498833	100.0						1980-07-14	14	7	1980	5243575	5243575	PRESERVED_SPECIMEN	Université de Montréal Biodiversity Centre	CMMF	CMMF007073	620	McNeil, Raymond		CC0_1_0	Université de Montréal Biodiversity Centre	McNeil, Raymond			2024-01-24T16:38:20.911Z	StillImage	COORDINATE_ROUNDED;INSTITUTION_MATCH_FUZZY;COLLECTION_MATCH_FUZZY;DIFFERENT_OWNER_INSTITUTION
1135067344	21705170-d2b6-42de-8904-c3bca4b83591	CMMF005881	Fungi	Basidiomycota	Agaricomycetes	Agaricales	Nidulariaceae	Crucibulum	Crucibulum laeve		SPECIES	Crucibulum laeve (Huds.) Kambly	Crucibulum laeve (Huds.) Kambly	(Huds.) Kambly	CA	Châteauguay (Centre écologique Fernand-Seguin)	Québec	PRESENT		ff7bd5db-b724-4932-b496-10ea298851f9	45.33983	-73.773917	100.0						2006-07-22	22	7	2006	5243575	5243575	PRESERVED_SPECIMEN	Université de Montréal Biodiversity Centre	CMMF	CMMF005881	Inexistant	McNeil, Raymond		CC0_1_0	Université de Montréal Biodiversity Centre	McNeil, Raymond			2024-01-24T16:38:16.982Z	StillImage	COORDINATE_ROUNDED;INSTITUTION_MATCH_FUZZY;COLLECTION_MATCH_FUZZY;DIFFERENT_OWNER_INSTITUTION
1024558983	21705170-d2b6-42de-8904-c3bca4b83591	CMMF004367	Fungi	Basidiomycota	Agaricomycetes	Agaricales	Nidulariaceae	Crucibulum	Crucibulum laeve		SPECIES	Crucibulum laeve (Huds.) Kambly	Crucibulum laeve (Huds.) Kambly	(Huds.) Kambly	CA	Réserve écologique du Boisé-des-Muir, Hinchinbrooke.	Québec	PRESENT		ff7bd5db-b724-4932-b496-10ea298851f9	45.08471	-74.114139	10.0						2012-08-13	13	8	2012	5243575	5243575	PRESERVED_SPECIMEN	Université de Montréal Biodiversity Centre	CMMF	CMMF004367	376	Archambault, Raymond		CC0_1_0	Université de Montréal Biodiversity Centre	Archambault, Raymond; Langlois, Annabelle; Turgon, Jean-Pierre			2024-01-24T16:38:19.629Z	StillImage	INSTITUTION_MATCH_FUZZY;COLLECTION_MATCH_FUZZY;DIFFERENT_OWNER_INSTITUTION
1024558693	21705170-d2b6-42de-8904-c3bca4b83591	CMMF004144	Fungi	Basidiomycota	Agaricomycetes	Agaricales	Nidulariaceae	Crucibulum	Crucibulum laeve		SPECIES	Crucibulum laeve (Huds.) Kambly	Crucibulum laeve (Huds.) Kambly	(Huds.) Kambly	CA	Réserve écologique du Boisé-des-Muir, Hinchinbrooke.	Québec	PRESENT		ff7bd5db-b724-4932-b496-10ea298851f9	45.086673	-74.114763	10.0						2011-08-30	30	8	2011	5243575	5243575	PRESERVED_SPECIMEN	Université de Montréal Biodiversity Centre	CMMF	CMMF004144	124	Lebeuf, Renée		CC0_1_0	Université de Montréal Biodiversity Centre	Archambault, Raymond; Lebeuf, Renée			2024-01-24T16:38:18.613Z		INSTITUTION_MATCH_FUZZY;COLLECTION_MATCH_FUZZY;DIFFERENT_OWNER_INSTITUTION
