gbifID	datasetKey	occurrenceID	kingdom	phylum	class	order	family	genus	species	infraspecificEpithet	taxonRank	scientificName	verbatimScientificName	verbatimScientificNameAuthorship	countryCode	locality	stateProvince	occurrenceStatus	individualCount	publishingOrgKey	decimalLatitude	decimalLongitude	coordinateUncertaintyInMeters	coordinatePrecision	elevation	elevationAccuracy	depth	depthAccuracy	eventDate	day	month	year	taxonKey	speciesKey	basisOfRecord	institutionCode	collectionCode	catalogNumber	recordNumber	identifiedBy	dateIdentified	license	rightsHolder	recordedBy	typeStatus	establishmentMeans	lastInterpreted	mediaType	issue
617553281	21705170-d2b6-42de-8904-c3bca4b83591	CMMF000353	Fungi	Basidiomycota	Agaricomycetes	Agaricales	Tricholomataceae	Tricholoma	Tricholoma vaccinum		SPECIES	Tricholoma vaccinum (Schaeff.) P.Kumm.	Tricholoma vaccinum (Schaeff.) P. Kumm.	(Schaeff.) P. Kumm.	CA	Rawdon	Québec	PRESENT		ff7bd5db-b724-4932-b496-10ea298851f9	46.052398	-73.748752	11000.0						1988-09-18	18	9	1988	5241784	5241784	PRESERVED_SPECIMEN	Université de Montréal Biodiversity Centre	CMMF	CMMF000353		Lamoureux, Yves		CC0_1_0	Université de Montréal Biodiversity Centre	Lamoureux, Yves			2024-01-24T16:38:20.794Z	StillImage	INSTITUTION_MATCH_FUZZY;COLLECTION_MATCH_FUZZY;DIFFERENT_OWNER_INSTITUTION
617551492	21705170-d2b6-42de-8904-c3bca4b83591	CMMF002728	Fungi	Basidiomycota	Agaricomycetes	Agaricales	Tricholomataceae	Tricholoma	Tricholoma vaccinum		SPECIES	Tricholoma vaccinum (Schaeff.) P.Kumm.	Tricholoma vaccinum (Schaeff.) P. Kumm.	(Schaeff.) P. Kumm.	CA	Saint-Roch-sur-Richelieu	Québec	PRESENT		ff7bd5db-b724-4932-b496-10ea298851f9	45.891936	-73.179027	4000.0						1995-10-09	9	10	1995	5241784	5241784	PRESERVED_SPECIMEN	Université de Montréal Biodiversity Centre	CMMF	CMMF002728		Lamoureux, Yves		CC0_1_0	Université de Montréal Biodiversity Centre	Archambault, Raymond			2024-01-24T16:38:20.491Z	StillImage	INSTITUTION_MATCH_FUZZY;COLLECTION_MATCH_FUZZY;DIFFERENT_OWNER_INSTITUTION
617547998	21705170-d2b6-42de-8904-c3bca4b83591	CMMF001214	Fungi	Basidiomycota	Agaricomycetes	Agaricales	Tricholomataceae	Tricholoma	Tricholoma vaccinum		SPECIES	Tricholoma vaccinum (Schaeff.) P.Kumm.	Tricholoma vaccinum (Schaeff.) P. Kumm.	(Schaeff.) P. Kumm.	CA	Magog	Québec	PRESENT		ff7bd5db-b724-4932-b496-10ea298851f9	45.266184	-72.137984	5000.0						1990-09-13	13	9	1990	5241784	5241784	PRESERVED_SPECIMEN	Université de Montréal Biodiversity Centre	CMMF	CMMF001214		Lamoureux, Yves		CC0_1_0	Université de Montréal Biodiversity Centre	Lamoureux, Yves			2024-01-24T16:38:16.546Z	StillImage	INSTITUTION_MATCH_FUZZY;COLLECTION_MATCH_FUZZY;DIFFERENT_OWNER_INSTITUTION
4987476307	50c9509d-22c7-4a22-a47d-8c48425ef4a7	https://www.inaturalist.org/observations/252517326	Fungi	Basidiomycota	Agaricomycetes	Agaricales	Tricholomataceae	Tricholoma	Tricholoma vaccinum		SPECIES	Tricholoma vaccinum (Schaeff.) P.Kumm.	Tricholoma vaccinum		CA		Ontario	PRESENT		28eb1a3f-1c15-4a95-931a-4af90ecb574d	46.295822	-78.881142	7.0						2024-10-13T13:58:39	13	10	2024	5241784	5241784	HUMAN_OBSERVATION	iNaturalist	Observations	252517326		gillianmcilwaine	2024-11-21T18:21:17	CC_BY_NC_4_0	gillianmcilwaine	gillianmcilwaine			2025-01-14T13:41:11.353Z	StillImage	COORDINATE_ROUNDED;CONTINENT_DERIVED_FROM_COORDINATES;TAXON_MATCH_TAXON_ID_IGNORED
4950537511	50c9509d-22c7-4a22-a47d-8c48425ef4a7	https://www.inaturalist.org/observations/188780061	Fungi	Basidiomycota	Agaricomycetes	Agaricales	Tricholomataceae	Tricholoma	Tricholoma vaccinum		SPECIES	Tricholoma vaccinum (Schaeff.) P.Kumm.	Tricholoma vaccinum		CA		New Brunswick	PRESENT		28eb1a3f-1c15-4a95-931a-4af90ecb574d	45.491662	-65.308575	100.0						2023-10-17T13:15	17	10	2023	5241784	5241784	HUMAN_OBSERVATION	iNaturalist	Observations	188780061		Alfredo Justo	2023-10-24T13:54:51	CC_BY_NC_4_0	Alfredo Justo	Alfredo Justo			2025-01-14T13:30:11.612Z	StillImage	COORDINATE_ROUNDED;CONTINENT_DERIVED_FROM_COORDINATES;TAXON_MATCH_TAXON_ID_IGNORED
4950512457	50c9509d-22c7-4a22-a47d-8c48425ef4a7	https://www.inaturalist.org/observations/242565163	Fungi	Basidiomycota	Agaricomycetes	Agaricales	Tricholomataceae	Tricholoma	Tricholoma vaccinum		SPECIES	Tricholoma vaccinum (Schaeff.) P.Kumm.	Tricholoma vaccinum		CA		Québec	PRESENT		28eb1a3f-1c15-4a95-931a-4af90ecb574d	45.872811	-76.4339	501.0						2024-09-13T15:45	13	9	2024	5241784	5241784	HUMAN_OBSERVATION	iNaturalist	Observations	242565163		L Joan Heyding	2024-09-18T21:22:12	CC_BY_NC_4_0	L Joan Heyding	L Joan Heyding			2025-01-14T13:43:27.051Z	StillImage	COORDINATE_ROUNDED;CONTINENT_DERIVED_FROM_COORDINATES;TAXON_MATCH_TAXON_ID_IGNORED
4438763192	50c9509d-22c7-4a22-a47d-8c48425ef4a7	https://www.inaturalist.org/observations/187657506	Fungi	Basidiomycota	Agaricomycetes	Agaricales	Tricholomataceae	Tricholoma	Tricholoma vaccinum		SPECIES	Tricholoma vaccinum (Schaeff.) P.Kumm.	Tricholoma vaccinum		CA		Ontario	PRESENT		28eb1a3f-1c15-4a95-931a-4af90ecb574d	45.104756	-76.340613	48.0						2023-10-15T11:08:47	15	10	2023	5241784	5241784	HUMAN_OBSERVATION	iNaturalist	Observations	187657506		Igor Khomenko	2023-10-15T17:28:05	CC_BY_NC_4_0	Igor Khomenko	Igor Khomenko			2025-01-14T13:28:20.483Z	StillImage	COORDINATE_ROUNDED;CONTINENT_DERIVED_FROM_COORDINATES;TAXON_MATCH_TAXON_ID_IGNORED
4436112342	50c9509d-22c7-4a22-a47d-8c48425ef4a7	https://www.inaturalist.org/observations/188776970	Fungi	Basidiomycota	Agaricomycetes	Agaricales	Tricholomataceae	Tricholoma	Tricholoma vaccinum		SPECIES	Tricholoma vaccinum (Schaeff.) P.Kumm.	Tricholoma vaccinum		CA		New Brunswick	PRESENT		28eb1a3f-1c15-4a95-931a-4af90ecb574d	45.622667	-65.060508	4.0						2023-10-17T11:41	17	10	2023	5241784	5241784	HUMAN_OBSERVATION	iNaturalist	Observations	188776970		Alfredo Justo	2023-10-24T13:21:15	CC_BY_NC_4_0	Alfredo Justo	Alfredo Justo			2025-01-14T12:42:58.870Z	StillImage	COORDINATE_ROUNDED;CONTINENT_DERIVED_FROM_COORDINATES;TAXON_MATCH_TAXON_ID_IGNORED
4421159435	50c9509d-22c7-4a22-a47d-8c48425ef4a7	https://www.inaturalist.org/observations/185964630	Fungi	Basidiomycota	Agaricomycetes	Agaricales	Tricholomataceae	Tricholoma	Tricholoma vaccinum		SPECIES	Tricholoma vaccinum (Schaeff.) P.Kumm.	Tricholoma vaccinum		CA		Québec	PRESENT		28eb1a3f-1c15-4a95-931a-4af90ecb574d	45.872811	-76.4339	501.0						2023-10-01T10:52	1	10	2023	5241784	5241784	HUMAN_OBSERVATION	iNaturalist	Observations	185964630		L Joan Heyding	2023-10-02T22:03:20	CC_BY_NC_4_0	L Joan Heyding	L Joan Heyding			2025-01-14T12:40:13.753Z	StillImage	COORDINATE_ROUNDED;CONTINENT_DERIVED_FROM_COORDINATES;TAXON_MATCH_TAXON_ID_IGNORED
4417070495	50c9509d-22c7-4a22-a47d-8c48425ef4a7	https://www.inaturalist.org/observations/185066789	Fungi	Basidiomycota	Agaricomycetes	Agaricales	Tricholomataceae	Tricholoma	Tricholoma vaccinum		SPECIES	Tricholoma vaccinum (Schaeff.) P.Kumm.	Tricholoma vaccinum		CA		Ontario	PRESENT		28eb1a3f-1c15-4a95-931a-4af90ecb574d	45.401228	-75.584717	5.0						2023-09-25T12:03:42	25	9	2023	5241784	5241784	HUMAN_OBSERVATION	iNaturalist	Observations	185066789		Lynn Ovenden	2023-09-26T21:59:12	CC_BY_NC_4_0	Lynn Ovenden	Lynn Ovenden			2025-01-14T12:42:34.852Z	StillImage	COORDINATE_ROUNDED;CONTINENT_DERIVED_FROM_COORDINATES;TAXON_MATCH_TAXON_ID_IGNORED
4166314576	695cef75-b65f-4776-b2ed-74565eebb16e	02-01000964232	Fungi	Basidiomycota	Agaricomycetes	Agaricales	Tricholomataceae	Tricholoma	Tricholoma vaccinum		SPECIES	Tricholoma vaccinum (Schaeff.) P.Kumm.	Tricholoma vaccinum	(Schaeff.) P. Kumm.	CA	South Tea Lake Dam	Ontario	PRESENT		055bd978-2daa-4543-b3f0-44e0e87e86ca	49.495833	-78.75							1977-09-09	9	9	1977	5241784	5241784	PRESERVED_SPECIMEN	AAFC	DAOM	186828		Conf. S.A. Redhead		CC_BY_4_0	©His Majesty the King in Right of Canada, as represented by the Minister of Agriculture and Agri-Food	G. Thorn			2025-01-12T05:11:16.366Z		GEODETIC_DATUM_ASSUMED_WGS84;CONTINENT_DERIVED_FROM_COORDINATES;TAXON_MATCH_TAXON_ID_IGNORED;INSTITUTION_MATCH_FUZZY
4099921853	d1a3b128-b406-46bb-a6d1-f3591dcc8a7b	1d880641-31e0-47f4-be89-8f904414243b	Fungi	Basidiomycota	Agaricomycetes	Agaricales	Tricholomataceae	Tricholoma	Tricholoma vaccinum		SPECIES	Tricholoma vaccinum (Schaeff.) P.Kumm.	Tricholoma vaccinum	(Schaeff.) P. Kumm.	CA	North Gower	Ontario	PRESENT		e43cf4b8-849e-4fac-b075-e652d019d2cf	45.153056	-75.682778	301.0						1951-09-18	18	9	1951	5241784	5241784	PRESERVED_SPECIMEN	BPI		BPI 754387		Hoare, S. C.		CC0_1_0		Hoare, S. C.			2025-01-15T04:59:41.607Z		GEODETIC_DATUM_ASSUMED_WGS84;CONTINENT_DERIVED_FROM_COORDINATES;TAXON_MATCH_TAXON_ID_IGNORED;INSTITUTION_MATCH_FUZZY
4099674836	d1a3b128-b406-46bb-a6d1-f3591dcc8a7b	b6a02609-540a-498a-8ca0-041fda6cb354	Fungi	Basidiomycota	Agaricomycetes	Agaricales	Tricholomataceae	Tricholoma	Tricholoma vaccinum		SPECIES	Tricholoma vaccinum (Schaeff.) P.Kumm.	Tricholoma vaccinum	(Schaeff.) P. Kumm.	CA	Eardley	Quebec	PRESENT		e43cf4b8-849e-4fac-b075-e652d019d2cf	45.55	-76.016667	301.0						1937-10-10	10	10	1937	5241784	5241784	PRESERVED_SPECIMEN	BPI		BPI 754389		Groves, J. W.		CC0_1_0		Jackson, H. A. C.; Drayton, F. L.; Groves, J. W.			2025-01-15T04:59:40.916Z		GEODETIC_DATUM_ASSUMED_WGS84;CONTINENT_DERIVED_FROM_COORDINATES;TAXON_MATCH_TAXON_ID_IGNORED;INSTITUTION_MATCH_FUZZY
4099449778	d1a3b128-b406-46bb-a6d1-f3591dcc8a7b	ed8dd28b-72e0-410a-93fd-67dfc7c24380	Fungi	Basidiomycota	Agaricomycetes	Agaricales	Tricholomataceae	Tricholoma	Tricholoma vaccinum		SPECIES	Tricholoma vaccinum (Schaeff.) P.Kumm.	Tricholoma vaccinum	(Schaeff.) P. Kumm.	CA	La Verendrye Park	Quebec	PRESENT		e43cf4b8-849e-4fac-b075-e652d019d2cf	46.783333	-76.25	301.0						1963-09-11	11	9	1963	5241784	5241784	PRESERVED_SPECIMEN	BPI		BPI 753677		Groves, J. W.		CC0_1_0		Pantidou, M.; Elliott, M. E.			2025-01-15T04:59:41.757Z		GEODETIC_DATUM_ASSUMED_WGS84;CONTINENT_DERIVED_FROM_COORDINATES;TAXON_MATCH_TAXON_ID_IGNORED;INSTITUTION_MATCH_FUZZY
4099443863	d1a3b128-b406-46bb-a6d1-f3591dcc8a7b	2cc3c29e-50fb-4578-87dc-c3d67acb5ccb	Fungi	Basidiomycota	Agaricomycetes	Agaricales	Tricholomataceae	Tricholoma	Tricholoma vaccinum		SPECIES	Tricholoma vaccinum (Schaeff.) P.Kumm.	Tricholoma vaccinum	(Schaeff.) P. Kumm.	CA	Fallowfield	Ontario	PRESENT		e43cf4b8-849e-4fac-b075-e652d019d2cf	45.26809	-75.82904	301.0						1956-10-04	4	10	1956	5241784	5241784	PRESERVED_SPECIMEN	BPI		BPI 754386		Groves, J. W.; Elliott, M. E.		CC0_1_0		Groves, J. W.; Elliott, M. E.			2025-01-15T04:59:41.323Z		GEODETIC_DATUM_ASSUMED_WGS84;CONTINENT_DERIVED_FROM_COORDINATES;TAXON_MATCH_TAXON_ID_IGNORED;INSTITUTION_MATCH_FUZZY
4099442833	d1a3b128-b406-46bb-a6d1-f3591dcc8a7b	204d3567-ab1c-453b-b692-9ae254696a3f	Fungi	Basidiomycota	Agaricomycetes	Agaricales	Tricholomataceae	Tricholoma	Tricholoma vaccinum		SPECIES	Tricholoma vaccinum (Schaeff.) P.Kumm.	Tricholoma vaccinum	(Schaeff.) P. Kumm.	CA	Corkery	Quebec	PRESENT		e43cf4b8-849e-4fac-b075-e652d019d2cf	45.283333	-76.101944	301.0						1950-09-24	24	9	1950	5241784	5241784	PRESERVED_SPECIMEN	BPI		BPI 754391		Groves, J. W.		CC0_1_0		Groves, J. W.			2025-01-15T04:59:41.450Z		GEODETIC_DATUM_ASSUMED_WGS84;CONTINENT_DERIVED_FROM_COORDINATES;TAXON_MATCH_TAXON_ID_IGNORED;INSTITUTION_MATCH_FUZZY
4075564793	50c9509d-22c7-4a22-a47d-8c48425ef4a7	https://www.inaturalist.org/observations/135578254	Fungi	Basidiomycota	Agaricomycetes	Agaricales	Tricholomataceae	Tricholoma	Tricholoma vaccinum		SPECIES	Tricholoma vaccinum (Schaeff.) P.Kumm.	Tricholoma vaccinum		CA		Québec	PRESENT		28eb1a3f-1c15-4a95-931a-4af90ecb574d	46.017539	-73.684078							2022-09-18T10:22:28	18	9	2022	5241784	5241784	HUMAN_OBSERVATION	iNaturalist	Observations	135578254		Sigrid Jakob	2022-09-19T01:38:38	CC0_1_0	Sigrid Jakob	Sigrid Jakob			2025-01-14T12:31:37.047Z	StillImage	COORDINATE_ROUNDED;CONTINENT_DERIVED_FROM_COORDINATES;TAXON_MATCH_TAXON_ID_IGNORED
4046696584	50c9509d-22c7-4a22-a47d-8c48425ef4a7	https://www.inaturalist.org/observations/141659627	Fungi	Basidiomycota	Agaricomycetes	Agaricales	Tricholomataceae	Tricholoma	Tricholoma vaccinum		SPECIES	Tricholoma vaccinum (Schaeff.) P.Kumm.	Tricholoma vaccinum		CA		New Brunswick	PRESENT		28eb1a3f-1c15-4a95-931a-4af90ecb574d	45.603869	-65.003894	100.0						2021-10-06T11:49	6	10	2021	5241784	5241784	HUMAN_OBSERVATION	iNaturalist	Observations	141659627		Alfredo Justo	2022-11-11T01:48:59	CC_BY_NC_4_0	Alfredo Justo	Alfredo Justo			2025-01-14T12:32:57.672Z	StillImage	COORDINATE_ROUNDED;CONTINENT_DERIVED_FROM_COORDINATES;TAXON_MATCH_TAXON_ID_IGNORED
4046502600	50c9509d-22c7-4a22-a47d-8c48425ef4a7	https://www.inaturalist.org/observations/141708244	Fungi	Basidiomycota	Agaricomycetes	Agaricales	Tricholomataceae	Tricholoma	Tricholoma vaccinum		SPECIES	Tricholoma vaccinum (Schaeff.) P.Kumm.	Tricholoma vaccinum		CA		New Brunswick	PRESENT		28eb1a3f-1c15-4a95-931a-4af90ecb574d	45.489988	-65.308942	500.0						2021-10-13T10:45	13	10	2021	5241784	5241784	HUMAN_OBSERVATION	iNaturalist	Observations	141708244		Alfredo Justo	2022-11-11T17:30:24	CC_BY_NC_4_0	Alfredo Justo	Alfredo Justo			2025-01-14T12:32:20.344Z	StillImage	CONTINENT_DERIVED_FROM_COORDINATES;TAXON_MATCH_TAXON_ID_IGNORED
4046251592	50c9509d-22c7-4a22-a47d-8c48425ef4a7	https://www.inaturalist.org/observations/141717173	Fungi	Basidiomycota	Agaricomycetes	Agaricales	Tricholomataceae	Tricholoma	Tricholoma vaccinum		SPECIES	Tricholoma vaccinum (Schaeff.) P.Kumm.	Tricholoma vaccinum		CA		New Brunswick	PRESENT		28eb1a3f-1c15-4a95-931a-4af90ecb574d	45.162633	-66.227736	200.0						2021-10-21T14:31	21	10	2021	5241784	5241784	HUMAN_OBSERVATION	iNaturalist	Observations	141717173		Alfredo Justo	2022-11-11T19:29:54	CC_BY_NC_4_0	Alfredo Justo	Alfredo Justo			2025-01-14T12:33:00.713Z	StillImage	COORDINATE_ROUNDED;CONTINENT_DERIVED_FROM_COORDINATES;TAXON_MATCH_TAXON_ID_IGNORED
4023670241	fb9d7c38-5759-4c30-9e09-5b6bd43f78a6	http://id.luomus.fi/MY.10835845	Fungi	Basidiomycota	Agaricomycetes	Agaricales	Tricholomataceae	Tricholoma	Tricholoma vaccinum		SPECIES	Tricholoma vaccinum (Schaeff.) P.Kumm.	Tricholoma vaccinum (Schaeff.:Fr.) P.Kumm.		CA		Ontario	PRESENT		04fd2e13-6881-4e5c-9dd1-8fdd9ab993c1	45.29	-75.73							1956-10-04T00:00Z	4	10	1956	5241784	5241784	PRESERVED_SPECIMEN	H		http://id.luomus.fi/HA.H7070443				CC_BY_4_0		Elliot, Mary E.;Groves, J. W.			2025-01-17T02:41:19.320Z		CONTINENT_DERIVED_FROM_COORDINATES;TAXON_MATCH_TAXON_ID_IGNORED;COLLECTION_MATCH_NONE;INSTITUTION_MATCH_FUZZY
4023669988	fb9d7c38-5759-4c30-9e09-5b6bd43f78a6	http://id.luomus.fi/MY.10835849	Fungi	Basidiomycota	Agaricomycetes	Agaricales	Tricholomataceae	Tricholoma	Tricholoma vaccinum		SPECIES	Tricholoma vaccinum (Schaeff.) P.Kumm.	Tricholoma vaccinum (Schaeff.:Fr.) P.Kumm.		CA	La Verendrye Park	Quebec	PRESENT		04fd2e13-6881-4e5c-9dd1-8fdd9ab993c1	47.03	-76.53							1963-09-11T00:00Z	11	9	1963	5241784	5241784	PRESERVED_SPECIMEN	H		http://id.luomus.fi/HA.H7070444				CC_BY_4_0		Pantidou, Maria;Elliot, Mary E.			2025-01-17T02:41:19.260Z		CONTINENT_DERIVED_FROM_COORDINATES;TAXON_MATCH_TAXON_ID_IGNORED;COLLECTION_MATCH_NONE;INSTITUTION_MATCH_FUZZY
3985638989	50c9509d-22c7-4a22-a47d-8c48425ef4a7	https://www.inaturalist.org/observations/141717270	Fungi	Basidiomycota	Agaricomycetes	Agaricales	Tricholomataceae	Tricholoma	Tricholoma vaccinum		SPECIES	Tricholoma vaccinum (Schaeff.) P.Kumm.	Tricholoma vaccinum		CA		New Brunswick	PRESENT		28eb1a3f-1c15-4a95-931a-4af90ecb574d	45.162156	-66.227408	200.0						2021-10-21T14:35	21	10	2021	5241784	5241784	HUMAN_OBSERVATION	iNaturalist	Observations	141717270		Alfredo Justo	2022-11-11T19:31:19	CC_BY_NC_4_0	Alfredo Justo	Alfredo Justo			2025-01-14T12:32:30.623Z	StillImage	COORDINATE_ROUNDED;CONTINENT_DERIVED_FROM_COORDINATES;TAXON_MATCH_TAXON_ID_IGNORED
3966752869	50c9509d-22c7-4a22-a47d-8c48425ef4a7	https://www.inaturalist.org/observations/141660032	Fungi	Basidiomycota	Agaricomycetes	Agaricales	Tricholomataceae	Tricholoma	Tricholoma vaccinum		SPECIES	Tricholoma vaccinum (Schaeff.) P.Kumm.	Tricholoma vaccinum		CA		New Brunswick	PRESENT		28eb1a3f-1c15-4a95-931a-4af90ecb574d	45.599674	-65.005484	244.0						2021-10-06T12:32	6	10	2021	5241784	5241784	HUMAN_OBSERVATION	iNaturalist	Observations	141660032		Alfredo Justo	2022-11-11T01:54:45	CC_BY_NC_4_0	Alfredo Justo	Alfredo Justo			2025-01-14T12:32:40.056Z	StillImage	COORDINATE_ROUNDED;CONTINENT_DERIVED_FROM_COORDINATES;TAXON_MATCH_TAXON_ID_IGNORED
3966685863	50c9509d-22c7-4a22-a47d-8c48425ef4a7	https://www.inaturalist.org/observations/141659690	Fungi	Basidiomycota	Agaricomycetes	Agaricales	Tricholomataceae	Tricholoma	Tricholoma vaccinum		SPECIES	Tricholoma vaccinum (Schaeff.) P.Kumm.	Tricholoma vaccinum		CA		New Brunswick	PRESENT		28eb1a3f-1c15-4a95-931a-4af90ecb574d	45.603939	-65.003328	11.0						2021-10-06T11:56	6	10	2021	5241784	5241784	HUMAN_OBSERVATION	iNaturalist	Observations	141659690		Alfredo Justo	2022-11-11T01:50:08	CC_BY_NC_4_0	Alfredo Justo	Alfredo Justo			2025-01-14T13:26:12.560Z	StillImage	COORDINATE_ROUNDED;CONTINENT_DERIVED_FROM_COORDINATES;TAXON_MATCH_TAXON_ID_IGNORED
3911364478	55585622-7aeb-4921-a07c-5ddc97de9c5b	MGYA00523582_Eukaryota:Fungi:Basidiomycota:Agaricomycetes:Agaricales:Tricholomataceae:Tricholoma:Tricholoma_vaccinum	Fungi	Basidiomycota	Agaricomycetes	Agaricales	Tricholomataceae	Tricholoma	Tricholoma vaccinum		SPECIES	Tricholoma vaccinum (Schaeff.) P.Kumm.	Tricholoma vaccinum		CA	Varennes		PRESENT		ab733144-7043-4e88-bd4f-fca7bf858880	45.72	-73.37					0.15	0.0					5241784	5241784	MATERIAL_SAMPLE							CC_BY_4_0					2025-01-15T11:18:41.156Z		GEODETIC_DATUM_ASSUMED_WGS84;CONTINENT_DERIVED_FROM_COORDINATES
3747080447	50c9509d-22c7-4a22-a47d-8c48425ef4a7	https://www.inaturalist.org/observations/97139413	Fungi	Basidiomycota	Agaricomycetes	Agaricales	Tricholomataceae	Tricholoma	Tricholoma vaccinum		SPECIES	Tricholoma vaccinum (Schaeff.) P.Kumm.	Tricholoma vaccinum		CA		Ontario	PRESENT		28eb1a3f-1c15-4a95-931a-4af90ecb574d	45.116667	-75.648611							2021-10-03T15:41	3	10	2021	5241784	5241784	HUMAN_OBSERVATION	iNaturalist	Observations	97139413		Pieter Leenhouts	2021-10-04T13:20:31	CC_BY_NC_4_0	Pieter Leenhouts	Pieter Leenhouts			2025-01-14T12:21:37.569Z	StillImage	COORDINATE_ROUNDED;CONTINENT_DERIVED_FROM_COORDINATES;TAXON_MATCH_TAXON_ID_IGNORED
3747002467	50c9509d-22c7-4a22-a47d-8c48425ef4a7	https://www.inaturalist.org/observations/104767644	Fungi	Basidiomycota	Agaricomycetes	Agaricales	Tricholomataceae	Tricholoma	Tricholoma vaccinum		SPECIES	Tricholoma vaccinum (Schaeff.) P.Kumm.	Tricholoma vaccinum		CA		Ontario	PRESENT		28eb1a3f-1c15-4a95-931a-4af90ecb574d	45.071753	-79.117632	229.0						2021-10-26T14:41	26	10	2021	5241784	5241784	HUMAN_OBSERVATION	iNaturalist	Observations	104767644		Peter Jessen	2022-01-11T17:24:06	CC_BY_NC_4_0	Peter Jessen	Peter Jessen			2025-01-14T12:24:43.127Z	StillImage	COORDINATE_ROUNDED;CONTINENT_DERIVED_FROM_COORDINATES;TAXON_MATCH_TAXON_ID_IGNORED
3456562379	50c9509d-22c7-4a22-a47d-8c48425ef4a7	https://www.inaturalist.org/observations/97842298	Fungi	Basidiomycota	Agaricomycetes	Agaricales	Tricholomataceae	Tricholoma	Tricholoma vaccinum		SPECIES	Tricholoma vaccinum (Schaeff.) P.Kumm.	Tricholoma vaccinum		CA		Québec	PRESENT		28eb1a3f-1c15-4a95-931a-4af90ecb574d	47.307092	-70.61505	64.0						2021-10-10T15:47:21	10	10	2021	5241784	5241784	HUMAN_OBSERVATION	iNaturalist	Observations	97842298		Brett Jackson	2021-12-28T19:20:07	CC_BY_4_0	Marilyne Busque-Dubois	Marilyne Busque-Dubois			2025-01-14T13:15:37.851Z	StillImage	COORDINATE_ROUNDED;CONTINENT_DERIVED_FROM_COORDINATES;TAXON_MATCH_TAXON_ID_IGNORED
3385208509	50c9509d-22c7-4a22-a47d-8c48425ef4a7	https://www.inaturalist.org/observations/97374022	Fungi	Basidiomycota	Agaricomycetes	Agaricales	Tricholomataceae	Tricholoma	Tricholoma vaccinum		SPECIES	Tricholoma vaccinum (Schaeff.) P.Kumm.	Tricholoma vaccinum		CA		Québec	PRESENT		28eb1a3f-1c15-4a95-931a-4af90ecb574d	45.505053	-73.586733	503.0						2021-10-06T15:11:45	6	10	2021	5241784	5241784	HUMAN_OBSERVATION	iNaturalist	Observations	97374022		genevievelau	2021-10-09T18:20:12	CC_BY_NC_4_0	jackkelley	jackkelley			2025-01-14T12:22:40.035Z	StillImage	COORDINATE_ROUNDED;CONTINENT_DERIVED_FROM_COORDINATES;TAXON_MATCH_TAXON_ID_IGNORED
3384214523	50c9509d-22c7-4a22-a47d-8c48425ef4a7	https://www.inaturalist.org/observations/97374042	Fungi	Basidiomycota	Agaricomycetes	Agaricales	Tricholomataceae	Tricholoma	Tricholoma vaccinum		SPECIES	Tricholoma vaccinum (Schaeff.) P.Kumm.	Tricholoma vaccinum		CA		Québec	PRESENT		28eb1a3f-1c15-4a95-931a-4af90ecb574d	45.5112	-73.5845	31.0						2021-10-06T15:11:12	6	10	2021	5241784	5241784	HUMAN_OBSERVATION	iNaturalist	Observations	97374042		clarestephens	2021-10-06T19:12:36	CC_BY_NC_4_0	clarestephens	clarestephens			2025-01-14T13:15:54.211Z	StillImage	COORDINATE_ROUNDED;CONTINENT_DERIVED_FROM_COORDINATES;TAXON_MATCH_TAXON_ID_IGNORED
3351884416	d8cd16ba-bb74-4420-821e-083f2bac17c2	MW627929	Fungi	Basidiomycota	Agaricomycetes	Agaricales	Tricholomataceae	Tricholoma	Tricholoma vaccinum		SPECIES	Tricholoma vaccinum (Schaeff.) P.Kumm.	Tricholoma aff. vaccinum		CA	Quebec, Saint-Casimir, derriere le 775, rang du Rapide N		PRESENT		ada9d123-ddb4-467d-8891-806ea8d94230	46.64	-72.17							2018-10-03	3	10	2018	5241784	5241784	PRESERVED_SPECIMEN			MQ20-HRL2795-QFB32647		Jacques Landry		CC_BY_4_0		A. Paul & R. Lebeuf			2025-01-18T13:04:53.328Z		GEODETIC_DATUM_ASSUMED_WGS84;CONTINENT_DERIVED_FROM_COORDINATES;TAXON_MATCH_TAXON_CONCEPT_ID_IGNORED;TAXON_MATCH_TAXON_ID_IGNORED
3351768398	d8cd16ba-bb74-4420-821e-083f2bac17c2	MW627878	Fungi	Basidiomycota	Agaricomycetes	Agaricales	Tricholomataceae	Tricholoma	Tricholoma vaccinum		SPECIES	Tricholoma vaccinum (Schaeff.) P.Kumm.	Tricholoma aff. vaccinum		CA	Quebec, Quebec., Rue des Acadiens		PRESENT		ada9d123-ddb4-467d-8891-806ea8d94230	46.92	-71.25							2006-09-30	30	9	2006	5241784	5241784	PRESERVED_SPECIMEN			MQ20-JLAB896-CMMF009312		Jacques Landry		CC_BY_4_0		Labrecque, Jacqueline			2025-01-18T13:04:53.467Z		GEODETIC_DATUM_ASSUMED_WGS84;CONTINENT_DERIVED_FROM_COORDINATES;TAXON_MATCH_TAXON_CONCEPT_ID_IGNORED;TAXON_MATCH_TAXON_ID_IGNORED
3349541529	d8cd16ba-bb74-4420-821e-083f2bac17c2	MW628029	Fungi	Basidiomycota	Agaricomycetes	Agaricales	Tricholomataceae	Tricholoma	Tricholoma vaccinum		SPECIES	Tricholoma vaccinum (Schaeff.) P.Kumm.	Tricholoma vaccinum		CA	Quebec, Sacre-Coeur, cypres		PRESENT		ada9d123-ddb4-467d-8891-806ea8d94230	48.22	-69.07							2010-10-17	17	10	2010	5241784	5241784	PRESERVED_SPECIMEN			MQ20-HL0946-QFB31081		Herman Lambert		CC_BY_4_0		Herman Lambert			2025-01-18T13:04:53.333Z		GEODETIC_DATUM_ASSUMED_WGS84;CONTINENT_DERIVED_FROM_COORDINATES;TAXON_MATCH_TAXON_CONCEPT_ID_IGNORED;TAXON_MATCH_TAXON_ID_IGNORED
3349443399	d8cd16ba-bb74-4420-821e-083f2bac17c2	MW628121	Fungi	Basidiomycota	Agaricomycetes	Agaricales	Tricholomataceae	Tricholoma	Tricholoma vaccinum		SPECIES	Tricholoma vaccinum (Schaeff.) P.Kumm.	Tricholoma vaccinum		CA	Quebec, Amos, parc Belanger		PRESENT		ada9d123-ddb4-467d-8891-806ea8d94230	48.57	-78.21							2010-09-08	8	9	2010	5241784	5241784	PRESERVED_SPECIMEN			MQ20-HL0871-QFB31079		Herman Lambert		CC_BY_4_0		Herman Lambert			2025-01-18T13:04:53.272Z		GEODETIC_DATUM_ASSUMED_WGS84;CONTINENT_DERIVED_FROM_COORDINATES;TAXON_MATCH_TAXON_CONCEPT_ID_IGNORED;TAXON_MATCH_TAXON_ID_IGNORED
3349443393	d8cd16ba-bb74-4420-821e-083f2bac17c2	MW627898	Fungi	Basidiomycota	Agaricomycetes	Agaricales	Tricholomataceae	Tricholoma	Tricholoma vaccinum		SPECIES	Tricholoma vaccinum (Schaeff.) P.Kumm.	Tricholoma vaccinum		CA	Quebec, Val-d'Or, Cote de 100 pieds		PRESENT		ada9d123-ddb4-467d-8891-806ea8d94230	48.09	-77.78							2018-09-22	22	9	2018	5241784	5241784	PRESERVED_SPECIMEN			MQ20-pat0194		Yves Lamoureux		CC_BY_4_0					2025-01-18T13:06:03.510Z		GEODETIC_DATUM_ASSUMED_WGS84;CONTINENT_DERIVED_FROM_COORDINATES;TAXON_MATCH_TAXON_CONCEPT_ID_IGNORED;TAXON_MATCH_TAXON_ID_IGNORED
3349398285	d8cd16ba-bb74-4420-821e-083f2bac17c2	MW628112	Fungi	Basidiomycota	Agaricomycetes	Agaricales	Tricholomataceae	Tricholoma	Tricholoma vaccinum		SPECIES	Tricholoma vaccinum (Schaeff.) P.Kumm.	Tricholoma vaccinum		CA	Quebec, Grondines, Route Guilbault est		PRESENT		ada9d123-ddb4-467d-8891-806ea8d94230	46.62	-72.06							2013-09-25	25	9	2013	5241784	5241784	PRESERVED_SPECIMEN			MQ20-HRL1636-QFB32635		Renee Lebeuf		CC_BY_4_0		Renee Lebeuf			2025-01-18T13:04:53.482Z		GEODETIC_DATUM_ASSUMED_WGS84;CONTINENT_DERIVED_FROM_COORDINATES;TAXON_MATCH_TAXON_CONCEPT_ID_IGNORED;TAXON_MATCH_TAXON_ID_IGNORED
3349397066	d8cd16ba-bb74-4420-821e-083f2bac17c2	MW627937	Fungi	Basidiomycota	Agaricomycetes	Agaricales	Tricholomataceae	Tricholoma	Tricholoma vaccinum		SPECIES	Tricholoma vaccinum (Schaeff.) P.Kumm.	Tricholoma vaccinum		CA	Quebec, La Ferme, Arboretum de Trecesson		PRESENT		ada9d123-ddb4-467d-8891-806ea8d94230	48.59	-78.24							2017-09-12	12	9	2017	5241784	5241784	PRESERVED_SPECIMEN			MQ20-pat12091701		Patrick Poitras		CC_BY_4_0		Patrick Poitras			2025-01-18T13:04:53.455Z		GEODETIC_DATUM_ASSUMED_WGS84;CONTINENT_DERIVED_FROM_COORDINATES;TAXON_MATCH_TAXON_CONCEPT_ID_IGNORED;TAXON_MATCH_TAXON_ID_IGNORED
3019775160	d74890a5-0979-4413-8914-a587e4ece7e7		Fungi	Basidiomycota	Agaricomycetes	Agaricales	Tricholomataceae	Tricholoma	Tricholoma vaccinum		SPECIES	Tricholoma vaccinum (Schaeff.) P.Kumm.	Tricholoma vaccinum (Schaeff.) P. Kumm., 1871		CA	Alma, Alma, Vic. Alma, Fundy Prov. Pk., Dickson Falls Trail		PRESENT		cc483d69-50e9-4463-8eb6-41fc459fa485	45.593611	-64.987778							2013-09-23	23	9	2013	5241784	5241784	MATERIAL_SAMPLE	UTE	TUE	15833	IS1097			CC_BY_NC_4_0		Ronald H. Petersen			2024-07-13T20:32:41.244Z		COORDINATE_ROUNDED;GEODETIC_DATUM_ASSUMED_WGS84;CONTINENT_DERIVED_FROM_COORDINATES
2883235326	50c9509d-22c7-4a22-a47d-8c48425ef4a7	https://www.inaturalist.org/observations/61746444	Fungi	Basidiomycota	Agaricomycetes	Agaricales	Tricholomataceae	Tricholoma	Tricholoma vaccinum		SPECIES	Tricholoma vaccinum (Schaeff.) P.Kumm.	Tricholoma vaccinum		CA		Ontario	PRESENT		28eb1a3f-1c15-4a95-931a-4af90ecb574d	45.54991	-74.41739	177.0						2020-10-04T14:26:27	4	10	2020	5241784	5241784	HUMAN_OBSERVATION	iNaturalist	Observations	61746444		Lynn Ovenden	2020-10-05T02:17:13	CC_BY_NC_4_0	Lynn Ovenden	Lynn Ovenden			2025-01-14T13:58:44.274Z	StillImage	COORDINATE_ROUNDED;CONTINENT_DERIVED_FROM_COORDINATES;TAXON_MATCH_TAXON_ID_IGNORED
2550022413	50c9509d-22c7-4a22-a47d-8c48425ef4a7	https://www.inaturalist.org/observations/8651060	Fungi	Basidiomycota	Agaricomycetes	Agaricales	Tricholomataceae	Tricholoma	Tricholoma vaccinum		SPECIES	Tricholoma vaccinum (Schaeff.) P.Kumm.	Tricholoma vaccinum		CA		Ontario	PRESENT		28eb1a3f-1c15-4a95-931a-4af90ecb574d	45.997724	-77.427761	182.0						2016-10-14T15:58	14	10	2016	5241784	5241784	HUMAN_OBSERVATION	iNaturalist	Observations	8651060		Carl-Adam Wegenschimmel	2017-11-04T03:25:01	CC_BY_NC_4_0	Ryan Leonard	Ryan Leonard			2025-01-14T12:04:11.956Z	StillImage	COORDINATE_ROUNDED;CONTINENT_DERIVED_FROM_COORDINATES;TAXON_MATCH_TAXON_ID_IGNORED
2447947759	50c9509d-22c7-4a22-a47d-8c48425ef4a7	https://www.inaturalist.org/observations/34937868	Fungi	Basidiomycota	Agaricomycetes	Agaricales	Tricholomataceae	Tricholoma	Tricholoma vaccinum		SPECIES	Tricholoma vaccinum (Schaeff.) P.Kumm.	Tricholoma vaccinum		CA		Ontario	PRESENT		28eb1a3f-1c15-4a95-931a-4af90ecb574d	45.362921	-75.528041	56.0						2019-10-26T11:42	26	10	2019	5241784	5241784	HUMAN_OBSERVATION	iNaturalist	Observations	34937868		jonathan_mack	2019-10-26T23:55:19	CC_BY_NC_4_0	jonathan_mack	jonathan_mack			2025-01-14T12:10:42.468Z	StillImage	COORDINATE_ROUNDED;CONTINENT_DERIVED_FROM_COORDINATES;TAXON_MATCH_TAXON_ID_IGNORED
2429592271	50c9509d-22c7-4a22-a47d-8c48425ef4a7	https://www.inaturalist.org/observations/34384079	Fungi	Basidiomycota	Agaricomycetes	Agaricales	Tricholomataceae	Tricholoma	Tricholoma vaccinum		SPECIES	Tricholoma vaccinum (Schaeff.) P.Kumm.	Tricholoma vaccinum		CA		Ontario	PRESENT		28eb1a3f-1c15-4a95-931a-4af90ecb574d	45.199782	-75.058685	878.0						2019-10-14T16:43:26	14	10	2019	5241784	5241784	HUMAN_OBSERVATION	iNaturalist	Observations	34384079		Lynn Ovenden	2019-10-14T22:54:21	CC_BY_NC_4_0	Lynn Ovenden	Lynn Ovenden			2025-01-14T12:59:53.573Z	StillImage	COORDINATE_ROUNDED;CONTINENT_DERIVED_FROM_COORDINATES;TAXON_MATCH_TAXON_ID_IGNORED
2366161128	50c9509d-22c7-4a22-a47d-8c48425ef4a7	https://www.inaturalist.org/observations/9572122	Fungi	Basidiomycota	Agaricomycetes	Agaricales	Tricholomataceae	Tricholoma	Tricholoma vaccinum		SPECIES	Tricholoma vaccinum (Schaeff.) P.Kumm.	Tricholoma vaccinum		CA		Ontario	PRESENT		28eb1a3f-1c15-4a95-931a-4af90ecb574d	45.57675	-78.45745	4046.0						2012-09-24	24	9	2012	5241784	5241784	HUMAN_OBSERVATION	iNaturalist	Observations	9572122		mycowalt	2018-01-23T07:58:16	CC_BY_NC_4_0	mycowalt	mycowalt			2025-01-14T12:04:21.644Z	StillImage	CONTINENT_DERIVED_FROM_COORDINATES;TAXON_MATCH_TAXON_ID_IGNORED
1990340913	032f1fbe-d21f-407d-be46-5cd1bb1ea397	b502e9fb-4cfc-445d-b1a4-187e1042111a	Fungi	Basidiomycota	Agaricomycetes	Agaricales	Tricholomataceae	Tricholoma	Tricholoma vaccinum		SPECIES	Tricholoma vaccinum (Schaeff.) P.Kumm.	Tricholoma vaccinum	(Schaeff.) P. Kumm.	CA	Alma, Vic. Alma, Fundy Prov. Pk., Dickson Falls Trail	New Brunswick	PRESENT		61c539d8-47e0-4b82-875f-b95aad66dcd4	45.593611	-64.987778							2013-09-23	23	9	2013	5241784	5241784	PRESERVED_SPECIMEN	TENN-F		TENN-F-069037	14372	Irja Saar	2018-09-26T00:00:00	CC0_1_0		R.H. Petersen			2025-01-12T10:33:36.246Z	StillImage	COORDINATE_ROUNDED;GEODETIC_DATUM_ASSUMED_WGS84;CONTINENT_DERIVED_FROM_COORDINATES;TAXON_MATCH_TAXON_ID_IGNORED;INSTITUTION_MATCH_NONE
1847646175	50c9509d-22c7-4a22-a47d-8c48425ef4a7	https://www.inaturalist.org/observations/9577799	Fungi	Basidiomycota	Agaricomycetes	Agaricales	Tricholomataceae	Tricholoma	Tricholoma vaccinum		SPECIES	Tricholoma vaccinum (Schaeff.) P.Kumm.	Tricholoma vaccinum		CA		Ontario	PRESENT		28eb1a3f-1c15-4a95-931a-4af90ecb574d	45.69085	-78.32155	84661.0						2014-09-22	22	9	2014	5241784	5241784	HUMAN_OBSERVATION	iNaturalist	Observations	9577799		mycowalt	2018-01-23T19:39:27	CC_BY_NC_4_0	mycowalt	mycowalt			2025-01-14T12:59:29.458Z	StillImage	CONTINENT_DERIVED_FROM_COORDINATES;TAXON_MATCH_TAXON_ID_IGNORED
1847644753	50c9509d-22c7-4a22-a47d-8c48425ef4a7	https://www.inaturalist.org/observations/9572026	Fungi	Basidiomycota	Agaricomycetes	Agaricales	Tricholomataceae	Tricholoma	Tricholoma vaccinum		SPECIES	Tricholoma vaccinum (Schaeff.) P.Kumm.	Tricholoma vaccinum		CA		Ontario	PRESENT		28eb1a3f-1c15-4a95-931a-4af90ecb574d	45.5794	-78.51955	385.0						2012-09-21	21	9	2012	5241784	5241784	HUMAN_OBSERVATION	iNaturalist	Observations	9572026		mycowalt	2018-01-23T07:47:01	CC_BY_NC_4_0	mycowalt	mycowalt			2025-01-14T12:04:34.741Z	StillImage	CONTINENT_DERIVED_FROM_COORDINATES;TAXON_MATCH_TAXON_ID_IGNORED
1807262518	e8a25a42-f125-476c-8554-3ec21cd51a84	ACAD:119201	Fungi	Basidiomycota	Agaricomycetes	Agaricales	Tricholomataceae	Tricholoma	Tricholoma vaccinum		SPECIES	Tricholoma vaccinum (Schaeff.) P.Kumm.	Tricholoma vaccinum		CA	Fredericton	New Brunswick	PRESENT		6491ad8c-8e49-4bd4-a089-0ddb3bbe0890	45.945278	-66.666667							1959-09-06	6	9	1959	5241784	5241784	PRESERVED_SPECIMEN	Acadia University	ACAD	7905F	7905			CC0_1_0	Acadia University	Harrison, KA			2024-01-25T01:37:03.047Z	StillImage	COORDINATE_ROUNDED;GEODETIC_DATUM_INVALID;GEODETIC_DATUM_ASSUMED_WGS84;INSTITUTION_MATCH_FUZZY;COLLECTION_MATCH_FUZZY
1807258788	e8a25a42-f125-476c-8554-3ec21cd51a84	ACAD:115371	Fungi	Basidiomycota	Agaricomycetes	Agaricales	Tricholomataceae	Tricholoma	Tricholoma vaccinum		SPECIES	Tricholoma vaccinum (Schaeff.) P.Kumm.	Tricholoma vaccinum		CA	Glenmont	Nova Scotia	PRESENT		6491ad8c-8e49-4bd4-a089-0ddb3bbe0890	45.18614	-64.50197							1953-10-14	14	10	1953	5241784	5241784	PRESERVED_SPECIMEN	Acadia University	ACAD	2756F	2756			CC0_1_0	Acadia University	Harrison, KA			2024-01-25T01:36:59.135Z	StillImage	GEODETIC_DATUM_INVALID;GEODETIC_DATUM_ASSUMED_WGS84;INSTITUTION_MATCH_FUZZY;COLLECTION_MATCH_FUZZY
1807258734	e8a25a42-f125-476c-8554-3ec21cd51a84	ACAD:115372	Fungi	Basidiomycota	Agaricomycetes	Agaricales	Tricholomataceae	Tricholoma	Tricholoma vaccinum		SPECIES	Tricholoma vaccinum (Schaeff.) P.Kumm.	Tricholoma vaccinum		CA	Glenmont	Nova Scotia	PRESENT		6491ad8c-8e49-4bd4-a089-0ddb3bbe0890	45.18614	-64.50197							1953-10-14	14	10	1953	5241784	5241784	PRESERVED_SPECIMEN	Acadia University	ACAD	2757F	2757			CC0_1_0	Acadia University	Harrison, KA			2024-01-25T01:36:59.138Z	StillImage	GEODETIC_DATUM_INVALID;GEODETIC_DATUM_ASSUMED_WGS84;INSTITUTION_MATCH_FUZZY;COLLECTION_MATCH_FUZZY
1807258667	e8a25a42-f125-476c-8554-3ec21cd51a84	ACAD:115370	Fungi	Basidiomycota	Agaricomycetes	Agaricales	Tricholomataceae	Tricholoma	Tricholoma vaccinum		SPECIES	Tricholoma vaccinum (Schaeff.) P.Kumm.	Tricholoma vaccinum		CA	Glenmont	Nova Scotia	PRESENT		6491ad8c-8e49-4bd4-a089-0ddb3bbe0890	45.18614	-64.50197							1953-09-28	28	9	1953	5241784	5241784	PRESERVED_SPECIMEN	Acadia University	ACAD	2755F	2755			CC0_1_0	Acadia University	Harrison, KA			2024-01-25T01:36:59.135Z	StillImage	GEODETIC_DATUM_INVALID;GEODETIC_DATUM_ASSUMED_WGS84;INSTITUTION_MATCH_FUZZY;COLLECTION_MATCH_FUZZY
1807256431	e8a25a42-f125-476c-8554-3ec21cd51a84	ACAD:112982	Fungi	Basidiomycota	Agaricomycetes	Agaricales	Tricholomataceae	Tricholoma	Tricholoma vaccinum		SPECIES	Agaricus vaccinus Schaeff.	Agaricus vaccinus Schaeff.	Schaeff.	CA	(Kentville)	Nova Scotia	PRESENT		6491ad8c-8e49-4bd4-a089-0ddb3bbe0890	45.07662	-64.49592							1931-10-05	5	10	1931	2531448	5241784	PRESERVED_SPECIMEN	Acadia University	ACAD	518F	518			CC0_1_0	Acadia University	H, KA			2024-01-25T01:37:11.678Z	StillImage	GEODETIC_DATUM_INVALID;GEODETIC_DATUM_ASSUMED_WGS84;TAXON_MATCH_TAXON_ID_IGNORED;INSTITUTION_MATCH_FUZZY;COLLECTION_MATCH_FUZZY
1807256408	e8a25a42-f125-476c-8554-3ec21cd51a84	ACAD:112981	Fungi	Basidiomycota	Agaricomycetes	Agaricales	Tricholomataceae	Tricholoma	Tricholoma vaccinum		SPECIES	Agaricus vaccinus Schaeff.	Agaricus vaccinus Schaeff.	Schaeff.	CA	(Kentville)	Nova Scotia	PRESENT		6491ad8c-8e49-4bd4-a089-0ddb3bbe0890	45.07662	-64.49592							1930-09-30	30	9	1930	2531448	5241784	PRESERVED_SPECIMEN	Acadia University	ACAD	517F	517			CC0_1_0	Acadia University	H, KA			2024-01-25T01:37:11.678Z	StillImage	GEODETIC_DATUM_INVALID;GEODETIC_DATUM_ASSUMED_WGS84;TAXON_MATCH_TAXON_ID_IGNORED;INSTITUTION_MATCH_FUZZY;COLLECTION_MATCH_FUZZY
1807255390	e8a25a42-f125-476c-8554-3ec21cd51a84	ACAD:111999	Fungi	Basidiomycota	Agaricomycetes	Agaricales	Tricholomataceae	Tricholoma	Tricholoma vaccinum		SPECIES	Tricholoma vaccinum (Schaeff.) P.Kumm.	Tricholoma vaccinum		CA	Glenmont	Nova Scotia	PRESENT		6491ad8c-8e49-4bd4-a089-0ddb3bbe0890	45.186393	-64.53464							1951-10-18	18	10	1951	5241784	5241784	PRESERVED_SPECIMEN	Acadia University	ACAD	1683F	1683			CC0_1_0	Acadia University	Harrison, KA			2024-01-25T01:37:06.797Z	StillImage	GEODETIC_DATUM_INVALID;GEODETIC_DATUM_ASSUMED_WGS84;INSTITUTION_MATCH_FUZZY;COLLECTION_MATCH_FUZZY
1412706317	21705170-d2b6-42de-8904-c3bca4b83591	CMMF014764	Fungi	Basidiomycota	Agaricomycetes	Agaricales	Tricholomataceae	Tricholoma	Tricholoma vaccinum		SPECIES	Tricholoma vaccinum (Schaeff.) P.Kumm.	Tricholoma vaccinum (Schaeff.) P. Kumm.	(Schaeff.) P. Kumm.	CA	Chicoutimi, Québec.	Québec	PRESENT		ff7bd5db-b724-4932-b496-10ea298851f9	48.368277	-71.119642	15000.0						1983-10-02	2	10	1983	5241784	5241784	PRESERVED_SPECIMEN	Université de Montréal Biodiversity Centre	CMMF	CMMF014764	1530	Guérin, Gérard		CC0_1_0	Université de Montréal Biodiversity Centre	Guérin, Gérard			2024-01-24T16:38:20.527Z	StillImage	INSTITUTION_MATCH_FUZZY;COLLECTION_MATCH_FUZZY;DIFFERENT_OWNER_INSTITUTION
1412706313	21705170-d2b6-42de-8904-c3bca4b83591	CMMF014766	Fungi	Basidiomycota	Agaricomycetes	Agaricales	Tricholomataceae	Tricholoma	Tricholoma vaccinum		SPECIES	Tricholoma vaccinum (Schaeff.) P.Kumm.	Tricholoma vaccinum (Schaeff.) P. Kumm.	(Schaeff.) P. Kumm.	CA	Shipshaw, Québec.	Québec	PRESENT		ff7bd5db-b724-4932-b496-10ea298851f9	48.466834	-71.263421	2500.0						1987-09-27	27	9	1987	5241784	5241784	PRESERVED_SPECIMEN	Université de Montréal Biodiversity Centre	CMMF	CMMF014766	1531	Guérin, Gérard		CC0_1_0	Université de Montréal Biodiversity Centre	Guérin, Gérard			2024-01-24T16:38:20.527Z	StillImage	INSTITUTION_MATCH_FUZZY;COLLECTION_MATCH_FUZZY;DIFFERENT_OWNER_INSTITUTION
1412706300	21705170-d2b6-42de-8904-c3bca4b83591	CMMF014767	Fungi	Basidiomycota	Agaricomycetes	Agaricales	Tricholomataceae	Tricholoma	Tricholoma vaccinum		SPECIES	Tricholoma vaccinum (Schaeff.) P.Kumm.	Tricholoma vaccinum (Schaeff.) P. Kumm.	(Schaeff.) P. Kumm.	CA	Shipshaw, Québec.	Québec	PRESENT		ff7bd5db-b724-4932-b496-10ea298851f9	48.466834	-71.263421	2500.0						1989-10-01	1	10	1989	5241784	5241784	PRESERVED_SPECIMEN	Université de Montréal Biodiversity Centre	CMMF	CMMF014767	2534	Guérin, Gérard		CC0_1_0	Université de Montréal Biodiversity Centre	Guérin, Gérard			2024-01-24T16:38:20.536Z	StillImage	INSTITUTION_MATCH_FUZZY;COLLECTION_MATCH_FUZZY;DIFFERENT_OWNER_INSTITUTION
1412706255	21705170-d2b6-42de-8904-c3bca4b83591	CMMF014765	Fungi	Basidiomycota	Agaricomycetes	Agaricales	Tricholomataceae	Tricholoma	Tricholoma vaccinum		SPECIES	Tricholoma vaccinum (Schaeff.) P.Kumm.	Tricholoma vaccinum (Schaeff.) P. Kumm.	(Schaeff.) P. Kumm.	CA	Anse-à-Peltier, Québec.	Québec	PRESENT		ff7bd5db-b724-4932-b496-10ea298851f9	48.423275	-70.739032	7000.0						1995-09-30	30	9	1995	5241784	5241784	PRESERVED_SPECIMEN	Université de Montréal Biodiversity Centre	CMMF	CMMF014765	2535	Guérin, Gérard		CC0_1_0	Université de Montréal Biodiversity Centre	Guérin, Gérard			2024-01-24T16:38:20.529Z		INSTITUTION_MATCH_FUZZY;COLLECTION_MATCH_FUZZY;DIFFERENT_OWNER_INSTITUTION
1135070753	21705170-d2b6-42de-8904-c3bca4b83591	CMMF009323	Fungi	Basidiomycota	Agaricomycetes	Agaricales	Tricholomataceae	Tricholoma	Tricholoma vaccinum		SPECIES	Tricholoma vaccinum (Schaeff.) P.Kumm.	Tricholoma vaccinum (Schaeff.) P. Kumm.	(Schaeff.) P. Kumm.	CA	Pinède Rourke, Lac-Beauport.	Québec	PRESENT		ff7bd5db-b724-4932-b496-10ea298851f9	46.953091	-71.306427	5000.0						2006-10-02	2	10	2006	5241784	5241784	PRESERVED_SPECIMEN	Université de Montréal Biodiversity Centre	CMMF	CMMF009323	907	Labrecque, Jacqueline		CC0_1_0	Université de Montréal Biodiversity Centre	Labrecque, Jacqueline			2024-01-24T16:38:21.581Z		INSTITUTION_MATCH_FUZZY;COLLECTION_MATCH_FUZZY;DIFFERENT_OWNER_INSTITUTION
1135069500	21705170-d2b6-42de-8904-c3bca4b83591	CMMF007998	Fungi	Basidiomycota	Agaricomycetes	Agaricales	Tricholomataceae	Tricholoma	Tricholoma vaccinum		SPECIES	Tricholoma vaccinum (Schaeff.) P.Kumm.	Tricholoma vaccinum (Schaeff.) P. Kumm.	(Schaeff.) P. Kumm.	CA	Montmagny	Québec	PRESENT		ff7bd5db-b724-4932-b496-10ea298851f9	46.876667	-70.432917	100.0						2004-10-04	4	10	2004	5241784	5241784	PRESERVED_SPECIMEN	Université de Montréal Biodiversity Centre	CMMF	CMMF007998	C2089	McNeil, Raymond		CC0_1_0	Université de Montréal Biodiversity Centre	McNeil, Raymond			2024-01-24T16:38:15.665Z	StillImage	COORDINATE_ROUNDED;INSTITUTION_MATCH_FUZZY;COLLECTION_MATCH_FUZZY;DIFFERENT_OWNER_INSTITUTION
1135069408	21705170-d2b6-42de-8904-c3bca4b83591	CMMF008013	Fungi	Basidiomycota	Agaricomycetes	Agaricales	Tricholomataceae	Tricholoma	Tricholoma vaccinum		SPECIES	Tricholoma vaccinum (Schaeff.) P.Kumm.	Tricholoma vaccinum (Schaeff.) P. Kumm.	(Schaeff.) P. Kumm.	CA	Chertsey	Québec	PRESENT		ff7bd5db-b724-4932-b496-10ea298851f9	46.121667	-73.873333	100.0						2006-09-24	24	9	2006	5241784	5241784	PRESERVED_SPECIMEN	Université de Montréal Biodiversity Centre	CMMF	CMMF008013	Inexistant	McNeil, Raymond		CC0_1_0	Université de Montréal Biodiversity Centre	McNeil, Raymond			2024-01-24T16:38:18.073Z	StillImage	COORDINATE_ROUNDED;INSTITUTION_MATCH_FUZZY;COLLECTION_MATCH_FUZZY;DIFFERENT_OWNER_INSTITUTION
1135069230	21705170-d2b6-42de-8904-c3bca4b83591	CMMF007786	Fungi	Basidiomycota	Agaricomycetes	Agaricales	Tricholomataceae	Tricholoma	Tricholoma vaccinum		SPECIES	Tricholoma vaccinum (Schaeff.) P.Kumm.	Tricholoma vaccinum (Schaeff.) P. Kumm.	(Schaeff.) P. Kumm.	CA	St-Élie-de-Caxton	Québec	PRESENT		ff7bd5db-b724-4932-b496-10ea298851f9	46.4922	-72.9619	100.0						1981-09-26	26	9	1981	5241784	5241784	PRESERVED_SPECIMEN	Université de Montréal Biodiversity Centre	CMMF	CMMF007786	1342	McNeil, Raymond		CC0_1_0	Université de Montréal Biodiversity Centre	McNeil, Raymond			2024-01-24T16:38:16.161Z	StillImage	INSTITUTION_MATCH_FUZZY;COLLECTION_MATCH_FUZZY;DIFFERENT_OWNER_INSTITUTION
1135069137	21705170-d2b6-42de-8904-c3bca4b83591	CMMF007697	Fungi	Basidiomycota	Agaricomycetes	Agaricales	Tricholomataceae	Tricholoma	Tricholoma vaccinum		SPECIES	Tricholoma vaccinum (Schaeff.) P.Kumm.	Tricholoma vaccinum (Schaeff.) P. Kumm.	(Schaeff.) P. Kumm.	CA	Sainte-Béatrix	Québec	PRESENT		ff7bd5db-b724-4932-b496-10ea298851f9	46.191667	-73.614167	100.0						1981-09-13	13	9	1981	5241784	5241784	PRESERVED_SPECIMEN	Université de Montréal Biodiversity Centre	CMMF	CMMF007697	1309	McNeil, Raymond		CC0_1_0	Université de Montréal Biodiversity Centre	McNeil, Raymond			2024-01-24T16:38:16.088Z	StillImage	COORDINATE_ROUNDED;INSTITUTION_MATCH_FUZZY;COLLECTION_MATCH_FUZZY;DIFFERENT_OWNER_INSTITUTION
1135068806	21705170-d2b6-42de-8904-c3bca4b83591	CMMF007331	Fungi	Basidiomycota	Agaricomycetes	Agaricales	Tricholomataceae	Tricholoma	Tricholoma vaccinum		SPECIES	Tricholoma vaccinum (Schaeff.) P.Kumm.	Tricholoma vaccinum (Schaeff.) P. Kumm.	(Schaeff.) P. Kumm.	CA	La Plaine	Québec	PRESENT		ff7bd5db-b724-4932-b496-10ea298851f9	45.808333	-73.780833	100.0						2009-10-21	21	10	2009	5241784	5241784	PRESERVED_SPECIMEN	Université de Montréal Biodiversity Centre	CMMF	CMMF007331	C3611	McNeil, Raymond		CC0_1_0	Université de Montréal Biodiversity Centre	McNeil, Raymond			2024-01-24T16:38:21.435Z	StillImage	COORDINATE_ROUNDED;INSTITUTION_MATCH_FUZZY;COLLECTION_MATCH_FUZZY;DIFFERENT_OWNER_INSTITUTION
1135068716	21705170-d2b6-42de-8904-c3bca4b83591	CMMF007298	Fungi	Basidiomycota	Agaricomycetes	Agaricales	Tricholomataceae	Tricholoma	Tricholoma vaccinum		SPECIES	Tricholoma vaccinum (Schaeff.) P.Kumm.	Tricholoma vaccinum (Schaeff.) P. Kumm.	(Schaeff.) P. Kumm.	CA	St-Michel-de-Wentworth	Québec	PRESENT		ff7bd5db-b724-4932-b496-10ea298851f9	45.75925	-74.483883	100.0						1979-09-22	22	9	1979	5241784	5241784	PRESERVED_SPECIMEN	Université de Montréal Biodiversity Centre	CMMF	CMMF007298	478	McNeil, Raymond		CC0_1_0	Université de Montréal Biodiversity Centre	McNeil, Raymond			2024-01-24T16:38:21.250Z	StillImage	COORDINATE_ROUNDED;INSTITUTION_MATCH_FUZZY;COLLECTION_MATCH_FUZZY;DIFFERENT_OWNER_INSTITUTION
1135068255	21705170-d2b6-42de-8904-c3bca4b83591	CMMF006731	Fungi	Basidiomycota	Agaricomycetes	Agaricales	Tricholomataceae	Tricholoma	Tricholoma vaccinum		SPECIES	Tricholoma vaccinum (Schaeff.) P.Kumm.	Tricholoma vaccinum (Schaeff.) P. Kumm.	(Schaeff.) P. Kumm.	CA	Montréal (Jardin botanique de Montréal, près de Maison des Arbres)	Québec	PRESENT		ff7bd5db-b724-4932-b496-10ea298851f9	45.563783	-73.569517	100.0						2010-10-19	19	10	2010	5241784	5241784	PRESERVED_SPECIMEN	Université de Montréal Biodiversity Centre	CMMF	CMMF006731	C3805	McNeil, Raymond		CC0_1_0	Université de Montréal Biodiversity Centre	McNeil, Raymond			2024-01-24T16:38:18.544Z	StillImage	COORDINATE_ROUNDED;INSTITUTION_MATCH_FUZZY;COLLECTION_MATCH_FUZZY;DIFFERENT_OWNER_INSTITUTION
1135066795	21705170-d2b6-42de-8904-c3bca4b83591	CMMF010206	Fungi	Basidiomycota	Agaricomycetes	Agaricales	Tricholomataceae	Tricholoma	Tricholoma vaccinum		SPECIES	Tricholoma vaccinum (Schaeff.) P.Kumm.	Tricholoma vaccinum (Schaeff.) P. Kumm.	(Schaeff.) P. Kumm.	CA	Le Saisonnier, Lac-Beauport.	Québec	PRESENT		ff7bd5db-b724-4932-b496-10ea298851f9	46.96324	-71.303223	5000.0						2007-10-11	11	10	2007	5241784	5241784	PRESERVED_SPECIMEN	Université de Montréal Biodiversity Centre	CMMF	CMMF010206	1792	Labrecque, Jacqueline		CC0_1_0	Université de Montréal Biodiversity Centre	Labrecque, Jacqueline			2024-01-24T16:38:21.494Z		INSTITUTION_MATCH_FUZZY;COLLECTION_MATCH_FUZZY;DIFFERENT_OWNER_INSTITUTION
1135066785	21705170-d2b6-42de-8904-c3bca4b83591	CMMF010235	Fungi	Basidiomycota	Agaricomycetes	Agaricales	Tricholomataceae	Tricholoma	Tricholoma vaccinum		SPECIES	Tricholoma vaccinum (Schaeff.) P.Kumm.	Tricholoma vaccinum (Schaeff.) P. Kumm.	(Schaeff.) P. Kumm.	CA	Sainte-Brigitte-de-Laval.	Québec	PRESENT		ff7bd5db-b724-4932-b496-10ea298851f9	47.002354	-71.193781	2000.0						2007-10-15	15	10	2007	5241784	5241784	PRESERVED_SPECIMEN	Université de Montréal Biodiversity Centre	CMMF	CMMF010235	1821	Labrecque, Jacqueline		CC0_1_0	Université de Montréal Biodiversity Centre	Labrecque, Jacqueline			2024-01-24T16:38:21.504Z		INSTITUTION_MATCH_FUZZY;COLLECTION_MATCH_FUZZY;DIFFERENT_OWNER_INSTITUTION
1135066696	21705170-d2b6-42de-8904-c3bca4b83591	CMMF010117	Fungi	Basidiomycota	Agaricomycetes	Agaricales	Tricholomataceae	Tricholoma	Tricholoma vaccinum		SPECIES	Tricholoma vaccinum (Schaeff.) P.Kumm.	Tricholoma vaccinum (Schaeff.) P. Kumm.	(Schaeff.) P. Kumm.	CA	École Montagnac, Lac-Beauport.	Québec	PRESENT		ff7bd5db-b724-4932-b496-10ea298851f9	46.946241	-71.297755	400.0						2007-09-29	29	9	2007	5241784	5241784	PRESERVED_SPECIMEN	Université de Montréal Biodiversity Centre	CMMF	CMMF010117	1703	Labrecque, Jacqueline		CC0_1_0	Université de Montréal Biodiversity Centre	Labrecque, Jacqueline			2024-01-24T16:38:20.233Z		INSTITUTION_MATCH_FUZZY;COLLECTION_MATCH_FUZZY;DIFFERENT_OWNER_INSTITUTION
1135066589	21705170-d2b6-42de-8904-c3bca4b83591	CMMF010009	Fungi	Basidiomycota	Agaricomycetes	Agaricales	Tricholomataceae	Tricholoma	Tricholoma vaccinum		SPECIES	Tricholoma vaccinum (Schaeff.) P.Kumm.	Tricholoma vaccinum (Schaeff.) P. Kumm.	(Schaeff.) P. Kumm.	CA	Réserve Tantaré, Stoneham. Récolte autorisée pour fin d'inventaire (étude).	Québec	PRESENT		ff7bd5db-b724-4932-b496-10ea298851f9	47.069562	-71.537331	2000.0						2007-09-16	16	9	2007	5241784	5241784	PRESERVED_SPECIMEN	Université de Montréal Biodiversity Centre	CMMF	CMMF010009	1594	Labrecque, Jacqueline		CC0_1_0	Université de Montréal Biodiversity Centre	Labrecque, Jacqueline			2024-01-24T16:38:20.153Z		INSTITUTION_MATCH_FUZZY;COLLECTION_MATCH_FUZZY;DIFFERENT_OWNER_INSTITUTION
