gbifID	datasetKey	occurrenceID	kingdom	phylum	class	order	family	genus	species	infraspecificEpithet	taxonRank	scientificName	verbatimScientificName	verbatimScientificNameAuthorship	countryCode	locality	stateProvince	occurrenceStatus	individualCount	publishingOrgKey	decimalLatitude	decimalLongitude	coordinateUncertaintyInMeters	coordinatePrecision	elevation	elevationAccuracy	depth	depthAccuracy	eventDate	day	month	year	taxonKey	speciesKey	basisOfRecord	institutionCode	collectionCode	catalogNumber	recordNumber	identifiedBy	dateIdentified	license	rightsHolder	recordedBy	typeStatus	establishmentMeans	lastInterpreted	mediaType	issue
727874980	d7cfd2ed-8af4-427f-a16e-eb66b7e2c419	14206	Fungi	Basidiomycota	Agaricomycetes	Agaricales	Amanitaceae	Amanita	Amanita brunnescens		SPECIES	Amanita brunnescens G.F.Atk.	Amanita brunnescens G.F. Atk.	G.F. Atk.	CA	Purbrook	Ontario	PRESENT		ff418020-1d67-11d9-8435-b8a03c50a862	45.03156	-79.14979	750.0						1956-09-02	2	9	1956	5240302	5240302	PRESERVED_SPECIMEN	Royal Ontario Museum	TRTC	TRTC032775		Cain, R.F.		CC0_1_0	Royal Ontario Museum	Cain, R.F.			2024-01-25T00:59:40.379Z		AMBIGUOUS_INSTITUTION
694157041	d7cfd2ed-8af4-427f-a16e-eb66b7e2c419	14205	Fungi	Basidiomycota	Agaricomycetes	Agaricales	Amanitaceae	Amanita	Amanita brunnescens		SPECIES	Amanita brunnescens G.F.Atk.	Amanita brunnescens G.F. Atk.	G.F. Atk.	CA	University of Toronto Forest	Ontario	PRESENT		ff418020-1d67-11d9-8435-b8a03c50a862	45.183005	-78.85025	7575.0						1965-09-15	15	9	1965	5240302	5240302	PRESERVED_SPECIMEN	Royal Ontario Museum	TRTC	TRTC042863		Cain, R.F.		CC0_1_0	Royal Ontario Museum	Cain, R.F.			2024-01-25T00:59:40.380Z		COORDINATE_ROUNDED;AMBIGUOUS_INSTITUTION
694157040	d7cfd2ed-8af4-427f-a16e-eb66b7e2c419	14204	Fungi	Basidiomycota	Agaricomycetes	Agaricales	Amanitaceae	Amanita	Amanita brunnescens		SPECIES	Amanita brunnescens G.F.Atk.	Amanita brunnescens G.F. Atk.	G.F. Atk.	CA	University of Toronto Forest	Ontario	PRESENT		ff418020-1d67-11d9-8435-b8a03c50a862	45.183005	-78.85025	7575.0						1965-09-15	15	9	1965	5240302	5240302	PRESERVED_SPECIMEN	Royal Ontario Museum	TRTC	TRTC044765		Cain, R.F.		CC0_1_0	Royal Ontario Museum	Cain, R.F.			2024-01-25T00:59:40.378Z		COORDINATE_ROUNDED;AMBIGUOUS_INSTITUTION
694157014	d7cfd2ed-8af4-427f-a16e-eb66b7e2c419	14091	Fungi	Basidiomycota	Agaricomycetes	Agaricales	Amanitaceae	Amanita	Amanita brunnescens		SPECIES	Amanita brunnescens G.F.Atk.	Amanita brunnescens G.F. Atk.	G.F. Atk.	CA	Algonquin Provincial Park	Ontario	PRESENT		ff418020-1d67-11d9-8435-b8a03c50a862	45.759859	-78.376465	67511.0						2007-10-01	1	10	2007	5240302	5240302	PRESERVED_SPECIMEN	Royal Ontario Museum	TRTC	TRTC156910	ALG07_86			CC0_1_0	Royal Ontario Museum	Maryna Didukh; Dentiger Bryn			2024-01-25T00:59:39.628Z	StillImage	COORDINATE_ROUNDED;AMBIGUOUS_INSTITUTION
617555639	21705170-d2b6-42de-8904-c3bca4b83591	CMMF000090	Fungi	Basidiomycota	Agaricomycetes	Agaricales	Amanitaceae	Amanita	Amanita brunnescens		SPECIES	Amanita brunnescens G.F.Atk.	Amanita brunnescens G.F. Atk.	G.F. Atk.	CA	Saint-Joseph-du-Lac	Québec	PRESENT		ff7bd5db-b724-4932-b496-10ea298851f9	45.534465	-74.013251	5000.0						1988-07-23	23	7	1988	5240302	5240302	PRESERVED_SPECIMEN	Université de Montréal Biodiversity Centre	CMMF	CMMF000090		Lamoureux, Yves		CC0_1_0	Université de Montréal Biodiversity Centre	Lamoureux, Yves			2024-01-24T16:38:20.618Z	StillImage	INSTITUTION_MATCH_FUZZY;COLLECTION_MATCH_FUZZY;DIFFERENT_OWNER_INSTITUTION
617555187	21705170-d2b6-42de-8904-c3bca4b83591	CMMF000694	Fungi	Basidiomycota	Agaricomycetes	Agaricales	Amanitaceae	Amanita	Amanita brunnescens		SPECIES	Amanita brunnescens G.F.Atk.	Amanita brunnescens G.F. Atk.	G.F. Atk.	CA	Contrecoeur	Québec	PRESENT		ff7bd5db-b724-4932-b496-10ea298851f9	45.876777	-73.209987	12000.0						1989-08-27	27	8	1989	5240302	5240302	PRESERVED_SPECIMEN	Université de Montréal Biodiversity Centre	CMMF	CMMF000694		Lamoureux, Yves		CC0_1_0	Université de Montréal Biodiversity Centre	unknown			2024-01-24T16:38:20.134Z	StillImage	INSTITUTION_MATCH_FUZZY;COLLECTION_MATCH_FUZZY;DIFFERENT_OWNER_INSTITUTION
617554961	21705170-d2b6-42de-8904-c3bca4b83591	CMMF000595	Fungi	Basidiomycota	Agaricomycetes	Agaricales	Amanitaceae	Amanita	Amanita brunnescens	pallida	VARIETY	Amanita brunnescens var. pallida L.Krieg.	Amanita brunnescens var. pallida L. Krieg.	L. Krieg.	CA	Mirabel	Québec	PRESENT		ff7bd5db-b724-4932-b496-10ea298851f9	45.659599	-74.064294	18500.0						1989-07-22	22	7	1989	5451848	5240302	PRESERVED_SPECIMEN	Université de Montréal Biodiversity Centre	CMMF	CMMF000595		Lamoureux, Yves		CC0_1_0	Université de Montréal Biodiversity Centre	Lamoureux, Yves			2024-01-24T16:38:20.078Z	StillImage	INSTITUTION_MATCH_FUZZY;COLLECTION_MATCH_FUZZY;DIFFERENT_OWNER_INSTITUTION
617553356	21705170-d2b6-42de-8904-c3bca4b83591	CMMF003562	Fungi	Basidiomycota	Agaricomycetes	Agaricales	Amanitaceae	Amanita	Amanita brunnescens		SPECIES	Amanita brunnescens G.F.Atk.	Amanita brunnescens G.F. Atk.	G.F. Atk.	CA	Sainte-Julienne	Québec	PRESENT		ff7bd5db-b724-4932-b496-10ea298851f9	45.964758	-73.7201	8500.0						2001-07-21	21	7	2001	5240302	5240302	PRESERVED_SPECIMEN	Université de Montréal Biodiversity Centre	CMMF	CMMF003562		Lamoureux, Yves		CC0_1_0	Université de Montréal Biodiversity Centre	Lamoureux, Yves			2024-01-24T16:38:16.239Z	StillImage	INSTITUTION_MATCH_FUZZY;COLLECTION_MATCH_FUZZY;DIFFERENT_OWNER_INSTITUTION
617551771	21705170-d2b6-42de-8904-c3bca4b83591	CMMF002853	Fungi	Basidiomycota	Agaricomycetes	Agaricales	Amanitaceae	Amanita	Amanita brunnescens	pallida	VARIETY	Amanita brunnescens var. pallida L.Krieg.	Amanita brunnescens var. pallida L. Krieg.	L. Krieg.	CA	Mt Orford	Québec	PRESENT		ff7bd5db-b724-4932-b496-10ea298851f9	45.340394	-72.208677	6500.0						1996-07-29	29	7	1996	5451848	5240302	PRESERVED_SPECIMEN	Université de Montréal Biodiversity Centre	CMMF	CMMF002853		Lamoureux, Yves		CC0_1_0	Université de Montréal Biodiversity Centre	Lamoureux, Yves			2024-01-24T16:38:20.641Z	StillImage	INSTITUTION_MATCH_FUZZY;COLLECTION_MATCH_FUZZY;DIFFERENT_OWNER_INSTITUTION
617549125	21705170-d2b6-42de-8904-c3bca4b83591	CMMF001706	Fungi	Basidiomycota	Agaricomycetes	Agaricales	Amanitaceae	Amanita	Amanita brunnescens	pallida	VARIETY	Amanita brunnescens var. pallida L.Krieg.	Amanita brunnescens var. pallida L. Krieg.	L. Krieg.	CA	Terrebonne	Québec	PRESENT		ff7bd5db-b724-4932-b496-10ea298851f9	45.70036	-73.637796	5000.0						1992-07-29	29	7	1992	5451848	5240302	PRESERVED_SPECIMEN	Université de Montréal Biodiversity Centre	CMMF	CMMF001706		Lamoureux, Yves		CC0_1_0	Université de Montréal Biodiversity Centre	Lamoureux, Yves			2024-01-24T16:38:17.211Z	StillImage	INSTITUTION_MATCH_FUZZY;COLLECTION_MATCH_FUZZY;DIFFERENT_OWNER_INSTITUTION
4952742749	50c9509d-22c7-4a22-a47d-8c48425ef4a7	https://www.inaturalist.org/observations/135376329	Fungi	Basidiomycota	Agaricomycetes	Agaricales	Amanitaceae	Amanita	Amanita brunnescens		SPECIES	Amanita brunnescens G.F.Atk.	Amanita brunnescens		CA		Nova Scotia	PRESENT		28eb1a3f-1c15-4a95-931a-4af90ecb574d	45.072532	-64.527885	27222.0						2022-09-10T17:01:07	10	9	2022	5240302	5240302	HUMAN_OBSERVATION	iNaturalist	Observations	135376329		Thomas M	2022-09-17T14:46:55	CC_BY_NC_4_0	Thomas M	Thomas M			2025-01-14T12:32:03.865Z	StillImage	COORDINATE_ROUNDED;CONTINENT_DERIVED_FROM_COORDINATES;TAXON_MATCH_TAXON_ID_IGNORED
4946377784	50c9509d-22c7-4a22-a47d-8c48425ef4a7	https://www.inaturalist.org/observations/241988179	Fungi	Basidiomycota	Agaricomycetes	Agaricales	Amanitaceae	Amanita	Amanita brunnescens		SPECIES	Amanita brunnescens G.F.Atk.	Amanita brunnescens		CA		Québec	PRESENT		28eb1a3f-1c15-4a95-931a-4af90ecb574d	45.91803	-74.05513	34.0						2024-09-15T12:44:54	15	9	2024	5240302	5240302	HUMAN_OBSERVATION	iNaturalist	Observations	241988179		timfoster	2024-09-15T23:44:55	CC_BY_NC_4_0	timfoster	timfoster			2025-01-14T12:54:20.306Z	StillImage	COORDINATE_ROUNDED;CONTINENT_DERIVED_FROM_COORDINATES;TAXON_MATCH_TAXON_ID_IGNORED
4936061763	50c9509d-22c7-4a22-a47d-8c48425ef4a7	https://www.inaturalist.org/observations/238854256	Fungi	Basidiomycota	Agaricomycetes	Agaricales	Amanitaceae	Amanita	Amanita brunnescens		SPECIES	Amanita brunnescens G.F.Atk.	Amanita brunnescens		CA		Ontario	PRESENT		28eb1a3f-1c15-4a95-931a-4af90ecb574d	45.195314	-79.113057	27222.0						2024-08-30T10:28	30	8	2024	5240302	5240302	HUMAN_OBSERVATION	iNaturalist	Observations	238854256		Peter Jessen	2024-08-30T22:02:38	CC_BY_NC_4_0	Peter Jessen	Peter Jessen			2025-01-14T12:53:24.039Z	StillImage	COORDINATE_ROUNDED;CONTINENT_DERIVED_FROM_COORDINATES;TAXON_MATCH_TAXON_ID_IGNORED
4925987225	50c9509d-22c7-4a22-a47d-8c48425ef4a7	https://www.inaturalist.org/observations/235894671	Fungi	Basidiomycota	Agaricomycetes	Agaricales	Amanitaceae	Amanita	Amanita brunnescens		SPECIES	Amanita brunnescens G.F.Atk.	Amanita brunnescens		CA		Québec	PRESENT		28eb1a3f-1c15-4a95-931a-4af90ecb574d	45.601547	-76.187872	15.0						2024-08-12T19:22	12	8	2024	5240302	5240302	HUMAN_OBSERVATION	iNaturalist	Observations	235894671		Alexis Tinker-Tsavalas	2024-08-15T12:41:04	CC_BY_4_0	Alexis Tinker-Tsavalas	Alexis Tinker-Tsavalas			2025-01-14T12:51:51.959Z	StillImage	COORDINATE_ROUNDED;CONTINENT_DERIVED_FROM_COORDINATES;TAXON_MATCH_TAXON_ID_IGNORED
4924015397	50c9509d-22c7-4a22-a47d-8c48425ef4a7	https://www.inaturalist.org/observations/230581979	Fungi	Basidiomycota	Agaricomycetes	Agaricales	Amanitaceae	Amanita	Amanita brunnescens		SPECIES	Amanita brunnescens G.F.Atk.	Amanita brunnescens		CA		Québec	PRESENT		28eb1a3f-1c15-4a95-931a-4af90ecb574d	46.054073	-74.246263	37.0						2024-07-20T15:34:46	20	7	2024	5240302	5240302	HUMAN_OBSERVATION	iNaturalist	Observations	230581979		louschraeder	2024-07-20T20:17:46	CC_BY_NC_4_0	louschraeder	louschraeder			2025-01-14T13:33:56.677Z	StillImage	COORDINATE_ROUNDED;CONTINENT_DERIVED_FROM_COORDINATES;TAXON_MATCH_TAXON_ID_IGNORED
4923799291	50c9509d-22c7-4a22-a47d-8c48425ef4a7	https://www.inaturalist.org/observations/233855668	Fungi	Basidiomycota	Agaricomycetes	Agaricales	Amanitaceae	Amanita	Amanita brunnescens		SPECIES	Amanita brunnescens G.F.Atk.	Amanita brunnescens		CA		Ontario	PRESENT		28eb1a3f-1c15-4a95-931a-4af90ecb574d	45.406364	-75.543901	44.0						2024-08-04T14:04	4	8	2024	5240302	5240302	HUMAN_OBSERVATION	iNaturalist	Observations	233855668		jonathan_mack	2024-08-05T01:47:14	CC_BY_NC_4_0	jonathan_mack	jonathan_mack			2025-01-14T13:42:33.850Z	StillImage	COORDINATE_ROUNDED;CONTINENT_DERIVED_FROM_COORDINATES;TAXON_MATCH_TAXON_ID_IGNORED
4923709473	50c9509d-22c7-4a22-a47d-8c48425ef4a7	https://www.inaturalist.org/observations/231574034	Fungi	Basidiomycota	Agaricomycetes	Agaricales	Amanitaceae	Amanita	Amanita brunnescens		SPECIES	Amanita brunnescens G.F.Atk.	Amanita brunnescens		CA		New Brunswick	PRESENT		28eb1a3f-1c15-4a95-931a-4af90ecb574d	46.015283	-66.625244	230.0						2024-07-23T05:10	23	7	2024	5240302	5240302	HUMAN_OBSERVATION	iNaturalist	Observations	231574034		flightmom	2024-07-25T08:11:15	CC_BY_NC_4_0	flightmom	flightmom			2025-01-14T13:43:05.357Z	StillImage	COORDINATE_ROUNDED;CONTINENT_DERIVED_FROM_COORDINATES;TAXON_MATCH_TAXON_ID_IGNORED
4923579857	50c9509d-22c7-4a22-a47d-8c48425ef4a7	https://www.inaturalist.org/observations/231676670	Fungi	Basidiomycota	Agaricomycetes	Agaricales	Amanitaceae	Amanita	Amanita brunnescens		SPECIES	Amanita brunnescens G.F.Atk.	Amanita brunnescens		CA		New Brunswick	PRESENT		28eb1a3f-1c15-4a95-931a-4af90ecb574d	46.817631	-64.960853	29.0						2024-07-24T12:30	24	7	2024	5240302	5240302	HUMAN_OBSERVATION	iNaturalist	Observations	231676670		Alfredo Justo	2024-07-25T19:05:58	CC_BY_NC_4_0	Alfredo Justo	Alfredo Justo			2025-01-14T12:50:01.793Z	StillImage	COORDINATE_ROUNDED;CONTINENT_DERIVED_FROM_COORDINATES;TAXON_MATCH_TAXON_ID_IGNORED
4921995251	50c9509d-22c7-4a22-a47d-8c48425ef4a7	https://www.inaturalist.org/observations/232807623	Fungi	Basidiomycota	Agaricomycetes	Agaricales	Amanitaceae	Amanita	Amanita brunnescens		SPECIES	Amanita brunnescens G.F.Atk.	Amanita brunnescens		CA		Québec	PRESENT		28eb1a3f-1c15-4a95-931a-4af90ecb574d	45.872811	-76.4339	501.0						2024-07-25T09:41	25	7	2024	5240302	5240302	HUMAN_OBSERVATION	iNaturalist	Observations	232807623		L Joan Heyding	2024-07-31T00:39:59	CC_BY_NC_4_0	L Joan Heyding	L Joan Heyding			2025-01-14T12:52:32.569Z	StillImage	COORDINATE_ROUNDED;CONTINENT_DERIVED_FROM_COORDINATES;TAXON_MATCH_TAXON_ID_IGNORED
4921587928	50c9509d-22c7-4a22-a47d-8c48425ef4a7	https://www.inaturalist.org/observations/59510608	Fungi	Basidiomycota	Agaricomycetes	Agaricales	Amanitaceae	Amanita	Amanita brunnescens	pallida	VARIETY	Amanita brunnescens var. pallida L.Krieg.	Amanita brunnescens pallida		CA		Québec	PRESENT		28eb1a3f-1c15-4a95-931a-4af90ecb574d	46.835712	-79.195625	4.0						2020-09-12T11:42:46	12	9	2020	5451848	5240302	HUMAN_OBSERVATION	iNaturalist	Observations	59510608		Jonathan Jensen-Lynch	2024-08-06T02:01:44	CC_BY_NC_4_0	Jonathan Fréchette	Jonathan Fréchette			2025-01-14T13:05:53.615Z	StillImage	COORDINATE_ROUNDED;CONTINENT_DERIVED_FROM_COORDINATES;TAXON_MATCH_TAXON_ID_IGNORED
4919696372	50c9509d-22c7-4a22-a47d-8c48425ef4a7	https://www.inaturalist.org/observations/232564875	Fungi	Basidiomycota	Agaricomycetes	Agaricales	Amanitaceae	Amanita	Amanita brunnescens		SPECIES	Amanita brunnescens G.F.Atk.	Amanita brunnescens		CA		Québec	PRESENT		28eb1a3f-1c15-4a95-931a-4af90ecb574d	45.393367	-72.172927	11929.0						2024-07-21T10:10:16	21	7	2024	5240302	5240302	HUMAN_OBSERVATION	iNaturalist	Observations	232564875		egrenier	2024-07-29T20:29:47	CC_BY_NC_4_0	egrenier	egrenier			2025-01-14T13:38:48.106Z	StillImage	CONTINENT_DERIVED_FROM_COORDINATES;TAXON_MATCH_TAXON_ID_IGNORED
4919638566	50c9509d-22c7-4a22-a47d-8c48425ef4a7	https://www.inaturalist.org/observations/231659639	Fungi	Basidiomycota	Agaricomycetes	Agaricales	Amanitaceae	Amanita	Amanita brunnescens		SPECIES	Amanita brunnescens G.F.Atk.	Amanita brunnescens		CA		New Brunswick	PRESENT		28eb1a3f-1c15-4a95-931a-4af90ecb574d	45.949456	-66.677586							2024-07-25T11:30:04	25	7	2024	5240302	5240302	HUMAN_OBSERVATION	iNaturalist	Observations	231659639		Sean Rhindress	2024-07-25T17:42:24	CC_BY_NC_4_0	Sean Rhindress	Sean Rhindress			2025-01-14T13:43:01.547Z	StillImage	COORDINATE_ROUNDED;CONTINENT_DERIVED_FROM_COORDINATES;TAXON_MATCH_TAXON_ID_IGNORED
4919536769	50c9509d-22c7-4a22-a47d-8c48425ef4a7	https://www.inaturalist.org/observations/197994217	Fungi	Basidiomycota	Agaricomycetes	Agaricales	Amanitaceae	Amanita	Amanita brunnescens		SPECIES	Amanita brunnescens G.F.Atk.	Amanita brunnescens		CA		Ontario	PRESENT		28eb1a3f-1c15-4a95-931a-4af90ecb574d	45.261117	-76.106026	27190.0						2022-09-18T14:52	18	9	2022	5240302	5240302	HUMAN_OBSERVATION	iNaturalist	Observations	197994217		amanitamozart	2024-01-30T19:23:58	CC_BY_NC_4_0	amanitamozart	amanitamozart			2025-01-14T13:36:03.923Z	StillImage	COORDINATE_ROUNDED;CONTINENT_DERIVED_FROM_COORDINATES;TAXON_MATCH_TAXON_ID_IGNORED
4919151896	50c9509d-22c7-4a22-a47d-8c48425ef4a7	https://www.inaturalist.org/observations/231737326	Fungi	Basidiomycota	Agaricomycetes	Agaricales	Amanitaceae	Amanita	Amanita brunnescens		SPECIES	Amanita brunnescens G.F.Atk.	Amanita brunnescens		CA		Québec	PRESENT		28eb1a3f-1c15-4a95-931a-4af90ecb574d	47.000506	-79.181975	42.0						2024-07-23T09:09	23	7	2024	5240302	5240302	HUMAN_OBSERVATION	iNaturalist	Observations	231737326		Morphie	2024-07-30T00:01:47	CC_BY_NC_4_0	lenoreatwood	lenoreatwood			2025-01-14T13:42:17.604Z	StillImage	COORDINATE_ROUNDED;CONTINENT_DERIVED_FROM_COORDINATES;TAXON_MATCH_TAXON_ID_IGNORED
4909247132	50c9509d-22c7-4a22-a47d-8c48425ef4a7	https://www.inaturalist.org/observations/173448292	Fungi	Basidiomycota	Agaricomycetes	Agaricales	Amanitaceae	Amanita	Amanita brunnescens		SPECIES	Amanita brunnescens G.F.Atk.	Amanita brunnescens		CA		Québec	PRESENT		28eb1a3f-1c15-4a95-931a-4af90ecb574d	46.828674	-71.105789	40.0						2023-07-17T13:37:47	17	7	2023	5240302	5240302	HUMAN_OBSERVATION	iNaturalist	Observations	173448292		Jean Gilbert	2023-07-17T17:37:57	CC_BY_NC_4_0	Jean Gilbert	Jean Gilbert			2025-01-14T12:38:11.144Z	StillImage	COORDINATE_ROUNDED;CONTINENT_DERIVED_FROM_COORDINATES;TAXON_MATCH_TAXON_ID_IGNORED
4908806907	50c9509d-22c7-4a22-a47d-8c48425ef4a7	https://www.inaturalist.org/observations/228452617	Fungi	Basidiomycota	Agaricomycetes	Agaricales	Amanitaceae	Amanita	Amanita brunnescens		SPECIES	Amanita brunnescens G.F.Atk.	Amanita brunnescens		CA		Québec	PRESENT		28eb1a3f-1c15-4a95-931a-4af90ecb574d	45.416787	-72.1996	3.0						2024-07-10T09:11:25	10	7	2024	5240302	5240302	HUMAN_OBSERVATION	iNaturalist	Observations	228452617		donanado	2024-07-10T16:22:32	CC_BY_NC_4_0	donanado	donanado			2025-01-14T13:42:40.489Z	StillImage	COORDINATE_ROUNDED;CONTINENT_DERIVED_FROM_COORDINATES;TAXON_MATCH_TAXON_ID_IGNORED
4908505440	50c9509d-22c7-4a22-a47d-8c48425ef4a7	https://www.inaturalist.org/observations/89360542	Fungi	Basidiomycota	Agaricomycetes	Agaricales	Amanitaceae	Amanita	Amanita brunnescens		SPECIES	Amanita brunnescens G.F.Atk.	Amanita brunnescens		CA		Québec	PRESENT		28eb1a3f-1c15-4a95-931a-4af90ecb574d	45.363331	-71.701424	4332.0						2021-07-31T14:41:55	31	7	2021	5240302	5240302	HUMAN_OBSERVATION	iNaturalist	Observations	89360542		tomoohka	2021-07-31T18:42:08	CC_BY_NC_4_0	tomoohka	tomoohka			2025-01-14T12:19:52.574Z	StillImage	COORDINATE_ROUNDED;CONTINENT_DERIVED_FROM_COORDINATES;TAXON_MATCH_TAXON_ID_IGNORED
4908392654	50c9509d-22c7-4a22-a47d-8c48425ef4a7	https://www.inaturalist.org/observations/229975216	Fungi	Basidiomycota	Agaricomycetes	Agaricales	Amanitaceae	Amanita	Amanita brunnescens		SPECIES	Amanita brunnescens G.F.Atk.	Amanita brunnescens		CA		Québec	PRESENT		28eb1a3f-1c15-4a95-931a-4af90ecb574d	45.872811	-76.4339	501.0						2024-07-12T15:14	12	7	2024	5240302	5240302	HUMAN_OBSERVATION	iNaturalist	Observations	229975216		L Joan Heyding	2024-07-17T21:10:08	CC_BY_NC_4_0	L Joan Heyding	L Joan Heyding			2025-01-14T14:16:08.412Z	StillImage	COORDINATE_ROUNDED;CONTINENT_DERIVED_FROM_COORDINATES;TAXON_MATCH_TAXON_ID_IGNORED
4901046438	50c9509d-22c7-4a22-a47d-8c48425ef4a7	https://www.inaturalist.org/observations/173802961	Fungi	Basidiomycota	Agaricomycetes	Agaricales	Amanitaceae	Amanita	Amanita brunnescens		SPECIES	Amanita brunnescens G.F.Atk.	Amanita brunnescens		CA		Québec	PRESENT		28eb1a3f-1c15-4a95-931a-4af90ecb574d	46.003953	-75.085922	32.0						2023-07-19T10:59:10	19	7	2023	5240302	5240302	HUMAN_OBSERVATION	iNaturalist	Observations	173802961		gabboilard	2023-07-19T17:52:39	CC_BY_NC_4_0	gabboilard	gabboilard			2025-01-14T13:31:30.765Z	StillImage	COORDINATE_ROUNDED;CONTINENT_DERIVED_FROM_COORDINATES;TAXON_MATCH_TAXON_ID_IGNORED
4851923803	50c9509d-22c7-4a22-a47d-8c48425ef4a7	https://www.inaturalist.org/observations/178025808	Fungi	Basidiomycota	Agaricomycetes	Agaricales	Amanitaceae	Amanita	Amanita brunnescens		SPECIES	Amanita brunnescens G.F.Atk.	Amanita brunnescens		CA		Québec	PRESENT		28eb1a3f-1c15-4a95-931a-4af90ecb574d	45.754247	-75.84783	32.0						2023-07-30T13:46:56	30	7	2023	5240302	5240302	HUMAN_OBSERVATION	iNaturalist	Observations	178025808		amanitamozart	2024-04-11T18:12:37	CC_BY_NC_4_0	allseeds	allseeds			2025-01-14T13:26:22.803Z	StillImage	COORDINATE_ROUNDED;CONTINENT_DERIVED_FROM_COORDINATES;TAXON_MATCH_TAXON_ID_IGNORED
4851748132	50c9509d-22c7-4a22-a47d-8c48425ef4a7	https://www.inaturalist.org/observations/209080876	Fungi	Basidiomycota	Agaricomycetes	Agaricales	Amanitaceae	Amanita	Amanita brunnescens		SPECIES	Amanita brunnescens G.F.Atk.	Amanita brunnescens		CA		Québec	PRESENT		28eb1a3f-1c15-4a95-931a-4af90ecb574d	45.405018	-73.386269	2170.0						2022-06-19T09:15	19	6	2022	5240302	5240302	HUMAN_OBSERVATION	iNaturalist	Observations	209080876		Isabelle Pouliot	2024-04-24T14:45:14	CC_BY_NC_4_0	Isabelle Pouliot	Isabelle Pouliot			2025-01-14T12:44:21.674Z	StillImage	COORDINATE_ROUNDED;CONTINENT_DERIVED_FROM_COORDINATES;TAXON_MATCH_TAXON_ID_IGNORED
4607333885	50c9509d-22c7-4a22-a47d-8c48425ef4a7	https://www.inaturalist.org/observations/94886816	Fungi	Basidiomycota	Agaricomycetes	Agaricales	Amanitaceae	Amanita	Amanita brunnescens		SPECIES	Amanita brunnescens G.F.Atk.	Amanita brunnescens		CA		Ontario	PRESENT		28eb1a3f-1c15-4a95-931a-4af90ecb574d	45.37963	-75.224083	5.0						2021-09-14T12:23:11	14	9	2021	5240302	5240302	HUMAN_OBSERVATION	iNaturalist	Observations	94886816		Lynn Ovenden	2021-09-15T01:15:21	CC_BY_NC_4_0	Lynn Ovenden	Lynn Ovenden			2025-01-14T13:15:06.609Z	StillImage	COORDINATE_ROUNDED;CONTINENT_DERIVED_FROM_COORDINATES;TAXON_MATCH_TAXON_ID_IGNORED
4599964374	50c9509d-22c7-4a22-a47d-8c48425ef4a7	https://www.inaturalist.org/observations/34580087	Fungi	Basidiomycota	Agaricomycetes	Agaricales	Amanitaceae	Amanita	Amanita brunnescens	pallida	VARIETY	Amanita brunnescens var. pallida L.Krieg.	Amanita brunnescens pallida		CA		New Brunswick	PRESENT		28eb1a3f-1c15-4a95-931a-4af90ecb574d	46.215382	-64.285623	488.0						2013-08-04T15:54	4	8	2013	5451848	5240302	HUMAN_OBSERVATION	iNaturalist	Observations	34580087		Raymonde G Chartier	2019-10-19T13:47:29	CC_BY_NC_4_0	Raymonde G Chartier	Raymonde G Chartier			2025-01-14T13:04:48.338Z	StillImage	COORDINATE_ROUNDED;CONTINENT_DERIVED_FROM_COORDINATES;TAXON_MATCH_TAXON_ID_IGNORED
4465392037	50c9509d-22c7-4a22-a47d-8c48425ef4a7	https://www.inaturalist.org/observations/174680132	Fungi	Basidiomycota	Agaricomycetes	Agaricales	Amanitaceae	Amanita	Amanita brunnescens		SPECIES	Amanita brunnescens G.F.Atk.	Amanita brunnescens		CA		Québec	PRESENT		28eb1a3f-1c15-4a95-931a-4af90ecb574d	46.250665	-73.104267	3606.0						2023-07-22T10:48	22	7	2023	5240302	5240302	HUMAN_OBSERVATION	iNaturalist	Observations	174680132		Antoine Fortin	2023-07-24T14:01:38	CC_BY_NC_4_0	Antoine Fortin	Antoine Fortin			2025-01-14T12:42:30.704Z	StillImage	COORDINATE_ROUNDED;CONTINENT_DERIVED_FROM_COORDINATES;TAXON_MATCH_TAXON_ID_IGNORED
4442377819	50c9509d-22c7-4a22-a47d-8c48425ef4a7	https://www.inaturalist.org/observations/177078632	Fungi	Basidiomycota	Agaricomycetes	Agaricales	Amanitaceae	Amanita	Amanita brunnescens		SPECIES	Amanita brunnescens G.F.Atk.	Amanita brunnescens		CA		Québec	PRESENT		28eb1a3f-1c15-4a95-931a-4af90ecb574d	45.660888	-74.246475	4.0						2023-08-06T11:50:14	6	8	2023	5240302	5240302	HUMAN_OBSERVATION	iNaturalist	Observations	177078632		Mical	2023-08-06T23:57:36	CC_BY_4_0	Mical	Mical			2025-01-14T13:31:41.972Z	StillImage	COORDINATE_ROUNDED;CONTINENT_DERIVED_FROM_COORDINATES;TAXON_MATCH_TAXON_ID_IGNORED
4442356846	50c9509d-22c7-4a22-a47d-8c48425ef4a7	https://www.inaturalist.org/observations/175297622	Fungi	Basidiomycota	Agaricomycetes	Agaricales	Amanitaceae	Amanita	Amanita brunnescens		SPECIES	Amanita brunnescens G.F.Atk.	Amanita brunnescens		CA		Nova Scotia	PRESENT		28eb1a3f-1c15-4a95-931a-4af90ecb574d	45.066403	-64.475455	4.0						2023-07-27T13:38:42	27	7	2023	5240302	5240302	HUMAN_OBSERVATION	iNaturalist	Observations	175297622		Sean Taylor	2023-07-28T00:55:15	CC_BY_NC_4_0	Sean Taylor	Sean Taylor			2025-01-14T13:41:54.247Z	StillImage	COORDINATE_ROUNDED;CONTINENT_DERIVED_FROM_COORDINATES;TAXON_MATCH_TAXON_ID_IGNORED
4430518463	50c9509d-22c7-4a22-a47d-8c48425ef4a7	https://www.inaturalist.org/observations/185840504	Fungi	Basidiomycota	Agaricomycetes	Agaricales	Amanitaceae	Amanita	Amanita brunnescens		SPECIES	Amanita brunnescens G.F.Atk.	Amanita brunnescens		CA		Ontario	PRESENT		28eb1a3f-1c15-4a95-931a-4af90ecb574d	45.862009	-77.761696	41803.0						2023-07-29T15:19:46	29	7	2023	5240302	5240302	HUMAN_OBSERVATION	iNaturalist	Observations	185840504		amanitamozart	2023-10-24T00:12:38	CC_BY_NC_4_0	janesly	janesly			2025-01-14T13:33:48.758Z	StillImage	COORDINATE_ROUNDED;CONTINENT_DERIVED_FROM_COORDINATES;TAXON_MATCH_TAXON_ID_IGNORED
4414325194	50c9509d-22c7-4a22-a47d-8c48425ef4a7	https://www.inaturalist.org/observations/183758657	Fungi	Basidiomycota	Agaricomycetes	Agaricales	Amanitaceae	Amanita	Amanita brunnescens		SPECIES	Amanita brunnescens G.F.Atk.	Amanita brunnescens		CA		Québec	PRESENT		28eb1a3f-1c15-4a95-931a-4af90ecb574d	45.440117	-72.662445	289.0						2023-09-09T12:50	9	9	2023	5240302	5240302	HUMAN_OBSERVATION	iNaturalist	Observations	183758657		michelcournoyer	2023-09-17T23:21:10	CC_BY_NC_4_0	michelcournoyer	michelcournoyer			2025-01-14T13:32:47.995Z	StillImage	COORDINATE_ROUNDED;CONTINENT_DERIVED_FROM_COORDINATES;TAXON_MATCH_TAXON_ID_IGNORED
4413642350	50c9509d-22c7-4a22-a47d-8c48425ef4a7	https://www.inaturalist.org/observations/88162728	Fungi	Basidiomycota	Agaricomycetes	Agaricales	Amanitaceae	Amanita	Amanita brunnescens		SPECIES	Amanita brunnescens G.F.Atk.	Amanita brunnescens		CA		Québec	PRESENT		28eb1a3f-1c15-4a95-931a-4af90ecb574d	45.85725	-76.453594	27095.0						2021-07-21T11:08	21	7	2021	5240302	5240302	HUMAN_OBSERVATION	iNaturalist	Observations	88162728		L Joan Heyding	2021-12-17T13:40:36	CC_BY_NC_4_0	L Joan Heyding	L Joan Heyding			2025-01-14T13:14:04.533Z	StillImage	COORDINATE_ROUNDED;CONTINENT_DERIVED_FROM_COORDINATES;TAXON_MATCH_TAXON_ID_IGNORED
4405038446	50c9509d-22c7-4a22-a47d-8c48425ef4a7	https://www.inaturalist.org/observations/178051857	Fungi	Basidiomycota	Agaricomycetes	Agaricales	Amanitaceae	Amanita	Amanita brunnescens		SPECIES	Amanita brunnescens G.F.Atk.	Amanita brunnescens		CA		Québec	PRESENT		28eb1a3f-1c15-4a95-931a-4af90ecb574d	45.87122	-76.589607	27095.0						2023-08-04T10:37	4	8	2023	5240302	5240302	HUMAN_OBSERVATION	iNaturalist	Observations	178051857		L Joan Heyding	2023-08-12T20:00:19	CC_BY_NC_4_0	L Joan Heyding	L Joan Heyding			2025-01-14T12:41:20.147Z	StillImage	COORDINATE_ROUNDED;CONTINENT_DERIVED_FROM_COORDINATES;TAXON_MATCH_TAXON_ID_IGNORED
4405009386	50c9509d-22c7-4a22-a47d-8c48425ef4a7	https://www.inaturalist.org/observations/135199998	Fungi	Basidiomycota	Agaricomycetes	Agaricales	Amanitaceae	Amanita	Amanita brunnescens		SPECIES	Amanita brunnescens G.F.Atk.	Amanita brunnescens		CA		Québec	PRESENT		28eb1a3f-1c15-4a95-931a-4af90ecb574d	45.812083	-76.479684	27095.0						2022-09-11T17:22	11	9	2022	5240302	5240302	HUMAN_OBSERVATION	iNaturalist	Observations	135199998		L Joan Heyding	2022-09-16T01:41:16	CC_BY_NC_4_0	L Joan Heyding	L Joan Heyding			2025-01-14T12:32:14.362Z	StillImage	COORDINATE_ROUNDED;CONTINENT_DERIVED_FROM_COORDINATES;TAXON_MATCH_TAXON_ID_IGNORED
4172307590	50c9509d-22c7-4a22-a47d-8c48425ef4a7	https://www.inaturalist.org/observations/177316714	Fungi	Basidiomycota	Agaricomycetes	Agaricales	Amanitaceae	Amanita	Amanita brunnescens	pallida	VARIETY	Amanita brunnescens var. pallida L.Krieg.	Amanita brunnescens pallida		CA		Québec	PRESENT		28eb1a3f-1c15-4a95-931a-4af90ecb574d	45.588684	-72.003793							2023-07-28T13:40:49	28	7	2023	5451848	5240302	HUMAN_OBSERVATION	iNaturalist	Observations	177316714		Antoine Fortin	2023-08-08T22:23:07	CC_BY_NC_4_0	egrenier	egrenier			2025-01-14T14:11:10.144Z	StillImage	CONTINENT_DERIVED_FROM_COORDINATES;TAXON_MATCH_TAXON_ID_IGNORED
4171816932	50c9509d-22c7-4a22-a47d-8c48425ef4a7	https://www.inaturalist.org/observations/175820995	Fungi	Basidiomycota	Agaricomycetes	Agaricales	Amanitaceae	Amanita	Amanita brunnescens		SPECIES	Amanita brunnescens G.F.Atk.	Amanita brunnescens		CA		Québec	PRESENT		28eb1a3f-1c15-4a95-931a-4af90ecb574d	45.657839	-75.679512	4.0						2023-07-30T13:21:04	30	7	2023	5240302	5240302	HUMAN_OBSERVATION	iNaturalist	Observations	175820995		thrinley	2023-07-30T21:47:44	CC_BY_NC_4_0	thrinley	thrinley			2025-01-14T13:41:14.736Z	StillImage	COORDINATE_ROUNDED;CONTINENT_DERIVED_FROM_COORDINATES;TAXON_MATCH_TAXON_ID_IGNORED
4171760571	50c9509d-22c7-4a22-a47d-8c48425ef4a7	https://www.inaturalist.org/observations/175773582	Fungi	Basidiomycota	Agaricomycetes	Agaricales	Amanitaceae	Amanita	Amanita brunnescens		SPECIES	Amanita brunnescens G.F.Atk.	Amanita brunnescens		CA		Québec	PRESENT		28eb1a3f-1c15-4a95-931a-4af90ecb574d	45.657832	-75.679435	8.0						2023-07-30T13:28:15	30	7	2023	5240302	5240302	HUMAN_OBSERVATION	iNaturalist	Observations	175773582		Anthony Gaston	2023-07-30T17:47:07	CC_BY_NC_4_0	Anthony Gaston	Anthony Gaston			2025-01-14T13:41:13.751Z	StillImage	COORDINATE_ROUNDED;CONTINENT_DERIVED_FROM_COORDINATES;TAXON_MATCH_TAXON_ID_IGNORED
4171650861	50c9509d-22c7-4a22-a47d-8c48425ef4a7	https://www.inaturalist.org/observations/175130693	Fungi	Basidiomycota	Agaricomycetes	Agaricales	Amanitaceae	Amanita	Amanita brunnescens		SPECIES	Amanita brunnescens G.F.Atk.	Amanita brunnescens		CA		New Brunswick	PRESENT		28eb1a3f-1c15-4a95-931a-4af90ecb574d	46.193537	-67.335617	4.0						2023-07-22T14:07:51	22	7	2023	5240302	5240302	HUMAN_OBSERVATION	iNaturalist	Observations	175130693		George Lee	2023-07-27T01:58:18	CC_BY_NC_4_0	meganbv	meganbv			2025-01-14T12:39:39.229Z	StillImage	COORDINATE_ROUNDED;CONTINENT_DERIVED_FROM_COORDINATES;TAXON_MATCH_TAXON_ID_IGNORED
4171593885	50c9509d-22c7-4a22-a47d-8c48425ef4a7	https://www.inaturalist.org/observations/175119406	Fungi	Basidiomycota	Agaricomycetes	Agaricales	Amanitaceae	Amanita	Amanita brunnescens		SPECIES	Amanita brunnescens G.F.Atk.	Amanita brunnescens		CA		Ontario	PRESENT		28eb1a3f-1c15-4a95-931a-4af90ecb574d	45.515439	-75.344664	773.0						2023-07-26T10:55:58	26	7	2023	5240302	5240302	HUMAN_OBSERVATION	iNaturalist	Observations	175119406		amanitamozart	2023-07-26T23:01:23	CC_BY_NC_4_0	amanitamozart	amanitamozart			2025-01-14T13:31:41.671Z	StillImage	COORDINATE_ROUNDED;CONTINENT_DERIVED_FROM_COORDINATES;TAXON_MATCH_TAXON_ID_IGNORED
4171528984	50c9509d-22c7-4a22-a47d-8c48425ef4a7	https://www.inaturalist.org/observations/175378287	Fungi	Basidiomycota	Agaricomycetes	Agaricales	Amanitaceae	Amanita	Amanita brunnescens		SPECIES	Amanita brunnescens G.F.Atk.	Amanita brunnescens		CA		Québec	PRESENT		28eb1a3f-1c15-4a95-931a-4af90ecb574d	46.547981	-72.407292	282.0						2023-07-26T14:26:10	26	7	2023	5240302	5240302	HUMAN_OBSERVATION	iNaturalist	Observations	175378287		Antoine Fortin	2023-07-28T17:04:10	CC_BY_NC_4_0	n8vipond	n8vipond			2025-01-14T12:40:10.672Z	StillImage	COORDINATE_ROUNDED;CONTINENT_DERIVED_FROM_COORDINATES;TAXON_MATCH_TAXON_ID_IGNORED
4171383318	50c9509d-22c7-4a22-a47d-8c48425ef4a7	https://www.inaturalist.org/observations/15262895	Fungi	Basidiomycota	Agaricomycetes	Agaricales	Amanitaceae	Amanita	Amanita brunnescens		SPECIES	Amanita brunnescens G.F.Atk.	Amanita brunnescens		CA		Québec	PRESENT		28eb1a3f-1c15-4a95-931a-4af90ecb574d	46.905011	-76.418667	200.0						2018-08-04T15:50	4	8	2018	5240302	5240302	HUMAN_OBSERVATION	iNaturalist	Observations	15262895		cinna_latifolia	2020-01-08T23:16:00	CC_BY_NC_4_0	birderbb	birderbb			2025-01-14T13:01:07.818Z	StillImage	COORDINATE_ROUNDED;CONTINENT_DERIVED_FROM_COORDINATES;TAXON_MATCH_TAXON_ID_IGNORED
4171276521	50c9509d-22c7-4a22-a47d-8c48425ef4a7	https://www.inaturalist.org/observations/133406156	Fungi	Basidiomycota	Agaricomycetes	Agaricales	Amanitaceae	Amanita	Amanita brunnescens		SPECIES	Amanita brunnescens G.F.Atk.	Amanita brunnescens		CA		Ontario	PRESENT		28eb1a3f-1c15-4a95-931a-4af90ecb574d	45.514447	-75.341522							2022-09-02T10:47:57	2	9	2022	5240302	5240302	HUMAN_OBSERVATION	iNaturalist	Observations	133406156		amanitamozart	2023-07-29T17:34:32	CC_BY_NC_4_0	Nina	Nina			2025-01-14T13:25:27.906Z	StillImage	COORDINATE_ROUNDED;CONTINENT_DERIVED_FROM_COORDINATES;TAXON_MATCH_TAXON_ID_IGNORED
4166256757	695cef75-b65f-4776-b2ed-74565eebb16e	02-01000939073	Fungi	Basidiomycota	Agaricomycetes	Agaricales	Amanitaceae	Amanita	Amanita brunnescens		SPECIES	Amanita brunnescens G.F.Atk.	Amanita brunnescens	G.F. Atk.	CA	Tadoussac, Moulin a Baude	Quebec	PRESENT		055bd978-2daa-4543-b3f0-44e0e87e86ca	48.166667	-69.666667							1984-08-06	6	8	1984	5240302	5240302	PRESERVED_SPECIMEN	AAFC	DAOM	190621		Y. Dalpé		CC_BY_4_0	©His Majesty the King in Right of Canada, as represented by the Minister of Agriculture and Agri-Food	Y. Dalpé 830			2025-01-12T05:11:15.991Z		GEODETIC_DATUM_ASSUMED_WGS84;CONTINENT_DERIVED_FROM_COORDINATES;TAXON_MATCH_TAXON_ID_IGNORED;INSTITUTION_MATCH_FUZZY
4165877436	50c9509d-22c7-4a22-a47d-8c48425ef4a7	https://www.inaturalist.org/observations/174680131	Fungi	Basidiomycota	Agaricomycetes	Agaricales	Amanitaceae	Amanita	Amanita brunnescens		SPECIES	Amanita brunnescens G.F.Atk.	Amanita brunnescens		CA		Québec	PRESENT		28eb1a3f-1c15-4a95-931a-4af90ecb574d	46.251608	-73.091907	2318.0						2023-07-22T10:46	22	7	2023	5240302	5240302	HUMAN_OBSERVATION	iNaturalist	Observations	174680131		Antoine Fortin	2023-07-24T14:01:38	CC_BY_NC_4_0	Antoine Fortin	Antoine Fortin			2025-01-14T12:36:52.256Z	StillImage	COORDINATE_ROUNDED;CONTINENT_DERIVED_FROM_COORDINATES;TAXON_MATCH_TAXON_ID_IGNORED
4165799053	50c9509d-22c7-4a22-a47d-8c48425ef4a7	https://www.inaturalist.org/observations/174397740	Fungi	Basidiomycota	Agaricomycetes	Agaricales	Amanitaceae	Amanita	Amanita brunnescens		SPECIES	Amanita brunnescens G.F.Atk.	Amanita brunnescens		CA		Québec	PRESENT		28eb1a3f-1c15-4a95-931a-4af90ecb574d	46.739936	-71.397126	42.0						2023-07-22T14:39:35	22	7	2023	5240302	5240302	HUMAN_OBSERVATION	iNaturalist	Observations	174397740		Camille Boucher	2023-07-23T02:01:46	CC_BY_NC_4_0	Camille Boucher	Camille Boucher			2025-01-14T13:31:51.418Z	StillImage	COORDINATE_ROUNDED;CONTINENT_DERIVED_FROM_COORDINATES;TAXON_MATCH_TAXON_ID_IGNORED
4165771050	50c9509d-22c7-4a22-a47d-8c48425ef4a7	https://www.inaturalist.org/observations/174346873	Fungi	Basidiomycota	Agaricomycetes	Agaricales	Amanitaceae	Amanita	Amanita brunnescens		SPECIES	Amanita brunnescens G.F.Atk.	Amanita brunnescens		CA		Québec	PRESENT		28eb1a3f-1c15-4a95-931a-4af90ecb574d	46.258142	-73.119483	4.0						2023-07-22T11:31:22	22	7	2023	5240302	5240302	HUMAN_OBSERVATION	iNaturalist	Observations	174346873		George Lee	2023-07-22T23:53:05	CC_BY_4_0	Mical	Mical			2025-01-14T12:37:28.791Z	StillImage	COORDINATE_ROUNDED;CONTINENT_DERIVED_FROM_COORDINATES;TAXON_MATCH_TAXON_ID_IGNORED
4162323231	50c9509d-22c7-4a22-a47d-8c48425ef4a7	https://www.inaturalist.org/observations/173257810	Fungi	Basidiomycota	Agaricomycetes	Agaricales	Amanitaceae	Amanita	Amanita brunnescens		SPECIES	Amanita brunnescens G.F.Atk.	Amanita brunnescens		CA		Québec	PRESENT		28eb1a3f-1c15-4a95-931a-4af90ecb574d	45.041636	-72.818763	4.0						2023-07-16T11:35:43	16	7	2023	5240302	5240302	HUMAN_OBSERVATION	iNaturalist	Observations	173257810		l_bienvenue	2023-07-16T18:06:52	CC_BY_NC_4_0	l_bienvenue	l_bienvenue			2025-01-14T12:36:34.287Z	StillImage	COORDINATE_ROUNDED;CONTINENT_DERIVED_FROM_COORDINATES;TAXON_MATCH_TAXON_ID_IGNORED
4162117036	50c9509d-22c7-4a22-a47d-8c48425ef4a7	https://www.inaturalist.org/observations/173294987	Fungi	Basidiomycota	Agaricomycetes	Agaricales	Amanitaceae	Amanita	Amanita brunnescens		SPECIES	Amanita brunnescens G.F.Atk.	Amanita brunnescens		CA		New Brunswick	PRESENT		28eb1a3f-1c15-4a95-931a-4af90ecb574d	46.836175	-64.987878	218.0						2023-07-16T13:28:50	16	7	2023	5240302	5240302	HUMAN_OBSERVATION	iNaturalist	Observations	173294987		hootx3	2023-07-16T21:12:55	CC_BY_NC_4_0	hootx3	hootx3			2025-01-14T12:40:01.992Z	StillImage	COORDINATE_ROUNDED;CONTINENT_DERIVED_FROM_COORDINATES;TAXON_MATCH_TAXON_ID_IGNORED
3912044963	50c9509d-22c7-4a22-a47d-8c48425ef4a7	https://www.inaturalist.org/observations/134931825	Fungi	Basidiomycota	Agaricomycetes	Agaricales	Amanitaceae	Amanita	Amanita brunnescens		SPECIES	Amanita brunnescens G.F.Atk.	Amanita brunnescens		CA		Prince Edward Island	PRESENT		28eb1a3f-1c15-4a95-931a-4af90ecb574d	46.508058	-64.081775	100.0						2022-09-13T11:34	13	9	2022	5240302	5240302	HUMAN_OBSERVATION	iNaturalist	Observations	134931825		Denis Gallant	2022-09-14T00:12:39	CC_BY_NC_4_0	Denis Gallant	Denis Gallant			2025-01-14T12:31:51.613Z	StillImage	COORDINATE_ROUNDED;CONTINENT_DERIVED_FROM_COORDINATES;TAXON_MATCH_TAXON_ID_IGNORED
3881851597	50c9509d-22c7-4a22-a47d-8c48425ef4a7	https://www.inaturalist.org/observations/129072949	Fungi	Basidiomycota	Agaricomycetes	Agaricales	Amanitaceae	Amanita	Amanita brunnescens		SPECIES	Amanita brunnescens G.F.Atk.	Amanita brunnescens		CA		New Brunswick	PRESENT		28eb1a3f-1c15-4a95-931a-4af90ecb574d	46.9232	-65.1121	7.0						2019-09-14T14:52	14	9	2019	5240302	5240302	HUMAN_OBSERVATION	iNaturalist	Observations	129072949		Alfredo Justo	2022-08-02T01:02:26	CC_BY_NC_4_0	Alfredo Justo	Alfredo Justo			2025-01-14T14:06:18.944Z	StillImage	CONTINENT_DERIVED_FROM_COORDINATES;TAXON_MATCH_TAXON_ID_IGNORED
3759499468	50c9509d-22c7-4a22-a47d-8c48425ef4a7	https://www.inaturalist.org/observations/57759752	Fungi	Basidiomycota	Agaricomycetes	Agaricales	Amanitaceae	Amanita	Amanita brunnescens		SPECIES	Amanita brunnescens G.F.Atk.	Amanita brunnescens		CA		Ontario	PRESENT		28eb1a3f-1c15-4a95-931a-4af90ecb574d	45.573975	-78.408517	14.0						2020-08-27T14:50:25	27	8	2020	5240302	5240302	HUMAN_OBSERVATION	iNaturalist	Observations	57759752		cinna_latifolia	2022-03-29T17:06:32	CC_BY_NC_4_0	Jeffrey H. Skevington	Jeffrey H. Skevington			2025-01-14T12:14:25.374Z	StillImage	COORDINATE_ROUNDED;CONTINENT_DERIVED_FROM_COORDINATES;TAXON_MATCH_TAXON_ID_IGNORED
3456961790	50c9509d-22c7-4a22-a47d-8c48425ef4a7	https://www.inaturalist.org/observations/93876913	Fungi	Basidiomycota	Agaricomycetes	Agaricales	Amanitaceae	Amanita	Amanita brunnescens	pallida	VARIETY	Amanita brunnescens var. pallida L.Krieg.	Amanita brunnescens pallida		CA		New Brunswick	PRESENT		28eb1a3f-1c15-4a95-931a-4af90ecb574d	46.424846	-64.650043	1090.0						2021-09-01T15:51	1	9	2021	5451848	5240302	HUMAN_OBSERVATION	iNaturalist	Observations	93876913		Raymonde G Chartier	2021-09-07T01:51:09	CC_BY_NC_4_0	Stuart Tingley	Stuart Tingley			2025-01-14T13:13:26.903Z	StillImage	COORDINATE_ROUNDED;CONTINENT_DERIVED_FROM_COORDINATES;TAXON_MATCH_TAXON_ID_IGNORED
3455504531	50c9509d-22c7-4a22-a47d-8c48425ef4a7	https://www.inaturalist.org/observations/104373192	Fungi	Basidiomycota	Agaricomycetes	Agaricales	Amanitaceae	Amanita	Amanita brunnescens		SPECIES	Amanita brunnescens G.F.Atk.	Amanita brunnescens		CA		Québec	PRESENT		28eb1a3f-1c15-4a95-931a-4af90ecb574d	45.953522	-76.5175	27095.0						2021-07-21T11:08	21	7	2021	5240302	5240302	HUMAN_OBSERVATION	iNaturalist	Observations	104373192		L Joan Heyding	2022-01-04T23:30:54	CC_BY_NC_4_0	L Joan Heyding	L Joan Heyding			2025-01-14T12:24:37.927Z	StillImage	COORDINATE_ROUNDED;CONTINENT_DERIVED_FROM_COORDINATES;TAXON_MATCH_TAXON_ID_IGNORED
3415934808	50c9509d-22c7-4a22-a47d-8c48425ef4a7	https://www.inaturalist.org/observations/88936154	Fungi	Basidiomycota	Agaricomycetes	Agaricales	Amanitaceae	Amanita	Amanita brunnescens		SPECIES	Amanita brunnescens G.F.Atk.	Amanita brunnescens		CA		Québec	PRESENT		28eb1a3f-1c15-4a95-931a-4af90ecb574d	46.681468	-78.978864	3563.0						2021-07-27T10:03:33	27	7	2021	5240302	5240302	HUMAN_OBSERVATION	iNaturalist	Observations	88936154		july2021	2021-07-28T13:49:03	CC_BY_NC_4_0	july2021	july2021			2025-01-14T12:20:01.227Z	StillImage	COORDINATE_ROUNDED;CONTINENT_DERIVED_FROM_COORDINATES;TAXON_MATCH_TAXON_ID_IGNORED
3384417916	50c9509d-22c7-4a22-a47d-8c48425ef4a7	https://www.inaturalist.org/observations/88609903	Fungi	Basidiomycota	Agaricomycetes	Agaricales	Amanitaceae	Amanita	Amanita brunnescens		SPECIES	Amanita brunnescens G.F.Atk.	Amanita brunnescens		CA		Ontario	PRESENT		28eb1a3f-1c15-4a95-931a-4af90ecb574d	45.457944	-79.005777	30.0						2021-07-25T17:47:47	25	7	2021	5240302	5240302	HUMAN_OBSERVATION	iNaturalist	Observations	88609903		gates2222	2021-07-25T21:48:13	CC_BY_NC_4_0	gates2222	gates2222			2025-01-14T12:21:31.275Z	StillImage	COORDINATE_ROUNDED;CONTINENT_DERIVED_FROM_COORDINATES;TAXON_MATCH_TAXON_ID_IGNORED
3333046286	50c9509d-22c7-4a22-a47d-8c48425ef4a7	https://www.inaturalist.org/observations/88870643	Fungi	Basidiomycota	Agaricomycetes	Agaricales	Amanitaceae	Amanita	Amanita brunnescens		SPECIES	Amanita brunnescens G.F.Atk.	Amanita brunnescens		CA		New Brunswick	PRESENT		28eb1a3f-1c15-4a95-931a-4af90ecb574d	47.760105	-64.882408	65.0						2021-07-27T17:02:03	27	7	2021	5240302	5240302	HUMAN_OBSERVATION	iNaturalist	Observations	88870643		Alfredo Justo	2021-07-27T23:42:42	CC_BY_NC_4_0	joannedaniel	joannedaniel			2025-01-14T12:20:38.342Z	StillImage	COORDINATE_ROUNDED;CONTINENT_DERIVED_FROM_COORDINATES;TAXON_MATCH_TAXON_ID_IGNORED
3330746366	50c9509d-22c7-4a22-a47d-8c48425ef4a7	https://www.inaturalist.org/observations/54751621	Fungi	Basidiomycota	Agaricomycetes	Agaricales	Amanitaceae	Amanita	Amanita brunnescens		SPECIES	Amanita brunnescens G.F.Atk.	Amanita brunnescens		CA		Québec	PRESENT		28eb1a3f-1c15-4a95-931a-4af90ecb574d	46.191056	-74.437265	24.0						2020-07-29T12:41:21	29	7	2020	5240302	5240302	HUMAN_OBSERVATION	iNaturalist	Observations	54751621		cinna_latifolia	2021-06-23T03:19:55	CC_BY_NC_4_0	manutchoupi	manutchoupi			2025-01-14T13:05:44.483Z	StillImage	COORDINATE_ROUNDED;CONTINENT_DERIVED_FROM_COORDINATES;TAXON_MATCH_TAXON_ID_IGNORED
3328038369	50c9509d-22c7-4a22-a47d-8c48425ef4a7	https://www.inaturalist.org/observations/58681651	Fungi	Basidiomycota	Agaricomycetes	Agaricales	Amanitaceae	Amanita	Amanita brunnescens		SPECIES	Amanita brunnescens G.F.Atk.	Amanita brunnescens		CA		Ontario	PRESENT		28eb1a3f-1c15-4a95-931a-4af90ecb574d	45.483847	-76.08103	6.0						2020-09-05T18:15:33	5	9	2020	5240302	5240302	HUMAN_OBSERVATION	iNaturalist	Observations	58681651		Jeffrey H. Skevington	2020-09-06T03:44:58	CC_BY_NC_4_0	Jeffrey H. Skevington	Jeffrey H. Skevington			2025-01-14T13:14:00.436Z	StillImage	COORDINATE_ROUNDED;CONTINENT_DERIVED_FROM_COORDINATES;TAXON_MATCH_TAXON_ID_IGNORED
3321075365	50c9509d-22c7-4a22-a47d-8c48425ef4a7	https://www.inaturalist.org/observations/54184869	Fungi	Basidiomycota	Agaricomycetes	Agaricales	Amanitaceae	Amanita	Amanita brunnescens		SPECIES	Amanita brunnescens G.F.Atk.	Amanita brunnescens		CA		Québec	PRESENT		28eb1a3f-1c15-4a95-931a-4af90ecb574d	45.910788	-76.41597	8.0						2020-07-21T13:13:59	21	7	2020	5240302	5240302	HUMAN_OBSERVATION	iNaturalist	Observations	54184869		bobtyler	2020-07-24T18:32:24	CC_BY_NC_4_0	bobtyler	bobtyler			2025-01-14T12:14:36.391Z	StillImage	COORDINATE_ROUNDED;CONTINENT_DERIVED_FROM_COORDINATES;TAXON_MATCH_TAXON_ID_IGNORED
3113480366	50c9509d-22c7-4a22-a47d-8c48425ef4a7	https://www.inaturalist.org/observations/55806633	Fungi	Basidiomycota	Agaricomycetes	Agaricales	Amanitaceae	Amanita	Amanita brunnescens		SPECIES	Amanita brunnescens G.F.Atk.	Amanita brunnescens		CA		Ontario	PRESENT		28eb1a3f-1c15-4a95-931a-4af90ecb574d	45.590278	-78.369628							2020-08-07	7	8	2020	5240302	5240302	HUMAN_OBSERVATION	iNaturalist	Observations	55806633		Brad Demers	2020-08-08T16:10:34	CC_BY_NC_4_0	Brad Demers	Brad Demers			2025-01-14T12:14:19.263Z	StillImage	COORDINATE_ROUNDED;CONTINENT_DERIVED_FROM_COORDINATES;TAXON_MATCH_TAXON_ID_IGNORED
3031964615	50c9509d-22c7-4a22-a47d-8c48425ef4a7	https://www.inaturalist.org/observations/39645903	Fungi	Basidiomycota	Agaricomycetes	Agaricales	Amanitaceae	Amanita	Amanita brunnescens		SPECIES	Amanita brunnescens G.F.Atk.	Amanita brunnescens		CA		Québec	PRESENT		28eb1a3f-1c15-4a95-931a-4af90ecb574d	45.267294	-72.692685	183.0						2014-08-20T09:33	20	8	2014	5240302	5240302	HUMAN_OBSERVATION	iNaturalist	Observations	39645903		cinna_latifolia	2020-12-29T02:26:51	CC_BY_NC_4_0	Suzanne Labbé	Suzanne Labbé			2025-01-14T12:10:48.015Z	StillImage	COORDINATE_ROUNDED;CONTINENT_DERIVED_FROM_COORDINATES;TAXON_MATCH_TAXON_ID_IGNORED
3018084503	50c9509d-22c7-4a22-a47d-8c48425ef4a7	https://www.inaturalist.org/observations/56994518	Fungi	Basidiomycota	Agaricomycetes	Agaricales	Amanitaceae	Amanita	Amanita brunnescens		SPECIES	Amanita brunnescens G.F.Atk.	Amanita brunnescens		CA		Ontario	PRESENT		28eb1a3f-1c15-4a95-931a-4af90ecb574d	45.569213	-78.48593							2020-08-19T16:20:32	19	8	2020	5240302	5240302	HUMAN_OBSERVATION	iNaturalist	Observations	56994518		Erwin Kooi	2020-08-20T02:44:31	CC_BY_NC_4_0	Erwin Kooi	Erwin Kooi			2025-01-14T13:05:04.341Z	StillImage	COORDINATE_ROUNDED;CONTINENT_DERIVED_FROM_COORDINATES;TAXON_MATCH_TAXON_ID_IGNORED
3018067485	50c9509d-22c7-4a22-a47d-8c48425ef4a7	https://www.inaturalist.org/observations/58051631	Fungi	Basidiomycota	Agaricomycetes	Agaricales	Amanitaceae	Amanita	Amanita brunnescens		SPECIES	Amanita brunnescens G.F.Atk.	Amanita brunnescens		CA		Ontario	PRESENT		28eb1a3f-1c15-4a95-931a-4af90ecb574d	46.26341	-79.152924							2020-08-30T10:46:39	30	8	2020	5240302	5240302	HUMAN_OBSERVATION	iNaturalist	Observations	58051631		Lucas Beaver	2020-08-30T17:41:29	CC_BY_NC_4_0	Lucas Beaver	Lucas Beaver			2025-01-14T13:10:01.461Z	StillImage	COORDINATE_ROUNDED;CONTINENT_DERIVED_FROM_COORDINATES;TAXON_MATCH_TAXON_ID_IGNORED
2988455406	50c9509d-22c7-4a22-a47d-8c48425ef4a7	https://www.inaturalist.org/observations/38805026	Fungi	Basidiomycota	Agaricomycetes	Agaricales	Amanitaceae	Amanita	Amanita brunnescens		SPECIES	Amanita brunnescens G.F.Atk.	Amanita brunnescens		CA		Québec	PRESENT		28eb1a3f-1c15-4a95-931a-4af90ecb574d	45.8215	-71.1695	800.0						2019-08-24T10:36	24	8	2019	5240302	5240302	HUMAN_OBSERVATION	iNaturalist	Observations	38805026		John Plischke	2020-11-15T16:03:24	CC_BY_NC_4_0	Isabelle Pothier	Isabelle Pothier			2025-01-14T12:11:35.510Z	StillImage	CONTINENT_DERIVED_FROM_COORDINATES;TAXON_MATCH_TAXON_ID_IGNORED
2862549489	50c9509d-22c7-4a22-a47d-8c48425ef4a7	https://www.inaturalist.org/observations/56985604	Fungi	Basidiomycota	Agaricomycetes	Agaricales	Amanitaceae	Amanita	Amanita brunnescens	pallida	VARIETY	Amanita brunnescens var. pallida L.Krieg.	Amanita brunnescens pallida		CA		Québec	PRESENT		28eb1a3f-1c15-4a95-931a-4af90ecb574d	46.757733	-71.322206	8.0						2020-08-03	3	8	2020	5451848	5240302	HUMAN_OBSERVATION	iNaturalist	Observations	56985604		cinna_latifolia	2020-09-10T16:40:01	CC_BY_NC_4_0	Ludo Leclerc	Ludo Leclerc			2025-01-14T13:09:41.325Z	StillImage	COORDINATE_ROUNDED;CONTINENT_DERIVED_FROM_COORDINATES;TAXON_MATCH_TAXON_ID_IGNORED
2851008891	50c9509d-22c7-4a22-a47d-8c48425ef4a7	https://www.inaturalist.org/observations/55100306	Fungi	Basidiomycota	Agaricomycetes	Agaricales	Amanitaceae	Amanita	Amanita brunnescens		SPECIES	Amanita brunnescens G.F.Atk.	Amanita brunnescens		CA		Ontario	PRESENT		28eb1a3f-1c15-4a95-931a-4af90ecb574d	45.409557	-75.11687	289.0						2020-08-01T08:03:48	1	8	2020	5240302	5240302	HUMAN_OBSERVATION	iNaturalist	Observations	55100306		Lynn Ovenden	2020-08-02T00:16:48	CC_BY_NC_4_0	Lynn Ovenden	Lynn Ovenden			2025-01-14T12:14:45.814Z	StillImage	COORDINATE_ROUNDED;CONTINENT_DERIVED_FROM_COORDINATES;TAXON_MATCH_TAXON_ID_IGNORED
2826321422	50c9509d-22c7-4a22-a47d-8c48425ef4a7	https://www.inaturalist.org/observations/54589316	Fungi	Basidiomycota	Agaricomycetes	Agaricales	Amanitaceae	Amanita	Amanita brunnescens		SPECIES	Amanita brunnescens G.F.Atk.	Amanita brunnescens		CA		Québec	PRESENT		28eb1a3f-1c15-4a95-931a-4af90ecb574d	46.757762	-71.322031	147.0						2020-07-27T18:30:03	27	7	2020	5240302	5240302	HUMAN_OBSERVATION	iNaturalist	Observations	54589316		Matt Welter	2020-07-28T13:53:24	CC_BY_NC_4_0	Ludo Leclerc	Ludo Leclerc			2025-01-14T13:09:07.482Z	StillImage	COORDINATE_ROUNDED;CONTINENT_DERIVED_FROM_COORDINATES;TAXON_MATCH_TAXON_ID_IGNORED
2576408070	50c9509d-22c7-4a22-a47d-8c48425ef4a7	https://www.inaturalist.org/observations/39204244	Fungi	Basidiomycota	Agaricomycetes	Agaricales	Amanitaceae	Amanita	Amanita brunnescens		SPECIES	Amanita brunnescens G.F.Atk.	Amanita brunnescens		CA		Québec	PRESENT		28eb1a3f-1c15-4a95-931a-4af90ecb574d	45.562903	-75.437387	244.0						2017-09-02	2	9	2017	5240302	5240302	HUMAN_OBSERVATION	iNaturalist	Observations	39204244		Christian Grenier	2020-02-25T13:05:48	CC_BY_NC_4_0	Christian Grenier	Christian Grenier			2025-01-14T13:00:53.824Z	StillImage	COORDINATE_ROUNDED;CONTINENT_DERIVED_FROM_COORDINATES;TAXON_MATCH_TAXON_ID_IGNORED
2576389885	50c9509d-22c7-4a22-a47d-8c48425ef4a7	https://www.inaturalist.org/observations/34299660	Fungi	Basidiomycota	Agaricomycetes	Agaricales	Amanitaceae	Amanita	Amanita brunnescens		SPECIES	Amanita brunnescens G.F.Atk.	Amanita brunnescens		CA		New Brunswick	PRESENT		28eb1a3f-1c15-4a95-931a-4af90ecb574d	46.218177	-64.506747	31.0						2018-08-21T10:40	21	8	2018	5240302	5240302	HUMAN_OBSERVATION	iNaturalist	Observations	34299660		Raymonde G Chartier	2019-10-13T13:13:59	CC_BY_NC_4_0	Raymonde G Chartier	Raymonde G Chartier			2025-01-14T13:04:02.073Z	StillImage	COORDINATE_ROUNDED;CONTINENT_DERIVED_FROM_COORDINATES;TAXON_MATCH_TAXON_ID_IGNORED
2576304211	50c9509d-22c7-4a22-a47d-8c48425ef4a7	https://www.inaturalist.org/observations/34580095	Fungi	Basidiomycota	Agaricomycetes	Agaricales	Amanitaceae	Amanita	Amanita brunnescens		SPECIES	Amanita brunnescens G.F.Atk.	Amanita brunnescens		CA		New Brunswick	PRESENT		28eb1a3f-1c15-4a95-931a-4af90ecb574d	46.215382	-64.285966	488.0						2014-07-26T14:09	26	7	2014	5240302	5240302	HUMAN_OBSERVATION	iNaturalist	Observations	34580095		Raymonde G Chartier	2019-10-19T13:47:33	CC_BY_NC_4_0	Raymonde G Chartier	Raymonde G Chartier			2025-01-14T12:09:38.444Z	StillImage	COORDINATE_ROUNDED;CONTINENT_DERIVED_FROM_COORDINATES;TAXON_MATCH_TAXON_ID_IGNORED
2576292207	50c9509d-22c7-4a22-a47d-8c48425ef4a7	https://www.inaturalist.org/observations/34868421	Fungi	Basidiomycota	Agaricomycetes	Agaricales	Amanitaceae	Amanita	Amanita brunnescens		SPECIES	Amanita brunnescens G.F.Atk.	Amanita brunnescens		CA		New Brunswick	PRESENT		28eb1a3f-1c15-4a95-931a-4af90ecb574d	46.16595	-64.330641	1502.0						2011-08-20T09:51	20	8	2011	5240302	5240302	HUMAN_OBSERVATION	iNaturalist	Observations	34868421		Raymonde G Chartier	2019-10-25T13:04:07	CC_BY_NC_4_0	Raymonde G Chartier	Raymonde G Chartier			2025-01-14T13:04:24.740Z	StillImage	COORDINATE_ROUNDED;CONTINENT_DERIVED_FROM_COORDINATES;TAXON_MATCH_TAXON_ID_IGNORED
2576269110	50c9509d-22c7-4a22-a47d-8c48425ef4a7	https://www.inaturalist.org/observations/35166334	Fungi	Basidiomycota	Agaricomycetes	Agaricales	Amanitaceae	Amanita	Amanita brunnescens		SPECIES	Amanita brunnescens G.F.Atk.	Amanita brunnescens		CA		New Brunswick	PRESENT		28eb1a3f-1c15-4a95-931a-4af90ecb574d	46.424883	-64.651753	182.0						2012-07-22T09:49	22	7	2012	5240302	5240302	HUMAN_OBSERVATION	iNaturalist	Observations	35166334		Raymonde G Chartier	2019-11-01T15:29:30	CC_BY_NC_4_0	Raymonde G Chartier	Raymonde G Chartier			2025-01-14T12:59:46.512Z	StillImage	COORDINATE_ROUNDED;CONTINENT_DERIVED_FROM_COORDINATES;TAXON_MATCH_TAXON_ID_IGNORED
2576237605	50c9509d-22c7-4a22-a47d-8c48425ef4a7	https://www.inaturalist.org/observations/15907718	Fungi	Basidiomycota	Agaricomycetes	Agaricales	Amanitaceae	Amanita	Amanita brunnescens		SPECIES	Amanita brunnescens G.F.Atk.	Amanita brunnescens		CA		Ontario	PRESENT		28eb1a3f-1c15-4a95-931a-4af90ecb574d	45.571297	-78.504301	12.0						2018-08-26T09:11:41	26	8	2018	5240302	5240302	HUMAN_OBSERVATION	iNaturalist	Observations	15907718		Angela Skevington	2018-08-26T13:12:42	CC_BY_NC_4_0	Angela Skevington	Angela Skevington			2025-01-14T12:05:45.295Z	StillImage	COORDINATE_ROUNDED;CONTINENT_DERIVED_FROM_COORDINATES;TAXON_MATCH_TAXON_ID_IGNORED
2573791183	50c9509d-22c7-4a22-a47d-8c48425ef4a7	https://www.inaturalist.org/observations/16646685	Fungi	Basidiomycota	Agaricomycetes	Agaricales	Amanitaceae	Amanita	Amanita brunnescens		SPECIES	Amanita brunnescens G.F.Atk.	Amanita brunnescens		CA		Ontario	PRESENT		28eb1a3f-1c15-4a95-931a-4af90ecb574d	45.545989	-78.433044	4208.0						2018-09-15T16:25:05	15	9	2018	5240302	5240302	HUMAN_OBSERVATION	iNaturalist	Observations	16646685		Janette	2018-09-18T01:42:06	CC_BY_NC_4_0	Janette	Janette			2025-01-14T12:05:50.182Z	StillImage	COORDINATE_ROUNDED;CONTINENT_DERIVED_FROM_COORDINATES;TAXON_MATCH_TAXON_ID_IGNORED
2447956733	50c9509d-22c7-4a22-a47d-8c48425ef4a7	https://www.inaturalist.org/observations/34956541	Fungi	Basidiomycota	Agaricomycetes	Agaricales	Amanitaceae	Amanita	Amanita brunnescens		SPECIES	Amanita brunnescens G.F.Atk.	Amanita brunnescens		CA		New Brunswick	PRESENT		28eb1a3f-1c15-4a95-931a-4af90ecb574d	46.340725	-64.621784	1227.0						2013-08-24T15:28	24	8	2013	5240302	5240302	HUMAN_OBSERVATION	iNaturalist	Observations	34956541		Raymonde G Chartier	2019-10-27T12:30:08	CC_BY_NC_4_0	Raymonde G Chartier	Raymonde G Chartier			2025-01-14T12:11:04.606Z	StillImage	COORDINATE_ROUNDED;CONTINENT_DERIVED_FROM_COORDINATES;TAXON_MATCH_TAXON_ID_IGNORED
2423613310	21705170-d2b6-42de-8904-c3bca4b83591	CMMF018823	Fungi	Basidiomycota	Agaricomycetes	Agaricales	Amanitaceae	Amanita	Amanita brunnescens		SPECIES	Amanita brunnescens G.F.Atk.	Amanita brunnescens G.F. Atk.	G.F. Atk.	CA	Prés du sentier menant à l'érabliére.	Québec	PRESENT		ff7bd5db-b724-4932-b496-10ea298851f9	45.988108	-74.005679	2500.0						1986-07-22	22	7	1986	5240302	5240302	PRESERVED_SPECIMEN	Université de Montréal Biodiversity Centre	CMMF	CMMF018823	s.n.	Nantel, Patrick		CC0_1_0	Université de Montréal Biodiversity Centre	Nantel, Patrick			2024-01-24T16:38:18.671Z		INSTITUTION_MATCH_FUZZY;COLLECTION_MATCH_FUZZY;DIFFERENT_OWNER_INSTITUTION
2423612116	21705170-d2b6-42de-8904-c3bca4b83591	CMMF018886	Fungi	Basidiomycota	Agaricomycetes	Agaricales	Amanitaceae	Amanita	Amanita brunnescens		SPECIES	Amanita brunnescens G.F.Atk.	Amanita brunnescens G.F. Atk.	G.F. Atk.	CA	Station de biologie des Laurentides, Université de Montréal	Québec	PRESENT		ff7bd5db-b724-4932-b496-10ea298851f9	45.988108	-74.005679	25000.0						1986-08-13	13	8	1986	5240302	5240302	PRESERVED_SPECIMEN	Université de Montréal Biodiversity Centre	CMMF	CMMF018886	s.n.	Nantel, Patrick		CC0_1_0	Université de Montréal Biodiversity Centre	Nantel, Patrick			2024-01-24T16:38:18.707Z		INSTITUTION_MATCH_FUZZY;COLLECTION_MATCH_FUZZY;DIFFERENT_OWNER_INSTITUTION
2423611515	21705170-d2b6-42de-8904-c3bca4b83591	CMMF018705	Fungi	Basidiomycota	Agaricomycetes	Agaricales	Amanitaceae	Amanita	Amanita brunnescens		SPECIES	Amanita brunnescens G.F.Atk.	Amanita brunnescens G.F. Atk.	G.F. Atk.	CA	Sentier du lac Geai. Station Bio U de M. St-Hippolyte.	Québec	PRESENT		ff7bd5db-b724-4932-b496-10ea298851f9	45.991697	-73.997854	750.0						1985-08-10	10	8	1985	5240302	5240302	PRESERVED_SPECIMEN	Université de Montréal Biodiversity Centre	CMMF	CMMF018705	s.n.	Nantel, Patrick		CC0_1_0	Université de Montréal Biodiversity Centre	Nantel, Patrick			2024-01-24T16:38:18.552Z		INSTITUTION_MATCH_FUZZY;COLLECTION_MATCH_FUZZY;DIFFERENT_OWNER_INSTITUTION
1990340934	032f1fbe-d21f-407d-be46-5cd1bb1ea397	15368ee3-b114-4bcb-9379-b93911132d18	Fungi	Basidiomycota	Agaricomycetes	Agaricales	Amanitaceae	Amanita	Amanita brunnescens		SPECIES	Amanita brunnescens G.F.Atk.	Amanita brunnescens	G.F. Atk.	CA	Alma, Vic. Alma, Fundy Prov. Pk., Coastal Trail at Point Wolfe.	New Brunswick	PRESENT		61c539d8-47e0-4b82-875f-b95aad66dcd4	45.551667	-65.007778							2013-09-25	25	9	2013	5240302	5240302	PRESERVED_SPECIMEN	TENN-F		TENN-F-069065	TFB 14401			CC0_1_0					2025-01-12T10:33:36.230Z		COORDINATE_ROUNDED;GEODETIC_DATUM_ASSUMED_WGS84;CONTINENT_DERIVED_FROM_COORDINATES;TAXON_MATCH_TAXON_ID_IGNORED;INSTITUTION_MATCH_NONE
1890713070	50c9509d-22c7-4a22-a47d-8c48425ef4a7	https://www.inaturalist.org/observations/15215466	Fungi	Basidiomycota	Agaricomycetes	Agaricales	Amanitaceae	Amanita	Amanita brunnescens		SPECIES	Amanita brunnescens G.F.Atk.	Amanita brunnescens		CA		Ontario	PRESENT		28eb1a3f-1c15-4a95-931a-4af90ecb574d	45.374342	-75.244558	100.0						2018-08-05T15:02	5	8	2018	5240302	5240302	HUMAN_OBSERVATION	iNaturalist	Observations	15215466		jonathan_mack	2018-08-08T02:03:25	CC_BY_NC_4_0	jonathan_mack	jonathan_mack			2025-01-14T13:00:15.415Z	StillImage	COORDINATE_ROUNDED;CONTINENT_DERIVED_FROM_COORDINATES;TAXON_MATCH_TAXON_ID_IGNORED
1807261751	e8a25a42-f125-476c-8554-3ec21cd51a84	ACAD:118384	Fungi	Basidiomycota	Agaricomycetes	Agaricales	Amanitaceae	Amanita	Amanita brunnescens		SPECIES	Amanita brunnescens G.F.Atk.	Amanita brunnescens G.F. Atk.	G.F. Atk.	CA	Sunken Lake	Nova Scotia	PRESENT		6491ad8c-8e49-4bd4-a089-0ddb3bbe0890	45.00332	-64.43881							1978-08		8	1978	5240302	5240302	PRESERVED_SPECIMEN	Acadia University	ACAD	12503F	12503	H, KA		CC0_1_0	Acadia University	H, KA; Party			2024-01-25T01:37:17.468Z	StillImage	GEODETIC_DATUM_INVALID;GEODETIC_DATUM_ASSUMED_WGS84;TAXON_MATCH_TAXON_ID_IGNORED;INSTITUTION_MATCH_FUZZY;COLLECTION_MATCH_FUZZY
1807260762	e8a25a42-f125-476c-8554-3ec21cd51a84	ACAD:117585	Fungi	Basidiomycota	Agaricomycetes	Agaricales	Amanitaceae	Amanita	Amanita brunnescens		SPECIES	Amanita brunnescens G.F.Atk.	Amanita brunnescens G.F. Atk.	G.F. Atk.	CA	Kentville	Nova Scotia	PRESENT		6491ad8c-8e49-4bd4-a089-0ddb3bbe0890	45.07662	-64.49592							1973-07-19	19	7	1973	5240302	5240302	PRESERVED_SPECIMEN	Acadia University	ACAD	10338F	10338	H, KA		CC0_1_0	Acadia University	H, KA			2024-01-25T01:37:08.222Z	StillImage	GEODETIC_DATUM_INVALID;GEODETIC_DATUM_ASSUMED_WGS84;TAXON_MATCH_TAXON_ID_IGNORED;INSTITUTION_MATCH_FUZZY;COLLECTION_MATCH_FUZZY
1807255823	e8a25a42-f125-476c-8554-3ec21cd51a84	ACAD:112264	Fungi	Basidiomycota	Agaricomycetes	Agaricales	Amanitaceae	Amanita	Amanita brunnescens		SPECIES	Amanita brunnescens G.F.Atk.	Amanita brunnescens G.F. Atk.	G.F. Atk.	CA	(Kentville)	Nova Scotia	PRESENT		6491ad8c-8e49-4bd4-a089-0ddb3bbe0890	45.07662	-64.49592							1952-08-23	23	8	1952	5240302	5240302	PRESERVED_SPECIMEN	Acadia University	ACAD	1982F	1982			CC0_1_0	Acadia University	H, KA			2024-01-25T01:37:05.756Z	StillImage	GEODETIC_DATUM_INVALID;GEODETIC_DATUM_ASSUMED_WGS84;TAXON_MATCH_TAXON_ID_IGNORED;INSTITUTION_MATCH_FUZZY;COLLECTION_MATCH_FUZZY
1807255720	e8a25a42-f125-476c-8554-3ec21cd51a84	ACAD:112263	Fungi	Basidiomycota	Agaricomycetes	Agaricales	Amanitaceae	Amanita	Amanita brunnescens		SPECIES	Amanita brunnescens G.F.Atk.	Amanita brunnescens G.F. Atk.	G.F. Atk.	CA	(Kentville)	Nova Scotia	PRESENT		6491ad8c-8e49-4bd4-a089-0ddb3bbe0890	45.07662	-64.49592							1952-08-23	23	8	1952	5240302	5240302	PRESERVED_SPECIMEN	Acadia University	ACAD	1981F	1981			CC0_1_0	Acadia University	H, KA			2024-01-25T01:37:05.756Z	StillImage	GEODETIC_DATUM_INVALID;GEODETIC_DATUM_ASSUMED_WGS84;TAXON_MATCH_TAXON_ID_IGNORED;INSTITUTION_MATCH_FUZZY;COLLECTION_MATCH_FUZZY
1701558092	39bd4817-9530-4341-a918-4f16b8db1419	UdeM:CMMF:Blitz2017:80	Fungi	Basidiomycota	Agaricomycetes	Agaricales	Amanitaceae	Amanita	Amanita brunnescens		SPECIES	Amanita brunnescens G.F.Atk.	Amanita brunnescens G.F. Atk., 1918	G.F. Atkinson	CA	Parc des Chutes de Sainte-Ursule	Québec	PRESENT		ff7bd5db-b724-4932-b496-10ea298851f9	46.300422	-73.094321	500.0						2017-08-09	9	8	2017	5240302	5240302	HUMAN_OBSERVATION	Université de Montréal Biodiversity Centre	CMMF			Raymond Archambault et Joseph Nuzzolese	2017-08-09T00:00:00	CC0_1_0		IRBV's graduate students			2024-01-24T17:29:10.476Z		
1412709541	21705170-d2b6-42de-8904-c3bca4b83591	CMMF018065	Fungi	Basidiomycota	Agaricomycetes	Agaricales	Amanitaceae	Amanita	Amanita brunnescens		SPECIES	Amanita brunnescens G.F.Atk.	Amanita brunnescens G.F. Atk.	G.F. Atk.	CA	Lac Triton (tête), Station de biologie des Laurentides, Saint-Hippolyte, Québec.	Québec	PRESENT		ff7bd5db-b724-4932-b496-10ea298851f9	45.987784	-74.007871	250.0						1977-08-08	8	8	1977	5240302	5240302	PRESERVED_SPECIMEN	Université de Montréal Biodiversity Centre	CMMF	CMMF018065	66	B., A.M.; T., A.; Neumann, Peterjurgen; R., S.		CC0_1_0	Université de Montréal Biodiversity Centre	B., A.M.; T., A.; Neumann, Peterjurgen; R., S.			2024-01-24T16:38:17.937Z		INSTITUTION_MATCH_FUZZY;COLLECTION_MATCH_FUZZY;DIFFERENT_OWNER_INSTITUTION
1412709142	21705170-d2b6-42de-8904-c3bca4b83591	CMMF017541	Fungi	Basidiomycota	Agaricomycetes	Agaricales	Amanitaceae	Amanita	Amanita brunnescens		SPECIES	Amanita brunnescens G.F.Atk.	Amanita brunnescens G.F. Atk.	G.F. Atk.	CA	Arboretum Morgan A, Québec.	Québec	PRESENT		ff7bd5db-b724-4932-b496-10ea298851f9	45.43	-73.946667	2500.0						1980-08-15	15	8	1980	5240302	5240302	PRESERVED_SPECIMEN	Université de Montréal Biodiversity Centre	CMMF	CMMF017541	1980-372	Haméon, G.		CC0_1_0	Université de Montréal Biodiversity Centre	Haméon, G.			2024-01-24T16:38:15.786Z		COORDINATE_ROUNDED;INSTITUTION_MATCH_FUZZY;COLLECTION_MATCH_FUZZY;DIFFERENT_OWNER_INSTITUTION
1412705905	21705170-d2b6-42de-8904-c3bca4b83591	CMMF014305	Fungi	Basidiomycota	Agaricomycetes	Agaricales	Amanitaceae	Amanita	Amanita brunnescens		SPECIES	Amanita brunnescens G.F.Atk.	Amanita brunnescens G.F. Atk.	G.F. Atk.	CA	Saint-Ubalde, Québec.	Québec	PRESENT		ff7bd5db-b724-4932-b496-10ea298851f9	46.799305	-72.267036	10000.0						1978-07-06	6	7	1978	5240302	5240302	PRESERVED_SPECIMEN	Université de Montréal Biodiversity Centre	CMMF	CMMF014305	NA	Guérin, Gérard		CC0_1_0	Université de Montréal Biodiversity Centre	Guérin, Gérard			2024-01-24T16:38:19.447Z		INSTITUTION_MATCH_FUZZY;COLLECTION_MATCH_FUZZY;DIFFERENT_OWNER_INSTITUTION
1412705883	21705170-d2b6-42de-8904-c3bca4b83591	CMMF014307	Fungi	Basidiomycota	Agaricomycetes	Agaricales	Amanitaceae	Amanita	Amanita brunnescens		SPECIES	Amanita brunnescens G.F.Atk.	Amanita brunnescens G.F. Atk.	G.F. Atk.	CA	Saint-Ubalde, Québec.	Québec	PRESENT		ff7bd5db-b724-4932-b496-10ea298851f9	46.799305	-72.267036	10000.0						1992-07-20	20	7	1992	5240302	5240302	PRESERVED_SPECIMEN	Université de Montréal Biodiversity Centre	CMMF	CMMF014307	NA	Guérin, Gérard		CC0_1_0	Université de Montréal Biodiversity Centre	Guérin, Gérard			2024-01-24T16:38:19.447Z		INSTITUTION_MATCH_FUZZY;COLLECTION_MATCH_FUZZY;DIFFERENT_OWNER_INSTITUTION
1412705841	21705170-d2b6-42de-8904-c3bca4b83591	CMMF014306	Fungi	Basidiomycota	Agaricomycetes	Agaricales	Amanitaceae	Amanita	Amanita brunnescens		SPECIES	Amanita brunnescens G.F.Atk.	Amanita brunnescens G.F. Atk.	G.F. Atk.	CA	Petit-Saguenay, Québec.	Québec	PRESENT		ff7bd5db-b724-4932-b496-10ea298851f9	48.211445	-70.071049	3500.0						1984-08-20	20	8	1984	5240302	5240302	PRESERVED_SPECIMEN	Université de Montréal Biodiversity Centre	CMMF	CMMF014306	NA	Guérin, Gérard		CC0_1_0	Université de Montréal Biodiversity Centre	Guérin, Gérard			2024-01-24T16:38:19.447Z		INSTITUTION_MATCH_FUZZY;COLLECTION_MATCH_FUZZY;DIFFERENT_OWNER_INSTITUTION
1412705799	21705170-d2b6-42de-8904-c3bca4b83591	CMMF014309	Fungi	Basidiomycota	Agaricomycetes	Agaricales	Amanitaceae	Amanita	Amanita brunnescens		SPECIES	Amanita brunnescens G.F.Atk.	Amanita brunnescens G.F. Atk.	G.F. Atk.	CA	Saint-Ubalde, Québec.	Québec	PRESENT		ff7bd5db-b724-4932-b496-10ea298851f9	46.799305	-72.267036	10000.0						1994-07-25	25	7	1994	5240302	5240302	PRESERVED_SPECIMEN	Université de Montréal Biodiversity Centre	CMMF	CMMF014309	NA	Guérin, Gérard		CC0_1_0	Université de Montréal Biodiversity Centre	Guérin, Gérard			2024-01-24T16:38:19.450Z		INSTITUTION_MATCH_FUZZY;COLLECTION_MATCH_FUZZY;DIFFERENT_OWNER_INSTITUTION
1412705788	21705170-d2b6-42de-8904-c3bca4b83591	CMMF014308	Fungi	Basidiomycota	Agaricomycetes	Agaricales	Amanitaceae	Amanita	Amanita brunnescens		SPECIES	Amanita brunnescens G.F.Atk.	Amanita brunnescens G.F. Atk.	G.F. Atk.	CA	Ixworth, Québec.	Québec	PRESENT		ff7bd5db-b724-4932-b496-10ea298851f9	47.317529	-69.939661	5000.0						1993-09-05	5	9	1993	5240302	5240302	PRESERVED_SPECIMEN	Université de Montréal Biodiversity Centre	CMMF	CMMF014308	NA	Guérin, Gérard		CC0_1_0	Université de Montréal Biodiversity Centre	Guérin, Gérard			2024-01-24T16:38:19.454Z		INSTITUTION_MATCH_FUZZY;COLLECTION_MATCH_FUZZY;DIFFERENT_OWNER_INSTITUTION
1135071134	21705170-d2b6-42de-8904-c3bca4b83591	CMMF009660	Fungi	Basidiomycota	Agaricomycetes	Agaricales	Amanitaceae	Amanita	Amanita brunnescens		SPECIES	Amanita brunnescens G.F.Atk.	Amanita brunnescens G.F. Atk.	G.F. Atk.	CA	Forêt de Sherwood, Québec.	Québec	PRESENT		ff7bd5db-b724-4932-b496-10ea298851f9	46.86201	-71.307678	15000.0						2007-08-01	1	8	2007	5240302	5240302	PRESERVED_SPECIMEN	Université de Montréal Biodiversity Centre	CMMF	CMMF009660	1244	Labrecque, Jacqueline		CC0_1_0	Université de Montréal Biodiversity Centre	Labrecque, Jacqueline			2024-01-24T16:38:21.017Z		INSTITUTION_MATCH_FUZZY;COLLECTION_MATCH_FUZZY;DIFFERENT_OWNER_INSTITUTION
1135071075	21705170-d2b6-42de-8904-c3bca4b83591	CMMF009673	Fungi	Basidiomycota	Agaricomycetes	Agaricales	Amanitaceae	Amanita	Amanita brunnescens		SPECIES	Amanita brunnescens G.F.Atk.	Amanita brunnescens G.F. Atk.	G.F. Atk.	CA	Chemin Chapelle, Lac-Beauport.	Québec	PRESENT		ff7bd5db-b724-4932-b496-10ea298851f9	46.949281	-71.284722	250.0						2007-08-03	3	8	2007	5240302	5240302	PRESERVED_SPECIMEN	Université de Montréal Biodiversity Centre	CMMF	CMMF009673	1257	Labrecque, Jacqueline		CC0_1_0	Université de Montréal Biodiversity Centre	Labrecque, Jacqueline			2024-01-24T16:38:21.011Z		INSTITUTION_MATCH_FUZZY;COLLECTION_MATCH_FUZZY;DIFFERENT_OWNER_INSTITUTION
1135070224	21705170-d2b6-42de-8904-c3bca4b83591	CMMF008774	Fungi	Basidiomycota	Agaricomycetes	Agaricales	Amanitaceae	Amanita	Amanita brunnescens	pallida	VARIETY	Amanita brunnescens var. pallida L.Krieg.	Amanita brunnescens var. pallida L. Krieg.	L. Krieg.	CA	Forêt Sherwood, Québec.	Québec	PRESENT		ff7bd5db-b724-4932-b496-10ea298851f9	46.86201	-71.307678	15000.0						2006-07-22	22	7	2006	5451848	5240302	PRESERVED_SPECIMEN	Université de Montréal Biodiversity Centre	CMMF	CMMF008774	356	Labrecque, Jacqueline		CC0_1_0	Université de Montréal Biodiversity Centre	Labrecque, Jacqueline			2024-01-24T16:38:18.821Z		INSTITUTION_MATCH_FUZZY;COLLECTION_MATCH_FUZZY;DIFFERENT_OWNER_INSTITUTION
1135070193	21705170-d2b6-42de-8904-c3bca4b83591	CMMF008757	Fungi	Basidiomycota	Agaricomycetes	Agaricales	Amanitaceae	Amanita	Amanita brunnescens		SPECIES	Amanita brunnescens G.F.Atk.	Amanita brunnescens G.F. Atk.	G.F. Atk.	CA	Lac Neigette sud, Lac-Beauport.	Québec	PRESENT		ff7bd5db-b724-4932-b496-10ea298851f9	46.949694	-71.300041	450.0						2006-07-18	18	7	2006	5240302	5240302	PRESERVED_SPECIMEN	Université de Montréal Biodiversity Centre	CMMF	CMMF008757	339	Labrecque, Jacqueline		CC0_1_0	Université de Montréal Biodiversity Centre	Dubé, Pauline			2024-01-24T16:38:18.799Z	StillImage	INSTITUTION_MATCH_FUZZY;COLLECTION_MATCH_FUZZY;DIFFERENT_OWNER_INSTITUTION
1024560029	21705170-d2b6-42de-8904-c3bca4b83591	CMMF005457	Fungi	Basidiomycota	Agaricomycetes	Agaricales	Amanitaceae	Amanita	Amanita brunnescens		SPECIES	Amanita brunnescens G.F.Atk.	Amanita brunnescens G.F. Atk.	G.F. Atk.	CA	Mascouche	Québec	PRESENT		ff7bd5db-b724-4932-b496-10ea298851f9	45.767033	-73.643917	100.0						2010-07-21	21	7	2010	5240302	5240302	PRESERVED_SPECIMEN	Université de Montréal Biodiversity Centre	CMMF	CMMF005457	C3673	McNeil, Raymond		CC0_1_0	Université de Montréal Biodiversity Centre	McNeil, Raymond			2024-01-24T16:38:15.742Z	StillImage	COORDINATE_ROUNDED;INSTITUTION_MATCH_FUZZY;COLLECTION_MATCH_FUZZY;DIFFERENT_OWNER_INSTITUTION
1024559948	21705170-d2b6-42de-8904-c3bca4b83591	CMMF005456	Fungi	Basidiomycota	Agaricomycetes	Agaricales	Amanitaceae	Amanita	Amanita brunnescens		SPECIES	Amanita brunnescens G.F.Atk.	Amanita brunnescens G.F. Atk.	G.F. Atk.	CA	Mirabel (chemin de la Rivière du Nord)	Québec	PRESENT		ff7bd5db-b724-4932-b496-10ea298851f9	45.683917	-74.2185	100.0						2009-08-03	3	8	2009	5240302	5240302	PRESERVED_SPECIMEN	Université de Montréal Biodiversity Centre	CMMF	CMMF005456	C3515	McNeil, Raymond		CC0_1_0	Université de Montréal Biodiversity Centre	McNeil, Raymond			2024-01-24T16:38:15.742Z	StillImage	COORDINATE_ROUNDED;INSTITUTION_MATCH_FUZZY;COLLECTION_MATCH_FUZZY;DIFFERENT_OWNER_INSTITUTION
1024559942	21705170-d2b6-42de-8904-c3bca4b83591	CMMF005455	Fungi	Basidiomycota	Agaricomycetes	Agaricales	Amanitaceae	Amanita	Amanita brunnescens		SPECIES	Amanita brunnescens G.F.Atk.	Amanita brunnescens G.F. Atk.	G.F. Atk.	CA	Lachute	Québec	PRESENT		ff7bd5db-b724-4932-b496-10ea298851f9	45.66275	-74.241983	100.0						2005-10-02	2	10	2005	5240302	5240302	PRESERVED_SPECIMEN	Université de Montréal Biodiversity Centre	CMMF	CMMF005455	C2603	McNeil, Raymond		CC0_1_0	Université de Montréal Biodiversity Centre	McNeil, Raymond			2024-01-24T16:38:15.742Z	StillImage	COORDINATE_ROUNDED;INSTITUTION_MATCH_FUZZY;COLLECTION_MATCH_FUZZY;DIFFERENT_OWNER_INSTITUTION
1024559927	21705170-d2b6-42de-8904-c3bca4b83591	CMMF005458	Fungi	Basidiomycota	Agaricomycetes	Agaricales	Amanitaceae	Amanita	Amanita brunnescens	pallida	VARIETY	Amanita brunnescens var. pallida L.Krieg.	Amanita brunnescens var. pallida L. Krieg.	L. Krieg.	CA	Mascouche	Québec	PRESENT		ff7bd5db-b724-4932-b496-10ea298851f9	45.7481	-73.667633	100.0						2009-08-08	8	8	2009	5451848	5240302	PRESERVED_SPECIMEN	Université de Montréal Biodiversity Centre	CMMF	CMMF005458	C3532	McNeil, Raymond		CC0_1_0	Université de Montréal Biodiversity Centre	McNeil, Raymond			2024-01-24T16:38:15.743Z	StillImage	COORDINATE_ROUNDED;INSTITUTION_MATCH_FUZZY;COLLECTION_MATCH_FUZZY;DIFFERENT_OWNER_INSTITUTION
