gbifID	datasetKey	occurrenceID	kingdom	phylum	class	order	family	genus	species	infraspecificEpithet	taxonRank	scientificName	verbatimScientificName	verbatimScientificNameAuthorship	countryCode	locality	stateProvince	occurrenceStatus	individualCount	publishingOrgKey	decimalLatitude	decimalLongitude	coordinateUncertaintyInMeters	coordinatePrecision	elevation	elevationAccuracy	depth	depthAccuracy	eventDate	day	month	year	taxonKey	speciesKey	basisOfRecord	institutionCode	collectionCode	catalogNumber	recordNumber	identifiedBy	dateIdentified	license	rightsHolder	recordedBy	typeStatus	establishmentMeans	lastInterpreted	mediaType	issue
617552844	21705170-d2b6-42de-8904-c3bca4b83591	CMMF003336	Fungi	Basidiomycota	Agaricomycetes	Polyporales	Polyporaceae	Trametes	Trametes hirsuta		SPECIES	Trametes hirsuta (Wulfen) Lloyd	Trametes hirsuta (Wulfen) Lloyd	(Wulfen) Lloyd	CA	Aylmer	Québec	PRESENT		ff7bd5db-b724-4932-b496-10ea298851f9	45.43133	-75.8397	7500.0						1999-08-01	1	8	1999	8032257	8032257	PRESERVED_SPECIMEN	Université de Montréal Biodiversity Centre	CMMF	CMMF003336		Audet, Serge		CC0_1_0	Université de Montréal Biodiversity Centre	Audet, Serge			2024-01-24T16:38:17.066Z	StillImage	INSTITUTION_MATCH_FUZZY;COLLECTION_MATCH_FUZZY;DIFFERENT_OWNER_INSTITUTION
4987450177	50c9509d-22c7-4a22-a47d-8c48425ef4a7	https://www.inaturalist.org/observations/253049318	Fungi	Basidiomycota	Agaricomycetes	Polyporales	Polyporaceae	Trametes	Trametes hirsuta		SPECIES	Trametes hirsuta (Wulfen) Lloyd	Trametes hirsuta		CA		Ontario	PRESENT		28eb1a3f-1c15-4a95-931a-4af90ecb574d	45.320134	-75.739301	46.0						2024-11-25T08:56:42	25	11	2024	8032257	8032257	HUMAN_OBSERVATION	iNaturalist	Observations	253049318		Seb H	2024-11-25T14:45:56	CC_BY_4_0	Seb H	Seb H			2025-01-14T13:44:33.776Z	StillImage	COORDINATE_ROUNDED;CONTINENT_DERIVED_FROM_COORDINATES;TAXON_MATCH_TAXON_ID_IGNORED
4980386979	50c9509d-22c7-4a22-a47d-8c48425ef4a7	https://www.inaturalist.org/observations/250630191	Fungi	Basidiomycota	Agaricomycetes	Polyporales	Polyporaceae	Trametes	Trametes hirsuta		SPECIES	Trametes hirsuta (Wulfen) Lloyd	Trametes hirsuta		CA		Ontario	PRESENT		28eb1a3f-1c15-4a95-931a-4af90ecb574d	45.392561	-75.744774	9.0						2024-11-05T20:07:57	5	11	2024	8032257	8032257	HUMAN_OBSERVATION	iNaturalist	Observations	250630191		zoewaller	2024-11-06T01:09:48	CC_BY_NC_4_0	zoewaller	zoewaller			2025-01-14T12:55:23.650Z	StillImage	COORDINATE_ROUNDED;CONTINENT_DERIVED_FROM_COORDINATES;TAXON_MATCH_TAXON_ID_IGNORED
4976540506	50c9509d-22c7-4a22-a47d-8c48425ef4a7	https://www.inaturalist.org/observations/246156102	Fungi	Basidiomycota	Agaricomycetes	Polyporales	Polyporaceae	Trametes	Trametes hirsuta		SPECIES	Trametes hirsuta (Wulfen) Lloyd	Trametes hirsuta		CA		Québec	PRESENT		28eb1a3f-1c15-4a95-931a-4af90ecb574d	45.660105	-73.912317	4.0						2024-10-06T10:17:30	6	10	2024	8032257	8032257	HUMAN_OBSERVATION	iNaturalist	Observations	246156102		Mical	2024-10-21T23:25:31	CC_BY_4_0	Mical	Mical			2025-01-14T13:40:31.484Z	StillImage	COORDINATE_ROUNDED;CONTINENT_DERIVED_FROM_COORDINATES;TAXON_MATCH_TAXON_ID_IGNORED
4935664995	50c9509d-22c7-4a22-a47d-8c48425ef4a7	https://www.inaturalist.org/observations/237567714	Fungi	Basidiomycota	Agaricomycetes	Polyporales	Polyporaceae	Trametes	Trametes hirsuta		SPECIES	Trametes hirsuta (Wulfen) Lloyd	Trametes hirsuta		CA		New Brunswick	PRESENT		28eb1a3f-1c15-4a95-931a-4af90ecb574d	45.22153	-66.37769	5.0						2024-08-21T10:43	21	8	2024	8032257	8032257	HUMAN_OBSERVATION	iNaturalist	Observations	237567714		Greg Thorn	2024-08-24T02:10:40	CC_BY_NC_4_0	Greg Thorn	Greg Thorn			2025-01-14T13:42:51.462Z	StillImage	CONTINENT_DERIVED_FROM_COORDINATES;TAXON_MATCH_TAXON_ID_IGNORED
4901940161	50c9509d-22c7-4a22-a47d-8c48425ef4a7	https://www.inaturalist.org/observations/135601452	Fungi	Basidiomycota	Agaricomycetes	Polyporales	Polyporaceae	Trametes	Trametes hirsuta		SPECIES	Trametes hirsuta (Wulfen) Lloyd	Trametes hirsuta		CA		Québec	PRESENT		28eb1a3f-1c15-4a95-931a-4af90ecb574d	46.836458	-71.301957	12.0						2022-09-18T17:28	18	9	2022	8032257	8032257	HUMAN_OBSERVATION	iNaturalist	Observations	135601452		karolanegb	2024-06-15T02:00:40	CC_BY_NC_4_0	foss_bean	foss_bean			2025-01-14T14:07:03.455Z	StillImage	COORDINATE_ROUNDED;CONTINENT_DERIVED_FROM_COORDINATES;TAXON_MATCH_TAXON_ID_IGNORED
4892931983	eeaf050f-23d0-4557-9084-ec545cd3d9a7	9b12bc17-5552-499d-92a4-71d097355076	Fungi	Basidiomycota	Agaricomycetes	Polyporales	Polyporaceae	Trametes	Trametes hirsuta		SPECIES	Trametes hirsuta (Wulfen) Lloyd	Trametes hirsuta	(Wulfen) Lloyd	CA	Ottawa	Ontario	PRESENT		325c883e-46a7-4be3-9d77-7dde654fd1d3	45.423949	-75.695445											8032257	8032257	PRESERVED_SPECIMEN	DPI	DAR	DAR00045996				CC_BY_4_0					2025-01-02T23:50:27.639Z		CONTINENT_DERIVED_FROM_COORDINATES;TAXON_MATCH_TAXON_CONCEPT_ID_IGNORED;INSTITUTION_MATCH_NONE
4606552383	50c9509d-22c7-4a22-a47d-8c48425ef4a7	https://www.inaturalist.org/observations/16961552	Fungi	Basidiomycota	Agaricomycetes	Polyporales	Polyporaceae	Trametes	Trametes hirsuta		SPECIES	Trametes hirsuta (Wulfen) Lloyd	Trametes hirsuta		CA		Québec	PRESENT		28eb1a3f-1c15-4a95-931a-4af90ecb574d	45.435753	-73.948146	10.0						2018-09-27T09:55:29	27	9	2018	8032257	8032257	HUMAN_OBSERVATION	iNaturalist	Observations	16961552		Ariel Bonkoski	2024-04-07T04:57:29	CC_BY_NC_4_0	inspector_crow	inspector_crow			2025-01-14T12:05:53.863Z	StillImage	COORDINATE_ROUNDED;CONTINENT_DERIVED_FROM_COORDINATES;TAXON_MATCH_TAXON_ID_IGNORED
4535736126	50c9509d-22c7-4a22-a47d-8c48425ef4a7	https://www.inaturalist.org/observations/201297905	Fungi	Basidiomycota	Agaricomycetes	Polyporales	Polyporaceae	Trametes	Trametes hirsuta		SPECIES	Trametes hirsuta (Wulfen) Lloyd	Trametes hirsuta		CA		Ontario	PRESENT		28eb1a3f-1c15-4a95-931a-4af90ecb574d	45.354437	-75.604498	1095.0						2024-03-04T10:36	4	3	2024	8032257	8032257	HUMAN_OBSERVATION	iNaturalist	Observations	201297905		L Joan Heyding	2024-03-04T21:06:55	CC_BY_NC_4_0	L Joan Heyding	L Joan Heyding			2025-01-14T12:44:23.377Z	StillImage	COORDINATE_ROUNDED;CONTINENT_DERIVED_FROM_COORDINATES;TAXON_MATCH_TAXON_ID_IGNORED
4512154441	50c9509d-22c7-4a22-a47d-8c48425ef4a7	https://www.inaturalist.org/observations/43696422	Fungi	Basidiomycota	Agaricomycetes	Polyporales	Polyporaceae	Trametes	Trametes hirsuta		SPECIES	Trametes hirsuta (Wulfen) Lloyd	Trametes hirsuta		CA		Nova Scotia	PRESENT		28eb1a3f-1c15-4a95-931a-4af90ecb574d	45.066088	-64.33239							2020-04-26T13:40	26	4	2020	8032257	8032257	HUMAN_OBSERVATION	iNaturalist	Observations	43696422		Paul Illsley	2020-04-26T19:02:47	CC_BY_NC_4_0	Paul Illsley	Paul Illsley			2025-01-14T12:12:43.300Z	StillImage	COORDINATE_ROUNDED;CONTINENT_DERIVED_FROM_COORDINATES;TAXON_MATCH_TAXON_ID_IGNORED
4510118312	50c9509d-22c7-4a22-a47d-8c48425ef4a7	https://www.inaturalist.org/observations/193078274	Fungi	Basidiomycota	Agaricomycetes	Polyporales	Polyporaceae	Trametes	Trametes hirsuta		SPECIES	Trametes hirsuta (Wulfen) Lloyd	Trametes hirsuta		CA		Ontario	PRESENT		28eb1a3f-1c15-4a95-931a-4af90ecb574d	45.366626	-75.549719	61.0						2023-12-01T16:26	1	12	2023	8032257	8032257	HUMAN_OBSERVATION	iNaturalist	Observations	193078274		David Thomas Glover	2023-12-04T23:40:03	CC_BY_NC_4_0	David Thomas Glover	David Thomas Glover			2025-01-14T13:42:59.281Z	StillImage	COORDINATE_ROUNDED;CONTINENT_DERIVED_FROM_COORDINATES;TAXON_MATCH_TAXON_ID_IGNORED
4510094317	50c9509d-22c7-4a22-a47d-8c48425ef4a7	https://www.inaturalist.org/observations/189495509	Fungi	Basidiomycota	Agaricomycetes	Polyporales	Polyporaceae	Trametes	Trametes hirsuta		SPECIES	Trametes hirsuta (Wulfen) Lloyd	Trametes hirsuta		CA		New Brunswick	PRESENT		28eb1a3f-1c15-4a95-931a-4af90ecb574d	47.61105	-65.636469	29.0						2023-10-29T16:09:13	29	10	2023	8032257	8032257	HUMAN_OBSERVATION	iNaturalist	Observations	189495509		Ariel Bonkoski	2023-12-27T09:54:53	CC_BY_NC_4_0	roachiecanada	roachiecanada			2025-01-14T12:44:47.955Z	StillImage	COORDINATE_ROUNDED;CONTINENT_DERIVED_FROM_COORDINATES;TAXON_MATCH_TAXON_ID_IGNORED
4510090478	50c9509d-22c7-4a22-a47d-8c48425ef4a7	https://www.inaturalist.org/observations/195169689	Fungi	Basidiomycota	Agaricomycetes	Polyporales	Polyporaceae	Trametes	Trametes hirsuta		SPECIES	Trametes hirsuta (Wulfen) Lloyd	Trametes hirsuta		CA		Ontario	PRESENT		28eb1a3f-1c15-4a95-931a-4af90ecb574d	45.354437	-75.604498	1095.0						2023-12-28T15:25	28	12	2023	8032257	8032257	HUMAN_OBSERVATION	iNaturalist	Observations	195169689		L Joan Heyding	2023-12-29T14:13:23	CC_BY_NC_4_0	L Joan Heyding	L Joan Heyding			2025-01-14T13:29:06.381Z	StillImage	COORDINATE_ROUNDED;CONTINENT_DERIVED_FROM_COORDINATES;TAXON_MATCH_TAXON_ID_IGNORED
4510090327	50c9509d-22c7-4a22-a47d-8c48425ef4a7	https://www.inaturalist.org/observations/192775052	Fungi	Basidiomycota	Agaricomycetes	Polyporales	Polyporaceae	Trametes	Trametes hirsuta		SPECIES	Trametes hirsuta (Wulfen) Lloyd	Trametes hirsuta		CA		Ontario	PRESENT		28eb1a3f-1c15-4a95-931a-4af90ecb574d	45.354437	-75.604498	1095.0						2023-12-01T09:58	1	12	2023	8032257	8032257	HUMAN_OBSERVATION	iNaturalist	Observations	192775052		L Joan Heyding	2023-12-02T01:53:56	CC_BY_NC_4_0	L Joan Heyding	L Joan Heyding			2025-01-14T13:35:05.522Z	StillImage	COORDINATE_ROUNDED;CONTINENT_DERIVED_FROM_COORDINATES;TAXON_MATCH_TAXON_ID_IGNORED
4510059190	50c9509d-22c7-4a22-a47d-8c48425ef4a7	https://www.inaturalist.org/observations/188503985	Fungi	Basidiomycota	Agaricomycetes	Polyporales	Polyporaceae	Trametes	Trametes hirsuta		SPECIES	Trametes hirsuta (Wulfen) Lloyd	Trametes hirsuta		CA		Ontario	PRESENT		28eb1a3f-1c15-4a95-931a-4af90ecb574d	45.306667	-75.84858							2023-10-19T10:04:02	19	10	2023	8032257	8032257	HUMAN_OBSERVATION	iNaturalist	Observations	188503985		Nina	2023-10-22T11:38:52	CC_BY_NC_4_0	Nina	Nina			2025-01-14T13:34:53.514Z	StillImage	COORDINATE_ROUNDED;CONTINENT_DERIVED_FROM_COORDINATES;TAXON_MATCH_TAXON_ID_IGNORED
4510048234	50c9509d-22c7-4a22-a47d-8c48425ef4a7	https://www.inaturalist.org/observations/186842612	Fungi	Basidiomycota	Agaricomycetes	Polyporales	Polyporaceae	Trametes	Trametes hirsuta		SPECIES	Trametes hirsuta (Wulfen) Lloyd	Trametes hirsuta		CA		Québec	PRESENT		28eb1a3f-1c15-4a95-931a-4af90ecb574d	45.235348	-73.679435	27190.0						2023-10-08T14:22:05	8	10	2023	8032257	8032257	HUMAN_OBSERVATION	iNaturalist	Observations	186842612		Adrian Charbonneau	2023-10-09T12:52:09	CC_BY_NC_4_0	Adrian Charbonneau	Adrian Charbonneau			2025-01-14T13:28:11.490Z	StillImage	COORDINATE_ROUNDED;CONTINENT_DERIVED_FROM_COORDINATES;TAXON_MATCH_TAXON_ID_IGNORED
4510047286	50c9509d-22c7-4a22-a47d-8c48425ef4a7	https://www.inaturalist.org/observations/188448351	Fungi	Basidiomycota	Agaricomycetes	Polyporales	Polyporaceae	Trametes	Trametes hirsuta		SPECIES	Trametes hirsuta (Wulfen) Lloyd	Trametes hirsuta		CA		Québec	PRESENT		28eb1a3f-1c15-4a95-931a-4af90ecb574d	45.468538	-75.811347							2023-10-21T15:09:35	21	10	2023	8032257	8032257	HUMAN_OBSERVATION	iNaturalist	Observations	188448351		jfcroteau	2023-10-21T23:40:36	CC_BY_NC_4_0	jfcroteau	jfcroteau			2025-01-14T13:33:28.952Z	StillImage	COORDINATE_ROUNDED;CONTINENT_DERIVED_FROM_COORDINATES;TAXON_MATCH_TAXON_ID_IGNORED
4510047231	50c9509d-22c7-4a22-a47d-8c48425ef4a7	https://www.inaturalist.org/observations/184906990	Fungi	Basidiomycota	Agaricomycetes	Polyporales	Polyporaceae	Trametes	Trametes hirsuta		SPECIES	Trametes hirsuta (Wulfen) Lloyd	Trametes hirsuta		CA		Ontario	PRESENT		28eb1a3f-1c15-4a95-931a-4af90ecb574d	45.460577	-76.260381	177.0						2023-09-25T15:13:54	25	9	2023	8032257	8032257	HUMAN_OBSERVATION	iNaturalist	Observations	184906990		Lynn Ovenden	2023-09-25T19:21:10	CC_BY_NC_4_0	Lynn Ovenden	Lynn Ovenden			2025-01-14T12:42:18.936Z	StillImage	COORDINATE_ROUNDED;CONTINENT_DERIVED_FROM_COORDINATES;TAXON_MATCH_TAXON_ID_IGNORED
4510002207	50c9509d-22c7-4a22-a47d-8c48425ef4a7	https://www.inaturalist.org/observations/185596845	Fungi	Basidiomycota	Agaricomycetes	Polyporales	Polyporaceae	Trametes	Trametes hirsuta		SPECIES	Trametes hirsuta (Wulfen) Lloyd	Trametes hirsuta		CA		Ontario	PRESENT		28eb1a3f-1c15-4a95-931a-4af90ecb574d	45.155753	-75.258253	61.0						2023-09-23T17:12	23	9	2023	8032257	8032257	HUMAN_OBSERVATION	iNaturalist	Observations	185596845		David Thomas Glover	2023-09-30T17:14:36	CC_BY_NC_4_0	David Thomas Glover	David Thomas Glover			2025-01-14T13:34:01.319Z	StillImage	COORDINATE_ROUNDED;CONTINENT_DERIVED_FROM_COORDINATES;TAXON_MATCH_TAXON_ID_IGNORED
4506470341	50c9509d-22c7-4a22-a47d-8c48425ef4a7	https://www.inaturalist.org/observations/193482172	Fungi	Basidiomycota	Agaricomycetes	Polyporales	Polyporaceae	Trametes	Trametes hirsuta		SPECIES	Trametes hirsuta (Wulfen) Lloyd	Trametes hirsuta		CA		Québec	PRESENT		28eb1a3f-1c15-4a95-931a-4af90ecb574d	46.911388	-71.232979	61.0						2023-10-02	2	10	2023	8032257	8032257	HUMAN_OBSERVATION	iNaturalist	Observations	193482172		Ariel Bonkoski	2023-12-26T09:25:27	CC_BY_NC_4_0	Christian Grenier	Christian Grenier			2025-01-14T13:36:35.542Z	StillImage	COORDINATE_ROUNDED;CONTINENT_DERIVED_FROM_COORDINATES;TAXON_MATCH_TAXON_ID_IGNORED
4506377226	50c9509d-22c7-4a22-a47d-8c48425ef4a7	https://www.inaturalist.org/observations/187839604	Fungi	Basidiomycota	Agaricomycetes	Polyporales	Polyporaceae	Trametes	Trametes hirsuta		SPECIES	Trametes hirsuta (Wulfen) Lloyd	Trametes hirsuta		CA		Québec	PRESENT		28eb1a3f-1c15-4a95-931a-4af90ecb574d	45.492356	-74.013346							2023-10-16T11:37	16	10	2023	8032257	8032257	HUMAN_OBSERVATION	iNaturalist	Observations	187839604		Chantal Gauthier	2023-10-16T23:44:27	CC_BY_NC_4_0	Chantal Gauthier	Chantal Gauthier			2025-01-14T13:29:56.841Z		CONTINENT_DERIVED_FROM_COORDINATES;TAXON_MATCH_TAXON_ID_IGNORED
4506210298	50c9509d-22c7-4a22-a47d-8c48425ef4a7	https://www.inaturalist.org/observations/193032018	Fungi	Basidiomycota	Agaricomycetes	Polyporales	Polyporaceae	Trametes	Trametes hirsuta		SPECIES	Trametes hirsuta (Wulfen) Lloyd	Trametes hirsuta		CA		Québec	PRESENT		28eb1a3f-1c15-4a95-931a-4af90ecb574d	45.562652	-75.435475	8.0						2023-10-08	8	10	2023	8032257	8032257	HUMAN_OBSERVATION	iNaturalist	Observations	193032018		Christian Grenier	2023-12-04T13:28:30	CC_BY_NC_4_0	Christian Grenier	Christian Grenier			2025-01-14T12:43:30.337Z	StillImage	COORDINATE_ROUNDED;CONTINENT_DERIVED_FROM_COORDINATES;TAXON_MATCH_TAXON_ID_IGNORED
4442683728	50c9509d-22c7-4a22-a47d-8c48425ef4a7	https://www.inaturalist.org/observations/191109444	Fungi	Basidiomycota	Agaricomycetes	Polyporales	Polyporaceae	Trametes	Trametes hirsuta		SPECIES	Trametes hirsuta (Wulfen) Lloyd	Trametes hirsuta		CA		Québec	PRESENT		28eb1a3f-1c15-4a95-931a-4af90ecb574d	45.63304	-73.81153	122.0						2023-11-15T11:47	15	11	2023	8032257	8032257	HUMAN_OBSERVATION	iNaturalist	Observations	191109444		Biscotte	2023-11-15T18:53:41	CC_BY_NC_4_0	Biscotte	Biscotte			2025-01-14T13:34:40.400Z	StillImage	COORDINATE_ROUNDED;CONTINENT_DERIVED_FROM_COORDINATES;TAXON_MATCH_TAXON_ID_IGNORED
4442618028	50c9509d-22c7-4a22-a47d-8c48425ef4a7	https://www.inaturalist.org/observations/187525206	Fungi	Basidiomycota	Agaricomycetes	Polyporales	Polyporaceae	Trametes	Trametes hirsuta		SPECIES	Trametes hirsuta (Wulfen) Lloyd	Trametes hirsuta		CA		Ontario	PRESENT		28eb1a3f-1c15-4a95-931a-4af90ecb574d	45.306148	-75.816601	286.0						2023-10-14T13:09:51	14	10	2023	8032257	8032257	HUMAN_OBSERVATION	iNaturalist	Observations	187525206		janesly	2023-10-14T18:35:28	CC_BY_NC_4_0	janesly	janesly			2025-01-14T13:35:03.761Z	StillImage	COORDINATE_ROUNDED;CONTINENT_DERIVED_FROM_COORDINATES;TAXON_MATCH_TAXON_ID_IGNORED
4442473940	50c9509d-22c7-4a22-a47d-8c48425ef4a7	https://www.inaturalist.org/observations/185614734	Fungi	Basidiomycota	Agaricomycetes	Polyporales	Polyporaceae	Trametes	Trametes hirsuta		SPECIES	Trametes hirsuta (Wulfen) Lloyd	Trametes hirsuta		CA		Ontario	PRESENT		28eb1a3f-1c15-4a95-931a-4af90ecb574d	45.290978	-75.812609							2023-09-30T13:10:13	30	9	2023	8032257	8032257	HUMAN_OBSERVATION	iNaturalist	Observations	185614734		imakeprettythings	2023-09-30T19:05:04	CC_BY_NC_4_0	imakeprettythings	imakeprettythings			2025-01-14T13:28:07.860Z	StillImage	COORDINATE_ROUNDED;CONTINENT_DERIVED_FROM_COORDINATES;TAXON_MATCH_TAXON_ID_IGNORED
4442400012	50c9509d-22c7-4a22-a47d-8c48425ef4a7	https://www.inaturalist.org/observations/187187502	Fungi	Basidiomycota	Agaricomycetes	Polyporales	Polyporaceae	Trametes	Trametes hirsuta		SPECIES	Trametes hirsuta (Wulfen) Lloyd	Trametes hirsuta		CA		Ontario	PRESENT		28eb1a3f-1c15-4a95-931a-4af90ecb574d	45.44103	-76.36113	5.0						2023-10-11T17:27:01	11	10	2023	8032257	8032257	HUMAN_OBSERVATION	iNaturalist	Observations	187187502		gordv	2023-10-12T00:33:10	CC_BY_NC_4_0	gordv	gordv			2025-01-14T14:12:08.890Z	StillImage	CONTINENT_DERIVED_FROM_COORDINATES;TAXON_MATCH_TAXON_ID_IGNORED
4442395029	50c9509d-22c7-4a22-a47d-8c48425ef4a7	https://www.inaturalist.org/observations/188311027	Fungi	Basidiomycota	Agaricomycetes	Polyporales	Polyporaceae	Trametes	Trametes hirsuta		SPECIES	Trametes hirsuta (Wulfen) Lloyd	Trametes hirsuta		CA		New Brunswick	PRESENT		28eb1a3f-1c15-4a95-931a-4af90ecb574d	45.29457	-66.033669	184.0						2023-10-20T16:18:27	20	10	2023	8032257	8032257	HUMAN_OBSERVATION	iNaturalist	Observations	188311027		Toni Doucette	2023-10-20T22:34:35	CC_BY_NC_4_0	Toni Doucette	Toni Doucette			2025-01-14T12:42:53.606Z	StillImage	COORDINATE_ROUNDED;CONTINENT_DERIVED_FROM_COORDINATES;TAXON_MATCH_TAXON_ID_IGNORED
4442375009	50c9509d-22c7-4a22-a47d-8c48425ef4a7	https://www.inaturalist.org/observations/187485740	Fungi	Basidiomycota	Agaricomycetes	Polyporales	Polyporaceae	Trametes	Trametes hirsuta		SPECIES	Trametes hirsuta (Wulfen) Lloyd	Trametes hirsuta		CA		Ontario	PRESENT		28eb1a3f-1c15-4a95-931a-4af90ecb574d	45.448111	-75.652046	1299.0						2023-10-14T09:17:52	14	10	2023	8032257	8032257	HUMAN_OBSERVATION	iNaturalist	Observations	187485740		Anthony Gaston	2023-10-14T13:21:11	CC_BY_NC_4_0	Anthony Gaston	Anthony Gaston			2025-01-14T12:42:34.382Z	StillImage	COORDINATE_ROUNDED;CONTINENT_DERIVED_FROM_COORDINATES;TAXON_MATCH_TAXON_ID_IGNORED
4442357044	50c9509d-22c7-4a22-a47d-8c48425ef4a7	https://www.inaturalist.org/observations/188503422	Fungi	Basidiomycota	Agaricomycetes	Polyporales	Polyporaceae	Trametes	Trametes hirsuta		SPECIES	Trametes hirsuta (Wulfen) Lloyd	Trametes hirsuta		CA		Ontario	PRESENT		28eb1a3f-1c15-4a95-931a-4af90ecb574d	45.30698	-75.848795							2023-10-19T10:11	19	10	2023	8032257	8032257	HUMAN_OBSERVATION	iNaturalist	Observations	188503422		Nina	2023-10-22T11:30:46	CC_BY_NC_4_0	Nina	Nina			2025-01-14T12:40:37.871Z	StillImage	CONTINENT_DERIVED_FROM_COORDINATES;TAXON_MATCH_TAXON_ID_IGNORED
4438868959	50c9509d-22c7-4a22-a47d-8c48425ef4a7	https://www.inaturalist.org/observations/189997950	Fungi	Basidiomycota	Agaricomycetes	Polyporales	Polyporaceae	Trametes	Trametes hirsuta		SPECIES	Trametes hirsuta (Wulfen) Lloyd	Trametes hirsuta		CA		Ontario	PRESENT		28eb1a3f-1c15-4a95-931a-4af90ecb574d	45.300156	-75.806223	8.0						2023-11-04T17:15:43	4	11	2023	8032257	8032257	HUMAN_OBSERVATION	iNaturalist	Observations	189997950		G Nicoll	2023-11-04T21:19:37	CC_BY_NC_4_0	G Nicoll	G Nicoll			2025-01-14T12:42:49.354Z	StillImage	COORDINATE_ROUNDED;CONTINENT_DERIVED_FROM_COORDINATES;TAXON_MATCH_TAXON_ID_IGNORED
4421242699	50c9509d-22c7-4a22-a47d-8c48425ef4a7	https://www.inaturalist.org/observations/185843398	Fungi	Basidiomycota	Agaricomycetes	Polyporales	Polyporaceae	Trametes	Trametes hirsuta		SPECIES	Trametes hirsuta (Wulfen) Lloyd	Trametes hirsuta		CA		Ontario	PRESENT		28eb1a3f-1c15-4a95-931a-4af90ecb574d	45.260402	-75.367987							2023-10-01T15:34	1	10	2023	8032257	8032257	HUMAN_OBSERVATION	iNaturalist	Observations	185843398		jonathan_mack	2023-10-02T01:44:31	CC_BY_NC_4_0	jonathan_mack	jonathan_mack			2025-01-14T12:42:30.257Z	StillImage	COORDINATE_ROUNDED;CONTINENT_DERIVED_FROM_COORDINATES;TAXON_MATCH_TAXON_ID_IGNORED
4420972089	50c9509d-22c7-4a22-a47d-8c48425ef4a7	https://www.inaturalist.org/observations/185328004	Fungi	Basidiomycota	Agaricomycetes	Polyporales	Polyporaceae	Trametes	Trametes hirsuta		SPECIES	Trametes hirsuta (Wulfen) Lloyd	Trametes hirsuta		CA		Ontario	PRESENT		28eb1a3f-1c15-4a95-931a-4af90ecb574d	45.290955	-75.8125							2023-09-28T08:47:50	28	9	2023	8032257	8032257	HUMAN_OBSERVATION	iNaturalist	Observations	185328004		Nina	2023-09-28T19:56:09	CC_BY_NC_4_0	Nina	Nina			2025-01-14T13:32:39.029Z	StillImage	CONTINENT_DERIVED_FROM_COORDINATES;TAXON_MATCH_TAXON_ID_IGNORED
4177173846	50c9509d-22c7-4a22-a47d-8c48425ef4a7	https://www.inaturalist.org/observations/178041656	Fungi	Basidiomycota	Agaricomycetes	Polyporales	Polyporaceae	Trametes	Trametes hirsuta		SPECIES	Trametes hirsuta (Wulfen) Lloyd	Trametes hirsuta		CA		Québec	PRESENT		28eb1a3f-1c15-4a95-931a-4af90ecb574d	45.995882	-74.019014							2023-08-12T13:59:30	12	8	2023	8032257	8032257	HUMAN_OBSERVATION	iNaturalist	Observations	178041656		Luca Pilia	2023-08-12T19:02:56	CC_BY_NC_4_0	Lukas Kramosch	Lukas Kramosch			2025-01-14T13:32:34.665Z	StillImage	COORDINATE_ROUNDED;CONTINENT_DERIVED_FROM_COORDINATES;TAXON_MATCH_TAXON_ID_IGNORED
4166370052	695cef75-b65f-4776-b2ed-74565eebb16e	02-01000629633	Fungi	Basidiomycota	Agaricomycetes	Polyporales	Polyporaceae	Trametes	Trametes hirsuta		SPECIES	Coriolus hirsutus (Wulfen) Pat.	Coriolus hirsutus	(Wulfen) Pat.	CA	Algonquin Prov. Park, On island in Whitson Lake	Ontario	PRESENT		055bd978-2daa-4543-b3f0-44e0e87e86ca	45.9917	-77.7							1975-06-11	11	6	1975	8155204	8032257	PRESERVED_SPECIMEN	AAFC	DAOM	186768		J.F. Ammirat		CC_BY_4_0	©His Majesty the King in Right of Canada, as represented by the Minister of Agriculture and Agri-Food	Paul Johnson			2025-01-12T05:11:16.049Z		GEODETIC_DATUM_ASSUMED_WGS84;CONTINENT_DERIVED_FROM_COORDINATES;TAXON_MATCH_TAXON_ID_IGNORED;INSTITUTION_MATCH_FUZZY
4166247284	695cef75-b65f-4776-b2ed-74565eebb16e	02-01000629625	Fungi	Basidiomycota	Agaricomycetes	Polyporales	Polyporaceae	Trametes	Trametes hirsuta		SPECIES	Coriolus hirsutus (Wulfen) Pat.	Coriolus hirsutus	(Wulfen) Pat.	CA	Pinetree Portage	Ontario	PRESENT		055bd978-2daa-4543-b3f0-44e0e87e86ca	45.5667	-78.2958							1950-09-22	22	9	1950	8155204	8032257	PRESERVED_SPECIMEN	AAFC	DAOM	186519		J. Ginns		CC_BY_4_0	©His Majesty the King in Right of Canada, as represented by the Minister of Agriculture and Agri-Food	V.D. Roseborough			2025-01-12T05:11:15.785Z		GEODETIC_DATUM_ASSUMED_WGS84;CONTINENT_DERIVED_FROM_COORDINATES;TAXON_MATCH_TAXON_ID_IGNORED;INSTITUTION_MATCH_FUZZY
4104569134	5a6538b8-e35c-46c4-8978-6858a657a75f	aeab618b-aadf-4036-848c-8606ee438cfc	Fungi	Basidiomycota	Agaricomycetes	Polyporales	Polyporaceae	Trametes	Trametes hirsuta		SPECIES	Coriolus nigromarginatus (Schwein.) Murrill	Coriolus nigromarginatus	(Schwein.) Murrill	CA		Quebec	PRESENT		a26dde42-dd82-4d07-a763-353ab27fc02c	45.5	-75.783333	301.0						1919-05		5	1919	5247766	8032257	PRESERVED_SPECIMEN	CUP		CUP-045906		W. H. Rankin		CC0_1_0		W. H. Rankin			2025-01-15T04:26:06.270Z	StillImage	GEODETIC_DATUM_ASSUMED_WGS84;CONTINENT_DERIVED_FROM_COORDINATES;TAXON_MATCH_TAXON_ID_IGNORED;COLLECTION_MATCH_NONE;INSTITUTION_MATCH_FUZZY
4102604193	50c9509d-22c7-4a22-a47d-8c48425ef4a7	https://www.inaturalist.org/observations/157272610	Fungi	Basidiomycota	Agaricomycetes	Polyporales	Polyporaceae	Trametes	Trametes hirsuta		SPECIES	Trametes hirsuta (Wulfen) Lloyd	Trametes hirsuta		CA		Ontario	PRESENT		28eb1a3f-1c15-4a95-931a-4af90ecb574d	45.337882	-75.928272	35.0						2023-04-28T16:02:33	28	4	2023	8032257	8032257	HUMAN_OBSERVATION	iNaturalist	Observations	157272610		tetwellcwf	2023-04-28T20:02:57	CC_BY_NC_4_0	tetwellcwf	tetwellcwf			2025-01-14T12:34:45.066Z	StillImage	COORDINATE_ROUNDED;CONTINENT_DERIVED_FROM_COORDINATES;TAXON_MATCH_TAXON_ID_IGNORED
4100037820	d1a3b128-b406-46bb-a6d1-f3591dcc8a7b	854ac324-cf9b-42b4-965c-a3e3bbe5da66	Fungi	Basidiomycota	Agaricomycetes	Polyporales	Polyporaceae	Trametes	Trametes hirsuta		SPECIES	Polyporus hirsutus (Wulfen) Fr.	Polyporus hirsutus	(Wulfen) Fr.	CA	Ottawa	Ontario	PRESENT		e43cf4b8-849e-4fac-b075-e652d019d2cf	45.416667	-75.7	52150.0						1883-09-18	18	9	1883	5247756	8032257	PRESERVED_SPECIMEN	BPI		BPI 216414	70			CC0_1_0		MACOUN			2025-01-15T04:59:23.278Z		GEODETIC_DATUM_ASSUMED_WGS84;CONTINENT_DERIVED_FROM_COORDINATES;TAXON_MATCH_TAXON_ID_IGNORED;INSTITUTION_MATCH_FUZZY
4099629070	d1a3b128-b406-46bb-a6d1-f3591dcc8a7b	4eef2b28-79fd-4227-b7fa-f6c14f106d8e	Fungi	Basidiomycota	Agaricomycetes	Polyporales	Polyporaceae	Trametes	Trametes hirsuta		SPECIES	Polyporus hirsutus (Wulfen) Fr.	Polyporus hirsutus	(Wulfen) Fr.	CA	Pont-Rouge	Quebec	PRESENT		e43cf4b8-849e-4fac-b075-e652d019d2cf	46.75	-71.7	11517.0						1938-09-24	24	9	1938	5247756	8032257	PRESERVED_SPECIMEN	BPI		BPI 210590		Stevenson J. A.		CC0_1_0		Anselm			2025-01-15T04:59:22.920Z		GEODETIC_DATUM_ASSUMED_WGS84;CONTINENT_DERIVED_FROM_COORDINATES;TAXON_MATCH_TAXON_ID_IGNORED;INSTITUTION_MATCH_FUZZY
4099397801	d1a3b128-b406-46bb-a6d1-f3591dcc8a7b	0d1f4611-0e49-44eb-8694-7bea71e5ff6b	Fungi	Basidiomycota	Agaricomycetes	Polyporales	Polyporaceae	Trametes	Trametes hirsuta		SPECIES	Polyporus hirsutus (Wulfen) Fr.	Polyporus hirsutus	(Wulfen) Fr.	CA	Pont-Rouge	Quebec	PRESENT		e43cf4b8-849e-4fac-b075-e652d019d2cf	46.75	-71.7	11517.0						1938-10-01	1	10	1938	5247756	8032257	PRESERVED_SPECIMEN	BPI		BPI 216439	351? 13612?			CC0_1_0		Anselm			2025-01-15T04:59:23.268Z		GEODETIC_DATUM_ASSUMED_WGS84;CONTINENT_DERIVED_FROM_COORDINATES;TAXON_MATCH_TAXON_ID_IGNORED;INSTITUTION_MATCH_FUZZY
4099387068	d1a3b128-b406-46bb-a6d1-f3591dcc8a7b	7c620f92-2761-4aed-84b1-3e8704d4bee9	Fungi	Basidiomycota	Agaricomycetes	Polyporales	Polyporaceae	Trametes	Trametes hirsuta		SPECIES	Polyporus hirsutus (Wulfen) Fr.	Polyporus hirsutus	(Wulfen) Fr.	CA	Fredericton Odell Woods	New Brunswick	PRESENT		e43cf4b8-849e-4fac-b075-e652d019d2cf	45.952837	-66.670614	1209.0						1946-09-28	28	9	1946	5247756	8032257	PRESERVED_SPECIMEN	BPI		BPI 210526		Hansbrough J. R.		CC0_1_0		Hansbrough J. R.			2025-01-15T04:59:22.918Z		CONTINENT_DERIVED_FROM_COORDINATES;TAXON_MATCH_TAXON_ID_IGNORED;INSTITUTION_MATCH_FUZZY
4099381061	d1a3b128-b406-46bb-a6d1-f3591dcc8a7b	922261ff-6730-40b5-b60e-ce10996f17e7	Fungi	Basidiomycota	Agaricomycetes	Polyporales	Polyporaceae	Trametes	Trametes hirsuta		SPECIES	Polyporus hirsutus (Wulfen) Fr.	Polyporus hirsutus	(Wulfen) Fr.	CA	Combermere	Ontario	PRESENT		e43cf4b8-849e-4fac-b075-e652d019d2cf	45.366667	-77.616667	3036.0						1949-08-16	16	8	1949	5247756	8032257	PRESERVED_SPECIMEN	BPI		BPI 210500		MACRAE R.		CC0_1_0		Dance B. W.			2025-01-15T04:59:22.977Z		GEODETIC_DATUM_ASSUMED_WGS84;CONTINENT_DERIVED_FROM_COORDINATES;TAXON_MATCH_TAXON_ID_IGNORED;INSTITUTION_MATCH_FUZZY
4099381028	d1a3b128-b406-46bb-a6d1-f3591dcc8a7b	0df09c39-7b65-4d93-852c-62ba3a181d8c	Fungi	Basidiomycota	Agaricomycetes	Polyporales	Polyporaceae	Trametes	Trametes hirsuta		SPECIES	Polyporus hirsutus (Wulfen) Fr.	Polyporus hirsutus	(Wulfen) Fr.	CA	Ottawa	Ontario	PRESENT		e43cf4b8-849e-4fac-b075-e652d019d2cf	45.416667	-75.7	52150.0						1893-10-05	5	10	1893	5247756	8032257	PRESERVED_SPECIMEN	BPI		BPI 210242	65			CC0_1_0		MACOUN J.			2025-01-15T04:59:23.236Z		GEODETIC_DATUM_ASSUMED_WGS84;CONTINENT_DERIVED_FROM_COORDINATES;TAXON_MATCH_TAXON_ID_IGNORED;INSTITUTION_MATCH_FUZZY
3994131011	50c9509d-22c7-4a22-a47d-8c48425ef4a7	https://www.inaturalist.org/observations/144087939	Fungi	Basidiomycota	Agaricomycetes	Polyporales	Polyporaceae	Trametes	Trametes hirsuta		SPECIES	Trametes hirsuta (Wulfen) Lloyd	Trametes hirsuta		CA		Québec	PRESENT		28eb1a3f-1c15-4a95-931a-4af90ecb574d	46.839815	-71.296625	15.0						2022-09-02	2	9	2022	8032257	8032257	HUMAN_OBSERVATION	iNaturalist	Observations	144087939		cinna_latifolia	2022-12-11T02:40:31	CC_BY_NC_4_0	Christian Grenier	Christian Grenier			2025-01-14T12:32:35.061Z	StillImage	COORDINATE_ROUNDED;CONTINENT_DERIVED_FROM_COORDINATES;TAXON_MATCH_TAXON_ID_IGNORED
3994057013	50c9509d-22c7-4a22-a47d-8c48425ef4a7	https://www.inaturalist.org/observations/144089235	Fungi	Basidiomycota	Agaricomycetes	Polyporales	Polyporaceae	Trametes	Trametes hirsuta		SPECIES	Trametes hirsuta (Wulfen) Lloyd	Trametes hirsuta		CA		Ontario	PRESENT		28eb1a3f-1c15-4a95-931a-4af90ecb574d	45.31993	-75.794846	8.0						2022-12-10T12:11:13	10	12	2022	8032257	8032257	HUMAN_OBSERVATION	iNaturalist	Observations	144089235		G Nicoll	2022-12-10T18:28:00	CC_BY_NC_4_0	G Nicoll	G Nicoll			2025-01-14T13:26:38.659Z	StillImage	COORDINATE_ROUNDED;CONTINENT_DERIVED_FROM_COORDINATES;TAXON_MATCH_TAXON_ID_IGNORED
3963659200	50c9509d-22c7-4a22-a47d-8c48425ef4a7	https://www.inaturalist.org/observations/141332759	Fungi	Basidiomycota	Agaricomycetes	Polyporales	Polyporaceae	Trametes	Trametes hirsuta		SPECIES	Trametes hirsuta (Wulfen) Lloyd	Trametes hirsuta		CA		Québec	PRESENT		28eb1a3f-1c15-4a95-931a-4af90ecb574d	45.956625	-76.517679	27095.0						2022-11-06T11:27	6	11	2022	8032257	8032257	HUMAN_OBSERVATION	iNaturalist	Observations	141332759		L Joan Heyding	2022-11-07T01:59:42	CC_BY_NC_4_0	L Joan Heyding	L Joan Heyding			2025-01-14T12:32:26.898Z	StillImage	COORDINATE_ROUNDED;CONTINENT_DERIVED_FROM_COORDINATES;TAXON_MATCH_TAXON_ID_IGNORED
3947730371	50c9509d-22c7-4a22-a47d-8c48425ef4a7	https://www.inaturalist.org/observations/138764266	Fungi	Basidiomycota	Agaricomycetes	Polyporales	Polyporaceae	Trametes	Trametes hirsuta		SPECIES	Trametes hirsuta (Wulfen) Lloyd	Trametes hirsuta		CA		Ontario	PRESENT		28eb1a3f-1c15-4a95-931a-4af90ecb574d	45.358675	-75.597577							2022-10-14T11:08	14	10	2022	8032257	8032257	HUMAN_OBSERVATION	iNaturalist	Observations	138764266		Igor Khomenko	2022-10-14T21:24:01	CC_BY_NC_4_0	Igor Khomenko	Igor Khomenko			2025-01-14T12:32:03.526Z	StillImage	COORDINATE_ROUNDED;CONTINENT_DERIVED_FROM_COORDINATES;TAXON_MATCH_TAXON_ID_IGNORED
3947660534	50c9509d-22c7-4a22-a47d-8c48425ef4a7	https://www.inaturalist.org/observations/139775057	Fungi	Basidiomycota	Agaricomycetes	Polyporales	Polyporaceae	Trametes	Trametes hirsuta		SPECIES	Trametes hirsuta (Wulfen) Lloyd	Trametes hirsuta		CA		Prince Edward Island	PRESENT		28eb1a3f-1c15-4a95-931a-4af90ecb574d	46.740863	-64.174653	4.0						2022-10-23T10:31:44	23	10	2022	8032257	8032257	HUMAN_OBSERVATION	iNaturalist	Observations	139775057		Laura O'Connor	2022-10-23T18:09:20	CC_BY_NC_4_0	Laura O'Connor	Laura O'Connor			2025-01-14T13:25:59.316Z	StillImage	COORDINATE_ROUNDED;CONTINENT_DERIVED_FROM_COORDINATES;TAXON_MATCH_TAXON_ID_IGNORED
3903047432	50c9509d-22c7-4a22-a47d-8c48425ef4a7	https://www.inaturalist.org/observations/132566971	Fungi	Basidiomycota	Agaricomycetes	Polyporales	Polyporaceae	Trametes	Trametes hirsuta		SPECIES	Trametes hirsuta (Wulfen) Lloyd	Trametes hirsuta		CA		Ontario	PRESENT		28eb1a3f-1c15-4a95-931a-4af90ecb574d	45.439442	-74.952812	5.0						2022-08-27T15:43:41	27	8	2022	8032257	8032257	HUMAN_OBSERVATION	iNaturalist	Observations	132566971		Lynn Ovenden	2022-08-28T13:00:24	CC_BY_NC_4_0	Lynn Ovenden	Lynn Ovenden			2025-01-14T13:24:49.737Z	StillImage	COORDINATE_ROUNDED;CONTINENT_DERIVED_FROM_COORDINATES;TAXON_MATCH_TAXON_ID_IGNORED
3860640274	50c9509d-22c7-4a22-a47d-8c48425ef4a7	https://www.inaturalist.org/observations/121289879	Fungi	Basidiomycota	Agaricomycetes	Polyporales	Polyporaceae	Trametes	Trametes hirsuta		SPECIES	Trametes hirsuta (Wulfen) Lloyd	Trametes hirsuta		CA		Ontario	PRESENT		28eb1a3f-1c15-4a95-931a-4af90ecb574d	45.320539	-75.584464	798.0						2022-06-11T13:08	11	6	2022	8032257	8032257	HUMAN_OBSERVATION	iNaturalist	Observations	121289879		Ray Snook	2022-06-11T19:40:38	CC_BY_NC_4_0	Ray Snook	Ray Snook			2025-01-14T13:22:25.784Z	StillImage	COORDINATE_ROUNDED;CONTINENT_DERIVED_FROM_COORDINATES;TAXON_MATCH_TAXON_ID_IGNORED
3759165960	50c9509d-22c7-4a22-a47d-8c48425ef4a7	https://www.inaturalist.org/observations/109498223	Fungi	Basidiomycota	Agaricomycetes	Polyporales	Polyporaceae	Trametes	Trametes hirsuta		SPECIES	Trametes hirsuta (Wulfen) Lloyd	Trametes hirsuta		CA		Ontario	PRESENT		28eb1a3f-1c15-4a95-931a-4af90ecb574d	45.489115	-75.521278							2022-03-25T17:31:03	25	3	2022	8032257	8032257	HUMAN_OBSERVATION	iNaturalist	Observations	109498223		Lindsay Boudreau	2022-03-25T23:38:51	CC_BY_NC_4_0	Lindsay Boudreau	Lindsay Boudreau			2025-01-14T12:26:07.263Z	StillImage	COORDINATE_ROUNDED;CONTINENT_DERIVED_FROM_COORDINATES;TAXON_MATCH_TAXON_ID_IGNORED
3747322897	50c9509d-22c7-4a22-a47d-8c48425ef4a7	https://www.inaturalist.org/observations/109095832	Fungi	Basidiomycota	Agaricomycetes	Polyporales	Polyporaceae	Trametes	Trametes hirsuta		SPECIES	Trametes hirsuta (Wulfen) Lloyd	Trametes hirsuta		CA		New Brunswick	PRESENT		28eb1a3f-1c15-4a95-931a-4af90ecb574d	45.088374	-67.056438	246.0						2022-03-20T14:00	20	3	2022	8032257	8032257	HUMAN_OBSERVATION	iNaturalist	Observations	109095832		Ken Potter	2022-03-26T15:25:23	CC_BY_4_0	Bex Goreham	Bex Goreham			2025-01-14T12:25:53.241Z	StillImage	COORDINATE_ROUNDED;CONTINENT_DERIVED_FROM_COORDINATES;TAXON_MATCH_TAXON_ID_IGNORED
3747131404	50c9509d-22c7-4a22-a47d-8c48425ef4a7	https://www.inaturalist.org/observations/109391970	Fungi	Basidiomycota	Agaricomycetes	Polyporales	Polyporaceae	Trametes	Trametes hirsuta		SPECIES	Trametes hirsuta (Wulfen) Lloyd	Trametes hirsuta		CA		Ontario	PRESENT		28eb1a3f-1c15-4a95-931a-4af90ecb574d	45.320539	-75.584464	798.0						2022-03-24T13:05	24	3	2022	8032257	8032257	HUMAN_OBSERVATION	iNaturalist	Observations	109391970		Ray Snook	2022-03-24T18:55:46	CC_BY_NC_4_0	Ray Snook	Ray Snook			2025-01-14T13:21:01.626Z	StillImage	COORDINATE_ROUNDED;CONTINENT_DERIVED_FROM_COORDINATES;TAXON_MATCH_TAXON_ID_IGNORED
3399322384	50c9509d-22c7-4a22-a47d-8c48425ef4a7	https://www.inaturalist.org/observations/98612948	Fungi	Basidiomycota	Agaricomycetes	Polyporales	Polyporaceae	Trametes	Trametes hirsuta		SPECIES	Trametes hirsuta (Wulfen) Lloyd	Trametes hirsuta		CA		Québec	PRESENT		28eb1a3f-1c15-4a95-931a-4af90ecb574d	45.510972	-73.584312	16.0						2021-10-06T15:43:46	6	10	2021	8032257	8032257	HUMAN_OBSERVATION	iNaturalist	Observations	98612948		Daniel Pyo	2021-10-18T16:29:16	CC_BY_NC_4_0	minhanhngo	minhanhngo			2025-01-14T12:22:36.483Z	StillImage	COORDINATE_ROUNDED;CONTINENT_DERIVED_FROM_COORDINATES;TAXON_MATCH_TAXON_ID_IGNORED
3398951885	50c9509d-22c7-4a22-a47d-8c48425ef4a7	https://www.inaturalist.org/observations/97377572	Fungi	Basidiomycota	Agaricomycetes	Polyporales	Polyporaceae	Trametes	Trametes hirsuta		SPECIES	Trametes hirsuta (Wulfen) Lloyd	Trametes hirsuta		CA		Québec	PRESENT		28eb1a3f-1c15-4a95-931a-4af90ecb574d	45.512341	-73.586394	31.0						2021-10-06T15:46:08	6	10	2021	8032257	8032257	HUMAN_OBSERVATION	iNaturalist	Observations	97377572		tracycheng11	2021-10-06T19:46:20	CC_BY_NC_4_0	tracycheng11	tracycheng11			2025-01-14T12:22:36.489Z	StillImage	COORDINATE_ROUNDED;CONTINENT_DERIVED_FROM_COORDINATES;TAXON_MATCH_TAXON_ID_IGNORED
3398942883	50c9509d-22c7-4a22-a47d-8c48425ef4a7	https://www.inaturalist.org/observations/97475503	Fungi	Basidiomycota	Agaricomycetes	Polyporales	Polyporaceae	Trametes	Trametes hirsuta		SPECIES	Trametes hirsuta (Wulfen) Lloyd	Trametes hirsuta		CA		Québec	PRESENT		28eb1a3f-1c15-4a95-931a-4af90ecb574d	45.511762	-73.58573	70.0						2021-10-07T15:25:10	7	10	2021	8032257	8032257	HUMAN_OBSERVATION	iNaturalist	Observations	97475503		tiaelkhoury	2021-10-07T19:33:48	CC_BY_NC_4_0	tiaelkhoury	tiaelkhoury			2025-01-14T13:17:26.671Z	StillImage	COORDINATE_ROUNDED;CONTINENT_DERIVED_FROM_COORDINATES;TAXON_MATCH_TAXON_ID_IGNORED
3398655944	50c9509d-22c7-4a22-a47d-8c48425ef4a7	https://www.inaturalist.org/observations/97273492	Fungi	Basidiomycota	Agaricomycetes	Polyporales	Polyporaceae	Trametes	Trametes hirsuta		SPECIES	Trametes hirsuta (Wulfen) Lloyd	Trametes hirsuta		CA		Québec	PRESENT		28eb1a3f-1c15-4a95-931a-4af90ecb574d	45.511814	-73.58336	9.0						2021-10-05T15:25:57	5	10	2021	8032257	8032257	HUMAN_OBSERVATION	iNaturalist	Observations	97273492		christianereid	2021-10-05T19:26:29	CC_BY_NC_4_0	christianereid	christianereid			2025-01-14T13:11:39.649Z	StillImage	COORDINATE_ROUNDED;CONTINENT_DERIVED_FROM_COORDINATES;TAXON_MATCH_TAXON_ID_IGNORED
3391637144	50c9509d-22c7-4a22-a47d-8c48425ef4a7	https://www.inaturalist.org/observations/98032662	Fungi	Basidiomycota	Agaricomycetes	Polyporales	Polyporaceae	Trametes	Trametes hirsuta		SPECIES	Trametes hirsuta (Wulfen) Lloyd	Trametes hirsuta		CA		Québec	PRESENT		28eb1a3f-1c15-4a95-931a-4af90ecb574d	45.511253	-73.584337	5.0						2021-10-07T15:15:14	7	10	2021	8032257	8032257	HUMAN_OBSERVATION	iNaturalist	Observations	98032662		elainexiao	2021-10-12T19:12:38	CC_BY_NC_4_0	elainexiao	elainexiao			2025-01-14T12:23:21.706Z	StillImage	COORDINATE_ROUNDED;CONTINENT_DERIVED_FROM_COORDINATES;TAXON_MATCH_TAXON_ID_IGNORED
3391339585	50c9509d-22c7-4a22-a47d-8c48425ef4a7	https://www.inaturalist.org/observations/97297537	Fungi	Basidiomycota	Agaricomycetes	Polyporales	Polyporaceae	Trametes	Trametes hirsuta		SPECIES	Trametes hirsuta (Wulfen) Lloyd	Trametes hirsuta		CA		Québec	PRESENT		28eb1a3f-1c15-4a95-931a-4af90ecb574d	45.512267	-73.583672							2021-10-05T15:46:33	5	10	2021	8032257	8032257	HUMAN_OBSERVATION	iNaturalist	Observations	97297537		mjmclyons	2021-10-05T23:34:48	CC_BY_NC_4_0	mjmclyons	mjmclyons			2025-01-14T12:25:08.844Z	StillImage	COORDINATE_ROUNDED;CONTINENT_DERIVED_FROM_COORDINATES;TAXON_MATCH_TAXON_ID_IGNORED
3385208521	50c9509d-22c7-4a22-a47d-8c48425ef4a7	https://www.inaturalist.org/observations/97383031	Fungi	Basidiomycota	Agaricomycetes	Polyporales	Polyporaceae	Trametes	Trametes hirsuta		SPECIES	Trametes hirsuta (Wulfen) Lloyd	Trametes hirsuta		CA		Québec	PRESENT		28eb1a3f-1c15-4a95-931a-4af90ecb574d	45.511483	-73.585205	51.0						2021-10-06T15:51:12	6	10	2021	8032257	8032257	HUMAN_OBSERVATION	iNaturalist	Observations	97383031		karismith	2021-10-06T20:38:47	CC_BY_NC_4_0	karismith	karismith			2025-01-14T13:15:31.410Z	StillImage	COORDINATE_ROUNDED;CONTINENT_DERIVED_FROM_COORDINATES;TAXON_MATCH_TAXON_ID_IGNORED
3384858618	50c9509d-22c7-4a22-a47d-8c48425ef4a7	https://www.inaturalist.org/observations/97475493	Fungi	Basidiomycota	Agaricomycetes	Polyporales	Polyporaceae	Trametes	Trametes hirsuta		SPECIES	Trametes hirsuta (Wulfen) Lloyd	Trametes hirsuta		CA		Québec	PRESENT		28eb1a3f-1c15-4a95-931a-4af90ecb574d	45.511024	-73.584556	5.0						2021-10-07T15:33:06	7	10	2021	8032257	8032257	HUMAN_OBSERVATION	iNaturalist	Observations	97475493		erlenneli09	2021-10-11T03:47:07	CC_BY_NC_4_0	mitchprowse	mitchprowse			2025-01-14T12:22:33.963Z	StillImage	COORDINATE_ROUNDED;CONTINENT_DERIVED_FROM_COORDINATES;TAXON_MATCH_TAXON_ID_IGNORED
3384772416	50c9509d-22c7-4a22-a47d-8c48425ef4a7	https://www.inaturalist.org/observations/97273942	Fungi	Basidiomycota	Agaricomycetes	Polyporales	Polyporaceae	Trametes	Trametes hirsuta		SPECIES	Trametes hirsuta (Wulfen) Lloyd	Trametes hirsuta		CA		Québec	PRESENT		28eb1a3f-1c15-4a95-931a-4af90ecb574d	45.510945	-73.58458	40.0						2021-10-05T15:09:22	5	10	2021	8032257	8032257	HUMAN_OBSERVATION	iNaturalist	Observations	97273942		tareksalem	2021-10-05T19:29:42	CC_BY_NC_4_0	tareksalem	tareksalem			2025-01-14T13:15:31.825Z	StillImage	CONTINENT_DERIVED_FROM_COORDINATES;TAXON_MATCH_TAXON_ID_IGNORED
3384519409	50c9509d-22c7-4a22-a47d-8c48425ef4a7	https://www.inaturalist.org/observations/97272247	Fungi	Basidiomycota	Agaricomycetes	Polyporales	Polyporaceae	Trametes	Trametes hirsuta		SPECIES	Trametes hirsuta (Wulfen) Lloyd	Trametes hirsuta		CA		Québec	PRESENT		28eb1a3f-1c15-4a95-931a-4af90ecb574d	45.51239	-73.582656	4.0						2021-10-05T15:16:08	5	10	2021	8032257	8032257	HUMAN_OBSERVATION	iNaturalist	Observations	97272247		lhills	2021-10-05T19:16:39	CC_BY_NC_4_0	lhills	lhills			2025-01-14T13:15:37.197Z	StillImage	COORDINATE_ROUNDED;CONTINENT_DERIVED_FROM_COORDINATES;TAXON_MATCH_TAXON_ID_IGNORED
3383906966	50c9509d-22c7-4a22-a47d-8c48425ef4a7	https://www.inaturalist.org/observations/90470107	Fungi	Basidiomycota	Agaricomycetes	Polyporales	Polyporaceae	Trametes	Trametes hirsuta		SPECIES	Trametes hirsuta (Wulfen) Lloyd	Trametes hirsuta		CA		Ontario	PRESENT		28eb1a3f-1c15-4a95-931a-4af90ecb574d	45.339992	-75.675392	48.0						2021-08-01T16:30:52	1	8	2021	8032257	8032257	HUMAN_OBSERVATION	iNaturalist	Observations	90470107		James Mihaychuk	2021-08-08T23:40:30	CC_BY_NC_4_0	James Mihaychuk	James Mihaychuk			2025-01-14T12:20:30.056Z	StillImage	COORDINATE_ROUNDED;CONTINENT_DERIVED_FROM_COORDINATES;TAXON_MATCH_TAXON_ID_IGNORED
3018109486	50c9509d-22c7-4a22-a47d-8c48425ef4a7	https://www.inaturalist.org/observations/61361462	Fungi	Basidiomycota	Agaricomycetes	Polyporales	Polyporaceae	Trametes	Trametes hirsuta		SPECIES	Trametes hirsuta (Wulfen) Lloyd	Trametes hirsuta		CA		Ontario	PRESENT		28eb1a3f-1c15-4a95-931a-4af90ecb574d	45.633997	-77.072338	466.0						2020-09-03T12:05	3	9	2020	8032257	8032257	HUMAN_OBSERVATION	iNaturalist	Observations	61361462		Ken MacDonald	2020-10-01T02:30:06	CC_BY_NC_4_0	Ken MacDonald	Ken MacDonald			2025-01-14T13:06:16.512Z	StillImage	COORDINATE_ROUNDED;CONTINENT_DERIVED_FROM_COORDINATES;TAXON_MATCH_TAXON_ID_IGNORED
2984523355	50c9509d-22c7-4a22-a47d-8c48425ef4a7	https://www.inaturalist.org/observations/43311922	Fungi	Basidiomycota	Agaricomycetes	Polyporales	Polyporaceae	Trametes	Trametes hirsuta		SPECIES	Trametes hirsuta (Wulfen) Lloyd	Trametes hirsuta		CA		Québec	PRESENT		28eb1a3f-1c15-4a95-931a-4af90ecb574d	45.439078	-75.754693	96.0						2020-04-24T08:52	24	4	2020	8032257	8032257	HUMAN_OBSERVATION	iNaturalist	Observations	43311922		jonathan_mack	2020-04-25T14:59:55	CC_BY_NC_4_0	Brett	Brett			2025-01-14T13:00:41.232Z	StillImage	COORDINATE_ROUNDED;CONTINENT_DERIVED_FROM_COORDINATES;TAXON_MATCH_TAXON_ID_IGNORED
2898260672	50c9509d-22c7-4a22-a47d-8c48425ef4a7	https://www.inaturalist.org/observations/62124903	Fungi	Basidiomycota	Agaricomycetes	Polyporales	Polyporaceae	Trametes	Trametes hirsuta		SPECIES	Trametes hirsuta (Wulfen) Lloyd	Trametes hirsuta		CA		Québec	PRESENT		28eb1a3f-1c15-4a95-931a-4af90ecb574d	45.43211	-73.893815	128.0						2020-10-09T13:17:06	9	10	2020	8032257	8032257	HUMAN_OBSERVATION	iNaturalist	Observations	62124903		Matylda	2020-10-09T17:18:08	CC_BY_NC_4_0	Matylda	Matylda			2025-01-14T13:04:49.759Z	StillImage	COORDINATE_ROUNDED;CONTINENT_DERIVED_FROM_COORDINATES;TAXON_MATCH_TAXON_ID_IGNORED
2611045595	50c9509d-22c7-4a22-a47d-8c48425ef4a7	https://www.inaturalist.org/observations/43239372	Fungi	Basidiomycota	Agaricomycetes	Polyporales	Polyporaceae	Trametes	Trametes hirsuta		SPECIES	Trametes hirsuta (Wulfen) Lloyd	Trametes hirsuta		CA		Ontario	PRESENT		28eb1a3f-1c15-4a95-931a-4af90ecb574d	45.460336	-75.462763	8.0						2020-04-24T18:44	24	4	2020	8032257	8032257	HUMAN_OBSERVATION	iNaturalist	Observations	43239372		jonathan_mack	2020-04-25T02:25:46	CC_BY_NC_4_0	jonathan_mack	jonathan_mack			2025-01-14T13:00:39.754Z	StillImage	COORDINATE_ROUNDED;CONTINENT_DERIVED_FROM_COORDINATES;TAXON_MATCH_TAXON_ID_IGNORED
2596362095	50c9509d-22c7-4a22-a47d-8c48425ef4a7	https://www.inaturalist.org/observations/41140012	Fungi	Basidiomycota	Agaricomycetes	Polyporales	Polyporaceae	Trametes	Trametes hirsuta		SPECIES	Trametes hirsuta (Wulfen) Lloyd	Trametes hirsuta		CA		Ontario	PRESENT		28eb1a3f-1c15-4a95-931a-4af90ecb574d	45.461103	-75.462418	4.0						2020-03-31T17:31	31	3	2020	8032257	8032257	HUMAN_OBSERVATION	iNaturalist	Observations	41140012		Ann Simpson	2020-04-01T01:53:21	CC_BY_NC_4_0	jonathan_mack	jonathan_mack			2025-01-14T12:11:58.828Z	StillImage	COORDINATE_ROUNDED;CONTINENT_DERIVED_FROM_COORDINATES;TAXON_MATCH_TAXON_ID_IGNORED
1990301816	032f1fbe-d21f-407d-be46-5cd1bb1ea397	1520e392-9ee7-40e8-b279-7b688f3970c4	Fungi	Basidiomycota	Agaricomycetes	Polyporales	Polyporaceae	Trametes	Trametes hirsuta		SPECIES	Polyporus hirsutus (Wulfen) Fr.	Polyporus hirsutus	(Wulfen) Fr.	CA	Scots Bay, Cape Split	Nova Scotia	PRESENT		61c539d8-47e0-4b82-875f-b95aad66dcd4	45.326389	-64.438889							1965-07-31	31	7	1965	5247756	8032257	PRESERVED_SPECIMEN	TENN-F		TENN-F-028667	RHP28667			CC0_1_0		R.H. Petersen & P.D. Olexia			2025-01-12T10:33:39.004Z		COORDINATE_ROUNDED;GEODETIC_DATUM_ASSUMED_WGS84;CONTINENT_DERIVED_FROM_COORDINATES;TAXON_MATCH_TAXON_ID_IGNORED;INSTITUTION_MATCH_NONE
1847645297	50c9509d-22c7-4a22-a47d-8c48425ef4a7	https://www.inaturalist.org/observations/9573717	Fungi	Basidiomycota	Agaricomycetes	Polyporales	Polyporaceae	Trametes	Trametes hirsuta		SPECIES	Trametes hirsuta (Wulfen) Lloyd	Trametes hirsuta		CA		Québec	PRESENT		28eb1a3f-1c15-4a95-931a-4af90ecb574d	48.4036	-68.57575	22730.0						2013-08-09	9	8	2013	8032257	8032257	HUMAN_OBSERVATION	iNaturalist	Observations	9573717		mycowalt	2018-01-23T10:58:32	CC_BY_NC_4_0	mycowalt	mycowalt			2025-01-14T12:04:24.025Z	StillImage	CONTINENT_DERIVED_FROM_COORDINATES;TAXON_MATCH_TAXON_ID_IGNORED
1807259842	e8a25a42-f125-476c-8554-3ec21cd51a84	ACAD:116900	Fungi	Basidiomycota	Agaricomycetes	Polyporales	Polyporaceae	Trametes	Trametes hirsuta		SPECIES	Polyporus hirsutus (Wulfen) Fr.	Polyporus hirsutus	(Wulfen) Fr., 1821	CA	Cape Split	Nova Scotia	PRESENT		6491ad8c-8e49-4bd4-a089-0ddb3bbe0890	45.334283	-64.49612							1957-08-18	18	8	1957	5247756	8032257	PRESERVED_SPECIMEN	Acadia University	ACAD	5160F	5160			CC0_1_0	Acadia University	H, KA			2024-01-25T01:37:05.553Z	StillImage	COORDINATE_ROUNDED;GEODETIC_DATUM_INVALID;GEODETIC_DATUM_ASSUMED_WGS84;TAXON_MATCH_TAXON_ID_IGNORED;INSTITUTION_MATCH_FUZZY;COLLECTION_MATCH_FUZZY
1807259139	e8a25a42-f125-476c-8554-3ec21cd51a84	ACAD:115661	Fungi	Basidiomycota	Agaricomycetes	Polyporales	Polyporaceae	Trametes	Trametes hirsuta		SPECIES	Polyporus hirsutus (Wulfen) Fr.	Polyporus hirsutus	(Wulfen) Fr., 1821	CA	Kentville	Nova Scotia	PRESENT		6491ad8c-8e49-4bd4-a089-0ddb3bbe0890	45.07662	-64.49592							1954-11-08	8	11	1954	5247756	8032257	PRESERVED_SPECIMEN	Acadia University	ACAD	3114F	3114	H, KA; M,R		CC0_1_0	Acadia University	Harrison, KA			2024-01-25T01:37:00.327Z	StillImage	GEODETIC_DATUM_INVALID;GEODETIC_DATUM_ASSUMED_WGS84;TAXON_MATCH_TAXON_ID_IGNORED;INSTITUTION_MATCH_FUZZY;COLLECTION_MATCH_FUZZY
1807258727	e8a25a42-f125-476c-8554-3ec21cd51a84	ACAD:115151	Fungi	Basidiomycota	Agaricomycetes	Polyporales	Polyporaceae	Trametes	Trametes hirsuta		SPECIES	Trametes hirsuta (Wulfen) Lloyd	Trametes hirsuta (Wulfen) Lloyd	(Wulfen) Lloyd	CA	Glenmont	Nova Scotia	PRESENT		6491ad8c-8e49-4bd4-a089-0ddb3bbe0890	45.18614	-64.50197							1936			1936	8032257	8032257	PRESERVED_SPECIMEN	Acadia University	ACAD	790F	790			CC0_1_0	Acadia University	H, KA			2024-01-25T01:36:59.541Z	StillImage	GEODETIC_DATUM_INVALID;GEODETIC_DATUM_ASSUMED_WGS84;INSTITUTION_MATCH_FUZZY;COLLECTION_MATCH_FUZZY
1807258405	e8a25a42-f125-476c-8554-3ec21cd51a84	ACAD:114917	Fungi	Basidiomycota	Agaricomycetes	Polyporales	Polyporaceae	Trametes	Trametes hirsuta		SPECIES	Polyporus hirsutus (Wulfen) Fr.	Polyporus hirsutus	(Wulfen) Fr., 1821	CA	Kentville	Nova Scotia	PRESENT		6491ad8c-8e49-4bd4-a089-0ddb3bbe0890	45.07662	-64.49592							1931-06		6	1931	5247756	8032257	PRESERVED_SPECIMEN	Acadia University	ACAD	6564F				CC0_1_0	Acadia University	Harrison, KA			2024-01-25T01:37:14.810Z	StillImage	GEODETIC_DATUM_INVALID;GEODETIC_DATUM_ASSUMED_WGS84;TAXON_MATCH_TAXON_ID_IGNORED;INSTITUTION_MATCH_FUZZY;COLLECTION_MATCH_FUZZY
1807258334	e8a25a42-f125-476c-8554-3ec21cd51a84	ACAD:114915	Fungi	Basidiomycota	Agaricomycetes	Polyporales	Polyporaceae	Trametes	Trametes hirsuta		SPECIES	Polyporus hirsutus (Wulfen) Fr.	Polyporus hirsutus	(Wulfen) Fr., 1821	CA	Kentville	Nova Scotia	PRESENT		6491ad8c-8e49-4bd4-a089-0ddb3bbe0890	45.07662	-64.49592							1931-11-11	11	11	1931	5247756	8032257	PRESERVED_SPECIMEN	Acadia University	ACAD	6562F				CC0_1_0	Acadia University	Harrison, KA			2024-01-25T01:37:14.803Z	StillImage	GEODETIC_DATUM_INVALID;GEODETIC_DATUM_ASSUMED_WGS84;TAXON_MATCH_TAXON_ID_IGNORED;INSTITUTION_MATCH_FUZZY;COLLECTION_MATCH_FUZZY
1807258232	e8a25a42-f125-476c-8554-3ec21cd51a84	ACAD:114918	Fungi	Basidiomycota	Agaricomycetes	Polyporales	Polyporaceae	Trametes	Trametes hirsuta		SPECIES	Polyporus hirsutus (Wulfen) Fr.	Polyporus hirsutus	(Wulfen) Fr., 1821	CA	Kentville	Nova Scotia	PRESENT		6491ad8c-8e49-4bd4-a089-0ddb3bbe0890	45.07662	-64.49592							1931-06		6	1931	5247756	8032257	PRESERVED_SPECIMEN	Acadia University	ACAD	6565F				CC0_1_0	Acadia University	Harrison, KA			2024-01-25T01:37:14.810Z	StillImage	GEODETIC_DATUM_INVALID;GEODETIC_DATUM_ASSUMED_WGS84;TAXON_MATCH_TAXON_ID_IGNORED;INSTITUTION_MATCH_FUZZY;COLLECTION_MATCH_FUZZY
1807258079	e8a25a42-f125-476c-8554-3ec21cd51a84	ACAD:114916	Fungi	Basidiomycota	Agaricomycetes	Polyporales	Polyporaceae	Trametes	Trametes hirsuta		SPECIES	Polyporus hirsutus (Wulfen) Fr.	Polyporus hirsutus	(Wulfen) Fr., 1821	CA	Kentville	Nova Scotia	PRESENT		6491ad8c-8e49-4bd4-a089-0ddb3bbe0890	45.07662	-64.49592							1932-10-08	8	10	1932	5247756	8032257	PRESERVED_SPECIMEN	Acadia University	ACAD	6563F				CC0_1_0	Acadia University	Harrison, KA			2024-01-25T01:37:14.803Z	StillImage	GEODETIC_DATUM_INVALID;GEODETIC_DATUM_ASSUMED_WGS84;TAXON_MATCH_TAXON_ID_IGNORED;INSTITUTION_MATCH_FUZZY;COLLECTION_MATCH_FUZZY
1807256279	e8a25a42-f125-476c-8554-3ec21cd51a84	ACAD:112853	Fungi	Basidiomycota	Agaricomycetes	Polyporales	Polyporaceae	Trametes	Trametes hirsuta		SPECIES	Trametes hirsuta (Wulfen) Lloyd	Trametes hirsuta (Wulfen) Lloyd	(Wulfen) Lloyd	CA	(Kentville)	Nova Scotia	PRESENT		6491ad8c-8e49-4bd4-a089-0ddb3bbe0890	45.07662	-64.49592							1931-11-11	11	11	1931	8032257	8032257	PRESERVED_SPECIMEN	Acadia University	ACAD	34F	34			CC0_1_0	Acadia University	H, KA			2024-01-25T01:37:10.716Z	StillImage	GEODETIC_DATUM_INVALID;GEODETIC_DATUM_ASSUMED_WGS84;INSTITUTION_MATCH_FUZZY;COLLECTION_MATCH_FUZZY
1807255928	e8a25a42-f125-476c-8554-3ec21cd51a84	ACAD:112877	Fungi	Basidiomycota	Agaricomycetes	Polyporales	Polyporaceae	Trametes	Trametes hirsuta		SPECIES	Trametes hirsuta (Wulfen) Lloyd	Trametes hirsuta (Wulfen) Lloyd	(Wulfen) Lloyd	CA	(Kentville)	Nova Scotia	PRESENT		6491ad8c-8e49-4bd4-a089-0ddb3bbe0890	45.07662	-64.49592							1931-06		6	1931	8032257	8032257	PRESERVED_SPECIMEN	Acadia University	ACAD	37F	37			CC0_1_0	Acadia University	H, KA			2024-01-25T01:37:10.613Z	StillImage	GEODETIC_DATUM_INVALID;GEODETIC_DATUM_ASSUMED_WGS84;INSTITUTION_MATCH_FUZZY;COLLECTION_MATCH_FUZZY
1807254997	e8a25a42-f125-476c-8554-3ec21cd51a84	ACAD:111701	Fungi	Basidiomycota	Agaricomycetes	Polyporales	Polyporaceae	Trametes	Trametes hirsuta		SPECIES	Polyporus hirsutus (Wulfen) Fr.	Polyporus hirsutus	(Wulfen) Fr., 1821	CA	Kentville	Nova Scotia	PRESENT		6491ad8c-8e49-4bd4-a089-0ddb3bbe0890	45.07662	-64.49592							1942-01-02	2	1	1942	5247756	8032257	PRESERVED_SPECIMEN	Acadia University	ACAD	1338F	1338	Macrae,R		CC0_1_0	Acadia University	Lewis, RM			2024-01-25T01:37:07.097Z	StillImage	GEODETIC_DATUM_INVALID;GEODETIC_DATUM_ASSUMED_WGS84;TAXON_MATCH_TAXON_ID_IGNORED;INSTITUTION_MATCH_FUZZY;COLLECTION_MATCH_FUZZY
1412708986	21705170-d2b6-42de-8904-c3bca4b83591	CMMF017458	Fungi	Basidiomycota	Agaricomycetes	Polyporales	Polyporaceae	Trametes	Trametes hirsuta		SPECIES	Polyporus hirsutus (Wulfen) Fr.	Polyporus hirsutus (Wulfen) Fr.	(Wulfen) Fr.	CA	Arboretum Morgan, Québec.	Québec	PRESENT		ff7bd5db-b724-4932-b496-10ea298851f9	45.43	-73.946667	2500.0						1981-06-18	18	6	1981	5247756	8032257	PRESERVED_SPECIMEN	Université de Montréal Biodiversity Centre	CMMF	CMMF017458	1981-30	McNeil, Raymond		CC0_1_0	Université de Montréal Biodiversity Centre	Cyr, A.			2024-01-24T16:38:15.755Z		COORDINATE_ROUNDED;INSTITUTION_MATCH_FUZZY;COLLECTION_MATCH_FUZZY;DIFFERENT_OWNER_INSTITUTION
1412707988	21705170-d2b6-42de-8904-c3bca4b83591	CMMF016381	Fungi	Basidiomycota	Agaricomycetes	Polyporales	Polyporaceae	Trametes	Trametes hirsuta		SPECIES	Trametes hirsuta (Wulfen) Lloyd	Trametes hirsuta (Wulfen) Lloyd	(Wulfen) Lloyd	CA	Saint-Léon de Standon, Québec.	Québec	PRESENT		ff7bd5db-b724-4932-b496-10ea298851f9	46.478143	-70.617675	3500.0						1975-10-10	10	10	1975	8032257	8032257	PRESERVED_SPECIMEN	Université de Montréal Biodiversity Centre	CMMF	CMMF016381		Sirard, Léas; Boulet, Bruno		CC0_1_0	Université de Montréal Biodiversity Centre	Sirard, Léas; Boulet, Bruno			2024-01-24T16:38:19.637Z		INSTITUTION_MATCH_FUZZY;COLLECTION_MATCH_FUZZY;DIFFERENT_OWNER_INSTITUTION
1412707907	21705170-d2b6-42de-8904-c3bca4b83591	CMMF016385	Fungi	Basidiomycota	Agaricomycetes	Polyporales	Polyporaceae	Trametes	Trametes hirsuta		SPECIES	Trametes hirsuta (Wulfen) Lloyd	Trametes hirsuta (Wulfen) Lloyd	(Wulfen) Lloyd	CA	Chutes Montmagny, Québec.	Québec	PRESENT		ff7bd5db-b724-4932-b496-10ea298851f9	46.985131	-70.54785	500.0						1990-09		9	1990	8032257	8032257	PRESERVED_SPECIMEN	Université de Montréal Biodiversity Centre	CMMF	CMMF016385		Boulet, Bruno		CC0_1_0	Université de Montréal Biodiversity Centre	Boulet, Bruno			2024-01-24T16:38:19.636Z		INSTITUTION_MATCH_FUZZY;COLLECTION_MATCH_FUZZY;DIFFERENT_OWNER_INSTITUTION
1412707906	21705170-d2b6-42de-8904-c3bca4b83591	CMMF016383	Fungi	Basidiomycota	Agaricomycetes	Polyporales	Polyporaceae	Trametes	Trametes hirsuta		SPECIES	Trametes hirsuta (Wulfen) Lloyd	Trametes hirsuta (Wulfen) Lloyd	(Wulfen) Lloyd	CA	Montmagny, Québec.	Québec	PRESENT		ff7bd5db-b724-4932-b496-10ea298851f9	46.980077	-70.556636	20000.0						1986-08-12	12	8	1986	8032257	8032257	PRESERVED_SPECIMEN	Université de Montréal Biodiversity Centre	CMMF	CMMF016383		Boulet, Bruno		CC0_1_0	Université de Montréal Biodiversity Centre	Boulet, Bruno			2024-01-24T16:38:19.636Z		INSTITUTION_MATCH_FUZZY;COLLECTION_MATCH_FUZZY;DIFFERENT_OWNER_INSTITUTION
1412707905	21705170-d2b6-42de-8904-c3bca4b83591	CMMF016384	Fungi	Basidiomycota	Agaricomycetes	Polyporales	Polyporaceae	Trametes	Trametes hirsuta		SPECIES	Trametes hirsuta (Wulfen) Lloyd	Trametes hirsuta (Wulfen) Lloyd	(Wulfen) Lloyd	CA	Loretteville, Québec.	Québec	PRESENT		ff7bd5db-b724-4932-b496-10ea298851f9	46.867482	-71.384379	8000.0						1986-02		2	1986	8032257	8032257	PRESERVED_SPECIMEN	Université de Montréal Biodiversity Centre	CMMF	CMMF016384		Sirard, Léas; Boulet, Bruno		CC0_1_0	Université de Montréal Biodiversity Centre	Sirard, Léas; Boulet, Bruno			2024-01-24T16:38:19.637Z		INSTITUTION_MATCH_FUZZY;COLLECTION_MATCH_FUZZY;DIFFERENT_OWNER_INSTITUTION
1412707895	21705170-d2b6-42de-8904-c3bca4b83591	CMMF016369	Fungi	Basidiomycota	Agaricomycetes	Polyporales	Polyporaceae	Trametes	Trametes hirsuta		SPECIES	Trametes hirsuta (Wulfen) Lloyd	Trametes hirsuta (Wulfen) Lloyd	(Wulfen) Lloyd	CA	Saint-Armand Ouest, Québec.	Québec	PRESENT		ff7bd5db-b724-4932-b496-10ea298851f9	45.032344	-73.043177	4000.0						2000-06		6	2000	8032257	8032257	PRESERVED_SPECIMEN	Université de Montréal Biodiversity Centre	CMMF	CMMF016369		Sirard, Léas; Boulet, Bruno		CC0_1_0	Université de Montréal Biodiversity Centre	Sirard, Léas; Boulet, Bruno			2024-01-24T16:38:19.640Z		INSTITUTION_MATCH_FUZZY;COLLECTION_MATCH_FUZZY;DIFFERENT_OWNER_INSTITUTION
1412707883	21705170-d2b6-42de-8904-c3bca4b83591	CMMF016380	Fungi	Basidiomycota	Agaricomycetes	Polyporales	Polyporaceae	Trametes	Trametes hirsuta		SPECIES	Trametes hirsuta (Wulfen) Lloyd	Trametes hirsuta (Wulfen) Lloyd	(Wulfen) Lloyd	CA	Châteauguay, Québec.	Québec	PRESENT		ff7bd5db-b724-4932-b496-10ea298851f9	45.359455	-73.734207	5000.0						1991-09-09	9	9	1991	8032257	8032257	PRESERVED_SPECIMEN	Université de Montréal Biodiversity Centre	CMMF	CMMF016380		Boulet, Bruno		CC0_1_0	Université de Montréal Biodiversity Centre	Boulet, Bruno			2024-01-24T16:38:19.637Z		INSTITUTION_MATCH_FUZZY;COLLECTION_MATCH_FUZZY;DIFFERENT_OWNER_INSTITUTION
1412707858	21705170-d2b6-42de-8904-c3bca4b83591	CMMF016386	Fungi	Basidiomycota	Agaricomycetes	Polyporales	Polyporaceae	Trametes	Trametes hirsuta		SPECIES	Trametes hirsuta (Wulfen) Lloyd	Trametes hirsuta (Wulfen) Lloyd	(Wulfen) Lloyd	CA	Montmagny, Québec.	Québec	PRESENT		ff7bd5db-b724-4932-b496-10ea298851f9	46.980077	-70.556636	20000.0						1987-09		9	1987	8032257	8032257	PRESERVED_SPECIMEN	Université de Montréal Biodiversity Centre	CMMF	CMMF016386		Sirard, Léas; Boulet, Bruno		CC0_1_0	Université de Montréal Biodiversity Centre	Sirard, Léas; Boulet, Bruno			2024-01-24T16:38:19.636Z		INSTITUTION_MATCH_FUZZY;COLLECTION_MATCH_FUZZY;DIFFERENT_OWNER_INSTITUTION
1412707841	21705170-d2b6-42de-8904-c3bca4b83591	CMMF016382	Fungi	Basidiomycota	Agaricomycetes	Polyporales	Polyporaceae	Trametes	Trametes hirsuta		SPECIES	Trametes hirsuta (Wulfen) Lloyd	Trametes hirsuta (Wulfen) Lloyd	(Wulfen) Lloyd	CA	Sainte-Foy (université), Québec.	Québec	PRESENT		ff7bd5db-b724-4932-b496-10ea298851f9	46.781692	-71.274964	1000.0						1973-12-07	7	12	1973	8032257	8032257	PRESERVED_SPECIMEN	Université de Montréal Biodiversity Centre	CMMF	CMMF016382		Sirard, Léas		CC0_1_0	Université de Montréal Biodiversity Centre	Sirard, Léas			2024-01-24T16:38:19.635Z		INSTITUTION_MATCH_FUZZY;COLLECTION_MATCH_FUZZY;DIFFERENT_OWNER_INSTITUTION
1412703147	21705170-d2b6-42de-8904-c3bca4b83591	CMMF011656	Fungi	Basidiomycota	Agaricomycetes	Polyporales	Polyporaceae	Trametes	Trametes hirsuta		SPECIES	Polyporus hirsutus (Wulfen) Fr.	Polyporus hirsutus (Wulfen) Fr.	(Wulfen) Fr.	CA	Lac Bédard, Portneuf, Québec.	Québec	PRESENT		ff7bd5db-b724-4932-b496-10ea298851f9	47.085833	-71.83	2000.0						1941-09-26/1941-09-30		9	1941	5247756	8032257	PRESERVED_SPECIMEN	Université de Montréal Biodiversity Centre	CMMF	CMMF011656	17160	Pomerleau, René		CC0_1_0	Université de Montréal Biodiversity Centre	Campagna, Elzéar			2024-01-24T16:38:18.070Z		INSTITUTION_MATCH_FUZZY;COLLECTION_MATCH_FUZZY;DIFFERENT_OWNER_INSTITUTION
1135069935	21705170-d2b6-42de-8904-c3bca4b83591	CMMF008477	Fungi	Basidiomycota	Agaricomycetes	Polyporales	Polyporaceae	Trametes	Trametes hirsuta		SPECIES	Trametes hirsuta (Wulfen) Lloyd	Trametes hirsuta (Wulfen) Lloyd	(Wulfen) Lloyd	CA	Domaine Maizerets (Quebec)	Québec	PRESENT		ff7bd5db-b724-4932-b496-10ea298851f9	46.837333	-71.212003	500.0						2006-04-15	15	4	2006	8032257	8032257	PRESERVED_SPECIMEN	Université de Montréal Biodiversity Centre	CMMF	CMMF008477	49	Labbé, Roland		CC0_1_0	Université de Montréal Biodiversity Centre	Labrecque, Jacqueline			2024-01-24T16:38:17.820Z	StillImage	INSTITUTION_MATCH_FUZZY;COLLECTION_MATCH_FUZZY;DIFFERENT_OWNER_INSTITUTION
1135069896	21705170-d2b6-42de-8904-c3bca4b83591	CMMF008465	Fungi	Basidiomycota	Agaricomycetes	Polyporales	Polyporaceae	Trametes	Trametes hirsuta		SPECIES	Trametes hirsuta (Wulfen) Lloyd	Trametes hirsuta (Wulfen) Lloyd	(Wulfen) Lloyd	CA	Sablière Armand Paris	Québec	PRESENT		ff7bd5db-b724-4932-b496-10ea298851f9	46.881808	-71.17635	675.0						2006-04-14	14	4	2006	8032257	8032257	PRESERVED_SPECIMEN	Université de Montréal Biodiversity Centre	CMMF	CMMF008465	37	Labrecque, Jacqueline; Labbé, Roland		CC0_1_0	Université de Montréal Biodiversity Centre	Labrecque, Jacqueline			2024-01-24T16:38:17.887Z	StillImage	INSTITUTION_MATCH_FUZZY;COLLECTION_MATCH_FUZZY;DIFFERENT_OWNER_INSTITUTION
1135067739	21705170-d2b6-42de-8904-c3bca4b83591	CMMF006215	Fungi	Basidiomycota	Agaricomycetes	Polyporales	Polyporaceae	Trametes	Trametes hirsuta		SPECIES	Trametes hirsuta (Wulfen) Lloyd	Trametes hirsuta (Wulfen) Lloyd	(Wulfen) Lloyd	CA	Châteauguay	Québec	PRESENT		ff7bd5db-b724-4932-b496-10ea298851f9	45.35433	-73.774083	100.0						2005-10-09	9	10	2005	8032257	8032257	PRESERVED_SPECIMEN	Université de Montréal Biodiversity Centre	CMMF	CMMF006215	C2659	McNeil, Raymond		CC0_1_0	Université de Montréal Biodiversity Centre	McNeil, Raymond			2024-01-24T16:38:18.873Z	StillImage	COORDINATE_ROUNDED;INSTITUTION_MATCH_FUZZY;COLLECTION_MATCH_FUZZY;DIFFERENT_OWNER_INSTITUTION
1135067697	21705170-d2b6-42de-8904-c3bca4b83591	CMMF006216	Fungi	Basidiomycota	Agaricomycetes	Polyporales	Polyporaceae	Trametes	Trametes hirsuta		SPECIES	Trametes hirsuta (Wulfen) Lloyd	Trametes hirsuta (Wulfen) Lloyd	(Wulfen) Lloyd	CA	Châteauguay	Québec	PRESENT		ff7bd5db-b724-4932-b496-10ea298851f9	45.35433	-73.774083	100.0						1982-10-09	9	10	1982	8032257	8032257	PRESERVED_SPECIMEN	Université de Montréal Biodiversity Centre	CMMF	CMMF006216	1518	McNeil, Raymond		CC0_1_0	Université de Montréal Biodiversity Centre	McNeil, Raymond			2024-01-24T16:38:18.875Z	StillImage	COORDINATE_ROUNDED;INSTITUTION_MATCH_FUZZY;COLLECTION_MATCH_FUZZY;DIFFERENT_OWNER_INSTITUTION
1135067270	21705170-d2b6-42de-8904-c3bca4b83591	CMMF005792	Fungi	Basidiomycota	Agaricomycetes	Polyporales	Polyporaceae	Trametes	Trametes hirsuta		SPECIES	Trametes hirsuta (Wulfen) Lloyd	Trametes hirsuta (Wulfen) Lloyd	(Wulfen) Lloyd	CA	Châteauguay (Centre écologique Fernand-Seguin)	Québec	PRESENT		ff7bd5db-b724-4932-b496-10ea298851f9	45.33983	-73.773917	100.0						2008-08-19	19	8	2008	8032257	8032257	PRESERVED_SPECIMEN	Université de Montréal Biodiversity Centre	CMMF	CMMF005792	C3282	McNeil, Raymond		CC0_1_0	Université de Montréal Biodiversity Centre	McNeil, Raymond			2024-01-24T16:38:16.720Z	StillImage	COORDINATE_ROUNDED;INSTITUTION_MATCH_FUZZY;COLLECTION_MATCH_FUZZY;DIFFERENT_OWNER_INSTITUTION
1024558881	21705170-d2b6-42de-8904-c3bca4b83591	CMMF004263	Fungi	Basidiomycota	Agaricomycetes	Polyporales	Polyporaceae	Trametes	Trametes hirsuta		SPECIES	Trametes hirsuta (Wulfen) Lloyd	Trametes hirsuta (Wulfen) Lloyd	(Wulfen) Lloyd	CA	Réserve écologique du Boisé-des-Muir, Hinchinbrooke.	Québec	PRESENT		ff7bd5db-b724-4932-b496-10ea298851f9	45.086458	-74.11353	10.0						2012-07-09	9	7	2012	8032257	8032257	PRESERVED_SPECIMEN	Université de Montréal Biodiversity Centre	CMMF	CMMF004263	271	Nuzzolese, Joseph		CC0_1_0	Université de Montréal Biodiversity Centre	Archambault, Raymond; Langlois, Annabelle; McNeil, Raymond; Nuzzolese, Joseph; Turgon, Jean-Pierre			2024-01-24T16:38:18.701Z		INSTITUTION_MATCH_FUZZY;COLLECTION_MATCH_FUZZY;DIFFERENT_OWNER_INSTITUTION
