gbifID	datasetKey	occurrenceID	kingdom	phylum	class	order	family	genus	species	infraspecificEpithet	taxonRank	scientificName	verbatimScientificName	verbatimScientificNameAuthorship	countryCode	locality	stateProvince	occurrenceStatus	individualCount	publishingOrgKey	decimalLatitude	decimalLongitude	coordinateUncertaintyInMeters	coordinatePrecision	elevation	elevationAccuracy	depth	depthAccuracy	eventDate	day	month	year	taxonKey	speciesKey	basisOfRecord	institutionCode	collectionCode	catalogNumber	recordNumber	identifiedBy	dateIdentified	license	rightsHolder	recordedBy	typeStatus	establishmentMeans	lastInterpreted	mediaType	issue
617551334	21705170-d2b6-42de-8904-c3bca4b83591	CMMF002660	Fungi	Basidiomycota	Agaricomycetes	Hymenochaetales	Hymenochaetaceae	Xanthoporia	Xanthoporia radiata		SPECIES	Inonotus radiatus (Sowerby) P.Karst.	Inonotus radiatus (Sowerby) P. Karst.	(Sowerby) P. Karst.	CA	Saint-Roch-sur-Richelieu	Québec	PRESENT		ff7bd5db-b724-4932-b496-10ea298851f9	45.891936	-73.179027	4000.0						1995-09-25	25	9	1995	2521184	7442237	PRESERVED_SPECIMEN	Université de Montréal Biodiversity Centre	CMMF	CMMF002660		Lamoureux, Yves		CC0_1_0	Université de Montréal Biodiversity Centre	Lamoureux, Yves			2024-01-24T16:38:20.334Z	StillImage	INSTITUTION_MATCH_FUZZY;COLLECTION_MATCH_FUZZY;DIFFERENT_OWNER_INSTITUTION
617550501	21705170-d2b6-42de-8904-c3bca4b83591	CMMF002306	Fungi	Basidiomycota	Agaricomycetes	Hymenochaetales	Hymenochaetaceae	Xanthoporia	Xanthoporia radiata		SPECIES	Inonotus radiatus (Sowerby) P.Karst.	Inonotus radiatus (Sowerby) P. Karst.	(Sowerby) P. Karst.	CA	Sainte-Ursule	Québec	PRESENT		ff7bd5db-b724-4932-b496-10ea298851f9	46.288837	-73.033517	3000.0						1994-09-10	10	9	1994	2521184	7442237	PRESERVED_SPECIMEN	Université de Montréal Biodiversity Centre	CMMF	CMMF002306		Audet, Serge		CC0_1_0	Université de Montréal Biodiversity Centre	unknown			2024-01-24T16:38:19.430Z	StillImage	INSTITUTION_MATCH_FUZZY;COLLECTION_MATCH_FUZZY;DIFFERENT_OWNER_INSTITUTION
617550479	21705170-d2b6-42de-8904-c3bca4b83591	CMMF002296	Fungi	Basidiomycota	Agaricomycetes	Hymenochaetales	Hymenochaetaceae	Xanthoporia	Xanthoporia radiata		SPECIES	Inonotus radiatus (Sowerby) P.Karst.	Inonotus radiatus (Sowerby) P. Karst.	(Sowerby) P. Karst.	CA	Rawdon	Québec	PRESENT		ff7bd5db-b724-4932-b496-10ea298851f9	46.052398	-73.748752	11000.0						1994-09-04	4	9	1994	2521184	7442237	PRESERVED_SPECIMEN	Université de Montréal Biodiversity Centre	CMMF	CMMF002296		Audet, Serge		CC0_1_0	Université de Montréal Biodiversity Centre	unknown			2024-01-24T16:38:19.480Z	StillImage	INSTITUTION_MATCH_FUZZY;COLLECTION_MATCH_FUZZY;DIFFERENT_OWNER_INSTITUTION
4950378631	50c9509d-22c7-4a22-a47d-8c48425ef4a7	https://www.inaturalist.org/observations/243071015	Fungi	Basidiomycota	Agaricomycetes	Hymenochaetales	Hymenochaetaceae	Xanthoporia	Xanthoporia radiata		SPECIES	Mensularia radiata (Sowerby) Lázaro Ibiza	Mensularia radiata		CA		Ontario	PRESENT		28eb1a3f-1c15-4a95-931a-4af90ecb574d	45.259692	-77.2009							2024-09-21T07:30:37	21	9	2024	2521199	7442237	HUMAN_OBSERVATION	iNaturalist	Observations	243071015		Lee Cumming	2024-09-21T12:50:45	CC_BY_NC_4_0	Lee Cumming	Lee Cumming			2025-01-14T12:54:22.616Z	StillImage	COORDINATE_ROUNDED;CONTINENT_DERIVED_FROM_COORDINATES;TAXON_MATCH_TAXON_ID_IGNORED
4599851465	50c9509d-22c7-4a22-a47d-8c48425ef4a7	https://www.inaturalist.org/observations/200524046	Fungi	Basidiomycota	Agaricomycetes	Hymenochaetales	Hymenochaetaceae	Xanthoporia	Xanthoporia radiata		SPECIES	Mensularia radiata (Sowerby) Lázaro Ibiza	Mensularia radiata		CA		Québec	PRESENT		28eb1a3f-1c15-4a95-931a-4af90ecb574d	45.549884	-73.469396	582.0						2023-09-15T11:29	15	9	2023	2521199	7442237	HUMAN_OBSERVATION	iNaturalist	Observations	200524046		David Chapados	2024-03-18T15:39:02	CC_BY_NC_4_0	Antoine Fortin	Antoine Fortin			2025-01-14T12:44:31.524Z	StillImage	COORDINATE_ROUNDED;CONTINENT_DERIVED_FROM_COORDINATES;TAXON_MATCH_TAXON_ID_IGNORED
4599755404	50c9509d-22c7-4a22-a47d-8c48425ef4a7	https://www.inaturalist.org/observations/200524047	Fungi	Basidiomycota	Agaricomycetes	Hymenochaetales	Hymenochaetaceae	Xanthoporia	Xanthoporia radiata		SPECIES	Mensularia radiata (Sowerby) Lázaro Ibiza	Mensularia radiata		CA		Québec	PRESENT		28eb1a3f-1c15-4a95-931a-4af90ecb574d	45.549884	-73.469396	582.0						2023-08-26T14:13	26	8	2023	2521199	7442237	HUMAN_OBSERVATION	iNaturalist	Observations	200524047		David Chapados	2024-03-18T15:39:17	CC_BY_NC_4_0	Antoine Fortin	Antoine Fortin			2025-01-14T12:44:17.910Z	StillImage	COORDINATE_ROUNDED;CONTINENT_DERIVED_FROM_COORDINATES;TAXON_MATCH_TAXON_ID_IGNORED
4104446231	5a6538b8-e35c-46c4-8978-6858a657a75f	5907031d-2752-4fd9-9754-700d694b1a27	Fungi	Basidiomycota	Agaricomycetes	Hymenochaetales	Hymenochaetaceae	Xanthoporia	Xanthoporia radiata		SPECIES	Inonotus radiatus (Sowerby) P.Karst.	Inonotus radiatus	(Sowerby) P. Karst.	CA		Quebec	PRESENT		a26dde42-dd82-4d07-a763-353ab27fc02c	45.5	-75.783333	301.0						1919-05-21	21	5	1919	2521184	7442237	PRESERVED_SPECIMEN	CUP		CUP-045910				CC0_1_0		W. H. Rankin			2025-01-15T04:26:06.994Z	StillImage	GEODETIC_DATUM_ASSUMED_WGS84;CONTINENT_DERIVED_FROM_COORDINATES;TAXON_MATCH_TAXON_ID_IGNORED;COLLECTION_MATCH_NONE;INSTITUTION_MATCH_FUZZY
4099639037	d1a3b128-b406-46bb-a6d1-f3591dcc8a7b	dbc8342b-ae2e-4066-af78-dd6aef38649a	Fungi	Basidiomycota	Agaricomycetes	Hymenochaetales	Hymenochaetaceae	Xanthoporia	Xanthoporia radiata		SPECIES	Polyporus radiatus (Sowerby) Fr.	Polyporus radiatus	(Sowerby) Fr.	CA	Spruce Brook	Newfoundland	PRESENT		e43cf4b8-849e-4fac-b075-e652d019d2cf	47.616667	-65.1	301.0						1928-08-24	24	8	1928	5238330	7442237	PRESERVED_SPECIMEN	BPI		BPI 218335		Overholts L. O.		CC0_1_0		Spaulding P.			2025-01-15T04:59:23.428Z		GEODETIC_DATUM_ASSUMED_WGS84;CONTINENT_DERIVED_FROM_COORDINATES;TAXON_MATCH_TAXON_ID_IGNORED;INSTITUTION_MATCH_FUZZY
4023450202	0f83123f-0c04-4556-8f4d-5a4e2a9bac66	http://id.luomus.fi/MY.7183687	Fungi	Basidiomycota	Agaricomycetes	Hymenochaetales	Hymenochaetaceae	Xanthoporia	Xanthoporia radiata		SPECIES	Inonotus radiatus (Sowerby) P.Karst.	Inonotus radiatus (Sowerby : Fr.) P. Karst		CA	Gatineau Park, Ridge Road	Quebec	PRESENT		04fd2e13-6881-4e5c-9dd1-8fdd9ab993c1	45.58	-76.0							1941-10-04T00:00Z	4	10	1941	2521184	7442237	PRESERVED_SPECIMEN	H		http://id.luomus.fi/HA.H7054012		Macrae, Ruth		CC_BY_4_0		Groves, J. W.			2025-01-12T05:29:55.522Z		CONTINENT_DERIVED_FROM_COORDINATES;TAXON_MATCH_TAXON_ID_IGNORED;COLLECTION_MATCH_NONE;INSTITUTION_MATCH_FUZZY
4023450199	0f83123f-0c04-4556-8f4d-5a4e2a9bac66	http://id.luomus.fi/MY.7183691	Fungi	Basidiomycota	Agaricomycetes	Hymenochaetales	Hymenochaetaceae	Xanthoporia	Xanthoporia radiata		SPECIES	Inonotus radiatus (Sowerby) P.Karst.	Inonotus radiatus (Sowerby : Fr.) P. Karst		CA	Eel's Lake | Near Bancroft	Ontario	PRESENT		04fd2e13-6881-4e5c-9dd1-8fdd9ab993c1	45.05	-77.85							1953-09-17T00:00Z	17	9	1953	2521184	7442237	PRESERVED_SPECIMEN	H		http://id.luomus.fi/HA.H7054013				CC_BY_4_0		Macrae, Ruth			2025-01-12T05:29:55.522Z		CONTINENT_DERIVED_FROM_COORDINATES;TAXON_MATCH_TAXON_ID_IGNORED;COLLECTION_MATCH_NONE;INSTITUTION_MATCH_FUZZY
4023450198	0f83123f-0c04-4556-8f4d-5a4e2a9bac66	http://id.luomus.fi/MY.7183699	Fungi	Basidiomycota	Agaricomycetes	Hymenochaetales	Hymenochaetaceae	Xanthoporia	Xanthoporia radiata		SPECIES	Inonotus radiatus (Sowerby) P.Karst.	Inonotus radiatus (Sowerby : Fr.) P. Karst		CA	Gatineau Park, Ridge Road	Quebec	PRESENT		04fd2e13-6881-4e5c-9dd1-8fdd9ab993c1	45.58	-76.0							1956-10-17T00:00Z	17	10	1956	2521184	7442237	PRESERVED_SPECIMEN	H		http://id.luomus.fi/HA.H7054015		Macrae, Ruth		CC_BY_4_0		Tomlin, B.			2025-01-12T05:29:55.521Z		CONTINENT_DERIVED_FROM_COORDINATES;TAXON_MATCH_TAXON_ID_IGNORED;COLLECTION_MATCH_NONE;INSTITUTION_MATCH_FUZZY
4023427582	0f83123f-0c04-4556-8f4d-5a4e2a9bac66	http://id.luomus.fi/MY.6567523	Fungi	Basidiomycota	Agaricomycetes	Hymenochaetales	Hymenochaetaceae	Xanthoporia	Xanthoporia radiata		SPECIES	Inonotus radiatus (Sowerby) P.Karst.	Inonotus radiatus (Sowerby : Fr.) P. Karst		CA	Gatineau Park, Ridge Road	Quebec	PRESENT		04fd2e13-6881-4e5c-9dd1-8fdd9ab993c1	45.58	-76.0							1941-10-04T00:00Z	4	10	1941	2521184	7442237	PRESERVED_SPECIMEN	H		http://id.luomus.fi/HA.H7049966		Macrae, Ruth		CC_BY_4_0		Groves, J. W.			2025-01-12T05:29:50.137Z		CONTINENT_DERIVED_FROM_COORDINATES;TAXON_MATCH_TAXON_ID_IGNORED;COLLECTION_MATCH_NONE;INSTITUTION_MATCH_FUZZY
4023427574	0f83123f-0c04-4556-8f4d-5a4e2a9bac66	http://id.luomus.fi/MY.6567527	Fungi	Basidiomycota	Agaricomycetes	Hymenochaetales	Hymenochaetaceae	Xanthoporia	Xanthoporia radiata		SPECIES	Inonotus radiatus (Sowerby) P.Karst.	Inonotus radiatus (Sowerby : Fr.) P. Karst		CA	Gatineau Park, Ridge Road	Quebec	PRESENT		04fd2e13-6881-4e5c-9dd1-8fdd9ab993c1	45.58	-76.0							1956-10-17T00:00Z	17	10	1956	2521184	7442237	PRESERVED_SPECIMEN	H		http://id.luomus.fi/HA.H7049989		Macrae, Ruth		CC_BY_4_0		Tomlin, B.			2025-01-12T05:29:50.136Z		CONTINENT_DERIVED_FROM_COORDINATES;TAXON_MATCH_TAXON_ID_IGNORED;COLLECTION_MATCH_NONE;INSTITUTION_MATCH_FUZZY
4018220685	50c9509d-22c7-4a22-a47d-8c48425ef4a7	https://www.inaturalist.org/observations/137805240	Fungi	Basidiomycota	Agaricomycetes	Hymenochaetales	Hymenochaetaceae	Xanthoporia	Xanthoporia radiata		SPECIES	Mensularia radiata (Sowerby) Lázaro Ibiza	Mensularia radiata		CA		Ontario	PRESENT		28eb1a3f-1c15-4a95-931a-4af90ecb574d	45.837159	-78.379124	45593.0						2022-09-19T11:20	19	9	2022	2521199	7442237	HUMAN_OBSERVATION	iNaturalist	Observations	137805240		mycowalt	2022-10-06T22:55:41	CC_BY_NC_4_0	mycowalt	mycowalt			2025-01-14T13:25:31.166Z	StillImage	COORDINATE_ROUNDED;CONTINENT_DERIVED_FROM_COORDINATES;TAXON_MATCH_TAXON_ID_IGNORED
3712425437	50c9509d-22c7-4a22-a47d-8c48425ef4a7	https://www.inaturalist.org/observations/97260610	Fungi	Basidiomycota	Agaricomycetes	Hymenochaetales	Hymenochaetaceae	Xanthoporia	Xanthoporia radiata		SPECIES	Mensularia radiata (Sowerby) Lázaro Ibiza	Mensularia radiata		CA		New Brunswick	PRESENT		28eb1a3f-1c15-4a95-931a-4af90ecb574d	45.94585	-64.399519	63.0						2021-10-04T14:35	4	10	2021	2521199	7442237	HUMAN_OBSERVATION	iNaturalist	Observations	97260610		Ben	2021-10-05T17:17:28	CC_BY_NC_4_0	Ben	Ben			2025-01-14T13:15:29.588Z	StillImage	COORDINATE_ROUNDED;CONTINENT_DERIVED_FROM_COORDINATES;TAXON_MATCH_TAXON_ID_IGNORED
3355673335	50c9509d-22c7-4a22-a47d-8c48425ef4a7	https://www.inaturalist.org/observations/93087331	Fungi	Basidiomycota	Agaricomycetes	Hymenochaetales	Hymenochaetaceae	Xanthoporia	Xanthoporia radiata		SPECIES	Mensularia radiata (Sowerby) Lázaro Ibiza	Mensularia radiata		CA		Nova Scotia	PRESENT		28eb1a3f-1c15-4a95-931a-4af90ecb574d	45.311604	-64.78001	151.0						2021-08-28T18:18	28	8	2021	2521199	7442237	HUMAN_OBSERVATION	iNaturalist	Observations	93087331		Ben	2021-08-30T22:01:39	CC_BY_NC_4_0	Ben	Ben			2025-01-14T12:23:00.841Z	StillImage	COORDINATE_ROUNDED;CONTINENT_DERIVED_FROM_COORDINATES;TAXON_MATCH_TAXON_ID_IGNORED
3043181494	f8f35535-8c10-43fc-89dc-eb0843f25394	GB-0104393	Fungi	Basidiomycota	Agaricomycetes	Hymenochaetales	Hymenochaetaceae	Xanthoporia	Xanthoporia radiata		SPECIES	Mensularia radiata (Sowerby) Lázaro Ibiza	Mensularia radiata		CA	Algonquin Provincial Park	Ontario	PRESENT		0ed04352-6745-4665-9e11-7117ee91a96b	45.800278	-78.340278							1982-09-19	19	9	1982	2521199	7442237	PRESERVED_SPECIMEN	GB	GB	GB-0104393	NH 7391			CC0_1_0		Hallenberg, Nils & Ginns, Jim			2024-12-19T12:17:52.639Z		COORDINATE_ROUNDED;GEODETIC_DATUM_ASSUMED_WGS84;INSTITUTION_MATCH_FUZZY;COLLECTION_MATCH_FUZZY
3022729251	1f917113-dd55-4000-9f80-6266fab1af03	1183350	Fungi	Basidiomycota	Agaricomycetes	Hymenochaetales	Hymenochaetaceae	Xanthoporia	Xanthoporia radiata		SPECIES	Xanthoporia radiata (Sowerby) Ţura, Zmitr., Wasser, Raats & Nevo	Xanthoporia radiata (Sowerby) Ţura, Zmitr., Wasser, Raats & Nevo		CA	Gatineau Park, Ridge Road	Quebec	PRESENT		32859580-c30c-4367-8a8a-71f00fc9f833	45.583309	-76.000007	3000.0						1941-10-04	4	10	1941	7442237	7442237	PRESERVED_SPECIMEN	TAAM	TAAM	TAAM207780		R. Macrae		CC_BY_NC_4_0	Irma Zettur	J.W. Groves			2025-01-12T09:58:18.685Z		COORDINATE_ROUNDED;CONTINENT_DERIVED_FROM_COORDINATES
1990288371	032f1fbe-d21f-407d-be46-5cd1bb1ea397	486d6ace-c4b3-4770-92d9-35aca9e7e5f6	Fungi	Basidiomycota	Agaricomycetes	Hymenochaetales	Hymenochaetaceae	Xanthoporia	Xanthoporia radiata		SPECIES	Polyporus radiatus (Sowerby) Fr.	Polyporus radiatus	(Sowerby) Fr.	CA	Whitney, Costello Lake, Algonquin Park	Ontario	PRESENT		61c539d8-47e0-4b82-875f-b95aad66dcd4	45.595833	-78.323611							1939-09-03	3	9	1939	5238330	7442237	PRESERVED_SPECIMEN	TENN-F		TENN-F-014838	RFC15606			CC0_1_0		R.F. Cain			2025-01-12T10:33:40.668Z		COORDINATE_ROUNDED;GEODETIC_DATUM_ASSUMED_WGS84;CONTINENT_DERIVED_FROM_COORDINATES;TAXON_MATCH_TAXON_ID_IGNORED;INSTITUTION_MATCH_NONE
1807258245	e8a25a42-f125-476c-8554-3ec21cd51a84	ACAD:114941	Fungi	Basidiomycota	Agaricomycetes	Hymenochaetales	Hymenochaetaceae	Xanthoporia	Xanthoporia radiata		SPECIES	Polyporus radiatus (Sowerby) Fr.	Polyporus radiatus	(Sowerby) Fr., 1821	CA	Kentville	Nova Scotia	PRESENT		6491ad8c-8e49-4bd4-a089-0ddb3bbe0890	45.07662	-64.49592							1928			1928	5238330	7442237	PRESERVED_SPECIMEN	Acadia University	ACAD	6587F				CC0_1_0	Acadia University	Harrison, KA			2024-01-25T01:37:14.749Z	StillImage	GEODETIC_DATUM_INVALID;GEODETIC_DATUM_ASSUMED_WGS84;TAXON_MATCH_TAXON_ID_IGNORED;INSTITUTION_MATCH_FUZZY;COLLECTION_MATCH_FUZZY
1807254792	e8a25a42-f125-476c-8554-3ec21cd51a84	ACAD:111571	Fungi	Basidiomycota	Agaricomycetes	Hymenochaetales	Hymenochaetaceae	Xanthoporia	Xanthoporia radiata		SPECIES	Mensularia radiata (Sowerby) Lázaro Ibiza	Mensularia radiata (Sowerby) Lazaro Ibiza 1916	(Sowerby) Lazaro Ibiza 1916	CA	Canaan	Nova Scotia	PRESENT		6491ad8c-8e49-4bd4-a089-0ddb3bbe0890	45.03173	-64.48681							1933-08		8	1933	2521199	7442237	PRESERVED_SPECIMEN	Acadia University	ACAD	116F				CC0_1_0	Acadia University				2024-01-25T01:37:06.227Z	StillImage	GEODETIC_DATUM_INVALID;GEODETIC_DATUM_ASSUMED_WGS84;TAXON_MATCH_TAXON_ID_IGNORED;INSTITUTION_MATCH_FUZZY;COLLECTION_MATCH_FUZZY
1412707609	21705170-d2b6-42de-8904-c3bca4b83591	CMMF016008	Fungi	Basidiomycota	Agaricomycetes	Hymenochaetales	Hymenochaetaceae	Xanthoporia	Xanthoporia radiata		SPECIES	Inonotus radiatus (Sowerby) P.Karst.	Inonotus radiatus (Sowerby) P. Karst.	(Sowerby) P. Karst.	CA	Montmagny, Québec.	Québec	PRESENT		ff7bd5db-b724-4932-b496-10ea298851f9	46.980077	-70.556636	20000.0						1992-09-06	6	9	1992	2521184	7442237	PRESERVED_SPECIMEN	Université de Montréal Biodiversity Centre	CMMF	CMMF016008		Boulet, Bruno		CC0_1_0	Université de Montréal Biodiversity Centre	Boulet, Bruno			2024-01-24T16:38:18.492Z		INSTITUTION_MATCH_FUZZY;COLLECTION_MATCH_FUZZY;DIFFERENT_OWNER_INSTITUTION
1412707596	21705170-d2b6-42de-8904-c3bca4b83591	CMMF016017	Fungi	Basidiomycota	Agaricomycetes	Hymenochaetales	Hymenochaetaceae	Xanthoporia	Xanthoporia radiata		SPECIES	Inonotus radiatus (Sowerby) P.Karst.	Inonotus radiatus (Sowerby) P. Karst.	(Sowerby) P. Karst.	CA	Cap Rouge, Québec.	Québec	PRESENT		ff7bd5db-b724-4932-b496-10ea298851f9	46.763778	-71.355145	5000.0						1970-09-30	30	9	1970	2521184	7442237	PRESERVED_SPECIMEN	Université de Montréal Biodiversity Centre	CMMF	CMMF016017		Sirard, Léas; Boulet, Bruno		CC0_1_0	Université de Montréal Biodiversity Centre	Sirard, Léas; Boulet, Bruno			2024-01-24T16:38:18.480Z		INSTITUTION_MATCH_FUZZY;COLLECTION_MATCH_FUZZY;DIFFERENT_OWNER_INSTITUTION
1412707551	21705170-d2b6-42de-8904-c3bca4b83591	CMMF016010	Fungi	Basidiomycota	Agaricomycetes	Hymenochaetales	Hymenochaetaceae	Xanthoporia	Xanthoporia radiata		SPECIES	Inonotus radiatus (Sowerby) P.Karst.	Inonotus radiatus (Sowerby) P. Karst.	(Sowerby) P. Karst.	CA	Montmagny, Québec.	Québec	PRESENT		ff7bd5db-b724-4932-b496-10ea298851f9	46.980077	-70.556636	20000.0						1992-09-06	6	9	1992	2521184	7442237	PRESERVED_SPECIMEN	Université de Montréal Biodiversity Centre	CMMF	CMMF016010		Boulet, Bruno		CC0_1_0	Université de Montréal Biodiversity Centre	Boulet, Bruno			2024-01-24T16:38:18.486Z		INSTITUTION_MATCH_FUZZY;COLLECTION_MATCH_FUZZY;DIFFERENT_OWNER_INSTITUTION
1412707532	21705170-d2b6-42de-8904-c3bca4b83591	CMMF016012	Fungi	Basidiomycota	Agaricomycetes	Hymenochaetales	Hymenochaetaceae	Xanthoporia	Xanthoporia radiata		SPECIES	Inonotus radiatus (Sowerby) P.Karst.	Inonotus radiatus (Sowerby) P. Karst.	(Sowerby) P. Karst.	CA	Québec, Québec.	Québec	PRESENT		ff7bd5db-b724-4932-b496-10ea298851f9	46.86201	-71.307678	15000.0						1977-10-05	5	10	1977	2521184	7442237	PRESERVED_SPECIMEN	Université de Montréal Biodiversity Centre	CMMF	CMMF016012		Sirard, Léas; Boulet, Bruno		CC0_1_0	Université de Montréal Biodiversity Centre	Sirard, Léas; Boulet, Bruno			2024-01-24T16:38:18.533Z		INSTITUTION_MATCH_FUZZY;COLLECTION_MATCH_FUZZY;DIFFERENT_OWNER_INSTITUTION
1412707529	21705170-d2b6-42de-8904-c3bca4b83591	CMMF016009	Fungi	Basidiomycota	Agaricomycetes	Hymenochaetales	Hymenochaetaceae	Xanthoporia	Xanthoporia radiata		SPECIES	Inonotus radiatus (Sowerby) P.Karst.	Inonotus radiatus (Sowerby) P. Karst.	(Sowerby) P. Karst.	CA	Québec, Québec.	Québec	PRESENT		ff7bd5db-b724-4932-b496-10ea298851f9	46.86201	-71.307678	15000.0						1973-10-23	23	10	1973	2521184	7442237	PRESERVED_SPECIMEN	Université de Montréal Biodiversity Centre	CMMF	CMMF016009		Sirard, Léas; Boulet, Bruno		CC0_1_0	Université de Montréal Biodiversity Centre	Sirard, Léas; Boulet, Bruno			2024-01-24T16:38:18.493Z		INSTITUTION_MATCH_FUZZY;COLLECTION_MATCH_FUZZY;DIFFERENT_OWNER_INSTITUTION
1412707515	21705170-d2b6-42de-8904-c3bca4b83591	CMMF016016	Fungi	Basidiomycota	Agaricomycetes	Hymenochaetales	Hymenochaetaceae	Xanthoporia	Xanthoporia radiata		SPECIES	Inonotus radiatus (Sowerby) P.Karst.	Inonotus radiatus (Sowerby) P. Karst.	(Sowerby) P. Karst.	CA	La Martinière, Beaumont, Québec.	Québec	PRESENT		ff7bd5db-b724-4932-b496-10ea298851f9	46.827978	-71.111879	5000.0						1986-09-15	15	9	1986	2521184	7442237	PRESERVED_SPECIMEN	Université de Montréal Biodiversity Centre	CMMF	CMMF016016		Sirard, Léas; Boulet, Bruno		CC0_1_0	Université de Montréal Biodiversity Centre	Sirard, Léas; Boulet, Bruno			2024-01-24T16:38:18.478Z		INSTITUTION_MATCH_FUZZY;COLLECTION_MATCH_FUZZY;DIFFERENT_OWNER_INSTITUTION
1412707512	21705170-d2b6-42de-8904-c3bca4b83591	CMMF016018	Fungi	Basidiomycota	Agaricomycetes	Hymenochaetales	Hymenochaetaceae	Xanthoporia	Xanthoporia radiata		SPECIES	Inonotus radiatus (Sowerby) P.Karst.	Inonotus radiatus (Sowerby) P. Karst.	(Sowerby) P. Karst.	CA	Cimetière Belmont, Québec.	Québec	PRESENT		ff7bd5db-b724-4932-b496-10ea298851f9	46.791462	-71.280377	500.0						1973-10-23	23	10	1973	2521184	7442237	PRESERVED_SPECIMEN	Université de Montréal Biodiversity Centre	CMMF	CMMF016018		Sirard, Léas; Boulet, Bruno		CC0_1_0	Université de Montréal Biodiversity Centre	Sirard, Léas; Boulet, Bruno			2024-01-24T16:38:18.479Z		INSTITUTION_MATCH_FUZZY;COLLECTION_MATCH_FUZZY;DIFFERENT_OWNER_INSTITUTION
1412707508	21705170-d2b6-42de-8904-c3bca4b83591	CMMF016007	Fungi	Basidiomycota	Agaricomycetes	Hymenochaetales	Hymenochaetaceae	Xanthoporia	Xanthoporia radiata		SPECIES	Inonotus radiatus (Sowerby) P.Karst.	Inonotus radiatus (Sowerby) P. Karst.	(Sowerby) P. Karst.	CA	Montmagny, Québec.	Québec	PRESENT		ff7bd5db-b724-4932-b496-10ea298851f9	46.980077	-70.556636	20000.0						1990-09-02	2	9	1990	2521184	7442237	PRESERVED_SPECIMEN	Université de Montréal Biodiversity Centre	CMMF	CMMF016007		Boulet, Bruno		CC0_1_0	Université de Montréal Biodiversity Centre	Boulet, Bruno			2024-01-24T16:38:18.488Z		INSTITUTION_MATCH_FUZZY;COLLECTION_MATCH_FUZZY;DIFFERENT_OWNER_INSTITUTION
1412707500	21705170-d2b6-42de-8904-c3bca4b83591	CMMF016006	Fungi	Basidiomycota	Agaricomycetes	Hymenochaetales	Hymenochaetaceae	Xanthoporia	Xanthoporia radiata		SPECIES	Inonotus radiatus (Sowerby) P.Karst.	Inonotus radiatus (Sowerby) P. Karst.	(Sowerby) P. Karst.	CA	Montmagny, Québec.	Québec	PRESENT		ff7bd5db-b724-4932-b496-10ea298851f9	46.980077	-70.556636	20000.0						1990-09		9	1990	2521184	7442237	PRESERVED_SPECIMEN	Université de Montréal Biodiversity Centre	CMMF	CMMF016006		Boulet, Bruno		CC0_1_0	Université de Montréal Biodiversity Centre	Boulet, Bruno			2024-01-24T16:38:18.488Z		INSTITUTION_MATCH_FUZZY;COLLECTION_MATCH_FUZZY;DIFFERENT_OWNER_INSTITUTION
1412707492	21705170-d2b6-42de-8904-c3bca4b83591	CMMF016005	Fungi	Basidiomycota	Agaricomycetes	Hymenochaetales	Hymenochaetaceae	Xanthoporia	Xanthoporia radiata		SPECIES	Inonotus radiatus (Sowerby) P.Karst.	Inonotus radiatus (Sowerby) P. Karst.	(Sowerby) P. Karst.	CA	Montmagny, Québec.	Québec	PRESENT		ff7bd5db-b724-4932-b496-10ea298851f9	46.980077	-70.556636	20000.0						1992-09		9	1992	2521184	7442237	PRESERVED_SPECIMEN	Université de Montréal Biodiversity Centre	CMMF	CMMF016005		Boulet, Bruno		CC0_1_0	Université de Montréal Biodiversity Centre	Boulet, Bruno			2024-01-24T16:38:18.487Z		INSTITUTION_MATCH_FUZZY;COLLECTION_MATCH_FUZZY;DIFFERENT_OWNER_INSTITUTION
1412707470	21705170-d2b6-42de-8904-c3bca4b83591	CMMF016013	Fungi	Basidiomycota	Agaricomycetes	Hymenochaetales	Hymenochaetaceae	Xanthoporia	Xanthoporia radiata		SPECIES	Inonotus radiatus (Sowerby) P.Karst.	Inonotus radiatus (Sowerby) P. Karst.	(Sowerby) P. Karst.	CA	Sillery, Québec.	Québec	PRESENT		ff7bd5db-b724-4932-b496-10ea298851f9	46.770318	-71.265367	3000.0						1973-08		8	1973	2521184	7442237	PRESERVED_SPECIMEN	Université de Montréal Biodiversity Centre	CMMF	CMMF016013		Sirard, Léas; Boulet, Bruno		CC0_1_0	Université de Montréal Biodiversity Centre	Sirard, Léas; Boulet, Bruno			2024-01-24T16:38:18.478Z		INSTITUTION_MATCH_FUZZY;COLLECTION_MATCH_FUZZY;DIFFERENT_OWNER_INSTITUTION
1412707467	21705170-d2b6-42de-8904-c3bca4b83591	CMMF016011	Fungi	Basidiomycota	Agaricomycetes	Hymenochaetales	Hymenochaetaceae	Xanthoporia	Xanthoporia radiata		SPECIES	Inonotus radiatus (Sowerby) P.Karst.	Inonotus radiatus (Sowerby) P. Karst.	(Sowerby) P. Karst.	CA	Cap Rouge, Québec.	Québec	PRESENT		ff7bd5db-b724-4932-b496-10ea298851f9	46.763778	-71.355145	5000.0						1970-10-05	5	10	1970	2521184	7442237	PRESERVED_SPECIMEN	Université de Montréal Biodiversity Centre	CMMF	CMMF016011		Sirard, Léas; Boulet, Bruno		CC0_1_0	Université de Montréal Biodiversity Centre	Sirard, Léas; Boulet, Bruno			2024-01-24T16:38:18.485Z		INSTITUTION_MATCH_FUZZY;COLLECTION_MATCH_FUZZY;DIFFERENT_OWNER_INSTITUTION
1412707458	21705170-d2b6-42de-8904-c3bca4b83591	CMMF016015	Fungi	Basidiomycota	Agaricomycetes	Hymenochaetales	Hymenochaetaceae	Xanthoporia	Xanthoporia radiata		SPECIES	Inonotus radiatus (Sowerby) P.Karst.	Inonotus radiatus (Sowerby) P. Karst.	(Sowerby) P. Karst.	CA	Sainte-Foy, Québec.	Québec	PRESENT		ff7bd5db-b724-4932-b496-10ea298851f9	46.780042	-71.374844	9000.0						1971-11-22	22	11	1971	2521184	7442237	PRESERVED_SPECIMEN	Université de Montréal Biodiversity Centre	CMMF	CMMF016015		Sirard, Léas; Boulet, Bruno		CC0_1_0	Université de Montréal Biodiversity Centre	Sirard, Léas; Boulet, Bruno			2024-01-24T16:38:18.493Z		INSTITUTION_MATCH_FUZZY;COLLECTION_MATCH_FUZZY;DIFFERENT_OWNER_INSTITUTION
1412707457	21705170-d2b6-42de-8904-c3bca4b83591	CMMF016014	Fungi	Basidiomycota	Agaricomycetes	Hymenochaetales	Hymenochaetaceae	Xanthoporia	Xanthoporia radiata		SPECIES	Inonotus radiatus (Sowerby) P.Karst.	Inonotus radiatus (Sowerby) P. Karst.	(Sowerby) P. Karst.	CA	Sainte-Foy, Québec.	Québec	PRESENT		ff7bd5db-b724-4932-b496-10ea298851f9	46.780042	-71.374844	9000.0						1971-11-22	22	11	1971	2521184	7442237	PRESERVED_SPECIMEN	Université de Montréal Biodiversity Centre	CMMF	CMMF016014		Sirard, Léas; Boulet, Bruno		CC0_1_0	Université de Montréal Biodiversity Centre	Sirard, Léas; Boulet, Bruno			2024-01-24T16:38:18.478Z		INSTITUTION_MATCH_FUZZY;COLLECTION_MATCH_FUZZY;DIFFERENT_OWNER_INSTITUTION
1412706936	21705170-d2b6-42de-8904-c3bca4b83591	CMMF015297	Fungi	Basidiomycota	Agaricomycetes	Hymenochaetales	Hymenochaetaceae	Xanthoporia	Xanthoporia radiata		SPECIES	Inonotus radiatus (Sowerby) P.Karst.	Inonotus radiatus (Sowerby) P. Karst.	(Sowerby) P. Karst.	CA	Bois du Colisée, Chicoutimi, Québec.	Québec	PRESENT		ff7bd5db-b724-4932-b496-10ea298851f9	48.417623	-71.064377	400.0						1979-09-06	6	9	1979	2521184	7442237	PRESERVED_SPECIMEN	Université de Montréal Biodiversity Centre	CMMF	CMMF015297	884	Guérin, Gérard		CC0_1_0	Université de Montréal Biodiversity Centre	Guérin, Gérard			2024-01-24T16:38:17.041Z	StillImage	INSTITUTION_MATCH_FUZZY;COLLECTION_MATCH_FUZZY;DIFFERENT_OWNER_INSTITUTION
1412706828	21705170-d2b6-42de-8904-c3bca4b83591	CMMF015300	Fungi	Basidiomycota	Agaricomycetes	Hymenochaetales	Hymenochaetaceae	Xanthoporia	Xanthoporia radiata		SPECIES	Inonotus radiatus (Sowerby) P.Karst.	Inonotus radiatus (Sowerby) P. Karst.	(Sowerby) P. Karst.	CA	Cap-au-Lest, Saint-Fulgence, Québec.	Québec	PRESENT		ff7bd5db-b724-4932-b496-10ea298851f9	48.391343	-70.689884	4500.0						1995-09-30	30	9	1995	2521184	7442237	PRESERVED_SPECIMEN	Université de Montréal Biodiversity Centre	CMMF	CMMF015300	885	Guérin, Gérard		CC0_1_0	Université de Montréal Biodiversity Centre	Guérin, Gérard			2024-01-24T16:38:16.949Z	StillImage	INSTITUTION_MATCH_FUZZY;COLLECTION_MATCH_FUZZY;DIFFERENT_OWNER_INSTITUTION
1412706824	21705170-d2b6-42de-8904-c3bca4b83591	CMMF015299	Fungi	Basidiomycota	Agaricomycetes	Hymenochaetales	Hymenochaetaceae	Xanthoporia	Xanthoporia radiata		SPECIES	Inonotus radiatus (Sowerby) P.Karst.	Inonotus radiatus (Sowerby) P. Karst.	(Sowerby) P. Karst.	CA	Lac Simoncouche, Laterrière, Québec.	Québec	PRESENT		ff7bd5db-b724-4932-b496-10ea298851f9	48.230764	-71.250462	2500.0						1997-09-13	13	9	1997	2521184	7442237	PRESERVED_SPECIMEN	Université de Montréal Biodiversity Centre	CMMF	CMMF015299	886	Guérin, Gérard		CC0_1_0	Université de Montréal Biodiversity Centre	Guérin, Gérard			2024-01-24T16:38:17.045Z	StillImage	INSTITUTION_MATCH_FUZZY;COLLECTION_MATCH_FUZZY;DIFFERENT_OWNER_INSTITUTION
1412704386	21705170-d2b6-42de-8904-c3bca4b83591	CMMF012445	Fungi	Basidiomycota	Agaricomycetes	Hymenochaetales	Hymenochaetaceae	Xanthoporia	Xanthoporia radiata		SPECIES	Polyporus radiatus (Sowerby) Fr.	Polyporus radiatus Sow. ex Fr.	Sow. ex Fr.	CA	Granby, Québec.	Québec	PRESENT		ff7bd5db-b724-4932-b496-10ea298851f9	45.4	-72.733333	5000.0						1947-09-13	13	9	1947	5238330	7442237	PRESERVED_SPECIMEN	Université de Montréal Biodiversity Centre	CMMF	CMMF012445	1897	Pomerleau, René		CC0_1_0	Université de Montréal Biodiversity Centre	Fabius, Fr.			2024-01-24T16:38:19.994Z		INSTITUTION_MATCH_FUZZY;COLLECTION_MATCH_FUZZY;DIFFERENT_OWNER_INSTITUTION
1412703192	21705170-d2b6-42de-8904-c3bca4b83591	CMMF011655	Fungi	Basidiomycota	Agaricomycetes	Hymenochaetales	Hymenochaetaceae	Xanthoporia	Xanthoporia radiata		SPECIES	Polyporus radiatus (Sowerby) Fr.	Polyporus radiatus Sow. ex Fr.	Sow. ex Fr.	CA	Lac Bédard, Portneuf, Québec.	Québec	PRESENT		ff7bd5db-b724-4932-b496-10ea298851f9	47.085833	-71.83	2000.0						1941-09-26/1941-09-30		9	1941	5238330	7442237	PRESERVED_SPECIMEN	Université de Montréal Biodiversity Centre	CMMF	CMMF011655	17156-17177-17180	Pomerleau, René		CC0_1_0	Université de Montréal Biodiversity Centre	Campagna, Elzéar			2024-01-24T16:38:18.070Z		INSTITUTION_MATCH_FUZZY;COLLECTION_MATCH_FUZZY;DIFFERENT_OWNER_INSTITUTION
1269740701	0d4af118-b79e-40c7-9cc6-142c5027cb16	abde6c7c-def9-4523-b604-e5e178279fbb	Fungi	Basidiomycota	Agaricomycetes	Hymenochaetales	Hymenochaetaceae	Xanthoporia	Xanthoporia radiata		SPECIES	Polyporus radiatus (Sowerby) Fr.	Polyporus radiatus	(Sowerby) Fr.	CA	Costello Lake, Algonquin Park.	Ontario	PRESENT		38a69420-bd2a-11dd-b15e-b8a03c50a862	45.597597	-78.321046	700.0						1939-08-29	29	8	1939	5238330	7442237	PRESERVED_SPECIMEN	LSUM	Fungi	LSU00152593	s.n.	Roy F. Cain		CC0_1_0		Roy F. Cain			2025-01-12T11:02:13.175Z	StillImage	CONTINENT_DERIVED_FROM_COORDINATES;TAXON_MATCH_TAXON_ID_IGNORED;INSTITUTION_MATCH_FUZZY;INSTITUTION_COLLECTION_MISMATCH
1135069346	21705170-d2b6-42de-8904-c3bca4b83591	CMMF007871	Fungi	Basidiomycota	Agaricomycetes	Hymenochaetales	Hymenochaetaceae	Xanthoporia	Xanthoporia radiata		SPECIES	Inonotus radiatus (Sowerby) P.Karst.	Inonotus radiatus (Sowerby) P. Karst.	(Sowerby) P. Karst.	CA	Ste-Lucie-de-Beauregard	Québec	PRESENT		ff7bd5db-b724-4932-b496-10ea298851f9	46.683583	-70.042333	100.0						1979-10-07	7	10	1979	2521184	7442237	PRESERVED_SPECIMEN	Université de Montréal Biodiversity Centre	CMMF	CMMF007871	502	McNeil, Raymond		CC0_1_0	Université de Montréal Biodiversity Centre	McNeil, Raymond			2024-01-24T16:38:14.784Z	StillImage	COORDINATE_ROUNDED;INSTITUTION_MATCH_FUZZY;COLLECTION_MATCH_FUZZY;DIFFERENT_OWNER_INSTITUTION
1135069049	21705170-d2b6-42de-8904-c3bca4b83591	CMMF007580	Fungi	Basidiomycota	Agaricomycetes	Hymenochaetales	Hymenochaetaceae	Xanthoporia	Xanthoporia radiata		SPECIES	Inonotus radiatus (Sowerby) P.Karst.	Inonotus radiatus (Sowerby) P. Karst.	(Sowerby) P. Karst.	CA	St-Hippolyte	Québec	PRESENT		ff7bd5db-b724-4932-b496-10ea298851f9	45.989333	-74.003633	100.0						1978-09-23	23	9	1978	2521184	7442237	PRESERVED_SPECIMEN	Université de Montréal Biodiversity Centre	CMMF	CMMF007580	305	McNeil, Raymond		CC0_1_0	Université de Montréal Biodiversity Centre	McNeil, Raymond			2024-01-24T16:38:16.004Z	StillImage	INSTITUTION_MATCH_FUZZY;COLLECTION_MATCH_FUZZY;DIFFERENT_OWNER_INSTITUTION
1135067678	21705170-d2b6-42de-8904-c3bca4b83591	CMMF006245	Fungi	Basidiomycota	Agaricomycetes	Hymenochaetales	Hymenochaetaceae	Xanthoporia	Xanthoporia radiata		SPECIES	Inonotus radiatus (Sowerby) P.Karst.	Inonotus radiatus (Sowerby) P. Karst.	(Sowerby) P. Karst.	CA	Châteauguay	Québec	PRESENT		ff7bd5db-b724-4932-b496-10ea298851f9	45.35433	-73.774083	100.0						2005-09-06	6	9	2005	2521184	7442237	PRESERVED_SPECIMEN	Université de Montréal Biodiversity Centre	CMMF	CMMF006245	Inexistant	McNeil, Raymond		CC0_1_0	Université de Montréal Biodiversity Centre	McNeil, Raymond			2024-01-24T16:38:18.906Z	StillImage	COORDINATE_ROUNDED;INSTITUTION_MATCH_FUZZY;COLLECTION_MATCH_FUZZY;DIFFERENT_OWNER_INSTITUTION
1135067634	21705170-d2b6-42de-8904-c3bca4b83591	CMMF006235	Fungi	Basidiomycota	Agaricomycetes	Hymenochaetales	Hymenochaetaceae	Xanthoporia	Xanthoporia radiata		SPECIES	Inonotus radiatus (Sowerby) P.Karst.	Inonotus radiatus (Sowerby) P. Karst.	(Sowerby) P. Karst.	CA	Châteauguay	Québec	PRESENT		ff7bd5db-b724-4932-b496-10ea298851f9	45.35433	-73.774083	100.0						2005-10-09	9	10	2005	2521184	7442237	PRESERVED_SPECIMEN	Université de Montréal Biodiversity Centre	CMMF	CMMF006235	C2662	McNeil, Raymond		CC0_1_0	Université de Montréal Biodiversity Centre	McNeil, Raymond			2024-01-24T16:38:18.883Z	StillImage	COORDINATE_ROUNDED;INSTITUTION_MATCH_FUZZY;COLLECTION_MATCH_FUZZY;DIFFERENT_OWNER_INSTITUTION
1135067539	21705170-d2b6-42de-8904-c3bca4b83591	CMMF006011	Fungi	Basidiomycota	Agaricomycetes	Hymenochaetales	Hymenochaetaceae	Xanthoporia	Xanthoporia radiata		SPECIES	Inonotus radiatus (Sowerby) P.Karst.	Inonotus radiatus (Sowerby) P. Karst.	(Sowerby) P. Karst.	CA	Châteauguay (Centre écologique Fernand-Seguin)	Québec	PRESENT		ff7bd5db-b724-4932-b496-10ea298851f9	45.33983	-73.773917	100.0						2010-08-27	27	8	2010	2521184	7442237	PRESERVED_SPECIMEN	Université de Montréal Biodiversity Centre	CMMF	CMMF006011	C3719	McNeil, Raymond		CC0_1_0	Université de Montréal Biodiversity Centre	McNeil, Raymond			2024-01-24T16:38:17.999Z	StillImage	COORDINATE_ROUNDED;INSTITUTION_MATCH_FUZZY;COLLECTION_MATCH_FUZZY;DIFFERENT_OWNER_INSTITUTION
1024558719	21705170-d2b6-42de-8904-c3bca4b83591	CMMF004149	Fungi	Basidiomycota	Agaricomycetes	Hymenochaetales	Hymenochaetaceae	Xanthoporia	Xanthoporia radiata		SPECIES	Mensularia radiata (Sowerby) Lázaro Ibiza	Mensularia radiata (Sowerby) Lázaro Ibiza	(Sowerby) Lázaro Ibiza	CA	Réserve écologique du Boisé-des-Muir, Hinchinbrooke.	Québec	PRESENT		ff7bd5db-b724-4932-b496-10ea298851f9	45.08561	-74.115997	10.0						2011-08-30	30	8	2011	2521199	7442237	PRESERVED_SPECIMEN	Université de Montréal Biodiversity Centre	CMMF	CMMF004149	129	Lebeuf, Renée		CC0_1_0	Université de Montréal Biodiversity Centre	Archambault, Raymond; Lebeuf, Renée			2024-01-24T16:38:18.606Z		INSTITUTION_MATCH_FUZZY;COLLECTION_MATCH_FUZZY;DIFFERENT_OWNER_INSTITUTION
