gbifID	datasetKey	occurrenceID	kingdom	phylum	class	order	family	genus	species	infraspecificEpithet	taxonRank	scientificName	verbatimScientificName	verbatimScientificNameAuthorship	countryCode	locality	stateProvince	occurrenceStatus	individualCount	publishingOrgKey	decimalLatitude	decimalLongitude	coordinateUncertaintyInMeters	coordinatePrecision	elevation	elevationAccuracy	depth	depthAccuracy	eventDate	day	month	year	taxonKey	speciesKey	basisOfRecord	institutionCode	collectionCode	catalogNumber	recordNumber	identifiedBy	dateIdentified	license	rightsHolder	recordedBy	typeStatus	establishmentMeans	lastInterpreted	mediaType	issue
694158222	d7cfd2ed-8af4-427f-a16e-eb66b7e2c419	22994	Fungi	Basidiomycota	Agaricomycetes	Hymenochaetales		Trichaptum	Trichaptum abietinum		SPECIES	Trichaptum abietinum (Pers. ex J.F.Gmel.) Ryvarden	Trichaptum abietinum (Dicks.) Ryvarden	(Dicks.) Ryvarden	CA	St. Nora Lake	Ontario	PRESENT		ff418020-1d67-11d9-8435-b8a03c50a862	45.141004	-78.826911	3189.0						1961-09-08	8	9	1961	8690832	8690832	PRESERVED_SPECIMEN	Royal Ontario Museum	TRTC	TRTC041534		Cain, R.F.		CC0_1_0	Royal Ontario Museum	Cain, R.F.;			2024-01-25T00:59:40.619Z		COORDINATE_ROUNDED;AMBIGUOUS_INSTITUTION
694158093	d7cfd2ed-8af4-427f-a16e-eb66b7e2c419	20910	Fungi	Basidiomycota	Agaricomycetes	Hymenochaetales		Trichaptum	Trichaptum abietinum		SPECIES	Trichaptum abietinum (Pers. ex J.F.Gmel.) Ryvarden	Trichaptum abietinum (Dicks.) Ryvarden	(Dicks.) Ryvarden	CA	University of Toronto Forest	Ontario	PRESENT		ff418020-1d67-11d9-8435-b8a03c50a862	45.183005	-78.85025	7575.0						1964-09-18	18	9	1964	8690832	8690832	PRESERVED_SPECIMEN	Royal Ontario Museum	TRTC	TRTC044744		Cain, R.F.		CC0_1_0	Royal Ontario Museum	Cain, R.F.;			2024-01-25T00:59:38.786Z		COORDINATE_ROUNDED;AMBIGUOUS_INSTITUTION
694157258	d7cfd2ed-8af4-427f-a16e-eb66b7e2c419	15462	Fungi	Basidiomycota	Agaricomycetes	Hymenochaetales		Trichaptum	Trichaptum abietinum		SPECIES	Trichaptum abietinum (Pers. ex J.F.Gmel.) Ryvarden	Trichaptum abietinum (Dicks.) Ryvarden	(Dicks.) Ryvarden	CA	University of Toronto Forest	Ontario	PRESENT		ff418020-1d67-11d9-8435-b8a03c50a862	45.183005	-78.85025	7575.0						1963-09-12	12	9	1963	8690832	8690832	PRESERVED_SPECIMEN	Royal Ontario Museum	TRTC	TRTC163205		Allin, J.T.		CC0_1_0	Royal Ontario Museum	Allin, J.T.			2024-01-25T00:59:40.275Z		COORDINATE_ROUNDED;AMBIGUOUS_INSTITUTION
694157193	d7cfd2ed-8af4-427f-a16e-eb66b7e2c419	14977	Fungi	Basidiomycota	Agaricomycetes	Hymenochaetales		Trichaptum	Trichaptum abietinum		SPECIES	Trichaptum abietinum (Pers. ex J.F.Gmel.) Ryvarden	Trichaptum abietinum (Dicks.) Ryvarden	(Dicks.) Ryvarden	CA	University of Toronto Forest	Ontario	PRESENT		ff418020-1d67-11d9-8435-b8a03c50a862	45.183005	-78.85025	7575.0						1963-09-14	14	9	1963	8690832	8690832	PRESERVED_SPECIMEN	Royal Ontario Museum	TRTC	TRTC040543		Cain, R.F.		CC0_1_0	Royal Ontario Museum	Cain, R.F.			2024-01-25T00:59:41.503Z		COORDINATE_ROUNDED;AMBIGUOUS_INSTITUTION
694157149	d7cfd2ed-8af4-427f-a16e-eb66b7e2c419	14564	Fungi	Basidiomycota	Agaricomycetes	Hymenochaetales		Trichaptum	Trichaptum abietinum		SPECIES	Trichaptum abietinum (Pers. ex J.F.Gmel.) Ryvarden	Trichaptum abietinum (Dicks.) Ryvarden	(Dicks.) Ryvarden	CA	University of Toronto Forest	Ontario	PRESENT		ff418020-1d67-11d9-8435-b8a03c50a862	45.183005	-78.85025	7575.0						1965-09-16	16	9	1965	8690832	8690832	PRESERVED_SPECIMEN	Royal Ontario Museum	TRTC	TRTC042963		Cain, R.F.		CC0_1_0	Royal Ontario Museum	Cain, R.F.			2024-01-25T00:59:40.843Z		COORDINATE_ROUNDED;AMBIGUOUS_INSTITUTION
694156930	d7cfd2ed-8af4-427f-a16e-eb66b7e2c419	13657	Fungi	Basidiomycota	Agaricomycetes	Hymenochaetales		Trichaptum	Trichaptum abietinum		SPECIES	Trichaptum abietinum (Pers. ex J.F.Gmel.) Ryvarden	Trichaptum abietinum (Dicks.) Ryvarden	(Dicks.) Ryvarden	CA	Algonquin Provincial Park, Bat Lake trail	Ontario	PRESENT		ff418020-1d67-11d9-8435-b8a03c50a862	45.586534	-78.517184	112.0						2003-02-18	18	2	2003	8690832	8690832	PRESERVED_SPECIMEN	Royal Ontario Museum	TRTC	TRTC058016		Ling, C.		CC0_1_0	Royal Ontario Museum	Ling, C.			2024-01-25T00:59:41.507Z		COORDINATE_ROUNDED;AMBIGUOUS_INSTITUTION
694156929	d7cfd2ed-8af4-427f-a16e-eb66b7e2c419	13656	Fungi	Basidiomycota	Agaricomycetes	Hymenochaetales		Trichaptum	Trichaptum abietinum		SPECIES	Trichaptum abietinum (Pers. ex J.F.Gmel.) Ryvarden	Trichaptum abietinum (Dicks.) Ryvarden	(Dicks.) Ryvarden	CA	Algonquin Provincial Park, near Wildlife Research Station	Ontario	PRESENT		ff418020-1d67-11d9-8435-b8a03c50a862	45.590933	-78.521572	448.0						1963-10-27	27	10	1963	8690832	8690832	PRESERVED_SPECIMEN	Royal Ontario Museum	TRTC	TRTC049079		Cain, R.F.		CC0_1_0	Royal Ontario Museum	Low, Janet			2024-01-25T00:59:41.510Z		COORDINATE_ROUNDED;AMBIGUOUS_INSTITUTION
694156928	d7cfd2ed-8af4-427f-a16e-eb66b7e2c419	13655	Fungi	Basidiomycota	Agaricomycetes	Hymenochaetales		Trichaptum	Trichaptum abietinum		SPECIES	Trichaptum abietinum (Pers. ex J.F.Gmel.) Ryvarden	Trichaptum abietinum (Dicks.) Ryvarden	(Dicks.) Ryvarden	CA	Algonquin Provincial Park, Opeongo Lake, Sproule Bay	Ontario	PRESENT		ff418020-1d67-11d9-8435-b8a03c50a862	45.634026	-78.369083	1347.0						1950-09-21	21	9	1950	8690832	8690832	PRESERVED_SPECIMEN	Royal Ontario Museum	TRTC	TRTC163206		Welch, Harold E.		CC0_1_0	Royal Ontario Museum	Welch, Harold E.			2024-01-25T00:59:41.507Z		COORDINATE_ROUNDED;AMBIGUOUS_INSTITUTION
694156761	d7cfd2ed-8af4-427f-a16e-eb66b7e2c419	12420	Fungi	Basidiomycota	Agaricomycetes	Hymenochaetales		Trichaptum	Trichaptum abietinum		SPECIES	Trichaptum abietinum (Pers. ex J.F.Gmel.) Ryvarden	Trichaptum abietinum (Dicks.) Ryvarden	(Dicks.) Ryvarden	CA	Algonquin Provincial Park, Pinetree Lake	Ontario	PRESENT		ff418020-1d67-11d9-8435-b8a03c50a862	45.552345	-78.315954	1323.0						1939-09-16	16	9	1939	8690832	8690832	PRESERVED_SPECIMEN	Royal Ontario Museum	TRTC	TRTC015687		Cain, R.F.		CC0_1_0	Royal Ontario Museum	Cain, R.F.			2024-01-25T00:59:38.104Z		COORDINATE_ROUNDED;AMBIGUOUS_INSTITUTION
694156760	d7cfd2ed-8af4-427f-a16e-eb66b7e2c419	12419	Fungi	Basidiomycota	Agaricomycetes	Hymenochaetales		Trichaptum	Trichaptum abietinum		SPECIES	Trichaptum abietinum (Pers. ex J.F.Gmel.) Ryvarden	Trichaptum abietinum (Dicks.) Ryvarden	(Dicks.) Ryvarden	CA	Algonquin Provincial Park, Norway Lake	Ontario	PRESENT		ff418020-1d67-11d9-8435-b8a03c50a862	45.574098	-78.370027	856.0						1939-08-25	25	8	1939	8690832	8690832	PRESERVED_SPECIMEN	Royal Ontario Museum	TRTC	TRTC015686		Cain, R.F.		CC0_1_0	Royal Ontario Museum	Cain, R.F.			2024-01-25T00:59:38.097Z		COORDINATE_ROUNDED;AMBIGUOUS_INSTITUTION
694156759	d7cfd2ed-8af4-427f-a16e-eb66b7e2c419	12418	Fungi	Basidiomycota	Agaricomycetes	Hymenochaetales		Trichaptum	Trichaptum abietinum		SPECIES	Trichaptum abietinum (Pers. ex J.F.Gmel.) Ryvarden	Trichaptum abietinum (Dicks.) Ryvarden	(Dicks.) Ryvarden	CA	Algonquin Provincial Park, Pinetree Lake	Ontario	PRESENT		ff418020-1d67-11d9-8435-b8a03c50a862	45.552345	-78.315954	1323.0						1939-09-12	12	9	1939	8690832	8690832	PRESERVED_SPECIMEN	Royal Ontario Museum	TRTC	TRTC015685		Cain, R.F.		CC0_1_0	Royal Ontario Museum	Cain, R.F.			2024-01-25T00:59:38.098Z		COORDINATE_ROUNDED;AMBIGUOUS_INSTITUTION
694156722	d7cfd2ed-8af4-427f-a16e-eb66b7e2c419	12067	Fungi	Basidiomycota	Agaricomycetes	Hymenochaetales		Trichaptum	Trichaptum abietinum		SPECIES	Trichaptum abietinum (Pers. ex J.F.Gmel.) Ryvarden	Trichaptum abietinum (Dicks.) Ryvarden	(Dicks.) Ryvarden	CA	Algonquin Provincial Park, Tea Lake	Ontario	PRESENT		ff418020-1d67-11d9-8435-b8a03c50a862	45.50774	-78.73566	2488.5						1938-09-18	18	9	1938	8690832	8690832	PRESERVED_SPECIMEN	Royal Ontario Museum	TRTC	TRTC015626		Jackson, H.S.		CC0_1_0	Royal Ontario Museum	Jackson, H.S.			2024-01-25T00:59:41.031Z		AMBIGUOUS_INSTITUTION
617553389	21705170-d2b6-42de-8904-c3bca4b83591	CMMF003578	Fungi	Basidiomycota	Agaricomycetes	Hymenochaetales		Trichaptum	Trichaptum abietinum		SPECIES	Trichaptum abietinum (Pers. ex J.F.Gmel.) Ryvarden	Trichaptum abietinum (Dicks.) Ryvarden	(Dicks.) Ryvarden	CA	Rawdon	Québec	PRESENT		ff7bd5db-b724-4932-b496-10ea298851f9	46.052398	-73.748752	11000.0						2001-09-28	28	9	2001	8690832	8690832	PRESERVED_SPECIMEN	Université de Montréal Biodiversity Centre	CMMF	CMMF003578		Lamoureux, Yves		CC0_1_0	Université de Montréal Biodiversity Centre	Lamoureux, Yves			2024-01-24T16:38:16.402Z	StillImage	INSTITUTION_MATCH_FUZZY;COLLECTION_MATCH_FUZZY;DIFFERENT_OWNER_INSTITUTION
617551928	21705170-d2b6-42de-8904-c3bca4b83591	CMMF002922	Fungi	Basidiomycota	Agaricomycetes	Hymenochaetales		Trichaptum	Trichaptum abietinum		SPECIES	Trichaptum abietinum (Pers. ex J.F.Gmel.) Ryvarden	Trichaptum abietinum (Dicks.) Ryvarden	(Dicks.) Ryvarden	CA	Lachute	Québec	PRESENT		ff7bd5db-b724-4932-b496-10ea298851f9	45.664878	-74.292134	8500.0						1996-09-09	9	9	1996	8690832	8690832	PRESERVED_SPECIMEN	Université de Montréal Biodiversity Centre	CMMF	CMMF002922		Audet, Serge		CC0_1_0	Université de Montréal Biodiversity Centre	Audet, Serge			2024-01-24T16:38:20.753Z	StillImage	INSTITUTION_MATCH_FUZZY;COLLECTION_MATCH_FUZZY;DIFFERENT_OWNER_INSTITUTION
617551383	21705170-d2b6-42de-8904-c3bca4b83591	CMMF002682	Fungi	Basidiomycota	Agaricomycetes	Hymenochaetales		Trichaptum	Trichaptum abietinum		SPECIES	Trichaptum abietinum (Pers. ex J.F.Gmel.) Ryvarden	Trichaptum abietinum (Dicks.) Ryvarden	(Dicks.) Ryvarden	CA	Saint-Majorique	Québec	PRESENT		ff7bd5db-b724-4932-b496-10ea298851f9	45.931221	-72.584529	5000.0						1995-09-27	27	9	1995	8690832	8690832	PRESERVED_SPECIMEN	Université de Montréal Biodiversity Centre	CMMF	CMMF002682		Audet, Serge		CC0_1_0	Université de Montréal Biodiversity Centre	Audet, Serge			2024-01-24T16:38:20.351Z	StillImage	INSTITUTION_MATCH_FUZZY;COLLECTION_MATCH_FUZZY;DIFFERENT_OWNER_INSTITUTION
5007154999	50c9509d-22c7-4a22-a47d-8c48425ef4a7	https://www.inaturalist.org/observations/246817684	Fungi	Basidiomycota	Agaricomycetes	Hymenochaetales		Trichaptum	Trichaptum abietinum		SPECIES	Trichaptum abietinum (Pers. ex J.F.Gmel.) Ryvarden	Trichaptum abietinum		CA		Prince Edward Island	PRESENT		28eb1a3f-1c15-4a95-931a-4af90ecb574d	46.849721	-64.01599							2024-10-11T10:18:13	11	10	2024	8690832	8690832	HUMAN_OBSERVATION	iNaturalist	Observations	246817684		Julie-Lynn Zahavich	2024-10-11T19:41:04	CC_BY_NC_4_0	Julie-Lynn Zahavich	Julie-Lynn Zahavich			2025-01-14T12:54:34.263Z	StillImage	COORDINATE_ROUNDED;CONTINENT_DERIVED_FROM_COORDINATES;TAXON_MATCH_TAXON_ID_IGNORED
4981966261	50c9509d-22c7-4a22-a47d-8c48425ef4a7	https://www.inaturalist.org/observations/246844185	Fungi	Basidiomycota	Agaricomycetes	Hymenochaetales		Trichaptum	Trichaptum abietinum		SPECIES	Trichaptum abietinum (Pers. ex J.F.Gmel.) Ryvarden	Trichaptum abietinum		CA		Prince Edward Island	PRESENT		28eb1a3f-1c15-4a95-931a-4af90ecb574d	46.991088	-64.06308	4.0						2024-10-11T12:35:54	11	10	2024	8690832	8690832	HUMAN_OBSERVATION	iNaturalist	Observations	246844185		Rosemary Curley	2024-10-11T22:52:26	CC_BY_NC_4_0	Rosemary Curley	Rosemary Curley			2025-01-14T12:51:39.577Z	StillImage	COORDINATE_ROUNDED;CONTINENT_DERIVED_FROM_COORDINATES;TAXON_MATCH_TAXON_ID_IGNORED
4976435144	50c9509d-22c7-4a22-a47d-8c48425ef4a7	https://www.inaturalist.org/observations/248502559	Fungi	Basidiomycota	Agaricomycetes	Hymenochaetales		Trichaptum	Trichaptum abietinum		SPECIES	Trichaptum abietinum (Pers. ex J.F.Gmel.) Ryvarden	Trichaptum abietinum		CA		Prince Edward Island	PRESENT		28eb1a3f-1c15-4a95-931a-4af90ecb574d	46.692214	-64.019469	5.0						2024-10-21T16:32	21	10	2024	8690832	8690832	HUMAN_OBSERVATION	iNaturalist	Observations	248502559		Thelma Phillips	2024-10-21T20:15:09	CC_BY_NC_4_0	Thelma Phillips	Thelma Phillips			2025-01-14T13:44:48.717Z	StillImage	COORDINATE_ROUNDED;CONTINENT_DERIVED_FROM_COORDINATES;TAXON_MATCH_TAXON_ID_IGNORED
4973879448	50c9509d-22c7-4a22-a47d-8c48425ef4a7	https://www.inaturalist.org/observations/238157181	Fungi	Basidiomycota	Agaricomycetes	Hymenochaetales		Trichaptum	Trichaptum abietinum		SPECIES	Trichaptum abietinum (Pers. ex J.F.Gmel.) Ryvarden	Trichaptum abietinum		CA		Prince Edward Island	PRESENT		28eb1a3f-1c15-4a95-931a-4af90ecb574d	46.64578	-64.34198	4.0						2024-08-26T11:18:59	26	8	2024	8690832	8690832	HUMAN_OBSERVATION	iNaturalist	Observations	238157181		Rosemary Curley	2024-08-26T23:13:33	CC_BY_NC_4_0	Rosemary Curley	Rosemary Curley			2025-01-14T12:53:57.063Z	StillImage	CONTINENT_DERIVED_FROM_COORDINATES;TAXON_MATCH_TAXON_ID_IGNORED
4946377249	50c9509d-22c7-4a22-a47d-8c48425ef4a7	https://www.inaturalist.org/observations/239704685	Fungi	Basidiomycota	Agaricomycetes	Hymenochaetales		Trichaptum	Trichaptum abietinum		SPECIES	Trichaptum abietinum (Pers. ex J.F.Gmel.) Ryvarden	Trichaptum abietinum		CA		Prince Edward Island	PRESENT		28eb1a3f-1c15-4a95-931a-4af90ecb574d	46.857972	-64.02655	4.0						2024-09-03T11:21:47	3	9	2024	8690832	8690832	HUMAN_OBSERVATION	iNaturalist	Observations	239704685		Rosemary Curley	2024-09-03T23:25:05	CC_BY_NC_4_0	Rosemary Curley	Rosemary Curley			2025-01-14T12:54:21.059Z	StillImage	COORDINATE_ROUNDED;CONTINENT_DERIVED_FROM_COORDINATES;TAXON_MATCH_TAXON_ID_IGNORED
4935984287	50c9509d-22c7-4a22-a47d-8c48425ef4a7	https://www.inaturalist.org/observations/238167771	Fungi	Basidiomycota	Agaricomycetes	Hymenochaetales		Trichaptum	Trichaptum abietinum		SPECIES	Trichaptum abietinum (Pers. ex J.F.Gmel.) Ryvarden	Trichaptum abietinum		CA		Prince Edward Island	PRESENT		28eb1a3f-1c15-4a95-931a-4af90ecb574d	46.690701	-64.019424	22.0						2024-08-26T14:20	26	8	2024	8690832	8690832	HUMAN_OBSERVATION	iNaturalist	Observations	238167771		Thelma Phillips	2024-08-27T00:35:17	CC_BY_NC_4_0	Thelma Phillips	Thelma Phillips			2025-01-14T13:43:03.197Z	StillImage	COORDINATE_ROUNDED;CONTINENT_DERIVED_FROM_COORDINATES;TAXON_MATCH_TAXON_ID_IGNORED
4935727831	50c9509d-22c7-4a22-a47d-8c48425ef4a7	https://www.inaturalist.org/observations/239271604	Fungi	Basidiomycota	Agaricomycetes	Hymenochaetales		Trichaptum	Trichaptum abietinum		SPECIES	Trichaptum abietinum (Pers. ex J.F.Gmel.) Ryvarden	Trichaptum abietinum		CA		Prince Edward Island	PRESENT		28eb1a3f-1c15-4a95-931a-4af90ecb574d	46.846738	-64.016242	5.0						2024-09-01T17:37:59	1	9	2024	8690832	8690832	HUMAN_OBSERVATION	iNaturalist	Observations	239271604		Rosemary Curley	2024-09-01T21:27:15	CC_BY_NC_4_0	Rosemary Curley	Rosemary Curley			2025-01-14T12:56:50.041Z	StillImage	COORDINATE_ROUNDED;CONTINENT_DERIVED_FROM_COORDINATES;TAXON_MATCH_TAXON_ID_IGNORED
4901443236	50c9509d-22c7-4a22-a47d-8c48425ef4a7	https://www.inaturalist.org/observations/224710833	Fungi	Basidiomycota	Agaricomycetes	Hymenochaetales		Trichaptum	Trichaptum abietinum		SPECIES	Trichaptum abietinum (Pers. ex J.F.Gmel.) Ryvarden	Trichaptum abietinum		CA		Prince Edward Island	PRESENT		28eb1a3f-1c15-4a95-931a-4af90ecb574d	46.620372	-64.382881	4.0						2024-06-21T12:53	21	6	2024	8690832	8690832	HUMAN_OBSERVATION	iNaturalist	Observations	224710833		Rosemary Curley	2024-06-23T19:10:42	CC_BY_NC_4_0	Rosemary Curley	Rosemary Curley			2025-01-14T12:48:28.023Z	StillImage	COORDINATE_ROUNDED;CONTINENT_DERIVED_FROM_COORDINATES;TAXON_MATCH_TAXON_ID_IGNORED
4875103564	50c9509d-22c7-4a22-a47d-8c48425ef4a7	https://www.inaturalist.org/observations/219443319	Fungi	Basidiomycota	Agaricomycetes	Hymenochaetales		Trichaptum	Trichaptum abietinum		SPECIES	Trichaptum abietinum (Pers. ex J.F.Gmel.) Ryvarden	Trichaptum abietinum		CA		Québec	PRESENT		28eb1a3f-1c15-4a95-931a-4af90ecb574d	48.236864	-69.5485	4.0						2024-05-30T18:39:39	30	5	2024	8690832	8690832	HUMAN_OBSERVATION	iNaturalist	Observations	219443319		Andrew Jacobs	2024-05-31T00:51:14	CC_BY_NC_4_0	Andrew Jacobs	Andrew Jacobs			2025-01-14T13:32:09.627Z	StillImage	COORDINATE_ROUNDED;CONTINENT_DERIVED_FROM_COORDINATES;TAXON_MATCH_TAXON_ID_IGNORED
4516764982	50c9509d-22c7-4a22-a47d-8c48425ef4a7	https://www.inaturalist.org/observations/197172034	Fungi	Basidiomycota	Agaricomycetes	Hymenochaetales		Trichaptum	Trichaptum abietinum		SPECIES	Trichaptum abietinum (Pers. ex J.F.Gmel.) Ryvarden	Trichaptum abietinum		CA		New Brunswick	PRESENT		28eb1a3f-1c15-4a95-931a-4af90ecb574d	45.866813	-64.369807	6.0						2024-01-20T16:41:45	20	1	2024	8690832	8690832	HUMAN_OBSERVATION	iNaturalist	Observations	197172034		Graham Sorenson	2024-01-20T21:49:35	CC_BY_NC_4_0	Graham Sorenson	Graham Sorenson			2025-01-14T12:43:38.506Z	StillImage	COORDINATE_ROUNDED;CONTINENT_DERIVED_FROM_COORDINATES;TAXON_MATCH_TAXON_ID_IGNORED
4512018107	50c9509d-22c7-4a22-a47d-8c48425ef4a7	https://www.inaturalist.org/observations/184439355	Fungi	Basidiomycota	Agaricomycetes	Hymenochaetales		Trichaptum	Trichaptum abietinum		SPECIES	Trichaptum abietinum (Pers. ex J.F.Gmel.) Ryvarden	Trichaptum abietinum		CA		Québec	PRESENT		28eb1a3f-1c15-4a95-931a-4af90ecb574d	45.544887	-73.164402							2023-09-22T14:16:26	22	9	2023	8690832	8690832	HUMAN_OBSERVATION	iNaturalist	Observations	184439355		Savannah	2023-09-22T21:15:29	CC_BY_NC_4_0	Savannah	Savannah			2025-01-14T12:40:03.729Z	StillImage	COORDINATE_ROUNDED;CONTINENT_DERIVED_FROM_COORDINATES;TAXON_MATCH_TAXON_ID_IGNORED
4510175646	50c9509d-22c7-4a22-a47d-8c48425ef4a7	https://www.inaturalist.org/observations/195941808	Fungi	Basidiomycota	Agaricomycetes	Hymenochaetales		Trichaptum	Trichaptum abietinum		SPECIES	Trichaptum abietinum (Pers. ex J.F.Gmel.) Ryvarden	Trichaptum abietinum		CA		Québec	PRESENT		28eb1a3f-1c15-4a95-931a-4af90ecb574d	48.105486	-77.846556	2.0						2024-01-06T09:44	6	1	2024	8690832	8690832	HUMAN_OBSERVATION	iNaturalist	Observations	195941808		François Dubois	2024-01-06T17:50:52	CC_BY_NC_4_0	François Dubois	François Dubois			2025-01-14T13:35:42.525Z	StillImage	COORDINATE_ROUNDED;CONTINENT_DERIVED_FROM_COORDINATES;TAXON_MATCH_TAXON_ID_IGNORED
4510083504	50c9509d-22c7-4a22-a47d-8c48425ef4a7	https://www.inaturalist.org/observations/195189142	Fungi	Basidiomycota	Agaricomycetes	Hymenochaetales		Trichaptum	Trichaptum abietinum		SPECIES	Trichaptum abietinum (Pers. ex J.F.Gmel.) Ryvarden	Trichaptum abietinum		CA		New Brunswick	PRESENT		28eb1a3f-1c15-4a95-931a-4af90ecb574d	45.241999	-66.146261							2023-12-29T14:02:50	29	12	2023	8690832	8690832	HUMAN_OBSERVATION	iNaturalist	Observations	195189142		Andrew MacPherson	2023-12-29T18:24:12	CC0_1_0	Andrew MacPherson	Andrew MacPherson			2025-01-14T12:42:46.290Z	StillImage	COORDINATE_ROUNDED;CONTINENT_DERIVED_FROM_COORDINATES;TAXON_MATCH_TAXON_ID_IGNORED
4458581992	50c9509d-22c7-4a22-a47d-8c48425ef4a7	https://www.inaturalist.org/observations/170289104	Fungi	Basidiomycota	Agaricomycetes	Hymenochaetales		Trichaptum	Trichaptum abietinum		SPECIES	Trichaptum abietinum (Pers. ex J.F.Gmel.) Ryvarden	Trichaptum abietinum		CA		Prince Edward Island	PRESENT		28eb1a3f-1c15-4a95-931a-4af90ecb574d	46.835223	-64.060889	100.0						2023-06-29T14:06	29	6	2023	8690832	8690832	HUMAN_OBSERVATION	iNaturalist	Observations	170289104		Rosemary Curley	2023-07-01T11:24:16	CC_BY_NC_4_0	Rosemary Curley	Rosemary Curley			2025-01-14T13:27:05.569Z	StillImage	COORDINATE_ROUNDED;CONTINENT_DERIVED_FROM_COORDINATES;TAXON_MATCH_TAXON_ID_IGNORED
4438683634	50c9509d-22c7-4a22-a47d-8c48425ef4a7	https://www.inaturalist.org/observations/145667410	Fungi	Basidiomycota	Agaricomycetes	Hymenochaetales		Trichaptum	Trichaptum abietinum		SPECIES	Trichaptum abietinum (Pers. ex J.F.Gmel.) Ryvarden	Trichaptum abietinum		CA		Ontario	PRESENT		28eb1a3f-1c15-4a95-931a-4af90ecb574d	45.317928	-75.79015	6.0						2023-01-02T09:53:16	2	1	2023	8690832	8690832	HUMAN_OBSERVATION	iNaturalist	Observations	145667410		G Nicoll	2023-01-02T15:07:33	CC_BY_NC_4_0	G Nicoll	G Nicoll			2025-01-14T12:33:43.860Z	StillImage	COORDINATE_ROUNDED;CONTINENT_DERIVED_FROM_COORDINATES;TAXON_MATCH_TAXON_ID_IGNORED
4431147812	50c9509d-22c7-4a22-a47d-8c48425ef4a7	https://www.inaturalist.org/observations/188148727	Fungi	Basidiomycota	Agaricomycetes	Hymenochaetales		Trichaptum	Trichaptum abietinum		SPECIES	Trichaptum abietinum (Pers. ex J.F.Gmel.) Ryvarden	Trichaptum abietinum		CA		New Brunswick	PRESENT		28eb1a3f-1c15-4a95-931a-4af90ecb574d	45.952356	-66.677542							2023-10-18T17:39:40	18	10	2023	8690832	8690832	HUMAN_OBSERVATION	iNaturalist	Observations	188148727		Matt Olliks	2023-10-19T15:29:42	CC_BY_NC_4_0	Matt Olliks	Matt Olliks			2025-01-14T12:41:55.442Z	StillImage	COORDINATE_ROUNDED;CONTINENT_DERIVED_FROM_COORDINATES;TAXON_MATCH_TAXON_ID_IGNORED
4420749333	50c9509d-22c7-4a22-a47d-8c48425ef4a7	https://www.inaturalist.org/observations/185973281	Fungi	Basidiomycota	Agaricomycetes	Hymenochaetales		Trichaptum	Trichaptum abietinum		SPECIES	Trichaptum abietinum (Pers. ex J.F.Gmel.) Ryvarden	Trichaptum abietinum		CA		Prince Edward Island	PRESENT		28eb1a3f-1c15-4a95-931a-4af90ecb574d	46.855534	-64.222325	70.0						2023-10-01T14:53	1	10	2023	8690832	8690832	HUMAN_OBSERVATION	iNaturalist	Observations	185973281		Rosemary Curley	2023-10-02T23:18:50	CC_BY_NC_4_0	Rosemary Curley	Rosemary Curley			2025-01-14T12:42:25.389Z	StillImage	CONTINENT_DERIVED_FROM_COORDINATES;TAXON_MATCH_TAXON_ID_IGNORED
4405015621	50c9509d-22c7-4a22-a47d-8c48425ef4a7	https://www.inaturalist.org/observations/178476109	Fungi	Basidiomycota	Agaricomycetes	Hymenochaetales		Trichaptum	Trichaptum abietinum		SPECIES	Trichaptum abietinum (Pers. ex J.F.Gmel.) Ryvarden	Trichaptum abietinum		CA		Prince Edward Island	PRESENT		28eb1a3f-1c15-4a95-931a-4af90ecb574d	46.846886	-64.016052	50.0						2023-08-12T17:25	12	8	2023	8690832	8690832	HUMAN_OBSERVATION	iNaturalist	Observations	178476109		Rosemary Curley	2023-08-15T03:25:08	CC_BY_NC_4_0	Rosemary Curley	Rosemary Curley			2025-01-14T13:32:06.295Z	StillImage	COORDINATE_ROUNDED;CONTINENT_DERIVED_FROM_COORDINATES;TAXON_MATCH_TAXON_ID_IGNORED
4400113062	50c9509d-22c7-4a22-a47d-8c48425ef4a7	https://www.inaturalist.org/observations/178631567	Fungi	Basidiomycota	Agaricomycetes	Hymenochaetales		Trichaptum	Trichaptum abietinum		SPECIES	Trichaptum abietinum (Pers. ex J.F.Gmel.) Ryvarden	Trichaptum abietinum		CA		Prince Edward Island	PRESENT		28eb1a3f-1c15-4a95-931a-4af90ecb574d	46.892366	-64.136948	50.0						2023-08-14T13:39	14	8	2023	8690832	8690832	HUMAN_OBSERVATION	iNaturalist	Observations	178631567		Rosemary Curley	2023-08-16T02:52:13	CC_BY_NC_4_0	Rosemary Curley	Rosemary Curley			2025-01-14T12:40:05.712Z	StillImage	COORDINATE_ROUNDED;CONTINENT_DERIVED_FROM_COORDINATES;TAXON_MATCH_TAXON_ID_IGNORED
4177437456	50c9509d-22c7-4a22-a47d-8c48425ef4a7	https://www.inaturalist.org/observations/178585726	Fungi	Basidiomycota	Agaricomycetes	Hymenochaetales		Trichaptum	Trichaptum abietinum		SPECIES	Trichaptum abietinum (Pers. ex J.F.Gmel.) Ryvarden	Trichaptum abietinum		CA		Prince Edward Island	PRESENT		28eb1a3f-1c15-4a95-931a-4af90ecb574d	46.836609	-64.062569	100.0						2023-08-14T11:08	14	8	2023	8690832	8690832	HUMAN_OBSERVATION	iNaturalist	Observations	178585726		Rosemary Curley	2023-08-15T20:24:16	CC_BY_NC_4_0	Rosemary Curley	Rosemary Curley			2025-01-14T12:39:24.506Z	StillImage	COORDINATE_ROUNDED;CONTINENT_DERIVED_FROM_COORDINATES;TAXON_MATCH_TAXON_ID_IGNORED
4177097126	50c9509d-22c7-4a22-a47d-8c48425ef4a7	https://www.inaturalist.org/observations/178592977	Fungi	Basidiomycota	Agaricomycetes	Hymenochaetales		Trichaptum	Trichaptum abietinum		SPECIES	Trichaptum abietinum (Pers. ex J.F.Gmel.) Ryvarden	Trichaptum abietinum		CA		Prince Edward Island	PRESENT		28eb1a3f-1c15-4a95-931a-4af90ecb574d	46.833048	-64.06198	100.0						2023-08-14T11:43	14	8	2023	8690832	8690832	HUMAN_OBSERVATION	iNaturalist	Observations	178592977		Rosemary Curley	2023-08-15T21:15:31	CC_BY_NC_4_0	Rosemary Curley	Rosemary Curley			2025-01-14T13:32:14.731Z	StillImage	COORDINATE_ROUNDED;CONTINENT_DERIVED_FROM_COORDINATES;TAXON_MATCH_TAXON_ID_IGNORED
4166419456	695cef75-b65f-4776-b2ed-74565eebb16e	02-01000624238	Fungi	Basidiomycota	Agaricomycetes	Hymenochaetales		Trichaptum	Trichaptum abietinum		SPECIES	Hirschioporus abietinus (Pers. ex J.F.Gmel.) Donk	Hirschioporus abietinus	(Dicks.) Donk	CA	Algonquin Prov. Park, Mew Lake Cmpgd.	Ontario	PRESENT		055bd978-2daa-4543-b3f0-44e0e87e86ca	45.575	-78.5167							1976-05-15	15	5	1976	2547378	8690832	PRESERVED_SPECIMEN	AAFC	DAOM	186631		Conf. J.H. Ginns		CC_BY_4_0	©His Majesty the King in Right of Canada, as represented by the Minister of Agriculture and Agri-Food	P. Johnson			2025-01-12T05:11:16.145Z		GEODETIC_DATUM_ASSUMED_WGS84;CONTINENT_DERIVED_FROM_COORDINATES;TAXON_MATCH_TAXON_ID_IGNORED;INSTITUTION_MATCH_FUZZY
4166248214	695cef75-b65f-4776-b2ed-74565eebb16e	02-01000624235	Fungi	Basidiomycota	Agaricomycetes	Hymenochaetales		Trichaptum	Trichaptum abietinum		SPECIES	Hirschioporus abietinus (Pers. ex J.F.Gmel.) Donk	Hirschioporus abietinus	(Dicks.) Donk	CA	Algonquin Prov. Park, Sproule Bya	Ontario	PRESENT		055bd978-2daa-4543-b3f0-44e0e87e86ca	45.6333	-78.3667							1950-09-21	21	9	1950	2547378	8690832	PRESERVED_SPECIMEN	AAFC	DAOM	186513		Conf. J.H. Ginns		CC_BY_4_0	©His Majesty the King in Right of Canada, as represented by the Minister of Agriculture and Agri-Food	J.D. Rosenborough			2025-01-12T05:11:16.122Z		GEODETIC_DATUM_ASSUMED_WGS84;CONTINENT_DERIVED_FROM_COORDINATES;TAXON_MATCH_TAXON_ID_IGNORED;INSTITUTION_MATCH_FUZZY
4161976819	50c9509d-22c7-4a22-a47d-8c48425ef4a7	https://www.inaturalist.org/observations/173291657	Fungi	Basidiomycota	Agaricomycetes	Hymenochaetales		Trichaptum	Trichaptum abietinum		SPECIES	Trichaptum abietinum (Pers. ex J.F.Gmel.) Ryvarden	Trichaptum abietinum		CA		New Brunswick	PRESENT		28eb1a3f-1c15-4a95-931a-4af90ecb574d	46.835153	-64.986461	103.0						2023-07-16T13:18	16	7	2023	8690832	8690832	HUMAN_OBSERVATION	iNaturalist	Observations	173291657		em_kn	2023-07-16T20:57:00	CC_BY_NC_4_0	em_kn	em_kn			2025-01-14T13:32:02.205Z	StillImage	COORDINATE_ROUNDED;CONTINENT_DERIVED_FROM_COORDINATES;TAXON_MATCH_TAXON_ID_IGNORED
4126703462	50c9509d-22c7-4a22-a47d-8c48425ef4a7	https://www.inaturalist.org/observations/66947471	Fungi	Basidiomycota	Agaricomycetes	Hymenochaetales		Trichaptum	Trichaptum abietinum		SPECIES	Trichaptum abietinum (Pers. ex J.F.Gmel.) Ryvarden	Trichaptum abietinum		CA		Ontario	PRESENT		28eb1a3f-1c15-4a95-931a-4af90ecb574d	45.454327	-75.548777	20.0						2020-12-22T14:54	22	12	2020	8690832	8690832	HUMAN_OBSERVATION	iNaturalist	Observations	66947471		jonathan_mack	2020-12-23T03:13:55	CC_BY_NC_4_0	jonathan_mack	jonathan_mack			2025-01-14T12:16:50Z	StillImage	COORDINATE_ROUNDED;CONTINENT_DERIVED_FROM_COORDINATES;TAXON_MATCH_TAXON_ID_IGNORED
4104536348	5a6538b8-e35c-46c4-8978-6858a657a75f	fb6ef854-32d0-4e1c-bcb7-a3b691ce10df	Fungi	Basidiomycota	Agaricomycetes	Hymenochaetales		Trichaptum	Trichaptum abietinum		SPECIES	Coriolus abietinus (Pers. ex J.F.Gmel.) Quél.	Coriolus abietinus	(Dicks.) Quél.	CA		Quebec	PRESENT		a26dde42-dd82-4d07-a763-353ab27fc02c	45.5	-75.783333	301.0						1919-05		5	1919	5247176	8690832	PRESERVED_SPECIMEN	CUP		CUP-045904				CC0_1_0		W. H. Rankin			2025-01-15T04:26:06.342Z	StillImage	GEODETIC_DATUM_ASSUMED_WGS84;CONTINENT_DERIVED_FROM_COORDINATES;TAXON_MATCH_TAXON_ID_IGNORED;COLLECTION_MATCH_NONE;INSTITUTION_MATCH_FUZZY
4099863903	d1a3b128-b406-46bb-a6d1-f3591dcc8a7b	c3e40870-2dcc-4417-805c-43172b2ad3fa	Fungi	Basidiomycota	Agaricomycetes	Hymenochaetales		Trichaptum	Trichaptum abietinum		SPECIES	Polyporus abietinus (Pers. ex J.F.Gmel.) Fr.	Polyporus abietinus	(Dicks.) Fr.	CA	Spruce Brook	Newfoundland	PRESENT		e43cf4b8-849e-4fac-b075-e652d019d2cf	47.616667	-65.1	301.0						1928-08-23	23	8	1928	5247171	8690832	PRESERVED_SPECIMEN	BPI		BPI 201123		Spaulding P.		CC0_1_0		Spaulding P.			2025-01-15T04:59:22.314Z		GEODETIC_DATUM_ASSUMED_WGS84;CONTINENT_DERIVED_FROM_COORDINATES;TAXON_MATCH_TAXON_ID_IGNORED;INSTITUTION_MATCH_FUZZY
4099863825	d1a3b128-b406-46bb-a6d1-f3591dcc8a7b	cb1726e6-2394-49e8-9fc4-54c1764ef31a	Fungi	Basidiomycota	Agaricomycetes	Hymenochaetales		Trichaptum	Trichaptum abietinum		SPECIES	Polyporus abietinus (Pers. ex J.F.Gmel.) Fr.	Polyporus abietinus	(Dicks.) Fr.	CA	St. Andrews	New Brunswick	PRESENT		e43cf4b8-849e-4fac-b075-e652d019d2cf	45.09693	-74.79677	301.0						1918			1918	5247171	8690832	PRESERVED_SPECIMEN	BPI		BPI 200521				CC0_1_0		Underhilll I. Miss			2025-01-15T04:59:22.269Z		GEODETIC_DATUM_ASSUMED_WGS84;CONTINENT_DERIVED_FROM_COORDINATES;TAXON_MATCH_TAXON_ID_IGNORED;INSTITUTION_MATCH_FUZZY
4099857854	d1a3b128-b406-46bb-a6d1-f3591dcc8a7b	93fc6c77-2136-40bd-9efc-7eaa8dc73d62	Fungi	Basidiomycota	Agaricomycetes	Hymenochaetales		Trichaptum	Trichaptum abietinum		SPECIES	Polyporus abietinus (Pers. ex J.F.Gmel.) Fr.	Polyporus abietinus	(Dicks.) Fr.	CA	Ottawa	Ontario	PRESENT		e43cf4b8-849e-4fac-b075-e652d019d2cf	45.416667	-75.7	52150.0						1883-10-02	2	10	1883	5247171	8690832	PRESERVED_SPECIMEN	BPI		BPI 200789	22			CC0_1_0		MACOUN J.			2025-01-15T04:59:22.419Z		GEODETIC_DATUM_ASSUMED_WGS84;CONTINENT_DERIVED_FROM_COORDINATES;TAXON_MATCH_TAXON_ID_IGNORED;INSTITUTION_MATCH_FUZZY
4099618808	d1a3b128-b406-46bb-a6d1-f3591dcc8a7b	c0677c94-6934-49cf-985f-255aa5228e92	Fungi	Basidiomycota	Agaricomycetes	Hymenochaetales		Trichaptum	Trichaptum abietinum		SPECIES	Polyporus abietinus (Pers. ex J.F.Gmel.) Fr.	Polyporus abietinus	(Dicks.) Fr.	CA	Iberville	Quebec	PRESENT		e43cf4b8-849e-4fac-b075-e652d019d2cf	45.25	-73.166667	301.0						1951-10-01	1	10	1951	5247171	8690832	PRESERVED_SPECIMEN	BPI		BPI 200482		Stevenson J. A.		CC0_1_0		Marie-anselme			2025-01-15T04:59:22.396Z		GEODETIC_DATUM_ASSUMED_WGS84;CONTINENT_DERIVED_FROM_COORDINATES;TAXON_MATCH_TAXON_ID_IGNORED;INSTITUTION_MATCH_FUZZY
4099590557	d1a3b128-b406-46bb-a6d1-f3591dcc8a7b	e8853156-259f-49f4-8e10-52b35aaa5d61	Fungi	Basidiomycota	Agaricomycetes	Hymenochaetales		Trichaptum	Trichaptum abietinum		SPECIES	Polyporus abietinus (Pers. ex J.F.Gmel.) Fr.	Polyporus abietinus	(Dicks.) Fr.	CA	near Montreal		PRESENT		e43cf4b8-849e-4fac-b075-e652d019d2cf	45.5	-73.583333	3036.0						1917-10		10	1917	5247171	8690832	PRESERVED_SPECIMEN	BPI		BPI 890540	518			CC0_1_0		Blair, R. J.			2025-01-15T04:59:47.243Z		GEODETIC_DATUM_ASSUMED_WGS84;CONTINENT_DERIVED_FROM_COORDINATES;TAXON_MATCH_TAXON_ID_IGNORED;INSTITUTION_MATCH_FUZZY
4099511576	d1a3b128-b406-46bb-a6d1-f3591dcc8a7b	cc717834-cfa3-44a2-a6f1-6d04cafdd60d	Fungi	Basidiomycota	Agaricomycetes	Hymenochaetales		Trichaptum	Trichaptum abietinum		SPECIES	Polystictus abietinus (Dicks.) Fr., 1886	Polystictus abietinus	(Dicks.) Fr.	CA	Montreal	Quebec	PRESENT		e43cf4b8-849e-4fac-b075-e652d019d2cf	45.5	-73.583333	3036.0										5247175	8690832	PRESERVED_SPECIMEN	BPI		BPI 312401		Lloyd C. G.		CC0_1_0		Dupret H.			2025-01-15T04:59:26.956Z		GEODETIC_DATUM_ASSUMED_WGS84;CONTINENT_DERIVED_FROM_COORDINATES;TAXON_MATCH_TAXON_ID_IGNORED;INSTITUTION_MATCH_FUZZY
4099378812	d1a3b128-b406-46bb-a6d1-f3591dcc8a7b	1c2b968b-f7d1-4781-b7e7-e87e275f6859	Fungi	Basidiomycota	Agaricomycetes	Hymenochaetales		Trichaptum	Trichaptum abietinum		SPECIES	Polyporus abietinus (Pers. ex J.F.Gmel.) Fr.	Polyporus abietinus	(Dicks.) Fr.	CA	Ottawa	Ontario	PRESENT		e43cf4b8-849e-4fac-b075-e652d019d2cf	45.416667	-75.7	52150.0						1883-10-01	1	10	1883	5247171	8690832	PRESERVED_SPECIMEN	BPI		BPI 200495	52			CC0_1_0		MACOUN J.			2025-01-15T04:59:22.543Z		GEODETIC_DATUM_ASSUMED_WGS84;CONTINENT_DERIVED_FROM_COORDINATES;TAXON_MATCH_TAXON_ID_IGNORED;INSTITUTION_MATCH_FUZZY
4099377833	d1a3b128-b406-46bb-a6d1-f3591dcc8a7b	bfd22b6f-0dc6-495c-b773-a6a81ae557fc	Fungi	Basidiomycota	Agaricomycetes	Hymenochaetales		Trichaptum	Trichaptum abietinum		SPECIES	Polyporus abietinus (Pers. ex J.F.Gmel.) Fr.	Polyporus abietinus	(Dicks.) Fr.	CA	Ottawa	Ontario	PRESENT		e43cf4b8-849e-4fac-b075-e652d019d2cf	45.416667	-75.7	52150.0						1883-10-06	6	10	1883	5247171	8690832	PRESERVED_SPECIMEN	BPI		BPI 200619	19			CC0_1_0		MACOUN			2025-01-15T04:59:22.296Z		GEODETIC_DATUM_ASSUMED_WGS84;CONTINENT_DERIVED_FROM_COORDINATES;TAXON_MATCH_TAXON_ID_IGNORED;INSTITUTION_MATCH_FUZZY
4096768437	50c9509d-22c7-4a22-a47d-8c48425ef4a7	https://www.inaturalist.org/observations/90596168	Fungi	Basidiomycota	Agaricomycetes	Hymenochaetales		Trichaptum	Trichaptum abietinum		SPECIES	Trichaptum abietinum (Pers. ex J.F.Gmel.) Ryvarden	Trichaptum abietinum		CA		Prince Edward Island	PRESENT		28eb1a3f-1c15-4a95-931a-4af90ecb574d	46.836799	-64.058979	114.0						2021-07-31T13:41	31	7	2021	8690832	8690832	HUMAN_OBSERVATION	iNaturalist	Observations	90596168		Barry Cottam	2021-08-09T23:25:11	CC_BY_4_0	Barry Cottam	Barry Cottam			2025-01-14T13:13:33.151Z	StillImage	COORDINATE_ROUNDED;CONTINENT_DERIVED_FROM_COORDINATES;TAXON_MATCH_TAXON_ID_IGNORED
4023440977	0f83123f-0c04-4556-8f4d-5a4e2a9bac66	http://id.luomus.fi/MY.9171454	Fungi	Basidiomycota	Agaricomycetes	Hymenochaetales		Trichaptum	Trichaptum abietinum		SPECIES	Trichaptum abietinum (Pers. ex J.F.Gmel.) Ryvarden	Trichaptum abietinum (Dicks.: Fr.) Ryvarden		CA	Eagle Depot	Quebéc	PRESENT		04fd2e13-6881-4e5c-9dd1-8fdd9ab993c1	46.0	-76.0							1939-11-15T00:00Z	15	11	1939	8690832	8690832	PRESERVED_SPECIMEN	H		http://id.luomus.fi/HA.H7063303				CC_BY_4_0		Riley, C. G.			2025-01-12T05:29:53.422Z		CONTINENT_DERIVED_FROM_COORDINATES;TAXON_MATCH_TAXON_ID_IGNORED;COLLECTION_MATCH_NONE;INSTITUTION_MATCH_FUZZY
4023440612	0f83123f-0c04-4556-8f4d-5a4e2a9bac66	http://id.luomus.fi/MY.9171514	Fungi	Basidiomycota	Agaricomycetes	Hymenochaetales		Trichaptum	Trichaptum abietinum		SPECIES	Trichaptum abietinum (Pers. ex J.F.Gmel.) Ryvarden	Trichaptum abietinum (Dicks.: Fr.) Ryvarden		CA	Gatineau Park, Leblanc Lake	Quebec	PRESENT		04fd2e13-6881-4e5c-9dd1-8fdd9ab993c1	45.5	-76.0							1979-07-01T00:00Z/1979-10-31T00:00Z			1979	8690832	8690832	PRESERVED_SPECIMEN	H		http://id.luomus.fi/HA.H7063318	Binyamini GL 9	Ginns, J.		CC_BY_4_0		Binyamini, N.			2025-01-12T05:29:53.330Z		CONTINENT_DERIVED_FROM_COORDINATES;TAXON_MATCH_TAXON_ID_IGNORED;COLLECTION_MATCH_NONE;INSTITUTION_MATCH_FUZZY
3966594042	50c9509d-22c7-4a22-a47d-8c48425ef4a7	https://www.inaturalist.org/observations/141800178	Fungi	Basidiomycota	Agaricomycetes	Hymenochaetales		Trichaptum	Trichaptum abietinum		SPECIES	Trichaptum abietinum (Pers. ex J.F.Gmel.) Ryvarden	Trichaptum abietinum		CA		Prince Edward Island	PRESENT		28eb1a3f-1c15-4a95-931a-4af90ecb574d	46.841404	-64.101486	20.0						2022-11-11T15:19	11	11	2022	8690832	8690832	HUMAN_OBSERVATION	iNaturalist	Observations	141800178		Rosemary Curley	2022-11-12T17:37:16	CC_BY_NC_4_0	Rosemary Curley	Rosemary Curley			2025-01-14T13:21:57.486Z	StillImage	COORDINATE_ROUNDED;CONTINENT_DERIVED_FROM_COORDINATES;TAXON_MATCH_TAXON_ID_IGNORED
3963241652	50c9509d-22c7-4a22-a47d-8c48425ef4a7	https://www.inaturalist.org/observations/140331776	Fungi	Basidiomycota	Agaricomycetes	Hymenochaetales		Trichaptum	Trichaptum abietinum		SPECIES	Trichaptum abietinum (Pers. ex J.F.Gmel.) Ryvarden	Trichaptum abietinum		CA		Prince Edward Island	PRESENT		28eb1a3f-1c15-4a95-931a-4af90ecb574d	46.746262	-64.241783	20.0						2022-10-26T14:21	26	10	2022	8690832	8690832	HUMAN_OBSERVATION	iNaturalist	Observations	140331776		Rosemary Curley	2022-10-29T03:51:00	CC_BY_NC_4_0	Rosemary Curley	Rosemary Curley			2025-01-14T12:32:21.144Z	StillImage	COORDINATE_ROUNDED;CONTINENT_DERIVED_FROM_COORDINATES;TAXON_MATCH_TAXON_ID_IGNORED
3916175425	f662a646-1c95-47c4-bd92-ef1fa8834725	b07eb761-08ed-430a-9e67-9e6ef2a589d1	Fungi	Basidiomycota	Agaricomycetes	Hymenochaetales		Trichaptum	Trichaptum abietinum		SPECIES	Polyporus abietinus (Pers. ex J.F.Gmel.) Fr.	Polyporus abietinus	(Dicks.) Fr.	CA			PRESENT		9b049850-d958-11da-9047-b8a03c50a862	45.416667	-75.7	52150.0										5247171	8690832	PRESERVED_SPECIMEN	NEB		NEB00065832	147			CC_BY_4_0		Macoun			2025-01-15T11:07:38.219Z	StillImage	CONTINENT_DERIVED_FROM_COORDINATES;TAXON_MATCH_TAXON_ID_IGNORED;COLLECTION_MATCH_NONE;INSTITUTION_MATCH_FUZZY
3912063897	50c9509d-22c7-4a22-a47d-8c48425ef4a7	https://www.inaturalist.org/observations/135367918	Fungi	Basidiomycota	Agaricomycetes	Hymenochaetales		Trichaptum	Trichaptum abietinum		SPECIES	Trichaptum abietinum (Pers. ex J.F.Gmel.) Ryvarden	Trichaptum abietinum		CA		Prince Edward Island	PRESENT		28eb1a3f-1c15-4a95-931a-4af90ecb574d	46.439352	-64.080928	50.0						2022-09-16T11:42	16	9	2022	8690832	8690832	HUMAN_OBSERVATION	iNaturalist	Observations	135367918		Denis Gallant	2022-09-17T13:41:52	CC_BY_NC_4_0	Denis Gallant	Denis Gallant			2025-01-14T12:31:55.290Z	StillImage	COORDINATE_ROUNDED;CONTINENT_DERIVED_FROM_COORDINATES;TAXON_MATCH_TAXON_ID_IGNORED
3903074422	50c9509d-22c7-4a22-a47d-8c48425ef4a7	https://www.inaturalist.org/observations/133528510	Fungi	Basidiomycota	Agaricomycetes	Hymenochaetales		Trichaptum	Trichaptum abietinum		SPECIES	Trichaptum abietinum (Pers. ex J.F.Gmel.) Ryvarden	Trichaptum abietinum		CA		Prince Edward Island	PRESENT		28eb1a3f-1c15-4a95-931a-4af90ecb574d	46.690728	-64.019137	20.0						2022-09-02T11:45	2	9	2022	8690832	8690832	HUMAN_OBSERVATION	iNaturalist	Observations	133528510		Rosemary Curley	2022-09-03T21:56:06	CC_BY_NC_4_0	Rosemary Curley	Rosemary Curley			2025-01-14T12:32:01.342Z	StillImage	COORDINATE_ROUNDED;CONTINENT_DERIVED_FROM_COORDINATES;TAXON_MATCH_TAXON_ID_IGNORED
3860499472	50c9509d-22c7-4a22-a47d-8c48425ef4a7	https://www.inaturalist.org/observations/119171210	Fungi	Basidiomycota	Agaricomycetes	Hymenochaetales		Trichaptum	Trichaptum abietinum		SPECIES	Trichaptum abietinum (Pers. ex J.F.Gmel.) Ryvarden	Trichaptum abietinum		CA		Ontario	PRESENT		28eb1a3f-1c15-4a95-931a-4af90ecb574d	45.449279	-75.689541	10.0						2021-07-31T13:06	31	7	2021	8690832	8690832	HUMAN_OBSERVATION	iNaturalist	Observations	119171210		Jakob Mueller	2022-05-29T02:04:29	CC_BY_NC_4_0	Jakob Mueller	Jakob Mueller			2025-01-14T12:28:39.530Z	StillImage	COORDINATE_ROUNDED;CONTINENT_DERIVED_FROM_COORDINATES;TAXON_MATCH_TAXON_ID_IGNORED
3456487437	50c9509d-22c7-4a22-a47d-8c48425ef4a7	https://www.inaturalist.org/observations/102187801	Fungi	Basidiomycota	Agaricomycetes	Hymenochaetales		Trichaptum	Trichaptum abietinum		SPECIES	Trichaptum abietinum (Pers. ex J.F.Gmel.) Ryvarden	Trichaptum abietinum		CA		Ontario	PRESENT		28eb1a3f-1c15-4a95-931a-4af90ecb574d	45.50185	-75.496446	1449.0						2014-04-19T13:28	19	4	2014	8690832	8690832	HUMAN_OBSERVATION	iNaturalist	Observations	102187801		David M. Gascoigne	2021-11-29T19:47:17	CC_BY_NC_4_0	David M. Gascoigne	David M. Gascoigne			2025-01-14T12:23:48.775Z	StillImage	COORDINATE_ROUNDED;CONTINENT_DERIVED_FROM_COORDINATES;TAXON_MATCH_TAXON_ID_IGNORED
3349368046	d8cd16ba-bb74-4420-821e-083f2bac17c2	MN992531	Fungi	Basidiomycota	Agaricomycetes	Hymenochaetales		Trichaptum	Trichaptum abietinum		SPECIES	Trichaptum abietinum (Pers. ex J.F.Gmel.) Ryvarden	Trichaptum aff. abietinum		CA	Quebec, Anticosti		PRESENT		ada9d123-ddb4-467d-8891-806ea8d94230	49.88	-64.18							2015-09-07	7	9	2015	8690832	8690832	PRESERVED_SPECIMEN			ANT041-QFB28626		Herman Lambert		CC_BY_4_0		Dube, P.			2025-01-18T13:05:59.278Z		GEODETIC_DATUM_ASSUMED_WGS84;CONTINENT_DERIVED_FROM_COORDINATES;TAXON_MATCH_TAXON_CONCEPT_ID_IGNORED;TAXON_MATCH_TAXON_ID_IGNORED
3014086748	50c9509d-22c7-4a22-a47d-8c48425ef4a7	https://www.inaturalist.org/observations/67095389	Fungi	Basidiomycota	Agaricomycetes	Hymenochaetales		Trichaptum	Trichaptum abietinum		SPECIES	Trichaptum abietinum (Pers. ex J.F.Gmel.) Ryvarden	Trichaptum abietinum		CA		Ontario	PRESENT		28eb1a3f-1c15-4a95-931a-4af90ecb574d	45.199633	-75.979613	12.0						2020-12-25T14:38:53	25	12	2020	8690832	8690832	HUMAN_OBSERVATION	iNaturalist	Observations	67095389		Keith Seifert	2020-12-26T18:31:39	CC0_1_0	Keith Seifert	Keith Seifert			2025-01-14T13:06:02.891Z	StillImage	COORDINATE_ROUNDED;CONTINENT_DERIVED_FROM_COORDINATES;TAXON_MATCH_TAXON_ID_IGNORED
2988564007	50c9509d-22c7-4a22-a47d-8c48425ef4a7	https://www.inaturalist.org/observations/65635036	Fungi	Basidiomycota	Agaricomycetes	Hymenochaetales		Trichaptum	Trichaptum abietinum		SPECIES	Trichaptum abietinum (Pers. ex J.F.Gmel.) Ryvarden	Trichaptum abietinum		CA		Ontario	PRESENT		28eb1a3f-1c15-4a95-931a-4af90ecb574d	45.385673	-75.158542	248.0						2020-11-24T15:03:39	24	11	2020	8690832	8690832	HUMAN_OBSERVATION	iNaturalist	Observations	65635036		Lynn Ovenden	2020-11-26T13:00:30	CC_BY_NC_4_0	Lynn Ovenden	Lynn Ovenden			2025-01-14T13:13:32.101Z	StillImage	COORDINATE_ROUNDED;CONTINENT_DERIVED_FROM_COORDINATES;TAXON_MATCH_TAXON_ID_IGNORED
2882993314	50c9509d-22c7-4a22-a47d-8c48425ef4a7	https://www.inaturalist.org/observations/12718023	Fungi	Basidiomycota	Agaricomycetes	Hymenochaetales		Trichaptum	Trichaptum abietinum		SPECIES	Trichaptum abietinum (Pers. ex J.F.Gmel.) Ryvarden	Trichaptum abietinum		CA		Ontario	PRESENT		28eb1a3f-1c15-4a95-931a-4af90ecb574d	45.35033	-75.633747	172.0						2018-05-22T13:39:06	22	5	2018	8690832	8690832	HUMAN_OBSERVATION	iNaturalist	Observations	12718023		catherin	2018-05-22T20:00:24	CC_BY_NC_4_0	catherin	catherin			2025-01-14T12:05:06.682Z	StillImage	COORDINATE_ROUNDED;CONTINENT_DERIVED_FROM_COORDINATES;TAXON_MATCH_TAXON_ID_IGNORED
2862655320	50c9509d-22c7-4a22-a47d-8c48425ef4a7	https://www.inaturalist.org/observations/59037649	Fungi	Basidiomycota	Agaricomycetes	Hymenochaetales		Trichaptum	Trichaptum abietinum		SPECIES	Trichaptum abietinum (Pers. ex J.F.Gmel.) Ryvarden	Trichaptum abietinum		CA		Ontario	PRESENT		28eb1a3f-1c15-4a95-931a-4af90ecb574d	45.248122	-76.252013	18.0						2020-09-08T12:16:49	8	9	2020	8690832	8690832	HUMAN_OBSERVATION	iNaturalist	Observations	59037649		themartensens	2020-09-09T13:20:13	CC_BY_NC_4_0	themartensens	themartensens			2025-01-14T13:09:52.401Z	StillImage	COORDINATE_ROUNDED;CONTINENT_DERIVED_FROM_COORDINATES;TAXON_MATCH_TAXON_ID_IGNORED
2856731055	50c9509d-22c7-4a22-a47d-8c48425ef4a7	https://www.inaturalist.org/observations/57437583	Fungi	Basidiomycota	Agaricomycetes	Hymenochaetales		Trichaptum	Trichaptum abietinum		SPECIES	Trichaptum abietinum (Pers. ex J.F.Gmel.) Ryvarden	Trichaptum abietinum		CA		New Brunswick	PRESENT		28eb1a3f-1c15-4a95-931a-4af90ecb574d	45.78102	-66.152821	6187.0						2020-08-21T10:39	21	8	2020	8690832	8690832	HUMAN_OBSERVATION	iNaturalist	Observations	57437583		royalcrafter	2020-08-24T13:27:36	CC_BY_NC_4_0	napalmbright	napalmbright			2025-01-14T12:14:21.051Z	StillImage	COORDINATE_ROUNDED;CONTINENT_DERIVED_FROM_COORDINATES;TAXON_MATCH_TAXON_ID_IGNORED
2823084254	50c9509d-22c7-4a22-a47d-8c48425ef4a7	https://www.inaturalist.org/observations/53762456	Fungi	Basidiomycota	Agaricomycetes	Hymenochaetales		Trichaptum	Trichaptum abietinum		SPECIES	Trichaptum abietinum (Pers. ex J.F.Gmel.) Ryvarden	Trichaptum abietinum		CA		Ontario	PRESENT		28eb1a3f-1c15-4a95-931a-4af90ecb574d	45.504025	-75.494361	24.0						2020-07-20T15:30:09	20	7	2020	8690832	8690832	HUMAN_OBSERVATION	iNaturalist	Observations	53762456		a_lonesome_thomas	2020-07-20T19:29:38	CC_BY_NC_4_0	a_lonesome_thomas	a_lonesome_thomas			2025-01-14T13:09:15.172Z	StillImage	COORDINATE_ROUNDED;CONTINENT_DERIVED_FROM_COORDINATES;TAXON_MATCH_TAXON_ID_IGNORED
2611135757	50c9509d-22c7-4a22-a47d-8c48425ef4a7	https://www.inaturalist.org/observations/43427132	Fungi	Basidiomycota	Agaricomycetes	Hymenochaetales		Trichaptum	Trichaptum abietinum		SPECIES	Trichaptum abietinum (Pers. ex J.F.Gmel.) Ryvarden	Trichaptum abietinum		CA		New Brunswick	PRESENT		28eb1a3f-1c15-4a95-931a-4af90ecb574d	45.81715	-66.749346	5577.0						2020-04-25T16:14:26	25	4	2020	8690832	8690832	HUMAN_OBSERVATION	iNaturalist	Observations	43427132		ghayden	2020-04-25T20:00:12	CC_BY_NC_4_0	ghayden	ghayden			2025-01-14T12:11:48.411Z	StillImage	COORDINATE_ROUNDED;CONTINENT_DERIVED_FROM_COORDINATES;TAXON_MATCH_TAXON_ID_IGNORED
2596181217	50c9509d-22c7-4a22-a47d-8c48425ef4a7	https://www.inaturalist.org/observations/40795647	Fungi	Basidiomycota	Agaricomycetes	Hymenochaetales		Trichaptum	Trichaptum abietinum		SPECIES	Trichaptum abietinum (Pers. ex J.F.Gmel.) Ryvarden	Trichaptum abietinum		CA		Ontario	PRESENT		28eb1a3f-1c15-4a95-931a-4af90ecb574d	45.363267	-75.528082	100.0						2019-10-26T09:48:43	26	10	2019	8690832	8690832	HUMAN_OBSERVATION	iNaturalist	Observations	40795647		Carl-Adam Wegenschimmel	2020-03-27T13:55:40	CC_BY_NC_4_0	Owen Clarkin	Owen Clarkin			2025-01-14T12:12:21.152Z	StillImage	CONTINENT_DERIVED_FROM_COORDINATES;TAXON_MATCH_TAXON_ID_IGNORED
2576299267	50c9509d-22c7-4a22-a47d-8c48425ef4a7	https://www.inaturalist.org/observations/38237751	Fungi	Basidiomycota	Agaricomycetes	Hymenochaetales		Trichaptum	Trichaptum abietinum		SPECIES	Trichaptum abietinum (Pers. ex J.F.Gmel.) Ryvarden	Trichaptum abietinum		CA		Ontario	PRESENT		28eb1a3f-1c15-4a95-931a-4af90ecb574d	45.59105	-78.369462							2020-02-01T14:51:57	1	2	2020	8690832	8690832	HUMAN_OBSERVATION	iNaturalist	Observations	38237751		Carl-Adam Wegenschimmel	2020-02-02T23:49:38	CC_BY_NC_4_0	Carl-Adam Wegenschimmel	Carl-Adam Wegenschimmel			2025-01-14T12:10:34.534Z	StillImage	COORDINATE_ROUNDED;CONTINENT_DERIVED_FROM_COORDINATES;TAXON_MATCH_TAXON_ID_IGNORED
2451742319	50c9509d-22c7-4a22-a47d-8c48425ef4a7	https://www.inaturalist.org/observations/35384217	Fungi	Basidiomycota	Agaricomycetes	Hymenochaetales		Trichaptum	Trichaptum abietinum		SPECIES	Trichaptum abietinum (Pers. ex J.F.Gmel.) Ryvarden	Trichaptum abietinum		CA		Ontario	PRESENT		28eb1a3f-1c15-4a95-931a-4af90ecb574d	45.514421	-75.344478	46.0						2019-11-06	6	11	2019	8690832	8690832	HUMAN_OBSERVATION	iNaturalist	Observations	35384217		Carl-Adam Wegenschimmel	2019-11-08T13:21:26	CC_BY_NC_4_0	kevinwallace	kevinwallace			2025-01-14T13:00:37.766Z	StillImage	CONTINENT_DERIVED_FROM_COORDINATES;TAXON_MATCH_TAXON_ID_IGNORED
1990288365	032f1fbe-d21f-407d-be46-5cd1bb1ea397	6e888a35-0316-4014-a767-d81ba2550802	Fungi	Basidiomycota	Agaricomycetes	Hymenochaetales		Trichaptum	Trichaptum abietinum		SPECIES	Polyporus abietinus (Pers. ex J.F.Gmel.) Fr.	Polyporus abietinus	(Dicks.) Fr.	CA	Whitney, Norway Lake, Algonquin Park	Ontario	PRESENT		61c539d8-47e0-4b82-875f-b95aad66dcd4	45.573611	-78.380556							1939-08-25	25	8	1939	5247171	8690832	PRESERVED_SPECIMEN	TENN-F		TENN-F-014830	RFC15686			CC0_1_0		R.F. Cain			2025-01-12T10:33:40.674Z		COORDINATE_ROUNDED;GEODETIC_DATUM_ASSUMED_WGS84;CONTINENT_DERIVED_FROM_COORDINATES;TAXON_MATCH_TAXON_ID_IGNORED;INSTITUTION_MATCH_NONE
1990280024	032f1fbe-d21f-407d-be46-5cd1bb1ea397	0ef7e6e5-8b25-4901-bb1b-1766da518a7b	Fungi	Basidiomycota	Agaricomycetes	Hymenochaetales		Trichaptum	Trichaptum abietinum		SPECIES	Polyporus abietinus (Pers. ex J.F.Gmel.) Fr.	Polyporus abietinus	(Dicks.) Fr.	CA	Gaspe, Near Lake Ste. Anne	Quebec	PRESENT		61c539d8-47e0-4b82-875f-b95aad66dcd4	48.795833	-66.044444							1932-09-04	4	9	1932	5247171	8690832	PRESERVED_SPECIMEN	TENN-F		TENN-F-006235	LRH6235			CC0_1_0		J.W. Grenier			2025-01-12T10:33:47.917Z		COORDINATE_ROUNDED;GEODETIC_DATUM_ASSUMED_WGS84;CONTINENT_DERIVED_FROM_COORDINATES;TAXON_MATCH_TAXON_ID_IGNORED;INSTITUTION_MATCH_NONE
1914351802	50c9509d-22c7-4a22-a47d-8c48425ef4a7	https://www.inaturalist.org/observations/17134920	Fungi	Basidiomycota	Agaricomycetes	Hymenochaetales		Trichaptum	Trichaptum abietinum		SPECIES	Trichaptum abietinum (Pers. ex J.F.Gmel.) Ryvarden	Trichaptum abietinum		CA		Ontario	PRESENT		28eb1a3f-1c15-4a95-931a-4af90ecb574d	45.551983	-78.548033	5658.0						2018-09-26T13:35:18	26	9	2018	8690832	8690832	HUMAN_OBSERVATION	iNaturalist	Observations	17134920		Alison Lake	2018-10-02T18:37:45	CC_BY_NC_4_0	Alison Lake	Alison Lake			2025-01-14T12:05:55.515Z	StillImage	COORDINATE_ROUNDED;CONTINENT_DERIVED_FROM_COORDINATES;TAXON_MATCH_TAXON_ID_IGNORED
1890071064	50c9509d-22c7-4a22-a47d-8c48425ef4a7	https://www.inaturalist.org/observations/14971132	Fungi	Basidiomycota	Agaricomycetes	Hymenochaetales		Trichaptum	Trichaptum abietinum		SPECIES	Trichaptum abietinum (Pers. ex J.F.Gmel.) Ryvarden	Trichaptum abietinum		CA		Québec	PRESENT		28eb1a3f-1c15-4a95-931a-4af90ecb574d	45.1	-72.483055	1531.0						2018-07-29T13:39	29	7	2018	8690832	8690832	HUMAN_OBSERVATION	iNaturalist	Observations	14971132		Janie Collin	2018-07-30T23:59:52	CC_BY_NC_4_0	Janie Collin	Janie Collin			2025-01-14T12:05:36.337Z	StillImage	COORDINATE_ROUNDED;CONTINENT_DERIVED_FROM_COORDINATES;TAXON_MATCH_TAXON_ID_IGNORED
1807258343	e8a25a42-f125-476c-8554-3ec21cd51a84	ACAD:114923	Fungi	Basidiomycota	Agaricomycetes	Hymenochaetales		Trichaptum	Trichaptum abietinum		SPECIES	Polyporus abietinus (Pers. ex J.F.Gmel.) Fr.	Polyporus abietinus (Dicks) Fr	(Dicks) Fr	CA	Kentville	Nova Scotia	PRESENT		6491ad8c-8e49-4bd4-a089-0ddb3bbe0890	45.07662	-64.49592							1931-08-07	7	8	1931	5247171	8690832	PRESERVED_SPECIMEN	Acadia University	ACAD	6570F				CC0_1_0	Acadia University	Harrison, KA			2024-01-25T01:37:14.812Z	StillImage	GEODETIC_DATUM_INVALID;GEODETIC_DATUM_ASSUMED_WGS84;TAXON_MATCH_TAXON_ID_IGNORED;INSTITUTION_MATCH_FUZZY;COLLECTION_MATCH_FUZZY
1807258332	e8a25a42-f125-476c-8554-3ec21cd51a84	ACAD:114924	Fungi	Basidiomycota	Agaricomycetes	Hymenochaetales		Trichaptum	Trichaptum abietinum		SPECIES	Polyporus abietinus (Pers. ex J.F.Gmel.) Fr.	Polyporus abietinus (Dicks) Fr	(Dicks) Fr	CA	Kentville	Nova Scotia	PRESENT		6491ad8c-8e49-4bd4-a089-0ddb3bbe0890	45.07662	-64.49592							1931-11-14	14	11	1931	5247171	8690832	PRESERVED_SPECIMEN	Acadia University	ACAD	6571F				CC0_1_0	Acadia University	Harrison, KA			2024-01-25T01:37:14.816Z	StillImage	GEODETIC_DATUM_INVALID;GEODETIC_DATUM_ASSUMED_WGS84;TAXON_MATCH_TAXON_ID_IGNORED;INSTITUTION_MATCH_FUZZY;COLLECTION_MATCH_FUZZY
1807256562	e8a25a42-f125-476c-8554-3ec21cd51a84	ACAD:112950	Fungi	Basidiomycota	Agaricomycetes	Hymenochaetales		Trichaptum	Trichaptum abietinum		SPECIES	Trichaptum abietinum (Pers. ex J.F.Gmel.) Ryvarden	Trichaptum abietinum (Dicks.) Ryvarden	(Dicks.) Ryvarden	CA	(Kentville)	Nova Scotia	PRESENT		6491ad8c-8e49-4bd4-a089-0ddb3bbe0890	45.07662	-64.49592							1931-11-14	14	11	1931	8690832	8690832	PRESERVED_SPECIMEN	Acadia University	ACAD	45F	45			CC0_1_0	Acadia University	H, KA			2024-01-25T01:37:11.659Z	StillImage	GEODETIC_DATUM_INVALID;GEODETIC_DATUM_ASSUMED_WGS84;INSTITUTION_MATCH_FUZZY;COLLECTION_MATCH_FUZZY
1807255898	e8a25a42-f125-476c-8554-3ec21cd51a84	ACAD:112576	Fungi	Basidiomycota	Agaricomycetes	Hymenochaetales		Trichaptum	Trichaptum abietinum		SPECIES	Polyporus abietinus (Pers. ex J.F.Gmel.) Fr.	Polyporus abietinus (Dicks) Fr	(Dicks) Fr	CA	Kentville	Nova Scotia	PRESENT		6491ad8c-8e49-4bd4-a089-0ddb3bbe0890	45.07662	-64.49592							1953-11-09	9	11	1953	5247171	8690832	PRESERVED_SPECIMEN	Acadia University	ACAD	2480F	2480			CC0_1_0	Acadia University	Harrison, KA			2024-01-25T01:37:10.992Z	StillImage	GEODETIC_DATUM_INVALID;GEODETIC_DATUM_ASSUMED_WGS84;TAXON_MATCH_TAXON_ID_IGNORED;INSTITUTION_MATCH_FUZZY;COLLECTION_MATCH_FUZZY
1807255468	e8a25a42-f125-476c-8554-3ec21cd51a84	ACAD:112169	Fungi	Basidiomycota	Agaricomycetes	Hymenochaetales		Trichaptum	Trichaptum abietinum		SPECIES	Polyporus abietinus (Pers. ex J.F.Gmel.) Fr.	Polyporus abietinus (Dicks) Fr	(Dicks) Fr	CA	(Kentville)	Nova Scotia	PRESENT		6491ad8c-8e49-4bd4-a089-0ddb3bbe0890	45.07662	-64.49592							1952-11-17	17	11	1952	5247171	8690832	PRESERVED_SPECIMEN	Acadia University	ACAD	1874F	1874	M,R		CC0_1_0	Acadia University	H, KA			2024-01-25T01:37:05.894Z	StillImage	GEODETIC_DATUM_INVALID;GEODETIC_DATUM_ASSUMED_WGS84;TAXON_MATCH_TAXON_ID_IGNORED;INSTITUTION_MATCH_FUZZY;COLLECTION_MATCH_FUZZY
1571090212	50c9509d-22c7-4a22-a47d-8c48425ef4a7	https://www.inaturalist.org/observations/6495239	Fungi	Basidiomycota	Agaricomycetes	Hymenochaetales		Trichaptum	Trichaptum abietinum		SPECIES	Trichaptum abietinum (Pers. ex J.F.Gmel.) Ryvarden	Trichaptum abietinum		CA		Québec	PRESENT		28eb1a3f-1c15-4a95-931a-4af90ecb574d	45.98544	-74.00702							2017-06-04T10:26	4	6	2017	8690832	8690832	HUMAN_OBSERVATION	iNaturalist	Observations	6495239		mayafav	2017-06-04T17:29:08	CC_BY_NC_4_0	mayafav	mayafav			2025-01-14T12:03:28.567Z	StillImage	CONTINENT_DERIVED_FROM_COORDINATES;TAXON_MATCH_TAXON_ID_IGNORED
1457583296	50c9509d-22c7-4a22-a47d-8c48425ef4a7	http://inaturalist.ca/observations/4466975	Fungi	Basidiomycota	Agaricomycetes	Hymenochaetales		Trichaptum	Trichaptum abietinum		SPECIES	Trichaptum abietinum (Pers. ex J.F.Gmel.) Ryvarden	Trichaptum abietinum		CA		Ontario	PRESENT		28eb1a3f-1c15-4a95-931a-4af90ecb574d	45.373876	-76.091086	197.0						2016-10-30T10:57	30	10	2016	8690832	8690832	HUMAN_OBSERVATION	iNaturalist	Observations	4466975		Khue	2016-10-31T06:00:34	CC_BY_NC_4_0	Mike Leveille	Mike Leveille			2025-01-14T12:57:20.091Z	StillImage	COORDINATE_ROUNDED;CONTINENT_DERIVED_FROM_COORDINATES;TAXON_MATCH_TAXON_ID_IGNORED
1412708137	21705170-d2b6-42de-8904-c3bca4b83591	CMMF016600	Fungi	Basidiomycota	Agaricomycetes	Hymenochaetales		Trichaptum	Trichaptum abietinum		SPECIES	Polyporus abietinus (Pers. ex J.F.Gmel.) Fr.	Polyporus abietinus (Dicks.) Fr.	(Dicks.) Fr.	CA	Montmagny, Québec.	Québec	PRESENT		ff7bd5db-b724-4932-b496-10ea298851f9	46.980077	-70.556636	20000.0						1988-09		9	1988	5247171	8690832	PRESERVED_SPECIMEN	Université de Montréal Biodiversity Centre	CMMF	CMMF016600		Boulet, Bruno		CC0_1_0	Université de Montréal Biodiversity Centre	Boulet, Bruno			2024-01-24T16:38:19.768Z		INSTITUTION_MATCH_FUZZY;COLLECTION_MATCH_FUZZY;DIFFERENT_OWNER_INSTITUTION
1412708117	21705170-d2b6-42de-8904-c3bca4b83591	CMMF016605	Fungi	Basidiomycota	Agaricomycetes	Hymenochaetales		Trichaptum	Trichaptum abietinum		SPECIES	Trichaptum abietinum (Pers. ex J.F.Gmel.) Ryvarden	Trichaptum abietinum (Dicks.) Ryvarden	(Dicks.) Ryvarden	CA	Québec, Québec.	Québec	PRESENT		ff7bd5db-b724-4932-b496-10ea298851f9	46.86201	-71.307678	15000.0						1988-09		9	1988	8690832	8690832	PRESERVED_SPECIMEN	Université de Montréal Biodiversity Centre	CMMF	CMMF016605		Ginns, Jim H.	1989-10-01T00:00:00	CC0_1_0	Université de Montréal Biodiversity Centre	Sirard, Léas; Boulet, Bruno			2024-01-24T16:38:19.767Z		INSTITUTION_MATCH_FUZZY;COLLECTION_MATCH_FUZZY;DIFFERENT_OWNER_INSTITUTION
1412708070	21705170-d2b6-42de-8904-c3bca4b83591	CMMF016604	Fungi	Basidiomycota	Agaricomycetes	Hymenochaetales		Trichaptum	Trichaptum abietinum		SPECIES	Polyporus abietinus (Pers. ex J.F.Gmel.) Fr.	Polyporus abietinus (Dicks.) Fr.	(Dicks.) Fr.	CA	Saint-Faustin, Québec.	Québec	PRESENT		ff7bd5db-b724-4932-b496-10ea298851f9	46.112778	-74.483056	3000.0						1987-09		9	1987	5247171	8690832	PRESERVED_SPECIMEN	Université de Montréal Biodiversity Centre	CMMF	CMMF016604		Sirard, Léas; Boulet, Bruno		CC0_1_0	Université de Montréal Biodiversity Centre	Sirard, Léas; Boulet, Bruno			2024-01-24T16:38:19.768Z		INSTITUTION_MATCH_FUZZY;COLLECTION_MATCH_FUZZY;DIFFERENT_OWNER_INSTITUTION
1412706634	21705170-d2b6-42de-8904-c3bca4b83591	CMMF015183	Fungi	Basidiomycota	Agaricomycetes	Hymenochaetales		Trichaptum	Trichaptum abietinum		SPECIES	Trichaptum abietinum (Pers. ex J.F.Gmel.) Ryvarden	Trichaptum abietinum (Dicks.) Ryvarden	(Dicks.) Ryvarden	CA	Val Lombrette, Chicoutimi, Québec.	Québec	PRESENT		ff7bd5db-b724-4932-b496-10ea298851f9	48.421466	-71.04988	250.0						1997-10-04	4	10	1997	8690832	8690832	PRESERVED_SPECIMEN	Université de Montréal Biodiversity Centre	CMMF	CMMF015183	852	Guérin, Gérard		CC0_1_0	Université de Montréal Biodiversity Centre	Guérin, Gérard			2024-01-24T16:38:16.895Z	StillImage	INSTITUTION_MATCH_FUZZY;COLLECTION_MATCH_FUZZY;DIFFERENT_OWNER_INSTITUTION
1412703179	21705170-d2b6-42de-8904-c3bca4b83591	CMMF011650	Fungi	Basidiomycota	Agaricomycetes	Hymenochaetales		Trichaptum	Trichaptum abietinum		SPECIES	Polyporus abietinus (Pers. ex J.F.Gmel.) Fr.	Polyporus abietinus (Dicks.) Fr.	(Dicks.) Fr.	CA	Lac Bédard, Portneuf, Québec.	Québec	PRESENT		ff7bd5db-b724-4932-b496-10ea298851f9	47.085833	-71.83	2000.0						1941-09-26/1941-09-30		9	1941	5247171	8690832	PRESERVED_SPECIMEN	Université de Montréal Biodiversity Centre	CMMF	CMMF011650	17162-17165-17183	Pomerleau, René		CC0_1_0	Université de Montréal Biodiversity Centre	Campagna, Elzéar			2024-01-24T16:38:18.073Z		INSTITUTION_MATCH_FUZZY;COLLECTION_MATCH_FUZZY;DIFFERENT_OWNER_INSTITUTION
1412703164	21705170-d2b6-42de-8904-c3bca4b83591	CMMF011660	Fungi	Basidiomycota	Agaricomycetes	Hymenochaetales		Trichaptum	Trichaptum abietinum		SPECIES	Polyporus abietinus (Pers. ex J.F.Gmel.) Fr.	Polyporus abietinus (Dicks.) Fr.	(Dicks.) Fr.	CA	Sainte-Anne de la Pocatière, Kamouraska, Québec.	Québec	PRESENT		ff7bd5db-b724-4932-b496-10ea298851f9	47.366667	-70.033333	8000.0						1928-01-01/1928-12-31			1928	5247171	8690832	PRESERVED_SPECIMEN	Université de Montréal Biodiversity Centre	CMMF	CMMF011660	17112	Pomerleau, René		CC0_1_0	Université de Montréal Biodiversity Centre	Campagna, Elzéar			2024-01-24T16:38:18.064Z		INSTITUTION_MATCH_FUZZY;COLLECTION_MATCH_FUZZY;DIFFERENT_OWNER_INSTITUTION
1412703136	21705170-d2b6-42de-8904-c3bca4b83591	CMMF011651	Fungi	Basidiomycota	Agaricomycetes	Hymenochaetales		Trichaptum	Trichaptum abietinum		SPECIES	Polyporus abietinus (Pers. ex J.F.Gmel.) Fr.	Polyporus abietinus (Dicks.) Fr.	(Dicks.) Fr.	CA	Sainte-Anne de la Pocatière, Kamouraska, Québec.	Québec	PRESENT		ff7bd5db-b724-4932-b496-10ea298851f9	47.366667	-70.033333	8000.0						1941-09-22	22	9	1941	5247171	8690832	PRESERVED_SPECIMEN	Université de Montréal Biodiversity Centre	CMMF	CMMF011651	17138	Pomerleau, René		CC0_1_0	Université de Montréal Biodiversity Centre	Dubé, Lucien			2024-01-24T16:38:18.071Z		INSTITUTION_MATCH_FUZZY;COLLECTION_MATCH_FUZZY;DIFFERENT_OWNER_INSTITUTION
1135068511	21705170-d2b6-42de-8904-c3bca4b83591	CMMF006979	Fungi	Basidiomycota	Agaricomycetes	Hymenochaetales		Trichaptum	Trichaptum abietinum		SPECIES	Trichaptum abietinum (Pers. ex J.F.Gmel.) Ryvarden	Trichaptum abietinum (Dicks.) Ryvarden	(Dicks.) Ryvarden	CA	Lachute	Québec	PRESENT		ff7bd5db-b724-4932-b496-10ea298851f9	45.66275	-74.241983	100.0						2011-11-02	2	11	2011	8690832	8690832	PRESERVED_SPECIMEN	Université de Montréal Biodiversity Centre	CMMF	CMMF006979	C3986	McNeil, Raymond		CC0_1_0	Université de Montréal Biodiversity Centre	McNeil, Raymond			2024-01-24T16:38:19.589Z	StillImage	COORDINATE_ROUNDED;INSTITUTION_MATCH_FUZZY;COLLECTION_MATCH_FUZZY;DIFFERENT_OWNER_INSTITUTION
1135068450	21705170-d2b6-42de-8904-c3bca4b83591	CMMF006969	Fungi	Basidiomycota	Agaricomycetes	Hymenochaetales		Trichaptum	Trichaptum abietinum		SPECIES	Trichaptum abietinum (Pers. ex J.F.Gmel.) Ryvarden	Trichaptum abietinum (Dicks.) Ryvarden	(Dicks.) Ryvarden	CA	Lachute	Québec	PRESENT		ff7bd5db-b724-4932-b496-10ea298851f9	45.66275	-74.241983	100.0						2009-10-19	19	10	2009	8690832	8690832	PRESERVED_SPECIMEN	Université de Montréal Biodiversity Centre	CMMF	CMMF006969	C3620	McNeil, Raymond		CC0_1_0	Université de Montréal Biodiversity Centre	McNeil, Raymond			2024-01-24T16:38:19.598Z	StillImage	COORDINATE_ROUNDED;INSTITUTION_MATCH_FUZZY;COLLECTION_MATCH_FUZZY;DIFFERENT_OWNER_INSTITUTION
1135068385	21705170-d2b6-42de-8904-c3bca4b83591	CMMF006970	Fungi	Basidiomycota	Agaricomycetes	Hymenochaetales		Trichaptum	Trichaptum abietinum		SPECIES	Trichaptum abietinum (Pers. ex J.F.Gmel.) Ryvarden	Trichaptum abietinum (Dicks.) Ryvarden	(Dicks.) Ryvarden	CA	Lachute	Québec	PRESENT		ff7bd5db-b724-4932-b496-10ea298851f9	45.66275	-74.241983	100.0						2009-10-02	2	10	2009	8690832	8690832	PRESERVED_SPECIMEN	Université de Montréal Biodiversity Centre	CMMF	CMMF006970	C3624	McNeil, Raymond		CC0_1_0	Université de Montréal Biodiversity Centre	McNeil, Raymond			2024-01-24T16:38:19.601Z	StillImage	COORDINATE_ROUNDED;INSTITUTION_MATCH_FUZZY;COLLECTION_MATCH_FUZZY;DIFFERENT_OWNER_INSTITUTION
