gbifID	datasetKey	occurrenceID	kingdom	phylum	class	order	family	genus	species	infraspecificEpithet	taxonRank	scientificName	verbatimScientificName	verbatimScientificNameAuthorship	countryCode	locality	stateProvince	occurrenceStatus	individualCount	publishingOrgKey	decimalLatitude	decimalLongitude	coordinateUncertaintyInMeters	coordinatePrecision	elevation	elevationAccuracy	depth	depthAccuracy	eventDate	day	month	year	taxonKey	speciesKey	basisOfRecord	institutionCode	collectionCode	catalogNumber	recordNumber	identifiedBy	dateIdentified	license	rightsHolder	recordedBy	typeStatus	establishmentMeans	lastInterpreted	mediaType	issue
617552646	21705170-d2b6-42de-8904-c3bca4b83591	CMMF003255	Fungi	Basidiomycota	Agaricomycetes	Agaricales	Entolomataceae	Entoloma	Entoloma incanum		SPECIES	Leptonia incana (Fr.) Gillet	Leptonia incana (Fr.) Gillet	(Fr.) Gillet	CA	Parc de la Yamaska	Québec	PRESENT		ff7bd5db-b724-4932-b496-10ea298851f9	45.429761	-72.616506	6000.0						1998-08-22	22	8	1998	5244209	8842718	PRESERVED_SPECIMEN	Université de Montréal Biodiversity Centre	CMMF	CMMF003255		Lamoureux, Yves		CC0_1_0	Université de Montréal Biodiversity Centre	Lamoureux, Yves			2024-01-24T16:38:17.028Z	StillImage	INSTITUTION_MATCH_FUZZY;COLLECTION_MATCH_FUZZY;DIFFERENT_OWNER_INSTITUTION
617552632	21705170-d2b6-42de-8904-c3bca4b83591	CMMF003249	Fungi	Basidiomycota	Agaricomycetes	Agaricales	Entolomataceae	Entoloma	Entoloma incanum		SPECIES	Leptonia incana (Fr.) Gillet	Leptonia incana (Fr.) Gillet	(Fr.) Gillet	CA	Parc de la Yamaska	Québec	PRESENT		ff7bd5db-b724-4932-b496-10ea298851f9	45.429761	-72.616506	6000.0						1998-08-17	17	8	1998	5244209	8842718	PRESERVED_SPECIMEN	Université de Montréal Biodiversity Centre	CMMF	CMMF003249		Lamoureux, Yves		CC0_1_0	Université de Montréal Biodiversity Centre	Lamoureux, Yves			2024-01-24T16:38:16.984Z	StillImage	INSTITUTION_MATCH_FUZZY;COLLECTION_MATCH_FUZZY;DIFFERENT_OWNER_INSTITUTION
617548368	21705170-d2b6-42de-8904-c3bca4b83591	CMMF001371	Fungi	Basidiomycota	Agaricomycetes	Agaricales	Entolomataceae	Entoloma	Entoloma incanum		SPECIES	Leptonia incana (Fr.) Gillet	Leptonia incana (Fr.) Gillet	(Fr.) Gillet	CA	L'Assomption	Québec	PRESENT		ff7bd5db-b724-4932-b496-10ea298851f9	45.864396	-73.439575	9000.0						1991-08-13	13	8	1991	5244209	8842718	PRESERVED_SPECIMEN	Université de Montréal Biodiversity Centre	CMMF	CMMF001371		Lamoureux, Yves		CC0_1_0	Université de Montréal Biodiversity Centre	Lamoureux, Yves			2024-01-24T16:38:17.525Z	StillImage	INSTITUTION_MATCH_FUZZY;COLLECTION_MATCH_FUZZY;DIFFERENT_OWNER_INSTITUTION
4987524667	50c9509d-22c7-4a22-a47d-8c48425ef4a7	https://www.inaturalist.org/observations/87340601	Fungi	Basidiomycota	Agaricomycetes	Agaricales	Entolomataceae	Entoloma	Entoloma incanum		SPECIES	Entoloma incanum (Fr.) Hesler	Entoloma incanum		CA		Ontario	PRESENT		28eb1a3f-1c15-4a95-931a-4af90ecb574d	45.204072	-76.224318							2021-07-16T16:44	16	7	2021	8842718	8842718	HUMAN_OBSERVATION	iNaturalist	Observations	87340601		Jan Thornhill	2021-07-17T15:48:47	CC_BY_NC_4_0	Ken Allison	Ken Allison			2025-01-14T12:22:33.989Z	StillImage	COORDINATE_ROUNDED;CONTINENT_DERIVED_FROM_COORDINATES;TAXON_MATCH_TAXON_ID_IGNORED
4987446675	50c9509d-22c7-4a22-a47d-8c48425ef4a7	https://www.inaturalist.org/observations/252675263	Fungi	Basidiomycota	Agaricomycetes	Agaricales	Entolomataceae	Entoloma	Entoloma incanum		SPECIES	Entoloma incanum (Fr.) Hesler	Entoloma incanum		CA		Québec	PRESENT		28eb1a3f-1c15-4a95-931a-4af90ecb574d	45.037455	-74.071997	1953.0						2024-08-20T16:06	20	8	2024	8842718	8842718	HUMAN_OBSERVATION	iNaturalist	Observations	252675263		Annabelle Langlois	2024-11-23T03:43:09	CC_BY_NC_4_0	Annabelle Langlois	Annabelle Langlois			2025-01-14T13:40:02.150Z	StillImage	COORDINATE_ROUNDED;CONTINENT_DERIVED_FROM_COORDINATES;TAXON_MATCH_TAXON_ID_IGNORED
4952969013	50c9509d-22c7-4a22-a47d-8c48425ef4a7	https://www.inaturalist.org/observations/246066669	Fungi	Basidiomycota	Agaricomycetes	Agaricales	Entolomataceae	Entoloma	Entoloma incanum		SPECIES	Entoloma incanum (Fr.) Hesler	Entoloma incanum		CA		Ontario	PRESENT		28eb1a3f-1c15-4a95-931a-4af90ecb574d	45.285	-75.832							2024-10-05T15:53:40	5	10	2024	8842718	8842718	HUMAN_OBSERVATION	iNaturalist	Observations	246066669		trailtime55	2024-10-07T00:36:56	CC_BY_NC_4_0	trailtime55	trailtime55			2025-01-14T12:51:28.772Z	StillImage	CONTINENT_DERIVED_FROM_COORDINATES;TAXON_MATCH_TAXON_ID_IGNORED
4949933400	50c9509d-22c7-4a22-a47d-8c48425ef4a7	https://www.inaturalist.org/observations/237332291	Fungi	Basidiomycota	Agaricomycetes	Agaricales	Entolomataceae	Entoloma	Entoloma incanum		SPECIES	Entoloma incanum (Fr.) Hesler	Entoloma incanum		CA		Ontario	PRESENT		28eb1a3f-1c15-4a95-931a-4af90ecb574d	45.385999	-76.739844							2024-08-22T10:33:52	22	8	2024	8842718	8842718	HUMAN_OBSERVATION	iNaturalist	Observations	237332291		Jenna	2024-08-22T18:58:24	CC_BY_NC_4_0	Jenna	Jenna			2025-01-14T13:41:59.222Z	StillImage	COORDINATE_ROUNDED;CONTINENT_DERIVED_FROM_COORDINATES;TAXON_MATCH_TAXON_ID_IGNORED
4937003181	50c9509d-22c7-4a22-a47d-8c48425ef4a7	https://www.inaturalist.org/observations/237016085	Fungi	Basidiomycota	Agaricomycetes	Agaricales	Entolomataceae	Entoloma	Entoloma incanum		SPECIES	Entoloma incanum (Fr.) Hesler	Entoloma incanum		CA		Ontario	PRESENT		28eb1a3f-1c15-4a95-931a-4af90ecb574d	45.448313	-75.693017	5.0						2024-08-13T14:12:13	13	8	2024	8842718	8842718	HUMAN_OBSERVATION	iNaturalist	Observations	237016085		Griffin Wright-Brown	2024-08-21T00:05:06	CC_BY_NC_4_0	Griffin Wright-Brown	Griffin Wright-Brown			2025-01-14T12:52:56.882Z	StillImage	COORDINATE_ROUNDED;CONTINENT_DERIVED_FROM_COORDINATES;TAXON_MATCH_TAXON_ID_IGNORED
4936132281	50c9509d-22c7-4a22-a47d-8c48425ef4a7	https://www.inaturalist.org/observations/239660994	Fungi	Basidiomycota	Agaricomycetes	Agaricales	Entolomataceae	Entoloma	Entoloma incanum		SPECIES	Entoloma incanum (Fr.) Hesler	Entoloma incanum		CA		Ontario	PRESENT		28eb1a3f-1c15-4a95-931a-4af90ecb574d	45.012722	-78.284038	500.0						2024-09-03T11:28	3	9	2024	8842718	8842718	HUMAN_OBSERVATION	iNaturalist	Observations	239660994		Belinda Gallagher	2024-09-03T18:55:03	CC_BY_NC_4_0	Belinda Gallagher	Belinda Gallagher			2025-01-14T13:42:52.236Z	StillImage	COORDINATE_ROUNDED;CONTINENT_DERIVED_FROM_COORDINATES;TAXON_MATCH_TAXON_ID_IGNORED
4926294091	50c9509d-22c7-4a22-a47d-8c48425ef4a7	https://www.inaturalist.org/observations/235786965	Fungi	Basidiomycota	Agaricomycetes	Agaricales	Entolomataceae	Entoloma	Entoloma incanum		SPECIES	Entoloma incanum (Fr.) Hesler	Entoloma incanum		CA		Québec	PRESENT		28eb1a3f-1c15-4a95-931a-4af90ecb574d	45.416004	-75.830876	299.0						2024-08-14T11:16	14	8	2024	8842718	8842718	HUMAN_OBSERVATION	iNaturalist	Observations	235786965		Igor Khomenko	2024-08-14T20:20:33	CC_BY_NC_4_0	Igor Khomenko	Igor Khomenko			2025-01-14T12:56:34.510Z	StillImage	COORDINATE_ROUNDED;CONTINENT_DERIVED_FROM_COORDINATES;TAXON_MATCH_TAXON_ID_IGNORED
4924084598	50c9509d-22c7-4a22-a47d-8c48425ef4a7	https://www.inaturalist.org/observations/234313736	Fungi	Basidiomycota	Agaricomycetes	Agaricales	Entolomataceae	Entoloma	Entoloma incanum		SPECIES	Entoloma incanum (Fr.) Hesler	Entoloma incanum		CA		Ontario	PRESENT		28eb1a3f-1c15-4a95-931a-4af90ecb574d	45.316022	-75.86328	4.0						2024-07-30T20:20:14	30	7	2024	8842718	8842718	HUMAN_OBSERVATION	iNaturalist	Observations	234313736		jabouk	2024-08-07T11:45:57	CC_BY_NC_4_0	jabouk	jabouk			2025-01-14T12:52:04.047Z	StillImage	COORDINATE_ROUNDED;CONTINENT_DERIVED_FROM_COORDINATES;TAXON_MATCH_TAXON_ID_IGNORED
4921670496	50c9509d-22c7-4a22-a47d-8c48425ef4a7	https://www.inaturalist.org/observations/233714110	Fungi	Basidiomycota	Agaricomycetes	Agaricales	Entolomataceae	Entoloma	Entoloma incanum		SPECIES	Entoloma incanum (Fr.) Hesler	Entoloma incanum		CA		Ontario	PRESENT		28eb1a3f-1c15-4a95-931a-4af90ecb574d	45.105153	-76.338295	65.0						2024-08-03T16:47:15	3	8	2024	8842718	8842718	HUMAN_OBSERVATION	iNaturalist	Observations	233714110		Igor Khomenko	2024-08-04T14:23:16	CC_BY_NC_4_0	Igor Khomenko	Igor Khomenko			2025-01-14T13:42:24.654Z	StillImage	COORDINATE_ROUNDED;CONTINENT_DERIVED_FROM_COORDINATES;TAXON_MATCH_TAXON_ID_IGNORED
4908396999	50c9509d-22c7-4a22-a47d-8c48425ef4a7	https://www.inaturalist.org/observations/229571884	Fungi	Basidiomycota	Agaricomycetes	Agaricales	Entolomataceae	Entoloma	Entoloma incanum		SPECIES	Entoloma incanum (Fr.) Hesler	Entoloma incanum		CA		Ontario	PRESENT		28eb1a3f-1c15-4a95-931a-4af90ecb574d	45.515186	-76.935003							2024-07-13T09:30	13	7	2024	8842718	8842718	HUMAN_OBSERVATION	iNaturalist	Observations	229571884		steph_xyz	2024-07-15T20:41:29	CC_BY_NC_4_0	steph_xyz	steph_xyz			2025-01-14T12:54:32.872Z	StillImage	COORDINATE_ROUNDED;CONTINENT_DERIVED_FROM_COORDINATES;TAXON_MATCH_TAXON_ID_IGNORED
4596800475	50c9509d-22c7-4a22-a47d-8c48425ef4a7	https://www.inaturalist.org/observations/58367306	Fungi	Basidiomycota	Agaricomycetes	Agaricales	Entolomataceae	Entoloma	Entoloma incanum		SPECIES	Entoloma incanum (Fr.) Hesler	Entoloma incanum		CA		Ontario	PRESENT		28eb1a3f-1c15-4a95-931a-4af90ecb574d	45.204538	-76.22431	370.0						2020-08-31T20:43	31	8	2020	8842718	8842718	HUMAN_OBSERVATION	iNaturalist	Observations	58367306		amanitamozart	2023-07-15T16:54:36	CC_BY_NC_4_0	Ken Allison	Ken Allison			2025-01-14T12:14:41.711Z	StillImage	COORDINATE_ROUNDED;CONTINENT_DERIVED_FROM_COORDINATES;TAXON_MATCH_TAXON_ID_IGNORED
4420949669	50c9509d-22c7-4a22-a47d-8c48425ef4a7	https://www.inaturalist.org/observations/179238120	Fungi	Basidiomycota	Agaricomycetes	Agaricales	Entolomataceae	Entoloma	Entoloma incanum		SPECIES	Entoloma incanum (Fr.) Hesler	Entoloma incanum		CA		Ontario	PRESENT		28eb1a3f-1c15-4a95-931a-4af90ecb574d	45.071753	-79.117632	229.0						2023-08-19T14:11	19	8	2023	8842718	8842718	HUMAN_OBSERVATION	iNaturalist	Observations	179238120		Peter Jessen	2023-08-19T22:29:23	CC_BY_NC_4_0	Peter Jessen	Peter Jessen			2025-01-14T12:38:14.928Z	StillImage	COORDINATE_ROUNDED;CONTINENT_DERIVED_FROM_COORDINATES;TAXON_MATCH_TAXON_ID_IGNORED
4416967091	50c9509d-22c7-4a22-a47d-8c48425ef4a7	https://www.inaturalist.org/observations/184783699	Fungi	Basidiomycota	Agaricomycetes	Agaricales	Entolomataceae	Entoloma	Entoloma incanum		SPECIES	Entoloma incanum (Fr.) Hesler	Entoloma incanum		CA		Québec	PRESENT		28eb1a3f-1c15-4a95-931a-4af90ecb574d	45.473153	-75.817955	4.0						2023-09-24T16:00:14	24	9	2023	8842718	8842718	HUMAN_OBSERVATION	iNaturalist	Observations	184783699		Laura O'Connor	2023-09-24T23:25:02	CC_BY_NC_4_0	Laura O'Connor	Laura O'Connor			2025-01-14T12:40:06.513Z	StillImage	COORDINATE_ROUNDED;CONTINENT_DERIVED_FROM_COORDINATES;TAXON_MATCH_TAXON_ID_IGNORED
4407348581	50c9509d-22c7-4a22-a47d-8c48425ef4a7	https://www.inaturalist.org/observations/181210477	Fungi	Basidiomycota	Agaricomycetes	Agaricales	Entolomataceae	Entoloma	Entoloma incanum		SPECIES	Entoloma incanum (Fr.) Hesler	Entoloma incanum		CA		Ontario	PRESENT		28eb1a3f-1c15-4a95-931a-4af90ecb574d	45.023164	-77.589091	4.0						2023-08-17T10:39	17	8	2023	8842718	8842718	HUMAN_OBSERVATION	iNaturalist	Observations	181210477		Jim Thompson	2023-09-01T15:19:40	CC_BY_NC_4_0	Jim Thompson	Jim Thompson			2025-01-14T12:43:44.312Z	StillImage	COORDINATE_ROUNDED;CONTINENT_DERIVED_FROM_COORDINATES;TAXON_MATCH_TAXON_ID_IGNORED
4405583619	50c9509d-22c7-4a22-a47d-8c48425ef4a7	https://www.inaturalist.org/observations/180690552	Fungi	Basidiomycota	Agaricomycetes	Agaricales	Entolomataceae	Entoloma	Entoloma incanum		SPECIES	Entoloma incanum (Fr.) Hesler	Entoloma incanum		CA		Québec	PRESENT		28eb1a3f-1c15-4a95-931a-4af90ecb574d	46.334099	-73.144766	27031.0						2023-08-27T13:34:50	27	8	2023	8842718	8842718	HUMAN_OBSERVATION	iNaturalist	Observations	180690552		Mical	2023-08-28T22:40:28	CC_BY_4_0	Mical	Mical			2025-01-14T12:44:24.940Z	StillImage	COORDINATE_ROUNDED;CONTINENT_DERIVED_FROM_COORDINATES;TAXON_MATCH_TAXON_ID_IGNORED
4405259701	50c9509d-22c7-4a22-a47d-8c48425ef4a7	https://www.inaturalist.org/observations/178427363	Fungi	Basidiomycota	Agaricomycetes	Agaricales	Entolomataceae	Entoloma	Entoloma incanum		SPECIES	Entoloma incanum (Fr.) Hesler	Entoloma incanum		CA		Ontario	PRESENT		28eb1a3f-1c15-4a95-931a-4af90ecb574d	45.394578	-75.512672	102.0						2023-08-14T15:03:33	14	8	2023	8842718	8842718	HUMAN_OBSERVATION	iNaturalist	Observations	178427363		amanitamozart	2023-08-29T16:00:04	CC_BY_NC_4_0	macphail4	macphail4			2025-01-14T13:32:01.063Z	StillImage	COORDINATE_ROUNDED;CONTINENT_DERIVED_FROM_COORDINATES;TAXON_MATCH_TAXON_ID_IGNORED
4405092062	50c9509d-22c7-4a22-a47d-8c48425ef4a7	https://www.inaturalist.org/observations/180717468	Fungi	Basidiomycota	Agaricomycetes	Agaricales	Entolomataceae	Entoloma	Entoloma incanum		SPECIES	Entoloma incanum (Fr.) Hesler	Entoloma incanum		CA		Ontario	PRESENT		28eb1a3f-1c15-4a95-931a-4af90ecb574d	45.025692	-75.163983							2023-08-28T17:18:40	28	8	2023	8842718	8842718	HUMAN_OBSERVATION	iNaturalist	Observations	180717468		brianbarkley	2023-08-29T02:48:20	CC_BY_NC_4_0	brianbarkley	brianbarkley			2025-01-14T13:32:25.046Z	StillImage	COORDINATE_ROUNDED;CONTINENT_DERIVED_FROM_COORDINATES;TAXON_MATCH_TAXON_ID_IGNORED
4400468431	50c9509d-22c7-4a22-a47d-8c48425ef4a7	https://www.inaturalist.org/observations/178888559	Fungi	Basidiomycota	Agaricomycetes	Agaricales	Entolomataceae	Entoloma	Entoloma incanum		SPECIES	Entoloma incanum (Fr.) Hesler	Entoloma incanum		CA		Ontario	PRESENT		28eb1a3f-1c15-4a95-931a-4af90ecb574d	45.331987	-75.92374	183.0						2023-08-17T14:21:53	17	8	2023	8842718	8842718	HUMAN_OBSERVATION	iNaturalist	Observations	178888559		Ben	2023-08-21T22:50:49	CC_BY_NC_4_0	anneruthmclaren	anneruthmclaren			2025-01-14T13:41:36.599Z	StillImage	COORDINATE_ROUNDED;CONTINENT_DERIVED_FROM_COORDINATES;TAXON_MATCH_TAXON_ID_IGNORED
4400353284	50c9509d-22c7-4a22-a47d-8c48425ef4a7	https://www.inaturalist.org/observations/179425235	Fungi	Basidiomycota	Agaricomycetes	Agaricales	Entolomataceae	Entoloma	Entoloma incanum		SPECIES	Entoloma incanum (Fr.) Hesler	Entoloma incanum		CA		Ontario	PRESENT		28eb1a3f-1c15-4a95-931a-4af90ecb574d	45.012722	-78.284038	500.0						2023-08-20T12:33	20	8	2023	8842718	8842718	HUMAN_OBSERVATION	iNaturalist	Observations	179425235		Belinda Gallagher	2023-08-20T21:48:15	CC_BY_NC_4_0	Belinda Gallagher	Belinda Gallagher			2025-01-14T13:32:40.744Z	StillImage	COORDINATE_ROUNDED;CONTINENT_DERIVED_FROM_COORDINATES;TAXON_MATCH_TAXON_ID_IGNORED
4400082475	50c9509d-22c7-4a22-a47d-8c48425ef4a7	https://www.inaturalist.org/observations/177100708	Fungi	Basidiomycota	Agaricomycetes	Agaricales	Entolomataceae	Entoloma	Entoloma incanum		SPECIES	Entoloma incanum (Fr.) Hesler	Entoloma incanum		CA		Ontario	PRESENT		28eb1a3f-1c15-4a95-931a-4af90ecb574d	45.059096	-75.819353	244.0						2023-08-05T12:57	5	8	2023	8842718	8842718	HUMAN_OBSERVATION	iNaturalist	Observations	177100708		Ben	2023-08-21T23:22:36	CC_BY_NC_4_0	Christopher Clute	Christopher Clute			2025-01-14T13:32:25.240Z	StillImage	COORDINATE_ROUNDED;CONTINENT_DERIVED_FROM_COORDINATES;TAXON_MATCH_TAXON_ID_IGNORED
4177472480	50c9509d-22c7-4a22-a47d-8c48425ef4a7	https://www.inaturalist.org/observations/178102035	Fungi	Basidiomycota	Agaricomycetes	Agaricales	Entolomataceae	Entoloma	Entoloma incanum		SPECIES	Entoloma incanum (Fr.) Hesler	Entoloma incanum		CA		Québec	PRESENT		28eb1a3f-1c15-4a95-931a-4af90ecb574d	45.419156	-75.836668	33.0						2023-08-12T10:35	12	8	2023	8842718	8842718	HUMAN_OBSERVATION	iNaturalist	Observations	178102035		jonathan_mack	2023-08-13T01:42:09	CC_BY_NC_4_0	jonathan_mack	jonathan_mack			2025-01-14T13:26:21.247Z	StillImage	COORDINATE_ROUNDED;CONTINENT_DERIVED_FROM_COORDINATES;TAXON_MATCH_TAXON_ID_IGNORED
4177412152	50c9509d-22c7-4a22-a47d-8c48425ef4a7	https://www.inaturalist.org/observations/178261220	Fungi	Basidiomycota	Agaricomycetes	Agaricales	Entolomataceae	Entoloma	Entoloma incanum		SPECIES	Entoloma incanum (Fr.) Hesler	Entoloma incanum		CA		Québec	PRESENT		28eb1a3f-1c15-4a95-931a-4af90ecb574d	45.413473	-75.832556	183.0						2023-08-12T09:34	12	8	2023	8842718	8842718	HUMAN_OBSERVATION	iNaturalist	Observations	178261220		L Joan Heyding	2023-08-13T21:34:39	CC_BY_NC_4_0	L Joan Heyding	L Joan Heyding			2025-01-14T13:32:34.965Z	StillImage	COORDINATE_ROUNDED;CONTINENT_DERIVED_FROM_COORDINATES;TAXON_MATCH_TAXON_ID_IGNORED
4177382072	50c9509d-22c7-4a22-a47d-8c48425ef4a7	https://www.inaturalist.org/observations/178199236	Fungi	Basidiomycota	Agaricomycetes	Agaricales	Entolomataceae	Entoloma	Entoloma incanum		SPECIES	Entoloma incanum (Fr.) Hesler	Entoloma incanum		CA		Ontario	PRESENT		28eb1a3f-1c15-4a95-931a-4af90ecb574d	45.24292	-76.895112	3000.0						2023-08-13T11:43:12	13	8	2023	8842718	8842718	HUMAN_OBSERVATION	iNaturalist	Observations	178199236		debski	2023-08-13T16:04:06	CC_BY_NC_4_0	debski	debski			2025-01-14T13:31:44.130Z	StillImage	COORDINATE_ROUNDED;CONTINENT_DERIVED_FROM_COORDINATES;TAXON_MATCH_TAXON_ID_IGNORED
4177328554	50c9509d-22c7-4a22-a47d-8c48425ef4a7	https://www.inaturalist.org/observations/178064862	Fungi	Basidiomycota	Agaricomycetes	Agaricales	Entolomataceae	Entoloma	Entoloma incanum		SPECIES	Entoloma incanum (Fr.) Hesler	Entoloma incanum		CA		Québec	PRESENT		28eb1a3f-1c15-4a95-931a-4af90ecb574d	45.422683	-75.833947	61.0						2023-08-12T12:15	12	8	2023	8842718	8842718	HUMAN_OBSERVATION	iNaturalist	Observations	178064862		Lynn Ovenden	2023-08-12T21:20:21	CC_BY_NC_4_0	Lynn Ovenden	Lynn Ovenden			2025-01-14T12:40:03.715Z	StillImage	COORDINATE_ROUNDED;CONTINENT_DERIVED_FROM_COORDINATES;TAXON_MATCH_TAXON_ID_IGNORED
4177216886	50c9509d-22c7-4a22-a47d-8c48425ef4a7	https://www.inaturalist.org/observations/178460619	Fungi	Basidiomycota	Agaricomycetes	Agaricales	Entolomataceae	Entoloma	Entoloma incanum		SPECIES	Entoloma incanum (Fr.) Hesler	Entoloma incanum		CA		Ontario	PRESENT		28eb1a3f-1c15-4a95-931a-4af90ecb574d	45.274765	-75.509567	1953.0						2023-08-13T17:23	13	8	2023	8842718	8842718	HUMAN_OBSERVATION	iNaturalist	Observations	178460619		David Thomas Glover	2023-08-15T23:48:37	CC_BY_NC_4_0	David Thomas Glover	David Thomas Glover			2025-01-14T13:32:12.847Z	StillImage	COORDINATE_ROUNDED;CONTINENT_DERIVED_FROM_COORDINATES;TAXON_MATCH_TAXON_ID_IGNORED
4177029989	50c9509d-22c7-4a22-a47d-8c48425ef4a7	https://www.inaturalist.org/observations/177317134	Fungi	Basidiomycota	Agaricomycetes	Agaricales	Entolomataceae	Entoloma	Entoloma incanum		SPECIES	Entoloma incanum (Fr.) Hesler	Entoloma incanum		CA		Québec	PRESENT		28eb1a3f-1c15-4a95-931a-4af90ecb574d	45.420463	-72.593249							2023-07-23T17:29:14	23	7	2023	8842718	8842718	HUMAN_OBSERVATION	iNaturalist	Observations	177317134		Nicolas Schwab	2023-08-08T10:46:52	CC_BY_NC_4_0	egrenier	egrenier			2025-01-14T12:38:05.424Z	StillImage	COORDINATE_ROUNDED;CONTINENT_DERIVED_FROM_COORDINATES;TAXON_MATCH_TAXON_ID_IGNORED
4172170993	50c9509d-22c7-4a22-a47d-8c48425ef4a7	https://www.inaturalist.org/observations/177068015	Fungi	Basidiomycota	Agaricomycetes	Agaricales	Entolomataceae	Entoloma	Entoloma incanum		SPECIES	Entoloma incanum (Fr.) Hesler	Entoloma incanum		CA		Ontario	PRESENT		28eb1a3f-1c15-4a95-931a-4af90ecb574d	45.147032	-76.243979	81.0						2023-08-05T12:01	5	8	2023	8842718	8842718	HUMAN_OBSERVATION	iNaturalist	Observations	177068015		jonathan_mack	2023-08-06T22:57:30	CC_BY_NC_4_0	jonathan_mack	jonathan_mack			2025-01-14T12:39:19.841Z	StillImage	COORDINATE_ROUNDED;CONTINENT_DERIVED_FROM_COORDINATES;TAXON_MATCH_TAXON_ID_IGNORED
4165410775	50c9509d-22c7-4a22-a47d-8c48425ef4a7	https://www.inaturalist.org/observations/174082027	Fungi	Basidiomycota	Agaricomycetes	Agaricales	Entolomataceae	Entoloma	Entoloma incanum		SPECIES	Entoloma incanum (Fr.) Hesler	Entoloma incanum		CA		Ontario	PRESENT		28eb1a3f-1c15-4a95-931a-4af90ecb574d	45.104223	-76.32519							2023-07-20T14:06	20	7	2023	8842718	8842718	HUMAN_OBSERVATION	iNaturalist	Observations	174082027		Igor Khomenko	2023-07-21T11:59:19	CC_BY_NC_4_0	Igor Khomenko	Igor Khomenko			2025-01-14T12:36:41.389Z	StillImage	COORDINATE_ROUNDED;CONTINENT_DERIVED_FROM_COORDINATES;TAXON_MATCH_TAXON_ID_IGNORED
4145642361	50c9509d-22c7-4a22-a47d-8c48425ef4a7	https://www.inaturalist.org/observations/170922288	Fungi	Basidiomycota	Agaricomycetes	Agaricales	Entolomataceae	Entoloma	Entoloma incanum		SPECIES	Entoloma incanum (Fr.) Hesler	Entoloma incanum		CA		Ontario	PRESENT		28eb1a3f-1c15-4a95-931a-4af90ecb574d	45.345727	-75.918164	27190.0						2023-07-03T17:33:59	3	7	2023	8842718	8842718	HUMAN_OBSERVATION	iNaturalist	Observations	170922288		amanitamozart	2023-07-03T22:27:42	CC_BY_NC_4_0	amanitamozart	amanitamozart			2025-01-14T12:38:54.478Z	StillImage	COORDINATE_ROUNDED;CONTINENT_DERIVED_FROM_COORDINATES;TAXON_MATCH_TAXON_ID_IGNORED
4138327339	50c9509d-22c7-4a22-a47d-8c48425ef4a7	https://www.inaturalist.org/observations/51915478	Fungi	Basidiomycota	Agaricomycetes	Agaricales	Entolomataceae	Entoloma	Entoloma incanum		SPECIES	Entoloma incanum (Fr.) Hesler	Entoloma incanum		CA		Ontario	PRESENT		28eb1a3f-1c15-4a95-931a-4af90ecb574d	45.259718	-76.913461	17.0						2020-07-04T10:24:51	4	7	2020	8842718	8842718	HUMAN_OBSERVATION	iNaturalist	Observations	51915478		cinna_latifolia	2022-12-11T05:37:41	CC_BY_NC_4_0	debski	debski			2025-01-14T12:13:36.300Z	StillImage	COORDINATE_ROUNDED;CONTINENT_DERIVED_FROM_COORDINATES;TAXON_MATCH_TAXON_ID_IGNORED
4137975671	50c9509d-22c7-4a22-a47d-8c48425ef4a7	https://www.inaturalist.org/observations/132695343	Fungi	Basidiomycota	Agaricomycetes	Agaricales	Entolomataceae	Entoloma	Entoloma incanum		SPECIES	Entoloma incanum (Fr.) Hesler	Entoloma incanum		CA		Ontario	PRESENT		28eb1a3f-1c15-4a95-931a-4af90ecb574d	45.076431	-75.940594	9.0						2022-08-26T17:24:54	26	8	2022	8842718	8842718	HUMAN_OBSERVATION	iNaturalist	Observations	132695343		Janet Dagenais Rockburn	2022-08-28T21:43:05	CC_BY_NC_4_0	Janet Dagenais Rockburn	Janet Dagenais Rockburn			2025-01-14T13:31:13.798Z	StillImage	COORDINATE_ROUNDED;CONTINENT_DERIVED_FROM_COORDINATES;TAXON_MATCH_TAXON_ID_IGNORED
4137756677	50c9509d-22c7-4a22-a47d-8c48425ef4a7	https://www.inaturalist.org/observations/159432942	Fungi	Basidiomycota	Agaricomycetes	Agaricales	Entolomataceae	Entoloma	Entoloma incanum		SPECIES	Entoloma incanum (Fr.) Hesler	Entoloma incanum		CA		Ontario	PRESENT		28eb1a3f-1c15-4a95-931a-4af90ecb574d	45.340247	-75.991903	27190.0						2022-09-01T16:31	1	9	2022	8842718	8842718	HUMAN_OBSERVATION	iNaturalist	Observations	159432942		amanitamozart	2023-05-03T14:29:21	CC_BY_NC_4_0	amanitamozart	amanitamozart			2025-01-14T12:34:11.964Z	StillImage	COORDINATE_ROUNDED;CONTINENT_DERIVED_FROM_COORDINATES;TAXON_MATCH_TAXON_ID_IGNORED
4137743339	50c9509d-22c7-4a22-a47d-8c48425ef4a7	https://www.inaturalist.org/observations/51913864	Fungi	Basidiomycota	Agaricomycetes	Agaricales	Entolomataceae	Entoloma	Entoloma incanum		SPECIES	Entoloma incanum (Fr.) Hesler	Entoloma incanum		CA		Ontario	PRESENT		28eb1a3f-1c15-4a95-931a-4af90ecb574d	45.259649	-76.913436	59.0						2020-07-04T10:24:42	4	7	2020	8842718	8842718	HUMAN_OBSERVATION	iNaturalist	Observations	51913864		Ben	2023-03-04T21:33:14	CC_BY_NC_4_0	debski	debski			2025-01-14T12:13:34.455Z	StillImage	COORDINATE_ROUNDED;CONTINENT_DERIVED_FROM_COORDINATES;TAXON_MATCH_TAXON_ID_IGNORED
4134067466	50c9509d-22c7-4a22-a47d-8c48425ef4a7	https://www.inaturalist.org/observations/166666011	Fungi	Basidiomycota	Agaricomycetes	Agaricales	Entolomataceae	Entoloma	Entoloma incanum		SPECIES	Entoloma incanum (Fr.) Hesler	Entoloma incanum		CA		Ontario	PRESENT		28eb1a3f-1c15-4a95-931a-4af90ecb574d	45.803111	-77.030612	100.0						2006-09-29	29	9	2006	8842718	8842718	HUMAN_OBSERVATION	iNaturalist	Observations	166666011		Daryl Coulson	2023-06-10T20:43:06	CC_BY_NC_4_0	Daryl Coulson	Daryl Coulson			2025-01-14T12:35:01.538Z	StillImage	COORDINATE_ROUNDED;CONTINENT_DERIVED_FROM_COORDINATES;TAXON_MATCH_TAXON_ID_IGNORED
4133840408	50c9509d-22c7-4a22-a47d-8c48425ef4a7	https://www.inaturalist.org/observations/98307877	Fungi	Basidiomycota	Agaricomycetes	Agaricales	Entolomataceae	Entoloma	Entoloma incanum		SPECIES	Entoloma incanum (Fr.) Hesler	Entoloma incanum		CA		Ontario	PRESENT		28eb1a3f-1c15-4a95-931a-4af90ecb574d	45.094364	-76.526541	4.0						2021-10-14T16:24:43	14	10	2021	8842718	8842718	HUMAN_OBSERVATION	iNaturalist	Observations	98307877		Jan Thornhill	2022-04-25T13:43:58	CC_BY_NC_4_0	Janet Dagenais Rockburn	Janet Dagenais Rockburn			2025-01-14T13:15:18.954Z	StillImage	COORDINATE_ROUNDED;CONTINENT_DERIVED_FROM_COORDINATES;TAXON_MATCH_TAXON_ID_IGNORED
4126725929	50c9509d-22c7-4a22-a47d-8c48425ef4a7	https://www.inaturalist.org/observations/120137947	Fungi	Basidiomycota	Agaricomycetes	Agaricales	Entolomataceae	Entoloma	Entoloma incanum		SPECIES	Entoloma incanum (Fr.) Hesler	Entoloma incanum		CA		Ontario	PRESENT		28eb1a3f-1c15-4a95-931a-4af90ecb574d	45.408967	-75.5537							2022-06-03T16:15:04	3	6	2022	8842718	8842718	HUMAN_OBSERVATION	iNaturalist	Observations	120137947		Johann Wagner	2022-06-04T11:30:08	CC_BY_NC_4_0	Johann Wagner	Johann Wagner			2025-01-14T13:22:08.342Z	StillImage	COORDINATE_ROUNDED;CONTINENT_DERIVED_FROM_COORDINATES;TAXON_MATCH_TAXON_ID_IGNORED
4099925955	d1a3b128-b406-46bb-a6d1-f3591dcc8a7b	a8a9b7a6-2025-4c40-b047-ef471c3136ca	Fungi	Basidiomycota	Agaricomycetes	Agaricales	Entolomataceae	Entoloma	Entoloma incanum		SPECIES	Leptonia incana (Fr.) Gillet	Leptonia incana	(Fr.) Gillet	CA	North Gower	Ontario	PRESENT		e43cf4b8-849e-4fac-b075-e652d019d2cf	45.153056	-75.682778	301.0						1958-09-10	10	9	1958	5244209	8842718	PRESERVED_SPECIMEN	BPI		BPI 771467		Groves, J. W.		CC0_1_0		Pantidou, M.; Elliott, M. E.			2025-01-15T04:59:42.102Z		GEODETIC_DATUM_ASSUMED_WGS84;CONTINENT_DERIVED_FROM_COORDINATES;TAXON_MATCH_TAXON_ID_IGNORED;INSTITUTION_MATCH_FUZZY
4099694964	d1a3b128-b406-46bb-a6d1-f3591dcc8a7b	8b012e44-37e8-4513-bda1-c97f1f62031b	Fungi	Basidiomycota	Agaricomycetes	Agaricales	Entolomataceae	Entoloma	Entoloma incanum		SPECIES	Leptonia incana (Fr.) Gillet	Leptonia incana	(Fr.) Gillet	CA	North Gower	Ontario	PRESENT		e43cf4b8-849e-4fac-b075-e652d019d2cf	45.153056	-75.682778	301.0						1967-07-13	13	7	1967	5244209	8842718	PRESERVED_SPECIMEN	BPI		BPI 771466		Groves, J. W.		CC0_1_0		Elliott, M. E.; Lin, C. W.; Groves, J. W.			2025-01-15T04:59:42.573Z		GEODETIC_DATUM_ASSUMED_WGS84;CONTINENT_DERIVED_FROM_COORDINATES;TAXON_MATCH_TAXON_ID_IGNORED;INSTITUTION_MATCH_FUZZY
4099462962	d1a3b128-b406-46bb-a6d1-f3591dcc8a7b	2ef3c0ca-7a6d-4805-adc5-e17037b72243	Fungi	Basidiomycota	Agaricomycetes	Agaricales	Entolomataceae	Entoloma	Entoloma incanum		SPECIES	Leptonia incana (Fr.) Gillet	Leptonia incana	(Fr.) Gillet	CA	North Gower	Ontario	PRESENT		e43cf4b8-849e-4fac-b075-e652d019d2cf	45.153056	-75.682778	301.0						1951-09-18	18	9	1951	5244209	8842718	PRESERVED_SPECIMEN	BPI		BPI 771493		Groves, J. W.		CC0_1_0		Loveland, C. a.			2025-01-15T04:59:42.574Z		GEODETIC_DATUM_ASSUMED_WGS84;CONTINENT_DERIVED_FROM_COORDINATES;TAXON_MATCH_TAXON_ID_IGNORED;INSTITUTION_MATCH_FUZZY
4032223574	fb9d7c38-5759-4c30-9e09-5b6bd43f78a6	http://id.luomus.fi/MY.13971617	Fungi	Basidiomycota	Agaricomycetes	Agaricales	Entolomataceae	Entoloma	Entoloma incanum		SPECIES	Entoloma incanum (Fr.) Hesler	Entoloma incanum (Fr.:Fr.) Hesler		CA		Ontario	PRESENT		04fd2e13-6881-4e5c-9dd1-8fdd9ab993c1	45.13	-75.71							1967-07-13T00:00Z	13	7	1967	8842718	8842718	PRESERVED_SPECIMEN	H		http://id.luomus.fi/HA.H7077673		Groves, J.W.		CC_BY_4_0		Lin, C. W.;Groves, J. W.;Elliott, M. E.			2025-01-17T02:41:21.026Z		CONTINENT_DERIVED_FROM_COORDINATES;TAXON_MATCH_TAXON_ID_IGNORED;COLLECTION_MATCH_NONE;INSTITUTION_MATCH_FUZZY
4022085405	50c9509d-22c7-4a22-a47d-8c48425ef4a7	https://www.inaturalist.org/observations/95530729	Fungi	Basidiomycota	Agaricomycetes	Agaricales	Entolomataceae	Entoloma	Entoloma incanum		SPECIES	Entoloma incanum (Fr.) Hesler	Entoloma incanum		CA		Ontario	PRESENT		28eb1a3f-1c15-4a95-931a-4af90ecb574d	45.085184	-75.926562							2021-09-19T14:24	19	9	2021	8842718	8842718	HUMAN_OBSERVATION	iNaturalist	Observations	95530729		cinna_latifolia	2021-09-25T23:28:08	CC_BY_NC_4_0	Nata Culhane	Nata Culhane			2025-01-14T13:15:49.353Z	StillImage	COORDINATE_ROUNDED;CONTINENT_DERIVED_FROM_COORDINATES;TAXON_MATCH_TAXON_ID_IGNORED
3966497511	50c9509d-22c7-4a22-a47d-8c48425ef4a7	https://www.inaturalist.org/observations/133991217	Fungi	Basidiomycota	Agaricomycetes	Agaricales	Entolomataceae	Entoloma	Entoloma incanum		SPECIES	Entoloma incanum (Fr.) Hesler	Entoloma incanum		CA		Québec	PRESENT		28eb1a3f-1c15-4a95-931a-4af90ecb574d	45.759151	-75.850236	5950.0						2022-09-05T17:57:53	5	9	2022	8842718	8842718	HUMAN_OBSERVATION	iNaturalist	Observations	133991217		allseeds	2022-09-07T01:55:26	CC_BY_NC_4_0	allseeds	allseeds			2025-01-14T12:31:44.398Z	StillImage	COORDINATE_ROUNDED;CONTINENT_DERIVED_FROM_COORDINATES;TAXON_MATCH_TAXON_ID_IGNORED
3912022072	50c9509d-22c7-4a22-a47d-8c48425ef4a7	https://www.inaturalist.org/observations/135064013	Fungi	Basidiomycota	Agaricomycetes	Agaricales	Entolomataceae	Entoloma	Entoloma incanum		SPECIES	Entoloma incanum (Fr.) Hesler	Entoloma incanum		CA		Ontario	PRESENT		28eb1a3f-1c15-4a95-931a-4af90ecb574d	45.462183	-76.263197	183.0						2022-09-14T14:41	14	9	2022	8842718	8842718	HUMAN_OBSERVATION	iNaturalist	Observations	135064013		M. Squire	2022-09-15T01:00:58	CC0_1_0	M. Squire	M. Squire			2025-01-14T12:32:19.905Z	StillImage	COORDINATE_ROUNDED;CONTINENT_DERIVED_FROM_COORDINATES;TAXON_MATCH_TAXON_ID_IGNORED
3903363287	50c9509d-22c7-4a22-a47d-8c48425ef4a7	https://www.inaturalist.org/observations/133832028	Fungi	Basidiomycota	Agaricomycetes	Agaricales	Entolomataceae	Entoloma	Entoloma incanum		SPECIES	Entoloma incanum (Fr.) Hesler	Entoloma incanum		CA		Ontario	PRESENT		28eb1a3f-1c15-4a95-931a-4af90ecb574d	45.259845	-76.912117	20.0						2022-09-05T12:55:20	5	9	2022	8842718	8842718	HUMAN_OBSERVATION	iNaturalist	Observations	133832028		debski	2022-09-05T21:55:50	CC_BY_NC_4_0	debski	debski			2025-01-14T12:31:43.042Z	StillImage	COORDINATE_ROUNDED;CONTINENT_DERIVED_FROM_COORDINATES;TAXON_MATCH_TAXON_ID_IGNORED
3903083063	50c9509d-22c7-4a22-a47d-8c48425ef4a7	https://www.inaturalist.org/observations/132569046	Fungi	Basidiomycota	Agaricomycetes	Agaricales	Entolomataceae	Entoloma	Entoloma incanum		SPECIES	Entoloma incanum (Fr.) Hesler	Entoloma incanum		CA		Québec	PRESENT		28eb1a3f-1c15-4a95-931a-4af90ecb574d	45.421547	-75.836972							2022-08-27T14:05	27	8	2022	8842718	8842718	HUMAN_OBSERVATION	iNaturalist	Observations	132569046		Igor Khomenko	2022-08-28T13:11:19	CC_BY_NC_4_0	Igor Khomenko	Igor Khomenko			2025-01-14T13:30:19.116Z	StillImage	COORDINATE_ROUNDED;CONTINENT_DERIVED_FROM_COORDINATES;TAXON_MATCH_TAXON_ID_IGNORED
3892273578	50c9509d-22c7-4a22-a47d-8c48425ef4a7	https://www.inaturalist.org/observations/130143706	Fungi	Basidiomycota	Agaricomycetes	Agaricales	Entolomataceae	Entoloma	Entoloma incanum		SPECIES	Entoloma incanum (Fr.) Hesler	Entoloma incanum		CA		Ontario	PRESENT		28eb1a3f-1c15-4a95-931a-4af90ecb574d	45.054664	-78.463873							2022-08-09T08:47:05	9	8	2022	8842718	8842718	HUMAN_OBSERVATION	iNaturalist	Observations	130143706		AJ	2022-08-09T18:42:44	CC_BY_NC_4_0	AJ	AJ			2025-01-14T13:25:06.153Z	StillImage	CONTINENT_DERIVED_FROM_COORDINATES;TAXON_MATCH_TAXON_ID_IGNORED
3455936894	50c9509d-22c7-4a22-a47d-8c48425ef4a7	https://www.inaturalist.org/observations/98110018	Fungi	Basidiomycota	Agaricomycetes	Agaricales	Entolomataceae	Entoloma	Entoloma incanum		SPECIES	Entoloma incanum (Fr.) Hesler	Entoloma incanum		CA		Ontario	PRESENT		28eb1a3f-1c15-4a95-931a-4af90ecb574d	45.204538	-76.22431	370.0						2021-10-11T10:21	11	10	2021	8842718	8842718	HUMAN_OBSERVATION	iNaturalist	Observations	98110018		Ken Allison	2021-10-13T15:47:41	CC_BY_NC_4_0	Ken Allison	Ken Allison			2025-01-14T13:11:47.058Z	StillImage	COORDINATE_ROUNDED;CONTINENT_DERIVED_FROM_COORDINATES;TAXON_MATCH_TAXON_ID_IGNORED
3455558257	50c9509d-22c7-4a22-a47d-8c48425ef4a7	https://www.inaturalist.org/observations/89584169	Fungi	Basidiomycota	Agaricomycetes	Agaricales	Entolomataceae	Entoloma	Entoloma incanum		SPECIES	Entoloma incanum (Fr.) Hesler	Entoloma incanum		CA		Ontario	PRESENT		28eb1a3f-1c15-4a95-931a-4af90ecb574d	45.461105	-75.461068							2021-08-01T14:35	1	8	2021	8842718	8842718	HUMAN_OBSERVATION	iNaturalist	Observations	89584169		jonathan_mack	2021-08-02T01:50:16	CC_BY_NC_4_0	jonathan_mack	jonathan_mack			2025-01-14T13:10:51.952Z	StillImage	COORDINATE_ROUNDED;CONTINENT_DERIVED_FROM_COORDINATES;TAXON_MATCH_TAXON_ID_IGNORED
3398718187	50c9509d-22c7-4a22-a47d-8c48425ef4a7	https://www.inaturalist.org/observations/98442683	Fungi	Basidiomycota	Agaricomycetes	Agaricales	Entolomataceae	Entoloma	Entoloma incanum		SPECIES	Entoloma incanum (Fr.) Hesler	Entoloma incanum		CA		Ontario	PRESENT		28eb1a3f-1c15-4a95-931a-4af90ecb574d	45.245383	-75.943405	40.0						2021-10-16T13:44:28	16	10	2021	8842718	8842718	HUMAN_OBSERVATION	iNaturalist	Observations	98442683		cinna_latifolia	2021-10-21T23:02:25	CC_BY_NC_4_0	Sophie Roy	Sophie Roy			2025-01-14T13:16:05.085Z	StillImage	COORDINATE_ROUNDED;CONTINENT_DERIVED_FROM_COORDINATES;TAXON_MATCH_TAXON_ID_IGNORED
3384855200	50c9509d-22c7-4a22-a47d-8c48425ef4a7	https://www.inaturalist.org/observations/97046583	Fungi	Basidiomycota	Agaricomycetes	Agaricales	Entolomataceae	Entoloma	Entoloma incanum		SPECIES	Entoloma incanum (Fr.) Hesler	Entoloma incanum		CA		Québec	PRESENT		28eb1a3f-1c15-4a95-931a-4af90ecb574d	45.757103	-75.852324	4057.0						2021-10-03T10:25:18	3	10	2021	8842718	8842718	HUMAN_OBSERVATION	iNaturalist	Observations	97046583		allseeds	2021-10-04T21:39:03	CC_BY_NC_4_0	allseeds	allseeds			2025-01-14T13:16:10.917Z	StillImage	COORDINATE_ROUNDED;CONTINENT_DERIVED_FROM_COORDINATES;TAXON_MATCH_TAXON_ID_IGNORED
3384616960	50c9509d-22c7-4a22-a47d-8c48425ef4a7	https://www.inaturalist.org/observations/89420005	Fungi	Basidiomycota	Agaricomycetes	Agaricales	Entolomataceae	Entoloma	Entoloma incanum		SPECIES	Entoloma incanum (Fr.) Hesler	Entoloma incanum		CA		Ontario	PRESENT		28eb1a3f-1c15-4a95-931a-4af90ecb574d	45.199987	-76.237229	15.0						2021-07-31T15:09	31	7	2021	8842718	8842718	HUMAN_OBSERVATION	iNaturalist	Observations	89420005		cinna_latifolia	2021-09-30T01:03:05	CC_BY_NC_4_0	almonteallisons	almonteallisons			2025-01-14T13:14:27.671Z	StillImage	COORDINATE_ROUNDED;CONTINENT_DERIVED_FROM_COORDINATES;TAXON_MATCH_TAXON_ID_IGNORED
3384527585	50c9509d-22c7-4a22-a47d-8c48425ef4a7	https://www.inaturalist.org/observations/97384446	Fungi	Basidiomycota	Agaricomycetes	Agaricales	Entolomataceae	Entoloma	Entoloma incanum		SPECIES	Entoloma incanum (Fr.) Hesler	Entoloma incanum		CA		Québec	PRESENT		28eb1a3f-1c15-4a95-931a-4af90ecb574d	45.042617	-73.43087	22.0						2021-10-06T16:16:03	6	10	2021	8842718	8842718	HUMAN_OBSERVATION	iNaturalist	Observations	97384446		cinna_latifolia	2021-10-06T21:03:14	CC_BY_NC_4_0	mc_joncas	mc_joncas			2025-01-14T12:21:40.838Z	StillImage	COORDINATE_ROUNDED;CONTINENT_DERIVED_FROM_COORDINATES;TAXON_MATCH_TAXON_ID_IGNORED
3384336446	50c9509d-22c7-4a22-a47d-8c48425ef4a7	https://www.inaturalist.org/observations/94373996	Fungi	Basidiomycota	Agaricomycetes	Agaricales	Entolomataceae	Entoloma	Entoloma incanum		SPECIES	Entoloma incanum (Fr.) Hesler	Entoloma incanum		CA		Ontario	PRESENT		28eb1a3f-1c15-4a95-931a-4af90ecb574d	45.060277	-75.827195							2021-09-10T12:38	10	9	2021	8842718	8842718	HUMAN_OBSERVATION	iNaturalist	Observations	94373996		Igor Khomenko	2021-09-10T22:01:35	CC_BY_NC_4_0	Igor Khomenko	Igor Khomenko			2025-01-14T13:11:23.584Z	StillImage	COORDINATE_ROUNDED;CONTINENT_DERIVED_FROM_COORDINATES;TAXON_MATCH_TAXON_ID_IGNORED
3384279231	50c9509d-22c7-4a22-a47d-8c48425ef4a7	https://www.inaturalist.org/observations/96138642	Fungi	Basidiomycota	Agaricomycetes	Agaricales	Entolomataceae	Entoloma	Entoloma incanum		SPECIES	Entoloma incanum (Fr.) Hesler	Entoloma incanum		CA		Québec	PRESENT		28eb1a3f-1c15-4a95-931a-4af90ecb574d	45.751157	-75.969548	165.0						2021-09-25T16:15:10	25	9	2021	8842718	8842718	HUMAN_OBSERVATION	iNaturalist	Observations	96138642		janebarton	2021-09-25T20:49:23	CC_BY_NC_4_0	janebarton	janebarton			2025-01-14T13:10:39.173Z	StillImage	COORDINATE_ROUNDED;CONTINENT_DERIVED_FROM_COORDINATES;TAXON_MATCH_TAXON_ID_IGNORED
3384026695	50c9509d-22c7-4a22-a47d-8c48425ef4a7	https://www.inaturalist.org/observations/95694867	Fungi	Basidiomycota	Agaricomycetes	Agaricales	Entolomataceae	Entoloma	Entoloma incanum		SPECIES	Entoloma incanum (Fr.) Hesler	Entoloma incanum		CA		Ontario	PRESENT		28eb1a3f-1c15-4a95-931a-4af90ecb574d	45.204538	-76.22431	370.0						2021-09-21T11:12	21	9	2021	8842718	8842718	HUMAN_OBSERVATION	iNaturalist	Observations	95694867		Ken Allison	2021-09-21T20:49:22	CC_BY_NC_4_0	Ken Allison	Ken Allison			2025-01-14T12:22:07.364Z	StillImage	COORDINATE_ROUNDED;CONTINENT_DERIVED_FROM_COORDINATES;TAXON_MATCH_TAXON_ID_IGNORED
3383905880	50c9509d-22c7-4a22-a47d-8c48425ef4a7	https://www.inaturalist.org/observations/88214449	Fungi	Basidiomycota	Agaricomycetes	Agaricales	Entolomataceae	Entoloma	Entoloma incanum		SPECIES	Entoloma incanum (Fr.) Hesler	Entoloma incanum		CA		Ontario	PRESENT		28eb1a3f-1c15-4a95-931a-4af90ecb574d	45.081785	-77.020921	8.0						2021-07-22T09:57:49	22	7	2021	8842718	8842718	HUMAN_OBSERVATION	iNaturalist	Observations	88214449		Seabrooke Leckie	2021-07-23T03:11:32	CC_BY_NC_4_0	Seabrooke Leckie	Seabrooke Leckie			2025-01-14T12:20:07.280Z	StillImage	COORDINATE_ROUNDED;CONTINENT_DERIVED_FROM_COORDINATES;TAXON_MATCH_TAXON_ID_IGNORED
1701558091	39bd4817-9530-4341-a918-4f16b8db1419	UdeM:CMMF:Blitz2017:75	Fungi	Basidiomycota	Agaricomycetes	Agaricales	Entolomataceae	Entoloma	Entoloma incanum		SPECIES	Entoloma incanum (Fr.) Hesler	Entoloma incanum (Fr.) Hesler, 1967	(Fr.) Hesler, 1967	CA	Parc des Chutes de Sainte-Ursule	Québec	PRESENT		ff7bd5db-b724-4932-b496-10ea298851f9	46.300422	-73.094321	500.0						2017-08-09	9	8	2017	8842718	8842718	HUMAN_OBSERVATION	Université de Montréal Biodiversity Centre	CMMF			Raymond Archambault et Joseph Nuzzolese	2017-08-09T00:00:00	CC0_1_0		IRBV's graduate students			2024-01-24T17:29:10.488Z		
1135067395	21705170-d2b6-42de-8904-c3bca4b83591	CMMF005906	Fungi	Basidiomycota	Agaricomycetes	Agaricales	Entolomataceae	Entoloma	Entoloma incanum		SPECIES	Leptonia incana (Fr.) Gillet	Leptonia incana (Fr.) Gillet	(Fr.) Gillet	CA	Châteauguay (Centre écologique Fernand-Seguin)	Québec	PRESENT		ff7bd5db-b724-4932-b496-10ea298851f9	45.33983	-73.773917	100.0						2008-07-25	25	7	2008	5244209	8842718	PRESERVED_SPECIMEN	Université de Montréal Biodiversity Centre	CMMF	CMMF005906	C3318	McNeil, Raymond		CC0_1_0	Université de Montréal Biodiversity Centre	McNeil, Raymond			2024-01-24T16:38:16.900Z	StillImage	COORDINATE_ROUNDED;INSTITUTION_MATCH_FUZZY;COLLECTION_MATCH_FUZZY;DIFFERENT_OWNER_INSTITUTION
1135067369	21705170-d2b6-42de-8904-c3bca4b83591	CMMF005905	Fungi	Basidiomycota	Agaricomycetes	Agaricales	Entolomataceae	Entoloma	Entoloma incanum		SPECIES	Entoloma incanum (Fr.) Hesler	Entoloma incanum (Fr.) Hesler	(Fr.) Hesler	CA	Châteauguay (Centre écologique Fernand-Seguin)	Québec	PRESENT		ff7bd5db-b724-4932-b496-10ea298851f9	45.33983	-73.773917	100.0						2011-09-10	10	9	2011	8842718	8842718	PRESERVED_SPECIMEN	Université de Montréal Biodiversity Centre	CMMF	CMMF005905	C3940	McNeil, Raymond		CC0_1_0	Université de Montréal Biodiversity Centre	McNeil, Raymond			2024-01-24T16:38:16.900Z	StillImage	COORDINATE_ROUNDED;INSTITUTION_MATCH_FUZZY;COLLECTION_MATCH_FUZZY;DIFFERENT_OWNER_INSTITUTION
1135067362	21705170-d2b6-42de-8904-c3bca4b83591	CMMF005904	Fungi	Basidiomycota	Agaricomycetes	Agaricales	Entolomataceae	Entoloma	Entoloma incanum		SPECIES	Leptonia incana (Fr.) Gillet	Leptonia incana (Fr.) Gillet	(Fr.) Gillet	CA	Châteauguay (Centre écologique Fernand-Seguin)	Québec	PRESENT		ff7bd5db-b724-4932-b496-10ea298851f9	45.33983	-73.773917	100.0						2006-08-22	22	8	2006	5244209	8842718	PRESERVED_SPECIMEN	Université de Montréal Biodiversity Centre	CMMF	CMMF005904	C2880	McNeil, Raymond		CC0_1_0	Université de Montréal Biodiversity Centre	McNeil, Raymond			2024-01-24T16:38:16.898Z	StillImage	COORDINATE_ROUNDED;INSTITUTION_MATCH_FUZZY;COLLECTION_MATCH_FUZZY;DIFFERENT_OWNER_INSTITUTION
1135067054	21705170-d2b6-42de-8904-c3bca4b83591	CMMF010453	Fungi	Basidiomycota	Agaricomycetes	Agaricales	Entolomataceae	Entoloma	Entoloma incanum		SPECIES	Leptonia incana (Fr.) Gillet	Leptonia incana (Fr.) Gillet	(Fr.) Gillet	CA	Zoo du Québec, Québec.	Québec	PRESENT		ff7bd5db-b724-4932-b496-10ea298851f9	46.887441	-71.30267	600.0						2008-08-01	1	8	2008	5244209	8842718	PRESERVED_SPECIMEN	Université de Montréal Biodiversity Centre	CMMF	CMMF010453	2039	Labbé, Roland		CC0_1_0	Université de Montréal Biodiversity Centre	Labrecque, Jacqueline			2024-01-24T16:38:21.662Z		INSTITUTION_MATCH_FUZZY;COLLECTION_MATCH_FUZZY;DIFFERENT_OWNER_INSTITUTION
1024558806	21705170-d2b6-42de-8904-c3bca4b83591	CMMF004217	Fungi	Basidiomycota	Agaricomycetes	Agaricales	Entolomataceae	Entoloma	Entoloma incanum		SPECIES	Entoloma incanum (Fr.) Hesler	Entoloma incanum (Fr.) Hesler	(Fr.) Hesler	CA	Réserve écologique du Boisé-des-Muir, Hinchinbrooke.	Québec	PRESENT		ff7bd5db-b724-4932-b496-10ea298851f9	45.085496	-74.116194	10.0						2012-06-18	18	6	2012	8842718	8842718	PRESERVED_SPECIMEN	Université de Montréal Biodiversity Centre	CMMF	CMMF004217	224	McNeil, Raymond		CC0_1_0	Université de Montréal Biodiversity Centre	Archambault, Raymond; Dahger, Dimitri; Langlois, Annabelle; McNeil, Raymond			2024-01-24T16:38:18.673Z	StillImage	INSTITUTION_MATCH_FUZZY;COLLECTION_MATCH_FUZZY;DIFFERENT_OWNER_INSTITUTION
