gbifID	datasetKey	occurrenceID	kingdom	phylum	class	order	family	genus	species	infraspecificEpithet	taxonRank	scientificName	verbatimScientificName	verbatimScientificNameAuthorship	countryCode	locality	stateProvince	occurrenceStatus	individualCount	publishingOrgKey	decimalLatitude	decimalLongitude	coordinateUncertaintyInMeters	coordinatePrecision	elevation	elevationAccuracy	depth	depthAccuracy	eventDate	day	month	year	taxonKey	speciesKey	basisOfRecord	institutionCode	collectionCode	catalogNumber	recordNumber	identifiedBy	dateIdentified	license	rightsHolder	recordedBy	typeStatus	establishmentMeans	lastInterpreted	mediaType	issue
617555221	21705170-d2b6-42de-8904-c3bca4b83591	CMMF000710	Fungi	Basidiomycota	Agaricomycetes	Boletales	Suillaceae	Suillus	Suillus grevillei		SPECIES	Suillus grevillei (Klotzsch) Singer	Suillus grevillei (Klotzsch) Singer	(Klotzsch) Singer	CA	Lanoraie	Québec	PRESENT		ff7bd5db-b724-4932-b496-10ea298851f9	45.975734	-73.240013	9000.0						1989-09-02	2	9	1989	5239864	5239864	PRESERVED_SPECIMEN	Université de Montréal Biodiversity Centre	CMMF	CMMF000710		Lamoureux, Yves		CC0_1_0	Université de Montréal Biodiversity Centre	Archambault, Raymond			2024-01-24T16:38:20.291Z	StillImage	INSTITUTION_MATCH_FUZZY;COLLECTION_MATCH_FUZZY;DIFFERENT_OWNER_INSTITUTION
617552680	21705170-d2b6-42de-8904-c3bca4b83591	CMMF000327	Fungi	Basidiomycota	Agaricomycetes	Boletales	Suillaceae	Suillus	Suillus grevillei		SPECIES	Suillus grevillei (Klotzsch) Singer	Suillus grevillei (Klotzsch) Singer	(Klotzsch) Singer	CA	Saint-Adolphe-d'Howard	Québec	PRESENT		ff7bd5db-b724-4932-b496-10ea298851f9	45.973194	-74.331714	4000.0						1988-09-11	11	9	1988	5239864	5239864	PRESERVED_SPECIMEN	Université de Montréal Biodiversity Centre	CMMF	CMMF000327		Sicard, Matthieu		CC0_1_0	Université de Montréal Biodiversity Centre	Sicard, Matthieu			2024-01-24T16:38:20.801Z	StillImage	INSTITUTION_MATCH_FUZZY;COLLECTION_MATCH_FUZZY;DIFFERENT_OWNER_INSTITUTION
617551397	21705170-d2b6-42de-8904-c3bca4b83591	CMMF002689	Fungi	Basidiomycota	Agaricomycetes	Boletales	Suillaceae	Suillus	Suillus grevillei		SPECIES	Suillus grevillei (Klotzsch) Singer	Suillus grevillei (Klotzsch) Singer	(Klotzsch) Singer	CA	Saint-Majorique	Québec	PRESENT		ff7bd5db-b724-4932-b496-10ea298851f9	45.931221	-72.584529	5000.0						1995-09-27	27	9	1995	5239864	5239864	PRESERVED_SPECIMEN	Université de Montréal Biodiversity Centre	CMMF	CMMF002689		Lamoureux, Yves		CC0_1_0	Université de Montréal Biodiversity Centre	Lamoureux, Yves			2024-01-24T16:38:20.358Z	StillImage	INSTITUTION_MATCH_FUZZY;COLLECTION_MATCH_FUZZY;DIFFERENT_OWNER_INSTITUTION
617548109	21705170-d2b6-42de-8904-c3bca4b83591	CMMF001261	Fungi	Basidiomycota	Agaricomycetes	Boletales	Suillaceae	Suillus	Suillus grevillei		SPECIES	Suillus grevillei (Klotzsch) Singer	Suillus grevillei (Klotzsch) Singer	(Klotzsch) Singer	CA	Terrebonne	Québec	PRESENT		ff7bd5db-b724-4932-b496-10ea298851f9	45.70036	-73.637796	5000.0						1990-09-24	24	9	1990	5239864	5239864	PRESERVED_SPECIMEN	Université de Montréal Biodiversity Centre	CMMF	CMMF001261		Lamoureux, Yves		CC0_1_0	Université de Montréal Biodiversity Centre	Després, Jean			2024-01-24T16:38:16.576Z	StillImage	INSTITUTION_MATCH_FUZZY;COLLECTION_MATCH_FUZZY;DIFFERENT_OWNER_INSTITUTION
5007049048	50c9509d-22c7-4a22-a47d-8c48425ef4a7	https://www.inaturalist.org/observations/246204880	Fungi	Basidiomycota	Agaricomycetes	Boletales	Suillaceae	Suillus	Suillus grevillei		SPECIES	Suillus clintonianus (Peck) Kuntze	Suillus clintonianus		CA		New Brunswick	PRESENT		28eb1a3f-1c15-4a95-931a-4af90ecb574d	46.832927	-64.977165	3945.0						2024-10-07T13:50:46	7	10	2024	5239866	5239864	HUMAN_OBSERVATION	iNaturalist	Observations	246204880		Kaitlyn Page	2024-10-07T19:12:41	CC_BY_NC_4_0	Kaitlyn Page	Kaitlyn Page			2025-01-14T12:54:25.476Z	StillImage	COORDINATE_ROUNDED;CONTINENT_DERIVED_FROM_COORDINATES;TAXON_MATCH_TAXON_ID_IGNORED
5007023867	50c9509d-22c7-4a22-a47d-8c48425ef4a7	https://www.inaturalist.org/observations/246300840	Fungi	Basidiomycota	Agaricomycetes	Boletales	Suillaceae	Suillus	Suillus grevillei		SPECIES	Suillus clintonianus (Peck) Kuntze	Suillus clintonianus		CA		Prince Edward Island	PRESENT		28eb1a3f-1c15-4a95-931a-4af90ecb574d	46.633014	-64.096795							2024-10-07T12:41:06	7	10	2024	5239866	5239864	HUMAN_OBSERVATION	iNaturalist	Observations	246300840		Julie-Lynn Zahavich	2024-10-08T10:50:55	CC_BY_NC_4_0	Julie-Lynn Zahavich	Julie-Lynn Zahavich			2025-01-14T12:54:15.723Z	StillImage	COORDINATE_ROUNDED;CONTINENT_DERIVED_FROM_COORDINATES;TAXON_MATCH_TAXON_ID_IGNORED
4982353768	50c9509d-22c7-4a22-a47d-8c48425ef4a7	https://www.inaturalist.org/observations/246843222	Fungi	Basidiomycota	Agaricomycetes	Boletales	Suillaceae	Suillus	Suillus grevillei		SPECIES	Suillus clintonianus (Peck) Kuntze	Suillus clintonianus		CA		Prince Edward Island	PRESENT		28eb1a3f-1c15-4a95-931a-4af90ecb574d	46.990925	-64.062844	4.0						2024-10-11T12:31:49	11	10	2024	5239866	5239864	HUMAN_OBSERVATION	iNaturalist	Observations	246843222		Rosemary Curley	2024-10-11T22:44:39	CC_BY_NC_4_0	Rosemary Curley	Rosemary Curley			2025-01-14T13:44:36.692Z	StillImage	COORDINATE_ROUNDED;CONTINENT_DERIVED_FROM_COORDINATES;TAXON_MATCH_TAXON_ID_IGNORED
4976630512	50c9509d-22c7-4a22-a47d-8c48425ef4a7	https://www.inaturalist.org/observations/246824155	Fungi	Basidiomycota	Agaricomycetes	Boletales	Suillaceae	Suillus	Suillus grevillei		SPECIES	Suillus clintonianus (Peck) Kuntze	Suillus clintonianus		CA		Prince Edward Island	PRESENT		28eb1a3f-1c15-4a95-931a-4af90ecb574d	46.991192	-64.063368							2024-10-11T12:19:59	11	10	2024	5239866	5239864	HUMAN_OBSERVATION	iNaturalist	Observations	246824155		Julie-Lynn Zahavich	2024-10-11T20:24:28	CC_BY_NC_4_0	Julie-Lynn Zahavich	Julie-Lynn Zahavich			2025-01-14T13:41:09.596Z	StillImage	COORDINATE_ROUNDED;CONTINENT_DERIVED_FROM_COORDINATES;TAXON_MATCH_TAXON_ID_IGNORED
4976458381	50c9509d-22c7-4a22-a47d-8c48425ef4a7	https://www.inaturalist.org/observations/246206801	Fungi	Basidiomycota	Agaricomycetes	Boletales	Suillaceae	Suillus	Suillus grevillei		SPECIES	Suillus grevillei (Klotzsch) Singer	Suillus grevillei		CA		Prince Edward Island	PRESENT		28eb1a3f-1c15-4a95-931a-4af90ecb574d	46.690758	-64.020264	5.0						2024-10-07T15:19	7	10	2024	5239864	5239864	HUMAN_OBSERVATION	iNaturalist	Observations	246206801		Thelma Phillips	2024-10-07T19:24:20	CC_BY_NC_4_0	Thelma Phillips	Thelma Phillips			2025-01-14T13:43:20.329Z	StillImage	COORDINATE_ROUNDED;CONTINENT_DERIVED_FROM_COORDINATES;TAXON_MATCH_TAXON_ID_IGNORED
4974018436	50c9509d-22c7-4a22-a47d-8c48425ef4a7	https://www.inaturalist.org/observations/248064111	Fungi	Basidiomycota	Agaricomycetes	Boletales	Suillaceae	Suillus	Suillus grevillei		SPECIES	Suillus clintonianus (Peck) Kuntze	Suillus clintonianus		CA		Québec	PRESENT		28eb1a3f-1c15-4a95-931a-4af90ecb574d	45.308194	-72.047152	35.0						2024-10-18T17:46:29	18	10	2024	5239866	5239864	HUMAN_OBSERVATION	iNaturalist	Observations	248064111		Antoine Fortin	2024-10-21T15:10:38	CC_BY_NC_4_0	Antoine Lantin	Antoine Lantin			2025-01-14T12:52:42.121Z	StillImage	COORDINATE_ROUNDED;CONTINENT_DERIVED_FROM_COORDINATES;TAXON_MATCH_TAXON_ID_IGNORED
4953204815	50c9509d-22c7-4a22-a47d-8c48425ef4a7	https://www.inaturalist.org/observations/245947971	Fungi	Basidiomycota	Agaricomycetes	Boletales	Suillaceae	Suillus	Suillus grevillei		SPECIES	Suillus clintonianus (Peck) Kuntze	Suillus clintonianus		CA		Québec	PRESENT		28eb1a3f-1c15-4a95-931a-4af90ecb574d	45.660903	-73.910675	4.0						2024-10-06T09:56:17	6	10	2024	5239866	5239864	HUMAN_OBSERVATION	iNaturalist	Observations	245947971		timfoster	2024-10-06T13:59:19	CC_BY_NC_4_0	timfoster	timfoster			2025-01-14T13:40:26.998Z	StillImage	COORDINATE_ROUNDED;CONTINENT_DERIVED_FROM_COORDINATES;TAXON_MATCH_TAXON_ID_IGNORED
4952700710	50c9509d-22c7-4a22-a47d-8c48425ef4a7	https://www.inaturalist.org/observations/246300780	Fungi	Basidiomycota	Agaricomycetes	Boletales	Suillaceae	Suillus	Suillus grevillei		SPECIES	Suillus clintonianus (Peck) Kuntze	Suillus clintonianus		CA		Prince Edward Island	PRESENT		28eb1a3f-1c15-4a95-931a-4af90ecb574d	46.633562	-64.096512							2024-10-07T12:38:24	7	10	2024	5239866	5239864	HUMAN_OBSERVATION	iNaturalist	Observations	246300780		Julie-Lynn Zahavich	2024-10-08T10:49:42	CC_BY_NC_4_0	Julie-Lynn Zahavich	Julie-Lynn Zahavich			2025-01-14T12:54:42.384Z	StillImage	COORDINATE_ROUNDED;CONTINENT_DERIVED_FROM_COORDINATES;TAXON_MATCH_TAXON_ID_IGNORED
4945950515	50c9509d-22c7-4a22-a47d-8c48425ef4a7	https://www.inaturalist.org/observations/241946149	Fungi	Basidiomycota	Agaricomycetes	Boletales	Suillaceae	Suillus	Suillus grevillei		SPECIES	Suillus clintonianus (Peck) Kuntze	Suillus clintonianus		CA		Québec	PRESENT		28eb1a3f-1c15-4a95-931a-4af90ecb574d	45.965458	-74.328056							2024-09-14T18:57	14	9	2024	5239866	5239864	HUMAN_OBSERVATION	iNaturalist	Observations	241946149		karolanegb	2024-09-15T19:54:52	CC_BY_NC_4_0	karolanegb	karolanegb			2025-01-14T12:51:23.656Z	StillImage	COORDINATE_ROUNDED;CONTINENT_DERIVED_FROM_COORDINATES;TAXON_MATCH_TAXON_ID_IGNORED
4945840340	50c9509d-22c7-4a22-a47d-8c48425ef4a7	https://www.inaturalist.org/observations/239317500	Fungi	Basidiomycota	Agaricomycetes	Boletales	Suillaceae	Suillus	Suillus grevillei		SPECIES	Suillus grevillei (Klotzsch) Singer	Suillus grevillei		CA		Québec	PRESENT		28eb1a3f-1c15-4a95-931a-4af90ecb574d	46.4365	-74.871262	4771.0						2024-09-01T17:05:09	1	9	2024	5239864	5239864	HUMAN_OBSERVATION	iNaturalist	Observations	239317500		Elisabeth Greene	2024-09-02T02:20:15	CC_BY_NC_4_0	Elisabeth Greene	Elisabeth Greene			2025-01-14T13:43:30.752Z	StillImage	COORDINATE_ROUNDED;CONTINENT_DERIVED_FROM_COORDINATES;TAXON_MATCH_TAXON_ID_IGNORED
4945783890	50c9509d-22c7-4a22-a47d-8c48425ef4a7	https://www.inaturalist.org/observations/239533422	Fungi	Basidiomycota	Agaricomycetes	Boletales	Suillaceae	Suillus	Suillus grevillei		SPECIES	Suillus grevillei (Klotzsch) Singer	Suillus grevillei		CA		Québec	PRESENT		28eb1a3f-1c15-4a95-931a-4af90ecb574d	46.486797	-74.879538	4502.0						2024-09-02T17:42:25	2	9	2024	5239864	5239864	HUMAN_OBSERVATION	iNaturalist	Observations	239533422		Elisabeth Greene	2024-09-03T01:44:44	CC_BY_NC_4_0	Elisabeth Greene	Elisabeth Greene			2025-01-14T12:54:12.599Z	StillImage	COORDINATE_ROUNDED;CONTINENT_DERIVED_FROM_COORDINATES;TAXON_MATCH_TAXON_ID_IGNORED
4945756096	50c9509d-22c7-4a22-a47d-8c48425ef4a7	https://www.inaturalist.org/observations/242176229	Fungi	Basidiomycota	Agaricomycetes	Boletales	Suillaceae	Suillus	Suillus grevillei		SPECIES	Suillus clintonianus (Peck) Kuntze	Suillus clintonianus		CA		Québec	PRESENT		28eb1a3f-1c15-4a95-931a-4af90ecb574d	45.959583	-74.182397	8.0						2024-09-16T13:30:26	16	9	2024	5239866	5239864	HUMAN_OBSERVATION	iNaturalist	Observations	242176229		chanjean	2024-09-16T21:50:51	CC_BY_NC_4_0	chanjean	chanjean			2025-01-14T13:44:10.807Z	StillImage	COORDINATE_ROUNDED;CONTINENT_DERIVED_FROM_COORDINATES;TAXON_MATCH_TAXON_ID_IGNORED
4945751160	50c9509d-22c7-4a22-a47d-8c48425ef4a7	https://www.inaturalist.org/observations/239699323	Fungi	Basidiomycota	Agaricomycetes	Boletales	Suillaceae	Suillus	Suillus grevillei		SPECIES	Suillus clintonianus (Peck) Kuntze	Suillus clintonianus		CA		Québec	PRESENT		28eb1a3f-1c15-4a95-931a-4af90ecb574d	48.589547	-71.671755	31.0						2024-09-01T14:09	1	9	2024	5239866	5239864	HUMAN_OBSERVATION	iNaturalist	Observations	239699323		jonathan_mack	2024-09-03T22:44:08	CC_BY_NC_4_0	jonathan_mack	jonathan_mack			2025-01-14T13:36:45.520Z	StillImage	COORDINATE_ROUNDED;CONTINENT_DERIVED_FROM_COORDINATES;TAXON_MATCH_TAXON_ID_IGNORED
4945663169	50c9509d-22c7-4a22-a47d-8c48425ef4a7	https://www.inaturalist.org/observations/241441116	Fungi	Basidiomycota	Agaricomycetes	Boletales	Suillaceae	Suillus	Suillus grevillei		SPECIES	Suillus grevillei (Klotzsch) Singer	Suillus grevillei		CA		Ontario	PRESENT		28eb1a3f-1c15-4a95-931a-4af90ecb574d	45.164267	-75.460103							2024-09-13T07:09:11	13	9	2024	5239864	5239864	HUMAN_OBSERVATION	iNaturalist	Observations	241441116		Randy	2024-09-13T12:06:07	CC_BY_NC_4_0	Randy	Randy			2025-01-14T12:53:11.036Z	StillImage	COORDINATE_ROUNDED;CONTINENT_DERIVED_FROM_COORDINATES;TAXON_MATCH_TAXON_ID_IGNORED
4901739814	50c9509d-22c7-4a22-a47d-8c48425ef4a7	https://www.inaturalist.org/observations/189229044	Fungi	Basidiomycota	Agaricomycetes	Boletales	Suillaceae	Suillus	Suillus grevillei		SPECIES	Suillus clintonianus (Peck) Kuntze	Suillus clintonianus		CA		New Brunswick	PRESENT		28eb1a3f-1c15-4a95-931a-4af90ecb574d	45.999749	-66.764149	1.0						2023-10-13T10:23	13	10	2023	5239866	5239864	HUMAN_OBSERVATION	iNaturalist	Observations	189229044		Dwayne Sabine	2023-10-28T14:41:38	CC_BY_NC_4_0	Dwayne Sabine	Dwayne Sabine			2025-01-14T13:30:38.489Z	StillImage	COORDINATE_ROUNDED;CONTINENT_DERIVED_FROM_COORDINATES;TAXON_MATCH_TAXON_ID_IGNORED
4863958559	50c9509d-22c7-4a22-a47d-8c48425ef4a7	https://www.inaturalist.org/observations/180809789	Fungi	Basidiomycota	Agaricomycetes	Boletales	Suillaceae	Suillus	Suillus grevillei		SPECIES	Suillus grevillei (Klotzsch) Singer	Suillus grevillei		CA		Ontario	PRESENT		28eb1a3f-1c15-4a95-931a-4af90ecb574d	45.023356	-77.588356	8.0						2023-08-21T13:59	21	8	2023	5239864	5239864	HUMAN_OBSERVATION	iNaturalist	Observations	180809789		Jim Thompson	2023-08-29T19:05:44	CC_BY_NC_4_0	Jim Thompson	Jim Thompson			2025-01-14T12:39:43.197Z	StillImage	COORDINATE_ROUNDED;CONTINENT_DERIVED_FROM_COORDINATES;TAXON_MATCH_TAXON_ID_IGNORED
4863788787	50c9509d-22c7-4a22-a47d-8c48425ef4a7	https://www.inaturalist.org/observations/32800387	Fungi	Basidiomycota	Agaricomycetes	Boletales	Suillaceae	Suillus	Suillus grevillei		SPECIES	Suillus grevillei (Klotzsch) Singer	Suillus grevillei		CA		New Brunswick	PRESENT		28eb1a3f-1c15-4a95-931a-4af90ecb574d	45.120472	-67.092781							2019-09-15T17:23:53	15	9	2019	5239864	5239864	HUMAN_OBSERVATION	iNaturalist	Observations	32800387		cinna_latifolia	2020-12-03T19:06:17	CC_BY_4_0	Bex Goreham	Bex Goreham			2025-01-14T12:10:01.147Z	StillImage	COORDINATE_ROUNDED;CONTINENT_DERIVED_FROM_COORDINATES;TAXON_MATCH_TAXON_ID_IGNORED
4863769608	50c9509d-22c7-4a22-a47d-8c48425ef4a7	https://www.inaturalist.org/observations/185776225	Fungi	Basidiomycota	Agaricomycetes	Boletales	Suillaceae	Suillus	Suillus grevillei		SPECIES	Suillus grevillei (Klotzsch) Singer	Suillus grevillei		CA		New Brunswick	PRESENT		28eb1a3f-1c15-4a95-931a-4af90ecb574d	45.290167	-66.059988							2023-10-01T13:44	1	10	2023	5239864	5239864	HUMAN_OBSERVATION	iNaturalist	Observations	185776225		Kathleen Dobson	2023-10-01T18:24:11	CC_BY_NC_4_0	Kathleen Dobson	Kathleen Dobson			2025-01-14T13:28:08.027Z	StillImage	COORDINATE_ROUNDED;CONTINENT_DERIVED_FROM_COORDINATES;TAXON_MATCH_TAXON_ID_IGNORED
4863727568	50c9509d-22c7-4a22-a47d-8c48425ef4a7	https://www.inaturalist.org/observations/94471680	Fungi	Basidiomycota	Agaricomycetes	Boletales	Suillaceae	Suillus	Suillus grevillei		SPECIES	Suillus grevillei (Klotzsch) Singer	Suillus grevillei		CA		Québec	PRESENT		28eb1a3f-1c15-4a95-931a-4af90ecb574d	46.020641	-73.926636	26.0						2021-09-11T14:36:33	11	9	2021	5239864	5239864	HUMAN_OBSERVATION	iNaturalist	Observations	94471680		geologika	2021-09-11T18:36:45	CC_BY_NC_4_0	geologika	geologika			2025-01-14T13:10:28.866Z	StillImage	COORDINATE_ROUNDED;CONTINENT_DERIVED_FROM_COORDINATES;TAXON_MATCH_TAXON_ID_IGNORED
4863670161	50c9509d-22c7-4a22-a47d-8c48425ef4a7	https://www.inaturalist.org/observations/61053388	Fungi	Basidiomycota	Agaricomycetes	Boletales	Suillaceae	Suillus	Suillus grevillei		SPECIES	Suillus grevillei (Klotzsch) Singer	Suillus grevillei		CA		Québec	PRESENT		28eb1a3f-1c15-4a95-931a-4af90ecb574d	46.170002	-74.559719	1000.0						2020-09-27T16:28	27	9	2020	5239864	5239864	HUMAN_OBSERVATION	iNaturalist	Observations	61053388		Serguei Ponomarenko	2020-09-28T01:21:54	CC_BY_NC_4_0	Serguei Ponomarenko	Serguei Ponomarenko			2025-01-14T12:15:03.251Z	StillImage	COORDINATE_ROUNDED;CONTINENT_DERIVED_FROM_COORDINATES;TAXON_MATCH_TAXON_ID_IGNORED
4863586770	50c9509d-22c7-4a22-a47d-8c48425ef4a7	https://www.inaturalist.org/observations/34641793	Fungi	Basidiomycota	Agaricomycetes	Boletales	Suillaceae	Suillus	Suillus grevillei		SPECIES	Suillus grevillei (Klotzsch) Singer	Suillus grevillei		CA		New Brunswick	PRESENT		28eb1a3f-1c15-4a95-931a-4af90ecb574d	46.209198	-64.288713	2636.0						2015-10-10T09:21	10	10	2015	5239864	5239864	HUMAN_OBSERVATION	iNaturalist	Observations	34641793		Raymonde G Chartier	2019-10-20T17:33:52	CC_BY_NC_4_0	Raymonde G Chartier	Raymonde G Chartier			2025-01-14T12:09:39.504Z	StillImage	COORDINATE_ROUNDED;CONTINENT_DERIVED_FROM_COORDINATES;TAXON_MATCH_TAXON_ID_IGNORED
4863460309	50c9509d-22c7-4a22-a47d-8c48425ef4a7	https://www.inaturalist.org/observations/34907973	Fungi	Basidiomycota	Agaricomycetes	Boletales	Suillaceae	Suillus	Suillus grevillei		SPECIES	Suillus grevillei (Klotzsch) Singer	Suillus grevillei		CA		New Brunswick	PRESENT		28eb1a3f-1c15-4a95-931a-4af90ecb574d	46.16595	-64.330641	1502.0						2015-10-12T14:55	12	10	2015	5239864	5239864	HUMAN_OBSERVATION	iNaturalist	Observations	34907973		Raymonde G Chartier	2019-10-26T12:18:06	CC_BY_NC_4_0	Raymonde G Chartier	Raymonde G Chartier			2025-01-14T13:06:38.033Z	StillImage	COORDINATE_ROUNDED;CONTINENT_DERIVED_FROM_COORDINATES;TAXON_MATCH_TAXON_ID_IGNORED
4863460014	50c9509d-22c7-4a22-a47d-8c48425ef4a7	https://www.inaturalist.org/observations/178891269	Fungi	Basidiomycota	Agaricomycetes	Boletales	Suillaceae	Suillus	Suillus grevillei		SPECIES	Suillus grevillei (Klotzsch) Singer	Suillus grevillei		CA		Québec	PRESENT		28eb1a3f-1c15-4a95-931a-4af90ecb574d	45.951557	-71.201805	15003.0						2023-08-17T16:17:02	17	8	2023	5239864	5239864	HUMAN_OBSERVATION	iNaturalist	Observations	178891269		nananic	2023-08-17T20:17:27	CC_BY_NC_4_0	nananic	nananic			2025-01-14T13:31:49.162Z	StillImage	COORDINATE_ROUNDED;CONTINENT_DERIVED_FROM_COORDINATES;TAXON_MATCH_TAXON_ID_IGNORED
4863409195	50c9509d-22c7-4a22-a47d-8c48425ef4a7	https://www.inaturalist.org/observations/94703979	Fungi	Basidiomycota	Agaricomycetes	Boletales	Suillaceae	Suillus	Suillus grevillei		SPECIES	Suillus grevillei (Klotzsch) Singer	Suillus grevillei		CA		Québec	PRESENT		28eb1a3f-1c15-4a95-931a-4af90ecb574d	46.78924	-71.371882	6.0						2021-09-13T09:11:49	13	9	2021	5239864	5239864	HUMAN_OBSERVATION	iNaturalist	Observations	94703979		cinna_latifolia	2021-10-11T02:57:13	CC_BY_NC_4_0	Edouard Morin	Edouard Morin			2025-01-14T12:22:20.834Z	StillImage	COORDINATE_ROUNDED;CONTINENT_DERIVED_FROM_COORDINATES;TAXON_MATCH_TAXON_ID_IGNORED
4863367962	50c9509d-22c7-4a22-a47d-8c48425ef4a7	https://www.inaturalist.org/observations/97139391	Fungi	Basidiomycota	Agaricomycetes	Boletales	Suillaceae	Suillus	Suillus grevillei		SPECIES	Suillus grevillei (Klotzsch) Singer	Suillus grevillei		CA		Ontario	PRESENT		28eb1a3f-1c15-4a95-931a-4af90ecb574d	45.141944	-75.681667							2021-10-03T15:55	3	10	2021	5239864	5239864	HUMAN_OBSERVATION	iNaturalist	Observations	97139391		Pieter Leenhouts	2021-10-04T13:20:24	CC_BY_NC_4_0	Pieter Leenhouts	Pieter Leenhouts			2025-01-14T12:22:56.705Z	StillImage	COORDINATE_ROUNDED;CONTINENT_DERIVED_FROM_COORDINATES;TAXON_MATCH_TAXON_ID_IGNORED
4597276403	50c9509d-22c7-4a22-a47d-8c48425ef4a7	https://www.inaturalist.org/observations/185627409	Fungi	Basidiomycota	Agaricomycetes	Boletales	Suillaceae	Suillus	Suillus grevillei		SPECIES	Suillus clintonianus (Peck) Kuntze	Suillus clintonianus		CA		Québec	PRESENT		28eb1a3f-1c15-4a95-931a-4af90ecb574d	45.968323	-71.154803	202.0						2023-09-04T17:11:36	4	9	2023	5239866	5239864	HUMAN_OBSERVATION	iNaturalist	Observations	185627409		Katia Burelle	2024-01-04T00:46:21	CC_BY_NC_4_0	jasminv	jasminv			2025-01-14T12:42:07.672Z	StillImage	COORDINATE_ROUNDED;CONTINENT_DERIVED_FROM_COORDINATES;TAXON_MATCH_TAXON_ID_IGNORED
4512171477	50c9509d-22c7-4a22-a47d-8c48425ef4a7	https://www.inaturalist.org/observations/188814391	Fungi	Basidiomycota	Agaricomycetes	Boletales	Suillaceae	Suillus	Suillus grevillei		SPECIES	Suillus grevillei (Klotzsch) Singer	Suillus grevillei		CA		Québec	PRESENT		28eb1a3f-1c15-4a95-931a-4af90ecb574d	47.066675	-70.805825	536.0						2023-10-15T12:17	15	10	2023	5239864	5239864	HUMAN_OBSERVATION	iNaturalist	Observations	188814391		laumaylev	2023-10-24T19:22:37	CC_BY_NC_4_0	laumaylev	laumaylev			2025-01-14T12:42:59.124Z	StillImage	COORDINATE_ROUNDED;CONTINENT_DERIVED_FROM_COORDINATES;TAXON_MATCH_TAXON_ID_IGNORED
4512126616	50c9509d-22c7-4a22-a47d-8c48425ef4a7	https://www.inaturalist.org/observations/189275876	Fungi	Basidiomycota	Agaricomycetes	Boletales	Suillaceae	Suillus	Suillus grevillei		SPECIES	Suillus grevillei (Klotzsch) Singer	Suillus grevillei		CA		Québec	PRESENT		28eb1a3f-1c15-4a95-931a-4af90ecb574d	45.561042	-73.557259	9.0						2023-10-28T17:19:13	28	10	2023	5239864	5239864	HUMAN_OBSERVATION	iNaturalist	Observations	189275876		guimh	2023-10-28T21:27:13	CC_BY_NC_4_0	guimh	guimh			2025-01-14T12:46:07.616Z	StillImage	COORDINATE_ROUNDED;CONTINENT_DERIVED_FROM_COORDINATES;TAXON_MATCH_TAXON_ID_IGNORED
4510347309	50c9509d-22c7-4a22-a47d-8c48425ef4a7	https://www.inaturalist.org/observations/188613116	Fungi	Basidiomycota	Agaricomycetes	Boletales	Suillaceae	Suillus	Suillus grevillei		SPECIES	Suillus clintonianus (Peck) Kuntze	Suillus clintonianus		CA		Québec	PRESENT		28eb1a3f-1c15-4a95-931a-4af90ecb574d	45.9689	-74.258987	4.0						2023-10-18T15:21:22	18	10	2023	5239866	5239864	HUMAN_OBSERVATION	iNaturalist	Observations	188613116		Katia Burelle	2024-01-04T00:37:36	CC_BY_NC_4_0	Séléna Bergeron	Séléna Bergeron			2025-01-14T13:43:28.395Z	StillImage	COORDINATE_ROUNDED;CONTINENT_DERIVED_FROM_COORDINATES;TAXON_MATCH_TAXON_ID_IGNORED
4440857581	50c9509d-22c7-4a22-a47d-8c48425ef4a7	https://www.inaturalist.org/observations/190730622	Fungi	Basidiomycota	Agaricomycetes	Boletales	Suillaceae	Suillus	Suillus grevillei		SPECIES	Suillus clintonianus (Peck) Kuntze	Suillus clintonianus		CA		Ontario	PRESENT		28eb1a3f-1c15-4a95-931a-4af90ecb574d	45.34792	-75.566147	30.0						2023-11-11T15:22:31	11	11	2023	5239866	5239864	HUMAN_OBSERVATION	iNaturalist	Observations	190730622		mycowalt	2023-11-12T04:19:03	CC_BY_NC_4_0	Lynn Ovenden	Lynn Ovenden			2025-01-14T13:34:30.683Z	StillImage	COORDINATE_ROUNDED;CONTINENT_DERIVED_FROM_COORDINATES;TAXON_MATCH_TAXON_ID_IGNORED
4430532168	50c9509d-22c7-4a22-a47d-8c48425ef4a7	https://www.inaturalist.org/observations/187181845	Fungi	Basidiomycota	Agaricomycetes	Boletales	Suillaceae	Suillus	Suillus grevillei		SPECIES	Suillus clintonianus (Peck) Kuntze	Suillus clintonianus		CA		Prince Edward Island	PRESENT		28eb1a3f-1c15-4a95-931a-4af90ecb574d	46.509115	-64.082721	236.0						2023-10-11T10:43	11	10	2023	5239866	5239864	HUMAN_OBSERVATION	iNaturalist	Observations	187181845		Denis Gallant	2023-10-11T23:36:28	CC_BY_NC_4_0	Denis Gallant	Denis Gallant			2025-01-14T12:42:54.084Z	StillImage	COORDINATE_ROUNDED;CONTINENT_DERIVED_FROM_COORDINATES;TAXON_MATCH_TAXON_ID_IGNORED
4424248172	50c9509d-22c7-4a22-a47d-8c48425ef4a7	https://www.inaturalist.org/observations/186236187	Fungi	Basidiomycota	Agaricomycetes	Boletales	Suillaceae	Suillus	Suillus grevillei		SPECIES	Suillus clintonianus (Peck) Kuntze	Suillus clintonianus		CA		Québec	PRESENT		28eb1a3f-1c15-4a95-931a-4af90ecb574d	46.777586	-71.281898	26.0						2023-10-04T14:51:31	4	10	2023	5239866	5239864	HUMAN_OBSERVATION	iNaturalist	Observations	186236187		Antoine Fortin	2023-10-05T12:00:52	CC_BY_NC_4_0	Camille Boucher	Camille Boucher			2025-01-14T13:33:20.680Z	StillImage	COORDINATE_ROUNDED;CONTINENT_DERIVED_FROM_COORDINATES;TAXON_MATCH_TAXON_ID_IGNORED
4407579905	50c9509d-22c7-4a22-a47d-8c48425ef4a7	https://www.inaturalist.org/observations/181575363	Fungi	Basidiomycota	Agaricomycetes	Boletales	Suillaceae	Suillus	Suillus grevillei		SPECIES	Suillus clintonianus (Peck) Kuntze	Suillus clintonianus		CA		Québec	PRESENT		28eb1a3f-1c15-4a95-931a-4af90ecb574d	48.092156	-77.778358	8.0						2023-09-03T11:02:37	3	9	2023	5239866	5239864	HUMAN_OBSERVATION	iNaturalist	Observations	181575363		timfoster	2023-09-03T15:46:32	CC_BY_NC_4_0	timfoster	timfoster			2025-01-14T12:40:03.730Z	StillImage	COORDINATE_ROUNDED;CONTINENT_DERIVED_FROM_COORDINATES;TAXON_MATCH_TAXON_ID_IGNORED
4166263620	695cef75-b65f-4776-b2ed-74565eebb16e	02-01000936321	Fungi	Basidiomycota	Agaricomycetes	Boletales	Suillaceae	Suillus	Suillus grevillei		SPECIES	Suillus grevillei (Klotzsch) Singer	Suillus grevillei	(Klotzsch) Singer	CA	Rte. Principal, grand Jardin	Quebec	PRESENT		055bd978-2daa-4543-b3f0-44e0e87e86ca	47.633333	-70.866667							1981-08-15	15	8	1981	5239864	5239864	PRESERVED_SPECIMEN	AAFC	DAOM	180850		S.A. Redhead et. al. (occular)		CC_BY_4_0	©His Majesty the King in Right of Canada, as represented by the Minister of Agriculture and Agri-Food	M.E. Elliott foray group			2025-01-12T05:11:15.982Z		GEODETIC_DATUM_ASSUMED_WGS84;CONTINENT_DERIVED_FROM_COORDINATES;TAXON_MATCH_TAXON_ID_IGNORED;INSTITUTION_MATCH_FUZZY
4166254668	695cef75-b65f-4776-b2ed-74565eebb16e	02-01000930759	Fungi	Basidiomycota	Agaricomycetes	Boletales	Suillaceae	Suillus	Suillus grevillei		SPECIES	Boletinus grevillei (Klotzsch) Pomerl.	Boletinus grevillei	(Klotzsch) Pomerl.	CA	Forêt Larose	Ontario	PRESENT		055bd978-2daa-4543-b3f0-44e0e87e86ca	45.416667	-75.175							1983-10-08	8	10	1983	2525353	5239864	PRESERVED_SPECIMEN	AAFC	DAOM	187925		Y. Dalpé		CC_BY_4_0	©His Majesty the King in Right of Canada, as represented by the Minister of Agriculture and Agri-Food	Y. Dalpé (660)			2025-01-12T05:11:16.121Z		GEODETIC_DATUM_ASSUMED_WGS84;CONTINENT_DERIVED_FROM_COORDINATES;TAXON_MATCH_TAXON_ID_IGNORED;INSTITUTION_MATCH_FUZZY
4166253719	695cef75-b65f-4776-b2ed-74565eebb16e	02-01000930756	Fungi	Basidiomycota	Agaricomycetes	Boletales	Suillaceae	Suillus	Suillus grevillei		SPECIES	Boletinus grevillei (Klotzsch) Pomerl.	Boletinus grevillei	(Klotzsch) Pomerl.	CA	Forêt Larose	Ontario	PRESENT		055bd978-2daa-4543-b3f0-44e0e87e86ca	45.416667	-75.175							1987-10-01	1	10	1987	2525353	5239864	PRESERVED_SPECIMEN	AAFC	DAOM	197481		Y. Dalpé		CC_BY_4_0	©His Majesty the King in Right of Canada, as represented by the Minister of Agriculture and Agri-Food	Y. Dalpé (2529)			2025-01-12T05:11:15.816Z		GEODETIC_DATUM_ASSUMED_WGS84;CONTINENT_DERIVED_FROM_COORDINATES;TAXON_MATCH_TAXON_ID_IGNORED;INSTITUTION_MATCH_FUZZY
4165632707	50c9509d-22c7-4a22-a47d-8c48425ef4a7	https://www.inaturalist.org/observations/172903548	Fungi	Basidiomycota	Agaricomycetes	Boletales	Suillaceae	Suillus	Suillus grevillei		SPECIES	Suillus grevillei (Klotzsch) Singer	Suillus grevillei		CA		New Brunswick	PRESENT		28eb1a3f-1c15-4a95-931a-4af90ecb574d	45.546888	-65.027917	17.0						2023-07-13T11:27:18	13	7	2023	5239864	5239864	HUMAN_OBSERVATION	iNaturalist	Observations	172903548		mossqueen	2023-07-14T20:40:27	CC_BY_NC_4_0	mossqueen	mossqueen			2025-01-14T13:25:45.230Z	StillImage	COORDINATE_ROUNDED;CONTINENT_DERIVED_FROM_COORDINATES;TAXON_MATCH_TAXON_ID_IGNORED
4133746326	50c9509d-22c7-4a22-a47d-8c48425ef4a7	https://www.inaturalist.org/observations/32783966	Fungi	Basidiomycota	Agaricomycetes	Boletales	Suillaceae	Suillus	Suillus grevillei		SPECIES	Suillus grevillei (Klotzsch) Singer	Suillus grevillei		CA		Ontario	PRESENT		28eb1a3f-1c15-4a95-931a-4af90ecb574d	45.348514	-75.567406	16.0						2019-09-13T14:27	13	9	2019	5239864	5239864	HUMAN_OBSERVATION	iNaturalist	Observations	32783966		mycowalt	2020-02-08T08:29:01	CC_BY_NC_4_0	Igor Khomenko	Igor Khomenko			2025-01-14T12:09:14.949Z	StillImage	COORDINATE_ROUNDED;CONTINENT_DERIVED_FROM_COORDINATES;TAXON_MATCH_TAXON_ID_IGNORED
4104480197	5a6538b8-e35c-46c4-8978-6858a657a75f	dfe32503-e6aa-4711-b585-bc1fe5f29739	Fungi	Basidiomycota	Agaricomycetes	Boletales	Suillaceae	Suillus	Suillus grevillei		SPECIES	Suillus grevillei (Klotzsch) Singer	Suillus grevillei	(Klotzsch) Singer	CA	La Verendrye, Lac-des-Loups	Quebec	PRESENT		a26dde42-dd82-4d07-a763-353ab27fc02c	45.685278	-76.210833							1963-09-10	10	9	1963	5239864	5239864	PRESERVED_SPECIMEN	CUP		CUP-048573		M. Pantidou		CC0_1_0		M. Pantidou; M. Elliott			2025-01-15T04:26:03.726Z	StillImage	GEODETIC_DATUM_ASSUMED_WGS84;CONTINENT_DERIVED_FROM_COORDINATES;TAXON_MATCH_TAXON_ID_IGNORED;COLLECTION_MATCH_NONE;INSTITUTION_MATCH_FUZZY
4100056393	d1a3b128-b406-46bb-a6d1-f3591dcc8a7b	5e1f8eb8-8022-421b-aeb4-9ba6493772a5	Fungi	Basidiomycota	Agaricomycetes	Boletales	Suillaceae	Suillus	Suillus grevillei		SPECIES	Suillus grevillei (Klotzsch) Singer	Suillus grevillei	(Klotzsch) Singer	CA	between Milltown and St. Stephen under Thuja, Populus and Betula	New Brunswick	PRESENT		e43cf4b8-849e-4fac-b075-e652d019d2cf	45.180278	-67.296389	2166.0						1962-09-08	8	9	1962	5239864	5239864	PRESERVED_SPECIMEN	BPI		BPI 782863		Dick, E. A.		CC0_1_0		Dick, E. A.			2025-01-15T04:59:42.728Z		CONTINENT_DERIVED_FROM_COORDINATES;TAXON_MATCH_TAXON_ID_IGNORED;INSTITUTION_MATCH_FUZZY
4099474161	d1a3b128-b406-46bb-a6d1-f3591dcc8a7b	0e9b4e2c-7c96-4d1e-8019-df60d7744c92	Fungi	Basidiomycota	Agaricomycetes	Boletales	Suillaceae	Suillus	Suillus grevillei		SPECIES	Boletus grevillei Klotzsch	Boletus grevillei	Klotzsch	CA	North Gower	Ontario	PRESENT		e43cf4b8-849e-4fac-b075-e652d019d2cf	45.153056	-75.682778	301.0						1958-10-10	10	10	1958	6101701	5239864	PRESERVED_SPECIMEN	BPI		BPI 780877		Pantidou, M.		CC0_1_0		Elliott, M.; Pantidou, M.			2025-01-15T04:59:42.567Z		GEODETIC_DATUM_ASSUMED_WGS84;CONTINENT_DERIVED_FROM_COORDINATES;TAXON_MATCH_TAXON_ID_IGNORED;INSTITUTION_MATCH_FUZZY
4046409573	50c9509d-22c7-4a22-a47d-8c48425ef4a7	https://www.inaturalist.org/observations/137642419	Fungi	Basidiomycota	Agaricomycetes	Boletales	Suillaceae	Suillus	Suillus grevillei		SPECIES	Suillus grevillei (Klotzsch) Singer	Suillus grevillei		CA		Québec	PRESENT		28eb1a3f-1c15-4a95-931a-4af90ecb574d	48.296883	-71.137292	11.0						2022-10-05T10:27	5	10	2022	5239864	5239864	HUMAN_OBSERVATION	iNaturalist	Observations	137642419		pointrond	2022-10-05T15:20:22	CC_BY_NC_4_0	pointrond	pointrond			2025-01-14T13:17:54.582Z	StillImage	COORDINATE_ROUNDED;CONTINENT_DERIVED_FROM_COORDINATES;TAXON_MATCH_TAXON_ID_IGNORED
4028777016	50c9509d-22c7-4a22-a47d-8c48425ef4a7	https://www.inaturalist.org/observations/134800438	Fungi	Basidiomycota	Agaricomycetes	Boletales	Suillaceae	Suillus	Suillus grevillei		SPECIES	Suillus clintonianus (Peck) Kuntze	Suillus clintonianus		CA		Québec	PRESENT		28eb1a3f-1c15-4a95-931a-4af90ecb574d	48.418963	-71.047028	6.0						2022-09-12T16:52:57	12	9	2022	5239866	5239864	HUMAN_OBSERVATION	iNaturalist	Observations	134800438		Annie Weissman	2022-09-22T01:21:17	CC_BY_NC_4_0	fxgrandmont	fxgrandmont			2025-01-14T13:25:39.242Z	StillImage	COORDINATE_ROUNDED;CONTINENT_DERIVED_FROM_COORDINATES;TAXON_MATCH_TAXON_ID_IGNORED
4023671786	fb9d7c38-5759-4c30-9e09-5b6bd43f78a6	http://id.luomus.fi/MY.3657435	Fungi	Basidiomycota	Agaricomycetes	Boletales	Suillaceae	Suillus	Suillus grevillei		SPECIES	Suillus clintonianus (Peck) Kuntze	Suillus clintonianus (Peck) Kuntze		CA	Richmond	Ontario	PRESENT		04fd2e13-6881-4e5c-9dd1-8fdd9ab993c1	45.194444	-75.838888							1960-09-24T00:00Z	24	9	1960	5239866	5239864	PRESERVED_SPECIMEN	H		http://id.luomus.fi/HA.H7034807		Groves, J.V.		CC_BY_4_0		Elliott, M.;Pantidou, M.			2025-01-17T02:41:19.729Z		CONTINENT_DERIVED_FROM_COORDINATES;TAXON_MATCH_TAXON_ID_IGNORED;COLLECTION_MATCH_NONE;INSTITUTION_MATCH_FUZZY
4009743570	50c9509d-22c7-4a22-a47d-8c48425ef4a7	https://www.inaturalist.org/observations/137870606	Fungi	Basidiomycota	Agaricomycetes	Boletales	Suillaceae	Suillus	Suillus grevillei		SPECIES	Suillus clintonianus (Peck) Kuntze	Suillus clintonianus		CA		Québec	PRESENT		28eb1a3f-1c15-4a95-931a-4af90ecb574d	46.810419	-71.512758	26935.0						2022-10-05T13:43:34	5	10	2022	5239866	5239864	HUMAN_OBSERVATION	iNaturalist	Observations	137870606		vgstef	2022-10-07T17:14:49	CC_BY_NC_4_0	vgstef	vgstef			2025-01-14T13:25:12.301Z		COORDINATE_ROUNDED;CONTINENT_DERIVED_FROM_COORDINATES;TAXON_MATCH_TAXON_ID_IGNORED
4009735395	50c9509d-22c7-4a22-a47d-8c48425ef4a7	https://www.inaturalist.org/observations/85135016	Fungi	Basidiomycota	Agaricomycetes	Boletales	Suillaceae	Suillus	Suillus grevillei		SPECIES	Suillus clintonianus (Peck) Kuntze	Suillus clintonianus		CA		Québec	PRESENT		28eb1a3f-1c15-4a95-931a-4af90ecb574d	48.735164	-72.005147	61.0						2019-09-12T07:29	12	9	2019	5239866	5239864	HUMAN_OBSERVATION	iNaturalist	Observations	85135016		lavalfleury	2021-11-05T12:52:29	CC_BY_NC_4_0	lavalfleury	lavalfleury			2025-01-14T12:19:55.204Z	StillImage	COORDINATE_ROUNDED;CONTINENT_DERIVED_FROM_COORDINATES;TAXON_MATCH_TAXON_ID_IGNORED
3947370846	50c9509d-22c7-4a22-a47d-8c48425ef4a7	https://www.inaturalist.org/observations/139184624	Fungi	Basidiomycota	Agaricomycetes	Boletales	Suillaceae	Suillus	Suillus grevillei		SPECIES	Suillus clintonianus (Peck) Kuntze	Suillus clintonianus		CA		Ontario	PRESENT		28eb1a3f-1c15-4a95-931a-4af90ecb574d	45.464039	-77.524666							2022-10-10T13:32:48	10	10	2022	5239866	5239864	HUMAN_OBSERVATION	iNaturalist	Observations	139184624		cinna_latifolia	2022-10-23T21:38:31	CC_BY_NC_4_0	Anne Marie Ratych	Anne Marie Ratych			2025-01-14T13:25:03.849Z	StillImage	COORDINATE_ROUNDED;CONTINENT_DERIVED_FROM_COORDINATES;TAXON_MATCH_TAXON_ID_IGNORED
3947358212	50c9509d-22c7-4a22-a47d-8c48425ef4a7	https://www.inaturalist.org/observations/139479986	Fungi	Basidiomycota	Agaricomycetes	Boletales	Suillaceae	Suillus	Suillus grevillei		SPECIES	Suillus clintonianus (Peck) Kuntze	Suillus clintonianus		CA		Québec	PRESENT		28eb1a3f-1c15-4a95-931a-4af90ecb574d	45.940586	-72.541161	2148.0						2022-10-20T19:54:25	20	10	2022	5239866	5239864	HUMAN_OBSERVATION	iNaturalist	Observations	139479986		cinna_latifolia	2022-10-21T00:47:37	CC_BY_NC_4_0	meredith00	meredith00			2025-01-14T13:25:39.856Z	StillImage	COORDINATE_ROUNDED;CONTINENT_DERIVED_FROM_COORDINATES;TAXON_MATCH_TAXON_ID_IGNORED
3925131379	50c9509d-22c7-4a22-a47d-8c48425ef4a7	https://www.inaturalist.org/observations/59621241	Fungi	Basidiomycota	Agaricomycetes	Boletales	Suillaceae	Suillus	Suillus grevillei		SPECIES	Suillus clintonianus (Peck) Kuntze	Suillus clintonianus		CA		Prince Edward Island	PRESENT		28eb1a3f-1c15-4a95-931a-4af90ecb574d	46.631782	-64.06168							2020-09-14T14:01	14	9	2020	5239866	5239864	HUMAN_OBSERVATION	iNaturalist	Observations	59621241		Jessika Gauvin	2022-09-25T13:52:55	CC_BY_NC_4_0	Denis Gallant	Denis Gallant			2025-01-14T13:10:21.105Z	StillImage	COORDINATE_ROUNDED;CONTINENT_DERIVED_FROM_COORDINATES;TAXON_MATCH_TAXON_ID_IGNORED
3925116679	50c9509d-22c7-4a22-a47d-8c48425ef4a7	https://www.inaturalist.org/observations/135721588	Fungi	Basidiomycota	Agaricomycetes	Boletales	Suillaceae	Suillus	Suillus grevillei		SPECIES	Suillus clintonianus (Peck) Kuntze	Suillus clintonianus		CA		Ontario	PRESENT		28eb1a3f-1c15-4a95-931a-4af90ecb574d	45.304	-75.859							2022-09-17T13:05:02	17	9	2022	5239866	5239864	HUMAN_OBSERVATION	iNaturalist	Observations	135721588		Annie Weissman	2022-09-22T01:18:40	CC_BY_NC_4_0	trailtime55	trailtime55			2025-01-14T13:24:55.728Z	StillImage	CONTINENT_DERIVED_FROM_COORDINATES;TAXON_MATCH_TAXON_ID_IGNORED
3915480681	50c9509d-22c7-4a22-a47d-8c48425ef4a7	https://www.inaturalist.org/observations/132035696	Fungi	Basidiomycota	Agaricomycetes	Boletales	Suillaceae	Suillus	Suillus grevillei		SPECIES	Suillus clintonianus (Peck) Kuntze	Suillus clintonianus		CA		Ontario	PRESENT		28eb1a3f-1c15-4a95-931a-4af90ecb574d	45.177862	-76.47483	6.0						2022-08-22T13:07:13	22	8	2022	5239866	5239864	HUMAN_OBSERVATION	iNaturalist	Observations	132035696		Annie Weissman	2022-09-22T01:23:33	CC_BY_NC_4_0	sylviamiller	sylviamiller			2025-01-14T12:33:26.178Z	StillImage	COORDINATE_ROUNDED;CONTINENT_DERIVED_FROM_COORDINATES;TAXON_MATCH_TAXON_ID_IGNORED
3912475370	50c9509d-22c7-4a22-a47d-8c48425ef4a7	https://www.inaturalist.org/observations/135583230	Fungi	Basidiomycota	Agaricomycetes	Boletales	Suillaceae	Suillus	Suillus grevillei		SPECIES	Suillus grevillei (Klotzsch) Singer	Suillus grevillei		CA		Prince Edward Island	PRESENT		28eb1a3f-1c15-4a95-931a-4af90ecb574d	46.690692	-64.019944	5.0						2022-09-18T16:11:06	18	9	2022	5239864	5239864	HUMAN_OBSERVATION	iNaturalist	Observations	135583230		m_gallant	2022-09-19T19:26:20	CC_BY_NC_4_0	Thelma Phillips	Thelma Phillips			2025-01-14T13:24:53.757Z	StillImage	COORDINATE_ROUNDED;CONTINENT_DERIVED_FROM_COORDINATES;TAXON_MATCH_TAXON_ID_IGNORED
3912468480	50c9509d-22c7-4a22-a47d-8c48425ef4a7	https://www.inaturalist.org/observations/135733410	Fungi	Basidiomycota	Agaricomycetes	Boletales	Suillaceae	Suillus	Suillus grevillei		SPECIES	Suillus clintonianus (Peck) Kuntze	Suillus clintonianus		CA		Prince Edward Island	PRESENT		28eb1a3f-1c15-4a95-931a-4af90ecb574d	47.049236	-64.004456	20.0						2022-09-19T15:17	19	9	2022	5239866	5239864	HUMAN_OBSERVATION	iNaturalist	Observations	135733410		Annie Weissman	2022-09-22T01:18:19	CC_BY_NC_4_0	Rosemary Curley	Rosemary Curley			2025-01-14T13:26:09.300Z	StillImage	COORDINATE_ROUNDED;CONTINENT_DERIVED_FROM_COORDINATES;TAXON_MATCH_TAXON_ID_IGNORED
3902818759	50c9509d-22c7-4a22-a47d-8c48425ef4a7	https://www.inaturalist.org/observations/129061809	Fungi	Basidiomycota	Agaricomycetes	Boletales	Suillaceae	Suillus	Suillus grevillei		SPECIES	Suillus clintonianus (Peck) Kuntze	Suillus clintonianus		CA		New Brunswick	PRESENT		28eb1a3f-1c15-4a95-931a-4af90ecb574d	46.802189	-65.004067	16.0						2019-09-13T11:39	13	9	2019	5239866	5239864	HUMAN_OBSERVATION	iNaturalist	Observations	129061809		Alfredo Justo	2022-08-01T23:40:46	CC_BY_NC_4_0	Alfredo Justo	Alfredo Justo			2025-01-14T12:31:03.217Z	StillImage	COORDINATE_ROUNDED;CONTINENT_DERIVED_FROM_COORDINATES;TAXON_MATCH_TAXON_ID_IGNORED
3499506404	50c9509d-22c7-4a22-a47d-8c48425ef4a7	https://www.inaturalist.org/observations/96739265	Fungi	Basidiomycota	Agaricomycetes	Boletales	Suillaceae	Suillus	Suillus grevillei		SPECIES	Suillus grevillei (Klotzsch) Singer	Suillus grevillei		CA		Ontario	PRESENT		28eb1a3f-1c15-4a95-931a-4af90ecb574d	45.156125	-78.141182	401.0						2021-09-30T15:52:49	30	9	2021	5239864	5239864	HUMAN_OBSERVATION	iNaturalist	Observations	96739265		ilcartographer	2021-10-01T00:03:08	CC_BY_NC_4_0	ilcartographer	ilcartographer			2025-01-14T12:23:37.492Z	StillImage	COORDINATE_ROUNDED;CONTINENT_DERIVED_FROM_COORDINATES;TAXON_MATCH_TAXON_ID_IGNORED
3499437523	50c9509d-22c7-4a22-a47d-8c48425ef4a7	https://www.inaturalist.org/observations/98141037	Fungi	Basidiomycota	Agaricomycetes	Boletales	Suillaceae	Suillus	Suillus grevillei		SPECIES	Suillus grevillei (Klotzsch) Singer	Suillus grevillei		CA		Québec	PRESENT		28eb1a3f-1c15-4a95-931a-4af90ecb574d	46.110149	-74.381721	65.0						2021-10-13T17:26:48	13	10	2021	5239864	5239864	HUMAN_OBSERVATION	iNaturalist	Observations	98141037		aprilblumberg	2021-10-13T21:27:07	CC_BY_NC_4_0	aprilblumberg	aprilblumberg			2025-01-14T13:15:15.245Z	StillImage	COORDINATE_ROUNDED;CONTINENT_DERIVED_FROM_COORDINATES;TAXON_MATCH_TAXON_ID_IGNORED
3499343522	50c9509d-22c7-4a22-a47d-8c48425ef4a7	https://www.inaturalist.org/observations/96357375	Fungi	Basidiomycota	Agaricomycetes	Boletales	Suillaceae	Suillus	Suillus grevillei		SPECIES	Suillus grevillei (Klotzsch) Singer	Suillus grevillei		CA		Québec	PRESENT		28eb1a3f-1c15-4a95-931a-4af90ecb574d	47.663053	-70.774672	24.0						2021-09-20T15:04:37	20	9	2021	5239864	5239864	HUMAN_OBSERVATION	iNaturalist	Observations	96357375		Marilyne Busque-Dubois	2021-09-27T12:51:22	CC_BY_4_0	Marilyne Busque-Dubois	Marilyne Busque-Dubois			2025-01-14T13:10:38.352Z	StillImage	COORDINATE_ROUNDED;CONTINENT_DERIVED_FROM_COORDINATES;TAXON_MATCH_TAXON_ID_IGNORED
3416179535	50c9509d-22c7-4a22-a47d-8c48425ef4a7	https://www.inaturalist.org/observations/101802037	Fungi	Basidiomycota	Agaricomycetes	Boletales	Suillaceae	Suillus	Suillus grevillei		SPECIES	Suillus grevillei (Klotzsch) Singer	Suillus grevillei		CA		New Brunswick	PRESENT		28eb1a3f-1c15-4a95-931a-4af90ecb574d	46.424846	-64.650043	1090.0						2021-09-22T14:16	22	9	2021	5239864	5239864	HUMAN_OBSERVATION	iNaturalist	Observations	101802037		Stuart Tingley	2021-11-24T03:50:00	CC_BY_NC_4_0	Stuart Tingley	Stuart Tingley			2025-01-14T13:15:32.948Z	StillImage	COORDINATE_ROUNDED;CONTINENT_DERIVED_FROM_COORDINATES;TAXON_MATCH_TAXON_ID_IGNORED
3415548349	50c9509d-22c7-4a22-a47d-8c48425ef4a7	https://www.inaturalist.org/observations/101502174	Fungi	Basidiomycota	Agaricomycetes	Boletales	Suillaceae	Suillus	Suillus grevillei		SPECIES	Suillus grevillei (Klotzsch) Singer	Suillus grevillei		CA		New Brunswick	PRESENT		28eb1a3f-1c15-4a95-931a-4af90ecb574d	46.424846	-64.650043	1090.0						2021-09-22T14:02	22	9	2021	5239864	5239864	HUMAN_OBSERVATION	iNaturalist	Observations	101502174		Stuart Tingley	2021-11-20T01:33:15	CC_BY_NC_4_0	Stuart Tingley	Stuart Tingley			2025-01-14T12:24:26.291Z	StillImage	COORDINATE_ROUNDED;CONTINENT_DERIVED_FROM_COORDINATES;TAXON_MATCH_TAXON_ID_IGNORED
3399208879	50c9509d-22c7-4a22-a47d-8c48425ef4a7	https://www.inaturalist.org/observations/96257298	Fungi	Basidiomycota	Agaricomycetes	Boletales	Suillaceae	Suillus	Suillus grevillei		SPECIES	Suillus grevillei (Klotzsch) Singer	Suillus grevillei		CA		Ontario	PRESENT		28eb1a3f-1c15-4a95-931a-4af90ecb574d	45.809406	-77.075417	2679.0						2021-09-26T13:57:47	26	9	2021	5239864	5239864	HUMAN_OBSERVATION	iNaturalist	Observations	96257298		dero001	2021-09-26T18:00:49	CC_BY_NC_4_0	dero001	dero001			2025-01-14T13:15:23.263Z	StillImage	COORDINATE_ROUNDED;CONTINENT_DERIVED_FROM_COORDINATES;TAXON_MATCH_TAXON_ID_IGNORED
3399167300	50c9509d-22c7-4a22-a47d-8c48425ef4a7	https://www.inaturalist.org/observations/98511339	Fungi	Basidiomycota	Agaricomycetes	Boletales	Suillaceae	Suillus	Suillus grevillei		SPECIES	Suillus grevillei (Klotzsch) Singer	Suillus grevillei		CA		Québec	PRESENT		28eb1a3f-1c15-4a95-931a-4af90ecb574d	48.142698	-77.865896	4.0						2021-10-17T10:07	17	10	2021	5239864	5239864	HUMAN_OBSERVATION	iNaturalist	Observations	98511339		cinna_latifolia	2021-10-20T23:26:46	CC_BY_NC_4_0	François Dubois	François Dubois			2025-01-14T12:21:55.722Z	StillImage	COORDINATE_ROUNDED;CONTINENT_DERIVED_FROM_COORDINATES;TAXON_MATCH_TAXON_ID_IGNORED
3391366546	50c9509d-22c7-4a22-a47d-8c48425ef4a7	https://www.inaturalist.org/observations/95725725	Fungi	Basidiomycota	Agaricomycetes	Boletales	Suillaceae	Suillus	Suillus grevillei		SPECIES	Suillus grevillei (Klotzsch) Singer	Suillus grevillei		CA		Nova Scotia	PRESENT		28eb1a3f-1c15-4a95-931a-4af90ecb574d	45.088005	-64.368353	27.0						2021-09-16T17:00:13	16	9	2021	5239864	5239864	HUMAN_OBSERVATION	iNaturalist	Observations	95725725		beccam333	2021-09-22T03:27:49	CC_BY_NC_4_0	beccam333	beccam333			2025-01-14T12:24:43.922Z	StillImage	COORDINATE_ROUNDED;CONTINENT_DERIVED_FROM_COORDINATES;TAXON_MATCH_TAXON_ID_IGNORED
3384908510	50c9509d-22c7-4a22-a47d-8c48425ef4a7	https://www.inaturalist.org/observations/97374649	Fungi	Basidiomycota	Agaricomycetes	Boletales	Suillaceae	Suillus	Suillus grevillei		SPECIES	Suillus grevillei (Klotzsch) Singer	Suillus grevillei		CA		Québec	PRESENT		28eb1a3f-1c15-4a95-931a-4af90ecb574d	45.511307	-73.578532	65.0						2021-10-06T15:18:30	6	10	2021	5239864	5239864	HUMAN_OBSERVATION	iNaturalist	Observations	97374649		simonkim	2021-10-06T19:18:38	CC_BY_NC_4_0	simonkim	simonkim			2025-01-14T12:24:09Z	StillImage	COORDINATE_ROUNDED;CONTINENT_DERIVED_FROM_COORDINATES;TAXON_MATCH_TAXON_ID_IGNORED
3384747727	50c9509d-22c7-4a22-a47d-8c48425ef4a7	https://www.inaturalist.org/observations/94613458	Fungi	Basidiomycota	Agaricomycetes	Boletales	Suillaceae	Suillus	Suillus grevillei		SPECIES	Suillus grevillei (Klotzsch) Singer	Suillus grevillei		CA		Ontario	PRESENT		28eb1a3f-1c15-4a95-931a-4af90ecb574d	45.477501	-77.20417							2021-09-12T14:07	12	9	2021	5239864	5239864	HUMAN_OBSERVATION	iNaturalist	Observations	94613458		Laura	2021-09-12T19:01:44	CC_BY_NC_4_0	Laura	Laura			2025-01-14T12:20:57.985Z	StillImage	COORDINATE_ROUNDED;CONTINENT_DERIVED_FROM_COORDINATES;TAXON_MATCH_TAXON_ID_IGNORED
3384071514	50c9509d-22c7-4a22-a47d-8c48425ef4a7	https://www.inaturalist.org/observations/96410204	Fungi	Basidiomycota	Agaricomycetes	Boletales	Suillaceae	Suillus	Suillus grevillei		SPECIES	Suillus grevillei (Klotzsch) Singer	Suillus grevillei		CA		Québec	PRESENT		28eb1a3f-1c15-4a95-931a-4af90ecb574d	45.47378	-74.126008	4.0						2021-09-24T14:48:56	24	9	2021	5239864	5239864	HUMAN_OBSERVATION	iNaturalist	Observations	96410204		andreaga	2021-09-27T21:35:32	CC_BY_NC_4_0	andreaga	andreaga			2025-01-14T12:21:26.992Z	StillImage	COORDINATE_ROUNDED;CONTINENT_DERIVED_FROM_COORDINATES;TAXON_MATCH_TAXON_ID_IGNORED
3384005949	50c9509d-22c7-4a22-a47d-8c48425ef4a7	https://www.inaturalist.org/observations/94878392	Fungi	Basidiomycota	Agaricomycetes	Boletales	Suillaceae	Suillus	Suillus grevillei		SPECIES	Suillus grevillei (Klotzsch) Singer	Suillus grevillei		CA		Ontario	PRESENT		28eb1a3f-1c15-4a95-931a-4af90ecb574d	45.118389	-75.869522							2021-09-14T18:31:06	14	9	2021	5239864	5239864	HUMAN_OBSERVATION	iNaturalist	Observations	94878392		Alexis Williams	2021-09-14T23:15:21	CC_BY_4_0	Alexis Williams	Alexis Williams			2025-01-14T13:23:54.519Z	StillImage	COORDINATE_ROUNDED;CONTINENT_DERIVED_FROM_COORDINATES;TAXON_MATCH_TAXON_ID_IGNORED
3349426360	d8cd16ba-bb74-4420-821e-083f2bac17c2	MN992645	Fungi	Basidiomycota	Agaricomycetes	Boletales	Suillaceae	Suillus	Suillus grevillei		SPECIES	Suillus clintonianus (Peck) Kuntze	Suillus clintonianus		CA	Quebec, Chibougamau		PRESENT		ada9d123-ddb4-467d-8891-806ea8d94230	49.75	-74.4							2017-09-04	4	9	2017	5239866	5239864	PRESERVED_SPECIMEN			MQ17001-QFB29509		Renee Lebeuf		CC_BY_4_0					2025-01-18T13:06:00.320Z		GEODETIC_DATUM_ASSUMED_WGS84;CONTINENT_DERIVED_FROM_COORDINATES;TAXON_MATCH_TAXON_CONCEPT_ID_IGNORED;TAXON_MATCH_TAXON_ID_IGNORED
3109170488	50c9509d-22c7-4a22-a47d-8c48425ef4a7	https://www.inaturalist.org/observations/70942377	Fungi	Basidiomycota	Agaricomycetes	Boletales	Suillaceae	Suillus	Suillus grevillei		SPECIES	Suillus grevillei (Klotzsch) Singer	Suillus grevillei		CA		Québec	PRESENT		28eb1a3f-1c15-4a95-931a-4af90ecb574d	46.836634	-71.302871	15.0						2015-08-23	23	8	2015	5239864	5239864	HUMAN_OBSERVATION	iNaturalist	Observations	70942377		Christian Grenier	2021-03-10T15:21:49	CC_BY_NC_4_0	Christian Grenier	Christian Grenier			2025-01-14T13:07:39.845Z	StillImage	COORDINATE_ROUNDED;CONTINENT_DERIVED_FROM_COORDINATES;TAXON_MATCH_TAXON_ID_IGNORED
3109035470	50c9509d-22c7-4a22-a47d-8c48425ef4a7	https://www.inaturalist.org/observations/70942448	Fungi	Basidiomycota	Agaricomycetes	Boletales	Suillaceae	Suillus	Suillus grevillei		SPECIES	Suillus grevillei (Klotzsch) Singer	Suillus grevillei		CA		Québec	PRESENT		28eb1a3f-1c15-4a95-931a-4af90ecb574d	46.834953	-71.311614	15.0						2015-08-23	23	8	2015	5239864	5239864	HUMAN_OBSERVATION	iNaturalist	Observations	70942448		Christian Grenier	2021-03-10T15:23:11	CC_BY_NC_4_0	Christian Grenier	Christian Grenier			2025-01-14T13:11:22.619Z	StillImage	COORDINATE_ROUNDED;CONTINENT_DERIVED_FROM_COORDINATES;TAXON_MATCH_TAXON_ID_IGNORED
3061716448	50c9509d-22c7-4a22-a47d-8c48425ef4a7	https://www.inaturalist.org/observations/59693965	Fungi	Basidiomycota	Agaricomycetes	Boletales	Suillaceae	Suillus	Suillus grevillei		SPECIES	Suillus grevillei (Klotzsch) Singer	Suillus grevillei		CA		Québec	PRESENT		28eb1a3f-1c15-4a95-931a-4af90ecb574d	48.37921	-64.597731							2020-09-14T15:51	14	9	2020	5239864	5239864	HUMAN_OBSERVATION	iNaturalist	Observations	59693965		mycowalt	2021-03-18T02:43:33	CC_BY_NC_4_0	Michel Larrivée	Michel Larrivée			2025-01-14T13:12:59.460Z	StillImage	COORDINATE_ROUNDED;CONTINENT_DERIVED_FROM_COORDINATES;TAXON_MATCH_TAXON_ID_IGNORED
3059014676	50c9509d-22c7-4a22-a47d-8c48425ef4a7	https://www.inaturalist.org/observations/61317913	Fungi	Basidiomycota	Agaricomycetes	Boletales	Suillaceae	Suillus	Suillus grevillei		SPECIES	Suillus grevillei (Klotzsch) Singer	Suillus grevillei		CA		New Brunswick	PRESENT		28eb1a3f-1c15-4a95-931a-4af90ecb574d	47.617979	-65.675667	8.0						2020-09-24	24	9	2020	5239864	5239864	HUMAN_OBSERVATION	iNaturalist	Observations	61317913		noemieb95	2020-09-30T17:46:51	CC_BY_NC_4_0	noemieb95	noemieb95			2025-01-14T13:09:43.481Z	StillImage	COORDINATE_ROUNDED;CONTINENT_DERIVED_FROM_COORDINATES;TAXON_MATCH_TAXON_ID_IGNORED
3058961639	50c9509d-22c7-4a22-a47d-8c48425ef4a7	https://www.inaturalist.org/observations/60637637	Fungi	Basidiomycota	Agaricomycetes	Boletales	Suillaceae	Suillus	Suillus grevillei		SPECIES	Suillus grevillei (Klotzsch) Singer	Suillus grevillei		CA		New Brunswick	PRESENT		28eb1a3f-1c15-4a95-931a-4af90ecb574d	47.617498	-65.680695	33.0						2020-09-24T13:23:52	24	9	2020	5239864	5239864	HUMAN_OBSERVATION	iNaturalist	Observations	60637637		Lisa Martin	2020-09-27T01:24:45	CC_BY_NC_4_0	Lisa Martin	Lisa Martin			2025-01-14T12:15:05.272Z	StillImage	COORDINATE_ROUNDED;CONTINENT_DERIVED_FROM_COORDINATES;TAXON_MATCH_TAXON_ID_IGNORED
3031673483	50c9509d-22c7-4a22-a47d-8c48425ef4a7	https://www.inaturalist.org/observations/28593682	Fungi	Basidiomycota	Agaricomycetes	Boletales	Suillaceae	Suillus	Suillus grevillei		SPECIES	Suillus grevillei (Klotzsch) Singer	Suillus grevillei		CA		Prince Edward Island	PRESENT		28eb1a3f-1c15-4a95-931a-4af90ecb574d	46.596354	-64.026951	122.0						2018-10-15T16:21	15	10	2018	5239864	5239864	HUMAN_OBSERVATION	iNaturalist	Observations	28593682		cinna_latifolia	2021-01-26T03:38:02	CC_BY_NC_4_0	Rosemary Curley	Rosemary Curley			2025-01-14T12:08:14.983Z	StillImage	COORDINATE_ROUNDED;CONTINENT_DERIVED_FROM_COORDINATES;TAXON_MATCH_TAXON_ID_IGNORED
3013894602	50c9509d-22c7-4a22-a47d-8c48425ef4a7	https://www.inaturalist.org/observations/66006442	Fungi	Basidiomycota	Agaricomycetes	Boletales	Suillaceae	Suillus	Suillus grevillei		SPECIES	Suillus grevillei (Klotzsch) Singer	Suillus grevillei		CA		Québec	PRESENT		28eb1a3f-1c15-4a95-931a-4af90ecb574d	48.212184	-69.68323	107.0						2013-09-28T11:33	28	9	2013	5239864	5239864	HUMAN_OBSERVATION	iNaturalist	Observations	66006442		Massimo Tabone	2020-12-05T09:47:20	CC_BY_NC_4_0	birderbb	birderbb			2025-01-14T13:06:02.428Z	StillImage	COORDINATE_ROUNDED;CONTINENT_DERIVED_FROM_COORDINATES;TAXON_MATCH_TAXON_ID_IGNORED
3005192500	50c9509d-22c7-4a22-a47d-8c48425ef4a7	https://www.inaturalist.org/observations/59173666	Fungi	Basidiomycota	Agaricomycetes	Boletales	Suillaceae	Suillus	Suillus grevillei		SPECIES	Suillus grevillei (Klotzsch) Singer	Suillus grevillei		CA		Ontario	PRESENT		28eb1a3f-1c15-4a95-931a-4af90ecb574d	45.105579	-75.876877							2020-09-10T18:15:31	10	9	2020	5239864	5239864	HUMAN_OBSERVATION	iNaturalist	Observations	59173666		Alexis Williams	2020-09-10T23:07:34	CC_BY_4_0	Alexis Williams	Alexis Williams			2025-01-14T13:06:03.841Z	StillImage	COORDINATE_ROUNDED;CONTINENT_DERIVED_FROM_COORDINATES;TAXON_MATCH_TAXON_ID_IGNORED
2883077338	50c9509d-22c7-4a22-a47d-8c48425ef4a7	https://www.inaturalist.org/observations/35005694	Fungi	Basidiomycota	Agaricomycetes	Boletales	Suillaceae	Suillus	Suillus grevillei		SPECIES	Suillus grevillei (Klotzsch) Singer	Suillus grevillei		CA		New Brunswick	PRESENT		28eb1a3f-1c15-4a95-931a-4af90ecb574d	46.340725	-64.621784	1227.0						2012-10-13T14:55	13	10	2012	5239864	5239864	HUMAN_OBSERVATION	iNaturalist	Observations	35005694		Raymonde G Chartier	2019-10-28T13:04:12	CC_BY_NC_4_0	Raymonde G Chartier	Raymonde G Chartier			2025-01-14T13:04:26.249Z	StillImage	COORDINATE_ROUNDED;CONTINENT_DERIVED_FROM_COORDINATES;TAXON_MATCH_TAXON_ID_IGNORED
2873972705	50c9509d-22c7-4a22-a47d-8c48425ef4a7	https://www.inaturalist.org/observations/60713686	Fungi	Basidiomycota	Agaricomycetes	Boletales	Suillaceae	Suillus	Suillus grevillei		SPECIES	Suillus grevillei (Klotzsch) Singer	Suillus grevillei		CA		New Brunswick	PRESENT		28eb1a3f-1c15-4a95-931a-4af90ecb574d	47.618169	-65.674794	37.0						2020-09-24T13:31:59	24	9	2020	5239864	5239864	HUMAN_OBSERVATION	iNaturalist	Observations	60713686		lebouthillier_h	2020-09-25T14:33:19	CC_BY_NC_4_0	lebouthillier_h	lebouthillier_h			2025-01-14T12:14:59.247Z	StillImage	COORDINATE_ROUNDED;CONTINENT_DERIVED_FROM_COORDINATES;TAXON_MATCH_TAXON_ID_IGNORED
2873807965	50c9509d-22c7-4a22-a47d-8c48425ef4a7	https://www.inaturalist.org/observations/60880782	Fungi	Basidiomycota	Agaricomycetes	Boletales	Suillaceae	Suillus	Suillus grevillei		SPECIES	Suillus grevillei (Klotzsch) Singer	Suillus grevillei		CA		New Brunswick	PRESENT		28eb1a3f-1c15-4a95-931a-4af90ecb574d	47.617801	-65.677014	9.0						2020-09-26T17:48:08	26	9	2020	5239864	5239864	HUMAN_OBSERVATION	iNaturalist	Observations	60880782		Lisa Martin	2020-09-29T15:17:14	CC_BY_NC_4_0	Berthelot	Berthelot			2025-01-14T12:15:22.516Z	StillImage	COORDINATE_ROUNDED;CONTINENT_DERIVED_FROM_COORDINATES;TAXON_MATCH_TAXON_ID_IGNORED
2868144914	50c9509d-22c7-4a22-a47d-8c48425ef4a7	https://www.inaturalist.org/observations/60639938	Fungi	Basidiomycota	Agaricomycetes	Boletales	Suillaceae	Suillus	Suillus grevillei		SPECIES	Suillus grevillei (Klotzsch) Singer	Suillus grevillei		CA		Québec	PRESENT		28eb1a3f-1c15-4a95-931a-4af90ecb574d	45.782663	-73.640217	65.0						2020-09-24T19:28:11Z	24	9	2020	5239864	5239864	HUMAN_OBSERVATION	iNaturalist	Observations	60639938		myri04	2020-09-24T19:29:40	CC_BY_NC_4_0	myri04	myri04			2025-01-14T13:04:49.757Z	StillImage	COORDINATE_ROUNDED;CONTINENT_DERIVED_FROM_COORDINATES;TAXON_MATCH_TAXON_ID_IGNORED
2864855637	50c9509d-22c7-4a22-a47d-8c48425ef4a7	https://www.inaturalist.org/observations/59654440	Fungi	Basidiomycota	Agaricomycetes	Boletales	Suillaceae	Suillus	Suillus grevillei		SPECIES	Suillus grevillei (Klotzsch) Singer	Suillus grevillei		CA		Ontario	PRESENT		28eb1a3f-1c15-4a95-931a-4af90ecb574d	45.117073	-75.869804							2020-09-14T18:17:19	14	9	2020	5239864	5239864	HUMAN_OBSERVATION	iNaturalist	Observations	59654440		Alexis Williams	2020-09-15T05:18:54	CC_BY_4_0	Alexis Williams	Alexis Williams			2025-01-14T13:10:06.565Z	StillImage	COORDINATE_ROUNDED;CONTINENT_DERIVED_FROM_COORDINATES;TAXON_MATCH_TAXON_ID_IGNORED
2864620858	50c9509d-22c7-4a22-a47d-8c48425ef4a7	https://www.inaturalist.org/observations/59361522	Fungi	Basidiomycota	Agaricomycetes	Boletales	Suillaceae	Suillus	Suillus grevillei		SPECIES	Suillus grevillei (Klotzsch) Singer	Suillus grevillei		CA		New Brunswick	PRESENT		28eb1a3f-1c15-4a95-931a-4af90ecb574d	45.819731	-66.645402							2020-09-12T17:06:40	12	9	2020	5239864	5239864	HUMAN_OBSERVATION	iNaturalist	Observations	59361522		William (Bill) Mountan	2020-09-12T20:07:53	CC_BY_NC_4_0	William (Bill) Mountan	William (Bill) Mountan			2025-01-14T13:04:16.031Z	StillImage	COORDINATE_ROUNDED;CONTINENT_DERIVED_FROM_COORDINATES;TAXON_MATCH_TAXON_ID_IGNORED
2862618445	50c9509d-22c7-4a22-a47d-8c48425ef4a7	https://www.inaturalist.org/observations/59145619	Fungi	Basidiomycota	Agaricomycetes	Boletales	Suillaceae	Suillus	Suillus grevillei		SPECIES	Suillus grevillei (Klotzsch) Singer	Suillus grevillei		CA		New Brunswick	PRESENT		28eb1a3f-1c15-4a95-931a-4af90ecb574d	45.757181	-65.413805	5.0						2020-09-10T12:09:40	10	9	2020	5239864	5239864	HUMAN_OBSERVATION	iNaturalist	Observations	59145619		donnamonahan	2020-09-10T17:55:56	CC_BY_NC_4_0	donnamonahan	donnamonahan			2025-01-14T12:14:50.092Z	StillImage	COORDINATE_ROUNDED;CONTINENT_DERIVED_FROM_COORDINATES;TAXON_MATCH_TAXON_ID_IGNORED
2862563521	50c9509d-22c7-4a22-a47d-8c48425ef4a7	https://www.inaturalist.org/observations/58096692	Fungi	Basidiomycota	Agaricomycetes	Boletales	Suillaceae	Suillus	Suillus grevillei		SPECIES	Suillus grevillei (Klotzsch) Singer	Suillus grevillei		CA		Ontario	PRESENT		28eb1a3f-1c15-4a95-931a-4af90ecb574d	45.319153	-75.739404	15.0						2020-08-30T14:29	30	8	2020	5239864	5239864	HUMAN_OBSERVATION	iNaturalist	Observations	58096692		jonathan_mack	2020-08-30T23:26:02	CC_BY_NC_4_0	jonathan_mack	jonathan_mack			2025-01-14T12:15:29.370Z	StillImage	COORDINATE_ROUNDED;CONTINENT_DERIVED_FROM_COORDINATES;TAXON_MATCH_TAXON_ID_IGNORED
2862445176	50c9509d-22c7-4a22-a47d-8c48425ef4a7	https://www.inaturalist.org/observations/58924359	Fungi	Basidiomycota	Agaricomycetes	Boletales	Suillaceae	Suillus	Suillus grevillei		SPECIES	Suillus grevillei (Klotzsch) Singer	Suillus grevillei		CA		Québec	PRESENT		28eb1a3f-1c15-4a95-931a-4af90ecb574d	45.162405	-72.784123	27222.0						2020-09-07T17:30:51	7	9	2020	5239864	5239864	HUMAN_OBSERVATION	iNaturalist	Observations	58924359		Massimo Tabone	2020-09-08T08:09:44	CC_BY_NC_4_0	wez	wez			2025-01-14T13:05:36.356Z	StillImage	COORDINATE_ROUNDED;CONTINENT_DERIVED_FROM_COORDINATES;TAXON_MATCH_TAXON_ID_IGNORED
2550065122	50c9509d-22c7-4a22-a47d-8c48425ef4a7	https://www.inaturalist.org/observations/34300284	Fungi	Basidiomycota	Agaricomycetes	Boletales	Suillaceae	Suillus	Suillus grevillei		SPECIES	Suillus grevillei (Klotzsch) Singer	Suillus grevillei		CA		New Brunswick	PRESENT		28eb1a3f-1c15-4a95-931a-4af90ecb574d	46.216669	-64.507133	182.0						2018-10-15T15:26	15	10	2018	5239864	5239864	HUMAN_OBSERVATION	iNaturalist	Observations	34300284		Raymonde G Chartier	2019-10-13T13:29:17	CC_BY_NC_4_0	Raymonde G Chartier	Raymonde G Chartier			2025-01-14T12:09:36.015Z	StillImage	COORDINATE_ROUNDED;CONTINENT_DERIVED_FROM_COORDINATES;TAXON_MATCH_TAXON_ID_IGNORED
1990303044	032f1fbe-d21f-407d-be46-5cd1bb1ea397	8b1a1081-9b49-4e2d-90ba-81d079c121dc	Fungi	Basidiomycota	Agaricomycetes	Boletales	Suillaceae	Suillus	Suillus grevillei		SPECIES	Suillus grevillei (Klotzsch) Singer	Suillus grevillei	(Klotzsch) Singer	CA	Ottawa, Highfield Crescent	Ontario	PRESENT		61c539d8-47e0-4b82-875f-b95aad66dcd4	45.351389	-75.798611							1966-10-03	3	10	1966	5239864	5239864	PRESERVED_SPECIMEN	TENN-F		TENN-F-029799	RHP29799			CC0_1_0		J.W. Groves			2025-01-12T10:33:43.664Z		COORDINATE_ROUNDED;GEODETIC_DATUM_ASSUMED_WGS84;CONTINENT_DERIVED_FROM_COORDINATES;TAXON_MATCH_TAXON_ID_IGNORED;INSTITUTION_MATCH_NONE
1990302983	032f1fbe-d21f-407d-be46-5cd1bb1ea397	fcb3fec9-a8a2-459b-b378-c0c2af30a2ab	Fungi	Basidiomycota	Agaricomycetes	Boletales	Suillaceae	Suillus	Suillus grevillei		SPECIES	Suillus grevillei (Klotzsch) Singer	Suillus grevillei	(Klotzsch) Singer	CA	Tourville	Quebec	PRESENT		61c539d8-47e0-4b82-875f-b95aad66dcd4	47.097222	-69.986111							1966-08-24	24	8	1966	5239864	5239864	PRESERVED_SPECIMEN	TENN-F		TENN-F-029770	RHP29770			CC0_1_0		J.W. Groves			2025-01-12T10:33:43.625Z		COORDINATE_ROUNDED;GEODETIC_DATUM_ASSUMED_WGS84;CONTINENT_DERIVED_FROM_COORDINATES;TAXON_MATCH_TAXON_ID_IGNORED;INSTITUTION_MATCH_NONE
1914219296	50c9509d-22c7-4a22-a47d-8c48425ef4a7	https://www.inaturalist.org/observations/16836016	Fungi	Basidiomycota	Agaricomycetes	Boletales	Suillaceae	Suillus	Suillus grevillei		SPECIES	Suillus grevillei (Klotzsch) Singer	Suillus grevillei		CA		Québec	PRESENT		28eb1a3f-1c15-4a95-931a-4af90ecb574d	45.475617	-71.773828	8.0						2018-09-23T14:07:35	23	9	2018	5239864	5239864	HUMAN_OBSERVATION	iNaturalist	Observations	16836016		bfilion	2018-09-23T18:10:33	CC_BY_NC_4_0	bfilion	bfilion			2025-01-14T12:05:52.839Z	StillImage	COORDINATE_ROUNDED;CONTINENT_DERIVED_FROM_COORDINATES;TAXON_MATCH_TAXON_ID_IGNORED
1847644941	50c9509d-22c7-4a22-a47d-8c48425ef4a7	https://www.inaturalist.org/observations/9572178	Fungi	Basidiomycota	Agaricomycetes	Boletales	Suillaceae	Suillus	Suillus grevillei		SPECIES	Suillus grevillei (Klotzsch) Singer	Suillus grevillei		CA		Ontario	PRESENT		28eb1a3f-1c15-4a95-931a-4af90ecb574d	45.64865	-77.5247	9718.0						2012-09-26	26	9	2012	5239864	5239864	HUMAN_OBSERVATION	iNaturalist	Observations	9572178		mycowalt	2018-01-23T08:03:56	CC_BY_NC_4_0	mycowalt	mycowalt			2025-01-14T12:04:22.816Z	StillImage	CONTINENT_DERIVED_FROM_COORDINATES;TAXON_MATCH_TAXON_ID_IGNORED
1847644936	50c9509d-22c7-4a22-a47d-8c48425ef4a7	https://www.inaturalist.org/observations/9572040	Fungi	Basidiomycota	Agaricomycetes	Boletales	Suillaceae	Suillus	Suillus grevillei		SPECIES	Suillus grevillei (Klotzsch) Singer	Suillus grevillei		CA		Ontario	PRESENT		28eb1a3f-1c15-4a95-931a-4af90ecb574d	45.38425	-78.9228	1300.0						2012-09-23	23	9	2012	5239864	5239864	HUMAN_OBSERVATION	iNaturalist	Observations	9572040		mycowalt	2018-01-23T07:48:43	CC_BY_NC_4_0	mycowalt	mycowalt			2025-01-14T12:57:45.244Z	StillImage	CONTINENT_DERIVED_FROM_COORDINATES;TAXON_MATCH_TAXON_ID_IGNORED
1807261600	e8a25a42-f125-476c-8554-3ec21cd51a84	ACAD:118298	Fungi	Basidiomycota	Agaricomycetes	Boletales	Suillaceae	Suillus	Suillus grevillei		SPECIES	Suillus grevillei (Klotzsch) Singer	Suillus grevillei (Klotzsch) Singer	(Klotzsch) Singer	CA	Scotts Bay	Nova Scotia	PRESENT		6491ad8c-8e49-4bd4-a089-0ddb3bbe0890	45.3	-64.424167							1975-09-10	10	9	1975	5239864	5239864	PRESERVED_SPECIMEN	Acadia University	ACAD	11446F	11446			CC0_1_0	Acadia University	Houk, LH			2024-01-25T01:37:17.546Z	StillImage	COORDINATE_ROUNDED;GEODETIC_DATUM_INVALID;GEODETIC_DATUM_ASSUMED_WGS84;INSTITUTION_MATCH_FUZZY;COLLECTION_MATCH_FUZZY
1807255826	e8a25a42-f125-476c-8554-3ec21cd51a84	ACAD:112183	Fungi	Basidiomycota	Agaricomycetes	Boletales	Suillaceae	Suillus	Suillus grevillei		SPECIES	Suillus grevillei (Klotzsch) Singer	Suillus grevillei (Klotzsch) Singer	(Klotzsch) Singer	CA	Black Rock	Nova Scotia	PRESENT		6491ad8c-8e49-4bd4-a089-0ddb3bbe0890	45.16669	-64.76103							1952-09-28	28	9	1952	5239864	5239864	PRESERVED_SPECIMEN	Acadia University	ACAD	1892F	1892			CC0_1_0	Acadia University	H, KA			2024-01-25T01:37:05.895Z	StillImage	GEODETIC_DATUM_INVALID;GEODETIC_DATUM_ASSUMED_WGS84;INSTITUTION_MATCH_FUZZY;COLLECTION_MATCH_FUZZY
1807255547	e8a25a42-f125-476c-8554-3ec21cd51a84	ACAD:112108	Fungi	Basidiomycota	Agaricomycetes	Boletales	Suillaceae	Suillus	Suillus grevillei		SPECIES	Suillus grevillei (Klotzsch) Singer	Suillus grevillei (Klotzsch) Singer	(Klotzsch) Singer	CA	(Kentville)	Nova Scotia	PRESENT		6491ad8c-8e49-4bd4-a089-0ddb3bbe0890	45.07662	-64.49592							1952-09-26	26	9	1952	5239864	5239864	PRESERVED_SPECIMEN	Acadia University	ACAD	1797F	1797			CC0_1_0	Acadia University	H, KA			2024-01-25T01:37:06.144Z	StillImage	GEODETIC_DATUM_INVALID;GEODETIC_DATUM_ASSUMED_WGS84;INSTITUTION_MATCH_FUZZY;COLLECTION_MATCH_FUZZY
1807255395	e8a25a42-f125-476c-8554-3ec21cd51a84	ACAD:112202	Fungi	Basidiomycota	Agaricomycetes	Boletales	Suillaceae	Suillus	Suillus grevillei		SPECIES	Boletus elegans Schumach.	Boletus elegans		CA	(Kentville)	Nova Scotia	PRESENT		6491ad8c-8e49-4bd4-a089-0ddb3bbe0890	45.07662	-64.49592							1952-10-08	8	10	1952	8294992	5239864	PRESERVED_SPECIMEN	Acadia University	ACAD	1913F	1913			CC0_1_0	Acadia University	H, KA			2024-01-25T01:37:05.912Z	StillImage	GEODETIC_DATUM_INVALID;GEODETIC_DATUM_ASSUMED_WGS84;TAXON_MATCH_TAXON_ID_IGNORED;INSTITUTION_MATCH_FUZZY;COLLECTION_MATCH_FUZZY
1412709568	21705170-d2b6-42de-8904-c3bca4b83591	CMMF018016	Fungi	Basidiomycota	Agaricomycetes	Boletales	Suillaceae	Suillus	Suillus grevillei		SPECIES	Boletus elegans Schumach.	Boletus elegans Schumach.	Schumach.	CA	Chemin du lac Geai, Station de biologie des Laurentides, Saint-Hippolyte, Québec.	Québec	PRESENT		ff7bd5db-b724-4932-b496-10ea298851f9	45.992206	-73.998484	1000.0						1977-08-06	6	8	1977	8294992	5239864	PRESERVED_SPECIMEN	Université de Montréal Biodiversity Centre	CMMF	CMMF018016	29	unknown		CC0_1_0	Université de Montréal Biodiversity Centre	unknown			2024-01-24T16:38:18.014Z		INSTITUTION_MATCH_FUZZY;COLLECTION_MATCH_FUZZY;DIFFERENT_OWNER_INSTITUTION
1412706629	21705170-d2b6-42de-8904-c3bca4b83591	CMMF015059	Fungi	Basidiomycota	Agaricomycetes	Boletales	Suillaceae	Suillus	Suillus grevillei		SPECIES	Suillus grevillei (Klotzsch) Singer	Suillus grevillei (Klotzsch) Singer	(Klotzsch) Singer	CA	Saint-Gédéon, Québec.	Québec	PRESENT		ff7bd5db-b724-4932-b496-10ea298851f9	48.494484	-71.775457	15000.0						1982-09-19	19	9	1982	5239864	5239864	PRESERVED_SPECIMEN	Université de Montréal Biodiversity Centre	CMMF	CMMF015059	1018	Guérin, Gérard		CC0_1_0	Université de Montréal Biodiversity Centre	Guérin, Gérard			2024-01-24T16:38:16.673Z	StillImage	INSTITUTION_MATCH_FUZZY;COLLECTION_MATCH_FUZZY;DIFFERENT_OWNER_INSTITUTION
1412706513	21705170-d2b6-42de-8904-c3bca4b83591	CMMF015061	Fungi	Basidiomycota	Agaricomycetes	Boletales	Suillaceae	Suillus	Suillus grevillei		SPECIES	Suillus grevillei (Klotzsch) Singer	Suillus grevillei (Klotzsch) Singer	(Klotzsch) Singer	CA	Chicoutimi, Québec.	Québec	PRESENT		ff7bd5db-b724-4932-b496-10ea298851f9	48.368277	-71.119642	15000.0						1983-09-27	27	9	1983	5239864	5239864	PRESERVED_SPECIMEN	Université de Montréal Biodiversity Centre	CMMF	CMMF015061	1019	Guérin, Gérard		CC0_1_0	Université de Montréal Biodiversity Centre	Guérin, Gérard			2024-01-24T16:38:16.672Z	StillImage	INSTITUTION_MATCH_FUZZY;COLLECTION_MATCH_FUZZY;DIFFERENT_OWNER_INSTITUTION
1412706501	21705170-d2b6-42de-8904-c3bca4b83591	CMMF015060	Fungi	Basidiomycota	Agaricomycetes	Boletales	Suillaceae	Suillus	Suillus grevillei		SPECIES	Suillus grevillei (Klotzsch) Singer	Suillus grevillei (Klotzsch) Singer	(Klotzsch) Singer	CA	Saint-Gédéon, Québec.	Québec	PRESENT		ff7bd5db-b724-4932-b496-10ea298851f9	48.494484	-71.775457	15000.0						1982-09-19	19	9	1982	5239864	5239864	PRESERVED_SPECIMEN	Université de Montréal Biodiversity Centre	CMMF	CMMF015060	NA	Guérin, Gérard		CC0_1_0	Université de Montréal Biodiversity Centre	Guérin, Gérard			2024-01-24T16:38:16.672Z		INSTITUTION_MATCH_FUZZY;COLLECTION_MATCH_FUZZY;DIFFERENT_OWNER_INSTITUTION
1135071375	21705170-d2b6-42de-8904-c3bca4b83591	CMMF009853	Fungi	Basidiomycota	Agaricomycetes	Boletales	Suillaceae	Suillus	Suillus grevillei		SPECIES	Suillus grevillei (Klotzsch) Singer	Suillus grevillei (Klotzsch) Singer	(Klotzsch) Singer	CA	Parc des Moulins, Québec.	Québec	PRESENT		ff7bd5db-b724-4932-b496-10ea298851f9	46.887678	-71.301288	600.0						2007-08-26	26	8	2007	5239864	5239864	PRESERVED_SPECIMEN	Université de Montréal Biodiversity Centre	CMMF	CMMF009853	1437	Labrecque, Jacqueline		CC0_1_0	Université de Montréal Biodiversity Centre	Labrecque, Jacqueline			2024-01-24T16:38:21.300Z		INSTITUTION_MATCH_FUZZY;COLLECTION_MATCH_FUZZY;DIFFERENT_OWNER_INSTITUTION
1135071264	21705170-d2b6-42de-8904-c3bca4b83591	CMMF009875	Fungi	Basidiomycota	Agaricomycetes	Boletales	Suillaceae	Suillus	Suillus grevillei		SPECIES	Suillus grevillei (Klotzsch) Singer	Suillus grevillei (Klotzsch) Singer	(Klotzsch) Singer	CA	210 de l'Éperon, pelouse avant, Lac-Beauport.	Québec	PRESENT		ff7bd5db-b724-4932-b496-10ea298851f9	46.964353	-71.306427	100.0						2007-08-29	29	8	2007	5239864	5239864	PRESERVED_SPECIMEN	Université de Montréal Biodiversity Centre	CMMF	CMMF009875	1459	Labrecque, Jacqueline		CC0_1_0	Université de Montréal Biodiversity Centre	Labrecque, Jacqueline			2024-01-24T16:38:21.315Z	StillImage	INSTITUTION_MATCH_FUZZY;COLLECTION_MATCH_FUZZY;DIFFERENT_OWNER_INSTITUTION
1135070825	21705170-d2b6-42de-8904-c3bca4b83591	CMMF009346	Fungi	Basidiomycota	Agaricomycetes	Boletales	Suillaceae	Suillus	Suillus grevillei		SPECIES	Suillus grevillei (Klotzsch) Singer	Suillus grevillei (Klotzsch) Singer	(Klotzsch) Singer	CA	Parc des Moulins, Québec.	Québec	PRESENT		ff7bd5db-b724-4932-b496-10ea298851f9	46.887678	-71.301288	600.0						2006-10-07	7	10	2006	5239864	5239864	PRESERVED_SPECIMEN	Université de Montréal Biodiversity Centre	CMMF	CMMF009346	930	Labrecque, Jacqueline		CC0_1_0	Université de Montréal Biodiversity Centre	Labrecque, Jacqueline			2024-01-24T16:38:21.597Z		INSTITUTION_MATCH_FUZZY;COLLECTION_MATCH_FUZZY;DIFFERENT_OWNER_INSTITUTION
1135070440	21705170-d2b6-42de-8904-c3bca4b83591	CMMF009043	Fungi	Basidiomycota	Agaricomycetes	Boletales	Suillaceae	Suillus	Suillus grevillei		SPECIES	Suillus grevillei (Klotzsch) Singer	Suillus grevillei (Klotzsch) Singer	(Klotzsch) Singer	CA	210 de l'Éperon, Lac-Beauport.	Québec	PRESENT		ff7bd5db-b724-4932-b496-10ea298851f9	46.964353	-71.306427	200.0						2006-08-28	28	8	2006	5239864	5239864	PRESERVED_SPECIMEN	Université de Montréal Biodiversity Centre	CMMF	CMMF009043	626	Labrecque, Jacqueline		CC0_1_0	Université de Montréal Biodiversity Centre	Labrecque, Jacqueline			2024-01-24T16:38:20.175Z		INSTITUTION_MATCH_FUZZY;COLLECTION_MATCH_FUZZY;DIFFERENT_OWNER_INSTITUTION
1135069699	21705170-d2b6-42de-8904-c3bca4b83591	CMMF008170	Fungi	Basidiomycota	Agaricomycetes	Boletales	Suillaceae	Suillus	Suillus grevillei		SPECIES	Suillus grevillei (Klotzsch) Singer	Suillus grevillei (Klotzsch) Singer	(Klotzsch) Singer	CA	Rimouski	Québec	PRESENT		ff7bd5db-b724-4932-b496-10ea298851f9	48.4206	-68.589483	100.0						2004-09-04	4	9	2004	5239864	5239864	PRESERVED_SPECIMEN	Université de Montréal Biodiversity Centre	CMMF	CMMF008170	C1952	McNeil, Raymond		CC0_1_0	Université de Montréal Biodiversity Centre	McNeil, Raymond			2024-01-24T16:38:18.253Z	StillImage	COORDINATE_ROUNDED;INSTITUTION_MATCH_FUZZY;COLLECTION_MATCH_FUZZY;DIFFERENT_OWNER_INSTITUTION
1135069498	21705170-d2b6-42de-8904-c3bca4b83591	CMMF007997	Fungi	Basidiomycota	Agaricomycetes	Boletales	Suillaceae	Suillus	Suillus grevillei		SPECIES	Suillus grevillei (Klotzsch) Singer	Suillus grevillei (Klotzsch) Singer	(Klotzsch) Singer	CA	Montmagny	Québec	PRESENT		ff7bd5db-b724-4932-b496-10ea298851f9	46.876667	-70.432917	100.0						2004-10-04	4	10	2004	5239864	5239864	PRESERVED_SPECIMEN	Université de Montréal Biodiversity Centre	CMMF	CMMF007997	C2088	McNeil, Raymond		CC0_1_0	Université de Montréal Biodiversity Centre	McNeil, Raymond			2024-01-24T16:38:15.662Z	StillImage	COORDINATE_ROUNDED;INSTITUTION_MATCH_FUZZY;COLLECTION_MATCH_FUZZY;DIFFERENT_OWNER_INSTITUTION
1135068747	21705170-d2b6-42de-8904-c3bca4b83591	CMMF007304	Fungi	Basidiomycota	Agaricomycetes	Boletales	Suillaceae	Suillus	Suillus grevillei		SPECIES	Suillus grevillei (Klotzsch) Singer	Suillus grevillei (Klotzsch) Singer	(Klotzsch) Singer	CA	St-Michel-de-Wentworth	Québec	PRESENT		ff7bd5db-b724-4932-b496-10ea298851f9	45.75925	-74.483883	100.0						1979-09-22	22	9	1979	5239864	5239864	PRESERVED_SPECIMEN	Université de Montréal Biodiversity Centre	CMMF	CMMF007304	Inexistant	McNeil, Raymond		CC0_1_0	Université de Montréal Biodiversity Centre	McNeil, Raymond			2024-01-24T16:38:21.417Z	StillImage	COORDINATE_ROUNDED;INSTITUTION_MATCH_FUZZY;COLLECTION_MATCH_FUZZY;DIFFERENT_OWNER_INSTITUTION
1135068739	21705170-d2b6-42de-8904-c3bca4b83591	CMMF007281	Fungi	Basidiomycota	Agaricomycetes	Boletales	Suillaceae	Suillus	Suillus grevillei		SPECIES	Suillus grevillei (Klotzsch) Singer	Suillus grevillei (Klotzsch) Singer	(Klotzsch) Singer	CA	St-André-Avellin	Québec	PRESENT		ff7bd5db-b724-4932-b496-10ea298851f9	45.728583	-73.0653	100.0						2009-09-05	5	9	2009	5239864	5239864	PRESERVED_SPECIMEN	Université de Montréal Biodiversity Centre	CMMF	CMMF007281	C3565	McNeil, Raymond		CC0_1_0	Université de Montréal Biodiversity Centre	McNeil, Raymond			2024-01-24T16:38:21.255Z	StillImage	COORDINATE_ROUNDED;INSTITUTION_MATCH_FUZZY;COLLECTION_MATCH_FUZZY;DIFFERENT_OWNER_INSTITUTION
1135067143	21705170-d2b6-42de-8904-c3bca4b83591	CMMF010549	Fungi	Basidiomycota	Agaricomycetes	Boletales	Suillaceae	Suillus	Suillus grevillei		SPECIES	Suillus grevillei (Klotzsch) Singer	Suillus grevillei (Klotzsch) Singer	(Klotzsch) Singer	CA	210 de l'Éperon, gazon en avant, Lac-Beauport.	Québec	PRESENT		ff7bd5db-b724-4932-b496-10ea298851f9	46.964353	-71.306427	100.0						2008-10-09	9	10	2008	5239864	5239864	PRESERVED_SPECIMEN	Université de Montréal Biodiversity Centre	CMMF	CMMF010549	2135	Labrecque, Jacqueline		CC0_1_0	Université de Montréal Biodiversity Centre	Labrecque, Jacqueline			2024-01-24T16:38:21.701Z		INSTITUTION_MATCH_FUZZY;COLLECTION_MATCH_FUZZY;DIFFERENT_OWNER_INSTITUTION
1135066660	21705170-d2b6-42de-8904-c3bca4b83591	CMMF010107	Fungi	Basidiomycota	Agaricomycetes	Boletales	Suillaceae	Suillus	Suillus grevillei		SPECIES	Suillus grevillei (Klotzsch) Singer	Suillus grevillei (Klotzsch) Singer	(Klotzsch) Singer	CA	Parc des Moulins, Québec.	Québec	PRESENT		ff7bd5db-b724-4932-b496-10ea298851f9	46.887678	-71.301288	600.0						2007-09-28	28	9	2007	5239864	5239864	PRESERVED_SPECIMEN	Université de Montréal Biodiversity Centre	CMMF	CMMF010107	1693	Labrecque, Jacqueline		CC0_1_0	Université de Montréal Biodiversity Centre	Labrecque, Jacqueline			2024-01-24T16:38:20.238Z		INSTITUTION_MATCH_FUZZY;COLLECTION_MATCH_FUZZY;DIFFERENT_OWNER_INSTITUTION
