gbifID	datasetKey	occurrenceID	kingdom	phylum	class	order	family	genus	species	infraspecificEpithet	taxonRank	scientificName	verbatimScientificName	verbatimScientificNameAuthorship	countryCode	locality	stateProvince	occurrenceStatus	individualCount	publishingOrgKey	decimalLatitude	decimalLongitude	coordinateUncertaintyInMeters	coordinatePrecision	elevation	elevationAccuracy	depth	depthAccuracy	eventDate	day	month	year	taxonKey	speciesKey	basisOfRecord	institutionCode	collectionCode	catalogNumber	recordNumber	identifiedBy	dateIdentified	license	rightsHolder	recordedBy	typeStatus	establishmentMeans	lastInterpreted	mediaType	issue
727874361	d7cfd2ed-8af4-427f-a16e-eb66b7e2c419	13166	Fungi	Basidiomycota	Agaricomycetes	Boletales	Gyroporaceae	Gyroporus	Gyroporus cyanescens		SPECIES	Boletus cyanescens Bull. ex Fr.	Boletus cyanescens Bull. Ex Fr.	Bull. Ex Fr.	CA	Algonquin Provincial Park, Whitegull Lake Portage	Ontario	PRESENT		ff418020-1d67-11d9-8435-b8a03c50a862	45.647228	-78.453669	433.0						1954-08-18	18	8	1954	8321224	2524265	PRESERVED_SPECIMEN	Royal Ontario Museum	TRTC	TRTC030379		Cain, R.F.		CC0_1_0	Royal Ontario Museum	Cain, R.F.			2024-01-25T00:59:40.734Z		COORDINATE_ROUNDED;AMBIGUOUS_INSTITUTION
694158795	d7cfd2ed-8af4-427f-a16e-eb66b7e2c419	28306	Fungi	Basidiomycota	Agaricomycetes	Boletales	Gyroporaceae	Gyroporus	Gyroporus cyanescens		SPECIES	Gyroporus cyanescens (Bull.) Quél.	Gyroporus cyanescens (Bull.) Quél.	(Bull.) Quél.	CA	Oxbow Lake	Ontario	PRESENT		ff418020-1d67-11d9-8435-b8a03c50a862	45.436105	-78.96698	1427.0						1941-08-13	13	8	1941	2524265	2524265	PRESERVED_SPECIMEN	Royal Ontario Museum	TRTC	TRTC017536		Snell, W.H.		CC0_1_0	Royal Ontario Museum	Cain, R.F.;			2024-01-25T00:59:39.275Z		COORDINATE_ROUNDED;AMBIGUOUS_INSTITUTION
694158782	d7cfd2ed-8af4-427f-a16e-eb66b7e2c419	28231	Fungi	Basidiomycota	Agaricomycetes	Boletales	Gyroporaceae	Gyroporus	Gyroporus cyanescens		SPECIES	Gyroporus cyanescens (Bull.) Quél.	Gyroporus cyanescens (Bull.) Quél.	(Bull.) Quél.	CA	Oxbow Lake	Ontario	PRESENT		ff418020-1d67-11d9-8435-b8a03c50a862	45.436105	-78.96698	1427.0						1941-08-21	21	8	1941	2524265	2524265	PRESERVED_SPECIMEN	Royal Ontario Museum	TRTC	TRTC017544		Snell, W.H.		CC0_1_0	Royal Ontario Museum	Cain, R.F.;			2024-01-25T00:59:39.019Z		COORDINATE_ROUNDED;AMBIGUOUS_INSTITUTION
694157151	d7cfd2ed-8af4-427f-a16e-eb66b7e2c419	14592	Fungi	Basidiomycota	Agaricomycetes	Boletales	Gyroporaceae	Gyroporus	Gyroporus cyanescens		SPECIES	Gyroporus cyanescens (Bull.) Quél.	Gyroporus cyanescens (Bull. Ex. Fr.) Quel.	(Bull. Ex. Fr.) Quel.	CA	Clear Lake	Ontario	PRESENT		ff418020-1d67-11d9-8435-b8a03c50a862	45.181674	-78.71438	911.0						1961-09-13	13	9	1961	2524265	2524265	PRESERVED_SPECIMEN	Royal Ontario Museum	TRTC	TRTC037788		Lemke, P.A.		CC0_1_0	Royal Ontario Museum	Cain, R.F.			2024-01-25T00:59:40.870Z		COORDINATE_ROUNDED;AMBIGUOUS_INSTITUTION
694157050	d7cfd2ed-8af4-427f-a16e-eb66b7e2c419	14220	Fungi	Basidiomycota	Agaricomycetes	Boletales	Gyroporaceae	Gyroporus	Gyroporus cyanescens		SPECIES	Gyroporus cyanescens (Bull.) Quél.	Gyroporus cyanescens (Bull. Ex. Fr.) Quel.	(Bull. Ex. Fr.) Quel.	CA	University of Toronto Forest	Ontario	PRESENT		ff418020-1d67-11d9-8435-b8a03c50a862	45.183005	-78.85025	7575.0						1967-09-14	14	9	1967	2524265	2524265	PRESERVED_SPECIMEN	Royal Ontario Museum	TRTC	TRTC050220		Cain, R.F.		CC0_1_0	Royal Ontario Museum	Cain, R.F.			2024-01-25T00:59:40.370Z		COORDINATE_ROUNDED;AMBIGUOUS_INSTITUTION
694157049	d7cfd2ed-8af4-427f-a16e-eb66b7e2c419	14219	Fungi	Basidiomycota	Agaricomycetes	Boletales	Gyroporaceae	Gyroporus	Gyroporus cyanescens		SPECIES	Gyroporus cyanescens (Bull.) Quél.	Gyroporus cyanescens (Bull. Ex. Fr.) Quel.	(Bull. Ex. Fr.) Quel.	CA	University of Toronto Forest	Ontario	PRESENT		ff418020-1d67-11d9-8435-b8a03c50a862	45.183005	-78.85025	7575.0						1967-09-15	15	9	1967	2524265	2524265	PRESERVED_SPECIMEN	Royal Ontario Museum	TRTC	TRTC050135		Cain, R.F.		CC0_1_0	Royal Ontario Museum	Cain, R.F.			2024-01-25T00:59:40.367Z		COORDINATE_ROUNDED;AMBIGUOUS_INSTITUTION
694156968	d7cfd2ed-8af4-427f-a16e-eb66b7e2c419	13903	Fungi	Basidiomycota	Agaricomycetes	Boletales	Gyroporaceae	Gyroporus	Gyroporus cyanescens		SPECIES	Gyroporus cyanescens (Bull.) Quél.	Gyroporus cyanescens (Bull.) Quél.	(Bull.) Quél.	CA	Algonquin Provincial Park	Ontario	PRESENT		ff418020-1d67-11d9-8435-b8a03c50a862	45.759859	-78.376465	67511.0						2007-10-05	5	10	2007	2524265	2524265	PRESERVED_SPECIMEN	Royal Ontario Museum	TRTC	TRTC157025	ALG07_201			CC0_1_0	Royal Ontario Museum	Maryna Didukh; Dentiger Bryn			2024-01-25T00:59:38.809Z	StillImage	COORDINATE_ROUNDED;AMBIGUOUS_INSTITUTION
694156852	d7cfd2ed-8af4-427f-a16e-eb66b7e2c419	13303	Fungi	Basidiomycota	Agaricomycetes	Boletales	Gyroporaceae	Gyroporus	Gyroporus cyanescens		SPECIES	Gyroporus cyanescens (Bull.) Quél.	Gyroporus cyanescens (Bull.) Quél.	(Bull.) Quél.	CA	Algonquin Provincial Park, Pinetree Lake Portage	Ontario	PRESENT		ff418020-1d67-11d9-8435-b8a03c50a862	45.555711	-78.335009	1521.0						1958-09-09	9	9	1958	2524265	2524265	PRESERVED_SPECIMEN	Royal Ontario Museum	TRTC	TRTC034012		Cain, R.F.		CC0_1_0	Royal Ontario Museum	Cain, R.F.			2024-01-25T00:59:41.011Z		COORDINATE_ROUNDED;AMBIGUOUS_INSTITUTION
694156834	d7cfd2ed-8af4-427f-a16e-eb66b7e2c419	13156	Fungi	Basidiomycota	Agaricomycetes	Boletales	Gyroporaceae	Gyroporus	Gyroporus cyanescens		SPECIES	Gyroporus cyanescens (Bull.) Quél.	Gyroporus cyanescens (Bull.) Quél.	(Bull.) Quél.	CA	Algonquin Provincial Park, Zenobia Creek	Ontario	PRESENT		ff418020-1d67-11d9-8435-b8a03c50a862	45.625796	-78.411848	190.0						1954-09-19	19	9	1954	2524265	2524265	PRESERVED_SPECIMEN	Royal Ontario Museum	TRTC	TRTC030500		Cain, R.F.		CC0_1_0	Royal Ontario Museum	Cain, R.F.			2024-01-25T00:59:40.746Z		COORDINATE_ROUNDED;AMBIGUOUS_INSTITUTION
694156691	d7cfd2ed-8af4-427f-a16e-eb66b7e2c419	11356	Fungi	Basidiomycota	Agaricomycetes	Boletales	Gyroporaceae	Gyroporus	Gyroporus cyanescens		SPECIES	Gyroporus cyanescens (Bull.) Quél.	Gyroporus cyanescens (Bull.) Quél.	(Bull.) Quél.	CA	Algonquin Provincial Park, Pinetree Lake	Ontario	PRESENT		ff418020-1d67-11d9-8435-b8a03c50a862	45.552345	-78.315954	1323.0						1939-09-11	11	9	1939	2524265	2524265	PRESERVED_SPECIMEN	Royal Ontario Museum	TRTC	TRTC015703		Snell, W.H.		CC0_1_0	Royal Ontario Museum	Cain, R.F.			2024-01-25T00:59:38.887Z		COORDINATE_ROUNDED;AMBIGUOUS_INSTITUTION
617552016	21705170-d2b6-42de-8904-c3bca4b83591	CMMF002960	Fungi	Basidiomycota	Agaricomycetes	Boletales	Gyroporaceae	Gyroporus	Gyroporus cyanescens		SPECIES	Gyroporus cyanescens (Bull.) Quél.	Gyroporus cyanescens (Bull.) Quél.	(Bull.) Quél.	CA	Mont-Saint-Hilaire	Québec	PRESENT		ff7bd5db-b724-4932-b496-10ea298851f9	45.569155	-73.169757	7000.0						1996-09-18	18	9	1996	2524265	2524265	PRESERVED_SPECIMEN	Université de Montréal Biodiversity Centre	CMMF	CMMF002960		Lamoureux, Yves		CC0_1_0	Université de Montréal Biodiversity Centre	Lamoureux, Yves			2024-01-24T16:38:20.768Z	StillImage	INSTITUTION_MATCH_FUZZY;COLLECTION_MATCH_FUZZY;DIFFERENT_OWNER_INSTITUTION
617550317	21705170-d2b6-42de-8904-c3bca4b83591	CMMF002220	Fungi	Basidiomycota	Agaricomycetes	Boletales	Gyroporaceae	Gyroporus	Gyroporus cyanescens		SPECIES	Gyroporus cyanescens (Bull.) Quél.	Gyroporus cyanescens (Bull.) Quél.	(Bull.) Quél.	CA	Knowlton	Québec	PRESENT		ff7bd5db-b724-4932-b496-10ea298851f9	45.21836	-72.508084	2000.0						1994-07-30	30	7	1994	2524265	2524265	PRESERVED_SPECIMEN	Université de Montréal Biodiversity Centre	CMMF	CMMF002220		Lamoureux, Yves		CC0_1_0	Université de Montréal Biodiversity Centre	Lamoureux, Yves			2024-01-24T16:38:19.321Z	StillImage	INSTITUTION_MATCH_FUZZY;COLLECTION_MATCH_FUZZY;DIFFERENT_OWNER_INSTITUTION
617547632	21705170-d2b6-42de-8904-c3bca4b83591	CMMF001051	Fungi	Basidiomycota	Agaricomycetes	Boletales	Gyroporaceae	Gyroporus	Gyroporus cyanescens		SPECIES	Gyroporus cyanescens (Bull.) Quél.	Gyroporus cyanescens (Bull.) Quél.	(Bull.) Quél.	CA	Laval	Québec	PRESENT		ff7bd5db-b724-4932-b496-10ea298851f9	45.609608	-73.705867	17500.0						1990-07-27	27	7	1990	2524265	2524265	PRESERVED_SPECIMEN	Université de Montréal Biodiversity Centre	CMMF	CMMF001051		Lamoureux, Yves		CC0_1_0	Université de Montréal Biodiversity Centre	Lamoureux, Yves			2024-01-24T16:38:16.477Z	StillImage	INSTITUTION_MATCH_FUZZY;COLLECTION_MATCH_FUZZY;DIFFERENT_OWNER_INSTITUTION
4976430831	50c9509d-22c7-4a22-a47d-8c48425ef4a7	https://www.inaturalist.org/observations/244311836	Fungi	Basidiomycota	Agaricomycetes	Boletales	Gyroporaceae	Gyroporus	Gyroporus cyanescens		SPECIES	Gyroporus cyanescens (Bull.) Quél.	Gyroporus cyanescens		CA		New Brunswick	PRESENT		28eb1a3f-1c15-4a95-931a-4af90ecb574d	45.29457	-66.033669	180.0						2024-09-27T10:31:42	27	9	2024	2524265	2524265	HUMAN_OBSERVATION	iNaturalist	Observations	244311836		Toni Doucette	2024-09-27T14:36:06	CC_BY_NC_4_0	Toni Doucette	Toni Doucette			2025-01-14T12:54:18.720Z	StillImage	COORDINATE_ROUNDED;CONTINENT_DERIVED_FROM_COORDINATES;TAXON_MATCH_TAXON_ID_IGNORED
4976266432	50c9509d-22c7-4a22-a47d-8c48425ef4a7	https://www.inaturalist.org/observations/244623049	Fungi	Basidiomycota	Agaricomycetes	Boletales	Gyroporaceae	Gyroporus	Gyroporus cyanescens		SPECIES	Gyroporus cyanescens (Bull.) Quél.	Gyroporus cyanescens		CA		New Brunswick	PRESENT		28eb1a3f-1c15-4a95-931a-4af90ecb574d	45.29457	-66.033669	180.0						2024-09-28T18:42:20	28	9	2024	2524265	2524265	HUMAN_OBSERVATION	iNaturalist	Observations	244623049		Toni Doucette	2024-09-29T09:31:23	CC_BY_NC_4_0	Toni Doucette	Toni Doucette			2025-01-14T12:58:22.794Z	StillImage	COORDINATE_ROUNDED;CONTINENT_DERIVED_FROM_COORDINATES;TAXON_MATCH_TAXON_ID_IGNORED
4946159054	50c9509d-22c7-4a22-a47d-8c48425ef4a7	https://www.inaturalist.org/observations/240127575	Fungi	Basidiomycota	Agaricomycetes	Boletales	Gyroporaceae	Gyroporus	Gyroporus cyanescens		SPECIES	Gyroporus cyanescens (Bull.) Quél.	Gyroporus cyanescens		CA		Ontario	PRESENT		28eb1a3f-1c15-4a95-931a-4af90ecb574d	45.353434	-75.591096	44.0						2024-09-05T14:16:44	5	9	2024	2524265	2524265	HUMAN_OBSERVATION	iNaturalist	Observations	240127575		Igor Khomenko	2024-09-06T12:54:27	CC_BY_NC_4_0	Igor Khomenko	Igor Khomenko			2025-01-14T13:43:08.237Z	StillImage	CONTINENT_DERIVED_FROM_COORDINATES;TAXON_MATCH_TAXON_ID_IGNORED
4937135446	50c9509d-22c7-4a22-a47d-8c48425ef4a7	https://www.inaturalist.org/observations/237548085	Fungi	Basidiomycota	Agaricomycetes	Boletales	Gyroporaceae	Gyroporus	Gyroporus cyanescens		SPECIES	Gyroporus cyanescens (Bull.) Quél.	Gyroporus cyanescens		CA		New Brunswick	PRESENT		28eb1a3f-1c15-4a95-931a-4af90ecb574d	45.29457	-66.033669	184.0						2024-08-23T19:08:44	23	8	2024	2524265	2524265	HUMAN_OBSERVATION	iNaturalist	Observations	237548085		Toni Doucette	2024-08-23T23:22:40	CC_BY_NC_4_0	Toni Doucette	Toni Doucette			2025-01-14T12:53:34.233Z	StillImage	COORDINATE_ROUNDED;CONTINENT_DERIVED_FROM_COORDINATES;TAXON_MATCH_TAXON_ID_IGNORED
4937047557	50c9509d-22c7-4a22-a47d-8c48425ef4a7	https://www.inaturalist.org/observations/239007626	Fungi	Basidiomycota	Agaricomycetes	Boletales	Gyroporaceae	Gyroporus	Gyroporus cyanescens		SPECIES	Gyroporus cyanescens (Bull.) Quél.	Gyroporus cyanescens		CA		Québec	PRESENT		28eb1a3f-1c15-4a95-931a-4af90ecb574d	48.555391	-71.921706	26679.0						2024-08-31T13:40:29	31	8	2024	2524265	2524265	HUMAN_OBSERVATION	iNaturalist	Observations	239007626		Nali T.-Paradis	2024-08-31T17:43:53	CC_BY_NC_4_0	Nali T.-Paradis	Nali T.-Paradis			2025-01-14T13:43:08.834Z	StillImage	COORDINATE_ROUNDED;CONTINENT_DERIVED_FROM_COORDINATES;TAXON_MATCH_TAXON_ID_IGNORED
4937001232	50c9509d-22c7-4a22-a47d-8c48425ef4a7	https://www.inaturalist.org/observations/239689360	Fungi	Basidiomycota	Agaricomycetes	Boletales	Gyroporaceae	Gyroporus	Gyroporus cyanescens		SPECIES	Gyroporus cyanescens (Bull.) Quél.	Gyroporus cyanescens		CA		Québec	PRESENT		28eb1a3f-1c15-4a95-931a-4af90ecb574d	48.546829	-71.624823	35.0						2024-09-01T09:10	1	9	2024	2524265	2524265	HUMAN_OBSERVATION	iNaturalist	Observations	239689360		jonathan_mack	2024-09-03T21:42:48	CC_BY_NC_4_0	jonathan_mack	jonathan_mack			2025-01-14T12:54:11.166Z	StillImage	COORDINATE_ROUNDED;CONTINENT_DERIVED_FROM_COORDINATES;TAXON_MATCH_TAXON_ID_IGNORED
4935814421	50c9509d-22c7-4a22-a47d-8c48425ef4a7	https://www.inaturalist.org/observations/235900732	Fungi	Basidiomycota	Agaricomycetes	Boletales	Gyroporaceae	Gyroporus	Gyroporus cyanescens		SPECIES	Gyroporus cyanescens (Bull.) Quél.	Gyroporus cyanescens		CA		New Brunswick	PRESENT		28eb1a3f-1c15-4a95-931a-4af90ecb574d	46.078522	-66.714049	27063.0						2024-08-15T09:49:42	15	8	2024	2524265	2524265	HUMAN_OBSERVATION	iNaturalist	Observations	235900732		flightmom	2024-08-15T13:26:39	CC_BY_NC_4_0	flightmom	flightmom			2025-01-14T13:42:44.249Z	StillImage	COORDINATE_ROUNDED;CONTINENT_DERIVED_FROM_COORDINATES;TAXON_MATCH_TAXON_ID_IGNORED
4935686897	50c9509d-22c7-4a22-a47d-8c48425ef4a7	https://www.inaturalist.org/observations/237130132	Fungi	Basidiomycota	Agaricomycetes	Boletales	Gyroporaceae	Gyroporus	Gyroporus cyanescens		SPECIES	Gyroporus cyanescens (Bull.) Quél.	Gyroporus cyanescens		CA		Québec	PRESENT		28eb1a3f-1c15-4a95-931a-4af90ecb574d	46.067603	-73.969208	18.0						2024-08-17T16:24	17	8	2024	2524265	2524265	HUMAN_OBSERVATION	iNaturalist	Observations	237130132		kristine_z	2024-08-21T17:02:45	CC_BY_NC_4_0	kristine_z	kristine_z			2025-01-14T12:48:45.615Z	StillImage	COORDINATE_ROUNDED;CONTINENT_DERIVED_FROM_COORDINATES;TAXON_MATCH_TAXON_ID_IGNORED
4926324845	50c9509d-22c7-4a22-a47d-8c48425ef4a7	https://www.inaturalist.org/observations/236954355	Fungi	Basidiomycota	Agaricomycetes	Boletales	Gyroporaceae	Gyroporus	Gyroporus cyanescens		SPECIES	Gyroporus cyanescens (Bull.) Quél.	Gyroporus cyanescens		CA		New Brunswick	PRESENT		28eb1a3f-1c15-4a95-931a-4af90ecb574d	45.350639	-66.310914	5.0						2024-08-20T10:00	20	8	2024	2524265	2524265	HUMAN_OBSERVATION	iNaturalist	Observations	236954355		Ken Sanderson	2024-08-20T18:12:18	CC_BY_NC_4_0	Ken Sanderson	Ken Sanderson			2025-01-14T13:43:18.170Z	StillImage	COORDINATE_ROUNDED;CONTINENT_DERIVED_FROM_COORDINATES;TAXON_MATCH_TAXON_ID_IGNORED
4926208199	50c9509d-22c7-4a22-a47d-8c48425ef4a7	https://www.inaturalist.org/observations/234244472	Fungi	Basidiomycota	Agaricomycetes	Boletales	Gyroporaceae	Gyroporus	Gyroporus cyanescens		SPECIES	Gyroporus cyanescens (Bull.) Quél.	Gyroporus cyanescens		CA		New Brunswick	PRESENT		28eb1a3f-1c15-4a95-931a-4af90ecb574d	45.29457	-66.033669	184.0						2024-08-06T18:15:29	6	8	2024	2524265	2524265	HUMAN_OBSERVATION	iNaturalist	Observations	234244472		Toni Doucette	2024-08-06T23:49:48	CC_BY_NC_4_0	Toni Doucette	Toni Doucette			2025-01-14T13:42:42.853Z	StillImage	COORDINATE_ROUNDED;CONTINENT_DERIVED_FROM_COORDINATES;TAXON_MATCH_TAXON_ID_IGNORED
4926167255	50c9509d-22c7-4a22-a47d-8c48425ef4a7	https://www.inaturalist.org/observations/236638571	Fungi	Basidiomycota	Agaricomycetes	Boletales	Gyroporaceae	Gyroporus	Gyroporus cyanescens		SPECIES	Gyroporus cyanescens (Bull.) Quél.	Gyroporus cyanescens		CA		New Brunswick	PRESENT		28eb1a3f-1c15-4a95-931a-4af90ecb574d	45.29457	-66.033669	184.0						2024-08-18T19:05:09	18	8	2024	2524265	2524265	HUMAN_OBSERVATION	iNaturalist	Observations	236638571		Toni Doucette	2024-08-19T01:15:59	CC_BY_NC_4_0	Toni Doucette	Toni Doucette			2025-01-14T12:53:45.803Z	StillImage	COORDINATE_ROUNDED;CONTINENT_DERIVED_FROM_COORDINATES;TAXON_MATCH_TAXON_ID_IGNORED
4926098997	50c9509d-22c7-4a22-a47d-8c48425ef4a7	https://www.inaturalist.org/observations/236288629	Fungi	Basidiomycota	Agaricomycetes	Boletales	Gyroporaceae	Gyroporus	Gyroporus cyanescens		SPECIES	Gyroporus cyanescens (Bull.) Quél.	Gyroporus cyanescens		CA		New Brunswick	PRESENT		28eb1a3f-1c15-4a95-931a-4af90ecb574d	45.29457	-66.033669	184.0						2024-08-17T11:06:27	17	8	2024	2524265	2524265	HUMAN_OBSERVATION	iNaturalist	Observations	236288629		Toni Doucette	2024-08-17T14:54:10	CC_BY_NC_4_0	Toni Doucette	Toni Doucette			2025-01-14T13:35:52.797Z	StillImage	COORDINATE_ROUNDED;CONTINENT_DERIVED_FROM_COORDINATES;TAXON_MATCH_TAXON_ID_IGNORED
4921957129	50c9509d-22c7-4a22-a47d-8c48425ef4a7	https://www.inaturalist.org/observations/233173518	Fungi	Basidiomycota	Agaricomycetes	Boletales	Gyroporaceae	Gyroporus	Gyroporus cyanescens		SPECIES	Gyroporus cyanescens (Bull.) Quél.	Gyroporus cyanescens		CA		New Brunswick	PRESENT		28eb1a3f-1c15-4a95-931a-4af90ecb574d	45.29457	-66.033669	184.0						2024-08-01T18:29:04	1	8	2024	2524265	2524265	HUMAN_OBSERVATION	iNaturalist	Observations	233173518		Toni Doucette	2024-08-01T22:00:23	CC_BY_NC_4_0	Toni Doucette	Toni Doucette			2025-01-14T12:47:33.255Z	StillImage	COORDINATE_ROUNDED;CONTINENT_DERIVED_FROM_COORDINATES;TAXON_MATCH_TAXON_ID_IGNORED
4919128163	50c9509d-22c7-4a22-a47d-8c48425ef4a7	https://www.inaturalist.org/observations/232153652	Fungi	Basidiomycota	Agaricomycetes	Boletales	Gyroporaceae	Gyroporus	Gyroporus cyanescens		SPECIES	Gyroporus cyanescens (Bull.) Quél.	Gyroporus cyanescens		CA		Québec	PRESENT		28eb1a3f-1c15-4a95-931a-4af90ecb574d	46.257308	-73.119422	3.0						2024-07-27T10:34:25	27	7	2024	2524265	2524265	HUMAN_OBSERVATION	iNaturalist	Observations	232153652		l_bienvenue	2024-07-28T00:10:03	CC_BY_NC_4_0	l_bienvenue	l_bienvenue			2025-01-14T13:42:23.515Z	StillImage	COORDINATE_ROUNDED;CONTINENT_DERIVED_FROM_COORDINATES;TAXON_MATCH_TAXON_ID_IGNORED
4911073423	50c9509d-22c7-4a22-a47d-8c48425ef4a7	https://www.inaturalist.org/observations/230362419	Fungi	Basidiomycota	Agaricomycetes	Boletales	Gyroporaceae	Gyroporus	Gyroporus cyanescens		SPECIES	Gyroporus cyanescens (Bull.) Quél.	Gyroporus cyanescens		CA		Québec	PRESENT		28eb1a3f-1c15-4a95-931a-4af90ecb574d	47.177477	-71.358882	365.0						2024-07-13T08:27	13	7	2024	2524265	2524265	HUMAN_OBSERVATION	iNaturalist	Observations	230362419		birderbb	2024-07-19T20:20:36	CC_BY_NC_4_0	birderbb	birderbb			2025-01-14T13:42:52.518Z	StillImage	COORDINATE_ROUNDED;CONTINENT_DERIVED_FROM_COORDINATES;TAXON_MATCH_TAXON_ID_IGNORED
4600018286	50c9509d-22c7-4a22-a47d-8c48425ef4a7	https://www.inaturalist.org/observations/193074982	Fungi	Basidiomycota	Agaricomycetes	Boletales	Gyroporaceae	Gyroporus	Gyroporus cyanescens		SPECIES	Gyroporus cyanescens (Bull.) Quél.	Gyroporus cyanescens		CA		Québec	PRESENT		28eb1a3f-1c15-4a95-931a-4af90ecb574d	47.34433	-71.293603	26871.0						2023-10-01T11:12:40	1	10	2023	2524265	2524265	HUMAN_OBSERVATION	iNaturalist	Observations	193074982		Alex Wittemeier	2023-12-04T22:55:42	CC_BY_NC_4_0	Alex Wittemeier	Alex Wittemeier			2025-01-14T12:42:38.600Z	StillImage	COORDINATE_ROUNDED;CONTINENT_DERIVED_FROM_COORDINATES;TAXON_MATCH_TAXON_ID_IGNORED
4597264570	50c9509d-22c7-4a22-a47d-8c48425ef4a7	https://www.inaturalist.org/observations/192823291	Fungi	Basidiomycota	Agaricomycetes	Boletales	Gyroporaceae	Gyroporus	Gyroporus cyanescens		SPECIES	Gyroporus cyanescens (Bull.) Quél.	Gyroporus cyanescens		CA		Québec	PRESENT		28eb1a3f-1c15-4a95-931a-4af90ecb574d	46.912338	-71.234765	61.0						2023-10-18	18	10	2023	2524265	2524265	HUMAN_OBSERVATION	iNaturalist	Observations	192823291		Christian Grenier	2023-12-02T15:21:01	CC_BY_NC_4_0	Christian Grenier	Christian Grenier			2025-01-14T12:43:11.304Z	StillImage	COORDINATE_ROUNDED;CONTINENT_DERIVED_FROM_COORDINATES;TAXON_MATCH_TAXON_ID_IGNORED
4535918408	50c9509d-22c7-4a22-a47d-8c48425ef4a7	https://www.inaturalist.org/observations/200711991	Fungi	Basidiomycota	Agaricomycetes	Boletales	Gyroporaceae	Gyroporus	Gyroporus cyanescens		SPECIES	Gyroporus cyanescens (Bull.) Quél.	Gyroporus cyanescens		CA		Québec	PRESENT		28eb1a3f-1c15-4a95-931a-4af90ecb574d	46.913023	-71.219318	31.0						2023-08-06	6	8	2023	2524265	2524265	HUMAN_OBSERVATION	iNaturalist	Observations	200711991		Christian Grenier	2024-02-28T12:40:14	CC_BY_NC_4_0	Christian Grenier	Christian Grenier			2025-01-14T12:43:33.517Z	StillImage	COORDINATE_ROUNDED;CONTINENT_DERIVED_FROM_COORDINATES;TAXON_MATCH_TAXON_ID_IGNORED
4535734564	50c9509d-22c7-4a22-a47d-8c48425ef4a7	https://www.inaturalist.org/observations/201115253	Fungi	Basidiomycota	Agaricomycetes	Boletales	Gyroporaceae	Gyroporus	Gyroporus cyanescens		SPECIES	Gyroporus cyanescens (Bull.) Quél.	Gyroporus cyanescens		CA		Québec	PRESENT		28eb1a3f-1c15-4a95-931a-4af90ecb574d	46.910765	-71.231114	31.0						2023-08-06	6	8	2023	2524265	2524265	HUMAN_OBSERVATION	iNaturalist	Observations	201115253		Christian Grenier	2024-03-03T12:22:52	CC_BY_NC_4_0	Christian Grenier	Christian Grenier			2025-01-14T12:44:03.544Z	StillImage	COORDINATE_ROUNDED;CONTINENT_DERIVED_FROM_COORDINATES;TAXON_MATCH_TAXON_ID_IGNORED
4535726958	50c9509d-22c7-4a22-a47d-8c48425ef4a7	https://www.inaturalist.org/observations/201250699	Fungi	Basidiomycota	Agaricomycetes	Boletales	Gyroporaceae	Gyroporus	Gyroporus cyanescens		SPECIES	Gyroporus cyanescens (Bull.) Quél.	Gyroporus cyanescens		CA		Québec	PRESENT		28eb1a3f-1c15-4a95-931a-4af90ecb574d	46.912658	-71.234609	61.0						2023-08-06	6	8	2023	2524265	2524265	HUMAN_OBSERVATION	iNaturalist	Observations	201250699		Christian Grenier	2024-03-04T12:28:40	CC_BY_NC_4_0	Christian Grenier	Christian Grenier			2025-01-14T12:44:04.336Z	StillImage	COORDINATE_ROUNDED;CONTINENT_DERIVED_FROM_COORDINATES;TAXON_MATCH_TAXON_ID_IGNORED
4522769329	50c9509d-22c7-4a22-a47d-8c48425ef4a7	https://www.inaturalist.org/observations/199099698	Fungi	Basidiomycota	Agaricomycetes	Boletales	Gyroporaceae	Gyroporus	Gyroporus cyanescens		SPECIES	Gyroporus cyanescens (Bull.) Quél.	Gyroporus cyanescens		CA		Québec	PRESENT		28eb1a3f-1c15-4a95-931a-4af90ecb574d	46.91679	-71.238685	61.0						2023-08-21	21	8	2023	2524265	2524265	HUMAN_OBSERVATION	iNaturalist	Observations	199099698		Christian Grenier	2024-02-12T13:29:00	CC_BY_NC_4_0	Christian Grenier	Christian Grenier			2025-01-14T13:37:30.135Z	StillImage	COORDINATE_ROUNDED;CONTINENT_DERIVED_FROM_COORDINATES;TAXON_MATCH_TAXON_ID_IGNORED
4516684458	50c9509d-22c7-4a22-a47d-8c48425ef4a7	https://www.inaturalist.org/observations/193481691	Fungi	Basidiomycota	Agaricomycetes	Boletales	Gyroporaceae	Gyroporus	Gyroporus cyanescens		SPECIES	Gyroporus cyanescens (Bull.) Quél.	Gyroporus cyanescens		CA		Québec	PRESENT		28eb1a3f-1c15-4a95-931a-4af90ecb574d	46.910539	-71.230922	31.0						2023-10-02	2	10	2023	2524265	2524265	HUMAN_OBSERVATION	iNaturalist	Observations	193481691		Christian Grenier	2023-12-09T13:10:35	CC_BY_NC_4_0	Christian Grenier	Christian Grenier			2025-01-14T12:43:01.656Z	StillImage	COORDINATE_ROUNDED;CONTINENT_DERIVED_FROM_COORDINATES;TAXON_MATCH_TAXON_ID_IGNORED
4516211886	50c9509d-22c7-4a22-a47d-8c48425ef4a7	https://www.inaturalist.org/observations/193082843	Fungi	Basidiomycota	Agaricomycetes	Boletales	Gyroporaceae	Gyroporus	Gyroporus cyanescens		SPECIES	Gyroporus cyanescens (Bull.) Quél.	Gyroporus cyanescens		CA		Québec	PRESENT		28eb1a3f-1c15-4a95-931a-4af90ecb574d	46.934696	-71.59768	26935.0						2023-09-26T12:34:10	26	9	2023	2524265	2524265	HUMAN_OBSERVATION	iNaturalist	Observations	193082843		Alex Wittemeier	2023-12-05T00:34:48	CC_BY_NC_4_0	Alex Wittemeier	Alex Wittemeier			2025-01-14T12:42:31.509Z	StillImage	COORDINATE_ROUNDED;CONTINENT_DERIVED_FROM_COORDINATES;TAXON_MATCH_TAXON_ID_IGNORED
4438749117	50c9509d-22c7-4a22-a47d-8c48425ef4a7	https://www.inaturalist.org/observations/188890998	Fungi	Basidiomycota	Agaricomycetes	Boletales	Gyroporaceae	Gyroporus	Gyroporus cyanescens		SPECIES	Gyroporus cyanescens (Bull.) Quél.	Gyroporus cyanescens		CA		New Brunswick	PRESENT		28eb1a3f-1c15-4a95-931a-4af90ecb574d	46.015059	-66.625116	493.0						2023-09-30T18:50:52	30	9	2023	2524265	2524265	HUMAN_OBSERVATION	iNaturalist	Observations	188890998		flightmom	2023-10-25T13:08:16	CC_BY_NC_4_0	flightmom	flightmom			2025-01-14T12:43:20.439Z	StillImage	COORDINATE_ROUNDED;CONTINENT_DERIVED_FROM_COORDINATES;TAXON_MATCH_TAXON_ID_IGNORED
4421082186	50c9509d-22c7-4a22-a47d-8c48425ef4a7	https://www.inaturalist.org/observations/185199650	Fungi	Basidiomycota	Agaricomycetes	Boletales	Gyroporaceae	Gyroporus	Gyroporus cyanescens		SPECIES	Gyroporus cyanescens (Bull.) Quél.	Gyroporus cyanescens		CA		Ontario	PRESENT		28eb1a3f-1c15-4a95-931a-4af90ecb574d	45.264665	-79.152224	27190.0						2023-09-16T11:15:40	16	9	2023	2524265	2524265	HUMAN_OBSERVATION	iNaturalist	Observations	185199650		sabrinarose444	2023-09-27T21:49:18	CC_BY_NC_4_0	sabrinarose444	sabrinarose444			2025-01-14T13:31:51.285Z	StillImage	COORDINATE_ROUNDED;CONTINENT_DERIVED_FROM_COORDINATES;TAXON_MATCH_TAXON_ID_IGNORED
4414260307	50c9509d-22c7-4a22-a47d-8c48425ef4a7	https://www.inaturalist.org/observations/183712485	Fungi	Basidiomycota	Agaricomycetes	Boletales	Gyroporaceae	Gyroporus	Gyroporus cyanescens		SPECIES	Gyroporus cyanescens (Bull.) Quél.	Gyroporus cyanescens		CA		Québec	PRESENT		28eb1a3f-1c15-4a95-931a-4af90ecb574d	46.279545	-74.5187	4.0						2023-09-16T13:51:12	16	9	2023	2524265	2524265	HUMAN_OBSERVATION	iNaturalist	Observations	183712485		sashasocs	2023-09-17T18:39:49	CC_BY_NC_4_0	sashasocs	sashasocs			2025-01-14T13:29:05.592Z	StillImage	CONTINENT_DERIVED_FROM_COORDINATES;TAXON_MATCH_TAXON_ID_IGNORED
4413666658	50c9509d-22c7-4a22-a47d-8c48425ef4a7	https://www.inaturalist.org/observations/183491229	Fungi	Basidiomycota	Agaricomycetes	Boletales	Gyroporaceae	Gyroporus	Gyroporus cyanescens		SPECIES	Gyroporus cyanescens (Bull.) Quél.	Gyroporus cyanescens		CA		Québec	PRESENT		28eb1a3f-1c15-4a95-931a-4af90ecb574d	45.577185	-71.995144	40.0						2023-09-16T07:27:23	16	9	2023	2524265	2524265	HUMAN_OBSERVATION	iNaturalist	Observations	183491229		karri-ann	2023-09-16T12:40:42	CC_BY_NC_4_0	karri-ann	karri-ann			2025-01-14T13:42:50.689Z	StillImage	CONTINENT_DERIVED_FROM_COORDINATES;TAXON_MATCH_TAXON_ID_IGNORED
4407452679	50c9509d-22c7-4a22-a47d-8c48425ef4a7	https://www.inaturalist.org/observations/181435378	Fungi	Basidiomycota	Agaricomycetes	Boletales	Gyroporaceae	Gyroporus	Gyroporus cyanescens		SPECIES	Gyroporus cyanescens (Bull.) Quél.	Gyroporus cyanescens		CA		New Brunswick	PRESENT		28eb1a3f-1c15-4a95-931a-4af90ecb574d	45.641419	-65.113506	100.0						2023-08-31T11:00	31	8	2023	2524265	2524265	HUMAN_OBSERVATION	iNaturalist	Observations	181435378		Alfredo Justo	2023-09-02T19:33:29	CC_BY_NC_4_0	Alfredo Justo	Alfredo Justo			2025-01-14T12:42:17.127Z	StillImage	COORDINATE_ROUNDED;CONTINENT_DERIVED_FROM_COORDINATES;TAXON_MATCH_TAXON_ID_IGNORED
4405478013	50c9509d-22c7-4a22-a47d-8c48425ef4a7	https://www.inaturalist.org/observations/180331116	Fungi	Basidiomycota	Agaricomycetes	Boletales	Gyroporaceae	Gyroporus	Gyroporus cyanescens		SPECIES	Gyroporus cyanescens (Bull.) Quél.	Gyroporus cyanescens		CA		Québec	PRESENT		28eb1a3f-1c15-4a95-931a-4af90ecb574d	46.276025	-74.539138	3517.0						2023-08-25T11:55:29	25	8	2023	2524265	2524265	HUMAN_OBSERVATION	iNaturalist	Observations	180331116		sashasocs	2023-08-26T20:30:17	CC_BY_NC_4_0	sashasocs	sashasocs			2025-01-14T12:40:24.092Z	StillImage	COORDINATE_ROUNDED;CONTINENT_DERIVED_FROM_COORDINATES;TAXON_MATCH_TAXON_ID_IGNORED
4405441825	50c9509d-22c7-4a22-a47d-8c48425ef4a7	https://www.inaturalist.org/observations/180291476	Fungi	Basidiomycota	Agaricomycetes	Boletales	Gyroporaceae	Gyroporus	Gyroporus cyanescens		SPECIES	Gyroporus cyanescens (Bull.) Quél.	Gyroporus cyanescens		CA		Québec	PRESENT		28eb1a3f-1c15-4a95-931a-4af90ecb574d	46.124347	-73.877188	4.0						2023-08-26T10:45:19	26	8	2023	2524265	2524265	HUMAN_OBSERVATION	iNaturalist	Observations	180291476		Mical	2023-08-26T16:28:15	CC_BY_4_0	Mical	Mical			2025-01-14T12:40:35.262Z	StillImage	COORDINATE_ROUNDED;CONTINENT_DERIVED_FROM_COORDINATES;TAXON_MATCH_TAXON_ID_IGNORED
4405427692	50c9509d-22c7-4a22-a47d-8c48425ef4a7	https://www.inaturalist.org/observations/180052941	Fungi	Basidiomycota	Agaricomycetes	Boletales	Gyroporaceae	Gyroporus	Gyroporus cyanescens		SPECIES	Gyroporus cyanescens (Bull.) Quél.	Gyroporus cyanescens		CA		Ontario	PRESENT		28eb1a3f-1c15-4a95-931a-4af90ecb574d	45.496647	-76.087867	10.0						2023-08-23T14:46:47	23	8	2023	2524265	2524265	HUMAN_OBSERVATION	iNaturalist	Observations	180052941		Lynn Ovenden	2023-08-25T00:27:31	CC_BY_NC_4_0	Lynn Ovenden	Lynn Ovenden			2025-01-14T12:42:06.521Z	StillImage	COORDINATE_ROUNDED;CONTINENT_DERIVED_FROM_COORDINATES;TAXON_MATCH_TAXON_ID_IGNORED
4405311695	50c9509d-22c7-4a22-a47d-8c48425ef4a7	https://www.inaturalist.org/observations/180176530	Fungi	Basidiomycota	Agaricomycetes	Boletales	Gyroporaceae	Gyroporus	Gyroporus cyanescens		SPECIES	Gyroporus cyanescens (Bull.) Quél.	Gyroporus cyanescens		CA		Nova Scotia	PRESENT		28eb1a3f-1c15-4a95-931a-4af90ecb574d	45.535882	-64.116462	10.0						2023-08-25T15:20	25	8	2023	2524265	2524265	HUMAN_OBSERVATION	iNaturalist	Observations	180176530		Ben	2023-08-25T21:04:30	CC_BY_NC_4_0	Ben	Ben			2025-01-14T13:26:55.172Z	StillImage	COORDINATE_ROUNDED;CONTINENT_DERIVED_FROM_COORDINATES;TAXON_MATCH_TAXON_ID_IGNORED
4405241380	50c9509d-22c7-4a22-a47d-8c48425ef4a7	https://www.inaturalist.org/observations/135318182	Fungi	Basidiomycota	Agaricomycetes	Boletales	Gyroporaceae	Gyroporus	Gyroporus cyanescens		SPECIES	Gyroporus cyanescens (Bull.) Quél.	Gyroporus cyanescens		CA		Québec	PRESENT		28eb1a3f-1c15-4a95-931a-4af90ecb574d	45.716023	-75.655011	27126.0						2022-09-11T11:11:23	11	9	2022	2524265	2524265	HUMAN_OBSERVATION	iNaturalist	Observations	135318182		Ben	2023-04-16T20:57:26	CC_BY_NC_4_0	mushroom_sightings	mushroom_sightings			2025-01-14T12:31:38.405Z	StillImage	COORDINATE_ROUNDED;CONTINENT_DERIVED_FROM_COORDINATES;TAXON_MATCH_TAXON_ID_IGNORED
4405237897	50c9509d-22c7-4a22-a47d-8c48425ef4a7	https://www.inaturalist.org/observations/179770311	Fungi	Basidiomycota	Agaricomycetes	Boletales	Gyroporaceae	Gyroporus	Gyroporus cyanescens		SPECIES	Gyroporus cyanescens (Bull.) Quél.	Gyroporus cyanescens		CA		Québec	PRESENT		28eb1a3f-1c15-4a95-931a-4af90ecb574d	45.365706	-72.609148	2070.0						2023-08-19T12:32	19	8	2023	2524265	2524265	HUMAN_OBSERVATION	iNaturalist	Observations	179770311		Antoine Fortin	2023-08-23T01:56:30	CC_BY_NC_4_0	Antoine Fortin	Antoine Fortin			2025-01-14T12:40:09.511Z	StillImage	COORDINATE_ROUNDED;CONTINENT_DERIVED_FROM_COORDINATES;TAXON_MATCH_TAXON_ID_IGNORED
4405212734	50c9509d-22c7-4a22-a47d-8c48425ef4a7	https://www.inaturalist.org/observations/175655637	Fungi	Basidiomycota	Agaricomycetes	Boletales	Gyroporaceae	Gyroporus	Gyroporus cyanescens		SPECIES	Gyroporus cyanescens (Bull.) Quél.	Gyroporus cyanescens		CA		Ontario	PRESENT		28eb1a3f-1c15-4a95-931a-4af90ecb574d	45.511525	-78.722234	5.0						2023-07-24T13:59:48	24	7	2023	2524265	2524265	HUMAN_OBSERVATION	iNaturalist	Observations	175655637		robmi	2023-07-30T02:21:46	CC_BY_NC_4_0	robmi	robmi			2025-01-14T13:31:26.624Z	StillImage	COORDINATE_ROUNDED;CONTINENT_DERIVED_FROM_COORDINATES;TAXON_MATCH_TAXON_ID_IGNORED
4405195683	50c9509d-22c7-4a22-a47d-8c48425ef4a7	https://www.inaturalist.org/observations/180293918	Fungi	Basidiomycota	Agaricomycetes	Boletales	Gyroporaceae	Gyroporus	Gyroporus cyanescens		SPECIES	Gyroporus cyanescens (Bull.) Quél.	Gyroporus cyanescens		CA		Québec	PRESENT		28eb1a3f-1c15-4a95-931a-4af90ecb574d	45.424725	-73.944	6.0						2023-08-24T12:14:36	24	8	2023	2524265	2524265	HUMAN_OBSERVATION	iNaturalist	Observations	180293918		timfoster	2023-08-26T16:42:20	CC_BY_NC_4_0	timfoster	timfoster			2025-01-14T13:28:41.540Z	StillImage	CONTINENT_DERIVED_FROM_COORDINATES;TAXON_MATCH_TAXON_ID_IGNORED
4405057787	50c9509d-22c7-4a22-a47d-8c48425ef4a7	https://www.inaturalist.org/observations/176146045	Fungi	Basidiomycota	Agaricomycetes	Boletales	Gyroporaceae	Gyroporus	Gyroporus cyanescens		SPECIES	Gyroporus cyanescens (Bull.) Quél.	Gyroporus cyanescens		CA		Québec	PRESENT		28eb1a3f-1c15-4a95-931a-4af90ecb574d	46.611558	-75.071608	4.0						2023-08-01T11:55:29	1	8	2023	2524265	2524265	HUMAN_OBSERVATION	iNaturalist	Observations	176146045		eric_wilmot	2023-08-01T18:21:47	CC_BY_NC_4_0	eric_wilmot	eric_wilmot			2025-01-14T13:32:05.959Z	StillImage	COORDINATE_ROUNDED;CONTINENT_DERIVED_FROM_COORDINATES;TAXON_MATCH_TAXON_ID_IGNORED
4400485664	50c9509d-22c7-4a22-a47d-8c48425ef4a7	https://www.inaturalist.org/observations/179214206	Fungi	Basidiomycota	Agaricomycetes	Boletales	Gyroporaceae	Gyroporus	Gyroporus cyanescens		SPECIES	Gyroporus cyanescens (Bull.) Quél.	Gyroporus cyanescens		CA		Québec	PRESENT		28eb1a3f-1c15-4a95-931a-4af90ecb574d	45.681423	-76.2524	27126.0						2023-08-19T14:43:15	19	8	2023	2524265	2524265	HUMAN_OBSERVATION	iNaturalist	Observations	179214206		errantlight	2023-08-19T20:04:52	CC_BY_NC_4_0	errantlight	errantlight			2025-01-14T12:44:11.814Z	StillImage	COORDINATE_ROUNDED;CONTINENT_DERIVED_FROM_COORDINATES;TAXON_MATCH_TAXON_ID_IGNORED
4177150738	50c9509d-22c7-4a22-a47d-8c48425ef4a7	https://www.inaturalist.org/observations/178092657	Fungi	Basidiomycota	Agaricomycetes	Boletales	Gyroporaceae	Gyroporus	Gyroporus cyanescens		SPECIES	Gyroporus cyanescens (Bull.) Quél.	Gyroporus cyanescens		CA		New Brunswick	PRESENT		28eb1a3f-1c15-4a95-931a-4af90ecb574d	46.20523	-67.309563	4.0						2023-08-12T13:32:02	12	8	2023	2524265	2524265	HUMAN_OBSERVATION	iNaturalist	Observations	178092657		meganbv	2023-08-13T00:31:47	CC_BY_NC_4_0	meganbv	meganbv			2025-01-14T12:41:18.664Z	StillImage	COORDINATE_ROUNDED;CONTINENT_DERIVED_FROM_COORDINATES;TAXON_MATCH_TAXON_ID_IGNORED
4171363039	50c9509d-22c7-4a22-a47d-8c48425ef4a7	https://www.inaturalist.org/observations/175230989	Fungi	Basidiomycota	Agaricomycetes	Boletales	Gyroporaceae	Gyroporus	Gyroporus cyanescens		SPECIES	Gyroporus cyanescens (Bull.) Quél.	Gyroporus cyanescens		CA		Québec	PRESENT		28eb1a3f-1c15-4a95-931a-4af90ecb574d	45.494581	-75.844798							2023-07-27T12:09:17	27	7	2023	2524265	2524265	HUMAN_OBSERVATION	iNaturalist	Observations	175230989		Johann Wagner	2023-07-27T16:43:17	CC_BY_NC_4_0	Johann Wagner	Johann Wagner			2025-01-14T13:28:08.138Z	StillImage	COORDINATE_ROUNDED;CONTINENT_DERIVED_FROM_COORDINATES;TAXON_MATCH_TAXON_ID_IGNORED
4166357971	695cef75-b65f-4776-b2ed-74565eebb16e	02-01000931650	Fungi	Basidiomycota	Agaricomycetes	Boletales	Gyroporaceae	Gyroporus	Gyroporus cyanescens		SPECIES	Gyroporus cyanescens (Bull.) Quél.	Gyroporus cyanescens	(Bull.) Quél.	CA	Peck, Hardwood Hill Trail	Ontario	PRESENT		055bd978-2daa-4543-b3f0-44e0e87e86ca	45.541667	-78.675							1979-08-04	4	8	1979	2524265	2524265	PRESERVED_SPECIMEN	AAFC	DAOM	180306		K.W. Spicer 1981		CC_BY_4_0	©His Majesty the King in Right of Canada, as represented by the Minister of Agriculture and Agri-Food	G. Thorn			2025-01-12T05:11:13.826Z		GEODETIC_DATUM_ASSUMED_WGS84;CONTINENT_DERIVED_FROM_COORDINATES;TAXON_MATCH_TAXON_ID_IGNORED;INSTITUTION_MATCH_FUZZY
4166235975	695cef75-b65f-4776-b2ed-74565eebb16e	02-01000931646	Fungi	Basidiomycota	Agaricomycetes	Boletales	Gyroporaceae	Gyroporus	Gyroporus cyanescens		SPECIES	Gyroporus cyanescens (Bull.) Quél.	Gyroporus cyanescens	(Bull.) Quél.	CA	Rte. Principal, Grand Jardin	Quebec	PRESENT		055bd978-2daa-4543-b3f0-44e0e87e86ca	47.633333	-70.866667							1981-08-15	15	8	1981	2524265	2524265	PRESERVED_SPECIMEN	AAFC	DAOM	180855		S.A. Redhead et. al.		CC_BY_4_0	©His Majesty the King in Right of Canada, as represented by the Minister of Agriculture and Agri-Food	M.E. Elliott Foray Group			2025-01-12T05:11:13.998Z		GEODETIC_DATUM_ASSUMED_WGS84;CONTINENT_DERIVED_FROM_COORDINATES;TAXON_MATCH_TAXON_ID_IGNORED;INSTITUTION_MATCH_FUZZY
4166234972	695cef75-b65f-4776-b2ed-74565eebb16e	02-01000931642	Fungi	Basidiomycota	Agaricomycetes	Boletales	Gyroporaceae	Gyroporus	Gyroporus cyanescens		SPECIES	Gyroporus cyanescens (Bull.) Quél.	Gyroporus cyanescens	(Bull.) Quél.	CA	Casselman, Conc. #3	Ontario	PRESENT		055bd978-2daa-4543-b3f0-44e0e87e86ca	45.358333	-75.116667							1985-09-15	15	9	1985	2524265	2524265	PRESERVED_SPECIMEN	AAFC	DAOM	193694		Y. Dalpé		CC_BY_4_0	©His Majesty the King in Right of Canada, as represented by the Minister of Agriculture and Agri-Food	M. Jubinville 1564			2025-01-12T05:11:13.965Z		GEODETIC_DATUM_ASSUMED_WGS84;CONTINENT_DERIVED_FROM_COORDINATES;TAXON_MATCH_TAXON_ID_IGNORED;INSTITUTION_MATCH_FUZZY
4165753902	50c9509d-22c7-4a22-a47d-8c48425ef4a7	https://www.inaturalist.org/observations/174283780	Fungi	Basidiomycota	Agaricomycetes	Boletales	Gyroporaceae	Gyroporus	Gyroporus cyanescens		SPECIES	Gyroporus cyanescens (Bull.) Quél.	Gyroporus cyanescens		CA		Québec	PRESENT		28eb1a3f-1c15-4a95-931a-4af90ecb574d	46.25793	-73.118605	4.0						2023-07-22T11:15:33	22	7	2023	2524265	2524265	HUMAN_OBSERVATION	iNaturalist	Observations	174283780		Mical	2023-07-22T15:16:20	CC_BY_4_0	Mical	Mical			2025-01-14T13:28:04.629Z	StillImage	COORDINATE_ROUNDED;CONTINENT_DERIVED_FROM_COORDINATES;TAXON_MATCH_TAXON_ID_IGNORED
4165612876	50c9509d-22c7-4a22-a47d-8c48425ef4a7	https://www.inaturalist.org/observations/174040016	Fungi	Basidiomycota	Agaricomycetes	Boletales	Gyroporaceae	Gyroporus	Gyroporus cyanescens		SPECIES	Gyroporus cyanescens (Bull.) Quél.	Gyroporus cyanescens		CA		Québec	PRESENT		28eb1a3f-1c15-4a95-931a-4af90ecb574d	45.678958	-75.847878	13.0						2023-07-20T12:15	20	7	2023	2524265	2524265	HUMAN_OBSERVATION	iNaturalist	Observations	174040016		Celine Perrier	2023-07-21T02:31:10	CC_BY_NC_4_0	Celine Perrier	Celine Perrier			2025-01-14T12:40:04.920Z	StillImage	COORDINATE_ROUNDED;CONTINENT_DERIVED_FROM_COORDINATES;TAXON_MATCH_TAXON_ID_IGNORED
4165484240	50c9509d-22c7-4a22-a47d-8c48425ef4a7	https://www.inaturalist.org/observations/173956765	Fungi	Basidiomycota	Agaricomycetes	Boletales	Gyroporaceae	Gyroporus	Gyroporus cyanescens		SPECIES	Gyroporus cyanescens (Bull.) Quél.	Gyroporus cyanescens		CA		Québec	PRESENT		28eb1a3f-1c15-4a95-931a-4af90ecb574d	46.004497	-75.085503	167.0						2023-07-20T10:29:02	20	7	2023	2524265	2524265	HUMAN_OBSERVATION	iNaturalist	Observations	173956765		gabboilard	2023-07-20T16:23:47	CC_BY_NC_4_0	gabboilard	gabboilard			2025-01-14T12:39:43.674Z	StillImage	COORDINATE_ROUNDED;CONTINENT_DERIVED_FROM_COORDINATES;TAXON_MATCH_TAXON_ID_IGNORED
4153694866	50c9509d-22c7-4a22-a47d-8c48425ef4a7	https://www.inaturalist.org/observations/171828343	Fungi	Basidiomycota	Agaricomycetes	Boletales	Gyroporaceae	Gyroporus	Gyroporus cyanescens		SPECIES	Gyroporus cyanescens (Bull.) Quél.	Gyroporus cyanescens		CA		New Brunswick	PRESENT		28eb1a3f-1c15-4a95-931a-4af90ecb574d	45.207711	-66.401253	44.0						2023-07-08T09:50	8	7	2023	2524265	2524265	HUMAN_OBSERVATION	iNaturalist	Observations	171828343		Alfredo Justo	2023-07-08T21:13:01	CC_BY_NC_4_0	Alfredo Justo	Alfredo Justo			2025-01-14T13:31:37.760Z	StillImage	COORDINATE_ROUNDED;CONTINENT_DERIVED_FROM_COORDINATES;TAXON_MATCH_TAXON_ID_IGNORED
4099954332	d1a3b128-b406-46bb-a6d1-f3591dcc8a7b	54360220-64cd-466b-a1c1-7c43d1f43d1f	Fungi	Basidiomycota	Agaricomycetes	Boletales	Gyroporaceae	Gyroporus	Gyroporus cyanescens		SPECIES	Gyroporus cyanescens (Bull.) Quél.	Gyroporus cyanescens	(Bull.) Quél.	CA	Parc de la Verendrye	Quebec	PRESENT		e43cf4b8-849e-4fac-b075-e652d019d2cf	46.783333	-76.25	301.0						1962-09-24	24	9	1962	2524265	2524265	PRESERVED_SPECIMEN	BPI		BPI 782351		Dick, E. A.		CC0_1_0		Dick, E. A.			2025-01-15T04:59:42.467Z		GEODETIC_DATUM_ASSUMED_WGS84;CONTINENT_DERIVED_FROM_COORDINATES;TAXON_MATCH_TAXON_ID_IGNORED;INSTITUTION_MATCH_FUZZY
4099482311	d1a3b128-b406-46bb-a6d1-f3591dcc8a7b	ab1d9bfc-ad41-4771-86f6-159f9c9bf35f	Fungi	Basidiomycota	Agaricomycetes	Boletales	Gyroporaceae	Gyroporus	Gyroporus cyanescens		SPECIES	Gyroporus cyanescens (Bull.) Quél.	Gyroporus cyanescens	(Bull.) Quél.	CA	Duchesnay	Quebec	PRESENT		e43cf4b8-849e-4fac-b075-e652d019d2cf	49.166667	-65.916667	301.0						1938-07-27	27	7	1938	2524265	2524265	PRESERVED_SPECIMEN	BPI		BPI 782325		Snell, W. H.		CC0_1_0		Snell, W. H.			2025-01-15T04:59:42.466Z		GEODETIC_DATUM_ASSUMED_WGS84;CONTINENT_DERIVED_FROM_COORDINATES;TAXON_MATCH_TAXON_ID_IGNORED;INSTITUTION_MATCH_FUZZY
4091841504	50c9509d-22c7-4a22-a47d-8c48425ef4a7	https://www.inaturalist.org/observations/144675521	Fungi	Basidiomycota	Agaricomycetes	Boletales	Gyroporaceae	Gyroporus	Gyroporus cyanescens		SPECIES	Gyroporus cyanescens (Bull.) Quél.	Gyroporus cyanescens		CA		Québec	PRESENT		28eb1a3f-1c15-4a95-931a-4af90ecb574d	46.913713	-71.234828	61.0						2022-08-29	29	8	2022	2524265	2524265	HUMAN_OBSERVATION	iNaturalist	Observations	144675521		Christian Grenier	2022-12-19T17:17:19	CC_BY_NC_4_0	Christian Grenier	Christian Grenier			2025-01-14T12:33:28.476Z	StillImage	COORDINATE_ROUNDED;CONTINENT_DERIVED_FROM_COORDINATES;TAXON_MATCH_TAXON_ID_IGNORED
4091565444	50c9509d-22c7-4a22-a47d-8c48425ef4a7	https://www.inaturalist.org/observations/133697683	Fungi	Basidiomycota	Agaricomycetes	Boletales	Gyroporaceae	Gyroporus	Gyroporus cyanescens		SPECIES	Gyroporus cyanescens (Bull.) Quél.	Gyroporus cyanescens		CA		New Brunswick	PRESENT		28eb1a3f-1c15-4a95-931a-4af90ecb574d	45.376056	-65.837761	33593.0						2022-09-04T19:45:02	4	9	2022	2524265	2524265	HUMAN_OBSERVATION	iNaturalist	Observations	133697683		patpark506	2022-09-05T00:02:18	CC_BY_NC_4_0	patpark506	patpark506			2025-01-14T12:31:25.868Z	StillImage	COORDINATE_ROUNDED;CONTINENT_DERIVED_FROM_COORDINATES;TAXON_MATCH_TAXON_ID_IGNORED
4091436369	50c9509d-22c7-4a22-a47d-8c48425ef4a7	https://www.inaturalist.org/observations/84392799	Fungi	Basidiomycota	Agaricomycetes	Boletales	Gyroporaceae	Gyroporus	Gyroporus cyanescens		SPECIES	Gyroporus cyanescens (Bull.) Quél.	Gyroporus cyanescens		CA		Québec	PRESENT		28eb1a3f-1c15-4a95-931a-4af90ecb574d	46.908438	-71.231117	5.0						2020-09-16T11:59:16	16	9	2020	2524265	2524265	HUMAN_OBSERVATION	iNaturalist	Observations	84392799		shatov	2021-06-25T05:21:40	CC_BY_NC_4_0	shatov	shatov			2025-01-14T13:12:40.708Z	StillImage	COORDINATE_ROUNDED;CONTINENT_DERIVED_FROM_COORDINATES;TAXON_MATCH_TAXON_ID_IGNORED
4091377463	50c9509d-22c7-4a22-a47d-8c48425ef4a7	https://www.inaturalist.org/observations/133797083	Fungi	Basidiomycota	Agaricomycetes	Boletales	Gyroporaceae	Gyroporus	Gyroporus cyanescens		SPECIES	Gyroporus cyanescens (Bull.) Quél.	Gyroporus cyanescens		CA		Québec	PRESENT		28eb1a3f-1c15-4a95-931a-4af90ecb574d	46.374327	-74.770934	18183.0						2022-09-05T14:15:20	5	9	2022	2524265	2524265	HUMAN_OBSERVATION	iNaturalist	Observations	133797083		Patrick Marchand	2022-09-05T18:17:49	CC_BY_NC_4_0	Patrick Marchand	Patrick Marchand			2025-01-14T13:25:31.237Z	StillImage	COORDINATE_ROUNDED;CONTINENT_DERIVED_FROM_COORDINATES;TAXON_MATCH_TAXON_ID_IGNORED
4091365443	50c9509d-22c7-4a22-a47d-8c48425ef4a7	https://www.inaturalist.org/observations/129148265	Fungi	Basidiomycota	Agaricomycetes	Boletales	Gyroporaceae	Gyroporus	Gyroporus cyanescens		SPECIES	Gyroporus cyanescens (Bull.) Quél.	Gyroporus cyanescens		CA		Québec	PRESENT		28eb1a3f-1c15-4a95-931a-4af90ecb574d	47.895669	-78.818802	15.0						2022-07-30T13:18	30	7	2022	2524265	2524265	HUMAN_OBSERVATION	iNaturalist	Observations	129148265		Pierre Cartier	2022-08-02T15:27:05	CC_BY_NC_4_0	Pierre Cartier	Pierre Cartier			2025-01-14T12:31:09.223Z	StillImage	COORDINATE_ROUNDED;CONTINENT_DERIVED_FROM_COORDINATES;TAXON_MATCH_TAXON_ID_IGNORED
4011646351	50c9509d-22c7-4a22-a47d-8c48425ef4a7	https://www.inaturalist.org/observations/56452757	Fungi	Basidiomycota	Agaricomycetes	Boletales	Gyroporaceae	Gyroporus	Gyroporus cyanescens		SPECIES	Gyroporus cyanescens (Bull.) Quél.	Gyroporus cyanescens		CA		Ontario	PRESENT		28eb1a3f-1c15-4a95-931a-4af90ecb574d	45.071753	-79.117632	229.0						2020-08-14T14:30	14	8	2020	2524265	2524265	HUMAN_OBSERVATION	iNaturalist	Observations	56452757		Ben	2022-12-31T13:23:28	CC_BY_NC_4_0	Peter Jessen	Peter Jessen			2025-01-14T12:15:06.247Z	StillImage	COORDINATE_ROUNDED;CONTINENT_DERIVED_FROM_COORDINATES;TAXON_MATCH_TAXON_ID_IGNORED
4009804304	50c9509d-22c7-4a22-a47d-8c48425ef4a7	https://www.inaturalist.org/observations/16646755	Fungi	Basidiomycota	Agaricomycetes	Boletales	Gyroporaceae	Gyroporus	Gyroporus cyanescens		SPECIES	Gyroporus cyanescens (Bull.) Quél.	Gyroporus cyanescens		CA		Québec	PRESENT		28eb1a3f-1c15-4a95-931a-4af90ecb574d	46.433579	-74.477524	642.0						2018-09-15T17:52:34	15	9	2018	2524265	2524265	HUMAN_OBSERVATION	iNaturalist	Observations	16646755		Ben	2022-12-26T17:11:43	CC_BY_NC_4_0	Carl-Adam Wegenschimmel	Carl-Adam Wegenschimmel			2025-01-14T12:05:52.845Z	StillImage	COORDINATE_ROUNDED;CONTINENT_DERIVED_FROM_COORDINATES;TAXON_MATCH_TAXON_ID_IGNORED
3994237661	50c9509d-22c7-4a22-a47d-8c48425ef4a7	https://www.inaturalist.org/observations/143502754	Fungi	Basidiomycota	Agaricomycetes	Boletales	Gyroporaceae	Gyroporus	Gyroporus cyanescens		SPECIES	Gyroporus cyanescens (Bull.) Quél.	Gyroporus cyanescens		CA		Québec	PRESENT		28eb1a3f-1c15-4a95-931a-4af90ecb574d	46.915154	-71.231918	122.0						2022-09-11	11	9	2022	2524265	2524265	HUMAN_OBSERVATION	iNaturalist	Observations	143502754		Christian Grenier	2022-12-02T16:23:18	CC_BY_NC_4_0	Christian Grenier	Christian Grenier			2025-01-14T12:33:39.404Z	StillImage	COORDINATE_ROUNDED;CONTINENT_DERIVED_FROM_COORDINATES;TAXON_MATCH_TAXON_ID_IGNORED
3994170584	50c9509d-22c7-4a22-a47d-8c48425ef4a7	https://www.inaturalist.org/observations/136114400	Fungi	Basidiomycota	Agaricomycetes	Boletales	Gyroporaceae	Gyroporus	Gyroporus cyanescens		SPECIES	Gyroporus cyanescens (Bull.) Quél.	Gyroporus cyanescens		CA		Québec	PRESENT		28eb1a3f-1c15-4a95-931a-4af90ecb574d	45.727662	-75.681987	27126.0						2022-09-20T12:44:20	20	9	2022	2524265	2524265	HUMAN_OBSERVATION	iNaturalist	Observations	136114400		mushroom_sightings	2022-09-23T02:17:40	CC_BY_NC_4_0	mushroom_sightings	mushroom_sightings			2025-01-14T12:31:39.971Z	StillImage	COORDINATE_ROUNDED;CONTINENT_DERIVED_FROM_COORDINATES;TAXON_MATCH_TAXON_ID_IGNORED
3994123648	50c9509d-22c7-4a22-a47d-8c48425ef4a7	https://www.inaturalist.org/observations/142907649	Fungi	Basidiomycota	Agaricomycetes	Boletales	Gyroporaceae	Gyroporus	Gyroporus cyanescens		SPECIES	Gyroporus cyanescens (Bull.) Quél.	Gyroporus cyanescens		CA		Québec	PRESENT		28eb1a3f-1c15-4a95-931a-4af90ecb574d	46.913218	-71.235103	61.0						2022-09-11	11	9	2022	2524265	2524265	HUMAN_OBSERVATION	iNaturalist	Observations	142907649		Christian Grenier	2022-11-26T12:45:09	CC_BY_NC_4_0	Christian Grenier	Christian Grenier			2025-01-14T13:19:20.420Z	StillImage	COORDINATE_ROUNDED;CONTINENT_DERIVED_FROM_COORDINATES;TAXON_MATCH_TAXON_ID_IGNORED
3985758995	50c9509d-22c7-4a22-a47d-8c48425ef4a7	https://www.inaturalist.org/observations/141389267	Fungi	Basidiomycota	Agaricomycetes	Boletales	Gyroporaceae	Gyroporus	Gyroporus cyanescens		SPECIES	Gyroporus cyanescens (Bull.) Quél.	Gyroporus cyanescens		CA		New Brunswick	PRESENT		28eb1a3f-1c15-4a95-931a-4af90ecb574d	46.79186	-66.40896							2022-08-21	21	8	2022	2524265	2524265	HUMAN_OBSERVATION	iNaturalist	Observations	141389267		Alex Hood	2022-11-07T18:25:28	CC_BY_NC_4_0	Alex Hood	Alex Hood			2025-01-14T12:33:18.608Z	StillImage	CONTINENT_DERIVED_FROM_COORDINATES;TAXON_MATCH_TAXON_ID_IGNORED
3966556522	50c9509d-22c7-4a22-a47d-8c48425ef4a7	https://www.inaturalist.org/observations/135576355	Fungi	Basidiomycota	Agaricomycetes	Boletales	Gyroporaceae	Gyroporus	Gyroporus cyanescens		SPECIES	Gyroporus cyanescens (Bull.) Quél.	Gyroporus cyanescens		CA		Québec	PRESENT		28eb1a3f-1c15-4a95-931a-4af90ecb574d	45.681338	-75.928194	488.0						2022-09-18T14:01	18	9	2022	2524265	2524265	HUMAN_OBSERVATION	iNaturalist	Observations	135576355		cinna_latifolia	2022-11-12T06:19:44	CC_BY_NC_4_0	see-em	see-em			2025-01-14T13:25:33.729Z	StillImage	COORDINATE_ROUNDED;CONTINENT_DERIVED_FROM_COORDINATES;TAXON_MATCH_TAXON_ID_IGNORED
3965640537	0ec61c42-6eda-441e-b327-7ec241c8ec95	6b803770-1d65-41e6-8437-b3137b8c0e8c	Fungi	Basidiomycota	Agaricomycetes	Boletales	Gyroporaceae	Gyroporus	Gyroporus cyanescens		SPECIES	Boletus cyanescens Bull.	Boletus cyanescens	Bull.	CA	Whitegull Portage, Lake Opeongo, Algonquin Park	Ontario	PRESENT		00ff478a-9da6-4c8d-b60d-43ee8c88cd1f	45.55	-78.6							1954-09-18	18	9	1954	5239561	2524265	PRESERVED_SPECIMEN	WSP	WSP	WSP43322		R. F. Cain		CC_BY_4_0		R. F. Cain			2025-01-15T08:29:35.047Z		GEODETIC_DATUM_ASSUMED_WGS84;CONTINENT_DERIVED_FROM_COORDINATES;TAXON_MATCH_TAXON_ID_IGNORED;AMBIGUOUS_COLLECTION;INSTITUTION_MATCH_FUZZY
3947325842	50c9509d-22c7-4a22-a47d-8c48425ef4a7	https://www.inaturalist.org/observations/136058315	Fungi	Basidiomycota	Agaricomycetes	Boletales	Gyroporaceae	Gyroporus	Gyroporus cyanescens		SPECIES	Gyroporus cyanescens (Bull.) Quél.	Gyroporus cyanescens		CA		Québec	PRESENT		28eb1a3f-1c15-4a95-931a-4af90ecb574d	46.798222	-71.553642	843.0						2022-09-17T13:17	17	9	2022	2524265	2524265	HUMAN_OBSERVATION	iNaturalist	Observations	136058315		sabbrown	2022-09-22T17:18:03	CC_BY_NC_4_0	sabbrown	sabbrown			2025-01-14T12:32:05.796Z	StillImage	COORDINATE_ROUNDED;CONTINENT_DERIVED_FROM_COORDINATES;TAXON_MATCH_TAXON_ID_IGNORED
3923515662	50c9509d-22c7-4a22-a47d-8c48425ef4a7	https://www.inaturalist.org/observations/132679400	Fungi	Basidiomycota	Agaricomycetes	Boletales	Gyroporaceae	Gyroporus	Gyroporus cyanescens		SPECIES	Gyroporus cyanescens (Bull.) Quél.	Gyroporus cyanescens		CA		Québec	PRESENT		28eb1a3f-1c15-4a95-931a-4af90ecb574d	45.354514	-72.601801	18.0						2022-08-25T09:28:28	25	8	2022	2524265	2524265	HUMAN_OBSERVATION	iNaturalist	Observations	132679400		Lucie Roy	2022-08-28T20:16:49	CC_BY_NC_4_0	Lucie Roy	Lucie Roy			2025-01-14T13:30:19.635Z	StillImage	COORDINATE_ROUNDED;CONTINENT_DERIVED_FROM_COORDINATES;TAXON_MATCH_TAXON_ID_IGNORED
3902807161	50c9509d-22c7-4a22-a47d-8c48425ef4a7	https://www.inaturalist.org/observations/131877868	Fungi	Basidiomycota	Agaricomycetes	Boletales	Gyroporaceae	Gyroporus	Gyroporus cyanescens		SPECIES	Gyroporus cyanescens (Bull.) Quél.	Gyroporus cyanescens		CA		New Brunswick	PRESENT		28eb1a3f-1c15-4a95-931a-4af90ecb574d	46.791889	-66.409836	12.0						2022-08-21T10:51	21	8	2022	2524265	2524265	HUMAN_OBSERVATION	iNaturalist	Observations	131877868		Alfredo Justo	2022-08-22T12:40:44	CC_BY_NC_4_0	Alfredo Justo	Alfredo Justo			2025-01-14T13:23:25.628Z	StillImage	COORDINATE_ROUNDED;CONTINENT_DERIVED_FROM_COORDINATES;TAXON_MATCH_TAXON_ID_IGNORED
3892568932	50c9509d-22c7-4a22-a47d-8c48425ef4a7	https://www.inaturalist.org/observations/130630872	Fungi	Basidiomycota	Agaricomycetes	Boletales	Gyroporaceae	Gyroporus	Gyroporus cyanescens		SPECIES	Gyroporus cyanescens (Bull.) Quél.	Gyroporus cyanescens		CA		Québec	PRESENT		28eb1a3f-1c15-4a95-931a-4af90ecb574d	46.428507	-74.376784	89982.0						2022-08-12T09:52:50	12	8	2022	2524265	2524265	HUMAN_OBSERVATION	iNaturalist	Observations	130630872		Lucie Roy	2022-08-13T14:33:24	CC_BY_NC_4_0	Lucie Roy	Lucie Roy			2025-01-14T13:25:12.753Z	StillImage	COORDINATE_ROUNDED;CONTINENT_DERIVED_FROM_COORDINATES;TAXON_MATCH_TAXON_ID_IGNORED
3873167900	50c9509d-22c7-4a22-a47d-8c48425ef4a7	https://www.inaturalist.org/observations/126011892	Fungi	Basidiomycota	Agaricomycetes	Boletales	Gyroporaceae	Gyroporus	Gyroporus cyanescens		SPECIES	Gyroporus cyanescens (Bull.) Quél.	Gyroporus cyanescens		CA		Ontario	PRESENT		28eb1a3f-1c15-4a95-931a-4af90ecb574d	45.405138	-75.592742	16.0						2022-07-12T18:17:17	12	7	2022	2524265	2524265	HUMAN_OBSERVATION	iNaturalist	Observations	126011892		Igor Khomenko	2022-07-13T01:37:58	CC_BY_NC_4_0	Igor Khomenko	Igor Khomenko			2025-01-14T13:23:19.755Z	StillImage	COORDINATE_ROUNDED;CONTINENT_DERIVED_FROM_COORDINATES;TAXON_MATCH_TAXON_ID_IGNORED
3705761460	50c9509d-22c7-4a22-a47d-8c48425ef4a7	https://www.inaturalist.org/observations/97794262	Fungi	Basidiomycota	Agaricomycetes	Boletales	Gyroporaceae	Gyroporus	Gyroporus cyanescens		SPECIES	Gyroporus cyanescens (Bull.) Quél.	Gyroporus cyanescens		CA		New Brunswick	PRESENT		28eb1a3f-1c15-4a95-931a-4af90ecb574d	46.218213	-64.313454	61.0						2021-10-10T11:44	10	10	2021	2524265	2524265	HUMAN_OBSERVATION	iNaturalist	Observations	97794262		Raymonde G Chartier	2021-10-10T17:45:54	CC_BY_NC_4_0	Raymonde G Chartier	Raymonde G Chartier			2025-01-14T12:26:00.629Z	StillImage	COORDINATE_ROUNDED;CONTINENT_DERIVED_FROM_COORDINATES;TAXON_MATCH_TAXON_ID_IGNORED
3705526407	50c9509d-22c7-4a22-a47d-8c48425ef4a7	https://www.inaturalist.org/observations/95401869	Fungi	Basidiomycota	Agaricomycetes	Boletales	Gyroporaceae	Gyroporus	Gyroporus cyanescens		SPECIES	Gyroporus cyanescens (Bull.) Quél.	Gyroporus cyanescens		CA		New Brunswick	PRESENT		28eb1a3f-1c15-4a95-931a-4af90ecb574d	45.621728	-65.452998	5.0						2021-09-19T11:38:13	19	9	2021	2524265	2524265	HUMAN_OBSERVATION	iNaturalist	Observations	95401869		Raymonde G Chartier	2021-09-19T23:17:42	CC_BY_NC_4_0	markconnell	markconnell			2025-01-14T13:15:11.652Z	StillImage	COORDINATE_ROUNDED;CONTINENT_DERIVED_FROM_COORDINATES;TAXON_MATCH_TAXON_ID_IGNORED
3456364384	50c9509d-22c7-4a22-a47d-8c48425ef4a7	https://www.inaturalist.org/observations/92139314	Fungi	Basidiomycota	Agaricomycetes	Boletales	Gyroporaceae	Gyroporus	Gyroporus cyanescens		SPECIES	Gyroporus cyanescens (Bull.) Quél.	Gyroporus cyanescens		CA		Québec	PRESENT		28eb1a3f-1c15-4a95-931a-4af90ecb574d	46.201107	-74.652317	27031.0						2021-08-21T08:41:09	21	8	2021	2524265	2524265	HUMAN_OBSERVATION	iNaturalist	Observations	92139314		manonboulais	2021-08-22T18:35:10	CC_BY_NC_4_0	manonboulais	manonboulais			2025-01-14T12:20:25.488Z	StillImage	COORDINATE_ROUNDED;CONTINENT_DERIVED_FROM_COORDINATES;TAXON_MATCH_TAXON_ID_IGNORED
3337880679	50c9509d-22c7-4a22-a47d-8c48425ef4a7	https://www.inaturalist.org/observations/87565595	Fungi	Basidiomycota	Agaricomycetes	Boletales	Gyroporaceae	Gyroporus	Gyroporus cyanescens		SPECIES	Gyroporus cyanescens (Bull.) Quél.	Gyroporus cyanescens		CA		Québec	PRESENT		28eb1a3f-1c15-4a95-931a-4af90ecb574d	46.910038	-71.23182	9.0						2021-07-17T13:36:08	17	7	2021	2524265	2524265	HUMAN_OBSERVATION	iNaturalist	Observations	87565595		shatov	2021-07-18T15:41:07	CC_BY_NC_4_0	shatov	shatov			2025-01-14T12:19:41.868Z	StillImage	COORDINATE_ROUNDED;CONTINENT_DERIVED_FROM_COORDINATES;TAXON_MATCH_TAXON_ID_IGNORED
3079541684	50c9509d-22c7-4a22-a47d-8c48425ef4a7	https://www.inaturalist.org/observations/33347518	Fungi	Basidiomycota	Agaricomycetes	Boletales	Gyroporaceae	Gyroporus	Gyroporus cyanescens		SPECIES	Gyroporus cyanescens (Bull.) Quél.	Gyroporus cyanescens		CA		Ontario	PRESENT		28eb1a3f-1c15-4a95-931a-4af90ecb574d	45.405033	-75.593003	8.0						2019-09-24T16:28:04	24	9	2019	2524265	2524265	HUMAN_OBSERVATION	iNaturalist	Observations	33347518		Igor Khomenko	2019-09-26T03:48:32	CC_BY_NC_4_0	Igor Khomenko	Igor Khomenko			2025-01-14T12:09:30.696Z	StillImage	COORDINATE_ROUNDED;CONTINENT_DERIVED_FROM_COORDINATES;TAXON_MATCH_TAXON_ID_IGNORED
2981073369	50c9509d-22c7-4a22-a47d-8c48425ef4a7	https://www.inaturalist.org/observations/41224444	Fungi	Basidiomycota	Agaricomycetes	Boletales	Gyroporaceae	Gyroporus	Gyroporus cyanescens		SPECIES	Gyroporus cyanescens (Bull.) Quél.	Gyroporus cyanescens		CA		Québec	PRESENT		28eb1a3f-1c15-4a95-931a-4af90ecb574d	46.920335	-71.229238	488.0						2016-09-23	23	9	2016	2524265	2524265	HUMAN_OBSERVATION	iNaturalist	Observations	41224444		Christian Grenier	2020-04-02T12:42:08	CC_BY_NC_4_0	Christian Grenier	Christian Grenier			2025-01-14T13:06:04.358Z	StillImage	COORDINATE_ROUNDED;CONTINENT_DERIVED_FROM_COORDINATES;TAXON_MATCH_TAXON_ID_IGNORED
2850895358	50c9509d-22c7-4a22-a47d-8c48425ef4a7	https://www.inaturalist.org/observations/56155293	Fungi	Basidiomycota	Agaricomycetes	Boletales	Gyroporaceae	Gyroporus	Gyroporus cyanescens		SPECIES	Gyroporus cyanescens (Bull.) Quél.	Gyroporus cyanescens		CA		Ontario	PRESENT		28eb1a3f-1c15-4a95-931a-4af90ecb574d	45.291835	-79.335041	9.0						2020-08-11T15:22:56	11	8	2020	2524265	2524265	HUMAN_OBSERVATION	iNaturalist	Observations	56155293		Massimo Tabone	2020-08-11T20:07:36	CC_BY_NC_4_0	Ethan Dobbs	Ethan Dobbs			2025-01-14T12:14:12.338Z	StillImage	COORDINATE_ROUNDED;CONTINENT_DERIVED_FROM_COORDINATES;TAXON_MATCH_TAXON_ID_IGNORED
2580248159	50c9509d-22c7-4a22-a47d-8c48425ef4a7	https://www.inaturalist.org/observations/31005772	Fungi	Basidiomycota	Agaricomycetes	Boletales	Gyroporaceae	Gyroporus	Gyroporus cyanescens		SPECIES	Gyroporus cyanescens (Bull.) Quél.	Gyroporus cyanescens		CA		Québec	PRESENT		28eb1a3f-1c15-4a95-931a-4af90ecb574d	46.957567	-71.2976	2458.0						2019-08-17T13:13	17	8	2019	2524265	2524265	HUMAN_OBSERVATION	iNaturalist	Observations	31005772		Ludo Leclerc	2019-08-26T14:19:45	CC_BY_NC_4_0	Nick Bédard	Nick Bédard			2025-01-14T12:59:25.943Z	StillImage	COORDINATE_ROUNDED;CONTINENT_DERIVED_FROM_COORDINATES;TAXON_MATCH_TAXON_ID_IGNORED
2576314124	50c9509d-22c7-4a22-a47d-8c48425ef4a7	https://www.inaturalist.org/observations/39447512	Fungi	Basidiomycota	Agaricomycetes	Boletales	Gyroporaceae	Gyroporus	Gyroporus cyanescens		SPECIES	Gyroporus cyanescens (Bull.) Quél.	Gyroporus cyanescens		CA		Québec	PRESENT		28eb1a3f-1c15-4a95-931a-4af90ecb574d	46.921535	-71.24295	61.0						2017-08-28	28	8	2017	2524265	2524265	HUMAN_OBSERVATION	iNaturalist	Observations	39447512		Christian Grenier	2020-03-02T12:46:18	CC_BY_NC_4_0	Christian Grenier	Christian Grenier			2025-01-14T12:10:46.397Z	StillImage	COORDINATE_ROUNDED;CONTINENT_DERIVED_FROM_COORDINATES;TAXON_MATCH_TAXON_ID_IGNORED
2576287280	50c9509d-22c7-4a22-a47d-8c48425ef4a7	https://www.inaturalist.org/observations/38445501	Fungi	Basidiomycota	Agaricomycetes	Boletales	Gyroporaceae	Gyroporus	Gyroporus cyanescens		SPECIES	Gyroporus cyanescens (Bull.) Quél.	Gyroporus cyanescens		CA		Québec	PRESENT		28eb1a3f-1c15-4a95-931a-4af90ecb574d	46.931356	-71.235932	6638.0						2018-07-31	31	7	2018	2524265	2524265	HUMAN_OBSERVATION	iNaturalist	Observations	38445501		Christian Grenier	2020-02-09T00:28:20	CC_BY_NC_4_0	Christian Grenier	Christian Grenier			2025-01-14T12:10:41.271Z	StillImage	COORDINATE_ROUNDED;CONTINENT_DERIVED_FROM_COORDINATES;TAXON_MATCH_TAXON_ID_IGNORED
2423612406	21705170-d2b6-42de-8904-c3bca4b83591	CMMF018678	Fungi	Basidiomycota	Agaricomycetes	Boletales	Gyroporaceae	Gyroporus	Gyroporus cyanescens		SPECIES	Boletus cyanescens Bull.	Boletus cyanescens Bull.	Bull.	CA	Chemin du lac 4	Québec	PRESENT		ff7bd5db-b724-4932-b496-10ea298851f9	45.991898	-73.993444	750.0						1979-08-11	11	8	1979	5239561	2524265	PRESERVED_SPECIMEN	Université de Montréal Biodiversity Centre	CMMF	CMMF018678	s.n.	Nantel, Patrick		CC0_1_0	Université de Montréal Biodiversity Centre	Nantel, Patrick			2024-01-24T16:38:18.479Z		INSTITUTION_MATCH_FUZZY;COLLECTION_MATCH_FUZZY;DIFFERENT_OWNER_INSTITUTION
2350445321	50c9509d-22c7-4a22-a47d-8c48425ef4a7	https://www.inaturalist.org/observations/30892530	Fungi	Basidiomycota	Agaricomycetes	Boletales	Gyroporaceae	Gyroporus	Gyroporus cyanescens		SPECIES	Gyroporus cyanescens (Bull.) Quél.	Gyroporus cyanescens		CA		New Brunswick	PRESENT		28eb1a3f-1c15-4a95-931a-4af90ecb574d	45.233078	-66.102622	10.0						2019-08-15T10:13	15	8	2019	2524265	2524265	HUMAN_OBSERVATION	iNaturalist	Observations	30892530		Alfredo Justo	2019-08-15T20:01:53	CC_BY_NC_4_0	Alfredo Justo	Alfredo Justo			2025-01-14T12:10:00.638Z	StillImage	COORDINATE_ROUNDED;CONTINENT_DERIVED_FROM_COORDINATES;TAXON_MATCH_TAXON_ID_IGNORED
2350441769	50c9509d-22c7-4a22-a47d-8c48425ef4a7	https://www.inaturalist.org/observations/30894216	Fungi	Basidiomycota	Agaricomycetes	Boletales	Gyroporaceae	Gyroporus	Gyroporus cyanescens		SPECIES	Gyroporus cyanescens (Bull.) Quél.	Gyroporus cyanescens		CA		New Brunswick	PRESENT		28eb1a3f-1c15-4a95-931a-4af90ecb574d	45.232792	-66.100289	10.0						2019-08-15T11:36	15	8	2019	2524265	2524265	HUMAN_OBSERVATION	iNaturalist	Observations	30894216		Alfredo Justo	2019-08-15T20:29:30	CC_BY_NC_4_0	Alfredo Justo	Alfredo Justo			2025-01-14T12:08:54.581Z	StillImage	COORDINATE_ROUNDED;CONTINENT_DERIVED_FROM_COORDINATES;TAXON_MATCH_TAXON_ID_IGNORED
2013685282	50c9509d-22c7-4a22-a47d-8c48425ef4a7	https://www.inaturalist.org/observations/16781624	Fungi	Basidiomycota	Agaricomycetes	Boletales	Gyroporaceae	Gyroporus	Gyroporus cyanescens		SPECIES	Gyroporus cyanescens (Bull.) Quél.	Gyroporus cyanescens		CA		Québec	PRESENT		28eb1a3f-1c15-4a95-931a-4af90ecb574d	45.491878	-75.625272							2016-09-25T15:34	25	9	2016	2524265	2524265	HUMAN_OBSERVATION	iNaturalist	Observations	16781624		jonathan_mack	2018-09-22T02:16:48	CC_BY_NC_4_0	jonathan_mack	jonathan_mack			2025-01-14T13:00:55.013Z	StillImage	COORDINATE_ROUNDED;CONTINENT_DERIVED_FROM_COORDINATES;TAXON_MATCH_TAXON_ID_IGNORED
1847414822	50c9509d-22c7-4a22-a47d-8c48425ef4a7	https://www.inaturalist.org/observations/10888093	Fungi	Basidiomycota	Agaricomycetes	Boletales	Gyroporaceae	Gyroporus	Gyroporus cyanescens		SPECIES	Gyroporus cyanescens (Bull.) Quél.	Gyroporus cyanescens		CA		Québec	PRESENT		28eb1a3f-1c15-4a95-931a-4af90ecb574d	45.94733	-74.912595							2009-09-06T15:47:39	6	9	2009	2524265	2524265	HUMAN_OBSERVATION	iNaturalist	Observations	10888093		John Plischke	2018-04-19T22:33:24	CC_BY_NC_4_0	John Plischke	John Plischke			2025-01-14T12:04:44.597Z		CONTINENT_DERIVED_FROM_COORDINATES;TAXON_MATCH_TAXON_ID_IGNORED
1831161509	50c9509d-22c7-4a22-a47d-8c48425ef4a7	https://www.inaturalist.org/observations/9590915	Fungi	Basidiomycota	Agaricomycetes	Boletales	Gyroporaceae	Gyroporus	Gyroporus cyanescens		SPECIES	Gyroporus cyanescens (Bull.) Quél.	Gyroporus cyanescens		CA		Ontario	PRESENT		28eb1a3f-1c15-4a95-931a-4af90ecb574d	45.69085	-78.32155	84661.0						2015-09-15	15	9	2015	2524265	2524265	HUMAN_OBSERVATION	iNaturalist	Observations	9590915		mycowalt	2018-01-23T22:57:08	CC_BY_NC_4_0	mycowalt	mycowalt			2025-01-14T12:04:21.410Z	StillImage	CONTINENT_DERIVED_FROM_COORDINATES;TAXON_MATCH_TAXON_ID_IGNORED
1831161459	50c9509d-22c7-4a22-a47d-8c48425ef4a7	https://www.inaturalist.org/observations/9592390	Fungi	Basidiomycota	Agaricomycetes	Boletales	Gyroporaceae	Gyroporus	Gyroporus cyanescens		SPECIES	Gyroporus cyanescens (Bull.) Quél.	Gyroporus cyanescens		CA		Ontario	PRESENT		28eb1a3f-1c15-4a95-931a-4af90ecb574d	45.35695	-79.0971	33539.0						2016-09-18	18	9	2016	2524265	2524265	HUMAN_OBSERVATION	iNaturalist	Observations	9592390		mycowalt	2018-01-24T00:55:36	CC_BY_NC_4_0	mycowalt	mycowalt			2025-01-14T13:00:14.253Z	StillImage	CONTINENT_DERIVED_FROM_COORDINATES;TAXON_MATCH_TAXON_ID_IGNORED
1807262609	e8a25a42-f125-476c-8554-3ec21cd51a84	ACAD:119286	Fungi	Basidiomycota	Agaricomycetes	Boletales	Gyroporaceae	Gyroporus	Gyroporus cyanescens		SPECIES	Gyroporus cyanescens (Bull.) Quél.	Gyroporus cyanescens (Bull.) Quel.	(Bull.) Quel.	CA	Fredericton	New Brunswick	PRESENT		6491ad8c-8e49-4bd4-a089-0ddb3bbe0890	45.945278	-66.666667							1959-09-05	5	9	1959	2524265	2524265	PRESERVED_SPECIMEN	Acadia University	ACAD	7992F	7992			CC0_1_0	Acadia University	Party, Congress			2024-01-25T01:37:02.964Z	StillImage	COORDINATE_ROUNDED;GEODETIC_DATUM_INVALID;GEODETIC_DATUM_ASSUMED_WGS84;TAXON_MATCH_TAXON_ID_IGNORED;INSTITUTION_MATCH_FUZZY;COLLECTION_MATCH_FUZZY
1807261705	e8a25a42-f125-476c-8554-3ec21cd51a84	ACAD:118119	Fungi	Basidiomycota	Agaricomycetes	Boletales	Gyroporaceae	Gyroporus	Gyroporus cyanescens		SPECIES	Gyroporus cyanescens (Bull.) Quél.	Gyroporus cyanescens (Bull.) Quel.	(Bull.) Quel.	CA	Kentville	Nova Scotia	PRESENT		6491ad8c-8e49-4bd4-a089-0ddb3bbe0890	45.07662	-64.49592							1974-09-01	1	9	1974	2524265	2524265	PRESERVED_SPECIMEN	Acadia University	ACAD	11118F	11118	H, KA		CC0_1_0	Acadia University	Harrison, KA			2024-01-25T01:37:16.599Z	StillImage	GEODETIC_DATUM_INVALID;GEODETIC_DATUM_ASSUMED_WGS84;TAXON_MATCH_TAXON_ID_IGNORED;INSTITUTION_MATCH_FUZZY;COLLECTION_MATCH_FUZZY
1807261157	e8a25a42-f125-476c-8554-3ec21cd51a84	ACAD:118188	Fungi	Basidiomycota	Agaricomycetes	Boletales	Gyroporaceae	Gyroporus	Gyroporus cyanescens		SPECIES	Gyroporus cyanescens (Bull.) Quél.	Gyroporus cyanescens (Bull.) Quel.	(Bull.) Quel.	CA	Cape Split	Nova Scotia	PRESENT		6491ad8c-8e49-4bd4-a089-0ddb3bbe0890	45.334283	-64.49612							1975-08-03	3	8	1975	2524265	2524265	PRESERVED_SPECIMEN	Acadia University	ACAD	11351F	11351	Harrison, KA		CC0_1_0	Acadia University	Bleakney, J; Boland, G			2024-01-25T01:37:16.585Z	StillImage	COORDINATE_ROUNDED;GEODETIC_DATUM_INVALID;GEODETIC_DATUM_ASSUMED_WGS84;TAXON_MATCH_TAXON_ID_IGNORED;INSTITUTION_MATCH_FUZZY;COLLECTION_MATCH_FUZZY
1807261055	e8a25a42-f125-476c-8554-3ec21cd51a84	ACAD:117676	Fungi	Basidiomycota	Agaricomycetes	Boletales	Gyroporaceae	Gyroporus	Gyroporus cyanescens		SPECIES	Gyroporus cyanescens (Bull.) Quél.	Gyroporus cyanescens (Bull.) Quel.	(Bull.) Quel.	CA	Kentville	Nova Scotia	PRESENT		6491ad8c-8e49-4bd4-a089-0ddb3bbe0890	45.07662	-64.49592							1973-08-08	8	8	1973	2524265	2524265	PRESERVED_SPECIMEN	Acadia University	ACAD	10447F	10447			CC0_1_0	Acadia University	H, KA			2024-01-25T01:37:08.105Z	StillImage	GEODETIC_DATUM_INVALID;GEODETIC_DATUM_ASSUMED_WGS84;TAXON_MATCH_TAXON_ID_IGNORED;INSTITUTION_MATCH_FUZZY;COLLECTION_MATCH_FUZZY
1807260750	e8a25a42-f125-476c-8554-3ec21cd51a84	ACAD:117656	Fungi	Basidiomycota	Agaricomycetes	Boletales	Gyroporaceae	Gyroporus	Gyroporus cyanescens		SPECIES	Gyroporus cyanescens (Bull.) Quél.	Gyroporus cyanescens (Bull.) Quel.	(Bull.) Quel.	CA	Sunken Lake	Nova Scotia	PRESENT		6491ad8c-8e49-4bd4-a089-0ddb3bbe0890	45.00332	-64.43881							1973-08-06	6	8	1973	2524265	2524265	PRESERVED_SPECIMEN	Acadia University	ACAD	10425F	10425	H, KA		CC0_1_0	Acadia University	H, KA			2024-01-25T01:37:08.087Z	StillImage	GEODETIC_DATUM_INVALID;GEODETIC_DATUM_ASSUMED_WGS84;TAXON_MATCH_TAXON_ID_IGNORED;INSTITUTION_MATCH_FUZZY;COLLECTION_MATCH_FUZZY
1807260657	e8a25a42-f125-476c-8554-3ec21cd51a84	ACAD:117636	Fungi	Basidiomycota	Agaricomycetes	Boletales	Gyroporaceae	Gyroporus	Gyroporus cyanescens		SPECIES	Gyroporus cyanescens (Bull.) Quél.	Gyroporus cyanescens (Bull.) Quel.	(Bull.) Quel.	CA	Coldbrook	Nova Scotia	PRESENT		6491ad8c-8e49-4bd4-a089-0ddb3bbe0890	45.06325	-64.58638							1973-07-30	30	7	1973	2524265	2524265	PRESERVED_SPECIMEN	Acadia University	ACAD	10397F	10397			CC0_1_0	Acadia University	H, KA			2024-01-25T01:37:08.145Z	StillImage	GEODETIC_DATUM_INVALID;GEODETIC_DATUM_ASSUMED_WGS84;TAXON_MATCH_TAXON_ID_IGNORED;INSTITUTION_MATCH_FUZZY;COLLECTION_MATCH_FUZZY
1807257383	e8a25a42-f125-476c-8554-3ec21cd51a84	ACAD:114340	Fungi	Basidiomycota	Agaricomycetes	Boletales	Gyroporaceae	Gyroporus	Gyroporus cyanescens		SPECIES	Gyroporus cyanescens (Bull.) Quél.	Gyroporus cyanescens (Bull.) Quel.	(Bull.) Quel.	CA	Kentville	Nova Scotia	PRESENT		6491ad8c-8e49-4bd4-a089-0ddb3bbe0890	45.07662	-64.49592							1930-07-30	30	7	1930	2524265	2524265	PRESERVED_SPECIMEN	Acadia University	ACAD	555F				CC0_1_0	Acadia University	W, RW			2024-01-25T01:37:14.288Z	StillImage	GEODETIC_DATUM_INVALID;GEODETIC_DATUM_ASSUMED_WGS84;TAXON_MATCH_TAXON_ID_IGNORED;INSTITUTION_MATCH_FUZZY;COLLECTION_MATCH_FUZZY
1807256086	e8a25a42-f125-476c-8554-3ec21cd51a84	ACAD:112563	Fungi	Basidiomycota	Agaricomycetes	Boletales	Gyroporaceae	Gyroporus	Gyroporus cyanescens		SPECIES	Gyroporus cyanescens (Bull.) Quél.	Gyroporus cyanescens (Bull.) Quel.	(Bull.) Quel.	CA	Kentville	Nova Scotia	PRESENT		6491ad8c-8e49-4bd4-a089-0ddb3bbe0890	45.07662	-64.49592							1953-08-14	14	8	1953	2524265	2524265	PRESERVED_SPECIMEN	Acadia University	ACAD	2455F	2455			CC0_1_0	Acadia University	Harrison, KA			2024-01-25T01:37:10.985Z	StillImage	GEODETIC_DATUM_INVALID;GEODETIC_DATUM_ASSUMED_WGS84;TAXON_MATCH_TAXON_ID_IGNORED;INSTITUTION_MATCH_FUZZY;COLLECTION_MATCH_FUZZY
1135071067	21705170-d2b6-42de-8904-c3bca4b83591	CMMF009627	Fungi	Basidiomycota	Agaricomycetes	Boletales	Gyroporaceae	Gyroporus	Gyroporus cyanescens		SPECIES	Gyroporus cyanescens (Bull.) Quél.	Gyroporus cyanescens (Bull.) Quél.	(Bull.) Quél.	CA	Château Bigot est, Québec.	Québec	PRESENT		ff7bd5db-b724-4932-b496-10ea298851f9	46.89949	-71.260192	1000.0						2007-07-28	28	7	2007	2524265	2524265	PRESERVED_SPECIMEN	Université de Montréal Biodiversity Centre	CMMF	CMMF009627	1211	Labrecque, Jacqueline		CC0_1_0	Université de Montréal Biodiversity Centre	Labrecque, Jacqueline			2024-01-24T16:38:20.989Z		INSTITUTION_MATCH_FUZZY;COLLECTION_MATCH_FUZZY;DIFFERENT_OWNER_INSTITUTION
1135071034	21705170-d2b6-42de-8904-c3bca4b83591	CMMF009570	Fungi	Basidiomycota	Agaricomycetes	Boletales	Gyroporaceae	Gyroporus	Gyroporus cyanescens		SPECIES	Gyroporus cyanescens (Bull.) Quél.	Gyroporus cyanescens (Bull.) Quél.	(Bull.) Quél.	CA	Côte Bédard, Québec.	Québec	PRESENT		ff7bd5db-b724-4932-b496-10ea298851f9	46.907478	-71.312257	1000.0						2007-07-20	20	7	2007	2524265	2524265	PRESERVED_SPECIMEN	Université de Montréal Biodiversity Centre	CMMF	CMMF009570	1154	Labrecque, Jacqueline		CC0_1_0	Université de Montréal Biodiversity Centre	Labrecque, Jacqueline			2024-01-24T16:38:21.703Z		INSTITUTION_MATCH_FUZZY;COLLECTION_MATCH_FUZZY;DIFFERENT_OWNER_INSTITUTION
1135070443	21705170-d2b6-42de-8904-c3bca4b83591	CMMF009025	Fungi	Basidiomycota	Agaricomycetes	Boletales	Gyroporaceae	Gyroporus	Gyroporus cyanescens		SPECIES	Gyroporus cyanescens (Bull.) Quél.	Gyroporus cyanescens (Bull.) Quél.	(Bull.) Quél.	CA	Chemin Chapelle, Lac-Beauport.	Québec	PRESENT		ff7bd5db-b724-4932-b496-10ea298851f9	46.949281	-71.284722	250.0						2006-08-23	23	8	2006	2524265	2524265	PRESERVED_SPECIMEN	Université de Montréal Biodiversity Centre	CMMF	CMMF009025	608	Labrecque, Jacqueline		CC0_1_0	Université de Montréal Biodiversity Centre	Labrecque, Jacqueline			2024-01-24T16:38:20.159Z		INSTITUTION_MATCH_FUZZY;COLLECTION_MATCH_FUZZY;DIFFERENT_OWNER_INSTITUTION
1135070426	21705170-d2b6-42de-8904-c3bca4b83591	CMMF009054	Fungi	Basidiomycota	Agaricomycetes	Boletales	Gyroporaceae	Gyroporus	Gyroporus cyanescens		SPECIES	Gyroporus cyanescens (Bull.) Quél.	Gyroporus cyanescens (Bull.) Quél.	(Bull.) Quél.	CA	Château Bigot, Lac-Beauport.	Québec	PRESENT		ff7bd5db-b724-4932-b496-10ea298851f9	46.898375	-71.266801	2000.0						2006-08-26	26	8	2006	2524265	2524265	PRESERVED_SPECIMEN	Université de Montréal Biodiversity Centre	CMMF	CMMF009054	637	Labrecque, Jacqueline		CC0_1_0	Université de Montréal Biodiversity Centre	Labrecque, Jacqueline			2024-01-24T16:38:20.167Z		INSTITUTION_MATCH_FUZZY;COLLECTION_MATCH_FUZZY;DIFFERENT_OWNER_INSTITUTION
1135070237	21705170-d2b6-42de-8904-c3bca4b83591	CMMF008787	Fungi	Basidiomycota	Agaricomycetes	Boletales	Gyroporaceae	Gyroporus	Gyroporus cyanescens		SPECIES	Gyroporus cyanescens (Bull.) Quél.	Gyroporus cyanescens (Bull.) Quél.	(Bull.) Quél.	CA	Chemin du Caillou, Lac-Beauport.	Québec	PRESENT		ff7bd5db-b724-4932-b496-10ea298851f9	46.988318	-71.326007	1000.0						2006-07-24	24	7	2006	2524265	2524265	PRESERVED_SPECIMEN	Université de Montréal Biodiversity Centre	CMMF	CMMF008787	369	Labrecque, Jacqueline		CC0_1_0	Université de Montréal Biodiversity Centre	Labrecque, Jacqueline			2024-01-24T16:38:18.828Z		INSTITUTION_MATCH_FUZZY;COLLECTION_MATCH_FUZZY;DIFFERENT_OWNER_INSTITUTION
1135069384	21705170-d2b6-42de-8904-c3bca4b83591	CMMF007994	Fungi	Basidiomycota	Agaricomycetes	Boletales	Gyroporaceae	Gyroporus	Gyroporus cyanescens		SPECIES	Gyroporus cyanescens (Bull.) Quél.	Gyroporus cyanescens (Bull.) Quél.	(Bull.) Quél.	CA	Val-Bélair	Québec	PRESENT		ff7bd5db-b724-4932-b496-10ea298851f9	46.854483	-71.64065	100.0						2005-09-28	28	9	2005	2524265	2524265	PRESERVED_SPECIMEN	Université de Montréal Biodiversity Centre	CMMF	CMMF007994	C2585	McNeil, Raymond		CC0_1_0	Université de Montréal Biodiversity Centre	McNeil, Raymond			2024-01-24T16:38:15.663Z	StillImage	COORDINATE_ROUNDED;INSTITUTION_MATCH_FUZZY;COLLECTION_MATCH_FUZZY;DIFFERENT_OWNER_INSTITUTION
1135069015	21705170-d2b6-42de-8904-c3bca4b83591	CMMF007525	Fungi	Basidiomycota	Agaricomycetes	Boletales	Gyroporaceae	Gyroporus	Gyroporus cyanescens		SPECIES	Gyroporus cyanescens (Bull.) Quél.	Gyroporus cyanescens (Bull.) Quél.	(Bull.) Quél.	CA	Tracy	Québec	PRESENT		ff7bd5db-b724-4932-b496-10ea298851f9	45.974167	-73.177433	100.0						1980-08-30	30	8	1980	2524265	2524265	PRESERVED_SPECIMEN	Université de Montréal Biodiversity Centre	CMMF	CMMF007525	849	McNeil, Raymond		CC0_1_0	Université de Montréal Biodiversity Centre	McNeil, Raymond			2024-01-24T16:38:15.944Z	StillImage	COORDINATE_ROUNDED;INSTITUTION_MATCH_FUZZY;COLLECTION_MATCH_FUZZY;DIFFERENT_OWNER_INSTITUTION
