gbifID	datasetKey	occurrenceID	kingdom	phylum	class	order	family	genus	species	infraspecificEpithet	taxonRank	scientificName	verbatimScientificName	verbatimScientificNameAuthorship	countryCode	locality	stateProvince	occurrenceStatus	individualCount	publishingOrgKey	decimalLatitude	decimalLongitude	coordinateUncertaintyInMeters	coordinatePrecision	elevation	elevationAccuracy	depth	depthAccuracy	eventDate	day	month	year	taxonKey	speciesKey	basisOfRecord	institutionCode	collectionCode	catalogNumber	recordNumber	identifiedBy	dateIdentified	license	rightsHolder	recordedBy	typeStatus	establishmentMeans	lastInterpreted	mediaType	issue
617555399	21705170-d2b6-42de-8904-c3bca4b83591	CMMF000079	Fungi	Basidiomycota	Agaricomycetes	Agaricales	Tricholomataceae	Tricholomopsis	Tricholomopsis rutilans		SPECIES	Tricholomopsis rutilans (Schaeff.) Singer	Tricholomopsis rutilans (Schaeff.) Singer	(Schaeff.) Singer	CA	Saint-Herménégilde	Québec	PRESENT		ff7bd5db-b724-4932-b496-10ea298851f9	45.105574	-71.672847	3000.0						1988-07-22	22	7	1988	2531814	2531814	PRESERVED_SPECIMEN	Université de Montréal Biodiversity Centre	CMMF	CMMF000079		Lamoureux, Yves		CC0_1_0	Université de Montréal Biodiversity Centre	Lamoureux, Yves			2024-01-24T16:38:20.581Z	StillImage	INSTITUTION_MATCH_FUZZY;COLLECTION_MATCH_FUZZY;DIFFERENT_OWNER_INSTITUTION
617554856	21705170-d2b6-42de-8904-c3bca4b83591	CMMF000548	Fungi	Basidiomycota	Agaricomycetes	Agaricales	Tricholomataceae	Tricholomopsis	Tricholomopsis rutilans		SPECIES	Tricholomopsis rutilans (Schaeff.) Singer	Tricholomopsis rutilans (Schaeff.) Singer	(Schaeff.) Singer	CA	Mirabel	Québec	PRESENT		ff7bd5db-b724-4932-b496-10ea298851f9	45.659599	-74.064294	18500.0						1989-07-05	5	7	1989	2531814	2531814	PRESERVED_SPECIMEN	Université de Montréal Biodiversity Centre	CMMF	CMMF000548		Lamoureux, Yves		CC0_1_0	Université de Montréal Biodiversity Centre	Lamoureux, Yves			2024-01-24T16:38:20.062Z	StillImage	INSTITUTION_MATCH_FUZZY;COLLECTION_MATCH_FUZZY;DIFFERENT_OWNER_INSTITUTION
617551066	21705170-d2b6-42de-8904-c3bca4b83591	CMMF002552	Fungi	Basidiomycota	Agaricomycetes	Agaricales	Tricholomataceae	Tricholomopsis	Tricholomopsis rutilans		SPECIES	Tricholomopsis rutilans (Schaeff.) Singer	Tricholomopsis rutilans (Schaeff.) Singer	(Schaeff.) Singer	CA	Mirabel	Québec	PRESENT		ff7bd5db-b724-4932-b496-10ea298851f9	45.659599	-74.064294	18500.0						1995-09-05	5	9	1995	2531814	2531814	PRESERVED_SPECIMEN	Université de Montréal Biodiversity Centre	CMMF	CMMF002552		Archambault, Raymond		CC0_1_0	Université de Montréal Biodiversity Centre	Archambault, Raymond			2024-01-24T16:38:19.548Z	StillImage	INSTITUTION_MATCH_FUZZY;COLLECTION_MATCH_FUZZY;DIFFERENT_OWNER_INSTITUTION
617549675	21705170-d2b6-42de-8904-c3bca4b83591	CMMF001938	Fungi	Basidiomycota	Agaricomycetes	Agaricales	Tricholomataceae	Tricholomopsis	Tricholomopsis rutilans		SPECIES	Tricholomopsis rutilans (Schaeff.) Singer	Tricholomopsis rutilans (Schaeff.) Singer	(Schaeff.) Singer	CA	Saint-Majorique	Québec	PRESENT		ff7bd5db-b724-4932-b496-10ea298851f9	45.931221	-72.584529	5000.0						1993-08-02	2	8	1993	2531814	2531814	PRESERVED_SPECIMEN	Université de Montréal Biodiversity Centre	CMMF	CMMF001938		Lamoureux, Yves		CC0_1_0	Université de Montréal Biodiversity Centre	Lamoureux, Yves			2024-01-24T16:38:17.362Z	StillImage	INSTITUTION_MATCH_FUZZY;COLLECTION_MATCH_FUZZY;DIFFERENT_OWNER_INSTITUTION
4952472377	50c9509d-22c7-4a22-a47d-8c48425ef4a7	https://www.inaturalist.org/observations/239707715	Fungi	Basidiomycota	Agaricomycetes	Agaricales	Tricholomataceae	Tricholomopsis	Tricholomopsis rutilans		SPECIES	Tricholomopsis rutilans (Schaeff.) Singer	Tricholomopsis rutilans		CA		Prince Edward Island	PRESENT		28eb1a3f-1c15-4a95-931a-4af90ecb574d	46.84967	-64.015944	4.0						2024-09-03T10:16:53	3	9	2024	2531814	2531814	HUMAN_OBSERVATION	iNaturalist	Observations	239707715		Rosemary Curley	2024-09-04T11:42:24	CC_BY_NC_4_0	Rosemary Curley	Rosemary Curley			2025-01-14T13:42:45.523Z	StillImage	COORDINATE_ROUNDED;CONTINENT_DERIVED_FROM_COORDINATES;TAXON_MATCH_TAXON_ID_IGNORED
4950466156	50c9509d-22c7-4a22-a47d-8c48425ef4a7	https://www.inaturalist.org/observations/243471373	Fungi	Basidiomycota	Agaricomycetes	Agaricales	Tricholomataceae	Tricholomopsis	Tricholomopsis rutilans		SPECIES	Tricholomopsis rutilans (Schaeff.) Singer	Tricholomopsis rutilans		CA		Prince Edward Island	PRESENT		28eb1a3f-1c15-4a95-931a-4af90ecb574d	46.692722	-64.019225	4.0						2024-09-22T18:51	22	9	2024	2531814	2531814	HUMAN_OBSERVATION	iNaturalist	Observations	243471373		Thelma Phillips	2024-09-22T23:28:27	CC_BY_NC_4_0	Thelma Phillips	Thelma Phillips			2025-01-14T13:43:36.584Z	StillImage	COORDINATE_ROUNDED;CONTINENT_DERIVED_FROM_COORDINATES;TAXON_MATCH_TAXON_ID_IGNORED
4936217997	50c9509d-22c7-4a22-a47d-8c48425ef4a7	https://www.inaturalist.org/observations/235614502	Fungi	Basidiomycota	Agaricomycetes	Agaricales	Tricholomataceae	Tricholomopsis	Tricholomopsis rutilans		SPECIES	Tricholomopsis rutilans (Schaeff.) Singer	Tricholomopsis rutilans		CA		Québec	PRESENT		28eb1a3f-1c15-4a95-931a-4af90ecb574d	48.670586	-72.473565							2024-08-12T17:14	12	8	2024	2531814	2531814	HUMAN_OBSERVATION	iNaturalist	Observations	235614502		Paul Vézina	2024-08-13T21:51:54	CC_BY_NC_4_0	Paul Vézina	Paul Vézina			2025-01-14T12:51:30.718Z	StillImage	COORDINATE_ROUNDED;CONTINENT_DERIVED_FROM_COORDINATES;TAXON_MATCH_TAXON_ID_IGNORED
4935945763	50c9509d-22c7-4a22-a47d-8c48425ef4a7	https://www.inaturalist.org/observations/235639308	Fungi	Basidiomycota	Agaricomycetes	Agaricales	Tricholomataceae	Tricholomopsis	Tricholomopsis rutilans		SPECIES	Tricholomopsis rutilans (Schaeff.) Singer	Tricholomopsis rutilans		CA		Québec	PRESENT		28eb1a3f-1c15-4a95-931a-4af90ecb574d	48.67195	-72.467412							2024-08-12T17:56	12	8	2024	2531814	2531814	HUMAN_OBSERVATION	iNaturalist	Observations	235639308		Paul Vézina	2024-08-14T00:50:14	CC_BY_NC_4_0	Paul Vézina	Paul Vézina			2025-01-14T12:49:23.154Z	StillImage	COORDINATE_ROUNDED;CONTINENT_DERIVED_FROM_COORDINATES;TAXON_MATCH_TAXON_ID_IGNORED
4901508419	50c9509d-22c7-4a22-a47d-8c48425ef4a7	https://www.inaturalist.org/observations/224747597	Fungi	Basidiomycota	Agaricomycetes	Agaricales	Tricholomataceae	Tricholomopsis	Tricholomopsis rutilans		SPECIES	Tricholomopsis rutilans (Schaeff.) Singer	Tricholomopsis rutilans		CA		Québec	PRESENT		28eb1a3f-1c15-4a95-931a-4af90ecb574d	45.872811	-76.4339	501.0						2024-06-17T15:27	17	6	2024	2531814	2531814	HUMAN_OBSERVATION	iNaturalist	Observations	224747597		L Joan Heyding	2024-06-23T21:42:15	CC_BY_NC_4_0	L Joan Heyding	L Joan Heyding			2025-01-14T12:54:14.255Z	StillImage	COORDINATE_ROUNDED;CONTINENT_DERIVED_FROM_COORDINATES;TAXON_MATCH_TAXON_ID_IGNORED
4500521761	50c9509d-22c7-4a22-a47d-8c48425ef4a7	https://www.inaturalist.org/observations/192881386	Fungi	Basidiomycota	Agaricomycetes	Agaricales	Tricholomataceae	Tricholomopsis	Tricholomopsis rutilans		SPECIES	Tricholomopsis rutilans (Schaeff.) Singer	Tricholomopsis rutilans		CA		Québec	PRESENT		28eb1a3f-1c15-4a95-931a-4af90ecb574d	47.393144	-71.371393	26871.0						2023-10-01T11:42:32	1	10	2023	2531814	2531814	HUMAN_OBSERVATION	iNaturalist	Observations	192881386		Kyme Rocheleau Lampro	2023-12-03T17:12:26	CC_BY_NC_4_0	Alex Wittemeier	Alex Wittemeier			2025-01-14T12:43:31.730Z	StillImage	COORDINATE_ROUNDED;CONTINENT_DERIVED_FROM_COORDINATES;TAXON_MATCH_TAXON_ID_IGNORED
4458355925	50c9509d-22c7-4a22-a47d-8c48425ef4a7	https://www.inaturalist.org/observations/168208997	Fungi	Basidiomycota	Agaricomycetes	Agaricales	Tricholomataceae	Tricholomopsis	Tricholomopsis rutilans		SPECIES	Tricholomopsis rutilans (Schaeff.) Singer	Tricholomopsis rutilans		CA		Prince Edward Island	PRESENT		28eb1a3f-1c15-4a95-931a-4af90ecb574d	46.692817	-64.019219	4.0						2023-06-18T20:04	18	6	2023	2531814	2531814	HUMAN_OBSERVATION	iNaturalist	Observations	168208997		Thelma Phillips	2023-06-19T00:21:42	CC_BY_NC_4_0	Thelma Phillips	Thelma Phillips			2025-01-14T13:27:15.076Z	StillImage	COORDINATE_ROUNDED;CONTINENT_DERIVED_FROM_COORDINATES;TAXON_MATCH_TAXON_ID_IGNORED
4440830192	50c9509d-22c7-4a22-a47d-8c48425ef4a7	https://www.inaturalist.org/observations/187919038	Fungi	Basidiomycota	Agaricomycetes	Agaricales	Tricholomataceae	Tricholomopsis	Tricholomopsis rutilans		SPECIES	Tricholomopsis rutilans (Schaeff.) Singer	Tricholomopsis rutilans		CA		Nova Scotia	PRESENT		28eb1a3f-1c15-4a95-931a-4af90ecb574d	45.06627	-64.475467	9.0						2023-10-17T13:58:17	17	10	2023	2531814	2531814	HUMAN_OBSERVATION	iNaturalist	Observations	187919038		jomamas	2023-10-17T17:03:31	CC_BY_NC_4_0	jomamas	jomamas			2025-01-14T12:41:49.338Z	StillImage	COORDINATE_ROUNDED;CONTINENT_DERIVED_FROM_COORDINATES;TAXON_MATCH_TAXON_ID_IGNORED
4400235634	50c9509d-22c7-4a22-a47d-8c48425ef4a7	https://www.inaturalist.org/observations/179151649	Fungi	Basidiomycota	Agaricomycetes	Agaricales	Tricholomataceae	Tricholomopsis	Tricholomopsis rutilans		SPECIES	Tricholomopsis rutilans (Schaeff.) Singer	Tricholomopsis rutilans		CA		Québec	PRESENT		28eb1a3f-1c15-4a95-931a-4af90ecb574d	46.030861	-73.702788	4.0						2023-08-19T10:17:12	19	8	2023	2531814	2531814	HUMAN_OBSERVATION	iNaturalist	Observations	179151649		timfoster	2023-08-19T14:25:19	CC_BY_NC_4_0	timfoster	timfoster			2025-01-14T12:38:30.507Z	StillImage	COORDINATE_ROUNDED;CONTINENT_DERIVED_FROM_COORDINATES;TAXON_MATCH_TAXON_ID_IGNORED
4177374938	50c9509d-22c7-4a22-a47d-8c48425ef4a7	https://www.inaturalist.org/observations/177811846	Fungi	Basidiomycota	Agaricomycetes	Agaricales	Tricholomataceae	Tricholomopsis	Tricholomopsis rutilans		SPECIES	Tricholomopsis rutilans (Schaeff.) Singer	Tricholomopsis rutilans		CA		New Brunswick	PRESENT		28eb1a3f-1c15-4a95-931a-4af90ecb574d	45.684235	-65.265962	107.0						2023-08-10T14:05:30	10	8	2023	2531814	2531814	HUMAN_OBSERVATION	iNaturalist	Observations	177811846		Abby Lamrock	2023-08-11T12:20:20	CC_BY_NC_4_0	Abby Lamrock	Abby Lamrock			2025-01-14T12:38:32.147Z	StillImage	COORDINATE_ROUNDED;CONTINENT_DERIVED_FROM_COORDINATES;TAXON_MATCH_TAXON_ID_IGNORED
4177364537	50c9509d-22c7-4a22-a47d-8c48425ef4a7	https://www.inaturalist.org/observations/177712531	Fungi	Basidiomycota	Agaricomycetes	Agaricales	Tricholomataceae	Tricholomopsis	Tricholomopsis rutilans		SPECIES	Tricholomopsis rutilans (Schaeff.) Singer	Tricholomopsis rutilans		CA		New Brunswick	PRESENT		28eb1a3f-1c15-4a95-931a-4af90ecb574d	45.683737	-65.264258	5.0						2023-08-10T14:05:22	10	8	2023	2531814	2531814	HUMAN_OBSERVATION	iNaturalist	Observations	177712531		jennahoyt	2023-08-10T19:18:53	CC_BY_NC_4_0	jennahoyt	jennahoyt			2025-01-14T12:37:47.646Z	StillImage	COORDINATE_ROUNDED;CONTINENT_DERIVED_FROM_COORDINATES;TAXON_MATCH_TAXON_ID_IGNORED
4166315656	695cef75-b65f-4776-b2ed-74565eebb16e	02-01000964394	Fungi	Basidiomycota	Agaricomycetes	Agaricales	Tricholomataceae	Tricholomopsis	Tricholomopsis rutilans		SPECIES	Tricholomopsis rutilans (Schaeff.) Singer	Tricholomopsis rutilans	(Schaeff.) Singer	CA	[not on label]	Ontario	PRESENT		055bd978-2daa-4543-b3f0-44e0e87e86ca	45.520833	-78.395833							1975-07-05	5	7	1975	2531814	2531814	PRESERVED_SPECIMEN	AAFC	DAOM	186495		J.F. Ammirati		CC_BY_4_0	©His Majesty the King in Right of Canada, as represented by the Minister of Agriculture and Agri-Food	J.F. Ammirati			2025-01-12T05:11:16.472Z		GEODETIC_DATUM_ASSUMED_WGS84;CONTINENT_DERIVED_FROM_COORDINATES;TAXON_MATCH_TAXON_ID_IGNORED;INSTITUTION_MATCH_FUZZY
4162398412	50c9509d-22c7-4a22-a47d-8c48425ef4a7	https://www.inaturalist.org/observations/172779127	Fungi	Basidiomycota	Agaricomycetes	Agaricales	Tricholomataceae	Tricholomopsis	Tricholomopsis rutilans		SPECIES	Tricholomopsis rutilans (Schaeff.) Singer	Tricholomopsis rutilans		CA		New Brunswick	PRESENT		28eb1a3f-1c15-4a95-931a-4af90ecb574d	45.991603	-66.595208	4.0						2023-07-13T19:45:06	13	7	2023	2531814	2531814	HUMAN_OBSERVATION	iNaturalist	Observations	172779127		noppoly	2023-07-14T01:51:48	CC_BY_NC_4_0	noppoly	noppoly			2025-01-14T13:31:29.145Z	StillImage	COORDINATE_ROUNDED;CONTINENT_DERIVED_FROM_COORDINATES;TAXON_MATCH_TAXON_ID_IGNORED
4153827848	50c9509d-22c7-4a22-a47d-8c48425ef4a7	https://www.inaturalist.org/observations/171031414	Fungi	Basidiomycota	Agaricomycetes	Agaricales	Tricholomataceae	Tricholomopsis	Tricholomopsis rutilans		SPECIES	Tricholomopsis rutilans (Schaeff.) Singer	Tricholomopsis rutilans		CA		Prince Edward Island	PRESENT		28eb1a3f-1c15-4a95-931a-4af90ecb574d	46.692794	-64.019225	4.0						2023-07-04T10:18	4	7	2023	2531814	2531814	HUMAN_OBSERVATION	iNaturalist	Observations	171031414		Thelma Phillips	2023-07-04T15:19:41	CC_BY_NC_4_0	Thelma Phillips	Thelma Phillips			2025-01-14T12:38:38.161Z	StillImage	COORDINATE_ROUNDED;CONTINENT_DERIVED_FROM_COORDINATES;TAXON_MATCH_TAXON_ID_IGNORED
3994261580	50c9509d-22c7-4a22-a47d-8c48425ef4a7	https://www.inaturalist.org/observations/135550502	Fungi	Basidiomycota	Agaricomycetes	Agaricales	Tricholomataceae	Tricholomopsis	Tricholomopsis rutilans		SPECIES	Tricholomopsis rutilans (Schaeff.) Singer	Tricholomopsis rutilans		CA		Ontario	PRESENT		28eb1a3f-1c15-4a95-931a-4af90ecb574d	45.105103	-77.88488	12.0						2022-09-18T13:59:55	18	9	2022	2531814	2531814	HUMAN_OBSERVATION	iNaturalist	Observations	135550502		Diana Smith	2022-09-18T18:00:08	CC_BY_NC_4_0	Diana Smith	Diana Smith			2025-01-14T13:20:06.303Z	StillImage	COORDINATE_ROUNDED;CONTINENT_DERIVED_FROM_COORDINATES;TAXON_MATCH_TAXON_ID_IGNORED
3947713480	50c9509d-22c7-4a22-a47d-8c48425ef4a7	https://www.inaturalist.org/observations/138855092	Fungi	Basidiomycota	Agaricomycetes	Agaricales	Tricholomataceae	Tricholomopsis	Tricholomopsis rutilans		SPECIES	Tricholomopsis rutilans (Schaeff.) Singer	Tricholomopsis rutilans		CA		Ontario	PRESENT		28eb1a3f-1c15-4a95-931a-4af90ecb574d	45.550983	-77.337758	297.0						2022-10-15T11:16:36	15	10	2022	2531814	2531814	HUMAN_OBSERVATION	iNaturalist	Observations	138855092		ps26	2022-10-15T16:13:02	CC_BY_NC_4_0	ps26	ps26			2025-01-14T13:25:13.652Z	StillImage	COORDINATE_ROUNDED;CONTINENT_DERIVED_FROM_COORDINATES;TAXON_MATCH_TAXON_ID_IGNORED
3947491234	50c9509d-22c7-4a22-a47d-8c48425ef4a7	https://www.inaturalist.org/observations/138568555	Fungi	Basidiomycota	Agaricomycetes	Agaricales	Tricholomataceae	Tricholomopsis	Tricholomopsis rutilans		SPECIES	Tricholomopsis rutilans (Schaeff.) Singer	Tricholomopsis rutilans		CA		Ontario	PRESENT		28eb1a3f-1c15-4a95-931a-4af90ecb574d	45.199292	-75.055764	10.0						2022-10-12T14:41:56	12	10	2022	2531814	2531814	HUMAN_OBSERVATION	iNaturalist	Observations	138568555		Lynn Ovenden	2022-10-13T01:19:03	CC_BY_NC_4_0	Lynn Ovenden	Lynn Ovenden			2025-01-14T13:21:04.015Z	StillImage	COORDINATE_ROUNDED;CONTINENT_DERIVED_FROM_COORDINATES;TAXON_MATCH_TAXON_ID_IGNORED
3912419340	50c9509d-22c7-4a22-a47d-8c48425ef4a7	https://www.inaturalist.org/observations/135569998	Fungi	Basidiomycota	Agaricomycetes	Agaricales	Tricholomataceae	Tricholomopsis	Tricholomopsis rutilans		SPECIES	Tricholomopsis rutilans (Schaeff.) Singer	Tricholomopsis rutilans		CA		Ontario	PRESENT		28eb1a3f-1c15-4a95-931a-4af90ecb574d	45.408546	-75.545525	185.0						2022-09-18T12:41	18	9	2022	2531814	2531814	HUMAN_OBSERVATION	iNaturalist	Observations	135569998		Igor Khomenko	2022-09-19T12:48:07	CC_BY_NC_4_0	Igor Khomenko	Igor Khomenko			2025-01-14T13:32:29.418Z	StillImage	COORDINATE_ROUNDED;CONTINENT_DERIVED_FROM_COORDINATES;TAXON_MATCH_TAXON_ID_IGNORED
3903509479	50c9509d-22c7-4a22-a47d-8c48425ef4a7	https://www.inaturalist.org/observations/134362650	Fungi	Basidiomycota	Agaricomycetes	Agaricales	Tricholomataceae	Tricholomopsis	Tricholomopsis rutilans		SPECIES	Tricholomopsis rutilans (Schaeff.) Singer	Tricholomopsis rutilans		CA		New Brunswick	PRESENT		28eb1a3f-1c15-4a95-931a-4af90ecb574d	45.945403	-66.110153	100.0						2022-09-08T11:08	8	9	2022	2531814	2531814	HUMAN_OBSERVATION	iNaturalist	Observations	134362650		Alfredo Justo	2022-09-09T23:57:05	CC_BY_NC_4_0	Alfredo Justo	Alfredo Justo			2025-01-14T13:25:17.400Z	StillImage	COORDINATE_ROUNDED;CONTINENT_DERIVED_FROM_COORDINATES;TAXON_MATCH_TAXON_ID_IGNORED
3873916329	50c9509d-22c7-4a22-a47d-8c48425ef4a7	https://www.inaturalist.org/observations/126153365	Fungi	Basidiomycota	Agaricomycetes	Agaricales	Tricholomataceae	Tricholomopsis	Tricholomopsis rutilans		SPECIES	Tricholomopsis rutilans (Schaeff.) Singer	Tricholomopsis rutilans		CA		Québec	PRESENT		28eb1a3f-1c15-4a95-931a-4af90ecb574d	45.965498	-76.428197	27095.0						2022-07-12T15:55	12	7	2022	2531814	2531814	HUMAN_OBSERVATION	iNaturalist	Observations	126153365		L Joan Heyding	2022-07-14T02:26:38	CC_BY_NC_4_0	L Joan Heyding	L Joan Heyding			2025-01-14T12:31:44.284Z	StillImage	COORDINATE_ROUNDED;CONTINENT_DERIVED_FROM_COORDINATES;TAXON_MATCH_TAXON_ID_IGNORED
3466305160	50c9509d-22c7-4a22-a47d-8c48425ef4a7	https://www.inaturalist.org/observations/105398120	Fungi	Basidiomycota	Agaricomycetes	Agaricales	Tricholomataceae	Tricholomopsis	Tricholomopsis rutilans		SPECIES	Tricholomopsis rutilans (Schaeff.) Singer	Tricholomopsis rutilans		CA		New Brunswick	PRESENT		28eb1a3f-1c15-4a95-931a-4af90ecb574d	46.389245	-64.618661	8.0						2021-08-28T12:53	28	8	2021	2531814	2531814	HUMAN_OBSERVATION	iNaturalist	Observations	105398120		Stuart Tingley	2022-01-22T23:58:38	CC_BY_NC_4_0	Stuart Tingley	Stuart Tingley			2025-01-14T12:27:05.985Z	StillImage	COORDINATE_ROUNDED;CONTINENT_DERIVED_FROM_COORDINATES;TAXON_MATCH_TAXON_ID_IGNORED
3456966800	50c9509d-22c7-4a22-a47d-8c48425ef4a7	https://www.inaturalist.org/observations/104314278	Fungi	Basidiomycota	Agaricomycetes	Agaricales	Tricholomataceae	Tricholomopsis	Tricholomopsis rutilans		SPECIES	Tricholomopsis rutilans (Schaeff.) Singer	Tricholomopsis rutilans		CA		New Brunswick	PRESENT		28eb1a3f-1c15-4a95-931a-4af90ecb574d	46.385178	-64.649755	298.0						2021-10-05T14:17	5	10	2021	2531814	2531814	HUMAN_OBSERVATION	iNaturalist	Observations	104314278		Stuart Tingley	2022-01-04T01:25:19	CC_BY_NC_4_0	Stuart Tingley	Stuart Tingley			2025-01-14T13:14:47.297Z	StillImage	COORDINATE_ROUNDED;CONTINENT_DERIVED_FROM_COORDINATES;TAXON_MATCH_TAXON_ID_IGNORED
3314251218	50c9509d-22c7-4a22-a47d-8c48425ef4a7	https://www.inaturalist.org/observations/84043161	Fungi	Basidiomycota	Agaricomycetes	Agaricales	Tricholomataceae	Tricholomopsis	Tricholomopsis rutilans		SPECIES	Tricholomopsis rutilans (Schaeff.) Singer	Tricholomopsis rutilans		CA		Québec	PRESENT		28eb1a3f-1c15-4a95-931a-4af90ecb574d	45.915767	-74.05848	10.0						2021-06-22T07:41:53	22	6	2021	2531814	2531814	HUMAN_OBSERVATION	iNaturalist	Observations	84043161		Sigrid Jakob	2021-06-22T12:32:46	CC_BY_NC_4_0	timfoster	timfoster			2025-01-14T13:09:25.934Z	StillImage	COORDINATE_ROUNDED;CONTINENT_DERIVED_FROM_COORDINATES;TAXON_MATCH_TAXON_ID_IGNORED
2864576094	50c9509d-22c7-4a22-a47d-8c48425ef4a7	https://www.inaturalist.org/observations/59853885	Fungi	Basidiomycota	Agaricomycetes	Agaricales	Tricholomataceae	Tricholomopsis	Tricholomopsis rutilans		SPECIES	Tricholomopsis rutilans (Schaeff.) Singer	Tricholomopsis rutilans		CA		Ontario	PRESENT		28eb1a3f-1c15-4a95-931a-4af90ecb574d	45.166125	-75.934953	301.0						2020-09-16T16:25:55	16	9	2020	2531814	2531814	HUMAN_OBSERVATION	iNaturalist	Observations	59853885		Alexis Williams	2020-09-17T06:52:21	CC_BY_4_0	Alexis Williams	Alexis Williams			2025-01-14T12:15:07.521Z	StillImage	COORDINATE_ROUNDED;CONTINENT_DERIVED_FROM_COORDINATES;TAXON_MATCH_TAXON_ID_IGNORED
2856814334	50c9509d-22c7-4a22-a47d-8c48425ef4a7	https://www.inaturalist.org/observations/57633145	Fungi	Basidiomycota	Agaricomycetes	Agaricales	Tricholomataceae	Tricholomopsis	Tricholomopsis rutilans		SPECIES	Tricholomopsis rutilans (Schaeff.) Singer	Tricholomopsis rutilans		CA		Ontario	PRESENT		28eb1a3f-1c15-4a95-931a-4af90ecb574d	45.362838	-75.23549	284.0						2020-08-25T22:06:33	25	8	2020	2531814	2531814	HUMAN_OBSERVATION	iNaturalist	Observations	57633145		Lynn Ovenden	2020-08-26T13:02:40	CC_BY_NC_4_0	Lynn Ovenden	Lynn Ovenden			2025-01-14T12:15:33.173Z	StillImage	COORDINATE_ROUNDED;CONTINENT_DERIVED_FROM_COORDINATES;TAXON_MATCH_TAXON_ID_IGNORED
2856621839	50c9509d-22c7-4a22-a47d-8c48425ef4a7	https://www.inaturalist.org/observations/57267707	Fungi	Basidiomycota	Agaricomycetes	Agaricales	Tricholomataceae	Tricholomopsis	Tricholomopsis rutilans		SPECIES	Tricholomopsis rutilans (Schaeff.) Singer	Tricholomopsis rutilans		CA		Québec	PRESENT		28eb1a3f-1c15-4a95-931a-4af90ecb574d	45.465588	-73.637317	27158.0						2020-08-22T17:30:54	22	8	2020	2531814	2531814	HUMAN_OBSERVATION	iNaturalist	Observations	57267707		Michelle Saint-Martin	2020-08-24T20:10:52	CC_BY_NC_4_0	mileend	mileend			2025-01-14T12:15:16.264Z	StillImage	COORDINATE_ROUNDED;CONTINENT_DERIVED_FROM_COORDINATES;TAXON_MATCH_TAXON_ID_IGNORED
2856520295	50c9509d-22c7-4a22-a47d-8c48425ef4a7	https://www.inaturalist.org/observations/57633351	Fungi	Basidiomycota	Agaricomycetes	Agaricales	Tricholomataceae	Tricholomopsis	Tricholomopsis rutilans		SPECIES	Tricholomopsis rutilans (Schaeff.) Singer	Tricholomopsis rutilans		CA		Ontario	PRESENT		28eb1a3f-1c15-4a95-931a-4af90ecb574d	45.362568	-75.235727	498.0						2020-08-25T15:20:54	25	8	2020	2531814	2531814	HUMAN_OBSERVATION	iNaturalist	Observations	57633351		Lynn Ovenden	2020-08-26T13:05:31	CC_BY_NC_4_0	Lynn Ovenden	Lynn Ovenden			2025-01-14T13:09:41.431Z	StillImage	COORDINATE_ROUNDED;CONTINENT_DERIVED_FROM_COORDINATES;TAXON_MATCH_TAXON_ID_IGNORED
2574217153	50c9509d-22c7-4a22-a47d-8c48425ef4a7	https://www.inaturalist.org/observations/28651304	Fungi	Basidiomycota	Agaricomycetes	Agaricales	Tricholomataceae	Tricholomopsis	Tricholomopsis rutilans		SPECIES	Tricholomopsis rutilans (Schaeff.) Singer	Tricholomopsis rutilans		CA		Québec	PRESENT		28eb1a3f-1c15-4a95-931a-4af90ecb574d	48.213406	-78.848217							2015-08-23T19:05	23	8	2015	2531814	2531814	HUMAN_OBSERVATION	iNaturalist	Observations	28651304		Jonathan Jensen-Lynch	2019-07-12T02:09:54	CC_BY_NC_4_0	Jonathan Jensen-Lynch	Jonathan Jensen-Lynch			2025-01-14T13:03:07.984Z	StillImage	COORDINATE_ROUNDED;CONTINENT_DERIVED_FROM_COORDINATES;TAXON_MATCH_TAXON_ID_IGNORED
2574070345	50c9509d-22c7-4a22-a47d-8c48425ef4a7	https://www.inaturalist.org/observations/34785145	Fungi	Basidiomycota	Agaricomycetes	Agaricales	Tricholomataceae	Tricholomopsis	Tricholomopsis rutilans		SPECIES	Tricholomopsis rutilans (Schaeff.) Singer	Tricholomopsis rutilans		CA		New Brunswick	PRESENT		28eb1a3f-1c15-4a95-931a-4af90ecb574d	46.16595	-64.330641	1502.0						2018-09-14T16:14	14	9	2018	2531814	2531814	HUMAN_OBSERVATION	iNaturalist	Observations	34785145		Raymonde G Chartier	2019-10-23T15:25:29	CC_BY_NC_4_0	Raymonde G Chartier	Raymonde G Chartier			2025-01-14T12:09:54.029Z	StillImage	COORDINATE_ROUNDED;CONTINENT_DERIVED_FROM_COORDINATES;TAXON_MATCH_TAXON_ID_IGNORED
2573923227	50c9509d-22c7-4a22-a47d-8c48425ef4a7	https://www.inaturalist.org/observations/34532501	Fungi	Basidiomycota	Agaricomycetes	Agaricales	Tricholomataceae	Tricholomopsis	Tricholomopsis rutilans		SPECIES	Tricholomopsis rutilans (Schaeff.) Singer	Tricholomopsis rutilans		CA		New Brunswick	PRESENT		28eb1a3f-1c15-4a95-931a-4af90ecb574d	46.211818	-64.28837	488.0						2014-09-13T10:36	13	9	2014	2531814	2531814	HUMAN_OBSERVATION	iNaturalist	Observations	34532501		Raymonde G Chartier	2019-10-18T12:04:28	CC_BY_NC_4_0	Raymonde G Chartier	Raymonde G Chartier			2025-01-14T13:00:33.780Z	StillImage	COORDINATE_ROUNDED;CONTINENT_DERIVED_FROM_COORDINATES;TAXON_MATCH_TAXON_ID_IGNORED
2573902228	50c9509d-22c7-4a22-a47d-8c48425ef4a7	https://www.inaturalist.org/observations/34158290	Fungi	Basidiomycota	Agaricomycetes	Agaricales	Tricholomataceae	Tricholomopsis	Tricholomopsis rutilans		SPECIES	Tricholomopsis rutilans (Schaeff.) Singer	Tricholomopsis rutilans		CA		New Brunswick	PRESENT		28eb1a3f-1c15-4a95-931a-4af90ecb574d	46.472276	-64.724265	3403.0						2012-08-19T13:30	19	8	2012	2531814	2531814	HUMAN_OBSERVATION	iNaturalist	Observations	34158290		Raymonde G Chartier	2019-10-10T13:29:54	CC_BY_NC_4_0	Raymonde G Chartier	Raymonde G Chartier			2025-01-14T12:59:47.105Z	StillImage	COORDINATE_ROUNDED;CONTINENT_DERIVED_FROM_COORDINATES;TAXON_MATCH_TAXON_ID_IGNORED
2423613041	21705170-d2b6-42de-8904-c3bca4b83591	CMMF018855	Fungi	Basidiomycota	Agaricomycetes	Agaricales	Tricholomataceae	Tricholomopsis	Tricholomopsis rutilans		SPECIES	Tricholomopsis rutilans (Schaeff.) Singer	Tricholomopsis rutilans (Schaeff.) Singer	(Schaeff.) Singer	CA	Station de biologie des Laurentides, Université de Montréal	Québec	PRESENT		ff7bd5db-b724-4932-b496-10ea298851f9	45.988108	-74.005679	25000.0						1986-08-31	31	8	1986	2531814	2531814	PRESERVED_SPECIMEN	Université de Montréal Biodiversity Centre	CMMF	CMMF018855	s.n.	Nantel, Patrick		CC0_1_0	Université de Montréal Biodiversity Centre	Nantel, Patrick			2024-01-24T16:38:18.674Z		INSTITUTION_MATCH_FUZZY;COLLECTION_MATCH_FUZZY;DIFFERENT_OWNER_INSTITUTION
1990301867	032f1fbe-d21f-407d-be46-5cd1bb1ea397	766c2e09-4887-4bbf-84a4-3bd4c6d3d820	Fungi	Basidiomycota	Agaricomycetes	Agaricales	Tricholomataceae	Tricholomopsis	Tricholomopsis rutilans		SPECIES	Tricholomopsis rutilans (Schaeff.) Singer	Tricholomopsis rutilans	(Schaeff.) Singer	CA	Scots Bay, Cape Split	Nova Scotia	PRESENT		61c539d8-47e0-4b82-875f-b95aad66dcd4	45.326389	-64.438889							1965-07-26	26	7	1965	2531814	2531814	PRESERVED_SPECIMEN	TENN-F		TENN-F-028634	RHP28634			CC0_1_0		R.H. Petersen & P.D. Olexia			2025-01-12T10:33:39.431Z		COORDINATE_ROUNDED;GEODETIC_DATUM_ASSUMED_WGS84;CONTINENT_DERIVED_FROM_COORDINATES;TAXON_MATCH_TAXON_ID_IGNORED;INSTITUTION_MATCH_NONE
1807255806	e8a25a42-f125-476c-8554-3ec21cd51a84	ACAD:112140	Fungi	Basidiomycota	Agaricomycetes	Agaricales	Tricholomataceae	Tricholomopsis	Tricholomopsis rutilans		SPECIES	Tricholomopsis rutilans (Schaeff.) Singer	Tricholomopsis rutilans (Schaeff.) Singer	(Schaeff.) Singer	CA	Auburn	Nova Scotia	PRESENT		6491ad8c-8e49-4bd4-a089-0ddb3bbe0890	45.01822	-64.87038							1952-10-15	15	10	1952	2531814	2531814	PRESERVED_SPECIMEN	Acadia University	ACAD	1841F	1841			CC0_1_0	Acadia University	H, KA			2024-01-25T01:37:05.889Z	StillImage	GEODETIC_DATUM_INVALID;GEODETIC_DATUM_ASSUMED_WGS84;INSTITUTION_MATCH_FUZZY;COLLECTION_MATCH_FUZZY
1412707420	21705170-d2b6-42de-8904-c3bca4b83591	CMMF015841	Fungi	Basidiomycota	Agaricomycetes	Agaricales	Tricholomataceae	Tricholomopsis	Tricholomopsis rutilans		SPECIES	Tricholomopsis rutilans (Schaeff.) Singer	Tricholomopsis rutilans (Schaeff.) Singer	(Schaeff.) Singer	CA	Chicoutimi, Québec.	Québec	PRESENT		ff7bd5db-b724-4932-b496-10ea298851f9	48.368277	-71.119642	15000.0						1977-07-14	14	7	1977	2531814	2531814	PRESERVED_SPECIMEN	Université de Montréal Biodiversity Centre	CMMF	CMMF015841	2543	Guérin, Gérard		CC0_1_0	Université de Montréal Biodiversity Centre	Guérin, Gérard			2024-01-24T16:38:16.531Z	StillImage	INSTITUTION_MATCH_FUZZY;COLLECTION_MATCH_FUZZY;DIFFERENT_OWNER_INSTITUTION
1412706385	21705170-d2b6-42de-8904-c3bca4b83591	CMMF014802	Fungi	Basidiomycota	Agaricomycetes	Agaricales	Tricholomataceae	Tricholomopsis	Tricholomopsis rutilans		SPECIES	Tricholomopsis rutilans (Schaeff.) Singer	Tricholomopsis rutilans (Schaeff.) Singer	(Schaeff.) Singer	CA	Chicoutimi, Québec.	Québec	PRESENT		ff7bd5db-b724-4932-b496-10ea298851f9	48.368277	-71.119642	15000.0						1982-06-24	24	6	1982	2531814	2531814	PRESERVED_SPECIMEN	Université de Montréal Biodiversity Centre	CMMF	CMMF014802	2545	Guérin, Gérard		CC0_1_0	Université de Montréal Biodiversity Centre	Guérin, Gérard			2024-01-24T16:38:20.639Z	StillImage	INSTITUTION_MATCH_FUZZY;COLLECTION_MATCH_FUZZY;DIFFERENT_OWNER_INSTITUTION
1412706235	21705170-d2b6-42de-8904-c3bca4b83591	CMMF014803	Fungi	Basidiomycota	Agaricomycetes	Agaricales	Tricholomataceae	Tricholomopsis	Tricholomopsis rutilans		SPECIES	Tricholomopsis rutilans (Schaeff.) Singer	Tricholomopsis rutilans (Schaeff.) Singer	(Schaeff.) Singer	CA	R. Langevin, Chicoutimi, Québec.	Québec	PRESENT		ff7bd5db-b724-4932-b496-10ea298851f9	48.400335	-71.03723	3500.0						1992-07-12	12	7	1992	2531814	2531814	PRESERVED_SPECIMEN	Université de Montréal Biodiversity Centre	CMMF	CMMF014803	2546	Guérin, Gérard		CC0_1_0	Université de Montréal Biodiversity Centre	Guérin, Gérard			2024-01-24T16:38:20.640Z	StillImage	INSTITUTION_MATCH_FUZZY;COLLECTION_MATCH_FUZZY;DIFFERENT_OWNER_INSTITUTION
1144853917	81e6cff2-b409-417e-8c72-e1bbafb7c61f	e52613f4-1b46-42a2-aedd-2f36252503de	Fungi	Basidiomycota	Agaricomycetes	Agaricales	Tricholomataceae	Tricholomopsis	Tricholomopsis rutilans		SPECIES	Tricholomopsis rutilans (Schaeff.) Singer	Tricholomopsis rutilans (Schaeff.) Singer	(Schaeff.) Singer	CA		Québec	PRESENT		7b8aff00-a9f8-11d8-944b-b8a03c50a862	46.75	-71.7	11517.0						1938-08-18	18	8	1938	2531814	2531814	PRESERVED_SPECIMEN	F	Botany	C0217699F	13717			CC0_1_0	The Field Museum of Natural History	Frère Marie-Anselme			2024-02-20T16:06:34.680Z	StillImage	GEODETIC_DATUM_ASSUMED_WGS84;MODIFIED_DATE_INVALID;AMBIGUOUS_COLLECTION;INSTITUTION_MATCH_FUZZY
1135069678	21705170-d2b6-42de-8904-c3bca4b83591	CMMF008155	Fungi	Basidiomycota	Agaricomycetes	Agaricales	Tricholomataceae	Tricholomopsis	Tricholomopsis rutilans		SPECIES	Tricholomopsis rutilans (Schaeff.) Singer	Tricholomopsis rutilans (Schaeff.) Singer	(Schaeff.) Singer	CA	Rimouski	Québec	PRESENT		ff7bd5db-b724-4932-b496-10ea298851f9	48.4206	-68.589317	100.0						2007-07-20	20	7	2007	2531814	2531814	PRESERVED_SPECIMEN	Université de Montréal Biodiversity Centre	CMMF	CMMF008155	Inexistant	McNeil, Raymond		CC0_1_0	Université de Montréal Biodiversity Centre	McNeil, Raymond			2024-01-24T16:38:18.250Z	StillImage	COORDINATE_ROUNDED;INSTITUTION_MATCH_FUZZY;COLLECTION_MATCH_FUZZY;DIFFERENT_OWNER_INSTITUTION
1135068395	21705170-d2b6-42de-8904-c3bca4b83591	CMMF006903	Fungi	Basidiomycota	Agaricomycetes	Agaricales	Tricholomataceae	Tricholomopsis	Tricholomopsis rutilans		SPECIES	Tricholomopsis rutilans (Schaeff.) Singer	Tricholomopsis rutilans (Schaeff.) Singer	(Schaeff.) Singer	CA	Lachute	Québec	PRESENT		ff7bd5db-b724-4932-b496-10ea298851f9	45.66275	-74.241983	100.0						2005-09-05	5	9	2005	2531814	2531814	PRESERVED_SPECIMEN	Université de Montréal Biodiversity Centre	CMMF	CMMF006903	C2417	McNeil, Raymond		CC0_1_0	Université de Montréal Biodiversity Centre	McNeil, Raymond			2024-01-24T16:38:18.632Z	StillImage	COORDINATE_ROUNDED;INSTITUTION_MATCH_FUZZY;COLLECTION_MATCH_FUZZY;DIFFERENT_OWNER_INSTITUTION
1135068367	21705170-d2b6-42de-8904-c3bca4b83591	CMMF006834	Fungi	Basidiomycota	Agaricomycetes	Agaricales	Tricholomataceae	Tricholomopsis	Tricholomopsis rutilans		SPECIES	Tricholomopsis rutilans (Schaeff.) Singer	Tricholomopsis rutilans (Schaeff.) Singer	(Schaeff.) Singer	CA	Lachute	Québec	PRESENT		ff7bd5db-b724-4932-b496-10ea298851f9	45.66275	-74.241983	100.0						1980-09-20	20	9	1980	2531814	2531814	PRESERVED_SPECIMEN	Université de Montréal Biodiversity Centre	CMMF	CMMF006834	923	McNeil, Raymond		CC0_1_0	Université de Montréal Biodiversity Centre	McNeil, Raymond			2024-01-24T16:38:18.541Z	StillImage	COORDINATE_ROUNDED;INSTITUTION_MATCH_FUZZY;COLLECTION_MATCH_FUZZY;DIFFERENT_OWNER_INSTITUTION
1135068050	21705170-d2b6-42de-8904-c3bca4b83591	CMMF006533	Fungi	Basidiomycota	Agaricomycetes	Agaricales	Tricholomataceae	Tricholomopsis	Tricholomopsis rutilans		SPECIES	Tricholomopsis rutilans (Schaeff.) Singer	Tricholomopsis rutilans (Schaeff.) Singer	(Schaeff.) Singer	CA	Saint-Lazare	Québec	PRESENT		ff7bd5db-b724-4932-b496-10ea298851f9	45.393333	-74.215833	100.0						1977-09-22	22	9	1977	2531814	2531814	PRESERVED_SPECIMEN	Université de Montréal Biodiversity Centre	CMMF	CMMF006533	Inexistant	McNeil, Raymond		CC0_1_0	Université de Montréal Biodiversity Centre	McNeil, Raymond			2024-01-24T16:38:18.360Z	StillImage	COORDINATE_ROUNDED;INSTITUTION_MATCH_FUZZY;COLLECTION_MATCH_FUZZY;DIFFERENT_OWNER_INSTITUTION
1024559018	21705170-d2b6-42de-8904-c3bca4b83591	CMMF004370	Fungi	Basidiomycota	Agaricomycetes	Agaricales	Tricholomataceae	Tricholomopsis	Tricholomopsis rutilans		SPECIES	Tricholomopsis rutilans (Schaeff.) Singer	Tricholomopsis rutilans (Schaeff.) Singer	(Schaeff.) Singer	CA	Réserve écologique du Boisé-des-Muir, Hinchinbrooke.	Québec	PRESENT		ff7bd5db-b724-4932-b496-10ea298851f9	45.084907	-74.116007	10.0						2012-08-13	13	8	2012	2531814	2531814	PRESERVED_SPECIMEN	Université de Montréal Biodiversity Centre	CMMF	CMMF004370	379	Archambault, Raymond		CC0_1_0	Université de Montréal Biodiversity Centre	Archambault, Raymond; Langlois, Annabelle; Turgon, Jean-Pierre			2024-01-24T16:38:19.635Z	StillImage	INSTITUTION_MATCH_FUZZY;COLLECTION_MATCH_FUZZY;DIFFERENT_OWNER_INSTITUTION
