gbifID	datasetKey	occurrenceID	kingdom	phylum	class	order	family	genus	species	infraspecificEpithet	taxonRank	scientificName	verbatimScientificName	verbatimScientificNameAuthorship	countryCode	locality	stateProvince	occurrenceStatus	individualCount	publishingOrgKey	decimalLatitude	decimalLongitude	coordinateUncertaintyInMeters	coordinatePrecision	elevation	elevationAccuracy	depth	depthAccuracy	eventDate	day	month	year	taxonKey	speciesKey	basisOfRecord	institutionCode	collectionCode	catalogNumber	recordNumber	identifiedBy	dateIdentified	license	rightsHolder	recordedBy	typeStatus	establishmentMeans	lastInterpreted	mediaType	issue
694156868	d7cfd2ed-8af4-427f-a16e-eb66b7e2c419	13482	Fungi	Basidiomycota	Agaricomycetes	Russulales	Russulaceae	Lactarius	Lactarius lignyotus		SPECIES	Lactarius lignyotus Fr.	Lactarius lignyotus Fr.	Fr.	CA	Algonquin Provincial Park	Ontario	PRESENT		ff418020-1d67-11d9-8435-b8a03c50a862	45.759859	-78.376465	67511.0						2006-10-01	1	10	2006	7240050	7240050	PRESERVED_SPECIMEN	Royal Ontario Museum	TRTC	TRTC150964	MD_ALG06_53	Maryna Didukh		CC0_1_0	Royal Ontario Museum	Maryna Didukh			2024-01-25T00:59:41.128Z	StillImage	COORDINATE_ROUNDED;AMBIGUOUS_INSTITUTION
617551006	21705170-d2b6-42de-8904-c3bca4b83591	CMMF002527	Fungi	Basidiomycota	Agaricomycetes	Russulales	Russulaceae	Lactarius	Lactarius lignyotus		SPECIES	Lactarius lignyotus Fr.	Lactarius lignyotus Fr.	Fr.	CA	Saint-Majorique	Québec	PRESENT		ff7bd5db-b724-4932-b496-10ea298851f9	45.931221	-72.584529	5000.0						1995-08-27	27	8	1995	7240050	7240050	PRESERVED_SPECIMEN	Université de Montréal Biodiversity Centre	CMMF	CMMF002527		Lamoureux, Yves		CC0_1_0	Université de Montréal Biodiversity Centre	Lamoureux, Yves			2024-01-24T16:38:19.543Z	StillImage	INSTITUTION_MATCH_FUZZY;COLLECTION_MATCH_FUZZY;DIFFERENT_OWNER_INSTITUTION
617550040	21705170-d2b6-42de-8904-c3bca4b83591	CMMF000210	Fungi	Basidiomycota	Agaricomycetes	Russulales	Russulaceae	Lactarius	Lactarius lignyotus		SPECIES	Lactarius lignyotus Fr.	Lactarius lignyotus Fr.	Fr.	CA	Saint-Herménégilde	Québec	PRESENT		ff7bd5db-b724-4932-b496-10ea298851f9	45.105574	-71.672847	3000.0						1988-08-21	21	8	1988	7240050	7240050	PRESERVED_SPECIMEN	Université de Montréal Biodiversity Centre	CMMF	CMMF000210		Lamoureux, Yves		CC0_1_0	Université de Montréal Biodiversity Centre	Lamoureux, Yves			2024-01-24T16:38:20.646Z	StillImage	INSTITUTION_MATCH_FUZZY;COLLECTION_MATCH_FUZZY;DIFFERENT_OWNER_INSTITUTION
617549826	21705170-d2b6-42de-8904-c3bca4b83591	CMMF002009	Fungi	Basidiomycota	Agaricomycetes	Russulales	Russulaceae	Lactarius	Lactarius lignyotus		SPECIES	Lactarius lignyotus Fr.	Lactarius lignyotus Fr.	Fr.	CA	Rawdon	Québec	PRESENT		ff7bd5db-b724-4932-b496-10ea298851f9	46.052398	-73.748752	11000.0						1993-09-05	5	9	1993	7240050	7240050	PRESERVED_SPECIMEN	Université de Montréal Biodiversity Centre	CMMF	CMMF002009		Lamoureux, Yves		CC0_1_0	Université de Montréal Biodiversity Centre	Lamoureux, Yves			2024-01-24T16:38:19.909Z	StillImage	INSTITUTION_MATCH_FUZZY;COLLECTION_MATCH_FUZZY;DIFFERENT_OWNER_INSTITUTION
4987549913	50c9509d-22c7-4a22-a47d-8c48425ef4a7	https://www.inaturalist.org/observations/95663291	Fungi	Basidiomycota	Agaricomycetes	Russulales	Russulaceae	Lactarius	Lactarius lignyotus		SPECIES	Lactarius lignyotus Fr.	Lactarius lignyotus		CA		Ontario	PRESENT		28eb1a3f-1c15-4a95-931a-4af90ecb574d	45.51333	-75.336649	46.0						2021-09-20	20	9	2021	7240050	7240050	HUMAN_OBSERVATION	iNaturalist	Observations	95663291		jonathan_mack	2021-09-21T18:34:11	CC_BY_NC_4_0	kevinwallace	kevinwallace			2025-01-14T13:10:34.126Z	StillImage	CONTINENT_DERIVED_FROM_COORDINATES;TAXON_MATCH_TAXON_ID_IGNORED
4976622422	50c9509d-22c7-4a22-a47d-8c48425ef4a7	https://www.inaturalist.org/observations/241002611	Fungi	Basidiomycota	Agaricomycetes	Russulales	Russulaceae	Lactarius	Lactarius lignyotus		SPECIES	Lactarius lignyotus Fr.	Lactarius lignyotus		CA		Québec	PRESENT		28eb1a3f-1c15-4a95-931a-4af90ecb574d	46.951589	-71.267197							2024-09-10T17:03:09	10	9	2024	7240050	7240050	HUMAN_OBSERVATION	iNaturalist	Observations	241002611		Simon Pelletier	2024-09-10T21:12:05	CC_BY_NC_4_0	Simon Pelletier	Simon Pelletier			2025-01-14T13:43:20.351Z	StillImage	COORDINATE_ROUNDED;CONTINENT_DERIVED_FROM_COORDINATES;TAXON_MATCH_TAXON_ID_IGNORED
4976622403	50c9509d-22c7-4a22-a47d-8c48425ef4a7	https://www.inaturalist.org/observations/240073177	Fungi	Basidiomycota	Agaricomycetes	Russulales	Russulaceae	Lactarius	Lactarius lignyotus		SPECIES	Lactarius lignyotus Fr.	Lactarius lignyotus		CA		Québec	PRESENT		28eb1a3f-1c15-4a95-931a-4af90ecb574d	46.087517	-73.944611	664.0						2024-09-05T11:05:05	5	9	2024	7240050	7240050	HUMAN_OBSERVATION	iNaturalist	Observations	240073177		lelfe	2024-09-06T02:24:50	CC_BY_NC_4_0	lelfe	lelfe			2025-01-14T12:50:56.702Z	StillImage	COORDINATE_ROUNDED;CONTINENT_DERIVED_FROM_COORDINATES;TAXON_MATCH_TAXON_ID_IGNORED
4976490929	50c9509d-22c7-4a22-a47d-8c48425ef4a7	https://www.inaturalist.org/observations/242548275	Fungi	Basidiomycota	Agaricomycetes	Russulales	Russulaceae	Lactarius	Lactarius lignyotus		SPECIES	Lactarius lignyotus Fr.	Lactarius lignyotus		CA		Québec	PRESENT		28eb1a3f-1c15-4a95-931a-4af90ecb574d	46.260723	-73.870773	27031.0						2024-09-15T10:45	15	9	2024	7240050	7240050	HUMAN_OBSERVATION	iNaturalist	Observations	242548275		Étienne Godin	2024-09-18T19:43:09	CC_BY_NC_4_0	Étienne Godin	Étienne Godin			2025-01-14T13:43:32.654Z	StillImage	COORDINATE_ROUNDED;CONTINENT_DERIVED_FROM_COORDINATES;TAXON_MATCH_TAXON_ID_IGNORED
4976487521	50c9509d-22c7-4a22-a47d-8c48425ef4a7	https://www.inaturalist.org/observations/239460817	Fungi	Basidiomycota	Agaricomycetes	Russulales	Russulaceae	Lactarius	Lactarius lignyotus		SPECIES	Lactarius lignyotus Fr.	Lactarius lignyotus		CA		Québec	PRESENT		28eb1a3f-1c15-4a95-931a-4af90ecb574d	46.087206	-73.941723	2149.0						2024-09-02T13:59:33	2	9	2024	7240050	7240050	HUMAN_OBSERVATION	iNaturalist	Observations	239460817		lelfe	2024-09-02T19:32:48	CC_BY_NC_4_0	lelfe	lelfe			2025-01-14T12:49:26.698Z	StillImage	COORDINATE_ROUNDED;CONTINENT_DERIVED_FROM_COORDINATES;TAXON_MATCH_TAXON_ID_IGNORED
4976242396	50c9509d-22c7-4a22-a47d-8c48425ef4a7	https://www.inaturalist.org/observations/240197433	Fungi	Basidiomycota	Agaricomycetes	Russulales	Russulaceae	Lactarius	Lactarius lignyotus		SPECIES	Lactarius lignyotus Fr.	Lactarius lignyotus		CA		Québec	PRESENT		28eb1a3f-1c15-4a95-931a-4af90ecb574d	45.834259	-71.424461	70.0						2024-09-06T15:59:05	6	9	2024	7240050	7240050	HUMAN_OBSERVATION	iNaturalist	Observations	240197433		camillegiguere	2024-09-06T20:00:02	CC_BY_NC_4_0	camillegiguere	camillegiguere			2025-01-14T13:43:14.065Z	StillImage	COORDINATE_ROUNDED;CONTINENT_DERIVED_FROM_COORDINATES;TAXON_MATCH_TAXON_ID_IGNORED
4976217432	50c9509d-22c7-4a22-a47d-8c48425ef4a7	https://www.inaturalist.org/observations/240628616	Fungi	Basidiomycota	Agaricomycetes	Russulales	Russulaceae	Lactarius	Lactarius lignyotus		SPECIES	Lactarius lignyotus Fr.	Lactarius lignyotus		CA		Québec	PRESENT		28eb1a3f-1c15-4a95-931a-4af90ecb574d	45.353094	-72.105888							2024-09-08T11:39:16	8	9	2024	7240050	7240050	HUMAN_OBSERVATION	iNaturalist	Observations	240628616		egrenier	2024-09-08T20:53:31	CC_BY_NC_4_0	egrenier	egrenier			2025-01-14T12:53:48.599Z	StillImage	COORDINATE_ROUNDED;CONTINENT_DERIVED_FROM_COORDINATES;TAXON_MATCH_TAXON_ID_IGNORED
4954565834	50c9509d-22c7-4a22-a47d-8c48425ef4a7	https://www.inaturalist.org/observations/245561602	Fungi	Basidiomycota	Agaricomycetes	Russulales	Russulaceae	Lactarius	Lactarius lignyotus		SPECIES	Lactarius lignyotus Fr.	Lactarius lignyotus		CA		New Brunswick	PRESENT		28eb1a3f-1c15-4a95-931a-4af90ecb574d	45.044358	-66.775711	4.0						2024-09-20T14:09	20	9	2024	7240050	7240050	HUMAN_OBSERVATION	iNaturalist	Observations	245561602		Toni Doucette	2024-10-04T20:40:43	CC_BY_NC_4_0	Laura Lavigne	Laura Lavigne			2025-01-14T13:38:17.024Z	StillImage	COORDINATE_ROUNDED;CONTINENT_DERIVED_FROM_COORDINATES;TAXON_MATCH_TAXON_ID_IGNORED
4949860063	50c9509d-22c7-4a22-a47d-8c48425ef4a7	https://www.inaturalist.org/observations/243337210	Fungi	Basidiomycota	Agaricomycetes	Russulales	Russulaceae	Lactarius	Lactarius lignyotus		SPECIES	Lactarius lignyotus Fr.	Lactarius lignyotus		CA		Ontario	PRESENT		28eb1a3f-1c15-4a95-931a-4af90ecb574d	45.51577	-75.341492	10.0						2024-09-21T13:50:45	21	9	2024	7240050	7240050	HUMAN_OBSERVATION	iNaturalist	Observations	243337210		Lynn Ovenden	2024-09-22T14:04:43	CC_BY_NC_4_0	Lynn Ovenden	Lynn Ovenden			2025-01-14T12:51:53.770Z	StillImage	COORDINATE_ROUNDED;CONTINENT_DERIVED_FROM_COORDINATES;TAXON_MATCH_TAXON_ID_IGNORED
4945615235	50c9509d-22c7-4a22-a47d-8c48425ef4a7	https://www.inaturalist.org/observations/240230945	Fungi	Basidiomycota	Agaricomycetes	Russulales	Russulaceae	Lactarius	Lactarius lignyotus		SPECIES	Lactarius lignyotus Fr.	Lactarius lignyotus		CA		Québec	PRESENT		28eb1a3f-1c15-4a95-931a-4af90ecb574d	45.872811	-76.4339	501.0						2024-08-30T14:10	30	8	2024	7240050	7240050	HUMAN_OBSERVATION	iNaturalist	Observations	240230945		L Joan Heyding	2024-09-07T00:03:01	CC_BY_NC_4_0	L Joan Heyding	L Joan Heyding			2025-01-14T13:43:49.320Z	StillImage	COORDINATE_ROUNDED;CONTINENT_DERIVED_FROM_COORDINATES;TAXON_MATCH_TAXON_ID_IGNORED
4945475908	50c9509d-22c7-4a22-a47d-8c48425ef4a7	https://www.inaturalist.org/observations/240836081	Fungi	Basidiomycota	Agaricomycetes	Russulales	Russulaceae	Lactarius	Lactarius lignyotus		SPECIES	Lactarius lignyotus Fr.	Lactarius lignyotus		CA		New Brunswick	PRESENT		28eb1a3f-1c15-4a95-931a-4af90ecb574d	46.01104	-66.627976	230.0						2024-09-09T11:18:07	9	9	2024	7240050	7240050	HUMAN_OBSERVATION	iNaturalist	Observations	240836081		flightmom	2024-09-09T22:11:33	CC_BY_NC_4_0	flightmom	flightmom			2025-01-14T13:43:43.222Z	StillImage	COORDINATE_ROUNDED;CONTINENT_DERIVED_FROM_COORDINATES;TAXON_MATCH_TAXON_ID_IGNORED
4937161155	50c9509d-22c7-4a22-a47d-8c48425ef4a7	https://www.inaturalist.org/observations/237171067	Fungi	Basidiomycota	Agaricomycetes	Russulales	Russulaceae	Lactarius	Lactarius lignyotus		SPECIES	Lactarius lignyotus Fr.	Lactarius lignyotus		CA		New Brunswick	PRESENT		28eb1a3f-1c15-4a95-931a-4af90ecb574d	45.190894	-66.373069	16.0						2024-08-20T09:38	20	8	2024	7240050	7240050	HUMAN_OBSERVATION	iNaturalist	Observations	237171067		Alfredo Justo	2024-08-21T21:00:13	CC_BY_NC_4_0	Alfredo Justo	Alfredo Justo			2025-01-14T12:52:44.378Z	StillImage	COORDINATE_ROUNDED;CONTINENT_DERIVED_FROM_COORDINATES;TAXON_MATCH_TAXON_ID_IGNORED
4935929453	50c9509d-22c7-4a22-a47d-8c48425ef4a7	https://www.inaturalist.org/observations/236246235	Fungi	Basidiomycota	Agaricomycetes	Russulales	Russulaceae	Lactarius	Lactarius lignyotus		SPECIES	Lactarius lignyotus Fr.	Lactarius lignyotus		CA		Québec	PRESENT		28eb1a3f-1c15-4a95-931a-4af90ecb574d	47.340887	-71.130111	4.0						2024-08-15T10:54:21	15	8	2024	7240050	7240050	HUMAN_OBSERVATION	iNaturalist	Observations	236246235		Martine Lapointe	2024-08-17T10:31:43	CC_BY_4_0	Martine Lapointe	Martine Lapointe			2025-01-14T13:42:48.949Z	StillImage	COORDINATE_ROUNDED;CONTINENT_DERIVED_FROM_COORDINATES;TAXON_MATCH_TAXON_ID_IGNORED
4925958991	50c9509d-22c7-4a22-a47d-8c48425ef4a7	https://www.inaturalist.org/observations/236002714	Fungi	Basidiomycota	Agaricomycetes	Russulales	Russulaceae	Lactarius	Lactarius lignyotus		SPECIES	Lactarius lignyotus Fr.	Lactarius lignyotus		CA		Québec	PRESENT		28eb1a3f-1c15-4a95-931a-4af90ecb574d	47.363533	-70.049569	4.0						2024-08-15T16:22:31	15	8	2024	7240050	7240050	HUMAN_OBSERVATION	iNaturalist	Observations	236002714		jestre	2024-08-16T00:09:54	CC_BY_NC_4_0	jestre	jestre			2025-01-14T13:35:47.983Z	StillImage	COORDINATE_ROUNDED;CONTINENT_DERIVED_FROM_COORDINATES;TAXON_MATCH_TAXON_ID_IGNORED
4910981900	50c9509d-22c7-4a22-a47d-8c48425ef4a7	https://www.inaturalist.org/observations/230609131	Fungi	Basidiomycota	Agaricomycetes	Russulales	Russulaceae	Lactarius	Lactarius lignyotus		SPECIES	Lactarius lignyotus Fr.	Lactarius lignyotus		CA		New Brunswick	PRESENT		28eb1a3f-1c15-4a95-931a-4af90ecb574d	45.627373	-65.05966							2024-07-20T14:10	20	7	2024	7240050	7240050	HUMAN_OBSERVATION	iNaturalist	Observations	230609131		Jackson W.F. Chu	2024-07-20T22:24:31	CC_BY_NC_4_0	Jackson W.F. Chu	Jackson W.F. Chu			2025-01-14T13:38:35.976Z		CONTINENT_DERIVED_FROM_COORDINATES;TAXON_MATCH_TAXON_ID_IGNORED
4910794960	50c9509d-22c7-4a22-a47d-8c48425ef4a7	https://www.inaturalist.org/observations/230637091	Fungi	Basidiomycota	Agaricomycetes	Russulales	Russulaceae	Lactarius	Lactarius lignyotus		SPECIES	Lactarius lignyotus Fr.	Lactarius lignyotus		CA		New Brunswick	PRESENT		28eb1a3f-1c15-4a95-931a-4af90ecb574d	45.622447	-65.055497	17.0						2024-07-20T19:36:54	20	7	2024	7240050	7240050	HUMAN_OBSERVATION	iNaturalist	Observations	230637091		Sheila Furlong	2024-07-21T14:11:02	CC_BY_NC_4_0	Erin	Erin			2025-01-14T13:47:02.585Z	StillImage	COORDINATE_ROUNDED;CONTINENT_DERIVED_FROM_COORDINATES;TAXON_MATCH_TAXON_ID_IGNORED
4910677581	50c9509d-22c7-4a22-a47d-8c48425ef4a7	https://www.inaturalist.org/observations/230526589	Fungi	Basidiomycota	Agaricomycetes	Russulales	Russulaceae	Lactarius	Lactarius lignyotus		SPECIES	Lactarius lignyotus Fr.	Lactarius lignyotus		CA		Québec	PRESENT		28eb1a3f-1c15-4a95-931a-4af90ecb574d	45.853322	-75.232353	4.0						2024-07-20T11:49:43	20	7	2024	7240050	7240050	HUMAN_OBSERVATION	iNaturalist	Observations	230526589		noeyelle	2024-07-20T16:19:09	CC_BY_NC_4_0	noeyelle	noeyelle			2025-01-14T12:50:33.390Z	StillImage	COORDINATE_ROUNDED;CONTINENT_DERIVED_FROM_COORDINATES;TAXON_MATCH_TAXON_ID_IGNORED
4846787175	50c9509d-22c7-4a22-a47d-8c48425ef4a7	https://www.inaturalist.org/observations/188329776	Fungi	Basidiomycota	Agaricomycetes	Russulales	Russulaceae	Lactarius	Lactarius lignyotus		SPECIES	Lactarius lignyotus Fr.	Lactarius lignyotus		CA		Prince Edward Island	PRESENT		28eb1a3f-1c15-4a95-931a-4af90ecb574d	46.647939	-64.2519	6.0						2023-10-20T10:32	20	10	2023	7240050	7240050	HUMAN_OBSERVATION	iNaturalist	Observations	188329776		Ken Sanderson	2023-10-21T02:04:13	CC_BY_NC_4_0	Ken Sanderson	Ken Sanderson			2025-01-14T12:42:53.926Z	StillImage	COORDINATE_ROUNDED;CONTINENT_DERIVED_FROM_COORDINATES;TAXON_MATCH_TAXON_ID_IGNORED
4607303206	50c9509d-22c7-4a22-a47d-8c48425ef4a7	https://www.inaturalist.org/observations/134496576	Fungi	Basidiomycota	Agaricomycetes	Russulales	Russulaceae	Lactarius	Lactarius lignyotus		SPECIES	Lactarius lignyotus Fr.	Lactarius lignyotus		CA		Québec	PRESENT		28eb1a3f-1c15-4a95-931a-4af90ecb574d	46.016011	-74.274858							2022-09-10T18:01:47	10	9	2022	7240050	7240050	HUMAN_OBSERVATION	iNaturalist	Observations	134496576		iliana_antonova	2022-09-10T22:36:38	CC_BY_NC_4_0	iliana_antonova	iliana_antonova			2025-01-14T12:32:35.168Z	StillImage	COORDINATE_ROUNDED;CONTINENT_DERIVED_FROM_COORDINATES;TAXON_MATCH_TAXON_ID_IGNORED
4606624718	50c9509d-22c7-4a22-a47d-8c48425ef4a7	https://www.inaturalist.org/observations/180369875	Fungi	Basidiomycota	Agaricomycetes	Russulales	Russulaceae	Lactarius	Lactarius lignyotus		SPECIES	Lactarius lignyotus Fr.	Lactarius lignyotus		CA		Québec	PRESENT		28eb1a3f-1c15-4a95-931a-4af90ecb574d	45.424433	-71.923675	4.0						2023-08-26T16:57:50	26	8	2023	7240050	7240050	HUMAN_OBSERVATION	iNaturalist	Observations	180369875		Jacob Beauregard	2023-08-27T01:08:02	CC_BY_NC_4_0	Jacob Beauregard	Jacob Beauregard			2025-01-14T12:38:45.427Z	StillImage	COORDINATE_ROUNDED;CONTINENT_DERIVED_FROM_COORDINATES;TAXON_MATCH_TAXON_ID_IGNORED
4606599544	50c9509d-22c7-4a22-a47d-8c48425ef4a7	https://www.inaturalist.org/observations/178823010	Fungi	Basidiomycota	Agaricomycetes	Russulales	Russulaceae	Lactarius	Lactarius lignyotus		SPECIES	Lactarius lignyotus Fr.	Lactarius lignyotus		CA		Québec	PRESENT		28eb1a3f-1c15-4a95-931a-4af90ecb574d	45.577185	-71.995144	40.0						2023-08-17T07:18:44	17	8	2023	7240050	7240050	HUMAN_OBSERVATION	iNaturalist	Observations	178823010		karri-ann	2023-08-17T11:50:29	CC_BY_NC_4_0	karri-ann	karri-ann			2025-01-14T13:26:28.377Z	StillImage	CONTINENT_DERIVED_FROM_COORDINATES;TAXON_MATCH_TAXON_ID_IGNORED
4606584486	50c9509d-22c7-4a22-a47d-8c48425ef4a7	https://www.inaturalist.org/observations/143269743	Fungi	Basidiomycota	Agaricomycetes	Russulales	Russulaceae	Lactarius	Lactarius lignyotus		SPECIES	Lactarius lignyotus Fr.	Lactarius lignyotus		CA		Québec	PRESENT		28eb1a3f-1c15-4a95-931a-4af90ecb574d	46.920718	-71.238171	244.0						2022-09-11	11	9	2022	7240050	7240050	HUMAN_OBSERVATION	iNaturalist	Observations	143269743		Christian Grenier	2022-11-29T15:08:15	CC_BY_NC_4_0	Christian Grenier	Christian Grenier			2025-01-14T13:19:29.986Z	StillImage	COORDINATE_ROUNDED;CONTINENT_DERIVED_FROM_COORDINATES;TAXON_MATCH_TAXON_ID_IGNORED
4522674459	50c9509d-22c7-4a22-a47d-8c48425ef4a7	https://www.inaturalist.org/observations/198890882	Fungi	Basidiomycota	Agaricomycetes	Russulales	Russulaceae	Lactarius	Lactarius lignyotus		SPECIES	Lactarius lignyotus Fr.	Lactarius lignyotus		CA		Québec	PRESENT		28eb1a3f-1c15-4a95-931a-4af90ecb574d	46.91246	-71.212034	31.0						2023-08-21	21	8	2023	7240050	7240050	HUMAN_OBSERVATION	iNaturalist	Observations	198890882		Christian Grenier	2024-02-10T13:04:52	CC_BY_NC_4_0	Christian Grenier	Christian Grenier			2025-01-14T12:44:23.719Z	StillImage	COORDINATE_ROUNDED;CONTINENT_DERIVED_FROM_COORDINATES;TAXON_MATCH_TAXON_ID_IGNORED
4522591543	50c9509d-22c7-4a22-a47d-8c48425ef4a7	https://www.inaturalist.org/observations/198389413	Fungi	Basidiomycota	Agaricomycetes	Russulales	Russulaceae	Lactarius	Lactarius lignyotus		SPECIES	Lactarius lignyotus Fr.	Lactarius lignyotus		CA		Québec	PRESENT		28eb1a3f-1c15-4a95-931a-4af90ecb574d	46.960696	-71.394679	8.0						2023-08-24	24	8	2023	7240050	7240050	HUMAN_OBSERVATION	iNaturalist	Observations	198389413		Christian Grenier	2024-02-04T13:32:00	CC_BY_NC_4_0	Christian Grenier	Christian Grenier			2025-01-14T12:43:45.306Z	StillImage	COORDINATE_ROUNDED;CONTINENT_DERIVED_FROM_COORDINATES;TAXON_MATCH_TAXON_ID_IGNORED
4500480282	50c9509d-22c7-4a22-a47d-8c48425ef4a7	https://www.inaturalist.org/observations/177104321	Fungi	Basidiomycota	Agaricomycetes	Russulales	Russulaceae	Lactarius	Lactarius lignyotus		SPECIES	Lactarius lignyotus Fr.	Lactarius lignyotus		CA		Québec	PRESENT		28eb1a3f-1c15-4a95-931a-4af90ecb574d	47.952992	-69.813294							2023-08-06T15:48	6	8	2023	7240050	7240050	HUMAN_OBSERVATION	iNaturalist	Observations	177104321		Martine Lapointe	2023-08-07T02:42:33	CC_BY_4_0	Martine Lapointe	Martine Lapointe			2025-01-14T12:40:02.506Z	StillImage	COORDINATE_ROUNDED;CONTINENT_DERIVED_FROM_COORDINATES;TAXON_MATCH_TAXON_ID_IGNORED
4424617957	50c9509d-22c7-4a22-a47d-8c48425ef4a7	https://www.inaturalist.org/observations/186215609	Fungi	Basidiomycota	Agaricomycetes	Russulales	Russulaceae	Lactarius	Lactarius lignyotus		SPECIES	Lactarius lignyotus Fr.	Lactarius lignyotus		CA		Ontario	PRESENT		28eb1a3f-1c15-4a95-931a-4af90ecb574d	45.599645	-79.07377	27158.0						2023-09-17T10:08:18	17	9	2023	7240050	7240050	HUMAN_OBSERVATION	iNaturalist	Observations	186215609		cinna_latifolia	2023-10-06T16:31:54	CC_BY_NC_4_0	Ingrid Montarras	Ingrid Montarras			2025-01-14T13:28:06.870Z	StillImage	COORDINATE_ROUNDED;CONTINENT_DERIVED_FROM_COORDINATES;TAXON_MATCH_TAXON_ID_IGNORED
4424403201	50c9509d-22c7-4a22-a47d-8c48425ef4a7	https://www.inaturalist.org/observations/186213912	Fungi	Basidiomycota	Agaricomycetes	Russulales	Russulaceae	Lactarius	Lactarius lignyotus		SPECIES	Lactarius lignyotus Fr.	Lactarius lignyotus		CA		Ontario	PRESENT		28eb1a3f-1c15-4a95-931a-4af90ecb574d	45.466725	-79.149588	27158.0						2023-09-17T10:01:03	17	9	2023	7240050	7240050	HUMAN_OBSERVATION	iNaturalist	Observations	186213912		cinna_latifolia	2023-10-06T16:32:54	CC_BY_NC_4_0	Ingrid Montarras	Ingrid Montarras			2025-01-14T13:34:11.998Z	StillImage	COORDINATE_ROUNDED;CONTINENT_DERIVED_FROM_COORDINATES;TAXON_MATCH_TAXON_ID_IGNORED
4424197596	50c9509d-22c7-4a22-a47d-8c48425ef4a7	https://www.inaturalist.org/observations/176673923	Fungi	Basidiomycota	Agaricomycetes	Russulales	Russulaceae	Lactarius	Lactarius lignyotus		SPECIES	Lactarius lignyotus Fr.	Lactarius lignyotus		CA		Ontario	PRESENT		28eb1a3f-1c15-4a95-931a-4af90ecb574d	45.553969	-78.59676	1519.0						2023-07-23T15:42:50	23	7	2023	7240050	7240050	HUMAN_OBSERVATION	iNaturalist	Observations	176673923		cinna_latifolia	2023-10-04T18:31:07	CC_BY_NC_4_0	jonnywildflower	jonnywildflower			2025-01-14T12:39:36.959Z	StillImage	COORDINATE_ROUNDED;CONTINENT_DERIVED_FROM_COORDINATES;TAXON_MATCH_TAXON_ID_IGNORED
4417111115	50c9509d-22c7-4a22-a47d-8c48425ef4a7	https://www.inaturalist.org/observations/184857637	Fungi	Basidiomycota	Agaricomycetes	Russulales	Russulaceae	Lactarius	Lactarius lignyotus		SPECIES	Lactarius lignyotus Fr.	Lactarius lignyotus		CA		New Brunswick	PRESENT		28eb1a3f-1c15-4a95-931a-4af90ecb574d	45.414722	-65.923538	4.0						2023-09-20T13:18:55	20	9	2023	7240050	7240050	HUMAN_OBSERVATION	iNaturalist	Observations	184857637		julianna	2023-09-25T13:09:59	CC_BY_NC_4_0	julianna	julianna			2025-01-14T13:32:32.042Z	StillImage	COORDINATE_ROUNDED;CONTINENT_DERIVED_FROM_COORDINATES;TAXON_MATCH_TAXON_ID_IGNORED
4417059309	50c9509d-22c7-4a22-a47d-8c48425ef4a7	https://www.inaturalist.org/observations/184297130	Fungi	Basidiomycota	Agaricomycetes	Russulales	Russulaceae	Lactarius	Lactarius lignyotus		SPECIES	Lactarius lignyotus Fr.	Lactarius lignyotus		CA		Québec	PRESENT		28eb1a3f-1c15-4a95-931a-4af90ecb574d	45.301206	-72.248208	24.0						2023-09-15T13:58	15	9	2023	7240050	7240050	HUMAN_OBSERVATION	iNaturalist	Observations	184297130		gabboilard	2023-09-21T18:57:20	CC_BY_NC_4_0	gabboilard	gabboilard			2025-01-14T12:40:31.981Z	StillImage	COORDINATE_ROUNDED;CONTINENT_DERIVED_FROM_COORDINATES;TAXON_MATCH_TAXON_ID_IGNORED
4417049537	50c9509d-22c7-4a22-a47d-8c48425ef4a7	https://www.inaturalist.org/observations/184766143	Fungi	Basidiomycota	Agaricomycetes	Russulales	Russulaceae	Lactarius	Lactarius lignyotus		SPECIES	Lactarius lignyotus Fr.	Lactarius lignyotus		CA		New Brunswick	PRESENT		28eb1a3f-1c15-4a95-931a-4af90ecb574d	45.916588	-66.637153	4.0						2023-09-24T17:33:17	24	9	2023	7240050	7240050	HUMAN_OBSERVATION	iNaturalist	Observations	184766143		alibelyea	2023-09-24T21:23:48	CC_BY_NC_4_0	alibelyea	alibelyea			2025-01-14T12:41:36.194Z	StillImage	COORDINATE_ROUNDED;CONTINENT_DERIVED_FROM_COORDINATES;TAXON_MATCH_TAXON_ID_IGNORED
4416758361	50c9509d-22c7-4a22-a47d-8c48425ef4a7	https://www.inaturalist.org/observations/141624242	Fungi	Basidiomycota	Agaricomycetes	Russulales	Russulaceae	Lactarius	Lactarius lignyotus		SPECIES	Lactarius lignyotus Fr.	Lactarius lignyotus		CA		New Brunswick	PRESENT		28eb1a3f-1c15-4a95-931a-4af90ecb574d	45.499967	-65.277322	10.0						2021-09-01T10:54	1	9	2021	7240050	7240050	HUMAN_OBSERVATION	iNaturalist	Observations	141624242		Alfredo Justo	2022-11-10T17:26:46	CC_BY_NC_4_0	Alfredo Justo	Alfredo Justo			2025-01-14T13:26:36.039Z	StillImage	COORDINATE_ROUNDED;CONTINENT_DERIVED_FROM_COORDINATES;TAXON_MATCH_TAXON_ID_IGNORED
4416710536	50c9509d-22c7-4a22-a47d-8c48425ef4a7	https://www.inaturalist.org/observations/174253151	Fungi	Basidiomycota	Agaricomycetes	Russulales	Russulaceae	Lactarius	Lactarius lignyotus		SPECIES	Lactarius lignyotus Fr.	Lactarius lignyotus		CA		New Brunswick	PRESENT		28eb1a3f-1c15-4a95-931a-4af90ecb574d	45.635612	-65.11785	4.0						2023-07-19T17:06:49	19	7	2023	7240050	7240050	HUMAN_OBSERVATION	iNaturalist	Observations	174253151		Laura O'Connor	2023-07-22T12:10:22	CC_BY_NC_4_0	Laura O'Connor	Laura O'Connor			2025-01-14T12:40:18.954Z	StillImage	COORDINATE_ROUNDED;CONTINENT_DERIVED_FROM_COORDINATES;TAXON_MATCH_TAXON_ID_IGNORED
4416665624	50c9509d-22c7-4a22-a47d-8c48425ef4a7	https://www.inaturalist.org/observations/180167510	Fungi	Basidiomycota	Agaricomycetes	Russulales	Russulaceae	Lactarius	Lactarius lignyotus		SPECIES	Lactarius lignyotus Fr.	Lactarius lignyotus		CA		New Brunswick	PRESENT		28eb1a3f-1c15-4a95-931a-4af90ecb574d	45.777921	-64.736656	15.0						2023-08-25T16:56	25	8	2023	7240050	7240050	HUMAN_OBSERVATION	iNaturalist	Observations	180167510		jenniferthewriter	2023-08-25T19:58:53	CC_BY_NC_4_0	jenniferthewriter	jenniferthewriter			2025-01-14T12:42:05.578Z	StillImage	COORDINATE_ROUNDED;CONTINENT_DERIVED_FROM_COORDINATES;TAXON_MATCH_TAXON_ID_IGNORED
4413964717	50c9509d-22c7-4a22-a47d-8c48425ef4a7	https://www.inaturalist.org/observations/182565152	Fungi	Basidiomycota	Agaricomycetes	Russulales	Russulaceae	Lactarius	Lactarius lignyotus		SPECIES	Lactarius lignyotus Fr.	Lactarius lignyotus		CA		New Brunswick	PRESENT		28eb1a3f-1c15-4a95-931a-4af90ecb574d	45.60327	-64.893655	8057.0						2023-09-09T11:28:08	9	9	2023	7240050	7240050	HUMAN_OBSERVATION	iNaturalist	Observations	182565152		Alex Hood	2023-09-10T19:56:29	CC_BY_NC_4_0	yoguilours	yoguilours			2025-01-14T12:42:04.545Z	StillImage	COORDINATE_ROUNDED;CONTINENT_DERIVED_FROM_COORDINATES;TAXON_MATCH_TAXON_ID_IGNORED
4413794321	50c9509d-22c7-4a22-a47d-8c48425ef4a7	https://www.inaturalist.org/observations/182065856	Fungi	Basidiomycota	Agaricomycetes	Russulales	Russulaceae	Lactarius	Lactarius lignyotus		SPECIES	Lactarius lignyotus Fr.	Lactarius lignyotus		CA		Nova Scotia	PRESENT		28eb1a3f-1c15-4a95-931a-4af90ecb574d	45.383677	-64.269431	4.0						2023-09-06T12:57:07	6	9	2023	7240050	7240050	HUMAN_OBSERVATION	iNaturalist	Observations	182065856		mudlarker	2023-09-06T16:42:32	CC_BY_NC_4_0	mudlarker	mudlarker			2025-01-14T12:40:21.870Z	StillImage	COORDINATE_ROUNDED;CONTINENT_DERIVED_FROM_COORDINATES;TAXON_MATCH_TAXON_ID_IGNORED
4413629016	50c9509d-22c7-4a22-a47d-8c48425ef4a7	https://www.inaturalist.org/observations/181123110	Fungi	Basidiomycota	Agaricomycetes	Russulales	Russulaceae	Lactarius	Lactarius lignyotus		SPECIES	Lactarius lignyotus Fr.	Lactarius lignyotus		CA		Québec	PRESENT		28eb1a3f-1c15-4a95-931a-4af90ecb574d	45.659639	-72.964133							2023-08-31T15:20	31	8	2023	7240050	7240050	HUMAN_OBSERVATION	iNaturalist	Observations	181123110		egrenier	2023-08-31T22:43:21	CC_BY_NC_4_0	egrenier	egrenier			2025-01-14T13:27:00.672Z	StillImage	COORDINATE_ROUNDED;CONTINENT_DERIVED_FROM_COORDINATES;TAXON_MATCH_TAXON_ID_IGNORED
4413428219	50c9509d-22c7-4a22-a47d-8c48425ef4a7	https://www.inaturalist.org/observations/183709165	Fungi	Basidiomycota	Agaricomycetes	Russulales	Russulaceae	Lactarius	Lactarius lignyotus		SPECIES	Lactarius lignyotus Fr.	Lactarius lignyotus		CA		Québec	PRESENT		28eb1a3f-1c15-4a95-931a-4af90ecb574d	45.557912	-75.46978	104.0						2023-09-17T10:04	17	9	2023	7240050	7240050	HUMAN_OBSERVATION	iNaturalist	Observations	183709165		jonathan_mack	2023-09-17T18:20:25	CC_BY_NC_4_0	jonathan_mack	jonathan_mack			2025-01-14T12:42:13.776Z	StillImage	COORDINATE_ROUNDED;CONTINENT_DERIVED_FROM_COORDINATES;TAXON_MATCH_TAXON_ID_IGNORED
4407559437	50c9509d-22c7-4a22-a47d-8c48425ef4a7	https://www.inaturalist.org/observations/181481942	Fungi	Basidiomycota	Agaricomycetes	Russulales	Russulaceae	Lactarius	Lactarius lignyotus		SPECIES	Lactarius lignyotus Fr.	Lactarius lignyotus		CA		New Brunswick	PRESENT		28eb1a3f-1c15-4a95-931a-4af90ecb574d	45.908233	-64.663588	4.0						2023-09-02T15:31:08	2	9	2023	7240050	7240050	HUMAN_OBSERVATION	iNaturalist	Observations	181481942		Laura O'Connor	2023-09-03T00:37:54	CC_BY_NC_4_0	Laura O'Connor	Laura O'Connor			2025-01-14T12:43:41.228Z	StillImage	COORDINATE_ROUNDED;CONTINENT_DERIVED_FROM_COORDINATES;TAXON_MATCH_TAXON_ID_IGNORED
4407427624	50c9509d-22c7-4a22-a47d-8c48425ef4a7	https://www.inaturalist.org/observations/181435355	Fungi	Basidiomycota	Agaricomycetes	Russulales	Russulaceae	Lactarius	Lactarius lignyotus		SPECIES	Lactarius lignyotus Fr.	Lactarius lignyotus		CA		New Brunswick	PRESENT		28eb1a3f-1c15-4a95-931a-4af90ecb574d	45.605284	-65.899327	27126.0						2023-09-02T16:21:39	2	9	2023	7240050	7240050	HUMAN_OBSERVATION	iNaturalist	Observations	181435355		Shane Mercer	2023-09-02T19:33:20	CC_BY_NC_4_0	Shane Mercer	Shane Mercer			2025-01-14T13:28:49.644Z	StillImage	COORDINATE_ROUNDED;CONTINENT_DERIVED_FROM_COORDINATES;TAXON_MATCH_TAXON_ID_IGNORED
4405317337	50c9509d-22c7-4a22-a47d-8c48425ef4a7	https://www.inaturalist.org/observations/179917838	Fungi	Basidiomycota	Agaricomycetes	Russulales	Russulaceae	Lactarius	Lactarius lignyotus		SPECIES	Lactarius lignyotus Fr.	Lactarius lignyotus		CA		Prince Edward Island	PRESENT		28eb1a3f-1c15-4a95-931a-4af90ecb574d	46.593689	-64.128439	744.0						2023-08-23T12:33:53	23	8	2023	7240050	7240050	HUMAN_OBSERVATION	iNaturalist	Observations	179917838		beckau	2023-08-24T02:43:07	CC_BY_NC_4_0	beckau	beckau			2025-01-14T12:40:29.807Z	StillImage	COORDINATE_ROUNDED;CONTINENT_DERIVED_FROM_COORDINATES;TAXON_MATCH_TAXON_ID_IGNORED
4171787304	50c9509d-22c7-4a22-a47d-8c48425ef4a7	https://www.inaturalist.org/observations/176957177	Fungi	Basidiomycota	Agaricomycetes	Russulales	Russulaceae	Lactarius	Lactarius lignyotus	canadensis	VARIETY	Lactarius lignyotus var. canadensis A.H.Sm. & Hesler	Lactarius lignyotus canadensis		CA		Ontario	PRESENT		28eb1a3f-1c15-4a95-931a-4af90ecb574d	45.172617	-78.829851	122.0						2016-09-16T13:52	16	9	2016	5463065	7240050	HUMAN_OBSERVATION	iNaturalist	Observations	176957177		Jan Thornhill	2023-08-06T13:16:22	CC_BY_NC_4_0	Jan Thornhill	Jan Thornhill			2025-01-14T12:40:01.555Z	StillImage	COORDINATE_ROUNDED;CONTINENT_DERIVED_FROM_COORDINATES;TAXON_MATCH_TAXON_ID_IGNORED
4171668637	50c9509d-22c7-4a22-a47d-8c48425ef4a7	https://www.inaturalist.org/observations/175702572	Fungi	Basidiomycota	Agaricomycetes	Russulales	Russulaceae	Lactarius	Lactarius lignyotus		SPECIES	Lactarius lignyotus Fr.	Lactarius lignyotus		CA		Québec	PRESENT		28eb1a3f-1c15-4a95-931a-4af90ecb574d	48.67604	-72.47575							2023-07-29T16:00	29	7	2023	7240050	7240050	HUMAN_OBSERVATION	iNaturalist	Observations	175702572		Paul Vézina	2023-07-30T10:47:37	CC_BY_NC_4_0	Paul Vézina	Paul Vézina			2025-01-14T12:40:26.761Z	StillImage	COORDINATE_ROUNDED;CONTINENT_DERIVED_FROM_COORDINATES;TAXON_MATCH_TAXON_ID_IGNORED
4166442657	695cef75-b65f-4776-b2ed-74565eebb16e	02-01000973662	Fungi	Basidiomycota	Agaricomycetes	Russulales	Russulaceae	Lactarius	Lactarius lignyotus		SPECIES	Lactarius lignyotus Fr.	Lactarius lignyotus	Fr.	CA	Found Lake Trail	Ontario	PRESENT		055bd978-2daa-4543-b3f0-44e0e87e86ca	45.55	-78.633333							1974-08-14	14	8	1974	7240050	7240050	PRESERVED_SPECIMEN	AAFC	DAOM	186585		D. Malloch		CC_BY_4_0	©His Majesty the King in Right of Canada, as represented by the Minister of Agriculture and Agri-Food	Paul Johnson			2025-01-12T05:11:16.607Z		GEODETIC_DATUM_ASSUMED_WGS84;CONTINENT_DERIVED_FROM_COORDINATES;TAXON_MATCH_TAXON_ID_IGNORED;INSTITUTION_MATCH_FUZZY
4166297337	695cef75-b65f-4776-b2ed-74565eebb16e	02-01000973660	Fungi	Basidiomycota	Agaricomycetes	Russulales	Russulaceae	Lactarius	Lactarius lignyotus		SPECIES	Lactarius lignyotus Fr.	Lactarius lignyotus	Fr.	CA	Booth's Rock Trail, Rosepond Lake	Ontario	PRESENT		055bd978-2daa-4543-b3f0-44e0e87e86ca	45.508333	-78.391667							1975-07-27	27	7	1975	7240050	7240050	PRESERVED_SPECIMEN	AAFC	DAOM	186498		J.F. Ammirati		CC_BY_4_0	©His Majesty the King in Right of Canada, as represented by the Minister of Agriculture and Agri-Food	J.F. Ammirati			2025-01-12T05:11:16.431Z		GEODETIC_DATUM_ASSUMED_WGS84;CONTINENT_DERIVED_FROM_COORDINATES;TAXON_MATCH_TAXON_ID_IGNORED;INSTITUTION_MATCH_FUZZY
4162464348	50c9509d-22c7-4a22-a47d-8c48425ef4a7	https://www.inaturalist.org/observations/173113439	Fungi	Basidiomycota	Agaricomycetes	Russulales	Russulaceae	Lactarius	Lactarius lignyotus		SPECIES	Lactarius lignyotus Fr.	Lactarius lignyotus		CA		New Brunswick	PRESENT		28eb1a3f-1c15-4a95-931a-4af90ecb574d	46.805679	-64.908898							2023-07-15T15:01:07	15	7	2023	7240050	7240050	HUMAN_OBSERVATION	iNaturalist	Observations	173113439		Geneviève Gauthier	2023-07-15T23:30:58	CC_BY_NC_4_0	Geneviève Gauthier	Geneviève Gauthier			2025-01-14T12:40:02.732Z	StillImage	COORDINATE_ROUNDED;CONTINENT_DERIVED_FROM_COORDINATES;TAXON_MATCH_TAXON_ID_IGNORED
4162331645	50c9509d-22c7-4a22-a47d-8c48425ef4a7	https://www.inaturalist.org/observations/173091394	Fungi	Basidiomycota	Agaricomycetes	Russulales	Russulaceae	Lactarius	Lactarius lignyotus		SPECIES	Lactarius lignyotus Fr.	Lactarius lignyotus		CA		New Brunswick	PRESENT		28eb1a3f-1c15-4a95-931a-4af90ecb574d	46.805603	-64.908845	8.0						2023-07-15T15:01:29	15	7	2023	7240050	7240050	HUMAN_OBSERVATION	iNaturalist	Observations	173091394		hootx3	2023-07-15T21:02:20	CC_BY_NC_4_0	hootx3	hootx3			2025-01-14T13:31:19.107Z	StillImage	COORDINATE_ROUNDED;CONTINENT_DERIVED_FROM_COORDINATES;TAXON_MATCH_TAXON_ID_IGNORED
4100050570	d1a3b128-b406-46bb-a6d1-f3591dcc8a7b	ede76b53-b73b-4cec-9e31-ba7c24375239	Fungi	Basidiomycota	Agaricomycetes	Russulales	Russulaceae	Lactarius	Lactarius lignyotus		SPECIES	Lactarius lignyotus Fr.	Lactarius lignyotus	Fr.	CA	Tourville	Quebec	PRESENT		e43cf4b8-849e-4fac-b075-e652d019d2cf	47.1	-69.983333	18019.0						1958-08-28	28	8	1958	7240050	7240050	PRESERVED_SPECIMEN	BPI		BPI 760260		Groves, J. W.		CC0_1_0		Groves, J. W.; Groves, N.; Petrie, G. A.			2025-01-15T04:59:41.693Z		GEODETIC_DATUM_ASSUMED_WGS84;CONTINENT_DERIVED_FROM_COORDINATES;TAXON_MATCH_TAXON_ID_IGNORED;INSTITUTION_MATCH_FUZZY
4075771734	50c9509d-22c7-4a22-a47d-8c48425ef4a7	https://www.inaturalist.org/observations/132890719	Fungi	Basidiomycota	Agaricomycetes	Russulales	Russulaceae	Lactarius	Lactarius lignyotus		SPECIES	Lactarius lignyotus Fr.	Lactarius lignyotus		CA		Québec	PRESENT		28eb1a3f-1c15-4a95-931a-4af90ecb574d	48.674092	-72.4776	3.0						2022-08-28T16:18:30	28	8	2022	7240050	7240050	HUMAN_OBSERVATION	iNaturalist	Observations	132890719		ricomycologie	2022-08-30T00:12:33	CC_BY_NC_4_0	ricomycologie	ricomycologie			2025-01-14T13:25:11.274Z	StillImage	COORDINATE_ROUNDED;CONTINENT_DERIVED_FROM_COORDINATES;TAXON_MATCH_TAXON_ID_IGNORED
4023663580	fb9d7c38-5759-4c30-9e09-5b6bd43f78a6	http://id.luomus.fi/MY.3699048	Fungi	Basidiomycota	Agaricomycetes	Russulales	Russulaceae	Lactarius	Lactarius lignyotus		SPECIES	Lactarius lignyotus Fr.	Lactarius lignyotus Fr.		CA		Quebec	PRESENT		04fd2e13-6881-4e5c-9dd1-8fdd9ab993c1	47.095555	-69.986388							1958-08-28T00:00Z	28	8	1958	7240050	7240050	PRESERVED_SPECIMEN	H		http://id.luomus.fi/HA.H7035965		Groves, J.W.		CC_BY_4_0		Groves, J. W.;Petrie, G. A.;Groves, N.			2025-01-17T02:41:17.231Z		CONTINENT_DERIVED_FROM_COORDINATES;TAXON_MATCH_TAXON_ID_IGNORED;COLLECTION_MATCH_NONE;INSTITUTION_MATCH_FUZZY
4022113558	50c9509d-22c7-4a22-a47d-8c48425ef4a7	https://www.inaturalist.org/observations/147108468	Fungi	Basidiomycota	Agaricomycetes	Russulales	Russulaceae	Lactarius	Lactarius lignyotus		SPECIES	Lactarius lignyotus Fr.	Lactarius lignyotus		CA		New Brunswick	PRESENT		28eb1a3f-1c15-4a95-931a-4af90ecb574d	45.999746	-66.764042	2.0						2022-09-10T12:43	10	9	2022	7240050	7240050	HUMAN_OBSERVATION	iNaturalist	Observations	147108468		Dwayne Sabine	2023-01-22T13:38:14	CC_BY_NC_4_0	Dwayne Sabine	Dwayne Sabine			2025-01-14T13:20:55.083Z	StillImage	COORDINATE_ROUNDED;CONTINENT_DERIVED_FROM_COORDINATES;TAXON_MATCH_TAXON_ID_IGNORED
4006644841	50c9509d-22c7-4a22-a47d-8c48425ef4a7	https://www.inaturalist.org/observations/144431388	Fungi	Basidiomycota	Agaricomycetes	Russulales	Russulaceae	Lactarius	Lactarius lignyotus		SPECIES	Lactarius lignyotus Fr.	Lactarius lignyotus		CA		Québec	PRESENT		28eb1a3f-1c15-4a95-931a-4af90ecb574d	45.767778	-74.207222							2022-09-17T14:21:49	17	9	2022	7240050	7240050	HUMAN_OBSERVATION	iNaturalist	Observations	144431388		Don-Jean Leandri-Breton	2022-12-15T18:59:36	CC_BY_NC_4_0	Don-Jean Leandri-Breton	Don-Jean Leandri-Breton			2025-01-14T12:33:40.913Z		COORDINATE_ROUNDED;CONTINENT_DERIVED_FROM_COORDINATES;TAXON_MATCH_TAXON_ID_IGNORED
3994407333	50c9509d-22c7-4a22-a47d-8c48425ef4a7	https://www.inaturalist.org/observations/144315769	Fungi	Basidiomycota	Agaricomycetes	Russulales	Russulaceae	Lactarius	Lactarius lignyotus		SPECIES	Lactarius lignyotus Fr.	Lactarius lignyotus		CA		Québec	PRESENT		28eb1a3f-1c15-4a95-931a-4af90ecb574d	49.268895	-68.062264	8.0						2022-08-28T18:32:13	28	8	2022	7240050	7240050	HUMAN_OBSERVATION	iNaturalist	Observations	144315769		madelineboys	2022-12-13T20:30:34	CC_BY_NC_4_0	madelineboys	madelineboys			2025-01-14T12:33:02.712Z	StillImage	COORDINATE_ROUNDED;CONTINENT_DERIVED_FROM_COORDINATES;TAXON_MATCH_TAXON_ID_IGNORED
3966645770	50c9509d-22c7-4a22-a47d-8c48425ef4a7	https://www.inaturalist.org/observations/141576691	Fungi	Basidiomycota	Agaricomycetes	Russulales	Russulaceae	Lactarius	Lactarius lignyotus		SPECIES	Lactarius lignyotus Fr.	Lactarius lignyotus		CA		New Brunswick	PRESENT		28eb1a3f-1c15-4a95-931a-4af90ecb574d	45.979415	-66.181643	100.0						2021-08-17T11:07	17	8	2021	7240050	7240050	HUMAN_OBSERVATION	iNaturalist	Observations	141576691		Alfredo Justo	2022-11-10T01:00:37	CC_BY_NC_4_0	Alfredo Justo	Alfredo Justo			2025-01-14T13:25:21.576Z	StillImage	COORDINATE_ROUNDED;CONTINENT_DERIVED_FROM_COORDINATES;TAXON_MATCH_TAXON_ID_IGNORED
3966552841	50c9509d-22c7-4a22-a47d-8c48425ef4a7	https://www.inaturalist.org/observations/141620696	Fungi	Basidiomycota	Agaricomycetes	Russulales	Russulaceae	Lactarius	Lactarius lignyotus		SPECIES	Lactarius lignyotus Fr.	Lactarius lignyotus		CA		New Brunswick	PRESENT		28eb1a3f-1c15-4a95-931a-4af90ecb574d	45.485833	-65.261667	1275.0						2021-08-25T13:33	25	8	2021	7240050	7240050	HUMAN_OBSERVATION	iNaturalist	Observations	141620696		Alfredo Justo	2022-11-10T16:34:04	CC_BY_NC_4_0	Alfredo Justo	Alfredo Justo			2025-01-14T13:32:22.558Z	StillImage	CONTINENT_DERIVED_FROM_COORDINATES;TAXON_MATCH_TAXON_ID_IGNORED
3966418848	50c9509d-22c7-4a22-a47d-8c48425ef4a7	https://www.inaturalist.org/observations/141656420	Fungi	Basidiomycota	Agaricomycetes	Russulales	Russulaceae	Lactarius	Lactarius lignyotus		SPECIES	Lactarius lignyotus Fr.	Lactarius lignyotus		CA		New Brunswick	PRESENT		28eb1a3f-1c15-4a95-931a-4af90ecb574d	45.489758	-65.3052	200.0						2021-09-25T13:41	25	9	2021	7240050	7240050	HUMAN_OBSERVATION	iNaturalist	Observations	141656420		Alfredo Justo	2022-11-11T00:58:17	CC_BY_NC_4_0	Alfredo Justo	Alfredo Justo			2025-01-14T13:32:02.381Z	StillImage	COORDINATE_ROUNDED;CONTINENT_DERIVED_FROM_COORDINATES;TAXON_MATCH_TAXON_ID_IGNORED
3961023637	50c9509d-22c7-4a22-a47d-8c48425ef4a7	https://www.inaturalist.org/observations/137706697	Fungi	Basidiomycota	Agaricomycetes	Russulales	Russulaceae	Lactarius	Lactarius lignyotus		SPECIES	Lactarius lignyotus Fr.	Lactarius lignyotus		CA		Ontario	PRESENT		28eb1a3f-1c15-4a95-931a-4af90ecb574d	45.164745	-76.672093	187.0						2022-10-05T13:44	5	10	2022	7240050	7240050	HUMAN_OBSERVATION	iNaturalist	Observations	137706697		aphw	2022-10-06T02:20:30	CC_BY_NC_4_0	aphw	aphw			2025-01-14T12:32:03.517Z	StillImage	COORDINATE_ROUNDED;CONTINENT_DERIVED_FROM_COORDINATES;TAXON_MATCH_TAXON_ID_IGNORED
3923687632	50c9509d-22c7-4a22-a47d-8c48425ef4a7	https://www.inaturalist.org/observations/134328603	Fungi	Basidiomycota	Agaricomycetes	Russulales	Russulaceae	Lactarius	Lactarius lignyotus		SPECIES	Lactarius lignyotus Fr.	Lactarius lignyotus		CA		Québec	PRESENT		28eb1a3f-1c15-4a95-931a-4af90ecb574d	45.141834	-72.604145	2892.0						2022-09-09T12:38:18	9	9	2022	7240050	7240050	HUMAN_OBSERVATION	iNaturalist	Observations	134328603		Lucie Roy	2022-09-09T18:54:31	CC_BY_NC_4_0	Lucie Roy	Lucie Roy			2025-01-14T12:31:52.034Z	StillImage	COORDINATE_ROUNDED;CONTINENT_DERIVED_FROM_COORDINATES;TAXON_MATCH_TAXON_ID_IGNORED
3923423433	50c9509d-22c7-4a22-a47d-8c48425ef4a7	https://www.inaturalist.org/observations/137343247	Fungi	Basidiomycota	Agaricomycetes	Russulales	Russulaceae	Lactarius	Lactarius lignyotus		SPECIES	Lactarius lignyotus Fr.	Lactarius lignyotus		CA		Ontario	PRESENT		28eb1a3f-1c15-4a95-931a-4af90ecb574d	45.358375	-75.240013	30.0						2022-10-02T16:34:38	2	10	2022	7240050	7240050	HUMAN_OBSERVATION	iNaturalist	Observations	137343247		Lynn Ovenden	2022-10-02T22:16:15	CC_BY_NC_4_0	Lynn Ovenden	Lynn Ovenden			2025-01-14T12:32:36.256Z	StillImage	COORDINATE_ROUNDED;CONTINENT_DERIVED_FROM_COORDINATES;TAXON_MATCH_TAXON_ID_IGNORED
3923303349	50c9509d-22c7-4a22-a47d-8c48425ef4a7	https://www.inaturalist.org/observations/137285372	Fungi	Basidiomycota	Agaricomycetes	Russulales	Russulaceae	Lactarius	Lactarius lignyotus		SPECIES	Lactarius lignyotus Fr.	Lactarius lignyotus		CA		Québec	PRESENT		28eb1a3f-1c15-4a95-931a-4af90ecb574d	45.62244	-75.02832							2022-10-01T10:24	1	10	2022	7240050	7240050	HUMAN_OBSERVATION	iNaturalist	Observations	137285372		jonathan_mack	2022-10-02T15:12:37	CC_BY_NC_4_0	jonathan_mack	jonathan_mack			2025-01-14T12:32:46.012Z	StillImage	CONTINENT_DERIVED_FROM_COORDINATES;TAXON_MATCH_TAXON_ID_IGNORED
3903478070	50c9509d-22c7-4a22-a47d-8c48425ef4a7	https://www.inaturalist.org/observations/132863049	Fungi	Basidiomycota	Agaricomycetes	Russulales	Russulaceae	Lactarius	Lactarius lignyotus		SPECIES	Lactarius lignyotus Fr.	Lactarius lignyotus		CA		Nova Scotia	PRESENT		28eb1a3f-1c15-4a95-931a-4af90ecb574d	45.676553	-64.065128	24.0						2022-08-28T16:19	28	8	2022	7240050	7240050	HUMAN_OBSERVATION	iNaturalist	Observations	132863049		Ben	2022-08-29T20:03:20	CC_BY_NC_4_0	Ben	Ben			2025-01-14T13:20:36.614Z	StillImage	COORDINATE_ROUNDED;CONTINENT_DERIVED_FROM_COORDINATES;TAXON_MATCH_TAXON_ID_IGNORED
3902770736	50c9509d-22c7-4a22-a47d-8c48425ef4a7	https://www.inaturalist.org/observations/132307499	Fungi	Basidiomycota	Agaricomycetes	Russulales	Russulaceae	Lactarius	Lactarius lignyotus		SPECIES	Lactarius lignyotus Fr.	Lactarius lignyotus		CA		New Brunswick	PRESENT		28eb1a3f-1c15-4a95-931a-4af90ecb574d	45.259384	-66.039028	8903.0						2022-08-25T14:43:23	25	8	2022	7240050	7240050	HUMAN_OBSERVATION	iNaturalist	Observations	132307499		patpark506	2022-08-25T18:33:06	CC_BY_NC_4_0	patpark506	patpark506			2025-01-14T12:31:32.500Z	StillImage	COORDINATE_ROUNDED;CONTINENT_DERIVED_FROM_COORDINATES;TAXON_MATCH_TAXON_ID_IGNORED
3902670810	50c9509d-22c7-4a22-a47d-8c48425ef4a7	https://www.inaturalist.org/observations/131843874	Fungi	Basidiomycota	Agaricomycetes	Russulales	Russulaceae	Lactarius	Lactarius lignyotus		SPECIES	Lactarius lignyotus Fr.	Lactarius lignyotus		CA		Ontario	PRESENT		28eb1a3f-1c15-4a95-931a-4af90ecb574d	45.228092	-78.640838	47.0						2022-08-21T16:55:55	21	8	2022	7240050	7240050	HUMAN_OBSERVATION	iNaturalist	Observations	131843874		phenry64	2022-08-22T03:38:27	CC_BY_NC_4_0	phenry64	phenry64			2025-01-14T13:18:59.137Z	StillImage	COORDINATE_ROUNDED;CONTINENT_DERIVED_FROM_COORDINATES;TAXON_MATCH_TAXON_ID_IGNORED
3892304496	50c9509d-22c7-4a22-a47d-8c48425ef4a7	https://www.inaturalist.org/observations/128811980	Fungi	Basidiomycota	Agaricomycetes	Russulales	Russulaceae	Lactarius	Lactarius lignyotus		SPECIES	Lactarius lignyotus Fr.	Lactarius lignyotus		CA		Québec	PRESENT		28eb1a3f-1c15-4a95-931a-4af90ecb574d	45.247305	-72.258095	6.0						2022-07-31T10:45:19	31	7	2022	7240050	7240050	HUMAN_OBSERVATION	iNaturalist	Observations	128811980		nathaliechamberland	2022-07-31T15:48:11	CC_BY_NC_4_0	nathaliechamberland	nathaliechamberland			2025-01-14T12:31:05.698Z	StillImage	CONTINENT_DERIVED_FROM_COORDINATES;TAXON_MATCH_TAXON_ID_IGNORED
3759154381	50c9509d-22c7-4a22-a47d-8c48425ef4a7	https://www.inaturalist.org/observations/34110192	Fungi	Basidiomycota	Agaricomycetes	Russulales	Russulaceae	Lactarius	Lactarius lignyotus		SPECIES	Lactarius lignyotus Fr.	Lactarius lignyotus		CA		New Brunswick	PRESENT		28eb1a3f-1c15-4a95-931a-4af90ecb574d	46.148055	-64.399594	1503.0						2018-08-26T11:40	26	8	2018	7240050	7240050	HUMAN_OBSERVATION	iNaturalist	Observations	34110192		Raymonde G Chartier	2019-10-09T11:25:49	CC_BY_NC_4_0	Raymonde G Chartier	Raymonde G Chartier			2025-01-14T12:09:33.920Z	StillImage	COORDINATE_ROUNDED;CONTINENT_DERIVED_FROM_COORDINATES;TAXON_MATCH_TAXON_ID_IGNORED
3456889400	50c9509d-22c7-4a22-a47d-8c48425ef4a7	https://www.inaturalist.org/observations/100438065	Fungi	Basidiomycota	Agaricomycetes	Russulales	Russulaceae	Lactarius	Lactarius lignyotus		SPECIES	Lactarius lignyotus Fr.	Lactarius lignyotus		CA		Ontario	PRESENT		28eb1a3f-1c15-4a95-931a-4af90ecb574d	45.058394	-78.840898	27222.0						2021-11-06T16:26:56	6	11	2021	7240050	7240050	HUMAN_OBSERVATION	iNaturalist	Observations	100438065		Carl-Adam Wegenschimmel	2021-11-06T22:09:58	CC_BY_NC_4_0	Carl-Adam Wegenschimmel	Carl-Adam Wegenschimmel			2025-01-14T12:25:57.817Z	StillImage	COORDINATE_ROUNDED;CONTINENT_DERIVED_FROM_COORDINATES;TAXON_MATCH_TAXON_ID_IGNORED
3456795777	50c9509d-22c7-4a22-a47d-8c48425ef4a7	https://www.inaturalist.org/observations/97335326	Fungi	Basidiomycota	Agaricomycetes	Russulales	Russulaceae	Lactarius	Lactarius lignyotus		SPECIES	Lactarius lignyotus Fr.	Lactarius lignyotus		CA		Ontario	PRESENT		28eb1a3f-1c15-4a95-931a-4af90ecb574d	45.609073	-78.478094	9833.0						2021-09-30T10:42	30	9	2021	7240050	7240050	HUMAN_OBSERVATION	iNaturalist	Observations	97335326		Tim Thorington	2021-10-06T12:06:36	CC_BY_NC_4_0	Tim Thorington	Tim Thorington			2025-01-14T12:21:58.441Z	StillImage	COORDINATE_ROUNDED;CONTINENT_DERIVED_FROM_COORDINATES;TAXON_MATCH_TAXON_ID_IGNORED
3456552218	50c9509d-22c7-4a22-a47d-8c48425ef4a7	https://www.inaturalist.org/observations/102093293	Fungi	Basidiomycota	Agaricomycetes	Russulales	Russulaceae	Lactarius	Lactarius lignyotus		SPECIES	Lactarius lignyotus Fr.	Lactarius lignyotus		CA		New Brunswick	PRESENT		28eb1a3f-1c15-4a95-931a-4af90ecb574d	45.964666	-66.493198	5739.0						2021-10-03T18:37:05	3	10	2021	7240050	7240050	HUMAN_OBSERVATION	iNaturalist	Observations	102093293		wickerborn	2021-11-28T17:07:29	CC_BY_NC_4_0	wickerborn	wickerborn			2025-01-14T13:12:38.355Z	StillImage	COORDINATE_ROUNDED;CONTINENT_DERIVED_FROM_COORDINATES;TAXON_MATCH_TAXON_ID_IGNORED
3456429170	50c9509d-22c7-4a22-a47d-8c48425ef4a7	https://www.inaturalist.org/observations/104192443	Fungi	Basidiomycota	Agaricomycetes	Russulales	Russulaceae	Lactarius	Lactarius lignyotus		SPECIES	Lactarius lignyotus Fr.	Lactarius lignyotus		CA		New Brunswick	PRESENT		28eb1a3f-1c15-4a95-931a-4af90ecb574d	46.389245	-64.618661	8.0						2021-10-02T13:59	2	10	2021	7240050	7240050	HUMAN_OBSERVATION	iNaturalist	Observations	104192443		Stuart Tingley	2022-01-02T17:11:10	CC_BY_NC_4_0	Stuart Tingley	Stuart Tingley			2025-01-14T13:17:30.626Z	StillImage	COORDINATE_ROUNDED;CONTINENT_DERIVED_FROM_COORDINATES;TAXON_MATCH_TAXON_ID_IGNORED
3455965353	50c9509d-22c7-4a22-a47d-8c48425ef4a7	https://www.inaturalist.org/observations/99922600	Fungi	Basidiomycota	Agaricomycetes	Russulales	Russulaceae	Lactarius	Lactarius lignyotus		SPECIES	Lactarius lignyotus Fr.	Lactarius lignyotus		CA		Ontario	PRESENT		28eb1a3f-1c15-4a95-931a-4af90ecb574d	45.357375	-75.59917							2021-10-28T12:59	28	10	2021	7240050	7240050	HUMAN_OBSERVATION	iNaturalist	Observations	99922600		Serguei Ponomarenko	2021-10-31T22:29:13	CC_BY_NC_4_0	Serguei Ponomarenko	Serguei Ponomarenko			2025-01-14T13:16:06.289Z	StillImage	CONTINENT_DERIVED_FROM_COORDINATES;TAXON_MATCH_TAXON_ID_IGNORED
3455776645	50c9509d-22c7-4a22-a47d-8c48425ef4a7	https://www.inaturalist.org/observations/102907735	Fungi	Basidiomycota	Agaricomycetes	Russulales	Russulaceae	Lactarius	Lactarius lignyotus		SPECIES	Lactarius lignyotus Fr.	Lactarius lignyotus		CA		New Brunswick	PRESENT		28eb1a3f-1c15-4a95-931a-4af90ecb574d	46.338351	-64.658862	122.0						2021-09-29T12:10	29	9	2021	7240050	7240050	HUMAN_OBSERVATION	iNaturalist	Observations	102907735		Stuart Tingley	2021-12-12T03:32:48	CC_BY_NC_4_0	Stuart Tingley	Stuart Tingley			2025-01-14T12:23:34.099Z	StillImage	COORDINATE_ROUNDED;CONTINENT_DERIVED_FROM_COORDINATES;TAXON_MATCH_TAXON_ID_IGNORED
3455401192	50c9509d-22c7-4a22-a47d-8c48425ef4a7	https://www.inaturalist.org/observations/97335349	Fungi	Basidiomycota	Agaricomycetes	Russulales	Russulaceae	Lactarius	Lactarius lignyotus		SPECIES	Lactarius lignyotus Fr.	Lactarius lignyotus		CA		Ontario	PRESENT		28eb1a3f-1c15-4a95-931a-4af90ecb574d	45.609073	-78.478094	9833.0						2021-09-30T10:54	30	9	2021	7240050	7240050	HUMAN_OBSERVATION	iNaturalist	Observations	97335349		Tim Thorington	2021-10-06T12:06:48	CC_BY_NC_4_0	Tim Thorington	Tim Thorington			2025-01-14T12:26:06.183Z	StillImage	COORDINATE_ROUNDED;CONTINENT_DERIVED_FROM_COORDINATES;TAXON_MATCH_TAXON_ID_IGNORED
3408238659	50c9509d-22c7-4a22-a47d-8c48425ef4a7	https://www.inaturalist.org/observations/99679139	Fungi	Basidiomycota	Agaricomycetes	Russulales	Russulaceae	Lactarius	Lactarius lignyotus		SPECIES	Lactarius lignyotus Fr.	Lactarius lignyotus		CA		Ontario	PRESENT		28eb1a3f-1c15-4a95-931a-4af90ecb574d	45.356923	-75.599403							2021-10-28T13:40	28	10	2021	7240050	7240050	HUMAN_OBSERVATION	iNaturalist	Observations	99679139		Igor Khomenko	2021-10-29T03:35:13	CC_BY_NC_4_0	Igor Khomenko	Igor Khomenko			2025-01-14T13:16:03.558Z	StillImage	COORDINATE_ROUNDED;CONTINENT_DERIVED_FROM_COORDINATES;TAXON_MATCH_TAXON_ID_IGNORED
3384015388	50c9509d-22c7-4a22-a47d-8c48425ef4a7	https://www.inaturalist.org/observations/95305590	Fungi	Basidiomycota	Agaricomycetes	Russulales	Russulaceae	Lactarius	Lactarius lignyotus		SPECIES	Lactarius lignyotus Fr.	Lactarius lignyotus		CA		Ontario	PRESENT		28eb1a3f-1c15-4a95-931a-4af90ecb574d	45.366093	-75.526873							2021-09-18T12:18	18	9	2021	7240050	7240050	HUMAN_OBSERVATION	iNaturalist	Observations	95305590		Igor Khomenko	2021-09-18T19:48:33	CC_BY_NC_4_0	Igor Khomenko	Igor Khomenko			2025-01-14T12:22:31.958Z	StillImage	COORDINATE_ROUNDED;CONTINENT_DERIVED_FROM_COORDINATES;TAXON_MATCH_TAXON_ID_IGNORED
3349385486	d8cd16ba-bb74-4420-821e-083f2bac17c2	MN992442	Fungi	Basidiomycota	Agaricomycetes	Russulales	Russulaceae	Lactarius	Lactarius lignyotus		SPECIES	Lactarius lignyotus Fr.	Lactarius lignyotus		CA	Quebec, Anticosti		PRESENT		ada9d123-ddb4-467d-8891-806ea8d94230	49.9	-64.4							2015-09-09	9	9	2015	7240050	7240050	PRESERVED_SPECIMEN			ANT225-QFB28706		Pauline Dube		CC_BY_4_0					2025-01-18T13:05:51.038Z		GEODETIC_DATUM_ASSUMED_WGS84;CONTINENT_DERIVED_FROM_COORDINATES;TAXON_MATCH_TAXON_CONCEPT_ID_IGNORED;TAXON_MATCH_TAXON_ID_IGNORED
3343749580	50c9509d-22c7-4a22-a47d-8c48425ef4a7	https://www.inaturalist.org/observations/91738857	Fungi	Basidiomycota	Agaricomycetes	Russulales	Russulaceae	Lactarius	Lactarius lignyotus		SPECIES	Lactarius lignyotus Fr.	Lactarius lignyotus		CA		Nova Scotia	PRESENT		28eb1a3f-1c15-4a95-931a-4af90ecb574d	45.082873	-64.365094	393.0						2021-08-10T13:04:39	10	8	2021	7240050	7240050	HUMAN_OBSERVATION	iNaturalist	Observations	91738857		Raymonde G Chartier	2021-08-20T19:08:52	CC_BY_NC_4_0	beccam333	beccam333			2025-01-14T12:20:37.191Z	StillImage	COORDINATE_ROUNDED;CONTINENT_DERIVED_FROM_COORDINATES;TAXON_MATCH_TAXON_ID_IGNORED
3337811257	50c9509d-22c7-4a22-a47d-8c48425ef4a7	https://www.inaturalist.org/observations/91685002	Fungi	Basidiomycota	Agaricomycetes	Russulales	Russulaceae	Lactarius	Lactarius lignyotus		SPECIES	Lactarius lignyotus Fr.	Lactarius lignyotus		CA		New Brunswick	PRESENT		28eb1a3f-1c15-4a95-931a-4af90ecb574d	45.966537	-66.495113	8515.0						2021-08-18T17:16:36	18	8	2021	7240050	7240050	HUMAN_OBSERVATION	iNaturalist	Observations	91685002		cinna_latifolia	2021-08-19T02:40:32	CC_BY_NC_4_0	wickerborn	wickerborn			2025-01-14T13:13:59.137Z	StillImage	COORDINATE_ROUNDED;CONTINENT_DERIVED_FROM_COORDINATES;TAXON_MATCH_TAXON_ID_IGNORED
3079514700	50c9509d-22c7-4a22-a47d-8c48425ef4a7	https://www.inaturalist.org/observations/33989216	Fungi	Basidiomycota	Agaricomycetes	Russulales	Russulaceae	Lactarius	Lactarius lignyotus		SPECIES	Lactarius lignyotus Fr.	Lactarius lignyotus		CA		Ontario	PRESENT		28eb1a3f-1c15-4a95-931a-4af90ecb574d	45.241375	-76.214792	64.0						2019-10-06T12:27	6	10	2019	7240050	7240050	HUMAN_OBSERVATION	iNaturalist	Observations	33989216		Igor Khomenko	2020-01-18T18:28:45	CC_BY_NC_4_0	Igor Khomenko	Igor Khomenko			2025-01-14T12:09:29.395Z	StillImage	COORDINATE_ROUNDED;CONTINENT_DERIVED_FROM_COORDINATES;TAXON_MATCH_TAXON_ID_IGNORED
3014021519	50c9509d-22c7-4a22-a47d-8c48425ef4a7	https://www.inaturalist.org/observations/57705625	Fungi	Basidiomycota	Agaricomycetes	Russulales	Russulaceae	Lactarius	Lactarius lignyotus		SPECIES	Lactarius lignyotus Fr.	Lactarius lignyotus		CA		Ontario	PRESENT		28eb1a3f-1c15-4a95-931a-4af90ecb574d	45.581941	-78.534585							2020-08-25T13:10	25	8	2020	7240050	7240050	HUMAN_OBSERVATION	iNaturalist	Observations	57705625		Bram Stynen	2020-08-28T17:17:17	CC_BY_NC_4_0	Bram Stynen	Bram Stynen			2025-01-14T12:15:28.965Z	StillImage	COORDINATE_ROUNDED;CONTINENT_DERIVED_FROM_COORDINATES;TAXON_MATCH_TAXON_ID_IGNORED
3005243463	50c9509d-22c7-4a22-a47d-8c48425ef4a7	https://www.inaturalist.org/observations/58433442	Fungi	Basidiomycota	Agaricomycetes	Russulales	Russulaceae	Lactarius	Lactarius lignyotus		SPECIES	Lactarius lignyotus Fr.	Lactarius lignyotus		CA		Ontario	PRESENT		28eb1a3f-1c15-4a95-931a-4af90ecb574d	45.577211	-78.539545	569.0						2020-09-03T11:01:46	3	9	2020	7240050	7240050	HUMAN_OBSERVATION	iNaturalist	Observations	58433442		cinna_latifolia	2020-12-13T00:48:38	CC_BY_NC_4_0	melissahalton	melissahalton			2025-01-14T12:14:29.824Z	StillImage	COORDINATE_ROUNDED;CONTINENT_DERIVED_FROM_COORDINATES;TAXON_MATCH_TAXON_ID_IGNORED
2856570339	50c9509d-22c7-4a22-a47d-8c48425ef4a7	https://www.inaturalist.org/observations/33641915	Fungi	Basidiomycota	Agaricomycetes	Russulales	Russulaceae	Lactarius	Lactarius lignyotus		SPECIES	Lactarius lignyotus Fr.	Lactarius lignyotus		CA		Ontario	PRESENT		28eb1a3f-1c15-4a95-931a-4af90ecb574d	45.363849	-75.530936	609.0						2019-09-29T13:46:14	29	9	2019	7240050	7240050	HUMAN_OBSERVATION	iNaturalist	Observations	33641915		Lynn Ovenden	2019-09-30T11:00:34	CC_BY_NC_4_0	Lynn Ovenden	Lynn Ovenden			2025-01-14T13:04:51.574Z	StillImage	COORDINATE_ROUNDED;CONTINENT_DERIVED_FROM_COORDINATES;TAXON_MATCH_TAXON_ID_IGNORED
2813947450	50c9509d-22c7-4a22-a47d-8c48425ef4a7	https://www.inaturalist.org/observations/32671181	Fungi	Basidiomycota	Agaricomycetes	Russulales	Russulaceae	Lactarius	Lactarius lignyotus		SPECIES	Lactarius lignyotus Fr.	Lactarius lignyotus		CA		Nova Scotia	PRESENT		28eb1a3f-1c15-4a95-931a-4af90ecb574d	45.049349	-64.327624	557.0						2019-09-13T10:32	13	9	2019	7240050	7240050	HUMAN_OBSERVATION	iNaturalist	Observations	32671181		else	2019-09-14T00:10:45	CC_BY_NC_4_0	Heather	Heather			2025-01-14T12:09:17.286Z	StillImage	COORDINATE_ROUNDED;CONTINENT_DERIVED_FROM_COORDINATES;TAXON_MATCH_TAXON_ID_IGNORED
2596207105	50c9509d-22c7-4a22-a47d-8c48425ef4a7	https://www.inaturalist.org/observations/41226805	Fungi	Basidiomycota	Agaricomycetes	Russulales	Russulaceae	Lactarius	Lactarius lignyotus		SPECIES	Lactarius lignyotus Fr.	Lactarius lignyotus		CA		Québec	PRESENT		28eb1a3f-1c15-4a95-931a-4af90ecb574d	46.911423	-71.244344	488.0						2016-09-23	23	9	2016	7240050	7240050	HUMAN_OBSERVATION	iNaturalist	Observations	41226805		Christian Grenier	2020-04-02T13:46:29	CC_BY_NC_4_0	Christian Grenier	Christian Grenier			2025-01-14T12:11:13.329Z	StillImage	COORDINATE_ROUNDED;CONTINENT_DERIVED_FROM_COORDINATES;TAXON_MATCH_TAXON_ID_IGNORED
2579382794	50c9509d-22c7-4a22-a47d-8c48425ef4a7	https://www.inaturalist.org/observations/32239628	Fungi	Basidiomycota	Agaricomycetes	Russulales	Russulaceae	Lactarius	Lactarius lignyotus		SPECIES	Lactarius lignyotus Fr.	Lactarius lignyotus		CA		Québec	PRESENT		28eb1a3f-1c15-4a95-931a-4af90ecb574d	46.547509	-71.226842	128.0						2019-09-06T15:15:13	6	9	2019	7240050	7240050	HUMAN_OBSERVATION	iNaturalist	Observations	32239628		Ludo Leclerc	2019-09-12T11:16:37	CC_BY_NC_4_0	Ludo Leclerc	Ludo Leclerc			2025-01-14T12:09:37.484Z	StillImage	COORDINATE_ROUNDED;CONTINENT_DERIVED_FROM_COORDINATES;TAXON_MATCH_TAXON_ID_IGNORED
2579312869	50c9509d-22c7-4a22-a47d-8c48425ef4a7	https://www.inaturalist.org/observations/38303089	Fungi	Basidiomycota	Agaricomycetes	Russulales	Russulaceae	Lactarius	Lactarius lignyotus		SPECIES	Lactarius lignyotus Fr.	Lactarius lignyotus		CA		Québec	PRESENT		28eb1a3f-1c15-4a95-931a-4af90ecb574d	46.931356	-71.235932	6638.0						2018-09-17	17	9	2018	7240050	7240050	HUMAN_OBSERVATION	iNaturalist	Observations	38303089		Christian Grenier	2020-02-04T19:44:30	CC_BY_NC_4_0	Christian Grenier	Christian Grenier			2025-01-14T12:10:31.482Z	StillImage	COORDINATE_ROUNDED;CONTINENT_DERIVED_FROM_COORDINATES;TAXON_MATCH_TAXON_ID_IGNORED
2576373887	50c9509d-22c7-4a22-a47d-8c48425ef4a7	https://www.inaturalist.org/observations/34110193	Fungi	Basidiomycota	Agaricomycetes	Russulales	Russulaceae	Lactarius	Lactarius lignyotus		SPECIES	Lactarius lignyotus Fr.	Lactarius lignyotus		CA		New Brunswick	PRESENT		28eb1a3f-1c15-4a95-931a-4af90ecb574d	46.148055	-64.399594	1503.0						2018-08-26T11:40	26	8	2018	7240050	7240050	HUMAN_OBSERVATION	iNaturalist	Observations	34110193		Raymonde G Chartier	2019-10-09T11:25:51	CC_BY_NC_4_0	Raymonde G Chartier	Raymonde G Chartier			2025-01-14T12:09:40.676Z	StillImage	COORDINATE_ROUNDED;CONTINENT_DERIVED_FROM_COORDINATES;TAXON_MATCH_TAXON_ID_IGNORED
2574129755	50c9509d-22c7-4a22-a47d-8c48425ef4a7	https://www.inaturalist.org/observations/5519389	Fungi	Basidiomycota	Agaricomycetes	Russulales	Russulaceae	Lactarius	Lactarius lignyotus		SPECIES	Lactarius lignyotus Fr.	Lactarius lignyotus		CA		Québec	PRESENT		28eb1a3f-1c15-4a95-931a-4af90ecb574d	48.268225	-70.005858	2602.0						2015-08-30T13:47:06	30	8	2015	7240050	7240050	HUMAN_OBSERVATION	iNaturalist	Observations	5519389		jgenest	2017-05-17T14:53:04	CC_BY_NC_4_0	Brett	Brett			2025-01-14T12:57:25.506Z	StillImage	CONTINENT_DERIVED_FROM_COORDINATES;TAXON_MATCH_TAXON_ID_IGNORED
2573902236	50c9509d-22c7-4a22-a47d-8c48425ef4a7	https://www.inaturalist.org/observations/34275092	Fungi	Basidiomycota	Agaricomycetes	Russulales	Russulaceae	Lactarius	Lactarius lignyotus		SPECIES	Lactarius lignyotus Fr.	Lactarius lignyotus		CA		Québec	PRESENT		28eb1a3f-1c15-4a95-931a-4af90ecb574d	46.791578	-71.33671	2.0						2019-10-12	12	10	2019	7240050	7240050	HUMAN_OBSERVATION	iNaturalist	Observations	34275092		Ludo Leclerc	2019-10-12T23:06:35	CC_BY_NC_4_0	Ludo Leclerc	Ludo Leclerc			2025-01-14T13:05:08.174Z	StillImage	COORDINATE_ROUNDED;CONTINENT_DERIVED_FROM_COORDINATES;TAXON_MATCH_TAXON_ID_IGNORED
2563467942	50c9509d-22c7-4a22-a47d-8c48425ef4a7	https://www.inaturalist.org/observations/34580442	Fungi	Basidiomycota	Agaricomycetes	Russulales	Russulaceae	Lactarius	Lactarius lignyotus		SPECIES	Lactarius lignyotus Fr.	Lactarius lignyotus		CA		New Brunswick	PRESENT		28eb1a3f-1c15-4a95-931a-4af90ecb574d	46.215263	-64.288026	488.0						2014-09-13T10:12	13	9	2014	7240050	7240050	HUMAN_OBSERVATION	iNaturalist	Observations	34580442		Raymonde G Chartier	2019-10-19T13:58:38	CC_BY_NC_4_0	Raymonde G Chartier	Raymonde G Chartier			2025-01-14T12:10:37.967Z	StillImage	COORDINATE_ROUNDED;CONTINENT_DERIVED_FROM_COORDINATES;TAXON_MATCH_TAXON_ID_IGNORED
2447835810	50c9509d-22c7-4a22-a47d-8c48425ef4a7	https://www.inaturalist.org/observations/30845804	Fungi	Basidiomycota	Agaricomycetes	Russulales	Russulaceae	Lactarius	Lactarius lignyotus		SPECIES	Lactarius lignyotus Fr.	Lactarius lignyotus		CA		New Brunswick	PRESENT		28eb1a3f-1c15-4a95-931a-4af90ecb574d	45.12713	-66.524901	61.0						2019-08-14T12:00	14	8	2019	7240050	7240050	HUMAN_OBSERVATION	iNaturalist	Observations	30845804		Alfredo Justo	2019-08-15T00:42:43	CC_BY_NC_4_0	Alfredo Justo	Alfredo Justo			2025-01-14T12:08:55.277Z	StillImage	COORDINATE_ROUNDED;CONTINENT_DERIVED_FROM_COORDINATES;TAXON_MATCH_TAXON_ID_IGNORED
1990308323	032f1fbe-d21f-407d-be46-5cd1bb1ea397	d7cd0119-6cae-465b-a0e5-3b3e5998d4b3	Fungi	Basidiomycota	Agaricomycetes	Russulales	Russulaceae	Lactarius	Lactarius lignyotus		SPECIES	Lactarius lignyotus Fr.	Lactarius lignyotus lignyotus		CA	Lac-nilgaut, Lake Munroe	Quebec	PRESENT		61c539d8-47e0-4b82-875f-b95aad66dcd4	46.269444	-76.563889							1957-07-23	23	7	1957	7240050	7240050	PRESERVED_SPECIMEN	TENN-F		TENN-F-035304	HEB5614			CC0_1_0		H.E. Bigelow			2025-01-12T10:33:47.226Z	StillImage	COORDINATE_ROUNDED;GEODETIC_DATUM_ASSUMED_WGS84;CONTINENT_DERIVED_FROM_COORDINATES;TAXON_MATCH_HIGHERRANK;INSTITUTION_MATCH_NONE
1990300517	032f1fbe-d21f-407d-be46-5cd1bb1ea397	c9015191-6358-483b-924e-811137a361e7	Fungi	Basidiomycota	Agaricomycetes	Russulales	Russulaceae	Lactarius	Lactarius lignyotus		SPECIES	Lactarius lignyotus Fr.	Lactarius lignyotus lignyotus		CA	Whitney	Ontario	PRESENT		61c539d8-47e0-4b82-875f-b95aad66dcd4	45.494444	-78.234722							1962-08-07	7	8	1962	7240050	7240050	PRESERVED_SPECIMEN	TENN-F		TENN-F-027307	RHP27307			CC0_1_0		R.H. Petersen			2025-01-12T10:33:49.165Z	StillImage	COORDINATE_ROUNDED;GEODETIC_DATUM_ASSUMED_WGS84;CONTINENT_DERIVED_FROM_COORDINATES;TAXON_MATCH_HIGHERRANK;INSTITUTION_MATCH_NONE
1914200179	50c9509d-22c7-4a22-a47d-8c48425ef4a7	https://www.inaturalist.org/observations/16619311	Fungi	Basidiomycota	Agaricomycetes	Russulales	Russulaceae	Lactarius	Lactarius lignyotus		SPECIES	Lactarius lignyotus Fr.	Lactarius lignyotus		CA		Québec	PRESENT		28eb1a3f-1c15-4a95-931a-4af90ecb574d	46.436484	-74.320219	123.0						2018-09-15T14:14:48	15	9	2018	7240050	7240050	HUMAN_OBSERVATION	iNaturalist	Observations	16619311		jgenest	2018-09-25T11:35:02	CC_BY_NC_4_0	Carl-Adam Wegenschimmel	Carl-Adam Wegenschimmel			2025-01-14T12:58:43.733Z	StillImage	COORDINATE_ROUNDED;CONTINENT_DERIVED_FROM_COORDINATES;TAXON_MATCH_TAXON_ID_IGNORED
1843246657	50c9509d-22c7-4a22-a47d-8c48425ef4a7	https://www.inaturalist.org/observations/9899547	Fungi	Basidiomycota	Agaricomycetes	Russulales	Russulaceae	Lactarius	Lactarius lignyotus		SPECIES	Lactarius lignyotus Fr.	Lactarius lignyotus		CA		Québec	PRESENT		28eb1a3f-1c15-4a95-931a-4af90ecb574d	45.62726	-71.028605	27126.0						2017-08-27T14:10:34Z	27	8	2017	7240050	7240050	HUMAN_OBSERVATION	iNaturalist	Observations	9899547		Danavan Rouillard	2018-02-20T17:11:00	CC_BY_NC_4_0	Danavan Rouillard	Danavan Rouillard			2025-01-14T12:04:25.681Z		COORDINATE_ROUNDED;CONTINENT_DERIVED_FROM_COORDINATES;TAXON_MATCH_TAXON_ID_IGNORED
1831161510	50c9509d-22c7-4a22-a47d-8c48425ef4a7	https://www.inaturalist.org/observations/9590899	Fungi	Basidiomycota	Agaricomycetes	Russulales	Russulaceae	Lactarius	Lactarius lignyotus		SPECIES	Lactarius lignyotus Fr.	Lactarius lignyotus		CA		Ontario	PRESENT		28eb1a3f-1c15-4a95-931a-4af90ecb574d	45.69085	-78.32155	84661.0						2015-09-15	15	9	2015	7240050	7240050	HUMAN_OBSERVATION	iNaturalist	Observations	9590899		mycowalt	2018-01-23T22:55:03	CC_BY_NC_4_0	mycowalt	mycowalt			2025-01-14T12:04:22.132Z	StillImage	CONTINENT_DERIVED_FROM_COORDINATES;TAXON_MATCH_TAXON_ID_IGNORED
1831161482	50c9509d-22c7-4a22-a47d-8c48425ef4a7	https://www.inaturalist.org/observations/9595226	Fungi	Basidiomycota	Agaricomycetes	Russulales	Russulaceae	Lactarius	Lactarius lignyotus		SPECIES	Lactarius lignyotus Fr.	Lactarius lignyotus		CA		Ontario	PRESENT		28eb1a3f-1c15-4a95-931a-4af90ecb574d	45.69085	-78.32155	84661.0						2017-09-22	22	9	2017	7240050	7240050	HUMAN_OBSERVATION	iNaturalist	Observations	9595226		mycowalt	2018-01-24T03:41:49	CC_BY_NC_4_0	mycowalt	mycowalt			2025-01-14T13:00:14.438Z	StillImage	CONTINENT_DERIVED_FROM_COORDINATES;TAXON_MATCH_TAXON_ID_IGNORED
1807256317	e8a25a42-f125-476c-8554-3ec21cd51a84	ACAD:112841	Fungi	Basidiomycota	Agaricomycetes	Russulales	Russulaceae	Lactarius	Lactarius lignyotus		SPECIES	Lactarius lignyotus Fr.	Lactarius lignyotus	Fr., 1857	CA	(Kentville)	Nova Scotia	PRESENT		6491ad8c-8e49-4bd4-a089-0ddb3bbe0890	45.07662	-64.49592							1930-07-19	19	7	1930	7240050	7240050	PRESERVED_SPECIMEN	Acadia University	ACAD	337F	337			CC0_1_0	Acadia University	H, KA			2024-01-25T01:37:10.715Z	StillImage	GEODETIC_DATUM_INVALID;GEODETIC_DATUM_ASSUMED_WGS84;TAXON_MATCH_TAXON_ID_IGNORED;INSTITUTION_MATCH_FUZZY;COLLECTION_MATCH_FUZZY
1701210861	81e6cff2-b409-417e-8c72-e1bbafb7c61f	759b69f3-993e-4448-a6a7-700f379cb749	Fungi	Basidiomycota	Agaricomycetes	Russulales	Russulaceae	Lactarius	Lactarius lignyotus		SPECIES	Lactarius lignyotus Fr.	Lactarius lignyotus Fr.	Fr.	CA	Lac Beauport, Trans-Québec trail	Québec	PRESENT		7b8aff00-a9f8-11d8-944b-b8a03c50a862	46.950852	-71.281044	7000.0						2003-08-30	30	8	2003	7240050	7240050	PRESERVED_SPECIMEN	F	Botany	C0295198F	NAMA 2003-128			CC0_1_0	The Field Museum of Natural History	D. Aita			2024-02-20T16:06:38.632Z		GEODETIC_DATUM_ASSUMED_WGS84;MODIFIED_DATE_INVALID;MULTIMEDIA_URI_INVALID;AMBIGUOUS_COLLECTION;INSTITUTION_MATCH_FUZZY
1699435564	21705170-d2b6-42de-8904-c3bca4b83591	CMMF020594	Fungi	Basidiomycota	Agaricomycetes	Russulales	Russulaceae	Lactarius	Lactarius lignyotus		SPECIES	Lactarius lignyotus Fr.	Lactarius lignyotus Fr.	Fr.	CA	Granby, P.Q.	Quebec	PRESENT		ff7bd5db-b724-4932-b496-10ea298851f9	45.403229	-72.734066	7500.0						1947-09-23	23	9	1947	7240050	7240050	PRESERVED_SPECIMEN	Université de Montréal Biodiversity Centre	CMMF	CMMF020594	1915	Pomerleau, René		CC0_1_0	Université de Montréal Biodiversity Centre	Fabius, Fr.			2024-01-24T16:38:15.941Z		INSTITUTION_MATCH_FUZZY;COLLECTION_MATCH_FUZZY;DIFFERENT_OWNER_INSTITUTION
1586923839	50c9509d-22c7-4a22-a47d-8c48425ef4a7	https://www.inaturalist.org/observations/7234537	Fungi	Basidiomycota	Agaricomycetes	Russulales	Russulaceae	Lactarius	Lactarius lignyotus		SPECIES	Lactarius lignyotus Fr.	Lactarius lignyotus		CA		Ontario	PRESENT		28eb1a3f-1c15-4a95-931a-4af90ecb574d	45.23275	-78.559075							2017-07-06T12:47:58	6	7	2017	7240050	7240050	HUMAN_OBSERVATION	iNaturalist	Observations	7234537		Carl de Boer	2017-08-05T21:17:03	CC_BY_NC_4_0	cmphilli	cmphilli			2025-01-14T12:03:42.088Z	StillImage	CONTINENT_DERIVED_FROM_COORDINATES;TAXON_MATCH_TAXON_ID_IGNORED
1412706081	21705170-d2b6-42de-8904-c3bca4b83591	CMMF014561	Fungi	Basidiomycota	Agaricomycetes	Russulales	Russulaceae	Lactarius	Lactarius lignyotus	canadensis	VARIETY	Lactarius lignyotus var. canadensis A.H.Sm. & Hesler	Lactarius lignyotus var. canadensis A.H. Sm. & Hesler	A.H. Sm. & Hesler	CA	Chutes-Chaudières, Parc Chibougamau, Québec.	Québec	PRESENT		ff7bd5db-b724-4932-b496-10ea298851f9	48.987143	-73.070136	5000.0						1993-08-23	23	8	1993	5463065	7240050	PRESERVED_SPECIMEN	Université de Montréal Biodiversity Centre	CMMF	CMMF014561	1262	Guérin, Gérard		CC0_1_0	Université de Montréal Biodiversity Centre	Guérin, Gérard			2024-01-24T16:38:19.571Z	StillImage	INSTITUTION_MATCH_FUZZY;COLLECTION_MATCH_FUZZY;DIFFERENT_OWNER_INSTITUTION
1412703131	21705170-d2b6-42de-8904-c3bca4b83591	CMMF011576	Fungi	Basidiomycota	Agaricomycetes	Russulales	Russulaceae	Lactarius	Lactarius lignyotus		SPECIES	Lactarius lignyotus Fr.	Lactarius lignyotus Fr.	Fr.	CA	Sainte-Anne de la Pocatière, Kamouraska, Québec.	Québec	PRESENT		ff7bd5db-b724-4932-b496-10ea298851f9	47.366667	-70.033333	8000.0						1956-09-10	10	9	1956	7240050	7240050	PRESERVED_SPECIMEN	Université de Montréal Biodiversity Centre	CMMF	CMMF011576	18455	Campagna, Elzéar; Dubé, Lucien		CC0_1_0	Université de Montréal Biodiversity Centre	Campagna, Elzéar; Dubé, Lucien			2024-01-24T16:38:18.049Z		INSTITUTION_MATCH_FUZZY;COLLECTION_MATCH_FUZZY;DIFFERENT_OWNER_INSTITUTION
1412703115	21705170-d2b6-42de-8904-c3bca4b83591	CMMF011599	Fungi	Basidiomycota	Agaricomycetes	Russulales	Russulaceae	Lactarius	Lactarius lignyotus		SPECIES	Lactarius lignyotus Fr.	Lactarius lignyotus Fr.	Fr.	CA	Sainte-Anne de la Pocatière, Kamouraska, Québec.	Québec	PRESENT		ff7bd5db-b724-4932-b496-10ea298851f9	47.366667	-70.033333	8000.0						1944-09-09	9	9	1944	7240050	7240050	PRESERVED_SPECIMEN	Université de Montréal Biodiversity Centre	CMMF	CMMF011599	18296	Pomerleau, René		CC0_1_0	Université de Montréal Biodiversity Centre	Campagna, Elzéar; Dubé, Lucien			2024-01-24T16:38:18.052Z		INSTITUTION_MATCH_FUZZY;COLLECTION_MATCH_FUZZY;DIFFERENT_OWNER_INSTITUTION
1135070985	21705170-d2b6-42de-8904-c3bca4b83591	CMMF009606	Fungi	Basidiomycota	Agaricomycetes	Russulales	Russulaceae	Lactarius	Lactarius lignyotus		SPECIES	Lactarius lignyotus Fr.	Lactarius lignyotus Fr.	Fr.	CA	Lac Neigette sud, Lac-Beauport.	Québec	PRESENT		ff7bd5db-b724-4932-b496-10ea298851f9	46.949694	-71.300041	450.0						2007-07-23	23	7	2007	7240050	7240050	PRESERVED_SPECIMEN	Université de Montréal Biodiversity Centre	CMMF	CMMF009606	1190	Labrecque, Jacqueline		CC0_1_0	Université de Montréal Biodiversity Centre	Labrecque, Jacqueline			2024-01-24T16:38:20.957Z		INSTITUTION_MATCH_FUZZY;COLLECTION_MATCH_FUZZY;DIFFERENT_OWNER_INSTITUTION
1135070314	21705170-d2b6-42de-8904-c3bca4b83591	CMMF008906	Fungi	Basidiomycota	Agaricomycetes	Russulales	Russulaceae	Lactarius	Lactarius lignyotus		SPECIES	Lactarius lignyotus Fr.	Lactarius lignyotus Fr.	Fr.	CA	Boisé Ulrich, Lac-Beauport.	Québec	PRESENT		ff7bd5db-b724-4932-b496-10ea298851f9	46.953091	-71.275238	5000.0						2006-08-09	9	8	2006	7240050	7240050	PRESERVED_SPECIMEN	Université de Montréal Biodiversity Centre	CMMF	CMMF008906	489	Labrecque, Jacqueline		CC0_1_0	Université de Montréal Biodiversity Centre	Labrecque, Jacqueline			2024-01-24T16:38:18.928Z		INSTITUTION_MATCH_FUZZY;COLLECTION_MATCH_FUZZY;DIFFERENT_OWNER_INSTITUTION
1135070214	21705170-d2b6-42de-8904-c3bca4b83591	CMMF008734	Fungi	Basidiomycota	Agaricomycetes	Russulales	Russulaceae	Lactarius	Lactarius lignyotus		SPECIES	Lactarius lignyotus Fr.	Lactarius lignyotus Fr.	Fr.	CA	Lac Neigette Nord, Lac-Beauport.	Québec	PRESENT		ff7bd5db-b724-4932-b496-10ea298851f9	46.954381	-71.301586	450.0						2006-07-10	10	7	2006	7240050	7240050	PRESERVED_SPECIMEN	Université de Montréal Biodiversity Centre	CMMF	CMMF008734	315	Labrecque, Jacqueline		CC0_1_0	Université de Montréal Biodiversity Centre	Labrecque, Jacqueline			2024-01-24T16:38:18.795Z	StillImage	INSTITUTION_MATCH_FUZZY;COLLECTION_MATCH_FUZZY;DIFFERENT_OWNER_INSTITUTION
1135068587	21705170-d2b6-42de-8904-c3bca4b83591	CMMF007137	Fungi	Basidiomycota	Agaricomycetes	Russulales	Russulaceae	Lactarius	Lactarius lignyotus		SPECIES	Lactarius lignyotus Fr.	Lactarius lignyotus Fr.	Fr.	CA	Mirabel (Chemin de la Rivière du Nord)	Québec	PRESENT		ff7bd5db-b724-4932-b496-10ea298851f9	45.683917	-74.2185	100.0						2005-10-12	12	10	2005	7240050	7240050	PRESERVED_SPECIMEN	Université de Montréal Biodiversity Centre	CMMF	CMMF007137	C2647	McNeil, Raymond		CC0_1_0	Université de Montréal Biodiversity Centre	McNeil, Raymond			2024-01-24T16:38:21.027Z	StillImage	COORDINATE_ROUNDED;INSTITUTION_MATCH_FUZZY;COLLECTION_MATCH_FUZZY;DIFFERENT_OWNER_INSTITUTION
1135067735	21705170-d2b6-42de-8904-c3bca4b83591	CMMF006305	Fungi	Basidiomycota	Agaricomycetes	Russulales	Russulaceae	Lactarius	Lactarius lignyotus		SPECIES	Lactarius lignyotus Fr.	Lactarius lignyotus Fr.	Fr.	CA	Mont-Saint-Grégoire	Québec	PRESENT		ff7bd5db-b724-4932-b496-10ea298851f9	45.354833	-73.1545	100.0						1980-09-06	6	9	1980	7240050	7240050	PRESERVED_SPECIMEN	Université de Montréal Biodiversity Centre	CMMF	CMMF006305	873	McNeil, Raymond		CC0_1_0	Université de Montréal Biodiversity Centre	McNeil, Raymond			2024-01-24T16:38:18.954Z	StillImage	COORDINATE_ROUNDED;INSTITUTION_MATCH_FUZZY;COLLECTION_MATCH_FUZZY;DIFFERENT_OWNER_INSTITUTION
1135066999	21705170-d2b6-42de-8904-c3bca4b83591	CMMF010438	Fungi	Basidiomycota	Agaricomycetes	Russulales	Russulaceae	Lactarius	Lactarius lignyotus		SPECIES	Lactarius lignyotus Fr.	Lactarius lignyotus Fr.	Fr.	CA	Sainte-Brigitte-de-Laval.	Québec	PRESENT		ff7bd5db-b724-4932-b496-10ea298851f9	47.002354	-71.193781	2000.0						2008-07-27	27	7	2008	7240050	7240050	PRESERVED_SPECIMEN	Université de Montréal Biodiversity Centre	CMMF	CMMF010438	2024	Labrecque, Jacqueline		CC0_1_0	Université de Montréal Biodiversity Centre	Labrecque, Jacqueline			2024-01-24T16:38:21.653Z		INSTITUTION_MATCH_FUZZY;COLLECTION_MATCH_FUZZY;DIFFERENT_OWNER_INSTITUTION
