gbifID	datasetKey	occurrenceID	kingdom	phylum	class	order	family	genus	species	infraspecificEpithet	taxonRank	scientificName	verbatimScientificName	verbatimScientificNameAuthorship	countryCode	locality	stateProvince	occurrenceStatus	individualCount	publishingOrgKey	decimalLatitude	decimalLongitude	coordinateUncertaintyInMeters	coordinatePrecision	elevation	elevationAccuracy	depth	depthAccuracy	eventDate	day	month	year	taxonKey	speciesKey	basisOfRecord	institutionCode	collectionCode	catalogNumber	recordNumber	identifiedBy	dateIdentified	license	rightsHolder	recordedBy	typeStatus	establishmentMeans	lastInterpreted	mediaType	issue
4952827068	50c9509d-22c7-4a22-a47d-8c48425ef4a7	https://www.inaturalist.org/observations/244535063	Fungi	Basidiomycota	Agaricomycetes	Agaricales	Strophariaceae	Pholiota	Pholiota aurivella		SPECIES	Pholiota aurivella (Batsch) P.Kumm.	Pholiota aurivella		CA		Ontario	PRESENT		28eb1a3f-1c15-4a95-931a-4af90ecb574d	45.324	-75.811							2024-09-21T14:04:52	21	9	2024	2534102	2534102	HUMAN_OBSERVATION	iNaturalist	Observations	244535063		trailtime55	2024-09-28T18:01:25	CC_BY_NC_4_0	trailtime55	trailtime55			2025-01-14T12:50:33.128Z	StillImage	CONTINENT_DERIVED_FROM_COORDINATES;TAXON_MATCH_TAXON_ID_IGNORED
4950129974	50c9509d-22c7-4a22-a47d-8c48425ef4a7	https://www.inaturalist.org/observations/242904956	Fungi	Basidiomycota	Agaricomycetes	Agaricales	Strophariaceae	Pholiota	Pholiota aurivella		SPECIES	Pholiota aurivella (Batsch) P.Kumm.	Pholiota aurivella		CA		Ontario	PRESENT		28eb1a3f-1c15-4a95-931a-4af90ecb574d	45.369356	-75.796014	5.0						2024-09-20T09:51	20	9	2024	2534102	2534102	HUMAN_OBSERVATION	iNaturalist	Observations	242904956		Deborah Mosher	2024-09-20T16:48:16	CC_BY_NC_4_0	Deborah Mosher	Deborah Mosher			2025-01-14T12:51:54.327Z	StillImage	COORDINATE_ROUNDED;CONTINENT_DERIVED_FROM_COORDINATES;TAXON_MATCH_TAXON_ID_IGNORED
4950013479	50c9509d-22c7-4a22-a47d-8c48425ef4a7	https://www.inaturalist.org/observations/242597017	Fungi	Basidiomycota	Agaricomycetes	Agaricales	Strophariaceae	Pholiota	Pholiota aurivella		SPECIES	Pholiota aurivella (Batsch) P.Kumm.	Pholiota aurivella		CA		Ontario	PRESENT		28eb1a3f-1c15-4a95-931a-4af90ecb574d	45.403257	-75.560442							2024-09-18T12:41	18	9	2024	2534102	2534102	HUMAN_OBSERVATION	iNaturalist	Observations	242597017		Igor Khomenko	2024-09-19T18:51:13	CC_BY_NC_4_0	Igor Khomenko	Igor Khomenko			2025-01-14T13:43:33.118Z	StillImage	COORDINATE_ROUNDED;CONTINENT_DERIVED_FROM_COORDINATES;TAXON_MATCH_TAXON_ID_IGNORED
4949953146	50c9509d-22c7-4a22-a47d-8c48425ef4a7	https://www.inaturalist.org/observations/244039917	Fungi	Basidiomycota	Agaricomycetes	Agaricales	Strophariaceae	Pholiota	Pholiota aurivella		SPECIES	Pholiota aurivella (Batsch) P.Kumm.	Pholiota aurivella		CA		Ontario	PRESENT		28eb1a3f-1c15-4a95-931a-4af90ecb574d	45.369386	-75.796097	5.0						2024-09-25T15:23	25	9	2024	2534102	2534102	HUMAN_OBSERVATION	iNaturalist	Observations	244039917		Deborah Mosher	2024-09-25T21:23:54	CC_BY_NC_4_0	Deborah Mosher	Deborah Mosher			2025-01-14T12:52:07.517Z	StillImage	COORDINATE_ROUNDED;CONTINENT_DERIVED_FROM_COORDINATES;TAXON_MATCH_TAXON_ID_IGNORED
4946317673	50c9509d-22c7-4a22-a47d-8c48425ef4a7	https://www.inaturalist.org/observations/241775801	Fungi	Basidiomycota	Agaricomycetes	Agaricales	Strophariaceae	Pholiota	Pholiota aurivella		SPECIES	Pholiota aurivella (Batsch) P.Kumm.	Pholiota aurivella		CA		Québec	PRESENT		28eb1a3f-1c15-4a95-931a-4af90ecb574d	45.552498	-73.155374	245.0						2024-09-14T16:47:51	14	9	2024	2534102	2534102	HUMAN_OBSERVATION	iNaturalist	Observations	241775801		jamalkara	2024-09-15T01:32:59	CC_BY_NC_4_0	jamalkara	jamalkara			2025-01-14T13:40:08.331Z	StillImage	COORDINATE_ROUNDED;CONTINENT_DERIVED_FROM_COORDINATES;TAXON_MATCH_TAXON_ID_IGNORED
4512163395	50c9509d-22c7-4a22-a47d-8c48425ef4a7	https://www.inaturalist.org/observations/188288853	Fungi	Basidiomycota	Agaricomycetes	Agaricales	Strophariaceae	Pholiota	Pholiota aurivella		SPECIES	Pholiota aurivella (Batsch) P.Kumm.	Pholiota aurivella		CA		Ontario	PRESENT		28eb1a3f-1c15-4a95-931a-4af90ecb574d	45.432997	-76.323328	5.0						2023-10-20T14:46:06	20	10	2023	2534102	2534102	HUMAN_OBSERVATION	iNaturalist	Observations	188288853		gordv	2023-10-20T19:04:00	CC_BY_NC_4_0	gordv	gordv			2025-01-14T12:43:10.867Z	StillImage	COORDINATE_ROUNDED;CONTINENT_DERIVED_FROM_COORDINATES;TAXON_MATCH_TAXON_ID_IGNORED
4440739665	50c9509d-22c7-4a22-a47d-8c48425ef4a7	https://www.inaturalist.org/observations/190643261	Fungi	Basidiomycota	Agaricomycetes	Agaricales	Strophariaceae	Pholiota	Pholiota aurivella		SPECIES	Pholiota aurivella (Batsch) P.Kumm.	Pholiota aurivella		CA		Québec	PRESENT		28eb1a3f-1c15-4a95-931a-4af90ecb574d	45.505074	-73.497735	3906.0						2023-10-05T13:05	5	10	2023	2534102	2534102	HUMAN_OBSERVATION	iNaturalist	Observations	190643261		jsab	2023-11-11T04:10:17	CC_BY_NC_4_0	jsab	jsab			2025-01-14T13:34:28.190Z	StillImage	COORDINATE_ROUNDED;CONTINENT_DERIVED_FROM_COORDINATES;TAXON_MATCH_TAXON_ID_IGNORED
4436479085	50c9509d-22c7-4a22-a47d-8c48425ef4a7	https://www.inaturalist.org/observations/189403965	Fungi	Basidiomycota	Agaricomycetes	Agaricales	Strophariaceae	Pholiota	Pholiota aurivella		SPECIES	Pholiota aurivella (Batsch) P.Kumm.	Pholiota aurivella		CA		Ontario	PRESENT		28eb1a3f-1c15-4a95-931a-4af90ecb574d	46.411163	-79.317098	801.0						2023-10-27T10:27:31	27	10	2023	2534102	2534102	HUMAN_OBSERVATION	iNaturalist	Observations	189403965		plantbio2023	2023-10-29T21:42:53	CC_BY_NC_4_0	plantbio2023	plantbio2023			2025-01-14T12:43:03.058Z	StillImage	COORDINATE_ROUNDED;CONTINENT_DERIVED_FROM_COORDINATES;TAXON_MATCH_TAXON_ID_IGNORED
4431177803	50c9509d-22c7-4a22-a47d-8c48425ef4a7	https://www.inaturalist.org/observations/188082292	Fungi	Basidiomycota	Agaricomycetes	Agaricales	Strophariaceae	Pholiota	Pholiota aurivella		SPECIES	Pholiota aurivella (Batsch) P.Kumm.	Pholiota aurivella		CA		Québec	PRESENT		28eb1a3f-1c15-4a95-931a-4af90ecb574d	45.489037	-75.735195	6.0						2023-10-17T16:03:42	17	10	2023	2534102	2534102	HUMAN_OBSERVATION	iNaturalist	Observations	188082292		Heather C.	2023-10-20T00:41:16	CC_BY_NC_4_0	steezydan	steezydan			2025-01-14T12:42:50.500Z	StillImage	COORDINATE_ROUNDED;CONTINENT_DERIVED_FROM_COORDINATES;TAXON_MATCH_TAXON_ID_IGNORED
4424485670	50c9509d-22c7-4a22-a47d-8c48425ef4a7	https://www.inaturalist.org/observations/186898619	Fungi	Basidiomycota	Agaricomycetes	Agaricales	Strophariaceae	Pholiota	Pholiota aurivella		SPECIES	Pholiota aurivella (Batsch) P.Kumm.	Pholiota aurivella		CA		Québec	PRESENT		28eb1a3f-1c15-4a95-931a-4af90ecb574d	45.393172	-71.941887	15.0						2023-10-09T16:34:23	9	10	2023	2534102	2534102	HUMAN_OBSERVATION	iNaturalist	Observations	186898619		Mike Potts	2023-10-09T22:29:19	CC_BY_NC_4_0	Jacob Beauregard	Jacob Beauregard			2025-01-14T13:34:53.235Z	StillImage	COORDINATE_ROUNDED;CONTINENT_DERIVED_FROM_COORDINATES;TAXON_MATCH_TAXON_ID_IGNORED
4420671123	50c9509d-22c7-4a22-a47d-8c48425ef4a7	https://www.inaturalist.org/observations/185157111	Fungi	Basidiomycota	Agaricomycetes	Agaricales	Strophariaceae	Pholiota	Pholiota aurivella		SPECIES	Pholiota aurivella (Batsch) P.Kumm.	Pholiota aurivella		CA		Québec	PRESENT		28eb1a3f-1c15-4a95-931a-4af90ecb574d	45.79777	-73.971459	127.0						2023-09-23T16:38	23	9	2023	2534102	2534102	HUMAN_OBSERVATION	iNaturalist	Observations	185157111		Carole Beauchesne	2023-09-27T16:21:07	CC_BY_NC_4_0	Carole Beauchesne	Carole Beauchesne			2025-01-14T13:32:34.712Z	StillImage	COORDINATE_ROUNDED;CONTINENT_DERIVED_FROM_COORDINATES;TAXON_MATCH_TAXON_ID_IGNORED
4166373997	695cef75-b65f-4776-b2ed-74565eebb16e	02-01000959612	Fungi	Basidiomycota	Agaricomycetes	Agaricales	Strophariaceae	Pholiota	Pholiota aurivella		SPECIES	Pholiota aurivella (Batsch) P.Kumm.	Pholiota aurivella	(Batsch) P. Kumm.	CA	Algonquin Provincial Park, Hardwood Hill Trail	Ontario	PRESENT		055bd978-2daa-4543-b3f0-44e0e87e86ca	45.541667	-78.675							1977-09-03	3	9	1977	2534102	2534102	PRESERVED_SPECIMEN	AAFC	DAOM	172449		S.A. Redhead		CC_BY_4_0	©His Majesty the King in Right of Canada, as represented by the Minister of Agriculture and Agri-Food	G. Thorn			2025-01-12T05:11:17.127Z		GEODETIC_DATUM_ASSUMED_WGS84;CONTINENT_DERIVED_FROM_COORDINATES;TAXON_MATCH_TAXON_ID_IGNORED;INSTITUTION_MATCH_FUZZY
4130856865	fb9d7c38-5759-4c30-9e09-5b6bd43f78a6	http://id.luomus.fi/MY.14513108	Fungi	Basidiomycota	Agaricomycetes	Agaricales	Strophariaceae	Pholiota	Pholiota aurivella		SPECIES	Pholiota aurivella (Batsch) P.Kumm.	Pholiota aurivella (Batsch:Fr.) P. Kumm.		CA	Ravine | Agricultural Experiment Station	Nova Scotia	PRESENT		04fd2e13-6881-4e5c-9dd1-8fdd9ab993c1	45.07	-64.49							1957-09-17T00:00Z	17	9	1957	2534102	2534102	PRESERVED_SPECIMEN	H		http://id.luomus.fi/HA.H7078963				CC_BY_4_0		Harrison, K. A.			2025-01-17T02:41:19.376Z		CONTINENT_DERIVED_FROM_COORDINATES;COLLECTION_MATCH_NONE;INSTITUTION_MATCH_FUZZY
3985665982	50c9509d-22c7-4a22-a47d-8c48425ef4a7	https://www.inaturalist.org/observations/142045741	Fungi	Basidiomycota	Agaricomycetes	Agaricales	Strophariaceae	Pholiota	Pholiota aurivella		SPECIES	Pholiota aurivella (Batsch) P.Kumm.	Pholiota aurivella		CA		Prince Edward Island	PRESENT		28eb1a3f-1c15-4a95-931a-4af90ecb574d	46.69176	-64.019883	50.0						2017-09-15T19:23:22	15	9	2017	2534102	2534102	HUMAN_OBSERVATION	iNaturalist	Observations	142045741		Jessika Gauvin	2022-11-16T13:30:59	CC_BY_NC_4_0	Thelma Phillips	Thelma Phillips			2025-01-14T12:32:19.462Z	StillImage	CONTINENT_DERIVED_FROM_COORDINATES;TAXON_MATCH_TAXON_ID_IGNORED
3947663392	50c9509d-22c7-4a22-a47d-8c48425ef4a7	https://www.inaturalist.org/observations/138771337	Fungi	Basidiomycota	Agaricomycetes	Agaricales	Strophariaceae	Pholiota	Pholiota aurivella		SPECIES	Pholiota aurivella (Batsch) P.Kumm.	Pholiota aurivella		CA		Québec	PRESENT		28eb1a3f-1c15-4a95-931a-4af90ecb574d	45.513896	-73.590533							2022-10-14T16:28:27	14	10	2022	2534102	2534102	HUMAN_OBSERVATION	iNaturalist	Observations	138771337		Alexis Desmarais	2022-10-14T22:34:45	CC_BY_NC_4_0	Alexis Desmarais	Alexis Desmarais			2025-01-14T12:31:57.856Z	StillImage	COORDINATE_ROUNDED;CONTINENT_DERIVED_FROM_COORDINATES;TAXON_MATCH_TAXON_ID_IGNORED
3912191358	50c9509d-22c7-4a22-a47d-8c48425ef4a7	https://www.inaturalist.org/observations/60137136	Fungi	Basidiomycota	Agaricomycetes	Agaricales	Strophariaceae	Pholiota	Pholiota aurivella		SPECIES	Pholiota aurivella (Batsch) P.Kumm.	Pholiota aurivella		CA		Québec	PRESENT		28eb1a3f-1c15-4a95-931a-4af90ecb574d	46.302778	-74.678056							2020-09-19T14:11:41	19	9	2020	2534102	2534102	HUMAN_OBSERVATION	iNaturalist	Observations	60137136		Nella	2020-09-20T00:34:03	CC_BY_NC_4_0	Nella	Nella			2025-01-14T13:05:53.599Z	StillImage	COORDINATE_ROUNDED;CONTINENT_DERIVED_FROM_COORDINATES;TAXON_MATCH_TAXON_ID_IGNORED
3912001461	50c9509d-22c7-4a22-a47d-8c48425ef4a7	https://www.inaturalist.org/observations/106327435	Fungi	Basidiomycota	Agaricomycetes	Agaricales	Strophariaceae	Pholiota	Pholiota aurivella		SPECIES	Pholiota aurivella (Batsch) P.Kumm.	Pholiota aurivella		CA		Québec	PRESENT		28eb1a3f-1c15-4a95-931a-4af90ecb574d	45.651997	-74.940872	2410.0						2021-10-04T14:41:11	4	10	2021	2534102	2534102	HUMAN_OBSERVATION	iNaturalist	Observations	106327435		Myca	2022-02-07T18:20:46	CC_BY_NC_4_0	Myca	Myca			2025-01-14T13:18:58.210Z	StillImage	COORDINATE_ROUNDED;CONTINENT_DERIVED_FROM_COORDINATES;TAXON_MATCH_TAXON_ID_IGNORED
3902101028	50c9509d-22c7-4a22-a47d-8c48425ef4a7	https://www.inaturalist.org/observations/97902738	Fungi	Basidiomycota	Agaricomycetes	Agaricales	Strophariaceae	Pholiota	Pholiota aurivella		SPECIES	Pholiota aurivella (Batsch) P.Kumm.	Pholiota aurivella		CA		Québec	PRESENT		28eb1a3f-1c15-4a95-931a-4af90ecb574d	45.846127	-72.467972	13.0						2021-10-11T11:51:19	11	10	2021	2534102	2534102	HUMAN_OBSERVATION	iNaturalist	Observations	97902738		virginievinet	2021-10-11T15:51:35	CC_BY_NC_4_0	virginievinet	virginievinet			2025-01-14T12:26:05.318Z	StillImage	COORDINATE_ROUNDED;CONTINENT_DERIVED_FROM_COORDINATES;TAXON_MATCH_TAXON_ID_IGNORED
3902066958	50c9509d-22c7-4a22-a47d-8c48425ef4a7	https://www.inaturalist.org/observations/97902735	Fungi	Basidiomycota	Agaricomycetes	Agaricales	Strophariaceae	Pholiota	Pholiota aurivella		SPECIES	Pholiota aurivella (Batsch) P.Kumm.	Pholiota aurivella		CA		Québec	PRESENT		28eb1a3f-1c15-4a95-931a-4af90ecb574d	45.847431	-72.467926	18.0						2021-10-11T11:51:17	11	10	2021	2534102	2534102	HUMAN_OBSERVATION	iNaturalist	Observations	97902735		Xefer	2021-10-11T15:51:34	CC_BY_NC_4_0	Xefer	Xefer			2025-01-14T12:21:42.236Z	StillImage	COORDINATE_ROUNDED;CONTINENT_DERIVED_FROM_COORDINATES;TAXON_MATCH_TAXON_ID_IGNORED
3455869833	50c9509d-22c7-4a22-a47d-8c48425ef4a7	https://www.inaturalist.org/observations/98057179	Fungi	Basidiomycota	Agaricomycetes	Agaricales	Strophariaceae	Pholiota	Pholiota aurivella		SPECIES	Pholiota aurivella (Batsch) P.Kumm.	Pholiota aurivella		CA		Québec	PRESENT		28eb1a3f-1c15-4a95-931a-4af90ecb574d	46.787045	-71.238913	4.0						2021-10-07T09:55:59	7	10	2021	2534102	2534102	HUMAN_OBSERVATION	iNaturalist	Observations	98057179		francoisshaffer	2021-10-12T23:34:01	CC_BY_NC_4_0	francoisshaffer	francoisshaffer			2025-01-14T13:16:45.567Z	StillImage	COORDINATE_ROUNDED;CONTINENT_DERIVED_FROM_COORDINATES;TAXON_MATCH_TAXON_ID_IGNORED
3399491547	50c9509d-22c7-4a22-a47d-8c48425ef4a7	https://www.inaturalist.org/observations/98811091	Fungi	Basidiomycota	Agaricomycetes	Agaricales	Strophariaceae	Pholiota	Pholiota aurivella		SPECIES	Pholiota aurivella (Batsch) P.Kumm.	Pholiota aurivella		CA		Ontario	PRESENT		28eb1a3f-1c15-4a95-931a-4af90ecb574d	45.582885	-78.526487	8.0						2021-10-20T12:19:21	20	10	2021	2534102	2534102	HUMAN_OBSERVATION	iNaturalist	Observations	98811091		karenlanderson	2021-10-20T18:29:26	CC_BY_NC_4_0	karenlanderson	karenlanderson			2025-01-14T12:22:51.484Z	StillImage	COORDINATE_ROUNDED;CONTINENT_DERIVED_FROM_COORDINATES;TAXON_MATCH_TAXON_ID_IGNORED
3399242489	50c9509d-22c7-4a22-a47d-8c48425ef4a7	https://www.inaturalist.org/observations/98753175	Fungi	Basidiomycota	Agaricomycetes	Agaricales	Strophariaceae	Pholiota	Pholiota aurivella		SPECIES	Pholiota aurivella (Batsch) P.Kumm.	Pholiota aurivella		CA		Québec	PRESENT		28eb1a3f-1c15-4a95-931a-4af90ecb574d	45.5102	-73.585245	14.0						2021-10-06T15:22:31	6	10	2021	2534102	2534102	HUMAN_OBSERVATION	iNaturalist	Observations	98753175		hwanlee	2021-10-20T01:03:55	CC_BY_NC_4_0	hwanlee	hwanlee			2025-01-14T12:23:01.514Z	StillImage	CONTINENT_DERIVED_FROM_COORDINATES;TAXON_MATCH_TAXON_ID_IGNORED
3398988435	50c9509d-22c7-4a22-a47d-8c48425ef4a7	https://www.inaturalist.org/observations/98664997	Fungi	Basidiomycota	Agaricomycetes	Agaricales	Strophariaceae	Pholiota	Pholiota aurivella		SPECIES	Pholiota aurivella (Batsch) P.Kumm.	Pholiota aurivella		CA		Québec	PRESENT		28eb1a3f-1c15-4a95-931a-4af90ecb574d	46.779822	-71.277262	132.0						2021-10-18T16:11:20	18	10	2021	2534102	2534102	HUMAN_OBSERVATION	iNaturalist	Observations	98664997		Philippe Hénault	2021-10-19T01:45:31	CC_BY_NC_4_0	Philippe Hénault	Philippe Hénault			2025-01-14T13:17:48.187Z	StillImage	COORDINATE_ROUNDED;CONTINENT_DERIVED_FROM_COORDINATES;TAXON_MATCH_TAXON_ID_IGNORED
3398832080	50c9509d-22c7-4a22-a47d-8c48425ef4a7	https://www.inaturalist.org/observations/99305439	Fungi	Basidiomycota	Agaricomycetes	Agaricales	Strophariaceae	Pholiota	Pholiota aurivella		SPECIES	Pholiota aurivella (Batsch) P.Kumm.	Pholiota aurivella		CA		Ontario	PRESENT		28eb1a3f-1c15-4a95-931a-4af90ecb574d	45.11845	-75.869896							2021-10-24T18:11:02	24	10	2021	2534102	2534102	HUMAN_OBSERVATION	iNaturalist	Observations	99305439		Alexis Williams	2021-10-25T03:25:21	CC_BY_4_0	Alexis Williams	Alexis Williams			2025-01-14T13:11:55.687Z	StillImage	COORDINATE_ROUNDED;CONTINENT_DERIVED_FROM_COORDINATES;TAXON_MATCH_TAXON_ID_IGNORED
3398789393	50c9509d-22c7-4a22-a47d-8c48425ef4a7	https://www.inaturalist.org/observations/98664290	Fungi	Basidiomycota	Agaricomycetes	Agaricales	Strophariaceae	Pholiota	Pholiota aurivella		SPECIES	Pholiota aurivella (Batsch) P.Kumm.	Pholiota aurivella		CA		Québec	PRESENT		28eb1a3f-1c15-4a95-931a-4af90ecb574d	45.512305	-73.584372	61.0						2021-10-05T15:24:26	5	10	2021	2534102	2534102	HUMAN_OBSERVATION	iNaturalist	Observations	98664290		davodjalali1	2021-10-19T01:35:14	CC_BY_NC_4_0	davodjalali1	davodjalali1			2025-01-14T13:15:43.621Z	StillImage	COORDINATE_ROUNDED;CONTINENT_DERIVED_FROM_COORDINATES;TAXON_MATCH_TAXON_ID_IGNORED
3398736962	50c9509d-22c7-4a22-a47d-8c48425ef4a7	https://www.inaturalist.org/observations/98152303	Fungi	Basidiomycota	Agaricomycetes	Agaricales	Strophariaceae	Pholiota	Pholiota aurivella		SPECIES	Pholiota aurivella (Batsch) P.Kumm.	Pholiota aurivella		CA		Québec	PRESENT		28eb1a3f-1c15-4a95-931a-4af90ecb574d	46.291242	-72.694754	434.0						2021-10-13T13:58	13	10	2021	2534102	2534102	HUMAN_OBSERVATION	iNaturalist	Observations	98152303		Mathis Boisvert	2021-10-13T23:53:20	CC_BY_NC_4_0	Mathis Boisvert	Mathis Boisvert			2025-01-14T12:22:19.864Z	StillImage	COORDINATE_ROUNDED;CONTINENT_DERIVED_FROM_COORDINATES;TAXON_MATCH_TAXON_ID_IGNORED
3391705554	50c9509d-22c7-4a22-a47d-8c48425ef4a7	https://www.inaturalist.org/observations/97283182	Fungi	Basidiomycota	Agaricomycetes	Agaricales	Strophariaceae	Pholiota	Pholiota aurivella		SPECIES	Pholiota aurivella (Batsch) P.Kumm.	Pholiota aurivella		CA		Québec	PRESENT		28eb1a3f-1c15-4a95-931a-4af90ecb574d	45.510987	-73.584525	5.0						2021-10-05T15:39:24	5	10	2021	2534102	2534102	HUMAN_OBSERVATION	iNaturalist	Observations	97283182		haileyeck	2021-10-05T20:56:22	CC_BY_NC_4_0	haileyeck	haileyeck			2025-01-14T12:21:51.781Z	StillImage	COORDINATE_ROUNDED;CONTINENT_DERIVED_FROM_COORDINATES;TAXON_MATCH_TAXON_ID_IGNORED
3391530594	50c9509d-22c7-4a22-a47d-8c48425ef4a7	https://www.inaturalist.org/observations/97475814	Fungi	Basidiomycota	Agaricomycetes	Agaricales	Strophariaceae	Pholiota	Pholiota aurivella		SPECIES	Pholiota aurivella (Batsch) P.Kumm.	Pholiota aurivella		CA		Québec	PRESENT		28eb1a3f-1c15-4a95-931a-4af90ecb574d	45.511067	-73.584504	8.0						2021-10-07T15:31:40	7	10	2021	2534102	2534102	HUMAN_OBSERVATION	iNaturalist	Observations	97475814		ben-smith	2021-10-07T20:47:00	CC_BY_NC_4_0	hannahlee4	hannahlee4			2025-01-14T13:15:26.651Z	StillImage	COORDINATE_ROUNDED;CONTINENT_DERIVED_FROM_COORDINATES;TAXON_MATCH_TAXON_ID_IGNORED
3391490680	50c9509d-22c7-4a22-a47d-8c48425ef4a7	https://www.inaturalist.org/observations/97590229	Fungi	Basidiomycota	Agaricomycetes	Agaricales	Strophariaceae	Pholiota	Pholiota aurivella		SPECIES	Pholiota aurivella (Batsch) P.Kumm.	Pholiota aurivella		CA		Québec	PRESENT		28eb1a3f-1c15-4a95-931a-4af90ecb574d	45.547047	-73.330194							2021-10-08T15:00:30	8	10	2021	2534102	2534102	HUMAN_OBSERVATION	iNaturalist	Observations	97590229		iliana_antonova	2021-10-08T22:18:03	CC_BY_NC_4_0	iliana_antonova	iliana_antonova			2025-01-14T12:22:26.309Z	StillImage	COORDINATE_ROUNDED;CONTINENT_DERIVED_FROM_COORDINATES;TAXON_MATCH_TAXON_ID_IGNORED
3391373652	50c9509d-22c7-4a22-a47d-8c48425ef4a7	https://www.inaturalist.org/observations/97587566	Fungi	Basidiomycota	Agaricomycetes	Agaricales	Strophariaceae	Pholiota	Pholiota aurivella		SPECIES	Pholiota aurivella (Batsch) P.Kumm.	Pholiota aurivella		CA		Québec	PRESENT		28eb1a3f-1c15-4a95-931a-4af90ecb574d	45.397554	-74.186712	61.0						2021-10-07T09:24	7	10	2021	2534102	2534102	HUMAN_OBSERVATION	iNaturalist	Observations	97587566		Benjamin Leo	2021-10-08T21:49:30	CC_BY_NC_4_0	Benjamin Leo	Benjamin Leo			2025-01-14T13:16:15.917Z	StillImage	COORDINATE_ROUNDED;CONTINENT_DERIVED_FROM_COORDINATES;TAXON_MATCH_TAXON_ID_IGNORED
3384464200	50c9509d-22c7-4a22-a47d-8c48425ef4a7	https://www.inaturalist.org/observations/97092918	Fungi	Basidiomycota	Agaricomycetes	Agaricales	Strophariaceae	Pholiota	Pholiota aurivella		SPECIES	Pholiota aurivella (Batsch) P.Kumm.	Pholiota aurivella		CA		Québec	PRESENT		28eb1a3f-1c15-4a95-931a-4af90ecb574d	45.760727	-75.85695	8674.0						2021-10-03T10:33:41	3	10	2021	2534102	2534102	HUMAN_OBSERVATION	iNaturalist	Observations	97092918		allseeds	2021-10-04T00:25:27	CC_BY_NC_4_0	allseeds	allseeds			2025-01-14T13:11:52.714Z	StillImage	COORDINATE_ROUNDED;CONTINENT_DERIVED_FROM_COORDINATES;TAXON_MATCH_TAXON_ID_IGNORED
3384200052	50c9509d-22c7-4a22-a47d-8c48425ef4a7	https://www.inaturalist.org/observations/94960997	Fungi	Basidiomycota	Agaricomycetes	Agaricales	Strophariaceae	Pholiota	Pholiota aurivella		SPECIES	Pholiota aurivella (Batsch) P.Kumm.	Pholiota aurivella		CA		Québec	PRESENT		28eb1a3f-1c15-4a95-931a-4af90ecb574d	45.510425	-73.586366	115.0						2021-09-15T15:40:28	15	9	2021	2534102	2534102	HUMAN_OBSERVATION	iNaturalist	Observations	94960997		yangpeihua_yu	2021-09-15T19:41:57	CC_BY_NC_4_0	yangpeihua_yu	yangpeihua_yu			2025-01-14T13:14:53.152Z	StillImage	COORDINATE_ROUNDED;CONTINENT_DERIVED_FROM_COORDINATES;TAXON_MATCH_TAXON_ID_IGNORED
3384114416	50c9509d-22c7-4a22-a47d-8c48425ef4a7	https://www.inaturalist.org/observations/97273375	Fungi	Basidiomycota	Agaricomycetes	Agaricales	Strophariaceae	Pholiota	Pholiota aurivella		SPECIES	Pholiota aurivella (Batsch) P.Kumm.	Pholiota aurivella		CA		Québec	PRESENT		28eb1a3f-1c15-4a95-931a-4af90ecb574d	45.512481	-73.58418	65.0						2021-10-05T15:24:56	5	10	2021	2534102	2534102	HUMAN_OBSERVATION	iNaturalist	Observations	97273375		valeriarobelo	2021-10-05T20:09:56	CC_BY_NC_4_0	lyndon_walsh	lyndon_walsh			2025-01-14T13:11:47.698Z	StillImage	COORDINATE_ROUNDED;CONTINENT_DERIVED_FROM_COORDINATES;TAXON_MATCH_TAXON_ID_IGNORED
3109154399	50c9509d-22c7-4a22-a47d-8c48425ef4a7	https://www.inaturalist.org/observations/60120495	Fungi	Basidiomycota	Agaricomycetes	Agaricales	Strophariaceae	Pholiota	Pholiota aurivella		SPECIES	Pholiota aurivella (Batsch) P.Kumm.	Pholiota aurivella		CA		Québec	PRESENT		28eb1a3f-1c15-4a95-931a-4af90ecb574d	45.501797	-73.766576	691.0						2020-09-19T17:49:29	19	9	2020	2534102	2534102	HUMAN_OBSERVATION	iNaturalist	Observations	60120495		luciaceta	2020-09-19T21:52:41	CC_BY_NC_4_0	luciaceta	luciaceta			2025-01-14T12:14:45.183Z	StillImage	COORDINATE_ROUNDED;CONTINENT_DERIVED_FROM_COORDINATES;TAXON_MATCH_TAXON_ID_IGNORED
2883017478	50c9509d-22c7-4a22-a47d-8c48425ef4a7	https://www.inaturalist.org/observations/59880642	Fungi	Basidiomycota	Agaricomycetes	Agaricales	Strophariaceae	Pholiota	Pholiota aurivella		SPECIES	Pholiota aurivella (Batsch) P.Kumm.	Pholiota aurivella		CA		Ontario	PRESENT		28eb1a3f-1c15-4a95-931a-4af90ecb574d	45.204538	-76.22431	370.0						2020-09-15T23:18	15	9	2020	2534102	2534102	HUMAN_OBSERVATION	iNaturalist	Observations	59880642		Ken Allison	2020-09-17T15:46:04	CC_BY_NC_4_0	Ken Allison	Ken Allison			2025-01-14T12:15:55.911Z	StillImage	COORDINATE_ROUNDED;CONTINENT_DERIVED_FROM_COORDINATES;TAXON_MATCH_TAXON_ID_IGNORED
2609072615	50c9509d-22c7-4a22-a47d-8c48425ef4a7	https://www.inaturalist.org/observations/21194839	Fungi	Basidiomycota	Agaricomycetes	Agaricales	Strophariaceae	Pholiota	Pholiota aurivella		SPECIES	Pholiota aurivella (Batsch) P.Kumm.	Pholiota aurivella		CA		New Brunswick	PRESENT		28eb1a3f-1c15-4a95-931a-4af90ecb574d	45.975869	-66.079166	8.0						2018-06-09T23:17	9	6	2018	2534102	2534102	HUMAN_OBSERVATION	iNaturalist	Observations	21194839		Erika Betts	2019-03-13T03:19:42	CC_BY_NC_4_0	Erika Betts	Erika Betts			2025-01-14T12:06:29.895Z	StillImage	COORDINATE_ROUNDED;CONTINENT_DERIVED_FROM_COORDINATES;TAXON_MATCH_TAXON_ID_IGNORED
2447843305	50c9509d-22c7-4a22-a47d-8c48425ef4a7	https://www.inaturalist.org/observations/33906747	Fungi	Basidiomycota	Agaricomycetes	Agaricales	Strophariaceae	Pholiota	Pholiota aurivella		SPECIES	Pholiota aurivella (Batsch) P.Kumm.	Pholiota aurivella		CA		Nova Scotia	PRESENT		28eb1a3f-1c15-4a95-931a-4af90ecb574d	45.0772	-64.500534	4000.0						2019-10-05T16:00:06	5	10	2019	2534102	2534102	HUMAN_OBSERVATION	iNaturalist	Observations	33906747		carol_fellowes	2019-10-05T19:05:37	CC_BY_NC_4_0	carol_fellowes	carol_fellowes			2025-01-14T13:04:07.755Z	StillImage	COORDINATE_ROUNDED;CONTINENT_DERIVED_FROM_COORDINATES;TAXON_MATCH_TAXON_ID_IGNORED
2429361895	50c9509d-22c7-4a22-a47d-8c48425ef4a7	https://www.inaturalist.org/observations/33804378	Fungi	Basidiomycota	Agaricomycetes	Agaricales	Strophariaceae	Pholiota	Pholiota aurivella		SPECIES	Pholiota aurivella (Batsch) P.Kumm.	Pholiota aurivella		CA		Ontario	PRESENT		28eb1a3f-1c15-4a95-931a-4af90ecb574d	45.438167	-76.02558	24.0						2019-10-03T13:08:38	3	10	2019	2534102	2534102	HUMAN_OBSERVATION	iNaturalist	Observations	33804378		christinebull	2019-10-03T17:09:36	CC_BY_NC_4_0	christinebull	christinebull			2025-01-14T13:04:38.920Z	StillImage	COORDINATE_ROUNDED;CONTINENT_DERIVED_FROM_COORDINATES;TAXON_MATCH_TAXON_ID_IGNORED
2429328968	50c9509d-22c7-4a22-a47d-8c48425ef4a7	https://www.inaturalist.org/observations/33693990	Fungi	Basidiomycota	Agaricomycetes	Agaricales	Strophariaceae	Pholiota	Pholiota aurivella		SPECIES	Pholiota aurivella (Batsch) P.Kumm.	Pholiota aurivella		CA		Québec	PRESENT		28eb1a3f-1c15-4a95-931a-4af90ecb574d	45.633092	-75.909636							2019-09-30T14:31	30	9	2019	2534102	2534102	HUMAN_OBSERVATION	iNaturalist	Observations	33693990		Bruce Taylor	2019-10-01T11:27:41	CC_BY_4_0	Bruce Taylor	Bruce Taylor			2025-01-14T13:04:03.736Z	StillImage	COORDINATE_ROUNDED;CONTINENT_DERIVED_FROM_COORDINATES;TAXON_MATCH_TAXON_ID_IGNORED
2429264900	50c9509d-22c7-4a22-a47d-8c48425ef4a7	https://www.inaturalist.org/observations/33461556	Fungi	Basidiomycota	Agaricomycetes	Agaricales	Strophariaceae	Pholiota	Pholiota aurivella		SPECIES	Pholiota aurivella (Batsch) P.Kumm.	Pholiota aurivella		CA		Québec	PRESENT		28eb1a3f-1c15-4a95-931a-4af90ecb574d	46.833378	-71.309092	2.0						2019-09-21	21	9	2019	2534102	2534102	HUMAN_OBSERVATION	iNaturalist	Observations	33461556		Ludo Leclerc	2019-09-27T01:21:16	CC_BY_NC_4_0	Ludo Leclerc	Ludo Leclerc			2025-01-14T12:10:22.322Z	StillImage	COORDINATE_ROUNDED;CONTINENT_DERIVED_FROM_COORDINATES;TAXON_MATCH_TAXON_ID_IGNORED
2423167911	50c9509d-22c7-4a22-a47d-8c48425ef4a7	https://www.inaturalist.org/observations/33107442	Fungi	Basidiomycota	Agaricomycetes	Agaricales	Strophariaceae	Pholiota	Pholiota aurivella		SPECIES	Pholiota aurivella (Batsch) P.Kumm.	Pholiota aurivella		CA		Québec	PRESENT		28eb1a3f-1c15-4a95-931a-4af90ecb574d	45.430672	-73.949883							2019-09-20T15:47:35	20	9	2019	2534102	2534102	HUMAN_OBSERVATION	iNaturalist	Observations	33107442		Alexis Williams	2019-09-21T01:49:18	CC_BY_4_0	Alexis Williams	Alexis Williams			2025-01-14T12:10:41.316Z	StillImage	COORDINATE_ROUNDED;CONTINENT_DERIVED_FROM_COORDINATES;TAXON_MATCH_TAXON_ID_IGNORED
2422867177	50c9509d-22c7-4a22-a47d-8c48425ef4a7	https://www.inaturalist.org/observations/29947756	Fungi	Basidiomycota	Agaricomycetes	Agaricales	Strophariaceae	Pholiota	Pholiota aurivella		SPECIES	Pholiota aurivella (Batsch) P.Kumm.	Pholiota aurivella		CA		Québec	PRESENT		28eb1a3f-1c15-4a95-931a-4af90ecb574d	45.599584	-73.418469	175.0						2018-09-24T11:21:17Z	24	9	2018	2534102	2534102	HUMAN_OBSERVATION	iNaturalist	Observations	29947756		Virginie	2019-07-31T23:30:25	CC_BY_NC_4_0	Virginie	Virginie			2025-01-14T12:08:33.031Z	StillImage	COORDINATE_ROUNDED;CONTINENT_DERIVED_FROM_COORDINATES;TAXON_MATCH_TAXON_ID_IGNORED
1946201716	50c9509d-22c7-4a22-a47d-8c48425ef4a7	https://www.inaturalist.org/observations/17048348	Fungi	Basidiomycota	Agaricomycetes	Agaricales	Strophariaceae	Pholiota	Pholiota aurivella		SPECIES	Pholiota aurivella (Batsch) P.Kumm.	Pholiota aurivella		CA		Québec	PRESENT		28eb1a3f-1c15-4a95-931a-4af90ecb574d	45.02605	-71.898348	61.0						2018-09-28T15:54	28	9	2018	2534102	2534102	HUMAN_OBSERVATION	iNaturalist	Observations	17048348		Sarah DeLong-Duhon	2018-09-30T01:41:47	CC_BY_NC_4_0	Birddogger	Birddogger			2025-01-14T12:58:16.524Z	StillImage	COORDINATE_ROUNDED;CONTINENT_DERIVED_FROM_COORDINATES;TAXON_MATCH_TAXON_ID_IGNORED
1920808046	50c9509d-22c7-4a22-a47d-8c48425ef4a7	https://www.inaturalist.org/observations/17265464	Fungi	Basidiomycota	Agaricomycetes	Agaricales	Strophariaceae	Pholiota	Pholiota aurivella		SPECIES	Pholiota aurivella (Batsch) P.Kumm.	Pholiota aurivella		CA		Québec	PRESENT		28eb1a3f-1c15-4a95-931a-4af90ecb574d	46.89281	-71.081345	15.0						2018-10-06	6	10	2018	2534102	2534102	HUMAN_OBSERVATION	iNaturalist	Observations	17265464		Matt Welter	2018-10-07T23:35:28	CC_BY_NC_4_0	Ludo Leclerc	Ludo Leclerc			2025-01-14T13:01:10.337Z	StillImage	COORDINATE_ROUNDED;CONTINENT_DERIVED_FROM_COORDINATES;TAXON_MATCH_TAXON_ID_IGNORED
1920803561	50c9509d-22c7-4a22-a47d-8c48425ef4a7	https://www.inaturalist.org/observations/17243233	Fungi	Basidiomycota	Agaricomycetes	Agaricales	Strophariaceae	Pholiota	Pholiota aurivella		SPECIES	Pholiota aurivella (Batsch) P.Kumm.	Pholiota aurivella		CA		Ontario	PRESENT		28eb1a3f-1c15-4a95-931a-4af90ecb574d	45.556779	-78.418602	333.0						2018-10-04T16:32	4	10	2018	2534102	2534102	HUMAN_OBSERVATION	iNaturalist	Observations	17243233		Basil Conlin	2018-10-06T14:20:50	CC_BY_NC_4_0	Basil Conlin	Basil Conlin			2025-01-14T12:59:07.467Z	StillImage	COORDINATE_ROUNDED;CONTINENT_DERIVED_FROM_COORDINATES;TAXON_MATCH_TAXON_ID_IGNORED
1847646737	50c9509d-22c7-4a22-a47d-8c48425ef4a7	https://www.inaturalist.org/observations/9590674	Fungi	Basidiomycota	Agaricomycetes	Agaricales	Strophariaceae	Pholiota	Pholiota aurivella		SPECIES	Pholiota aurivella (Batsch) P.Kumm.	Pholiota aurivella		CA		Ontario	PRESENT		28eb1a3f-1c15-4a95-931a-4af90ecb574d	45.40545	-78.88685	3012.0						2015-09-13	13	9	2015	2534102	2534102	HUMAN_OBSERVATION	iNaturalist	Observations	9590674		mycowalt	2018-01-23T22:35:02	CC_BY_NC_4_0	mycowalt	mycowalt			2025-01-14T13:00:19.341Z	StillImage	CONTINENT_DERIVED_FROM_COORDINATES;TAXON_MATCH_TAXON_ID_IGNORED
1807260419	e8a25a42-f125-476c-8554-3ec21cd51a84	ACAD:117029	Fungi	Basidiomycota	Agaricomycetes	Agaricales	Strophariaceae	Pholiota	Pholiota aurivella		SPECIES	Pholiota aurivella (Batsch) P.Kumm.	Pholiota aurivella	(Batsch) P. Kumm., 1871	CA	Kentville	Nova Scotia	PRESENT		6491ad8c-8e49-4bd4-a089-0ddb3bbe0890	45.07662	-64.49592							1952-10-20	20	10	1952	2534102	2534102	PRESERVED_SPECIMEN	Acadia University	ACAD	5289F	5289			CC0_1_0	Acadia University	H, KA			2024-01-25T01:37:12.506Z	StillImage	GEODETIC_DATUM_INVALID;GEODETIC_DATUM_ASSUMED_WGS84;TAXON_MATCH_TAXON_ID_IGNORED;INSTITUTION_MATCH_FUZZY;COLLECTION_MATCH_FUZZY
1807259546	e8a25a42-f125-476c-8554-3ec21cd51a84	ACAD:116279	Fungi	Basidiomycota	Agaricomycetes	Agaricales	Strophariaceae	Pholiota	Pholiota aurivella		SPECIES	Pholiota aurivella (Batsch) P.Kumm.	Pholiota aurivella	(Batsch) P. Kumm., 1871	CA	Kentville	Nova Scotia	PRESENT		6491ad8c-8e49-4bd4-a089-0ddb3bbe0890	45.07662	-64.49592							1957-09-17	17	9	1957	2534102	2534102	PRESERVED_SPECIMEN	Acadia University	ACAD	4035BF	4035			CC0_1_0	Acadia University	H, KA			2024-01-25T01:37:04.113Z	StillImage	GEODETIC_DATUM_INVALID;GEODETIC_DATUM_ASSUMED_WGS84;TAXON_MATCH_TAXON_ID_IGNORED;INSTITUTION_MATCH_FUZZY;COLLECTION_MATCH_FUZZY
1807256508	e8a25a42-f125-476c-8554-3ec21cd51a84	ACAD:112918	Fungi	Basidiomycota	Agaricomycetes	Agaricales	Strophariaceae	Pholiota	Pholiota aurivella		SPECIES	Pholiota aurivella (Batsch) P.Kumm.	Pholiota aurivella	(Batsch) P. Kumm., 1871	CA	(Kentville)	Nova Scotia	PRESENT		6491ad8c-8e49-4bd4-a089-0ddb3bbe0890	45.07662	-64.49592							1933-10-09	9	10	1933	2534102	2534102	PRESERVED_SPECIMEN	Acadia University	ACAD	427F	M 427			CC0_1_0	Acadia University	H, KA			2024-01-25T01:37:11.621Z	StillImage	GEODETIC_DATUM_INVALID;GEODETIC_DATUM_ASSUMED_WGS84;TAXON_MATCH_TAXON_ID_IGNORED;INSTITUTION_MATCH_FUZZY;COLLECTION_MATCH_FUZZY
1806349559	50c9509d-22c7-4a22-a47d-8c48425ef4a7	https://www.inaturalist.org/observations/9572180	Fungi	Basidiomycota	Agaricomycetes	Agaricales	Strophariaceae	Pholiota	Pholiota aurivella		SPECIES	Pholiota aurivella (Batsch) P.Kumm.	Pholiota aurivella		CA		Ontario	PRESENT		28eb1a3f-1c15-4a95-931a-4af90ecb574d	45.64865	-77.5247	9718.0						2012-09-26	26	9	2012	2534102	2534102	HUMAN_OBSERVATION	iNaturalist	Observations	9572180		mycowalt	2018-01-23T08:04:16	CC_BY_NC_4_0	mycowalt	mycowalt			2025-01-14T12:04:25.191Z	StillImage	CONTINENT_DERIVED_FROM_COORDINATES;TAXON_MATCH_TAXON_ID_IGNORED
1453221573	50c9509d-22c7-4a22-a47d-8c48425ef4a7	http://www.inaturalist.org/observations/4583431	Fungi	Basidiomycota	Agaricomycetes	Agaricales	Strophariaceae	Pholiota	Pholiota aurivella		SPECIES	Pholiota aurivella (Batsch) P.Kumm.	Pholiota aurivella		CA		Ontario	PRESENT		28eb1a3f-1c15-4a95-931a-4af90ecb574d	45.503714	-75.490687	822.0						2016-10-10T13:42:20	10	10	2016	2534102	2534102	HUMAN_OBSERVATION	iNaturalist	Observations	4583431		Peter Vahlberg	2016-11-18T04:15:03	CC_BY_NC_4_0	Heather Pickard	Heather Pickard			2025-01-14T12:02:54.507Z	StillImage	CONTINENT_DERIVED_FROM_COORDINATES;TAXON_MATCH_TAXON_ID_IGNORED
1412705707	21705170-d2b6-42de-8904-c3bca4b83591	CMMF014202	Fungi	Basidiomycota	Agaricomycetes	Agaricales	Strophariaceae	Pholiota	Pholiota aurivella		SPECIES	Pholiota cerifera (P.Karst.) P.Karst.	Pholiota cerifera (P. Karst.) P. Karst.	(P. Karst.) P. Karst.	CA	Chicoutimi, Québec.	Québec	PRESENT		ff7bd5db-b724-4932-b496-10ea298851f9	48.368277	-71.119642	15000.0						1982-09-06	6	9	1982	2534111	2534102	PRESERVED_SPECIMEN	Université de Montréal Biodiversity Centre	CMMF	CMMF014202	NA	Guérin, Gérard		CC0_1_0	Université de Montréal Biodiversity Centre	Guérin, Gérard			2024-01-24T16:38:19.355Z		INSTITUTION_MATCH_FUZZY;COLLECTION_MATCH_FUZZY;DIFFERENT_OWNER_INSTITUTION
1135067682	21705170-d2b6-42de-8904-c3bca4b83591	CMMF006130	Fungi	Basidiomycota	Agaricomycetes	Agaricales	Strophariaceae	Pholiota	Pholiota aurivella		SPECIES	Pholiota aurivella (Batsch) P.Kumm.	Pholiota aurivella (Batsch) P. Kumm.,	(Batsch) P. Kumm.,	CA	Châteauguay	Québec	PRESENT		ff7bd5db-b724-4932-b496-10ea298851f9	45.35433	-73.774083	100.0						2008-10-07	7	10	2008	2534102	2534102	PRESERVED_SPECIMEN	Université de Montréal Biodiversity Centre	CMMF	CMMF006130	C3454	McNeil, Raymond		CC0_1_0	Université de Montréal Biodiversity Centre	McNeil, Raymond			2024-01-24T16:38:18.834Z	StillImage	COORDINATE_ROUNDED;INSTITUTION_MATCH_FUZZY;COLLECTION_MATCH_FUZZY;DIFFERENT_OWNER_INSTITUTION
1024559726	21705170-d2b6-42de-8904-c3bca4b83591	CMMF005240	Fungi	Basidiomycota	Agaricomycetes	Agaricales	Strophariaceae	Pholiota	Pholiota aurivella		SPECIES	Pholiota aurivella (Batsch) P.Kumm.	Pholiota aurivella (Batsch) P. Kumm.,	(Batsch) P. Kumm.,	CA	Réserve écologique du Boisé-des-Muir, Hinchinbrooke.	Québec	PRESENT		ff7bd5db-b724-4932-b496-10ea298851f9	45.086787	-74.114566	20.0						2012-10-16	16	10	2012	2534102	2534102	PRESERVED_SPECIMEN	Université de Montréal Biodiversity Centre	CMMF	CMMF005240	660	Langlois, Annabelle		CC0_1_0	Université de Montréal Biodiversity Centre	Langlois, Annabelle; Turgon, Jean-Pierre			2024-01-24T16:38:14.864Z	StillImage	INSTITUTION_MATCH_FUZZY;COLLECTION_MATCH_FUZZY;DIFFERENT_OWNER_INSTITUTION
1024558754	21705170-d2b6-42de-8904-c3bca4b83591	CMMF004460	Fungi	Basidiomycota	Agaricomycetes	Agaricales	Strophariaceae	Pholiota	Pholiota aurivella		SPECIES	Pholiota aurivella (Batsch) P.Kumm.	Pholiota aurivella (Batsch) P. Kumm.,	(Batsch) P. Kumm.,	CA	Réserve écologique du Boisé-des-Muir, Hinchinbrooke.	Québec	PRESENT		ff7bd5db-b724-4932-b496-10ea298851f9	45.084698	-74.115765	10.0						2012-09-09	9	9	2012	2534102	2534102	PRESERVED_SPECIMEN	Université de Montréal Biodiversity Centre	CMMF	CMMF004460	487	Langlois, Annabelle		CC0_1_0	Université de Montréal Biodiversity Centre	Archambault, Raymond; Langlois, Annabelle; Turgon, Jean-Pierre			2024-01-24T16:38:19.731Z		INSTITUTION_MATCH_FUZZY;COLLECTION_MATCH_FUZZY;DIFFERENT_OWNER_INSTITUTION
