gbifID	datasetKey	occurrenceID	kingdom	phylum	class	order	family	genus	species	infraspecificEpithet	taxonRank	scientificName	verbatimScientificName	verbatimScientificNameAuthorship	countryCode	locality	stateProvince	occurrenceStatus	individualCount	publishingOrgKey	decimalLatitude	decimalLongitude	coordinateUncertaintyInMeters	coordinatePrecision	elevation	elevationAccuracy	depth	depthAccuracy	eventDate	day	month	year	taxonKey	speciesKey	basisOfRecord	institutionCode	collectionCode	catalogNumber	recordNumber	identifiedBy	dateIdentified	license	rightsHolder	recordedBy	typeStatus	establishmentMeans	lastInterpreted	mediaType	issue
694157820	d7cfd2ed-8af4-427f-a16e-eb66b7e2c419	17496	Fungi	Basidiomycota	Agaricomycetes	Agaricales	Strophariaceae	Agrocybe	Agrocybe praecox		SPECIES	Agrocybe praecox (Pers.) Fayod	Agrocybe praecox (Pers.) Fayod	(Pers.) Fayod	CA	Dunrobin	Ontario	PRESENT		ff418020-1d67-11d9-8435-b8a03c50a862	45.422793	-76.022344							1971-06-16	16	6	1971	8997022	8997022	PRESERVED_SPECIMEN	Royal Ontario Museum	TRTC	TRTC047891		Thomson, S.		CC0_1_0	Royal Ontario Museum	Hudson, A.;			2024-01-25T00:59:38.839Z		COORDINATE_ROUNDED;AMBIGUOUS_INSTITUTION
617554687	21705170-d2b6-42de-8904-c3bca4b83591	CMMF000469	Fungi	Basidiomycota	Agaricomycetes	Agaricales	Strophariaceae	Agrocybe	Agrocybe praecox		SPECIES	Agrocybe praecox (Pers.) Fayod	Agrocybe praecox (Pers.) Fayod	(Pers.) Fayod	CA	Mirabel	Québec	PRESENT		ff7bd5db-b724-4932-b496-10ea298851f9	45.659599	-74.064294	18500.0						1989-06-02	2	6	1989	8997022	8997022	PRESERVED_SPECIMEN	Université de Montréal Biodiversity Centre	CMMF	CMMF000469		Lamoureux, Yves		CC0_1_0	Université de Montréal Biodiversity Centre	Lamoureux, Yves			2024-01-24T16:38:19.995Z	StillImage	INSTITUTION_MATCH_FUZZY;COLLECTION_MATCH_FUZZY;DIFFERENT_OWNER_INSTITUTION
617554662	21705170-d2b6-42de-8904-c3bca4b83591	CMMF000458	Fungi	Basidiomycota	Agaricomycetes	Agaricales	Strophariaceae	Agrocybe	Agrocybe praecox		SPECIES	Agrocybe praecox (Pers.) Fayod	Agrocybe praecox (Pers.) Fayod	(Pers.) Fayod	CA	Oka	Québec	PRESENT		ff7bd5db-b724-4932-b496-10ea298851f9	45.485445	-74.079213	8500.0						1989-05-27	27	5	1989	8997022	8997022	PRESERVED_SPECIMEN	Université de Montréal Biodiversity Centre	CMMF	CMMF000458		Lamoureux, Yves		CC0_1_0	Université de Montréal Biodiversity Centre	Lamoureux, Yves			2024-01-24T16:38:19.976Z	StillImage	INSTITUTION_MATCH_FUZZY;COLLECTION_MATCH_FUZZY;DIFFERENT_OWNER_INSTITUTION
617550607	21705170-d2b6-42de-8904-c3bca4b83591	CMMF002351	Fungi	Basidiomycota	Agaricomycetes	Agaricales	Strophariaceae	Agrocybe	Agrocybe praecox		SPECIES	Agrocybe praecox (Pers.) Fayod	Agrocybe praecox (Pers.) Fayod	(Pers.) Fayod	CA	Longueuil	Québec	PRESENT		ff7bd5db-b724-4932-b496-10ea298851f9	45.544154	-73.477185	5000.0						1995-05-31	31	5	1995	8997022	8997022	PRESERVED_SPECIMEN	Université de Montréal Biodiversity Centre	CMMF	CMMF002351		Lamoureux, Yves		CC0_1_0	Université de Montréal Biodiversity Centre	Lamoureux, Yves			2024-01-24T16:38:19.451Z	StillImage	INSTITUTION_MATCH_FUZZY;COLLECTION_MATCH_FUZZY;DIFFERENT_OWNER_INSTITUTION
4138130759	50c9509d-22c7-4a22-a47d-8c48425ef4a7	https://www.inaturalist.org/observations/168480452	Fungi	Basidiomycota	Agaricomycetes	Agaricales	Strophariaceae	Agrocybe	Agrocybe praecox		SPECIES	Agrocybe praecox (Pers.) Fayod	Agrocybe praecox		CA		Québec	PRESENT		28eb1a3f-1c15-4a95-931a-4af90ecb574d	45.505264	-73.803304	1533.0						2023-06-20T09:22:43	20	6	2023	8997022	8997022	HUMAN_OBSERVATION	iNaturalist	Observations	168480452		Gaby Beland	2023-06-26T03:37:57	CC_BY_NC_4_0	Lukas Kramosch	Lukas Kramosch			2025-01-14T13:30:35.335Z	StillImage	COORDINATE_ROUNDED;CONTINENT_DERIVED_FROM_COORDINATES;TAXON_MATCH_TAXON_ID_IGNORED
3858530392	50c9509d-22c7-4a22-a47d-8c48425ef4a7	https://www.inaturalist.org/observations/120214175	Fungi	Basidiomycota	Agaricomycetes	Agaricales	Strophariaceae	Agrocybe	Agrocybe praecox		SPECIES	Agrocybe praecox (Pers.) Fayod	Agrocybe praecox		CA		Québec	PRESENT		28eb1a3f-1c15-4a95-931a-4af90ecb574d	45.592025	-73.54944	40.0						2022-06-04T15:04:44	4	6	2022	8997022	8997022	HUMAN_OBSERVATION	iNaturalist	Observations	120214175		sabacon	2022-06-05T00:04:31	CC_BY_NC_4_0	D. Marullo-Masson	D. Marullo-Masson			2025-01-14T13:22:17.849Z	StillImage	COORDINATE_ROUNDED;CONTINENT_DERIVED_FROM_COORDINATES;TAXON_MATCH_TAXON_ID_IGNORED
3384537334	50c9509d-22c7-4a22-a47d-8c48425ef4a7	https://www.inaturalist.org/observations/97274254	Fungi	Basidiomycota	Agaricomycetes	Agaricales	Strophariaceae	Agrocybe	Agrocybe praecox		SPECIES	Agrocybe praecox (Pers.) Fayod	Agrocybe praecox		CA		Québec	PRESENT		28eb1a3f-1c15-4a95-931a-4af90ecb574d	45.523615	-73.636584	722.0						2021-10-05T15:04:36	5	10	2021	8997022	8997022	HUMAN_OBSERVATION	iNaturalist	Observations	97274254		oliviacostanzo	2021-10-05T19:32:40	CC_BY_NC_4_0	oliviacostanzo	oliviacostanzo			2025-01-14T13:12:06.770Z	StillImage	COORDINATE_ROUNDED;CONTINENT_DERIVED_FROM_COORDINATES;TAXON_MATCH_TAXON_ID_IGNORED
3384136412	50c9509d-22c7-4a22-a47d-8c48425ef4a7	https://www.inaturalist.org/observations/97274268	Fungi	Basidiomycota	Agaricomycetes	Agaricales	Strophariaceae	Agrocybe	Agrocybe praecox		SPECIES	Agrocybe praecox (Pers.) Fayod	Agrocybe praecox		CA		Québec	PRESENT		28eb1a3f-1c15-4a95-931a-4af90ecb574d	45.511263	-73.580292	4.0						2021-10-05T15:04:23	5	10	2021	8997022	8997022	HUMAN_OBSERVATION	iNaturalist	Observations	97274268		scarlet_chapman	2021-10-05T19:32:52	CC_BY_NC_4_0	scarlet_chapman	scarlet_chapman			2025-01-14T12:23:17.658Z	StillImage	COORDINATE_ROUNDED;CONTINENT_DERIVED_FROM_COORDINATES;TAXON_MATCH_TAXON_ID_IGNORED
2423611996	21705170-d2b6-42de-8904-c3bca4b83591	CMMF018711	Fungi	Basidiomycota	Agaricomycetes	Agaricales	Strophariaceae	Agrocybe	Agrocybe praecox		SPECIES	Agrocybe praecox (Pers.) Fayod	Agrocybe praecox (Pers.) Fayod	(Pers.) Fayod	CA	Station de biologie des Laurentides, Université de Montréal	Québec	PRESENT		ff7bd5db-b724-4932-b496-10ea298851f9	45.988108	-74.005679	25000.0						1985-06-11	11	6	1985	8997022	8997022	PRESERVED_SPECIMEN	Université de Montréal Biodiversity Centre	CMMF	CMMF018711	s.n.	Nantel, Patrick		CC0_1_0	Université de Montréal Biodiversity Centre	Nantel, Patrick			2024-01-24T16:38:18.549Z		INSTITUTION_MATCH_FUZZY;COLLECTION_MATCH_FUZZY;DIFFERENT_OWNER_INSTITUTION
1807262445	e8a25a42-f125-476c-8554-3ec21cd51a84	ACAD:118999	Fungi	Basidiomycota	Agaricomycetes	Agaricales	Strophariaceae	Agrocybe	Agrocybe praecox		SPECIES	Agrocybe praecox (Pers.) Fayod	Agrocybe praecox (Pers.) Fayod	(Pers.) Fayod	CA	Kentville	Nova Scotia	PRESENT		6491ad8c-8e49-4bd4-a089-0ddb3bbe0890	45.07662	-64.49592							1959-09-18	18	9	1959	8997022	8997022	PRESERVED_SPECIMEN	Acadia University	ACAD	7700F	7700			CC0_1_0	Acadia University	Harrison, KA			2024-01-25T01:37:12.668Z	StillImage	GEODETIC_DATUM_INVALID;GEODETIC_DATUM_ASSUMED_WGS84;TAXON_MATCH_TAXON_ID_IGNORED;INSTITUTION_MATCH_FUZZY;COLLECTION_MATCH_FUZZY
1807260281	e8a25a42-f125-476c-8554-3ec21cd51a84	ACAD:117030	Fungi	Basidiomycota	Agaricomycetes	Agaricales	Strophariaceae	Agrocybe	Agrocybe praecox		SPECIES	Agrocybe praecox (Pers.) Fayod	Agrocybe praecox (Pers.) Fayod	(Pers.) Fayod	CA	Hillaton	Nova Scotia	PRESENT		6491ad8c-8e49-4bd4-a089-0ddb3bbe0890	45.14825	-64.43832							1953-06-14	14	6	1953	8997022	8997022	PRESERVED_SPECIMEN	Acadia University	ACAD	5290F	5290			CC0_1_0	Acadia University	H, KA			2024-01-25T01:37:12.510Z	StillImage	GEODETIC_DATUM_INVALID;GEODETIC_DATUM_ASSUMED_WGS84;TAXON_MATCH_TAXON_ID_IGNORED;INSTITUTION_MATCH_FUZZY;COLLECTION_MATCH_FUZZY
1807256142	e8a25a42-f125-476c-8554-3ec21cd51a84	ACAD:112765	Fungi	Basidiomycota	Agaricomycetes	Agaricales	Strophariaceae	Agrocybe	Agrocybe praecox		SPECIES	Agrocybe praecox (Pers.) Fayod	Agrocybe praecox (Pers.) Fayod	(Pers.) Fayod	CA	Lower Canard	Nova Scotia	PRESENT		6491ad8c-8e49-4bd4-a089-0ddb3bbe0890	45.13873	-64.38909							1953-06-15	15	6	1953	8997022	8997022	PRESERVED_SPECIMEN	Acadia University	ACAD	2720F	2720			CC0_1_0	Acadia University	McPhee, A			2024-01-25T01:37:10.761Z	StillImage	GEODETIC_DATUM_INVALID;GEODETIC_DATUM_ASSUMED_WGS84;TAXON_MATCH_TAXON_ID_IGNORED;INSTITUTION_MATCH_FUZZY;COLLECTION_MATCH_FUZZY
1807255578	e8a25a42-f125-476c-8554-3ec21cd51a84	ACAD:112364	Fungi	Basidiomycota	Agaricomycetes	Agaricales	Strophariaceae	Agrocybe	Agrocybe praecox		SPECIES	Agrocybe praecox (Pers.) Fayod	Agrocybe praecox (Pers.) Fayod	(Pers.) Fayod	CA	Wolfville	Nova Scotia	PRESENT		6491ad8c-8e49-4bd4-a089-0ddb3bbe0890	45.09271	-64.36132							1970-06-08	8	6	1970	8997022	8997022	PRESERVED_SPECIMEN	Acadia University	ACAD	2098F	2098	Grund,d		CC0_1_0	Acadia University	Grund,d			2024-01-25T01:37:05.629Z	StillImage	GEODETIC_DATUM_INVALID;GEODETIC_DATUM_ASSUMED_WGS84;TAXON_MATCH_TAXON_ID_IGNORED;INSTITUTION_MATCH_FUZZY;COLLECTION_MATCH_FUZZY
1412708994	21705170-d2b6-42de-8904-c3bca4b83591	CMMF017551	Fungi	Basidiomycota	Agaricomycetes	Agaricales	Strophariaceae	Agrocybe	Agrocybe praecox		SPECIES	Agrocybe praecox (Pers.) Fayod	Agrocybe praecox (Pers.) Fayod	(Pers.) Fayod	CA	Cap Saint-Jacques, Québec.	Québec	PRESENT		ff7bd5db-b724-4932-b496-10ea298851f9	45.465391	-73.920995	4000.0						1981-08-18	18	8	1981	8997022	8997022	PRESERVED_SPECIMEN	Université de Montréal Biodiversity Centre	CMMF	CMMF017551	1981-226	Cyr, A.		CC0_1_0	Université de Montréal Biodiversity Centre	Cyr, A.			2024-01-24T16:38:15.783Z		INSTITUTION_MATCH_FUZZY;COLLECTION_MATCH_FUZZY;DIFFERENT_OWNER_INSTITUTION
1412706170	21705170-d2b6-42de-8904-c3bca4b83591	CMMF014644	Fungi	Basidiomycota	Agaricomycetes	Agaricales	Strophariaceae	Agrocybe	Agrocybe praecox		SPECIES	Agrocybe praecox (Pers.) Fayod	Agrocybe praecox (Pers.) Fayod	(Pers.) Fayod	CA	Université du Québec à Chicoutimi, Chicoutimi, Québec.	Québec	PRESENT		ff7bd5db-b724-4932-b496-10ea298851f9	48.419455	-71.052041	1000.0						1980-06-27	27	6	1980	8997022	8997022	PRESERVED_SPECIMEN	Université de Montréal Biodiversity Centre	CMMF	CMMF014644	2016	Guérin, Gérard		CC0_1_0	Université de Montréal Biodiversity Centre	Guérin, Gérard			2024-01-24T16:38:20.339Z	StillImage	INSTITUTION_MATCH_FUZZY;COLLECTION_MATCH_FUZZY;DIFFERENT_OWNER_INSTITUTION
1412706159	21705170-d2b6-42de-8904-c3bca4b83591	CMMF014646	Fungi	Basidiomycota	Agaricomycetes	Agaricales	Strophariaceae	Agrocybe	Agrocybe praecox		SPECIES	Agrocybe praecox (Pers.) Fayod	Agrocybe praecox (Pers.) Fayod	(Pers.) Fayod	CA	Saint-Ambroise, Québec.	Québec	PRESENT		ff7bd5db-b724-4932-b496-10ea298851f9	48.554212	-71.323337	2000.0						1984-06-17	17	6	1984	8997022	8997022	PRESERVED_SPECIMEN	Université de Montréal Biodiversity Centre	CMMF	CMMF014646	2018	Guérin, Gérard		CC0_1_0	Université de Montréal Biodiversity Centre	Guérin, Gérard			2024-01-24T16:38:20.340Z	StillImage	INSTITUTION_MATCH_FUZZY;COLLECTION_MATCH_FUZZY;DIFFERENT_OWNER_INSTITUTION
1412706102	21705170-d2b6-42de-8904-c3bca4b83591	CMMF014645	Fungi	Basidiomycota	Agaricomycetes	Agaricales	Strophariaceae	Agrocybe	Agrocybe praecox		SPECIES	Agrocybe praecox (Pers.) Fayod	Agrocybe praecox (Pers.) Fayod	(Pers.) Fayod	CA	Shipshaw, Québec.	Québec	PRESENT		ff7bd5db-b724-4932-b496-10ea298851f9	48.466834	-71.263421	2500.0						1983-06-10	10	6	1983	8997022	8997022	PRESERVED_SPECIMEN	Université de Montréal Biodiversity Centre	CMMF	CMMF014645	2017	Guérin, Gérard		CC0_1_0	Université de Montréal Biodiversity Centre	Guérin, Gérard			2024-01-24T16:38:20.348Z	StillImage	INSTITUTION_MATCH_FUZZY;COLLECTION_MATCH_FUZZY;DIFFERENT_OWNER_INSTITUTION
1412704132	21705170-d2b6-42de-8904-c3bca4b83591	CMMF012273	Fungi	Basidiomycota	Agaricomycetes	Agaricales	Strophariaceae	Agrocybe	Agrocybe praecox		SPECIES	Agrocybe praecox (Pers.) Fayod	Agrocybe praecox (Pers.) Fayod	(Pers.) Fayod	CA	Granby, Québec.	Québec	PRESENT		ff7bd5db-b724-4932-b496-10ea298851f9	45.4	-72.733333	5000.0						1947-06-17	17	6	1947	8997022	8997022	PRESERVED_SPECIMEN	Université de Montréal Biodiversity Centre	CMMF	CMMF012273	1292	Smith, Alexander H.		CC0_1_0	Université de Montréal Biodiversity Centre	Fabius, Fr.			2024-01-24T16:38:20.709Z		INSTITUTION_MATCH_FUZZY;COLLECTION_MATCH_FUZZY;DIFFERENT_OWNER_INSTITUTION
1135070998	21705170-d2b6-42de-8904-c3bca4b83591	CMMF009487	Fungi	Basidiomycota	Agaricomycetes	Agaricales	Strophariaceae	Agrocybe	Agrocybe praecox		SPECIES	Agrocybe praecox (Pers.) Fayod	Agrocybe praecox (Pers.) Fayod	(Pers.) Fayod	CA	Parc CLSC Charlesbourg, Québec.	Québec	PRESENT		ff7bd5db-b724-4932-b496-10ea298851f9	46.859015	-71.265282	125.0						2007-07-06	6	7	2007	8997022	8997022	PRESERVED_SPECIMEN	Université de Montréal Biodiversity Centre	CMMF	CMMF009487	1071	Labrecque, Jacqueline		CC0_1_0	Université de Montréal Biodiversity Centre	Labrecque, Jacqueline			2024-01-24T16:38:21.681Z		INSTITUTION_MATCH_FUZZY;COLLECTION_MATCH_FUZZY;DIFFERENT_OWNER_INSTITUTION
1135070880	21705170-d2b6-42de-8904-c3bca4b83591	CMMF009467	Fungi	Basidiomycota	Agaricomycetes	Agaricales	Strophariaceae	Agrocybe	Agrocybe praecox		SPECIES	Agrocybe praecox (Pers.) Fayod	Agrocybe praecox (Pers.) Fayod	(Pers.) Fayod	CA	Parc des Moulins, Québec.	Québec	PRESENT		ff7bd5db-b724-4932-b496-10ea298851f9	46.887678	-71.301288	600.0						2007-07-05	5	7	2007	8997022	8997022	PRESERVED_SPECIMEN	Université de Montréal Biodiversity Centre	CMMF	CMMF009467	1051	Labrecque, Jacqueline		CC0_1_0	Université de Montréal Biodiversity Centre	Lane, Peter			2024-01-24T16:38:21.669Z		INSTITUTION_MATCH_FUZZY;COLLECTION_MATCH_FUZZY;DIFFERENT_OWNER_INSTITUTION
1135070109	21705170-d2b6-42de-8904-c3bca4b83591	CMMF008652	Fungi	Basidiomycota	Agaricomycetes	Agaricales	Strophariaceae	Agrocybe	Agrocybe praecox		SPECIES	Agrocybe praecox (Pers.) Fayod	Agrocybe praecox (Pers.) Fayod	(Pers.) Fayod	CA	Charlesbourg Ouest (Mr. Allen), Québec.	Québec	PRESENT		ff7bd5db-b724-4932-b496-10ea298851f9	46.91969	-71.322285	4200.0						2006-06-20	20	6	2006	8997022	8997022	PRESERVED_SPECIMEN	Université de Montréal Biodiversity Centre	CMMF	CMMF008652	230	Labrecque, Jacqueline; Labbé, Roland		CC0_1_0	Université de Montréal Biodiversity Centre	Labrecque, Jacqueline			2024-01-24T16:38:17.976Z	StillImage	INSTITUTION_MATCH_FUZZY;COLLECTION_MATCH_FUZZY;DIFFERENT_OWNER_INSTITUTION
1135070072	21705170-d2b6-42de-8904-c3bca4b83591	CMMF008604	Fungi	Basidiomycota	Agaricomycetes	Agaricales	Strophariaceae	Agrocybe	Agrocybe praecox		SPECIES	Agrocybe praecox (Pers.) Fayod	Agrocybe praecox (Pers.) Fayod	(Pers.) Fayod	CA	Containers Ouest. Lac-Beauport.	Québec	PRESENT		ff7bd5db-b724-4932-b496-10ea298851f9	46.953091	-71.275238	5000.0						2006-06-01	1	6	2006	8997022	8997022	PRESERVED_SPECIMEN	Université de Montréal Biodiversity Centre	CMMF	CMMF008604	178	Labrecque, Jacqueline; Labbé, Roland		CC0_1_0	Université de Montréal Biodiversity Centre	Labrecque, Jacqueline			2024-01-24T16:38:17.959Z	StillImage	INSTITUTION_MATCH_FUZZY;COLLECTION_MATCH_FUZZY;DIFFERENT_OWNER_INSTITUTION
1135070070	21705170-d2b6-42de-8904-c3bca4b83591	CMMF008599	Fungi	Basidiomycota	Agaricomycetes	Agaricales	Strophariaceae	Agrocybe	Agrocybe praecox		SPECIES	Agrocybe praecox (Pers.) Fayod	Agrocybe praecox (Pers.) Fayod	(Pers.) Fayod	CA	Charlesbourg Ouest (M. Allen)	Québec	PRESENT		ff7bd5db-b724-4932-b496-10ea298851f9	46.91969	-71.322285	4200.0						2006-06-01	1	6	2006	8997022	8997022	PRESERVED_SPECIMEN	Université de Montréal Biodiversity Centre	CMMF	CMMF008599	173	Labrecque, Jacqueline		CC0_1_0	Université de Montréal Biodiversity Centre	Labrecque, Jacqueline			2024-01-24T16:38:17.891Z	StillImage	INSTITUTION_MATCH_FUZZY;COLLECTION_MATCH_FUZZY;DIFFERENT_OWNER_INSTITUTION
1135070069	21705170-d2b6-42de-8904-c3bca4b83591	CMMF008603	Fungi	Basidiomycota	Agaricomycetes	Agaricales	Strophariaceae	Agrocybe	Agrocybe praecox		SPECIES	Agrocybe praecox (Pers.) Fayod	Agrocybe praecox (Pers.) Fayod	(Pers.) Fayod	CA	Containers, sentier Ouest. Lac-Beauport.	Québec	PRESENT		ff7bd5db-b724-4932-b496-10ea298851f9	46.953091	-71.275238	5000.0						2006-06-01	1	6	2006	8997022	8997022	PRESERVED_SPECIMEN	Université de Montréal Biodiversity Centre	CMMF	CMMF008603	177	Labrecque, Jacqueline; Labbé, Roland		CC0_1_0	Université de Montréal Biodiversity Centre	Labrecque, Jacqueline			2024-01-24T16:38:17.959Z	StillImage	INSTITUTION_MATCH_FUZZY;COLLECTION_MATCH_FUZZY;DIFFERENT_OWNER_INSTITUTION
1135070055	21705170-d2b6-42de-8904-c3bca4b83591	CMMF008619	Fungi	Basidiomycota	Agaricomycetes	Agaricales	Strophariaceae	Agrocybe	Agrocybe praecox		SPECIES	Agrocybe praecox (Pers.) Fayod	Agrocybe praecox (Pers.) Fayod	(Pers.) Fayod	CA	Charlesbourg ouest (M. Allen), Québec.	Québec	PRESENT		ff7bd5db-b724-4932-b496-10ea298851f9	46.91969	-71.322285	4200.0						2006-06-08	8	6	2006	8997022	8997022	PRESERVED_SPECIMEN	Université de Montréal Biodiversity Centre	CMMF	CMMF008619	194	Labrecque, Jacqueline; Labbé, Roland		CC0_1_0	Université de Montréal Biodiversity Centre	Labrecque, Jacqueline			2024-01-24T16:38:17.957Z		INSTITUTION_MATCH_FUZZY;COLLECTION_MATCH_FUZZY;DIFFERENT_OWNER_INSTITUTION
1135066893	21705170-d2b6-42de-8904-c3bca4b83591	CMMF010308	Fungi	Basidiomycota	Agaricomycetes	Agaricales	Strophariaceae	Agrocybe	Agrocybe praecox		SPECIES	Agrocybe praecox (Pers.) Fayod	Agrocybe praecox (Pers.) Fayod	(Pers.) Fayod	CA	Parc du CLSC, 76e rue, Charlesbourg, Québec.	Québec	PRESENT		ff7bd5db-b724-4932-b496-10ea298851f9	46.859015	-71.265282	125.0						2008-06-20	20	6	2008	8997022	8997022	PRESERVED_SPECIMEN	Université de Montréal Biodiversity Centre	CMMF	CMMF010308	1894	Labrecque, Jacqueline		CC0_1_0	Université de Montréal Biodiversity Centre	Labrecque, Jacqueline			2024-01-24T16:38:21.574Z		INSTITUTION_MATCH_FUZZY;COLLECTION_MATCH_FUZZY;DIFFERENT_OWNER_INSTITUTION
1135066889	21705170-d2b6-42de-8904-c3bca4b83591	CMMF010289	Fungi	Basidiomycota	Agaricomycetes	Agaricales	Strophariaceae	Agrocybe	Agrocybe praecox		SPECIES	Agrocybe praecox (Pers.) Fayod	Agrocybe praecox (Pers.) Fayod	(Pers.) Fayod	CA	Lac-Beauport.	Québec	PRESENT		ff7bd5db-b724-4932-b496-10ea298851f9	46.96324	-71.303223	5000.0						2008-06-12	12	6	2008	8997022	8997022	PRESERVED_SPECIMEN	Université de Montréal Biodiversity Centre	CMMF	CMMF010289	1875	Labbé, Roland; Labrecque, Jacqueline		CC0_1_0	Université de Montréal Biodiversity Centre	Labrecque, Jacqueline			2024-01-24T16:38:21.543Z		INSTITUTION_MATCH_FUZZY;COLLECTION_MATCH_FUZZY;DIFFERENT_OWNER_INSTITUTION
1135066884	21705170-d2b6-42de-8904-c3bca4b83591	CMMF010287	Fungi	Basidiomycota	Agaricomycetes	Agaricales	Strophariaceae	Agrocybe	Agrocybe praecox		SPECIES	Agrocybe praecox (Pers.) Fayod	Agrocybe praecox (Pers.) Fayod	(Pers.) Fayod	CA	Chemin de l'Éperon, containers ouest, Lac-Beauport.	Québec	PRESENT		ff7bd5db-b724-4932-b496-10ea298851f9	46.96324	-71.303223	5000.0						2008-06-07	7	6	2008	8997022	8997022	PRESERVED_SPECIMEN	Université de Montréal Biodiversity Centre	CMMF	CMMF010287	1873	Labrecque, Jacqueline		CC0_1_0	Université de Montréal Biodiversity Centre	Labrecque, Jacqueline			2024-01-24T16:38:21.543Z		INSTITUTION_MATCH_FUZZY;COLLECTION_MATCH_FUZZY;DIFFERENT_OWNER_INSTITUTION
1135066880	21705170-d2b6-42de-8904-c3bca4b83591	CMMF010296	Fungi	Basidiomycota	Agaricomycetes	Agaricales	Strophariaceae	Agrocybe	Agrocybe praecox		SPECIES	Agrocybe praecox (Pers.) Fayod	Agrocybe praecox (Pers.) Fayod	(Pers.) Fayod	CA	Parc des Moulins, Québec.	Québec	PRESENT		ff7bd5db-b724-4932-b496-10ea298851f9	46.887678	-71.301288	600.0						2008-06-14	14	6	2008	8997022	8997022	PRESERVED_SPECIMEN	Université de Montréal Biodiversity Centre	CMMF	CMMF010296	1882	Labrecque, Jacqueline		CC0_1_0	Université de Montréal Biodiversity Centre	Labrecque, Jacqueline			2024-01-24T16:38:21.540Z		INSTITUTION_MATCH_FUZZY;COLLECTION_MATCH_FUZZY;DIFFERENT_OWNER_INSTITUTION
1135066857	21705170-d2b6-42de-8904-c3bca4b83591	CMMF010322	Fungi	Basidiomycota	Agaricomycetes	Agaricales	Strophariaceae	Agrocybe	Agrocybe praecox		SPECIES	Agrocybe praecox (Pers.) Fayod	Agrocybe praecox (Pers.) Fayod	(Pers.) Fayod	CA	210 de l'Éperon, cour arrière, Lac-Beauport.	Québec	PRESENT		ff7bd5db-b724-4932-b496-10ea298851f9	46.964353	-71.306427	200.0						2008-06-23	23	6	2008	8997022	8997022	PRESERVED_SPECIMEN	Université de Montréal Biodiversity Centre	CMMF	CMMF010322	1908	Labrecque, Jacqueline		CC0_1_0	Université de Montréal Biodiversity Centre	Labrecque, Jacqueline			2024-01-24T16:38:21.591Z		INSTITUTION_MATCH_FUZZY;COLLECTION_MATCH_FUZZY;DIFFERENT_OWNER_INSTITUTION
1024560001	21705170-d2b6-42de-8904-c3bca4b83591	CMMF005426	Fungi	Basidiomycota	Agaricomycetes	Agaricales	Strophariaceae	Agrocybe	Agrocybe praecox		SPECIES	Agrocybe praecox (Pers.) Fayod	Agrocybe praecox (Pers.) Fayod	(Pers.) Fayod	CA	Châteauguay	Québec	PRESENT		ff7bd5db-b724-4932-b496-10ea298851f9	45.35433	-73.774083	100.0						2005-06-12	12	6	2005	8997022	8997022	PRESERVED_SPECIMEN	Université de Montréal Biodiversity Centre	CMMF	CMMF005426	C2159	McNeil, Raymond		CC0_1_0	Université de Montréal Biodiversity Centre	McNeil, Raymond			2024-01-24T16:38:15.722Z	StillImage	COORDINATE_ROUNDED;INSTITUTION_MATCH_FUZZY;COLLECTION_MATCH_FUZZY;DIFFERENT_OWNER_INSTITUTION
1024559973	21705170-d2b6-42de-8904-c3bca4b83591	CMMF005425	Fungi	Basidiomycota	Agaricomycetes	Agaricales	Strophariaceae	Agrocybe	Agrocybe praecox		SPECIES	Agrocybe praecox (Pers.) Fayod	Agrocybe praecox (Pers.) Fayod	(Pers.) Fayod	CA	Châteauguay	Québec	PRESENT		ff7bd5db-b724-4932-b496-10ea298851f9	45.34583	-73.734883	100.0						2008-06-11	11	6	2008	8997022	8997022	PRESERVED_SPECIMEN	Université de Montréal Biodiversity Centre	CMMF	CMMF005425	C3235	McNeil, Raymond		CC0_1_0	Université de Montréal Biodiversity Centre	McNeil, Raymond			2024-01-24T16:38:15.722Z	StillImage	COORDINATE_ROUNDED;INSTITUTION_MATCH_FUZZY;COLLECTION_MATCH_FUZZY;DIFFERENT_OWNER_INSTITUTION
1024559944	21705170-d2b6-42de-8904-c3bca4b83591	CMMF005427	Fungi	Basidiomycota	Agaricomycetes	Agaricales	Strophariaceae	Agrocybe	Agrocybe praecox		SPECIES	Agrocybe praecox (Pers.) Fayod	Agrocybe praecox (Pers.) Fayod	(Pers.) Fayod	CA	Châteauguay	Québec	PRESENT		ff7bd5db-b724-4932-b496-10ea298851f9	45.35433	-73.774083	100.0						2009-06-02	2	6	2009	8997022	8997022	PRESERVED_SPECIMEN	Université de Montréal Biodiversity Centre	CMMF	CMMF005427	C3466	McNeil, Raymond		CC0_1_0	Université de Montréal Biodiversity Centre	McNeil, Raymond			2024-01-24T16:38:15.721Z	StillImage	COORDINATE_ROUNDED;INSTITUTION_MATCH_FUZZY;COLLECTION_MATCH_FUZZY;DIFFERENT_OWNER_INSTITUTION
1024559902	21705170-d2b6-42de-8904-c3bca4b83591	CMMF005428	Fungi	Basidiomycota	Agaricomycetes	Agaricales	Strophariaceae	Agrocybe	Agrocybe praecox		SPECIES	Agrocybe praecox (Pers.) Fayod	Agrocybe praecox (Pers.) Fayod	(Pers.) Fayod	CA	St-Hippolyte (Station de biologie des Laurentides)	Québec	PRESENT		ff7bd5db-b724-4932-b496-10ea298851f9	45.989333	-74.003633	100.0						2009-06-17	17	6	2009	8997022	8997022	PRESERVED_SPECIMEN	Université de Montréal Biodiversity Centre	CMMF	CMMF005428	C3477	McNeil, Raymond		CC0_1_0	Université de Montréal Biodiversity Centre	McNeil, Raymond			2024-01-24T16:38:15.721Z	StillImage	INSTITUTION_MATCH_FUZZY;COLLECTION_MATCH_FUZZY;DIFFERENT_OWNER_INSTITUTION
1024559900	21705170-d2b6-42de-8904-c3bca4b83591	CMMF005429	Fungi	Basidiomycota	Agaricomycetes	Agaricales	Strophariaceae	Agrocybe	Agrocybe praecox		SPECIES	Agrocybe praecox (Pers.) Fayod	Agrocybe praecox (Pers.) Fayod	(Pers.) Fayod	CA	Châteauguay	Québec	PRESENT		ff7bd5db-b724-4932-b496-10ea298851f9	45.33983	-73.773917	100.0						2010-05-04	4	5	2010	8997022	8997022	PRESERVED_SPECIMEN	Université de Montréal Biodiversity Centre	CMMF	CMMF005429	C3628	McNeil, Raymond		CC0_1_0	Université de Montréal Biodiversity Centre	McNeil, Raymond			2024-01-24T16:38:15.721Z	StillImage	COORDINATE_ROUNDED;INSTITUTION_MATCH_FUZZY;COLLECTION_MATCH_FUZZY;DIFFERENT_OWNER_INSTITUTION
