gbifID	datasetKey	occurrenceID	kingdom	phylum	class	order	family	genus	species	infraspecificEpithet	taxonRank	scientificName	verbatimScientificName	verbatimScientificNameAuthorship	countryCode	locality	stateProvince	occurrenceStatus	individualCount	publishingOrgKey	decimalLatitude	decimalLongitude	coordinateUncertaintyInMeters	coordinatePrecision	elevation	elevationAccuracy	depth	depthAccuracy	eventDate	day	month	year	taxonKey	speciesKey	basisOfRecord	institutionCode	collectionCode	catalogNumber	recordNumber	identifiedBy	dateIdentified	license	rightsHolder	recordedBy	typeStatus	establishmentMeans	lastInterpreted	mediaType	issue
617554955	21705170-d2b6-42de-8904-c3bca4b83591	CMMF000592	Fungi	Basidiomycota	Agaricomycetes	Agaricales	Lyophyllaceae	Asterophora	Asterophora lycoperdoides		SPECIES	Asterophora lycoperdoides (Bull.) Ditmar	Asterophora lycoperdoides (Bull.) Ditmar	(Bull.) Ditmar	CA	Mirabel	Québec	PRESENT		ff7bd5db-b724-4932-b496-10ea298851f9	45.659599	-74.064294	18500.0						1989-07-22	22	7	1989	9210867	9210867	PRESERVED_SPECIMEN	Université de Montréal Biodiversity Centre	CMMF	CMMF000592		Lamoureux, Yves		CC0_1_0	Université de Montréal Biodiversity Centre	Lamoureux, Yves			2024-01-24T16:38:20.077Z	StillImage	INSTITUTION_MATCH_FUZZY;COLLECTION_MATCH_FUZZY;DIFFERENT_OWNER_INSTITUTION
617548385	21705170-d2b6-42de-8904-c3bca4b83591	CMMF001379	Fungi	Basidiomycota	Agaricomycetes	Agaricales	Lyophyllaceae	Asterophora	Asterophora lycoperdoides		SPECIES	Asterophora lycoperdoides (Bull.) Ditmar	Asterophora lycoperdoides (Bull.) Ditmar	(Bull.) Ditmar	CA	Saint-Bruno-de-Montarville	Québec	PRESENT		ff7bd5db-b724-4932-b496-10ea298851f9	45.526599	-73.344507	5500.0						1991-08-14	14	8	1991	9210867	9210867	PRESERVED_SPECIMEN	Université de Montréal Biodiversity Centre	CMMF	CMMF001379		Lamoureux, Yves		CC0_1_0	Université de Montréal Biodiversity Centre	Lamoureux, Yves			2024-01-24T16:38:17.534Z	StillImage	INSTITUTION_MATCH_FUZZY;COLLECTION_MATCH_FUZZY;DIFFERENT_OWNER_INSTITUTION
4974272713	50c9509d-22c7-4a22-a47d-8c48425ef4a7	https://www.inaturalist.org/observations/247691268	Fungi	Basidiomycota	Agaricomycetes	Agaricales	Lyophyllaceae	Asterophora	Asterophora lycoperdoides		SPECIES	Asterophora lycoperdoides (Bull.) Ditmar	Asterophora lycoperdoides		CA		Québec	PRESENT		28eb1a3f-1c15-4a95-931a-4af90ecb574d	46.43858	-72.481066							2024-10-15T11:23:18	15	10	2024	9210867	9210867	HUMAN_OBSERVATION	iNaturalist	Observations	247691268		Renée Lebeuf	2024-10-16T23:08:56	CC_BY_NC_4_0	Renée Lebeuf	Renée Lebeuf			2025-01-14T12:54:44.981Z	StillImage	COORDINATE_ROUNDED;CONTINENT_DERIVED_FROM_COORDINATES;TAXON_MATCH_TAXON_ID_IGNORED
4952531954	50c9509d-22c7-4a22-a47d-8c48425ef4a7	https://www.inaturalist.org/observations/240340449	Fungi	Basidiomycota	Agaricomycetes	Agaricales	Lyophyllaceae	Asterophora	Asterophora lycoperdoides		SPECIES	Asterophora lycoperdoides (Bull.) Ditmar	Asterophora lycoperdoides		CA		New Brunswick	PRESENT		28eb1a3f-1c15-4a95-931a-4af90ecb574d	45.134876	-66.490478	3.0						2018-08-19T11:12	19	8	2018	9210867	9210867	HUMAN_OBSERVATION	iNaturalist	Observations	240340449		David Malloch	2024-09-07T15:52:47	CC_BY_NC_4_0	David Malloch	David Malloch			2025-01-14T12:54:00.601Z	StillImage	CONTINENT_DERIVED_FROM_COORDINATES;TAXON_MATCH_TAXON_ID_IGNORED
4935912797	50c9509d-22c7-4a22-a47d-8c48425ef4a7	https://www.inaturalist.org/observations/238521308	Fungi	Basidiomycota	Agaricomycetes	Agaricales	Lyophyllaceae	Asterophora	Asterophora lycoperdoides		SPECIES	Asterophora lycoperdoides (Bull.) Ditmar	Asterophora lycoperdoides		CA		Ontario	PRESENT		28eb1a3f-1c15-4a95-931a-4af90ecb574d	45.432287	-76.320137	4.0						2024-08-28T12:40:30	28	8	2024	9210867	9210867	HUMAN_OBSERVATION	iNaturalist	Observations	238521308		Keith Seifert	2024-08-29T01:26:19	CC0_1_0	Keith Seifert	Keith Seifert			2025-01-14T12:52:31.031Z	StillImage	COORDINATE_ROUNDED;CONTINENT_DERIVED_FROM_COORDINATES;TAXON_MATCH_TAXON_ID_IGNORED
4925887615	50c9509d-22c7-4a22-a47d-8c48425ef4a7	https://www.inaturalist.org/observations/235634644	Fungi	Basidiomycota	Agaricomycetes	Agaricales	Lyophyllaceae	Asterophora	Asterophora lycoperdoides		SPECIES	Asterophora lycoperdoides (Bull.) Ditmar	Asterophora lycoperdoides		CA		Québec	PRESENT		28eb1a3f-1c15-4a95-931a-4af90ecb574d	45.872811	-76.4339	501.0						2024-08-06T14:05	6	8	2024	9210867	9210867	HUMAN_OBSERVATION	iNaturalist	Observations	235634644		L Joan Heyding	2024-08-14T00:13:46	CC_BY_NC_4_0	L Joan Heyding	L Joan Heyding			2025-01-14T13:42:49.418Z	StillImage	COORDINATE_ROUNDED;CONTINENT_DERIVED_FROM_COORDINATES;TAXON_MATCH_TAXON_ID_IGNORED
4923979757	50c9509d-22c7-4a22-a47d-8c48425ef4a7	https://www.inaturalist.org/observations/234993750	Fungi	Basidiomycota	Agaricomycetes	Agaricales	Lyophyllaceae	Asterophora	Asterophora lycoperdoides		SPECIES	Asterophora lycoperdoides (Bull.) Ditmar	Asterophora lycoperdoides		CA		Québec	PRESENT		28eb1a3f-1c15-4a95-931a-4af90ecb574d	45.425506	-75.83256	391.0						2024-08-10T10:12	10	8	2024	9210867	9210867	HUMAN_OBSERVATION	iNaturalist	Observations	234993750		L Joan Heyding	2024-08-10T23:35:14	CC_BY_NC_4_0	L Joan Heyding	L Joan Heyding			2025-01-14T12:51:11.602Z	StillImage	COORDINATE_ROUNDED;CONTINENT_DERIVED_FROM_COORDINATES;TAXON_MATCH_TAXON_ID_IGNORED
4908816431	50c9509d-22c7-4a22-a47d-8c48425ef4a7	https://www.inaturalist.org/observations/227628675	Fungi	Basidiomycota	Agaricomycetes	Agaricales	Lyophyllaceae	Asterophora	Asterophora lycoperdoides		SPECIES	Asterophora lycoperdoides (Bull.) Ditmar	Asterophora lycoperdoides		CA		Québec	PRESENT		28eb1a3f-1c15-4a95-931a-4af90ecb574d	48.48647	-71.210053	4.0						2024-07-06T15:26:42	6	7	2024	9210867	9210867	HUMAN_OBSERVATION	iNaturalist	Observations	227628675		eric_wilmot	2024-07-06T22:01:33	CC_BY_NC_4_0	eric_wilmot	eric_wilmot			2025-01-14T13:41:48.833Z	StillImage	COORDINATE_ROUNDED;CONTINENT_DERIVED_FROM_COORDINATES;TAXON_MATCH_TAXON_ID_IGNORED
4535757707	50c9509d-22c7-4a22-a47d-8c48425ef4a7	https://www.inaturalist.org/observations/201116113	Fungi	Basidiomycota	Agaricomycetes	Agaricales	Lyophyllaceae	Asterophora	Asterophora lycoperdoides		SPECIES	Asterophora lycoperdoides (Bull.) Ditmar	Asterophora lycoperdoides		CA		Québec	PRESENT		28eb1a3f-1c15-4a95-931a-4af90ecb574d	46.91496	-71.236519	61.0						2023-08-06	6	8	2023	9210867	9210867	HUMAN_OBSERVATION	iNaturalist	Observations	201116113		Masaki Hamaguchi	2024-03-03T16:10:27	CC_BY_NC_4_0	Christian Grenier	Christian Grenier			2025-01-14T13:37:36.135Z	StillImage	COORDINATE_ROUNDED;CONTINENT_DERIVED_FROM_COORDINATES;TAXON_MATCH_TAXON_ID_IGNORED
4424633577	50c9509d-22c7-4a22-a47d-8c48425ef4a7	https://www.inaturalist.org/observations/185848231	Fungi	Basidiomycota	Agaricomycetes	Agaricales	Lyophyllaceae	Asterophora	Asterophora lycoperdoides		SPECIES	Asterophora lycoperdoides (Bull.) Ditmar	Asterophora lycoperdoides		CA		Prince Edward Island	PRESENT		28eb1a3f-1c15-4a95-931a-4af90ecb574d	46.906681	-64.119258	20.0						2023-10-01T12:35	1	10	2023	9210867	9210867	HUMAN_OBSERVATION	iNaturalist	Observations	185848231		Rosemary Curley	2023-10-02T02:23:42	CC_BY_NC_4_0	Rosemary Curley	Rosemary Curley			2025-01-14T13:29:46.180Z	StillImage	COORDINATE_ROUNDED;CONTINENT_DERIVED_FROM_COORDINATES;TAXON_MATCH_TAXON_ID_IGNORED
4424524532	50c9509d-22c7-4a22-a47d-8c48425ef4a7	https://www.inaturalist.org/observations/179041995	Fungi	Basidiomycota	Agaricomycetes	Agaricales	Lyophyllaceae	Asterophora	Asterophora lycoperdoides		SPECIES	Asterophora lycoperdoides (Bull.) Ditmar	Asterophora lycoperdoides		CA		Québec	PRESENT		28eb1a3f-1c15-4a95-931a-4af90ecb574d	45.944347	-75.884955	52.0						2023-08-17T18:50:30	17	8	2023	9210867	9210867	HUMAN_OBSERVATION	iNaturalist	Observations	179041995		bastijau	2023-08-18T20:24:23	CC_BY_NC_4_0	bastijau	bastijau			2025-01-14T13:31:49.146Z	StillImage	COORDINATE_ROUNDED;CONTINENT_DERIVED_FROM_COORDINATES;TAXON_MATCH_TAXON_ID_IGNORED
4421195408	50c9509d-22c7-4a22-a47d-8c48425ef4a7	https://www.inaturalist.org/observations/136372353	Fungi	Basidiomycota	Agaricomycetes	Agaricales	Lyophyllaceae	Asterophora	Asterophora lycoperdoides		SPECIES	Asterophora lycoperdoides (Bull.) Ditmar	Asterophora lycoperdoides		CA		Québec	PRESENT		28eb1a3f-1c15-4a95-931a-4af90ecb574d	46.017976	-73.427791	977.0						2022-09-17T01:26	17	9	2022	9210867	9210867	HUMAN_OBSERVATION	iNaturalist	Observations	136372353		maricel patino	2022-09-25T02:16:37	CC_BY_NC_4_0	maricel patino	maricel patino			2025-01-14T13:31:22.075Z	StillImage	COORDINATE_ROUNDED;CONTINENT_DERIVED_FROM_COORDINATES;TAXON_MATCH_TAXON_ID_IGNORED
4421143360	50c9509d-22c7-4a22-a47d-8c48425ef4a7	https://www.inaturalist.org/observations/137796618	Fungi	Basidiomycota	Agaricomycetes	Agaricales	Lyophyllaceae	Asterophora	Asterophora lycoperdoides		SPECIES	Asterophora lycoperdoides (Bull.) Ditmar	Asterophora lycoperdoides		CA		Québec	PRESENT		28eb1a3f-1c15-4a95-931a-4af90ecb574d	45.874149	-76.583254	27095.0						2022-10-04T14:28	4	10	2022	9210867	9210867	HUMAN_OBSERVATION	iNaturalist	Observations	137796618		L Joan Heyding	2022-10-06T21:26:17	CC_BY_NC_4_0	L Joan Heyding	L Joan Heyding			2025-01-14T13:25:44.882Z	StillImage	COORDINATE_ROUNDED;CONTINENT_DERIVED_FROM_COORDINATES;TAXON_MATCH_TAXON_ID_IGNORED
4421129482	50c9509d-22c7-4a22-a47d-8c48425ef4a7	https://www.inaturalist.org/observations/136500274	Fungi	Basidiomycota	Agaricomycetes	Agaricales	Lyophyllaceae	Asterophora	Asterophora lycoperdoides		SPECIES	Asterophora lycoperdoides (Bull.) Ditmar	Asterophora lycoperdoides		CA		Ontario	PRESENT		28eb1a3f-1c15-4a95-931a-4af90ecb574d	45.171192	-75.945992							2022-09-23T13:13:32	23	9	2022	9210867	9210867	HUMAN_OBSERVATION	iNaturalist	Observations	136500274		Alexis Williams	2022-09-25T22:26:59	CC_BY_4_0	Alexis Williams	Alexis Williams			2025-01-14T12:31:46.105Z	StillImage	COORDINATE_ROUNDED;CONTINENT_DERIVED_FROM_COORDINATES;TAXON_MATCH_TAXON_ID_IGNORED
4421074369	50c9509d-22c7-4a22-a47d-8c48425ef4a7	https://www.inaturalist.org/observations/136372359	Fungi	Basidiomycota	Agaricomycetes	Agaricales	Lyophyllaceae	Asterophora	Asterophora lycoperdoides		SPECIES	Asterophora lycoperdoides (Bull.) Ditmar	Asterophora lycoperdoides		CA		Québec	PRESENT		28eb1a3f-1c15-4a95-931a-4af90ecb574d	46.019407	-73.425731	977.0						2022-09-17T01:29	17	9	2022	9210867	9210867	HUMAN_OBSERVATION	iNaturalist	Observations	136372359		maricel patino	2022-09-25T02:16:38	CC_BY_NC_4_0	maricel patino	maricel patino			2025-01-14T13:32:35.360Z	StillImage	COORDINATE_ROUNDED;CONTINENT_DERIVED_FROM_COORDINATES;TAXON_MATCH_TAXON_ID_IGNORED
4421022387	50c9509d-22c7-4a22-a47d-8c48425ef4a7	https://www.inaturalist.org/observations/136372357	Fungi	Basidiomycota	Agaricomycetes	Agaricales	Lyophyllaceae	Asterophora	Asterophora lycoperdoides		SPECIES	Asterophora lycoperdoides (Bull.) Ditmar	Asterophora lycoperdoides		CA		Québec	PRESENT		28eb1a3f-1c15-4a95-931a-4af90ecb574d	46.019407	-73.426417	977.0						2022-09-17T01:28	17	9	2022	9210867	9210867	HUMAN_OBSERVATION	iNaturalist	Observations	136372357		maricel patino	2022-09-25T02:16:38	CC_BY_NC_4_0	maricel patino	maricel patino			2025-01-14T12:31:43.474Z	StillImage	COORDINATE_ROUNDED;CONTINENT_DERIVED_FROM_COORDINATES;TAXON_MATCH_TAXON_ID_IGNORED
4420884357	50c9509d-22c7-4a22-a47d-8c48425ef4a7	https://www.inaturalist.org/observations/96549489	Fungi	Basidiomycota	Agaricomycetes	Agaricales	Lyophyllaceae	Asterophora	Asterophora lycoperdoides		SPECIES	Asterophora lycoperdoides (Bull.) Ditmar	Asterophora lycoperdoides		CA		Québec	PRESENT		28eb1a3f-1c15-4a95-931a-4af90ecb574d	45.533382	-75.820061							2021-09-28T16:35:15	28	9	2021	9210867	9210867	HUMAN_OBSERVATION	iNaturalist	Observations	96549489		Alexis Williams	2021-09-29T04:13:10	CC_BY_4_0	Alexis Williams	Alexis Williams			2025-01-14T12:24:12.043Z	StillImage	COORDINATE_ROUNDED;CONTINENT_DERIVED_FROM_COORDINATES;TAXON_MATCH_TAXON_ID_IGNORED
4420813415	50c9509d-22c7-4a22-a47d-8c48425ef4a7	https://www.inaturalist.org/observations/136372354	Fungi	Basidiomycota	Agaricomycetes	Agaricales	Lyophyllaceae	Asterophora	Asterophora lycoperdoides		SPECIES	Asterophora lycoperdoides (Bull.) Ditmar	Asterophora lycoperdoides		CA		Québec	PRESENT		28eb1a3f-1c15-4a95-931a-4af90ecb574d	46.019407	-73.428477	977.0						2022-09-17T01:26	17	9	2022	9210867	9210867	HUMAN_OBSERVATION	iNaturalist	Observations	136372354		maricel patino	2022-09-25T02:16:37	CC_BY_NC_4_0	maricel patino	maricel patino			2025-01-14T13:31:42.080Z	StillImage	COORDINATE_ROUNDED;CONTINENT_DERIVED_FROM_COORDINATES;TAXON_MATCH_TAXON_ID_IGNORED
4416920428	50c9509d-22c7-4a22-a47d-8c48425ef4a7	https://www.inaturalist.org/observations/175643191	Fungi	Basidiomycota	Agaricomycetes	Agaricales	Lyophyllaceae	Asterophora	Asterophora lycoperdoides		SPECIES	Asterophora lycoperdoides (Bull.) Ditmar	Asterophora lycoperdoides		CA		Ontario	PRESENT		28eb1a3f-1c15-4a95-931a-4af90ecb574d	45.118253	-77.856797	41.0						2023-07-29T13:22:27	29	7	2023	9210867	9210867	HUMAN_OBSERVATION	iNaturalist	Observations	175643191		herexton	2023-07-30T00:34:53	CC_BY_NC_4_0	herexton	herexton			2025-01-14T12:40:52.527Z	StillImage	COORDINATE_ROUNDED;CONTINENT_DERIVED_FROM_COORDINATES;TAXON_MATCH_TAXON_ID_IGNORED
4416885700	50c9509d-22c7-4a22-a47d-8c48425ef4a7	https://www.inaturalist.org/observations/182260136	Fungi	Basidiomycota	Agaricomycetes	Agaricales	Lyophyllaceae	Asterophora	Asterophora lycoperdoides		SPECIES	Asterophora lycoperdoides (Bull.) Ditmar	Asterophora lycoperdoides		CA		Ontario	PRESENT		28eb1a3f-1c15-4a95-931a-4af90ecb574d	45.447791	-75.686434	31.0						2023-08-03T16:39	3	8	2023	9210867	9210867	HUMAN_OBSERVATION	iNaturalist	Observations	182260136		christine123	2023-09-08T00:17:29	CC_BY_4_0	christine123	christine123			2025-01-14T13:32:41.755Z	StillImage	COORDINATE_ROUNDED;CONTINENT_DERIVED_FROM_COORDINATES;TAXON_MATCH_TAXON_ID_IGNORED
4416791617	50c9509d-22c7-4a22-a47d-8c48425ef4a7	https://www.inaturalist.org/observations/176208369	Fungi	Basidiomycota	Agaricomycetes	Agaricales	Lyophyllaceae	Asterophora	Asterophora lycoperdoides		SPECIES	Asterophora lycoperdoides (Bull.) Ditmar	Asterophora lycoperdoides		CA		Ontario	PRESENT		28eb1a3f-1c15-4a95-931a-4af90ecb574d	45.447835	-75.686247	2.0						2023-08-01T12:46	1	8	2023	9210867	9210867	HUMAN_OBSERVATION	iNaturalist	Observations	176208369		Nicolas Schwab	2023-08-02T01:45:17	CC_BY_4_0	christine123	christine123			2025-01-14T12:40:05.667Z	StillImage	COORDINATE_ROUNDED;CONTINENT_DERIVED_FROM_COORDINATES;TAXON_MATCH_TAXON_ID_IGNORED
4416779593	50c9509d-22c7-4a22-a47d-8c48425ef4a7	https://www.inaturalist.org/observations/175841288	Fungi	Basidiomycota	Agaricomycetes	Agaricales	Lyophyllaceae	Asterophora	Asterophora lycoperdoides		SPECIES	Asterophora lycoperdoides (Bull.) Ditmar	Asterophora lycoperdoides		CA		Québec	PRESENT		28eb1a3f-1c15-4a95-931a-4af90ecb574d	45.507058	-73.6129	16.0						2023-07-22T17:15:30	22	7	2023	9210867	9210867	HUMAN_OBSERVATION	iNaturalist	Observations	175841288		nikapshe	2023-07-30T23:47:34	CC_BY_NC_4_0	nikapshe	nikapshe			2025-01-14T13:31:27.938Z	StillImage	COORDINATE_ROUNDED;CONTINENT_DERIVED_FROM_COORDINATES;TAXON_MATCH_TAXON_ID_IGNORED
4416778624	50c9509d-22c7-4a22-a47d-8c48425ef4a7	https://www.inaturalist.org/observations/176810713	Fungi	Basidiomycota	Agaricomycetes	Agaricales	Lyophyllaceae	Asterophora	Asterophora lycoperdoides		SPECIES	Asterophora lycoperdoides (Bull.) Ditmar	Asterophora lycoperdoides		CA		New Brunswick	PRESENT		28eb1a3f-1c15-4a95-931a-4af90ecb574d	46.781622	-64.988306	61.0						2023-08-01T16:17	1	8	2023	9210867	9210867	HUMAN_OBSERVATION	iNaturalist	Observations	176810713		em_kn	2023-08-05T17:50:58	CC_BY_NC_4_0	em_kn	em_kn			2025-01-14T13:26:14.466Z	StillImage	COORDINATE_ROUNDED;CONTINENT_DERIVED_FROM_COORDINATES;TAXON_MATCH_TAXON_ID_IGNORED
4416776538	50c9509d-22c7-4a22-a47d-8c48425ef4a7	https://www.inaturalist.org/observations/176810719	Fungi	Basidiomycota	Agaricomycetes	Agaricales	Lyophyllaceae	Asterophora	Asterophora lycoperdoides		SPECIES	Asterophora lycoperdoides (Bull.) Ditmar	Asterophora lycoperdoides		CA		New Brunswick	PRESENT		28eb1a3f-1c15-4a95-931a-4af90ecb574d	46.781245	-64.988928	61.0						2023-08-01T16:17	1	8	2023	9210867	9210867	HUMAN_OBSERVATION	iNaturalist	Observations	176810719		em_kn	2023-08-05T17:51:00	CC_BY_NC_4_0	em_kn	em_kn			2025-01-14T13:31:59.270Z	StillImage	COORDINATE_ROUNDED;CONTINENT_DERIVED_FROM_COORDINATES;TAXON_MATCH_TAXON_ID_IGNORED
4416764742	50c9509d-22c7-4a22-a47d-8c48425ef4a7	https://www.inaturalist.org/observations/182260140	Fungi	Basidiomycota	Agaricomycetes	Agaricales	Lyophyllaceae	Asterophora	Asterophora lycoperdoides		SPECIES	Asterophora lycoperdoides (Bull.) Ditmar	Asterophora lycoperdoides		CA		Ontario	PRESENT		28eb1a3f-1c15-4a95-931a-4af90ecb574d	45.447812	-75.686467	4.0						2023-08-03T16:39	3	8	2023	9210867	9210867	HUMAN_OBSERVATION	iNaturalist	Observations	182260140		christine123	2023-09-08T00:17:30	CC_BY_4_0	christine123	christine123			2025-01-14T13:27:10.721Z	StillImage	COORDINATE_ROUNDED;CONTINENT_DERIVED_FROM_COORDINATES;TAXON_MATCH_TAXON_ID_IGNORED
4416731436	50c9509d-22c7-4a22-a47d-8c48425ef4a7	https://www.inaturalist.org/observations/176208372	Fungi	Basidiomycota	Agaricomycetes	Agaricales	Lyophyllaceae	Asterophora	Asterophora lycoperdoides		SPECIES	Asterophora lycoperdoides (Bull.) Ditmar	Asterophora lycoperdoides		CA		Ontario	PRESENT		28eb1a3f-1c15-4a95-931a-4af90ecb574d	45.447832	-75.686246	2.0						2023-07-31T17:51	31	7	2023	9210867	9210867	HUMAN_OBSERVATION	iNaturalist	Observations	176208372		Nicolas Schwab	2023-08-02T01:45:24	CC_BY_4_0	christine123	christine123			2025-01-14T12:37:16.101Z	StillImage	COORDINATE_ROUNDED;CONTINENT_DERIVED_FROM_COORDINATES;TAXON_MATCH_TAXON_ID_IGNORED
4416715494	50c9509d-22c7-4a22-a47d-8c48425ef4a7	https://www.inaturalist.org/observations/175652869	Fungi	Basidiomycota	Agaricomycetes	Agaricales	Lyophyllaceae	Asterophora	Asterophora lycoperdoides		SPECIES	Asterophora lycoperdoides (Bull.) Ditmar	Asterophora lycoperdoides		CA		Québec	PRESENT		28eb1a3f-1c15-4a95-931a-4af90ecb574d	45.490262	-75.625313	5.0						2023-07-29T10:36:41	29	7	2023	9210867	9210867	HUMAN_OBSERVATION	iNaturalist	Observations	175652869		Lynn Ovenden	2023-07-30T01:58:46	CC_BY_NC_4_0	Lynn Ovenden	Lynn Ovenden			2025-01-14T12:39:41.415Z	StillImage	COORDINATE_ROUNDED;CONTINENT_DERIVED_FROM_COORDINATES;TAXON_MATCH_TAXON_ID_IGNORED
4413671957	50c9509d-22c7-4a22-a47d-8c48425ef4a7	https://www.inaturalist.org/observations/182893309	Fungi	Basidiomycota	Agaricomycetes	Agaricales	Lyophyllaceae	Asterophora	Asterophora lycoperdoides		SPECIES	Asterophora lycoperdoides (Bull.) Ditmar	Asterophora lycoperdoides		CA		Ontario	PRESENT		28eb1a3f-1c15-4a95-931a-4af90ecb574d	45.457027	-75.548754	51.0						2023-09-10T15:18	10	9	2023	9210867	9210867	HUMAN_OBSERVATION	iNaturalist	Observations	182893309		jonathan_mack	2023-09-12T01:50:29	CC_BY_NC_4_0	jonathan_mack	jonathan_mack			2025-01-14T12:41:24.989Z	StillImage	COORDINATE_ROUNDED;CONTINENT_DERIVED_FROM_COORDINATES;TAXON_MATCH_TAXON_ID_IGNORED
4405207167	50c9509d-22c7-4a22-a47d-8c48425ef4a7	https://www.inaturalist.org/observations/179842113	Fungi	Basidiomycota	Agaricomycetes	Agaricales	Lyophyllaceae	Asterophora	Asterophora lycoperdoides		SPECIES	Asterophora lycoperdoides (Bull.) Ditmar	Asterophora lycoperdoides		CA		Québec	PRESENT		28eb1a3f-1c15-4a95-931a-4af90ecb574d	45.465144	-74.079868	10.0						2023-07-14T12:35	14	7	2023	9210867	9210867	HUMAN_OBSERVATION	iNaturalist	Observations	179842113		Chantal Gauthier	2023-08-23T16:00:42	CC_BY_NC_4_0	Chantal Gauthier	Chantal Gauthier			2025-01-14T13:26:35.236Z	StillImage	COORDINATE_ROUNDED;CONTINENT_DERIVED_FROM_COORDINATES;TAXON_MATCH_TAXON_ID_IGNORED
4405129171	50c9509d-22c7-4a22-a47d-8c48425ef4a7	https://www.inaturalist.org/observations/179842112	Fungi	Basidiomycota	Agaricomycetes	Agaricales	Lyophyllaceae	Asterophora	Asterophora lycoperdoides		SPECIES	Asterophora lycoperdoides (Bull.) Ditmar	Asterophora lycoperdoides		CA		Québec	PRESENT		28eb1a3f-1c15-4a95-931a-4af90ecb574d	45.465144	-74.079868	1769.0						2023-07-17T17:40	17	7	2023	9210867	9210867	HUMAN_OBSERVATION	iNaturalist	Observations	179842112		Chantal Gauthier	2023-08-23T16:00:42	CC_BY_NC_4_0	Chantal Gauthier	Chantal Gauthier			2025-01-14T13:28:41.723Z	StillImage	COORDINATE_ROUNDED;CONTINENT_DERIVED_FROM_COORDINATES;TAXON_MATCH_TAXON_ID_IGNORED
4400265278	50c9509d-22c7-4a22-a47d-8c48425ef4a7	https://www.inaturalist.org/observations/179265691	Fungi	Basidiomycota	Agaricomycetes	Agaricales	Lyophyllaceae	Asterophora	Asterophora lycoperdoides		SPECIES	Asterophora lycoperdoides (Bull.) Ditmar	Asterophora lycoperdoides		CA		Ontario	PRESENT		28eb1a3f-1c15-4a95-931a-4af90ecb574d	45.562062	-75.27368							2023-08-19T15:07	19	8	2023	9210867	9210867	HUMAN_OBSERVATION	iNaturalist	Observations	179265691		jonathan_mack	2023-08-20T01:50:07	CC_BY_NC_4_0	jonathan_mack	jonathan_mack			2025-01-14T12:40:13.758Z	StillImage	COORDINATE_ROUNDED;CONTINENT_DERIVED_FROM_COORDINATES;TAXON_MATCH_TAXON_ID_IGNORED
4177182967	50c9509d-22c7-4a22-a47d-8c48425ef4a7	https://www.inaturalist.org/observations/176208578	Fungi	Basidiomycota	Agaricomycetes	Agaricales	Lyophyllaceae	Asterophora	Asterophora lycoperdoides		SPECIES	Asterophora lycoperdoides (Bull.) Ditmar	Asterophora lycoperdoides		CA		Ontario	PRESENT		28eb1a3f-1c15-4a95-931a-4af90ecb574d	45.447821	-75.686234	2.0						2023-08-01T17:38	1	8	2023	9210867	9210867	HUMAN_OBSERVATION	iNaturalist	Observations	176208578		Tom May	2023-08-02T12:46:31	CC_BY_4_0	christine123	christine123			2025-01-14T13:31:39.529Z	StillImage	COORDINATE_ROUNDED;CONTINENT_DERIVED_FROM_COORDINATES;TAXON_MATCH_TAXON_ID_IGNORED
4172065413	50c9509d-22c7-4a22-a47d-8c48425ef4a7	https://www.inaturalist.org/observations/176353499	Fungi	Basidiomycota	Agaricomycetes	Agaricales	Lyophyllaceae	Asterophora	Asterophora lycoperdoides		SPECIES	Asterophora lycoperdoides (Bull.) Ditmar	Asterophora lycoperdoides		CA		Québec	PRESENT		28eb1a3f-1c15-4a95-931a-4af90ecb574d	45.550371	-73.46919	831.0						2023-08-02T08:49	2	8	2023	9210867	9210867	HUMAN_OBSERVATION	iNaturalist	Observations	176353499		Antoine Fortin	2023-08-02T23:25:22	CC_BY_NC_4_0	Antoine Fortin	Antoine Fortin			2025-01-14T13:31:44.132Z	StillImage	COORDINATE_ROUNDED;CONTINENT_DERIVED_FROM_COORDINATES;TAXON_MATCH_TAXON_ID_IGNORED
4172017036	50c9509d-22c7-4a22-a47d-8c48425ef4a7	https://www.inaturalist.org/observations/176315723	Fungi	Basidiomycota	Agaricomycetes	Agaricales	Lyophyllaceae	Asterophora	Asterophora lycoperdoides		SPECIES	Asterophora lycoperdoides (Bull.) Ditmar	Asterophora lycoperdoides		CA		Québec	PRESENT		28eb1a3f-1c15-4a95-931a-4af90ecb574d	45.493973	-75.625605	6.0						2023-08-02T13:02:36	2	8	2023	9210867	9210867	HUMAN_OBSERVATION	iNaturalist	Observations	176315723		steezydan	2023-08-02T18:56:32	CC_BY_NC_4_0	steezydan	steezydan			2025-01-14T12:38:16.713Z	StillImage	COORDINATE_ROUNDED;CONTINENT_DERIVED_FROM_COORDINATES;TAXON_MATCH_TAXON_ID_IGNORED
4171848933	50c9509d-22c7-4a22-a47d-8c48425ef4a7	https://www.inaturalist.org/observations/175634425	Fungi	Basidiomycota	Agaricomycetes	Agaricales	Lyophyllaceae	Asterophora	Asterophora lycoperdoides		SPECIES	Asterophora lycoperdoides (Bull.) Ditmar	Asterophora lycoperdoides		CA		Québec	PRESENT		28eb1a3f-1c15-4a95-931a-4af90ecb574d	45.490119	-75.623935	416.0						2023-07-29T10:44	29	7	2023	9210867	9210867	HUMAN_OBSERVATION	iNaturalist	Observations	175634425		L Joan Heyding	2023-07-29T23:29:12	CC_BY_NC_4_0	L Joan Heyding	L Joan Heyding			2025-01-14T12:39:57.517Z	StillImage	COORDINATE_ROUNDED;CONTINENT_DERIVED_FROM_COORDINATES;TAXON_MATCH_TAXON_ID_IGNORED
4171749027	50c9509d-22c7-4a22-a47d-8c48425ef4a7	https://www.inaturalist.org/observations/175634414	Fungi	Basidiomycota	Agaricomycetes	Agaricales	Lyophyllaceae	Asterophora	Asterophora lycoperdoides		SPECIES	Asterophora lycoperdoides (Bull.) Ditmar	Asterophora lycoperdoides		CA		Québec	PRESENT		28eb1a3f-1c15-4a95-931a-4af90ecb574d	45.49045	-75.625414	20.0						2023-07-29T10:33	29	7	2023	9210867	9210867	HUMAN_OBSERVATION	iNaturalist	Observations	175634414		jonathan_mack	2023-07-29T23:29:09	CC_BY_NC_4_0	jonathan_mack	jonathan_mack			2025-01-14T13:31:59.260Z	StillImage	COORDINATE_ROUNDED;CONTINENT_DERIVED_FROM_COORDINATES;TAXON_MATCH_TAXON_ID_IGNORED
4171515581	50c9509d-22c7-4a22-a47d-8c48425ef4a7	https://www.inaturalist.org/observations/175073021	Fungi	Basidiomycota	Agaricomycetes	Agaricales	Lyophyllaceae	Asterophora	Asterophora lycoperdoides		SPECIES	Asterophora lycoperdoides (Bull.) Ditmar	Asterophora lycoperdoides		CA		Ontario	PRESENT		28eb1a3f-1c15-4a95-931a-4af90ecb574d	45.43412	-76.328688	4.0						2023-07-26T10:06:11	26	7	2023	9210867	9210867	HUMAN_OBSERVATION	iNaturalist	Observations	175073021		Keith Seifert	2023-07-26T17:52:19	CC0_1_0	Keith Seifert	Keith Seifert			2025-01-14T12:39:20.921Z	StillImage	COORDINATE_ROUNDED;CONTINENT_DERIVED_FROM_COORDINATES;TAXON_MATCH_TAXON_ID_IGNORED
4171334000	50c9509d-22c7-4a22-a47d-8c48425ef4a7	https://www.inaturalist.org/observations/175848361	Fungi	Basidiomycota	Agaricomycetes	Agaricales	Lyophyllaceae	Asterophora	Asterophora lycoperdoides		SPECIES	Asterophora lycoperdoides (Bull.) Ditmar	Asterophora lycoperdoides		CA		Québec	PRESENT		28eb1a3f-1c15-4a95-931a-4af90ecb574d	45.507617	-73.612762	12.0						2023-07-22T17:26:54	22	7	2023	9210867	9210867	HUMAN_OBSERVATION	iNaturalist	Observations	175848361		nikapshe	2023-07-31T00:30:56	CC_BY_NC_4_0	nikapshe	nikapshe			2025-01-14T12:39:49.808Z	StillImage	COORDINATE_ROUNDED;CONTINENT_DERIVED_FROM_COORDINATES;TAXON_MATCH_TAXON_ID_IGNORED
3923292703	50c9509d-22c7-4a22-a47d-8c48425ef4a7	https://www.inaturalist.org/observations/136372358	Fungi	Basidiomycota	Agaricomycetes	Agaricales	Lyophyllaceae	Asterophora	Asterophora lycoperdoides		SPECIES	Asterophora lycoperdoides (Bull.) Ditmar	Asterophora lycoperdoides		CA		Québec	PRESENT		28eb1a3f-1c15-4a95-931a-4af90ecb574d	46.020361	-73.425731	977.0						2022-09-17T01:28	17	9	2022	9210867	9210867	HUMAN_OBSERVATION	iNaturalist	Observations	136372358		maricel patino	2022-09-25T02:16:38	CC_BY_NC_4_0	maricel patino	maricel patino			2025-01-14T12:31:42.147Z	StillImage	COORDINATE_ROUNDED;CONTINENT_DERIVED_FROM_COORDINATES;TAXON_MATCH_TAXON_ID_IGNORED
3903416173	50c9509d-22c7-4a22-a47d-8c48425ef4a7	https://www.inaturalist.org/observations/134535179	Fungi	Basidiomycota	Agaricomycetes	Agaricales	Lyophyllaceae	Asterophora	Asterophora lycoperdoides		SPECIES	Asterophora lycoperdoides (Bull.) Ditmar	Asterophora lycoperdoides		CA		Ontario	PRESENT		28eb1a3f-1c15-4a95-931a-4af90ecb574d	45.458712	-76.26242	10.0						2022-09-10T12:27:36	10	9	2022	9210867	9210867	HUMAN_OBSERVATION	iNaturalist	Observations	134535179		Lynn Ovenden	2022-09-11T04:28:58	CC_BY_NC_4_0	Lynn Ovenden	Lynn Ovenden			2025-01-14T12:32:09.817Z	StillImage	COORDINATE_ROUNDED;CONTINENT_DERIVED_FROM_COORDINATES;TAXON_MATCH_TAXON_ID_IGNORED
3902927234	50c9509d-22c7-4a22-a47d-8c48425ef4a7	https://www.inaturalist.org/observations/132342023	Fungi	Basidiomycota	Agaricomycetes	Agaricales	Lyophyllaceae	Asterophora	Asterophora lycoperdoides		SPECIES	Asterophora lycoperdoides (Bull.) Ditmar	Asterophora lycoperdoides		CA		Ontario	PRESENT		28eb1a3f-1c15-4a95-931a-4af90ecb574d	45.403927	-75.569045							2022-08-25T11:48	25	8	2022	9210867	9210867	HUMAN_OBSERVATION	iNaturalist	Observations	132342023		Igor Khomenko	2022-08-25T23:25:36	CC_BY_NC_4_0	Igor Khomenko	Igor Khomenko			2025-01-14T12:31:17.662Z	StillImage	COORDINATE_ROUNDED;CONTINENT_DERIVED_FROM_COORDINATES;TAXON_MATCH_TAXON_ID_IGNORED
3873369590	50c9509d-22c7-4a22-a47d-8c48425ef4a7	https://www.inaturalist.org/observations/126558594	Fungi	Basidiomycota	Agaricomycetes	Agaricales	Lyophyllaceae	Asterophora	Asterophora lycoperdoides		SPECIES	Asterophora lycoperdoides (Bull.) Ditmar	Asterophora lycoperdoides		CA		Ontario	PRESENT		28eb1a3f-1c15-4a95-931a-4af90ecb574d	45.409032	-75.568285	73.0						2022-07-08T11:34	8	7	2022	9210867	9210867	HUMAN_OBSERVATION	iNaturalist	Observations	126558594		slavi	2022-07-16T22:59:58	CC_BY_NC_4_0	slavi	slavi			2025-01-14T13:23:51.510Z	StillImage	COORDINATE_ROUNDED;CONTINENT_DERIVED_FROM_COORDINATES;TAXON_MATCH_TAXON_ID_IGNORED
3859953746	50c9509d-22c7-4a22-a47d-8c48425ef4a7	https://www.inaturalist.org/observations/89016887	Fungi	Basidiomycota	Agaricomycetes	Agaricales	Lyophyllaceae	Asterophora	Asterophora lycoperdoides		SPECIES	Asterophora lycoperdoides (Bull.) Ditmar	Asterophora lycoperdoides		CA		Québec	PRESENT		28eb1a3f-1c15-4a95-931a-4af90ecb574d	45.457592	-75.823486							2021-07-28T15:05:30	28	7	2021	9210867	9210867	HUMAN_OBSERVATION	iNaturalist	Observations	89016887		Alexis Williams	2021-07-29T02:37:18	CC_BY_4_0	Alexis Williams	Alexis Williams			2025-01-14T13:13:28.866Z	StillImage	COORDINATE_ROUNDED;CONTINENT_DERIVED_FROM_COORDINATES;TAXON_MATCH_TAXON_ID_IGNORED
3858246743	50c9509d-22c7-4a22-a47d-8c48425ef4a7	https://www.inaturalist.org/observations/89422150	Fungi	Basidiomycota	Agaricomycetes	Agaricales	Lyophyllaceae	Asterophora	Asterophora lycoperdoides		SPECIES	Asterophora lycoperdoides (Bull.) Ditmar	Asterophora lycoperdoides		CA		Québec	PRESENT		28eb1a3f-1c15-4a95-931a-4af90ecb574d	45.491418	-75.62564	15.0						2021-07-31T11:41	31	7	2021	9210867	9210867	HUMAN_OBSERVATION	iNaturalist	Observations	89422150		jonathan_mack	2021-08-01T02:13:24	CC_BY_NC_4_0	jonathan_mack	jonathan_mack			2025-01-14T12:22:12.212Z	StillImage	COORDINATE_ROUNDED;CONTINENT_DERIVED_FROM_COORDINATES;TAXON_MATCH_TAXON_ID_IGNORED
3343971573	50c9509d-22c7-4a22-a47d-8c48425ef4a7	https://www.inaturalist.org/observations/89422149	Fungi	Basidiomycota	Agaricomycetes	Agaricales	Lyophyllaceae	Asterophora	Asterophora lycoperdoides		SPECIES	Asterophora lycoperdoides (Bull.) Ditmar	Asterophora lycoperdoides		CA		Québec	PRESENT		28eb1a3f-1c15-4a95-931a-4af90ecb574d	45.491508	-75.625532	15.0						2021-07-31T11:37	31	7	2021	9210867	9210867	HUMAN_OBSERVATION	iNaturalist	Observations	89422149		jonathan_mack	2021-08-01T02:13:24	CC_BY_NC_4_0	jonathan_mack	jonathan_mack			2025-01-14T12:22:27.553Z	StillImage	COORDINATE_ROUNDED;CONTINENT_DERIVED_FROM_COORDINATES;TAXON_MATCH_TAXON_ID_IGNORED
3343932591	50c9509d-22c7-4a22-a47d-8c48425ef4a7	https://www.inaturalist.org/observations/89268515	Fungi	Basidiomycota	Agaricomycetes	Agaricales	Lyophyllaceae	Asterophora	Asterophora lycoperdoides		SPECIES	Asterophora lycoperdoides (Bull.) Ditmar	Asterophora lycoperdoides		CA		Québec	PRESENT		28eb1a3f-1c15-4a95-931a-4af90ecb574d	45.457592	-75.823486							2021-07-30T17:22:47	30	7	2021	9210867	9210867	HUMAN_OBSERVATION	iNaturalist	Observations	89268515		Alexis Williams	2021-07-31T01:28:48	CC_BY_4_0	Alexis Williams	Alexis Williams			2025-01-14T12:20:19.166Z	StillImage	COORDINATE_ROUNDED;CONTINENT_DERIVED_FROM_COORDINATES;TAXON_MATCH_TAXON_ID_IGNORED
3337967418	50c9509d-22c7-4a22-a47d-8c48425ef4a7	https://www.inaturalist.org/observations/91129021	Fungi	Basidiomycota	Agaricomycetes	Agaricales	Lyophyllaceae	Asterophora	Asterophora lycoperdoides		SPECIES	Asterophora lycoperdoides (Bull.) Ditmar	Asterophora lycoperdoides		CA		New Brunswick	PRESENT		28eb1a3f-1c15-4a95-931a-4af90ecb574d	45.939383	-64.409133	9.0						2021-08-14T10:02:03	14	8	2021	9210867	9210867	HUMAN_OBSERVATION	iNaturalist	Observations	91129021		Laura O'Connor	2021-08-14T15:49:54	CC_BY_NC_4_0	Laura O'Connor	Laura O'Connor			2025-01-14T13:22:54.009Z	StillImage	COORDINATE_ROUNDED;CONTINENT_DERIVED_FROM_COORDINATES;TAXON_MATCH_TAXON_ID_IGNORED
3337558774	50c9509d-22c7-4a22-a47d-8c48425ef4a7	https://www.inaturalist.org/observations/90214140	Fungi	Basidiomycota	Agaricomycetes	Agaricales	Lyophyllaceae	Asterophora	Asterophora lycoperdoides		SPECIES	Asterophora lycoperdoides (Bull.) Ditmar	Asterophora lycoperdoides		CA		Québec	PRESENT		28eb1a3f-1c15-4a95-931a-4af90ecb574d	45.492599	-75.842894							2021-08-06T17:03:52	6	8	2021	9210867	9210867	HUMAN_OBSERVATION	iNaturalist	Observations	90214140		Johann Wagner	2021-08-07T01:34:58	CC_BY_NC_4_0	Johann Wagner	Johann Wagner			2025-01-14T13:13:39.254Z	StillImage	COORDINATE_ROUNDED;CONTINENT_DERIVED_FROM_COORDINATES;TAXON_MATCH_TAXON_ID_IGNORED
3335297840	50c9509d-22c7-4a22-a47d-8c48425ef4a7	https://www.inaturalist.org/observations/89365304	Fungi	Basidiomycota	Agaricomycetes	Agaricales	Lyophyllaceae	Asterophora	Asterophora lycoperdoides		SPECIES	Asterophora lycoperdoides (Bull.) Ditmar	Asterophora lycoperdoides		CA		Québec	PRESENT		28eb1a3f-1c15-4a95-931a-4af90ecb574d	45.441628	-75.640561	27158.0						2021-07-31T10:01	31	7	2021	9210867	9210867	HUMAN_OBSERVATION	iNaturalist	Observations	89365304		L Joan Heyding	2021-07-31T19:11:02	CC_BY_NC_4_0	L Joan Heyding	L Joan Heyding			2025-01-14T13:12:58.476Z	StillImage	COORDINATE_ROUNDED;CONTINENT_DERIVED_FROM_COORDINATES;TAXON_MATCH_TAXON_ID_IGNORED
3335225370	50c9509d-22c7-4a22-a47d-8c48425ef4a7	https://www.inaturalist.org/observations/89919473	Fungi	Basidiomycota	Agaricomycetes	Agaricales	Lyophyllaceae	Asterophora	Asterophora lycoperdoides		SPECIES	Asterophora lycoperdoides (Bull.) Ditmar	Asterophora lycoperdoides		CA		Québec	PRESENT		28eb1a3f-1c15-4a95-931a-4af90ecb574d	45.490937	-75.625917	10.0						2021-08-03T13:32:08	3	8	2021	9210867	9210867	HUMAN_OBSERVATION	iNaturalist	Observations	89919473		Lynn Ovenden	2021-08-04T16:13:20	CC_BY_NC_4_0	Lynn Ovenden	Lynn Ovenden			2025-01-14T13:14:29.769Z	StillImage	COORDINATE_ROUNDED;CONTINENT_DERIVED_FROM_COORDINATES;TAXON_MATCH_TAXON_ID_IGNORED
3335075836	50c9509d-22c7-4a22-a47d-8c48425ef4a7	https://www.inaturalist.org/observations/89362317	Fungi	Basidiomycota	Agaricomycetes	Agaricales	Lyophyllaceae	Asterophora	Asterophora lycoperdoides		SPECIES	Asterophora lycoperdoides (Bull.) Ditmar	Asterophora lycoperdoides		CA		Québec	PRESENT		28eb1a3f-1c15-4a95-931a-4af90ecb574d	45.492262	-75.624453							2021-07-31T10:57	31	7	2021	9210867	9210867	HUMAN_OBSERVATION	iNaturalist	Observations	89362317		Igor Khomenko	2021-07-31T18:52:36	CC_BY_NC_4_0	Igor Khomenko	Igor Khomenko			2025-01-14T13:13:56.678Z	StillImage	COORDINATE_ROUNDED;CONTINENT_DERIVED_FROM_COORDINATES;TAXON_MATCH_TAXON_ID_IGNORED
3333264717	50c9509d-22c7-4a22-a47d-8c48425ef4a7	https://www.inaturalist.org/observations/88271736	Fungi	Basidiomycota	Agaricomycetes	Agaricales	Lyophyllaceae	Asterophora	Asterophora lycoperdoides		SPECIES	Asterophora lycoperdoides (Bull.) Ditmar	Asterophora lycoperdoides		CA		Ontario	PRESENT		28eb1a3f-1c15-4a95-931a-4af90ecb574d	45.409431	-75.568328	24.0						2021-07-23T11:12	23	7	2021	9210867	9210867	HUMAN_OBSERVATION	iNaturalist	Observations	88271736		Igor Khomenko	2021-07-23T16:20:34	CC_BY_NC_4_0	Igor Khomenko	Igor Khomenko			2025-01-14T12:22:06.563Z	StillImage	COORDINATE_ROUNDED;CONTINENT_DERIVED_FROM_COORDINATES;TAXON_MATCH_TAXON_ID_IGNORED
3330639748	50c9509d-22c7-4a22-a47d-8c48425ef4a7	https://www.inaturalist.org/observations/87340614	Fungi	Basidiomycota	Agaricomycetes	Agaricales	Lyophyllaceae	Asterophora	Asterophora lycoperdoides		SPECIES	Asterophora lycoperdoides (Bull.) Ditmar	Asterophora lycoperdoides		CA		Ontario	PRESENT		28eb1a3f-1c15-4a95-931a-4af90ecb574d	45.204538	-76.22431	370.0						2021-07-16T12:20	16	7	2021	9210867	9210867	HUMAN_OBSERVATION	iNaturalist	Observations	87340614		Ken Allison	2021-07-17T00:42:16	CC_BY_NC_4_0	Ken Allison	Ken Allison			2025-01-14T13:13:27.422Z	StillImage	COORDINATE_ROUNDED;CONTINENT_DERIVED_FROM_COORDINATES;TAXON_MATCH_TAXON_ID_IGNORED
3079525900	50c9509d-22c7-4a22-a47d-8c48425ef4a7	https://www.inaturalist.org/observations/58764879	Fungi	Basidiomycota	Agaricomycetes	Agaricales	Lyophyllaceae	Asterophora	Asterophora lycoperdoides		SPECIES	Asterophora lycoperdoides (Bull.) Ditmar	Asterophora lycoperdoides		CA		Québec	PRESENT		28eb1a3f-1c15-4a95-931a-4af90ecb574d	45.459686	-75.782158	8.0						2020-09-06T13:51	6	9	2020	9210867	9210867	HUMAN_OBSERVATION	iNaturalist	Observations	58764879		Igor Khomenko	2020-09-06T20:50:42	CC_BY_NC_4_0	Igor Khomenko	Igor Khomenko			2025-01-14T13:10:24.421Z	StillImage	COORDINATE_ROUNDED;CONTINENT_DERIVED_FROM_COORDINATES;TAXON_MATCH_TAXON_ID_IGNORED
3079482659	50c9509d-22c7-4a22-a47d-8c48425ef4a7	https://www.inaturalist.org/observations/32190236	Fungi	Basidiomycota	Agaricomycetes	Agaricales	Lyophyllaceae	Asterophora	Asterophora lycoperdoides		SPECIES	Asterophora lycoperdoides (Bull.) Ditmar	Asterophora lycoperdoides		CA		Ontario	PRESENT		28eb1a3f-1c15-4a95-931a-4af90ecb574d	45.4035	-75.565972	8.0						2019-09-05T13:31	5	9	2019	9210867	9210867	HUMAN_OBSERVATION	iNaturalist	Observations	32190236		Garrett Taylor	2019-09-06T00:07:14	CC_BY_NC_4_0	Igor Khomenko	Igor Khomenko			2025-01-14T13:03:19.440Z	StillImage	COORDINATE_ROUNDED;CONTINENT_DERIVED_FROM_COORDINATES;TAXON_MATCH_TAXON_ID_IGNORED
3070486433	50c9509d-22c7-4a22-a47d-8c48425ef4a7	https://www.inaturalist.org/observations/10441415	Fungi	Basidiomycota	Agaricomycetes	Agaricales	Lyophyllaceae	Asterophora	Asterophora lycoperdoides		SPECIES	Asterophora lycoperdoides (Bull.) Ditmar	Asterophora lycoperdoides		CA		Ontario	PRESENT		28eb1a3f-1c15-4a95-931a-4af90ecb574d	45.356574	-75.620828	292.0						2016-09-22T16:11	22	9	2016	9210867	9210867	HUMAN_OBSERVATION	iNaturalist	Observations	10441415		christine123	2018-03-27T01:11:25	CC_BY_4_0	christine123	christine123			2025-01-14T13:01:08.869Z	StillImage	COORDINATE_ROUNDED;CONTINENT_DERIVED_FROM_COORDINATES;TAXON_MATCH_TAXON_ID_IGNORED
3070307471	50c9509d-22c7-4a22-a47d-8c48425ef4a7	https://www.inaturalist.org/observations/10441385	Fungi	Basidiomycota	Agaricomycetes	Agaricales	Lyophyllaceae	Asterophora	Asterophora lycoperdoides		SPECIES	Asterophora lycoperdoides (Bull.) Ditmar	Asterophora lycoperdoides		CA		Ontario	PRESENT		28eb1a3f-1c15-4a95-931a-4af90ecb574d	45.357158	-75.621085	406.0						2016-09-24T14:37	24	9	2016	9210867	9210867	HUMAN_OBSERVATION	iNaturalist	Observations	10441385		christine123	2018-03-27T01:09:04	CC_BY_4_0	christine123	christine123			2025-01-14T12:04:39.383Z	StillImage	COORDINATE_ROUNDED;CONTINENT_DERIVED_FROM_COORDINATES;TAXON_MATCH_TAXON_ID_IGNORED
3044894662	50c9509d-22c7-4a22-a47d-8c48425ef4a7	https://www.inaturalist.org/observations/58099530	Fungi	Basidiomycota	Agaricomycetes	Agaricales	Lyophyllaceae	Asterophora	Asterophora lycoperdoides		SPECIES	Asterophora lycoperdoides (Bull.) Ditmar	Asterophora lycoperdoides		CA		Québec	PRESENT		28eb1a3f-1c15-4a95-931a-4af90ecb574d	46.125477	-75.677317	27063.0						2020-08-08T13:59:40	8	8	2020	9210867	9210867	HUMAN_OBSERVATION	iNaturalist	Observations	58099530		francischartrand	2020-08-30T23:53:45	CC_BY_NC_4_0	francischartrand	francischartrand			2025-01-14T12:15:02.430Z	StillImage	COORDINATE_ROUNDED;CONTINENT_DERIVED_FROM_COORDINATES;TAXON_MATCH_TAXON_ID_IGNORED
3044814758	50c9509d-22c7-4a22-a47d-8c48425ef4a7	https://www.inaturalist.org/observations/63995902	Fungi	Basidiomycota	Agaricomycetes	Agaricales	Lyophyllaceae	Asterophora	Asterophora lycoperdoides		SPECIES	Asterophora lycoperdoides (Bull.) Ditmar	Asterophora lycoperdoides		CA		Québec	PRESENT		28eb1a3f-1c15-4a95-931a-4af90ecb574d	48.4036	-68.57575	22730.0						2013-08-09	9	8	2013	9210867	9210867	HUMAN_OBSERVATION	iNaturalist	Observations	63995902		John Plischke	2020-11-01T22:15:22	CC_BY_NC_4_0	John Plischke	John Plischke			2025-01-14T12:15:35.583Z	StillImage	CONTINENT_DERIVED_FROM_COORDINATES;TAXON_MATCH_TAXON_ID_IGNORED
3044620675	50c9509d-22c7-4a22-a47d-8c48425ef4a7	https://www.inaturalist.org/observations/58779032	Fungi	Basidiomycota	Agaricomycetes	Agaricales	Lyophyllaceae	Asterophora	Asterophora lycoperdoides		SPECIES	Asterophora lycoperdoides (Bull.) Ditmar	Asterophora lycoperdoides		CA		Québec	PRESENT		28eb1a3f-1c15-4a95-931a-4af90ecb574d	45.3827	-75.821072							2020-09-06T11:00	6	9	2020	9210867	9210867	HUMAN_OBSERVATION	iNaturalist	Observations	58779032		jonathan_mack	2020-09-06T22:47:53	CC_BY_NC_4_0	jonathan_mack	jonathan_mack			2025-01-14T12:14:41.967Z	StillImage	COORDINATE_ROUNDED;CONTINENT_DERIVED_FROM_COORDINATES;TAXON_MATCH_TAXON_ID_IGNORED
2980965892	50c9509d-22c7-4a22-a47d-8c48425ef4a7	https://www.inaturalist.org/observations/63995878	Fungi	Basidiomycota	Agaricomycetes	Agaricales	Lyophyllaceae	Asterophora	Asterophora lycoperdoides		SPECIES	Asterophora lycoperdoides (Bull.) Ditmar	Asterophora lycoperdoides		CA		Québec	PRESENT		28eb1a3f-1c15-4a95-931a-4af90ecb574d	48.4036	-68.57575	22730.0						2013-08-09	9	8	2013	9210867	9210867	HUMAN_OBSERVATION	iNaturalist	Observations	63995878		John Plischke	2020-11-01T22:14:58	CC_BY_NC_4_0	John Plischke	John Plischke			2025-01-14T12:15:37.976Z	StillImage	CONTINENT_DERIVED_FROM_COORDINATES;TAXON_MATCH_TAXON_ID_IGNORED
2864891906	50c9509d-22c7-4a22-a47d-8c48425ef4a7	https://www.inaturalist.org/observations/59855303	Fungi	Basidiomycota	Agaricomycetes	Agaricales	Lyophyllaceae	Asterophora	Asterophora lycoperdoides		SPECIES	Asterophora lycoperdoides (Bull.) Ditmar	Asterophora lycoperdoides		CA		Ontario	PRESENT		28eb1a3f-1c15-4a95-931a-4af90ecb574d	45.166717	-75.935535	410.0						2020-09-17T01:51:56	17	9	2020	9210867	9210867	HUMAN_OBSERVATION	iNaturalist	Observations	59855303		Alexis Williams	2020-09-17T06:59:24	CC_BY_4_0	Alexis Williams	Alexis Williams			2025-01-14T12:15:59.581Z	StillImage	COORDINATE_ROUNDED;CONTINENT_DERIVED_FROM_COORDINATES;TAXON_MATCH_TAXON_ID_IGNORED
2864874314	50c9509d-22c7-4a22-a47d-8c48425ef4a7	https://www.inaturalist.org/observations/59830035	Fungi	Basidiomycota	Agaricomycetes	Agaricales	Lyophyllaceae	Asterophora	Asterophora lycoperdoides		SPECIES	Asterophora lycoperdoides (Bull.) Ditmar	Asterophora lycoperdoides		CA		Ontario	PRESENT		28eb1a3f-1c15-4a95-931a-4af90ecb574d	45.118122	-75.869011							2020-09-16T17:23:43	16	9	2020	9210867	9210867	HUMAN_OBSERVATION	iNaturalist	Observations	59830035		Alexis Williams	2020-09-16T23:28:51	CC_BY_4_0	Alexis Williams	Alexis Williams			2025-01-14T12:14:59.391Z	StillImage	COORDINATE_ROUNDED;CONTINENT_DERIVED_FROM_COORDINATES;TAXON_MATCH_TAXON_ID_IGNORED
2862576687	50c9509d-22c7-4a22-a47d-8c48425ef4a7	https://www.inaturalist.org/observations/58546377	Fungi	Basidiomycota	Agaricomycetes	Agaricales	Lyophyllaceae	Asterophora	Asterophora lycoperdoides		SPECIES	Asterophora lycoperdoides (Bull.) Ditmar	Asterophora lycoperdoides		CA		Ontario	PRESENT		28eb1a3f-1c15-4a95-931a-4af90ecb574d	45.433467	-76.32602	8.0						2020-09-04T13:24:28	4	9	2020	9210867	9210867	HUMAN_OBSERVATION	iNaturalist	Observations	58546377		Keith Seifert	2020-09-04T21:37:09	CC0_1_0	Keith Seifert	Keith Seifert			2025-01-14T13:04:02.311Z	StillImage	COORDINATE_ROUNDED;CONTINENT_DERIVED_FROM_COORDINATES;TAXON_MATCH_TAXON_ID_IGNORED
2862536898	50c9509d-22c7-4a22-a47d-8c48425ef4a7	https://www.inaturalist.org/observations/58752199	Fungi	Basidiomycota	Agaricomycetes	Agaricales	Lyophyllaceae	Asterophora	Asterophora lycoperdoides		SPECIES	Asterophora lycoperdoides (Bull.) Ditmar	Asterophora lycoperdoides		CA		Québec	PRESENT		28eb1a3f-1c15-4a95-931a-4af90ecb574d	45.770213	-76.536728	5.0						2020-09-06T14:46:59	6	9	2020	9210867	9210867	HUMAN_OBSERVATION	iNaturalist	Observations	58752199		Massimo Tabone	2020-09-06T19:18:24	CC_BY_NC_4_0	bharkness	bharkness			2025-01-14T13:10:03.983Z	StillImage	COORDINATE_ROUNDED;CONTINENT_DERIVED_FROM_COORDINATES;TAXON_MATCH_TAXON_ID_IGNORED
2859957206	50c9509d-22c7-4a22-a47d-8c48425ef4a7	https://www.inaturalist.org/observations/58233650	Fungi	Basidiomycota	Agaricomycetes	Agaricales	Lyophyllaceae	Asterophora	Asterophora lycoperdoides		SPECIES	Asterophora lycoperdoides (Bull.) Ditmar	Asterophora lycoperdoides		CA		Québec	PRESENT		28eb1a3f-1c15-4a95-931a-4af90ecb574d	45.388889	-75.818889							2020-08-20T11:17:02	20	8	2020	9210867	9210867	HUMAN_OBSERVATION	iNaturalist	Observations	58233650		Marie-Ève Garon-Labrecque	2020-09-01T12:26:32	CC_BY_NC_4_0	Marie-Ève Garon-Labrecque	Marie-Ève Garon-Labrecque			2025-01-14T12:15:28.264Z	StillImage	COORDINATE_ROUNDED;CONTINENT_DERIVED_FROM_COORDINATES;TAXON_MATCH_TAXON_ID_IGNORED
2802926389	50c9509d-22c7-4a22-a47d-8c48425ef4a7	https://www.inaturalist.org/observations/16475884	Fungi	Basidiomycota	Agaricomycetes	Agaricales	Lyophyllaceae	Asterophora	Asterophora lycoperdoides		SPECIES	Asterophora lycoperdoides (Bull.) Ditmar	Asterophora lycoperdoides		CA		Ontario	PRESENT		28eb1a3f-1c15-4a95-931a-4af90ecb574d	45.352379	-75.597145	954.0						2015-09-15T09:45	15	9	2015	9210867	9210867	HUMAN_OBSERVATION	iNaturalist	Observations	16475884		jonathan_mack	2018-09-13T01:57:45	CC_BY_NC_4_0	jonathan_mack	jonathan_mack			2025-01-14T12:58:14.301Z	StillImage	COORDINATE_ROUNDED;CONTINENT_DERIVED_FROM_COORDINATES;TAXON_MATCH_TAXON_ID_IGNORED
2573778527	50c9509d-22c7-4a22-a47d-8c48425ef4a7	https://www.inaturalist.org/observations/10888020	Fungi	Basidiomycota	Agaricomycetes	Agaricales	Lyophyllaceae	Asterophora	Asterophora lycoperdoides		SPECIES	Asterophora lycoperdoides (Bull.) Ditmar	Asterophora lycoperdoides		CA		Québec	PRESENT		28eb1a3f-1c15-4a95-931a-4af90ecb574d	48.452589	-68.512458							2013-08-09T14:00:02	9	8	2013	9210867	9210867	HUMAN_OBSERVATION	iNaturalist	Observations	10888020		John Plischke	2018-04-14T05:24:06	CC_BY_NC_4_0	John Plischke	John Plischke			2025-01-14T13:04:04.161Z		CONTINENT_DERIVED_FROM_COORDINATES;TAXON_MATCH_TAXON_ID_IGNORED
2465089589	50c9509d-22c7-4a22-a47d-8c48425ef4a7	https://www.inaturalist.org/observations/16831094	Fungi	Basidiomycota	Agaricomycetes	Agaricales	Lyophyllaceae	Asterophora	Asterophora lycoperdoides		SPECIES	Asterophora lycoperdoides (Bull.) Ditmar	Asterophora lycoperdoides		CA		New Brunswick	PRESENT		28eb1a3f-1c15-4a95-931a-4af90ecb574d	46.180778	-64.64801	263.0						2018-09-22T17:01:22	22	9	2018	9210867	9210867	HUMAN_OBSERVATION	iNaturalist	Observations	16831094		Laura Berry	2018-09-23T15:28:59	CC_BY_NC_4_0	Laura Berry	Laura Berry			2025-01-14T13:02:30.461Z	StillImage	COORDINATE_ROUNDED;CONTINENT_DERIVED_FROM_COORDINATES;TAXON_MATCH_TAXON_ID_IGNORED
2423612317	21705170-d2b6-42de-8904-c3bca4b83591	CMMF018821	Fungi	Basidiomycota	Agaricomycetes	Agaricales	Lyophyllaceae	Asterophora	Asterophora lycoperdoides		SPECIES	Nyctalis asterophora Fr.	Nyctalis asterophora Fr.	Fr.	CA	Station de biologie des Laurentides, Université de Montréal	Québec	PRESENT		ff7bd5db-b724-4932-b496-10ea298851f9	45.988108	-74.005679	25000.0						1986-07-17	17	7	1986	2530896	9210867	PRESERVED_SPECIMEN	Université de Montréal Biodiversity Centre	CMMF	CMMF018821	s.n.	Nantel, Patrick		CC0_1_0	Université de Montréal Biodiversity Centre	Nantel, Patrick			2024-01-24T16:38:18.659Z		INSTITUTION_MATCH_FUZZY;COLLECTION_MATCH_FUZZY;DIFFERENT_OWNER_INSTITUTION
2423612307	21705170-d2b6-42de-8904-c3bca4b83591	CMMF018671	Fungi	Basidiomycota	Agaricomycetes	Agaricales	Lyophyllaceae	Asterophora	Asterophora lycoperdoides		SPECIES	Nyctalis asterophora Fr.	Nyctalis asterophora Fr.	Fr.	CA	Chemin du lac Geai	Québec	PRESENT		ff7bd5db-b724-4932-b496-10ea298851f9	45.991697	-73.997854	750.0						1979-07-23	23	7	1979	2530896	9210867	PRESERVED_SPECIMEN	Université de Montréal Biodiversity Centre	CMMF	CMMF018671	s.n.	Nantel, Patrick		CC0_1_0	Université de Montréal Biodiversity Centre	Nantel, Patrick			2024-01-24T16:38:18.491Z		INSTITUTION_MATCH_FUZZY;COLLECTION_MATCH_FUZZY;DIFFERENT_OWNER_INSTITUTION
1901085928	50c9509d-22c7-4a22-a47d-8c48425ef4a7	https://www.inaturalist.org/observations/16276468	Fungi	Basidiomycota	Agaricomycetes	Agaricales	Lyophyllaceae	Asterophora	Asterophora lycoperdoides		SPECIES	Asterophora lycoperdoides (Bull.) Ditmar	Asterophora lycoperdoides		CA		Ontario	PRESENT		28eb1a3f-1c15-4a95-931a-4af90ecb574d	45.433536	-76.322317							2018-09-06T12:43	6	9	2018	9210867	9210867	HUMAN_OBSERVATION	iNaturalist	Observations	16276468		jonathan_mack	2018-09-07T02:12:48	CC_BY_NC_4_0	jonathan_mack	jonathan_mack			2025-01-14T13:05:36.707Z	StillImage	COORDINATE_ROUNDED;CONTINENT_DERIVED_FROM_COORDINATES;TAXON_MATCH_TAXON_ID_IGNORED
1807256107	e8a25a42-f125-476c-8554-3ec21cd51a84	ACAD:112897	Fungi	Basidiomycota	Agaricomycetes	Agaricales	Lyophyllaceae	Asterophora	Asterophora lycoperdoides		SPECIES	Asterophora lycoperdoides (Bull.) Ditmar	Asterophora lycoperdoides (Bull.) Ditmar	(Bull.) Ditmar	CA	(Kentville)	Nova Scotia	PRESENT		6491ad8c-8e49-4bd4-a089-0ddb3bbe0890	45.07662	-64.49592							1930-08-16	16	8	1930	9210867	9210867	PRESERVED_SPECIMEN	Acadia University	ACAD	407F	407			CC0_1_0	Acadia University	H, KA			2024-01-25T01:37:10.629Z	StillImage	GEODETIC_DATUM_INVALID;GEODETIC_DATUM_ASSUMED_WGS84;TAXON_MATCH_TAXON_ID_IGNORED;INSTITUTION_MATCH_FUZZY;COLLECTION_MATCH_FUZZY
1412707731	21705170-d2b6-42de-8904-c3bca4b83591	CMMF016225	Fungi	Basidiomycota	Agaricomycetes	Agaricales	Lyophyllaceae	Asterophora	Asterophora lycoperdoides		SPECIES	Nyctalis agaricoides (Fr.) Bon & Courtec.	Nyctalis agaricoides (Fr.) Bon & Courtec.	(Fr.) Bon & Courtec.	CA	Chicoutimi, Québec.	Québec	PRESENT		ff7bd5db-b724-4932-b496-10ea298851f9	48.368277	-71.119642	15000.0						1985-08-08	8	8	1985	2530894	9210867	PRESERVED_SPECIMEN	Université de Montréal Biodiversity Centre	CMMF	CMMF016225	1724	Guérin, Gérard		CC0_1_0	Université de Montréal Biodiversity Centre	Larouche, Benoît			2024-01-24T16:38:18.710Z	StillImage	INSTITUTION_MATCH_FUZZY;COLLECTION_MATCH_FUZZY;DIFFERENT_OWNER_INSTITUTION
1412707713	21705170-d2b6-42de-8904-c3bca4b83591	CMMF016224	Fungi	Basidiomycota	Agaricomycetes	Agaricales	Lyophyllaceae	Asterophora	Asterophora lycoperdoides		SPECIES	Nyctalis agaricoides (Fr.) Bon & Courtec.	Nyctalis agaricoides (Fr.) Bon & Courtec.	(Fr.) Bon & Courtec.	CA	Saint-Gédéon, Québec.	Québec	PRESENT		ff7bd5db-b724-4932-b496-10ea298851f9	48.494484	-71.775457	15000.0						1987-08-10	10	8	1987	2530894	9210867	PRESERVED_SPECIMEN	Université de Montréal Biodiversity Centre	CMMF	CMMF016224	1725	Guérin, Gérard		CC0_1_0	Université de Montréal Biodiversity Centre	Perrod, Jacques			2024-01-24T16:38:18.709Z	StillImage	INSTITUTION_MATCH_FUZZY;COLLECTION_MATCH_FUZZY;DIFFERENT_OWNER_INSTITUTION
1412707652