gbifID	datasetKey	occurrenceID	kingdom	phylum	class	order	family	genus	species	infraspecificEpithet	taxonRank	scientificName	verbatimScientificName	verbatimScientificNameAuthorship	countryCode	locality	stateProvince	occurrenceStatus	individualCount	publishingOrgKey	decimalLatitude	decimalLongitude	coordinateUncertaintyInMeters	coordinatePrecision	elevation	elevationAccuracy	depth	depthAccuracy	eventDate	day	month	year	taxonKey	speciesKey	basisOfRecord	institutionCode	collectionCode	catalogNumber	recordNumber	identifiedBy	dateIdentified	license	rightsHolder	recordedBy	typeStatus	establishmentMeans	lastInterpreted	mediaType	issue
617555556	21705170-d2b6-42de-8904-c3bca4b83591	CMMF000861	Fungi	Basidiomycota	Agaricomycetes	Agaricales	Psathyrellaceae	Lacrymaria	Lacrymaria lacrymabunda		SPECIES	Psathyrella lacrymabunda (Bull.) M.M.Moser	Psathyrella lacrymabunda (Bull.) M.M. Moser	(Bull.) M.M. Moser	CA	Saint-Jérôme	Québec	PRESENT		ff7bd5db-b724-4932-b496-10ea298851f9	45.783333	-74.0	7000.0						1989-09-24	24	9	1989	7564605	5242798	PRESERVED_SPECIMEN	Université de Montréal Biodiversity Centre	CMMF	CMMF000861		Lamoureux, Yves		CC0_1_0	Université de Montréal Biodiversity Centre	Goodhue, Peter			2024-01-24T16:38:21.483Z	StillImage	INSTITUTION_MATCH_FUZZY;COLLECTION_MATCH_FUZZY;DIFFERENT_OWNER_INSTITUTION
617549167	21705170-d2b6-42de-8904-c3bca4b83591	CMMF001725	Fungi	Basidiomycota	Agaricomycetes	Agaricales	Psathyrellaceae	Lacrymaria	Lacrymaria lacrymabunda		SPECIES	Psathyrella lacrymabunda (Bull.) M.M.Moser	Psathyrella lacrymabunda (Bull.) M.M. Moser	(Bull.) M.M. Moser	CA	Saint-Lambert	Québec	PRESENT		ff7bd5db-b724-4932-b496-10ea298851f9	45.495367	-73.506523	3000.0						1992-08-06	6	8	1992	7564605	5242798	PRESERVED_SPECIMEN	Université de Montréal Biodiversity Centre	CMMF	CMMF001725		Lamoureux, Yves		CC0_1_0	Université de Montréal Biodiversity Centre	Rocheleau, Yvette			2024-01-24T16:38:17.096Z	StillImage	INSTITUTION_MATCH_FUZZY;COLLECTION_MATCH_FUZZY;DIFFERENT_OWNER_INSTITUTION
617548079	21705170-d2b6-42de-8904-c3bca4b83591	CMMF000125	Fungi	Basidiomycota	Agaricomycetes	Agaricales	Psathyrellaceae	Lacrymaria	Lacrymaria lacrymabunda		SPECIES	Psathyrella lacrymabunda (Bull.) M.M.Moser	Psathyrella lacrymabunda (Bull.) M.M. Moser	(Bull.) M.M. Moser	CA	L'Assomption	Québec	PRESENT		ff7bd5db-b724-4932-b496-10ea298851f9	45.864396	-73.439575	9000.0						1988-07-30	30	7	1988	7564605	5242798	PRESERVED_SPECIMEN	Université de Montréal Biodiversity Centre	CMMF	CMMF000125		Lamoureux, Yves		CC0_1_0	Université de Montréal Biodiversity Centre	Laurendeau, Gabriel			2024-01-24T16:38:20.522Z	StillImage	INSTITUTION_MATCH_FUZZY;COLLECTION_MATCH_FUZZY;DIFFERENT_OWNER_INSTITUTION
4908912560	50c9509d-22c7-4a22-a47d-8c48425ef4a7	https://www.inaturalist.org/observations/225182553	Fungi	Basidiomycota	Agaricomycetes	Agaricales	Psathyrellaceae	Lacrymaria	Lacrymaria lacrymabunda		SPECIES	Lacrymaria lacrymabunda (Bull.) Pat.	Lacrymaria lacrymabunda		CA		Québec	PRESENT		28eb1a3f-1c15-4a95-931a-4af90ecb574d	45.608749	-75.644705	4.0						2024-06-25T17:21	25	6	2024	5242798	5242798	HUMAN_OBSERVATION	iNaturalist	Observations	225182553		Guy Laflamme	2024-06-25T21:24:32	CC_BY_NC_4_0	Guy Laflamme	Guy Laflamme			2025-01-14T12:48:50.915Z	StillImage	COORDINATE_ROUNDED;CONTINENT_DERIVED_FROM_COORDINATES;TAXON_MATCH_TAXON_ID_IGNORED
4872406557	50c9509d-22c7-4a22-a47d-8c48425ef4a7	https://www.inaturalist.org/observations/217374529	Fungi	Basidiomycota	Agaricomycetes	Agaricales	Psathyrellaceae	Lacrymaria	Lacrymaria lacrymabunda		SPECIES	Lacrymaria lacrymabunda (Bull.) Pat.	Lacrymaria lacrymabunda		CA		Québec	PRESENT		28eb1a3f-1c15-4a95-931a-4af90ecb574d	45.589449	-73.561128	40.0						2024-05-21T14:34:42	21	5	2024	5242798	5242798	HUMAN_OBSERVATION	iNaturalist	Observations	217374529		Taylor Routledge	2024-05-22T05:32:37	CC_BY_NC_4_0	nathan_schryer	nathan_schryer			2025-01-14T12:45:46.897Z	StillImage	COORDINATE_ROUNDED;CONTINENT_DERIVED_FROM_COORDINATES;TAXON_MATCH_TAXON_ID_IGNORED
4506227519	50c9509d-22c7-4a22-a47d-8c48425ef4a7	https://www.inaturalist.org/observations/95032613	Fungi	Basidiomycota	Agaricomycetes	Agaricales	Psathyrellaceae	Lacrymaria	Lacrymaria lacrymabunda		SPECIES	Lacrymaria lacrymabunda (Bull.) Pat.	Lacrymaria lacrymabunda		CA		Prince Edward Island	PRESENT		28eb1a3f-1c15-4a95-931a-4af90ecb574d	46.693711	-64.079378	20.0						2021-09-14T15:58	14	9	2021	5242798	5242798	HUMAN_OBSERVATION	iNaturalist	Observations	95032613		Rosemary Curley	2021-09-16T14:09:10	CC_BY_NC_4_0	Rosemary Curley	Rosemary Curley			2025-01-14T12:21:08.782Z	StillImage	COORDINATE_ROUNDED;CONTINENT_DERIVED_FROM_COORDINATES;TAXON_MATCH_TAXON_ID_IGNORED
4413660728	50c9509d-22c7-4a22-a47d-8c48425ef4a7	https://www.inaturalist.org/observations/182215775	Fungi	Basidiomycota	Agaricomycetes	Agaricales	Psathyrellaceae	Lacrymaria	Lacrymaria lacrymabunda		SPECIES	Lacrymaria lacrymabunda (Bull.) Pat.	Lacrymaria lacrymabunda		CA		Québec	PRESENT		28eb1a3f-1c15-4a95-931a-4af90ecb574d	48.182695	-77.715562	5.0						2023-09-03T11:06:09	3	9	2023	5242798	5242798	HUMAN_OBSERVATION	iNaturalist	Observations	182215775		Lynn Ovenden	2023-09-07T18:04:22	CC_BY_NC_4_0	Lynn Ovenden	Lynn Ovenden			2025-01-14T13:28:49.317Z	StillImage	COORDINATE_ROUNDED;CONTINENT_DERIVED_FROM_COORDINATES;TAXON_MATCH_TAXON_ID_IGNORED
4165804280	50c9509d-22c7-4a22-a47d-8c48425ef4a7	https://www.inaturalist.org/observations/174462472	Fungi	Basidiomycota	Agaricomycetes	Agaricales	Psathyrellaceae	Lacrymaria	Lacrymaria lacrymabunda		SPECIES	Lacrymaria lacrymabunda (Bull.) Pat.	Lacrymaria lacrymabunda		CA		Québec	PRESENT		28eb1a3f-1c15-4a95-931a-4af90ecb574d	48.427783	-71.216622	6.0						2023-07-23T08:33:33	23	7	2023	5242798	5242798	HUMAN_OBSERVATION	iNaturalist	Observations	174462472		eric_wilmot	2023-07-23T12:58:07	CC_BY_NC_4_0	eric_wilmot	eric_wilmot			2025-01-14T12:37:39.766Z	StillImage	COORDINATE_ROUNDED;CONTINENT_DERIVED_FROM_COORDINATES;TAXON_MATCH_TAXON_ID_IGNORED
4153870372	50c9509d-22c7-4a22-a47d-8c48425ef4a7	https://www.inaturalist.org/observations/98489330	Fungi	Basidiomycota	Agaricomycetes	Agaricales	Psathyrellaceae	Lacrymaria	Lacrymaria lacrymabunda		SPECIES	Lacrymaria lacrymabunda (Bull.) Pat.	Lacrymaria lacrymabunda		CA		Québec	PRESENT		28eb1a3f-1c15-4a95-931a-4af90ecb574d	45.84478	-72.56871	65.0						2021-10-17T10:06:08	17	10	2021	5242798	5242798	HUMAN_OBSERVATION	iNaturalist	Observations	98489330		vanessareg	2021-10-17T14:06:19	CC_BY_NC_4_0	vanessareg	vanessareg			2025-01-14T14:02:45.054Z	StillImage	COORDINATE_ROUNDED;CONTINENT_DERIVED_FROM_COORDINATES;TAXON_MATCH_TAXON_ID_IGNORED
4145634434	50c9509d-22c7-4a22-a47d-8c48425ef4a7	https://www.inaturalist.org/observations/170329603	Fungi	Basidiomycota	Agaricomycetes	Agaricales	Psathyrellaceae	Lacrymaria	Lacrymaria lacrymabunda		SPECIES	Lacrymaria lacrymabunda (Bull.) Pat.	Lacrymaria lacrymabunda		CA		Québec	PRESENT		28eb1a3f-1c15-4a95-931a-4af90ecb574d	45.560176	-73.482716	31.0						2023-06-29T20:42	29	6	2023	5242798	5242798	HUMAN_OBSERVATION	iNaturalist	Observations	170329603		Antoine Fortin	2023-06-30T19:54:59	CC_BY_NC_4_0	Antoine Fortin	Antoine Fortin			2025-01-14T13:31:04.620Z	StillImage	COORDINATE_ROUNDED;CONTINENT_DERIVED_FROM_COORDINATES;TAXON_MATCH_TAXON_ID_IGNORED
4133673487	50c9509d-22c7-4a22-a47d-8c48425ef4a7	https://www.inaturalist.org/observations/153613523	Fungi	Basidiomycota	Agaricomycetes	Agaricales	Psathyrellaceae	Lacrymaria	Lacrymaria lacrymabunda		SPECIES	Lacrymaria lacrymabunda (Bull.) Pat.	Lacrymaria lacrymabunda		CA		Québec	PRESENT		28eb1a3f-1c15-4a95-931a-4af90ecb574d	46.784414	-71.270143	267.0						2019-09-13T17:14	13	9	2019	5242798	5242798	HUMAN_OBSERVATION	iNaturalist	Observations	153613523		Léo-Guy de Repentigny	2023-04-05T21:14:52	CC_BY_NC_4_0	Léo-Guy de Repentigny	Léo-Guy de Repentigny			2025-01-14T12:33:57.087Z	StillImage	COORDINATE_ROUNDED;CONTINENT_DERIVED_FROM_COORDINATES;TAXON_MATCH_TAXON_ID_IGNORED
4067354633	50c9509d-22c7-4a22-a47d-8c48425ef4a7	https://www.inaturalist.org/observations/131657295	Fungi	Basidiomycota	Agaricomycetes	Agaricales	Psathyrellaceae	Lacrymaria	Lacrymaria lacrymabunda		SPECIES	Lacrymaria lacrymabunda (Bull.) Pat.	Lacrymaria lacrymabunda		CA		Québec	PRESENT		28eb1a3f-1c15-4a95-931a-4af90ecb574d	46.788155	-71.244386	35.0						2022-08-20T19:30:16	20	8	2022	5242798	5242798	HUMAN_OBSERVATION	iNaturalist	Observations	131657295		arthur_tdlc	2022-08-20T23:33:16	CC_BY_NC_4_0	arthur_tdlc	arthur_tdlc			2025-01-14T13:23:22.063Z	StillImage	COORDINATE_ROUNDED;CONTINENT_DERIVED_FROM_COORDINATES;TAXON_MATCH_TAXON_ID_IGNORED
3912296258	50c9509d-22c7-4a22-a47d-8c48425ef4a7	https://www.inaturalist.org/observations/135737886	Fungi	Basidiomycota	Agaricomycetes	Agaricales	Psathyrellaceae	Lacrymaria	Lacrymaria lacrymabunda		SPECIES	Lacrymaria lacrymabunda (Bull.) Pat.	Lacrymaria lacrymabunda		CA		Prince Edward Island	PRESENT		28eb1a3f-1c15-4a95-931a-4af90ecb574d	47.049225	-64.00444	20.0						2022-09-19T15:19	19	9	2022	5242798	5242798	HUMAN_OBSERVATION	iNaturalist	Observations	135737886		Rosemary Curley	2022-09-20T01:40:58	CC_BY_NC_4_0	Rosemary Curley	Rosemary Curley			2025-01-14T13:17:19.293Z	StillImage	COORDINATE_ROUNDED;CONTINENT_DERIVED_FROM_COORDINATES;TAXON_MATCH_TAXON_ID_IGNORED
3902452361	50c9509d-22c7-4a22-a47d-8c48425ef4a7	https://www.inaturalist.org/observations/132085843	Fungi	Basidiomycota	Agaricomycetes	Agaricales	Psathyrellaceae	Lacrymaria	Lacrymaria lacrymabunda		SPECIES	Lacrymaria lacrymabunda (Bull.) Pat.	Lacrymaria lacrymabunda		CA		Nova Scotia	PRESENT		28eb1a3f-1c15-4a95-931a-4af90ecb574d	45.645179	-64.062903	27.0						2022-08-23T18:34	23	8	2022	5242798	5242798	HUMAN_OBSERVATION	iNaturalist	Observations	132085843		Ben	2022-08-24T01:14:32	CC_BY_NC_4_0	Ben	Ben			2025-01-14T13:16:22.364Z	StillImage	COORDINATE_ROUNDED;CONTINENT_DERIVED_FROM_COORDINATES;TAXON_MATCH_TAXON_ID_IGNORED
3860368461	50c9509d-22c7-4a22-a47d-8c48425ef4a7	https://www.inaturalist.org/observations/119149291	Fungi	Basidiomycota	Agaricomycetes	Agaricales	Psathyrellaceae	Lacrymaria	Lacrymaria lacrymabunda		SPECIES	Lacrymaria lacrymabunda (Bull.) Pat.	Lacrymaria lacrymabunda		CA		Québec	PRESENT		28eb1a3f-1c15-4a95-931a-4af90ecb574d	46.369895	-72.622937	25.0						2022-05-28T19:03:03	28	5	2022	5242798	5242798	HUMAN_OBSERVATION	iNaturalist	Observations	119149291		Étienne Godin	2022-05-30T04:20:13	CC_BY_NC_4_0	Étienne Godin	Étienne Godin			2025-01-14T13:15:23.835Z	StillImage	COORDINATE_ROUNDED;CONTINENT_DERIVED_FROM_COORDINATES;TAXON_MATCH_TAXON_ID_IGNORED
3759582882	50c9509d-22c7-4a22-a47d-8c48425ef4a7	https://www.inaturalist.org/observations/108806249	Fungi	Basidiomycota	Agaricomycetes	Agaricales	Psathyrellaceae	Lacrymaria	Lacrymaria lacrymabunda		SPECIES	Lacrymaria lacrymabunda (Bull.) Pat.	Lacrymaria lacrymabunda		CA		Ontario	PRESENT		28eb1a3f-1c15-4a95-931a-4af90ecb574d	45.111203	-77.911792	61.0						2021-10-08T19:44	8	10	2021	5242798	5242798	HUMAN_OBSERVATION	iNaturalist	Observations	108806249		Jan Thornhill	2022-03-17T16:26:22	CC_BY_NC_4_0	Jan Thornhill	Jan Thornhill			2025-01-14T12:25:34.600Z	StillImage	COORDINATE_ROUNDED;CONTINENT_DERIVED_FROM_COORDINATES;TAXON_MATCH_TAXON_ID_IGNORED
3399137943	50c9509d-22c7-4a22-a47d-8c48425ef4a7	https://www.inaturalist.org/observations/97272658	Fungi	Basidiomycota	Agaricomycetes	Agaricales	Psathyrellaceae	Lacrymaria	Lacrymaria lacrymabunda		SPECIES	Lacrymaria lacrymabunda (Bull.) Pat.	Lacrymaria lacrymabunda		CA		Québec	PRESENT		28eb1a3f-1c15-4a95-931a-4af90ecb574d	45.512435	-73.582737	5.0						2021-10-05T15:19:25	5	10	2021	5242798	5242798	HUMAN_OBSERVATION	iNaturalist	Observations	97272658		roanblakeley	2021-10-19T13:40:22	CC_BY_NC_4_0	connorgunn	connorgunn			2025-01-14T12:22:37.931Z	StillImage	COORDINATE_ROUNDED;CONTINENT_DERIVED_FROM_COORDINATES;TAXON_MATCH_TAXON_ID_IGNORED
3399124893	50c9509d-22c7-4a22-a47d-8c48425ef4a7	https://www.inaturalist.org/observations/97376568	Fungi	Basidiomycota	Agaricomycetes	Agaricales	Psathyrellaceae	Lacrymaria	Lacrymaria lacrymabunda		SPECIES	Lacrymaria lacrymabunda (Bull.) Pat.	Lacrymaria lacrymabunda		CA		Québec	PRESENT		28eb1a3f-1c15-4a95-931a-4af90ecb574d	45.511644	-73.585224	5.0						2021-10-06T15:33:30	6	10	2021	5242798	5242798	HUMAN_OBSERVATION	iNaturalist	Observations	97376568		annikadudra	2021-10-06T19:36:39	CC_BY_NC_4_0	annikadudra	annikadudra			2025-01-14T12:22:22.549Z	StillImage	COORDINATE_ROUNDED;CONTINENT_DERIVED_FROM_COORDINATES;TAXON_MATCH_TAXON_ID_IGNORED
3398830375	50c9509d-22c7-4a22-a47d-8c48425ef4a7	https://www.inaturalist.org/observations/98655336	Fungi	Basidiomycota	Agaricomycetes	Agaricales	Psathyrellaceae	Lacrymaria	Lacrymaria lacrymabunda		SPECIES	Lacrymaria lacrymabunda (Bull.) Pat.	Lacrymaria lacrymabunda		CA		Québec	PRESENT		28eb1a3f-1c15-4a95-931a-4af90ecb574d	45.512478	-73.582603	17.0						2021-10-05T15:13:22	5	10	2021	5242798	5242798	HUMAN_OBSERVATION	iNaturalist	Observations	98655336		veronikakus	2021-10-18T23:32:59	CC_BY_NC_4_0	veronikakus	veronikakus			2025-01-14T13:13:23.808Z	StillImage	COORDINATE_ROUNDED;CONTINENT_DERIVED_FROM_COORDINATES;TAXON_MATCH_TAXON_ID_IGNORED
3398729928	50c9509d-22c7-4a22-a47d-8c48425ef4a7	https://www.inaturalist.org/observations/97376307	Fungi	Basidiomycota	Agaricomycetes	Agaricales	Psathyrellaceae	Lacrymaria	Lacrymaria lacrymabunda		SPECIES	Lacrymaria lacrymabunda (Bull.) Pat.	Lacrymaria lacrymabunda		CA		Québec	PRESENT		28eb1a3f-1c15-4a95-931a-4af90ecb574d	45.512058	-73.581772	6.0						2021-10-06T15:32:06	6	10	2021	5242798	5242798	HUMAN_OBSERVATION	iNaturalist	Observations	97376307		gpolkos	2021-10-06T19:38:42	CC_BY_NC_4_0	gpolkos	gpolkos			2025-01-14T13:15:38.421Z	StillImage	COORDINATE_ROUNDED;CONTINENT_DERIVED_FROM_COORDINATES;TAXON_MATCH_TAXON_ID_IGNORED
3398667898	50c9509d-22c7-4a22-a47d-8c48425ef4a7	https://www.inaturalist.org/observations/97283127	Fungi	Basidiomycota	Agaricomycetes	Agaricales	Psathyrellaceae	Lacrymaria	Lacrymaria lacrymabunda		SPECIES	Lacrymaria lacrymabunda (Bull.) Pat.	Lacrymaria lacrymabunda		CA		Québec	PRESENT		28eb1a3f-1c15-4a95-931a-4af90ecb574d	45.51225	-73.58345	65.0						2021-10-05T16:21:09	5	10	2021	5242798	5242798	HUMAN_OBSERVATION	iNaturalist	Observations	97283127		camerondavies	2021-10-05T20:55:54	CC_BY_NC_4_0	camerondavies	camerondavies			2025-01-14T12:23:17.733Z	StillImage	CONTINENT_DERIVED_FROM_COORDINATES;TAXON_MATCH_TAXON_ID_IGNORED
3391690595	50c9509d-22c7-4a22-a47d-8c48425ef4a7	https://www.inaturalist.org/observations/97364889	Fungi	Basidiomycota	Agaricomycetes	Agaricales	Psathyrellaceae	Lacrymaria	Lacrymaria lacrymabunda		SPECIES	Lacrymaria lacrymabunda (Bull.) Pat.	Lacrymaria lacrymabunda		CA		Québec	PRESENT		28eb1a3f-1c15-4a95-931a-4af90ecb574d	45.51213	-73.58335	5.0						2021-10-05T14:52:32	5	10	2021	5242798	5242798	HUMAN_OBSERVATION	iNaturalist	Observations	97364889		sophielorenz	2021-10-06T17:51:02	CC_BY_NC_4_0	sophielorenz	sophielorenz			2025-01-14T13:15:24.222Z	StillImage	CONTINENT_DERIVED_FROM_COORDINATES;TAXON_MATCH_TAXON_ID_IGNORED
3391544610	50c9509d-22c7-4a22-a47d-8c48425ef4a7	https://www.inaturalist.org/observations/97477876	Fungi	Basidiomycota	Agaricomycetes	Agaricales	Psathyrellaceae	Lacrymaria	Lacrymaria lacrymabunda		SPECIES	Lacrymaria lacrymabunda (Bull.) Pat.	Lacrymaria lacrymabunda		CA		Québec	PRESENT		28eb1a3f-1c15-4a95-931a-4af90ecb574d	45.511099	-73.58443	6.0						2021-10-07T15:55:14	7	10	2021	5242798	5242798	HUMAN_OBSERVATION	iNaturalist	Observations	97477876		amyzhuu	2021-10-07T19:55:51	CC_BY_NC_4_0	amyzhuu	amyzhuu			2025-01-14T12:24:11.616Z	StillImage	COORDINATE_ROUNDED;CONTINENT_DERIVED_FROM_COORDINATES;TAXON_MATCH_TAXON_ID_IGNORED
3391379582	50c9509d-22c7-4a22-a47d-8c48425ef4a7	https://www.inaturalist.org/observations/97376303	Fungi	Basidiomycota	Agaricomycetes	Agaricales	Psathyrellaceae	Lacrymaria	Lacrymaria lacrymabunda		SPECIES	Lacrymaria lacrymabunda (Bull.) Pat.	Lacrymaria lacrymabunda		CA		Québec	PRESENT		28eb1a3f-1c15-4a95-931a-4af90ecb574d	45.512138	-73.581763	6.0						2021-10-06T15:31:55	6	10	2021	5242798	5242798	HUMAN_OBSERVATION	iNaturalist	Observations	97376303		olihep	2021-10-06T19:34:13	CC_BY_NC_4_0	olihep	olihep			2025-01-14T13:15:54.251Z	StillImage	COORDINATE_ROUNDED;CONTINENT_DERIVED_FROM_COORDINATES;TAXON_MATCH_TAXON_ID_IGNORED
3385014633	50c9509d-22c7-4a22-a47d-8c48425ef4a7	https://www.inaturalist.org/observations/97380740	Fungi	Basidiomycota	Agaricomycetes	Agaricales	Psathyrellaceae	Lacrymaria	Lacrymaria lacrymabunda		SPECIES	Lacrymaria lacrymabunda (Bull.) Pat.	Lacrymaria lacrymabunda		CA		Québec	PRESENT		28eb1a3f-1c15-4a95-931a-4af90ecb574d	45.510425	-73.58567	12.0						2021-10-06T15:20:54	6	10	2021	5242798	5242798	HUMAN_OBSERVATION	iNaturalist	Observations	97380740		Adele Lopes	2021-10-06T20:18:13	CC_BY_NC_4_0	Adele Lopes	Adele Lopes			2025-01-14T13:16:03.095Z	StillImage	CONTINENT_DERIVED_FROM_COORDINATES;TAXON_MATCH_TAXON_ID_IGNORED
3384581586	50c9509d-22c7-4a22-a47d-8c48425ef4a7	https://www.inaturalist.org/observations/97376619	Fungi	Basidiomycota	Agaricomycetes	Agaricales	Psathyrellaceae	Lacrymaria	Lacrymaria lacrymabunda		SPECIES	Lacrymaria lacrymabunda (Bull.) Pat.	Lacrymaria lacrymabunda		CA		Québec	PRESENT		28eb1a3f-1c15-4a95-931a-4af90ecb574d	45.512238	-73.583892	65.0						2021-10-06T15:36:38	6	10	2021	5242798	5242798	HUMAN_OBSERVATION	iNaturalist	Observations	97376619		janetzeng	2021-10-06T19:37:14	CC_BY_NC_4_0	janetzeng	janetzeng			2025-01-14T13:15:54.274Z	StillImage	COORDINATE_ROUNDED;CONTINENT_DERIVED_FROM_COORDINATES;TAXON_MATCH_TAXON_ID_IGNORED
3384253398	50c9509d-22c7-4a22-a47d-8c48425ef4a7	https://www.inaturalist.org/observations/97379131	Fungi	Basidiomycota	Agaricomycetes	Agaricales	Psathyrellaceae	Lacrymaria	Lacrymaria lacrymabunda		SPECIES	Lacrymaria lacrymabunda (Bull.) Pat.	Lacrymaria lacrymabunda		CA		Québec	PRESENT		28eb1a3f-1c15-4a95-931a-4af90ecb574d	45.378747	-73.515153	11.0						2021-10-06T16:01:28	6	10	2021	5242798	5242798	HUMAN_OBSERVATION	iNaturalist	Observations	97379131		fady_farag	2021-10-06T20:04:10	CC_BY_NC_4_0	fady_farag	fady_farag			2025-01-14T12:22:26.304Z	StillImage	COORDINATE_ROUNDED;CONTINENT_DERIVED_FROM_COORDINATES;TAXON_MATCH_TAXON_ID_IGNORED
3384211616	50c9509d-22c7-4a22-a47d-8c48425ef4a7	https://www.inaturalist.org/observations/97477813	Fungi	Basidiomycota	Agaricomycetes	Agaricales	Psathyrellaceae	Lacrymaria	Lacrymaria lacrymabunda		SPECIES	Lacrymaria lacrymabunda (Bull.) Pat.	Lacrymaria lacrymabunda		CA		Québec	PRESENT		28eb1a3f-1c15-4a95-931a-4af90ecb574d	45.511037	-73.584371	4.0						2021-10-07T15:54:27	7	10	2021	5242798	5242798	HUMAN_OBSERVATION	iNaturalist	Observations	97477813		amyzhuu	2021-10-07T19:55:04	CC_BY_NC_4_0	amyzhuu	amyzhuu			2025-01-14T13:11:54.315Z	StillImage	COORDINATE_ROUNDED;CONTINENT_DERIVED_FROM_COORDINATES;TAXON_MATCH_TAXON_ID_IGNORED
3384153604	50c9509d-22c7-4a22-a47d-8c48425ef4a7	https://www.inaturalist.org/observations/97412109	Fungi	Basidiomycota	Agaricomycetes	Agaricales	Psathyrellaceae	Lacrymaria	Lacrymaria lacrymabunda		SPECIES	Lacrymaria lacrymabunda (Bull.) Pat.	Lacrymaria lacrymabunda		CA		Québec	PRESENT		28eb1a3f-1c15-4a95-931a-4af90ecb574d	45.51215	-73.583328	4.0						2021-10-05T14:52:28	5	10	2021	5242798	5242798	HUMAN_OBSERVATION	iNaturalist	Observations	97412109		carolineh04	2021-10-07T02:15:32	CC_BY_NC_4_0	carolineh04	carolineh04			2025-01-14T12:21:41.133Z	StillImage	COORDINATE_ROUNDED;CONTINENT_DERIVED_FROM_COORDINATES;TAXON_MATCH_TAXON_ID_IGNORED
3384139455	50c9509d-22c7-4a22-a47d-8c48425ef4a7	https://www.inaturalist.org/observations/97363724	Fungi	Basidiomycota	Agaricomycetes	Agaricales	Psathyrellaceae	Lacrymaria	Lacrymaria lacrymabunda		SPECIES	Lacrymaria lacrymabunda (Bull.) Pat.	Lacrymaria lacrymabunda		CA		Québec	PRESENT		28eb1a3f-1c15-4a95-931a-4af90ecb574d	45.512425	-73.582672	4.0						2021-10-05T15:19:19	5	10	2021	5242798	5242798	HUMAN_OBSERVATION	iNaturalist	Observations	97363724		aneshat	2021-10-06T17:39:07	CC_BY_NC_4_0	aneshat	aneshat			2025-01-14T13:16:03.982Z	StillImage	COORDINATE_ROUNDED;CONTINENT_DERIVED_FROM_COORDINATES;TAXON_MATCH_TAXON_ID_IGNORED
3349461321	d8cd16ba-bb74-4420-821e-083f2bac17c2	MN992608	Fungi	Basidiomycota	Agaricomycetes	Agaricales	Psathyrellaceae	Lacrymaria	Lacrymaria lacrymabunda		SPECIES	Lacrymaria lacrymabunda (Bull.) Pat.	Lacrymaria lacrymabunda		CA	Quebec, Chibougamau		PRESENT		ada9d123-ddb4-467d-8891-806ea8d94230	49.76	-74.36							2017-09-05	5	9	2017	5242798	5242798	PRESERVED_SPECIMEN			MQ17012-QFB29520		Renee Lebeuf		CC_BY_4_0					2025-01-18T13:04:48.450Z		GEODETIC_DATUM_ASSUMED_WGS84;CONTINENT_DERIVED_FROM_COORDINATES;TAXON_MATCH_TAXON_CONCEPT_ID_IGNORED;TAXON_MATCH_TAXON_ID_IGNORED
3314481379	50c9509d-22c7-4a22-a47d-8c48425ef4a7	https://www.inaturalist.org/observations/59248981	Fungi	Basidiomycota	Agaricomycetes	Agaricales	Psathyrellaceae	Lacrymaria	Lacrymaria lacrymabunda		SPECIES	Lacrymaria lacrymabunda (Bull.) Pat.	Lacrymaria lacrymabunda		CA		Québec	PRESENT		28eb1a3f-1c15-4a95-931a-4af90ecb574d	46.826417	-71.238576	122.0						2020-09-11T19:53:12Z	11	9	2020	5242798	5242798	HUMAN_OBSERVATION	iNaturalist	Observations	59248981		cathyduchaine	2020-09-11T19:54:33	CC_BY_NC_4_0	cathyduchaine	cathyduchaine			2025-01-14T13:05:44.458Z	StillImage	COORDINATE_ROUNDED;CONTINENT_DERIVED_FROM_COORDINATES;TAXON_MATCH_TAXON_ID_IGNORED
3097300448	50c9509d-22c7-4a22-a47d-8c48425ef4a7	https://www.inaturalist.org/observations/58449878	Fungi	Basidiomycota	Agaricomycetes	Agaricales	Psathyrellaceae	Lacrymaria	Lacrymaria lacrymabunda		SPECIES	Lacrymaria lacrymabunda (Bull.) Pat.	Lacrymaria lacrymabunda		CA		Québec	PRESENT		28eb1a3f-1c15-4a95-931a-4af90ecb574d	45.503769	-75.777116	3623.0						2020-09-03T16:46:12	3	9	2020	5242798	5242798	HUMAN_OBSERVATION	iNaturalist	Observations	58449878		cinna_latifolia	2021-02-01T21:42:09	CC_BY_NC_4_0	jayde_87	jayde_87			2025-01-14T13:03:59.982Z	StillImage	COORDINATE_ROUNDED;CONTINENT_DERIVED_FROM_COORDINATES;TAXON_MATCH_TAXON_ID_IGNORED
3039190640	50c9509d-22c7-4a22-a47d-8c48425ef4a7	https://www.inaturalist.org/observations/58449784	Fungi	Basidiomycota	Agaricomycetes	Agaricales	Psathyrellaceae	Lacrymaria	Lacrymaria lacrymabunda		SPECIES	Lacrymaria lacrymabunda (Bull.) Pat.	Lacrymaria lacrymabunda		CA		Québec	PRESENT		28eb1a3f-1c15-4a95-931a-4af90ecb574d	45.485321	-75.784181	48057.0						2020-09-03T16:46:23	3	9	2020	5242798	5242798	HUMAN_OBSERVATION	iNaturalist	Observations	58449784		jayde_87	2020-09-03T20:49:37	CC_BY_NC_4_0	jayde_87	jayde_87			2025-01-14T13:09:25.142Z	StillImage	COORDINATE_ROUNDED;CONTINENT_DERIVED_FROM_COORDINATES;TAXON_MATCH_TAXON_ID_IGNORED
2981020055	50c9509d-22c7-4a22-a47d-8c48425ef4a7	https://www.inaturalist.org/observations/64113853	Fungi	Basidiomycota	Agaricomycetes	Agaricales	Psathyrellaceae	Lacrymaria	Lacrymaria lacrymabunda		SPECIES	Lacrymaria lacrymabunda (Bull.) Pat.	Lacrymaria lacrymabunda		CA		Québec	PRESENT		28eb1a3f-1c15-4a95-931a-4af90ecb574d	45.510959	-73.897353							2020-09-10T11:57	10	9	2020	5242798	5242798	HUMAN_OBSERVATION	iNaturalist	Observations	64113853		John Guerin	2020-11-03T16:20:30	CC_BY_NC_4_0	John Guerin	John Guerin			2025-01-14T12:16:27.419Z	StillImage	COORDINATE_ROUNDED;CONTINENT_DERIVED_FROM_COORDINATES;TAXON_MATCH_TAXON_ID_IGNORED
2860278379	50c9509d-22c7-4a22-a47d-8c48425ef4a7	https://www.inaturalist.org/observations/58418355	Fungi	Basidiomycota	Agaricomycetes	Agaricales	Psathyrellaceae	Lacrymaria	Lacrymaria lacrymabunda		SPECIES	Lacrymaria lacrymabunda (Bull.) Pat.	Lacrymaria lacrymabunda		CA		Ontario	PRESENT		28eb1a3f-1c15-4a95-931a-4af90ecb574d	45.374423	-75.246028	503.0						2020-09-01T15:46:03	1	9	2020	5242798	5242798	HUMAN_OBSERVATION	iNaturalist	Observations	58418355		Lynn Ovenden	2020-09-03T14:57:00	CC_BY_NC_4_0	Lynn Ovenden	Lynn Ovenden			2025-01-14T12:14:39.114Z	StillImage	COORDINATE_ROUNDED;CONTINENT_DERIVED_FROM_COORDINATES;TAXON_MATCH_TAXON_ID_IGNORED
2856752339	50c9509d-22c7-4a22-a47d-8c48425ef4a7	https://www.inaturalist.org/observations/32798782	Fungi	Basidiomycota	Agaricomycetes	Agaricales	Psathyrellaceae	Lacrymaria	Lacrymaria lacrymabunda		SPECIES	Lacrymaria lacrymabunda (Bull.) Pat.	Lacrymaria lacrymabunda		CA		New Brunswick	PRESENT		28eb1a3f-1c15-4a95-931a-4af90ecb574d	46.470174	-64.713639	66.0						2019-09-15T10:23	15	9	2019	5242798	5242798	HUMAN_OBSERVATION	iNaturalist	Observations	32798782		Nick Belliveau	2020-06-22T01:14:21	CC_BY_NC_4_0	Nick Belliveau	Nick Belliveau			2025-01-14T12:09:13.955Z	StillImage	COORDINATE_ROUNDED;CONTINENT_DERIVED_FROM_COORDINATES;TAXON_MATCH_TAXON_ID_IGNORED
2447825012	50c9509d-22c7-4a22-a47d-8c48425ef4a7	https://www.inaturalist.org/observations/16231974	Fungi	Basidiomycota	Agaricomycetes	Agaricales	Psathyrellaceae	Lacrymaria	Lacrymaria lacrymabunda		SPECIES	Lacrymaria lacrymabunda (Bull.) Pat.	Lacrymaria lacrymabunda		CA		New Brunswick	PRESENT		28eb1a3f-1c15-4a95-931a-4af90ecb574d	46.021254	-66.61789	13.0						2018-08-27T18:50:11	27	8	2018	5242798	5242798	HUMAN_OBSERVATION	iNaturalist	Observations	16231974		Josh Tompkins	2018-09-05T15:44:27	CC_BY_NC_4_0	Josh Tompkins	Josh Tompkins			2025-01-14T13:00:53.044Z	StillImage	COORDINATE_ROUNDED;CONTINENT_DERIVED_FROM_COORDINATES;TAXON_MATCH_TAXON_ID_IGNORED
1946280071	50c9509d-22c7-4a22-a47d-8c48425ef4a7	https://www.inaturalist.org/observations/17890570	Fungi	Basidiomycota	Agaricomycetes	Agaricales	Psathyrellaceae	Lacrymaria	Lacrymaria lacrymabunda		SPECIES	Lacrymaria lacrymabunda (Bull.) Pat.	Lacrymaria lacrymabunda		CA		Ontario	PRESENT		28eb1a3f-1c15-4a95-931a-4af90ecb574d	45.508245	-75.455096	400.0						2017-09-17T15:10	17	9	2017	5242798	5242798	HUMAN_OBSERVATION	iNaturalist	Observations	17890570		jonathan_mack	2018-10-27T23:35:41	CC_BY_NC_4_0	jonathan_mack	jonathan_mack			2025-01-14T12:06:00.482Z	StillImage	COORDINATE_ROUNDED;CONTINENT_DERIVED_FROM_COORDINATES;TAXON_MATCH_TAXON_ID_IGNORED
1412705929	21705170-d2b6-42de-8904-c3bca4b83591	CMMF014363	Fungi	Basidiomycota	Agaricomycetes	Agaricales	Psathyrellaceae	Lacrymaria	Lacrymaria lacrymabunda		SPECIES	Psathyrella lacrymabunda (Bull.) M.M.Moser	Psathyrella lacrymabunda (Bull.) M.M. Moser	(Bull.) M.M. Moser	CA	Brossard, Québec.	Québec	PRESENT		ff7bd5db-b724-4932-b496-10ea298851f9	45.447591	-73.453807	6500.0						1979-08-25	25	8	1979	7564605	5242798	PRESERVED_SPECIMEN	Université de Montréal Biodiversity Centre	CMMF	CMMF014363	2382	Guérin, Gérard		CC0_1_0	Université de Montréal Biodiversity Centre	Guérin, Gérard			2024-01-24T16:38:19.525Z	StillImage	INSTITUTION_MATCH_FUZZY;COLLECTION_MATCH_FUZZY;DIFFERENT_OWNER_INSTITUTION
1412705907	21705170-d2b6-42de-8904-c3bca4b83591	CMMF014362	Fungi	Basidiomycota	Agaricomycetes	Agaricales	Psathyrellaceae	Lacrymaria	Lacrymaria lacrymabunda		SPECIES	Psathyrella lacrymabunda (Bull.) M.M.Moser	Psathyrella lacrymabunda (Bull.) M.M. Moser	(Bull.) M.M. Moser	CA	Cap-à-l'Ouest, LaBaie, Québec.	Québec	PRESENT		ff7bd5db-b724-4932-b496-10ea298851f9	48.378331	-70.82036	6000.0						1996-07-12	12	7	1996	7564605	5242798	PRESERVED_SPECIMEN	Université de Montréal Biodiversity Centre	CMMF	CMMF014362	2384	Guérin, Gérard		CC0_1_0	Université de Montréal Biodiversity Centre	Guérin, Gérard			2024-01-24T16:38:19.515Z	StillImage	INSTITUTION_MATCH_FUZZY;COLLECTION_MATCH_FUZZY;DIFFERENT_OWNER_INSTITUTION
1412705800	21705170-d2b6-42de-8904-c3bca4b83591	CMMF014342	Fungi	Basidiomycota	Agaricomycetes	Agaricales	Psathyrellaceae	Lacrymaria	Lacrymaria lacrymabunda		SPECIES	Psathyrella lacrymabunda (Bull.) M.M.Moser	Psathyrella lacrymabunda (Bull.) M.M. Moser	(Bull.) M.M. Moser	CA	Shipshaw, Québec.	Québec	PRESENT		ff7bd5db-b724-4932-b496-10ea298851f9	48.466834	-71.263421	2500.0						1984-06-01	1	6	1984	7564605	5242798	PRESERVED_SPECIMEN	Université de Montréal Biodiversity Centre	CMMF	CMMF014342	2383	Guérin, Gérard		CC0_1_0	Université de Montréal Biodiversity Centre	Guérin, Gérard			2024-01-24T16:38:19.519Z	StillImage	INSTITUTION_MATCH_FUZZY;COLLECTION_MATCH_FUZZY;DIFFERENT_OWNER_INSTITUTION
1135070757	21705170-d2b6-42de-8904-c3bca4b83591	CMMF009273	Fungi	Basidiomycota	Agaricomycetes	Agaricales	Psathyrellaceae	Lacrymaria	Lacrymaria lacrymabunda		SPECIES	Lacrymaria lacrymabunda (Bull.) Pat.	Lacrymaria lacrymabunda (Bull.) Pat.	(Bull.) Pat.	CA	Charlesbourg Ouest (Mr. A.), Québec.	Québec	PRESENT		ff7bd5db-b724-4932-b496-10ea298851f9	46.91969	-71.322285	4200.0						2006-09-23	23	9	2006	5242798	5242798	PRESERVED_SPECIMEN	Université de Montréal Biodiversity Centre	CMMF	CMMF009273	857	Labrecque, Jacqueline		CC0_1_0	Université de Montréal Biodiversity Centre	Labrecque, Jacqueline			2024-01-24T16:38:21.520Z		INSTITUTION_MATCH_FUZZY;COLLECTION_MATCH_FUZZY;DIFFERENT_OWNER_INSTITUTION
1135067845	21705170-d2b6-42de-8904-c3bca4b83591	CMMF006352	Fungi	Basidiomycota	Agaricomycetes	Agaricales	Psathyrellaceae	Lacrymaria	Lacrymaria lacrymabunda		SPECIES	Lacrymaria lacrymabunda (Bull.) Pat.	Lacrymaria lacrymabunda (Bull.) Pat.	(Bull.) Pat.	CA	Châteauguay	Québec	PRESENT		ff7bd5db-b724-4932-b496-10ea298851f9	45.3731	-73.737433	100.0						1977-09-27	27	9	1977	5242798	5242798	PRESERVED_SPECIMEN	Université de Montréal Biodiversity Centre	CMMF	CMMF006352	Inexistant	McNeil, Raymond		CC0_1_0	Université de Montréal Biodiversity Centre	McNeil, Raymond			2024-01-24T16:38:19.071Z	StillImage	COORDINATE_ROUNDED;INSTITUTION_MATCH_FUZZY;COLLECTION_MATCH_FUZZY;DIFFERENT_OWNER_INSTITUTION
1135067808	21705170-d2b6-42de-8904-c3bca4b83591	CMMF006351	Fungi	Basidiomycota	Agaricomycetes	Agaricales	Psathyrellaceae	Lacrymaria	Lacrymaria lacrymabunda		SPECIES	Lacrymaria lacrymabunda (Bull.) Pat.	Lacrymaria lacrymabunda (Bull.) Pat.	(Bull.) Pat.	CA	Châteauguay	Québec	PRESENT		ff7bd5db-b724-4932-b496-10ea298851f9	45.3731	-73.737433	100.0						2006-08-29	29	8	2006	5242798	5242798	PRESERVED_SPECIMEN	Université de Montréal Biodiversity Centre	CMMF	CMMF006351	Inexistant	McNeil, Raymond		CC0_1_0	Université de Montréal Biodiversity Centre	McNeil, Raymond			2024-01-24T16:38:19.037Z	StillImage	COORDINATE_ROUNDED;INSTITUTION_MATCH_FUZZY;COLLECTION_MATCH_FUZZY;DIFFERENT_OWNER_INSTITUTION
1135066601	21705170-d2b6-42de-8904-c3bca4b83591	CMMF010038	Fungi	Basidiomycota	Agaricomycetes	Agaricales	Psathyrellaceae	Lacrymaria	Lacrymaria lacrymabunda		SPECIES	Lacrymaria lacrymabunda (Bull.) Pat.	Lacrymaria lacrymabunda (Bull.) Pat.	(Bull.) Pat.	CA	Parc des Moulins, Québec.	Québec	PRESENT		ff7bd5db-b724-4932-b496-10ea298851f9	46.887678	-71.301288	600.0						2007-09-18	18	9	2007	5242798	5242798	PRESERVED_SPECIMEN	Université de Montréal Biodiversity Centre	CMMF	CMMF010038	1623	Labrecque, Jacqueline		CC0_1_0	Université de Montréal Biodiversity Centre	Labrecque, Jacqueline			2024-01-24T16:38:20.160Z		INSTITUTION_MATCH_FUZZY;COLLECTION_MATCH_FUZZY;DIFFERENT_OWNER_INSTITUTION
