gbifID	datasetKey	occurrenceID	kingdom	phylum	class	order	family	genus	species	infraspecificEpithet	taxonRank	scientificName	verbatimScientificName	verbatimScientificNameAuthorship	countryCode	locality	stateProvince	occurrenceStatus	individualCount	publishingOrgKey	decimalLatitude	decimalLongitude	coordinateUncertaintyInMeters	coordinatePrecision	elevation	elevationAccuracy	depth	depthAccuracy	eventDate	day	month	year	taxonKey	speciesKey	basisOfRecord	institutionCode	collectionCode	catalogNumber	recordNumber	identifiedBy	dateIdentified	license	rightsHolder	recordedBy	typeStatus	establishmentMeans	lastInterpreted	mediaType	issue
694156997	d7cfd2ed-8af4-427f-a16e-eb66b7e2c419	14011	Fungi	Basidiomycota	Agaricomycetes	Russulales	Russulaceae	Russula	Russula brevipes		SPECIES	Russula brevipes Peck	Russula brevipes Peck	Peck	CA	Algonquin Provincial Park	Ontario	PRESENT		ff418020-1d67-11d9-8435-b8a03c50a862	45.759859	-78.376465	67511.0						2007-09-29	29	9	2007	7240188	7240188	PRESERVED_SPECIMEN	Royal Ontario Museum	TRTC	TRTC156848	ALG07_24			CC0_1_0	Royal Ontario Museum	Maryna Didukh; Dentiger Bryn			2024-01-25T00:59:40.036Z	StillImage	COORDINATE_ROUNDED;AMBIGUOUS_INSTITUTION
694156976	d7cfd2ed-8af4-427f-a16e-eb66b7e2c419	13937	Fungi	Basidiomycota	Agaricomycetes	Russulales	Russulaceae	Russula	Russula brevipes		SPECIES	Russula brevipes Peck	Russula brevipes Peck	Peck	CA	Algonquin Provincial Park	Ontario	PRESENT		ff418020-1d67-11d9-8435-b8a03c50a862	45.759859	-78.376465	67511.0						2007-10-02	2	10	2007	7240188	7240188	PRESERVED_SPECIMEN	Royal Ontario Museum	TRTC	TRTC156951	ALG07_127			CC0_1_0	Royal Ontario Museum	Maryna Didukh; Dentiger Bryn			2024-01-25T00:59:38.800Z	StillImage	COORDINATE_ROUNDED;AMBIGUOUS_INSTITUTION
694156973	d7cfd2ed-8af4-427f-a16e-eb66b7e2c419	13929	Fungi	Basidiomycota	Agaricomycetes	Russulales	Russulaceae	Russula	Russula brevipes		SPECIES	Russula brevipes Peck	Russula brevipes Peck	Peck	CA	Algonquin Provincial Park	Ontario	PRESENT		ff418020-1d67-11d9-8435-b8a03c50a862	45.759859	-78.376465	67511.0						2007-10-02	2	10	2007	7240188	7240188	PRESERVED_SPECIMEN	Royal Ontario Museum	TRTC	TRTC156943	ALG07_119			CC0_1_0	Royal Ontario Museum	Maryna Didukh; Dentiger Bryn			2024-01-25T00:59:38.797Z	StillImage	COORDINATE_ROUNDED;AMBIGUOUS_INSTITUTION
617554935	21705170-d2b6-42de-8904-c3bca4b83591	CMMF000584	Fungi	Basidiomycota	Agaricomycetes	Russulales	Russulaceae	Russula	Russula brevipes		SPECIES	Russula brevipes Peck	Russula brevipes Peck	Peck	CA	Laval	Québec	PRESENT		ff7bd5db-b724-4932-b496-10ea298851f9	45.609608	-73.705867	17500.0						1989-07-20	20	7	1989	7240188	7240188	PRESERVED_SPECIMEN	Université de Montréal Biodiversity Centre	CMMF	CMMF000584		Lamoureux, Yves		CC0_1_0	Université de Montréal Biodiversity Centre	Lamoureux, Yves			2024-01-24T16:38:20.084Z	StillImage	INSTITUTION_MATCH_FUZZY;COLLECTION_MATCH_FUZZY;DIFFERENT_OWNER_INSTITUTION
617554044	21705170-d2b6-42de-8904-c3bca4b83591	CMMF003873	Fungi	Basidiomycota	Agaricomycetes	Russulales	Russulaceae	Russula	Russula brevipes		SPECIES	Russula brevipes Peck	Russula brevipes Peck	Peck	CA	Montréal	Québec	PRESENT		ff7bd5db-b724-4932-b496-10ea298851f9	45.509625	-73.662984	25000.0						2004-08-20	20	8	2004	7240188	7240188	PRESERVED_SPECIMEN	Université de Montréal Biodiversity Centre	CMMF	CMMF003873		Lamoureux, Yves		CC0_1_0	Université de Montréal Biodiversity Centre	Lamoureux, Yves			2024-01-24T16:38:16.545Z	StillImage	INSTITUTION_MATCH_FUZZY;COLLECTION_MATCH_FUZZY;DIFFERENT_OWNER_INSTITUTION
617553735	21705170-d2b6-42de-8904-c3bca4b83591	CMMF003736	Fungi	Basidiomycota	Agaricomycetes	Russulales	Russulaceae	Russula	Russula brevipes		SPECIES	Russula brevipes Peck	Russula brevipes Peck	Peck	CA	Rawdon	Québec	PRESENT		ff7bd5db-b724-4932-b496-10ea298851f9	46.052398	-73.748752	11000.0						2003-07-18	18	7	2003	7240188	7240188	PRESERVED_SPECIMEN	Université de Montréal Biodiversity Centre	CMMF	CMMF003736		Lamoureux, Yves		CC0_1_0	Université de Montréal Biodiversity Centre	Lamoureux, Yves			2024-01-24T16:38:16.425Z	StillImage	INSTITUTION_MATCH_FUZZY;COLLECTION_MATCH_FUZZY;DIFFERENT_OWNER_INSTITUTION
617547717	21705170-d2b6-42de-8904-c3bca4b83591	CMMF000109	Fungi	Basidiomycota	Agaricomycetes	Russulales	Russulaceae	Russula	Russula brevipes		SPECIES	Russula brevipes Peck	Russula brevipes Peck	Peck	CA	Laval	Québec	PRESENT		ff7bd5db-b724-4932-b496-10ea298851f9	45.609608	-73.705867	17500.0						1988-07-29	29	7	1988	7240188	7240188	PRESERVED_SPECIMEN	Université de Montréal Biodiversity Centre	CMMF	CMMF000109		Lamoureux, Yves		CC0_1_0	Université de Montréal Biodiversity Centre	Lamoureux, Yves			2024-01-24T16:38:20.508Z	StillImage	INSTITUTION_MATCH_FUZZY;COLLECTION_MATCH_FUZZY;DIFFERENT_OWNER_INSTITUTION
4982094146	50c9509d-22c7-4a22-a47d-8c48425ef4a7	https://www.inaturalist.org/observations/245664717	Fungi	Basidiomycota	Agaricomycetes	Russulales	Russulaceae	Russula	Russula brevipes		SPECIES	Russula brevipes Peck	Russula brevipes		CA		Prince Edward Island	PRESENT		28eb1a3f-1c15-4a95-931a-4af90ecb574d	46.866763	-64.20897	37.0						2024-10-03T13:51:28	3	10	2024	7240188	7240188	HUMAN_OBSERVATION	iNaturalist	Observations	245664717		Rosemary Curley	2024-10-05T01:18:48	CC_BY_NC_4_0	Rosemary Curley	Rosemary Curley			2025-01-14T13:48:48.354Z	StillImage	COORDINATE_ROUNDED;CONTINENT_DERIVED_FROM_COORDINATES;TAXON_MATCH_TAXON_ID_IGNORED
4980746238	50c9509d-22c7-4a22-a47d-8c48425ef4a7	https://www.inaturalist.org/observations/16272162	Fungi	Basidiomycota	Agaricomycetes	Russulales	Russulaceae	Russula	Russula brevipes		SPECIES	Russula brevipes Peck	Russula brevipes		CA		Ontario	PRESENT		28eb1a3f-1c15-4a95-931a-4af90ecb574d	45.51414	-75.339557	23.0						2018-09-06	6	9	2018	7240188	7240188	HUMAN_OBSERVATION	iNaturalist	Observations	16272162		jonathan_mack	2020-10-07T02:00:06	CC_BY_NC_4_0	kevinwallace	kevinwallace			2025-01-14T13:00:46.886Z	StillImage	CONTINENT_DERIVED_FROM_COORDINATES;TAXON_MATCH_TAXON_ID_IGNORED
4980448704	50c9509d-22c7-4a22-a47d-8c48425ef4a7	https://www.inaturalist.org/observations/7856717	Fungi	Basidiomycota	Agaricomycetes	Russulales	Russulaceae	Russula	Russula brevipes		SPECIES	Russula brevipes Peck	Russula brevipes		CA		Ontario	PRESENT		28eb1a3f-1c15-4a95-931a-4af90ecb574d	45.517134	-75.406029	12404.0						2017-09-09T11:39	9	9	2017	7240188	7240188	HUMAN_OBSERVATION	iNaturalist	Observations	7856717		Igor Khomenko	2018-10-03T04:50:27	CC_BY_NC_4_0	Mike Leveille	Mike Leveille			2025-01-14T12:03:52.641Z	StillImage	COORDINATE_ROUNDED;CONTINENT_DERIVED_FROM_COORDINATES;TAXON_MATCH_TAXON_ID_IGNORED
4954537217	50c9509d-22c7-4a22-a47d-8c48425ef4a7	https://www.inaturalist.org/observations/238745514	Fungi	Basidiomycota	Agaricomycetes	Russulales	Russulaceae	Russula	Russula brevipes		SPECIES	Russula brevipes Peck	Russula brevipes		CA		Ontario	PRESENT		28eb1a3f-1c15-4a95-931a-4af90ecb574d	45.624153	-77.890433	5.0						2023-08-17T13:20	17	8	2023	7240188	7240188	HUMAN_OBSERVATION	iNaturalist	Observations	238745514		Anthony Gaston	2024-10-15T20:46:45	CC_BY_NC_4_0	IanLJones	IanLJones			2025-01-14T13:40:21.154Z	StillImage	COORDINATE_ROUNDED;CONTINENT_DERIVED_FROM_COORDINATES;TAXON_MATCH_TAXON_ID_IGNORED
4952992307	50c9509d-22c7-4a22-a47d-8c48425ef4a7	https://www.inaturalist.org/observations/244235188	Fungi	Basidiomycota	Agaricomycetes	Russulales	Russulaceae	Russula	Russula brevipes		SPECIES	Russula brevipes Peck	Russula brevipes		CA		Québec	PRESENT		28eb1a3f-1c15-4a95-931a-4af90ecb574d	46.115075	-74.482266	51459.0						2024-09-26T18:40	26	9	2024	7240188	7240188	HUMAN_OBSERVATION	iNaturalist	Observations	244235188		Jim Keegan	2024-09-27T12:05:24	CC_BY_NC_4_0	catheerinne	catheerinne			2025-01-14T12:54:00.439Z	StillImage	COORDINATE_ROUNDED;CONTINENT_DERIVED_FROM_COORDINATES;TAXON_MATCH_TAXON_ID_IGNORED
4952383121	50c9509d-22c7-4a22-a47d-8c48425ef4a7	https://www.inaturalist.org/observations/244706100	Fungi	Basidiomycota	Agaricomycetes	Russulales	Russulaceae	Russula	Russula brevipes		SPECIES	Russula brevipes Peck	Russula brevipes		CA		New Brunswick	PRESENT		28eb1a3f-1c15-4a95-931a-4af90ecb574d	45.956522	-66.669299	4.0						2024-09-29T11:33:53	29	9	2024	7240188	7240188	HUMAN_OBSERVATION	iNaturalist	Observations	244706100		thuilia	2024-09-29T19:21:01	CC_BY_NC_4_0	thuilia	thuilia			2025-01-14T12:52:14.713Z	StillImage	COORDINATE_ROUNDED;CONTINENT_DERIVED_FROM_COORDINATES;TAXON_MATCH_TAXON_ID_IGNORED
4892248871	50c9509d-22c7-4a22-a47d-8c48425ef4a7	https://www.inaturalist.org/observations/87021593	Fungi	Basidiomycota	Agaricomycetes	Russulales	Russulaceae	Russula	Russula brevipes		SPECIES	Russula brevipes Peck	Russula brevipes		CA		Ontario	PRESENT		28eb1a3f-1c15-4a95-931a-4af90ecb574d	45.204538	-76.22431	370.0						2021-07-14T13:52	14	7	2021	7240188	7240188	HUMAN_OBSERVATION	iNaturalist	Observations	87021593		Ken Allison	2021-07-14T19:04:31	CC_BY_NC_4_0	Ken Allison	Ken Allison			2025-01-14T13:13:08.724Z	StillImage	COORDINATE_ROUNDED;CONTINENT_DERIVED_FROM_COORDINATES;TAXON_MATCH_TAXON_ID_IGNORED
4892231677	50c9509d-22c7-4a22-a47d-8c48425ef4a7	https://www.inaturalist.org/observations/133782370	Fungi	Basidiomycota	Agaricomycetes	Russulales	Russulaceae	Russula	Russula brevipes		SPECIES	Russula brevipes Peck	Russula brevipes		CA		Ontario	PRESENT		28eb1a3f-1c15-4a95-931a-4af90ecb574d	45.204538	-76.22431	370.0						2022-09-05T12:17	5	9	2022	7240188	7240188	HUMAN_OBSERVATION	iNaturalist	Observations	133782370		Ken Allison	2022-09-05T16:43:15	CC_BY_NC_4_0	Ken Allison	Ken Allison			2025-01-14T12:33:39.093Z	StillImage	COORDINATE_ROUNDED;CONTINENT_DERIVED_FROM_COORDINATES;TAXON_MATCH_TAXON_ID_IGNORED
4892216659	50c9509d-22c7-4a22-a47d-8c48425ef4a7	https://www.inaturalist.org/observations/59002539	Fungi	Basidiomycota	Agaricomycetes	Russulales	Russulaceae	Russula	Russula brevipes		SPECIES	Russula brevipes Peck	Russula brevipes		CA		Ontario	PRESENT		28eb1a3f-1c15-4a95-931a-4af90ecb574d	45.204538	-76.22431	370.0						2020-09-06T01:09	6	9	2020	7240188	7240188	HUMAN_OBSERVATION	iNaturalist	Observations	59002539		Ken Allison	2020-09-09T00:07:26	CC_BY_NC_4_0	Ken Allison	Ken Allison			2025-01-14T12:14:52.666Z	StillImage	COORDINATE_ROUNDED;CONTINENT_DERIVED_FROM_COORDINATES;TAXON_MATCH_TAXON_ID_IGNORED
4892139904	50c9509d-22c7-4a22-a47d-8c48425ef4a7	https://www.inaturalist.org/observations/58367291	Fungi	Basidiomycota	Agaricomycetes	Russulales	Russulaceae	Russula	Russula brevipes		SPECIES	Russula brevipes Peck	Russula brevipes		CA		Ontario	PRESENT		28eb1a3f-1c15-4a95-931a-4af90ecb574d	45.204538	-76.22431	370.0						2020-08-29T01:06	29	8	2020	7240188	7240188	HUMAN_OBSERVATION	iNaturalist	Observations	58367291		Ken Allison	2020-09-02T21:57:33	CC_BY_NC_4_0	Ken Allison	Ken Allison			2025-01-14T13:09:41.361Z	StillImage	COORDINATE_ROUNDED;CONTINENT_DERIVED_FROM_COORDINATES;TAXON_MATCH_TAXON_ID_IGNORED
4892008198	50c9509d-22c7-4a22-a47d-8c48425ef4a7	https://www.inaturalist.org/observations/57757804	Fungi	Basidiomycota	Agaricomycetes	Russulales	Russulaceae	Russula	Russula brevipes		SPECIES	Russula brevipes Peck	Russula brevipes		CA		Ontario	PRESENT		28eb1a3f-1c15-4a95-931a-4af90ecb574d	45.204538	-76.22431	370.0						2020-08-27T01:22	27	8	2020	7240188	7240188	HUMAN_OBSERVATION	iNaturalist	Observations	57757804		Ken Allison	2020-08-27T18:34:04	CC_BY_NC_4_0	Ken Allison	Ken Allison			2025-01-14T13:09:36.565Z	StillImage	COORDINATE_ROUNDED;CONTINENT_DERIVED_FROM_COORDINATES;TAXON_MATCH_TAXON_ID_IGNORED
4891962876	50c9509d-22c7-4a22-a47d-8c48425ef4a7	https://www.inaturalist.org/observations/133782374	Fungi	Basidiomycota	Agaricomycetes	Russulales	Russulaceae	Russula	Russula brevipes		SPECIES	Russula brevipes Peck	Russula brevipes		CA		Ontario	PRESENT		28eb1a3f-1c15-4a95-931a-4af90ecb574d	45.204538	-76.22431	370.0						2022-09-05T12:18	5	9	2022	7240188	7240188	HUMAN_OBSERVATION	iNaturalist	Observations	133782374		Ken Allison	2022-09-05T16:43:16	CC_BY_NC_4_0	Ken Allison	Ken Allison			2025-01-14T12:33:31.816Z	StillImage	COORDINATE_ROUNDED;CONTINENT_DERIVED_FROM_COORDINATES;TAXON_MATCH_TAXON_ID_IGNORED
4891854309	50c9509d-22c7-4a22-a47d-8c48425ef4a7	https://www.inaturalist.org/observations/58367298	Fungi	Basidiomycota	Agaricomycetes	Russulales	Russulaceae	Russula	Russula brevipes		SPECIES	Russula brevipes Peck	Russula brevipes		CA		Ontario	PRESENT		28eb1a3f-1c15-4a95-931a-4af90ecb574d	45.204538	-76.22431	370.0						2020-08-31T06:57	31	8	2020	7240188	7240188	HUMAN_OBSERVATION	iNaturalist	Observations	58367298		Ken Allison	2020-09-02T21:57:35	CC_BY_NC_4_0	Ken Allison	Ken Allison			2025-01-14T13:10:01.465Z	StillImage	COORDINATE_ROUNDED;CONTINENT_DERIVED_FROM_COORDINATES;TAXON_MATCH_TAXON_ID_IGNORED
4607450460	50c9509d-22c7-4a22-a47d-8c48425ef4a7	https://www.inaturalist.org/observations/190076400	Fungi	Basidiomycota	Agaricomycetes	Russulales	Russulaceae	Russula	Russula brevipes		SPECIES	Russula brevipes Peck	Russula brevipes		CA		Ontario	PRESENT		28eb1a3f-1c15-4a95-931a-4af90ecb574d	45.444171	-75.182628	67.0						2023-11-04T15:32	4	11	2023	7240188	7240188	HUMAN_OBSERVATION	iNaturalist	Observations	190076400		jonathan_mack	2023-11-05T15:13:39	CC_BY_NC_4_0	jonathan_mack	jonathan_mack			2025-01-14T13:34:55.140Z	StillImage	COORDINATE_ROUNDED;CONTINENT_DERIVED_FROM_COORDINATES;TAXON_MATCH_TAXON_ID_IGNORED
4453820039	50c9509d-22c7-4a22-a47d-8c48425ef4a7	https://www.inaturalist.org/observations/184609059	Fungi	Basidiomycota	Agaricomycetes	Russulales	Russulaceae	Russula	Russula brevipes		SPECIES	Russula brevipes Peck	Russula brevipes		CA		Québec	PRESENT		28eb1a3f-1c15-4a95-931a-4af90ecb574d	45.263466	-72.383474	3748.0						2023-09-09T12:13	9	9	2023	7240188	7240188	HUMAN_OBSERVATION	iNaturalist	Observations	184609059		valeriecharest08	2023-11-25T16:33:48	CC_BY_NC_4_0	valeriecharest08	valeriecharest08			2025-01-14T13:42:13.821Z	StillImage	COORDINATE_ROUNDED;CONTINENT_DERIVED_FROM_COORDINATES;TAXON_MATCH_TAXON_ID_IGNORED
4417083330	50c9509d-22c7-4a22-a47d-8c48425ef4a7	https://www.inaturalist.org/observations/184307932	Fungi	Basidiomycota	Agaricomycetes	Russulales	Russulaceae	Russula	Russula brevipes		SPECIES	Russula brevipes Peck	Russula brevipes		CA		Québec	PRESENT		28eb1a3f-1c15-4a95-931a-4af90ecb574d	45.695589	-73.83138	8.0						2023-09-21T10:46	21	9	2023	7240188	7240188	HUMAN_OBSERVATION	iNaturalist	Observations	184307932		Renard frak	2023-09-21T20:17:36	CC_BY_NC_4_0	Renard frak	Renard frak			2025-01-14T12:42:26.642Z	StillImage	COORDINATE_ROUNDED;CONTINENT_DERIVED_FROM_COORDINATES;TAXON_MATCH_TAXON_ID_IGNORED
4413993502	50c9509d-22c7-4a22-a47d-8c48425ef4a7	https://www.inaturalist.org/observations/183782868	Fungi	Basidiomycota	Agaricomycetes	Russulales	Russulaceae	Russula	Russula brevipes		SPECIES	Russula brevipes Peck	Russula brevipes		CA		Ontario	PRESENT		28eb1a3f-1c15-4a95-931a-4af90ecb574d	45.437936	-75.583613							2023-09-17T17:09:56	17	9	2023	7240188	7240188	HUMAN_OBSERVATION	iNaturalist	Observations	183782868		Lindsay Boudreau	2023-09-18T01:44:16	CC_BY_NC_4_0	Lindsay Boudreau	Lindsay Boudreau			2025-01-14T12:42:42.123Z	StillImage	COORDINATE_ROUNDED;CONTINENT_DERIVED_FROM_COORDINATES;TAXON_MATCH_TAXON_ID_IGNORED
4413644923	50c9509d-22c7-4a22-a47d-8c48425ef4a7	https://www.inaturalist.org/observations/179820924	Fungi	Basidiomycota	Agaricomycetes	Russulales	Russulaceae	Russula	Russula brevipes		SPECIES	Russula brevipes Peck	Russula brevipes		CA		Québec	PRESENT		28eb1a3f-1c15-4a95-931a-4af90ecb574d	45.655942	-75.67159	14.0						2023-08-23T09:08:50	23	8	2023	7240188	7240188	HUMAN_OBSERVATION	iNaturalist	Observations	179820924		alitheabsurd	2023-08-28T00:51:32	CC_BY_NC_4_0	Anthony Gaston	Anthony Gaston			2025-01-14T13:32:11.826Z	StillImage	COORDINATE_ROUNDED;CONTINENT_DERIVED_FROM_COORDINATES;TAXON_MATCH_TAXON_ID_IGNORED
4407467219	50c9509d-22c7-4a22-a47d-8c48425ef4a7	https://www.inaturalist.org/observations/181774745	Fungi	Basidiomycota	Agaricomycetes	Russulales	Russulaceae	Russula	Russula brevipes		SPECIES	Russula brevipes Peck	Russula brevipes		CA		Ontario	PRESENT		28eb1a3f-1c15-4a95-931a-4af90ecb574d	45.333105	-76.37413	5.0						2023-09-03T18:40:01	3	9	2023	7240188	7240188	HUMAN_OBSERVATION	iNaturalist	Observations	181774745		gordv	2023-09-04T17:59:03	CC_BY_NC_4_0	gordv	gordv			2025-01-14T12:40:03.226Z	StillImage	CONTINENT_DERIVED_FROM_COORDINATES;TAXON_MATCH_TAXON_ID_IGNORED
4162308578	50c9509d-22c7-4a22-a47d-8c48425ef4a7	https://www.inaturalist.org/observations/173216132	Fungi	Basidiomycota	Agaricomycetes	Russulales	Russulaceae	Russula	Russula brevipes		SPECIES	Russula brevipes Peck	Russula brevipes		CA		Québec	PRESENT		28eb1a3f-1c15-4a95-931a-4af90ecb574d	45.527907	-74.053744	12432.0						2023-07-16T10:26:51	16	7	2023	7240188	7240188	HUMAN_OBSERVATION	iNaturalist	Observations	173216132		Ryan Young	2023-07-16T14:39:28	CC_BY_NC_4_0	Ryan Young	Ryan Young			2025-01-14T13:31:24.007Z	StillImage	COORDINATE_ROUNDED;CONTINENT_DERIVED_FROM_COORDINATES;TAXON_MATCH_TAXON_ID_IGNORED
4133892325	50c9509d-22c7-4a22-a47d-8c48425ef4a7	https://www.inaturalist.org/observations/59151368	Fungi	Basidiomycota	Agaricomycetes	Russulales	Russulaceae	Russula	Russula brevipes		SPECIES	Russula brevipes Peck	Russula brevipes		CA		Ontario	PRESENT		28eb1a3f-1c15-4a95-931a-4af90ecb574d	45.509693	-75.328845	4.0						2020-09-10T14:53:38	10	9	2020	7240188	7240188	HUMAN_OBSERVATION	iNaturalist	Observations	59151368		jfbeaulnes	2020-09-10T18:54:26	CC_BY_NC_4_0	jfbeaulnes	jfbeaulnes			2025-01-14T12:14:42.126Z	StillImage	COORDINATE_ROUNDED;CONTINENT_DERIVED_FROM_COORDINATES;TAXON_MATCH_TAXON_ID_IGNORED
4133846314	50c9509d-22c7-4a22-a47d-8c48425ef4a7	https://www.inaturalist.org/observations/58912051	Fungi	Basidiomycota	Agaricomycetes	Russulales	Russulaceae	Russula	Russula brevipes		SPECIES	Russula brevipes Peck	Russula brevipes		CA		Ontario	PRESENT		28eb1a3f-1c15-4a95-931a-4af90ecb574d	45.466715	-75.510423	36.0						2020-09-07T15:09	7	9	2020	7240188	7240188	HUMAN_OBSERVATION	iNaturalist	Observations	58912051		jonathan_mack	2020-09-08T01:56:10	CC_BY_NC_4_0	jonathan_mack	jonathan_mack			2025-01-14T12:14:36.595Z	StillImage	COORDINATE_ROUNDED;CONTINENT_DERIVED_FROM_COORDINATES;TAXON_MATCH_TAXON_ID_IGNORED
4133729334	50c9509d-22c7-4a22-a47d-8c48425ef4a7	https://www.inaturalist.org/observations/31262006	Fungi	Basidiomycota	Agaricomycetes	Russulales	Russulaceae	Russula	Russula brevipes		SPECIES	Russula brevipes Peck	Russula brevipes		CA		Ontario	PRESENT		28eb1a3f-1c15-4a95-931a-4af90ecb574d	45.51121	-75.338004	23.0						2019-08-20	20	8	2019	7240188	7240188	HUMAN_OBSERVATION	iNaturalist	Observations	31262006		kevinwallace	2019-08-24T02:22:59	CC_BY_NC_4_0	kevinwallace	kevinwallace			2025-01-14T12:08:52.004Z	StillImage	CONTINENT_DERIVED_FROM_COORDINATES;TAXON_MATCH_TAXON_ID_IGNORED
4133700311	50c9509d-22c7-4a22-a47d-8c48425ef4a7	https://www.inaturalist.org/observations/30325334	Fungi	Basidiomycota	Agaricomycetes	Russulales	Russulaceae	Russula	Russula brevipes		SPECIES	Russula brevipes Peck	Russula brevipes		CA		Ontario	PRESENT		28eb1a3f-1c15-4a95-931a-4af90ecb574d	45.401719	-75.543778	6523.0						2019-08-03T11:50	3	8	2019	7240188	7240188	HUMAN_OBSERVATION	iNaturalist	Observations	30325334		Igor Khomenko	2019-08-06T19:44:09	CC_BY_NC_4_0	Igor Khomenko	Igor Khomenko			2025-01-14T12:08:37.861Z	StillImage	COORDINATE_ROUNDED;CONTINENT_DERIVED_FROM_COORDINATES;TAXON_MATCH_TAXON_ID_IGNORED
4133593315	50c9509d-22c7-4a22-a47d-8c48425ef4a7	https://www.inaturalist.org/observations/32406029	Fungi	Basidiomycota	Agaricomycetes	Russulales	Russulaceae	Russula	Russula brevipes		SPECIES	Russula brevipes Peck	Russula brevipes		CA		Ontario	PRESENT		28eb1a3f-1c15-4a95-931a-4af90ecb574d	45.404239	-75.559806	24.0						2019-09-05T12:04	5	9	2019	7240188	7240188	HUMAN_OBSERVATION	iNaturalist	Observations	32406029		Igor Khomenko	2019-09-09T12:48:10	CC_BY_NC_4_0	Igor Khomenko	Igor Khomenko			2025-01-14T12:09:08.359Z	StillImage	COORDINATE_ROUNDED;CONTINENT_DERIVED_FROM_COORDINATES;TAXON_MATCH_TAXON_ID_IGNORED
4129990383	50c9509d-22c7-4a22-a47d-8c48425ef4a7	https://www.inaturalist.org/observations/97654878	Fungi	Basidiomycota	Agaricomycetes	Russulales	Russulaceae	Russula	Russula brevipes		SPECIES	Russula brevipes Peck	Russula brevipes		CA		Ontario	PRESENT		28eb1a3f-1c15-4a95-931a-4af90ecb574d	45.325349	-76.12657	27190.0						2021-10-09T11:42:20	9	10	2021	7240188	7240188	HUMAN_OBSERVATION	iNaturalist	Observations	97654878		kimhendley	2021-10-09T15:42:30	CC_BY_NC_4_0	kimhendley	kimhendley			2025-01-14T12:24:36.011Z	StillImage	COORDINATE_ROUNDED;CONTINENT_DERIVED_FROM_COORDINATES;TAXON_MATCH_TAXON_ID_IGNORED
4129747361	50c9509d-22c7-4a22-a47d-8c48425ef4a7	https://www.inaturalist.org/observations/95322619	Fungi	Basidiomycota	Agaricomycetes	Russulales	Russulaceae	Russula	Russula brevipes		SPECIES	Russula brevipes Peck	Russula brevipes		CA		Ontario	PRESENT		28eb1a3f-1c15-4a95-931a-4af90ecb574d	45.363905	-75.526383	12.0						2021-09-18T14:06:56	18	9	2021	7240188	7240188	HUMAN_OBSERVATION	iNaturalist	Observations	95322619		Igor Khomenko	2021-09-18T21:52:25	CC_BY_NC_4_0	Igor Khomenko	Igor Khomenko			2025-01-14T12:23:52.543Z	StillImage	COORDINATE_ROUNDED;CONTINENT_DERIVED_FROM_COORDINATES;TAXON_MATCH_TAXON_ID_IGNORED
4129735312	50c9509d-22c7-4a22-a47d-8c48425ef4a7	https://www.inaturalist.org/observations/15407910	Fungi	Basidiomycota	Agaricomycetes	Russulales	Russulaceae	Russula	Russula brevipes		SPECIES	Russula brevipes Peck	Russula brevipes		CA		Ontario	PRESENT		28eb1a3f-1c15-4a95-931a-4af90ecb574d	45.515834	-75.343839	46.0						2018-08-13	13	8	2018	7240188	7240188	HUMAN_OBSERVATION	iNaturalist	Observations	15407910		jonathan_mack	2020-10-06T23:09:37	CC_BY_NC_4_0	kevinwallace	kevinwallace			2025-01-14T12:05:40.852Z	StillImage	CONTINENT_DERIVED_FROM_COORDINATES;TAXON_MATCH_TAXON_ID_IGNORED
4121038302	50c9509d-22c7-4a22-a47d-8c48425ef4a7	https://www.inaturalist.org/observations/8065686	Fungi	Basidiomycota	Agaricomycetes	Russulales	Russulaceae	Russula	Russula brevipes		SPECIES	Russula brevipes Peck	Russula brevipes		CA		Ontario	PRESENT		28eb1a3f-1c15-4a95-931a-4af90ecb574d	45.506076	-75.337415	93.0						2017-09-23	23	9	2017	7240188	7240188	HUMAN_OBSERVATION	iNaturalist	Observations	8065686		marthar	2017-09-24T21:47:26	CC_BY_NC_4_0	Mike Leveille	Mike Leveille			2025-01-14T12:04:11.558Z	StillImage	CONTINENT_DERIVED_FROM_COORDINATES;TAXON_MATCH_TAXON_ID_IGNORED
4104430928	5a6538b8-e35c-46c4-8978-6858a657a75f	26ccedfe-7a29-4c44-a791-3cf19136d89c	Fungi	Basidiomycota	Agaricomycetes	Russulales	Russulaceae	Russula	Russula brevipes		SPECIES	Russula brevipes Peck	Russula brevipes	Peck	CA		Quebec	PRESENT		a26dde42-dd82-4d07-a763-353ab27fc02c	49.166667	-65.916667	301.0						1967-07-24	24	7	1967	7240188	7240188	PRESERVED_SPECIMEN	CUP		CUP-061198		R. L. Shaffer		CC0_1_0		R. L. Shaffer			2025-01-15T04:26:05.776Z	StillImage	GEODETIC_DATUM_ASSUMED_WGS84;CONTINENT_DERIVED_FROM_COORDINATES;TAXON_MATCH_TAXON_ID_IGNORED;COLLECTION_MATCH_NONE;INSTITUTION_MATCH_FUZZY
4039155614	50c9509d-22c7-4a22-a47d-8c48425ef4a7	https://www.inaturalist.org/observations/136351981	Fungi	Basidiomycota	Agaricomycetes	Russulales	Russulaceae	Russula	Russula brevipes		SPECIES	Russula brevipes Peck	Russula brevipes		CA		Ontario	PRESENT		28eb1a3f-1c15-4a95-931a-4af90ecb574d	45.204538	-76.22431	370.0						2022-09-19T12:06	19	9	2022	7240188	7240188	HUMAN_OBSERVATION	iNaturalist	Observations	136351981		Ken Allison	2022-09-24T23:00:46	CC_BY_NC_4_0	Ken Allison	Ken Allison			2025-01-14T12:32:01.126Z	StillImage	COORDINATE_ROUNDED;CONTINENT_DERIVED_FROM_COORDINATES;TAXON_MATCH_TAXON_ID_IGNORED
3915257713	50c9509d-22c7-4a22-a47d-8c48425ef4a7	https://www.inaturalist.org/observations/131455318	Fungi	Basidiomycota	Agaricomycetes	Russulales	Russulaceae	Russula	Russula brevipes		SPECIES	Russula brevipes Peck	Russula brevipes		CA		Québec	PRESENT		28eb1a3f-1c15-4a95-931a-4af90ecb574d	46.215372	-74.702307	20.0						2022-08-19T10:10:40	19	8	2022	7240188	7240188	HUMAN_OBSERVATION	iNaturalist	Observations	131455318		Alan Rockefeller	2022-09-28T03:17:02	CC_BY_NC_4_0	Patrick Marchand	Patrick Marchand			2025-01-14T13:16:09.699Z	StillImage	COORDINATE_ROUNDED;CONTINENT_DERIVED_FROM_COORDINATES;TAXON_MATCH_TAXON_ID_IGNORED
3903310636	50c9509d-22c7-4a22-a47d-8c48425ef4a7	https://www.inaturalist.org/observations/133078672	Fungi	Basidiomycota	Agaricomycetes	Russulales	Russulaceae	Russula	Russula brevipes		SPECIES	Russula brevipes Peck	Russula brevipes		CA		Québec	PRESENT		28eb1a3f-1c15-4a95-931a-4af90ecb574d	45.608216	-75.64474	4.0						2022-08-31T09:45	31	8	2022	7240188	7240188	HUMAN_OBSERVATION	iNaturalist	Observations	133078672		Guy Laflamme	2022-08-31T14:18:41	CC_BY_NC_4_0	Guy Laflamme	Guy Laflamme			2025-01-14T12:33:22.429Z	StillImage	COORDINATE_ROUNDED;CONTINENT_DERIVED_FROM_COORDINATES;TAXON_MATCH_TAXON_ID_IGNORED
3903118345	50c9509d-22c7-4a22-a47d-8c48425ef4a7	https://www.inaturalist.org/observations/133990766	Fungi	Basidiomycota	Agaricomycetes	Russulales	Russulaceae	Russula	Russula brevipes		SPECIES	Russula brevipes Peck	Russula brevipes		CA		Ontario	PRESENT		28eb1a3f-1c15-4a95-931a-4af90ecb574d	45.455042	-75.547596	28.0						2022-09-05T13:52	5	9	2022	7240188	7240188	HUMAN_OBSERVATION	iNaturalist	Observations	133990766		jonathan_mack	2022-09-07T01:51:53	CC_BY_NC_4_0	jonathan_mack	jonathan_mack			2025-01-14T12:31:44.587Z	StillImage	COORDINATE_ROUNDED;CONTINENT_DERIVED_FROM_COORDINATES;TAXON_MATCH_TAXON_ID_IGNORED
3902953541	50c9509d-22c7-4a22-a47d-8c48425ef4a7	https://www.inaturalist.org/observations/132207969	Fungi	Basidiomycota	Agaricomycetes	Russulales	Russulaceae	Russula	Russula brevipes		SPECIES	Russula brevipes Peck	Russula brevipes		CA		Ontario	PRESENT		28eb1a3f-1c15-4a95-931a-4af90ecb574d	45.433308	-76.166	10.0						2022-08-24T10:31:37	24	8	2022	7240188	7240188	HUMAN_OBSERVATION	iNaturalist	Observations	132207969		Lynn Ovenden	2022-08-24T23:34:41	CC_BY_NC_4_0	Lynn Ovenden	Lynn Ovenden			2025-01-14T12:31:12.700Z	StillImage	COORDINATE_ROUNDED;CONTINENT_DERIVED_FROM_COORDINATES;TAXON_MATCH_TAXON_ID_IGNORED
3902946419	50c9509d-22c7-4a22-a47d-8c48425ef4a7	https://www.inaturalist.org/observations/132759511	Fungi	Basidiomycota	Agaricomycetes	Russulales	Russulaceae	Russula	Russula brevipes		SPECIES	Russula brevipes Peck	Russula brevipes		CA		New Brunswick	PRESENT		28eb1a3f-1c15-4a95-931a-4af90ecb574d	47.017047	-65.546327	2.0						2022-08-28T13:52	28	8	2022	7240188	7240188	HUMAN_OBSERVATION	iNaturalist	Observations	132759511		Ashley Ann Fishwick	2022-08-30T01:18:18	CC_BY_NC_4_0	Zachary Dowling	Zachary Dowling			2025-01-14T13:19:10.261Z	StillImage	COORDINATE_ROUNDED;CONTINENT_DERIVED_FROM_COORDINATES;TAXON_MATCH_TAXON_ID_IGNORED
3902939323	50c9509d-22c7-4a22-a47d-8c48425ef4a7	https://www.inaturalist.org/observations/133605574	Fungi	Basidiomycota	Agaricomycetes	Russulales	Russulaceae	Russula	Russula brevipes		SPECIES	Russula brevipes Peck	Russula brevipes		CA		Prince Edward Island	PRESENT		28eb1a3f-1c15-4a95-931a-4af90ecb574d	46.693722	-64.077782	20.0						2022-09-02T13:35	2	9	2022	7240188	7240188	HUMAN_OBSERVATION	iNaturalist	Observations	133605574		Rosemary Curley	2022-09-04T13:31:50	CC_BY_NC_4_0	Rosemary Curley	Rosemary Curley			2025-01-14T13:25:25.217Z	StillImage	COORDINATE_ROUNDED;CONTINENT_DERIVED_FROM_COORDINATES;TAXON_MATCH_TAXON_ID_IGNORED
3902523455	50c9509d-22c7-4a22-a47d-8c48425ef4a7	https://www.inaturalist.org/observations/131608537	Fungi	Basidiomycota	Agaricomycetes	Russulales	Russulaceae	Russula	Russula brevipes		SPECIES	Russula brevipes Peck	Russula brevipes		CA		Ontario	PRESENT		28eb1a3f-1c15-4a95-931a-4af90ecb574d	45.199453	-76.238786	122.0						2022-08-20T10:21	20	8	2022	7240188	7240188	HUMAN_OBSERVATION	iNaturalist	Observations	131608537		almonteallisons	2022-08-20T17:26:02	CC_BY_NC_4_0	almonteallisons	almonteallisons			2025-01-14T12:31:09.628Z	StillImage	COORDINATE_ROUNDED;CONTINENT_DERIVED_FROM_COORDINATES;TAXON_MATCH_TAXON_ID_IGNORED
3889127469	50c9509d-22c7-4a22-a47d-8c48425ef4a7	https://www.inaturalist.org/observations/126389495	Fungi	Basidiomycota	Agaricomycetes	Russulales	Russulaceae	Russula	Russula brevipes		SPECIES	Russula brevipes Peck	Russula brevipes		CA		Québec	PRESENT		28eb1a3f-1c15-4a95-931a-4af90ecb574d	45.845638	-76.509538	27095.0						2022-07-13T08:36	13	7	2022	7240188	7240188	HUMAN_OBSERVATION	iNaturalist	Observations	126389495		L Joan Heyding	2022-07-15T20:26:54	CC_BY_NC_4_0	L Joan Heyding	L Joan Heyding			2025-01-14T12:31:40.967Z	StillImage	COORDINATE_ROUNDED;CONTINENT_DERIVED_FROM_COORDINATES;TAXON_MATCH_TAXON_ID_IGNORED
3466536797	50c9509d-22c7-4a22-a47d-8c48425ef4a7	https://www.inaturalist.org/observations/105857586	Fungi	Basidiomycota	Agaricomycetes	Russulales	Russulaceae	Russula	Russula brevipes		SPECIES	Russula brevipes Peck	Russula brevipes		CA		Québec	PRESENT		28eb1a3f-1c15-4a95-931a-4af90ecb574d	45.694042	-72.267028	95.0						2011-09-10T16:27	10	9	2011	7240188	7240188	HUMAN_OBSERVATION	iNaturalist	Observations	105857586		René Faucher	2022-01-30T20:18:52	CC_BY_NC_4_0	René Faucher	René Faucher			2025-01-14T12:25:54.441Z	StillImage	COORDINATE_ROUNDED;CONTINENT_DERIVED_FROM_COORDINATES;TAXON_MATCH_TAXON_ID_IGNORED
3466457743	50c9509d-22c7-4a22-a47d-8c48425ef4a7	https://www.inaturalist.org/observations/105880852	Fungi	Basidiomycota	Agaricomycetes	Russulales	Russulaceae	Russula	Russula brevipes		SPECIES	Russula brevipes Peck	Russula brevipes		CA		Québec	PRESENT		28eb1a3f-1c15-4a95-931a-4af90ecb574d	45.935518	-76.501802	27095.0						2021-09-30T10:00	30	9	2021	7240188	7240188	HUMAN_OBSERVATION	iNaturalist	Observations	105880852		L Joan Heyding	2022-01-31T02:14:02	CC_BY_NC_4_0	L Joan Heyding	L Joan Heyding			2025-01-14T12:25:50.940Z	StillImage	COORDINATE_ROUNDED;CONTINENT_DERIVED_FROM_COORDINATES;TAXON_MATCH_TAXON_ID_IGNORED
3456010674	50c9509d-22c7-4a22-a47d-8c48425ef4a7	https://www.inaturalist.org/observations/56350379	Fungi	Basidiomycota	Agaricomycetes	Russulales	Russulaceae	Russula	Russula brevipes		SPECIES	Russula brevipes Peck	Russula brevipes		CA		Ontario	PRESENT		28eb1a3f-1c15-4a95-931a-4af90ecb574d	45.204538	-76.22431	370.0						2020-08-13T02:10	13	8	2020	7240188	7240188	HUMAN_OBSERVATION	iNaturalist	Observations	56350379		Ken Allison	2020-08-13T19:51:22	CC_BY_NC_4_0	Ken Allison	Ken Allison			2025-01-14T12:14:12.593Z	StillImage	COORDINATE_ROUNDED;CONTINENT_DERIVED_FROM_COORDINATES;TAXON_MATCH_TAXON_ID_IGNORED
3455391923	50c9509d-22c7-4a22-a47d-8c48425ef4a7	https://www.inaturalist.org/observations/89576250	Fungi	Basidiomycota	Agaricomycetes	Russulales	Russulaceae	Russula	Russula brevipes		SPECIES	Russula brevipes Peck	Russula brevipes		CA		Ontario	PRESENT		28eb1a3f-1c15-4a95-931a-4af90ecb574d	45.204282	-76.22312							2021-08-01T11:38	1	8	2021	7240188	7240188	HUMAN_OBSERVATION	iNaturalist	Observations	89576250		Ken Allison	2021-08-02T00:38:30	CC_BY_NC_4_0	Ken Allison	Ken Allison			2025-01-14T13:14:49.188Z	StillImage	COORDINATE_ROUNDED;CONTINENT_DERIVED_FROM_COORDINATES;TAXON_MATCH_TAXON_ID_IGNORED
3415900883	50c9509d-22c7-4a22-a47d-8c48425ef4a7	https://www.inaturalist.org/observations/98599606	Fungi	Basidiomycota	Agaricomycetes	Russulales	Russulaceae	Russula	Russula brevipes		SPECIES	Russula brevipes Peck	Russula brevipes		CA		Québec	PRESENT		28eb1a3f-1c15-4a95-931a-4af90ecb574d	45.392396	-74.183175	1267.0						2021-10-18T08:23:51	18	10	2021	7240188	7240188	HUMAN_OBSERVATION	iNaturalist	Observations	98599606		Jeff Stauffer	2021-11-17T00:38:30	CC_BY_NC_4_0	Bink June	Bink June			2025-01-14T13:15:29.651Z	StillImage	COORDINATE_ROUNDED;CONTINENT_DERIVED_FROM_COORDINATES;TAXON_MATCH_TAXON_ID_IGNORED
3408067769	50c9509d-22c7-4a22-a47d-8c48425ef4a7	https://www.inaturalist.org/observations/99798370	Fungi	Basidiomycota	Agaricomycetes	Russulales	Russulaceae	Russula	Russula brevipes		SPECIES	Russula brevipes Peck	Russula brevipes		CA		Nova Scotia	PRESENT		28eb1a3f-1c15-4a95-931a-4af90ecb574d	45.126061	-64.529695	40.0						2021-10-30T13:38:53	30	10	2021	7240188	7240188	HUMAN_OBSERVATION	iNaturalist	Observations	99798370		Thomas M	2021-10-31T14:52:31	CC_BY_NC_4_0	summer_2005	summer_2005			2025-01-14T13:11:03.155Z	StillImage	COORDINATE_ROUNDED;CONTINENT_DERIVED_FROM_COORDINATES;TAXON_MATCH_TAXON_ID_IGNORED
3399309490	50c9509d-22c7-4a22-a47d-8c48425ef4a7	https://www.inaturalist.org/observations/98724936	Fungi	Basidiomycota	Agaricomycetes	Russulales	Russulaceae	Russula	Russula brevipes		SPECIES	Russula brevipes Peck	Russula brevipes		CA		Ontario	PRESENT		28eb1a3f-1c15-4a95-931a-4af90ecb574d	45.503937	-77.576607	12.0						2021-10-18T15:19	18	10	2021	7240188	7240188	HUMAN_OBSERVATION	iNaturalist	Observations	98724936		bshulist	2021-10-19T18:56:16	CC_BY_NC_4_0	bshulist	bshulist			2025-01-14T13:16:42.684Z	StillImage	COORDINATE_ROUNDED;CONTINENT_DERIVED_FROM_COORDINATES;TAXON_MATCH_TAXON_ID_IGNORED
3391512789	50c9509d-22c7-4a22-a47d-8c48425ef4a7	https://www.inaturalist.org/observations/97682158	Fungi	Basidiomycota	Agaricomycetes	Russulales	Russulaceae	Russula	Russula brevipes		SPECIES	Russula brevipes Peck	Russula brevipes		CA		Ontario	PRESENT		28eb1a3f-1c15-4a95-931a-4af90ecb574d	45.334858	-76.380705	4.0						2021-10-09T11:59:02	9	10	2021	7240188	7240188	HUMAN_OBSERVATION	iNaturalist	Observations	97682158		Derek Dunnett	2021-10-09T19:18:35	CC_BY_NC_4_0	Derek Dunnett	Derek Dunnett			2025-01-14T12:22:04.414Z	StillImage	COORDINATE_ROUNDED;CONTINENT_DERIVED_FROM_COORDINATES;TAXON_MATCH_TAXON_ID_IGNORED
3391509231	50c9509d-22c7-4a22-a47d-8c48425ef4a7	https://www.inaturalist.org/observations/98147843	Fungi	Basidiomycota	Agaricomycetes	Russulales	Russulaceae	Russula	Russula brevipes		SPECIES	Russula brevipes Peck	Russula brevipes		CA		Québec	PRESENT		28eb1a3f-1c15-4a95-931a-4af90ecb574d	45.553112	-75.943864	11657.0						2021-10-11T13:09:48	11	10	2021	7240188	7240188	HUMAN_OBSERVATION	iNaturalist	Observations	98147843		evelynayre	2021-10-13T22:57:49	CC_BY_NC_4_0	evelynayre	evelynayre			2025-01-14T13:12:12.506Z	StillImage	COORDINATE_ROUNDED;CONTINENT_DERIVED_FROM_COORDINATES;TAXON_MATCH_TAXON_ID_IGNORED
3391394998	50c9509d-22c7-4a22-a47d-8c48425ef4a7	https://www.inaturalist.org/observations/97899296	Fungi	Basidiomycota	Agaricomycetes	Russulales	Russulaceae	Russula	Russula brevipes		SPECIES	Russula brevipes Peck	Russula brevipes		CA		Québec	PRESENT		28eb1a3f-1c15-4a95-931a-4af90ecb574d	46.739967	-71.399739	56.0						2021-10-11T09:48:59	11	10	2021	7240188	7240188	HUMAN_OBSERVATION	iNaturalist	Observations	97899296		Camille Boucher	2021-10-11T15:16:54	CC_BY_NC_4_0	Camille Boucher	Camille Boucher			2025-01-14T12:21:50.116Z	StillImage	COORDINATE_ROUNDED;CONTINENT_DERIVED_FROM_COORDINATES;TAXON_MATCH_TAXON_ID_IGNORED
3391314979	50c9509d-22c7-4a22-a47d-8c48425ef4a7	https://www.inaturalist.org/observations/97904549	Fungi	Basidiomycota	Agaricomycetes	Russulales	Russulaceae	Russula	Russula brevipes		SPECIES	Russula brevipes Peck	Russula brevipes		CA		Ontario	PRESENT		28eb1a3f-1c15-4a95-931a-4af90ecb574d	45.442095	-75.182854	31.0						2021-10-10T10:57	10	10	2021	7240188	7240188	HUMAN_OBSERVATION	iNaturalist	Observations	97904549		jonathan_mack	2021-10-11T16:10:55	CC_BY_NC_4_0	jonathan_mack	jonathan_mack			2025-01-14T13:15:29.725Z	StillImage	COORDINATE_ROUNDED;CONTINENT_DERIVED_FROM_COORDINATES;TAXON_MATCH_TAXON_ID_IGNORED
3384639569	50c9509d-22c7-4a22-a47d-8c48425ef4a7	https://www.inaturalist.org/observations/61493667	Fungi	Basidiomycota	Agaricomycetes	Russulales	Russulaceae	Russula	Russula brevipes		SPECIES	Russula brevipes Peck	Russula brevipes		CA		Ontario	PRESENT		28eb1a3f-1c15-4a95-931a-4af90ecb574d	45.403606	-75.558824							2020-09-19T11:22:21	19	9	2020	7240188	7240188	HUMAN_OBSERVATION	iNaturalist	Observations	61493667				CC_BY_NC_4_0	Lindsay Boudreau	Lindsay Boudreau			2025-01-14T13:09:52.430Z	StillImage	CONTINENT_DERIVED_FROM_COORDINATES;TAXON_MATCH_TAXON_ID_IGNORED
3384499132	50c9509d-22c7-4a22-a47d-8c48425ef4a7	https://www.inaturalist.org/observations/96950577	Fungi	Basidiomycota	Agaricomycetes	Russulales	Russulaceae	Russula	Russula brevipes		SPECIES	Russula brevipes Peck	Russula brevipes		CA		Ontario	PRESENT		28eb1a3f-1c15-4a95-931a-4af90ecb574d	45.484853	-76.080894	8.0						2021-10-02T17:50:35	2	10	2021	7240188	7240188	HUMAN_OBSERVATION	iNaturalist	Observations	96950577		Angela Skevington	2021-10-02T22:22:31	CC_BY_NC_4_0	Angela Skevington	Angela Skevington			2025-01-14T12:23:07.538Z	StillImage	COORDINATE_ROUNDED;CONTINENT_DERIVED_FROM_COORDINATES;TAXON_MATCH_TAXON_ID_IGNORED
3384251542	50c9509d-22c7-4a22-a47d-8c48425ef4a7	https://www.inaturalist.org/observations/97375720	Fungi	Basidiomycota	Agaricomycetes	Russulales	Russulaceae	Russula	Russula brevipes		SPECIES	Russula brevipes Peck	Russula brevipes		CA		Québec	PRESENT		28eb1a3f-1c15-4a95-931a-4af90ecb574d	45.512403	-73.582847	5.0						2021-10-06T15:21:42	6	10	2021	7240188	7240188	HUMAN_OBSERVATION	iNaturalist	Observations	97375720		maddyphillips	2021-10-06T19:29:22	CC_BY_NC_4_0	maddyphillips	maddyphillips			2025-01-14T12:22:47.553Z	StillImage	COORDINATE_ROUNDED;CONTINENT_DERIVED_FROM_COORDINATES;TAXON_MATCH_TAXON_ID_IGNORED
3344092097	50c9509d-22c7-4a22-a47d-8c48425ef4a7	https://www.inaturalist.org/observations/92540918	Fungi	Basidiomycota	Agaricomycetes	Russulales	Russulaceae	Russula	Russula brevipes		SPECIES	Russula brevipes Peck	Russula brevipes		CA		Ontario	PRESENT		28eb1a3f-1c15-4a95-931a-4af90ecb574d	45.575508	-78.531975	6.0						2021-08-17T17:20:35	17	8	2021	7240188	7240188	HUMAN_OBSERVATION	iNaturalist	Observations	92540918		Cameron Chevalier	2021-08-26T04:42:55	CC_BY_NC_4_0	Cameron Chevalier	Cameron Chevalier			2025-01-14T12:21:13.570Z	StillImage	COORDINATE_ROUNDED;CONTINENT_DERIVED_FROM_COORDINATES;TAXON_MATCH_TAXON_ID_IGNORED
3343972624	50c9509d-22c7-4a22-a47d-8c48425ef4a7	https://www.inaturalist.org/observations/89791571	Fungi	Basidiomycota	Agaricomycetes	Russulales	Russulaceae	Russula	Russula brevipes		SPECIES	Russula brevipes Peck	Russula brevipes		CA		Ontario	PRESENT		28eb1a3f-1c15-4a95-931a-4af90ecb574d	45.653225	-77.510825	16.0						2021-08-03T11:12:32	3	8	2021	7240188	7240188	HUMAN_OBSERVATION	iNaturalist	Observations	89791571		mindyanng	2021-08-03T16:23:59	CC_BY_NC_4_0	mindyanng	mindyanng			2025-01-14T13:09:57.437Z	StillImage	CONTINENT_DERIVED_FROM_COORDINATES;TAXON_MATCH_TAXON_ID_IGNORED
3337937874	50c9509d-22c7-4a22-a47d-8c48425ef4a7	https://www.inaturalist.org/observations/90535146	Fungi	Basidiomycota	Agaricomycetes	Russulales	Russulaceae	Russula	Russula brevipes		SPECIES	Russula brevipes Peck	Russula brevipes		CA		Québec	PRESENT		28eb1a3f-1c15-4a95-931a-4af90ecb574d	45.656612	-75.677636	9.0						2021-08-09T09:46:29	9	8	2021	7240188	7240188	HUMAN_OBSERVATION	iNaturalist	Observations	90535146		Anthony Gaston	2021-08-09T14:14:50	CC_BY_NC_4_0	Anthony Gaston	Anthony Gaston			2025-01-14T12:21:31.296Z	StillImage	COORDINATE_ROUNDED;CONTINENT_DERIVED_FROM_COORDINATES;TAXON_MATCH_TAXON_ID_IGNORED
3320956046	50c9509d-22c7-4a22-a47d-8c48425ef4a7	https://www.inaturalist.org/observations/84782618	Fungi	Basidiomycota	Agaricomycetes	Russulales	Russulaceae	Russula	Russula brevipes		SPECIES	Russula brevipes Peck	Russula brevipes		CA		Québec	PRESENT		28eb1a3f-1c15-4a95-931a-4af90ecb574d	46.43433	-72.508713	2799.0						2021-06-27T17:37:28	27	6	2021	7240188	7240188	HUMAN_OBSERVATION	iNaturalist	Observations	84782618		Cindy	2021-06-27T23:36:48	CC_BY_NC_4_0	Cindy	Cindy			2025-01-14T12:20:30.687Z	StillImage	COORDINATE_ROUNDED;CONTINENT_DERIVED_FROM_COORDINATES;TAXON_MATCH_TAXON_ID_IGNORED
3044751627	50c9509d-22c7-4a22-a47d-8c48425ef4a7	https://www.inaturalist.org/observations/55451789	Fungi	Basidiomycota	Agaricomycetes	Russulales	Russulaceae	Russula	Russula brevipes		SPECIES	Russula brevipes Peck	Russula brevipes		CA		Québec	PRESENT		28eb1a3f-1c15-4a95-931a-4af90ecb574d	46.091008	-70.813063	6.0						2020-08-02T13:43:08	2	8	2020	7240188	7240188	HUMAN_OBSERVATION	iNaturalist	Observations	55451789		Frederic Desmeules	2020-08-09T19:04:50	CC_BY_NC_4_0	Audrey Cayouette	Audrey Cayouette			2025-01-14T13:09:51.417Z	StillImage	COORDINATE_ROUNDED;CONTINENT_DERIVED_FROM_COORDINATES;TAXON_MATCH_TAXON_ID_IGNORED
3039399584	50c9509d-22c7-4a22-a47d-8c48425ef4a7	https://www.inaturalist.org/observations/54804272	Fungi	Basidiomycota	Agaricomycetes	Russulales	Russulaceae	Russula	Russula brevipes		SPECIES	Russula brevipes Peck	Russula brevipes		CA		New Brunswick	PRESENT		28eb1a3f-1c15-4a95-931a-4af90ecb574d	46.566008	-66.333192	5.0						2020-07-27T12:03:38	27	7	2020	7240188	7240188	HUMAN_OBSERVATION	iNaturalist	Observations	54804272		jbilli	2020-07-30T02:43:59	CC_BY_NC_4_0	jbilli	jbilli			2025-01-14T12:14:47.995Z	StillImage	COORDINATE_ROUNDED;CONTINENT_DERIVED_FROM_COORDINATES;TAXON_MATCH_TAXON_ID_IGNORED
3018015486	50c9509d-22c7-4a22-a47d-8c48425ef4a7	https://www.inaturalist.org/observations/58050747	Fungi	Basidiomycota	Agaricomycetes	Russulales	Russulaceae	Russula	Russula brevipes		SPECIES	Russula brevipes Peck	Russula brevipes		CA		Ontario	PRESENT		28eb1a3f-1c15-4a95-931a-4af90ecb574d	46.302864	-79.161111							2020-08-30T10:13:38	30	8	2020	7240188	7240188	HUMAN_OBSERVATION	iNaturalist	Observations	58050747		Lucas Beaver	2020-08-30T17:34:32	CC_BY_NC_4_0	Lucas Beaver	Lucas Beaver			2025-01-14T12:15:23.974Z	StillImage	COORDINATE_ROUNDED;CONTINENT_DERIVED_FROM_COORDINATES;TAXON_MATCH_TAXON_ID_IGNORED
3005135448	50c9509d-22c7-4a22-a47d-8c48425ef4a7	https://www.inaturalist.org/observations/56354736	Fungi	Basidiomycota	Agaricomycetes	Russulales	Russulaceae	Russula	Russula brevipes		SPECIES	Russula brevipes Peck	Russula brevipes		CA		Ontario	PRESENT		28eb1a3f-1c15-4a95-931a-4af90ecb574d	45.5763	-78.527635							2020-08-10	10	8	2020	7240188	7240188	HUMAN_OBSERVATION	iNaturalist	Observations	56354736		Brad Demers	2020-08-13T20:40:19	CC_BY_NC_4_0	Brad Demers	Brad Demers			2025-01-14T13:09:38.595Z	StillImage	CONTINENT_DERIVED_FROM_COORDINATES;TAXON_MATCH_TAXON_ID_IGNORED
2988601629	50c9509d-22c7-4a22-a47d-8c48425ef4a7	https://www.inaturalist.org/observations/58367253	Fungi	Basidiomycota	Agaricomycetes	Russulales	Russulaceae	Russula	Russula brevipes		SPECIES	Russula brevipes Peck	Russula brevipes		CA		Ontario	PRESENT		28eb1a3f-1c15-4a95-931a-4af90ecb574d	45.204538	-76.22431	370.0						2020-08-27T21:56	27	8	2020	7240188	7240188	HUMAN_OBSERVATION	iNaturalist	Observations	58367253		Ken Allison	2020-09-02T21:57:25	CC_BY_NC_4_0	Ken Allison	Ken Allison			2025-01-14T13:03:32.297Z	StillImage	COORDINATE_ROUNDED;CONTINENT_DERIVED_FROM_COORDINATES;TAXON_MATCH_TAXON_ID_IGNORED
2901613142	50c9509d-22c7-4a22-a47d-8c48425ef4a7	https://www.inaturalist.org/observations/63141751	Fungi	Basidiomycota	Agaricomycetes	Russulales	Russulaceae	Russula	Russula brevipes		SPECIES	Russula brevipes Peck	Russula brevipes		CA		Nova Scotia	PRESENT		28eb1a3f-1c15-4a95-931a-4af90ecb574d	45.084108	-64.368394	128.0						2020-10-20T08:47:34	20	10	2020	7240188	7240188	HUMAN_OBSERVATION	iNaturalist	Observations	63141751		Dr. Allison Walker	2020-10-21T02:57:33	CC_BY_NC_4_0	Dr. Allison Walker	Dr. Allison Walker			2025-01-14T13:10:49.584Z	StillImage	COORDINATE_ROUNDED;CONTINENT_DERIVED_FROM_COORDINATES;TAXON_MATCH_TAXON_ID_IGNORED
2898482713	50c9509d-22c7-4a22-a47d-8c48425ef4a7	https://www.inaturalist.org/observations/62200280	Fungi	Basidiomycota	Agaricomycetes	Russulales	Russulaceae	Russula	Russula brevipes		SPECIES	Russula brevipes Peck	Russula brevipes		CA		Ontario	PRESENT		28eb1a3f-1c15-4a95-931a-4af90ecb574d	45.050771	-79.096125	1405.0						2020-10-10T11:13:08	10	10	2020	7240188	7240188	HUMAN_OBSERVATION	iNaturalist	Observations	62200280		bryangmacdonald	2020-10-10T15:13:32	CC_BY_NC_4_0	bryangmacdonald	bryangmacdonald			2025-01-14T12:16:09.255Z	StillImage	COORDINATE_ROUNDED;CONTINENT_DERIVED_FROM_COORDINATES;TAXON_MATCH_TAXON_ID_IGNORED
2883055402	50c9509d-22c7-4a22-a47d-8c48425ef4a7	https://www.inaturalist.org/observations/61776019	Fungi	Basidiomycota	Agaricomycetes	Russulales	Russulaceae	Russula	Russula brevipes		SPECIES	Russula brevipes Peck	Russula brevipes		CA		Ontario	PRESENT		28eb1a3f-1c15-4a95-931a-4af90ecb574d	45.551633	-74.417839	448.0						2020-10-04T15:11:49	4	10	2020	7240188	7240188	HUMAN_OBSERVATION	iNaturalist	Observations	61776019		Lynn Ovenden	2020-10-05T13:53:09	CC_BY_NC_4_0	Lynn Ovenden	Lynn Ovenden			2025-01-14T12:15:15.296Z	StillImage	COORDINATE_ROUNDED;CONTINENT_DERIVED_FROM_COORDINATES;TAXON_MATCH_TAXON_ID_IGNORED
2868194288	50c9509d-22c7-4a22-a47d-8c48425ef4a7	https://www.inaturalist.org/observations/60276107	Fungi	Basidiomycota	Agaricomycetes	Russulales	Russulaceae	Russula	Russula brevipes		SPECIES	Russula brevipes Peck	Russula brevipes		CA		Ontario	PRESENT		28eb1a3f-1c15-4a95-931a-4af90ecb574d	45.364208	-75.526372							2020-09-20T15:43	20	9	2020	7240188	7240188	HUMAN_OBSERVATION	iNaturalist	Observations	60276107		jonathan_mack	2020-09-21T01:48:57	CC_BY_NC_4_0	jonathan_mack	jonathan_mack			2025-01-14T12:14:45.224Z	StillImage	COORDINATE_ROUNDED;CONTINENT_DERIVED_FROM_COORDINATES;TAXON_MATCH_TAXON_ID_IGNORED
2864792879	50c9509d-22c7-4a22-a47d-8c48425ef4a7	https://www.inaturalist.org/observations/59405797	Fungi	Basidiomycota	Agaricomycetes	Russulales	Russulaceae	Russula	Russula brevipes		SPECIES	Russula brevipes Peck	Russula brevipes		CA		Ontario	PRESENT		28eb1a3f-1c15-4a95-931a-4af90ecb574d	45.508055	-75.336701	181.0						2020-09-12T23:07	12	9	2020	7240188	7240188	HUMAN_OBSERVATION	iNaturalist	Observations	59405797		Mike Leveille	2020-09-13T03:08:59	CC_BY_NC_4_0	Mike Leveille	Mike Leveille			2025-01-14T13:12:49.223Z	StillImage	COORDINATE_ROUNDED;CONTINENT_DERIVED_FROM_COORDINATES;TAXON_MATCH_TAXON_ID_IGNORED
2864730555	50c9509d-22c7-4a22-a47d-8c48425ef4a7	https://www.inaturalist.org/observations/58379321	Fungi	Basidiomycota	Agaricomycetes	Russulales	Russulaceae	Russula	Russula brevipes		SPECIES	Russula brevipes Peck	Russula brevipes		CA		Ontario	PRESENT		28eb1a3f-1c15-4a95-931a-4af90ecb574d	45.520075	-78.736472	5408.0						2020-09-01T12:00:13	1	9	2020	7240188	7240188	HUMAN_OBSERVATION	iNaturalist	Observations	58379321		Sarah Lamond	2020-09-03T13:01:28	CC_BY_NC_4_0	curiositypete	curiositypete			2025-01-14T12:14:32.320Z	StillImage	COORDINATE_ROUNDED;CONTINENT_DERIVED_FROM_COORDINATES;TAXON_MATCH_TAXON_ID_IGNORED
2862565599	50c9509d-22c7-4a22-a47d-8c48425ef4a7	https://www.inaturalist.org/observations/58510451	Fungi	Basidiomycota	Agaricomycetes	Russulales	Russulaceae	Russula	Russula brevipes		SPECIES	Russula brevipes Peck	Russula brevipes		CA		Québec	PRESENT		28eb1a3f-1c15-4a95-931a-4af90ecb574d	45.600206	-75.925633	6.0						2020-09-04T11:24:18	4	9	2020	7240188	7240188	HUMAN_OBSERVATION	iNaturalist	Observations	58510451		vivienratcliffe	2020-09-04T15:25:04	CC_BY_NC_4_0	vivienratcliffe	vivienratcliffe			2025-01-14T12:15:26.094Z	StillImage	COORDINATE_ROUNDED;CONTINENT_DERIVED_FROM_COORDINATES;TAXON_MATCH_TAXON_ID_IGNORED
2862516952	50c9509d-22c7-4a22-a47d-8c48425ef4a7	https://www.inaturalist.org/observations/58796277	Fungi	Basidiomycota	Agaricomycetes	Russulales	Russulaceae	Russula	Russula brevipes		SPECIES	Russula brevipes Peck	Russula brevipes		CA		Québec	PRESENT		28eb1a3f-1c15-4a95-931a-4af90ecb574d	45.777443	-76.382403	152.0						2020-09-06T16:01:16	6	9	2020	7240188	7240188	HUMAN_OBSERVATION	iNaturalist	Observations	58796277		Susan Carrington	2020-09-07T01:44:40	CC_BY_NC_4_0	Susan Carrington	Susan Carrington			2025-01-14T13:04:06.955Z	StillImage	COORDINATE_ROUNDED;CONTINENT_DERIVED_FROM_COORDINATES;TAXON_MATCH_TAXON_ID_IGNORED
2862284699	50c9509d-22c7-4a22-a47d-8c48425ef4a7	https://www.inaturalist.org/observations/58595833	Fungi	Basidiomycota	Agaricomycetes	Russulales	Russulaceae	Russula	Russula brevipes		SPECIES	Russula brevipes Peck	Russula brevipes		CA		Ontario	PRESENT		28eb1a3f-1c15-4a95-931a-4af90ecb574d	45.478598	-78.376612	335.0						2020-09-02T16:23	2	9	2020	7240188	7240188	HUMAN_OBSERVATION	iNaturalist	Observations	58595833		Adrienne Ockenden	2020-09-05T13:30:47	CC_BY_NC_4_0	Adrienne Ockenden	Adrienne Ockenden			2025-01-14T12:15:32.099Z	StillImage	COORDINATE_ROUNDED;CONTINENT_DERIVED_FROM_COORDINATES;TAXON_MATCH_TAXON_ID_IGNORED
2856535236	50c9509d-22c7-4a22-a47d-8c48425ef4a7	https://www.inaturalist.org/observations/57548866	Fungi	Basidiomycota	Agaricomycetes	Russulales	Russulaceae	Russula	Russula brevipes		SPECIES	Russula brevipes Peck	Russula brevipes		CA		Québec	PRESENT		28eb1a3f-1c15-4a95-931a-4af90ecb574d	46.476514	-73.134203							2020-08-24T17:07:52Z	24	8	2020	7240188	7240188	HUMAN_OBSERVATION	iNaturalist	Observations	57548866		insectman	2020-08-25T15:15:17	CC_BY_NC_4_0	insectman	insectman			2025-01-14T12:15:23.991Z	StillImage	COORDINATE_ROUNDED;CONTINENT_DERIVED_FROM_COORDINATES;TAXON_MATCH_TAXON_ID_IGNORED
2851107278	50c9509d-22c7-4a22-a47d-8c48425ef4a7	https://www.inaturalist.org/observations/56133277	Fungi	Basidiomycota	Agaricomycetes	Russulales	Russulaceae	Russula	Russula brevipes		SPECIES	Russula brevipes Peck	Russula brevipes		CA		Québec	PRESENT		28eb1a3f-1c15-4a95-931a-4af90ecb574d	46.254249	-75.80303	5005.0						2020-08-11T11:31:07	11	8	2020	7240188	7240188	HUMAN_OBSERVATION	iNaturalist	Observations	56133277		julieshutterbug	2020-08-11T15:33:15	CC_BY_NC_4_0	julieshutterbug	julieshutterbug			2025-01-14T13:09:26.049Z	StillImage	COORDINATE_ROUNDED;CONTINENT_DERIVED_FROM_COORDINATES;TAXON_MATCH_TAXON_ID_IGNORED
2851071072	50c9509d-22c7-4a22-a47d-8c48425ef4a7	https://www.inaturalist.org/observations/55936272	Fungi	Basidiomycota	Agaricomycetes	Russulales	Russulaceae	Russula	Russula brevipes		SPECIES	Russula brevipes Peck	Russula brevipes		CA		Québec	PRESENT		28eb1a3f-1c15-4a95-931a-4af90ecb574d	45.196721	-72.564321	1053.0						2020-08-09T13:38:58	9	8	2020	7240188	7240188	HUMAN_OBSERVATION	iNaturalist	Observations	55936272		patchfarm	2020-08-09T17:41:47	CC_BY_NC_4_0	patchfarm	patchfarm			2025-01-14T12:14:07.691Z	StillImage	COORDINATE_ROUNDED;CONTINENT_DERIVED_FROM_COORDINATES;TAXON_MATCH_TAXON_ID_IGNORED
2851026334	50c9509d-22c7-4a22-a47d-8c48425ef4a7	https://www.inaturalist.org/observations/55493803	Fungi	Basidiomycota	Agaricomycetes	Russulales	Russulaceae	Russula	Russula brevipes		SPECIES	Russula brevipes Peck	Russula brevipes		CA		Québec	PRESENT		28eb1a3f-1c15-4a95-931a-4af90ecb574d	46.091903	-74.285432	5.0						2020-08-05T10:43:05	5	8	2020	7240188	7240188	HUMAN_OBSERVATION	iNaturalist	Observations	55493803		k8morgan	2020-08-05T14:48:42	CC_BY_NC_4_0	k8morgan	k8morgan			2025-01-14T13:04:36.700Z	StillImage	COORDINATE_ROUNDED;CONTINENT_DERIVED_FROM_COORDINATES;TAXON_MATCH_TAXON_ID_IGNORED
2850750444	50c9509d-22c7-4a22-a47d-8c48425ef4a7	https://www.inaturalist.org/observations/56244291	Fungi	Basidiomycota	Agaricomycetes	Russulales	Russulaceae	Russula	Russula brevipes		SPECIES	Russula brevipes Peck	Russula brevipes		CA		Québec	PRESENT		28eb1a3f-1c15-4a95-931a-4af90ecb574d	45.428813	-73.941391	189.0						2020-08-12T10:34	12	8	2020	7240188	7240188	HUMAN_OBSERVATION	iNaturalist	Observations	56244291		Frederic Desmeules	2020-08-16T12:31:38	CC_BY_NC_4_0	inspector_crow	inspector_crow			2025-01-14T13:09:25.149Z	StillImage	COORDINATE_ROUNDED;CONTINENT_DERIVED_FROM_COORDINATES;TAXON_MATCH_TAXON_ID_IGNORED
2850663274	50c9509d-22c7-4a22-a47d-8c48425ef4a7	https://www.inaturalist.org/observations/56157296	Fungi	Basidiomycota	Agaricomycetes	Russulales	Russulaceae	Russula	Russula brevipes		SPECIES	Russula brevipes Peck	Russula brevipes		CA		Ontario	PRESENT		28eb1a3f-1c15-4a95-931a-4af90ecb574d	45.155041	-75.884048							2020-08-11T13:05:39	11	8	2020	7240188	7240188	HUMAN_OBSERVATION	iNaturalist	Observations	56157296		Hugo Basurto	2020-08-12T00:43:24	CC_BY_4_0	Alexis Williams	Alexis Williams			2025-01-14T12:14:12.379Z	StillImage	COORDINATE_ROUNDED;CONTINENT_DERIVED_FROM_COORDINATES;TAXON_MATCH_TAXON_ID_IGNORED
2826346911	50c9509d-22c7-4a22-a47d-8c48425ef4a7	https://www.inaturalist.org/observations/54916903	Fungi	Basidiomycota	Agaricomycetes	Russulales	Russulaceae	Russula	Russula brevipes		SPECIES	Russula brevipes Peck	Russula brevipes		CA		Québec	PRESENT		28eb1a3f-1c15-4a95-931a-4af90ecb574d	45.44452	-73.601732	193.0						2019-09-20T10:58	20	9	2019	7240188	7240188	HUMAN_OBSERVATION	iNaturalist	Observations	54916903		Frederic Desmeules	2020-08-02T03:39:11	CC_BY_NC_4_0	ornitholarocque	ornitholarocque			2025-01-14T13:09:33.416Z	StillImage	COORDINATE_ROUNDED;CONTINENT_DERIVED_FROM_COORDINATES;TAXON_MATCH_TAXON_ID_IGNORED
2826338775	50c9509d-22c7-4a22-a47d-8c48425ef4a7	https://www.inaturalist.org/observations/54800217	Fungi	Basidiomycota	Agaricomycetes	Russulales	Russulaceae	Russula	Russula brevipes		SPECIES	Russula brevipes Peck	Russula brevipes		CA		Québec	PRESENT		28eb1a3f-1c15-4a95-931a-4af90ecb574d	47.693814	-70.259461	7534.0						2020-07-29T16:52:14	29	7	2020	7240188	7240188	HUMAN_OBSERVATION	iNaturalist	Observations	54800217		juniorcarrier	2020-07-30T01:53:59	CC_BY_NC_4_0	juniorcarrier	juniorcarrier			2025-01-14T12:14:25.332Z	StillImage	COORDINATE_ROUNDED;CONTINENT_DERIVED_FROM_COORDINATES;TAXON_MATCH_TAXON_ID_IGNORED
2603276508	50c9509d-22c7-4a22-a47d-8c48425ef4a7	https://www.inaturalist.org/observations/15159011	Fungi	Basidiomycota	Agaricomycetes	Russulales	Russulaceae	Russula	Russula brevipes		SPECIES	Russula brevipes Peck	Russula brevipes		CA		New Brunswick	PRESENT		28eb1a3f-1c15-4a95-931a-4af90ecb574d	45.983745	-66.757363							2018-08-05T17:01	5	8	2018	7240188	7240188	HUMAN_OBSERVATION	iNaturalist	Observations	15159011		Ken Ramey	2018-08-06T03:26:55	CC_BY_NC_4_0	Ken Ramey	Ken Ramey			2025-01-14T12:59:54.511Z	StillImage	COORDINATE_ROUNDED;CONTINENT_DERIVED_FROM_COORDINATES;TAXON_MATCH_TAXON_ID_IGNORED
2451594611	50c9509d-22c7-4a22-a47d-8c48425ef4a7	https://www.inaturalist.org/observations/33666880	Fungi	Basidiomycota	Agaricomycetes	Russulales	Russulaceae	Russula	Russula brevipes		SPECIES	Russula brevipes Peck	Russula brevipes		CA		New Brunswick	PRESENT		28eb1a3f-1c15-4a95-931a-4af90ecb574d	45.689533	-67.728462							2019-09-30T12:23:48	30	9	2019	7240188	7240188	HUMAN_OBSERVATION	iNaturalist	Observations	33666880		else	2019-11-02T22:51:57	CC_BY_4_0	Bex Goreham	Bex Goreham			2025-01-14T13:03:38.218Z	StillImage	COORDINATE_ROUNDED;CONTINENT_DERIVED_FROM_COORDINATES;TAXON_MATCH_TAXON_ID_IGNORED
2429283710	50c9509d-22c7-4a22-a47d-8c48425ef4a7	https://www.inaturalist.org/observations/33535743	Fungi	Basidiomycota	Agaricomycetes	Russulales	Russulaceae	Russula	Russula brevipes		SPECIES	Russula brevipes Peck	Russula brevipes		CA		Ontario	PRESENT		28eb1a3f-1c15-4a95-931a-4af90ecb574d	45.578362	-78.508308							2019-09-28T12:00:05	28	9	2019	7240188	7240188	HUMAN_OBSERVATION	iNaturalist	Observations	33535743		Basil Conlin	2019-09-28T22:06:14	CC_BY_NC_4_0	Alana Kras	Alana Kras			2025-01-14T13:04:35.094Z	StillImage	COORDINATE_ROUNDED;CONTINENT_DERIVED_FROM_COORDINATES;TAXON_MATCH_TAXON_ID_IGNORED
2423614680	21705170-d2b6-42de-8904-c3bca4b83591	CMMF020426	Fungi	Basidiomycota	Agaricomycetes	Russulales	Russulaceae	Russula	Russula brevipes		SPECIES	Russula brevipes Peck	Russula brevipes Peck	Peck	CA	Station de biologie des Laurentide, Université de Montréal, St-Hippolyte: Quadrat 8	Québec	PRESENT		ff7bd5db-b724-4932-b496-10ea298851f9	45.988108	-74.005679	25000.0		341.0				1987-09-06	6	9	1987	7240188	7240188	PRESERVED_SPECIMEN	Université de Montréal Biodiversity Centre	CMMF	CMMF020426	Q8.609.21			CC0_1_0	Université de Montréal Biodiversity Centre	Nantel, Patrick; Marois, Nathalie			2024-01-24T16:38:15.853Z		INSTITUTION_MATCH_FUZZY;COLLECTION_MATCH_FUZZY;DIFFERENT_OWNER_INSTITUTION
2423613336	21705170-d2b6-42de-8904-c3bca4b83591	CMMF018871	Fungi	Basidiomycota	Agaricomycetes	Russulales	Russulaceae	Russula	Russula brevipes		SPECIES	Russula brevipes Peck	Russula brevipes Peck	Peck	CA	Sentier lac Geai.	Québec	PRESENT		ff7bd5db-b724-4932-b496-10ea298851f9	45.991697	-73.997854	750.0						1987-07-27	27	7	1987	7240188	7240188	PRESERVED_SPECIMEN	Université de Montréal Biodiversity Centre	CMMF	CMMF018871	s.n.	Nantel, Patrick		CC0_1_0	Université de Montréal Biodiversity Centre	Nantel, Patrick			2024-01-24T16:38:18.696Z		INSTITUTION_MATCH_FUZZY;COLLECTION_MATCH_FUZZY;DIFFERENT_OWNER_INSTITUTION
2423613226	21705170-d2b6-42de-8904-c3bca4b83591	CMMF020413	Fungi	Basidiomycota	Agaricomycetes	Russulales	Russulaceae	Russula	Russula brevipes		SPECIES	Russula brevipes Peck	Russula brevipes Peck	Peck	CA	Station de biologie des Laurentide, Université de Montréal, St-Hippolyte: Quadrat 8	Québec	PRESENT		ff7bd5db-b724-4932-b496-10ea298851f9	45.988108	-74.005679	25000.0		341.0				1987-07-26	26	7	1987	7240188	7240188	PRESERVED_SPECIMEN	Université de Montréal Biodiversity Centre	CMMF	CMMF020413	Q8.2607.9			CC0_1_0	Université de Montréal Biodiversity Centre	Nantel, Patrick; Marois, Nathalie			2024-01-24T16:38:15.836Z		INSTITUTION_MATCH_FUZZY;COLLECTION_MATCH_FUZZY;DIFFERENT_OWNER_INSTITUTION
2331821998	50c9509d-22c7-4a22-a47d-8c48425ef4a7	https://www.inaturalist.org/observations/10232699	Fungi	Basidiomycota	Agaricomycetes	Russulales	Russulaceae	Russula	Russula brevipes		SPECIES	Russula brevipes Peck	Russula brevipes		CA		Ontario	PRESENT		28eb1a3f-1c15-4a95-931a-4af90ecb574d	45.660127	-78.684082	15625.0						2017-09-15T23:20	15	9	2017	7240188	7240188	HUMAN_OBSERVATION	iNaturalist	Observations	10232699		Basil Conlin	2018-03-14T16:21:30	CC_BY_NC_4_0	Basil Conlin	Basil Conlin			2025-01-14T12:57:49.102Z	StillImage	COORDINATE_ROUNDED;CONTINENT_DERIVED_FROM_COORDINATES;TAXON_MATCH_TAXON_ID_IGNORED
1987943289	ca1bcd7e-7387-42f9-81ba-1470db55e3e8	B549D0DB-0881-AD4F-B609-2B3211DE44A7	Fungi	Basidiomycota	Agaricomycetes	Russulales	Russulaceae	Russula	Russula brevipes		SPECIES	Russula brevipes Peck	Russula brevipes	Peck	CA	Amherst Point Bird Sanctuary, Sackville	New Brunswick	PRESENT		b542788f-0dc2-4a2b-b652-fceced449591	45.883333	-64.366667							2003-09		9	2003	7240188	7240188	PRESERVED_SPECIMEN	BBM	UBC	F023863	Sackville B-30	T. Goward		CC0_1_0	The University of British Columbia	T. Goward			2024-11-19T11:23:57.169Z		GEODETIC_DATUM_ASSUMED_WGS84;CONTINENT_DERIVED_FROM_COORDINATES;INSTITUTION_MATCH_FUZZY
1949983244	50c9509d-22c7-4a22-a47d-8c48425ef4a7	https://www.inaturalist.org/observations/17467812	Fungi	Basidiomycota	Agaricomycetes	Russulales	Russulaceae	Russula	Russula brevipes		SPECIES	Russula brevipes Peck	Russula brevipes		CA		Ontario	PRESENT		28eb1a3f-1c15-4a95-931a-4af90ecb574d	45.479767	-76.076605	16.0						2018-10-13T11:46:42	13	10	2018	7240188	7240188	HUMAN_OBSERVATION	iNaturalist	Observations	17467812		Jeffrey H. Skevington	2018-10-13T16:56:14	CC_BY_NC_4_0	Jeffrey H. Skevington	Jeffrey H. Skevington			2025-01-14T12:06:41.141Z	StillImage	COORDINATE_ROUNDED;CONTINENT_DERIVED_FROM_COORDINATES;TAXON_MATCH_TAXON_ID_IGNORED
1931516331	50c9509d-22c7-4a22-a47d-8c48425ef4a7	https://www.inaturalist.org/observations/17566557	Fungi	Basidiomycota	Agaricomycetes	Russulales	Russulaceae	Russula	Russula brevipes		SPECIES	Russula brevipes Peck	Russula brevipes		CA		Ontario	PRESENT		28eb1a3f-1c15-4a95-931a-4af90ecb574d	45.888135	-77.637627	535.0						2018-09-18T11:40	18	9	2018	7240188	7240188	HUMAN_OBSERVATION	iNaturalist	Observations	17566557		Basil Conlin	2018-10-16T18:26:25	CC_BY_4_0	alicia penney	alicia penney			2025-01-14T12:06:14.006Z	StillImage	COORDINATE_ROUNDED;CONTINENT_DERIVED_FROM_COORDINATES;TAXON_MATCH_TAXON_ID_IGNORED
1931179464	d415c253-4d61-4459-9d25-4015b9084fb0	f1376424-b1b8-4e74-abf4-a826caf9263d	Fungi	Basidiomycota	Agaricomycetes	Russulales	Russulaceae	Russula	Russula brevipes		SPECIES	Russula brevipes Peck	Russula brevipes Peck	Peck	CA		Quebec	PRESENT		ae447c50-b8a8-11d8-92a4-b8a03c50a862	49.166667	-65.916667							1967-07-24	24	7	1967	7240188	7240188	PRESERVED_SPECIMEN	NY	NY	618711	5530	R. L. Shaffer		CC0_1_0	The New York Botanical Garden	R. L. Shaffer			2024-12-25T06:21:22.547Z		GEODETIC_DATUM_ASSUMED_WGS84;MODIFIED_DATE_INVALID
1913191657	50c9509d-22c7-4a22-a47d-8c48425ef4a7	https://www.inaturalist.org/observations/16452072	Fungi	Basidiomycota	Agaricomycetes	Russulales	Russulaceae	Russula	Russula brevipes		SPECIES	Russula brevipes Peck	Russula brevipes		CA		New Brunswick	PRESENT		28eb1a3f-1c15-4a95-931a-4af90ecb574d	47.548757	-64.941084	15.0						2018-09-12T13:59	12	9	2018	7240188	7240188	HUMAN_OBSERVATION	iNaturalist	Observations	16452072		Lewnanny Richardson	2018-09-12T15:01:30	CC_BY_NC_4_0	Lewnanny Richardson	Lewnanny Richardson			2025-01-14T12:58:14.244Z	StillImage	COORDINATE_ROUNDED;CONTINENT_DERIVED_FROM_COORDINATES;TAXON_MATCH_TAXON_ID_IGNORED
1847647503	50c9509d-22c7-4a22-a47d-8c48425ef4a7	https://www.inaturalist.org/observations/9595215	Fungi	Basidiomycota	Agaricomycetes	Russulales	Russulaceae	Russula	Russula brevipes		SPECIES	Russula brevipes Peck	Russula brevipes		CA		Ontario	PRESENT		28eb1a3f-1c15-4a95-931a-4af90ecb574d	45.69085	-78.32155	84661.0						2017-09-22	22	9	2017	7240188	7240188	HUMAN_OBSERVATION	iNaturalist	Observations	9595215		mycowalt	2018-01-24T03:40:56	CC_BY_NC_4_0	mycowalt	mycowalt			2025-01-14T12:59:20.008Z	StillImage	CONTINENT_DERIVED_FROM_COORDINATES;TAXON_MATCH_TAXON_ID_IGNORED
1847646965	50c9509d-22c7-4a22-a47d-8c48425ef4a7	https://www.inaturalist.org/observations/9592471	Fungi	Basidiomycota	Agaricomycetes	Russulales	Russulaceae	Russula	Russula brevipes	acrior	VARIETY	Russula brevipes var. acrior Shaffer	Russula brevipes acrior		CA		Ontario	PRESENT		28eb1a3f-1c15-4a95-931a-4af90ecb574d	45.5794	-78.51955	385.0						2016-09-16	16	9	2016	3360156	7240188	HUMAN_OBSERVATION	iNaturalist	Observations	9592471		mycowalt	2018-01-24T01:00:40	CC_BY_NC_4_0	mycowalt	mycowalt			2025-01-14T12:58:09.221Z	StillImage	CONTINENT_DERIVED_FROM_COORDINATES;TAXON_MATCH_TAXON_ID_IGNORED
1847646579	50c9509d-22c7-4a22-a47d-8c48425ef4a7	https://www.inaturalist.org/observations/9590913	Fungi	Basidiomycota	Agaricomycetes	Russulales	Russulaceae	Russula	Russula brevipes		SPECIES	Russula brevipes Peck	Russula brevipes		CA		Ontario	PRESENT		28eb1a3f-1c15-4a95-931a-4af90ecb574d	45.69085	-78.32155	84661.0						2015-09-15	15	9	2015	7240188	7240188	HUMAN_OBSERVATION	iNaturalist	Observations	9590913		mycowalt	2018-01-23T22:56:42	CC_BY_NC_4_0	mycowalt	mycowalt			2025-01-14T12:04:21.407Z	StillImage	CONTINENT_DERIVED_FROM_COORDINATES;TAXON_MATCH_TAXON_ID_IGNORED
1847644748	50c9509d-22c7-4a22-a47d-8c48425ef4a7	https://www.inaturalist.org/observations/9571995	Fungi	Basidiomycota	Agaricomycetes	Russulales	Russulaceae	Russula	Russula brevipes		SPECIES	Russula brevipes Peck	Russula brevipes		CA		Ontario	PRESENT		28eb1a3f-1c15-4a95-931a-4af90ecb574d	45.5794	-78.51955	385.0						2012-09-21	21	9	2012	7240188	7240188	HUMAN_OBSERVATION	iNaturalist	Observations	9571995		mycowalt	2018-01-23T07:42:49	CC_BY_NC_4_0	mycowalt	mycowalt			2025-01-14T12:05:27.407Z	StillImage	CONTINENT_DERIVED_FROM_COORDINATES;TAXON_MATCH_TAXON_ID_IGNORED
1807282337	50c9509d-22c7-4a22-a47d-8c48425ef4a7	https://www.inaturalist.org/observations/9595135	Fungi	Basidiomycota	Agaricomycetes	Russulales	Russulaceae	Russula	Russula brevipes		SPECIES	Russula brevipes Peck	Russula brevipes		CA		Ontario	PRESENT		28eb1a3f-1c15-4a95-931a-4af90ecb574d	45.69085	-78.32155	84661.0						2017-09-25	25	9	2017	7240188	7240188	HUMAN_OBSERVATION	iNaturalist	Observations	9595135		mycowalt	2018-01-24T03:36:49	CC_BY_NC_4_0	mycowalt	mycowalt			2025-01-14T12:05:19.769Z	StillImage	CONTINENT_DERIVED_FROM_COORDINATES;TAXON_MATCH_TAXON_ID_IGNORED
1453218160	50c9509d-22c7-4a22-a47d-8c48425ef4a7	http://www.inaturalist.org/observations/4574347	Fungi	Basidiomycota	Agaricomycetes	Russulales	Russulaceae	Russula	Russula brevipes		SPECIES	Russula brevipes Peck	Russula brevipes		CA		Ontario	PRESENT		28eb1a3f-1c15-4a95-931a-4af90ecb574d	45.55397	-78.59676	1519.0						2016-11-11T21:31	11	11	2016	7240188	7240188	HUMAN_OBSERVATION	iNaturalist	Observations	4574347		Leanne Wallis	2016-11-19T01:11:16	CC_BY_NC_4_0	Heather Pickard	Heather Pickard			2025-01-14T12:02:58.652Z	StillImage	CONTINENT_DERIVED_FROM_COORDINATES;TAXON_MATCH_TAXON_ID_IGNORED
1412709330	21705170-d2b6-42de-8904-c3bca4b83591	CMMF017802	Fungi	Basidiomycota	Agaricomycetes	Russulales	Russulaceae	Russula	Russula brevipes		SPECIES	Russula brevipes Peck	Russula brevipes Peck	Peck	CA	Arboretum Morgan C, Québec.	Québec	PRESENT		ff7bd5db-b724-4932-b496-10ea298851f9	45.43	-73.946667	2500.0						1980-07-31	31	7	1980	7240188	7240188	PRESERVED_SPECIMEN	Université de Montréal Biodiversity Centre	CMMF	CMMF017802	1980-295	McNeil, Raymond		CC0_1_0	Université de Montréal Biodiversity Centre	Haméon, G.			2024-01-24T16:38:16.683Z		COORDINATE_ROUNDED;INSTITUTION_MATCH_FUZZY;COLLECTION_MATCH_FUZZY;DIFFERENT_OWNER_INSTITUTION
1135071086	21705170-d2b6-42de-8904-c3bca4b83591	CMMF009565	Fungi	Basidiomycota	Agaricomycetes	Russulales	Russulaceae	Russula	Russula brevipes		SPECIES	Russula brevipes Peck	Russula brevipes Peck	Peck	CA	Parc des Moulins, Québec.	Québec	PRESENT		ff7bd5db-b724-4932-b496-10ea298851f9	46.887678	-71.301288	600.0						2007-07-19	19	7	2007	7240188	7240188	PRESERVED_SPECIMEN	Université de Montréal Biodiversity Centre	CMMF	CMMF009565	1149	Labrecque, Jacqueline		CC0_1_0	Université de Montréal Biodiversity Centre	Labrecque, Jacqueline			2024-01-24T16:38:21.705Z		INSTITUTION_MATCH_FUZZY;COLLECTION_MATCH_FUZZY;DIFFERENT_OWNER_INSTITUTION
1135069768	21705170-d2b6-42de-8904-c3bca4b83591	CMMF008270	Fungi	Basidiomycota	Agaricomycetes	Russulales	Russulaceae	Russula	Russula brevipes		SPECIES	Russula brevipes Peck	Russula brevipes Peck	Peck	CA	Parc de la Gaspésie (sortie sud)	Québec	PRESENT		ff7bd5db-b724-4932-b496-10ea298851f9	48.856883	-66.20075	100.0						2005-08-14	14	8	2005	7240188	7240188	PRESERVED_SPECIMEN	Université de Montréal Biodiversity Centre	CMMF	CMMF008270	C2357	McNeil, Raymond		CC0_1_0	Université de Montréal Biodiversity Centre	McNeil, Raymond			2024-01-24T16:38:18.321Z	StillImage	COORDINATE_ROUNDED;INSTITUTION_MATCH_FUZZY;COLLECTION_MATCH_FUZZY;DIFFERENT_OWNER_INSTITUTION
1135069698	21705170-d2b6-42de-8904-c3bca4b83591	CMMF008226	Fungi	Basidiomycota	Agaricomycetes	Russulales	Russulaceae	Russula	Russula brevipes		SPECIES	Russula brevipes Peck	Russula brevipes Peck	Peck	CA	Matane	Québec	PRESENT		ff7bd5db-b724-4932-b496-10ea298851f9	48.821667	-67.537667	100.0						2005-09-02	2	9	2005	7240188	7240188	PRESERVED_SPECIMEN	Université de Montréal Biodiversity Centre	CMMF	CMMF008226	C2396	McNeil, Raymond		CC0_1_0	Université de Montréal Biodiversity Centre	McNeil, Raymond			2024-01-24T16:38:18.293Z	StillImage	COORDINATE_ROUNDED;INSTITUTION_MATCH_FUZZY;COLLECTION_MATCH_FUZZY;DIFFERENT_OWNER_INSTITUTION
1135069031	21705170-d2b6-42de-8904-c3bca4b83591	CMMF007564	Fungi	Basidiomycota	Agaricomycetes	Russulales	Russulaceae	Russula	Russula brevipes		SPECIES	Russula brevipes Peck	Russula brevipes Peck	Peck	CA	Tracy	Québec	PRESENT		ff7bd5db-b724-4932-b496-10ea298851f9	45.974167	-73.177433	100.0						2007-10-01	1	10	2007	7240188	7240188	PRESERVED_SPECIMEN	Université de Montréal Biodiversity Centre	CMMF	CMMF007564	Inexistant	McNeil, Raymond		CC0_1_0	Université de Montréal Biodiversity Centre	McNeil, Raymond			2024-01-24T16:38:15.991Z	StillImage	COORDINATE_ROUNDED;INSTITUTION_MATCH_FUZZY;COLLECTION_MATCH_FUZZY;DIFFERENT_OWNER_INSTITUTION
1135068603	21705170-d2b6-42de-8904-c3bca4b83591	CMMF007121	Fungi	Basidiomycota	Agaricomycetes	Russulales	Russulaceae	Russula	Russula brevipes		SPECIES	Russula brevipes Peck	Russula brevipes Peck	Peck	CA	Mirabel (Chemin de la Rivière du Nord)	Québec	PRESENT		ff7bd5db-b724-4932-b496-10ea298851f9	45.683917	-74.2185	100.0						2005-09-09	9	9	2005	7240188	7240188	PRESERVED_SPECIMEN	Université de Montréal Biodiversity Centre	CMMF	CMMF007121	C2428	McNeil, Raymond		CC0_1_0	Université de Montréal Biodiversity Centre	McNeil, Raymond			2024-01-24T16:38:21.183Z	StillImage	COORDINATE_ROUNDED;INSTITUTION_MATCH_FUZZY;COLLECTION_MATCH_FUZZY;DIFFERENT_OWNER_INSTITUTION
1135067530	21705170-d2b6-42de-8904-c3bca4b83591	CMMF006039	Fungi	Basidiomycota	Agaricomycetes	Russulales	Russulaceae	Russula	Russula brevipes		SPECIES	Russula brevipes Peck	Russula brevipes Peck	Peck	CA	Châteauguay (Centre écologique Fernand-Seguin)	Québec	PRESENT		ff7bd5db-b724-4932-b496-10ea298851f9	45.33983	-73.773917	100.0						2013-10-02	2	10	2013	7240188	7240188	PRESERVED_SPECIMEN	Université de Montréal Biodiversity Centre	CMMF	CMMF006039	C4324	McNeil, Raymond		CC0_1_0	Université de Montréal Biodiversity Centre	McNeil, Raymond			2024-01-24T16:38:18.001Z	StillImage	COORDINATE_ROUNDED;INSTITUTION_MATCH_FUZZY;COLLECTION_MATCH_FUZZY;DIFFERENT_OWNER_INSTITUTION
1024558668	21705170-d2b6-42de-8904-c3bca4b83591	CMMF004156	Fungi	Basidiomycota	Agaricomycetes	Russulales	Russulaceae	Russula	Russula brevipes		SPECIES	Russula brevipes Peck	Russula brevipes Peck	Peck	CA	Réserve écologique du Boisé-des-Muir, Hinchinbrooke.	Québec	PRESENT		ff7bd5db-b724-4932-b496-10ea298851f9	45.084546	-74.115426	10.0						2011-08-30	30	8	2011	7240188	7240188	PRESERVED_SPECIMEN	Université de Montréal Biodiversity Centre	CMMF	CMMF004156	136	Lebeuf, Renée		CC0_1_0	Université de Montréal Biodiversity Centre	Archambault, Raymond; Lebeuf, Renée			2024-01-24T16:38:18.599Z		INSTITUTION_MATCH_FUZZY;COLLECTION_MATCH_FUZZY;DIFFERENT_OWNER_INSTITUTION
